2026-10-06 19:41:18,532 - mmdet - INFO - Environment info:
------------------------------------------------------------
sys.platform: linux
Python: 3.12.3 (main, Jun 19 2026, 12:46:00) [GCC 13.3.0]
CUDA available: True
GPU 0,1,2,3,4,5,6,7: NVIDIA H100 80GB HBM3
CUDA_HOME: /usr/local/cuda
NVCC: Build cuda_13.0.r13.0/compiler.36424714_0
GCC: gcc (Ubuntu 13.3.0-6ubuntu2~24.04.1) 13.3.0
PyTorch: 2.13.0+cu130
PyTorch compiling details: PyTorch built with:
  - GCC 13.3
  - C++ Version: 202002
  - Intel(R) oneAPI Math Kernel Library Version 2024.2-Product Build 20240605 for Intel(R) 64 architecture applications
  - Intel(R) MKL-DNN v3.12.0 (Git Hash 80afa71049cd69a3df32adcccb623b12cd7baa22)
  - OpenMP 201511 (a.k.a. OpenMP 4.5)
  - LAPACK is enabled (usually provided by MKL)
  - NNPACK is enabled
  - CPU capability usage: AVX512
  - CUDA Runtime 13.0
  - NVCC architecture flags: -gencode;arch=compute_75,code=sm_75;-gencode;arch=compute_80,code=sm_80;-gencode;arch=compute_86,code=sm_86;-gencode;arch=compute_90,code=sm_90;-gencode;arch=compute_100,code=sm_100;-gencode;arch=compute_120,code=sm_120
  - CuDNN 92.0  (built against CUDA 13.2)
  - Magma 2.6.1
  - Build settings: BLAS_INFO=mkl, BUILD_TYPE=Release, COMMIT_SHA=cf30153c4c131c8164ee7798e5022d810682e2cb, CUDA_FLAGS= -DLIBCUDACXX_ENABLE_SIMPLIFIED_COMPLEX_OPERATIONS -Xfatbin -compress-all -DONNX_NAMESPACE=onnx_torch -gencode arch=compute_75,code=sm_75 -gencode arch=compute_80,code=sm_80 -gencode arch=compute_86,code=sm_86 -gencode arch=compute_90,code=sm_90 -gencode arch=compute_100,code=sm_100 -gencode arch=compute_120,code=sm_120 -Xcudafe --diag_suppress=cc_clobber_ignored,--diag_suppress=field_without_dll_interface,--diag_suppress=base_class_has_different_dll_interface,--diag_suppress=dll_interface_conflict_none_assumed,--diag_suppress=dll_interface_conflict_dllexport_assumed,--diag_suppress=bad_friend_decl --expt-relaxed-constexpr --expt-extended-lambda -Xfatbin -compress-all --threads 2 -compress-mode=size -Wno-deprecated-gpu-targets --expt-extended-lambda -DCUB_WRAPPED_NAMESPACE=at_cuda_detail -DDISABLE_CUSPARSE_DEPRECATED -DCUDA_HAS_FP16=1 -D__CUDA_NO_HALF_OPERATORS__ -D__CUDA_NO_HALF_CONVERSIONS__ -D__CUDA_NO_HALF2_OPERATORS__ -D__CUDA_NO_BFLOAT16_CONVERSIONS__ -DC10_NODEPRECATED, CUDA_VERSION=13.0, CUDNN_VERSION=9.20.0, CXX_COMPILER=/opt/rh/gcc-toolset-13/root/usr/bin/c++, CXX_FLAGS= -fvisibility-inlines-hidden -DUSE_PTHREADPOOL -DNDEBUG -DUSE_KINETO -DHAS_CUPTI -DUSE_FBGEMM -DUSE_MSLK -DUSE_PYTORCH_QNNPACK -DSYMBOLICATE_MOBILE_DEBUG_HANDLE -O2 -fPIC -DC10_NODEPRECATED -Wall -Wextra -Werror=return-type -Werror=non-virtual-dtor -Werror=range-loop-construct -Werror=bool-operation -Wnarrowing -Wno-missing-field-initializers -Wno-unknown-pragmas -Wno-unused-parameter -Wno-strict-overflow -Wno-strict-aliasing -Wno-stringop-overflow -Wsuggest-override -Wno-psabi -Wno-error=old-style-cast -faligned-new -Wno-maybe-uninitialized -fno-math-errno -fno-trapping-math -Werror=format -Wno-dangling-reference -Wno-error=dangling-reference -Wno-stringop-overflow, LAPACK_INFO=mkl, PERF_WITH_AVX=1, PERF_WITH_AVX2=1, TORCH_VERSION=2.13.0, USE_CUDA=1, USE_CUDNN=ON, USE_CUSPARSELT=1, USE_GFLAGS=OFF, USE_GLOG=OFF, USE_GLOO=ON, USE_MKL=ON, USE_MKLDNN=ON, USE_MPI=OFF, USE_NCCL=ON, USE_NNPACK=ON, USE_OPENMP=ON, USE_ROCM=OFF, USE_ROCM_KERNEL_ASSERT=OFF, USE_XCCL=OFF, USE_XPU=OFF, 

TorchVision: 0.28.0+cu130
OpenCV: 4.11.0
MMCV: 1.4.0
MMCV Compiler: n/a (scrfd_shim: mmcv compiled without ops)
MMCV CUDA Compiler: n/a (scrfd_shim: mmcv compiled without ops)
MMDetection: 2.7.0+
------------------------------------------------------------

2026-10-06 19:41:18,765 - mmdet - INFO - Distributed training: True
2026-10-06 19:41:18,874 - mmdet - INFO - Config:
optimizer = dict(type='SGD', lr=0.0001, momentum=0.9, weight_decay=0.0005)
optimizer_config = dict(
    type='GradientCumulativeOptimizerHook', cumulative_iters=1, grad_clip=None)
lr_config = dict(
    policy='step',
    warmup='linear',
    warmup_iters=200,
    warmup_ratio=0.001,
    step=[5])
total_epochs = 6
checkpoint_config = dict(interval=1)
log_config = dict(interval=50, hooks=[dict(type='TextLoggerHook')])
dist_params = dict(backend='nccl')
log_level = 'INFO'
load_from = '/mnt/cachefs/esteban/pii/runs/train/wd_armAI34_fluence/epoch_80.pth'
work_dir = '/mnt/cachefs/esteban/pii/runs/train/wd_armBC34_fluence'
resume_from = None
workflow = [('train', 1)]
dataset_type = 'RetinaFaceDataset'
data_root = 'data/retinaface/'
train_root = 'data/retinaface/train/'
val_root = 'data/retinaface/val/'
img_norm_cfg = dict(
    mean=[127.5, 127.5, 127.5], std=[128.0, 128.0, 128.0], to_rgb=True)
train_pipeline = [
    dict(type='LoadImageFromFile', to_float32=True),
    dict(type='LoadAnnotations', with_bbox=True, with_keypoints=True),
    dict(
        type='RandomSquareCrop',
        crop_choice=[0.3, 0.45, 0.6, 0.8, 1.0, 1.2, 1.4, 1.6, 1.8, 2.0],
        bbox_clip_border=False),
    dict(
        type='Resize',
        img_scale=(640, 640),
        keep_ratio=False,
        bbox_clip_border=False),
    dict(type='RandomFlip', flip_ratio=0.5),
    dict(
        type='PhotoMetricDistortion',
        brightness_delta=32,
        contrast_range=(0.5, 1.5),
        saturation_range=(0.5, 1.5),
        hue_delta=18),
    dict(
        type='Normalize',
        mean=[127.5, 127.5, 127.5],
        std=[128.0, 128.0, 128.0],
        to_rgb=True),
    dict(type='DefaultFormatBundle'),
    dict(
        type='Collect',
        keys=[
            'img', 'gt_bboxes', 'gt_labels', 'gt_bboxes_ignore',
            'gt_keypointss'
        ])
]
test_pipeline = [
    dict(type='LoadImageFromFile'),
    dict(
        type='MultiScaleFlipAug',
        img_scale=(640, 640),
        flip=False,
        transforms=[
            dict(type='Resize', keep_ratio=True),
            dict(type='RandomFlip', flip_ratio=0.0),
            dict(
                type='Normalize',
                mean=[127.5, 127.5, 127.5],
                std=[128.0, 128.0, 128.0],
                to_rgb=True),
            dict(type='Pad', size=(640, 640), pad_val=0),
            dict(type='ImageToTensor', keys=['img']),
            dict(type='Collect', keys=['img'])
        ])
]
data = dict(
    samples_per_gpu=8,
    workers_per_gpu=16,
    train=dict(
        type='ConcatDataset',
        datasets=[
            dict(
                type='RetinaFaceDataset',
                ann_file='data/mix_ds/train_Z6.txt',
                img_prefix='data/mix_ds/images/',
                pipeline=[
                    dict(type='LoadImageFromFile', to_float32=True),
                    dict(
                        type='LoadAnnotations',
                        with_bbox=True,
                        with_keypoints=True),
                    dict(
                        type='RandomSquareCrop',
                        crop_choice=[
                            0.3, 0.45, 0.6, 0.8, 1.0, 1.2, 1.4, 1.6, 1.8, 2.0
                        ],
                        bbox_clip_border=False),
                    dict(
                        type='Resize',
                        img_scale=(640, 640),
                        keep_ratio=False,
                        bbox_clip_border=False),
                    dict(type='RandomFlip', flip_ratio=0.5),
                    dict(
                        type='PhotoMetricDistortion',
                        brightness_delta=32,
                        contrast_range=(0.5, 1.5),
                        saturation_range=(0.5, 1.5),
                        hue_delta=18),
                    dict(
                        type='Normalize',
                        mean=[127.5, 127.5, 127.5],
                        std=[128.0, 128.0, 128.0],
                        to_rgb=True),
                    dict(type='DefaultFormatBundle'),
                    dict(
                        type='Collect',
                        keys=[
                            'img', 'gt_bboxes', 'gt_labels',
                            'gt_bboxes_ignore', 'gt_keypointss'
                        ])
                ]),
            dict(
                type='RepeatDataset',
                times=4,
                dataset=dict(
                    type='RetinaFaceDataset',
                    ann_file='data/mix_ds/train_FD.txt',
                    img_prefix='data/mix_ds/images/',
                    pipeline=[
                        dict(type='LoadImageFromFile', to_float32=True),
                        dict(
                            type='LoadAnnotations',
                            with_bbox=True,
                            with_keypoints=True),
                        dict(
                            type='RandomSquareCrop',
                            crop_choice=[
                                0.3, 0.45, 0.6, 0.8, 1.0, 1.2, 1.4, 1.6, 1.8,
                                2.0
                            ],
                            bbox_clip_border=False),
                        dict(
                            type='Resize',
                            img_scale=(640, 640),
                            keep_ratio=False,
                            bbox_clip_border=False),
                        dict(type='RandomFlip', flip_ratio=0.5),
                        dict(
                            type='PhotoMetricDistortion',
                            brightness_delta=32,
                            contrast_range=(0.5, 1.5),
                            saturation_range=(0.5, 1.5),
                            hue_delta=18),
                        dict(
                            type='Normalize',
                            mean=[127.5, 127.5, 127.5],
                            std=[128.0, 128.0, 128.0],
                            to_rgb=True),
                        dict(type='DefaultFormatBundle'),
                        dict(
                            type='Collect',
                            keys=[
                                'img', 'gt_bboxes', 'gt_labels',
                                'gt_bboxes_ignore', 'gt_keypointss'
                            ])
                    ]))
        ]),
    val=dict(
        type='RetinaFaceDataset',
        ann_file='/data/liangzhenghao/face_pii/raw_ds/val/labelv2.txt',
        img_prefix='/data/liangzhenghao/face_pii/raw_ds/images/',
        pipeline=[
            dict(type='LoadImageFromFile'),
            dict(
                type='MultiScaleFlipAug',
                img_scale=(640, 640),
                flip=False,
                transforms=[
                    dict(type='Resize', keep_ratio=True),
                    dict(type='RandomFlip', flip_ratio=0.0),
                    dict(
                        type='Normalize',
                        mean=[127.5, 127.5, 127.5],
                        std=[128.0, 128.0, 128.0],
                        to_rgb=True),
                    dict(type='Pad', size=(640, 640), pad_val=0),
                    dict(type='ImageToTensor', keys=['img']),
                    dict(type='Collect', keys=['img'])
                ])
        ]),
    test=dict(
        type='RetinaFaceDataset',
        ann_file='/data/liangzhenghao/face_pii/raw_ds/val/labelv2.txt',
        img_prefix='/data/liangzhenghao/face_pii/raw_ds/images/',
        pipeline=[
            dict(type='LoadImageFromFile'),
            dict(
                type='MultiScaleFlipAug',
                img_scale=(640, 640),
                flip=False,
                transforms=[
                    dict(type='Resize', keep_ratio=True),
                    dict(type='RandomFlip', flip_ratio=0.0),
                    dict(
                        type='Normalize',
                        mean=[127.5, 127.5, 127.5],
                        std=[128.0, 128.0, 128.0],
                        to_rgb=True),
                    dict(type='Pad', size=(640, 640), pad_val=0),
                    dict(type='ImageToTensor', keys=['img']),
                    dict(type='Collect', keys=['img'])
                ])
        ]))
train_cfg = dict(
    assigner=dict(type='ATSSAssigner', topk=9, ignore_iof_thr=0.5),
    allowed_border=-1,
    pos_weight=-1,
    debug=False,
    neg_weight_zero_prefix='/pii',
    neg_weight_full_substrings=['BTJPSP', 'NQYJPB'],
    neg_weight_pii=0.5,
    qscore='one')
test_cfg = dict(
    nms_pre=-1,
    min_bbox_size=0,
    score_thr=0.02,
    nms=dict(type='nms', iou_threshold=0.45),
    max_per_img=-1)
model = dict(
    type='SCRFD',
    backbone=dict(
        type='ResNetV1e',
        depth=0,
        block_cfg=dict(
            block='Bottleneck',
            stage_blocks=(17, 16, 2, 8),
            stage_planes=[56, 56, 144, 184]),
        base_channels=56,
        num_stages=4,
        out_indices=(0, 1, 2, 3),
        norm_cfg=dict(type='BN', requires_grad=True),
        norm_eval=False,
        style='pytorch'),
    neck=dict(
        type='PAFPN',
        in_channels=[224, 224, 576, 736],
        out_channels=128,
        start_level=1,
        add_extra_convs='on_output',
        num_outs=3),
    bbox_head=dict(
        type='SCRFDHead',
        num_classes=1,
        in_channels=128,
        stacked_convs=2,
        feat_channels=256,
        norm_cfg=dict(type='GN', num_groups=32, requires_grad=True),
        cls_reg_share=True,
        strides_share=True,
        scale_mode=2,
        anchor_generator=dict(
            type='AnchorGenerator',
            ratios=[1.0],
            scales=[1, 2],
            base_sizes=[16, 64, 256],
            strides=[8, 16, 32]),
        loss_cls=dict(
            type='QualityFocalLoss',
            use_sigmoid=True,
            beta=2.0,
            loss_weight=1.0),
        loss_dfl=False,
        reg_max=8,
        loss_bbox=dict(type='DIoULoss', loss_weight=2.0),
        use_kps=True,
        loss_kps=dict(
            type='SmoothL1Loss', beta=0.1111111111111111, loss_weight=0.1),
        train_cfg=dict(
            assigner=dict(type='ATSSAssigner', topk=9, ignore_iof_thr=0.5),
            allowed_border=-1,
            pos_weight=-1,
            debug=False,
            neg_weight_zero_prefix='/pii',
            neg_weight_full_substrings=['BTJPSP', 'NQYJPB'],
            neg_weight_pii=0.5,
            qscore='one'),
        test_cfg=dict(
            nms_pre=-1,
            min_bbox_size=0,
            score_thr=0.02,
            nms=dict(type='nms', iou_threshold=0.45),
            max_per_img=-1)))
evaluation = dict(interval=10000, metric='mAP')
custom_hooks = [
    dict(
        type='EMAHook', momentum=0.0002, interval=1, warm_up=100, priority=49)
]
gpu_ids = range(0, 8)

2026-10-06 19:41:29,166 - mmdet - INFO - load checkpoint from local path: /mnt/cachefs/esteban/pii/runs/train/wd_armAI34_fluence/epoch_80.pth
2026-10-06 19:41:29,421 - mmdet - WARNING - The model and loaded state dict do not match exactly

unexpected key in source state_dict: ema_backbone_stem_0_weight, ema_backbone_stem_1_weight, ema_backbone_stem_1_bias, ema_backbone_stem_3_weight, ema_backbone_stem_4_weight, ema_backbone_stem_4_bias, ema_backbone_stem_6_weight, ema_backbone_stem_7_weight, ema_backbone_stem_7_bias, ema_backbone_layer1_0_conv1_weight, ema_backbone_layer1_0_bn1_weight, ema_backbone_layer1_0_bn1_bias, ema_backbone_layer1_0_conv2_weight, ema_backbone_layer1_0_bn2_weight, ema_backbone_layer1_0_bn2_bias, ema_backbone_layer1_0_conv3_weight, ema_backbone_layer1_0_bn3_weight, ema_backbone_layer1_0_bn3_bias, ema_backbone_layer1_0_downsample_1_weight, ema_backbone_layer1_0_downsample_2_weight, ema_backbone_layer1_0_downsample_2_bias, ema_backbone_layer1_1_conv1_weight, ema_backbone_layer1_1_bn1_weight, ema_backbone_layer1_1_bn1_bias, ema_backbone_layer1_1_conv2_weight, ema_backbone_layer1_1_bn2_weight, ema_backbone_layer1_1_bn2_bias, ema_backbone_layer1_1_conv3_weight, ema_backbone_layer1_1_bn3_weight, ema_backbone_layer1_1_bn3_bias, ema_backbone_layer1_2_conv1_weight, ema_backbone_layer1_2_bn1_weight, ema_backbone_layer1_2_bn1_bias, ema_backbone_layer1_2_conv2_weight, ema_backbone_layer1_2_bn2_weight, ema_backbone_layer1_2_bn2_bias, ema_backbone_layer1_2_conv3_weight, ema_backbone_layer1_2_bn3_weight, ema_backbone_layer1_2_bn3_bias, ema_backbone_layer1_3_conv1_weight, ema_backbone_layer1_3_bn1_weight, ema_backbone_layer1_3_bn1_bias, ema_backbone_layer1_3_conv2_weight, ema_backbone_layer1_3_bn2_weight, ema_backbone_layer1_3_bn2_bias, ema_backbone_layer1_3_conv3_weight, ema_backbone_layer1_3_bn3_weight, ema_backbone_layer1_3_bn3_bias, ema_backbone_layer1_4_conv1_weight, ema_backbone_layer1_4_bn1_weight, ema_backbone_layer1_4_bn1_bias, ema_backbone_layer1_4_conv2_weight, ema_backbone_layer1_4_bn2_weight, ema_backbone_layer1_4_bn2_bias, ema_backbone_layer1_4_conv3_weight, ema_backbone_layer1_4_bn3_weight, ema_backbone_layer1_4_bn3_bias, ema_backbone_layer1_5_conv1_weight, ema_backbone_layer1_5_bn1_weight, ema_backbone_layer1_5_bn1_bias, ema_backbone_layer1_5_conv2_weight, ema_backbone_layer1_5_bn2_weight, ema_backbone_layer1_5_bn2_bias, ema_backbone_layer1_5_conv3_weight, ema_backbone_layer1_5_bn3_weight, ema_backbone_layer1_5_bn3_bias, ema_backbone_layer1_6_conv1_weight, ema_backbone_layer1_6_bn1_weight, ema_backbone_layer1_6_bn1_bias, ema_backbone_layer1_6_conv2_weight, ema_backbone_layer1_6_bn2_weight, ema_backbone_layer1_6_bn2_bias, ema_backbone_layer1_6_conv3_weight, ema_backbone_layer1_6_bn3_weight, ema_backbone_layer1_6_bn3_bias, ema_backbone_layer1_7_conv1_weight, ema_backbone_layer1_7_bn1_weight, ema_backbone_layer1_7_bn1_bias, ema_backbone_layer1_7_conv2_weight, ema_backbone_layer1_7_bn2_weight, ema_backbone_layer1_7_bn2_bias, ema_backbone_layer1_7_conv3_weight, ema_backbone_layer1_7_bn3_weight, ema_backbone_layer1_7_bn3_bias, ema_backbone_layer1_8_conv1_weight, ema_backbone_layer1_8_bn1_weight, ema_backbone_layer1_8_bn1_bias, ema_backbone_layer1_8_conv2_weight, ema_backbone_layer1_8_bn2_weight, ema_backbone_layer1_8_bn2_bias, ema_backbone_layer1_8_conv3_weight, ema_backbone_layer1_8_bn3_weight, ema_backbone_layer1_8_bn3_bias, ema_backbone_layer1_9_conv1_weight, ema_backbone_layer1_9_bn1_weight, ema_backbone_layer1_9_bn1_bias, ema_backbone_layer1_9_conv2_weight, ema_backbone_layer1_9_bn2_weight, ema_backbone_layer1_9_bn2_bias, ema_backbone_layer1_9_conv3_weight, ema_backbone_layer1_9_bn3_weight, ema_backbone_layer1_9_bn3_bias, ema_backbone_layer1_10_conv1_weight, ema_backbone_layer1_10_bn1_weight, ema_backbone_layer1_10_bn1_bias, ema_backbone_layer1_10_conv2_weight, ema_backbone_layer1_10_bn2_weight, ema_backbone_layer1_10_bn2_bias, ema_backbone_layer1_10_conv3_weight, ema_backbone_layer1_10_bn3_weight, ema_backbone_layer1_10_bn3_bias, ema_backbone_layer1_11_conv1_weight, ema_backbone_layer1_11_bn1_weight, ema_backbone_layer1_11_bn1_bias, ema_backbone_layer1_11_conv2_weight, ema_backbone_layer1_11_bn2_weight, ema_backbone_layer1_11_bn2_bias, ema_backbone_layer1_11_conv3_weight, ema_backbone_layer1_11_bn3_weight, ema_backbone_layer1_11_bn3_bias, ema_backbone_layer1_12_conv1_weight, ema_backbone_layer1_12_bn1_weight, ema_backbone_layer1_12_bn1_bias, ema_backbone_layer1_12_conv2_weight, ema_backbone_layer1_12_bn2_weight, ema_backbone_layer1_12_bn2_bias, ema_backbone_layer1_12_conv3_weight, ema_backbone_layer1_12_bn3_weight, ema_backbone_layer1_12_bn3_bias, ema_backbone_layer1_13_conv1_weight, ema_backbone_layer1_13_bn1_weight, ema_backbone_layer1_13_bn1_bias, ema_backbone_layer1_13_conv2_weight, ema_backbone_layer1_13_bn2_weight, ema_backbone_layer1_13_bn2_bias, ema_backbone_layer1_13_conv3_weight, ema_backbone_layer1_13_bn3_weight, ema_backbone_layer1_13_bn3_bias, ema_backbone_layer1_14_conv1_weight, ema_backbone_layer1_14_bn1_weight, ema_backbone_layer1_14_bn1_bias, ema_backbone_layer1_14_conv2_weight, ema_backbone_layer1_14_bn2_weight, ema_backbone_layer1_14_bn2_bias, ema_backbone_layer1_14_conv3_weight, ema_backbone_layer1_14_bn3_weight, ema_backbone_layer1_14_bn3_bias, ema_backbone_layer1_15_conv1_weight, ema_backbone_layer1_15_bn1_weight, ema_backbone_layer1_15_bn1_bias, ema_backbone_layer1_15_conv2_weight, ema_backbone_layer1_15_bn2_weight, ema_backbone_layer1_15_bn2_bias, ema_backbone_layer1_15_conv3_weight, ema_backbone_layer1_15_bn3_weight, ema_backbone_layer1_15_bn3_bias, ema_backbone_layer1_16_conv1_weight, ema_backbone_layer1_16_bn1_weight, ema_backbone_layer1_16_bn1_bias, ema_backbone_layer1_16_conv2_weight, ema_backbone_layer1_16_bn2_weight, ema_backbone_layer1_16_bn2_bias, ema_backbone_layer1_16_conv3_weight, ema_backbone_layer1_16_bn3_weight, ema_backbone_layer1_16_bn3_bias, ema_backbone_layer2_0_conv1_weight, ema_backbone_layer2_0_bn1_weight, ema_backbone_layer2_0_bn1_bias, ema_backbone_layer2_0_conv2_weight, ema_backbone_layer2_0_bn2_weight, ema_backbone_layer2_0_bn2_bias, ema_backbone_layer2_0_conv3_weight, ema_backbone_layer2_0_bn3_weight, ema_backbone_layer2_0_bn3_bias, ema_backbone_layer2_0_downsample_1_weight, ema_backbone_layer2_0_downsample_2_weight, ema_backbone_layer2_0_downsample_2_bias, ema_backbone_layer2_1_conv1_weight, ema_backbone_layer2_1_bn1_weight, ema_backbone_layer2_1_bn1_bias, ema_backbone_layer2_1_conv2_weight, ema_backbone_layer2_1_bn2_weight, ema_backbone_layer2_1_bn2_bias, ema_backbone_layer2_1_conv3_weight, ema_backbone_layer2_1_bn3_weight, ema_backbone_layer2_1_bn3_bias, ema_backbone_layer2_2_conv1_weight, ema_backbone_layer2_2_bn1_weight, ema_backbone_layer2_2_bn1_bias, ema_backbone_layer2_2_conv2_weight, ema_backbone_layer2_2_bn2_weight, ema_backbone_layer2_2_bn2_bias, ema_backbone_layer2_2_conv3_weight, ema_backbone_layer2_2_bn3_weight, ema_backbone_layer2_2_bn3_bias, ema_backbone_layer2_3_conv1_weight, ema_backbone_layer2_3_bn1_weight, ema_backbone_layer2_3_bn1_bias, ema_backbone_layer2_3_conv2_weight, ema_backbone_layer2_3_bn2_weight, ema_backbone_layer2_3_bn2_bias, ema_backbone_layer2_3_conv3_weight, ema_backbone_layer2_3_bn3_weight, ema_backbone_layer2_3_bn3_bias, ema_backbone_layer2_4_conv1_weight, ema_backbone_layer2_4_bn1_weight, ema_backbone_layer2_4_bn1_bias, ema_backbone_layer2_4_conv2_weight, ema_backbone_layer2_4_bn2_weight, ema_backbone_layer2_4_bn2_bias, ema_backbone_layer2_4_conv3_weight, ema_backbone_layer2_4_bn3_weight, ema_backbone_layer2_4_bn3_bias, ema_backbone_layer2_5_conv1_weight, ema_backbone_layer2_5_bn1_weight, ema_backbone_layer2_5_bn1_bias, ema_backbone_layer2_5_conv2_weight, ema_backbone_layer2_5_bn2_weight, ema_backbone_layer2_5_bn2_bias, ema_backbone_layer2_5_conv3_weight, ema_backbone_layer2_5_bn3_weight, ema_backbone_layer2_5_bn3_bias, ema_backbone_layer2_6_conv1_weight, ema_backbone_layer2_6_bn1_weight, ema_backbone_layer2_6_bn1_bias, ema_backbone_layer2_6_conv2_weight, ema_backbone_layer2_6_bn2_weight, ema_backbone_layer2_6_bn2_bias, ema_backbone_layer2_6_conv3_weight, ema_backbone_layer2_6_bn3_weight, ema_backbone_layer2_6_bn3_bias, ema_backbone_layer2_7_conv1_weight, ema_backbone_layer2_7_bn1_weight, ema_backbone_layer2_7_bn1_bias, ema_backbone_layer2_7_conv2_weight, ema_backbone_layer2_7_bn2_weight, ema_backbone_layer2_7_bn2_bias, ema_backbone_layer2_7_conv3_weight, ema_backbone_layer2_7_bn3_weight, ema_backbone_layer2_7_bn3_bias, ema_backbone_layer2_8_conv1_weight, ema_backbone_layer2_8_bn1_weight, ema_backbone_layer2_8_bn1_bias, ema_backbone_layer2_8_conv2_weight, ema_backbone_layer2_8_bn2_weight, ema_backbone_layer2_8_bn2_bias, ema_backbone_layer2_8_conv3_weight, ema_backbone_layer2_8_bn3_weight, ema_backbone_layer2_8_bn3_bias, ema_backbone_layer2_9_conv1_weight, ema_backbone_layer2_9_bn1_weight, ema_backbone_layer2_9_bn1_bias, ema_backbone_layer2_9_conv2_weight, ema_backbone_layer2_9_bn2_weight, ema_backbone_layer2_9_bn2_bias, ema_backbone_layer2_9_conv3_weight, ema_backbone_layer2_9_bn3_weight, ema_backbone_layer2_9_bn3_bias, ema_backbone_layer2_10_conv1_weight, ema_backbone_layer2_10_bn1_weight, ema_backbone_layer2_10_bn1_bias, ema_backbone_layer2_10_conv2_weight, ema_backbone_layer2_10_bn2_weight, ema_backbone_layer2_10_bn2_bias, ema_backbone_layer2_10_conv3_weight, ema_backbone_layer2_10_bn3_weight, ema_backbone_layer2_10_bn3_bias, ema_backbone_layer2_11_conv1_weight, ema_backbone_layer2_11_bn1_weight, ema_backbone_layer2_11_bn1_bias, ema_backbone_layer2_11_conv2_weight, ema_backbone_layer2_11_bn2_weight, ema_backbone_layer2_11_bn2_bias, ema_backbone_layer2_11_conv3_weight, ema_backbone_layer2_11_bn3_weight, ema_backbone_layer2_11_bn3_bias, ema_backbone_layer2_12_conv1_weight, ema_backbone_layer2_12_bn1_weight, ema_backbone_layer2_12_bn1_bias, ema_backbone_layer2_12_conv2_weight, ema_backbone_layer2_12_bn2_weight, ema_backbone_layer2_12_bn2_bias, ema_backbone_layer2_12_conv3_weight, ema_backbone_layer2_12_bn3_weight, ema_backbone_layer2_12_bn3_bias, ema_backbone_layer2_13_conv1_weight, ema_backbone_layer2_13_bn1_weight, ema_backbone_layer2_13_bn1_bias, ema_backbone_layer2_13_conv2_weight, ema_backbone_layer2_13_bn2_weight, ema_backbone_layer2_13_bn2_bias, ema_backbone_layer2_13_conv3_weight, ema_backbone_layer2_13_bn3_weight, ema_backbone_layer2_13_bn3_bias, ema_backbone_layer2_14_conv1_weight, ema_backbone_layer2_14_bn1_weight, ema_backbone_layer2_14_bn1_bias, ema_backbone_layer2_14_conv2_weight, ema_backbone_layer2_14_bn2_weight, ema_backbone_layer2_14_bn2_bias, ema_backbone_layer2_14_conv3_weight, ema_backbone_layer2_14_bn3_weight, ema_backbone_layer2_14_bn3_bias, ema_backbone_layer2_15_conv1_weight, ema_backbone_layer2_15_bn1_weight, ema_backbone_layer2_15_bn1_bias, ema_backbone_layer2_15_conv2_weight, ema_backbone_layer2_15_bn2_weight, ema_backbone_layer2_15_bn2_bias, ema_backbone_layer2_15_conv3_weight, ema_backbone_layer2_15_bn3_weight, ema_backbone_layer2_15_bn3_bias, ema_backbone_layer3_0_conv1_weight, ema_backbone_layer3_0_bn1_weight, ema_backbone_layer3_0_bn1_bias, ema_backbone_layer3_0_conv2_weight, ema_backbone_layer3_0_bn2_weight, ema_backbone_layer3_0_bn2_bias, ema_backbone_layer3_0_conv3_weight, ema_backbone_layer3_0_bn3_weight, ema_backbone_layer3_0_bn3_bias, ema_backbone_layer3_0_downsample_1_weight, ema_backbone_layer3_0_downsample_2_weight, ema_backbone_layer3_0_downsample_2_bias, ema_backbone_layer3_1_conv1_weight, ema_backbone_layer3_1_bn1_weight, ema_backbone_layer3_1_bn1_bias, ema_backbone_layer3_1_conv2_weight, ema_backbone_layer3_1_bn2_weight, ema_backbone_layer3_1_bn2_bias, ema_backbone_layer3_1_conv3_weight, ema_backbone_layer3_1_bn3_weight, ema_backbone_layer3_1_bn3_bias, ema_backbone_layer4_0_conv1_weight, ema_backbone_layer4_0_bn1_weight, ema_backbone_layer4_0_bn1_bias, ema_backbone_layer4_0_conv2_weight, ema_backbone_layer4_0_bn2_weight, ema_backbone_layer4_0_bn2_bias, ema_backbone_layer4_0_conv3_weight, ema_backbone_layer4_0_bn3_weight, ema_backbone_layer4_0_bn3_bias, ema_backbone_layer4_0_downsample_1_weight, ema_backbone_layer4_0_downsample_2_weight, ema_backbone_layer4_0_downsample_2_bias, ema_backbone_layer4_1_conv1_weight, ema_backbone_layer4_1_bn1_weight, ema_backbone_layer4_1_bn1_bias, ema_backbone_layer4_1_conv2_weight, ema_backbone_layer4_1_bn2_weight, ema_backbone_layer4_1_bn2_bias, ema_backbone_layer4_1_conv3_weight, ema_backbone_layer4_1_bn3_weight, ema_backbone_layer4_1_bn3_bias, ema_backbone_layer4_2_conv1_weight, ema_backbone_layer4_2_bn1_weight, ema_backbone_layer4_2_bn1_bias, ema_backbone_layer4_2_conv2_weight, ema_backbone_layer4_2_bn2_weight, ema_backbone_layer4_2_bn2_bias, ema_backbone_layer4_2_conv3_weight, ema_backbone_layer4_2_bn3_weight, ema_backbone_layer4_2_bn3_bias, ema_backbone_layer4_3_conv1_weight, ema_backbone_layer4_3_bn1_weight, ema_backbone_layer4_3_bn1_bias, ema_backbone_layer4_3_conv2_weight, ema_backbone_layer4_3_bn2_weight, ema_backbone_layer4_3_bn2_bias, ema_backbone_layer4_3_conv3_weight, ema_backbone_layer4_3_bn3_weight, ema_backbone_layer4_3_bn3_bias, ema_backbone_layer4_4_conv1_weight, ema_backbone_layer4_4_bn1_weight, ema_backbone_layer4_4_bn1_bias, ema_backbone_layer4_4_conv2_weight, ema_backbone_layer4_4_bn2_weight, ema_backbone_layer4_4_bn2_bias, ema_backbone_layer4_4_conv3_weight, ema_backbone_layer4_4_bn3_weight, ema_backbone_layer4_4_bn3_bias, ema_backbone_layer4_5_conv1_weight, ema_backbone_layer4_5_bn1_weight, ema_backbone_layer4_5_bn1_bias, ema_backbone_layer4_5_conv2_weight, ema_backbone_layer4_5_bn2_weight, ema_backbone_layer4_5_bn2_bias, ema_backbone_layer4_5_conv3_weight, ema_backbone_layer4_5_bn3_weight, ema_backbone_layer4_5_bn3_bias, ema_backbone_layer4_6_conv1_weight, ema_backbone_layer4_6_bn1_weight, ema_backbone_layer4_6_bn1_bias, ema_backbone_layer4_6_conv2_weight, ema_backbone_layer4_6_bn2_weight, ema_backbone_layer4_6_bn2_bias, ema_backbone_layer4_6_conv3_weight, ema_backbone_layer4_6_bn3_weight, ema_backbone_layer4_6_bn3_bias, ema_backbone_layer4_7_conv1_weight, ema_backbone_layer4_7_bn1_weight, ema_backbone_layer4_7_bn1_bias, ema_backbone_layer4_7_conv2_weight, ema_backbone_layer4_7_bn2_weight, ema_backbone_layer4_7_bn2_bias, ema_backbone_layer4_7_conv3_weight, ema_backbone_layer4_7_bn3_weight, ema_backbone_layer4_7_bn3_bias, ema_neck_lateral_convs_0_conv_weight, ema_neck_lateral_convs_0_conv_bias, ema_neck_lateral_convs_1_conv_weight, ema_neck_lateral_convs_1_conv_bias, ema_neck_lateral_convs_2_conv_weight, ema_neck_lateral_convs_2_conv_bias, ema_neck_fpn_convs_0_conv_weight, ema_neck_fpn_convs_0_conv_bias, ema_neck_fpn_convs_1_conv_weight, ema_neck_fpn_convs_1_conv_bias, ema_neck_fpn_convs_2_conv_weight, ema_neck_fpn_convs_2_conv_bias, ema_neck_downsample_convs_0_conv_weight, ema_neck_downsample_convs_0_conv_bias, ema_neck_downsample_convs_1_conv_weight, ema_neck_downsample_convs_1_conv_bias, ema_neck_pafpn_convs_0_conv_weight, ema_neck_pafpn_convs_0_conv_bias, ema_neck_pafpn_convs_1_conv_weight, ema_neck_pafpn_convs_1_conv_bias, ema_bbox_head_cls_stride_convs_0_0_conv_weight, ema_bbox_head_cls_stride_convs_0_0_gn_weight, ema_bbox_head_cls_stride_convs_0_0_gn_bias, ema_bbox_head_cls_stride_convs_0_1_conv_weight, ema_bbox_head_cls_stride_convs_0_1_gn_weight, ema_bbox_head_cls_stride_convs_0_1_gn_bias, ema_bbox_head_stride_cls_0_weight, ema_bbox_head_stride_cls_0_bias, ema_bbox_head_stride_reg_0_weight, ema_bbox_head_stride_reg_0_bias, ema_bbox_head_stride_kps_0_weight, ema_bbox_head_stride_kps_0_bias, ema_bbox_head_scales_0_scale, ema_bbox_head_scales_1_scale, ema_bbox_head_scales_2_scale

2026-10-06 19:41:29,427 - mmdet - INFO - Start running, host: esteban@fluence3, work_dir: /mnt/cachefs/esteban/pii/runs/train/wd_armBC34_fluence
2026-10-06 19:41:29,428 - mmdet - INFO - Hooks will be executed in the following order:
before_run:
(VERY_HIGH   ) StepLrUpdaterHook                  
(49          ) EMAHook                            
(NORMAL      ) CheckpointHook                     
(VERY_LOW    ) TextLoggerHook                     
 -------------------- 
before_train_epoch:
(VERY_HIGH   ) StepLrUpdaterHook                  
(49          ) EMAHook                            
(NORMAL      ) DistSamplerSeedHook                
(LOW         ) IterTimerHook                      
(VERY_LOW    ) TextLoggerHook                     
 -------------------- 
before_train_iter:
(VERY_HIGH   ) StepLrUpdaterHook                  
(LOW         ) IterTimerHook                      
 -------------------- 
after_train_iter:
(ABOVE_NORMAL) GradientCumulativeOptimizerHook    
(49          ) EMAHook                            
(NORMAL      ) CheckpointHook                     
(LOW         ) IterTimerHook                      
(VERY_LOW    ) TextLoggerHook                     
 -------------------- 
after_train_epoch:
(49          ) EMAHook                            
(NORMAL      ) CheckpointHook                     
(VERY_LOW    ) TextLoggerHook                     
 -------------------- 
before_val_epoch:
(NORMAL      ) DistSamplerSeedHook                
(LOW         ) IterTimerHook                      
(VERY_LOW    ) TextLoggerHook                     
 -------------------- 
before_val_iter:
(LOW         ) IterTimerHook                      
 -------------------- 
after_val_iter:
(LOW         ) IterTimerHook                      
 -------------------- 
after_val_epoch:
(VERY_LOW    ) TextLoggerHook                     
 -------------------- 
after_run:
(VERY_LOW    ) TextLoggerHook                     
 -------------------- 
2026-10-06 19:41:29,429 - mmdet - INFO - workflow: [('train', 1)], max: 6 epochs
2026-10-06 19:41:29,437 - mmdet - INFO - Checkpoints will be saved to /mnt/cachefs/esteban/pii/runs/train/wd_armBC34_fluence by HardDiskBackend.
2026-10-06 19:41:55,628 - mmdet - INFO - Epoch [1][50/6555]	lr: 2.458e-05, eta: 5:42:42, time: 0.523, data_time: 0.164, memory: 13344, loss_cls: 0.5004, loss_bbox: 0.3993, loss_kps: 0.0000, loss: 0.8997
2026-10-06 19:42:08,592 - mmdet - INFO - Epoch [1][100/6555]	lr: 4.955e-05, eta: 4:15:55, time: 0.259, data_time: 0.015, memory: 13344, loss_cls: 0.4721, loss_bbox: 0.4127, loss_kps: 0.0000, loss: 0.8848
2026-10-06 19:42:21,840 - mmdet - INFO - Epoch [1][150/6555]	lr: 7.453e-05, eta: 3:48:04, time: 0.265, data_time: 0.015, memory: 13344, loss_cls: 0.4912, loss_bbox: 0.4088, loss_kps: 0.0000, loss: 0.9000
2026-10-06 19:42:34,892 - mmdet - INFO - Epoch [1][200/6555]	lr: 9.950e-05, eta: 3:33:23, time: 0.261, data_time: 0.015, memory: 13344, loss_cls: 0.4653, loss_bbox: 0.4231, loss_kps: 0.0000, loss: 0.8884
2026-10-06 19:42:47,792 - mmdet - INFO - Epoch [1][250/6555]	lr: 1.000e-04, eta: 3:24:05, time: 0.258, data_time: 0.014, memory: 13344, loss_cls: 0.4736, loss_bbox: 0.4073, loss_kps: 0.0000, loss: 0.8809
2026-10-06 19:43:00,630 - mmdet - INFO - Epoch [1][300/6555]	lr: 1.000e-04, eta: 3:17:41, time: 0.257, data_time: 0.016, memory: 13344, loss_cls: 0.4475, loss_bbox: 0.3979, loss_kps: 0.0000, loss: 0.8454
2026-10-06 19:43:13,704 - mmdet - INFO - Epoch [1][350/6555]	lr: 1.000e-04, eta: 3:13:30, time: 0.261, data_time: 0.015, memory: 13344, loss_cls: 0.4460, loss_bbox: 0.4116, loss_kps: 0.0000, loss: 0.8576
2026-10-06 19:43:26,765 - mmdet - INFO - Epoch [1][400/6555]	lr: 1.000e-04, eta: 3:10:16, time: 0.261, data_time: 0.015, memory: 13344, loss_cls: 0.4577, loss_bbox: 0.4276, loss_kps: 0.0000, loss: 0.8853
2026-10-06 19:43:39,712 - mmdet - INFO - Epoch [1][450/6555]	lr: 1.000e-04, eta: 3:07:33, time: 0.259, data_time: 0.014, memory: 13344, loss_cls: 0.4480, loss_bbox: 0.4109, loss_kps: 0.0000, loss: 0.8589
2026-10-06 19:43:52,651 - mmdet - INFO - Epoch [1][500/6555]	lr: 1.000e-04, eta: 3:05:20, time: 0.259, data_time: 0.015, memory: 13344, loss_cls: 0.4533, loss_bbox: 0.4242, loss_kps: 0.0000, loss: 0.8775
2026-10-06 19:44:05,428 - mmdet - INFO - Epoch [1][550/6555]	lr: 1.000e-04, eta: 3:03:17, time: 0.255, data_time: 0.013, memory: 13344, loss_cls: 0.4775, loss_bbox: 0.4341, loss_kps: 0.0000, loss: 0.9116
2026-10-06 19:44:18,451 - mmdet - INFO - Epoch [1][600/6555]	lr: 1.000e-04, eta: 3:01:48, time: 0.260, data_time: 0.014, memory: 13344, loss_cls: 0.4733, loss_bbox: 0.4240, loss_kps: 0.0000, loss: 0.8972
2026-10-06 19:44:31,277 - mmdet - INFO - Epoch [1][650/6555]	lr: 1.000e-04, eta: 3:00:19, time: 0.257, data_time: 0.014, memory: 13344, loss_cls: 0.4802, loss_bbox: 0.4202, loss_kps: 0.0000, loss: 0.9004
2026-10-06 19:44:44,373 - mmdet - INFO - Epoch [1][700/6555]	lr: 1.000e-04, eta: 2:59:16, time: 0.262, data_time: 0.013, memory: 13344, loss_cls: 0.4438, loss_bbox: 0.4118, loss_kps: 0.0000, loss: 0.8556
2026-10-06 19:44:57,183 - mmdet - INFO - Epoch [1][750/6555]	lr: 1.000e-04, eta: 2:58:05, time: 0.256, data_time: 0.014, memory: 13344, loss_cls: 0.4558, loss_bbox: 0.4237, loss_kps: 0.0000, loss: 0.8795
2026-10-06 19:45:10,022 - mmdet - INFO - Epoch [1][800/6555]	lr: 1.000e-04, eta: 2:57:02, time: 0.257, data_time: 0.015, memory: 13344, loss_cls: 0.4589, loss_bbox: 0.4355, loss_kps: 0.0000, loss: 0.8944
2026-10-06 19:45:23,275 - mmdet - INFO - Epoch [1][850/6555]	lr: 1.000e-04, eta: 2:56:24, time: 0.265, data_time: 0.015, memory: 13344, loss_cls: 0.4580, loss_bbox: 0.4143, loss_kps: 0.0000, loss: 0.8723
2026-10-06 19:45:36,195 - mmdet - INFO - Epoch [1][900/6555]	lr: 1.000e-04, eta: 2:55:35, time: 0.258, data_time: 0.016, memory: 13344, loss_cls: 0.4515, loss_bbox: 0.4109, loss_kps: 0.0000, loss: 0.8624
2026-10-06 19:45:49,191 - mmdet - INFO - Epoch [1][950/6555]	lr: 1.000e-04, eta: 2:54:52, time: 0.260, data_time: 0.014, memory: 13344, loss_cls: 0.4546, loss_bbox: 0.4265, loss_kps: 0.0000, loss: 0.8811
2026-10-06 19:46:02,388 - mmdet - INFO - Exp name: scrfd_armBC34_fluence.py
2026-10-06 19:46:02,391 - mmdet - INFO - Epoch [1][1000/6555]	lr: 1.000e-04, eta: 2:54:21, time: 0.264, data_time: 0.015, memory: 13344, loss_cls: 0.4385, loss_bbox: 0.4093, loss_kps: 0.0000, loss: 0.8479
2026-10-06 19:46:15,265 - mmdet - INFO - Epoch [1][1050/6555]	lr: 1.000e-04, eta: 2:53:39, time: 0.258, data_time: 0.014, memory: 13344, loss_cls: 0.4519, loss_bbox: 0.4172, loss_kps: 0.0000, loss: 0.8691
2026-10-06 19:46:28,345 - mmdet - INFO - Epoch [1][1100/6555]	lr: 1.000e-04, eta: 2:53:07, time: 0.262, data_time: 0.015, memory: 13344, loss_cls: 0.4592, loss_bbox: 0.4141, loss_kps: 0.0000, loss: 0.8732
2026-10-06 19:46:41,466 - mmdet - INFO - Epoch [1][1150/6555]	lr: 1.000e-04, eta: 2:52:38, time: 0.262, data_time: 0.015, memory: 13344, loss_cls: 0.4516, loss_bbox: 0.4149, loss_kps: 0.0000, loss: 0.8664
2026-10-06 19:46:54,610 - mmdet - INFO - Epoch [1][1200/6555]	lr: 1.000e-04, eta: 2:52:11, time: 0.263, data_time: 0.014, memory: 13344, loss_cls: 0.4509, loss_bbox: 0.4215, loss_kps: 0.0000, loss: 0.8723
2026-10-06 19:47:07,732 - mmdet - INFO - Epoch [1][1250/6555]	lr: 1.000e-04, eta: 2:51:44, time: 0.262, data_time: 0.015, memory: 13344, loss_cls: 0.4579, loss_bbox: 0.4211, loss_kps: 0.0000, loss: 0.8791
2026-10-06 19:47:20,726 - mmdet - INFO - Epoch [1][1300/6555]	lr: 1.000e-04, eta: 2:51:15, time: 0.260, data_time: 0.015, memory: 13344, loss_cls: 0.4437, loss_bbox: 0.4087, loss_kps: 0.0000, loss: 0.8525
2026-10-06 19:47:33,838 - mmdet - INFO - Epoch [1][1350/6555]	lr: 1.000e-04, eta: 2:50:50, time: 0.262, data_time: 0.013, memory: 13344, loss_cls: 0.4377, loss_bbox: 0.4010, loss_kps: 0.0000, loss: 0.8387
2026-10-06 19:47:46,880 - mmdet - INFO - Epoch [1][1400/6555]	lr: 1.000e-04, eta: 2:50:25, time: 0.261, data_time: 0.014, memory: 13344, loss_cls: 0.4463, loss_bbox: 0.4175, loss_kps: 0.0000, loss: 0.8638
2026-10-06 19:47:59,815 - mmdet - INFO - Epoch [1][1450/6555]	lr: 1.000e-04, eta: 2:49:57, time: 0.259, data_time: 0.014, memory: 13344, loss_cls: 0.4635, loss_bbox: 0.4171, loss_kps: 0.0000, loss: 0.8807
2026-10-06 19:48:12,542 - mmdet - INFO - Epoch [1][1500/6555]	lr: 1.000e-04, eta: 2:49:25, time: 0.255, data_time: 0.013, memory: 13344, loss_cls: 0.4404, loss_bbox: 0.4239, loss_kps: 0.0000, loss: 0.8642
2026-10-06 19:48:25,294 - mmdet - INFO - Epoch [1][1550/6555]	lr: 1.000e-04, eta: 2:48:55, time: 0.255, data_time: 0.015, memory: 13344, loss_cls: 0.4441, loss_bbox: 0.4151, loss_kps: 0.0000, loss: 0.8592
2026-10-06 19:48:38,193 - mmdet - INFO - Epoch [1][1600/6555]	lr: 1.000e-04, eta: 2:48:29, time: 0.258, data_time: 0.013, memory: 13344, loss_cls: 0.4434, loss_bbox: 0.4145, loss_kps: 0.0000, loss: 0.8580
2026-10-06 19:48:51,478 - mmdet - INFO - Epoch [1][1650/6555]	lr: 1.000e-04, eta: 2:48:13, time: 0.266, data_time: 0.015, memory: 13344, loss_cls: 0.4420, loss_bbox: 0.4113, loss_kps: 0.0000, loss: 0.8533
2026-10-06 19:49:04,458 - mmdet - INFO - Epoch [1][1700/6555]	lr: 1.000e-04, eta: 2:47:51, time: 0.260, data_time: 0.013, memory: 13344, loss_cls: 0.4669, loss_bbox: 0.4247, loss_kps: 0.0000, loss: 0.8916
2026-10-06 19:49:18,270 - mmdet - INFO - Epoch [1][1750/6555]	lr: 1.000e-04, eta: 2:47:47, time: 0.276, data_time: 0.012, memory: 13344, loss_cls: 0.4383, loss_bbox: 0.3902, loss_kps: 0.0000, loss: 0.8285
2026-10-06 19:49:32,251 - mmdet - INFO - Epoch [1][1800/6555]	lr: 1.000e-04, eta: 2:47:45, time: 0.280, data_time: 0.011, memory: 13344, loss_cls: 0.4546, loss_bbox: 0.4200, loss_kps: 0.0000, loss: 0.8747
2026-10-06 19:49:45,092 - mmdet - INFO - Epoch [1][1850/6555]	lr: 1.000e-04, eta: 2:47:20, time: 0.257, data_time: 0.012, memory: 13344, loss_cls: 0.4380, loss_bbox: 0.4178, loss_kps: 0.0000, loss: 0.8558
2026-10-06 19:49:58,080 - mmdet - INFO - Epoch [1][1900/6555]	lr: 1.000e-04, eta: 2:46:59, time: 0.260, data_time: 0.013, memory: 13344, loss_cls: 0.4580, loss_bbox: 0.4195, loss_kps: 0.0000, loss: 0.8774
2026-10-06 19:50:11,992 - mmdet - INFO - Epoch [1][1950/6555]	lr: 1.000e-04, eta: 2:46:43, time: 0.265, data_time: 0.012, memory: 13344, loss_cls: 0.4329, loss_bbox: 0.4232, loss_kps: 0.0000, loss: 0.8562
2026-10-06 19:50:25,507 - mmdet - INFO - Exp name: scrfd_armBC34_fluence.py
2026-10-06 19:50:25,509 - mmdet - INFO - Epoch [1][2000/6555]	lr: 1.000e-04, eta: 2:46:44, time: 0.283, data_time: 0.025, memory: 13344, loss_cls: 0.4306, loss_bbox: 0.4139, loss_kps: 0.0000, loss: 0.8445
2026-10-06 19:50:38,346 - mmdet - INFO - Epoch [1][2050/6555]	lr: 1.000e-04, eta: 2:46:21, time: 0.257, data_time: 0.013, memory: 13344, loss_cls: 0.4484, loss_bbox: 0.4137, loss_kps: 0.0000, loss: 0.8621
2026-10-06 19:50:51,316 - mmdet - INFO - Epoch [1][2100/6555]	lr: 1.000e-04, eta: 2:46:00, time: 0.259, data_time: 0.013, memory: 13344, loss_cls: 0.4508, loss_bbox: 0.4297, loss_kps: 0.0000, loss: 0.8805
2026-10-06 19:51:04,186 - mmdet - INFO - Epoch [1][2150/6555]	lr: 1.000e-04, eta: 2:45:38, time: 0.257, data_time: 0.013, memory: 13344, loss_cls: 0.4392, loss_bbox: 0.4114, loss_kps: 0.0000, loss: 0.8506
2026-10-06 19:51:19,900 - mmdet - INFO - Epoch [1][2200/6555]	lr: 1.000e-04, eta: 2:46:04, time: 0.314, data_time: 0.015, memory: 13344, loss_cls: 0.4315, loss_bbox: 0.4060, loss_kps: 0.0000, loss: 0.8374
2026-10-06 19:51:32,873 - mmdet - INFO - Epoch [1][2250/6555]	lr: 1.000e-04, eta: 2:45:43, time: 0.259, data_time: 0.012, memory: 13344, loss_cls: 0.4225, loss_bbox: 0.4059, loss_kps: 0.0000, loss: 0.8284
2026-10-06 19:51:45,808 - mmdet - INFO - Epoch [1][2300/6555]	lr: 1.000e-04, eta: 2:45:22, time: 0.259, data_time: 0.012, memory: 13344, loss_cls: 0.4572, loss_bbox: 0.4307, loss_kps: 0.0000, loss: 0.8880
2026-10-06 19:51:58,447 - mmdet - INFO - Epoch [1][2350/6555]	lr: 1.000e-04, eta: 2:44:57, time: 0.253, data_time: 0.012, memory: 13344, loss_cls: 0.4351, loss_bbox: 0.4114, loss_kps: 0.0000, loss: 0.8464
2026-10-06 19:52:11,185 - mmdet - INFO - Epoch [1][2400/6555]	lr: 1.000e-04, eta: 2:44:34, time: 0.255, data_time: 0.013, memory: 13344, loss_cls: 0.4473, loss_bbox: 0.4173, loss_kps: 0.0000, loss: 0.8646
2026-10-06 19:52:24,238 - mmdet - INFO - Epoch [1][2450/6555]	lr: 1.000e-04, eta: 2:44:16, time: 0.261, data_time: 0.012, memory: 13344, loss_cls: 0.4527, loss_bbox: 0.4302, loss_kps: 0.0000, loss: 0.8829
2026-10-06 19:52:37,278 - mmdet - INFO - Epoch [1][2500/6555]	lr: 1.000e-04, eta: 2:43:57, time: 0.261, data_time: 0.013, memory: 13344, loss_cls: 0.4429, loss_bbox: 0.4149, loss_kps: 0.0000, loss: 0.8578
2026-10-06 19:52:50,405 - mmdet - INFO - Epoch [1][2550/6555]	lr: 1.000e-04, eta: 2:43:41, time: 0.263, data_time: 0.011, memory: 13344, loss_cls: 0.4467, loss_bbox: 0.4209, loss_kps: 0.0000, loss: 0.8676
2026-10-06 19:53:03,464 - mmdet - INFO - Epoch [1][2600/6555]	lr: 1.000e-04, eta: 2:43:23, time: 0.261, data_time: 0.012, memory: 13344, loss_cls: 0.4247, loss_bbox: 0.4223, loss_kps: 0.0000, loss: 0.8470
2026-10-06 19:53:16,193 - mmdet - INFO - Epoch [1][2650/6555]	lr: 1.000e-04, eta: 2:43:01, time: 0.255, data_time: 0.014, memory: 13344, loss_cls: 0.4351, loss_bbox: 0.4034, loss_kps: 0.0000, loss: 0.8385
2026-10-06 19:53:29,045 - mmdet - INFO - Epoch [1][2700/6555]	lr: 1.000e-04, eta: 2:42:42, time: 0.257, data_time: 0.015, memory: 13344, loss_cls: 0.4562, loss_bbox: 0.4239, loss_kps: 0.0000, loss: 0.8801
2026-10-06 19:53:41,818 - mmdet - INFO - Epoch [1][2750/6555]	lr: 1.000e-04, eta: 2:42:21, time: 0.255, data_time: 0.014, memory: 13344, loss_cls: 0.4450, loss_bbox: 0.4181, loss_kps: 0.0000, loss: 0.8631
2026-10-06 19:53:54,680 - mmdet - INFO - Epoch [1][2800/6555]	lr: 1.000e-04, eta: 2:42:02, time: 0.257, data_time: 0.014, memory: 13344, loss_cls: 0.4496, loss_bbox: 0.4162, loss_kps: 0.0000, loss: 0.8658
2026-10-06 19:54:07,481 - mmdet - INFO - Epoch [1][2850/6555]	lr: 1.000e-04, eta: 2:41:42, time: 0.256, data_time: 0.015, memory: 13344, loss_cls: 0.4540, loss_bbox: 0.4217, loss_kps: 0.0000, loss: 0.8757
2026-10-06 19:54:20,522 - mmdet - INFO - Epoch [1][2900/6555]	lr: 1.000e-04, eta: 2:41:25, time: 0.261, data_time: 0.015, memory: 13344, loss_cls: 0.4520, loss_bbox: 0.4237, loss_kps: 0.0000, loss: 0.8757
2026-10-06 19:54:33,270 - mmdet - INFO - Epoch [1][2950/6555]	lr: 1.000e-04, eta: 2:41:05, time: 0.255, data_time: 0.015, memory: 13344, loss_cls: 0.4436, loss_bbox: 0.4055, loss_kps: 0.0000, loss: 0.8491
2026-10-06 19:54:45,973 - mmdet - INFO - Exp name: scrfd_armBC34_fluence.py
2026-10-06 19:54:45,975 - mmdet - INFO - Epoch [1][3000/6555]	lr: 1.000e-04, eta: 2:40:45, time: 0.254, data_time: 0.014, memory: 13344, loss_cls: 0.4484, loss_bbox: 0.4335, loss_kps: 0.0000, loss: 0.8819
2026-10-06 19:54:59,044 - mmdet - INFO - Epoch [1][3050/6555]	lr: 1.000e-04, eta: 2:40:29, time: 0.261, data_time: 0.015, memory: 13344, loss_cls: 0.4324, loss_bbox: 0.4158, loss_kps: 0.0000, loss: 0.8482
2026-10-06 19:55:11,991 - mmdet - INFO - Epoch [1][3100/6555]	lr: 1.000e-04, eta: 2:40:12, time: 0.259, data_time: 0.015, memory: 13344, loss_cls: 0.4513, loss_bbox: 0.4185, loss_kps: 0.0000, loss: 0.8697
2026-10-06 19:55:24,982 - mmdet - INFO - Epoch [1][3150/6555]	lr: 1.000e-04, eta: 2:39:56, time: 0.260, data_time: 0.015, memory: 13344, loss_cls: 0.4261, loss_bbox: 0.4023, loss_kps: 0.0000, loss: 0.8285
2026-10-06 19:55:38,028 - mmdet - INFO - Epoch [1][3200/6555]	lr: 1.000e-04, eta: 2:39:40, time: 0.261, data_time: 0.016, memory: 13344, loss_cls: 0.4386, loss_bbox: 0.4101, loss_kps: 0.0000, loss: 0.8487
2026-10-06 19:55:51,209 - mmdet - INFO - Epoch [1][3250/6555]	lr: 1.000e-04, eta: 2:39:26, time: 0.264, data_time: 0.015, memory: 13344, loss_cls: 0.4307, loss_bbox: 0.4044, loss_kps: 0.0000, loss: 0.8352
2026-10-06 19:56:04,046 - mmdet - INFO - Epoch [1][3300/6555]	lr: 1.000e-04, eta: 2:39:08, time: 0.257, data_time: 0.014, memory: 13344, loss_cls: 0.4478, loss_bbox: 0.4002, loss_kps: 0.0000, loss: 0.8479
2026-10-06 19:56:17,030 - mmdet - INFO - Epoch [1][3350/6555]	lr: 1.000e-04, eta: 2:38:52, time: 0.260, data_time: 0.015, memory: 13344, loss_cls: 0.4529, loss_bbox: 0.4206, loss_kps: 0.0000, loss: 0.8735
2026-10-06 19:56:30,150 - mmdet - INFO - Epoch [1][3400/6555]	lr: 1.000e-04, eta: 2:38:37, time: 0.262, data_time: 0.016, memory: 13344, loss_cls: 0.4302, loss_bbox: 0.4034, loss_kps: 0.0000, loss: 0.8336
2026-10-06 19:56:43,097 - mmdet - INFO - Epoch [1][3450/6555]	lr: 1.000e-04, eta: 2:38:21, time: 0.259, data_time: 0.015, memory: 13344, loss_cls: 0.4329, loss_bbox: 0.4013, loss_kps: 0.0000, loss: 0.8342
2026-10-06 19:56:56,147 - mmdet - INFO - Epoch [1][3500/6555]	lr: 1.000e-04, eta: 2:38:06, time: 0.261, data_time: 0.014, memory: 13344, loss_cls: 0.4640, loss_bbox: 0.4328, loss_kps: 0.0000, loss: 0.8968
2026-10-06 19:57:09,311 - mmdet - INFO - Epoch [1][3550/6555]	lr: 1.000e-04, eta: 2:37:52, time: 0.263, data_time: 0.016, memory: 13344, loss_cls: 0.4691, loss_bbox: 0.4278, loss_kps: 0.0000, loss: 0.8969
2026-10-06 19:57:22,665 - mmdet - INFO - Epoch [1][3600/6555]	lr: 1.000e-04, eta: 2:37:40, time: 0.267, data_time: 0.014, memory: 13344, loss_cls: 0.4334, loss_bbox: 0.4053, loss_kps: 0.0000, loss: 0.8387
2026-10-06 19:57:36,102 - mmdet - INFO - Epoch [1][3650/6555]	lr: 1.000e-04, eta: 2:37:28, time: 0.269, data_time: 0.015, memory: 13344, loss_cls: 0.4432, loss_bbox: 0.4173, loss_kps: 0.0000, loss: 0.8604
2026-10-06 19:57:49,891 - mmdet - INFO - Epoch [1][3700/6555]	lr: 1.000e-04, eta: 2:37:20, time: 0.276, data_time: 0.015, memory: 13344, loss_cls: 0.4501, loss_bbox: 0.4188, loss_kps: 0.0000, loss: 0.8689
2026-10-06 19:58:03,543 - mmdet - INFO - Epoch [1][3750/6555]	lr: 1.000e-04, eta: 2:37:11, time: 0.273, data_time: 0.014, memory: 13344, loss_cls: 0.4429, loss_bbox: 0.4178, loss_kps: 0.0000, loss: 0.8607
2026-10-06 19:58:16,506 - mmdet - INFO - Epoch [1][3800/6555]	lr: 1.000e-04, eta: 2:36:55, time: 0.259, data_time: 0.015, memory: 13344, loss_cls: 0.4565, loss_bbox: 0.4289, loss_kps: 0.0000, loss: 0.8853
2026-10-06 19:58:29,470 - mmdet - INFO - Epoch [1][3850/6555]	lr: 1.000e-04, eta: 2:36:39, time: 0.259, data_time: 0.014, memory: 13344, loss_cls: 0.4558, loss_bbox: 0.4328, loss_kps: 0.0000, loss: 0.8886
2026-10-06 19:58:42,826 - mmdet - INFO - Epoch [1][3900/6555]	lr: 1.000e-04, eta: 2:36:27, time: 0.267, data_time: 0.017, memory: 13344, loss_cls: 0.4445, loss_bbox: 0.4118, loss_kps: 0.0000, loss: 0.8564
2026-10-06 19:58:56,008 - mmdet - INFO - Epoch [1][3950/6555]	lr: 1.000e-04, eta: 2:36:13, time: 0.264, data_time: 0.015, memory: 13344, loss_cls: 0.4440, loss_bbox: 0.4223, loss_kps: 0.0000, loss: 0.8663
2026-10-06 19:59:09,183 - mmdet - INFO - Exp name: scrfd_armBC34_fluence.py
2026-10-06 19:59:09,195 - mmdet - INFO - Epoch [1][4000/6555]	lr: 1.000e-04, eta: 2:35:59, time: 0.264, data_time: 0.017, memory: 13344, loss_cls: 0.4376, loss_bbox: 0.4200, loss_kps: 0.0000, loss: 0.8576
2026-10-06 19:59:22,160 - mmdet - INFO - Epoch [1][4050/6555]	lr: 1.000e-04, eta: 2:35:44, time: 0.260, data_time: 0.016, memory: 13344, loss_cls: 0.4389, loss_bbox: 0.4246, loss_kps: 0.0000, loss: 0.8635
2026-10-06 19:59:35,556 - mmdet - INFO - Epoch [1][4100/6555]	lr: 1.000e-04, eta: 2:35:32, time: 0.268, data_time: 0.016, memory: 13344, loss_cls: 0.4520, loss_bbox: 0.4257, loss_kps: 0.0000, loss: 0.8778
2026-10-06 19:59:48,682 - mmdet - INFO - Epoch [1][4150/6555]	lr: 1.000e-04, eta: 2:35:17, time: 0.263, data_time: 0.015, memory: 13344, loss_cls: 0.4256, loss_bbox: 0.4198, loss_kps: 0.0000, loss: 0.8454
2026-10-06 20:00:01,455 - mmdet - INFO - Epoch [1][4200/6555]	lr: 1.000e-04, eta: 2:35:00, time: 0.255, data_time: 0.015, memory: 13344, loss_cls: 0.4320, loss_bbox: 0.4144, loss_kps: 0.0000, loss: 0.8464
2026-10-06 20:00:14,580 - mmdet - INFO - Epoch [1][4250/6555]	lr: 1.000e-04, eta: 2:34:46, time: 0.262, data_time: 0.015, memory: 13344, loss_cls: 0.4592, loss_bbox: 0.4392, loss_kps: 0.0000, loss: 0.8984
2026-10-06 20:00:27,590 - mmdet - INFO - Epoch [1][4300/6555]	lr: 1.000e-04, eta: 2:34:31, time: 0.260, data_time: 0.016, memory: 13344, loss_cls: 0.4420, loss_bbox: 0.4243, loss_kps: 0.0000, loss: 0.8663
2026-10-06 20:00:40,386 - mmdet - INFO - Epoch [1][4350/6555]	lr: 1.000e-04, eta: 2:34:14, time: 0.256, data_time: 0.015, memory: 13344, loss_cls: 0.4341, loss_bbox: 0.4197, loss_kps: 0.0000, loss: 0.8537
2026-10-06 20:00:53,420 - mmdet - INFO - Epoch [1][4400/6555]	lr: 1.000e-04, eta: 2:33:59, time: 0.261, data_time: 0.015, memory: 13344, loss_cls: 0.4493, loss_bbox: 0.4204, loss_kps: 0.0000, loss: 0.8697
2026-10-06 20:01:06,778 - mmdet - INFO - Epoch [1][4450/6555]	lr: 1.000e-04, eta: 2:33:47, time: 0.267, data_time: 0.015, memory: 13344, loss_cls: 0.4082, loss_bbox: 0.4004, loss_kps: 0.0000, loss: 0.8086
2026-10-06 20:01:19,865 - mmdet - INFO - Epoch [1][4500/6555]	lr: 1.000e-04, eta: 2:33:33, time: 0.262, data_time: 0.017, memory: 13344, loss_cls: 0.4312, loss_bbox: 0.4142, loss_kps: 0.0000, loss: 0.8454
2026-10-06 20:01:32,916 - mmdet - INFO - Epoch [1][4550/6555]	lr: 1.000e-04, eta: 2:33:18, time: 0.261, data_time: 0.015, memory: 13344, loss_cls: 0.4306, loss_bbox: 0.4074, loss_kps: 0.0000, loss: 0.8380
2026-10-06 20:01:46,046 - mmdet - INFO - Epoch [1][4600/6555]	lr: 1.000e-04, eta: 2:33:04, time: 0.263, data_time: 0.014, memory: 13344, loss_cls: 0.4327, loss_bbox: 0.4103, loss_kps: 0.0000, loss: 0.8430
2026-10-06 20:01:58,961 - mmdet - INFO - Epoch [1][4650/6555]	lr: 1.000e-04, eta: 2:32:49, time: 0.258, data_time: 0.014, memory: 13344, loss_cls: 0.4375, loss_bbox: 0.4218, loss_kps: 0.0000, loss: 0.8593
2026-10-06 20:02:11,709 - mmdet - INFO - Epoch [1][4700/6555]	lr: 1.000e-04, eta: 2:32:32, time: 0.255, data_time: 0.015, memory: 13344, loss_cls: 0.4334, loss_bbox: 0.4099, loss_kps: 0.0000, loss: 0.8433
2026-10-06 20:02:24,729 - mmdet - INFO - Epoch [1][4750/6555]	lr: 1.000e-04, eta: 2:32:18, time: 0.260, data_time: 0.014, memory: 13344, loss_cls: 0.4349, loss_bbox: 0.4212, loss_kps: 0.0000, loss: 0.8562
2026-10-06 20:02:37,732 - mmdet - INFO - Epoch [1][4800/6555]	lr: 1.000e-04, eta: 2:32:03, time: 0.260, data_time: 0.016, memory: 13344, loss_cls: 0.4589, loss_bbox: 0.4322, loss_kps: 0.0000, loss: 0.8911
2026-10-06 20:02:50,794 - mmdet - INFO - Epoch [1][4850/6555]	lr: 1.000e-04, eta: 2:31:49, time: 0.261, data_time: 0.013, memory: 13344, loss_cls: 0.4265, loss_bbox: 0.4210, loss_kps: 0.0000, loss: 0.8475
2026-10-06 20:03:03,701 - mmdet - INFO - Epoch [1][4900/6555]	lr: 1.000e-04, eta: 2:31:33, time: 0.258, data_time: 0.015, memory: 13344, loss_cls: 0.4499, loss_bbox: 0.4223, loss_kps: 0.0000, loss: 0.8722
2026-10-06 20:03:16,776 - mmdet - INFO - Epoch [1][4950/6555]	lr: 1.000e-04, eta: 2:31:19, time: 0.261, data_time: 0.014, memory: 13344, loss_cls: 0.4498, loss_bbox: 0.4146, loss_kps: 0.0000, loss: 0.8644
2026-10-06 20:03:29,805 - mmdet - INFO - Exp name: scrfd_armBC34_fluence.py
2026-10-06 20:03:29,807 - mmdet - INFO - Epoch [1][5000/6555]	lr: 1.000e-04, eta: 2:31:05, time: 0.261, data_time: 0.015, memory: 13344, loss_cls: 0.4399, loss_bbox: 0.4359, loss_kps: 0.0000, loss: 0.8758
2026-10-06 20:03:42,833 - mmdet - INFO - Epoch [1][5050/6555]	lr: 1.000e-04, eta: 2:30:50, time: 0.261, data_time: 0.014, memory: 13344, loss_cls: 0.4490, loss_bbox: 0.4248, loss_kps: 0.0000, loss: 0.8738
2026-10-06 20:03:55,716 - mmdet - INFO - Epoch [1][5100/6555]	lr: 1.000e-04, eta: 2:30:35, time: 0.258, data_time: 0.014, memory: 13344, loss_cls: 0.4416, loss_bbox: 0.4156, loss_kps: 0.0000, loss: 0.8572
2026-10-06 20:04:08,804 - mmdet - INFO - Epoch [1][5150/6555]	lr: 1.000e-04, eta: 2:30:21, time: 0.262, data_time: 0.015, memory: 13344, loss_cls: 0.4568, loss_bbox: 0.4244, loss_kps: 0.0000, loss: 0.8812
2026-10-06 20:04:21,803 - mmdet - INFO - Epoch [1][5200/6555]	lr: 1.000e-04, eta: 2:30:06, time: 0.260, data_time: 0.014, memory: 13344, loss_cls: 0.4304, loss_bbox: 0.4195, loss_kps: 0.0000, loss: 0.8499
2026-10-06 20:04:34,935 - mmdet - INFO - Epoch [1][5250/6555]	lr: 1.000e-04, eta: 2:29:53, time: 0.263, data_time: 0.015, memory: 13344, loss_cls: 0.4484, loss_bbox: 0.4151, loss_kps: 0.0000, loss: 0.8635
2026-10-06 20:04:47,732 - mmdet - INFO - Epoch [1][5300/6555]	lr: 1.000e-04, eta: 2:29:37, time: 0.256, data_time: 0.015, memory: 13344, loss_cls: 0.4550, loss_bbox: 0.4181, loss_kps: 0.0000, loss: 0.8731
2026-10-06 20:05:01,075 - mmdet - INFO - Epoch [1][5350/6555]	lr: 1.000e-04, eta: 2:29:25, time: 0.267, data_time: 0.015, memory: 13344, loss_cls: 0.4349, loss_bbox: 0.4167, loss_kps: 0.0000, loss: 0.8516
2026-10-06 20:05:14,454 - mmdet - INFO - Epoch [1][5400/6555]	lr: 1.000e-04, eta: 2:29:13, time: 0.267, data_time: 0.014, memory: 13344, loss_cls: 0.4245, loss_bbox: 0.4065, loss_kps: 0.0000, loss: 0.8310
2026-10-06 20:05:27,419 - mmdet - INFO - Epoch [1][5450/6555]	lr: 1.000e-04, eta: 2:28:58, time: 0.259, data_time: 0.015, memory: 13344, loss_cls: 0.4238, loss_bbox: 0.4117, loss_kps: 0.0000, loss: 0.8355
2026-10-06 20:05:41,096 - mmdet - INFO - Epoch [1][5500/6555]	lr: 1.000e-04, eta: 2:28:48, time: 0.274, data_time: 0.015, memory: 13344, loss_cls: 0.4362, loss_bbox: 0.4123, loss_kps: 0.0000, loss: 0.8484
2026-10-06 20:05:54,922 - mmdet - INFO - Epoch [1][5550/6555]	lr: 1.000e-04, eta: 2:28:39, time: 0.277, data_time: 0.013, memory: 13344, loss_cls: 0.4415, loss_bbox: 0.4155, loss_kps: 0.0000, loss: 0.8570
2026-10-06 20:06:07,670 - mmdet - INFO - Epoch [1][5600/6555]	lr: 1.000e-04, eta: 2:28:23, time: 0.255, data_time: 0.017, memory: 13344, loss_cls: 0.4529, loss_bbox: 0.4159, loss_kps: 0.0000, loss: 0.8687
2026-10-06 20:06:21,104 - mmdet - INFO - Epoch [1][5650/6555]	lr: 1.000e-04, eta: 2:28:11, time: 0.269, data_time: 0.015, memory: 13344, loss_cls: 0.4290, loss_bbox: 0.4021, loss_kps: 0.0000, loss: 0.8311
2026-10-06 20:06:33,884 - mmdet - INFO - Epoch [1][5700/6555]	lr: 1.000e-04, eta: 2:27:55, time: 0.256, data_time: 0.013, memory: 13344, loss_cls: 0.4434, loss_bbox: 0.4068, loss_kps: 0.0000, loss: 0.8503
2026-10-06 20:06:46,934 - mmdet - INFO - Epoch [1][5750/6555]	lr: 1.000e-04, eta: 2:27:41, time: 0.261, data_time: 0.014, memory: 13344, loss_cls: 0.4408, loss_bbox: 0.4115, loss_kps: 0.0000, loss: 0.8523
2026-10-06 20:06:59,879 - mmdet - INFO - Epoch [1][5800/6555]	lr: 1.000e-04, eta: 2:27:27, time: 0.259, data_time: 0.016, memory: 13344, loss_cls: 0.4716, loss_bbox: 0.4334, loss_kps: 0.0000, loss: 0.9050
2026-10-06 20:07:13,230 - mmdet - INFO - Epoch [1][5850/6555]	lr: 1.000e-04, eta: 2:27:14, time: 0.267, data_time: 0.014, memory: 13344, loss_cls: 0.4403, loss_bbox: 0.4207, loss_kps: 0.0000, loss: 0.8610
2026-10-06 20:07:26,186 - mmdet - INFO - Epoch [1][5900/6555]	lr: 1.000e-04, eta: 2:27:00, time: 0.259, data_time: 0.013, memory: 13344, loss_cls: 0.4210, loss_bbox: 0.4084, loss_kps: 0.0000, loss: 0.8294
2026-10-06 20:07:39,080 - mmdet - INFO - Epoch [1][5950/6555]	lr: 1.000e-04, eta: 2:26:45, time: 0.258, data_time: 0.014, memory: 13344, loss_cls: 0.4371, loss_bbox: 0.4179, loss_kps: 0.0000, loss: 0.8550
2026-10-06 20:07:52,122 - mmdet - INFO - Exp name: scrfd_armBC34_fluence.py
2026-10-06 20:07:52,124 - mmdet - INFO - Epoch [1][6000/6555]	lr: 1.000e-04, eta: 2:26:31, time: 0.261, data_time: 0.016, memory: 13344, loss_cls: 0.4256, loss_bbox: 0.4096, loss_kps: 0.0000, loss: 0.8353
2026-10-06 20:08:05,163 - mmdet - INFO - Epoch [1][6050/6555]	lr: 1.000e-04, eta: 2:26:17, time: 0.261, data_time: 0.014, memory: 13344, loss_cls: 0.4322, loss_bbox: 0.4133, loss_kps: 0.0000, loss: 0.8455
2026-10-06 20:08:18,314 - mmdet - INFO - Epoch [1][6100/6555]	lr: 1.000e-04, eta: 2:26:03, time: 0.263, data_time: 0.014, memory: 13344, loss_cls: 0.4599, loss_bbox: 0.4233, loss_kps: 0.0000, loss: 0.8832
2026-10-06 20:08:31,260 - mmdet - INFO - Epoch [1][6150/6555]	lr: 1.000e-04, eta: 2:25:49, time: 0.259, data_time: 0.014, memory: 13344, loss_cls: 0.4389, loss_bbox: 0.4225, loss_kps: 0.0000, loss: 0.8614
2026-10-06 20:08:44,152 - mmdet - INFO - Epoch [1][6200/6555]	lr: 1.000e-04, eta: 2:25:34, time: 0.258, data_time: 0.014, memory: 13344, loss_cls: 0.4474, loss_bbox: 0.4261, loss_kps: 0.0000, loss: 0.8735
2026-10-06 20:08:57,212 - mmdet - INFO - Epoch [1][6250/6555]	lr: 1.000e-04, eta: 2:25:20, time: 0.261, data_time: 0.014, memory: 13344, loss_cls: 0.4487, loss_bbox: 0.4186, loss_kps: 0.0000, loss: 0.8673
2026-10-06 20:09:10,012 - mmdet - INFO - Epoch [1][6300/6555]	lr: 1.000e-04, eta: 2:25:05, time: 0.256, data_time: 0.014, memory: 13344, loss_cls: 0.4227, loss_bbox: 0.4079, loss_kps: 0.0000, loss: 0.8306
2026-10-06 20:09:23,174 - mmdet - INFO - Epoch [1][6350/6555]	lr: 1.000e-04, eta: 2:24:52, time: 0.263, data_time: 0.014, memory: 13344, loss_cls: 0.4256, loss_bbox: 0.4057, loss_kps: 0.0000, loss: 0.8313
2026-10-06 20:09:36,053 - mmdet - INFO - Epoch [1][6400/6555]	lr: 1.000e-04, eta: 2:24:37, time: 0.258, data_time: 0.014, memory: 13344, loss_cls: 0.4324, loss_bbox: 0.4073, loss_kps: 0.0000, loss: 0.8398
2026-10-06 20:09:49,024 - mmdet - INFO - Epoch [1][6450/6555]	lr: 1.000e-04, eta: 2:24:23, time: 0.259, data_time: 0.013, memory: 13344, loss_cls: 0.4322, loss_bbox: 0.4163, loss_kps: 0.0000, loss: 0.8486
2026-10-06 20:10:02,120 - mmdet - INFO - Epoch [1][6500/6555]	lr: 1.000e-04, eta: 2:24:09, time: 0.262, data_time: 0.015, memory: 13344, loss_cls: 0.4373, loss_bbox: 0.3998, loss_kps: 0.0000, loss: 0.8371
2026-10-06 20:10:12,570 - mmdet - INFO - Epoch [1][6550/6555]	lr: 1.000e-04, eta: 2:23:43, time: 0.209, data_time: 0.010, memory: 13344, loss_cls: 0.4463, loss_bbox: 0.4064, loss_kps: 0.0000, loss: 0.8527
2026-10-06 20:10:14,112 - mmdet - INFO - Saving checkpoint at 1 epochs
2026-10-06 20:10:39,147 - mmdet - INFO - Epoch [2][50/6555]	lr: 1.000e-04, eta: 2:24:19, time: 0.495, data_time: 0.230, memory: 13344, loss_cls: 0.4382, loss_bbox: 0.4246, loss_kps: 0.0000, loss: 0.8628
2026-10-06 20:10:52,079 - mmdet - INFO - Epoch [2][100/6555]	lr: 1.000e-04, eta: 2:24:04, time: 0.259, data_time: 0.016, memory: 13344, loss_cls: 0.4196, loss_bbox: 0.4098, loss_kps: 0.0000, loss: 0.8294
2026-10-06 20:11:05,079 - mmdet - INFO - Epoch [2][150/6555]	lr: 1.000e-04, eta: 2:23:50, time: 0.260, data_time: 0.016, memory: 13344, loss_cls: 0.4341, loss_bbox: 0.4326, loss_kps: 0.0000, loss: 0.8667
2026-10-06 20:11:18,190 - mmdet - INFO - Epoch [2][200/6555]	lr: 1.000e-04, eta: 2:23:36, time: 0.262, data_time: 0.019, memory: 13344, loss_cls: 0.4262, loss_bbox: 0.4185, loss_kps: 0.0000, loss: 0.8447
2026-10-06 20:11:31,532 - mmdet - INFO - Epoch [2][250/6555]	lr: 1.000e-04, eta: 2:23:24, time: 0.267, data_time: 0.017, memory: 13344, loss_cls: 0.4519, loss_bbox: 0.4150, loss_kps: 0.0000, loss: 0.8669
2026-10-06 20:11:44,608 - mmdet - INFO - Epoch [2][300/6555]	lr: 1.000e-04, eta: 2:23:10, time: 0.262, data_time: 0.017, memory: 13344, loss_cls: 0.4381, loss_bbox: 0.4173, loss_kps: 0.0000, loss: 0.8554
2026-10-06 20:11:57,532 - mmdet - INFO - Epoch [2][350/6555]	lr: 1.000e-04, eta: 2:22:55, time: 0.258, data_time: 0.016, memory: 13344, loss_cls: 0.4271, loss_bbox: 0.4271, loss_kps: 0.0000, loss: 0.8542
2026-10-06 20:12:10,727 - mmdet - INFO - Epoch [2][400/6555]	lr: 1.000e-04, eta: 2:22:42, time: 0.264, data_time: 0.017, memory: 13344, loss_cls: 0.4131, loss_bbox: 0.3915, loss_kps: 0.0000, loss: 0.8046
2026-10-06 20:12:24,009 - mmdet - INFO - Epoch [2][450/6555]	lr: 1.000e-04, eta: 2:22:29, time: 0.266, data_time: 0.016, memory: 13344, loss_cls: 0.4249, loss_bbox: 0.3986, loss_kps: 0.0000, loss: 0.8235
2026-10-06 20:12:37,092 - mmdet - INFO - Epoch [2][500/6555]	lr: 1.000e-04, eta: 2:22:15, time: 0.262, data_time: 0.017, memory: 13344, loss_cls: 0.4480, loss_bbox: 0.4270, loss_kps: 0.0000, loss: 0.8750
2026-10-06 20:12:50,717 - mmdet - INFO - Epoch [2][550/6555]	lr: 1.000e-04, eta: 2:22:01, time: 0.263, data_time: 0.016, memory: 13344, loss_cls: 0.4119, loss_bbox: 0.4018, loss_kps: 0.0000, loss: 0.8137
2026-10-06 20:13:04,172 - mmdet - INFO - Epoch [2][600/6555]	lr: 1.000e-04, eta: 2:21:51, time: 0.279, data_time: 0.026, memory: 13344, loss_cls: 0.4444, loss_bbox: 0.4242, loss_kps: 0.0000, loss: 0.8686
2026-10-06 20:13:17,355 - mmdet - INFO - Epoch [2][650/6555]	lr: 1.000e-04, eta: 2:21:38, time: 0.264, data_time: 0.018, memory: 13344, loss_cls: 0.4255, loss_bbox: 0.4045, loss_kps: 0.0000, loss: 0.8301
2026-10-06 20:13:31,214 - mmdet - INFO - Epoch [2][700/6555]	lr: 1.000e-04, eta: 2:21:27, time: 0.277, data_time: 0.015, memory: 13344, loss_cls: 0.4319, loss_bbox: 0.4202, loss_kps: 0.0000, loss: 0.8520
2026-10-06 20:13:44,215 - mmdet - INFO - Epoch [2][750/6555]	lr: 1.000e-04, eta: 2:21:13, time: 0.260, data_time: 0.018, memory: 13344, loss_cls: 0.4350, loss_bbox: 0.4273, loss_kps: 0.0000, loss: 0.8623
2026-10-06 20:13:57,760 - mmdet - INFO - Epoch [2][800/6555]	lr: 1.000e-04, eta: 2:21:01, time: 0.271, data_time: 0.016, memory: 13344, loss_cls: 0.4258, loss_bbox: 0.4085, loss_kps: 0.0000, loss: 0.8344
2026-10-06 20:14:10,996 - mmdet - INFO - Epoch [2][850/6555]	lr: 1.000e-04, eta: 2:20:48, time: 0.265, data_time: 0.017, memory: 13344, loss_cls: 0.4639, loss_bbox: 0.4244, loss_kps: 0.0000, loss: 0.8883
2026-10-06 20:14:24,563 - mmdet - INFO - Epoch [2][900/6555]	lr: 1.000e-04, eta: 2:20:36, time: 0.271, data_time: 0.018, memory: 13344, loss_cls: 0.4289, loss_bbox: 0.4221, loss_kps: 0.0000, loss: 0.8510
2026-10-06 20:14:37,564 - mmdet - INFO - Epoch [2][950/6555]	lr: 1.000e-04, eta: 2:20:22, time: 0.260, data_time: 0.017, memory: 13344, loss_cls: 0.4364, loss_bbox: 0.4196, loss_kps: 0.0000, loss: 0.8559
2026-10-06 20:14:51,272 - mmdet - INFO - Epoch [2][1000/6555]	lr: 1.000e-04, eta: 2:20:11, time: 0.274, data_time: 0.019, memory: 13344, loss_cls: 0.4549, loss_bbox: 0.4325, loss_kps: 0.0000, loss: 0.8875
2026-10-06 20:15:04,333 - mmdet - INFO - Epoch [2][1050/6555]	lr: 1.000e-04, eta: 2:19:57, time: 0.261, data_time: 0.016, memory: 13344, loss_cls: 0.4374, loss_bbox: 0.4205, loss_kps: 0.0000, loss: 0.8579
2026-10-06 20:15:17,338 - mmdet - INFO - Epoch [2][1100/6555]	lr: 1.000e-04, eta: 2:19:43, time: 0.260, data_time: 0.016, memory: 13344, loss_cls: 0.4528, loss_bbox: 0.4175, loss_kps: 0.0000, loss: 0.8703
2026-10-06 20:15:30,246 - mmdet - INFO - Epoch [2][1150/6555]	lr: 1.000e-04, eta: 2:19:28, time: 0.258, data_time: 0.017, memory: 13344, loss_cls: 0.4576, loss_bbox: 0.4249, loss_kps: 0.0000, loss: 0.8825
2026-10-06 20:15:43,280 - mmdet - INFO - Epoch [2][1200/6555]	lr: 1.000e-04, eta: 2:19:14, time: 0.261, data_time: 0.017, memory: 13344, loss_cls: 0.4454, loss_bbox: 0.4137, loss_kps: 0.0000, loss: 0.8591
2026-10-06 20:15:56,211 - mmdet - INFO - Epoch [2][1250/6555]	lr: 1.000e-04, eta: 2:19:00, time: 0.259, data_time: 0.016, memory: 13344, loss_cls: 0.4530, loss_bbox: 0.4159, loss_kps: 0.0000, loss: 0.8689
2026-10-06 20:16:09,289 - mmdet - INFO - Epoch [2][1300/6555]	lr: 1.000e-04, eta: 2:18:46, time: 0.262, data_time: 0.016, memory: 13344, loss_cls: 0.4287, loss_bbox: 0.4203, loss_kps: 0.0000, loss: 0.8490
2026-10-06 20:16:22,545 - mmdet - INFO - Epoch [2][1350/6555]	lr: 1.000e-04, eta: 2:18:33, time: 0.265, data_time: 0.018, memory: 13344, loss_cls: 0.4410, loss_bbox: 0.4212, loss_kps: 0.0000, loss: 0.8622
2026-10-06 20:16:35,636 - mmdet - INFO - Epoch [2][1400/6555]	lr: 1.000e-04, eta: 2:18:19, time: 0.262, data_time: 0.017, memory: 13344, loss_cls: 0.4364, loss_bbox: 0.4062, loss_kps: 0.0000, loss: 0.8426
2026-10-06 20:16:48,635 - mmdet - INFO - Epoch [2][1450/6555]	lr: 1.000e-04, eta: 2:18:05, time: 0.260, data_time: 0.017, memory: 13344, loss_cls: 0.4491, loss_bbox: 0.4293, loss_kps: 0.0000, loss: 0.8783
2026-10-06 20:17:01,551 - mmdet - INFO - Epoch [2][1500/6555]	lr: 1.000e-04, eta: 2:17:50, time: 0.258, data_time: 0.017, memory: 13344, loss_cls: 0.4150, loss_bbox: 0.4122, loss_kps: 0.0000, loss: 0.8273
2026-10-06 20:17:14,726 - mmdet - INFO - Epoch [2][1550/6555]	lr: 1.000e-04, eta: 2:17:37, time: 0.263, data_time: 0.016, memory: 13344, loss_cls: 0.4386, loss_bbox: 0.4138, loss_kps: 0.0000, loss: 0.8524
2026-10-06 20:17:27,898 - mmdet - INFO - Epoch [2][1600/6555]	lr: 1.000e-04, eta: 2:17:24, time: 0.263, data_time: 0.017, memory: 13344, loss_cls: 0.4253, loss_bbox: 0.4167, loss_kps: 0.0000, loss: 0.8420
2026-10-06 20:17:41,041 - mmdet - INFO - Epoch [2][1650/6555]	lr: 1.000e-04, eta: 2:17:10, time: 0.263, data_time: 0.017, memory: 13344, loss_cls: 0.4126, loss_bbox: 0.4141, loss_kps: 0.0000, loss: 0.8267
2026-10-06 20:17:54,158 - mmdet - INFO - Epoch [2][1700/6555]	lr: 1.000e-04, eta: 2:16:56, time: 0.262, data_time: 0.017, memory: 13344, loss_cls: 0.4324, loss_bbox: 0.4131, loss_kps: 0.0000, loss: 0.8455
2026-10-06 20:18:07,388 - mmdet - INFO - Epoch [2][1750/6555]	lr: 1.000e-04, eta: 2:16:43, time: 0.265, data_time: 0.019, memory: 13344, loss_cls: 0.4161, loss_bbox: 0.4086, loss_kps: 0.0000, loss: 0.8247
2026-10-06 20:18:20,662 - mmdet - INFO - Epoch [2][1800/6555]	lr: 1.000e-04, eta: 2:16:30, time: 0.265, data_time: 0.017, memory: 13344, loss_cls: 0.4407, loss_bbox: 0.4274, loss_kps: 0.0000, loss: 0.8681
2026-10-06 20:18:33,705 - mmdet - INFO - Epoch [2][1850/6555]	lr: 1.000e-04, eta: 2:16:16, time: 0.261, data_time: 0.017, memory: 13344, loss_cls: 0.4212, loss_bbox: 0.4096, loss_kps: 0.0000, loss: 0.8308
2026-10-06 20:18:46,925 - mmdet - INFO - Epoch [2][1900/6555]	lr: 1.000e-04, eta: 2:16:03, time: 0.264, data_time: 0.017, memory: 13344, loss_cls: 0.4304, loss_bbox: 0.4177, loss_kps: 0.0000, loss: 0.8481
2026-10-06 20:19:00,180 - mmdet - INFO - Epoch [2][1950/6555]	lr: 1.000e-04, eta: 2:15:50, time: 0.265, data_time: 0.017, memory: 13344, loss_cls: 0.4248, loss_bbox: 0.4117, loss_kps: 0.0000, loss: 0.8365
2026-10-06 20:19:13,261 - mmdet - INFO - Epoch [2][2000/6555]	lr: 1.000e-04, eta: 2:15:36, time: 0.262, data_time: 0.016, memory: 13344, loss_cls: 0.4365, loss_bbox: 0.4164, loss_kps: 0.0000, loss: 0.8529
2026-10-06 20:19:26,309 - mmdet - INFO - Epoch [2][2050/6555]	lr: 1.000e-04, eta: 2:15:22, time: 0.261, data_time: 0.017, memory: 13344, loss_cls: 0.4203, loss_bbox: 0.4096, loss_kps: 0.0000, loss: 0.8299
2026-10-06 20:19:39,567 - mmdet - INFO - Epoch [2][2100/6555]	lr: 1.000e-04, eta: 2:15:09, time: 0.265, data_time: 0.017, memory: 13344, loss_cls: 0.4310, loss_bbox: 0.4117, loss_kps: 0.0000, loss: 0.8427
2026-10-06 20:19:52,663 - mmdet - INFO - Epoch [2][2150/6555]	lr: 1.000e-04, eta: 2:14:56, time: 0.262, data_time: 0.018, memory: 13344, loss_cls: 0.4373, loss_bbox: 0.4175, loss_kps: 0.0000, loss: 0.8548
2026-10-06 20:20:05,535 - mmdet - INFO - Epoch [2][2200/6555]	lr: 1.000e-04, eta: 2:14:41, time: 0.257, data_time: 0.016, memory: 13344, loss_cls: 0.4502, loss_bbox: 0.4176, loss_kps: 0.0000, loss: 0.8678
2026-10-06 20:20:18,941 - mmdet - INFO - Epoch [2][2250/6555]	lr: 1.000e-04, eta: 2:14:29, time: 0.268, data_time: 0.016, memory: 13344, loss_cls: 0.4405, loss_bbox: 0.4287, loss_kps: 0.0000, loss: 0.8691
2026-10-06 20:20:32,028 - mmdet - INFO - Epoch [2][2300/6555]	lr: 1.000e-04, eta: 2:14:15, time: 0.262, data_time: 0.016, memory: 13344, loss_cls: 0.4429, loss_bbox: 0.4000, loss_kps: 0.0000, loss: 0.8429
2026-10-06 20:20:45,487 - mmdet - INFO - Epoch [2][2350/6555]	lr: 1.000e-04, eta: 2:14:03, time: 0.269, data_time: 0.017, memory: 13344, loss_cls: 0.4308, loss_bbox: 0.4132, loss_kps: 0.0000, loss: 0.8440
2026-10-06 20:20:59,227 - mmdet - INFO - Epoch [2][2400/6555]	lr: 1.000e-04, eta: 2:13:51, time: 0.275, data_time: 0.016, memory: 13344, loss_cls: 0.4340, loss_bbox: 0.4207, loss_kps: 0.0000, loss: 0.8547
2026-10-06 20:21:12,864 - mmdet - INFO - Epoch [2][2450/6555]	lr: 1.000e-04, eta: 2:13:39, time: 0.273, data_time: 0.017, memory: 13344, loss_cls: 0.4129, loss_bbox: 0.4033, loss_kps: 0.0000, loss: 0.8163
2026-10-06 20:21:26,620 - mmdet - INFO - Epoch [2][2500/6555]	lr: 1.000e-04, eta: 2:13:28, time: 0.275, data_time: 0.018, memory: 13344, loss_cls: 0.4452, loss_bbox: 0.4245, loss_kps: 0.0000, loss: 0.8698
2026-10-06 20:21:39,510 - mmdet - INFO - Epoch [2][2550/6555]	lr: 1.000e-04, eta: 2:13:14, time: 0.258, data_time: 0.017, memory: 13344, loss_cls: 0.4203, loss_bbox: 0.4017, loss_kps: 0.0000, loss: 0.8220
2026-10-06 20:21:53,031 - mmdet - INFO - Epoch [2][2600/6555]	lr: 1.000e-04, eta: 2:13:01, time: 0.270, data_time: 0.015, memory: 13344, loss_cls: 0.4499, loss_bbox: 0.4185, loss_kps: 0.0000, loss: 0.8685
2026-10-06 20:22:06,339 - mmdet - INFO - Epoch [2][2650/6555]	lr: 1.000e-04, eta: 2:12:48, time: 0.266, data_time: 0.016, memory: 13344, loss_cls: 0.4308, loss_bbox: 0.4243, loss_kps: 0.0000, loss: 0.8550
2026-10-06 20:22:19,139 - mmdet - INFO - Epoch [2][2700/6555]	lr: 1.000e-04, eta: 2:12:34, time: 0.256, data_time: 0.017, memory: 13344, loss_cls: 0.4426, loss_bbox: 0.4181, loss_kps: 0.0000, loss: 0.8608
2026-10-06 20:22:32,045 - mmdet - INFO - Epoch [2][2750/6555]	lr: 1.000e-04, eta: 2:12:19, time: 0.258, data_time: 0.017, memory: 13344, loss_cls: 0.4356, loss_bbox: 0.4177, loss_kps: 0.0000, loss: 0.8533
2026-10-06 20:22:45,184 - mmdet - INFO - Epoch [2][2800/6555]	lr: 1.000e-04, eta: 2:12:06, time: 0.263, data_time: 0.017, memory: 13344, loss_cls: 0.4230, loss_bbox: 0.4086, loss_kps: 0.0000, loss: 0.8316
2026-10-06 20:22:58,489 - mmdet - INFO - Epoch [2][2850/6555]	lr: 1.000e-04, eta: 2:11:53, time: 0.266, data_time: 0.015, memory: 13344, loss_cls: 0.4265, loss_bbox: 0.4185, loss_kps: 0.0000, loss: 0.8450
2026-10-06 20:23:11,719 - mmdet - INFO - Epoch [2][2900/6555]	lr: 1.000e-04, eta: 2:11:40, time: 0.265, data_time: 0.018, memory: 13344, loss_cls: 0.4367, loss_bbox: 0.4181, loss_kps: 0.0000, loss: 0.8549
2026-10-06 20:23:24,776 - mmdet - INFO - Epoch [2][2950/6555]	lr: 1.000e-04, eta: 2:11:26, time: 0.261, data_time: 0.016, memory: 13344, loss_cls: 0.4356, loss_bbox: 0.4209, loss_kps: 0.0000, loss: 0.8565
2026-10-06 20:23:37,867 - mmdet - INFO - Epoch [2][3000/6555]	lr: 1.000e-04, eta: 2:11:12, time: 0.262, data_time: 0.017, memory: 13344, loss_cls: 0.4479, loss_bbox: 0.4218, loss_kps: 0.0000, loss: 0.8697
2026-10-06 20:23:50,592 - mmdet - INFO - Epoch [2][3050/6555]	lr: 1.000e-04, eta: 2:10:58, time: 0.255, data_time: 0.015, memory: 13344, loss_cls: 0.3980, loss_bbox: 0.4003, loss_kps: 0.0000, loss: 0.7984
2026-10-06 20:24:03,306 - mmdet - INFO - Epoch [2][3100/6555]	lr: 1.000e-04, eta: 2:10:43, time: 0.254, data_time: 0.015, memory: 13344, loss_cls: 0.4363, loss_bbox: 0.4132, loss_kps: 0.0000, loss: 0.8495
2026-10-06 20:24:16,414 - mmdet - INFO - Epoch [2][3150/6555]	lr: 1.000e-04, eta: 2:10:29, time: 0.262, data_time: 0.016, memory: 13344, loss_cls: 0.4316, loss_bbox: 0.4118, loss_kps: 0.0000, loss: 0.8434
2026-10-06 20:24:29,547 - mmdet - INFO - Epoch [2][3200/6555]	lr: 1.000e-04, eta: 2:10:16, time: 0.263, data_time: 0.018, memory: 13344, loss_cls: 0.4273, loss_bbox: 0.4139, loss_kps: 0.0000, loss: 0.8412
2026-10-06 20:24:42,586 - mmdet - INFO - Epoch [2][3250/6555]	lr: 1.000e-04, eta: 2:10:02, time: 0.261, data_time: 0.017, memory: 13344, loss_cls: 0.4193, loss_bbox: 0.4019, loss_kps: 0.0000, loss: 0.8213
2026-10-06 20:24:55,454 - mmdet - INFO - Epoch [2][3300/6555]	lr: 1.000e-04, eta: 2:09:48, time: 0.257, data_time: 0.016, memory: 13344, loss_cls: 0.4262, loss_bbox: 0.4312, loss_kps: 0.0000, loss: 0.8575
2026-10-06 20:25:08,627 - mmdet - INFO - Epoch [2][3350/6555]	lr: 1.000e-04, eta: 2:09:35, time: 0.263, data_time: 0.016, memory: 13344, loss_cls: 0.4309, loss_bbox: 0.4108, loss_kps: 0.0000, loss: 0.8416
2026-10-06 20:25:21,827 - mmdet - INFO - Epoch [2][3400/6555]	lr: 1.000e-04, eta: 2:09:21, time: 0.264, data_time: 0.017, memory: 13344, loss_cls: 0.4301, loss_bbox: 0.4039, loss_kps: 0.0000, loss: 0.8340
2026-10-06 20:25:35,167 - mmdet - INFO - Epoch [2][3450/6555]	lr: 1.000e-04, eta: 2:09:09, time: 0.267, data_time: 0.016, memory: 13344, loss_cls: 0.4576, loss_bbox: 0.4268, loss_kps: 0.0000, loss: 0.8844
2026-10-06 20:25:48,179 - mmdet - INFO - Epoch [2][3500/6555]	lr: 1.000e-04, eta: 2:08:55, time: 0.260, data_time: 0.017, memory: 13344, loss_cls: 0.4411, loss_bbox: 0.4217, loss_kps: 0.0000, loss: 0.8627
2026-10-06 20:26:01,240 - mmdet - INFO - Epoch [2][3550/6555]	lr: 1.000e-04, eta: 2:08:41, time: 0.261, data_time: 0.016, memory: 13344, loss_cls: 0.4428, loss_bbox: 0.4274, loss_kps: 0.0000, loss: 0.8703
2026-10-06 20:26:14,458 - mmdet - INFO - Epoch [2][3600/6555]	lr: 1.000e-04, eta: 2:08:28, time: 0.264, data_time: 0.019, memory: 13344, loss_cls: 0.4389, loss_bbox: 0.4252, loss_kps: 0.0000, loss: 0.8640
2026-10-06 20:26:27,793 - mmdet - INFO - Epoch [2][3650/6555]	lr: 1.000e-04, eta: 2:08:15, time: 0.267, data_time: 0.017, memory: 13344, loss_cls: 0.4131, loss_bbox: 0.4123, loss_kps: 0.0000, loss: 0.8254
2026-10-06 20:26:40,837 - mmdet - INFO - Epoch [2][3700/6555]	lr: 1.000e-04, eta: 2:08:01, time: 0.261, data_time: 0.016, memory: 13344, loss_cls: 0.4524, loss_bbox: 0.4348, loss_kps: 0.0000, loss: 0.8873
2026-10-06 20:26:54,173 - mmdet - INFO - Epoch [2][3750/6555]	lr: 1.000e-04, eta: 2:07:48, time: 0.267, data_time: 0.017, memory: 13344, loss_cls: 0.4308, loss_bbox: 0.4123, loss_kps: 0.0000, loss: 0.8431
2026-10-06 20:27:07,060 - mmdet - INFO - Epoch [2][3800/6555]	lr: 1.000e-04, eta: 2:07:34, time: 0.258, data_time: 0.015, memory: 13344, loss_cls: 0.4303, loss_bbox: 0.4201, loss_kps: 0.0000, loss: 0.8504
2026-10-06 20:27:19,772 - mmdet - INFO - Epoch [2][3850/6555]	lr: 1.000e-04, eta: 2:07:20, time: 0.254, data_time: 0.018, memory: 13344, loss_cls: 0.4273, loss_bbox: 0.4078, loss_kps: 0.0000, loss: 0.8350
2026-10-06 20:27:32,789 - mmdet - INFO - Epoch [2][3900/6555]	lr: 1.000e-04, eta: 2:07:06, time: 0.260, data_time: 0.016, memory: 13344, loss_cls: 0.4674, loss_bbox: 0.4310, loss_kps: 0.0000, loss: 0.8985
2026-10-06 20:27:45,869 - mmdet - INFO - Epoch [2][3950/6555]	lr: 1.000e-04, eta: 2:06:52, time: 0.262, data_time: 0.017, memory: 13344, loss_cls: 0.4260, loss_bbox: 0.4226, loss_kps: 0.0000, loss: 0.8485
2026-10-06 20:27:59,047 - mmdet - INFO - Epoch [2][4000/6555]	lr: 1.000e-04, eta: 2:06:39, time: 0.264, data_time: 0.017, memory: 13344, loss_cls: 0.4272, loss_bbox: 0.4124, loss_kps: 0.0000, loss: 0.8397
2026-10-06 20:28:11,885 - mmdet - INFO - Epoch [2][4050/6555]	lr: 1.000e-04, eta: 2:06:25, time: 0.257, data_time: 0.017, memory: 13344, loss_cls: 0.4269, loss_bbox: 0.4018, loss_kps: 0.0000, loss: 0.8287
2026-10-06 20:28:24,958 - mmdet - INFO - Epoch [2][4100/6555]	lr: 1.000e-04, eta: 2:06:11, time: 0.261, data_time: 0.017, memory: 13344, loss_cls: 0.4524, loss_bbox: 0.4228, loss_kps: 0.0000, loss: 0.8753
2026-10-06 20:28:38,708 - mmdet - INFO - Epoch [2][4150/6555]	lr: 1.000e-04, eta: 2:06:00, time: 0.275, data_time: 0.017, memory: 13344, loss_cls: 0.4367, loss_bbox: 0.4079, loss_kps: 0.0000, loss: 0.8447
2026-10-06 20:28:52,726 - mmdet - INFO - Epoch [2][4200/6555]	lr: 1.000e-04, eta: 2:05:47, time: 0.271, data_time: 0.018, memory: 13344, loss_cls: 0.4234, loss_bbox: 0.4212, loss_kps: 0.0000, loss: 0.8446
2026-10-06 20:29:05,658 - mmdet - INFO - Epoch [2][4250/6555]	lr: 1.000e-04, eta: 2:05:35, time: 0.267, data_time: 0.025, memory: 13344, loss_cls: 0.4385, loss_bbox: 0.4261, loss_kps: 0.0000, loss: 0.8645
2026-10-06 20:29:18,657 - mmdet - INFO - Epoch [2][4300/6555]	lr: 1.000e-04, eta: 2:05:21, time: 0.260, data_time: 0.016, memory: 13344, loss_cls: 0.4137, loss_bbox: 0.4018, loss_kps: 0.0000, loss: 0.8154
2026-10-06 20:29:31,771 - mmdet - INFO - Epoch [2][4350/6555]	lr: 1.000e-04, eta: 2:05:07, time: 0.262, data_time: 0.018, memory: 13344, loss_cls: 0.4330, loss_bbox: 0.4271, loss_kps: 0.0000, loss: 0.8601
2026-10-06 20:29:45,669 - mmdet - INFO - Epoch [2][4400/6555]	lr: 1.000e-04, eta: 2:04:56, time: 0.278, data_time: 0.016, memory: 13344, loss_cls: 0.4309, loss_bbox: 0.4196, loss_kps: 0.0000, loss: 0.8506
2026-10-06 20:29:58,960 - mmdet - INFO - Epoch [2][4450/6555]	lr: 1.000e-04, eta: 2:04:43, time: 0.266, data_time: 0.017, memory: 13344, loss_cls: 0.4430, loss_bbox: 0.4220, loss_kps: 0.0000, loss: 0.8650
2026-10-06 20:30:12,040 - mmdet - INFO - Epoch [2][4500/6555]	lr: 1.000e-04, eta: 2:04:30, time: 0.262, data_time: 0.016, memory: 13344, loss_cls: 0.4289, loss_bbox: 0.4320, loss_kps: 0.0000, loss: 0.8609
2026-10-06 20:30:25,510 - mmdet - INFO - Epoch [2][4550/6555]	lr: 1.000e-04, eta: 2:04:17, time: 0.269, data_time: 0.019, memory: 13344, loss_cls: 0.4136, loss_bbox: 0.4150, loss_kps: 0.0000, loss: 0.8287
2026-10-06 20:30:38,736 - mmdet - INFO - Epoch [2][4600/6555]	lr: 1.000e-04, eta: 2:04:04, time: 0.265, data_time: 0.016, memory: 13344, loss_cls: 0.4305, loss_bbox: 0.4330, loss_kps: 0.0000, loss: 0.8634
2026-10-06 20:30:52,060 - mmdet - INFO - Epoch [2][4650/6555]	lr: 1.000e-04, eta: 2:03:51, time: 0.266, data_time: 0.016, memory: 13344, loss_cls: 0.4312, loss_bbox: 0.4090, loss_kps: 0.0000, loss: 0.8402
2026-10-06 20:31:05,127 - mmdet - INFO - Epoch [2][4700/6555]	lr: 1.000e-04, eta: 2:03:37, time: 0.261, data_time: 0.016, memory: 13344, loss_cls: 0.4319, loss_bbox: 0.4171, loss_kps: 0.0000, loss: 0.8489
2026-10-06 20:31:18,220 - mmdet - INFO - Epoch [2][4750/6555]	lr: 1.000e-04, eta: 2:03:24, time: 0.262, data_time: 0.018, memory: 13344, loss_cls: 0.4479, loss_bbox: 0.4114, loss_kps: 0.0000, loss: 0.8593
2026-10-06 20:31:31,595 - mmdet - INFO - Epoch [2][4800/6555]	lr: 1.000e-04, eta: 2:03:11, time: 0.268, data_time: 0.017, memory: 13344, loss_cls: 0.4247, loss_bbox: 0.4077, loss_kps: 0.0000, loss: 0.8324
2026-10-06 20:31:44,856 - mmdet - INFO - Epoch [2][4850/6555]	lr: 1.000e-04, eta: 2:02:58, time: 0.265, data_time: 0.019, memory: 13344, loss_cls: 0.4308, loss_bbox: 0.4127, loss_kps: 0.0000, loss: 0.8434
2026-10-06 20:31:58,059 - mmdet - INFO - Epoch [2][4900/6555]	lr: 1.000e-04, eta: 2:02:45, time: 0.264, data_time: 0.016, memory: 13344, loss_cls: 0.4154, loss_bbox: 0.4044, loss_kps: 0.0000, loss: 0.8199
2026-10-06 20:32:11,495 - mmdet - INFO - Epoch [2][4950/6555]	lr: 1.000e-04, eta: 2:02:32, time: 0.269, data_time: 0.018, memory: 13344, loss_cls: 0.4340, loss_bbox: 0.4142, loss_kps: 0.0000, loss: 0.8482
2026-10-06 20:32:24,636 - mmdet - INFO - Epoch [2][5000/6555]	lr: 1.000e-04, eta: 2:02:19, time: 0.263, data_time: 0.016, memory: 13344, loss_cls: 0.4244, loss_bbox: 0.4156, loss_kps: 0.0000, loss: 0.8400
2026-10-06 20:32:37,732 - mmdet - INFO - Epoch [2][5050/6555]	lr: 1.000e-04, eta: 2:02:05, time: 0.262, data_time: 0.017, memory: 13344, loss_cls: 0.4308, loss_bbox: 0.4166, loss_kps: 0.0000, loss: 0.8474
2026-10-06 20:32:51,010 - mmdet - INFO - Epoch [2][5100/6555]	lr: 1.000e-04, eta: 2:01:52, time: 0.266, data_time: 0.017, memory: 13344, loss_cls: 0.4246, loss_bbox: 0.4200, loss_kps: 0.0000, loss: 0.8445
2026-10-06 20:33:04,308 - mmdet - INFO - Epoch [2][5150/6555]	lr: 1.000e-04, eta: 2:01:39, time: 0.266, data_time: 0.016, memory: 13344, loss_cls: 0.4336, loss_bbox: 0.4154, loss_kps: 0.0000, loss: 0.8491
2026-10-06 20:33:17,464 - mmdet - INFO - Epoch [2][5200/6555]	lr: 1.000e-04, eta: 2:01:26, time: 0.263, data_time: 0.017, memory: 13344, loss_cls: 0.4204, loss_bbox: 0.4215, loss_kps: 0.0000, loss: 0.8418
2026-10-06 20:33:30,530 - mmdet - INFO - Epoch [2][5250/6555]	lr: 1.000e-04, eta: 2:01:12, time: 0.261, data_time: 0.016, memory: 13344, loss_cls: 0.4457, loss_bbox: 0.4229, loss_kps: 0.0000, loss: 0.8686
2026-10-06 20:33:43,639 - mmdet - INFO - Epoch [2][5300/6555]	lr: 1.000e-04, eta: 2:00:59, time: 0.262, data_time: 0.017, memory: 13344, loss_cls: 0.4297, loss_bbox: 0.4218, loss_kps: 0.0000, loss: 0.8514
2026-10-06 20:33:56,996 - mmdet - INFO - Epoch [2][5350/6555]	lr: 1.000e-04, eta: 2:00:46, time: 0.267, data_time: 0.018, memory: 13344, loss_cls: 0.4222, loss_bbox: 0.4143, loss_kps: 0.0000, loss: 0.8365
2026-10-06 20:34:09,998 - mmdet - INFO - Epoch [2][5400/6555]	lr: 1.000e-04, eta: 2:00:32, time: 0.260, data_time: 0.017, memory: 13344, loss_cls: 0.4280, loss_bbox: 0.4251, loss_kps: 0.0000, loss: 0.8530
2026-10-06 20:34:23,217 - mmdet - INFO - Epoch [2][5450/6555]	lr: 1.000e-04, eta: 2:00:19, time: 0.264, data_time: 0.017, memory: 13344, loss_cls: 0.4305, loss_bbox: 0.4143, loss_kps: 0.0000, loss: 0.8448
2026-10-06 20:34:36,378 - mmdet - INFO - Epoch [2][5500/6555]	lr: 1.000e-04, eta: 2:00:06, time: 0.263, data_time: 0.018, memory: 13344, loss_cls: 0.4189, loss_bbox: 0.3961, loss_kps: 0.0000, loss: 0.8150
2026-10-06 20:34:49,515 - mmdet - INFO - Epoch [2][5550/6555]	lr: 1.000e-04, eta: 1:59:52, time: 0.263, data_time: 0.017, memory: 13344, loss_cls: 0.4116, loss_bbox: 0.4078, loss_kps: 0.0000, loss: 0.8194
2026-10-06 20:35:02,675 - mmdet - INFO - Epoch [2][5600/6555]	lr: 1.000e-04, eta: 1:59:39, time: 0.263, data_time: 0.017, memory: 13344, loss_cls: 0.4400, loss_bbox: 0.4180, loss_kps: 0.0000, loss: 0.8580
2026-10-06 20:35:15,520 - mmdet - INFO - Epoch [2][5650/6555]	lr: 1.000e-04, eta: 1:59:25, time: 0.257, data_time: 0.017, memory: 13344, loss_cls: 0.4413, loss_bbox: 0.4171, loss_kps: 0.0000, loss: 0.8584
2026-10-06 20:35:28,810 - mmdet - INFO - Epoch [2][5700/6555]	lr: 1.000e-04, eta: 1:59:12, time: 0.266, data_time: 0.017, memory: 13344, loss_cls: 0.4149, loss_bbox: 0.4154, loss_kps: 0.0000, loss: 0.8303
2026-10-06 20:35:41,614 - mmdet - INFO - Epoch [2][5750/6555]	lr: 1.000e-04, eta: 1:58:58, time: 0.256, data_time: 0.017, memory: 13344, loss_cls: 0.4436, loss_bbox: 0.4149, loss_kps: 0.0000, loss: 0.8586
2026-10-06 20:35:54,748 - mmdet - INFO - Epoch [2][5800/6555]	lr: 1.000e-04, eta: 1:58:44, time: 0.263, data_time: 0.017, memory: 13344, loss_cls: 0.4270, loss_bbox: 0.4129, loss_kps: 0.0000, loss: 0.8399
2026-10-06 20:36:08,309 - mmdet - INFO - Epoch [2][5850/6555]	lr: 1.000e-04, eta: 1:58:32, time: 0.271, data_time: 0.017, memory: 13344, loss_cls: 0.4389, loss_bbox: 0.4210, loss_kps: 0.0000, loss: 0.8599
2026-10-06 20:36:21,303 - mmdet - INFO - Epoch [2][5900/6555]	lr: 1.000e-04, eta: 1:58:18, time: 0.260, data_time: 0.017, memory: 13344, loss_cls: 0.4266, loss_bbox: 0.4054, loss_kps: 0.0000, loss: 0.8320
2026-10-06 20:36:34,987 - mmdet - INFO - Epoch [2][5950/6555]	lr: 1.000e-04, eta: 1:58:06, time: 0.274, data_time: 0.016, memory: 13344, loss_cls: 0.4307, loss_bbox: 0.4261, loss_kps: 0.0000, loss: 0.8568
2026-10-06 20:36:48,479 - mmdet - INFO - Epoch [2][6000/6555]	lr: 1.000e-04, eta: 1:57:54, time: 0.270, data_time: 0.017, memory: 13344, loss_cls: 0.4240, loss_bbox: 0.4299, loss_kps: 0.0000, loss: 0.8539
2026-10-06 20:37:01,608 - mmdet - INFO - Epoch [2][6050/6555]	lr: 1.000e-04, eta: 1:57:40, time: 0.263, data_time: 0.017, memory: 13344, loss_cls: 0.4482, loss_bbox: 0.4268, loss_kps: 0.0000, loss: 0.8750
2026-10-06 20:37:15,320 - mmdet - INFO - Epoch [2][6100/6555]	lr: 1.000e-04, eta: 1:57:28, time: 0.274, data_time: 0.018, memory: 13344, loss_cls: 0.4265, loss_bbox: 0.4172, loss_kps: 0.0000, loss: 0.8437
2026-10-06 20:37:28,404 - mmdet - INFO - Epoch [2][6150/6555]	lr: 1.000e-04, eta: 1:57:15, time: 0.262, data_time: 0.015, memory: 13344, loss_cls: 0.4200, loss_bbox: 0.4038, loss_kps: 0.0000, loss: 0.8238
2026-10-06 20:37:42,311 - mmdet - INFO - Epoch [2][6200/6555]	lr: 1.000e-04, eta: 1:57:03, time: 0.278, data_time: 0.014, memory: 13344, loss_cls: 0.4263, loss_bbox: 0.4125, loss_kps: 0.0000, loss: 0.8388
2026-10-06 20:37:55,581 - mmdet - INFO - Epoch [2][6250/6555]	lr: 1.000e-04, eta: 1:56:50, time: 0.265, data_time: 0.018, memory: 13344, loss_cls: 0.4148, loss_bbox: 0.4115, loss_kps: 0.0000, loss: 0.8264
2026-10-06 20:38:08,573 - mmdet - INFO - Epoch [2][6300/6555]	lr: 1.000e-04, eta: 1:56:36, time: 0.260, data_time: 0.017, memory: 13344, loss_cls: 0.4501, loss_bbox: 0.4272, loss_kps: 0.0000, loss: 0.8773
2026-10-06 20:38:21,563 - mmdet - INFO - Epoch [2][6350/6555]	lr: 1.000e-04, eta: 1:56:22, time: 0.260, data_time: 0.016, memory: 13344, loss_cls: 0.4375, loss_bbox: 0.4247, loss_kps: 0.0000, loss: 0.8622
2026-10-06 20:38:34,626 - mmdet - INFO - Epoch [2][6400/6555]	lr: 1.000e-04, eta: 1:56:09, time: 0.261, data_time: 0.016, memory: 13344, loss_cls: 0.4432, loss_bbox: 0.4147, loss_kps: 0.0000, loss: 0.8578
2026-10-06 20:38:48,038 - mmdet - INFO - Epoch [2][6450/6555]	lr: 1.000e-04, eta: 1:55:56, time: 0.268, data_time: 0.016, memory: 13344, loss_cls: 0.4352, loss_bbox: 0.4196, loss_kps: 0.0000, loss: 0.8548
2026-10-06 20:39:01,123 - mmdet - INFO - Epoch [2][6500/6555]	lr: 1.000e-04, eta: 1:55:43, time: 0.262, data_time: 0.017, memory: 13344, loss_cls: 0.4328, loss_bbox: 0.4256, loss_kps: 0.0000, loss: 0.8584
2026-10-06 20:39:11,585 - mmdet - INFO - Epoch [2][6550/6555]	lr: 1.000e-04, eta: 1:55:24, time: 0.209, data_time: 0.013, memory: 13344, loss_cls: 0.4168, loss_bbox: 0.4147, loss_kps: 0.0000, loss: 0.8315
2026-10-06 20:39:12,950 - mmdet - INFO - Saving checkpoint at 2 epochs
2026-10-06 20:39:37,417 - mmdet - INFO - Epoch [3][50/6555]	lr: 1.000e-04, eta: 1:55:29, time: 0.484, data_time: 0.190, memory: 13344, loss_cls: 0.4138, loss_bbox: 0.4108, loss_kps: 0.0000, loss: 0.8247
2026-10-06 20:39:50,421 - mmdet - INFO - Epoch [3][100/6555]	lr: 1.000e-04, eta: 1:55:15, time: 0.260, data_time: 0.017, memory: 13344, loss_cls: 0.4449, loss_bbox: 0.4214, loss_kps: 0.0000, loss: 0.8662
2026-10-06 20:40:03,301 - mmdet - INFO - Epoch [3][150/6555]	lr: 1.000e-04, eta: 1:55:01, time: 0.258, data_time: 0.016, memory: 13344, loss_cls: 0.4345, loss_bbox: 0.4248, loss_kps: 0.0000, loss: 0.8593
2026-10-06 20:40:16,279 - mmdet - INFO - Epoch [3][200/6555]	lr: 1.000e-04, eta: 1:54:47, time: 0.259, data_time: 0.016, memory: 13344, loss_cls: 0.4413, loss_bbox: 0.4299, loss_kps: 0.0000, loss: 0.8712
2026-10-06 20:40:29,264 - mmdet - INFO - Epoch [3][250/6555]	lr: 1.000e-04, eta: 1:54:33, time: 0.260, data_time: 0.016, memory: 13344, loss_cls: 0.4166, loss_bbox: 0.4019, loss_kps: 0.0000, loss: 0.8185
2026-10-06 20:40:42,324 - mmdet - INFO - Epoch [3][300/6555]	lr: 1.000e-04, eta: 1:54:20, time: 0.261, data_time: 0.016, memory: 13344, loss_cls: 0.4270, loss_bbox: 0.4110, loss_kps: 0.0000, loss: 0.8379
2026-10-06 20:40:55,425 - mmdet - INFO - Epoch [3][350/6555]	lr: 1.000e-04, eta: 1:54:06, time: 0.262, data_time: 0.018, memory: 13344, loss_cls: 0.4191, loss_bbox: 0.4079, loss_kps: 0.0000, loss: 0.8270
2026-10-06 20:41:08,683 - mmdet - INFO - Epoch [3][400/6555]	lr: 1.000e-04, eta: 1:53:53, time: 0.265, data_time: 0.017, memory: 13344, loss_cls: 0.4295, loss_bbox: 0.4081, loss_kps: 0.0000, loss: 0.8377
2026-10-06 20:41:21,797 - mmdet - INFO - Epoch [3][450/6555]	lr: 1.000e-04, eta: 1:53:40, time: 0.262, data_time: 0.016, memory: 13344, loss_cls: 0.4134, loss_bbox: 0.4050, loss_kps: 0.0000, loss: 0.8184
2026-10-06 20:41:35,142 - mmdet - INFO - Epoch [3][500/6555]	lr: 1.000e-04, eta: 1:53:27, time: 0.267, data_time: 0.016, memory: 13344, loss_cls: 0.4275, loss_bbox: 0.4179, loss_kps: 0.0000, loss: 0.8454
2026-10-06 20:41:48,458 - mmdet - INFO - Epoch [3][550/6555]	lr: 1.000e-04, eta: 1:53:14, time: 0.266, data_time: 0.018, memory: 13344, loss_cls: 0.4233, loss_bbox: 0.4229, loss_kps: 0.0000, loss: 0.8462
2026-10-06 20:42:01,821 - mmdet - INFO - Epoch [3][600/6555]	lr: 1.000e-04, eta: 1:53:01, time: 0.267, data_time: 0.017, memory: 13344, loss_cls: 0.4177, loss_bbox: 0.4154, loss_kps: 0.0000, loss: 0.8330
2026-10-06 20:42:14,707 - mmdet - INFO - Epoch [3][650/6555]	lr: 1.000e-04, eta: 1:52:47, time: 0.258, data_time: 0.016, memory: 13344, loss_cls: 0.4270, loss_bbox: 0.4222, loss_kps: 0.0000, loss: 0.8492
2026-10-06 20:42:28,045 - mmdet - INFO - Epoch [3][700/6555]	lr: 1.000e-04, eta: 1:52:34, time: 0.267, data_time: 0.018, memory: 13344, loss_cls: 0.4350, loss_bbox: 0.4203, loss_kps: 0.0000, loss: 0.8553
2026-10-06 20:42:41,256 - mmdet - INFO - Epoch [3][750/6555]	lr: 1.000e-04, eta: 1:52:20, time: 0.264, data_time: 0.016, memory: 13344, loss_cls: 0.4401, loss_bbox: 0.4189, loss_kps: 0.0000, loss: 0.8590
2026-10-06 20:42:54,483 - mmdet - INFO - Epoch [3][800/6555]	lr: 1.000e-04, eta: 1:52:07, time: 0.265, data_time: 0.017, memory: 13344, loss_cls: 0.4292, loss_bbox: 0.4031, loss_kps: 0.0000, loss: 0.8322
2026-10-06 20:43:07,380 - mmdet - INFO - Epoch [3][850/6555]	lr: 1.000e-04, eta: 1:51:53, time: 0.258, data_time: 0.017, memory: 13344, loss_cls: 0.4273, loss_bbox: 0.4128, loss_kps: 0.0000, loss: 0.8401
2026-10-06 20:43:20,588 - mmdet - INFO - Epoch [3][900/6555]	lr: 1.000e-04, eta: 1:51:40, time: 0.264, data_time: 0.017, memory: 13344, loss_cls: 0.4245, loss_bbox: 0.4132, loss_kps: 0.0000, loss: 0.8377
2026-10-06 20:43:33,828 - mmdet - INFO - Epoch [3][950/6555]	lr: 1.000e-04, eta: 1:51:27, time: 0.265, data_time: 0.017, memory: 13344, loss_cls: 0.4333, loss_bbox: 0.4116, loss_kps: 0.0000, loss: 0.8448
2026-10-06 20:43:46,946 - mmdet - INFO - Epoch [3][1000/6555]	lr: 1.000e-04, eta: 1:51:13, time: 0.262, data_time: 0.016, memory: 13344, loss_cls: 0.4323, loss_bbox: 0.4196, loss_kps: 0.0000, loss: 0.8518
2026-10-06 20:44:00,120 - mmdet - INFO - Epoch [3][1050/6555]	lr: 1.000e-04, eta: 1:51:00, time: 0.263, data_time: 0.018, memory: 13344, loss_cls: 0.4237, loss_bbox: 0.4198, loss_kps: 0.0000, loss: 0.8435
2026-10-06 20:44:13,389 - mmdet - INFO - Epoch [3][1100/6555]	lr: 1.000e-04, eta: 1:50:47, time: 0.265, data_time: 0.017, memory: 13344, loss_cls: 0.4382, loss_bbox: 0.4139, loss_kps: 0.0000, loss: 0.8520
2026-10-06 20:44:27,276 - mmdet - INFO - Epoch [3][1150/6555]	lr: 1.000e-04, eta: 1:50:35, time: 0.278, data_time: 0.016, memory: 13344, loss_cls: 0.4167, loss_bbox: 0.4132, loss_kps: 0.0000, loss: 0.8299
2026-10-06 20:44:40,982 - mmdet - INFO - Epoch [3][1200/6555]	lr: 1.000e-04, eta: 1:50:22, time: 0.274, data_time: 0.017, memory: 13344, loss_cls: 0.4381, loss_bbox: 0.4232, loss_kps: 0.0000, loss: 0.8614
2026-10-06 20:44:54,286 - mmdet - INFO - Epoch [3][1250/6555]	lr: 1.000e-04, eta: 1:50:09, time: 0.266, data_time: 0.017, memory: 13344, loss_cls: 0.4190, loss_bbox: 0.4112, loss_kps: 0.0000, loss: 0.8302
2026-10-06 20:45:07,202 - mmdet - INFO - Epoch [3][1300/6555]	lr: 1.000e-04, eta: 1:49:55, time: 0.258, data_time: 0.017, memory: 13344, loss_cls: 0.4275, loss_bbox: 0.4212, loss_kps: 0.0000, loss: 0.8486
2026-10-06 20:45:20,234 - mmdet - INFO - Epoch [3][1350/6555]	lr: 1.000e-04, eta: 1:49:42, time: 0.261, data_time: 0.016, memory: 13344, loss_cls: 0.4231, loss_bbox: 0.4188, loss_kps: 0.0000, loss: 0.8419
2026-10-06 20:45:34,663 - mmdet - INFO - Epoch [3][1400/6555]	lr: 1.000e-04, eta: 1:49:31, time: 0.289, data_time: 0.015, memory: 13344, loss_cls: 0.4335, loss_bbox: 0.4231, loss_kps: 0.0000, loss: 0.8566
2026-10-06 20:45:48,071 - mmdet - INFO - Epoch [3][1450/6555]	lr: 1.000e-04, eta: 1:49:18, time: 0.268, data_time: 0.016, memory: 13344, loss_cls: 0.4372, loss_bbox: 0.4145, loss_kps: 0.0000, loss: 0.8517
2026-10-06 20:46:01,084 - mmdet - INFO - Epoch [3][1500/6555]	lr: 1.000e-04, eta: 1:49:04, time: 0.260, data_time: 0.018, memory: 13344, loss_cls: 0.4422, loss_bbox: 0.4158, loss_kps: 0.0000, loss: 0.8580
2026-10-06 20:46:14,537 - mmdet - INFO - Epoch [3][1550/6555]	lr: 1.000e-04, eta: 1:48:51, time: 0.269, data_time: 0.017, memory: 13344, loss_cls: 0.4474, loss_bbox: 0.4255, loss_kps: 0.0000, loss: 0.8729
2026-10-06 20:46:27,638 - mmdet - INFO - Epoch [3][1600/6555]	lr: 1.000e-04, eta: 1:48:38, time: 0.262, data_time: 0.017, memory: 13344, loss_cls: 0.4315, loss_bbox: 0.4166, loss_kps: 0.0000, loss: 0.8481
2026-10-06 20:46:41,028 - mmdet - INFO - Epoch [3][1650/6555]	lr: 1.000e-04, eta: 1:48:25, time: 0.268, data_time: 0.016, memory: 13344, loss_cls: 0.4186, loss_bbox: 0.4078, loss_kps: 0.0000, loss: 0.8264
2026-10-06 20:46:54,217 - mmdet - INFO - Epoch [3][1700/6555]	lr: 1.000e-04, eta: 1:48:11, time: 0.264, data_time: 0.016, memory: 13344, loss_cls: 0.4075, loss_bbox: 0.4164, loss_kps: 0.0000, loss: 0.8239
2026-10-06 20:47:07,441 - mmdet - INFO - Epoch [3][1750/6555]	lr: 1.000e-04, eta: 1:47:58, time: 0.264, data_time: 0.017, memory: 13344, loss_cls: 0.4306, loss_bbox: 0.4133, loss_kps: 0.0000, loss: 0.8439
2026-10-06 20:47:20,509 - mmdet - INFO - Epoch [3][1800/6555]	lr: 1.000e-04, eta: 1:47:45, time: 0.261, data_time: 0.017, memory: 13344, loss_cls: 0.4163, loss_bbox: 0.4084, loss_kps: 0.0000, loss: 0.8247
2026-10-06 20:47:33,548 - mmdet - INFO - Epoch [3][1850/6555]	lr: 1.000e-04, eta: 1:47:31, time: 0.261, data_time: 0.017, memory: 13344, loss_cls: 0.4185, loss_bbox: 0.4120, loss_kps: 0.0000, loss: 0.8305
2026-10-06 20:47:46,752 - mmdet - INFO - Epoch [3][1900/6555]	lr: 1.000e-04, eta: 1:47:18, time: 0.264, data_time: 0.017, memory: 13344, loss_cls: 0.4242, loss_bbox: 0.4100, loss_kps: 0.0000, loss: 0.8342
2026-10-06 20:47:59,886 - mmdet - INFO - Epoch [3][1950/6555]	lr: 1.000e-04, eta: 1:47:04, time: 0.263, data_time: 0.016, memory: 13344, loss_cls: 0.4206, loss_bbox: 0.4087, loss_kps: 0.0000, loss: 0.8293
2026-10-06 20:48:13,059 - mmdet - INFO - Epoch [3][2000/6555]	lr: 1.000e-04, eta: 1:46:51, time: 0.264, data_time: 0.017, memory: 13344, loss_cls: 0.4207, loss_bbox: 0.4123, loss_kps: 0.0000, loss: 0.8329
2026-10-06 20:48:26,099 - mmdet - INFO - Epoch [3][2050/6555]	lr: 1.000e-04, eta: 1:46:38, time: 0.261, data_time: 0.017, memory: 13344, loss_cls: 0.4542, loss_bbox: 0.4190, loss_kps: 0.0000, loss: 0.8732
2026-10-06 20:48:39,139 - mmdet - INFO - Epoch [3][2100/6555]	lr: 1.000e-04, eta: 1:46:24, time: 0.261, data_time: 0.016, memory: 13344, loss_cls: 0.4328, loss_bbox: 0.4214, loss_kps: 0.0000, loss: 0.8542
2026-10-06 20:48:52,094 - mmdet - INFO - Epoch [3][2150/6555]	lr: 1.000e-04, eta: 1:46:10, time: 0.259, data_time: 0.016, memory: 13344, loss_cls: 0.4462, loss_bbox: 0.4335, loss_kps: 0.0000, loss: 0.8798
2026-10-06 20:49:05,268 - mmdet - INFO - Epoch [3][2200/6555]	lr: 1.000e-04, eta: 1:45:57, time: 0.263, data_time: 0.017, memory: 13344, loss_cls: 0.4476, loss_bbox: 0.4376, loss_kps: 0.0000, loss: 0.8852
2026-10-06 20:49:18,258 - mmdet - INFO - Epoch [3][2250/6555]	lr: 1.000e-04, eta: 1:45:43, time: 0.260, data_time: 0.016, memory: 13344, loss_cls: 0.4298, loss_bbox: 0.4189, loss_kps: 0.0000, loss: 0.8487
2026-10-06 20:49:31,196 - mmdet - INFO - Epoch [3][2300/6555]	lr: 1.000e-04, eta: 1:45:30, time: 0.259, data_time: 0.016, memory: 13344, loss_cls: 0.4197, loss_bbox: 0.4149, loss_kps: 0.0000, loss: 0.8346
2026-10-06 20:49:44,577 - mmdet - INFO - Epoch [3][2350/6555]	lr: 1.000e-04, eta: 1:45:17, time: 0.268, data_time: 0.017, memory: 13344, loss_cls: 0.4194, loss_bbox: 0.4099, loss_kps: 0.0000, loss: 0.8293
2026-10-06 20:49:57,709 - mmdet - INFO - Epoch [3][2400/6555]	lr: 1.000e-04, eta: 1:45:03, time: 0.263, data_time: 0.017, memory: 13344, loss_cls: 0.4335, loss_bbox: 0.4105, loss_kps: 0.0000, loss: 0.8440
2026-10-06 20:50:10,819 - mmdet - INFO - Epoch [3][2450/6555]	lr: 1.000e-04, eta: 1:44:50, time: 0.262, data_time: 0.017, memory: 13344, loss_cls: 0.4299, loss_bbox: 0.4165, loss_kps: 0.0000, loss: 0.8464
2026-10-06 20:50:23,891 - mmdet - INFO - Epoch [3][2500/6555]	lr: 1.000e-04, eta: 1:44:36, time: 0.261, data_time: 0.017, memory: 13344, loss_cls: 0.4307, loss_bbox: 0.4167, loss_kps: 0.0000, loss: 0.8473
2026-10-06 20:50:37,358 - mmdet - INFO - Epoch [3][2550/6555]	lr: 1.000e-04, eta: 1:44:24, time: 0.269, data_time: 0.019, memory: 13344, loss_cls: 0.4279, loss_bbox: 0.4145, loss_kps: 0.0000, loss: 0.8424
2026-10-06 20:50:50,477 - mmdet - INFO - Epoch [3][2600/6555]	lr: 1.000e-04, eta: 1:44:10, time: 0.262, data_time: 0.017, memory: 13344, loss_cls: 0.4347, loss_bbox: 0.4148, loss_kps: 0.0000, loss: 0.8495
2026-10-06 20:51:03,727 - mmdet - INFO - Epoch [3][2650/6555]	lr: 1.000e-04, eta: 1:43:57, time: 0.265, data_time: 0.017, memory: 13344, loss_cls: 0.4412, loss_bbox: 0.4113, loss_kps: 0.0000, loss: 0.8525
2026-10-06 20:51:16,796 - mmdet - INFO - Epoch [3][2700/6555]	lr: 1.000e-04, eta: 1:43:43, time: 0.261, data_time: 0.016, memory: 13344, loss_cls: 0.4233, loss_bbox: 0.4161, loss_kps: 0.0000, loss: 0.8395
2026-10-06 20:51:29,853 - mmdet - INFO - Epoch [3][2750/6555]	lr: 1.000e-04, eta: 1:43:30, time: 0.261, data_time: 0.017, memory: 13344, loss_cls: 0.4238, loss_bbox: 0.4146, loss_kps: 0.0000, loss: 0.8384
2026-10-06 20:51:42,974 - mmdet - INFO - Epoch [3][2800/6555]	lr: 1.000e-04, eta: 1:43:17, time: 0.262, data_time: 0.016, memory: 13344, loss_cls: 0.4441, loss_bbox: 0.4170, loss_kps: 0.0000, loss: 0.8610
2026-10-06 20:51:56,247 - mmdet - INFO - Epoch [3][2850/6555]	lr: 1.000e-04, eta: 1:43:03, time: 0.265, data_time: 0.016, memory: 13344, loss_cls: 0.4348, loss_bbox: 0.4251, loss_kps: 0.0000, loss: 0.8599
2026-10-06 20:52:09,590 - mmdet - INFO - Epoch [3][2900/6555]	lr: 1.000e-04, eta: 1:42:50, time: 0.267, data_time: 0.017, memory: 13344, loss_cls: 0.4126, loss_bbox: 0.3987, loss_kps: 0.0000, loss: 0.8113
2026-10-06 20:52:23,147 - mmdet - INFO - Epoch [3][2950/6555]	lr: 1.000e-04, eta: 1:42:38, time: 0.271, data_time: 0.016, memory: 13344, loss_cls: 0.4229, loss_bbox: 0.4112, loss_kps: 0.0000, loss: 0.8341
2026-10-06 20:52:36,669 - mmdet - INFO - Epoch [3][3000/6555]	lr: 1.000e-04, eta: 1:42:25, time: 0.270, data_time: 0.018, memory: 13344, loss_cls: 0.4448, loss_bbox: 0.4154, loss_kps: 0.0000, loss: 0.8602
2026-10-06 20:52:49,818 - mmdet - INFO - Epoch [3][3050/6555]	lr: 1.000e-04, eta: 1:42:11, time: 0.263, data_time: 0.017, memory: 13344, loss_cls: 0.4235, loss_bbox: 0.4080, loss_kps: 0.0000, loss: 0.8315
2026-10-06 20:53:03,698 - mmdet - INFO - Epoch [3][3100/6555]	lr: 1.000e-04, eta: 1:41:59, time: 0.278, data_time: 0.016, memory: 13344, loss_cls: 0.4338, loss_bbox: 0.4103, loss_kps: 0.0000, loss: 0.8440
2026-10-06 20:53:17,268 - mmdet - INFO - Epoch [3][3150/6555]	lr: 1.000e-04, eta: 1:41:46, time: 0.271, data_time: 0.016, memory: 13344, loss_cls: 0.4490, loss_bbox: 0.4142, loss_kps: 0.0000, loss: 0.8632
2026-10-06 20:53:30,446 - mmdet - INFO - Epoch [3][3200/6555]	lr: 1.000e-04, eta: 1:41:33, time: 0.264, data_time: 0.016, memory: 13344, loss_cls: 0.4209, loss_bbox: 0.4115, loss_kps: 0.0000, loss: 0.8324
2026-10-06 20:53:43,793 - mmdet - INFO - Epoch [3][3250/6555]	lr: 1.000e-04, eta: 1:41:20, time: 0.267, data_time: 0.016, memory: 13344, loss_cls: 0.4402, loss_bbox: 0.4401, loss_kps: 0.0000, loss: 0.8804
2026-10-06 20:53:56,909 - mmdet - INFO - Epoch [3][3300/6555]	lr: 1.000e-04, eta: 1:41:07, time: 0.262, data_time: 0.016, memory: 13344, loss_cls: 0.4096, loss_bbox: 0.4062, loss_kps: 0.0000, loss: 0.8158
2026-10-06 20:54:10,134 - mmdet - INFO - Epoch [3][3350/6555]	lr: 1.000e-04, eta: 1:40:53, time: 0.264, data_time: 0.017, memory: 13344, loss_cls: 0.4252, loss_bbox: 0.4181, loss_kps: 0.0000, loss: 0.8433
2026-10-06 20:54:23,553 - mmdet - INFO - Epoch [3][3400/6555]	lr: 1.000e-04, eta: 1:40:40, time: 0.268, data_time: 0.017, memory: 13344, loss_cls: 0.4311, loss_bbox: 0.4140, loss_kps: 0.0000, loss: 0.8451
2026-10-06 20:54:36,414 - mmdet - INFO - Epoch [3][3450/6555]	lr: 1.000e-04, eta: 1:40:27, time: 0.257, data_time: 0.015, memory: 13344, loss_cls: 0.4176, loss_bbox: 0.4099, loss_kps: 0.0000, loss: 0.8275
2026-10-06 20:54:49,522 - mmdet - INFO - Epoch [3][3500/6555]	lr: 1.000e-04, eta: 1:40:13, time: 0.262, data_time: 0.018, memory: 13344, loss_cls: 0.4377, loss_bbox: 0.4129, loss_kps: 0.0000, loss: 0.8506
2026-10-06 20:55:03,076 - mmdet - INFO - Epoch [3][3550/6555]	lr: 1.000e-04, eta: 1:40:00, time: 0.271, data_time: 0.018, memory: 13344, loss_cls: 0.4368, loss_bbox: 0.4196, loss_kps: 0.0000, loss: 0.8564
2026-10-06 20:55:16,539 - mmdet - INFO - Epoch [3][3600/6555]	lr: 1.000e-04, eta: 1:39:47, time: 0.269, data_time: 0.018, memory: 13344, loss_cls: 0.4136, loss_bbox: 0.4108, loss_kps: 0.0000, loss: 0.8245
2026-10-06 20:55:29,573 - mmdet - INFO - Epoch [3][3650/6555]	lr: 1.000e-04, eta: 1:39:34, time: 0.261, data_time: 0.015, memory: 13344, loss_cls: 0.4414, loss_bbox: 0.4244, loss_kps: 0.0000, loss: 0.8658
2026-10-06 20:55:42,737 - mmdet - INFO - Epoch [3][3700/6555]	lr: 1.000e-04, eta: 1:39:21, time: 0.263, data_time: 0.017, memory: 13344, loss_cls: 0.4328, loss_bbox: 0.4270, loss_kps: 0.0000, loss: 0.8598
2026-10-06 20:55:55,733 - mmdet - INFO - Epoch [3][3750/6555]	lr: 1.000e-04, eta: 1:39:07, time: 0.260, data_time: 0.019, memory: 13344, loss_cls: 0.3964, loss_bbox: 0.3951, loss_kps: 0.0000, loss: 0.7915
2026-10-06 20:56:08,664 - mmdet - INFO - Epoch [3][3800/6555]	lr: 1.000e-04, eta: 1:38:53, time: 0.259, data_time: 0.015, memory: 13344, loss_cls: 0.4495, loss_bbox: 0.4222, loss_kps: 0.0000, loss: 0.8717
2026-10-06 20:56:21,776 - mmdet - INFO - Epoch [3][3850/6555]	lr: 1.000e-04, eta: 1:38:40, time: 0.262, data_time: 0.017, memory: 13344, loss_cls: 0.4245, loss_bbox: 0.4128, loss_kps: 0.0000, loss: 0.8372
2026-10-06 20:56:34,823 - mmdet - INFO - Epoch [3][3900/6555]	lr: 1.000e-04, eta: 1:38:27, time: 0.261, data_time: 0.017, memory: 13344, loss_cls: 0.4390, loss_bbox: 0.4133, loss_kps: 0.0000, loss: 0.8523
2026-10-06 20:56:47,949 - mmdet - INFO - Epoch [3][3950/6555]	lr: 1.000e-04, eta: 1:38:13, time: 0.262, data_time: 0.017, memory: 13344, loss_cls: 0.4322, loss_bbox: 0.4192, loss_kps: 0.0000, loss: 0.8514
2026-10-06 20:57:00,822 - mmdet - INFO - Epoch [3][4000/6555]	lr: 1.000e-04, eta: 1:37:59, time: 0.257, data_time: 0.016, memory: 13344, loss_cls: 0.4273, loss_bbox: 0.4157, loss_kps: 0.0000, loss: 0.8430
2026-10-06 20:57:13,979 - mmdet - INFO - Epoch [3][4050/6555]	lr: 1.000e-04, eta: 1:37:46, time: 0.263, data_time: 0.017, memory: 13344, loss_cls: 0.4053, loss_bbox: 0.3976, loss_kps: 0.0000, loss: 0.8029
2026-10-06 20:57:27,256 - mmdet - INFO - Epoch [3][4100/6555]	lr: 1.000e-04, eta: 1:37:33, time: 0.265, data_time: 0.017, memory: 13344, loss_cls: 0.4334, loss_bbox: 0.4191, loss_kps: 0.0000, loss: 0.8525
2026-10-06 20:57:40,087 - mmdet - INFO - Epoch [3][4150/6555]	lr: 1.000e-04, eta: 1:37:19, time: 0.257, data_time: 0.017, memory: 13344, loss_cls: 0.4264, loss_bbox: 0.4208, loss_kps: 0.0000, loss: 0.8472
2026-10-06 20:57:53,142 - mmdet - INFO - Epoch [3][4200/6555]	lr: 1.000e-04, eta: 1:37:06, time: 0.261, data_time: 0.017, memory: 13344, loss_cls: 0.4252, loss_bbox: 0.4201, loss_kps: 0.0000, loss: 0.8453
2026-10-06 20:58:06,090 - mmdet - INFO - Epoch [3][4250/6555]	lr: 1.000e-04, eta: 1:36:52, time: 0.259, data_time: 0.016, memory: 13344, loss_cls: 0.4137, loss_bbox: 0.3998, loss_kps: 0.0000, loss: 0.8135
2026-10-06 20:58:18,961 - mmdet - INFO - Epoch [3][4300/6555]	lr: 1.000e-04, eta: 1:36:38, time: 0.257, data_time: 0.016, memory: 13344, loss_cls: 0.4248, loss_bbox: 0.4099, loss_kps: 0.0000, loss: 0.8348
2026-10-06 20:58:31,944 - mmdet - INFO - Epoch [3][4350/6555]	lr: 1.000e-04, eta: 1:36:25, time: 0.260, data_time: 0.016, memory: 13344, loss_cls: 0.4309, loss_bbox: 0.4254, loss_kps: 0.0000, loss: 0.8562
2026-10-06 20:58:45,220 - mmdet - INFO - Epoch [3][4400/6555]	lr: 1.000e-04, eta: 1:36:12, time: 0.265, data_time: 0.015, memory: 13344, loss_cls: 0.4221, loss_bbox: 0.4151, loss_kps: 0.0000, loss: 0.8372
2026-10-06 20:58:58,606 - mmdet - INFO - Epoch [3][4450/6555]	lr: 1.000e-04, eta: 1:35:59, time: 0.268, data_time: 0.019, memory: 13344, loss_cls: 0.4151, loss_bbox: 0.4044, loss_kps: 0.0000, loss: 0.8196
2026-10-06 20:59:11,501 - mmdet - INFO - Epoch [3][4500/6555]	lr: 1.000e-04, eta: 1:35:45, time: 0.258, data_time: 0.015, memory: 13344, loss_cls: 0.4540, loss_bbox: 0.4309, loss_kps: 0.0000, loss: 0.8849
2026-10-06 20:59:24,629 - mmdet - INFO - Epoch [3][4550/6555]	lr: 1.000e-04, eta: 1:35:32, time: 0.263, data_time: 0.016, memory: 13344, loss_cls: 0.4329, loss_bbox: 0.4304, loss_kps: 0.0000, loss: 0.8634
2026-10-06 20:59:37,692 - mmdet - INFO - Epoch [3][4600/6555]	lr: 1.000e-04, eta: 1:35:18, time: 0.261, data_time: 0.017, memory: 13344, loss_cls: 0.4455, loss_bbox: 0.4238, loss_kps: 0.0000, loss: 0.8693
2026-10-06 20:59:50,894 - mmdet - INFO - Epoch [3][4650/6555]	lr: 1.000e-04, eta: 1:35:05, time: 0.264, data_time: 0.015, memory: 13344, loss_cls: 0.4345, loss_bbox: 0.4168, loss_kps: 0.0000, loss: 0.8513
2026-10-06 21:00:04,077 - mmdet - INFO - Epoch [3][4700/6555]	lr: 1.000e-04, eta: 1:34:52, time: 0.264, data_time: 0.017, memory: 13344, loss_cls: 0.4238, loss_bbox: 0.4099, loss_kps: 0.0000, loss: 0.8337
2026-10-06 21:00:17,868 - mmdet - INFO - Epoch [3][4750/6555]	lr: 1.000e-04, eta: 1:34:39, time: 0.276, data_time: 0.016, memory: 13344, loss_cls: 0.4248, loss_bbox: 0.4034, loss_kps: 0.0000, loss: 0.8282
2026-10-06 21:00:31,419 - mmdet - INFO - Epoch [3][4800/6555]	lr: 1.000e-04, eta: 1:34:26, time: 0.271, data_time: 0.016, memory: 13344, loss_cls: 0.4366, loss_bbox: 0.4295, loss_kps: 0.0000, loss: 0.8662
2026-10-06 21:00:45,083 - mmdet - INFO - Epoch [3][4850/6555]	lr: 1.000e-04, eta: 1:34:14, time: 0.273, data_time: 0.017, memory: 13344, loss_cls: 0.4316, loss_bbox: 0.4270, loss_kps: 0.0000, loss: 0.8586
2026-10-06 21:00:57,962 - mmdet - INFO - Epoch [3][4900/6555]	lr: 1.000e-04, eta: 1:34:00, time: 0.258, data_time: 0.016, memory: 13344, loss_cls: 0.4169, loss_bbox: 0.4241, loss_kps: 0.0000, loss: 0.8410
2026-10-06 21:01:10,929 - mmdet - INFO - Epoch [3][4950/6555]	lr: 1.000e-04, eta: 1:33:47, time: 0.259, data_time: 0.017, memory: 13344, loss_cls: 0.4220, loss_bbox: 0.4135, loss_kps: 0.0000, loss: 0.8355
2026-10-06 21:01:24,140 - mmdet - INFO - Epoch [3][5000/6555]	lr: 1.000e-04, eta: 1:33:33, time: 0.264, data_time: 0.016, memory: 13344, loss_cls: 0.4371, loss_bbox: 0.4186, loss_kps: 0.0000, loss: 0.8557
2026-10-06 21:01:37,518 - mmdet - INFO - Epoch [3][5050/6555]	lr: 1.000e-04, eta: 1:33:20, time: 0.268, data_time: 0.016, memory: 13344, loss_cls: 0.4130, loss_bbox: 0.4138, loss_kps: 0.0000, loss: 0.8268
2026-10-06 21:01:50,927 - mmdet - INFO - Epoch [3][5100/6555]	lr: 1.000e-04, eta: 1:33:07, time: 0.268, data_time: 0.017, memory: 13344, loss_cls: 0.4191, loss_bbox: 0.4085, loss_kps: 0.0000, loss: 0.8276
2026-10-06 21:02:04,603 - mmdet - INFO - Epoch [3][5150/6555]	lr: 1.000e-04, eta: 1:32:55, time: 0.273, data_time: 0.016, memory: 13344, loss_cls: 0.4555, loss_bbox: 0.4104, loss_kps: 0.0000, loss: 0.8660
2026-10-06 21:02:17,821 - mmdet - INFO - Epoch [3][5200/6555]	lr: 1.000e-04, eta: 1:32:41, time: 0.264, data_time: 0.017, memory: 13344, loss_cls: 0.4338, loss_bbox: 0.4079, loss_kps: 0.0000, loss: 0.8416
2026-10-06 21:02:31,137 - mmdet - INFO - Epoch [3][5250/6555]	lr: 1.000e-04, eta: 1:32:28, time: 0.266, data_time: 0.017, memory: 13344, loss_cls: 0.4290, loss_bbox: 0.4123, loss_kps: 0.0000, loss: 0.8412
2026-10-06 21:02:44,054 - mmdet - INFO - Epoch [3][5300/6555]	lr: 1.000e-04, eta: 1:32:15, time: 0.258, data_time: 0.018, memory: 13344, loss_cls: 0.4485, loss_bbox: 0.4171, loss_kps: 0.0000, loss: 0.8656
2026-10-06 21:02:57,387 - mmdet - INFO - Epoch [3][5350/6555]	lr: 1.000e-04, eta: 1:32:01, time: 0.267, data_time: 0.018, memory: 13344, loss_cls: 0.4391, loss_bbox: 0.4128, loss_kps: 0.0000, loss: 0.8519
2026-10-06 21:03:10,581 - mmdet - INFO - Epoch [3][5400/6555]	lr: 1.000e-04, eta: 1:31:48, time: 0.264, data_time: 0.017, memory: 13344, loss_cls: 0.4231, loss_bbox: 0.4086, loss_kps: 0.0000, loss: 0.8317
2026-10-06 21:03:23,640 - mmdet - INFO - Epoch [3][5450/6555]	lr: 1.000e-04, eta: 1:31:35, time: 0.261, data_time: 0.018, memory: 13344, loss_cls: 0.4228, loss_bbox: 0.4131, loss_kps: 0.0000, loss: 0.8359
2026-10-06 21:03:36,959 - mmdet - INFO - Epoch [3][5500/6555]	lr: 1.000e-04, eta: 1:31:22, time: 0.266, data_time: 0.017, memory: 13344, loss_cls: 0.4388, loss_bbox: 0.4200, loss_kps: 0.0000, loss: 0.8588
2026-10-06 21:03:50,187 - mmdet - INFO - Epoch [3][5550/6555]	lr: 1.000e-04, eta: 1:31:08, time: 0.264, data_time: 0.016, memory: 13344, loss_cls: 0.4332, loss_bbox: 0.4188, loss_kps: 0.0000, loss: 0.8520
2026-10-06 21:04:03,611 - mmdet - INFO - Epoch [3][5600/6555]	lr: 1.000e-04, eta: 1:30:55, time: 0.268, data_time: 0.018, memory: 13344, loss_cls: 0.4180, loss_bbox: 0.4127, loss_kps: 0.0000, loss: 0.8307
2026-10-06 21:04:16,695 - mmdet - INFO - Epoch [3][5650/6555]	lr: 1.000e-04, eta: 1:30:42, time: 0.262, data_time: 0.017, memory: 13344, loss_cls: 0.4225, loss_bbox: 0.3993, loss_kps: 0.0000, loss: 0.8218
2026-10-06 21:04:30,033 - mmdet - INFO - Epoch [3][5700/6555]	lr: 1.000e-04, eta: 1:30:29, time: 0.267, data_time: 0.017, memory: 13344, loss_cls: 0.4145, loss_bbox: 0.4084, loss_kps: 0.0000, loss: 0.8229
2026-10-06 21:04:43,159 - mmdet - INFO - Epoch [3][5750/6555]	lr: 1.000e-04, eta: 1:30:16, time: 0.263, data_time: 0.016, memory: 13344, loss_cls: 0.4254, loss_bbox: 0.4012, loss_kps: 0.0000, loss: 0.8266
2026-10-06 21:04:56,180 - mmdet - INFO - Epoch [3][5800/6555]	lr: 1.000e-04, eta: 1:30:02, time: 0.260, data_time: 0.017, memory: 13344, loss_cls: 0.4584, loss_bbox: 0.4226, loss_kps: 0.0000, loss: 0.8810
2026-10-06 21:05:09,244 - mmdet - INFO - Epoch [3][5850/6555]	lr: 1.000e-04, eta: 1:29:49, time: 0.261, data_time: 0.017, memory: 13344, loss_cls: 0.4395, loss_bbox: 0.4047, loss_kps: 0.0000, loss: 0.8442
2026-10-06 21:05:22,221 - mmdet - INFO - Epoch [3][5900/6555]	lr: 1.000e-04, eta: 1:29:35, time: 0.260, data_time: 0.017, memory: 13344, loss_cls: 0.4135, loss_bbox: 0.4190, loss_kps: 0.0000, loss: 0.8326
2026-10-06 21:05:35,406 - mmdet - INFO - Epoch [3][5950/6555]	lr: 1.000e-04, eta: 1:29:22, time: 0.264, data_time: 0.019, memory: 13344, loss_cls: 0.4347, loss_bbox: 0.4231, loss_kps: 0.0000, loss: 0.8578
2026-10-06 21:05:48,550 - mmdet - INFO - Epoch [3][6000/6555]	lr: 1.000e-04, eta: 1:29:09, time: 0.263, data_time: 0.017, memory: 13344, loss_cls: 0.4225, loss_bbox: 0.4177, loss_kps: 0.0000, loss: 0.8403
2026-10-06 21:06:01,505 - mmdet - INFO - Epoch [3][6050/6555]	lr: 1.000e-04, eta: 1:28:55, time: 0.259, data_time: 0.016, memory: 13344, loss_cls: 0.4687, loss_bbox: 0.4289, loss_kps: 0.0000, loss: 0.8975
2026-10-06 21:06:14,794 - mmdet - INFO - Epoch [3][6100/6555]	lr: 1.000e-04, eta: 1:28:42, time: 0.266, data_time: 0.018, memory: 13344, loss_cls: 0.4274, loss_bbox: 0.4116, loss_kps: 0.0000, loss: 0.8389
2026-10-06 21:06:27,996 - mmdet - INFO - Epoch [3][6150/6555]	lr: 1.000e-04, eta: 1:28:29, time: 0.264, data_time: 0.016, memory: 13344, loss_cls: 0.4260, loss_bbox: 0.4071, loss_kps: 0.0000, loss: 0.8332
2026-10-06 21:06:41,107 - mmdet - INFO - Epoch [3][6200/6555]	lr: 1.000e-04, eta: 1:28:15, time: 0.262, data_time: 0.017, memory: 13344, loss_cls: 0.4185, loss_bbox: 0.4061, loss_kps: 0.0000, loss: 0.8246
2026-10-06 21:06:54,216 - mmdet - INFO - Epoch [3][6250/6555]	lr: 1.000e-04, eta: 1:28:02, time: 0.262, data_time: 0.017, memory: 13344, loss_cls: 0.4254, loss_bbox: 0.4212, loss_kps: 0.0000, loss: 0.8466
2026-10-06 21:07:07,012 - mmdet - INFO - Epoch [3][6300/6555]	lr: 1.000e-04, eta: 1:27:48, time: 0.256, data_time: 0.016, memory: 13344, loss_cls: 0.4136, loss_bbox: 0.4038, loss_kps: 0.0000, loss: 0.8174
2026-10-06 21:07:20,269 - mmdet - INFO - Epoch [3][6350/6555]	lr: 1.000e-04, eta: 1:27:35, time: 0.265, data_time: 0.016, memory: 13344, loss_cls: 0.4309, loss_bbox: 0.4221, loss_kps: 0.0000, loss: 0.8530
2026-10-06 21:07:33,298 - mmdet - INFO - Epoch [3][6400/6555]	lr: 1.000e-04, eta: 1:27:22, time: 0.261, data_time: 0.015, memory: 13344, loss_cls: 0.4341, loss_bbox: 0.4213, loss_kps: 0.0000, loss: 0.8554
2026-10-06 21:07:46,436 - mmdet - INFO - Epoch [3][6450/6555]	lr: 1.000e-04, eta: 1:27:08, time: 0.263, data_time: 0.016, memory: 13344, loss_cls: 0.4357, loss_bbox: 0.4158, loss_kps: 0.0000, loss: 0.8514
2026-10-06 21:07:59,425 - mmdet - INFO - Epoch [3][6500/6555]	lr: 1.000e-04, eta: 1:26:55, time: 0.260, data_time: 0.015, memory: 13344, loss_cls: 0.4423, loss_bbox: 0.4191, loss_kps: 0.0000, loss: 0.8615
2026-10-06 21:08:10,245 - mmdet - INFO - Epoch [3][6550/6555]	lr: 1.000e-04, eta: 1:26:39, time: 0.216, data_time: 0.013, memory: 13344, loss_cls: 0.4343, loss_bbox: 0.4141, loss_kps: 0.0000, loss: 0.8485
2026-10-06 21:08:11,595 - mmdet - INFO - Saving checkpoint at 3 epochs
2026-10-06 21:08:37,156 - mmdet - INFO - Epoch [4][50/6555]	lr: 1.000e-04, eta: 1:26:35, time: 0.506, data_time: 0.195, memory: 13344, loss_cls: 0.4371, loss_bbox: 0.4056, loss_kps: 0.0000, loss: 0.8426
2026-10-06 21:08:50,671 - mmdet - INFO - Epoch [4][100/6555]	lr: 1.000e-04, eta: 1:26:22, time: 0.270, data_time: 0.016, memory: 13344, loss_cls: 0.4457, loss_bbox: 0.4070, loss_kps: 0.0000, loss: 0.8528
2026-10-06 21:09:04,257 - mmdet - INFO - Epoch [4][150/6555]	lr: 1.000e-04, eta: 1:26:10, time: 0.272, data_time: 0.018, memory: 13344, loss_cls: 0.4087, loss_bbox: 0.4048, loss_kps: 0.0000, loss: 0.8135
2026-10-06 21:09:17,368 - mmdet - INFO - Epoch [4][200/6555]	lr: 1.000e-04, eta: 1:25:56, time: 0.262, data_time: 0.015, memory: 13344, loss_cls: 0.4272, loss_bbox: 0.4183, loss_kps: 0.0000, loss: 0.8455
2026-10-06 21:09:31,005 - mmdet - INFO - Epoch [4][250/6555]	lr: 1.000e-04, eta: 1:25:43, time: 0.273, data_time: 0.016, memory: 13344, loss_cls: 0.4370, loss_bbox: 0.4287, loss_kps: 0.0000, loss: 0.8657
2026-10-06 21:09:44,357 - mmdet - INFO - Epoch [4][300/6555]	lr: 1.000e-04, eta: 1:25:30, time: 0.267, data_time: 0.018, memory: 13344, loss_cls: 0.4340, loss_bbox: 0.4172, loss_kps: 0.0000, loss: 0.8511
2026-10-06 21:09:58,125 - mmdet - INFO - Epoch [4][350/6555]	lr: 1.000e-04, eta: 1:25:17, time: 0.275, data_time: 0.017, memory: 13344, loss_cls: 0.4277, loss_bbox: 0.4125, loss_kps: 0.0000, loss: 0.8402
2026-10-06 21:10:11,058 - mmdet - INFO - Epoch [4][400/6555]	lr: 1.000e-04, eta: 1:25:04, time: 0.259, data_time: 0.017, memory: 13344, loss_cls: 0.4351, loss_bbox: 0.4181, loss_kps: 0.0000, loss: 0.8532
2026-10-06 21:10:24,608 - mmdet - INFO - Epoch [4][450/6555]	lr: 1.000e-04, eta: 1:24:51, time: 0.271, data_time: 0.016, memory: 13344, loss_cls: 0.4186, loss_bbox: 0.4152, loss_kps: 0.0000, loss: 0.8338
2026-10-06 21:10:37,791 - mmdet - INFO - Epoch [4][500/6555]	lr: 1.000e-04, eta: 1:24:38, time: 0.264, data_time: 0.017, memory: 13344, loss_cls: 0.4162, loss_bbox: 0.4040, loss_kps: 0.0000, loss: 0.8202
2026-10-06 21:10:50,663 - mmdet - INFO - Epoch [4][550/6555]	lr: 1.000e-04, eta: 1:24:24, time: 0.257, data_time: 0.016, memory: 13344, loss_cls: 0.4171, loss_bbox: 0.4180, loss_kps: 0.0000, loss: 0.8351
2026-10-06 21:11:03,632 - mmdet - INFO - Epoch [4][600/6555]	lr: 1.000e-04, eta: 1:24:10, time: 0.259, data_time: 0.017, memory: 13344, loss_cls: 0.4321, loss_bbox: 0.4308, loss_kps: 0.0000, loss: 0.8630
2026-10-06 21:11:16,704 - mmdet - INFO - Epoch [4][650/6555]	lr: 1.000e-04, eta: 1:23:57, time: 0.261, data_time: 0.017, memory: 13344, loss_cls: 0.4284, loss_bbox: 0.4130, loss_kps: 0.0000, loss: 0.8414
2026-10-06 21:11:29,949 - mmdet - INFO - Epoch [4][700/6555]	lr: 1.000e-04, eta: 1:23:44, time: 0.265, data_time: 0.018, memory: 13344, loss_cls: 0.4326, loss_bbox: 0.4166, loss_kps: 0.0000, loss: 0.8492
2026-10-06 21:11:43,079 - mmdet - INFO - Epoch [4][750/6555]	lr: 1.000e-04, eta: 1:23:30, time: 0.263, data_time: 0.016, memory: 13344, loss_cls: 0.4288, loss_bbox: 0.4178, loss_kps: 0.0000, loss: 0.8466
2026-10-06 21:11:56,092 - mmdet - INFO - Epoch [4][800/6555]	lr: 1.000e-04, eta: 1:23:17, time: 0.260, data_time: 0.016, memory: 13344, loss_cls: 0.4471, loss_bbox: 0.4141, loss_kps: 0.0000, loss: 0.8612
2026-10-06 21:12:09,241 - mmdet - INFO - Epoch [4][850/6555]	lr: 1.000e-04, eta: 1:23:04, time: 0.263, data_time: 0.017, memory: 13344, loss_cls: 0.4248, loss_bbox: 0.4125, loss_kps: 0.0000, loss: 0.8373
2026-10-06 21:12:22,430 - mmdet - INFO - Epoch [4][900/6555]	lr: 1.000e-04, eta: 1:22:50, time: 0.264, data_time: 0.016, memory: 13344, loss_cls: 0.4223, loss_bbox: 0.4007, loss_kps: 0.0000, loss: 0.8230
2026-10-06 21:12:35,656 - mmdet - INFO - Epoch [4][950/6555]	lr: 1.000e-04, eta: 1:22:37, time: 0.264, data_time: 0.018, memory: 13344, loss_cls: 0.4324, loss_bbox: 0.4300, loss_kps: 0.0000, loss: 0.8624
2026-10-06 21:12:49,235 - mmdet - INFO - Epoch [4][1000/6555]	lr: 1.000e-04, eta: 1:22:24, time: 0.272, data_time: 0.020, memory: 13344, loss_cls: 0.4197, loss_bbox: 0.4103, loss_kps: 0.0000, loss: 0.8300
2026-10-06 21:13:02,258 - mmdet - INFO - Epoch [4][1050/6555]	lr: 1.000e-04, eta: 1:22:11, time: 0.260, data_time: 0.016, memory: 13344, loss_cls: 0.4192, loss_bbox: 0.4134, loss_kps: 0.0000, loss: 0.8327
2026-10-06 21:13:15,211 - mmdet - INFO - Epoch [4][1100/6555]	lr: 1.000e-04, eta: 1:21:57, time: 0.259, data_time: 0.016, memory: 13344, loss_cls: 0.4217, loss_bbox: 0.4149, loss_kps: 0.0000, loss: 0.8366
2026-10-06 21:13:28,442 - mmdet - INFO - Epoch [4][1150/6555]	lr: 1.000e-04, eta: 1:21:44, time: 0.265, data_time: 0.016, memory: 13344, loss_cls: 0.4114, loss_bbox: 0.4092, loss_kps: 0.0000, loss: 0.8206
2026-10-06 21:13:41,446 - mmdet - INFO - Epoch [4][1200/6555]	lr: 1.000e-04, eta: 1:21:30, time: 0.260, data_time: 0.017, memory: 13344, loss_cls: 0.4042, loss_bbox: 0.4053, loss_kps: 0.0000, loss: 0.8096
2026-10-06 21:13:54,665 - mmdet - INFO - Epoch [4][1250/6555]	lr: 1.000e-04, eta: 1:21:17, time: 0.264, data_time: 0.017, memory: 13344, loss_cls: 0.4229, loss_bbox: 0.4188, loss_kps: 0.0000, loss: 0.8417
2026-10-06 21:14:07,928 - mmdet - INFO - Epoch [4][1300/6555]	lr: 1.000e-04, eta: 1:21:04, time: 0.265, data_time: 0.019, memory: 13344, loss_cls: 0.4323, loss_bbox: 0.4204, loss_kps: 0.0000, loss: 0.8527
2026-10-06 21:14:21,110 - mmdet - INFO - Epoch [4][1350/6555]	lr: 1.000e-04, eta: 1:20:51, time: 0.264, data_time: 0.018, memory: 13344, loss_cls: 0.4230, loss_bbox: 0.4142, loss_kps: 0.0000, loss: 0.8372
2026-10-06 21:14:34,103 - mmdet - INFO - Epoch [4][1400/6555]	lr: 1.000e-04, eta: 1:20:37, time: 0.260, data_time: 0.018, memory: 13344, loss_cls: 0.4300, loss_bbox: 0.4093, loss_kps: 0.0000, loss: 0.8393
2026-10-06 21:14:47,108 - mmdet - INFO - Epoch [4][1450/6555]	lr: 1.000e-04, eta: 1:20:24, time: 0.260, data_time: 0.017, memory: 13344, loss_cls: 0.4137, loss_bbox: 0.4095, loss_kps: 0.0000, loss: 0.8232
2026-10-06 21:15:00,346 - mmdet - INFO - Epoch [4][1500/6555]	lr: 1.000e-04, eta: 1:20:11, time: 0.265, data_time: 0.017, memory: 13344, loss_cls: 0.4183, loss_bbox: 0.4011, loss_kps: 0.0000, loss: 0.8193
2026-10-06 21:15:13,521 - mmdet - INFO - Epoch [4][1550/6555]	lr: 1.000e-04, eta: 1:19:57, time: 0.264, data_time: 0.018, memory: 13344, loss_cls: 0.4330, loss_bbox: 0.4234, loss_kps: 0.0000, loss: 0.8564
2026-10-06 21:15:26,752 - mmdet - INFO - Epoch [4][1600/6555]	lr: 1.000e-04, eta: 1:19:44, time: 0.265, data_time: 0.016, memory: 13344, loss_cls: 0.4100, loss_bbox: 0.4047, loss_kps: 0.0000, loss: 0.8147
2026-10-06 21:15:39,986 - mmdet - INFO - Epoch [4][1650/6555]	lr: 1.000e-04, eta: 1:19:31, time: 0.265, data_time: 0.016, memory: 13344, loss_cls: 0.4129, loss_bbox: 0.4082, loss_kps: 0.0000, loss: 0.8211
2026-10-06 21:15:53,124 - mmdet - INFO - Epoch [4][1700/6555]	lr: 1.000e-04, eta: 1:19:17, time: 0.263, data_time: 0.017, memory: 13344, loss_cls: 0.4104, loss_bbox: 0.4027, loss_kps: 0.0000, loss: 0.8131
2026-10-06 21:16:06,310 - mmdet - INFO - Epoch [4][1750/6555]	lr: 1.000e-04, eta: 1:19:04, time: 0.264, data_time: 0.017, memory: 13344, loss_cls: 0.4244, loss_bbox: 0.4056, loss_kps: 0.0000, loss: 0.8300
2026-10-06 21:16:19,624 - mmdet - INFO - Epoch [4][1800/6555]	lr: 1.000e-04, eta: 1:18:51, time: 0.266, data_time: 0.016, memory: 13344, loss_cls: 0.4273, loss_bbox: 0.4158, loss_kps: 0.0000, loss: 0.8431
2026-10-06 21:16:32,740 - mmdet - INFO - Epoch [4][1850/6555]	lr: 1.000e-04, eta: 1:18:38, time: 0.262, data_time: 0.017, memory: 13344, loss_cls: 0.4278, loss_bbox: 0.4266, loss_kps: 0.0000, loss: 0.8544
2026-10-06 21:16:46,467 - mmdet - INFO - Epoch [4][1900/6555]	lr: 1.000e-04, eta: 1:18:25, time: 0.275, data_time: 0.016, memory: 13344, loss_cls: 0.4472, loss_bbox: 0.4249, loss_kps: 0.0000, loss: 0.8721
2026-10-06 21:16:59,793 - mmdet - INFO - Epoch [4][1950/6555]	lr: 1.000e-04, eta: 1:18:12, time: 0.266, data_time: 0.016, memory: 13344, loss_cls: 0.4025, loss_bbox: 0.4054, loss_kps: 0.0000, loss: 0.8079
2026-10-06 21:17:13,277 - mmdet - INFO - Epoch [4][2000/6555]	lr: 1.000e-04, eta: 1:17:59, time: 0.270, data_time: 0.016, memory: 13344, loss_cls: 0.4289, loss_bbox: 0.4124, loss_kps: 0.0000, loss: 0.8413
2026-10-06 21:17:26,361 - mmdet - INFO - Epoch [4][2050/6555]	lr: 1.000e-04, eta: 1:17:45, time: 0.262, data_time: 0.016, memory: 13344, loss_cls: 0.4305, loss_bbox: 0.4175, loss_kps: 0.0000, loss: 0.8480
2026-10-06 21:17:39,570 - mmdet - INFO - Epoch [4][2100/6555]	lr: 1.000e-04, eta: 1:17:32, time: 0.264, data_time: 0.017, memory: 13344, loss_cls: 0.4406, loss_bbox: 0.4126, loss_kps: 0.0000, loss: 0.8532
2026-10-06 21:17:52,810 - mmdet - INFO - Epoch [4][2150/6555]	lr: 1.000e-04, eta: 1:17:19, time: 0.265, data_time: 0.017, memory: 13344, loss_cls: 0.4421, loss_bbox: 0.4323, loss_kps: 0.0000, loss: 0.8744
2026-10-06 21:18:06,211 - mmdet - INFO - Epoch [4][2200/6555]	lr: 1.000e-04, eta: 1:17:05, time: 0.268, data_time: 0.018, memory: 13344, loss_cls: 0.4252, loss_bbox: 0.4145, loss_kps: 0.0000, loss: 0.8397
2026-10-06 21:18:19,399 - mmdet - INFO - Epoch [4][2250/6555]	lr: 1.000e-04, eta: 1:16:52, time: 0.264, data_time: 0.016, memory: 13344, loss_cls: 0.4265, loss_bbox: 0.4072, loss_kps: 0.0000, loss: 0.8336
2026-10-06 21:18:32,657 - mmdet - INFO - Epoch [4][2300/6555]	lr: 1.000e-04, eta: 1:16:39, time: 0.265, data_time: 0.017, memory: 13344, loss_cls: 0.4205, loss_bbox: 0.4118, loss_kps: 0.0000, loss: 0.8323
2026-10-06 21:18:46,041 - mmdet - INFO - Epoch [4][2350/6555]	lr: 1.000e-04, eta: 1:16:26, time: 0.268, data_time: 0.016, memory: 13344, loss_cls: 0.4327, loss_bbox: 0.4195, loss_kps: 0.0000, loss: 0.8523
2026-10-06 21:18:59,150 - mmdet - INFO - Epoch [4][2400/6555]	lr: 1.000e-04, eta: 1:16:12, time: 0.262, data_time: 0.016, memory: 13344, loss_cls: 0.4225, loss_bbox: 0.4032, loss_kps: 0.0000, loss: 0.8257
2026-10-06 21:19:12,290 - mmdet - INFO - Epoch [4][2450/6555]	lr: 1.000e-04, eta: 1:15:59, time: 0.263, data_time: 0.017, memory: 13344, loss_cls: 0.4383, loss_bbox: 0.4222, loss_kps: 0.0000, loss: 0.8605
2026-10-06 21:19:25,479 - mmdet - INFO - Epoch [4][2500/6555]	lr: 1.000e-04, eta: 1:15:46, time: 0.264, data_time: 0.017, memory: 13344, loss_cls: 0.4037, loss_bbox: 0.4098, loss_kps: 0.0000, loss: 0.8135
2026-10-06 21:19:38,549 - mmdet - INFO - Epoch [4][2550/6555]	lr: 1.000e-04, eta: 1:15:33, time: 0.261, data_time: 0.017, memory: 13344, loss_cls: 0.4247, loss_bbox: 0.4122, loss_kps: 0.0000, loss: 0.8369
2026-10-06 21:19:51,559 - mmdet - INFO - Epoch [4][2600/6555]	lr: 1.000e-04, eta: 1:15:19, time: 0.260, data_time: 0.016, memory: 13344, loss_cls: 0.4229, loss_bbox: 0.4076, loss_kps: 0.0000, loss: 0.8305
2026-10-06 21:20:04,395 - mmdet - INFO - Epoch [4][2650/6555]	lr: 1.000e-04, eta: 1:15:06, time: 0.257, data_time: 0.017, memory: 13344, loss_cls: 0.4332, loss_bbox: 0.4252, loss_kps: 0.0000, loss: 0.8584
2026-10-06 21:20:17,501 - mmdet - INFO - Epoch [4][2700/6555]	lr: 1.000e-04, eta: 1:14:52, time: 0.262, data_time: 0.016, memory: 13344, loss_cls: 0.4062, loss_bbox: 0.4103, loss_kps: 0.0000, loss: 0.8165
2026-10-06 21:20:30,599 - mmdet - INFO - Epoch [4][2750/6555]	lr: 1.000e-04, eta: 1:14:39, time: 0.262, data_time: 0.017, memory: 13344, loss_cls: 0.4249, loss_bbox: 0.4091, loss_kps: 0.0000, loss: 0.8340
2026-10-06 21:20:43,750 - mmdet - INFO - Epoch [4][2800/6555]	lr: 1.000e-04, eta: 1:14:26, time: 0.263, data_time: 0.017, memory: 13344, loss_cls: 0.4396, loss_bbox: 0.4219, loss_kps: 0.0000, loss: 0.8615
2026-10-06 21:20:56,914 - mmdet - INFO - Epoch [4][2850/6555]	lr: 1.000e-04, eta: 1:14:12, time: 0.263, data_time: 0.017, memory: 13344, loss_cls: 0.4356, loss_bbox: 0.4145, loss_kps: 0.0000, loss: 0.8501
2026-10-06 21:21:10,215 - mmdet - INFO - Epoch [4][2900/6555]	lr: 1.000e-04, eta: 1:13:59, time: 0.266, data_time: 0.016, memory: 13344, loss_cls: 0.4223, loss_bbox: 0.4207, loss_kps: 0.0000, loss: 0.8430
2026-10-06 21:21:23,534 - mmdet - INFO - Epoch [4][2950/6555]	lr: 1.000e-04, eta: 1:13:46, time: 0.266, data_time: 0.016, memory: 13344, loss_cls: 0.4173, loss_bbox: 0.4162, loss_kps: 0.0000, loss: 0.8336
2026-10-06 21:21:36,661 - mmdet - INFO - Epoch [4][3000/6555]	lr: 1.000e-04, eta: 1:13:33, time: 0.263, data_time: 0.017, memory: 13344, loss_cls: 0.4371, loss_bbox: 0.4190, loss_kps: 0.0000, loss: 0.8561
2026-10-06 21:21:49,682 - mmdet - INFO - Epoch [4][3050/6555]	lr: 1.000e-04, eta: 1:13:19, time: 0.260, data_time: 0.016, memory: 13344, loss_cls: 0.4257, loss_bbox: 0.4099, loss_kps: 0.0000, loss: 0.8356
2026-10-06 21:22:02,613 - mmdet - INFO - Epoch [4][3100/6555]	lr: 1.000e-04, eta: 1:13:06, time: 0.259, data_time: 0.016, memory: 13344, loss_cls: 0.4375, loss_bbox: 0.4181, loss_kps: 0.0000, loss: 0.8556
2026-10-06 21:22:15,779 - mmdet - INFO - Epoch [4][3150/6555]	lr: 1.000e-04, eta: 1:12:52, time: 0.263, data_time: 0.017, memory: 13344, loss_cls: 0.4507, loss_bbox: 0.4156, loss_kps: 0.0000, loss: 0.8663
2026-10-06 21:22:29,079 - mmdet - INFO - Epoch [4][3200/6555]	lr: 1.000e-04, eta: 1:12:39, time: 0.266, data_time: 0.017, memory: 13344, loss_cls: 0.4324, loss_bbox: 0.4339, loss_kps: 0.0000, loss: 0.8663
2026-10-06 21:22:42,394 - mmdet - INFO - Epoch [4][3250/6555]	lr: 1.000e-04, eta: 1:12:26, time: 0.266, data_time: 0.017, memory: 13344, loss_cls: 0.4598, loss_bbox: 0.4323, loss_kps: 0.0000, loss: 0.8921
2026-10-06 21:22:55,731 - mmdet - INFO - Epoch [4][3300/6555]	lr: 1.000e-04, eta: 1:12:13, time: 0.267, data_time: 0.017, memory: 13344, loss_cls: 0.4234, loss_bbox: 0.4226, loss_kps: 0.0000, loss: 0.8460
2026-10-06 21:23:09,145 - mmdet - INFO - Epoch [4][3350/6555]	lr: 1.000e-04, eta: 1:12:00, time: 0.268, data_time: 0.016, memory: 13344, loss_cls: 0.4120, loss_bbox: 0.4065, loss_kps: 0.0000, loss: 0.8185
2026-10-06 21:23:22,162 - mmdet - INFO - Epoch [4][3400/6555]	lr: 1.000e-04, eta: 1:11:46, time: 0.260, data_time: 0.016, memory: 13344, loss_cls: 0.4247, loss_bbox: 0.4212, loss_kps: 0.0000, loss: 0.8460
2026-10-06 21:23:35,309 - mmdet - INFO - Epoch [4][3450/6555]	lr: 1.000e-04, eta: 1:11:33, time: 0.263, data_time: 0.015, memory: 13344, loss_cls: 0.4094, loss_bbox: 0.4068, loss_kps: 0.0000, loss: 0.8162
2026-10-06 21:23:48,631 - mmdet - INFO - Epoch [4][3500/6555]	lr: 1.000e-04, eta: 1:11:20, time: 0.266, data_time: 0.016, memory: 13344, loss_cls: 0.4375, loss_bbox: 0.4224, loss_kps: 0.0000, loss: 0.8600
2026-10-06 21:24:01,760 - mmdet - INFO - Epoch [4][3550/6555]	lr: 1.000e-04, eta: 1:11:06, time: 0.263, data_time: 0.017, memory: 13344, loss_cls: 0.4233, loss_bbox: 0.4168, loss_kps: 0.0000, loss: 0.8401
2026-10-06 21:24:14,905 - mmdet - INFO - Epoch [4][3600/6555]	lr: 1.000e-04, eta: 1:10:53, time: 0.263, data_time: 0.016, memory: 13344, loss_cls: 0.4372, loss_bbox: 0.4117, loss_kps: 0.0000, loss: 0.8489
2026-10-06 21:24:28,447 - mmdet - INFO - Epoch [4][3650/6555]	lr: 1.000e-04, eta: 1:10:40, time: 0.271, data_time: 0.016, memory: 13344, loss_cls: 0.4255, loss_bbox: 0.4122, loss_kps: 0.0000, loss: 0.8378
2026-10-06 21:24:42,184 - mmdet - INFO - Epoch [4][3700/6555]	lr: 1.000e-04, eta: 1:10:27, time: 0.275, data_time: 0.015, memory: 13344, loss_cls: 0.4424, loss_bbox: 0.4377, loss_kps: 0.0000, loss: 0.8801
2026-10-06 21:24:54,988 - mmdet - INFO - Epoch [4][3750/6555]	lr: 1.000e-04, eta: 1:10:14, time: 0.256, data_time: 0.016, memory: 13344, loss_cls: 0.4204, loss_bbox: 0.4118, loss_kps: 0.0000, loss: 0.8322
2026-10-06 21:25:08,657 - mmdet - INFO - Epoch [4][3800/6555]	lr: 1.000e-04, eta: 1:10:00, time: 0.264, data_time: 0.016, memory: 13344, loss_cls: 0.4248, loss_bbox: 0.4121, loss_kps: 0.0000, loss: 0.8370
2026-10-06 21:25:21,587 - mmdet - INFO - Epoch [4][3850/6555]	lr: 1.000e-04, eta: 1:09:47, time: 0.267, data_time: 0.025, memory: 13344, loss_cls: 0.4250, loss_bbox: 0.4133, loss_kps: 0.0000, loss: 0.8383
2026-10-06 21:25:35,224 - mmdet - INFO - Epoch [4][3900/6555]	lr: 1.000e-04, eta: 1:09:34, time: 0.273, data_time: 0.017, memory: 13344, loss_cls: 0.4397, loss_bbox: 0.4265, loss_kps: 0.0000, loss: 0.8662
2026-10-06 21:25:48,148 - mmdet - INFO - Epoch [4][3950/6555]	lr: 1.000e-04, eta: 1:09:21, time: 0.258, data_time: 0.018, memory: 13344, loss_cls: 0.4055, loss_bbox: 0.4179, loss_kps: 0.0000, loss: 0.8234
2026-10-06 21:26:01,215 - mmdet - INFO - Epoch [4][4000/6555]	lr: 1.000e-04, eta: 1:09:08, time: 0.261, data_time: 0.015, memory: 13344, loss_cls: 0.4339, loss_bbox: 0.4202, loss_kps: 0.0000, loss: 0.8541
2026-10-06 21:26:14,223 - mmdet - INFO - Epoch [4][4050/6555]	lr: 1.000e-04, eta: 1:08:54, time: 0.260, data_time: 0.016, memory: 13344, loss_cls: 0.4154, loss_bbox: 0.4059, loss_kps: 0.0000, loss: 0.8213
2026-10-06 21:26:27,886 - mmdet - INFO - Epoch [4][4100/6555]	lr: 1.000e-04, eta: 1:08:41, time: 0.273, data_time: 0.016, memory: 13344, loss_cls: 0.4258, loss_bbox: 0.4160, loss_kps: 0.0000, loss: 0.8417
2026-10-06 21:26:41,168 - mmdet - INFO - Epoch [4][4150/6555]	lr: 1.000e-04, eta: 1:08:28, time: 0.266, data_time: 0.016, memory: 13344, loss_cls: 0.4135, loss_bbox: 0.4149, loss_kps: 0.0000, loss: 0.8284
2026-10-06 21:26:54,497 - mmdet - INFO - Epoch [4][4200/6555]	lr: 1.000e-04, eta: 1:08:15, time: 0.267, data_time: 0.017, memory: 13344, loss_cls: 0.4264, loss_bbox: 0.4173, loss_kps: 0.0000, loss: 0.8437
2026-10-06 21:27:07,788 - mmdet - INFO - Epoch [4][4250/6555]	lr: 1.000e-04, eta: 1:08:02, time: 0.266, data_time: 0.017, memory: 13344, loss_cls: 0.4293, loss_bbox: 0.4180, loss_kps: 0.0000, loss: 0.8473
2026-10-06 21:27:21,021 - mmdet - INFO - Epoch [4][4300/6555]	lr: 1.000e-04, eta: 1:07:48, time: 0.265, data_time: 0.016, memory: 13344, loss_cls: 0.4176, loss_bbox: 0.4162, loss_kps: 0.0000, loss: 0.8338
2026-10-06 21:27:34,098 - mmdet - INFO - Epoch [4][4350/6555]	lr: 1.000e-04, eta: 1:07:35, time: 0.262, data_time: 0.017, memory: 13344, loss_cls: 0.4240, loss_bbox: 0.4170, loss_kps: 0.0000, loss: 0.8410
2026-10-06 21:27:47,016 - mmdet - INFO - Epoch [4][4400/6555]	lr: 1.000e-04, eta: 1:07:22, time: 0.258, data_time: 0.017, memory: 13344, loss_cls: 0.4069, loss_bbox: 0.4003, loss_kps: 0.0000, loss: 0.8073
2026-10-06 21:28:00,064 - mmdet - INFO - Epoch [4][4450/6555]	lr: 1.000e-04, eta: 1:07:08, time: 0.261, data_time: 0.016, memory: 13344, loss_cls: 0.4531, loss_bbox: 0.4231, loss_kps: 0.0000, loss: 0.8762
2026-10-06 21:28:13,045 - mmdet - INFO - Epoch [4][4500/6555]	lr: 1.000e-04, eta: 1:06:55, time: 0.260, data_time: 0.016, memory: 13344, loss_cls: 0.4219, loss_bbox: 0.4083, loss_kps: 0.0000, loss: 0.8302
2026-10-06 21:28:26,115 - mmdet - INFO - Epoch [4][4550/6555]	lr: 1.000e-04, eta: 1:06:41, time: 0.261, data_time: 0.017, memory: 13344, loss_cls: 0.4108, loss_bbox: 0.4098, loss_kps: 0.0000, loss: 0.8206
2026-10-06 21:28:39,260 - mmdet - INFO - Epoch [4][4600/6555]	lr: 1.000e-04, eta: 1:06:28, time: 0.263, data_time: 0.016, memory: 13344, loss_cls: 0.4129, loss_bbox: 0.4125, loss_kps: 0.0000, loss: 0.8254
2026-10-06 21:28:52,456 - mmdet - INFO - Epoch [4][4650/6555]	lr: 1.000e-04, eta: 1:06:15, time: 0.264, data_time: 0.017, memory: 13344, loss_cls: 0.4317, loss_bbox: 0.4151, loss_kps: 0.0000, loss: 0.8467
2026-10-06 21:29:05,528 - mmdet - INFO - Epoch [4][4700/6555]	lr: 1.000e-04, eta: 1:06:02, time: 0.261, data_time: 0.017, memory: 13344, loss_cls: 0.4179, loss_bbox: 0.4077, loss_kps: 0.0000, loss: 0.8256
2026-10-06 21:29:18,685 - mmdet - INFO - Epoch [4][4750/6555]	lr: 1.000e-04, eta: 1:05:48, time: 0.263, data_time: 0.017, memory: 13344, loss_cls: 0.4294, loss_bbox: 0.4240, loss_kps: 0.0000, loss: 0.8535
2026-10-06 21:29:31,939 - mmdet - INFO - Epoch [4][4800/6555]	lr: 1.000e-04, eta: 1:05:35, time: 0.265, data_time: 0.017, memory: 13344, loss_cls: 0.4283, loss_bbox: 0.4188, loss_kps: 0.0000, loss: 0.8470
2026-10-06 21:29:44,902 - mmdet - INFO - Epoch [4][4850/6555]	lr: 1.000e-04, eta: 1:05:22, time: 0.259, data_time: 0.017, memory: 13344, loss_cls: 0.4272, loss_bbox: 0.4179, loss_kps: 0.0000, loss: 0.8451
2026-10-06 21:29:58,039 - mmdet - INFO - Epoch [4][4900/6555]	lr: 1.000e-04, eta: 1:05:08, time: 0.263, data_time: 0.017, memory: 13344, loss_cls: 0.4227, loss_bbox: 0.4180, loss_kps: 0.0000, loss: 0.8407
2026-10-06 21:30:10,963 - mmdet - INFO - Epoch [4][4950/6555]	lr: 1.000e-04, eta: 1:04:55, time: 0.258, data_time: 0.017, memory: 13344, loss_cls: 0.4352, loss_bbox: 0.4219, loss_kps: 0.0000, loss: 0.8571
2026-10-06 21:30:23,961 - mmdet - INFO - Epoch [4][5000/6555]	lr: 1.000e-04, eta: 1:04:42, time: 0.260, data_time: 0.017, memory: 13344, loss_cls: 0.4414, loss_bbox: 0.4172, loss_kps: 0.0000, loss: 0.8586
2026-10-06 21:30:36,923 - mmdet - INFO - Epoch [4][5050/6555]	lr: 1.000e-04, eta: 1:04:28, time: 0.259, data_time: 0.018, memory: 13344, loss_cls: 0.3953, loss_bbox: 0.4092, loss_kps: 0.0000, loss: 0.8046
2026-10-06 21:30:50,096 - mmdet - INFO - Epoch [4][5100/6555]	lr: 1.000e-04, eta: 1:04:15, time: 0.263, data_time: 0.019, memory: 13344, loss_cls: 0.4309, loss_bbox: 0.4216, loss_kps: 0.0000, loss: 0.8525
2026-10-06 21:31:03,284 - mmdet - INFO - Epoch [4][5150/6555]	lr: 1.000e-04, eta: 1:04:02, time: 0.264, data_time: 0.016, memory: 13344, loss_cls: 0.4075, loss_bbox: 0.4125, loss_kps: 0.0000, loss: 0.8199
2026-10-06 21:31:16,595 - mmdet - INFO - Epoch [4][5200/6555]	lr: 1.000e-04, eta: 1:03:48, time: 0.266, data_time: 0.017, memory: 13344, loss_cls: 0.4140, loss_bbox: 0.3998, loss_kps: 0.0000, loss: 0.8138
2026-10-06 21:31:29,527 - mmdet - INFO - Epoch [4][5250/6555]	lr: 1.000e-04, eta: 1:03:35, time: 0.259, data_time: 0.016, memory: 13344, loss_cls: 0.4264, loss_bbox: 0.4153, loss_kps: 0.0000, loss: 0.8416
2026-10-06 21:31:42,800 - mmdet - INFO - Epoch [4][5300/6555]	lr: 1.000e-04, eta: 1:03:22, time: 0.265, data_time: 0.017, memory: 13344, loss_cls: 0.4142, loss_bbox: 0.4231, loss_kps: 0.0000, loss: 0.8373
2026-10-06 21:31:56,332 - mmdet - INFO - Epoch [4][5350/6555]	lr: 1.000e-04, eta: 1:03:09, time: 0.271, data_time: 0.018, memory: 13344, loss_cls: 0.4175, loss_bbox: 0.4131, loss_kps: 0.0000, loss: 0.8305
2026-10-06 21:32:09,951 - mmdet - INFO - Epoch [4][5400/6555]	lr: 1.000e-04, eta: 1:02:56, time: 0.272, data_time: 0.015, memory: 13344, loss_cls: 0.4126, loss_bbox: 0.4067, loss_kps: 0.0000, loss: 0.8193
2026-10-06 21:32:23,096 - mmdet - INFO - Epoch [4][5450/6555]	lr: 1.000e-04, eta: 1:02:42, time: 0.263, data_time: 0.014, memory: 13344, loss_cls: 0.4295, loss_bbox: 0.4157, loss_kps: 0.0000, loss: 0.8452
2026-10-06 21:32:36,056 - mmdet - INFO - Epoch [4][5500/6555]	lr: 1.000e-04, eta: 1:02:29, time: 0.259, data_time: 0.017, memory: 13344, loss_cls: 0.4157, loss_bbox: 0.4155, loss_kps: 0.0000, loss: 0.8312
2026-10-06 21:32:49,126 - mmdet - INFO - Epoch [4][5550/6555]	lr: 1.000e-04, eta: 1:02:16, time: 0.261, data_time: 0.016, memory: 13344, loss_cls: 0.4431, loss_bbox: 0.4165, loss_kps: 0.0000, loss: 0.8596
2026-10-06 21:33:02,522 - mmdet - INFO - Epoch [4][5600/6555]	lr: 1.000e-04, eta: 1:02:03, time: 0.268, data_time: 0.015, memory: 13344, loss_cls: 0.4151, loss_bbox: 0.4057, loss_kps: 0.0000, loss: 0.8209
2026-10-06 21:33:15,725 - mmdet - INFO - Epoch [4][5650/6555]	lr: 1.000e-04, eta: 1:01:49, time: 0.264, data_time: 0.016, memory: 13344, loss_cls: 0.4304, loss_bbox: 0.4132, loss_kps: 0.0000, loss: 0.8436
2026-10-06 21:33:29,082 - mmdet - INFO - Epoch [4][5700/6555]	lr: 1.000e-04, eta: 1:01:36, time: 0.267, data_time: 0.016, memory: 13344, loss_cls: 0.4124, loss_bbox: 0.4217, loss_kps: 0.0000, loss: 0.8340
2026-10-06 21:33:42,236 - mmdet - INFO - Epoch [4][5750/6555]	lr: 1.000e-04, eta: 1:01:23, time: 0.263, data_time: 0.017, memory: 13344, loss_cls: 0.4356, loss_bbox: 0.4145, loss_kps: 0.0000, loss: 0.8501
2026-10-06 21:33:55,612 - mmdet - INFO - Epoch [4][5800/6555]	lr: 1.000e-04, eta: 1:01:10, time: 0.268, data_time: 0.016, memory: 13344, loss_cls: 0.4159, loss_bbox: 0.4073, loss_kps: 0.0000, loss: 0.8233
2026-10-06 21:34:08,855 - mmdet - INFO - Epoch [4][5850/6555]	lr: 1.000e-04, eta: 1:00:56, time: 0.265, data_time: 0.017, memory: 13344, loss_cls: 0.4265, loss_bbox: 0.4100, loss_kps: 0.0000, loss: 0.8365
2026-10-06 21:34:21,998 - mmdet - INFO - Epoch [4][5900/6555]	lr: 1.000e-04, eta: 1:00:43, time: 0.263, data_time: 0.017, memory: 13344, loss_cls: 0.4540, loss_bbox: 0.4355, loss_kps: 0.0000, loss: 0.8895
2026-10-06 21:34:35,617 - mmdet - INFO - Epoch [4][5950/6555]	lr: 1.000e-04, eta: 1:00:30, time: 0.272, data_time: 0.016, memory: 13344, loss_cls: 0.4332, loss_bbox: 0.4191, loss_kps: 0.0000, loss: 0.8523
2026-10-06 21:34:48,700 - mmdet - INFO - Epoch [4][6000/6555]	lr: 1.000e-04, eta: 1:00:17, time: 0.262, data_time: 0.017, memory: 13344, loss_cls: 0.4015, loss_bbox: 0.4027, loss_kps: 0.0000, loss: 0.8041
2026-10-06 21:35:02,002 - mmdet - INFO - Epoch [4][6050/6555]	lr: 1.000e-04, eta: 1:00:04, time: 0.266, data_time: 0.017, memory: 13344, loss_cls: 0.4398, loss_bbox: 0.4291, loss_kps: 0.0000, loss: 0.8690
2026-10-06 21:35:15,092 - mmdet - INFO - Epoch [4][6100/6555]	lr: 1.000e-04, eta: 0:59:50, time: 0.262, data_time: 0.017, memory: 13344, loss_cls: 0.4226, loss_bbox: 0.4196, loss_kps: 0.0000, loss: 0.8423
2026-10-06 21:35:28,394 - mmdet - INFO - Epoch [4][6150/6555]	lr: 1.000e-04, eta: 0:59:37, time: 0.266, data_time: 0.016, memory: 13344, loss_cls: 0.4292, loss_bbox: 0.4230, loss_kps: 0.0000, loss: 0.8522
2026-10-06 21:35:41,588 - mmdet - INFO - Epoch [4][6200/6555]	lr: 1.000e-04, eta: 0:59:24, time: 0.264, data_time: 0.017, memory: 13344, loss_cls: 0.4226, loss_bbox: 0.4117, loss_kps: 0.0000, loss: 0.8343
2026-10-06 21:35:54,571 - mmdet - INFO - Epoch [4][6250/6555]	lr: 1.000e-04, eta: 0:59:10, time: 0.260, data_time: 0.017, memory: 13344, loss_cls: 0.4516, loss_bbox: 0.4232, loss_kps: 0.0000, loss: 0.8747
2026-10-06 21:36:07,599 - mmdet - INFO - Epoch [4][6300/6555]	lr: 1.000e-04, eta: 0:58:57, time: 0.261, data_time: 0.017, memory: 13344, loss_cls: 0.4420, loss_bbox: 0.4168, loss_kps: 0.0000, loss: 0.8589
2026-10-06 21:36:20,897 - mmdet - INFO - Epoch [4][6350/6555]	lr: 1.000e-04, eta: 0:58:44, time: 0.266, data_time: 0.017, memory: 13344, loss_cls: 0.4096, loss_bbox: 0.4126, loss_kps: 0.0000, loss: 0.8222
2026-10-06 21:36:33,986 - mmdet - INFO - Epoch [4][6400/6555]	lr: 1.000e-04, eta: 0:58:31, time: 0.262, data_time: 0.017, memory: 13344, loss_cls: 0.4224, loss_bbox: 0.4135, loss_kps: 0.0000, loss: 0.8359
2026-10-06 21:36:47,160 - mmdet - INFO - Epoch [4][6450/6555]	lr: 1.000e-04, eta: 0:58:17, time: 0.263, data_time: 0.016, memory: 13344, loss_cls: 0.4337, loss_bbox: 0.4171, loss_kps: 0.0000, loss: 0.8508
2026-10-06 21:37:00,248 - mmdet - INFO - Epoch [4][6500/6555]	lr: 1.000e-04, eta: 0:58:04, time: 0.262, data_time: 0.016, memory: 13344, loss_cls: 0.4187, loss_bbox: 0.4111, loss_kps: 0.0000, loss: 0.8297
2026-10-06 21:37:10,934 - mmdet - INFO - Epoch [4][6550/6555]	lr: 1.000e-04, eta: 0:57:50, time: 0.214, data_time: 0.013, memory: 13344, loss_cls: 0.4124, loss_bbox: 0.4107, loss_kps: 0.0000, loss: 0.8231
2026-10-06 21:37:12,322 - mmdet - INFO - Saving checkpoint at 4 epochs
2026-10-06 21:37:37,256 - mmdet - INFO - Epoch [5][50/6555]	lr: 1.000e-04, eta: 0:57:40, time: 0.493, data_time: 0.221, memory: 13344, loss_cls: 0.4175, loss_bbox: 0.4124, loss_kps: 0.0000, loss: 0.8300
2026-10-06 21:37:50,367 - mmdet - INFO - Epoch [5][100/6555]	lr: 1.000e-04, eta: 0:57:27, time: 0.262, data_time: 0.016, memory: 13344, loss_cls: 0.4392, loss_bbox: 0.4393, loss_kps: 0.0000, loss: 0.8784
2026-10-06 21:38:03,653 - mmdet - INFO - Epoch [5][150/6555]	lr: 1.000e-04, eta: 0:57:13, time: 0.266, data_time: 0.018, memory: 13344, loss_cls: 0.4292, loss_bbox: 0.4251, loss_kps: 0.0000, loss: 0.8543
2026-10-06 21:38:16,593 - mmdet - INFO - Epoch [5][200/6555]	lr: 1.000e-04, eta: 0:57:00, time: 0.259, data_time: 0.016, memory: 13344, loss_cls: 0.4145, loss_bbox: 0.4055, loss_kps: 0.0000, loss: 0.8200
2026-10-06 21:38:29,534 - mmdet - INFO - Epoch [5][250/6555]	lr: 1.000e-04, eta: 0:56:47, time: 0.259, data_time: 0.016, memory: 13344, loss_cls: 0.4268, loss_bbox: 0.4150, loss_kps: 0.0000, loss: 0.8418
2026-10-06 21:38:42,564 - mmdet - INFO - Epoch [5][300/6555]	lr: 1.000e-04, eta: 0:56:33, time: 0.261, data_time: 0.016, memory: 13344, loss_cls: 0.4288, loss_bbox: 0.4101, loss_kps: 0.0000, loss: 0.8390
2026-10-06 21:38:55,593 - mmdet - INFO - Epoch [5][350/6555]	lr: 1.000e-04, eta: 0:56:20, time: 0.261, data_time: 0.017, memory: 13344, loss_cls: 0.4408, loss_bbox: 0.4215, loss_kps: 0.0000, loss: 0.8623
2026-10-06 21:39:08,660 - mmdet - INFO - Epoch [5][400/6555]	lr: 1.000e-04, eta: 0:56:07, time: 0.261, data_time: 0.017, memory: 13344, loss_cls: 0.4036, loss_bbox: 0.3997, loss_kps: 0.0000, loss: 0.8033
2026-10-06 21:39:21,604 - mmdet - INFO - Epoch [5][450/6555]	lr: 1.000e-04, eta: 0:55:53, time: 0.259, data_time: 0.018, memory: 13344, loss_cls: 0.4345, loss_bbox: 0.4199, loss_kps: 0.0000, loss: 0.8544
2026-10-06 21:39:35,285 - mmdet - INFO - Epoch [5][500/6555]	lr: 1.000e-04, eta: 0:55:40, time: 0.274, data_time: 0.017, memory: 13344, loss_cls: 0.4237, loss_bbox: 0.4286, loss_kps: 0.0000, loss: 0.8523
2026-10-06 21:39:48,362 - mmdet - INFO - Epoch [5][550/6555]	lr: 1.000e-04, eta: 0:55:27, time: 0.261, data_time: 0.016, memory: 13344, loss_cls: 0.4192, loss_bbox: 0.4083, loss_kps: 0.0000, loss: 0.8275
2026-10-06 21:40:01,568 - mmdet - INFO - Epoch [5][600/6555]	lr: 1.000e-04, eta: 0:55:14, time: 0.264, data_time: 0.017, memory: 13344, loss_cls: 0.4402, loss_bbox: 0.4280, loss_kps: 0.0000, loss: 0.8682
2026-10-06 21:40:14,553 - mmdet - INFO - Epoch [5][650/6555]	lr: 1.000e-04, eta: 0:55:00, time: 0.260, data_time: 0.016, memory: 13344, loss_cls: 0.4088, loss_bbox: 0.4064, loss_kps: 0.0000, loss: 0.8152
2026-10-06 21:40:27,907 - mmdet - INFO - Epoch [5][700/6555]	lr: 1.000e-04, eta: 0:54:47, time: 0.267, data_time: 0.015, memory: 13344, loss_cls: 0.4409, loss_bbox: 0.4326, loss_kps: 0.0000, loss: 0.8735
2026-10-06 21:40:41,161 - mmdet - INFO - Epoch [5][750/6555]	lr: 1.000e-04, eta: 0:54:34, time: 0.265, data_time: 0.017, memory: 13344, loss_cls: 0.4316, loss_bbox: 0.4121, loss_kps: 0.0000, loss: 0.8437
2026-10-06 21:40:54,537 - mmdet - INFO - Epoch [5][800/6555]	lr: 1.000e-04, eta: 0:54:21, time: 0.268, data_time: 0.016, memory: 13344, loss_cls: 0.4078, loss_bbox: 0.4152, loss_kps: 0.0000, loss: 0.8229
2026-10-06 21:41:08,364 - mmdet - INFO - Epoch [5][850/6555]	lr: 1.000e-04, eta: 0:54:08, time: 0.277, data_time: 0.016, memory: 13344, loss_cls: 0.4167, loss_bbox: 0.4117, loss_kps: 0.0000, loss: 0.8284
2026-10-06 21:41:21,653 - mmdet - INFO - Epoch [5][900/6555]	lr: 1.000e-04, eta: 0:53:54, time: 0.266, data_time: 0.016, memory: 13344, loss_cls: 0.4221, loss_bbox: 0.4075, loss_kps: 0.0000, loss: 0.8296
2026-10-06 21:41:34,621 - mmdet - INFO - Epoch [5][950/6555]	lr: 1.000e-04, eta: 0:53:41, time: 0.259, data_time: 0.016, memory: 13344, loss_cls: 0.4200, loss_bbox: 0.4161, loss_kps: 0.0000, loss: 0.8361
2026-10-06 21:41:48,308 - mmdet - INFO - Epoch [5][1000/6555]	lr: 1.000e-04, eta: 0:53:28, time: 0.274, data_time: 0.017, memory: 13344, loss_cls: 0.4185, loss_bbox: 0.3994, loss_kps: 0.0000, loss: 0.8180
2026-10-06 21:42:01,552 - mmdet - INFO - Epoch [5][1050/6555]	lr: 1.000e-04, eta: 0:53:15, time: 0.265, data_time: 0.016, memory: 13344, loss_cls: 0.4180, loss_bbox: 0.4085, loss_kps: 0.0000, loss: 0.8265
2026-10-06 21:42:14,542 - mmdet - INFO - Epoch [5][1100/6555]	lr: 1.000e-04, eta: 0:53:01, time: 0.260, data_time: 0.016, memory: 13344, loss_cls: 0.4124, loss_bbox: 0.4118, loss_kps: 0.0000, loss: 0.8242
2026-10-06 21:42:27,491 - mmdet - INFO - Epoch [5][1150/6555]	lr: 1.000e-04, eta: 0:52:48, time: 0.259, data_time: 0.016, memory: 13344, loss_cls: 0.4210, loss_bbox: 0.4248, loss_kps: 0.0000, loss: 0.8458
2026-10-06 21:42:40,615 - mmdet - INFO - Epoch [5][1200/6555]	lr: 1.000e-04, eta: 0:52:35, time: 0.262, data_time: 0.016, memory: 13344, loss_cls: 0.4293, loss_bbox: 0.4127, loss_kps: 0.0000, loss: 0.8420
2026-10-06 21:42:54,533 - mmdet - INFO - Epoch [5][1250/6555]	lr: 1.000e-04, eta: 0:52:22, time: 0.278, data_time: 0.016, memory: 13344, loss_cls: 0.4044, loss_bbox: 0.4082, loss_kps: 0.0000, loss: 0.8125
2026-10-06 21:43:07,846 - mmdet - INFO - Epoch [5][1300/6555]	lr: 1.000e-04, eta: 0:52:09, time: 0.266, data_time: 0.017, memory: 13344, loss_cls: 0.4179, loss_bbox: 0.4059, loss_kps: 0.0000, loss: 0.8238
2026-10-06 21:43:20,927 - mmdet - INFO - Epoch [5][1350/6555]	lr: 1.000e-04, eta: 0:51:55, time: 0.262, data_time: 0.018, memory: 13344, loss_cls: 0.4224, loss_bbox: 0.4111, loss_kps: 0.0000, loss: 0.8335
2026-10-06 21:43:34,071 - mmdet - INFO - Epoch [5][1400/6555]	lr: 1.000e-04, eta: 0:51:42, time: 0.263, data_time: 0.017, memory: 13344, loss_cls: 0.4285, loss_bbox: 0.4284, loss_kps: 0.0000, loss: 0.8568
2026-10-06 21:43:47,174 - mmdet - INFO - Epoch [5][1450/6555]	lr: 1.000e-04, eta: 0:51:29, time: 0.262, data_time: 0.016, memory: 13344, loss_cls: 0.4445, loss_bbox: 0.4088, loss_kps: 0.0000, loss: 0.8533
2026-10-06 21:44:00,518 - mmdet - INFO - Epoch [5][1500/6555]	lr: 1.000e-04, eta: 0:51:15, time: 0.267, data_time: 0.016, memory: 13344, loss_cls: 0.4369, loss_bbox: 0.4174, loss_kps: 0.0000, loss: 0.8543
2026-10-06 21:44:13,576 - mmdet - INFO - Epoch [5][1550/6555]	lr: 1.000e-04, eta: 0:51:02, time: 0.261, data_time: 0.016, memory: 13344, loss_cls: 0.4228, loss_bbox: 0.4147, loss_kps: 0.0000, loss: 0.8376
2026-10-06 21:44:26,821 - mmdet - INFO - Epoch [5][1600/6555]	lr: 1.000e-04, eta: 0:50:49, time: 0.265, data_time: 0.016, memory: 13344, loss_cls: 0.4265, loss_bbox: 0.4125, loss_kps: 0.0000, loss: 0.8391
2026-10-06 21:44:39,848 - mmdet - INFO - Epoch [5][1650/6555]	lr: 1.000e-04, eta: 0:50:35, time: 0.261, data_time: 0.017, memory: 13344, loss_cls: 0.4152, loss_bbox: 0.4011, loss_kps: 0.0000, loss: 0.8163
2026-10-06 21:44:52,551 - mmdet - INFO - Epoch [5][1700/6555]	lr: 1.000e-04, eta: 0:50:22, time: 0.254, data_time: 0.015, memory: 13344, loss_cls: 0.4358, loss_bbox: 0.4336, loss_kps: 0.0000, loss: 0.8694
2026-10-06 21:45:05,846 - mmdet - INFO - Epoch [5][1750/6555]	lr: 1.000e-04, eta: 0:50:09, time: 0.266, data_time: 0.016, memory: 13344, loss_cls: 0.4274, loss_bbox: 0.4187, loss_kps: 0.0000, loss: 0.8461
2026-10-06 21:45:18,831 - mmdet - INFO - Epoch [5][1800/6555]	lr: 1.000e-04, eta: 0:49:55, time: 0.260, data_time: 0.016, memory: 13344, loss_cls: 0.4256, loss_bbox: 0.4244, loss_kps: 0.0000, loss: 0.8500
2026-10-06 21:45:31,560 - mmdet - INFO - Epoch [5][1850/6555]	lr: 1.000e-04, eta: 0:49:42, time: 0.255, data_time: 0.017, memory: 13344, loss_cls: 0.4244, loss_bbox: 0.4158, loss_kps: 0.0000, loss: 0.8402
2026-10-06 21:45:44,527 - mmdet - INFO - Epoch [5][1900/6555]	lr: 1.000e-04, eta: 0:49:29, time: 0.259, data_time: 0.016, memory: 13344, loss_cls: 0.4310, loss_bbox: 0.4092, loss_kps: 0.0000, loss: 0.8402
2026-10-06 21:45:57,768 - mmdet - INFO - Epoch [5][1950/6555]	lr: 1.000e-04, eta: 0:49:15, time: 0.265, data_time: 0.016, memory: 13344, loss_cls: 0.4199, loss_bbox: 0.4165, loss_kps: 0.0000, loss: 0.8363
2026-10-06 21:46:10,801 - mmdet - INFO - Epoch [5][2000/6555]	lr: 1.000e-04, eta: 0:49:02, time: 0.261, data_time: 0.016, memory: 13344, loss_cls: 0.4317, loss_bbox: 0.4199, loss_kps: 0.0000, loss: 0.8516
2026-10-06 21:46:23,743 - mmdet - INFO - Epoch [5][2050/6555]	lr: 1.000e-04, eta: 0:48:49, time: 0.259, data_time: 0.016, memory: 13344, loss_cls: 0.4070, loss_bbox: 0.4093, loss_kps: 0.0000, loss: 0.8163
2026-10-06 21:46:36,661 - mmdet - INFO - Epoch [5][2100/6555]	lr: 1.000e-04, eta: 0:48:35, time: 0.258, data_time: 0.018, memory: 13344, loss_cls: 0.4217, loss_bbox: 0.4219, loss_kps: 0.0000, loss: 0.8435
2026-10-06 21:46:49,872 - mmdet - INFO - Epoch [5][2150/6555]	lr: 1.000e-04, eta: 0:48:22, time: 0.264, data_time: 0.017, memory: 13344, loss_cls: 0.4252, loss_bbox: 0.4166, loss_kps: 0.0000, loss: 0.8418
2026-10-06 21:47:03,029 - mmdet - INFO - Epoch [5][2200/6555]	lr: 1.000e-04, eta: 0:48:09, time: 0.263, data_time: 0.016, memory: 13344, loss_cls: 0.4203, loss_bbox: 0.4024, loss_kps: 0.0000, loss: 0.8227
2026-10-06 21:47:16,572 - mmdet - INFO - Epoch [5][2250/6555]	lr: 1.000e-04, eta: 0:47:56, time: 0.261, data_time: 0.016, memory: 13344, loss_cls: 0.4397, loss_bbox: 0.4325, loss_kps: 0.0000, loss: 0.8723
2026-10-06 21:47:29,403 - mmdet - INFO - Epoch [5][2300/6555]	lr: 1.000e-04, eta: 0:47:42, time: 0.266, data_time: 0.025, memory: 13344, loss_cls: 0.4267, loss_bbox: 0.4119, loss_kps: 0.0000, loss: 0.8387
2026-10-06 21:47:42,619 - mmdet - INFO - Epoch [5][2350/6555]	lr: 1.000e-04, eta: 0:47:29, time: 0.264, data_time: 0.017, memory: 13344, loss_cls: 0.4123, loss_bbox: 0.4085, loss_kps: 0.0000, loss: 0.8208
2026-10-06 21:47:56,118 - mmdet - INFO - Epoch [5][2400/6555]	lr: 1.000e-04, eta: 0:47:16, time: 0.270, data_time: 0.018, memory: 13344, loss_cls: 0.4198, loss_bbox: 0.4063, loss_kps: 0.0000, loss: 0.8261
2026-10-06 21:48:09,689 - mmdet - INFO - Epoch [5][2450/6555]	lr: 1.000e-04, eta: 0:47:03, time: 0.271, data_time: 0.016, memory: 13344, loss_cls: 0.4161, loss_bbox: 0.4012, loss_kps: 0.0000, loss: 0.8172
2026-10-06 21:48:22,836 - mmdet - INFO - Epoch [5][2500/6555]	lr: 1.000e-04, eta: 0:46:49, time: 0.263, data_time: 0.016, memory: 13344, loss_cls: 0.4290, loss_bbox: 0.4145, loss_kps: 0.0000, loss: 0.8436
2026-10-06 21:48:36,418 - mmdet - INFO - Epoch [5][2550/6555]	lr: 1.000e-04, eta: 0:46:36, time: 0.272, data_time: 0.015, memory: 13344, loss_cls: 0.4394, loss_bbox: 0.4183, loss_kps: 0.0000, loss: 0.8578
2026-10-06 21:48:49,739 - mmdet - INFO - Epoch [5][2600/6555]	lr: 1.000e-04, eta: 0:46:23, time: 0.266, data_time: 0.015, memory: 13344, loss_cls: 0.4320, loss_bbox: 0.4177, loss_kps: 0.0000, loss: 0.8497
2026-10-06 21:49:02,911 - mmdet - INFO - Epoch [5][2650/6555]	lr: 1.000e-04, eta: 0:46:10, time: 0.263, data_time: 0.016, memory: 13344, loss_cls: 0.4303, loss_bbox: 0.4202, loss_kps: 0.0000, loss: 0.8505
2026-10-06 21:49:16,349 - mmdet - INFO - Epoch [5][2700/6555]	lr: 1.000e-04, eta: 0:45:57, time: 0.269, data_time: 0.016, memory: 13344, loss_cls: 0.4256, loss_bbox: 0.4269, loss_kps: 0.0000, loss: 0.8525
2026-10-06 21:49:29,787 - mmdet - INFO - Epoch [5][2750/6555]	lr: 1.000e-04, eta: 0:45:44, time: 0.269, data_time: 0.018, memory: 13344, loss_cls: 0.4107, loss_bbox: 0.4115, loss_kps: 0.0000, loss: 0.8222
2026-10-06 21:49:43,491 - mmdet - INFO - Epoch [5][2800/6555]	lr: 1.000e-04, eta: 0:45:30, time: 0.274, data_time: 0.016, memory: 13344, loss_cls: 0.4311, loss_bbox: 0.4177, loss_kps: 0.0000, loss: 0.8487
2026-10-06 21:49:56,700 - mmdet - INFO - Epoch [5][2850/6555]	lr: 1.000e-04, eta: 0:45:17, time: 0.264, data_time: 0.017, memory: 13344, loss_cls: 0.4467, loss_bbox: 0.4155, loss_kps: 0.0000, loss: 0.8622
2026-10-06 21:50:10,051 - mmdet - INFO - Epoch [5][2900/6555]	lr: 1.000e-04, eta: 0:45:04, time: 0.267, data_time: 0.017, memory: 13344, loss_cls: 0.4377, loss_bbox: 0.4232, loss_kps: 0.0000, loss: 0.8609
2026-10-06 21:50:23,482 - mmdet - INFO - Epoch [5][2950/6555]	lr: 1.000e-04, eta: 0:44:51, time: 0.269, data_time: 0.017, memory: 13344, loss_cls: 0.4081, loss_bbox: 0.4005, loss_kps: 0.0000, loss: 0.8086
2026-10-06 21:50:36,671 - mmdet - INFO - Epoch [5][3000/6555]	lr: 1.000e-04, eta: 0:44:38, time: 0.264, data_time: 0.017, memory: 13344, loss_cls: 0.4213, loss_bbox: 0.4078, loss_kps: 0.0000, loss: 0.8291
2026-10-06 21:50:49,854 - mmdet - INFO - Epoch [5][3050/6555]	lr: 1.000e-04, eta: 0:44:24, time: 0.264, data_time: 0.018, memory: 13344, loss_cls: 0.4276, loss_bbox: 0.4072, loss_kps: 0.0000, loss: 0.8348
2026-10-06 21:51:03,503 - mmdet - INFO - Epoch [5][3100/6555]	lr: 1.000e-04, eta: 0:44:11, time: 0.273, data_time: 0.016, memory: 13344, loss_cls: 0.4117, loss_bbox: 0.4110, loss_kps: 0.0000, loss: 0.8227
2026-10-06 21:51:16,480 - mmdet - INFO - Epoch [5][3150/6555]	lr: 1.000e-04, eta: 0:43:58, time: 0.260, data_time: 0.016, memory: 13344, loss_cls: 0.4416, loss_bbox: 0.4206, loss_kps: 0.0000, loss: 0.8622
2026-10-06 21:51:29,484 - mmdet - INFO - Epoch [5][3200/6555]	lr: 1.000e-04, eta: 0:43:45, time: 0.260, data_time: 0.017, memory: 13344, loss_cls: 0.4178, loss_bbox: 0.4167, loss_kps: 0.0000, loss: 0.8345
2026-10-06 21:51:42,478 - mmdet - INFO - Epoch [5][3250/6555]	lr: 1.000e-04, eta: 0:43:31, time: 0.260, data_time: 0.016, memory: 13344, loss_cls: 0.4448, loss_bbox: 0.4198, loss_kps: 0.0000, loss: 0.8646
2026-10-06 21:51:55,414 - mmdet - INFO - Epoch [5][3300/6555]	lr: 1.000e-04, eta: 0:43:18, time: 0.259, data_time: 0.016, memory: 13344, loss_cls: 0.4267, loss_bbox: 0.4290, loss_kps: 0.0000, loss: 0.8556
2026-10-06 21:52:08,475 - mmdet - INFO - Epoch [5][3350/6555]	lr: 1.000e-04, eta: 0:43:05, time: 0.261, data_time: 0.017, memory: 13344, loss_cls: 0.4257, loss_bbox: 0.4087, loss_kps: 0.0000, loss: 0.8344
2026-10-06 21:52:21,614 - mmdet - INFO - Epoch [5][3400/6555]	lr: 1.000e-04, eta: 0:42:51, time: 0.263, data_time: 0.016, memory: 13344, loss_cls: 0.4377, loss_bbox: 0.4093, loss_kps: 0.0000, loss: 0.8470
2026-10-06 21:52:34,661 - mmdet - INFO - Epoch [5][3450/6555]	lr: 1.000e-04, eta: 0:42:38, time: 0.261, data_time: 0.018, memory: 13344, loss_cls: 0.4203, loss_bbox: 0.4148, loss_kps: 0.0000, loss: 0.8351
2026-10-06 21:52:47,761 - mmdet - INFO - Epoch [5][3500/6555]	lr: 1.000e-04, eta: 0:42:25, time: 0.262, data_time: 0.016, memory: 13344, loss_cls: 0.4160, loss_bbox: 0.4125, loss_kps: 0.0000, loss: 0.8286
2026-10-06 21:53:01,084 - mmdet - INFO - Epoch [5][3550/6555]	lr: 1.000e-04, eta: 0:42:11, time: 0.266, data_time: 0.018, memory: 13344, loss_cls: 0.4168, loss_bbox: 0.4042, loss_kps: 0.0000, loss: 0.8210
2026-10-06 21:53:13,973 - mmdet - INFO - Epoch [5][3600/6555]	lr: 1.000e-04, eta: 0:41:58, time: 0.258, data_time: 0.017, memory: 13344, loss_cls: 0.4243, loss_bbox: 0.4172, loss_kps: 0.0000, loss: 0.8416
2026-10-06 21:53:27,068 - mmdet - INFO - Epoch [5][3650/6555]	lr: 1.000e-04, eta: 0:41:45, time: 0.262, data_time: 0.017, memory: 13344, loss_cls: 0.4057, loss_bbox: 0.4040, loss_kps: 0.0000, loss: 0.8097
2026-10-06 21:53:40,143 - mmdet - INFO - Epoch [5][3700/6555]	lr: 1.000e-04, eta: 0:41:32, time: 0.261, data_time: 0.016, memory: 13344, loss_cls: 0.4142, loss_bbox: 0.4204, loss_kps: 0.0000, loss: 0.8346
2026-10-06 21:53:53,194 - mmdet - INFO - Epoch [5][3750/6555]	lr: 1.000e-04, eta: 0:41:18, time: 0.261, data_time: 0.017, memory: 13344, loss_cls: 0.4390, loss_bbox: 0.4127, loss_kps: 0.0000, loss: 0.8517
2026-10-06 21:54:06,597 - mmdet - INFO - Epoch [5][3800/6555]	lr: 1.000e-04, eta: 0:41:05, time: 0.268, data_time: 0.018, memory: 13344, loss_cls: 0.4229, loss_bbox: 0.4233, loss_kps: 0.0000, loss: 0.8463
2026-10-06 21:54:19,521 - mmdet - INFO - Epoch [5][3850/6555]	lr: 1.000e-04, eta: 0:40:52, time: 0.258, data_time: 0.015, memory: 13344, loss_cls: 0.4325, loss_bbox: 0.4073, loss_kps: 0.0000, loss: 0.8398
2026-10-06 21:54:32,623 - mmdet - INFO - Epoch [5][3900/6555]	lr: 1.000e-04, eta: 0:40:38, time: 0.262, data_time: 0.017, memory: 13344, loss_cls: 0.4209, loss_bbox: 0.4032, loss_kps: 0.0000, loss: 0.8242
2026-10-06 21:54:45,827 - mmdet - INFO - Epoch [5][3950/6555]	lr: 1.000e-04, eta: 0:40:25, time: 0.264, data_time: 0.016, memory: 13344, loss_cls: 0.4174, loss_bbox: 0.4136, loss_kps: 0.0000, loss: 0.8309
2026-10-06 21:54:59,256 - mmdet - INFO - Epoch [5][4000/6555]	lr: 1.000e-04, eta: 0:40:12, time: 0.269, data_time: 0.016, memory: 13344, loss_cls: 0.4237, loss_bbox: 0.4101, loss_kps: 0.0000, loss: 0.8338
2026-10-06 21:55:12,322 - mmdet - INFO - Epoch [5][4050/6555]	lr: 1.000e-04, eta: 0:39:59, time: 0.261, data_time: 0.017, memory: 13344, loss_cls: 0.4431, loss_bbox: 0.4225, loss_kps: 0.0000, loss: 0.8656
2026-10-06 21:55:25,301 - mmdet - INFO - Epoch [5][4100/6555]	lr: 1.000e-04, eta: 0:39:45, time: 0.260, data_time: 0.016, memory: 13344, loss_cls: 0.4099, loss_bbox: 0.4116, loss_kps: 0.0000, loss: 0.8215
2026-10-06 21:55:38,290 - mmdet - INFO - Epoch [5][4150/6555]	lr: 1.000e-04, eta: 0:39:32, time: 0.260, data_time: 0.020, memory: 13344, loss_cls: 0.4316, loss_bbox: 0.4218, loss_kps: 0.0000, loss: 0.8535
2026-10-06 21:55:51,466 - mmdet - INFO - Epoch [5][4200/6555]	lr: 1.000e-04, eta: 0:39:19, time: 0.264, data_time: 0.017, memory: 13344, loss_cls: 0.4153, loss_bbox: 0.4092, loss_kps: 0.0000, loss: 0.8244
2026-10-06 21:56:04,426 - mmdet - INFO - Epoch [5][4250/6555]	lr: 1.000e-04, eta: 0:39:05, time: 0.259, data_time: 0.016, memory: 13344, loss_cls: 0.4209, loss_bbox: 0.4094, loss_kps: 0.0000, loss: 0.8302
2026-10-06 21:56:17,534 - mmdet - INFO - Epoch [5][4300/6555]	lr: 1.000e-04, eta: 0:38:52, time: 0.262, data_time: 0.015, memory: 13344, loss_cls: 0.4333, loss_bbox: 0.4247, loss_kps: 0.0000, loss: 0.8580
2026-10-06 21:56:30,954 - mmdet - INFO - Epoch [5][4350/6555]	lr: 1.000e-04, eta: 0:38:39, time: 0.268, data_time: 0.016, memory: 13344, loss_cls: 0.4208, loss_bbox: 0.4104, loss_kps: 0.0000, loss: 0.8312
2026-10-06 21:56:44,623 - mmdet - INFO - Epoch [5][4400/6555]	lr: 1.000e-04, eta: 0:38:26, time: 0.273, data_time: 0.015, memory: 13344, loss_cls: 0.4392, loss_bbox: 0.4345, loss_kps: 0.0000, loss: 0.8737
2026-10-06 21:56:57,940 - mmdet - INFO - Epoch [5][4450/6555]	lr: 1.000e-04, eta: 0:38:13, time: 0.266, data_time: 0.017, memory: 13344, loss_cls: 0.4128, loss_bbox: 0.4127, loss_kps: 0.0000, loss: 0.8255
2026-10-06 21:57:10,831 - mmdet - INFO - Epoch [5][4500/6555]	lr: 1.000e-04, eta: 0:37:59, time: 0.258, data_time: 0.017, memory: 13344, loss_cls: 0.4049, loss_bbox: 0.4124, loss_kps: 0.0000, loss: 0.8173
2026-10-06 21:57:24,048 - mmdet - INFO - Epoch [5][4550/6555]	lr: 1.000e-04, eta: 0:37:46, time: 0.264, data_time: 0.015, memory: 13344, loss_cls: 0.4247, loss_bbox: 0.4157, loss_kps: 0.0000, loss: 0.8404
2026-10-06 21:57:37,739 - mmdet - INFO - Epoch [5][4600/6555]	lr: 1.000e-04, eta: 0:37:33, time: 0.274, data_time: 0.016, memory: 13344, loss_cls: 0.4190, loss_bbox: 0.4060, loss_kps: 0.0000, loss: 0.8250
2026-10-06 21:57:50,465 - mmdet - INFO - Epoch [5][4650/6555]	lr: 1.000e-04, eta: 0:37:20, time: 0.254, data_time: 0.016, memory: 13344, loss_cls: 0.4290, loss_bbox: 0.4257, loss_kps: 0.0000, loss: 0.8547
2026-10-06 21:58:03,604 - mmdet - INFO - Epoch [5][4700/6555]	lr: 1.000e-04, eta: 0:37:06, time: 0.263, data_time: 0.016, memory: 13344, loss_cls: 0.4238, loss_bbox: 0.4330, loss_kps: 0.0000, loss: 0.8568
2026-10-06 21:58:17,261 - mmdet - INFO - Epoch [5][4750/6555]	lr: 1.000e-04, eta: 0:36:53, time: 0.273, data_time: 0.026, memory: 13344, loss_cls: 0.4149, loss_bbox: 0.4098, loss_kps: 0.0000, loss: 0.8247
2026-10-06 21:58:30,121 - mmdet - INFO - Epoch [5][4800/6555]	lr: 1.000e-04, eta: 0:36:40, time: 0.257, data_time: 0.016, memory: 13344, loss_cls: 0.4301, loss_bbox: 0.4159, loss_kps: 0.0000, loss: 0.8460
2026-10-06 21:58:43,283 - mmdet - INFO - Epoch [5][4850/6555]	lr: 1.000e-04, eta: 0:36:27, time: 0.263, data_time: 0.016, memory: 13344, loss_cls: 0.4145, loss_bbox: 0.4148, loss_kps: 0.0000, loss: 0.8293
2026-10-06 21:58:56,727 - mmdet - INFO - Epoch [5][4900/6555]	lr: 1.000e-04, eta: 0:36:13, time: 0.269, data_time: 0.016, memory: 13344, loss_cls: 0.4160, loss_bbox: 0.4077, loss_kps: 0.0000, loss: 0.8238
2026-10-06 21:59:09,680 - mmdet - INFO - Epoch [5][4950/6555]	lr: 1.000e-04, eta: 0:36:00, time: 0.259, data_time: 0.017, memory: 13344, loss_cls: 0.4165, loss_bbox: 0.4132, loss_kps: 0.0000, loss: 0.8297
2026-10-06 21:59:22,547 - mmdet - INFO - Epoch [5][5000/6555]	lr: 1.000e-04, eta: 0:35:47, time: 0.257, data_time: 0.017, memory: 13344, loss_cls: 0.4220, loss_bbox: 0.4146, loss_kps: 0.0000, loss: 0.8366
2026-10-06 21:59:35,869 - mmdet - INFO - Epoch [5][5050/6555]	lr: 1.000e-04, eta: 0:35:34, time: 0.266, data_time: 0.017, memory: 13344, loss_cls: 0.4438, loss_bbox: 0.4173, loss_kps: 0.0000, loss: 0.8611
2026-10-06 21:59:49,036 - mmdet - INFO - Epoch [5][5100/6555]	lr: 1.000e-04, eta: 0:35:20, time: 0.263, data_time: 0.016, memory: 13344, loss_cls: 0.4048, loss_bbox: 0.4011, loss_kps: 0.0000, loss: 0.8059
2026-10-06 22:00:01,916 - mmdet - INFO - Epoch [5][5150/6555]	lr: 1.000e-04, eta: 0:35:07, time: 0.258, data_time: 0.018, memory: 13344, loss_cls: 0.4199, loss_bbox: 0.4118, loss_kps: 0.0000, loss: 0.8317
2026-10-06 22:00:15,195 - mmdet - INFO - Epoch [5][5200/6555]	lr: 1.000e-04, eta: 0:34:54, time: 0.266, data_time: 0.015, memory: 13344, loss_cls: 0.4002, loss_bbox: 0.4111, loss_kps: 0.0000, loss: 0.8113
2026-10-06 22:00:28,259 - mmdet - INFO - Epoch [5][5250/6555]	lr: 1.000e-04, eta: 0:34:40, time: 0.261, data_time: 0.016, memory: 13344, loss_cls: 0.4155, loss_bbox: 0.4132, loss_kps: 0.0000, loss: 0.8287
2026-10-06 22:00:41,359 - mmdet - INFO - Epoch [5][5300/6555]	lr: 1.000e-04, eta: 0:34:27, time: 0.262, data_time: 0.015, memory: 13344, loss_cls: 0.4363, loss_bbox: 0.4201, loss_kps: 0.0000, loss: 0.8565
2026-10-06 22:00:54,630 - mmdet - INFO - Epoch [5][5350/6555]	lr: 1.000e-04, eta: 0:34:14, time: 0.265, data_time: 0.017, memory: 13344, loss_cls: 0.4092, loss_bbox: 0.4126, loss_kps: 0.0000, loss: 0.8217
2026-10-06 22:01:07,568 - mmdet - INFO - Epoch [5][5400/6555]	lr: 1.000e-04, eta: 0:34:01, time: 0.259, data_time: 0.018, memory: 13344, loss_cls: 0.4236, loss_bbox: 0.4201, loss_kps: 0.0000, loss: 0.8437
2026-10-06 22:01:20,553 - mmdet - INFO - Epoch [5][5450/6555]	lr: 1.000e-04, eta: 0:33:47, time: 0.260, data_time: 0.016, memory: 13344, loss_cls: 0.4339, loss_bbox: 0.4192, loss_kps: 0.0000, loss: 0.8531
2026-10-06 22:01:33,363 - mmdet - INFO - Epoch [5][5500/6555]	lr: 1.000e-04, eta: 0:33:34, time: 0.256, data_time: 0.017, memory: 13344, loss_cls: 0.4127, loss_bbox: 0.4049, loss_kps: 0.0000, loss: 0.8176
2026-10-06 22:01:46,374 - mmdet - INFO - Epoch [5][5550/6555]	lr: 1.000e-04, eta: 0:33:21, time: 0.260, data_time: 0.016, memory: 13344, loss_cls: 0.4251, loss_bbox: 0.4234, loss_kps: 0.0000, loss: 0.8485
2026-10-06 22:01:59,571 - mmdet - INFO - Epoch [5][5600/6555]	lr: 1.000e-04, eta: 0:33:07, time: 0.264, data_time: 0.017, memory: 13344, loss_cls: 0.4230, loss_bbox: 0.4196, loss_kps: 0.0000, loss: 0.8426
2026-10-06 22:02:12,679 - mmdet - INFO - Epoch [5][5650/6555]	lr: 1.000e-04, eta: 0:32:54, time: 0.262, data_time: 0.016, memory: 13344, loss_cls: 0.4434, loss_bbox: 0.4087, loss_kps: 0.0000, loss: 0.8521
2026-10-06 22:02:25,837 - mmdet - INFO - Epoch [5][5700/6555]	lr: 1.000e-04, eta: 0:32:41, time: 0.263, data_time: 0.017, memory: 13344, loss_cls: 0.4331, loss_bbox: 0.4197, loss_kps: 0.0000, loss: 0.8528
2026-10-06 22:02:38,739 - mmdet - INFO - Epoch [5][5750/6555]	lr: 1.000e-04, eta: 0:32:28, time: 0.258, data_time: 0.017, memory: 13344, loss_cls: 0.4187, loss_bbox: 0.4188, loss_kps: 0.0000, loss: 0.8376
2026-10-06 22:02:52,241 - mmdet - INFO - Epoch [5][5800/6555]	lr: 1.000e-04, eta: 0:32:14, time: 0.270, data_time: 0.016, memory: 13344, loss_cls: 0.4209, loss_bbox: 0.4145, loss_kps: 0.0000, loss: 0.8353
2026-10-06 22:03:05,154 - mmdet - INFO - Epoch [5][5850/6555]	lr: 1.000e-04, eta: 0:32:01, time: 0.258, data_time: 0.016, memory: 13344, loss_cls: 0.4186, loss_bbox: 0.4028, loss_kps: 0.0000, loss: 0.8215
2026-10-06 22:03:18,221 - mmdet - INFO - Epoch [5][5900/6555]	lr: 1.000e-04, eta: 0:31:48, time: 0.261, data_time: 0.016, memory: 13344, loss_cls: 0.4231, loss_bbox: 0.4161, loss_kps: 0.0000, loss: 0.8392
2026-10-06 22:03:31,202 - mmdet - INFO - Epoch [5][5950/6555]	lr: 1.000e-04, eta: 0:31:35, time: 0.260, data_time: 0.016, memory: 13344, loss_cls: 0.4277, loss_bbox: 0.4150, loss_kps: 0.0000, loss: 0.8427
2026-10-06 22:03:44,274 - mmdet - INFO - Epoch [5][6000/6555]	lr: 1.000e-04, eta: 0:31:21, time: 0.261, data_time: 0.015, memory: 13344, loss_cls: 0.4098, loss_bbox: 0.3964, loss_kps: 0.0000, loss: 0.8062
2026-10-06 22:03:57,409 - mmdet - INFO - Epoch [5][6050/6555]	lr: 1.000e-04, eta: 0:31:08, time: 0.263, data_time: 0.017, memory: 13344, loss_cls: 0.4078, loss_bbox: 0.4180, loss_kps: 0.0000, loss: 0.8258
2026-10-06 22:04:10,421 - mmdet - INFO - Epoch [5][6100/6555]	lr: 1.000e-04, eta: 0:30:55, time: 0.260, data_time: 0.016, memory: 13344, loss_cls: 0.4176, loss_bbox: 0.4034, loss_kps: 0.0000, loss: 0.8209
2026-10-06 22:04:23,388 - mmdet - INFO - Epoch [5][6150/6555]	lr: 1.000e-04, eta: 0:30:41, time: 0.259, data_time: 0.017, memory: 13344, loss_cls: 0.4123, loss_bbox: 0.4168, loss_kps: 0.0000, loss: 0.8290
2026-10-06 22:04:36,970 - mmdet - INFO - Epoch [5][6200/6555]	lr: 1.000e-04, eta: 0:30:28, time: 0.272, data_time: 0.016, memory: 13344, loss_cls: 0.4238, loss_bbox: 0.4137, loss_kps: 0.0000, loss: 0.8375
2026-10-06 22:04:49,621 - mmdet - INFO - Epoch [5][6250/6555]	lr: 1.000e-04, eta: 0:30:15, time: 0.253, data_time: 0.016, memory: 13344, loss_cls: 0.4437, loss_bbox: 0.4265, loss_kps: 0.0000, loss: 0.8702
2026-10-06 22:05:02,531 - mmdet - INFO - Epoch [5][6300/6555]	lr: 1.000e-04, eta: 0:30:02, time: 0.258, data_time: 0.016, memory: 13344, loss_cls: 0.4228, loss_bbox: 0.4266, loss_kps: 0.0000, loss: 0.8494
2026-10-06 22:05:15,624 - mmdet - INFO - Epoch [5][6350/6555]	lr: 1.000e-04, eta: 0:29:48, time: 0.262, data_time: 0.017, memory: 13344, loss_cls: 0.4298, loss_bbox: 0.4162, loss_kps: 0.0000, loss: 0.8461
2026-10-06 22:05:28,971 - mmdet - INFO - Epoch [5][6400/6555]	lr: 1.000e-04, eta: 0:29:35, time: 0.267, data_time: 0.017, memory: 13344, loss_cls: 0.4295, loss_bbox: 0.4182, loss_kps: 0.0000, loss: 0.8477
2026-10-06 22:05:42,452 - mmdet - INFO - Epoch [5][6450/6555]	lr: 1.000e-04, eta: 0:29:22, time: 0.270, data_time: 0.015, memory: 13344, loss_cls: 0.4243, loss_bbox: 0.4162, loss_kps: 0.0000, loss: 0.8404
2026-10-06 22:05:55,785 - mmdet - INFO - Epoch [5][6500/6555]	lr: 1.000e-04, eta: 0:29:09, time: 0.267, data_time: 0.016, memory: 13344, loss_cls: 0.4281, loss_bbox: 0.4297, loss_kps: 0.0000, loss: 0.8578
2026-10-06 22:06:06,214 - mmdet - INFO - Epoch [5][6550/6555]	lr: 1.000e-04, eta: 0:28:55, time: 0.209, data_time: 0.012, memory: 13344, loss_cls: 0.4131, loss_bbox: 0.4052, loss_kps: 0.0000, loss: 0.8183
2026-10-06 22:06:07,579 - mmdet - INFO - Saving checkpoint at 5 epochs
2026-10-06 22:06:32,955 - mmdet - INFO - Epoch [6][50/6555]	lr: 1.000e-05, eta: 0:28:43, time: 0.502, data_time: 0.181, memory: 13344, loss_cls: 0.3949, loss_bbox: 0.3918, loss_kps: 0.0000, loss: 0.7867
2026-10-06 22:06:46,101 - mmdet - INFO - Epoch [6][100/6555]	lr: 1.000e-05, eta: 0:28:29, time: 0.263, data_time: 0.017, memory: 13344, loss_cls: 0.4232, loss_bbox: 0.4170, loss_kps: 0.0000, loss: 0.8402
2026-10-06 22:06:58,919 - mmdet - INFO - Epoch [6][150/6555]	lr: 1.000e-05, eta: 0:28:16, time: 0.256, data_time: 0.016, memory: 13344, loss_cls: 0.4146, loss_bbox: 0.4253, loss_kps: 0.0000, loss: 0.8399
2026-10-06 22:07:12,120 - mmdet - INFO - Epoch [6][200/6555]	lr: 1.000e-05, eta: 0:28:03, time: 0.264, data_time: 0.017, memory: 13344, loss_cls: 0.4296, loss_bbox: 0.4154, loss_kps: 0.0000, loss: 0.8451
2026-10-06 22:07:25,099 - mmdet - INFO - Epoch [6][250/6555]	lr: 1.000e-05, eta: 0:27:49, time: 0.260, data_time: 0.017, memory: 13344, loss_cls: 0.4247, loss_bbox: 0.4197, loss_kps: 0.0000, loss: 0.8444
2026-10-06 22:07:38,381 - mmdet - INFO - Epoch [6][300/6555]	lr: 1.000e-05, eta: 0:27:36, time: 0.266, data_time: 0.016, memory: 13344, loss_cls: 0.3996, loss_bbox: 0.4091, loss_kps: 0.0000, loss: 0.8088
2026-10-06 22:07:51,437 - mmdet - INFO - Epoch [6][350/6555]	lr: 1.000e-05, eta: 0:27:23, time: 0.261, data_time: 0.016, memory: 13344, loss_cls: 0.4341, loss_bbox: 0.4206, loss_kps: 0.0000, loss: 0.8547
2026-10-06 22:08:04,426 - mmdet - INFO - Epoch [6][400/6555]	lr: 1.000e-05, eta: 0:27:10, time: 0.260, data_time: 0.016, memory: 13344, loss_cls: 0.4167, loss_bbox: 0.4095, loss_kps: 0.0000, loss: 0.8262
2026-10-06 22:08:17,339 - mmdet - INFO - Epoch [6][450/6555]	lr: 1.000e-05, eta: 0:26:56, time: 0.258, data_time: 0.017, memory: 13344, loss_cls: 0.4365, loss_bbox: 0.4275, loss_kps: 0.0000, loss: 0.8640
2026-10-06 22:08:30,320 - mmdet - INFO - Epoch [6][500/6555]	lr: 1.000e-05, eta: 0:26:43, time: 0.260, data_time: 0.016, memory: 13344, loss_cls: 0.4255, loss_bbox: 0.4144, loss_kps: 0.0000, loss: 0.8399
2026-10-06 22:08:43,507 - mmdet - INFO - Epoch [6][550/6555]	lr: 1.000e-05, eta: 0:26:30, time: 0.264, data_time: 0.016, memory: 13344, loss_cls: 0.4365, loss_bbox: 0.4162, loss_kps: 0.0000, loss: 0.8527
2026-10-06 22:08:56,468 - mmdet - INFO - Epoch [6][600/6555]	lr: 1.000e-05, eta: 0:26:16, time: 0.259, data_time: 0.017, memory: 13344, loss_cls: 0.4205, loss_bbox: 0.4133, loss_kps: 0.0000, loss: 0.8338
2026-10-06 22:09:09,582 - mmdet - INFO - Epoch [6][650/6555]	lr: 1.000e-05, eta: 0:26:03, time: 0.262, data_time: 0.016, memory: 13344, loss_cls: 0.3984, loss_bbox: 0.4113, loss_kps: 0.0000, loss: 0.8097
2026-10-06 22:09:22,506 - mmdet - INFO - Epoch [6][700/6555]	lr: 1.000e-05, eta: 0:25:50, time: 0.258, data_time: 0.016, memory: 13344, loss_cls: 0.4265, loss_bbox: 0.4173, loss_kps: 0.0000, loss: 0.8437
2026-10-06 22:09:35,460 - mmdet - INFO - Epoch [6][750/6555]	lr: 1.000e-05, eta: 0:25:37, time: 0.259, data_time: 0.016, memory: 13344, loss_cls: 0.4484, loss_bbox: 0.4259, loss_kps: 0.0000, loss: 0.8743
2026-10-06 22:09:48,404 - mmdet - INFO - Epoch [6][800/6555]	lr: 1.000e-05, eta: 0:25:23, time: 0.259, data_time: 0.017, memory: 13344, loss_cls: 0.4130, loss_bbox: 0.4094, loss_kps: 0.0000, loss: 0.8224
2026-10-06 22:10:01,593 - mmdet - INFO - Epoch [6][850/6555]	lr: 1.000e-05, eta: 0:25:10, time: 0.264, data_time: 0.016, memory: 13344, loss_cls: 0.4154, loss_bbox: 0.4073, loss_kps: 0.0000, loss: 0.8227
2026-10-06 22:10:14,557 - mmdet - INFO - Epoch [6][900/6555]	lr: 1.000e-05, eta: 0:24:57, time: 0.259, data_time: 0.016, memory: 13344, loss_cls: 0.4199, loss_bbox: 0.4158, loss_kps: 0.0000, loss: 0.8356
2026-10-06 22:10:27,608 - mmdet - INFO - Epoch [6][950/6555]	lr: 1.000e-05, eta: 0:24:44, time: 0.261, data_time: 0.018, memory: 13344, loss_cls: 0.4208, loss_bbox: 0.4264, loss_kps: 0.0000, loss: 0.8473
2026-10-06 22:10:40,303 - mmdet - INFO - Epoch [6][1000/6555]	lr: 1.000e-05, eta: 0:24:30, time: 0.254, data_time: 0.017, memory: 13344, loss_cls: 0.4221, loss_bbox: 0.4216, loss_kps: 0.0000, loss: 0.8436
2026-10-06 22:10:54,298 - mmdet - INFO - Epoch [6][1050/6555]	lr: 1.000e-05, eta: 0:24:17, time: 0.269, data_time: 0.017, memory: 13344, loss_cls: 0.4239, loss_bbox: 0.4329, loss_kps: 0.0000, loss: 0.8568
2026-10-06 22:11:07,135 - mmdet - INFO - Epoch [6][1100/6555]	lr: 1.000e-05, eta: 0:24:04, time: 0.268, data_time: 0.027, memory: 13344, loss_cls: 0.4240, loss_bbox: 0.4141, loss_kps: 0.0000, loss: 0.8382
2026-10-06 22:11:20,253 - mmdet - INFO - Epoch [6][1150/6555]	lr: 1.000e-05, eta: 0:23:51, time: 0.262, data_time: 0.018, memory: 13344, loss_cls: 0.4467, loss_bbox: 0.4295, loss_kps: 0.0000, loss: 0.8762
2026-10-06 22:11:33,520 - mmdet - INFO - Epoch [6][1200/6555]	lr: 1.000e-05, eta: 0:23:37, time: 0.265, data_time: 0.018, memory: 13344, loss_cls: 0.4153, loss_bbox: 0.4095, loss_kps: 0.0000, loss: 0.8249
2026-10-06 22:11:47,357 - mmdet - INFO - Epoch [6][1250/6555]	lr: 1.000e-05, eta: 0:23:24, time: 0.277, data_time: 0.016, memory: 13344, loss_cls: 0.4278, loss_bbox: 0.4300, loss_kps: 0.0000, loss: 0.8578
2026-10-06 22:12:00,492 - mmdet - INFO - Epoch [6][1300/6555]	lr: 1.000e-05, eta: 0:23:11, time: 0.263, data_time: 0.017, memory: 13344, loss_cls: 0.4087, loss_bbox: 0.4031, loss_kps: 0.0000, loss: 0.8119
2026-10-06 22:12:13,532 - mmdet - INFO - Epoch [6][1350/6555]	lr: 1.000e-05, eta: 0:22:58, time: 0.261, data_time: 0.017, memory: 13344, loss_cls: 0.4242, loss_bbox: 0.4270, loss_kps: 0.0000, loss: 0.8512
2026-10-06 22:12:26,933 - mmdet - INFO - Epoch [6][1400/6555]	lr: 1.000e-05, eta: 0:22:44, time: 0.268, data_time: 0.017, memory: 13344, loss_cls: 0.4112, loss_bbox: 0.4033, loss_kps: 0.0000, loss: 0.8145
2026-10-06 22:12:39,961 - mmdet - INFO - Epoch [6][1450/6555]	lr: 1.000e-05, eta: 0:22:31, time: 0.260, data_time: 0.015, memory: 13344, loss_cls: 0.4291, loss_bbox: 0.4184, loss_kps: 0.0000, loss: 0.8475
2026-10-06 22:12:53,105 - mmdet - INFO - Epoch [6][1500/6555]	lr: 1.000e-05, eta: 0:22:18, time: 0.263, data_time: 0.016, memory: 13344, loss_cls: 0.4039, loss_bbox: 0.4021, loss_kps: 0.0000, loss: 0.8060
2026-10-06 22:13:06,180 - mmdet - INFO - Epoch [6][1550/6555]	lr: 1.000e-05, eta: 0:22:05, time: 0.261, data_time: 0.016, memory: 13344, loss_cls: 0.4307, loss_bbox: 0.4146, loss_kps: 0.0000, loss: 0.8452
2026-10-06 22:13:19,309 - mmdet - INFO - Epoch [6][1600/6555]	lr: 1.000e-05, eta: 0:21:51, time: 0.263, data_time: 0.017, memory: 13344, loss_cls: 0.4248, loss_bbox: 0.4180, loss_kps: 0.0000, loss: 0.8428
2026-10-06 22:13:33,186 - mmdet - INFO - Epoch [6][1650/6555]	lr: 1.000e-05, eta: 0:21:38, time: 0.278, data_time: 0.015, memory: 13344, loss_cls: 0.4138, loss_bbox: 0.4102, loss_kps: 0.0000, loss: 0.8240
2026-10-06 22:13:46,297 - mmdet - INFO - Epoch [6][1700/6555]	lr: 1.000e-05, eta: 0:21:25, time: 0.262, data_time: 0.016, memory: 13344, loss_cls: 0.4350, loss_bbox: 0.4158, loss_kps: 0.0000, loss: 0.8508
2026-10-06 22:13:59,107 - mmdet - INFO - Epoch [6][1750/6555]	lr: 1.000e-05, eta: 0:21:12, time: 0.256, data_time: 0.016, memory: 13344, loss_cls: 0.4216, loss_bbox: 0.4212, loss_kps: 0.0000, loss: 0.8428
2026-10-06 22:14:12,348 - mmdet - INFO - Epoch [6][1800/6555]	lr: 1.000e-05, eta: 0:20:58, time: 0.265, data_time: 0.017, memory: 13344, loss_cls: 0.4190, loss_bbox: 0.4026, loss_kps: 0.0000, loss: 0.8216
2026-10-06 22:14:25,772 - mmdet - INFO - Epoch [6][1850/6555]	lr: 1.000e-05, eta: 0:20:45, time: 0.269, data_time: 0.015, memory: 13344, loss_cls: 0.4227, loss_bbox: 0.4163, loss_kps: 0.0000, loss: 0.8390
2026-10-06 22:14:39,076 - mmdet - INFO - Epoch [6][1900/6555]	lr: 1.000e-05, eta: 0:20:32, time: 0.266, data_time: 0.017, memory: 13344, loss_cls: 0.4273, loss_bbox: 0.4111, loss_kps: 0.0000, loss: 0.8385
2026-10-06 22:14:51,908 - mmdet - INFO - Epoch [6][1950/6555]	lr: 1.000e-05, eta: 0:20:19, time: 0.257, data_time: 0.017, memory: 13344, loss_cls: 0.4316, loss_bbox: 0.4151, loss_kps: 0.0000, loss: 0.8466
2026-10-06 22:15:05,007 - mmdet - INFO - Epoch [6][2000/6555]	lr: 1.000e-05, eta: 0:20:05, time: 0.262, data_time: 0.016, memory: 13344, loss_cls: 0.4351, loss_bbox: 0.4252, loss_kps: 0.0000, loss: 0.8603
2026-10-06 22:15:18,504 - mmdet - INFO - Epoch [6][2050/6555]	lr: 1.000e-05, eta: 0:19:52, time: 0.270, data_time: 0.018, memory: 13344, loss_cls: 0.4103, loss_bbox: 0.4159, loss_kps: 0.0000, loss: 0.8262
2026-10-06 22:15:31,721 - mmdet - INFO - Epoch [6][2100/6555]	lr: 1.000e-05, eta: 0:19:39, time: 0.264, data_time: 0.017, memory: 13344, loss_cls: 0.4133, loss_bbox: 0.4175, loss_kps: 0.0000, loss: 0.8309
2026-10-06 22:15:44,707 - mmdet - INFO - Epoch [6][2150/6555]	lr: 1.000e-05, eta: 0:19:26, time: 0.260, data_time: 0.016, memory: 13344, loss_cls: 0.4068, loss_bbox: 0.4105, loss_kps: 0.0000, loss: 0.8173
2026-10-06 22:15:57,735 - mmdet - INFO - Epoch [6][2200/6555]	lr: 1.000e-05, eta: 0:19:12, time: 0.261, data_time: 0.016, memory: 13344, loss_cls: 0.4246, loss_bbox: 0.4096, loss_kps: 0.0000, loss: 0.8342
2026-10-06 22:16:10,793 - mmdet - INFO - Epoch [6][2250/6555]	lr: 1.000e-05, eta: 0:18:59, time: 0.261, data_time: 0.017, memory: 13344, loss_cls: 0.4110, loss_bbox: 0.4208, loss_kps: 0.0000, loss: 0.8318
2026-10-06 22:16:23,854 - mmdet - INFO - Epoch [6][2300/6555]	lr: 1.000e-05, eta: 0:18:46, time: 0.261, data_time: 0.017, memory: 13344, loss_cls: 0.4290, loss_bbox: 0.4076, loss_kps: 0.0000, loss: 0.8366
2026-10-06 22:16:36,798 - mmdet - INFO - Epoch [6][2350/6555]	lr: 1.000e-05, eta: 0:18:33, time: 0.259, data_time: 0.017, memory: 13344, loss_cls: 0.4327, loss_bbox: 0.4188, loss_kps: 0.0000, loss: 0.8515
2026-10-06 22:16:49,883 - mmdet - INFO - Epoch [6][2400/6555]	lr: 1.000e-05, eta: 0:18:19, time: 0.262, data_time: 0.016, memory: 13344, loss_cls: 0.4151, loss_bbox: 0.4111, loss_kps: 0.0000, loss: 0.8263
2026-10-06 22:17:02,863 - mmdet - INFO - Epoch [6][2450/6555]	lr: 1.000e-05, eta: 0:18:06, time: 0.260, data_time: 0.016, memory: 13344, loss_cls: 0.4325, loss_bbox: 0.4242, loss_kps: 0.0000, loss: 0.8568
2026-10-06 22:17:16,051 - mmdet - INFO - Epoch [6][2500/6555]	lr: 1.000e-05, eta: 0:17:53, time: 0.264, data_time: 0.017, memory: 13344, loss_cls: 0.4011, loss_bbox: 0.4112, loss_kps: 0.0000, loss: 0.8123
2026-10-06 22:17:29,079 - mmdet - INFO - Epoch [6][2550/6555]	lr: 1.000e-05, eta: 0:17:40, time: 0.261, data_time: 0.016, memory: 13344, loss_cls: 0.4090, loss_bbox: 0.4129, loss_kps: 0.0000, loss: 0.8218
2026-10-06 22:17:42,397 - mmdet - INFO - Epoch [6][2600/6555]	lr: 1.000e-05, eta: 0:17:26, time: 0.266, data_time: 0.018, memory: 13344, loss_cls: 0.4182, loss_bbox: 0.4102, loss_kps: 0.0000, loss: 0.8284
2026-10-06 22:17:55,310 - mmdet - INFO - Epoch [6][2650/6555]	lr: 1.000e-05, eta: 0:17:13, time: 0.258, data_time: 0.017, memory: 13344, loss_cls: 0.4243, loss_bbox: 0.4129, loss_kps: 0.0000, loss: 0.8372
2026-10-06 22:18:08,238 - mmdet - INFO - Epoch [6][2700/6555]	lr: 1.000e-05, eta: 0:17:00, time: 0.258, data_time: 0.014, memory: 13344, loss_cls: 0.4357, loss_bbox: 0.4191, loss_kps: 0.0000, loss: 0.8548
2026-10-06 22:18:21,358 - mmdet - INFO - Epoch [6][2750/6555]	lr: 1.000e-05, eta: 0:16:47, time: 0.262, data_time: 0.016, memory: 13344, loss_cls: 0.4188, loss_bbox: 0.4261, loss_kps: 0.0000, loss: 0.8450
2026-10-06 22:18:34,769 - mmdet - INFO - Epoch [6][2800/6555]	lr: 1.000e-05, eta: 0:16:33, time: 0.268, data_time: 0.015, memory: 13344, loss_cls: 0.4184, loss_bbox: 0.4117, loss_kps: 0.0000, loss: 0.8302
2026-10-06 22:18:48,090 - mmdet - INFO - Epoch [6][2850/6555]	lr: 1.000e-05, eta: 0:16:20, time: 0.266, data_time: 0.017, memory: 13344, loss_cls: 0.4203, loss_bbox: 0.4180, loss_kps: 0.0000, loss: 0.8383
2026-10-06 22:19:01,265 - mmdet - INFO - Epoch [6][2900/6555]	lr: 1.000e-05, eta: 0:16:07, time: 0.263, data_time: 0.016, memory: 13344, loss_cls: 0.4197, loss_bbox: 0.4041, loss_kps: 0.0000, loss: 0.8238
2026-10-06 22:19:14,761 - mmdet - INFO - Epoch [6][2950/6555]	lr: 1.000e-05, eta: 0:15:54, time: 0.270, data_time: 0.017, memory: 13344, loss_cls: 0.4146, loss_bbox: 0.4105, loss_kps: 0.0000, loss: 0.8251
2026-10-06 22:19:27,932 - mmdet - INFO - Epoch [6][3000/6555]	lr: 1.000e-05, eta: 0:15:41, time: 0.263, data_time: 0.016, memory: 13344, loss_cls: 0.4143, loss_bbox: 0.4088, loss_kps: 0.0000, loss: 0.8231
2026-10-06 22:19:40,841 - mmdet - INFO - Epoch [6][3050/6555]	lr: 1.000e-05, eta: 0:15:27, time: 0.258, data_time: 0.016, memory: 13344, loss_cls: 0.4100, loss_bbox: 0.4041, loss_kps: 0.0000, loss: 0.8141
2026-10-06 22:19:53,876 - mmdet - INFO - Epoch [6][3100/6555]	lr: 1.000e-05, eta: 0:15:14, time: 0.261, data_time: 0.016, memory: 13344, loss_cls: 0.4123, loss_bbox: 0.4085, loss_kps: 0.0000, loss: 0.8208
2026-10-06 22:20:06,941 - mmdet - INFO - Epoch [6][3150/6555]	lr: 1.000e-05, eta: 0:15:01, time: 0.261, data_time: 0.017, memory: 13344, loss_cls: 0.4441, loss_bbox: 0.4208, loss_kps: 0.0000, loss: 0.8648
2026-10-06 22:20:20,102 - mmdet - INFO - Epoch [6][3200/6555]	lr: 1.000e-05, eta: 0:14:48, time: 0.263, data_time: 0.017, memory: 13344, loss_cls: 0.4428, loss_bbox: 0.4102, loss_kps: 0.0000, loss: 0.8530
2026-10-06 22:20:33,017 - mmdet - INFO - Epoch [6][3250/6555]	lr: 1.000e-05, eta: 0:14:34, time: 0.258, data_time: 0.016, memory: 13344, loss_cls: 0.4182, loss_bbox: 0.4070, loss_kps: 0.0000, loss: 0.8252
2026-10-06 22:20:46,485 - mmdet - INFO - Epoch [6][3300/6555]	lr: 1.000e-05, eta: 0:14:21, time: 0.269, data_time: 0.017, memory: 13344, loss_cls: 0.4174, loss_bbox: 0.4075, loss_kps: 0.0000, loss: 0.8249
2026-10-06 22:20:59,977 - mmdet - INFO - Epoch [6][3350/6555]	lr: 1.000e-05, eta: 0:14:08, time: 0.270, data_time: 0.016, memory: 13344, loss_cls: 0.3999, loss_bbox: 0.3868, loss_kps: 0.0000, loss: 0.7866
2026-10-06 22:21:13,128 - mmdet - INFO - Epoch [6][3400/6555]	lr: 1.000e-05, eta: 0:13:55, time: 0.263, data_time: 0.016, memory: 13344, loss_cls: 0.4280, loss_bbox: 0.4257, loss_kps: 0.0000, loss: 0.8537
2026-10-06 22:21:26,185 - mmdet - INFO - Epoch [6][3450/6555]	lr: 1.000e-05, eta: 0:13:41, time: 0.261, data_time: 0.018, memory: 13344, loss_cls: 0.4224, loss_bbox: 0.4061, loss_kps: 0.0000, loss: 0.8285
2026-10-06 22:21:39,651 - mmdet - INFO - Epoch [6][3500/6555]	lr: 1.000e-05, eta: 0:13:28, time: 0.269, data_time: 0.016, memory: 13344, loss_cls: 0.4278, loss_bbox: 0.4103, loss_kps: 0.0000, loss: 0.8381
2026-10-06 22:21:53,155 - mmdet - INFO - Epoch [6][3550/6555]	lr: 1.000e-05, eta: 0:13:15, time: 0.270, data_time: 0.016, memory: 13344, loss_cls: 0.4421, loss_bbox: 0.4156, loss_kps: 0.0000, loss: 0.8576
2026-10-06 22:22:06,485 - mmdet - INFO - Epoch [6][3600/6555]	lr: 1.000e-05, eta: 0:13:02, time: 0.267, data_time: 0.015, memory: 13344, loss_cls: 0.4054, loss_bbox: 0.4142, loss_kps: 0.0000, loss: 0.8196
2026-10-06 22:22:19,784 - mmdet - INFO - Epoch [6][3650/6555]	lr: 1.000e-05, eta: 0:12:48, time: 0.266, data_time: 0.019, memory: 13344, loss_cls: 0.4197, loss_bbox: 0.4149, loss_kps: 0.0000, loss: 0.8346
2026-10-06 22:22:32,753 - mmdet - INFO - Epoch [6][3700/6555]	lr: 1.000e-05, eta: 0:12:35, time: 0.259, data_time: 0.016, memory: 13344, loss_cls: 0.4028, loss_bbox: 0.3955, loss_kps: 0.0000, loss: 0.7982
2026-10-06 22:22:45,784 - mmdet - INFO - Epoch [6][3750/6555]	lr: 1.000e-05, eta: 0:12:22, time: 0.261, data_time: 0.016, memory: 13344, loss_cls: 0.4257, loss_bbox: 0.4186, loss_kps: 0.0000, loss: 0.8443
2026-10-06 22:22:58,707 - mmdet - INFO - Epoch [6][3800/6555]	lr: 1.000e-05, eta: 0:12:09, time: 0.258, data_time: 0.016, memory: 13344, loss_cls: 0.4255, loss_bbox: 0.4148, loss_kps: 0.0000, loss: 0.8403
2026-10-06 22:23:11,658 - mmdet - INFO - Epoch [6][3850/6555]	lr: 1.000e-05, eta: 0:11:55, time: 0.259, data_time: 0.016, memory: 13344, loss_cls: 0.4049, loss_bbox: 0.4208, loss_kps: 0.0000, loss: 0.8256
2026-10-06 22:23:24,687 - mmdet - INFO - Epoch [6][3900/6555]	lr: 1.000e-05, eta: 0:11:42, time: 0.261, data_time: 0.016, memory: 13344, loss_cls: 0.4378, loss_bbox: 0.4160, loss_kps: 0.0000, loss: 0.8538
2026-10-06 22:23:37,832 - mmdet - INFO - Epoch [6][3950/6555]	lr: 1.000e-05, eta: 0:11:29, time: 0.263, data_time: 0.018, memory: 13344, loss_cls: 0.4058, loss_bbox: 0.3979, loss_kps: 0.0000, loss: 0.8037
2026-10-06 22:23:50,809 - mmdet - INFO - Epoch [6][4000/6555]	lr: 1.000e-05, eta: 0:11:16, time: 0.259, data_time: 0.017, memory: 13344, loss_cls: 0.4086, loss_bbox: 0.4182, loss_kps: 0.0000, loss: 0.8267
2026-10-06 22:24:03,941 - mmdet - INFO - Epoch [6][4050/6555]	lr: 1.000e-05, eta: 0:11:02, time: 0.263, data_time: 0.016, memory: 13344, loss_cls: 0.4136, loss_bbox: 0.4167, loss_kps: 0.0000, loss: 0.8303
2026-10-06 22:24:17,067 - mmdet - INFO - Epoch [6][4100/6555]	lr: 1.000e-05, eta: 0:10:49, time: 0.262, data_time: 0.016, memory: 13344, loss_cls: 0.4285, loss_bbox: 0.4171, loss_kps: 0.0000, loss: 0.8456
2026-10-06 22:24:30,358 - mmdet - INFO - Epoch [6][4150/6555]	lr: 1.000e-05, eta: 0:10:36, time: 0.266, data_time: 0.017, memory: 13344, loss_cls: 0.4145, loss_bbox: 0.4099, loss_kps: 0.0000, loss: 0.8244
2026-10-06 22:24:43,326 - mmdet - INFO - Epoch [6][4200/6555]	lr: 1.000e-05, eta: 0:10:23, time: 0.259, data_time: 0.015, memory: 13344, loss_cls: 0.4222, loss_bbox: 0.4045, loss_kps: 0.0000, loss: 0.8266
2026-10-06 22:24:56,261 - mmdet - INFO - Epoch [6][4250/6555]	lr: 1.000e-05, eta: 0:10:09, time: 0.259, data_time: 0.016, memory: 13344, loss_cls: 0.4033, loss_bbox: 0.3948, loss_kps: 0.0000, loss: 0.7981
2026-10-06 22:25:09,349 - mmdet - INFO - Epoch [6][4300/6555]	lr: 1.000e-05, eta: 0:09:56, time: 0.262, data_time: 0.016, memory: 13344, loss_cls: 0.4188, loss_bbox: 0.4069, loss_kps: 0.0000, loss: 0.8257
2026-10-06 22:25:22,233 - mmdet - INFO - Epoch [6][4350/6555]	lr: 1.000e-05, eta: 0:09:43, time: 0.258, data_time: 0.016, memory: 13344, loss_cls: 0.4150, loss_bbox: 0.4053, loss_kps: 0.0000, loss: 0.8203
2026-10-06 22:25:35,420 - mmdet - INFO - Epoch [6][4400/6555]	lr: 1.000e-05, eta: 0:09:30, time: 0.264, data_time: 0.015, memory: 13344, loss_cls: 0.3976, loss_bbox: 0.4019, loss_kps: 0.0000, loss: 0.7996
2026-10-06 22:25:48,557 - mmdet - INFO - Epoch [6][4450/6555]	lr: 1.000e-05, eta: 0:09:17, time: 0.263, data_time: 0.017, memory: 13344, loss_cls: 0.4151, loss_bbox: 0.4090, loss_kps: 0.0000, loss: 0.8240
2026-10-06 22:26:01,880 - mmdet - INFO - Epoch [6][4500/6555]	lr: 1.000e-05, eta: 0:09:03, time: 0.266, data_time: 0.016, memory: 13344, loss_cls: 0.4357, loss_bbox: 0.4176, loss_kps: 0.0000, loss: 0.8533
2026-10-06 22:26:14,768 - mmdet - INFO - Epoch [6][4550/6555]	lr: 1.000e-05, eta: 0:08:50, time: 0.258, data_time: 0.016, memory: 13344, loss_cls: 0.3964, loss_bbox: 0.4028, loss_kps: 0.0000, loss: 0.7992
2026-10-06 22:26:28,390 - mmdet - INFO - Epoch [6][4600/6555]	lr: 1.000e-05, eta: 0:08:37, time: 0.272, data_time: 0.018, memory: 13344, loss_cls: 0.4197, loss_bbox: 0.4183, loss_kps: 0.0000, loss: 0.8380
2026-10-06 22:26:41,314 - mmdet - INFO - Epoch [6][4650/6555]	lr: 1.000e-05, eta: 0:08:24, time: 0.259, data_time: 0.017, memory: 13344, loss_cls: 0.4468, loss_bbox: 0.4174, loss_kps: 0.0000, loss: 0.8642
2026-10-06 22:26:55,452 - mmdet - INFO - Epoch [6][4700/6555]	lr: 1.000e-05, eta: 0:08:10, time: 0.274, data_time: 0.017, memory: 13344, loss_cls: 0.4138, loss_bbox: 0.4289, loss_kps: 0.0000, loss: 0.8427
2026-10-06 22:27:08,698 - mmdet - INFO - Epoch [6][4750/6555]	lr: 1.000e-05, eta: 0:07:57, time: 0.274, data_time: 0.025, memory: 13344, loss_cls: 0.4200, loss_bbox: 0.4099, loss_kps: 0.0000, loss: 0.8299
2026-10-06 22:27:21,708 - mmdet - INFO - Epoch [6][4800/6555]	lr: 1.000e-05, eta: 0:07:44, time: 0.260, data_time: 0.015, memory: 13344, loss_cls: 0.4144, loss_bbox: 0.4201, loss_kps: 0.0000, loss: 0.8345
2026-10-06 22:27:35,264 - mmdet - INFO - Epoch [6][4850/6555]	lr: 1.000e-05, eta: 0:07:31, time: 0.271, data_time: 0.016, memory: 13344, loss_cls: 0.4087, loss_bbox: 0.4064, loss_kps: 0.0000, loss: 0.8151
2026-10-06 22:27:48,160 - mmdet - INFO - Epoch [6][4900/6555]	lr: 1.000e-05, eta: 0:07:17, time: 0.258, data_time: 0.015, memory: 13344, loss_cls: 0.4226, loss_bbox: 0.4424, loss_kps: 0.0000, loss: 0.8650
2026-10-06 22:28:01,277 - mmdet - INFO - Epoch [6][4950/6555]	lr: 1.000e-05, eta: 0:07:04, time: 0.262, data_time: 0.017, memory: 13344, loss_cls: 0.4113, loss_bbox: 0.4167, loss_kps: 0.0000, loss: 0.8280
2026-10-06 22:28:14,366 - mmdet - INFO - Epoch [6][5000/6555]	lr: 1.000e-05, eta: 0:06:51, time: 0.262, data_time: 0.017, memory: 13344, loss_cls: 0.4281, loss_bbox: 0.4173, loss_kps: 0.0000, loss: 0.8454
2026-10-06 22:28:27,476 - mmdet - INFO - Epoch [6][5050/6555]	lr: 1.000e-05, eta: 0:06:38, time: 0.262, data_time: 0.017, memory: 13344, loss_cls: 0.4354, loss_bbox: 0.4240, loss_kps: 0.0000, loss: 0.8594
2026-10-06 22:28:40,455 - mmdet - INFO - Epoch [6][5100/6555]	lr: 1.000e-05, eta: 0:06:25, time: 0.260, data_time: 0.017, memory: 13344, loss_cls: 0.4178, loss_bbox: 0.4174, loss_kps: 0.0000, loss: 0.8352
2026-10-06 22:28:54,207 - mmdet - INFO - Epoch [6][5150/6555]	lr: 1.000e-05, eta: 0:06:11, time: 0.275, data_time: 0.016, memory: 13344, loss_cls: 0.4210, loss_bbox: 0.4137, loss_kps: 0.0000, loss: 0.8347
2026-10-06 22:29:07,077 - mmdet - INFO - Epoch [6][5200/6555]	lr: 1.000e-05, eta: 0:05:58, time: 0.257, data_time: 0.016, memory: 13344, loss_cls: 0.4165, loss_bbox: 0.4193, loss_kps: 0.0000, loss: 0.8358
2026-10-06 22:29:20,170 - mmdet - INFO - Epoch [6][5250/6555]	lr: 1.000e-05, eta: 0:05:45, time: 0.262, data_time: 0.016, memory: 13344, loss_cls: 0.4354, loss_bbox: 0.4149, loss_kps: 0.0000, loss: 0.8503
2026-10-06 22:29:33,789 - mmdet - INFO - Epoch [6][5300/6555]	lr: 1.000e-05, eta: 0:05:32, time: 0.272, data_time: 0.016, memory: 13344, loss_cls: 0.4189, loss_bbox: 0.4084, loss_kps: 0.0000, loss: 0.8273
2026-10-06 22:29:46,932 - mmdet - INFO - Epoch [6][5350/6555]	lr: 1.000e-05, eta: 0:05:18, time: 0.263, data_time: 0.017, memory: 13344, loss_cls: 0.4375, loss_bbox: 0.4167, loss_kps: 0.0000, loss: 0.8542
2026-10-06 22:29:59,781 - mmdet - INFO - Epoch [6][5400/6555]	lr: 1.000e-05, eta: 0:05:05, time: 0.257, data_time: 0.017, memory: 13344, loss_cls: 0.4354, loss_bbox: 0.4143, loss_kps: 0.0000, loss: 0.8497
2026-10-06 22:30:12,970 - mmdet - INFO - Epoch [6][5450/6555]	lr: 1.000e-05, eta: 0:04:52, time: 0.264, data_time: 0.016, memory: 13344, loss_cls: 0.4220, loss_bbox: 0.4192, loss_kps: 0.0000, loss: 0.8411
2026-10-06 22:30:26,001 - mmdet - INFO - Epoch [6][5500/6555]	lr: 1.000e-05, eta: 0:04:39, time: 0.261, data_time: 0.017, memory: 13344, loss_cls: 0.4104, loss_bbox: 0.4000, loss_kps: 0.0000, loss: 0.8104
2026-10-06 22:30:39,066 - mmdet - INFO - Epoch [6][5550/6555]	lr: 1.000e-05, eta: 0:04:25, time: 0.261, data_time: 0.016, memory: 13344, loss_cls: 0.4177, loss_bbox: 0.4218, loss_kps: 0.0000, loss: 0.8394
2026-10-06 22:30:52,390 - mmdet - INFO - Epoch [6][5600/6555]	lr: 1.000e-05, eta: 0:04:12, time: 0.266, data_time: 0.018, memory: 13344, loss_cls: 0.4210, loss_bbox: 0.4188, loss_kps: 0.0000, loss: 0.8398
2026-10-06 22:31:05,585 - mmdet - INFO - Epoch [6][5650/6555]	lr: 1.000e-05, eta: 0:03:59, time: 0.264, data_time: 0.017, memory: 13344, loss_cls: 0.4030, loss_bbox: 0.4125, loss_kps: 0.0000, loss: 0.8155
2026-10-06 22:31:18,791 - mmdet - INFO - Epoch [6][5700/6555]	lr: 1.000e-05, eta: 0:03:46, time: 0.264, data_time: 0.017, memory: 13344, loss_cls: 0.4324, loss_bbox: 0.4156, loss_kps: 0.0000, loss: 0.8479
2026-10-06 22:31:31,848 - mmdet - INFO - Epoch [6][5750/6555]	lr: 1.000e-05, eta: 0:03:33, time: 0.261, data_time: 0.017, memory: 13344, loss_cls: 0.4201, loss_bbox: 0.4127, loss_kps: 0.0000, loss: 0.8328
2026-10-06 22:31:44,969 - mmdet - INFO - Epoch [6][5800/6555]	lr: 1.000e-05, eta: 0:03:19, time: 0.262, data_time: 0.016, memory: 13344, loss_cls: 0.4109, loss_bbox: 0.4199, loss_kps: 0.0000, loss: 0.8308
2026-10-06 22:31:58,088 - mmdet - INFO - Epoch [6][5850/6555]	lr: 1.000e-05, eta: 0:03:06, time: 0.262, data_time: 0.015, memory: 13344, loss_cls: 0.4100, loss_bbox: 0.4018, loss_kps: 0.0000, loss: 0.8118
2026-10-06 22:32:11,060 - mmdet - INFO - Epoch [6][5900/6555]	lr: 1.000e-05, eta: 0:02:53, time: 0.259, data_time: 0.016, memory: 13344, loss_cls: 0.4277, loss_bbox: 0.4169, loss_kps: 0.0000, loss: 0.8446
2026-10-06 22:32:23,991 - mmdet - INFO - Epoch [6][5950/6555]	lr: 1.000e-05, eta: 0:02:40, time: 0.259, data_time: 0.017, memory: 13344, loss_cls: 0.4215, loss_bbox: 0.4220, loss_kps: 0.0000, loss: 0.8436
2026-10-06 22:32:36,664 - mmdet - INFO - Epoch [6][6000/6555]	lr: 1.000e-05, eta: 0:02:26, time: 0.253, data_time: 0.015, memory: 13344, loss_cls: 0.4456, loss_bbox: 0.4181, loss_kps: 0.0000, loss: 0.8637
2026-10-06 22:32:49,435 - mmdet - INFO - Epoch [6][6050/6555]	lr: 1.000e-05, eta: 0:02:13, time: 0.255, data_time: 0.015, memory: 13344, loss_cls: 0.4232, loss_bbox: 0.4027, loss_kps: 0.0000, loss: 0.8259
2026-10-06 22:33:02,339 - mmdet - INFO - Epoch [6][6100/6555]	lr: 1.000e-05, eta: 0:02:00, time: 0.258, data_time: 0.016, memory: 13344, loss_cls: 0.4324, loss_bbox: 0.4190, loss_kps: 0.0000, loss: 0.8514
2026-10-06 22:33:15,533 - mmdet - INFO - Epoch [6][6150/6555]	lr: 1.000e-05, eta: 0:01:47, time: 0.264, data_time: 0.015, memory: 13344, loss_cls: 0.4254, loss_bbox: 0.4157, loss_kps: 0.0000, loss: 0.8411
2026-10-06 22:33:28,674 - mmdet - INFO - Epoch [6][6200/6555]	lr: 1.000e-05, eta: 0:01:33, time: 0.263, data_time: 0.017, memory: 13344, loss_cls: 0.3946, loss_bbox: 0.4039, loss_kps: 0.0000, loss: 0.7985
2026-10-06 22:33:41,656 - mmdet - INFO - Epoch [6][6250/6555]	lr: 1.000e-05, eta: 0:01:20, time: 0.260, data_time: 0.017, memory: 13344, loss_cls: 0.4168, loss_bbox: 0.4082, loss_kps: 0.0000, loss: 0.8250
2026-10-06 22:33:54,644 - mmdet - INFO - Epoch [6][6300/6555]	lr: 1.000e-05, eta: 0:01:07, time: 0.260, data_time: 0.015, memory: 13344, loss_cls: 0.4229, loss_bbox: 0.4227, loss_kps: 0.0000, loss: 0.8456
2026-10-06 22:34:07,944 - mmdet - INFO - Epoch [6][6350/6555]	lr: 1.000e-05, eta: 0:00:54, time: 0.266, data_time: 0.017, memory: 13344, loss_cls: 0.4260, loss_bbox: 0.4061, loss_kps: 0.0000, loss: 0.8321
2026-10-06 22:34:21,141 - mmdet - INFO - Epoch [6][6400/6555]	lr: 1.000e-05, eta: 0:00:41, time: 0.264, data_time: 0.015, memory: 13344, loss_cls: 0.4150, loss_bbox: 0.4078, loss_kps: 0.0000, loss: 0.8228
2026-10-06 22:34:34,197 - mmdet - INFO - Epoch [6][6450/6555]	lr: 1.000e-05, eta: 0:00:27, time: 0.261, data_time: 0.017, memory: 13344, loss_cls: 0.4277, loss_bbox: 0.4250, loss_kps: 0.0000, loss: 0.8527
2026-10-06 22:34:47,168 - mmdet - INFO - Epoch [6][6500/6555]	lr: 1.000e-05, eta: 0:00:14, time: 0.259, data_time: 0.015, memory: 13344, loss_cls: 0.4187, loss_bbox: 0.4122, loss_kps: 0.0000, loss: 0.8309
2026-10-06 22:34:57,701 - mmdet - INFO - Epoch [6][6550/6555]	lr: 1.000e-05, eta: 0:00:01, time: 0.211, data_time: 0.011, memory: 13344, loss_cls: 0.4085, loss_bbox: 0.4123, loss_kps: 0.0000, loss: 0.8207
2026-10-06 22:34:59,072 - mmdet - INFO - Saving checkpoint at 6 epochs
