image,session,chunk,eye,frame_idx,size,md5,src_path
20260515_080706_YPFFJB_007_f001070.jpg,20260515_080706_YPFFJB,007,left,1070,736102,3de099ef6ad72965d3ad785528720fb7,/data/liangzhenghao/face_pii/gt_eval_frames/20260515_080706_YPFFJB_007_f001070.jpg
20260515_080706_YPFFJB_007_f002985.jpg,20260515_080706_YPFFJB,007,left,2985,680624,d7d227c66b0493f13cc1c25923b83ddd,/data/liangzhenghao/face_pii/gt_eval_frames/20260515_080706_YPFFJB_007_f002985.jpg
20260515_080706_YPFFJB_007_f002990.jpg,20260515_080706_YPFFJB,007,left,2990,685160,c5a461d200b7d0e4b9183f812c95e66f,/data/liangzhenghao/face_pii/gt_eval_frames/20260515_080706_YPFFJB_007_f002990.jpg
20260515_080706_YPFFJB_007_f002995.jpg,20260515_080706_YPFFJB,007,left,2995,694215,3cd6a2535783f0549e2a237eef6467d5,/data/liangzhenghao/face_pii/gt_eval_frames/20260515_080706_YPFFJB_007_f002995.jpg
20260515_080706_YPFFJB_007_f003000.jpg,20260515_080706_YPFFJB,007,left,3000,675269,aa6d1ce17c294543435c2b23f47e7aac,/data/liangzhenghao/face_pii/gt_eval_frames/20260515_080706_YPFFJB_007_f003000.jpg
20260515_080706_YPFFJB_007_f003005.jpg,20260515_080706_YPFFJB,007,left,3005,688478,804a5f26d9dade75f015142b6c908cad,/data/liangzhenghao/face_pii/gt_eval_frames/20260515_080706_YPFFJB_007_f003005.jpg
20260515_080706_YPFFJB_007_f003010.jpg,20260515_080706_YPFFJB,007,left,3010,693098,68274364f4554ff4bd65d7b110417ca9,/data/liangzhenghao/face_pii/gt_eval_frames/20260515_080706_YPFFJB_007_f003010.jpg
20260515_080706_YPFFJB_007_f003015.jpg,20260515_080706_YPFFJB,007,left,3015,692126,654df2d434ba1f150d06b5fb81049f6b,/data/liangzhenghao/face_pii/gt_eval_frames/20260515_080706_YPFFJB_007_f003015.jpg
20260515_080706_YPFFJB_007_f007765.jpg,20260515_080706_YPFFJB,007,left,7765,688095,6f2afae28859fa5191df06c302e76e36,/data/liangzhenghao/face_pii/gt_eval_frames/20260515_080706_YPFFJB_007_f007765.jpg
20260515_080706_YPFFJB_007_f007770.jpg,20260515_080706_YPFFJB,007,left,7770,677043,42b3513d66e4d9f84095f9a8ca76abd2,/data/liangzhenghao/face_pii/gt_eval_frames/20260515_080706_YPFFJB_007_f007770.jpg
20260515_080706_YPFFJB_007_f007775.jpg,20260515_080706_YPFFJB,007,left,7775,685731,31db7788635e64cea7f794a62fec5cec,/data/liangzhenghao/face_pii/gt_eval_frames/20260515_080706_YPFFJB_007_f007775.jpg
20260515_080706_YPFFJB_007_f007780.jpg,20260515_080706_YPFFJB,007,left,7780,697750,71529476fc89131f88a8c8f647538ea3,/data/liangzhenghao/face_pii/gt_eval_frames/20260515_080706_YPFFJB_007_f007780.jpg
20260515_080706_YPFFJB_007_f007785.jpg,20260515_080706_YPFFJB,007,left,7785,695698,98f7cca834c6fae456ab081f348c9b5d,/data/liangzhenghao/face_pii/gt_eval_frames/20260515_080706_YPFFJB_007_f007785.jpg
20260515_080706_YPFFJB_007_f007790.jpg,20260515_080706_YPFFJB,007,left,7790,696890,ee2d1539c6d5145c8d3a11bec88610b8,/data/liangzhenghao/face_pii/gt_eval_frames/20260515_080706_YPFFJB_007_f007790.jpg
20260515_080706_YPFFJB_007_f007795.jpg,20260515_080706_YPFFJB,007,left,7795,699934,facb175218ff093169871609b7ff1969,/data/liangzhenghao/face_pii/gt_eval_frames/20260515_080706_YPFFJB_007_f007795.jpg
20260515_080706_YPFFJB_007_f007800.jpg,20260515_080706_YPFFJB,007,left,7800,680482,6e30e12f98d8f5c359f704403332df19,/data/liangzhenghao/face_pii/gt_eval_frames/20260515_080706_YPFFJB_007_f007800.jpg
20260515_080706_YPFFJB_007_f007805.jpg,20260515_080706_YPFFJB,007,left,7805,688453,089123d6b7ef0bf958e4c55913c4bc8d,/data/liangzhenghao/face_pii/gt_eval_frames/20260515_080706_YPFFJB_007_f007805.jpg
20260515_080706_YPFFJB_007_f007810.jpg,20260515_080706_YPFFJB,007,left,7810,682388,a0a68d2fbfb0e6d1d2526182e3a09a72,/data/liangzhenghao/face_pii/gt_eval_frames/20260515_080706_YPFFJB_007_f007810.jpg
20260515_080706_YPFFJB_007_f007815.jpg,20260515_080706_YPFFJB,007,left,7815,676874,a16db4a14885b8656e4eb2270e968971,/data/liangzhenghao/face_pii/gt_eval_frames/20260515_080706_YPFFJB_007_f007815.jpg
20260515_080706_YPFFJB_007_f007820.jpg,20260515_080706_YPFFJB,007,left,7820,677201,890f11c31625210cf7339c0f21a585bf,/data/liangzhenghao/face_pii/gt_eval_frames/20260515_080706_YPFFJB_007_f007820.jpg
20260515_080706_YPFFJB_007_f007825.jpg,20260515_080706_YPFFJB,007,left,7825,677857,1777a82d1abd0ed97fff24dae0e9831b,/data/liangzhenghao/face_pii/gt_eval_frames/20260515_080706_YPFFJB_007_f007825.jpg
20260515_080706_YPFFJB_007_f007830.jpg,20260515_080706_YPFFJB,007,left,7830,655837,8048c1dbb299e7a2e53cebdf39756c19,/data/liangzhenghao/face_pii/gt_eval_frames/20260515_080706_YPFFJB_007_f007830.jpg
20260515_080706_YPFFJB_007_f007835.jpg,20260515_080706_YPFFJB,007,left,7835,685654,e3ba150faa1fb039f8ee81f924cf514c,/data/liangzhenghao/face_pii/gt_eval_frames/20260515_080706_YPFFJB_007_f007835.jpg
20260515_080706_YPFFJB_007_f007840.jpg,20260515_080706_YPFFJB,007,left,7840,692858,8dd3c2e66d09da480786791d873a8193,/data/liangzhenghao/face_pii/gt_eval_frames/20260515_080706_YPFFJB_007_f007840.jpg
20260515_080706_YPFFJB_007_f007850.jpg,20260515_080706_YPFFJB,007,left,7850,696001,a5834c847ed56d7797d82255d92761de,/data/liangzhenghao/face_pii/gt_eval_frames/20260515_080706_YPFFJB_007_f007850.jpg
20260515_080706_YPFFJB_007_f007855.jpg,20260515_080706_YPFFJB,007,left,7855,690039,0371c5667d0a7f29352c542223425284,/data/liangzhenghao/face_pii/gt_eval_frames/20260515_080706_YPFFJB_007_f007855.jpg
20260515_080706_YPFFJB_007_f008535.jpg,20260515_080706_YPFFJB,007,left,8535,718917,0d65ebab68d4a5a269e3004c3734b5ac,/data/liangzhenghao/face_pii/gt_eval_frames/20260515_080706_YPFFJB_007_f008535.jpg
20260515_081443_BUXVDW_011_f000000.jpg,20260515_081443_BUXVDW,011,left,0,656829,a71a88ea61bdd3e039f6a0b8839ec7aa,/data/liangzhenghao/face_pii/gt_eval_frames/20260515_081443_BUXVDW_011_f000000.jpg
20260515_081443_BUXVDW_011_f000025.jpg,20260515_081443_BUXVDW,011,left,25,743890,3994c800d0230a7293afe6273549973f,/data/liangzhenghao/face_pii/gt_eval_frames/20260515_081443_BUXVDW_011_f000025.jpg
20260515_081443_BUXVDW_011_f000050.jpg,20260515_081443_BUXVDW,011,left,50,740562,2cf08749edb6c78a0ed34c5b6b176c15,/data/liangzhenghao/face_pii/gt_eval_frames/20260515_081443_BUXVDW_011_f000050.jpg
20260515_081443_BUXVDW_011_f000075.jpg,20260515_081443_BUXVDW,011,left,75,669747,e12695066570be879f245b2eb9147f4e,/data/liangzhenghao/face_pii/gt_eval_frames/20260515_081443_BUXVDW_011_f000075.jpg
20260515_081443_BUXVDW_011_f000100.jpg,20260515_081443_BUXVDW,011,left,100,731198,952f0d10d977b08165d7392a1cdbe357,/data/liangzhenghao/face_pii/gt_eval_frames/20260515_081443_BUXVDW_011_f000100.jpg
20260515_081443_BUXVDW_011_f000125.jpg,20260515_081443_BUXVDW,011,left,125,730538,a6164fe6424db2c5dc1c33bd5b33bbf2,/data/liangzhenghao/face_pii/gt_eval_frames/20260515_081443_BUXVDW_011_f000125.jpg
20260515_081443_BUXVDW_011_f000150.jpg,20260515_081443_BUXVDW,011,left,150,692889,dd0ec91a8cd7c8057b591d7ac000ca63,/data/liangzhenghao/face_pii/gt_eval_frames/20260515_081443_BUXVDW_011_f000150.jpg
20260515_081443_BUXVDW_011_f000175.jpg,20260515_081443_BUXVDW,011,left,175,770053,cd261b6ef0df51fd767e231aa13bd82b,/data/liangzhenghao/face_pii/gt_eval_frames/20260515_081443_BUXVDW_011_f000175.jpg
20260515_081443_BUXVDW_011_f000200.jpg,20260515_081443_BUXVDW,011,left,200,756136,41f8e801cae709e8c6aca19f9144625e,/data/liangzhenghao/face_pii/gt_eval_frames/20260515_081443_BUXVDW_011_f000200.jpg
20260515_081443_BUXVDW_011_f000225.jpg,20260515_081443_BUXVDW,011,left,225,751027,85eb898d3822bf7d7c7172310e0ace2e,/data/liangzhenghao/face_pii/gt_eval_frames/20260515_081443_BUXVDW_011_f000225.jpg
20260515_081443_BUXVDW_011_f000250.jpg,20260515_081443_BUXVDW,011,left,250,755626,cc81485723b64a96f8118230c21f5728,/data/liangzhenghao/face_pii/gt_eval_frames/20260515_081443_BUXVDW_011_f000250.jpg
20260515_081443_BUXVDW_011_f000275.jpg,20260515_081443_BUXVDW,011,left,275,746769,58e53141d5cfd9236143254f5def709f,/data/liangzhenghao/face_pii/gt_eval_frames/20260515_081443_BUXVDW_011_f000275.jpg
20260515_081443_BUXVDW_011_f000300.jpg,20260515_081443_BUXVDW,011,left,300,733422,d0a6787144724db31d8cb0a60be359a3,/data/liangzhenghao/face_pii/gt_eval_frames/20260515_081443_BUXVDW_011_f000300.jpg
20260515_081443_BUXVDW_011_f000325.jpg,20260515_081443_BUXVDW,011,left,325,764828,ce3577f8653e70ea64b45f47dd97377b,/data/liangzhenghao/face_pii/gt_eval_frames/20260515_081443_BUXVDW_011_f000325.jpg
20260515_081443_BUXVDW_011_f000350.jpg,20260515_081443_BUXVDW,011,left,350,757695,0136ce184d1caefb3d857ad92da312d8,/data/liangzhenghao/face_pii/gt_eval_frames/20260515_081443_BUXVDW_011_f000350.jpg
20260515_081443_BUXVDW_011_f000375.jpg,20260515_081443_BUXVDW,011,left,375,767166,9913c2d38c8108062a53c1f33d4f4951,/data/liangzhenghao/face_pii/gt_eval_frames/20260515_081443_BUXVDW_011_f000375.jpg
20260515_081443_BUXVDW_011_f000400.jpg,20260515_081443_BUXVDW,011,left,400,765262,85fc4d9d76caa0f7825c62dee8aecdba,/data/liangzhenghao/face_pii/gt_eval_frames/20260515_081443_BUXVDW_011_f000400.jpg
20260515_081443_BUXVDW_011_f000425.jpg,20260515_081443_BUXVDW,011,left,425,766962,2f1d5b126d1f00ed4527e54521671d54,/data/liangzhenghao/face_pii/gt_eval_frames/20260515_081443_BUXVDW_011_f000425.jpg
20260515_081443_BUXVDW_011_f000450.jpg,20260515_081443_BUXVDW,011,left,450,732891,b87bc36576454c9dff2a72718203ae4c,/data/liangzhenghao/face_pii/gt_eval_frames/20260515_081443_BUXVDW_011_f000450.jpg
20260515_081443_BUXVDW_011_f000475.jpg,20260515_081443_BUXVDW,011,left,475,759997,d6c4c2c80447c6659a4cae37b5e704d4,/data/liangzhenghao/face_pii/gt_eval_frames/20260515_081443_BUXVDW_011_f000475.jpg
20260515_081443_BUXVDW_011_f000500.jpg,20260515_081443_BUXVDW,011,left,500,760461,dd908a7a97c87dc19bb5d8d02d0acd18,/data/liangzhenghao/face_pii/gt_eval_frames/20260515_081443_BUXVDW_011_f000500.jpg
20260515_081443_BUXVDW_011_f000525.jpg,20260515_081443_BUXVDW,011,left,525,773459,a553f50348ea06a7fa6d0ba780b6e8d0,/data/liangzhenghao/face_pii/gt_eval_frames/20260515_081443_BUXVDW_011_f000525.jpg
20260515_081443_BUXVDW_011_f000550.jpg,20260515_081443_BUXVDW,011,left,550,761442,0217fc9eff7ad9e885749d6f1dc8527e,/data/liangzhenghao/face_pii/gt_eval_frames/20260515_081443_BUXVDW_011_f000550.jpg
20260515_081443_BUXVDW_011_f000575.jpg,20260515_081443_BUXVDW,011,left,575,740425,fb5785e740ed73efa9cb64e26e7fc537,/data/liangzhenghao/face_pii/gt_eval_frames/20260515_081443_BUXVDW_011_f000575.jpg
20260515_081443_BUXVDW_011_f000600.jpg,20260515_081443_BUXVDW,011,left,600,733317,8bbf8dab3bee850a8537dd07326471e2,/data/liangzhenghao/face_pii/gt_eval_frames/20260515_081443_BUXVDW_011_f000600.jpg
20260515_081443_BUXVDW_011_f000625.jpg,20260515_081443_BUXVDW,011,left,625,750944,12bafb0eba5913a00590a4c48e9f047f,/data/liangzhenghao/face_pii/gt_eval_frames/20260515_081443_BUXVDW_011_f000625.jpg
20260515_081443_BUXVDW_011_f000650.jpg,20260515_081443_BUXVDW,011,left,650,759967,06a7fcfcd17bb842fe2bbe55b08bb0ad,/data/liangzhenghao/face_pii/gt_eval_frames/20260515_081443_BUXVDW_011_f000650.jpg
20260515_081443_BUXVDW_011_f000675.jpg,20260515_081443_BUXVDW,011,left,675,758127,dd8b081f4ae6c36f03ff83f6d1f9bc01,/data/liangzhenghao/face_pii/gt_eval_frames/20260515_081443_BUXVDW_011_f000675.jpg
20260515_081443_BUXVDW_011_f000700.jpg,20260515_081443_BUXVDW,011,left,700,763572,6a4cc5b217fddf087153e289c3d5a9d5,/data/liangzhenghao/face_pii/gt_eval_frames/20260515_081443_BUXVDW_011_f000700.jpg
20260515_081443_BUXVDW_011_f000725.jpg,20260515_081443_BUXVDW,011,left,725,758833,5d7f935616a9b47187f2fd82be2c3c34,/data/liangzhenghao/face_pii/gt_eval_frames/20260515_081443_BUXVDW_011_f000725.jpg
20260515_081443_BUXVDW_011_f000750.jpg,20260515_081443_BUXVDW,011,left,750,740416,e8e888d3a939da5fca3a993e88e23c8e,/data/liangzhenghao/face_pii/gt_eval_frames/20260515_081443_BUXVDW_011_f000750.jpg
20260515_081443_BUXVDW_011_f000775.jpg,20260515_081443_BUXVDW,011,left,775,766864,8607e5320202247d5949c4c226b89a73,/data/liangzhenghao/face_pii/gt_eval_frames/20260515_081443_BUXVDW_011_f000775.jpg
20260515_081443_BUXVDW_011_f000800.jpg,20260515_081443_BUXVDW,011,left,800,774274,fc5bbec2d754156e4c68d478aff39966,/data/liangzhenghao/face_pii/gt_eval_frames/20260515_081443_BUXVDW_011_f000800.jpg
20260515_081443_BUXVDW_011_f000825.jpg,20260515_081443_BUXVDW,011,left,825,775219,17098845b655c4bf4fbd053f5bfc5bc1,/data/liangzhenghao/face_pii/gt_eval_frames/20260515_081443_BUXVDW_011_f000825.jpg
20260515_081443_BUXVDW_011_f000850.jpg,20260515_081443_BUXVDW,011,left,850,770090,83558baa900be5430bdfd62e77365fe6,/data/liangzhenghao/face_pii/gt_eval_frames/20260515_081443_BUXVDW_011_f000850.jpg
20260515_081443_BUXVDW_011_f000875.jpg,20260515_081443_BUXVDW,011,left,875,753780,449b04136691afb013f9bce7cc742620,/data/liangzhenghao/face_pii/gt_eval_frames/20260515_081443_BUXVDW_011_f000875.jpg
20260515_081443_BUXVDW_011_f000900.jpg,20260515_081443_BUXVDW,011,left,900,729843,e667191f6b7e1b01a25e8188917ec0d1,/data/liangzhenghao/face_pii/gt_eval_frames/20260515_081443_BUXVDW_011_f000900.jpg
20260515_081443_BUXVDW_011_f000925.jpg,20260515_081443_BUXVDW,011,left,925,755195,9207a0e258ac5df35982fd084f35d869,/data/liangzhenghao/face_pii/gt_eval_frames/20260515_081443_BUXVDW_011_f000925.jpg
20260515_081443_BUXVDW_011_f000950.jpg,20260515_081443_BUXVDW,011,left,950,728671,c5418747759e50d72013deefeff842df,/data/liangzhenghao/face_pii/gt_eval_frames/20260515_081443_BUXVDW_011_f000950.jpg
20260515_081443_BUXVDW_011_f000975.jpg,20260515_081443_BUXVDW,011,left,975,758570,a0b60d5d579e437603e9b4b923507ac4,/data/liangzhenghao/face_pii/gt_eval_frames/20260515_081443_BUXVDW_011_f000975.jpg
20260515_081443_BUXVDW_011_f001000.jpg,20260515_081443_BUXVDW,011,left,1000,771411,50a88b7a5aa813e6d4d660a05233061c,/data/liangzhenghao/face_pii/gt_eval_frames/20260515_081443_BUXVDW_011_f001000.jpg
20260515_081443_BUXVDW_011_f001025.jpg,20260515_081443_BUXVDW,011,left,1025,764311,9f47303d43c2e4d6ed9baf154a33bf16,/data/liangzhenghao/face_pii/gt_eval_frames/20260515_081443_BUXVDW_011_f001025.jpg
20260515_081443_BUXVDW_011_f001050.jpg,20260515_081443_BUXVDW,011,left,1050,754469,332c621c75ef71bd17640f99c3f182fd,/data/liangzhenghao/face_pii/gt_eval_frames/20260515_081443_BUXVDW_011_f001050.jpg
20260515_081443_BUXVDW_011_f001075.jpg,20260515_081443_BUXVDW,011,left,1075,769728,3604680274a165f8badde9c07cd256c0,/data/liangzhenghao/face_pii/gt_eval_frames/20260515_081443_BUXVDW_011_f001075.jpg
20260515_081443_BUXVDW_011_f001100.jpg,20260515_081443_BUXVDW,011,left,1100,767357,55be289fedafcac9e811c7183fab95ce,/data/liangzhenghao/face_pii/gt_eval_frames/20260515_081443_BUXVDW_011_f001100.jpg
20260515_081443_BUXVDW_011_f001125.jpg,20260515_081443_BUXVDW,011,left,1125,770329,716f5ca186053ecab842860de73b76f7,/data/liangzhenghao/face_pii/gt_eval_frames/20260515_081443_BUXVDW_011_f001125.jpg
20260515_081443_BUXVDW_011_f001150.jpg,20260515_081443_BUXVDW,011,left,1150,767179,00bc98faf6776346f2769c18e907a02e,/data/liangzhenghao/face_pii/gt_eval_frames/20260515_081443_BUXVDW_011_f001150.jpg
20260515_081443_BUXVDW_011_f001175.jpg,20260515_081443_BUXVDW,011,left,1175,772976,44afb22b5db427ca5bfb23ef48e5a233,/data/liangzhenghao/face_pii/gt_eval_frames/20260515_081443_BUXVDW_011_f001175.jpg
20260515_081443_BUXVDW_011_f001500.jpg,20260515_081443_BUXVDW,011,left,1500,721361,1b10b7ae1e5afcc052fbbfb33cf06019,/data/liangzhenghao/face_pii/gt_eval_frames/20260515_081443_BUXVDW_011_f001500.jpg
20260515_081443_BUXVDW_011_f001625.jpg,20260515_081443_BUXVDW,011,left,1625,757750,71ff7e986e53099241bc8f5e1f3a12db,/data/liangzhenghao/face_pii/gt_eval_frames/20260515_081443_BUXVDW_011_f001625.jpg
20260515_081443_BUXVDW_011_f001715.jpg,20260515_081443_BUXVDW,011,left,1715,732186,9517e72d19cbc5335633456844ccf15e,/data/liangzhenghao/face_pii/gt_eval_frames/20260515_081443_BUXVDW_011_f001715.jpg
20260515_081443_BUXVDW_011_f001785.jpg,20260515_081443_BUXVDW,011,left,1785,754050,bb0361dd63a3c6455e45f6e42ccfc697,/data/liangzhenghao/face_pii/gt_eval_frames/20260515_081443_BUXVDW_011_f001785.jpg
20260515_081443_BUXVDW_011_f001810.jpg,20260515_081443_BUXVDW,011,left,1810,761708,6a0f22e6e0918386591a6afe0d5cc26d,/data/liangzhenghao/face_pii/gt_eval_frames/20260515_081443_BUXVDW_011_f001810.jpg
20260515_081443_BUXVDW_011_f001835.jpg,20260515_081443_BUXVDW,011,left,1835,763406,039ae41580aa0f48fc0234220fb2b898,/data/liangzhenghao/face_pii/gt_eval_frames/20260515_081443_BUXVDW_011_f001835.jpg
20260515_081443_BUXVDW_011_f002525.jpg,20260515_081443_BUXVDW,011,left,2525,760391,5d50429515099fce8ef67957348524b3,/data/liangzhenghao/face_pii/gt_eval_frames/20260515_081443_BUXVDW_011_f002525.jpg
20260515_081443_BUXVDW_011_f002605.jpg,20260515_081443_BUXVDW,011,left,2605,764682,714cdca5014ac723452cf4f6dafb0271,/data/liangzhenghao/face_pii/gt_eval_frames/20260515_081443_BUXVDW_011_f002605.jpg
20260515_081443_BUXVDW_011_f002630.jpg,20260515_081443_BUXVDW,011,left,2630,759593,667f7cf4fad3a526501ea45b6daacc98,/data/liangzhenghao/face_pii/gt_eval_frames/20260515_081443_BUXVDW_011_f002630.jpg
20260515_081443_BUXVDW_011_f002655.jpg,20260515_081443_BUXVDW,011,left,2655,749208,0291b3a24bdf42a82b0b589960b10794,/data/liangzhenghao/face_pii/gt_eval_frames/20260515_081443_BUXVDW_011_f002655.jpg
20260515_081443_BUXVDW_011_f002680.jpg,20260515_081443_BUXVDW,011,left,2680,734352,3dc82892b771d8ec80ca324a52ff58e5,/data/liangzhenghao/face_pii/gt_eval_frames/20260515_081443_BUXVDW_011_f002680.jpg
20260515_081443_BUXVDW_011_f002705.jpg,20260515_081443_BUXVDW,011,left,2705,727699,8a7178ecd7ea10386b14660ca96b35d7,/data/liangzhenghao/face_pii/gt_eval_frames/20260515_081443_BUXVDW_011_f002705.jpg
20260515_081443_BUXVDW_011_f002735.jpg,20260515_081443_BUXVDW,011,left,2735,665780,261e7e54b273f702d135a30ae1d2be22,/data/liangzhenghao/face_pii/gt_eval_frames/20260515_081443_BUXVDW_011_f002735.jpg
20260515_081443_BUXVDW_011_f002760.jpg,20260515_081443_BUXVDW,011,left,2760,664183,a1bcbc538f2d080fda9c52b1a798f0b9,/data/liangzhenghao/face_pii/gt_eval_frames/20260515_081443_BUXVDW_011_f002760.jpg
20260515_081443_BUXVDW_011_f002785.jpg,20260515_081443_BUXVDW,011,left,2785,693201,7061c97db6262094203b870f169a1892,/data/liangzhenghao/face_pii/gt_eval_frames/20260515_081443_BUXVDW_011_f002785.jpg
20260515_081443_BUXVDW_011_f002810.jpg,20260515_081443_BUXVDW,011,left,2810,735868,1f53e7c39423e32e0689c156dcf28202,/data/liangzhenghao/face_pii/gt_eval_frames/20260515_081443_BUXVDW_011_f002810.jpg
20260515_081443_BUXVDW_011_f003790.jpg,20260515_081443_BUXVDW,011,left,3790,667776,ad5e5b79aa0f7eea8598b997543fd6e2,/data/liangzhenghao/face_pii/gt_eval_frames/20260515_081443_BUXVDW_011_f003790.jpg
20260515_081443_BUXVDW_011_f004010.jpg,20260515_081443_BUXVDW,011,left,4010,763942,e03f5c3e566aaf1a4bfcd28f3eb0e647,/data/liangzhenghao/face_pii/gt_eval_frames/20260515_081443_BUXVDW_011_f004010.jpg
20260515_081443_BUXVDW_011_f004035.jpg,20260515_081443_BUXVDW,011,left,4035,756949,4bf4101cc7d5a6daf92f9c02637d3f02,/data/liangzhenghao/face_pii/gt_eval_frames/20260515_081443_BUXVDW_011_f004035.jpg
20260515_081443_BUXVDW_011_f004070.jpg,20260515_081443_BUXVDW,011,left,4070,764815,1bed6fd4ea8ddb14b88384bd3abd7dfe,/data/liangzhenghao/face_pii/gt_eval_frames/20260515_081443_BUXVDW_011_f004070.jpg
20260515_081443_BUXVDW_011_f004240.jpg,20260515_081443_BUXVDW,011,left,4240,763823,becc9cceb527524bbdec36126c3ee60f,/data/liangzhenghao/face_pii/gt_eval_frames/20260515_081443_BUXVDW_011_f004240.jpg
20260515_081443_BUXVDW_011_f004265.jpg,20260515_081443_BUXVDW,011,left,4265,742141,7caf50dc9a17bb8d818d5d6c830c5072,/data/liangzhenghao/face_pii/gt_eval_frames/20260515_081443_BUXVDW_011_f004265.jpg
20260515_081443_BUXVDW_011_f004290.jpg,20260515_081443_BUXVDW,011,left,4290,717277,d56ab9033cb2b9908a7bd80849dc32d6,/data/liangzhenghao/face_pii/gt_eval_frames/20260515_081443_BUXVDW_011_f004290.jpg
20260515_081443_BUXVDW_011_f004315.jpg,20260515_081443_BUXVDW,011,left,4315,743471,84e02654f858891b40b44f0a4465e995,/data/liangzhenghao/face_pii/gt_eval_frames/20260515_081443_BUXVDW_011_f004315.jpg
20260515_081443_BUXVDW_011_f004360.jpg,20260515_081443_BUXVDW,011,left,4360,759571,259a1c84e76fac01e5d4ff12c09bce72,/data/liangzhenghao/face_pii/gt_eval_frames/20260515_081443_BUXVDW_011_f004360.jpg
20260515_081443_BUXVDW_011_f004510.jpg,20260515_081443_BUXVDW,011,left,4510,761309,a72879362c95f34dcc3775f1e946edcf,/data/liangzhenghao/face_pii/gt_eval_frames/20260515_081443_BUXVDW_011_f004510.jpg
20260515_081443_BUXVDW_011_f004590.jpg,20260515_081443_BUXVDW,011,left,4590,743764,ba45374ae36800fcf3b264f09d5646d2,/data/liangzhenghao/face_pii/gt_eval_frames/20260515_081443_BUXVDW_011_f004590.jpg
20260515_081443_BUXVDW_011_f004620.jpg,20260515_081443_BUXVDW,011,left,4620,725666,c3603a511968c4f000fab0a062fc7c96,/data/liangzhenghao/face_pii/gt_eval_frames/20260515_081443_BUXVDW_011_f004620.jpg
20260515_081443_BUXVDW_011_f004650.jpg,20260515_081443_BUXVDW,011,left,4650,746577,9337fd5b67bfe117063327e6791979ca,/data/liangzhenghao/face_pii/gt_eval_frames/20260515_081443_BUXVDW_011_f004650.jpg
20260515_081443_BUXVDW_011_f004795.jpg,20260515_081443_BUXVDW,011,left,4795,662702,b4c5603e3d0af4d82fc5d187296f4eb8,/data/liangzhenghao/face_pii/gt_eval_frames/20260515_081443_BUXVDW_011_f004795.jpg
20260515_081443_BUXVDW_011_f004820.jpg,20260515_081443_BUXVDW,011,left,4820,704142,f4202d1b0a5a82aab2499f60f5a49cba,/data/liangzhenghao/face_pii/gt_eval_frames/20260515_081443_BUXVDW_011_f004820.jpg
20260515_081443_BUXVDW_011_f004845.jpg,20260515_081443_BUXVDW,011,left,4845,709852,30f01041fe86b3b58b60c4ac76acde78,/data/liangzhenghao/face_pii/gt_eval_frames/20260515_081443_BUXVDW_011_f004845.jpg
20260515_081443_BUXVDW_011_f004870.jpg,20260515_081443_BUXVDW,011,left,4870,656420,b1d3fd04a2c4672c14c9e09fbbefbcba,/data/liangzhenghao/face_pii/gt_eval_frames/20260515_081443_BUXVDW_011_f004870.jpg
20260515_081443_BUXVDW_011_f004895.jpg,20260515_081443_BUXVDW,011,left,4895,626984,d763c437f76bc8f05d236d404d745955,/data/liangzhenghao/face_pii/gt_eval_frames/20260515_081443_BUXVDW_011_f004895.jpg
20260515_081443_BUXVDW_011_f004920.jpg,20260515_081443_BUXVDW,011,left,4920,742737,7235d52b3f3aa91b06daecb27bd9f62a,/data/liangzhenghao/face_pii/gt_eval_frames/20260515_081443_BUXVDW_011_f004920.jpg
20260515_081443_BUXVDW_011_f005145.jpg,20260515_081443_BUXVDW,011,left,5145,756844,be1af65cd6ee2275ce693e54ac8923a7,/data/liangzhenghao/face_pii/gt_eval_frames/20260515_081443_BUXVDW_011_f005145.jpg
20260515_081443_BUXVDW_011_f005185.jpg,20260515_081443_BUXVDW,011,left,5185,764817,4cacd6bbce72e9eac099c02d406a0f18,/data/liangzhenghao/face_pii/gt_eval_frames/20260515_081443_BUXVDW_011_f005185.jpg
20260515_081443_BUXVDW_011_f005370.jpg,20260515_081443_BUXVDW,011,left,5370,726845,4e6230316eef72d17f2997f4c789b939,/data/liangzhenghao/face_pii/gt_eval_frames/20260515_081443_BUXVDW_011_f005370.jpg
20260515_081443_BUXVDW_011_f005395.jpg,20260515_081443_BUXVDW,011,left,5395,754759,695ca8ca8176eb16e414a5665731565e,/data/liangzhenghao/face_pii/gt_eval_frames/20260515_081443_BUXVDW_011_f005395.jpg
20260515_081443_BUXVDW_011_f005420.jpg,20260515_081443_BUXVDW,011,left,5420,766576,90c5891f56320ea8bb73c0ae929d5f2a,/data/liangzhenghao/face_pii/gt_eval_frames/20260515_081443_BUXVDW_011_f005420.jpg
20260515_081443_BUXVDW_011_f005445.jpg,20260515_081443_BUXVDW,011,left,5445,768009,4f53c145b3dd292bf9431c81360ec033,/data/liangzhenghao/face_pii/gt_eval_frames/20260515_081443_BUXVDW_011_f005445.jpg
20260515_081443_BUXVDW_011_f005470.jpg,20260515_081443_BUXVDW,011,left,5470,765662,bf198e6336942e128aedfb2bf5aac77f,/data/liangzhenghao/face_pii/gt_eval_frames/20260515_081443_BUXVDW_011_f005470.jpg
20260515_081443_BUXVDW_011_f005640.jpg,20260515_081443_BUXVDW,011,left,5640,712340,7403a09a4695b552b75691eba04fd572,/data/liangzhenghao/face_pii/gt_eval_frames/20260515_081443_BUXVDW_011_f005640.jpg
20260515_081443_BUXVDW_011_f005670.jpg,20260515_081443_BUXVDW,011,left,5670,715435,a7a61a3784c895ea4c6df15af79bb602,/data/liangzhenghao/face_pii/gt_eval_frames/20260515_081443_BUXVDW_011_f005670.jpg
20260515_081443_BUXVDW_011_f005745.jpg,20260515_081443_BUXVDW,011,left,5745,664763,cd480d0f91d74066222fc4c94d859ffd,/data/liangzhenghao/face_pii/gt_eval_frames/20260515_081443_BUXVDW_011_f005745.jpg
20260515_081443_BUXVDW_011_f005770.jpg,20260515_081443_BUXVDW,011,left,5770,673331,5b3346174084e33593d193e5178a2fae,/data/liangzhenghao/face_pii/gt_eval_frames/20260515_081443_BUXVDW_011_f005770.jpg
20260515_081443_BUXVDW_011_f005795.jpg,20260515_081443_BUXVDW,011,left,5795,680582,70c1c4935d90ae764817378158b9da46,/data/liangzhenghao/face_pii/gt_eval_frames/20260515_081443_BUXVDW_011_f005795.jpg
20260515_081443_BUXVDW_011_f006955.jpg,20260515_081443_BUXVDW,011,left,6955,769226,c91947a5d44ee306a5aef509b7c7405b,/data/liangzhenghao/face_pii/gt_eval_frames/20260515_081443_BUXVDW_011_f006955.jpg
20260515_081443_BUXVDW_011_f007055.jpg,20260515_081443_BUXVDW,011,left,7055,644016,505fbb215f73086004f070ac7a2a3294,/data/liangzhenghao/face_pii/gt_eval_frames/20260515_081443_BUXVDW_011_f007055.jpg
20260515_081443_BUXVDW_011_f007080.jpg,20260515_081443_BUXVDW,011,left,7080,641230,04387f591a4a65f7ca8b3494d631e9f5,/data/liangzhenghao/face_pii/gt_eval_frames/20260515_081443_BUXVDW_011_f007080.jpg
20260515_081443_BUXVDW_011_f007105.jpg,20260515_081443_BUXVDW,011,left,7105,679623,f84528a24028599602bd7ad724f9a45b,/data/liangzhenghao/face_pii/gt_eval_frames/20260515_081443_BUXVDW_011_f007105.jpg
20260515_081443_BUXVDW_011_f007145.jpg,20260515_081443_BUXVDW,011,left,7145,756090,d418af646ca836fe466b4343179256a3,/data/liangzhenghao/face_pii/gt_eval_frames/20260515_081443_BUXVDW_011_f007145.jpg
20260515_081443_BUXVDW_011_f007190.jpg,20260515_081443_BUXVDW,011,left,7190,733459,acffdd28bdddf6add4a02d39caeef1ab,/data/liangzhenghao/face_pii/gt_eval_frames/20260515_081443_BUXVDW_011_f007190.jpg
20260515_081443_BUXVDW_011_f007740.jpg,20260515_081443_BUXVDW,011,left,7740,744967,23a465a840bf6c5ba2aa67527d9acadb,/data/liangzhenghao/face_pii/gt_eval_frames/20260515_081443_BUXVDW_011_f007740.jpg
20260515_081443_BUXVDW_011_f007765.jpg,20260515_081443_BUXVDW,011,left,7765,752981,332f95621e7b3f67bc27ad5106339d35,/data/liangzhenghao/face_pii/gt_eval_frames/20260515_081443_BUXVDW_011_f007765.jpg
20260515_081443_BUXVDW_011_f007790.jpg,20260515_081443_BUXVDW,011,left,7790,764729,6646313731ae38dd6d941a571adf8090,/data/liangzhenghao/face_pii/gt_eval_frames/20260515_081443_BUXVDW_011_f007790.jpg
20260515_081443_BUXVDW_011_f008135.jpg,20260515_081443_BUXVDW,011,left,8135,632521,552a1e9c85d5af3805b9e97421dafa17,/data/liangzhenghao/face_pii/gt_eval_frames/20260515_081443_BUXVDW_011_f008135.jpg
20260515_081443_BUXVDW_011_f008160.jpg,20260515_081443_BUXVDW,011,left,8160,682434,e9ed5f1385202c950392163024ddf2e7,/data/liangzhenghao/face_pii/gt_eval_frames/20260515_081443_BUXVDW_011_f008160.jpg
20260515_081443_BUXVDW_011_f008185.jpg,20260515_081443_BUXVDW,011,left,8185,729222,995125f7fef02644e9cdc3d06b48b457,/data/liangzhenghao/face_pii/gt_eval_frames/20260515_081443_BUXVDW_011_f008185.jpg
20260515_081443_BUXVDW_011_f008210.jpg,20260515_081443_BUXVDW,011,left,8210,732229,03e50a7a65d3d2c524f5cb37e7dc717c,/data/liangzhenghao/face_pii/gt_eval_frames/20260515_081443_BUXVDW_011_f008210.jpg
20260515_081443_BUXVDW_011_f008235.jpg,20260515_081443_BUXVDW,011,left,8235,720487,fcb682288d0b7bc09217582870da0f94,/data/liangzhenghao/face_pii/gt_eval_frames/20260515_081443_BUXVDW_011_f008235.jpg
20260515_081443_BUXVDW_011_f008260.jpg,20260515_081443_BUXVDW,011,left,8260,722051,25754db2ed8704d58dd48588bafd3aa3,/data/liangzhenghao/face_pii/gt_eval_frames/20260515_081443_BUXVDW_011_f008260.jpg
20260515_081443_BUXVDW_011_f009500.jpg,20260515_081443_BUXVDW,011,left,9500,673679,31162a0e970f7ad319b069e501aa703c,/data/liangzhenghao/face_pii/gt_eval_frames/20260515_081443_BUXVDW_011_f009500.jpg
20260515_081443_BUXVDW_011_f009525.jpg,20260515_081443_BUXVDW,011,left,9525,727669,7de341ef499a3a0d63bd1daca119758a,/data/liangzhenghao/face_pii/gt_eval_frames/20260515_081443_BUXVDW_011_f009525.jpg
20260515_081443_BUXVDW_011_f009550.jpg,20260515_081443_BUXVDW,011,left,9550,667980,97913cf35b6675e161a69694e79b4c1d,/data/liangzhenghao/face_pii/gt_eval_frames/20260515_081443_BUXVDW_011_f009550.jpg
20260515_081443_BUXVDW_011_f009600.jpg,20260515_081443_BUXVDW,011,left,9600,713506,b64dd98081c1bf3d8a84425fcb79bdbc,/data/liangzhenghao/face_pii/gt_eval_frames/20260515_081443_BUXVDW_011_f009600.jpg
20260515_081443_BUXVDW_011_f009635.jpg,20260515_081443_BUXVDW,011,left,9635,700856,13526b4f7e6a3b16333ecd0a16bfc3c3,/data/liangzhenghao/face_pii/gt_eval_frames/20260515_081443_BUXVDW_011_f009635.jpg
20260515_081443_BUXVDW_011_f009660.jpg,20260515_081443_BUXVDW,011,left,9660,729963,ee926fedcc396ca20b327e980d8e932b,/data/liangzhenghao/face_pii/gt_eval_frames/20260515_081443_BUXVDW_011_f009660.jpg
20260515_081443_BUXVDW_011_f009685.jpg,20260515_081443_BUXVDW,011,left,9685,762525,58bb00c533b385cccf3820d5779ce98d,/data/liangzhenghao/face_pii/gt_eval_frames/20260515_081443_BUXVDW_011_f009685.jpg
20260515_081443_BUXVDW_011_f009710.jpg,20260515_081443_BUXVDW,011,left,9710,696016,1e5456716dee265b29049e7bb9b9f311,/data/liangzhenghao/face_pii/gt_eval_frames/20260515_081443_BUXVDW_011_f009710.jpg
20260515_081443_BUXVDW_011_f009735.jpg,20260515_081443_BUXVDW,011,left,9735,667362,3c76fbf0c4d7005645d6fe9ee37372b0,/data/liangzhenghao/face_pii/gt_eval_frames/20260515_081443_BUXVDW_011_f009735.jpg
20260515_081443_BUXVDW_011_f009760.jpg,20260515_081443_BUXVDW,011,left,9760,657682,e4c76a940cf77af2e82c6ac38e6a3413,/data/liangzhenghao/face_pii/gt_eval_frames/20260515_081443_BUXVDW_011_f009760.jpg
20260515_081812_ANKVQE_002_f000000.jpg,20260515_081812_ANKVQE,002,left,0,675218,ef7ea17147308527c1735f14324a901a,/data/liangzhenghao/face_pii/gt_eval_frames/20260515_081812_ANKVQE_002_f000000.jpg
20260515_081812_ANKVQE_002_f000090.jpg,20260515_081812_ANKVQE,002,left,90,733293,8a76477d50817b3ecc750ab7200853c3,/data/liangzhenghao/face_pii/gt_eval_frames/20260515_081812_ANKVQE_002_f000090.jpg
20260515_081812_ANKVQE_002_f000180.jpg,20260515_081812_ANKVQE,002,left,180,726641,3a065e32736c106d628262c0ff5234df,/data/liangzhenghao/face_pii/gt_eval_frames/20260515_081812_ANKVQE_002_f000180.jpg
20260515_081812_ANKVQE_002_f000270.jpg,20260515_081812_ANKVQE,002,left,270,757533,37464e3254d143bb661eb42029a0bf8c,/data/liangzhenghao/face_pii/gt_eval_frames/20260515_081812_ANKVQE_002_f000270.jpg
20260515_081812_ANKVQE_002_f000360.jpg,20260515_081812_ANKVQE,002,left,360,721314,0cd2f2ece4679278fb76d6dc1b8b9753,/data/liangzhenghao/face_pii/gt_eval_frames/20260515_081812_ANKVQE_002_f000360.jpg
20260515_081812_ANKVQE_002_f000450.jpg,20260515_081812_ANKVQE,002,left,450,715841,b8949e64b97b6fe4739f2379978b9a82,/data/liangzhenghao/face_pii/gt_eval_frames/20260515_081812_ANKVQE_002_f000450.jpg
20260515_081812_ANKVQE_002_f000540.jpg,20260515_081812_ANKVQE,002,left,540,718461,9ab607bd5ae394a3f6f814ca317d8aac,/data/liangzhenghao/face_pii/gt_eval_frames/20260515_081812_ANKVQE_002_f000540.jpg
20260515_081812_ANKVQE_002_f000630.jpg,20260515_081812_ANKVQE,002,left,630,697782,08cb0d71225cd5ce8dadaca8a374d208,/data/liangzhenghao/face_pii/gt_eval_frames/20260515_081812_ANKVQE_002_f000630.jpg
20260515_081812_ANKVQE_002_f000720.jpg,20260515_081812_ANKVQE,002,left,720,699352,637249611685600f2d84e39786ff9953,/data/liangzhenghao/face_pii/gt_eval_frames/20260515_081812_ANKVQE_002_f000720.jpg
20260515_081812_ANKVQE_002_f000810.jpg,20260515_081812_ANKVQE,002,left,810,737250,af6d267d4feccb77e44759298c097120,/data/liangzhenghao/face_pii/gt_eval_frames/20260515_081812_ANKVQE_002_f000810.jpg
20260515_081812_ANKVQE_002_f000900.jpg,20260515_081812_ANKVQE,002,left,900,723799,c74892aae72f42e0074bc3c31763e4b3,/data/liangzhenghao/face_pii/gt_eval_frames/20260515_081812_ANKVQE_002_f000900.jpg
20260515_081812_ANKVQE_002_f000990.jpg,20260515_081812_ANKVQE,002,left,990,725180,793a10f834f7dfd6f4f34862a5a56d02,/data/liangzhenghao/face_pii/gt_eval_frames/20260515_081812_ANKVQE_002_f000990.jpg
20260515_081812_ANKVQE_002_f001080.jpg,20260515_081812_ANKVQE,002,left,1080,701091,ec9db5a443ce44eb0062da6917e94d9c,/data/liangzhenghao/face_pii/gt_eval_frames/20260515_081812_ANKVQE_002_f001080.jpg
20260515_081812_ANKVQE_002_f001170.jpg,20260515_081812_ANKVQE,002,left,1170,700668,6157f7e2577ede90bce788b16ad8841d,/data/liangzhenghao/face_pii/gt_eval_frames/20260515_081812_ANKVQE_002_f001170.jpg
20260515_081812_ANKVQE_002_f001260.jpg,20260515_081812_ANKVQE,002,left,1260,706390,d65458acfdb2a585a96af93cef03d62c,/data/liangzhenghao/face_pii/gt_eval_frames/20260515_081812_ANKVQE_002_f001260.jpg
20260515_081812_ANKVQE_002_f001350.jpg,20260515_081812_ANKVQE,002,left,1350,698814,2ed899e6b771828f8159d665b2ee87c0,/data/liangzhenghao/face_pii/gt_eval_frames/20260515_081812_ANKVQE_002_f001350.jpg
20260515_081812_ANKVQE_002_f001440.jpg,20260515_081812_ANKVQE,002,left,1440,707793,bd27276d4e5abb278941df28fb614428,/data/liangzhenghao/face_pii/gt_eval_frames/20260515_081812_ANKVQE_002_f001440.jpg
20260515_081812_ANKVQE_002_f001530.jpg,20260515_081812_ANKVQE,002,left,1530,609710,964477cff30e40eac92f74bd3e074d1d,/data/liangzhenghao/face_pii/gt_eval_frames/20260515_081812_ANKVQE_002_f001530.jpg
20260515_081812_ANKVQE_002_f001620.jpg,20260515_081812_ANKVQE,002,left,1620,727533,b348e8954cb00598496a4ba365d96dab,/data/liangzhenghao/face_pii/gt_eval_frames/20260515_081812_ANKVQE_002_f001620.jpg
20260515_081812_ANKVQE_002_f001710.jpg,20260515_081812_ANKVQE,002,left,1710,720680,f59350e2efd644049f30749adac986c0,/data/liangzhenghao/face_pii/gt_eval_frames/20260515_081812_ANKVQE_002_f001710.jpg
20260515_081812_ANKVQE_002_f001800.jpg,20260515_081812_ANKVQE,002,left,1800,750682,a9bffe1ab558690f0e08bf129e176164,/data/liangzhenghao/face_pii/gt_eval_frames/20260515_081812_ANKVQE_002_f001800.jpg
20260515_081812_ANKVQE_002_f001890.jpg,20260515_081812_ANKVQE,002,left,1890,767018,faea52c78ea72e52fbc94f0d9a27cede,/data/liangzhenghao/face_pii/gt_eval_frames/20260515_081812_ANKVQE_002_f001890.jpg
20260515_081812_ANKVQE_002_f001980.jpg,20260515_081812_ANKVQE,002,left,1980,723737,c1b05148b8d65d3977e821e886df583c,/data/liangzhenghao/face_pii/gt_eval_frames/20260515_081812_ANKVQE_002_f001980.jpg
20260515_081812_ANKVQE_002_f002070.jpg,20260515_081812_ANKVQE,002,left,2070,728186,d49c202b5881432d61232bc8e026a24d,/data/liangzhenghao/face_pii/gt_eval_frames/20260515_081812_ANKVQE_002_f002070.jpg
20260515_081812_ANKVQE_002_f002160.jpg,20260515_081812_ANKVQE,002,left,2160,736972,8da0e4c9767f686d03677f9fea11d3b7,/data/liangzhenghao/face_pii/gt_eval_frames/20260515_081812_ANKVQE_002_f002160.jpg
20260515_081812_ANKVQE_002_f002250.jpg,20260515_081812_ANKVQE,002,left,2250,750586,8edd2246b594153183ad9a0133a8b28e,/data/liangzhenghao/face_pii/gt_eval_frames/20260515_081812_ANKVQE_002_f002250.jpg
20260515_081812_ANKVQE_002_f002340.jpg,20260515_081812_ANKVQE,002,left,2340,713719,21c1bebfa9f19d8bfdd919a5cf43655e,/data/liangzhenghao/face_pii/gt_eval_frames/20260515_081812_ANKVQE_002_f002340.jpg
20260515_081812_ANKVQE_002_f002430.jpg,20260515_081812_ANKVQE,002,left,2430,750534,284190b267f1063fc12286c7050d3a0e,/data/liangzhenghao/face_pii/gt_eval_frames/20260515_081812_ANKVQE_002_f002430.jpg
20260515_081812_ANKVQE_002_f002520.jpg,20260515_081812_ANKVQE,002,left,2520,730696,e6ed68ea4fd57195805814d862e030ef,/data/liangzhenghao/face_pii/gt_eval_frames/20260515_081812_ANKVQE_002_f002520.jpg
20260515_081812_ANKVQE_002_f002610.jpg,20260515_081812_ANKVQE,002,left,2610,751117,b2f5b35ba1cfd29fb15c07e676d2c480,/data/liangzhenghao/face_pii/gt_eval_frames/20260515_081812_ANKVQE_002_f002610.jpg
20260515_081812_ANKVQE_002_f002700.jpg,20260515_081812_ANKVQE,002,left,2700,719854,efb84d46a6c391591bbdd2c1cb9f14ab,/data/liangzhenghao/face_pii/gt_eval_frames/20260515_081812_ANKVQE_002_f002700.jpg
20260515_081812_ANKVQE_002_f002790.jpg,20260515_081812_ANKVQE,002,left,2790,725146,8e62a7d0584eeec2d2c93211e91c7c79,/data/liangzhenghao/face_pii/gt_eval_frames/20260515_081812_ANKVQE_002_f002790.jpg
20260515_081812_ANKVQE_002_f002880.jpg,20260515_081812_ANKVQE,002,left,2880,772289,04d026d18f6185f7abe73194ce59aa6a,/data/liangzhenghao/face_pii/gt_eval_frames/20260515_081812_ANKVQE_002_f002880.jpg
20260515_081812_ANKVQE_002_f002970.jpg,20260515_081812_ANKVQE,002,left,2970,778457,aed40830f824b41d3a42e60a87e9156c,/data/liangzhenghao/face_pii/gt_eval_frames/20260515_081812_ANKVQE_002_f002970.jpg
20260515_081812_ANKVQE_002_f003060.jpg,20260515_081812_ANKVQE,002,left,3060,740051,4e2b19175b544a4e8cbd3ab0f5dedc06,/data/liangzhenghao/face_pii/gt_eval_frames/20260515_081812_ANKVQE_002_f003060.jpg
20260515_081812_ANKVQE_002_f003150.jpg,20260515_081812_ANKVQE,002,left,3150,737315,ea1711d02bb184e2e7b351d79539078d,/data/liangzhenghao/face_pii/gt_eval_frames/20260515_081812_ANKVQE_002_f003150.jpg
20260515_081812_ANKVQE_002_f003240.jpg,20260515_081812_ANKVQE,002,left,3240,719507,7fb4f260925e06700d4f46a82961b3d5,/data/liangzhenghao/face_pii/gt_eval_frames/20260515_081812_ANKVQE_002_f003240.jpg
20260515_081812_ANKVQE_002_f003330.jpg,20260515_081812_ANKVQE,002,left,3330,738839,e11944afe33376665ec570c41733ee02,/data/liangzhenghao/face_pii/gt_eval_frames/20260515_081812_ANKVQE_002_f003330.jpg
20260515_081812_ANKVQE_002_f003420.jpg,20260515_081812_ANKVQE,002,left,3420,743220,9a3539cc6fb61f4be877c9b441b69417,/data/liangzhenghao/face_pii/gt_eval_frames/20260515_081812_ANKVQE_002_f003420.jpg
20260515_081812_ANKVQE_002_f003510.jpg,20260515_081812_ANKVQE,002,left,3510,743707,79026ce206e63b16d35499114edb330a,/data/liangzhenghao/face_pii/gt_eval_frames/20260515_081812_ANKVQE_002_f003510.jpg
20260515_081812_ANKVQE_002_f003600.jpg,20260515_081812_ANKVQE,002,left,3600,742778,c9e77fb6c0fc2ff845c4ef04c7429810,/data/liangzhenghao/face_pii/gt_eval_frames/20260515_081812_ANKVQE_002_f003600.jpg
20260515_081812_ANKVQE_002_f003690.jpg,20260515_081812_ANKVQE,002,left,3690,749660,cb70f8491ba07619e10ceb4ab073861d,/data/liangzhenghao/face_pii/gt_eval_frames/20260515_081812_ANKVQE_002_f003690.jpg
20260515_081812_ANKVQE_002_f003780.jpg,20260515_081812_ANKVQE,002,left,3780,736467,d5420981b70f68248a81814a68c62d43,/data/liangzhenghao/face_pii/gt_eval_frames/20260515_081812_ANKVQE_002_f003780.jpg
20260515_081812_ANKVQE_002_f003870.jpg,20260515_081812_ANKVQE,002,left,3870,729051,deba468fe56954b043051f0f8f2388c1,/data/liangzhenghao/face_pii/gt_eval_frames/20260515_081812_ANKVQE_002_f003870.jpg
20260515_081812_ANKVQE_002_f003960.jpg,20260515_081812_ANKVQE,002,left,3960,737356,3b0e548d211dabd58d5cdb96db7b6ff0,/data/liangzhenghao/face_pii/gt_eval_frames/20260515_081812_ANKVQE_002_f003960.jpg
20260515_081812_ANKVQE_002_f004050.jpg,20260515_081812_ANKVQE,002,left,4050,723552,b1bdee47a1ef4d5e976e188ee07185ac,/data/liangzhenghao/face_pii/gt_eval_frames/20260515_081812_ANKVQE_002_f004050.jpg
20260515_081812_ANKVQE_002_f004140.jpg,20260515_081812_ANKVQE,002,left,4140,748601,4154eeaba7b6663ad6270a7c6afc7208,/data/liangzhenghao/face_pii/gt_eval_frames/20260515_081812_ANKVQE_002_f004140.jpg
20260515_081812_ANKVQE_002_f004230.jpg,20260515_081812_ANKVQE,002,left,4230,732619,ea610465ea46e52f16e7573227de2d47,/data/liangzhenghao/face_pii/gt_eval_frames/20260515_081812_ANKVQE_002_f004230.jpg
20260515_081812_ANKVQE_002_f004320.jpg,20260515_081812_ANKVQE,002,left,4320,727306,e745bb88161972ae63657cee2fa02b48,/data/liangzhenghao/face_pii/gt_eval_frames/20260515_081812_ANKVQE_002_f004320.jpg
20260515_081812_ANKVQE_002_f004410.jpg,20260515_081812_ANKVQE,002,left,4410,765275,aafe046fa9eb71299fea462945a1a3b9,/data/liangzhenghao/face_pii/gt_eval_frames/20260515_081812_ANKVQE_002_f004410.jpg
20260515_081812_ANKVQE_002_f004500.jpg,20260515_081812_ANKVQE,002,left,4500,765746,98b359690d24d6fc86ae2eebb090f4df,/data/liangzhenghao/face_pii/gt_eval_frames/20260515_081812_ANKVQE_002_f004500.jpg
20260515_081812_ANKVQE_002_f004590.jpg,20260515_081812_ANKVQE,002,left,4590,693806,a8f89c03fc291b23d63f0a5d7449cbed,/data/liangzhenghao/face_pii/gt_eval_frames/20260515_081812_ANKVQE_002_f004590.jpg
20260515_081812_ANKVQE_002_f004680.jpg,20260515_081812_ANKVQE,002,left,4680,742871,e1bd5ecf627d61d9e3b4f5ee40039504,/data/liangzhenghao/face_pii/gt_eval_frames/20260515_081812_ANKVQE_002_f004680.jpg
20260515_081812_ANKVQE_002_f004770.jpg,20260515_081812_ANKVQE,002,left,4770,648269,c818dac46154f06d556033a24d631c62,/data/liangzhenghao/face_pii/gt_eval_frames/20260515_081812_ANKVQE_002_f004770.jpg
20260515_081812_ANKVQE_002_f004860.jpg,20260515_081812_ANKVQE,002,left,4860,691077,a0bf33333c2dc6d711e33a09478b3d5f,/data/liangzhenghao/face_pii/gt_eval_frames/20260515_081812_ANKVQE_002_f004860.jpg
20260515_081812_ANKVQE_002_f004950.jpg,20260515_081812_ANKVQE,002,left,4950,711898,573a07b45d2e37fcde1c92def22a7e6c,/data/liangzhenghao/face_pii/gt_eval_frames/20260515_081812_ANKVQE_002_f004950.jpg
20260515_081812_ANKVQE_002_f005040.jpg,20260515_081812_ANKVQE,002,left,5040,754687,333a65868717fc0de580caa84fb74a41,/data/liangzhenghao/face_pii/gt_eval_frames/20260515_081812_ANKVQE_002_f005040.jpg
20260515_081812_ANKVQE_002_f005130.jpg,20260515_081812_ANKVQE,002,left,5130,748505,41d21732dafeec0d6e3f2e4cc51287b6,/data/liangzhenghao/face_pii/gt_eval_frames/20260515_081812_ANKVQE_002_f005130.jpg
20260515_081812_ANKVQE_002_f005220.jpg,20260515_081812_ANKVQE,002,left,5220,722507,d8a04411d83d6f32a173a12fe6243bb0,/data/liangzhenghao/face_pii/gt_eval_frames/20260515_081812_ANKVQE_002_f005220.jpg
20260515_081812_ANKVQE_002_f005310.jpg,20260515_081812_ANKVQE,002,left,5310,757067,a86b4b778c3f4ff3abd8d76789b43b56,/data/liangzhenghao/face_pii/gt_eval_frames/20260515_081812_ANKVQE_002_f005310.jpg
20260515_081812_ANKVQE_002_f005400.jpg,20260515_081812_ANKVQE,002,left,5400,752986,327846b79417d2bae6bc097bbed9ca5e,/data/liangzhenghao/face_pii/gt_eval_frames/20260515_081812_ANKVQE_002_f005400.jpg
20260515_081812_ANKVQE_002_f005490.jpg,20260515_081812_ANKVQE,002,left,5490,762568,759ad1d5c21f6793bb91afda81af9f4b,/data/liangzhenghao/face_pii/gt_eval_frames/20260515_081812_ANKVQE_002_f005490.jpg
20260515_081812_ANKVQE_002_f005580.jpg,20260515_081812_ANKVQE,002,left,5580,775833,c740a7ab9ec3320ce68ed04dfadc6d1d,/data/liangzhenghao/face_pii/gt_eval_frames/20260515_081812_ANKVQE_002_f005580.jpg
20260515_081812_ANKVQE_002_f005670.jpg,20260515_081812_ANKVQE,002,left,5670,738087,ccc9aae44939aff2edefe2b398a6b2bf,/data/liangzhenghao/face_pii/gt_eval_frames/20260515_081812_ANKVQE_002_f005670.jpg
20260515_081812_ANKVQE_002_f005760.jpg,20260515_081812_ANKVQE,002,left,5760,763880,1da18463a2e6af4717a424567f9d14b3,/data/liangzhenghao/face_pii/gt_eval_frames/20260515_081812_ANKVQE_002_f005760.jpg
20260515_081812_ANKVQE_002_f005850.jpg,20260515_081812_ANKVQE,002,left,5850,758808,c51a2f31e63c0e7d1ad025a5c4dd32eb,/data/liangzhenghao/face_pii/gt_eval_frames/20260515_081812_ANKVQE_002_f005850.jpg
20260515_081812_ANKVQE_002_f005940.jpg,20260515_081812_ANKVQE,002,left,5940,749126,8666a80406756f1f6ffdd53ae07534dd,/data/liangzhenghao/face_pii/gt_eval_frames/20260515_081812_ANKVQE_002_f005940.jpg
20260515_081812_ANKVQE_002_f006030.jpg,20260515_081812_ANKVQE,002,left,6030,740943,911c6066a04baa5c3295d968cb280ff7,/data/liangzhenghao/face_pii/gt_eval_frames/20260515_081812_ANKVQE_002_f006030.jpg
20260515_081812_ANKVQE_002_f006120.jpg,20260515_081812_ANKVQE,002,left,6120,739264,a11ce1266b2e5305384f8e23ed2d5aeb,/data/liangzhenghao/face_pii/gt_eval_frames/20260515_081812_ANKVQE_002_f006120.jpg
20260515_081812_ANKVQE_002_f006210.jpg,20260515_081812_ANKVQE,002,left,6210,705420,ded6aa1fb18f95eb53319bdecb7b2ab7,/data/liangzhenghao/face_pii/gt_eval_frames/20260515_081812_ANKVQE_002_f006210.jpg
20260515_081812_ANKVQE_002_f006300.jpg,20260515_081812_ANKVQE,002,left,6300,715412,8a3b2146e9c1d896c8cfacf456462f18,/data/liangzhenghao/face_pii/gt_eval_frames/20260515_081812_ANKVQE_002_f006300.jpg
20260515_081812_ANKVQE_002_f006390.jpg,20260515_081812_ANKVQE,002,left,6390,716485,88edaba48f8a0e4ae10b81f336e440d9,/data/liangzhenghao/face_pii/gt_eval_frames/20260515_081812_ANKVQE_002_f006390.jpg
20260515_081812_ANKVQE_002_f006480.jpg,20260515_081812_ANKVQE,002,left,6480,727862,29f417690b87777c13ada3eb4c735610,/data/liangzhenghao/face_pii/gt_eval_frames/20260515_081812_ANKVQE_002_f006480.jpg
20260515_081812_ANKVQE_002_f006570.jpg,20260515_081812_ANKVQE,002,left,6570,725928,ec2b922a41d89e01dee777c534b33c7c,/data/liangzhenghao/face_pii/gt_eval_frames/20260515_081812_ANKVQE_002_f006570.jpg
20260515_081812_ANKVQE_002_f006660.jpg,20260515_081812_ANKVQE,002,left,6660,732326,4fba7aef8ac1204e4926586747045c10,/data/liangzhenghao/face_pii/gt_eval_frames/20260515_081812_ANKVQE_002_f006660.jpg
20260515_081812_ANKVQE_002_f006750.jpg,20260515_081812_ANKVQE,002,left,6750,732290,8902a9680314da377117b144e940b097,/data/liangzhenghao/face_pii/gt_eval_frames/20260515_081812_ANKVQE_002_f006750.jpg
20260515_081812_ANKVQE_002_f006840.jpg,20260515_081812_ANKVQE,002,left,6840,732321,30c26dfe25ad2f7279858d92a4182747,/data/liangzhenghao/face_pii/gt_eval_frames/20260515_081812_ANKVQE_002_f006840.jpg
20260515_081812_ANKVQE_002_f006930.jpg,20260515_081812_ANKVQE,002,left,6930,727287,bedf1bf658859c20cc18131acb755810,/data/liangzhenghao/face_pii/gt_eval_frames/20260515_081812_ANKVQE_002_f006930.jpg
20260515_081812_ANKVQE_002_f007020.jpg,20260515_081812_ANKVQE,002,left,7020,737352,a60dc10f2c7e681471e002c2ac44e17a,/data/liangzhenghao/face_pii/gt_eval_frames/20260515_081812_ANKVQE_002_f007020.jpg
20260515_081812_ANKVQE_002_f007110.jpg,20260515_081812_ANKVQE,002,left,7110,732611,97e14252faef01cd625db60a59241725,/data/liangzhenghao/face_pii/gt_eval_frames/20260515_081812_ANKVQE_002_f007110.jpg
20260515_081812_ANKVQE_002_f007200.jpg,20260515_081812_ANKVQE,002,left,7200,744561,8283163dfce6efa4bceae25bb4940442,/data/liangzhenghao/face_pii/gt_eval_frames/20260515_081812_ANKVQE_002_f007200.jpg
20260515_081812_ANKVQE_002_f007290.jpg,20260515_081812_ANKVQE,002,left,7290,703068,a2c872469aee436d0f877f9a4b0460ad,/data/liangzhenghao/face_pii/gt_eval_frames/20260515_081812_ANKVQE_002_f007290.jpg
20260515_081812_ANKVQE_002_f007380.jpg,20260515_081812_ANKVQE,002,left,7380,715496,d62ce37c1462eb472baef8ca4dafb715,/data/liangzhenghao/face_pii/gt_eval_frames/20260515_081812_ANKVQE_002_f007380.jpg
20260515_081812_ANKVQE_002_f007470.jpg,20260515_081812_ANKVQE,002,left,7470,727811,e88980556f77a713cc6e0862875108ab,/data/liangzhenghao/face_pii/gt_eval_frames/20260515_081812_ANKVQE_002_f007470.jpg
20260515_081812_ANKVQE_002_f007560.jpg,20260515_081812_ANKVQE,002,left,7560,762320,a6102f480a4f6af3cfd1da0e41853dac,/data/liangzhenghao/face_pii/gt_eval_frames/20260515_081812_ANKVQE_002_f007560.jpg
20260515_081812_ANKVQE_002_f007650.jpg,20260515_081812_ANKVQE,002,left,7650,748036,f7d5d97959a6e34ccf7f0f1b3bb31f92,/data/liangzhenghao/face_pii/gt_eval_frames/20260515_081812_ANKVQE_002_f007650.jpg
20260515_081812_ANKVQE_002_f007740.jpg,20260515_081812_ANKVQE,002,left,7740,761919,949066fa9e3f0a5fa7a27d70229736e3,/data/liangzhenghao/face_pii/gt_eval_frames/20260515_081812_ANKVQE_002_f007740.jpg
20260515_081812_ANKVQE_002_f007830.jpg,20260515_081812_ANKVQE,002,left,7830,729093,a5da8df05f4784b90a2f740cf028ca4b,/data/liangzhenghao/face_pii/gt_eval_frames/20260515_081812_ANKVQE_002_f007830.jpg
20260515_081812_ANKVQE_002_f007920.jpg,20260515_081812_ANKVQE,002,left,7920,735671,e39d7655014bfc17bf8f7b37a8875cff,/data/liangzhenghao/face_pii/gt_eval_frames/20260515_081812_ANKVQE_002_f007920.jpg
20260515_081812_ANKVQE_002_f008010.jpg,20260515_081812_ANKVQE,002,left,8010,724587,a3ebe1cde8c36357092f76f7efb8a383,/data/liangzhenghao/face_pii/gt_eval_frames/20260515_081812_ANKVQE_002_f008010.jpg
20260515_081812_ANKVQE_002_f008100.jpg,20260515_081812_ANKVQE,002,left,8100,745037,f431835a8788a66ad84ad64f8bdf126c,/data/liangzhenghao/face_pii/gt_eval_frames/20260515_081812_ANKVQE_002_f008100.jpg
20260515_081812_ANKVQE_002_f008190.jpg,20260515_081812_ANKVQE,002,left,8190,742388,311b1e13644f6c9f359458a2b2f11530,/data/liangzhenghao/face_pii/gt_eval_frames/20260515_081812_ANKVQE_002_f008190.jpg
20260515_081812_ANKVQE_002_f008280.jpg,20260515_081812_ANKVQE,002,left,8280,730006,819b54214f987aca1ef354d1ff985194,/data/liangzhenghao/face_pii/gt_eval_frames/20260515_081812_ANKVQE_002_f008280.jpg
20260515_081812_ANKVQE_002_f008370.jpg,20260515_081812_ANKVQE,002,left,8370,748837,05c1447840b324cbbc8703299394e4f7,/data/liangzhenghao/face_pii/gt_eval_frames/20260515_081812_ANKVQE_002_f008370.jpg
20260515_081812_ANKVQE_002_f008460.jpg,20260515_081812_ANKVQE,002,left,8460,739169,ccdc088e7374bbe3979de10697d12bbc,/data/liangzhenghao/face_pii/gt_eval_frames/20260515_081812_ANKVQE_002_f008460.jpg
20260515_081812_ANKVQE_002_f008550.jpg,20260515_081812_ANKVQE,002,left,8550,762675,3bf20f2f9f840245893e0c84d3cb07cf,/data/liangzhenghao/face_pii/gt_eval_frames/20260515_081812_ANKVQE_002_f008550.jpg
20260515_081812_ANKVQE_002_f008640.jpg,20260515_081812_ANKVQE,002,left,8640,725793,506d8a89a369f357a4b5e4b54092ac50,/data/liangzhenghao/face_pii/gt_eval_frames/20260515_081812_ANKVQE_002_f008640.jpg
20260515_081812_ANKVQE_002_f008730.jpg,20260515_081812_ANKVQE,002,left,8730,730477,856b9c6f23e7566d3331ab5cdfe850cc,/data/liangzhenghao/face_pii/gt_eval_frames/20260515_081812_ANKVQE_002_f008730.jpg
20260515_081812_ANKVQE_002_f008820.jpg,20260515_081812_ANKVQE,002,left,8820,711081,e0fbb17f4a596a5bac712c5b7ecebfa9,/data/liangzhenghao/face_pii/gt_eval_frames/20260515_081812_ANKVQE_002_f008820.jpg
20260515_081812_ANKVQE_002_f008910.jpg,20260515_081812_ANKVQE,002,left,8910,717793,e7268e824ae892e2b9c2db18424515a4,/data/liangzhenghao/face_pii/gt_eval_frames/20260515_081812_ANKVQE_002_f008910.jpg
20260515_081812_ANKVQE_002_f009115.jpg,20260515_081812_ANKVQE,002,left,9115,717790,6c5867c393489af24bf67e4f29d9d3d9,/data/liangzhenghao/face_pii/gt_eval_frames/20260515_081812_ANKVQE_002_f009115.jpg
20260515_081812_ANKVQE_002_f009205.jpg,20260515_081812_ANKVQE,002,left,9205,757972,2deaddc09831d2866db63445a258db62,/data/liangzhenghao/face_pii/gt_eval_frames/20260515_081812_ANKVQE_002_f009205.jpg
20260515_081812_ANKVQE_002_f009295.jpg,20260515_081812_ANKVQE,002,left,9295,763094,d51e7750f7622bf34692f3574716ad38,/data/liangzhenghao/face_pii/gt_eval_frames/20260515_081812_ANKVQE_002_f009295.jpg
20260515_081812_ANKVQE_002_f009385.jpg,20260515_081812_ANKVQE,002,left,9385,767952,b7276a1e17436e7dede58fa6ce82f032,/data/liangzhenghao/face_pii/gt_eval_frames/20260515_081812_ANKVQE_002_f009385.jpg
20260515_081812_ANKVQE_002_f009475.jpg,20260515_081812_ANKVQE,002,left,9475,765169,15f4d4bcf25432d4ddfc92abf9385bff,/data/liangzhenghao/face_pii/gt_eval_frames/20260515_081812_ANKVQE_002_f009475.jpg
20260515_081812_ANKVQE_002_f009565.jpg,20260515_081812_ANKVQE,002,left,9565,762626,139e192d6aad43569c24aa6ab4dc2868,/data/liangzhenghao/face_pii/gt_eval_frames/20260515_081812_ANKVQE_002_f009565.jpg
20260515_081812_ANKVQE_002_f009655.jpg,20260515_081812_ANKVQE,002,left,9655,756249,22bafd8d1298cc6cf1b074412b759679,/data/liangzhenghao/face_pii/gt_eval_frames/20260515_081812_ANKVQE_002_f009655.jpg
20260515_081812_ANKVQE_002_f009745.jpg,20260515_081812_ANKVQE,002,left,9745,750521,1380de99cd6ccc5b4e5320c1e4b377f5,/data/liangzhenghao/face_pii/gt_eval_frames/20260515_081812_ANKVQE_002_f009745.jpg
20260515_081812_ANKVQE_002_f009835.jpg,20260515_081812_ANKVQE,002,left,9835,745601,105a3cfcc11176370f7991896db22c28,/data/liangzhenghao/face_pii/gt_eval_frames/20260515_081812_ANKVQE_002_f009835.jpg
20260515_081812_ANKVQE_002_f009925.jpg,20260515_081812_ANKVQE,002,left,9925,751611,e4a9ff6a20907055a8f9b6da76b8790f,/data/liangzhenghao/face_pii/gt_eval_frames/20260515_081812_ANKVQE_002_f009925.jpg
20260515_081812_ANKVQE_002_f010045.jpg,20260515_081812_ANKVQE,002,left,10045,764250,06d3c97b1862d390b44b1d8858131f4e,/data/liangzhenghao/face_pii/gt_eval_frames/20260515_081812_ANKVQE_002_f010045.jpg
20260515_081812_ANKVQE_002_f010135.jpg,20260515_081812_ANKVQE,002,left,10135,767784,924f5f6b21c08687dcfde4fb6d6cfdeb,/data/liangzhenghao/face_pii/gt_eval_frames/20260515_081812_ANKVQE_002_f010135.jpg
20260515_081812_ANKVQE_002_f010225.jpg,20260515_081812_ANKVQE,002,left,10225,732131,2bf0a1a4eb814155c661e702e9f0b75a,/data/liangzhenghao/face_pii/gt_eval_frames/20260515_081812_ANKVQE_002_f010225.jpg
20260515_081812_ANKVQE_002_f010315.jpg,20260515_081812_ANKVQE,002,left,10315,733631,d1ee45ffc418c027ebe623d8bd2611c7,/data/liangzhenghao/face_pii/gt_eval_frames/20260515_081812_ANKVQE_002_f010315.jpg
20260515_081812_ANKVQE_002_f010405.jpg,20260515_081812_ANKVQE,002,left,10405,730704,bf3c3ceb524cfc4257556b8b3a1af823,/data/liangzhenghao/face_pii/gt_eval_frames/20260515_081812_ANKVQE_002_f010405.jpg
20260515_081812_ANKVQE_002_f010655.jpg,20260515_081812_ANKVQE,002,left,10655,661389,3bbff28bc347c91523ae79fb80be31a3,/data/liangzhenghao/face_pii/gt_eval_frames/20260515_081812_ANKVQE_002_f010655.jpg
20260515_081812_ANKVQE_002_f010745.jpg,20260515_081812_ANKVQE,002,left,10745,646845,3b95ab36a30503e94570660a0ede0d2a,/data/liangzhenghao/face_pii/gt_eval_frames/20260515_081812_ANKVQE_002_f010745.jpg
20260515_081812_ANKVQE_002_f010835.jpg,20260515_081812_ANKVQE,002,left,10835,708460,8eabbf4a418f88b074dd78040aadd5fb,/data/liangzhenghao/face_pii/gt_eval_frames/20260515_081812_ANKVQE_002_f010835.jpg
20260515_081812_ANKVQE_002_f010925.jpg,20260515_081812_ANKVQE,002,left,10925,637470,a4205bb2d30e118a02cb7bd4767516b9,/data/liangzhenghao/face_pii/gt_eval_frames/20260515_081812_ANKVQE_002_f010925.jpg
20260515_081812_ANKVQE_002_f011015.jpg,20260515_081812_ANKVQE,002,left,11015,691074,2ccd1f202a56a558df598838a9829acb,/data/liangzhenghao/face_pii/gt_eval_frames/20260515_081812_ANKVQE_002_f011015.jpg
20260525_003136_UEAUME_018_f000000.jpg,20260525_003136_UEAUME,018,left,0,594974,fc5836492b797231523a9d85cae3f872,/data/liangzhenghao/face_pii/gt_eval_frames/20260525_003136_UEAUME_018_f000000.jpg
20260525_003136_UEAUME_018_f000090.jpg,20260525_003136_UEAUME,018,left,90,663556,61b52777b73b3476484de2f50f534af3,/data/liangzhenghao/face_pii/gt_eval_frames/20260525_003136_UEAUME_018_f000090.jpg
20260525_003136_UEAUME_018_f000180.jpg,20260525_003136_UEAUME,018,left,180,622973,e49aebd66e2ff1568a95cdfb3107e55c,/data/liangzhenghao/face_pii/gt_eval_frames/20260525_003136_UEAUME_018_f000180.jpg
20260525_003136_UEAUME_018_f000270.jpg,20260525_003136_UEAUME,018,left,270,628469,0076c22c2db1651065d1099059fe8a81,/data/liangzhenghao/face_pii/gt_eval_frames/20260525_003136_UEAUME_018_f000270.jpg
20260525_003136_UEAUME_018_f000360.jpg,20260525_003136_UEAUME,018,left,360,684755,e6338f91351404d4dd812fb0ea22cc6f,/data/liangzhenghao/face_pii/gt_eval_frames/20260525_003136_UEAUME_018_f000360.jpg
20260525_003136_UEAUME_018_f000450.jpg,20260525_003136_UEAUME,018,left,450,731514,9affc21c4529c8f2d65caabf243a7133,/data/liangzhenghao/face_pii/gt_eval_frames/20260525_003136_UEAUME_018_f000450.jpg
20260525_003136_UEAUME_018_f000540.jpg,20260525_003136_UEAUME,018,left,540,730237,64dda4c8092287b52c2057149d600883,/data/liangzhenghao/face_pii/gt_eval_frames/20260525_003136_UEAUME_018_f000540.jpg
20260525_003136_UEAUME_018_f000630.jpg,20260525_003136_UEAUME,018,left,630,755423,9509ff53ad54a22c4f809493125c185d,/data/liangzhenghao/face_pii/gt_eval_frames/20260525_003136_UEAUME_018_f000630.jpg
20260525_003136_UEAUME_018_f000720.jpg,20260525_003136_UEAUME,018,left,720,723960,5241bcdd9d7c0a8f4fc8e0a6630504b8,/data/liangzhenghao/face_pii/gt_eval_frames/20260525_003136_UEAUME_018_f000720.jpg
20260525_003136_UEAUME_018_f000810.jpg,20260525_003136_UEAUME,018,left,810,698590,04e0e16b1900bb34575133d48c3a3dc5,/data/liangzhenghao/face_pii/gt_eval_frames/20260525_003136_UEAUME_018_f000810.jpg
20260525_003136_UEAUME_018_f000900.jpg,20260525_003136_UEAUME,018,left,900,679393,811b496e2b6dcf6caea0d335ab383fd9,/data/liangzhenghao/face_pii/gt_eval_frames/20260525_003136_UEAUME_018_f000900.jpg
20260525_003136_UEAUME_018_f000990.jpg,20260525_003136_UEAUME,018,left,990,687640,7106bdcbe037330158e38085a51e6fd3,/data/liangzhenghao/face_pii/gt_eval_frames/20260525_003136_UEAUME_018_f000990.jpg
20260525_003136_UEAUME_018_f001080.jpg,20260525_003136_UEAUME,018,left,1080,696674,2237d019a9449f35181b0fee86aa0a45,/data/liangzhenghao/face_pii/gt_eval_frames/20260525_003136_UEAUME_018_f001080.jpg
20260525_003136_UEAUME_018_f001170.jpg,20260525_003136_UEAUME,018,left,1170,654448,1bfa31adbcbf22122857349ba228d18f,/data/liangzhenghao/face_pii/gt_eval_frames/20260525_003136_UEAUME_018_f001170.jpg
20260525_003136_UEAUME_018_f001260.jpg,20260525_003136_UEAUME,018,left,1260,693275,780579e5c32cf1a9f4069e8cff86770f,/data/liangzhenghao/face_pii/gt_eval_frames/20260525_003136_UEAUME_018_f001260.jpg
20260525_003136_UEAUME_018_f001350.jpg,20260525_003136_UEAUME,018,left,1350,694051,598ed5b4fd079c38f67e96d01162a130,/data/liangzhenghao/face_pii/gt_eval_frames/20260525_003136_UEAUME_018_f001350.jpg
20260525_003136_UEAUME_018_f001540.jpg,20260525_003136_UEAUME,018,left,1540,712556,ba26f7395ce031b82ccf75ff32e62cb6,/data/liangzhenghao/face_pii/gt_eval_frames/20260525_003136_UEAUME_018_f001540.jpg
20260525_003136_UEAUME_018_f001635.jpg,20260525_003136_UEAUME,018,left,1635,646121,8d69d3ac843222d4ec90196731e2d005,/data/liangzhenghao/face_pii/gt_eval_frames/20260525_003136_UEAUME_018_f001635.jpg
20260525_003136_UEAUME_018_f001730.jpg,20260525_003136_UEAUME,018,left,1730,730768,b6756dbfb1322a50dadaff75cf0a0ead,/data/liangzhenghao/face_pii/gt_eval_frames/20260525_003136_UEAUME_018_f001730.jpg
20260525_003136_UEAUME_018_f001820.jpg,20260525_003136_UEAUME,018,left,1820,723803,30d06074fd313d5a9973e21929bcad61,/data/liangzhenghao/face_pii/gt_eval_frames/20260525_003136_UEAUME_018_f001820.jpg
20260525_003136_UEAUME_018_f001910.jpg,20260525_003136_UEAUME,018,left,1910,694378,76353911eab3d179724f6ef7bc2dee47,/data/liangzhenghao/face_pii/gt_eval_frames/20260525_003136_UEAUME_018_f001910.jpg
20260525_003136_UEAUME_018_f002000.jpg,20260525_003136_UEAUME,018,left,2000,663924,7aa6087a529d137385951a9b10b94395,/data/liangzhenghao/face_pii/gt_eval_frames/20260525_003136_UEAUME_018_f002000.jpg
20260525_003136_UEAUME_018_f002090.jpg,20260525_003136_UEAUME,018,left,2090,701199,09ad32396bb8fe670beb3a89d1dc2358,/data/liangzhenghao/face_pii/gt_eval_frames/20260525_003136_UEAUME_018_f002090.jpg
20260525_003136_UEAUME_018_f002190.jpg,20260525_003136_UEAUME,018,left,2190,609766,d7df552fd1868f8b2b852b09565c7d09,/data/liangzhenghao/face_pii/gt_eval_frames/20260525_003136_UEAUME_018_f002190.jpg
20260525_003136_UEAUME_018_f002290.jpg,20260525_003136_UEAUME,018,left,2290,687318,da5112aa819818abacb5a7e7f4dfdae2,/data/liangzhenghao/face_pii/gt_eval_frames/20260525_003136_UEAUME_018_f002290.jpg
20260525_003136_UEAUME_018_f002380.jpg,20260525_003136_UEAUME,018,left,2380,706642,46b34d2dadb3e6eba136c5c1ef984c38,/data/liangzhenghao/face_pii/gt_eval_frames/20260525_003136_UEAUME_018_f002380.jpg
20260525_003136_UEAUME_018_f002470.jpg,20260525_003136_UEAUME,018,left,2470,674763,c1c1feddc8b72a6a53b87dc2b132525f,/data/liangzhenghao/face_pii/gt_eval_frames/20260525_003136_UEAUME_018_f002470.jpg
20260525_003136_UEAUME_018_f002560.jpg,20260525_003136_UEAUME,018,left,2560,733291,b17c60e2ca445dd91d6a7df777718151,/data/liangzhenghao/face_pii/gt_eval_frames/20260525_003136_UEAUME_018_f002560.jpg
20260525_003136_UEAUME_018_f002650.jpg,20260525_003136_UEAUME,018,left,2650,661336,aa96612862d920c6ad72ae3bc751d5db,/data/liangzhenghao/face_pii/gt_eval_frames/20260525_003136_UEAUME_018_f002650.jpg
20260525_003136_UEAUME_018_f002740.jpg,20260525_003136_UEAUME,018,left,2740,648504,0dd45d58191359e72b118beefa1423d2,/data/liangzhenghao/face_pii/gt_eval_frames/20260525_003136_UEAUME_018_f002740.jpg
20260525_003136_UEAUME_018_f002830.jpg,20260525_003136_UEAUME,018,left,2830,677903,5ec25c198964ad8140caf6148612c6a5,/data/liangzhenghao/face_pii/gt_eval_frames/20260525_003136_UEAUME_018_f002830.jpg
20260525_003136_UEAUME_018_f002920.jpg,20260525_003136_UEAUME,018,left,2920,681146,330cfe19c07c1ceb5576454c1c5dd87f,/data/liangzhenghao/face_pii/gt_eval_frames/20260525_003136_UEAUME_018_f002920.jpg
20260525_003136_UEAUME_018_f003010.jpg,20260525_003136_UEAUME,018,left,3010,717064,02d5d36faa4123cd7bdb24828f36fdda,/data/liangzhenghao/face_pii/gt_eval_frames/20260525_003136_UEAUME_018_f003010.jpg
20260525_003136_UEAUME_018_f003100.jpg,20260525_003136_UEAUME,018,left,3100,762663,6101046c38134f32065d03d67591104b,/data/liangzhenghao/face_pii/gt_eval_frames/20260525_003136_UEAUME_018_f003100.jpg
20260525_003136_UEAUME_018_f003190.jpg,20260525_003136_UEAUME,018,left,3190,693984,fca234f9ad5410c06b015a6b62a10727,/data/liangzhenghao/face_pii/gt_eval_frames/20260525_003136_UEAUME_018_f003190.jpg
20260525_003136_UEAUME_018_f003285.jpg,20260525_003136_UEAUME,018,left,3285,665604,7fb4ef3533a3e24af78083719c08670a,/data/liangzhenghao/face_pii/gt_eval_frames/20260525_003136_UEAUME_018_f003285.jpg
20260525_003136_UEAUME_018_f003375.jpg,20260525_003136_UEAUME,018,left,3375,660585,c5671ce8ca27d0057a1054410b5a40ef,/data/liangzhenghao/face_pii/gt_eval_frames/20260525_003136_UEAUME_018_f003375.jpg
20260525_003136_UEAUME_018_f003465.jpg,20260525_003136_UEAUME,018,left,3465,731030,6fe6666ac89f4ffaa764ffbf3bf80a85,/data/liangzhenghao/face_pii/gt_eval_frames/20260525_003136_UEAUME_018_f003465.jpg
20260525_003136_UEAUME_018_f003555.jpg,20260525_003136_UEAUME,018,left,3555,721634,5c1aaf7d519a77b13436e02db4ea43ff,/data/liangzhenghao/face_pii/gt_eval_frames/20260525_003136_UEAUME_018_f003555.jpg
20260525_003136_UEAUME_018_f003645.jpg,20260525_003136_UEAUME,018,left,3645,709706,a33f11add999d2b33cf93ecb316a1c58,/data/liangzhenghao/face_pii/gt_eval_frames/20260525_003136_UEAUME_018_f003645.jpg
20260525_003136_UEAUME_018_f003735.jpg,20260525_003136_UEAUME,018,left,3735,722070,97631276d4759f3934095cc698df757b,/data/liangzhenghao/face_pii/gt_eval_frames/20260525_003136_UEAUME_018_f003735.jpg
20260525_003136_UEAUME_018_f003825.jpg,20260525_003136_UEAUME,018,left,3825,713100,9a6b2851105f03d5eefa8df09509a2cf,/data/liangzhenghao/face_pii/gt_eval_frames/20260525_003136_UEAUME_018_f003825.jpg
20260525_003136_UEAUME_018_f003915.jpg,20260525_003136_UEAUME,018,left,3915,780356,3800d7ca1e98aa3dc31a274839588b8e,/data/liangzhenghao/face_pii/gt_eval_frames/20260525_003136_UEAUME_018_f003915.jpg
20260525_003136_UEAUME_018_f004005.jpg,20260525_003136_UEAUME,018,left,4005,778505,5e60c160d9311961ac7e567d0f0260e0,/data/liangzhenghao/face_pii/gt_eval_frames/20260525_003136_UEAUME_018_f004005.jpg
20260525_003136_UEAUME_018_f004095.jpg,20260525_003136_UEAUME,018,left,4095,641156,b468c66b871bb2be79819239a52175f2,/data/liangzhenghao/face_pii/gt_eval_frames/20260525_003136_UEAUME_018_f004095.jpg
20260525_003136_UEAUME_018_f004185.jpg,20260525_003136_UEAUME,018,left,4185,744374,6ca496179a0cd400a81e9cc44eef11d8,/data/liangzhenghao/face_pii/gt_eval_frames/20260525_003136_UEAUME_018_f004185.jpg
20260525_003136_UEAUME_018_f004275.jpg,20260525_003136_UEAUME,018,left,4275,714561,dee3deb6c8f5b32dd36ed483a0545340,/data/liangzhenghao/face_pii/gt_eval_frames/20260525_003136_UEAUME_018_f004275.jpg
20260525_003136_UEAUME_018_f004365.jpg,20260525_003136_UEAUME,018,left,4365,703245,565471eec40ef0a5603c0f0ff79812ab,/data/liangzhenghao/face_pii/gt_eval_frames/20260525_003136_UEAUME_018_f004365.jpg
20260525_003136_UEAUME_018_f004455.jpg,20260525_003136_UEAUME,018,left,4455,678975,8fc5d73316db2996096972665015f5c8,/data/liangzhenghao/face_pii/gt_eval_frames/20260525_003136_UEAUME_018_f004455.jpg
20260525_003136_UEAUME_018_f004545.jpg,20260525_003136_UEAUME,018,left,4545,724798,402e600765158f214e5fb30921f5eb53,/data/liangzhenghao/face_pii/gt_eval_frames/20260525_003136_UEAUME_018_f004545.jpg
20260525_003136_UEAUME_018_f004635.jpg,20260525_003136_UEAUME,018,left,4635,668460,8e58e92a8b01a9f5bb8e0a1166418fb3,/data/liangzhenghao/face_pii/gt_eval_frames/20260525_003136_UEAUME_018_f004635.jpg
20260525_003136_UEAUME_018_f004725.jpg,20260525_003136_UEAUME,018,left,4725,714902,818a579a23d375b0f0e32f3429e3cd3c,/data/liangzhenghao/face_pii/gt_eval_frames/20260525_003136_UEAUME_018_f004725.jpg
20260525_003136_UEAUME_018_f004815.jpg,20260525_003136_UEAUME,018,left,4815,658390,1f0910d894528b16ba534d0dfaf7f190,/data/liangzhenghao/face_pii/gt_eval_frames/20260525_003136_UEAUME_018_f004815.jpg
20260525_003136_UEAUME_018_f004905.jpg,20260525_003136_UEAUME,018,left,4905,723998,af5697f4758a99ae8e9b821f09102613,/data/liangzhenghao/face_pii/gt_eval_frames/20260525_003136_UEAUME_018_f004905.jpg
20260525_003136_UEAUME_018_f004995.jpg,20260525_003136_UEAUME,018,left,4995,715670,8d6e4c46bf97cf79803aede70a3c5242,/data/liangzhenghao/face_pii/gt_eval_frames/20260525_003136_UEAUME_018_f004995.jpg
20260525_003136_UEAUME_018_f005085.jpg,20260525_003136_UEAUME,018,left,5085,726424,24ffee3a37e6f9f856f11f3b51333930,/data/liangzhenghao/face_pii/gt_eval_frames/20260525_003136_UEAUME_018_f005085.jpg
20260525_003136_UEAUME_018_f005175.jpg,20260525_003136_UEAUME,018,left,5175,669043,2e663c56564ca10ce6d0858dd21918aa,/data/liangzhenghao/face_pii/gt_eval_frames/20260525_003136_UEAUME_018_f005175.jpg
20260525_003136_UEAUME_018_f005265.jpg,20260525_003136_UEAUME,018,left,5265,712035,5c408109f074a59d9f180359e198dcbf,/data/liangzhenghao/face_pii/gt_eval_frames/20260525_003136_UEAUME_018_f005265.jpg
20260525_003136_UEAUME_018_f005355.jpg,20260525_003136_UEAUME,018,left,5355,730570,f8e33af125dc4cc1b03b1f66c890db08,/data/liangzhenghao/face_pii/gt_eval_frames/20260525_003136_UEAUME_018_f005355.jpg
20260525_003136_UEAUME_018_f005445.jpg,20260525_003136_UEAUME,018,left,5445,745281,e39cbd639161744974c6ff4a1cfcbe27,/data/liangzhenghao/face_pii/gt_eval_frames/20260525_003136_UEAUME_018_f005445.jpg
20260525_003136_UEAUME_018_f005535.jpg,20260525_003136_UEAUME,018,left,5535,754500,f90174e342e45f3ed0bb7ff66675a04f,/data/liangzhenghao/face_pii/gt_eval_frames/20260525_003136_UEAUME_018_f005535.jpg
20260525_003136_UEAUME_018_f005625.jpg,20260525_003136_UEAUME,018,left,5625,755610,9e372643013b81e4640216b5b5c2e1c5,/data/liangzhenghao/face_pii/gt_eval_frames/20260525_003136_UEAUME_018_f005625.jpg
20260525_003136_UEAUME_018_f005715.jpg,20260525_003136_UEAUME,018,left,5715,743256,56358b7633202d9f58de8fb51bd462fd,/data/liangzhenghao/face_pii/gt_eval_frames/20260525_003136_UEAUME_018_f005715.jpg
20260525_003136_UEAUME_018_f005805.jpg,20260525_003136_UEAUME,018,left,5805,707050,297b50a85d0657b9a144b81d43ca4dc5,/data/liangzhenghao/face_pii/gt_eval_frames/20260525_003136_UEAUME_018_f005805.jpg
20260525_003136_UEAUME_018_f005895.jpg,20260525_003136_UEAUME,018,left,5895,665715,c5b33bf2b6d6223fc0ef787f534b1fc2,/data/liangzhenghao/face_pii/gt_eval_frames/20260525_003136_UEAUME_018_f005895.jpg
20260525_003136_UEAUME_018_f005985.jpg,20260525_003136_UEAUME,018,left,5985,632233,bc2c27997728f93ae2f2b09d9ce0d9a1,/data/liangzhenghao/face_pii/gt_eval_frames/20260525_003136_UEAUME_018_f005985.jpg
20260525_003136_UEAUME_018_f006075.jpg,20260525_003136_UEAUME,018,left,6075,624173,7fad8a970dd33aed82ca4e3ae2f05386,/data/liangzhenghao/face_pii/gt_eval_frames/20260525_003136_UEAUME_018_f006075.jpg
20260525_003136_UEAUME_018_f006165.jpg,20260525_003136_UEAUME,018,left,6165,710958,d4a2ef478cbaa07dbee3e94366155c2e,/data/liangzhenghao/face_pii/gt_eval_frames/20260525_003136_UEAUME_018_f006165.jpg
20260525_003136_UEAUME_018_f006255.jpg,20260525_003136_UEAUME,018,left,6255,650222,abdfe553deb0ea01dbaa85875b166aba,/data/liangzhenghao/face_pii/gt_eval_frames/20260525_003136_UEAUME_018_f006255.jpg
20260525_003136_UEAUME_018_f006345.jpg,20260525_003136_UEAUME,018,left,6345,657465,d0792c7ed5f6e577aa3029ad5c48d9d3,/data/liangzhenghao/face_pii/gt_eval_frames/20260525_003136_UEAUME_018_f006345.jpg
20260525_003136_UEAUME_018_f006435.jpg,20260525_003136_UEAUME,018,left,6435,647125,5409299842851805c84668f59a7ec09b,/data/liangzhenghao/face_pii/gt_eval_frames/20260525_003136_UEAUME_018_f006435.jpg
20260525_003136_UEAUME_018_f006525.jpg,20260525_003136_UEAUME,018,left,6525,646850,79fb97317e332c4cbe03cad9fe76d00c,/data/liangzhenghao/face_pii/gt_eval_frames/20260525_003136_UEAUME_018_f006525.jpg
20260525_003136_UEAUME_018_f006615.jpg,20260525_003136_UEAUME,018,left,6615,669190,b921d6fed111e39b78c77dd72b9dfbd5,/data/liangzhenghao/face_pii/gt_eval_frames/20260525_003136_UEAUME_018_f006615.jpg
20260525_003136_UEAUME_018_f006705.jpg,20260525_003136_UEAUME,018,left,6705,665150,020901fbb6fb12cbd291558304924b4c,/data/liangzhenghao/face_pii/gt_eval_frames/20260525_003136_UEAUME_018_f006705.jpg
20260525_003136_UEAUME_018_f006795.jpg,20260525_003136_UEAUME,018,left,6795,683642,69eb76a203dabb0607ebeb4d33c6847a,/data/liangzhenghao/face_pii/gt_eval_frames/20260525_003136_UEAUME_018_f006795.jpg
20260525_003136_UEAUME_018_f006885.jpg,20260525_003136_UEAUME,018,left,6885,687232,dc63cdbe0c6492073f68e2238dd9d98b,/data/liangzhenghao/face_pii/gt_eval_frames/20260525_003136_UEAUME_018_f006885.jpg
20260525_003136_UEAUME_018_f006975.jpg,20260525_003136_UEAUME,018,left,6975,650086,2bc75df42dc04df8f90ff824c3d54e05,/data/liangzhenghao/face_pii/gt_eval_frames/20260525_003136_UEAUME_018_f006975.jpg
20260525_003136_UEAUME_018_f007065.jpg,20260525_003136_UEAUME,018,left,7065,709396,1ec822776cf19f0dbd30b6445643c861,/data/liangzhenghao/face_pii/gt_eval_frames/20260525_003136_UEAUME_018_f007065.jpg
20260525_003136_UEAUME_018_f007155.jpg,20260525_003136_UEAUME,018,left,7155,641538,7abc5f58b0c12632ff9addefa0159c01,/data/liangzhenghao/face_pii/gt_eval_frames/20260525_003136_UEAUME_018_f007155.jpg
20260525_003136_UEAUME_018_f007245.jpg,20260525_003136_UEAUME,018,left,7245,742690,15a40a121525523fb18fab7ea9aa00c2,/data/liangzhenghao/face_pii/gt_eval_frames/20260525_003136_UEAUME_018_f007245.jpg
20260525_003136_UEAUME_018_f007335.jpg,20260525_003136_UEAUME,018,left,7335,652544,cb18cdf61a826d686e5cd47e5e3e1d78,/data/liangzhenghao/face_pii/gt_eval_frames/20260525_003136_UEAUME_018_f007335.jpg
20260525_003136_UEAUME_018_f007425.jpg,20260525_003136_UEAUME,018,left,7425,651898,49f7a783e389a50334dcab5eef18cdfb,/data/liangzhenghao/face_pii/gt_eval_frames/20260525_003136_UEAUME_018_f007425.jpg
20260525_003136_UEAUME_018_f007515.jpg,20260525_003136_UEAUME,018,left,7515,691363,ceb2dc3093a6a46813e8441c7614caff,/data/liangzhenghao/face_pii/gt_eval_frames/20260525_003136_UEAUME_018_f007515.jpg
20260525_003136_UEAUME_018_f007605.jpg,20260525_003136_UEAUME,018,left,7605,751158,f3b5f631292e384b955ed200878b3cbd,/data/liangzhenghao/face_pii/gt_eval_frames/20260525_003136_UEAUME_018_f007605.jpg
20260525_003136_UEAUME_018_f007695.jpg,20260525_003136_UEAUME,018,left,7695,705937,74adaea6904e8fbf98b4c45c2261ce28,/data/liangzhenghao/face_pii/gt_eval_frames/20260525_003136_UEAUME_018_f007695.jpg
20260525_003136_UEAUME_018_f007785.jpg,20260525_003136_UEAUME,018,left,7785,700048,9902492696c1059782bea3275d307e73,/data/liangzhenghao/face_pii/gt_eval_frames/20260525_003136_UEAUME_018_f007785.jpg
20260525_003136_UEAUME_018_f007875.jpg,20260525_003136_UEAUME,018,left,7875,784189,7bcd9473de285aaf9ebdcbd6e0196d2d,/data/liangzhenghao/face_pii/gt_eval_frames/20260525_003136_UEAUME_018_f007875.jpg
20260525_003136_UEAUME_018_f007965.jpg,20260525_003136_UEAUME,018,left,7965,807255,417a6cd38abf0a953f547c2b03d28401,/data/liangzhenghao/face_pii/gt_eval_frames/20260525_003136_UEAUME_018_f007965.jpg
20260525_003136_UEAUME_018_f008055.jpg,20260525_003136_UEAUME,018,left,8055,706047,c302d35d0cdeba6d77cf3c259bf0a71b,/data/liangzhenghao/face_pii/gt_eval_frames/20260525_003136_UEAUME_018_f008055.jpg
20260525_003136_UEAUME_018_f008145.jpg,20260525_003136_UEAUME,018,left,8145,727139,2c4fa5c33e7c60b2f830ddc681305cda,/data/liangzhenghao/face_pii/gt_eval_frames/20260525_003136_UEAUME_018_f008145.jpg
20260525_003136_UEAUME_018_f008235.jpg,20260525_003136_UEAUME,018,left,8235,718649,14bbaadfafed50d3a3c319ae77737b5f,/data/liangzhenghao/face_pii/gt_eval_frames/20260525_003136_UEAUME_018_f008235.jpg
20260525_003136_UEAUME_018_f008325.jpg,20260525_003136_UEAUME,018,left,8325,725990,c8dff087522dee29d6fa90546aa96b0e,/data/liangzhenghao/face_pii/gt_eval_frames/20260525_003136_UEAUME_018_f008325.jpg
20260525_003136_UEAUME_018_f008415.jpg,20260525_003136_UEAUME,018,left,8415,715400,236521c2772e54ea50eb9471d531d51d,/data/liangzhenghao/face_pii/gt_eval_frames/20260525_003136_UEAUME_018_f008415.jpg
20260525_003136_UEAUME_018_f008505.jpg,20260525_003136_UEAUME,018,left,8505,688598,f34c8de32451de1b0412c482f5d5acbc,/data/liangzhenghao/face_pii/gt_eval_frames/20260525_003136_UEAUME_018_f008505.jpg
20260525_003136_UEAUME_018_f008595.jpg,20260525_003136_UEAUME,018,left,8595,604950,c857446e31096b83e3eda3aef26ebd8e,/data/liangzhenghao/face_pii/gt_eval_frames/20260525_003136_UEAUME_018_f008595.jpg
20260525_003136_UEAUME_018_f008685.jpg,20260525_003136_UEAUME,018,left,8685,720339,27c886ce4a6704e946d428b9d8c50c57,/data/liangzhenghao/face_pii/gt_eval_frames/20260525_003136_UEAUME_018_f008685.jpg
20260525_003136_UEAUME_018_f008775.jpg,20260525_003136_UEAUME,018,left,8775,725534,9f08f84cb7abb289beb457c18220965d,/data/liangzhenghao/face_pii/gt_eval_frames/20260525_003136_UEAUME_018_f008775.jpg
20260525_003136_UEAUME_018_f008865.jpg,20260525_003136_UEAUME,018,left,8865,720154,33b8bda1a1b528f23b64597c2f25ce70,/data/liangzhenghao/face_pii/gt_eval_frames/20260525_003136_UEAUME_018_f008865.jpg
20260525_003136_UEAUME_018_f008960.jpg,20260525_003136_UEAUME,018,left,8960,748424,4dfe10261edeb1ff7e3a2e0642244487,/data/liangzhenghao/face_pii/gt_eval_frames/20260525_003136_UEAUME_018_f008960.jpg
20260525_003136_UEAUME_018_f009050.jpg,20260525_003136_UEAUME,018,left,9050,734457,bb12559bc51275cc66caaeccb9976dd3,/data/liangzhenghao/face_pii/gt_eval_frames/20260525_003136_UEAUME_018_f009050.jpg
20260525_003136_UEAUME_018_f009140.jpg,20260525_003136_UEAUME,018,left,9140,709536,05d35526cc3f0c93490d4ac79188b4ca,/data/liangzhenghao/face_pii/gt_eval_frames/20260525_003136_UEAUME_018_f009140.jpg
20260525_003136_UEAUME_018_f009230.jpg,20260525_003136_UEAUME,018,left,9230,673282,e271764b5ec4166570e0d5144756ea09,/data/liangzhenghao/face_pii/gt_eval_frames/20260525_003136_UEAUME_018_f009230.jpg
20260525_003136_UEAUME_018_f009320.jpg,20260525_003136_UEAUME,018,left,9320,747617,eb53488e0747e99f86ecaed1a527ffdb,/data/liangzhenghao/face_pii/gt_eval_frames/20260525_003136_UEAUME_018_f009320.jpg
20260525_003136_UEAUME_018_f009410.jpg,20260525_003136_UEAUME,018,left,9410,764125,ff50fb952eb75cdce393e9c2394ae3cf,/data/liangzhenghao/face_pii/gt_eval_frames/20260525_003136_UEAUME_018_f009410.jpg
20260525_003136_UEAUME_018_f009500.jpg,20260525_003136_UEAUME,018,left,9500,733291,56c0b037b6a070a717a1d6c53f1789cb,/data/liangzhenghao/face_pii/gt_eval_frames/20260525_003136_UEAUME_018_f009500.jpg
20260525_003136_UEAUME_018_f009590.jpg,20260525_003136_UEAUME,018,left,9590,714204,4444a1d824f399f2dfbf3b78c27fbe9a,/data/liangzhenghao/face_pii/gt_eval_frames/20260525_003136_UEAUME_018_f009590.jpg
20260525_003136_UEAUME_018_f009680.jpg,20260525_003136_UEAUME,018,left,9680,725956,e4eb7588377d0bee68cdda7bde23a495,/data/liangzhenghao/face_pii/gt_eval_frames/20260525_003136_UEAUME_018_f009680.jpg
20260525_003136_UEAUME_018_f009770.jpg,20260525_003136_UEAUME,018,left,9770,735847,873edf2e730e284676ee6542d362e675,/data/liangzhenghao/face_pii/gt_eval_frames/20260525_003136_UEAUME_018_f009770.jpg
20260525_003136_UEAUME_018_f009860.jpg,20260525_003136_UEAUME,018,left,9860,726397,a975401dfadc71753cb231abd4fdd025,/data/liangzhenghao/face_pii/gt_eval_frames/20260525_003136_UEAUME_018_f009860.jpg
20260525_003136_UEAUME_018_f009950.jpg,20260525_003136_UEAUME,018,left,9950,703231,1873652093dec3634b130f933711bf53,/data/liangzhenghao/face_pii/gt_eval_frames/20260525_003136_UEAUME_018_f009950.jpg
20260525_003136_UEAUME_018_f010040.jpg,20260525_003136_UEAUME,018,left,10040,738347,60724e4041f4ea21078f9c93294b3227,/data/liangzhenghao/face_pii/gt_eval_frames/20260525_003136_UEAUME_018_f010040.jpg
20260525_003136_UEAUME_018_f010130.jpg,20260525_003136_UEAUME,018,left,10130,714417,438b1dec9905aa5378e599ab37c20f69,/data/liangzhenghao/face_pii/gt_eval_frames/20260525_003136_UEAUME_018_f010130.jpg
20260525_003136_UEAUME_018_f010220.jpg,20260525_003136_UEAUME,018,left,10220,723880,6abfab6d04553a11c629fea48e5421e6,/data/liangzhenghao/face_pii/gt_eval_frames/20260525_003136_UEAUME_018_f010220.jpg
20260525_003136_UEAUME_018_f010310.jpg,20260525_003136_UEAUME,018,left,10310,772954,9d09df285721b739c41b723e92eb5fbc,/data/liangzhenghao/face_pii/gt_eval_frames/20260525_003136_UEAUME_018_f010310.jpg
20260525_003136_UEAUME_018_f010400.jpg,20260525_003136_UEAUME,018,left,10400,729374,7d35a16990383149b3f8ddfd696ef1d8,/data/liangzhenghao/face_pii/gt_eval_frames/20260525_003136_UEAUME_018_f010400.jpg
20260525_003136_UEAUME_018_f010490.jpg,20260525_003136_UEAUME,018,left,10490,742874,832e92c13fae901c63082fdcc3c14a6b,/data/liangzhenghao/face_pii/gt_eval_frames/20260525_003136_UEAUME_018_f010490.jpg
20260525_003136_UEAUME_018_f010580.jpg,20260525_003136_UEAUME,018,left,10580,710891,ba043750c276eee53e7be2cb1100e6ff,/data/liangzhenghao/face_pii/gt_eval_frames/20260525_003136_UEAUME_018_f010580.jpg
20260525_003136_UEAUME_018_f010670.jpg,20260525_003136_UEAUME,018,left,10670,721162,614de2f7ac1cfd6d9150f20cc5c3e5c9,/data/liangzhenghao/face_pii/gt_eval_frames/20260525_003136_UEAUME_018_f010670.jpg
20260525_003136_UEAUME_018_f010760.jpg,20260525_003136_UEAUME,018,left,10760,693576,5812c100fb486968308f5eced985fb05,/data/liangzhenghao/face_pii/gt_eval_frames/20260525_003136_UEAUME_018_f010760.jpg
20260525_003136_UEAUME_018_f010850.jpg,20260525_003136_UEAUME,018,left,10850,699736,c1d2637f39188395fbdac9cf83b29083,/data/liangzhenghao/face_pii/gt_eval_frames/20260525_003136_UEAUME_018_f010850.jpg
20260525_070046_WKKNGQ_007_f000060.jpg,20260525_070046_WKKNGQ,007,left,60,676863,f663ed5d200979458ff24c1a93334145,/data/liangzhenghao/face_pii/gt_eval_frames/20260525_070046_WKKNGQ_007_f000060.jpg
20260525_070046_WKKNGQ_007_f000065.jpg,20260525_070046_WKKNGQ,007,left,65,712229,afe5d0fdc5c07d80da2325d1a4f1db38,/data/liangzhenghao/face_pii/gt_eval_frames/20260525_070046_WKKNGQ_007_f000065.jpg
20260525_070046_WKKNGQ_007_f000070.jpg,20260525_070046_WKKNGQ,007,left,70,691081,7d754eca5690b84def5d20a9ce07e209,/data/liangzhenghao/face_pii/gt_eval_frames/20260525_070046_WKKNGQ_007_f000070.jpg
20260525_070046_WKKNGQ_007_f000075.jpg,20260525_070046_WKKNGQ,007,left,75,681826,8924b239e3e8bcf3217cf982791f0479,/data/liangzhenghao/face_pii/gt_eval_frames/20260525_070046_WKKNGQ_007_f000075.jpg
20260525_070046_WKKNGQ_007_f000080.jpg,20260525_070046_WKKNGQ,007,left,80,695466,92d7e2f07c882753be210a4bd3c15667,/data/liangzhenghao/face_pii/gt_eval_frames/20260525_070046_WKKNGQ_007_f000080.jpg
20260525_070046_WKKNGQ_007_f000085.jpg,20260525_070046_WKKNGQ,007,left,85,707416,4ae6820e577ac4b83d67c302445818d3,/data/liangzhenghao/face_pii/gt_eval_frames/20260525_070046_WKKNGQ_007_f000085.jpg
20260525_070046_WKKNGQ_007_f000090.jpg,20260525_070046_WKKNGQ,007,left,90,656929,b44afad1a923e134cb6e9a7486d5cefc,/data/liangzhenghao/face_pii/gt_eval_frames/20260525_070046_WKKNGQ_007_f000090.jpg
20260525_070046_WKKNGQ_007_f000095.jpg,20260525_070046_WKKNGQ,007,left,95,708494,e534ef0fae6410b839d4c2f0c0bee92d,/data/liangzhenghao/face_pii/gt_eval_frames/20260525_070046_WKKNGQ_007_f000095.jpg
20260525_070046_WKKNGQ_007_f000100.jpg,20260525_070046_WKKNGQ,007,left,100,710336,905df5f299157a4e642667ca9f0049e0,/data/liangzhenghao/face_pii/gt_eval_frames/20260525_070046_WKKNGQ_007_f000100.jpg
20260525_070046_WKKNGQ_007_f000105.jpg,20260525_070046_WKKNGQ,007,left,105,695234,c55928ba5f345aae9740d2d80f277e64,/data/liangzhenghao/face_pii/gt_eval_frames/20260525_070046_WKKNGQ_007_f000105.jpg
20260525_070046_WKKNGQ_007_f000110.jpg,20260525_070046_WKKNGQ,007,left,110,690982,fef12e7c115159bf1df098ea73944b18,/data/liangzhenghao/face_pii/gt_eval_frames/20260525_070046_WKKNGQ_007_f000110.jpg
20260525_070046_WKKNGQ_007_f000115.jpg,20260525_070046_WKKNGQ,007,left,115,649887,fd87db30562ae6c56529a8bdb11bc64e,/data/liangzhenghao/face_pii/gt_eval_frames/20260525_070046_WKKNGQ_007_f000115.jpg
20260525_070046_WKKNGQ_007_f001555.jpg,20260525_070046_WKKNGQ,007,left,1555,645135,01a7997ac9a2659dfe91e099437990e2,/data/liangzhenghao/face_pii/gt_eval_frames/20260525_070046_WKKNGQ_007_f001555.jpg
20260525_070046_WKKNGQ_007_f001560.jpg,20260525_070046_WKKNGQ,007,left,1560,672633,4de8be7a3930b8b2813275a87726b55f,/data/liangzhenghao/face_pii/gt_eval_frames/20260525_070046_WKKNGQ_007_f001560.jpg
20260525_070046_WKKNGQ_007_f001565.jpg,20260525_070046_WKKNGQ,007,left,1565,712363,7f069457cccf2fb8ad156d382e94a08b,/data/liangzhenghao/face_pii/gt_eval_frames/20260525_070046_WKKNGQ_007_f001565.jpg
20260525_070046_WKKNGQ_007_f001570.jpg,20260525_070046_WKKNGQ,007,left,1570,620796,9bb563441e283093ee88e7967a686cb7,/data/liangzhenghao/face_pii/gt_eval_frames/20260525_070046_WKKNGQ_007_f001570.jpg
20260525_070046_WKKNGQ_007_f001690.jpg,20260525_070046_WKKNGQ,007,left,1690,631698,dfa9e826a00df94f5e2e2d8aed3269af,/data/liangzhenghao/face_pii/gt_eval_frames/20260525_070046_WKKNGQ_007_f001690.jpg
20260525_070046_WKKNGQ_007_f001695.jpg,20260525_070046_WKKNGQ,007,left,1695,679802,bd908b050c3abc291e401916b6c1cf79,/data/liangzhenghao/face_pii/gt_eval_frames/20260525_070046_WKKNGQ_007_f001695.jpg
20260525_070046_WKKNGQ_007_f001700.jpg,20260525_070046_WKKNGQ,007,left,1700,702106,5acb2de08426b757bddf3288c892e017,/data/liangzhenghao/face_pii/gt_eval_frames/20260525_070046_WKKNGQ_007_f001700.jpg
20260525_070046_WKKNGQ_007_f001705.jpg,20260525_070046_WKKNGQ,007,left,1705,714971,2bc0d808db618ea8a497a240f60688c7,/data/liangzhenghao/face_pii/gt_eval_frames/20260525_070046_WKKNGQ_007_f001705.jpg
20260525_070046_WKKNGQ_007_f001710.jpg,20260525_070046_WKKNGQ,007,left,1710,695144,c26c264f5453c0c2d70fcd2eb951ae8e,/data/liangzhenghao/face_pii/gt_eval_frames/20260525_070046_WKKNGQ_007_f001710.jpg
20260525_070046_WKKNGQ_007_f001715.jpg,20260525_070046_WKKNGQ,007,left,1715,730343,40cd3b1c7b96fa7a2efa4062a0a63aca,/data/liangzhenghao/face_pii/gt_eval_frames/20260525_070046_WKKNGQ_007_f001715.jpg
20260525_070046_WKKNGQ_007_f001720.jpg,20260525_070046_WKKNGQ,007,left,1720,677374,6f3896c5b8a133b7221b5f99dc3301b3,/data/liangzhenghao/face_pii/gt_eval_frames/20260525_070046_WKKNGQ_007_f001720.jpg
20260525_070046_WKKNGQ_007_f001725.jpg,20260525_070046_WKKNGQ,007,left,1725,655899,6a6f1cd42f74f1657e45526e44d7eb7f,/data/liangzhenghao/face_pii/gt_eval_frames/20260525_070046_WKKNGQ_007_f001725.jpg
20260525_070046_WKKNGQ_007_f001730.jpg,20260525_070046_WKKNGQ,007,left,1730,691656,5689b5f191d53147dd4165951641555c,/data/liangzhenghao/face_pii/gt_eval_frames/20260525_070046_WKKNGQ_007_f001730.jpg
20260525_070046_WKKNGQ_007_f001735.jpg,20260525_070046_WKKNGQ,007,left,1735,675543,bb3e08de9ce2903f32221b71d0bfb668,/data/liangzhenghao/face_pii/gt_eval_frames/20260525_070046_WKKNGQ_007_f001735.jpg
20260525_070046_WKKNGQ_007_f001740.jpg,20260525_070046_WKKNGQ,007,left,1740,660780,37871b07caec363e53c01624026282de,/data/liangzhenghao/face_pii/gt_eval_frames/20260525_070046_WKKNGQ_007_f001740.jpg
20260525_070046_WKKNGQ_007_f001770.jpg,20260525_070046_WKKNGQ,007,left,1770,733859,602af0b0587b26950b4a13de23d6785e,/data/liangzhenghao/face_pii/gt_eval_frames/20260525_070046_WKKNGQ_007_f001770.jpg
20260525_070046_WKKNGQ_007_f001775.jpg,20260525_070046_WKKNGQ,007,left,1775,751930,7f7d2cd4a6f996ae0aac4b10e374381e,/data/liangzhenghao/face_pii/gt_eval_frames/20260525_070046_WKKNGQ_007_f001775.jpg
20260525_070046_WKKNGQ_007_f001780.jpg,20260525_070046_WKKNGQ,007,left,1780,754778,fb81910c3aa1148c0d5c1b19277bbedf,/data/liangzhenghao/face_pii/gt_eval_frames/20260525_070046_WKKNGQ_007_f001780.jpg
20260525_070046_WKKNGQ_007_f001785.jpg,20260525_070046_WKKNGQ,007,left,1785,743369,02f986c9793f048bd23ae39df53fd3df,/data/liangzhenghao/face_pii/gt_eval_frames/20260525_070046_WKKNGQ_007_f001785.jpg
20260525_070046_WKKNGQ_007_f001790.jpg,20260525_070046_WKKNGQ,007,left,1790,740039,56d18d6c4e472792d519105f27925831,/data/liangzhenghao/face_pii/gt_eval_frames/20260525_070046_WKKNGQ_007_f001790.jpg
20260525_070046_WKKNGQ_007_f001795.jpg,20260525_070046_WKKNGQ,007,left,1795,740151,010120260e3d4736923537e43651b918,/data/liangzhenghao/face_pii/gt_eval_frames/20260525_070046_WKKNGQ_007_f001795.jpg
20260525_070046_WKKNGQ_007_f001800.jpg,20260525_070046_WKKNGQ,007,left,1800,684478,6e32419da1480afd86ecf8a074fe13c9,/data/liangzhenghao/face_pii/gt_eval_frames/20260525_070046_WKKNGQ_007_f001800.jpg
20260525_070046_WKKNGQ_007_f001805.jpg,20260525_070046_WKKNGQ,007,left,1805,720555,a2f35b2b107bfdbf76dc1a645255af6c,/data/liangzhenghao/face_pii/gt_eval_frames/20260525_070046_WKKNGQ_007_f001805.jpg
20260525_070046_WKKNGQ_007_f001810.jpg,20260525_070046_WKKNGQ,007,left,1810,732981,e5b501f3dc41146551f5ff61f3c145c1,/data/liangzhenghao/face_pii/gt_eval_frames/20260525_070046_WKKNGQ_007_f001810.jpg
20260525_070046_WKKNGQ_007_f001815.jpg,20260525_070046_WKKNGQ,007,left,1815,694658,ef9a793b8df0f212d073a28f24af481f,/data/liangzhenghao/face_pii/gt_eval_frames/20260525_070046_WKKNGQ_007_f001815.jpg
20260525_070046_WKKNGQ_007_f001825.jpg,20260525_070046_WKKNGQ,007,left,1825,727412,3326db8917ab28c371519335f2859432,/data/liangzhenghao/face_pii/gt_eval_frames/20260525_070046_WKKNGQ_007_f001825.jpg
20260525_070046_WKKNGQ_007_f001830.jpg,20260525_070046_WKKNGQ,007,left,1830,747185,734ab020eeaad7934f78519e834d92aa,/data/liangzhenghao/face_pii/gt_eval_frames/20260525_070046_WKKNGQ_007_f001830.jpg
20260525_070046_WKKNGQ_007_f001835.jpg,20260525_070046_WKKNGQ,007,left,1835,759989,78733f3fbc389139a4cb49c9d9ac96d5,/data/liangzhenghao/face_pii/gt_eval_frames/20260525_070046_WKKNGQ_007_f001835.jpg
20260525_070046_WKKNGQ_007_f001840.jpg,20260525_070046_WKKNGQ,007,left,1840,758164,676dc30fb449e3dd479e4e053fc88e53,/data/liangzhenghao/face_pii/gt_eval_frames/20260525_070046_WKKNGQ_007_f001840.jpg
20260525_070046_WKKNGQ_007_f001845.jpg,20260525_070046_WKKNGQ,007,left,1845,758951,676448df73f53c687a733ce5af965cf4,/data/liangzhenghao/face_pii/gt_eval_frames/20260525_070046_WKKNGQ_007_f001845.jpg
20260525_070046_WKKNGQ_007_f001850.jpg,20260525_070046_WKKNGQ,007,left,1850,756240,c4db6f330c027cc318780e64f6f87f14,/data/liangzhenghao/face_pii/gt_eval_frames/20260525_070046_WKKNGQ_007_f001850.jpg
20260525_070046_WKKNGQ_007_f002625.jpg,20260525_070046_WKKNGQ,007,left,2625,748985,9464401149b84957247a71accc7edeb5,/data/liangzhenghao/face_pii/gt_eval_frames/20260525_070046_WKKNGQ_007_f002625.jpg
20260525_070046_WKKNGQ_007_f002630.jpg,20260525_070046_WKKNGQ,007,left,2630,752830,7f6adfa984855d72e307f3cc8a314f2a,/data/liangzhenghao/face_pii/gt_eval_frames/20260525_070046_WKKNGQ_007_f002630.jpg
20260525_070046_WKKNGQ_007_f002635.jpg,20260525_070046_WKKNGQ,007,left,2635,757287,0c38d0d2f22684829c24bfa928540a81,/data/liangzhenghao/face_pii/gt_eval_frames/20260525_070046_WKKNGQ_007_f002635.jpg
20260525_070046_WKKNGQ_007_f002640.jpg,20260525_070046_WKKNGQ,007,left,2640,738867,a3882694f2d1ac5c2a0ef08b1dcf0612,/data/liangzhenghao/face_pii/gt_eval_frames/20260525_070046_WKKNGQ_007_f002640.jpg
20260525_070046_WKKNGQ_007_f002645.jpg,20260525_070046_WKKNGQ,007,left,2645,748726,ce24ce26773c76fac8dc4e60ed86d619,/data/liangzhenghao/face_pii/gt_eval_frames/20260525_070046_WKKNGQ_007_f002645.jpg
20260525_070046_WKKNGQ_007_f002650.jpg,20260525_070046_WKKNGQ,007,left,2650,754181,8540d13d093d01eba0b9bae5419cfa26,/data/liangzhenghao/face_pii/gt_eval_frames/20260525_070046_WKKNGQ_007_f002650.jpg
20260525_070046_WKKNGQ_007_f002730.jpg,20260525_070046_WKKNGQ,007,left,2730,690857,e2caf382a28a68e2bb2a32e314cd70eb,/data/liangzhenghao/face_pii/gt_eval_frames/20260525_070046_WKKNGQ_007_f002730.jpg
20260525_070046_WKKNGQ_007_f003120.jpg,20260525_070046_WKKNGQ,007,left,3120,748283,74bb2fd2cacb9b187179ba8a103bc7b7,/data/liangzhenghao/face_pii/gt_eval_frames/20260525_070046_WKKNGQ_007_f003120.jpg
20260525_070046_WKKNGQ_007_f005035.jpg,20260525_070046_WKKNGQ,007,left,5035,748454,36904d43ff8284018321a2e16a893c06,/data/liangzhenghao/face_pii/gt_eval_frames/20260525_070046_WKKNGQ_007_f005035.jpg
20260525_070046_WKKNGQ_007_f005050.jpg,20260525_070046_WKKNGQ,007,left,5050,750991,95c1c0e0d4f65bfbf21a3571592d03b4,/data/liangzhenghao/face_pii/gt_eval_frames/20260525_070046_WKKNGQ_007_f005050.jpg
20260525_070046_WKKNGQ_007_f005055.jpg,20260525_070046_WKKNGQ,007,left,5055,755694,4aca15de7744a51ef5e858c2aa7748fb,/data/liangzhenghao/face_pii/gt_eval_frames/20260525_070046_WKKNGQ_007_f005055.jpg
20260525_070046_WKKNGQ_007_f005060.jpg,20260525_070046_WKKNGQ,007,left,5060,756707,6e6d61a78dbd318979f72b3f367eed91,/data/liangzhenghao/face_pii/gt_eval_frames/20260525_070046_WKKNGQ_007_f005060.jpg
20260525_070046_WKKNGQ_007_f005065.jpg,20260525_070046_WKKNGQ,007,left,5065,758531,2cee5ac74dcad4db0104c5cef7c4330b,/data/liangzhenghao/face_pii/gt_eval_frames/20260525_070046_WKKNGQ_007_f005065.jpg
20260525_070046_WKKNGQ_007_f005105.jpg,20260525_070046_WKKNGQ,007,left,5105,745447,d37d247f45ea5f6281c338b75d9d7ce5,/data/liangzhenghao/face_pii/gt_eval_frames/20260525_070046_WKKNGQ_007_f005105.jpg
20260525_070046_WKKNGQ_007_f005110.jpg,20260525_070046_WKKNGQ,007,left,5110,747948,333688b3b1e346f79afc95ae5f1ae19d,/data/liangzhenghao/face_pii/gt_eval_frames/20260525_070046_WKKNGQ_007_f005110.jpg
20260525_070046_WKKNGQ_007_f005115.jpg,20260525_070046_WKKNGQ,007,left,5115,746242,5d8d9ba0b07a68ae2eeee9a35c90deef,/data/liangzhenghao/face_pii/gt_eval_frames/20260525_070046_WKKNGQ_007_f005115.jpg
20260525_070046_WKKNGQ_007_f005120.jpg,20260525_070046_WKKNGQ,007,left,5120,740640,c96c417549ec37f26b7af074493af47f,/data/liangzhenghao/face_pii/gt_eval_frames/20260525_070046_WKKNGQ_007_f005120.jpg
20260525_070046_WKKNGQ_007_f005225.jpg,20260525_070046_WKKNGQ,007,left,5225,751866,b78e5091b45f9de734f3fcb2ab3b968e,/data/liangzhenghao/face_pii/gt_eval_frames/20260525_070046_WKKNGQ_007_f005225.jpg
20260525_070046_WKKNGQ_007_f005230.jpg,20260525_070046_WKKNGQ,007,left,5230,755308,3f356aace3935550a95e33874633f79f,/data/liangzhenghao/face_pii/gt_eval_frames/20260525_070046_WKKNGQ_007_f005230.jpg
20260525_070046_WKKNGQ_007_f005235.jpg,20260525_070046_WKKNGQ,007,left,5235,750971,a5f312ac429eb96ab84f63b018889f75,/data/liangzhenghao/face_pii/gt_eval_frames/20260525_070046_WKKNGQ_007_f005235.jpg
20260525_070046_WKKNGQ_007_f005240.jpg,20260525_070046_WKKNGQ,007,left,5240,742398,c09216b3d4284d3240ed754cde48e390,/data/liangzhenghao/face_pii/gt_eval_frames/20260525_070046_WKKNGQ_007_f005240.jpg
20260525_070046_WKKNGQ_007_f005245.jpg,20260525_070046_WKKNGQ,007,left,5245,738424,63a03f4ece6b0834f5ff9f51bef27fb0,/data/liangzhenghao/face_pii/gt_eval_frames/20260525_070046_WKKNGQ_007_f005245.jpg
20260525_070046_WKKNGQ_007_f005250.jpg,20260525_070046_WKKNGQ,007,left,5250,731530,1b246674e913047f9aecc2d292167563,/data/liangzhenghao/face_pii/gt_eval_frames/20260525_070046_WKKNGQ_007_f005250.jpg
20260525_070046_WKKNGQ_007_f005255.jpg,20260525_070046_WKKNGQ,007,left,5255,750901,cac99619a11745ae56f0985ed88f6db0,/data/liangzhenghao/face_pii/gt_eval_frames/20260525_070046_WKKNGQ_007_f005255.jpg
20260525_070046_WKKNGQ_007_f005260.jpg,20260525_070046_WKKNGQ,007,left,5260,749910,9169b7db8e3f3e99bce3aed3b5b56f5d,/data/liangzhenghao/face_pii/gt_eval_frames/20260525_070046_WKKNGQ_007_f005260.jpg
20260525_070046_WKKNGQ_007_f005265.jpg,20260525_070046_WKKNGQ,007,left,5265,761627,bd55006c56c40b28db21eb05d9313996,/data/liangzhenghao/face_pii/gt_eval_frames/20260525_070046_WKKNGQ_007_f005265.jpg
20260525_070046_WKKNGQ_007_f005270.jpg,20260525_070046_WKKNGQ,007,left,5270,763957,39c359c47b003c2aec904aeb0da0c334,/data/liangzhenghao/face_pii/gt_eval_frames/20260525_070046_WKKNGQ_007_f005270.jpg
20260525_070046_WKKNGQ_007_f005275.jpg,20260525_070046_WKKNGQ,007,left,5275,766011,1269553f8b0510419da99b3912da32b7,/data/liangzhenghao/face_pii/gt_eval_frames/20260525_070046_WKKNGQ_007_f005275.jpg
20260525_070046_WKKNGQ_007_f005280.jpg,20260525_070046_WKKNGQ,007,left,5280,743163,02f4da1e7737a51fee394dce9ec94a38,/data/liangzhenghao/face_pii/gt_eval_frames/20260525_070046_WKKNGQ_007_f005280.jpg
20260525_070046_WKKNGQ_007_f005285.jpg,20260525_070046_WKKNGQ,007,left,5285,762477,d78b80288ffdbbbcfcfd3c1108f6f7cd,/data/liangzhenghao/face_pii/gt_eval_frames/20260525_070046_WKKNGQ_007_f005285.jpg
20260525_070046_WKKNGQ_007_f005290.jpg,20260525_070046_WKKNGQ,007,left,5290,765480,d4026a9f7e9863a73f30bde43d17fc5f,/data/liangzhenghao/face_pii/gt_eval_frames/20260525_070046_WKKNGQ_007_f005290.jpg
20260525_070046_WKKNGQ_007_f005295.jpg,20260525_070046_WKKNGQ,007,left,5295,763213,09242b87163faaed3fde7264d9749e4a,/data/liangzhenghao/face_pii/gt_eval_frames/20260525_070046_WKKNGQ_007_f005295.jpg
20260525_070046_WKKNGQ_007_f007505.jpg,20260525_070046_WKKNGQ,007,left,7505,658302,0731999806eb6036d3863c3fe5c06b68,/data/liangzhenghao/face_pii/gt_eval_frames/20260525_070046_WKKNGQ_007_f007505.jpg
20260525_070046_WKKNGQ_007_f007645.jpg,20260525_070046_WKKNGQ,007,left,7645,738343,df6715f143304ee7e8b1ebc48255f1fe,/data/liangzhenghao/face_pii/gt_eval_frames/20260525_070046_WKKNGQ_007_f007645.jpg
20260525_070046_WKKNGQ_007_f007660.jpg,20260525_070046_WKKNGQ,007,left,7660,745743,5886a6bd80fac5989e37948b857a3b43,/data/liangzhenghao/face_pii/gt_eval_frames/20260525_070046_WKKNGQ_007_f007660.jpg
20260525_070046_WKKNGQ_007_f007665.jpg,20260525_070046_WKKNGQ,007,left,7665,755600,5dabd6927d94ea3093ac9278f84ba40e,/data/liangzhenghao/face_pii/gt_eval_frames/20260525_070046_WKKNGQ_007_f007665.jpg
20260525_070046_WKKNGQ_007_f007670.jpg,20260525_070046_WKKNGQ,007,left,7670,749263,c6a8dfa62cfde9b2fc09fcebf055a194,/data/liangzhenghao/face_pii/gt_eval_frames/20260525_070046_WKKNGQ_007_f007670.jpg
20260525_070046_WKKNGQ_007_f007720.jpg,20260525_070046_WKKNGQ,007,left,7720,738037,4c9d9eff5936f2b98ebfc93f0e8d4dc5,/data/liangzhenghao/face_pii/gt_eval_frames/20260525_070046_WKKNGQ_007_f007720.jpg
20260525_070046_WKKNGQ_007_f007845.jpg,20260525_070046_WKKNGQ,007,left,7845,673851,cb5ca628e405a8b343c8eb4892e68207,/data/liangzhenghao/face_pii/gt_eval_frames/20260525_070046_WKKNGQ_007_f007845.jpg
20260525_070046_WKKNGQ_007_f007850.jpg,20260525_070046_WKKNGQ,007,left,7850,706188,9beaa9ff9cb3d326b86c1b6228b4e14c,/data/liangzhenghao/face_pii/gt_eval_frames/20260525_070046_WKKNGQ_007_f007850.jpg
20260525_070046_WKKNGQ_007_f007855.jpg,20260525_070046_WKKNGQ,007,left,7855,726479,796c3e339dc3124a5dc437d9dd3c5863,/data/liangzhenghao/face_pii/gt_eval_frames/20260525_070046_WKKNGQ_007_f007855.jpg
20260525_070046_WKKNGQ_007_f007860.jpg,20260525_070046_WKKNGQ,007,left,7860,716155,a87836bd42d7045e388ae166f3578e9d,/data/liangzhenghao/face_pii/gt_eval_frames/20260525_070046_WKKNGQ_007_f007860.jpg
20260525_070046_WKKNGQ_007_f007865.jpg,20260525_070046_WKKNGQ,007,left,7865,737407,593f3bf2c33f692b17c48ecf4e0206e7,/data/liangzhenghao/face_pii/gt_eval_frames/20260525_070046_WKKNGQ_007_f007865.jpg
20260525_070046_WKKNGQ_007_f007870.jpg,20260525_070046_WKKNGQ,007,left,7870,745877,9b01e6752705b0680aef92c5bd7355cc,/data/liangzhenghao/face_pii/gt_eval_frames/20260525_070046_WKKNGQ_007_f007870.jpg
20260525_070046_WKKNGQ_007_f007875.jpg,20260525_070046_WKKNGQ,007,left,7875,754577,72a75fa2ee8697f7c65e4794f624730a,/data/liangzhenghao/face_pii/gt_eval_frames/20260525_070046_WKKNGQ_007_f007875.jpg
20260525_070046_WKKNGQ_007_f007885.jpg,20260525_070046_WKKNGQ,007,left,7885,763275,b7668808b98b15fcfc5315c68f111bde,/data/liangzhenghao/face_pii/gt_eval_frames/20260525_070046_WKKNGQ_007_f007885.jpg
20260525_070046_WKKNGQ_007_f007890.jpg,20260525_070046_WKKNGQ,007,left,7890,709666,1821943c2004607ecef469af2ed70f2b,/data/liangzhenghao/face_pii/gt_eval_frames/20260525_070046_WKKNGQ_007_f007890.jpg
20260525_070046_WKKNGQ_007_f007895.jpg,20260525_070046_WKKNGQ,007,left,7895,744578,7989f376ec6570efd0fc9fb0e10e2777,/data/liangzhenghao/face_pii/gt_eval_frames/20260525_070046_WKKNGQ_007_f007895.jpg
20260525_070046_WKKNGQ_007_f007900.jpg,20260525_070046_WKKNGQ,007,left,7900,749758,72c97dcd74142963b1cdd4327a5a716e,/data/liangzhenghao/face_pii/gt_eval_frames/20260525_070046_WKKNGQ_007_f007900.jpg
20260525_070046_WKKNGQ_007_f007905.jpg,20260525_070046_WKKNGQ,007,left,7905,744918,5ae1588bc19599ec81e359f31df52c6a,/data/liangzhenghao/face_pii/gt_eval_frames/20260525_070046_WKKNGQ_007_f007905.jpg
20260525_070046_WKKNGQ_007_f007910.jpg,20260525_070046_WKKNGQ,007,left,7910,743559,e3431f013a450143d807ff165427c911,/data/liangzhenghao/face_pii/gt_eval_frames/20260525_070046_WKKNGQ_007_f007910.jpg
20260525_070046_WKKNGQ_007_f007915.jpg,20260525_070046_WKKNGQ,007,left,7915,741178,944942bdb5b9753050deacbeeb58f4e1,/data/liangzhenghao/face_pii/gt_eval_frames/20260525_070046_WKKNGQ_007_f007915.jpg
20260525_070046_WKKNGQ_007_f007920.jpg,20260525_070046_WKKNGQ,007,left,7920,690023,37bcd30e34382306d8c3302a31ea7c41,/data/liangzhenghao/face_pii/gt_eval_frames/20260525_070046_WKKNGQ_007_f007920.jpg
20260525_070046_WKKNGQ_007_f007925.jpg,20260525_070046_WKKNGQ,007,left,7925,732955,aad5a77553c32de6529da30d72b08404,/data/liangzhenghao/face_pii/gt_eval_frames/20260525_070046_WKKNGQ_007_f007925.jpg
20260525_070046_WKKNGQ_007_f007930.jpg,20260525_070046_WKKNGQ,007,left,7930,737270,bb3e141a21aa4c7873e5bda7622874d7,/data/liangzhenghao/face_pii/gt_eval_frames/20260525_070046_WKKNGQ_007_f007930.jpg
20260525_070046_WKKNGQ_007_f007935.jpg,20260525_070046_WKKNGQ,007,left,7935,742690,4354fda7ee667469d34a3249bee2661f,/data/liangzhenghao/face_pii/gt_eval_frames/20260525_070046_WKKNGQ_007_f007935.jpg
20260525_070046_WKKNGQ_007_f007940.jpg,20260525_070046_WKKNGQ,007,left,7940,721632,2898125d72649ce2df49e1633e74f860,/data/liangzhenghao/face_pii/gt_eval_frames/20260525_070046_WKKNGQ_007_f007940.jpg
20260525_070046_WKKNGQ_007_f007945.jpg,20260525_070046_WKKNGQ,007,left,7945,725324,9ae3ada3a412276f85a8602a5e1bc681,/data/liangzhenghao/face_pii/gt_eval_frames/20260525_070046_WKKNGQ_007_f007945.jpg
20260525_070046_WKKNGQ_007_f007950.jpg,20260525_070046_WKKNGQ,007,left,7950,675915,4c344b7bfc23dd22c6255401f8c937c2,/data/liangzhenghao/face_pii/gt_eval_frames/20260525_070046_WKKNGQ_007_f007950.jpg
20260525_070046_WKKNGQ_007_f007955.jpg,20260525_070046_WKKNGQ,007,left,7955,716008,324ec1d6095314a87db600ea5c150e0e,/data/liangzhenghao/face_pii/gt_eval_frames/20260525_070046_WKKNGQ_007_f007955.jpg
20260525_070046_WKKNGQ_007_f007960.jpg,20260525_070046_WKKNGQ,007,left,7960,719932,23c9efb6aeb40b2b4681d544886053ba,/data/liangzhenghao/face_pii/gt_eval_frames/20260525_070046_WKKNGQ_007_f007960.jpg
20260525_070046_WKKNGQ_007_f007965.jpg,20260525_070046_WKKNGQ,007,left,7965,722519,f0ba7b0202c07a95887674a14bd3f743,/data/liangzhenghao/face_pii/gt_eval_frames/20260525_070046_WKKNGQ_007_f007965.jpg
20260525_070046_WKKNGQ_007_f007970.jpg,20260525_070046_WKKNGQ,007,left,7970,719503,2d7c44e2c6f4352ee4531707b55e1227,/data/liangzhenghao/face_pii/gt_eval_frames/20260525_070046_WKKNGQ_007_f007970.jpg
20260525_070046_WKKNGQ_007_f007975.jpg,20260525_070046_WKKNGQ,007,left,7975,719874,22aa9e29afba3bebfcc3174fe2ed873d,/data/liangzhenghao/face_pii/gt_eval_frames/20260525_070046_WKKNGQ_007_f007975.jpg
20260525_070046_WKKNGQ_007_f007980.jpg,20260525_070046_WKKNGQ,007,left,7980,689235,882e41595b122bb466e0d0fbb8c6ecb4,/data/liangzhenghao/face_pii/gt_eval_frames/20260525_070046_WKKNGQ_007_f007980.jpg
20260525_070046_WKKNGQ_007_f007985.jpg,20260525_070046_WKKNGQ,007,left,7985,726996,0c4dcbfd5c9554931dcee45371320b96,/data/liangzhenghao/face_pii/gt_eval_frames/20260525_070046_WKKNGQ_007_f007985.jpg
20260525_070046_WKKNGQ_007_f007990.jpg,20260525_070046_WKKNGQ,007,left,7990,726881,ea5ed02df3dbac5a73a13cffde43e06a,/data/liangzhenghao/face_pii/gt_eval_frames/20260525_070046_WKKNGQ_007_f007990.jpg
20260525_070046_WKKNGQ_007_f007995.jpg,20260525_070046_WKKNGQ,007,left,7995,735412,5a370b5dafa0c1c3edd6e60e1994c829,/data/liangzhenghao/face_pii/gt_eval_frames/20260525_070046_WKKNGQ_007_f007995.jpg
20260525_070046_WKKNGQ_007_f008000.jpg,20260525_070046_WKKNGQ,007,left,8000,744056,2a987a1cdb3ea173c75d479e82533c1c,/data/liangzhenghao/face_pii/gt_eval_frames/20260525_070046_WKKNGQ_007_f008000.jpg
20260525_070046_WKKNGQ_007_f008005.jpg,20260525_070046_WKKNGQ,007,left,8005,756549,8e7f6e4ddd0d98b81e20a6f246e6c0fa,/data/liangzhenghao/face_pii/gt_eval_frames/20260525_070046_WKKNGQ_007_f008005.jpg
20260525_070046_WKKNGQ_007_f008010.jpg,20260525_070046_WKKNGQ,007,left,8010,698334,a29328def14692cbd903c3f5f5273abd,/data/liangzhenghao/face_pii/gt_eval_frames/20260525_070046_WKKNGQ_007_f008010.jpg
20260525_070046_WKKNGQ_007_f008015.jpg,20260525_070046_WKKNGQ,007,left,8015,733702,f52badcda2c1dcc6036c1b0058326a9b,/data/liangzhenghao/face_pii/gt_eval_frames/20260525_070046_WKKNGQ_007_f008015.jpg
20260525_070046_WKKNGQ_007_f008020.jpg,20260525_070046_WKKNGQ,007,left,8020,754527,1387417247aaa67c66cdcd75efb04a9d,/data/liangzhenghao/face_pii/gt_eval_frames/20260525_070046_WKKNGQ_007_f008020.jpg
20260525_070046_WKKNGQ_007_f008025.jpg,20260525_070046_WKKNGQ,007,left,8025,753548,62829c74df11a699bcd76cdc4c13af02,/data/liangzhenghao/face_pii/gt_eval_frames/20260525_070046_WKKNGQ_007_f008025.jpg
20260525_070046_WKKNGQ_007_f008030.jpg,20260525_070046_WKKNGQ,007,left,8030,753388,73de66c89b56f613a14858cf987c3455,/data/liangzhenghao/face_pii/gt_eval_frames/20260525_070046_WKKNGQ_007_f008030.jpg
20260525_070046_WKKNGQ_007_f008035.jpg,20260525_070046_WKKNGQ,007,left,8035,738490,9d089573058aed7aa06e409f59814994,/data/liangzhenghao/face_pii/gt_eval_frames/20260525_070046_WKKNGQ_007_f008035.jpg
20260525_070046_WKKNGQ_007_f008040.jpg,20260525_070046_WKKNGQ,007,left,8040,703888,8744171e4b1fe2bc6a90e69d43289781,/data/liangzhenghao/face_pii/gt_eval_frames/20260525_070046_WKKNGQ_007_f008040.jpg
20260527_053115_CAHMSV_006_f000000.jpg,20260527_053115_CAHMSV,006,left,0,543508,e30792e5a92e08e228e2f4f377692d50,/data/liangzhenghao/face_pii/gt_eval_frames/20260527_053115_CAHMSV_006_f000000.jpg
20260527_053115_CAHMSV_006_f000090.jpg,20260527_053115_CAHMSV,006,left,90,615179,e42a79f689a78c90af20e823812a8b22,/data/liangzhenghao/face_pii/gt_eval_frames/20260527_053115_CAHMSV_006_f000090.jpg
20260527_053115_CAHMSV_006_f000180.jpg,20260527_053115_CAHMSV,006,left,180,658052,53b967ad755dccae1e45cc24dcc94c39,/data/liangzhenghao/face_pii/gt_eval_frames/20260527_053115_CAHMSV_006_f000180.jpg
20260527_053115_CAHMSV_006_f000270.jpg,20260527_053115_CAHMSV,006,left,270,612179,f970d74c3d3d76fd52df8a8d07fe66c6,/data/liangzhenghao/face_pii/gt_eval_frames/20260527_053115_CAHMSV_006_f000270.jpg
20260527_053115_CAHMSV_006_f000360.jpg,20260527_053115_CAHMSV,006,left,360,611758,11e63b409d64af10a543ca15befe7f45,/data/liangzhenghao/face_pii/gt_eval_frames/20260527_053115_CAHMSV_006_f000360.jpg
20260527_053115_CAHMSV_006_f000450.jpg,20260527_053115_CAHMSV,006,left,450,617130,618b6b189f1cf89e1e6f0f2219fe9e6f,/data/liangzhenghao/face_pii/gt_eval_frames/20260527_053115_CAHMSV_006_f000450.jpg
20260527_053115_CAHMSV_006_f000540.jpg,20260527_053115_CAHMSV,006,left,540,603891,0aa00270373d7672d9a42274ec4702de,/data/liangzhenghao/face_pii/gt_eval_frames/20260527_053115_CAHMSV_006_f000540.jpg
20260527_053115_CAHMSV_006_f000630.jpg,20260527_053115_CAHMSV,006,left,630,593141,9fbcc2907c33e9b7e9241b1d1de51cb5,/data/liangzhenghao/face_pii/gt_eval_frames/20260527_053115_CAHMSV_006_f000630.jpg
20260527_053115_CAHMSV_006_f000720.jpg,20260527_053115_CAHMSV,006,left,720,610375,e6c2e301d10fde1be938579c5421d95a,/data/liangzhenghao/face_pii/gt_eval_frames/20260527_053115_CAHMSV_006_f000720.jpg
20260527_053115_CAHMSV_006_f000810.jpg,20260527_053115_CAHMSV,006,left,810,632827,1c851a655edb8aa0ce5ff1eb88b860dc,/data/liangzhenghao/face_pii/gt_eval_frames/20260527_053115_CAHMSV_006_f000810.jpg
20260527_053115_CAHMSV_006_f000900.jpg,20260527_053115_CAHMSV,006,left,900,662944,a51be1b93eebc04791564603c2ef265a,/data/liangzhenghao/face_pii/gt_eval_frames/20260527_053115_CAHMSV_006_f000900.jpg
20260527_053115_CAHMSV_006_f000990.jpg,20260527_053115_CAHMSV,006,left,990,635542,8c6fc8f3723d5b9aae1352a4ba8ae754,/data/liangzhenghao/face_pii/gt_eval_frames/20260527_053115_CAHMSV_006_f000990.jpg
20260527_053115_CAHMSV_006_f001080.jpg,20260527_053115_CAHMSV,006,left,1080,624637,1e17fa751a81704d8127e2bf6e0052d0,/data/liangzhenghao/face_pii/gt_eval_frames/20260527_053115_CAHMSV_006_f001080.jpg
20260527_053115_CAHMSV_006_f001170.jpg,20260527_053115_CAHMSV,006,left,1170,683446,6e0c21626948cd4485a86feabceb7cdf,/data/liangzhenghao/face_pii/gt_eval_frames/20260527_053115_CAHMSV_006_f001170.jpg
20260527_053115_CAHMSV_006_f001260.jpg,20260527_053115_CAHMSV,006,left,1260,625735,63fe42fc651e3c7398a778c7ff9a003e,/data/liangzhenghao/face_pii/gt_eval_frames/20260527_053115_CAHMSV_006_f001260.jpg
20260527_053115_CAHMSV_006_f001350.jpg,20260527_053115_CAHMSV,006,left,1350,595426,4f359491bb664429b10de65c8ba075d2,/data/liangzhenghao/face_pii/gt_eval_frames/20260527_053115_CAHMSV_006_f001350.jpg
20260527_053115_CAHMSV_006_f001440.jpg,20260527_053115_CAHMSV,006,left,1440,616633,268d95d4f703d76ec9e17119a1c5c278,/data/liangzhenghao/face_pii/gt_eval_frames/20260527_053115_CAHMSV_006_f001440.jpg
20260527_053115_CAHMSV_006_f001530.jpg,20260527_053115_CAHMSV,006,left,1530,618984,dfe32cd56aa5aead1129c46c41cfc7de,/data/liangzhenghao/face_pii/gt_eval_frames/20260527_053115_CAHMSV_006_f001530.jpg
20260527_053115_CAHMSV_006_f001620.jpg,20260527_053115_CAHMSV,006,left,1620,617017,743c2f27589363f1cb02819f02c585a4,/data/liangzhenghao/face_pii/gt_eval_frames/20260527_053115_CAHMSV_006_f001620.jpg
20260527_053115_CAHMSV_006_f001710.jpg,20260527_053115_CAHMSV,006,left,1710,603851,1e4c4a6610a75f2481e504077617b1b8,/data/liangzhenghao/face_pii/gt_eval_frames/20260527_053115_CAHMSV_006_f001710.jpg
20260527_053115_CAHMSV_006_f001800.jpg,20260527_053115_CAHMSV,006,left,1800,631017,25e4d48c3723354c557e8b99bd377f9b,/data/liangzhenghao/face_pii/gt_eval_frames/20260527_053115_CAHMSV_006_f001800.jpg
20260527_053115_CAHMSV_006_f001890.jpg,20260527_053115_CAHMSV,006,left,1890,613531,c9c6c08c92ffb9b84332a86add1723d6,/data/liangzhenghao/face_pii/gt_eval_frames/20260527_053115_CAHMSV_006_f001890.jpg
20260527_053115_CAHMSV_006_f001980.jpg,20260527_053115_CAHMSV,006,left,1980,638101,72e820663f71d9bf03324aed447ac744,/data/liangzhenghao/face_pii/gt_eval_frames/20260527_053115_CAHMSV_006_f001980.jpg
20260527_053115_CAHMSV_006_f002070.jpg,20260527_053115_CAHMSV,006,left,2070,607266,f4158d590dee1ecaee5c0db4482abc2b,/data/liangzhenghao/face_pii/gt_eval_frames/20260527_053115_CAHMSV_006_f002070.jpg
20260527_053115_CAHMSV_006_f002160.jpg,20260527_053115_CAHMSV,006,left,2160,596882,cc793e9aba77a55455957ab10308a4b1,/data/liangzhenghao/face_pii/gt_eval_frames/20260527_053115_CAHMSV_006_f002160.jpg
20260527_053115_CAHMSV_006_f002250.jpg,20260527_053115_CAHMSV,006,left,2250,576199,1c8d6292f551d01e35c9fbdee1da106b,/data/liangzhenghao/face_pii/gt_eval_frames/20260527_053115_CAHMSV_006_f002250.jpg
20260527_053115_CAHMSV_006_f002340.jpg,20260527_053115_CAHMSV,006,left,2340,601304,d419e9bfa2c5fb682690ae60e28e6934,/data/liangzhenghao/face_pii/gt_eval_frames/20260527_053115_CAHMSV_006_f002340.jpg
20260527_053115_CAHMSV_006_f002430.jpg,20260527_053115_CAHMSV,006,left,2430,708438,d65435e33763dbb3c99378bef84a9598,/data/liangzhenghao/face_pii/gt_eval_frames/20260527_053115_CAHMSV_006_f002430.jpg
20260527_053115_CAHMSV_006_f002520.jpg,20260527_053115_CAHMSV,006,left,2520,620303,31f69d39a4b55e14d6f8fc34d3019964,/data/liangzhenghao/face_pii/gt_eval_frames/20260527_053115_CAHMSV_006_f002520.jpg
20260527_053115_CAHMSV_006_f002610.jpg,20260527_053115_CAHMSV,006,left,2610,627646,2cbfacbbd733f675b6290c2fd2e84df5,/data/liangzhenghao/face_pii/gt_eval_frames/20260527_053115_CAHMSV_006_f002610.jpg
20260527_053115_CAHMSV_006_f002700.jpg,20260527_053115_CAHMSV,006,left,2700,608626,f73f7e582fb7e1459772e75a32cdb8da,/data/liangzhenghao/face_pii/gt_eval_frames/20260527_053115_CAHMSV_006_f002700.jpg
20260527_053115_CAHMSV_006_f002790.jpg,20260527_053115_CAHMSV,006,left,2790,623078,c2784fae3b95de81464d07704cb2c0e1,/data/liangzhenghao/face_pii/gt_eval_frames/20260527_053115_CAHMSV_006_f002790.jpg
20260527_053115_CAHMSV_006_f002880.jpg,20260527_053115_CAHMSV,006,left,2880,676274,eb821173df3847c4cd134a1d85be555f,/data/liangzhenghao/face_pii/gt_eval_frames/20260527_053115_CAHMSV_006_f002880.jpg
20260527_053115_CAHMSV_006_f002970.jpg,20260527_053115_CAHMSV,006,left,2970,651426,c1d2da032d18e49f97ff8d6c29bd261a,/data/liangzhenghao/face_pii/gt_eval_frames/20260527_053115_CAHMSV_006_f002970.jpg
20260527_053115_CAHMSV_006_f003060.jpg,20260527_053115_CAHMSV,006,left,3060,625674,04a4b7bc47655c729967d6fdeee944dc,/data/liangzhenghao/face_pii/gt_eval_frames/20260527_053115_CAHMSV_006_f003060.jpg
20260527_053115_CAHMSV_006_f003150.jpg,20260527_053115_CAHMSV,006,left,3150,614077,34c1e4da1965f2ceb5faf0dc87de2041,/data/liangzhenghao/face_pii/gt_eval_frames/20260527_053115_CAHMSV_006_f003150.jpg
20260527_053115_CAHMSV_006_f003240.jpg,20260527_053115_CAHMSV,006,left,3240,646300,7451af792dfb03c11434dc609c878bde,/data/liangzhenghao/face_pii/gt_eval_frames/20260527_053115_CAHMSV_006_f003240.jpg
20260527_053115_CAHMSV_006_f003330.jpg,20260527_053115_CAHMSV,006,left,3330,625414,2702a6b6584238185bce9fb85bcb3e67,/data/liangzhenghao/face_pii/gt_eval_frames/20260527_053115_CAHMSV_006_f003330.jpg
20260527_053115_CAHMSV_006_f003420.jpg,20260527_053115_CAHMSV,006,left,3420,648855,61bbf39684de2b8ea46d6c81f12fc144,/data/liangzhenghao/face_pii/gt_eval_frames/20260527_053115_CAHMSV_006_f003420.jpg
20260527_053115_CAHMSV_006_f003510.jpg,20260527_053115_CAHMSV,006,left,3510,630173,ee84fd7e2b78ac6fffdb23c88e696c59,/data/liangzhenghao/face_pii/gt_eval_frames/20260527_053115_CAHMSV_006_f003510.jpg
20260527_053115_CAHMSV_006_f003600.jpg,20260527_053115_CAHMSV,006,left,3600,617410,51cdbe0d3b52272bf75b810a57611682,/data/liangzhenghao/face_pii/gt_eval_frames/20260527_053115_CAHMSV_006_f003600.jpg
20260527_053115_CAHMSV_006_f003690.jpg,20260527_053115_CAHMSV,006,left,3690,631455,a55314e8dbd09e7124c68fd8f4f27c3f,/data/liangzhenghao/face_pii/gt_eval_frames/20260527_053115_CAHMSV_006_f003690.jpg
20260527_053115_CAHMSV_006_f003780.jpg,20260527_053115_CAHMSV,006,left,3780,638546,7cd57b33bb4891226594f0db33545087,/data/liangzhenghao/face_pii/gt_eval_frames/20260527_053115_CAHMSV_006_f003780.jpg
20260527_053115_CAHMSV_006_f003870.jpg,20260527_053115_CAHMSV,006,left,3870,648280,85617853a10f0b316709839048126522,/data/liangzhenghao/face_pii/gt_eval_frames/20260527_053115_CAHMSV_006_f003870.jpg
20260527_053115_CAHMSV_006_f003960.jpg,20260527_053115_CAHMSV,006,left,3960,654276,97d78f7a5e40c4f161d5505451cba4d8,/data/liangzhenghao/face_pii/gt_eval_frames/20260527_053115_CAHMSV_006_f003960.jpg
20260527_053115_CAHMSV_006_f004050.jpg,20260527_053115_CAHMSV,006,left,4050,652594,35c101596811a07843b7181ce768a035,/data/liangzhenghao/face_pii/gt_eval_frames/20260527_053115_CAHMSV_006_f004050.jpg
20260527_053115_CAHMSV_006_f004140.jpg,20260527_053115_CAHMSV,006,left,4140,651305,00ea9ecc8fe97366194f1347f08ee307,/data/liangzhenghao/face_pii/gt_eval_frames/20260527_053115_CAHMSV_006_f004140.jpg
20260527_053115_CAHMSV_006_f004230.jpg,20260527_053115_CAHMSV,006,left,4230,629557,cc2fc9fcd5be002ce7ec1ee26aa3fb55,/data/liangzhenghao/face_pii/gt_eval_frames/20260527_053115_CAHMSV_006_f004230.jpg
20260527_053115_CAHMSV_006_f004320.jpg,20260527_053115_CAHMSV,006,left,4320,602244,7f3fc2c95cc578e844b671d52a67bbe1,/data/liangzhenghao/face_pii/gt_eval_frames/20260527_053115_CAHMSV_006_f004320.jpg
20260527_053115_CAHMSV_006_f004410.jpg,20260527_053115_CAHMSV,006,left,4410,669751,7eaa339562a8585ed61205cf4a900820,/data/liangzhenghao/face_pii/gt_eval_frames/20260527_053115_CAHMSV_006_f004410.jpg
20260527_053115_CAHMSV_006_f004500.jpg,20260527_053115_CAHMSV,006,left,4500,651650,b19fbc2f9f91cb0375575df21891642c,/data/liangzhenghao/face_pii/gt_eval_frames/20260527_053115_CAHMSV_006_f004500.jpg
20260527_053115_CAHMSV_006_f004590.jpg,20260527_053115_CAHMSV,006,left,4590,648649,13adeb8de5a595d1ff309bd87182e78a,/data/liangzhenghao/face_pii/gt_eval_frames/20260527_053115_CAHMSV_006_f004590.jpg
20260527_053115_CAHMSV_006_f004680.jpg,20260527_053115_CAHMSV,006,left,4680,677374,145d0c337eda5b23b233b37c70ca6abb,/data/liangzhenghao/face_pii/gt_eval_frames/20260527_053115_CAHMSV_006_f004680.jpg
20260527_053115_CAHMSV_006_f004770.jpg,20260527_053115_CAHMSV,006,left,4770,660103,e4745ac239871da9f3f0ba26ecfc8742,/data/liangzhenghao/face_pii/gt_eval_frames/20260527_053115_CAHMSV_006_f004770.jpg
20260527_053115_CAHMSV_006_f004860.jpg,20260527_053115_CAHMSV,006,left,4860,653701,721dc7f6d2eb998fab950b632eefe84a,/data/liangzhenghao/face_pii/gt_eval_frames/20260527_053115_CAHMSV_006_f004860.jpg
20260527_053115_CAHMSV_006_f004950.jpg,20260527_053115_CAHMSV,006,left,4950,648026,0567bb12fa72e9467da32c1b34e48f8a,/data/liangzhenghao/face_pii/gt_eval_frames/20260527_053115_CAHMSV_006_f004950.jpg
20260527_053115_CAHMSV_006_f005040.jpg,20260527_053115_CAHMSV,006,left,5040,653501,b3989f7e3ea47174eee26c124cabeea0,/data/liangzhenghao/face_pii/gt_eval_frames/20260527_053115_CAHMSV_006_f005040.jpg
20260527_053115_CAHMSV_006_f005130.jpg,20260527_053115_CAHMSV,006,left,5130,645039,7a95940f1c4595722585c2cfce518897,/data/liangzhenghao/face_pii/gt_eval_frames/20260527_053115_CAHMSV_006_f005130.jpg
20260527_053115_CAHMSV_006_f005220.jpg,20260527_053115_CAHMSV,006,left,5220,633952,51cc0cc4a32cb613365e24fd77dd5ff5,/data/liangzhenghao/face_pii/gt_eval_frames/20260527_053115_CAHMSV_006_f005220.jpg
20260527_053115_CAHMSV_006_f005310.jpg,20260527_053115_CAHMSV,006,left,5310,624794,8b4d008e3dde05260c9470fdba269e53,/data/liangzhenghao/face_pii/gt_eval_frames/20260527_053115_CAHMSV_006_f005310.jpg
20260527_053115_CAHMSV_006_f005400.jpg,20260527_053115_CAHMSV,006,left,5400,656100,6d0ff7c3b2ba60e6ed8b53d4bccd45d5,/data/liangzhenghao/face_pii/gt_eval_frames/20260527_053115_CAHMSV_006_f005400.jpg
20260527_053115_CAHMSV_006_f005490.jpg,20260527_053115_CAHMSV,006,left,5490,667193,dfd8172d4b1484536cda795c5c42836a,/data/liangzhenghao/face_pii/gt_eval_frames/20260527_053115_CAHMSV_006_f005490.jpg
20260527_053115_CAHMSV_006_f005580.jpg,20260527_053115_CAHMSV,006,left,5580,665012,12fc52f06e3a2465c359b67458dd36ea,/data/liangzhenghao/face_pii/gt_eval_frames/20260527_053115_CAHMSV_006_f005580.jpg
20260527_053115_CAHMSV_006_f005670.jpg,20260527_053115_CAHMSV,006,left,5670,630248,55fb4cbfbddedde922477830a40bbadf,/data/liangzhenghao/face_pii/gt_eval_frames/20260527_053115_CAHMSV_006_f005670.jpg
20260527_053115_CAHMSV_006_f005760.jpg,20260527_053115_CAHMSV,006,left,5760,709053,fc2f6cd0cb27229e0bb76ebcbcb447a1,/data/liangzhenghao/face_pii/gt_eval_frames/20260527_053115_CAHMSV_006_f005760.jpg
20260527_053115_CAHMSV_006_f005850.jpg,20260527_053115_CAHMSV,006,left,5850,618568,1328a424fa9bcdc90d9b1a98770fff39,/data/liangzhenghao/face_pii/gt_eval_frames/20260527_053115_CAHMSV_006_f005850.jpg
20260527_053115_CAHMSV_006_f005940.jpg,20260527_053115_CAHMSV,006,left,5940,626025,b19c9afb1f372c3ca8e29bb8825d188f,/data/liangzhenghao/face_pii/gt_eval_frames/20260527_053115_CAHMSV_006_f005940.jpg
20260527_053115_CAHMSV_006_f006030.jpg,20260527_053115_CAHMSV,006,left,6030,628846,2bdc54c4d3927d2271f72ed95644cb4c,/data/liangzhenghao/face_pii/gt_eval_frames/20260527_053115_CAHMSV_006_f006030.jpg
20260527_053115_CAHMSV_006_f006120.jpg,20260527_053115_CAHMSV,006,left,6120,621577,3779e26f571ac83649f16bdf79616637,/data/liangzhenghao/face_pii/gt_eval_frames/20260527_053115_CAHMSV_006_f006120.jpg
20260527_053115_CAHMSV_006_f006210.jpg,20260527_053115_CAHMSV,006,left,6210,640205,1048b4981ea21ac6b467ca97d938daf7,/data/liangzhenghao/face_pii/gt_eval_frames/20260527_053115_CAHMSV_006_f006210.jpg
20260527_053115_CAHMSV_006_f006300.jpg,20260527_053115_CAHMSV,006,left,6300,613317,091b5c421955d8e3a451ca461dff8c7c,/data/liangzhenghao/face_pii/gt_eval_frames/20260527_053115_CAHMSV_006_f006300.jpg
20260527_053115_CAHMSV_006_f006390.jpg,20260527_053115_CAHMSV,006,left,6390,628813,44309ba41e12b4bb69b06ca70f76985c,/data/liangzhenghao/face_pii/gt_eval_frames/20260527_053115_CAHMSV_006_f006390.jpg
20260527_053115_CAHMSV_006_f006480.jpg,20260527_053115_CAHMSV,006,left,6480,627057,3b5c5c90ccf3a78107dfbfe3255283c0,/data/liangzhenghao/face_pii/gt_eval_frames/20260527_053115_CAHMSV_006_f006480.jpg
20260527_053115_CAHMSV_006_f006570.jpg,20260527_053115_CAHMSV,006,left,6570,641426,d0a800126def16fffa7f70c5fc992e13,/data/liangzhenghao/face_pii/gt_eval_frames/20260527_053115_CAHMSV_006_f006570.jpg
20260527_053115_CAHMSV_006_f006660.jpg,20260527_053115_CAHMSV,006,left,6660,642615,55aa54a4342770ce8eac4d0c0015316b,/data/liangzhenghao/face_pii/gt_eval_frames/20260527_053115_CAHMSV_006_f006660.jpg
20260527_053115_CAHMSV_006_f006750.jpg,20260527_053115_CAHMSV,006,left,6750,633817,d84f3179852f9e8b288cf67821dcb2d3,/data/liangzhenghao/face_pii/gt_eval_frames/20260527_053115_CAHMSV_006_f006750.jpg
20260527_053115_CAHMSV_006_f006840.jpg,20260527_053115_CAHMSV,006,left,6840,669669,2fe89b100ee527bd4fdb1e87228baf0e,/data/liangzhenghao/face_pii/gt_eval_frames/20260527_053115_CAHMSV_006_f006840.jpg
20260527_053115_CAHMSV_006_f006930.jpg,20260527_053115_CAHMSV,006,left,6930,690243,b0e15b0adad6ad69c1b64e318fa8ad44,/data/liangzhenghao/face_pii/gt_eval_frames/20260527_053115_CAHMSV_006_f006930.jpg
20260527_053115_CAHMSV_006_f007020.jpg,20260527_053115_CAHMSV,006,left,7020,647634,0c0b02f60f6a6ab2668dda909208e18b,/data/liangzhenghao/face_pii/gt_eval_frames/20260527_053115_CAHMSV_006_f007020.jpg
20260527_053115_CAHMSV_006_f007110.jpg,20260527_053115_CAHMSV,006,left,7110,658254,598b0039e6fe56e4b722e7bd7281cf42,/data/liangzhenghao/face_pii/gt_eval_frames/20260527_053115_CAHMSV_006_f007110.jpg
20260527_053115_CAHMSV_006_f007200.jpg,20260527_053115_CAHMSV,006,left,7200,657826,fbb6c1a20f80760f2b14fdad2b6b2b18,/data/liangzhenghao/face_pii/gt_eval_frames/20260527_053115_CAHMSV_006_f007200.jpg
20260527_053115_CAHMSV_006_f007290.jpg,20260527_053115_CAHMSV,006,left,7290,646259,be720ef05ffa9704e4689f1ac60ff20d,/data/liangzhenghao/face_pii/gt_eval_frames/20260527_053115_CAHMSV_006_f007290.jpg
20260527_053115_CAHMSV_006_f007380.jpg,20260527_053115_CAHMSV,006,left,7380,635333,58789c01db6df6fe98623da2ae208919,/data/liangzhenghao/face_pii/gt_eval_frames/20260527_053115_CAHMSV_006_f007380.jpg
20260527_053115_CAHMSV_006_f007470.jpg,20260527_053115_CAHMSV,006,left,7470,647923,86a374687bf439383823e122889c5301,/data/liangzhenghao/face_pii/gt_eval_frames/20260527_053115_CAHMSV_006_f007470.jpg
20260527_053115_CAHMSV_006_f007560.jpg,20260527_053115_CAHMSV,006,left,7560,658827,6f6f493e2291f95fe1bab5f500764c38,/data/liangzhenghao/face_pii/gt_eval_frames/20260527_053115_CAHMSV_006_f007560.jpg
20260527_053115_CAHMSV_006_f007650.jpg,20260527_053115_CAHMSV,006,left,7650,653166,0799d5bf3ed4c0869aa299cf141c20db,/data/liangzhenghao/face_pii/gt_eval_frames/20260527_053115_CAHMSV_006_f007650.jpg
20260527_053115_CAHMSV_006_f007740.jpg,20260527_053115_CAHMSV,006,left,7740,664393,d760ccc54e023f90f24046d0075fb731,/data/liangzhenghao/face_pii/gt_eval_frames/20260527_053115_CAHMSV_006_f007740.jpg
20260527_053115_CAHMSV_006_f007830.jpg,20260527_053115_CAHMSV,006,left,7830,663297,0f9eee69524d8371988b079ca03a6bf3,/data/liangzhenghao/face_pii/gt_eval_frames/20260527_053115_CAHMSV_006_f007830.jpg
20260527_053115_CAHMSV_006_f007920.jpg,20260527_053115_CAHMSV,006,left,7920,653310,3a4480e42c71bc4d12dba584cf16a31f,/data/liangzhenghao/face_pii/gt_eval_frames/20260527_053115_CAHMSV_006_f007920.jpg
20260527_053115_CAHMSV_006_f008010.jpg,20260527_053115_CAHMSV,006,left,8010,647665,98c17f52688dfc13544fe0c69cc9697e,/data/liangzhenghao/face_pii/gt_eval_frames/20260527_053115_CAHMSV_006_f008010.jpg
20260527_053115_CAHMSV_006_f008100.jpg,20260527_053115_CAHMSV,006,left,8100,695484,0b58e7665fb070462c2e3e33155355c0,/data/liangzhenghao/face_pii/gt_eval_frames/20260527_053115_CAHMSV_006_f008100.jpg
20260527_053115_CAHMSV_006_f008190.jpg,20260527_053115_CAHMSV,006,left,8190,711737,50c4e545723a650df6a13322d4d9c8d5,/data/liangzhenghao/face_pii/gt_eval_frames/20260527_053115_CAHMSV_006_f008190.jpg
20260527_053115_CAHMSV_006_f008280.jpg,20260527_053115_CAHMSV,006,left,8280,672435,369b6eabd253b68dc92dfbc242279cf3,/data/liangzhenghao/face_pii/gt_eval_frames/20260527_053115_CAHMSV_006_f008280.jpg
20260527_053115_CAHMSV_006_f008370.jpg,20260527_053115_CAHMSV,006,left,8370,660425,3d7257e719ba2f435c58c30f87df4a02,/data/liangzhenghao/face_pii/gt_eval_frames/20260527_053115_CAHMSV_006_f008370.jpg
20260527_053115_CAHMSV_006_f008460.jpg,20260527_053115_CAHMSV,006,left,8460,653771,0e7d80c0caf2ed1150926d378008f465,/data/liangzhenghao/face_pii/gt_eval_frames/20260527_053115_CAHMSV_006_f008460.jpg
20260527_053115_CAHMSV_006_f008550.jpg,20260527_053115_CAHMSV,006,left,8550,640154,c68d43cbb801f89e36516bcff582699c,/data/liangzhenghao/face_pii/gt_eval_frames/20260527_053115_CAHMSV_006_f008550.jpg
20260527_053115_CAHMSV_006_f008640.jpg,20260527_053115_CAHMSV,006,left,8640,620737,b2f402613250c65487c2d73a3efafa1a,/data/liangzhenghao/face_pii/gt_eval_frames/20260527_053115_CAHMSV_006_f008640.jpg
20260527_053115_CAHMSV_006_f008730.jpg,20260527_053115_CAHMSV,006,left,8730,629183,d121e7ac1e34ac53d2b454c93a248dc4,/data/liangzhenghao/face_pii/gt_eval_frames/20260527_053115_CAHMSV_006_f008730.jpg
20260527_053115_CAHMSV_006_f008820.jpg,20260527_053115_CAHMSV,006,left,8820,612666,d6c61f3ad78ea6808fef9ea5bc739977,/data/liangzhenghao/face_pii/gt_eval_frames/20260527_053115_CAHMSV_006_f008820.jpg
20260527_053115_CAHMSV_006_f008910.jpg,20260527_053115_CAHMSV,006,left,8910,627604,e2a80d7a2ffe58bc8acf9cf4db947868,/data/liangzhenghao/face_pii/gt_eval_frames/20260527_053115_CAHMSV_006_f008910.jpg
20260527_053115_CAHMSV_006_f009000.jpg,20260527_053115_CAHMSV,006,left,9000,638726,5ab91edd87b5eeaa4be4bc48e96704f2,/data/liangzhenghao/face_pii/gt_eval_frames/20260527_053115_CAHMSV_006_f009000.jpg
20260527_053115_CAHMSV_006_f009090.jpg,20260527_053115_CAHMSV,006,left,9090,631130,d058c9f59580a7449a5d478dab4146b0,/data/liangzhenghao/face_pii/gt_eval_frames/20260527_053115_CAHMSV_006_f009090.jpg
20260527_053115_CAHMSV_006_f009180.jpg,20260527_053115_CAHMSV,006,left,9180,623017,d667462fdef9dc794239c738a559e879,/data/liangzhenghao/face_pii/gt_eval_frames/20260527_053115_CAHMSV_006_f009180.jpg
20260527_053115_CAHMSV_006_f009270.jpg,20260527_053115_CAHMSV,006,left,9270,636764,24ef90656f963516e1bfecbfe35b88b1,/data/liangzhenghao/face_pii/gt_eval_frames/20260527_053115_CAHMSV_006_f009270.jpg
20260527_053115_CAHMSV_006_f009360.jpg,20260527_053115_CAHMSV,006,left,9360,620476,7107cf33f877f136f1dd3dc9792d1f46,/data/liangzhenghao/face_pii/gt_eval_frames/20260527_053115_CAHMSV_006_f009360.jpg
20260527_053115_CAHMSV_006_f009450.jpg,20260527_053115_CAHMSV,006,left,9450,650599,428762dedd4e3c7e439980fe28d74763,/data/liangzhenghao/face_pii/gt_eval_frames/20260527_053115_CAHMSV_006_f009450.jpg
20260527_053115_CAHMSV_006_f009540.jpg,20260527_053115_CAHMSV,006,left,9540,654772,8e5a9815e47732a8967549b17aa7c021,/data/liangzhenghao/face_pii/gt_eval_frames/20260527_053115_CAHMSV_006_f009540.jpg
20260527_053115_CAHMSV_006_f009630.jpg,20260527_053115_CAHMSV,006,left,9630,646735,3a13108c14eef47a63794db4da7de4ab,/data/liangzhenghao/face_pii/gt_eval_frames/20260527_053115_CAHMSV_006_f009630.jpg
20260527_053115_CAHMSV_006_f009720.jpg,20260527_053115_CAHMSV,006,left,9720,696168,24dc76f2dd0637b47d387e4e021dc46b,/data/liangzhenghao/face_pii/gt_eval_frames/20260527_053115_CAHMSV_006_f009720.jpg
20260527_053115_CAHMSV_006_f009810.jpg,20260527_053115_CAHMSV,006,left,9810,675147,85b67bd46fbc625f202752229f61138c,/data/liangzhenghao/face_pii/gt_eval_frames/20260527_053115_CAHMSV_006_f009810.jpg
20260527_053115_CAHMSV_006_f009900.jpg,20260527_053115_CAHMSV,006,left,9900,693234,e2b02de52e9b98f9cefb6a7b33767191,/data/liangzhenghao/face_pii/gt_eval_frames/20260527_053115_CAHMSV_006_f009900.jpg
20260527_053115_CAHMSV_006_f009990.jpg,20260527_053115_CAHMSV,006,left,9990,661232,82d7be582b20082aac4bd0589745e55e,/data/liangzhenghao/face_pii/gt_eval_frames/20260527_053115_CAHMSV_006_f009990.jpg
20260527_053115_CAHMSV_006_f010080.jpg,20260527_053115_CAHMSV,006,left,10080,621204,942a3da4aae18682862223a46ea26c81,/data/liangzhenghao/face_pii/gt_eval_frames/20260527_053115_CAHMSV_006_f010080.jpg
20260527_053115_CAHMSV_006_f010170.jpg,20260527_053115_CAHMSV,006,left,10170,618868,c664388dcb509e822f1ae98a454d19c3,/data/liangzhenghao/face_pii/gt_eval_frames/20260527_053115_CAHMSV_006_f010170.jpg
20260527_053115_CAHMSV_006_f010260.jpg,20260527_053115_CAHMSV,006,left,10260,658314,748d7049a73c8b7cae8650b63e8507cb,/data/liangzhenghao/face_pii/gt_eval_frames/20260527_053115_CAHMSV_006_f010260.jpg
20260527_053115_CAHMSV_006_f010350.jpg,20260527_053115_CAHMSV,006,left,10350,657914,53396173cff8256716c2ea4c2e6d048f,/data/liangzhenghao/face_pii/gt_eval_frames/20260527_053115_CAHMSV_006_f010350.jpg
20260527_053115_CAHMSV_006_f010440.jpg,20260527_053115_CAHMSV,006,left,10440,658569,4e3478659d06edfcc86203f6ed5c7caf,/data/liangzhenghao/face_pii/gt_eval_frames/20260527_053115_CAHMSV_006_f010440.jpg
20260527_053115_CAHMSV_006_f010530.jpg,20260527_053115_CAHMSV,006,left,10530,688201,c0e6344596958d827ac0a3969dd677e9,/data/liangzhenghao/face_pii/gt_eval_frames/20260527_053115_CAHMSV_006_f010530.jpg
20260527_053115_CAHMSV_006_f010620.jpg,20260527_053115_CAHMSV,006,left,10620,670673,abb322bbcfdef3c91bf5cf99371cd85b,/data/liangzhenghao/face_pii/gt_eval_frames/20260527_053115_CAHMSV_006_f010620.jpg
20260527_053115_CAHMSV_006_f010710.jpg,20260527_053115_CAHMSV,006,left,10710,641708,1a887808eb5733bfe99576873fd727dd,/data/liangzhenghao/face_pii/gt_eval_frames/20260527_053115_CAHMSV_006_f010710.jpg
20260527_080636_VVMVWX_001_f000000.jpg,20260527_080636_VVMVWX,001,left,0,584015,ce67968d196a1ebf29f71f637e18e97f,/data/liangzhenghao/face_pii/gt_eval_frames/20260527_080636_VVMVWX_001_f000000.jpg
20260527_080636_VVMVWX_001_f000010.jpg,20260527_080636_VVMVWX,001,left,10,655047,6f142828a08e0088c71eae5b3e0d87cb,/data/liangzhenghao/face_pii/gt_eval_frames/20260527_080636_VVMVWX_001_f000010.jpg
20260527_080636_VVMVWX_001_f000020.jpg,20260527_080636_VVMVWX,001,left,20,669693,e6230b2c425ec9977f8657caece7470e,/data/liangzhenghao/face_pii/gt_eval_frames/20260527_080636_VVMVWX_001_f000020.jpg
20260527_080636_VVMVWX_001_f000030.jpg,20260527_080636_VVMVWX,001,left,30,649242,40faec9e574aae0efe65de24956db7ea,/data/liangzhenghao/face_pii/gt_eval_frames/20260527_080636_VVMVWX_001_f000030.jpg
20260527_080636_VVMVWX_001_f000040.jpg,20260527_080636_VVMVWX,001,left,40,684782,19353dfd7740046e8cf22cc47866fc04,/data/liangzhenghao/face_pii/gt_eval_frames/20260527_080636_VVMVWX_001_f000040.jpg
20260527_080636_VVMVWX_001_f000050.jpg,20260527_080636_VVMVWX,001,left,50,686688,c74bc54f6e860a5012bba74bd5fdebb3,/data/liangzhenghao/face_pii/gt_eval_frames/20260527_080636_VVMVWX_001_f000050.jpg
20260527_080636_VVMVWX_001_f000060.jpg,20260527_080636_VVMVWX,001,left,60,648989,92d3058b66948b3983aa090a06da0d6d,/data/liangzhenghao/face_pii/gt_eval_frames/20260527_080636_VVMVWX_001_f000060.jpg
20260527_080636_VVMVWX_001_f000070.jpg,20260527_080636_VVMVWX,001,left,70,675437,e0dd71440e914b386109a0e9cc89c62a,/data/liangzhenghao/face_pii/gt_eval_frames/20260527_080636_VVMVWX_001_f000070.jpg
20260527_080636_VVMVWX_001_f000080.jpg,20260527_080636_VVMVWX,001,left,80,674750,d772b2fdd9e5ef81aea4683be7b27701,/data/liangzhenghao/face_pii/gt_eval_frames/20260527_080636_VVMVWX_001_f000080.jpg
20260527_080636_VVMVWX_001_f000090.jpg,20260527_080636_VVMVWX,001,left,90,644847,949d1fc7fbfdc97e22a84660726af703,/data/liangzhenghao/face_pii/gt_eval_frames/20260527_080636_VVMVWX_001_f000090.jpg
20260527_080636_VVMVWX_001_f000100.jpg,20260527_080636_VVMVWX,001,left,100,670770,a4a060b41843ab6948404012dc17c327,/data/liangzhenghao/face_pii/gt_eval_frames/20260527_080636_VVMVWX_001_f000100.jpg
20260527_080636_VVMVWX_001_f000110.jpg,20260527_080636_VVMVWX,001,left,110,674588,ffc50a461c24fecb84c2f6638d8dcdd1,/data/liangzhenghao/face_pii/gt_eval_frames/20260527_080636_VVMVWX_001_f000110.jpg
20260527_080636_VVMVWX_001_f000120.jpg,20260527_080636_VVMVWX,001,left,120,661829,bf52d096430aa9216a3a2d3c184040db,/data/liangzhenghao/face_pii/gt_eval_frames/20260527_080636_VVMVWX_001_f000120.jpg
20260527_080636_VVMVWX_001_f000130.jpg,20260527_080636_VVMVWX,001,left,130,688840,ded1a5d3178dc28dcea90e06786984ed,/data/liangzhenghao/face_pii/gt_eval_frames/20260527_080636_VVMVWX_001_f000130.jpg
20260527_080636_VVMVWX_001_f000140.jpg,20260527_080636_VVMVWX,001,left,140,683386,1fdf16c8d59da10e181b65a8f990c497,/data/liangzhenghao/face_pii/gt_eval_frames/20260527_080636_VVMVWX_001_f000140.jpg
20260527_080636_VVMVWX_001_f000150.jpg,20260527_080636_VVMVWX,001,left,150,646405,e0a9092e310b09e6ef2ab6a9e6a09930,/data/liangzhenghao/face_pii/gt_eval_frames/20260527_080636_VVMVWX_001_f000150.jpg
20260527_080636_VVMVWX_001_f000160.jpg,20260527_080636_VVMVWX,001,left,160,594483,3fa739963b6fb715256a876371a2b0f1,/data/liangzhenghao/face_pii/gt_eval_frames/20260527_080636_VVMVWX_001_f000160.jpg
20260527_080636_VVMVWX_001_f000180.jpg,20260527_080636_VVMVWX,001,left,180,585414,cc57136afeda4fff38a50b09ab03197c,/data/liangzhenghao/face_pii/gt_eval_frames/20260527_080636_VVMVWX_001_f000180.jpg
20260527_080636_VVMVWX_001_f000190.jpg,20260527_080636_VVMVWX,001,left,190,597785,b22b2e65b0d2bc45ecdc6ed06c7fb482,/data/liangzhenghao/face_pii/gt_eval_frames/20260527_080636_VVMVWX_001_f000190.jpg
20260527_080636_VVMVWX_001_f000200.jpg,20260527_080636_VVMVWX,001,left,200,616436,e04df6a94eb4068b1f094440b900c60b,/data/liangzhenghao/face_pii/gt_eval_frames/20260527_080636_VVMVWX_001_f000200.jpg
20260527_080636_VVMVWX_001_f000210.jpg,20260527_080636_VVMVWX,001,left,210,604677,3d9c6be63f1b52637cf5070386b6576e,/data/liangzhenghao/face_pii/gt_eval_frames/20260527_080636_VVMVWX_001_f000210.jpg
20260527_080636_VVMVWX_001_f000220.jpg,20260527_080636_VVMVWX,001,left,220,656690,5a68d198290e957ca89e5ca5ff5608aa,/data/liangzhenghao/face_pii/gt_eval_frames/20260527_080636_VVMVWX_001_f000220.jpg
20260527_080636_VVMVWX_001_f000230.jpg,20260527_080636_VVMVWX,001,left,230,670059,478c23b3b971f7f1a749efcd89cad8f2,/data/liangzhenghao/face_pii/gt_eval_frames/20260527_080636_VVMVWX_001_f000230.jpg
20260527_080636_VVMVWX_001_f000240.jpg,20260527_080636_VVMVWX,001,left,240,640241,8b11af8ed1c395d02e4b5d53a4aba7ee,/data/liangzhenghao/face_pii/gt_eval_frames/20260527_080636_VVMVWX_001_f000240.jpg
20260527_080636_VVMVWX_001_f000250.jpg,20260527_080636_VVMVWX,001,left,250,660233,43e88a2808daf20e20b428065c40ed7b,/data/liangzhenghao/face_pii/gt_eval_frames/20260527_080636_VVMVWX_001_f000250.jpg
20260527_080636_VVMVWX_001_f000260.jpg,20260527_080636_VVMVWX,001,left,260,663593,2cd08274c1743732ad97345b56aa772a,/data/liangzhenghao/face_pii/gt_eval_frames/20260527_080636_VVMVWX_001_f000260.jpg
20260527_080636_VVMVWX_001_f000270.jpg,20260527_080636_VVMVWX,001,left,270,645670,778eae0105c10898b3a798196d13b866,/data/liangzhenghao/face_pii/gt_eval_frames/20260527_080636_VVMVWX_001_f000270.jpg
20260527_080636_VVMVWX_001_f000280.jpg,20260527_080636_VVMVWX,001,left,280,655704,79a2386dccfaf7f59250c4f31c66dd31,/data/liangzhenghao/face_pii/gt_eval_frames/20260527_080636_VVMVWX_001_f000280.jpg
20260527_080636_VVMVWX_001_f000290.jpg,20260527_080636_VVMVWX,001,left,290,653167,90d082b3f2c2c6d25751c2f5b07a23c0,/data/liangzhenghao/face_pii/gt_eval_frames/20260527_080636_VVMVWX_001_f000290.jpg
20260527_080636_VVMVWX_001_f000300.jpg,20260527_080636_VVMVWX,001,left,300,630935,99eb2b3d99598cd5b8557897bfa1714c,/data/liangzhenghao/face_pii/gt_eval_frames/20260527_080636_VVMVWX_001_f000300.jpg
20260527_080636_VVMVWX_001_f000310.jpg,20260527_080636_VVMVWX,001,left,310,665338,339289974da98e3a2f29f8844b60364f,/data/liangzhenghao/face_pii/gt_eval_frames/20260527_080636_VVMVWX_001_f000310.jpg
20260527_080636_VVMVWX_001_f000320.jpg,20260527_080636_VVMVWX,001,left,320,680007,a5ddbfc869bdb6cbf31e3e5345c5268d,/data/liangzhenghao/face_pii/gt_eval_frames/20260527_080636_VVMVWX_001_f000320.jpg
20260527_080636_VVMVWX_001_f000330.jpg,20260527_080636_VVMVWX,001,left,330,662684,c25370ae65af09284b2b0ddbf5c2f1de,/data/liangzhenghao/face_pii/gt_eval_frames/20260527_080636_VVMVWX_001_f000330.jpg
20260527_080636_VVMVWX_001_f000340.jpg,20260527_080636_VVMVWX,001,left,340,675438,c3ce6bb0e1facbe62c2cf10980325773,/data/liangzhenghao/face_pii/gt_eval_frames/20260527_080636_VVMVWX_001_f000340.jpg
20260527_080636_VVMVWX_001_f000350.jpg,20260527_080636_VVMVWX,001,left,350,680112,eece0c48a46b78f7daf79b941654f63d,/data/liangzhenghao/face_pii/gt_eval_frames/20260527_080636_VVMVWX_001_f000350.jpg
20260527_080636_VVMVWX_001_f000360.jpg,20260527_080636_VVMVWX,001,left,360,653807,eb5972c9f8525bbfb22872e927d0d719,/data/liangzhenghao/face_pii/gt_eval_frames/20260527_080636_VVMVWX_001_f000360.jpg
20260527_080636_VVMVWX_001_f000370.jpg,20260527_080636_VVMVWX,001,left,370,663161,7c4ee4c017c1a595284f6aa831155b18,/data/liangzhenghao/face_pii/gt_eval_frames/20260527_080636_VVMVWX_001_f000370.jpg
20260527_080636_VVMVWX_001_f000380.jpg,20260527_080636_VVMVWX,001,left,380,540681,ef37f95ae5c3e2eaef7243542248a1cb,/data/liangzhenghao/face_pii/gt_eval_frames/20260527_080636_VVMVWX_001_f000380.jpg
20260527_080636_VVMVWX_001_f000400.jpg,20260527_080636_VVMVWX,001,left,400,576712,603dbf8e9f2374bac0910bc2cb1c893b,/data/liangzhenghao/face_pii/gt_eval_frames/20260527_080636_VVMVWX_001_f000400.jpg
20260527_080636_VVMVWX_001_f000410.jpg,20260527_080636_VVMVWX,001,left,410,635215,71ec234164746f8ac8819344a3db7f76,/data/liangzhenghao/face_pii/gt_eval_frames/20260527_080636_VVMVWX_001_f000410.jpg
20260527_080636_VVMVWX_001_f000420.jpg,20260527_080636_VVMVWX,001,left,420,600107,b7d06475a8ff87275dbd6594cd14b7a6,/data/liangzhenghao/face_pii/gt_eval_frames/20260527_080636_VVMVWX_001_f000420.jpg
20260527_080636_VVMVWX_001_f000430.jpg,20260527_080636_VVMVWX,001,left,430,634642,807650b3c8c7bef5d2fa5e96ba032783,/data/liangzhenghao/face_pii/gt_eval_frames/20260527_080636_VVMVWX_001_f000430.jpg
20260527_080636_VVMVWX_001_f000440.jpg,20260527_080636_VVMVWX,001,left,440,650282,716210fb6cf7eea7f82b5726dd75a9d7,/data/liangzhenghao/face_pii/gt_eval_frames/20260527_080636_VVMVWX_001_f000440.jpg
20260527_080636_VVMVWX_001_f000450.jpg,20260527_080636_VVMVWX,001,left,450,532980,9372d985d95d4dc1bc1cc667fcab91cb,/data/liangzhenghao/face_pii/gt_eval_frames/20260527_080636_VVMVWX_001_f000450.jpg
20260527_080636_VVMVWX_001_f006415.jpg,20260527_080636_VVMVWX,001,left,6415,751099,2c57eed4926a95101300a6eb268055f3,/data/liangzhenghao/face_pii/gt_eval_frames/20260527_080636_VVMVWX_001_f006415.jpg
20260527_080636_VVMVWX_001_f006425.jpg,20260527_080636_VVMVWX,001,left,6425,744548,f27f82a762c2b2df378ab9e82dfb5065,/data/liangzhenghao/face_pii/gt_eval_frames/20260527_080636_VVMVWX_001_f006425.jpg
20260527_080636_VVMVWX_001_f006590.jpg,20260527_080636_VVMVWX,001,left,6590,615245,d4e63be9e33ff6c08c63b739098e70f4,/data/liangzhenghao/face_pii/gt_eval_frames/20260527_080636_VVMVWX_001_f006590.jpg
20260527_080636_VVMVWX_001_f006600.jpg,20260527_080636_VVMVWX,001,left,6600,636631,50a5c8cbd1025aa53ddfb25a34c80eaf,/data/liangzhenghao/face_pii/gt_eval_frames/20260527_080636_VVMVWX_001_f006600.jpg
20260527_080636_VVMVWX_001_f006610.jpg,20260527_080636_VVMVWX,001,left,6610,620596,273b9b07bb5c417f4aae95d24effeab1,/data/liangzhenghao/face_pii/gt_eval_frames/20260527_080636_VVMVWX_001_f006610.jpg
20260527_080636_VVMVWX_001_f006620.jpg,20260527_080636_VVMVWX,001,left,6620,608169,19cd30cb60634b37f41dd2adbd045a66,/data/liangzhenghao/face_pii/gt_eval_frames/20260527_080636_VVMVWX_001_f006620.jpg
20260527_080636_VVMVWX_001_f006630.jpg,20260527_080636_VVMVWX,001,left,6630,580308,a9016975b203cae915486c6bb3efcb83,/data/liangzhenghao/face_pii/gt_eval_frames/20260527_080636_VVMVWX_001_f006630.jpg
20260527_080636_VVMVWX_001_f006645.jpg,20260527_080636_VVMVWX,001,left,6645,617513,28d75acf1d5ccca661fdda5f392c7ce3,/data/liangzhenghao/face_pii/gt_eval_frames/20260527_080636_VVMVWX_001_f006645.jpg
20260527_080636_VVMVWX_001_f006655.jpg,20260527_080636_VVMVWX,001,left,6655,659865,67a5cd6996e85a66a7bc28874d9cda02,/data/liangzhenghao/face_pii/gt_eval_frames/20260527_080636_VVMVWX_001_f006655.jpg
20260527_080636_VVMVWX_001_f006665.jpg,20260527_080636_VVMVWX,001,left,6665,700327,db0d52ef9e39307e484337cd4e059a9f,/data/liangzhenghao/face_pii/gt_eval_frames/20260527_080636_VVMVWX_001_f006665.jpg
20260527_080636_VVMVWX_001_f006675.jpg,20260527_080636_VVMVWX,001,left,6675,721813,1912a3a4cb978d57169c1760b35ba771,/data/liangzhenghao/face_pii/gt_eval_frames/20260527_080636_VVMVWX_001_f006675.jpg
20260527_080636_VVMVWX_001_f006685.jpg,20260527_080636_VVMVWX,001,left,6685,695451,795b6000926d1e23a85a7191ddd13692,/data/liangzhenghao/face_pii/gt_eval_frames/20260527_080636_VVMVWX_001_f006685.jpg
20260527_080636_VVMVWX_001_f006695.jpg,20260527_080636_VVMVWX,001,left,6695,653742,dc66fa4a2d733c94f574e9d01a222cf2,/data/liangzhenghao/face_pii/gt_eval_frames/20260527_080636_VVMVWX_001_f006695.jpg
20260527_080636_VVMVWX_001_f007195.jpg,20260527_080636_VVMVWX,001,left,7195,743962,bf0152ea0b0d87331d9a9c50a8fa07db,/data/liangzhenghao/face_pii/gt_eval_frames/20260527_080636_VVMVWX_001_f007195.jpg
20260527_080636_VVMVWX_001_f007210.jpg,20260527_080636_VVMVWX,001,left,7210,724390,2184b7d65a38d1ff2350e171e8fab1a2,/data/liangzhenghao/face_pii/gt_eval_frames/20260527_080636_VVMVWX_001_f007210.jpg
20260527_080636_VVMVWX_001_f007220.jpg,20260527_080636_VVMVWX,001,left,7220,726088,1b386be07e8a6c545276770f150a8ce1,/data/liangzhenghao/face_pii/gt_eval_frames/20260527_080636_VVMVWX_001_f007220.jpg
20260527_080636_VVMVWX_001_f007700.jpg,20260527_080636_VVMVWX,001,left,7700,632514,721a28dc7d2c9b40ff09f5489ceafefd,/data/liangzhenghao/face_pii/gt_eval_frames/20260527_080636_VVMVWX_001_f007700.jpg
20260527_080636_VVMVWX_001_f007710.jpg,20260527_080636_VVMVWX,001,left,7710,648278,e1cb36525a42640d2124b358776c2d54,/data/liangzhenghao/face_pii/gt_eval_frames/20260527_080636_VVMVWX_001_f007710.jpg
20260527_080636_VVMVWX_001_f007720.jpg,20260527_080636_VVMVWX,001,left,7720,635636,ed67c404358d8d162d2b62fea40b370a,/data/liangzhenghao/face_pii/gt_eval_frames/20260527_080636_VVMVWX_001_f007720.jpg
20260527_080636_VVMVWX_001_f007730.jpg,20260527_080636_VVMVWX,001,left,7730,650086,2cccf7ebb8a74375be770d364dd1e8ed,/data/liangzhenghao/face_pii/gt_eval_frames/20260527_080636_VVMVWX_001_f007730.jpg
20260527_080636_VVMVWX_001_f007745.jpg,20260527_080636_VVMVWX,001,left,7745,640031,dd541f8284ebf93c3bfd5867cea09238,/data/liangzhenghao/face_pii/gt_eval_frames/20260527_080636_VVMVWX_001_f007745.jpg
20260527_080636_VVMVWX_001_f008035.jpg,20260527_080636_VVMVWX,001,left,8035,708465,82dd1a316d2c77e6d658b71419bce5ec,/data/liangzhenghao/face_pii/gt_eval_frames/20260527_080636_VVMVWX_001_f008035.jpg
20260527_080636_VVMVWX_001_f008045.jpg,20260527_080636_VVMVWX,001,left,8045,702228,d952aabda66cd61f4c09ee15af89e396,/data/liangzhenghao/face_pii/gt_eval_frames/20260527_080636_VVMVWX_001_f008045.jpg
20260527_080636_VVMVWX_001_f008060.jpg,20260527_080636_VVMVWX,001,left,8060,691951,aaa3893c54c9c019785a56c8e28e72eb,/data/liangzhenghao/face_pii/gt_eval_frames/20260527_080636_VVMVWX_001_f008060.jpg
20260527_080636_VVMVWX_001_f008280.jpg,20260527_080636_VVMVWX,001,left,8280,640339,db4e9669816a7c6559f7141ad0659154,/data/liangzhenghao/face_pii/gt_eval_frames/20260527_080636_VVMVWX_001_f008280.jpg
20260527_080636_VVMVWX_001_f008290.jpg,20260527_080636_VVMVWX,001,left,8290,663494,f6cb5e288d9452403617fa44dc155489,/data/liangzhenghao/face_pii/gt_eval_frames/20260527_080636_VVMVWX_001_f008290.jpg
20260527_080636_VVMVWX_001_f008300.jpg,20260527_080636_VVMVWX,001,left,8300,660700,9cb72fd970a27fb5630f47f13a13317c,/data/liangzhenghao/face_pii/gt_eval_frames/20260527_080636_VVMVWX_001_f008300.jpg
20260527_080636_VVMVWX_001_f008310.jpg,20260527_080636_VVMVWX,001,left,8310,610454,b22d1ec78adcb57d180fec4e33e348c2,/data/liangzhenghao/face_pii/gt_eval_frames/20260527_080636_VVMVWX_001_f008310.jpg
20260527_080636_VVMVWX_001_f008320.jpg,20260527_080636_VVMVWX,001,left,8320,653593,7d629682c14d452ecac6fdf2ecff6762,/data/liangzhenghao/face_pii/gt_eval_frames/20260527_080636_VVMVWX_001_f008320.jpg
20260527_080636_VVMVWX_001_f008330.jpg,20260527_080636_VVMVWX,001,left,8330,665161,855bdc859811be9fb2a8c8848b3fa671,/data/liangzhenghao/face_pii/gt_eval_frames/20260527_080636_VVMVWX_001_f008330.jpg
20260527_080636_VVMVWX_001_f008340.jpg,20260527_080636_VVMVWX,001,left,8340,629975,88ed1413e9928524dafea5ce69614b2f,/data/liangzhenghao/face_pii/gt_eval_frames/20260527_080636_VVMVWX_001_f008340.jpg
20260527_080636_VVMVWX_001_f008350.jpg,20260527_080636_VVMVWX,001,left,8350,639057,f0f3ab809dad330f2777575a40de5910,/data/liangzhenghao/face_pii/gt_eval_frames/20260527_080636_VVMVWX_001_f008350.jpg
20260527_080636_VVMVWX_001_f008360.jpg,20260527_080636_VVMVWX,001,left,8360,643836,a20f52cc7a6b44d6947fc676b3539a7d,/data/liangzhenghao/face_pii/gt_eval_frames/20260527_080636_VVMVWX_001_f008360.jpg
20260527_080636_VVMVWX_001_f008370.jpg,20260527_080636_VVMVWX,001,left,8370,611672,4d386a05bf89f97c70871e747b5e7159,/data/liangzhenghao/face_pii/gt_eval_frames/20260527_080636_VVMVWX_001_f008370.jpg
20260527_080636_VVMVWX_001_f008380.jpg,20260527_080636_VVMVWX,001,left,8380,621399,9f2add892b921df7328afd363ae13c18,/data/liangzhenghao/face_pii/gt_eval_frames/20260527_080636_VVMVWX_001_f008380.jpg
20260527_080636_VVMVWX_001_f008390.jpg,20260527_080636_VVMVWX,001,left,8390,624801,dd18a8d2240e6908af87dfe25244d52f,/data/liangzhenghao/face_pii/gt_eval_frames/20260527_080636_VVMVWX_001_f008390.jpg
20260527_080636_VVMVWX_001_f008400.jpg,20260527_080636_VVMVWX,001,left,8400,739989,54d89871b8f5be1f699a0107ce8fd90b,/data/liangzhenghao/face_pii/gt_eval_frames/20260527_080636_VVMVWX_001_f008400.jpg
20260527_080636_VVMVWX_001_f008410.jpg,20260527_080636_VVMVWX,001,left,8410,729493,3801c552d055da5fad5713bf28e43ac2,/data/liangzhenghao/face_pii/gt_eval_frames/20260527_080636_VVMVWX_001_f008410.jpg
20260527_080636_VVMVWX_001_f008420.jpg,20260527_080636_VVMVWX,001,left,8420,656453,93532ba57ba9578b9e0e5ea6f14b1013,/data/liangzhenghao/face_pii/gt_eval_frames/20260527_080636_VVMVWX_001_f008420.jpg
20260527_080636_VVMVWX_001_f008430.jpg,20260527_080636_VVMVWX,001,left,8430,543467,09fa26f2480c0f58b760148e60528ab8,/data/liangzhenghao/face_pii/gt_eval_frames/20260527_080636_VVMVWX_001_f008430.jpg
20260527_080636_VVMVWX_001_f008440.jpg,20260527_080636_VVMVWX,001,left,8440,613482,426c2da071c9221c5c0bea0cc651e833,/data/liangzhenghao/face_pii/gt_eval_frames/20260527_080636_VVMVWX_001_f008440.jpg
20260527_080636_VVMVWX_001_f008450.jpg,20260527_080636_VVMVWX,001,left,8450,612818,7d28a377c429e3eb5658bab2efde4f22,/data/liangzhenghao/face_pii/gt_eval_frames/20260527_080636_VVMVWX_001_f008450.jpg
20260527_080636_VVMVWX_001_f008460.jpg,20260527_080636_VVMVWX,001,left,8460,577979,ce814cf80081e4f916557c00e1857b5c,/data/liangzhenghao/face_pii/gt_eval_frames/20260527_080636_VVMVWX_001_f008460.jpg
20260527_080636_VVMVWX_001_f008470.jpg,20260527_080636_VVMVWX,001,left,8470,581264,bfbbe0b88541cc2224db9d1b90c1a9a4,/data/liangzhenghao/face_pii/gt_eval_frames/20260527_080636_VVMVWX_001_f008470.jpg
20260527_080636_VVMVWX_001_f008480.jpg,20260527_080636_VVMVWX,001,left,8480,607176,ad1a4b80f923d643c73030f1bc773b29,/data/liangzhenghao/face_pii/gt_eval_frames/20260527_080636_VVMVWX_001_f008480.jpg
20260527_080636_VVMVWX_001_f008490.jpg,20260527_080636_VVMVWX,001,left,8490,594626,4c4281cde074e50b5e360df018cba94f,/data/liangzhenghao/face_pii/gt_eval_frames/20260527_080636_VVMVWX_001_f008490.jpg
20260527_080636_VVMVWX_001_f008500.jpg,20260527_080636_VVMVWX,001,left,8500,628899,184e30b30a4a95ccf3f6770e7300c617,/data/liangzhenghao/face_pii/gt_eval_frames/20260527_080636_VVMVWX_001_f008500.jpg
20260527_080636_VVMVWX_001_f008510.jpg,20260527_080636_VVMVWX,001,left,8510,632213,ae7d20315ac30c9d933cb1358b6c0245,/data/liangzhenghao/face_pii/gt_eval_frames/20260527_080636_VVMVWX_001_f008510.jpg
20260527_080636_VVMVWX_001_f008520.jpg,20260527_080636_VVMVWX,001,left,8520,614459,2693a40bbaa79f6920475bd8ca56b259,/data/liangzhenghao/face_pii/gt_eval_frames/20260527_080636_VVMVWX_001_f008520.jpg
20260527_080636_VVMVWX_001_f008530.jpg,20260527_080636_VVMVWX,001,left,8530,662108,966f683e78eb02b2ca53c0d5a5543645,/data/liangzhenghao/face_pii/gt_eval_frames/20260527_080636_VVMVWX_001_f008530.jpg
20260527_080636_VVMVWX_001_f008540.jpg,20260527_080636_VVMVWX,001,left,8540,624446,753137d5e964fc1d95e53e072c92f103,/data/liangzhenghao/face_pii/gt_eval_frames/20260527_080636_VVMVWX_001_f008540.jpg
20260527_080636_VVMVWX_001_f008550.jpg,20260527_080636_VVMVWX,001,left,8550,548783,1312d88773fe683070a5f638a68df386,/data/liangzhenghao/face_pii/gt_eval_frames/20260527_080636_VVMVWX_001_f008550.jpg
20260527_080636_VVMVWX_001_f008560.jpg,20260527_080636_VVMVWX,001,left,8560,616986,3ff5f484509ac0dd94d2df31b396e643,/data/liangzhenghao/face_pii/gt_eval_frames/20260527_080636_VVMVWX_001_f008560.jpg
20260527_080636_VVMVWX_001_f008570.jpg,20260527_080636_VVMVWX,001,left,8570,713166,7d9c3ff6937b4808e80634473b5239ca,/data/liangzhenghao/face_pii/gt_eval_frames/20260527_080636_VVMVWX_001_f008570.jpg
20260527_080636_VVMVWX_001_f008580.jpg,20260527_080636_VVMVWX,001,left,8580,709768,99a15be415140f83b7b33a0d7b75c476,/data/liangzhenghao/face_pii/gt_eval_frames/20260527_080636_VVMVWX_001_f008580.jpg
20260527_080636_VVMVWX_001_f008590.jpg,20260527_080636_VVMVWX,001,left,8590,694712,d9543ff445fbb4f9fe00d7ec247e5add,/data/liangzhenghao/face_pii/gt_eval_frames/20260527_080636_VVMVWX_001_f008590.jpg
20260527_080636_VVMVWX_001_f008600.jpg,20260527_080636_VVMVWX,001,left,8600,718626,5c594750ad7d917582b0e3f5ee71c015,/data/liangzhenghao/face_pii/gt_eval_frames/20260527_080636_VVMVWX_001_f008600.jpg
20260527_080636_VVMVWX_001_f008610.jpg,20260527_080636_VVMVWX,001,left,8610,670077,7239a4120c1ee60446b5859cd6be148b,/data/liangzhenghao/face_pii/gt_eval_frames/20260527_080636_VVMVWX_001_f008610.jpg
20260527_080636_VVMVWX_001_f008620.jpg,20260527_080636_VVMVWX,001,left,8620,714574,581287f37826ec9532d4d03102878f81,/data/liangzhenghao/face_pii/gt_eval_frames/20260527_080636_VVMVWX_001_f008620.jpg
20260527_080636_VVMVWX_001_f008630.jpg,20260527_080636_VVMVWX,001,left,8630,686009,c7a8c72fde40325d1dc2a00f1c180a6c,/data/liangzhenghao/face_pii/gt_eval_frames/20260527_080636_VVMVWX_001_f008630.jpg
20260527_080636_VVMVWX_001_f008640.jpg,20260527_080636_VVMVWX,001,left,8640,701834,4b304a08327255c6f6f6927939b03712,/data/liangzhenghao/face_pii/gt_eval_frames/20260527_080636_VVMVWX_001_f008640.jpg
20260527_080636_VVMVWX_001_f008650.jpg,20260527_080636_VVMVWX,001,left,8650,667892,f4a68c1de907d9ebc743a96084dffa6b,/data/liangzhenghao/face_pii/gt_eval_frames/20260527_080636_VVMVWX_001_f008650.jpg
20260527_080636_VVMVWX_001_f008660.jpg,20260527_080636_VVMVWX,001,left,8660,696393,87003c40198905a884961e01fb9dfe42,/data/liangzhenghao/face_pii/gt_eval_frames/20260527_080636_VVMVWX_001_f008660.jpg
20260527_080636_VVMVWX_001_f008670.jpg,20260527_080636_VVMVWX,001,left,8670,647242,5b2f6fbed5573c76f6a5d8315623af4e,/data/liangzhenghao/face_pii/gt_eval_frames/20260527_080636_VVMVWX_001_f008670.jpg
20260527_080636_VVMVWX_001_f008755.jpg,20260527_080636_VVMVWX,001,left,8755,557156,91b2b3091698790e09ffbf73bfc8354d,/data/liangzhenghao/face_pii/gt_eval_frames/20260527_080636_VVMVWX_001_f008755.jpg
20260527_080636_VVMVWX_001_f009015.jpg,20260527_080636_VVMVWX,001,left,9015,603389,eb988f24c8e77724389f86ef4bc6bec1,/data/liangzhenghao/face_pii/gt_eval_frames/20260527_080636_VVMVWX_001_f009015.jpg
20260527_080636_VVMVWX_001_f009025.jpg,20260527_080636_VVMVWX,001,left,9025,619208,f858460d1a6dae76eb99e12366060f41,/data/liangzhenghao/face_pii/gt_eval_frames/20260527_080636_VVMVWX_001_f009025.jpg
20260527_080636_VVMVWX_001_f009035.jpg,20260527_080636_VVMVWX,001,left,9035,596227,9bb570097327e6d2b163e55a5a70d457,/data/liangzhenghao/face_pii/gt_eval_frames/20260527_080636_VVMVWX_001_f009035.jpg
20260527_080636_VVMVWX_001_f009045.jpg,20260527_080636_VVMVWX,001,left,9045,603977,a6092e808abda46b4a705ab940fdd6f2,/data/liangzhenghao/face_pii/gt_eval_frames/20260527_080636_VVMVWX_001_f009045.jpg
20260527_080636_VVMVWX_001_f009450.jpg,20260527_080636_VVMVWX,001,left,9450,652192,f848dd8df27622e64827e7254ee57123,/data/liangzhenghao/face_pii/gt_eval_frames/20260527_080636_VVMVWX_001_f009450.jpg
20260527_080636_VVMVWX_001_f009460.jpg,20260527_080636_VVMVWX,001,left,9460,697211,f289a36d667590d46cfc98759e3706fe,/data/liangzhenghao/face_pii/gt_eval_frames/20260527_080636_VVMVWX_001_f009460.jpg
20260527_080636_VVMVWX_001_f009660.jpg,20260527_080636_VVMVWX,001,left,9660,675655,d6cd8b20dafe9ae01f80c2497805de7c,/data/liangzhenghao/face_pii/gt_eval_frames/20260527_080636_VVMVWX_001_f009660.jpg
20260527_080636_VVMVWX_001_f009670.jpg,20260527_080636_VVMVWX,001,left,9670,692576,d5da8ce8d2f7bd470d2626811ac8e1da,/data/liangzhenghao/face_pii/gt_eval_frames/20260527_080636_VVMVWX_001_f009670.jpg
20260527_080636_VVMVWX_001_f009680.jpg,20260527_080636_VVMVWX,001,left,9680,710143,fa55e9cc446e7a976dd911527b14ac93,/data/liangzhenghao/face_pii/gt_eval_frames/20260527_080636_VVMVWX_001_f009680.jpg
20260527_080636_VVMVWX_001_f009690.jpg,20260527_080636_VVMVWX,001,left,9690,654261,79e4a037338136fd00147d855c844558,/data/liangzhenghao/face_pii/gt_eval_frames/20260527_080636_VVMVWX_001_f009690.jpg
20260527_080636_VVMVWX_001_f009700.jpg,20260527_080636_VVMVWX,001,left,9700,689370,4e2a05cca0028f79e9d9243b48f9ec81,/data/liangzhenghao/face_pii/gt_eval_frames/20260527_080636_VVMVWX_001_f009700.jpg
20260527_082739_BQRAWE_002_f000000.jpg,20260527_082739_BQRAWE,002,left,0,647626,38d63fa3a344c4067b35a7af56a24806,/data/liangzhenghao/face_pii/gt_eval_frames/20260527_082739_BQRAWE_002_f000000.jpg
20260527_082739_BQRAWE_002_f000085.jpg,20260527_082739_BQRAWE,002,left,85,778904,c9ccfdb8c4d6a8287091ed99fc7b0260,/data/liangzhenghao/face_pii/gt_eval_frames/20260527_082739_BQRAWE_002_f000085.jpg
20260527_082739_BQRAWE_002_f000160.jpg,20260527_082739_BQRAWE,002,left,160,755925,e411be2ab71dd3f7a57e558130f4b06a,/data/liangzhenghao/face_pii/gt_eval_frames/20260527_082739_BQRAWE_002_f000160.jpg
20260527_082739_BQRAWE_002_f000235.jpg,20260527_082739_BQRAWE,002,left,235,754300,7713e8c2db24d2272d0b0fb3865b6cb8,/data/liangzhenghao/face_pii/gt_eval_frames/20260527_082739_BQRAWE_002_f000235.jpg
20260527_082739_BQRAWE_002_f000310.jpg,20260527_082739_BQRAWE,002,left,310,760673,aacef7cf48f25107d461bc002d495176,/data/liangzhenghao/face_pii/gt_eval_frames/20260527_082739_BQRAWE_002_f000310.jpg
20260527_082739_BQRAWE_002_f000415.jpg,20260527_082739_BQRAWE,002,left,415,694247,ca5df825e417342622bda800488cac5e,/data/liangzhenghao/face_pii/gt_eval_frames/20260527_082739_BQRAWE_002_f000415.jpg
20260527_082739_BQRAWE_002_f000515.jpg,20260527_082739_BQRAWE,002,left,515,696679,e32dadedded3a9b4bf81e23b2e3b274e,/data/liangzhenghao/face_pii/gt_eval_frames/20260527_082739_BQRAWE_002_f000515.jpg
20260527_082739_BQRAWE_002_f000615.jpg,20260527_082739_BQRAWE,002,left,615,775772,227fad67a17d2bb6ab7f063ccb64b04d,/data/liangzhenghao/face_pii/gt_eval_frames/20260527_082739_BQRAWE_002_f000615.jpg
20260527_082739_BQRAWE_002_f000690.jpg,20260527_082739_BQRAWE,002,left,690,694996,bf83cc671c34fab5ab8b87a2d3efe621,/data/liangzhenghao/face_pii/gt_eval_frames/20260527_082739_BQRAWE_002_f000690.jpg
20260527_082739_BQRAWE_002_f000765.jpg,20260527_082739_BQRAWE,002,left,765,779145,f1fe27ad9bbb263f9eb4bbd80d779963,/data/liangzhenghao/face_pii/gt_eval_frames/20260527_082739_BQRAWE_002_f000765.jpg
20260527_082739_BQRAWE_002_f000850.jpg,20260527_082739_BQRAWE,002,left,850,780499,5acff574c94595f305008d1e530f6f36,/data/liangzhenghao/face_pii/gt_eval_frames/20260527_082739_BQRAWE_002_f000850.jpg
20260527_082739_BQRAWE_002_f000925.jpg,20260527_082739_BQRAWE,002,left,925,781099,53517a7fb09a5abd3ed8a85a547d0e9b,/data/liangzhenghao/face_pii/gt_eval_frames/20260527_082739_BQRAWE_002_f000925.jpg
20260527_082739_BQRAWE_002_f001035.jpg,20260527_082739_BQRAWE,002,left,1035,770299,cb8ad30362d95729fc8df3f29d3080dd,/data/liangzhenghao/face_pii/gt_eval_frames/20260527_082739_BQRAWE_002_f001035.jpg
20260527_082739_BQRAWE_002_f001110.jpg,20260527_082739_BQRAWE,002,left,1110,761044,84a7911d75bdc5072dd2a77d894472f4,/data/liangzhenghao/face_pii/gt_eval_frames/20260527_082739_BQRAWE_002_f001110.jpg
20260527_082739_BQRAWE_002_f001205.jpg,20260527_082739_BQRAWE,002,left,1205,750714,3e372e0af1daa4a989ff7bcca6a588ef,/data/liangzhenghao/face_pii/gt_eval_frames/20260527_082739_BQRAWE_002_f001205.jpg
20260527_082739_BQRAWE_002_f001280.jpg,20260527_082739_BQRAWE,002,left,1280,752301,7478a79f2b31d55adef33319852012c6,/data/liangzhenghao/face_pii/gt_eval_frames/20260527_082739_BQRAWE_002_f001280.jpg
20260527_082739_BQRAWE_002_f001355.jpg,20260527_082739_BQRAWE,002,left,1355,749616,d26bf998b7cffc6d133a83a1a462870d,/data/liangzhenghao/face_pii/gt_eval_frames/20260527_082739_BQRAWE_002_f001355.jpg
20260527_082739_BQRAWE_002_f001430.jpg,20260527_082739_BQRAWE,002,left,1430,753975,565449fe1ac3f32f6bec902b48bf9344,/data/liangzhenghao/face_pii/gt_eval_frames/20260527_082739_BQRAWE_002_f001430.jpg
20260527_082739_BQRAWE_002_f001505.jpg,20260527_082739_BQRAWE,002,left,1505,746879,ead9978c27669ec0854827a61ee72f61,/data/liangzhenghao/face_pii/gt_eval_frames/20260527_082739_BQRAWE_002_f001505.jpg
20260527_082739_BQRAWE_002_f001600.jpg,20260527_082739_BQRAWE,002,left,1600,719122,0d7b9970b0a4a1fdff8276989ef36c57,/data/liangzhenghao/face_pii/gt_eval_frames/20260527_082739_BQRAWE_002_f001600.jpg
20260527_082739_BQRAWE_002_f001710.jpg,20260527_082739_BQRAWE,002,left,1710,735519,29582ded7545791b3791a4963c071e98,/data/liangzhenghao/face_pii/gt_eval_frames/20260527_082739_BQRAWE_002_f001710.jpg
20260527_082739_BQRAWE_002_f001930.jpg,20260527_082739_BQRAWE,002,left,1930,764391,43c5145802de61715e3ce793f844eb3e,/data/liangzhenghao/face_pii/gt_eval_frames/20260527_082739_BQRAWE_002_f001930.jpg
20260527_082739_BQRAWE_002_f002025.jpg,20260527_082739_BQRAWE,002,left,2025,767400,0f8abf0c39b017067ff50441bd42847e,/data/liangzhenghao/face_pii/gt_eval_frames/20260527_082739_BQRAWE_002_f002025.jpg
20260527_082739_BQRAWE_002_f002100.jpg,20260527_082739_BQRAWE,002,left,2100,722797,51d457c916c74864694d018c442be66a,/data/liangzhenghao/face_pii/gt_eval_frames/20260527_082739_BQRAWE_002_f002100.jpg
20260527_082739_BQRAWE_002_f002200.jpg,20260527_082739_BQRAWE,002,left,2200,778258,f946448be1f7ee6eefc6e00833a107ef,/data/liangzhenghao/face_pii/gt_eval_frames/20260527_082739_BQRAWE_002_f002200.jpg
20260527_082739_BQRAWE_002_f002275.jpg,20260527_082739_BQRAWE,002,left,2275,773178,d1caac56b1530125652ce899dd84b75a,/data/liangzhenghao/face_pii/gt_eval_frames/20260527_082739_BQRAWE_002_f002275.jpg
20260527_082739_BQRAWE_002_f002350.jpg,20260527_082739_BQRAWE,002,left,2350,759828,fb7243d99d910038d982a84acbbbbf7e,/data/liangzhenghao/face_pii/gt_eval_frames/20260527_082739_BQRAWE_002_f002350.jpg
20260527_082739_BQRAWE_002_f002425.jpg,20260527_082739_BQRAWE,002,left,2425,763280,cbed3842b6eeca5d7ec471c063b4077c,/data/liangzhenghao/face_pii/gt_eval_frames/20260527_082739_BQRAWE_002_f002425.jpg
20260527_082739_BQRAWE_002_f002500.jpg,20260527_082739_BQRAWE,002,left,2500,771067,a5ea97d3420dc90edc697d29ec0d7cdf,/data/liangzhenghao/face_pii/gt_eval_frames/20260527_082739_BQRAWE_002_f002500.jpg
20260527_082739_BQRAWE_002_f002575.jpg,20260527_082739_BQRAWE,002,left,2575,777924,6914a09951715afafd8385c7af617010,/data/liangzhenghao/face_pii/gt_eval_frames/20260527_082739_BQRAWE_002_f002575.jpg
20260527_082739_BQRAWE_002_f002665.jpg,20260527_082739_BQRAWE,002,left,2665,737458,73d118b32970cd520dc7a89dc8a8339c,/data/liangzhenghao/face_pii/gt_eval_frames/20260527_082739_BQRAWE_002_f002665.jpg
20260527_082739_BQRAWE_002_f002755.jpg,20260527_082739_BQRAWE,002,left,2755,773260,659e8b68c72258846933ba56886c2963,/data/liangzhenghao/face_pii/gt_eval_frames/20260527_082739_BQRAWE_002_f002755.jpg
20260527_082739_BQRAWE_002_f002830.jpg,20260527_082739_BQRAWE,002,left,2830,795194,5611aa8b8e338515edbe663f4d0a55a0,/data/liangzhenghao/face_pii/gt_eval_frames/20260527_082739_BQRAWE_002_f002830.jpg
20260527_082739_BQRAWE_002_f002905.jpg,20260527_082739_BQRAWE,002,left,2905,775730,db353427a4a827978d099d9433a0b1e1,/data/liangzhenghao/face_pii/gt_eval_frames/20260527_082739_BQRAWE_002_f002905.jpg
20260527_082739_BQRAWE_002_f002980.jpg,20260527_082739_BQRAWE,002,left,2980,772962,49d9d6bb18c457beabfa3269869217b0,/data/liangzhenghao/face_pii/gt_eval_frames/20260527_082739_BQRAWE_002_f002980.jpg
20260527_082739_BQRAWE_002_f003055.jpg,20260527_082739_BQRAWE,002,left,3055,785640,87ecfd6e3c874b4b7e1e9d0a274d8f19,/data/liangzhenghao/face_pii/gt_eval_frames/20260527_082739_BQRAWE_002_f003055.jpg
20260527_082739_BQRAWE_002_f003130.jpg,20260527_082739_BQRAWE,002,left,3130,779493,cf97b894b5c6c857c9d6ac0f9c5b9a57,/data/liangzhenghao/face_pii/gt_eval_frames/20260527_082739_BQRAWE_002_f003130.jpg
20260527_082739_BQRAWE_002_f003205.jpg,20260527_082739_BQRAWE,002,left,3205,768122,1465b2e225e17a740c38144b108f74ef,/data/liangzhenghao/face_pii/gt_eval_frames/20260527_082739_BQRAWE_002_f003205.jpg
20260527_082739_BQRAWE_002_f003280.jpg,20260527_082739_BQRAWE,002,left,3280,778437,c50b557ad52f744225d7d840bd6a1525,/data/liangzhenghao/face_pii/gt_eval_frames/20260527_082739_BQRAWE_002_f003280.jpg
20260527_082739_BQRAWE_002_f003355.jpg,20260527_082739_BQRAWE,002,left,3355,770366,6a31ea3893674e3e029d48b8261b4eed,/data/liangzhenghao/face_pii/gt_eval_frames/20260527_082739_BQRAWE_002_f003355.jpg
20260527_082739_BQRAWE_002_f003435.jpg,20260527_082739_BQRAWE,002,left,3435,709471,af12bb8841c415a0080f52022d015367,/data/liangzhenghao/face_pii/gt_eval_frames/20260527_082739_BQRAWE_002_f003435.jpg
20260527_082739_BQRAWE_002_f003535.jpg,20260527_082739_BQRAWE,002,left,3535,761042,40eded0bb4ba7a917af628911e347275,/data/liangzhenghao/face_pii/gt_eval_frames/20260527_082739_BQRAWE_002_f003535.jpg
20260527_082739_BQRAWE_002_f003610.jpg,20260527_082739_BQRAWE,002,left,3610,773191,d4723d8668942df214adf3188d16fb92,/data/liangzhenghao/face_pii/gt_eval_frames/20260527_082739_BQRAWE_002_f003610.jpg
20260527_082739_BQRAWE_002_f003685.jpg,20260527_082739_BQRAWE,002,left,3685,775615,b5852043dad9c81db7562d6c0f132f55,/data/liangzhenghao/face_pii/gt_eval_frames/20260527_082739_BQRAWE_002_f003685.jpg
20260527_082739_BQRAWE_002_f003760.jpg,20260527_082739_BQRAWE,002,left,3760,750953,5bc909cb031cabfa03566bcf547932d4,/data/liangzhenghao/face_pii/gt_eval_frames/20260527_082739_BQRAWE_002_f003760.jpg
20260527_082739_BQRAWE_002_f003835.jpg,20260527_082739_BQRAWE,002,left,3835,746212,3c4c121109bd44b91cefc1a0c553210d,/data/liangzhenghao/face_pii/gt_eval_frames/20260527_082739_BQRAWE_002_f003835.jpg
20260527_082739_BQRAWE_002_f003910.jpg,20260527_082739_BQRAWE,002,left,3910,785950,3f795dece25d4adee2e0bde4af5f4658,/data/liangzhenghao/face_pii/gt_eval_frames/20260527_082739_BQRAWE_002_f003910.jpg
20260527_082739_BQRAWE_002_f003985.jpg,20260527_082739_BQRAWE,002,left,3985,743771,87049c21dcf016681787c2209934c991,/data/liangzhenghao/face_pii/gt_eval_frames/20260527_082739_BQRAWE_002_f003985.jpg
20260527_082739_BQRAWE_002_f004060.jpg,20260527_082739_BQRAWE,002,left,4060,756077,29101eaa5e7e7d950ab68089f95e2fa2,/data/liangzhenghao/face_pii/gt_eval_frames/20260527_082739_BQRAWE_002_f004060.jpg
20260527_082739_BQRAWE_002_f004135.jpg,20260527_082739_BQRAWE,002,left,4135,745246,7d221360a529f538a0b231ebc37edbc9,/data/liangzhenghao/face_pii/gt_eval_frames/20260527_082739_BQRAWE_002_f004135.jpg
20260527_082739_BQRAWE_002_f004210.jpg,20260527_082739_BQRAWE,002,left,4210,750941,eeae01c993697919075f5166e6b180d9,/data/liangzhenghao/face_pii/gt_eval_frames/20260527_082739_BQRAWE_002_f004210.jpg
20260527_082739_BQRAWE_002_f004285.jpg,20260527_082739_BQRAWE,002,left,4285,754584,0e49cf18b452d6e724bbea05276ef3c8,/data/liangzhenghao/face_pii/gt_eval_frames/20260527_082739_BQRAWE_002_f004285.jpg
20260527_082739_BQRAWE_002_f004360.jpg,20260527_082739_BQRAWE,002,left,4360,752009,358688e547d83fe5219746a2fba6023a,/data/liangzhenghao/face_pii/gt_eval_frames/20260527_082739_BQRAWE_002_f004360.jpg
20260527_082739_BQRAWE_002_f004435.jpg,20260527_082739_BQRAWE,002,left,4435,770709,16c5a4dc6c3c2294b00596d019ce5c97,/data/liangzhenghao/face_pii/gt_eval_frames/20260527_082739_BQRAWE_002_f004435.jpg
20260527_082739_BQRAWE_002_f004525.jpg,20260527_082739_BQRAWE,002,left,4525,686550,63c022c49c3b56c51fa4c57b850ba2c3,/data/liangzhenghao/face_pii/gt_eval_frames/20260527_082739_BQRAWE_002_f004525.jpg
20260527_082739_BQRAWE_002_f004600.jpg,20260527_082739_BQRAWE,002,left,4600,776307,b5f8b6225ca87e7c8a1b30fbd421aa98,/data/liangzhenghao/face_pii/gt_eval_frames/20260527_082739_BQRAWE_002_f004600.jpg
20260527_082739_BQRAWE_002_f004675.jpg,20260527_082739_BQRAWE,002,left,4675,734986,78d28f5d8cdbcfc4cacb8f7331debac0,/data/liangzhenghao/face_pii/gt_eval_frames/20260527_082739_BQRAWE_002_f004675.jpg
20260527_082739_BQRAWE_002_f004750.jpg,20260527_082739_BQRAWE,002,left,4750,781785,e52186814a9949819d29d51345886f33,/data/liangzhenghao/face_pii/gt_eval_frames/20260527_082739_BQRAWE_002_f004750.jpg
20260527_082739_BQRAWE_002_f004865.jpg,20260527_082739_BQRAWE,002,left,4865,755660,8e2c087d188d768fd797dc160a49c6d5,/data/liangzhenghao/face_pii/gt_eval_frames/20260527_082739_BQRAWE_002_f004865.jpg
20260527_082739_BQRAWE_002_f004940.jpg,20260527_082739_BQRAWE,002,left,4940,769675,517d5df389a41a6ca479d0cc98c8d786,/data/liangzhenghao/face_pii/gt_eval_frames/20260527_082739_BQRAWE_002_f004940.jpg
20260527_082739_BQRAWE_002_f005015.jpg,20260527_082739_BQRAWE,002,left,5015,759208,1da62ac8ee6d44957b9dd7003c6177c5,/data/liangzhenghao/face_pii/gt_eval_frames/20260527_082739_BQRAWE_002_f005015.jpg
20260527_082739_BQRAWE_002_f005090.jpg,20260527_082739_BQRAWE,002,left,5090,774341,57f973bfc9f8999bef6eec84a6437100,/data/liangzhenghao/face_pii/gt_eval_frames/20260527_082739_BQRAWE_002_f005090.jpg
20260527_082739_BQRAWE_002_f005165.jpg,20260527_082739_BQRAWE,002,left,5165,767267,36e32b3c48169aff16e8f470c12f79be,/data/liangzhenghao/face_pii/gt_eval_frames/20260527_082739_BQRAWE_002_f005165.jpg
20260527_082739_BQRAWE_002_f005240.jpg,20260527_082739_BQRAWE,002,left,5240,789000,a09c42a1747685789b76b043833adf2e,/data/liangzhenghao/face_pii/gt_eval_frames/20260527_082739_BQRAWE_002_f005240.jpg
20260527_082739_BQRAWE_002_f005340.jpg,20260527_082739_BQRAWE,002,left,5340,731407,5ff4b01277de75ee1633fdcdbe33f47c,/data/liangzhenghao/face_pii/gt_eval_frames/20260527_082739_BQRAWE_002_f005340.jpg
20260527_082739_BQRAWE_002_f005415.jpg,20260527_082739_BQRAWE,002,left,5415,730717,53bd08d64505f641cfd961446d4bba1a,/data/liangzhenghao/face_pii/gt_eval_frames/20260527_082739_BQRAWE_002_f005415.jpg
20260527_082739_BQRAWE_002_f005505.jpg,20260527_082739_BQRAWE,002,left,5505,769439,13247fb28d172c4a2cc9aaf809b68270,/data/liangzhenghao/face_pii/gt_eval_frames/20260527_082739_BQRAWE_002_f005505.jpg
20260527_082739_BQRAWE_002_f005590.jpg,20260527_082739_BQRAWE,002,left,5590,770470,bcc51978eac22862465da4f425ffdf02,/data/liangzhenghao/face_pii/gt_eval_frames/20260527_082739_BQRAWE_002_f005590.jpg
20260527_082739_BQRAWE_002_f005690.jpg,20260527_082739_BQRAWE,002,left,5690,774435,6f3b4a4fbd9aa7e8d45ce8dace0121de,/data/liangzhenghao/face_pii/gt_eval_frames/20260527_082739_BQRAWE_002_f005690.jpg
20260527_082739_BQRAWE_002_f005765.jpg,20260527_082739_BQRAWE,002,left,5765,768595,4b1cfa630a10e508952c5875182fc833,/data/liangzhenghao/face_pii/gt_eval_frames/20260527_082739_BQRAWE_002_f005765.jpg
20260527_082739_BQRAWE_002_f005840.jpg,20260527_082739_BQRAWE,002,left,5840,787112,ea1d4a2db7acd1bfffe72882af0ff4df,/data/liangzhenghao/face_pii/gt_eval_frames/20260527_082739_BQRAWE_002_f005840.jpg
20260527_082739_BQRAWE_002_f005915.jpg,20260527_082739_BQRAWE,002,left,5915,711292,059e3fc571cf71ef351fd4d68fb96598,/data/liangzhenghao/face_pii/gt_eval_frames/20260527_082739_BQRAWE_002_f005915.jpg
20260527_082739_BQRAWE_002_f005990.jpg,20260527_082739_BQRAWE,002,left,5990,760971,ac818a241d641c236da5eda499bb9800,/data/liangzhenghao/face_pii/gt_eval_frames/20260527_082739_BQRAWE_002_f005990.jpg
20260527_082739_BQRAWE_002_f006065.jpg,20260527_082739_BQRAWE,002,left,6065,791913,d8b572bf1e6d308cbc75060646cf22bc,/data/liangzhenghao/face_pii/gt_eval_frames/20260527_082739_BQRAWE_002_f006065.jpg
20260527_082739_BQRAWE_002_f006140.jpg,20260527_082739_BQRAWE,002,left,6140,777377,e45aa4bf81dba4c534b4c698258306f6,/data/liangzhenghao/face_pii/gt_eval_frames/20260527_082739_BQRAWE_002_f006140.jpg
20260527_082739_BQRAWE_002_f006215.jpg,20260527_082739_BQRAWE,002,left,6215,754046,b97c16994b8a2f70ee2c4d9c71fa66f7,/data/liangzhenghao/face_pii/gt_eval_frames/20260527_082739_BQRAWE_002_f006215.jpg
20260527_082739_BQRAWE_002_f006290.jpg,20260527_082739_BQRAWE,002,left,6290,760424,f0c54567f8e1529f77d61fde7d5ae836,/data/liangzhenghao/face_pii/gt_eval_frames/20260527_082739_BQRAWE_002_f006290.jpg
20260527_082739_BQRAWE_002_f006365.jpg,20260527_082739_BQRAWE,002,left,6365,757766,f1f4f94a4105b3bbb4a0628cf23b4b53,/data/liangzhenghao/face_pii/gt_eval_frames/20260527_082739_BQRAWE_002_f006365.jpg
20260527_082739_BQRAWE_002_f006440.jpg,20260527_082739_BQRAWE,002,left,6440,819469,6ee489db970068c19a05faf7de0d92ed,/data/liangzhenghao/face_pii/gt_eval_frames/20260527_082739_BQRAWE_002_f006440.jpg
20260527_082739_BQRAWE_002_f006515.jpg,20260527_082739_BQRAWE,002,left,6515,794653,198e6445d2da1f24b3e5456adce0e95b,/data/liangzhenghao/face_pii/gt_eval_frames/20260527_082739_BQRAWE_002_f006515.jpg
20260527_082739_BQRAWE_002_f006590.jpg,20260527_082739_BQRAWE,002,left,6590,798269,f2e8c19263833739974f127b041f7a7f,/data/liangzhenghao/face_pii/gt_eval_frames/20260527_082739_BQRAWE_002_f006590.jpg
20260527_082739_BQRAWE_002_f006665.jpg,20260527_082739_BQRAWE,002,left,6665,778004,9f759d357e72bf85f5ea07a03376843c,/data/liangzhenghao/face_pii/gt_eval_frames/20260527_082739_BQRAWE_002_f006665.jpg
20260527_082739_BQRAWE_002_f006740.jpg,20260527_082739_BQRAWE,002,left,6740,803914,eb0727c115dcc04738777c230de9e375,/data/liangzhenghao/face_pii/gt_eval_frames/20260527_082739_BQRAWE_002_f006740.jpg
20260527_082739_BQRAWE_002_f006830.jpg,20260527_082739_BQRAWE,002,left,6830,730105,454fd2421ff35fc03590a5dae79128b0,/data/liangzhenghao/face_pii/gt_eval_frames/20260527_082739_BQRAWE_002_f006830.jpg
20260527_082739_BQRAWE_002_f006905.jpg,20260527_082739_BQRAWE,002,left,6905,665932,508235f93b4597e070d876036a01fa62,/data/liangzhenghao/face_pii/gt_eval_frames/20260527_082739_BQRAWE_002_f006905.jpg
20260527_082739_BQRAWE_002_f006980.jpg,20260527_082739_BQRAWE,002,left,6980,688628,fe257897eb4b81e42d6cb0eb2c8c1018,/data/liangzhenghao/face_pii/gt_eval_frames/20260527_082739_BQRAWE_002_f006980.jpg
20260527_082739_BQRAWE_002_f007055.jpg,20260527_082739_BQRAWE,002,left,7055,692524,17b7736a5d3b0aac17e28835c3e9c677,/data/liangzhenghao/face_pii/gt_eval_frames/20260527_082739_BQRAWE_002_f007055.jpg
20260527_082739_BQRAWE_002_f007130.jpg,20260527_082739_BQRAWE,002,left,7130,701446,d6df5b6f8afb9420772aa6775f8d3cfc,/data/liangzhenghao/face_pii/gt_eval_frames/20260527_082739_BQRAWE_002_f007130.jpg
20260527_082739_BQRAWE_002_f007205.jpg,20260527_082739_BQRAWE,002,left,7205,699958,506ce8b4edd22405e637bb9c85f50230,/data/liangzhenghao/face_pii/gt_eval_frames/20260527_082739_BQRAWE_002_f007205.jpg
20260527_082739_BQRAWE_002_f007280.jpg,20260527_082739_BQRAWE,002,left,7280,699262,302f9276f82ec22b9039a08793e06e5d,/data/liangzhenghao/face_pii/gt_eval_frames/20260527_082739_BQRAWE_002_f007280.jpg
20260527_082739_BQRAWE_002_f007355.jpg,20260527_082739_BQRAWE,002,left,7355,695444,3dbd935ab0f0c2958a44a0551115320d,/data/liangzhenghao/face_pii/gt_eval_frames/20260527_082739_BQRAWE_002_f007355.jpg
20260527_082739_BQRAWE_002_f007430.jpg,20260527_082739_BQRAWE,002,left,7430,701996,4bbd64c9899d9595196f23849f823214,/data/liangzhenghao/face_pii/gt_eval_frames/20260527_082739_BQRAWE_002_f007430.jpg
20260527_082739_BQRAWE_002_f007505.jpg,20260527_082739_BQRAWE,002,left,7505,698692,d8875c4cbac719db639c794b29581e6c,/data/liangzhenghao/face_pii/gt_eval_frames/20260527_082739_BQRAWE_002_f007505.jpg
20260527_082739_BQRAWE_002_f007580.jpg,20260527_082739_BQRAWE,002,left,7580,698598,98037f83260bace6e9b0202de4af9e1a,/data/liangzhenghao/face_pii/gt_eval_frames/20260527_082739_BQRAWE_002_f007580.jpg
20260527_082739_BQRAWE_002_f007655.jpg,20260527_082739_BQRAWE,002,left,7655,697409,3902cb72ec0952dfdcc215204663a78c,/data/liangzhenghao/face_pii/gt_eval_frames/20260527_082739_BQRAWE_002_f007655.jpg
20260527_082739_BQRAWE_002_f007730.jpg,20260527_082739_BQRAWE,002,left,7730,700042,762fc01e9e1888ae5611f431f64cb756,/data/liangzhenghao/face_pii/gt_eval_frames/20260527_082739_BQRAWE_002_f007730.jpg
20260527_082739_BQRAWE_002_f007805.jpg,20260527_082739_BQRAWE,002,left,7805,699634,1cf1000098df4fdc307093a57a9e2237,/data/liangzhenghao/face_pii/gt_eval_frames/20260527_082739_BQRAWE_002_f007805.jpg
20260527_082739_BQRAWE_002_f007880.jpg,20260527_082739_BQRAWE,002,left,7880,696911,9b316dd431957fbf02055b35c0db91f1,/data/liangzhenghao/face_pii/gt_eval_frames/20260527_082739_BQRAWE_002_f007880.jpg
20260527_082739_BQRAWE_002_f007955.jpg,20260527_082739_BQRAWE,002,left,7955,697895,01c08e119d815142be2d9879e478ca4f,/data/liangzhenghao/face_pii/gt_eval_frames/20260527_082739_BQRAWE_002_f007955.jpg
20260527_082739_BQRAWE_002_f008030.jpg,20260527_082739_BQRAWE,002,left,8030,696778,73859984851dc64eeb2ebd086e35f01f,/data/liangzhenghao/face_pii/gt_eval_frames/20260527_082739_BQRAWE_002_f008030.jpg
20260527_082739_BQRAWE_002_f008105.jpg,20260527_082739_BQRAWE,002,left,8105,697706,8f90fab4e902ef083736ebe894ce97a1,/data/liangzhenghao/face_pii/gt_eval_frames/20260527_082739_BQRAWE_002_f008105.jpg
20260527_082739_BQRAWE_002_f008180.jpg,20260527_082739_BQRAWE,002,left,8180,699110,78569449b7bb778ad24f6f8dae5b401f,/data/liangzhenghao/face_pii/gt_eval_frames/20260527_082739_BQRAWE_002_f008180.jpg
20260527_082739_BQRAWE_002_f008255.jpg,20260527_082739_BQRAWE,002,left,8255,698703,507552b9c5e6fe309e086e795940a8d9,/data/liangzhenghao/face_pii/gt_eval_frames/20260527_082739_BQRAWE_002_f008255.jpg
20260527_082739_BQRAWE_002_f008330.jpg,20260527_082739_BQRAWE,002,left,8330,696939,fd8e28c5647e785145acab4060fb8a56,/data/liangzhenghao/face_pii/gt_eval_frames/20260527_082739_BQRAWE_002_f008330.jpg
20260527_082739_BQRAWE_002_f008405.jpg,20260527_082739_BQRAWE,002,left,8405,701265,30b06aac28f439f339f80d628ba7e69d,/data/liangzhenghao/face_pii/gt_eval_frames/20260527_082739_BQRAWE_002_f008405.jpg
20260527_082739_BQRAWE_002_f008480.jpg,20260527_082739_BQRAWE,002,left,8480,700419,0ee75cbdbd976fd45094be5da4eac7c7,/data/liangzhenghao/face_pii/gt_eval_frames/20260527_082739_BQRAWE_002_f008480.jpg
20260527_082739_BQRAWE_002_f008555.jpg,20260527_082739_BQRAWE,002,left,8555,694942,60e57c2490a97752a837d4460b25aceb,/data/liangzhenghao/face_pii/gt_eval_frames/20260527_082739_BQRAWE_002_f008555.jpg
20260527_082739_BQRAWE_002_f008630.jpg,20260527_082739_BQRAWE,002,left,8630,697710,2891c2bb47c089b930b01b1a9c91280e,/data/liangzhenghao/face_pii/gt_eval_frames/20260527_082739_BQRAWE_002_f008630.jpg
20260527_082739_BQRAWE_002_f008705.jpg,20260527_082739_BQRAWE,002,left,8705,698398,082d3a2e2c321098a8b13b21a0ee5b94,/data/liangzhenghao/face_pii/gt_eval_frames/20260527_082739_BQRAWE_002_f008705.jpg
20260527_082739_BQRAWE_002_f008780.jpg,20260527_082739_BQRAWE,002,left,8780,703899,b1755f930d887284c4eb65aecc7dec1e,/data/liangzhenghao/face_pii/gt_eval_frames/20260527_082739_BQRAWE_002_f008780.jpg
20260527_082739_BQRAWE_002_f008855.jpg,20260527_082739_BQRAWE,002,left,8855,698769,50c7c7293d575078c04678ae21019300,/data/liangzhenghao/face_pii/gt_eval_frames/20260527_082739_BQRAWE_002_f008855.jpg
20260527_082739_BQRAWE_002_f008930.jpg,20260527_082739_BQRAWE,002,left,8930,700994,d689fcc4b6b6b34199ca7482f22a77c9,/data/liangzhenghao/face_pii/gt_eval_frames/20260527_082739_BQRAWE_002_f008930.jpg
20260527_082739_BQRAWE_002_f009005.jpg,20260527_082739_BQRAWE,002,left,9005,697456,216ba92ab1ecb74df2e070f0df6046b8,/data/liangzhenghao/face_pii/gt_eval_frames/20260527_082739_BQRAWE_002_f009005.jpg
20260527_082739_BQRAWE_002_f009080.jpg,20260527_082739_BQRAWE,002,left,9080,702727,bfde3699d5654fd2602bfc9be8fc4814,/data/liangzhenghao/face_pii/gt_eval_frames/20260527_082739_BQRAWE_002_f009080.jpg
20260527_082739_BQRAWE_002_f009155.jpg,20260527_082739_BQRAWE,002,left,9155,700097,589058a1bb8a94b4b03040c88f50fded,/data/liangzhenghao/face_pii/gt_eval_frames/20260527_082739_BQRAWE_002_f009155.jpg
20260527_082739_BQRAWE_002_f009230.jpg,20260527_082739_BQRAWE,002,left,9230,700780,402314c805725d05b44e3d9c4efe9a97,/data/liangzhenghao/face_pii/gt_eval_frames/20260527_082739_BQRAWE_002_f009230.jpg
20260527_082739_BQRAWE_002_f009305.jpg,20260527_082739_BQRAWE,002,left,9305,699650,96b741c1d5beb1b7e2bcff0aae5f3187,/data/liangzhenghao/face_pii/gt_eval_frames/20260527_082739_BQRAWE_002_f009305.jpg
20260527_082739_BQRAWE_002_f009380.jpg,20260527_082739_BQRAWE,002,left,9380,702952,457c2f1d994c2b02492d3ef62b46a192,/data/liangzhenghao/face_pii/gt_eval_frames/20260527_082739_BQRAWE_002_f009380.jpg
20260527_082739_BQRAWE_002_f009455.jpg,20260527_082739_BQRAWE,002,left,9455,695683,8c9af64a70b86b774e5ac2d70d11aad3,/data/liangzhenghao/face_pii/gt_eval_frames/20260527_082739_BQRAWE_002_f009455.jpg
20260527_082739_BQRAWE_002_f009530.jpg,20260527_082739_BQRAWE,002,left,9530,696804,68fb41dc197e2b40bd3e644ba87ff6e2,/data/liangzhenghao/face_pii/gt_eval_frames/20260527_082739_BQRAWE_002_f009530.jpg
20260528_004951_MXZWPD_004_f004735.jpg,20260528_004951_MXZWPD,004,left,4735,728400,f6af38a799e0ec8062c3e6a91e8f5529,/data/liangzhenghao/face_pii/gt_eval_frames/20260528_004951_MXZWPD_004_f004735.jpg
20260528_004951_MXZWPD_004_f004740.jpg,20260528_004951_MXZWPD,004,left,4740,703492,89a66234cee879593b510ca67f824c99,/data/liangzhenghao/face_pii/gt_eval_frames/20260528_004951_MXZWPD_004_f004740.jpg
20260528_004951_MXZWPD_004_f004745.jpg,20260528_004951_MXZWPD,004,left,4745,716755,63447394167704a1eff6c5f98deadb07,/data/liangzhenghao/face_pii/gt_eval_frames/20260528_004951_MXZWPD_004_f004745.jpg
20260528_004951_MXZWPD_004_f004750.jpg,20260528_004951_MXZWPD,004,left,4750,716630,3b4608fb3ad93bf97793bf2b80f20e1b,/data/liangzhenghao/face_pii/gt_eval_frames/20260528_004951_MXZWPD_004_f004750.jpg
20260528_004951_MXZWPD_004_f004755.jpg,20260528_004951_MXZWPD,004,left,4755,724555,508cf0075040ea348cdca7d3be835ccc,/data/liangzhenghao/face_pii/gt_eval_frames/20260528_004951_MXZWPD_004_f004755.jpg
20260528_004951_MXZWPD_004_f004760.jpg,20260528_004951_MXZWPD,004,left,4760,727027,eed2cf7c1eea48527a6f4fecb58ab012,/data/liangzhenghao/face_pii/gt_eval_frames/20260528_004951_MXZWPD_004_f004760.jpg
20260528_004951_MXZWPD_004_f004765.jpg,20260528_004951_MXZWPD,004,left,4765,736161,7eec347a4f5169398ca65bd0af62f097,/data/liangzhenghao/face_pii/gt_eval_frames/20260528_004951_MXZWPD_004_f004765.jpg
20260528_004951_MXZWPD_004_f005780.jpg,20260528_004951_MXZWPD,004,left,5780,725223,692b65e2e39f335f2c46b37272941282,/data/liangzhenghao/face_pii/gt_eval_frames/20260528_004951_MXZWPD_004_f005780.jpg
20260528_004951_MXZWPD_004_f005785.jpg,20260528_004951_MXZWPD,004,left,5785,722844,ea8ac731f2cec1cf1c5587e624a225a0,/data/liangzhenghao/face_pii/gt_eval_frames/20260528_004951_MXZWPD_004_f005785.jpg
20260528_004951_MXZWPD_004_f005790.jpg,20260528_004951_MXZWPD,004,left,5790,705086,3390109feeff922bfe33776f61a49678,/data/liangzhenghao/face_pii/gt_eval_frames/20260528_004951_MXZWPD_004_f005790.jpg
20260528_004951_MXZWPD_004_f005795.jpg,20260528_004951_MXZWPD,004,left,5795,714505,c0a84cb25dfca001f4af5786fe014913,/data/liangzhenghao/face_pii/gt_eval_frames/20260528_004951_MXZWPD_004_f005795.jpg
20260528_004951_MXZWPD_004_f005880.jpg,20260528_004951_MXZWPD,004,left,5880,707533,fbe5b2dd50b17ebb3b25183b919b645e,/data/liangzhenghao/face_pii/gt_eval_frames/20260528_004951_MXZWPD_004_f005880.jpg
20260528_004951_MXZWPD_004_f005885.jpg,20260528_004951_MXZWPD,004,left,5885,723956,4041fb83d68f6c49a7eceeb29a3c29b2,/data/liangzhenghao/face_pii/gt_eval_frames/20260528_004951_MXZWPD_004_f005885.jpg
20260528_004951_MXZWPD_004_f005890.jpg,20260528_004951_MXZWPD,004,left,5890,726092,3cc35907004b88f1db118e8e06b6d5ed,/data/liangzhenghao/face_pii/gt_eval_frames/20260528_004951_MXZWPD_004_f005890.jpg
20260528_004951_MXZWPD_004_f005895.jpg,20260528_004951_MXZWPD,004,left,5895,736317,55ace86254ddb42073ef4a7c4e7d0df1,/data/liangzhenghao/face_pii/gt_eval_frames/20260528_004951_MXZWPD_004_f005895.jpg
20260528_004951_MXZWPD_004_f005900.jpg,20260528_004951_MXZWPD,004,left,5900,743773,d3797e085363787b90e23142c218b38b,/data/liangzhenghao/face_pii/gt_eval_frames/20260528_004951_MXZWPD_004_f005900.jpg
20260528_004951_MXZWPD_004_f005905.jpg,20260528_004951_MXZWPD,004,left,5905,742270,f8438268215232cb32626a88abc16d87,/data/liangzhenghao/face_pii/gt_eval_frames/20260528_004951_MXZWPD_004_f005905.jpg
20260528_004951_MXZWPD_004_f005915.jpg,20260528_004951_MXZWPD,004,left,5915,738225,005fabf3859986f29859755805e4b65c,/data/liangzhenghao/face_pii/gt_eval_frames/20260528_004951_MXZWPD_004_f005915.jpg
20260528_004951_MXZWPD_004_f007385.jpg,20260528_004951_MXZWPD,004,left,7385,697515,229ad2be4b089abc369706677ece6e57,/data/liangzhenghao/face_pii/gt_eval_frames/20260528_004951_MXZWPD_004_f007385.jpg
20260528_004951_MXZWPD_004_f007390.jpg,20260528_004951_MXZWPD,004,left,7390,695934,456ac73b626a5a06607e7294f7d23da0,/data/liangzhenghao/face_pii/gt_eval_frames/20260528_004951_MXZWPD_004_f007390.jpg
20260528_004951_MXZWPD_004_f007395.jpg,20260528_004951_MXZWPD,004,left,7395,699603,8d793f2190f19e2f259061a11d1fe0f7,/data/liangzhenghao/face_pii/gt_eval_frames/20260528_004951_MXZWPD_004_f007395.jpg
20260528_004951_MXZWPD_004_f007400.jpg,20260528_004951_MXZWPD,004,left,7400,700833,242ea3f9ecffc3be7f5b0d5ff17a4d1d,/data/liangzhenghao/face_pii/gt_eval_frames/20260528_004951_MXZWPD_004_f007400.jpg
