image,x1,y1,x2,y2,ignore
20260515_080706_YPFFJB_007_f001070.jpg,1622.4,394.2,1662.7,438.9,0
20260515_080706_YPFFJB_007_f002985.jpg,1687.4,29.3,1730.8,76.9,0
20260515_080706_YPFFJB_007_f002990.jpg,1747.9,79.5,1792.7,131.0,0
20260515_080706_YPFFJB_007_f002995.jpg,1805.7,135.2,1852.5,188.7,0
20260515_080706_YPFFJB_007_f003000.jpg,1866.0,180.1,1913.3,245.5,0
20260515_080706_YPFFJB_007_f003005.jpg,1917.0,223.7,1977.0,294.6,0
20260515_080706_YPFFJB_007_f003010.jpg,1945.2,257.7,2045.2,331.1,0
20260515_080706_YPFFJB_007_f003015.jpg,2004.9,304.0,2087.4,381.1,0
20260515_080706_YPFFJB_007_f007765.jpg,1689.7,23.8,1726.2,64.8,0
20260515_080706_YPFFJB_007_f007770.jpg,1733.5,29.7,1768.7,71.1,0
20260515_080706_YPFFJB_007_f007775.jpg,1774.3,52.2,1808.4,95.2,0
20260515_080706_YPFFJB_007_f007780.jpg,1812.6,76.7,1848.6,124.0,0
20260515_080706_YPFFJB_007_f007785.jpg,1727.7,91.8,1779.5,116.0,0
20260515_080706_YPFFJB_007_f007785.jpg,1823.2,92.2,1898.9,143.7,0
20260515_080706_YPFFJB_007_f007790.jpg,1724.8,82.4,1770.9,103.8,0
20260515_080706_YPFFJB_007_f007790.jpg,1879.6,116.7,1922.0,163.1,0
20260515_080706_YPFFJB_007_f007795.jpg,1729.1,83.2,1781.7,105.2,0
20260515_080706_YPFFJB_007_f007795.jpg,1900.3,137.4,1950.0,188.5,0
20260515_080706_YPFFJB_007_f007800.jpg,1741.0,93.7,1785.9,130.2,0
20260515_080706_YPFFJB_007_f007805.jpg,1752.9,95.4,1794.1,132.7,0
20260515_080706_YPFFJB_007_f007810.jpg,1756.8,96.9,1800.1,138.8,0
20260515_080706_YPFFJB_007_f007815.jpg,1762.7,97.4,1819.9,137.1,0
20260515_080706_YPFFJB_007_f007820.jpg,1759.7,72.6,1817.7,113.7,0
20260515_080706_YPFFJB_007_f007825.jpg,1740.8,58.2,1799.5,82.2,0
20260515_080706_YPFFJB_007_f007830.jpg,1718.6,53.8,1773.0,83.3,0
20260515_080706_YPFFJB_007_f007835.jpg,1689.6,34.3,1744.5,57.9,0
20260515_080706_YPFFJB_007_f007840.jpg,1683.2,20.3,1739.1,45.9,0
20260515_080706_YPFFJB_007_f007850.jpg,1740.0,45.7,1774.2,86.1,0
20260515_080706_YPFFJB_007_f007850.jpg,1830.7,81.8,1879.4,152.0,0
20260515_080706_YPFFJB_007_f007855.jpg,1743.3,41.4,1791.0,112.8,0
20260515_080706_YPFFJB_007_f008535.jpg,168.8,433.5,196.0,473.6,0
20260515_081443_BUXVDW_011_f000000.jpg,1345.3,401.7,1411.2,470.9,0
20260515_081443_BUXVDW_011_f000025.jpg,1379.5,465.9,1441.5,530.3,0
20260515_081443_BUXVDW_011_f000050.jpg,68.7,704.8,134.1,798.0,0
20260515_081443_BUXVDW_011_f000050.jpg,1585.2,696.9,1642.3,762.3,0
20260515_081443_BUXVDW_011_f000075.jpg,701.7,406.2,752.0,483.1,0
20260515_081443_BUXVDW_011_f000100.jpg,98.8,845.7,150.3,931.2,0
20260515_081443_BUXVDW_011_f000100.jpg,1573.5,850.8,1627.4,910.1,0
20260515_081443_BUXVDW_011_f000125.jpg,83.1,886.5,137.9,971.8,0
20260515_081443_BUXVDW_011_f000125.jpg,1541.9,743.7,1595.3,800.0,0
20260515_081443_BUXVDW_011_f000150.jpg,1233.4,765.4,1290.4,820.4,0
20260515_081443_BUXVDW_011_f000175.jpg,1341.8,820.6,1398.3,870.0,0
20260515_081443_BUXVDW_011_f000200.jpg,1249.9,838.0,1309.5,888.3,0
20260515_081443_BUXVDW_011_f000225.jpg,1231.8,717.1,1291.2,768.9,0
20260515_081443_BUXVDW_011_f000250.jpg,1085.1,760.9,1142.4,813.4,0
20260515_081443_BUXVDW_011_f000275.jpg,1058.2,738.2,1119.8,796.7,0
20260515_081443_BUXVDW_011_f000300.jpg,1287.5,432.7,1350.8,493.5,0
20260515_081443_BUXVDW_011_f000325.jpg,1277.6,412.0,1337.9,472.9,0
20260515_081443_BUXVDW_011_f000350.jpg,1237.1,344.0,1300.7,406.3,0
20260515_081443_BUXVDW_011_f000375.jpg,1235.0,360.2,1295.2,420.3,0
20260515_081443_BUXVDW_011_f000400.jpg,1241.8,344.4,1306.0,406.4,0
20260515_081443_BUXVDW_011_f000425.jpg,1229.5,339.1,1295.1,401.8,0
20260515_081443_BUXVDW_011_f000450.jpg,1210.2,339.5,1278.0,401.4,0
20260515_081443_BUXVDW_011_f000475.jpg,1143.7,293.5,1216.1,356.3,0
20260515_081443_BUXVDW_011_f000500.jpg,1264.4,329.5,1333.7,395.7,0
20260515_081443_BUXVDW_011_f000525.jpg,1277.0,449.9,1340.9,505.0,0
20260515_081443_BUXVDW_011_f000550.jpg,1340.1,476.9,1412.7,532.8,0
20260515_081443_BUXVDW_011_f000575.jpg,1381.4,522.1,1448.2,576.9,0
20260515_081443_BUXVDW_011_f000600.jpg,1387.8,509.0,1452.9,562.3,0
20260515_081443_BUXVDW_011_f000625.jpg,1233.6,538.7,1305.2,591.2,0
20260515_081443_BUXVDW_011_f000650.jpg,1172.2,696.8,1242.3,749.1,0
20260515_081443_BUXVDW_011_f000675.jpg,1220.9,636.8,1290.6,691.2,0
20260515_081443_BUXVDW_011_f000700.jpg,1300.5,723.1,1359.4,776.8,0
20260515_081443_BUXVDW_011_f000725.jpg,1338.2,707.1,1394.1,761.4,0
20260515_081443_BUXVDW_011_f000750.jpg,1376.8,761.5,1432.7,813.3,0
20260515_081443_BUXVDW_011_f000775.jpg,1423.8,766.5,1479.7,818.2,0
20260515_081443_BUXVDW_011_f000800.jpg,1409.3,822.7,1466.5,879.0,0
20260515_081443_BUXVDW_011_f000825.jpg,1447.5,816.5,1502.0,869.7,0
20260515_081443_BUXVDW_011_f000850.jpg,1413.0,787.9,1470.8,844.3,0
20260515_081443_BUXVDW_011_f000875.jpg,1407.1,736.4,1463.2,801.0,0
20260515_081443_BUXVDW_011_f000900.jpg,1237.0,488.0,1301.1,540.9,0
20260515_081443_BUXVDW_011_f000925.jpg,1384.4,485.1,1445.0,559.9,0
20260515_081443_BUXVDW_011_f000950.jpg,1158.8,436.8,1202.3,497.5,0
20260515_081443_BUXVDW_011_f000975.jpg,973.0,294.6,1018.8,355.0,0
20260515_081443_BUXVDW_011_f000975.jpg,1288.6,299.2,1315.3,343.3,0
20260515_081443_BUXVDW_011_f001000.jpg,811.6,326.4,884.4,397.6,0
20260515_081443_BUXVDW_011_f001025.jpg,824.3,329.0,890.6,399.8,0
20260515_081443_BUXVDW_011_f001050.jpg,834.1,340.7,898.8,398.5,0
20260515_081443_BUXVDW_011_f001050.jpg,1738.0,371.7,1761.9,412.2,0
20260515_081443_BUXVDW_011_f001075.jpg,873.6,348.1,931.9,394.8,0
20260515_081443_BUXVDW_011_f001100.jpg,832.7,306.1,926.5,361.2,0
20260515_081443_BUXVDW_011_f001125.jpg,847.0,407.0,895.4,458.2,0
20260515_081443_BUXVDW_011_f001150.jpg,992.7,704.9,1037.6,752.4,0
20260515_081443_BUXVDW_011_f001175.jpg,990.0,726.4,1026.5,767.0,0
20260515_081443_BUXVDW_011_f001500.jpg,2135.8,828.1,2168.6,885.2,0
20260515_081443_BUXVDW_011_f001625.jpg,111.1,964.5,159.6,1049.4,0
20260515_081443_BUXVDW_011_f001715.jpg,249.2,658.7,289.3,726.8,0
20260515_081443_BUXVDW_011_f001785.jpg,123.8,802.3,169.8,891.4,0
20260515_081443_BUXVDW_011_f001810.jpg,84.3,794.0,139.6,885.4,0
20260515_081443_BUXVDW_011_f001835.jpg,31.0,863.6,105.6,905.1,0
20260515_081443_BUXVDW_011_f002525.jpg,1725.7,397.4,1749.1,438.3,0
20260515_081443_BUXVDW_011_f002605.jpg,1789.3,452.5,1813.9,492.8,0
20260515_081443_BUXVDW_011_f002630.jpg,1771.7,421.2,1795.9,462.3,0
20260515_081443_BUXVDW_011_f002655.jpg,1820.4,455.8,1846.6,496.0,0
20260515_081443_BUXVDW_011_f002680.jpg,1800.3,464.9,1825.4,507.3,0
20260515_081443_BUXVDW_011_f002705.jpg,1906.6,624.4,1929.7,665.2,0
20260515_081443_BUXVDW_011_f002735.jpg,642.9,381.1,682.0,459.1,0
20260515_081443_BUXVDW_011_f002735.jpg,1674.6,226.9,1709.7,270.8,0
20260515_081443_BUXVDW_011_f002760.jpg,627.0,339.6,676.6,421.4,0
20260515_081443_BUXVDW_011_f002760.jpg,1566.0,149.4,1612.9,206.0,0
20260515_081443_BUXVDW_011_f002785.jpg,369.0,623.3,414.0,706.0,0
20260515_081443_BUXVDW_011_f002785.jpg,1076.2,311.7,1132.6,371.2,0
20260515_081443_BUXVDW_011_f002810.jpg,13.3,884.5,104.1,922.5,0
20260515_081443_BUXVDW_011_f002810.jpg,399.8,533.1,473.7,623.5,0
20260515_081443_BUXVDW_011_f003790.jpg,561.7,290.5,614.1,335.1,0
20260515_081443_BUXVDW_011_f004010.jpg,1353.1,339.5,1380.8,385.7,0
20260515_081443_BUXVDW_011_f004070.jpg,1730.1,327.4,1755.1,370.1,0
20260515_081443_BUXVDW_011_f004240.jpg,1370.4,371.8,1398.1,415.6,0
20260515_081443_BUXVDW_011_f004265.jpg,1406.8,415.4,1435.6,460.4,0
20260515_081443_BUXVDW_011_f004290.jpg,1441.2,411.4,1464.6,452.5,0
20260515_081443_BUXVDW_011_f004315.jpg,1402.7,444.7,1430.4,487.8,0
20260515_081443_BUXVDW_011_f004360.jpg,1334.8,342.6,1360.6,385.3,0
20260515_081443_BUXVDW_011_f004510.jpg,1686.5,264.2,1714.5,306.9,0
20260515_081443_BUXVDW_011_f004590.jpg,1695.4,302.4,1722.5,346.4,0
20260515_081443_BUXVDW_011_f004620.jpg,799.6,316.7,841.1,367.2,0
20260515_081443_BUXVDW_011_f004620.jpg,1762.8,373.9,1790.0,414.0,0
20260515_081443_BUXVDW_011_f004650.jpg,765.1,336.2,796.8,380.8,0
20260515_081443_BUXVDW_011_f004795.jpg,549.8,377.7,596.8,462.0,0
20260515_081443_BUXVDW_011_f004795.jpg,1826.2,206.5,1891.7,273.9,0
20260515_081443_BUXVDW_011_f004820.jpg,284.5,562.9,330.6,653.6,0
20260515_081443_BUXVDW_011_f004820.jpg,1576.0,393.5,1636.1,456.2,0
20260515_081443_BUXVDW_011_f004845.jpg,208.8,720.6,260.9,801.4,0
20260515_081443_BUXVDW_011_f004845.jpg,1494.4,477.4,1556.3,540.6,0
20260515_081443_BUXVDW_011_f004870.jpg,474.2,546.9,528.3,628.5,0
20260515_081443_BUXVDW_011_f004870.jpg,1742.2,362.0,1809.2,436.1,0
20260515_081443_BUXVDW_011_f004895.jpg,450.7,459.5,495.6,544.5,0
20260515_081443_BUXVDW_011_f004895.jpg,1722.8,240.6,1784.4,306.5,0
20260515_081443_BUXVDW_011_f004920.jpg,860.0,342.6,906.8,392.2,0
20260515_081443_BUXVDW_011_f005145.jpg,1710.3,353.7,1736.0,396.1,0
20260515_081443_BUXVDW_011_f005185.jpg,1743.3,405.3,1770.4,448.5,0
20260515_081443_BUXVDW_011_f005370.jpg,1713.7,302.5,1740.2,346.1,0
20260515_081443_BUXVDW_011_f005395.jpg,1748.3,321.4,1773.6,364.0,0
20260515_081443_BUXVDW_011_f005420.jpg,1707.5,283.7,1733.4,324.9,0
20260515_081443_BUXVDW_011_f005445.jpg,1642.3,303.4,1668.4,347.5,0
20260515_081443_BUXVDW_011_f005470.jpg,1640.3,321.1,1666.3,364.5,0
20260515_081443_BUXVDW_011_f005640.jpg,1830.6,485.1,1887.1,506.2,0
20260515_081443_BUXVDW_011_f005745.jpg,589.4,332.6,637.7,413.0,0
20260515_081443_BUXVDW_011_f005770.jpg,538.5,308.2,588.0,395.1,0
20260515_081443_BUXVDW_011_f005795.jpg,580.7,273.1,629.9,359.8,0
20260515_081443_BUXVDW_011_f006955.jpg,2137.1,627.1,2185.1,658.4,0
20260515_081443_BUXVDW_011_f007055.jpg,244.6,364.2,292.3,454.0,0
20260515_081443_BUXVDW_011_f007080.jpg,513.5,388.9,561.9,472.6,0
20260515_081443_BUXVDW_011_f007105.jpg,601.2,436.2,649.4,521.2,0
20260515_081443_BUXVDW_011_f007145.jpg,2104.3,460.6,2139.2,527.3,0
20260515_081443_BUXVDW_011_f007190.jpg,65.9,763.0,118.9,856.3,0
20260515_081443_BUXVDW_011_f007740.jpg,1688.8,283.7,1715.6,325.8,0
20260515_081443_BUXVDW_011_f007765.jpg,1592.1,229.2,1617.7,271.8,0
20260515_081443_BUXVDW_011_f008135.jpg,407.6,441.5,457.3,528.1,0
20260515_081443_BUXVDW_011_f008160.jpg,189.3,561.5,241.4,656.5,0
20260515_081443_BUXVDW_011_f008185.jpg,195.1,715.7,243.2,804.3,0
20260515_081443_BUXVDW_011_f008210.jpg,113.7,715.3,164.4,808.7,0
20260515_081443_BUXVDW_011_f008235.jpg,232.9,659.2,280.8,748.6,0
20260515_081443_BUXVDW_011_f008260.jpg,137.4,705.7,186.0,798.7,0
20260515_081443_BUXVDW_011_f009500.jpg,300.3,548.0,348.8,630.9,0
20260515_081443_BUXVDW_011_f009525.jpg,169.1,637.8,217.8,723.4,0
20260515_081443_BUXVDW_011_f009550.jpg,569.3,282.8,622.8,368.2,0
20260515_081443_BUXVDW_011_f009600.jpg,1660.0,635.0,1698.7,702.5,0
20260515_081443_BUXVDW_011_f009635.jpg,1243.8,697.7,1281.5,740.4,0
20260515_081443_BUXVDW_011_f009635.jpg,1837.0,841.6,1917.4,916.6,0
20260515_081443_BUXVDW_011_f009660.jpg,626.3,712.2,667.3,758.4,0
20260515_081443_BUXVDW_011_f009660.jpg,1154.5,837.6,1252.4,921.0,0
20260515_081443_BUXVDW_011_f009685.jpg,346.7,771.6,389.1,819.2,0
20260515_081443_BUXVDW_011_f009685.jpg,907.1,660.1,945.8,701.4,0
20260515_081443_BUXVDW_011_f009685.jpg,931.6,913.1,1051.2,1008.9,0
20260515_081443_BUXVDW_011_f009710.jpg,395.6,994.8,516.3,1133.8,0
20260515_081443_BUXVDW_011_f009710.jpg,451.0,770.8,518.5,823.9,0
20260515_081443_BUXVDW_011_f009710.jpg,2047.6,634.1,2099.8,691.7,0
20260515_081443_BUXVDW_011_f009735.jpg,1375.9,438.2,1426.0,511.5,0
20260515_081443_BUXVDW_011_f009760.jpg,1254.9,358.1,1318.8,457.6,0
20260515_081812_ANKVQE_002_f000000.jpg,757.6,657.2,822.2,729.6,0
20260515_081812_ANKVQE_002_f000000.jpg,1300.2,669.0,1367.1,738.0,0
20260515_081812_ANKVQE_002_f000000.jpg,1566.1,648.6,1649.8,736.6,0
20260515_081812_ANKVQE_002_f000090.jpg,688.9,643.0,749.4,702.1,0
20260515_081812_ANKVQE_002_f000090.jpg,1245.0,598.0,1315.2,675.8,0
20260515_081812_ANKVQE_002_f000090.jpg,1728.2,650.1,1819.5,738.0,0
20260515_081812_ANKVQE_002_f000180.jpg,596.5,601.2,652.9,684.9,0
20260515_081812_ANKVQE_002_f000180.jpg,1193.1,537.6,1263.0,617.5,0
20260515_081812_ANKVQE_002_f000180.jpg,1554.0,546.0,1625.7,609.7,0
20260515_081812_ANKVQE_002_f000270.jpg,687.4,677.7,757.8,738.7,0
20260515_081812_ANKVQE_002_f000270.jpg,1251.3,607.3,1320.4,677.1,0
20260515_081812_ANKVQE_002_f000270.jpg,1581.8,531.4,1637.9,609.9,0
20260515_081812_ANKVQE_002_f000360.jpg,764.4,615.1,835.4,681.3,0
20260515_081812_ANKVQE_002_f000360.jpg,1330.8,548.9,1402.1,628.0,0
20260515_081812_ANKVQE_002_f000360.jpg,1613.6,526.0,1679.8,594.7,0
20260515_081812_ANKVQE_002_f000450.jpg,687.5,855.1,748.5,913.1,0
20260515_081812_ANKVQE_002_f000450.jpg,1185.2,813.6,1254.7,886.1,0
20260515_081812_ANKVQE_002_f000450.jpg,1533.6,785.7,1594.2,858.1,0
20260515_081812_ANKVQE_002_f000540.jpg,628.2,655.3,696.0,730.8,0
20260515_081812_ANKVQE_002_f000540.jpg,1189.4,607.1,1259.5,685.6,0
20260515_081812_ANKVQE_002_f000540.jpg,1475.2,602.7,1536.1,672.6,0
20260515_081812_ANKVQE_002_f000630.jpg,424.9,563.1,539.3,648.8,0
20260515_081812_ANKVQE_002_f000630.jpg,966.6,536.1,1041.8,624.9,0
20260515_081812_ANKVQE_002_f000630.jpg,1359.3,545.4,1419.7,616.5,0
20260515_081812_ANKVQE_002_f000720.jpg,339.2,601.7,448.9,699.4,0
20260515_081812_ANKVQE_002_f000720.jpg,902.5,487.4,976.6,571.1,0
20260515_081812_ANKVQE_002_f000720.jpg,1222.6,461.7,1289.6,531.3,0
20260515_081812_ANKVQE_002_f000810.jpg,557.6,799.0,627.7,860.4,0
20260515_081812_ANKVQE_002_f000810.jpg,1075.5,648.5,1143.6,723.3,0
20260515_081812_ANKVQE_002_f000810.jpg,1374.2,586.6,1436.9,653.7,0
20260515_081812_ANKVQE_002_f000900.jpg,460.3,609.6,538.6,694.5,0
20260515_081812_ANKVQE_002_f000900.jpg,1051.8,535.5,1126.7,626.3,0
20260515_081812_ANKVQE_002_f000900.jpg,1355.6,533.1,1419.3,606.8,0
20260515_081812_ANKVQE_002_f000990.jpg,620.2,625.9,715.8,725.1,0
20260515_081812_ANKVQE_002_f000990.jpg,1183.2,595.8,1250.7,667.3,0
20260515_081812_ANKVQE_002_f000990.jpg,1600.4,548.2,1646.8,623.1,0
20260515_081812_ANKVQE_002_f001080.jpg,905.7,710.6,966.2,792.5,0
20260515_081812_ANKVQE_002_f001080.jpg,1473.6,733.8,1542.4,810.0,0
20260515_081812_ANKVQE_002_f001080.jpg,1737.1,742.3,1801.6,807.1,0
20260515_081812_ANKVQE_002_f001170.jpg,348.6,824.6,472.6,931.1,0
20260515_081812_ANKVQE_002_f001170.jpg,887.2,717.3,957.8,797.3,0
20260515_081812_ANKVQE_002_f001170.jpg,1188.4,655.0,1254.4,722.9,0
20260515_081812_ANKVQE_002_f001260.jpg,393.6,767.6,455.5,824.7,0
20260515_081812_ANKVQE_002_f001260.jpg,908.8,617.1,977.6,692.0,0
20260515_081812_ANKVQE_002_f001260.jpg,1238.1,554.7,1300.5,626.5,0
20260515_081812_ANKVQE_002_f001350.jpg,383.8,696.9,458.3,776.2,0
20260515_081812_ANKVQE_002_f001350.jpg,898.5,537.4,969.8,617.3,0
20260515_081812_ANKVQE_002_f001350.jpg,1223.8,481.9,1289.4,549.5,0
20260515_081812_ANKVQE_002_f001440.jpg,397.3,712.4,497.3,824.1,0
20260515_081812_ANKVQE_002_f001440.jpg,937.1,600.6,1008.1,675.1,0
20260515_081812_ANKVQE_002_f001440.jpg,1283.4,516.1,1346.6,593.8,0
20260515_081812_ANKVQE_002_f001530.jpg,231.6,744.9,308.0,828.6,0
20260515_081812_ANKVQE_002_f001530.jpg,802.2,667.8,872.6,742.0,0
20260515_081812_ANKVQE_002_f001530.jpg,1118.0,617.2,1178.9,687.3,0
20260515_081812_ANKVQE_002_f001620.jpg,627.1,793.7,695.8,867.8,0
20260515_081812_ANKVQE_002_f001620.jpg,1160.6,769.6,1231.9,848.4,0
20260515_081812_ANKVQE_002_f001620.jpg,1481.6,759.3,1540.8,824.1,0
20260515_081812_ANKVQE_002_f001710.jpg,821.6,536.0,894.2,615.8,0
20260515_081812_ANKVQE_002_f001710.jpg,1475.1,613.9,1559.8,703.0,0
20260515_081812_ANKVQE_002_f001710.jpg,1829.3,668.0,1900.7,752.7,0
20260515_081812_ANKVQE_002_f001800.jpg,738.5,315.1,826.0,407.5,0
20260515_081812_ANKVQE_002_f001800.jpg,1448.2,540.9,1535.3,632.7,0
20260515_081812_ANKVQE_002_f001800.jpg,1815.0,728.9,1883.0,781.9,0
20260515_081812_ANKVQE_002_f001890.jpg,692.8,208.6,780.2,295.0,0
20260515_081812_ANKVQE_002_f001890.jpg,1446.1,381.1,1538.0,475.1,0
20260515_081812_ANKVQE_002_f001890.jpg,1772.9,559.5,1844.8,630.0,0
20260515_081812_ANKVQE_002_f001980.jpg,306.0,461.7,376.9,540.0,0
20260515_081812_ANKVQE_002_f001980.jpg,847.1,443.3,921.4,527.9,0
20260515_081812_ANKVQE_002_f001980.jpg,1244.4,418.6,1324.0,516.3,0
20260515_081812_ANKVQE_002_f002070.jpg,417.6,718.4,485.5,780.9,0
20260515_081812_ANKVQE_002_f002070.jpg,875.4,641.9,948.4,720.2,0
20260515_081812_ANKVQE_002_f002070.jpg,1298.8,585.1,1361.9,666.2,0
20260515_081812_ANKVQE_002_f002160.jpg,671.5,477.4,725.2,558.7,0
20260515_081812_ANKVQE_002_f002160.jpg,1123.6,667.9,1191.4,746.9,0
20260515_081812_ANKVQE_002_f002160.jpg,1473.8,790.0,1534.3,861.9,0
20260515_081812_ANKVQE_002_f002250.jpg,148.3,441.7,237.2,594.2,0
20260515_081812_ANKVQE_002_f002250.jpg,976.5,666.2,1036.8,735.5,0
20260515_081812_ANKVQE_002_f002250.jpg,1497.7,830.4,1563.4,903.8,0
20260515_081812_ANKVQE_002_f002250.jpg,1818.4,916.3,1883.2,993.2,0
20260515_081812_ANKVQE_002_f002340.jpg,417.3,552.9,482.7,615.9,0
20260515_081812_ANKVQE_002_f002340.jpg,959.3,496.6,1028.7,572.9,0
20260515_081812_ANKVQE_002_f002340.jpg,1246.5,501.5,1309.8,566.0,0
20260515_081812_ANKVQE_002_f002430.jpg,717.5,580.7,782.1,640.4,0
20260515_081812_ANKVQE_002_f002430.jpg,1269.6,590.9,1340.9,665.8,0
20260515_081812_ANKVQE_002_f002430.jpg,1563.0,612.5,1624.3,684.1,0
20260515_081812_ANKVQE_002_f002520.jpg,503.2,592.4,576.7,669.5,0
20260515_081812_ANKVQE_002_f002520.jpg,1045.3,566.1,1116.3,647.8,0
20260515_081812_ANKVQE_002_f002520.jpg,1406.3,569.3,1464.3,641.5,0
20260515_081812_ANKVQE_002_f002610.jpg,476.7,553.7,544.1,620.3,0
20260515_081812_ANKVQE_002_f002610.jpg,1064.0,543.7,1137.7,623.4,0
20260515_081812_ANKVQE_002_f002610.jpg,1393.7,572.7,1453.1,641.6,0
20260515_081812_ANKVQE_002_f002700.jpg,201.3,557.9,265.1,642.1,0
20260515_081812_ANKVQE_002_f002700.jpg,729.8,603.3,796.4,677.7,0
20260515_081812_ANKVQE_002_f002700.jpg,1052.7,623.0,1112.4,694.2,0
20260515_081812_ANKVQE_002_f002790.jpg,387.3,556.8,509.9,710.8,0
20260515_081812_ANKVQE_002_f002790.jpg,1281.4,782.0,1340.0,836.6,0
20260515_081812_ANKVQE_002_f002790.jpg,1803.2,897.8,1873.6,978.8,0
20260515_081812_ANKVQE_002_f002790.jpg,2114.3,981.9,2171.2,1052.4,0
20260515_081812_ANKVQE_002_f002880.jpg,632.9,312.7,694.0,390.8,0
20260515_081812_ANKVQE_002_f002880.jpg,1184.8,340.0,1259.6,421.9,0
20260515_081812_ANKVQE_002_f002880.jpg,1517.4,418.6,1583.3,491.7,0
20260515_081812_ANKVQE_002_f002970.jpg,639.2,454.4,713.8,539.3,0
20260515_081812_ANKVQE_002_f002970.jpg,1237.0,477.9,1313.0,560.2,0
20260515_081812_ANKVQE_002_f002970.jpg,1523.6,495.9,1586.8,579.7,0
20260515_081812_ANKVQE_002_f003060.jpg,868.4,793.5,933.6,862.0,0
20260515_081812_ANKVQE_002_f003060.jpg,1427.6,822.3,1493.3,896.8,0
20260515_081812_ANKVQE_002_f003060.jpg,1729.8,815.2,1788.0,895.1,0
20260515_081812_ANKVQE_002_f003150.jpg,673.0,647.0,737.8,707.2,0
20260515_081812_ANKVQE_002_f003150.jpg,1214.0,608.4,1284.7,684.9,0
20260515_081812_ANKVQE_002_f003150.jpg,1527.4,603.3,1588.7,676.4,0
20260515_081812_ANKVQE_002_f003240.jpg,770.2,540.6,841.4,619.6,0
20260515_081812_ANKVQE_002_f003240.jpg,1335.2,582.3,1405.9,658.7,0
20260515_081812_ANKVQE_002_f003240.jpg,1644.8,607.0,1707.9,683.6,0
20260515_081812_ANKVQE_002_f003330.jpg,573.8,529.2,638.5,594.5,0
20260515_081812_ANKVQE_002_f003330.jpg,1130.6,494.7,1202.5,572.6,0
20260515_081812_ANKVQE_002_f003330.jpg,1453.1,500.6,1516.5,573.2,0
20260515_081812_ANKVQE_002_f003420.jpg,760.1,567.4,824.4,625.6,0
20260515_081812_ANKVQE_002_f003420.jpg,1326.6,550.5,1398.1,631.0,0
20260515_081812_ANKVQE_002_f003420.jpg,1641.0,566.0,1703.1,643.2,0
20260515_081812_ANKVQE_002_f003510.jpg,568.4,616.5,635.9,687.0,0
20260515_081812_ANKVQE_002_f003510.jpg,1125.6,564.7,1197.1,643.7,0
20260515_081812_ANKVQE_002_f003510.jpg,1441.4,559.0,1504.0,631.6,0
20260515_081812_ANKVQE_002_f003600.jpg,427.1,560.9,493.7,622.5,0
20260515_081812_ANKVQE_002_f003600.jpg,968.6,603.4,1037.1,678.7,0
20260515_081812_ANKVQE_002_f003600.jpg,1332.9,676.9,1393.0,743.9,0
20260515_081812_ANKVQE_002_f003690.jpg,669.6,618.3,732.0,696.5,0
20260515_081812_ANKVQE_002_f003690.jpg,1187.7,752.2,1250.9,818.8,0
20260515_081812_ANKVQE_002_f003690.jpg,1464.1,834.5,1520.6,886.2,0
20260515_081812_ANKVQE_002_f003780.jpg,550.3,432.2,611.6,495.2,0
20260515_081812_ANKVQE_002_f003780.jpg,1104.2,523.8,1182.4,615.0,0
20260515_081812_ANKVQE_002_f003780.jpg,1388.0,630.2,1446.3,695.8,0
20260515_081812_ANKVQE_002_f003870.jpg,1042.3,626.5,1100.6,700.0,0
20260515_081812_ANKVQE_002_f003870.jpg,1521.9,808.4,1589.6,886.9,0
20260515_081812_ANKVQE_002_f003870.jpg,1773.4,820.9,1850.6,924.3,0
20260515_081812_ANKVQE_002_f003960.jpg,524.0,455.0,589.7,525.1,0
20260515_081812_ANKVQE_002_f003960.jpg,1073.6,476.5,1144.6,552.3,0
20260515_081812_ANKVQE_002_f003960.jpg,1384.5,449.9,1456.3,529.2,0
20260515_081812_ANKVQE_002_f004050.jpg,292.4,542.3,364.3,610.8,0
20260515_081812_ANKVQE_002_f004050.jpg,1172.1,331.7,1264.8,416.0,0
20260515_081812_ANKVQE_002_f004140.jpg,599.9,632.7,661.3,691.5,0
20260515_081812_ANKVQE_002_f004140.jpg,1142.9,573.3,1213.4,648.7,0
20260515_081812_ANKVQE_002_f004140.jpg,1395.8,518.5,1476.4,586.0,0
20260515_081812_ANKVQE_002_f004230.jpg,402.5,633.4,460.5,689.9,0
20260515_081812_ANKVQE_002_f004230.jpg,1173.5,425.2,1249.3,501.1,0
20260515_081812_ANKVQE_002_f004320.jpg,383.7,585.2,447.0,659.1,0
20260515_081812_ANKVQE_002_f004320.jpg,971.7,492.4,1045.4,572.5,0
20260515_081812_ANKVQE_002_f004320.jpg,1338.6,391.4,1412.3,468.4,0
20260515_081812_ANKVQE_002_f004410.jpg,509.6,614.7,569.8,675.8,0
20260515_081812_ANKVQE_002_f004410.jpg,1019.1,523.8,1087.6,599.5,0
20260515_081812_ANKVQE_002_f004410.jpg,1547.9,438.1,1618.6,516.9,0
20260515_081812_ANKVQE_002_f004500.jpg,673.9,547.7,735.2,607.9,0
20260515_081812_ANKVQE_002_f004500.jpg,1144.8,569.2,1212.6,643.9,0
20260515_081812_ANKVQE_002_f004500.jpg,1590.3,584.3,1655.1,652.3,0
20260515_081812_ANKVQE_002_f004590.jpg,1101.3,759.7,1163.4,833.3,0
20260515_081812_ANKVQE_002_f004590.jpg,1627.0,924.5,1697.4,1007.6,0
20260515_081812_ANKVQE_002_f004680.jpg,360.2,555.0,430.3,641.2,0
20260515_081812_ANKVQE_002_f004680.jpg,919.7,579.8,991.0,656.2,0
20260515_081812_ANKVQE_002_f004680.jpg,1298.2,552.0,1365.4,613.6,0
20260515_081812_ANKVQE_002_f004770.jpg,128.6,637.3,196.0,710.2,0
20260515_081812_ANKVQE_002_f004770.jpg,654.0,595.1,721.7,670.4,0
20260515_081812_ANKVQE_002_f004770.jpg,927.1,524.0,997.7,601.2,0
20260515_081812_ANKVQE_002_f004770.jpg,1023.1,141.6,1196.6,437.6,0
20260515_081812_ANKVQE_002_f004860.jpg,324.2,508.1,388.8,582.9,0
20260515_081812_ANKVQE_002_f004860.jpg,863.1,564.8,936.2,643.2,0
20260515_081812_ANKVQE_002_f004860.jpg,1379.3,632.5,1455.9,678.8,0
20260515_081812_ANKVQE_002_f004860.jpg,1488.4,241.7,1649.9,582.0,0
20260515_081812_ANKVQE_002_f004950.jpg,366.4,497.1,431.1,568.4,0
20260515_081812_ANKVQE_002_f004950.jpg,920.2,585.8,988.3,661.7,0
20260515_081812_ANKVQE_002_f004950.jpg,1156.4,459.3,1378.7,781.9,0
20260515_081812_ANKVQE_002_f005040.jpg,430.9,442.9,497.1,520.9,0
20260515_081812_ANKVQE_002_f005040.jpg,984.6,580.4,1053.9,650.6,0
20260515_081812_ANKVQE_002_f005040.jpg,1879.3,465.9,2147.1,828.8,0
20260515_081812_ANKVQE_002_f005040.jpg,1884.0,526.4,2066.0,782.7,0
20260515_081812_ANKVQE_002_f005130.jpg,520.9,544.9,588.9,623.9,0
20260515_081812_ANKVQE_002_f005130.jpg,1081.8,635.4,1150.3,704.9,0
20260515_081812_ANKVQE_002_f005130.jpg,1286.1,569.1,1347.5,640.4,0
20260515_081812_ANKVQE_002_f005130.jpg,1997.3,556.1,2230.4,859.6,0
20260515_081812_ANKVQE_002_f005220.jpg,1012.6,551.3,1078.6,599.7,0
20260515_081812_ANKVQE_002_f005220.jpg,1574.8,674.1,1647.5,747.5,0
20260515_081812_ANKVQE_002_f005220.jpg,1762.6,602.0,1822.4,678.5,0
20260515_081812_ANKVQE_002_f005310.jpg,703.5,476.9,767.1,552.3,0
20260515_081812_ANKVQE_002_f005310.jpg,1294.3,564.7,1366.0,641.7,0
20260515_081812_ANKVQE_002_f005310.jpg,1436.1,513.8,1489.9,575.2,0
20260515_081812_ANKVQE_002_f005400.jpg,539.8,569.8,605.6,633.5,0
20260515_081812_ANKVQE_002_f005400.jpg,1091.6,549.0,1163.3,631.0,0
20260515_081812_ANKVQE_002_f005490.jpg,588.5,499.9,657.1,567.8,0
20260515_081812_ANKVQE_002_f005490.jpg,1180.2,514.1,1249.4,586.8,0
20260515_081812_ANKVQE_002_f005580.jpg,652.3,562.0,701.5,635.2,0
20260515_081812_ANKVQE_002_f005580.jpg,1211.2,564.7,1282.7,640.0,0
20260515_081812_ANKVQE_002_f005670.jpg,503.2,438.5,568.2,510.4,0
20260515_081812_ANKVQE_002_f005670.jpg,1090.9,446.2,1166.3,524.9,0
20260515_081812_ANKVQE_002_f005760.jpg,559.7,442.1,626.5,503.7,0
20260515_081812_ANKVQE_002_f005760.jpg,1117.2,468.5,1191.9,548.5,0
20260515_081812_ANKVQE_002_f005850.jpg,610.4,596.9,671.9,660.3,0
20260515_081812_ANKVQE_002_f005850.jpg,1146.2,697.2,1211.4,763.9,0
20260515_081812_ANKVQE_002_f005940.jpg,960.5,720.7,1025.3,784.8,0
20260515_081812_ANKVQE_002_f005940.jpg,1487.1,882.7,1563.8,967.8,0
20260515_081812_ANKVQE_002_f005940.jpg,1963.4,954.8,2019.4,1028.1,0
20260515_081812_ANKVQE_002_f006030.jpg,194.5,615.6,293.7,754.9,0
20260515_081812_ANKVQE_002_f006030.jpg,1009.3,883.8,1071.3,946.8,0
20260515_081812_ANKVQE_002_f006030.jpg,1547.4,994.6,1609.4,1059.2,0
20260515_081812_ANKVQE_002_f006030.jpg,2097.4,966.9,2153.8,1027.8,0
20260515_081812_ANKVQE_002_f006120.jpg,281.4,316.5,353.3,405.6,0
20260515_081812_ANKVQE_002_f006120.jpg,866.9,307.2,941.6,393.7,0
20260515_081812_ANKVQE_002_f006120.jpg,1384.8,323.3,1447.2,390.4,0
20260515_081812_ANKVQE_002_f006210.jpg,729.9,944.8,789.6,1013.9,0
20260515_081812_ANKVQE_002_f006210.jpg,1233.6,1037.1,1296.1,1104.0,0
20260515_081812_ANKVQE_002_f006210.jpg,1647.0,981.3,1706.2,1033.7,0
20260515_081812_ANKVQE_002_f006300.jpg,650.1,-7.4,738.3,90.7,0
20260515_081812_ANKVQE_002_f006300.jpg,1385.0,-11.6,1483.5,75.9,0
20260515_081812_ANKVQE_002_f006390.jpg,494.7,151.2,583.0,295.2,0
20260515_081812_ANKVQE_002_f006390.jpg,1172.9,19.5,1262.2,120.5,0
20260515_081812_ANKVQE_002_f006480.jpg,491.2,231.0,572.7,331.2,0
20260515_081812_ANKVQE_002_f006480.jpg,1123.5,85.3,1209.9,174.2,0
20260515_081812_ANKVQE_002_f006480.jpg,1773.1,50.2,1845.1,132.6,0
20260515_081812_ANKVQE_002_f006570.jpg,487.3,236.0,568.7,331.8,0
20260515_081812_ANKVQE_002_f006570.jpg,1126.4,53.8,1213.5,148.5,0
20260515_081812_ANKVQE_002_f006660.jpg,523.8,199.7,606.5,292.4,0
20260515_081812_ANKVQE_002_f006660.jpg,1128.5,81.7,1212.4,172.2,0
20260515_081812_ANKVQE_002_f006660.jpg,1790.6,99.2,1846.3,164.2,0
20260515_081812_ANKVQE_002_f006750.jpg,550.8,213.4,614.7,265.2,0
20260515_081812_ANKVQE_002_f006750.jpg,1194.8,97.9,1281.0,188.9,0
20260515_081812_ANKVQE_002_f006840.jpg,579.6,176.6,632.5,257.5,0
20260515_081812_ANKVQE_002_f006840.jpg,1245.2,127.0,1329.5,213.7,0
20260515_081812_ANKVQE_002_f006930.jpg,687.0,180.4,772.9,280.6,0
20260515_081812_ANKVQE_002_f006930.jpg,1368.0,117.1,1451.6,200.6,0
20260515_081812_ANKVQE_002_f007020.jpg,660.8,185.7,798.8,309.8,0
20260515_081812_ANKVQE_002_f007020.jpg,1332.7,111.5,1416.9,195.2,0
20260515_081812_ANKVQE_002_f007110.jpg,439.4,351.5,524.0,469.1,0
20260515_081812_ANKVQE_002_f007110.jpg,1028.4,157.1,1113.4,242.1,0
20260515_081812_ANKVQE_002_f007110.jpg,1717.9,25.0,1802.1,118.5,0
20260515_081812_ANKVQE_002_f007200.jpg,806.3,169.9,887.1,255.0,0
20260515_081812_ANKVQE_002_f007200.jpg,1479.7,196.6,1558.9,278.2,0
20260515_081812_ANKVQE_002_f007290.jpg,584.4,154.9,678.0,237.4,0
20260515_081812_ANKVQE_002_f007290.jpg,1279.0,98.8,1367.5,181.6,0
20260515_081812_ANKVQE_002_f007380.jpg,569.6,117.8,647.5,190.0,0
20260515_081812_ANKVQE_002_f007380.jpg,1226.0,3.1,1314.6,96.6,0
20260515_081812_ANKVQE_002_f007470.jpg,565.6,153.5,643.5,243.8,0
20260515_081812_ANKVQE_002_f007470.jpg,1195.7,133.9,1279.0,222.6,0
20260515_081812_ANKVQE_002_f007470.jpg,1952.1,296.7,2038.0,379.3,0
20260515_081812_ANKVQE_002_f007560.jpg,771.6,483.8,846.7,569.6,0
20260515_081812_ANKVQE_002_f007560.jpg,1310.9,715.4,1419.1,835.8,0
20260515_081812_ANKVQE_002_f007650.jpg,1126.1,145.7,1200.7,238.8,0
20260515_081812_ANKVQE_002_f007650.jpg,1774.3,387.9,1859.4,477.5,0
20260515_081812_ANKVQE_002_f007740.jpg,1028.8,380.1,1101.7,464.5,0
20260515_081812_ANKVQE_002_f007740.jpg,1620.0,518.1,1700.4,603.4,0
20260515_081812_ANKVQE_002_f007830.jpg,625.0,271.4,701.1,330.4,0
20260515_081812_ANKVQE_002_f007830.jpg,1247.4,211.2,1325.4,290.3,0
20260515_081812_ANKVQE_002_f007920.jpg,1089.4,149.8,1151.5,212.9,0
20260515_081812_ANKVQE_002_f007920.jpg,1643.2,292.9,1779.6,412.1,0
20260515_081812_ANKVQE_002_f008010.jpg,250.1,714.7,376.7,881.7,0
20260515_081812_ANKVQE_002_f008010.jpg,1357.7,324.2,1435.6,409.4,0
20260515_081812_ANKVQE_002_f008010.jpg,1979.2,481.2,2057.7,566.2,0
20260515_081812_ANKVQE_002_f008100.jpg,722.4,158.3,795.4,222.2,0
20260515_081812_ANKVQE_002_f008100.jpg,1371.2,126.4,1455.9,208.0,0
20260515_081812_ANKVQE_002_f008190.jpg,633.9,103.6,728.6,180.8,0
20260515_081812_ANKVQE_002_f008190.jpg,1351.5,82.5,1438.8,164.0,0
20260515_081812_ANKVQE_002_f008190.jpg,1949.3,205.3,2015.8,289.3,0
20260515_081812_ANKVQE_002_f008280.jpg,440.0,184.7,531.5,263.9,0
20260515_081812_ANKVQE_002_f008280.jpg,1112.5,94.3,1195.7,175.6,0
20260515_081812_ANKVQE_002_f008370.jpg,932.9,181.3,1003.1,255.5,0
20260515_081812_ANKVQE_002_f008370.jpg,1536.2,279.2,1614.0,368.1,0
20260515_081812_ANKVQE_002_f008460.jpg,703.0,40.9,774.4,112.5,0
20260515_081812_ANKVQE_002_f008460.jpg,1354.1,90.0,1433.4,157.6,0
20260515_081812_ANKVQE_002_f008550.jpg,731.4,290.7,807.8,373.8,0
20260515_081812_ANKVQE_002_f008550.jpg,1327.4,272.1,1407.1,364.1,0
20260515_081812_ANKVQE_002_f008550.jpg,1875.9,372.9,1925.4,432.1,0
20260515_081812_ANKVQE_002_f008640.jpg,640.8,360.7,718.5,419.6,0
20260515_081812_ANKVQE_002_f008640.jpg,1237.4,320.3,1313.1,393.2,0
20260515_081812_ANKVQE_002_f008730.jpg,653.5,309.7,712.3,356.3,0
20260515_081812_ANKVQE_002_f008730.jpg,1244.4,257.2,1316.6,329.1,0
20260515_081812_ANKVQE_002_f008820.jpg,696.2,19.0,821.2,139.1,0
20260515_081812_ANKVQE_002_f008820.jpg,1396.1,26.0,1485.7,109.3,0
20260515_081812_ANKVQE_002_f008910.jpg,1490.0,-32.6,1564.8,43.9,0
20260515_081812_ANKVQE_002_f009115.jpg,1064.9,228.5,1131.1,289.4,0
20260515_081812_ANKVQE_002_f009115.jpg,1661.8,309.3,1740.3,389.3,0
20260515_081812_ANKVQE_002_f009115.jpg,1980.8,380.1,2027.0,441.8,0
20260515_081812_ANKVQE_002_f009205.jpg,1209.1,343.6,1277.4,421.9,0
20260515_081812_ANKVQE_002_f009205.jpg,1506.8,342.0,1570.3,425.5,0
20260515_081812_ANKVQE_002_f009205.jpg,2005.8,542.2,2045.9,591.5,0
20260515_081812_ANKVQE_002_f009295.jpg,790.4,116.7,863.2,168.9,0
20260515_081812_ANKVQE_002_f009295.jpg,1007.9,-23.0,1071.1,61.6,0
20260515_081812_ANKVQE_002_f009295.jpg,1776.6,92.9,1825.6,146.3,0
20260515_081812_ANKVQE_002_f009385.jpg,535.1,151.4,662.1,275.1,0
20260515_081812_ANKVQE_002_f009385.jpg,738.0,13.9,808.5,105.7,0
20260515_081812_ANKVQE_002_f009475.jpg,676.1,88.7,752.2,148.7,0
20260515_081812_ANKVQE_002_f009565.jpg,589.9,84.9,690.4,215.6,0
20260515_081812_ANKVQE_002_f009655.jpg,533.6,77.5,632.1,220.4,0
20260515_081812_ANKVQE_002_f009745.jpg,608.0,173.5,709.0,293.1,0
20260515_081812_ANKVQE_002_f009745.jpg,1112.7,70.7,1197.0,170.1,0
20260515_081812_ANKVQE_002_f009835.jpg,158.8,411.0,207.9,514.7,0
20260515_081812_ANKVQE_002_f009835.jpg,934.3,272.9,986.6,313.7,0
20260515_081812_ANKVQE_002_f009835.jpg,1513.2,291.5,1586.0,374.9,0
20260515_081812_ANKVQE_002_f009925.jpg,1556.7,-28.5,1643.9,64.5,0
20260515_081812_ANKVQE_002_f010045.jpg,1549.9,-37.0,1641.4,71.9,0
20260515_081812_ANKVQE_002_f010135.jpg,682.9,366.2,754.7,433.7,0
20260515_081812_ANKVQE_002_f010135.jpg,1342.4,452.3,1433.5,552.2,0
20260515_081812_ANKVQE_002_f010225.jpg,366.3,778.8,464.6,890.4,0
20260515_081812_ANKVQE_002_f010225.jpg,1135.9,579.8,1186.9,624.4,0
20260515_081812_ANKVQE_002_f010225.jpg,1700.3,574.2,1783.0,664.9,0
20260515_081812_ANKVQE_002_f010315.jpg,457.3,527.9,585.3,690.0,0
20260515_081812_ANKVQE_002_f010315.jpg,1624.4,539.9,1746.5,615.3,0
20260515_081812_ANKVQE_002_f010315.jpg,2131.2,738.9,2198.0,835.3,0
20260515_081812_ANKVQE_002_f010405.jpg,-1.0,538.7,228.9,699.5,0
20260515_081812_ANKVQE_002_f010405.jpg,1889.8,148.5,2041.2,262.3,0
20260515_081812_ANKVQE_002_f010655.jpg,174.9,305.3,287.9,464.3,0
20260515_081812_ANKVQE_002_f010655.jpg,1178.3,315.1,1238.4,360.7,0
20260515_081812_ANKVQE_002_f010655.jpg,1759.7,378.7,1838.5,465.8,0
20260515_081812_ANKVQE_002_f010655.jpg,2066.8,491.8,2170.0,590.2,0
20260515_081812_ANKVQE_002_f010745.jpg,1521.9,436.9,1576.9,508.2,0
20260515_081812_ANKVQE_002_f010745.jpg,2078.1,580.5,2147.5,668.3,0
20260515_081812_ANKVQE_002_f010835.jpg,628.0,253.6,725.5,389.8,0
20260515_081812_ANKVQE_002_f010835.jpg,1529.5,245.1,1595.4,287.4,0
20260515_081812_ANKVQE_002_f010925.jpg,536.4,130.1,646.1,274.2,0
20260515_081812_ANKVQE_002_f010925.jpg,1589.8,295.5,1656.6,341.7,0
20260515_081812_ANKVQE_002_f011015.jpg,179.7,500.2,300.5,623.0,0
20260515_081812_ANKVQE_002_f011015.jpg,1080.4,644.9,1144.8,692.1,0
20260515_081812_ANKVQE_002_f011015.jpg,1640.2,735.3,1711.9,814.0,0
20260515_081812_ANKVQE_002_f011015.jpg,2017.5,850.3,2058.8,903.1,0
20260525_003136_UEAUME_018_f000000.jpg,252.8,231.3,369.6,329.6,0
20260525_003136_UEAUME_018_f000090.jpg,514.3,372.6,565.4,426.6,0
20260525_003136_UEAUME_018_f000180.jpg,308.1,617.7,354.2,654.0,0
20260525_003136_UEAUME_018_f000270.jpg,286.1,541.4,413.5,631.4,0
20260525_003136_UEAUME_018_f000360.jpg,778.0,168.2,837.5,221.6,0
20260525_003136_UEAUME_018_f000450.jpg,980.3,165.5,1042.1,225.5,0
20260525_003136_UEAUME_018_f000540.jpg,1054.8,211.5,1151.4,294.0,0
20260525_003136_UEAUME_018_f000630.jpg,205.6,474.7,313.5,647.8,0
20260525_003136_UEAUME_018_f000630.jpg,352.2,331.9,399.0,365.4,0
20260525_003136_UEAUME_018_f000630.jpg,1367.8,384.6,1424.7,448.7,0
20260525_003136_UEAUME_018_f000720.jpg,729.2,382.3,785.7,442.8,0
20260525_003136_UEAUME_018_f000810.jpg,553.5,286.6,613.7,336.0,0
20260525_003136_UEAUME_018_f000900.jpg,471.6,566.0,532.6,614.8,0
20260525_003136_UEAUME_018_f000990.jpg,548.8,231.1,606.2,289.0,0
20260525_003136_UEAUME_018_f001080.jpg,657.3,160.4,718.1,224.0,0
20260525_003136_UEAUME_018_f001170.jpg,319.5,322.0,373.3,374.8,0
20260525_003136_UEAUME_018_f001260.jpg,675.8,395.1,802.6,476.0,0
20260525_003136_UEAUME_018_f001350.jpg,622.4,253.6,680.2,311.6,0
20260525_003136_UEAUME_018_f001540.jpg,581.7,275.5,645.5,340.9,0
20260525_003136_UEAUME_018_f001635.jpg,1954.8,714.0,2092.2,950.9,0
20260525_003136_UEAUME_018_f001730.jpg,622.5,97.3,678.7,150.0,0
20260525_003136_UEAUME_018_f001820.jpg,601.7,147.0,657.7,202.2,0
20260525_003136_UEAUME_018_f001910.jpg,381.6,737.9,486.1,831.2,0
20260525_003136_UEAUME_018_f002000.jpg,187.7,886.8,237.6,933.7,0
20260525_003136_UEAUME_018_f002000.jpg,1998.5,665.8,2201.1,924.0,0
20260525_003136_UEAUME_018_f002090.jpg,857.5,752.5,913.6,803.9,0
20260525_003136_UEAUME_018_f002190.jpg,1844.7,645.6,2061.8,952.7,0
20260525_003136_UEAUME_018_f002290.jpg,432.8,434.5,486.4,489.3,0
20260525_003136_UEAUME_018_f002380.jpg,568.3,355.0,622.0,410.4,0
20260525_003136_UEAUME_018_f002470.jpg,731.0,240.5,835.2,310.4,0
20260525_003136_UEAUME_018_f002560.jpg,690.6,213.7,790.6,271.7,0
20260525_003136_UEAUME_018_f002650.jpg,287.0,302.5,388.4,401.6,0
20260525_003136_UEAUME_018_f002740.jpg,488.6,362.5,541.1,421.0,0
20260525_003136_UEAUME_018_f002830.jpg,429.5,222.9,535.7,282.2,0
20260525_003136_UEAUME_018_f002920.jpg,417.0,187.7,518.5,240.7,0
20260525_003136_UEAUME_018_f003010.jpg,536.4,307.2,598.5,375.7,0
20260525_003136_UEAUME_018_f003100.jpg,976.7,325.3,1030.1,386.4,0
20260525_003136_UEAUME_018_f003190.jpg,606.7,496.3,662.5,557.9,0
20260525_003136_UEAUME_018_f003285.jpg,1687.5,824.4,1838.7,1030.0,0
20260525_003136_UEAUME_018_f003375.jpg,1679.4,675.4,1824.8,930.9,0
20260525_003136_UEAUME_018_f003465.jpg,731.0,284.3,841.0,377.0,0
20260525_003136_UEAUME_018_f003555.jpg,751.2,343.2,805.4,391.4,0
20260525_003136_UEAUME_018_f003645.jpg,718.4,250.9,828.7,313.9,0
20260525_003136_UEAUME_018_f003735.jpg,694.6,391.8,752.1,446.8,0
20260525_003136_UEAUME_018_f003825.jpg,693.6,167.6,751.2,233.1,0
20260525_003136_UEAUME_018_f003915.jpg,94.6,664.8,192.2,846.1,0
20260525_003136_UEAUME_018_f003915.jpg,178.0,490.6,238.9,591.7,0
20260525_003136_UEAUME_018_f003915.jpg,1132.8,360.0,1254.7,431.9,0
20260525_003136_UEAUME_018_f004005.jpg,61.8,739.9,162.2,903.2,0
20260525_003136_UEAUME_018_f004005.jpg,159.3,541.2,219.0,650.8,0
20260525_003136_UEAUME_018_f004005.jpg,1109.5,405.9,1201.5,473.0,0
20260525_003136_UEAUME_018_f004095.jpg,853.5,380.5,949.3,441.1,0
20260525_003136_UEAUME_018_f004095.jpg,1538.3,292.2,1590.2,353.5,0
20260525_003136_UEAUME_018_f004185.jpg,851.6,280.9,902.6,335.3,0
20260525_003136_UEAUME_018_f004185.jpg,1472.0,442.7,1533.8,502.4,0
20260525_003136_UEAUME_018_f004275.jpg,730.2,203.5,787.6,252.1,0
20260525_003136_UEAUME_018_f004275.jpg,1396.7,52.0,1472.2,140.6,0
20260525_003136_UEAUME_018_f004365.jpg,552.9,201.2,665.9,288.5,0
20260525_003136_UEAUME_018_f004365.jpg,1215.7,76.5,1292.2,158.0,0
20260525_003136_UEAUME_018_f004455.jpg,332.6,726.6,455.8,895.2,0
20260525_003136_UEAUME_018_f004455.jpg,1270.8,774.8,1381.4,836.5,0
20260525_003136_UEAUME_018_f004455.jpg,1686.2,780.1,1806.2,813.7,0
20260525_003136_UEAUME_018_f004545.jpg,566.2,248.5,672.2,325.2,0
20260525_003136_UEAUME_018_f004545.jpg,1087.9,174.2,1157.8,252.9,0
20260525_003136_UEAUME_018_f004635.jpg,470.6,296.3,533.7,365.4,0
20260525_003136_UEAUME_018_f004635.jpg,752.6,223.0,806.0,282.9,0
20260525_003136_UEAUME_018_f004635.jpg,1916.8,697.9,2072.0,932.8,0
20260525_003136_UEAUME_018_f004725.jpg,592.4,164.2,648.1,220.7,0
20260525_003136_UEAUME_018_f004725.jpg,1058.7,101.0,1128.6,170.5,0
20260525_003136_UEAUME_018_f004725.jpg,1393.3,80.3,1441.3,130.1,0
20260525_003136_UEAUME_018_f004815.jpg,540.4,164.7,603.0,244.4,0
20260525_003136_UEAUME_018_f004815.jpg,880.6,157.5,927.4,209.0,0
20260525_003136_UEAUME_018_f004815.jpg,1795.7,685.9,1910.1,891.4,0
20260525_003136_UEAUME_018_f004905.jpg,514.4,237.6,574.9,299.7,0
20260525_003136_UEAUME_018_f004905.jpg,992.4,195.7,1059.0,269.1,0
20260525_003136_UEAUME_018_f004905.jpg,1294.0,177.4,1347.1,229.6,0
20260525_003136_UEAUME_018_f004995.jpg,636.8,439.8,693.4,502.0,0
20260525_003136_UEAUME_018_f004995.jpg,1063.0,393.9,1121.3,456.6,0
20260525_003136_UEAUME_018_f004995.jpg,1333.4,342.1,1380.3,394.7,0
20260525_003136_UEAUME_018_f005085.jpg,645.8,272.6,705.4,326.1,0
20260525_003136_UEAUME_018_f005085.jpg,1117.5,219.8,1185.6,296.4,0
20260525_003136_UEAUME_018_f005085.jpg,1415.2,200.2,1467.0,255.2,0
20260525_003136_UEAUME_018_f005175.jpg,273.9,605.7,325.9,661.3,0
20260525_003136_UEAUME_018_f005175.jpg,672.7,511.2,735.2,586.5,0
20260525_003136_UEAUME_018_f005175.jpg,979.7,413.4,1030.2,479.4,0
20260525_003136_UEAUME_018_f005175.jpg,2035.2,753.0,2189.8,976.7,0
20260525_003136_UEAUME_018_f005265.jpg,681.6,454.9,747.0,526.5,0
20260525_003136_UEAUME_018_f005265.jpg,1045.4,365.6,1110.7,441.4,0
20260525_003136_UEAUME_018_f005265.jpg,1437.9,263.3,1486.0,322.4,0
20260525_003136_UEAUME_018_f005355.jpg,884.9,192.0,938.8,243.0,0
20260525_003136_UEAUME_018_f005355.jpg,1312.4,218.4,1373.2,286.6,0
20260525_003136_UEAUME_018_f005445.jpg,1112.1,150.7,1169.7,205.0,0
20260525_003136_UEAUME_018_f005445.jpg,1520.8,255.7,1576.8,318.9,0
20260525_003136_UEAUME_018_f005535.jpg,1131.4,118.0,1190.6,175.7,0
20260525_003136_UEAUME_018_f005535.jpg,1568.7,235.0,1624.4,302.0,0
20260525_003136_UEAUME_018_f005625.jpg,1578.0,221.8,1639.5,288.2,0
20260525_003136_UEAUME_018_f005715.jpg,1453.3,199.3,1512.2,260.2,0
20260525_003136_UEAUME_018_f005805.jpg,701.0,383.7,759.4,442.8,0
20260525_003136_UEAUME_018_f005805.jpg,1129.6,309.6,1196.5,379.5,0
20260525_003136_UEAUME_018_f005895.jpg,213.9,811.6,289.5,900.3,0
20260525_003136_UEAUME_018_f005895.jpg,537.1,541.8,610.0,601.6,0
20260525_003136_UEAUME_018_f005985.jpg,278.3,554.0,344.9,631.9,0
20260525_003136_UEAUME_018_f005985.jpg,1871.5,618.8,2027.9,865.5,0
20260525_003136_UEAUME_018_f006075.jpg,292.5,424.5,354.9,498.0,0
20260525_003136_UEAUME_018_f006075.jpg,1993.3,762.1,2166.1,958.5,0
20260525_003136_UEAUME_018_f006165.jpg,655.4,263.2,714.9,295.2,0
20260525_003136_UEAUME_018_f006165.jpg,977.7,293.8,1037.6,351.5,0
20260525_003136_UEAUME_018_f006165.jpg,1380.2,198.9,1446.8,273.1,0
20260525_003136_UEAUME_018_f006255.jpg,79.9,547.7,143.5,616.5,0
20260525_003136_UEAUME_018_f006255.jpg,1906.2,562.8,2038.5,805.3,0
20260525_003136_UEAUME_018_f006345.jpg,314.3,427.5,371.3,477.7,0
20260525_003136_UEAUME_018_f006345.jpg,721.9,207.6,800.5,286.5,0
20260525_003136_UEAUME_018_f006435.jpg,242.8,416.1,301.0,480.3,0
20260525_003136_UEAUME_018_f006435.jpg,641.7,280.9,710.5,350.0,0
20260525_003136_UEAUME_018_f006525.jpg,317.6,552.2,362.5,612.7,0
20260525_003136_UEAUME_018_f006525.jpg,674.3,332.5,745.6,399.0,0
20260525_003136_UEAUME_018_f006615.jpg,245.3,340.5,303.5,399.9,0
20260525_003136_UEAUME_018_f006615.jpg,708.5,187.9,776.3,261.1,0
20260525_003136_UEAUME_018_f006705.jpg,272.1,330.3,320.9,379.2,0
20260525_003136_UEAUME_018_f006705.jpg,678.0,206.6,748.5,281.7,0
20260525_003136_UEAUME_018_f006705.jpg,2053.4,685.8,2229.0,776.3,0
20260525_003136_UEAUME_018_f006795.jpg,309.2,201.0,364.9,264.4,0
20260525_003136_UEAUME_018_f006795.jpg,770.2,104.5,841.8,178.2,0
20260525_003136_UEAUME_018_f006885.jpg,354.3,187.9,414.4,255.8,0
20260525_003136_UEAUME_018_f006885.jpg,823.2,115.3,892.0,188.3,0
20260525_003136_UEAUME_018_f006885.jpg,2044.9,749.9,2250.5,838.0,0
20260525_003136_UEAUME_018_f006975.jpg,228.1,678.7,280.1,785.6,0
20260525_003136_UEAUME_018_f006975.jpg,512.1,383.7,597.1,445.1,0
20260525_003136_UEAUME_018_f007065.jpg,218.7,410.0,259.2,457.5,0
20260525_003136_UEAUME_018_f007065.jpg,452.9,452.0,571.9,512.3,0
20260525_003136_UEAUME_018_f007065.jpg,878.0,357.6,940.3,423.4,0
20260525_003136_UEAUME_018_f007155.jpg,60.0,629.3,130.9,712.9,0
20260525_003136_UEAUME_018_f007155.jpg,1313.4,734.2,1478.1,950.9,0
20260525_003136_UEAUME_018_f007245.jpg,509.3,81.7,555.1,141.6,0
20260525_003136_UEAUME_018_f007245.jpg,817.2,216.9,879.7,281.7,0
20260525_003136_UEAUME_018_f007245.jpg,1274.2,345.2,1332.5,402.1,0
20260525_003136_UEAUME_018_f007335.jpg,177.4,540.3,239.6,614.4,0
20260525_003136_UEAUME_018_f007335.jpg,1608.8,573.4,1784.4,835.4,0
20260525_003136_UEAUME_018_f007425.jpg,1457.4,607.6,1661.0,873.2,0
20260525_003136_UEAUME_018_f007515.jpg,387.8,367.0,448.1,426.8,0
20260525_003136_UEAUME_018_f007515.jpg,847.4,310.7,912.0,384.0,0
20260525_003136_UEAUME_018_f007605.jpg,733.8,318.0,794.5,378.0,0
20260525_003136_UEAUME_018_f007605.jpg,1226.5,304.1,1290.3,374.5,0
20260525_003136_UEAUME_018_f007695.jpg,599.4,334.8,653.6,391.5,0
20260525_003136_UEAUME_018_f007695.jpg,1054.5,266.8,1116.2,335.3,0
20260525_003136_UEAUME_018_f007785.jpg,657.1,222.9,720.3,282.9,0
20260525_003136_UEAUME_018_f007785.jpg,1068.3,119.3,1143.4,211.3,0
20260525_003136_UEAUME_018_f007875.jpg,125.3,560.5,259.2,754.8,0
20260525_003136_UEAUME_018_f007875.jpg,277.1,400.1,366.7,480.1,0
20260525_003136_UEAUME_018_f007875.jpg,1262.9,402.0,1316.7,455.4,0
20260525_003136_UEAUME_018_f007875.jpg,1729.4,410.8,1788.6,474.6,0
20260525_003136_UEAUME_018_f007965.jpg,119.1,588.2,222.4,779.2,0
20260525_003136_UEAUME_018_f007965.jpg,206.3,422.0,311.8,497.7,0
20260525_003136_UEAUME_018_f007965.jpg,1252.3,338.7,1308.7,397.1,0
20260525_003136_UEAUME_018_f007965.jpg,1646.4,277.8,1716.7,361.8,0
20260525_003136_UEAUME_018_f008055.jpg,571.6,529.7,625.4,577.6,0
20260525_003136_UEAUME_018_f008055.jpg,989.8,392.8,1057.1,465.9,0
20260525_003136_UEAUME_018_f008145.jpg,549.5,279.6,601.5,330.4,0
20260525_003136_UEAUME_018_f008145.jpg,986.9,188.0,1052.1,259.7,0
20260525_003136_UEAUME_018_f008235.jpg,401.7,205.3,463.3,278.5,0
20260525_003136_UEAUME_018_f008235.jpg,869.5,113.2,935.1,179.0,0
20260525_003136_UEAUME_018_f008325.jpg,434.6,258.8,550.8,343.1,0
20260525_003136_UEAUME_018_f008325.jpg,923.9,190.9,988.1,263.2,0
20260525_003136_UEAUME_018_f008415.jpg,353.6,311.2,412.1,372.1,0
20260525_003136_UEAUME_018_f008415.jpg,783.8,186.3,846.2,255.7,0
20260525_003136_UEAUME_018_f008505.jpg,309.8,531.8,359.8,583.7,0
20260525_003136_UEAUME_018_f008505.jpg,697.7,405.5,757.3,472.0,0
20260525_003136_UEAUME_018_f008595.jpg,288.7,460.1,349.4,531.6,0
20260525_003136_UEAUME_018_f008595.jpg,1625.7,716.2,1771.6,944.2,0
20260525_003136_UEAUME_018_f008685.jpg,549.7,150.2,603.8,205.1,0
20260525_003136_UEAUME_018_f008685.jpg,939.7,106.2,1006.2,174.0,0
20260525_003136_UEAUME_018_f008775.jpg,534.7,95.1,599.8,156.7,0
20260525_003136_UEAUME_018_f008775.jpg,986.0,32.9,1059.2,108.8,0
20260525_003136_UEAUME_018_f008865.jpg,492.7,85.6,558.5,154.3,0
20260525_003136_UEAUME_018_f008960.jpg,817.7,125.2,888.5,195.4,0
20260525_003136_UEAUME_018_f008960.jpg,1256.1,206.8,1321.1,281.6,0
20260525_003136_UEAUME_018_f008960.jpg,1462.0,255.6,1505.6,295.8,0
20260525_003136_UEAUME_018_f009050.jpg,1019.7,243.7,1088.7,312.9,0
20260525_003136_UEAUME_018_f009140.jpg,494.4,210.6,553.7,278.6,0
20260525_003136_UEAUME_018_f009140.jpg,934.2,141.3,997.5,207.8,0
20260525_003136_UEAUME_018_f009230.jpg,278.7,466.2,335.4,515.7,0
20260525_003136_UEAUME_018_f009230.jpg,708.1,275.1,776.3,346.9,0
20260525_003136_UEAUME_018_f009320.jpg,746.4,162.6,854.8,206.4,0
20260525_003136_UEAUME_018_f009320.jpg,1195.2,326.1,1258.5,387.9,0
20260525_003136_UEAUME_018_f009410.jpg,827.2,271.9,935.9,311.9,0
20260525_003136_UEAUME_018_f009410.jpg,1269.2,281.9,1326.5,336.6,0
20260525_003136_UEAUME_018_f009500.jpg,528.1,275.6,635.3,349.9,0
20260525_003136_UEAUME_018_f009500.jpg,959.6,190.7,1026.0,254.1,0
20260525_003136_UEAUME_018_f009590.jpg,518.1,405.9,626.5,499.1,0
20260525_003136_UEAUME_018_f009590.jpg,965.7,290.3,1035.1,354.8,0
20260525_003136_UEAUME_018_f009680.jpg,539.1,225.6,599.0,282.5,0
20260525_003136_UEAUME_018_f009680.jpg,988.6,104.1,1060.3,175.6,0
20260525_003136_UEAUME_018_f009770.jpg,500.5,234.9,554.1,297.1,0
20260525_003136_UEAUME_018_f009770.jpg,960.8,207.3,1024.5,277.3,0
20260525_003136_UEAUME_018_f009860.jpg,553.6,48.8,660.2,90.3,0
20260525_003136_UEAUME_018_f009860.jpg,1031.2,75.1,1096.6,146.1,0
20260525_003136_UEAUME_018_f009950.jpg,528.8,173.3,594.7,225.2,0
20260525_003136_UEAUME_018_f009950.jpg,1867.9,828.0,1998.0,1047.3,0
20260525_003136_UEAUME_018_f010040.jpg,1068.9,31.2,1136.5,98.8,0
20260525_003136_UEAUME_018_f010130.jpg,479.8,491.5,542.4,551.7,0
20260525_003136_UEAUME_018_f010130.jpg,944.7,383.3,1007.0,451.0,0
20260525_003136_UEAUME_018_f010220.jpg,943.3,642.3,993.3,691.4,0
20260525_003136_UEAUME_018_f010220.jpg,1364.7,658.9,1422.5,723.6,0
20260525_003136_UEAUME_018_f010310.jpg,1051.0,467.8,1105.7,524.3,0
20260525_003136_UEAUME_018_f010310.jpg,1460.5,457.5,1518.3,524.5,0
20260525_003136_UEAUME_018_f010400.jpg,787.7,194.4,849.7,252.6,0
20260525_003136_UEAUME_018_f010400.jpg,1190.3,181.2,1340.9,235.6,0
20260525_003136_UEAUME_018_f010490.jpg,822.2,184.3,876.7,251.1,0
20260525_003136_UEAUME_018_f010490.jpg,1276.7,242.1,1331.9,306.3,0
20260525_003136_UEAUME_018_f010580.jpg,697.2,109.3,758.7,171.4,0
20260525_003136_UEAUME_018_f010580.jpg,1169.2,44.4,1236.0,117.6,0
20260525_003136_UEAUME_018_f010670.jpg,695.2,48.2,757.3,107.0,0
20260525_003136_UEAUME_018_f010670.jpg,1158.8,17.3,1223.7,85.2,0
20260525_003136_UEAUME_018_f010760.jpg,448.1,279.4,508.7,336.7,0
20260525_003136_UEAUME_018_f010760.jpg,923.8,181.8,986.4,243.3,0
20260525_003136_UEAUME_018_f010850.jpg,462.1,234.4,577.7,321.8,0
20260525_003136_UEAUME_018_f010850.jpg,968.0,155.9,1034.6,224.5,0
20260525_070046_WKKNGQ_007_f000060.jpg,62.7,768.6,155.7,878.2,0
20260525_070046_WKKNGQ_007_f000065.jpg,178.1,753.8,257.1,860.0,0
20260525_070046_WKKNGQ_007_f000070.jpg,379.8,739.2,470.2,846.2,0
20260525_070046_WKKNGQ_007_f000075.jpg,174.3,840.0,241.5,916.9,0
20260525_070046_WKKNGQ_007_f000075.jpg,639.1,730.9,737.4,833.1,0
20260525_070046_WKKNGQ_007_f000080.jpg,383.6,822.8,448.9,890.3,0
20260525_070046_WKKNGQ_007_f000080.jpg,856.5,719.8,945.1,823.9,0
20260525_070046_WKKNGQ_007_f000085.jpg,459.6,809.9,528.5,878.5,0
20260525_070046_WKKNGQ_007_f000085.jpg,932.8,705.5,1011.3,806.6,0
20260525_070046_WKKNGQ_007_f000085.jpg,1416.7,1324.0,1575.9,1380.0,0
20260525_070046_WKKNGQ_007_f000090.jpg,502.8,813.9,571.5,881.9,0
20260525_070046_WKKNGQ_007_f000090.jpg,962.6,690.6,1041.5,792.9,0
20260525_070046_WKKNGQ_007_f000090.jpg,1479.1,1309.4,1603.6,1432.1,0
20260525_070046_WKKNGQ_007_f000095.jpg,496.5,828.5,561.3,897.2,0
20260525_070046_WKKNGQ_007_f000095.jpg,941.0,703.2,1017.0,801.3,0
20260525_070046_WKKNGQ_007_f000100.jpg,429.7,845.9,500.3,914.4,0
20260525_070046_WKKNGQ_007_f000100.jpg,859.6,723.9,942.7,826.1,0
20260525_070046_WKKNGQ_007_f000105.jpg,303.8,861.0,371.2,926.8,0
20260525_070046_WKKNGQ_007_f000105.jpg,727.1,739.6,807.3,838.2,0
20260525_070046_WKKNGQ_007_f000110.jpg,148.1,864.9,215.9,928.2,0
20260525_070046_WKKNGQ_007_f000110.jpg,565.3,722.8,648.8,828.6,0
20260525_070046_WKKNGQ_007_f000115.jpg,300.9,731.6,390.0,851.8,0
20260525_070046_WKKNGQ_007_f001555.jpg,271.8,522.4,331.2,609.2,0
20260525_070046_WKKNGQ_007_f001560.jpg,599.0,554.8,650.2,638.3,0
20260525_070046_WKKNGQ_007_f001565.jpg,723.4,556.0,774.9,638.7,0
20260525_070046_WKKNGQ_007_f001570.jpg,386.6,371.9,429.9,449.7,0
20260525_070046_WKKNGQ_007_f001690.jpg,536.6,344.7,597.3,424.9,0
20260525_070046_WKKNGQ_007_f001695.jpg,883.8,523.7,940.2,596.7,0
20260525_070046_WKKNGQ_007_f001700.jpg,198.6,580.9,236.4,632.9,0
20260525_070046_WKKNGQ_007_f001700.jpg,1006.9,583.1,1063.0,656.8,0
20260525_070046_WKKNGQ_007_f001705.jpg,361.0,581.7,395.5,628.7,0
20260525_070046_WKKNGQ_007_f001705.jpg,1141.6,612.5,1202.4,687.5,0
20260525_070046_WKKNGQ_007_f001710.jpg,584.5,574.3,621.6,626.1,0
20260525_070046_WKKNGQ_007_f001710.jpg,1338.9,666.5,1391.3,739.8,0
20260525_070046_WKKNGQ_007_f001715.jpg,662.9,573.0,703.8,625.9,0
20260525_070046_WKKNGQ_007_f001715.jpg,1378.0,668.0,1435.3,744.0,0
20260525_070046_WKKNGQ_007_f001720.jpg,546.2,565.4,585.8,619.2,0
20260525_070046_WKKNGQ_007_f001720.jpg,1238.7,608.3,1298.8,685.1,0
20260525_070046_WKKNGQ_007_f001725.jpg,170.6,514.8,213.2,578.9,0
20260525_070046_WKKNGQ_007_f001725.jpg,861.8,518.3,920.0,595.2,0
20260525_070046_WKKNGQ_007_f001730.jpg,676.4,476.5,737.2,555.8,0
20260525_070046_WKKNGQ_007_f001735.jpg,423.1,398.5,481.5,482.0,0
20260525_070046_WKKNGQ_007_f001740.jpg,194.1,300.1,254.2,374.4,0
20260525_070046_WKKNGQ_007_f001770.jpg,695.9,549.1,733.9,606.1,0
20260525_070046_WKKNGQ_007_f001775.jpg,740.5,606.3,774.8,651.9,0
20260525_070046_WKKNGQ_007_f001780.jpg,793.8,633.1,826.8,681.1,0
20260525_070046_WKKNGQ_007_f001785.jpg,829.2,645.4,863.4,689.9,0
20260525_070046_WKKNGQ_007_f001790.jpg,129.9,513.1,197.8,615.5,0
20260525_070046_WKKNGQ_007_f001795.jpg,200.7,524.4,260.9,613.3,0
20260525_070046_WKKNGQ_007_f001800.jpg,265.1,545.8,325.6,634.0,0
20260525_070046_WKKNGQ_007_f001805.jpg,324.3,558.6,377.1,646.0,0
20260525_070046_WKKNGQ_007_f001810.jpg,354.5,556.7,402.4,645.2,0
20260525_070046_WKKNGQ_007_f001815.jpg,405.8,495.6,450.0,576.3,0
20260525_070046_WKKNGQ_007_f001825.jpg,443.3,172.9,484.7,255.7,0
20260525_070046_WKKNGQ_007_f001830.jpg,514.9,124.4,552.5,197.0,0
20260525_070046_WKKNGQ_007_f001835.jpg,579.5,80.4,614.3,146.9,0
20260525_070046_WKKNGQ_007_f001840.jpg,642.6,47.2,675.4,112.2,0
20260525_070046_WKKNGQ_007_f001845.jpg,708.9,33.3,740.7,93.6,0
20260525_070046_WKKNGQ_007_f001850.jpg,762.5,16.0,790.7,68.2,0
20260525_070046_WKKNGQ_007_f002625.jpg,598.8,8.1,637.9,50.8,0
20260525_070046_WKKNGQ_007_f002630.jpg,547.7,30.2,589.2,71.5,0
20260525_070046_WKKNGQ_007_f002635.jpg,504.4,63.2,547.2,104.2,0
20260525_070046_WKKNGQ_007_f002640.jpg,443.0,83.2,491.8,132.8,0
20260525_070046_WKKNGQ_007_f002645.jpg,392.0,81.2,448.4,135.1,0
20260525_070046_WKKNGQ_007_f002650.jpg,340.4,80.7,431.2,158.8,0
20260525_070046_WKKNGQ_007_f002730.jpg,110.1,607.5,136.2,649.0,0
20260525_070046_WKKNGQ_007_f003120.jpg,412.4,2.7,467.1,61.9,0
20260525_070046_WKKNGQ_007_f005035.jpg,718.3,-12.2,753.1,29.6,0
20260525_070046_WKKNGQ_007_f005050.jpg,843.7,-6.9,873.9,33.9,0
20260525_070046_WKKNGQ_007_f005055.jpg,904.0,-10.2,934.3,30.3,0
20260525_070046_WKKNGQ_007_f005060.jpg,978.9,-10.8,1012.6,39.1,0
20260525_070046_WKKNGQ_007_f005065.jpg,1054.9,-13.9,1087.1,33.9,0
20260525_070046_WKKNGQ_007_f005105.jpg,1698.9,51.2,1744.8,89.6,0
20260525_070046_WKKNGQ_007_f005110.jpg,1802.8,109.6,1842.6,150.2,0
20260525_070046_WKKNGQ_007_f005115.jpg,1838.7,156.8,1881.0,194.8,0
20260525_070046_WKKNGQ_007_f005120.jpg,1820.9,205.3,1862.7,239.9,0
20260525_070046_WKKNGQ_007_f005225.jpg,2014.5,391.5,2046.4,448.8,0
20260525_070046_WKKNGQ_007_f005230.jpg,1980.9,348.9,2007.4,402.7,0
20260525_070046_WKKNGQ_007_f005235.jpg,1880.9,286.7,1909.0,336.9,0
20260525_070046_WKKNGQ_007_f005240.jpg,1756.8,196.8,1788.9,250.2,0
20260525_070046_WKKNGQ_007_f005245.jpg,1641.1,100.7,1673.2,148.2,0
20260525_070046_WKKNGQ_007_f005250.jpg,1532.5,37.7,1564.3,90.3,0
20260525_070046_WKKNGQ_007_f005255.jpg,1418.2,12.8,1454.3,70.7,0
20260525_070046_WKKNGQ_007_f005260.jpg,1324.9,20.1,1358.0,72.0,0
20260525_070046_WKKNGQ_007_f005265.jpg,1246.7,17.4,1285.7,71.2,0
20260525_070046_WKKNGQ_007_f005270.jpg,1183.8,30.1,1219.0,82.9,0
20260525_070046_WKKNGQ_007_f005275.jpg,1119.1,31.5,1157.5,83.8,0
20260525_070046_WKKNGQ_007_f005280.jpg,1060.6,23.3,1095.4,71.6,0
20260525_070046_WKKNGQ_007_f005285.jpg,1017.5,28.8,1046.2,74.1,0
20260525_070046_WKKNGQ_007_f005290.jpg,972.3,21.0,1001.6,68.3,0
20260525_070046_WKKNGQ_007_f005295.jpg,941.4,12.9,970.4,54.7,0
20260525_070046_WKKNGQ_007_f007505.jpg,293.0,383.5,332.2,429.8,0
20260525_070046_WKKNGQ_007_f007645.jpg,137.0,618.2,167.0,659.3,0
20260525_070046_WKKNGQ_007_f007660.jpg,329.1,385.0,359.8,425.7,0
20260525_070046_WKKNGQ_007_f007665.jpg,357.4,328.2,387.9,368.6,0
20260525_070046_WKKNGQ_007_f007670.jpg,409.9,294.8,439.5,335.5,0
20260525_070046_WKKNGQ_007_f007720.jpg,2108.9,954.0,2140.1,996.2,0
20260525_070046_WKKNGQ_007_f007845.jpg,1718.4,889.0,1745.9,933.6,0
20260525_070046_WKKNGQ_007_f007845.jpg,1983.4,1032.0,2019.6,1078.9,0
20260525_070046_WKKNGQ_007_f007850.jpg,1602.3,862.7,1634.8,906.7,0
20260525_070046_WKKNGQ_007_f007850.jpg,1888.4,988.1,1929.3,1034.1,0
20260525_070046_WKKNGQ_007_f007855.jpg,1551.8,866.6,1583.9,912.7,0
20260525_070046_WKKNGQ_007_f007855.jpg,1850.7,995.4,1900.0,1039.0,0
20260525_070046_WKKNGQ_007_f007860.jpg,1569.7,901.4,1604.9,953.8,0
20260525_070046_WKKNGQ_007_f007860.jpg,1885.3,1031.6,1931.4,1079.2,0
20260525_070046_WKKNGQ_007_f007865.jpg,1567.1,920.4,1598.7,974.0,0
20260525_070046_WKKNGQ_007_f007865.jpg,1890.6,1072.5,1947.8,1119.2,0
20260525_070046_WKKNGQ_007_f007870.jpg,1519.0,932.1,1545.6,979.0,0
20260525_070046_WKKNGQ_007_f007870.jpg,1852.7,1078.3,1911.1,1125.7,0
20260525_070046_WKKNGQ_007_f007875.jpg,1818.5,1099.3,1883.7,1144.9,0
20260525_070046_WKKNGQ_007_f007885.jpg,1455.6,924.9,1488.9,978.7,0
20260525_070046_WKKNGQ_007_f007890.jpg,1444.7,911.2,1477.4,967.7,0
20260525_070046_WKKNGQ_007_f007895.jpg,1459.7,917.8,1494.6,975.9,0
20260525_070046_WKKNGQ_007_f007895.jpg,1869.3,1103.5,1934.6,1148.5,0
20260525_070046_WKKNGQ_007_f007900.jpg,1459.6,881.4,1498.1,942.4,0
20260525_070046_WKKNGQ_007_f007900.jpg,1894.3,1060.2,1959.9,1108.7,0
20260525_070046_WKKNGQ_007_f007905.jpg,1485.3,890.0,1530.7,961.0,0
20260525_070046_WKKNGQ_007_f007905.jpg,1941.3,1071.3,2012.9,1128.3,0
20260525_070046_WKKNGQ_007_f007910.jpg,1517.2,880.0,1559.2,951.5,0
20260525_070046_WKKNGQ_007_f007910.jpg,1980.9,1089.4,2061.0,1146.1,0
20260525_070046_WKKNGQ_007_f007915.jpg,1492.4,863.3,1536.6,937.3,0
20260525_070046_WKKNGQ_007_f007915.jpg,1977.8,1095.0,2064.1,1159.0,0
20260525_070046_WKKNGQ_007_f007920.jpg,1439.9,864.3,1491.4,947.5,0
20260525_070046_WKKNGQ_007_f007920.jpg,1943.5,1130.4,2041.6,1195.3,0
20260525_070046_WKKNGQ_007_f007925.jpg,1837.2,927.3,1868.7,970.0,0
20260525_070046_WKKNGQ_007_f007925.jpg,1927.9,1147.0,2019.8,1215.4,0
20260525_070046_WKKNGQ_007_f007930.jpg,1367.3,829.5,1420.0,913.4,0
20260525_070046_WKKNGQ_007_f007930.jpg,1929.3,1113.8,2024.7,1182.1,0
20260525_070046_WKKNGQ_007_f007935.jpg,1374.6,831.2,1443.6,928.4,0
20260525_070046_WKKNGQ_007_f007935.jpg,1957.8,1129.8,2058.3,1194.7,0
20260525_070046_WKKNGQ_007_f007940.jpg,1390.3,877.4,1471.5,986.1,0
20260525_070046_WKKNGQ_007_f007945.jpg,1392.2,906.7,1484.4,1031.9,0
20260525_070046_WKKNGQ_007_f007950.jpg,1452.9,900.6,1559.9,1039.3,0
20260525_070046_WKKNGQ_007_f007955.jpg,1459.2,888.5,1565.0,1032.9,0
20260525_070046_WKKNGQ_007_f007960.jpg,1433.0,892.7,1519.6,1022.3,0
20260525_070046_WKKNGQ_007_f007965.jpg,1427.1,870.2,1509.5,1005.3,0
20260525_070046_WKKNGQ_007_f007970.jpg,1413.4,863.4,1501.9,1004.9,0
20260525_070046_WKKNGQ_007_f007975.jpg,1397.2,888.6,1490.4,1038.7,0
20260525_070046_WKKNGQ_007_f007980.jpg,1417.9,912.7,1519.0,1073.3,0
20260525_070046_WKKNGQ_007_f007985.jpg,1443.1,968.1,1549.5,1130.9,0
20260525_070046_WKKNGQ_007_f007990.jpg,1449.9,921.1,1568.6,1101.1,0
20260525_070046_WKKNGQ_007_f007995.jpg,1476.2,907.7,1605.0,1101.8,0
20260525_070046_WKKNGQ_007_f008000.jpg,1519.3,926.1,1658.8,1128.0,0
20260525_070046_WKKNGQ_007_f008005.jpg,1521.8,932.2,1651.5,1125.9,0
20260525_070046_WKKNGQ_007_f008010.jpg,1475.0,903.7,1608.5,1101.2,0
20260525_070046_WKKNGQ_007_f008015.jpg,1393.5,887.1,1522.2,1073.8,0
20260525_070046_WKKNGQ_007_f008020.jpg,1359.3,872.7,1494.3,1062.7,0
20260525_070046_WKKNGQ_007_f008025.jpg,1347.7,861.5,1480.0,1051.4,0
20260525_070046_WKKNGQ_007_f008030.jpg,1332.8,852.0,1459.9,1051.1,0
20260525_070046_WKKNGQ_007_f008035.jpg,1258.3,818.8,1411.2,1019.7,0
20260525_070046_WKKNGQ_007_f008040.jpg,1224.2,803.8,1411.5,1024.1,0
20260527_053115_CAHMSV_006_f000000.jpg,923.9,389.3,997.1,473.6,0
20260527_053115_CAHMSV_006_f000000.jpg,1428.7,454.8,1486.0,517.3,0
20260527_053115_CAHMSV_006_f000000.jpg,1708.9,543.7,1760.2,600.5,0
20260527_053115_CAHMSV_006_f000090.jpg,798.3,649.0,863.8,724.4,0
20260527_053115_CAHMSV_006_f000090.jpg,1280.9,649.0,1339.8,714.6,0
20260527_053115_CAHMSV_006_f000090.jpg,1547.0,677.9,1596.7,740.1,0
20260527_053115_CAHMSV_006_f000180.jpg,695.6,646.5,763.2,725.0,0
20260527_053115_CAHMSV_006_f000180.jpg,1177.6,723.0,1238.4,796.4,0
20260527_053115_CAHMSV_006_f000180.jpg,1420.0,812.6,1473.2,875.0,0
20260527_053115_CAHMSV_006_f000270.jpg,749.2,577.0,819.5,658.0,0
20260527_053115_CAHMSV_006_f000270.jpg,1253.8,582.8,1313.2,651.0,0
20260527_053115_CAHMSV_006_f000270.jpg,1503.4,649.1,1556.8,710.3,0
20260527_053115_CAHMSV_006_f000360.jpg,900.4,370.4,974.8,453.5,0
20260527_053115_CAHMSV_006_f000360.jpg,1385.3,388.2,1447.8,461.9,0
20260527_053115_CAHMSV_006_f000360.jpg,1656.1,495.6,1715.5,557.8,0
20260527_053115_CAHMSV_006_f000450.jpg,1093.1,359.5,1169.9,449.4,0
20260527_053115_CAHMSV_006_f000450.jpg,1583.6,479.3,1642.3,536.6,0
20260527_053115_CAHMSV_006_f000450.jpg,1837.1,616.2,1899.7,672.0,0
20260527_053115_CAHMSV_006_f000540.jpg,1039.4,429.1,1115.7,514.6,0
20260527_053115_CAHMSV_006_f000540.jpg,1512.0,560.8,1571.3,615.3,0
20260527_053115_CAHMSV_006_f000540.jpg,1760.8,679.0,1817.6,729.3,0
20260527_053115_CAHMSV_006_f000630.jpg,797.2,577.4,870.9,661.2,0
20260527_053115_CAHMSV_006_f000630.jpg,1267.7,643.4,1329.4,707.4,0
20260527_053115_CAHMSV_006_f000630.jpg,1530.5,737.3,1586.8,792.1,0
20260527_053115_CAHMSV_006_f000720.jpg,1122.5,597.9,1189.1,679.7,0
20260527_053115_CAHMSV_006_f000720.jpg,1619.7,714.3,1680.3,780.6,0
20260527_053115_CAHMSV_006_f000720.jpg,1903.7,810.3,1958.4,868.5,0
20260527_053115_CAHMSV_006_f000810.jpg,192.9,856.1,288.3,979.4,0
20260527_053115_CAHMSV_006_f000810.jpg,1474.9,850.8,1537.6,914.3,0
20260527_053115_CAHMSV_006_f000810.jpg,1894.6,894.1,1954.2,962.6,0
20260527_053115_CAHMSV_006_f000810.jpg,2132.7,954.4,2187.7,1014.6,0
20260527_053115_CAHMSV_006_f000900.jpg,706.1,732.8,780.7,819.6,0
20260527_053115_CAHMSV_006_f000900.jpg,1263.7,799.5,1324.7,864.3,0
20260527_053115_CAHMSV_006_f000900.jpg,1528.0,856.2,1586.0,924.3,0
20260527_053115_CAHMSV_006_f000990.jpg,975.1,606.9,1047.0,694.3,0
20260527_053115_CAHMSV_006_f000990.jpg,1454.6,774.5,1519.2,842.6,0
20260527_053115_CAHMSV_006_f000990.jpg,1765.6,899.5,1819.8,953.7,0
20260527_053115_CAHMSV_006_f001080.jpg,961.7,636.3,1024.7,714.9,0
20260527_053115_CAHMSV_006_f001080.jpg,1414.2,736.9,1473.4,797.9,0
20260527_053115_CAHMSV_006_f001080.jpg,1676.5,786.3,1728.0,847.5,0
20260527_053115_CAHMSV_006_f001170.jpg,517.6,967.3,619.5,1026.2,0
20260527_053115_CAHMSV_006_f001170.jpg,1182.5,980.1,1244.9,1032.2,0
20260527_053115_CAHMSV_006_f001170.jpg,1455.9,1058.3,1518.8,1110.7,0
20260527_053115_CAHMSV_006_f001260.jpg,856.4,486.5,935.6,578.3,0
20260527_053115_CAHMSV_006_f001260.jpg,1409.9,550.3,1472.3,615.0,0
20260527_053115_CAHMSV_006_f001260.jpg,1681.7,625.5,1744.1,692.0,0
20260527_053115_CAHMSV_006_f001350.jpg,1576.2,526.5,1639.2,590.0,0
20260527_053115_CAHMSV_006_f001350.jpg,1845.6,648.4,1913.1,703.4,0
20260527_053115_CAHMSV_006_f001440.jpg,1463.6,556.2,1526.6,620.9,0
20260527_053115_CAHMSV_006_f001440.jpg,1729.4,643.5,1788.9,702.6,0
20260527_053115_CAHMSV_006_f001530.jpg,1539.1,598.5,1605.5,661.9,0
20260527_053115_CAHMSV_006_f001530.jpg,1788.7,686.8,1850.6,749.4,0
20260527_053115_CAHMSV_006_f001620.jpg,1498.9,475.7,1567.6,556.2,0
20260527_053115_CAHMSV_006_f001620.jpg,1744.9,582.5,1806.7,649.5,0
20260527_053115_CAHMSV_006_f001710.jpg,1510.7,419.9,1575.6,495.8,0
20260527_053115_CAHMSV_006_f001710.jpg,1783.7,550.4,1846.6,602.7,0
20260527_053115_CAHMSV_006_f001800.jpg,1753.3,502.9,1819.4,580.6,0
20260527_053115_CAHMSV_006_f001800.jpg,2030.5,660.8,2092.0,722.4,0
20260527_053115_CAHMSV_006_f001890.jpg,117.1,484.4,174.7,643.8,0
20260527_053115_CAHMSV_006_f001890.jpg,1832.8,695.1,1894.0,750.9,0
20260527_053115_CAHMSV_006_f001890.jpg,2070.2,847.9,2132.8,901.9,0
20260527_053115_CAHMSV_006_f001980.jpg,859.7,379.6,935.3,468.8,0
20260527_053115_CAHMSV_006_f001980.jpg,1186.5,539.5,1250.9,608.0,0
20260527_053115_CAHMSV_006_f001980.jpg,1461.1,598.0,1516.6,656.0,0
20260527_053115_CAHMSV_006_f002070.jpg,1194.2,616.7,1271.3,701.4,0
20260527_053115_CAHMSV_006_f002070.jpg,1730.0,749.4,1794.8,826.1,0
20260527_053115_CAHMSV_006_f002070.jpg,1961.5,851.8,2017.3,909.4,0
20260527_053115_CAHMSV_006_f002160.jpg,1244.4,606.6,1323.1,693.9,0
20260527_053115_CAHMSV_006_f002160.jpg,1793.7,691.3,1864.1,770.2,0
20260527_053115_CAHMSV_006_f002160.jpg,2093.8,771.5,2153.5,839.5,0
20260527_053115_CAHMSV_006_f002250.jpg,1189.8,340.2,1275.2,435.5,0
20260527_053115_CAHMSV_006_f002250.jpg,1769.0,459.7,1834.1,533.0,0
20260527_053115_CAHMSV_006_f002250.jpg,2038.4,635.4,2109.8,693.1,0
20260527_053115_CAHMSV_006_f002340.jpg,1463.9,242.4,1561.2,351.3,0
20260527_053115_CAHMSV_006_f002340.jpg,2040.7,399.5,2159.2,503.7,0
20260527_053115_CAHMSV_006_f002430.jpg,131.5,508.9,210.4,606.3,0
20260527_053115_CAHMSV_006_f002430.jpg,682.9,691.5,753.5,762.5,0
20260527_053115_CAHMSV_006_f002430.jpg,940.8,779.2,1005.0,846.2,0
20260527_053115_CAHMSV_006_f002430.jpg,1780.4,1015.1,1836.4,1084.6,0
20260527_053115_CAHMSV_006_f002430.jpg,1901.8,863.8,2003.7,1019.7,0
20260527_053115_CAHMSV_006_f002520.jpg,1500.8,375.3,1587.4,477.7,0
20260527_053115_CAHMSV_006_f002520.jpg,2031.7,619.6,2103.0,694.8,0
20260527_053115_CAHMSV_006_f002610.jpg,1133.5,202.9,1222.8,304.0,0
20260527_053115_CAHMSV_006_f002610.jpg,1719.4,394.8,1792.8,468.0,0
20260527_053115_CAHMSV_006_f002610.jpg,1965.1,570.0,2034.0,630.7,0
20260527_053115_CAHMSV_006_f002700.jpg,1126.1,535.3,1196.7,618.9,0
20260527_053115_CAHMSV_006_f002700.jpg,1603.5,655.3,1704.3,698.8,0
20260527_053115_CAHMSV_006_f002700.jpg,1855.1,712.2,1914.9,791.2,0
20260527_053115_CAHMSV_006_f002790.jpg,1101.6,539.2,1167.9,617.9,0
20260527_053115_CAHMSV_006_f002790.jpg,1579.0,644.1,1642.2,714.3,0
20260527_053115_CAHMSV_006_f002790.jpg,1910.7,787.5,1983.9,863.4,0
20260527_053115_CAHMSV_006_f002880.jpg,1045.0,895.0,1123.2,971.0,0
20260527_053115_CAHMSV_006_f002880.jpg,1502.4,948.6,1566.4,1025.0,0
20260527_053115_CAHMSV_006_f002880.jpg,1802.5,1003.8,1859.0,1071.8,0
20260527_053115_CAHMSV_006_f002970.jpg,1266.1,776.8,1354.0,877.2,0
20260527_053115_CAHMSV_006_f002970.jpg,1791.7,893.5,1865.8,982.7,0
20260527_053115_CAHMSV_006_f002970.jpg,2082.0,976.2,2144.4,1054.1,0
20260527_053115_CAHMSV_006_f003060.jpg,1300.3,662.7,1387.7,772.3,0
20260527_053115_CAHMSV_006_f003060.jpg,1847.6,877.9,1923.3,962.6,0
20260527_053115_CAHMSV_006_f003060.jpg,2083.5,985.9,2145.4,1061.7,0
20260527_053115_CAHMSV_006_f003150.jpg,986.3,552.1,1073.5,659.0,0
20260527_053115_CAHMSV_006_f003150.jpg,1520.2,781.5,1585.6,851.0,0
20260527_053115_CAHMSV_006_f003150.jpg,1752.9,913.1,1814.5,976.7,0
20260527_053115_CAHMSV_006_f003240.jpg,647.9,533.7,721.8,611.5,0
20260527_053115_CAHMSV_006_f003240.jpg,1114.4,418.6,1173.9,486.0,0
20260527_053115_CAHMSV_006_f003240.jpg,1406.0,407.8,1459.3,474.7,0
20260527_053115_CAHMSV_006_f003330.jpg,1318.2,600.6,1388.2,680.9,0
20260527_053115_CAHMSV_006_f003330.jpg,1759.1,849.9,1812.7,906.0,0
20260527_053115_CAHMSV_006_f003330.jpg,1970.0,1026.5,2038.6,1081.9,0
20260527_053115_CAHMSV_006_f003420.jpg,1083.5,526.3,1155.6,614.9,0
20260527_053115_CAHMSV_006_f003420.jpg,1533.6,647.1,1590.6,707.1,0
20260527_053115_CAHMSV_006_f003420.jpg,1756.6,756.0,1811.7,816.9,0
20260527_053115_CAHMSV_006_f003510.jpg,1079.6,383.6,1155.5,476.2,0
20260527_053115_CAHMSV_006_f003510.jpg,1530.4,516.0,1587.0,567.4,0
20260527_053115_CAHMSV_006_f003510.jpg,1742.3,623.3,1795.8,679.3,0
20260527_053115_CAHMSV_006_f003600.jpg,1021.5,493.0,1095.4,572.2,0
20260527_053115_CAHMSV_006_f003600.jpg,1462.4,618.3,1518.6,669.4,0
20260527_053115_CAHMSV_006_f003600.jpg,1667.8,731.7,1716.5,783.9,0
20260527_053115_CAHMSV_006_f003690.jpg,1008.1,379.3,1087.4,469.7,0
20260527_053115_CAHMSV_006_f003690.jpg,1439.3,594.0,1494.9,635.7,0
20260527_053115_CAHMSV_006_f003690.jpg,1636.9,717.3,1689.3,772.5,0
20260527_053115_CAHMSV_006_f003780.jpg,1088.2,562.9,1155.2,650.1,0
20260527_053115_CAHMSV_006_f003780.jpg,1562.6,727.7,1620.2,791.0,0
20260527_053115_CAHMSV_006_f003780.jpg,1797.8,847.8,1850.6,903.6,0
20260527_053115_CAHMSV_006_f003870.jpg,692.0,192.1,782.4,298.4,0
20260527_053115_CAHMSV_006_f003870.jpg,1263.0,242.0,1338.3,316.2,0
20260527_053115_CAHMSV_006_f003870.jpg,1527.1,344.1,1588.5,406.9,0
20260527_053115_CAHMSV_006_f003960.jpg,858.8,62.8,954.1,172.0,0
20260527_053115_CAHMSV_006_f003960.jpg,1490.4,265.4,1560.9,331.0,0
20260527_053115_CAHMSV_006_f003960.jpg,1726.3,436.5,1791.1,495.0,0
20260527_053115_CAHMSV_006_f004050.jpg,1017.2,532.0,1087.6,614.9,0
20260527_053115_CAHMSV_006_f004050.jpg,1510.8,667.6,1572.7,727.1,0
20260527_053115_CAHMSV_006_f004050.jpg,1781.9,769.7,1843.2,826.5,0
20260527_053115_CAHMSV_006_f004140.jpg,806.6,197.2,904.5,302.3,0
20260527_053115_CAHMSV_006_f004140.jpg,1413.7,315.9,1488.9,386.9,0
20260527_053115_CAHMSV_006_f004140.jpg,1697.6,450.3,1768.5,516.2,0
20260527_053115_CAHMSV_006_f004230.jpg,1126.0,346.3,1220.9,442.4,0
20260527_053115_CAHMSV_006_f004230.jpg,1707.0,467.7,1776.9,529.8,0
20260527_053115_CAHMSV_006_f004230.jpg,1987.2,596.4,2055.3,663.8,0
20260527_053115_CAHMSV_006_f004320.jpg,916.6,380.0,1002.7,465.7,0
20260527_053115_CAHMSV_006_f004320.jpg,1468.8,412.1,1532.6,471.3,0
20260527_053115_CAHMSV_006_f004320.jpg,1726.9,484.7,1787.0,559.0,0
20260527_053115_CAHMSV_006_f004410.jpg,845.5,1180.5,912.2,1244.9,0
20260527_053115_CAHMSV_006_f004410.jpg,1270.4,1187.3,1328.5,1251.5,0
20260527_053115_CAHMSV_006_f004410.jpg,1533.1,1217.2,1581.8,1272.2,0
20260527_053115_CAHMSV_006_f004500.jpg,1071.6,569.3,1141.0,635.6,0
20260527_053115_CAHMSV_006_f004500.jpg,1518.1,629.0,1578.5,700.8,0
20260527_053115_CAHMSV_006_f004500.jpg,1750.2,749.4,1808.6,806.1,0
20260527_053115_CAHMSV_006_f004590.jpg,1273.7,765.2,1347.8,827.5,0
20260527_053115_CAHMSV_006_f004590.jpg,1682.9,916.8,1740.6,979.0,0
20260527_053115_CAHMSV_006_f004590.jpg,1916.7,1072.3,1970.5,1121.3,0
20260527_053115_CAHMSV_006_f004680.jpg,1158.3,808.6,1231.7,874.7,0
20260527_053115_CAHMSV_006_f004680.jpg,1583.8,924.3,1638.9,983.8,0
20260527_053115_CAHMSV_006_f004680.jpg,1806.1,1062.8,1871.5,1114.0,0
20260527_053115_CAHMSV_006_f004770.jpg,1199.2,758.3,1274.7,816.4,0
20260527_053115_CAHMSV_006_f004770.jpg,1619.4,883.9,1674.8,942.1,0
20260527_053115_CAHMSV_006_f004770.jpg,1828.1,1015.0,1888.9,1068.2,0
20260527_053115_CAHMSV_006_f004860.jpg,1180.7,709.1,1253.8,778.5,0
20260527_053115_CAHMSV_006_f004860.jpg,1606.5,834.3,1665.5,900.9,0
20260527_053115_CAHMSV_006_f004860.jpg,1871.7,973.7,1925.7,1021.6,0
20260527_053115_CAHMSV_006_f004950.jpg,1106.7,617.0,1183.3,690.8,0
20260527_053115_CAHMSV_006_f004950.jpg,1550.9,690.1,1610.6,759.1,0
20260527_053115_CAHMSV_006_f004950.jpg,1840.4,818.2,1897.3,873.6,0
20260527_053115_CAHMSV_006_f005040.jpg,1081.5,558.9,1154.9,636.0,0
20260527_053115_CAHMSV_006_f005040.jpg,1516.0,633.8,1575.1,704.8,0
20260527_053115_CAHMSV_006_f005040.jpg,1737.3,743.0,1791.8,806.7,0
20260527_053115_CAHMSV_006_f005130.jpg,1081.9,536.7,1157.2,620.8,0
20260527_053115_CAHMSV_006_f005130.jpg,1538.3,649.3,1597.1,716.4,0
20260527_053115_CAHMSV_006_f005130.jpg,1757.6,763.1,1813.0,829.5,0
20260527_053115_CAHMSV_006_f005220.jpg,1016.0,590.6,1088.4,675.0,0
20260527_053115_CAHMSV_006_f005220.jpg,1509.6,667.5,1568.2,724.1,0
20260527_053115_CAHMSV_006_f005220.jpg,1770.3,746.8,1827.8,809.7,0
20260527_053115_CAHMSV_006_f005310.jpg,920.6,218.8,1015.2,321.5,0
20260527_053115_CAHMSV_006_f005310.jpg,1560.2,255.7,1630.6,324.4,0
20260527_053115_CAHMSV_006_f005310.jpg,1885.2,365.1,1950.1,435.7,0
20260527_053115_CAHMSV_006_f005400.jpg,1062.0,440.8,1130.5,516.3,0
20260527_053115_CAHMSV_006_f005400.jpg,1566.0,545.3,1625.9,609.0,0
20260527_053115_CAHMSV_006_f005400.jpg,1834.2,647.2,1891.8,712.5,0
20260527_053115_CAHMSV_006_f005490.jpg,1890.7,1125.6,1955.2,1208.5,0
20260527_053115_CAHMSV_006_f005580.jpg,336.3,731.7,408.1,822.6,0
20260527_053115_CAHMSV_006_f005580.jpg,834.6,792.4,897.0,853.2,0
20260527_053115_CAHMSV_006_f005580.jpg,1077.9,837.9,1131.3,896.9,0
20260527_053115_CAHMSV_006_f005580.jpg,1848.3,773.6,1950.5,908.5,0
20260527_053115_CAHMSV_006_f005670.jpg,992.2,570.2,1057.1,644.9,0
20260527_053115_CAHMSV_006_f005670.jpg,1467.1,644.9,1525.6,706.1,0
20260527_053115_CAHMSV_006_f005670.jpg,1693.3,727.0,1746.7,784.3,0
20260527_053115_CAHMSV_006_f005760.jpg,98.0,893.5,189.5,987.5,0
20260527_053115_CAHMSV_006_f005760.jpg,638.6,939.5,709.5,1014.6,0
20260527_053115_CAHMSV_006_f005760.jpg,967.0,991.4,1019.9,1056.0,0
20260527_053115_CAHMSV_006_f005760.jpg,1816.2,889.5,1925.8,1030.8,0
20260527_053115_CAHMSV_006_f005850.jpg,1089.1,511.5,1165.8,599.7,0
20260527_053115_CAHMSV_006_f005850.jpg,1609.6,607.4,1665.3,670.0,0
20260527_053115_CAHMSV_006_f005850.jpg,1797.8,706.2,1853.1,768.6,0
20260527_053115_CAHMSV_006_f005940.jpg,1148.8,508.4,1220.2,592.9,0
20260527_053115_CAHMSV_006_f005940.jpg,1650.9,591.2,1717.8,662.8,0
20260527_053115_CAHMSV_006_f005940.jpg,1885.3,698.3,1942.7,760.2,0
20260527_053115_CAHMSV_006_f006030.jpg,927.4,401.9,996.8,483.5,0
20260527_053115_CAHMSV_006_f006030.jpg,1411.2,475.2,1475.3,548.1,0
20260527_053115_CAHMSV_006_f006030.jpg,1721.5,578.5,1778.3,636.8,0
20260527_053115_CAHMSV_006_f006120.jpg,970.9,360.4,1046.3,445.1,0
20260527_053115_CAHMSV_006_f006120.jpg,1469.9,409.6,1537.0,485.7,0
20260527_053115_CAHMSV_006_f006120.jpg,1751.5,499.9,1812.9,568.0,0
20260527_053115_CAHMSV_006_f006210.jpg,998.3,333.3,1072.7,423.6,0
20260527_053115_CAHMSV_006_f006210.jpg,1467.1,386.2,1531.7,460.8,0
20260527_053115_CAHMSV_006_f006210.jpg,1749.1,494.1,1807.9,569.7,0
20260527_053115_CAHMSV_006_f006300.jpg,1092.2,546.1,1162.4,628.9,0
20260527_053115_CAHMSV_006_f006300.jpg,1531.4,629.4,1589.7,691.2,0
20260527_053115_CAHMSV_006_f006300.jpg,1795.7,753.3,1856.5,801.8,0
20260527_053115_CAHMSV_006_f006390.jpg,1194.2,662.7,1263.7,745.7,0
20260527_053115_CAHMSV_006_f006390.jpg,1595.2,756.7,1651.2,815.5,0
20260527_053115_CAHMSV_006_f006390.jpg,1847.8,863.1,1904.4,914.6,0
20260527_053115_CAHMSV_006_f006480.jpg,1075.8,446.6,1147.5,527.7,0
20260527_053115_CAHMSV_006_f006480.jpg,1510.5,550.1,1567.9,608.9,0
20260527_053115_CAHMSV_006_f006480.jpg,1763.1,641.0,1818.7,700.1,0
20260527_053115_CAHMSV_006_f006570.jpg,1199.6,532.8,1265.8,612.9,0
20260527_053115_CAHMSV_006_f006570.jpg,1635.9,684.7,1694.5,743.9,0
20260527_053115_CAHMSV_006_f006570.jpg,1850.9,798.4,1905.7,862.6,0
20260527_053115_CAHMSV_006_f006660.jpg,1319.6,586.9,1385.1,669.2,0
20260527_053115_CAHMSV_006_f006660.jpg,1796.0,824.3,1851.7,880.6,0
20260527_053115_CAHMSV_006_f006660.jpg,1986.9,971.6,2044.7,1039.5,0
20260527_053115_CAHMSV_006_f006750.jpg,1223.8,573.4,1298.1,664.5,0
20260527_053115_CAHMSV_006_f006750.jpg,1727.5,759.3,1787.2,815.6,0
20260527_053115_CAHMSV_006_f006750.jpg,1956.6,886.1,2016.2,940.2,0
20260527_053115_CAHMSV_006_f006840.jpg,510.0,619.4,576.8,694.4,0
20260527_053115_CAHMSV_006_f006840.jpg,993.3,574.6,1051.6,632.7,0
20260527_053115_CAHMSV_006_f006840.jpg,1246.9,569.9,1299.2,622.1,0
20260527_053115_CAHMSV_006_f006930.jpg,440.1,986.6,487.3,1046.9,0
20260527_053115_CAHMSV_006_f006930.jpg,603.4,991.2,658.0,1065.5,0
20260527_053115_CAHMSV_006_f006930.jpg,1349.6,841.0,1460.5,991.1,0
20260527_053115_CAHMSV_006_f007020.jpg,659.1,564.6,726.9,645.1,0
20260527_053115_CAHMSV_006_f007020.jpg,1155.3,547.7,1215.4,608.9,0
20260527_053115_CAHMSV_006_f007020.jpg,1356.6,556.1,1409.2,626.2,0
20260527_053115_CAHMSV_006_f007110.jpg,1045.9,682.3,1109.7,748.4,0
20260527_053115_CAHMSV_006_f007110.jpg,1534.8,817.4,1589.2,867.0,0
20260527_053115_CAHMSV_006_f007110.jpg,1699.9,879.3,1749.8,947.1,0
20260527_053115_CAHMSV_006_f007200.jpg,1025.9,509.9,1092.4,591.7,0
20260527_053115_CAHMSV_006_f007200.jpg,1538.8,696.7,1585.2,737.7,0
20260527_053115_CAHMSV_006_f007200.jpg,1723.9,773.3,1783.6,832.5,0
20260527_053115_CAHMSV_006_f007290.jpg,1127.1,479.4,1196.8,559.0,0
20260527_053115_CAHMSV_006_f007290.jpg,1595.1,622.1,1648.0,676.1,0
20260527_053115_CAHMSV_006_f007290.jpg,1843.8,724.8,1901.6,785.5,0
20260527_053115_CAHMSV_006_f007380.jpg,946.1,475.5,1012.0,556.8,0
20260527_053115_CAHMSV_006_f007380.jpg,1447.6,539.4,1504.6,606.0,0
20260527_053115_CAHMSV_006_f007380.jpg,1700.5,615.2,1755.2,675.2,0
20260527_053115_CAHMSV_006_f007470.jpg,460.9,539.2,535.0,618.0,0
20260527_053115_CAHMSV_006_f007470.jpg,999.2,436.2,1060.4,503.9,0
20260527_053115_CAHMSV_006_f007470.jpg,1209.8,442.4,1267.5,508.7,0
20260527_053115_CAHMSV_006_f007560.jpg,1001.2,484.9,1065.8,565.3,0
20260527_053115_CAHMSV_006_f007560.jpg,1746.7,600.4,1802.0,662.0,0
20260527_053115_CAHMSV_006_f007650.jpg,1063.8,421.4,1132.2,503.6,0
20260527_053115_CAHMSV_006_f007650.jpg,1654.2,470.6,1718.4,532.9,0
20260527_053115_CAHMSV_006_f007650.jpg,1787.3,683.7,1855.5,749.4,0
20260527_053115_CAHMSV_006_f007740.jpg,1016.5,491.3,1084.8,576.9,0
20260527_053115_CAHMSV_006_f007740.jpg,1763.5,711.3,1831.4,792.9,0
20260527_053115_CAHMSV_006_f007830.jpg,1043.4,528.2,1115.5,608.4,0
20260527_053115_CAHMSV_006_f007830.jpg,1630.1,527.8,1697.6,601.4,0
20260527_053115_CAHMSV_006_f007830.jpg,1759.7,672.4,1821.3,735.7,0
20260527_053115_CAHMSV_006_f007920.jpg,1031.5,378.1,1109.3,464.4,0
20260527_053115_CAHMSV_006_f007920.jpg,1545.1,467.7,1608.2,539.8,0
20260527_053115_CAHMSV_006_f007920.jpg,1787.2,616.5,1850.3,673.4,0
20260527_053115_CAHMSV_006_f008010.jpg,176.6,598.3,201.3,641.1,0
20260527_053115_CAHMSV_006_f008010.jpg,954.0,734.6,1034.3,829.3,0
20260527_053115_CAHMSV_006_f008010.jpg,1488.1,784.6,1557.1,861.3,0
20260527_053115_CAHMSV_006_f008010.jpg,1752.0,870.9,1815.2,936.6,0
20260527_053115_CAHMSV_006_f008100.jpg,737.0,819.4,803.9,906.9,0
20260527_053115_CAHMSV_006_f008100.jpg,1221.4,814.4,1286.1,889.2,0
20260527_053115_CAHMSV_006_f008100.jpg,1418.2,837.9,1474.7,914.7,0
20260527_053115_CAHMSV_006_f008190.jpg,472.1,1044.6,535.4,1118.0,0
20260527_053115_CAHMSV_006_f008190.jpg,744.5,1080.2,795.7,1149.4,0
20260527_053115_CAHMSV_006_f008190.jpg,1601.2,886.4,1724.0,1053.2,0
20260527_053115_CAHMSV_006_f008280.jpg,978.6,545.6,1047.6,623.5,0
20260527_053115_CAHMSV_006_f008280.jpg,1461.2,575.0,1518.5,637.9,0
20260527_053115_CAHMSV_006_f008280.jpg,1721.0,642.0,1774.2,709.8,0
20260527_053115_CAHMSV_006_f008370.jpg,918.3,430.0,988.6,509.5,0
20260527_053115_CAHMSV_006_f008370.jpg,1424.7,435.0,1486.9,503.7,0
20260527_053115_CAHMSV_006_f008370.jpg,1668.2,497.6,1723.5,571.0,0
20260527_053115_CAHMSV_006_f008460.jpg,1295.1,603.5,1363.8,664.5,0
20260527_053115_CAHMSV_006_f008460.jpg,1721.4,726.8,1788.1,800.6,0
20260527_053115_CAHMSV_006_f008460.jpg,1977.6,883.7,2046.8,947.9,0
20260527_053115_CAHMSV_006_f008550.jpg,1341.7,591.4,1424.6,695.2,0
20260527_053115_CAHMSV_006_f008550.jpg,1895.5,755.1,1954.6,811.7,0
20260527_053115_CAHMSV_006_f008550.jpg,2153.2,880.1,2213.4,950.6,0
20260527_053115_CAHMSV_006_f008640.jpg,1128.2,451.1,1206.8,540.5,0
20260527_053115_CAHMSV_006_f008640.jpg,1691.8,551.4,1757.7,612.9,0
20260527_053115_CAHMSV_006_f008640.jpg,1972.9,649.9,2037.0,717.4,0
20260527_053115_CAHMSV_006_f008730.jpg,1460.6,274.0,1553.8,381.1,0
20260527_053115_CAHMSV_006_f008730.jpg,2069.2,468.3,2136.8,540.1,0
20260527_053115_CAHMSV_006_f008820.jpg,1605.5,216.2,1701.1,325.9,0
20260527_053115_CAHMSV_006_f008910.jpg,1570.0,335.2,1664.3,446.8,0
20260527_053115_CAHMSV_006_f008910.jpg,2106.5,516.9,2171.0,594.3,0
20260527_053115_CAHMSV_006_f009000.jpg,1307.4,294.7,1398.9,397.9,0
20260527_053115_CAHMSV_006_f009000.jpg,1855.8,427.8,1929.4,503.2,0
20260527_053115_CAHMSV_006_f009000.jpg,2082.8,602.5,2139.3,660.6,0
20260527_053115_CAHMSV_006_f009090.jpg,1284.4,206.8,1374.8,308.3,0
20260527_053115_CAHMSV_006_f009090.jpg,1894.0,391.8,1968.9,470.9,0
20260527_053115_CAHMSV_006_f009090.jpg,2112.3,571.0,2193.1,657.3,0
20260527_053115_CAHMSV_006_f009180.jpg,1398.7,223.8,1476.3,328.1,0
20260527_053115_CAHMSV_006_f009180.jpg,2029.6,469.7,2102.2,556.3,0
20260527_053115_CAHMSV_006_f009270.jpg,1233.7,208.6,1323.2,311.6,0
20260527_053115_CAHMSV_006_f009270.jpg,1821.2,407.7,1894.3,482.5,0
20260527_053115_CAHMSV_006_f009270.jpg,2037.5,616.6,2094.3,668.5,0
20260527_053115_CAHMSV_006_f009360.jpg,1147.0,166.2,1236.1,270.9,0
20260527_053115_CAHMSV_006_f009360.jpg,1739.3,368.9,1806.3,439.7,0
20260527_053115_CAHMSV_006_f009360.jpg,1971.5,584.7,2026.5,633.0,0
20260527_053115_CAHMSV_006_f009450.jpg,1277.1,250.1,1371.8,355.4,0
20260527_053115_CAHMSV_006_f009450.jpg,1842.3,463.9,1901.8,517.8,0
20260527_053115_CAHMSV_006_f009450.jpg,2062.2,661.8,2119.5,715.9,0
20260527_053115_CAHMSV_006_f009540.jpg,1137.5,315.1,1222.5,413.0,0
20260527_053115_CAHMSV_006_f009540.jpg,1716.4,470.6,1780.3,534.2,0
20260527_053115_CAHMSV_006_f009540.jpg,1991.9,634.8,2066.2,701.7,0
20260527_053115_CAHMSV_006_f009630.jpg,1072.8,415.2,1140.9,490.0,0
20260527_053115_CAHMSV_006_f009630.jpg,1553.2,510.5,1611.0,576.0,0
20260527_053115_CAHMSV_006_f009630.jpg,1828.7,613.7,1888.7,677.9,0
20260527_053115_CAHMSV_006_f009720.jpg,971.9,290.5,1043.4,367.7,0
20260527_053115_CAHMSV_006_f009720.jpg,1481.7,351.8,1540.6,418.0,0
20260527_053115_CAHMSV_006_f009720.jpg,1750.8,461.2,1807.0,520.8,0
20260527_053115_CAHMSV_006_f009810.jpg,1042.3,310.5,1111.1,392.9,0
20260527_053115_CAHMSV_006_f009810.jpg,1515.9,411.1,1574.6,479.2,0
20260527_053115_CAHMSV_006_f009810.jpg,1786.4,551.2,1842.8,599.3,0
20260527_053115_CAHMSV_006_f009900.jpg,1156.9,284.3,1231.4,372.8,0
20260527_053115_CAHMSV_006_f009900.jpg,1618.8,419.6,1677.3,483.9,0
20260527_053115_CAHMSV_006_f009900.jpg,1872.9,580.3,1924.1,634.0,0
20260527_053115_CAHMSV_006_f009990.jpg,1076.3,351.9,1152.7,439.4,0
20260527_053115_CAHMSV_006_f009990.jpg,1530.7,448.5,1590.2,513.1,0
20260527_053115_CAHMSV_006_f009990.jpg,1769.8,533.0,1818.4,601.0,0
20260527_053115_CAHMSV_006_f010080.jpg,885.6,444.8,954.5,525.3,0
20260527_053115_CAHMSV_006_f010080.jpg,1344.1,521.0,1405.8,588.3,0
20260527_053115_CAHMSV_006_f010080.jpg,1618.0,597.8,1669.0,663.2,0
20260527_053115_CAHMSV_006_f010170.jpg,1186.7,365.0,1262.1,453.3,0
20260527_053115_CAHMSV_006_f010170.jpg,1653.9,572.9,1708.8,631.1,0
20260527_053115_CAHMSV_006_f010170.jpg,1887.8,721.8,1958.0,793.1,0
20260527_053115_CAHMSV_006_f010260.jpg,1199.4,581.9,1265.7,661.1,0
20260527_053115_CAHMSV_006_f010260.jpg,1643.3,700.6,1700.5,762.3,0
20260527_053115_CAHMSV_006_f010260.jpg,1874.2,786.3,1926.3,856.7,0
20260527_053115_CAHMSV_006_f010350.jpg,1268.8,699.6,1334.6,781.0,0
20260527_053115_CAHMSV_006_f010350.jpg,1721.1,847.3,1775.3,904.9,0
20260527_053115_CAHMSV_006_f010350.jpg,1929.5,931.3,1969.5,994.0,0
20260527_053115_CAHMSV_006_f010440.jpg,940.5,502.8,1012.1,592.8,0
20260527_053115_CAHMSV_006_f010440.jpg,1443.0,568.1,1507.5,642.0,0
20260527_053115_CAHMSV_006_f010440.jpg,1726.5,656.0,1785.3,729.5,0
20260527_053115_CAHMSV_006_f010530.jpg,681.3,247.2,769.5,347.1,0
20260527_053115_CAHMSV_006_f010530.jpg,1261.7,281.4,1331.9,358.2,0
20260527_053115_CAHMSV_006_f010530.jpg,1558.8,399.2,1625.3,471.1,0
20260527_053115_CAHMSV_006_f010620.jpg,1004.9,230.2,1091.7,338.2,0
20260527_053115_CAHMSV_006_f010620.jpg,1540.8,349.5,1612.3,427.3,0
20260527_053115_CAHMSV_006_f010620.jpg,1811.3,483.7,1873.9,558.2,0
20260527_053115_CAHMSV_006_f010710.jpg,1396.2,284.6,1485.0,388.6,0
20260527_053115_CAHMSV_006_f010710.jpg,1887.6,465.5,1955.6,534.4,0
20260527_053115_CAHMSV_006_f010710.jpg,2126.0,663.1,2188.9,730.6,0
20260527_080636_VVMVWX_001_f000000.jpg,1129.4,0.0,1769.6,9.1,0
20260527_080636_VVMVWX_001_f000000.jpg,1358.6,696.9,1449.0,815.4,0
20260527_080636_VVMVWX_001_f000010.jpg,1319.2,704.6,1408.4,826.1,0
20260527_080636_VVMVWX_001_f000020.jpg,1274.6,771.3,1362.8,892.6,0
20260527_080636_VVMVWX_001_f000030.jpg,1243.4,847.5,1333.5,967.5,0
20260527_080636_VVMVWX_001_f000040.jpg,1294.5,809.9,1384.1,928.1,0
20260527_080636_VVMVWX_001_f000050.jpg,1295.9,749.4,1384.0,875.2,0
20260527_080636_VVMVWX_001_f000060.jpg,1285.2,739.1,1377.8,863.0,0
20260527_080636_VVMVWX_001_f000070.jpg,1274.7,728.2,1366.4,854.7,0
20260527_080636_VVMVWX_001_f000080.jpg,1280.4,717.4,1373.9,841.9,0
20260527_080636_VVMVWX_001_f000090.jpg,1285.0,710.8,1379.9,835.8,0
20260527_080636_VVMVWX_001_f000100.jpg,1274.9,709.7,1367.3,835.6,0
20260527_080636_VVMVWX_001_f000110.jpg,1212.6,749.7,1305.4,866.8,0
20260527_080636_VVMVWX_001_f000120.jpg,1229.8,748.9,1324.4,870.8,0
20260527_080636_VVMVWX_001_f000130.jpg,1238.2,742.6,1329.1,863.2,0
20260527_080636_VVMVWX_001_f000140.jpg,1227.2,726.7,1321.0,851.2,0
20260527_080636_VVMVWX_001_f000150.jpg,1246.9,717.8,1337.8,838.2,0
20260527_080636_VVMVWX_001_f000160.jpg,1470.5,626.1,1561.3,752.2,0
20260527_080636_VVMVWX_001_f000180.jpg,1691.5,435.7,1789.9,559.6,0
20260527_080636_VVMVWX_001_f000190.jpg,1391.9,630.3,1486.0,751.7,0
20260527_080636_VVMVWX_001_f000200.jpg,1267.1,678.3,1354.1,798.9,0
20260527_080636_VVMVWX_001_f000210.jpg,1169.4,745.6,1256.6,865.0,0
20260527_080636_VVMVWX_001_f000220.jpg,1110.9,709.1,1197.7,828.1,0
20260527_080636_VVMVWX_001_f000230.jpg,1145.2,747.5,1231.2,864.8,0
20260527_080636_VVMVWX_001_f000240.jpg,1164.3,723.2,1250.0,844.1,0
20260527_080636_VVMVWX_001_f000250.jpg,1167.5,693.4,1254.0,816.7,0
20260527_080636_VVMVWX_001_f000260.jpg,1172.1,686.6,1259.0,801.9,0
20260527_080636_VVMVWX_001_f000270.jpg,1170.7,683.6,1260.8,801.6,0
20260527_080636_VVMVWX_001_f000280.jpg,1179.9,684.2,1268.9,804.1,0
20260527_080636_VVMVWX_001_f000290.jpg,1188.6,686.2,1276.4,808.7,0
20260527_080636_VVMVWX_001_f000300.jpg,1163.2,689.8,1251.8,809.8,0
20260527_080636_VVMVWX_001_f000310.jpg,1126.3,740.0,1215.7,859.3,0
20260527_080636_VVMVWX_001_f000320.jpg,1121.7,747.4,1211.2,868.2,0
20260527_080636_VVMVWX_001_f000330.jpg,1124.5,731.3,1212.9,846.3,0
20260527_080636_VVMVWX_001_f000340.jpg,1130.3,715.7,1218.7,836.5,0
20260527_080636_VVMVWX_001_f000350.jpg,1141.1,703.9,1231.6,826.3,0
20260527_080636_VVMVWX_001_f000360.jpg,1158.2,695.9,1245.8,812.9,0
20260527_080636_VVMVWX_001_f000370.jpg,1193.6,674.6,1278.5,783.8,0
20260527_080636_VVMVWX_001_f000380.jpg,1729.2,401.7,1808.5,517.7,0
20260527_080636_VVMVWX_001_f000400.jpg,1863.0,407.7,1937.1,527.8,0
20260527_080636_VVMVWX_001_f000410.jpg,1419.6,697.0,1486.5,800.8,0
20260527_080636_VVMVWX_001_f000420.jpg,1368.0,762.9,1427.4,840.1,0
20260527_080636_VVMVWX_001_f000430.jpg,1370.7,715.1,1430.1,792.3,0
20260527_080636_VVMVWX_001_f000440.jpg,1376.2,723.7,1428.0,799.1,0
20260527_080636_VVMVWX_001_f000450.jpg,1488.0,726.8,1540.4,772.6,0
20260527_080636_VVMVWX_001_f006415.jpg,332.0,912.0,375.7,942.4,0
20260527_080636_VVMVWX_001_f006425.jpg,439.4,835.5,488.3,865.0,0
20260527_080636_VVMVWX_001_f006590.jpg,268.5,396.1,310.9,476.5,0
20260527_080636_VVMVWX_001_f006600.jpg,602.0,623.2,640.8,705.9,0
20260527_080636_VVMVWX_001_f006610.jpg,718.3,595.8,755.8,661.4,0
20260527_080636_VVMVWX_001_f006620.jpg,691.3,575.1,735.3,639.5,0
20260527_080636_VVMVWX_001_f006630.jpg,136.0,394.8,192.4,479.2,0
20260527_080636_VVMVWX_001_f006645.jpg,160.2,335.8,240.9,402.0,0
20260527_080636_VVMVWX_001_f006655.jpg,281.6,443.8,347.4,494.8,0
20260527_080636_VVMVWX_001_f006665.jpg,620.9,545.1,684.9,595.8,0
20260527_080636_VVMVWX_001_f006675.jpg,766.8,545.4,819.9,594.8,0
20260527_080636_VVMVWX_001_f006685.jpg,953.4,281.4,1005.5,334.1,0
20260527_080636_VVMVWX_001_f006695.jpg,1488.0,87.0,1532.8,144.4,0
20260527_080636_VVMVWX_001_f007195.jpg,1532.3,718.1,1564.7,765.7,0
20260527_080636_VVMVWX_001_f007210.jpg,1780.4,499.2,1813.6,557.5,0
20260527_080636_VVMVWX_001_f007220.jpg,1952.4,599.3,1984.5,663.9,0
20260527_080636_VVMVWX_001_f007700.jpg,379.1,192.5,433.6,221.9,0
20260527_080636_VVMVWX_001_f007710.jpg,322.6,149.3,376.1,194.9,0
20260527_080636_VVMVWX_001_f007720.jpg,371.6,189.6,434.3,221.6,0
20260527_080636_VVMVWX_001_f007730.jpg,266.4,252.4,327.2,295.8,0
20260527_080636_VVMVWX_001_f007745.jpg,186.4,282.8,259.6,347.3,0
20260527_080636_VVMVWX_001_f008035.jpg,1381.6,782.6,1413.2,824.2,0
20260527_080636_VVMVWX_001_f008045.jpg,1382.8,698.6,1421.5,749.8,0
20260527_080636_VVMVWX_001_f008060.jpg,1552.5,905.9,1589.8,956.5,0
20260527_080636_VVMVWX_001_f008280.jpg,1023.8,864.1,1059.3,904.3,0
20260527_080636_VVMVWX_001_f008290.jpg,1009.7,884.9,1103.6,920.2,0
20260527_080636_VVMVWX_001_f008300.jpg,1026.8,840.7,1068.8,887.7,0
20260527_080636_VVMVWX_001_f008310.jpg,1047.6,847.6,1091.5,899.4,0
20260527_080636_VVMVWX_001_f008310.jpg,1279.0,827.9,1313.6,869.5,0
20260527_080636_VVMVWX_001_f008310.jpg,1682.5,879.2,1710.9,925.9,0
20260527_080636_VVMVWX_001_f008320.jpg,945.8,822.8,995.9,879.1,0
20260527_080636_VVMVWX_001_f008320.jpg,1186.0,766.5,1228.3,814.6,0
20260527_080636_VVMVWX_001_f008320.jpg,1655.3,763.3,1682.7,810.7,0
20260527_080636_VVMVWX_001_f008330.jpg,959.1,766.4,1020.0,838.7,0
20260527_080636_VVMVWX_001_f008330.jpg,1229.5,740.9,1278.0,793.8,0
20260527_080636_VVMVWX_001_f008330.jpg,1760.6,756.2,1793.8,806.5,0
20260527_080636_VVMVWX_001_f008340.jpg,1001.7,866.4,1068.3,948.1,0
20260527_080636_VVMVWX_001_f008340.jpg,1312.0,846.8,1371.7,912.6,0
20260527_080636_VVMVWX_001_f008350.jpg,1025.4,825.9,1100.9,918.8,0
20260527_080636_VVMVWX_001_f008350.jpg,1362.2,822.5,1442.2,903.2,0
20260527_080636_VVMVWX_001_f008350.jpg,1736.0,827.7,1775.4,868.3,0
20260527_080636_VVMVWX_001_f008350.jpg,1982.2,879.2,2024.0,940.1,0
20260527_080636_VVMVWX_001_f008360.jpg,934.0,826.2,1030.3,939.9,0
20260527_080636_VVMVWX_001_f008360.jpg,1232.2,750.9,1354.6,885.1,0
20260527_080636_VVMVWX_001_f008360.jpg,1719.8,761.4,1765.3,794.4,0
20260527_080636_VVMVWX_001_f008360.jpg,1991.9,739.9,2054.2,805.2,0
20260527_080636_VVMVWX_001_f008370.jpg,969.0,706.4,1072.4,841.9,0
20260527_080636_VVMVWX_001_f008370.jpg,1240.8,647.8,1424.7,852.9,0
20260527_080636_VVMVWX_001_f008370.jpg,1797.7,747.8,1846.0,784.1,0
20260527_080636_VVMVWX_001_f008370.jpg,2098.5,766.4,2159.3,837.0,0
20260527_080636_VVMVWX_001_f008380.jpg,923.6,750.5,1039.5,885.5,0
20260527_080636_VVMVWX_001_f008380.jpg,1025.9,660.4,1346.4,996.5,0
20260527_080636_VVMVWX_001_f008380.jpg,2089.5,811.0,2132.5,876.9,0
20260527_080636_VVMVWX_001_f008390.jpg,71.0,748.2,397.5,1328.2,0
20260527_080636_VVMVWX_001_f008390.jpg,746.8,783.2,864.2,927.5,0
20260527_080636_VVMVWX_001_f008390.jpg,1690.0,720.9,1739.4,767.2,0
20260527_080636_VVMVWX_001_f008390.jpg,2022.5,714.4,2070.8,782.0,0
20260527_080636_VVMVWX_001_f008400.jpg,747.1,790.1,870.6,939.2,0
20260527_080636_VVMVWX_001_f008400.jpg,1728.6,767.3,1773.8,809.0,0
20260527_080636_VVMVWX_001_f008400.jpg,2051.3,770.3,2115.3,856.1,0
20260527_080636_VVMVWX_001_f008410.jpg,804.8,726.1,928.9,881.6,0
20260527_080636_VVMVWX_001_f008410.jpg,1817.2,743.7,1864.0,791.1,0
20260527_080636_VVMVWX_001_f008420.jpg,1063.5,576.1,1195.6,738.0,0
20260527_080636_VVMVWX_001_f008420.jpg,2065.1,782.6,2110.1,827.3,0
20260527_080636_VVMVWX_001_f008430.jpg,1032.8,711.9,1171.7,862.3,0
20260527_080636_VVMVWX_001_f008430.jpg,2026.5,851.3,2071.0,890.5,0
20260527_080636_VVMVWX_001_f008440.jpg,1025.1,666.9,1167.9,832.1,0
20260527_080636_VVMVWX_001_f008440.jpg,2056.2,792.3,2098.7,847.2,0
20260527_080636_VVMVWX_001_f008450.jpg,964.3,666.3,1112.1,829.1,0
20260527_080636_VVMVWX_001_f008450.jpg,2020.8,825.1,2067.6,878.6,0
20260527_080636_VVMVWX_001_f008460.jpg,1114.8,530.7,1269.1,707.4,0
20260527_080636_VVMVWX_001_f008460.jpg,2131.9,799.4,2180.2,855.9,0
20260527_080636_VVMVWX_001_f008470.jpg,1110.0,697.5,1252.6,861.9,0
20260527_080636_VVMVWX_001_f008470.jpg,2076.8,935.5,2122.3,990.1,0
20260527_080636_VVMVWX_001_f008480.jpg,1024.2,739.3,1165.4,920.4,0
20260527_080636_VVMVWX_001_f008480.jpg,1985.2,961.5,2032.0,1018.5,0
20260527_080636_VVMVWX_001_f008490.jpg,1009.8,758.4,1146.5,938.4,0
20260527_080636_VVMVWX_001_f008490.jpg,1972.4,950.3,2018.8,1007.4,0
20260527_080636_VVMVWX_001_f008500.jpg,995.0,781.6,1131.0,940.9,0
20260527_080636_VVMVWX_001_f008500.jpg,1955.5,949.3,1999.6,1005.3,0
20260527_080636_VVMVWX_001_f008510.jpg,973.3,755.4,1110.8,919.9,0
20260527_080636_VVMVWX_001_f008510.jpg,1939.7,890.1,1987.0,946.6,0
20260527_080636_VVMVWX_001_f008520.jpg,941.8,756.4,1083.5,933.4,0
20260527_080636_VVMVWX_001_f008520.jpg,1914.5,869.0,1960.0,924.0,0
20260527_080636_VVMVWX_001_f008530.jpg,905.0,758.7,1049.9,935.0,0
20260527_080636_VVMVWX_001_f008530.jpg,1891.1,802.0,1936.2,856.9,0
20260527_080636_VVMVWX_001_f008540.jpg,1085.7,746.7,1241.7,937.8,0
20260527_080636_VVMVWX_001_f008540.jpg,2086.1,785.1,2131.4,844.1,0
20260527_080636_VVMVWX_001_f008550.jpg,941.6,684.2,1124.8,895.5,0
20260527_080636_VVMVWX_001_f008550.jpg,2080.8,715.5,2124.6,778.3,0
20260527_080636_VVMVWX_001_f008560.jpg,155.2,308.8,394.4,597.8,0
20260527_080636_VVMVWX_001_f008560.jpg,1670.9,375.6,1725.4,440.5,0
20260527_080636_VVMVWX_001_f008570.jpg,1605.1,427.7,1662.4,494.3,0
20260527_080636_VVMVWX_001_f008580.jpg,1543.7,485.9,1598.1,550.4,0
20260527_080636_VVMVWX_001_f008590.jpg,1661.1,476.0,1724.2,550.9,0
20260527_080636_VVMVWX_001_f008600.jpg,1797.6,472.3,1864.2,557.3,0
20260527_080636_VVMVWX_001_f008610.jpg,1348.6,536.9,1387.4,578.1,0
20260527_080636_VVMVWX_001_f008610.jpg,1836.8,609.9,1899.4,697.5,0
20260527_080636_VVMVWX_001_f008620.jpg,1422.0,568.5,1460.4,615.6,0
20260527_080636_VVMVWX_001_f008620.jpg,1992.1,636.7,2067.9,736.7,0
20260527_080636_VVMVWX_001_f008630.jpg,1525.6,598.7,1572.3,657.0,0
20260527_080636_VVMVWX_001_f008640.jpg,1546.5,714.4,1597.5,775.9,0
20260527_080636_VVMVWX_001_f008650.jpg,1537.8,728.2,1588.7,798.5,0
20260527_080636_VVMVWX_001_f008660.jpg,1279.0,717.5,1335.1,799.2,0
20260527_080636_VVMVWX_001_f008670.jpg,1761.9,603.0,1824.6,698.9,0
20260527_080636_VVMVWX_001_f008755.jpg,1683.5,342.5,1723.0,394.3,0
20260527_080636_VVMVWX_001_f009015.jpg,876.6,763.4,918.0,812.6,0
20260527_080636_VVMVWX_001_f009025.jpg,811.8,791.1,873.7,863.1,0
20260527_080636_VVMVWX_001_f009035.jpg,629.9,656.8,718.1,762.9,0
20260527_080636_VVMVWX_001_f009045.jpg,440.8,575.5,601.2,817.0,0
20260527_080636_VVMVWX_001_f009450.jpg,747.4,815.9,789.5,847.9,0
20260527_080636_VVMVWX_001_f009460.jpg,638.4,827.3,688.4,863.5,0
20260527_080636_VVMVWX_001_f009660.jpg,926.7,814.1,967.0,856.0,0
20260527_080636_VVMVWX_001_f009670.jpg,1167.3,689.5,1214.9,745.3,0
20260527_080636_VVMVWX_001_f009680.jpg,1087.0,700.2,1137.7,781.5,0
20260527_080636_VVMVWX_001_f009690.jpg,1661.2,495.9,1692.0,536.6,0
20260527_080636_VVMVWX_001_f009700.jpg,1552.0,493.3,1593.1,546.5,0
20260527_082739_BQRAWE_002_f000000.jpg,2026.8,549.1,2107.0,696.5,0
20260527_082739_BQRAWE_002_f000085.jpg,2007.3,476.4,2090.1,620.0,0
20260527_082739_BQRAWE_002_f000160.jpg,1825.0,315.6,1903.1,454.8,0
20260527_082739_BQRAWE_002_f000235.jpg,1793.4,294.1,1875.4,431.0,0
20260527_082739_BQRAWE_002_f000310.jpg,1799.4,558.4,1877.3,680.7,0
20260527_082739_BQRAWE_002_f000415.jpg,1888.6,649.7,1966.9,770.1,0
20260527_082739_BQRAWE_002_f000515.jpg,1691.4,474.2,1767.9,613.0,0
20260527_082739_BQRAWE_002_f000615.jpg,2010.6,602.8,2091.3,742.2,0
20260527_082739_BQRAWE_002_f000690.jpg,1480.4,525.0,1549.9,649.4,0
20260527_082739_BQRAWE_002_f000765.jpg,2097.8,711.7,2203.6,754.0,0
20260527_082739_BQRAWE_002_f000850.jpg,1818.9,505.6,1898.2,643.7,0
20260527_082739_BQRAWE_002_f000925.jpg,991.9,716.4,1079.5,823.1,0
20260527_082739_BQRAWE_002_f001035.jpg,2086.4,674.1,2164.7,831.8,0
20260527_082739_BQRAWE_002_f001110.jpg,2085.7,777.5,2136.2,827.3,0
20260527_082739_BQRAWE_002_f001205.jpg,2066.5,789.0,2132.3,903.3,0
20260527_082739_BQRAWE_002_f001280.jpg,1851.0,305.0,1928.8,444.2,0
20260527_082739_BQRAWE_002_f001355.jpg,1761.9,334.0,1840.7,473.3,0
20260527_082739_BQRAWE_002_f001430.jpg,1795.1,319.6,1873.1,457.3,0
20260527_082739_BQRAWE_002_f001505.jpg,1601.2,667.6,1694.0,692.2,0
20260527_082739_BQRAWE_002_f001600.jpg,185.5,920.9,231.6,1017.3,0
20260527_082739_BQRAWE_002_f001710.jpg,1935.3,330.7,1969.6,378.7,0
20260527_082739_BQRAWE_002_f001930.jpg,1914.3,216.8,1961.0,278.5,0
20260527_082739_BQRAWE_002_f002025.jpg,1866.9,263.6,1900.5,311.2,0
20260527_082739_BQRAWE_002_f002100.jpg,1893.9,319.1,1978.9,362.3,0
20260527_082739_BQRAWE_002_f002200.jpg,1879.4,496.4,1958.2,634.7,0
20260527_082739_BQRAWE_002_f002275.jpg,1797.3,324.0,1870.5,376.7,0
20260527_082739_BQRAWE_002_f002275.jpg,2073.8,603.9,2189.4,656.3,0
20260527_082739_BQRAWE_002_f002350.jpg,2084.9,618.4,2162.0,762.0,0
20260527_082739_BQRAWE_002_f002425.jpg,1633.6,325.0,1701.3,350.6,0
20260527_082739_BQRAWE_002_f002425.jpg,1991.1,611.3,2063.1,741.1,0
20260527_082739_BQRAWE_002_f002500.jpg,1739.1,458.5,1798.4,541.1,0
20260527_082739_BQRAWE_002_f002500.jpg,1963.8,753.5,2034.8,883.3,0
20260527_082739_BQRAWE_002_f002575.jpg,1606.2,386.3,1650.7,439.4,0
20260527_082739_BQRAWE_002_f002575.jpg,1946.2,593.7,2012.4,719.1,0
20260527_082739_BQRAWE_002_f002665.jpg,190.9,789.9,252.6,895.8,0
20260527_082739_BQRAWE_002_f002755.jpg,1552.7,308.3,1582.4,353.2,0
20260527_082739_BQRAWE_002_f002755.jpg,1891.5,463.7,1963.9,597.8,0
20260527_082739_BQRAWE_002_f002755.jpg,2044.2,541.5,2109.5,550.4,0
20260527_082739_BQRAWE_002_f002830.jpg,1952.5,397.3,1994.2,458.2,0
20260527_082739_BQRAWE_002_f002905.jpg,1932.7,306.2,1993.1,348.7,0
20260527_082739_BQRAWE_002_f002980.jpg,1933.9,388.8,1995.2,432.8,0
20260527_082739_BQRAWE_002_f003055.jpg,1716.7,305.4,1756.5,359.2,0
20260527_082739_BQRAWE_002_f003055.jpg,2044.1,485.8,2114.6,615.7,0
20260527_082739_BQRAWE_002_f003130.jpg,1950.7,380.3,2019.2,438.6,0
20260527_082739_BQRAWE_002_f003205.jpg,1794.4,252.3,1834.5,307.8,0
20260527_082739_BQRAWE_002_f003280.jpg,1836.6,338.3,1910.2,381.4,0
20260527_082739_BQRAWE_002_f003355.jpg,1588.5,349.0,1621.2,391.5,0
20260527_082739_BQRAWE_002_f003355.jpg,1901.9,525.6,1970.2,652.2,0
20260527_082739_BQRAWE_002_f003435.jpg,1837.1,450.3,1879.6,511.3,0
20260527_082739_BQRAWE_002_f003535.jpg,1533.8,354.6,1569.6,396.7,0
20260527_082739_BQRAWE_002_f003535.jpg,1891.5,463.7,1972.0,589.2,0
20260527_082739_BQRAWE_002_f003610.jpg,1782.6,275.1,1827.2,336.2,0
20260527_082739_BQRAWE_002_f003685.jpg,1840.3,339.3,1887.0,393.7,0
20260527_082739_BQRAWE_002_f003760.jpg,1754.3,207.6,1802.2,262.9,0
20260527_082739_BQRAWE_002_f003760.jpg,2075.3,465.6,2165.8,620.4,0
20260527_082739_BQRAWE_002_f003835.jpg,1979.7,494.5,2054.7,635.5,0
20260527_082739_BQRAWE_002_f003910.jpg,1616.0,348.3,1660.7,405.1,0
20260527_082739_BQRAWE_002_f003910.jpg,1944.7,562.1,2018.5,695.4,0
20260527_082739_BQRAWE_002_f003985.jpg,1772.5,240.8,1812.5,288.1,0
20260527_082739_BQRAWE_002_f003985.jpg,2042.7,506.6,2118.5,653.0,0
20260527_082739_BQRAWE_002_f004060.jpg,1696.0,241.8,1763.0,317.5,0
20260527_082739_BQRAWE_002_f004060.jpg,1994.7,509.5,2072.6,651.2,0
20260527_082739_BQRAWE_002_f004135.jpg,1777.9,274.0,1851.9,350.1,0
20260527_082739_BQRAWE_002_f004135.jpg,2064.4,596.0,2138.8,728.9,0
20260527_082739_BQRAWE_002_f004210.jpg,1767.4,296.3,1805.0,337.5,0
20260527_082739_BQRAWE_002_f004210.jpg,2059.6,573.9,2134.8,721.2,0
20260527_082739_BQRAWE_002_f004285.jpg,1507.6,155.5,1543.7,196.9,0
20260527_082739_BQRAWE_002_f004285.jpg,1856.3,364.1,1932.3,496.5,0
20260527_082739_BQRAWE_002_f004360.jpg,1684.1,249.3,1753.0,326.0,0
20260527_082739_BQRAWE_002_f004360.jpg,1983.0,529.8,2052.7,670.8,0
20260527_082739_BQRAWE_002_f004435.jpg,1174.9,569.0,1209.1,615.3,0
20260527_082739_BQRAWE_002_f004435.jpg,1502.8,643.4,1578.5,747.8,0
20260527_082739_BQRAWE_002_f004525.jpg,271.3,846.1,318.3,936.3,0
20260527_082739_BQRAWE_002_f004600.jpg,1575.4,469.4,1615.6,525.7,0
20260527_082739_BQRAWE_002_f004600.jpg,1902.7,641.6,1969.4,754.0,0
20260527_082739_BQRAWE_002_f004675.jpg,1753.2,399.0,1828.9,444.8,0
20260527_082739_BQRAWE_002_f004675.jpg,2055.0,662.9,2126.8,782.7,0
20260527_082739_BQRAWE_002_f004750.jpg,429.7,696.1,467.4,743.2,0
20260527_082739_BQRAWE_002_f004750.jpg,729.2,706.6,827.7,817.3,0
20260527_082739_BQRAWE_002_f004865.jpg,1938.0,374.0,1989.2,429.0,0
20260527_082739_BQRAWE_002_f004940.jpg,1557.8,398.9,1598.8,455.7,0
20260527_082739_BQRAWE_002_f004940.jpg,1927.0,560.2,2003.4,682.7,0
20260527_082739_BQRAWE_002_f005015.jpg,2031.6,607.8,2107.9,747.8,0
20260527_082739_BQRAWE_002_f005090.jpg,1856.7,401.4,1934.7,462.1,0
20260527_082739_BQRAWE_002_f005165.jpg,1920.9,451.0,1994.5,517.4,0
20260527_082739_BQRAWE_002_f005240.jpg,1946.5,663.2,2004.2,690.5,0
20260527_082739_BQRAWE_002_f005340.jpg,238.3,909.8,292.1,1003.5,0
20260527_082739_BQRAWE_002_f005415.jpg,279.7,641.3,347.4,760.7,0
20260527_082739_BQRAWE_002_f005505.jpg,1356.0,470.5,1432.3,571.9,0
20260527_082739_BQRAWE_002_f005590.jpg,1917.8,599.3,1989.0,720.3,0
20260527_082739_BQRAWE_002_f005690.jpg,2042.9,446.7,2132.0,492.6,0
20260527_082739_BQRAWE_002_f005765.jpg,1763.5,353.4,1807.2,407.9,0
20260527_082739_BQRAWE_002_f005765.jpg,2059.8,606.6,2139.1,753.6,0
20260527_082739_BQRAWE_002_f005840.jpg,1904.6,403.6,1979.8,460.4,0
20260527_082739_BQRAWE_002_f005915.jpg,1529.2,52.3,1630.5,218.9,0
20260527_082739_BQRAWE_002_f005990.jpg,1795.6,302.9,1836.7,354.2,0
20260527_082739_BQRAWE_002_f005990.jpg,2103.3,544.7,2189.7,710.8,0
20260527_082739_BQRAWE_002_f006065.jpg,1979.9,438.6,2024.1,493.7,0
20260527_082739_BQRAWE_002_f006140.jpg,1965.9,518.1,1993.4,579.4,0
20260527_082739_BQRAWE_002_f006215.jpg,1762.3,318.6,1809.3,376.5,0
20260527_082739_BQRAWE_002_f006215.jpg,2062.1,615.2,2135.3,754.1,0
20260527_082739_BQRAWE_002_f006290.jpg,1756.7,454.0,1821.4,512.9,0
20260527_082739_BQRAWE_002_f006290.jpg,2021.0,781.7,2091.9,915.0,0
20260527_082739_BQRAWE_002_f006365.jpg,1410.9,576.3,1446.9,622.1,0
20260527_082739_BQRAWE_002_f006365.jpg,1829.1,661.4,1913.6,778.1,0
20260527_082739_BQRAWE_002_f006440.jpg,1149.1,305.1,1189.4,360.2,0
20260527_082739_BQRAWE_002_f006440.jpg,1635.4,629.8,1721.0,762.7,0
20260527_082739_BQRAWE_002_f006515.jpg,979.2,198.1,1025.4,250.0,0
20260527_082739_BQRAWE_002_f006515.jpg,1529.0,507.9,1619.6,643.4,0
20260527_082739_BQRAWE_002_f006590.jpg,1723.7,583.8,1805.5,712.4,0
20260527_082739_BQRAWE_002_f006665.jpg,1312.8,168.1,1357.2,222.2,0
20260527_082739_BQRAWE_002_f006665.jpg,1736.5,569.6,1815.6,704.7,0
20260527_082739_BQRAWE_002_f006740.jpg,1891.4,508.2,1934.0,562.5,0
20260527_082739_BQRAWE_002_f006830.jpg,2057.2,769.9,2125.1,845.1,0
20260527_082739_BQRAWE_002_f006905.jpg,803.5,41.2,879.8,102.5,0
20260527_082739_BQRAWE_002_f006905.jpg,1456.0,296.5,1577.8,428.3,0
20260527_082739_BQRAWE_002_f006980.jpg,1510.0,234.4,1610.1,378.5,0
20260527_082739_BQRAWE_002_f007055.jpg,911.2,371.0,983.9,442.0,0
20260527_082739_BQRAWE_002_f007055.jpg,1485.9,242.4,1594.9,382.3,0
20260527_082739_BQRAWE_002_f007130.jpg,1480.8,237.2,1581.9,378.2,0
20260527_082739_BQRAWE_002_f007205.jpg,1483.4,250.8,1595.2,386.7,0
20260527_082739_BQRAWE_002_f007280.jpg,1538.3,242.0,1651.8,390.2,0
20260527_082739_BQRAWE_002_f007355.jpg,1486.7,265.6,1602.3,397.4,0
20260527_082739_BQRAWE_002_f007430.jpg,1477.9,260.6,1587.2,395.9,0
20260527_082739_BQRAWE_002_f007505.jpg,1469.5,267.3,1573.8,392.5,0
20260527_082739_BQRAWE_002_f007580.jpg,1455.3,271.7,1566.0,399.8,0
20260527_082739_BQRAWE_002_f007655.jpg,1426.7,312.3,1545.0,423.5,0
20260527_082739_BQRAWE_002_f007730.jpg,1444.9,286.2,1549.3,407.4,0
20260527_082739_BQRAWE_002_f007805.jpg,1445.1,289.6,1550.0,411.6,0
20260527_082739_BQRAWE_002_f007880.jpg,1447.5,277.7,1555.6,406.4,0
20260527_082739_BQRAWE_002_f007955.jpg,1457.4,276.2,1562.8,405.9,0
20260527_082739_BQRAWE_002_f008030.jpg,1462.6,274.5,1568.0,409.6,0
20260527_082739_BQRAWE_002_f008105.jpg,1471.0,274.2,1574.2,405.3,0
20260527_082739_BQRAWE_002_f008180.jpg,1476.2,271.4,1582.2,400.2,0
20260527_082739_BQRAWE_002_f008255.jpg,1479.5,281.1,1581.3,400.3,0
20260527_082739_BQRAWE_002_f008330.jpg,1492.9,275.3,1598.3,397.4,0
20260527_082739_BQRAWE_002_f008405.jpg,1484.5,270.9,1593.2,407.3,0
20260527_082739_BQRAWE_002_f008480.jpg,1484.9,271.6,1585.5,396.4,0
20260527_082739_BQRAWE_002_f008555.jpg,1476.1,272.7,1581.4,397.6,0
20260527_082739_BQRAWE_002_f008630.jpg,1476.8,268.4,1579.3,400.2,0
20260527_082739_BQRAWE_002_f008705.jpg,1530.3,261.1,1619.5,396.7,0
20260527_082739_BQRAWE_002_f008780.jpg,1510.3,268.2,1614.7,404.0,0
20260527_082739_BQRAWE_002_f008855.jpg,1507.1,278.5,1610.7,401.7,0
20260527_082739_BQRAWE_002_f008930.jpg,1505.6,270.2,1619.0,409.5,0
20260527_082739_BQRAWE_002_f009005.jpg,1495.8,261.6,1591.6,399.0,0
20260527_082739_BQRAWE_002_f009080.jpg,1513.6,272.6,1625.1,405.4,0
20260527_082739_BQRAWE_002_f009155.jpg,1506.3,270.5,1611.9,406.0,0
20260527_082739_BQRAWE_002_f009230.jpg,1495.9,278.7,1606.7,411.2,0
20260527_082739_BQRAWE_002_f009305.jpg,1494.9,276.1,1603.5,411.6,0
20260527_082739_BQRAWE_002_f009380.jpg,1483.2,279.5,1599.3,420.0,0
20260527_082739_BQRAWE_002_f009455.jpg,1481.8,282.3,1596.4,417.3,0
20260527_082739_BQRAWE_002_f009530.jpg,1473.0,287.5,1585.7,417.6,0
20260528_004951_MXZWPD_004_f004735.jpg,566.8,367.6,621.8,437.9,0
20260528_004951_MXZWPD_004_f004740.jpg,559.7,345.7,613.6,418.6,0
20260528_004951_MXZWPD_004_f004745.jpg,558.4,335.7,613.6,412.1,0
20260528_004951_MXZWPD_004_f004750.jpg,546.3,322.9,601.6,399.4,0
20260528_004951_MXZWPD_004_f004755.jpg,529.0,332.9,580.2,399.0,0
20260528_004951_MXZWPD_004_f004760.jpg,503.7,362.7,555.2,427.9,0
20260528_004951_MXZWPD_004_f004765.jpg,501.3,391.2,552.6,460.2,0
20260528_004951_MXZWPD_004_f005780.jpg,523.4,235.1,604.4,262.3,0
20260528_004951_MXZWPD_004_f005785.jpg,563.4,231.8,604.0,273.0,0
20260528_004951_MXZWPD_004_f005790.jpg,572.1,247.3,614.6,294.6,0
20260528_004951_MXZWPD_004_f005795.jpg,564.0,263.0,606.4,309.4,0
20260528_004951_MXZWPD_004_f005880.jpg,605.6,348.1,658.4,416.4,0
20260528_004951_MXZWPD_004_f005885.jpg,609.3,354.6,658.6,421.4,0
20260528_004951_MXZWPD_004_f005890.jpg,619.0,361.9,666.3,429.7,0
20260528_004951_MXZWPD_004_f005895.jpg,630.8,386.8,677.5,451.4,0
20260528_004951_MXZWPD_004_f005900.jpg,622.3,424.7,665.0,485.8,0
20260528_004951_MXZWPD_004_f005905.jpg,619.4,468.3,661.6,526.3,0
20260528_004951_MXZWPD_004_f005915.jpg,610.2,554.0,649.6,610.3,0
20260528_004951_MXZWPD_004_f007385.jpg,525.4,193.1,574.3,259.8,0
20260528_004951_MXZWPD_004_f007390.jpg,502.0,210.7,549.0,268.4,0
20260528_004951_MXZWPD_004_f007395.jpg,503.0,199.2,549.6,256.9,0
20260528_004951_MXZWPD_004_f007400.jpg,487.3,190.6,530.7,244.4,0
