2026-10-02 04:25:33,020 - mmdet - INFO - Environment info:
------------------------------------------------------------
sys.platform: linux
Python: 3.12.3 (main, Jun 19 2026, 12:46:00) [GCC 13.3.0]
CUDA available: True
GPU 0,1,2,3,4,5,6,7: NVIDIA H100 80GB HBM3
CUDA_HOME: /usr/local/cuda
NVCC: Build cuda_13.0.r13.0/compiler.36424714_0
GCC: gcc (Ubuntu 13.3.0-6ubuntu2~24.04.1) 13.3.0
PyTorch: 2.13.0+cu130
PyTorch compiling details: PyTorch built with:
  - GCC 13.3
  - C++ Version: 202002
  - Intel(R) oneAPI Math Kernel Library Version 2024.2-Product Build 20240605 for Intel(R) 64 architecture applications
  - Intel(R) MKL-DNN v3.12.0 (Git Hash 80afa71049cd69a3df32adcccb623b12cd7baa22)
  - OpenMP 201511 (a.k.a. OpenMP 4.5)
  - LAPACK is enabled (usually provided by MKL)
  - NNPACK is enabled
  - CPU capability usage: AVX512
  - CUDA Runtime 13.0
  - NVCC architecture flags: -gencode;arch=compute_75,code=sm_75;-gencode;arch=compute_80,code=sm_80;-gencode;arch=compute_86,code=sm_86;-gencode;arch=compute_90,code=sm_90;-gencode;arch=compute_100,code=sm_100;-gencode;arch=compute_120,code=sm_120
  - CuDNN 92.0  (built against CUDA 13.2)
  - Magma 2.6.1
  - Build settings: BLAS_INFO=mkl, BUILD_TYPE=Release, COMMIT_SHA=cf30153c4c131c8164ee7798e5022d810682e2cb, CUDA_FLAGS= -DLIBCUDACXX_ENABLE_SIMPLIFIED_COMPLEX_OPERATIONS -Xfatbin -compress-all -DONNX_NAMESPACE=onnx_torch -gencode arch=compute_75,code=sm_75 -gencode arch=compute_80,code=sm_80 -gencode arch=compute_86,code=sm_86 -gencode arch=compute_90,code=sm_90 -gencode arch=compute_100,code=sm_100 -gencode arch=compute_120,code=sm_120 -Xcudafe --diag_suppress=cc_clobber_ignored,--diag_suppress=field_without_dll_interface,--diag_suppress=base_class_has_different_dll_interface,--diag_suppress=dll_interface_conflict_none_assumed,--diag_suppress=dll_interface_conflict_dllexport_assumed,--diag_suppress=bad_friend_decl --expt-relaxed-constexpr --expt-extended-lambda -Xfatbin -compress-all --threads 2 -compress-mode=size -Wno-deprecated-gpu-targets --expt-extended-lambda -DCUB_WRAPPED_NAMESPACE=at_cuda_detail -DDISABLE_CUSPARSE_DEPRECATED -DCUDA_HAS_FP16=1 -D__CUDA_NO_HALF_OPERATORS__ -D__CUDA_NO_HALF_CONVERSIONS__ -D__CUDA_NO_HALF2_OPERATORS__ -D__CUDA_NO_BFLOAT16_CONVERSIONS__ -DC10_NODEPRECATED, CUDA_VERSION=13.0, CUDNN_VERSION=9.20.0, CXX_COMPILER=/opt/rh/gcc-toolset-13/root/usr/bin/c++, CXX_FLAGS= -fvisibility-inlines-hidden -DUSE_PTHREADPOOL -DNDEBUG -DUSE_KINETO -DHAS_CUPTI -DUSE_FBGEMM -DUSE_MSLK -DUSE_PYTORCH_QNNPACK -DSYMBOLICATE_MOBILE_DEBUG_HANDLE -O2 -fPIC -DC10_NODEPRECATED -Wall -Wextra -Werror=return-type -Werror=non-virtual-dtor -Werror=range-loop-construct -Werror=bool-operation -Wnarrowing -Wno-missing-field-initializers -Wno-unknown-pragmas -Wno-unused-parameter -Wno-strict-overflow -Wno-strict-aliasing -Wno-stringop-overflow -Wsuggest-override -Wno-psabi -Wno-error=old-style-cast -faligned-new -Wno-maybe-uninitialized -fno-math-errno -fno-trapping-math -Werror=format -Wno-dangling-reference -Wno-error=dangling-reference -Wno-stringop-overflow, LAPACK_INFO=mkl, PERF_WITH_AVX=1, PERF_WITH_AVX2=1, TORCH_VERSION=2.13.0, USE_CUDA=1, USE_CUDNN=ON, USE_CUSPARSELT=1, USE_GFLAGS=OFF, USE_GLOG=OFF, USE_GLOO=ON, USE_MKL=ON, USE_MKLDNN=ON, USE_MPI=OFF, USE_NCCL=ON, USE_NNPACK=ON, USE_OPENMP=ON, USE_ROCM=OFF, USE_ROCM_KERNEL_ASSERT=OFF, USE_XCCL=OFF, USE_XPU=OFF, 

TorchVision: 0.28.0+cu130
OpenCV: 4.11.0
MMCV: 1.4.0
MMCV Compiler: n/a (scrfd_shim: mmcv compiled without ops)
MMCV CUDA Compiler: n/a (scrfd_shim: mmcv compiled without ops)
MMDetection: 2.7.0+
------------------------------------------------------------

2026-10-02 04:25:33,287 - mmdet - INFO - Distributed training: True
2026-10-02 04:25:33,402 - mmdet - INFO - Config:
optimizer = dict(type='SGD', lr=0.0001, momentum=0.9, weight_decay=0.0005)
optimizer_config = dict(
    type='GradientCumulativeOptimizerHook', cumulative_iters=1, grad_clip=None)
lr_config = dict(
    policy='step',
    warmup='linear',
    warmup_iters=200,
    warmup_ratio=0.001,
    step=[4])
total_epochs = 5
checkpoint_config = dict(interval=1)
log_config = dict(interval=50, hooks=[dict(type='TextLoggerHook')])
dist_params = dict(backend='nccl')
log_level = 'INFO'
load_from = '/mnt/cachefs/esteban/pii/runs/train/wd_armAM34_fluence/epoch_20.pth'
work_dir = '/mnt/cachefs/esteban/pii/runs/train/wd_armAW34_fluence'
resume_from = None
workflow = [('train', 1)]
dataset_type = 'RetinaFaceDataset'
data_root = 'data/retinaface/'
train_root = 'data/retinaface/train/'
val_root = 'data/retinaface/val/'
img_norm_cfg = dict(
    mean=[127.5, 127.5, 127.5], std=[128.0, 128.0, 128.0], to_rgb=True)
train_pipeline = [
    dict(type='LoadImageFromFile', to_float32=True),
    dict(type='LoadAnnotations', with_bbox=True, with_keypoints=True),
    dict(
        type='RandomSquareCrop',
        crop_choice=[0.3, 0.45, 0.6, 0.8, 1.0, 1.2, 1.4, 1.6, 1.8, 2.0],
        bbox_clip_border=False),
    dict(
        type='Resize',
        img_scale=(640, 640),
        keep_ratio=False,
        bbox_clip_border=False),
    dict(type='RandomFlip', flip_ratio=0.5),
    dict(
        type='PhotoMetricDistortion',
        brightness_delta=32,
        contrast_range=(0.5, 1.5),
        saturation_range=(0.5, 1.5),
        hue_delta=18),
    dict(
        type='Normalize',
        mean=[127.5, 127.5, 127.5],
        std=[128.0, 128.0, 128.0],
        to_rgb=True),
    dict(type='DefaultFormatBundle'),
    dict(
        type='Collect',
        keys=[
            'img', 'gt_bboxes', 'gt_labels', 'gt_bboxes_ignore',
            'gt_keypointss'
        ])
]
test_pipeline = [
    dict(type='LoadImageFromFile'),
    dict(
        type='MultiScaleFlipAug',
        img_scale=(640, 640),
        flip=False,
        transforms=[
            dict(type='Resize', keep_ratio=True),
            dict(type='RandomFlip', flip_ratio=0.0),
            dict(
                type='Normalize',
                mean=[127.5, 127.5, 127.5],
                std=[128.0, 128.0, 128.0],
                to_rgb=True),
            dict(type='Pad', size=(640, 640), pad_val=0),
            dict(type='ImageToTensor', keys=['img']),
            dict(type='Collect', keys=['img'])
        ])
]
data = dict(
    samples_per_gpu=8,
    workers_per_gpu=16,
    train=dict(
        type='ConcatDataset',
        datasets=[
            dict(
                type='RetinaFaceDataset',
                ann_file='data/mix_ds/train_Z6.txt',
                img_prefix='data/mix_ds/images/',
                pipeline=[
                    dict(type='LoadImageFromFile', to_float32=True),
                    dict(
                        type='LoadAnnotations',
                        with_bbox=True,
                        with_keypoints=True),
                    dict(
                        type='RandomSquareCrop',
                        crop_choice=[
                            0.3, 0.45, 0.6, 0.8, 1.0, 1.2, 1.4, 1.6, 1.8, 2.0
                        ],
                        bbox_clip_border=False),
                    dict(
                        type='Resize',
                        img_scale=(640, 640),
                        keep_ratio=False,
                        bbox_clip_border=False),
                    dict(type='RandomFlip', flip_ratio=0.5),
                    dict(
                        type='PhotoMetricDistortion',
                        brightness_delta=32,
                        contrast_range=(0.5, 1.5),
                        saturation_range=(0.5, 1.5),
                        hue_delta=18),
                    dict(
                        type='Normalize',
                        mean=[127.5, 127.5, 127.5],
                        std=[128.0, 128.0, 128.0],
                        to_rgb=True),
                    dict(type='DefaultFormatBundle'),
                    dict(
                        type='Collect',
                        keys=[
                            'img', 'gt_bboxes', 'gt_labels',
                            'gt_bboxes_ignore', 'gt_keypointss'
                        ])
                ]),
            dict(
                type='RepeatDataset',
                times=4,
                dataset=dict(
                    type='RetinaFaceDataset',
                    ann_file='data/mix_ds/train_FD.txt',
                    img_prefix='data/mix_ds/images/',
                    pipeline=[
                        dict(type='LoadImageFromFile', to_float32=True),
                        dict(
                            type='LoadAnnotations',
                            with_bbox=True,
                            with_keypoints=True),
                        dict(
                            type='RandomSquareCrop',
                            crop_choice=[
                                0.3, 0.45, 0.6, 0.8, 1.0, 1.2, 1.4, 1.6, 1.8,
                                2.0
                            ],
                            bbox_clip_border=False),
                        dict(
                            type='Resize',
                            img_scale=(640, 640),
                            keep_ratio=False,
                            bbox_clip_border=False),
                        dict(type='RandomFlip', flip_ratio=0.5),
                        dict(
                            type='PhotoMetricDistortion',
                            brightness_delta=32,
                            contrast_range=(0.5, 1.5),
                            saturation_range=(0.5, 1.5),
                            hue_delta=18),
                        dict(
                            type='Normalize',
                            mean=[127.5, 127.5, 127.5],
                            std=[128.0, 128.0, 128.0],
                            to_rgb=True),
                        dict(type='DefaultFormatBundle'),
                        dict(
                            type='Collect',
                            keys=[
                                'img', 'gt_bboxes', 'gt_labels',
                                'gt_bboxes_ignore', 'gt_keypointss'
                            ])
                    ]))
        ]),
    val=dict(
        type='RetinaFaceDataset',
        ann_file='/data/liangzhenghao/face_pii/raw_ds/val/labelv2.txt',
        img_prefix='/data/liangzhenghao/face_pii/raw_ds/images/',
        pipeline=[
            dict(type='LoadImageFromFile'),
            dict(
                type='MultiScaleFlipAug',
                img_scale=(640, 640),
                flip=False,
                transforms=[
                    dict(type='Resize', keep_ratio=True),
                    dict(type='RandomFlip', flip_ratio=0.0),
                    dict(
                        type='Normalize',
                        mean=[127.5, 127.5, 127.5],
                        std=[128.0, 128.0, 128.0],
                        to_rgb=True),
                    dict(type='Pad', size=(640, 640), pad_val=0),
                    dict(type='ImageToTensor', keys=['img']),
                    dict(type='Collect', keys=['img'])
                ])
        ]),
    test=dict(
        type='RetinaFaceDataset',
        ann_file='/data/liangzhenghao/face_pii/raw_ds/val/labelv2.txt',
        img_prefix='/data/liangzhenghao/face_pii/raw_ds/images/',
        pipeline=[
            dict(type='LoadImageFromFile'),
            dict(
                type='MultiScaleFlipAug',
                img_scale=(640, 640),
                flip=False,
                transforms=[
                    dict(type='Resize', keep_ratio=True),
                    dict(type='RandomFlip', flip_ratio=0.0),
                    dict(
                        type='Normalize',
                        mean=[127.5, 127.5, 127.5],
                        std=[128.0, 128.0, 128.0],
                        to_rgb=True),
                    dict(type='Pad', size=(640, 640), pad_val=0),
                    dict(type='ImageToTensor', keys=['img']),
                    dict(type='Collect', keys=['img'])
                ])
        ]))
train_cfg = dict(
    assigner=dict(type='ATSSAssigner', topk=9, ignore_iof_thr=0.5),
    allowed_border=-1,
    pos_weight=-1,
    debug=False,
    neg_weight_zero_prefix='/pii',
    neg_weight_full_substrings=['BTJPSP', 'NQYJPB'],
    neg_weight_pii=0.5,
    qscore='one')
test_cfg = dict(
    nms_pre=-1,
    min_bbox_size=0,
    score_thr=0.02,
    nms=dict(type='nms', iou_threshold=0.45),
    max_per_img=-1)
model = dict(
    type='SCRFD',
    backbone=dict(
        type='ResNetV1e',
        depth=0,
        block_cfg=dict(
            block='Bottleneck',
            stage_blocks=(17, 16, 2, 8),
            stage_planes=[56, 56, 144, 184]),
        base_channels=56,
        num_stages=4,
        out_indices=(0, 1, 2, 3),
        norm_cfg=dict(type='BN', requires_grad=True),
        norm_eval=False,
        style='pytorch'),
    neck=dict(
        type='PAFPN',
        in_channels=[224, 224, 576, 736],
        out_channels=128,
        start_level=1,
        add_extra_convs='on_output',
        num_outs=3),
    bbox_head=dict(
        type='SCRFDHead',
        num_classes=1,
        in_channels=128,
        stacked_convs=2,
        feat_channels=256,
        norm_cfg=dict(type='GN', num_groups=32, requires_grad=True),
        cls_reg_share=True,
        strides_share=True,
        scale_mode=2,
        anchor_generator=dict(
            type='AnchorGenerator',
            ratios=[1.0],
            scales=[1, 2],
            base_sizes=[16, 64, 256],
            strides=[8, 16, 32]),
        loss_cls=dict(
            type='QualityFocalLoss',
            use_sigmoid=True,
            beta=2.0,
            loss_weight=1.0),
        loss_dfl=False,
        reg_max=8,
        loss_bbox=dict(type='DIoULoss', loss_weight=2.0),
        use_kps=True,
        loss_kps=dict(
            type='SmoothL1Loss', beta=0.1111111111111111, loss_weight=0.1),
        train_cfg=dict(
            assigner=dict(type='ATSSAssigner', topk=9, ignore_iof_thr=0.5),
            allowed_border=-1,
            pos_weight=-1,
            debug=False,
            neg_weight_zero_prefix='/pii',
            neg_weight_full_substrings=['BTJPSP', 'NQYJPB'],
            neg_weight_pii=0.5,
            qscore='one'),
        test_cfg=dict(
            nms_pre=-1,
            min_bbox_size=0,
            score_thr=0.02,
            nms=dict(type='nms', iou_threshold=0.45),
            max_per_img=-1)))
evaluation = dict(interval=10000, metric='mAP')
custom_hooks = [
    dict(
        type='EMAHook', momentum=0.0002, interval=1, warm_up=100, priority=49)
]
gpu_ids = range(0, 8)

2026-10-02 04:25:44,692 - mmdet - INFO - load checkpoint from local path: /mnt/cachefs/esteban/pii/runs/train/wd_armAM34_fluence/epoch_20.pth
2026-10-02 04:25:44,922 - mmdet - WARNING - The model and loaded state dict do not match exactly

unexpected key in source state_dict: ema_backbone_stem_0_weight, ema_backbone_stem_1_weight, ema_backbone_stem_1_bias, ema_backbone_stem_3_weight, ema_backbone_stem_4_weight, ema_backbone_stem_4_bias, ema_backbone_stem_6_weight, ema_backbone_stem_7_weight, ema_backbone_stem_7_bias, ema_backbone_layer1_0_conv1_weight, ema_backbone_layer1_0_bn1_weight, ema_backbone_layer1_0_bn1_bias, ema_backbone_layer1_0_conv2_weight, ema_backbone_layer1_0_bn2_weight, ema_backbone_layer1_0_bn2_bias, ema_backbone_layer1_0_conv3_weight, ema_backbone_layer1_0_bn3_weight, ema_backbone_layer1_0_bn3_bias, ema_backbone_layer1_0_downsample_1_weight, ema_backbone_layer1_0_downsample_2_weight, ema_backbone_layer1_0_downsample_2_bias, ema_backbone_layer1_1_conv1_weight, ema_backbone_layer1_1_bn1_weight, ema_backbone_layer1_1_bn1_bias, ema_backbone_layer1_1_conv2_weight, ema_backbone_layer1_1_bn2_weight, ema_backbone_layer1_1_bn2_bias, ema_backbone_layer1_1_conv3_weight, ema_backbone_layer1_1_bn3_weight, ema_backbone_layer1_1_bn3_bias, ema_backbone_layer1_2_conv1_weight, ema_backbone_layer1_2_bn1_weight, ema_backbone_layer1_2_bn1_bias, ema_backbone_layer1_2_conv2_weight, ema_backbone_layer1_2_bn2_weight, ema_backbone_layer1_2_bn2_bias, ema_backbone_layer1_2_conv3_weight, ema_backbone_layer1_2_bn3_weight, ema_backbone_layer1_2_bn3_bias, ema_backbone_layer1_3_conv1_weight, ema_backbone_layer1_3_bn1_weight, ema_backbone_layer1_3_bn1_bias, ema_backbone_layer1_3_conv2_weight, ema_backbone_layer1_3_bn2_weight, ema_backbone_layer1_3_bn2_bias, ema_backbone_layer1_3_conv3_weight, ema_backbone_layer1_3_bn3_weight, ema_backbone_layer1_3_bn3_bias, ema_backbone_layer1_4_conv1_weight, ema_backbone_layer1_4_bn1_weight, ema_backbone_layer1_4_bn1_bias, ema_backbone_layer1_4_conv2_weight, ema_backbone_layer1_4_bn2_weight, ema_backbone_layer1_4_bn2_bias, ema_backbone_layer1_4_conv3_weight, ema_backbone_layer1_4_bn3_weight, ema_backbone_layer1_4_bn3_bias, ema_backbone_layer1_5_conv1_weight, ema_backbone_layer1_5_bn1_weight, ema_backbone_layer1_5_bn1_bias, ema_backbone_layer1_5_conv2_weight, ema_backbone_layer1_5_bn2_weight, ema_backbone_layer1_5_bn2_bias, ema_backbone_layer1_5_conv3_weight, ema_backbone_layer1_5_bn3_weight, ema_backbone_layer1_5_bn3_bias, ema_backbone_layer1_6_conv1_weight, ema_backbone_layer1_6_bn1_weight, ema_backbone_layer1_6_bn1_bias, ema_backbone_layer1_6_conv2_weight, ema_backbone_layer1_6_bn2_weight, ema_backbone_layer1_6_bn2_bias, ema_backbone_layer1_6_conv3_weight, ema_backbone_layer1_6_bn3_weight, ema_backbone_layer1_6_bn3_bias, ema_backbone_layer1_7_conv1_weight, ema_backbone_layer1_7_bn1_weight, ema_backbone_layer1_7_bn1_bias, ema_backbone_layer1_7_conv2_weight, ema_backbone_layer1_7_bn2_weight, ema_backbone_layer1_7_bn2_bias, ema_backbone_layer1_7_conv3_weight, ema_backbone_layer1_7_bn3_weight, ema_backbone_layer1_7_bn3_bias, ema_backbone_layer1_8_conv1_weight, ema_backbone_layer1_8_bn1_weight, ema_backbone_layer1_8_bn1_bias, ema_backbone_layer1_8_conv2_weight, ema_backbone_layer1_8_bn2_weight, ema_backbone_layer1_8_bn2_bias, ema_backbone_layer1_8_conv3_weight, ema_backbone_layer1_8_bn3_weight, ema_backbone_layer1_8_bn3_bias, ema_backbone_layer1_9_conv1_weight, ema_backbone_layer1_9_bn1_weight, ema_backbone_layer1_9_bn1_bias, ema_backbone_layer1_9_conv2_weight, ema_backbone_layer1_9_bn2_weight, ema_backbone_layer1_9_bn2_bias, ema_backbone_layer1_9_conv3_weight, ema_backbone_layer1_9_bn3_weight, ema_backbone_layer1_9_bn3_bias, ema_backbone_layer1_10_conv1_weight, ema_backbone_layer1_10_bn1_weight, ema_backbone_layer1_10_bn1_bias, ema_backbone_layer1_10_conv2_weight, ema_backbone_layer1_10_bn2_weight, ema_backbone_layer1_10_bn2_bias, ema_backbone_layer1_10_conv3_weight, ema_backbone_layer1_10_bn3_weight, ema_backbone_layer1_10_bn3_bias, ema_backbone_layer1_11_conv1_weight, ema_backbone_layer1_11_bn1_weight, ema_backbone_layer1_11_bn1_bias, ema_backbone_layer1_11_conv2_weight, ema_backbone_layer1_11_bn2_weight, ema_backbone_layer1_11_bn2_bias, ema_backbone_layer1_11_conv3_weight, ema_backbone_layer1_11_bn3_weight, ema_backbone_layer1_11_bn3_bias, ema_backbone_layer1_12_conv1_weight, ema_backbone_layer1_12_bn1_weight, ema_backbone_layer1_12_bn1_bias, ema_backbone_layer1_12_conv2_weight, ema_backbone_layer1_12_bn2_weight, ema_backbone_layer1_12_bn2_bias, ema_backbone_layer1_12_conv3_weight, ema_backbone_layer1_12_bn3_weight, ema_backbone_layer1_12_bn3_bias, ema_backbone_layer1_13_conv1_weight, ema_backbone_layer1_13_bn1_weight, ema_backbone_layer1_13_bn1_bias, ema_backbone_layer1_13_conv2_weight, ema_backbone_layer1_13_bn2_weight, ema_backbone_layer1_13_bn2_bias, ema_backbone_layer1_13_conv3_weight, ema_backbone_layer1_13_bn3_weight, ema_backbone_layer1_13_bn3_bias, ema_backbone_layer1_14_conv1_weight, ema_backbone_layer1_14_bn1_weight, ema_backbone_layer1_14_bn1_bias, ema_backbone_layer1_14_conv2_weight, ema_backbone_layer1_14_bn2_weight, ema_backbone_layer1_14_bn2_bias, ema_backbone_layer1_14_conv3_weight, ema_backbone_layer1_14_bn3_weight, ema_backbone_layer1_14_bn3_bias, ema_backbone_layer1_15_conv1_weight, ema_backbone_layer1_15_bn1_weight, ema_backbone_layer1_15_bn1_bias, ema_backbone_layer1_15_conv2_weight, ema_backbone_layer1_15_bn2_weight, ema_backbone_layer1_15_bn2_bias, ema_backbone_layer1_15_conv3_weight, ema_backbone_layer1_15_bn3_weight, ema_backbone_layer1_15_bn3_bias, ema_backbone_layer1_16_conv1_weight, ema_backbone_layer1_16_bn1_weight, ema_backbone_layer1_16_bn1_bias, ema_backbone_layer1_16_conv2_weight, ema_backbone_layer1_16_bn2_weight, ema_backbone_layer1_16_bn2_bias, ema_backbone_layer1_16_conv3_weight, ema_backbone_layer1_16_bn3_weight, ema_backbone_layer1_16_bn3_bias, ema_backbone_layer2_0_conv1_weight, ema_backbone_layer2_0_bn1_weight, ema_backbone_layer2_0_bn1_bias, ema_backbone_layer2_0_conv2_weight, ema_backbone_layer2_0_bn2_weight, ema_backbone_layer2_0_bn2_bias, ema_backbone_layer2_0_conv3_weight, ema_backbone_layer2_0_bn3_weight, ema_backbone_layer2_0_bn3_bias, ema_backbone_layer2_0_downsample_1_weight, ema_backbone_layer2_0_downsample_2_weight, ema_backbone_layer2_0_downsample_2_bias, ema_backbone_layer2_1_conv1_weight, ema_backbone_layer2_1_bn1_weight, ema_backbone_layer2_1_bn1_bias, ema_backbone_layer2_1_conv2_weight, ema_backbone_layer2_1_bn2_weight, ema_backbone_layer2_1_bn2_bias, ema_backbone_layer2_1_conv3_weight, ema_backbone_layer2_1_bn3_weight, ema_backbone_layer2_1_bn3_bias, ema_backbone_layer2_2_conv1_weight, ema_backbone_layer2_2_bn1_weight, ema_backbone_layer2_2_bn1_bias, ema_backbone_layer2_2_conv2_weight, ema_backbone_layer2_2_bn2_weight, ema_backbone_layer2_2_bn2_bias, ema_backbone_layer2_2_conv3_weight, ema_backbone_layer2_2_bn3_weight, ema_backbone_layer2_2_bn3_bias, ema_backbone_layer2_3_conv1_weight, ema_backbone_layer2_3_bn1_weight, ema_backbone_layer2_3_bn1_bias, ema_backbone_layer2_3_conv2_weight, ema_backbone_layer2_3_bn2_weight, ema_backbone_layer2_3_bn2_bias, ema_backbone_layer2_3_conv3_weight, ema_backbone_layer2_3_bn3_weight, ema_backbone_layer2_3_bn3_bias, ema_backbone_layer2_4_conv1_weight, ema_backbone_layer2_4_bn1_weight, ema_backbone_layer2_4_bn1_bias, ema_backbone_layer2_4_conv2_weight, ema_backbone_layer2_4_bn2_weight, ema_backbone_layer2_4_bn2_bias, ema_backbone_layer2_4_conv3_weight, ema_backbone_layer2_4_bn3_weight, ema_backbone_layer2_4_bn3_bias, ema_backbone_layer2_5_conv1_weight, ema_backbone_layer2_5_bn1_weight, ema_backbone_layer2_5_bn1_bias, ema_backbone_layer2_5_conv2_weight, ema_backbone_layer2_5_bn2_weight, ema_backbone_layer2_5_bn2_bias, ema_backbone_layer2_5_conv3_weight, ema_backbone_layer2_5_bn3_weight, ema_backbone_layer2_5_bn3_bias, ema_backbone_layer2_6_conv1_weight, ema_backbone_layer2_6_bn1_weight, ema_backbone_layer2_6_bn1_bias, ema_backbone_layer2_6_conv2_weight, ema_backbone_layer2_6_bn2_weight, ema_backbone_layer2_6_bn2_bias, ema_backbone_layer2_6_conv3_weight, ema_backbone_layer2_6_bn3_weight, ema_backbone_layer2_6_bn3_bias, ema_backbone_layer2_7_conv1_weight, ema_backbone_layer2_7_bn1_weight, ema_backbone_layer2_7_bn1_bias, ema_backbone_layer2_7_conv2_weight, ema_backbone_layer2_7_bn2_weight, ema_backbone_layer2_7_bn2_bias, ema_backbone_layer2_7_conv3_weight, ema_backbone_layer2_7_bn3_weight, ema_backbone_layer2_7_bn3_bias, ema_backbone_layer2_8_conv1_weight, ema_backbone_layer2_8_bn1_weight, ema_backbone_layer2_8_bn1_bias, ema_backbone_layer2_8_conv2_weight, ema_backbone_layer2_8_bn2_weight, ema_backbone_layer2_8_bn2_bias, ema_backbone_layer2_8_conv3_weight, ema_backbone_layer2_8_bn3_weight, ema_backbone_layer2_8_bn3_bias, ema_backbone_layer2_9_conv1_weight, ema_backbone_layer2_9_bn1_weight, ema_backbone_layer2_9_bn1_bias, ema_backbone_layer2_9_conv2_weight, ema_backbone_layer2_9_bn2_weight, ema_backbone_layer2_9_bn2_bias, ema_backbone_layer2_9_conv3_weight, ema_backbone_layer2_9_bn3_weight, ema_backbone_layer2_9_bn3_bias, ema_backbone_layer2_10_conv1_weight, ema_backbone_layer2_10_bn1_weight, ema_backbone_layer2_10_bn1_bias, ema_backbone_layer2_10_conv2_weight, ema_backbone_layer2_10_bn2_weight, ema_backbone_layer2_10_bn2_bias, ema_backbone_layer2_10_conv3_weight, ema_backbone_layer2_10_bn3_weight, ema_backbone_layer2_10_bn3_bias, ema_backbone_layer2_11_conv1_weight, ema_backbone_layer2_11_bn1_weight, ema_backbone_layer2_11_bn1_bias, ema_backbone_layer2_11_conv2_weight, ema_backbone_layer2_11_bn2_weight, ema_backbone_layer2_11_bn2_bias, ema_backbone_layer2_11_conv3_weight, ema_backbone_layer2_11_bn3_weight, ema_backbone_layer2_11_bn3_bias, ema_backbone_layer2_12_conv1_weight, ema_backbone_layer2_12_bn1_weight, ema_backbone_layer2_12_bn1_bias, ema_backbone_layer2_12_conv2_weight, ema_backbone_layer2_12_bn2_weight, ema_backbone_layer2_12_bn2_bias, ema_backbone_layer2_12_conv3_weight, ema_backbone_layer2_12_bn3_weight, ema_backbone_layer2_12_bn3_bias, ema_backbone_layer2_13_conv1_weight, ema_backbone_layer2_13_bn1_weight, ema_backbone_layer2_13_bn1_bias, ema_backbone_layer2_13_conv2_weight, ema_backbone_layer2_13_bn2_weight, ema_backbone_layer2_13_bn2_bias, ema_backbone_layer2_13_conv3_weight, ema_backbone_layer2_13_bn3_weight, ema_backbone_layer2_13_bn3_bias, ema_backbone_layer2_14_conv1_weight, ema_backbone_layer2_14_bn1_weight, ema_backbone_layer2_14_bn1_bias, ema_backbone_layer2_14_conv2_weight, ema_backbone_layer2_14_bn2_weight, ema_backbone_layer2_14_bn2_bias, ema_backbone_layer2_14_conv3_weight, ema_backbone_layer2_14_bn3_weight, ema_backbone_layer2_14_bn3_bias, ema_backbone_layer2_15_conv1_weight, ema_backbone_layer2_15_bn1_weight, ema_backbone_layer2_15_bn1_bias, ema_backbone_layer2_15_conv2_weight, ema_backbone_layer2_15_bn2_weight, ema_backbone_layer2_15_bn2_bias, ema_backbone_layer2_15_conv3_weight, ema_backbone_layer2_15_bn3_weight, ema_backbone_layer2_15_bn3_bias, ema_backbone_layer3_0_conv1_weight, ema_backbone_layer3_0_bn1_weight, ema_backbone_layer3_0_bn1_bias, ema_backbone_layer3_0_conv2_weight, ema_backbone_layer3_0_bn2_weight, ema_backbone_layer3_0_bn2_bias, ema_backbone_layer3_0_conv3_weight, ema_backbone_layer3_0_bn3_weight, ema_backbone_layer3_0_bn3_bias, ema_backbone_layer3_0_downsample_1_weight, ema_backbone_layer3_0_downsample_2_weight, ema_backbone_layer3_0_downsample_2_bias, ema_backbone_layer3_1_conv1_weight, ema_backbone_layer3_1_bn1_weight, ema_backbone_layer3_1_bn1_bias, ema_backbone_layer3_1_conv2_weight, ema_backbone_layer3_1_bn2_weight, ema_backbone_layer3_1_bn2_bias, ema_backbone_layer3_1_conv3_weight, ema_backbone_layer3_1_bn3_weight, ema_backbone_layer3_1_bn3_bias, ema_backbone_layer4_0_conv1_weight, ema_backbone_layer4_0_bn1_weight, ema_backbone_layer4_0_bn1_bias, ema_backbone_layer4_0_conv2_weight, ema_backbone_layer4_0_bn2_weight, ema_backbone_layer4_0_bn2_bias, ema_backbone_layer4_0_conv3_weight, ema_backbone_layer4_0_bn3_weight, ema_backbone_layer4_0_bn3_bias, ema_backbone_layer4_0_downsample_1_weight, ema_backbone_layer4_0_downsample_2_weight, ema_backbone_layer4_0_downsample_2_bias, ema_backbone_layer4_1_conv1_weight, ema_backbone_layer4_1_bn1_weight, ema_backbone_layer4_1_bn1_bias, ema_backbone_layer4_1_conv2_weight, ema_backbone_layer4_1_bn2_weight, ema_backbone_layer4_1_bn2_bias, ema_backbone_layer4_1_conv3_weight, ema_backbone_layer4_1_bn3_weight, ema_backbone_layer4_1_bn3_bias, ema_backbone_layer4_2_conv1_weight, ema_backbone_layer4_2_bn1_weight, ema_backbone_layer4_2_bn1_bias, ema_backbone_layer4_2_conv2_weight, ema_backbone_layer4_2_bn2_weight, ema_backbone_layer4_2_bn2_bias, ema_backbone_layer4_2_conv3_weight, ema_backbone_layer4_2_bn3_weight, ema_backbone_layer4_2_bn3_bias, ema_backbone_layer4_3_conv1_weight, ema_backbone_layer4_3_bn1_weight, ema_backbone_layer4_3_bn1_bias, ema_backbone_layer4_3_conv2_weight, ema_backbone_layer4_3_bn2_weight, ema_backbone_layer4_3_bn2_bias, ema_backbone_layer4_3_conv3_weight, ema_backbone_layer4_3_bn3_weight, ema_backbone_layer4_3_bn3_bias, ema_backbone_layer4_4_conv1_weight, ema_backbone_layer4_4_bn1_weight, ema_backbone_layer4_4_bn1_bias, ema_backbone_layer4_4_conv2_weight, ema_backbone_layer4_4_bn2_weight, ema_backbone_layer4_4_bn2_bias, ema_backbone_layer4_4_conv3_weight, ema_backbone_layer4_4_bn3_weight, ema_backbone_layer4_4_bn3_bias, ema_backbone_layer4_5_conv1_weight, ema_backbone_layer4_5_bn1_weight, ema_backbone_layer4_5_bn1_bias, ema_backbone_layer4_5_conv2_weight, ema_backbone_layer4_5_bn2_weight, ema_backbone_layer4_5_bn2_bias, ema_backbone_layer4_5_conv3_weight, ema_backbone_layer4_5_bn3_weight, ema_backbone_layer4_5_bn3_bias, ema_backbone_layer4_6_conv1_weight, ema_backbone_layer4_6_bn1_weight, ema_backbone_layer4_6_bn1_bias, ema_backbone_layer4_6_conv2_weight, ema_backbone_layer4_6_bn2_weight, ema_backbone_layer4_6_bn2_bias, ema_backbone_layer4_6_conv3_weight, ema_backbone_layer4_6_bn3_weight, ema_backbone_layer4_6_bn3_bias, ema_backbone_layer4_7_conv1_weight, ema_backbone_layer4_7_bn1_weight, ema_backbone_layer4_7_bn1_bias, ema_backbone_layer4_7_conv2_weight, ema_backbone_layer4_7_bn2_weight, ema_backbone_layer4_7_bn2_bias, ema_backbone_layer4_7_conv3_weight, ema_backbone_layer4_7_bn3_weight, ema_backbone_layer4_7_bn3_bias, ema_neck_lateral_convs_0_conv_weight, ema_neck_lateral_convs_0_conv_bias, ema_neck_lateral_convs_1_conv_weight, ema_neck_lateral_convs_1_conv_bias, ema_neck_lateral_convs_2_conv_weight, ema_neck_lateral_convs_2_conv_bias, ema_neck_fpn_convs_0_conv_weight, ema_neck_fpn_convs_0_conv_bias, ema_neck_fpn_convs_1_conv_weight, ema_neck_fpn_convs_1_conv_bias, ema_neck_fpn_convs_2_conv_weight, ema_neck_fpn_convs_2_conv_bias, ema_neck_downsample_convs_0_conv_weight, ema_neck_downsample_convs_0_conv_bias, ema_neck_downsample_convs_1_conv_weight, ema_neck_downsample_convs_1_conv_bias, ema_neck_pafpn_convs_0_conv_weight, ema_neck_pafpn_convs_0_conv_bias, ema_neck_pafpn_convs_1_conv_weight, ema_neck_pafpn_convs_1_conv_bias, ema_bbox_head_cls_stride_convs_0_0_conv_weight, ema_bbox_head_cls_stride_convs_0_0_gn_weight, ema_bbox_head_cls_stride_convs_0_0_gn_bias, ema_bbox_head_cls_stride_convs_0_1_conv_weight, ema_bbox_head_cls_stride_convs_0_1_gn_weight, ema_bbox_head_cls_stride_convs_0_1_gn_bias, ema_bbox_head_stride_cls_0_weight, ema_bbox_head_stride_cls_0_bias, ema_bbox_head_stride_reg_0_weight, ema_bbox_head_stride_reg_0_bias, ema_bbox_head_stride_kps_0_weight, ema_bbox_head_stride_kps_0_bias, ema_bbox_head_scales_0_scale, ema_bbox_head_scales_1_scale, ema_bbox_head_scales_2_scale

2026-10-02 04:25:44,924 - mmdet - INFO - Start running, host: esteban@fluence6, work_dir: /mnt/cachefs/esteban/pii/runs/train/wd_armAW34_fluence
2026-10-02 04:25:44,924 - mmdet - INFO - Hooks will be executed in the following order:
before_run:
(VERY_HIGH   ) StepLrUpdaterHook                  
(49          ) EMAHook                            
(NORMAL      ) CheckpointHook                     
(VERY_LOW    ) TextLoggerHook                     
 -------------------- 
before_train_epoch:
(VERY_HIGH   ) StepLrUpdaterHook                  
(49          ) EMAHook                            
(NORMAL      ) DistSamplerSeedHook                
(LOW         ) IterTimerHook                      
(VERY_LOW    ) TextLoggerHook                     
 -------------------- 
before_train_iter:
(VERY_HIGH   ) StepLrUpdaterHook                  
(LOW         ) IterTimerHook                      
 -------------------- 
after_train_iter:
(ABOVE_NORMAL) GradientCumulativeOptimizerHook    
(49          ) EMAHook                            
(NORMAL      ) CheckpointHook                     
(LOW         ) IterTimerHook                      
(VERY_LOW    ) TextLoggerHook                     
 -------------------- 
after_train_epoch:
(49          ) EMAHook                            
(NORMAL      ) CheckpointHook                     
(VERY_LOW    ) TextLoggerHook                     
 -------------------- 
before_val_epoch:
(NORMAL      ) DistSamplerSeedHook                
(LOW         ) IterTimerHook                      
(VERY_LOW    ) TextLoggerHook                     
 -------------------- 
before_val_iter:
(LOW         ) IterTimerHook                      
 -------------------- 
after_val_iter:
(LOW         ) IterTimerHook                      
 -------------------- 
after_val_epoch:
(VERY_LOW    ) TextLoggerHook                     
 -------------------- 
after_run:
(VERY_LOW    ) TextLoggerHook                     
 -------------------- 
2026-10-02 04:25:44,925 - mmdet - INFO - workflow: [('train', 1)], max: 5 epochs
2026-10-02 04:25:44,933 - mmdet - INFO - Checkpoints will be saved to /mnt/cachefs/esteban/pii/runs/train/wd_armAW34_fluence by HardDiskBackend.
2026-10-02 04:26:12,504 - mmdet - INFO - Epoch [1][50/6555]	lr: 2.458e-05, eta: 5:00:36, time: 0.551, data_time: 0.238, memory: 13344, loss_cls: 0.4923, loss_bbox: 0.3904, loss_kps: 0.0000, loss: 0.8827
2026-10-02 04:26:26,629 - mmdet - INFO - Epoch [1][100/6555]	lr: 4.955e-05, eta: 3:46:59, time: 0.282, data_time: 0.015, memory: 13344, loss_cls: 0.4867, loss_bbox: 0.4069, loss_kps: 0.0000, loss: 0.8936
2026-10-02 04:26:40,867 - mmdet - INFO - Epoch [1][150/6555]	lr: 7.453e-05, eta: 3:22:42, time: 0.285, data_time: 0.014, memory: 13344, loss_cls: 0.4893, loss_bbox: 0.4091, loss_kps: 0.0000, loss: 0.8984
2026-10-02 04:26:55,012 - mmdet - INFO - Epoch [1][200/6555]	lr: 9.950e-05, eta: 3:10:10, time: 0.283, data_time: 0.014, memory: 13344, loss_cls: 0.4962, loss_bbox: 0.4347, loss_kps: 0.0000, loss: 0.9309
2026-10-02 04:27:09,092 - mmdet - INFO - Epoch [1][250/6555]	lr: 1.000e-04, eta: 3:02:26, time: 0.282, data_time: 0.014, memory: 13344, loss_cls: 0.4761, loss_bbox: 0.4042, loss_kps: 0.0000, loss: 0.8804
2026-10-02 04:27:22,981 - mmdet - INFO - Epoch [1][300/6555]	lr: 1.000e-04, eta: 2:56:51, time: 0.278, data_time: 0.014, memory: 13344, loss_cls: 0.4643, loss_bbox: 0.4049, loss_kps: 0.0000, loss: 0.8691
2026-10-02 04:27:36,985 - mmdet - INFO - Epoch [1][350/6555]	lr: 1.000e-04, eta: 2:52:57, time: 0.280, data_time: 0.014, memory: 13344, loss_cls: 0.4710, loss_bbox: 0.4103, loss_kps: 0.0000, loss: 0.8813
2026-10-02 04:27:51,169 - mmdet - INFO - Epoch [1][400/6555]	lr: 1.000e-04, eta: 2:50:15, time: 0.284, data_time: 0.014, memory: 13344, loss_cls: 0.4767, loss_bbox: 0.4248, loss_kps: 0.0000, loss: 0.9015
2026-10-02 04:28:04,860 - mmdet - INFO - Epoch [1][450/6555]	lr: 1.000e-04, eta: 2:47:30, time: 0.274, data_time: 0.013, memory: 13344, loss_cls: 0.4700, loss_bbox: 0.4091, loss_kps: 0.0000, loss: 0.8791
2026-10-02 04:28:18,760 - mmdet - INFO - Epoch [1][500/6555]	lr: 1.000e-04, eta: 2:45:28, time: 0.278, data_time: 0.014, memory: 13344, loss_cls: 0.4579, loss_bbox: 0.4187, loss_kps: 0.0000, loss: 0.8766
2026-10-02 04:28:32,557 - mmdet - INFO - Epoch [1][550/6555]	lr: 1.000e-04, eta: 2:43:39, time: 0.276, data_time: 0.014, memory: 13344, loss_cls: 0.4742, loss_bbox: 0.4299, loss_kps: 0.0000, loss: 0.9041
2026-10-02 04:28:46,785 - mmdet - INFO - Epoch [1][600/6555]	lr: 1.000e-04, eta: 2:42:30, time: 0.285, data_time: 0.013, memory: 13344, loss_cls: 0.4827, loss_bbox: 0.4276, loss_kps: 0.0000, loss: 0.9103
2026-10-02 04:29:00,752 - mmdet - INFO - Epoch [1][650/6555]	lr: 1.000e-04, eta: 2:41:16, time: 0.279, data_time: 0.013, memory: 13344, loss_cls: 0.4887, loss_bbox: 0.4159, loss_kps: 0.0000, loss: 0.9047
2026-10-02 04:29:14,860 - mmdet - INFO - Epoch [1][700/6555]	lr: 1.000e-04, eta: 2:40:17, time: 0.282, data_time: 0.013, memory: 13344, loss_cls: 0.4619, loss_bbox: 0.4113, loss_kps: 0.0000, loss: 0.8732
2026-10-02 04:29:28,658 - mmdet - INFO - Epoch [1][750/6555]	lr: 1.000e-04, eta: 2:39:11, time: 0.276, data_time: 0.013, memory: 13344, loss_cls: 0.4497, loss_bbox: 0.4182, loss_kps: 0.0000, loss: 0.8679
2026-10-02 04:29:42,580 - mmdet - INFO - Epoch [1][800/6555]	lr: 1.000e-04, eta: 2:38:17, time: 0.278, data_time: 0.015, memory: 13344, loss_cls: 0.4846, loss_bbox: 0.4335, loss_kps: 0.0000, loss: 0.9181
2026-10-02 04:29:56,607 - mmdet - INFO - Epoch [1][850/6555]	lr: 1.000e-04, eta: 2:37:31, time: 0.280, data_time: 0.013, memory: 13344, loss_cls: 0.4537, loss_bbox: 0.4200, loss_kps: 0.0000, loss: 0.8737
2026-10-02 04:30:10,556 - mmdet - INFO - Epoch [1][900/6555]	lr: 1.000e-04, eta: 2:36:46, time: 0.279, data_time: 0.015, memory: 13344, loss_cls: 0.4738, loss_bbox: 0.4171, loss_kps: 0.0000, loss: 0.8910
2026-10-02 04:30:24,629 - mmdet - INFO - Epoch [1][950/6555]	lr: 1.000e-04, eta: 2:36:08, time: 0.281, data_time: 0.012, memory: 13344, loss_cls: 0.4765, loss_bbox: 0.4225, loss_kps: 0.0000, loss: 0.8991
2026-10-02 04:30:38,878 - mmdet - INFO - Exp name: scrfd_armAW34_fluence.py
2026-10-02 04:30:38,878 - mmdet - INFO - Epoch [1][1000/6555]	lr: 1.000e-04, eta: 2:35:39, time: 0.285, data_time: 0.015, memory: 13344, loss_cls: 0.4384, loss_bbox: 0.4119, loss_kps: 0.0000, loss: 0.8503
2026-10-02 04:30:53,800 - mmdet - INFO - Epoch [1][1050/6555]	lr: 1.000e-04, eta: 2:35:31, time: 0.298, data_time: 0.014, memory: 13344, loss_cls: 0.4677, loss_bbox: 0.4167, loss_kps: 0.0000, loss: 0.8843
2026-10-02 04:31:07,989 - mmdet - INFO - Epoch [1][1100/6555]	lr: 1.000e-04, eta: 2:35:01, time: 0.284, data_time: 0.015, memory: 13344, loss_cls: 0.4676, loss_bbox: 0.4126, loss_kps: 0.0000, loss: 0.8802
2026-10-02 04:31:22,183 - mmdet - INFO - Epoch [1][1150/6555]	lr: 1.000e-04, eta: 2:34:33, time: 0.284, data_time: 0.014, memory: 13344, loss_cls: 0.4677, loss_bbox: 0.4125, loss_kps: 0.0000, loss: 0.8802
2026-10-02 04:31:36,238 - mmdet - INFO - Epoch [1][1200/6555]	lr: 1.000e-04, eta: 2:34:02, time: 0.281, data_time: 0.014, memory: 13344, loss_cls: 0.4612, loss_bbox: 0.4234, loss_kps: 0.0000, loss: 0.8846
2026-10-02 04:31:50,249 - mmdet - INFO - Epoch [1][1250/6555]	lr: 1.000e-04, eta: 2:33:32, time: 0.280, data_time: 0.013, memory: 13344, loss_cls: 0.4472, loss_bbox: 0.4230, loss_kps: 0.0000, loss: 0.8701
2026-10-02 04:32:04,311 - mmdet - INFO - Epoch [1][1300/6555]	lr: 1.000e-04, eta: 2:33:04, time: 0.281, data_time: 0.014, memory: 13344, loss_cls: 0.4519, loss_bbox: 0.4057, loss_kps: 0.0000, loss: 0.8576
2026-10-02 04:32:18,344 - mmdet - INFO - Epoch [1][1350/6555]	lr: 1.000e-04, eta: 2:32:36, time: 0.281, data_time: 0.013, memory: 13344, loss_cls: 0.4602, loss_bbox: 0.4024, loss_kps: 0.0000, loss: 0.8627
2026-10-02 04:32:32,314 - mmdet - INFO - Epoch [1][1400/6555]	lr: 1.000e-04, eta: 2:32:08, time: 0.279, data_time: 0.013, memory: 13344, loss_cls: 0.4506, loss_bbox: 0.4166, loss_kps: 0.0000, loss: 0.8673
2026-10-02 04:32:46,348 - mmdet - INFO - Epoch [1][1450/6555]	lr: 1.000e-04, eta: 2:31:43, time: 0.281, data_time: 0.015, memory: 13344, loss_cls: 0.4833, loss_bbox: 0.4171, loss_kps: 0.0000, loss: 0.9005
2026-10-02 04:33:00,305 - mmdet - INFO - Epoch [1][1500/6555]	lr: 1.000e-04, eta: 2:31:16, time: 0.279, data_time: 0.013, memory: 13344, loss_cls: 0.4287, loss_bbox: 0.4134, loss_kps: 0.0000, loss: 0.8421
2026-10-02 04:33:14,052 - mmdet - INFO - Epoch [1][1550/6555]	lr: 1.000e-04, eta: 2:30:46, time: 0.275, data_time: 0.014, memory: 13344, loss_cls: 0.4452, loss_bbox: 0.4186, loss_kps: 0.0000, loss: 0.8638
2026-10-02 04:33:27,931 - mmdet - INFO - Epoch [1][1600/6555]	lr: 1.000e-04, eta: 2:30:20, time: 0.277, data_time: 0.012, memory: 13344, loss_cls: 0.4537, loss_bbox: 0.4125, loss_kps: 0.0000, loss: 0.8662
2026-10-02 04:33:42,215 - mmdet - INFO - Epoch [1][1650/6555]	lr: 1.000e-04, eta: 2:30:02, time: 0.286, data_time: 0.013, memory: 13344, loss_cls: 0.4431, loss_bbox: 0.4079, loss_kps: 0.0000, loss: 0.8509
2026-10-02 04:33:56,417 - mmdet - INFO - Epoch [1][1700/6555]	lr: 1.000e-04, eta: 2:29:43, time: 0.284, data_time: 0.013, memory: 13344, loss_cls: 0.4637, loss_bbox: 0.4252, loss_kps: 0.0000, loss: 0.8888
2026-10-02 04:34:10,521 - mmdet - INFO - Epoch [1][1750/6555]	lr: 1.000e-04, eta: 2:29:22, time: 0.282, data_time: 0.015, memory: 13344, loss_cls: 0.4496, loss_bbox: 0.3878, loss_kps: 0.0000, loss: 0.8374
2026-10-02 04:34:25,852 - mmdet - INFO - Epoch [1][1800/6555]	lr: 1.000e-04, eta: 2:29:23, time: 0.307, data_time: 0.012, memory: 13344, loss_cls: 0.4520, loss_bbox: 0.4216, loss_kps: 0.0000, loss: 0.8735
2026-10-02 04:34:40,623 - mmdet - INFO - Epoch [1][1850/6555]	lr: 1.000e-04, eta: 2:29:14, time: 0.295, data_time: 0.012, memory: 13344, loss_cls: 0.4426, loss_bbox: 0.4254, loss_kps: 0.0000, loss: 0.8681
2026-10-02 04:34:54,939 - mmdet - INFO - Epoch [1][1900/6555]	lr: 1.000e-04, eta: 2:28:56, time: 0.286, data_time: 0.013, memory: 13344, loss_cls: 0.4621, loss_bbox: 0.4305, loss_kps: 0.0000, loss: 0.8926
2026-10-02 04:35:09,126 - mmdet - INFO - Epoch [1][1950/6555]	lr: 1.000e-04, eta: 2:28:37, time: 0.284, data_time: 0.014, memory: 13344, loss_cls: 0.4577, loss_bbox: 0.4264, loss_kps: 0.0000, loss: 0.8841
2026-10-02 04:35:23,036 - mmdet - INFO - Exp name: scrfd_armAW34_fluence.py
2026-10-02 04:35:23,037 - mmdet - INFO - Epoch [1][2000/6555]	lr: 1.000e-04, eta: 2:28:14, time: 0.278, data_time: 0.013, memory: 13344, loss_cls: 0.4521, loss_bbox: 0.4150, loss_kps: 0.0000, loss: 0.8671
2026-10-02 04:35:37,015 - mmdet - INFO - Epoch [1][2050/6555]	lr: 1.000e-04, eta: 2:27:53, time: 0.280, data_time: 0.013, memory: 13344, loss_cls: 0.4687, loss_bbox: 0.4111, loss_kps: 0.0000, loss: 0.8798
2026-10-02 04:35:51,100 - mmdet - INFO - Epoch [1][2100/6555]	lr: 1.000e-04, eta: 2:27:33, time: 0.282, data_time: 0.012, memory: 13344, loss_cls: 0.4544, loss_bbox: 0.4258, loss_kps: 0.0000, loss: 0.8802
2026-10-02 04:36:05,047 - mmdet - INFO - Epoch [1][2150/6555]	lr: 1.000e-04, eta: 2:27:12, time: 0.279, data_time: 0.015, memory: 13344, loss_cls: 0.4507, loss_bbox: 0.4130, loss_kps: 0.0000, loss: 0.8637
2026-10-02 04:36:19,020 - mmdet - INFO - Epoch [1][2200/6555]	lr: 1.000e-04, eta: 2:26:51, time: 0.279, data_time: 0.014, memory: 13344, loss_cls: 0.4428, loss_bbox: 0.4048, loss_kps: 0.0000, loss: 0.8476
2026-10-02 04:36:33,049 - mmdet - INFO - Epoch [1][2250/6555]	lr: 1.000e-04, eta: 2:26:32, time: 0.280, data_time: 0.013, memory: 13344, loss_cls: 0.4169, loss_bbox: 0.4038, loss_kps: 0.0000, loss: 0.8207
2026-10-02 04:36:47,296 - mmdet - INFO - Epoch [1][2300/6555]	lr: 1.000e-04, eta: 2:26:15, time: 0.285, data_time: 0.013, memory: 13344, loss_cls: 0.4658, loss_bbox: 0.4359, loss_kps: 0.0000, loss: 0.9017
2026-10-02 04:37:01,241 - mmdet - INFO - Epoch [1][2350/6555]	lr: 1.000e-04, eta: 2:25:55, time: 0.279, data_time: 0.013, memory: 13344, loss_cls: 0.4414, loss_bbox: 0.4157, loss_kps: 0.0000, loss: 0.8571
2026-10-02 04:37:15,286 - mmdet - INFO - Epoch [1][2400/6555]	lr: 1.000e-04, eta: 2:25:36, time: 0.281, data_time: 0.013, memory: 13344, loss_cls: 0.4633, loss_bbox: 0.4172, loss_kps: 0.0000, loss: 0.8805
2026-10-02 04:37:29,268 - mmdet - INFO - Epoch [1][2450/6555]	lr: 1.000e-04, eta: 2:25:17, time: 0.280, data_time: 0.015, memory: 13344, loss_cls: 0.4775, loss_bbox: 0.4220, loss_kps: 0.0000, loss: 0.8995
2026-10-02 04:37:43,245 - mmdet - INFO - Epoch [1][2500/6555]	lr: 1.000e-04, eta: 2:24:58, time: 0.279, data_time: 0.014, memory: 13344, loss_cls: 0.4563, loss_bbox: 0.4083, loss_kps: 0.0000, loss: 0.8646
2026-10-02 04:37:57,366 - mmdet - INFO - Epoch [1][2550/6555]	lr: 1.000e-04, eta: 2:24:40, time: 0.283, data_time: 0.015, memory: 13344, loss_cls: 0.4554, loss_bbox: 0.4121, loss_kps: 0.0000, loss: 0.8675
2026-10-02 04:38:11,439 - mmdet - INFO - Epoch [1][2600/6555]	lr: 1.000e-04, eta: 2:24:23, time: 0.281, data_time: 0.014, memory: 13344, loss_cls: 0.4484, loss_bbox: 0.4192, loss_kps: 0.0000, loss: 0.8676
2026-10-02 04:38:25,257 - mmdet - INFO - Epoch [1][2650/6555]	lr: 1.000e-04, eta: 2:24:02, time: 0.276, data_time: 0.012, memory: 13344, loss_cls: 0.4415, loss_bbox: 0.4073, loss_kps: 0.0000, loss: 0.8488
2026-10-02 04:38:39,099 - mmdet - INFO - Epoch [1][2700/6555]	lr: 1.000e-04, eta: 2:23:42, time: 0.277, data_time: 0.013, memory: 13344, loss_cls: 0.4719, loss_bbox: 0.4326, loss_kps: 0.0000, loss: 0.9046
2026-10-02 04:38:53,042 - mmdet - INFO - Epoch [1][2750/6555]	lr: 1.000e-04, eta: 2:23:24, time: 0.279, data_time: 0.013, memory: 13344, loss_cls: 0.4548, loss_bbox: 0.4202, loss_kps: 0.0000, loss: 0.8750
2026-10-02 04:39:06,918 - mmdet - INFO - Epoch [1][2800/6555]	lr: 1.000e-04, eta: 2:23:04, time: 0.277, data_time: 0.013, memory: 13344, loss_cls: 0.4780, loss_bbox: 0.4239, loss_kps: 0.0000, loss: 0.9019
2026-10-02 04:39:20,918 - mmdet - INFO - Epoch [1][2850/6555]	lr: 1.000e-04, eta: 2:22:47, time: 0.280, data_time: 0.013, memory: 13344, loss_cls: 0.4664, loss_bbox: 0.4224, loss_kps: 0.0000, loss: 0.8888
2026-10-02 04:39:35,011 - mmdet - INFO - Epoch [1][2900/6555]	lr: 1.000e-04, eta: 2:22:30, time: 0.282, data_time: 0.013, memory: 13344, loss_cls: 0.4781, loss_bbox: 0.4330, loss_kps: 0.0000, loss: 0.9111
2026-10-02 04:39:48,729 - mmdet - INFO - Epoch [1][2950/6555]	lr: 1.000e-04, eta: 2:22:10, time: 0.274, data_time: 0.013, memory: 13344, loss_cls: 0.4594, loss_bbox: 0.4214, loss_kps: 0.0000, loss: 0.8808
2026-10-02 04:40:02,365 - mmdet - INFO - Exp name: scrfd_armAW34_fluence.py
2026-10-02 04:40:02,366 - mmdet - INFO - Epoch [1][3000/6555]	lr: 1.000e-04, eta: 2:21:49, time: 0.273, data_time: 0.014, memory: 13344, loss_cls: 0.4664, loss_bbox: 0.4334, loss_kps: 0.0000, loss: 0.8998
2026-10-02 04:40:16,572 - mmdet - INFO - Epoch [1][3050/6555]	lr: 1.000e-04, eta: 2:21:34, time: 0.284, data_time: 0.012, memory: 13344, loss_cls: 0.4558, loss_bbox: 0.4209, loss_kps: 0.0000, loss: 0.8766
2026-10-02 04:40:30,355 - mmdet - INFO - Epoch [1][3100/6555]	lr: 1.000e-04, eta: 2:21:15, time: 0.275, data_time: 0.014, memory: 13344, loss_cls: 0.4454, loss_bbox: 0.4154, loss_kps: 0.0000, loss: 0.8608
2026-10-02 04:40:44,350 - mmdet - INFO - Epoch [1][3150/6555]	lr: 1.000e-04, eta: 2:20:58, time: 0.280, data_time: 0.013, memory: 13344, loss_cls: 0.4399, loss_bbox: 0.4134, loss_kps: 0.0000, loss: 0.8533
2026-10-02 04:40:58,472 - mmdet - INFO - Epoch [1][3200/6555]	lr: 1.000e-04, eta: 2:20:42, time: 0.282, data_time: 0.014, memory: 13344, loss_cls: 0.4414, loss_bbox: 0.4086, loss_kps: 0.0000, loss: 0.8500
2026-10-02 04:41:12,202 - mmdet - INFO - Epoch [1][3250/6555]	lr: 1.000e-04, eta: 2:20:23, time: 0.275, data_time: 0.012, memory: 13344, loss_cls: 0.4400, loss_bbox: 0.4162, loss_kps: 0.0000, loss: 0.8561
2026-10-02 04:41:26,046 - mmdet - INFO - Epoch [1][3300/6555]	lr: 1.000e-04, eta: 2:20:05, time: 0.277, data_time: 0.012, memory: 13344, loss_cls: 0.4535, loss_bbox: 0.4061, loss_kps: 0.0000, loss: 0.8596
2026-10-02 04:41:39,966 - mmdet - INFO - Epoch [1][3350/6555]	lr: 1.000e-04, eta: 2:19:48, time: 0.278, data_time: 0.013, memory: 13344, loss_cls: 0.4727, loss_bbox: 0.4272, loss_kps: 0.0000, loss: 0.8999
2026-10-02 04:41:53,997 - mmdet - INFO - Epoch [1][3400/6555]	lr: 1.000e-04, eta: 2:19:31, time: 0.281, data_time: 0.014, memory: 13344, loss_cls: 0.4339, loss_bbox: 0.4073, loss_kps: 0.0000, loss: 0.8412
2026-10-02 04:42:07,965 - mmdet - INFO - Epoch [1][3450/6555]	lr: 1.000e-04, eta: 2:19:15, time: 0.279, data_time: 0.013, memory: 13344, loss_cls: 0.4559, loss_bbox: 0.4108, loss_kps: 0.0000, loss: 0.8667
2026-10-02 04:42:21,999 - mmdet - INFO - Epoch [1][3500/6555]	lr: 1.000e-04, eta: 2:18:59, time: 0.281, data_time: 0.014, memory: 13344, loss_cls: 0.4799, loss_bbox: 0.4307, loss_kps: 0.0000, loss: 0.9106
2026-10-02 04:42:36,134 - mmdet - INFO - Epoch [1][3550/6555]	lr: 1.000e-04, eta: 2:18:44, time: 0.283, data_time: 0.014, memory: 13344, loss_cls: 0.4658, loss_bbox: 0.4343, loss_kps: 0.0000, loss: 0.9001
2026-10-02 04:42:50,518 - mmdet - INFO - Epoch [1][3600/6555]	lr: 1.000e-04, eta: 2:18:31, time: 0.288, data_time: 0.013, memory: 13344, loss_cls: 0.4533, loss_bbox: 0.4075, loss_kps: 0.0000, loss: 0.8608
2026-10-02 04:43:05,605 - mmdet - INFO - Epoch [1][3650/6555]	lr: 1.000e-04, eta: 2:18:23, time: 0.302, data_time: 0.012, memory: 13344, loss_cls: 0.4693, loss_bbox: 0.4179, loss_kps: 0.0000, loss: 0.8872
2026-10-02 04:43:20,574 - mmdet - INFO - Epoch [1][3700/6555]	lr: 1.000e-04, eta: 2:18:14, time: 0.299, data_time: 0.013, memory: 13344, loss_cls: 0.4573, loss_bbox: 0.4145, loss_kps: 0.0000, loss: 0.8719
2026-10-02 04:43:34,749 - mmdet - INFO - Epoch [1][3750/6555]	lr: 1.000e-04, eta: 2:17:59, time: 0.284, data_time: 0.013, memory: 13344, loss_cls: 0.4640, loss_bbox: 0.4149, loss_kps: 0.0000, loss: 0.8789
2026-10-02 04:43:48,662 - mmdet - INFO - Epoch [1][3800/6555]	lr: 1.000e-04, eta: 2:17:42, time: 0.278, data_time: 0.015, memory: 13344, loss_cls: 0.4513, loss_bbox: 0.4213, loss_kps: 0.0000, loss: 0.8727
2026-10-02 04:44:02,631 - mmdet - INFO - Epoch [1][3850/6555]	lr: 1.000e-04, eta: 2:17:26, time: 0.279, data_time: 0.014, memory: 13344, loss_cls: 0.4667, loss_bbox: 0.4257, loss_kps: 0.0000, loss: 0.8923
2026-10-02 04:44:16,611 - mmdet - INFO - Epoch [1][3900/6555]	lr: 1.000e-04, eta: 2:17:10, time: 0.280, data_time: 0.014, memory: 13344, loss_cls: 0.4514, loss_bbox: 0.4148, loss_kps: 0.0000, loss: 0.8662
2026-10-02 04:44:30,883 - mmdet - INFO - Epoch [1][3950/6555]	lr: 1.000e-04, eta: 2:16:56, time: 0.285, data_time: 0.013, memory: 13344, loss_cls: 0.4618, loss_bbox: 0.4214, loss_kps: 0.0000, loss: 0.8832
2026-10-02 04:44:45,172 - mmdet - INFO - Exp name: scrfd_armAW34_fluence.py
2026-10-02 04:44:45,173 - mmdet - INFO - Epoch [1][4000/6555]	lr: 1.000e-04, eta: 2:16:42, time: 0.286, data_time: 0.013, memory: 13344, loss_cls: 0.4385, loss_bbox: 0.4090, loss_kps: 0.0000, loss: 0.8475
2026-10-02 04:44:59,107 - mmdet - INFO - Epoch [1][4050/6555]	lr: 1.000e-04, eta: 2:16:25, time: 0.279, data_time: 0.014, memory: 13344, loss_cls: 0.4585, loss_bbox: 0.4328, loss_kps: 0.0000, loss: 0.8913
2026-10-02 04:45:13,343 - mmdet - INFO - Epoch [1][4100/6555]	lr: 1.000e-04, eta: 2:16:11, time: 0.285, data_time: 0.014, memory: 13344, loss_cls: 0.4550, loss_bbox: 0.4215, loss_kps: 0.0000, loss: 0.8765
2026-10-02 04:45:27,423 - mmdet - INFO - Epoch [1][4150/6555]	lr: 1.000e-04, eta: 2:15:55, time: 0.281, data_time: 0.013, memory: 13344, loss_cls: 0.4496, loss_bbox: 0.4189, loss_kps: 0.0000, loss: 0.8685
2026-10-02 04:45:41,310 - mmdet - INFO - Epoch [1][4200/6555]	lr: 1.000e-04, eta: 2:15:39, time: 0.278, data_time: 0.015, memory: 13344, loss_cls: 0.4678, loss_bbox: 0.4208, loss_kps: 0.0000, loss: 0.8886
2026-10-02 04:45:55,538 - mmdet - INFO - Epoch [1][4250/6555]	lr: 1.000e-04, eta: 2:15:24, time: 0.285, data_time: 0.011, memory: 13344, loss_cls: 0.4896, loss_bbox: 0.4382, loss_kps: 0.0000, loss: 0.9278
2026-10-02 04:46:09,539 - mmdet - INFO - Epoch [1][4300/6555]	lr: 1.000e-04, eta: 2:15:09, time: 0.280, data_time: 0.013, memory: 13344, loss_cls: 0.4561, loss_bbox: 0.4304, loss_kps: 0.0000, loss: 0.8865
2026-10-02 04:46:23,099 - mmdet - INFO - Epoch [1][4350/6555]	lr: 1.000e-04, eta: 2:14:50, time: 0.271, data_time: 0.014, memory: 13344, loss_cls: 0.4479, loss_bbox: 0.4207, loss_kps: 0.0000, loss: 0.8686
2026-10-02 04:46:37,142 - mmdet - INFO - Epoch [1][4400/6555]	lr: 1.000e-04, eta: 2:14:34, time: 0.281, data_time: 0.013, memory: 13344, loss_cls: 0.4497, loss_bbox: 0.4195, loss_kps: 0.0000, loss: 0.8692
2026-10-02 04:46:51,333 - mmdet - INFO - Epoch [1][4450/6555]	lr: 1.000e-04, eta: 2:14:20, time: 0.284, data_time: 0.014, memory: 13344, loss_cls: 0.4246, loss_bbox: 0.4012, loss_kps: 0.0000, loss: 0.8258
2026-10-02 04:47:05,151 - mmdet - INFO - Epoch [1][4500/6555]	lr: 1.000e-04, eta: 2:14:03, time: 0.276, data_time: 0.013, memory: 13344, loss_cls: 0.4703, loss_bbox: 0.4098, loss_kps: 0.0000, loss: 0.8801
2026-10-02 04:47:19,291 - mmdet - INFO - Epoch [1][4550/6555]	lr: 1.000e-04, eta: 2:13:48, time: 0.283, data_time: 0.015, memory: 13344, loss_cls: 0.4550, loss_bbox: 0.4098, loss_kps: 0.0000, loss: 0.8648
2026-10-02 04:47:33,333 - mmdet - INFO - Epoch [1][4600/6555]	lr: 1.000e-04, eta: 2:13:33, time: 0.281, data_time: 0.013, memory: 13344, loss_cls: 0.4442, loss_bbox: 0.4178, loss_kps: 0.0000, loss: 0.8620
2026-10-02 04:47:47,258 - mmdet - INFO - Epoch [1][4650/6555]	lr: 1.000e-04, eta: 2:13:17, time: 0.278, data_time: 0.013, memory: 13344, loss_cls: 0.4632, loss_bbox: 0.4183, loss_kps: 0.0000, loss: 0.8815
2026-10-02 04:48:01,065 - mmdet - INFO - Epoch [1][4700/6555]	lr: 1.000e-04, eta: 2:13:00, time: 0.276, data_time: 0.013, memory: 13344, loss_cls: 0.4398, loss_bbox: 0.4117, loss_kps: 0.0000, loss: 0.8515
2026-10-02 04:48:15,250 - mmdet - INFO - Epoch [1][4750/6555]	lr: 1.000e-04, eta: 2:12:46, time: 0.284, data_time: 0.013, memory: 13344, loss_cls: 0.4416, loss_bbox: 0.4227, loss_kps: 0.0000, loss: 0.8643
2026-10-02 04:48:29,294 - mmdet - INFO - Epoch [1][4800/6555]	lr: 1.000e-04, eta: 2:12:31, time: 0.281, data_time: 0.014, memory: 13344, loss_cls: 0.4605, loss_bbox: 0.4283, loss_kps: 0.0000, loss: 0.8888
2026-10-02 04:48:43,250 - mmdet - INFO - Epoch [1][4850/6555]	lr: 1.000e-04, eta: 2:12:15, time: 0.279, data_time: 0.015, memory: 13344, loss_cls: 0.4391, loss_bbox: 0.4301, loss_kps: 0.0000, loss: 0.8692
2026-10-02 04:48:57,105 - mmdet - INFO - Epoch [1][4900/6555]	lr: 1.000e-04, eta: 2:11:59, time: 0.277, data_time: 0.012, memory: 13344, loss_cls: 0.4583, loss_bbox: 0.4238, loss_kps: 0.0000, loss: 0.8820
2026-10-02 04:49:11,426 - mmdet - INFO - Epoch [1][4950/6555]	lr: 1.000e-04, eta: 2:11:45, time: 0.286, data_time: 0.012, memory: 13344, loss_cls: 0.4599, loss_bbox: 0.4200, loss_kps: 0.0000, loss: 0.8799
2026-10-02 04:49:25,383 - mmdet - INFO - Exp name: scrfd_armAW34_fluence.py
2026-10-02 04:49:25,383 - mmdet - INFO - Epoch [1][5000/6555]	lr: 1.000e-04, eta: 2:11:30, time: 0.279, data_time: 0.014, memory: 13344, loss_cls: 0.4547, loss_bbox: 0.4282, loss_kps: 0.0000, loss: 0.8829
2026-10-02 04:49:39,480 - mmdet - INFO - Epoch [1][5050/6555]	lr: 1.000e-04, eta: 2:11:15, time: 0.282, data_time: 0.014, memory: 13344, loss_cls: 0.4713, loss_bbox: 0.4264, loss_kps: 0.0000, loss: 0.8977
2026-10-02 04:49:53,247 - mmdet - INFO - Epoch [1][5100/6555]	lr: 1.000e-04, eta: 2:10:58, time: 0.275, data_time: 0.014, memory: 13344, loss_cls: 0.4441, loss_bbox: 0.4171, loss_kps: 0.0000, loss: 0.8612
2026-10-02 04:50:07,065 - mmdet - INFO - Epoch [1][5150/6555]	lr: 1.000e-04, eta: 2:10:42, time: 0.276, data_time: 0.014, memory: 13344, loss_cls: 0.4715, loss_bbox: 0.4269, loss_kps: 0.0000, loss: 0.8984
2026-10-02 04:50:21,155 - mmdet - INFO - Epoch [1][5200/6555]	lr: 1.000e-04, eta: 2:10:27, time: 0.282, data_time: 0.014, memory: 13344, loss_cls: 0.4439, loss_bbox: 0.4179, loss_kps: 0.0000, loss: 0.8618
2026-10-02 04:50:35,485 - mmdet - INFO - Epoch [1][5250/6555]	lr: 1.000e-04, eta: 2:10:14, time: 0.287, data_time: 0.016, memory: 13344, loss_cls: 0.4409, loss_bbox: 0.4186, loss_kps: 0.0000, loss: 0.8595
2026-10-02 04:50:49,626 - mmdet - INFO - Epoch [1][5300/6555]	lr: 1.000e-04, eta: 2:09:59, time: 0.283, data_time: 0.014, memory: 13344, loss_cls: 0.4684, loss_bbox: 0.4209, loss_kps: 0.0000, loss: 0.8893
2026-10-02 04:51:04,045 - mmdet - INFO - Epoch [1][5350/6555]	lr: 1.000e-04, eta: 2:09:46, time: 0.288, data_time: 0.014, memory: 13344, loss_cls: 0.4296, loss_bbox: 0.4088, loss_kps: 0.0000, loss: 0.8384
2026-10-02 04:51:19,209 - mmdet - INFO - Epoch [1][5400/6555]	lr: 1.000e-04, eta: 2:09:37, time: 0.303, data_time: 0.012, memory: 13344, loss_cls: 0.4382, loss_bbox: 0.4215, loss_kps: 0.0000, loss: 0.8597
2026-10-02 04:51:33,225 - mmdet - INFO - Epoch [1][5450/6555]	lr: 1.000e-04, eta: 2:09:22, time: 0.280, data_time: 0.013, memory: 13344, loss_cls: 0.4197, loss_bbox: 0.4160, loss_kps: 0.0000, loss: 0.8357
2026-10-02 04:51:47,964 - mmdet - INFO - Epoch [1][5500/6555]	lr: 1.000e-04, eta: 2:09:10, time: 0.295, data_time: 0.014, memory: 13344, loss_cls: 0.4346, loss_bbox: 0.4211, loss_kps: 0.0000, loss: 0.8558
2026-10-02 04:52:02,084 - mmdet - INFO - Epoch [1][5550/6555]	lr: 1.000e-04, eta: 2:08:56, time: 0.282, data_time: 0.016, memory: 13344, loss_cls: 0.4520, loss_bbox: 0.4094, loss_kps: 0.0000, loss: 0.8614
2026-10-02 04:52:16,246 - mmdet - INFO - Epoch [1][5600/6555]	lr: 1.000e-04, eta: 2:08:41, time: 0.283, data_time: 0.014, memory: 13344, loss_cls: 0.4585, loss_bbox: 0.4190, loss_kps: 0.0000, loss: 0.8775
2026-10-02 04:52:30,569 - mmdet - INFO - Epoch [1][5650/6555]	lr: 1.000e-04, eta: 2:08:28, time: 0.287, data_time: 0.013, memory: 13344, loss_cls: 0.4456, loss_bbox: 0.4115, loss_kps: 0.0000, loss: 0.8571
2026-10-02 04:52:44,827 - mmdet - INFO - Epoch [1][5700/6555]	lr: 1.000e-04, eta: 2:08:14, time: 0.285, data_time: 0.014, memory: 13344, loss_cls: 0.4605, loss_bbox: 0.4209, loss_kps: 0.0000, loss: 0.8815
2026-10-02 04:52:59,003 - mmdet - INFO - Epoch [1][5750/6555]	lr: 1.000e-04, eta: 2:07:59, time: 0.283, data_time: 0.014, memory: 13344, loss_cls: 0.4396, loss_bbox: 0.4138, loss_kps: 0.0000, loss: 0.8534
2026-10-02 04:53:13,054 - mmdet - INFO - Epoch [1][5800/6555]	lr: 1.000e-04, eta: 2:07:44, time: 0.281, data_time: 0.014, memory: 13344, loss_cls: 0.4623, loss_bbox: 0.4307, loss_kps: 0.0000, loss: 0.8930
2026-10-02 04:53:27,062 - mmdet - INFO - Epoch [1][5850/6555]	lr: 1.000e-04, eta: 2:07:29, time: 0.280, data_time: 0.014, memory: 13344, loss_cls: 0.4649, loss_bbox: 0.4250, loss_kps: 0.0000, loss: 0.8899
2026-10-02 04:53:41,178 - mmdet - INFO - Epoch [1][5900/6555]	lr: 1.000e-04, eta: 2:07:15, time: 0.282, data_time: 0.014, memory: 13344, loss_cls: 0.4149, loss_bbox: 0.4048, loss_kps: 0.0000, loss: 0.8197
2026-10-02 04:53:55,157 - mmdet - INFO - Epoch [1][5950/6555]	lr: 1.000e-04, eta: 2:06:59, time: 0.280, data_time: 0.014, memory: 13344, loss_cls: 0.4544, loss_bbox: 0.4151, loss_kps: 0.0000, loss: 0.8695
2026-10-02 04:54:09,237 - mmdet - INFO - Exp name: scrfd_armAW34_fluence.py
2026-10-02 04:54:09,237 - mmdet - INFO - Epoch [1][6000/6555]	lr: 1.000e-04, eta: 2:06:45, time: 0.282, data_time: 0.014, memory: 13344, loss_cls: 0.4248, loss_bbox: 0.4104, loss_kps: 0.0000, loss: 0.8352
2026-10-02 04:54:23,253 - mmdet - INFO - Epoch [1][6050/6555]	lr: 1.000e-04, eta: 2:06:30, time: 0.280, data_time: 0.013, memory: 13344, loss_cls: 0.4527, loss_bbox: 0.4133, loss_kps: 0.0000, loss: 0.8660
2026-10-02 04:54:37,432 - mmdet - INFO - Epoch [1][6100/6555]	lr: 1.000e-04, eta: 2:06:15, time: 0.284, data_time: 0.014, memory: 13344, loss_cls: 0.4770, loss_bbox: 0.4204, loss_kps: 0.0000, loss: 0.8974
2026-10-02 04:54:51,588 - mmdet - INFO - Epoch [1][6150/6555]	lr: 1.000e-04, eta: 2:06:01, time: 0.283, data_time: 0.013, memory: 13344, loss_cls: 0.4553, loss_bbox: 0.4251, loss_kps: 0.0000, loss: 0.8804
2026-10-02 04:55:05,587 - mmdet - INFO - Epoch [1][6200/6555]	lr: 1.000e-04, eta: 2:05:46, time: 0.280, data_time: 0.013, memory: 13344, loss_cls: 0.4562, loss_bbox: 0.4231, loss_kps: 0.0000, loss: 0.8794
2026-10-02 04:55:19,759 - mmdet - INFO - Epoch [1][6250/6555]	lr: 1.000e-04, eta: 2:05:31, time: 0.283, data_time: 0.014, memory: 13344, loss_cls: 0.4487, loss_bbox: 0.4123, loss_kps: 0.0000, loss: 0.8610
2026-10-02 04:55:33,745 - mmdet - INFO - Epoch [1][6300/6555]	lr: 1.000e-04, eta: 2:05:16, time: 0.280, data_time: 0.015, memory: 13344, loss_cls: 0.4320, loss_bbox: 0.4095, loss_kps: 0.0000, loss: 0.8415
2026-10-02 04:55:48,027 - mmdet - INFO - Epoch [1][6350/6555]	lr: 1.000e-04, eta: 2:05:03, time: 0.286, data_time: 0.014, memory: 13344, loss_cls: 0.4347, loss_bbox: 0.4177, loss_kps: 0.0000, loss: 0.8524
2026-10-02 04:56:01,846 - mmdet - INFO - Epoch [1][6400/6555]	lr: 1.000e-04, eta: 2:04:47, time: 0.276, data_time: 0.013, memory: 13344, loss_cls: 0.4341, loss_bbox: 0.4113, loss_kps: 0.0000, loss: 0.8454
2026-10-02 04:56:15,813 - mmdet - INFO - Epoch [1][6450/6555]	lr: 1.000e-04, eta: 2:04:32, time: 0.279, data_time: 0.013, memory: 13344, loss_cls: 0.4577, loss_bbox: 0.4231, loss_kps: 0.0000, loss: 0.8808
2026-10-02 04:56:29,987 - mmdet - INFO - Epoch [1][6500/6555]	lr: 1.000e-04, eta: 2:04:17, time: 0.283, data_time: 0.013, memory: 13344, loss_cls: 0.4421, loss_bbox: 0.3997, loss_kps: 0.0000, loss: 0.8418
2026-10-02 04:56:41,419 - mmdet - INFO - Epoch [1][6550/6555]	lr: 1.000e-04, eta: 2:03:52, time: 0.229, data_time: 0.011, memory: 13344, loss_cls: 0.4361, loss_bbox: 0.4156, loss_kps: 0.0000, loss: 0.8517
2026-10-02 04:56:43,031 - mmdet - INFO - Saving checkpoint at 1 epochs
2026-10-02 04:57:09,940 - mmdet - INFO - Epoch [2][50/6555]	lr: 1.000e-04, eta: 2:04:20, time: 0.532, data_time: 0.253, memory: 13344, loss_cls: 0.4564, loss_bbox: 0.4278, loss_kps: 0.0000, loss: 0.8842
2026-10-02 04:57:24,149 - mmdet - INFO - Epoch [2][100/6555]	lr: 1.000e-04, eta: 2:04:06, time: 0.284, data_time: 0.018, memory: 13344, loss_cls: 0.4331, loss_bbox: 0.4116, loss_kps: 0.0000, loss: 0.8447
2026-10-02 04:57:38,027 - mmdet - INFO - Epoch [2][150/6555]	lr: 1.000e-04, eta: 2:03:50, time: 0.278, data_time: 0.017, memory: 13344, loss_cls: 0.4529, loss_bbox: 0.4217, loss_kps: 0.0000, loss: 0.8745
2026-10-02 04:57:51,830 - mmdet - INFO - Epoch [2][200/6555]	lr: 1.000e-04, eta: 2:03:34, time: 0.276, data_time: 0.017, memory: 13344, loss_cls: 0.4408, loss_bbox: 0.4182, loss_kps: 0.0000, loss: 0.8590
2026-10-02 04:58:06,284 - mmdet - INFO - Epoch [2][250/6555]	lr: 1.000e-04, eta: 2:03:21, time: 0.289, data_time: 0.017, memory: 13344, loss_cls: 0.4631, loss_bbox: 0.4220, loss_kps: 0.0000, loss: 0.8851
2026-10-02 04:58:20,531 - mmdet - INFO - Epoch [2][300/6555]	lr: 1.000e-04, eta: 2:03:06, time: 0.285, data_time: 0.017, memory: 13344, loss_cls: 0.4469, loss_bbox: 0.4130, loss_kps: 0.0000, loss: 0.8599
2026-10-02 04:58:34,650 - mmdet - INFO - Epoch [2][350/6555]	lr: 1.000e-04, eta: 2:02:52, time: 0.282, data_time: 0.016, memory: 13344, loss_cls: 0.4494, loss_bbox: 0.4293, loss_kps: 0.0000, loss: 0.8787
2026-10-02 04:58:48,922 - mmdet - INFO - Epoch [2][400/6555]	lr: 1.000e-04, eta: 2:02:37, time: 0.285, data_time: 0.016, memory: 13344, loss_cls: 0.4237, loss_bbox: 0.3889, loss_kps: 0.0000, loss: 0.8126
2026-10-02 04:59:03,083 - mmdet - INFO - Epoch [2][450/6555]	lr: 1.000e-04, eta: 2:02:23, time: 0.283, data_time: 0.017, memory: 13344, loss_cls: 0.4275, loss_bbox: 0.3982, loss_kps: 0.0000, loss: 0.8256
2026-10-02 04:59:18,086 - mmdet - INFO - Epoch [2][500/6555]	lr: 1.000e-04, eta: 2:02:11, time: 0.300, data_time: 0.016, memory: 13344, loss_cls: 0.4466, loss_bbox: 0.4264, loss_kps: 0.0000, loss: 0.8730
2026-10-02 04:59:32,671 - mmdet - INFO - Epoch [2][550/6555]	lr: 1.000e-04, eta: 2:01:58, time: 0.292, data_time: 0.016, memory: 13344, loss_cls: 0.4267, loss_bbox: 0.3998, loss_kps: 0.0000, loss: 0.8265
2026-10-02 04:59:47,536 - mmdet - INFO - Epoch [2][600/6555]	lr: 1.000e-04, eta: 2:01:46, time: 0.297, data_time: 0.015, memory: 13344, loss_cls: 0.4519, loss_bbox: 0.4248, loss_kps: 0.0000, loss: 0.8767
2026-10-02 05:00:01,771 - mmdet - INFO - Epoch [2][650/6555]	lr: 1.000e-04, eta: 2:01:32, time: 0.285, data_time: 0.017, memory: 13344, loss_cls: 0.4311, loss_bbox: 0.4103, loss_kps: 0.0000, loss: 0.8414
2026-10-02 05:00:16,309 - mmdet - INFO - Epoch [2][700/6555]	lr: 1.000e-04, eta: 2:01:19, time: 0.291, data_time: 0.015, memory: 13344, loss_cls: 0.4234, loss_bbox: 0.4063, loss_kps: 0.0000, loss: 0.8297
2026-10-02 05:00:30,460 - mmdet - INFO - Epoch [2][750/6555]	lr: 1.000e-04, eta: 2:01:04, time: 0.283, data_time: 0.015, memory: 13344, loss_cls: 0.4462, loss_bbox: 0.4224, loss_kps: 0.0000, loss: 0.8686
2026-10-02 05:00:45,258 - mmdet - INFO - Epoch [2][800/6555]	lr: 1.000e-04, eta: 2:00:52, time: 0.296, data_time: 0.017, memory: 13344, loss_cls: 0.4375, loss_bbox: 0.4117, loss_kps: 0.0000, loss: 0.8492
2026-10-02 05:00:59,894 - mmdet - INFO - Epoch [2][850/6555]	lr: 1.000e-04, eta: 2:00:39, time: 0.293, data_time: 0.018, memory: 13344, loss_cls: 0.4727, loss_bbox: 0.4255, loss_kps: 0.0000, loss: 0.8983
2026-10-02 05:01:14,163 - mmdet - INFO - Epoch [2][900/6555]	lr: 1.000e-04, eta: 2:00:24, time: 0.285, data_time: 0.018, memory: 13344, loss_cls: 0.4542, loss_bbox: 0.4153, loss_kps: 0.0000, loss: 0.8695
2026-10-02 05:01:28,232 - mmdet - INFO - Epoch [2][950/6555]	lr: 1.000e-04, eta: 2:00:09, time: 0.281, data_time: 0.017, memory: 13344, loss_cls: 0.4284, loss_bbox: 0.4131, loss_kps: 0.0000, loss: 0.8415
2026-10-02 05:01:42,543 - mmdet - INFO - Epoch [2][1000/6555]	lr: 1.000e-04, eta: 1:59:55, time: 0.286, data_time: 0.017, memory: 13344, loss_cls: 0.4514, loss_bbox: 0.4192, loss_kps: 0.0000, loss: 0.8705
2026-10-02 05:01:56,458 - mmdet - INFO - Epoch [2][1050/6555]	lr: 1.000e-04, eta: 1:59:40, time: 0.278, data_time: 0.016, memory: 13344, loss_cls: 0.4466, loss_bbox: 0.4228, loss_kps: 0.0000, loss: 0.8694
2026-10-02 05:02:10,555 - mmdet - INFO - Epoch [2][1100/6555]	lr: 1.000e-04, eta: 1:59:25, time: 0.282, data_time: 0.017, memory: 13344, loss_cls: 0.4516, loss_bbox: 0.4100, loss_kps: 0.0000, loss: 0.8616
2026-10-02 05:02:24,433 - mmdet - INFO - Epoch [2][1150/6555]	lr: 1.000e-04, eta: 1:59:10, time: 0.278, data_time: 0.017, memory: 13344, loss_cls: 0.4542, loss_bbox: 0.4272, loss_kps: 0.0000, loss: 0.8815
2026-10-02 05:02:38,668 - mmdet - INFO - Epoch [2][1200/6555]	lr: 1.000e-04, eta: 1:58:55, time: 0.285, data_time: 0.018, memory: 13344, loss_cls: 0.4466, loss_bbox: 0.4194, loss_kps: 0.0000, loss: 0.8660
2026-10-02 05:02:52,832 - mmdet - INFO - Epoch [2][1250/6555]	lr: 1.000e-04, eta: 1:58:41, time: 0.283, data_time: 0.019, memory: 13344, loss_cls: 0.4507, loss_bbox: 0.4254, loss_kps: 0.0000, loss: 0.8761
2026-10-02 05:03:06,729 - mmdet - INFO - Epoch [2][1300/6555]	lr: 1.000e-04, eta: 1:58:25, time: 0.278, data_time: 0.017, memory: 13344, loss_cls: 0.4461, loss_bbox: 0.4201, loss_kps: 0.0000, loss: 0.8662
2026-10-02 05:03:21,068 - mmdet - INFO - Epoch [2][1350/6555]	lr: 1.000e-04, eta: 1:58:11, time: 0.287, data_time: 0.017, memory: 13344, loss_cls: 0.4542, loss_bbox: 0.4196, loss_kps: 0.0000, loss: 0.8738
2026-10-02 05:03:35,227 - mmdet - INFO - Epoch [2][1400/6555]	lr: 1.000e-04, eta: 1:57:57, time: 0.283, data_time: 0.017, memory: 13344, loss_cls: 0.4401, loss_bbox: 0.4133, loss_kps: 0.0000, loss: 0.8534
2026-10-02 05:03:49,310 - mmdet - INFO - Epoch [2][1450/6555]	lr: 1.000e-04, eta: 1:57:42, time: 0.282, data_time: 0.015, memory: 13344, loss_cls: 0.4730, loss_bbox: 0.4343, loss_kps: 0.0000, loss: 0.9072
2026-10-02 05:04:03,209 - mmdet - INFO - Epoch [2][1500/6555]	lr: 1.000e-04, eta: 1:57:26, time: 0.278, data_time: 0.017, memory: 13344, loss_cls: 0.4453, loss_bbox: 0.4205, loss_kps: 0.0000, loss: 0.8658
2026-10-02 05:04:17,408 - mmdet - INFO - Epoch [2][1550/6555]	lr: 1.000e-04, eta: 1:57:12, time: 0.284, data_time: 0.018, memory: 13344, loss_cls: 0.4419, loss_bbox: 0.4158, loss_kps: 0.0000, loss: 0.8576
2026-10-02 05:04:31,623 - mmdet - INFO - Epoch [2][1600/6555]	lr: 1.000e-04, eta: 1:56:58, time: 0.284, data_time: 0.016, memory: 13344, loss_cls: 0.4525, loss_bbox: 0.4160, loss_kps: 0.0000, loss: 0.8685
2026-10-02 05:04:45,669 - mmdet - INFO - Epoch [2][1650/6555]	lr: 1.000e-04, eta: 1:56:43, time: 0.281, data_time: 0.018, memory: 13344, loss_cls: 0.4340, loss_bbox: 0.4215, loss_kps: 0.0000, loss: 0.8555
2026-10-02 05:04:59,788 - mmdet - INFO - Epoch [2][1700/6555]	lr: 1.000e-04, eta: 1:56:28, time: 0.282, data_time: 0.017, memory: 13344, loss_cls: 0.4312, loss_bbox: 0.4174, loss_kps: 0.0000, loss: 0.8486
2026-10-02 05:05:13,810 - mmdet - INFO - Epoch [2][1750/6555]	lr: 1.000e-04, eta: 1:56:13, time: 0.280, data_time: 0.017, memory: 13344, loss_cls: 0.4234, loss_bbox: 0.4037, loss_kps: 0.0000, loss: 0.8270
2026-10-02 05:05:27,931 - mmdet - INFO - Epoch [2][1800/6555]	lr: 1.000e-04, eta: 1:55:59, time: 0.282, data_time: 0.017, memory: 13344, loss_cls: 0.4538, loss_bbox: 0.4246, loss_kps: 0.0000, loss: 0.8784
2026-10-02 05:05:41,864 - mmdet - INFO - Epoch [2][1850/6555]	lr: 1.000e-04, eta: 1:55:43, time: 0.279, data_time: 0.016, memory: 13344, loss_cls: 0.4244, loss_bbox: 0.4165, loss_kps: 0.0000, loss: 0.8409
2026-10-02 05:05:56,040 - mmdet - INFO - Epoch [2][1900/6555]	lr: 1.000e-04, eta: 1:55:29, time: 0.284, data_time: 0.019, memory: 13344, loss_cls: 0.4487, loss_bbox: 0.4171, loss_kps: 0.0000, loss: 0.8658
2026-10-02 05:06:10,195 - mmdet - INFO - Epoch [2][1950/6555]	lr: 1.000e-04, eta: 1:55:14, time: 0.283, data_time: 0.016, memory: 13344, loss_cls: 0.4644, loss_bbox: 0.4191, loss_kps: 0.0000, loss: 0.8835
2026-10-02 05:06:24,440 - mmdet - INFO - Epoch [2][2000/6555]	lr: 1.000e-04, eta: 1:55:00, time: 0.285, data_time: 0.017, memory: 13344, loss_cls: 0.4577, loss_bbox: 0.4164, loss_kps: 0.0000, loss: 0.8741
2026-10-02 05:06:38,481 - mmdet - INFO - Epoch [2][2050/6555]	lr: 1.000e-04, eta: 1:54:45, time: 0.281, data_time: 0.018, memory: 13344, loss_cls: 0.4497, loss_bbox: 0.4118, loss_kps: 0.0000, loss: 0.8615
2026-10-02 05:06:52,853 - mmdet - INFO - Epoch [2][2100/6555]	lr: 1.000e-04, eta: 1:54:32, time: 0.287, data_time: 0.018, memory: 13344, loss_cls: 0.4531, loss_bbox: 0.4156, loss_kps: 0.0000, loss: 0.8687
2026-10-02 05:07:07,099 - mmdet - INFO - Epoch [2][2150/6555]	lr: 1.000e-04, eta: 1:54:17, time: 0.285, data_time: 0.016, memory: 13344, loss_cls: 0.4471, loss_bbox: 0.4176, loss_kps: 0.0000, loss: 0.8647
2026-10-02 05:07:20,999 - mmdet - INFO - Epoch [2][2200/6555]	lr: 1.000e-04, eta: 1:54:02, time: 0.278, data_time: 0.016, memory: 13344, loss_cls: 0.4622, loss_bbox: 0.4156, loss_kps: 0.0000, loss: 0.8778
2026-10-02 05:07:35,337 - mmdet - INFO - Epoch [2][2250/6555]	lr: 1.000e-04, eta: 1:53:48, time: 0.287, data_time: 0.018, memory: 13344, loss_cls: 0.4496, loss_bbox: 0.4220, loss_kps: 0.0000, loss: 0.8716
2026-10-02 05:07:49,758 - mmdet - INFO - Epoch [2][2300/6555]	lr: 1.000e-04, eta: 1:53:34, time: 0.288, data_time: 0.016, memory: 13344, loss_cls: 0.4455, loss_bbox: 0.4095, loss_kps: 0.0000, loss: 0.8550
2026-10-02 05:08:04,468 - mmdet - INFO - Epoch [2][2350/6555]	lr: 1.000e-04, eta: 1:53:21, time: 0.294, data_time: 0.016, memory: 13344, loss_cls: 0.4346, loss_bbox: 0.4177, loss_kps: 0.0000, loss: 0.8523
2026-10-02 05:08:18,857 - mmdet - INFO - Epoch [2][2400/6555]	lr: 1.000e-04, eta: 1:53:07, time: 0.288, data_time: 0.018, memory: 13344, loss_cls: 0.4384, loss_bbox: 0.4120, loss_kps: 0.0000, loss: 0.8504
2026-10-02 05:08:33,423 - mmdet - INFO - Epoch [2][2450/6555]	lr: 1.000e-04, eta: 1:52:54, time: 0.291, data_time: 0.017, memory: 13344, loss_cls: 0.4222, loss_bbox: 0.3921, loss_kps: 0.0000, loss: 0.8142
2026-10-02 05:08:48,076 - mmdet - INFO - Epoch [2][2500/6555]	lr: 1.000e-04, eta: 1:52:41, time: 0.293, data_time: 0.017, memory: 13344, loss_cls: 0.4469, loss_bbox: 0.4237, loss_kps: 0.0000, loss: 0.8706
2026-10-02 05:09:03,405 - mmdet - INFO - Epoch [2][2550/6555]	lr: 1.000e-04, eta: 1:52:29, time: 0.307, data_time: 0.016, memory: 13344, loss_cls: 0.4373, loss_bbox: 0.4040, loss_kps: 0.0000, loss: 0.8413
2026-10-02 05:09:17,708 - mmdet - INFO - Epoch [2][2600/6555]	lr: 1.000e-04, eta: 1:52:15, time: 0.286, data_time: 0.018, memory: 13344, loss_cls: 0.4574, loss_bbox: 0.4188, loss_kps: 0.0000, loss: 0.8762
2026-10-02 05:09:31,742 - mmdet - INFO - Epoch [2][2650/6555]	lr: 1.000e-04, eta: 1:52:00, time: 0.281, data_time: 0.017, memory: 13344, loss_cls: 0.4564, loss_bbox: 0.4198, loss_kps: 0.0000, loss: 0.8762
2026-10-02 05:09:46,043 - mmdet - INFO - Epoch [2][2700/6555]	lr: 1.000e-04, eta: 1:51:46, time: 0.286, data_time: 0.017, memory: 13344, loss_cls: 0.4632, loss_bbox: 0.4230, loss_kps: 0.0000, loss: 0.8863
2026-10-02 05:10:00,142 - mmdet - INFO - Epoch [2][2750/6555]	lr: 1.000e-04, eta: 1:51:32, time: 0.282, data_time: 0.017, memory: 13344, loss_cls: 0.4390, loss_bbox: 0.4116, loss_kps: 0.0000, loss: 0.8505
2026-10-02 05:10:14,304 - mmdet - INFO - Epoch [2][2800/6555]	lr: 1.000e-04, eta: 1:51:17, time: 0.283, data_time: 0.017, memory: 13344, loss_cls: 0.4454, loss_bbox: 0.4162, loss_kps: 0.0000, loss: 0.8616
2026-10-02 05:10:28,481 - mmdet - INFO - Epoch [2][2850/6555]	lr: 1.000e-04, eta: 1:51:03, time: 0.283, data_time: 0.016, memory: 13344, loss_cls: 0.4424, loss_bbox: 0.4235, loss_kps: 0.0000, loss: 0.8659
2026-10-02 05:10:42,857 - mmdet - INFO - Epoch [2][2900/6555]	lr: 1.000e-04, eta: 1:50:49, time: 0.288, data_time: 0.016, memory: 13344, loss_cls: 0.4424, loss_bbox: 0.4137, loss_kps: 0.0000, loss: 0.8561
2026-10-02 05:10:57,016 - mmdet - INFO - Epoch [2][2950/6555]	lr: 1.000e-04, eta: 1:50:34, time: 0.283, data_time: 0.017, memory: 13344, loss_cls: 0.4487, loss_bbox: 0.4158, loss_kps: 0.0000, loss: 0.8645
2026-10-02 05:11:11,097 - mmdet - INFO - Epoch [2][3000/6555]	lr: 1.000e-04, eta: 1:50:20, time: 0.282, data_time: 0.018, memory: 13344, loss_cls: 0.4489, loss_bbox: 0.4262, loss_kps: 0.0000, loss: 0.8751
2026-10-02 05:11:24,970 - mmdet - INFO - Epoch [2][3050/6555]	lr: 1.000e-04, eta: 1:50:04, time: 0.277, data_time: 0.016, memory: 13344, loss_cls: 0.4155, loss_bbox: 0.4165, loss_kps: 0.0000, loss: 0.8320
2026-10-02 05:11:38,905 - mmdet - INFO - Epoch [2][3100/6555]	lr: 1.000e-04, eta: 1:49:49, time: 0.279, data_time: 0.016, memory: 13344, loss_cls: 0.4429, loss_bbox: 0.4158, loss_kps: 0.0000, loss: 0.8588
2026-10-02 05:11:53,056 - mmdet - INFO - Epoch [2][3150/6555]	lr: 1.000e-04, eta: 1:49:35, time: 0.283, data_time: 0.018, memory: 13344, loss_cls: 0.4338, loss_bbox: 0.4170, loss_kps: 0.0000, loss: 0.8508
2026-10-02 05:12:07,228 - mmdet - INFO - Epoch [2][3200/6555]	lr: 1.000e-04, eta: 1:49:20, time: 0.283, data_time: 0.017, memory: 13344, loss_cls: 0.4466, loss_bbox: 0.4142, loss_kps: 0.0000, loss: 0.8608
2026-10-02 05:12:21,445 - mmdet - INFO - Epoch [2][3250/6555]	lr: 1.000e-04, eta: 1:49:06, time: 0.284, data_time: 0.018, memory: 13344, loss_cls: 0.4230, loss_bbox: 0.3965, loss_kps: 0.0000, loss: 0.8195
2026-10-02 05:12:35,261 - mmdet - INFO - Epoch [2][3300/6555]	lr: 1.000e-04, eta: 1:48:51, time: 0.276, data_time: 0.016, memory: 13344, loss_cls: 0.4377, loss_bbox: 0.4270, loss_kps: 0.0000, loss: 0.8646
2026-10-02 05:12:49,566 - mmdet - INFO - Epoch [2][3350/6555]	lr: 1.000e-04, eta: 1:48:37, time: 0.286, data_time: 0.017, memory: 13344, loss_cls: 0.4437, loss_bbox: 0.4152, loss_kps: 0.0000, loss: 0.8589
2026-10-02 05:13:03,749 - mmdet - INFO - Epoch [2][3400/6555]	lr: 1.000e-04, eta: 1:48:22, time: 0.284, data_time: 0.017, memory: 13344, loss_cls: 0.4362, loss_bbox: 0.4053, loss_kps: 0.0000, loss: 0.8415
2026-10-02 05:13:18,105 - mmdet - INFO - Epoch [2][3450/6555]	lr: 1.000e-04, eta: 1:48:08, time: 0.287, data_time: 0.018, memory: 13344, loss_cls: 0.4721, loss_bbox: 0.4200, loss_kps: 0.0000, loss: 0.8921
2026-10-02 05:13:32,376 - mmdet - INFO - Epoch [2][3500/6555]	lr: 1.000e-04, eta: 1:47:54, time: 0.285, data_time: 0.017, memory: 13344, loss_cls: 0.4609, loss_bbox: 0.4211, loss_kps: 0.0000, loss: 0.8819
2026-10-02 05:13:46,390 - mmdet - INFO - Epoch [2][3550/6555]	lr: 1.000e-04, eta: 1:47:39, time: 0.280, data_time: 0.016, memory: 13344, loss_cls: 0.4403, loss_bbox: 0.4258, loss_kps: 0.0000, loss: 0.8661
2026-10-02 05:14:00,854 - mmdet - INFO - Epoch [2][3600/6555]	lr: 1.000e-04, eta: 1:47:26, time: 0.289, data_time: 0.019, memory: 13344, loss_cls: 0.4551, loss_bbox: 0.4234, loss_kps: 0.0000, loss: 0.8785
2026-10-02 05:14:15,301 - mmdet - INFO - Epoch [2][3650/6555]	lr: 1.000e-04, eta: 1:47:12, time: 0.289, data_time: 0.017, memory: 13344, loss_cls: 0.4367, loss_bbox: 0.4160, loss_kps: 0.0000, loss: 0.8527
2026-10-02 05:14:29,316 - mmdet - INFO - Epoch [2][3700/6555]	lr: 1.000e-04, eta: 1:46:57, time: 0.280, data_time: 0.016, memory: 13344, loss_cls: 0.4766, loss_bbox: 0.4330, loss_kps: 0.0000, loss: 0.9095
2026-10-02 05:14:43,775 - mmdet - INFO - Epoch [2][3750/6555]	lr: 1.000e-04, eta: 1:46:43, time: 0.289, data_time: 0.016, memory: 13344, loss_cls: 0.4492, loss_bbox: 0.4103, loss_kps: 0.0000, loss: 0.8596
2026-10-02 05:14:57,710 - mmdet - INFO - Epoch [2][3800/6555]	lr: 1.000e-04, eta: 1:46:28, time: 0.279, data_time: 0.016, memory: 13344, loss_cls: 0.4399, loss_bbox: 0.4248, loss_kps: 0.0000, loss: 0.8647
2026-10-02 05:15:11,767 - mmdet - INFO - Epoch [2][3850/6555]	lr: 1.000e-04, eta: 1:46:14, time: 0.281, data_time: 0.017, memory: 13344, loss_cls: 0.4459, loss_bbox: 0.4051, loss_kps: 0.0000, loss: 0.8510
2026-10-02 05:15:25,737 - mmdet - INFO - Epoch [2][3900/6555]	lr: 1.000e-04, eta: 1:45:59, time: 0.279, data_time: 0.016, memory: 13344, loss_cls: 0.4607, loss_bbox: 0.4342, loss_kps: 0.0000, loss: 0.8949
2026-10-02 05:15:39,803 - mmdet - INFO - Epoch [2][3950/6555]	lr: 1.000e-04, eta: 1:45:44, time: 0.281, data_time: 0.016, memory: 13344, loss_cls: 0.4452, loss_bbox: 0.4147, loss_kps: 0.0000, loss: 0.8598
2026-10-02 05:15:53,909 - mmdet - INFO - Epoch [2][4000/6555]	lr: 1.000e-04, eta: 1:45:30, time: 0.282, data_time: 0.019, memory: 13344, loss_cls: 0.4390, loss_bbox: 0.4162, loss_kps: 0.0000, loss: 0.8552
2026-10-02 05:16:07,904 - mmdet - INFO - Epoch [2][4050/6555]	lr: 1.000e-04, eta: 1:45:15, time: 0.280, data_time: 0.016, memory: 13344, loss_cls: 0.4418, loss_bbox: 0.3981, loss_kps: 0.0000, loss: 0.8399
2026-10-02 05:16:22,089 - mmdet - INFO - Epoch [2][4100/6555]	lr: 1.000e-04, eta: 1:45:00, time: 0.284, data_time: 0.017, memory: 13344, loss_cls: 0.4597, loss_bbox: 0.4256, loss_kps: 0.0000, loss: 0.8853
2026-10-02 05:16:36,161 - mmdet - INFO - Epoch [2][4150/6555]	lr: 1.000e-04, eta: 1:44:46, time: 0.281, data_time: 0.017, memory: 13344, loss_cls: 0.4533, loss_bbox: 0.4155, loss_kps: 0.0000, loss: 0.8688
2026-10-02 05:16:51,359 - mmdet - INFO - Epoch [2][4200/6555]	lr: 1.000e-04, eta: 1:44:34, time: 0.304, data_time: 0.017, memory: 13344, loss_cls: 0.4336, loss_bbox: 0.4109, loss_kps: 0.0000, loss: 0.8445
2026-10-02 05:17:06,237 - mmdet - INFO - Epoch [2][4250/6555]	lr: 1.000e-04, eta: 1:44:21, time: 0.297, data_time: 0.018, memory: 13344, loss_cls: 0.4550, loss_bbox: 0.4231, loss_kps: 0.0000, loss: 0.8781
2026-10-02 05:17:20,257 - mmdet - INFO - Epoch [2][4300/6555]	lr: 1.000e-04, eta: 1:44:06, time: 0.280, data_time: 0.017, memory: 13344, loss_cls: 0.4198, loss_bbox: 0.4090, loss_kps: 0.0000, loss: 0.8289
2026-10-02 05:17:34,656 - mmdet - INFO - Epoch [2][4350/6555]	lr: 1.000e-04, eta: 1:43:52, time: 0.288, data_time: 0.016, memory: 13344, loss_cls: 0.4460, loss_bbox: 0.4298, loss_kps: 0.0000, loss: 0.8758
2026-10-02 05:17:48,760 - mmdet - INFO - Epoch [2][4400/6555]	lr: 1.000e-04, eta: 1:43:37, time: 0.282, data_time: 0.016, memory: 13344, loss_cls: 0.4583, loss_bbox: 0.4189, loss_kps: 0.0000, loss: 0.8772
2026-10-02 05:18:03,615 - mmdet - INFO - Epoch [2][4450/6555]	lr: 1.000e-04, eta: 1:43:24, time: 0.297, data_time: 0.016, memory: 13344, loss_cls: 0.4519, loss_bbox: 0.4290, loss_kps: 0.0000, loss: 0.8809
2026-10-02 05:18:17,861 - mmdet - INFO - Epoch [2][4500/6555]	lr: 1.000e-04, eta: 1:43:10, time: 0.285, data_time: 0.015, memory: 13344, loss_cls: 0.4410, loss_bbox: 0.4219, loss_kps: 0.0000, loss: 0.8629
2026-10-02 05:18:32,540 - mmdet - INFO - Epoch [2][4550/6555]	lr: 1.000e-04, eta: 1:42:57, time: 0.294, data_time: 0.019, memory: 13344, loss_cls: 0.4236, loss_bbox: 0.4166, loss_kps: 0.0000, loss: 0.8402
2026-10-02 05:18:46,793 - mmdet - INFO - Epoch [2][4600/6555]	lr: 1.000e-04, eta: 1:42:42, time: 0.285, data_time: 0.016, memory: 13344, loss_cls: 0.4461, loss_bbox: 0.4289, loss_kps: 0.0000, loss: 0.8750
2026-10-02 05:19:01,010 - mmdet - INFO - Epoch [2][4650/6555]	lr: 1.000e-04, eta: 1:42:28, time: 0.284, data_time: 0.017, memory: 13344, loss_cls: 0.4343, loss_bbox: 0.4047, loss_kps: 0.0000, loss: 0.8391
2026-10-02 05:19:15,124 - mmdet - INFO - Epoch [2][4700/6555]	lr: 1.000e-04, eta: 1:42:14, time: 0.282, data_time: 0.016, memory: 13344, loss_cls: 0.4343, loss_bbox: 0.4167, loss_kps: 0.0000, loss: 0.8510
2026-10-02 05:19:29,464 - mmdet - INFO - Epoch [2][4750/6555]	lr: 1.000e-04, eta: 1:41:59, time: 0.287, data_time: 0.019, memory: 13344, loss_cls: 0.4512, loss_bbox: 0.4184, loss_kps: 0.0000, loss: 0.8696
2026-10-02 05:19:43,845 - mmdet - INFO - Epoch [2][4800/6555]	lr: 1.000e-04, eta: 1:41:45, time: 0.288, data_time: 0.018, memory: 13344, loss_cls: 0.4306, loss_bbox: 0.4059, loss_kps: 0.0000, loss: 0.8365
2026-10-02 05:19:58,208 - mmdet - INFO - Epoch [2][4850/6555]	lr: 1.000e-04, eta: 1:41:31, time: 0.287, data_time: 0.017, memory: 13344, loss_cls: 0.4338, loss_bbox: 0.4056, loss_kps: 0.0000, loss: 0.8394
2026-10-02 05:20:12,450 - mmdet - INFO - Epoch [2][4900/6555]	lr: 1.000e-04, eta: 1:41:17, time: 0.285, data_time: 0.017, memory: 13344, loss_cls: 0.4194, loss_bbox: 0.4120, loss_kps: 0.0000, loss: 0.8314
2026-10-02 05:20:26,829 - mmdet - INFO - Epoch [2][4950/6555]	lr: 1.000e-04, eta: 1:41:03, time: 0.288, data_time: 0.017, memory: 13344, loss_cls: 0.4259, loss_bbox: 0.4125, loss_kps: 0.0000, loss: 0.8384
2026-10-02 05:20:40,983 - mmdet - INFO - Epoch [2][5000/6555]	lr: 1.000e-04, eta: 1:40:49, time: 0.283, data_time: 0.018, memory: 13344, loss_cls: 0.4508, loss_bbox: 0.4244, loss_kps: 0.0000, loss: 0.8752
2026-10-02 05:20:55,222 - mmdet - INFO - Epoch [2][5050/6555]	lr: 1.000e-04, eta: 1:40:34, time: 0.285, data_time: 0.017, memory: 13344, loss_cls: 0.4322, loss_bbox: 0.4141, loss_kps: 0.0000, loss: 0.8463
2026-10-02 05:21:09,404 - mmdet - INFO - Epoch [2][5100/6555]	lr: 1.000e-04, eta: 1:40:20, time: 0.284, data_time: 0.016, memory: 13344, loss_cls: 0.4598, loss_bbox: 0.4135, loss_kps: 0.0000, loss: 0.8733
2026-10-02 05:21:23,692 - mmdet - INFO - Epoch [2][5150/6555]	lr: 1.000e-04, eta: 1:40:06, time: 0.286, data_time: 0.016, memory: 13344, loss_cls: 0.4481, loss_bbox: 0.4196, loss_kps: 0.0000, loss: 0.8678
2026-10-02 05:21:37,906 - mmdet - INFO - Epoch [2][5200/6555]	lr: 1.000e-04, eta: 1:39:52, time: 0.284, data_time: 0.017, memory: 13344, loss_cls: 0.4213, loss_bbox: 0.4071, loss_kps: 0.0000, loss: 0.8283
2026-10-02 05:21:52,036 - mmdet - INFO - Epoch [2][5250/6555]	lr: 1.000e-04, eta: 1:39:37, time: 0.283, data_time: 0.016, memory: 13344, loss_cls: 0.4446, loss_bbox: 0.4254, loss_kps: 0.0000, loss: 0.8699
2026-10-02 05:22:06,058 - mmdet - INFO - Epoch [2][5300/6555]	lr: 1.000e-04, eta: 1:39:22, time: 0.280, data_time: 0.017, memory: 13344, loss_cls: 0.4393, loss_bbox: 0.4111, loss_kps: 0.0000, loss: 0.8504
2026-10-02 05:22:20,243 - mmdet - INFO - Epoch [2][5350/6555]	lr: 1.000e-04, eta: 1:39:08, time: 0.284, data_time: 0.018, memory: 13344, loss_cls: 0.4395, loss_bbox: 0.4197, loss_kps: 0.0000, loss: 0.8591
2026-10-02 05:22:34,319 - mmdet - INFO - Epoch [2][5400/6555]	lr: 1.000e-04, eta: 1:38:53, time: 0.282, data_time: 0.017, memory: 13344, loss_cls: 0.4503, loss_bbox: 0.4208, loss_kps: 0.0000, loss: 0.8711
2026-10-02 05:22:48,637 - mmdet - INFO - Epoch [2][5450/6555]	lr: 1.000e-04, eta: 1:38:39, time: 0.286, data_time: 0.017, memory: 13344, loss_cls: 0.4605, loss_bbox: 0.4196, loss_kps: 0.0000, loss: 0.8801
2026-10-02 05:23:03,068 - mmdet - INFO - Epoch [2][5500/6555]	lr: 1.000e-04, eta: 1:38:25, time: 0.288, data_time: 0.019, memory: 13344, loss_cls: 0.4472, loss_bbox: 0.4089, loss_kps: 0.0000, loss: 0.8561
2026-10-02 05:23:17,193 - mmdet - INFO - Epoch [2][5550/6555]	lr: 1.000e-04, eta: 1:38:11, time: 0.283, data_time: 0.017, memory: 13344, loss_cls: 0.4087, loss_bbox: 0.4057, loss_kps: 0.0000, loss: 0.8144
2026-10-02 05:23:31,397 - mmdet - INFO - Epoch [2][5600/6555]	lr: 1.000e-04, eta: 1:37:57, time: 0.284, data_time: 0.020, memory: 13344, loss_cls: 0.4469, loss_bbox: 0.4224, loss_kps: 0.0000, loss: 0.8693
2026-10-02 05:23:45,363 - mmdet - INFO - Epoch [2][5650/6555]	lr: 1.000e-04, eta: 1:37:42, time: 0.279, data_time: 0.018, memory: 13344, loss_cls: 0.4492, loss_bbox: 0.4177, loss_kps: 0.0000, loss: 0.8669
2026-10-02 05:23:59,619 - mmdet - INFO - Epoch [2][5700/6555]	lr: 1.000e-04, eta: 1:37:28, time: 0.285, data_time: 0.017, memory: 13344, loss_cls: 0.4248, loss_bbox: 0.4095, loss_kps: 0.0000, loss: 0.8343
2026-10-02 05:24:13,611 - mmdet - INFO - Epoch [2][5750/6555]	lr: 1.000e-04, eta: 1:37:13, time: 0.280, data_time: 0.018, memory: 13344, loss_cls: 0.4384, loss_bbox: 0.4245, loss_kps: 0.0000, loss: 0.8629
2026-10-02 05:24:27,885 - mmdet - INFO - Epoch [2][5800/6555]	lr: 1.000e-04, eta: 1:36:59, time: 0.286, data_time: 0.017, memory: 13344, loss_cls: 0.4315, loss_bbox: 0.4122, loss_kps: 0.0000, loss: 0.8437
2026-10-02 05:24:42,291 - mmdet - INFO - Epoch [2][5850/6555]	lr: 1.000e-04, eta: 1:36:45, time: 0.288, data_time: 0.017, memory: 13344, loss_cls: 0.4459, loss_bbox: 0.4143, loss_kps: 0.0000, loss: 0.8601
2026-10-02 05:24:56,704 - mmdet - INFO - Epoch [2][5900/6555]	lr: 1.000e-04, eta: 1:36:31, time: 0.288, data_time: 0.018, memory: 13344, loss_cls: 0.4177, loss_bbox: 0.3926, loss_kps: 0.0000, loss: 0.8104
2026-10-02 05:25:11,788 - mmdet - INFO - Epoch [2][5950/6555]	lr: 1.000e-04, eta: 1:36:18, time: 0.302, data_time: 0.017, memory: 13344, loss_cls: 0.4325, loss_bbox: 0.4256, loss_kps: 0.0000, loss: 0.8581
2026-10-02 05:25:26,115 - mmdet - INFO - Epoch [2][6000/6555]	lr: 1.000e-04, eta: 1:36:04, time: 0.287, data_time: 0.016, memory: 13344, loss_cls: 0.4486, loss_bbox: 0.4290, loss_kps: 0.0000, loss: 0.8775
2026-10-02 05:25:40,361 - mmdet - INFO - Epoch [2][6050/6555]	lr: 1.000e-04, eta: 1:35:49, time: 0.285, data_time: 0.018, memory: 13344, loss_cls: 0.4687, loss_bbox: 0.4241, loss_kps: 0.0000, loss: 0.8928
2026-10-02 05:25:55,328 - mmdet - INFO - Epoch [2][6100/6555]	lr: 1.000e-04, eta: 1:35:36, time: 0.299, data_time: 0.018, memory: 13344, loss_cls: 0.4334, loss_bbox: 0.4113, loss_kps: 0.0000, loss: 0.8447
2026-10-02 05:26:10,006 - mmdet - INFO - Epoch [2][6150/6555]	lr: 1.000e-04, eta: 1:35:23, time: 0.294, data_time: 0.015, memory: 13344, loss_cls: 0.4297, loss_bbox: 0.4062, loss_kps: 0.0000, loss: 0.8359
2026-10-02 05:26:24,188 - mmdet - INFO - Epoch [2][6200/6555]	lr: 1.000e-04, eta: 1:35:08, time: 0.284, data_time: 0.017, memory: 13344, loss_cls: 0.4288, loss_bbox: 0.4112, loss_kps: 0.0000, loss: 0.8400
2026-10-02 05:26:39,103 - mmdet - INFO - Epoch [2][6250/6555]	lr: 1.000e-04, eta: 1:34:55, time: 0.298, data_time: 0.017, memory: 13344, loss_cls: 0.4413, loss_bbox: 0.4142, loss_kps: 0.0000, loss: 0.8556
2026-10-02 05:26:53,872 - mmdet - INFO - Epoch [2][6300/6555]	lr: 1.000e-04, eta: 1:34:42, time: 0.296, data_time: 0.016, memory: 13344, loss_cls: 0.4429, loss_bbox: 0.4261, loss_kps: 0.0000, loss: 0.8690
2026-10-02 05:27:07,834 - mmdet - INFO - Epoch [2][6350/6555]	lr: 1.000e-04, eta: 1:34:27, time: 0.279, data_time: 0.016, memory: 13344, loss_cls: 0.4496, loss_bbox: 0.4199, loss_kps: 0.0000, loss: 0.8695
2026-10-02 05:27:22,022 - mmdet - INFO - Epoch [2][6400/6555]	lr: 1.000e-04, eta: 1:34:13, time: 0.284, data_time: 0.016, memory: 13344, loss_cls: 0.4461, loss_bbox: 0.4159, loss_kps: 0.0000, loss: 0.8619
2026-10-02 05:27:36,390 - mmdet - INFO - Epoch [2][6450/6555]	lr: 1.000e-04, eta: 1:33:58, time: 0.287, data_time: 0.016, memory: 13344, loss_cls: 0.4471, loss_bbox: 0.4257, loss_kps: 0.0000, loss: 0.8728
2026-10-02 05:27:50,613 - mmdet - INFO - Epoch [2][6500/6555]	lr: 1.000e-04, eta: 1:33:44, time: 0.284, data_time: 0.017, memory: 13344, loss_cls: 0.4463, loss_bbox: 0.4184, loss_kps: 0.0000, loss: 0.8647
2026-10-02 05:28:01,828 - mmdet - INFO - Epoch [2][6550/6555]	lr: 1.000e-04, eta: 1:33:25, time: 0.224, data_time: 0.014, memory: 13344, loss_cls: 0.4336, loss_bbox: 0.4170, loss_kps: 0.0000, loss: 0.8505
2026-10-02 05:28:03,263 - mmdet - INFO - Saving checkpoint at 2 epochs
2026-10-02 05:28:29,352 - mmdet - INFO - Epoch [3][50/6555]	lr: 1.000e-04, eta: 1:33:25, time: 0.516, data_time: 0.223, memory: 13344, loss_cls: 0.4220, loss_bbox: 0.4088, loss_kps: 0.0000, loss: 0.8307
2026-10-02 05:28:43,490 - mmdet - INFO - Epoch [3][100/6555]	lr: 1.000e-04, eta: 1:33:10, time: 0.283, data_time: 0.019, memory: 13344, loss_cls: 0.4418, loss_bbox: 0.4309, loss_kps: 0.0000, loss: 0.8727
2026-10-02 05:28:57,542 - mmdet - INFO - Epoch [3][150/6555]	lr: 1.000e-04, eta: 1:32:56, time: 0.281, data_time: 0.016, memory: 13344, loss_cls: 0.4619, loss_bbox: 0.4393, loss_kps: 0.0000, loss: 0.9012
2026-10-02 05:29:11,542 - mmdet - INFO - Epoch [3][200/6555]	lr: 1.000e-04, eta: 1:32:41, time: 0.280, data_time: 0.016, memory: 13344, loss_cls: 0.4441, loss_bbox: 0.4262, loss_kps: 0.0000, loss: 0.8703
2026-10-02 05:29:25,725 - mmdet - INFO - Epoch [3][250/6555]	lr: 1.000e-04, eta: 1:32:26, time: 0.284, data_time: 0.017, memory: 13344, loss_cls: 0.4187, loss_bbox: 0.3948, loss_kps: 0.0000, loss: 0.8134
2026-10-02 05:29:39,951 - mmdet - INFO - Epoch [3][300/6555]	lr: 1.000e-04, eta: 1:32:12, time: 0.285, data_time: 0.016, memory: 13344, loss_cls: 0.4383, loss_bbox: 0.4133, loss_kps: 0.0000, loss: 0.8516
2026-10-02 05:29:54,148 - mmdet - INFO - Epoch [3][350/6555]	lr: 1.000e-04, eta: 1:31:58, time: 0.284, data_time: 0.017, memory: 13344, loss_cls: 0.4350, loss_bbox: 0.4127, loss_kps: 0.0000, loss: 0.8477
2026-10-02 05:30:08,433 - mmdet - INFO - Epoch [3][400/6555]	lr: 1.000e-04, eta: 1:31:43, time: 0.286, data_time: 0.018, memory: 13344, loss_cls: 0.4346, loss_bbox: 0.4098, loss_kps: 0.0000, loss: 0.8444
2026-10-02 05:30:22,632 - mmdet - INFO - Epoch [3][450/6555]	lr: 1.000e-04, eta: 1:31:29, time: 0.284, data_time: 0.017, memory: 13344, loss_cls: 0.4388, loss_bbox: 0.4184, loss_kps: 0.0000, loss: 0.8571
2026-10-02 05:30:36,975 - mmdet - INFO - Epoch [3][500/6555]	lr: 1.000e-04, eta: 1:31:15, time: 0.287, data_time: 0.018, memory: 13344, loss_cls: 0.4306, loss_bbox: 0.4133, loss_kps: 0.0000, loss: 0.8439
2026-10-02 05:30:51,175 - mmdet - INFO - Epoch [3][550/6555]	lr: 1.000e-04, eta: 1:31:00, time: 0.284, data_time: 0.016, memory: 13344, loss_cls: 0.4544, loss_bbox: 0.4330, loss_kps: 0.0000, loss: 0.8874
2026-10-02 05:31:05,938 - mmdet - INFO - Epoch [3][600/6555]	lr: 1.000e-04, eta: 1:30:47, time: 0.295, data_time: 0.019, memory: 13344, loss_cls: 0.4186, loss_bbox: 0.4120, loss_kps: 0.0000, loss: 0.8305
2026-10-02 05:31:19,796 - mmdet - INFO - Epoch [3][650/6555]	lr: 1.000e-04, eta: 1:30:32, time: 0.277, data_time: 0.017, memory: 13344, loss_cls: 0.4316, loss_bbox: 0.4172, loss_kps: 0.0000, loss: 0.8488
2026-10-02 05:31:34,038 - mmdet - INFO - Epoch [3][700/6555]	lr: 1.000e-04, eta: 1:30:17, time: 0.285, data_time: 0.016, memory: 13344, loss_cls: 0.4425, loss_bbox: 0.4215, loss_kps: 0.0000, loss: 0.8640
2026-10-02 05:31:48,405 - mmdet - INFO - Epoch [3][750/6555]	lr: 1.000e-04, eta: 1:30:03, time: 0.287, data_time: 0.018, memory: 13344, loss_cls: 0.4472, loss_bbox: 0.4284, loss_kps: 0.0000, loss: 0.8756
2026-10-02 05:32:02,688 - mmdet - INFO - Epoch [3][800/6555]	lr: 1.000e-04, eta: 1:29:49, time: 0.286, data_time: 0.017, memory: 13344, loss_cls: 0.4374, loss_bbox: 0.4048, loss_kps: 0.0000, loss: 0.8422
2026-10-02 05:32:16,656 - mmdet - INFO - Epoch [3][850/6555]	lr: 1.000e-04, eta: 1:29:34, time: 0.279, data_time: 0.016, memory: 13344, loss_cls: 0.4450, loss_bbox: 0.4119, loss_kps: 0.0000, loss: 0.8569
2026-10-02 05:32:30,807 - mmdet - INFO - Epoch [3][900/6555]	lr: 1.000e-04, eta: 1:29:20, time: 0.283, data_time: 0.017, memory: 13344, loss_cls: 0.4501, loss_bbox: 0.4204, loss_kps: 0.0000, loss: 0.8705
2026-10-02 05:32:45,002 - mmdet - INFO - Epoch [3][950/6555]	lr: 1.000e-04, eta: 1:29:05, time: 0.284, data_time: 0.017, memory: 13344, loss_cls: 0.4377, loss_bbox: 0.4067, loss_kps: 0.0000, loss: 0.8444
2026-10-02 05:32:58,989 - mmdet - INFO - Epoch [3][1000/6555]	lr: 1.000e-04, eta: 1:28:51, time: 0.280, data_time: 0.016, memory: 13344, loss_cls: 0.4531, loss_bbox: 0.4255, loss_kps: 0.0000, loss: 0.8787
2026-10-02 05:33:13,274 - mmdet - INFO - Epoch [3][1050/6555]	lr: 1.000e-04, eta: 1:28:37, time: 0.286, data_time: 0.018, memory: 13344, loss_cls: 0.4420, loss_bbox: 0.4117, loss_kps: 0.0000, loss: 0.8537
2026-10-02 05:33:27,459 - mmdet - INFO - Epoch [3][1100/6555]	lr: 1.000e-04, eta: 1:28:22, time: 0.284, data_time: 0.017, memory: 13344, loss_cls: 0.4542, loss_bbox: 0.4120, loss_kps: 0.0000, loss: 0.8662
2026-10-02 05:33:41,731 - mmdet - INFO - Epoch [3][1150/6555]	lr: 1.000e-04, eta: 1:28:08, time: 0.285, data_time: 0.015, memory: 13344, loss_cls: 0.4192, loss_bbox: 0.4147, loss_kps: 0.0000, loss: 0.8339
2026-10-02 05:33:57,011 - mmdet - INFO - Epoch [3][1200/6555]	lr: 1.000e-04, eta: 1:27:55, time: 0.306, data_time: 0.018, memory: 13344, loss_cls: 0.4563, loss_bbox: 0.4260, loss_kps: 0.0000, loss: 0.8823
2026-10-02 05:34:11,278 - mmdet - INFO - Epoch [3][1250/6555]	lr: 1.000e-04, eta: 1:27:40, time: 0.285, data_time: 0.017, memory: 13344, loss_cls: 0.4312, loss_bbox: 0.4108, loss_kps: 0.0000, loss: 0.8421
2026-10-02 05:34:25,461 - mmdet - INFO - Epoch [3][1300/6555]	lr: 1.000e-04, eta: 1:27:26, time: 0.284, data_time: 0.016, memory: 13344, loss_cls: 0.4409, loss_bbox: 0.4287, loss_kps: 0.0000, loss: 0.8696
2026-10-02 05:34:39,464 - mmdet - INFO - Epoch [3][1350/6555]	lr: 1.000e-04, eta: 1:27:11, time: 0.280, data_time: 0.016, memory: 13344, loss_cls: 0.4279, loss_bbox: 0.4154, loss_kps: 0.0000, loss: 0.8434
2026-10-02 05:34:54,574 - mmdet - INFO - Epoch [3][1400/6555]	lr: 1.000e-04, eta: 1:26:58, time: 0.302, data_time: 0.018, memory: 13344, loss_cls: 0.4355, loss_bbox: 0.4148, loss_kps: 0.0000, loss: 0.8503
2026-10-02 05:35:08,901 - mmdet - INFO - Epoch [3][1450/6555]	lr: 1.000e-04, eta: 1:26:44, time: 0.286, data_time: 0.018, memory: 13344, loss_cls: 0.4397, loss_bbox: 0.4173, loss_kps: 0.0000, loss: 0.8570
2026-10-02 05:35:23,287 - mmdet - INFO - Epoch [3][1500/6555]	lr: 1.000e-04, eta: 1:26:30, time: 0.288, data_time: 0.017, memory: 13344, loss_cls: 0.4546, loss_bbox: 0.4183, loss_kps: 0.0000, loss: 0.8729
2026-10-02 05:35:37,748 - mmdet - INFO - Epoch [3][1550/6555]	lr: 1.000e-04, eta: 1:26:16, time: 0.289, data_time: 0.018, memory: 13344, loss_cls: 0.4607, loss_bbox: 0.4196, loss_kps: 0.0000, loss: 0.8803
2026-10-02 05:35:51,826 - mmdet - INFO - Epoch [3][1600/6555]	lr: 1.000e-04, eta: 1:26:01, time: 0.282, data_time: 0.018, memory: 13344, loss_cls: 0.4368, loss_bbox: 0.4121, loss_kps: 0.0000, loss: 0.8489
2026-10-02 05:36:06,223 - mmdet - INFO - Epoch [3][1650/6555]	lr: 1.000e-04, eta: 1:25:47, time: 0.288, data_time: 0.015, memory: 13344, loss_cls: 0.4362, loss_bbox: 0.4172, loss_kps: 0.0000, loss: 0.8533
2026-10-02 05:36:20,180 - mmdet - INFO - Epoch [3][1700/6555]	lr: 1.000e-04, eta: 1:25:32, time: 0.279, data_time: 0.016, memory: 13344, loss_cls: 0.4150, loss_bbox: 0.3978, loss_kps: 0.0000, loss: 0.8128
2026-10-02 05:36:34,364 - mmdet - INFO - Epoch [3][1750/6555]	lr: 1.000e-04, eta: 1:25:18, time: 0.284, data_time: 0.018, memory: 13344, loss_cls: 0.4511, loss_bbox: 0.4096, loss_kps: 0.0000, loss: 0.8607
2026-10-02 05:36:48,508 - mmdet - INFO - Epoch [3][1800/6555]	lr: 1.000e-04, eta: 1:25:03, time: 0.283, data_time: 0.016, memory: 13344, loss_cls: 0.4201, loss_bbox: 0.4047, loss_kps: 0.0000, loss: 0.8248
2026-10-02 05:37:02,665 - mmdet - INFO - Epoch [3][1850/6555]	lr: 1.000e-04, eta: 1:24:49, time: 0.283, data_time: 0.017, memory: 13344, loss_cls: 0.4290, loss_bbox: 0.4198, loss_kps: 0.0000, loss: 0.8489
2026-10-02 05:37:16,967 - mmdet - INFO - Epoch [3][1900/6555]	lr: 1.000e-04, eta: 1:24:35, time: 0.286, data_time: 0.015, memory: 13344, loss_cls: 0.4360, loss_bbox: 0.4085, loss_kps: 0.0000, loss: 0.8445
2026-10-02 05:37:30,886 - mmdet - INFO - Epoch [3][1950/6555]	lr: 1.000e-04, eta: 1:24:20, time: 0.278, data_time: 0.016, memory: 13344, loss_cls: 0.4296, loss_bbox: 0.4129, loss_kps: 0.0000, loss: 0.8425
2026-10-02 05:37:45,151 - mmdet - INFO - Epoch [3][2000/6555]	lr: 1.000e-04, eta: 1:24:06, time: 0.285, data_time: 0.019, memory: 13344, loss_cls: 0.4305, loss_bbox: 0.4112, loss_kps: 0.0000, loss: 0.8417
2026-10-02 05:37:59,225 - mmdet - INFO - Epoch [3][2050/6555]	lr: 1.000e-04, eta: 1:23:51, time: 0.282, data_time: 0.017, memory: 13344, loss_cls: 0.4535, loss_bbox: 0.4094, loss_kps: 0.0000, loss: 0.8629
2026-10-02 05:38:13,464 - mmdet - INFO - Epoch [3][2100/6555]	lr: 1.000e-04, eta: 1:23:37, time: 0.285, data_time: 0.017, memory: 13344, loss_cls: 0.4367, loss_bbox: 0.4121, loss_kps: 0.0000, loss: 0.8487
2026-10-02 05:38:27,722 - mmdet - INFO - Epoch [3][2150/6555]	lr: 1.000e-04, eta: 1:23:23, time: 0.285, data_time: 0.017, memory: 13344, loss_cls: 0.4470, loss_bbox: 0.4324, loss_kps: 0.0000, loss: 0.8794
2026-10-02 05:38:41,969 - mmdet - INFO - Epoch [3][2200/6555]	lr: 1.000e-04, eta: 1:23:08, time: 0.285, data_time: 0.018, memory: 13344, loss_cls: 0.4468, loss_bbox: 0.4305, loss_kps: 0.0000, loss: 0.8774
2026-10-02 05:38:55,909 - mmdet - INFO - Epoch [3][2250/6555]	lr: 1.000e-04, eta: 1:22:54, time: 0.279, data_time: 0.017, memory: 13344, loss_cls: 0.4435, loss_bbox: 0.4140, loss_kps: 0.0000, loss: 0.8575
2026-10-02 05:39:09,751 - mmdet - INFO - Epoch [3][2300/6555]	lr: 1.000e-04, eta: 1:22:39, time: 0.277, data_time: 0.017, memory: 13344, loss_cls: 0.4437, loss_bbox: 0.4207, loss_kps: 0.0000, loss: 0.8644
2026-10-02 05:39:24,166 - mmdet - INFO - Epoch [3][2350/6555]	lr: 1.000e-04, eta: 1:22:25, time: 0.288, data_time: 0.017, memory: 13344, loss_cls: 0.4343, loss_bbox: 0.4137, loss_kps: 0.0000, loss: 0.8480
2026-10-02 05:39:38,412 - mmdet - INFO - Epoch [3][2400/6555]	lr: 1.000e-04, eta: 1:22:10, time: 0.285, data_time: 0.018, memory: 13344, loss_cls: 0.4305, loss_bbox: 0.4115, loss_kps: 0.0000, loss: 0.8420
2026-10-02 05:39:52,697 - mmdet - INFO - Epoch [3][2450/6555]	lr: 1.000e-04, eta: 1:21:56, time: 0.286, data_time: 0.018, memory: 13344, loss_cls: 0.4415, loss_bbox: 0.4168, loss_kps: 0.0000, loss: 0.8584
2026-10-02 05:40:06,844 - mmdet - INFO - Epoch [3][2500/6555]	lr: 1.000e-04, eta: 1:21:42, time: 0.283, data_time: 0.018, memory: 13344, loss_cls: 0.4385, loss_bbox: 0.4181, loss_kps: 0.0000, loss: 0.8566
2026-10-02 05:40:21,134 - mmdet - INFO - Epoch [3][2550/6555]	lr: 1.000e-04, eta: 1:21:27, time: 0.286, data_time: 0.017, memory: 13344, loss_cls: 0.4231, loss_bbox: 0.4008, loss_kps: 0.0000, loss: 0.8239
2026-10-02 05:40:35,590 - mmdet - INFO - Epoch [3][2600/6555]	lr: 1.000e-04, eta: 1:21:13, time: 0.289, data_time: 0.018, memory: 13344, loss_cls: 0.4532, loss_bbox: 0.4101, loss_kps: 0.0000, loss: 0.8633
2026-10-02 05:40:49,777 - mmdet - INFO - Epoch [3][2650/6555]	lr: 1.000e-04, eta: 1:20:59, time: 0.284, data_time: 0.018, memory: 13344, loss_cls: 0.4427, loss_bbox: 0.4160, loss_kps: 0.0000, loss: 0.8587
2026-10-02 05:41:03,723 - mmdet - INFO - Epoch [3][2700/6555]	lr: 1.000e-04, eta: 1:20:44, time: 0.279, data_time: 0.018, memory: 13344, loss_cls: 0.4466, loss_bbox: 0.4100, loss_kps: 0.0000, loss: 0.8567
2026-10-02 05:41:17,737 - mmdet - INFO - Epoch [3][2750/6555]	lr: 1.000e-04, eta: 1:20:30, time: 0.280, data_time: 0.018, memory: 13344, loss_cls: 0.4183, loss_bbox: 0.4050, loss_kps: 0.0000, loss: 0.8233
2026-10-02 05:41:31,742 - mmdet - INFO - Epoch [3][2800/6555]	lr: 1.000e-04, eta: 1:20:15, time: 0.280, data_time: 0.016, memory: 13344, loss_cls: 0.4625, loss_bbox: 0.4208, loss_kps: 0.0000, loss: 0.8833
2026-10-02 05:41:45,910 - mmdet - INFO - Epoch [3][2850/6555]	lr: 1.000e-04, eta: 1:20:01, time: 0.283, data_time: 0.017, memory: 13344, loss_cls: 0.4530, loss_bbox: 0.4291, loss_kps: 0.0000, loss: 0.8822
2026-10-02 05:42:00,389 - mmdet - INFO - Epoch [3][2900/6555]	lr: 1.000e-04, eta: 1:19:47, time: 0.290, data_time: 0.016, memory: 13344, loss_cls: 0.4221, loss_bbox: 0.3988, loss_kps: 0.0000, loss: 0.8209
2026-10-02 05:42:15,202 - mmdet - INFO - Epoch [3][2950/6555]	lr: 1.000e-04, eta: 1:19:33, time: 0.296, data_time: 0.018, memory: 13344, loss_cls: 0.4381, loss_bbox: 0.4114, loss_kps: 0.0000, loss: 0.8495
2026-10-02 05:42:29,395 - mmdet - INFO - Epoch [3][3000/6555]	lr: 1.000e-04, eta: 1:19:19, time: 0.284, data_time: 0.017, memory: 13344, loss_cls: 0.4640, loss_bbox: 0.4186, loss_kps: 0.0000, loss: 0.8826
2026-10-02 05:42:43,501 - mmdet - INFO - Epoch [3][3050/6555]	lr: 1.000e-04, eta: 1:19:04, time: 0.282, data_time: 0.018, memory: 13344, loss_cls: 0.4440, loss_bbox: 0.4055, loss_kps: 0.0000, loss: 0.8495
2026-10-02 05:42:57,572 - mmdet - INFO - Epoch [3][3100/6555]	lr: 1.000e-04, eta: 1:18:50, time: 0.281, data_time: 0.017, memory: 13344, loss_cls: 0.4490, loss_bbox: 0.4167, loss_kps: 0.0000, loss: 0.8656
2026-10-02 05:43:11,659 - mmdet - INFO - Epoch [3][3150/6555]	lr: 1.000e-04, eta: 1:18:35, time: 0.282, data_time: 0.016, memory: 13344, loss_cls: 0.4447, loss_bbox: 0.4127, loss_kps: 0.0000, loss: 0.8573
2026-10-02 05:43:26,185 - mmdet - INFO - Epoch [3][3200/6555]	lr: 1.000e-04, eta: 1:18:21, time: 0.290, data_time: 0.017, memory: 13344, loss_cls: 0.4301, loss_bbox: 0.4103, loss_kps: 0.0000, loss: 0.8404
2026-10-02 05:43:40,289 - mmdet - INFO - Epoch [3][3250/6555]	lr: 1.000e-04, eta: 1:18:07, time: 0.282, data_time: 0.017, memory: 13344, loss_cls: 0.4448, loss_bbox: 0.4366, loss_kps: 0.0000, loss: 0.8815
2026-10-02 05:43:55,033 - mmdet - INFO - Epoch [3][3300/6555]	lr: 1.000e-04, eta: 1:17:53, time: 0.295, data_time: 0.016, memory: 13344, loss_cls: 0.4126, loss_bbox: 0.4050, loss_kps: 0.0000, loss: 0.8175
2026-10-02 05:44:09,293 - mmdet - INFO - Epoch [3][3350/6555]	lr: 1.000e-04, eta: 1:17:39, time: 0.285, data_time: 0.018, memory: 13344, loss_cls: 0.4469, loss_bbox: 0.4137, loss_kps: 0.0000, loss: 0.8606
2026-10-02 05:44:23,527 - mmdet - INFO - Epoch [3][3400/6555]	lr: 1.000e-04, eta: 1:17:24, time: 0.285, data_time: 0.018, memory: 13344, loss_cls: 0.4329, loss_bbox: 0.4107, loss_kps: 0.0000, loss: 0.8437
2026-10-02 05:44:37,278 - mmdet - INFO - Epoch [3][3450/6555]	lr: 1.000e-04, eta: 1:17:09, time: 0.275, data_time: 0.018, memory: 13344, loss_cls: 0.4355, loss_bbox: 0.4104, loss_kps: 0.0000, loss: 0.8459
2026-10-02 05:44:51,828 - mmdet - INFO - Epoch [3][3500/6555]	lr: 1.000e-04, eta: 1:16:55, time: 0.291, data_time: 0.017, memory: 13344, loss_cls: 0.4485, loss_bbox: 0.4162, loss_kps: 0.0000, loss: 0.8647
2026-10-02 05:45:06,570 - mmdet - INFO - Epoch [3][3550/6555]	lr: 1.000e-04, eta: 1:16:42, time: 0.295, data_time: 0.017, memory: 13344, loss_cls: 0.4400, loss_bbox: 0.4240, loss_kps: 0.0000, loss: 0.8641
2026-10-02 05:45:20,876 - mmdet - INFO - Epoch [3][3600/6555]	lr: 1.000e-04, eta: 1:16:27, time: 0.286, data_time: 0.018, memory: 13344, loss_cls: 0.4220, loss_bbox: 0.4082, loss_kps: 0.0000, loss: 0.8301
2026-10-02 05:45:34,809 - mmdet - INFO - Epoch [3][3650/6555]	lr: 1.000e-04, eta: 1:16:13, time: 0.279, data_time: 0.018, memory: 13344, loss_cls: 0.4474, loss_bbox: 0.4278, loss_kps: 0.0000, loss: 0.8752
2026-10-02 05:45:48,959 - mmdet - INFO - Epoch [3][3700/6555]	lr: 1.000e-04, eta: 1:15:58, time: 0.283, data_time: 0.016, memory: 13344, loss_cls: 0.4410, loss_bbox: 0.4283, loss_kps: 0.0000, loss: 0.8693
2026-10-02 05:46:02,964 - mmdet - INFO - Epoch [3][3750/6555]	lr: 1.000e-04, eta: 1:15:44, time: 0.280, data_time: 0.018, memory: 13344, loss_cls: 0.4166, loss_bbox: 0.4069, loss_kps: 0.0000, loss: 0.8235
2026-10-02 05:46:17,166 - mmdet - INFO - Epoch [3][3800/6555]	lr: 1.000e-04, eta: 1:15:29, time: 0.284, data_time: 0.019, memory: 13344, loss_cls: 0.4626, loss_bbox: 0.4312, loss_kps: 0.0000, loss: 0.8938
2026-10-02 05:46:31,577 - mmdet - INFO - Epoch [3][3850/6555]	lr: 1.000e-04, eta: 1:15:15, time: 0.288, data_time: 0.017, memory: 13344, loss_cls: 0.4413, loss_bbox: 0.4172, loss_kps: 0.0000, loss: 0.8585
2026-10-02 05:46:45,745 - mmdet - INFO - Epoch [3][3900/6555]	lr: 1.000e-04, eta: 1:15:01, time: 0.283, data_time: 0.018, memory: 13344, loss_cls: 0.4483, loss_bbox: 0.4062, loss_kps: 0.0000, loss: 0.8544
2026-10-02 05:47:00,072 - mmdet - INFO - Epoch [3][3950/6555]	lr: 1.000e-04, eta: 1:14:47, time: 0.287, data_time: 0.017, memory: 13344, loss_cls: 0.4628, loss_bbox: 0.4179, loss_kps: 0.0000, loss: 0.8806
2026-10-02 05:47:14,055 - mmdet - INFO - Epoch [3][4000/6555]	lr: 1.000e-04, eta: 1:14:32, time: 0.280, data_time: 0.015, memory: 13344, loss_cls: 0.4424, loss_bbox: 0.4191, loss_kps: 0.0000, loss: 0.8616
2026-10-02 05:47:28,384 - mmdet - INFO - Epoch [3][4050/6555]	lr: 1.000e-04, eta: 1:14:18, time: 0.287, data_time: 0.019, memory: 13344, loss_cls: 0.4171, loss_bbox: 0.3961, loss_kps: 0.0000, loss: 0.8132
2026-10-02 05:47:42,719 - mmdet - INFO - Epoch [3][4100/6555]	lr: 1.000e-04, eta: 1:14:04, time: 0.287, data_time: 0.017, memory: 13344, loss_cls: 0.4372, loss_bbox: 0.4208, loss_kps: 0.0000, loss: 0.8580
2026-10-02 05:47:56,759 - mmdet - INFO - Epoch [3][4150/6555]	lr: 1.000e-04, eta: 1:13:49, time: 0.281, data_time: 0.017, memory: 13344, loss_cls: 0.4250, loss_bbox: 0.4172, loss_kps: 0.0000, loss: 0.8422
2026-10-02 05:48:10,810 - mmdet - INFO - Epoch [3][4200/6555]	lr: 1.000e-04, eta: 1:13:35, time: 0.281, data_time: 0.018, memory: 13344, loss_cls: 0.4290, loss_bbox: 0.4215, loss_kps: 0.0000, loss: 0.8505
2026-10-02 05:48:25,055 - mmdet - INFO - Epoch [3][4250/6555]	lr: 1.000e-04, eta: 1:13:20, time: 0.285, data_time: 0.018, memory: 13344, loss_cls: 0.4223, loss_bbox: 0.3964, loss_kps: 0.0000, loss: 0.8187
2026-10-02 05:48:38,856 - mmdet - INFO - Epoch [3][4300/6555]	lr: 1.000e-04, eta: 1:13:06, time: 0.276, data_time: 0.018, memory: 13344, loss_cls: 0.4385, loss_bbox: 0.4014, loss_kps: 0.0000, loss: 0.8399
2026-10-02 05:48:52,872 - mmdet - INFO - Epoch [3][4350/6555]	lr: 1.000e-04, eta: 1:12:51, time: 0.280, data_time: 0.017, memory: 13344, loss_cls: 0.4245, loss_bbox: 0.4136, loss_kps: 0.0000, loss: 0.8382
2026-10-02 05:49:07,376 - mmdet - INFO - Epoch [3][4400/6555]	lr: 1.000e-04, eta: 1:12:37, time: 0.290, data_time: 0.019, memory: 13344, loss_cls: 0.4294, loss_bbox: 0.4101, loss_kps: 0.0000, loss: 0.8394
2026-10-02 05:49:21,640 - mmdet - INFO - Epoch [3][4450/6555]	lr: 1.000e-04, eta: 1:12:23, time: 0.285, data_time: 0.018, memory: 13344, loss_cls: 0.4204, loss_bbox: 0.4051, loss_kps: 0.0000, loss: 0.8255
2026-10-02 05:49:35,354 - mmdet - INFO - Epoch [3][4500/6555]	lr: 1.000e-04, eta: 1:12:08, time: 0.274, data_time: 0.018, memory: 13344, loss_cls: 0.4535, loss_bbox: 0.4317, loss_kps: 0.0000, loss: 0.8851
2026-10-02 05:49:49,426 - mmdet - INFO - Epoch [3][4550/6555]	lr: 1.000e-04, eta: 1:11:54, time: 0.281, data_time: 0.017, memory: 13344, loss_cls: 0.4450, loss_bbox: 0.4285, loss_kps: 0.0000, loss: 0.8735
2026-10-02 05:50:03,562 - mmdet - INFO - Epoch [3][4600/6555]	lr: 1.000e-04, eta: 1:11:39, time: 0.283, data_time: 0.017, memory: 13344, loss_cls: 0.4664, loss_bbox: 0.4219, loss_kps: 0.0000, loss: 0.8883
2026-10-02 05:50:17,965 - mmdet - INFO - Epoch [3][4650/6555]	lr: 1.000e-04, eta: 1:11:25, time: 0.288, data_time: 0.018, memory: 13344, loss_cls: 0.4577, loss_bbox: 0.4114, loss_kps: 0.0000, loss: 0.8691
2026-10-02 05:50:32,369 - mmdet - INFO - Epoch [3][4700/6555]	lr: 1.000e-04, eta: 1:11:11, time: 0.288, data_time: 0.018, memory: 13344, loss_cls: 0.4483, loss_bbox: 0.4139, loss_kps: 0.0000, loss: 0.8622
2026-10-02 05:50:46,450 - mmdet - INFO - Epoch [3][4750/6555]	lr: 1.000e-04, eta: 1:10:57, time: 0.282, data_time: 0.016, memory: 13344, loss_cls: 0.4330, loss_bbox: 0.4064, loss_kps: 0.0000, loss: 0.8394
2026-10-02 05:51:01,228 - mmdet - INFO - Epoch [3][4800/6555]	lr: 1.000e-04, eta: 1:10:43, time: 0.296, data_time: 0.015, memory: 13344, loss_cls: 0.4342, loss_bbox: 0.4205, loss_kps: 0.0000, loss: 0.8546
2026-10-02 05:51:15,218 - mmdet - INFO - Epoch [3][4850/6555]	lr: 1.000e-04, eta: 1:10:28, time: 0.280, data_time: 0.017, memory: 13344, loss_cls: 0.4478, loss_bbox: 0.4280, loss_kps: 0.0000, loss: 0.8757
2026-10-02 05:51:29,756 - mmdet - INFO - Epoch [3][4900/6555]	lr: 1.000e-04, eta: 1:10:14, time: 0.291, data_time: 0.017, memory: 13344, loss_cls: 0.4340, loss_bbox: 0.4252, loss_kps: 0.0000, loss: 0.8592
2026-10-02 05:51:43,644 - mmdet - INFO - Epoch [3][4950/6555]	lr: 1.000e-04, eta: 1:10:00, time: 0.278, data_time: 0.016, memory: 13344, loss_cls: 0.4219, loss_bbox: 0.4096, loss_kps: 0.0000, loss: 0.8315
2026-10-02 05:51:57,834 - mmdet - INFO - Epoch [3][5000/6555]	lr: 1.000e-04, eta: 1:09:45, time: 0.284, data_time: 0.017, memory: 13344, loss_cls: 0.4446, loss_bbox: 0.4199, loss_kps: 0.0000, loss: 0.8645
2026-10-02 05:52:12,528 - mmdet - INFO - Epoch [3][5050/6555]	lr: 1.000e-04, eta: 1:09:31, time: 0.294, data_time: 0.017, memory: 13344, loss_cls: 0.4500, loss_bbox: 0.4229, loss_kps: 0.0000, loss: 0.8729
2026-10-02 05:52:26,543 - mmdet - INFO - Epoch [3][5100/6555]	lr: 1.000e-04, eta: 1:09:17, time: 0.280, data_time: 0.018, memory: 13344, loss_cls: 0.4360, loss_bbox: 0.4039, loss_kps: 0.0000, loss: 0.8398
2026-10-02 05:52:40,845 - mmdet - INFO - Epoch [3][5150/6555]	lr: 1.000e-04, eta: 1:09:03, time: 0.286, data_time: 0.019, memory: 13344, loss_cls: 0.4769, loss_bbox: 0.4233, loss_kps: 0.0000, loss: 0.9001
2026-10-02 05:52:55,311 - mmdet - INFO - Epoch [3][5200/6555]	lr: 1.000e-04, eta: 1:08:48, time: 0.289, data_time: 0.020, memory: 13344, loss_cls: 0.4574, loss_bbox: 0.4159, loss_kps: 0.0000, loss: 0.8733
2026-10-02 05:53:09,318 - mmdet - INFO - Epoch [3][5250/6555]	lr: 1.000e-04, eta: 1:08:34, time: 0.280, data_time: 0.016, memory: 13344, loss_cls: 0.4413, loss_bbox: 0.4109, loss_kps: 0.0000, loss: 0.8521
2026-10-02 05:53:23,015 - mmdet - INFO - Epoch [3][5300/6555]	lr: 1.000e-04, eta: 1:08:19, time: 0.274, data_time: 0.017, memory: 13344, loss_cls: 0.4550, loss_bbox: 0.4230, loss_kps: 0.0000, loss: 0.8780
2026-10-02 05:53:37,261 - mmdet - INFO - Epoch [3][5350/6555]	lr: 1.000e-04, eta: 1:08:05, time: 0.285, data_time: 0.017, memory: 13344, loss_cls: 0.4425, loss_bbox: 0.4122, loss_kps: 0.0000, loss: 0.8547
2026-10-02 05:53:51,348 - mmdet - INFO - Epoch [3][5400/6555]	lr: 1.000e-04, eta: 1:07:51, time: 0.282, data_time: 0.018, memory: 13344, loss_cls: 0.4372, loss_bbox: 0.4129, loss_kps: 0.0000, loss: 0.8501
2026-10-02 05:54:05,509 - mmdet - INFO - Epoch [3][5450/6555]	lr: 1.000e-04, eta: 1:07:36, time: 0.283, data_time: 0.016, memory: 13344, loss_cls: 0.4281, loss_bbox: 0.4119, loss_kps: 0.0000, loss: 0.8399
2026-10-02 05:54:19,511 - mmdet - INFO - Epoch [3][5500/6555]	lr: 1.000e-04, eta: 1:07:22, time: 0.280, data_time: 0.018, memory: 13344, loss_cls: 0.4436, loss_bbox: 0.4160, loss_kps: 0.0000, loss: 0.8596
2026-10-02 05:54:33,338 - mmdet - INFO - Epoch [3][5550/6555]	lr: 1.000e-04, eta: 1:07:07, time: 0.277, data_time: 0.019, memory: 13344, loss_cls: 0.4464, loss_bbox: 0.4092, loss_kps: 0.0000, loss: 0.8555
2026-10-02 05:54:47,632 - mmdet - INFO - Epoch [3][5600/6555]	lr: 1.000e-04, eta: 1:06:53, time: 0.286, data_time: 0.017, memory: 13344, loss_cls: 0.4164, loss_bbox: 0.4102, loss_kps: 0.0000, loss: 0.8266
2026-10-02 05:55:01,466 - mmdet - INFO - Epoch [3][5650/6555]	lr: 1.000e-04, eta: 1:06:38, time: 0.277, data_time: 0.016, memory: 13344, loss_cls: 0.4390, loss_bbox: 0.4028, loss_kps: 0.0000, loss: 0.8418
2026-10-02 05:55:15,539 - mmdet - INFO - Epoch [3][5700/6555]	lr: 1.000e-04, eta: 1:06:24, time: 0.281, data_time: 0.018, memory: 13344, loss_cls: 0.4275, loss_bbox: 0.4058, loss_kps: 0.0000, loss: 0.8333
2026-10-02 05:55:29,433 - mmdet - INFO - Epoch [3][5750/6555]	lr: 1.000e-04, eta: 1:06:09, time: 0.278, data_time: 0.018, memory: 13344, loss_cls: 0.4250, loss_bbox: 0.4069, loss_kps: 0.0000, loss: 0.8319
2026-10-02 05:55:43,206 - mmdet - INFO - Epoch [3][5800/6555]	lr: 1.000e-04, eta: 1:05:55, time: 0.275, data_time: 0.018, memory: 13344, loss_cls: 0.4354, loss_bbox: 0.4143, loss_kps: 0.0000, loss: 0.8497
2026-10-02 05:55:56,999 - mmdet - INFO - Epoch [3][5850/6555]	lr: 1.000e-04, eta: 1:05:40, time: 0.276, data_time: 0.018, memory: 13344, loss_cls: 0.4509, loss_bbox: 0.4069, loss_kps: 0.0000, loss: 0.8578
2026-10-02 05:56:10,713 - mmdet - INFO - Epoch [3][5900/6555]	lr: 1.000e-04, eta: 1:05:25, time: 0.274, data_time: 0.016, memory: 13344, loss_cls: 0.4261, loss_bbox: 0.4199, loss_kps: 0.0000, loss: 0.8459
2026-10-02 05:56:24,504 - mmdet - INFO - Epoch [3][5950/6555]	lr: 1.000e-04, eta: 1:05:11, time: 0.276, data_time: 0.017, memory: 13344, loss_cls: 0.4413, loss_bbox: 0.4283, loss_kps: 0.0000, loss: 0.8695
2026-10-02 05:56:38,309 - mmdet - INFO - Epoch [3][6000/6555]	lr: 1.000e-04, eta: 1:04:56, time: 0.276, data_time: 0.018, memory: 13344, loss_cls: 0.4403, loss_bbox: 0.4159, loss_kps: 0.0000, loss: 0.8562
2026-10-02 05:56:52,075 - mmdet - INFO - Epoch [3][6050/6555]	lr: 1.000e-04, eta: 1:04:42, time: 0.275, data_time: 0.017, memory: 13344, loss_cls: 0.4639, loss_bbox: 0.4209, loss_kps: 0.0000, loss: 0.8847
2026-10-02 05:57:06,015 - mmdet - INFO - Epoch [3][6100/6555]	lr: 1.000e-04, eta: 1:04:27, time: 0.279, data_time: 0.017, memory: 13344, loss_cls: 0.4373, loss_bbox: 0.4221, loss_kps: 0.0000, loss: 0.8593
2026-10-02 05:57:19,780 - mmdet - INFO - Epoch [3][6150/6555]	lr: 1.000e-04, eta: 1:04:13, time: 0.275, data_time: 0.020, memory: 13344, loss_cls: 0.4193, loss_bbox: 0.4053, loss_kps: 0.0000, loss: 0.8246
2026-10-02 05:57:33,487 - mmdet - INFO - Epoch [3][6200/6555]	lr: 1.000e-04, eta: 1:03:58, time: 0.274, data_time: 0.017, memory: 13344, loss_cls: 0.4286, loss_bbox: 0.4068, loss_kps: 0.0000, loss: 0.8355
2026-10-02 05:57:47,502 - mmdet - INFO - Epoch [3][6250/6555]	lr: 1.000e-04, eta: 1:03:44, time: 0.280, data_time: 0.018, memory: 13344, loss_cls: 0.4520, loss_bbox: 0.4175, loss_kps: 0.0000, loss: 0.8695
2026-10-02 05:58:01,205 - mmdet - INFO - Epoch [3][6300/6555]	lr: 1.000e-04, eta: 1:03:29, time: 0.274, data_time: 0.017, memory: 13344, loss_cls: 0.4048, loss_bbox: 0.4021, loss_kps: 0.0000, loss: 0.8069
2026-10-02 05:58:15,017 - mmdet - INFO - Epoch [3][6350/6555]	lr: 1.000e-04, eta: 1:03:14, time: 0.276, data_time: 0.018, memory: 13344, loss_cls: 0.4316, loss_bbox: 0.4242, loss_kps: 0.0000, loss: 0.8558
2026-10-02 05:58:28,777 - mmdet - INFO - Epoch [3][6400/6555]	lr: 1.000e-04, eta: 1:03:00, time: 0.275, data_time: 0.019, memory: 13344, loss_cls: 0.4505, loss_bbox: 0.4214, loss_kps: 0.0000, loss: 0.8718
2026-10-02 05:58:42,559 - mmdet - INFO - Epoch [3][6450/6555]	lr: 1.000e-04, eta: 1:02:45, time: 0.276, data_time: 0.017, memory: 13344, loss_cls: 0.4338, loss_bbox: 0.4236, loss_kps: 0.0000, loss: 0.8574
2026-10-02 05:58:56,920 - mmdet - INFO - Epoch [3][6500/6555]	lr: 1.000e-04, eta: 1:02:31, time: 0.287, data_time: 0.017, memory: 13344, loss_cls: 0.4451, loss_bbox: 0.4125, loss_kps: 0.0000, loss: 0.8576
2026-10-02 05:59:08,411 - mmdet - INFO - Epoch [3][6550/6555]	lr: 1.000e-04, eta: 1:02:15, time: 0.230, data_time: 0.012, memory: 13344, loss_cls: 0.4443, loss_bbox: 0.4191, loss_kps: 0.0000, loss: 0.8634
2026-10-02 05:59:09,868 - mmdet - INFO - Saving checkpoint at 3 epochs
2026-10-02 05:59:35,917 - mmdet - INFO - Epoch [4][50/6555]	lr: 1.000e-04, eta: 1:02:06, time: 0.515, data_time: 0.198, memory: 13344, loss_cls: 0.4370, loss_bbox: 0.4000, loss_kps: 0.0000, loss: 0.8370
2026-10-02 05:59:50,024 - mmdet - INFO - Epoch [4][100/6555]	lr: 1.000e-04, eta: 1:01:52, time: 0.282, data_time: 0.017, memory: 13344, loss_cls: 0.4387, loss_bbox: 0.4062, loss_kps: 0.0000, loss: 0.8449
2026-10-02 06:00:04,793 - mmdet - INFO - Epoch [4][150/6555]	lr: 1.000e-04, eta: 1:01:38, time: 0.295, data_time: 0.017, memory: 13344, loss_cls: 0.4100, loss_bbox: 0.4019, loss_kps: 0.0000, loss: 0.8119
2026-10-02 06:00:18,968 - mmdet - INFO - Epoch [4][200/6555]	lr: 1.000e-04, eta: 1:01:23, time: 0.283, data_time: 0.017, memory: 13344, loss_cls: 0.4330, loss_bbox: 0.4129, loss_kps: 0.0000, loss: 0.8459
2026-10-02 06:00:32,817 - mmdet - INFO - Epoch [4][250/6555]	lr: 1.000e-04, eta: 1:01:09, time: 0.277, data_time: 0.017, memory: 13344, loss_cls: 0.4328, loss_bbox: 0.4288, loss_kps: 0.0000, loss: 0.8616
2026-10-02 06:00:46,838 - mmdet - INFO - Epoch [4][300/6555]	lr: 1.000e-04, eta: 1:00:54, time: 0.280, data_time: 0.018, memory: 13344, loss_cls: 0.4408, loss_bbox: 0.4170, loss_kps: 0.0000, loss: 0.8579
2026-10-02 06:01:01,044 - mmdet - INFO - Epoch [4][350/6555]	lr: 1.000e-04, eta: 1:00:40, time: 0.284, data_time: 0.019, memory: 13344, loss_cls: 0.4343, loss_bbox: 0.4127, loss_kps: 0.0000, loss: 0.8469
2026-10-02 06:01:14,418 - mmdet - INFO - Epoch [4][400/6555]	lr: 1.000e-04, eta: 1:00:25, time: 0.267, data_time: 0.018, memory: 13344, loss_cls: 0.4287, loss_bbox: 0.4133, loss_kps: 0.0000, loss: 0.8419
2026-10-02 06:01:28,266 - mmdet - INFO - Epoch [4][450/6555]	lr: 1.000e-04, eta: 1:00:11, time: 0.277, data_time: 0.017, memory: 13344, loss_cls: 0.4529, loss_bbox: 0.4135, loss_kps: 0.0000, loss: 0.8664
2026-10-02 06:01:42,276 - mmdet - INFO - Epoch [4][500/6555]	lr: 1.000e-04, eta: 0:59:56, time: 0.280, data_time: 0.017, memory: 13344, loss_cls: 0.4154, loss_bbox: 0.4091, loss_kps: 0.0000, loss: 0.8245
2026-10-02 06:01:55,910 - mmdet - INFO - Epoch [4][550/6555]	lr: 1.000e-04, eta: 0:59:42, time: 0.273, data_time: 0.018, memory: 13344, loss_cls: 0.4273, loss_bbox: 0.4146, loss_kps: 0.0000, loss: 0.8419
2026-10-02 06:02:09,217 - mmdet - INFO - Epoch [4][600/6555]	lr: 1.000e-04, eta: 0:59:27, time: 0.266, data_time: 0.017, memory: 13344, loss_cls: 0.4326, loss_bbox: 0.4266, loss_kps: 0.0000, loss: 0.8592
2026-10-02 06:02:23,173 - mmdet - INFO - Epoch [4][650/6555]	lr: 1.000e-04, eta: 0:59:12, time: 0.279, data_time: 0.017, memory: 13344, loss_cls: 0.4428, loss_bbox: 0.4210, loss_kps: 0.0000, loss: 0.8638
2026-10-02 06:02:36,812 - mmdet - INFO - Epoch [4][700/6555]	lr: 1.000e-04, eta: 0:58:58, time: 0.273, data_time: 0.018, memory: 13344, loss_cls: 0.4222, loss_bbox: 0.4198, loss_kps: 0.0000, loss: 0.8420
2026-10-02 06:02:50,365 - mmdet - INFO - Epoch [4][750/6555]	lr: 1.000e-04, eta: 0:58:43, time: 0.271, data_time: 0.018, memory: 13344, loss_cls: 0.4368, loss_bbox: 0.4189, loss_kps: 0.0000, loss: 0.8556
2026-10-02 06:03:03,733 - mmdet - INFO - Epoch [4][800/6555]	lr: 1.000e-04, eta: 0:58:28, time: 0.267, data_time: 0.017, memory: 13344, loss_cls: 0.4453, loss_bbox: 0.4108, loss_kps: 0.0000, loss: 0.8561
2026-10-02 06:03:17,192 - mmdet - INFO - Epoch [4][850/6555]	lr: 1.000e-04, eta: 0:58:14, time: 0.269, data_time: 0.016, memory: 13344, loss_cls: 0.4422, loss_bbox: 0.4158, loss_kps: 0.0000, loss: 0.8580
2026-10-02 06:03:30,642 - mmdet - INFO - Epoch [4][900/6555]	lr: 1.000e-04, eta: 0:57:59, time: 0.269, data_time: 0.017, memory: 13344, loss_cls: 0.4364, loss_bbox: 0.4053, loss_kps: 0.0000, loss: 0.8418
2026-10-02 06:03:44,270 - mmdet - INFO - Epoch [4][950/6555]	lr: 1.000e-04, eta: 0:57:44, time: 0.273, data_time: 0.017, memory: 13344, loss_cls: 0.4524, loss_bbox: 0.4238, loss_kps: 0.0000, loss: 0.8762
2026-10-02 06:03:58,103 - mmdet - INFO - Epoch [4][1000/6555]	lr: 1.000e-04, eta: 0:57:30, time: 0.277, data_time: 0.018, memory: 13344, loss_cls: 0.4295, loss_bbox: 0.4176, loss_kps: 0.0000, loss: 0.8471
2026-10-02 06:04:11,520 - mmdet - INFO - Epoch [4][1050/6555]	lr: 1.000e-04, eta: 0:57:15, time: 0.268, data_time: 0.017, memory: 13344, loss_cls: 0.4258, loss_bbox: 0.4152, loss_kps: 0.0000, loss: 0.8409
2026-10-02 06:04:24,904 - mmdet - INFO - Epoch [4][1100/6555]	lr: 1.000e-04, eta: 0:57:00, time: 0.268, data_time: 0.019, memory: 13344, loss_cls: 0.4364, loss_bbox: 0.4228, loss_kps: 0.0000, loss: 0.8592
2026-10-02 06:04:38,346 - mmdet - INFO - Epoch [4][1150/6555]	lr: 1.000e-04, eta: 0:56:46, time: 0.269, data_time: 0.017, memory: 13344, loss_cls: 0.4284, loss_bbox: 0.4095, loss_kps: 0.0000, loss: 0.8379
2026-10-02 06:04:51,452 - mmdet - INFO - Epoch [4][1200/6555]	lr: 1.000e-04, eta: 0:56:31, time: 0.262, data_time: 0.016, memory: 13344, loss_cls: 0.4151, loss_bbox: 0.4028, loss_kps: 0.0000, loss: 0.8179
2026-10-02 06:05:04,927 - mmdet - INFO - Epoch [4][1250/6555]	lr: 1.000e-04, eta: 0:56:16, time: 0.269, data_time: 0.016, memory: 13344, loss_cls: 0.4297, loss_bbox: 0.4176, loss_kps: 0.0000, loss: 0.8473
2026-10-02 06:05:18,282 - mmdet - INFO - Epoch [4][1300/6555]	lr: 1.000e-04, eta: 0:56:01, time: 0.267, data_time: 0.017, memory: 13344, loss_cls: 0.4217, loss_bbox: 0.4104, loss_kps: 0.0000, loss: 0.8321
2026-10-02 06:05:31,898 - mmdet - INFO - Epoch [4][1350/6555]	lr: 1.000e-04, eta: 0:55:47, time: 0.272, data_time: 0.016, memory: 13344, loss_cls: 0.4344, loss_bbox: 0.4207, loss_kps: 0.0000, loss: 0.8551
2026-10-02 06:05:45,297 - mmdet - INFO - Epoch [4][1400/6555]	lr: 1.000e-04, eta: 0:55:32, time: 0.268, data_time: 0.017, memory: 13344, loss_cls: 0.4391, loss_bbox: 0.4081, loss_kps: 0.0000, loss: 0.8472
2026-10-02 06:05:58,710 - mmdet - INFO - Epoch [4][1450/6555]	lr: 1.000e-04, eta: 0:55:17, time: 0.268, data_time: 0.018, memory: 13344, loss_cls: 0.4203, loss_bbox: 0.4099, loss_kps: 0.0000, loss: 0.8302
2026-10-02 06:06:12,450 - mmdet - INFO - Epoch [4][1500/6555]	lr: 1.000e-04, eta: 0:55:03, time: 0.275, data_time: 0.019, memory: 13344, loss_cls: 0.4316, loss_bbox: 0.4029, loss_kps: 0.0000, loss: 0.8344
2026-10-02 06:06:26,169 - mmdet - INFO - Epoch [4][1550/6555]	lr: 1.000e-04, eta: 0:54:48, time: 0.274, data_time: 0.017, memory: 13344, loss_cls: 0.4408, loss_bbox: 0.4279, loss_kps: 0.0000, loss: 0.8687
2026-10-02 06:06:39,493 - mmdet - INFO - Epoch [4][1600/6555]	lr: 1.000e-04, eta: 0:54:34, time: 0.267, data_time: 0.017, memory: 13344, loss_cls: 0.4258, loss_bbox: 0.4020, loss_kps: 0.0000, loss: 0.8278
2026-10-02 06:06:53,212 - mmdet - INFO - Epoch [4][1650/6555]	lr: 1.000e-04, eta: 0:54:19, time: 0.274, data_time: 0.017, memory: 13344, loss_cls: 0.4163, loss_bbox: 0.4132, loss_kps: 0.0000, loss: 0.8295
2026-10-02 06:07:06,588 - mmdet - INFO - Epoch [4][1700/6555]	lr: 1.000e-04, eta: 0:54:04, time: 0.268, data_time: 0.018, memory: 13344, loss_cls: 0.4174, loss_bbox: 0.3988, loss_kps: 0.0000, loss: 0.8162
2026-10-02 06:07:20,825 - mmdet - INFO - Epoch [4][1750/6555]	lr: 1.000e-04, eta: 0:53:50, time: 0.285, data_time: 0.015, memory: 13344, loss_cls: 0.4324, loss_bbox: 0.4078, loss_kps: 0.0000, loss: 0.8402
2026-10-02 06:07:33,860 - mmdet - INFO - Epoch [4][1800/6555]	lr: 1.000e-04, eta: 0:53:35, time: 0.261, data_time: 0.017, memory: 13344, loss_cls: 0.4372, loss_bbox: 0.4219, loss_kps: 0.0000, loss: 0.8591
2026-10-02 06:07:47,393 - mmdet - INFO - Epoch [4][1850/6555]	lr: 1.000e-04, eta: 0:53:21, time: 0.271, data_time: 0.017, memory: 13344, loss_cls: 0.4442, loss_bbox: 0.4304, loss_kps: 0.0000, loss: 0.8746
2026-10-02 06:08:01,264 - mmdet - INFO - Epoch [4][1900/6555]	lr: 1.000e-04, eta: 0:53:06, time: 0.277, data_time: 0.017, memory: 13344, loss_cls: 0.4509, loss_bbox: 0.4301, loss_kps: 0.0000, loss: 0.8810
2026-10-02 06:08:14,908 - mmdet - INFO - Epoch [4][1950/6555]	lr: 1.000e-04, eta: 0:52:52, time: 0.273, data_time: 0.016, memory: 13344, loss_cls: 0.4198, loss_bbox: 0.4051, loss_kps: 0.0000, loss: 0.8249
2026-10-02 06:08:28,547 - mmdet - INFO - Epoch [4][2000/6555]	lr: 1.000e-04, eta: 0:52:37, time: 0.273, data_time: 0.016, memory: 13344, loss_cls: 0.4407, loss_bbox: 0.4150, loss_kps: 0.0000, loss: 0.8556
2026-10-02 06:08:41,745 - mmdet - INFO - Epoch [4][2050/6555]	lr: 1.000e-04, eta: 0:52:23, time: 0.264, data_time: 0.016, memory: 13344, loss_cls: 0.4462, loss_bbox: 0.4227, loss_kps: 0.0000, loss: 0.8689
2026-10-02 06:08:55,419 - mmdet - INFO - Epoch [4][2100/6555]	lr: 1.000e-04, eta: 0:52:08, time: 0.273, data_time: 0.016, memory: 13344, loss_cls: 0.4298, loss_bbox: 0.4053, loss_kps: 0.0000, loss: 0.8351
2026-10-02 06:09:09,156 - mmdet - INFO - Epoch [4][2150/6555]	lr: 1.000e-04, eta: 0:51:54, time: 0.275, data_time: 0.017, memory: 13344, loss_cls: 0.4449, loss_bbox: 0.4291, loss_kps: 0.0000, loss: 0.8740
2026-10-02 06:09:22,821 - mmdet - INFO - Epoch [4][2200/6555]	lr: 1.000e-04, eta: 0:51:39, time: 0.273, data_time: 0.017, memory: 13344, loss_cls: 0.4193, loss_bbox: 0.4073, loss_kps: 0.0000, loss: 0.8267
2026-10-02 06:09:36,220 - mmdet - INFO - Epoch [4][2250/6555]	lr: 1.000e-04, eta: 0:51:25, time: 0.268, data_time: 0.018, memory: 13344, loss_cls: 0.4340, loss_bbox: 0.4081, loss_kps: 0.0000, loss: 0.8421
2026-10-02 06:09:49,636 - mmdet - INFO - Epoch [4][2300/6555]	lr: 1.000e-04, eta: 0:51:10, time: 0.268, data_time: 0.016, memory: 13344, loss_cls: 0.4292, loss_bbox: 0.4107, loss_kps: 0.0000, loss: 0.8399
2026-10-02 06:10:02,974 - mmdet - INFO - Epoch [4][2350/6555]	lr: 1.000e-04, eta: 0:50:55, time: 0.267, data_time: 0.016, memory: 13344, loss_cls: 0.4403, loss_bbox: 0.4153, loss_kps: 0.0000, loss: 0.8556
2026-10-02 06:10:16,578 - mmdet - INFO - Epoch [4][2400/6555]	lr: 1.000e-04, eta: 0:50:41, time: 0.272, data_time: 0.017, memory: 13344, loss_cls: 0.4463, loss_bbox: 0.4194, loss_kps: 0.0000, loss: 0.8657
2026-10-02 06:10:30,185 - mmdet - INFO - Epoch [4][2450/6555]	lr: 1.000e-04, eta: 0:50:26, time: 0.272, data_time: 0.018, memory: 13344, loss_cls: 0.4436, loss_bbox: 0.4307, loss_kps: 0.0000, loss: 0.8743
2026-10-02 06:10:43,861 - mmdet - INFO - Epoch [4][2500/6555]	lr: 1.000e-04, eta: 0:50:12, time: 0.273, data_time: 0.017, memory: 13344, loss_cls: 0.4225, loss_bbox: 0.4104, loss_kps: 0.0000, loss: 0.8329
2026-10-02 06:10:57,025 - mmdet - INFO - Epoch [4][2550/6555]	lr: 1.000e-04, eta: 0:49:57, time: 0.263, data_time: 0.016, memory: 13344, loss_cls: 0.4379, loss_bbox: 0.4143, loss_kps: 0.0000, loss: 0.8522
2026-10-02 06:11:10,230 - mmdet - INFO - Epoch [4][2600/6555]	lr: 1.000e-04, eta: 0:49:43, time: 0.264, data_time: 0.017, memory: 13344, loss_cls: 0.4164, loss_bbox: 0.4099, loss_kps: 0.0000, loss: 0.8263
2026-10-02 06:11:23,501 - mmdet - INFO - Epoch [4][2650/6555]	lr: 1.000e-04, eta: 0:49:28, time: 0.265, data_time: 0.017, memory: 13344, loss_cls: 0.4268, loss_bbox: 0.4211, loss_kps: 0.0000, loss: 0.8478
2026-10-02 06:11:37,005 - mmdet - INFO - Epoch [4][2700/6555]	lr: 1.000e-04, eta: 0:49:13, time: 0.270, data_time: 0.017, memory: 13344, loss_cls: 0.4369, loss_bbox: 0.4162, loss_kps: 0.0000, loss: 0.8531
2026-10-02 06:11:50,578 - mmdet - INFO - Epoch [4][2750/6555]	lr: 1.000e-04, eta: 0:48:59, time: 0.271, data_time: 0.018, memory: 13344, loss_cls: 0.4367, loss_bbox: 0.4113, loss_kps: 0.0000, loss: 0.8480
2026-10-02 06:12:04,001 - mmdet - INFO - Epoch [4][2800/6555]	lr: 1.000e-04, eta: 0:48:44, time: 0.268, data_time: 0.017, memory: 13344, loss_cls: 0.4468, loss_bbox: 0.4274, loss_kps: 0.0000, loss: 0.8742
2026-10-02 06:12:17,385 - mmdet - INFO - Epoch [4][2850/6555]	lr: 1.000e-04, eta: 0:48:30, time: 0.268, data_time: 0.016, memory: 13344, loss_cls: 0.4352, loss_bbox: 0.4201, loss_kps: 0.0000, loss: 0.8553
2026-10-02 06:12:30,912 - mmdet - INFO - Epoch [4][2900/6555]	lr: 1.000e-04, eta: 0:48:15, time: 0.271, data_time: 0.018, memory: 13344, loss_cls: 0.4373, loss_bbox: 0.4219, loss_kps: 0.0000, loss: 0.8592
2026-10-02 06:12:44,503 - mmdet - INFO - Epoch [4][2950/6555]	lr: 1.000e-04, eta: 0:48:01, time: 0.272, data_time: 0.017, memory: 13344, loss_cls: 0.4201, loss_bbox: 0.4098, loss_kps: 0.0000, loss: 0.8299
2026-10-02 06:12:57,867 - mmdet - INFO - Epoch [4][3000/6555]	lr: 1.000e-04, eta: 0:47:46, time: 0.267, data_time: 0.017, memory: 13344, loss_cls: 0.4399, loss_bbox: 0.4054, loss_kps: 0.0000, loss: 0.8454
2026-10-02 06:13:11,348 - mmdet - INFO - Epoch [4][3050/6555]	lr: 1.000e-04, eta: 0:47:32, time: 0.270, data_time: 0.017, memory: 13344, loss_cls: 0.4300, loss_bbox: 0.4082, loss_kps: 0.0000, loss: 0.8382
2026-10-02 06:13:24,657 - mmdet - INFO - Epoch [4][3100/6555]	lr: 1.000e-04, eta: 0:47:17, time: 0.266, data_time: 0.018, memory: 13344, loss_cls: 0.4442, loss_bbox: 0.4167, loss_kps: 0.0000, loss: 0.8608
2026-10-02 06:13:38,233 - mmdet - INFO - Epoch [4][3150/6555]	lr: 1.000e-04, eta: 0:47:03, time: 0.271, data_time: 0.018, memory: 13344, loss_cls: 0.4547, loss_bbox: 0.4179, loss_kps: 0.0000, loss: 0.8726
2026-10-02 06:13:51,509 - mmdet - INFO - Epoch [4][3200/6555]	lr: 1.000e-04, eta: 0:46:48, time: 0.265, data_time: 0.017, memory: 13344, loss_cls: 0.4343, loss_bbox: 0.4248, loss_kps: 0.0000, loss: 0.8591
2026-10-02 06:14:05,175 - mmdet - INFO - Epoch [4][3250/6555]	lr: 1.000e-04, eta: 0:46:34, time: 0.273, data_time: 0.019, memory: 13344, loss_cls: 0.4540, loss_bbox: 0.4315, loss_kps: 0.0000, loss: 0.8855
2026-10-02 06:14:19,050 - mmdet - INFO - Epoch [4][3300/6555]	lr: 1.000e-04, eta: 0:46:20, time: 0.277, data_time: 0.017, memory: 13344, loss_cls: 0.4374, loss_bbox: 0.4213, loss_kps: 0.0000, loss: 0.8587
2026-10-02 06:14:32,684 - mmdet - INFO - Epoch [4][3350/6555]	lr: 1.000e-04, eta: 0:46:05, time: 0.273, data_time: 0.017, memory: 13344, loss_cls: 0.4255, loss_bbox: 0.4119, loss_kps: 0.0000, loss: 0.8375
2026-10-02 06:14:46,132 - mmdet - INFO - Epoch [4][3400/6555]	lr: 1.000e-04, eta: 0:45:51, time: 0.269, data_time: 0.017, memory: 13344, loss_cls: 0.4435, loss_bbox: 0.4286, loss_kps: 0.0000, loss: 0.8721
2026-10-02 06:14:59,753 - mmdet - INFO - Epoch [4][3450/6555]	lr: 1.000e-04, eta: 0:45:36, time: 0.272, data_time: 0.017, memory: 13344, loss_cls: 0.4095, loss_bbox: 0.4081, loss_kps: 0.0000, loss: 0.8175
2026-10-02 06:15:13,540 - mmdet - INFO - Epoch [4][3500/6555]	lr: 1.000e-04, eta: 0:45:22, time: 0.276, data_time: 0.014, memory: 13344, loss_cls: 0.4418, loss_bbox: 0.4154, loss_kps: 0.0000, loss: 0.8573
2026-10-02 06:15:27,008 - mmdet - INFO - Epoch [4][3550/6555]	lr: 1.000e-04, eta: 0:45:08, time: 0.269, data_time: 0.017, memory: 13344, loss_cls: 0.4308, loss_bbox: 0.4112, loss_kps: 0.0000, loss: 0.8420
2026-10-02 06:15:40,854 - mmdet - INFO - Epoch [4][3600/6555]	lr: 1.000e-04, eta: 0:44:53, time: 0.277, data_time: 0.017, memory: 13344, loss_cls: 0.4325, loss_bbox: 0.4096, loss_kps: 0.0000, loss: 0.8421
2026-10-02 06:15:54,079 - mmdet - INFO - Epoch [4][3650/6555]	lr: 1.000e-04, eta: 0:44:39, time: 0.264, data_time: 0.017, memory: 13344, loss_cls: 0.4288, loss_bbox: 0.4094, loss_kps: 0.0000, loss: 0.8382
2026-10-02 06:16:07,850 - mmdet - INFO - Epoch [4][3700/6555]	lr: 1.000e-04, eta: 0:44:25, time: 0.275, data_time: 0.019, memory: 13344, loss_cls: 0.4441, loss_bbox: 0.4402, loss_kps: 0.0000, loss: 0.8843
2026-10-02 06:16:21,586 - mmdet - INFO - Epoch [4][3750/6555]	lr: 1.000e-04, eta: 0:44:10, time: 0.275, data_time: 0.015, memory: 13344, loss_cls: 0.4311, loss_bbox: 0.4045, loss_kps: 0.0000, loss: 0.8356
2026-10-02 06:16:34,964 - mmdet - INFO - Epoch [4][3800/6555]	lr: 1.000e-04, eta: 0:43:56, time: 0.268, data_time: 0.016, memory: 13344, loss_cls: 0.4341, loss_bbox: 0.4116, loss_kps: 0.0000, loss: 0.8458
2026-10-02 06:16:48,514 - mmdet - INFO - Epoch [4][3850/6555]	lr: 1.000e-04, eta: 0:43:41, time: 0.271, data_time: 0.017, memory: 13344, loss_cls: 0.4342, loss_bbox: 0.4158, loss_kps: 0.0000, loss: 0.8499
2026-10-02 06:17:02,582 - mmdet - INFO - Epoch [4][3900/6555]	lr: 1.000e-04, eta: 0:43:27, time: 0.281, data_time: 0.017, memory: 13344, loss_cls: 0.4538, loss_bbox: 0.4250, loss_kps: 0.0000, loss: 0.8788
2026-10-02 06:17:15,885 - mmdet - INFO - Epoch [4][3950/6555]	lr: 1.000e-04, eta: 0:43:13, time: 0.266, data_time: 0.017, memory: 13344, loss_cls: 0.4097, loss_bbox: 0.4124, loss_kps: 0.0000, loss: 0.8221
2026-10-02 06:17:29,540 - mmdet - INFO - Epoch [4][4000/6555]	lr: 1.000e-04, eta: 0:42:58, time: 0.273, data_time: 0.017, memory: 13344, loss_cls: 0.4371, loss_bbox: 0.4172, loss_kps: 0.0000, loss: 0.8544
2026-10-02 06:17:42,732 - mmdet - INFO - Epoch [4][4050/6555]	lr: 1.000e-04, eta: 0:42:44, time: 0.264, data_time: 0.017, memory: 13344, loss_cls: 0.4411, loss_bbox: 0.4194, loss_kps: 0.0000, loss: 0.8605
2026-10-02 06:17:56,548 - mmdet - INFO - Epoch [4][4100/6555]	lr: 1.000e-04, eta: 0:42:30, time: 0.276, data_time: 0.018, memory: 13344, loss_cls: 0.4471, loss_bbox: 0.4165, loss_kps: 0.0000, loss: 0.8636
2026-10-02 06:18:09,707 - mmdet - INFO - Epoch [4][4150/6555]	lr: 1.000e-04, eta: 0:42:15, time: 0.263, data_time: 0.017, memory: 13344, loss_cls: 0.4255, loss_bbox: 0.4216, loss_kps: 0.0000, loss: 0.8470
2026-10-02 06:18:23,125 - mmdet - INFO - Epoch [4][4200/6555]	lr: 1.000e-04, eta: 0:42:01, time: 0.268, data_time: 0.017, memory: 13344, loss_cls: 0.4342, loss_bbox: 0.4121, loss_kps: 0.0000, loss: 0.8463
2026-10-02 06:18:36,684 - mmdet - INFO - Epoch [4][4250/6555]	lr: 1.000e-04, eta: 0:41:46, time: 0.271, data_time: 0.017, memory: 13344, loss_cls: 0.4382, loss_bbox: 0.4216, loss_kps: 0.0000, loss: 0.8599
2026-10-02 06:18:50,204 - mmdet - INFO - Epoch [4][4300/6555]	lr: 1.000e-04, eta: 0:41:32, time: 0.270, data_time: 0.017, memory: 13344, loss_cls: 0.4247, loss_bbox: 0.4120, loss_kps: 0.0000, loss: 0.8368
2026-10-02 06:19:03,570 - mmdet - INFO - Epoch [4][4350/6555]	lr: 1.000e-04, eta: 0:41:17, time: 0.267, data_time: 0.017, memory: 13344, loss_cls: 0.4423, loss_bbox: 0.4208, loss_kps: 0.0000, loss: 0.8631
2026-10-02 06:19:16,794 - mmdet - INFO - Epoch [4][4400/6555]	lr: 1.000e-04, eta: 0:41:03, time: 0.264, data_time: 0.017, memory: 13344, loss_cls: 0.4285, loss_bbox: 0.4020, loss_kps: 0.0000, loss: 0.8304
2026-10-02 06:19:30,243 - mmdet - INFO - Epoch [4][4450/6555]	lr: 1.000e-04, eta: 0:40:49, time: 0.269, data_time: 0.018, memory: 13344, loss_cls: 0.4478, loss_bbox: 0.4168, loss_kps: 0.0000, loss: 0.8646
2026-10-02 06:19:43,604 - mmdet - INFO - Epoch [4][4500/6555]	lr: 1.000e-04, eta: 0:40:34, time: 0.267, data_time: 0.018, memory: 13344, loss_cls: 0.4174, loss_bbox: 0.4092, loss_kps: 0.0000, loss: 0.8266
2026-10-02 06:19:56,882 - mmdet - INFO - Epoch [4][4550/6555]	lr: 1.000e-04, eta: 0:40:20, time: 0.266, data_time: 0.017, memory: 13344, loss_cls: 0.4199, loss_bbox: 0.4118, loss_kps: 0.0000, loss: 0.8316
2026-10-02 06:20:10,415 - mmdet - INFO - Epoch [4][4600/6555]	lr: 1.000e-04, eta: 0:40:05, time: 0.271, data_time: 0.017, memory: 13344, loss_cls: 0.4410, loss_bbox: 0.4078, loss_kps: 0.0000, loss: 0.8488
2026-10-02 06:20:23,907 - mmdet - INFO - Epoch [4][4650/6555]	lr: 1.000e-04, eta: 0:39:51, time: 0.270, data_time: 0.017, memory: 13344, loss_cls: 0.4374, loss_bbox: 0.4162, loss_kps: 0.0000, loss: 0.8536
2026-10-02 06:20:37,228 - mmdet - INFO - Epoch [4][4700/6555]	lr: 1.000e-04, eta: 0:39:37, time: 0.266, data_time: 0.019, memory: 13344, loss_cls: 0.4299, loss_bbox: 0.4174, loss_kps: 0.0000, loss: 0.8473
2026-10-02 06:20:50,635 - mmdet - INFO - Epoch [4][4750/6555]	lr: 1.000e-04, eta: 0:39:22, time: 0.268, data_time: 0.016, memory: 13344, loss_cls: 0.4598, loss_bbox: 0.4227, loss_kps: 0.0000, loss: 0.8824
2026-10-02 06:21:03,944 - mmdet - INFO - Epoch [4][4800/6555]	lr: 1.000e-04, eta: 0:39:08, time: 0.266, data_time: 0.016, memory: 13344, loss_cls: 0.4443, loss_bbox: 0.4202, loss_kps: 0.0000, loss: 0.8645
2026-10-02 06:21:17,347 - mmdet - INFO - Epoch [4][4850/6555]	lr: 1.000e-04, eta: 0:38:53, time: 0.268, data_time: 0.016, memory: 13344, loss_cls: 0.4415, loss_bbox: 0.4223, loss_kps: 0.0000, loss: 0.8638
2026-10-02 06:21:30,996 - mmdet - INFO - Epoch [4][4900/6555]	lr: 1.000e-04, eta: 0:38:39, time: 0.273, data_time: 0.017, memory: 13344, loss_cls: 0.4236, loss_bbox: 0.4067, loss_kps: 0.0000, loss: 0.8303
2026-10-02 06:21:44,341 - mmdet - INFO - Epoch [4][4950/6555]	lr: 1.000e-04, eta: 0:38:25, time: 0.267, data_time: 0.017, memory: 13344, loss_cls: 0.4450, loss_bbox: 0.4269, loss_kps: 0.0000, loss: 0.8719
2026-10-02 06:21:57,888 - mmdet - INFO - Epoch [4][5000/6555]	lr: 1.000e-04, eta: 0:38:10, time: 0.271, data_time: 0.017, memory: 13344, loss_cls: 0.4302, loss_bbox: 0.4201, loss_kps: 0.0000, loss: 0.8503
2026-10-02 06:22:11,045 - mmdet - INFO - Epoch [4][5050/6555]	lr: 1.000e-04, eta: 0:37:56, time: 0.263, data_time: 0.016, memory: 13344, loss_cls: 0.4128, loss_bbox: 0.4108, loss_kps: 0.0000, loss: 0.8236
2026-10-02 06:22:24,565 - mmdet - INFO - Epoch [4][5100/6555]	lr: 1.000e-04, eta: 0:37:42, time: 0.270, data_time: 0.017, memory: 13344, loss_cls: 0.4503, loss_bbox: 0.4265, loss_kps: 0.0000, loss: 0.8768
2026-10-02 06:22:37,883 - mmdet - INFO - Epoch [4][5150/6555]	lr: 1.000e-04, eta: 0:37:27, time: 0.266, data_time: 0.017, memory: 13344, loss_cls: 0.4224, loss_bbox: 0.4179, loss_kps: 0.0000, loss: 0.8403
2026-10-02 06:22:51,533 - mmdet - INFO - Epoch [4][5200/6555]	lr: 1.000e-04, eta: 0:37:13, time: 0.273, data_time: 0.016, memory: 13344, loss_cls: 0.4179, loss_bbox: 0.3954, loss_kps: 0.0000, loss: 0.8132
2026-10-02 06:23:05,025 - mmdet - INFO - Epoch [4][5250/6555]	lr: 1.000e-04, eta: 0:36:59, time: 0.270, data_time: 0.017, memory: 13344, loss_cls: 0.4227, loss_bbox: 0.4089, loss_kps: 0.0000, loss: 0.8316
2026-10-02 06:23:18,373 - mmdet - INFO - Epoch [4][5300/6555]	lr: 1.000e-04, eta: 0:36:44, time: 0.267, data_time: 0.017, memory: 13344, loss_cls: 0.4354, loss_bbox: 0.4201, loss_kps: 0.0000, loss: 0.8555
2026-10-02 06:23:32,476 - mmdet - INFO - Epoch [4][5350/6555]	lr: 1.000e-04, eta: 0:36:30, time: 0.282, data_time: 0.018, memory: 13344, loss_cls: 0.4409, loss_bbox: 0.4184, loss_kps: 0.0000, loss: 0.8594
2026-10-02 06:23:46,010 - mmdet - INFO - Epoch [4][5400/6555]	lr: 1.000e-04, eta: 0:36:16, time: 0.271, data_time: 0.017, memory: 13344, loss_cls: 0.4324, loss_bbox: 0.4103, loss_kps: 0.0000, loss: 0.8427
2026-10-02 06:23:59,428 - mmdet - INFO - Epoch [4][5450/6555]	lr: 1.000e-04, eta: 0:36:02, time: 0.268, data_time: 0.016, memory: 13344, loss_cls: 0.4260, loss_bbox: 0.4212, loss_kps: 0.0000, loss: 0.8472
2026-10-02 06:24:13,572 - mmdet - INFO - Epoch [4][5500/6555]	lr: 1.000e-04, eta: 0:35:47, time: 0.283, data_time: 0.017, memory: 13344, loss_cls: 0.4346, loss_bbox: 0.4207, loss_kps: 0.0000, loss: 0.8553
2026-10-02 06:24:27,075 - mmdet - INFO - Epoch [4][5550/6555]	lr: 1.000e-04, eta: 0:35:33, time: 0.270, data_time: 0.017, memory: 13344, loss_cls: 0.4382, loss_bbox: 0.4110, loss_kps: 0.0000, loss: 0.8493
2026-10-02 06:24:41,274 - mmdet - INFO - Epoch [4][5600/6555]	lr: 1.000e-04, eta: 0:35:19, time: 0.284, data_time: 0.017, memory: 13344, loss_cls: 0.4073, loss_bbox: 0.3937, loss_kps: 0.0000, loss: 0.8010
2026-10-02 06:24:55,180 - mmdet - INFO - Epoch [4][5650/6555]	lr: 1.000e-04, eta: 0:35:05, time: 0.278, data_time: 0.017, memory: 13344, loss_cls: 0.4456, loss_bbox: 0.4149, loss_kps: 0.0000, loss: 0.8605
2026-10-02 06:25:08,624 - mmdet - INFO - Epoch [4][5700/6555]	lr: 1.000e-04, eta: 0:34:51, time: 0.269, data_time: 0.017, memory: 13344, loss_cls: 0.4282, loss_bbox: 0.4115, loss_kps: 0.0000, loss: 0.8397
2026-10-02 06:25:22,114 - mmdet - INFO - Epoch [4][5750/6555]	lr: 1.000e-04, eta: 0:34:36, time: 0.270, data_time: 0.017, memory: 13344, loss_cls: 0.4390, loss_bbox: 0.4236, loss_kps: 0.0000, loss: 0.8625
2026-10-02 06:25:35,692 - mmdet - INFO - Epoch [4][5800/6555]	lr: 1.000e-04, eta: 0:34:22, time: 0.272, data_time: 0.018, memory: 13344, loss_cls: 0.4253, loss_bbox: 0.4121, loss_kps: 0.0000, loss: 0.8375
2026-10-02 06:25:49,547 - mmdet - INFO - Epoch [4][5850/6555]	lr: 1.000e-04, eta: 0:34:08, time: 0.277, data_time: 0.017, memory: 13344, loss_cls: 0.4261, loss_bbox: 0.4039, loss_kps: 0.0000, loss: 0.8300
2026-10-02 06:26:03,462 - mmdet - INFO - Epoch [4][5900/6555]	lr: 1.000e-04, eta: 0:33:54, time: 0.278, data_time: 0.016, memory: 13344, loss_cls: 0.4466, loss_bbox: 0.4324, loss_kps: 0.0000, loss: 0.8790
2026-10-02 06:26:16,928 - mmdet - INFO - Epoch [4][5950/6555]	lr: 1.000e-04, eta: 0:33:39, time: 0.269, data_time: 0.017, memory: 13344, loss_cls: 0.4429, loss_bbox: 0.4278, loss_kps: 0.0000, loss: 0.8706
2026-10-02 06:26:30,450 - mmdet - INFO - Epoch [4][6000/6555]	lr: 1.000e-04, eta: 0:33:25, time: 0.270, data_time: 0.018, memory: 13344, loss_cls: 0.4102, loss_bbox: 0.3994, loss_kps: 0.0000, loss: 0.8096
2026-10-02 06:26:43,980 - mmdet - INFO - Epoch [4][6050/6555]	lr: 1.000e-04, eta: 0:33:11, time: 0.271, data_time: 0.018, memory: 13344, loss_cls: 0.4470, loss_bbox: 0.4207, loss_kps: 0.0000, loss: 0.8677
2026-10-02 06:26:57,561 - mmdet - INFO - Epoch [4][6100/6555]	lr: 1.000e-04, eta: 0:32:57, time: 0.272, data_time: 0.016, memory: 13344, loss_cls: 0.4280, loss_bbox: 0.4235, loss_kps: 0.0000, loss: 0.8515
2026-10-02 06:27:11,325 - mmdet - INFO - Epoch [4][6150/6555]	lr: 1.000e-04, eta: 0:32:42, time: 0.275, data_time: 0.018, memory: 13344, loss_cls: 0.4239, loss_bbox: 0.4124, loss_kps: 0.0000, loss: 0.8363
2026-10-02 06:27:24,656 - mmdet - INFO - Epoch [4][6200/6555]	lr: 1.000e-04, eta: 0:32:28, time: 0.267, data_time: 0.015, memory: 13344, loss_cls: 0.4498, loss_bbox: 0.4086, loss_kps: 0.0000, loss: 0.8584
2026-10-02 06:27:38,045 - mmdet - INFO - Epoch [4][6250/6555]	lr: 1.000e-04, eta: 0:32:14, time: 0.268, data_time: 0.017, memory: 13344, loss_cls: 0.4587, loss_bbox: 0.4262, loss_kps: 0.0000, loss: 0.8849
2026-10-02 06:27:51,428 - mmdet - INFO - Epoch [4][6300/6555]	lr: 1.000e-04, eta: 0:32:00, time: 0.268, data_time: 0.016, memory: 13344, loss_cls: 0.4408, loss_bbox: 0.4126, loss_kps: 0.0000, loss: 0.8534
2026-10-02 06:28:05,156 - mmdet - INFO - Epoch [4][6350/6555]	lr: 1.000e-04, eta: 0:31:45, time: 0.275, data_time: 0.017, memory: 13344, loss_cls: 0.4257, loss_bbox: 0.4099, loss_kps: 0.0000, loss: 0.8356
2026-10-02 06:28:18,756 - mmdet - INFO - Epoch [4][6400/6555]	lr: 1.000e-04, eta: 0:31:31, time: 0.272, data_time: 0.017, memory: 13344, loss_cls: 0.4355, loss_bbox: 0.4166, loss_kps: 0.0000, loss: 0.8521
2026-10-02 06:28:32,371 - mmdet - INFO - Epoch [4][6450/6555]	lr: 1.000e-04, eta: 0:31:17, time: 0.272, data_time: 0.017, memory: 13344, loss_cls: 0.4318, loss_bbox: 0.4171, loss_kps: 0.0000, loss: 0.8490
2026-10-02 06:28:45,891 - mmdet - INFO - Epoch [4][6500/6555]	lr: 1.000e-04, eta: 0:31:03, time: 0.270, data_time: 0.017, memory: 13344, loss_cls: 0.4123, loss_bbox: 0.4039, loss_kps: 0.0000, loss: 0.8162
2026-10-02 06:28:56,725 - mmdet - INFO - Epoch [4][6550/6555]	lr: 1.000e-04, eta: 0:30:48, time: 0.217, data_time: 0.013, memory: 13344, loss_cls: 0.4234, loss_bbox: 0.4147, loss_kps: 0.0000, loss: 0.8381
2026-10-02 06:28:58,121 - mmdet - INFO - Saving checkpoint at 4 epochs
2026-10-02 06:29:23,407 - mmdet - INFO - Epoch [5][50/6555]	lr: 1.000e-05, eta: 0:30:35, time: 0.500, data_time: 0.189, memory: 13344, loss_cls: 0.4337, loss_bbox: 0.4195, loss_kps: 0.0000, loss: 0.8532
2026-10-02 06:29:36,792 - mmdet - INFO - Epoch [5][100/6555]	lr: 1.000e-05, eta: 0:30:20, time: 0.268, data_time: 0.018, memory: 13344, loss_cls: 0.4456, loss_bbox: 0.4303, loss_kps: 0.0000, loss: 0.8759
2026-10-02 06:29:50,263 - mmdet - INFO - Epoch [5][150/6555]	lr: 1.000e-05, eta: 0:30:06, time: 0.269, data_time: 0.017, memory: 13344, loss_cls: 0.4438, loss_bbox: 0.4179, loss_kps: 0.0000, loss: 0.8617
2026-10-02 06:30:03,652 - mmdet - INFO - Epoch [5][200/6555]	lr: 1.000e-05, eta: 0:29:52, time: 0.268, data_time: 0.017, memory: 13344, loss_cls: 0.4113, loss_bbox: 0.4126, loss_kps: 0.0000, loss: 0.8239
2026-10-02 06:30:16,924 - mmdet - INFO - Epoch [5][250/6555]	lr: 1.000e-05, eta: 0:29:38, time: 0.266, data_time: 0.017, memory: 13344, loss_cls: 0.4227, loss_bbox: 0.4080, loss_kps: 0.0000, loss: 0.8306
2026-10-02 06:30:30,372 - mmdet - INFO - Epoch [5][300/6555]	lr: 1.000e-05, eta: 0:29:23, time: 0.269, data_time: 0.016, memory: 13344, loss_cls: 0.4501, loss_bbox: 0.4115, loss_kps: 0.0000, loss: 0.8616
2026-10-02 06:30:43,892 - mmdet - INFO - Epoch [5][350/6555]	lr: 1.000e-05, eta: 0:29:09, time: 0.270, data_time: 0.017, memory: 13344, loss_cls: 0.4375, loss_bbox: 0.4183, loss_kps: 0.0000, loss: 0.8558
2026-10-02 06:30:57,245 - mmdet - INFO - Epoch [5][400/6555]	lr: 1.000e-05, eta: 0:28:55, time: 0.267, data_time: 0.016, memory: 13344, loss_cls: 0.4180, loss_bbox: 0.4049, loss_kps: 0.0000, loss: 0.8229
2026-10-02 06:31:10,477 - mmdet - INFO - Epoch [5][450/6555]	lr: 1.000e-05, eta: 0:28:40, time: 0.265, data_time: 0.016, memory: 13344, loss_cls: 0.4464, loss_bbox: 0.4104, loss_kps: 0.0000, loss: 0.8568
2026-10-02 06:31:24,243 - mmdet - INFO - Epoch [5][500/6555]	lr: 1.000e-05, eta: 0:28:26, time: 0.275, data_time: 0.018, memory: 13344, loss_cls: 0.4484, loss_bbox: 0.4192, loss_kps: 0.0000, loss: 0.8676
2026-10-02 06:31:37,848 - mmdet - INFO - Epoch [5][550/6555]	lr: 1.000e-05, eta: 0:28:12, time: 0.272, data_time: 0.016, memory: 13344, loss_cls: 0.4353, loss_bbox: 0.4126, loss_kps: 0.0000, loss: 0.8480
2026-10-02 06:31:51,611 - mmdet - INFO - Epoch [5][600/6555]	lr: 1.000e-05, eta: 0:27:58, time: 0.275, data_time: 0.016, memory: 13344, loss_cls: 0.4528, loss_bbox: 0.4253, loss_kps: 0.0000, loss: 0.8781
2026-10-02 06:32:05,390 - mmdet - INFO - Epoch [5][650/6555]	lr: 1.000e-05, eta: 0:27:44, time: 0.276, data_time: 0.016, memory: 13344, loss_cls: 0.4213, loss_bbox: 0.4057, loss_kps: 0.0000, loss: 0.8269
2026-10-02 06:32:18,953 - mmdet - INFO - Epoch [5][700/6555]	lr: 1.000e-05, eta: 0:27:30, time: 0.271, data_time: 0.016, memory: 13344, loss_cls: 0.4549, loss_bbox: 0.4279, loss_kps: 0.0000, loss: 0.8828
2026-10-02 06:32:32,491 - mmdet - INFO - Epoch [5][750/6555]	lr: 1.000e-05, eta: 0:27:15, time: 0.271, data_time: 0.017, memory: 13344, loss_cls: 0.4339, loss_bbox: 0.4165, loss_kps: 0.0000, loss: 0.8504
2026-10-02 06:32:46,779 - mmdet - INFO - Epoch [5][800/6555]	lr: 1.000e-05, eta: 0:27:01, time: 0.286, data_time: 0.015, memory: 13344, loss_cls: 0.4233, loss_bbox: 0.4165, loss_kps: 0.0000, loss: 0.8398
2026-10-02 06:33:00,238 - mmdet - INFO - Epoch [5][850/6555]	lr: 1.000e-05, eta: 0:26:47, time: 0.269, data_time: 0.017, memory: 13344, loss_cls: 0.4279, loss_bbox: 0.4156, loss_kps: 0.0000, loss: 0.8435
2026-10-02 06:33:13,983 - mmdet - INFO - Epoch [5][900/6555]	lr: 1.000e-05, eta: 0:26:33, time: 0.275, data_time: 0.017, memory: 13344, loss_cls: 0.4332, loss_bbox: 0.4221, loss_kps: 0.0000, loss: 0.8553
2026-10-02 06:33:27,949 - mmdet - INFO - Epoch [5][950/6555]	lr: 1.000e-05, eta: 0:26:19, time: 0.279, data_time: 0.016, memory: 13344, loss_cls: 0.4312, loss_bbox: 0.4129, loss_kps: 0.0000, loss: 0.8441
2026-10-02 06:33:41,272 - mmdet - INFO - Epoch [5][1000/6555]	lr: 1.000e-05, eta: 0:26:05, time: 0.266, data_time: 0.017, memory: 13344, loss_cls: 0.4224, loss_bbox: 0.4025, loss_kps: 0.0000, loss: 0.8249
2026-10-02 06:33:54,894 - mmdet - INFO - Epoch [5][1050/6555]	lr: 1.000e-05, eta: 0:25:50, time: 0.272, data_time: 0.018, memory: 13344, loss_cls: 0.4210, loss_bbox: 0.4073, loss_kps: 0.0000, loss: 0.8283
2026-10-02 06:34:08,519 - mmdet - INFO - Epoch [5][1100/6555]	lr: 1.000e-05, eta: 0:25:36, time: 0.272, data_time: 0.016, memory: 13344, loss_cls: 0.4278, loss_bbox: 0.4111, loss_kps: 0.0000, loss: 0.8389
2026-10-02 06:34:21,866 - mmdet - INFO - Epoch [5][1150/6555]	lr: 1.000e-05, eta: 0:25:22, time: 0.267, data_time: 0.017, memory: 13344, loss_cls: 0.4232, loss_bbox: 0.4241, loss_kps: 0.0000, loss: 0.8473
2026-10-02 06:34:35,285 - mmdet - INFO - Epoch [5][1200/6555]	lr: 1.000e-05, eta: 0:25:08, time: 0.268, data_time: 0.017, memory: 13344, loss_cls: 0.4248, loss_bbox: 0.4176, loss_kps: 0.0000, loss: 0.8424
2026-10-02 06:34:48,681 - mmdet - INFO - Epoch [5][1250/6555]	lr: 1.000e-05, eta: 0:24:54, time: 0.268, data_time: 0.017, memory: 13344, loss_cls: 0.4264, loss_bbox: 0.4049, loss_kps: 0.0000, loss: 0.8312
2026-10-02 06:35:02,380 - mmdet - INFO - Epoch [5][1300/6555]	lr: 1.000e-05, eta: 0:24:39, time: 0.274, data_time: 0.017, memory: 13344, loss_cls: 0.4229, loss_bbox: 0.4105, loss_kps: 0.0000, loss: 0.8334
2026-10-02 06:35:15,860 - mmdet - INFO - Epoch [5][1350/6555]	lr: 1.000e-05, eta: 0:24:25, time: 0.270, data_time: 0.016, memory: 13344, loss_cls: 0.4344, loss_bbox: 0.4073, loss_kps: 0.0000, loss: 0.8417
2026-10-02 06:35:29,281 - mmdet - INFO - Epoch [5][1400/6555]	lr: 1.000e-05, eta: 0:24:11, time: 0.268, data_time: 0.017, memory: 13344, loss_cls: 0.4388, loss_bbox: 0.4244, loss_kps: 0.0000, loss: 0.8632
2026-10-02 06:35:42,704 - mmdet - INFO - Epoch [5][1450/6555]	lr: 1.000e-05, eta: 0:23:57, time: 0.268, data_time: 0.017, memory: 13344, loss_cls: 0.4378, loss_bbox: 0.4108, loss_kps: 0.0000, loss: 0.8486
2026-10-02 06:35:56,411 - mmdet - INFO - Epoch [5][1500/6555]	lr: 1.000e-05, eta: 0:23:43, time: 0.274, data_time: 0.016, memory: 13344, loss_cls: 0.4297, loss_bbox: 0.4090, loss_kps: 0.0000, loss: 0.8387
2026-10-02 06:36:09,955 - mmdet - INFO - Epoch [5][1550/6555]	lr: 1.000e-05, eta: 0:23:28, time: 0.271, data_time: 0.017, memory: 13344, loss_cls: 0.4267, loss_bbox: 0.4262, loss_kps: 0.0000, loss: 0.8529
2026-10-02 06:36:23,666 - mmdet - INFO - Epoch [5][1600/6555]	lr: 1.000e-05, eta: 0:23:14, time: 0.274, data_time: 0.016, memory: 13344, loss_cls: 0.4465, loss_bbox: 0.4093, loss_kps: 0.0000, loss: 0.8558
2026-10-02 06:36:37,111 - mmdet - INFO - Epoch [5][1650/6555]	lr: 1.000e-05, eta: 0:23:00, time: 0.269, data_time: 0.017, memory: 13344, loss_cls: 0.4196, loss_bbox: 0.3952, loss_kps: 0.0000, loss: 0.8148
2026-10-02 06:36:50,387 - mmdet - INFO - Epoch [5][1700/6555]	lr: 1.000e-05, eta: 0:22:46, time: 0.266, data_time: 0.017, memory: 13344, loss_cls: 0.4317, loss_bbox: 0.4264, loss_kps: 0.0000, loss: 0.8582
2026-10-02 06:37:04,306 - mmdet - INFO - Epoch [5][1750/6555]	lr: 1.000e-05, eta: 0:22:32, time: 0.278, data_time: 0.017, memory: 13344, loss_cls: 0.4360, loss_bbox: 0.4114, loss_kps: 0.0000, loss: 0.8474
2026-10-02 06:37:17,722 - mmdet - INFO - Epoch [5][1800/6555]	lr: 1.000e-05, eta: 0:22:18, time: 0.268, data_time: 0.017, memory: 13344, loss_cls: 0.4143, loss_bbox: 0.4120, loss_kps: 0.0000, loss: 0.8263
2026-10-02 06:37:30,902 - mmdet - INFO - Epoch [5][1850/6555]	lr: 1.000e-05, eta: 0:22:03, time: 0.264, data_time: 0.017, memory: 13344, loss_cls: 0.4345, loss_bbox: 0.4180, loss_kps: 0.0000, loss: 0.8526
2026-10-02 06:37:44,038 - mmdet - INFO - Epoch [5][1900/6555]	lr: 1.000e-05, eta: 0:21:49, time: 0.263, data_time: 0.017, memory: 13344, loss_cls: 0.4304, loss_bbox: 0.4165, loss_kps: 0.0000, loss: 0.8469
2026-10-02 06:37:57,762 - mmdet - INFO - Epoch [5][1950/6555]	lr: 1.000e-05, eta: 0:21:35, time: 0.274, data_time: 0.017, memory: 13344, loss_cls: 0.4238, loss_bbox: 0.4078, loss_kps: 0.0000, loss: 0.8315
2026-10-02 06:38:11,067 - mmdet - INFO - Epoch [5][2000/6555]	lr: 1.000e-05, eta: 0:21:21, time: 0.266, data_time: 0.017, memory: 13344, loss_cls: 0.4299, loss_bbox: 0.4049, loss_kps: 0.0000, loss: 0.8347
2026-10-02 06:38:24,227 - mmdet - INFO - Epoch [5][2050/6555]	lr: 1.000e-05, eta: 0:21:07, time: 0.263, data_time: 0.016, memory: 13344, loss_cls: 0.4147, loss_bbox: 0.4069, loss_kps: 0.0000, loss: 0.8216
2026-10-02 06:38:37,549 - mmdet - INFO - Epoch [5][2100/6555]	lr: 1.000e-05, eta: 0:20:53, time: 0.266, data_time: 0.017, memory: 13344, loss_cls: 0.4176, loss_bbox: 0.4221, loss_kps: 0.0000, loss: 0.8397
2026-10-02 06:38:51,139 - mmdet - INFO - Epoch [5][2150/6555]	lr: 1.000e-05, eta: 0:20:38, time: 0.272, data_time: 0.017, memory: 13344, loss_cls: 0.4324, loss_bbox: 0.4187, loss_kps: 0.0000, loss: 0.8512
2026-10-02 06:39:04,594 - mmdet - INFO - Epoch [5][2200/6555]	lr: 1.000e-05, eta: 0:20:24, time: 0.269, data_time: 0.016, memory: 13344, loss_cls: 0.4318, loss_bbox: 0.3967, loss_kps: 0.0000, loss: 0.8285
2026-10-02 06:39:18,112 - mmdet - INFO - Epoch [5][2250/6555]	lr: 1.000e-05, eta: 0:20:10, time: 0.270, data_time: 0.016, memory: 13344, loss_cls: 0.4439, loss_bbox: 0.4156, loss_kps: 0.0000, loss: 0.8595
2026-10-02 06:39:31,639 - mmdet - INFO - Epoch [5][2300/6555]	lr: 1.000e-05, eta: 0:19:56, time: 0.270, data_time: 0.018, memory: 13344, loss_cls: 0.4491, loss_bbox: 0.4143, loss_kps: 0.0000, loss: 0.8634
2026-10-02 06:39:45,701 - mmdet - INFO - Epoch [5][2350/6555]	lr: 1.000e-05, eta: 0:19:42, time: 0.281, data_time: 0.015, memory: 13344, loss_cls: 0.4291, loss_bbox: 0.4094, loss_kps: 0.0000, loss: 0.8385
2026-10-02 06:39:59,271 - mmdet - INFO - Epoch [5][2400/6555]	lr: 1.000e-05, eta: 0:19:28, time: 0.271, data_time: 0.016, memory: 13344, loss_cls: 0.4221, loss_bbox: 0.4014, loss_kps: 0.0000, loss: 0.8235
2026-10-02 06:40:13,087 - mmdet - INFO - Epoch [5][2450/6555]	lr: 1.000e-05, eta: 0:19:14, time: 0.276, data_time: 0.016, memory: 13344, loss_cls: 0.4432, loss_bbox: 0.4062, loss_kps: 0.0000, loss: 0.8494
2026-10-02 06:40:26,770 - mmdet - INFO - Epoch [5][2500/6555]	lr: 1.000e-05, eta: 0:19:00, time: 0.274, data_time: 0.017, memory: 13344, loss_cls: 0.4291, loss_bbox: 0.4072, loss_kps: 0.0000, loss: 0.8363
2026-10-02 06:40:40,355 - mmdet - INFO - Epoch [5][2550/6555]	lr: 1.000e-05, eta: 0:18:45, time: 0.272, data_time: 0.016, memory: 13344, loss_cls: 0.4341, loss_bbox: 0.4180, loss_kps: 0.0000, loss: 0.8522
2026-10-02 06:40:54,028 - mmdet - INFO - Epoch [5][2600/6555]	lr: 1.000e-05, eta: 0:18:31, time: 0.273, data_time: 0.016, memory: 13344, loss_cls: 0.4231, loss_bbox: 0.4180, loss_kps: 0.0000, loss: 0.8411
2026-10-02 06:41:07,176 - mmdet - INFO - Epoch [5][2650/6555]	lr: 1.000e-05, eta: 0:18:17, time: 0.263, data_time: 0.017, memory: 13344, loss_cls: 0.4382, loss_bbox: 0.4159, loss_kps: 0.0000, loss: 0.8541
2026-10-02 06:41:20,024 - mmdet - INFO - Epoch [5][2700/6555]	lr: 1.000e-05, eta: 0:18:03, time: 0.257, data_time: 0.017, memory: 13344, loss_cls: 0.4366, loss_bbox: 0.4207, loss_kps: 0.0000, loss: 0.8572
2026-10-02 06:41:33,478 - mmdet - INFO - Epoch [5][2750/6555]	lr: 1.000e-05, eta: 0:17:49, time: 0.269, data_time: 0.017, memory: 13344, loss_cls: 0.4236, loss_bbox: 0.4100, loss_kps: 0.0000, loss: 0.8336
2026-10-02 06:41:46,766 - mmdet - INFO - Epoch [5][2800/6555]	lr: 1.000e-05, eta: 0:17:35, time: 0.266, data_time: 0.018, memory: 13344, loss_cls: 0.4302, loss_bbox: 0.4160, loss_kps: 0.0000, loss: 0.8462
2026-10-02 06:42:00,011 - mmdet - INFO - Epoch [5][2850/6555]	lr: 1.000e-05, eta: 0:17:20, time: 0.265, data_time: 0.017, memory: 13344, loss_cls: 0.4322, loss_bbox: 0.3994, loss_kps: 0.0000, loss: 0.8316
2026-10-02 06:42:13,867 - mmdet - INFO - Epoch [5][2900/6555]	lr: 1.000e-05, eta: 0:17:06, time: 0.277, data_time: 0.016, memory: 13344, loss_cls: 0.4345, loss_bbox: 0.4283, loss_kps: 0.0000, loss: 0.8628
2026-10-02 06:42:26,826 - mmdet - INFO - Epoch [5][2950/6555]	lr: 1.000e-05, eta: 0:16:52, time: 0.259, data_time: 0.017, memory: 13344, loss_cls: 0.4239, loss_bbox: 0.3999, loss_kps: 0.0000, loss: 0.8238
2026-10-02 06:42:39,997 - mmdet - INFO - Epoch [5][3000/6555]	lr: 1.000e-05, eta: 0:16:38, time: 0.263, data_time: 0.017, memory: 13344, loss_cls: 0.4346, loss_bbox: 0.4043, loss_kps: 0.0000, loss: 0.8389
2026-10-02 06:42:53,206 - mmdet - INFO - Epoch [5][3050/6555]	lr: 1.000e-05, eta: 0:16:24, time: 0.264, data_time: 0.017, memory: 13344, loss_cls: 0.4266, loss_bbox: 0.4118, loss_kps: 0.0000, loss: 0.8384
2026-10-02 06:43:06,437 - mmdet - INFO - Epoch [5][3100/6555]	lr: 1.000e-05, eta: 0:16:10, time: 0.265, data_time: 0.018, memory: 13344, loss_cls: 0.4151, loss_bbox: 0.4122, loss_kps: 0.0000, loss: 0.8273
2026-10-02 06:43:19,328 - mmdet - INFO - Epoch [5][3150/6555]	lr: 1.000e-05, eta: 0:15:56, time: 0.258, data_time: 0.016, memory: 13344, loss_cls: 0.4447, loss_bbox: 0.4154, loss_kps: 0.0000, loss: 0.8601
2026-10-02 06:43:32,521 - mmdet - INFO - Epoch [5][3200/6555]	lr: 1.000e-05, eta: 0:15:41, time: 0.264, data_time: 0.017, memory: 13344, loss_cls: 0.4347, loss_bbox: 0.4124, loss_kps: 0.0000, loss: 0.8472
2026-10-02 06:43:45,497 - mmdet - INFO - Epoch [5][3250/6555]	lr: 1.000e-05, eta: 0:15:27, time: 0.260, data_time: 0.016, memory: 13344, loss_cls: 0.4308, loss_bbox: 0.4119, loss_kps: 0.0000, loss: 0.8428
2026-10-02 06:43:58,689 - mmdet - INFO - Epoch [5][3300/6555]	lr: 1.000e-05, eta: 0:15:13, time: 0.264, data_time: 0.017, memory: 13344, loss_cls: 0.4297, loss_bbox: 0.4229, loss_kps: 0.0000, loss: 0.8526
2026-10-02 06:44:12,028 - mmdet - INFO - Epoch [5][3350/6555]	lr: 1.000e-05, eta: 0:14:59, time: 0.267, data_time: 0.018, memory: 13344, loss_cls: 0.4318, loss_bbox: 0.4042, loss_kps: 0.0000, loss: 0.8360
2026-10-02 06:44:25,185 - mmdet - INFO - Epoch [5][3400/6555]	lr: 1.000e-05, eta: 0:14:45, time: 0.263, data_time: 0.016, memory: 13344, loss_cls: 0.4426, loss_bbox: 0.4126, loss_kps: 0.0000, loss: 0.8552
2026-10-02 06:44:38,409 - mmdet - INFO - Epoch [5][3450/6555]	lr: 1.000e-05, eta: 0:14:31, time: 0.264, data_time: 0.017, memory: 13344, loss_cls: 0.4540, loss_bbox: 0.4194, loss_kps: 0.0000, loss: 0.8735
2026-10-02 06:44:51,524 - mmdet - INFO - Epoch [5][3500/6555]	lr: 1.000e-05, eta: 0:14:17, time: 0.262, data_time: 0.016, memory: 13344, loss_cls: 0.4175, loss_bbox: 0.4065, loss_kps: 0.0000, loss: 0.8239
2026-10-02 06:45:04,715 - mmdet - INFO - Epoch [5][3550/6555]	lr: 1.000e-05, eta: 0:14:03, time: 0.264, data_time: 0.017, memory: 13344, loss_cls: 0.4404, loss_bbox: 0.4015, loss_kps: 0.0000, loss: 0.8419
2026-10-02 06:45:17,832 - mmdet - INFO - Epoch [5][3600/6555]	lr: 1.000e-05, eta: 0:13:48, time: 0.262, data_time: 0.016, memory: 13344, loss_cls: 0.4266, loss_bbox: 0.4082, loss_kps: 0.0000, loss: 0.8348
2026-10-02 06:45:30,908 - mmdet - INFO - Epoch [5][3650/6555]	lr: 1.000e-05, eta: 0:13:34, time: 0.262, data_time: 0.018, memory: 13344, loss_cls: 0.4095, loss_bbox: 0.4014, loss_kps: 0.0000, loss: 0.8109
2026-10-02 06:45:44,106 - mmdet - INFO - Epoch [5][3700/6555]	lr: 1.000e-05, eta: 0:13:20, time: 0.264, data_time: 0.017, memory: 13344, loss_cls: 0.4213, loss_bbox: 0.4120, loss_kps: 0.0000, loss: 0.8333
2026-10-02 06:45:57,149 - mmdet - INFO - Epoch [5][3750/6555]	lr: 1.000e-05, eta: 0:13:06, time: 0.261, data_time: 0.016, memory: 13344, loss_cls: 0.4482, loss_bbox: 0.4007, loss_kps: 0.0000, loss: 0.8489
2026-10-02 06:46:10,463 - mmdet - INFO - Epoch [5][3800/6555]	lr: 1.000e-05, eta: 0:12:52, time: 0.266, data_time: 0.017, memory: 13344, loss_cls: 0.4474, loss_bbox: 0.4202, loss_kps: 0.0000, loss: 0.8676
2026-10-02 06:46:23,497 - mmdet - INFO - Epoch [5][3850/6555]	lr: 1.000e-05, eta: 0:12:38, time: 0.261, data_time: 0.017, memory: 13344, loss_cls: 0.4220, loss_bbox: 0.4137, loss_kps: 0.0000, loss: 0.8357
2026-10-02 06:46:36,600 - mmdet - INFO - Epoch [5][3900/6555]	lr: 1.000e-05, eta: 0:12:24, time: 0.262, data_time: 0.017, memory: 13344, loss_cls: 0.4168, loss_bbox: 0.3900, loss_kps: 0.0000, loss: 0.8068
2026-10-02 06:46:49,829 - mmdet - INFO - Epoch [5][3950/6555]	lr: 1.000e-05, eta: 0:12:10, time: 0.265, data_time: 0.017, memory: 13344, loss_cls: 0.4272, loss_bbox: 0.4182, loss_kps: 0.0000, loss: 0.8454
2026-10-02 06:47:03,000 - mmdet - INFO - Epoch [5][4000/6555]	lr: 1.000e-05, eta: 0:11:56, time: 0.263, data_time: 0.017, memory: 13344, loss_cls: 0.4274, loss_bbox: 0.4034, loss_kps: 0.0000, loss: 0.8307
2026-10-02 06:47:16,296 - mmdet - INFO - Epoch [5][4050/6555]	lr: 1.000e-05, eta: 0:11:42, time: 0.266, data_time: 0.017, memory: 13344, loss_cls: 0.4134, loss_bbox: 0.4133, loss_kps: 0.0000, loss: 0.8267
2026-10-02 06:47:29,351 - mmdet - INFO - Epoch [5][4100/6555]	lr: 1.000e-05, eta: 0:11:27, time: 0.261, data_time: 0.017, memory: 13344, loss_cls: 0.4211, loss_bbox: 0.4140, loss_kps: 0.0000, loss: 0.8351
2026-10-02 06:47:42,483 - mmdet - INFO - Epoch [5][4150/6555]	lr: 1.000e-05, eta: 0:11:13, time: 0.263, data_time: 0.017, memory: 13344, loss_cls: 0.4298, loss_bbox: 0.4134, loss_kps: 0.0000, loss: 0.8432
2026-10-02 06:47:56,240 - mmdet - INFO - Epoch [5][4200/6555]	lr: 1.000e-05, eta: 0:10:59, time: 0.275, data_time: 0.016, memory: 13344, loss_cls: 0.4328, loss_bbox: 0.4151, loss_kps: 0.0000, loss: 0.8479
2026-10-02 06:48:09,163 - mmdet - INFO - Epoch [5][4250/6555]	lr: 1.000e-05, eta: 0:10:45, time: 0.258, data_time: 0.016, memory: 13344, loss_cls: 0.4292, loss_bbox: 0.4186, loss_kps: 0.0000, loss: 0.8478
2026-10-02 06:48:22,345 - mmdet - INFO - Epoch [5][4300/6555]	lr: 1.000e-05, eta: 0:10:31, time: 0.264, data_time: 0.016, memory: 13344, loss_cls: 0.4411, loss_bbox: 0.4243, loss_kps: 0.0000, loss: 0.8655
2026-10-02 06:48:36,512 - mmdet - INFO - Epoch [5][4350/6555]	lr: 1.000e-05, eta: 0:10:17, time: 0.283, data_time: 0.016, memory: 13344, loss_cls: 0.4321, loss_bbox: 0.4106, loss_kps: 0.0000, loss: 0.8427
2026-10-02 06:48:50,018 - mmdet - INFO - Epoch [5][4400/6555]	lr: 1.000e-05, eta: 0:10:03, time: 0.270, data_time: 0.017, memory: 13344, loss_cls: 0.4453, loss_bbox: 0.4205, loss_kps: 0.0000, loss: 0.8657
2026-10-02 06:49:03,308 - mmdet - INFO - Epoch [5][4450/6555]	lr: 1.000e-05, eta: 0:09:49, time: 0.266, data_time: 0.017, memory: 13344, loss_cls: 0.4136, loss_bbox: 0.4128, loss_kps: 0.0000, loss: 0.8264
2026-10-02 06:49:16,178 - mmdet - INFO - Epoch [5][4500/6555]	lr: 1.000e-05, eta: 0:09:35, time: 0.257, data_time: 0.017, memory: 13344, loss_cls: 0.4303, loss_bbox: 0.4198, loss_kps: 0.0000, loss: 0.8501
2026-10-02 06:49:29,223 - mmdet - INFO - Epoch [5][4550/6555]	lr: 1.000e-05, eta: 0:09:21, time: 0.261, data_time: 0.017, memory: 13344, loss_cls: 0.4510, loss_bbox: 0.4127, loss_kps: 0.0000, loss: 0.8637
2026-10-02 06:49:42,247 - mmdet - INFO - Epoch [5][4600/6555]	lr: 1.000e-05, eta: 0:09:07, time: 0.260, data_time: 0.016, memory: 13344, loss_cls: 0.4223, loss_bbox: 0.3998, loss_kps: 0.0000, loss: 0.8221
2026-10-02 06:49:55,357 - mmdet - INFO - Epoch [5][4650/6555]	lr: 1.000e-05, eta: 0:08:53, time: 0.262, data_time: 0.017, memory: 13344, loss_cls: 0.4298, loss_bbox: 0.4235, loss_kps: 0.0000, loss: 0.8533
2026-10-02 06:50:08,557 - mmdet - INFO - Epoch [5][4700/6555]	lr: 1.000e-05, eta: 0:08:39, time: 0.264, data_time: 0.017, memory: 13344, loss_cls: 0.4247, loss_bbox: 0.4229, loss_kps: 0.0000, loss: 0.8476
2026-10-02 06:50:21,958 - mmdet - INFO - Epoch [5][4750/6555]	lr: 1.000e-05, eta: 0:08:25, time: 0.268, data_time: 0.017, memory: 13344, loss_cls: 0.4162, loss_bbox: 0.4026, loss_kps: 0.0000, loss: 0.8189
2026-10-02 06:50:34,729 - mmdet - INFO - Epoch [5][4800/6555]	lr: 1.000e-05, eta: 0:08:11, time: 0.255, data_time: 0.016, memory: 13344, loss_cls: 0.4317, loss_bbox: 0.4097, loss_kps: 0.0000, loss: 0.8414
2026-10-02 06:50:47,892 - mmdet - INFO - Epoch [5][4850/6555]	lr: 1.000e-05, eta: 0:07:57, time: 0.263, data_time: 0.016, memory: 13344, loss_cls: 0.4120, loss_bbox: 0.4186, loss_kps: 0.0000, loss: 0.8306
2026-10-02 06:51:00,958 - mmdet - INFO - Epoch [5][4900/6555]	lr: 1.000e-05, eta: 0:07:43, time: 0.261, data_time: 0.017, memory: 13344, loss_cls: 0.4331, loss_bbox: 0.4014, loss_kps: 0.0000, loss: 0.8345
2026-10-02 06:51:13,935 - mmdet - INFO - Epoch [5][4950/6555]	lr: 1.000e-05, eta: 0:07:29, time: 0.260, data_time: 0.017, memory: 13344, loss_cls: 0.4328, loss_bbox: 0.4185, loss_kps: 0.0000, loss: 0.8513
2026-10-02 06:51:26,855 - mmdet - INFO - Epoch [5][5000/6555]	lr: 1.000e-05, eta: 0:07:15, time: 0.258, data_time: 0.016, memory: 13344, loss_cls: 0.4210, loss_bbox: 0.4034, loss_kps: 0.0000, loss: 0.8244
2026-10-02 06:51:40,388 - mmdet - INFO - Epoch [5][5050/6555]	lr: 1.000e-05, eta: 0:07:01, time: 0.271, data_time: 0.017, memory: 13344, loss_cls: 0.4401, loss_bbox: 0.4184, loss_kps: 0.0000, loss: 0.8585
2026-10-02 06:51:53,607 - mmdet - INFO - Epoch [5][5100/6555]	lr: 1.000e-05, eta: 0:06:47, time: 0.264, data_time: 0.016, memory: 13344, loss_cls: 0.4040, loss_bbox: 0.4034, loss_kps: 0.0000, loss: 0.8073
2026-10-02 06:52:06,545 - mmdet - INFO - Epoch [5][5150/6555]	lr: 1.000e-05, eta: 0:06:32, time: 0.259, data_time: 0.016, memory: 13344, loss_cls: 0.4148, loss_bbox: 0.4042, loss_kps: 0.0000, loss: 0.8190
2026-10-02 06:52:19,546 - mmdet - INFO - Epoch [5][5200/6555]	lr: 1.000e-05, eta: 0:06:18, time: 0.260, data_time: 0.015, memory: 13344, loss_cls: 0.4024, loss_bbox: 0.4089, loss_kps: 0.0000, loss: 0.8113
2026-10-02 06:52:32,595 - mmdet - INFO - Epoch [5][5250/6555]	lr: 1.000e-05, eta: 0:06:04, time: 0.261, data_time: 0.015, memory: 13344, loss_cls: 0.4226, loss_bbox: 0.3988, loss_kps: 0.0000, loss: 0.8213
2026-10-02 06:52:45,624 - mmdet - INFO - Epoch [5][5300/6555]	lr: 1.000e-05, eta: 0:05:50, time: 0.261, data_time: 0.017, memory: 13344, loss_cls: 0.4520, loss_bbox: 0.4145, loss_kps: 0.0000, loss: 0.8664
2026-10-02 06:52:58,767 - mmdet - INFO - Epoch [5][5350/6555]	lr: 1.000e-05, eta: 0:05:36, time: 0.263, data_time: 0.018, memory: 13344, loss_cls: 0.4260, loss_bbox: 0.4129, loss_kps: 0.0000, loss: 0.8389
2026-10-02 06:53:11,813 - mmdet - INFO - Epoch [5][5400/6555]	lr: 1.000e-05, eta: 0:05:22, time: 0.261, data_time: 0.015, memory: 13344, loss_cls: 0.4278, loss_bbox: 0.4049, loss_kps: 0.0000, loss: 0.8327
2026-10-02 06:53:24,612 - mmdet - INFO - Epoch [5][5450/6555]	lr: 1.000e-05, eta: 0:05:08, time: 0.256, data_time: 0.017, memory: 13344, loss_cls: 0.4384, loss_bbox: 0.4085, loss_kps: 0.0000, loss: 0.8468
2026-10-02 06:53:37,328 - mmdet - INFO - Epoch [5][5500/6555]	lr: 1.000e-05, eta: 0:04:54, time: 0.254, data_time: 0.016, memory: 13344, loss_cls: 0.4192, loss_bbox: 0.4140, loss_kps: 0.0000, loss: 0.8333
2026-10-02 06:53:50,328 - mmdet - INFO - Epoch [5][5550/6555]	lr: 1.000e-05, eta: 0:04:40, time: 0.260, data_time: 0.017, memory: 13344, loss_cls: 0.4367, loss_bbox: 0.4283, loss_kps: 0.0000, loss: 0.8650
2026-10-02 06:54:03,493 - mmdet - INFO - Epoch [5][5600/6555]	lr: 1.000e-05, eta: 0:04:26, time: 0.263, data_time: 0.018, memory: 13344, loss_cls: 0.4378, loss_bbox: 0.4181, loss_kps: 0.0000, loss: 0.8559
2026-10-02 06:54:16,600 - mmdet - INFO - Epoch [5][5650/6555]	lr: 1.000e-05, eta: 0:04:12, time: 0.262, data_time: 0.017, memory: 13344, loss_cls: 0.4426, loss_bbox: 0.4068, loss_kps: 0.0000, loss: 0.8494
2026-10-02 06:54:29,757 - mmdet - INFO - Epoch [5][5700/6555]	lr: 1.000e-05, eta: 0:03:58, time: 0.263, data_time: 0.016, memory: 13344, loss_cls: 0.4343, loss_bbox: 0.4249, loss_kps: 0.0000, loss: 0.8593
2026-10-02 06:54:42,833 - mmdet - INFO - Epoch [5][5750/6555]	lr: 1.000e-05, eta: 0:03:44, time: 0.262, data_time: 0.016, memory: 13344, loss_cls: 0.4221, loss_bbox: 0.4202, loss_kps: 0.0000, loss: 0.8423
2026-10-02 06:54:56,190 - mmdet - INFO - Epoch [5][5800/6555]	lr: 1.000e-05, eta: 0:03:30, time: 0.267, data_time: 0.018, memory: 13344, loss_cls: 0.4613, loss_bbox: 0.4181, loss_kps: 0.0000, loss: 0.8794
2026-10-02 06:55:09,023 - mmdet - INFO - Epoch [5][5850/6555]	lr: 1.000e-05, eta: 0:03:16, time: 0.257, data_time: 0.015, memory: 13344, loss_cls: 0.4263, loss_bbox: 0.4158, loss_kps: 0.0000, loss: 0.8422
2026-10-02 06:55:22,052 - mmdet - INFO - Epoch [5][5900/6555]	lr: 1.000e-05, eta: 0:03:02, time: 0.261, data_time: 0.017, memory: 13344, loss_cls: 0.4340, loss_bbox: 0.4205, loss_kps: 0.0000, loss: 0.8545
2026-10-02 06:55:35,272 - mmdet - INFO - Epoch [5][5950/6555]	lr: 1.000e-05, eta: 0:02:48, time: 0.264, data_time: 0.018, memory: 13344, loss_cls: 0.4326, loss_bbox: 0.4046, loss_kps: 0.0000, loss: 0.8372
2026-10-02 06:55:48,473 - mmdet - INFO - Epoch [5][6000/6555]	lr: 1.000e-05, eta: 0:02:34, time: 0.264, data_time: 0.016, memory: 13344, loss_cls: 0.4159, loss_bbox: 0.4019, loss_kps: 0.0000, loss: 0.8178
2026-10-02 06:56:01,736 - mmdet - INFO - Epoch [5][6050/6555]	lr: 1.000e-05, eta: 0:02:20, time: 0.265, data_time: 0.017, memory: 13344, loss_cls: 0.4174, loss_bbox: 0.4273, loss_kps: 0.0000, loss: 0.8447
2026-10-02 06:56:15,136 - mmdet - INFO - Epoch [5][6100/6555]	lr: 1.000e-05, eta: 0:02:07, time: 0.268, data_time: 0.017, memory: 13344, loss_cls: 0.4160, loss_bbox: 0.4050, loss_kps: 0.0000, loss: 0.8210
2026-10-02 06:56:29,039 - mmdet - INFO - Epoch [5][6150/6555]	lr: 1.000e-05, eta: 0:01:53, time: 0.278, data_time: 0.014, memory: 13344, loss_cls: 0.4385, loss_bbox: 0.4144, loss_kps: 0.0000, loss: 0.8529
2026-10-02 06:56:41,952 - mmdet - INFO - Epoch [5][6200/6555]	lr: 1.000e-05, eta: 0:01:39, time: 0.258, data_time: 0.016, memory: 13344, loss_cls: 0.4161, loss_bbox: 0.4047, loss_kps: 0.0000, loss: 0.8207
2026-10-02 06:56:54,792 - mmdet - INFO - Epoch [5][6250/6555]	lr: 1.000e-05, eta: 0:01:25, time: 0.257, data_time: 0.016, memory: 13344, loss_cls: 0.4444, loss_bbox: 0.4295, loss_kps: 0.0000, loss: 0.8739
2026-10-02 06:57:08,045 - mmdet - INFO - Epoch [5][6300/6555]	lr: 1.000e-05, eta: 0:01:11, time: 0.265, data_time: 0.016, memory: 13344, loss_cls: 0.4284, loss_bbox: 0.4351, loss_kps: 0.0000, loss: 0.8636
2026-10-02 06:57:21,119 - mmdet - INFO - Epoch [5][6350/6555]	lr: 1.000e-05, eta: 0:00:57, time: 0.262, data_time: 0.015, memory: 13344, loss_cls: 0.4361, loss_bbox: 0.4211, loss_kps: 0.0000, loss: 0.8572
2026-10-02 06:57:34,267 - mmdet - INFO - Epoch [5][6400/6555]	lr: 1.000e-05, eta: 0:00:43, time: 0.263, data_time: 0.016, memory: 13344, loss_cls: 0.4348, loss_bbox: 0.4152, loss_kps: 0.0000, loss: 0.8501
2026-10-02 06:57:47,065 - mmdet - INFO - Epoch [5][6450/6555]	lr: 1.000e-05, eta: 0:00:29, time: 0.256, data_time: 0.016, memory: 13344, loss_cls: 0.4280, loss_bbox: 0.4101, loss_kps: 0.0000, loss: 0.8381
2026-10-02 06:58:00,043 - mmdet - INFO - Epoch [5][6500/6555]	lr: 1.000e-05, eta: 0:00:15, time: 0.259, data_time: 0.016, memory: 13344, loss_cls: 0.4393, loss_bbox: 0.4234, loss_kps: 0.0000, loss: 0.8627
2026-10-02 06:58:10,510 - mmdet - INFO - Epoch [5][6550/6555]	lr: 1.000e-05, eta: 0:00:01, time: 0.209, data_time: 0.013, memory: 13344, loss_cls: 0.4124, loss_bbox: 0.4091, loss_kps: 0.0000, loss: 0.8215
2026-10-02 06:58:11,873 - mmdet - INFO - Saving checkpoint at 5 epochs
