image,reviewed
20260415_060144_KSXGVV_000_f001965.jpg,1
20260424_031129_FHJUFZ_010_f005340.jpg,1
20260425_064704_FXSDAS_001_f000915.jpg,1
20260425_064704_FXSDAS_001_f010965.jpg,1
20260425_073805_AHNKJU_000_f001620.jpg,1
20260425_073805_AHNKJU_003_f002460.jpg,1
20260425_073805_AHNKJU_003_f002820.jpg,1
20260425_073805_AHNKJU_003_f007035.jpg,1
20260425_073805_AHNKJU_004_f003780.jpg,1
20260425_073805_AHNKJU_004_f010035.jpg,1
20260507_080211_GWDXBK_005_f000045.jpg,1
20260507_080211_GWDXBK_005_f000150.jpg,1
20260507_080211_GWDXBK_005_f005925.jpg,1
20260507_080211_GWDXBK_005_f005985.jpg,1
20260507_080211_GWDXBK_012_f000000.jpg,1
20260507_080211_GWDXBK_012_f000465.jpg,1
20260507_080211_GWDXBK_012_f000525.jpg,1
20260507_080211_GWDXBK_012_f000585.jpg,1
20260507_080211_GWDXBK_012_f000720.jpg,1
20260507_080211_GWDXBK_012_f000795.jpg,1
20260507_080211_GWDXBK_012_f001140.jpg,1
20260507_080211_GWDXBK_012_f001290.jpg,1
20260507_080211_GWDXBK_012_f002100.jpg,1
20260507_080211_GWDXBK_012_f002355.jpg,1
20260507_080211_GWDXBK_012_f002460.jpg,1
20260507_080211_GWDXBK_012_f002625.jpg,1
20260507_080211_GWDXBK_012_f003345.jpg,1
20260507_080211_GWDXBK_012_f003585.jpg,1
20260507_080211_GWDXBK_012_f003870.jpg,1
20260507_080211_GWDXBK_012_f003945.jpg,1
20260507_080211_GWDXBK_012_f004065.jpg,1
20260507_080211_GWDXBK_012_f004140.jpg,1
20260507_080211_GWDXBK_012_f004560.jpg,1
20260507_080211_GWDXBK_012_f005250.jpg,1
20260507_080211_GWDXBK_012_f005325.jpg,1
20260507_080211_GWDXBK_012_f006015.jpg,1
20260507_080211_GWDXBK_012_f006300.jpg,1
20260507_080211_GWDXBK_012_f006540.jpg,1
20260507_080211_GWDXBK_012_f006690.jpg,1
20260507_080211_GWDXBK_012_f007995.jpg,1
20260507_080211_GWDXBK_012_f008640.jpg,1
20260507_080211_GWDXBK_012_f008715.jpg,1
20260507_080211_GWDXBK_012_f008910.jpg,1
20260507_080211_GWDXBK_012_f009330.jpg,1
20260507_080211_GWDXBK_012_f009405.jpg,1
20260507_080211_GWDXBK_012_f010260.jpg,1
20260507_080211_GWDXBK_012_f010635.jpg,1
20260507_080211_GWDXBK_018_f000480.jpg,1
20260507_080211_GWDXBK_018_f000540.jpg,1
20260507_080211_GWDXBK_018_f000615.jpg,1
20260507_080211_GWDXBK_018_f000975.jpg,1
20260507_080211_GWDXBK_018_f001140.jpg,1
20260507_080211_GWDXBK_018_f001200.jpg,1
20260507_080211_GWDXBK_018_f001260.jpg,1
20260507_080211_GWDXBK_018_f001335.jpg,1
20260507_080211_GWDXBK_018_f001440.jpg,1
20260507_080211_GWDXBK_018_f001590.jpg,1
20260507_080211_GWDXBK_018_f001935.jpg,1
20260507_080211_GWDXBK_018_f002085.jpg,1
20260507_080211_GWDXBK_018_f003150.jpg,1
20260507_080211_GWDXBK_018_f003255.jpg,1
20260507_080211_GWDXBK_018_f003615.jpg,1
20260507_080211_GWDXBK_018_f003825.jpg,1
20260507_080211_GWDXBK_018_f005370.jpg,1
20260507_080211_GWDXBK_018_f005715.jpg,1
20260507_080211_GWDXBK_018_f006090.jpg,1
20260507_080211_GWDXBK_018_f006900.jpg,1
20260507_080211_GWDXBK_018_f007665.jpg,1
20260507_080211_GWDXBK_018_f008805.jpg,1
20260507_080211_GWDXBK_018_f008955.jpg,1
20260507_080524_WUCNXQ_000_f000000.jpg,1
20260507_080524_WUCNXQ_000_f000075.jpg,1
20260507_080524_WUCNXQ_000_f000135.jpg,1
20260507_080524_WUCNXQ_000_f000420.jpg,1
20260507_080524_WUCNXQ_000_f000510.jpg,1
20260507_080524_WUCNXQ_000_f000600.jpg,1
20260507_080524_WUCNXQ_000_f000675.jpg,1
20260507_080524_WUCNXQ_000_f001260.jpg,1
20260507_080524_WUCNXQ_000_f001320.jpg,1
20260507_080524_WUCNXQ_000_f001500.jpg,1
20260507_080524_WUCNXQ_000_f001560.jpg,1
20260507_080524_WUCNXQ_000_f001620.jpg,1
20260507_080524_WUCNXQ_000_f001770.jpg,1
20260507_080524_WUCNXQ_000_f003810.jpg,1
20260507_080524_WUCNXQ_000_f004365.jpg,1
20260507_080524_WUCNXQ_000_f004965.jpg,1
20260507_080524_WUCNXQ_000_f005070.jpg,1
20260507_080524_WUCNXQ_000_f005130.jpg,1
20260507_080524_WUCNXQ_001_f000120.jpg,1
20260507_080524_WUCNXQ_001_f000225.jpg,1
20260507_080524_WUCNXQ_001_f000690.jpg,1
20260507_080524_WUCNXQ_001_f000750.jpg,1
20260507_080524_WUCNXQ_001_f000810.jpg,1
20260507_080524_WUCNXQ_001_f000945.jpg,1
20260507_080524_WUCNXQ_001_f001410.jpg,1
20260507_080524_WUCNXQ_001_f001905.jpg,1
20260507_080524_WUCNXQ_001_f002070.jpg,1
20260507_080524_WUCNXQ_001_f002295.jpg,1
20260507_080524_WUCNXQ_001_f002370.jpg,1
20260507_080524_WUCNXQ_001_f002850.jpg,1
20260507_080524_WUCNXQ_001_f003060.jpg,1
20260507_080524_WUCNXQ_001_f003345.jpg,1
20260507_080524_WUCNXQ_001_f003885.jpg,1
20260507_080524_WUCNXQ_001_f005010.jpg,1
20260507_080524_WUCNXQ_001_f005565.jpg,1
20260507_080524_WUCNXQ_001_f005700.jpg,1
20260507_080524_WUCNXQ_001_f005760.jpg,1
20260507_080524_WUCNXQ_001_f005955.jpg,1
20260507_080524_WUCNXQ_001_f006330.jpg,1
20260507_080524_WUCNXQ_001_f007305.jpg,1
20260507_080524_WUCNXQ_012_f000450.jpg,1
20260507_080524_WUCNXQ_012_f000885.jpg,1
20260507_080524_WUCNXQ_012_f001005.jpg,1
20260507_080524_WUCNXQ_012_f001140.jpg,1
20260507_080524_WUCNXQ_012_f001230.jpg,1
20260507_080524_WUCNXQ_012_f001545.jpg,1
20260507_080524_WUCNXQ_012_f001605.jpg,1
20260507_080524_WUCNXQ_012_f001755.jpg,1
20260507_080524_WUCNXQ_012_f001845.jpg,1
20260507_080524_WUCNXQ_012_f002010.jpg,1
20260507_080524_WUCNXQ_012_f002115.jpg,1
20260507_080524_WUCNXQ_012_f002190.jpg,1
20260507_080524_WUCNXQ_012_f002595.jpg,1
20260507_080524_WUCNXQ_012_f002655.jpg,1
20260507_080524_WUCNXQ_012_f003030.jpg,1
20260507_080524_WUCNXQ_012_f003255.jpg,1
20260507_080524_WUCNXQ_012_f003450.jpg,1
20260507_080524_WUCNXQ_012_f003735.jpg,1
20260507_080524_WUCNXQ_012_f003795.jpg,1
20260507_080524_WUCNXQ_012_f005190.jpg,1
20260507_080533_VCDNSJ_000_f000360.jpg,1
20260507_080533_VCDNSJ_000_f000645.jpg,1
20260507_080533_VCDNSJ_000_f001035.jpg,1
20260507_080533_VCDNSJ_000_f001380.jpg,1
20260507_080533_VCDNSJ_000_f001695.jpg,1
20260507_080533_VCDNSJ_000_f002115.jpg,1
20260507_080533_VCDNSJ_000_f003945.jpg,1
20260507_080533_VCDNSJ_000_f004005.jpg,1
20260507_080533_VCDNSJ_000_f004065.jpg,1
20260507_080533_VCDNSJ_000_f004260.jpg,1
20260507_080533_VCDNSJ_000_f006435.jpg,1
20260507_080533_VCDNSJ_002_f000285.jpg,1
20260507_080533_VCDNSJ_002_f000345.jpg,1
20260507_080533_VCDNSJ_002_f001065.jpg,1
20260507_080533_VCDNSJ_002_f001305.jpg,1
20260507_080533_VCDNSJ_002_f001950.jpg,1
20260507_080533_VCDNSJ_002_f008880.jpg,1
20260507_080533_VCDNSJ_002_f009375.jpg,1
20260507_080533_VCDNSJ_006_f000225.jpg,1
20260507_080533_VCDNSJ_006_f000300.jpg,1
20260507_080533_VCDNSJ_006_f000885.jpg,1
20260507_080533_VCDNSJ_006_f001410.jpg,1
20260507_080533_VCDNSJ_006_f001770.jpg,1
20260507_080533_VCDNSJ_006_f001845.jpg,1
20260507_080533_VCDNSJ_006_f001920.jpg,1
20260507_080533_VCDNSJ_006_f002250.jpg,1
20260507_080533_VCDNSJ_006_f002310.jpg,1
20260507_080533_VCDNSJ_006_f002460.jpg,1
20260507_080533_VCDNSJ_006_f002550.jpg,1
20260507_080533_VCDNSJ_006_f002910.jpg,1
20260507_080533_VCDNSJ_006_f004575.jpg,1
20260507_080533_VCDNSJ_006_f006645.jpg,1
20260507_080533_VCDNSJ_006_f007920.jpg,1
20260507_080801_RLWUYL_000_f002010.jpg,1
20260507_080801_RLWUYL_000_f002715.jpg,1
20260507_080801_RLWUYL_000_f008775.jpg,1
20260507_080801_RLWUYL_000_f010695.jpg,1
20260507_080801_RLWUYL_000_f010770.jpg,1
20260507_080801_RLWUYL_010_f000945.jpg,1
20260507_080801_RLWUYL_010_f001455.jpg,1
20260507_080801_RLWUYL_010_f001695.jpg,1
20260507_080801_RLWUYL_010_f001755.jpg,1
20260507_080801_RLWUYL_010_f001905.jpg,1
20260507_080801_RLWUYL_010_f001980.jpg,1
20260507_080801_RLWUYL_010_f002670.jpg,1
20260507_080801_RLWUYL_010_f002775.jpg,1
20260507_080801_RLWUYL_010_f002910.jpg,1
20260507_080801_RLWUYL_010_f002985.jpg,1
20260507_080801_RLWUYL_010_f003180.jpg,1
20260507_080801_RLWUYL_010_f003315.jpg,1
20260507_080801_RLWUYL_010_f004020.jpg,1
20260507_080801_RLWUYL_010_f004095.jpg,1
20260507_080801_RLWUYL_010_f004200.jpg,1
20260507_080801_RLWUYL_010_f004290.jpg,1
20260507_080801_RLWUYL_010_f004530.jpg,1
20260507_080801_RLWUYL_010_f004830.jpg,1
20260507_080801_RLWUYL_010_f004890.jpg,1
20260507_080801_RLWUYL_010_f005340.jpg,1
20260507_080801_RLWUYL_010_f005400.jpg,1
20260507_080801_RLWUYL_010_f005460.jpg,1
20260507_080801_RLWUYL_010_f005640.jpg,1
20260507_080801_RLWUYL_010_f005910.jpg,1
20260507_080801_RLWUYL_010_f006120.jpg,1
20260507_080801_RLWUYL_010_f006240.jpg,1
20260507_080801_RLWUYL_010_f006510.jpg,1
20260507_080801_RLWUYL_010_f006570.jpg,1
20260507_080801_RLWUYL_010_f006960.jpg,1
20260507_080801_RLWUYL_010_f007290.jpg,1
20260507_080801_RLWUYL_010_f007365.jpg,1
20260507_080801_RLWUYL_010_f007650.jpg,1
20260507_080801_RLWUYL_014_f000540.jpg,1
20260507_080801_RLWUYL_014_f001200.jpg,1
20260507_080801_RLWUYL_014_f002490.jpg,1
20260507_080801_RLWUYL_014_f002805.jpg,1
20260507_080801_RLWUYL_014_f003555.jpg,1
20260507_080801_RLWUYL_014_f004395.jpg,1
20260507_080801_RLWUYL_014_f004890.jpg,1
20260507_080801_RLWUYL_014_f004995.jpg,1
20260507_080801_RLWUYL_014_f005115.jpg,1
20260507_080801_RLWUYL_014_f005415.jpg,1
20260507_080801_RLWUYL_014_f006675.jpg,1
20260507_080801_RLWUYL_014_f006855.jpg,1
20260507_080801_RLWUYL_014_f007215.jpg,1
20260507_080801_RLWUYL_014_f007275.jpg,1
20260507_080801_RLWUYL_014_f009480.jpg,1
20260507_080801_RLWUYL_014_f009825.jpg,1
20260507_080801_RLWUYL_014_f010395.jpg,1
20260507_081022_TLBLMT_001_f000060.jpg,1
20260507_081022_TLBLMT_001_f000120.jpg,1
20260507_081022_TLBLMT_001_f000210.jpg,1
20260507_081022_TLBLMT_001_f000300.jpg,1
20260507_081022_TLBLMT_001_f000390.jpg,1
20260507_081022_TLBLMT_001_f000525.jpg,1
20260507_081022_TLBLMT_001_f000585.jpg,1
20260507_081022_TLBLMT_001_f000645.jpg,1
20260507_081022_TLBLMT_001_f000720.jpg,1
20260507_081022_TLBLMT_001_f000825.jpg,1
20260507_081022_TLBLMT_001_f001035.jpg,1
20260507_081022_TLBLMT_001_f001110.jpg,1
20260507_081022_TLBLMT_001_f002055.jpg,1
20260507_081022_TLBLMT_001_f002490.jpg,1
20260507_081022_TLBLMT_001_f003105.jpg,1
20260507_081022_TLBLMT_001_f003255.jpg,1
20260507_081022_TLBLMT_001_f003375.jpg,1
20260507_081022_TLBLMT_001_f003900.jpg,1
20260507_081022_TLBLMT_001_f005130.jpg,1
20260507_081022_TLBLMT_001_f008670.jpg,1
20260507_081022_TLBLMT_002_f001650.jpg,1
20260507_081022_TLBLMT_002_f002445.jpg,1
20260507_081022_TLBLMT_002_f002505.jpg,1
20260507_081022_TLBLMT_002_f002700.jpg,1
20260507_081022_TLBLMT_002_f003135.jpg,1
20260507_081022_TLBLMT_002_f004200.jpg,1
20260507_081022_TLBLMT_002_f004440.jpg,1
20260507_081022_TLBLMT_002_f004515.jpg,1
20260507_081022_TLBLMT_002_f004605.jpg,1
20260507_081022_TLBLMT_002_f004665.jpg,1
20260507_081022_TLBLMT_002_f004830.jpg,1
20260507_081022_TLBLMT_002_f004995.jpg,1
20260507_081022_TLBLMT_002_f005055.jpg,1
20260507_081022_TLBLMT_002_f005145.jpg,1
20260507_081022_TLBLMT_002_f005235.jpg,1
20260507_081022_TLBLMT_002_f005325.jpg,1
20260507_081022_TLBLMT_002_f005385.jpg,1
20260507_081022_TLBLMT_002_f005445.jpg,1
20260507_081022_TLBLMT_002_f005550.jpg,1
20260507_081022_TLBLMT_002_f005625.jpg,1
20260507_081022_TLBLMT_002_f005685.jpg,1
20260507_081022_TLBLMT_002_f005745.jpg,1
20260507_081022_TLBLMT_002_f005805.jpg,1
20260507_081022_TLBLMT_002_f005865.jpg,1
20260507_081022_TLBLMT_002_f005940.jpg,1
20260507_081022_TLBLMT_002_f006000.jpg,1
20260507_081022_TLBLMT_002_f006060.jpg,1
20260507_081022_TLBLMT_002_f006225.jpg,1
20260507_081022_TLBLMT_002_f006345.jpg,1
20260507_081022_TLBLMT_002_f006435.jpg,1
20260507_081022_TLBLMT_002_f006495.jpg,1
20260507_081022_TLBLMT_002_f006555.jpg,1
20260507_081022_TLBLMT_002_f006615.jpg,1
20260507_081022_TLBLMT_002_f006675.jpg,1
20260507_081022_TLBLMT_002_f006750.jpg,1
20260507_081022_TLBLMT_002_f006825.jpg,1
20260507_081022_TLBLMT_002_f006885.jpg,1
20260507_081022_TLBLMT_002_f006945.jpg,1
20260507_081022_TLBLMT_002_f007125.jpg,1
20260507_081022_TLBLMT_002_f008115.jpg,1
20260507_081145_SVVKZK_000_f000390.jpg,1
20260507_081145_SVVKZK_000_f000450.jpg,1
20260507_081145_SVVKZK_000_f000945.jpg,1
20260507_081145_SVVKZK_000_f001005.jpg,1
20260507_081145_SVVKZK_000_f001065.jpg,1
20260507_081145_SVVKZK_000_f001170.jpg,1
20260507_081145_SVVKZK_000_f001230.jpg,1
20260507_081145_SVVKZK_000_f001350.jpg,1
20260507_081145_SVVKZK_000_f001425.jpg,1
20260507_081145_SVVKZK_000_f001635.jpg,1
20260507_081145_SVVKZK_000_f001695.jpg,1
20260507_081145_SVVKZK_000_f001770.jpg,1
20260507_081145_SVVKZK_000_f001830.jpg,1
20260507_081145_SVVKZK_000_f001905.jpg,1
20260507_081145_SVVKZK_000_f002160.jpg,1
20260507_081145_SVVKZK_000_f002220.jpg,1
20260507_081145_SVVKZK_000_f002310.jpg,1
20260507_081145_SVVKZK_000_f002430.jpg,1
20260507_081145_SVVKZK_000_f002940.jpg,1
20260507_081145_SVVKZK_000_f003075.jpg,1
20260507_081145_SVVKZK_000_f003135.jpg,1
20260507_081145_SVVKZK_000_f003555.jpg,1
20260507_081145_SVVKZK_000_f003615.jpg,1
20260507_081145_SVVKZK_000_f004110.jpg,1
20260507_081145_SVVKZK_000_f004170.jpg,1
20260507_081145_SVVKZK_000_f004365.jpg,1
20260507_081145_SVVKZK_000_f004545.jpg,1
20260507_081145_SVVKZK_000_f005265.jpg,1
20260507_081145_SVVKZK_000_f005685.jpg,1
20260507_081145_SVVKZK_000_f005850.jpg,1
20260507_081145_SVVKZK_000_f005925.jpg,1
20260507_081145_SVVKZK_000_f006210.jpg,1
20260507_081145_SVVKZK_000_f006525.jpg,1
20260507_081145_SVVKZK_000_f006585.jpg,1
20260507_081145_SVVKZK_000_f006990.jpg,1
20260507_081145_SVVKZK_000_f008835.jpg,1
20260507_081145_SVVKZK_001_f000030.jpg,1
20260507_081145_SVVKZK_001_f001200.jpg,1
20260507_081145_SVVKZK_001_f008280.jpg,1
20260507_081145_SVVKZK_001_f009105.jpg,1
20260507_081145_SVVKZK_001_f009165.jpg,1
20260507_081145_SVVKZK_001_f009225.jpg,1
20260507_081145_SVVKZK_001_f009345.jpg,1
20260507_081145_SVVKZK_001_f009465.jpg,1
20260507_081145_SVVKZK_001_f009525.jpg,1
20260507_081145_SVVKZK_001_f009600.jpg,1
20260507_081145_SVVKZK_001_f009735.jpg,1
20260507_081145_SVVKZK_001_f009825.jpg,1
20260507_081510_XVMJJJ_005_f000015.jpg,1
20260507_081510_XVMJJJ_005_f000120.jpg,1
20260507_081510_XVMJJJ_005_f000360.jpg,1
20260507_081510_XVMJJJ_005_f000450.jpg,1
20260507_081510_XVMJJJ_005_f000600.jpg,1
20260507_081510_XVMJJJ_005_f000660.jpg,1
20260507_081510_XVMJJJ_005_f000780.jpg,1
20260507_081510_XVMJJJ_005_f000930.jpg,1
20260507_081510_XVMJJJ_005_f000990.jpg,1
20260507_081510_XVMJJJ_005_f001065.jpg,1
20260507_081510_XVMJJJ_005_f001185.jpg,1
20260507_081510_XVMJJJ_005_f001485.jpg,1
20260507_081510_XVMJJJ_005_f001575.jpg,1
20260507_081510_XVMJJJ_005_f001635.jpg,1
20260507_081510_XVMJJJ_005_f002040.jpg,1
20260507_081510_XVMJJJ_005_f002235.jpg,1
20260507_081510_XVMJJJ_005_f002475.jpg,1
20260507_081510_XVMJJJ_005_f002595.jpg,1
20260507_081510_XVMJJJ_005_f003135.jpg,1
20260507_081510_XVMJJJ_005_f003255.jpg,1
20260507_081510_XVMJJJ_005_f003315.jpg,1
20260507_081510_XVMJJJ_005_f004980.jpg,1
20260507_081510_XVMJJJ_005_f005775.jpg,1
20260507_081510_XVMJJJ_005_f005880.jpg,1
20260507_081510_XVMJJJ_005_f009405.jpg,1
20260507_081510_XVMJJJ_009_f000795.jpg,1
20260507_081510_XVMJJJ_009_f000870.jpg,1
20260507_081510_XVMJJJ_009_f000945.jpg,1
20260507_081510_XVMJJJ_009_f001140.jpg,1
20260507_081510_XVMJJJ_009_f001410.jpg,1
20260507_081510_XVMJJJ_009_f010710.jpg,1
20260507_081510_XVMJJJ_015_f001440.jpg,1
20260507_081510_XVMJJJ_015_f003855.jpg,1
20260507_081510_XVMJJJ_015_f005160.jpg,1
20260507_081510_XVMJJJ_015_f006060.jpg,1
20260507_081510_XVMJJJ_015_f006960.jpg,1
20260507_081510_XVMJJJ_015_f007740.jpg,1
20260507_081510_XVMJJJ_015_f007935.jpg,1
20260507_081510_XVMJJJ_015_f009030.jpg,1
20260507_081510_XVMJJJ_015_f009105.jpg,1
20260507_081510_XVMJJJ_015_f009300.jpg,1
20260507_081510_XVMJJJ_015_f009495.jpg,1
20260507_081510_XVMJJJ_015_f009870.jpg,1
20260507_081510_XVMJJJ_015_f010470.jpg,1
20260507_081510_XVMJJJ_015_f010965.jpg,1
20260507_081510_XVMJJJ_015_f011025.jpg,1
20260507_081713_ZASMZN_000_f000000.jpg,1
20260507_081713_ZASMZN_000_f000075.jpg,1
20260507_081713_ZASMZN_000_f000135.jpg,1
20260507_081713_ZASMZN_000_f000210.jpg,1
20260507_081713_ZASMZN_000_f000270.jpg,1
20260507_081713_ZASMZN_000_f000375.jpg,1
20260507_081713_ZASMZN_000_f000450.jpg,1
20260507_081713_ZASMZN_000_f000510.jpg,1
20260507_081713_ZASMZN_000_f000645.jpg,1
20260507_081713_ZASMZN_000_f000705.jpg,1
20260507_081713_ZASMZN_000_f000795.jpg,1
20260507_081713_ZASMZN_000_f000870.jpg,1
20260507_081713_ZASMZN_000_f000930.jpg,1
20260507_081713_ZASMZN_000_f001035.jpg,1
20260507_081713_ZASMZN_000_f001125.jpg,1
20260507_081713_ZASMZN_000_f001245.jpg,1
20260507_081713_ZASMZN_000_f001305.jpg,1
20260507_081713_ZASMZN_000_f001365.jpg,1
20260507_081713_ZASMZN_000_f001575.jpg,1
20260507_081713_ZASMZN_000_f001635.jpg,1
20260507_082555_RZEQJF_001_f000495.jpg,1
20260507_082555_RZEQJF_001_f000555.jpg,1
20260507_082555_RZEQJF_001_f000615.jpg,1
20260507_082555_RZEQJF_001_f000675.jpg,1
20260507_082555_RZEQJF_001_f003450.jpg,1
20260507_082555_RZEQJF_001_f005580.jpg,1
20260507_082555_RZEQJF_001_f006450.jpg,1
20260507_082555_RZEQJF_001_f006855.jpg,1
20260507_082555_RZEQJF_001_f008115.jpg,1
20260507_082555_RZEQJF_001_f008220.jpg,1
20260507_082555_RZEQJF_001_f008595.jpg,1
20260507_082555_RZEQJF_001_f009105.jpg,1
20260507_082555_RZEQJF_002_f000345.jpg,1
20260507_082555_RZEQJF_002_f001215.jpg,1
20260507_082555_RZEQJF_002_f001350.jpg,1
20260507_082555_RZEQJF_002_f001410.jpg,1
20260507_082555_RZEQJF_002_f001635.jpg,1
20260507_082555_RZEQJF_002_f001755.jpg,1
20260507_082555_RZEQJF_002_f001815.jpg,1
20260507_082555_RZEQJF_002_f007260.jpg,1
20260507_082555_RZEQJF_002_f007875.jpg,1
20260507_082555_RZEQJF_002_f010800.jpg,1
20260507_082555_RZEQJF_002_f010890.jpg,1
20260507_082555_RZEQJF_003_f000015.jpg,1
20260507_082555_RZEQJF_003_f000075.jpg,1
20260507_082555_RZEQJF_003_f000135.jpg,1
20260507_082555_RZEQJF_003_f000210.jpg,1
20260507_082555_RZEQJF_003_f000285.jpg,1
20260507_082555_RZEQJF_003_f000450.jpg,1
20260507_082555_RZEQJF_003_f000600.jpg,1
20260507_082555_RZEQJF_003_f000690.jpg,1
20260507_082555_RZEQJF_003_f000870.jpg,1
20260507_082555_RZEQJF_003_f001425.jpg,1
20260507_082555_RZEQJF_003_f001545.jpg,1
20260507_082555_RZEQJF_003_f001725.jpg,1
20260507_082555_RZEQJF_003_f002040.jpg,1
20260507_082555_RZEQJF_003_f002160.jpg,1
20260507_082555_RZEQJF_003_f002460.jpg,1
20260507_082555_RZEQJF_003_f002595.jpg,1
20260507_082555_RZEQJF_003_f002685.jpg,1
20260507_082555_RZEQJF_003_f002790.jpg,1
20260507_082555_RZEQJF_003_f003045.jpg,1
20260507_082555_RZEQJF_003_f003270.jpg,1
20260507_082555_RZEQJF_003_f003330.jpg,1
20260507_082555_RZEQJF_003_f003510.jpg,1
20260507_082555_RZEQJF_003_f003585.jpg,1
20260507_082555_RZEQJF_003_f004230.jpg,1
20260507_082555_RZEQJF_003_f004425.jpg,1
20260507_082555_RZEQJF_003_f004590.jpg,1
20260507_082555_RZEQJF_003_f004665.jpg,1
20260507_082555_RZEQJF_003_f005355.jpg,1
20260507_082555_RZEQJF_003_f005445.jpg,1
20260507_082555_RZEQJF_003_f005520.jpg,1
20260507_082555_RZEQJF_003_f005715.jpg,1
20260507_082555_RZEQJF_003_f006375.jpg,1
20260507_082555_RZEQJF_003_f007380.jpg,1
20260507_082555_RZEQJF_003_f007980.jpg,1
20260507_082555_RZEQJF_003_f009270.jpg,1
20260507_082555_RZEQJF_003_f009495.jpg,1
20260507_082555_RZEQJF_003_f010005.jpg,1
20260507_082732_QLYMCZ_004_f001365.jpg,1
20260507_082732_QLYMCZ_004_f001560.jpg,1
20260507_082732_QLYMCZ_004_f001650.jpg,1
20260507_082732_QLYMCZ_004_f002055.jpg,1
20260507_082732_QLYMCZ_004_f002160.jpg,1
20260507_082732_QLYMCZ_004_f002505.jpg,1
20260507_082732_QLYMCZ_004_f002745.jpg,1
20260507_082732_QLYMCZ_004_f003135.jpg,1
20260507_082732_QLYMCZ_004_f004710.jpg,1
20260507_082732_QLYMCZ_004_f004770.jpg,1
20260507_082732_QLYMCZ_004_f004830.jpg,1
20260507_082732_QLYMCZ_004_f004890.jpg,1
20260507_082732_QLYMCZ_004_f004980.jpg,1
20260507_082732_QLYMCZ_004_f005250.jpg,1
20260507_082732_QLYMCZ_004_f005355.jpg,1
20260507_082732_QLYMCZ_004_f005505.jpg,1
20260507_082732_QLYMCZ_004_f005670.jpg,1
20260507_082732_QLYMCZ_004_f005940.jpg,1
20260507_082732_QLYMCZ_004_f006045.jpg,1
20260507_082732_QLYMCZ_004_f006135.jpg,1
20260507_082732_QLYMCZ_004_f006240.jpg,1
20260507_082732_QLYMCZ_004_f006345.jpg,1
20260507_082732_QLYMCZ_004_f006450.jpg,1
20260507_082732_QLYMCZ_004_f006780.jpg,1
20260507_082732_QLYMCZ_004_f006855.jpg,1
20260507_082732_QLYMCZ_004_f006930.jpg,1
20260507_082732_QLYMCZ_004_f007020.jpg,1
20260507_082732_QLYMCZ_004_f007335.jpg,1
20260507_082732_QLYMCZ_004_f007515.jpg,1
20260507_082732_QLYMCZ_004_f007650.jpg,1
20260507_082732_QLYMCZ_004_f007725.jpg,1
20260507_082732_QLYMCZ_004_f008655.jpg,1
20260507_082732_QLYMCZ_004_f008985.jpg,1
20260507_082732_QLYMCZ_004_f009060.jpg,1
20260507_082732_QLYMCZ_005_f000165.jpg,1
20260507_082732_QLYMCZ_005_f000270.jpg,1
20260507_082732_QLYMCZ_005_f000345.jpg,1
20260507_082732_QLYMCZ_005_f000405.jpg,1
20260507_082732_QLYMCZ_005_f000465.jpg,1
20260507_082732_QLYMCZ_005_f000660.jpg,1
20260507_082732_QLYMCZ_005_f000750.jpg,1
20260507_082732_QLYMCZ_005_f000840.jpg,1
20260507_082732_QLYMCZ_005_f000900.jpg,1
20260507_082732_QLYMCZ_005_f001020.jpg,1
20260507_082732_QLYMCZ_005_f003405.jpg,1
20260507_082732_QLYMCZ_005_f003795.jpg,1
20260507_082732_QLYMCZ_005_f004650.jpg,1
20260507_082732_QLYMCZ_005_f005385.jpg,1
20260507_082732_QLYMCZ_005_f005445.jpg,1
20260507_082732_QLYMCZ_005_f008445.jpg,1
20260507_082732_QLYMCZ_005_f008535.jpg,1
20260507_082732_QLYMCZ_005_f009690.jpg,1
20260507_082732_QLYMCZ_005_f010185.jpg,1
20260507_082732_QLYMCZ_010_f000015.jpg,1
20260507_082732_QLYMCZ_010_f000270.jpg,1
20260507_082732_QLYMCZ_010_f000720.jpg,1
20260507_082732_QLYMCZ_010_f000960.jpg,1
20260507_082732_QLYMCZ_010_f001095.jpg,1
20260507_082732_QLYMCZ_010_f004920.jpg,1
20260507_082732_QLYMCZ_010_f006750.jpg,1
20260507_082851_UKDMGD_001_f000195.jpg,1
20260507_082851_UKDMGD_001_f000330.jpg,1
20260507_082851_UKDMGD_001_f001095.jpg,1
20260507_082851_UKDMGD_001_f001185.jpg,1
20260507_082851_UKDMGD_001_f001245.jpg,1
20260507_082851_UKDMGD_001_f001305.jpg,1
20260507_082851_UKDMGD_001_f002805.jpg,1
20260507_082851_UKDMGD_001_f003315.jpg,1
20260507_082851_UKDMGD_001_f003375.jpg,1
20260507_082851_UKDMGD_001_f003435.jpg,1
20260507_082851_UKDMGD_001_f003510.jpg,1
20260507_082851_UKDMGD_001_f003615.jpg,1
20260507_082851_UKDMGD_001_f003795.jpg,1
20260507_082851_UKDMGD_001_f003870.jpg,1
20260507_082851_UKDMGD_001_f003930.jpg,1
20260507_082851_UKDMGD_001_f004170.jpg,1
20260507_082851_UKDMGD_001_f004230.jpg,1
20260507_082851_UKDMGD_001_f004680.jpg,1
20260507_082851_UKDMGD_001_f005010.jpg,1
20260507_082851_UKDMGD_001_f005520.jpg,1
20260507_082851_UKDMGD_001_f005580.jpg,1
20260507_082851_UKDMGD_001_f006315.jpg,1
20260507_082851_UKDMGD_001_f006390.jpg,1
20260507_082851_UKDMGD_001_f006810.jpg,1
20260507_082851_UKDMGD_001_f010290.jpg,1
20260507_082851_UKDMGD_001_f010875.jpg,1
20260507_082851_UKDMGD_001_f011130.jpg,1
20260507_082851_UKDMGD_002_f003615.jpg,1
20260507_082851_UKDMGD_002_f003810.jpg,1
20260507_082851_UKDMGD_002_f005025.jpg,1
20260507_082851_UKDMGD_002_f005400.jpg,1
20260507_082851_UKDMGD_002_f005460.jpg,1
20260507_082851_UKDMGD_002_f005670.jpg,1
20260507_082851_UKDMGD_002_f005895.jpg,1
20260507_082851_UKDMGD_002_f006075.jpg,1
20260507_082851_UKDMGD_002_f006135.jpg,1
20260507_082851_UKDMGD_002_f006195.jpg,1
20260507_082851_UKDMGD_002_f006255.jpg,1
20260507_082851_UKDMGD_002_f006375.jpg,1
20260507_082851_UKDMGD_002_f006600.jpg,1
20260507_082851_UKDMGD_002_f006720.jpg,1
20260507_082851_UKDMGD_002_f006780.jpg,1
20260507_082851_UKDMGD_002_f006840.jpg,1
20260507_082851_UKDMGD_002_f007125.jpg,1
20260507_082851_UKDMGD_002_f007185.jpg,1
20260507_082851_UKDMGD_002_f007305.jpg,1
20260507_082851_UKDMGD_002_f007425.jpg,1
20260507_082851_UKDMGD_002_f007815.jpg,1
20260507_082851_UKDMGD_002_f007965.jpg,1
20260507_082851_UKDMGD_002_f008070.jpg,1
20260507_082851_UKDMGD_002_f008130.jpg,1
20260507_082851_UKDMGD_002_f008415.jpg,1
20260507_082851_UKDMGD_002_f008475.jpg,1
20260507_082851_UKDMGD_002_f008565.jpg,1
20260507_082851_UKDMGD_002_f008730.jpg,1
20260507_082851_UKDMGD_002_f009135.jpg,1
20260507_082851_UKDMGD_005_f000030.jpg,1
20260507_082851_UKDMGD_005_f000150.jpg,1
20260507_082851_UKDMGD_005_f000570.jpg,1
20260507_082851_UKDMGD_005_f002235.jpg,1
20260507_092826_TSMLMX_001_f000000.jpg,1
20260507_092826_TSMLMX_001_f000240.jpg,1
20260507_092826_TSMLMX_001_f000300.jpg,1
20260507_092826_TSMLMX_001_f000390.jpg,1
20260507_092826_TSMLMX_001_f000645.jpg,1
20260507_092826_TSMLMX_001_f000780.jpg,1
20260507_092826_TSMLMX_001_f000870.jpg,1
20260507_092826_TSMLMX_001_f001005.jpg,1
20260507_093624_FYNTDA_001_f000690.jpg,1
20260507_093624_FYNTDA_001_f000750.jpg,1
20260507_093624_FYNTDA_001_f000960.jpg,1
20260507_093624_FYNTDA_001_f001170.jpg,1
20260507_093624_FYNTDA_001_f001455.jpg,1
20260507_093624_FYNTDA_001_f001695.jpg,1
20260507_093624_FYNTDA_001_f002655.jpg,1
20260507_093624_FYNTDA_001_f002745.jpg,1
20260507_093624_FYNTDA_001_f003120.jpg,1
20260507_093624_FYNTDA_001_f003270.jpg,1
20260507_093624_FYNTDA_001_f003360.jpg,1
20260507_093624_FYNTDA_001_f003555.jpg,1
20260507_093624_FYNTDA_001_f006075.jpg,1
20260507_093624_FYNTDA_001_f006330.jpg,1
20260507_093624_FYNTDA_001_f006855.jpg,1
20260507_093624_FYNTDA_001_f006915.jpg,1
20260507_093624_FYNTDA_001_f006975.jpg,1
20260507_093624_FYNTDA_001_f007185.jpg,1
20260507_093624_FYNTDA_001_f008280.jpg,1
20260507_093624_FYNTDA_001_f010740.jpg,1
20260507_093624_FYNTDA_001_f010845.jpg,1
20260507_093624_FYNTDA_001_f010995.jpg,1
20260507_093716_NMGFKF_001_f000195.jpg,1
20260507_093716_NMGFKF_001_f000255.jpg,1
20260507_093716_NMGFKF_001_f000720.jpg,1
20260507_093716_NMGFKF_001_f000780.jpg,1
20260507_093716_NMGFKF_001_f001245.jpg,1
20260507_093716_NMGFKF_001_f001545.jpg,1
20260507_093716_NMGFKF_001_f001605.jpg,1
20260507_093716_NMGFKF_001_f001965.jpg,1
20260507_093716_NMGFKF_001_f002025.jpg,1
20260507_093716_NMGFKF_001_f002190.jpg,1
20260507_093716_NMGFKF_001_f002310.jpg,1
20260507_093716_NMGFKF_001_f002385.jpg,1
20260507_093716_NMGFKF_001_f002550.jpg,1
20260507_093716_NMGFKF_001_f002625.jpg,1
20260507_093716_NMGFKF_001_f002685.jpg,1
20260507_093716_NMGFKF_001_f002760.jpg,1
20260507_093716_NMGFKF_001_f003120.jpg,1
20260507_093716_NMGFKF_001_f003240.jpg,1
20260507_093716_NMGFKF_001_f003315.jpg,1
20260507_093716_NMGFKF_001_f003420.jpg,1
20260507_093716_NMGFKF_001_f003555.jpg,1
20260507_093716_NMGFKF_001_f003780.jpg,1
20260507_093716_NMGFKF_001_f003840.jpg,1
20260507_093716_NMGFKF_001_f004065.jpg,1
20260507_093716_NMGFKF_001_f004125.jpg,1
20260507_093716_NMGFKF_001_f004500.jpg,1
20260507_093716_NMGFKF_001_f004560.jpg,1
20260507_093716_NMGFKF_001_f004635.jpg,1
20260507_093716_NMGFKF_001_f004710.jpg,1
20260507_093716_NMGFKF_001_f005145.jpg,1
20260507_093716_NMGFKF_001_f005295.jpg,1
20260507_093716_NMGFKF_003_f001065.jpg,1
20260507_093716_NMGFKF_003_f001725.jpg,1
20260507_093716_NMGFKF_003_f001830.jpg,1
20260507_093716_NMGFKF_003_f007530.jpg,1
20260507_093716_NMGFKF_003_f010125.jpg,1
20260507_093716_NMGFKF_003_f010185.jpg,1
20260508_012833_ADPLHN_000_f000015.jpg,1
20260508_012833_ADPLHN_000_f000075.jpg,1
20260508_012833_ADPLHN_000_f000135.jpg,1
20260508_012833_ADPLHN_000_f000195.jpg,1
20260508_012833_ADPLHN_000_f000255.jpg,1
20260508_012833_ADPLHN_000_f000345.jpg,1
20260508_012833_ADPLHN_000_f000405.jpg,1
20260508_012833_ADPLHN_000_f000465.jpg,1
20260508_012833_ADPLHN_000_f001410.jpg,1
20260508_012833_ADPLHN_000_f001545.jpg,1
20260508_012833_ADPLHN_000_f001800.jpg,1
20260508_012833_ADPLHN_000_f001860.jpg,1
20260508_012833_ADPLHN_000_f001920.jpg,1
20260508_012833_ADPLHN_000_f002745.jpg,1
20260508_012833_ADPLHN_000_f003660.jpg,1
20260508_012833_ADPLHN_000_f004215.jpg,1
20260508_012833_ADPLHN_000_f004320.jpg,1
20260508_012833_ADPLHN_000_f005580.jpg,1
20260508_012833_ADPLHN_000_f005640.jpg,1
20260508_012833_ADPLHN_000_f005850.jpg,1
20260508_012833_ADPLHN_000_f006225.jpg,1
20260508_012833_ADPLHN_000_f006360.jpg,1
20260508_012833_ADPLHN_000_f006465.jpg,1
20260508_012833_ADPLHN_000_f006570.jpg,1
20260508_012833_ADPLHN_000_f006630.jpg,1
20260508_012833_ADPLHN_000_f006795.jpg,1
20260508_012833_ADPLHN_000_f006945.jpg,1
20260508_012833_ADPLHN_000_f007095.jpg,1
20260508_012833_ADPLHN_000_f007230.jpg,1
20260508_012833_ADPLHN_000_f007335.jpg,1
20260508_012833_ADPLHN_000_f007725.jpg,1
20260508_012833_ADPLHN_000_f007965.jpg,1
20260508_012833_ADPLHN_000_f008085.jpg,1
20260508_012833_ADPLHN_000_f008220.jpg,1
20260508_012833_ADPLHN_002_f000015.jpg,1
20260508_012833_ADPLHN_002_f000195.jpg,1
20260508_012833_ADPLHN_002_f000300.jpg,1
20260508_012833_ADPLHN_002_f000480.jpg,1
20260508_012833_ADPLHN_002_f000615.jpg,1
20260508_012833_ADPLHN_002_f000705.jpg,1
20260508_012833_ADPLHN_002_f000825.jpg,1
20260508_012833_ADPLHN_002_f000930.jpg,1
20260508_012833_ADPLHN_002_f001020.jpg,1
20260508_012833_ADPLHN_002_f001080.jpg,1
20260508_012833_ADPLHN_002_f001140.jpg,1
20260508_012833_ADPLHN_002_f001200.jpg,1
20260508_012833_ADPLHN_002_f001425.jpg,1
20260508_012833_ADPLHN_002_f001485.jpg,1
20260508_012833_ADPLHN_002_f001545.jpg,1
20260508_012833_ADPLHN_002_f001920.jpg,1
20260508_012833_ADPLHN_002_f001995.jpg,1
20260508_012833_ADPLHN_002_f002055.jpg,1
20260508_012833_ADPLHN_002_f002505.jpg,1
20260508_012833_ADPLHN_002_f003030.jpg,1
20260508_012833_ADPLHN_002_f003645.jpg,1
20260508_012833_ADPLHN_002_f003735.jpg,1
20260508_012833_ADPLHN_002_f006420.jpg,1
20260508_012833_ADPLHN_004_f000510.jpg,1
20260508_012833_ADPLHN_004_f000570.jpg,1
20260508_012833_ADPLHN_004_f003765.jpg,1
20260508_013850_UQUCAQ_000_f000360.jpg,1
20260508_013850_UQUCAQ_000_f000465.jpg,1
20260508_013850_UQUCAQ_000_f000525.jpg,1
20260508_013850_UQUCAQ_000_f000615.jpg,1
20260508_013850_UQUCAQ_000_f000825.jpg,1
20260508_013850_UQUCAQ_000_f001005.jpg,1
20260508_013850_UQUCAQ_000_f001065.jpg,1
20260508_013850_UQUCAQ_000_f001125.jpg,1
20260508_013850_UQUCAQ_000_f001485.jpg,1
20260508_013850_UQUCAQ_000_f001725.jpg,1
20260508_013850_UQUCAQ_000_f002445.jpg,1
20260508_013850_UQUCAQ_000_f002505.jpg,1
20260508_013850_UQUCAQ_000_f002580.jpg,1
20260508_013850_UQUCAQ_000_f003060.jpg,1
20260508_013850_UQUCAQ_000_f003360.jpg,1
20260508_013850_UQUCAQ_000_f003420.jpg,1
20260508_013850_UQUCAQ_000_f004275.jpg,1
20260508_013850_UQUCAQ_000_f004350.jpg,1
20260508_013850_UQUCAQ_003_f000105.jpg,1
20260508_013850_UQUCAQ_003_f000225.jpg,1
20260508_013850_UQUCAQ_003_f000330.jpg,1
20260508_013850_UQUCAQ_003_f001080.jpg,1
20260508_013850_UQUCAQ_003_f001260.jpg,1
20260508_013850_UQUCAQ_003_f001395.jpg,1
20260508_013850_UQUCAQ_003_f001485.jpg,1
20260508_013850_UQUCAQ_003_f001605.jpg,1
20260508_013850_UQUCAQ_003_f001665.jpg,1
20260508_013850_UQUCAQ_003_f001770.jpg,1
20260508_013850_UQUCAQ_003_f001845.jpg,1
20260508_013850_UQUCAQ_003_f001905.jpg,1
20260508_013850_UQUCAQ_003_f001965.jpg,1
20260508_013850_UQUCAQ_003_f002025.jpg,1
20260508_013850_UQUCAQ_003_f002085.jpg,1
20260508_013850_UQUCAQ_003_f002250.jpg,1
20260508_014028_XDPFZR_000_f000135.jpg,1
20260508_014028_XDPFZR_000_f000195.jpg,1
20260508_014028_XDPFZR_000_f000285.jpg,1
20260508_014028_XDPFZR_000_f000870.jpg,1
20260508_014028_XDPFZR_000_f000960.jpg,1
20260508_014028_XDPFZR_000_f001035.jpg,1
20260508_014028_XDPFZR_000_f001095.jpg,1
20260508_014028_XDPFZR_000_f001200.jpg,1
20260508_014028_XDPFZR_000_f001275.jpg,1
20260508_014028_XDPFZR_000_f001365.jpg,1
20260508_014028_XDPFZR_000_f001440.jpg,1
20260508_014028_XDPFZR_000_f001515.jpg,1
20260508_014028_XDPFZR_000_f001575.jpg,1
20260508_014028_XDPFZR_000_f001635.jpg,1
20260508_014028_XDPFZR_000_f002025.jpg,1
20260508_014028_XDPFZR_000_f002295.jpg,1
20260508_014028_XDPFZR_000_f002475.jpg,1
20260508_014028_XDPFZR_000_f002595.jpg,1
20260508_014028_XDPFZR_000_f002730.jpg,1
20260508_014028_XDPFZR_000_f006825.jpg,1
20260508_014028_XDPFZR_000_f007365.jpg,1
20260508_014028_XDPFZR_000_f007560.jpg,1
20260508_014028_XDPFZR_000_f010665.jpg,1
20260508_014028_XDPFZR_000_f010845.jpg,1
20260508_014028_XDPFZR_003_f000720.jpg,1
20260508_014028_XDPFZR_003_f001995.jpg,1
20260508_014028_XDPFZR_003_f002055.jpg,1
20260508_014028_XDPFZR_003_f002115.jpg,1
20260508_014028_XDPFZR_003_f002415.jpg,1
20260508_014028_XDPFZR_003_f002520.jpg,1
20260508_014028_XDPFZR_003_f002595.jpg,1
20260508_014028_XDPFZR_003_f002685.jpg,1
20260508_014028_XDPFZR_003_f005580.jpg,1
20260508_014028_XDPFZR_003_f005760.jpg,1
20260508_014028_XDPFZR_003_f005865.jpg,1
20260508_014028_XDPFZR_003_f005925.jpg,1
20260508_014028_XDPFZR_003_f005985.jpg,1
20260508_014028_XDPFZR_003_f006060.jpg,1
20260508_014028_XDPFZR_003_f006150.jpg,1
20260508_014028_XDPFZR_003_f006210.jpg,1
20260508_014028_XDPFZR_003_f006270.jpg,1
20260508_014028_XDPFZR_003_f006330.jpg,1
20260508_014028_XDPFZR_011_f000015.jpg,1
20260508_014028_XDPFZR_011_f000075.jpg,1
20260508_014028_XDPFZR_011_f000135.jpg,1
20260508_014028_XDPFZR_011_f000255.jpg,1
20260508_014028_XDPFZR_011_f000330.jpg,1
20260508_014028_XDPFZR_011_f000585.jpg,1
20260508_014028_XDPFZR_011_f002445.jpg,1
20260508_014028_XDPFZR_011_f003030.jpg,1
20260508_014028_XDPFZR_011_f003675.jpg,1
20260508_014028_XDPFZR_011_f004095.jpg,1
20260508_014028_XDPFZR_011_f004650.jpg,1
20260508_014028_XDPFZR_011_f005175.jpg,1
20260508_014028_XDPFZR_011_f005235.jpg,1
20260508_014028_XDPFZR_011_f005520.jpg,1
20260508_014028_XDPFZR_011_f005910.jpg,1
20260508_014028_XDPFZR_011_f007155.jpg,1
20260508_014028_XDPFZR_011_f007260.jpg,1
20260508_014028_XDPFZR_011_f009300.jpg,1
20260508_020413_CWHKYZ_002_f000315.jpg,1
20260508_020413_CWHKYZ_002_f000375.jpg,1
20260508_020413_CWHKYZ_002_f000480.jpg,1
20260508_020413_CWHKYZ_002_f000810.jpg,1
20260508_020413_CWHKYZ_002_f001020.jpg,1
20260508_020413_CWHKYZ_002_f001125.jpg,1
20260508_020413_CWHKYZ_002_f001695.jpg,1
20260508_020413_CWHKYZ_002_f001815.jpg,1
20260508_020413_CWHKYZ_002_f002475.jpg,1
20260508_020413_CWHKYZ_002_f003210.jpg,1
20260508_020413_CWHKYZ_002_f003285.jpg,1
20260508_020413_CWHKYZ_002_f003375.jpg,1
20260508_020413_CWHKYZ_002_f003705.jpg,1
20260508_020413_CWHKYZ_002_f003765.jpg,1
20260508_020413_CWHKYZ_002_f006135.jpg,1
20260508_020413_CWHKYZ_002_f006870.jpg,1
20260508_020413_CWHKYZ_002_f006930.jpg,1
20260508_020413_CWHKYZ_002_f007185.jpg,1
20260508_020413_CWHKYZ_002_f008160.jpg,1
20260508_020413_CWHKYZ_002_f008895.jpg,1
20260508_020413_CWHKYZ_002_f009120.jpg,1
20260508_020413_CWHKYZ_002_f009450.jpg,1
20260508_020413_CWHKYZ_002_f009780.jpg,1
20260508_020413_CWHKYZ_002_f010365.jpg,1
20260508_020413_CWHKYZ_002_f010965.jpg,1
20260508_020413_CWHKYZ_004_f000210.jpg,1
20260508_020413_CWHKYZ_004_f000660.jpg,1
20260508_020413_CWHKYZ_004_f000735.jpg,1
20260508_020413_CWHKYZ_004_f001530.jpg,1
20260508_020413_CWHKYZ_004_f001740.jpg,1
20260508_020413_CWHKYZ_004_f001815.jpg,1
20260508_020413_CWHKYZ_004_f003990.jpg,1
20260508_020413_CWHKYZ_004_f004635.jpg,1
20260508_020413_CWHKYZ_004_f004740.jpg,1
20260508_020413_CWHKYZ_004_f005310.jpg,1
20260508_020413_CWHKYZ_004_f005985.jpg,1
20260508_020413_CWHKYZ_004_f007485.jpg,1
20260508_020413_CWHKYZ_004_f008385.jpg,1
20260508_020413_CWHKYZ_004_f008505.jpg,1
20260508_020413_CWHKYZ_004_f008805.jpg,1
20260508_020413_CWHKYZ_004_f009150.jpg,1
20260508_020413_CWHKYZ_004_f009255.jpg,1
20260508_020413_CWHKYZ_004_f010260.jpg,1
20260508_021048_HZDCHM_000_f000420.jpg,1
20260508_021048_HZDCHM_000_f000885.jpg,1
20260508_021048_HZDCHM_000_f001245.jpg,1
20260508_021048_HZDCHM_000_f003690.jpg,1
20260508_021048_HZDCHM_000_f004110.jpg,1
20260508_021048_HZDCHM_000_f004560.jpg,1
20260508_021048_HZDCHM_000_f005400.jpg,1
20260508_021048_HZDCHM_000_f006375.jpg,1
20260508_021048_HZDCHM_000_f006450.jpg,1
20260508_021048_HZDCHM_000_f006570.jpg,1
20260508_021048_HZDCHM_000_f006915.jpg,1
20260508_021048_HZDCHM_000_f007740.jpg,1
20260508_021048_HZDCHM_000_f007800.jpg,1
20260508_021048_HZDCHM_000_f007860.jpg,1
20260508_021048_HZDCHM_000_f007950.jpg,1
20260508_021048_HZDCHM_000_f008070.jpg,1
20260508_021048_HZDCHM_000_f008235.jpg,1
20260508_021048_HZDCHM_000_f008325.jpg,1
20260508_021048_HZDCHM_000_f008400.jpg,1
20260508_021048_HZDCHM_000_f008475.jpg,1
20260508_021048_HZDCHM_000_f008610.jpg,1
20260508_021048_HZDCHM_000_f009030.jpg,1
20260508_021048_HZDCHM_000_f009150.jpg,1
20260508_021048_HZDCHM_000_f009540.jpg,1
20260508_021048_HZDCHM_002_f000555.jpg,1
20260508_021048_HZDCHM_002_f000735.jpg,1
20260508_021048_HZDCHM_002_f000795.jpg,1
20260508_021048_HZDCHM_002_f000855.jpg,1
20260508_021048_HZDCHM_002_f000975.jpg,1
20260508_021048_HZDCHM_002_f001035.jpg,1
20260508_021048_HZDCHM_002_f001230.jpg,1
20260508_021048_HZDCHM_002_f001350.jpg,1
20260508_021048_HZDCHM_002_f001770.jpg,1
20260508_021048_HZDCHM_002_f003480.jpg,1
20260508_021048_HZDCHM_002_f004845.jpg,1
20260508_021048_HZDCHM_002_f005385.jpg,1
20260508_021048_HZDCHM_002_f005445.jpg,1
20260508_021048_HZDCHM_002_f005520.jpg,1
20260508_021048_HZDCHM_002_f006255.jpg,1
20260508_021048_HZDCHM_002_f006630.jpg,1
20260508_021048_HZDCHM_002_f007770.jpg,1
20260508_021048_HZDCHM_002_f009330.jpg,1
20260508_021048_HZDCHM_003_f000135.jpg,1
20260508_021048_HZDCHM_003_f000195.jpg,1
20260508_021048_HZDCHM_003_f000255.jpg,1
20260508_021048_HZDCHM_003_f000345.jpg,1
20260508_021048_HZDCHM_003_f000465.jpg,1
20260508_021048_HZDCHM_003_f000690.jpg,1
20260508_021048_HZDCHM_003_f001455.jpg,1
20260508_021048_HZDCHM_003_f001560.jpg,1
20260508_021048_HZDCHM_003_f005640.jpg,1
20260508_021048_HZDCHM_003_f007695.jpg,1
20260508_021048_HZDCHM_003_f009900.jpg,1
20260508_021048_HZDCHM_003_f010605.jpg,1
20260508_021048_HZDCHM_003_f010665.jpg,1
20260508_025506_BVDHBA_000_f000150.jpg,1
20260508_025506_BVDHBA_000_f000225.jpg,1
20260508_025506_BVDHBA_000_f000405.jpg,1
20260508_025506_BVDHBA_000_f000630.jpg,1
20260508_025506_BVDHBA_000_f000750.jpg,1
20260508_025506_BVDHBA_000_f000840.jpg,1
20260508_025506_BVDHBA_000_f000915.jpg,1
20260508_025506_BVDHBA_000_f000990.jpg,1
20260508_025506_BVDHBA_000_f001065.jpg,1
20260508_025506_BVDHBA_000_f001125.jpg,1
20260508_025506_BVDHBA_000_f001215.jpg,1
20260508_025506_BVDHBA_000_f001350.jpg,1
20260508_025506_BVDHBA_000_f001410.jpg,1
20260508_025506_BVDHBA_000_f001620.jpg,1
20260508_025506_BVDHBA_000_f001980.jpg,1
20260508_025506_BVDHBA_000_f002115.jpg,1
20260508_025506_BVDHBA_000_f002220.jpg,1
20260508_025506_BVDHBA_000_f003390.jpg,1
20260508_025506_BVDHBA_000_f003525.jpg,1
20260508_025506_BVDHBA_000_f003915.jpg,1
20260508_025506_BVDHBA_000_f004305.jpg,1
20260508_025506_BVDHBA_000_f004395.jpg,1
20260508_025506_BVDHBA_000_f004755.jpg,1
20260508_025506_BVDHBA_000_f005070.jpg,1
20260508_025506_BVDHBA_000_f005190.jpg,1
20260508_025506_BVDHBA_000_f005370.jpg,1
20260508_025506_BVDHBA_000_f005760.jpg,1
20260508_025506_BVDHBA_000_f006075.jpg,1
20260508_025506_BVDHBA_000_f006300.jpg,1
20260508_025506_BVDHBA_000_f006615.jpg,1
20260508_025506_BVDHBA_000_f007275.jpg,1
20260508_025506_BVDHBA_000_f009480.jpg,1
20260508_025506_BVDHBA_001_f000270.jpg,1
20260508_025506_BVDHBA_001_f000360.jpg,1
20260508_025506_BVDHBA_001_f001095.jpg,1
20260508_025506_BVDHBA_001_f001170.jpg,1
20260508_025506_BVDHBA_001_f002715.jpg,1
20260508_025506_BVDHBA_001_f002865.jpg,1
20260508_025506_BVDHBA_001_f005070.jpg,1
20260508_025506_BVDHBA_001_f006540.jpg,1
20260508_025506_BVDHBA_001_f007545.jpg,1
20260508_025506_BVDHBA_001_f008025.jpg,1
20260508_025506_BVDHBA_001_f011115.jpg,1
20260508_025506_BVDHBA_002_f000465.jpg,1
20260508_025506_BVDHBA_002_f000600.jpg,1
20260508_025506_BVDHBA_002_f000795.jpg,1
20260508_025506_BVDHBA_002_f000960.jpg,1
20260508_025506_BVDHBA_002_f001125.jpg,1
20260508_025506_BVDHBA_002_f002190.jpg,1
20260508_025506_BVDHBA_002_f002445.jpg,1
20260508_025506_BVDHBA_002_f002550.jpg,1
20260508_025506_BVDHBA_002_f002955.jpg,1
20260508_025506_BVDHBA_002_f003855.jpg,1
20260508_025506_BVDHBA_002_f003975.jpg,1
20260508_025506_BVDHBA_002_f004155.jpg,1
20260508_025506_BVDHBA_002_f004560.jpg,1
20260508_025506_BVDHBA_002_f005145.jpg,1
20260508_025506_BVDHBA_002_f006690.jpg,1
20260508_025506_BVDHBA_002_f007320.jpg,1
20260508_025506_BVDHBA_002_f007635.jpg,1
20260508_062146_PJBTTV_011_f000120.jpg,1
20260508_062146_PJBTTV_011_f008145.jpg,1
20260508_062146_PJBTTV_011_f008775.jpg,1
20260508_062146_PJBTTV_011_f009900.jpg,1
20260508_062146_PJBTTV_011_f009960.jpg,1
20260508_062146_PJBTTV_011_f010665.jpg,1
20260508_062146_PJBTTV_027_f000060.jpg,1
20260508_062146_PJBTTV_027_f000135.jpg,1
20260508_062146_PJBTTV_027_f000270.jpg,1
20260508_062146_PJBTTV_027_f000360.jpg,1
20260508_062146_PJBTTV_027_f000420.jpg,1
20260508_062146_PJBTTV_027_f000480.jpg,1
20260508_062146_PJBTTV_027_f000690.jpg,1
20260508_062146_PJBTTV_027_f000975.jpg,1
20260508_062146_PJBTTV_027_f001065.jpg,1
20260508_062146_PJBTTV_027_f001125.jpg,1
20260508_062146_PJBTTV_027_f001230.jpg,1
20260508_062146_PJBTTV_027_f001470.jpg,1
20260508_062146_PJBTTV_027_f001545.jpg,1
20260508_062146_PJBTTV_027_f001710.jpg,1
20260508_062146_PJBTTV_027_f001875.jpg,1
20260508_062146_PJBTTV_027_f001950.jpg,1
20260508_062146_PJBTTV_027_f002010.jpg,1
20260508_062146_PJBTTV_027_f002385.jpg,1
20260508_062146_PJBTTV_027_f002655.jpg,1
20260508_062146_PJBTTV_027_f002715.jpg,1
20260508_062146_PJBTTV_027_f003060.jpg,1
20260508_062146_PJBTTV_027_f003225.jpg,1
20260508_062146_PJBTTV_027_f003855.jpg,1
20260508_062146_PJBTTV_027_f005775.jpg,1
20260508_062146_PJBTTV_027_f006570.jpg,1
20260508_062146_PJBTTV_027_f006630.jpg,1
20260508_062146_PJBTTV_027_f006690.jpg,1
20260508_062146_PJBTTV_027_f006765.jpg,1
20260508_062146_PJBTTV_027_f008115.jpg,1
20260508_062146_PJBTTV_027_f008625.jpg,1
20260508_062146_PJBTTV_027_f010320.jpg,1
20260508_062146_PJBTTV_031_f000015.jpg,1
20260508_062146_PJBTTV_031_f000135.jpg,1
20260508_062146_PJBTTV_031_f000360.jpg,1
20260508_062146_PJBTTV_031_f000555.jpg,1
20260508_062146_PJBTTV_031_f003270.jpg,1
20260508_062146_PJBTTV_031_f003495.jpg,1
20260508_062146_PJBTTV_031_f004035.jpg,1
20260508_062146_PJBTTV_031_f009345.jpg,1
20260508_062451_RERREC_005_f001395.jpg,1
20260508_062451_RERREC_005_f001665.jpg,1
20260508_062451_RERREC_005_f002490.jpg,1
20260508_062451_RERREC_005_f002880.jpg,1
20260508_062451_RERREC_005_f003210.jpg,1
20260508_062451_RERREC_005_f003270.jpg,1
20260508_062451_RERREC_005_f003330.jpg,1
20260508_062451_RERREC_005_f003390.jpg,1
20260508_062451_RERREC_005_f003570.jpg,1
20260508_062451_RERREC_005_f003720.jpg,1
20260508_062451_RERREC_005_f003990.jpg,1
20260508_062451_RERREC_005_f004110.jpg,1
20260508_062451_RERREC_005_f004845.jpg,1
20260508_062451_RERREC_005_f005130.jpg,1
20260508_062451_RERREC_005_f005250.jpg,1
20260508_062451_RERREC_005_f005475.jpg,1
20260508_062451_RERREC_005_f005595.jpg,1
20260508_062451_RERREC_005_f006255.jpg,1
20260508_062451_RERREC_005_f006450.jpg,1
20260508_062451_RERREC_005_f007095.jpg,1
20260508_062451_RERREC_005_f007155.jpg,1
20260508_062451_RERREC_005_f008160.jpg,1
20260508_062451_RERREC_005_f008295.jpg,1
20260508_062451_RERREC_005_f008355.jpg,1
20260508_062451_RERREC_010_f000495.jpg,1
20260508_062451_RERREC_010_f004305.jpg,1
20260508_062451_RERREC_010_f005625.jpg,1
20260508_062451_RERREC_010_f005685.jpg,1
20260508_062451_RERREC_010_f005865.jpg,1
20260508_062451_RERREC_010_f006075.jpg,1
20260508_062451_RERREC_010_f006450.jpg,1
20260508_062451_RERREC_012_f000015.jpg,1
20260508_062451_RERREC_012_f000105.jpg,1
20260508_062451_RERREC_012_f000435.jpg,1
20260508_062451_RERREC_012_f000555.jpg,1
20260508_062451_RERREC_012_f000630.jpg,1
20260508_062451_RERREC_012_f000705.jpg,1
20260508_062451_RERREC_012_f000825.jpg,1
20260508_062451_RERREC_012_f001335.jpg,1
20260508_062451_RERREC_012_f001500.jpg,1
20260508_062451_RERREC_012_f001620.jpg,1
20260508_062451_RERREC_012_f001680.jpg,1
20260508_062451_RERREC_012_f001800.jpg,1
20260508_062451_RERREC_012_f001920.jpg,1
20260508_062451_RERREC_012_f001980.jpg,1
20260508_062451_RERREC_012_f002040.jpg,1
20260508_062451_RERREC_012_f002100.jpg,1
20260508_062451_RERREC_012_f002205.jpg,1
20260508_062451_RERREC_012_f002265.jpg,1
20260508_062451_RERREC_012_f003180.jpg,1
20260508_062451_RERREC_012_f003255.jpg,1
20260508_062451_RERREC_012_f003345.jpg,1
20260508_062451_RERREC_012_f003450.jpg,1
20260508_062451_RERREC_012_f004170.jpg,1
20260508_062451_RERREC_012_f004725.jpg,1
20260508_062451_RERREC_012_f005865.jpg,1
20260508_062451_RERREC_012_f007365.jpg,1
20260508_062451_RERREC_012_f007575.jpg,1
20260508_062451_RERREC_012_f008505.jpg,1
20260508_062451_RERREC_012_f009330.jpg,1
20260508_062454_FTMFGM_010_f000060.jpg,1
20260508_062454_FTMFGM_010_f001320.jpg,1
20260508_062454_FTMFGM_010_f001410.jpg,1
20260508_062454_FTMFGM_010_f006585.jpg,1
20260508_062454_FTMFGM_010_f006765.jpg,1
20260508_062454_FTMFGM_010_f007905.jpg,1
20260508_062454_FTMFGM_010_f007965.jpg,1
20260508_062454_FTMFGM_010_f008085.jpg,1
20260508_062454_FTMFGM_010_f008145.jpg,1
20260508_062454_FTMFGM_010_f008550.jpg,1
20260508_062454_FTMFGM_010_f008865.jpg,1
20260508_062454_FTMFGM_010_f009015.jpg,1
20260508_062454_FTMFGM_010_f009345.jpg,1
20260508_062454_FTMFGM_010_f009675.jpg,1
20260508_062454_FTMFGM_010_f009795.jpg,1
20260508_062454_FTMFGM_010_f010065.jpg,1
20260508_062454_FTMFGM_010_f010245.jpg,1
20260508_062454_FTMFGM_010_f010305.jpg,1
20260508_062454_FTMFGM_010_f010620.jpg,1
20260508_062454_FTMFGM_012_f001035.jpg,1
20260508_062454_FTMFGM_012_f001095.jpg,1
20260508_062454_FTMFGM_012_f001590.jpg,1
20260508_062454_FTMFGM_012_f002295.jpg,1
20260508_062454_FTMFGM_012_f004590.jpg,1
20260508_062454_FTMFGM_012_f010095.jpg,1
20260508_062454_FTMFGM_026_f000195.jpg,1
20260508_062454_FTMFGM_026_f000270.jpg,1
20260508_062454_FTMFGM_026_f000435.jpg,1
20260508_062454_FTMFGM_026_f001575.jpg,1
20260508_062454_FTMFGM_026_f001635.jpg,1
20260508_062454_FTMFGM_026_f001755.jpg,1
20260508_062454_FTMFGM_026_f001815.jpg,1
20260508_062454_FTMFGM_026_f001995.jpg,1
20260508_062454_FTMFGM_026_f002610.jpg,1
20260508_062454_FTMFGM_026_f002760.jpg,1
20260508_062454_FTMFGM_026_f002820.jpg,1
20260508_062454_FTMFGM_026_f002895.jpg,1
20260508_062454_FTMFGM_026_f005250.jpg,1
20260508_062454_FTMFGM_026_f009615.jpg,1
20260508_062454_FTMFGM_026_f010110.jpg,1
20260508_062454_FTMFGM_026_f010275.jpg,1
20260508_062454_FTMFGM_026_f011025.jpg,1
20260508_062454_FTMFGM_026_f011145.jpg,1
20260508_062454_FTMFGM_027_f000780.jpg,1
20260508_062454_FTMFGM_027_f000840.jpg,1
20260508_062454_FTMFGM_027_f001110.jpg,1
20260508_062454_FTMFGM_027_f001470.jpg,1
20260508_062454_FTMFGM_027_f001635.jpg,1
20260508_062454_FTMFGM_027_f004575.jpg,1
20260508_062454_FTMFGM_027_f004950.jpg,1
20260508_062454_FTMFGM_027_f005370.jpg,1
20260508_062454_FTMFGM_027_f005925.jpg,1
20260508_062454_FTMFGM_027_f005985.jpg,1
20260508_062454_FTMFGM_027_f006120.jpg,1
20260508_062454_FTMFGM_027_f006315.jpg,1
20260508_062454_FTMFGM_027_f006615.jpg,1
20260508_062454_FTMFGM_027_f006675.jpg,1
20260508_062454_FTMFGM_027_f007815.jpg,1
20260508_062454_FTMFGM_027_f009345.jpg,1
20260508_062454_FTMFGM_027_f009555.jpg,1
20260508_062904_FAQMRC_003_f000075.jpg,1
20260508_062904_FAQMRC_003_f000165.jpg,1
20260508_062904_FAQMRC_003_f000225.jpg,1
20260508_062904_FAQMRC_003_f000645.jpg,1
20260508_062904_FAQMRC_003_f003060.jpg,1
20260508_062904_FAQMRC_003_f003555.jpg,1
20260508_062904_FAQMRC_003_f007170.jpg,1
20260508_062904_FAQMRC_003_f007425.jpg,1
20260508_062904_FAQMRC_003_f007515.jpg,1
20260508_062904_FAQMRC_003_f007575.jpg,1
20260508_062904_FAQMRC_004_f000210.jpg,1
20260508_062904_FAQMRC_004_f000270.jpg,1
20260508_062904_FAQMRC_004_f001290.jpg,1
20260508_062904_FAQMRC_004_f001350.jpg,1
20260508_062904_FAQMRC_004_f001515.jpg,1
20260508_062904_FAQMRC_004_f001590.jpg,1
20260508_062904_FAQMRC_004_f001785.jpg,1
20260508_062904_FAQMRC_004_f002730.jpg,1
20260508_062904_FAQMRC_004_f002805.jpg,1
20260508_062904_FAQMRC_004_f002865.jpg,1
20260508_062904_FAQMRC_004_f002925.jpg,1
20260508_062904_FAQMRC_004_f002985.jpg,1
20260508_062904_FAQMRC_004_f003060.jpg,1
20260508_062904_FAQMRC_004_f003390.jpg,1
20260508_062904_FAQMRC_004_f003615.jpg,1
20260508_062904_FAQMRC_004_f004200.jpg,1
20260508_062904_FAQMRC_004_f007935.jpg,1
20260508_062904_FAQMRC_004_f008250.jpg,1
20260508_062904_FAQMRC_004_f008805.jpg,1
20260508_062904_FAQMRC_004_f009015.jpg,1
20260508_062904_FAQMRC_004_f009990.jpg,1
20260508_062904_FAQMRC_004_f010245.jpg,1
20260508_062904_FAQMRC_005_f000180.jpg,1
20260508_062904_FAQMRC_005_f000315.jpg,1
20260508_062904_FAQMRC_005_f000450.jpg,1
20260508_062904_FAQMRC_005_f000510.jpg,1
20260508_062904_FAQMRC_005_f000570.jpg,1
20260508_062904_FAQMRC_005_f000675.jpg,1
20260508_062904_FAQMRC_005_f000975.jpg,1
20260508_062904_FAQMRC_005_f001305.jpg,1
20260508_062904_FAQMRC_005_f001395.jpg,1
20260508_062904_FAQMRC_005_f001455.jpg,1
20260508_062904_FAQMRC_005_f001845.jpg,1
20260508_062904_FAQMRC_005_f002685.jpg,1
20260508_062904_FAQMRC_005_f002925.jpg,1
20260508_062904_FAQMRC_005_f005025.jpg,1
20260508_062904_FAQMRC_005_f005115.jpg,1
20260508_062904_FAQMRC_005_f005325.jpg,1
20260508_062904_FAQMRC_005_f005715.jpg,1
20260508_062904_FAQMRC_005_f005895.jpg,1
20260508_062904_FAQMRC_005_f005985.jpg,1
20260508_062904_FAQMRC_005_f006045.jpg,1
20260508_062904_FAQMRC_005_f007950.jpg,1
20260508_062904_FAQMRC_005_f008820.jpg,1
20260508_062904_FAQMRC_005_f009105.jpg,1
20260508_062904_FAQMRC_005_f009930.jpg,1
20260508_062904_FAQMRC_005_f010095.jpg,1
20260508_062904_FAQMRC_005_f010215.jpg,1
20260508_062904_FAQMRC_005_f010275.jpg,1
20260508_062904_FAQMRC_005_f010860.jpg,1
20260508_063647_LZJNDX_002_f000420.jpg,1
20260508_063647_LZJNDX_002_f000510.jpg,1
20260508_063647_LZJNDX_002_f001170.jpg,1
20260508_063647_LZJNDX_002_f001470.jpg,1
20260508_063647_LZJNDX_002_f002040.jpg,1
20260508_063647_LZJNDX_002_f002565.jpg,1
20260508_063647_LZJNDX_002_f004845.jpg,1
20260508_063647_LZJNDX_002_f005325.jpg,1
20260508_063647_LZJNDX_002_f005415.jpg,1
20260508_063647_LZJNDX_002_f006210.jpg,1
20260508_063647_LZJNDX_002_f009600.jpg,1
20260508_063647_LZJNDX_002_f010125.jpg,1
20260508_063647_LZJNDX_002_f010485.jpg,1
20260508_063647_LZJNDX_002_f010785.jpg,1
20260508_063647_LZJNDX_002_f010890.jpg,1
20260508_063647_LZJNDX_003_f000780.jpg,1
20260508_063647_LZJNDX_003_f000990.jpg,1
20260508_063647_LZJNDX_003_f004215.jpg,1
20260508_063647_LZJNDX_003_f004275.jpg,1
20260508_063647_LZJNDX_003_f004695.jpg,1
20260508_063647_LZJNDX_003_f005280.jpg,1
20260508_063647_LZJNDX_003_f006870.jpg,1
20260508_063647_LZJNDX_003_f008535.jpg,1
20260508_063647_LZJNDX_003_f008760.jpg,1
20260508_063647_LZJNDX_003_f009645.jpg,1
20260508_063647_LZJNDX_004_f000225.jpg,1
20260508_063647_LZJNDX_004_f000570.jpg,1
20260508_063647_LZJNDX_004_f000675.jpg,1
20260508_063647_LZJNDX_004_f000975.jpg,1
20260508_063647_LZJNDX_004_f001050.jpg,1
20260508_063647_LZJNDX_004_f001125.jpg,1
20260508_063647_LZJNDX_004_f001545.jpg,1
20260508_063647_LZJNDX_004_f002325.jpg,1
20260508_063647_LZJNDX_004_f002715.jpg,1
20260508_063647_LZJNDX_004_f002775.jpg,1
20260508_063647_LZJNDX_004_f003285.jpg,1
20260508_063647_LZJNDX_004_f003885.jpg,1
20260508_063647_LZJNDX_004_f004380.jpg,1
20260508_063647_LZJNDX_004_f004440.jpg,1
20260508_063647_LZJNDX_004_f004695.jpg,1
20260508_063647_LZJNDX_004_f005895.jpg,1
20260508_063647_LZJNDX_004_f006000.jpg,1
20260508_063647_LZJNDX_004_f006105.jpg,1
20260508_063647_LZJNDX_004_f006165.jpg,1
20260508_063647_LZJNDX_004_f006240.jpg,1
20260508_063647_LZJNDX_004_f006345.jpg,1
20260508_063647_LZJNDX_004_f006405.jpg,1
20260508_063647_LZJNDX_004_f006495.jpg,1
20260508_063647_LZJNDX_004_f006885.jpg,1
20260508_063647_LZJNDX_004_f007200.jpg,1
20260508_063647_LZJNDX_004_f007275.jpg,1
20260508_063647_LZJNDX_004_f007950.jpg,1
20260508_063647_LZJNDX_004_f008205.jpg,1
20260508_063647_LZJNDX_004_f008625.jpg,1
20260509_004520_JAYAQZ_002_f001980.jpg,1
20260509_004520_JAYAQZ_002_f002280.jpg,1
20260509_004520_JAYAQZ_002_f002400.jpg,1
20260509_004520_JAYAQZ_002_f003750.jpg,1
20260509_004520_JAYAQZ_002_f003840.jpg,1
20260509_004520_JAYAQZ_006_f001305.jpg,1
20260509_004520_JAYAQZ_006_f011025.jpg,1
20260509_004520_JAYAQZ_012_f000030.jpg,1
20260509_004520_JAYAQZ_012_f000105.jpg,1
20260509_004520_JAYAQZ_012_f000210.jpg,1
20260509_004520_JAYAQZ_012_f000450.jpg,1
20260509_004520_JAYAQZ_012_f000540.jpg,1
20260509_004520_JAYAQZ_012_f000645.jpg,1
20260509_004520_JAYAQZ_012_f000960.jpg,1
20260509_004520_JAYAQZ_012_f001575.jpg,1
20260509_004520_JAYAQZ_012_f001650.jpg,1
20260509_004520_JAYAQZ_012_f002040.jpg,1
20260509_004520_JAYAQZ_012_f002370.jpg,1
20260509_004520_JAYAQZ_012_f002430.jpg,1
20260509_004520_JAYAQZ_012_f002580.jpg,1
20260509_004520_JAYAQZ_012_f003180.jpg,1
20260509_004520_JAYAQZ_012_f003525.jpg,1
20260509_004520_JAYAQZ_012_f003660.jpg,1
20260509_004520_JAYAQZ_012_f003720.jpg,1
20260509_004520_JAYAQZ_012_f003780.jpg,1
20260509_004520_JAYAQZ_012_f003840.jpg,1
20260509_004520_JAYAQZ_012_f004470.jpg,1
20260509_004520_JAYAQZ_012_f004845.jpg,1
20260509_004520_JAYAQZ_012_f005205.jpg,1
20260509_015004_VNGBGU_003_f009540.jpg,1
20260509_051710_PSSUDR_000_f003705.jpg,1
20260509_051710_PSSUDR_000_f010095.jpg,1
20260509_051710_PSSUDR_000_f010500.jpg,1
20260509_051710_PSSUDR_000_f010725.jpg,1
20260509_051710_PSSUDR_000_f010800.jpg,1
20260509_051710_PSSUDR_004_f000510.jpg,1
20260509_051710_PSSUDR_004_f001545.jpg,1
20260509_051710_PSSUDR_004_f002085.jpg,1
20260509_051710_PSSUDR_004_f002145.jpg,1
20260509_051710_PSSUDR_004_f002220.jpg,1
20260509_051710_PSSUDR_004_f002520.jpg,1
20260509_051710_PSSUDR_004_f002595.jpg,1
20260509_051710_PSSUDR_004_f002655.jpg,1
20260509_051710_PSSUDR_004_f002715.jpg,1
20260509_051710_PSSUDR_004_f002805.jpg,1
20260509_051710_PSSUDR_004_f002880.jpg,1
20260509_051710_PSSUDR_004_f003030.jpg,1
20260509_051710_PSSUDR_004_f004080.jpg,1
20260509_051710_PSSUDR_004_f005790.jpg,1
20260509_051710_PSSUDR_004_f006765.jpg,1
20260509_051710_PSSUDR_004_f008415.jpg,1
20260509_051710_PSSUDR_006_f000315.jpg,1
20260509_051710_PSSUDR_006_f000390.jpg,1
20260509_051710_PSSUDR_006_f000945.jpg,1
20260509_051710_PSSUDR_006_f001020.jpg,1
20260509_051710_PSSUDR_006_f001380.jpg,1
20260509_051710_PSSUDR_006_f001905.jpg,1
20260509_051710_PSSUDR_006_f001965.jpg,1
20260509_051710_PSSUDR_006_f002025.jpg,1
20260509_051710_PSSUDR_006_f002085.jpg,1
20260509_051710_PSSUDR_006_f002295.jpg,1
20260509_051710_PSSUDR_006_f002880.jpg,1
20260509_051710_PSSUDR_006_f004260.jpg,1
20260509_051710_PSSUDR_006_f006465.jpg,1
20260509_051710_PSSUDR_006_f007230.jpg,1
20260509_051710_PSSUDR_006_f007305.jpg,1
20260509_051710_PSSUDR_006_f008880.jpg,1
20260509_051710_PSSUDR_006_f010170.jpg,1
20260509_051710_PSSUDR_006_f010230.jpg,1
20260510_010949_NEZAVQ_002_f000810.jpg,1
20260510_010949_NEZAVQ_002_f001365.jpg,1
20260510_010949_NEZAVQ_002_f001425.jpg,1
20260510_010949_NEZAVQ_002_f001635.jpg,1
20260510_010949_NEZAVQ_002_f001695.jpg,1
20260510_010949_NEZAVQ_002_f003165.jpg,1
20260510_010949_NEZAVQ_002_f005055.jpg,1
20260510_010949_NEZAVQ_002_f005505.jpg,1
20260510_010949_NEZAVQ_002_f006180.jpg,1
20260510_010949_NEZAVQ_002_f006705.jpg,1
20260510_010949_NEZAVQ_002_f007080.jpg,1
20260510_010949_NEZAVQ_002_f008475.jpg,1
20260510_010949_NEZAVQ_002_f008535.jpg,1
20260510_010949_NEZAVQ_002_f009660.jpg,1
20260510_010949_NEZAVQ_002_f010065.jpg,1
20260510_010949_NEZAVQ_003_f004395.jpg,1
20260510_010949_NEZAVQ_017_f000180.jpg,1
20260510_010949_NEZAVQ_017_f000660.jpg,1
20260510_010949_NEZAVQ_017_f002490.jpg,1
20260510_010949_NEZAVQ_017_f003465.jpg,1
20260510_010949_NEZAVQ_017_f004125.jpg,1
20260510_010949_NEZAVQ_017_f004185.jpg,1
20260510_010949_NEZAVQ_017_f004560.jpg,1
20260510_010949_NEZAVQ_017_f005160.jpg,1
20260510_010949_NEZAVQ_017_f005280.jpg,1
20260510_010949_NEZAVQ_017_f005340.jpg,1
20260510_010949_NEZAVQ_017_f005475.jpg,1
20260510_010949_NEZAVQ_017_f005550.jpg,1
20260510_010949_NEZAVQ_017_f005610.jpg,1
20260510_010949_NEZAVQ_017_f005775.jpg,1
20260510_010949_NEZAVQ_017_f005835.jpg,1
20260510_010949_NEZAVQ_017_f005895.jpg,1
20260510_010949_NEZAVQ_017_f006030.jpg,1
20260510_010949_NEZAVQ_017_f006090.jpg,1
20260510_010949_NEZAVQ_017_f006150.jpg,1
20260510_010949_NEZAVQ_017_f006210.jpg,1
20260510_010949_NEZAVQ_017_f006300.jpg,1
20260510_010949_NEZAVQ_017_f006375.jpg,1
20260510_010949_NEZAVQ_017_f006465.jpg,1
20260510_010949_NEZAVQ_017_f006570.jpg,1
20260510_010949_NEZAVQ_017_f006690.jpg,1
20260510_010949_NEZAVQ_017_f006975.jpg,1
20260510_010949_NEZAVQ_017_f007065.jpg,1
20260510_010949_NEZAVQ_017_f007350.jpg,1
20260510_010949_NEZAVQ_017_f007455.jpg,1
20260510_010949_NEZAVQ_017_f007515.jpg,1
20260510_010949_NEZAVQ_017_f007575.jpg,1
20260510_010949_NEZAVQ_017_f007650.jpg,1
20260510_010949_NEZAVQ_017_f007725.jpg,1
20260510_010949_NEZAVQ_017_f007935.jpg,1
20260510_010949_NEZAVQ_017_f008235.jpg,1
20260510_010949_NEZAVQ_017_f008295.jpg,1
20260510_010949_NEZAVQ_017_f008355.jpg,1
20260510_010949_NEZAVQ_017_f008445.jpg,1
20260510_010949_NEZAVQ_017_f008625.jpg,1
20260510_010949_NEZAVQ_017_f009750.jpg,1
20260511_051834_HWTPWD_007_f002070.jpg,1
20260511_051834_HWTPWD_007_f004485.jpg,1
20260511_051834_HWTPWD_011_f000570.jpg,1
20260511_051834_HWTPWD_011_f006960.jpg,1
20260511_051834_HWTPWD_011_f010395.jpg,1
20260511_051834_HWTPWD_014_f009060.jpg,1
20260511_052000_DCTXSW_031_f004470.jpg,1
20260511_052000_DCTXSW_031_f005670.jpg,1
20260511_052000_DCTXSW_031_f006435.jpg,1
20260511_054551_UFUJGC_000_f000045.jpg,1
20260511_054551_UFUJGC_000_f000135.jpg,1
20260511_054551_UFUJGC_000_f000195.jpg,1
20260511_054551_UFUJGC_000_f000270.jpg,1
20260511_054551_UFUJGC_000_f000360.jpg,1
20260511_054551_UFUJGC_000_f000420.jpg,1
20260511_054551_UFUJGC_000_f000555.jpg,1
20260511_054551_UFUJGC_000_f000615.jpg,1
20260511_054551_UFUJGC_000_f000675.jpg,1
20260511_054551_UFUJGC_000_f000765.jpg,1
20260511_054551_UFUJGC_000_f000825.jpg,1
20260511_054551_UFUJGC_000_f000960.jpg,1
20260511_054551_UFUJGC_000_f001020.jpg,1
20260511_054551_UFUJGC_000_f001095.jpg,1
20260511_054551_UFUJGC_000_f001290.jpg,1
20260511_054551_UFUJGC_000_f001350.jpg,1
20260511_054551_UFUJGC_000_f001425.jpg,1
20260511_054551_UFUJGC_000_f001500.jpg,1
20260511_054551_UFUJGC_000_f001560.jpg,1
20260511_054551_UFUJGC_000_f001755.jpg,1
20260511_054551_UFUJGC_000_f001830.jpg,1
20260511_054551_UFUJGC_000_f001950.jpg,1
20260511_054551_UFUJGC_000_f002205.jpg,1
20260511_054551_UFUJGC_000_f004170.jpg,1
20260511_054551_UFUJGC_000_f004680.jpg,1
20260511_054551_UFUJGC_000_f005310.jpg,1
20260511_054551_UFUJGC_000_f005385.jpg,1
20260511_054551_UFUJGC_000_f005445.jpg,1
20260511_054551_UFUJGC_000_f007500.jpg,1
20260511_054551_UFUJGC_000_f008115.jpg,1
20260511_054551_UFUJGC_000_f009630.jpg,1
20260511_054551_UFUJGC_004_f000075.jpg,1
20260511_054551_UFUJGC_004_f000450.jpg,1
20260511_054551_UFUJGC_004_f000825.jpg,1
20260511_054551_UFUJGC_004_f001380.jpg,1
20260511_054551_UFUJGC_004_f001755.jpg,1
20260511_054551_UFUJGC_004_f002220.jpg,1
20260511_054551_UFUJGC_004_f003165.jpg,1
20260511_054551_UFUJGC_004_f003240.jpg,1
20260511_054551_UFUJGC_004_f003615.jpg,1
20260511_054551_UFUJGC_004_f003795.jpg,1
20260511_054551_UFUJGC_004_f004125.jpg,1
20260511_054551_UFUJGC_004_f004275.jpg,1
20260511_054551_UFUJGC_004_f004770.jpg,1
20260511_054551_UFUJGC_004_f007020.jpg,1
20260511_054551_UFUJGC_004_f008295.jpg,1
20260511_054551_UFUJGC_004_f009555.jpg,1
20260511_054551_UFUJGC_004_f009675.jpg,1
20260511_054551_UFUJGC_016_f000885.jpg,1
20260511_054551_UFUJGC_016_f001155.jpg,1
20260511_054551_UFUJGC_016_f004335.jpg,1
20260511_054551_UFUJGC_016_f004500.jpg,1
20260511_054551_UFUJGC_016_f004830.jpg,1
20260512_011951_HSGQJJ_002_f003165.jpg,1
20260512_011951_HSGQJJ_002_f003450.jpg,1
20260512_013546_RZYZJZ_003_f001140.jpg,1
20260512_013546_RZYZJZ_003_f001275.jpg,1
20260512_013546_RZYZJZ_003_f001395.jpg,1
20260512_013546_RZYZJZ_003_f001575.jpg,1
20260512_013546_RZYZJZ_003_f001740.jpg,1
20260512_013546_RZYZJZ_003_f001890.jpg,1
20260512_013546_RZYZJZ_003_f002175.jpg,1
20260512_013546_RZYZJZ_003_f002370.jpg,1
20260512_013546_RZYZJZ_003_f002565.jpg,1
20260512_013546_RZYZJZ_003_f002745.jpg,1
20260512_013546_RZYZJZ_003_f003195.jpg,1
20260512_013546_RZYZJZ_003_f003360.jpg,1
20260512_013546_RZYZJZ_003_f003615.jpg,1
20260512_013546_RZYZJZ_003_f004485.jpg,1
20260512_013546_RZYZJZ_003_f006945.jpg,1
20260512_013546_RZYZJZ_003_f007200.jpg,1
20260512_013546_RZYZJZ_003_f007350.jpg,1
20260512_013546_RZYZJZ_003_f007575.jpg,1
20260512_013546_RZYZJZ_003_f007770.jpg,1
20260512_013546_RZYZJZ_003_f007845.jpg,1
20260512_013546_RZYZJZ_003_f008070.jpg,1
20260512_013546_RZYZJZ_003_f008715.jpg,1
20260512_013546_RZYZJZ_003_f008940.jpg,1
20260512_013546_RZYZJZ_003_f009105.jpg,1
20260512_013546_RZYZJZ_006_f001620.jpg,1
20260512_013546_RZYZJZ_006_f002220.jpg,1
20260512_013546_RZYZJZ_006_f002295.jpg,1
20260512_013546_RZYZJZ_006_f002355.jpg,1
20260512_013546_RZYZJZ_006_f005280.jpg,1
20260512_013546_RZYZJZ_006_f005490.jpg,1
20260512_013546_RZYZJZ_006_f005640.jpg,1
20260512_013546_RZYZJZ_006_f006135.jpg,1
20260512_013546_RZYZJZ_006_f006945.jpg,1
20260512_013546_RZYZJZ_006_f007980.jpg,1
20260512_013546_RZYZJZ_006_f008220.jpg,1
20260512_013546_RZYZJZ_006_f008535.jpg,1
20260512_013546_RZYZJZ_006_f010095.jpg,1
20260512_013546_RZYZJZ_008_f000225.jpg,1
20260512_013546_RZYZJZ_008_f000285.jpg,1
20260512_013546_RZYZJZ_008_f000405.jpg,1
20260512_013546_RZYZJZ_008_f000615.jpg,1
20260512_013546_RZYZJZ_008_f004275.jpg,1
20260512_013546_RZYZJZ_008_f004440.jpg,1
20260512_013546_RZYZJZ_008_f005280.jpg,1
20260512_013546_RZYZJZ_008_f005460.jpg,1
20260512_013546_RZYZJZ_008_f005625.jpg,1
20260512_013546_RZYZJZ_008_f005745.jpg,1
20260512_013546_RZYZJZ_008_f005850.jpg,1
20260512_013546_RZYZJZ_008_f006015.jpg,1
20260512_013546_RZYZJZ_008_f006150.jpg,1
20260512_013546_RZYZJZ_008_f006285.jpg,1
20260512_013546_RZYZJZ_008_f006420.jpg,1
20260512_013546_RZYZJZ_008_f006585.jpg,1
20260512_013546_RZYZJZ_008_f006765.jpg,1
20260512_013546_RZYZJZ_008_f006915.jpg,1
20260512_013546_RZYZJZ_008_f007050.jpg,1
20260512_013546_RZYZJZ_008_f007365.jpg,1
20260512_013546_RZYZJZ_008_f007770.jpg,1
20260512_013546_RZYZJZ_008_f008070.jpg,1
20260512_013546_RZYZJZ_008_f008490.jpg,1
20260512_013906_NUUUEJ_000_f009030.jpg,1
20260512_052849_HNFCYW_004_f009345.jpg,1
20260512_052849_HNFCYW_007_f003525.jpg,1
20260512_052849_HNFCYW_007_f004755.jpg,1
20260512_052849_HNFCYW_008_f003765.jpg,1
20260512_052849_HNFCYW_008_f008040.jpg,1
20260513_051736_QZQFKZ_000_f000015.jpg,1
20260513_051736_QZQFKZ_000_f000090.jpg,1
20260513_051736_QZQFKZ_000_f000150.jpg,1
20260513_051736_QZQFKZ_000_f000210.jpg,1
20260513_051736_QZQFKZ_000_f000270.jpg,1
20260513_051736_QZQFKZ_000_f000435.jpg,1
20260513_051736_QZQFKZ_000_f000495.jpg,1
20260513_051736_QZQFKZ_000_f000660.jpg,1
20260513_051736_QZQFKZ_000_f000750.jpg,1
20260513_051736_QZQFKZ_000_f000810.jpg,1
20260513_051736_QZQFKZ_000_f000900.jpg,1
20260513_051736_QZQFKZ_000_f001020.jpg,1
20260513_051736_QZQFKZ_000_f001125.jpg,1
20260513_051736_QZQFKZ_000_f001200.jpg,1
20260513_051736_QZQFKZ_000_f001260.jpg,1
20260513_051736_QZQFKZ_000_f001320.jpg,1
20260513_051736_QZQFKZ_000_f001425.jpg,1
20260513_051736_QZQFKZ_000_f001485.jpg,1
20260513_051736_QZQFKZ_000_f001545.jpg,1
20260513_051736_QZQFKZ_000_f001605.jpg,1
20260513_051736_QZQFKZ_000_f002025.jpg,1
20260513_051736_QZQFKZ_000_f003375.jpg,1
20260513_051736_QZQFKZ_000_f004230.jpg,1
20260513_051736_QZQFKZ_000_f004635.jpg,1
20260513_051736_QZQFKZ_000_f004710.jpg,1
20260513_051736_QZQFKZ_000_f005055.jpg,1
20260513_051736_QZQFKZ_000_f005295.jpg,1
20260513_051736_QZQFKZ_000_f005385.jpg,1
20260513_051736_QZQFKZ_000_f005460.jpg,1
20260513_051736_QZQFKZ_000_f005520.jpg,1
20260513_051736_QZQFKZ_000_f005655.jpg,1
20260513_051736_QZQFKZ_000_f006030.jpg,1
20260513_051736_QZQFKZ_000_f006315.jpg,1
20260513_051736_QZQFKZ_000_f006735.jpg,1
20260513_051736_QZQFKZ_000_f007590.jpg,1
20260513_051736_QZQFKZ_000_f007725.jpg,1
20260513_051736_QZQFKZ_001_f000675.jpg,1
20260513_051736_QZQFKZ_001_f000735.jpg,1
20260513_051736_QZQFKZ_001_f001035.jpg,1
20260513_051736_QZQFKZ_001_f001785.jpg,1
20260513_051736_QZQFKZ_001_f001965.jpg,1
20260513_051736_QZQFKZ_001_f002640.jpg,1
20260513_051736_QZQFKZ_001_f002880.jpg,1
20260513_051736_QZQFKZ_001_f003255.jpg,1
20260513_051736_QZQFKZ_001_f003420.jpg,1
20260513_051736_QZQFKZ_001_f003510.jpg,1
20260513_051736_QZQFKZ_001_f004005.jpg,1
20260513_051736_QZQFKZ_001_f004110.jpg,1
20260513_051736_QZQFKZ_001_f004890.jpg,1
20260513_051736_QZQFKZ_001_f005040.jpg,1
20260513_051736_QZQFKZ_001_f005100.jpg,1
20260513_051736_QZQFKZ_001_f005160.jpg,1
20260513_051736_QZQFKZ_001_f005340.jpg,1
20260513_051736_QZQFKZ_001_f005925.jpg,1
20260513_051736_QZQFKZ_001_f006795.jpg,1
20260513_051736_QZQFKZ_001_f006945.jpg,1
20260513_051736_QZQFKZ_008_f004620.jpg,1
20260513_051736_QZQFKZ_008_f006150.jpg,1
20260513_051736_QZQFKZ_008_f007635.jpg,1
20260513_051736_QZQFKZ_008_f009840.jpg,1
20260513_051840_HJBNTS_016_f003105.jpg,1
20260513_051840_HJBNTS_016_f003165.jpg,1
20260513_051840_HJBNTS_016_f007875.jpg,1
20260513_051840_HJBNTS_016_f008595.jpg,1
20260513_051840_HJBNTS_016_f009990.jpg,1
20260513_051840_HJBNTS_016_f010395.jpg,1
20260513_051840_HJBNTS_016_f010470.jpg,1
20260513_051840_HJBNTS_016_f010545.jpg,1
20260513_051840_HJBNTS_016_f010635.jpg,1
20260513_051840_HJBNTS_017_f000135.jpg,1
20260513_051840_HJBNTS_017_f000240.jpg,1
20260513_051840_HJBNTS_017_f000495.jpg,1
20260513_051840_HJBNTS_017_f001620.jpg,1
20260513_051840_HJBNTS_017_f001680.jpg,1
20260513_051840_HJBNTS_017_f001770.jpg,1
20260513_051840_HJBNTS_017_f001875.jpg,1
20260513_051840_HJBNTS_017_f002250.jpg,1
20260513_051840_HJBNTS_017_f002655.jpg,1
20260513_051840_HJBNTS_017_f002790.jpg,1
20260513_051840_HJBNTS_017_f002865.jpg,1
20260513_051840_HJBNTS_017_f002925.jpg,1
20260513_051840_HJBNTS_017_f003135.jpg,1
20260513_051840_HJBNTS_017_f003210.jpg,1
20260513_051840_HJBNTS_017_f003315.jpg,1
20260513_051840_HJBNTS_017_f003540.jpg,1
20260513_051840_HJBNTS_017_f003870.jpg,1
20260513_051840_HJBNTS_017_f003975.jpg,1
20260513_051840_HJBNTS_017_f004425.jpg,1
20260513_051840_HJBNTS_017_f004695.jpg,1
20260513_051840_HJBNTS_017_f004800.jpg,1
20260513_051840_HJBNTS_017_f005250.jpg,1
20260513_051840_HJBNTS_017_f005460.jpg,1
20260513_051936_CSAAVY_000_f000375.jpg,1
20260513_051936_CSAAVY_000_f000435.jpg,1
20260513_051936_CSAAVY_000_f000615.jpg,1
20260513_051936_CSAAVY_000_f000720.jpg,1
20260513_051936_CSAAVY_000_f001230.jpg,1
20260513_051936_CSAAVY_000_f001785.jpg,1
20260513_051936_CSAAVY_000_f001860.jpg,1
20260513_051936_CSAAVY_000_f004005.jpg,1
20260513_051936_CSAAVY_000_f004065.jpg,1
20260513_051936_CSAAVY_000_f004125.jpg,1
20260513_051936_CSAAVY_000_f004185.jpg,1
20260513_051936_CSAAVY_000_f004275.jpg,1
20260513_051936_CSAAVY_000_f004350.jpg,1
20260513_051936_CSAAVY_000_f004410.jpg,1
20260513_051936_CSAAVY_005_f000240.jpg,1
20260513_051936_CSAAVY_005_f000300.jpg,1
20260513_051936_CSAAVY_005_f000780.jpg,1
20260513_051936_CSAAVY_017_f000345.jpg,1
20260513_051936_CSAAVY_017_f000405.jpg,1
20260513_051936_CSAAVY_017_f000465.jpg,1
20260513_051936_CSAAVY_017_f001845.jpg,1
20260513_051936_CSAAVY_017_f002385.jpg,1
20260513_051936_CSAAVY_017_f002520.jpg,1
20260513_051936_CSAAVY_017_f003000.jpg,1
20260513_051936_CSAAVY_017_f003555.jpg,1
20260513_051936_CSAAVY_017_f003960.jpg,1
20260513_051936_CSAAVY_017_f004020.jpg,1
20260513_051936_CSAAVY_017_f004080.jpg,1
20260513_051936_CSAAVY_017_f004485.jpg,1
20260513_051936_CSAAVY_017_f005085.jpg,1
20260513_051936_CSAAVY_017_f005700.jpg,1
20260513_051936_CSAAVY_017_f005955.jpg,1
20260513_051936_CSAAVY_017_f006120.jpg,1
20260513_051936_CSAAVY_017_f006420.jpg,1
20260514_052649_GGEKUU_003_f000180.jpg,1
20260514_052649_GGEKUU_003_f001230.jpg,1
20260514_052649_GGEKUU_003_f001290.jpg,1
20260514_052649_GGEKUU_003_f001350.jpg,1
20260514_052649_GGEKUU_003_f001485.jpg,1
20260514_052649_GGEKUU_003_f001560.jpg,1
20260514_052649_GGEKUU_003_f001620.jpg,1
20260514_052649_GGEKUU_003_f001695.jpg,1
20260514_052649_GGEKUU_003_f002175.jpg,1
20260514_052649_GGEKUU_003_f003075.jpg,1
20260514_052649_GGEKUU_003_f003480.jpg,1
20260514_052649_GGEKUU_003_f003540.jpg,1
20260514_052649_GGEKUU_003_f005490.jpg,1
20260514_052649_GGEKUU_003_f005565.jpg,1
20260514_052649_GGEKUU_003_f005640.jpg,1
20260514_052649_GGEKUU_003_f006060.jpg,1
20260514_052649_GGEKUU_003_f006585.jpg,1
20260514_052649_GGEKUU_003_f007215.jpg,1
20260514_052649_GGEKUU_003_f007800.jpg,1
20260514_052649_GGEKUU_003_f008460.jpg,1
20260514_052649_GGEKUU_003_f008535.jpg,1
20260514_052649_GGEKUU_003_f008910.jpg,1
20260514_052649_GGEKUU_003_f008985.jpg,1
20260514_052649_GGEKUU_003_f009705.jpg,1
20260514_052649_GGEKUU_003_f010500.jpg,1
20260514_052649_GGEKUU_007_f003135.jpg,1
20260514_052649_GGEKUU_007_f003195.jpg,1
20260514_052649_GGEKUU_007_f003555.jpg,1
20260514_052649_GGEKUU_007_f004515.jpg,1
20260514_052649_GGEKUU_007_f004575.jpg,1
20260514_052649_GGEKUU_007_f004680.jpg,1
20260514_052649_GGEKUU_007_f004800.jpg,1
20260514_052649_GGEKUU_007_f004995.jpg,1
20260514_052649_GGEKUU_007_f005130.jpg,1
20260514_052649_GGEKUU_007_f005220.jpg,1
20260514_052649_GGEKUU_007_f005595.jpg,1
20260514_052649_GGEKUU_007_f005745.jpg,1
20260514_052649_GGEKUU_007_f005880.jpg,1
20260514_052649_GGEKUU_007_f005955.jpg,1
20260514_052649_GGEKUU_007_f006015.jpg,1
20260514_052649_GGEKUU_007_f006165.jpg,1
20260514_052649_GGEKUU_007_f006600.jpg,1
20260514_052649_GGEKUU_007_f006660.jpg,1
20260514_052649_GGEKUU_007_f006720.jpg,1
20260514_052649_GGEKUU_007_f006855.jpg,1
20260514_052649_GGEKUU_007_f007155.jpg,1
20260514_052649_GGEKUU_007_f007710.jpg,1
20260514_052649_GGEKUU_007_f010470.jpg,1
20260514_052649_GGEKUU_014_f000060.jpg,1
20260514_052649_GGEKUU_014_f000120.jpg,1
20260514_052649_GGEKUU_014_f000180.jpg,1
20260514_052649_GGEKUU_014_f000375.jpg,1
20260514_052649_GGEKUU_014_f000600.jpg,1
20260514_052649_GGEKUU_014_f000660.jpg,1
20260514_052649_GGEKUU_014_f000855.jpg,1
20260514_052649_GGEKUU_014_f001890.jpg,1
20260514_052649_GGEKUU_014_f001965.jpg,1
20260514_052649_GGEKUU_014_f002040.jpg,1
20260514_052649_GGEKUU_014_f005835.jpg,1
20260514_052649_GGEKUU_014_f006315.jpg,1
20260514_052857_MXCCFM_002_f002040.jpg,1
20260514_052857_MXCCFM_002_f002100.jpg,1
20260514_052857_MXCCFM_002_f002160.jpg,1
20260514_052857_MXCCFM_002_f002685.jpg,1
20260514_052857_MXCCFM_002_f002805.jpg,1
20260514_052857_MXCCFM_002_f002925.jpg,1
20260514_052857_MXCCFM_002_f003000.jpg,1
20260514_052857_MXCCFM_002_f003540.jpg,1
20260514_052857_MXCCFM_002_f003660.jpg,1
20260514_052857_MXCCFM_002_f003720.jpg,1
20260514_052857_MXCCFM_002_f005115.jpg,1
20260514_052857_MXCCFM_002_f005175.jpg,1
20260514_052857_MXCCFM_002_f005355.jpg,1
20260514_052857_MXCCFM_002_f005430.jpg,1
20260514_052857_MXCCFM_002_f005520.jpg,1
20260514_052857_MXCCFM_002_f005580.jpg,1
20260514_052857_MXCCFM_002_f005640.jpg,1
20260514_052857_MXCCFM_002_f005715.jpg,1
20260514_052857_MXCCFM_002_f006000.jpg,1
20260514_052857_MXCCFM_002_f006135.jpg,1
20260514_052857_MXCCFM_002_f006195.jpg,1
20260514_052857_MXCCFM_002_f006825.jpg,1
20260514_052857_MXCCFM_002_f008325.jpg,1
20260514_052857_MXCCFM_002_f009450.jpg,1
20260514_052857_MXCCFM_002_f009525.jpg,1
20260514_052857_MXCCFM_002_f009660.jpg,1
20260514_052857_MXCCFM_002_f009720.jpg,1
20260514_052857_MXCCFM_002_f009810.jpg,1
20260514_052857_MXCCFM_002_f009870.jpg,1
20260514_052857_MXCCFM_002_f009930.jpg,1
20260514_052857_MXCCFM_002_f010260.jpg,1
20260514_052857_MXCCFM_002_f010320.jpg,1
20260514_052857_MXCCFM_002_f010710.jpg,1
20260514_052857_MXCCFM_002_f010935.jpg,1
20260514_052857_MXCCFM_002_f011055.jpg,1
20260514_052857_MXCCFM_008_f000270.jpg,1
20260514_052857_MXCCFM_008_f002055.jpg,1
20260514_052857_MXCCFM_008_f002325.jpg,1
20260514_052857_MXCCFM_008_f002400.jpg,1
20260514_052857_MXCCFM_008_f002505.jpg,1
20260514_052857_MXCCFM_008_f002595.jpg,1
20260514_052857_MXCCFM_008_f002685.jpg,1
20260514_052857_MXCCFM_008_f008190.jpg,1
20260514_052857_MXCCFM_008_f008670.jpg,1
20260514_052857_MXCCFM_008_f008745.jpg,1
20260514_052857_MXCCFM_008_f009300.jpg,1
20260514_052857_MXCCFM_009_f002400.jpg,1
20260514_052857_MXCCFM_009_f002595.jpg,1
20260514_052857_MXCCFM_009_f002850.jpg,1
20260514_052857_MXCCFM_009_f002910.jpg,1
20260514_052857_MXCCFM_009_f003300.jpg,1
20260514_052857_MXCCFM_009_f006330.jpg,1
20260514_053507_NSFMWZ_006_f001320.jpg,1
20260514_053507_NSFMWZ_006_f001380.jpg,1
20260514_053507_NSFMWZ_006_f001455.jpg,1
20260514_053507_NSFMWZ_006_f002640.jpg,1
20260514_053507_NSFMWZ_006_f002715.jpg,1
20260514_053507_NSFMWZ_006_f002775.jpg,1
20260514_053507_NSFMWZ_006_f003510.jpg,1
20260514_053507_NSFMWZ_006_f003675.jpg,1
20260514_053507_NSFMWZ_006_f004065.jpg,1
20260514_053507_NSFMWZ_006_f004380.jpg,1
20260514_053507_NSFMWZ_006_f004830.jpg,1
20260514_053507_NSFMWZ_006_f004980.jpg,1
20260514_053507_NSFMWZ_006_f005070.jpg,1
20260514_053507_NSFMWZ_006_f005160.jpg,1
20260514_053507_NSFMWZ_006_f005415.jpg,1
20260514_053507_NSFMWZ_006_f005580.jpg,1
20260514_053507_NSFMWZ_006_f005640.jpg,1
20260514_053507_NSFMWZ_006_f005700.jpg,1
20260514_053507_NSFMWZ_006_f005925.jpg,1
20260514_053507_NSFMWZ_006_f006060.jpg,1
20260514_053507_NSFMWZ_006_f006120.jpg,1
20260514_053507_NSFMWZ_006_f007110.jpg,1
20260514_053507_NSFMWZ_006_f007320.jpg,1
20260514_053507_NSFMWZ_006_f007695.jpg,1
20260514_053507_NSFMWZ_006_f007770.jpg,1
20260514_053507_NSFMWZ_006_f007845.jpg,1
20260514_053507_NSFMWZ_006_f007905.jpg,1
20260514_053507_NSFMWZ_006_f009855.jpg,1
20260514_053507_NSFMWZ_006_f009915.jpg,1
20260514_053507_NSFMWZ_006_f010140.jpg,1
20260514_053507_NSFMWZ_006_f010245.jpg,1
20260514_053507_NSFMWZ_010_f000000.jpg,1
20260514_053507_NSFMWZ_010_f000075.jpg,1
20260514_053507_NSFMWZ_010_f000180.jpg,1
20260514_053507_NSFMWZ_010_f000270.jpg,1
20260514_053507_NSFMWZ_010_f000360.jpg,1
20260514_053507_NSFMWZ_010_f000420.jpg,1
20260514_053507_NSFMWZ_010_f000480.jpg,1
20260514_053507_NSFMWZ_010_f000540.jpg,1
20260514_053507_NSFMWZ_010_f000600.jpg,1
20260514_053507_NSFMWZ_010_f000705.jpg,1
20260514_053507_NSFMWZ_010_f000795.jpg,1
20260514_053507_NSFMWZ_010_f000915.jpg,1
20260514_053507_NSFMWZ_010_f000990.jpg,1
20260514_053507_NSFMWZ_010_f001380.jpg,1
20260514_053507_NSFMWZ_010_f001485.jpg,1
20260514_053507_NSFMWZ_010_f002145.jpg,1
20260514_053507_NSFMWZ_010_f002205.jpg,1
20260514_053507_NSFMWZ_010_f002325.jpg,1
20260514_053507_NSFMWZ_010_f002505.jpg,1
20260514_053507_NSFMWZ_010_f006585.jpg,1
20260514_053507_NSFMWZ_010_f008925.jpg,1
20260514_053507_NSFMWZ_010_f010995.jpg,1
20260514_053507_NSFMWZ_012_f002085.jpg,1
20260514_053507_NSFMWZ_012_f002295.jpg,1
20260514_053507_NSFMWZ_012_f002790.jpg,1
20260514_053507_NSFMWZ_012_f003090.jpg,1
20260514_053507_NSFMWZ_012_f006465.jpg,1
20260514_053507_NSFMWZ_012_f006705.jpg,1
20260514_053507_NSFMWZ_012_f007110.jpg,1
20260514_053558_LNRKUB_001_f000735.jpg,1
20260514_053558_LNRKUB_001_f002520.jpg,1
20260514_053558_LNRKUB_001_f003165.jpg,1
20260514_053558_LNRKUB_001_f004215.jpg,1
20260514_053558_LNRKUB_001_f005400.jpg,1
20260514_053558_LNRKUB_001_f008250.jpg,1
20260514_053558_LNRKUB_001_f008820.jpg,1
20260514_053558_LNRKUB_001_f009210.jpg,1
20260514_053558_LNRKUB_003_f004500.jpg,1
20260514_053558_LNRKUB_003_f008880.jpg,1
20260514_053558_LNRKUB_003_f009300.jpg,1
20260514_053558_LNRKUB_003_f010320.jpg,1
20260514_053646_AUQXNH_010_f000030.jpg,1
20260514_053646_AUQXNH_010_f000120.jpg,1
20260514_053646_AUQXNH_010_f000240.jpg,1
20260514_053646_AUQXNH_010_f000300.jpg,1
20260514_053646_AUQXNH_010_f000375.jpg,1
20260514_053646_AUQXNH_010_f000540.jpg,1
20260514_053646_AUQXNH_010_f000600.jpg,1
20260514_053646_AUQXNH_010_f000735.jpg,1
20260514_053646_AUQXNH_010_f001380.jpg,1
20260514_053646_AUQXNH_010_f001680.jpg,1
20260514_053646_AUQXNH_010_f003195.jpg,1
20260514_053646_AUQXNH_010_f003360.jpg,1
20260514_053646_AUQXNH_010_f003435.jpg,1
20260514_053646_AUQXNH_010_f003495.jpg,1
20260514_053646_AUQXNH_010_f006600.jpg,1
20260514_053646_AUQXNH_010_f006780.jpg,1
20260514_053646_AUQXNH_010_f007095.jpg,1
20260514_053646_AUQXNH_010_f010455.jpg,1
20260514_053646_AUQXNH_010_f010590.jpg,1
20260514_053646_AUQXNH_010_f010665.jpg,1
20260514_053646_AUQXNH_015_f000375.jpg,1
20260514_053646_AUQXNH_015_f000435.jpg,1
20260514_053646_AUQXNH_015_f000525.jpg,1
20260514_053646_AUQXNH_015_f000795.jpg,1
20260514_053646_AUQXNH_015_f000870.jpg,1
20260514_053646_AUQXNH_015_f001200.jpg,1
20260514_053646_AUQXNH_015_f001440.jpg,1
20260514_053646_AUQXNH_015_f004860.jpg,1
20260514_053646_AUQXNH_015_f006015.jpg,1
20260514_053646_AUQXNH_015_f011100.jpg,1
20260514_053646_AUQXNH_017_f000420.jpg,1
20260514_053646_AUQXNH_017_f000645.jpg,1
20260514_053646_AUQXNH_017_f001605.jpg,1
20260514_053646_AUQXNH_017_f002205.jpg,1
20260514_053646_AUQXNH_017_f002955.jpg,1
20260514_053646_AUQXNH_017_f003600.jpg,1
20260514_053646_AUQXNH_017_f004185.jpg,1
20260514_053646_AUQXNH_017_f004620.jpg,1
20260514_053646_AUQXNH_017_f005130.jpg,1
20260514_053646_AUQXNH_017_f005580.jpg,1
20260514_053646_AUQXNH_017_f005745.jpg,1
20260514_053646_AUQXNH_017_f010755.jpg,1
20260514_053748_YNUJDQ_006_f001335.jpg,1
20260514_053748_YNUJDQ_006_f002235.jpg,1
20260514_053748_YNUJDQ_006_f002325.jpg,1
20260514_053748_YNUJDQ_006_f003720.jpg,1
20260514_053748_YNUJDQ_006_f003825.jpg,1
20260514_053748_YNUJDQ_006_f004230.jpg,1
20260514_053748_YNUJDQ_006_f004710.jpg,1
20260514_053748_YNUJDQ_006_f004950.jpg,1
20260514_053748_YNUJDQ_006_f005085.jpg,1
20260514_053748_YNUJDQ_006_f005145.jpg,1
20260514_053748_YNUJDQ_013_f002340.jpg,1
20260514_053748_YNUJDQ_013_f004815.jpg,1
20260514_053748_YNUJDQ_013_f009315.jpg,1
20260514_061214_BJNNJZ_009_f000030.jpg,1
20260514_061214_BJNNJZ_009_f002055.jpg,1
20260514_061214_BJNNJZ_009_f003300.jpg,1
20260514_061214_BJNNJZ_009_f004905.jpg,1
20260514_061214_BJNNJZ_009_f005880.jpg,1
20260514_061214_BJNNJZ_009_f007005.jpg,1
20260514_061214_BJNNJZ_009_f007590.jpg,1
20260514_061214_BJNNJZ_009_f008400.jpg,1
20260514_061214_BJNNJZ_009_f008595.jpg,1
20260514_061214_BJNNJZ_009_f009090.jpg,1
20260514_061214_BJNNJZ_009_f009315.jpg,1
20260514_061214_BJNNJZ_009_f009495.jpg,1
20260514_061214_BJNNJZ_009_f009795.jpg,1
20260514_061214_BJNNJZ_009_f009900.jpg,1
20260514_061214_BJNNJZ_009_f010155.jpg,1
20260514_061214_BJNNJZ_009_f010710.jpg,1
20260514_061214_BJNNJZ_010_f000180.jpg,1
20260514_061214_BJNNJZ_010_f000240.jpg,1
20260514_061214_BJNNJZ_010_f000390.jpg,1
20260514_061214_BJNNJZ_010_f002445.jpg,1
20260514_061214_BJNNJZ_010_f002640.jpg,1
20260514_061214_BJNNJZ_010_f002925.jpg,1
20260514_061214_BJNNJZ_010_f003525.jpg,1
20260514_061214_BJNNJZ_010_f005385.jpg,1
20260514_061214_BJNNJZ_013_f000030.jpg,1
20260514_061214_BJNNJZ_013_f000135.jpg,1
20260514_061214_BJNNJZ_013_f000210.jpg,1
20260514_061701_VKWSAE_006_f000075.jpg,1
20260514_061701_VKWSAE_006_f000780.jpg,1
20260514_061701_VKWSAE_006_f001065.jpg,1
20260514_061701_VKWSAE_006_f003135.jpg,1
20260514_061701_VKWSAE_006_f005415.jpg,1
20260514_061701_VKWSAE_006_f006060.jpg,1
20260514_061701_VKWSAE_009_f000090.jpg,1
20260514_061701_VKWSAE_009_f000285.jpg,1
20260514_061701_VKWSAE_009_f001020.jpg,1
20260514_061701_VKWSAE_009_f001110.jpg,1
20260514_061701_VKWSAE_009_f001230.jpg,1
20260514_061701_VKWSAE_009_f001290.jpg,1
20260514_061701_VKWSAE_009_f001350.jpg,1
20260514_061701_VKWSAE_009_f001680.jpg,1
20260514_061701_VKWSAE_009_f001740.jpg,1
20260514_061701_VKWSAE_009_f002280.jpg,1
20260514_061701_VKWSAE_009_f002700.jpg,1
20260514_061701_VKWSAE_009_f003255.jpg,1
20260514_061701_VKWSAE_009_f003315.jpg,1
20260514_061701_VKWSAE_009_f006855.jpg,1
20260514_061701_VKWSAE_009_f007170.jpg,1
20260514_061701_VKWSAE_009_f007245.jpg,1
20260514_061701_VKWSAE_009_f007980.jpg,1
20260514_061701_VKWSAE_009_f008475.jpg,1
20260514_061701_VKWSAE_009_f010650.jpg,1
20260514_061701_VKWSAE_012_f000165.jpg,1
20260514_061701_VKWSAE_012_f000240.jpg,1
20260514_061701_VKWSAE_012_f000300.jpg,1
20260514_061701_VKWSAE_012_f000360.jpg,1
20260514_061701_VKWSAE_012_f000435.jpg,1
20260514_061701_VKWSAE_012_f000540.jpg,1
20260514_061701_VKWSAE_012_f000645.jpg,1
20260514_061701_VKWSAE_012_f000720.jpg,1
20260514_061701_VKWSAE_012_f000780.jpg,1
20260514_061701_VKWSAE_012_f000915.jpg,1
20260514_061701_VKWSAE_012_f001035.jpg,1
20260514_061701_VKWSAE_012_f001095.jpg,1
20260514_061701_VKWSAE_012_f001380.jpg,1
20260514_061701_VKWSAE_012_f001440.jpg,1
20260514_061701_VKWSAE_012_f001545.jpg,1
20260514_061701_VKWSAE_012_f001665.jpg,1
20260514_061701_VKWSAE_012_f001860.jpg,1
20260514_061701_VKWSAE_012_f002130.jpg,1
20260514_061701_VKWSAE_012_f002490.jpg,1
20260514_061701_VKWSAE_012_f002625.jpg,1
20260514_061701_VKWSAE_012_f002805.jpg,1
20260514_061701_VKWSAE_012_f003105.jpg,1
20260514_065616_JDHPES_001_f000000.jpg,1
20260514_065616_JDHPES_001_f000285.jpg,1
20260514_065616_JDHPES_001_f001335.jpg,1
20260514_065616_JDHPES_001_f002445.jpg,1
20260514_065616_JDHPES_001_f008640.jpg,1
20260514_065616_JDHPES_001_f009360.jpg,1
20260514_065616_JDHPES_001_f010425.jpg,1
20260514_065616_JDHPES_004_f000930.jpg,1
20260514_065616_JDHPES_004_f002730.jpg,1
20260514_065616_JDHPES_004_f003750.jpg,1
20260514_065616_JDHPES_004_f003915.jpg,1
20260514_065616_JDHPES_004_f006345.jpg,1
20260514_065616_JDHPES_004_f006510.jpg,1
20260514_065616_JDHPES_004_f010290.jpg,1
20260514_065616_JDHPES_006_f000045.jpg,1
20260514_065616_JDHPES_006_f000480.jpg,1
20260514_065616_JDHPES_006_f000765.jpg,1
20260514_065616_JDHPES_006_f000825.jpg,1
20260514_065616_JDHPES_006_f001110.jpg,1
20260514_065616_JDHPES_006_f001290.jpg,1
20260514_065616_JDHPES_006_f001395.jpg,1
20260514_065616_JDHPES_006_f002025.jpg,1
20260514_065616_JDHPES_006_f002085.jpg,1
20260514_065616_JDHPES_006_f002220.jpg,1
20260514_065616_JDHPES_006_f002310.jpg,1
20260514_065616_JDHPES_006_f002370.jpg,1
20260514_065616_JDHPES_006_f002430.jpg,1
20260514_065616_JDHPES_006_f002595.jpg,1
20260514_065616_JDHPES_006_f002760.jpg,1
20260514_065616_JDHPES_006_f002850.jpg,1
20260514_065616_JDHPES_006_f002910.jpg,1
20260514_065616_JDHPES_006_f003105.jpg,1
20260514_065616_JDHPES_006_f003165.jpg,1
20260514_065616_JDHPES_006_f003225.jpg,1
20260514_065616_JDHPES_006_f003285.jpg,1
20260514_065616_JDHPES_006_f003405.jpg,1
20260514_065616_JDHPES_006_f003465.jpg,1
20260514_065616_JDHPES_006_f003810.jpg,1
20260514_065616_JDHPES_006_f005160.jpg,1
20260514_065616_JDHPES_006_f007650.jpg,1
20260514_065616_JDHPES_006_f008250.jpg,1
20260514_065616_JDHPES_006_f009300.jpg,1
20260514_065616_JDHPES_006_f009600.jpg,1
20260514_065616_JDHPES_006_f010845.jpg,1
20260514_065616_JDHPES_006_f010920.jpg,1
20260514_065616_JDHPES_008_f000000.jpg,1
20260514_072241_FVJPQP_000_f004740.jpg,1
20260514_072241_FVJPQP_000_f005115.jpg,1
20260514_072241_FVJPQP_000_f006570.jpg,1
20260514_072241_FVJPQP_000_f010365.jpg,1
20260514_072241_FVJPQP_002_f005985.jpg,1
20260514_072241_FVJPQP_002_f006090.jpg,1
20260514_072241_FVJPQP_002_f010095.jpg,1
20260514_072241_FVJPQP_002_f010320.jpg,1
20260514_072241_FVJPQP_002_f010410.jpg,1
20260514_072241_FVJPQP_003_f001470.jpg,1
20260514_080116_ZDTYKY_005_f000045.jpg,1
20260514_080116_ZDTYKY_005_f000135.jpg,1
20260514_080116_ZDTYKY_005_f000195.jpg,1
20260514_080116_ZDTYKY_005_f000390.jpg,1
20260514_080116_ZDTYKY_005_f000480.jpg,1
20260514_080116_ZDTYKY_005_f000540.jpg,1
20260514_080116_ZDTYKY_005_f000645.jpg,1
20260514_080116_ZDTYKY_005_f000720.jpg,1
20260514_080116_ZDTYKY_005_f000855.jpg,1
20260514_080116_ZDTYKY_005_f000915.jpg,1
20260514_080116_ZDTYKY_005_f001020.jpg,1
20260514_080116_ZDTYKY_005_f001110.jpg,1
20260514_080116_ZDTYKY_005_f001200.jpg,1
20260514_080116_ZDTYKY_005_f001305.jpg,1
20260514_080116_ZDTYKY_005_f001365.jpg,1
20260514_080116_ZDTYKY_005_f001425.jpg,1
20260514_080116_ZDTYKY_005_f001485.jpg,1
20260514_080116_ZDTYKY_005_f001680.jpg,1
20260514_080116_ZDTYKY_005_f001740.jpg,1
20260514_080116_ZDTYKY_005_f001860.jpg,1
20260514_080116_ZDTYKY_005_f001920.jpg,1
20260514_080116_ZDTYKY_005_f001980.jpg,1
20260514_080116_ZDTYKY_005_f002040.jpg,1
20260514_080116_ZDTYKY_005_f003285.jpg,1
20260514_080116_ZDTYKY_005_f003885.jpg,1
20260514_080116_ZDTYKY_005_f004875.jpg,1
20260514_080116_ZDTYKY_005_f004980.jpg,1
20260514_080116_ZDTYKY_005_f005895.jpg,1
20260514_080116_ZDTYKY_005_f008010.jpg,1
20260514_080116_ZDTYKY_005_f008070.jpg,1
20260514_080116_ZDTYKY_005_f008130.jpg,1
20260514_080116_ZDTYKY_005_f008565.jpg,1
20260514_080116_ZDTYKY_005_f008940.jpg,1
20260514_080116_ZDTYKY_005_f009345.jpg,1
20260514_080116_ZDTYKY_005_f009675.jpg,1
20260514_080116_ZDTYKY_005_f010140.jpg,1
20260514_080116_ZDTYKY_005_f010425.jpg,1
20260514_080116_ZDTYKY_005_f010710.jpg,1
20260514_080116_ZDTYKY_008_f000165.jpg,1
20260514_080116_ZDTYKY_008_f000240.jpg,1
20260514_080116_ZDTYKY_008_f000420.jpg,1
20260514_080116_ZDTYKY_008_f000765.jpg,1
20260514_080116_ZDTYKY_008_f001005.jpg,1
20260514_080116_ZDTYKY_008_f001485.jpg,1
20260514_080116_ZDTYKY_008_f001815.jpg,1
20260514_080116_ZDTYKY_012_f000120.jpg,1
20260514_080116_ZDTYKY_012_f000675.jpg,1
20260514_080116_ZDTYKY_012_f003615.jpg,1
20260514_080116_ZDTYKY_012_f004680.jpg,1
20260514_080116_ZDTYKY_012_f004875.jpg,1
20260514_080116_ZDTYKY_012_f006870.jpg,1
20260514_080116_ZDTYKY_012_f007050.jpg,1
20260514_080116_ZDTYKY_012_f007245.jpg,1
20260514_080116_ZDTYKY_012_f008370.jpg,1
20260514_080116_ZDTYKY_012_f008460.jpg,1
20260514_080116_ZDTYKY_012_f008520.jpg,1
20260514_080116_ZDTYKY_012_f008865.jpg,1
20260514_080116_ZDTYKY_012_f009015.jpg,1
20260514_080116_ZDTYKY_012_f010140.jpg,1
20260514_080116_ZDTYKY_012_f010515.jpg,1
20260514_080204_DRTYMC_001_f000165.jpg,1
20260514_080204_DRTYMC_001_f000510.jpg,1
20260514_080204_DRTYMC_001_f000720.jpg,1
20260514_080204_DRTYMC_001_f001650.jpg,1
20260514_080204_DRTYMC_001_f001710.jpg,1
20260514_080204_DRTYMC_001_f003945.jpg,1
20260514_080204_DRTYMC_001_f008520.jpg,1
20260514_080204_DRTYMC_001_f009915.jpg,1
20260514_080204_DRTYMC_001_f010605.jpg,1
20260514_080204_DRTYMC_001_f010785.jpg,1
20260514_080204_DRTYMC_001_f010875.jpg,1
20260514_080204_DRTYMC_001_f010935.jpg,1
20260514_080204_DRTYMC_001_f010995.jpg,1
20260514_080204_DRTYMC_001_f011055.jpg,1
20260514_080204_DRTYMC_001_f011115.jpg,1
20260514_080204_DRTYMC_002_f000000.jpg,1
20260514_080204_DRTYMC_002_f000060.jpg,1
20260514_080204_DRTYMC_002_f000165.jpg,1
20260514_080204_DRTYMC_002_f000270.jpg,1
20260514_080204_DRTYMC_002_f000330.jpg,1
20260514_080204_DRTYMC_002_f000390.jpg,1
20260514_080204_DRTYMC_002_f000450.jpg,1
20260514_080204_DRTYMC_002_f000510.jpg,1
20260514_080204_DRTYMC_002_f000600.jpg,1
20260514_080204_DRTYMC_002_f000825.jpg,1
20260514_080204_DRTYMC_002_f000885.jpg,1
20260514_080204_DRTYMC_002_f000960.jpg,1
20260514_080204_DRTYMC_002_f001035.jpg,1
20260514_080204_DRTYMC_002_f001095.jpg,1
20260514_080204_DRTYMC_002_f001275.jpg,1
20260514_080204_DRTYMC_002_f001335.jpg,1
20260514_080204_DRTYMC_002_f001410.jpg,1
20260514_080204_DRTYMC_002_f001470.jpg,1
20260514_080204_DRTYMC_002_f001605.jpg,1
20260514_080204_DRTYMC_002_f001665.jpg,1
20260514_080204_DRTYMC_002_f001785.jpg,1
20260514_080204_DRTYMC_002_f001860.jpg,1
20260514_080204_DRTYMC_002_f001980.jpg,1
20260514_080204_DRTYMC_002_f002160.jpg,1
20260514_080204_DRTYMC_002_f002220.jpg,1
20260514_080204_DRTYMC_002_f002475.jpg,1
20260514_080204_DRTYMC_002_f002910.jpg,1
20260514_080204_DRTYMC_002_f002970.jpg,1
20260514_080204_DRTYMC_002_f003120.jpg,1
20260514_080204_DRTYMC_002_f003210.jpg,1
20260514_080204_DRTYMC_004_f000045.jpg,1
20260514_080204_DRTYMC_004_f000705.jpg,1
20260514_080204_DRTYMC_004_f000975.jpg,1
20260514_080204_DRTYMC_004_f001050.jpg,1
20260514_080204_DRTYMC_004_f001110.jpg,1
20260514_080204_DRTYMC_004_f004125.jpg,1
20260514_080204_DRTYMC_004_f005385.jpg,1
20260514_080204_DRTYMC_004_f005625.jpg,1
20260514_080204_DRTYMC_004_f005745.jpg,1
20260514_080204_DRTYMC_004_f007275.jpg,1
20260514_080204_DRTYMC_004_f007710.jpg,1
20260514_080204_DRTYMC_004_f008100.jpg,1
20260514_080204_DRTYMC_004_f009450.jpg,1
20260514_080204_DRTYMC_004_f009855.jpg,1
20260514_080204_DRTYMC_004_f010335.jpg,1
20260514_080258_AXALGZ_000_f000105.jpg,1
20260514_080258_AXALGZ_000_f000195.jpg,1
20260514_080258_AXALGZ_000_f000270.jpg,1
20260514_080258_AXALGZ_000_f000345.jpg,1
20260514_080258_AXALGZ_000_f000405.jpg,1
20260514_080258_AXALGZ_000_f000615.jpg,1
20260514_080258_AXALGZ_000_f000825.jpg,1
20260514_080258_AXALGZ_000_f001140.jpg,1
20260514_080258_AXALGZ_000_f001215.jpg,1
20260514_080258_AXALGZ_000_f001425.jpg,1
20260514_080258_AXALGZ_004_f003105.jpg,1
20260514_080258_AXALGZ_010_f000270.jpg,1
20260514_080258_AXALGZ_010_f000330.jpg,1
20260514_080258_AXALGZ_010_f000645.jpg,1
20260514_080258_AXALGZ_010_f001200.jpg,1
20260514_080258_AXALGZ_010_f002685.jpg,1
20260514_080258_AXALGZ_010_f002805.jpg,1
20260514_080258_AXALGZ_010_f007425.jpg,1
20260514_080307_CNPASG_010_f009045.jpg,1
20260514_080307_CNPASG_011_f000165.jpg,1
20260514_080307_CNPASG_011_f002550.jpg,1
20260514_080347_ZCHERS_001_f000060.jpg,1
20260514_080347_ZCHERS_001_f000120.jpg,1
20260514_080347_ZCHERS_001_f000180.jpg,1
20260514_080347_ZCHERS_001_f000270.jpg,1
20260514_080347_ZCHERS_001_f000600.jpg,1
20260514_080347_ZCHERS_001_f000765.jpg,1
20260514_080347_ZCHERS_001_f000825.jpg,1
20260514_080347_ZCHERS_001_f000915.jpg,1
20260514_080347_ZCHERS_001_f001215.jpg,1
20260514_080347_ZCHERS_001_f002235.jpg,1
20260514_080347_ZCHERS_001_f002310.jpg,1
20260514_080347_ZCHERS_001_f002475.jpg,1
20260514_080347_ZCHERS_001_f002535.jpg,1
20260514_080347_ZCHERS_003_f008520.jpg,1
20260514_080612_SFNAQN_002_f009585.jpg,1
20260514_081128_CACZRF_011_f002445.jpg,1
20260514_081128_CACZRF_011_f002520.jpg,1
20260514_081128_CACZRF_011_f004680.jpg,1
20260514_081128_CACZRF_011_f005505.jpg,1
20260514_081128_CACZRF_011_f007620.jpg,1
20260514_081128_CACZRF_011_f008175.jpg,1
20260514_081128_CACZRF_011_f008250.jpg,1
20260514_081128_CACZRF_011_f008355.jpg,1
20260514_081128_CACZRF_011_f010395.jpg,1
20260514_081128_CACZRF_012_f000120.jpg,1
20260514_081128_CACZRF_012_f000180.jpg,1
20260514_081128_CACZRF_012_f000240.jpg,1
20260514_081128_CACZRF_012_f000960.jpg,1
20260514_081128_CACZRF_012_f001110.jpg,1
20260514_081128_CACZRF_012_f001185.jpg,1
20260514_081128_CACZRF_012_f001335.jpg,1
20260514_081128_CACZRF_012_f001395.jpg,1
20260514_081128_CACZRF_012_f001620.jpg,1
20260514_081128_CACZRF_012_f002310.jpg,1
20260514_081128_CACZRF_012_f002370.jpg,1
20260514_081128_CACZRF_012_f002475.jpg,1
20260514_081128_CACZRF_012_f003315.jpg,1
20260514_081128_CACZRF_012_f003810.jpg,1
20260514_081128_CACZRF_012_f004275.jpg,1
20260514_081128_CACZRF_012_f005340.jpg,1
20260514_081128_CACZRF_012_f005400.jpg,1
20260514_081128_CACZRF_012_f006120.jpg,1
20260514_081128_CACZRF_012_f006540.jpg,1
20260514_081523_XQXBXZ_000_f000780.jpg,1
20260514_081523_XQXBXZ_000_f001500.jpg,1
20260514_081523_XQXBXZ_000_f002835.jpg,1
20260514_081523_XQXBXZ_000_f004785.jpg,1
20260514_081523_XQXBXZ_000_f004905.jpg,1
20260514_081523_XQXBXZ_000_f007260.jpg,1
20260514_081523_XQXBXZ_000_f007755.jpg,1
20260514_081523_XQXBXZ_000_f007965.jpg,1
20260514_081523_XQXBXZ_000_f008085.jpg,1
20260514_081523_XQXBXZ_000_f008190.jpg,1
20260514_081523_XQXBXZ_000_f008715.jpg,1
20260514_081523_XQXBXZ_000_f008955.jpg,1
20260514_081523_XQXBXZ_000_f009165.jpg,1
20260514_081523_XQXBXZ_002_f000045.jpg,1
20260514_081523_XQXBXZ_002_f000120.jpg,1
20260514_081523_XQXBXZ_002_f000180.jpg,1
20260514_081523_XQXBXZ_002_f000240.jpg,1
20260514_081523_XQXBXZ_002_f000315.jpg,1
20260514_081523_XQXBXZ_002_f000375.jpg,1
20260514_081523_XQXBXZ_002_f000435.jpg,1
20260514_081523_XQXBXZ_002_f000525.jpg,1
20260514_081523_XQXBXZ_005_f001860.jpg,1
20260515_003115_JYAPYJ_000_f000285.jpg,1
20260515_003115_JYAPYJ_000_f001215.jpg,1
20260515_003115_JYAPYJ_000_f001290.jpg,1
20260515_003115_JYAPYJ_000_f001410.jpg,1
20260515_003115_JYAPYJ_000_f001545.jpg,1
20260515_003115_JYAPYJ_000_f002010.jpg,1
20260515_003115_JYAPYJ_000_f002085.jpg,1
20260515_003115_JYAPYJ_000_f002145.jpg,1
20260515_003115_JYAPYJ_000_f002355.jpg,1
20260515_003115_JYAPYJ_000_f002430.jpg,1
20260515_003115_JYAPYJ_000_f002595.jpg,1
20260515_003115_JYAPYJ_000_f002655.jpg,1
20260515_003115_JYAPYJ_000_f002715.jpg,1
20260515_003115_JYAPYJ_000_f002880.jpg,1
20260515_003115_JYAPYJ_000_f003090.jpg,1
20260515_003115_JYAPYJ_000_f003615.jpg,1
20260515_003115_JYAPYJ_000_f006525.jpg,1
20260515_003115_JYAPYJ_000_f008895.jpg,1
20260515_003115_JYAPYJ_001_f000420.jpg,1
20260515_003115_JYAPYJ_001_f000915.jpg,1
20260515_003115_JYAPYJ_001_f001455.jpg,1
20260515_003115_JYAPYJ_001_f001575.jpg,1
20260515_003115_JYAPYJ_001_f001800.jpg,1
20260515_003115_JYAPYJ_001_f001980.jpg,1
20260515_003115_JYAPYJ_001_f002580.jpg,1
20260515_003115_JYAPYJ_001_f002700.jpg,1
20260515_003115_JYAPYJ_001_f002835.jpg,1
20260515_003115_JYAPYJ_001_f003435.jpg,1
20260515_003115_JYAPYJ_001_f003615.jpg,1
20260515_003115_JYAPYJ_001_f003765.jpg,1
20260515_003115_JYAPYJ_001_f003825.jpg,1
20260515_003115_JYAPYJ_001_f003885.jpg,1
20260515_003115_JYAPYJ_001_f003990.jpg,1
20260515_003115_JYAPYJ_001_f004245.jpg,1
20260515_003115_JYAPYJ_001_f004305.jpg,1
20260515_003115_JYAPYJ_001_f004365.jpg,1
20260515_003115_JYAPYJ_001_f005280.jpg,1
20260515_003115_JYAPYJ_001_f005505.jpg,1
20260515_003115_JYAPYJ_001_f006075.jpg,1
20260515_003115_JYAPYJ_001_f006270.jpg,1
20260515_003115_JYAPYJ_001_f006405.jpg,1
20260515_003115_JYAPYJ_001_f006645.jpg,1
20260515_003115_JYAPYJ_001_f006765.jpg,1
20260515_003115_JYAPYJ_001_f007785.jpg,1
20260515_003115_JYAPYJ_001_f007845.jpg,1
20260515_003115_JYAPYJ_001_f007950.jpg,1
20260515_003115_JYAPYJ_001_f008055.jpg,1
20260515_003115_JYAPYJ_001_f008115.jpg,1
20260515_003115_JYAPYJ_001_f008445.jpg,1
20260515_003115_JYAPYJ_002_f000045.jpg,1
20260515_003115_JYAPYJ_002_f001035.jpg,1
20260515_003115_JYAPYJ_002_f004125.jpg,1
20260515_003115_JYAPYJ_002_f004215.jpg,1
20260515_003115_JYAPYJ_002_f004515.jpg,1
20260515_003115_JYAPYJ_002_f004815.jpg,1
20260515_003115_JYAPYJ_002_f006705.jpg,1
20260515_003115_JYAPYJ_002_f007065.jpg,1
20260515_003115_JYAPYJ_002_f007125.jpg,1
20260515_003115_JYAPYJ_002_f010140.jpg,1
20260515_003115_JYAPYJ_002_f010485.jpg,1
20260515_003745_UXBMDH_001_f000090.jpg,1
20260515_003745_UXBMDH_001_f000150.jpg,1
20260515_003745_UXBMDH_001_f000240.jpg,1
20260515_003745_UXBMDH_001_f001500.jpg,1
20260515_003745_UXBMDH_001_f002610.jpg,1
20260515_003745_UXBMDH_001_f005760.jpg,1
20260515_003745_UXBMDH_001_f006135.jpg,1
20260515_003745_UXBMDH_001_f006300.jpg,1
20260515_003745_UXBMDH_001_f007095.jpg,1
20260515_003745_UXBMDH_001_f007605.jpg,1
20260515_003745_UXBMDH_001_f007800.jpg,1
20260515_003745_UXBMDH_001_f007920.jpg,1
20260515_003745_UXBMDH_001_f008010.jpg,1
20260515_003745_UXBMDH_001_f008085.jpg,1
20260515_003745_UXBMDH_001_f008160.jpg,1
20260515_003745_UXBMDH_001_f008220.jpg,1
20260515_003745_UXBMDH_001_f008310.jpg,1
20260515_003745_UXBMDH_001_f008550.jpg,1
20260515_003745_UXBMDH_001_f009225.jpg,1
20260515_003745_UXBMDH_001_f009285.jpg,1
20260515_003745_UXBMDH_001_f009510.jpg,1
20260515_003745_UXBMDH_001_f009615.jpg,1
20260515_003745_UXBMDH_001_f009675.jpg,1
20260515_003745_UXBMDH_001_f009750.jpg,1
20260515_003745_UXBMDH_001_f010110.jpg,1
20260515_003745_UXBMDH_001_f010185.jpg,1
20260515_003745_UXBMDH_001_f010365.jpg,1
20260515_003745_UXBMDH_001_f010515.jpg,1
20260515_003745_UXBMDH_001_f010575.jpg,1
20260515_003745_UXBMDH_001_f010635.jpg,1
20260515_003745_UXBMDH_001_f010695.jpg,1
20260515_003745_UXBMDH_001_f010755.jpg,1
20260515_003745_UXBMDH_001_f010830.jpg,1
20260515_003745_UXBMDH_003_f000585.jpg,1
20260515_003745_UXBMDH_003_f000960.jpg,1
20260515_003745_UXBMDH_003_f001080.jpg,1
20260515_003745_UXBMDH_003_f002310.jpg,1
20260515_003745_UXBMDH_003_f002400.jpg,1
20260515_003745_UXBMDH_003_f002985.jpg,1
20260515_003745_UXBMDH_003_f003045.jpg,1
20260515_003745_UXBMDH_003_f003885.jpg,1
20260515_003745_UXBMDH_003_f005085.jpg,1
20260515_003745_UXBMDH_003_f005700.jpg,1
20260515_003745_UXBMDH_003_f008070.jpg,1
20260515_003745_UXBMDH_003_f008130.jpg,1
20260515_003745_UXBMDH_003_f008190.jpg,1
20260515_003745_UXBMDH_003_f008250.jpg,1
20260515_003745_UXBMDH_003_f008355.jpg,1
20260515_003745_UXBMDH_003_f008415.jpg,1
20260515_003745_UXBMDH_003_f008475.jpg,1
20260515_003745_UXBMDH_003_f008535.jpg,1
20260515_003745_UXBMDH_003_f008640.jpg,1
20260515_003745_UXBMDH_003_f008715.jpg,1
20260515_003745_UXBMDH_003_f008775.jpg,1
20260515_003745_UXBMDH_003_f008835.jpg,1
20260515_003745_UXBMDH_003_f009000.jpg,1
20260515_003745_UXBMDH_003_f009390.jpg,1
20260515_003745_UXBMDH_003_f010410.jpg,1
20260515_003745_UXBMDH_006_f003165.jpg,1
20260515_003745_UXBMDH_006_f003285.jpg,1
20260515_003928_YNVBUW_001_f000210.jpg,1
20260515_003928_YNVBUW_001_f000270.jpg,1
20260515_003928_YNVBUW_001_f000330.jpg,1
20260515_003928_YNVBUW_001_f000435.jpg,1
20260515_003928_YNVBUW_001_f000510.jpg,1
20260515_003928_YNVBUW_001_f000825.jpg,1
20260515_003928_YNVBUW_001_f000945.jpg,1
20260515_003928_YNVBUW_001_f001035.jpg,1
20260515_003928_YNVBUW_001_f001110.jpg,1
20260515_003928_YNVBUW_001_f001170.jpg,1
20260515_003928_YNVBUW_001_f001230.jpg,1
20260515_003928_YNVBUW_001_f001695.jpg,1
20260515_003928_YNVBUW_001_f002235.jpg,1
20260515_003928_YNVBUW_001_f002790.jpg,1
20260515_003928_YNVBUW_001_f002910.jpg,1
20260515_003928_YNVBUW_001_f004230.jpg,1
20260515_003928_YNVBUW_001_f005100.jpg,1
20260515_003928_YNVBUW_001_f005190.jpg,1
20260515_003928_YNVBUW_001_f005250.jpg,1
20260515_003928_YNVBUW_001_f005325.jpg,1
20260515_003928_YNVBUW_001_f006435.jpg,1
20260515_003928_YNVBUW_001_f006510.jpg,1
20260515_003928_YNVBUW_001_f006675.jpg,1
20260515_003928_YNVBUW_001_f006885.jpg,1
20260515_003928_YNVBUW_003_f000105.jpg,1
20260515_003928_YNVBUW_003_f000735.jpg,1
20260515_003928_YNVBUW_003_f001470.jpg,1
20260515_003928_YNVBUW_003_f002115.jpg,1
20260515_003928_YNVBUW_003_f002760.jpg,1
20260515_003928_YNVBUW_003_f003480.jpg,1
20260515_003928_YNVBUW_003_f004230.jpg,1
20260515_003928_YNVBUW_003_f004320.jpg,1
20260515_003928_YNVBUW_003_f005070.jpg,1
20260515_003928_YNVBUW_003_f005145.jpg,1
20260515_003928_YNVBUW_003_f005790.jpg,1
20260515_003928_YNVBUW_003_f005880.jpg,1
20260515_003928_YNVBUW_003_f005985.jpg,1
20260515_003928_YNVBUW_003_f006060.jpg,1
20260515_003928_YNVBUW_003_f006195.jpg,1
20260515_003928_YNVBUW_003_f006360.jpg,1
20260515_003928_YNVBUW_003_f006465.jpg,1
20260515_003928_YNVBUW_003_f006585.jpg,1
20260515_003928_YNVBUW_003_f006675.jpg,1
20260515_003928_YNVBUW_003_f006810.jpg,1
20260515_003928_YNVBUW_003_f006870.jpg,1
20260515_003928_YNVBUW_003_f007050.jpg,1
20260515_003928_YNVBUW_003_f007125.jpg,1
20260515_003928_YNVBUW_003_f007185.jpg,1
20260515_003928_YNVBUW_003_f007395.jpg,1
20260515_003928_YNVBUW_003_f007530.jpg,1
20260515_003928_YNVBUW_003_f007620.jpg,1
20260515_003928_YNVBUW_003_f007725.jpg,1
20260515_003928_YNVBUW_003_f008430.jpg,1
20260515_003928_YNVBUW_003_f009015.jpg,1
20260515_003928_YNVBUW_003_f009390.jpg,1
20260515_003928_YNVBUW_003_f009675.jpg,1
20260515_003928_YNVBUW_003_f010515.jpg,1
20260515_003928_YNVBUW_006_f003930.jpg,1
20260515_003928_YNVBUW_006_f007395.jpg,1
20260515_003928_YNVBUW_006_f007560.jpg,1
20260515_004344_GTCVXW_013_f000345.jpg,1
20260515_004344_GTCVXW_013_f000990.jpg,1
20260515_004344_GTCVXW_013_f001170.jpg,1
20260515_004344_GTCVXW_013_f001275.jpg,1
20260515_004344_GTCVXW_013_f001470.jpg,1
20260515_004344_GTCVXW_013_f001845.jpg,1
20260515_004344_GTCVXW_013_f008610.jpg,1
20260515_004344_GTCVXW_013_f010815.jpg,1
20260515_004344_GTCVXW_013_f010905.jpg,1
20260515_004344_GTCVXW_013_f010995.jpg,1
20260515_004344_GTCVXW_014_f000105.jpg,1
20260515_004344_GTCVXW_014_f000360.jpg,1
20260515_004344_GTCVXW_014_f000720.jpg,1
20260515_004344_GTCVXW_014_f001830.jpg,1
20260515_004344_GTCVXW_014_f003495.jpg,1
20260515_004344_GTCVXW_018_f000315.jpg,1
20260515_004344_GTCVXW_018_f001110.jpg,1
20260515_004344_GTCVXW_018_f001365.jpg,1
20260515_004344_GTCVXW_018_f001680.jpg,1
20260515_004344_GTCVXW_018_f001920.jpg,1
20260515_004344_GTCVXW_018_f001995.jpg,1
20260515_004344_GTCVXW_018_f004740.jpg,1
20260515_004344_GTCVXW_018_f009285.jpg,1
20260515_004529_QWLTEA_018_f000075.jpg,1
20260515_004529_QWLTEA_018_f000405.jpg,1
20260515_004529_QWLTEA_018_f006000.jpg,1
20260515_004529_QWLTEA_018_f007095.jpg,1
20260515_004529_QWLTEA_018_f007185.jpg,1
20260515_004529_QWLTEA_023_f000795.jpg,1
20260515_004529_QWLTEA_023_f001830.jpg,1
20260515_004529_QWLTEA_023_f002040.jpg,1
20260515_004529_QWLTEA_023_f002145.jpg,1
20260515_004529_QWLTEA_023_f002220.jpg,1
20260515_004529_QWLTEA_023_f003495.jpg,1
20260515_004529_QWLTEA_023_f006915.jpg,1
20260515_004529_QWLTEA_023_f010890.jpg,1
20260515_004529_QWLTEA_024_f000225.jpg,1
20260515_004529_QWLTEA_024_f010275.jpg,1
20260515_004529_QWLTEA_024_f010335.jpg,1
20260515_004529_QWLTEA_024_f010455.jpg,1
20260515_010244_MVXBFY_009_f000075.jpg,1
20260515_010244_MVXBFY_009_f000195.jpg,1
20260515_010244_MVXBFY_009_f000915.jpg,1
20260515_010244_MVXBFY_009_f000990.jpg,1
20260515_010244_MVXBFY_009_f001170.jpg,1
20260515_010244_MVXBFY_009_f001425.jpg,1
20260515_010244_MVXBFY_009_f002295.jpg,1
20260515_010244_MVXBFY_009_f002445.jpg,1
20260515_010244_MVXBFY_009_f003960.jpg,1
20260515_010244_MVXBFY_009_f008895.jpg,1
20260515_010244_MVXBFY_010_f001590.jpg,1
20260515_010244_MVXBFY_010_f003495.jpg,1
20260515_010244_MVXBFY_010_f007200.jpg,1
20260515_010244_MVXBFY_010_f007815.jpg,1
20260515_010244_MVXBFY_014_f001740.jpg,1
20260515_010244_MVXBFY_014_f001875.jpg,1
20260515_010244_MVXBFY_014_f002115.jpg,1
20260515_010244_MVXBFY_014_f002175.jpg,1
20260515_010244_MVXBFY_014_f002505.jpg,1
20260515_010244_MVXBFY_014_f005490.jpg,1
20260515_010244_MVXBFY_014_f005565.jpg,1
20260515_010244_MVXBFY_014_f005700.jpg,1
20260515_010244_MVXBFY_014_f008235.jpg,1
20260515_010850_VBUZRP_004_f000390.jpg,1
20260515_010850_VBUZRP_004_f002040.jpg,1
20260515_010850_VBUZRP_004_f003285.jpg,1
20260515_010850_VBUZRP_004_f003360.jpg,1
20260515_010850_VBUZRP_004_f004035.jpg,1
20260515_010850_VBUZRP_004_f009255.jpg,1
20260515_010850_VBUZRP_010_f001200.jpg,1
20260515_010850_VBUZRP_010_f001620.jpg,1
20260515_010850_VBUZRP_010_f002145.jpg,1
20260515_010850_VBUZRP_010_f002400.jpg,1
20260515_010850_VBUZRP_010_f004440.jpg,1
20260515_010850_VBUZRP_010_f004770.jpg,1
20260515_010850_VBUZRP_010_f005610.jpg,1
20260515_010850_VBUZRP_010_f006570.jpg,1
20260515_010850_VBUZRP_010_f006780.jpg,1
20260515_010850_VBUZRP_010_f007050.jpg,1
20260515_010850_VBUZRP_010_f007200.jpg,1
20260515_010850_VBUZRP_010_f007860.jpg,1
20260515_010850_VBUZRP_010_f008400.jpg,1
20260515_010850_VBUZRP_010_f008565.jpg,1
20260515_010850_VBUZRP_018_f000000.jpg,1
20260515_010850_VBUZRP_018_f000390.jpg,1
20260515_010850_VBUZRP_018_f000705.jpg,1
20260515_010850_VBUZRP_018_f001020.jpg,1
20260515_010850_VBUZRP_018_f002280.jpg,1
20260515_010850_VBUZRP_018_f002385.jpg,1
20260515_010850_VBUZRP_018_f002505.jpg,1
20260515_010850_VBUZRP_018_f002565.jpg,1
20260515_010850_VBUZRP_018_f002640.jpg,1
20260515_010850_VBUZRP_018_f002700.jpg,1
20260515_010850_VBUZRP_018_f003645.jpg,1
20260515_010850_VBUZRP_018_f005475.jpg,1
20260515_010850_VBUZRP_018_f006000.jpg,1
20260515_010850_VBUZRP_018_f006150.jpg,1
20260515_010850_VBUZRP_018_f006705.jpg,1
20260515_010850_VBUZRP_018_f006765.jpg,1
20260515_010850_VBUZRP_018_f006825.jpg,1
20260515_010850_VBUZRP_018_f006945.jpg,1
20260515_010850_VBUZRP_018_f007170.jpg,1
20260515_010850_VBUZRP_018_f008805.jpg,1
20260515_010850_VBUZRP_018_f009045.jpg,1
20260515_010850_VBUZRP_018_f009165.jpg,1
20260515_010850_VBUZRP_018_f010590.jpg,1
20260515_010850_VBUZRP_018_f010800.jpg,1
20260515_010850_VBUZRP_018_f010875.jpg,1
20260515_010850_VBUZRP_018_f010935.jpg,1
20260515_024614_HHFEYB_002_f000045.jpg,1
20260515_024614_HHFEYB_002_f000705.jpg,1
20260515_024614_HHFEYB_002_f002055.jpg,1
20260515_024614_HHFEYB_002_f002385.jpg,1
20260515_024614_HHFEYB_002_f002490.jpg,1
20260515_024614_HHFEYB_002_f002565.jpg,1
20260515_024614_HHFEYB_002_f002895.jpg,1
20260515_024614_HHFEYB_002_f003225.jpg,1
20260515_024614_HHFEYB_002_f003345.jpg,1
20260515_024614_HHFEYB_002_f003570.jpg,1
20260515_024614_HHFEYB_002_f003660.jpg,1
20260515_024614_HHFEYB_002_f003885.jpg,1
20260515_024614_HHFEYB_002_f003960.jpg,1
20260515_024614_HHFEYB_002_f004200.jpg,1
20260515_024614_HHFEYB_002_f004470.jpg,1
20260515_024614_HHFEYB_002_f004770.jpg,1
20260515_024614_HHFEYB_002_f004860.jpg,1
20260515_024614_HHFEYB_002_f007440.jpg,1
20260515_024614_HHFEYB_002_f008325.jpg,1
20260515_024614_HHFEYB_002_f009090.jpg,1
20260515_024614_HHFEYB_002_f009405.jpg,1
20260515_024614_HHFEYB_002_f009795.jpg,1
20260515_024614_HHFEYB_002_f010185.jpg,1
20260515_024614_HHFEYB_006_f000465.jpg,1
20260515_024614_HHFEYB_006_f000585.jpg,1
20260515_024614_HHFEYB_006_f003135.jpg,1
20260515_024614_HHFEYB_006_f003195.jpg,1
20260515_024614_HHFEYB_006_f003465.jpg,1
20260515_024614_HHFEYB_006_f003930.jpg,1
20260515_024614_HHFEYB_006_f006885.jpg,1
20260515_024614_HHFEYB_006_f007515.jpg,1
20260515_024614_HHFEYB_006_f008715.jpg,1
20260515_024614_HHFEYB_006_f008790.jpg,1
20260515_024614_HHFEYB_006_f009555.jpg,1
20260515_024614_HHFEYB_006_f010275.jpg,1
20260515_024614_HHFEYB_006_f010410.jpg,1
20260515_024614_HHFEYB_006_f011130.jpg,1
20260515_024614_HHFEYB_007_f000045.jpg,1
20260515_024614_HHFEYB_007_f000165.jpg,1
20260515_024614_HHFEYB_007_f000255.jpg,1
20260515_024614_HHFEYB_007_f000660.jpg,1
20260515_024614_HHFEYB_007_f000855.jpg,1
20260515_024614_HHFEYB_007_f001065.jpg,1
20260515_024614_HHFEYB_007_f001140.jpg,1
20260515_024614_HHFEYB_007_f001200.jpg,1
20260515_024614_HHFEYB_007_f001455.jpg,1
20260515_024614_HHFEYB_007_f004350.jpg,1
20260515_024614_HHFEYB_007_f004830.jpg,1
20260515_024614_HHFEYB_007_f005580.jpg,1
20260515_024614_HHFEYB_007_f009195.jpg,1
20260515_024614_HHFEYB_007_f010065.jpg,1
20260515_024614_HHFEYB_007_f010365.jpg,1
20260515_031641_ZLEKWA_002_f003180.jpg,1
20260515_031641_ZLEKWA_002_f003720.jpg,1
20260515_031641_ZLEKWA_002_f005505.jpg,1
20260515_031641_ZLEKWA_002_f005955.jpg,1
20260515_031641_ZLEKWA_002_f006135.jpg,1
20260515_031641_ZLEKWA_002_f006270.jpg,1
20260515_031641_ZLEKWA_002_f006615.jpg,1
20260515_031641_ZLEKWA_002_f006840.jpg,1
20260515_031641_ZLEKWA_003_f003015.jpg,1
20260515_031641_ZLEKWA_003_f008265.jpg,1
20260515_053559_GELWEZ_000_f000810.jpg,1
20260515_053559_GELWEZ_000_f000885.jpg,1
20260515_053559_GELWEZ_000_f001065.jpg,1
20260515_053559_GELWEZ_000_f001125.jpg,1
20260515_053559_GELWEZ_000_f001185.jpg,1
20260515_053559_GELWEZ_000_f001260.jpg,1
20260515_053559_GELWEZ_000_f001350.jpg,1
20260515_053559_GELWEZ_000_f001410.jpg,1
20260515_053559_GELWEZ_000_f001470.jpg,1
20260515_053559_GELWEZ_000_f001695.jpg,1
20260515_053559_GELWEZ_000_f002130.jpg,1
20260515_053559_GELWEZ_000_f003450.jpg,1
20260515_053559_GELWEZ_000_f003615.jpg,1
20260515_053559_GELWEZ_000_f003780.jpg,1
20260515_053559_GELWEZ_000_f004005.jpg,1
20260515_053559_GELWEZ_000_f004140.jpg,1
20260515_053559_GELWEZ_000_f004305.jpg,1
20260515_053559_GELWEZ_000_f004530.jpg,1
20260515_053559_GELWEZ_000_f005115.jpg,1
20260515_053559_GELWEZ_000_f005445.jpg,1
20260515_053559_GELWEZ_000_f005580.jpg,1
20260515_053559_GELWEZ_000_f006645.jpg,1
20260515_053559_GELWEZ_000_f010305.jpg,1
20260515_053559_GELWEZ_004_f003030.jpg,1
20260515_053559_GELWEZ_004_f007920.jpg,1
20260515_053559_GELWEZ_004_f010140.jpg,1
20260515_053559_GELWEZ_005_f000420.jpg,1
20260515_053559_GELWEZ_005_f000750.jpg,1
20260515_053559_GELWEZ_005_f000855.jpg,1
20260515_053559_GELWEZ_005_f001680.jpg,1
20260515_053559_GELWEZ_005_f002385.jpg,1
20260515_053559_GELWEZ_005_f002475.jpg,1
20260515_053559_GELWEZ_005_f002535.jpg,1
20260515_053559_GELWEZ_005_f002595.jpg,1
20260515_053559_GELWEZ_005_f002670.jpg,1
20260515_053559_GELWEZ_005_f002730.jpg,1
20260515_053559_GELWEZ_005_f002790.jpg,1
20260515_053559_GELWEZ_005_f002865.jpg,1
20260515_053559_GELWEZ_005_f003720.jpg,1
20260515_053559_GELWEZ_005_f004215.jpg,1
20260515_053559_GELWEZ_005_f007395.jpg,1
20260515_110408_DQDHUM_004_f002640.jpg,1
20260516_002412_TTXLXB_000_f000015.jpg,1
20260516_002412_TTXLXB_000_f000105.jpg,1
20260516_002412_TTXLXB_000_f000255.jpg,1
20260516_002412_TTXLXB_000_f000480.jpg,1
20260516_002412_TTXLXB_000_f000600.jpg,1
20260516_002412_TTXLXB_000_f000675.jpg,1
20260516_002412_TTXLXB_000_f000915.jpg,1
20260516_002412_TTXLXB_000_f001065.jpg,1
20260516_002412_TTXLXB_000_f001230.jpg,1
20260516_002412_TTXLXB_000_f001410.jpg,1
20260516_002412_TTXLXB_000_f001830.jpg,1
20260516_002412_TTXLXB_000_f001890.jpg,1
20260516_002412_TTXLXB_000_f002235.jpg,1
20260516_002412_TTXLXB_000_f002340.jpg,1
20260516_002412_TTXLXB_000_f002760.jpg,1
20260516_002412_TTXLXB_000_f002820.jpg,1
20260516_002412_TTXLXB_000_f003075.jpg,1
20260516_002412_TTXLXB_000_f003720.jpg,1
20260516_002412_TTXLXB_000_f003930.jpg,1
20260516_002412_TTXLXB_000_f005100.jpg,1
20260516_002412_TTXLXB_000_f005205.jpg,1
20260516_002412_TTXLXB_000_f005265.jpg,1
20260516_002412_TTXLXB_000_f005490.jpg,1
20260516_002412_TTXLXB_000_f006285.jpg,1
20260516_002412_TTXLXB_000_f006375.jpg,1
20260516_002412_TTXLXB_000_f006960.jpg,1
20260516_002412_TTXLXB_000_f007125.jpg,1
20260516_002412_TTXLXB_000_f007350.jpg,1
20260516_002412_TTXLXB_000_f007470.jpg,1
20260516_002412_TTXLXB_000_f008475.jpg,1
20260516_002412_TTXLXB_000_f008955.jpg,1
20260516_002412_TTXLXB_000_f009060.jpg,1
20260516_002412_TTXLXB_000_f010200.jpg,1
20260516_002412_TTXLXB_000_f010335.jpg,1
20260516_002412_TTXLXB_000_f010470.jpg,1
20260516_002412_TTXLXB_000_f010740.jpg,1
20260516_002412_TTXLXB_002_f001290.jpg,1
20260516_002412_TTXLXB_002_f002880.jpg,1
20260516_002412_TTXLXB_002_f004095.jpg,1
20260516_002412_TTXLXB_002_f004620.jpg,1
20260516_002412_TTXLXB_002_f005700.jpg,1
20260516_002412_TTXLXB_002_f008910.jpg,1
20260516_002412_TTXLXB_002_f008985.jpg,1
20260516_002412_TTXLXB_002_f009540.jpg,1
20260516_002412_TTXLXB_002_f009960.jpg,1
20260516_002412_TTXLXB_011_f000315.jpg,1
20260516_002412_TTXLXB_011_f000405.jpg,1
20260516_002412_TTXLXB_011_f000465.jpg,1
20260516_002412_TTXLXB_011_f000735.jpg,1
20260516_002412_TTXLXB_011_f004290.jpg,1
20260516_002412_TTXLXB_011_f004695.jpg,1
20260516_002412_TTXLXB_011_f004935.jpg,1
20260516_002412_TTXLXB_011_f005040.jpg,1
20260516_002412_TTXLXB_011_f005130.jpg,1
20260516_002412_TTXLXB_011_f005385.jpg,1
20260516_002412_TTXLXB_011_f006015.jpg,1
20260516_002412_TTXLXB_011_f006645.jpg,1
20260516_002412_TTXLXB_011_f007395.jpg,1
20260516_002412_TTXLXB_011_f007470.jpg,1
20260516_051447_UUFXQY_000_f001860.jpg,1
20260516_051447_UUFXQY_000_f002100.jpg,1
20260516_051447_UUFXQY_000_f002520.jpg,1
20260516_051447_UUFXQY_000_f002820.jpg,1
20260516_051447_UUFXQY_000_f002910.jpg,1
20260516_051447_UUFXQY_000_f004020.jpg,1
20260516_051447_UUFXQY_000_f004485.jpg,1
20260516_051447_UUFXQY_000_f005205.jpg,1
20260516_051447_UUFXQY_000_f005700.jpg,1
20260516_051447_UUFXQY_000_f005775.jpg,1
20260516_051447_UUFXQY_000_f005850.jpg,1
20260516_051447_UUFXQY_000_f007320.jpg,1
20260516_051447_UUFXQY_000_f007545.jpg,1
20260516_051447_UUFXQY_000_f007635.jpg,1
20260516_051447_UUFXQY_000_f009945.jpg,1
20260516_051447_UUFXQY_008_f000555.jpg,1
20260516_051447_UUFXQY_008_f000645.jpg,1
20260516_051447_UUFXQY_008_f000720.jpg,1
20260516_051447_UUFXQY_008_f001440.jpg,1
20260516_051447_UUFXQY_008_f001605.jpg,1
20260516_051447_UUFXQY_008_f001695.jpg,1
20260516_051447_UUFXQY_008_f001815.jpg,1
20260516_051447_UUFXQY_008_f002220.jpg,1
20260516_051447_UUFXQY_008_f006510.jpg,1
20260516_051447_UUFXQY_008_f006570.jpg,1
20260516_051447_UUFXQY_008_f006630.jpg,1
20260516_051447_UUFXQY_008_f006915.jpg,1
20260516_051447_UUFXQY_008_f007290.jpg,1
20260516_051447_UUFXQY_008_f009585.jpg,1
20260516_051447_UUFXQY_008_f010350.jpg,1
20260516_051447_UUFXQY_018_f000015.jpg,1
20260516_051447_UUFXQY_018_f000090.jpg,1
20260516_051447_UUFXQY_018_f000375.jpg,1
20260516_051447_UUFXQY_018_f000885.jpg,1
20260516_051447_UUFXQY_018_f000960.jpg,1
20260516_051447_UUFXQY_018_f001125.jpg,1
20260516_051447_UUFXQY_018_f001185.jpg,1
20260516_051447_UUFXQY_018_f001545.jpg,1
20260516_051447_UUFXQY_018_f001665.jpg,1
20260516_051447_UUFXQY_018_f002760.jpg,1
20260516_051447_UUFXQY_018_f002985.jpg,1
20260516_051447_UUFXQY_018_f003315.jpg,1
20260516_051447_UUFXQY_018_f003375.jpg,1
20260516_051447_UUFXQY_018_f003510.jpg,1
20260516_051447_UUFXQY_018_f003600.jpg,1
20260516_051447_UUFXQY_018_f003750.jpg,1
20260516_051447_UUFXQY_018_f003870.jpg,1
20260516_051447_UUFXQY_018_f003960.jpg,1
20260516_051447_UUFXQY_018_f004080.jpg,1
20260516_051447_UUFXQY_018_f004245.jpg,1
20260516_051447_UUFXQY_018_f004305.jpg,1
20260516_051447_UUFXQY_018_f004515.jpg,1
20260516_051447_UUFXQY_018_f004995.jpg,1
20260516_051447_UUFXQY_018_f005055.jpg,1
20260516_051447_UUFXQY_018_f005280.jpg,1
20260516_051447_UUFXQY_018_f008520.jpg,1
20260516_051447_UUFXQY_018_f008580.jpg,1
20260516_051447_UUFXQY_018_f008790.jpg,1
20260516_051447_UUFXQY_018_f009285.jpg,1
20260516_051447_UUFXQY_018_f010845.jpg,1
20260516_062532_BWCULD_004_f003840.jpg,1
20260516_062532_BWCULD_004_f007875.jpg,1
20260516_072229_CFUZLF_001_f000045.jpg,1
20260516_072229_CFUZLF_001_f002025.jpg,1
20260516_072229_CFUZLF_001_f002085.jpg,1
20260516_072229_CFUZLF_001_f004410.jpg,1
20260516_072229_CFUZLF_001_f006000.jpg,1
20260516_072229_CFUZLF_001_f006090.jpg,1
20260516_072229_CFUZLF_001_f006270.jpg,1
20260516_072229_CFUZLF_001_f009510.jpg,1
20260516_080659_WUKMTC_005_f000105.jpg,1
20260516_080659_WUKMTC_005_f000885.jpg,1
20260516_080659_WUKMTC_005_f001710.jpg,1
20260516_080659_WUKMTC_005_f002115.jpg,1
20260516_080659_WUKMTC_005_f002490.jpg,1
20260516_080659_WUKMTC_005_f002685.jpg,1
20260516_080659_WUKMTC_005_f003225.jpg,1
20260516_080659_WUKMTC_005_f003375.jpg,1
20260516_080659_WUKMTC_005_f004035.jpg,1
20260516_080659_WUKMTC_005_f004155.jpg,1
20260516_080659_WUKMTC_005_f004545.jpg,1
20260516_080659_WUKMTC_005_f005205.jpg,1
20260516_080659_WUKMTC_006_f000495.jpg,1
20260516_080659_WUKMTC_006_f000945.jpg,1
20260516_080659_WUKMTC_006_f002010.jpg,1
20260516_080659_WUKMTC_006_f002310.jpg,1
20260516_080659_WUKMTC_006_f003330.jpg,1
20260516_080659_WUKMTC_006_f004185.jpg,1
20260516_080659_WUKMTC_006_f004245.jpg,1
20260516_080659_WUKMTC_006_f005865.jpg,1
20260516_080659_WUKMTC_006_f006375.jpg,1
20260516_080659_WUKMTC_006_f008715.jpg,1
20260516_080659_WUKMTC_006_f009315.jpg,1
20260516_080659_WUKMTC_006_f009390.jpg,1
20260516_080659_WUKMTC_009_f000030.jpg,1
20260516_080659_WUKMTC_009_f000105.jpg,1
20260516_080659_WUKMTC_009_f000240.jpg,1
20260516_080659_WUKMTC_009_f001395.jpg,1
20260516_080659_WUKMTC_009_f001770.jpg,1
20260516_080659_WUKMTC_009_f005250.jpg,1
20260516_080659_WUKMTC_009_f005595.jpg,1
20260516_080659_WUKMTC_009_f007695.jpg,1
20260516_080659_WUKMTC_009_f008145.jpg,1
20260516_080659_WUKMTC_009_f008790.jpg,1
20260516_080659_WUKMTC_009_f008910.jpg,1
20260516_080659_WUKMTC_009_f010770.jpg,1
20260516_080659_WUKMTC_009_f010860.jpg,1
20260516_080659_WUKMTC_011_f001395.jpg,1
20260516_080659_WUKMTC_011_f002535.jpg,1
20260516_080659_WUKMTC_011_f002610.jpg,1
20260516_080659_WUKMTC_011_f002775.jpg,1
20260516_080659_WUKMTC_011_f002985.jpg,1
20260516_080659_WUKMTC_011_f003105.jpg,1
20260516_080659_WUKMTC_011_f003495.jpg,1
20260516_080659_WUKMTC_011_f003630.jpg,1
20260516_080659_WUKMTC_011_f004035.jpg,1
20260516_080659_WUKMTC_011_f004440.jpg,1
20260516_080659_WUKMTC_011_f008475.jpg,1
20260516_080659_WUKMTC_011_f010305.jpg,1
20260516_080659_WUKMTC_011_f010365.jpg,1
20260516_080659_WUKMTC_011_f010425.jpg,1
20260516_080659_WUKMTC_011_f010560.jpg,1
20260516_080659_WUKMTC_011_f010680.jpg,1
20260516_080659_WUKMTC_011_f010800.jpg,1
20260516_080659_WUKMTC_011_f010980.jpg,1
20260517_005607_NGYTXB_005_f000120.jpg,1
20260517_005607_NGYTXB_005_f001995.jpg,1
20260517_005607_NGYTXB_005_f002145.jpg,1
20260517_005607_NGYTXB_005_f002355.jpg,1
20260517_005607_NGYTXB_005_f002535.jpg,1
20260517_005607_NGYTXB_005_f002940.jpg,1
20260517_005607_NGYTXB_005_f003435.jpg,1
20260517_005607_NGYTXB_005_f003855.jpg,1
20260517_005607_NGYTXB_005_f004740.jpg,1
20260517_005607_NGYTXB_005_f005310.jpg,1
20260517_005607_NGYTXB_006_f000585.jpg,1
20260517_005607_NGYTXB_006_f000645.jpg,1
20260517_005607_NGYTXB_006_f000870.jpg,1
20260517_005607_NGYTXB_006_f001065.jpg,1
20260517_005607_NGYTXB_006_f002700.jpg,1
20260517_005607_NGYTXB_006_f002775.jpg,1
20260517_005607_NGYTXB_006_f003030.jpg,1
20260517_005607_NGYTXB_006_f003315.jpg,1
20260517_005607_NGYTXB_006_f003600.jpg,1
20260517_005607_NGYTXB_006_f004260.jpg,1
20260517_005607_NGYTXB_006_f004635.jpg,1
20260517_005607_NGYTXB_006_f004800.jpg,1
20260517_005607_NGYTXB_006_f005205.jpg,1
20260517_005607_NGYTXB_006_f007065.jpg,1
20260517_005607_NGYTXB_006_f008595.jpg,1
20260517_005607_NGYTXB_006_f010230.jpg,1
20260517_005607_NGYTXB_006_f010290.jpg,1
20260517_005607_NGYTXB_006_f010485.jpg,1
20260517_005607_NGYTXB_006_f010545.jpg,1
20260517_005607_NGYTXB_009_f000015.jpg,1
20260517_005607_NGYTXB_009_f000585.jpg,1
20260517_005607_NGYTXB_009_f001635.jpg,1
20260517_005607_NGYTXB_009_f001740.jpg,1
20260517_005607_NGYTXB_009_f001830.jpg,1
20260517_005607_NGYTXB_009_f001980.jpg,1
20260517_005607_NGYTXB_009_f002850.jpg,1
20260517_005607_NGYTXB_009_f002925.jpg,1
20260517_005607_NGYTXB_009_f003030.jpg,1
20260517_005607_NGYTXB_009_f003180.jpg,1
20260517_005607_NGYTXB_009_f003300.jpg,1
20260517_005607_NGYTXB_009_f003360.jpg,1
20260517_005607_NGYTXB_009_f005850.jpg,1
20260517_005607_NGYTXB_009_f005925.jpg,1
20260517_005607_NGYTXB_009_f006000.jpg,1
20260517_005607_NGYTXB_009_f006855.jpg,1
20260517_005607_NGYTXB_009_f007035.jpg,1
20260518_003119_LTYVTH_005_f000630.jpg,1
20260518_003119_LTYVTH_005_f007725.jpg,1
20260518_004242_LGYPJU_000_f000045.jpg,1
20260518_025952_KXSSHU_009_f005340.jpg,1
20260518_043426_WBNAVC_011_f002415.jpg,1
20260519_021138_BRKDVQ_007_f000885.jpg,1
20260519_021138_BRKDVQ_007_f006645.jpg,1
20260519_021138_BRKDVQ_007_f007275.jpg,1
20260519_021138_BRKDVQ_007_f007455.jpg,1
20260519_021138_BRKDVQ_007_f007905.jpg,1
20260519_021138_BRKDVQ_007_f009090.jpg,1
20260519_021138_BRKDVQ_007_f009360.jpg,1
20260519_021138_BRKDVQ_009_f000720.jpg,1
20260519_021138_BRKDVQ_009_f001065.jpg,1
20260519_021138_BRKDVQ_009_f005655.jpg,1
20260519_043221_LJNURC_007_f000870.jpg,1
20260519_043221_LJNURC_007_f004590.jpg,1
20260519_043221_LJNURC_007_f008850.jpg,1
20260519_043221_LJNURC_009_f004920.jpg,1
20260519_043221_LJNURC_009_f005160.jpg,1
20260519_043221_LJNURC_009_f005430.jpg,1
20260519_043221_LJNURC_009_f005640.jpg,1
20260519_043221_LJNURC_009_f006015.jpg,1
20260519_065119_HEDMDV_008_f002775.jpg,1
20260519_065119_HEDMDV_008_f002850.jpg,1
20260519_065119_HEDMDV_008_f006525.jpg,1
20260519_065119_HEDMDV_008_f007155.jpg,1
20260519_082829_ERYWNB_006_f006765.jpg,1
20260519_082829_ERYWNB_006_f006900.jpg,1
20260519_084222_AELSYM_002_f000510.jpg,1
20260519_091808_RTJUVF_005_f004590.jpg,1
20260520_003850_NVJVFE_024_f000120.jpg,1
20260520_003850_NVJVFE_024_f000180.jpg,1
20260520_003850_NVJVFE_024_f000315.jpg,1
20260520_003850_NVJVFE_024_f000615.jpg,1
20260520_003850_NVJVFE_024_f000810.jpg,1
20260520_003850_NVJVFE_024_f000870.jpg,1
20260520_003850_NVJVFE_024_f001140.jpg,1
20260520_003850_NVJVFE_024_f001200.jpg,1
20260520_003850_NVJVFE_024_f001260.jpg,1
20260520_003850_NVJVFE_024_f001335.jpg,1
20260520_003850_NVJVFE_024_f001470.jpg,1
20260520_003850_NVJVFE_024_f002265.jpg,1
20260520_003850_NVJVFE_024_f002325.jpg,1
20260520_003850_NVJVFE_024_f003660.jpg,1
20260520_003850_NVJVFE_024_f004155.jpg,1
20260520_003850_NVJVFE_024_f004245.jpg,1
20260520_003850_NVJVFE_024_f004515.jpg,1
20260520_003850_NVJVFE_024_f004620.jpg,1
20260520_003850_NVJVFE_024_f005445.jpg,1
20260520_003850_NVJVFE_024_f005505.jpg,1
20260520_003850_NVJVFE_024_f005910.jpg,1
20260520_003850_NVJVFE_024_f006030.jpg,1
20260520_003850_NVJVFE_024_f006480.jpg,1
20260520_003850_NVJVFE_024_f006765.jpg,1
20260520_003850_NVJVFE_024_f006825.jpg,1
20260520_003850_NVJVFE_024_f007080.jpg,1
20260520_003850_NVJVFE_024_f007545.jpg,1
20260520_003850_NVJVFE_024_f007605.jpg,1
20260520_003850_NVJVFE_024_f008385.jpg,1
20260520_003850_NVJVFE_025_f000165.jpg,1
20260520_003850_NVJVFE_025_f001620.jpg,1
20260520_003850_NVJVFE_025_f002745.jpg,1
20260520_003850_NVJVFE_025_f003285.jpg,1
20260520_003850_NVJVFE_025_f003345.jpg,1
20260520_003850_NVJVFE_025_f003705.jpg,1
20260520_003850_NVJVFE_025_f006825.jpg,1
20260520_003850_NVJVFE_025_f010395.jpg,1
20260520_003850_NVJVFE_026_f000015.jpg,1
20260520_003850_NVJVFE_026_f000165.jpg,1
20260520_003850_NVJVFE_026_f000495.jpg,1
20260520_003850_NVJVFE_026_f000750.jpg,1
20260520_003850_NVJVFE_026_f001140.jpg,1
20260520_003850_NVJVFE_026_f001335.jpg,1
20260520_003850_NVJVFE_026_f001395.jpg,1
20260520_003850_NVJVFE_026_f001560.jpg,1
20260520_003850_NVJVFE_026_f001695.jpg,1
20260520_003850_NVJVFE_026_f001920.jpg,1
20260520_003850_NVJVFE_026_f001995.jpg,1
20260520_003850_NVJVFE_026_f002235.jpg,1
20260520_003850_NVJVFE_026_f002325.jpg,1
20260520_003850_NVJVFE_026_f003135.jpg,1
20260520_003850_NVJVFE_026_f003195.jpg,1
20260520_003850_NVJVFE_026_f003255.jpg,1
20260520_003850_NVJVFE_026_f004380.jpg,1
20260520_003850_NVJVFE_026_f005265.jpg,1
20260520_003850_NVJVFE_026_f005850.jpg,1
20260520_003850_NVJVFE_026_f006300.jpg,1
20260520_003850_NVJVFE_026_f008250.jpg,1
20260520_003850_NVJVFE_026_f009045.jpg,1
20260520_003850_NVJVFE_026_f010305.jpg,1
20260520_004044_XPNAJM_001_f000240.jpg,1
20260520_004044_XPNAJM_001_f000330.jpg,1
20260520_004044_XPNAJM_001_f000390.jpg,1
20260520_004044_XPNAJM_001_f000750.jpg,1
20260520_004044_XPNAJM_001_f001005.jpg,1
20260520_004044_XPNAJM_001_f001230.jpg,1
20260520_004044_XPNAJM_001_f001350.jpg,1
20260520_004044_XPNAJM_001_f001590.jpg,1
20260520_004044_XPNAJM_001_f001650.jpg,1
20260520_004044_XPNAJM_001_f001710.jpg,1
20260520_004044_XPNAJM_001_f001935.jpg,1
20260520_004044_XPNAJM_001_f002025.jpg,1
20260520_004044_XPNAJM_001_f002250.jpg,1
20260520_004044_XPNAJM_001_f002310.jpg,1
20260520_004044_XPNAJM_001_f002385.jpg,1
20260520_004044_XPNAJM_001_f002610.jpg,1
20260520_004044_XPNAJM_001_f002670.jpg,1
20260520_004044_XPNAJM_001_f003195.jpg,1
20260520_004044_XPNAJM_001_f003285.jpg,1
20260520_004044_XPNAJM_001_f003465.jpg,1
20260520_004044_XPNAJM_001_f003525.jpg,1
20260520_004044_XPNAJM_001_f003585.jpg,1
20260520_004044_XPNAJM_001_f003900.jpg,1
20260520_004044_XPNAJM_001_f004230.jpg,1
20260520_004044_XPNAJM_001_f004290.jpg,1
20260520_004044_XPNAJM_001_f004500.jpg,1
20260520_004044_XPNAJM_001_f005070.jpg,1
20260520_004044_XPNAJM_001_f005760.jpg,1
20260520_004044_XPNAJM_001_f007620.jpg,1
20260520_004044_XPNAJM_009_f000255.jpg,1
20260520_004044_XPNAJM_009_f000645.jpg,1
20260520_004044_XPNAJM_009_f009135.jpg,1
20260520_004044_XPNAJM_010_f008535.jpg,1
20260520_042048_VGEXLL_002_f000195.jpg,1
20260520_042048_VGEXLL_002_f001170.jpg,1
20260520_052340_RGFYXW_000_f001920.jpg,1
20260520_052804_GXABTN_016_f007185.jpg,1
20260520_052804_GXABTN_016_f007245.jpg,1
20260520_052804_GXABTN_016_f007305.jpg,1
20260520_052804_GXABTN_016_f007365.jpg,1
20260520_052804_GXABTN_016_f007425.jpg,1
20260520_052804_GXABTN_016_f007785.jpg,1
20260520_052804_GXABTN_016_f007860.jpg,1
20260520_052804_GXABTN_018_f000615.jpg,1
20260520_052804_GXABTN_018_f005655.jpg,1
20260520_053341_YYCHTA_002_f000660.jpg,1
20260520_053341_YYCHTA_005_f002565.jpg,1
20260520_053341_YYCHTA_005_f007545.jpg,1
20260520_055311_KZXHPY_002_f000180.jpg,1
20260520_055311_KZXHPY_002_f002940.jpg,1
20260520_055311_KZXHPY_002_f008925.jpg,1
20260520_055311_KZXHPY_002_f009150.jpg,1
20260520_062354_UKCMZU_001_f002835.jpg,1
20260520_064407_BDBMHJ_001_f002220.jpg,1
20260520_064407_BDBMHJ_001_f010500.jpg,1
20260520_064407_BDBMHJ_001_f010740.jpg,1
20260520_064407_BDBMHJ_001_f010845.jpg,1
20260520_064407_BDBMHJ_001_f010905.jpg,1
20260520_064407_BDBMHJ_009_f001485.jpg,1
20260520_064407_BDBMHJ_009_f001740.jpg,1
20260520_064407_BDBMHJ_009_f001830.jpg,1
20260520_064407_BDBMHJ_009_f001920.jpg,1
20260520_064407_BDBMHJ_009_f002040.jpg,1
20260520_064407_BDBMHJ_009_f002190.jpg,1
20260520_064407_BDBMHJ_009_f002340.jpg,1
20260520_064407_BDBMHJ_009_f002610.jpg,1
20260520_064407_BDBMHJ_009_f002685.jpg,1
20260520_064407_BDBMHJ_009_f002745.jpg,1
20260520_064407_BDBMHJ_015_f008985.jpg,1
20260520_064407_BDBMHJ_015_f009180.jpg,1
20260520_064407_BDBMHJ_015_f009300.jpg,1
20260520_064407_BDBMHJ_015_f009495.jpg,1
20260520_082056_SNFKBP_006_f000525.jpg,1
20260520_082056_SNFKBP_006_f000615.jpg,1
20260520_082056_SNFKBP_006_f000720.jpg,1
20260520_082056_SNFKBP_006_f000855.jpg,1
20260520_082056_SNFKBP_006_f001080.jpg,1
20260520_082056_SNFKBP_006_f001275.jpg,1
20260520_082056_SNFKBP_006_f001335.jpg,1
20260520_082056_SNFKBP_006_f001500.jpg,1
20260520_082056_SNFKBP_006_f001605.jpg,1
20260520_082056_SNFKBP_006_f001710.jpg,1
20260520_082056_SNFKBP_006_f001800.jpg,1
20260520_082056_SNFKBP_006_f001860.jpg,1
20260520_082056_SNFKBP_006_f004395.jpg,1
20260520_082056_SNFKBP_006_f009015.jpg,1
20260520_082056_SNFKBP_006_f009135.jpg,1
20260520_082056_SNFKBP_006_f009285.jpg,1
20260520_082056_SNFKBP_006_f009645.jpg,1
20260520_082056_SNFKBP_006_f009780.jpg,1
20260520_082056_SNFKBP_006_f009930.jpg,1
20260520_082056_SNFKBP_006_f010335.jpg,1
20260520_082056_SNFKBP_006_f010500.jpg,1
20260520_082056_SNFKBP_006_f010665.jpg,1
20260520_082056_SNFKBP_007_f000450.jpg,1
20260520_082056_SNFKBP_007_f000570.jpg,1
20260520_082056_SNFKBP_007_f001110.jpg,1
20260520_082056_SNFKBP_007_f001380.jpg,1
20260520_082056_SNFKBP_007_f001695.jpg,1
20260520_082056_SNFKBP_007_f001800.jpg,1
20260520_082056_SNFKBP_007_f002505.jpg,1
20260520_082056_SNFKBP_007_f003675.jpg,1
20260520_082056_SNFKBP_007_f009375.jpg,1
20260520_082056_SNFKBP_008_f000015.jpg,1
20260520_082056_SNFKBP_008_f000075.jpg,1
20260520_082056_SNFKBP_008_f000165.jpg,1
20260520_082056_SNFKBP_008_f000240.jpg,1
20260520_082056_SNFKBP_008_f000375.jpg,1
20260520_082056_SNFKBP_008_f000645.jpg,1
20260520_082056_SNFKBP_008_f000795.jpg,1
20260520_082056_SNFKBP_008_f000855.jpg,1
20260520_082056_SNFKBP_008_f001455.jpg,1
20260520_082056_SNFKBP_008_f001575.jpg,1
20260520_082056_SNFKBP_008_f001860.jpg,1
20260520_082056_SNFKBP_008_f002205.jpg,1
20260520_082056_SNFKBP_008_f002325.jpg,1
20260520_082056_SNFKBP_008_f002445.jpg,1
20260520_082056_SNFKBP_008_f003420.jpg,1
20260520_082056_SNFKBP_008_f004125.jpg,1
20260520_082056_SNFKBP_008_f004335.jpg,1
20260520_082056_SNFKBP_008_f005730.jpg,1
20260520_082056_SNFKBP_008_f006210.jpg,1
20260520_082056_SNFKBP_008_f008445.jpg,1
20260520_082056_SNFKBP_008_f009075.jpg,1
20260520_082056_SNFKBP_008_f010680.jpg,1
20260520_082056_SNFKBP_008_f011130.jpg,1
20260520_090555_PFZKCC_006_f004065.jpg,1
20260520_140623_CRLMNT_009_f000915.jpg,1
20260520_140623_CRLMNT_009_f003375.jpg,1
20260520_140623_CRLMNT_009_f007125.jpg,1
20260521_042627_SDGQAH_013_f010485.jpg,1
20260521_062021_QLEDXJ_000_f003315.jpg,1
20260521_090951_YNJESG_009_f010635.jpg,1
20260521_150905_USRLBE_002_f001815.jpg,1
20260521_150905_USRLBE_002_f001875.jpg,1
20260521_152801_NSBEJY_001_f000825.jpg,1
20260521_152801_NSBEJY_001_f001830.jpg,1
20260521_152801_NSBEJY_001_f003555.jpg,1
20260521_163448_AGANSF_000_f003285.jpg,1
20260521_163448_AGANSF_000_f004845.jpg,1
20260521_163448_AGANSF_000_f006705.jpg,1
20260521_163448_AGANSF_000_f007065.jpg,1
20260521_163448_AGANSF_000_f010575.jpg,1
20260521_170223_WCTDXH_000_f006870.jpg,1
20260521_170223_WCTDXH_000_f010680.jpg,1
20260521_175402_ULCWCG_000_f000405.jpg,1
20260521_175402_ULCWCG_000_f003765.jpg,1
20260521_175402_ULCWCG_000_f005355.jpg,1
20260521_175402_ULCWCG_000_f005700.jpg,1
20260521_175402_ULCWCG_000_f006600.jpg,1
20260521_175402_ULCWCG_000_f007425.jpg,1
20260521_175402_ULCWCG_000_f007935.jpg,1
20260521_175402_ULCWCG_000_f008040.jpg,1
20260521_175402_ULCWCG_000_f008415.jpg,1
20260521_175402_ULCWCG_001_f001320.jpg,1
20260521_175402_ULCWCG_001_f002790.jpg,1
20260521_175402_ULCWCG_001_f003270.jpg,1
20260521_175402_ULCWCG_001_f003360.jpg,1
20260521_175402_ULCWCG_001_f006255.jpg,1
20260521_185305_GFSJNG_000_f001995.jpg,1
20260521_185305_GFSJNG_000_f002055.jpg,1
20260521_185305_GFSJNG_000_f002280.jpg,1
20260521_185305_GFSJNG_000_f002955.jpg,1
20260521_185305_GFSJNG_000_f003075.jpg,1
20260521_185305_GFSJNG_000_f003255.jpg,1
20260521_185305_GFSJNG_000_f003315.jpg,1
20260521_185305_GFSJNG_000_f003420.jpg,1
20260521_185305_GFSJNG_000_f004590.jpg,1
20260521_185305_GFSJNG_000_f004725.jpg,1
20260521_185305_GFSJNG_000_f004815.jpg,1
20260521_185305_GFSJNG_000_f004920.jpg,1
20260521_185305_GFSJNG_001_f003330.jpg,1
20260521_185305_GFSJNG_001_f005145.jpg,1
20260521_201358_DJDFYZ_000_f008460.jpg,1
20260521_201358_DJDFYZ_000_f009330.jpg,1
20260521_201358_DJDFYZ_000_f010935.jpg,1
20260521_201358_DJDFYZ_003_f003015.jpg,1
20260521_201358_DJDFYZ_003_f005310.jpg,1
20260522_001407_NSGMGX_001_f005400.jpg,1
20260522_005327_GHBFJU_003_f009720.jpg,1
20260522_005327_GHBFJU_003_f009930.jpg,1
20260522_012517_CLDURR_000_f000840.jpg,1
20260522_012517_CLDURR_000_f006105.jpg,1
20260522_012517_CLDURR_001_f001350.jpg,1
20260522_012517_CLDURR_005_f000975.jpg,1
20260522_012517_CLDURR_005_f005490.jpg,1
20260522_021136_QTGFDZ_002_f001770.jpg,1
20260522_021136_QTGFDZ_005_f005775.jpg,1
20260522_021806_BJLJWT_006_f002535.jpg,1
20260522_044101_GDARSP_001_f008955.jpg,1
20260522_045210_AXAJMP_000_f000120.jpg,1
20260522_045210_AXAJMP_000_f000255.jpg,1
20260522_050911_SRJGBD_010_f008835.jpg,1
20260522_062257_EEDHHF_015_f001110.jpg,1
20260522_081122_EPGBED_012_f001785.jpg,1
20260522_093025_FNWPBE_000_f000000.jpg,1
20260522_093025_FNWPBE_000_f000060.jpg,1
20260522_093025_FNWPBE_000_f000210.jpg,1
20260522_093025_FNWPBE_000_f000270.jpg,1
20260522_093025_FNWPBE_000_f000390.jpg,1
20260522_093025_FNWPBE_000_f000450.jpg,1
20260522_093025_FNWPBE_000_f000630.jpg,1
20260522_093025_FNWPBE_000_f000690.jpg,1
20260522_093025_FNWPBE_000_f000750.jpg,1
20260522_093025_FNWPBE_000_f000885.jpg,1
20260522_093025_FNWPBE_000_f000945.jpg,1
20260522_093025_FNWPBE_000_f001155.jpg,1
20260522_093025_FNWPBE_000_f001230.jpg,1
20260522_093025_FNWPBE_000_f001470.jpg,1
20260522_093025_FNWPBE_000_f003060.jpg,1
20260522_133154_BAZDGE_001_f006825.jpg,1
20260522_135803_HEMYBG_001_f010995.jpg,1
20260522_154241_QLALHJ_003_f003900.jpg,1
20260522_154241_QLALHJ_003_f006225.jpg,1
20260522_154241_QLALHJ_003_f007575.jpg,1
20260525_065758_QKZFNR_000_f003810.jpg,1
20260525_065758_QKZFNR_000_f003885.jpg,1
20260525_065758_QKZFNR_000_f003960.jpg,1
20260525_065758_QKZFNR_000_f004020.jpg,1
20260525_065758_QKZFNR_000_f004290.jpg,1
20260525_065758_QKZFNR_000_f004395.jpg,1
20260527_055549_GSBGLX_008_f010995.jpg,1
20260528_031947_LFLBFH_013_f010065.jpg,1
20260528_065008_XYDVJB_009_f005010.jpg,1
20260528_065008_XYDVJB_009_f005160.jpg,1
20260528_075752_MWMNNU_000_f010290.jpg,1
20260602_064056_ARGCQH_004_f000015.jpg,1
20260602_064056_ARGCQH_004_f000135.jpg,1
20260602_064056_ARGCQH_004_f000570.jpg,1
20260602_064056_ARGCQH_004_f000915.jpg,1
20260602_064056_ARGCQH_004_f001155.jpg,1
20260602_064056_ARGCQH_004_f001215.jpg,1
20260602_064056_ARGCQH_004_f001470.jpg,1
20260602_064056_ARGCQH_004_f001725.jpg,1
20260602_064056_ARGCQH_004_f001785.jpg,1
20260602_064056_ARGCQH_004_f003255.jpg,1
20260602_064056_ARGCQH_004_f003315.jpg,1
20260602_064056_ARGCQH_004_f003375.jpg,1
20260602_064056_ARGCQH_004_f003435.jpg,1
20260602_064056_ARGCQH_004_f003645.jpg,1
20260602_064056_ARGCQH_004_f004155.jpg,1
20260602_064056_ARGCQH_004_f004215.jpg,1
20260602_064056_ARGCQH_004_f004290.jpg,1
20260602_064056_ARGCQH_004_f004350.jpg,1
20260602_064056_ARGCQH_004_f004410.jpg,1
20260602_064056_ARGCQH_004_f004470.jpg,1
20260602_064056_ARGCQH_004_f004545.jpg,1
20260602_064056_ARGCQH_004_f004650.jpg,1
20260602_064056_ARGCQH_004_f004815.jpg,1
20260602_064056_ARGCQH_004_f004875.jpg,1
20260602_064056_ARGCQH_004_f004950.jpg,1
20260602_064056_ARGCQH_004_f005055.jpg,1
20260602_064056_ARGCQH_004_f005490.jpg,1
20260602_064056_ARGCQH_004_f005985.jpg,1
20260602_064056_ARGCQH_004_f006630.jpg,1
20260602_064056_ARGCQH_004_f006690.jpg,1
20260602_064056_ARGCQH_004_f006750.jpg,1
20260602_064056_ARGCQH_004_f006825.jpg,1
20260602_064056_ARGCQH_004_f006885.jpg,1
20260602_064056_ARGCQH_004_f007095.jpg,1
20260602_064056_ARGCQH_004_f007155.jpg,1
20260602_064056_ARGCQH_004_f007215.jpg,1
20260602_064056_ARGCQH_004_f008085.jpg,1
20260602_064056_ARGCQH_004_f008925.jpg,1
20260602_064056_ARGCQH_004_f009675.jpg,1
20260602_064056_ARGCQH_004_f010245.jpg,1
20260602_064056_ARGCQH_007_f002880.jpg,1
20260602_064056_ARGCQH_007_f003120.jpg,1
20260602_064056_ARGCQH_007_f003810.jpg,1
20260602_064056_ARGCQH_007_f006360.jpg,1
20260602_064056_ARGCQH_007_f009900.jpg,1
20260602_064056_ARGCQH_007_f010020.jpg,1
20260602_064056_ARGCQH_007_f010695.jpg,1
20260602_064056_ARGCQH_007_f011100.jpg,1
20260602_064056_ARGCQH_009_f000615.jpg,1
20260602_064056_ARGCQH_009_f002505.jpg,1
20260602_064056_ARGCQH_009_f005220.jpg,1
20260602_064056_ARGCQH_009_f010230.jpg,1
20260602_064056_ARGCQH_009_f010440.jpg,1
20260602_064056_ARGCQH_009_f010500.jpg,1
20260602_064056_ARGCQH_009_f010560.jpg,1
20260602_064056_ARGCQH_009_f010695.jpg,1
20260602_064056_ARGCQH_009_f010755.jpg,1
20260602_064056_ARGCQH_009_f010965.jpg,1
20260602_064439_DYATDT_013_f001395.jpg,1
20260602_064439_DYATDT_013_f001455.jpg,1
20260602_064439_DYATDT_013_f001620.jpg,1
20260602_064439_DYATDT_013_f002085.jpg,1
20260602_064439_DYATDT_013_f005100.jpg,1
20260602_064439_DYATDT_020_f000555.jpg,1
20260602_064439_DYATDT_020_f004440.jpg,1
20260602_064439_DYATDT_020_f004590.jpg,1
20260602_064439_DYATDT_020_f004650.jpg,1
20260602_064439_DYATDT_020_f004710.jpg,1
20260602_064439_DYATDT_020_f004770.jpg,1
20260602_064439_DYATDT_020_f005400.jpg,1
20260602_064439_DYATDT_020_f005505.jpg,1
20260602_064439_DYATDT_020_f005580.jpg,1
20260602_103334_PJRJZZ_007_f001725.jpg,1
20260602_103334_PJRJZZ_007_f001905.jpg,1
20260602_103334_PJRJZZ_007_f003195.jpg,1
20260602_103334_PJRJZZ_007_f003810.jpg,1
20260602_103334_PJRJZZ_007_f009885.jpg,1
20260602_103334_PJRJZZ_017_f000000.jpg,1
20260602_103334_PJRJZZ_017_f000705.jpg,1
20260602_103334_PJRJZZ_017_f000765.jpg,1
20260602_103334_PJRJZZ_017_f001515.jpg,1
20260602_103334_PJRJZZ_017_f001575.jpg,1
20260602_103334_PJRJZZ_017_f001635.jpg,1
20260602_103334_PJRJZZ_017_f001695.jpg,1
20260602_103334_PJRJZZ_017_f001770.jpg,1
20260602_103334_PJRJZZ_017_f001830.jpg,1
20260602_103334_PJRJZZ_017_f001890.jpg,1
20260602_103334_PJRJZZ_017_f002025.jpg,1
20260602_103334_PJRJZZ_017_f002190.jpg,1
20260602_103334_PJRJZZ_017_f002250.jpg,1
20260602_103334_PJRJZZ_017_f002910.jpg,1
20260602_103334_PJRJZZ_017_f002970.jpg,1
20260602_103334_PJRJZZ_017_f003540.jpg,1
20260602_103334_PJRJZZ_017_f003720.jpg,1
20260602_103334_PJRJZZ_017_f003855.jpg,1
20260602_103334_PJRJZZ_017_f004005.jpg,1
20260602_103334_PJRJZZ_017_f004185.jpg,1
20260602_103334_PJRJZZ_017_f004665.jpg,1
20260602_103334_PJRJZZ_017_f004725.jpg,1
20260602_103334_PJRJZZ_017_f004845.jpg,1
20260602_103334_PJRJZZ_017_f004920.jpg,1
20260602_103334_PJRJZZ_017_f005085.jpg,1
20260602_103334_PJRJZZ_017_f005190.jpg,1
20260602_103334_PJRJZZ_017_f005265.jpg,1
20260602_103334_PJRJZZ_017_f005325.jpg,1
20260602_103334_PJRJZZ_017_f006615.jpg,1
20260602_103334_PJRJZZ_017_f006720.jpg,1
20260602_103334_PJRJZZ_017_f007440.jpg,1
20260602_103334_PJRJZZ_017_f007605.jpg,1
20260602_103334_PJRJZZ_017_f007680.jpg,1
20260602_103334_PJRJZZ_017_f007845.jpg,1
20260602_103334_PJRJZZ_017_f008265.jpg,1
20260602_103334_PJRJZZ_017_f009120.jpg,1
20260602_103334_PJRJZZ_017_f009180.jpg,1
20260602_103334_PJRJZZ_017_f009255.jpg,1
20260602_103334_PJRJZZ_019_f000090.jpg,1
20260602_103334_PJRJZZ_019_f000255.jpg,1
20260602_103334_PJRJZZ_019_f000315.jpg,1
20260602_103334_PJRJZZ_019_f000720.jpg,1
20260602_103334_PJRJZZ_019_f001080.jpg,1
20260602_103334_PJRJZZ_019_f001215.jpg,1
20260602_103334_PJRJZZ_019_f001785.jpg,1
20260602_103334_PJRJZZ_019_f002445.jpg,1
20260602_103334_PJRJZZ_019_f002550.jpg,1
20260602_103334_PJRJZZ_019_f002625.jpg,1
20260602_103334_PJRJZZ_019_f003450.jpg,1
20260602_103334_PJRJZZ_019_f004350.jpg,1
20260602_103334_PJRJZZ_019_f004440.jpg,1
20260602_103334_PJRJZZ_019_f004515.jpg,1
20260602_103334_PJRJZZ_019_f004680.jpg,1
20260602_103334_PJRJZZ_019_f004920.jpg,1
20260602_103334_PJRJZZ_019_f006495.jpg,1
20260606_062553_PAEMJZ_001_f000540.jpg,1
20260606_075807_TEKNFQ_006_f002265.jpg,1
20260606_110035_RCTKYB_016_f000900.jpg,1
20260606_111236_TSCNJG_003_f007065.jpg,1
20260606_125216_DQLNZT_009_f002475.jpg,1
20260606_125216_DQLNZT_009_f008760.jpg,1
20260606_125216_DQLNZT_012_f005430.jpg,1
20260608_003107_BHGQEF_013_f007980.jpg,1
20260608_003107_BHGQEF_017_f002670.jpg,1
20260608_012036_XHFRKK_010_f006375.jpg,1
20260608_012036_XHFRKK_010_f008430.jpg,1
20260608_012036_XHFRKK_010_f008700.jpg,1
20260608_012036_XHFRKK_010_f008760.jpg,1
20260608_012036_XHFRKK_010_f008820.jpg,1
20260608_012036_XHFRKK_010_f010815.jpg,1
20260608_012036_XHFRKK_011_f001080.jpg,1
20260608_012036_XHFRKK_011_f001440.jpg,1
20260608_012036_XHFRKK_011_f001560.jpg,1
20260608_012036_XHFRKK_011_f001890.jpg,1
20260608_012036_XHFRKK_011_f002730.jpg,1
20260608_012036_XHFRKK_011_f004155.jpg,1
20260608_012036_XHFRKK_011_f004215.jpg,1
20260608_012036_XHFRKK_011_f004605.jpg,1
20260608_012036_XHFRKK_011_f005040.jpg,1
20260608_012036_XHFRKK_011_f005130.jpg,1
20260608_012036_XHFRKK_011_f005190.jpg,1
20260608_012036_XHFRKK_011_f005250.jpg,1
20260608_012036_XHFRKK_011_f005505.jpg,1
20260608_012036_XHFRKK_011_f008835.jpg,1
20260608_020405_NSLUWW_001_f003105.jpg,1
20260608_020405_NSLUWW_001_f003810.jpg,1
20260608_020405_NSLUWW_001_f004035.jpg,1
20260608_020405_NSLUWW_001_f004305.jpg,1
20260608_020405_NSLUWW_001_f004560.jpg,1
20260608_020405_NSLUWW_001_f005235.jpg,1
20260608_020405_NSLUWW_001_f005310.jpg,1
20260608_020405_NSLUWW_001_f005985.jpg,1
20260608_020405_NSLUWW_001_f009375.jpg,1
20260608_020405_NSLUWW_001_f009690.jpg,1
20260608_020405_NSLUWW_001_f010035.jpg,1
20260608_020405_NSLUWW_003_f000000.jpg,1
20260608_020405_NSLUWW_003_f000105.jpg,1
20260608_020405_NSLUWW_003_f000315.jpg,1
20260608_020405_NSLUWW_003_f000435.jpg,1
20260608_020405_NSLUWW_003_f000795.jpg,1
20260608_020405_NSLUWW_003_f001155.jpg,1
20260608_020405_NSLUWW_003_f001710.jpg,1
20260608_020405_NSLUWW_003_f002235.jpg,1
20260608_020405_NSLUWW_003_f002325.jpg,1
20260608_020405_NSLUWW_003_f002385.jpg,1
20260608_020405_NSLUWW_003_f002460.jpg,1
20260608_020405_NSLUWW_003_f002715.jpg,1
20260608_020405_NSLUWW_003_f003675.jpg,1
20260608_020405_NSLUWW_003_f003975.jpg,1
20260608_020405_NSLUWW_003_f004530.jpg,1
20260608_020405_NSLUWW_003_f004755.jpg,1
20260608_020405_NSLUWW_003_f004905.jpg,1
20260608_020405_NSLUWW_003_f004965.jpg,1
20260608_020405_NSLUWW_003_f005355.jpg,1
20260608_020405_NSLUWW_003_f005520.jpg,1
20260608_020405_NSLUWW_003_f006315.jpg,1
20260608_020405_NSLUWW_003_f006990.jpg,1
20260608_020405_NSLUWW_003_f007395.jpg,1
20260608_020405_NSLUWW_003_f009495.jpg,1
20260608_020405_NSLUWW_003_f010065.jpg,1
20260608_021305_EUQNHN_002_f001350.jpg,1
20260608_021305_EUQNHN_002_f001485.jpg,1
20260608_021305_EUQNHN_002_f001620.jpg,1
20260608_021305_EUQNHN_002_f003435.jpg,1
20260608_021305_EUQNHN_002_f003645.jpg,1
20260608_021305_EUQNHN_002_f003705.jpg,1
20260608_021305_EUQNHN_002_f003810.jpg,1
20260608_021305_EUQNHN_002_f008760.jpg,1
20260608_021305_EUQNHN_002_f009045.jpg,1
20260608_021305_EUQNHN_008_f000885.jpg,1
20260608_021305_EUQNHN_008_f000945.jpg,1
20260608_021305_EUQNHN_008_f001170.jpg,1
20260608_021305_EUQNHN_008_f002985.jpg,1
20260608_021305_EUQNHN_008_f003795.jpg,1
20260608_021305_EUQNHN_008_f010425.jpg,1
20260608_022002_EBMTAG_001_f001455.jpg,1
20260608_022002_EBMTAG_001_f002310.jpg,1
20260608_022002_EBMTAG_001_f002505.jpg,1
20260608_022002_EBMTAG_001_f004140.jpg,1
20260608_022002_EBMTAG_001_f004260.jpg,1
20260608_022002_EBMTAG_001_f004425.jpg,1
20260608_022002_EBMTAG_001_f004710.jpg,1
20260608_022002_EBMTAG_001_f005070.jpg,1
20260608_022002_EBMTAG_001_f006345.jpg,1
20260608_022002_EBMTAG_001_f007350.jpg,1
20260608_022002_EBMTAG_001_f007500.jpg,1
20260608_022002_EBMTAG_001_f007710.jpg,1
20260608_022002_EBMTAG_001_f009090.jpg,1
20260608_022002_EBMTAG_001_f009330.jpg,1
20260608_022002_EBMTAG_001_f010125.jpg,1
20260608_022002_EBMTAG_001_f010575.jpg,1
20260608_022002_EBMTAG_002_f000045.jpg,1
20260608_022002_EBMTAG_002_f000105.jpg,1
20260608_022002_EBMTAG_002_f000165.jpg,1
20260608_022002_EBMTAG_002_f000270.jpg,1
20260608_022002_EBMTAG_002_f000510.jpg,1
20260608_022002_EBMTAG_002_f000630.jpg,1
20260608_022002_EBMTAG_002_f000735.jpg,1
20260608_022002_EBMTAG_002_f000825.jpg,1
20260608_022002_EBMTAG_002_f000885.jpg,1
20260608_022002_EBMTAG_002_f001305.jpg,1
20260608_022002_EBMTAG_002_f001545.jpg,1
20260608_022002_EBMTAG_002_f001650.jpg,1
20260608_022002_EBMTAG_002_f001770.jpg,1
20260608_022002_EBMTAG_002_f001830.jpg,1
20260608_022002_EBMTAG_002_f001920.jpg,1
20260608_022002_EBMTAG_002_f002325.jpg,1
20260608_022002_EBMTAG_002_f002805.jpg,1
20260608_022002_EBMTAG_002_f002865.jpg,1
20260608_022002_EBMTAG_002_f003060.jpg,1
20260608_022002_EBMTAG_002_f003135.jpg,1
20260608_022002_EBMTAG_002_f003285.jpg,1
20260608_022002_EBMTAG_002_f003360.jpg,1
20260608_022002_EBMTAG_002_f003765.jpg,1
20260608_022002_EBMTAG_002_f003885.jpg,1
20260608_022002_EBMTAG_002_f004035.jpg,1
20260608_022002_EBMTAG_002_f004230.jpg,1
20260608_022002_EBMTAG_002_f004425.jpg,1
20260608_022002_EBMTAG_002_f004485.jpg,1
20260608_022002_EBMTAG_002_f004590.jpg,1
20260608_022002_EBMTAG_002_f004695.jpg,1
20260608_022002_EBMTAG_002_f004755.jpg,1
20260608_022002_EBMTAG_002_f004830.jpg,1
20260608_022002_EBMTAG_002_f006210.jpg,1
20260608_022002_EBMTAG_002_f006270.jpg,1
20260608_022002_EBMTAG_002_f006750.jpg,1
20260608_022002_EBMTAG_002_f006885.jpg,1
20260608_022002_EBMTAG_002_f007140.jpg,1
20260608_022002_EBMTAG_002_f007395.jpg,1
20260608_022002_EBMTAG_002_f008190.jpg,1
20260608_022002_EBMTAG_002_f010140.jpg,1
20260608_022059_CEXBPC_000_f000060.jpg,1
20260608_022059_CEXBPC_000_f000180.jpg,1
20260608_022059_CEXBPC_000_f000330.jpg,1
20260608_022059_CEXBPC_000_f000390.jpg,1
20260608_022059_CEXBPC_000_f000480.jpg,1
20260608_022059_CEXBPC_000_f000750.jpg,1
20260608_022059_CEXBPC_000_f000825.jpg,1
20260608_022059_CEXBPC_000_f000885.jpg,1
20260608_022059_CEXBPC_000_f000945.jpg,1
20260608_022059_CEXBPC_000_f001050.jpg,1
20260608_022059_CEXBPC_000_f001365.jpg,1
20260608_022059_CEXBPC_000_f001440.jpg,1
20260608_022059_CEXBPC_000_f001605.jpg,1
20260608_022059_CEXBPC_000_f001665.jpg,1
20260608_022059_CEXBPC_000_f001770.jpg,1
20260608_022059_CEXBPC_000_f001830.jpg,1
20260608_022059_CEXBPC_000_f002010.jpg,1
20260608_022059_CEXBPC_000_f002235.jpg,1
20260608_022059_CEXBPC_000_f002310.jpg,1
20260608_022059_CEXBPC_000_f002385.jpg,1
20260608_022059_CEXBPC_000_f002460.jpg,1
20260608_022059_CEXBPC_000_f002535.jpg,1
20260608_022059_CEXBPC_000_f002640.jpg,1
20260608_022059_CEXBPC_000_f002865.jpg,1
20260608_022059_CEXBPC_000_f002940.jpg,1
20260608_022059_CEXBPC_000_f003030.jpg,1
20260608_022059_CEXBPC_000_f003120.jpg,1
20260608_022059_CEXBPC_000_f003180.jpg,1
20260608_022059_CEXBPC_000_f003240.jpg,1
20260608_022059_CEXBPC_000_f003345.jpg,1
20260608_022059_CEXBPC_000_f003450.jpg,1
20260608_022059_CEXBPC_000_f003510.jpg,1
20260608_022059_CEXBPC_000_f003585.jpg,1
20260608_022059_CEXBPC_000_f003660.jpg,1
20260608_022059_CEXBPC_000_f003720.jpg,1
20260608_022059_CEXBPC_000_f003780.jpg,1
20260608_022059_CEXBPC_000_f003840.jpg,1
20260608_022059_CEXBPC_000_f003915.jpg,1
20260608_022059_CEXBPC_000_f004005.jpg,1
20260608_022059_CEXBPC_000_f007380.jpg,1
20260608_022059_CEXBPC_001_f000075.jpg,1
20260608_022059_CEXBPC_001_f000195.jpg,1
20260608_022059_CEXBPC_001_f000375.jpg,1
20260608_022059_CEXBPC_001_f000450.jpg,1
20260608_022059_CEXBPC_001_f000540.jpg,1
20260608_022059_CEXBPC_001_f000615.jpg,1
20260608_022059_CEXBPC_001_f000675.jpg,1
20260608_022059_CEXBPC_001_f000810.jpg,1
20260608_022059_CEXBPC_001_f001065.jpg,1
20260608_022059_CEXBPC_001_f001530.jpg,1
20260608_022059_CEXBPC_001_f001710.jpg,1
20260608_022059_CEXBPC_001_f001995.jpg,1
20260608_022059_CEXBPC_001_f002175.jpg,1
20260608_022059_CEXBPC_001_f002490.jpg,1
20260608_022059_CEXBPC_001_f002655.jpg,1
20260608_022059_CEXBPC_001_f002745.jpg,1
20260608_022059_CEXBPC_001_f002805.jpg,1
20260608_022059_CEXBPC_001_f002865.jpg,1
20260608_022839_DLKPVV_001_f000495.jpg,1
20260608_022839_DLKPVV_001_f001005.jpg,1
20260608_022839_DLKPVV_001_f001965.jpg,1
20260608_022839_DLKPVV_001_f002265.jpg,1
20260608_022839_DLKPVV_001_f002745.jpg,1
20260608_022839_DLKPVV_001_f003240.jpg,1
20260608_022839_DLKPVV_001_f003405.jpg,1
20260608_022839_DLKPVV_001_f003960.jpg,1
20260608_022839_DLKPVV_001_f004680.jpg,1
20260608_022839_DLKPVV_001_f004875.jpg,1
20260608_022839_DLKPVV_001_f004965.jpg,1
20260608_022839_DLKPVV_001_f005400.jpg,1
20260608_022839_DLKPVV_001_f006075.jpg,1
20260608_022839_DLKPVV_001_f006600.jpg,1
20260608_022839_DLKPVV_001_f006900.jpg,1
20260608_022839_DLKPVV_001_f006960.jpg,1
20260608_022839_DLKPVV_001_f007035.jpg,1
20260608_022839_DLKPVV_001_f007260.jpg,1
20260608_022839_DLKPVV_001_f009495.jpg,1
20260608_022839_DLKPVV_001_f009555.jpg,1
20260608_022839_DLKPVV_001_f010470.jpg,1
20260608_022839_DLKPVV_003_f000225.jpg,1
20260608_022839_DLKPVV_003_f000285.jpg,1
20260608_022839_DLKPVV_003_f000360.jpg,1
20260608_022839_DLKPVV_003_f000420.jpg,1
20260608_022839_DLKPVV_003_f000510.jpg,1
20260608_022839_DLKPVV_003_f000585.jpg,1
20260608_022839_DLKPVV_003_f000960.jpg,1
20260608_022839_DLKPVV_003_f001590.jpg,1
20260608_022839_DLKPVV_003_f003300.jpg,1
20260608_022839_DLKPVV_003_f004140.jpg,1
20260608_022839_DLKPVV_003_f004605.jpg,1
20260608_022839_DLKPVV_003_f004695.jpg,1
20260608_022839_DLKPVV_003_f006075.jpg,1
20260608_022839_DLKPVV_003_f006315.jpg,1
20260608_022839_DLKPVV_003_f006705.jpg,1
20260608_022839_DLKPVV_003_f008505.jpg,1
20260608_022839_DLKPVV_003_f009240.jpg,1
20260608_022839_DLKPVV_003_f009555.jpg,1
20260608_022839_DLKPVV_003_f009645.jpg,1
20260608_022839_DLKPVV_003_f009750.jpg,1
20260608_022839_DLKPVV_003_f009945.jpg,1
20260608_022839_DLKPVV_003_f010005.jpg,1
20260608_022839_DLKPVV_003_f010185.jpg,1
20260608_022839_DLKPVV_005_f000165.jpg,1
20260608_022839_DLKPVV_005_f000225.jpg,1
20260608_022839_DLKPVV_005_f000705.jpg,1
20260608_022839_DLKPVV_005_f001440.jpg,1
20260608_022839_DLKPVV_005_f002835.jpg,1
20260608_022839_DLKPVV_005_f002910.jpg,1
20260608_022839_DLKPVV_005_f003930.jpg,1
20260608_022839_DLKPVV_005_f004350.jpg,1
20260608_022839_DLKPVV_005_f004695.jpg,1
20260608_022839_DLKPVV_005_f005475.jpg,1
20260608_022839_DLKPVV_005_f005535.jpg,1
20260608_022839_DLKPVV_005_f005595.jpg,1
20260608_022839_DLKPVV_005_f005730.jpg,1
20260608_022839_DLKPVV_005_f006165.jpg,1
20260608_022839_DLKPVV_005_f006750.jpg,1
20260608_022839_DLKPVV_005_f009060.jpg,1
20260608_023117_RSXDZB_002_f000105.jpg,1
20260608_023117_RSXDZB_002_f000420.jpg,1
20260608_023117_RSXDZB_002_f000555.jpg,1
20260608_023117_RSXDZB_002_f000960.jpg,1
20260608_023117_RSXDZB_002_f001455.jpg,1
20260608_023117_RSXDZB_002_f001620.jpg,1
20260608_023117_RSXDZB_002_f001890.jpg,1
20260608_023117_RSXDZB_002_f002970.jpg,1
20260608_023117_RSXDZB_002_f005085.jpg,1
20260608_023117_RSXDZB_002_f006360.jpg,1
20260608_023117_RSXDZB_003_f000150.jpg,1
20260608_023117_RSXDZB_003_f000360.jpg,1
20260608_023117_RSXDZB_003_f000510.jpg,1
20260608_023117_RSXDZB_003_f000945.jpg,1
20260608_023117_RSXDZB_003_f002865.jpg,1
20260608_023117_RSXDZB_003_f003330.jpg,1
20260608_023117_RSXDZB_003_f003570.jpg,1
20260608_023117_RSXDZB_003_f003960.jpg,1
20260608_023117_RSXDZB_003_f004470.jpg,1
20260608_023117_RSXDZB_003_f004995.jpg,1
20260608_023117_RSXDZB_003_f005400.jpg,1
20260608_023117_RSXDZB_003_f005490.jpg,1
20260608_023117_RSXDZB_003_f005595.jpg,1
20260608_023117_RSXDZB_003_f006135.jpg,1
20260608_023117_RSXDZB_003_f006585.jpg,1
20260608_023117_RSXDZB_003_f010155.jpg,1
20260608_023117_RSXDZB_007_f000735.jpg,1
20260608_023117_RSXDZB_007_f001275.jpg,1
20260608_023117_RSXDZB_007_f001335.jpg,1
20260608_023117_RSXDZB_007_f001620.jpg,1
20260608_023117_RSXDZB_007_f003090.jpg,1
20260608_023117_RSXDZB_007_f003150.jpg,1
20260608_023117_RSXDZB_007_f003285.jpg,1
20260608_023117_RSXDZB_007_f003345.jpg,1
20260608_023117_RSXDZB_007_f003435.jpg,1
20260608_023117_RSXDZB_007_f003660.jpg,1
20260608_023117_RSXDZB_007_f003720.jpg,1
20260608_023117_RSXDZB_007_f003840.jpg,1
20260608_023117_RSXDZB_007_f003900.jpg,1
20260608_023117_RSXDZB_007_f003990.jpg,1
20260608_023117_RSXDZB_007_f004050.jpg,1
20260608_023117_RSXDZB_007_f004200.jpg,1
20260608_023117_RSXDZB_007_f004260.jpg,1
20260608_023117_RSXDZB_007_f004365.jpg,1
20260608_023117_RSXDZB_007_f004440.jpg,1
20260608_023117_RSXDZB_007_f004500.jpg,1
20260608_023117_RSXDZB_007_f004560.jpg,1
20260608_023117_RSXDZB_007_f004620.jpg,1
20260608_023117_RSXDZB_007_f004770.jpg,1
20260608_023117_RSXDZB_007_f004875.jpg,1
20260608_023117_RSXDZB_007_f005055.jpg,1
20260608_023117_RSXDZB_007_f005430.jpg,1
20260608_023117_RSXDZB_007_f005595.jpg,1
20260608_023117_RSXDZB_007_f005700.jpg,1
20260608_023117_RSXDZB_007_f006000.jpg,1
20260608_023117_RSXDZB_007_f006075.jpg,1
20260608_023117_RSXDZB_007_f006135.jpg,1
20260608_023117_RSXDZB_007_f006195.jpg,1
20260608_023117_RSXDZB_007_f006255.jpg,1
20260608_023117_RSXDZB_007_f006330.jpg,1
20260608_023118_LVYTVV_002_f000105.jpg,1
20260608_023118_LVYTVV_002_f000315.jpg,1
20260608_023118_LVYTVV_002_f000390.jpg,1
20260608_023118_LVYTVV_002_f000525.jpg,1
20260608_023118_LVYTVV_002_f000735.jpg,1
20260608_023118_LVYTVV_002_f000840.jpg,1
20260608_023118_LVYTVV_002_f000990.jpg,1
20260608_023118_LVYTVV_002_f001185.jpg,1
20260608_023118_LVYTVV_002_f001950.jpg,1
20260608_023118_LVYTVV_002_f002100.jpg,1
20260608_023118_LVYTVV_002_f002250.jpg,1
20260608_023118_LVYTVV_002_f002550.jpg,1
20260608_023118_LVYTVV_002_f002610.jpg,1
20260608_023118_LVYTVV_002_f004575.jpg,1
20260608_023118_LVYTVV_002_f007245.jpg,1
20260608_023118_LVYTVV_002_f007500.jpg,1
20260608_023118_LVYTVV_002_f008085.jpg,1
20260608_023118_LVYTVV_002_f008445.jpg,1
20260608_023118_LVYTVV_002_f009345.jpg,1
20260608_023118_LVYTVV_005_f000255.jpg,1
20260608_023118_LVYTVV_005_f000405.jpg,1
20260608_023118_LVYTVV_005_f000525.jpg,1
20260608_023118_LVYTVV_005_f000585.jpg,1
20260608_023118_LVYTVV_005_f000675.jpg,1
20260608_023118_LVYTVV_005_f000780.jpg,1
20260608_023118_LVYTVV_005_f000840.jpg,1
20260608_023118_LVYTVV_005_f000915.jpg,1
20260608_023118_LVYTVV_005_f001215.jpg,1
20260608_023118_LVYTVV_005_f001470.jpg,1
20260608_023118_LVYTVV_005_f001530.jpg,1
20260608_023118_LVYTVV_005_f002130.jpg,1
20260608_023118_LVYTVV_005_f002235.jpg,1
20260608_023118_LVYTVV_005_f002655.jpg,1
20260608_023118_LVYTVV_005_f002835.jpg,1
20260608_023118_LVYTVV_005_f002895.jpg,1
20260608_023118_LVYTVV_005_f003000.jpg,1
20260608_023118_LVYTVV_005_f003090.jpg,1
20260608_023118_LVYTVV_005_f003150.jpg,1
20260608_023118_LVYTVV_005_f003330.jpg,1
20260608_023118_LVYTVV_005_f003390.jpg,1
20260608_023118_LVYTVV_005_f003525.jpg,1
20260608_023118_LVYTVV_005_f003630.jpg,1
20260608_023118_LVYTVV_005_f004695.jpg,1
20260608_023118_LVYTVV_005_f005895.jpg,1
20260608_023118_LVYTVV_005_f005955.jpg,1
20260608_023118_LVYTVV_005_f006030.jpg,1
20260608_023118_LVYTVV_005_f006195.jpg,1
20260608_023118_LVYTVV_005_f007650.jpg,1
20260608_023118_LVYTVV_005_f008550.jpg,1
20260608_023118_LVYTVV_005_f008655.jpg,1
20260608_023118_LVYTVV_005_f009240.jpg,1
20260608_023118_LVYTVV_005_f009300.jpg,1
20260608_023118_LVYTVV_005_f009465.jpg,1
20260608_023118_LVYTVV_005_f009900.jpg,1
20260608_023118_LVYTVV_005_f009960.jpg,1
20260608_023118_LVYTVV_007_f000075.jpg,1
20260608_023118_LVYTVV_007_f000300.jpg,1
20260608_023118_LVYTVV_007_f000495.jpg,1
20260608_023118_LVYTVV_007_f000555.jpg,1
20260608_023118_LVYTVV_007_f000645.jpg,1
20260608_023743_AATKXW_000_f000075.jpg,1
20260608_023743_AATKXW_000_f000135.jpg,1
20260608_023743_AATKXW_000_f000585.jpg,1
20260608_023743_AATKXW_000_f000660.jpg,1
20260608_023743_AATKXW_000_f000720.jpg,1
20260608_023743_AATKXW_000_f000795.jpg,1
20260608_023743_AATKXW_000_f001635.jpg,1
20260608_023743_AATKXW_000_f002025.jpg,1
20260608_023743_AATKXW_000_f002175.jpg,1
20260608_023743_AATKXW_000_f002235.jpg,1
20260608_023743_AATKXW_000_f002355.jpg,1
20260608_023743_AATKXW_000_f002835.jpg,1
20260608_023743_AATKXW_000_f003105.jpg,1
20260608_023743_AATKXW_000_f003705.jpg,1
20260608_023743_AATKXW_000_f003780.jpg,1
20260608_023743_AATKXW_000_f004275.jpg,1
20260608_023743_AATKXW_000_f004755.jpg,1
20260608_023743_AATKXW_000_f004890.jpg,1
20260608_023743_AATKXW_000_f006855.jpg,1
20260608_023743_AATKXW_000_f007350.jpg,1
20260608_023743_AATKXW_000_f009495.jpg,1
20260608_023743_AATKXW_000_f009555.jpg,1
20260608_023743_AATKXW_000_f010815.jpg,1
20260608_023743_AATKXW_000_f010935.jpg,1
20260608_023743_AATKXW_000_f011025.jpg,1
20260608_023743_AATKXW_004_f000015.jpg,1
20260608_023743_AATKXW_004_f000210.jpg,1
20260608_023743_AATKXW_004_f000330.jpg,1
20260608_023743_AATKXW_004_f000615.jpg,1
20260608_023743_AATKXW_004_f001020.jpg,1
20260608_023743_AATKXW_004_f001125.jpg,1
20260608_023743_AATKXW_004_f001215.jpg,1
20260608_023743_AATKXW_004_f001755.jpg,1
20260608_023743_AATKXW_004_f002625.jpg,1
20260608_023743_AATKXW_004_f002685.jpg,1
20260608_023743_AATKXW_004_f002745.jpg,1
20260608_023743_AATKXW_004_f003525.jpg,1
20260608_023743_AATKXW_004_f003585.jpg,1
20260608_023743_AATKXW_004_f003810.jpg,1
20260608_023743_AATKXW_004_f004305.jpg,1
20260608_023743_AATKXW_004_f004560.jpg,1
20260608_023743_AATKXW_004_f004620.jpg,1
20260608_023743_AATKXW_004_f004800.jpg,1
20260608_023743_AATKXW_004_f005025.jpg,1
20260608_023743_AATKXW_004_f005115.jpg,1
20260608_023743_AATKXW_004_f005175.jpg,1
20260608_023743_AATKXW_004_f005280.jpg,1
20260608_023743_AATKXW_004_f005655.jpg,1
20260608_023743_AATKXW_004_f005715.jpg,1
20260608_023743_AATKXW_005_f000495.jpg,1
20260608_023743_AATKXW_005_f000690.jpg,1
20260608_023743_AATKXW_005_f001080.jpg,1
20260608_023743_AATKXW_005_f001140.jpg,1
20260608_023743_AATKXW_005_f001275.jpg,1
20260608_023743_AATKXW_005_f001410.jpg,1
20260608_023743_AATKXW_005_f001695.jpg,1
20260608_023743_AATKXW_005_f003960.jpg,1
20260608_023743_AATKXW_005_f007170.jpg,1
20260608_023743_AATKXW_005_f009000.jpg,1
20260608_023743_AATKXW_005_f009420.jpg,1
20260608_023935_JXDTYH_001_f000090.jpg,1
20260608_023935_JXDTYH_001_f000300.jpg,1
20260608_023935_JXDTYH_001_f000615.jpg,1
20260608_023935_JXDTYH_001_f000960.jpg,1
20260608_023935_JXDTYH_001_f001260.jpg,1
20260608_023935_JXDTYH_001_f002790.jpg,1
20260608_023935_JXDTYH_002_f000150.jpg,1
20260608_023935_JXDTYH_002_f000210.jpg,1
20260608_023935_JXDTYH_002_f000705.jpg,1
20260608_023935_JXDTYH_002_f000825.jpg,1
20260608_023935_JXDTYH_002_f000990.jpg,1
20260608_023935_JXDTYH_002_f001065.jpg,1
20260608_023935_JXDTYH_002_f001590.jpg,1
20260608_023935_JXDTYH_002_f001665.jpg,1
20260608_023935_JXDTYH_002_f001785.jpg,1
20260608_023935_JXDTYH_002_f001905.jpg,1
20260608_023935_JXDTYH_002_f002505.jpg,1
20260608_023935_JXDTYH_002_f002565.jpg,1
20260608_023935_JXDTYH_002_f003735.jpg,1
20260608_023935_JXDTYH_002_f007950.jpg,1
20260608_023935_JXDTYH_002_f008445.jpg,1
20260608_023935_JXDTYH_002_f008565.jpg,1
20260608_023935_JXDTYH_003_f000360.jpg,1
20260608_023935_JXDTYH_003_f000525.jpg,1
20260608_023935_JXDTYH_003_f000600.jpg,1
20260608_023935_JXDTYH_003_f001110.jpg,1
20260608_023935_JXDTYH_003_f001200.jpg,1
20260608_023935_JXDTYH_003_f001350.jpg,1
20260608_023935_JXDTYH_003_f001500.jpg,1
20260608_023935_JXDTYH_003_f001575.jpg,1
20260608_023935_JXDTYH_003_f001665.jpg,1
20260608_023935_JXDTYH_003_f001875.jpg,1
20260608_023935_JXDTYH_003_f002160.jpg,1
20260608_023935_JXDTYH_003_f002250.jpg,1
20260608_023935_JXDTYH_003_f002910.jpg,1
20260608_023935_JXDTYH_003_f003285.jpg,1
20260608_023935_JXDTYH_003_f003675.jpg,1
20260608_023935_JXDTYH_003_f005580.jpg,1
20260608_023935_JXDTYH_003_f005955.jpg,1
20260608_023935_JXDTYH_003_f006105.jpg,1
20260608_023935_JXDTYH_003_f006165.jpg,1
20260608_023935_JXDTYH_003_f006540.jpg,1
20260608_023935_JXDTYH_003_f006660.jpg,1
20260608_023935_JXDTYH_003_f006720.jpg,1
20260608_023935_JXDTYH_003_f006780.jpg,1
20260608_023935_JXDTYH_003_f006855.jpg,1
20260608_023935_JXDTYH_003_f007110.jpg,1
20260608_023935_JXDTYH_003_f007305.jpg,1
20260608_023935_JXDTYH_003_f007365.jpg,1
20260608_023935_JXDTYH_003_f007425.jpg,1
20260608_023935_JXDTYH_003_f008040.jpg,1
20260608_023935_JXDTYH_003_f008115.jpg,1
20260608_023935_JXDTYH_003_f008250.jpg,1
20260608_023935_JXDTYH_003_f008310.jpg,1
20260608_023935_JXDTYH_003_f008370.jpg,1
20260608_023935_JXDTYH_003_f008805.jpg,1
20260608_023935_JXDTYH_003_f009225.jpg,1
20260608_023935_JXDTYH_003_f009420.jpg,1
20260608_023935_JXDTYH_003_f009795.jpg,1
20260608_023935_JXDTYH_003_f010110.jpg,1
20260608_024556_QDRUMH_001_f000045.jpg,1
20260608_024556_QDRUMH_001_f000315.jpg,1
20260608_024556_QDRUMH_001_f000405.jpg,1
20260608_024556_QDRUMH_001_f000465.jpg,1
20260608_024556_QDRUMH_001_f000540.jpg,1
20260608_024556_QDRUMH_001_f000615.jpg,1
20260608_024556_QDRUMH_001_f000720.jpg,1
20260608_024556_QDRUMH_001_f000900.jpg,1
20260608_024556_QDRUMH_001_f000960.jpg,1
20260608_024556_QDRUMH_001_f001020.jpg,1
20260608_024556_QDRUMH_001_f001110.jpg,1
20260608_024556_QDRUMH_001_f001185.jpg,1
20260608_024556_QDRUMH_001_f002835.jpg,1
20260608_024556_QDRUMH_001_f002895.jpg,1
20260608_024556_QDRUMH_001_f003000.jpg,1
20260608_024556_QDRUMH_001_f003630.jpg,1
20260608_024556_QDRUMH_001_f004515.jpg,1
20260608_024556_QDRUMH_001_f006600.jpg,1
20260608_024556_QDRUMH_001_f006660.jpg,1
20260608_024556_QDRUMH_001_f006720.jpg,1
20260608_024556_QDRUMH_002_f000045.jpg,1
20260608_024556_QDRUMH_002_f000105.jpg,1
20260608_024556_QDRUMH_002_f000165.jpg,1
20260608_024556_QDRUMH_002_f000225.jpg,1
20260608_024556_QDRUMH_002_f000285.jpg,1
20260608_024556_QDRUMH_002_f000345.jpg,1
20260608_024556_QDRUMH_002_f000570.jpg,1
20260608_024556_QDRUMH_002_f000675.jpg,1
20260608_024556_QDRUMH_002_f000735.jpg,1
20260608_024556_QDRUMH_002_f000825.jpg,1
20260608_024556_QDRUMH_002_f000885.jpg,1
20260608_024556_QDRUMH_002_f000945.jpg,1
20260608_024556_QDRUMH_002_f001005.jpg,1
20260608_024556_QDRUMH_002_f001080.jpg,1
20260608_024556_QDRUMH_002_f001140.jpg,1
20260608_024556_QDRUMH_002_f001320.jpg,1
20260608_024556_QDRUMH_002_f001410.jpg,1
20260608_024556_QDRUMH_002_f001530.jpg,1
20260608_024556_QDRUMH_002_f001590.jpg,1
20260608_024556_QDRUMH_002_f001665.jpg,1
20260608_024556_QDRUMH_002_f001755.jpg,1
20260608_024556_QDRUMH_002_f001905.jpg,1
20260608_024556_QDRUMH_002_f002490.jpg,1
20260608_024556_QDRUMH_002_f002565.jpg,1
20260608_024556_QDRUMH_002_f002625.jpg,1
20260608_024556_QDRUMH_002_f002820.jpg,1
20260608_024556_QDRUMH_002_f002895.jpg,1
20260608_024556_QDRUMH_002_f002970.jpg,1
20260608_024556_QDRUMH_002_f003900.jpg,1
20260608_024556_QDRUMH_002_f003960.jpg,1
20260608_024556_QDRUMH_002_f004035.jpg,1
20260608_024556_QDRUMH_002_f004110.jpg,1
20260608_024556_QDRUMH_002_f004380.jpg,1
20260608_024556_QDRUMH_002_f004485.jpg,1
20260608_024556_QDRUMH_002_f004560.jpg,1
20260608_024556_QDRUMH_002_f004620.jpg,1
20260608_024556_QDRUMH_002_f008115.jpg,1
20260608_024556_QDRUMH_002_f008175.jpg,1
20260608_024556_QDRUMH_002_f009585.jpg,1
20260608_024556_QDRUMH_002_f009645.jpg,1
20260608_025317_LPSQGW_000_f001215.jpg,1
20260608_025940_PBKDCP_006_f000300.jpg,1
20260608_025940_PBKDCP_006_f002835.jpg,1
20260608_025940_PBKDCP_006_f002940.jpg,1
20260608_025940_PBKDCP_006_f003015.jpg,1
20260608_025940_PBKDCP_006_f005490.jpg,1
20260608_025940_PBKDCP_006_f005565.jpg,1
20260608_025940_PBKDCP_006_f007875.jpg,1
20260608_025940_PBKDCP_006_f007965.jpg,1
20260608_043747_VMESWR_005_f003525.jpg,1
20260608_043747_VMESWR_005_f004425.jpg,1
20260608_043747_VMESWR_005_f006780.jpg,1
20260608_043747_VMESWR_005_f008610.jpg,1
20260608_043747_VMESWR_005_f008865.jpg,1
20260608_043747_VMESWR_005_f009060.jpg,1
20260608_043747_VMESWR_005_f009360.jpg,1
20260608_043747_VMESWR_005_f009420.jpg,1
20260608_043747_VMESWR_005_f010155.jpg,1
20260608_043747_VMESWR_005_f010425.jpg,1
20260608_043747_VMESWR_009_f005205.jpg,1
20260608_043747_VMESWR_009_f005640.jpg,1
20260608_043747_VMESWR_009_f008505.jpg,1
20260608_045050_RLUMGR_000_f001320.jpg,1
20260608_045050_RLUMGR_000_f001395.jpg,1
20260608_062132_ULUYCS_004_f000180.jpg,1
20260608_062132_ULUYCS_004_f000465.jpg,1
20260608_062132_ULUYCS_004_f000570.jpg,1
20260608_062132_ULUYCS_004_f000630.jpg,1
20260608_062132_ULUYCS_004_f000690.jpg,1
20260608_062132_ULUYCS_004_f000765.jpg,1
20260608_062132_ULUYCS_004_f000825.jpg,1
20260608_062132_ULUYCS_004_f000930.jpg,1
20260608_062132_ULUYCS_004_f000990.jpg,1
20260608_062132_ULUYCS_004_f001110.jpg,1
20260608_062132_ULUYCS_004_f007680.jpg,1
20260608_062132_ULUYCS_004_f007995.jpg,1
20260608_062132_ULUYCS_006_f000435.jpg,1
20260608_062132_ULUYCS_006_f000705.jpg,1
20260608_062132_ULUYCS_006_f000765.jpg,1
20260608_062132_ULUYCS_006_f000885.jpg,1
20260608_062132_ULUYCS_006_f000945.jpg,1
20260608_062132_ULUYCS_006_f001200.jpg,1
20260608_062132_ULUYCS_006_f001260.jpg,1
20260608_062132_ULUYCS_006_f001395.jpg,1
20260608_062132_ULUYCS_006_f001470.jpg,1
20260608_062132_ULUYCS_006_f001650.jpg,1
20260608_062132_ULUYCS_006_f001710.jpg,1
20260608_062132_ULUYCS_006_f001770.jpg,1
20260608_062132_ULUYCS_006_f002205.jpg,1
20260608_062132_ULUYCS_006_f002790.jpg,1
20260608_062132_ULUYCS_006_f004110.jpg,1
20260608_062132_ULUYCS_006_f005550.jpg,1
20260608_062132_ULUYCS_006_f007635.jpg,1
20260608_062132_ULUYCS_006_f008955.jpg,1
20260608_062132_ULUYCS_006_f009075.jpg,1
20260608_062132_ULUYCS_006_f009690.jpg,1
20260608_062132_ULUYCS_006_f010065.jpg,1
20260608_062132_ULUYCS_007_f000075.jpg,1
20260608_062132_ULUYCS_007_f000195.jpg,1
20260608_062132_ULUYCS_007_f000285.jpg,1
20260608_062132_ULUYCS_007_f000405.jpg,1
20260608_062132_ULUYCS_007_f000825.jpg,1
20260608_062132_ULUYCS_007_f000885.jpg,1
20260608_062132_ULUYCS_007_f000945.jpg,1
20260608_062132_ULUYCS_007_f001005.jpg,1
20260608_062132_ULUYCS_007_f001065.jpg,1
20260608_062132_ULUYCS_007_f001125.jpg,1
20260608_062132_ULUYCS_007_f001185.jpg,1
20260608_062132_ULUYCS_007_f001245.jpg,1
20260608_062132_ULUYCS_007_f001305.jpg,1
20260608_062132_ULUYCS_007_f001410.jpg,1
20260608_062132_ULUYCS_007_f001470.jpg,1
20260608_062132_ULUYCS_007_f001665.jpg,1
20260608_062132_ULUYCS_007_f001740.jpg,1
20260608_062132_ULUYCS_007_f001815.jpg,1
20260608_062132_ULUYCS_007_f001875.jpg,1
20260608_062132_ULUYCS_007_f001935.jpg,1
20260608_062132_ULUYCS_007_f002130.jpg,1
20260608_062132_ULUYCS_007_f002220.jpg,1
20260608_062132_ULUYCS_007_f003285.jpg,1
20260608_062132_ULUYCS_007_f003420.jpg,1
20260608_062132_ULUYCS_007_f003645.jpg,1
20260608_062132_ULUYCS_007_f003765.jpg,1
20260608_062132_ULUYCS_007_f004125.jpg,1
20260608_062138_BTXCYQ_005_f000375.jpg,1
20260608_062138_BTXCYQ_005_f000870.jpg,1
20260608_062138_BTXCYQ_005_f001845.jpg,1
20260608_062138_BTXCYQ_005_f001905.jpg,1
20260608_062138_BTXCYQ_005_f002550.jpg,1
20260608_062138_BTXCYQ_005_f003030.jpg,1
20260608_062138_BTXCYQ_005_f003240.jpg,1
20260608_062138_BTXCYQ_005_f003300.jpg,1
20260608_062138_BTXCYQ_005_f003360.jpg,1
20260608_062138_BTXCYQ_005_f003750.jpg,1
20260608_062138_BTXCYQ_005_f003840.jpg,1
20260608_062138_BTXCYQ_005_f004005.jpg,1
20260608_062138_BTXCYQ_005_f004080.jpg,1
20260608_062138_BTXCYQ_005_f004155.jpg,1
20260608_062138_BTXCYQ_005_f004215.jpg,1
20260608_062138_BTXCYQ_005_f004635.jpg,1
20260608_062138_BTXCYQ_005_f004755.jpg,1
20260608_062138_BTXCYQ_005_f007005.jpg,1
20260608_062138_BTXCYQ_005_f007140.jpg,1
20260608_062138_BTXCYQ_005_f007320.jpg,1
20260608_062138_BTXCYQ_005_f007455.jpg,1
20260608_062138_BTXCYQ_005_f007545.jpg,1
20260608_062138_BTXCYQ_005_f008685.jpg,1
20260608_062138_BTXCYQ_005_f008745.jpg,1
20260608_062138_BTXCYQ_005_f008820.jpg,1
20260608_062138_BTXCYQ_005_f010635.jpg,1
20260608_062138_BTXCYQ_006_f000045.jpg,1
20260608_062138_BTXCYQ_006_f000120.jpg,1
20260608_062138_BTXCYQ_006_f000180.jpg,1
20260608_062138_BTXCYQ_006_f000240.jpg,1
20260608_062138_BTXCYQ_006_f000690.jpg,1
20260608_062138_BTXCYQ_006_f000870.jpg,1
20260608_062138_BTXCYQ_006_f000975.jpg,1
20260608_062138_BTXCYQ_006_f002235.jpg,1
20260608_062138_BTXCYQ_006_f002655.jpg,1
20260608_062138_BTXCYQ_006_f002865.jpg,1
20260608_062138_BTXCYQ_006_f002925.jpg,1
20260608_062138_BTXCYQ_006_f003180.jpg,1
20260608_062138_BTXCYQ_006_f004155.jpg,1
20260608_062138_BTXCYQ_006_f007725.jpg,1
20260608_062138_BTXCYQ_006_f009165.jpg,1
20260608_062138_BTXCYQ_009_f000135.jpg,1
20260608_062138_BTXCYQ_009_f000195.jpg,1
20260608_062138_BTXCYQ_009_f000285.jpg,1
20260608_062138_BTXCYQ_009_f000615.jpg,1
20260608_062138_BTXCYQ_009_f000690.jpg,1
20260608_062138_BTXCYQ_009_f000780.jpg,1
20260608_062138_BTXCYQ_009_f000870.jpg,1
20260608_062138_BTXCYQ_009_f000930.jpg,1
20260608_062138_BTXCYQ_009_f000990.jpg,1
20260608_062138_BTXCYQ_009_f001230.jpg,1
20260608_062138_BTXCYQ_009_f001290.jpg,1
20260608_062138_BTXCYQ_009_f002160.jpg,1
20260608_062138_BTXCYQ_009_f002355.jpg,1
20260608_062138_BTXCYQ_009_f002430.jpg,1
20260608_062138_BTXCYQ_009_f002775.jpg,1
20260608_062138_BTXCYQ_009_f002835.jpg,1
20260608_062138_BTXCYQ_009_f004710.jpg,1
20260608_062138_BTXCYQ_009_f006180.jpg,1
20260608_062138_BTXCYQ_009_f008715.jpg,1
20260608_062140_BXDPFP_004_f001380.jpg,1
20260608_062421_CGBUGT_005_f007335.jpg,1
20260608_062421_CGBUGT_005_f008820.jpg,1
20260608_062421_CGBUGT_005_f010560.jpg,1
20260608_062421_CGBUGT_006_f002445.jpg,1
20260608_062421_CGBUGT_006_f002505.jpg,1
20260608_062421_CGBUGT_006_f002580.jpg,1
20260608_062421_CGBUGT_006_f002700.jpg,1
20260608_062421_CGBUGT_006_f004155.jpg,1
20260608_062421_CGBUGT_006_f010455.jpg,1
20260608_062421_CGBUGT_007_f000195.jpg,1
20260608_062421_CGBUGT_007_f000810.jpg,1
20260608_062421_CGBUGT_007_f002865.jpg,1
20260608_062421_CGBUGT_007_f005775.jpg,1
20260608_062421_CGBUGT_007_f008595.jpg,1
20260608_062421_CGBUGT_007_f008715.jpg,1
20260608_062421_CGBUGT_007_f008775.jpg,1
20260608_062421_CGBUGT_007_f010395.jpg,1
20260608_064141_BTVEVQ_001_f000330.jpg,1
20260608_064141_BTVEVQ_001_f000465.jpg,1
20260608_064141_BTVEVQ_001_f001020.jpg,1
20260608_064141_BTVEVQ_001_f001080.jpg,1
20260608_064141_BTVEVQ_001_f001140.jpg,1
20260608_064141_BTVEVQ_001_f002310.jpg,1
20260608_064141_BTVEVQ_001_f002790.jpg,1
20260608_064141_BTVEVQ_001_f003525.jpg,1
20260608_064141_BTVEVQ_001_f003720.jpg,1
20260608_064141_BTVEVQ_001_f005445.jpg,1
20260608_064141_BTVEVQ_001_f007710.jpg,1
20260608_064141_BTVEVQ_001_f009825.jpg,1
20260608_064141_BTVEVQ_001_f009885.jpg,1
20260608_064141_BTVEVQ_001_f010110.jpg,1
20260608_064141_BTVEVQ_001_f010365.jpg,1
20260608_064141_BTVEVQ_007_f008970.jpg,1
20260608_064141_BTVEVQ_007_f009030.jpg,1
20260608_064141_BTVEVQ_007_f009660.jpg,1
20260608_064141_BTVEVQ_007_f010185.jpg,1
20260608_064141_BTVEVQ_007_f010740.jpg,1
20260608_064322_LCWCER_000_f000000.jpg,1
20260608_064322_LCWCER_000_f001020.jpg,1
20260608_064322_LCWCER_000_f001500.jpg,1
20260608_064322_LCWCER_000_f001650.jpg,1
20260608_064322_LCWCER_000_f002070.jpg,1
20260608_064322_LCWCER_000_f002130.jpg,1
20260608_064322_LCWCER_000_f002325.jpg,1
20260608_064322_LCWCER_000_f002400.jpg,1
20260608_064322_LCWCER_000_f002595.jpg,1
20260608_064322_LCWCER_000_f003150.jpg,1
20260608_064322_LCWCER_000_f003360.jpg,1
20260608_064322_LCWCER_000_f003540.jpg,1
20260608_064322_LCWCER_000_f003600.jpg,1
20260608_064322_LCWCER_000_f003750.jpg,1
20260608_064322_LCWCER_000_f003960.jpg,1
20260608_064322_LCWCER_000_f004410.jpg,1
20260608_064322_LCWCER_000_f004530.jpg,1
20260608_064322_LCWCER_000_f009660.jpg,1
20260608_064322_LCWCER_000_f010395.jpg,1
20260608_064322_LCWCER_001_f000000.jpg,1
20260608_064322_LCWCER_001_f000075.jpg,1
20260608_064322_LCWCER_001_f000180.jpg,1
20260608_064322_LCWCER_001_f000255.jpg,1
20260608_064322_LCWCER_001_f000330.jpg,1
20260608_064322_LCWCER_001_f000390.jpg,1
20260608_064322_LCWCER_001_f000465.jpg,1
20260608_064322_LCWCER_001_f000645.jpg,1
20260608_064322_LCWCER_001_f000870.jpg,1
20260608_064322_LCWCER_001_f000960.jpg,1
20260608_064322_LCWCER_001_f001365.jpg,1
20260608_064322_LCWCER_001_f001455.jpg,1
20260608_064322_LCWCER_001_f001605.jpg,1
20260608_064322_LCWCER_001_f001755.jpg,1
20260608_064322_LCWCER_001_f002070.jpg,1
20260608_064322_LCWCER_001_f002370.jpg,1
20260608_064322_LCWCER_001_f003270.jpg,1
20260608_064322_LCWCER_001_f003405.jpg,1
20260608_064322_LCWCER_001_f003480.jpg,1
20260608_064322_LCWCER_001_f003975.jpg,1
20260608_064322_LCWCER_001_f004035.jpg,1
20260608_064322_LCWCER_001_f004170.jpg,1
20260608_064322_LCWCER_001_f008625.jpg,1
20260608_064322_LCWCER_001_f010425.jpg,1
20260608_064322_LCWCER_015_f009060.jpg,1
20260608_064322_LCWCER_015_f010020.jpg,1
20260608_064322_LCWCER_015_f010620.jpg,1
20260608_064647_RDTKPX_002_f008445.jpg,1
20260608_064647_RDTKPX_002_f008520.jpg,1
20260608_064647_RDTKPX_004_f009075.jpg,1
20260608_072610_FPZRLA_002_f000555.jpg,1
20260608_072610_FPZRLA_002_f000615.jpg,1
20260608_105042_BRGUQB_001_f007695.jpg,1
20260608_110750_XTJCJW_000_f000000.jpg,1
20260609_004045_HYFTJW_003_f000150.jpg,1
20260609_004045_HYFTJW_003_f000240.jpg,1
20260609_004045_HYFTJW_003_f000480.jpg,1
20260609_004045_HYFTJW_003_f000540.jpg,1
20260609_004045_HYFTJW_003_f000705.jpg,1
20260609_004045_HYFTJW_003_f000960.jpg,1
20260609_004045_HYFTJW_003_f001335.jpg,1
20260609_004045_HYFTJW_003_f001440.jpg,1
20260609_004045_HYFTJW_003_f001545.jpg,1
20260609_004045_HYFTJW_003_f002340.jpg,1
20260609_004045_HYFTJW_003_f002490.jpg,1
20260609_004045_HYFTJW_003_f002580.jpg,1
20260609_004045_HYFTJW_003_f002685.jpg,1
20260609_004045_HYFTJW_003_f002760.jpg,1
20260609_004045_HYFTJW_003_f002820.jpg,1
20260609_004045_HYFTJW_003_f002895.jpg,1
20260609_004045_HYFTJW_003_f003120.jpg,1
20260609_004045_HYFTJW_003_f003435.jpg,1
20260609_004045_HYFTJW_003_f003510.jpg,1
20260609_004045_HYFTJW_003_f003615.jpg,1
20260609_004045_HYFTJW_003_f003960.jpg,1
20260609_004045_HYFTJW_003_f004230.jpg,1
20260609_004045_HYFTJW_003_f004485.jpg,1
20260609_004045_HYFTJW_003_f004650.jpg,1
20260609_004045_HYFTJW_003_f005115.jpg,1
20260609_004045_HYFTJW_003_f005460.jpg,1
20260609_004045_HYFTJW_003_f005535.jpg,1
20260609_004045_HYFTJW_003_f005655.jpg,1
20260609_004045_HYFTJW_003_f005715.jpg,1
20260609_004045_HYFTJW_003_f006480.jpg,1
20260609_004045_HYFTJW_003_f006645.jpg,1
20260609_004045_HYFTJW_003_f006870.jpg,1
20260609_004045_HYFTJW_003_f007080.jpg,1
20260609_004045_HYFTJW_003_f007155.jpg,1
20260609_004045_HYFTJW_003_f007260.jpg,1
20260609_004045_HYFTJW_003_f009135.jpg,1
20260609_004045_HYFTJW_003_f009690.jpg,1
20260609_004045_HYFTJW_003_f010245.jpg,1
20260609_004045_HYFTJW_005_f000315.jpg,1
20260609_004045_HYFTJW_005_f000735.jpg,1
20260609_004045_HYFTJW_005_f001140.jpg,1
20260609_004045_HYFTJW_005_f001500.jpg,1
20260609_004045_HYFTJW_005_f001560.jpg,1
20260609_004045_HYFTJW_005_f001620.jpg,1
20260609_004045_HYFTJW_005_f001740.jpg,1
20260609_004045_HYFTJW_005_f001800.jpg,1
20260609_004045_HYFTJW_005_f001860.jpg,1
20260609_004045_HYFTJW_005_f002235.jpg,1
20260609_004045_HYFTJW_005_f002535.jpg,1
20260609_004045_HYFTJW_005_f002850.jpg,1
20260609_004045_HYFTJW_005_f003045.jpg,1
20260609_004045_HYFTJW_005_f004245.jpg,1
20260609_004045_HYFTJW_005_f004620.jpg,1
20260609_004045_HYFTJW_005_f005070.jpg,1
20260609_004045_HYFTJW_005_f005370.jpg,1
20260609_004045_HYFTJW_005_f010005.jpg,1
20260609_004045_HYFTJW_017_f000540.jpg,1
20260609_004045_HYFTJW_017_f002235.jpg,1
20260609_004045_HYFTJW_017_f003735.jpg,1
20260609_004045_HYFTJW_017_f006585.jpg,1
20260609_004731_EQQSNP_004_f000000.jpg,1
20260609_004731_EQQSNP_004_f000210.jpg,1
20260609_004731_EQQSNP_004_f001110.jpg,1
20260609_004731_EQQSNP_004_f001635.jpg,1
20260609_004731_EQQSNP_004_f001890.jpg,1
20260609_004731_EQQSNP_009_f000075.jpg,1
20260609_004731_EQQSNP_009_f000135.jpg,1
20260609_004731_EQQSNP_009_f000240.jpg,1
20260609_004731_EQQSNP_009_f000315.jpg,1
20260609_004731_EQQSNP_009_f000495.jpg,1
20260609_004731_EQQSNP_009_f000555.jpg,1
20260609_004731_EQQSNP_009_f000705.jpg,1
20260609_004731_EQQSNP_009_f000780.jpg,1
20260609_004731_EQQSNP_009_f000885.jpg,1
20260609_004731_EQQSNP_009_f000945.jpg,1
20260609_004731_EQQSNP_009_f001020.jpg,1
20260609_004731_EQQSNP_009_f001170.jpg,1
20260609_004731_EQQSNP_009_f001305.jpg,1
20260609_004731_EQQSNP_009_f001395.jpg,1
20260609_004731_EQQSNP_009_f001470.jpg,1
20260609_004731_EQQSNP_009_f001545.jpg,1
20260609_004731_EQQSNP_009_f001605.jpg,1
20260609_004731_EQQSNP_009_f001695.jpg,1
20260609_004731_EQQSNP_009_f001845.jpg,1
20260609_004731_EQQSNP_009_f001935.jpg,1
20260609_004731_EQQSNP_009_f001995.jpg,1
20260609_004731_EQQSNP_009_f002055.jpg,1
20260609_004731_EQQSNP_009_f002130.jpg,1
20260609_004731_EQQSNP_009_f002265.jpg,1
20260609_004731_EQQSNP_009_f002385.jpg,1
20260609_004731_EQQSNP_009_f002505.jpg,1
20260609_004731_EQQSNP_009_f002565.jpg,1
20260609_004731_EQQSNP_009_f002625.jpg,1
20260609_004731_EQQSNP_009_f002775.jpg,1
20260609_004731_EQQSNP_009_f002865.jpg,1
20260609_004731_EQQSNP_009_f002925.jpg,1
20260609_004731_EQQSNP_009_f003165.jpg,1
20260609_004731_EQQSNP_009_f003405.jpg,1
20260609_004731_EQQSNP_009_f003480.jpg,1
20260609_004731_EQQSNP_009_f003540.jpg,1
20260609_004731_EQQSNP_009_f003615.jpg,1
20260609_004731_EQQSNP_009_f003675.jpg,1
20260609_004731_EQQSNP_009_f003825.jpg,1
20260609_004731_EQQSNP_009_f003915.jpg,1
20260609_004731_EQQSNP_009_f003990.jpg,1
20260609_004731_EQQSNP_022_f000180.jpg,1
20260609_004731_EQQSNP_022_f000375.jpg,1
20260609_004731_EQQSNP_022_f000825.jpg,1
20260609_004731_EQQSNP_022_f000975.jpg,1
20260609_004731_EQQSNP_022_f001575.jpg,1
20260609_004731_EQQSNP_022_f001680.jpg,1
20260609_004731_EQQSNP_022_f002160.jpg,1
20260609_004731_EQQSNP_022_f002310.jpg,1
20260609_004731_EQQSNP_022_f002880.jpg,1
20260609_004731_EQQSNP_022_f003090.jpg,1
20260609_004731_EQQSNP_022_f005040.jpg,1
20260609_004731_EQQSNP_022_f005730.jpg,1
20260609_004731_EQQSNP_022_f005940.jpg,1
20260609_004731_EQQSNP_022_f006885.jpg,1
20260609_004731_EQQSNP_022_f009405.jpg,1
20260609_005043_LBWGKF_005_f000465.jpg,1
20260609_005043_LBWGKF_005_f000600.jpg,1
20260609_005043_LBWGKF_005_f001170.jpg,1
20260609_005043_LBWGKF_005_f003735.jpg,1
20260609_005043_LBWGKF_005_f003795.jpg,1
20260609_005043_LBWGKF_005_f003870.jpg,1
20260609_005043_LBWGKF_005_f004170.jpg,1
20260609_005043_LBWGKF_015_f000360.jpg,1
20260609_005043_LBWGKF_015_f000630.jpg,1
20260609_005043_LBWGKF_015_f001260.jpg,1
20260609_005043_LBWGKF_015_f002010.jpg,1
20260609_005043_LBWGKF_015_f002115.jpg,1
20260609_005043_LBWGKF_015_f002235.jpg,1
20260609_005043_LBWGKF_015_f002295.jpg,1
20260609_005043_LBWGKF_015_f002355.jpg,1
20260609_005043_LBWGKF_015_f002445.jpg,1
20260609_005043_LBWGKF_015_f002895.jpg,1
20260609_005043_LBWGKF_015_f006255.jpg,1
20260609_005043_LBWGKF_015_f006420.jpg,1
20260609_005043_LBWGKF_015_f006825.jpg,1
20260609_005043_LBWGKF_015_f006945.jpg,1
20260609_005043_LBWGKF_015_f007050.jpg,1
20260609_005043_LBWGKF_015_f007260.jpg,1
20260609_005043_LBWGKF_015_f007470.jpg,1
20260609_005043_LBWGKF_015_f007770.jpg,1
20260609_005043_LBWGKF_015_f007845.jpg,1
20260609_005043_LBWGKF_015_f007935.jpg,1
20260609_005043_LBWGKF_015_f007995.jpg,1
20260609_005043_LBWGKF_015_f008160.jpg,1
20260609_005043_LBWGKF_015_f008325.jpg,1
20260609_005043_LBWGKF_015_f008445.jpg,1
20260609_005043_LBWGKF_015_f008505.jpg,1
20260609_005043_LBWGKF_015_f008565.jpg,1
20260609_005043_LBWGKF_015_f008775.jpg,1
20260609_005043_LBWGKF_015_f008850.jpg,1
20260609_005043_LBWGKF_015_f008925.jpg,1
20260609_005043_LBWGKF_015_f009060.jpg,1
20260609_005043_LBWGKF_015_f009135.jpg,1
20260609_005043_LBWGKF_015_f009195.jpg,1
20260609_005043_LBWGKF_015_f010395.jpg,1
20260609_005043_LBWGKF_019_f000345.jpg,1
20260609_005043_LBWGKF_019_f000645.jpg,1
20260609_005043_LBWGKF_019_f000795.jpg,1
20260609_005043_LBWGKF_019_f000975.jpg,1
20260609_005043_LBWGKF_019_f001365.jpg,1
20260609_005043_LBWGKF_019_f002160.jpg,1
20260609_005043_LBWGKF_019_f002385.jpg,1
20260609_005043_LBWGKF_019_f003015.jpg,1
20260609_005043_LBWGKF_019_f003615.jpg,1
20260609_005043_LBWGKF_019_f004080.jpg,1
20260609_005043_LBWGKF_019_f004140.jpg,1
20260609_005043_LBWGKF_019_f006585.jpg,1
20260609_005043_LBWGKF_019_f007890.jpg,1
20260609_005043_LBWGKF_019_f008055.jpg,1
20260609_005043_LBWGKF_019_f008550.jpg,1
20260609_005043_LBWGKF_019_f009135.jpg,1
20260609_005043_LBWGKF_019_f009690.jpg,1
20260609_005043_LBWGKF_019_f010050.jpg,1
20260609_005043_LBWGKF_019_f010425.jpg,1
20260609_005043_LBWGKF_019_f010680.jpg,1
20260609_005535_FNLJAQ_007_f000015.jpg,1
20260609_005535_FNLJAQ_007_f000225.jpg,1
20260609_005535_FNLJAQ_007_f000450.jpg,1
20260609_005535_FNLJAQ_007_f000615.jpg,1
20260609_005535_FNLJAQ_007_f001530.jpg,1
20260609_005535_FNLJAQ_007_f001740.jpg,1
20260609_005535_FNLJAQ_007_f001815.jpg,1
20260609_005535_FNLJAQ_007_f001905.jpg,1
20260609_005535_FNLJAQ_007_f002055.jpg,1
20260609_005535_FNLJAQ_007_f002280.jpg,1
20260609_005535_FNLJAQ_007_f002520.jpg,1
20260609_005535_FNLJAQ_007_f002580.jpg,1
20260609_005535_FNLJAQ_007_f002640.jpg,1
20260609_005535_FNLJAQ_007_f002700.jpg,1
20260609_005535_FNLJAQ_007_f002805.jpg,1
20260609_005535_FNLJAQ_007_f003105.jpg,1
20260609_005535_FNLJAQ_007_f004290.jpg,1
20260609_005535_FNLJAQ_007_f004395.jpg,1
20260609_005535_FNLJAQ_007_f004470.jpg,1
20260609_005535_FNLJAQ_007_f004665.jpg,1
20260609_005535_FNLJAQ_007_f004755.jpg,1
20260609_005535_FNLJAQ_007_f004965.jpg,1
20260609_005535_FNLJAQ_007_f005085.jpg,1
20260609_005535_FNLJAQ_007_f005430.jpg,1
20260609_005535_FNLJAQ_007_f005685.jpg,1
20260609_005535_FNLJAQ_007_f006000.jpg,1
20260609_005535_FNLJAQ_007_f006060.jpg,1
20260609_005535_FNLJAQ_007_f006360.jpg,1
20260609_005535_FNLJAQ_007_f006570.jpg,1
20260609_005535_FNLJAQ_007_f006825.jpg,1
20260609_005535_FNLJAQ_007_f006885.jpg,1
20260609_005535_FNLJAQ_007_f007200.jpg,1
20260609_005535_FNLJAQ_007_f007260.jpg,1
20260609_005535_FNLJAQ_007_f007410.jpg,1
20260609_005535_FNLJAQ_007_f007530.jpg,1
20260609_005535_FNLJAQ_007_f008295.jpg,1
20260609_005535_FNLJAQ_015_f000285.jpg,1
20260609_005535_FNLJAQ_015_f004560.jpg,1
20260609_005535_FNLJAQ_015_f004785.jpg,1
20260609_005535_FNLJAQ_015_f006495.jpg,1
20260609_005535_FNLJAQ_020_f000165.jpg,1
20260609_005535_FNLJAQ_020_f000270.jpg,1
20260609_005535_FNLJAQ_020_f000600.jpg,1
20260609_005535_FNLJAQ_020_f000690.jpg,1
20260609_005535_FNLJAQ_020_f000810.jpg,1
20260609_005535_FNLJAQ_020_f000900.jpg,1
20260609_005535_FNLJAQ_020_f000960.jpg,1
20260609_005535_FNLJAQ_020_f001260.jpg,1
20260609_005535_FNLJAQ_020_f001665.jpg,1
20260609_005535_FNLJAQ_020_f001785.jpg,1
20260609_005535_FNLJAQ_020_f001905.jpg,1
20260609_005535_FNLJAQ_020_f010215.jpg,1
20260609_005535_FNLJAQ_020_f010305.jpg,1
20260609_005535_FNLJAQ_020_f010440.jpg,1
20260609_005535_FNLJAQ_020_f010665.jpg,1
20260609_005535_FNLJAQ_020_f010770.jpg,1
20260609_005535_FNLJAQ_020_f010935.jpg,1
20260609_005535_FNLJAQ_020_f010995.jpg,1
20260609_005535_FNLJAQ_020_f011055.jpg,1
20260609_005535_FNLJAQ_020_f011115.jpg,1
20260609_060838_YXUWEV_004_f000000.jpg,1
20260609_060838_YXUWEV_004_f000075.jpg,1
20260609_060838_YXUWEV_004_f000135.jpg,1
20260609_060838_YXUWEV_004_f000195.jpg,1
20260609_060838_YXUWEV_004_f000285.jpg,1
20260609_060838_YXUWEV_004_f000690.jpg,1
20260609_060838_YXUWEV_004_f000750.jpg,1
20260609_060838_YXUWEV_004_f000840.jpg,1
20260609_060838_YXUWEV_004_f001455.jpg,1
20260609_060838_YXUWEV_004_f007200.jpg,1
20260609_060838_YXUWEV_004_f007590.jpg,1
20260609_060838_YXUWEV_004_f008880.jpg,1
20260609_060838_YXUWEV_004_f008940.jpg,1
20260609_060838_YXUWEV_006_f000390.jpg,1
20260609_060838_YXUWEV_006_f000450.jpg,1
20260609_060838_YXUWEV_006_f001170.jpg,1
20260609_060838_YXUWEV_006_f001410.jpg,1
20260609_060838_YXUWEV_006_f001545.jpg,1
20260609_060838_YXUWEV_006_f001605.jpg,1
20260609_060838_YXUWEV_006_f001695.jpg,1
20260609_060838_YXUWEV_006_f001875.jpg,1
20260609_060838_YXUWEV_006_f002025.jpg,1
20260609_060838_YXUWEV_006_f002130.jpg,1
20260609_060838_YXUWEV_006_f002265.jpg,1
20260609_060838_YXUWEV_006_f002325.jpg,1
20260609_060838_YXUWEV_006_f002505.jpg,1
20260609_060838_YXUWEV_006_f002595.jpg,1
20260609_060838_YXUWEV_006_f002700.jpg,1
20260609_060838_YXUWEV_006_f002760.jpg,1
20260609_060838_YXUWEV_006_f002835.jpg,1
20260609_060838_YXUWEV_006_f002895.jpg,1
20260609_060838_YXUWEV_006_f002985.jpg,1
20260609_060838_YXUWEV_006_f003225.jpg,1
20260609_060838_YXUWEV_006_f003285.jpg,1
20260609_060838_YXUWEV_006_f003345.jpg,1
20260609_060838_YXUWEV_006_f003555.jpg,1
20260609_060838_YXUWEV_006_f003645.jpg,1
20260609_060838_YXUWEV_006_f003795.jpg,1
20260609_060838_YXUWEV_006_f003885.jpg,1
20260609_060838_YXUWEV_006_f004170.jpg,1
20260609_060838_YXUWEV_006_f004245.jpg,1
20260609_060838_YXUWEV_006_f004800.jpg,1
20260609_060838_YXUWEV_006_f005040.jpg,1
20260609_060838_YXUWEV_014_f000660.jpg,1
20260609_060838_YXUWEV_014_f000735.jpg,1
20260609_060838_YXUWEV_014_f000855.jpg,1
20260609_060838_YXUWEV_014_f000960.jpg,1
20260609_060838_YXUWEV_014_f001125.jpg,1
20260609_060838_YXUWEV_014_f001290.jpg,1
20260609_060838_YXUWEV_014_f001920.jpg,1
20260609_060838_YXUWEV_014_f002115.jpg,1
20260609_060838_YXUWEV_014_f002235.jpg,1
20260609_060838_YXUWEV_014_f002340.jpg,1
20260609_060838_YXUWEV_014_f006960.jpg,1
20260609_060838_YXUWEV_014_f007485.jpg,1
20260609_060838_YXUWEV_014_f008070.jpg,1
20260609_060838_YXUWEV_014_f008235.jpg,1
20260609_060838_YXUWEV_014_f008370.jpg,1
20260609_060838_YXUWEV_014_f008670.jpg,1
20260609_060838_YXUWEV_014_f009060.jpg,1
20260609_061125_GXFBQE_000_f000135.jpg,1
20260609_061125_GXFBQE_000_f000195.jpg,1
20260609_061125_GXFBQE_000_f000255.jpg,1
20260609_061125_GXFBQE_000_f000315.jpg,1
20260609_061125_GXFBQE_000_f000450.jpg,1
20260609_061125_GXFBQE_000_f001695.jpg,1
20260609_061125_GXFBQE_000_f001770.jpg,1
20260609_061125_GXFBQE_000_f001860.jpg,1
20260609_061125_GXFBQE_000_f001965.jpg,1
20260609_061125_GXFBQE_000_f002055.jpg,1
20260609_061125_GXFBQE_000_f002115.jpg,1
20260609_061125_GXFBQE_000_f002190.jpg,1
20260609_061125_GXFBQE_000_f002310.jpg,1
20260609_061125_GXFBQE_000_f002370.jpg,1
20260609_061125_GXFBQE_000_f002430.jpg,1
20260609_061125_GXFBQE_000_f002520.jpg,1
20260609_061125_GXFBQE_000_f002595.jpg,1
20260609_061125_GXFBQE_000_f002655.jpg,1
20260609_061125_GXFBQE_000_f002730.jpg,1
20260609_061125_GXFBQE_000_f002790.jpg,1
20260609_061125_GXFBQE_000_f002850.jpg,1
20260609_061125_GXFBQE_000_f003000.jpg,1
20260609_061125_GXFBQE_000_f003075.jpg,1
20260609_061125_GXFBQE_000_f003150.jpg,1
20260609_061125_GXFBQE_000_f003270.jpg,1
20260609_061125_GXFBQE_000_f003330.jpg,1
20260609_061125_GXFBQE_000_f003390.jpg,1
20260609_061125_GXFBQE_000_f003465.jpg,1
20260609_061125_GXFBQE_000_f003540.jpg,1
20260609_061125_GXFBQE_000_f003645.jpg,1
20260609_061125_GXFBQE_000_f003705.jpg,1
20260609_061125_GXFBQE_000_f003780.jpg,1
20260609_061125_GXFBQE_000_f003840.jpg,1
20260609_061125_GXFBQE_000_f004200.jpg,1
20260609_061125_GXFBQE_000_f005325.jpg,1
20260609_061125_GXFBQE_000_f006615.jpg,1
20260609_061125_GXFBQE_000_f006690.jpg,1
20260609_061125_GXFBQE_000_f007605.jpg,1
20260609_061125_GXFBQE_000_f009390.jpg,1
20260609_061125_GXFBQE_000_f009855.jpg,1
20260609_061125_GXFBQE_001_f000330.jpg,1
20260609_061125_GXFBQE_001_f001185.jpg,1
20260609_061125_GXFBQE_001_f001425.jpg,1
20260609_061125_GXFBQE_001_f001620.jpg,1
20260609_061125_GXFBQE_001_f001770.jpg,1
20260609_061125_GXFBQE_001_f001875.jpg,1
20260609_061125_GXFBQE_001_f002325.jpg,1
20260609_061125_GXFBQE_001_f002430.jpg,1
20260609_061125_GXFBQE_001_f002895.jpg,1
20260609_061125_GXFBQE_001_f003525.jpg,1
20260609_061125_GXFBQE_001_f003855.jpg,1
20260609_061125_GXFBQE_001_f003990.jpg,1
20260609_061125_GXFBQE_001_f004050.jpg,1
20260609_061125_GXFBQE_001_f005490.jpg,1
20260609_061125_GXFBQE_001_f006480.jpg,1
20260609_061125_GXFBQE_001_f006825.jpg,1
20260609_061125_GXFBQE_001_f006930.jpg,1
20260609_061125_GXFBQE_001_f007605.jpg,1
20260609_062513_KJQSMR_002_f000555.jpg,1
20260609_062513_KJQSMR_002_f000690.jpg,1
20260609_062513_KJQSMR_002_f000810.jpg,1
20260609_062513_KJQSMR_002_f000870.jpg,1
20260609_062513_KJQSMR_002_f000930.jpg,1
20260609_062513_KJQSMR_002_f001125.jpg,1
20260609_062513_KJQSMR_002_f001455.jpg,1
20260609_062513_KJQSMR_002_f001545.jpg,1
20260609_062513_KJQSMR_002_f001920.jpg,1
20260609_062513_KJQSMR_002_f002205.jpg,1
20260609_062513_KJQSMR_002_f002415.jpg,1
20260609_062513_KJQSMR_002_f002475.jpg,1
20260609_062513_KJQSMR_002_f002715.jpg,1
20260609_062513_KJQSMR_002_f002775.jpg,1
20260609_062513_KJQSMR_002_f003015.jpg,1
20260609_062513_KJQSMR_002_f003075.jpg,1
20260609_062513_KJQSMR_002_f003150.jpg,1
20260609_062513_KJQSMR_002_f003600.jpg,1
20260609_062513_KJQSMR_002_f006675.jpg,1
20260609_062513_KJQSMR_002_f007305.jpg,1
20260609_062513_KJQSMR_010_f000045.jpg,1
20260609_062513_KJQSMR_010_f000135.jpg,1
20260609_062513_KJQSMR_010_f000270.jpg,1
20260609_062513_KJQSMR_010_f000345.jpg,1
20260609_062513_KJQSMR_010_f000450.jpg,1
20260609_062513_KJQSMR_010_f001035.jpg,1
20260609_062513_KJQSMR_010_f001095.jpg,1
20260609_062513_KJQSMR_010_f001170.jpg,1
20260609_062513_KJQSMR_010_f001305.jpg,1
20260609_062513_KJQSMR_010_f001485.jpg,1
20260609_062513_KJQSMR_010_f001545.jpg,1
20260609_062513_KJQSMR_010_f001755.jpg,1
20260609_062513_KJQSMR_010_f001905.jpg,1
20260609_062513_KJQSMR_010_f001965.jpg,1
20260609_062513_KJQSMR_010_f002055.jpg,1
20260609_062513_KJQSMR_010_f002400.jpg,1
20260609_062513_KJQSMR_010_f002520.jpg,1
20260609_062513_KJQSMR_010_f002640.jpg,1
20260609_062513_KJQSMR_010_f002730.jpg,1
20260609_062513_KJQSMR_010_f003150.jpg,1
20260609_062513_KJQSMR_010_f004635.jpg,1
20260609_062513_KJQSMR_010_f007245.jpg,1
20260609_062513_KJQSMR_010_f007530.jpg,1
20260609_062513_KJQSMR_010_f008070.jpg,1
20260609_062513_KJQSMR_010_f008145.jpg,1
20260609_062513_KJQSMR_010_f009135.jpg,1
20260609_062513_KJQSMR_010_f009540.jpg,1
20260609_062513_KJQSMR_010_f009645.jpg,1
20260609_062513_KJQSMR_010_f010125.jpg,1
20260609_062513_KJQSMR_010_f010335.jpg,1
20260609_062513_KJQSMR_010_f010575.jpg,1
20260609_062513_KJQSMR_010_f010785.jpg,1
20260609_062513_KJQSMR_013_f001050.jpg,1
20260609_062513_KJQSMR_013_f004005.jpg,1
20260609_062513_KJQSMR_013_f004110.jpg,1
20260609_062513_KJQSMR_013_f004515.jpg,1
20260609_062513_KJQSMR_013_f006930.jpg,1
20260609_062513_KJQSMR_013_f007365.jpg,1
20260609_062513_KJQSMR_013_f009720.jpg,1
20260609_062513_KJQSMR_013_f009795.jpg,1
20260609_063211_EYSLTJ_004_f000000.jpg,1
20260609_063211_EYSLTJ_004_f000060.jpg,1
20260609_063211_EYSLTJ_004_f000120.jpg,1
20260609_063211_EYSLTJ_004_f000180.jpg,1
20260609_063211_EYSLTJ_004_f000240.jpg,1
20260609_063211_EYSLTJ_004_f000300.jpg,1
20260609_063211_EYSLTJ_004_f000390.jpg,1
20260609_063211_EYSLTJ_004_f000480.jpg,1
20260609_063211_EYSLTJ_004_f000555.jpg,1
20260609_063211_EYSLTJ_004_f000630.jpg,1
20260609_063211_EYSLTJ_004_f000690.jpg,1
20260609_063211_EYSLTJ_004_f000750.jpg,1
20260609_063211_EYSLTJ_004_f000825.jpg,1
20260609_063211_EYSLTJ_004_f000885.jpg,1
20260609_063211_EYSLTJ_004_f000990.jpg,1
20260609_063211_EYSLTJ_004_f001095.jpg,1
20260609_063211_EYSLTJ_004_f001170.jpg,1
20260609_063211_EYSLTJ_004_f001245.jpg,1
20260609_063211_EYSLTJ_004_f001305.jpg,1
20260609_063211_EYSLTJ_004_f001365.jpg,1
20260609_063211_EYSLTJ_004_f001425.jpg,1
20260609_063211_EYSLTJ_004_f001500.jpg,1
20260609_063211_EYSLTJ_004_f001560.jpg,1
20260609_063211_EYSLTJ_004_f001650.jpg,1
20260609_063211_EYSLTJ_004_f001725.jpg,1
20260609_063211_EYSLTJ_004_f001815.jpg,1
20260609_063211_EYSLTJ_004_f001905.jpg,1
20260609_063211_EYSLTJ_004_f002010.jpg,1
20260609_063211_EYSLTJ_004_f002070.jpg,1
20260609_063211_EYSLTJ_004_f002145.jpg,1
20260609_063211_EYSLTJ_004_f002205.jpg,1
20260609_063211_EYSLTJ_004_f002325.jpg,1
20260609_063211_EYSLTJ_004_f002415.jpg,1
20260609_063211_EYSLTJ_004_f002505.jpg,1
20260609_063211_EYSLTJ_004_f002580.jpg,1
20260609_063211_EYSLTJ_004_f002715.jpg,1
20260609_063211_EYSLTJ_004_f004365.jpg,1
20260609_063211_EYSLTJ_004_f004755.jpg,1
20260609_063211_EYSLTJ_004_f008115.jpg,1
20260609_063211_EYSLTJ_004_f008475.jpg,1
20260609_063211_EYSLTJ_004_f008880.jpg,1
20260609_063211_EYSLTJ_004_f009165.jpg,1
20260609_063211_EYSLTJ_010_f000060.jpg,1
20260609_063211_EYSLTJ_010_f000120.jpg,1
20260609_063211_EYSLTJ_010_f000270.jpg,1
20260609_063211_EYSLTJ_010_f000390.jpg,1
20260609_063211_EYSLTJ_010_f000525.jpg,1
20260609_063211_EYSLTJ_010_f000585.jpg,1
20260609_063211_EYSLTJ_010_f000690.jpg,1
20260609_063211_EYSLTJ_010_f000750.jpg,1
20260609_063211_EYSLTJ_010_f000990.jpg,1
20260609_063211_EYSLTJ_010_f001290.jpg,1
20260609_063211_EYSLTJ_010_f004410.jpg,1
20260609_063211_EYSLTJ_010_f004470.jpg,1
20260609_063211_EYSLTJ_010_f005775.jpg,1
20260609_063211_EYSLTJ_010_f005910.jpg,1
20260609_063211_EYSLTJ_010_f006060.jpg,1
20260609_063211_EYSLTJ_010_f006150.jpg,1
20260609_063211_EYSLTJ_010_f008010.jpg,1
20260609_065530_YWVRTS_002_f001350.jpg,1
20260609_065530_YWVRTS_002_f001575.jpg,1
20260609_065530_YWVRTS_002_f002025.jpg,1
20260609_065530_YWVRTS_002_f002085.jpg,1
20260609_065530_YWVRTS_002_f002145.jpg,1
20260609_065530_YWVRTS_002_f002475.jpg,1
20260609_065530_YWVRTS_002_f005415.jpg,1
20260609_065530_YWVRTS_002_f005505.jpg,1
20260609_065530_YWVRTS_002_f005640.jpg,1
20260609_065530_YWVRTS_002_f006045.jpg,1
20260609_065530_YWVRTS_002_f006375.jpg,1
20260609_065530_YWVRTS_002_f006645.jpg,1
20260609_065530_YWVRTS_002_f006780.jpg,1
20260609_065530_YWVRTS_002_f006870.jpg,1
20260609_065530_YWVRTS_002_f007110.jpg,1
20260609_065530_YWVRTS_002_f007395.jpg,1
20260609_065530_YWVRTS_002_f007455.jpg,1
20260609_065530_YWVRTS_002_f007515.jpg,1
20260609_065530_YWVRTS_002_f007575.jpg,1
20260609_065530_YWVRTS_002_f007650.jpg,1
20260609_065530_YWVRTS_002_f007890.jpg,1
20260609_065530_YWVRTS_002_f008055.jpg,1
20260609_065530_YWVRTS_002_f008130.jpg,1
20260609_065530_YWVRTS_002_f008190.jpg,1
20260609_065530_YWVRTS_002_f008250.jpg,1
20260609_065530_YWVRTS_002_f008325.jpg,1
20260609_065530_YWVRTS_002_f008385.jpg,1
20260609_065530_YWVRTS_002_f008445.jpg,1
20260609_065530_YWVRTS_002_f008880.jpg,1
20260609_065530_YWVRTS_004_f000060.jpg,1
20260609_065530_YWVRTS_004_f000255.jpg,1
20260609_065530_YWVRTS_004_f000315.jpg,1
20260609_065530_YWVRTS_004_f000390.jpg,1
20260609_065530_YWVRTS_004_f001560.jpg,1
20260609_065530_YWVRTS_004_f006435.jpg,1
20260609_065530_YWVRTS_004_f009765.jpg,1
20260609_072345_UKDGFV_000_f000015.jpg,1
20260609_072345_UKDGFV_000_f000135.jpg,1
20260609_072345_UKDGFV_000_f000195.jpg,1
20260609_072345_UKDGFV_000_f000270.jpg,1
20260609_072345_UKDGFV_000_f000330.jpg,1
20260609_072345_UKDGFV_000_f000390.jpg,1
20260609_072345_UKDGFV_000_f000450.jpg,1
20260609_072345_UKDGFV_000_f000510.jpg,1
20260609_072345_UKDGFV_000_f000570.jpg,1
20260609_072345_UKDGFV_000_f000630.jpg,1
20260609_072345_UKDGFV_000_f000690.jpg,1
20260609_072345_UKDGFV_000_f000750.jpg,1
20260609_072345_UKDGFV_000_f000810.jpg,1
20260609_072345_UKDGFV_000_f000990.jpg,1
20260609_072345_UKDGFV_000_f001065.jpg,1
20260609_072345_UKDGFV_000_f001125.jpg,1
20260609_072345_UKDGFV_000_f001215.jpg,1
20260609_072345_UKDGFV_000_f001275.jpg,1
20260609_072345_UKDGFV_000_f001335.jpg,1
20260609_072345_UKDGFV_000_f001485.jpg,1
20260609_072345_UKDGFV_000_f001545.jpg,1
20260609_072345_UKDGFV_000_f001635.jpg,1
20260609_072345_UKDGFV_000_f001740.jpg,1
20260609_072345_UKDGFV_000_f001890.jpg,1
20260609_072345_UKDGFV_000_f001950.jpg,1
20260609_072345_UKDGFV_000_f002010.jpg,1
20260609_072345_UKDGFV_000_f002070.jpg,1
20260609_072345_UKDGFV_000_f002325.jpg,1
20260609_072345_UKDGFV_000_f002385.jpg,1
20260609_072345_UKDGFV_000_f002610.jpg,1
20260609_072345_UKDGFV_000_f002670.jpg,1
20260609_072345_UKDGFV_000_f004065.jpg,1
20260609_072345_UKDGFV_000_f004515.jpg,1
20260609_072345_UKDGFV_000_f005520.jpg,1
20260609_072345_UKDGFV_000_f005790.jpg,1
20260609_072345_UKDGFV_003_f000135.jpg,1
20260609_072345_UKDGFV_003_f000465.jpg,1
20260609_072345_UKDGFV_003_f000600.jpg,1
20260609_072345_UKDGFV_003_f000825.jpg,1
20260609_072345_UKDGFV_003_f001050.jpg,1
20260609_072345_UKDGFV_003_f001680.jpg,1
20260609_072345_UKDGFV_003_f002025.jpg,1
20260609_072345_UKDGFV_003_f002085.jpg,1
20260609_072345_UKDGFV_003_f003465.jpg,1
20260609_072345_UKDGFV_003_f004620.jpg,1
20260609_072345_UKDGFV_003_f004935.jpg,1
20260609_072345_UKDGFV_003_f005010.jpg,1
20260609_072345_UKDGFV_003_f005445.jpg,1
20260609_072345_UKDGFV_003_f006255.jpg,1
20260609_072345_UKDGFV_005_f000870.jpg,1
20260609_072345_UKDGFV_005_f001440.jpg,1
20260609_072345_UKDGFV_005_f001800.jpg,1
20260609_072345_UKDGFV_005_f001890.jpg,1
20260609_072345_UKDGFV_005_f001950.jpg,1
20260609_072345_UKDGFV_005_f002040.jpg,1
20260609_072345_UKDGFV_005_f005910.jpg,1
20260609_072345_UKDGFV_005_f006090.jpg,1
20260609_072345_UKDGFV_005_f006375.jpg,1
20260609_072345_UKDGFV_005_f006435.jpg,1
20260609_072345_UKDGFV_005_f007680.jpg,1
20260609_075714_RXRRPW_000_f001545.jpg,1
20260609_075714_RXRRPW_000_f003585.jpg,1
20260609_075714_RXRRPW_000_f003735.jpg,1
20260609_075714_RXRRPW_000_f009405.jpg,1
20260609_075714_RXRRPW_000_f010155.jpg,1
20260609_075714_RXRRPW_001_f000030.jpg,1
20260609_075714_RXRRPW_001_f000225.jpg,1
20260609_075714_RXRRPW_001_f000510.jpg,1
20260609_075714_RXRRPW_001_f000585.jpg,1
20260609_075714_RXRRPW_001_f000675.jpg,1
20260609_075714_RXRRPW_001_f000750.jpg,1
20260609_075714_RXRRPW_001_f000810.jpg,1
20260609_075714_RXRRPW_001_f000930.jpg,1
20260609_075714_RXRRPW_001_f001005.jpg,1
20260609_075714_RXRRPW_001_f001170.jpg,1
20260609_075714_RXRRPW_001_f001410.jpg,1
20260609_075714_RXRRPW_001_f001545.jpg,1
20260609_075714_RXRRPW_001_f001920.jpg,1
20260609_075714_RXRRPW_001_f002070.jpg,1
20260609_075714_RXRRPW_001_f002130.jpg,1
20260609_075714_RXRRPW_001_f002190.jpg,1
20260609_075714_RXRRPW_001_f002280.jpg,1
20260609_075714_RXRRPW_001_f002535.jpg,1
20260609_075714_RXRRPW_001_f006825.jpg,1
20260609_075714_RXRRPW_001_f007110.jpg,1
20260609_075714_RXRRPW_001_f007185.jpg,1
20260609_075714_RXRRPW_001_f007335.jpg,1
20260609_075714_RXRRPW_001_f008475.jpg,1
20260609_075714_RXRRPW_001_f008550.jpg,1
20260609_075714_RXRRPW_001_f009120.jpg,1
20260609_075714_RXRRPW_001_f009405.jpg,1
20260609_075714_RXRRPW_001_f009570.jpg,1
20260609_075714_RXRRPW_001_f010095.jpg,1
20260609_075714_RXRRPW_001_f010755.jpg,1
20260609_075714_RXRRPW_004_f000015.jpg,1
20260609_075714_RXRRPW_004_f000075.jpg,1
20260609_075714_RXRRPW_004_f000150.jpg,1
20260609_075714_RXRRPW_004_f000255.jpg,1
20260609_075714_RXRRPW_004_f000375.jpg,1
20260609_075714_RXRRPW_004_f000525.jpg,1
20260609_075714_RXRRPW_004_f001035.jpg,1
20260609_075714_RXRRPW_004_f001500.jpg,1
20260609_075714_RXRRPW_004_f001665.jpg,1
20260609_075714_RXRRPW_004_f002655.jpg,1
20260609_075714_RXRRPW_004_f002775.jpg,1
20260609_075714_RXRRPW_004_f003270.jpg,1
20260609_075714_RXRRPW_004_f004185.jpg,1
20260609_075714_RXRRPW_004_f004305.jpg,1
20260609_075714_RXRRPW_004_f004545.jpg,1
20260609_075714_RXRRPW_004_f005100.jpg,1
20260609_075714_RXRRPW_004_f005715.jpg,1
20260609_075714_RXRRPW_004_f005775.jpg,1
20260609_075714_RXRRPW_004_f005970.jpg,1
20260609_075714_RXRRPW_004_f006030.jpg,1
20260609_075714_RXRRPW_004_f006135.jpg,1
20260609_075714_RXRRPW_004_f006300.jpg,1
20260609_075714_RXRRPW_004_f006495.jpg,1
20260609_075714_RXRRPW_004_f007635.jpg,1
20260609_075714_RXRRPW_004_f008055.jpg,1
20260609_075714_RXRRPW_004_f008130.jpg,1
20260610_003340_BUVVVF_006_f000345.jpg,1
20260610_003340_BUVVVF_006_f000435.jpg,1
20260610_003340_BUVVVF_006_f000960.jpg,1
20260610_003340_BUVVVF_006_f001920.jpg,1
20260610_003340_BUVVVF_006_f002940.jpg,1
20260610_003340_BUVVVF_006_f003285.jpg,1
20260610_003340_BUVVVF_006_f003750.jpg,1
20260610_003340_BUVVVF_006_f003810.jpg,1
20260610_003340_BUVVVF_006_f003870.jpg,1
20260610_003340_BUVVVF_006_f003945.jpg,1
20260610_003340_BUVVVF_006_f004065.jpg,1
20260610_003340_BUVVVF_006_f004125.jpg,1
20260610_003340_BUVVVF_006_f004575.jpg,1
20260610_003340_BUVVVF_006_f005220.jpg,1
20260610_003340_BUVVVF_006_f007065.jpg,1
20260610_003340_BUVVVF_006_f008400.jpg,1
20260610_003340_BUVVVF_006_f008625.jpg,1
20260610_003340_BUVVVF_023_f001590.jpg,1
20260610_003340_BUVVVF_023_f003435.jpg,1
20260610_003340_BUVVVF_023_f003915.jpg,1
20260610_003340_BUVVVF_023_f004125.jpg,1
20260610_003340_BUVVVF_023_f004260.jpg,1
20260610_003340_BUVVVF_023_f004395.jpg,1
20260610_003340_BUVVVF_023_f004905.jpg,1
20260610_003340_BUVVVF_023_f005295.jpg,1
20260610_003340_BUVVVF_023_f005715.jpg,1
20260610_003340_BUVVVF_023_f006210.jpg,1
20260610_003340_BUVVVF_023_f006420.jpg,1
20260610_003340_BUVVVF_023_f006495.jpg,1
20260610_003340_BUVVVF_023_f006765.jpg,1
20260610_003340_BUVVVF_023_f006945.jpg,1
20260610_003340_BUVVVF_023_f007170.jpg,1
20260610_003340_BUVVVF_023_f007500.jpg,1
20260610_003340_BUVVVF_023_f007590.jpg,1
20260610_003340_BUVVVF_023_f007800.jpg,1
20260610_003340_BUVVVF_023_f007860.jpg,1
20260610_003340_BUVVVF_023_f007950.jpg,1
20260610_003340_BUVVVF_023_f008055.jpg,1
20260610_003340_BUVVVF_023_f008235.jpg,1
20260610_003340_BUVVVF_023_f008400.jpg,1
20260610_003340_BUVVVF_023_f008580.jpg,1
20260610_003340_BUVVVF_023_f008745.jpg,1
20260610_003340_BUVVVF_023_f008955.jpg,1
20260610_003340_BUVVVF_023_f009165.jpg,1
20260610_003340_BUVVVF_023_f009300.jpg,1
20260610_003340_BUVVVF_023_f010095.jpg,1
20260610_003340_BUVVVF_023_f010215.jpg,1
20260610_003340_BUVVVF_023_f010530.jpg,1
20260610_003340_BUVVVF_028_f000150.jpg,1
20260610_003340_BUVVVF_028_f000420.jpg,1
20260610_003340_BUVVVF_028_f000495.jpg,1
20260610_003340_BUVVVF_028_f000600.jpg,1
20260610_003340_BUVVVF_028_f000780.jpg,1
20260610_003340_BUVVVF_028_f000930.jpg,1
20260610_003340_BUVVVF_028_f001380.jpg,1
20260610_003340_BUVVVF_028_f001635.jpg,1
20260610_003340_BUVVVF_028_f002760.jpg,1
20260610_003340_BUVVVF_028_f009000.jpg,1
20260610_003340_BUVVVF_028_f009270.jpg,1
20260610_003340_BUVVVF_028_f009330.jpg,1
20260610_004020_LDNMGZ_005_f000060.jpg,1
20260610_004020_LDNMGZ_005_f000120.jpg,1
20260610_004020_LDNMGZ_005_f000555.jpg,1
20260610_004020_LDNMGZ_005_f000615.jpg,1
20260610_004020_LDNMGZ_005_f000675.jpg,1
20260610_004020_LDNMGZ_005_f000840.jpg,1
20260610_004020_LDNMGZ_005_f001035.jpg,1
20260610_004020_LDNMGZ_005_f001185.jpg,1
20260610_004020_LDNMGZ_005_f001380.jpg,1
20260610_004020_LDNMGZ_005_f001545.jpg,1
20260610_004020_LDNMGZ_005_f001650.jpg,1
20260610_004020_LDNMGZ_005_f002520.jpg,1
20260610_004020_LDNMGZ_005_f002655.jpg,1
20260610_004020_LDNMGZ_005_f002715.jpg,1
20260610_004020_LDNMGZ_005_f002805.jpg,1
20260610_004020_LDNMGZ_005_f003405.jpg,1
20260610_004020_LDNMGZ_005_f003870.jpg,1
20260610_004020_LDNMGZ_005_f004020.jpg,1
20260610_004020_LDNMGZ_005_f004095.jpg,1
20260610_004020_LDNMGZ_005_f005100.jpg,1
20260610_004020_LDNMGZ_005_f005220.jpg,1
20260610_004020_LDNMGZ_005_f005700.jpg,1
20260610_004020_LDNMGZ_005_f006540.jpg,1
20260610_004020_LDNMGZ_005_f006750.jpg,1
20260610_004020_LDNMGZ_005_f007590.jpg,1
20260610_004020_LDNMGZ_005_f007935.jpg,1
20260610_004020_LDNMGZ_005_f009030.jpg,1
20260610_004020_LDNMGZ_005_f009135.jpg,1
20260610_004020_LDNMGZ_005_f009195.jpg,1
20260610_004020_LDNMGZ_005_f011100.jpg,1
20260610_004020_LDNMGZ_010_f003000.jpg,1
20260610_004020_LDNMGZ_010_f004155.jpg,1
20260610_004020_LDNMGZ_010_f004230.jpg,1
20260610_004020_LDNMGZ_010_f004560.jpg,1
20260610_004020_LDNMGZ_010_f005625.jpg,1
20260610_004020_LDNMGZ_010_f006780.jpg,1
20260610_004020_LDNMGZ_010_f007680.jpg,1
20260610_004020_LDNMGZ_010_f007950.jpg,1
20260610_004020_LDNMGZ_010_f008100.jpg,1
20260610_004020_LDNMGZ_010_f008235.jpg,1
20260610_004020_LDNMGZ_010_f008670.jpg,1
20260610_004020_LDNMGZ_012_f000810.jpg,1
20260610_004020_LDNMGZ_012_f001380.jpg,1
20260610_004020_LDNMGZ_012_f001560.jpg,1
20260610_004020_LDNMGZ_012_f001725.jpg,1
20260610_004020_LDNMGZ_012_f001890.jpg,1
20260610_004020_LDNMGZ_012_f002625.jpg,1
20260610_004020_LDNMGZ_012_f004125.jpg,1
20260610_004020_LDNMGZ_012_f004185.jpg,1
20260610_004020_LDNMGZ_012_f004890.jpg,1
20260610_004020_LDNMGZ_012_f005220.jpg,1
20260610_004020_LDNMGZ_012_f007035.jpg,1
20260610_004020_LDNMGZ_012_f007140.jpg,1
20260610_004020_LDNMGZ_012_f008235.jpg,1
20260610_004020_LDNMGZ_012_f008355.jpg,1
20260610_004020_LDNMGZ_012_f009405.jpg,1
20260610_004020_LDNMGZ_012_f009465.jpg,1
20260610_004020_LDNMGZ_012_f010485.jpg,1
20260610_004020_LDNMGZ_012_f010650.jpg,1
20260610_004020_LDNMGZ_012_f010740.jpg,1
20260610_004547_QETYRW_006_f000015.jpg,1
20260610_004547_QETYRW_006_f000120.jpg,1
20260610_004547_QETYRW_006_f000195.jpg,1
20260610_004547_QETYRW_006_f000345.jpg,1
20260610_004547_QETYRW_006_f000450.jpg,1
20260610_004547_QETYRW_006_f000660.jpg,1
20260610_004547_QETYRW_006_f000735.jpg,1
20260610_004547_QETYRW_006_f000795.jpg,1
20260610_004547_QETYRW_006_f000885.jpg,1
20260610_004547_QETYRW_006_f000945.jpg,1
20260610_004547_QETYRW_006_f001005.jpg,1
20260610_004547_QETYRW_006_f001065.jpg,1
20260610_004547_QETYRW_006_f001485.jpg,1
20260610_004547_QETYRW_006_f001590.jpg,1
20260610_004547_QETYRW_006_f001695.jpg,1
20260610_004547_QETYRW_006_f001890.jpg,1
20260610_004547_QETYRW_006_f001950.jpg,1
20260610_004547_QETYRW_006_f002055.jpg,1
20260610_004547_QETYRW_006_f002115.jpg,1
20260610_004547_QETYRW_006_f002415.jpg,1
20260610_004547_QETYRW_006_f002490.jpg,1
20260610_004547_QETYRW_006_f002625.jpg,1
20260610_004547_QETYRW_006_f002730.jpg,1
20260610_004547_QETYRW_006_f003075.jpg,1
20260610_004547_QETYRW_006_f004080.jpg,1
20260610_004547_QETYRW_006_f005625.jpg,1
20260610_004547_QETYRW_006_f005760.jpg,1
20260610_004547_QETYRW_006_f006285.jpg,1
20260610_004547_QETYRW_006_f007515.jpg,1
20260610_004547_QETYRW_006_f007920.jpg,1
20260610_004547_QETYRW_006_f008130.jpg,1
20260610_004547_QETYRW_006_f008940.jpg,1
20260610_004547_QETYRW_006_f009255.jpg,1
20260610_004547_QETYRW_006_f009540.jpg,1
20260610_004547_QETYRW_006_f010515.jpg,1
20260610_004547_QETYRW_008_f000750.jpg,1
20260610_004547_QETYRW_008_f000990.jpg,1
20260610_004547_QETYRW_008_f001245.jpg,1
20260610_004547_QETYRW_008_f001650.jpg,1
20260610_004547_QETYRW_008_f001755.jpg,1
20260610_004547_QETYRW_008_f001815.jpg,1
20260610_004547_QETYRW_008_f002670.jpg,1
20260610_004547_QETYRW_008_f002880.jpg,1
20260610_004547_QETYRW_008_f003330.jpg,1
20260610_004547_QETYRW_008_f004245.jpg,1
20260610_004547_QETYRW_008_f010560.jpg,1
20260610_004547_QETYRW_018_f001545.jpg,1
20260610_004547_QETYRW_018_f001650.jpg,1
20260610_004547_QETYRW_018_f001710.jpg,1
20260610_004547_QETYRW_018_f001920.jpg,1
20260610_004547_QETYRW_018_f006690.jpg,1
20260610_004547_QETYRW_018_f006855.jpg,1
20260610_004547_QETYRW_018_f008535.jpg,1
20260610_004547_QETYRW_018_f008880.jpg,1
20260610_004547_QETYRW_018_f008940.jpg,1
20260610_004547_QETYRW_018_f009000.jpg,1
20260610_004547_QETYRW_018_f009765.jpg,1
20260610_004547_QETYRW_018_f009870.jpg,1
20260610_004547_QETYRW_018_f010125.jpg,1
20260610_004547_QETYRW_018_f010185.jpg,1
20260610_004914_WATCZX_010_f000570.jpg,1
20260610_004914_WATCZX_010_f000705.jpg,1
20260610_004914_WATCZX_010_f000870.jpg,1
20260610_004914_WATCZX_010_f000945.jpg,1
20260610_004914_WATCZX_010_f001110.jpg,1
20260610_004914_WATCZX_010_f001350.jpg,1
20260610_004914_WATCZX_010_f001425.jpg,1
20260610_004914_WATCZX_010_f001500.jpg,1
20260610_004914_WATCZX_010_f001560.jpg,1
20260610_004914_WATCZX_010_f001875.jpg,1
20260610_004914_WATCZX_010_f002010.jpg,1
20260610_004914_WATCZX_010_f002070.jpg,1
20260610_004914_WATCZX_010_f002280.jpg,1
20260610_004914_WATCZX_010_f002430.jpg,1
20260610_004914_WATCZX_010_f003060.jpg,1
20260610_004914_WATCZX_010_f003270.jpg,1
20260610_004914_WATCZX_010_f003495.jpg,1
20260610_004914_WATCZX_010_f007245.jpg,1
20260610_004914_WATCZX_010_f007350.jpg,1
20260610_004914_WATCZX_010_f009795.jpg,1
20260610_004914_WATCZX_010_f009945.jpg,1
20260610_004914_WATCZX_016_f000060.jpg,1
20260610_004914_WATCZX_016_f000705.jpg,1
20260610_004914_WATCZX_016_f000840.jpg,1
20260610_004914_WATCZX_016_f003330.jpg,1
20260610_004914_WATCZX_016_f003540.jpg,1
20260610_004914_WATCZX_016_f003705.jpg,1
20260610_004914_WATCZX_016_f003765.jpg,1
20260610_004914_WATCZX_016_f004080.jpg,1
20260610_004914_WATCZX_016_f004155.jpg,1
20260610_004914_WATCZX_016_f004215.jpg,1
20260610_004914_WATCZX_016_f009810.jpg,1
20260610_004914_WATCZX_016_f009885.jpg,1
20260610_004914_WATCZX_026_f000450.jpg,1
20260610_004914_WATCZX_026_f000780.jpg,1
20260610_004914_WATCZX_026_f002460.jpg,1
20260610_004914_WATCZX_026_f002520.jpg,1
20260610_004914_WATCZX_026_f002880.jpg,1
20260610_004914_WATCZX_026_f003330.jpg,1
20260610_004914_WATCZX_026_f003825.jpg,1
20260610_004914_WATCZX_026_f005295.jpg,1
20260610_004914_WATCZX_026_f006075.jpg,1
20260610_004914_WATCZX_026_f006555.jpg,1
20260610_004914_WATCZX_026_f006615.jpg,1
20260610_004914_WATCZX_026_f006690.jpg,1
20260610_004914_WATCZX_026_f007125.jpg,1
20260610_004914_WATCZX_026_f007200.jpg,1
20260610_004914_WATCZX_026_f007260.jpg,1
20260610_004914_WATCZX_026_f007320.jpg,1
20260610_004914_WATCZX_026_f007380.jpg,1
20260610_004914_WATCZX_026_f007440.jpg,1
20260610_004914_WATCZX_026_f007530.jpg,1
20260610_004914_WATCZX_026_f007725.jpg,1
20260610_004914_WATCZX_026_f007890.jpg,1
20260610_004914_WATCZX_026_f008205.jpg,1
20260610_004914_WATCZX_026_f008340.jpg,1
20260610_004914_WATCZX_026_f008400.jpg,1
20260610_004914_WATCZX_026_f008595.jpg,1
20260610_004914_WATCZX_026_f008805.jpg,1
20260610_004914_WATCZX_026_f008865.jpg,1
20260610_021818_MWWSDE_000_f002010.jpg,1
20260610_021818_MWWSDE_000_f003075.jpg,1
20260610_021818_MWWSDE_000_f006165.jpg,1
20260610_021818_MWWSDE_000_f006630.jpg,1
20260610_021818_MWWSDE_000_f007110.jpg,1
20260610_021818_MWWSDE_000_f007170.jpg,1
20260610_060315_HGDRET_011_f000000.jpg,1
20260610_060315_HGDRET_011_f000060.jpg,1
20260610_060315_HGDRET_011_f000120.jpg,1
20260610_060315_HGDRET_011_f000315.jpg,1
20260610_060315_HGDRET_011_f000990.jpg,1
20260610_060315_HGDRET_011_f001125.jpg,1
20260610_060315_HGDRET_011_f001230.jpg,1
20260610_060315_HGDRET_011_f001335.jpg,1
20260610_060315_HGDRET_011_f001695.jpg,1
20260610_060315_HGDRET_011_f002445.jpg,1
20260610_060315_HGDRET_011_f002625.jpg,1
20260610_060315_HGDRET_011_f002745.jpg,1
20260610_060315_HGDRET_011_f004335.jpg,1
20260610_060315_HGDRET_011_f004620.jpg,1
20260610_060315_HGDRET_011_f008385.jpg,1
20260610_060315_HGDRET_011_f008955.jpg,1
20260610_060315_HGDRET_012_f000060.jpg,1
20260610_060315_HGDRET_012_f000120.jpg,1
20260610_060315_HGDRET_012_f000210.jpg,1
20260610_060315_HGDRET_012_f000540.jpg,1
20260610_060315_HGDRET_012_f000600.jpg,1
20260610_060315_HGDRET_012_f000660.jpg,1
20260610_060315_HGDRET_012_f000735.jpg,1
20260610_060315_HGDRET_012_f000810.jpg,1
20260610_060315_HGDRET_012_f000900.jpg,1
20260610_060315_HGDRET_012_f000990.jpg,1
20260610_060315_HGDRET_012_f001095.jpg,1
20260610_060315_HGDRET_012_f001260.jpg,1
20260610_060315_HGDRET_012_f001380.jpg,1
20260610_060315_HGDRET_012_f001455.jpg,1
20260610_060315_HGDRET_012_f001605.jpg,1
20260610_060315_HGDRET_012_f001665.jpg,1
20260610_060315_HGDRET_012_f001830.jpg,1
20260610_060315_HGDRET_012_f001890.jpg,1
20260610_060315_HGDRET_012_f002055.jpg,1
20260610_060315_HGDRET_012_f002115.jpg,1
20260610_060315_HGDRET_012_f002310.jpg,1
20260610_060315_HGDRET_012_f002385.jpg,1
20260610_060315_HGDRET_012_f002685.jpg,1
20260610_060315_HGDRET_012_f002745.jpg,1
20260610_060315_HGDRET_012_f002805.jpg,1
20260610_060315_HGDRET_012_f003150.jpg,1
20260610_060315_HGDRET_012_f003405.jpg,1
20260610_060315_HGDRET_012_f003510.jpg,1
20260610_060315_HGDRET_012_f003660.jpg,1
20260610_060315_HGDRET_012_f003720.jpg,1
20260610_060315_HGDRET_012_f003780.jpg,1
20260610_060315_HGDRET_012_f003840.jpg,1
20260610_060315_HGDRET_012_f003900.jpg,1
20260610_060315_HGDRET_012_f003960.jpg,1
20260610_060315_HGDRET_012_f004020.jpg,1
20260610_060315_HGDRET_012_f004155.jpg,1
20260610_060315_HGDRET_012_f004455.jpg,1
20260610_060315_HGDRET_012_f006525.jpg,1
20260610_060315_HGDRET_012_f009765.jpg,1
20260610_060315_HGDRET_012_f010755.jpg,1
20260610_062329_ELPKNG_003_f000000.jpg,1
20260610_062329_ELPKNG_003_f000060.jpg,1
20260610_062329_ELPKNG_003_f000165.jpg,1
20260610_062329_ELPKNG_003_f000225.jpg,1
20260610_062329_ELPKNG_003_f000285.jpg,1
20260610_062329_ELPKNG_003_f000345.jpg,1
20260610_062329_ELPKNG_003_f000405.jpg,1
20260610_062329_ELPKNG_003_f000615.jpg,1
20260610_062329_ELPKNG_003_f000810.jpg,1
20260610_062329_ELPKNG_003_f000870.jpg,1
20260610_062329_ELPKNG_003_f000960.jpg,1
20260610_062329_ELPKNG_003_f001020.jpg,1
20260610_062329_ELPKNG_003_f001770.jpg,1
20260610_062329_ELPKNG_003_f001965.jpg,1
20260610_062329_ELPKNG_003_f002055.jpg,1
20260610_062329_ELPKNG_003_f002115.jpg,1
20260610_062329_ELPKNG_003_f002220.jpg,1
20260610_062329_ELPKNG_003_f002280.jpg,1
20260610_062329_ELPKNG_003_f002340.jpg,1
20260610_062329_ELPKNG_003_f002400.jpg,1
20260610_062329_ELPKNG_003_f002535.jpg,1
20260610_062329_ELPKNG_003_f002730.jpg,1
20260610_062329_ELPKNG_003_f002805.jpg,1
20260610_062329_ELPKNG_003_f002895.jpg,1
20260610_062329_ELPKNG_003_f002985.jpg,1
20260610_062329_ELPKNG_003_f003405.jpg,1
20260610_062329_ELPKNG_003_f003705.jpg,1
20260610_062329_ELPKNG_003_f003765.jpg,1
20260610_062329_ELPKNG_003_f003825.jpg,1
20260610_062329_ELPKNG_003_f003930.jpg,1
20260610_062329_ELPKNG_003_f004065.jpg,1
20260610_062329_ELPKNG_003_f004125.jpg,1
20260610_062329_ELPKNG_003_f004290.jpg,1
20260610_062329_ELPKNG_003_f004455.jpg,1
20260610_062329_ELPKNG_003_f004560.jpg,1
20260610_062329_ELPKNG_003_f004680.jpg,1
20260610_062329_ELPKNG_003_f004740.jpg,1
20260610_062329_ELPKNG_003_f004815.jpg,1
20260610_062329_ELPKNG_003_f004890.jpg,1
20260610_062329_ELPKNG_003_f010545.jpg,1
20260610_062329_ELPKNG_022_f000165.jpg,1
20260610_062329_ELPKNG_022_f000225.jpg,1
20260610_062329_ELPKNG_022_f000330.jpg,1
20260610_062329_ELPKNG_022_f001500.jpg,1
20260610_062329_ELPKNG_022_f002475.jpg,1
20260610_062329_ELPKNG_022_f003555.jpg,1
20260610_062329_ELPKNG_022_f003645.jpg,1
20260610_062329_ELPKNG_022_f007230.jpg,1
20260610_063017_AESVFP_008_f000255.jpg,1
20260610_063017_AESVFP_008_f000675.jpg,1
20260610_063017_AESVFP_008_f001005.jpg,1
20260610_063017_AESVFP_008_f001320.jpg,1
20260610_063017_AESVFP_008_f001410.jpg,1
20260610_063017_AESVFP_008_f001815.jpg,1
20260610_063017_AESVFP_008_f001920.jpg,1
20260610_063017_AESVFP_008_f002490.jpg,1
20260610_063017_AESVFP_008_f003045.jpg,1
20260610_063017_AESVFP_008_f003120.jpg,1
20260610_063017_AESVFP_008_f003420.jpg,1
20260610_063017_AESVFP_008_f003540.jpg,1
20260610_063017_AESVFP_008_f003690.jpg,1
20260610_063017_AESVFP_008_f004065.jpg,1
20260610_063017_AESVFP_008_f004185.jpg,1
20260610_063017_AESVFP_008_f004590.jpg,1
20260610_063017_AESVFP_008_f004695.jpg,1
20260610_063017_AESVFP_008_f004755.jpg,1
20260610_063017_AESVFP_008_f005115.jpg,1
20260610_063017_AESVFP_008_f005700.jpg,1
20260610_063017_AESVFP_008_f006105.jpg,1
20260610_063017_AESVFP_008_f006465.jpg,1
20260610_063017_AESVFP_008_f006930.jpg,1
20260610_063017_AESVFP_008_f007260.jpg,1
20260610_063017_AESVFP_008_f008145.jpg,1
20260610_063017_AESVFP_008_f010320.jpg,1
20260610_063017_AESVFP_008_f010455.jpg,1
20260610_063017_AESVFP_008_f010515.jpg,1
20260610_063017_AESVFP_008_f010695.jpg,1
20260610_063017_AESVFP_012_f000345.jpg,1
20260610_063017_AESVFP_012_f000480.jpg,1
20260610_063017_AESVFP_012_f000615.jpg,1
20260610_063017_AESVFP_012_f000720.jpg,1
20260610_063017_AESVFP_012_f001470.jpg,1
20260610_063017_AESVFP_012_f001860.jpg,1
20260610_063017_AESVFP_012_f001920.jpg,1
20260610_063017_AESVFP_012_f002010.jpg,1
20260610_063017_AESVFP_012_f002535.jpg,1
20260610_063017_AESVFP_012_f002805.jpg,1
20260610_063017_AESVFP_012_f003345.jpg,1
20260610_063017_AESVFP_012_f003405.jpg,1
20260610_063017_AESVFP_012_f003585.jpg,1
20260610_063017_AESVFP_012_f003675.jpg,1
20260610_063017_AESVFP_012_f004680.jpg,1
20260610_063017_AESVFP_012_f004740.jpg,1
20260610_063017_AESVFP_012_f004845.jpg,1
20260610_063017_AESVFP_012_f004905.jpg,1
20260610_063017_AESVFP_012_f005415.jpg,1
20260610_063017_AESVFP_012_f005565.jpg,1
20260610_063017_AESVFP_012_f006975.jpg,1
20260610_063017_AESVFP_012_f007980.jpg,1
20260610_063017_AESVFP_012_f008760.jpg,1
20260610_063017_AESVFP_018_f000315.jpg,1
20260610_063017_AESVFP_018_f002325.jpg,1
20260610_063017_AESVFP_018_f002520.jpg,1
20260610_063017_AESVFP_018_f002655.jpg,1
20260610_063017_AESVFP_018_f002730.jpg,1
20260610_063017_AESVFP_018_f003705.jpg,1
20260610_063017_AESVFP_018_f004905.jpg,1
20260610_063017_AESVFP_018_f006330.jpg,1
20260610_063159_NPRFYX_007_f000360.jpg,1
20260610_063159_NPRFYX_007_f000420.jpg,1
20260610_063159_NPRFYX_007_f000495.jpg,1
20260610_063159_NPRFYX_007_f000570.jpg,1
20260610_063159_NPRFYX_007_f000645.jpg,1
20260610_063159_NPRFYX_007_f000735.jpg,1
20260610_063159_NPRFYX_007_f000885.jpg,1
20260610_063159_NPRFYX_007_f001335.jpg,1
20260610_063159_NPRFYX_007_f001995.jpg,1
20260610_063159_NPRFYX_007_f002145.jpg,1
20260610_063159_NPRFYX_007_f002235.jpg,1
20260610_063159_NPRFYX_007_f002385.jpg,1
20260610_063159_NPRFYX_007_f002880.jpg,1
20260610_063159_NPRFYX_007_f002940.jpg,1
20260610_063159_NPRFYX_007_f003195.jpg,1
20260610_063159_NPRFYX_007_f003555.jpg,1
20260610_063159_NPRFYX_007_f003660.jpg,1
20260610_063159_NPRFYX_007_f003780.jpg,1
20260610_063159_NPRFYX_007_f003870.jpg,1
20260610_063159_NPRFYX_007_f004095.jpg,1
20260610_063159_NPRFYX_007_f004680.jpg,1
20260610_063159_NPRFYX_007_f005550.jpg,1
20260610_063159_NPRFYX_007_f006090.jpg,1
20260610_063159_NPRFYX_007_f006165.jpg,1
20260610_063159_NPRFYX_007_f006690.jpg,1
20260610_063159_NPRFYX_007_f007110.jpg,1
20260610_063159_NPRFYX_007_f007695.jpg,1
20260610_063159_NPRFYX_007_f007995.jpg,1
20260610_063159_NPRFYX_007_f008775.jpg,1
20260610_063159_NPRFYX_007_f009255.jpg,1
20260610_063159_NPRFYX_007_f009315.jpg,1
20260610_063159_NPRFYX_007_f009375.jpg,1
20260610_063159_NPRFYX_007_f010905.jpg,1
20260610_063159_NPRFYX_014_f000870.jpg,1
20260610_063159_NPRFYX_014_f001200.jpg,1
20260610_063159_NPRFYX_014_f003030.jpg,1
20260610_063159_NPRFYX_014_f003855.jpg,1
20260610_063159_NPRFYX_014_f004125.jpg,1
20260610_063159_NPRFYX_014_f004200.jpg,1
20260610_063159_NPRFYX_014_f006525.jpg,1
20260610_063159_NPRFYX_014_f007215.jpg,1
20260610_063159_NPRFYX_018_f000585.jpg,1
20260610_063159_NPRFYX_018_f000645.jpg,1
20260610_063159_NPRFYX_018_f000810.jpg,1
20260610_063159_NPRFYX_018_f000960.jpg,1
20260610_063159_NPRFYX_018_f001650.jpg,1
20260610_063159_NPRFYX_018_f002145.jpg,1
20260610_063159_NPRFYX_018_f002580.jpg,1
20260610_063159_NPRFYX_018_f002670.jpg,1
20260610_063159_NPRFYX_018_f002745.jpg,1
20260610_063159_NPRFYX_018_f002805.jpg,1
20260610_063159_NPRFYX_018_f003045.jpg,1
20260610_063159_NPRFYX_018_f003270.jpg,1
20260610_063159_NPRFYX_018_f003630.jpg,1
20260610_063159_NPRFYX_018_f003780.jpg,1
20260610_063159_NPRFYX_018_f003840.jpg,1
20260610_063159_NPRFYX_018_f003900.jpg,1
20260610_063159_NPRFYX_018_f004305.jpg,1
20260610_063159_NPRFYX_018_f006150.jpg,1
20260610_063159_NPRFYX_018_f006825.jpg,1
20260611_002611_SJEGEZ_004_f000075.jpg,1
20260611_002611_SJEGEZ_004_f000240.jpg,1
20260611_002611_SJEGEZ_004_f000435.jpg,1
20260611_002611_SJEGEZ_004_f000495.jpg,1
20260611_002611_SJEGEZ_004_f000555.jpg,1
20260611_002611_SJEGEZ_004_f000675.jpg,1
20260611_002611_SJEGEZ_004_f000735.jpg,1
20260611_002611_SJEGEZ_004_f000885.jpg,1
20260611_002611_SJEGEZ_004_f000945.jpg,1
20260611_002611_SJEGEZ_004_f001080.jpg,1
20260611_002611_SJEGEZ_004_f001260.jpg,1
20260611_002611_SJEGEZ_004_f001440.jpg,1
20260611_002611_SJEGEZ_004_f001500.jpg,1
20260611_002611_SJEGEZ_004_f002100.jpg,1
20260611_002611_SJEGEZ_004_f002160.jpg,1
20260611_002611_SJEGEZ_004_f002235.jpg,1
20260611_002611_SJEGEZ_004_f002295.jpg,1
20260611_002611_SJEGEZ_004_f002415.jpg,1
20260611_002611_SJEGEZ_004_f002805.jpg,1
20260611_002611_SJEGEZ_004_f002910.jpg,1
20260611_002611_SJEGEZ_004_f004155.jpg,1
20260611_002611_SJEGEZ_012_f000015.jpg,1
20260611_002611_SJEGEZ_012_f000705.jpg,1
20260611_002611_SJEGEZ_012_f000855.jpg,1
20260611_002611_SJEGEZ_012_f000915.jpg,1
20260611_002611_SJEGEZ_012_f000990.jpg,1
20260611_002611_SJEGEZ_012_f001050.jpg,1
20260611_002611_SJEGEZ_012_f001110.jpg,1
20260611_002611_SJEGEZ_012_f001170.jpg,1
20260611_002611_SJEGEZ_012_f001485.jpg,1
20260611_002611_SJEGEZ_012_f001545.jpg,1
20260611_002611_SJEGEZ_012_f002040.jpg,1
20260611_002611_SJEGEZ_012_f002460.jpg,1
20260611_002611_SJEGEZ_012_f002625.jpg,1
20260611_002611_SJEGEZ_012_f003090.jpg,1
20260611_002611_SJEGEZ_012_f003150.jpg,1
20260611_002611_SJEGEZ_012_f003210.jpg,1
20260611_002611_SJEGEZ_012_f003345.jpg,1
20260611_002611_SJEGEZ_012_f003435.jpg,1
20260611_002611_SJEGEZ_012_f005430.jpg,1
20260611_002611_SJEGEZ_012_f006795.jpg,1
20260611_002611_SJEGEZ_012_f007020.jpg,1
20260611_002611_SJEGEZ_012_f007695.jpg,1
20260611_002611_SJEGEZ_012_f007905.jpg,1
20260611_002611_SJEGEZ_012_f008040.jpg,1
20260611_002611_SJEGEZ_012_f008310.jpg,1
20260611_002611_SJEGEZ_012_f009150.jpg,1
20260611_002611_SJEGEZ_012_f009315.jpg,1
20260611_002611_SJEGEZ_012_f009435.jpg,1
20260611_002611_SJEGEZ_012_f009570.jpg,1
20260611_002611_SJEGEZ_012_f010305.jpg,1
20260611_002611_SJEGEZ_012_f010425.jpg,1
20260611_002611_SJEGEZ_012_f010605.jpg,1
20260611_002611_SJEGEZ_022_f000240.jpg,1
20260611_002611_SJEGEZ_022_f000765.jpg,1
20260611_002611_SJEGEZ_022_f000960.jpg,1
20260611_002611_SJEGEZ_022_f003645.jpg,1
20260611_002611_SJEGEZ_022_f003810.jpg,1
20260611_002611_SJEGEZ_022_f004875.jpg,1
20260611_002611_SJEGEZ_022_f005985.jpg,1
20260611_003005_AXDFGK_014_f000015.jpg,1
20260611_003005_AXDFGK_014_f000075.jpg,1
20260611_003005_AXDFGK_014_f000150.jpg,1
20260611_003005_AXDFGK_014_f000225.jpg,1
20260611_003005_AXDFGK_014_f000300.jpg,1
20260611_003005_AXDFGK_014_f000555.jpg,1
20260611_003005_AXDFGK_014_f000660.jpg,1
20260611_003005_AXDFGK_014_f000765.jpg,1
20260611_003005_AXDFGK_014_f000960.jpg,1
20260611_003005_AXDFGK_014_f001020.jpg,1
20260611_003005_AXDFGK_014_f001140.jpg,1
20260611_003005_AXDFGK_014_f001230.jpg,1
20260611_003005_AXDFGK_014_f001425.jpg,1
20260611_003005_AXDFGK_014_f001485.jpg,1
20260611_003005_AXDFGK_014_f001605.jpg,1
20260611_003005_AXDFGK_014_f001695.jpg,1
20260611_003005_AXDFGK_014_f007365.jpg,1
20260611_003005_AXDFGK_016_f000165.jpg,1
20260611_003005_AXDFGK_016_f000270.jpg,1
20260611_003005_AXDFGK_016_f000360.jpg,1
20260611_003005_AXDFGK_016_f000570.jpg,1
20260611_003005_AXDFGK_016_f000645.jpg,1
20260611_003005_AXDFGK_016_f000750.jpg,1
20260611_003005_AXDFGK_016_f000825.jpg,1
20260611_003005_AXDFGK_016_f001050.jpg,1
20260611_003005_AXDFGK_016_f001155.jpg,1
20260611_003005_AXDFGK_016_f001545.jpg,1
20260611_003005_AXDFGK_016_f001830.jpg,1
20260611_003005_AXDFGK_016_f002115.jpg,1
20260611_003005_AXDFGK_016_f002295.jpg,1
20260611_003005_AXDFGK_016_f005025.jpg,1
20260611_003005_AXDFGK_016_f008055.jpg,1
20260611_003005_AXDFGK_016_f008445.jpg,1
20260611_003005_AXDFGK_018_f000090.jpg,1
20260611_003005_AXDFGK_018_f000165.jpg,1
20260611_003005_AXDFGK_018_f000285.jpg,1
20260611_003005_AXDFGK_018_f000390.jpg,1
20260611_003005_AXDFGK_018_f000450.jpg,1
20260611_003005_AXDFGK_018_f000510.jpg,1
20260611_003005_AXDFGK_018_f000570.jpg,1
20260611_003005_AXDFGK_018_f000630.jpg,1
20260611_003005_AXDFGK_018_f000690.jpg,1
20260611_003005_AXDFGK_018_f000840.jpg,1
20260611_003005_AXDFGK_018_f000930.jpg,1
20260611_003005_AXDFGK_018_f000990.jpg,1
20260611_003005_AXDFGK_018_f001050.jpg,1
20260611_003005_AXDFGK_018_f001110.jpg,1
20260611_003005_AXDFGK_018_f001215.jpg,1
20260611_003005_AXDFGK_018_f001335.jpg,1
20260611_003005_AXDFGK_018_f001425.jpg,1
20260611_003005_AXDFGK_018_f001560.jpg,1
20260611_003005_AXDFGK_018_f001620.jpg,1
20260611_003005_AXDFGK_018_f001710.jpg,1
20260611_003005_AXDFGK_018_f002580.jpg,1
20260611_003005_AXDFGK_018_f005940.jpg,1
20260611_003005_AXDFGK_018_f006030.jpg,1
20260611_003005_AXDFGK_018_f007920.jpg,1
20260611_003005_AXDFGK_018_f008055.jpg,1
20260611_003005_AXDFGK_018_f008430.jpg,1
20260611_003005_AXDFGK_018_f009630.jpg,1
20260611_003523_ZAKMLA_012_f000060.jpg,1
20260611_003523_ZAKMLA_012_f000135.jpg,1
20260611_003523_ZAKMLA_012_f000255.jpg,1
20260611_003523_ZAKMLA_012_f000315.jpg,1
20260611_003523_ZAKMLA_012_f000405.jpg,1
20260611_003523_ZAKMLA_012_f000570.jpg,1
20260611_003523_ZAKMLA_012_f000810.jpg,1
20260611_003523_ZAKMLA_012_f000960.jpg,1
20260611_003523_ZAKMLA_012_f001095.jpg,1
20260611_003523_ZAKMLA_012_f001245.jpg,1
20260611_003523_ZAKMLA_012_f001320.jpg,1
20260611_003523_ZAKMLA_012_f001560.jpg,1
20260611_003523_ZAKMLA_012_f002115.jpg,1
20260611_003523_ZAKMLA_012_f002190.jpg,1
20260611_003523_ZAKMLA_012_f002295.jpg,1
20260611_003523_ZAKMLA_012_f002595.jpg,1
20260611_003523_ZAKMLA_012_f002745.jpg,1
20260611_003523_ZAKMLA_012_f002925.jpg,1
20260611_003523_ZAKMLA_012_f003135.jpg,1
20260611_003523_ZAKMLA_012_f003270.jpg,1
20260611_003523_ZAKMLA_012_f003405.jpg,1
20260611_003523_ZAKMLA_012_f004740.jpg,1
20260611_003523_ZAKMLA_012_f005295.jpg,1
20260611_003523_ZAKMLA_012_f005520.jpg,1
20260611_003523_ZAKMLA_012_f005640.jpg,1
20260611_003523_ZAKMLA_012_f007095.jpg,1
20260611_003523_ZAKMLA_012_f007155.jpg,1
20260611_003523_ZAKMLA_012_f008475.jpg,1
20260611_003523_ZAKMLA_012_f009930.jpg,1
20260611_003523_ZAKMLA_012_f010065.jpg,1
20260611_003523_ZAKMLA_012_f010125.jpg,1
20260611_003523_ZAKMLA_012_f010320.jpg,1
20260611_003523_ZAKMLA_012_f010485.jpg,1
20260611_003523_ZAKMLA_014_f000045.jpg,1
20260611_003523_ZAKMLA_014_f000135.jpg,1
20260611_003523_ZAKMLA_014_f000240.jpg,1
20260611_003523_ZAKMLA_014_f000330.jpg,1
20260611_003523_ZAKMLA_014_f000630.jpg,1
20260611_003523_ZAKMLA_014_f001395.jpg,1
20260611_003523_ZAKMLA_014_f001515.jpg,1
20260611_003523_ZAKMLA_014_f001605.jpg,1
20260611_003523_ZAKMLA_014_f001710.jpg,1
20260611_003523_ZAKMLA_014_f001935.jpg,1
20260611_003523_ZAKMLA_014_f002025.jpg,1
20260611_003523_ZAKMLA_014_f002115.jpg,1
20260611_003523_ZAKMLA_014_f002175.jpg,1
20260611_003523_ZAKMLA_014_f004320.jpg,1
20260611_003523_ZAKMLA_014_f009945.jpg,1
20260611_003523_ZAKMLA_014_f010035.jpg,1
20260611_003523_ZAKMLA_014_f010170.jpg,1
20260611_003523_ZAKMLA_014_f010230.jpg,1
20260611_003523_ZAKMLA_014_f010365.jpg,1
20260611_003523_ZAKMLA_014_f010455.jpg,1
20260611_004008_QKDTLS_012_f000135.jpg,1
20260611_004008_QKDTLS_012_f004155.jpg,1
20260611_004008_QKDTLS_012_f004305.jpg,1
20260611_004008_QKDTLS_012_f004815.jpg,1
20260611_004008_QKDTLS_012_f004875.jpg,1
20260611_004008_QKDTLS_012_f008790.jpg,1
20260611_004008_QKDTLS_020_f000300.jpg,1
20260611_004008_QKDTLS_020_f002940.jpg,1
20260611_004008_QKDTLS_020_f006120.jpg,1
20260611_004008_QKDTLS_024_f010725.jpg,1
20260611_060048_SADBRB_003_f000105.jpg,1
20260611_060048_SADBRB_003_f000285.jpg,1
20260611_060048_SADBRB_003_f000405.jpg,1
20260611_060048_SADBRB_003_f000510.jpg,1
20260611_060048_SADBRB_003_f000690.jpg,1
20260611_060048_SADBRB_003_f000750.jpg,1
20260611_060048_SADBRB_003_f000810.jpg,1
20260611_060048_SADBRB_003_f001110.jpg,1
20260611_060048_SADBRB_003_f001605.jpg,1
20260611_060048_SADBRB_003_f001695.jpg,1
20260611_060048_SADBRB_003_f001755.jpg,1
20260611_060048_SADBRB_003_f001860.jpg,1
20260611_060048_SADBRB_003_f001950.jpg,1
20260611_060048_SADBRB_003_f002100.jpg,1
20260611_060048_SADBRB_003_f002505.jpg,1
20260611_060048_SADBRB_003_f003330.jpg,1
20260611_060048_SADBRB_003_f006345.jpg,1
20260611_060048_SADBRB_005_f000135.jpg,1
20260611_060048_SADBRB_005_f001065.jpg,1
20260611_060048_SADBRB_005_f002655.jpg,1
20260611_060048_SADBRB_005_f003180.jpg,1
20260611_060048_SADBRB_005_f004455.jpg,1
20260611_060048_SADBRB_005_f005730.jpg,1
20260611_060048_SADBRB_005_f005955.jpg,1
20260611_060048_SADBRB_023_f000225.jpg,1
20260611_060048_SADBRB_023_f000285.jpg,1
20260611_060048_SADBRB_023_f000375.jpg,1
20260611_060048_SADBRB_023_f000435.jpg,1
20260611_060048_SADBRB_023_f000510.jpg,1
20260611_060048_SADBRB_023_f000585.jpg,1
20260611_060048_SADBRB_023_f000645.jpg,1
20260611_060048_SADBRB_023_f000705.jpg,1
20260611_060048_SADBRB_023_f000945.jpg,1
20260611_060048_SADBRB_023_f001725.jpg,1
20260611_060048_SADBRB_023_f002055.jpg,1
20260611_060048_SADBRB_023_f002205.jpg,1
20260611_060048_SADBRB_023_f002295.jpg,1
20260611_060048_SADBRB_023_f002355.jpg,1
20260611_060048_SADBRB_023_f002430.jpg,1
20260611_060048_SADBRB_023_f002565.jpg,1
20260611_060048_SADBRB_023_f003435.jpg,1
20260611_060048_SADBRB_023_f003570.jpg,1
20260611_060048_SADBRB_023_f003825.jpg,1
20260611_060048_SADBRB_023_f003930.jpg,1
20260611_060048_SADBRB_023_f004140.jpg,1
20260611_060048_SADBRB_023_f004305.jpg,1
20260611_060048_SADBRB_023_f004440.jpg,1
20260611_060048_SADBRB_023_f004635.jpg,1
20260611_060048_SADBRB_023_f004725.jpg,1
20260611_060048_SADBRB_023_f005130.jpg,1
20260611_060048_SADBRB_023_f005340.jpg,1
20260611_060048_SADBRB_023_f005595.jpg,1
20260611_060048_SADBRB_023_f005955.jpg,1
20260611_060048_SADBRB_023_f006480.jpg,1
20260611_060048_SADBRB_023_f006765.jpg,1
20260611_060048_SADBRB_023_f007185.jpg,1
20260611_060048_SADBRB_023_f007770.jpg,1
20260611_060048_SADBRB_023_f008520.jpg,1
20260611_060048_SADBRB_023_f008610.jpg,1
20260611_060048_SADBRB_023_f011130.jpg,1
20260611_061214_XDZUEV_023_f000135.jpg,1
20260611_061214_XDZUEV_023_f000810.jpg,1
20260611_061214_XDZUEV_023_f000990.jpg,1
20260611_061214_XDZUEV_023_f006225.jpg,1
20260611_061214_XDZUEV_023_f006285.jpg,1
20260611_061214_XDZUEV_023_f006345.jpg,1
20260611_061214_XDZUEV_023_f006495.jpg,1
20260611_061214_XDZUEV_023_f006705.jpg,1
20260611_061214_XDZUEV_023_f006765.jpg,1
20260611_061214_XDZUEV_023_f006855.jpg,1
20260611_061214_XDZUEV_023_f006915.jpg,1
20260611_061214_XDZUEV_023_f007080.jpg,1
20260611_061214_XDZUEV_023_f007170.jpg,1
20260611_061214_XDZUEV_023_f007290.jpg,1
20260611_061214_XDZUEV_023_f007500.jpg,1
20260611_061700_EEQTTZ_002_f000090.jpg,1
20260611_061700_EEQTTZ_002_f000345.jpg,1
20260611_061700_EEQTTZ_002_f000405.jpg,1
20260611_061700_EEQTTZ_002_f000495.jpg,1
20260611_061700_EEQTTZ_002_f000555.jpg,1
20260611_061700_EEQTTZ_002_f000645.jpg,1
20260611_061700_EEQTTZ_002_f000705.jpg,1
20260611_061700_EEQTTZ_002_f000765.jpg,1
20260611_061700_EEQTTZ_002_f000870.jpg,1
20260611_061700_EEQTTZ_002_f000945.jpg,1
20260611_061700_EEQTTZ_002_f001035.jpg,1
20260611_061700_EEQTTZ_002_f001230.jpg,1
20260611_061700_EEQTTZ_002_f001365.jpg,1
20260611_061700_EEQTTZ_002_f001425.jpg,1
20260611_061700_EEQTTZ_002_f001485.jpg,1
20260611_061700_EEQTTZ_002_f001545.jpg,1
20260611_061700_EEQTTZ_002_f001605.jpg,1
20260611_061700_EEQTTZ_002_f001680.jpg,1
20260611_061700_EEQTTZ_002_f001890.jpg,1
20260611_061700_EEQTTZ_002_f002040.jpg,1
20260611_061700_EEQTTZ_002_f002100.jpg,1
20260611_061700_EEQTTZ_002_f002175.jpg,1
20260611_061700_EEQTTZ_002_f002370.jpg,1
20260611_061700_EEQTTZ_002_f002475.jpg,1
20260611_061700_EEQTTZ_002_f002535.jpg,1
20260611_061700_EEQTTZ_002_f002685.jpg,1
20260611_061700_EEQTTZ_002_f002760.jpg,1
20260611_061700_EEQTTZ_002_f002820.jpg,1
20260611_061700_EEQTTZ_002_f003030.jpg,1
20260611_061700_EEQTTZ_002_f003525.jpg,1
20260611_061700_EEQTTZ_002_f006240.jpg,1
20260611_061700_EEQTTZ_002_f006870.jpg,1
20260611_061700_EEQTTZ_002_f008295.jpg,1
20260611_061700_EEQTTZ_002_f008955.jpg,1
20260611_061700_EEQTTZ_002_f009750.jpg,1
20260611_061700_EEQTTZ_002_f009810.jpg,1
20260611_061700_EEQTTZ_018_f001050.jpg,1
20260611_061700_EEQTTZ_018_f001200.jpg,1
20260611_061700_EEQTTZ_018_f002580.jpg,1
20260611_061700_EEQTTZ_018_f005280.jpg,1
20260611_061700_EEQTTZ_018_f006405.jpg,1
20260611_061700_EEQTTZ_018_f006510.jpg,1
20260611_061700_EEQTTZ_018_f006645.jpg,1
20260611_061700_EEQTTZ_018_f006705.jpg,1
20260611_061700_EEQTTZ_018_f006840.jpg,1
20260611_061700_EEQTTZ_018_f007005.jpg,1
20260611_061700_EEQTTZ_018_f007230.jpg,1
20260611_061700_EEQTTZ_018_f008985.jpg,1
20260611_061700_EEQTTZ_018_f009270.jpg,1
20260611_061700_EEQTTZ_019_f000090.jpg,1
20260611_061700_EEQTTZ_019_f000390.jpg,1
20260611_061700_EEQTTZ_019_f003300.jpg,1
20260611_061700_EEQTTZ_019_f003705.jpg,1
20260611_061700_EEQTTZ_019_f004440.jpg,1
20260611_061700_EEQTTZ_019_f006735.jpg,1
20260611_061700_EEQTTZ_019_f006900.jpg,1
20260611_061700_EEQTTZ_019_f008145.jpg,1
20260611_061700_EEQTTZ_019_f009105.jpg,1
20260611_061700_EEQTTZ_019_f009570.jpg,1
20260611_061700_EEQTTZ_019_f010155.jpg,1
20260612_002505_YRERNE_001_f000000.jpg,1
20260612_002505_YRERNE_001_f009135.jpg,1
20260612_002505_YRERNE_001_f009225.jpg,1
20260612_002505_YRERNE_006_f000630.jpg,1
20260612_002505_YRERNE_006_f002115.jpg,1
20260612_002505_YRERNE_006_f004125.jpg,1
20260612_002505_YRERNE_006_f007620.jpg,1
20260612_002505_YRERNE_006_f008445.jpg,1
20260612_002505_YRERNE_006_f008595.jpg,1
20260612_002505_YRERNE_006_f008700.jpg,1
20260612_002505_YRERNE_006_f008760.jpg,1
20260612_002505_YRERNE_006_f008820.jpg,1
20260612_002505_YRERNE_006_f009045.jpg,1
20260612_002614_YRRWDM_006_f000075.jpg,1
20260612_002614_YRRWDM_006_f000270.jpg,1
20260612_002614_YRRWDM_006_f000870.jpg,1
20260612_002614_YRRWDM_006_f000945.jpg,1
20260612_002614_YRRWDM_006_f001065.jpg,1
20260612_002614_YRRWDM_006_f001260.jpg,1
20260612_002614_YRRWDM_006_f001350.jpg,1
20260612_002614_YRRWDM_006_f001500.jpg,1
20260612_002614_YRRWDM_006_f001725.jpg,1
20260612_002614_YRRWDM_006_f001800.jpg,1
20260612_002614_YRRWDM_006_f001980.jpg,1
20260612_002614_YRRWDM_006_f002055.jpg,1
20260612_002614_YRRWDM_006_f002115.jpg,1
20260612_002614_YRRWDM_006_f002250.jpg,1
20260612_002614_YRRWDM_006_f002340.jpg,1
20260612_002614_YRRWDM_006_f002745.jpg,1
20260612_002614_YRRWDM_006_f003225.jpg,1
20260612_002614_YRRWDM_006_f003420.jpg,1
20260612_002614_YRRWDM_006_f003480.jpg,1
20260612_002614_YRRWDM_006_f003555.jpg,1
20260612_002614_YRRWDM_006_f003630.jpg,1
20260612_002614_YRRWDM_006_f003780.jpg,1
20260612_002614_YRRWDM_006_f003870.jpg,1
20260612_002614_YRRWDM_006_f003975.jpg,1
20260612_002614_YRRWDM_006_f004035.jpg,1
20260612_002614_YRRWDM_006_f004320.jpg,1
20260612_002614_YRRWDM_006_f007110.jpg,1
20260612_002614_YRRWDM_006_f007170.jpg,1
20260612_002614_YRRWDM_020_f000015.jpg,1
20260612_002614_YRRWDM_020_f000135.jpg,1
20260612_002614_YRRWDM_020_f001965.jpg,1
20260612_002614_YRRWDM_020_f003120.jpg,1
20260612_002614_YRRWDM_020_f003255.jpg,1
20260612_002614_YRRWDM_020_f003645.jpg,1
20260612_002614_YRRWDM_020_f003885.jpg,1
20260612_002614_YRRWDM_020_f003975.jpg,1
20260612_002614_YRRWDM_020_f005415.jpg,1
20260612_002614_YRRWDM_020_f005595.jpg,1
20260612_002614_YRRWDM_020_f006765.jpg,1
20260612_002614_YRRWDM_025_f000015.jpg,1
20260612_002614_YRRWDM_025_f000135.jpg,1
20260612_002614_YRRWDM_025_f000195.jpg,1
20260612_002614_YRRWDM_025_f000255.jpg,1
20260612_002614_YRRWDM_025_f000345.jpg,1
20260612_002614_YRRWDM_025_f000495.jpg,1
20260612_002614_YRRWDM_025_f000660.jpg,1
20260612_002614_YRRWDM_025_f000855.jpg,1
20260612_002614_YRRWDM_025_f000930.jpg,1
20260612_002614_YRRWDM_025_f000990.jpg,1
20260612_002614_YRRWDM_025_f001455.jpg,1
20260612_002614_YRRWDM_025_f002100.jpg,1
20260612_002614_YRRWDM_025_f006645.jpg,1
20260612_002614_YRRWDM_025_f007080.jpg,1
20260612_002614_YRRWDM_025_f007245.jpg,1
20260612_002614_YRRWDM_025_f007635.jpg,1
20260612_002614_YRRWDM_025_f009855.jpg,1
20260612_002614_YRRWDM_025_f009945.jpg,1
20260612_002614_YRRWDM_025_f010290.jpg,1
20260612_002614_YRRWDM_025_f010365.jpg,1
20260612_002614_YRRWDM_025_f010515.jpg,1
20260612_002632_TQUHZU_006_f000030.jpg,1
20260612_002632_TQUHZU_006_f000225.jpg,1
20260612_002632_TQUHZU_006_f000435.jpg,1
20260612_002632_TQUHZU_006_f000555.jpg,1
20260612_002632_TQUHZU_006_f000675.jpg,1
20260612_002632_TQUHZU_006_f000765.jpg,1
20260612_002632_TQUHZU_006_f001080.jpg,1
20260612_002632_TQUHZU_006_f001140.jpg,1
20260612_002632_TQUHZU_006_f001200.jpg,1
20260612_002632_TQUHZU_006_f001365.jpg,1
20260612_002632_TQUHZU_006_f001425.jpg,1
20260612_002632_TQUHZU_006_f001560.jpg,1
20260612_002632_TQUHZU_006_f001620.jpg,1
20260612_002632_TQUHZU_006_f001740.jpg,1
20260612_002632_TQUHZU_006_f001890.jpg,1
20260612_002632_TQUHZU_006_f002340.jpg,1
20260612_002632_TQUHZU_006_f003495.jpg,1
20260612_002632_TQUHZU_006_f003675.jpg,1
20260612_002632_TQUHZU_006_f007695.jpg,1
20260612_002632_TQUHZU_006_f007755.jpg,1
20260612_002632_TQUHZU_006_f008595.jpg,1
20260612_002632_TQUHZU_006_f009360.jpg,1
20260612_002632_TQUHZU_018_f000375.jpg,1
20260612_002632_TQUHZU_018_f000855.jpg,1
20260612_002632_TQUHZU_018_f000915.jpg,1
20260612_002632_TQUHZU_018_f001155.jpg,1
20260612_002632_TQUHZU_018_f001245.jpg,1
20260612_002632_TQUHZU_018_f001305.jpg,1
20260612_002632_TQUHZU_019_f000075.jpg,1
20260612_002632_TQUHZU_019_f000135.jpg,1
20260612_002632_TQUHZU_019_f000315.jpg,1
20260612_002632_TQUHZU_019_f000435.jpg,1
20260612_002632_TQUHZU_019_f000510.jpg,1
20260612_002632_TQUHZU_019_f000585.jpg,1
20260612_002632_TQUHZU_019_f000675.jpg,1
20260612_002632_TQUHZU_019_f000870.jpg,1
20260612_002632_TQUHZU_019_f000945.jpg,1
20260612_002632_TQUHZU_019_f001020.jpg,1
20260612_002632_TQUHZU_019_f001095.jpg,1
20260612_002632_TQUHZU_019_f001215.jpg,1
20260612_002632_TQUHZU_019_f001275.jpg,1
20260612_002632_TQUHZU_019_f002055.jpg,1
20260612_002632_TQUHZU_019_f002295.jpg,1
20260612_002632_TQUHZU_019_f002625.jpg,1
20260612_002632_TQUHZU_019_f004605.jpg,1
20260612_002632_TQUHZU_019_f004755.jpg,1
20260612_002632_TQUHZU_019_f004830.jpg,1
20260612_002632_TQUHZU_019_f005085.jpg,1
20260612_002632_TQUHZU_019_f005325.jpg,1
20260612_002632_TQUHZU_019_f006030.jpg,1
20260612_002632_TQUHZU_019_f006090.jpg,1
20260612_002632_TQUHZU_019_f006180.jpg,1
20260612_002632_TQUHZU_019_f006240.jpg,1
20260612_002632_TQUHZU_019_f006450.jpg,1
20260612_002632_TQUHZU_019_f007050.jpg,1
20260612_002632_TQUHZU_019_f007395.jpg,1
20260612_002632_TQUHZU_019_f007455.jpg,1
20260612_002632_TQUHZU_019_f009525.jpg,1
20260612_002632_TQUHZU_019_f010275.jpg,1
20260612_002632_TQUHZU_019_f010335.jpg,1
20260612_003140_PNNBRC_015_f000060.jpg,1
20260612_003140_PNNBRC_015_f000630.jpg,1
20260612_003140_PNNBRC_015_f000735.jpg,1
20260612_003140_PNNBRC_015_f001005.jpg,1
20260612_003140_PNNBRC_015_f001620.jpg,1
20260612_003140_PNNBRC_015_f002055.jpg,1
20260612_003140_PNNBRC_015_f004155.jpg,1
20260612_003140_PNNBRC_015_f004485.jpg,1
20260612_003140_PNNBRC_015_f004815.jpg,1
20260612_003140_PNNBRC_015_f005340.jpg,1
20260612_003140_PNNBRC_015_f005445.jpg,1
20260612_003140_PNNBRC_015_f005580.jpg,1
20260612_003140_PNNBRC_015_f006090.jpg,1
20260612_003140_PNNBRC_015_f006375.jpg,1
20260612_003140_PNNBRC_015_f006480.jpg,1
20260612_003140_PNNBRC_015_f006660.jpg,1
20260612_003140_PNNBRC_015_f007035.jpg,1
20260612_003140_PNNBRC_015_f007095.jpg,1
20260612_003140_PNNBRC_015_f007320.jpg,1
20260612_003140_PNNBRC_015_f007410.jpg,1
20260612_003140_PNNBRC_015_f007515.jpg,1
20260612_003140_PNNBRC_015_f008715.jpg,1
20260612_003140_PNNBRC_015_f009075.jpg,1
20260612_003140_PNNBRC_015_f009660.jpg,1
20260612_003140_PNNBRC_015_f009915.jpg,1
20260612_003140_PNNBRC_016_f000090.jpg,1
20260612_003140_PNNBRC_016_f000255.jpg,1
20260612_003140_PNNBRC_016_f000390.jpg,1
20260612_003140_PNNBRC_016_f000510.jpg,1
20260612_003140_PNNBRC_016_f001305.jpg,1
20260612_003140_PNNBRC_016_f001485.jpg,1
20260612_003140_PNNBRC_016_f001680.jpg,1
20260612_003140_PNNBRC_016_f003060.jpg,1
20260612_003140_PNNBRC_016_f003120.jpg,1
20260612_003140_PNNBRC_016_f004740.jpg,1
20260612_003140_PNNBRC_016_f005895.jpg,1
20260612_003140_PNNBRC_016_f006450.jpg,1
20260612_003140_PNNBRC_016_f006945.jpg,1
20260612_003140_PNNBRC_016_f007755.jpg,1
20260612_003140_PNNBRC_016_f007845.jpg,1
20260612_003140_PNNBRC_016_f008115.jpg,1
20260612_003140_PNNBRC_016_f008760.jpg,1
20260612_003140_PNNBRC_016_f009015.jpg,1
20260612_003140_PNNBRC_016_f009975.jpg,1
20260612_003140_PNNBRC_016_f010080.jpg,1
20260612_003140_PNNBRC_017_f000060.jpg,1
20260612_003140_PNNBRC_017_f000345.jpg,1
20260612_003140_PNNBRC_017_f000765.jpg,1
20260612_003140_PNNBRC_017_f001095.jpg,1
20260612_003140_PNNBRC_017_f002925.jpg,1
20260612_003140_PNNBRC_017_f003240.jpg,1
20260612_003140_PNNBRC_017_f003510.jpg,1
20260612_003140_PNNBRC_017_f003750.jpg,1
20260612_003140_PNNBRC_017_f003810.jpg,1
20260612_003140_PNNBRC_017_f004650.jpg,1
20260612_003140_PNNBRC_017_f004740.jpg,1
20260612_003140_PNNBRC_017_f004875.jpg,1
20260612_003140_PNNBRC_017_f007620.jpg,1
20260612_003140_PNNBRC_017_f008655.jpg,1
20260612_003140_PNNBRC_017_f010410.jpg,1
20260612_013518_KWZVFZ_001_f000630.jpg,1
20260612_013518_KWZVFZ_001_f000750.jpg,1
20260612_013518_KWZVFZ_001_f001170.jpg,1
20260612_013518_KWZVFZ_001_f001410.jpg,1
20260612_013518_KWZVFZ_001_f001500.jpg,1
20260612_013518_KWZVFZ_001_f001560.jpg,1
20260612_013518_KWZVFZ_001_f001665.jpg,1
20260612_013518_KWZVFZ_001_f001800.jpg,1
20260612_013518_KWZVFZ_001_f001860.jpg,1
20260612_013518_KWZVFZ_001_f001920.jpg,1
20260612_013518_KWZVFZ_001_f001995.jpg,1
20260612_013518_KWZVFZ_001_f002070.jpg,1
20260612_013518_KWZVFZ_001_f002130.jpg,1
20260612_013518_KWZVFZ_001_f002250.jpg,1
20260612_013518_KWZVFZ_001_f002385.jpg,1
20260612_013518_KWZVFZ_001_f002460.jpg,1
20260612_013518_KWZVFZ_001_f002565.jpg,1
20260612_013518_KWZVFZ_001_f002655.jpg,1
20260612_013518_KWZVFZ_001_f002820.jpg,1
20260612_013518_KWZVFZ_001_f003330.jpg,1
20260612_013518_KWZVFZ_005_f000330.jpg,1
20260612_013518_KWZVFZ_005_f000405.jpg,1
20260612_013518_KWZVFZ_005_f000480.jpg,1
20260612_013518_KWZVFZ_005_f000540.jpg,1
20260612_013518_KWZVFZ_005_f000615.jpg,1
20260612_013518_KWZVFZ_005_f001095.jpg,1
20260612_013518_KWZVFZ_005_f001470.jpg,1
20260612_013518_KWZVFZ_005_f002880.jpg,1
20260612_013518_KWZVFZ_005_f003135.jpg,1
20260612_013518_KWZVFZ_005_f003345.jpg,1
20260612_013518_KWZVFZ_005_f003405.jpg,1
20260612_013518_KWZVFZ_005_f003465.jpg,1
20260612_013518_KWZVFZ_005_f003540.jpg,1
20260612_013518_KWZVFZ_005_f004065.jpg,1
20260612_013518_KWZVFZ_005_f004125.jpg,1
20260612_013518_KWZVFZ_005_f004200.jpg,1
20260612_013518_KWZVFZ_005_f004395.jpg,1
20260612_013518_KWZVFZ_005_f004470.jpg,1
20260612_013518_KWZVFZ_005_f004530.jpg,1
20260612_013518_KWZVFZ_005_f004635.jpg,1
20260612_013518_KWZVFZ_005_f004740.jpg,1
20260612_013518_KWZVFZ_005_f005265.jpg,1
20260612_013518_KWZVFZ_005_f006390.jpg,1
20260612_013518_KWZVFZ_005_f007785.jpg,1
20260612_013518_KWZVFZ_005_f007845.jpg,1
20260612_013518_KWZVFZ_005_f008400.jpg,1
20260612_013518_KWZVFZ_005_f008475.jpg,1
20260612_013518_KWZVFZ_005_f009915.jpg,1
20260612_013518_KWZVFZ_005_f010095.jpg,1
20260612_013541_KTCFHT_001_f000045.jpg,1
20260612_013541_KTCFHT_001_f000150.jpg,1
20260612_013541_KTCFHT_001_f000345.jpg,1
20260612_013541_KTCFHT_001_f000450.jpg,1
20260612_013541_KTCFHT_001_f000600.jpg,1
20260612_013541_KTCFHT_001_f000915.jpg,1
20260612_013541_KTCFHT_001_f001035.jpg,1
20260612_013541_KTCFHT_001_f001125.jpg,1
20260612_013541_KTCFHT_001_f001335.jpg,1
20260612_013541_KTCFHT_001_f001470.jpg,1
20260612_013541_KTCFHT_001_f001785.jpg,1
20260612_013541_KTCFHT_001_f001935.jpg,1
20260612_013541_KTCFHT_001_f002085.jpg,1
20260612_013541_KTCFHT_001_f003240.jpg,1
20260612_013541_KTCFHT_001_f004275.jpg,1
20260612_013541_KTCFHT_001_f004830.jpg,1
20260612_013541_KTCFHT_001_f004890.jpg,1
20260612_013541_KTCFHT_001_f005085.jpg,1
20260612_013541_KTCFHT_001_f005715.jpg,1
20260612_013541_KTCFHT_001_f006810.jpg,1
20260612_013541_KTCFHT_001_f006870.jpg,1
20260612_013541_KTCFHT_001_f010245.jpg,1
20260612_013541_KTCFHT_001_f010350.jpg,1
20260612_013541_KTCFHT_002_f000090.jpg,1
20260612_013541_KTCFHT_002_f000150.jpg,1
20260612_013541_KTCFHT_002_f000330.jpg,1
20260612_013541_KTCFHT_002_f000465.jpg,1
20260612_013541_KTCFHT_002_f000525.jpg,1
20260612_013541_KTCFHT_002_f000660.jpg,1
20260612_013541_KTCFHT_002_f000795.jpg,1
20260612_013541_KTCFHT_002_f002130.jpg,1
20260612_013541_KTCFHT_002_f002250.jpg,1
20260612_013541_KTCFHT_002_f002325.jpg,1
20260612_013541_KTCFHT_002_f002385.jpg,1
20260612_013541_KTCFHT_002_f002565.jpg,1
20260612_013541_KTCFHT_002_f002715.jpg,1
20260612_013541_KTCFHT_002_f002850.jpg,1
20260612_013541_KTCFHT_002_f002910.jpg,1
20260612_013541_KTCFHT_002_f003075.jpg,1
20260612_013541_KTCFHT_002_f003180.jpg,1
20260612_013541_KTCFHT_002_f003405.jpg,1
20260612_013541_KTCFHT_002_f003690.jpg,1
20260612_013541_KTCFHT_002_f003855.jpg,1
20260612_013541_KTCFHT_002_f003930.jpg,1
20260612_013541_KTCFHT_002_f004110.jpg,1
20260612_013541_KTCFHT_002_f004350.jpg,1
20260612_013541_KTCFHT_002_f004410.jpg,1
20260612_013541_KTCFHT_002_f004470.jpg,1
20260612_013541_KTCFHT_002_f005475.jpg,1
20260612_013541_KTCFHT_002_f005670.jpg,1
20260612_013541_KTCFHT_002_f006795.jpg,1
20260612_013541_KTCFHT_002_f010005.jpg,1
20260612_013541_KTCFHT_012_f000990.jpg,1
20260612_013541_KTCFHT_012_f001125.jpg,1
20260612_013541_KTCFHT_012_f001230.jpg,1
20260612_013541_KTCFHT_012_f001740.jpg,1
20260612_013541_KTCFHT_012_f001800.jpg,1
20260612_013541_KTCFHT_012_f002280.jpg,1
20260612_013541_KTCFHT_012_f009765.jpg,1
20260612_013541_KTCFHT_012_f011040.jpg,1
20260612_014235_TBDNAB_004_f000345.jpg,1
20260612_014235_TBDNAB_004_f000510.jpg,1
20260612_014235_TBDNAB_004_f002925.jpg,1
20260612_014235_TBDNAB_004_f003075.jpg,1
20260612_014235_TBDNAB_004_f003495.jpg,1
20260612_014235_TBDNAB_004_f003555.jpg,1
20260612_014235_TBDNAB_004_f003840.jpg,1
20260612_014235_TBDNAB_004_f004620.jpg,1
20260612_014235_TBDNAB_004_f005295.jpg,1
20260612_014235_TBDNAB_004_f009915.jpg,1
20260612_014235_TBDNAB_004_f010110.jpg,1
20260612_014235_TBDNAB_004_f010425.jpg,1
20260612_014235_TBDNAB_007_f000075.jpg,1
20260612_014235_TBDNAB_007_f000135.jpg,1
20260612_014235_TBDNAB_007_f000195.jpg,1
20260612_014235_TBDNAB_007_f000315.jpg,1
20260612_014235_TBDNAB_007_f000375.jpg,1
20260612_014235_TBDNAB_007_f000510.jpg,1
20260612_014235_TBDNAB_007_f000570.jpg,1
20260612_014235_TBDNAB_007_f000675.jpg,1
20260612_014235_TBDNAB_007_f000960.jpg,1
20260612_014235_TBDNAB_007_f001035.jpg,1
20260612_014235_TBDNAB_007_f001125.jpg,1
20260612_014235_TBDNAB_007_f001260.jpg,1
20260612_014235_TBDNAB_007_f001320.jpg,1
20260612_014235_TBDNAB_007_f001380.jpg,1
20260612_014235_TBDNAB_007_f001440.jpg,1
20260612_014235_TBDNAB_007_f001785.jpg,1
20260612_014235_TBDNAB_007_f002115.jpg,1
20260612_014235_TBDNAB_007_f002235.jpg,1
20260612_014235_TBDNAB_007_f002295.jpg,1
20260612_014235_TBDNAB_007_f002460.jpg,1
20260612_014235_TBDNAB_007_f002535.jpg,1
20260612_014235_TBDNAB_007_f003090.jpg,1
20260612_014235_TBDNAB_007_f003285.jpg,1
20260612_014235_TBDNAB_007_f003435.jpg,1
20260612_014235_TBDNAB_007_f005835.jpg,1
20260612_014235_TBDNAB_007_f006180.jpg,1
20260612_014235_TBDNAB_007_f006255.jpg,1
20260612_014235_TBDNAB_007_f006555.jpg,1
20260612_014235_TBDNAB_007_f006795.jpg,1
20260612_014235_TBDNAB_007_f006870.jpg,1
20260612_014235_TBDNAB_007_f009660.jpg,1
20260612_014235_TBDNAB_010_f000960.jpg,1
20260612_014235_TBDNAB_010_f001695.jpg,1
20260612_014235_TBDNAB_010_f002040.jpg,1
20260612_014235_TBDNAB_010_f002115.jpg,1
20260612_014235_TBDNAB_010_f002340.jpg,1
20260612_014235_TBDNAB_010_f002490.jpg,1
20260612_014235_TBDNAB_010_f002730.jpg,1
20260612_014235_TBDNAB_010_f002835.jpg,1
20260612_014235_TBDNAB_010_f002955.jpg,1
20260612_014235_TBDNAB_010_f003045.jpg,1
20260612_014235_TBDNAB_010_f003105.jpg,1
20260612_014235_TBDNAB_010_f004215.jpg,1
20260612_014235_TBDNAB_010_f004275.jpg,1
20260612_014235_TBDNAB_010_f004335.jpg,1
20260612_014235_TBDNAB_010_f004815.jpg,1
20260612_014235_TBDNAB_010_f005700.jpg,1
20260612_014235_TBDNAB_010_f010425.jpg,1
20260612_023323_XUZPMW_000_f003600.jpg,1
20260612_023323_XUZPMW_000_f004785.jpg,1
20260612_023323_XUZPMW_000_f004845.jpg,1
20260612_023323_XUZPMW_000_f004905.jpg,1
20260612_023323_XUZPMW_000_f005220.jpg,1
20260612_023323_XUZPMW_000_f006420.jpg,1
20260612_023323_XUZPMW_000_f006675.jpg,1
20260612_023323_XUZPMW_013_f001215.jpg,1
20260612_023323_XUZPMW_013_f006225.jpg,1
20260612_023323_XUZPMW_014_f003480.jpg,1
20260612_023323_XUZPMW_014_f003540.jpg,1
20260612_032247_PZJKQJ_000_f003180.jpg,1
20260612_054306_KSFNBV_010_f010320.jpg,1
20260612_055219_KFEMEW_000_f000015.jpg,1
20260612_055219_KFEMEW_000_f000075.jpg,1
20260612_055219_KFEMEW_000_f000150.jpg,1
20260612_055219_KFEMEW_000_f000210.jpg,1
20260612_055219_KFEMEW_000_f000285.jpg,1
20260612_055219_KFEMEW_000_f000480.jpg,1
20260612_055219_KFEMEW_000_f000585.jpg,1
20260612_055219_KFEMEW_000_f000750.jpg,1
20260612_055219_KFEMEW_000_f000990.jpg,1
20260612_055219_KFEMEW_000_f001095.jpg,1
20260612_055219_KFEMEW_000_f001155.jpg,1
20260612_055219_KFEMEW_000_f001335.jpg,1
20260612_055219_KFEMEW_000_f001395.jpg,1
20260612_055219_KFEMEW_000_f001470.jpg,1
20260612_055219_KFEMEW_000_f001560.jpg,1
20260612_055219_KFEMEW_000_f001620.jpg,1
20260612_055219_KFEMEW_000_f001695.jpg,1
20260612_055219_KFEMEW_000_f001800.jpg,1
20260612_055219_KFEMEW_000_f001905.jpg,1
20260612_055219_KFEMEW_000_f001965.jpg,1
20260612_055219_KFEMEW_000_f002025.jpg,1
20260612_055219_KFEMEW_000_f002100.jpg,1
20260612_055219_KFEMEW_000_f002175.jpg,1
20260612_055219_KFEMEW_000_f002235.jpg,1
20260612_055219_KFEMEW_000_f002295.jpg,1
20260612_055219_KFEMEW_000_f002430.jpg,1
20260612_055219_KFEMEW_000_f002580.jpg,1
20260612_055219_KFEMEW_000_f002715.jpg,1
20260612_055219_KFEMEW_000_f002895.jpg,1
20260612_055219_KFEMEW_000_f002955.jpg,1
20260612_055219_KFEMEW_000_f003015.jpg,1
20260612_055219_KFEMEW_000_f003255.jpg,1
20260612_055219_KFEMEW_000_f003420.jpg,1
20260612_055219_KFEMEW_000_f003870.jpg,1
20260612_055219_KFEMEW_000_f004005.jpg,1
20260612_055219_KFEMEW_000_f004065.jpg,1
20260612_055219_KFEMEW_000_f004335.jpg,1
20260612_055219_KFEMEW_000_f004440.jpg,1
20260612_055219_KFEMEW_000_f004500.jpg,1
20260612_055219_KFEMEW_000_f004590.jpg,1
20260612_055219_KFEMEW_000_f004725.jpg,1
20260612_055219_KFEMEW_000_f005250.jpg,1
20260612_055219_KFEMEW_001_f000135.jpg,1
20260612_055219_KFEMEW_001_f000225.jpg,1
20260612_055219_KFEMEW_001_f001230.jpg,1
20260612_055219_KFEMEW_001_f001695.jpg,1
20260612_055219_KFEMEW_001_f001770.jpg,1
20260612_055219_KFEMEW_001_f001860.jpg,1
20260612_055219_KFEMEW_001_f002265.jpg,1
20260612_055219_KFEMEW_001_f002385.jpg,1
20260612_055219_KFEMEW_001_f002640.jpg,1
20260612_055219_KFEMEW_001_f002790.jpg,1
20260612_055219_KFEMEW_001_f002940.jpg,1
20260612_055219_KFEMEW_001_f003990.jpg,1
20260612_055219_KFEMEW_001_f004110.jpg,1
20260612_055219_KFEMEW_001_f004650.jpg,1
20260612_055219_KFEMEW_001_f005535.jpg,1
20260612_055219_KFEMEW_001_f006420.jpg,1
20260612_055219_KFEMEW_001_f006480.jpg,1
20260612_055219_KFEMEW_001_f009030.jpg,1
20260612_060422_KSAVCV_004_f000000.jpg,1
20260612_060422_KSAVCV_004_f000060.jpg,1
20260612_060422_KSAVCV_004_f000180.jpg,1
20260612_060422_KSAVCV_004_f000330.jpg,1
20260612_060422_KSAVCV_004_f000390.jpg,1
20260612_060422_KSAVCV_004_f000465.jpg,1
20260612_060422_KSAVCV_004_f000645.jpg,1
20260612_060422_KSAVCV_004_f000705.jpg,1
20260612_060422_KSAVCV_004_f000765.jpg,1
20260612_060422_KSAVCV_004_f000825.jpg,1
20260612_060422_KSAVCV_004_f000885.jpg,1
20260612_060422_KSAVCV_004_f001050.jpg,1
20260612_060422_KSAVCV_004_f002940.jpg,1
20260612_060422_KSAVCV_004_f003480.jpg,1
20260612_060422_KSAVCV_004_f004485.jpg,1
20260612_060422_KSAVCV_006_f000165.jpg,1
20260612_060422_KSAVCV_006_f000255.jpg,1
20260612_060422_KSAVCV_006_f001590.jpg,1
20260612_060422_KSAVCV_006_f001995.jpg,1
20260612_060422_KSAVCV_006_f002325.jpg,1
20260612_060422_KSAVCV_006_f002385.jpg,1
20260612_060422_KSAVCV_006_f002460.jpg,1
20260612_060422_KSAVCV_006_f002535.jpg,1
20260612_060422_KSAVCV_006_f002700.jpg,1
20260612_060422_KSAVCV_006_f002760.jpg,1
20260612_060422_KSAVCV_006_f002820.jpg,1
20260612_060422_KSAVCV_006_f002985.jpg,1
20260612_060422_KSAVCV_006_f003360.jpg,1
20260612_060422_KSAVCV_006_f003450.jpg,1
20260612_060422_KSAVCV_006_f003825.jpg,1
20260612_060422_KSAVCV_006_f003915.jpg,1
20260612_060422_KSAVCV_006_f004035.jpg,1
20260612_060422_KSAVCV_006_f004740.jpg,1
20260612_060422_KSAVCV_006_f004995.jpg,1
20260612_060422_KSAVCV_006_f005130.jpg,1
20260612_060422_KSAVCV_006_f005805.jpg,1
20260612_060422_KSAVCV_006_f005895.jpg,1
20260612_060422_KSAVCV_006_f006120.jpg,1
20260612_060422_KSAVCV_006_f007305.jpg,1
20260612_060422_KSAVCV_006_f008940.jpg,1
20260612_060422_KSAVCV_006_f010110.jpg,1
20260612_060422_KSAVCV_006_f010485.jpg,1
20260612_060422_KSAVCV_009_f000150.jpg,1
20260612_060422_KSAVCV_009_f000615.jpg,1
20260612_060422_KSAVCV_009_f001710.jpg,1
20260612_060422_KSAVCV_009_f001845.jpg,1
20260612_060422_KSAVCV_009_f002250.jpg,1
20260612_060422_KSAVCV_009_f002310.jpg,1
20260612_060422_KSAVCV_009_f002775.jpg,1
20260612_060422_KSAVCV_009_f003390.jpg,1
20260612_060422_KSAVCV_009_f003450.jpg,1
20260612_060422_KSAVCV_009_f003675.jpg,1
20260612_060422_KSAVCV_009_f003735.jpg,1
20260612_060422_KSAVCV_009_f003795.jpg,1
20260612_060422_KSAVCV_009_f003990.jpg,1
20260612_060422_KSAVCV_009_f004155.jpg,1
20260612_060422_KSAVCV_009_f004215.jpg,1
20260612_060422_KSAVCV_009_f006270.jpg,1
20260612_060422_KSAVCV_009_f006915.jpg,1
20260612_060422_KSAVCV_009_f007860.jpg,1
20260612_071347_KZSRYW_001_f002490.jpg,1
20260612_071347_KZSRYW_001_f002550.jpg,1
20260612_103340_HWMTHE_009_f003960.jpg,1
20260613_001729_MYWMWD_015_f001635.jpg,1
20260613_001729_MYWMWD_022_f005610.jpg,1
20260613_005657_ZJLELZ_000_f000270.jpg,1
20260613_005657_ZJLELZ_000_f000330.jpg,1
20260613_005657_ZJLELZ_000_f002010.jpg,1
20260613_005657_ZJLELZ_000_f002400.jpg,1
20260613_005657_ZJLELZ_000_f002610.jpg,1
20260613_005657_ZJLELZ_000_f002670.jpg,1
20260613_005657_ZJLELZ_000_f002730.jpg,1
20260613_005657_ZJLELZ_000_f003135.jpg,1
20260613_005657_ZJLELZ_000_f003285.jpg,1
20260613_005657_ZJLELZ_000_f003390.jpg,1
20260613_005657_ZJLELZ_000_f003495.jpg,1
20260613_005657_ZJLELZ_000_f003555.jpg,1
20260613_005657_ZJLELZ_000_f003705.jpg,1
20260613_005657_ZJLELZ_000_f003780.jpg,1
20260613_005657_ZJLELZ_000_f003960.jpg,1
20260613_005657_ZJLELZ_000_f004515.jpg,1
20260613_005657_ZJLELZ_000_f004635.jpg,1
20260613_005657_ZJLELZ_000_f004740.jpg,1
20260613_005657_ZJLELZ_000_f005175.jpg,1
20260613_005657_ZJLELZ_000_f005400.jpg,1
20260613_005657_ZJLELZ_000_f005505.jpg,1
20260613_005657_ZJLELZ_000_f006165.jpg,1
20260613_005657_ZJLELZ_000_f006240.jpg,1
20260613_005657_ZJLELZ_000_f007050.jpg,1
20260613_005657_ZJLELZ_000_f007275.jpg,1
20260613_005657_ZJLELZ_000_f007365.jpg,1
20260613_005657_ZJLELZ_000_f007470.jpg,1
20260613_005657_ZJLELZ_000_f007695.jpg,1
20260613_005657_ZJLELZ_000_f008385.jpg,1
20260613_005657_ZJLELZ_002_f001290.jpg,1
20260613_005657_ZJLELZ_002_f002205.jpg,1
20260613_005657_ZJLELZ_002_f002625.jpg,1
20260613_005657_ZJLELZ_002_f002685.jpg,1
20260613_005657_ZJLELZ_002_f002745.jpg,1
20260613_005657_ZJLELZ_002_f002850.jpg,1
20260613_005657_ZJLELZ_002_f003090.jpg,1
20260613_005657_ZJLELZ_002_f003150.jpg,1
20260613_005657_ZJLELZ_002_f003255.jpg,1
20260613_005657_ZJLELZ_002_f003360.jpg,1
20260613_005657_ZJLELZ_002_f003450.jpg,1
20260613_005657_ZJLELZ_002_f003600.jpg,1
20260613_005657_ZJLELZ_002_f003675.jpg,1
20260613_005657_ZJLELZ_002_f004080.jpg,1
20260613_005657_ZJLELZ_002_f004515.jpg,1
20260613_005657_ZJLELZ_002_f007410.jpg,1
20260613_005657_ZJLELZ_002_f010500.jpg,1
20260613_005657_ZJLELZ_002_f010830.jpg,1
20260613_005657_ZJLELZ_002_f011070.jpg,1
20260613_005657_ZJLELZ_007_f000015.jpg,1
20260613_005657_ZJLELZ_007_f000285.jpg,1
20260613_005657_ZJLELZ_007_f000375.jpg,1
20260613_005657_ZJLELZ_007_f002505.jpg,1
20260613_005657_ZJLELZ_007_f008610.jpg,1
20260613_005657_ZJLELZ_007_f009960.jpg,1
20260613_005657_ZJLELZ_007_f010020.jpg,1
20260613_005657_ZJLELZ_007_f010095.jpg,1
20260613_005657_ZJLELZ_007_f010155.jpg,1
20260613_005657_ZJLELZ_007_f010260.jpg,1
20260613_005657_ZJLELZ_007_f010995.jpg,1
20260613_032156_SYZXHQ_001_f001140.jpg,1
20260613_032156_SYZXHQ_001_f001230.jpg,1
20260613_032156_SYZXHQ_001_f002070.jpg,1
20260613_032156_SYZXHQ_001_f003090.jpg,1
20260613_032156_SYZXHQ_001_f004155.jpg,1
20260613_032156_SYZXHQ_001_f004965.jpg,1
20260613_032156_SYZXHQ_001_f005085.jpg,1
20260613_032156_SYZXHQ_001_f005205.jpg,1
20260613_032156_SYZXHQ_001_f005910.jpg,1
20260613_032156_SYZXHQ_001_f006000.jpg,1
20260613_032156_SYZXHQ_001_f006060.jpg,1
20260613_051742_WYFBYJ_000_f008895.jpg,1
20260613_051742_WYFBYJ_000_f008955.jpg,1
20260613_051742_WYFBYJ_006_f008745.jpg,1
20260613_051742_WYFBYJ_006_f008850.jpg,1
20260613_051742_WYFBYJ_006_f009120.jpg,1
20260613_051742_WYFBYJ_006_f009180.jpg,1
20260613_051742_WYFBYJ_006_f009240.jpg,1
20260613_051742_WYFBYJ_006_f009300.jpg,1
20260613_051742_WYFBYJ_006_f009375.jpg,1
20260613_051742_WYFBYJ_006_f009465.jpg,1
20260613_051742_WYFBYJ_006_f009525.jpg,1
20260613_051742_WYFBYJ_006_f009600.jpg,1
20260613_051742_WYFBYJ_006_f009690.jpg,1
20260613_051742_WYFBYJ_006_f009765.jpg,1
20260613_051742_WYFBYJ_006_f009825.jpg,1
20260613_051742_WYFBYJ_006_f009915.jpg,1
20260613_051742_WYFBYJ_006_f010020.jpg,1
20260613_051742_WYFBYJ_006_f010470.jpg,1
20260613_051742_WYFBYJ_006_f010560.jpg,1
20260613_051742_WYFBYJ_006_f010710.jpg,1
20260613_051742_WYFBYJ_006_f010965.jpg,1
20260613_051742_WYFBYJ_006_f011025.jpg,1
20260613_051742_WYFBYJ_024_f000045.jpg,1
20260613_051742_WYFBYJ_024_f000225.jpg,1
20260613_051742_WYFBYJ_024_f000345.jpg,1
20260613_051742_WYFBYJ_024_f000405.jpg,1
20260613_051742_WYFBYJ_024_f000480.jpg,1
20260613_051742_WYFBYJ_024_f001125.jpg,1
20260613_051742_WYFBYJ_024_f001185.jpg,1
20260613_051742_WYFBYJ_024_f001275.jpg,1
20260613_051742_WYFBYJ_024_f001470.jpg,1
20260613_051742_WYFBYJ_024_f002130.jpg,1
20260613_051742_WYFBYJ_024_f002520.jpg,1
20260613_051742_WYFBYJ_024_f002640.jpg,1
20260613_051742_WYFBYJ_024_f002805.jpg,1
20260613_051742_WYFBYJ_024_f002940.jpg,1
20260613_051742_WYFBYJ_024_f003000.jpg,1
20260613_051742_WYFBYJ_024_f003105.jpg,1
20260613_051742_WYFBYJ_024_f003255.jpg,1
20260613_051742_WYFBYJ_024_f003375.jpg,1
20260613_051742_WYFBYJ_024_f003435.jpg,1
20260613_051742_WYFBYJ_024_f003540.jpg,1
20260613_051742_WYFBYJ_024_f003735.jpg,1
20260613_051742_WYFBYJ_024_f004365.jpg,1
20260613_051742_WYFBYJ_024_f004455.jpg,1
20260613_051742_WYFBYJ_024_f004725.jpg,1
20260613_051742_WYFBYJ_024_f005460.jpg,1
20260613_054137_TNZVHD_000_f000075.jpg,1
20260613_054137_TNZVHD_000_f000285.jpg,1
20260613_054137_TNZVHD_000_f000375.jpg,1
20260613_054137_TNZVHD_000_f000510.jpg,1
20260613_054137_TNZVHD_000_f000855.jpg,1
20260613_054137_TNZVHD_000_f000915.jpg,1
20260613_054137_TNZVHD_000_f001110.jpg,1
20260613_054137_TNZVHD_000_f001290.jpg,1
20260613_054137_TNZVHD_000_f001395.jpg,1
20260613_054137_TNZVHD_000_f001455.jpg,1
20260613_054137_TNZVHD_000_f001620.jpg,1
20260613_054137_TNZVHD_000_f001695.jpg,1
20260613_054137_TNZVHD_000_f001890.jpg,1
20260613_054137_TNZVHD_000_f002040.jpg,1
20260613_054137_TNZVHD_000_f002160.jpg,1
20260613_054137_TNZVHD_000_f002325.jpg,1
20260613_054137_TNZVHD_000_f002385.jpg,1
20260613_054137_TNZVHD_000_f002445.jpg,1
20260613_054137_TNZVHD_000_f003345.jpg,1
20260613_054137_TNZVHD_000_f003420.jpg,1
20260613_054137_TNZVHD_000_f003510.jpg,1
20260613_054137_TNZVHD_000_f003645.jpg,1
20260613_054137_TNZVHD_000_f003705.jpg,1
20260613_054137_TNZVHD_000_f003780.jpg,1
20260613_054137_TNZVHD_000_f003885.jpg,1
20260613_054137_TNZVHD_000_f003945.jpg,1
20260613_054137_TNZVHD_000_f004005.jpg,1
20260613_054137_TNZVHD_000_f004065.jpg,1
20260613_054137_TNZVHD_000_f004140.jpg,1
20260613_054137_TNZVHD_000_f004230.jpg,1
20260613_054137_TNZVHD_000_f004695.jpg,1
20260613_054137_TNZVHD_000_f004845.jpg,1
20260613_054137_TNZVHD_000_f005055.jpg,1
20260613_054137_TNZVHD_000_f005145.jpg,1
20260613_054137_TNZVHD_000_f005460.jpg,1
20260613_054137_TNZVHD_000_f005790.jpg,1
20260613_054137_TNZVHD_000_f006270.jpg,1
20260613_054137_TNZVHD_000_f006360.jpg,1
20260613_054137_TNZVHD_000_f006555.jpg,1
20260613_054137_TNZVHD_000_f008610.jpg,1
20260613_054137_TNZVHD_008_f001755.jpg,1
20260613_054137_TNZVHD_008_f003945.jpg,1
20260613_054137_TNZVHD_008_f004635.jpg,1
20260613_054137_TNZVHD_008_f005745.jpg,1
20260613_054137_TNZVHD_008_f005895.jpg,1
20260613_054137_TNZVHD_008_f006195.jpg,1
20260613_054137_TNZVHD_008_f006750.jpg,1
20260613_054137_TNZVHD_008_f007320.jpg,1
20260613_054137_TNZVHD_008_f007680.jpg,1
20260613_054137_TNZVHD_008_f008010.jpg,1
20260613_054137_TNZVHD_008_f009570.jpg,1
20260613_054137_TNZVHD_008_f009780.jpg,1
20260613_054137_TNZVHD_011_f000690.jpg,1
20260613_054137_TNZVHD_011_f000990.jpg,1
20260613_054137_TNZVHD_011_f001260.jpg,1
20260613_054137_TNZVHD_011_f002400.jpg,1
20260613_054137_TNZVHD_011_f003255.jpg,1
20260613_054137_TNZVHD_011_f004815.jpg,1
20260613_054137_TNZVHD_011_f010200.jpg,1
20260613_075732_YGUACP_000_f003360.jpg,1
20260613_075732_YGUACP_000_f003420.jpg,1
20260613_075732_YGUACP_000_f004695.jpg,1
20260613_075732_YGUACP_000_f005685.jpg,1
20260613_075732_YGUACP_000_f006240.jpg,1
20260613_075732_YGUACP_000_f007590.jpg,1
20260613_075732_YGUACP_000_f007800.jpg,1
20260613_075732_YGUACP_000_f007890.jpg,1
20260613_075732_YGUACP_000_f010320.jpg,1
20260613_075732_YGUACP_000_f011085.jpg,1
20260613_075732_YGUACP_004_f000000.jpg,1
20260613_075732_YGUACP_004_f000180.jpg,1
20260613_075732_YGUACP_004_f000465.jpg,1
20260613_075732_YGUACP_004_f000525.jpg,1
20260613_075732_YGUACP_004_f000630.jpg,1
20260613_075732_YGUACP_004_f000735.jpg,1
20260613_075732_YGUACP_004_f000795.jpg,1
20260613_075732_YGUACP_004_f000930.jpg,1
20260613_075732_YGUACP_004_f001545.jpg,1
20260613_075732_YGUACP_004_f001890.jpg,1
20260613_075732_YGUACP_004_f003855.jpg,1
20260613_075732_YGUACP_004_f004050.jpg,1
20260613_075732_YGUACP_004_f004365.jpg,1
20260613_075732_YGUACP_004_f004485.jpg,1
20260613_075732_YGUACP_004_f007890.jpg,1
20260613_075732_YGUACP_004_f010590.jpg,1
20260613_075732_YGUACP_004_f011130.jpg,1
20260613_075908_WPUEVJ_002_f000780.jpg,1
20260613_075908_WPUEVJ_002_f001590.jpg,1
20260613_075908_WPUEVJ_002_f001695.jpg,1
20260613_075908_WPUEVJ_002_f002010.jpg,1
20260613_075908_WPUEVJ_002_f002325.jpg,1
20260613_075908_WPUEVJ_002_f002385.jpg,1
20260613_075908_WPUEVJ_002_f002460.jpg,1
20260613_075908_WPUEVJ_002_f005055.jpg,1
20260613_075908_WPUEVJ_002_f005655.jpg,1
20260613_075908_WPUEVJ_002_f006135.jpg,1
20260613_075908_WPUEVJ_003_f000015.jpg,1
20260613_075908_WPUEVJ_003_f000075.jpg,1
20260613_075908_WPUEVJ_003_f000270.jpg,1
20260613_075908_WPUEVJ_003_f000330.jpg,1
20260613_075908_WPUEVJ_003_f000420.jpg,1
20260613_075908_WPUEVJ_003_f000510.jpg,1
20260613_075908_WPUEVJ_003_f000570.jpg,1
20260613_075908_WPUEVJ_003_f000780.jpg,1
20260613_075908_WPUEVJ_003_f000885.jpg,1
20260613_075908_WPUEVJ_003_f001065.jpg,1
20260613_075908_WPUEVJ_003_f004470.jpg,1
20260613_075908_WPUEVJ_003_f004575.jpg,1
20260613_075908_WPUEVJ_003_f004635.jpg,1
20260613_075908_WPUEVJ_003_f004755.jpg,1
20260613_075908_WPUEVJ_003_f004860.jpg,1
20260613_075908_WPUEVJ_003_f006045.jpg,1
20260613_075908_WPUEVJ_003_f006465.jpg,1
20260613_075908_WPUEVJ_003_f006525.jpg,1
20260613_075908_WPUEVJ_003_f006930.jpg,1
20260613_075908_WPUEVJ_003_f007515.jpg,1
20260613_075908_WPUEVJ_003_f007575.jpg,1
20260613_075908_WPUEVJ_003_f008520.jpg,1
20260613_075908_WPUEVJ_003_f008640.jpg,1
20260613_075908_WPUEVJ_003_f009540.jpg,1
20260613_075908_WPUEVJ_003_f010260.jpg,1
20260613_075908_WPUEVJ_003_f010965.jpg,1
20260613_075908_WPUEVJ_005_f000015.jpg,1
20260613_075908_WPUEVJ_005_f000135.jpg,1
20260613_075908_WPUEVJ_005_f000330.jpg,1
20260613_075908_WPUEVJ_005_f001650.jpg,1
20260613_075908_WPUEVJ_005_f002865.jpg,1
20260613_075908_WPUEVJ_005_f002925.jpg,1
20260613_075908_WPUEVJ_005_f003000.jpg,1
20260613_075908_WPUEVJ_005_f003060.jpg,1
20260613_075908_WPUEVJ_005_f003120.jpg,1
20260613_075908_WPUEVJ_005_f003180.jpg,1
20260613_075908_WPUEVJ_005_f003240.jpg,1
20260613_075908_WPUEVJ_005_f003315.jpg,1
20260613_075908_WPUEVJ_005_f003420.jpg,1
20260613_075908_WPUEVJ_005_f003480.jpg,1
20260613_075908_WPUEVJ_005_f003540.jpg,1
20260613_075908_WPUEVJ_005_f003645.jpg,1
20260613_075908_WPUEVJ_005_f003705.jpg,1
20260613_075908_WPUEVJ_005_f003765.jpg,1
20260613_075908_WPUEVJ_005_f004020.jpg,1
20260613_075908_WPUEVJ_005_f004080.jpg,1
20260613_080728_AMBWSK_009_f005640.jpg,1
20260613_102153_PXPTMQ_008_f003150.jpg,1
20260613_102153_PXPTMQ_008_f006780.jpg,1
20260614_003423_YTSAQN_005_f000270.jpg,1
20260614_005900_XSEHGU_001_f003930.jpg,1
20260614_005900_XSEHGU_001_f004245.jpg,1
20260614_005900_XSEHGU_001_f004425.jpg,1
20260614_005900_XSEHGU_001_f004920.jpg,1
20260614_005900_XSEHGU_001_f004980.jpg,1
20260614_005900_XSEHGU_001_f005070.jpg,1
20260614_005900_XSEHGU_001_f005190.jpg,1
20260614_005900_XSEHGU_001_f005880.jpg,1
20260614_005900_XSEHGU_001_f005940.jpg,1
20260614_005900_XSEHGU_001_f006000.jpg,1
20260614_005900_XSEHGU_017_f004275.jpg,1
20260614_005900_XSEHGU_017_f004425.jpg,1
20260614_005900_XSEHGU_017_f008790.jpg,1
20260614_005900_XSEHGU_017_f009555.jpg,1
20260614_005900_XSEHGU_017_f009615.jpg,1
20260614_005900_XSEHGU_017_f010065.jpg,1
20260614_005900_XSEHGU_017_f010290.jpg,1
20260614_005900_XSEHGU_025_f010785.jpg,1
20260614_005900_XSEHGU_025_f010860.jpg,1
20260614_005900_XSEHGU_025_f010920.jpg,1
20260614_010015_BDYFLG_002_f002505.jpg,1
20260614_010015_BDYFLG_002_f002610.jpg,1
20260614_010015_BDYFLG_002_f002790.jpg,1
20260614_010015_BDYFLG_002_f003210.jpg,1
20260614_010015_BDYFLG_002_f003285.jpg,1
20260614_010015_BDYFLG_002_f003945.jpg,1
20260614_010015_BDYFLG_002_f004305.jpg,1
20260614_010015_BDYFLG_002_f004380.jpg,1
20260614_010015_BDYFLG_002_f004440.jpg,1
20260614_010015_BDYFLG_002_f004500.jpg,1
20260614_010015_BDYFLG_002_f004995.jpg,1
20260614_010015_BDYFLG_002_f005235.jpg,1
20260614_010015_BDYFLG_002_f006840.jpg,1
20260614_010015_BDYFLG_002_f007710.jpg,1
20260614_010015_BDYFLG_002_f009735.jpg,1
20260614_010015_BDYFLG_009_f000000.jpg,1
20260614_010015_BDYFLG_009_f000060.jpg,1
20260614_010015_BDYFLG_009_f000255.jpg,1
20260614_010015_BDYFLG_009_f000315.jpg,1
20260614_010015_BDYFLG_009_f000495.jpg,1
20260614_010015_BDYFLG_009_f004200.jpg,1
20260614_010015_BDYFLG_009_f004425.jpg,1
20260614_010015_BDYFLG_009_f004530.jpg,1
20260614_010015_BDYFLG_009_f004650.jpg,1
20260614_010015_BDYFLG_009_f004710.jpg,1
20260614_010015_BDYFLG_009_f004800.jpg,1
20260614_010015_BDYFLG_009_f004860.jpg,1
20260614_010015_BDYFLG_009_f004920.jpg,1
20260614_010015_BDYFLG_009_f004980.jpg,1
20260614_010015_BDYFLG_009_f005040.jpg,1
20260614_010015_BDYFLG_009_f005295.jpg,1
20260614_010015_BDYFLG_009_f008235.jpg,1
20260614_011320_MQFUQW_000_f000165.jpg,1
20260614_011320_MQFUQW_000_f000300.jpg,1
20260614_011320_MQFUQW_000_f000390.jpg,1
20260614_011320_MQFUQW_000_f000450.jpg,1
20260614_011320_MQFUQW_000_f000840.jpg,1
20260614_011320_MQFUQW_000_f001560.jpg,1
20260614_011320_MQFUQW_000_f001650.jpg,1
20260614_011320_MQFUQW_000_f001740.jpg,1
20260614_011320_MQFUQW_000_f003345.jpg,1
20260614_011320_MQFUQW_000_f003810.jpg,1
20260614_011320_MQFUQW_000_f006090.jpg,1
20260614_011320_MQFUQW_000_f006150.jpg,1
20260614_011320_MQFUQW_000_f006210.jpg,1
20260614_011320_MQFUQW_000_f006270.jpg,1
20260614_011320_MQFUQW_000_f007140.jpg,1
20260614_011320_MQFUQW_000_f007200.jpg,1
20260614_011320_MQFUQW_000_f008295.jpg,1
20260614_020644_VEPLCU_007_f000555.jpg,1
20260614_020644_VEPLCU_007_f000615.jpg,1
20260614_020644_VEPLCU_007_f000735.jpg,1
20260614_020644_VEPLCU_007_f003165.jpg,1
20260614_020644_VEPLCU_007_f003225.jpg,1
20260614_020644_VEPLCU_007_f003585.jpg,1
20260614_020644_VEPLCU_007_f003675.jpg,1
20260614_020644_VEPLCU_007_f004590.jpg,1
20260614_020644_VEPLCU_007_f004650.jpg,1
20260614_020644_VEPLCU_007_f005160.jpg,1
20260614_020644_VEPLCU_007_f005430.jpg,1
20260614_020644_VEPLCU_007_f006030.jpg,1
20260614_020644_VEPLCU_007_f008700.jpg,1
20260614_020644_VEPLCU_008_f001650.jpg,1
20260614_020644_VEPLCU_008_f002040.jpg,1
20260614_020644_VEPLCU_009_f001230.jpg,1
20260614_020644_VEPLCU_009_f002160.jpg,1
20260614_020644_VEPLCU_009_f002310.jpg,1
20260614_020644_VEPLCU_009_f003435.jpg,1
20260614_020644_VEPLCU_009_f003510.jpg,1
20260614_020644_VEPLCU_009_f010455.jpg,1
20260614_054921_MRWKLT_002_f002910.jpg,1
20260614_054921_MRWKLT_002_f004650.jpg,1
20260614_054921_MRWKLT_002_f005790.jpg,1
20260614_054921_MRWKLT_002_f006615.jpg,1
20260614_061039_ZHRCYU_000_f002670.jpg,1
20260614_061039_ZHRCYU_000_f003765.jpg,1
20260614_061039_ZHRCYU_000_f004110.jpg,1
20260614_061039_ZHRCYU_000_f004515.jpg,1
20260614_061039_ZHRCYU_000_f005175.jpg,1
20260614_061039_ZHRCYU_000_f006420.jpg,1
20260614_061039_ZHRCYU_000_f006555.jpg,1
20260614_061039_ZHRCYU_002_f010560.jpg,1
20260614_061039_ZHRCYU_003_f001920.jpg,1
20260614_063532_FSLLST_000_f004170.jpg,1
20260614_063532_FSLLST_000_f007620.jpg,1
20260614_063532_FSLLST_001_f001485.jpg,1
20260614_063532_FSLLST_001_f008010.jpg,1
20260615_003932_DGCDPB_008_f005235.jpg,1
20260615_003932_DGCDPB_008_f008655.jpg,1
20260615_013251_DFVBKQ_004_f007665.jpg,1
20260615_060714_ZBKYJJ_001_f001185.jpg,1
20260615_060714_ZBKYJJ_005_f009735.jpg,1
20260615_061425_PPEPZP_000_f000675.jpg,1
20260615_061425_PPEPZP_000_f000735.jpg,1
20260615_061425_PPEPZP_000_f002235.jpg,1
20260615_061425_PPEPZP_000_f002610.jpg,1
20260615_061425_PPEPZP_000_f002715.jpg,1
20260615_061425_PPEPZP_000_f010680.jpg,1
20260615_061425_PPEPZP_013_f004620.jpg,1
20260616_004006_VXCRVP_003_f004260.jpg,1
20260616_004006_VXCRVP_011_f009750.jpg,1
20260616_004006_VXCRVP_011_f010665.jpg,1
20260616_004006_VXCRVP_014_f003645.jpg,1
20260616_004006_VXCRVP_014_f003720.jpg,1
20260616_004006_VXCRVP_014_f003870.jpg,1
20260616_004639_AKZMLM_001_f000585.jpg,1
20260616_004639_AKZMLM_001_f001665.jpg,1
20260616_004639_AKZMLM_007_f006840.jpg,1
20260616_004639_AKZMLM_007_f007545.jpg,1
20260616_004639_AKZMLM_007_f009015.jpg,1
20260616_004639_AKZMLM_007_f009075.jpg,1
20260616_004639_AKZMLM_007_f010410.jpg,1
20260616_004639_AKZMLM_007_f010470.jpg,1
20260616_004639_AKZMLM_009_f003120.jpg,1
20260616_010704_GMTYRC_chunk_006_lview_f000030.jpg,1
20260616_010704_GMTYRC_chunk_006_lview_f000210.jpg,1
20260616_010704_GMTYRC_chunk_006_lview_f000270.jpg,1
20260616_010704_GMTYRC_chunk_006_lview_f000720.jpg,1
20260616_010704_GMTYRC_chunk_006_lview_f001380.jpg,1
20260616_010704_GMTYRC_chunk_006_lview_f001410.jpg,1
20260616_010704_GMTYRC_chunk_006_lview_f001440.jpg,1
20260616_010704_GMTYRC_chunk_006_lview_f001590.jpg,1
20260616_010704_GMTYRC_chunk_006_lview_f001680.jpg,1
20260616_010704_GMTYRC_chunk_006_lview_f001710.jpg,1
20260616_010704_GMTYRC_chunk_006_lview_f002880.jpg,1
20260616_010704_GMTYRC_chunk_006_lview_f003030.jpg,1
20260616_010704_GMTYRC_chunk_006_lview_f004470.jpg,1
20260616_010704_GMTYRC_chunk_006_lview_f005610.jpg,1
20260616_010704_GMTYRC_chunk_006_lview_f005880.jpg,1
20260616_010704_GMTYRC_chunk_006_lview_f006360.jpg,1
20260616_010704_GMTYRC_chunk_006_lview_f006420.jpg,1
20260616_010704_GMTYRC_chunk_006_lview_f006510.jpg,1
20260616_010704_GMTYRC_chunk_006_lview_f006630.jpg,1
20260616_010704_GMTYRC_chunk_006_lview_f006690.jpg,1
20260616_010704_GMTYRC_chunk_006_lview_f006750.jpg,1
20260616_010704_GMTYRC_chunk_006_lview_f006780.jpg,1
20260616_010704_GMTYRC_chunk_006_lview_f006810.jpg,1
20260616_010704_GMTYRC_chunk_006_lview_f006840.jpg,1
20260616_010704_GMTYRC_chunk_006_lview_f006930.jpg,1
20260616_010704_GMTYRC_chunk_006_lview_f006990.jpg,1
20260616_010704_GMTYRC_chunk_006_lview_f007020.jpg,1
20260616_010704_GMTYRC_chunk_006_lview_f007050.jpg,1
20260616_010704_GMTYRC_chunk_006_lview_f007080.jpg,1
20260616_010704_GMTYRC_chunk_006_lview_f007110.jpg,1
20260616_010704_GMTYRC_chunk_006_lview_f007200.jpg,1
20260616_010704_GMTYRC_chunk_006_lview_f007260.jpg,1
20260616_010704_GMTYRC_chunk_006_lview_f007290.jpg,1
20260616_010704_GMTYRC_chunk_006_lview_f007320.jpg,1
20260616_010704_GMTYRC_chunk_006_lview_f007380.jpg,1
20260616_010704_GMTYRC_chunk_006_lview_f007410.jpg,1
20260616_010704_GMTYRC_chunk_006_lview_f007440.jpg,1
20260616_010704_GMTYRC_chunk_006_lview_f007470.jpg,1
20260616_010704_GMTYRC_chunk_006_lview_f007560.jpg,1
20260616_010704_GMTYRC_chunk_006_lview_f007590.jpg,1
20260616_010704_GMTYRC_chunk_006_lview_f007620.jpg,1
20260616_010704_GMTYRC_chunk_006_lview_f007650.jpg,1
20260616_010704_GMTYRC_chunk_006_lview_f007680.jpg,1
20260616_010704_GMTYRC_chunk_006_lview_f007740.jpg,1
20260616_010704_GMTYRC_chunk_006_lview_f007770.jpg,1
20260616_010704_GMTYRC_chunk_006_lview_f007800.jpg,1
20260616_010704_GMTYRC_chunk_006_lview_f007830.jpg,1
20260616_010704_GMTYRC_chunk_006_lview_f007890.jpg,1
20260616_010704_GMTYRC_chunk_006_lview_f008130.jpg,1
20260616_010704_GMTYRC_chunk_006_lview_f008160.jpg,1
20260616_010704_GMTYRC_chunk_006_lview_f008190.jpg,1
20260616_010704_GMTYRC_chunk_006_lview_f008220.jpg,1
20260616_010704_GMTYRC_chunk_006_lview_f008310.jpg,1
20260616_010704_GMTYRC_chunk_006_lview_f008400.jpg,1
20260616_010704_GMTYRC_chunk_006_lview_f008430.jpg,1
20260616_010704_GMTYRC_chunk_006_lview_f008460.jpg,1
20260616_010704_GMTYRC_chunk_006_lview_f008550.jpg,1
20260616_010704_GMTYRC_chunk_006_lview_f008580.jpg,1
20260616_010704_GMTYRC_chunk_006_lview_f008610.jpg,1
20260616_010704_GMTYRC_chunk_006_lview_f008670.jpg,1
20260616_010704_GMTYRC_chunk_006_lview_f008700.jpg,1
20260616_010704_GMTYRC_chunk_006_lview_f008910.jpg,1
20260616_010704_GMTYRC_chunk_006_lview_f008940.jpg,1
20260616_010704_GMTYRC_chunk_006_lview_f008970.jpg,1
20260616_010704_GMTYRC_chunk_006_lview_f009090.jpg,1
20260616_010704_GMTYRC_chunk_006_lview_f009270.jpg,1
20260616_010704_GMTYRC_chunk_006_lview_f009510.jpg,1
20260616_010704_GMTYRC_chunk_006_lview_f009570.jpg,1
20260616_010704_GMTYRC_chunk_006_lview_f009690.jpg,1
20260616_010704_GMTYRC_chunk_006_lview_f009990.jpg,1
20260616_010704_GMTYRC_chunk_006_rview_f000030.jpg,1
20260616_010704_GMTYRC_chunk_006_rview_f000210.jpg,1
20260616_010704_GMTYRC_chunk_006_rview_f000270.jpg,1
20260616_010704_GMTYRC_chunk_006_rview_f000720.jpg,1
20260616_010704_GMTYRC_chunk_006_rview_f001380.jpg,1
20260616_010704_GMTYRC_chunk_006_rview_f001410.jpg,1
20260616_010704_GMTYRC_chunk_006_rview_f001590.jpg,1
20260616_010704_GMTYRC_chunk_006_rview_f002280.jpg,1
20260616_010704_GMTYRC_chunk_006_rview_f002880.jpg,1
20260616_010704_GMTYRC_chunk_006_rview_f002940.jpg,1
20260616_010704_GMTYRC_chunk_006_rview_f003000.jpg,1
20260616_010704_GMTYRC_chunk_006_rview_f003030.jpg,1
20260616_010704_GMTYRC_chunk_006_rview_f004440.jpg,1
20260616_010704_GMTYRC_chunk_006_rview_f004470.jpg,1
20260616_010704_GMTYRC_chunk_006_rview_f005640.jpg,1
20260616_010704_GMTYRC_chunk_006_rview_f005670.jpg,1
20260616_010704_GMTYRC_chunk_006_rview_f005700.jpg,1
20260616_010704_GMTYRC_chunk_006_rview_f005790.jpg,1
20260616_010704_GMTYRC_chunk_006_rview_f005820.jpg,1
20260616_010704_GMTYRC_chunk_006_rview_f005850.jpg,1
20260616_010704_GMTYRC_chunk_006_rview_f006360.jpg,1
20260616_010704_GMTYRC_chunk_006_rview_f006390.jpg,1
20260616_010704_GMTYRC_chunk_006_rview_f006420.jpg,1
20260616_010704_GMTYRC_chunk_006_rview_f006450.jpg,1
20260616_010704_GMTYRC_chunk_006_rview_f006480.jpg,1
20260616_010704_GMTYRC_chunk_006_rview_f006510.jpg,1
20260616_010704_GMTYRC_chunk_006_rview_f006570.jpg,1
20260616_010704_GMTYRC_chunk_006_rview_f006600.jpg,1
20260616_010704_GMTYRC_chunk_006_rview_f006630.jpg,1
20260616_010704_GMTYRC_chunk_006_rview_f006750.jpg,1
20260616_010704_GMTYRC_chunk_006_rview_f006780.jpg,1
20260616_010704_GMTYRC_chunk_006_rview_f006810.jpg,1
20260616_010704_GMTYRC_chunk_006_rview_f006840.jpg,1
20260616_010704_GMTYRC_chunk_006_rview_f006930.jpg,1
20260616_010704_GMTYRC_chunk_006_rview_f006990.jpg,1
20260616_010704_GMTYRC_chunk_006_rview_f007020.jpg,1
20260616_010704_GMTYRC_chunk_006_rview_f007110.jpg,1
20260616_010704_GMTYRC_chunk_006_rview_f007200.jpg,1
20260616_010704_GMTYRC_chunk_006_rview_f007230.jpg,1
20260616_010704_GMTYRC_chunk_006_rview_f007260.jpg,1
20260616_010704_GMTYRC_chunk_006_rview_f007290.jpg,1
20260616_010704_GMTYRC_chunk_006_rview_f007320.jpg,1
20260616_010704_GMTYRC_chunk_006_rview_f007350.jpg,1
20260616_010704_GMTYRC_chunk_006_rview_f007380.jpg,1
20260616_010704_GMTYRC_chunk_006_rview_f007410.jpg,1
20260616_010704_GMTYRC_chunk_006_rview_f007440.jpg,1
20260616_010704_GMTYRC_chunk_006_rview_f007470.jpg,1
20260616_010704_GMTYRC_chunk_006_rview_f007560.jpg,1
20260616_010704_GMTYRC_chunk_006_rview_f007590.jpg,1
20260616_010704_GMTYRC_chunk_006_rview_f007620.jpg,1
20260616_010704_GMTYRC_chunk_006_rview_f007650.jpg,1
20260616_010704_GMTYRC_chunk_006_rview_f007680.jpg,1
20260616_010704_GMTYRC_chunk_006_rview_f007740.jpg,1
20260616_010704_GMTYRC_chunk_006_rview_f007770.jpg,1
20260616_010704_GMTYRC_chunk_006_rview_f007800.jpg,1
20260616_010704_GMTYRC_chunk_006_rview_f007890.jpg,1
20260616_010704_GMTYRC_chunk_006_rview_f008130.jpg,1
20260616_010704_GMTYRC_chunk_006_rview_f008160.jpg,1
20260616_010704_GMTYRC_chunk_006_rview_f008190.jpg,1
20260616_010704_GMTYRC_chunk_006_rview_f008220.jpg,1
20260616_010704_GMTYRC_chunk_006_rview_f008250.jpg,1
20260616_010704_GMTYRC_chunk_006_rview_f008280.jpg,1
20260616_010704_GMTYRC_chunk_006_rview_f008310.jpg,1
20260616_010704_GMTYRC_chunk_006_rview_f008550.jpg,1
20260616_010704_GMTYRC_chunk_006_rview_f008700.jpg,1
20260616_010704_GMTYRC_chunk_006_rview_f008730.jpg,1
20260616_010704_GMTYRC_chunk_006_rview_f008760.jpg,1
20260616_010704_GMTYRC_chunk_006_rview_f008790.jpg,1
20260616_010704_GMTYRC_chunk_006_rview_f008820.jpg,1
20260616_010704_GMTYRC_chunk_006_rview_f008850.jpg,1
20260616_010704_GMTYRC_chunk_006_rview_f008880.jpg,1
20260616_010704_GMTYRC_chunk_006_rview_f008910.jpg,1
20260616_010704_GMTYRC_chunk_006_rview_f009090.jpg,1
20260616_010704_GMTYRC_chunk_006_rview_f009270.jpg,1
20260616_010704_GMTYRC_chunk_006_rview_f009300.jpg,1
20260616_010704_GMTYRC_chunk_006_rview_f009330.jpg,1
20260616_010704_GMTYRC_chunk_006_rview_f009360.jpg,1
20260616_010704_GMTYRC_chunk_006_rview_f009510.jpg,1
20260616_010704_GMTYRC_chunk_006_rview_f009540.jpg,1
20260616_010704_GMTYRC_chunk_006_rview_f009570.jpg,1
20260616_010704_GMTYRC_chunk_006_rview_f009600.jpg,1
20260616_010704_GMTYRC_chunk_006_rview_f009990.jpg,1
20260616_010704_GMTYRC_chunk_006_rview_f010170.jpg,1
20260616_014418_TPRQFT_007_f000375.jpg,1
20260616_014418_TPRQFT_007_f000975.jpg,1
20260616_014418_TPRQFT_007_f001350.jpg,1
20260616_014418_TPRQFT_007_f001425.jpg,1
20260616_014418_TPRQFT_007_f001785.jpg,1
20260616_014418_TPRQFT_007_f002520.jpg,1
20260616_014418_TPRQFT_007_f005370.jpg,1
20260616_014418_TPRQFT_007_f007305.jpg,1
20260616_014418_TPRQFT_007_f009900.jpg,1
20260616_014418_TPRQFT_007_f010695.jpg,1
20260616_014418_TPRQFT_010_f000000.jpg,1
20260616_014418_TPRQFT_010_f000090.jpg,1
20260616_014418_TPRQFT_010_f000450.jpg,1
20260616_014418_TPRQFT_010_f001170.jpg,1
20260616_014418_TPRQFT_010_f001290.jpg,1
20260616_014418_TPRQFT_010_f001740.jpg,1
20260616_014418_TPRQFT_010_f002010.jpg,1
20260616_014418_TPRQFT_010_f002415.jpg,1
20260616_014418_TPRQFT_010_f002640.jpg,1
20260616_014418_TPRQFT_010_f002775.jpg,1
20260616_014418_TPRQFT_010_f003315.jpg,1
20260616_014418_TPRQFT_010_f003375.jpg,1
20260616_014418_TPRQFT_010_f003600.jpg,1
20260616_014418_TPRQFT_010_f003810.jpg,1
20260616_014418_TPRQFT_010_f004230.jpg,1
20260616_014418_TPRQFT_010_f004695.jpg,1
20260616_014418_TPRQFT_010_f007530.jpg,1
20260616_014418_TPRQFT_010_f007815.jpg,1
20260616_014418_TPRQFT_021_f000270.jpg,1
20260616_014418_TPRQFT_021_f000330.jpg,1
20260616_014418_TPRQFT_021_f000645.jpg,1
20260616_014418_TPRQFT_021_f000975.jpg,1
20260616_014418_TPRQFT_021_f001035.jpg,1
20260616_014418_TPRQFT_021_f001095.jpg,1
20260616_014418_TPRQFT_021_f001185.jpg,1
20260616_014418_TPRQFT_021_f001275.jpg,1
20260616_014418_TPRQFT_021_f001470.jpg,1
20260616_014418_TPRQFT_021_f001575.jpg,1
20260616_014418_TPRQFT_021_f001635.jpg,1
20260616_014418_TPRQFT_021_f001920.jpg,1
20260616_014418_TPRQFT_021_f001980.jpg,1
20260616_014418_TPRQFT_021_f002040.jpg,1
20260616_014418_TPRQFT_021_f002490.jpg,1
20260616_014418_TPRQFT_021_f002835.jpg,1
20260616_014418_TPRQFT_021_f003075.jpg,1
20260616_014418_TPRQFT_021_f006450.jpg,1
20260616_014418_TPRQFT_021_f008895.jpg,1
20260616_053413_AWBAXL_002_f001290.jpg,1
20260616_053413_AWBAXL_002_f001350.jpg,1
20260616_053413_AWBAXL_002_f002325.jpg,1
20260616_053413_AWBAXL_002_f002775.jpg,1
20260616_053413_AWBAXL_002_f003585.jpg,1
20260616_053413_AWBAXL_002_f004140.jpg,1
20260616_053413_AWBAXL_002_f007545.jpg,1
20260616_053413_AWBAXL_002_f007605.jpg,1
20260616_053413_AWBAXL_002_f007665.jpg,1
20260616_053413_AWBAXL_002_f007725.jpg,1
20260616_053413_AWBAXL_002_f007845.jpg,1
20260616_053413_AWBAXL_002_f007920.jpg,1
20260616_053413_AWBAXL_002_f008055.jpg,1
20260616_053413_AWBAXL_002_f008130.jpg,1
20260616_053413_AWBAXL_002_f008295.jpg,1
20260616_053413_AWBAXL_002_f008355.jpg,1
20260616_053413_AWBAXL_002_f008415.jpg,1
20260616_053413_AWBAXL_002_f008535.jpg,1
20260616_053413_AWBAXL_002_f008610.jpg,1
20260616_053413_AWBAXL_002_f008730.jpg,1
20260616_053413_AWBAXL_002_f008805.jpg,1
20260616_053413_AWBAXL_002_f008865.jpg,1
20260616_053413_AWBAXL_002_f008925.jpg,1
20260616_053413_AWBAXL_002_f009105.jpg,1
20260616_053413_AWBAXL_002_f009195.jpg,1
20260616_053413_AWBAXL_002_f009435.jpg,1
20260616_053413_AWBAXL_002_f009510.jpg,1
20260616_053413_AWBAXL_002_f009600.jpg,1
20260616_053413_AWBAXL_002_f009705.jpg,1
20260616_053413_AWBAXL_002_f009840.jpg,1
20260616_053413_AWBAXL_002_f009900.jpg,1
20260616_053413_AWBAXL_002_f010035.jpg,1
20260616_053413_AWBAXL_002_f010095.jpg,1
20260616_053413_AWBAXL_002_f010230.jpg,1
20260616_053413_AWBAXL_002_f010290.jpg,1
20260616_053413_AWBAXL_002_f010395.jpg,1
20260616_053413_AWBAXL_002_f010485.jpg,1
20260616_053413_AWBAXL_002_f010560.jpg,1
20260616_053413_AWBAXL_002_f010680.jpg,1
20260616_053413_AWBAXL_002_f010785.jpg,1
20260616_053413_AWBAXL_004_f001020.jpg,1
20260616_053413_AWBAXL_004_f002415.jpg,1
20260616_053413_AWBAXL_004_f005370.jpg,1
20260616_053413_AWBAXL_004_f010260.jpg,1
20260616_053611_AANSAG_chunk_013_lview_f000780.jpg,1
20260616_053611_AANSAG_chunk_013_lview_f000870.jpg,1
20260616_053611_AANSAG_chunk_013_lview_f000900.jpg,1
20260616_053611_AANSAG_chunk_013_rview_f000150.jpg,1
20260616_053611_AANSAG_chunk_013_rview_f000180.jpg,1
20260616_053611_AANSAG_chunk_013_rview_f000660.jpg,1
20260616_053611_AANSAG_chunk_013_rview_f000690.jpg,1
20260616_053611_AANSAG_chunk_013_rview_f000720.jpg,1
20260616_053611_AANSAG_chunk_013_rview_f000780.jpg,1
20260616_053611_AANSAG_chunk_013_rview_f000810.jpg,1
20260616_053611_AANSAG_chunk_013_rview_f000840.jpg,1
20260616_053611_AANSAG_chunk_013_rview_f000870.jpg,1
20260616_053611_AANSAG_chunk_013_rview_f000900.jpg,1
20260616_053611_AANSAG_chunk_013_rview_f001920.jpg,1
20260616_053611_AANSAG_chunk_013_rview_f001950.jpg,1
20260616_053611_AANSAG_chunk_013_rview_f001980.jpg,1
20260616_053611_AANSAG_chunk_013_rview_f002010.jpg,1
20260616_053611_AANSAG_chunk_013_rview_f002040.jpg,1
20260616_053611_AANSAG_chunk_013_rview_f002070.jpg,1
20260616_053611_AANSAG_chunk_013_rview_f002100.jpg,1
20260616_053611_AANSAG_chunk_013_rview_f009480.jpg,1
20260616_053611_AANSAG_chunk_013_rview_f010020.jpg,1
20260616_060031_VKJSJC_chunk_020_lview_f000960.jpg,1
20260616_060031_VKJSJC_chunk_020_lview_f000990.jpg,1
20260616_060031_VKJSJC_chunk_020_lview_f007770.jpg,1
20260616_060031_VKJSJC_chunk_020_lview_f008580.jpg,1
20260616_060031_VKJSJC_chunk_020_rview_f000990.jpg,1
20260616_060031_VKJSJC_chunk_020_rview_f002310.jpg,1
20260616_060031_VKJSJC_chunk_020_rview_f008580.jpg,1
20260616_060320_GYKZXU_chunk_010_lview_f001680.jpg,1
20260616_060320_GYKZXU_chunk_010_lview_f001710.jpg,1
20260616_060320_GYKZXU_chunk_010_lview_f002850.jpg,1
20260616_060320_GYKZXU_chunk_010_lview_f003120.jpg,1
20260616_060320_GYKZXU_chunk_010_lview_f006330.jpg,1
20260616_060320_GYKZXU_chunk_010_lview_f007200.jpg,1
20260616_060320_GYKZXU_chunk_010_lview_f008550.jpg,1
20260616_060320_GYKZXU_chunk_010_lview_f009090.jpg,1
20260616_060320_GYKZXU_chunk_010_rview_f000900.jpg,1
20260616_060320_GYKZXU_chunk_010_rview_f001440.jpg,1
20260616_060320_GYKZXU_chunk_010_rview_f001500.jpg,1
20260616_060320_GYKZXU_chunk_010_rview_f001590.jpg,1
20260616_060320_GYKZXU_chunk_010_rview_f002820.jpg,1
20260616_060320_GYKZXU_chunk_010_rview_f002850.jpg,1
20260616_060320_GYKZXU_chunk_010_rview_f007200.jpg,1
20260616_063722_JZQPKD_000_f003180.jpg,1
20260616_063722_JZQPKD_000_f003645.jpg,1
20260616_063722_JZQPKD_000_f005160.jpg,1
20260616_063722_JZQPKD_000_f005280.jpg,1
20260616_063722_JZQPKD_000_f005340.jpg,1
20260616_063722_JZQPKD_000_f005595.jpg,1
20260616_063722_JZQPKD_000_f005985.jpg,1
20260616_063722_JZQPKD_000_f006345.jpg,1
20260616_063722_JZQPKD_000_f006510.jpg,1
20260616_063722_JZQPKD_000_f006570.jpg,1
20260616_063722_JZQPKD_000_f006660.jpg,1
20260616_063722_JZQPKD_000_f006885.jpg,1
20260616_063722_JZQPKD_000_f008655.jpg,1
20260616_063722_JZQPKD_001_f003135.jpg,1
20260616_063722_JZQPKD_001_f004530.jpg,1
20260616_063722_JZQPKD_001_f004605.jpg,1
20260616_063722_JZQPKD_002_f000795.jpg,1
20260616_073821_GCBAZJ_002_f000120.jpg,1
20260616_073821_GCBAZJ_002_f000225.jpg,1
20260616_073821_GCBAZJ_002_f000345.jpg,1
20260616_073821_GCBAZJ_002_f000585.jpg,1
20260616_073821_GCBAZJ_002_f000735.jpg,1
20260616_073821_GCBAZJ_002_f002175.jpg,1
20260616_073821_GCBAZJ_002_f002250.jpg,1
20260616_073821_GCBAZJ_002_f006720.jpg,1
20260616_073821_GCBAZJ_002_f007170.jpg,1
20260616_073821_GCBAZJ_002_f008085.jpg,1
20260616_073821_GCBAZJ_002_f008160.jpg,1
20260616_073821_GCBAZJ_002_f008250.jpg,1
20260616_073821_GCBAZJ_002_f009900.jpg,1
20260616_073821_GCBAZJ_002_f010170.jpg,1
20260616_073821_GCBAZJ_002_f010500.jpg,1
20260616_073821_GCBAZJ_002_f010650.jpg,1
20260616_073821_GCBAZJ_005_f000000.jpg,1
20260616_073821_GCBAZJ_005_f000135.jpg,1
20260616_073821_GCBAZJ_005_f000225.jpg,1
20260616_073821_GCBAZJ_005_f000285.jpg,1
20260616_073821_GCBAZJ_005_f000360.jpg,1
20260616_073821_GCBAZJ_005_f000420.jpg,1
20260616_073821_GCBAZJ_005_f000825.jpg,1
20260616_073821_GCBAZJ_005_f002025.jpg,1
20260616_073821_GCBAZJ_005_f002085.jpg,1
20260616_073821_GCBAZJ_005_f002280.jpg,1
20260616_073821_GCBAZJ_005_f002730.jpg,1
20260616_073821_GCBAZJ_005_f002805.jpg,1
20260616_073821_GCBAZJ_005_f002880.jpg,1
20260616_073821_GCBAZJ_005_f002970.jpg,1
20260616_073821_GCBAZJ_005_f003555.jpg,1
20260616_073821_GCBAZJ_005_f003840.jpg,1
20260616_073821_GCBAZJ_005_f004545.jpg,1
20260616_073821_GCBAZJ_005_f005880.jpg,1
20260616_073821_GCBAZJ_005_f006465.jpg,1
20260616_073821_GCBAZJ_005_f006675.jpg,1
20260616_073821_GCBAZJ_005_f008055.jpg,1
20260616_073821_GCBAZJ_005_f008115.jpg,1
20260616_073821_GCBAZJ_005_f008580.jpg,1
20260616_073821_GCBAZJ_005_f008715.jpg,1
20260616_073821_GCBAZJ_005_f008805.jpg,1
20260616_073821_GCBAZJ_005_f008865.jpg,1
20260616_073821_GCBAZJ_005_f009120.jpg,1
20260616_073821_GCBAZJ_005_f009735.jpg,1
20260616_073821_GCBAZJ_005_f009795.jpg,1
20260616_073821_GCBAZJ_005_f009855.jpg,1
20260616_073821_GCBAZJ_005_f010050.jpg,1
20260616_073821_GCBAZJ_005_f010335.jpg,1
20260616_073821_GCBAZJ_015_f000075.jpg,1
20260616_073821_GCBAZJ_015_f000690.jpg,1
20260616_073821_GCBAZJ_015_f001020.jpg,1
20260616_073821_GCBAZJ_015_f001080.jpg,1
20260616_073821_GCBAZJ_015_f001350.jpg,1
20260616_073821_GCBAZJ_015_f002385.jpg,1
20260616_073821_GCBAZJ_015_f003270.jpg,1
20260616_073821_GCBAZJ_015_f003345.jpg,1
20260616_073821_GCBAZJ_015_f003525.jpg,1
20260616_073821_GCBAZJ_015_f007350.jpg,1
20260616_073821_GCBAZJ_015_f008610.jpg,1
20260616_073821_GCBAZJ_015_f010275.jpg,1
20260617_001732_MMHXQD_028_f003330.jpg,1
20260617_001732_MMHXQD_028_f006990.jpg,1
20260617_003448_TVUTDR_004_f000135.jpg,1
20260617_003448_TVUTDR_004_f000270.jpg,1
20260617_003448_TVUTDR_004_f000330.jpg,1
20260617_003448_TVUTDR_004_f001440.jpg,1
20260617_003448_TVUTDR_010_f000270.jpg,1
20260617_003448_TVUTDR_010_f000600.jpg,1
20260617_003448_TVUTDR_010_f008130.jpg,1
20260617_003448_TVUTDR_010_f008220.jpg,1
20260617_003448_TVUTDR_010_f008370.jpg,1
20260617_003448_TVUTDR_010_f008520.jpg,1
20260617_003448_TVUTDR_010_f008670.jpg,1
20260617_004648_XJRTVQ_chunk_013_lview_f000570.jpg,1
20260617_004648_XJRTVQ_chunk_013_lview_f000600.jpg,1
20260617_004648_XJRTVQ_chunk_013_lview_f002610.jpg,1
20260617_004648_XJRTVQ_chunk_013_lview_f002700.jpg,1
20260617_004648_XJRTVQ_chunk_013_lview_f003480.jpg,1
20260617_004648_XJRTVQ_chunk_013_lview_f003900.jpg,1
20260617_004648_XJRTVQ_chunk_013_lview_f003960.jpg,1
20260617_004648_XJRTVQ_chunk_013_lview_f004050.jpg,1
20260617_004648_XJRTVQ_chunk_013_lview_f004350.jpg,1
20260617_004648_XJRTVQ_chunk_013_lview_f005400.jpg,1
20260617_004648_XJRTVQ_chunk_013_lview_f005460.jpg,1
20260617_004648_XJRTVQ_chunk_013_lview_f005700.jpg,1
20260617_004648_XJRTVQ_chunk_013_lview_f005730.jpg,1
20260617_004648_XJRTVQ_chunk_013_lview_f005760.jpg,1
20260617_004648_XJRTVQ_chunk_013_lview_f005790.jpg,1
20260617_004648_XJRTVQ_chunk_013_lview_f005820.jpg,1
20260617_004648_XJRTVQ_chunk_013_lview_f005850.jpg,1
20260617_004648_XJRTVQ_chunk_013_lview_f005940.jpg,1
20260617_004648_XJRTVQ_chunk_013_lview_f006000.jpg,1
20260617_004648_XJRTVQ_chunk_013_lview_f006060.jpg,1
20260617_004648_XJRTVQ_chunk_013_lview_f006270.jpg,1
20260617_004648_XJRTVQ_chunk_013_lview_f006690.jpg,1
20260617_004648_XJRTVQ_chunk_013_lview_f006840.jpg,1
20260617_004648_XJRTVQ_chunk_013_lview_f007050.jpg,1
20260617_004648_XJRTVQ_chunk_013_lview_f007080.jpg,1
20260617_004648_XJRTVQ_chunk_013_lview_f007170.jpg,1
20260617_004648_XJRTVQ_chunk_013_lview_f007290.jpg,1
20260617_004648_XJRTVQ_chunk_013_lview_f007500.jpg,1
20260617_004648_XJRTVQ_chunk_013_lview_f008400.jpg,1
20260617_004648_XJRTVQ_chunk_013_lview_f008790.jpg,1
20260617_004648_XJRTVQ_chunk_013_lview_f008820.jpg,1
20260617_004648_XJRTVQ_chunk_013_lview_f009180.jpg,1
20260617_004648_XJRTVQ_chunk_013_lview_f009420.jpg,1
20260617_004648_XJRTVQ_chunk_013_lview_f009450.jpg,1
20260617_004648_XJRTVQ_chunk_013_lview_f009480.jpg,1
20260617_004648_XJRTVQ_chunk_013_lview_f009510.jpg,1
20260617_004648_XJRTVQ_chunk_013_lview_f009540.jpg,1
20260617_004648_XJRTVQ_chunk_013_lview_f009570.jpg,1
20260617_004648_XJRTVQ_chunk_013_lview_f009630.jpg,1
20260617_004648_XJRTVQ_chunk_013_lview_f009750.jpg,1
20260617_004648_XJRTVQ_chunk_013_lview_f009900.jpg,1
20260617_004648_XJRTVQ_chunk_013_lview_f009930.jpg,1
20260617_004648_XJRTVQ_chunk_013_lview_f009990.jpg,1
20260617_004648_XJRTVQ_chunk_013_lview_f010440.jpg,1
20260617_004648_XJRTVQ_chunk_013_lview_f010470.jpg,1
20260617_004648_XJRTVQ_chunk_013_rview_f000540.jpg,1
20260617_004648_XJRTVQ_chunk_013_rview_f000570.jpg,1
20260617_004648_XJRTVQ_chunk_013_rview_f000600.jpg,1
20260617_004648_XJRTVQ_chunk_013_rview_f002580.jpg,1
20260617_004648_XJRTVQ_chunk_013_rview_f002610.jpg,1
20260617_004648_XJRTVQ_chunk_013_rview_f002700.jpg,1
20260617_004648_XJRTVQ_chunk_013_rview_f003030.jpg,1
20260617_004648_XJRTVQ_chunk_013_rview_f003060.jpg,1
20260617_004648_XJRTVQ_chunk_013_rview_f003090.jpg,1
20260617_004648_XJRTVQ_chunk_013_rview_f003270.jpg,1
20260617_004648_XJRTVQ_chunk_013_rview_f003330.jpg,1
20260617_004648_XJRTVQ_chunk_013_rview_f003540.jpg,1
20260617_004648_XJRTVQ_chunk_013_rview_f004050.jpg,1
20260617_004648_XJRTVQ_chunk_013_rview_f004170.jpg,1
20260617_004648_XJRTVQ_chunk_013_rview_f004230.jpg,1
20260617_004648_XJRTVQ_chunk_013_rview_f004260.jpg,1
20260617_004648_XJRTVQ_chunk_013_rview_f004680.jpg,1
20260617_004648_XJRTVQ_chunk_013_rview_f004710.jpg,1
20260617_004648_XJRTVQ_chunk_013_rview_f004800.jpg,1
20260617_004648_XJRTVQ_chunk_013_rview_f004830.jpg,1
20260617_004648_XJRTVQ_chunk_013_rview_f004890.jpg,1
20260617_004648_XJRTVQ_chunk_013_rview_f004920.jpg,1
20260617_004648_XJRTVQ_chunk_013_rview_f005100.jpg,1
20260617_004648_XJRTVQ_chunk_013_rview_f005160.jpg,1
20260617_004648_XJRTVQ_chunk_013_rview_f005250.jpg,1
20260617_004648_XJRTVQ_chunk_013_rview_f005400.jpg,1
20260617_004648_XJRTVQ_chunk_013_rview_f005460.jpg,1
20260617_004648_XJRTVQ_chunk_013_rview_f005490.jpg,1
20260617_004648_XJRTVQ_chunk_013_rview_f005760.jpg,1
20260617_004648_XJRTVQ_chunk_013_rview_f005790.jpg,1
20260617_004648_XJRTVQ_chunk_013_rview_f005820.jpg,1
20260617_004648_XJRTVQ_chunk_013_rview_f005970.jpg,1
20260617_004648_XJRTVQ_chunk_013_rview_f006030.jpg,1
20260617_004648_XJRTVQ_chunk_013_rview_f006150.jpg,1
20260617_004648_XJRTVQ_chunk_013_rview_f006210.jpg,1
20260617_004648_XJRTVQ_chunk_013_rview_f006240.jpg,1
20260617_004648_XJRTVQ_chunk_013_rview_f006270.jpg,1
20260617_004648_XJRTVQ_chunk_013_rview_f006300.jpg,1
20260617_004648_XJRTVQ_chunk_013_rview_f006330.jpg,1
20260617_004648_XJRTVQ_chunk_013_rview_f006390.jpg,1
20260617_004648_XJRTVQ_chunk_013_rview_f006420.jpg,1
20260617_004648_XJRTVQ_chunk_013_rview_f006450.jpg,1
20260617_004648_XJRTVQ_chunk_013_rview_f006540.jpg,1
20260617_004648_XJRTVQ_chunk_013_rview_f006600.jpg,1
20260617_004648_XJRTVQ_chunk_013_rview_f006660.jpg,1
20260617_004648_XJRTVQ_chunk_013_rview_f006720.jpg,1
20260617_004648_XJRTVQ_chunk_013_rview_f006750.jpg,1
20260617_004648_XJRTVQ_chunk_013_rview_f006840.jpg,1
20260617_004648_XJRTVQ_chunk_013_rview_f007140.jpg,1
20260617_004648_XJRTVQ_chunk_013_rview_f007200.jpg,1
20260617_004648_XJRTVQ_chunk_013_rview_f007230.jpg,1
20260617_004648_XJRTVQ_chunk_013_rview_f007320.jpg,1
20260617_004648_XJRTVQ_chunk_013_rview_f007440.jpg,1
20260617_004648_XJRTVQ_chunk_013_rview_f007500.jpg,1
20260617_004648_XJRTVQ_chunk_013_rview_f007710.jpg,1
20260617_004648_XJRTVQ_chunk_013_rview_f007740.jpg,1
20260617_004648_XJRTVQ_chunk_013_rview_f007770.jpg,1
20260617_004648_XJRTVQ_chunk_013_rview_f007800.jpg,1
20260617_004648_XJRTVQ_chunk_013_rview_f008880.jpg,1
20260617_004648_XJRTVQ_chunk_013_rview_f009090.jpg,1
20260617_004648_XJRTVQ_chunk_013_rview_f009120.jpg,1
20260617_004648_XJRTVQ_chunk_013_rview_f009330.jpg,1
20260617_004648_XJRTVQ_chunk_013_rview_f009420.jpg,1
20260617_004648_XJRTVQ_chunk_013_rview_f009450.jpg,1
20260617_004648_XJRTVQ_chunk_013_rview_f009480.jpg,1
20260617_004648_XJRTVQ_chunk_013_rview_f009510.jpg,1
20260617_004648_XJRTVQ_chunk_013_rview_f009540.jpg,1
20260617_004648_XJRTVQ_chunk_013_rview_f009930.jpg,1
20260617_004648_XJRTVQ_chunk_013_rview_f010050.jpg,1
20260617_004648_XJRTVQ_chunk_013_rview_f010320.jpg,1
20260617_004648_XJRTVQ_chunk_013_rview_f010350.jpg,1
20260617_004648_XJRTVQ_chunk_013_rview_f010470.jpg,1
20260617_004724_RBYPFR_005_f000645.jpg,1
20260617_004724_RBYPFR_005_f000795.jpg,1
20260617_004724_RBYPFR_005_f001005.jpg,1
20260617_004724_RBYPFR_005_f001470.jpg,1
20260617_004724_RBYPFR_005_f001635.jpg,1
20260617_004724_RBYPFR_005_f001830.jpg,1
20260617_004724_RBYPFR_005_f001995.jpg,1
20260617_004724_RBYPFR_005_f002505.jpg,1
20260617_004724_RBYPFR_005_f002685.jpg,1
20260617_004724_RBYPFR_005_f002880.jpg,1
20260617_004724_RBYPFR_005_f004665.jpg,1
20260617_004724_RBYPFR_005_f004950.jpg,1
20260617_004724_RBYPFR_005_f005370.jpg,1
20260617_004724_RBYPFR_005_f005550.jpg,1
20260617_004724_RBYPFR_005_f005625.jpg,1
20260617_004724_RBYPFR_005_f005685.jpg,1
20260617_004724_RBYPFR_005_f005790.jpg,1
20260617_004724_RBYPFR_005_f005850.jpg,1
20260617_004724_RBYPFR_005_f005910.jpg,1
20260617_004724_RBYPFR_005_f005970.jpg,1
20260617_004724_RBYPFR_005_f006030.jpg,1
20260617_004724_RBYPFR_005_f006120.jpg,1
20260617_004724_RBYPFR_005_f006210.jpg,1
20260617_004724_RBYPFR_005_f006285.jpg,1
20260617_004724_RBYPFR_005_f006360.jpg,1
20260617_004724_RBYPFR_005_f006420.jpg,1
20260617_004724_RBYPFR_005_f006705.jpg,1
20260617_004724_RBYPFR_005_f006975.jpg,1
20260617_004724_RBYPFR_005_f007095.jpg,1
20260617_004724_RBYPFR_005_f007200.jpg,1
20260617_004724_RBYPFR_005_f007350.jpg,1
20260617_004724_RBYPFR_005_f007815.jpg,1
20260617_004724_RBYPFR_005_f007995.jpg,1
20260617_004724_RBYPFR_005_f008220.jpg,1
20260617_004724_RBYPFR_005_f008775.jpg,1
20260617_004724_RBYPFR_005_f009480.jpg,1
20260617_004724_RBYPFR_005_f009540.jpg,1
20260617_004724_RBYPFR_005_f009630.jpg,1
20260617_004724_RBYPFR_005_f009690.jpg,1
20260617_004724_RBYPFR_005_f009990.jpg,1
20260617_004724_RBYPFR_009_f000015.jpg,1
20260617_004724_RBYPFR_009_f000225.jpg,1
20260617_004724_RBYPFR_009_f002400.jpg,1
20260617_004724_RBYPFR_009_f002985.jpg,1
20260617_004724_RBYPFR_009_f003435.jpg,1
20260617_004724_RBYPFR_009_f003750.jpg,1
20260617_004724_RBYPFR_009_f003930.jpg,1
20260617_004724_RBYPFR_009_f004620.jpg,1
20260617_004724_RBYPFR_009_f004875.jpg,1
20260617_004724_RBYPFR_009_f005205.jpg,1
20260617_004724_RBYPFR_009_f005370.jpg,1
20260617_004724_RBYPFR_009_f005640.jpg,1
20260617_004724_RBYPFR_009_f005745.jpg,1
20260617_004724_RBYPFR_009_f006165.jpg,1
20260617_004724_RBYPFR_009_f007005.jpg,1
20260617_004724_RBYPFR_009_f010260.jpg,1
20260617_004724_RBYPFR_009_f010410.jpg,1
20260617_004724_RBYPFR_009_f010560.jpg,1
20260617_030814_UBCJLS_003_f000525.jpg,1
20260617_030814_UBCJLS_003_f000615.jpg,1
20260617_030814_UBCJLS_003_f000765.jpg,1
20260617_030814_UBCJLS_003_f001545.jpg,1
20260617_030814_UBCJLS_003_f004545.jpg,1
20260617_030814_UBCJLS_048_f000000.jpg,1
20260617_030814_UBCJLS_048_f000810.jpg,1
20260617_031306_XUCVYQ_000_f000180.jpg,1
20260617_031306_XUCVYQ_000_f000240.jpg,1
20260617_031306_XUCVYQ_000_f000300.jpg,1
20260617_031306_XUCVYQ_000_f000360.jpg,1
20260617_031306_XUCVYQ_000_f000420.jpg,1
20260617_031306_XUCVYQ_000_f000495.jpg,1
20260617_031306_XUCVYQ_000_f003630.jpg,1
20260617_031306_XUCVYQ_047_f000015.jpg,1
20260617_031306_XUCVYQ_047_f000090.jpg,1
20260617_031306_XUCVYQ_047_f000150.jpg,1
20260617_031306_XUCVYQ_047_f000795.jpg,1
20260617_031306_XUCVYQ_047_f001335.jpg,1
20260617_031306_XUCVYQ_047_f001410.jpg,1
20260617_031306_XUCVYQ_047_f002070.jpg,1
20260617_031306_XUCVYQ_047_f002325.jpg,1
20260617_031306_XUCVYQ_047_f008400.jpg,1
20260617_031624_FAMPYG_005_f000150.jpg,1
20260617_031624_FAMPYG_005_f004560.jpg,1
20260617_031624_FAMPYG_045_f003300.jpg,1
20260617_104756_YJXVCC_000_f000075.jpg,1
20260617_104756_YJXVCC_000_f002550.jpg,1
20260617_104756_YJXVCC_000_f002610.jpg,1
20260617_104756_YJXVCC_000_f004455.jpg,1
20260617_104756_YJXVCC_000_f004515.jpg,1
20260617_104756_YJXVCC_000_f004635.jpg,1
20260617_104756_YJXVCC_000_f005040.jpg,1
20260617_104756_YJXVCC_000_f005100.jpg,1
20260617_104756_YJXVCC_000_f005400.jpg,1
20260617_104756_YJXVCC_000_f005535.jpg,1
20260617_104756_YJXVCC_000_f007770.jpg,1
20260617_104756_YJXVCC_000_f010605.jpg,1
20260617_104756_YJXVCC_010_f000915.jpg,1
20260617_104756_YJXVCC_010_f000975.jpg,1
20260617_104756_YJXVCC_010_f002760.jpg,1
20260617_104756_YJXVCC_010_f003690.jpg,1
20260617_104756_YJXVCC_010_f003780.jpg,1
20260617_104756_YJXVCC_010_f003840.jpg,1
20260617_104756_YJXVCC_010_f003900.jpg,1
20260617_104756_YJXVCC_010_f004005.jpg,1
20260617_104756_YJXVCC_010_f004080.jpg,1
20260617_104756_YJXVCC_010_f004335.jpg,1
20260617_104756_YJXVCC_010_f006465.jpg,1
20260617_104756_YJXVCC_010_f007560.jpg,1
20260617_104756_YJXVCC_010_f007710.jpg,1
20260617_104756_YJXVCC_010_f008295.jpg,1
20260617_104756_YJXVCC_010_f008355.jpg,1
20260617_104756_YJXVCC_010_f008430.jpg,1
20260617_104756_YJXVCC_010_f008550.jpg,1
20260617_104756_YJXVCC_010_f009615.jpg,1
20260617_104756_YJXVCC_010_f009675.jpg,1
20260617_104756_YJXVCC_010_f010230.jpg,1
20260617_104756_YJXVCC_010_f010305.jpg,1
20260617_104756_YJXVCC_010_f010365.jpg,1
20260617_104756_YJXVCC_016_f000255.jpg,1
20260617_104756_YJXVCC_016_f000315.jpg,1
20260617_104756_YJXVCC_016_f000570.jpg,1
20260617_104756_YJXVCC_016_f000630.jpg,1
20260617_104756_YJXVCC_016_f000705.jpg,1
20260617_104756_YJXVCC_016_f001020.jpg,1
20260617_104756_YJXVCC_016_f001320.jpg,1
20260617_104756_YJXVCC_016_f002385.jpg,1
20260617_104756_YJXVCC_016_f002535.jpg,1
20260617_104756_YJXVCC_016_f002745.jpg,1
20260617_104756_YJXVCC_016_f003000.jpg,1
20260617_104756_YJXVCC_016_f003345.jpg,1
20260617_104756_YJXVCC_016_f003765.jpg,1
20260617_104756_YJXVCC_016_f004020.jpg,1
20260617_104756_YJXVCC_016_f004080.jpg,1
20260617_104756_YJXVCC_016_f006300.jpg,1
20260617_104756_YJXVCC_016_f006480.jpg,1
20260617_104756_YJXVCC_016_f006750.jpg,1
20260617_104756_YJXVCC_016_f006930.jpg,1
20260617_104756_YJXVCC_016_f007215.jpg,1
20260617_104756_YJXVCC_016_f007320.jpg,1
20260617_104756_YJXVCC_016_f007500.jpg,1
20260617_104756_YJXVCC_016_f008565.jpg,1
20260617_104756_YJXVCC_016_f009360.jpg,1
20260617_104756_YJXVCC_016_f010395.jpg,1
20260617_104756_YJXVCC_016_f010665.jpg,1
20260618_003254_PAFFUV_018_f000015.jpg,1
20260618_003254_PAFFUV_018_f000930.jpg,1
20260618_003254_PAFFUV_018_f002910.jpg,1
20260618_003254_PAFFUV_018_f003465.jpg,1
20260618_003254_PAFFUV_018_f003945.jpg,1
20260618_003254_PAFFUV_018_f004230.jpg,1
20260618_003254_PAFFUV_018_f005025.jpg,1
20260618_003254_PAFFUV_018_f005355.jpg,1
20260618_003254_PAFFUV_018_f006585.jpg,1
20260618_003254_PAFFUV_018_f007485.jpg,1
20260618_003254_PAFFUV_018_f007635.jpg,1
20260618_003254_PAFFUV_018_f008055.jpg,1
20260618_003254_PAFFUV_032_f000090.jpg,1
20260618_003254_PAFFUV_032_f000240.jpg,1
20260618_003254_PAFFUV_032_f000330.jpg,1
20260618_003254_PAFFUV_032_f000540.jpg,1
20260618_051911_FPDWLE_008_f000090.jpg,1
20260618_051911_FPDWLE_008_f002325.jpg,1
20260618_051911_FPDWLE_008_f002385.jpg,1
20260618_051911_FPDWLE_008_f002910.jpg,1
20260618_051911_FPDWLE_008_f006720.jpg,1
20260618_051911_FPDWLE_034_f000690.jpg,1
20260618_051911_FPDWLE_034_f001335.jpg,1
20260618_051911_FPDWLE_034_f002265.jpg,1
20260618_051911_FPDWLE_034_f002655.jpg,1
20260618_051911_FPDWLE_034_f003525.jpg,1
20260618_051911_FPDWLE_034_f003780.jpg,1
20260618_051911_FPDWLE_034_f003900.jpg,1
20260618_051911_FPDWLE_034_f004020.jpg,1
20260618_051911_FPDWLE_034_f004080.jpg,1
20260618_051911_FPDWLE_034_f004365.jpg,1
20260618_051911_FPDWLE_034_f004455.jpg,1
20260618_051911_FPDWLE_034_f004710.jpg,1
20260618_051911_FPDWLE_034_f004800.jpg,1
20260618_051911_FPDWLE_034_f005370.jpg,1
20260618_051911_FPDWLE_034_f005430.jpg,1
20260618_051911_FPDWLE_034_f005580.jpg,1
20260618_053612_WDLNWX_010_f000675.jpg,1
20260618_053612_WDLNWX_010_f001335.jpg,1
20260618_053612_WDLNWX_010_f002730.jpg,1
20260618_053612_WDLNWX_010_f002790.jpg,1
20260618_053612_WDLNWX_010_f004695.jpg,1
20260618_053612_WDLNWX_010_f005385.jpg,1
20260618_053612_WDLNWX_010_f005475.jpg,1
20260618_053612_WDLNWX_010_f005895.jpg,1
20260618_053612_WDLNWX_010_f006825.jpg,1
20260618_053612_WDLNWX_010_f006885.jpg,1
20260618_053612_WDLNWX_010_f007290.jpg,1
20260618_053612_WDLNWX_010_f010230.jpg,1
20260618_053612_WDLNWX_013_f000090.jpg,1
20260618_053612_WDLNWX_013_f000570.jpg,1
20260618_053612_WDLNWX_013_f000750.jpg,1
20260618_053612_WDLNWX_013_f001155.jpg,1
20260618_053612_WDLNWX_013_f001215.jpg,1
20260618_053612_WDLNWX_013_f001275.jpg,1
20260618_053612_WDLNWX_013_f001350.jpg,1
20260618_053612_WDLNWX_013_f001410.jpg,1
20260618_053612_WDLNWX_013_f001500.jpg,1
20260618_053612_WDLNWX_013_f001710.jpg,1
20260618_053612_WDLNWX_013_f001770.jpg,1
20260618_053612_WDLNWX_013_f001860.jpg,1
20260618_053612_WDLNWX_013_f001920.jpg,1
20260618_053612_WDLNWX_013_f002175.jpg,1
20260618_053612_WDLNWX_013_f002655.jpg,1
20260618_053612_WDLNWX_013_f003225.jpg,1
20260618_053612_WDLNWX_013_f003465.jpg,1
20260618_053612_WDLNWX_013_f003570.jpg,1
20260618_053612_WDLNWX_013_f003825.jpg,1
20260618_053612_WDLNWX_013_f004410.jpg,1
20260618_053612_WDLNWX_013_f005400.jpg,1
20260618_053612_WDLNWX_013_f005475.jpg,1
20260618_053612_WDLNWX_013_f005715.jpg,1
20260618_053612_WDLNWX_013_f006615.jpg,1
20260618_053612_WDLNWX_013_f007695.jpg,1
20260618_053612_WDLNWX_013_f007815.jpg,1
20260618_053612_WDLNWX_013_f008100.jpg,1
20260618_053612_WDLNWX_013_f009030.jpg,1
20260618_054015_NSMNUU_022_f000570.jpg,1
20260618_054015_NSMNUU_022_f000630.jpg,1
20260618_054015_NSMNUU_022_f000780.jpg,1
20260618_054015_NSMNUU_022_f000990.jpg,1
20260618_054015_NSMNUU_022_f001065.jpg,1
20260618_054015_NSMNUU_022_f001170.jpg,1
20260618_054015_NSMNUU_022_f001350.jpg,1
20260618_054015_NSMNUU_022_f001410.jpg,1
20260618_054015_NSMNUU_022_f001530.jpg,1
20260618_054015_NSMNUU_022_f002460.jpg,1
20260618_054015_NSMNUU_022_f002520.jpg,1
20260618_054015_NSMNUU_022_f002640.jpg,1
20260618_054015_NSMNUU_022_f002715.jpg,1
20260618_054015_NSMNUU_022_f005085.jpg,1
20260618_054015_NSMNUU_022_f005145.jpg,1
20260618_054015_NSMNUU_022_f005205.jpg,1
20260618_054015_NSMNUU_024_f000705.jpg,1
20260618_054015_NSMNUU_024_f005940.jpg,1
20260618_054015_NSMNUU_024_f006165.jpg,1
20260618_054015_NSMNUU_024_f006450.jpg,1
20260618_054015_NSMNUU_024_f006525.jpg,1
20260618_054015_NSMNUU_024_f006585.jpg,1
20260618_054015_NSMNUU_024_f006675.jpg,1
20260618_054015_NSMNUU_024_f006735.jpg,1
20260618_054015_NSMNUU_024_f006795.jpg,1
20260618_054015_NSMNUU_024_f008325.jpg,1
20260618_054015_NSMNUU_024_f008850.jpg,1
20260618_054015_NSMNUU_024_f009090.jpg,1
20260618_054015_NSMNUU_024_f009315.jpg,1
20260618_054015_NSMNUU_024_f009495.jpg,1
20260618_054015_NSMNUU_024_f009615.jpg,1
20260618_054015_NSMNUU_024_f009675.jpg,1
20260618_054015_NSMNUU_024_f009915.jpg,1
20260618_054015_NSMNUU_024_f010095.jpg,1
20260618_054015_NSMNUU_024_f010155.jpg,1
20260618_054015_NSMNUU_024_f010380.jpg,1
20260618_054015_NSMNUU_024_f010440.jpg,1
20260618_054015_NSMNUU_027_f000045.jpg,1
20260618_054015_NSMNUU_027_f000675.jpg,1
20260618_054015_NSMNUU_027_f001605.jpg,1
20260618_054015_NSMNUU_027_f002085.jpg,1
20260618_054015_NSMNUU_027_f002280.jpg,1
20260618_054015_NSMNUU_027_f002565.jpg,1
20260618_054015_NSMNUU_027_f003090.jpg,1
20260618_054015_NSMNUU_027_f003150.jpg,1
20260618_054015_NSMNUU_027_f003615.jpg,1
20260618_054015_NSMNUU_027_f003705.jpg,1
20260618_054015_NSMNUU_027_f004485.jpg,1
20260618_054015_NSMNUU_027_f006135.jpg,1
20260618_054015_NSMNUU_027_f007020.jpg,1
20260618_054015_NSMNUU_027_f007125.jpg,1
20260618_054015_NSMNUU_027_f007605.jpg,1
20260618_054015_NSMNUU_027_f007695.jpg,1
20260618_054015_NSMNUU_027_f007890.jpg,1
20260618_054015_NSMNUU_027_f008070.jpg,1
20260618_054015_NSMNUU_027_f008265.jpg,1
20260618_054015_NSMNUU_027_f008445.jpg,1
20260618_054015_NSMNUU_027_f008595.jpg,1
20260618_054015_NSMNUU_027_f008790.jpg,1
20260618_054015_NSMNUU_027_f009765.jpg,1
20260618_094420_CGJPUS_001_f000060.jpg,1
20260618_094420_CGJPUS_001_f000210.jpg,1
20260618_094420_CGJPUS_001_f000330.jpg,1
20260618_094420_CGJPUS_001_f001710.jpg,1
20260618_094420_CGJPUS_001_f001875.jpg,1
20260618_094420_CGJPUS_001_f005715.jpg,1
20260618_094420_CGJPUS_001_f007860.jpg,1
20260618_094420_CGJPUS_001_f008730.jpg,1
20260618_094420_CGJPUS_001_f008925.jpg,1
20260618_094420_CGJPUS_001_f008985.jpg,1
20260618_094420_CGJPUS_001_f009720.jpg,1
20260618_094420_CGJPUS_001_f010650.jpg,1
20260618_094420_CGJPUS_017_f006360.jpg,1
20260619_004840_FJYEMG_021_f002670.jpg,1
20260619_004840_FJYEMG_021_f002730.jpg,1
20260620_000635_JCHLNF_011_f003555.jpg,1
20260622_004450_RBUSKS_010_f000015.jpg,1
20260622_004450_RBUSKS_010_f000345.jpg,1
20260622_004450_RBUSKS_010_f000735.jpg,1
20260622_004450_RBUSKS_010_f000795.jpg,1
20260622_004450_RBUSKS_010_f000885.jpg,1
20260622_004450_RBUSKS_010_f000990.jpg,1
20260622_004450_RBUSKS_010_f001065.jpg,1
20260622_004450_RBUSKS_010_f001125.jpg,1
20260622_004450_RBUSKS_010_f001185.jpg,1
20260622_004450_RBUSKS_010_f001260.jpg,1
20260622_004450_RBUSKS_010_f001335.jpg,1
20260622_004450_RBUSKS_010_f005280.jpg,1
20260622_004450_RBUSKS_010_f005415.jpg,1
20260622_004450_RBUSKS_010_f005595.jpg,1
20260622_004450_RBUSKS_010_f005700.jpg,1
20260622_004450_RBUSKS_010_f007935.jpg,1
20260622_004450_RBUSKS_010_f008085.jpg,1
20260622_004450_RBUSKS_010_f008145.jpg,1
20260622_004450_RBUSKS_010_f008325.jpg,1
20260622_004450_RBUSKS_010_f008670.jpg,1
20260622_004450_RBUSKS_010_f009495.jpg,1
20260622_004450_RBUSKS_010_f009555.jpg,1
20260622_004450_RBUSKS_010_f009615.jpg,1
20260622_004450_RBUSKS_010_f009675.jpg,1
20260622_004450_RBUSKS_010_f009750.jpg,1
20260622_004450_RBUSKS_010_f009855.jpg,1
20260622_004450_RBUSKS_010_f009945.jpg,1
20260622_004450_RBUSKS_010_f010005.jpg,1
20260622_004450_RBUSKS_010_f010080.jpg,1
20260622_004450_RBUSKS_010_f010155.jpg,1
20260622_004450_RBUSKS_010_f010215.jpg,1
20260622_004450_RBUSKS_010_f010425.jpg,1
20260622_004450_RBUSKS_010_f010680.jpg,1
20260622_004450_RBUSKS_023_f005100.jpg,1
20260622_004450_RBUSKS_023_f005355.jpg,1
20260622_004450_RBUSKS_026_f000075.jpg,1
20260622_004450_RBUSKS_026_f000645.jpg,1
20260622_004450_RBUSKS_026_f000765.jpg,1
20260622_004450_RBUSKS_026_f001005.jpg,1
20260622_004450_RBUSKS_026_f001140.jpg,1
20260622_004450_RBUSKS_026_f001275.jpg,1
20260622_004450_RBUSKS_026_f001590.jpg,1
20260622_004450_RBUSKS_026_f001680.jpg,1
20260622_004450_RBUSKS_026_f001815.jpg,1
20260622_004450_RBUSKS_026_f001950.jpg,1
20260622_004450_RBUSKS_026_f002430.jpg,1
20260622_004450_RBUSKS_026_f002490.jpg,1
20260622_004450_RBUSKS_026_f002610.jpg,1
20260622_004450_RBUSKS_026_f002700.jpg,1
20260622_004450_RBUSKS_026_f002760.jpg,1
20260622_004450_RBUSKS_026_f003030.jpg,1
20260622_004450_RBUSKS_026_f003390.jpg,1
20260622_004450_RBUSKS_026_f003450.jpg,1
20260622_004450_RBUSKS_026_f003510.jpg,1
20260622_004450_RBUSKS_026_f003570.jpg,1
20260622_004450_RBUSKS_026_f003630.jpg,1
20260622_004450_RBUSKS_026_f003690.jpg,1
20260622_004450_RBUSKS_026_f003750.jpg,1
20260622_004450_RBUSKS_026_f005790.jpg,1
20260622_004450_RBUSKS_026_f007050.jpg,1
20260622_055342_PGBRSV_001_f000135.jpg,1
20260622_055342_PGBRSV_001_f001110.jpg,1
20260622_055342_PGBRSV_001_f001395.jpg,1
20260622_055342_PGBRSV_001_f001590.jpg,1
20260622_055342_PGBRSV_001_f001890.jpg,1
20260622_055342_PGBRSV_001_f002100.jpg,1
20260622_055342_PGBRSV_001_f002325.jpg,1
20260622_055342_PGBRSV_001_f002595.jpg,1
20260622_055342_PGBRSV_001_f002670.jpg,1
20260622_055342_PGBRSV_001_f002790.jpg,1
20260622_055342_PGBRSV_001_f002970.jpg,1
20260622_055342_PGBRSV_001_f003210.jpg,1
20260622_055342_PGBRSV_001_f003420.jpg,1
20260622_055342_PGBRSV_001_f003510.jpg,1
20260622_055342_PGBRSV_001_f003840.jpg,1
20260622_055342_PGBRSV_001_f004125.jpg,1
20260622_055342_PGBRSV_001_f004275.jpg,1
20260622_055342_PGBRSV_001_f004335.jpg,1
20260622_055342_PGBRSV_001_f005490.jpg,1
20260622_055342_PGBRSV_001_f006330.jpg,1
20260622_055342_PGBRSV_001_f006765.jpg,1
20260622_055342_PGBRSV_001_f006870.jpg,1
20260622_055342_PGBRSV_001_f007005.jpg,1
20260622_055342_PGBRSV_001_f007095.jpg,1
20260622_055342_PGBRSV_001_f007155.jpg,1
20260622_055342_PGBRSV_001_f007350.jpg,1
20260622_055342_PGBRSV_001_f007470.jpg,1
20260622_055342_PGBRSV_001_f007545.jpg,1
20260622_055342_PGBRSV_001_f007635.jpg,1
20260622_055342_PGBRSV_001_f008790.jpg,1
20260622_055342_PGBRSV_001_f008850.jpg,1
20260622_055342_PGBRSV_001_f009420.jpg,1
20260622_055342_PGBRSV_001_f009555.jpg,1
20260622_055342_PGBRSV_001_f009645.jpg,1
20260622_055342_PGBRSV_001_f010170.jpg,1
20260622_055342_PGBRSV_001_f010245.jpg,1
20260622_055342_PGBRSV_005_f000045.jpg,1
20260622_055342_PGBRSV_005_f000660.jpg,1
20260622_055342_PGBRSV_005_f001290.jpg,1
20260622_055342_PGBRSV_005_f001350.jpg,1
20260622_055342_PGBRSV_005_f001950.jpg,1
20260622_055342_PGBRSV_005_f002025.jpg,1
20260622_055342_PGBRSV_005_f002175.jpg,1
20260622_055342_PGBRSV_005_f002280.jpg,1
20260622_055342_PGBRSV_005_f002340.jpg,1
20260622_055342_PGBRSV_005_f002880.jpg,1
20260622_055342_PGBRSV_005_f003870.jpg,1
20260622_055342_PGBRSV_005_f006285.jpg,1
20260622_055342_PGBRSV_005_f006480.jpg,1
20260622_055342_PGBRSV_005_f007905.jpg,1
20260622_055342_PGBRSV_005_f007980.jpg,1
20260622_055342_PGBRSV_005_f008145.jpg,1
20260622_055342_PGBRSV_005_f008820.jpg,1
20260622_055342_PGBRSV_005_f009165.jpg,1
20260622_055342_PGBRSV_005_f010140.jpg,1
20260622_060442_NMNZKU_004_f000330.jpg,1
20260622_060442_NMNZKU_004_f000450.jpg,1
20260622_060442_NMNZKU_004_f001155.jpg,1
20260622_060442_NMNZKU_004_f001560.jpg,1
20260622_060442_NMNZKU_004_f002850.jpg,1
20260622_060442_NMNZKU_004_f004440.jpg,1
20260622_060442_NMNZKU_004_f004515.jpg,1
20260622_060442_NMNZKU_004_f005070.jpg,1
20260622_060442_NMNZKU_004_f005280.jpg,1
20260622_060442_NMNZKU_004_f005340.jpg,1
20260622_060442_NMNZKU_004_f005400.jpg,1
20260622_060442_NMNZKU_004_f005460.jpg,1
20260622_060442_NMNZKU_004_f005520.jpg,1
20260622_060442_NMNZKU_004_f005580.jpg,1
20260622_060442_NMNZKU_004_f005655.jpg,1
20260622_060442_NMNZKU_004_f008460.jpg,1
20260622_060442_NMNZKU_004_f008520.jpg,1
20260622_060442_NMNZKU_004_f008640.jpg,1
20260622_060442_NMNZKU_012_f000195.jpg,1
20260622_060442_NMNZKU_012_f001755.jpg,1
20260622_060442_NMNZKU_012_f008730.jpg,1
20260622_060442_NMNZKU_013_f004260.jpg,1
20260622_060442_NMNZKU_013_f009015.jpg,1
20260622_060442_NMNZKU_013_f010080.jpg,1
20260623_003154_NPYWPR_000_f001770.jpg,1
20260623_003154_NPYWPR_000_f004455.jpg,1
20260623_003154_NPYWPR_000_f004605.jpg,1
20260623_003154_NPYWPR_000_f004665.jpg,1
20260623_003154_NPYWPR_000_f005265.jpg,1
20260623_003154_NPYWPR_000_f005400.jpg,1
20260623_003154_NPYWPR_000_f006660.jpg,1
20260623_003154_NPYWPR_000_f008280.jpg,1
20260623_003154_NPYWPR_000_f009435.jpg,1
20260623_003154_NPYWPR_001_f007410.jpg,1
20260623_003154_NPYWPR_001_f007470.jpg,1
20260623_003154_NPYWPR_001_f008115.jpg,1
20260623_003154_NPYWPR_001_f010500.jpg,1
20260623_003154_NPYWPR_004_f000255.jpg,1
20260623_003154_NPYWPR_004_f000315.jpg,1
20260623_003154_NPYWPR_004_f000405.jpg,1
20260623_003154_NPYWPR_004_f000465.jpg,1
20260623_010339_SRBUHD_002_f001920.jpg,1
20260623_010339_SRBUHD_002_f003555.jpg,1
20260623_010339_SRBUHD_002_f004515.jpg,1
20260623_010339_SRBUHD_002_f004875.jpg,1
20260623_010339_SRBUHD_002_f004995.jpg,1
20260623_010339_SRBUHD_002_f005055.jpg,1
20260623_010339_SRBUHD_002_f005145.jpg,1
20260623_010339_SRBUHD_002_f005280.jpg,1
20260623_010339_SRBUHD_002_f005805.jpg,1
20260623_010339_SRBUHD_002_f007380.jpg,1
20260623_010339_SRBUHD_002_f007455.jpg,1
20260623_010339_SRBUHD_002_f007785.jpg,1
20260623_010339_SRBUHD_002_f008280.jpg,1
20260623_010339_SRBUHD_002_f008445.jpg,1
20260623_010339_SRBUHD_002_f008505.jpg,1
20260623_010339_SRBUHD_002_f008565.jpg,1
20260623_010339_SRBUHD_002_f008685.jpg,1
20260623_010339_SRBUHD_002_f008745.jpg,1
20260623_010339_SRBUHD_002_f009570.jpg,1
20260623_010339_SRBUHD_002_f009825.jpg,1
20260623_010339_SRBUHD_002_f009885.jpg,1
20260623_010339_SRBUHD_002_f010080.jpg,1
20260623_010339_SRBUHD_002_f010170.jpg,1
20260623_010339_SRBUHD_002_f010260.jpg,1
20260623_010339_SRBUHD_005_f001005.jpg,1
20260623_010339_SRBUHD_005_f001080.jpg,1
20260623_010339_SRBUHD_005_f001170.jpg,1
20260623_010339_SRBUHD_005_f002400.jpg,1
20260623_010339_SRBUHD_005_f002505.jpg,1
20260623_010339_SRBUHD_005_f004005.jpg,1
20260623_010339_SRBUHD_005_f009615.jpg,1
20260623_010339_SRBUHD_005_f009690.jpg,1
20260623_010339_SRBUHD_005_f010110.jpg,1
20260623_054943_KAMYUT_chunk_026_lview_f003300.jpg,1
20260623_054943_KAMYUT_chunk_026_rview_f003300.jpg,1
20260626_015444_RDDUVH_001_f003330.jpg,1
20260626_015444_RDDUVH_013_f002790.jpg,1
20260626_015444_RDDUVH_013_f008340.jpg,1
20260627_005845_YXPLNA_011_f001410.jpg,1
20260627_005845_YXPLNA_011_f001680.jpg,1
20260627_005845_YXPLNA_011_f001740.jpg,1
20260627_005845_YXPLNA_011_f001830.jpg,1
20260627_005845_YXPLNA_011_f004440.jpg,1
20260627_005845_YXPLNA_015_f000450.jpg,1
20260627_005845_YXPLNA_015_f001950.jpg,1
20260627_005845_YXPLNA_015_f004290.jpg,1
20260627_005845_YXPLNA_015_f009555.jpg,1
20260627_005845_YXPLNA_015_f010275.jpg,1
20260627_015355_MJHRBQ_008_f000810.jpg,1
20260627_015355_MJHRBQ_008_f008790.jpg,1
20260627_024515_DRYKPJ_000_f000180.jpg,1
20260627_024515_DRYKPJ_000_f000255.jpg,1
20260627_024515_DRYKPJ_000_f000375.jpg,1
20260627_024515_DRYKPJ_000_f000735.jpg,1
20260627_024515_DRYKPJ_000_f000960.jpg,1
20260627_024515_DRYKPJ_000_f001020.jpg,1
20260627_024515_DRYKPJ_000_f001080.jpg,1
20260627_024515_DRYKPJ_000_f001260.jpg,1
20260627_024515_DRYKPJ_000_f001860.jpg,1
20260627_024515_DRYKPJ_000_f002010.jpg,1
20260627_024515_DRYKPJ_000_f002250.jpg,1
20260627_024515_DRYKPJ_000_f002400.jpg,1
20260627_024515_DRYKPJ_000_f002460.jpg,1
20260627_024515_DRYKPJ_000_f002565.jpg,1
20260627_024515_DRYKPJ_000_f002985.jpg,1
20260627_024515_DRYKPJ_000_f003435.jpg,1
20260627_024515_DRYKPJ_000_f003495.jpg,1
20260627_024515_DRYKPJ_000_f003840.jpg,1
20260627_024515_DRYKPJ_000_f004140.jpg,1
20260627_024515_DRYKPJ_000_f004515.jpg,1
20260627_024515_DRYKPJ_000_f004575.jpg,1
20260627_024515_DRYKPJ_000_f005640.jpg,1
20260627_024515_DRYKPJ_001_f000000.jpg,1
20260627_024515_DRYKPJ_001_f000285.jpg,1
20260627_024515_DRYKPJ_001_f000420.jpg,1
20260627_024515_DRYKPJ_001_f000795.jpg,1
20260627_024515_DRYKPJ_001_f001005.jpg,1
20260627_024515_DRYKPJ_001_f001140.jpg,1
20260627_024515_DRYKPJ_001_f001230.jpg,1
20260627_024515_DRYKPJ_001_f001980.jpg,1
20260627_024515_DRYKPJ_001_f005550.jpg,1
20260627_024515_DRYKPJ_001_f005670.jpg,1
20260627_024515_DRYKPJ_001_f005760.jpg,1
20260627_024515_DRYKPJ_001_f005835.jpg,1
20260627_024515_DRYKPJ_001_f005955.jpg,1
20260627_024515_DRYKPJ_001_f006150.jpg,1
20260627_024515_DRYKPJ_001_f006330.jpg,1
20260627_024515_DRYKPJ_001_f006390.jpg,1
20260627_024515_DRYKPJ_001_f007500.jpg,1
20260627_024515_DRYKPJ_001_f007965.jpg,1
20260627_024515_DRYKPJ_001_f010350.jpg,1
20260627_024515_DRYKPJ_001_f010500.jpg,1
20260627_024515_DRYKPJ_001_f010620.jpg,1
20260627_024515_DRYKPJ_001_f010785.jpg,1
20260627_024515_DRYKPJ_001_f010860.jpg,1
20260627_024515_DRYKPJ_001_f010950.jpg,1
20260627_024515_DRYKPJ_001_f011010.jpg,1
20260627_024515_DRYKPJ_002_f000255.jpg,1
20260627_024515_DRYKPJ_002_f000345.jpg,1
20260627_024515_DRYKPJ_002_f000480.jpg,1
20260627_024515_DRYKPJ_002_f000675.jpg,1
20260627_024515_DRYKPJ_002_f000765.jpg,1
20260627_024515_DRYKPJ_002_f000885.jpg,1
20260627_024515_DRYKPJ_002_f001080.jpg,1
20260627_024515_DRYKPJ_002_f001215.jpg,1
20260627_024515_DRYKPJ_002_f001425.jpg,1
20260627_024515_DRYKPJ_002_f001545.jpg,1
20260627_024515_DRYKPJ_002_f002055.jpg,1
20260627_024515_DRYKPJ_002_f004485.jpg,1
20260627_024515_DRYKPJ_002_f004545.jpg,1
20260627_031035_YUJDAN_001_f002670.jpg,1
20260627_033421_PJVQAQ_001_f000885.jpg,1
20260627_033421_PJVQAQ_001_f003690.jpg,1
20260627_033421_PJVQAQ_001_f004050.jpg,1
20260627_033421_PJVQAQ_001_f004680.jpg,1
20260627_033421_PJVQAQ_001_f004995.jpg,1
20260627_033421_PJVQAQ_001_f005340.jpg,1
20260627_033421_PJVQAQ_001_f005445.jpg,1
20260627_033421_PJVQAQ_001_f005850.jpg,1
20260627_033421_PJVQAQ_001_f006030.jpg,1
20260627_033421_PJVQAQ_001_f006525.jpg,1
20260627_033421_PJVQAQ_001_f006585.jpg,1
20260627_033421_PJVQAQ_001_f009855.jpg,1
20260627_033421_PJVQAQ_001_f010845.jpg,1
20260627_033421_PJVQAQ_002_f000225.jpg,1
20260627_033421_PJVQAQ_002_f000615.jpg,1
20260627_033421_PJVQAQ_002_f000825.jpg,1
20260627_033421_PJVQAQ_002_f000885.jpg,1
20260627_033421_PJVQAQ_002_f000975.jpg,1
20260627_033421_PJVQAQ_002_f001050.jpg,1
20260627_033421_PJVQAQ_002_f001110.jpg,1
20260627_033421_PJVQAQ_002_f001995.jpg,1
20260627_033421_PJVQAQ_002_f003210.jpg,1
20260627_033421_PJVQAQ_002_f003300.jpg,1
20260627_033421_PJVQAQ_002_f003360.jpg,1
20260627_033421_PJVQAQ_002_f003585.jpg,1
20260627_033421_PJVQAQ_002_f003690.jpg,1
20260627_033421_PJVQAQ_002_f003780.jpg,1
20260627_033421_PJVQAQ_002_f003855.jpg,1
20260627_033421_PJVQAQ_002_f004110.jpg,1
20260627_033421_PJVQAQ_002_f004320.jpg,1
20260627_033421_PJVQAQ_002_f004410.jpg,1
20260627_033421_PJVQAQ_002_f004485.jpg,1
20260627_033421_PJVQAQ_002_f004920.jpg,1
20260627_033421_PJVQAQ_002_f005820.jpg,1
20260627_033421_PJVQAQ_002_f005925.jpg,1
20260627_033421_PJVQAQ_002_f006015.jpg,1
20260627_033421_PJVQAQ_002_f006255.jpg,1
20260627_033421_PJVQAQ_002_f006615.jpg,1
20260627_033421_PJVQAQ_002_f007155.jpg,1
20260627_033421_PJVQAQ_002_f008400.jpg,1
20260627_033421_PJVQAQ_002_f008835.jpg,1
20260627_033421_PJVQAQ_002_f009255.jpg,1
20260627_033421_PJVQAQ_003_f001050.jpg,1
20260627_033421_PJVQAQ_003_f001335.jpg,1
20260627_033421_PJVQAQ_003_f001665.jpg,1
20260627_033421_PJVQAQ_003_f003585.jpg,1
20260627_033421_PJVQAQ_003_f005475.jpg,1
20260627_033421_PJVQAQ_003_f005550.jpg,1
20260627_033421_PJVQAQ_003_f005925.jpg,1
20260627_033421_PJVQAQ_003_f006030.jpg,1
20260627_033421_PJVQAQ_003_f006195.jpg,1
20260627_033421_PJVQAQ_003_f006675.jpg,1
20260627_033421_PJVQAQ_003_f007140.jpg,1
20260627_033421_PJVQAQ_003_f007215.jpg,1
20260627_033421_PJVQAQ_003_f007875.jpg,1
20260627_033421_PJVQAQ_003_f008340.jpg,1
20260627_033421_PJVQAQ_003_f008655.jpg,1
20260627_033421_PJVQAQ_003_f008775.jpg,1
20260627_033421_PJVQAQ_003_f008880.jpg,1
20260627_033421_PJVQAQ_003_f009060.jpg,1
20260627_050455_BDYTTQ_013_f009030.jpg,1
20260627_050455_BDYTTQ_016_f001725.jpg,1
20260627_055631_AFWPBM_020_f001335.jpg,1
20260627_055631_AFWPBM_027_f000000.jpg,1
20260627_071029_AGNZJU_011_f009795.jpg,1
20260627_093104_XXGYPP_004_f005055.jpg,1
20260627_093104_XXGYPP_004_f005160.jpg,1
20260627_093144_ZNPPTL_003_f004725.jpg,1
20260627_093144_ZNPPTL_003_f004860.jpg,1
20260627_093144_ZNPPTL_003_f006495.jpg,1
20260627_093144_ZNPPTL_003_f006555.jpg,1
20260628_031536_YBNVVE_002_f000300.jpg,1
20260628_031536_YBNVVE_002_f003345.jpg,1
20260628_031536_YBNVVE_003_f000045.jpg,1
20260628_031536_YBNVVE_003_f006060.jpg,1
20260628_050006_PRWJFJ_019_f000105.jpg,1
20260628_050006_PRWJFJ_019_f001590.jpg,1
20260628_050006_PRWJFJ_019_f002970.jpg,1
20260628_050006_PRWJFJ_019_f004935.jpg,1
20260628_050026_GVSRLJ_000_f001065.jpg,1
20260628_050026_GVSRLJ_000_f001740.jpg,1
20260628_050026_GVSRLJ_000_f001800.jpg,1
20260628_050026_GVSRLJ_000_f006315.jpg,1
20260628_053521_ZNSDHD_chunk_014_lview_f004620.jpg,1
20260628_053521_ZNSDHD_chunk_014_rview_f001350.jpg,1
20260628_053521_ZNSDHD_chunk_014_rview_f004440.jpg,1
20260628_053521_ZNSDHD_chunk_014_rview_f004620.jpg,1
20260628_053521_ZNSDHD_chunk_015_lview_f000840.jpg,1
20260628_053521_ZNSDHD_chunk_015_rview_f007050.jpg,1
20260628_053521_ZNSDHD_chunk_015_rview_f007950.jpg,1
20260628_053521_ZNSDHD_chunk_015_rview_f008040.jpg,1
20260628_053521_ZNSDHD_chunk_015_rview_f010050.jpg,1
20260628_071121_LPGYSG_006_f007350.jpg,1
20260628_071121_LPGYSG_006_f010185.jpg,1
20260628_071121_LPGYSG_007_f001005.jpg,1
20260628_071310_BNXSGL_017_f001440.jpg,1
20260628_071310_BNXSGL_017_f008160.jpg,1
20260628_080432_LRKACH_004_f001770.jpg,1
20260628_080432_LRKACH_004_f006750.jpg,1
20260628_080432_LRKACH_004_f006810.jpg,1
20260628_080432_LRKACH_004_f009660.jpg,1
20260628_080432_LRKACH_004_f010260.jpg,1
20260629_010026_UNBVMK_002_f000495.jpg,1
20260629_010026_UNBVMK_002_f002415.jpg,1
20260629_010026_UNBVMK_002_f003705.jpg,1
20260629_010026_UNBVMK_002_f004785.jpg,1
20260629_010026_UNBVMK_002_f005415.jpg,1
20260629_010026_UNBVMK_002_f005475.jpg,1
20260629_010026_UNBVMK_002_f005535.jpg,1
20260629_010026_UNBVMK_002_f006480.jpg,1
20260629_010026_UNBVMK_002_f007650.jpg,1
20260629_010026_UNBVMK_002_f007860.jpg,1
20260629_010026_UNBVMK_002_f008085.jpg,1
20260629_010026_UNBVMK_002_f009345.jpg,1
20260629_010026_UNBVMK_002_f009405.jpg,1
20260629_010026_UNBVMK_002_f009570.jpg,1
20260629_010026_UNBVMK_002_f009645.jpg,1
20260629_010026_UNBVMK_002_f009705.jpg,1
20260629_010026_UNBVMK_002_f009855.jpg,1
20260629_010026_UNBVMK_002_f009930.jpg,1
20260629_010026_UNBVMK_002_f009990.jpg,1
20260629_010026_UNBVMK_002_f010050.jpg,1
20260629_010026_UNBVMK_002_f010230.jpg,1
20260629_010026_UNBVMK_002_f010320.jpg,1
20260629_010026_UNBVMK_002_f010380.jpg,1
20260629_010026_UNBVMK_002_f010470.jpg,1
20260629_010026_UNBVMK_002_f010530.jpg,1
20260629_010026_UNBVMK_002_f010620.jpg,1
20260629_010026_UNBVMK_002_f010710.jpg,1
20260629_010026_UNBVMK_002_f010770.jpg,1
20260629_010026_UNBVMK_002_f010830.jpg,1
20260629_010026_UNBVMK_002_f010890.jpg,1
20260629_010026_UNBVMK_002_f010950.jpg,1
20260629_010026_UNBVMK_002_f011010.jpg,1
20260629_010026_UNBVMK_002_f011070.jpg,1
20260629_010026_UNBVMK_002_f011130.jpg,1
20260629_010026_UNBVMK_003_f000060.jpg,1
20260629_010026_UNBVMK_003_f000210.jpg,1
20260629_010026_UNBVMK_003_f000405.jpg,1
20260629_010026_UNBVMK_003_f000765.jpg,1
20260629_010026_UNBVMK_003_f000975.jpg,1
20260629_010026_UNBVMK_003_f001035.jpg,1
20260629_010026_UNBVMK_003_f001110.jpg,1
20260629_010026_UNBVMK_003_f001185.jpg,1
20260629_010026_UNBVMK_003_f001320.jpg,1
20260629_010026_UNBVMK_003_f001575.jpg,1
20260629_010026_UNBVMK_003_f001815.jpg,1
20260629_010026_UNBVMK_003_f001890.jpg,1
20260629_010026_UNBVMK_003_f002010.jpg,1
20260629_010026_UNBVMK_003_f002070.jpg,1
20260629_010026_UNBVMK_003_f002265.jpg,1
20260629_010026_UNBVMK_003_f002325.jpg,1
20260629_010026_UNBVMK_003_f002700.jpg,1
20260629_010026_UNBVMK_003_f002790.jpg,1
20260629_010026_UNBVMK_003_f004755.jpg,1
20260629_010026_UNBVMK_003_f004830.jpg,1
20260629_010538_XGPVWZ_000_f004335.jpg,1
20260629_010538_XGPVWZ_000_f004395.jpg,1
20260629_010538_XGPVWZ_000_f008295.jpg,1
20260629_010538_XGPVWZ_000_f008355.jpg,1
20260629_010538_XGPVWZ_000_f008430.jpg,1
20260629_021120_KNVJLQ_010_f009645.jpg,1
20260630_021229_SPVZYW_016_f000660.jpg,1
20260630_021229_SPVZYW_016_f009060.jpg,1
20260701_003116_NZNGJB_011_f001170.jpg,1
20260701_003116_NZNGJB_011_f001305.jpg,1
20260701_003116_NZNGJB_011_f001365.jpg,1
20260701_003116_NZNGJB_011_f001710.jpg,1
20260701_003116_NZNGJB_011_f001770.jpg,1
20260701_003116_NZNGJB_011_f004890.jpg,1
20260701_003116_NZNGJB_011_f007635.jpg,1
20260701_004908_NPTFXH_016_f002175.jpg,1
20260701_004908_NPTFXH_016_f003585.jpg,1
20260701_004908_NPTFXH_016_f004965.jpg,1
20260701_021348_DZQWUF_007_f001770.jpg,1
20260701_021348_DZQWUF_007_f002010.jpg,1
20260701_021348_DZQWUF_007_f002070.jpg,1
20260701_021348_DZQWUF_007_f004770.jpg,1
20260701_021348_DZQWUF_007_f008760.jpg,1
20260701_050223_HUTQBN_007_f003735.jpg,1
20260701_050223_HUTQBN_007_f003795.jpg,1
20260701_050223_HUTQBN_007_f010500.jpg,1
20260701_050223_HUTQBN_018_f002730.jpg,1
20260701_050223_HUTQBN_018_f002925.jpg,1
20260701_050223_HUTQBN_018_f003525.jpg,1
20260701_050223_HUTQBN_018_f009390.jpg,1
20260701_050223_HUTQBN_018_f009450.jpg,1
20260702_001139_XRXWRX_chunk_016_lview_f000330.jpg,1
20260702_001139_XRXWRX_chunk_016_lview_f000900.jpg,1
20260702_001139_XRXWRX_chunk_016_lview_f000990.jpg,1
20260702_001139_XRXWRX_chunk_016_lview_f001020.jpg,1
20260702_001139_XRXWRX_chunk_016_lview_f001230.jpg,1
20260702_001139_XRXWRX_chunk_016_lview_f001260.jpg,1
20260702_001139_XRXWRX_chunk_016_lview_f001320.jpg,1
20260702_001139_XRXWRX_chunk_016_lview_f001350.jpg,1
20260702_001139_XRXWRX_chunk_016_lview_f001410.jpg,1
20260702_001139_XRXWRX_chunk_016_lview_f001620.jpg,1
20260702_001139_XRXWRX_chunk_016_lview_f001890.jpg,1
20260702_001139_XRXWRX_chunk_016_lview_f002280.jpg,1
20260702_001139_XRXWRX_chunk_016_lview_f002370.jpg,1
20260702_001139_XRXWRX_chunk_016_lview_f002940.jpg,1
20260702_001139_XRXWRX_chunk_016_lview_f003000.jpg,1
20260702_001139_XRXWRX_chunk_016_lview_f003270.jpg,1
20260702_001139_XRXWRX_chunk_016_lview_f003300.jpg,1
20260702_001139_XRXWRX_chunk_016_lview_f003390.jpg,1
20260702_001139_XRXWRX_chunk_016_lview_f003420.jpg,1
20260702_001139_XRXWRX_chunk_016_lview_f003480.jpg,1
20260702_001139_XRXWRX_chunk_016_lview_f003510.jpg,1
20260702_001139_XRXWRX_chunk_016_lview_f004080.jpg,1
20260702_001139_XRXWRX_chunk_016_lview_f004470.jpg,1
20260702_001139_XRXWRX_chunk_016_lview_f004530.jpg,1
20260702_001139_XRXWRX_chunk_016_lview_f004860.jpg,1
20260702_001139_XRXWRX_chunk_016_lview_f004920.jpg,1
20260702_001139_XRXWRX_chunk_016_lview_f004950.jpg,1
20260702_001139_XRXWRX_chunk_016_lview_f004980.jpg,1
20260702_001139_XRXWRX_chunk_016_lview_f005010.jpg,1
20260702_001139_XRXWRX_chunk_016_lview_f005040.jpg,1
20260702_001139_XRXWRX_chunk_016_lview_f005130.jpg,1
20260702_001139_XRXWRX_chunk_016_lview_f005160.jpg,1
20260702_001139_XRXWRX_chunk_016_lview_f005190.jpg,1
20260702_001139_XRXWRX_chunk_016_lview_f005220.jpg,1
20260702_001139_XRXWRX_chunk_016_lview_f005280.jpg,1
20260702_001139_XRXWRX_chunk_016_lview_f005340.jpg,1
20260702_001139_XRXWRX_chunk_016_lview_f005550.jpg,1
20260702_001139_XRXWRX_chunk_016_lview_f005610.jpg,1
20260702_001139_XRXWRX_chunk_016_lview_f005880.jpg,1
20260702_001139_XRXWRX_chunk_016_lview_f006090.jpg,1
20260702_001139_XRXWRX_chunk_016_lview_f006210.jpg,1
20260702_001139_XRXWRX_chunk_016_lview_f006270.jpg,1
20260702_001139_XRXWRX_chunk_016_lview_f006420.jpg,1
20260702_001139_XRXWRX_chunk_016_lview_f006480.jpg,1
20260702_001139_XRXWRX_chunk_016_lview_f006600.jpg,1
20260702_001139_XRXWRX_chunk_016_lview_f006660.jpg,1
20260702_001139_XRXWRX_chunk_016_lview_f006690.jpg,1
20260702_001139_XRXWRX_chunk_016_lview_f006840.jpg,1
20260702_001139_XRXWRX_chunk_016_lview_f007080.jpg,1
20260702_001139_XRXWRX_chunk_016_lview_f007140.jpg,1
20260702_001139_XRXWRX_chunk_016_lview_f007200.jpg,1
20260702_001139_XRXWRX_chunk_016_lview_f007440.jpg,1
20260702_001139_XRXWRX_chunk_016_lview_f007890.jpg,1
20260702_001139_XRXWRX_chunk_016_lview_f008100.jpg,1
20260702_001139_XRXWRX_chunk_016_lview_f008400.jpg,1
20260702_001139_XRXWRX_chunk_016_lview_f008520.jpg,1
20260702_001139_XRXWRX_chunk_016_lview_f008580.jpg,1
20260702_001139_XRXWRX_chunk_016_lview_f008760.jpg,1
20260702_001139_XRXWRX_chunk_016_lview_f008850.jpg,1
20260702_001139_XRXWRX_chunk_016_lview_f008880.jpg,1
20260702_001139_XRXWRX_chunk_016_lview_f008910.jpg,1
20260702_001139_XRXWRX_chunk_016_lview_f009000.jpg,1
20260702_001139_XRXWRX_chunk_016_lview_f009060.jpg,1
20260702_001139_XRXWRX_chunk_016_lview_f009210.jpg,1
20260702_001139_XRXWRX_chunk_016_lview_f009240.jpg,1
20260702_001139_XRXWRX_chunk_016_lview_f009270.jpg,1
20260702_001139_XRXWRX_chunk_016_lview_f009390.jpg,1
20260702_001139_XRXWRX_chunk_016_lview_f009420.jpg,1
20260702_001139_XRXWRX_chunk_016_lview_f009570.jpg,1
20260702_001139_XRXWRX_chunk_016_lview_f009600.jpg,1
20260702_001139_XRXWRX_chunk_016_lview_f009660.jpg,1
20260702_001139_XRXWRX_chunk_016_lview_f009780.jpg,1
20260702_001139_XRXWRX_chunk_016_lview_f009840.jpg,1
20260702_001139_XRXWRX_chunk_016_lview_f009870.jpg,1
20260702_001139_XRXWRX_chunk_016_lview_f009930.jpg,1
20260702_001139_XRXWRX_chunk_016_lview_f010080.jpg,1
20260702_001139_XRXWRX_chunk_016_lview_f010200.jpg,1
20260702_001139_XRXWRX_chunk_016_lview_f010260.jpg,1
20260702_001139_XRXWRX_chunk_016_lview_f010320.jpg,1
20260702_001139_XRXWRX_chunk_016_rview_f000090.jpg,1
20260702_001139_XRXWRX_chunk_016_rview_f000120.jpg,1
20260702_001139_XRXWRX_chunk_016_rview_f000240.jpg,1
20260702_001139_XRXWRX_chunk_016_rview_f000750.jpg,1
20260702_001139_XRXWRX_chunk_016_rview_f000840.jpg,1
20260702_001139_XRXWRX_chunk_016_rview_f000900.jpg,1
20260702_001139_XRXWRX_chunk_016_rview_f000990.jpg,1
20260702_001139_XRXWRX_chunk_016_rview_f001020.jpg,1
20260702_001139_XRXWRX_chunk_016_rview_f001080.jpg,1
20260702_001139_XRXWRX_chunk_016_rview_f001110.jpg,1
20260702_001139_XRXWRX_chunk_016_rview_f001230.jpg,1
20260702_001139_XRXWRX_chunk_016_rview_f001260.jpg,1
20260702_001139_XRXWRX_chunk_016_rview_f001410.jpg,1
20260702_001139_XRXWRX_chunk_016_rview_f001590.jpg,1
20260702_001139_XRXWRX_chunk_016_rview_f001680.jpg,1
20260702_001139_XRXWRX_chunk_016_rview_f001770.jpg,1
20260702_001139_XRXWRX_chunk_016_rview_f001890.jpg,1
20260702_001139_XRXWRX_chunk_016_rview_f001950.jpg,1
20260702_001139_XRXWRX_chunk_016_rview_f001980.jpg,1
20260702_001139_XRXWRX_chunk_016_rview_f002010.jpg,1
20260702_001139_XRXWRX_chunk_016_rview_f002040.jpg,1
20260702_001139_XRXWRX_chunk_016_rview_f002160.jpg,1
20260702_001139_XRXWRX_chunk_016_rview_f002190.jpg,1
20260702_001139_XRXWRX_chunk_016_rview_f002280.jpg,1
20260702_001139_XRXWRX_chunk_016_rview_f002430.jpg,1
20260702_001139_XRXWRX_chunk_016_rview_f002760.jpg,1
20260702_001139_XRXWRX_chunk_016_rview_f002850.jpg,1
20260702_001139_XRXWRX_chunk_016_rview_f002880.jpg,1
20260702_001139_XRXWRX_chunk_016_rview_f003270.jpg,1
20260702_001139_XRXWRX_chunk_016_rview_f003300.jpg,1
20260702_001139_XRXWRX_chunk_016_rview_f003390.jpg,1
20260702_001139_XRXWRX_chunk_016_rview_f003420.jpg,1
20260702_001139_XRXWRX_chunk_016_rview_f003480.jpg,1
20260702_001139_XRXWRX_chunk_016_rview_f003510.jpg,1
20260702_001139_XRXWRX_chunk_016_rview_f003660.jpg,1
20260702_001139_XRXWRX_chunk_016_rview_f004080.jpg,1
20260702_001139_XRXWRX_chunk_016_rview_f004530.jpg,1
20260702_001139_XRXWRX_chunk_016_rview_f004620.jpg,1
20260702_001139_XRXWRX_chunk_016_rview_f004800.jpg,1
20260702_001139_XRXWRX_chunk_016_rview_f004920.jpg,1
20260702_001139_XRXWRX_chunk_016_rview_f004980.jpg,1
20260702_001139_XRXWRX_chunk_016_rview_f005010.jpg,1
20260702_001139_XRXWRX_chunk_016_rview_f005040.jpg,1
20260702_001139_XRXWRX_chunk_016_rview_f005070.jpg,1
20260702_001139_XRXWRX_chunk_016_rview_f005130.jpg,1
20260702_001139_XRXWRX_chunk_016_rview_f005160.jpg,1
20260702_001139_XRXWRX_chunk_016_rview_f005190.jpg,1
20260702_001139_XRXWRX_chunk_016_rview_f005250.jpg,1
20260702_001139_XRXWRX_chunk_016_rview_f005280.jpg,1
20260702_001139_XRXWRX_chunk_016_rview_f005340.jpg,1
20260702_001139_XRXWRX_chunk_016_rview_f005610.jpg,1
20260702_001139_XRXWRX_chunk_016_rview_f005820.jpg,1
20260702_001139_XRXWRX_chunk_016_rview_f005880.jpg,1
20260702_001139_XRXWRX_chunk_016_rview_f005940.jpg,1
20260702_001139_XRXWRX_chunk_016_rview_f005970.jpg,1
20260702_001139_XRXWRX_chunk_016_rview_f006030.jpg,1
20260702_001139_XRXWRX_chunk_016_rview_f006090.jpg,1
20260702_001139_XRXWRX_chunk_016_rview_f006210.jpg,1
20260702_001139_XRXWRX_chunk_016_rview_f006270.jpg,1
20260702_001139_XRXWRX_chunk_016_rview_f006390.jpg,1
20260702_001139_XRXWRX_chunk_016_rview_f006420.jpg,1
20260702_001139_XRXWRX_chunk_016_rview_f006540.jpg,1
20260702_001139_XRXWRX_chunk_016_rview_f006570.jpg,1
20260702_001139_XRXWRX_chunk_016_rview_f006690.jpg,1
20260702_001139_XRXWRX_chunk_016_rview_f006720.jpg,1
20260702_001139_XRXWRX_chunk_016_rview_f006810.jpg,1
20260702_001139_XRXWRX_chunk_016_rview_f006840.jpg,1
20260702_001139_XRXWRX_chunk_016_rview_f006990.jpg,1
20260702_001139_XRXWRX_chunk_016_rview_f007050.jpg,1
20260702_001139_XRXWRX_chunk_016_rview_f007080.jpg,1
20260702_001139_XRXWRX_chunk_016_rview_f007110.jpg,1
20260702_001139_XRXWRX_chunk_016_rview_f007200.jpg,1
20260702_001139_XRXWRX_chunk_016_rview_f007350.jpg,1
20260702_001139_XRXWRX_chunk_016_rview_f007440.jpg,1
20260702_001139_XRXWRX_chunk_016_rview_f007470.jpg,1
20260702_001139_XRXWRX_chunk_016_rview_f007530.jpg,1
20260702_001139_XRXWRX_chunk_016_rview_f007620.jpg,1
20260702_001139_XRXWRX_chunk_016_rview_f007650.jpg,1
20260702_001139_XRXWRX_chunk_016_rview_f007710.jpg,1
20260702_001139_XRXWRX_chunk_016_rview_f007890.jpg,1
20260702_001139_XRXWRX_chunk_016_rview_f007980.jpg,1
20260702_001139_XRXWRX_chunk_016_rview_f008040.jpg,1
20260702_001139_XRXWRX_chunk_016_rview_f008100.jpg,1
20260702_001139_XRXWRX_chunk_016_rview_f008160.jpg,1
20260702_001139_XRXWRX_chunk_016_rview_f008430.jpg,1
20260702_001139_XRXWRX_chunk_016_rview_f008520.jpg,1
20260702_001139_XRXWRX_chunk_016_rview_f008580.jpg,1
20260702_001139_XRXWRX_chunk_016_rview_f008670.jpg,1
20260702_001139_XRXWRX_chunk_016_rview_f008700.jpg,1
20260702_001139_XRXWRX_chunk_016_rview_f008730.jpg,1
20260702_001139_XRXWRX_chunk_016_rview_f008760.jpg,1
20260702_001139_XRXWRX_chunk_016_rview_f008850.jpg,1
20260702_001139_XRXWRX_chunk_016_rview_f008880.jpg,1
20260702_001139_XRXWRX_chunk_016_rview_f008970.jpg,1
20260702_001139_XRXWRX_chunk_016_rview_f009090.jpg,1
20260702_001139_XRXWRX_chunk_016_rview_f009180.jpg,1
20260702_001139_XRXWRX_chunk_016_rview_f009240.jpg,1
20260702_001139_XRXWRX_chunk_016_rview_f009270.jpg,1
20260702_001139_XRXWRX_chunk_016_rview_f009300.jpg,1
20260702_001139_XRXWRX_chunk_016_rview_f009360.jpg,1
20260702_001139_XRXWRX_chunk_016_rview_f009420.jpg,1
20260702_001139_XRXWRX_chunk_016_rview_f009510.jpg,1
20260702_001139_XRXWRX_chunk_016_rview_f009540.jpg,1
20260702_001139_XRXWRX_chunk_016_rview_f009570.jpg,1
20260702_001139_XRXWRX_chunk_016_rview_f009660.jpg,1
20260702_001139_XRXWRX_chunk_016_rview_f009780.jpg,1
20260702_001139_XRXWRX_chunk_016_rview_f009840.jpg,1
20260702_001139_XRXWRX_chunk_016_rview_f009870.jpg,1
20260702_001139_XRXWRX_chunk_016_rview_f009930.jpg,1
20260702_001139_XRXWRX_chunk_016_rview_f009960.jpg,1
20260702_001139_XRXWRX_chunk_016_rview_f009990.jpg,1
20260702_001139_XRXWRX_chunk_016_rview_f010020.jpg,1
20260702_001139_XRXWRX_chunk_016_rview_f010080.jpg,1
20260702_001139_XRXWRX_chunk_016_rview_f010110.jpg,1
20260702_001139_XRXWRX_chunk_016_rview_f010170.jpg,1
20260702_001139_XRXWRX_chunk_016_rview_f010200.jpg,1
20260702_001139_XRXWRX_chunk_016_rview_f010260.jpg,1
20260702_001139_XRXWRX_chunk_016_rview_f010350.jpg,1
20260702_001139_XRXWRX_chunk_016_rview_f010770.jpg,1
20260702_003134_BQRJZV_009_f004965.jpg,1
20260702_003134_BQRJZV_009_f005430.jpg,1
20260702_003134_BQRJZV_009_f006630.jpg,1
20260702_003134_BQRJZV_009_f006690.jpg,1
20260702_003134_BQRJZV_009_f008610.jpg,1
20260702_003134_BQRJZV_009_f008685.jpg,1
20260702_021120_NQJRUU_009_f000465.jpg,1
20260702_021120_NQJRUU_009_f001710.jpg,1
20260702_021120_NQJRUU_009_f003375.jpg,1
20260702_021120_NQJRUU_009_f008475.jpg,1
20260702_021120_NQJRUU_009_f008535.jpg,1
20260702_021120_NQJRUU_016_f000015.jpg,1
20260702_021120_NQJRUU_016_f000075.jpg,1
20260702_021120_NQJRUU_016_f000210.jpg,1
20260702_021120_NQJRUU_016_f000270.jpg,1
20260702_021120_NQJRUU_016_f000615.jpg,1
20260702_021120_NQJRUU_016_f000675.jpg,1
20260702_021120_NQJRUU_016_f001035.jpg,1
20260702_021120_NQJRUU_016_f001125.jpg,1
20260702_021120_NQJRUU_016_f001200.jpg,1
20260702_021120_NQJRUU_016_f001260.jpg,1
20260702_021120_NQJRUU_016_f001470.jpg,1
20260702_021120_NQJRUU_016_f001545.jpg,1
20260702_021120_NQJRUU_016_f001605.jpg,1
20260702_021120_NQJRUU_016_f001665.jpg,1
20260702_021120_NQJRUU_016_f001725.jpg,1
20260702_021120_NQJRUU_016_f001785.jpg,1
20260702_021120_NQJRUU_016_f001845.jpg,1
20260702_021120_NQJRUU_016_f001905.jpg,1
20260702_021120_NQJRUU_016_f002505.jpg,1
20260702_021120_NQJRUU_016_f002865.jpg,1
20260702_021120_NQJRUU_016_f002925.jpg,1
20260702_021120_NQJRUU_016_f002985.jpg,1
20260702_021120_NQJRUU_016_f003060.jpg,1
20260702_021120_NQJRUU_016_f003120.jpg,1
20260702_021120_NQJRUU_016_f003180.jpg,1
20260702_021120_NQJRUU_016_f004080.jpg,1
20260702_021120_NQJRUU_016_f004140.jpg,1
20260702_021120_NQJRUU_016_f004215.jpg,1
20260702_021120_NQJRUU_016_f004350.jpg,1
20260702_021120_NQJRUU_016_f004425.jpg,1
20260702_021120_NQJRUU_016_f004485.jpg,1
20260702_021120_NQJRUU_016_f004620.jpg,1
20260702_021120_NQJRUU_016_f004695.jpg,1
20260702_021120_NQJRUU_016_f005070.jpg,1
20260702_021120_NQJRUU_016_f006855.jpg,1
20260702_021120_NQJRUU_016_f010410.jpg,1
20260702_040939_GAZQXH_042_f001245.jpg,1
20260703_001650_DMSMHR_038_f002355.jpg,1
20260703_001650_DMSMHR_038_f003090.jpg,1
20260703_001650_DMSMHR_038_f003150.jpg,1
20260703_001650_DMSMHR_038_f003825.jpg,1
20260703_005139_VEBJUY_chunk_013_lview_f000930.jpg,1
20260703_005139_VEBJUY_chunk_013_lview_f000960.jpg,1
20260703_005139_VEBJUY_chunk_013_lview_f001050.jpg,1
20260703_005139_VEBJUY_chunk_013_lview_f001470.jpg,1
20260703_005139_VEBJUY_chunk_013_lview_f001650.jpg,1
20260703_005139_VEBJUY_chunk_013_lview_f001830.jpg,1
20260703_005139_VEBJUY_chunk_013_lview_f002220.jpg,1
20260703_005139_VEBJUY_chunk_013_lview_f002850.jpg,1
20260703_005139_VEBJUY_chunk_013_lview_f003000.jpg,1
20260703_005139_VEBJUY_chunk_013_lview_f003240.jpg,1
20260703_005139_VEBJUY_chunk_013_lview_f003510.jpg,1
20260703_005139_VEBJUY_chunk_013_lview_f003690.jpg,1
20260703_005139_VEBJUY_chunk_013_lview_f004080.jpg,1
20260703_005139_VEBJUY_chunk_013_lview_f004140.jpg,1
20260703_005139_VEBJUY_chunk_013_lview_f004440.jpg,1
20260703_005139_VEBJUY_chunk_013_lview_f004530.jpg,1
20260703_005139_VEBJUY_chunk_013_lview_f004650.jpg,1
20260703_005139_VEBJUY_chunk_013_lview_f004680.jpg,1
20260703_005139_VEBJUY_chunk_013_lview_f004710.jpg,1
20260703_005139_VEBJUY_chunk_013_lview_f004920.jpg,1
20260703_005139_VEBJUY_chunk_013_lview_f004950.jpg,1
20260703_005139_VEBJUY_chunk_013_lview_f004980.jpg,1
20260703_005139_VEBJUY_chunk_013_lview_f005520.jpg,1
20260703_005139_VEBJUY_chunk_013_lview_f005730.jpg,1
20260703_005139_VEBJUY_chunk_013_lview_f005820.jpg,1
20260703_005139_VEBJUY_chunk_013_lview_f005880.jpg,1
20260703_005139_VEBJUY_chunk_013_lview_f005970.jpg,1
20260703_005139_VEBJUY_chunk_013_lview_f006030.jpg,1
20260703_005139_VEBJUY_chunk_013_lview_f006090.jpg,1
20260703_005139_VEBJUY_chunk_013_lview_f006210.jpg,1
20260703_005139_VEBJUY_chunk_013_lview_f006420.jpg,1
20260703_005139_VEBJUY_chunk_013_lview_f006450.jpg,1
20260703_005139_VEBJUY_chunk_013_lview_f006570.jpg,1
20260703_005139_VEBJUY_chunk_013_lview_f006780.jpg,1
20260703_005139_VEBJUY_chunk_013_lview_f007110.jpg,1
20260703_005139_VEBJUY_chunk_013_lview_f007290.jpg,1
20260703_005139_VEBJUY_chunk_013_lview_f007710.jpg,1
20260703_005139_VEBJUY_chunk_013_lview_f007740.jpg,1
20260703_005139_VEBJUY_chunk_013_lview_f008040.jpg,1
20260703_005139_VEBJUY_chunk_013_lview_f008070.jpg,1
20260703_005139_VEBJUY_chunk_013_lview_f008100.jpg,1
20260703_005139_VEBJUY_chunk_013_lview_f008190.jpg,1
20260703_005139_VEBJUY_chunk_013_lview_f008250.jpg,1
20260703_005139_VEBJUY_chunk_013_lview_f008610.jpg,1
20260703_005139_VEBJUY_chunk_013_lview_f008640.jpg,1
20260703_005139_VEBJUY_chunk_013_lview_f008670.jpg,1
20260703_005139_VEBJUY_chunk_013_lview_f008700.jpg,1
20260703_005139_VEBJUY_chunk_013_lview_f008730.jpg,1
20260703_005139_VEBJUY_chunk_013_lview_f008790.jpg,1
20260703_005139_VEBJUY_chunk_013_lview_f008940.jpg,1
20260703_005139_VEBJUY_chunk_013_lview_f008970.jpg,1
20260703_005139_VEBJUY_chunk_013_lview_f009000.jpg,1
20260703_005139_VEBJUY_chunk_013_lview_f009270.jpg,1
20260703_005139_VEBJUY_chunk_013_lview_f009330.jpg,1
20260703_005139_VEBJUY_chunk_013_lview_f009480.jpg,1
20260703_005139_VEBJUY_chunk_013_lview_f009570.jpg,1
20260703_005139_VEBJUY_chunk_013_lview_f009870.jpg,1
20260703_005139_VEBJUY_chunk_013_lview_f010230.jpg,1
20260703_005139_VEBJUY_chunk_013_lview_f010260.jpg,1
20260703_005139_VEBJUY_chunk_013_lview_f010470.jpg,1
20260703_005139_VEBJUY_chunk_013_lview_f010500.jpg,1
20260703_005139_VEBJUY_chunk_013_lview_f010530.jpg,1
20260703_005139_VEBJUY_chunk_013_lview_f010560.jpg,1
20260703_005139_VEBJUY_chunk_013_rview_f001470.jpg,1
20260703_005139_VEBJUY_chunk_013_rview_f001950.jpg,1
20260703_005139_VEBJUY_chunk_013_rview_f003240.jpg,1
20260703_005139_VEBJUY_chunk_013_rview_f003690.jpg,1
20260703_005139_VEBJUY_chunk_013_rview_f004140.jpg,1
20260703_005139_VEBJUY_chunk_013_rview_f004500.jpg,1
20260703_005139_VEBJUY_chunk_013_rview_f004530.jpg,1
20260703_005139_VEBJUY_chunk_013_rview_f004650.jpg,1
20260703_005139_VEBJUY_chunk_013_rview_f004680.jpg,1
20260703_005139_VEBJUY_chunk_013_rview_f004710.jpg,1
20260703_005139_VEBJUY_chunk_013_rview_f004740.jpg,1
20260703_005139_VEBJUY_chunk_013_rview_f004920.jpg,1
20260703_005139_VEBJUY_chunk_013_rview_f004950.jpg,1
20260703_005139_VEBJUY_chunk_013_rview_f005160.jpg,1
20260703_005139_VEBJUY_chunk_013_rview_f005460.jpg,1
20260703_005139_VEBJUY_chunk_013_rview_f005520.jpg,1
20260703_005139_VEBJUY_chunk_013_rview_f005820.jpg,1
20260703_005139_VEBJUY_chunk_013_rview_f005880.jpg,1
20260703_005139_VEBJUY_chunk_013_rview_f005940.jpg,1
20260703_005139_VEBJUY_chunk_013_rview_f005970.jpg,1
20260703_005139_VEBJUY_chunk_013_rview_f006000.jpg,1
20260703_005139_VEBJUY_chunk_013_rview_f006030.jpg,1
20260703_005139_VEBJUY_chunk_013_rview_f006060.jpg,1
20260703_005139_VEBJUY_chunk_013_rview_f006210.jpg,1
20260703_005139_VEBJUY_chunk_013_rview_f006420.jpg,1
20260703_005139_VEBJUY_chunk_013_rview_f006570.jpg,1
20260703_005139_VEBJUY_chunk_013_rview_f006780.jpg,1
20260703_005139_VEBJUY_chunk_013_rview_f007110.jpg,1
20260703_005139_VEBJUY_chunk_013_rview_f007290.jpg,1
20260703_005139_VEBJUY_chunk_013_rview_f007500.jpg,1
20260703_005139_VEBJUY_chunk_013_rview_f008220.jpg,1
20260703_005139_VEBJUY_chunk_013_rview_f008250.jpg,1
20260703_005139_VEBJUY_chunk_013_rview_f008340.jpg,1
20260703_005139_VEBJUY_chunk_013_rview_f008430.jpg,1
20260703_005139_VEBJUY_chunk_013_rview_f008670.jpg,1
20260703_005139_VEBJUY_chunk_013_rview_f008700.jpg,1
20260703_005139_VEBJUY_chunk_013_rview_f008730.jpg,1
20260703_005139_VEBJUY_chunk_013_rview_f008760.jpg,1
20260703_005139_VEBJUY_chunk_013_rview_f008790.jpg,1
20260703_005139_VEBJUY_chunk_013_rview_f008940.jpg,1
20260703_005139_VEBJUY_chunk_013_rview_f009480.jpg,1
20260703_005139_VEBJUY_chunk_013_rview_f009540.jpg,1
20260703_005139_VEBJUY_chunk_013_rview_f009570.jpg,1
20260703_005139_VEBJUY_chunk_013_rview_f009870.jpg,1
20260703_005139_VEBJUY_chunk_013_rview_f010020.jpg,1
20260703_005139_VEBJUY_chunk_013_rview_f010470.jpg,1
20260703_005139_VEBJUY_chunk_013_rview_f010530.jpg,1
20260703_005139_VEBJUY_chunk_013_rview_f010560.jpg,1
20260703_005139_VEBJUY_chunk_013_rview_f010590.jpg,1
20260703_013805_SDYMWL_010_f000180.jpg,1
20260703_013805_SDYMWL_010_f000240.jpg,1
20260703_013805_SDYMWL_010_f000570.jpg,1
20260703_013805_SDYMWL_010_f002805.jpg,1
20260703_013805_SDYMWL_010_f002865.jpg,1
20260703_013805_SDYMWL_010_f003090.jpg,1
20260703_013805_SDYMWL_010_f003150.jpg,1
20260703_013805_SDYMWL_010_f003210.jpg,1
20260703_013805_SDYMWL_010_f004830.jpg,1
20260703_013805_SDYMWL_010_f007485.jpg,1
20260703_022851_SSSBCQ_009_f006600.jpg,1
20260703_055621_BESYZY_042_f002820.jpg,1
20260703_055621_BESYZY_042_f002895.jpg,1
20260704_001951_QBZVKB_013_f000060.jpg,1
20260704_002023_RKWCSZ_chunk_017_lview_f001050.jpg,1
20260704_002023_RKWCSZ_chunk_017_lview_f001230.jpg,1
20260704_002023_RKWCSZ_chunk_017_lview_f002040.jpg,1
20260704_002023_RKWCSZ_chunk_017_lview_f002490.jpg,1
20260704_002023_RKWCSZ_chunk_017_lview_f002520.jpg,1
20260704_002023_RKWCSZ_chunk_017_lview_f002730.jpg,1
20260704_002023_RKWCSZ_chunk_017_lview_f002910.jpg,1
20260704_002023_RKWCSZ_chunk_017_lview_f003180.jpg,1
20260704_002023_RKWCSZ_chunk_017_lview_f003810.jpg,1
20260704_002023_RKWCSZ_chunk_017_lview_f003840.jpg,1
20260704_002023_RKWCSZ_chunk_017_lview_f003900.jpg,1
20260704_002023_RKWCSZ_chunk_017_lview_f004080.jpg,1
20260704_002023_RKWCSZ_chunk_017_lview_f004110.jpg,1
20260704_002023_RKWCSZ_chunk_017_lview_f004800.jpg,1
20260704_002023_RKWCSZ_chunk_017_lview_f004860.jpg,1
20260704_002023_RKWCSZ_chunk_017_lview_f005070.jpg,1
20260704_002023_RKWCSZ_chunk_017_lview_f005100.jpg,1
20260704_002023_RKWCSZ_chunk_017_lview_f005190.jpg,1
20260704_002023_RKWCSZ_chunk_017_lview_f005310.jpg,1
20260704_002023_RKWCSZ_chunk_017_lview_f005340.jpg,1
20260704_002023_RKWCSZ_chunk_017_lview_f005400.jpg,1
20260704_002023_RKWCSZ_chunk_017_lview_f005460.jpg,1
20260704_002023_RKWCSZ_chunk_017_lview_f005520.jpg,1
20260704_002023_RKWCSZ_chunk_017_lview_f005550.jpg,1
20260704_002023_RKWCSZ_chunk_017_lview_f005580.jpg,1
20260704_002023_RKWCSZ_chunk_017_lview_f005610.jpg,1
20260704_002023_RKWCSZ_chunk_017_lview_f005670.jpg,1
20260704_002023_RKWCSZ_chunk_017_lview_f005700.jpg,1
20260704_002023_RKWCSZ_chunk_017_lview_f005760.jpg,1
20260704_002023_RKWCSZ_chunk_017_lview_f005790.jpg,1
20260704_002023_RKWCSZ_chunk_017_lview_f006000.jpg,1
20260704_002023_RKWCSZ_chunk_017_lview_f006330.jpg,1
20260704_002023_RKWCSZ_chunk_017_lview_f006360.jpg,1
20260704_002023_RKWCSZ_chunk_017_lview_f006690.jpg,1
20260704_002023_RKWCSZ_chunk_017_lview_f007050.jpg,1
20260704_002023_RKWCSZ_chunk_017_lview_f007140.jpg,1
20260704_002023_RKWCSZ_chunk_017_lview_f007170.jpg,1
20260704_002023_RKWCSZ_chunk_017_lview_f007230.jpg,1
20260704_002023_RKWCSZ_chunk_017_lview_f007350.jpg,1
20260704_002023_RKWCSZ_chunk_017_lview_f007440.jpg,1
20260704_002023_RKWCSZ_chunk_017_lview_f007470.jpg,1
20260704_002023_RKWCSZ_chunk_017_lview_f007590.jpg,1
20260704_002023_RKWCSZ_chunk_017_lview_f007620.jpg,1
20260704_002023_RKWCSZ_chunk_017_lview_f007650.jpg,1
20260704_002023_RKWCSZ_chunk_017_lview_f007680.jpg,1
20260704_002023_RKWCSZ_chunk_017_lview_f007770.jpg,1
20260704_002023_RKWCSZ_chunk_017_lview_f007800.jpg,1
20260704_002023_RKWCSZ_chunk_017_lview_f007830.jpg,1
20260704_002023_RKWCSZ_chunk_017_lview_f007920.jpg,1
20260704_002023_RKWCSZ_chunk_017_lview_f008070.jpg,1
20260704_002023_RKWCSZ_chunk_017_lview_f008100.jpg,1
20260704_002023_RKWCSZ_chunk_017_lview_f008220.jpg,1
20260704_002023_RKWCSZ_chunk_017_lview_f008430.jpg,1
20260704_002023_RKWCSZ_chunk_017_lview_f008520.jpg,1
20260704_002023_RKWCSZ_chunk_017_lview_f008640.jpg,1
20260704_002023_RKWCSZ_chunk_017_lview_f008670.jpg,1
20260704_002023_RKWCSZ_chunk_017_lview_f008700.jpg,1
20260704_002023_RKWCSZ_chunk_017_lview_f008760.jpg,1
20260704_002023_RKWCSZ_chunk_017_lview_f008790.jpg,1
20260704_002023_RKWCSZ_chunk_017_lview_f009120.jpg,1
20260704_002023_RKWCSZ_chunk_017_lview_f009150.jpg,1
20260704_002023_RKWCSZ_chunk_017_lview_f009360.jpg,1
20260704_002023_RKWCSZ_chunk_017_lview_f009390.jpg,1
20260704_002023_RKWCSZ_chunk_017_lview_f009510.jpg,1
20260704_002023_RKWCSZ_chunk_017_lview_f009600.jpg,1
20260704_002023_RKWCSZ_chunk_017_lview_f009630.jpg,1
20260704_002023_RKWCSZ_chunk_017_lview_f009810.jpg,1
20260704_002023_RKWCSZ_chunk_017_lview_f009840.jpg,1
20260704_002023_RKWCSZ_chunk_017_lview_f009900.jpg,1
20260704_002023_RKWCSZ_chunk_017_lview_f009990.jpg,1
20260704_002023_RKWCSZ_chunk_017_lview_f010260.jpg,1
20260704_002023_RKWCSZ_chunk_017_lview_f010500.jpg,1
20260704_002023_RKWCSZ_chunk_017_lview_f010530.jpg,1
20260704_002023_RKWCSZ_chunk_017_lview_f010590.jpg,1
20260704_002023_RKWCSZ_chunk_017_rview_f001050.jpg,1
20260704_002023_RKWCSZ_chunk_017_rview_f001230.jpg,1
20260704_002023_RKWCSZ_chunk_017_rview_f001410.jpg,1
20260704_002023_RKWCSZ_chunk_017_rview_f001440.jpg,1
20260704_002023_RKWCSZ_chunk_017_rview_f001470.jpg,1
20260704_002023_RKWCSZ_chunk_017_rview_f001650.jpg,1
20260704_002023_RKWCSZ_chunk_017_rview_f002490.jpg,1
20260704_002023_RKWCSZ_chunk_017_rview_f002520.jpg,1
20260704_002023_RKWCSZ_chunk_017_rview_f002730.jpg,1
20260704_002023_RKWCSZ_chunk_017_rview_f002910.jpg,1
20260704_002023_RKWCSZ_chunk_017_rview_f003090.jpg,1
20260704_002023_RKWCSZ_chunk_017_rview_f003180.jpg,1
20260704_002023_RKWCSZ_chunk_017_rview_f003810.jpg,1
20260704_002023_RKWCSZ_chunk_017_rview_f003840.jpg,1
20260704_002023_RKWCSZ_chunk_017_rview_f003900.jpg,1
20260704_002023_RKWCSZ_chunk_017_rview_f004080.jpg,1
20260704_002023_RKWCSZ_chunk_017_rview_f004110.jpg,1
20260704_002023_RKWCSZ_chunk_017_rview_f004800.jpg,1
20260704_002023_RKWCSZ_chunk_017_rview_f004860.jpg,1
20260704_002023_RKWCSZ_chunk_017_rview_f005070.jpg,1
20260704_002023_RKWCSZ_chunk_017_rview_f005100.jpg,1
20260704_002023_RKWCSZ_chunk_017_rview_f005310.jpg,1
20260704_002023_RKWCSZ_chunk_017_rview_f005340.jpg,1
20260704_002023_RKWCSZ_chunk_017_rview_f005400.jpg,1
20260704_002023_RKWCSZ_chunk_017_rview_f005460.jpg,1
20260704_002023_RKWCSZ_chunk_017_rview_f005520.jpg,1
20260704_002023_RKWCSZ_chunk_017_rview_f005550.jpg,1
20260704_002023_RKWCSZ_chunk_017_rview_f005760.jpg,1
20260704_002023_RKWCSZ_chunk_017_rview_f005790.jpg,1
20260704_002023_RKWCSZ_chunk_017_rview_f006000.jpg,1
20260704_002023_RKWCSZ_chunk_017_rview_f006030.jpg,1
20260704_002023_RKWCSZ_chunk_017_rview_f006090.jpg,1
20260704_002023_RKWCSZ_chunk_017_rview_f006330.jpg,1
20260704_002023_RKWCSZ_chunk_017_rview_f006360.jpg,1
20260704_002023_RKWCSZ_chunk_017_rview_f006420.jpg,1
20260704_002023_RKWCSZ_chunk_017_rview_f006540.jpg,1
20260704_002023_RKWCSZ_chunk_017_rview_f006630.jpg,1
20260704_002023_RKWCSZ_chunk_017_rview_f007050.jpg,1
20260704_002023_RKWCSZ_chunk_017_rview_f007140.jpg,1
20260704_002023_RKWCSZ_chunk_017_rview_f007170.jpg,1
20260704_002023_RKWCSZ_chunk_017_rview_f007200.jpg,1
20260704_002023_RKWCSZ_chunk_017_rview_f007290.jpg,1
20260704_002023_RKWCSZ_chunk_017_rview_f007350.jpg,1
20260704_002023_RKWCSZ_chunk_017_rview_f007440.jpg,1
20260704_002023_RKWCSZ_chunk_017_rview_f007470.jpg,1
20260704_002023_RKWCSZ_chunk_017_rview_f007590.jpg,1
20260704_002023_RKWCSZ_chunk_017_rview_f007620.jpg,1
20260704_002023_RKWCSZ_chunk_017_rview_f007650.jpg,1
20260704_002023_RKWCSZ_chunk_017_rview_f007680.jpg,1
20260704_002023_RKWCSZ_chunk_017_rview_f007770.jpg,1
20260704_002023_RKWCSZ_chunk_017_rview_f007800.jpg,1
20260704_002023_RKWCSZ_chunk_017_rview_f007830.jpg,1
20260704_002023_RKWCSZ_chunk_017_rview_f008220.jpg,1
20260704_002023_RKWCSZ_chunk_017_rview_f008250.jpg,1
20260704_002023_RKWCSZ_chunk_017_rview_f008280.jpg,1
20260704_002023_RKWCSZ_chunk_017_rview_f008460.jpg,1
20260704_002023_RKWCSZ_chunk_017_rview_f008520.jpg,1
20260704_002023_RKWCSZ_chunk_017_rview_f008790.jpg,1
20260704_002023_RKWCSZ_chunk_017_rview_f008820.jpg,1
20260704_002023_RKWCSZ_chunk_017_rview_f008910.jpg,1
20260704_002023_RKWCSZ_chunk_017_rview_f008940.jpg,1
20260704_002023_RKWCSZ_chunk_017_rview_f008970.jpg,1
20260704_002023_RKWCSZ_chunk_017_rview_f009090.jpg,1
20260704_002023_RKWCSZ_chunk_017_rview_f009120.jpg,1
20260704_002023_RKWCSZ_chunk_017_rview_f009150.jpg,1
20260704_002023_RKWCSZ_chunk_017_rview_f009210.jpg,1
20260704_002023_RKWCSZ_chunk_017_rview_f009240.jpg,1
20260704_002023_RKWCSZ_chunk_017_rview_f009270.jpg,1
20260704_002023_RKWCSZ_chunk_017_rview_f009300.jpg,1
20260704_002023_RKWCSZ_chunk_017_rview_f009330.jpg,1
20260704_002023_RKWCSZ_chunk_017_rview_f009600.jpg,1
20260704_002023_RKWCSZ_chunk_017_rview_f009690.jpg,1
20260704_002023_RKWCSZ_chunk_017_rview_f009840.jpg,1
20260704_002023_RKWCSZ_chunk_017_rview_f009900.jpg,1
20260704_002023_RKWCSZ_chunk_017_rview_f009990.jpg,1
20260704_002023_RKWCSZ_chunk_017_rview_f010260.jpg,1
20260704_002023_RKWCSZ_chunk_017_rview_f010560.jpg,1
20260704_002023_RKWCSZ_chunk_017_rview_f010590.jpg,1
20260704_002023_RKWCSZ_chunk_017_rview_f010650.jpg,1
20260704_002023_RKWCSZ_chunk_017_rview_f010740.jpg,1
20260704_063524_DYGUEZ_003_f010335.jpg,1
20260704_103334_EZXACC_018_f003360.jpg,1
20260704_104155_DVQCQT_009_f000180.jpg,1
20260704_104259_PRRHZP_001_f004710.jpg,1
20260705_000542_AGDKXS_000_f000180.jpg,1
20260705_000542_AGDKXS_000_f001995.jpg,1
20260705_000542_AGDKXS_000_f003165.jpg,1
20260705_000542_AGDKXS_000_f003630.jpg,1
20260705_001301_EQTAAV_000_f003945.jpg,1
20260705_001301_EQTAAV_000_f004005.jpg,1
20260705_001301_EQTAAV_000_f006600.jpg,1
20260705_001301_EQTAAV_000_f006900.jpg,1
20260705_001301_EQTAAV_000_f006960.jpg,1
20260705_001301_EQTAAV_000_f007020.jpg,1
20260705_001301_EQTAAV_000_f007110.jpg,1
20260705_001301_EQTAAV_000_f007170.jpg,1
20260705_001301_EQTAAV_000_f008550.jpg,1
20260705_001301_EQTAAV_000_f008640.jpg,1
20260705_001301_EQTAAV_000_f009060.jpg,1
20260705_001301_EQTAAV_000_f009360.jpg,1
20260705_001301_EQTAAV_000_f009420.jpg,1
20260705_001301_EQTAAV_000_f009480.jpg,1
20260705_001301_EQTAAV_000_f009615.jpg,1
20260705_001301_EQTAAV_000_f009705.jpg,1
20260705_003243_DRUMYF_007_f006960.jpg,1
20260705_003243_DRUMYF_014_f006165.jpg,1
20260705_003547_APFXEX_004_f002985.jpg,1
20260705_003547_APFXEX_004_f005940.jpg,1
20260705_003605_GYSTJM_002_f000360.jpg,1
20260705_005914_WHQZKJ_025_f008250.jpg,1
20260705_033116_MYSUXZ_005_f002250.jpg,1
20260705_033116_MYSUXZ_005_f002460.jpg,1
20260705_033116_MYSUXZ_005_f002640.jpg,1
20260705_033116_MYSUXZ_005_f002715.jpg,1
20260705_033116_MYSUXZ_005_f002790.jpg,1
20260705_033116_MYSUXZ_005_f002880.jpg,1
20260705_033116_MYSUXZ_005_f002940.jpg,1
20260705_033116_MYSUXZ_005_f003435.jpg,1
20260705_033116_MYSUXZ_005_f003825.jpg,1
20260705_033116_MYSUXZ_005_f003885.jpg,1
20260705_033116_MYSUXZ_005_f006720.jpg,1
20260705_033116_MYSUXZ_005_f007185.jpg,1
20260705_033116_MYSUXZ_005_f010365.jpg,1
20260705_033116_MYSUXZ_007_f000000.jpg,1
20260705_033116_MYSUXZ_007_f000120.jpg,1
20260705_033116_MYSUXZ_007_f000210.jpg,1
20260705_033116_MYSUXZ_007_f000300.jpg,1
20260705_033116_MYSUXZ_007_f000360.jpg,1
20260705_033116_MYSUXZ_007_f000420.jpg,1
20260705_033116_MYSUXZ_007_f000525.jpg,1
20260705_033116_MYSUXZ_007_f000630.jpg,1
20260705_033116_MYSUXZ_007_f000690.jpg,1
20260705_033116_MYSUXZ_007_f000750.jpg,1
20260705_033116_MYSUXZ_007_f000810.jpg,1
20260705_033116_MYSUXZ_007_f000870.jpg,1
20260705_033116_MYSUXZ_007_f000930.jpg,1
20260705_033116_MYSUXZ_007_f001035.jpg,1
20260705_033116_MYSUXZ_007_f001095.jpg,1
20260705_033116_MYSUXZ_007_f001155.jpg,1
20260705_033116_MYSUXZ_007_f001215.jpg,1
20260705_033116_MYSUXZ_007_f001320.jpg,1
20260705_033116_MYSUXZ_007_f001425.jpg,1
20260705_033116_MYSUXZ_007_f001485.jpg,1
20260705_033116_MYSUXZ_007_f001590.jpg,1
20260705_033116_MYSUXZ_007_f001650.jpg,1
20260705_033116_MYSUXZ_007_f001710.jpg,1
20260705_033116_MYSUXZ_007_f001845.jpg,1
20260705_033116_MYSUXZ_007_f001905.jpg,1
20260705_033116_MYSUXZ_007_f001965.jpg,1
20260705_033116_MYSUXZ_007_f002040.jpg,1
20260705_033116_MYSUXZ_007_f002100.jpg,1
20260705_033116_MYSUXZ_007_f002160.jpg,1
20260705_033116_MYSUXZ_007_f002220.jpg,1
20260705_033116_MYSUXZ_007_f002280.jpg,1
20260705_033116_MYSUXZ_007_f002340.jpg,1
20260705_033116_MYSUXZ_007_f002460.jpg,1
20260705_033116_MYSUXZ_007_f002535.jpg,1
20260705_033116_MYSUXZ_007_f002610.jpg,1
20260705_033116_MYSUXZ_007_f002700.jpg,1
20260705_033116_MYSUXZ_007_f002850.jpg,1
20260705_033116_MYSUXZ_007_f003450.jpg,1
20260705_033116_MYSUXZ_007_f004620.jpg,1
20260705_033116_MYSUXZ_007_f006930.jpg,1
20260705_041801_ENMKVJ_028_f000135.jpg,1
20260705_041801_ENMKVJ_028_f000435.jpg,1
20260705_041801_ENMKVJ_028_f000795.jpg,1
20260705_041801_ENMKVJ_028_f001995.jpg,1
20260705_041801_ENMKVJ_028_f002235.jpg,1
20260705_041801_ENMKVJ_028_f004440.jpg,1
20260705_041801_ENMKVJ_028_f004635.jpg,1
20260705_041801_ENMKVJ_028_f006105.jpg,1
20260705_041801_ENMKVJ_028_f007710.jpg,1
20260705_041801_ENMKVJ_028_f009615.jpg,1
20260705_041801_ENMKVJ_028_f009735.jpg,1
20260705_041801_ENMKVJ_039_f010050.jpg,1
20260705_041801_ENMKVJ_039_f010110.jpg,1
20260705_042929_MACEJR_000_f000150.jpg,1
20260705_042929_MACEJR_000_f000210.jpg,1
20260705_042929_MACEJR_000_f000270.jpg,1
20260705_042929_MACEJR_000_f000375.jpg,1
20260705_042929_MACEJR_000_f000435.jpg,1
20260705_042929_MACEJR_000_f000525.jpg,1
20260705_042929_MACEJR_000_f000585.jpg,1
20260705_042929_MACEJR_000_f000675.jpg,1
20260705_042929_MACEJR_000_f000780.jpg,1
20260705_042929_MACEJR_000_f000840.jpg,1
20260705_042929_MACEJR_000_f000900.jpg,1
20260705_042929_MACEJR_000_f000990.jpg,1
20260705_042929_MACEJR_000_f001050.jpg,1
20260705_042929_MACEJR_000_f001470.jpg,1
20260705_042929_MACEJR_000_f003495.jpg,1
20260705_042929_MACEJR_000_f003960.jpg,1
20260705_052105_BEXWVB_005_f008865.jpg,1
20260705_052105_BEXWVB_005_f009135.jpg,1
20260705_052105_BEXWVB_005_f010260.jpg,1
20260705_053737_KXPGZC_022_f000015.jpg,1
20260705_053737_KXPGZC_022_f005580.jpg,1
20260705_053737_KXPGZC_022_f008670.jpg,1
20260705_053737_KXPGZC_025_f001215.jpg,1
20260705_063651_FZTJPK_chunk_020_lview_f000030.jpg,1
20260705_063651_FZTJPK_chunk_020_lview_f000090.jpg,1
20260705_063651_FZTJPK_chunk_020_lview_f000480.jpg,1
20260705_063651_FZTJPK_chunk_020_lview_f000780.jpg,1
20260705_063651_FZTJPK_chunk_020_lview_f000810.jpg,1
20260705_063651_FZTJPK_chunk_020_lview_f000840.jpg,1
20260705_063651_FZTJPK_chunk_020_lview_f000870.jpg,1
20260705_063651_FZTJPK_chunk_020_lview_f000900.jpg,1
20260705_063651_FZTJPK_chunk_020_lview_f000930.jpg,1
20260705_063651_FZTJPK_chunk_020_lview_f000960.jpg,1
20260705_063651_FZTJPK_chunk_020_lview_f000990.jpg,1
20260705_063651_FZTJPK_chunk_020_lview_f001020.jpg,1
20260705_063651_FZTJPK_chunk_020_lview_f001260.jpg,1
20260705_063651_FZTJPK_chunk_020_lview_f001320.jpg,1
20260705_063651_FZTJPK_chunk_020_lview_f001380.jpg,1
20260705_063651_FZTJPK_chunk_020_lview_f001500.jpg,1
20260705_063651_FZTJPK_chunk_020_lview_f001530.jpg,1
20260705_063651_FZTJPK_chunk_020_lview_f001560.jpg,1
20260705_063651_FZTJPK_chunk_020_lview_f001590.jpg,1
20260705_063651_FZTJPK_chunk_020_lview_f001620.jpg,1
20260705_063651_FZTJPK_chunk_020_lview_f001650.jpg,1
20260705_063651_FZTJPK_chunk_020_lview_f001680.jpg,1
20260705_063651_FZTJPK_chunk_020_lview_f001830.jpg,1
20260705_063651_FZTJPK_chunk_020_lview_f002010.jpg,1
20260705_063651_FZTJPK_chunk_020_lview_f002040.jpg,1
20260705_063651_FZTJPK_chunk_020_lview_f002070.jpg,1
20260705_063651_FZTJPK_chunk_020_lview_f002280.jpg,1
20260705_063651_FZTJPK_chunk_020_lview_f002310.jpg,1
20260705_063651_FZTJPK_chunk_020_lview_f002340.jpg,1
20260705_063651_FZTJPK_chunk_020_lview_f002730.jpg,1
20260705_063651_FZTJPK_chunk_020_lview_f002760.jpg,1
20260705_063651_FZTJPK_chunk_020_lview_f003210.jpg,1
20260705_063651_FZTJPK_chunk_020_lview_f003450.jpg,1
20260705_063651_FZTJPK_chunk_020_lview_f003480.jpg,1
20260705_063651_FZTJPK_chunk_020_lview_f003510.jpg,1
20260705_063651_FZTJPK_chunk_020_lview_f003630.jpg,1
20260705_063651_FZTJPK_chunk_020_lview_f003660.jpg,1
20260705_063651_FZTJPK_chunk_020_lview_f003690.jpg,1
20260705_063651_FZTJPK_chunk_020_lview_f003720.jpg,1
20260705_063651_FZTJPK_chunk_020_lview_f003780.jpg,1
20260705_063651_FZTJPK_chunk_020_lview_f004440.jpg,1
20260705_063651_FZTJPK_chunk_020_lview_f004470.jpg,1
20260705_063651_FZTJPK_chunk_020_lview_f004530.jpg,1
20260705_063651_FZTJPK_chunk_020_lview_f004560.jpg,1
20260705_063651_FZTJPK_chunk_020_lview_f004860.jpg,1
20260705_063651_FZTJPK_chunk_020_lview_f004890.jpg,1
20260705_063651_FZTJPK_chunk_020_lview_f004920.jpg,1
20260705_063651_FZTJPK_chunk_020_lview_f005070.jpg,1
20260705_063651_FZTJPK_chunk_020_lview_f005130.jpg,1
20260705_063651_FZTJPK_chunk_020_lview_f005160.jpg,1
20260705_063651_FZTJPK_chunk_020_lview_f005190.jpg,1
20260705_063651_FZTJPK_chunk_020_lview_f005220.jpg,1
20260705_063651_FZTJPK_chunk_020_lview_f005310.jpg,1
20260705_063651_FZTJPK_chunk_020_lview_f005580.jpg,1
20260705_063651_FZTJPK_chunk_020_lview_f005610.jpg,1
20260705_063651_FZTJPK_chunk_020_lview_f005640.jpg,1
20260705_063651_FZTJPK_chunk_020_lview_f005670.jpg,1
20260705_063651_FZTJPK_chunk_020_lview_f005700.jpg,1
20260705_063651_FZTJPK_chunk_020_lview_f006120.jpg,1
20260705_063651_FZTJPK_chunk_020_lview_f006150.jpg,1
20260705_063651_FZTJPK_chunk_020_lview_f006360.jpg,1
20260705_063651_FZTJPK_chunk_020_lview_f006420.jpg,1
20260705_063651_FZTJPK_chunk_020_lview_f006450.jpg,1
20260705_063651_FZTJPK_chunk_020_lview_f006480.jpg,1
20260705_063651_FZTJPK_chunk_020_lview_f006510.jpg,1
20260705_063651_FZTJPK_chunk_020_lview_f006540.jpg,1
20260705_063651_FZTJPK_chunk_020_lview_f007290.jpg,1
20260705_063651_FZTJPK_chunk_020_lview_f007320.jpg,1
20260705_063651_FZTJPK_chunk_020_lview_f007350.jpg,1
20260705_063651_FZTJPK_chunk_020_lview_f007800.jpg,1
20260705_063651_FZTJPK_chunk_020_lview_f007830.jpg,1
20260705_063651_FZTJPK_chunk_020_lview_f007920.jpg,1
20260705_063651_FZTJPK_chunk_020_lview_f007950.jpg,1
20260705_063651_FZTJPK_chunk_020_lview_f007980.jpg,1
20260705_063651_FZTJPK_chunk_020_lview_f008460.jpg,1
20260705_063651_FZTJPK_chunk_020_lview_f008490.jpg,1
20260705_063651_FZTJPK_chunk_020_lview_f008640.jpg,1
20260705_063651_FZTJPK_chunk_020_lview_f008670.jpg,1
20260705_063651_FZTJPK_chunk_020_lview_f009000.jpg,1
20260705_063651_FZTJPK_chunk_020_lview_f009450.jpg,1
20260705_063651_FZTJPK_chunk_020_lview_f009480.jpg,1
20260705_063651_FZTJPK_chunk_020_lview_f009840.jpg,1
20260705_063651_FZTJPK_chunk_020_lview_f010080.jpg,1
20260705_063651_FZTJPK_chunk_020_lview_f010110.jpg,1
20260705_063651_FZTJPK_chunk_020_lview_f010140.jpg,1
20260705_063651_FZTJPK_chunk_020_lview_f010200.jpg,1
20260705_063651_FZTJPK_chunk_020_lview_f010230.jpg,1
20260705_063651_FZTJPK_chunk_020_lview_f010590.jpg,1
20260705_063651_FZTJPK_chunk_020_lview_f010620.jpg,1
20260705_063651_FZTJPK_chunk_020_lview_f010650.jpg,1
20260705_063651_FZTJPK_chunk_020_lview_f010680.jpg,1
20260705_063651_FZTJPK_chunk_020_lview_f010710.jpg,1
20260705_063651_FZTJPK_chunk_020_lview_f010740.jpg,1
20260705_063651_FZTJPK_chunk_020_lview_f010770.jpg,1
20260705_063651_FZTJPK_chunk_020_rview_f000090.jpg,1
20260705_063651_FZTJPK_chunk_020_rview_f000480.jpg,1
20260705_063651_FZTJPK_chunk_020_rview_f000780.jpg,1
20260705_063651_FZTJPK_chunk_020_rview_f000810.jpg,1
20260705_063651_FZTJPK_chunk_020_rview_f000840.jpg,1
20260705_063651_FZTJPK_chunk_020_rview_f000870.jpg,1
20260705_063651_FZTJPK_chunk_020_rview_f000900.jpg,1
20260705_063651_FZTJPK_chunk_020_rview_f000960.jpg,1
20260705_063651_FZTJPK_chunk_020_rview_f000990.jpg,1
20260705_063651_FZTJPK_chunk_020_rview_f001020.jpg,1
20260705_063651_FZTJPK_chunk_020_rview_f001050.jpg,1
20260705_063651_FZTJPK_chunk_020_rview_f001500.jpg,1
20260705_063651_FZTJPK_chunk_020_rview_f001530.jpg,1
20260705_063651_FZTJPK_chunk_020_rview_f001560.jpg,1
20260705_063651_FZTJPK_chunk_020_rview_f001590.jpg,1
20260705_063651_FZTJPK_chunk_020_rview_f001620.jpg,1
20260705_063651_FZTJPK_chunk_020_rview_f001650.jpg,1
20260705_063651_FZTJPK_chunk_020_rview_f001680.jpg,1
20260705_063651_FZTJPK_chunk_020_rview_f001830.jpg,1
20260705_063651_FZTJPK_chunk_020_rview_f002010.jpg,1
20260705_063651_FZTJPK_chunk_020_rview_f002040.jpg,1
20260705_063651_FZTJPK_chunk_020_rview_f002070.jpg,1
20260705_063651_FZTJPK_chunk_020_rview_f002760.jpg,1
20260705_063651_FZTJPK_chunk_020_rview_f003630.jpg,1
20260705_063651_FZTJPK_chunk_020_rview_f003660.jpg,1
20260705_063651_FZTJPK_chunk_020_rview_f003690.jpg,1
20260705_063651_FZTJPK_chunk_020_rview_f003720.jpg,1
20260705_063651_FZTJPK_chunk_020_rview_f003780.jpg,1
20260705_063651_FZTJPK_chunk_020_rview_f004470.jpg,1
20260705_063651_FZTJPK_chunk_020_rview_f004530.jpg,1
20260705_063651_FZTJPK_chunk_020_rview_f004860.jpg,1
20260705_063651_FZTJPK_chunk_020_rview_f004890.jpg,1
20260705_063651_FZTJPK_chunk_020_rview_f004920.jpg,1
20260705_063651_FZTJPK_chunk_020_rview_f004950.jpg,1
20260705_063651_FZTJPK_chunk_020_rview_f004980.jpg,1
20260705_063651_FZTJPK_chunk_020_rview_f005130.jpg,1
20260705_063651_FZTJPK_chunk_020_rview_f005310.jpg,1
20260705_063651_FZTJPK_chunk_020_rview_f005580.jpg,1
20260705_063651_FZTJPK_chunk_020_rview_f005610.jpg,1
20260705_063651_FZTJPK_chunk_020_rview_f005640.jpg,1
20260705_063651_FZTJPK_chunk_020_rview_f005670.jpg,1
20260705_063651_FZTJPK_chunk_020_rview_f005700.jpg,1
20260705_063651_FZTJPK_chunk_020_rview_f006120.jpg,1
20260705_063651_FZTJPK_chunk_020_rview_f006150.jpg,1
20260705_063651_FZTJPK_chunk_020_rview_f006360.jpg,1
20260705_063651_FZTJPK_chunk_020_rview_f006390.jpg,1
20260705_063651_FZTJPK_chunk_020_rview_f006420.jpg,1
20260705_063651_FZTJPK_chunk_020_rview_f006450.jpg,1
20260705_063651_FZTJPK_chunk_020_rview_f006480.jpg,1
20260705_063651_FZTJPK_chunk_020_rview_f006510.jpg,1
20260705_063651_FZTJPK_chunk_020_rview_f006540.jpg,1
20260705_063651_FZTJPK_chunk_020_rview_f006570.jpg,1
20260705_063651_FZTJPK_chunk_020_rview_f006600.jpg,1
20260705_063651_FZTJPK_chunk_020_rview_f006630.jpg,1
20260705_063651_FZTJPK_chunk_020_rview_f006840.jpg,1
20260705_063651_FZTJPK_chunk_020_rview_f007290.jpg,1
20260705_063651_FZTJPK_chunk_020_rview_f007320.jpg,1
20260705_063651_FZTJPK_chunk_020_rview_f007350.jpg,1
20260705_063651_FZTJPK_chunk_020_rview_f007380.jpg,1
20260705_063651_FZTJPK_chunk_020_rview_f007410.jpg,1
20260705_063651_FZTJPK_chunk_020_rview_f007440.jpg,1
20260705_063651_FZTJPK_chunk_020_rview_f007950.jpg,1
20260705_063651_FZTJPK_chunk_020_rview_f007980.jpg,1
20260705_063651_FZTJPK_chunk_020_rview_f008460.jpg,1
20260705_063651_FZTJPK_chunk_020_rview_f008490.jpg,1
20260705_063651_FZTJPK_chunk_020_rview_f008640.jpg,1
20260705_063651_FZTJPK_chunk_020_rview_f008670.jpg,1
20260705_063651_FZTJPK_chunk_020_rview_f008730.jpg,1
20260705_063651_FZTJPK_chunk_020_rview_f009420.jpg,1
20260705_063651_FZTJPK_chunk_020_rview_f009480.jpg,1
20260705_063651_FZTJPK_chunk_020_rview_f009570.jpg,1
20260705_063651_FZTJPK_chunk_020_rview_f009600.jpg,1
20260705_063651_FZTJPK_chunk_020_rview_f009750.jpg,1
20260705_063651_FZTJPK_chunk_020_rview_f010080.jpg,1
20260705_063651_FZTJPK_chunk_020_rview_f010110.jpg,1
20260705_063651_FZTJPK_chunk_020_rview_f010140.jpg,1
20260705_063651_FZTJPK_chunk_020_rview_f010200.jpg,1
20260705_063651_FZTJPK_chunk_020_rview_f010230.jpg,1
20260705_063651_FZTJPK_chunk_020_rview_f010590.jpg,1
20260705_063651_FZTJPK_chunk_020_rview_f010620.jpg,1
20260705_063651_FZTJPK_chunk_020_rview_f010650.jpg,1
20260705_063651_FZTJPK_chunk_020_rview_f010680.jpg,1
20260705_063651_FZTJPK_chunk_020_rview_f010710.jpg,1
20260705_063651_FZTJPK_chunk_020_rview_f010740.jpg,1
20260705_063651_FZTJPK_chunk_020_rview_f010770.jpg,1
20260705_093059_BWBVQM_002_f002085.jpg,1
20260705_102552_FLFCFA_chunk_000_lview_f000810.jpg,1
20260705_102552_FLFCFA_chunk_000_lview_f001050.jpg,1
20260705_102552_FLFCFA_chunk_000_lview_f001080.jpg,1
20260705_102552_FLFCFA_chunk_000_lview_f001110.jpg,1
20260705_102552_FLFCFA_chunk_000_lview_f001200.jpg,1
20260705_102552_FLFCFA_chunk_000_lview_f001470.jpg,1
20260705_102552_FLFCFA_chunk_000_lview_f003780.jpg,1
20260705_102552_FLFCFA_chunk_000_lview_f005850.jpg,1
20260705_102552_FLFCFA_chunk_000_lview_f005910.jpg,1
20260705_102552_FLFCFA_chunk_000_lview_f009960.jpg,1
20260705_102552_FLFCFA_chunk_000_lview_f010470.jpg,1
20260705_102552_FLFCFA_chunk_000_rview_f000960.jpg,1
20260705_102552_FLFCFA_chunk_000_rview_f001200.jpg,1
20260705_102552_FLFCFA_chunk_000_rview_f001230.jpg,1
20260705_102552_FLFCFA_chunk_000_rview_f001260.jpg,1
20260705_102552_FLFCFA_chunk_000_rview_f001350.jpg,1
20260705_102552_FLFCFA_chunk_000_rview_f003780.jpg,1
20260705_102552_FLFCFA_chunk_000_rview_f005850.jpg,1
20260705_102552_FLFCFA_chunk_000_rview_f005880.jpg,1
20260705_102552_FLFCFA_chunk_000_rview_f005910.jpg,1
20260705_102552_FLFCFA_chunk_000_rview_f005940.jpg,1
20260705_102552_FLFCFA_chunk_000_rview_f005970.jpg,1
20260705_102552_FLFCFA_chunk_000_rview_f006000.jpg,1
20260705_102552_FLFCFA_chunk_000_rview_f009960.jpg,1
20260705_102552_FLFCFA_chunk_000_rview_f010470.jpg,1
20260706_012617_XGHKZL_002_f007980.jpg,1
20260706_012617_XGHKZL_002_f009150.jpg,1
20260706_024401_ESDQFV_008_f000375.jpg,1
20260706_024401_ESDQFV_008_f000555.jpg,1
20260706_024401_ESDQFV_008_f000660.jpg,1
20260706_024401_ESDQFV_008_f000720.jpg,1
20260706_024401_ESDQFV_008_f000780.jpg,1
20260706_024401_ESDQFV_008_f000855.jpg,1
20260706_024401_ESDQFV_008_f000915.jpg,1
20260706_024401_ESDQFV_008_f001230.jpg,1
20260706_024401_ESDQFV_008_f001485.jpg,1
20260706_024401_ESDQFV_008_f001995.jpg,1
20260706_024401_ESDQFV_008_f003090.jpg,1
20260706_024401_ESDQFV_008_f003150.jpg,1
20260706_024401_ESDQFV_008_f003225.jpg,1
20260706_024401_ESDQFV_008_f003525.jpg,1
20260706_024401_ESDQFV_008_f003720.jpg,1
20260706_024401_ESDQFV_008_f004050.jpg,1
20260706_024401_ESDQFV_008_f004110.jpg,1
20260706_024401_ESDQFV_008_f004290.jpg,1
20260706_024401_ESDQFV_008_f006435.jpg,1
20260706_024401_ESDQFV_008_f008070.jpg,1
20260706_024401_ESDQFV_011_f000015.jpg,1
20260706_024401_ESDQFV_011_f000360.jpg,1
20260706_024401_ESDQFV_011_f000435.jpg,1
20260706_024401_ESDQFV_011_f000585.jpg,1
20260706_024401_ESDQFV_011_f001245.jpg,1
20260706_024401_ESDQFV_011_f001335.jpg,1
20260706_024401_ESDQFV_011_f001395.jpg,1
20260706_024401_ESDQFV_011_f001485.jpg,1
20260706_024401_ESDQFV_011_f001575.jpg,1
20260706_024401_ESDQFV_011_f001650.jpg,1
20260706_024401_ESDQFV_011_f001710.jpg,1
20260706_024401_ESDQFV_011_f001800.jpg,1
20260706_024401_ESDQFV_011_f004350.jpg,1
20260706_024401_ESDQFV_011_f004545.jpg,1
20260706_024401_ESDQFV_011_f004620.jpg,1
20260706_024401_ESDQFV_011_f004740.jpg,1
20260706_024401_ESDQFV_011_f004815.jpg,1
20260706_024401_ESDQFV_011_f004950.jpg,1
20260706_024401_ESDQFV_011_f005055.jpg,1
20260706_024401_ESDQFV_011_f005130.jpg,1
20260706_024401_ESDQFV_011_f006000.jpg,1
20260706_024401_ESDQFV_011_f006345.jpg,1
20260706_024401_ESDQFV_011_f008325.jpg,1
20260706_024401_ESDQFV_011_f008385.jpg,1
20260706_024401_ESDQFV_011_f008505.jpg,1
20260706_024401_ESDQFV_014_f000000.jpg,1
20260706_024401_ESDQFV_014_f000060.jpg,1
20260706_024401_ESDQFV_014_f000180.jpg,1
20260706_024401_ESDQFV_014_f000300.jpg,1
20260706_024401_ESDQFV_014_f000525.jpg,1
20260706_024401_ESDQFV_014_f000600.jpg,1
20260706_024401_ESDQFV_014_f000720.jpg,1
20260706_024401_ESDQFV_014_f001035.jpg,1
20260706_024401_ESDQFV_014_f001245.jpg,1
20260706_024401_ESDQFV_014_f002160.jpg,1
20260706_024401_ESDQFV_014_f003135.jpg,1
20260706_024401_ESDQFV_014_f003435.jpg,1
20260706_024401_ESDQFV_014_f003510.jpg,1
20260706_024401_ESDQFV_014_f003615.jpg,1
20260706_024401_ESDQFV_014_f004200.jpg,1
20260706_035555_WBRVUH_000_f000195.jpg,1
20260706_035555_WBRVUH_000_f001620.jpg,1
20260706_035555_WBRVUH_000_f001710.jpg,1
20260706_035555_WBRVUH_000_f001785.jpg,1
20260706_035555_WBRVUH_000_f001845.jpg,1
20260706_035555_WBRVUH_000_f001935.jpg,1
20260706_035555_WBRVUH_000_f002010.jpg,1
20260706_035555_WBRVUH_000_f002130.jpg,1
20260706_035555_WBRVUH_000_f002190.jpg,1
20260706_035555_WBRVUH_000_f002250.jpg,1
20260706_035555_WBRVUH_000_f002310.jpg,1
20260706_035555_WBRVUH_000_f002370.jpg,1
20260706_035555_WBRVUH_000_f002475.jpg,1
20260706_035555_WBRVUH_000_f002640.jpg,1
20260706_035555_WBRVUH_000_f002700.jpg,1
20260706_035555_WBRVUH_000_f002760.jpg,1
20260706_035555_WBRVUH_000_f002985.jpg,1
20260706_035555_WBRVUH_000_f003090.jpg,1
20260706_035555_WBRVUH_000_f003150.jpg,1
20260706_035555_WBRVUH_000_f003210.jpg,1
20260706_035555_WBRVUH_000_f003285.jpg,1
20260706_035555_WBRVUH_000_f003345.jpg,1
20260706_035555_WBRVUH_000_f003960.jpg,1
20260706_035555_WBRVUH_000_f004125.jpg,1
20260706_035555_WBRVUH_000_f007455.jpg,1
20260706_035555_WBRVUH_002_f003135.jpg,1
20260706_035555_WBRVUH_002_f003210.jpg,1
20260706_035555_WBRVUH_002_f003270.jpg,1
20260706_035555_WBRVUH_002_f003735.jpg,1
20260706_063834_BAHTNA_004_f004065.jpg,1
20260706_063834_BAHTNA_004_f004140.jpg,1
20260706_063834_BAHTNA_004_f004560.jpg,1
20260706_063834_BAHTNA_004_f004800.jpg,1
20260706_063834_BAHTNA_004_f007755.jpg,1
20260706_063834_BAHTNA_004_f007815.jpg,1
20260706_063834_BAHTNA_004_f008115.jpg,1
20260706_063834_BAHTNA_022_f000075.jpg,1
20260706_063834_BAHTNA_022_f000180.jpg,1
20260706_063834_BAHTNA_022_f000240.jpg,1
20260706_063834_BAHTNA_022_f000390.jpg,1
20260706_063834_BAHTNA_022_f000450.jpg,1
20260706_063834_BAHTNA_022_f000510.jpg,1
20260706_063834_BAHTNA_022_f000570.jpg,1
20260706_063834_BAHTNA_022_f000675.jpg,1
20260706_063834_BAHTNA_022_f000780.jpg,1
20260706_063834_BAHTNA_022_f000840.jpg,1
20260706_063834_BAHTNA_022_f001035.jpg,1
20260706_063834_BAHTNA_022_f001095.jpg,1
20260706_063834_BAHTNA_022_f001185.jpg,1
20260706_063834_BAHTNA_022_f001290.jpg,1
20260706_063834_BAHTNA_022_f001350.jpg,1
20260706_063834_BAHTNA_022_f001470.jpg,1
20260706_063834_BAHTNA_022_f001590.jpg,1
20260706_063834_BAHTNA_022_f001710.jpg,1
20260706_063834_BAHTNA_022_f001800.jpg,1
20260706_063834_BAHTNA_022_f001860.jpg,1
20260706_063834_BAHTNA_022_f001935.jpg,1
20260706_063834_BAHTNA_022_f002025.jpg,1
20260706_063834_BAHTNA_022_f002085.jpg,1
20260706_063834_BAHTNA_022_f002220.jpg,1
20260706_063834_BAHTNA_022_f002280.jpg,1
20260706_063834_BAHTNA_022_f002355.jpg,1
20260706_063834_BAHTNA_022_f002415.jpg,1
20260706_063834_BAHTNA_022_f002475.jpg,1
20260706_063834_BAHTNA_022_f002535.jpg,1
20260706_063834_BAHTNA_022_f002625.jpg,1
20260706_063834_BAHTNA_022_f002715.jpg,1
20260706_063834_BAHTNA_022_f002850.jpg,1
20260706_063834_BAHTNA_022_f003030.jpg,1
20260706_063834_BAHTNA_022_f003090.jpg,1
20260706_063834_BAHTNA_022_f003210.jpg,1
20260706_063834_BAHTNA_022_f003270.jpg,1
20260706_063834_BAHTNA_022_f003330.jpg,1
20260706_063834_BAHTNA_022_f003390.jpg,1
20260706_063834_BAHTNA_022_f003450.jpg,1
20260706_063834_BAHTNA_022_f003660.jpg,1
20260706_063834_BAHTNA_022_f003735.jpg,1
20260706_063834_BAHTNA_022_f003825.jpg,1
20260706_063834_BAHTNA_026_f000075.jpg,1
20260706_063834_BAHTNA_026_f000405.jpg,1
20260706_063834_BAHTNA_026_f002640.jpg,1
20260706_063834_BAHTNA_026_f002700.jpg,1
20260706_063834_BAHTNA_026_f002760.jpg,1
20260706_063834_BAHTNA_026_f002820.jpg,1
20260706_063834_BAHTNA_026_f005085.jpg,1
20260706_063834_BAHTNA_026_f005505.jpg,1
20260706_063834_BAHTNA_026_f005880.jpg,1
20260706_063834_BAHTNA_026_f007665.jpg,1
20260706_063834_BAHTNA_026_f010305.jpg,1
20260706_082936_YHAEWU_000_f000225.jpg,1
20260706_082936_YHAEWU_000_f000285.jpg,1
20260706_082936_YHAEWU_000_f000870.jpg,1
20260706_082936_YHAEWU_000_f001080.jpg,1
20260706_082936_YHAEWU_000_f002160.jpg,1
20260706_082936_YHAEWU_000_f002970.jpg,1
20260706_082936_YHAEWU_000_f003360.jpg,1
20260706_082936_YHAEWU_000_f003420.jpg,1
20260706_082936_YHAEWU_000_f004620.jpg,1
20260706_082936_YHAEWU_006_f000300.jpg,1
20260706_082936_YHAEWU_006_f000510.jpg,1
20260706_082936_YHAEWU_006_f001035.jpg,1
20260706_082936_YHAEWU_006_f003765.jpg,1
20260706_082936_YHAEWU_006_f004215.jpg,1
20260706_082936_YHAEWU_006_f005580.jpg,1
20260706_082936_YHAEWU_006_f006165.jpg,1
20260706_082936_YHAEWU_006_f007590.jpg,1
20260706_082936_YHAEWU_006_f007650.jpg,1
20260706_082936_YHAEWU_006_f008100.jpg,1
20260706_082936_YHAEWU_006_f008340.jpg,1
20260706_082936_YHAEWU_011_f000015.jpg,1
20260706_082936_YHAEWU_011_f000165.jpg,1
20260706_082936_YHAEWU_011_f000285.jpg,1
20260706_082936_YHAEWU_011_f000360.jpg,1
20260706_082936_YHAEWU_011_f000450.jpg,1
20260706_082936_YHAEWU_011_f000645.jpg,1
20260706_082936_YHAEWU_011_f000900.jpg,1
20260706_082936_YHAEWU_011_f001005.jpg,1
20260706_082936_YHAEWU_011_f001065.jpg,1
20260706_082936_YHAEWU_011_f001140.jpg,1
20260706_082936_YHAEWU_011_f001215.jpg,1
20260706_082936_YHAEWU_011_f001350.jpg,1
20260706_082936_YHAEWU_011_f001410.jpg,1
20260706_082936_YHAEWU_011_f001485.jpg,1
20260706_082936_YHAEWU_011_f001560.jpg,1
20260706_082936_YHAEWU_011_f001635.jpg,1
20260706_082936_YHAEWU_011_f001890.jpg,1
20260706_082936_YHAEWU_011_f002025.jpg,1
20260706_082936_YHAEWU_011_f002130.jpg,1
20260706_082936_YHAEWU_011_f002235.jpg,1
20260706_082936_YHAEWU_011_f002445.jpg,1
20260706_082936_YHAEWU_011_f002550.jpg,1
20260706_082936_YHAEWU_011_f002610.jpg,1
20260706_082936_YHAEWU_011_f002730.jpg,1
20260706_082936_YHAEWU_011_f002940.jpg,1
20260706_082936_YHAEWU_011_f003000.jpg,1
20260706_082936_YHAEWU_011_f003165.jpg,1
20260706_082936_YHAEWU_011_f003510.jpg,1
20260706_082936_YHAEWU_011_f003600.jpg,1
20260706_082936_YHAEWU_011_f003705.jpg,1
20260706_082936_YHAEWU_011_f003780.jpg,1
20260706_082936_YHAEWU_011_f004035.jpg,1
20260706_082936_YHAEWU_011_f004140.jpg,1
20260706_082936_YHAEWU_011_f004260.jpg,1
20260706_082936_YHAEWU_011_f004335.jpg,1
20260706_082936_YHAEWU_011_f005670.jpg,1
20260706_082936_YHAEWU_011_f006090.jpg,1
20260706_082936_YHAEWU_011_f006480.jpg,1
20260706_082936_YHAEWU_011_f007650.jpg,1
20260706_082936_YHAEWU_011_f008400.jpg,1
20260707_020619_YGYHVJ_001_f003585.jpg,1
20260707_020619_YGYHVJ_002_f002565.jpg,1
20260707_020619_YGYHVJ_002_f004050.jpg,1
20260707_021119_EBLWKH_001_f002040.jpg,1
20260707_031511_TQBWCX_000_f001770.jpg,1
20260707_031511_TQBWCX_000_f002370.jpg,1
20260707_031511_TQBWCX_000_f002595.jpg,1
20260707_031511_TQBWCX_000_f002955.jpg,1
20260707_031511_TQBWCX_000_f004455.jpg,1
20260707_031511_TQBWCX_000_f006090.jpg,1
20260707_031511_TQBWCX_001_f002385.jpg,1
20260707_031511_TQBWCX_001_f002445.jpg,1
20260707_031511_TQBWCX_001_f002505.jpg,1
20260707_031511_TQBWCX_001_f002565.jpg,1
20260707_031511_TQBWCX_001_f002625.jpg,1
20260707_031511_TQBWCX_004_f000495.jpg,1
20260707_031511_TQBWCX_004_f000945.jpg,1
20260707_031511_TQBWCX_004_f001005.jpg,1
20260707_031511_TQBWCX_004_f002760.jpg,1
20260707_031511_TQBWCX_004_f004980.jpg,1
20260707_031511_TQBWCX_004_f005100.jpg,1
20260707_031511_TQBWCX_004_f005190.jpg,1
20260707_031511_TQBWCX_004_f005280.jpg,1
20260707_031511_TQBWCX_004_f005355.jpg,1
20260707_031511_TQBWCX_004_f005820.jpg,1
20260707_031511_TQBWCX_004_f005940.jpg,1
20260707_031511_TQBWCX_004_f006000.jpg,1
20260707_031511_TQBWCX_004_f006105.jpg,1
20260707_031511_TQBWCX_004_f006180.jpg,1
20260707_031511_TQBWCX_004_f006285.jpg,1
20260707_031511_TQBWCX_004_f007200.jpg,1
20260707_031511_TQBWCX_004_f007545.jpg,1
20260707_031511_TQBWCX_004_f008160.jpg,1
20260707_031511_TQBWCX_004_f008280.jpg,1
20260707_031511_TQBWCX_004_f008340.jpg,1
20260707_031511_TQBWCX_004_f008400.jpg,1
20260707_031511_TQBWCX_004_f008460.jpg,1
20260707_031511_TQBWCX_004_f008535.jpg,1
20260707_031511_TQBWCX_004_f008625.jpg,1
20260707_031511_TQBWCX_004_f008685.jpg,1
20260707_031511_TQBWCX_004_f009420.jpg,1
20260707_031511_TQBWCX_004_f009480.jpg,1
20260707_031511_TQBWCX_004_f009540.jpg,1
20260707_031511_TQBWCX_004_f009615.jpg,1
20260707_031511_TQBWCX_004_f010530.jpg,1
20260707_031511_TQBWCX_004_f010590.jpg,1
20260707_031511_TQBWCX_004_f010650.jpg,1
20260707_053606_PWYWFX_chunk_001_lview_f000150.jpg,1
20260707_053606_PWYWFX_chunk_001_lview_f000180.jpg,1
20260707_053606_PWYWFX_chunk_001_lview_f000210.jpg,1
20260707_053606_PWYWFX_chunk_001_lview_f000330.jpg,1
20260707_053606_PWYWFX_chunk_001_lview_f000360.jpg,1
20260707_053606_PWYWFX_chunk_001_lview_f000510.jpg,1
20260707_053606_PWYWFX_chunk_001_lview_f000630.jpg,1
20260707_053606_PWYWFX_chunk_001_lview_f000750.jpg,1
20260707_053606_PWYWFX_chunk_001_lview_f001080.jpg,1
20260707_053606_PWYWFX_chunk_001_lview_f001110.jpg,1
20260707_053606_PWYWFX_chunk_001_lview_f001140.jpg,1
20260707_053606_PWYWFX_chunk_001_lview_f001350.jpg,1
20260707_053606_PWYWFX_chunk_001_lview_f001380.jpg,1
20260707_053606_PWYWFX_chunk_001_lview_f001410.jpg,1
20260707_053606_PWYWFX_chunk_001_lview_f001710.jpg,1
20260707_053606_PWYWFX_chunk_001_lview_f001740.jpg,1
20260707_053606_PWYWFX_chunk_001_lview_f001950.jpg,1
20260707_053606_PWYWFX_chunk_001_lview_f002220.jpg,1
20260707_053606_PWYWFX_chunk_001_lview_f002250.jpg,1
20260707_053606_PWYWFX_chunk_001_lview_f002430.jpg,1
20260707_053606_PWYWFX_chunk_001_lview_f002460.jpg,1
20260707_053606_PWYWFX_chunk_001_lview_f002580.jpg,1
20260707_053606_PWYWFX_chunk_001_lview_f002610.jpg,1
20260707_053606_PWYWFX_chunk_001_lview_f002640.jpg,1
20260707_053606_PWYWFX_chunk_001_lview_f002730.jpg,1
20260707_053606_PWYWFX_chunk_001_lview_f002760.jpg,1
20260707_053606_PWYWFX_chunk_001_lview_f002850.jpg,1
20260707_053606_PWYWFX_chunk_001_lview_f002880.jpg,1
20260707_053606_PWYWFX_chunk_001_lview_f002940.jpg,1
20260707_053606_PWYWFX_chunk_001_lview_f003150.jpg,1
20260707_053606_PWYWFX_chunk_001_lview_f003180.jpg,1
20260707_053606_PWYWFX_chunk_001_lview_f003210.jpg,1
20260707_053606_PWYWFX_chunk_001_lview_f003240.jpg,1
20260707_053606_PWYWFX_chunk_001_lview_f003390.jpg,1
20260707_053606_PWYWFX_chunk_001_lview_f003420.jpg,1
20260707_053606_PWYWFX_chunk_001_lview_f003540.jpg,1
20260707_053606_PWYWFX_chunk_001_lview_f003660.jpg,1
20260707_053606_PWYWFX_chunk_001_lview_f003720.jpg,1
20260707_053606_PWYWFX_chunk_001_lview_f003750.jpg,1
20260707_053606_PWYWFX_chunk_001_lview_f003780.jpg,1
20260707_053606_PWYWFX_chunk_001_lview_f003810.jpg,1
20260707_053606_PWYWFX_chunk_001_lview_f003840.jpg,1
20260707_053606_PWYWFX_chunk_001_lview_f003870.jpg,1
20260707_053606_PWYWFX_chunk_001_lview_f003900.jpg,1
20260707_053606_PWYWFX_chunk_001_lview_f003990.jpg,1
20260707_053606_PWYWFX_chunk_001_lview_f004290.jpg,1
20260707_053606_PWYWFX_chunk_001_lview_f004380.jpg,1
20260707_053606_PWYWFX_chunk_001_lview_f004410.jpg,1
20260707_053606_PWYWFX_chunk_001_lview_f004440.jpg,1
20260707_053606_PWYWFX_chunk_001_lview_f004470.jpg,1
20260707_053606_PWYWFX_chunk_001_lview_f004500.jpg,1
20260707_053606_PWYWFX_chunk_001_lview_f004560.jpg,1
20260707_053606_PWYWFX_chunk_001_lview_f004740.jpg,1
20260707_053606_PWYWFX_chunk_001_lview_f004830.jpg,1
20260707_053606_PWYWFX_chunk_001_lview_f004860.jpg,1
20260707_053606_PWYWFX_chunk_001_lview_f004950.jpg,1
20260707_053606_PWYWFX_chunk_001_lview_f004980.jpg,1
20260707_053606_PWYWFX_chunk_001_lview_f005310.jpg,1
20260707_053606_PWYWFX_chunk_001_lview_f005700.jpg,1
20260707_053606_PWYWFX_chunk_001_lview_f005730.jpg,1
20260707_053606_PWYWFX_chunk_001_lview_f006150.jpg,1
20260707_053606_PWYWFX_chunk_001_lview_f006900.jpg,1
20260707_053606_PWYWFX_chunk_001_lview_f006930.jpg,1
20260707_053606_PWYWFX_chunk_001_lview_f006960.jpg,1
20260707_053606_PWYWFX_chunk_001_lview_f007110.jpg,1
20260707_053606_PWYWFX_chunk_001_lview_f007140.jpg,1
20260707_053606_PWYWFX_chunk_001_lview_f007170.jpg,1
20260707_053606_PWYWFX_chunk_001_lview_f007710.jpg,1
20260707_053606_PWYWFX_chunk_001_lview_f008130.jpg,1
20260707_053606_PWYWFX_chunk_001_lview_f008160.jpg,1
20260707_053606_PWYWFX_chunk_001_lview_f008580.jpg,1
20260707_053606_PWYWFX_chunk_001_lview_f008790.jpg,1
20260707_053606_PWYWFX_chunk_001_lview_f008910.jpg,1
20260707_053606_PWYWFX_chunk_001_lview_f009120.jpg,1
20260707_053606_PWYWFX_chunk_001_lview_f009330.jpg,1
20260707_053606_PWYWFX_chunk_001_lview_f009390.jpg,1
20260707_053606_PWYWFX_chunk_001_lview_f009480.jpg,1
20260707_053606_PWYWFX_chunk_001_lview_f009570.jpg,1
20260707_053606_PWYWFX_chunk_001_lview_f009630.jpg,1
20260707_053606_PWYWFX_chunk_001_lview_f009660.jpg,1
20260707_053606_PWYWFX_chunk_001_lview_f009690.jpg,1
20260707_053606_PWYWFX_chunk_001_lview_f009900.jpg,1
20260707_053606_PWYWFX_chunk_001_lview_f009930.jpg,1
20260707_053606_PWYWFX_chunk_001_lview_f010080.jpg,1
20260707_053606_PWYWFX_chunk_001_lview_f010110.jpg,1
20260707_053606_PWYWFX_chunk_001_lview_f010200.jpg,1
20260707_053606_PWYWFX_chunk_001_lview_f010230.jpg,1
20260707_053606_PWYWFX_chunk_001_lview_f010440.jpg,1
20260707_053606_PWYWFX_chunk_001_lview_f010500.jpg,1
20260707_053606_PWYWFX_chunk_001_lview_f010530.jpg,1
20260707_053606_PWYWFX_chunk_001_lview_f010650.jpg,1
20260707_053606_PWYWFX_chunk_001_lview_f010710.jpg,1
20260707_053606_PWYWFX_chunk_001_lview_f010740.jpg,1
20260707_053606_PWYWFX_chunk_001_lview_f010770.jpg,1
20260707_053606_PWYWFX_chunk_001_rview_f000150.jpg,1
20260707_053606_PWYWFX_chunk_001_rview_f000180.jpg,1
20260707_053606_PWYWFX_chunk_001_rview_f000210.jpg,1
20260707_053606_PWYWFX_chunk_001_rview_f000330.jpg,1
20260707_053606_PWYWFX_chunk_001_rview_f000360.jpg,1
20260707_053606_PWYWFX_chunk_001_rview_f000510.jpg,1
20260707_053606_PWYWFX_chunk_001_rview_f000540.jpg,1
20260707_053606_PWYWFX_chunk_001_rview_f001080.jpg,1
20260707_053606_PWYWFX_chunk_001_rview_f001140.jpg,1
20260707_053606_PWYWFX_chunk_001_rview_f001350.jpg,1
20260707_053606_PWYWFX_chunk_001_rview_f001380.jpg,1
20260707_053606_PWYWFX_chunk_001_rview_f001410.jpg,1
20260707_053606_PWYWFX_chunk_001_rview_f001500.jpg,1
20260707_053606_PWYWFX_chunk_001_rview_f001530.jpg,1
20260707_053606_PWYWFX_chunk_001_rview_f001680.jpg,1
20260707_053606_PWYWFX_chunk_001_rview_f001710.jpg,1
20260707_053606_PWYWFX_chunk_001_rview_f001920.jpg,1
20260707_053606_PWYWFX_chunk_001_rview_f001950.jpg,1
20260707_053606_PWYWFX_chunk_001_rview_f002190.jpg,1
20260707_053606_PWYWFX_chunk_001_rview_f002220.jpg,1
20260707_053606_PWYWFX_chunk_001_rview_f002430.jpg,1
20260707_053606_PWYWFX_chunk_001_rview_f002580.jpg,1
20260707_053606_PWYWFX_chunk_001_rview_f002610.jpg,1
20260707_053606_PWYWFX_chunk_001_rview_f002640.jpg,1
20260707_053606_PWYWFX_chunk_001_rview_f002790.jpg,1
20260707_053606_PWYWFX_chunk_001_rview_f002850.jpg,1
20260707_053606_PWYWFX_chunk_001_rview_f002880.jpg,1
20260707_053606_PWYWFX_chunk_001_rview_f002910.jpg,1
20260707_053606_PWYWFX_chunk_001_rview_f002940.jpg,1
20260707_053606_PWYWFX_chunk_001_rview_f003060.jpg,1
20260707_053606_PWYWFX_chunk_001_rview_f003150.jpg,1
20260707_053606_PWYWFX_chunk_001_rview_f003210.jpg,1
20260707_053606_PWYWFX_chunk_001_rview_f003360.jpg,1
20260707_053606_PWYWFX_chunk_001_rview_f003390.jpg,1
20260707_053606_PWYWFX_chunk_001_rview_f003420.jpg,1
20260707_053606_PWYWFX_chunk_001_rview_f003540.jpg,1
20260707_053606_PWYWFX_chunk_001_rview_f003660.jpg,1
20260707_053606_PWYWFX_chunk_001_rview_f003720.jpg,1
20260707_053606_PWYWFX_chunk_001_rview_f003750.jpg,1
20260707_053606_PWYWFX_chunk_001_rview_f003780.jpg,1
20260707_053606_PWYWFX_chunk_001_rview_f003810.jpg,1
20260707_053606_PWYWFX_chunk_001_rview_f003840.jpg,1
20260707_053606_PWYWFX_chunk_001_rview_f004170.jpg,1
20260707_053606_PWYWFX_chunk_001_rview_f004290.jpg,1
20260707_053606_PWYWFX_chunk_001_rview_f004380.jpg,1
20260707_053606_PWYWFX_chunk_001_rview_f004410.jpg,1
20260707_053606_PWYWFX_chunk_001_rview_f004440.jpg,1
20260707_053606_PWYWFX_chunk_001_rview_f004470.jpg,1
20260707_053606_PWYWFX_chunk_001_rview_f004500.jpg,1
20260707_053606_PWYWFX_chunk_001_rview_f004680.jpg,1
20260707_053606_PWYWFX_chunk_001_rview_f004710.jpg,1
20260707_053606_PWYWFX_chunk_001_rview_f004860.jpg,1
20260707_053606_PWYWFX_chunk_001_rview_f004950.jpg,1
20260707_053606_PWYWFX_chunk_001_rview_f004980.jpg,1
20260707_053606_PWYWFX_chunk_001_rview_f005160.jpg,1
20260707_053606_PWYWFX_chunk_001_rview_f005190.jpg,1
20260707_053606_PWYWFX_chunk_001_rview_f005310.jpg,1
20260707_053606_PWYWFX_chunk_001_rview_f006000.jpg,1
20260707_053606_PWYWFX_chunk_001_rview_f006030.jpg,1
20260707_053606_PWYWFX_chunk_001_rview_f006060.jpg,1
20260707_053606_PWYWFX_chunk_001_rview_f006090.jpg,1
20260707_053606_PWYWFX_chunk_001_rview_f006120.jpg,1
20260707_053606_PWYWFX_chunk_001_rview_f006150.jpg,1
20260707_053606_PWYWFX_chunk_001_rview_f006930.jpg,1
20260707_053606_PWYWFX_chunk_001_rview_f006960.jpg,1
20260707_053606_PWYWFX_chunk_001_rview_f007140.jpg,1
20260707_053606_PWYWFX_chunk_001_rview_f007260.jpg,1
20260707_053606_PWYWFX_chunk_001_rview_f007290.jpg,1
20260707_053606_PWYWFX_chunk_001_rview_f007380.jpg,1
20260707_053606_PWYWFX_chunk_001_rview_f007410.jpg,1
20260707_053606_PWYWFX_chunk_001_rview_f007710.jpg,1
20260707_053606_PWYWFX_chunk_001_rview_f007800.jpg,1
20260707_053606_PWYWFX_chunk_001_rview_f007830.jpg,1
20260707_053606_PWYWFX_chunk_001_rview_f008250.jpg,1
20260707_053606_PWYWFX_chunk_001_rview_f008400.jpg,1
20260707_053606_PWYWFX_chunk_001_rview_f008430.jpg,1
20260707_053606_PWYWFX_chunk_001_rview_f008550.jpg,1
20260707_053606_PWYWFX_chunk_001_rview_f008580.jpg,1
20260707_053606_PWYWFX_chunk_001_rview_f008790.jpg,1
20260707_053606_PWYWFX_chunk_001_rview_f008910.jpg,1
20260707_053606_PWYWFX_chunk_001_rview_f008970.jpg,1
20260707_053606_PWYWFX_chunk_001_rview_f009120.jpg,1
20260707_053606_PWYWFX_chunk_001_rview_f009630.jpg,1
20260707_053606_PWYWFX_chunk_001_rview_f009660.jpg,1
20260707_053606_PWYWFX_chunk_001_rview_f009690.jpg,1
20260707_053606_PWYWFX_chunk_001_rview_f009900.jpg,1
20260707_053606_PWYWFX_chunk_001_rview_f009930.jpg,1
20260707_053606_PWYWFX_chunk_001_rview_f010080.jpg,1
20260707_053606_PWYWFX_chunk_001_rview_f010110.jpg,1
20260707_053606_PWYWFX_chunk_001_rview_f010200.jpg,1
20260707_053606_PWYWFX_chunk_001_rview_f010230.jpg,1
20260707_053606_PWYWFX_chunk_001_rview_f010440.jpg,1
20260707_053606_PWYWFX_chunk_001_rview_f010500.jpg,1
20260707_053606_PWYWFX_chunk_001_rview_f010530.jpg,1
20260707_053606_PWYWFX_chunk_001_rview_f010710.jpg,1
20260707_053606_PWYWFX_chunk_001_rview_f010740.jpg,1
20260707_053606_PWYWFX_chunk_001_rview_f010770.jpg,1
20260707_065459_MGAWTV_000_f000060.jpg,1
20260707_065459_MGAWTV_000_f000135.jpg,1
20260707_065459_MGAWTV_000_f000225.jpg,1
20260707_065459_MGAWTV_000_f000330.jpg,1
20260707_065459_MGAWTV_000_f000390.jpg,1
20260707_065459_MGAWTV_000_f000450.jpg,1
20260707_065459_MGAWTV_000_f000510.jpg,1
20260707_065459_MGAWTV_000_f000585.jpg,1
20260707_065459_MGAWTV_000_f000645.jpg,1
20260707_065459_MGAWTV_000_f000840.jpg,1
20260707_065459_MGAWTV_000_f000900.jpg,1
20260707_065459_MGAWTV_000_f000975.jpg,1
20260707_065459_MGAWTV_000_f001035.jpg,1
20260707_065459_MGAWTV_000_f001185.jpg,1
20260707_065459_MGAWTV_000_f001260.jpg,1
20260707_065459_MGAWTV_000_f001395.jpg,1
20260707_065459_MGAWTV_000_f005505.jpg,1
20260707_065459_MGAWTV_000_f005625.jpg,1
20260707_065459_MGAWTV_000_f005715.jpg,1
20260707_065459_MGAWTV_000_f006030.jpg,1
20260707_065459_MGAWTV_000_f006210.jpg,1
20260707_065459_MGAWTV_003_f000120.jpg,1
20260707_065459_MGAWTV_003_f000240.jpg,1
20260707_065459_MGAWTV_003_f000390.jpg,1
20260707_065459_MGAWTV_003_f000675.jpg,1
20260707_065459_MGAWTV_003_f000750.jpg,1
20260707_065459_MGAWTV_003_f001695.jpg,1
20260707_065459_MGAWTV_003_f001965.jpg,1
20260707_065459_MGAWTV_003_f002040.jpg,1
20260707_065459_MGAWTV_003_f002190.jpg,1
20260707_065459_MGAWTV_003_f004200.jpg,1
20260707_065459_MGAWTV_003_f004995.jpg,1
20260707_065459_MGAWTV_003_f005070.jpg,1
20260707_065459_MGAWTV_003_f005130.jpg,1
20260707_065459_MGAWTV_003_f005310.jpg,1
20260707_065459_MGAWTV_003_f005940.jpg,1
20260707_065459_MGAWTV_003_f006120.jpg,1
20260707_065459_MGAWTV_003_f006210.jpg,1
20260707_065459_MGAWTV_003_f006270.jpg,1
20260707_065459_MGAWTV_003_f007005.jpg,1
20260707_065459_MGAWTV_003_f007140.jpg,1
20260707_065459_MGAWTV_012_f000630.jpg,1
20260707_065459_MGAWTV_012_f000720.jpg,1
20260707_065459_MGAWTV_012_f000780.jpg,1
20260707_065459_MGAWTV_012_f000945.jpg,1
20260707_065459_MGAWTV_012_f001095.jpg,1
20260707_065459_MGAWTV_012_f001320.jpg,1
20260707_065459_MGAWTV_012_f001380.jpg,1
20260707_065459_MGAWTV_012_f001470.jpg,1
20260707_065459_MGAWTV_012_f001530.jpg,1
20260707_065459_MGAWTV_012_f001590.jpg,1
20260707_065459_MGAWTV_012_f001650.jpg,1
20260707_065459_MGAWTV_012_f001995.jpg,1
20260707_065459_MGAWTV_012_f004380.jpg,1
20260707_065459_MGAWTV_012_f004545.jpg,1
20260707_065459_MGAWTV_012_f006720.jpg,1
20260707_065459_MGAWTV_012_f006780.jpg,1
20260707_065459_MGAWTV_012_f006855.jpg,1
20260707_065459_MGAWTV_012_f007125.jpg,1
20260707_065459_MGAWTV_012_f007185.jpg,1
20260707_070332_LNHPNZ_010_f000090.jpg,1
20260707_070332_LNHPNZ_010_f003810.jpg,1
20260707_070907_KQSVQC_010_f002655.jpg,1
20260707_070907_KQSVQC_010_f003690.jpg,1
20260707_070907_KQSVQC_010_f003750.jpg,1
20260707_070907_KQSVQC_010_f003870.jpg,1
20260707_070907_KQSVQC_010_f004710.jpg,1
20260707_070907_KQSVQC_010_f004830.jpg,1
20260707_070907_KQSVQC_010_f005025.jpg,1
20260707_070907_KQSVQC_010_f005085.jpg,1
20260707_070907_KQSVQC_010_f005145.jpg,1
20260707_070907_KQSVQC_010_f005265.jpg,1
20260707_070907_KQSVQC_010_f005580.jpg,1
20260707_070907_KQSVQC_010_f005640.jpg,1
20260707_070907_KQSVQC_010_f005790.jpg,1
20260707_070907_KQSVQC_010_f005865.jpg,1
20260707_070907_KQSVQC_010_f005925.jpg,1
20260707_070907_KQSVQC_010_f005985.jpg,1
20260707_070907_KQSVQC_010_f006135.jpg,1
20260707_070907_KQSVQC_010_f007065.jpg,1
20260707_070907_KQSVQC_010_f007230.jpg,1
20260707_070907_KQSVQC_010_f007650.jpg,1
20260707_070907_KQSVQC_010_f007875.jpg,1
20260707_070907_KQSVQC_010_f008160.jpg,1
20260707_070907_KQSVQC_010_f008220.jpg,1
20260707_070907_KQSVQC_010_f008730.jpg,1
20260707_070907_KQSVQC_010_f008970.jpg,1
20260707_070907_KQSVQC_010_f009120.jpg,1
20260707_070907_KQSVQC_010_f009270.jpg,1
20260707_070907_KQSVQC_010_f010200.jpg,1
20260707_070907_KQSVQC_012_f000075.jpg,1
20260707_070907_KQSVQC_012_f000135.jpg,1
20260707_070907_KQSVQC_012_f000210.jpg,1
20260707_070907_KQSVQC_012_f000360.jpg,1
20260707_070907_KQSVQC_012_f000495.jpg,1
20260707_070907_KQSVQC_012_f000735.jpg,1
20260707_070907_KQSVQC_012_f001155.jpg,1
20260707_070907_KQSVQC_012_f001215.jpg,1
20260707_070907_KQSVQC_012_f004320.jpg,1
20260707_070907_KQSVQC_012_f005265.jpg,1
20260707_070907_KQSVQC_012_f005445.jpg,1
20260707_070907_KQSVQC_012_f005655.jpg,1
20260707_070907_KQSVQC_012_f005970.jpg,1
20260707_070907_KQSVQC_012_f006225.jpg,1
20260707_070907_KQSVQC_012_f006405.jpg,1
20260707_070907_KQSVQC_012_f006465.jpg,1
20260707_070907_KQSVQC_012_f006630.jpg,1
20260707_070907_KQSVQC_012_f006915.jpg,1
20260707_070907_KQSVQC_012_f006975.jpg,1
20260707_070907_KQSVQC_012_f007125.jpg,1
20260707_070907_KQSVQC_012_f007185.jpg,1
20260707_070907_KQSVQC_012_f007470.jpg,1
20260707_070907_KQSVQC_012_f008070.jpg,1
20260707_070907_KQSVQC_012_f008415.jpg,1
20260707_070907_KQSVQC_012_f008625.jpg,1
20260707_070907_KQSVQC_014_f000000.jpg,1
20260707_070907_KQSVQC_014_f001500.jpg,1
20260707_070907_KQSVQC_014_f002205.jpg,1
20260707_070907_KQSVQC_014_f002805.jpg,1
20260707_070907_KQSVQC_014_f002910.jpg,1
20260707_070907_KQSVQC_014_f003045.jpg,1
20260707_070907_KQSVQC_014_f003285.jpg,1
20260707_105540_YSVQEJ_002_f000375.jpg,1
20260707_105540_YSVQEJ_002_f000435.jpg,1
20260707_105540_YSVQEJ_002_f000495.jpg,1
20260707_105540_YSVQEJ_002_f003000.jpg,1
20260707_105540_YSVQEJ_002_f003255.jpg,1
20260707_105540_YSVQEJ_002_f003525.jpg,1
20260707_105540_YSVQEJ_002_f003585.jpg,1
20260707_105540_YSVQEJ_002_f003645.jpg,1
20260707_105540_YSVQEJ_002_f003855.jpg,1
20260707_105540_YSVQEJ_002_f003915.jpg,1
20260707_105540_YSVQEJ_002_f006000.jpg,1
20260707_105540_YSVQEJ_002_f006645.jpg,1
20260707_105540_YSVQEJ_002_f006825.jpg,1
20260707_105540_YSVQEJ_003_f000225.jpg,1
20260707_105540_YSVQEJ_003_f001125.jpg,1
20260707_105540_YSVQEJ_003_f001410.jpg,1
20260707_105540_YSVQEJ_003_f005580.jpg,1
20260707_105540_YSVQEJ_003_f005655.jpg,1
20260707_105540_YSVQEJ_003_f005730.jpg,1
20260707_105540_YSVQEJ_003_f005790.jpg,1
20260707_105540_YSVQEJ_003_f005895.jpg,1
20260707_105540_YSVQEJ_003_f005970.jpg,1
20260707_105540_YSVQEJ_003_f006165.jpg,1
20260707_105540_YSVQEJ_003_f006225.jpg,1
20260707_105540_YSVQEJ_003_f006285.jpg,1
20260707_105540_YSVQEJ_003_f006360.jpg,1
20260707_105540_YSVQEJ_003_f006420.jpg,1
20260707_105540_YSVQEJ_003_f007515.jpg,1
20260707_105540_YSVQEJ_003_f008400.jpg,1
20260707_105540_YSVQEJ_003_f008460.jpg,1
20260707_105540_YSVQEJ_003_f008670.jpg,1
20260707_105540_YSVQEJ_005_f000240.jpg,1
20260707_105540_YSVQEJ_005_f000405.jpg,1
20260707_105540_YSVQEJ_005_f000555.jpg,1
20260707_105540_YSVQEJ_005_f001710.jpg,1
20260707_105540_YSVQEJ_005_f002535.jpg,1
20260707_105540_YSVQEJ_005_f002595.jpg,1
20260707_105540_YSVQEJ_005_f002790.jpg,1
20260707_105540_YSVQEJ_005_f002850.jpg,1
20260707_105540_YSVQEJ_005_f002925.jpg,1
20260707_105540_YSVQEJ_005_f003105.jpg,1
20260707_105540_YSVQEJ_005_f003225.jpg,1
20260707_105540_YSVQEJ_005_f003285.jpg,1
20260707_105540_YSVQEJ_005_f003810.jpg,1
20260707_105540_YSVQEJ_005_f003870.jpg,1
20260707_105540_YSVQEJ_005_f004260.jpg,1
20260707_105540_YSVQEJ_005_f004815.jpg,1
20260707_105540_YSVQEJ_005_f006135.jpg,1
20260707_105540_YSVQEJ_005_f006195.jpg,1
20260707_105540_YSVQEJ_005_f006270.jpg,1
20260707_105540_YSVQEJ_005_f006330.jpg,1
20260707_105540_YSVQEJ_005_f006450.jpg,1
20260707_105540_YSVQEJ_005_f006510.jpg,1
20260707_105540_YSVQEJ_005_f006600.jpg,1
20260707_105540_YSVQEJ_005_f006735.jpg,1
20260707_105540_YSVQEJ_005_f006810.jpg,1
20260707_105540_YSVQEJ_005_f006915.jpg,1
20260707_105540_YSVQEJ_005_f006975.jpg,1
20260707_105540_YSVQEJ_005_f007185.jpg,1
20260707_105540_YSVQEJ_005_f009450.jpg,1
20260707_113255_RDJKJH_000_f000015.jpg,1
20260707_113255_RDJKJH_000_f000075.jpg,1
20260707_113255_RDJKJH_000_f000135.jpg,1
20260707_113255_RDJKJH_000_f000465.jpg,1
20260707_113255_RDJKJH_000_f000540.jpg,1
20260707_113255_RDJKJH_000_f000825.jpg,1
20260707_113255_RDJKJH_000_f000885.jpg,1
20260707_113255_RDJKJH_000_f001020.jpg,1
20260707_113255_RDJKJH_000_f001260.jpg,1
20260707_113255_RDJKJH_000_f001770.jpg,1
20260707_113255_RDJKJH_000_f002040.jpg,1
20260707_113255_RDJKJH_000_f002130.jpg,1
20260707_113255_RDJKJH_000_f002340.jpg,1
20260707_113255_RDJKJH_000_f002550.jpg,1
20260707_113255_RDJKJH_000_f002985.jpg,1
20260707_113255_RDJKJH_000_f003045.jpg,1
20260707_113255_RDJKJH_000_f003120.jpg,1
20260707_113255_RDJKJH_000_f003225.jpg,1
20260707_113255_RDJKJH_000_f003285.jpg,1
20260707_113255_RDJKJH_000_f003885.jpg,1
20260707_113255_RDJKJH_000_f003945.jpg,1
20260707_113255_RDJKJH_000_f004005.jpg,1
20260707_113255_RDJKJH_000_f004080.jpg,1
20260707_113255_RDJKJH_000_f004185.jpg,1
20260707_113255_RDJKJH_000_f004425.jpg,1
20260707_113255_RDJKJH_000_f004725.jpg,1
20260707_113255_RDJKJH_000_f005265.jpg,1
20260707_113255_RDJKJH_000_f005595.jpg,1
20260707_113255_RDJKJH_000_f005685.jpg,1
20260707_113255_RDJKJH_000_f005955.jpg,1
20260707_113255_RDJKJH_000_f006015.jpg,1
20260707_113255_RDJKJH_000_f006075.jpg,1
20260707_113255_RDJKJH_000_f006405.jpg,1
20260707_113255_RDJKJH_000_f006555.jpg,1
20260707_113255_RDJKJH_000_f007830.jpg,1
20260707_113255_RDJKJH_000_f008190.jpg,1
20260707_113255_RDJKJH_000_f009285.jpg,1
20260707_113255_RDJKJH_000_f009885.jpg,1
20260707_113255_RDJKJH_000_f009990.jpg,1
20260707_113255_RDJKJH_000_f010350.jpg,1
20260707_113255_RDJKJH_001_f000015.jpg,1
20260707_113255_RDJKJH_001_f000255.jpg,1
20260707_113255_RDJKJH_001_f000660.jpg,1
20260707_113255_RDJKJH_001_f001260.jpg,1
20260707_113255_RDJKJH_001_f001545.jpg,1
20260707_113255_RDJKJH_001_f001605.jpg,1
20260707_113255_RDJKJH_001_f001680.jpg,1
20260707_113255_RDJKJH_001_f001800.jpg,1
20260707_113255_RDJKJH_001_f001905.jpg,1
20260707_113255_RDJKJH_001_f001965.jpg,1
20260707_113255_RDJKJH_001_f002160.jpg,1
20260707_113255_RDJKJH_001_f002220.jpg,1
20260707_113255_RDJKJH_001_f002280.jpg,1
20260707_113255_RDJKJH_001_f002445.jpg,1
20260707_113255_RDJKJH_001_f002505.jpg,1
20260707_113255_RDJKJH_001_f002565.jpg,1
20260707_113255_RDJKJH_001_f003780.jpg,1
20260707_113255_RDJKJH_001_f005385.jpg,1
20260707_113255_RDJKJH_001_f007710.jpg,1
20260709_021525_WESKWK_000_f000030.jpg,1
20260709_021525_WESKWK_000_f000120.jpg,1
20260709_021525_WESKWK_000_f000195.jpg,1
20260709_021525_WESKWK_000_f000315.jpg,1
20260709_021525_WESKWK_000_f000720.jpg,1
20260709_021525_WESKWK_000_f000780.jpg,1
20260709_021525_WESKWK_000_f000945.jpg,1
20260709_021525_WESKWK_000_f001425.jpg,1
20260709_021525_WESKWK_000_f001500.jpg,1
20260709_021525_WESKWK_000_f001605.jpg,1
20260709_021525_WESKWK_000_f001740.jpg,1
20260709_021525_WESKWK_000_f002130.jpg,1
20260709_021525_WESKWK_000_f002325.jpg,1
20260709_021525_WESKWK_000_f002415.jpg,1
20260709_021525_WESKWK_000_f002490.jpg,1
20260709_021525_WESKWK_000_f003570.jpg,1
20260709_021525_WESKWK_000_f004155.jpg,1
20260709_021525_WESKWK_000_f004905.jpg,1
20260709_021525_WESKWK_000_f005040.jpg,1
20260709_021525_WESKWK_000_f005220.jpg,1
20260709_021525_WESKWK_001_f000030.jpg,1
20260709_021525_WESKWK_001_f000090.jpg,1
20260709_021525_WESKWK_001_f000150.jpg,1
20260709_021525_WESKWK_001_f000210.jpg,1
20260709_021525_WESKWK_001_f000270.jpg,1
20260709_021525_WESKWK_001_f000330.jpg,1
20260709_021525_WESKWK_001_f000450.jpg,1
20260709_021525_WESKWK_001_f000525.jpg,1
20260709_021525_WESKWK_001_f000585.jpg,1
20260709_021525_WESKWK_001_f000690.jpg,1
20260709_021525_WESKWK_001_f000780.jpg,1
20260709_021525_WESKWK_001_f000855.jpg,1
20260709_021525_WESKWK_001_f000915.jpg,1
20260709_021525_WESKWK_001_f001020.jpg,1
20260709_021525_WESKWK_001_f001125.jpg,1
20260709_021525_WESKWK_001_f001215.jpg,1
20260709_021525_WESKWK_001_f001290.jpg,1
20260709_021525_WESKWK_001_f001485.jpg,1
20260709_021525_WESKWK_001_f001620.jpg,1
20260709_021525_WESKWK_001_f001995.jpg,1
20260709_021525_WESKWK_001_f002100.jpg,1
20260709_021525_WESKWK_001_f002580.jpg,1
20260709_021525_WESKWK_001_f002640.jpg,1
20260709_021525_WESKWK_001_f002700.jpg,1
20260709_021525_WESKWK_001_f002760.jpg,1
20260709_021525_WESKWK_001_f002820.jpg,1
20260709_021525_WESKWK_001_f002910.jpg,1
20260709_021525_WESKWK_001_f003000.jpg,1
20260709_021525_WESKWK_001_f003075.jpg,1
20260709_021525_WESKWK_001_f003135.jpg,1
20260709_021525_WESKWK_001_f003210.jpg,1
20260709_021525_WESKWK_001_f003450.jpg,1
20260709_021525_WESKWK_001_f003540.jpg,1
20260709_021525_WESKWK_001_f003750.jpg,1
20260709_021525_WESKWK_001_f003810.jpg,1
20260709_021525_WESKWK_001_f004080.jpg,1
20260709_021525_WESKWK_001_f004140.jpg,1
20260709_021525_WESKWK_001_f004665.jpg,1
20260709_021525_WESKWK_001_f004725.jpg,1
20260709_021525_WESKWK_001_f005205.jpg,1
20260709_032250_ZPECPQ_000_f000690.jpg,1
20260709_032250_ZPECPQ_000_f003180.jpg,1
20260709_032250_ZPECPQ_000_f004065.jpg,1
20260709_032250_ZPECPQ_000_f005505.jpg,1
20260709_032250_ZPECPQ_000_f005610.jpg,1
20260709_032250_ZPECPQ_000_f006510.jpg,1
20260709_032250_ZPECPQ_000_f006930.jpg,1
20260709_032250_ZPECPQ_000_f007965.jpg,1
20260709_032250_ZPECPQ_000_f008625.jpg,1
20260709_032250_ZPECPQ_000_f008970.jpg,1
20260709_032250_ZPECPQ_000_f009345.jpg,1
20260709_032250_ZPECPQ_000_f010005.jpg,1
20260709_032250_ZPECPQ_000_f010260.jpg,1
20260709_032250_ZPECPQ_000_f010455.jpg,1
20260709_032250_ZPECPQ_001_f000000.jpg,1
20260709_032250_ZPECPQ_001_f000150.jpg,1
20260709_032250_ZPECPQ_001_f000225.jpg,1
20260709_032250_ZPECPQ_001_f000300.jpg,1
20260709_032250_ZPECPQ_001_f000360.jpg,1
20260709_032250_ZPECPQ_001_f000420.jpg,1
20260709_032250_ZPECPQ_001_f000480.jpg,1
20260709_032250_ZPECPQ_001_f000540.jpg,1
20260709_032250_ZPECPQ_001_f000795.jpg,1
20260709_032250_ZPECPQ_001_f000930.jpg,1
20260709_032250_ZPECPQ_001_f000990.jpg,1
20260709_032250_ZPECPQ_001_f001050.jpg,1
20260709_032250_ZPECPQ_001_f001125.jpg,1
20260709_032250_ZPECPQ_001_f001185.jpg,1
20260709_032250_ZPECPQ_001_f001245.jpg,1
20260709_032250_ZPECPQ_001_f001305.jpg,1
20260709_032250_ZPECPQ_001_f001365.jpg,1
20260709_032250_ZPECPQ_001_f001455.jpg,1
20260709_032250_ZPECPQ_001_f001515.jpg,1
20260709_032250_ZPECPQ_001_f001575.jpg,1
20260709_032250_ZPECPQ_001_f001650.jpg,1
20260709_032250_ZPECPQ_001_f001710.jpg,1
20260709_032250_ZPECPQ_001_f001770.jpg,1
20260709_032250_ZPECPQ_001_f001830.jpg,1
20260709_032250_ZPECPQ_001_f001920.jpg,1
20260709_032250_ZPECPQ_001_f001980.jpg,1
20260709_032250_ZPECPQ_001_f002040.jpg,1
20260709_032250_ZPECPQ_001_f002100.jpg,1
20260709_032250_ZPECPQ_001_f002160.jpg,1
20260709_032250_ZPECPQ_001_f002385.jpg,1
20260709_032250_ZPECPQ_001_f003285.jpg,1
20260709_032250_ZPECPQ_001_f003345.jpg,1
20260709_032250_ZPECPQ_001_f003705.jpg,1
20260709_032250_ZPECPQ_001_f004005.jpg,1
20260709_032250_ZPECPQ_001_f004305.jpg,1
20260709_032250_ZPECPQ_001_f004365.jpg,1
20260709_032250_ZPECPQ_001_f004455.jpg,1
20260709_032250_ZPECPQ_001_f004815.jpg,1
20260709_032250_ZPECPQ_001_f005445.jpg,1
20260709_032250_ZPECPQ_001_f009885.jpg,1
20260709_053256_QSJMDU_chunk_032_lview_f001140.jpg,1
20260709_053256_QSJMDU_chunk_032_lview_f001170.jpg,1
20260709_053256_QSJMDU_chunk_032_lview_f003090.jpg,1
20260709_053256_QSJMDU_chunk_032_lview_f003120.jpg,1
20260709_053256_QSJMDU_chunk_032_lview_f003150.jpg,1
20260709_053256_QSJMDU_chunk_032_lview_f006510.jpg,1
20260709_053256_QSJMDU_chunk_032_lview_f006630.jpg,1
20260709_053256_QSJMDU_chunk_032_lview_f006840.jpg,1
20260709_053256_QSJMDU_chunk_032_lview_f007170.jpg,1
20260709_053256_QSJMDU_chunk_032_lview_f007230.jpg,1
20260709_053256_QSJMDU_chunk_032_lview_f007260.jpg,1
20260709_053256_QSJMDU_chunk_032_lview_f007350.jpg,1
20260709_053256_QSJMDU_chunk_032_lview_f007410.jpg,1
20260709_053256_QSJMDU_chunk_032_lview_f007530.jpg,1
20260709_053256_QSJMDU_chunk_032_lview_f007590.jpg,1
20260709_053256_QSJMDU_chunk_032_lview_f007620.jpg,1
20260709_053256_QSJMDU_chunk_032_lview_f007650.jpg,1
20260709_053256_QSJMDU_chunk_032_lview_f007800.jpg,1
20260709_053256_QSJMDU_chunk_032_lview_f008370.jpg,1
20260709_053256_QSJMDU_chunk_032_lview_f008400.jpg,1
20260709_053256_QSJMDU_chunk_032_lview_f008580.jpg,1
20260709_053256_QSJMDU_chunk_032_lview_f008940.jpg,1
20260709_053256_QSJMDU_chunk_032_lview_f009120.jpg,1
20260709_053256_QSJMDU_chunk_032_lview_f009150.jpg,1
20260709_053256_QSJMDU_chunk_032_lview_f009210.jpg,1
20260709_053256_QSJMDU_chunk_032_lview_f009270.jpg,1
20260709_053256_QSJMDU_chunk_032_lview_f009300.jpg,1
20260709_053256_QSJMDU_chunk_032_lview_f009330.jpg,1
20260709_053256_QSJMDU_chunk_032_lview_f009660.jpg,1
20260709_053256_QSJMDU_chunk_032_lview_f009720.jpg,1
20260709_053256_QSJMDU_chunk_032_lview_f009750.jpg,1
20260709_053256_QSJMDU_chunk_032_lview_f009780.jpg,1
20260709_053256_QSJMDU_chunk_032_lview_f009900.jpg,1
20260709_053256_QSJMDU_chunk_032_lview_f009930.jpg,1
20260709_053256_QSJMDU_chunk_032_lview_f010110.jpg,1
20260709_053256_QSJMDU_chunk_032_lview_f010140.jpg,1
20260709_053256_QSJMDU_chunk_032_lview_f010230.jpg,1
20260709_053256_QSJMDU_chunk_032_lview_f010440.jpg,1
20260709_053256_QSJMDU_chunk_032_lview_f010470.jpg,1
20260709_053256_QSJMDU_chunk_032_lview_f010500.jpg,1
20260709_053256_QSJMDU_chunk_032_lview_f010710.jpg,1
20260709_053256_QSJMDU_chunk_032_rview_f001170.jpg,1
20260709_053256_QSJMDU_chunk_032_rview_f001410.jpg,1
20260709_053256_QSJMDU_chunk_032_rview_f003150.jpg,1
20260709_053256_QSJMDU_chunk_032_rview_f003180.jpg,1
20260709_053256_QSJMDU_chunk_032_rview_f004080.jpg,1
20260709_053256_QSJMDU_chunk_032_rview_f006630.jpg,1
20260709_053256_QSJMDU_chunk_032_rview_f006660.jpg,1
20260709_053256_QSJMDU_chunk_032_rview_f006840.jpg,1
20260709_053256_QSJMDU_chunk_032_rview_f007260.jpg,1
20260709_053256_QSJMDU_chunk_032_rview_f007410.jpg,1
20260709_053256_QSJMDU_chunk_032_rview_f007440.jpg,1
20260709_053256_QSJMDU_chunk_032_rview_f007530.jpg,1
20260709_053256_QSJMDU_chunk_032_rview_f007560.jpg,1
20260709_053256_QSJMDU_chunk_032_rview_f007620.jpg,1
20260709_053256_QSJMDU_chunk_032_rview_f007650.jpg,1
20260709_053256_QSJMDU_chunk_032_rview_f007680.jpg,1
20260709_053256_QSJMDU_chunk_032_rview_f008160.jpg,1
20260709_053256_QSJMDU_chunk_032_rview_f008280.jpg,1
20260709_053256_QSJMDU_chunk_032_rview_f008490.jpg,1
20260709_053256_QSJMDU_chunk_032_rview_f008670.jpg,1
20260709_053256_QSJMDU_chunk_032_rview_f008760.jpg,1
20260709_053256_QSJMDU_chunk_032_rview_f008790.jpg,1
20260709_053256_QSJMDU_chunk_032_rview_f008820.jpg,1
20260709_053256_QSJMDU_chunk_032_rview_f008850.jpg,1
20260709_053256_QSJMDU_chunk_032_rview_f008880.jpg,1
20260709_053256_QSJMDU_chunk_032_rview_f009210.jpg,1
20260709_053256_QSJMDU_chunk_032_rview_f010110.jpg,1
20260709_053256_QSJMDU_chunk_032_rview_f010140.jpg,1
20260709_053256_QSJMDU_chunk_032_rview_f010290.jpg,1
20260709_053256_QSJMDU_chunk_032_rview_f010320.jpg,1
20260709_053256_QSJMDU_chunk_032_rview_f010350.jpg,1
20260709_053256_QSJMDU_chunk_032_rview_f010380.jpg,1
20260709_053256_QSJMDU_chunk_032_rview_f010470.jpg,1
20260709_053256_QSJMDU_chunk_032_rview_f010560.jpg,1
20260709_053256_QSJMDU_chunk_032_rview_f010680.jpg,1
20260709_053256_QSJMDU_chunk_032_rview_f010710.jpg,1
20260709_053256_QSJMDU_chunk_032_rview_f010740.jpg,1
20260709_053256_QSJMDU_chunk_032_rview_f010770.jpg,1
20260709_084335_TYCPQN_chunk_000_lview_f004080.jpg,1
20260709_084335_TYCPQN_chunk_000_lview_f007830.jpg,1
20260709_084335_TYCPQN_chunk_000_lview_f007860.jpg,1
20260709_084335_TYCPQN_chunk_000_lview_f007890.jpg,1
20260709_084335_TYCPQN_chunk_000_lview_f007920.jpg,1
20260709_084335_TYCPQN_chunk_000_lview_f007980.jpg,1
20260709_084335_TYCPQN_chunk_000_lview_f008070.jpg,1
20260709_084335_TYCPQN_chunk_000_lview_f008280.jpg,1
20260709_084335_TYCPQN_chunk_000_lview_f009330.jpg,1
20260709_084335_TYCPQN_chunk_000_lview_f009810.jpg,1
20260709_084335_TYCPQN_chunk_000_lview_f009840.jpg,1
20260709_084335_TYCPQN_chunk_000_lview_f009900.jpg,1
20260709_084335_TYCPQN_chunk_000_rview_f000780.jpg,1
20260709_084335_TYCPQN_chunk_000_rview_f001740.jpg,1
20260709_084335_TYCPQN_chunk_000_rview_f002580.jpg,1
20260709_084335_TYCPQN_chunk_000_rview_f002610.jpg,1
20260709_084335_TYCPQN_chunk_000_rview_f004080.jpg,1
20260709_084335_TYCPQN_chunk_000_rview_f007440.jpg,1
20260709_084335_TYCPQN_chunk_000_rview_f007470.jpg,1
20260709_084335_TYCPQN_chunk_000_rview_f007890.jpg,1
20260709_084335_TYCPQN_chunk_000_rview_f007920.jpg,1
20260709_084335_TYCPQN_chunk_000_rview_f007950.jpg,1
20260709_084335_TYCPQN_chunk_000_rview_f007980.jpg,1
20260709_084335_TYCPQN_chunk_000_rview_f008010.jpg,1
20260709_084335_TYCPQN_chunk_000_rview_f008040.jpg,1
20260709_084335_TYCPQN_chunk_000_rview_f008070.jpg,1
20260709_084335_TYCPQN_chunk_000_rview_f008100.jpg,1
20260709_084335_TYCPQN_chunk_000_rview_f008130.jpg,1
20260709_084335_TYCPQN_chunk_000_rview_f008160.jpg,1
20260709_084335_TYCPQN_chunk_000_rview_f008190.jpg,1
20260709_084335_TYCPQN_chunk_000_rview_f008250.jpg,1
20260709_084335_TYCPQN_chunk_000_rview_f008280.jpg,1
20260709_084335_TYCPQN_chunk_000_rview_f008700.jpg,1
20260709_084335_TYCPQN_chunk_000_rview_f008730.jpg,1
20260709_084335_TYCPQN_chunk_000_rview_f009330.jpg,1
20260710_081124_BFPKMU_chunk_003_lview_f000210.jpg,1
20260710_081124_BFPKMU_chunk_003_lview_f000900.jpg,1
20260710_081124_BFPKMU_chunk_003_lview_f002760.jpg,1
20260710_081124_BFPKMU_chunk_003_lview_f006150.jpg,1
20260710_081124_BFPKMU_chunk_003_lview_f010710.jpg,1
20260710_081124_BFPKMU_chunk_003_lview_f010740.jpg,1
20260710_081124_BFPKMU_chunk_003_rview_f000180.jpg,1
20260710_081124_BFPKMU_chunk_003_rview_f000210.jpg,1
20260710_081124_BFPKMU_chunk_003_rview_f000870.jpg,1
20260710_081124_BFPKMU_chunk_003_rview_f000900.jpg,1
20260710_081124_BFPKMU_chunk_003_rview_f000930.jpg,1
20260710_081124_BFPKMU_chunk_003_rview_f000990.jpg,1
20260710_081124_BFPKMU_chunk_003_rview_f002760.jpg,1
20260710_081124_BFPKMU_chunk_003_rview_f004470.jpg,1
20260710_081124_BFPKMU_chunk_003_rview_f006150.jpg,1
20260710_081124_BFPKMU_chunk_003_rview_f006330.jpg,1
20260710_081124_BFPKMU_chunk_003_rview_f010710.jpg,1
20260714_054105_YWEEDD_chunk_019_lview_f000330.jpg,1
20260714_054105_YWEEDD_chunk_019_lview_f000870.jpg,1
20260714_054105_YWEEDD_chunk_019_lview_f001320.jpg,1
20260714_054105_YWEEDD_chunk_019_lview_f002340.jpg,1
20260714_054105_YWEEDD_chunk_019_lview_f002370.jpg,1
20260714_054105_YWEEDD_chunk_019_lview_f002760.jpg,1
20260714_054105_YWEEDD_chunk_019_lview_f002790.jpg,1
20260714_054105_YWEEDD_chunk_019_lview_f002820.jpg,1
20260714_054105_YWEEDD_chunk_019_lview_f002940.jpg,1
20260714_054105_YWEEDD_chunk_019_lview_f003120.jpg,1
20260714_054105_YWEEDD_chunk_019_lview_f003150.jpg,1
20260714_054105_YWEEDD_chunk_019_lview_f003180.jpg,1
20260714_054105_YWEEDD_chunk_019_lview_f003300.jpg,1
20260714_054105_YWEEDD_chunk_019_lview_f003330.jpg,1
20260714_054105_YWEEDD_chunk_019_lview_f003420.jpg,1
20260714_054105_YWEEDD_chunk_019_lview_f003810.jpg,1
20260714_054105_YWEEDD_chunk_019_lview_f005160.jpg,1
20260714_054105_YWEEDD_chunk_019_lview_f005190.jpg,1
20260714_054105_YWEEDD_chunk_019_lview_f005220.jpg,1
20260714_054105_YWEEDD_chunk_019_lview_f005250.jpg,1
20260714_054105_YWEEDD_chunk_019_lview_f005280.jpg,1
20260714_054105_YWEEDD_chunk_019_lview_f005310.jpg,1
20260714_054105_YWEEDD_chunk_019_lview_f005370.jpg,1
20260714_054105_YWEEDD_chunk_019_lview_f005580.jpg,1
20260714_054105_YWEEDD_chunk_019_lview_f005610.jpg,1
20260714_054105_YWEEDD_chunk_019_lview_f005640.jpg,1
20260714_054105_YWEEDD_chunk_019_lview_f006090.jpg,1
20260714_054105_YWEEDD_chunk_019_lview_f006270.jpg,1
20260714_054105_YWEEDD_chunk_019_lview_f006660.jpg,1
20260714_054105_YWEEDD_chunk_019_lview_f006690.jpg,1
20260714_054105_YWEEDD_chunk_019_lview_f007170.jpg,1
20260714_054105_YWEEDD_chunk_019_lview_f007200.jpg,1
20260714_054105_YWEEDD_chunk_019_lview_f007260.jpg,1
20260714_054105_YWEEDD_chunk_019_lview_f008790.jpg,1
20260714_054105_YWEEDD_chunk_019_lview_f008850.jpg,1
20260714_054105_YWEEDD_chunk_019_lview_f008880.jpg,1
20260714_054105_YWEEDD_chunk_019_lview_f008910.jpg,1
20260714_054105_YWEEDD_chunk_019_lview_f008940.jpg,1
20260714_054105_YWEEDD_chunk_019_lview_f009390.jpg,1
20260714_054105_YWEEDD_chunk_019_lview_f009420.jpg,1
20260714_054105_YWEEDD_chunk_019_lview_f009450.jpg,1
20260714_054105_YWEEDD_chunk_019_lview_f009480.jpg,1
20260714_054105_YWEEDD_chunk_019_lview_f009540.jpg,1
20260714_054105_YWEEDD_chunk_019_lview_f009570.jpg,1
20260714_054105_YWEEDD_chunk_019_lview_f009870.jpg,1
20260714_054105_YWEEDD_chunk_019_lview_f010470.jpg,1
20260714_054105_YWEEDD_chunk_019_lview_f010620.jpg,1
20260714_054105_YWEEDD_chunk_019_lview_f010650.jpg,1
20260714_054105_YWEEDD_chunk_019_lview_f010680.jpg,1
20260714_054105_YWEEDD_chunk_019_rview_f000000.jpg,1
20260714_054105_YWEEDD_chunk_019_rview_f001290.jpg,1
20260714_054105_YWEEDD_chunk_019_rview_f001320.jpg,1
20260714_054105_YWEEDD_chunk_019_rview_f001620.jpg,1
20260714_054105_YWEEDD_chunk_019_rview_f002640.jpg,1
20260714_054105_YWEEDD_chunk_019_rview_f002700.jpg,1
20260714_054105_YWEEDD_chunk_019_rview_f002730.jpg,1
20260714_054105_YWEEDD_chunk_019_rview_f002760.jpg,1
20260714_054105_YWEEDD_chunk_019_rview_f003330.jpg,1
20260714_054105_YWEEDD_chunk_019_rview_f003360.jpg,1
20260714_054105_YWEEDD_chunk_019_rview_f003390.jpg,1
20260714_054105_YWEEDD_chunk_019_rview_f003450.jpg,1
20260714_054105_YWEEDD_chunk_019_rview_f003480.jpg,1
20260714_054105_YWEEDD_chunk_019_rview_f003540.jpg,1
20260714_054105_YWEEDD_chunk_019_rview_f003570.jpg,1
20260714_054105_YWEEDD_chunk_019_rview_f003660.jpg,1
20260714_054105_YWEEDD_chunk_019_rview_f003870.jpg,1
20260714_054105_YWEEDD_chunk_019_rview_f004050.jpg,1
20260714_054105_YWEEDD_chunk_019_rview_f004530.jpg,1
20260714_054105_YWEEDD_chunk_019_rview_f004950.jpg,1
20260714_054105_YWEEDD_chunk_019_rview_f005160.jpg,1
20260714_054105_YWEEDD_chunk_019_rview_f005190.jpg,1
20260714_054105_YWEEDD_chunk_019_rview_f005220.jpg,1
20260714_054105_YWEEDD_chunk_019_rview_f005250.jpg,1
20260714_054105_YWEEDD_chunk_019_rview_f005280.jpg,1
20260714_054105_YWEEDD_chunk_019_rview_f005310.jpg,1
20260714_054105_YWEEDD_chunk_019_rview_f005370.jpg,1
20260714_054105_YWEEDD_chunk_019_rview_f005580.jpg,1
20260714_054105_YWEEDD_chunk_019_rview_f005610.jpg,1
20260714_054105_YWEEDD_chunk_019_rview_f005730.jpg,1
20260714_054105_YWEEDD_chunk_019_rview_f005760.jpg,1
20260714_054105_YWEEDD_chunk_019_rview_f005820.jpg,1
20260714_054105_YWEEDD_chunk_019_rview_f006090.jpg,1
20260714_054105_YWEEDD_chunk_019_rview_f006120.jpg,1
20260714_054105_YWEEDD_chunk_019_rview_f006150.jpg,1
20260714_054105_YWEEDD_chunk_019_rview_f006180.jpg,1
20260714_054105_YWEEDD_chunk_019_rview_f006480.jpg,1
20260714_054105_YWEEDD_chunk_019_rview_f006930.jpg,1
20260714_054105_YWEEDD_chunk_019_rview_f006990.jpg,1
20260714_054105_YWEEDD_chunk_019_rview_f007050.jpg,1
20260714_054105_YWEEDD_chunk_019_rview_f007080.jpg,1
20260714_054105_YWEEDD_chunk_019_rview_f007140.jpg,1
20260714_054105_YWEEDD_chunk_019_rview_f007200.jpg,1
20260714_054105_YWEEDD_chunk_019_rview_f007860.jpg,1
20260714_054105_YWEEDD_chunk_019_rview_f008430.jpg,1
20260714_054105_YWEEDD_chunk_019_rview_f008460.jpg,1
20260714_054105_YWEEDD_chunk_019_rview_f008850.jpg,1
20260714_054105_YWEEDD_chunk_019_rview_f009090.jpg,1
20260714_054105_YWEEDD_chunk_019_rview_f009390.jpg,1
20260714_054105_YWEEDD_chunk_019_rview_f009420.jpg,1
20260714_054105_YWEEDD_chunk_019_rview_f009450.jpg,1
20260714_054105_YWEEDD_chunk_019_rview_f009840.jpg,1
20260714_054105_YWEEDD_chunk_019_rview_f010470.jpg,1
20260714_070036_KXNFLT_chunk_000_lview_f001980.jpg,1
20260714_070036_KXNFLT_chunk_000_lview_f002010.jpg,1
20260714_070036_KXNFLT_chunk_000_lview_f002040.jpg,1
20260714_070036_KXNFLT_chunk_000_lview_f002070.jpg,1
20260714_070036_KXNFLT_chunk_000_lview_f002100.jpg,1
20260714_070036_KXNFLT_chunk_000_lview_f002130.jpg,1
20260714_070036_KXNFLT_chunk_000_lview_f002160.jpg,1
20260714_070036_KXNFLT_chunk_000_lview_f002190.jpg,1
20260714_070036_KXNFLT_chunk_000_lview_f002220.jpg,1
20260714_070036_KXNFLT_chunk_000_lview_f002250.jpg,1
20260714_070036_KXNFLT_chunk_000_lview_f002280.jpg,1
20260714_070036_KXNFLT_chunk_000_lview_f002310.jpg,1
20260714_070036_KXNFLT_chunk_000_lview_f002640.jpg,1
20260714_070036_KXNFLT_chunk_000_lview_f002670.jpg,1
20260714_070036_KXNFLT_chunk_000_lview_f002700.jpg,1
20260714_070036_KXNFLT_chunk_000_lview_f002730.jpg,1
20260714_070036_KXNFLT_chunk_000_lview_f003240.jpg,1
20260714_070036_KXNFLT_chunk_000_lview_f003270.jpg,1
20260714_070036_KXNFLT_chunk_000_lview_f003360.jpg,1
20260714_070036_KXNFLT_chunk_000_lview_f003390.jpg,1
20260714_070036_KXNFLT_chunk_000_lview_f003420.jpg,1
20260714_070036_KXNFLT_chunk_000_lview_f003480.jpg,1
20260714_070036_KXNFLT_chunk_000_lview_f003510.jpg,1
20260714_070036_KXNFLT_chunk_000_lview_f003540.jpg,1
20260714_070036_KXNFLT_chunk_000_lview_f003570.jpg,1
20260714_070036_KXNFLT_chunk_000_lview_f003600.jpg,1
20260714_070036_KXNFLT_chunk_000_lview_f003990.jpg,1
20260714_070036_KXNFLT_chunk_000_lview_f004050.jpg,1
20260714_070036_KXNFLT_chunk_000_lview_f004110.jpg,1
20260714_070036_KXNFLT_chunk_000_lview_f004260.jpg,1
20260714_070036_KXNFLT_chunk_000_lview_f004350.jpg,1
20260714_070036_KXNFLT_chunk_000_lview_f004380.jpg,1
20260714_070036_KXNFLT_chunk_000_lview_f004410.jpg,1
20260714_070036_KXNFLT_chunk_000_lview_f004440.jpg,1
20260714_070036_KXNFLT_chunk_000_lview_f004470.jpg,1
20260714_070036_KXNFLT_chunk_000_lview_f004500.jpg,1
20260714_070036_KXNFLT_chunk_000_lview_f004650.jpg,1
20260714_070036_KXNFLT_chunk_000_lview_f004680.jpg,1
20260714_070036_KXNFLT_chunk_000_lview_f004710.jpg,1
20260714_070036_KXNFLT_chunk_000_lview_f004770.jpg,1
20260714_070036_KXNFLT_chunk_000_lview_f004890.jpg,1
20260714_070036_KXNFLT_chunk_000_lview_f004950.jpg,1
20260714_070036_KXNFLT_chunk_000_lview_f004980.jpg,1
20260714_070036_KXNFLT_chunk_000_lview_f005010.jpg,1
20260714_070036_KXNFLT_chunk_000_lview_f005040.jpg,1
20260714_070036_KXNFLT_chunk_000_lview_f005070.jpg,1
20260714_070036_KXNFLT_chunk_000_lview_f005340.jpg,1
20260714_070036_KXNFLT_chunk_000_lview_f005370.jpg,1
20260714_070036_KXNFLT_chunk_000_lview_f005400.jpg,1
20260714_070036_KXNFLT_chunk_000_lview_f005430.jpg,1
20260714_070036_KXNFLT_chunk_000_lview_f005550.jpg,1
20260714_070036_KXNFLT_chunk_000_lview_f005580.jpg,1
20260714_070036_KXNFLT_chunk_000_lview_f005610.jpg,1
20260714_070036_KXNFLT_chunk_000_lview_f005640.jpg,1
20260714_070036_KXNFLT_chunk_000_lview_f005670.jpg,1
20260714_070036_KXNFLT_chunk_000_lview_f005700.jpg,1
20260714_070036_KXNFLT_chunk_000_lview_f005820.jpg,1
20260714_070036_KXNFLT_chunk_000_lview_f005850.jpg,1
20260714_070036_KXNFLT_chunk_000_lview_f005880.jpg,1
20260714_070036_KXNFLT_chunk_000_lview_f006120.jpg,1
20260714_070036_KXNFLT_chunk_000_lview_f006180.jpg,1
20260714_070036_KXNFLT_chunk_000_lview_f006210.jpg,1
20260714_070036_KXNFLT_chunk_000_lview_f006270.jpg,1
20260714_070036_KXNFLT_chunk_000_lview_f006300.jpg,1
20260714_070036_KXNFLT_chunk_000_lview_f006330.jpg,1
20260714_070036_KXNFLT_chunk_000_lview_f006360.jpg,1
20260714_070036_KXNFLT_chunk_000_lview_f006420.jpg,1
20260714_070036_KXNFLT_chunk_000_lview_f006480.jpg,1
20260714_070036_KXNFLT_chunk_000_lview_f006510.jpg,1
20260714_070036_KXNFLT_chunk_000_lview_f007350.jpg,1
20260714_070036_KXNFLT_chunk_000_lview_f007410.jpg,1
20260714_070036_KXNFLT_chunk_000_lview_f007470.jpg,1
20260714_070036_KXNFLT_chunk_000_lview_f007500.jpg,1
20260714_070036_KXNFLT_chunk_000_lview_f007530.jpg,1
20260714_070036_KXNFLT_chunk_000_lview_f007650.jpg,1
20260714_070036_KXNFLT_chunk_000_lview_f007710.jpg,1
20260714_070036_KXNFLT_chunk_000_lview_f007800.jpg,1
20260714_070036_KXNFLT_chunk_000_lview_f007860.jpg,1
20260714_070036_KXNFLT_chunk_000_lview_f007890.jpg,1
20260714_070036_KXNFLT_chunk_000_lview_f007920.jpg,1
20260714_070036_KXNFLT_chunk_000_lview_f007950.jpg,1
20260714_070036_KXNFLT_chunk_000_lview_f007980.jpg,1
20260714_070036_KXNFLT_chunk_000_lview_f008100.jpg,1
20260714_070036_KXNFLT_chunk_000_lview_f008130.jpg,1
20260714_070036_KXNFLT_chunk_000_lview_f008280.jpg,1
20260714_070036_KXNFLT_chunk_000_lview_f008340.jpg,1
20260714_070036_KXNFLT_chunk_000_lview_f008370.jpg,1
20260714_070036_KXNFLT_chunk_000_lview_f008400.jpg,1
20260714_070036_KXNFLT_chunk_000_lview_f008430.jpg,1
20260714_070036_KXNFLT_chunk_000_lview_f008460.jpg,1
20260714_070036_KXNFLT_chunk_000_lview_f008490.jpg,1
20260714_070036_KXNFLT_chunk_000_lview_f008520.jpg,1
20260714_070036_KXNFLT_chunk_000_lview_f008730.jpg,1
20260714_070036_KXNFLT_chunk_000_lview_f008760.jpg,1
20260714_070036_KXNFLT_chunk_000_lview_f008790.jpg,1
20260714_070036_KXNFLT_chunk_000_lview_f008820.jpg,1
20260714_070036_KXNFLT_chunk_000_lview_f008850.jpg,1
20260714_070036_KXNFLT_chunk_000_lview_f008880.jpg,1
20260714_070036_KXNFLT_chunk_000_lview_f009090.jpg,1
20260714_070036_KXNFLT_chunk_000_lview_f009120.jpg,1
20260714_070036_KXNFLT_chunk_000_lview_f009150.jpg,1
20260714_070036_KXNFLT_chunk_000_lview_f009600.jpg,1
20260714_070036_KXNFLT_chunk_000_lview_f009630.jpg,1
20260714_070036_KXNFLT_chunk_000_lview_f009660.jpg,1
20260714_070036_KXNFLT_chunk_000_lview_f009690.jpg,1
20260714_070036_KXNFLT_chunk_000_lview_f009840.jpg,1
20260714_070036_KXNFLT_chunk_000_lview_f009870.jpg,1
20260714_070036_KXNFLT_chunk_000_lview_f009900.jpg,1
20260714_070036_KXNFLT_chunk_000_lview_f010050.jpg,1
20260714_070036_KXNFLT_chunk_000_lview_f010080.jpg,1
20260714_070036_KXNFLT_chunk_000_lview_f010110.jpg,1
20260714_070036_KXNFLT_chunk_000_lview_f010230.jpg,1
20260714_070036_KXNFLT_chunk_000_lview_f010260.jpg,1
20260714_070036_KXNFLT_chunk_000_lview_f010290.jpg,1
20260714_070036_KXNFLT_chunk_000_lview_f010320.jpg,1
20260714_070036_KXNFLT_chunk_000_lview_f010470.jpg,1
20260714_070036_KXNFLT_chunk_000_lview_f010710.jpg,1
20260714_070036_KXNFLT_chunk_000_rview_f001740.jpg,1
20260714_070036_KXNFLT_chunk_000_rview_f001980.jpg,1
20260714_070036_KXNFLT_chunk_000_rview_f002010.jpg,1
20260714_070036_KXNFLT_chunk_000_rview_f002040.jpg,1
20260714_070036_KXNFLT_chunk_000_rview_f002070.jpg,1
20260714_070036_KXNFLT_chunk_000_rview_f002100.jpg,1
20260714_070036_KXNFLT_chunk_000_rview_f002130.jpg,1
20260714_070036_KXNFLT_chunk_000_rview_f002160.jpg,1
20260714_070036_KXNFLT_chunk_000_rview_f002190.jpg,1
20260714_070036_KXNFLT_chunk_000_rview_f002220.jpg,1
20260714_070036_KXNFLT_chunk_000_rview_f002250.jpg,1
20260714_070036_KXNFLT_chunk_000_rview_f002280.jpg,1
20260714_070036_KXNFLT_chunk_000_rview_f002310.jpg,1
20260714_070036_KXNFLT_chunk_000_rview_f002340.jpg,1
20260714_070036_KXNFLT_chunk_000_rview_f002730.jpg,1
20260714_070036_KXNFLT_chunk_000_rview_f003210.jpg,1
20260714_070036_KXNFLT_chunk_000_rview_f003420.jpg,1
20260714_070036_KXNFLT_chunk_000_rview_f003480.jpg,1
20260714_070036_KXNFLT_chunk_000_rview_f003510.jpg,1
20260714_070036_KXNFLT_chunk_000_rview_f003570.jpg,1
20260714_070036_KXNFLT_chunk_000_rview_f003600.jpg,1
20260714_070036_KXNFLT_chunk_000_rview_f003630.jpg,1
20260714_070036_KXNFLT_chunk_000_rview_f003660.jpg,1
20260714_070036_KXNFLT_chunk_000_rview_f003690.jpg,1
20260714_070036_KXNFLT_chunk_000_rview_f003720.jpg,1
20260714_070036_KXNFLT_chunk_000_rview_f003750.jpg,1
20260714_070036_KXNFLT_chunk_000_rview_f003780.jpg,1
20260714_070036_KXNFLT_chunk_000_rview_f003930.jpg,1
20260714_070036_KXNFLT_chunk_000_rview_f003960.jpg,1
20260714_070036_KXNFLT_chunk_000_rview_f003990.jpg,1
20260714_070036_KXNFLT_chunk_000_rview_f004020.jpg,1
20260714_070036_KXNFLT_chunk_000_rview_f004050.jpg,1
20260714_070036_KXNFLT_chunk_000_rview_f004080.jpg,1
20260714_070036_KXNFLT_chunk_000_rview_f004110.jpg,1
20260714_070036_KXNFLT_chunk_000_rview_f004140.jpg,1
20260714_070036_KXNFLT_chunk_000_rview_f004170.jpg,1
20260714_070036_KXNFLT_chunk_000_rview_f004200.jpg,1
20260714_070036_KXNFLT_chunk_000_rview_f004230.jpg,1
20260714_070036_KXNFLT_chunk_000_rview_f004260.jpg,1
20260714_070036_KXNFLT_chunk_000_rview_f004380.jpg,1
20260714_070036_KXNFLT_chunk_000_rview_f004410.jpg,1
20260714_070036_KXNFLT_chunk_000_rview_f004440.jpg,1
20260714_070036_KXNFLT_chunk_000_rview_f004470.jpg,1
20260714_070036_KXNFLT_chunk_000_rview_f004500.jpg,1
20260714_070036_KXNFLT_chunk_000_rview_f004680.jpg,1
20260714_070036_KXNFLT_chunk_000_rview_f004710.jpg,1
20260714_070036_KXNFLT_chunk_000_rview_f004770.jpg,1
20260714_070036_KXNFLT_chunk_000_rview_f004800.jpg,1
20260714_070036_KXNFLT_chunk_000_rview_f005040.jpg,1
20260714_070036_KXNFLT_chunk_000_rview_f005070.jpg,1
20260714_070036_KXNFLT_chunk_000_rview_f005100.jpg,1
20260714_070036_KXNFLT_chunk_000_rview_f005130.jpg,1
20260714_070036_KXNFLT_chunk_000_rview_f005160.jpg,1
20260714_070036_KXNFLT_chunk_000_rview_f005190.jpg,1
20260714_070036_KXNFLT_chunk_000_rview_f005220.jpg,1
20260714_070036_KXNFLT_chunk_000_rview_f005250.jpg,1
20260714_070036_KXNFLT_chunk_000_rview_f005280.jpg,1
20260714_070036_KXNFLT_chunk_000_rview_f005400.jpg,1
20260714_070036_KXNFLT_chunk_000_rview_f005430.jpg,1
20260714_070036_KXNFLT_chunk_000_rview_f005460.jpg,1
20260714_070036_KXNFLT_chunk_000_rview_f005820.jpg,1
20260714_070036_KXNFLT_chunk_000_rview_f005850.jpg,1
20260714_070036_KXNFLT_chunk_000_rview_f005880.jpg,1
20260714_070036_KXNFLT_chunk_000_rview_f005910.jpg,1
20260714_070036_KXNFLT_chunk_000_rview_f006120.jpg,1
20260714_070036_KXNFLT_chunk_000_rview_f006150.jpg,1
20260714_070036_KXNFLT_chunk_000_rview_f006180.jpg,1
20260714_070036_KXNFLT_chunk_000_rview_f006210.jpg,1
20260714_070036_KXNFLT_chunk_000_rview_f006240.jpg,1
20260714_070036_KXNFLT_chunk_000_rview_f006270.jpg,1
20260714_070036_KXNFLT_chunk_000_rview_f006300.jpg,1
20260714_070036_KXNFLT_chunk_000_rview_f006330.jpg,1
20260714_070036_KXNFLT_chunk_000_rview_f006360.jpg,1
20260714_070036_KXNFLT_chunk_000_rview_f006390.jpg,1
20260714_070036_KXNFLT_chunk_000_rview_f006420.jpg,1
20260714_070036_KXNFLT_chunk_000_rview_f006450.jpg,1
20260714_070036_KXNFLT_chunk_000_rview_f006480.jpg,1
20260714_070036_KXNFLT_chunk_000_rview_f006510.jpg,1
20260714_070036_KXNFLT_chunk_000_rview_f006540.jpg,1
20260714_070036_KXNFLT_chunk_000_rview_f006570.jpg,1
20260714_070036_KXNFLT_chunk_000_rview_f006780.jpg,1
20260714_070036_KXNFLT_chunk_000_rview_f006810.jpg,1
20260714_070036_KXNFLT_chunk_000_rview_f006840.jpg,1
20260714_070036_KXNFLT_chunk_000_rview_f006870.jpg,1
20260714_070036_KXNFLT_chunk_000_rview_f006900.jpg,1
20260714_070036_KXNFLT_chunk_000_rview_f006930.jpg,1
20260714_070036_KXNFLT_chunk_000_rview_f006960.jpg,1
20260714_070036_KXNFLT_chunk_000_rview_f006990.jpg,1
20260714_070036_KXNFLT_chunk_000_rview_f007170.jpg,1
20260714_070036_KXNFLT_chunk_000_rview_f007200.jpg,1
20260714_070036_KXNFLT_chunk_000_rview_f007230.jpg,1
20260714_070036_KXNFLT_chunk_000_rview_f007260.jpg,1
20260714_070036_KXNFLT_chunk_000_rview_f007290.jpg,1
20260714_070036_KXNFLT_chunk_000_rview_f007320.jpg,1
20260714_070036_KXNFLT_chunk_000_rview_f007350.jpg,1
20260714_070036_KXNFLT_chunk_000_rview_f007380.jpg,1
20260714_070036_KXNFLT_chunk_000_rview_f007410.jpg,1
20260714_070036_KXNFLT_chunk_000_rview_f007440.jpg,1
20260714_070036_KXNFLT_chunk_000_rview_f007470.jpg,1
20260714_070036_KXNFLT_chunk_000_rview_f007500.jpg,1
20260714_070036_KXNFLT_chunk_000_rview_f007530.jpg,1
20260714_070036_KXNFLT_chunk_000_rview_f007560.jpg,1
20260714_070036_KXNFLT_chunk_000_rview_f007710.jpg,1
20260714_070036_KXNFLT_chunk_000_rview_f007740.jpg,1
20260714_070036_KXNFLT_chunk_000_rview_f007770.jpg,1
20260714_070036_KXNFLT_chunk_000_rview_f007800.jpg,1
20260714_070036_KXNFLT_chunk_000_rview_f007830.jpg,1
20260714_070036_KXNFLT_chunk_000_rview_f007860.jpg,1
20260714_070036_KXNFLT_chunk_000_rview_f007890.jpg,1
20260714_070036_KXNFLT_chunk_000_rview_f007920.jpg,1
20260714_070036_KXNFLT_chunk_000_rview_f007950.jpg,1
20260714_070036_KXNFLT_chunk_000_rview_f007980.jpg,1
20260714_070036_KXNFLT_chunk_000_rview_f008070.jpg,1
20260714_070036_KXNFLT_chunk_000_rview_f008100.jpg,1
20260714_070036_KXNFLT_chunk_000_rview_f008130.jpg,1
20260714_070036_KXNFLT_chunk_000_rview_f008160.jpg,1
20260714_070036_KXNFLT_chunk_000_rview_f008190.jpg,1
20260714_070036_KXNFLT_chunk_000_rview_f008220.jpg,1
20260714_070036_KXNFLT_chunk_000_rview_f008250.jpg,1
20260714_070036_KXNFLT_chunk_000_rview_f008280.jpg,1
20260714_070036_KXNFLT_chunk_000_rview_f008310.jpg,1
20260714_070036_KXNFLT_chunk_000_rview_f008340.jpg,1
20260714_070036_KXNFLT_chunk_000_rview_f008370.jpg,1
20260714_070036_KXNFLT_chunk_000_rview_f008400.jpg,1
20260714_070036_KXNFLT_chunk_000_rview_f008460.jpg,1
20260714_070036_KXNFLT_chunk_000_rview_f008490.jpg,1
20260714_070036_KXNFLT_chunk_000_rview_f008520.jpg,1
20260714_070036_KXNFLT_chunk_000_rview_f008610.jpg,1
20260714_070036_KXNFLT_chunk_000_rview_f008670.jpg,1
20260714_070036_KXNFLT_chunk_000_rview_f008700.jpg,1
20260714_070036_KXNFLT_chunk_000_rview_f008730.jpg,1
20260714_070036_KXNFLT_chunk_000_rview_f008760.jpg,1
20260714_070036_KXNFLT_chunk_000_rview_f008790.jpg,1
20260714_070036_KXNFLT_chunk_000_rview_f008820.jpg,1
20260714_070036_KXNFLT_chunk_000_rview_f008850.jpg,1
20260714_070036_KXNFLT_chunk_000_rview_f009150.jpg,1
20260714_070036_KXNFLT_chunk_000_rview_f009240.jpg,1
20260714_070036_KXNFLT_chunk_000_rview_f009270.jpg,1
20260714_070036_KXNFLT_chunk_000_rview_f009300.jpg,1
20260714_070036_KXNFLT_chunk_000_rview_f009330.jpg,1
20260714_070036_KXNFLT_chunk_000_rview_f009360.jpg,1
20260714_070036_KXNFLT_chunk_000_rview_f009390.jpg,1
20260714_070036_KXNFLT_chunk_000_rview_f009570.jpg,1
20260714_070036_KXNFLT_chunk_000_rview_f009600.jpg,1
20260714_070036_KXNFLT_chunk_000_rview_f009630.jpg,1
20260714_070036_KXNFLT_chunk_000_rview_f009690.jpg,1
20260714_070036_KXNFLT_chunk_000_rview_f009810.jpg,1
20260714_070036_KXNFLT_chunk_000_rview_f009840.jpg,1
20260714_070036_KXNFLT_chunk_000_rview_f009900.jpg,1
20260714_070036_KXNFLT_chunk_000_rview_f010050.jpg,1
20260714_070036_KXNFLT_chunk_000_rview_f010080.jpg,1
20260714_070036_KXNFLT_chunk_000_rview_f010110.jpg,1
20260714_070036_KXNFLT_chunk_000_rview_f010260.jpg,1
20260714_070036_KXNFLT_chunk_000_rview_f010290.jpg,1
20260714_070036_KXNFLT_chunk_000_rview_f010320.jpg,1
20260714_070036_KXNFLT_chunk_000_rview_f010380.jpg,1
20260714_070036_KXNFLT_chunk_000_rview_f010590.jpg,1
20260714_070036_KXNFLT_chunk_000_rview_f010710.jpg,1
20260715_003829_QUGZXQ_chunk_009_lview_f001410.jpg,1
20260715_003829_QUGZXQ_chunk_009_lview_f001440.jpg,1
20260715_003829_QUGZXQ_chunk_009_lview_f001500.jpg,1
20260715_003829_QUGZXQ_chunk_009_lview_f001530.jpg,1
20260715_003829_QUGZXQ_chunk_009_lview_f001560.jpg,1
20260715_003829_QUGZXQ_chunk_009_lview_f002280.jpg,1
20260715_003829_QUGZXQ_chunk_009_lview_f002310.jpg,1
20260715_003829_QUGZXQ_chunk_009_lview_f002400.jpg,1
20260715_003829_QUGZXQ_chunk_009_lview_f002430.jpg,1
20260715_003829_QUGZXQ_chunk_009_lview_f002460.jpg,1
20260715_003829_QUGZXQ_chunk_009_lview_f003360.jpg,1
20260715_003829_QUGZXQ_chunk_009_lview_f003690.jpg,1
20260715_003829_QUGZXQ_chunk_009_lview_f004200.jpg,1
20260715_003829_QUGZXQ_chunk_009_lview_f004230.jpg,1
20260715_003829_QUGZXQ_chunk_009_lview_f004260.jpg,1
20260715_003829_QUGZXQ_chunk_009_lview_f004290.jpg,1
20260715_003829_QUGZXQ_chunk_009_lview_f005190.jpg,1
20260715_003829_QUGZXQ_chunk_009_lview_f005370.jpg,1
20260715_003829_QUGZXQ_chunk_009_lview_f005400.jpg,1
20260715_003829_QUGZXQ_chunk_009_lview_f005430.jpg,1
20260715_003829_QUGZXQ_chunk_009_lview_f005460.jpg,1
20260715_003829_QUGZXQ_chunk_009_lview_f005490.jpg,1
20260715_003829_QUGZXQ_chunk_009_lview_f005640.jpg,1
20260715_003829_QUGZXQ_chunk_009_lview_f005670.jpg,1
20260715_003829_QUGZXQ_chunk_009_lview_f005700.jpg,1
20260715_003829_QUGZXQ_chunk_009_lview_f005730.jpg,1
20260715_003829_QUGZXQ_chunk_009_lview_f006720.jpg,1
20260715_003829_QUGZXQ_chunk_009_lview_f007230.jpg,1
20260715_003829_QUGZXQ_chunk_009_lview_f007830.jpg,1
20260715_003829_QUGZXQ_chunk_009_lview_f007860.jpg,1
20260715_003829_QUGZXQ_chunk_009_lview_f007890.jpg,1
20260715_003829_QUGZXQ_chunk_009_lview_f008100.jpg,1
20260715_003829_QUGZXQ_chunk_009_lview_f008790.jpg,1
20260715_003829_QUGZXQ_chunk_009_lview_f008820.jpg,1
20260715_003829_QUGZXQ_chunk_009_lview_f008850.jpg,1
20260715_003829_QUGZXQ_chunk_009_lview_f008880.jpg,1
20260715_003829_QUGZXQ_chunk_009_lview_f008910.jpg,1
20260715_003829_QUGZXQ_chunk_009_lview_f009000.jpg,1
20260715_003829_QUGZXQ_chunk_009_lview_f009180.jpg,1
20260715_003829_QUGZXQ_chunk_009_lview_f009990.jpg,1
20260715_003829_QUGZXQ_chunk_009_lview_f010170.jpg,1
20260715_003829_QUGZXQ_chunk_009_lview_f010260.jpg,1
20260715_003829_QUGZXQ_chunk_009_lview_f010320.jpg,1
20260715_003829_QUGZXQ_chunk_009_lview_f010530.jpg,1
20260715_003829_QUGZXQ_chunk_009_lview_f010560.jpg,1
20260715_003829_QUGZXQ_chunk_009_lview_f010590.jpg,1
20260715_003829_QUGZXQ_chunk_009_rview_f001380.jpg,1
20260715_003829_QUGZXQ_chunk_009_rview_f001410.jpg,1
20260715_003829_QUGZXQ_chunk_009_rview_f001440.jpg,1
20260715_003829_QUGZXQ_chunk_009_rview_f001500.jpg,1
20260715_003829_QUGZXQ_chunk_009_rview_f001530.jpg,1
20260715_003829_QUGZXQ_chunk_009_rview_f001560.jpg,1
20260715_003829_QUGZXQ_chunk_009_rview_f002250.jpg,1
20260715_003829_QUGZXQ_chunk_009_rview_f002400.jpg,1
20260715_003829_QUGZXQ_chunk_009_rview_f002430.jpg,1
20260715_003829_QUGZXQ_chunk_009_rview_f002460.jpg,1
20260715_003829_QUGZXQ_chunk_009_rview_f003420.jpg,1
20260715_003829_QUGZXQ_chunk_009_rview_f003690.jpg,1
20260715_003829_QUGZXQ_chunk_009_rview_f005190.jpg,1
20260715_003829_QUGZXQ_chunk_009_rview_f005310.jpg,1
20260715_003829_QUGZXQ_chunk_009_rview_f005370.jpg,1
20260715_003829_QUGZXQ_chunk_009_rview_f005400.jpg,1
20260715_003829_QUGZXQ_chunk_009_rview_f005430.jpg,1
20260715_003829_QUGZXQ_chunk_009_rview_f005460.jpg,1
20260715_003829_QUGZXQ_chunk_009_rview_f005490.jpg,1
20260715_003829_QUGZXQ_chunk_009_rview_f005550.jpg,1
20260715_003829_QUGZXQ_chunk_009_rview_f005610.jpg,1
20260715_003829_QUGZXQ_chunk_009_rview_f005640.jpg,1
20260715_003829_QUGZXQ_chunk_009_rview_f005700.jpg,1
20260715_003829_QUGZXQ_chunk_009_rview_f005730.jpg,1
20260715_003829_QUGZXQ_chunk_009_rview_f006720.jpg,1
20260715_003829_QUGZXQ_chunk_009_rview_f007230.jpg,1
20260715_003829_QUGZXQ_chunk_009_rview_f007830.jpg,1
20260715_003829_QUGZXQ_chunk_009_rview_f007860.jpg,1
20260715_003829_QUGZXQ_chunk_009_rview_f008100.jpg,1
20260715_003829_QUGZXQ_chunk_009_rview_f008760.jpg,1
20260715_003829_QUGZXQ_chunk_009_rview_f008790.jpg,1
20260715_003829_QUGZXQ_chunk_009_rview_f008820.jpg,1
20260715_003829_QUGZXQ_chunk_009_rview_f008850.jpg,1
20260715_003829_QUGZXQ_chunk_009_rview_f008880.jpg,1
20260715_003829_QUGZXQ_chunk_009_rview_f008910.jpg,1
20260715_003829_QUGZXQ_chunk_009_rview_f008940.jpg,1
20260715_003829_QUGZXQ_chunk_009_rview_f008970.jpg,1
20260715_003829_QUGZXQ_chunk_009_rview_f009180.jpg,1
20260715_003829_QUGZXQ_chunk_009_rview_f009990.jpg,1
20260715_003829_QUGZXQ_chunk_009_rview_f010020.jpg,1
20260715_003829_QUGZXQ_chunk_009_rview_f010170.jpg,1
20260715_003829_QUGZXQ_chunk_009_rview_f010200.jpg,1
20260715_003829_QUGZXQ_chunk_009_rview_f010350.jpg,1
20260715_003829_QUGZXQ_chunk_009_rview_f010380.jpg,1
20260715_003829_QUGZXQ_chunk_009_rview_f010500.jpg,1
20260715_003829_QUGZXQ_chunk_009_rview_f010530.jpg,1
20260715_003829_QUGZXQ_chunk_009_rview_f010560.jpg,1
20260715_003829_QUGZXQ_chunk_009_rview_f010590.jpg,1
20260715_050301_RLHFBH_chunk_001_lview_f000450.jpg,1
20260715_050301_RLHFBH_chunk_001_lview_f000480.jpg,1
20260715_050301_RLHFBH_chunk_001_lview_f000600.jpg,1
20260715_050301_RLHFBH_chunk_001_lview_f000630.jpg,1
20260715_050301_RLHFBH_chunk_001_lview_f000660.jpg,1
20260715_050301_RLHFBH_chunk_001_lview_f000690.jpg,1
20260715_050301_RLHFBH_chunk_001_lview_f000720.jpg,1
20260715_050301_RLHFBH_chunk_001_lview_f000780.jpg,1
20260715_050301_RLHFBH_chunk_001_lview_f000840.jpg,1
20260715_050301_RLHFBH_chunk_001_lview_f000900.jpg,1
20260715_050301_RLHFBH_chunk_001_lview_f001110.jpg,1
20260715_050301_RLHFBH_chunk_001_lview_f001140.jpg,1
20260715_050301_RLHFBH_chunk_001_lview_f001170.jpg,1
20260715_050301_RLHFBH_chunk_001_lview_f001320.jpg,1
20260715_050301_RLHFBH_chunk_001_lview_f001470.jpg,1
20260715_050301_RLHFBH_chunk_001_lview_f001560.jpg,1
20260715_050301_RLHFBH_chunk_001_lview_f001620.jpg,1
20260715_050301_RLHFBH_chunk_001_lview_f001650.jpg,1
20260715_050301_RLHFBH_chunk_001_lview_f001680.jpg,1
20260715_050301_RLHFBH_chunk_001_lview_f001740.jpg,1
20260715_050301_RLHFBH_chunk_001_lview_f001770.jpg,1
20260715_050301_RLHFBH_chunk_001_lview_f001800.jpg,1
20260715_050301_RLHFBH_chunk_001_lview_f001830.jpg,1
20260715_050301_RLHFBH_chunk_001_lview_f001860.jpg,1
20260715_050301_RLHFBH_chunk_001_lview_f001890.jpg,1
20260715_050301_RLHFBH_chunk_001_lview_f001920.jpg,1
20260715_050301_RLHFBH_chunk_001_lview_f001950.jpg,1
20260715_050301_RLHFBH_chunk_001_lview_f001980.jpg,1
20260715_050301_RLHFBH_chunk_001_lview_f002010.jpg,1
20260715_050301_RLHFBH_chunk_001_lview_f002040.jpg,1
20260715_050301_RLHFBH_chunk_001_lview_f002070.jpg,1
20260715_050301_RLHFBH_chunk_001_lview_f002100.jpg,1
20260715_050301_RLHFBH_chunk_001_lview_f002130.jpg,1
20260715_050301_RLHFBH_chunk_001_lview_f002160.jpg,1
20260715_050301_RLHFBH_chunk_001_lview_f002190.jpg,1
20260715_050301_RLHFBH_chunk_001_lview_f002220.jpg,1
20260715_050301_RLHFBH_chunk_001_lview_f002250.jpg,1
20260715_050301_RLHFBH_chunk_001_lview_f002280.jpg,1
20260715_050301_RLHFBH_chunk_001_lview_f002730.jpg,1
20260715_050301_RLHFBH_chunk_001_lview_f002910.jpg,1
20260715_050301_RLHFBH_chunk_001_lview_f003060.jpg,1
20260715_050301_RLHFBH_chunk_001_lview_f003090.jpg,1
20260715_050301_RLHFBH_chunk_001_lview_f003120.jpg,1
20260715_050301_RLHFBH_chunk_001_lview_f003180.jpg,1
20260715_050301_RLHFBH_chunk_001_lview_f003210.jpg,1
20260715_050301_RLHFBH_chunk_001_lview_f003240.jpg,1
20260715_050301_RLHFBH_chunk_001_lview_f003270.jpg,1
20260715_050301_RLHFBH_chunk_001_lview_f003300.jpg,1
20260715_050301_RLHFBH_chunk_001_lview_f003330.jpg,1
20260715_050301_RLHFBH_chunk_001_lview_f003360.jpg,1
20260715_050301_RLHFBH_chunk_001_lview_f003390.jpg,1
20260715_050301_RLHFBH_chunk_001_lview_f003420.jpg,1
20260715_050301_RLHFBH_chunk_001_lview_f003450.jpg,1
20260715_050301_RLHFBH_chunk_001_lview_f003480.jpg,1
20260715_050301_RLHFBH_chunk_001_lview_f003510.jpg,1
20260715_050301_RLHFBH_chunk_001_lview_f003600.jpg,1
20260715_050301_RLHFBH_chunk_001_lview_f003630.jpg,1
20260715_050301_RLHFBH_chunk_001_lview_f003660.jpg,1
20260715_050301_RLHFBH_chunk_001_lview_f003750.jpg,1
20260715_050301_RLHFBH_chunk_001_lview_f003780.jpg,1
20260715_050301_RLHFBH_chunk_001_lview_f003810.jpg,1
20260715_050301_RLHFBH_chunk_001_lview_f003840.jpg,1
20260715_050301_RLHFBH_chunk_001_lview_f003870.jpg,1
20260715_050301_RLHFBH_chunk_001_lview_f003900.jpg,1
20260715_050301_RLHFBH_chunk_001_lview_f003930.jpg,1
20260715_050301_RLHFBH_chunk_001_lview_f003960.jpg,1
20260715_050301_RLHFBH_chunk_001_lview_f003990.jpg,1
20260715_050301_RLHFBH_chunk_001_lview_f004020.jpg,1
20260715_050301_RLHFBH_chunk_001_lview_f004050.jpg,1
20260715_050301_RLHFBH_chunk_001_lview_f004110.jpg,1
20260715_050301_RLHFBH_chunk_001_lview_f004140.jpg,1
20260715_050301_RLHFBH_chunk_001_lview_f004170.jpg,1
20260715_050301_RLHFBH_chunk_001_lview_f004200.jpg,1
20260715_050301_RLHFBH_chunk_001_lview_f004350.jpg,1
20260715_050301_RLHFBH_chunk_001_lview_f004410.jpg,1
20260715_050301_RLHFBH_chunk_001_lview_f004440.jpg,1
20260715_050301_RLHFBH_chunk_001_lview_f004470.jpg,1
20260715_050301_RLHFBH_chunk_001_lview_f004500.jpg,1
20260715_050301_RLHFBH_chunk_001_lview_f004530.jpg,1
20260715_050301_RLHFBH_chunk_001_lview_f004560.jpg,1
20260715_050301_RLHFBH_chunk_001_lview_f004590.jpg,1
20260715_050301_RLHFBH_chunk_001_lview_f004620.jpg,1
20260715_050301_RLHFBH_chunk_001_lview_f004650.jpg,1
20260715_050301_RLHFBH_chunk_001_lview_f004680.jpg,1
20260715_050301_RLHFBH_chunk_001_lview_f004710.jpg,1
20260715_050301_RLHFBH_chunk_001_lview_f004770.jpg,1
20260715_050301_RLHFBH_chunk_001_lview_f004830.jpg,1
20260715_050301_RLHFBH_chunk_001_lview_f004860.jpg,1
20260715_050301_RLHFBH_chunk_001_lview_f004890.jpg,1
20260715_050301_RLHFBH_chunk_001_lview_f004920.jpg,1
20260715_050301_RLHFBH_chunk_001_lview_f004950.jpg,1
20260715_050301_RLHFBH_chunk_001_lview_f004980.jpg,1
20260715_050301_RLHFBH_chunk_001_lview_f005040.jpg,1
20260715_050301_RLHFBH_chunk_001_lview_f005070.jpg,1
20260715_050301_RLHFBH_chunk_001_lview_f005100.jpg,1
20260715_050301_RLHFBH_chunk_001_lview_f005130.jpg,1
20260715_050301_RLHFBH_chunk_001_lview_f005160.jpg,1
20260715_050301_RLHFBH_chunk_001_lview_f005220.jpg,1
20260715_050301_RLHFBH_chunk_001_lview_f005340.jpg,1
20260715_050301_RLHFBH_chunk_001_lview_f005580.jpg,1
20260715_050301_RLHFBH_chunk_001_lview_f005610.jpg,1
20260715_050301_RLHFBH_chunk_001_lview_f005640.jpg,1
20260715_050301_RLHFBH_chunk_001_lview_f005670.jpg,1
20260715_050301_RLHFBH_chunk_001_lview_f005700.jpg,1
20260715_050301_RLHFBH_chunk_001_lview_f005730.jpg,1
20260715_050301_RLHFBH_chunk_001_lview_f005760.jpg,1
20260715_050301_RLHFBH_chunk_001_lview_f005790.jpg,1
20260715_050301_RLHFBH_chunk_001_lview_f005820.jpg,1
20260715_050301_RLHFBH_chunk_001_lview_f005880.jpg,1
20260715_050301_RLHFBH_chunk_001_lview_f005910.jpg,1
20260715_050301_RLHFBH_chunk_001_lview_f005940.jpg,1
20260715_050301_RLHFBH_chunk_001_lview_f005970.jpg,1
20260715_050301_RLHFBH_chunk_001_lview_f006030.jpg,1
20260715_050301_RLHFBH_chunk_001_lview_f006090.jpg,1
20260715_050301_RLHFBH_chunk_001_lview_f006120.jpg,1
20260715_050301_RLHFBH_chunk_001_lview_f006150.jpg,1
20260715_050301_RLHFBH_chunk_001_lview_f006180.jpg,1
20260715_050301_RLHFBH_chunk_001_lview_f006240.jpg,1
20260715_050301_RLHFBH_chunk_001_lview_f006270.jpg,1
20260715_050301_RLHFBH_chunk_001_lview_f006300.jpg,1
20260715_050301_RLHFBH_chunk_001_lview_f006330.jpg,1
20260715_050301_RLHFBH_chunk_001_lview_f006600.jpg,1
20260715_050301_RLHFBH_chunk_001_lview_f006630.jpg,1
20260715_050301_RLHFBH_chunk_001_lview_f006660.jpg,1
20260715_050301_RLHFBH_chunk_001_lview_f006690.jpg,1
20260715_050301_RLHFBH_chunk_001_lview_f006720.jpg,1
20260715_050301_RLHFBH_chunk_001_lview_f006840.jpg,1
20260715_050301_RLHFBH_chunk_001_lview_f006870.jpg,1
20260715_050301_RLHFBH_chunk_001_lview_f007020.jpg,1
20260715_050301_RLHFBH_chunk_001_lview_f007050.jpg,1
20260715_050301_RLHFBH_chunk_001_lview_f007080.jpg,1
20260715_050301_RLHFBH_chunk_001_lview_f007140.jpg,1
20260715_050301_RLHFBH_chunk_001_lview_f007200.jpg,1
20260715_050301_RLHFBH_chunk_001_lview_f007230.jpg,1
20260715_050301_RLHFBH_chunk_001_lview_f007260.jpg,1
20260715_050301_RLHFBH_chunk_001_lview_f007290.jpg,1
20260715_050301_RLHFBH_chunk_001_lview_f007320.jpg,1
20260715_050301_RLHFBH_chunk_001_lview_f007530.jpg,1
20260715_050301_RLHFBH_chunk_001_lview_f007560.jpg,1
20260715_050301_RLHFBH_chunk_001_lview_f007590.jpg,1
20260715_050301_RLHFBH_chunk_001_lview_f007620.jpg,1
20260715_050301_RLHFBH_chunk_001_lview_f007650.jpg,1
20260715_050301_RLHFBH_chunk_001_lview_f007680.jpg,1
20260715_050301_RLHFBH_chunk_001_lview_f007710.jpg,1
20260715_050301_RLHFBH_chunk_001_lview_f007740.jpg,1
20260715_050301_RLHFBH_chunk_001_lview_f007770.jpg,1
20260715_050301_RLHFBH_chunk_001_lview_f007800.jpg,1
20260715_050301_RLHFBH_chunk_001_lview_f007830.jpg,1
20260715_050301_RLHFBH_chunk_001_lview_f007860.jpg,1
20260715_050301_RLHFBH_chunk_001_lview_f007890.jpg,1
20260715_050301_RLHFBH_chunk_001_lview_f007920.jpg,1
20260715_050301_RLHFBH_chunk_001_lview_f007950.jpg,1
20260715_050301_RLHFBH_chunk_001_lview_f007980.jpg,1
20260715_050301_RLHFBH_chunk_001_lview_f008310.jpg,1
20260715_050301_RLHFBH_chunk_001_lview_f008340.jpg,1
20260715_050301_RLHFBH_chunk_001_lview_f008550.jpg,1
20260715_050301_RLHFBH_chunk_001_lview_f008580.jpg,1
20260715_050301_RLHFBH_chunk_001_lview_f008610.jpg,1
20260715_050301_RLHFBH_chunk_001_lview_f008640.jpg,1
20260715_050301_RLHFBH_chunk_001_lview_f008730.jpg,1
20260715_050301_RLHFBH_chunk_001_lview_f008760.jpg,1
20260715_050301_RLHFBH_chunk_001_lview_f008850.jpg,1
20260715_050301_RLHFBH_chunk_001_lview_f008910.jpg,1
20260715_050301_RLHFBH_chunk_001_lview_f009120.jpg,1
20260715_050301_RLHFBH_chunk_001_lview_f009150.jpg,1
20260715_050301_RLHFBH_chunk_001_lview_f009180.jpg,1
20260715_050301_RLHFBH_chunk_001_lview_f009210.jpg,1
20260715_050301_RLHFBH_chunk_001_lview_f009240.jpg,1
20260715_050301_RLHFBH_chunk_001_lview_f009270.jpg,1
20260715_050301_RLHFBH_chunk_001_lview_f009300.jpg,1
20260715_050301_RLHFBH_chunk_001_lview_f009330.jpg,1
20260715_050301_RLHFBH_chunk_001_lview_f009360.jpg,1
20260715_050301_RLHFBH_chunk_001_lview_f009390.jpg,1
20260715_050301_RLHFBH_chunk_001_lview_f009420.jpg,1
20260715_050301_RLHFBH_chunk_001_lview_f009450.jpg,1
20260715_050301_RLHFBH_chunk_001_lview_f009510.jpg,1
20260715_050301_RLHFBH_chunk_001_lview_f009600.jpg,1
20260715_050301_RLHFBH_chunk_001_lview_f009720.jpg,1
20260715_050301_RLHFBH_chunk_001_lview_f009780.jpg,1
20260715_050301_RLHFBH_chunk_001_lview_f009810.jpg,1
20260715_050301_RLHFBH_chunk_001_lview_f010290.jpg,1
20260715_050301_RLHFBH_chunk_001_lview_f010560.jpg,1
20260715_050301_RLHFBH_chunk_001_lview_f010620.jpg,1
20260715_050301_RLHFBH_chunk_001_lview_f010650.jpg,1
20260715_050301_RLHFBH_chunk_001_lview_f010680.jpg,1
20260715_050301_RLHFBH_chunk_001_lview_f010710.jpg,1
20260715_050301_RLHFBH_chunk_001_lview_f010740.jpg,1
20260715_050301_RLHFBH_chunk_001_lview_f010770.jpg,1
20260715_050301_RLHFBH_chunk_001_rview_f000240.jpg,1
20260715_050301_RLHFBH_chunk_001_rview_f000270.jpg,1
20260715_050301_RLHFBH_chunk_001_rview_f000300.jpg,1
20260715_050301_RLHFBH_chunk_001_rview_f000330.jpg,1
20260715_050301_RLHFBH_chunk_001_rview_f000360.jpg,1
20260715_050301_RLHFBH_chunk_001_rview_f000390.jpg,1
20260715_050301_RLHFBH_chunk_001_rview_f000510.jpg,1
20260715_050301_RLHFBH_chunk_001_rview_f000570.jpg,1
20260715_050301_RLHFBH_chunk_001_rview_f001110.jpg,1
20260715_050301_RLHFBH_chunk_001_rview_f001140.jpg,1
20260715_050301_RLHFBH_chunk_001_rview_f001170.jpg,1
20260715_050301_RLHFBH_chunk_001_rview_f001710.jpg,1
20260715_050301_RLHFBH_chunk_001_rview_f001740.jpg,1
20260715_050301_RLHFBH_chunk_001_rview_f001860.jpg,1
20260715_050301_RLHFBH_chunk_001_rview_f001890.jpg,1
20260715_050301_RLHFBH_chunk_001_rview_f001950.jpg,1
20260715_050301_RLHFBH_chunk_001_rview_f002010.jpg,1
20260715_050301_RLHFBH_chunk_001_rview_f002040.jpg,1
20260715_050301_RLHFBH_chunk_001_rview_f002070.jpg,1
20260715_050301_RLHFBH_chunk_001_rview_f002100.jpg,1
20260715_050301_RLHFBH_chunk_001_rview_f002130.jpg,1
20260715_050301_RLHFBH_chunk_001_rview_f002160.jpg,1
20260715_050301_RLHFBH_chunk_001_rview_f002190.jpg,1
20260715_050301_RLHFBH_chunk_001_rview_f002220.jpg,1
20260715_050301_RLHFBH_chunk_001_rview_f002250.jpg,1
20260715_050301_RLHFBH_chunk_001_rview_f002280.jpg,1
20260715_050301_RLHFBH_chunk_001_rview_f002400.jpg,1
20260715_050301_RLHFBH_chunk_001_rview_f002760.jpg,1
20260715_050301_RLHFBH_chunk_001_rview_f002880.jpg,1
20260715_050301_RLHFBH_chunk_001_rview_f003090.jpg,1
20260715_050301_RLHFBH_chunk_001_rview_f003120.jpg,1
20260715_050301_RLHFBH_chunk_001_rview_f003180.jpg,1
20260715_050301_RLHFBH_chunk_001_rview_f003210.jpg,1
20260715_050301_RLHFBH_chunk_001_rview_f003240.jpg,1
20260715_050301_RLHFBH_chunk_001_rview_f003270.jpg,1
20260715_050301_RLHFBH_chunk_001_rview_f003300.jpg,1
20260715_050301_RLHFBH_chunk_001_rview_f003360.jpg,1
20260715_050301_RLHFBH_chunk_001_rview_f003390.jpg,1
20260715_050301_RLHFBH_chunk_001_rview_f003420.jpg,1
20260715_050301_RLHFBH_chunk_001_rview_f003450.jpg,1
20260715_050301_RLHFBH_chunk_001_rview_f003480.jpg,1
20260715_050301_RLHFBH_chunk_001_rview_f003510.jpg,1
20260715_050301_RLHFBH_chunk_001_rview_f003630.jpg,1
20260715_050301_RLHFBH_chunk_001_rview_f003660.jpg,1
20260715_050301_RLHFBH_chunk_001_rview_f003750.jpg,1
20260715_050301_RLHFBH_chunk_001_rview_f003990.jpg,1
20260715_050301_RLHFBH_chunk_001_rview_f004080.jpg,1
20260715_050301_RLHFBH_chunk_001_rview_f004110.jpg,1
20260715_050301_RLHFBH_chunk_001_rview_f004140.jpg,1
20260715_050301_RLHFBH_chunk_001_rview_f004170.jpg,1
20260715_050301_RLHFBH_chunk_001_rview_f004200.jpg,1
20260715_050301_RLHFBH_chunk_001_rview_f004230.jpg,1
20260715_050301_RLHFBH_chunk_001_rview_f004260.jpg,1
20260715_050301_RLHFBH_chunk_001_rview_f004290.jpg,1
20260715_050301_RLHFBH_chunk_001_rview_f004320.jpg,1
20260715_050301_RLHFBH_chunk_001_rview_f004380.jpg,1
20260715_050301_RLHFBH_chunk_001_rview_f004410.jpg,1
20260715_050301_RLHFBH_chunk_001_rview_f004440.jpg,1
20260715_050301_RLHFBH_chunk_001_rview_f004470.jpg,1
20260715_050301_RLHFBH_chunk_001_rview_f004500.jpg,1
20260715_050301_RLHFBH_chunk_001_rview_f004530.jpg,1
20260715_050301_RLHFBH_chunk_001_rview_f004560.jpg,1
20260715_050301_RLHFBH_chunk_001_rview_f004590.jpg,1
20260715_050301_RLHFBH_chunk_001_rview_f004620.jpg,1
20260715_050301_RLHFBH_chunk_001_rview_f004650.jpg,1
20260715_050301_RLHFBH_chunk_001_rview_f004680.jpg,1
20260715_050301_RLHFBH_chunk_001_rview_f004710.jpg,1
20260715_050301_RLHFBH_chunk_001_rview_f004770.jpg,1
20260715_050301_RLHFBH_chunk_001_rview_f004830.jpg,1
20260715_050301_RLHFBH_chunk_001_rview_f004860.jpg,1
20260715_050301_RLHFBH_chunk_001_rview_f004890.jpg,1
20260715_050301_RLHFBH_chunk_001_rview_f004920.jpg,1
20260715_050301_RLHFBH_chunk_001_rview_f004950.jpg,1
20260715_050301_RLHFBH_chunk_001_rview_f004980.jpg,1
20260715_050301_RLHFBH_chunk_001_rview_f005040.jpg,1
20260715_050301_RLHFBH_chunk_001_rview_f005070.jpg,1
20260715_050301_RLHFBH_chunk_001_rview_f005100.jpg,1
20260715_050301_RLHFBH_chunk_001_rview_f005130.jpg,1
20260715_050301_RLHFBH_chunk_001_rview_f005160.jpg,1
20260715_050301_RLHFBH_chunk_001_rview_f005220.jpg,1
20260715_050301_RLHFBH_chunk_001_rview_f005250.jpg,1
20260715_050301_RLHFBH_chunk_001_rview_f005310.jpg,1
20260715_050301_RLHFBH_chunk_001_rview_f005580.jpg,1
20260715_050301_RLHFBH_chunk_001_rview_f005610.jpg,1
20260715_050301_RLHFBH_chunk_001_rview_f005640.jpg,1
20260715_050301_RLHFBH_chunk_001_rview_f005670.jpg,1
20260715_050301_RLHFBH_chunk_001_rview_f005700.jpg,1
20260715_050301_RLHFBH_chunk_001_rview_f005730.jpg,1
20260715_050301_RLHFBH_chunk_001_rview_f005760.jpg,1
20260715_050301_RLHFBH_chunk_001_rview_f005790.jpg,1
20260715_050301_RLHFBH_chunk_001_rview_f005820.jpg,1
20260715_050301_RLHFBH_chunk_001_rview_f005850.jpg,1
20260715_050301_RLHFBH_chunk_001_rview_f005880.jpg,1
20260715_050301_RLHFBH_chunk_001_rview_f005910.jpg,1
20260715_050301_RLHFBH_chunk_001_rview_f005940.jpg,1
20260715_050301_RLHFBH_chunk_001_rview_f005970.jpg,1
20260715_050301_RLHFBH_chunk_001_rview_f006000.jpg,1
20260715_050301_RLHFBH_chunk_001_rview_f006030.jpg,1
20260715_050301_RLHFBH_chunk_001_rview_f006060.jpg,1
20260715_050301_RLHFBH_chunk_001_rview_f006090.jpg,1
20260715_050301_RLHFBH_chunk_001_rview_f006120.jpg,1
20260715_050301_RLHFBH_chunk_001_rview_f006150.jpg,1
20260715_050301_RLHFBH_chunk_001_rview_f006180.jpg,1
20260715_050301_RLHFBH_chunk_001_rview_f006210.jpg,1
20260715_050301_RLHFBH_chunk_001_rview_f006240.jpg,1
20260715_050301_RLHFBH_chunk_001_rview_f006270.jpg,1
20260715_050301_RLHFBH_chunk_001_rview_f006300.jpg,1
20260715_050301_RLHFBH_chunk_001_rview_f006330.jpg,1
20260715_050301_RLHFBH_chunk_001_rview_f006360.jpg,1
20260715_050301_RLHFBH_chunk_001_rview_f006570.jpg,1
20260715_050301_RLHFBH_chunk_001_rview_f006600.jpg,1
20260715_050301_RLHFBH_chunk_001_rview_f006630.jpg,1
20260715_050301_RLHFBH_chunk_001_rview_f006660.jpg,1
20260715_050301_RLHFBH_chunk_001_rview_f006750.jpg,1
20260715_050301_RLHFBH_chunk_001_rview_f006840.jpg,1
20260715_050301_RLHFBH_chunk_001_rview_f007050.jpg,1
20260715_050301_RLHFBH_chunk_001_rview_f007080.jpg,1
20260715_050301_RLHFBH_chunk_001_rview_f007140.jpg,1
20260715_050301_RLHFBH_chunk_001_rview_f007200.jpg,1
20260715_050301_RLHFBH_chunk_001_rview_f007230.jpg,1
20260715_050301_RLHFBH_chunk_001_rview_f007260.jpg,1
20260715_050301_RLHFBH_chunk_001_rview_f007290.jpg,1
20260715_050301_RLHFBH_chunk_001_rview_f007320.jpg,1
20260715_050301_RLHFBH_chunk_001_rview_f007410.jpg,1
20260715_050301_RLHFBH_chunk_001_rview_f007440.jpg,1
20260715_050301_RLHFBH_chunk_001_rview_f007470.jpg,1
20260715_050301_RLHFBH_chunk_001_rview_f007530.jpg,1
20260715_050301_RLHFBH_chunk_001_rview_f007560.jpg,1
20260715_050301_RLHFBH_chunk_001_rview_f007590.jpg,1
20260715_050301_RLHFBH_chunk_001_rview_f007620.jpg,1
20260715_050301_RLHFBH_chunk_001_rview_f007650.jpg,1
20260715_050301_RLHFBH_chunk_001_rview_f007680.jpg,1
20260715_050301_RLHFBH_chunk_001_rview_f007710.jpg,1
20260715_050301_RLHFBH_chunk_001_rview_f007740.jpg,1
20260715_050301_RLHFBH_chunk_001_rview_f007770.jpg,1
20260715_050301_RLHFBH_chunk_001_rview_f007800.jpg,1
20260715_050301_RLHFBH_chunk_001_rview_f007830.jpg,1
20260715_050301_RLHFBH_chunk_001_rview_f007860.jpg,1
20260715_050301_RLHFBH_chunk_001_rview_f007890.jpg,1
20260715_050301_RLHFBH_chunk_001_rview_f007920.jpg,1
20260715_050301_RLHFBH_chunk_001_rview_f007950.jpg,1
20260715_050301_RLHFBH_chunk_001_rview_f007980.jpg,1
20260715_050301_RLHFBH_chunk_001_rview_f008100.jpg,1
20260715_050301_RLHFBH_chunk_001_rview_f008310.jpg,1
20260715_050301_RLHFBH_chunk_001_rview_f008340.jpg,1
20260715_050301_RLHFBH_chunk_001_rview_f008550.jpg,1
20260715_050301_RLHFBH_chunk_001_rview_f008580.jpg,1
20260715_050301_RLHFBH_chunk_001_rview_f008640.jpg,1
20260715_050301_RLHFBH_chunk_001_rview_f008730.jpg,1
20260715_050301_RLHFBH_chunk_001_rview_f008760.jpg,1
20260715_050301_RLHFBH_chunk_001_rview_f008850.jpg,1
20260715_050301_RLHFBH_chunk_001_rview_f008880.jpg,1
20260715_050301_RLHFBH_chunk_001_rview_f008910.jpg,1
20260715_050301_RLHFBH_chunk_001_rview_f008940.jpg,1
20260715_050301_RLHFBH_chunk_001_rview_f009120.jpg,1
20260715_050301_RLHFBH_chunk_001_rview_f009150.jpg,1
20260715_050301_RLHFBH_chunk_001_rview_f009180.jpg,1
20260715_050301_RLHFBH_chunk_001_rview_f009210.jpg,1
20260715_050301_RLHFBH_chunk_001_rview_f009270.jpg,1
20260715_050301_RLHFBH_chunk_001_rview_f009300.jpg,1
20260715_050301_RLHFBH_chunk_001_rview_f009330.jpg,1
20260715_050301_RLHFBH_chunk_001_rview_f009360.jpg,1
20260715_050301_RLHFBH_chunk_001_rview_f009390.jpg,1
20260715_050301_RLHFBH_chunk_001_rview_f009420.jpg,1
20260715_050301_RLHFBH_chunk_001_rview_f009450.jpg,1
20260715_050301_RLHFBH_chunk_001_rview_f009510.jpg,1
20260715_050301_RLHFBH_chunk_001_rview_f009540.jpg,1
20260715_050301_RLHFBH_chunk_001_rview_f009570.jpg,1
20260715_050301_RLHFBH_chunk_001_rview_f009600.jpg,1
20260715_050301_RLHFBH_chunk_001_rview_f009630.jpg,1
20260715_050301_RLHFBH_chunk_001_rview_f009690.jpg,1
20260715_050301_RLHFBH_chunk_001_rview_f009720.jpg,1
20260715_050301_RLHFBH_chunk_001_rview_f009750.jpg,1
20260715_050301_RLHFBH_chunk_001_rview_f009780.jpg,1
20260715_050301_RLHFBH_chunk_001_rview_f009810.jpg,1
20260715_050301_RLHFBH_chunk_001_rview_f010500.jpg,1
20260715_050301_RLHFBH_chunk_001_rview_f010560.jpg,1
20260715_050301_RLHFBH_chunk_001_rview_f010620.jpg,1
20260715_050301_RLHFBH_chunk_001_rview_f010650.jpg,1
20260715_050301_RLHFBH_chunk_001_rview_f010680.jpg,1
20260715_050301_RLHFBH_chunk_001_rview_f010710.jpg,1
20260715_050301_RLHFBH_chunk_001_rview_f010740.jpg,1
20260715_050301_RLHFBH_chunk_001_rview_f010770.jpg,1
20260717_133718_YXVXCK_002_f004980.jpg,1
20260717_133718_YXVXCK_002_f005235.jpg,1
20260718_070305_JDSSLG_011_f003360.jpg,1
20260718_070305_JDSSLG_011_f007005.jpg,1
20260718_070305_JDSSLG_011_f007845.jpg,1
20260718_070305_JDSSLG_011_f008355.jpg,1
20260718_070305_JDSSLG_011_f008415.jpg,1
20260718_070305_JDSSLG_011_f008925.jpg,1
20260718_070305_JDSSLG_011_f009390.jpg,1
20260718_070305_JDSSLG_022_f003690.jpg,1
20260718_070305_JDSSLG_022_f004875.jpg,1
20260718_070305_JDSSLG_022_f005565.jpg,1
20260718_070305_JDSSLG_022_f005625.jpg,1
20260718_070305_JDSSLG_022_f005700.jpg,1
20260718_070305_JDSSLG_022_f006510.jpg,1
20260718_070305_JDSSLG_022_f007095.jpg,1
20260718_070305_JDSSLG_022_f007155.jpg,1
20260719_004651_GTGSFL_011_f002460.jpg,1
20260719_004651_GTGSFL_011_f002580.jpg,1
20260719_004651_GTGSFL_011_f006225.jpg,1
20260719_004651_GTGSFL_011_f006510.jpg,1
20260719_004651_GTGSFL_011_f007230.jpg,1
20260719_004651_GTGSFL_011_f008700.jpg,1
20260719_004651_GTGSFL_024_f005805.jpg,1
20260719_004651_GTGSFL_024_f005910.jpg,1
20260719_004651_GTGSFL_024_f006780.jpg,1
20260719_004651_GTGSFL_024_f006840.jpg,1
20260719_004651_GTGSFL_024_f006915.jpg,1
20260719_004651_GTGSFL_024_f006990.jpg,1
20260719_004651_GTGSFL_024_f007050.jpg,1
20260719_004651_GTGSFL_024_f007125.jpg,1
20260719_004651_GTGSFL_024_f007425.jpg,1
20260719_004651_GTGSFL_024_f007545.jpg,1
20260719_004651_GTGSFL_024_f010035.jpg,1
20260719_005056_VNLEJG_009_f001695.jpg,1
20260719_005056_VNLEJG_023_f000705.jpg,1
20260719_005056_VNLEJG_023_f000765.jpg,1
20260719_005056_VNLEJG_023_f000930.jpg,1
20260719_005056_VNLEJG_023_f003120.jpg,1
20260719_005056_VNLEJG_023_f007935.jpg,1
20260719_005056_VNLEJG_023_f008085.jpg,1
20260719_005056_VNLEJG_023_f009870.jpg,1
20260719_055944_KVADRX_024_f000165.jpg,1
20260719_055944_KVADRX_024_f000735.jpg,1
20260719_055944_KVADRX_024_f001920.jpg,1
20260719_055944_KVADRX_024_f002775.jpg,1
20260719_055944_KVADRX_024_f004140.jpg,1
20260719_055944_KVADRX_024_f005805.jpg,1
20260719_055944_KVADRX_024_f005910.jpg,1
20260719_055944_KVADRX_024_f006090.jpg,1
20260719_055944_KVADRX_024_f006180.jpg,1
20260719_055944_KVADRX_024_f006375.jpg,1
20260719_055944_KVADRX_024_f006525.jpg,1
20260719_055944_KVADRX_024_f007380.jpg,1
20260719_055944_KVADRX_024_f007515.jpg,1
20260719_055944_KVADRX_030_f000000.jpg,1
20260719_055944_KVADRX_030_f000060.jpg,1
20260719_055944_KVADRX_030_f000135.jpg,1
20260719_055944_KVADRX_030_f000255.jpg,1
20260719_055944_KVADRX_030_f000315.jpg,1
20260719_055944_KVADRX_030_f000420.jpg,1
20260719_055944_KVADRX_030_f000495.jpg,1
20260719_055944_KVADRX_030_f000585.jpg,1
20260719_055944_KVADRX_030_f000660.jpg,1
20260719_055944_KVADRX_030_f001260.jpg,1
20260719_055944_KVADRX_030_f001425.jpg,1
20260719_055944_KVADRX_030_f003165.jpg,1
20260719_055944_KVADRX_030_f008985.jpg,1
20260719_055944_KVADRX_030_f009225.jpg,1
20260719_055944_KVADRX_030_f009540.jpg,1
20260719_055944_KVADRX_030_f009855.jpg,1
20260719_055944_KVADRX_032_f000000.jpg,1
20260719_055944_KVADRX_032_f000375.jpg,1
20260719_055944_KVADRX_032_f000465.jpg,1
20260719_055944_KVADRX_032_f000555.jpg,1
20260719_055944_KVADRX_032_f000615.jpg,1
20260719_055944_KVADRX_032_f000795.jpg,1
20260719_055944_KVADRX_032_f000885.jpg,1
20260719_055944_KVADRX_032_f000960.jpg,1
20260719_055944_KVADRX_032_f001320.jpg,1
20260719_055944_KVADRX_032_f001380.jpg,1
20260719_055944_KVADRX_032_f001440.jpg,1
20260719_055944_KVADRX_032_f001605.jpg,1
20260719_055944_KVADRX_032_f001875.jpg,1
20260719_055944_KVADRX_032_f002460.jpg,1
20260719_055944_KVADRX_032_f002805.jpg,1
20260719_055944_KVADRX_032_f003090.jpg,1
20260719_055944_KVADRX_032_f003585.jpg,1
20260719_055944_KVADRX_032_f003720.jpg,1
20260719_055944_KVADRX_032_f004725.jpg,1
20260719_055944_KVADRX_032_f004815.jpg,1
20260719_055944_KVADRX_032_f005175.jpg,1
20260719_055944_KVADRX_032_f005430.jpg,1
20260719_055944_KVADRX_032_f005625.jpg,1
20260719_055944_KVADRX_032_f006435.jpg,1
20260719_055944_KVADRX_032_f006705.jpg,1
20260719_055944_KVADRX_032_f006990.jpg,1
20260719_055944_KVADRX_032_f008415.jpg,1
20260719_055944_KVADRX_032_f009015.jpg,1
20260719_055944_KVADRX_032_f009735.jpg,1
20260719_055944_KVADRX_032_f010095.jpg,1
20260719_055944_KVADRX_032_f010590.jpg,1
20260719_061852_HVPETV_000_f000210.jpg,1
20260719_061852_HVPETV_000_f001680.jpg,1
20260719_061852_HVPETV_000_f001935.jpg,1
20260719_061852_HVPETV_000_f002070.jpg,1
20260719_061852_HVPETV_000_f002130.jpg,1
20260719_061852_HVPETV_000_f002190.jpg,1
20260719_061852_HVPETV_000_f002250.jpg,1
20260719_061852_HVPETV_000_f002340.jpg,1
20260719_061852_HVPETV_000_f002400.jpg,1
20260719_061852_HVPETV_000_f002535.jpg,1
20260719_061852_HVPETV_000_f002610.jpg,1
20260719_061852_HVPETV_000_f002685.jpg,1
20260719_061852_HVPETV_000_f002745.jpg,1
20260719_061852_HVPETV_000_f002820.jpg,1
20260719_061852_HVPETV_000_f002880.jpg,1
20260719_061852_HVPETV_000_f002985.jpg,1
20260719_061852_HVPETV_000_f003045.jpg,1
20260719_061852_HVPETV_000_f003105.jpg,1
20260719_061852_HVPETV_000_f003180.jpg,1
20260719_061852_HVPETV_000_f003270.jpg,1
20260719_061852_HVPETV_000_f003345.jpg,1
20260719_061852_HVPETV_000_f003405.jpg,1
20260719_061852_HVPETV_000_f003465.jpg,1
20260719_061852_HVPETV_000_f003570.jpg,1
20260719_061852_HVPETV_000_f003660.jpg,1
20260719_061852_HVPETV_000_f003795.jpg,1
20260719_061852_HVPETV_000_f003855.jpg,1
20260719_061852_HVPETV_000_f004005.jpg,1
20260719_061852_HVPETV_000_f005355.jpg,1
20260719_061852_HVPETV_000_f005475.jpg,1
20260719_061852_HVPETV_000_f005625.jpg,1
20260719_061852_HVPETV_000_f005760.jpg,1
20260719_061852_HVPETV_000_f005820.jpg,1
20260719_061852_HVPETV_000_f005925.jpg,1
20260719_061852_HVPETV_000_f006030.jpg,1
20260719_061852_HVPETV_000_f008130.jpg,1
20260719_061852_HVPETV_000_f008280.jpg,1
20260719_061852_HVPETV_000_f008910.jpg,1
20260719_061852_HVPETV_000_f009570.jpg,1
20260719_061852_HVPETV_000_f010560.jpg,1
20260719_061852_HVPETV_015_f000090.jpg,1
20260719_061852_HVPETV_015_f000180.jpg,1
20260719_061852_HVPETV_015_f000750.jpg,1
20260719_061852_HVPETV_015_f002670.jpg,1
20260719_061852_HVPETV_015_f002985.jpg,1
20260719_061852_HVPETV_015_f003945.jpg,1
20260719_061852_HVPETV_015_f004065.jpg,1
20260719_061852_HVPETV_015_f006120.jpg,1
20260719_061852_HVPETV_015_f006885.jpg,1
20260719_061852_HVPETV_015_f006975.jpg,1
20260719_061852_HVPETV_015_f007095.jpg,1
20260719_061852_HVPETV_015_f007245.jpg,1
20260719_061852_HVPETV_015_f007350.jpg,1
20260719_073558_WFYGMS_001_f000345.jpg,1
20260719_073558_WFYGMS_001_f001440.jpg,1
20260719_073558_WFYGMS_001_f010395.jpg,1
20260719_111540_SFTZPH_008_f003120.jpg,1
20260719_111540_SFTZPH_008_f004260.jpg,1
20260719_111540_SFTZPH_008_f004320.jpg,1
20260721_055856_QVDFYG_chunk_002_lview_f001440.jpg,1
20260721_055856_QVDFYG_chunk_002_lview_f004080.jpg,1
20260721_055856_QVDFYG_chunk_002_lview_f004800.jpg,1
20260721_055856_QVDFYG_chunk_002_lview_f004830.jpg,1
20260721_055856_QVDFYG_chunk_002_lview_f005070.jpg,1
20260721_055856_QVDFYG_chunk_002_lview_f005100.jpg,1
20260721_055856_QVDFYG_chunk_002_lview_f005130.jpg,1
20260721_055856_QVDFYG_chunk_002_lview_f005160.jpg,1
20260721_055856_QVDFYG_chunk_002_lview_f005190.jpg,1
20260721_055856_QVDFYG_chunk_002_lview_f005220.jpg,1
20260721_055856_QVDFYG_chunk_002_lview_f005310.jpg,1
20260721_055856_QVDFYG_chunk_002_lview_f005400.jpg,1
20260721_055856_QVDFYG_chunk_002_lview_f005640.jpg,1
20260721_055856_QVDFYG_chunk_002_lview_f005760.jpg,1
20260721_055856_QVDFYG_chunk_002_lview_f005880.jpg,1
20260721_055856_QVDFYG_chunk_002_lview_f005910.jpg,1
20260721_055856_QVDFYG_chunk_002_lview_f006060.jpg,1
20260721_055856_QVDFYG_chunk_002_lview_f006180.jpg,1
20260721_055856_QVDFYG_chunk_002_lview_f006630.jpg,1
20260721_055856_QVDFYG_chunk_002_lview_f007290.jpg,1
20260721_055856_QVDFYG_chunk_002_lview_f007320.jpg,1
20260721_055856_QVDFYG_chunk_002_lview_f007350.jpg,1
20260721_055856_QVDFYG_chunk_002_lview_f007380.jpg,1
20260721_055856_QVDFYG_chunk_002_lview_f007410.jpg,1
20260721_055856_QVDFYG_chunk_002_lview_f007440.jpg,1
20260721_055856_QVDFYG_chunk_002_lview_f007470.jpg,1
20260721_055856_QVDFYG_chunk_002_lview_f007560.jpg,1
20260721_055856_QVDFYG_chunk_002_lview_f007710.jpg,1
20260721_055856_QVDFYG_chunk_002_rview_f000300.jpg,1
20260721_055856_QVDFYG_chunk_002_rview_f000330.jpg,1
20260721_055856_QVDFYG_chunk_002_rview_f000360.jpg,1
20260721_055856_QVDFYG_chunk_002_rview_f000390.jpg,1
20260721_055856_QVDFYG_chunk_002_rview_f000690.jpg,1
20260721_055856_QVDFYG_chunk_002_rview_f001440.jpg,1
20260721_055856_QVDFYG_chunk_002_rview_f004080.jpg,1
20260721_055856_QVDFYG_chunk_002_rview_f004800.jpg,1
20260721_055856_QVDFYG_chunk_002_rview_f004830.jpg,1
20260721_055856_QVDFYG_chunk_002_rview_f005100.jpg,1
20260721_055856_QVDFYG_chunk_002_rview_f005160.jpg,1
20260721_055856_QVDFYG_chunk_002_rview_f005190.jpg,1
20260721_055856_QVDFYG_chunk_002_rview_f005220.jpg,1
20260721_055856_QVDFYG_chunk_002_rview_f005310.jpg,1
20260721_055856_QVDFYG_chunk_002_rview_f005640.jpg,1
20260721_055856_QVDFYG_chunk_002_rview_f005760.jpg,1
20260721_055856_QVDFYG_chunk_002_rview_f006030.jpg,1
20260721_055856_QVDFYG_chunk_002_rview_f006060.jpg,1
20260721_055856_QVDFYG_chunk_002_rview_f006120.jpg,1
20260721_055856_QVDFYG_chunk_002_rview_f006150.jpg,1
20260721_055856_QVDFYG_chunk_002_rview_f006420.jpg,1
20260721_055856_QVDFYG_chunk_002_rview_f006450.jpg,1
20260721_055856_QVDFYG_chunk_002_rview_f006630.jpg,1
20260721_055856_QVDFYG_chunk_002_rview_f006750.jpg,1
20260721_055856_QVDFYG_chunk_002_rview_f006810.jpg,1
20260721_055856_QVDFYG_chunk_002_rview_f007680.jpg,1
20260721_055856_QVDFYG_chunk_002_rview_f007710.jpg,1
20260721_055856_QVDFYG_chunk_002_rview_f009090.jpg,1
20260721_055856_QVDFYG_chunk_002_rview_f009120.jpg,1
20260721_055856_QVDFYG_chunk_002_rview_f009150.jpg,1
20260721_055856_QVDFYG_chunk_002_rview_f009510.jpg,1
20260721_074008_ASUJRU_016_f008040.jpg,1
20260721_074008_ASUJRU_020_f010575.jpg,1
20260721_074008_ASUJRU_021_f000330.jpg,1
20260721_074008_ASUJRU_021_f000450.jpg,1
20260721_074008_ASUJRU_021_f000960.jpg,1
20260721_113536_RGLGAP_003_f000015.jpg,1
20260721_113536_RGLGAP_005_f008310.jpg,1
20260721_114038_NBUBWQ_000_f000405.jpg,1
20260722_055234_LZJGJP_chunk_004_lview_f000000.jpg,1
20260722_055234_LZJGJP_chunk_004_lview_f000060.jpg,1
20260722_055234_LZJGJP_chunk_004_lview_f000090.jpg,1
20260722_055234_LZJGJP_chunk_004_lview_f000150.jpg,1
20260722_055234_LZJGJP_chunk_004_lview_f000240.jpg,1
20260722_055234_LZJGJP_chunk_004_lview_f000270.jpg,1
20260722_055234_LZJGJP_chunk_004_lview_f000300.jpg,1
20260722_055234_LZJGJP_chunk_004_lview_f000330.jpg,1
20260722_055234_LZJGJP_chunk_004_lview_f000360.jpg,1
20260722_055234_LZJGJP_chunk_004_lview_f000390.jpg,1
20260722_055234_LZJGJP_chunk_004_lview_f000540.jpg,1
20260722_055234_LZJGJP_chunk_004_lview_f000600.jpg,1
20260722_055234_LZJGJP_chunk_004_lview_f000660.jpg,1
20260722_055234_LZJGJP_chunk_004_lview_f000750.jpg,1
20260722_055234_LZJGJP_chunk_004_lview_f000780.jpg,1
20260722_055234_LZJGJP_chunk_004_lview_f000810.jpg,1
20260722_055234_LZJGJP_chunk_004_lview_f000930.jpg,1
20260722_055234_LZJGJP_chunk_004_lview_f001140.jpg,1
20260722_055234_LZJGJP_chunk_004_lview_f001170.jpg,1
20260722_055234_LZJGJP_chunk_004_lview_f001200.jpg,1
20260722_055234_LZJGJP_chunk_004_lview_f001260.jpg,1
20260722_055234_LZJGJP_chunk_004_lview_f001290.jpg,1
20260722_055234_LZJGJP_chunk_004_lview_f001530.jpg,1
20260722_055234_LZJGJP_chunk_004_lview_f001560.jpg,1
20260722_055234_LZJGJP_chunk_004_lview_f001620.jpg,1
20260722_055234_LZJGJP_chunk_004_lview_f001650.jpg,1
20260722_055234_LZJGJP_chunk_004_lview_f001680.jpg,1
20260722_055234_LZJGJP_chunk_004_lview_f001710.jpg,1
20260722_055234_LZJGJP_chunk_004_lview_f001770.jpg,1
20260722_055234_LZJGJP_chunk_004_lview_f001800.jpg,1
20260722_055234_LZJGJP_chunk_004_lview_f001830.jpg,1
20260722_055234_LZJGJP_chunk_004_lview_f001920.jpg,1
20260722_055234_LZJGJP_chunk_004_lview_f001950.jpg,1
20260722_055234_LZJGJP_chunk_004_lview_f001980.jpg,1
20260722_055234_LZJGJP_chunk_004_lview_f002070.jpg,1
20260722_055234_LZJGJP_chunk_004_lview_f002220.jpg,1
20260722_055234_LZJGJP_chunk_004_lview_f002250.jpg,1
20260722_055234_LZJGJP_chunk_004_lview_f002550.jpg,1
20260722_055234_LZJGJP_chunk_004_lview_f002670.jpg,1
20260722_055234_LZJGJP_chunk_004_lview_f002700.jpg,1
20260722_055234_LZJGJP_chunk_004_lview_f002970.jpg,1
20260722_055234_LZJGJP_chunk_004_lview_f003210.jpg,1
20260722_055234_LZJGJP_chunk_004_lview_f003840.jpg,1
20260722_055234_LZJGJP_chunk_004_lview_f003870.jpg,1
20260722_055234_LZJGJP_chunk_004_lview_f003900.jpg,1
20260722_055234_LZJGJP_chunk_004_lview_f003930.jpg,1
20260722_055234_LZJGJP_chunk_004_lview_f004230.jpg,1
20260722_055234_LZJGJP_chunk_004_lview_f004410.jpg,1
20260722_055234_LZJGJP_chunk_004_lview_f004470.jpg,1
20260722_055234_LZJGJP_chunk_004_lview_f005040.jpg,1
20260722_055234_LZJGJP_chunk_004_lview_f005100.jpg,1
20260722_055234_LZJGJP_chunk_004_lview_f005370.jpg,1
20260722_055234_LZJGJP_chunk_004_lview_f005400.jpg,1
20260722_055234_LZJGJP_chunk_004_lview_f005730.jpg,1
20260722_055234_LZJGJP_chunk_004_lview_f005760.jpg,1
20260722_055234_LZJGJP_chunk_004_lview_f006150.jpg,1
20260722_055234_LZJGJP_chunk_004_lview_f006180.jpg,1
20260722_055234_LZJGJP_chunk_004_lview_f006270.jpg,1
20260722_055234_LZJGJP_chunk_004_lview_f006420.jpg,1
20260722_055234_LZJGJP_chunk_004_lview_f006450.jpg,1
20260722_055234_LZJGJP_chunk_004_lview_f006750.jpg,1
20260722_055234_LZJGJP_chunk_004_lview_f006780.jpg,1
20260722_055234_LZJGJP_chunk_004_lview_f006810.jpg,1
20260722_055234_LZJGJP_chunk_004_lview_f007140.jpg,1
20260722_055234_LZJGJP_chunk_004_lview_f007260.jpg,1
20260722_055234_LZJGJP_chunk_004_lview_f007380.jpg,1
20260722_055234_LZJGJP_chunk_004_lview_f007410.jpg,1
20260722_055234_LZJGJP_chunk_004_lview_f007590.jpg,1
20260722_055234_LZJGJP_chunk_004_lview_f007620.jpg,1
20260722_055234_LZJGJP_chunk_004_lview_f007710.jpg,1
20260722_055234_LZJGJP_chunk_004_lview_f008040.jpg,1
20260722_055234_LZJGJP_chunk_004_lview_f008070.jpg,1
20260722_055234_LZJGJP_chunk_004_lview_f008610.jpg,1
20260722_055234_LZJGJP_chunk_004_lview_f008640.jpg,1
20260722_055234_LZJGJP_chunk_004_lview_f008670.jpg,1
20260722_055234_LZJGJP_chunk_004_lview_f008700.jpg,1
20260722_055234_LZJGJP_chunk_004_lview_f008760.jpg,1
20260722_055234_LZJGJP_chunk_004_lview_f009120.jpg,1
20260722_055234_LZJGJP_chunk_004_lview_f009210.jpg,1
20260722_055234_LZJGJP_chunk_004_lview_f009570.jpg,1
20260722_055234_LZJGJP_chunk_004_lview_f009600.jpg,1
20260722_055234_LZJGJP_chunk_004_lview_f009810.jpg,1
20260722_055234_LZJGJP_chunk_004_lview_f009840.jpg,1
20260722_055234_LZJGJP_chunk_004_lview_f010140.jpg,1
20260722_055234_LZJGJP_chunk_004_lview_f010170.jpg,1
20260722_055234_LZJGJP_chunk_004_lview_f010290.jpg,1
20260722_055234_LZJGJP_chunk_004_lview_f010500.jpg,1
20260722_055234_LZJGJP_chunk_004_lview_f010530.jpg,1
20260722_055234_LZJGJP_chunk_004_lview_f010560.jpg,1
20260722_055234_LZJGJP_chunk_004_lview_f010680.jpg,1
20260722_055234_LZJGJP_chunk_004_rview_f000030.jpg,1
20260722_055234_LZJGJP_chunk_004_rview_f000060.jpg,1
20260722_055234_LZJGJP_chunk_004_rview_f000120.jpg,1
20260722_055234_LZJGJP_chunk_004_rview_f000150.jpg,1
20260722_055234_LZJGJP_chunk_004_rview_f000180.jpg,1
20260722_055234_LZJGJP_chunk_004_rview_f000210.jpg,1
20260722_055234_LZJGJP_chunk_004_rview_f000240.jpg,1
20260722_055234_LZJGJP_chunk_004_rview_f000270.jpg,1
20260722_055234_LZJGJP_chunk_004_rview_f000300.jpg,1
20260722_055234_LZJGJP_chunk_004_rview_f000330.jpg,1
20260722_055234_LZJGJP_chunk_004_rview_f000390.jpg,1
20260722_055234_LZJGJP_chunk_004_rview_f000450.jpg,1
20260722_055234_LZJGJP_chunk_004_rview_f000480.jpg,1
20260722_055234_LZJGJP_chunk_004_rview_f000510.jpg,1
20260722_055234_LZJGJP_chunk_004_rview_f000630.jpg,1
20260722_055234_LZJGJP_chunk_004_rview_f000660.jpg,1
20260722_055234_LZJGJP_chunk_004_rview_f000780.jpg,1
20260722_055234_LZJGJP_chunk_004_rview_f000810.jpg,1
20260722_055234_LZJGJP_chunk_004_rview_f000870.jpg,1
20260722_055234_LZJGJP_chunk_004_rview_f000900.jpg,1
20260722_055234_LZJGJP_chunk_004_rview_f000960.jpg,1
20260722_055234_LZJGJP_chunk_004_rview_f000990.jpg,1
20260722_055234_LZJGJP_chunk_004_rview_f001020.jpg,1
20260722_055234_LZJGJP_chunk_004_rview_f001050.jpg,1
20260722_055234_LZJGJP_chunk_004_rview_f001080.jpg,1
20260722_055234_LZJGJP_chunk_004_rview_f001140.jpg,1
20260722_055234_LZJGJP_chunk_004_rview_f001170.jpg,1
20260722_055234_LZJGJP_chunk_004_rview_f001200.jpg,1
20260722_055234_LZJGJP_chunk_004_rview_f001230.jpg,1
20260722_055234_LZJGJP_chunk_004_rview_f001260.jpg,1
20260722_055234_LZJGJP_chunk_004_rview_f001290.jpg,1
20260722_055234_LZJGJP_chunk_004_rview_f001410.jpg,1
20260722_055234_LZJGJP_chunk_004_rview_f001440.jpg,1
20260722_055234_LZJGJP_chunk_004_rview_f001500.jpg,1
20260722_055234_LZJGJP_chunk_004_rview_f001530.jpg,1
20260722_055234_LZJGJP_chunk_004_rview_f001560.jpg,1
20260722_055234_LZJGJP_chunk_004_rview_f001590.jpg,1
20260722_055234_LZJGJP_chunk_004_rview_f001650.jpg,1
20260722_055234_LZJGJP_chunk_004_rview_f001740.jpg,1
20260722_055234_LZJGJP_chunk_004_rview_f001770.jpg,1
20260722_055234_LZJGJP_chunk_004_rview_f001800.jpg,1
20260722_055234_LZJGJP_chunk_004_rview_f001860.jpg,1
20260722_055234_LZJGJP_chunk_004_rview_f001890.jpg,1
20260722_055234_LZJGJP_chunk_004_rview_f001980.jpg,1
20260722_055234_LZJGJP_chunk_004_rview_f002010.jpg,1
20260722_055234_LZJGJP_chunk_004_rview_f002130.jpg,1
20260722_055234_LZJGJP_chunk_004_rview_f002160.jpg,1
20260722_055234_LZJGJP_chunk_004_rview_f002220.jpg,1
20260722_055234_LZJGJP_chunk_004_rview_f002250.jpg,1
20260722_055234_LZJGJP_chunk_004_rview_f002280.jpg,1
20260722_055234_LZJGJP_chunk_004_rview_f002580.jpg,1
20260722_055234_LZJGJP_chunk_004_rview_f002670.jpg,1
20260722_055234_LZJGJP_chunk_004_rview_f002730.jpg,1
20260722_055234_LZJGJP_chunk_004_rview_f003210.jpg,1
20260722_055234_LZJGJP_chunk_004_rview_f003750.jpg,1
20260722_055234_LZJGJP_chunk_004_rview_f003930.jpg,1
20260722_055234_LZJGJP_chunk_004_rview_f004230.jpg,1
20260722_055234_LZJGJP_chunk_004_rview_f004590.jpg,1
20260722_055234_LZJGJP_chunk_004_rview_f005040.jpg,1
20260722_055234_LZJGJP_chunk_004_rview_f005100.jpg,1
20260722_055234_LZJGJP_chunk_004_rview_f005370.jpg,1
20260722_055234_LZJGJP_chunk_004_rview_f005400.jpg,1
20260722_055234_LZJGJP_chunk_004_rview_f006150.jpg,1
20260722_055234_LZJGJP_chunk_004_rview_f006180.jpg,1
20260722_055234_LZJGJP_chunk_004_rview_f006270.jpg,1
20260722_055234_LZJGJP_chunk_004_rview_f006420.jpg,1
20260722_055234_LZJGJP_chunk_004_rview_f006450.jpg,1
20260722_055234_LZJGJP_chunk_004_rview_f006600.jpg,1
20260722_055234_LZJGJP_chunk_004_rview_f006630.jpg,1
20260722_055234_LZJGJP_chunk_004_rview_f006660.jpg,1
20260722_055234_LZJGJP_chunk_004_rview_f006750.jpg,1
20260722_055234_LZJGJP_chunk_004_rview_f006780.jpg,1
20260722_055234_LZJGJP_chunk_004_rview_f007140.jpg,1
20260722_055234_LZJGJP_chunk_004_rview_f007320.jpg,1
20260722_055234_LZJGJP_chunk_004_rview_f007350.jpg,1
20260722_055234_LZJGJP_chunk_004_rview_f007380.jpg,1
20260722_055234_LZJGJP_chunk_004_rview_f007410.jpg,1
20260722_055234_LZJGJP_chunk_004_rview_f007620.jpg,1
20260722_055234_LZJGJP_chunk_004_rview_f007650.jpg,1
20260722_055234_LZJGJP_chunk_004_rview_f007710.jpg,1
20260722_055234_LZJGJP_chunk_004_rview_f008340.jpg,1
20260722_055234_LZJGJP_chunk_004_rview_f008760.jpg,1
20260722_055234_LZJGJP_chunk_004_rview_f009150.jpg,1
20260722_055234_LZJGJP_chunk_004_rview_f009180.jpg,1
20260722_055234_LZJGJP_chunk_004_rview_f009720.jpg,1
20260722_055234_LZJGJP_chunk_004_rview_f009750.jpg,1
20260722_055234_LZJGJP_chunk_004_rview_f009810.jpg,1
20260722_055234_LZJGJP_chunk_004_rview_f010140.jpg,1
20260722_055234_LZJGJP_chunk_004_rview_f010170.jpg,1
20260722_055234_LZJGJP_chunk_004_rview_f010290.jpg,1
20260722_055234_LZJGJP_chunk_004_rview_f010500.jpg,1
20260722_055234_LZJGJP_chunk_004_rview_f010530.jpg,1
20260722_055234_LZJGJP_chunk_004_rview_f010560.jpg,1
20260722_073631_TCQYKP_013_f000060.jpg,1
20260722_073631_TCQYKP_013_f000435.jpg,1
20260722_073631_TCQYKP_013_f000690.jpg,1
20260722_073631_TCQYKP_013_f000750.jpg,1
20260722_073631_TCQYKP_013_f000945.jpg,1
20260722_073631_TCQYKP_013_f001065.jpg,1
20260722_073631_TCQYKP_013_f001275.jpg,1
20260722_073631_TCQYKP_013_f001740.jpg,1
20260722_073631_TCQYKP_013_f002295.jpg,1
20260722_073631_TCQYKP_017_f004980.jpg,1
20260723_073355_UCGZEA_chunk_000_lview_f000090.jpg,1
20260723_073355_UCGZEA_chunk_000_lview_f000120.jpg,1
20260723_073355_UCGZEA_chunk_000_lview_f000150.jpg,1
20260723_073355_UCGZEA_chunk_000_lview_f000180.jpg,1
20260723_073355_UCGZEA_chunk_000_lview_f000210.jpg,1
20260723_073355_UCGZEA_chunk_000_lview_f003210.jpg,1
20260723_073355_UCGZEA_chunk_000_lview_f003240.jpg,1
20260723_073355_UCGZEA_chunk_000_lview_f003600.jpg,1
20260723_073355_UCGZEA_chunk_000_lview_f003960.jpg,1
20260723_073355_UCGZEA_chunk_000_lview_f003990.jpg,1
20260723_073355_UCGZEA_chunk_000_lview_f005100.jpg,1
20260723_073355_UCGZEA_chunk_000_lview_f005190.jpg,1
20260723_073355_UCGZEA_chunk_000_lview_f005220.jpg,1
20260723_073355_UCGZEA_chunk_000_lview_f008040.jpg,1
20260723_073355_UCGZEA_chunk_000_lview_f008850.jpg,1
20260723_073355_UCGZEA_chunk_000_lview_f008910.jpg,1
20260723_073355_UCGZEA_chunk_000_lview_f008940.jpg,1
20260723_073355_UCGZEA_chunk_000_lview_f009060.jpg,1
20260723_073355_UCGZEA_chunk_000_rview_f000210.jpg,1
20260723_073355_UCGZEA_chunk_000_rview_f003240.jpg,1
20260723_073355_UCGZEA_chunk_000_rview_f003600.jpg,1
20260723_073355_UCGZEA_chunk_000_rview_f003960.jpg,1
20260723_073355_UCGZEA_chunk_000_rview_f003990.jpg,1
20260723_073355_UCGZEA_chunk_000_rview_f005190.jpg,1
20260723_073355_UCGZEA_chunk_000_rview_f008850.jpg,1
20260723_073355_UCGZEA_chunk_000_rview_f008880.jpg,1
20260723_073355_UCGZEA_chunk_000_rview_f008910.jpg,1
20260723_073355_UCGZEA_chunk_000_rview_f008940.jpg,1
20260723_073355_UCGZEA_chunk_000_rview_f009060.jpg,1
20260723_084933_EUCEJH_004_f002880.jpg,1
20260723_113530_JZRRLA_007_f000195.jpg,1
20260723_113530_JZRRLA_007_f000465.jpg,1
20260723_113530_JZRRLA_007_f005520.jpg,1
20260723_113530_JZRRLA_007_f006015.jpg,1
20260724_024551_YQCCLB_chunk_000_lview_f006240.jpg,1
20260724_024551_YQCCLB_chunk_000_rview_f000600.jpg,1
20260724_025912_LYCKFT_chunk_000_lview_f000030.jpg,1
20260724_025912_LYCKFT_chunk_000_lview_f000330.jpg,1
20260724_025912_LYCKFT_chunk_000_lview_f000360.jpg,1
20260724_025912_LYCKFT_chunk_000_lview_f000390.jpg,1
20260724_025912_LYCKFT_chunk_000_lview_f000420.jpg,1
20260724_025912_LYCKFT_chunk_000_lview_f000450.jpg,1
20260724_025912_LYCKFT_chunk_000_lview_f000480.jpg,1
20260724_025912_LYCKFT_chunk_000_lview_f000510.jpg,1
20260724_025912_LYCKFT_chunk_000_lview_f000540.jpg,1
20260724_025912_LYCKFT_chunk_000_lview_f001590.jpg,1
20260724_025912_LYCKFT_chunk_000_lview_f001860.jpg,1
20260724_025912_LYCKFT_chunk_000_lview_f002040.jpg,1
20260724_025912_LYCKFT_chunk_000_lview_f002070.jpg,1
20260724_025912_LYCKFT_chunk_000_lview_f002100.jpg,1
20260724_025912_LYCKFT_chunk_000_lview_f002130.jpg,1
20260724_025912_LYCKFT_chunk_000_lview_f002160.jpg,1
20260724_025912_LYCKFT_chunk_000_lview_f002190.jpg,1
20260724_025912_LYCKFT_chunk_000_lview_f002220.jpg,1
20260724_025912_LYCKFT_chunk_000_lview_f002310.jpg,1
20260724_025912_LYCKFT_chunk_000_lview_f002340.jpg,1
20260724_025912_LYCKFT_chunk_000_lview_f002370.jpg,1
20260724_025912_LYCKFT_chunk_000_lview_f002640.jpg,1
20260724_025912_LYCKFT_chunk_000_lview_f002700.jpg,1
20260724_025912_LYCKFT_chunk_000_lview_f002730.jpg,1
20260724_025912_LYCKFT_chunk_000_lview_f002790.jpg,1
20260724_025912_LYCKFT_chunk_000_lview_f002820.jpg,1
20260724_025912_LYCKFT_chunk_000_lview_f002850.jpg,1
20260724_025912_LYCKFT_chunk_000_lview_f002940.jpg,1
20260724_025912_LYCKFT_chunk_000_lview_f002970.jpg,1
20260724_025912_LYCKFT_chunk_000_lview_f003210.jpg,1
20260724_025912_LYCKFT_chunk_000_lview_f003240.jpg,1
20260724_025912_LYCKFT_chunk_000_lview_f003270.jpg,1
20260724_025912_LYCKFT_chunk_000_lview_f003450.jpg,1
20260724_025912_LYCKFT_chunk_000_lview_f003510.jpg,1
20260724_025912_LYCKFT_chunk_000_lview_f003540.jpg,1
20260724_025912_LYCKFT_chunk_000_lview_f003780.jpg,1
20260724_025912_LYCKFT_chunk_000_lview_f003810.jpg,1
20260724_025912_LYCKFT_chunk_000_lview_f003870.jpg,1
20260724_025912_LYCKFT_chunk_000_lview_f003900.jpg,1
20260724_025912_LYCKFT_chunk_000_lview_f003930.jpg,1
20260724_025912_LYCKFT_chunk_000_lview_f003960.jpg,1
20260724_025912_LYCKFT_chunk_000_lview_f004020.jpg,1
20260724_025912_LYCKFT_chunk_000_lview_f004050.jpg,1
20260724_025912_LYCKFT_chunk_000_lview_f004080.jpg,1
20260724_025912_LYCKFT_chunk_000_lview_f004110.jpg,1
20260724_025912_LYCKFT_chunk_000_lview_f004170.jpg,1
20260724_025912_LYCKFT_chunk_000_lview_f004320.jpg,1
20260724_025912_LYCKFT_chunk_000_lview_f004350.jpg,1
20260724_025912_LYCKFT_chunk_000_lview_f004380.jpg,1
20260724_025912_LYCKFT_chunk_000_lview_f004410.jpg,1
20260724_025912_LYCKFT_chunk_000_lview_f004590.jpg,1
20260724_025912_LYCKFT_chunk_000_lview_f004680.jpg,1
20260724_025912_LYCKFT_chunk_000_lview_f004740.jpg,1
20260724_025912_LYCKFT_chunk_000_lview_f004830.jpg,1
20260724_025912_LYCKFT_chunk_000_lview_f004890.jpg,1
20260724_025912_LYCKFT_chunk_000_lview_f004920.jpg,1
20260724_025912_LYCKFT_chunk_000_lview_f005010.jpg,1
20260724_025912_LYCKFT_chunk_000_lview_f005040.jpg,1
20260724_025912_LYCKFT_chunk_000_lview_f005400.jpg,1
20260724_025912_LYCKFT_chunk_000_lview_f005430.jpg,1
20260724_025912_LYCKFT_chunk_000_lview_f005460.jpg,1
20260724_025912_LYCKFT_chunk_000_lview_f005550.jpg,1
20260724_025912_LYCKFT_chunk_000_lview_f005580.jpg,1
20260724_025912_LYCKFT_chunk_000_lview_f005610.jpg,1
20260724_025912_LYCKFT_chunk_000_lview_f005640.jpg,1
20260724_025912_LYCKFT_chunk_000_lview_f005910.jpg,1
20260724_025912_LYCKFT_chunk_000_lview_f005940.jpg,1
20260724_025912_LYCKFT_chunk_000_lview_f005970.jpg,1
20260724_025912_LYCKFT_chunk_000_lview_f006000.jpg,1
20260724_025912_LYCKFT_chunk_000_lview_f006030.jpg,1
20260724_025912_LYCKFT_chunk_000_lview_f006150.jpg,1
20260724_025912_LYCKFT_chunk_000_lview_f006300.jpg,1
20260724_025912_LYCKFT_chunk_000_lview_f007050.jpg,1
20260724_025912_LYCKFT_chunk_000_lview_f007080.jpg,1
20260724_025912_LYCKFT_chunk_000_lview_f007140.jpg,1
20260724_025912_LYCKFT_chunk_000_lview_f007170.jpg,1
20260724_025912_LYCKFT_chunk_000_lview_f007200.jpg,1
20260724_025912_LYCKFT_chunk_000_lview_f007230.jpg,1
20260724_025912_LYCKFT_chunk_000_lview_f007260.jpg,1
20260724_025912_LYCKFT_chunk_000_lview_f007290.jpg,1
20260724_025912_LYCKFT_chunk_000_lview_f007320.jpg,1
20260724_025912_LYCKFT_chunk_000_lview_f007770.jpg,1
20260724_025912_LYCKFT_chunk_000_lview_f008400.jpg,1
20260724_025912_LYCKFT_chunk_000_lview_f008790.jpg,1
20260724_025912_LYCKFT_chunk_000_lview_f009120.jpg,1
20260724_025912_LYCKFT_chunk_000_lview_f009150.jpg,1
20260724_025912_LYCKFT_chunk_000_lview_f009180.jpg,1
20260724_025912_LYCKFT_chunk_000_lview_f009210.jpg,1
20260724_025912_LYCKFT_chunk_000_lview_f009240.jpg,1
20260724_025912_LYCKFT_chunk_000_lview_f009270.jpg,1
20260724_025912_LYCKFT_chunk_000_lview_f009300.jpg,1
20260724_025912_LYCKFT_chunk_000_lview_f009330.jpg,1
20260724_025912_LYCKFT_chunk_000_lview_f009360.jpg,1
20260724_025912_LYCKFT_chunk_000_lview_f009600.jpg,1
20260724_025912_LYCKFT_chunk_000_lview_f009630.jpg,1
20260724_025912_LYCKFT_chunk_000_lview_f009660.jpg,1
20260724_025912_LYCKFT_chunk_000_lview_f009900.jpg,1
20260724_025912_LYCKFT_chunk_000_lview_f010320.jpg,1
20260724_025912_LYCKFT_chunk_000_lview_f010350.jpg,1
20260724_025912_LYCKFT_chunk_000_lview_f010380.jpg,1
20260724_025912_LYCKFT_chunk_000_lview_f010530.jpg,1
20260724_025912_LYCKFT_chunk_000_lview_f010740.jpg,1
20260724_025912_LYCKFT_chunk_000_lview_f010830.jpg,1
20260724_025912_LYCKFT_chunk_000_lview_f010860.jpg,1
20260724_025912_LYCKFT_chunk_000_lview_f010890.jpg,1
20260724_025912_LYCKFT_chunk_000_lview_f010920.jpg,1
20260724_025912_LYCKFT_chunk_000_lview_f011040.jpg,1
20260724_025912_LYCKFT_chunk_000_lview_f011070.jpg,1
20260724_025912_LYCKFT_chunk_000_lview_f011130.jpg,1
20260724_025912_LYCKFT_chunk_000_rview_f000330.jpg,1
20260724_025912_LYCKFT_chunk_000_rview_f000360.jpg,1
20260724_025912_LYCKFT_chunk_000_rview_f000390.jpg,1
20260724_025912_LYCKFT_chunk_000_rview_f000420.jpg,1
20260724_025912_LYCKFT_chunk_000_rview_f000450.jpg,1
20260724_025912_LYCKFT_chunk_000_rview_f000480.jpg,1
20260724_025912_LYCKFT_chunk_000_rview_f000510.jpg,1
20260724_025912_LYCKFT_chunk_000_rview_f000540.jpg,1
20260724_025912_LYCKFT_chunk_000_rview_f000570.jpg,1
20260724_025912_LYCKFT_chunk_000_rview_f001830.jpg,1
20260724_025912_LYCKFT_chunk_000_rview_f001860.jpg,1
20260724_025912_LYCKFT_chunk_000_rview_f001890.jpg,1
20260724_025912_LYCKFT_chunk_000_rview_f001920.jpg,1
20260724_025912_LYCKFT_chunk_000_rview_f001950.jpg,1
20260724_025912_LYCKFT_chunk_000_rview_f002100.jpg,1
20260724_025912_LYCKFT_chunk_000_rview_f002130.jpg,1
20260724_025912_LYCKFT_chunk_000_rview_f002190.jpg,1
20260724_025912_LYCKFT_chunk_000_rview_f002220.jpg,1
20260724_025912_LYCKFT_chunk_000_rview_f002250.jpg,1
20260724_025912_LYCKFT_chunk_000_rview_f002280.jpg,1
20260724_025912_LYCKFT_chunk_000_rview_f002310.jpg,1
20260724_025912_LYCKFT_chunk_000_rview_f002340.jpg,1
20260724_025912_LYCKFT_chunk_000_rview_f002400.jpg,1
20260724_025912_LYCKFT_chunk_000_rview_f002430.jpg,1
20260724_025912_LYCKFT_chunk_000_rview_f002460.jpg,1
20260724_025912_LYCKFT_chunk_000_rview_f002490.jpg,1
20260724_025912_LYCKFT_chunk_000_rview_f002520.jpg,1
20260724_025912_LYCKFT_chunk_000_rview_f002550.jpg,1
20260724_025912_LYCKFT_chunk_000_rview_f002580.jpg,1
20260724_025912_LYCKFT_chunk_000_rview_f002610.jpg,1
20260724_025912_LYCKFT_chunk_000_rview_f002640.jpg,1
20260724_025912_LYCKFT_chunk_000_rview_f002670.jpg,1
20260724_025912_LYCKFT_chunk_000_rview_f002700.jpg,1
20260724_025912_LYCKFT_chunk_000_rview_f002760.jpg,1
20260724_025912_LYCKFT_chunk_000_rview_f002790.jpg,1
20260724_025912_LYCKFT_chunk_000_rview_f002820.jpg,1
20260724_025912_LYCKFT_chunk_000_rview_f002850.jpg,1
20260724_025912_LYCKFT_chunk_000_rview_f002880.jpg,1
20260724_025912_LYCKFT_chunk_000_rview_f002910.jpg,1
20260724_025912_LYCKFT_chunk_000_rview_f002940.jpg,1
20260724_025912_LYCKFT_chunk_000_rview_f002970.jpg,1
20260724_025912_LYCKFT_chunk_000_rview_f003030.jpg,1
20260724_025912_LYCKFT_chunk_000_rview_f003240.jpg,1
20260724_025912_LYCKFT_chunk_000_rview_f003270.jpg,1
20260724_025912_LYCKFT_chunk_000_rview_f003300.jpg,1
20260724_025912_LYCKFT_chunk_000_rview_f003330.jpg,1
20260724_025912_LYCKFT_chunk_000_rview_f003390.jpg,1
20260724_025912_LYCKFT_chunk_000_rview_f003420.jpg,1
20260724_025912_LYCKFT_chunk_000_rview_f003450.jpg,1
20260724_025912_LYCKFT_chunk_000_rview_f003480.jpg,1
20260724_025912_LYCKFT_chunk_000_rview_f003510.jpg,1
20260724_025912_LYCKFT_chunk_000_rview_f003570.jpg,1
20260724_025912_LYCKFT_chunk_000_rview_f003600.jpg,1
20260724_025912_LYCKFT_chunk_000_rview_f003630.jpg,1
20260724_025912_LYCKFT_chunk_000_rview_f003660.jpg,1
20260724_025912_LYCKFT_chunk_000_rview_f003720.jpg,1
20260724_025912_LYCKFT_chunk_000_rview_f003750.jpg,1
20260724_025912_LYCKFT_chunk_000_rview_f003780.jpg,1
20260724_025912_LYCKFT_chunk_000_rview_f003810.jpg,1
20260724_025912_LYCKFT_chunk_000_rview_f003840.jpg,1
20260724_025912_LYCKFT_chunk_000_rview_f003870.jpg,1
20260724_025912_LYCKFT_chunk_000_rview_f003900.jpg,1
20260724_025912_LYCKFT_chunk_000_rview_f003930.jpg,1
20260724_025912_LYCKFT_chunk_000_rview_f003960.jpg,1
20260724_025912_LYCKFT_chunk_000_rview_f003990.jpg,1
20260724_025912_LYCKFT_chunk_000_rview_f004020.jpg,1
20260724_025912_LYCKFT_chunk_000_rview_f004050.jpg,1
20260724_025912_LYCKFT_chunk_000_rview_f004080.jpg,1
20260724_025912_LYCKFT_chunk_000_rview_f004110.jpg,1
20260724_025912_LYCKFT_chunk_000_rview_f004140.jpg,1
20260724_025912_LYCKFT_chunk_000_rview_f004170.jpg,1
20260724_025912_LYCKFT_chunk_000_rview_f004200.jpg,1
20260724_025912_LYCKFT_chunk_000_rview_f004230.jpg,1
20260724_025912_LYCKFT_chunk_000_rview_f004260.jpg,1
20260724_025912_LYCKFT_chunk_000_rview_f004290.jpg,1
20260724_025912_LYCKFT_chunk_000_rview_f004320.jpg,1
20260724_025912_LYCKFT_chunk_000_rview_f004380.jpg,1
20260724_025912_LYCKFT_chunk_000_rview_f004410.jpg,1
20260724_025912_LYCKFT_chunk_000_rview_f004440.jpg,1
20260724_025912_LYCKFT_chunk_000_rview_f004470.jpg,1
20260724_025912_LYCKFT_chunk_000_rview_f004500.jpg,1
20260724_025912_LYCKFT_chunk_000_rview_f004530.jpg,1
20260724_025912_LYCKFT_chunk_000_rview_f004560.jpg,1
20260724_025912_LYCKFT_chunk_000_rview_f004590.jpg,1
20260724_025912_LYCKFT_chunk_000_rview_f004620.jpg,1
20260724_025912_LYCKFT_chunk_000_rview_f004650.jpg,1
20260724_025912_LYCKFT_chunk_000_rview_f004680.jpg,1
20260724_025912_LYCKFT_chunk_000_rview_f004710.jpg,1
20260724_025912_LYCKFT_chunk_000_rview_f004770.jpg,1
20260724_025912_LYCKFT_chunk_000_rview_f004800.jpg,1
20260724_025912_LYCKFT_chunk_000_rview_f004830.jpg,1
20260724_025912_LYCKFT_chunk_000_rview_f004890.jpg,1
20260724_025912_LYCKFT_chunk_000_rview_f004920.jpg,1
20260724_025912_LYCKFT_chunk_000_rview_f004980.jpg,1
20260724_025912_LYCKFT_chunk_000_rview_f005010.jpg,1
20260724_025912_LYCKFT_chunk_000_rview_f005040.jpg,1
20260724_025912_LYCKFT_chunk_000_rview_f005070.jpg,1
20260724_025912_LYCKFT_chunk_000_rview_f005100.jpg,1
20260724_025912_LYCKFT_chunk_000_rview_f005220.jpg,1
20260724_025912_LYCKFT_chunk_000_rview_f005250.jpg,1
20260724_025912_LYCKFT_chunk_000_rview_f005280.jpg,1
20260724_025912_LYCKFT_chunk_000_rview_f005370.jpg,1
20260724_025912_LYCKFT_chunk_000_rview_f005400.jpg,1
20260724_025912_LYCKFT_chunk_000_rview_f005430.jpg,1
20260724_025912_LYCKFT_chunk_000_rview_f005460.jpg,1
20260724_025912_LYCKFT_chunk_000_rview_f005490.jpg,1
20260724_025912_LYCKFT_chunk_000_rview_f005520.jpg,1
20260724_025912_LYCKFT_chunk_000_rview_f005550.jpg,1
20260724_025912_LYCKFT_chunk_000_rview_f005580.jpg,1
20260724_025912_LYCKFT_chunk_000_rview_f005610.jpg,1
20260724_025912_LYCKFT_chunk_000_rview_f005640.jpg,1
20260724_025912_LYCKFT_chunk_000_rview_f005700.jpg,1
20260724_025912_LYCKFT_chunk_000_rview_f005730.jpg,1
20260724_025912_LYCKFT_chunk_000_rview_f005760.jpg,1
20260724_025912_LYCKFT_chunk_000_rview_f005790.jpg,1
20260724_025912_LYCKFT_chunk_000_rview_f005820.jpg,1
20260724_025912_LYCKFT_chunk_000_rview_f005850.jpg,1
20260724_025912_LYCKFT_chunk_000_rview_f005880.jpg,1
20260724_025912_LYCKFT_chunk_000_rview_f005970.jpg,1
20260724_025912_LYCKFT_chunk_000_rview_f006000.jpg,1
20260724_025912_LYCKFT_chunk_000_rview_f006030.jpg,1
20260724_025912_LYCKFT_chunk_000_rview_f006060.jpg,1
20260724_025912_LYCKFT_chunk_000_rview_f006090.jpg,1
20260724_025912_LYCKFT_chunk_000_rview_f006120.jpg,1
20260724_025912_LYCKFT_chunk_000_rview_f006150.jpg,1
20260724_025912_LYCKFT_chunk_000_rview_f006180.jpg,1
20260724_025912_LYCKFT_chunk_000_rview_f006210.jpg,1
20260724_025912_LYCKFT_chunk_000_rview_f006240.jpg,1
20260724_025912_LYCKFT_chunk_000_rview_f006270.jpg,1
20260724_025912_LYCKFT_chunk_000_rview_f006300.jpg,1
20260724_025912_LYCKFT_chunk_000_rview_f006330.jpg,1
20260724_025912_LYCKFT_chunk_000_rview_f006360.jpg,1
20260724_025912_LYCKFT_chunk_000_rview_f006390.jpg,1
20260724_025912_LYCKFT_chunk_000_rview_f006420.jpg,1
20260724_025912_LYCKFT_chunk_000_rview_f006480.jpg,1
20260724_025912_LYCKFT_chunk_000_rview_f006510.jpg,1
20260724_025912_LYCKFT_chunk_000_rview_f006540.jpg,1
20260724_025912_LYCKFT_chunk_000_rview_f006900.jpg,1
20260724_025912_LYCKFT_chunk_000_rview_f006930.jpg,1
20260724_025912_LYCKFT_chunk_000_rview_f006960.jpg,1
20260724_025912_LYCKFT_chunk_000_rview_f006990.jpg,1
20260724_025912_LYCKFT_chunk_000_rview_f007020.jpg,1
20260724_025912_LYCKFT_chunk_000_rview_f007050.jpg,1
20260724_025912_LYCKFT_chunk_000_rview_f007080.jpg,1
20260724_025912_LYCKFT_chunk_000_rview_f007110.jpg,1
20260724_025912_LYCKFT_chunk_000_rview_f007140.jpg,1
20260724_025912_LYCKFT_chunk_000_rview_f007170.jpg,1
20260724_025912_LYCKFT_chunk_000_rview_f007200.jpg,1
20260724_025912_LYCKFT_chunk_000_rview_f007230.jpg,1
20260724_025912_LYCKFT_chunk_000_rview_f007260.jpg,1
20260724_025912_LYCKFT_chunk_000_rview_f007290.jpg,1
20260724_025912_LYCKFT_chunk_000_rview_f007320.jpg,1
20260724_025912_LYCKFT_chunk_000_rview_f007350.jpg,1
20260724_025912_LYCKFT_chunk_000_rview_f007380.jpg,1
20260724_025912_LYCKFT_chunk_000_rview_f007470.jpg,1
20260724_025912_LYCKFT_chunk_000_rview_f007530.jpg,1
20260724_025912_LYCKFT_chunk_000_rview_f007860.jpg,1
20260724_025912_LYCKFT_chunk_000_rview_f007980.jpg,1
20260724_025912_LYCKFT_chunk_000_rview_f008010.jpg,1
20260724_025912_LYCKFT_chunk_000_rview_f008040.jpg,1
20260724_025912_LYCKFT_chunk_000_rview_f008070.jpg,1
20260724_025912_LYCKFT_chunk_000_rview_f008100.jpg,1
20260724_025912_LYCKFT_chunk_000_rview_f008130.jpg,1
20260724_025912_LYCKFT_chunk_000_rview_f008160.jpg,1
20260724_025912_LYCKFT_chunk_000_rview_f008190.jpg,1
20260724_025912_LYCKFT_chunk_000_rview_f008220.jpg,1
20260724_025912_LYCKFT_chunk_000_rview_f008250.jpg,1
20260724_025912_LYCKFT_chunk_000_rview_f008280.jpg,1
20260724_025912_LYCKFT_chunk_000_rview_f008310.jpg,1
20260724_025912_LYCKFT_chunk_000_rview_f008370.jpg,1
20260724_025912_LYCKFT_chunk_000_rview_f008790.jpg,1
20260724_025912_LYCKFT_chunk_000_rview_f008820.jpg,1
20260724_025912_LYCKFT_chunk_000_rview_f008850.jpg,1
20260724_025912_LYCKFT_chunk_000_rview_f008940.jpg,1
20260724_025912_LYCKFT_chunk_000_rview_f009000.jpg,1
20260724_025912_LYCKFT_chunk_000_rview_f009030.jpg,1
20260724_025912_LYCKFT_chunk_000_rview_f009090.jpg,1
20260724_025912_LYCKFT_chunk_000_rview_f009120.jpg,1
20260724_025912_LYCKFT_chunk_000_rview_f009150.jpg,1
20260724_025912_LYCKFT_chunk_000_rview_f009390.jpg,1
20260724_025912_LYCKFT_chunk_000_rview_f009420.jpg,1
20260724_025912_LYCKFT_chunk_000_rview_f009450.jpg,1
20260724_025912_LYCKFT_chunk_000_rview_f009480.jpg,1
20260724_025912_LYCKFT_chunk_000_rview_f009510.jpg,1
20260724_025912_LYCKFT_chunk_000_rview_f009540.jpg,1
20260724_025912_LYCKFT_chunk_000_rview_f009570.jpg,1
20260724_025912_LYCKFT_chunk_000_rview_f009630.jpg,1
20260724_025912_LYCKFT_chunk_000_rview_f009660.jpg,1
20260724_025912_LYCKFT_chunk_000_rview_f009720.jpg,1
20260724_025912_LYCKFT_chunk_000_rview_f009750.jpg,1
20260724_025912_LYCKFT_chunk_000_rview_f009780.jpg,1
20260724_025912_LYCKFT_chunk_000_rview_f009810.jpg,1
20260724_025912_LYCKFT_chunk_000_rview_f009840.jpg,1
20260724_025912_LYCKFT_chunk_000_rview_f009870.jpg,1
20260724_025912_LYCKFT_chunk_000_rview_f009900.jpg,1
20260724_025912_LYCKFT_chunk_000_rview_f009930.jpg,1
20260724_025912_LYCKFT_chunk_000_rview_f009960.jpg,1
20260724_025912_LYCKFT_chunk_000_rview_f010080.jpg,1
20260724_025912_LYCKFT_chunk_000_rview_f010110.jpg,1
20260724_025912_LYCKFT_chunk_000_rview_f010140.jpg,1
20260724_025912_LYCKFT_chunk_000_rview_f010230.jpg,1
20260724_025912_LYCKFT_chunk_000_rview_f010290.jpg,1
20260724_025912_LYCKFT_chunk_000_rview_f010320.jpg,1
20260724_025912_LYCKFT_chunk_000_rview_f010350.jpg,1
20260724_025912_LYCKFT_chunk_000_rview_f010380.jpg,1
20260724_025912_LYCKFT_chunk_000_rview_f010440.jpg,1
20260724_025912_LYCKFT_chunk_000_rview_f010470.jpg,1
20260724_025912_LYCKFT_chunk_000_rview_f010500.jpg,1
20260724_025912_LYCKFT_chunk_000_rview_f010560.jpg,1
20260724_025912_LYCKFT_chunk_000_rview_f010740.jpg,1
20260724_025912_LYCKFT_chunk_000_rview_f010770.jpg,1
20260724_025912_LYCKFT_chunk_000_rview_f010830.jpg,1
20260724_025912_LYCKFT_chunk_000_rview_f010890.jpg,1
20260724_025912_LYCKFT_chunk_000_rview_f010920.jpg,1
20260724_025912_LYCKFT_chunk_000_rview_f010980.jpg,1
20260724_025912_LYCKFT_chunk_000_rview_f011010.jpg,1
20260724_025912_LYCKFT_chunk_000_rview_f011040.jpg,1
20260724_025912_LYCKFT_chunk_000_rview_f011100.jpg,1
20260724_025912_LYCKFT_chunk_000_rview_f011130.jpg,1
20260724_053432_RSWJAK_chunk_013_lview_f000240.jpg,1
20260724_053432_RSWJAK_chunk_013_lview_f000270.jpg,1
20260724_053432_RSWJAK_chunk_013_lview_f000300.jpg,1
20260724_053432_RSWJAK_chunk_013_lview_f000510.jpg,1
20260724_053432_RSWJAK_chunk_013_lview_f000540.jpg,1
20260724_053432_RSWJAK_chunk_013_lview_f001350.jpg,1
20260724_053432_RSWJAK_chunk_013_lview_f002010.jpg,1
20260724_053432_RSWJAK_chunk_013_lview_f003330.jpg,1
20260724_053432_RSWJAK_chunk_013_lview_f003990.jpg,1
20260724_053432_RSWJAK_chunk_013_lview_f004560.jpg,1
20260724_053432_RSWJAK_chunk_013_lview_f005190.jpg,1
20260724_053432_RSWJAK_chunk_013_lview_f005880.jpg,1
20260724_053432_RSWJAK_chunk_013_lview_f005910.jpg,1
20260724_053432_RSWJAK_chunk_013_lview_f005940.jpg,1
20260724_053432_RSWJAK_chunk_013_lview_f006450.jpg,1
20260724_053432_RSWJAK_chunk_013_lview_f006690.jpg,1
20260724_053432_RSWJAK_chunk_013_lview_f007080.jpg,1
20260724_053432_RSWJAK_chunk_013_lview_f007560.jpg,1
20260724_053432_RSWJAK_chunk_013_lview_f007710.jpg,1
20260724_053432_RSWJAK_chunk_013_lview_f007980.jpg,1
20260724_053432_RSWJAK_chunk_013_lview_f008730.jpg,1
20260724_053432_RSWJAK_chunk_013_lview_f009000.jpg,1
20260724_053432_RSWJAK_chunk_013_lview_f009420.jpg,1
20260724_053432_RSWJAK_chunk_013_lview_f009570.jpg,1
20260724_053432_RSWJAK_chunk_013_lview_f009660.jpg,1
20260724_053432_RSWJAK_chunk_013_lview_f010650.jpg,1
20260724_053432_RSWJAK_chunk_013_rview_f000210.jpg,1
20260724_053432_RSWJAK_chunk_013_rview_f000510.jpg,1
20260724_053432_RSWJAK_chunk_013_rview_f002010.jpg,1
20260724_053432_RSWJAK_chunk_013_rview_f005010.jpg,1
20260724_053432_RSWJAK_chunk_013_rview_f005190.jpg,1
20260724_053432_RSWJAK_chunk_013_rview_f006660.jpg,1
20260724_053432_RSWJAK_chunk_013_rview_f007080.jpg,1
20260724_053432_RSWJAK_chunk_013_rview_f007560.jpg,1
20260724_053432_RSWJAK_chunk_013_rview_f007710.jpg,1
20260724_053432_RSWJAK_chunk_013_rview_f009000.jpg,1
20260724_053432_RSWJAK_chunk_013_rview_f009570.jpg,1
20260724_053432_RSWJAK_chunk_013_rview_f009600.jpg,1
20260724_053432_RSWJAK_chunk_013_rview_f010410.jpg,1
20260724_053432_RSWJAK_chunk_013_rview_f010440.jpg,1
20260724_053432_RSWJAK_chunk_013_rview_f010470.jpg,1
20260724_053432_RSWJAK_chunk_013_rview_f010650.jpg,1
20260724_053432_RSWJAK_chunk_013_rview_f010740.jpg,1
20260725_003916_HSAZBM_000_f002385.jpg,1
20260725_003916_HSAZBM_000_f010350.jpg,1
20260725_003916_HSAZBM_020_f010515.jpg,1
20260725_003916_HSAZBM_024_f000030.jpg,1
20260725_003916_HSAZBM_024_f000225.jpg,1
20260725_003916_HSAZBM_024_f006090.jpg,1
20260725_003916_HSAZBM_024_f006585.jpg,1
20260725_004430_GSQYHT_023_f000030.jpg,1
20260725_004430_GSQYHT_023_f000510.jpg,1
20260725_004430_GSQYHT_023_f000570.jpg,1
20260725_004430_GSQYHT_023_f001665.jpg,1
20260725_004430_GSQYHT_023_f002280.jpg,1
20260725_004430_GSQYHT_023_f003075.jpg,1
20260725_004430_GSQYHT_023_f004485.jpg,1
20260725_004430_GSQYHT_023_f005460.jpg,1
20260725_004430_GSQYHT_023_f005985.jpg,1
20260725_004430_GSQYHT_023_f008160.jpg,1
20260725_004430_GSQYHT_023_f008400.jpg,1
20260725_004430_GSQYHT_023_f008475.jpg,1
20260725_004430_GSQYHT_023_f008580.jpg,1
20260725_004430_GSQYHT_023_f009330.jpg,1
20260725_004430_GSQYHT_023_f009975.jpg,1
20260725_004430_GSQYHT_023_f010275.jpg,1
20260725_004430_GSQYHT_023_f010335.jpg,1
20260725_004430_GSQYHT_023_f010410.jpg,1
20260725_004430_GSQYHT_023_f010590.jpg,1
20260725_004430_GSQYHT_023_f010755.jpg,1
20260725_004430_GSQYHT_029_f000000.jpg,1
20260725_004430_GSQYHT_029_f000090.jpg,1
20260725_004430_GSQYHT_029_f000195.jpg,1
20260725_004430_GSQYHT_029_f000360.jpg,1
20260725_004430_GSQYHT_029_f000465.jpg,1
20260725_004430_GSQYHT_029_f000630.jpg,1
20260725_004430_GSQYHT_029_f000705.jpg,1
20260725_004430_GSQYHT_029_f000780.jpg,1
20260725_004430_GSQYHT_029_f000930.jpg,1
20260725_004430_GSQYHT_029_f001005.jpg,1
20260725_004430_GSQYHT_029_f001230.jpg,1
20260725_004430_GSQYHT_029_f001380.jpg,1
20260725_004430_GSQYHT_029_f001515.jpg,1
20260725_004430_GSQYHT_029_f001605.jpg,1
20260725_004430_GSQYHT_029_f001770.jpg,1
20260725_004430_GSQYHT_029_f001845.jpg,1
20260725_004430_GSQYHT_029_f002055.jpg,1
20260725_004430_GSQYHT_029_f002175.jpg,1
20260725_004430_GSQYHT_029_f002295.jpg,1
20260725_004430_GSQYHT_029_f002400.jpg,1
20260725_004430_GSQYHT_029_f002475.jpg,1
20260725_004430_GSQYHT_029_f002580.jpg,1
20260725_004430_GSQYHT_029_f002880.jpg,1
20260725_004430_GSQYHT_029_f002940.jpg,1
20260725_004430_GSQYHT_029_f003285.jpg,1
20260725_004430_GSQYHT_029_f003345.jpg,1
20260725_004430_GSQYHT_029_f003465.jpg,1
20260725_004430_GSQYHT_029_f003705.jpg,1
20260725_004430_GSQYHT_029_f003990.jpg,1
20260725_004430_GSQYHT_029_f004410.jpg,1
20260725_004430_GSQYHT_029_f005115.jpg,1
20260725_004430_GSQYHT_029_f006075.jpg,1
20260725_004430_GSQYHT_029_f006450.jpg,1
20260725_004430_GSQYHT_029_f006510.jpg,1
20260725_004430_GSQYHT_029_f006570.jpg,1
20260725_004430_GSQYHT_029_f006630.jpg,1
20260725_004430_GSQYHT_029_f007380.jpg,1
20260725_004430_GSQYHT_029_f009015.jpg,1
20260725_004430_GSQYHT_029_f009705.jpg,1
20260725_004430_GSQYHT_029_f009780.jpg,1
20260725_050843_BDVHSQ_chunk_004_lview_f000450.jpg,1
20260725_050843_BDVHSQ_chunk_004_lview_f000480.jpg,1
20260725_050843_BDVHSQ_chunk_004_lview_f000540.jpg,1
20260725_050843_BDVHSQ_chunk_004_lview_f000570.jpg,1
20260725_050843_BDVHSQ_chunk_004_lview_f000600.jpg,1
20260725_050843_BDVHSQ_chunk_004_lview_f000630.jpg,1
20260725_050843_BDVHSQ_chunk_004_lview_f004290.jpg,1
20260725_050843_BDVHSQ_chunk_004_lview_f004350.jpg,1
20260725_050843_BDVHSQ_chunk_004_lview_f004380.jpg,1
20260725_050843_BDVHSQ_chunk_004_lview_f004410.jpg,1
20260725_050843_BDVHSQ_chunk_004_lview_f004440.jpg,1
20260725_050843_BDVHSQ_chunk_004_lview_f004470.jpg,1
20260725_050843_BDVHSQ_chunk_004_lview_f004500.jpg,1
20260725_050843_BDVHSQ_chunk_004_lview_f004590.jpg,1
20260725_050843_BDVHSQ_chunk_004_lview_f005130.jpg,1
20260725_050843_BDVHSQ_chunk_004_lview_f005250.jpg,1
20260725_050843_BDVHSQ_chunk_004_lview_f005280.jpg,1
20260725_050843_BDVHSQ_chunk_004_lview_f005460.jpg,1
20260725_050843_BDVHSQ_chunk_004_lview_f005550.jpg,1
20260725_050843_BDVHSQ_chunk_004_lview_f005580.jpg,1
20260725_050843_BDVHSQ_chunk_004_lview_f005610.jpg,1
20260725_050843_BDVHSQ_chunk_004_lview_f005640.jpg,1
20260725_050843_BDVHSQ_chunk_004_lview_f005670.jpg,1
20260725_050843_BDVHSQ_chunk_004_lview_f005700.jpg,1
20260725_050843_BDVHSQ_chunk_004_lview_f005730.jpg,1
20260725_050843_BDVHSQ_chunk_004_lview_f005790.jpg,1
20260725_050843_BDVHSQ_chunk_004_lview_f005820.jpg,1
20260725_050843_BDVHSQ_chunk_004_lview_f005850.jpg,1
20260725_050843_BDVHSQ_chunk_004_lview_f005910.jpg,1
20260725_050843_BDVHSQ_chunk_004_lview_f005940.jpg,1
20260725_050843_BDVHSQ_chunk_004_lview_f005970.jpg,1
20260725_050843_BDVHSQ_chunk_004_lview_f006060.jpg,1
20260725_050843_BDVHSQ_chunk_004_lview_f006090.jpg,1
20260725_050843_BDVHSQ_chunk_004_lview_f006120.jpg,1
20260725_050843_BDVHSQ_chunk_004_lview_f006150.jpg,1
20260725_050843_BDVHSQ_chunk_004_lview_f006210.jpg,1
20260725_050843_BDVHSQ_chunk_004_lview_f006240.jpg,1
20260725_050843_BDVHSQ_chunk_004_lview_f006390.jpg,1
20260725_050843_BDVHSQ_chunk_004_lview_f006420.jpg,1
20260725_050843_BDVHSQ_chunk_004_lview_f006450.jpg,1
20260725_050843_BDVHSQ_chunk_004_lview_f006480.jpg,1
20260725_050843_BDVHSQ_chunk_004_lview_f006510.jpg,1
20260725_050843_BDVHSQ_chunk_004_lview_f006630.jpg,1
20260725_050843_BDVHSQ_chunk_004_lview_f006690.jpg,1
20260725_050843_BDVHSQ_chunk_004_lview_f006720.jpg,1
20260725_050843_BDVHSQ_chunk_004_lview_f006750.jpg,1
20260725_050843_BDVHSQ_chunk_004_lview_f006780.jpg,1
20260725_050843_BDVHSQ_chunk_004_lview_f006810.jpg,1
20260725_050843_BDVHSQ_chunk_004_lview_f006840.jpg,1
20260725_050843_BDVHSQ_chunk_004_lview_f006870.jpg,1
20260725_050843_BDVHSQ_chunk_004_lview_f006900.jpg,1
20260725_050843_BDVHSQ_chunk_004_lview_f006930.jpg,1
20260725_050843_BDVHSQ_chunk_004_lview_f006960.jpg,1
20260725_050843_BDVHSQ_chunk_004_lview_f006990.jpg,1
20260725_050843_BDVHSQ_chunk_004_lview_f007020.jpg,1
20260725_050843_BDVHSQ_chunk_004_lview_f007080.jpg,1
20260725_050843_BDVHSQ_chunk_004_lview_f007170.jpg,1
20260725_050843_BDVHSQ_chunk_004_lview_f007200.jpg,1
20260725_050843_BDVHSQ_chunk_004_lview_f007230.jpg,1
20260725_050843_BDVHSQ_chunk_004_lview_f007260.jpg,1
20260725_050843_BDVHSQ_chunk_004_lview_f007290.jpg,1
20260725_050843_BDVHSQ_chunk_004_lview_f007320.jpg,1
20260725_050843_BDVHSQ_chunk_004_lview_f007350.jpg,1
20260725_050843_BDVHSQ_chunk_004_lview_f007380.jpg,1
20260725_050843_BDVHSQ_chunk_004_lview_f007410.jpg,1
20260725_050843_BDVHSQ_chunk_004_lview_f007440.jpg,1
20260725_050843_BDVHSQ_chunk_004_lview_f007470.jpg,1
20260725_050843_BDVHSQ_chunk_004_lview_f007500.jpg,1
20260725_050843_BDVHSQ_chunk_004_lview_f007530.jpg,1
20260725_050843_BDVHSQ_chunk_004_lview_f007560.jpg,1
20260725_050843_BDVHSQ_chunk_004_lview_f007590.jpg,1
20260725_050843_BDVHSQ_chunk_004_lview_f007620.jpg,1
20260725_050843_BDVHSQ_chunk_004_lview_f007680.jpg,1
20260725_050843_BDVHSQ_chunk_004_lview_f007710.jpg,1
20260725_050843_BDVHSQ_chunk_004_lview_f007740.jpg,1
20260725_050843_BDVHSQ_chunk_004_lview_f007770.jpg,1
20260725_050843_BDVHSQ_chunk_004_lview_f007800.jpg,1
20260725_050843_BDVHSQ_chunk_004_lview_f007830.jpg,1
20260725_050843_BDVHSQ_chunk_004_lview_f007890.jpg,1
20260725_050843_BDVHSQ_chunk_004_lview_f007920.jpg,1
20260725_050843_BDVHSQ_chunk_004_lview_f007950.jpg,1
20260725_050843_BDVHSQ_chunk_004_lview_f007980.jpg,1
20260725_050843_BDVHSQ_chunk_004_lview_f008010.jpg,1
20260725_050843_BDVHSQ_chunk_004_lview_f008040.jpg,1
20260725_050843_BDVHSQ_chunk_004_lview_f008070.jpg,1
20260725_050843_BDVHSQ_chunk_004_lview_f008100.jpg,1
20260725_050843_BDVHSQ_chunk_004_lview_f008130.jpg,1
20260725_050843_BDVHSQ_chunk_004_lview_f008160.jpg,1
20260725_050843_BDVHSQ_chunk_004_lview_f008220.jpg,1
20260725_050843_BDVHSQ_chunk_004_lview_f008250.jpg,1
20260725_050843_BDVHSQ_chunk_004_lview_f008280.jpg,1
20260725_050843_BDVHSQ_chunk_004_lview_f008310.jpg,1
20260725_050843_BDVHSQ_chunk_004_lview_f008490.jpg,1
20260725_050843_BDVHSQ_chunk_004_lview_f008550.jpg,1
20260725_050843_BDVHSQ_chunk_004_lview_f008580.jpg,1
20260725_050843_BDVHSQ_chunk_004_lview_f009180.jpg,1
20260725_050843_BDVHSQ_chunk_004_lview_f009210.jpg,1
20260725_050843_BDVHSQ_chunk_004_lview_f009240.jpg,1
20260725_050843_BDVHSQ_chunk_004_lview_f009270.jpg,1
20260725_050843_BDVHSQ_chunk_004_lview_f009300.jpg,1
20260725_050843_BDVHSQ_chunk_004_lview_f009330.jpg,1
20260725_050843_BDVHSQ_chunk_004_lview_f009450.jpg,1
20260725_050843_BDVHSQ_chunk_004_lview_f009480.jpg,1
20260725_050843_BDVHSQ_chunk_004_lview_f009510.jpg,1
20260725_050843_BDVHSQ_chunk_004_lview_f009540.jpg,1
20260725_050843_BDVHSQ_chunk_004_lview_f009600.jpg,1
20260725_050843_BDVHSQ_chunk_004_lview_f009630.jpg,1
20260725_050843_BDVHSQ_chunk_004_lview_f009660.jpg,1
20260725_050843_BDVHSQ_chunk_004_lview_f009690.jpg,1
20260725_050843_BDVHSQ_chunk_004_lview_f009720.jpg,1
20260725_050843_BDVHSQ_chunk_004_lview_f009750.jpg,1
20260725_050843_BDVHSQ_chunk_004_lview_f009780.jpg,1
20260725_050843_BDVHSQ_chunk_004_lview_f009810.jpg,1
20260725_050843_BDVHSQ_chunk_004_lview_f009870.jpg,1
20260725_050843_BDVHSQ_chunk_004_lview_f009900.jpg,1
20260725_050843_BDVHSQ_chunk_004_lview_f010080.jpg,1
20260725_050843_BDVHSQ_chunk_004_lview_f010110.jpg,1
20260725_050843_BDVHSQ_chunk_004_lview_f010140.jpg,1
20260725_050843_BDVHSQ_chunk_004_lview_f010170.jpg,1
20260725_050843_BDVHSQ_chunk_004_lview_f010200.jpg,1
20260725_050843_BDVHSQ_chunk_004_lview_f010230.jpg,1
20260725_050843_BDVHSQ_chunk_004_lview_f010290.jpg,1
20260725_050843_BDVHSQ_chunk_004_lview_f010320.jpg,1
20260725_050843_BDVHSQ_chunk_004_lview_f010350.jpg,1
20260725_050843_BDVHSQ_chunk_004_lview_f010410.jpg,1
20260725_050843_BDVHSQ_chunk_004_lview_f010440.jpg,1
20260725_050843_BDVHSQ_chunk_004_lview_f010470.jpg,1
20260725_050843_BDVHSQ_chunk_004_lview_f010560.jpg,1
20260725_050843_BDVHSQ_chunk_004_lview_f010590.jpg,1
20260725_050843_BDVHSQ_chunk_004_lview_f010620.jpg,1
20260725_050843_BDVHSQ_chunk_004_lview_f010650.jpg,1
20260725_050843_BDVHSQ_chunk_004_lview_f010680.jpg,1
20260725_050843_BDVHSQ_chunk_004_lview_f010710.jpg,1
20260725_050843_BDVHSQ_chunk_004_lview_f010740.jpg,1
20260725_050843_BDVHSQ_chunk_004_lview_f010770.jpg,1
20260725_050843_BDVHSQ_chunk_004_rview_f005250.jpg,1
20260725_050843_BDVHSQ_chunk_004_rview_f005280.jpg,1
20260725_050843_BDVHSQ_chunk_004_rview_f005310.jpg,1
20260725_050843_BDVHSQ_chunk_004_rview_f005400.jpg,1
20260725_050843_BDVHSQ_chunk_004_rview_f005430.jpg,1
20260725_050843_BDVHSQ_chunk_004_rview_f005490.jpg,1
20260725_050843_BDVHSQ_chunk_004_rview_f005520.jpg,1
20260725_050843_BDVHSQ_chunk_004_rview_f005550.jpg,1
20260725_050843_BDVHSQ_chunk_004_rview_f005580.jpg,1
20260725_050843_BDVHSQ_chunk_004_rview_f005610.jpg,1
20260725_050843_BDVHSQ_chunk_004_rview_f005640.jpg,1
20260725_050843_BDVHSQ_chunk_004_rview_f005670.jpg,1
20260725_050843_BDVHSQ_chunk_004_rview_f005700.jpg,1
20260725_050843_BDVHSQ_chunk_004_rview_f005730.jpg,1
20260725_050843_BDVHSQ_chunk_004_rview_f005760.jpg,1
20260725_050843_BDVHSQ_chunk_004_rview_f005790.jpg,1
20260725_050843_BDVHSQ_chunk_004_rview_f005820.jpg,1
20260725_050843_BDVHSQ_chunk_004_rview_f005850.jpg,1
20260725_050843_BDVHSQ_chunk_004_rview_f005880.jpg,1
20260725_050843_BDVHSQ_chunk_004_rview_f005910.jpg,1
20260725_050843_BDVHSQ_chunk_004_rview_f005940.jpg,1
20260725_050843_BDVHSQ_chunk_004_rview_f005970.jpg,1
20260725_050843_BDVHSQ_chunk_004_rview_f006150.jpg,1
20260725_050843_BDVHSQ_chunk_004_rview_f006210.jpg,1
20260725_050843_BDVHSQ_chunk_004_rview_f006240.jpg,1
20260725_050843_BDVHSQ_chunk_004_rview_f006270.jpg,1
20260725_050843_BDVHSQ_chunk_004_rview_f006300.jpg,1
20260725_050843_BDVHSQ_chunk_004_rview_f006330.jpg,1
20260725_050843_BDVHSQ_chunk_004_rview_f006360.jpg,1
20260725_050843_BDVHSQ_chunk_004_rview_f006390.jpg,1
20260725_050843_BDVHSQ_chunk_004_rview_f006420.jpg,1
20260725_050843_BDVHSQ_chunk_004_rview_f006450.jpg,1
20260725_050843_BDVHSQ_chunk_004_rview_f006480.jpg,1
20260725_050843_BDVHSQ_chunk_004_rview_f006600.jpg,1
20260725_050843_BDVHSQ_chunk_004_rview_f006630.jpg,1
20260725_050843_BDVHSQ_chunk_004_rview_f006660.jpg,1
20260725_050843_BDVHSQ_chunk_004_rview_f006690.jpg,1
20260725_050843_BDVHSQ_chunk_004_rview_f006720.jpg,1
20260725_050843_BDVHSQ_chunk_004_rview_f006750.jpg,1
20260725_050843_BDVHSQ_chunk_004_rview_f006780.jpg,1
20260725_050843_BDVHSQ_chunk_004_rview_f006810.jpg,1
20260725_050843_BDVHSQ_chunk_004_rview_f006840.jpg,1
20260725_050843_BDVHSQ_chunk_004_rview_f006900.jpg,1
20260725_050843_BDVHSQ_chunk_004_rview_f006930.jpg,1
20260725_050843_BDVHSQ_chunk_004_rview_f006960.jpg,1
20260725_050843_BDVHSQ_chunk_004_rview_f006990.jpg,1
20260725_050843_BDVHSQ_chunk_004_rview_f007020.jpg,1
20260725_050843_BDVHSQ_chunk_004_rview_f007170.jpg,1
20260725_050843_BDVHSQ_chunk_004_rview_f007200.jpg,1
20260725_050843_BDVHSQ_chunk_004_rview_f007230.jpg,1
20260725_050843_BDVHSQ_chunk_004_rview_f007260.jpg,1
20260725_050843_BDVHSQ_chunk_004_rview_f007290.jpg,1
20260725_050843_BDVHSQ_chunk_004_rview_f007320.jpg,1
20260725_050843_BDVHSQ_chunk_004_rview_f007350.jpg,1
20260725_050843_BDVHSQ_chunk_004_rview_f007380.jpg,1
20260725_050843_BDVHSQ_chunk_004_rview_f007410.jpg,1
20260725_050843_BDVHSQ_chunk_004_rview_f007440.jpg,1
20260725_050843_BDVHSQ_chunk_004_rview_f007470.jpg,1
20260725_050843_BDVHSQ_chunk_004_rview_f007500.jpg,1
20260725_050843_BDVHSQ_chunk_004_rview_f007530.jpg,1
20260725_050843_BDVHSQ_chunk_004_rview_f007560.jpg,1
20260725_050843_BDVHSQ_chunk_004_rview_f007590.jpg,1
20260725_050843_BDVHSQ_chunk_004_rview_f007620.jpg,1
20260725_050843_BDVHSQ_chunk_004_rview_f007650.jpg,1
20260725_050843_BDVHSQ_chunk_004_rview_f007680.jpg,1
20260725_050843_BDVHSQ_chunk_004_rview_f007710.jpg,1
20260725_050843_BDVHSQ_chunk_004_rview_f007740.jpg,1
20260725_050843_BDVHSQ_chunk_004_rview_f007770.jpg,1
20260725_050843_BDVHSQ_chunk_004_rview_f007800.jpg,1
20260725_050843_BDVHSQ_chunk_004_rview_f007830.jpg,1
20260725_050843_BDVHSQ_chunk_004_rview_f007860.jpg,1
20260725_050843_BDVHSQ_chunk_004_rview_f007890.jpg,1
20260725_050843_BDVHSQ_chunk_004_rview_f007920.jpg,1
20260725_050843_BDVHSQ_chunk_004_rview_f007950.jpg,1
20260725_050843_BDVHSQ_chunk_004_rview_f007980.jpg,1
20260725_050843_BDVHSQ_chunk_004_rview_f008010.jpg,1
20260725_050843_BDVHSQ_chunk_004_rview_f008040.jpg,1
20260725_050843_BDVHSQ_chunk_004_rview_f008070.jpg,1
20260725_050843_BDVHSQ_chunk_004_rview_f008160.jpg,1
20260725_050843_BDVHSQ_chunk_004_rview_f008220.jpg,1
20260725_050843_BDVHSQ_chunk_004_rview_f008250.jpg,1
20260725_050843_BDVHSQ_chunk_004_rview_f008280.jpg,1
20260725_050843_BDVHSQ_chunk_004_rview_f008310.jpg,1
20260725_050843_BDVHSQ_chunk_004_rview_f008550.jpg,1
20260725_050843_BDVHSQ_chunk_004_rview_f008580.jpg,1
20260725_050843_BDVHSQ_chunk_004_rview_f008610.jpg,1
20260725_050843_BDVHSQ_chunk_004_rview_f008700.jpg,1
20260725_050843_BDVHSQ_chunk_004_rview_f009180.jpg,1
20260725_050843_BDVHSQ_chunk_004_rview_f009210.jpg,1
20260725_050843_BDVHSQ_chunk_004_rview_f009240.jpg,1
20260725_050843_BDVHSQ_chunk_004_rview_f009270.jpg,1
20260725_050843_BDVHSQ_chunk_004_rview_f009300.jpg,1
20260725_050843_BDVHSQ_chunk_004_rview_f009450.jpg,1
20260725_050843_BDVHSQ_chunk_004_rview_f009480.jpg,1
20260725_050843_BDVHSQ_chunk_004_rview_f009510.jpg,1
20260725_050843_BDVHSQ_chunk_004_rview_f009540.jpg,1
20260725_050843_BDVHSQ_chunk_004_rview_f009570.jpg,1
20260725_050843_BDVHSQ_chunk_004_rview_f009600.jpg,1
20260725_050843_BDVHSQ_chunk_004_rview_f009630.jpg,1
20260725_050843_BDVHSQ_chunk_004_rview_f009660.jpg,1
20260725_050843_BDVHSQ_chunk_004_rview_f009690.jpg,1
20260725_050843_BDVHSQ_chunk_004_rview_f009810.jpg,1
20260725_050843_BDVHSQ_chunk_004_rview_f009840.jpg,1
20260725_050843_BDVHSQ_chunk_004_rview_f009870.jpg,1
20260725_050843_BDVHSQ_chunk_004_rview_f010080.jpg,1
20260725_050843_BDVHSQ_chunk_004_rview_f010110.jpg,1
20260725_050843_BDVHSQ_chunk_004_rview_f010140.jpg,1
20260725_050843_BDVHSQ_chunk_004_rview_f010170.jpg,1
20260725_050843_BDVHSQ_chunk_004_rview_f010200.jpg,1
20260725_050843_BDVHSQ_chunk_004_rview_f010290.jpg,1
20260725_050843_BDVHSQ_chunk_004_rview_f010320.jpg,1
20260725_050843_BDVHSQ_chunk_004_rview_f010350.jpg,1
20260725_050843_BDVHSQ_chunk_004_rview_f010380.jpg,1
20260725_050843_BDVHSQ_chunk_004_rview_f010410.jpg,1
20260725_050843_BDVHSQ_chunk_004_rview_f010440.jpg,1
20260725_050843_BDVHSQ_chunk_004_rview_f010470.jpg,1
20260725_050843_BDVHSQ_chunk_004_rview_f010560.jpg,1
20260725_050843_BDVHSQ_chunk_004_rview_f010590.jpg,1
20260725_050843_BDVHSQ_chunk_004_rview_f010620.jpg,1
20260725_050843_BDVHSQ_chunk_004_rview_f010650.jpg,1
20260725_050843_BDVHSQ_chunk_004_rview_f010680.jpg,1
20260725_050843_BDVHSQ_chunk_004_rview_f010710.jpg,1
20260725_050843_BDVHSQ_chunk_004_rview_f010740.jpg,1
20260725_050843_BDVHSQ_chunk_004_rview_f010770.jpg,1
20260725_053246_LPFRHX_025_f002970.jpg,1
20260725_055005_MPCWWA_chunk_000_lview_f001380.jpg,1
20260725_055005_MPCWWA_chunk_000_lview_f001500.jpg,1
20260725_055005_MPCWWA_chunk_000_lview_f001770.jpg,0
20260725_055005_MPCWWA_chunk_000_lview_f001800.jpg,0
20260725_055005_MPCWWA_chunk_000_lview_f001980.jpg,0
20260725_055005_MPCWWA_chunk_000_lview_f002850.jpg,1
20260725_055005_MPCWWA_chunk_000_lview_f002880.jpg,0
20260725_055005_MPCWWA_chunk_000_lview_f003330.jpg,1
20260725_055005_MPCWWA_chunk_000_lview_f003360.jpg,1
20260725_055005_MPCWWA_chunk_000_lview_f003390.jpg,1
20260725_055005_MPCWWA_chunk_000_lview_f003420.jpg,1
20260725_055005_MPCWWA_chunk_000_lview_f004980.jpg,1
20260725_055005_MPCWWA_chunk_000_lview_f005970.jpg,0
20260725_055005_MPCWWA_chunk_000_lview_f006690.jpg,1
20260725_055005_MPCWWA_chunk_000_lview_f006720.jpg,1
20260725_055005_MPCWWA_chunk_000_lview_f007050.jpg,1
20260725_055005_MPCWWA_chunk_000_lview_f007080.jpg,1
20260725_055005_MPCWWA_chunk_000_lview_f007200.jpg,1
20260725_055005_MPCWWA_chunk_000_lview_f007230.jpg,1
20260725_055005_MPCWWA_chunk_000_lview_f007260.jpg,1
20260725_055005_MPCWWA_chunk_000_lview_f007290.jpg,1
20260725_055005_MPCWWA_chunk_000_lview_f007320.jpg,1
20260725_055005_MPCWWA_chunk_000_lview_f007350.jpg,1
20260725_055005_MPCWWA_chunk_000_lview_f007380.jpg,1
20260725_055005_MPCWWA_chunk_000_lview_f007410.jpg,1
20260725_055005_MPCWWA_chunk_000_lview_f007440.jpg,1
20260725_055005_MPCWWA_chunk_000_lview_f007470.jpg,1
20260725_055005_MPCWWA_chunk_000_lview_f007500.jpg,1
20260725_055005_MPCWWA_chunk_000_lview_f007530.jpg,1
20260725_055005_MPCWWA_chunk_000_lview_f007560.jpg,1
20260725_055005_MPCWWA_chunk_000_lview_f007620.jpg,1
20260725_055005_MPCWWA_chunk_000_lview_f008190.jpg,1
20260725_055005_MPCWWA_chunk_000_lview_f008220.jpg,1
20260725_055005_MPCWWA_chunk_000_lview_f008700.jpg,1
20260725_055005_MPCWWA_chunk_000_lview_f009000.jpg,1
20260725_055005_MPCWWA_chunk_000_lview_f009090.jpg,1
20260725_055005_MPCWWA_chunk_000_lview_f009150.jpg,1
20260725_055005_MPCWWA_chunk_000_lview_f009180.jpg,1
20260725_055005_MPCWWA_chunk_000_lview_f009840.jpg,1
20260725_055005_MPCWWA_chunk_000_lview_f009870.jpg,1
20260725_055005_MPCWWA_chunk_000_lview_f009900.jpg,1
20260725_055005_MPCWWA_chunk_000_lview_f010230.jpg,1
20260725_055005_MPCWWA_chunk_000_lview_f010260.jpg,1
20260725_055005_MPCWWA_chunk_000_lview_f010530.jpg,1
20260725_055005_MPCWWA_chunk_000_lview_f010560.jpg,1
20260725_055005_MPCWWA_chunk_000_lview_f010590.jpg,1
20260725_055005_MPCWWA_chunk_000_lview_f010620.jpg,1
20260725_055005_MPCWWA_chunk_000_lview_f010650.jpg,1
20260725_055005_MPCWWA_chunk_000_lview_f010680.jpg,1
20260725_055005_MPCWWA_chunk_000_rview_f000180.jpg,1
20260725_055005_MPCWWA_chunk_000_rview_f001350.jpg,1
20260725_055005_MPCWWA_chunk_000_rview_f001380.jpg,1
20260725_055005_MPCWWA_chunk_000_rview_f001470.jpg,1
20260725_055005_MPCWWA_chunk_000_rview_f001500.jpg,1
20260725_055005_MPCWWA_chunk_000_rview_f001560.jpg,1
20260725_055005_MPCWWA_chunk_000_rview_f001620.jpg,1
20260725_055005_MPCWWA_chunk_000_rview_f001650.jpg,0
20260725_055005_MPCWWA_chunk_000_rview_f001680.jpg,0
20260725_055005_MPCWWA_chunk_000_rview_f001710.jpg,1
20260725_055005_MPCWWA_chunk_000_rview_f001770.jpg,0
20260725_055005_MPCWWA_chunk_000_rview_f001800.jpg,0
20260725_055005_MPCWWA_chunk_000_rview_f001830.jpg,0
20260725_055005_MPCWWA_chunk_000_rview_f001860.jpg,0
20260725_055005_MPCWWA_chunk_000_rview_f001890.jpg,0
20260725_055005_MPCWWA_chunk_000_rview_f001920.jpg,0
20260725_055005_MPCWWA_chunk_000_rview_f001950.jpg,0
20260725_055005_MPCWWA_chunk_000_rview_f001980.jpg,0
20260725_055005_MPCWWA_chunk_000_rview_f002010.jpg,0
20260725_055005_MPCWWA_chunk_000_rview_f003090.jpg,1
20260725_055005_MPCWWA_chunk_000_rview_f005190.jpg,1
20260725_055005_MPCWWA_chunk_000_rview_f006270.jpg,1
20260725_055005_MPCWWA_chunk_000_rview_f006720.jpg,1
20260725_055005_MPCWWA_chunk_000_rview_f006750.jpg,1
20260725_055005_MPCWWA_chunk_000_rview_f006780.jpg,1
20260725_055005_MPCWWA_chunk_000_rview_f006810.jpg,1
20260725_055005_MPCWWA_chunk_000_rview_f006840.jpg,1
20260725_055005_MPCWWA_chunk_000_rview_f006870.jpg,1
20260725_055005_MPCWWA_chunk_000_rview_f006900.jpg,1
20260725_055005_MPCWWA_chunk_000_rview_f006930.jpg,1
20260725_055005_MPCWWA_chunk_000_rview_f006960.jpg,1
20260725_055005_MPCWWA_chunk_000_rview_f006990.jpg,1
20260725_055005_MPCWWA_chunk_000_rview_f007170.jpg,1
20260725_055005_MPCWWA_chunk_000_rview_f007260.jpg,1
20260725_055005_MPCWWA_chunk_000_rview_f007500.jpg,1
20260725_055005_MPCWWA_chunk_000_rview_f007530.jpg,1
20260725_055005_MPCWWA_chunk_000_rview_f007560.jpg,1
20260725_055005_MPCWWA_chunk_000_rview_f007620.jpg,1
20260725_055005_MPCWWA_chunk_000_rview_f008010.jpg,1
20260725_055005_MPCWWA_chunk_000_rview_f008040.jpg,1
20260725_055005_MPCWWA_chunk_000_rview_f008070.jpg,1
20260725_055005_MPCWWA_chunk_000_rview_f008220.jpg,1
20260725_055005_MPCWWA_chunk_000_rview_f008640.jpg,1
20260725_055005_MPCWWA_chunk_000_rview_f008670.jpg,1
20260725_055005_MPCWWA_chunk_000_rview_f008700.jpg,1
20260725_055005_MPCWWA_chunk_000_rview_f008880.jpg,1
20260725_055005_MPCWWA_chunk_000_rview_f009300.jpg,1
20260725_055005_MPCWWA_chunk_000_rview_f009510.jpg,1
20260725_055005_MPCWWA_chunk_000_rview_f009750.jpg,1
20260725_055005_MPCWWA_chunk_000_rview_f009810.jpg,1
20260725_055005_MPCWWA_chunk_000_rview_f009870.jpg,1
20260725_055005_MPCWWA_chunk_000_rview_f009900.jpg,1
20260725_055005_MPCWWA_chunk_000_rview_f009990.jpg,1
20260725_055005_MPCWWA_chunk_000_rview_f010020.jpg,1
20260725_055005_MPCWWA_chunk_000_rview_f010440.jpg,1
20260725_055005_MPCWWA_chunk_000_rview_f010590.jpg,1
20260725_055005_MPCWWA_chunk_000_rview_f010620.jpg,1
20260725_055005_MPCWWA_chunk_000_rview_f010650.jpg,1
20260725_055005_MPCWWA_chunk_000_rview_f010680.jpg,1
20260725_061406_XPUQEL_028_f000135.jpg,1
20260725_061406_XPUQEL_034_f002145.jpg,1
20260725_061806_SATUQQ_001_f009945.jpg,1
