2026-09-23 14:58:37,322 - mmdet - INFO - Environment info:
------------------------------------------------------------
sys.platform: linux
Python: 3.12.3 (main, Aug 31 2026, 10:18:26) [GCC 13.3.0]
CUDA available: True
GPU 0,1,2,3: NVIDIA GeForce RTX 5090
CUDA_HOME: /usr/local/cuda
NVCC: Build cuda_13.0.r13.0/compiler.36424714_0
GCC: gcc (Ubuntu 13.3.0-6ubuntu2~24.04.1) 13.3.0
PyTorch: 2.13.0+cu130
PyTorch compiling details: PyTorch built with:
  - GCC 13.3
  - C++ Version: 202002
  - Intel(R) oneAPI Math Kernel Library Version 2024.2-Product Build 20240605 for Intel(R) 64 architecture applications
  - Intel(R) MKL-DNN v3.12.0 (Git Hash 80afa71049cd69a3df32adcccb623b12cd7baa22)
  - OpenMP 201511 (a.k.a. OpenMP 4.5)
  - LAPACK is enabled (usually provided by MKL)
  - NNPACK is enabled
  - CPU capability usage: AVX512
  - CUDA Runtime 13.0
  - NVCC architecture flags: -gencode;arch=compute_75,code=sm_75;-gencode;arch=compute_80,code=sm_80;-gencode;arch=compute_86,code=sm_86;-gencode;arch=compute_90,code=sm_90;-gencode;arch=compute_100,code=sm_100;-gencode;arch=compute_120,code=sm_120
  - CuDNN 92.0  (built against CUDA 13.2)
  - Magma 2.6.1
  - Build settings: BLAS_INFO=mkl, BUILD_TYPE=Release, COMMIT_SHA=cf30153c4c131c8164ee7798e5022d810682e2cb, CUDA_FLAGS= -DLIBCUDACXX_ENABLE_SIMPLIFIED_COMPLEX_OPERATIONS -Xfatbin -compress-all -DONNX_NAMESPACE=onnx_torch -gencode arch=compute_75,code=sm_75 -gencode arch=compute_80,code=sm_80 -gencode arch=compute_86,code=sm_86 -gencode arch=compute_90,code=sm_90 -gencode arch=compute_100,code=sm_100 -gencode arch=compute_120,code=sm_120 -Xcudafe --diag_suppress=cc_clobber_ignored,--diag_suppress=field_without_dll_interface,--diag_suppress=base_class_has_different_dll_interface,--diag_suppress=dll_interface_conflict_none_assumed,--diag_suppress=dll_interface_conflict_dllexport_assumed,--diag_suppress=bad_friend_decl --expt-relaxed-constexpr --expt-extended-lambda -Xfatbin -compress-all --threads 2 -compress-mode=size -Wno-deprecated-gpu-targets --expt-extended-lambda -DCUB_WRAPPED_NAMESPACE=at_cuda_detail -DDISABLE_CUSPARSE_DEPRECATED -DCUDA_HAS_FP16=1 -D__CUDA_NO_HALF_OPERATORS__ -D__CUDA_NO_HALF_CONVERSIONS__ -D__CUDA_NO_HALF2_OPERATORS__ -D__CUDA_NO_BFLOAT16_CONVERSIONS__ -DC10_NODEPRECATED, CUDA_VERSION=13.0, CUDNN_VERSION=9.20.0, CXX_COMPILER=/opt/rh/gcc-toolset-13/root/usr/bin/c++, CXX_FLAGS= -fvisibility-inlines-hidden -DUSE_PTHREADPOOL -DNDEBUG -DUSE_KINETO -DHAS_CUPTI -DUSE_FBGEMM -DUSE_MSLK -DUSE_PYTORCH_QNNPACK -DSYMBOLICATE_MOBILE_DEBUG_HANDLE -O2 -fPIC -DC10_NODEPRECATED -Wall -Wextra -Werror=return-type -Werror=non-virtual-dtor -Werror=range-loop-construct -Werror=bool-operation -Wnarrowing -Wno-missing-field-initializers -Wno-unknown-pragmas -Wno-unused-parameter -Wno-strict-overflow -Wno-strict-aliasing -Wno-stringop-overflow -Wsuggest-override -Wno-psabi -Wno-error=old-style-cast -faligned-new -Wno-maybe-uninitialized -fno-math-errno -fno-trapping-math -Werror=format -Wno-dangling-reference -Wno-error=dangling-reference -Wno-stringop-overflow, LAPACK_INFO=mkl, PERF_WITH_AVX=1, PERF_WITH_AVX2=1, TORCH_VERSION=2.13.0, USE_CUDA=1, USE_CUDNN=ON, USE_CUSPARSELT=1, USE_GFLAGS=OFF, USE_GLOG=OFF, USE_GLOO=ON, USE_MKL=ON, USE_MKLDNN=ON, USE_MPI=OFF, USE_NCCL=ON, USE_NNPACK=ON, USE_OPENMP=ON, USE_ROCM=OFF, USE_ROCM_KERNEL_ASSERT=OFF, USE_XCCL=OFF, USE_XPU=OFF, 

TorchVision: 0.28.0+cu130
OpenCV: 4.11.0
MMCV: 1.4.0
MMCV Compiler: n/a (scrfd_shim: mmcv compiled without ops)
MMCV CUDA Compiler: n/a (scrfd_shim: mmcv compiled without ops)
MMDetection: 2.7.0+
------------------------------------------------------------

2026-09-23 14:58:37,551 - mmdet - INFO - Distributed training: True
2026-09-23 14:58:37,650 - mmdet - INFO - Config:
optimizer = dict(type='SGD', lr=0.001, momentum=0.9, weight_decay=0.0005)
optimizer_config = dict(
    type='GradientCumulativeOptimizerHook', cumulative_iters=2, grad_clip=None)
lr_config = dict(
    policy='step',
    warmup='linear',
    warmup_iters=500,
    warmup_ratio=0.001,
    step=[21, 27])
total_epochs = 30
checkpoint_config = dict(interval=1)
log_config = dict(interval=50, hooks=[dict(type='TextLoggerHook')])
dist_params = dict(backend='nccl')
log_level = 'INFO'
load_from = '/data/esteban/pii/weights/SCRFD_34G_official.pth'
work_dir = '/data/esteban/pii/runs/train/wd_armAK34'
resume_from = None
workflow = [('train', 1)]
dataset_type = 'RetinaFaceDataset'
data_root = 'data/retinaface/'
train_root = 'data/retinaface/train/'
val_root = 'data/retinaface/val/'
img_norm_cfg = dict(
    mean=[127.5, 127.5, 127.5], std=[128.0, 128.0, 128.0], to_rgb=True)
train_pipeline = [
    dict(type='LoadImageFromFile', to_float32=True),
    dict(type='LoadAnnotations', with_bbox=True, with_keypoints=True),
    dict(
        type='RandomSquareCrop',
        crop_choice=[0.3, 0.45, 0.6, 0.8, 1.0, 1.2, 1.4, 1.6, 1.8, 2.0],
        bbox_clip_border=False),
    dict(
        type='Resize',
        img_scale=(640, 640),
        keep_ratio=False,
        bbox_clip_border=False),
    dict(type='RandomFlip', flip_ratio=0.5),
    dict(
        type='PhotoMetricDistortion',
        brightness_delta=32,
        contrast_range=(0.5, 1.5),
        saturation_range=(0.5, 1.5),
        hue_delta=18),
    dict(
        type='Normalize',
        mean=[127.5, 127.5, 127.5],
        std=[128.0, 128.0, 128.0],
        to_rgb=True),
    dict(type='DefaultFormatBundle'),
    dict(
        type='Collect',
        keys=[
            'img', 'gt_bboxes', 'gt_labels', 'gt_bboxes_ignore',
            'gt_keypointss'
        ])
]
test_pipeline = [
    dict(type='LoadImageFromFile'),
    dict(
        type='MultiScaleFlipAug',
        img_scale=(640, 640),
        flip=False,
        transforms=[
            dict(type='Resize', keep_ratio=True),
            dict(type='RandomFlip', flip_ratio=0.0),
            dict(
                type='Normalize',
                mean=[127.5, 127.5, 127.5],
                std=[128.0, 128.0, 128.0],
                to_rgb=True),
            dict(type='Pad', size=(640, 640), pad_val=0),
            dict(type='ImageToTensor', keys=['img']),
            dict(type='Collect', keys=['img'])
        ])
]
data = dict(
    samples_per_gpu=8,
    workers_per_gpu=16,
    train=dict(
        type='RetinaFaceDataset',
        ann_file='data/mix_ds/train_Z3.txt',
        img_prefix='data/mix_ds/images/',
        pipeline=[
            dict(type='LoadImageFromFile', to_float32=True),
            dict(type='LoadAnnotations', with_bbox=True, with_keypoints=True),
            dict(
                type='RandomSquareCrop',
                crop_choice=[
                    0.3, 0.45, 0.6, 0.8, 1.0, 1.2, 1.4, 1.6, 1.8, 2.0
                ],
                bbox_clip_border=False),
            dict(
                type='Resize',
                img_scale=(640, 640),
                keep_ratio=False,
                bbox_clip_border=False),
            dict(type='RandomFlip', flip_ratio=0.5),
            dict(
                type='PhotoMetricDistortion',
                brightness_delta=32,
                contrast_range=(0.5, 1.5),
                saturation_range=(0.5, 1.5),
                hue_delta=18),
            dict(
                type='Normalize',
                mean=[127.5, 127.5, 127.5],
                std=[128.0, 128.0, 128.0],
                to_rgb=True),
            dict(type='DefaultFormatBundle'),
            dict(
                type='Collect',
                keys=[
                    'img', 'gt_bboxes', 'gt_labels', 'gt_bboxes_ignore',
                    'gt_keypointss'
                ])
        ]),
    val=dict(
        type='RetinaFaceDataset',
        ann_file='/data/liangzhenghao/face_pii/raw_ds/val/labelv2.txt',
        img_prefix='/data/liangzhenghao/face_pii/raw_ds/images/',
        pipeline=[
            dict(type='LoadImageFromFile'),
            dict(
                type='MultiScaleFlipAug',
                img_scale=(640, 640),
                flip=False,
                transforms=[
                    dict(type='Resize', keep_ratio=True),
                    dict(type='RandomFlip', flip_ratio=0.0),
                    dict(
                        type='Normalize',
                        mean=[127.5, 127.5, 127.5],
                        std=[128.0, 128.0, 128.0],
                        to_rgb=True),
                    dict(type='Pad', size=(640, 640), pad_val=0),
                    dict(type='ImageToTensor', keys=['img']),
                    dict(type='Collect', keys=['img'])
                ])
        ]),
    test=dict(
        type='RetinaFaceDataset',
        ann_file='/data/liangzhenghao/face_pii/raw_ds/val/labelv2.txt',
        img_prefix='/data/liangzhenghao/face_pii/raw_ds/images/',
        pipeline=[
            dict(type='LoadImageFromFile'),
            dict(
                type='MultiScaleFlipAug',
                img_scale=(640, 640),
                flip=False,
                transforms=[
                    dict(type='Resize', keep_ratio=True),
                    dict(type='RandomFlip', flip_ratio=0.0),
                    dict(
                        type='Normalize',
                        mean=[127.5, 127.5, 127.5],
                        std=[128.0, 128.0, 128.0],
                        to_rgb=True),
                    dict(type='Pad', size=(640, 640), pad_val=0),
                    dict(type='ImageToTensor', keys=['img']),
                    dict(type='Collect', keys=['img'])
                ])
        ]))
train_cfg = dict(
    assigner=dict(type='ATSSAssigner', topk=9, ignore_iof_thr=0.5),
    allowed_border=-1,
    pos_weight=-1,
    debug=False,
    neg_weight_zero_prefix='/pii',
    neg_weight_full_substrings=['BTJPSP', 'NQYJPB'],
    neg_weight_pii=0.5,
    qscore='one')
test_cfg = dict(
    nms_pre=-1,
    min_bbox_size=0,
    score_thr=0.02,
    nms=dict(type='nms', iou_threshold=0.45),
    max_per_img=-1)
model = dict(
    type='SCRFD',
    backbone=dict(
        type='ResNetV1e',
        depth=0,
        block_cfg=dict(
            block='Bottleneck',
            stage_blocks=(17, 16, 2, 8),
            stage_planes=[56, 56, 144, 184]),
        base_channels=56,
        num_stages=4,
        out_indices=(0, 1, 2, 3),
        norm_cfg=dict(type='BN', requires_grad=True),
        norm_eval=False,
        style='pytorch'),
    neck=dict(
        type='PAFPN',
        in_channels=[224, 224, 576, 736],
        out_channels=128,
        start_level=1,
        add_extra_convs='on_output',
        num_outs=3),
    bbox_head=dict(
        type='SCRFDHead',
        num_classes=1,
        in_channels=128,
        stacked_convs=2,
        feat_channels=256,
        norm_cfg=dict(type='GN', num_groups=32, requires_grad=True),
        cls_reg_share=True,
        strides_share=True,
        scale_mode=2,
        anchor_generator=dict(
            type='AnchorGenerator',
            ratios=[1.0],
            scales=[1, 2],
            base_sizes=[16, 64, 256],
            strides=[8, 16, 32]),
        loss_cls=dict(
            type='QualityFocalLoss',
            use_sigmoid=True,
            beta=2.0,
            loss_weight=1.0),
        loss_dfl=False,
        reg_max=8,
        loss_bbox=dict(type='DIoULoss', loss_weight=2.0),
        use_kps=True,
        loss_kps=dict(
            type='SmoothL1Loss', beta=0.1111111111111111, loss_weight=0.1),
        train_cfg=dict(
            assigner=dict(type='ATSSAssigner', topk=9, ignore_iof_thr=0.5),
            allowed_border=-1,
            pos_weight=-1,
            debug=False,
            neg_weight_zero_prefix='/pii',
            neg_weight_full_substrings=['BTJPSP', 'NQYJPB'],
            neg_weight_pii=0.5,
            qscore='one'),
        test_cfg=dict(
            nms_pre=-1,
            min_bbox_size=0,
            score_thr=0.02,
            nms=dict(type='nms', iou_threshold=0.45),
            max_per_img=-1)))
evaluation = dict(interval=10000, metric='mAP')
gpu_ids = range(0, 4)

2026-09-23 14:58:44,775 - mmdet - INFO - load checkpoint from local path: /data/esteban/pii/weights/SCRFD_34G_official.pth
2026-09-23 14:58:44,891 - mmdet - WARNING - The model and loaded state dict do not match exactly

missing keys in source state_dict: bbox_head.stride_kps.0.weight, bbox_head.stride_kps.0.bias

2026-09-23 14:58:44,892 - mmdet - INFO - Start running, host: root@iZuf68ekjca1catfdkq4g9Z, work_dir: /data/esteban/pii/runs/train/wd_armAK34
2026-09-23 14:58:44,892 - mmdet - INFO - Hooks will be executed in the following order:
before_run:
(VERY_HIGH   ) StepLrUpdaterHook                  
(NORMAL      ) CheckpointHook                     
(VERY_LOW    ) TextLoggerHook                     
 -------------------- 
before_train_epoch:
(VERY_HIGH   ) StepLrUpdaterHook                  
(NORMAL      ) DistSamplerSeedHook                
(LOW         ) IterTimerHook                      
(VERY_LOW    ) TextLoggerHook                     
 -------------------- 
before_train_iter:
(VERY_HIGH   ) StepLrUpdaterHook                  
(LOW         ) IterTimerHook                      
 -------------------- 
after_train_iter:
(ABOVE_NORMAL) GradientCumulativeOptimizerHook    
(NORMAL      ) CheckpointHook                     
(LOW         ) IterTimerHook                      
(VERY_LOW    ) TextLoggerHook                     
 -------------------- 
after_train_epoch:
(NORMAL      ) CheckpointHook                     
(VERY_LOW    ) TextLoggerHook                     
 -------------------- 
before_val_epoch:
(NORMAL      ) DistSamplerSeedHook                
(LOW         ) IterTimerHook                      
(VERY_LOW    ) TextLoggerHook                     
 -------------------- 
before_val_iter:
(LOW         ) IterTimerHook                      
 -------------------- 
after_val_iter:
(LOW         ) IterTimerHook                      
 -------------------- 
after_val_epoch:
(VERY_LOW    ) TextLoggerHook                     
 -------------------- 
after_run:
(VERY_LOW    ) TextLoggerHook                     
 -------------------- 
2026-09-23 14:58:44,892 - mmdet - INFO - workflow: [('train', 1)], max: 30 epochs
2026-09-23 14:58:44,892 - mmdet - INFO - Checkpoints will be saved to /data/esteban/pii/runs/train/wd_armAK34 by HardDiskBackend.
2026-09-23 14:58:50,763 - mmdet - WARNING - GradientCumulativeOptimizerHook may slightly decrease performance if the model has BatchNorm layers.
2026-09-23 14:58:59,638 - mmdet - INFO - Epoch [1][50/6976]	lr: 9.890e-05, eta: 17:05:01, time: 0.294, data_time: 0.088, memory: 13424, loss_cls: 0.8607, loss_bbox: 0.4345, loss_kps: 0.0000, loss: 1.2952
2026-09-23 14:59:08,371 - mmdet - INFO - Epoch [1][100/6976]	lr: 1.988e-04, eta: 13:36:48, time: 0.175, data_time: 0.008, memory: 13424, loss_cls: 0.6654, loss_bbox: 0.4428, loss_kps: 0.0000, loss: 1.1082
2026-09-23 14:59:17,142 - mmdet - INFO - Epoch [1][150/6976]	lr: 2.987e-04, eta: 12:28:11, time: 0.175, data_time: 0.008, memory: 13424, loss_cls: 0.6049, loss_bbox: 0.4459, loss_kps: 0.0000, loss: 1.0508
2026-09-23 14:59:25,940 - mmdet - INFO - Epoch [1][200/6976]	lr: 3.986e-04, eta: 11:54:19, time: 0.176, data_time: 0.009, memory: 13424, loss_cls: 0.5891, loss_bbox: 0.4494, loss_kps: 0.0000, loss: 1.0385
2026-09-23 14:59:34,641 - mmdet - INFO - Epoch [1][250/6976]	lr: 4.985e-04, eta: 11:32:34, time: 0.174, data_time: 0.008, memory: 13424, loss_cls: 0.5965, loss_bbox: 0.4396, loss_kps: 0.0000, loss: 1.0361
2026-09-23 14:59:43,304 - mmdet - INFO - Epoch [1][300/6976]	lr: 5.984e-04, eta: 11:17:34, time: 0.173, data_time: 0.008, memory: 13424, loss_cls: 0.5607, loss_bbox: 0.4533, loss_kps: 0.0000, loss: 1.0140
2026-09-23 14:59:52,066 - mmdet - INFO - Epoch [1][350/6976]	lr: 6.983e-04, eta: 11:07:48, time: 0.175, data_time: 0.009, memory: 13424, loss_cls: 0.5755, loss_bbox: 0.4482, loss_kps: 0.0000, loss: 1.0238
2026-09-23 15:00:00,795 - mmdet - INFO - Epoch [1][400/6976]	lr: 7.982e-04, eta: 11:00:09, time: 0.175, data_time: 0.009, memory: 13424, loss_cls: 0.5891, loss_bbox: 0.4479, loss_kps: 0.0000, loss: 1.0370
2026-09-23 15:00:09,524 - mmdet - INFO - Epoch [1][450/6976]	lr: 8.981e-04, eta: 10:54:10, time: 0.175, data_time: 0.009, memory: 13424, loss_cls: 0.5781, loss_bbox: 0.4314, loss_kps: 0.0000, loss: 1.0095
2026-09-23 15:00:18,181 - mmdet - INFO - Epoch [1][500/6976]	lr: 9.980e-04, eta: 10:48:51, time: 0.173, data_time: 0.008, memory: 13424, loss_cls: 0.5213, loss_bbox: 0.4160, loss_kps: 0.0000, loss: 0.9373
2026-09-23 15:00:26,931 - mmdet - INFO - Epoch [1][550/6976]	lr: 1.000e-03, eta: 10:45:04, time: 0.175, data_time: 0.008, memory: 13424, loss_cls: 0.5675, loss_bbox: 0.4548, loss_kps: 0.0000, loss: 1.0223
2026-09-23 15:00:35,749 - mmdet - INFO - Epoch [1][600/6976]	lr: 1.000e-03, eta: 10:42:17, time: 0.176, data_time: 0.009, memory: 13424, loss_cls: 0.5843, loss_bbox: 0.4364, loss_kps: 0.0000, loss: 1.0207
2026-09-23 15:00:44,515 - mmdet - INFO - Epoch [1][650/6976]	lr: 1.000e-03, eta: 10:39:38, time: 0.175, data_time: 0.009, memory: 13424, loss_cls: 0.5406, loss_bbox: 0.4303, loss_kps: 0.0000, loss: 0.9709
2026-09-23 15:00:53,317 - mmdet - INFO - Epoch [1][700/6976]	lr: 1.000e-03, eta: 10:37:30, time: 0.176, data_time: 0.008, memory: 13424, loss_cls: 0.5678, loss_bbox: 0.4348, loss_kps: 0.0000, loss: 1.0026
2026-09-23 15:01:02,031 - mmdet - INFO - Epoch [1][750/6976]	lr: 1.000e-03, eta: 10:35:15, time: 0.174, data_time: 0.009, memory: 13424, loss_cls: 0.5886, loss_bbox: 0.4430, loss_kps: 0.0000, loss: 1.0317
2026-09-23 15:01:10,692 - mmdet - INFO - Epoch [1][800/6976]	lr: 1.000e-03, eta: 10:33:01, time: 0.173, data_time: 0.008, memory: 13424, loss_cls: 0.5235, loss_bbox: 0.4309, loss_kps: 0.0000, loss: 0.9545
2026-09-23 15:01:19,533 - mmdet - INFO - Epoch [1][850/6976]	lr: 1.000e-03, eta: 10:31:46, time: 0.177, data_time: 0.009, memory: 13424, loss_cls: 0.5445, loss_bbox: 0.4282, loss_kps: 0.0000, loss: 0.9727
2026-09-23 15:01:28,338 - mmdet - INFO - Epoch [1][900/6976]	lr: 1.000e-03, eta: 10:30:28, time: 0.176, data_time: 0.008, memory: 13424, loss_cls: 0.5389, loss_bbox: 0.4231, loss_kps: 0.0000, loss: 0.9620
2026-09-23 15:01:37,134 - mmdet - INFO - Epoch [1][950/6976]	lr: 1.000e-03, eta: 10:29:20, time: 0.176, data_time: 0.008, memory: 13424, loss_cls: 0.5097, loss_bbox: 0.4137, loss_kps: 0.0000, loss: 0.9234
2026-09-23 15:01:45,875 - mmdet - INFO - Exp name: scrfd_armAK34.py
2026-09-23 15:01:45,876 - mmdet - INFO - Epoch [1][1000/6976]	lr: 1.000e-03, eta: 10:28:03, time: 0.175, data_time: 0.008, memory: 13424, loss_cls: 0.5055, loss_bbox: 0.4272, loss_kps: 0.0000, loss: 0.9328
2026-09-23 15:01:54,597 - mmdet - INFO - Epoch [1][1050/6976]	lr: 1.000e-03, eta: 10:26:49, time: 0.174, data_time: 0.009, memory: 13424, loss_cls: 0.5820, loss_bbox: 0.4362, loss_kps: 0.0000, loss: 1.0182
2026-09-23 15:02:03,374 - mmdet - INFO - Epoch [1][1100/6976]	lr: 1.000e-03, eta: 10:25:53, time: 0.176, data_time: 0.008, memory: 13424, loss_cls: 0.5674, loss_bbox: 0.4341, loss_kps: 0.0000, loss: 1.0015
2026-09-23 15:02:12,107 - mmdet - INFO - Epoch [1][1150/6976]	lr: 1.000e-03, eta: 10:24:52, time: 0.175, data_time: 0.008, memory: 13424, loss_cls: 0.4988, loss_bbox: 0.4246, loss_kps: 0.0000, loss: 0.9234
2026-09-23 15:02:20,866 - mmdet - INFO - Epoch [1][1200/6976]	lr: 1.000e-03, eta: 10:23:58, time: 0.175, data_time: 0.008, memory: 13424, loss_cls: 0.5274, loss_bbox: 0.4213, loss_kps: 0.0000, loss: 0.9487
2026-09-23 15:02:29,567 - mmdet - INFO - Epoch [1][1250/6976]	lr: 1.000e-03, eta: 10:23:01, time: 0.174, data_time: 0.009, memory: 13424, loss_cls: 0.5164, loss_bbox: 0.4314, loss_kps: 0.0000, loss: 0.9478
2026-09-23 15:02:38,347 - mmdet - INFO - Epoch [1][1300/6976]	lr: 1.000e-03, eta: 10:22:19, time: 0.176, data_time: 0.008, memory: 13424, loss_cls: 0.5536, loss_bbox: 0.4243, loss_kps: 0.0000, loss: 0.9778
2026-09-23 15:02:47,121 - mmdet - INFO - Epoch [1][1350/6976]	lr: 1.000e-03, eta: 10:21:38, time: 0.175, data_time: 0.009, memory: 13424, loss_cls: 0.5108, loss_bbox: 0.4197, loss_kps: 0.0000, loss: 0.9304
2026-09-23 15:02:55,872 - mmdet - INFO - Epoch [1][1400/6976]	lr: 1.000e-03, eta: 10:20:57, time: 0.175, data_time: 0.010, memory: 13424, loss_cls: 0.5302, loss_bbox: 0.4231, loss_kps: 0.0000, loss: 0.9532
2026-09-23 15:03:04,708 - mmdet - INFO - Epoch [1][1450/6976]	lr: 1.000e-03, eta: 10:20:31, time: 0.177, data_time: 0.009, memory: 13424, loss_cls: 0.5191, loss_bbox: 0.4148, loss_kps: 0.0000, loss: 0.9339
2026-09-23 15:03:13,493 - mmdet - INFO - Epoch [1][1500/6976]	lr: 1.000e-03, eta: 10:19:58, time: 0.176, data_time: 0.009, memory: 13424, loss_cls: 0.5412, loss_bbox: 0.4339, loss_kps: 0.0000, loss: 0.9752
2026-09-23 15:03:22,333 - mmdet - INFO - Epoch [1][1550/6976]	lr: 1.000e-03, eta: 10:19:34, time: 0.177, data_time: 0.009, memory: 13424, loss_cls: 0.4940, loss_bbox: 0.4104, loss_kps: 0.0000, loss: 0.9045
2026-09-23 15:03:31,132 - mmdet - INFO - Epoch [1][1600/6976]	lr: 1.000e-03, eta: 10:19:06, time: 0.176, data_time: 0.009, memory: 13424, loss_cls: 0.5155, loss_bbox: 0.4079, loss_kps: 0.0000, loss: 0.9234
2026-09-23 15:03:40,058 - mmdet - INFO - Epoch [1][1650/6976]	lr: 1.000e-03, eta: 10:18:55, time: 0.178, data_time: 0.009, memory: 13424, loss_cls: 0.4871, loss_bbox: 0.4070, loss_kps: 0.0000, loss: 0.8941
2026-09-23 15:03:49,582 - mmdet - INFO - Epoch [1][1700/6976]	lr: 1.000e-03, eta: 10:19:57, time: 0.190, data_time: 0.010, memory: 13424, loss_cls: 0.5092, loss_bbox: 0.4024, loss_kps: 0.0000, loss: 0.9116
2026-09-23 15:03:58,575 - mmdet - INFO - Epoch [1][1750/6976]	lr: 1.000e-03, eta: 10:19:52, time: 0.180, data_time: 0.009, memory: 13424, loss_cls: 0.4758, loss_bbox: 0.4019, loss_kps: 0.0000, loss: 0.8777
2026-09-23 15:04:07,496 - mmdet - INFO - Epoch [1][1800/6976]	lr: 1.000e-03, eta: 10:19:38, time: 0.178, data_time: 0.008, memory: 13424, loss_cls: 0.4921, loss_bbox: 0.4152, loss_kps: 0.0000, loss: 0.9073
2026-09-23 15:04:16,397 - mmdet - INFO - Epoch [1][1850/6976]	lr: 1.000e-03, eta: 10:19:22, time: 0.178, data_time: 0.009, memory: 13424, loss_cls: 0.4889, loss_bbox: 0.4077, loss_kps: 0.0000, loss: 0.8965
2026-09-23 15:04:25,703 - mmdet - INFO - Epoch [1][1900/6976]	lr: 1.000e-03, eta: 10:19:51, time: 0.186, data_time: 0.008, memory: 13424, loss_cls: 0.5063, loss_bbox: 0.4240, loss_kps: 0.0000, loss: 0.9303
2026-09-23 15:04:34,642 - mmdet - INFO - Epoch [1][1950/6976]	lr: 1.000e-03, eta: 10:19:40, time: 0.179, data_time: 0.008, memory: 13424, loss_cls: 0.5183, loss_bbox: 0.4227, loss_kps: 0.0000, loss: 0.9410
2026-09-23 15:04:43,597 - mmdet - INFO - Exp name: scrfd_armAK34.py
2026-09-23 15:04:43,597 - mmdet - INFO - Epoch [1][2000/6976]	lr: 1.000e-03, eta: 10:19:29, time: 0.179, data_time: 0.009, memory: 13424, loss_cls: 0.4865, loss_bbox: 0.4104, loss_kps: 0.0000, loss: 0.8969
2026-09-23 15:04:52,465 - mmdet - INFO - Epoch [1][2050/6976]	lr: 1.000e-03, eta: 10:19:10, time: 0.177, data_time: 0.009, memory: 13424, loss_cls: 0.4822, loss_bbox: 0.4015, loss_kps: 0.0000, loss: 0.8838
2026-09-23 15:05:01,781 - mmdet - INFO - Epoch [1][2100/6976]	lr: 1.000e-03, eta: 10:19:36, time: 0.186, data_time: 0.008, memory: 13424, loss_cls: 0.4934, loss_bbox: 0.4053, loss_kps: 0.0000, loss: 0.8987
2026-09-23 15:05:10,646 - mmdet - INFO - Epoch [1][2150/6976]	lr: 1.000e-03, eta: 10:19:17, time: 0.177, data_time: 0.008, memory: 13424, loss_cls: 0.5131, loss_bbox: 0.4146, loss_kps: 0.0000, loss: 0.9277
2026-09-23 15:05:19,443 - mmdet - INFO - Epoch [1][2200/6976]	lr: 1.000e-03, eta: 10:18:51, time: 0.176, data_time: 0.008, memory: 13424, loss_cls: 0.5145, loss_bbox: 0.4101, loss_kps: 0.0000, loss: 0.9247
2026-09-23 15:05:28,771 - mmdet - INFO - Epoch [1][2250/6976]	lr: 1.000e-03, eta: 10:19:16, time: 0.187, data_time: 0.008, memory: 13424, loss_cls: 0.5074, loss_bbox: 0.4161, loss_kps: 0.0000, loss: 0.9235
2026-09-23 15:05:37,687 - mmdet - INFO - Epoch [1][2300/6976]	lr: 1.000e-03, eta: 10:19:02, time: 0.178, data_time: 0.008, memory: 13424, loss_cls: 0.4857, loss_bbox: 0.4164, loss_kps: 0.0000, loss: 0.9021
2026-09-23 15:05:46,448 - mmdet - INFO - Epoch [1][2350/6976]	lr: 1.000e-03, eta: 10:18:34, time: 0.175, data_time: 0.009, memory: 13424, loss_cls: 0.4953, loss_bbox: 0.4122, loss_kps: 0.0000, loss: 0.9074
2026-09-23 15:05:55,357 - mmdet - INFO - Epoch [1][2400/6976]	lr: 1.000e-03, eta: 10:18:20, time: 0.178, data_time: 0.008, memory: 13424, loss_cls: 0.5040, loss_bbox: 0.4114, loss_kps: 0.0000, loss: 0.9154
2026-09-23 15:06:04,188 - mmdet - INFO - Epoch [1][2450/6976]	lr: 1.000e-03, eta: 10:18:00, time: 0.177, data_time: 0.008, memory: 13424, loss_cls: 0.4693, loss_bbox: 0.4042, loss_kps: 0.0000, loss: 0.8735
2026-09-23 15:06:12,878 - mmdet - INFO - Epoch [1][2500/6976]	lr: 1.000e-03, eta: 10:17:28, time: 0.174, data_time: 0.008, memory: 13424, loss_cls: 0.4703, loss_bbox: 0.3902, loss_kps: 0.0000, loss: 0.8604
2026-09-23 15:06:21,583 - mmdet - INFO - Epoch [1][2550/6976]	lr: 1.000e-03, eta: 10:16:58, time: 0.174, data_time: 0.008, memory: 13424, loss_cls: 0.4527, loss_bbox: 0.3992, loss_kps: 0.0000, loss: 0.8519
2026-09-23 15:06:30,404 - mmdet - INFO - Epoch [1][2600/6976]	lr: 1.000e-03, eta: 10:16:39, time: 0.176, data_time: 0.009, memory: 13424, loss_cls: 0.4822, loss_bbox: 0.4015, loss_kps: 0.0000, loss: 0.8837
2026-09-23 15:06:39,148 - mmdet - INFO - Epoch [1][2650/6976]	lr: 1.000e-03, eta: 10:16:14, time: 0.175, data_time: 0.008, memory: 13424, loss_cls: 0.4910, loss_bbox: 0.4092, loss_kps: 0.0000, loss: 0.9002
2026-09-23 15:06:47,863 - mmdet - INFO - Epoch [1][2700/6976]	lr: 1.000e-03, eta: 10:15:47, time: 0.174, data_time: 0.009, memory: 13424, loss_cls: 0.4971, loss_bbox: 0.4260, loss_kps: 0.0000, loss: 0.9232
2026-09-23 15:06:56,740 - mmdet - INFO - Epoch [1][2750/6976]	lr: 1.000e-03, eta: 10:15:33, time: 0.177, data_time: 0.010, memory: 13424, loss_cls: 0.4829, loss_bbox: 0.4102, loss_kps: 0.0000, loss: 0.8931
2026-09-23 15:07:05,501 - mmdet - INFO - Epoch [1][2800/6976]	lr: 1.000e-03, eta: 10:15:11, time: 0.175, data_time: 0.009, memory: 13424, loss_cls: 0.4980, loss_bbox: 0.4038, loss_kps: 0.0000, loss: 0.9018
2026-09-23 15:07:14,271 - mmdet - INFO - Epoch [1][2850/6976]	lr: 1.000e-03, eta: 10:14:50, time: 0.175, data_time: 0.009, memory: 13424, loss_cls: 0.4725, loss_bbox: 0.4138, loss_kps: 0.0000, loss: 0.8863
2026-09-23 15:07:23,081 - mmdet - INFO - Epoch [1][2900/6976]	lr: 1.000e-03, eta: 10:14:32, time: 0.176, data_time: 0.009, memory: 13424, loss_cls: 0.5198, loss_bbox: 0.4227, loss_kps: 0.0000, loss: 0.9424
2026-09-23 15:07:31,890 - mmdet - INFO - Epoch [1][2950/6976]	lr: 1.000e-03, eta: 10:14:14, time: 0.176, data_time: 0.008, memory: 13424, loss_cls: 0.5055, loss_bbox: 0.4198, loss_kps: 0.0000, loss: 0.9253
2026-09-23 15:07:40,676 - mmdet - INFO - Exp name: scrfd_armAK34.py
2026-09-23 15:07:40,676 - mmdet - INFO - Epoch [1][3000/6976]	lr: 1.000e-03, eta: 10:13:55, time: 0.176, data_time: 0.009, memory: 13424, loss_cls: 0.4888, loss_bbox: 0.4156, loss_kps: 0.0000, loss: 0.9044
2026-09-23 15:07:49,558 - mmdet - INFO - Epoch [1][3050/6976]	lr: 1.000e-03, eta: 10:13:43, time: 0.178, data_time: 0.008, memory: 13424, loss_cls: 0.4670, loss_bbox: 0.4009, loss_kps: 0.0000, loss: 0.8679
2026-09-23 15:07:58,296 - mmdet - INFO - Epoch [1][3100/6976]	lr: 1.000e-03, eta: 10:13:22, time: 0.175, data_time: 0.009, memory: 13424, loss_cls: 0.4731, loss_bbox: 0.4104, loss_kps: 0.0000, loss: 0.8835
2026-09-23 15:08:07,062 - mmdet - INFO - Epoch [1][3150/6976]	lr: 1.000e-03, eta: 10:13:02, time: 0.175, data_time: 0.010, memory: 13424, loss_cls: 0.4958, loss_bbox: 0.4081, loss_kps: 0.0000, loss: 0.9039
2026-09-23 15:08:15,747 - mmdet - INFO - Epoch [1][3200/6976]	lr: 1.000e-03, eta: 10:12:38, time: 0.174, data_time: 0.009, memory: 13424, loss_cls: 0.4748, loss_bbox: 0.3956, loss_kps: 0.0000, loss: 0.8704
2026-09-23 15:08:24,575 - mmdet - INFO - Epoch [1][3250/6976]	lr: 1.000e-03, eta: 10:12:23, time: 0.177, data_time: 0.008, memory: 13424, loss_cls: 0.4854, loss_bbox: 0.4214, loss_kps: 0.0000, loss: 0.9068
2026-09-23 15:08:33,417 - mmdet - INFO - Epoch [1][3300/6976]	lr: 1.000e-03, eta: 10:12:10, time: 0.177, data_time: 0.008, memory: 13424, loss_cls: 0.5039, loss_bbox: 0.4105, loss_kps: 0.0000, loss: 0.9144
2026-09-23 15:08:42,170 - mmdet - INFO - Epoch [1][3350/6976]	lr: 1.000e-03, eta: 10:11:51, time: 0.175, data_time: 0.009, memory: 13424, loss_cls: 0.4767, loss_bbox: 0.4086, loss_kps: 0.0000, loss: 0.8852
2026-09-23 15:08:50,860 - mmdet - INFO - Epoch [1][3400/6976]	lr: 1.000e-03, eta: 10:11:28, time: 0.174, data_time: 0.009, memory: 13424, loss_cls: 0.4897, loss_bbox: 0.4100, loss_kps: 0.0000, loss: 0.8997
2026-09-23 15:08:59,599 - mmdet - INFO - Epoch [1][3450/6976]	lr: 1.000e-03, eta: 10:11:10, time: 0.175, data_time: 0.009, memory: 13424, loss_cls: 0.5010, loss_bbox: 0.4059, loss_kps: 0.0000, loss: 0.9069
2026-09-23 15:09:08,340 - mmdet - INFO - Epoch [1][3500/6976]	lr: 1.000e-03, eta: 10:10:50, time: 0.175, data_time: 0.009, memory: 13424, loss_cls: 0.4865, loss_bbox: 0.4086, loss_kps: 0.0000, loss: 0.8951
2026-09-23 15:09:17,139 - mmdet - INFO - Epoch [1][3550/6976]	lr: 1.000e-03, eta: 10:10:35, time: 0.176, data_time: 0.009, memory: 13424, loss_cls: 0.4779, loss_bbox: 0.4129, loss_kps: 0.0000, loss: 0.8908
2026-09-23 15:09:25,953 - mmdet - INFO - Epoch [1][3600/6976]	lr: 1.000e-03, eta: 10:10:21, time: 0.176, data_time: 0.009, memory: 13424, loss_cls: 0.4614, loss_bbox: 0.3863, loss_kps: 0.0000, loss: 0.8477
2026-09-23 15:09:34,688 - mmdet - INFO - Epoch [1][3650/6976]	lr: 1.000e-03, eta: 10:10:03, time: 0.175, data_time: 0.009, memory: 13424, loss_cls: 0.4972, loss_bbox: 0.4177, loss_kps: 0.0000, loss: 0.9150
2026-09-23 15:09:43,683 - mmdet - INFO - Epoch [1][3700/6976]	lr: 1.000e-03, eta: 10:09:59, time: 0.180, data_time: 0.010, memory: 13424, loss_cls: 0.4832, loss_bbox: 0.4002, loss_kps: 0.0000, loss: 0.8834
2026-09-23 15:09:52,615 - mmdet - INFO - Epoch [1][3750/6976]	lr: 1.000e-03, eta: 10:09:52, time: 0.179, data_time: 0.009, memory: 13424, loss_cls: 0.4826, loss_bbox: 0.4118, loss_kps: 0.0000, loss: 0.8944
2026-09-23 15:10:01,863 - mmdet - INFO - Epoch [1][3800/6976]	lr: 1.000e-03, eta: 10:10:02, time: 0.185, data_time: 0.017, memory: 13424, loss_cls: 0.4628, loss_bbox: 0.4015, loss_kps: 0.0000, loss: 0.8642
2026-09-23 15:10:10,760 - mmdet - INFO - Epoch [1][3850/6976]	lr: 1.000e-03, eta: 10:09:52, time: 0.178, data_time: 0.009, memory: 13424, loss_cls: 0.4976, loss_bbox: 0.4248, loss_kps: 0.0000, loss: 0.9224
2026-09-23 15:10:19,534 - mmdet - INFO - Epoch [1][3900/6976]	lr: 1.000e-03, eta: 10:09:37, time: 0.175, data_time: 0.009, memory: 13424, loss_cls: 0.4894, loss_bbox: 0.4148, loss_kps: 0.0000, loss: 0.9042
2026-09-23 15:10:28,255 - mmdet - INFO - Epoch [1][3950/6976]	lr: 1.000e-03, eta: 10:09:18, time: 0.174, data_time: 0.008, memory: 13424, loss_cls: 0.5048, loss_bbox: 0.3923, loss_kps: 0.0000, loss: 0.8971
2026-09-23 15:10:36,950 - mmdet - INFO - Exp name: scrfd_armAK34.py
2026-09-23 15:10:36,951 - mmdet - INFO - Epoch [1][4000/6976]	lr: 1.000e-03, eta: 10:08:58, time: 0.174, data_time: 0.009, memory: 13424, loss_cls: 0.4956, loss_bbox: 0.4072, loss_kps: 0.0000, loss: 0.9028
2026-09-23 15:10:45,692 - mmdet - INFO - Epoch [1][4050/6976]	lr: 1.000e-03, eta: 10:08:41, time: 0.175, data_time: 0.009, memory: 13424, loss_cls: 0.4663, loss_bbox: 0.3975, loss_kps: 0.0000, loss: 0.8638
2026-09-23 15:10:54,407 - mmdet - INFO - Epoch [1][4100/6976]	lr: 1.000e-03, eta: 10:08:23, time: 0.174, data_time: 0.009, memory: 13424, loss_cls: 0.4454, loss_bbox: 0.4181, loss_kps: 0.0000, loss: 0.8635
2026-09-23 15:11:03,268 - mmdet - INFO - Epoch [1][4150/6976]	lr: 1.000e-03, eta: 10:08:13, time: 0.177, data_time: 0.009, memory: 13424, loss_cls: 0.4603, loss_bbox: 0.3946, loss_kps: 0.0000, loss: 0.8549
2026-09-23 15:11:12,083 - mmdet - INFO - Epoch [1][4200/6976]	lr: 1.000e-03, eta: 10:08:00, time: 0.176, data_time: 0.010, memory: 13424, loss_cls: 0.4638, loss_bbox: 0.3992, loss_kps: 0.0000, loss: 0.8630
2026-09-23 15:11:20,930 - mmdet - INFO - Epoch [1][4250/6976]	lr: 1.000e-03, eta: 10:07:49, time: 0.177, data_time: 0.010, memory: 13424, loss_cls: 0.4882, loss_bbox: 0.4035, loss_kps: 0.0000, loss: 0.8917
2026-09-23 15:11:29,827 - mmdet - INFO - Epoch [1][4300/6976]	lr: 1.000e-03, eta: 10:07:40, time: 0.178, data_time: 0.010, memory: 13424, loss_cls: 0.4685, loss_bbox: 0.3991, loss_kps: 0.0000, loss: 0.8676
2026-09-23 15:11:38,644 - mmdet - INFO - Epoch [1][4350/6976]	lr: 1.000e-03, eta: 10:07:28, time: 0.176, data_time: 0.010, memory: 13424, loss_cls: 0.4885, loss_bbox: 0.4024, loss_kps: 0.0000, loss: 0.8909
2026-09-23 15:11:47,325 - mmdet - INFO - Epoch [1][4400/6976]	lr: 1.000e-03, eta: 10:07:09, time: 0.174, data_time: 0.009, memory: 13424, loss_cls: 0.4639, loss_bbox: 0.4009, loss_kps: 0.0000, loss: 0.8648
2026-09-23 15:11:56,075 - mmdet - INFO - Epoch [1][4450/6976]	lr: 1.000e-03, eta: 10:06:53, time: 0.175, data_time: 0.009, memory: 13424, loss_cls: 0.4871, loss_bbox: 0.4090, loss_kps: 0.0000, loss: 0.8961
2026-09-23 15:12:04,887 - mmdet - INFO - Epoch [1][4500/6976]	lr: 1.000e-03, eta: 10:06:41, time: 0.176, data_time: 0.009, memory: 13424, loss_cls: 0.4454, loss_bbox: 0.3797, loss_kps: 0.0000, loss: 0.8251
2026-09-23 15:12:13,625 - mmdet - INFO - Epoch [1][4550/6976]	lr: 1.000e-03, eta: 10:06:25, time: 0.174, data_time: 0.010, memory: 13424, loss_cls: 0.4981, loss_bbox: 0.4102, loss_kps: 0.0000, loss: 0.9083
2026-09-23 15:12:22,425 - mmdet - INFO - Epoch [1][4600/6976]	lr: 1.000e-03, eta: 10:06:13, time: 0.176, data_time: 0.010, memory: 13424, loss_cls: 0.4945, loss_bbox: 0.4198, loss_kps: 0.0000, loss: 0.9142
2026-09-23 15:12:31,185 - mmdet - INFO - Epoch [1][4650/6976]	lr: 1.000e-03, eta: 10:05:58, time: 0.175, data_time: 0.010, memory: 13424, loss_cls: 0.4595, loss_bbox: 0.4022, loss_kps: 0.0000, loss: 0.8617
2026-09-23 15:12:40,246 - mmdet - INFO - Epoch [1][4700/6976]	lr: 1.000e-03, eta: 10:05:57, time: 0.181, data_time: 0.009, memory: 13424, loss_cls: 0.4834, loss_bbox: 0.4057, loss_kps: 0.0000, loss: 0.8891
2026-09-23 15:12:48,931 - mmdet - INFO - Epoch [1][4750/6976]	lr: 1.000e-03, eta: 10:05:39, time: 0.174, data_time: 0.010, memory: 13424, loss_cls: 0.5032, loss_bbox: 0.4127, loss_kps: 0.0000, loss: 0.9159
2026-09-23 15:12:58,056 - mmdet - INFO - Epoch [1][4800/6976]	lr: 1.000e-03, eta: 10:05:41, time: 0.182, data_time: 0.010, memory: 13424, loss_cls: 0.4711, loss_bbox: 0.4013, loss_kps: 0.0000, loss: 0.8724
2026-09-23 15:13:06,871 - mmdet - INFO - Epoch [1][4850/6976]	lr: 1.000e-03, eta: 10:05:29, time: 0.176, data_time: 0.010, memory: 13424, loss_cls: 0.4679, loss_bbox: 0.3985, loss_kps: 0.0000, loss: 0.8664
2026-09-23 15:13:15,611 - mmdet - INFO - Epoch [1][4900/6976]	lr: 1.000e-03, eta: 10:05:14, time: 0.175, data_time: 0.010, memory: 13424, loss_cls: 0.4837, loss_bbox: 0.4149, loss_kps: 0.0000, loss: 0.8986
2026-09-23 15:13:24,340 - mmdet - INFO - Epoch [1][4950/6976]	lr: 1.000e-03, eta: 10:04:59, time: 0.175, data_time: 0.009, memory: 13424, loss_cls: 0.4711, loss_bbox: 0.4133, loss_kps: 0.0000, loss: 0.8844
2026-09-23 15:13:33,169 - mmdet - INFO - Exp name: scrfd_armAK34.py
2026-09-23 15:13:33,169 - mmdet - INFO - Epoch [1][5000/6976]	lr: 1.000e-03, eta: 10:04:47, time: 0.176, data_time: 0.010, memory: 13424, loss_cls: 0.4971, loss_bbox: 0.4040, loss_kps: 0.0000, loss: 0.9011
2026-09-23 15:13:41,911 - mmdet - INFO - Epoch [1][5050/6976]	lr: 1.000e-03, eta: 10:04:33, time: 0.175, data_time: 0.009, memory: 13424, loss_cls: 0.4603, loss_bbox: 0.3992, loss_kps: 0.0000, loss: 0.8595
2026-09-23 15:13:50,681 - mmdet - INFO - Epoch [1][5100/6976]	lr: 1.000e-03, eta: 10:04:20, time: 0.175, data_time: 0.009, memory: 13424, loss_cls: 0.4767, loss_bbox: 0.4062, loss_kps: 0.0000, loss: 0.8830
2026-09-23 15:13:59,422 - mmdet - INFO - Epoch [1][5150/6976]	lr: 1.000e-03, eta: 10:04:05, time: 0.175, data_time: 0.010, memory: 13424, loss_cls: 0.4485, loss_bbox: 0.4035, loss_kps: 0.0000, loss: 0.8520
2026-09-23 15:14:08,488 - mmdet - INFO - Epoch [1][5200/6976]	lr: 1.000e-03, eta: 10:04:04, time: 0.181, data_time: 0.009, memory: 13424, loss_cls: 0.4778, loss_bbox: 0.4112, loss_kps: 0.0000, loss: 0.8890
2026-09-23 15:14:17,211 - mmdet - INFO - Epoch [1][5250/6976]	lr: 1.000e-03, eta: 10:03:49, time: 0.174, data_time: 0.010, memory: 13424, loss_cls: 0.4673, loss_bbox: 0.4012, loss_kps: 0.0000, loss: 0.8686
2026-09-23 15:14:26,092 - mmdet - INFO - Epoch [1][5300/6976]	lr: 1.000e-03, eta: 10:03:40, time: 0.178, data_time: 0.010, memory: 13424, loss_cls: 0.4733, loss_bbox: 0.4042, loss_kps: 0.0000, loss: 0.8775
2026-09-23 15:14:34,965 - mmdet - INFO - Epoch [1][5350/6976]	lr: 1.000e-03, eta: 10:03:31, time: 0.177, data_time: 0.009, memory: 13424, loss_cls: 0.5145, loss_bbox: 0.3933, loss_kps: 0.0000, loss: 0.9078
2026-09-23 15:14:43,826 - mmdet - INFO - Epoch [1][5400/6976]	lr: 1.000e-03, eta: 10:03:21, time: 0.177, data_time: 0.009, memory: 13424, loss_cls: 0.4486, loss_bbox: 0.4093, loss_kps: 0.0000, loss: 0.8579
2026-09-23 15:14:52,565 - mmdet - INFO - Epoch [1][5450/6976]	lr: 1.000e-03, eta: 10:03:07, time: 0.175, data_time: 0.009, memory: 13424, loss_cls: 0.4841, loss_bbox: 0.4050, loss_kps: 0.0000, loss: 0.8890
2026-09-23 15:15:01,338 - mmdet - INFO - Epoch [1][5500/6976]	lr: 1.000e-03, eta: 10:02:55, time: 0.175, data_time: 0.009, memory: 13424, loss_cls: 0.4698, loss_bbox: 0.3937, loss_kps: 0.0000, loss: 0.8635
2026-09-23 15:15:10,059 - mmdet - INFO - Epoch [1][5550/6976]	lr: 1.000e-03, eta: 10:02:40, time: 0.174, data_time: 0.009, memory: 13424, loss_cls: 0.4599, loss_bbox: 0.3926, loss_kps: 0.0000, loss: 0.8524
2026-09-23 15:15:18,861 - mmdet - INFO - Epoch [1][5600/6976]	lr: 1.000e-03, eta: 10:02:28, time: 0.176, data_time: 0.009, memory: 13424, loss_cls: 0.4850, loss_bbox: 0.4065, loss_kps: 0.0000, loss: 0.8915
2026-09-23 15:15:27,603 - mmdet - INFO - Epoch [1][5650/6976]	lr: 1.000e-03, eta: 10:02:15, time: 0.175, data_time: 0.009, memory: 13424, loss_cls: 0.4758, loss_bbox: 0.3960, loss_kps: 0.0000, loss: 0.8719
2026-09-23 15:15:36,310 - mmdet - INFO - Epoch [1][5700/6976]	lr: 1.000e-03, eta: 10:02:00, time: 0.174, data_time: 0.010, memory: 13424, loss_cls: 0.4923, loss_bbox: 0.4033, loss_kps: 0.0000, loss: 0.8957
2026-09-23 15:15:45,127 - mmdet - INFO - Epoch [1][5750/6976]	lr: 1.000e-03, eta: 10:01:49, time: 0.176, data_time: 0.009, memory: 13424, loss_cls: 0.4718, loss_bbox: 0.4042, loss_kps: 0.0000, loss: 0.8760
2026-09-23 15:15:54,224 - mmdet - INFO - Epoch [1][5800/6976]	lr: 1.000e-03, eta: 10:01:48, time: 0.182, data_time: 0.009, memory: 13424, loss_cls: 0.4765, loss_bbox: 0.4113, loss_kps: 0.0000, loss: 0.8878
2026-09-23 15:16:03,003 - mmdet - INFO - Epoch [1][5850/6976]	lr: 1.000e-03, eta: 10:01:36, time: 0.176, data_time: 0.009, memory: 13424, loss_cls: 0.4765, loss_bbox: 0.3923, loss_kps: 0.0000, loss: 0.8688
2026-09-23 15:16:11,785 - mmdet - INFO - Epoch [1][5900/6976]	lr: 1.000e-03, eta: 10:01:24, time: 0.176, data_time: 0.009, memory: 13424, loss_cls: 0.4831, loss_bbox: 0.4319, loss_kps: 0.0000, loss: 0.9151
2026-09-23 15:16:20,552 - mmdet - INFO - Epoch [1][5950/6976]	lr: 1.000e-03, eta: 10:01:12, time: 0.175, data_time: 0.009, memory: 13424, loss_cls: 0.4606, loss_bbox: 0.4046, loss_kps: 0.0000, loss: 0.8652
2026-09-23 15:16:29,271 - mmdet - INFO - Exp name: scrfd_armAK34.py
2026-09-23 15:16:29,271 - mmdet - INFO - Epoch [1][6000/6976]	lr: 1.000e-03, eta: 10:00:58, time: 0.174, data_time: 0.010, memory: 13424, loss_cls: 0.4612, loss_bbox: 0.4103, loss_kps: 0.0000, loss: 0.8716
2026-09-23 15:16:38,125 - mmdet - INFO - Epoch [1][6050/6976]	lr: 1.000e-03, eta: 10:00:48, time: 0.177, data_time: 0.010, memory: 13424, loss_cls: 0.4865, loss_bbox: 0.4059, loss_kps: 0.0000, loss: 0.8924
2026-09-23 15:16:46,940 - mmdet - INFO - Epoch [1][6100/6976]	lr: 1.000e-03, eta: 10:00:38, time: 0.176, data_time: 0.009, memory: 13424, loss_cls: 0.4438, loss_bbox: 0.3946, loss_kps: 0.0000, loss: 0.8384
2026-09-23 15:16:55,738 - mmdet - INFO - Epoch [1][6150/6976]	lr: 1.000e-03, eta: 10:00:27, time: 0.176, data_time: 0.009, memory: 13424, loss_cls: 0.4627, loss_bbox: 0.4036, loss_kps: 0.0000, loss: 0.8663
2026-09-23 15:17:04,608 - mmdet - INFO - Epoch [1][6200/6976]	lr: 1.000e-03, eta: 10:00:18, time: 0.177, data_time: 0.009, memory: 13424, loss_cls: 0.4648, loss_bbox: 0.3985, loss_kps: 0.0000, loss: 0.8633
2026-09-23 15:17:13,500 - mmdet - INFO - Epoch [1][6250/6976]	lr: 1.000e-03, eta: 10:00:09, time: 0.178, data_time: 0.008, memory: 13424, loss_cls: 0.4800, loss_bbox: 0.4058, loss_kps: 0.0000, loss: 0.8858
2026-09-23 15:17:22,291 - mmdet - INFO - Epoch [1][6300/6976]	lr: 1.000e-03, eta: 9:59:58, time: 0.176, data_time: 0.009, memory: 13424, loss_cls: 0.4454, loss_bbox: 0.3873, loss_kps: 0.0000, loss: 0.8328
2026-09-23 15:17:30,951 - mmdet - INFO - Epoch [1][6350/6976]	lr: 1.000e-03, eta: 9:59:43, time: 0.173, data_time: 0.009, memory: 13424, loss_cls: 0.4592, loss_bbox: 0.3901, loss_kps: 0.0000, loss: 0.8493
2026-09-23 15:17:39,772 - mmdet - INFO - Epoch [1][6400/6976]	lr: 1.000e-03, eta: 9:59:32, time: 0.176, data_time: 0.010, memory: 13424, loss_cls: 0.4839, loss_bbox: 0.3941, loss_kps: 0.0000, loss: 0.8780
2026-09-23 15:17:48,620 - mmdet - INFO - Epoch [1][6450/6976]	lr: 1.000e-03, eta: 9:59:23, time: 0.177, data_time: 0.011, memory: 13424, loss_cls: 0.4572, loss_bbox: 0.4097, loss_kps: 0.0000, loss: 0.8669
2026-09-23 15:17:57,464 - mmdet - INFO - Epoch [1][6500/6976]	lr: 1.000e-03, eta: 9:59:13, time: 0.177, data_time: 0.009, memory: 13424, loss_cls: 0.4503, loss_bbox: 0.3918, loss_kps: 0.0000, loss: 0.8421
2026-09-23 15:18:06,295 - mmdet - INFO - Epoch [1][6550/6976]	lr: 1.000e-03, eta: 9:59:03, time: 0.177, data_time: 0.009, memory: 13424, loss_cls: 0.4633, loss_bbox: 0.4037, loss_kps: 0.0000, loss: 0.8670
2026-09-23 15:18:15,144 - mmdet - INFO - Epoch [1][6600/6976]	lr: 1.000e-03, eta: 9:58:54, time: 0.177, data_time: 0.009, memory: 13424, loss_cls: 0.4751, loss_bbox: 0.4050, loss_kps: 0.0000, loss: 0.8800
2026-09-23 15:18:23,890 - mmdet - INFO - Epoch [1][6650/6976]	lr: 1.000e-03, eta: 9:58:42, time: 0.175, data_time: 0.008, memory: 13424, loss_cls: 0.4647, loss_bbox: 0.3992, loss_kps: 0.0000, loss: 0.8639
2026-09-23 15:18:32,641 - mmdet - INFO - Epoch [1][6700/6976]	lr: 1.000e-03, eta: 9:58:29, time: 0.175, data_time: 0.009, memory: 13424, loss_cls: 0.4598, loss_bbox: 0.3918, loss_kps: 0.0000, loss: 0.8516
2026-09-23 15:18:41,380 - mmdet - INFO - Epoch [1][6750/6976]	lr: 1.000e-03, eta: 9:58:17, time: 0.175, data_time: 0.010, memory: 13424, loss_cls: 0.4560, loss_bbox: 0.3838, loss_kps: 0.0000, loss: 0.8399
2026-09-23 15:18:50,168 - mmdet - INFO - Epoch [1][6800/6976]	lr: 1.000e-03, eta: 9:58:06, time: 0.176, data_time: 0.010, memory: 13424, loss_cls: 0.4497, loss_bbox: 0.3945, loss_kps: 0.0000, loss: 0.8442
2026-09-23 15:18:59,271 - mmdet - INFO - Epoch [1][6850/6976]	lr: 1.000e-03, eta: 9:58:04, time: 0.182, data_time: 0.010, memory: 13424, loss_cls: 0.4617, loss_bbox: 0.3887, loss_kps: 0.0000, loss: 0.8504
2026-09-23 15:19:08,027 - mmdet - INFO - Epoch [1][6900/6976]	lr: 1.000e-03, eta: 9:57:52, time: 0.175, data_time: 0.010, memory: 13424, loss_cls: 0.5039, loss_bbox: 0.3975, loss_kps: 0.0000, loss: 0.9014
2026-09-23 15:19:16,729 - mmdet - INFO - Epoch [1][6950/6976]	lr: 1.000e-03, eta: 9:57:38, time: 0.174, data_time: 0.009, memory: 13424, loss_cls: 0.4894, loss_bbox: 0.4018, loss_kps: 0.0000, loss: 0.8912
2026-09-23 15:19:21,331 - mmdet - INFO - Saving checkpoint at 1 epochs
2026-09-23 15:19:35,281 - mmdet - INFO - Epoch [2][50/6976]	lr: 1.000e-03, eta: 9:57:31, time: 0.274, data_time: 0.099, memory: 13424, loss_cls: 0.4730, loss_bbox: 0.4075, loss_kps: 0.0000, loss: 0.8805
2026-09-23 15:19:44,070 - mmdet - INFO - Epoch [2][100/6976]	lr: 1.000e-03, eta: 9:57:21, time: 0.176, data_time: 0.009, memory: 13424, loss_cls: 0.4629, loss_bbox: 0.3925, loss_kps: 0.0000, loss: 0.8554
2026-09-23 15:19:52,906 - mmdet - INFO - Epoch [2][150/6976]	lr: 1.000e-03, eta: 9:57:11, time: 0.177, data_time: 0.010, memory: 13424, loss_cls: 0.4456, loss_bbox: 0.3873, loss_kps: 0.0000, loss: 0.8329
2026-09-23 15:20:01,776 - mmdet - INFO - Epoch [2][200/6976]	lr: 1.000e-03, eta: 9:57:02, time: 0.177, data_time: 0.009, memory: 13424, loss_cls: 0.4578, loss_bbox: 0.3988, loss_kps: 0.0000, loss: 0.8565
2026-09-23 15:20:10,491 - mmdet - INFO - Epoch [2][250/6976]	lr: 1.000e-03, eta: 9:56:49, time: 0.174, data_time: 0.009, memory: 13424, loss_cls: 0.4382, loss_bbox: 0.3965, loss_kps: 0.0000, loss: 0.8347
2026-09-23 15:20:19,213 - mmdet - INFO - Epoch [2][300/6976]	lr: 1.000e-03, eta: 9:56:36, time: 0.174, data_time: 0.009, memory: 13424, loss_cls: 0.4568, loss_bbox: 0.4000, loss_kps: 0.0000, loss: 0.8568
2026-09-23 15:20:27,944 - mmdet - INFO - Epoch [2][350/6976]	lr: 1.000e-03, eta: 9:56:24, time: 0.175, data_time: 0.010, memory: 13424, loss_cls: 0.4945, loss_bbox: 0.4158, loss_kps: 0.0000, loss: 0.9103
2026-09-23 15:20:36,784 - mmdet - INFO - Epoch [2][400/6976]	lr: 1.000e-03, eta: 9:56:14, time: 0.177, data_time: 0.009, memory: 13424, loss_cls: 0.4680, loss_bbox: 0.4093, loss_kps: 0.0000, loss: 0.8773
2026-09-23 15:20:45,676 - mmdet - INFO - Epoch [2][450/6976]	lr: 1.000e-03, eta: 9:56:07, time: 0.178, data_time: 0.010, memory: 13424, loss_cls: 0.4564, loss_bbox: 0.4049, loss_kps: 0.0000, loss: 0.8613
2026-09-23 15:20:54,516 - mmdet - INFO - Epoch [2][500/6976]	lr: 1.000e-03, eta: 9:55:57, time: 0.177, data_time: 0.009, memory: 13424, loss_cls: 0.4334, loss_bbox: 0.4006, loss_kps: 0.0000, loss: 0.8340
2026-09-23 15:21:03,777 - mmdet - INFO - Epoch [2][550/6976]	lr: 1.000e-03, eta: 9:55:59, time: 0.185, data_time: 0.009, memory: 13424, loss_cls: 0.4613, loss_bbox: 0.3941, loss_kps: 0.0000, loss: 0.8554
2026-09-23 15:21:12,620 - mmdet - INFO - Epoch [2][600/6976]	lr: 1.000e-03, eta: 9:55:49, time: 0.177, data_time: 0.009, memory: 13424, loss_cls: 0.4622, loss_bbox: 0.3961, loss_kps: 0.0000, loss: 0.8583
2026-09-23 15:21:21,520 - mmdet - INFO - Epoch [2][650/6976]	lr: 1.000e-03, eta: 9:55:42, time: 0.178, data_time: 0.008, memory: 13424, loss_cls: 0.4569, loss_bbox: 0.3814, loss_kps: 0.0000, loss: 0.8383
2026-09-23 15:21:30,324 - mmdet - INFO - Epoch [2][700/6976]	lr: 1.000e-03, eta: 9:55:31, time: 0.176, data_time: 0.008, memory: 13424, loss_cls: 0.4685, loss_bbox: 0.3959, loss_kps: 0.0000, loss: 0.8644
2026-09-23 15:21:39,282 - mmdet - INFO - Epoch [2][750/6976]	lr: 1.000e-03, eta: 9:55:25, time: 0.179, data_time: 0.009, memory: 13424, loss_cls: 0.4824, loss_bbox: 0.3918, loss_kps: 0.0000, loss: 0.8741
2026-09-23 15:21:48,136 - mmdet - INFO - Epoch [2][800/6976]	lr: 1.000e-03, eta: 9:55:16, time: 0.177, data_time: 0.009, memory: 13424, loss_cls: 0.4754, loss_bbox: 0.3927, loss_kps: 0.0000, loss: 0.8681
2026-09-23 15:21:57,129 - mmdet - INFO - Epoch [2][850/6976]	lr: 1.000e-03, eta: 9:55:11, time: 0.180, data_time: 0.009, memory: 13424, loss_cls: 0.4223, loss_bbox: 0.3949, loss_kps: 0.0000, loss: 0.8173
2026-09-23 15:22:06,051 - mmdet - INFO - Epoch [2][900/6976]	lr: 1.000e-03, eta: 9:55:03, time: 0.178, data_time: 0.008, memory: 13424, loss_cls: 0.4496, loss_bbox: 0.3949, loss_kps: 0.0000, loss: 0.8445
2026-09-23 15:22:14,908 - mmdet - INFO - Epoch [2][950/6976]	lr: 1.000e-03, eta: 9:54:54, time: 0.177, data_time: 0.009, memory: 13424, loss_cls: 0.4781, loss_bbox: 0.3877, loss_kps: 0.0000, loss: 0.8659
2026-09-23 15:22:24,032 - mmdet - INFO - Epoch [2][1000/6976]	lr: 1.000e-03, eta: 9:54:52, time: 0.182, data_time: 0.010, memory: 13424, loss_cls: 0.4548, loss_bbox: 0.4115, loss_kps: 0.0000, loss: 0.8663
2026-09-23 15:22:33,206 - mmdet - INFO - Epoch [2][1050/6976]	lr: 1.000e-03, eta: 9:54:51, time: 0.183, data_time: 0.009, memory: 13424, loss_cls: 0.4502, loss_bbox: 0.4010, loss_kps: 0.0000, loss: 0.8512
2026-09-23 15:22:41,956 - mmdet - INFO - Epoch [2][1100/6976]	lr: 1.000e-03, eta: 9:54:39, time: 0.175, data_time: 0.009, memory: 13424, loss_cls: 0.4388, loss_bbox: 0.3884, loss_kps: 0.0000, loss: 0.8272
2026-09-23 15:22:50,775 - mmdet - INFO - Epoch [2][1150/6976]	lr: 1.000e-03, eta: 9:54:29, time: 0.176, data_time: 0.008, memory: 13424, loss_cls: 0.4570, loss_bbox: 0.3874, loss_kps: 0.0000, loss: 0.8444
2026-09-23 15:22:59,596 - mmdet - INFO - Epoch [2][1200/6976]	lr: 1.000e-03, eta: 9:54:19, time: 0.176, data_time: 0.009, memory: 13424, loss_cls: 0.4737, loss_bbox: 0.3915, loss_kps: 0.0000, loss: 0.8652
2026-09-23 15:23:08,338 - mmdet - INFO - Epoch [2][1250/6976]	lr: 1.000e-03, eta: 9:54:07, time: 0.175, data_time: 0.008, memory: 13424, loss_cls: 0.4623, loss_bbox: 0.3817, loss_kps: 0.0000, loss: 0.8440
2026-09-23 15:23:17,142 - mmdet - INFO - Epoch [2][1300/6976]	lr: 1.000e-03, eta: 9:53:56, time: 0.176, data_time: 0.009, memory: 13424, loss_cls: 0.4818, loss_bbox: 0.4121, loss_kps: 0.0000, loss: 0.8939
2026-09-23 15:23:26,019 - mmdet - INFO - Epoch [2][1350/6976]	lr: 1.000e-03, eta: 9:53:48, time: 0.178, data_time: 0.009, memory: 13424, loss_cls: 0.4430, loss_bbox: 0.3751, loss_kps: 0.0000, loss: 0.8181
2026-09-23 15:23:34,794 - mmdet - INFO - Epoch [2][1400/6976]	lr: 1.000e-03, eta: 9:53:37, time: 0.175, data_time: 0.009, memory: 13424, loss_cls: 0.4391, loss_bbox: 0.4005, loss_kps: 0.0000, loss: 0.8396
2026-09-23 15:23:43,476 - mmdet - INFO - Epoch [2][1450/6976]	lr: 1.000e-03, eta: 9:53:24, time: 0.174, data_time: 0.009, memory: 13424, loss_cls: 0.4464, loss_bbox: 0.3996, loss_kps: 0.0000, loss: 0.8460
2026-09-23 15:23:52,226 - mmdet - INFO - Epoch [2][1500/6976]	lr: 1.000e-03, eta: 9:53:12, time: 0.175, data_time: 0.008, memory: 13424, loss_cls: 0.4710, loss_bbox: 0.4037, loss_kps: 0.0000, loss: 0.8747
2026-09-23 15:24:00,970 - mmdet - INFO - Epoch [2][1550/6976]	lr: 1.000e-03, eta: 9:53:00, time: 0.175, data_time: 0.009, memory: 13424, loss_cls: 0.4375, loss_bbox: 0.4034, loss_kps: 0.0000, loss: 0.8409
2026-09-23 15:24:09,704 - mmdet - INFO - Epoch [2][1600/6976]	lr: 1.000e-03, eta: 9:52:48, time: 0.174, data_time: 0.008, memory: 13424, loss_cls: 0.4432, loss_bbox: 0.3903, loss_kps: 0.0000, loss: 0.8335
2026-09-23 15:24:18,376 - mmdet - INFO - Epoch [2][1650/6976]	lr: 1.000e-03, eta: 9:52:35, time: 0.174, data_time: 0.009, memory: 13424, loss_cls: 0.4615, loss_bbox: 0.4123, loss_kps: 0.0000, loss: 0.8738
2026-09-23 15:24:27,115 - mmdet - INFO - Epoch [2][1700/6976]	lr: 1.000e-03, eta: 9:52:24, time: 0.175, data_time: 0.009, memory: 13424, loss_cls: 0.4838, loss_bbox: 0.4012, loss_kps: 0.0000, loss: 0.8850
2026-09-23 15:24:35,862 - mmdet - INFO - Epoch [2][1750/6976]	lr: 1.000e-03, eta: 9:52:12, time: 0.175, data_time: 0.008, memory: 13424, loss_cls: 0.4873, loss_bbox: 0.3903, loss_kps: 0.0000, loss: 0.8776
2026-09-23 15:24:44,683 - mmdet - INFO - Epoch [2][1800/6976]	lr: 1.000e-03, eta: 9:52:03, time: 0.176, data_time: 0.010, memory: 13424, loss_cls: 0.4549, loss_bbox: 0.3959, loss_kps: 0.0000, loss: 0.8508
2026-09-23 15:24:53,477 - mmdet - INFO - Epoch [2][1850/6976]	lr: 1.000e-03, eta: 9:51:52, time: 0.176, data_time: 0.008, memory: 13424, loss_cls: 0.4556, loss_bbox: 0.3969, loss_kps: 0.0000, loss: 0.8525
2026-09-23 15:25:02,269 - mmdet - INFO - Epoch [2][1900/6976]	lr: 1.000e-03, eta: 9:51:42, time: 0.176, data_time: 0.009, memory: 13424, loss_cls: 0.4582, loss_bbox: 0.3909, loss_kps: 0.0000, loss: 0.8491
2026-09-23 15:25:10,957 - mmdet - INFO - Epoch [2][1950/6976]	lr: 1.000e-03, eta: 9:51:29, time: 0.174, data_time: 0.008, memory: 13424, loss_cls: 0.4404, loss_bbox: 0.3829, loss_kps: 0.0000, loss: 0.8233
2026-09-23 15:25:20,005 - mmdet - INFO - Epoch [2][2000/6976]	lr: 1.000e-03, eta: 9:51:25, time: 0.181, data_time: 0.008, memory: 13424, loss_cls: 0.4615, loss_bbox: 0.3827, loss_kps: 0.0000, loss: 0.8442
2026-09-23 15:25:28,748 - mmdet - INFO - Epoch [2][2050/6976]	lr: 1.000e-03, eta: 9:51:13, time: 0.175, data_time: 0.009, memory: 13424, loss_cls: 0.4420, loss_bbox: 0.3875, loss_kps: 0.0000, loss: 0.8295
2026-09-23 15:25:37,607 - mmdet - INFO - Epoch [2][2100/6976]	lr: 1.000e-03, eta: 9:51:04, time: 0.177, data_time: 0.009, memory: 13424, loss_cls: 0.4401, loss_bbox: 0.3927, loss_kps: 0.0000, loss: 0.8328
2026-09-23 15:25:46,339 - mmdet - INFO - Epoch [2][2150/6976]	lr: 1.000e-03, eta: 9:50:53, time: 0.175, data_time: 0.009, memory: 13424, loss_cls: 0.4358, loss_bbox: 0.3985, loss_kps: 0.0000, loss: 0.8343
2026-09-23 15:25:55,154 - mmdet - INFO - Epoch [2][2200/6976]	lr: 1.000e-03, eta: 9:50:43, time: 0.176, data_time: 0.009, memory: 13424, loss_cls: 0.4522, loss_bbox: 0.4027, loss_kps: 0.0000, loss: 0.8549
2026-09-23 15:26:03,988 - mmdet - INFO - Epoch [2][2250/6976]	lr: 1.000e-03, eta: 9:50:34, time: 0.177, data_time: 0.009, memory: 13424, loss_cls: 0.4682, loss_bbox: 0.3980, loss_kps: 0.0000, loss: 0.8662
2026-09-23 15:26:12,766 - mmdet - INFO - Epoch [2][2300/6976]	lr: 1.000e-03, eta: 9:50:23, time: 0.175, data_time: 0.009, memory: 13424, loss_cls: 0.4554, loss_bbox: 0.3858, loss_kps: 0.0000, loss: 0.8412
2026-09-23 15:26:21,502 - mmdet - INFO - Epoch [2][2350/6976]	lr: 1.000e-03, eta: 9:50:12, time: 0.175, data_time: 0.009, memory: 13424, loss_cls: 0.4639, loss_bbox: 0.3966, loss_kps: 0.0000, loss: 0.8605
2026-09-23 15:26:30,248 - mmdet - INFO - Epoch [2][2400/6976]	lr: 1.000e-03, eta: 9:50:00, time: 0.175, data_time: 0.009, memory: 13424, loss_cls: 0.4609, loss_bbox: 0.3981, loss_kps: 0.0000, loss: 0.8591
2026-09-23 15:26:39,043 - mmdet - INFO - Epoch [2][2450/6976]	lr: 1.000e-03, eta: 9:49:50, time: 0.176, data_time: 0.009, memory: 13424, loss_cls: 0.4472, loss_bbox: 0.3921, loss_kps: 0.0000, loss: 0.8393
2026-09-23 15:26:47,931 - mmdet - INFO - Epoch [2][2500/6976]	lr: 1.000e-03, eta: 9:49:42, time: 0.178, data_time: 0.009, memory: 13424, loss_cls: 0.4559, loss_bbox: 0.4118, loss_kps: 0.0000, loss: 0.8677
2026-09-23 15:26:56,735 - mmdet - INFO - Epoch [2][2550/6976]	lr: 1.000e-03, eta: 9:49:32, time: 0.176, data_time: 0.009, memory: 13424, loss_cls: 0.4845, loss_bbox: 0.4045, loss_kps: 0.0000, loss: 0.8889
2026-09-23 15:27:05,801 - mmdet - INFO - Epoch [2][2600/6976]	lr: 1.000e-03, eta: 9:49:28, time: 0.181, data_time: 0.009, memory: 13424, loss_cls: 0.4456, loss_bbox: 0.3938, loss_kps: 0.0000, loss: 0.8395
2026-09-23 15:27:14,573 - mmdet - INFO - Epoch [2][2650/6976]	lr: 1.000e-03, eta: 9:49:17, time: 0.175, data_time: 0.009, memory: 13424, loss_cls: 0.4559, loss_bbox: 0.4105, loss_kps: 0.0000, loss: 0.8664
2026-09-23 15:27:23,364 - mmdet - INFO - Epoch [2][2700/6976]	lr: 1.000e-03, eta: 9:49:07, time: 0.176, data_time: 0.009, memory: 13424, loss_cls: 0.4615, loss_bbox: 0.3944, loss_kps: 0.0000, loss: 0.8559
2026-09-23 15:27:32,471 - mmdet - INFO - Epoch [2][2750/6976]	lr: 1.000e-03, eta: 9:49:03, time: 0.182, data_time: 0.009, memory: 13424, loss_cls: 0.4767, loss_bbox: 0.3854, loss_kps: 0.0000, loss: 0.8621
2026-09-23 15:27:41,248 - mmdet - INFO - Epoch [2][2800/6976]	lr: 1.000e-03, eta: 9:48:53, time: 0.176, data_time: 0.009, memory: 13424, loss_cls: 0.4877, loss_bbox: 0.4075, loss_kps: 0.0000, loss: 0.8952
2026-09-23 15:27:49,903 - mmdet - INFO - Epoch [2][2850/6976]	lr: 1.000e-03, eta: 9:48:40, time: 0.173, data_time: 0.009, memory: 13424, loss_cls: 0.4694, loss_bbox: 0.4006, loss_kps: 0.0000, loss: 0.8700
2026-09-23 15:27:58,693 - mmdet - INFO - Epoch [2][2900/6976]	lr: 1.000e-03, eta: 9:48:30, time: 0.176, data_time: 0.009, memory: 13424, loss_cls: 0.4655, loss_bbox: 0.3940, loss_kps: 0.0000, loss: 0.8595
2026-09-23 15:28:07,485 - mmdet - INFO - Epoch [2][2950/6976]	lr: 1.000e-03, eta: 9:48:20, time: 0.176, data_time: 0.010, memory: 13424, loss_cls: 0.4834, loss_bbox: 0.3978, loss_kps: 0.0000, loss: 0.8812
2026-09-23 15:28:16,351 - mmdet - INFO - Epoch [2][3000/6976]	lr: 1.000e-03, eta: 9:48:11, time: 0.177, data_time: 0.009, memory: 13424, loss_cls: 0.4697, loss_bbox: 0.3890, loss_kps: 0.0000, loss: 0.8586
2026-09-23 15:28:25,146 - mmdet - INFO - Epoch [2][3050/6976]	lr: 1.000e-03, eta: 9:48:01, time: 0.176, data_time: 0.009, memory: 13424, loss_cls: 0.4572, loss_bbox: 0.3950, loss_kps: 0.0000, loss: 0.8523
2026-09-23 15:28:34,200 - mmdet - INFO - Epoch [2][3100/6976]	lr: 1.000e-03, eta: 9:47:56, time: 0.181, data_time: 0.009, memory: 13424, loss_cls: 0.4411, loss_bbox: 0.3895, loss_kps: 0.0000, loss: 0.8306
2026-09-23 15:28:42,997 - mmdet - INFO - Epoch [2][3150/6976]	lr: 1.000e-03, eta: 9:47:46, time: 0.176, data_time: 0.009, memory: 13424, loss_cls: 0.4180, loss_bbox: 0.3762, loss_kps: 0.0000, loss: 0.7942
2026-09-23 15:28:51,724 - mmdet - INFO - Epoch [2][3200/6976]	lr: 1.000e-03, eta: 9:47:35, time: 0.174, data_time: 0.009, memory: 13424, loss_cls: 0.4597, loss_bbox: 0.3935, loss_kps: 0.0000, loss: 0.8532
2026-09-23 15:29:00,487 - mmdet - INFO - Epoch [2][3250/6976]	lr: 1.000e-03, eta: 9:47:24, time: 0.175, data_time: 0.009, memory: 13424, loss_cls: 0.4724, loss_bbox: 0.3908, loss_kps: 0.0000, loss: 0.8632
2026-09-23 15:29:09,249 - mmdet - INFO - Epoch [2][3300/6976]	lr: 1.000e-03, eta: 9:47:14, time: 0.175, data_time: 0.010, memory: 13424, loss_cls: 0.4386, loss_bbox: 0.3916, loss_kps: 0.0000, loss: 0.8303
2026-09-23 15:29:18,025 - mmdet - INFO - Epoch [2][3350/6976]	lr: 1.000e-03, eta: 9:47:03, time: 0.175, data_time: 0.009, memory: 13424, loss_cls: 0.4532, loss_bbox: 0.3995, loss_kps: 0.0000, loss: 0.8526
2026-09-23 15:29:26,798 - mmdet - INFO - Epoch [2][3400/6976]	lr: 1.000e-03, eta: 9:46:53, time: 0.176, data_time: 0.009, memory: 13424, loss_cls: 0.4371, loss_bbox: 0.3745, loss_kps: 0.0000, loss: 0.8116
2026-09-23 15:29:35,566 - mmdet - INFO - Epoch [2][3450/6976]	lr: 1.000e-03, eta: 9:46:42, time: 0.175, data_time: 0.009, memory: 13424, loss_cls: 0.4847, loss_bbox: 0.4075, loss_kps: 0.0000, loss: 0.8922
2026-09-23 15:29:44,410 - mmdet - INFO - Epoch [2][3500/6976]	lr: 1.000e-03, eta: 9:46:33, time: 0.177, data_time: 0.009, memory: 13424, loss_cls: 0.4680, loss_bbox: 0.4053, loss_kps: 0.0000, loss: 0.8733
2026-09-23 15:29:53,207 - mmdet - INFO - Epoch [2][3550/6976]	lr: 1.000e-03, eta: 9:46:24, time: 0.176, data_time: 0.009, memory: 13424, loss_cls: 0.4502, loss_bbox: 0.4072, loss_kps: 0.0000, loss: 0.8574
2026-09-23 15:30:01,953 - mmdet - INFO - Epoch [2][3600/6976]	lr: 1.000e-03, eta: 9:46:13, time: 0.175, data_time: 0.008, memory: 13424, loss_cls: 0.4357, loss_bbox: 0.3926, loss_kps: 0.0000, loss: 0.8283
2026-09-23 15:30:10,669 - mmdet - INFO - Epoch [2][3650/6976]	lr: 1.000e-03, eta: 9:46:01, time: 0.174, data_time: 0.008, memory: 13424, loss_cls: 0.4390, loss_bbox: 0.3928, loss_kps: 0.0000, loss: 0.8318
2026-09-23 15:30:19,435 - mmdet - INFO - Epoch [2][3700/6976]	lr: 1.000e-03, eta: 9:45:51, time: 0.175, data_time: 0.008, memory: 13424, loss_cls: 0.4644, loss_bbox: 0.4054, loss_kps: 0.0000, loss: 0.8698
2026-09-23 15:30:28,159 - mmdet - INFO - Epoch [2][3750/6976]	lr: 1.000e-03, eta: 9:45:40, time: 0.174, data_time: 0.008, memory: 13424, loss_cls: 0.4775, loss_bbox: 0.3905, loss_kps: 0.0000, loss: 0.8680
2026-09-23 15:30:36,893 - mmdet - INFO - Epoch [2][3800/6976]	lr: 1.000e-03, eta: 9:45:29, time: 0.175, data_time: 0.008, memory: 13424, loss_cls: 0.4522, loss_bbox: 0.3885, loss_kps: 0.0000, loss: 0.8407
2026-09-23 15:30:45,767 - mmdet - INFO - Epoch [2][3850/6976]	lr: 1.000e-03, eta: 9:45:20, time: 0.177, data_time: 0.009, memory: 13424, loss_cls: 0.4679, loss_bbox: 0.3950, loss_kps: 0.0000, loss: 0.8629
2026-09-23 15:30:54,507 - mmdet - INFO - Epoch [2][3900/6976]	lr: 1.000e-03, eta: 9:45:09, time: 0.175, data_time: 0.009, memory: 13424, loss_cls: 0.4549, loss_bbox: 0.4016, loss_kps: 0.0000, loss: 0.8564
2026-09-23 15:31:03,279 - mmdet - INFO - Epoch [2][3950/6976]	lr: 1.000e-03, eta: 9:44:59, time: 0.176, data_time: 0.009, memory: 13424, loss_cls: 0.4380, loss_bbox: 0.4114, loss_kps: 0.0000, loss: 0.8494
2026-09-23 15:31:12,092 - mmdet - INFO - Epoch [2][4000/6976]	lr: 1.000e-03, eta: 9:44:50, time: 0.176, data_time: 0.009, memory: 13424, loss_cls: 0.4464, loss_bbox: 0.3970, loss_kps: 0.0000, loss: 0.8435
2026-09-23 15:31:20,944 - mmdet - INFO - Epoch [2][4050/6976]	lr: 1.000e-03, eta: 9:44:41, time: 0.177, data_time: 0.009, memory: 13424, loss_cls: 0.4544, loss_bbox: 0.3839, loss_kps: 0.0000, loss: 0.8383
2026-09-23 15:31:30,076 - mmdet - INFO - Epoch [2][4100/6976]	lr: 1.000e-03, eta: 9:44:37, time: 0.183, data_time: 0.009, memory: 13424, loss_cls: 0.4338, loss_bbox: 0.3879, loss_kps: 0.0000, loss: 0.8217
2026-09-23 15:31:38,888 - mmdet - INFO - Epoch [2][4150/6976]	lr: 1.000e-03, eta: 9:44:28, time: 0.176, data_time: 0.008, memory: 13424, loss_cls: 0.4748, loss_bbox: 0.4231, loss_kps: 0.0000, loss: 0.8979
2026-09-23 15:31:47,584 - mmdet - INFO - Epoch [2][4200/6976]	lr: 1.000e-03, eta: 9:44:16, time: 0.174, data_time: 0.009, memory: 13424, loss_cls: 0.4419, loss_bbox: 0.3740, loss_kps: 0.0000, loss: 0.8159
2026-09-23 15:31:56,423 - mmdet - INFO - Epoch [2][4250/6976]	lr: 1.000e-03, eta: 9:44:07, time: 0.177, data_time: 0.009, memory: 13424, loss_cls: 0.4879, loss_bbox: 0.4061, loss_kps: 0.0000, loss: 0.8941
2026-09-23 15:32:05,570 - mmdet - INFO - Epoch [2][4300/6976]	lr: 1.000e-03, eta: 9:44:04, time: 0.183, data_time: 0.009, memory: 13424, loss_cls: 0.4507, loss_bbox: 0.3914, loss_kps: 0.0000, loss: 0.8421
2026-09-23 15:32:14,344 - mmdet - INFO - Epoch [2][4350/6976]	lr: 1.000e-03, eta: 9:43:53, time: 0.175, data_time: 0.009, memory: 13424, loss_cls: 0.4472, loss_bbox: 0.3868, loss_kps: 0.0000, loss: 0.8341
2026-09-23 15:32:23,255 - mmdet - INFO - Epoch [2][4400/6976]	lr: 1.000e-03, eta: 9:43:46, time: 0.178, data_time: 0.010, memory: 13424, loss_cls: 0.4547, loss_bbox: 0.3904, loss_kps: 0.0000, loss: 0.8450
2026-09-23 15:32:32,124 - mmdet - INFO - Epoch [2][4450/6976]	lr: 1.000e-03, eta: 9:43:37, time: 0.178, data_time: 0.009, memory: 13424, loss_cls: 0.4538, loss_bbox: 0.3862, loss_kps: 0.0000, loss: 0.8399
2026-09-23 15:32:40,855 - mmdet - INFO - Epoch [2][4500/6976]	lr: 1.000e-03, eta: 9:43:26, time: 0.175, data_time: 0.009, memory: 13424, loss_cls: 0.4642, loss_bbox: 0.3946, loss_kps: 0.0000, loss: 0.8588
2026-09-23 15:32:49,568 - mmdet - INFO - Epoch [2][4550/6976]	lr: 1.000e-03, eta: 9:43:15, time: 0.174, data_time: 0.009, memory: 13424, loss_cls: 0.4605, loss_bbox: 0.3947, loss_kps: 0.0000, loss: 0.8552
2026-09-23 15:32:58,351 - mmdet - INFO - Epoch [2][4600/6976]	lr: 1.000e-03, eta: 9:43:05, time: 0.176, data_time: 0.009, memory: 13424, loss_cls: 0.4294, loss_bbox: 0.3938, loss_kps: 0.0000, loss: 0.8232
2026-09-23 15:33:07,053 - mmdet - INFO - Epoch [2][4650/6976]	lr: 1.000e-03, eta: 9:42:54, time: 0.174, data_time: 0.009, memory: 13424, loss_cls: 0.4437, loss_bbox: 0.3981, loss_kps: 0.0000, loss: 0.8418
2026-09-23 15:33:15,901 - mmdet - INFO - Epoch [2][4700/6976]	lr: 1.000e-03, eta: 9:42:45, time: 0.177, data_time: 0.009, memory: 13424, loss_cls: 0.4622, loss_bbox: 0.4058, loss_kps: 0.0000, loss: 0.8680
2026-09-23 15:33:24,723 - mmdet - INFO - Epoch [2][4750/6976]	lr: 1.000e-03, eta: 9:42:36, time: 0.176, data_time: 0.009, memory: 13424, loss_cls: 0.4648, loss_bbox: 0.3895, loss_kps: 0.0000, loss: 0.8543
2026-09-23 15:33:33,513 - mmdet - INFO - Epoch [2][4800/6976]	lr: 1.000e-03, eta: 9:42:26, time: 0.176, data_time: 0.009, memory: 13424, loss_cls: 0.4737, loss_bbox: 0.3938, loss_kps: 0.0000, loss: 0.8675
2026-09-23 15:33:42,563 - mmdet - INFO - Epoch [2][4850/6976]	lr: 1.000e-03, eta: 9:42:20, time: 0.181, data_time: 0.009, memory: 13424, loss_cls: 0.4305, loss_bbox: 0.3892, loss_kps: 0.0000, loss: 0.8198
2026-09-23 15:33:51,327 - mmdet - INFO - Epoch [2][4900/6976]	lr: 1.000e-03, eta: 9:42:10, time: 0.175, data_time: 0.009, memory: 13424, loss_cls: 0.4555, loss_bbox: 0.3893, loss_kps: 0.0000, loss: 0.8448
2026-09-23 15:34:00,005 - mmdet - INFO - Epoch [2][4950/6976]	lr: 1.000e-03, eta: 9:41:58, time: 0.173, data_time: 0.009, memory: 13424, loss_cls: 0.4929, loss_bbox: 0.4017, loss_kps: 0.0000, loss: 0.8946
2026-09-23 15:34:08,733 - mmdet - INFO - Epoch [2][5000/6976]	lr: 1.000e-03, eta: 9:41:48, time: 0.175, data_time: 0.009, memory: 13424, loss_cls: 0.4494, loss_bbox: 0.4042, loss_kps: 0.0000, loss: 0.8536
2026-09-23 15:34:17,602 - mmdet - INFO - Epoch [2][5050/6976]	lr: 1.000e-03, eta: 9:41:39, time: 0.177, data_time: 0.010, memory: 13424, loss_cls: 0.4512, loss_bbox: 0.4019, loss_kps: 0.0000, loss: 0.8531
2026-09-23 15:34:26,477 - mmdet - INFO - Epoch [2][5100/6976]	lr: 1.000e-03, eta: 9:41:31, time: 0.177, data_time: 0.010, memory: 13424, loss_cls: 0.4701, loss_bbox: 0.3993, loss_kps: 0.0000, loss: 0.8694
2026-09-23 15:34:35,232 - mmdet - INFO - Epoch [2][5150/6976]	lr: 1.000e-03, eta: 9:41:20, time: 0.175, data_time: 0.009, memory: 13424, loss_cls: 0.4380, loss_bbox: 0.3926, loss_kps: 0.0000, loss: 0.8306
2026-09-23 15:34:43,929 - mmdet - INFO - Epoch [2][5200/6976]	lr: 1.000e-03, eta: 9:41:09, time: 0.174, data_time: 0.009, memory: 13424, loss_cls: 0.4451, loss_bbox: 0.3835, loss_kps: 0.0000, loss: 0.8285
2026-09-23 15:34:52,944 - mmdet - INFO - Epoch [2][5250/6976]	lr: 1.000e-03, eta: 9:41:03, time: 0.180, data_time: 0.010, memory: 13424, loss_cls: 0.4706, loss_bbox: 0.3911, loss_kps: 0.0000, loss: 0.8616
2026-09-23 15:35:01,695 - mmdet - INFO - Epoch [2][5300/6976]	lr: 1.000e-03, eta: 9:40:53, time: 0.175, data_time: 0.008, memory: 13424, loss_cls: 0.4606, loss_bbox: 0.4048, loss_kps: 0.0000, loss: 0.8654
2026-09-23 15:35:10,440 - mmdet - INFO - Epoch [2][5350/6976]	lr: 1.000e-03, eta: 9:40:42, time: 0.175, data_time: 0.010, memory: 13424, loss_cls: 0.4538, loss_bbox: 0.3950, loss_kps: 0.0000, loss: 0.8488
2026-09-23 15:35:19,124 - mmdet - INFO - Epoch [2][5400/6976]	lr: 1.000e-03, eta: 9:40:31, time: 0.174, data_time: 0.009, memory: 13424, loss_cls: 0.4300, loss_bbox: 0.3875, loss_kps: 0.0000, loss: 0.8175
2026-09-23 15:35:27,918 - mmdet - INFO - Epoch [2][5450/6976]	lr: 1.000e-03, eta: 9:40:21, time: 0.176, data_time: 0.010, memory: 13424, loss_cls: 0.4541, loss_bbox: 0.3999, loss_kps: 0.0000, loss: 0.8540
2026-09-23 15:35:36,654 - mmdet - INFO - Epoch [2][5500/6976]	lr: 1.000e-03, eta: 9:40:11, time: 0.175, data_time: 0.009, memory: 13424, loss_cls: 0.4242, loss_bbox: 0.3751, loss_kps: 0.0000, loss: 0.7994
2026-09-23 15:35:45,416 - mmdet - INFO - Epoch [2][5550/6976]	lr: 1.000e-03, eta: 9:40:00, time: 0.175, data_time: 0.010, memory: 13424, loss_cls: 0.4297, loss_bbox: 0.3882, loss_kps: 0.0000, loss: 0.8179
2026-09-23 15:35:54,144 - mmdet - INFO - Epoch [2][5600/6976]	lr: 1.000e-03, eta: 9:39:50, time: 0.175, data_time: 0.010, memory: 13424, loss_cls: 0.4741, loss_bbox: 0.3948, loss_kps: 0.0000, loss: 0.8689
2026-09-23 15:36:02,881 - mmdet - INFO - Epoch [2][5650/6976]	lr: 1.000e-03, eta: 9:39:39, time: 0.175, data_time: 0.009, memory: 13424, loss_cls: 0.4389, loss_bbox: 0.3901, loss_kps: 0.0000, loss: 0.8290
2026-09-23 15:36:11,648 - mmdet - INFO - Epoch [2][5700/6976]	lr: 1.000e-03, eta: 9:39:29, time: 0.175, data_time: 0.010, memory: 13424, loss_cls: 0.4703, loss_bbox: 0.3823, loss_kps: 0.0000, loss: 0.8526
2026-09-23 15:36:20,414 - mmdet - INFO - Epoch [2][5750/6976]	lr: 1.000e-03, eta: 9:39:19, time: 0.175, data_time: 0.010, memory: 13424, loss_cls: 0.4405, loss_bbox: 0.3881, loss_kps: 0.0000, loss: 0.8286
2026-09-23 15:36:29,095 - mmdet - INFO - Epoch [2][5800/6976]	lr: 1.000e-03, eta: 9:39:08, time: 0.174, data_time: 0.010, memory: 13424, loss_cls: 0.4410, loss_bbox: 0.3852, loss_kps: 0.0000, loss: 0.8262
2026-09-23 15:36:37,865 - mmdet - INFO - Epoch [2][5850/6976]	lr: 1.000e-03, eta: 9:38:58, time: 0.175, data_time: 0.010, memory: 13424, loss_cls: 0.4297, loss_bbox: 0.3805, loss_kps: 0.0000, loss: 0.8103
2026-09-23 15:36:46,642 - mmdet - INFO - Epoch [2][5900/6976]	lr: 1.000e-03, eta: 9:38:48, time: 0.176, data_time: 0.010, memory: 13424, loss_cls: 0.4426, loss_bbox: 0.3944, loss_kps: 0.0000, loss: 0.8370
2026-09-23 15:36:55,417 - mmdet - INFO - Epoch [2][5950/6976]	lr: 1.000e-03, eta: 9:38:38, time: 0.176, data_time: 0.010, memory: 13424, loss_cls: 0.4636, loss_bbox: 0.3950, loss_kps: 0.0000, loss: 0.8587
2026-09-23 15:37:04,256 - mmdet - INFO - Epoch [2][6000/6976]	lr: 1.000e-03, eta: 9:38:29, time: 0.177, data_time: 0.010, memory: 13424, loss_cls: 0.4412, loss_bbox: 0.3941, loss_kps: 0.0000, loss: 0.8353
2026-09-23 15:37:12,984 - mmdet - INFO - Epoch [2][6050/6976]	lr: 1.000e-03, eta: 9:38:19, time: 0.175, data_time: 0.009, memory: 13424, loss_cls: 0.4507, loss_bbox: 0.3934, loss_kps: 0.0000, loss: 0.8441
2026-09-23 15:37:21,693 - mmdet - INFO - Epoch [2][6100/6976]	lr: 1.000e-03, eta: 9:38:08, time: 0.174, data_time: 0.010, memory: 13424, loss_cls: 0.4284, loss_bbox: 0.3823, loss_kps: 0.0000, loss: 0.8107
2026-09-23 15:37:30,410 - mmdet - INFO - Epoch [2][6150/6976]	lr: 1.000e-03, eta: 9:37:57, time: 0.175, data_time: 0.010, memory: 13424, loss_cls: 0.4624, loss_bbox: 0.4078, loss_kps: 0.0000, loss: 0.8702
2026-09-23 15:37:39,193 - mmdet - INFO - Epoch [2][6200/6976]	lr: 1.000e-03, eta: 9:37:48, time: 0.176, data_time: 0.010, memory: 13424, loss_cls: 0.4418, loss_bbox: 0.3926, loss_kps: 0.0000, loss: 0.8344
2026-09-23 15:37:47,908 - mmdet - INFO - Epoch [2][6250/6976]	lr: 1.000e-03, eta: 9:37:37, time: 0.174, data_time: 0.010, memory: 13424, loss_cls: 0.4379, loss_bbox: 0.3990, loss_kps: 0.0000, loss: 0.8368
2026-09-23 15:37:56,741 - mmdet - INFO - Epoch [2][6300/6976]	lr: 1.000e-03, eta: 9:37:28, time: 0.177, data_time: 0.010, memory: 13424, loss_cls: 0.4421, loss_bbox: 0.3794, loss_kps: 0.0000, loss: 0.8215
2026-09-23 15:38:05,468 - mmdet - INFO - Epoch [2][6350/6976]	lr: 1.000e-03, eta: 9:37:17, time: 0.174, data_time: 0.010, memory: 13424, loss_cls: 0.4478, loss_bbox: 0.3823, loss_kps: 0.0000, loss: 0.8301
2026-09-23 15:38:14,167 - mmdet - INFO - Epoch [2][6400/6976]	lr: 1.000e-03, eta: 9:37:07, time: 0.174, data_time: 0.010, memory: 13424, loss_cls: 0.4372, loss_bbox: 0.3758, loss_kps: 0.0000, loss: 0.8131
2026-09-23 15:38:22,877 - mmdet - INFO - Epoch [2][6450/6976]	lr: 1.000e-03, eta: 9:36:56, time: 0.174, data_time: 0.010, memory: 13424, loss_cls: 0.4495, loss_bbox: 0.4074, loss_kps: 0.0000, loss: 0.8569
2026-09-23 15:38:31,624 - mmdet - INFO - Epoch [2][6500/6976]	lr: 1.000e-03, eta: 9:36:46, time: 0.175, data_time: 0.010, memory: 13424, loss_cls: 0.4727, loss_bbox: 0.4062, loss_kps: 0.0000, loss: 0.8789
2026-09-23 15:38:40,410 - mmdet - INFO - Epoch [2][6550/6976]	lr: 1.000e-03, eta: 9:36:36, time: 0.176, data_time: 0.010, memory: 13424, loss_cls: 0.4347, loss_bbox: 0.3851, loss_kps: 0.0000, loss: 0.8198
2026-09-23 15:38:49,192 - mmdet - INFO - Epoch [2][6600/6976]	lr: 1.000e-03, eta: 9:36:27, time: 0.176, data_time: 0.009, memory: 13424, loss_cls: 0.4734, loss_bbox: 0.4106, loss_kps: 0.0000, loss: 0.8840
2026-09-23 15:38:58,003 - mmdet - INFO - Epoch [2][6650/6976]	lr: 1.000e-03, eta: 9:36:17, time: 0.176, data_time: 0.010, memory: 13424, loss_cls: 0.4246, loss_bbox: 0.3757, loss_kps: 0.0000, loss: 0.8003
2026-09-23 15:39:06,685 - mmdet - INFO - Epoch [2][6700/6976]	lr: 1.000e-03, eta: 9:36:06, time: 0.174, data_time: 0.009, memory: 13424, loss_cls: 0.4381, loss_bbox: 0.3948, loss_kps: 0.0000, loss: 0.8329
2026-09-23 15:39:15,484 - mmdet - INFO - Epoch [2][6750/6976]	lr: 1.000e-03, eta: 9:35:57, time: 0.176, data_time: 0.010, memory: 13424, loss_cls: 0.4446, loss_bbox: 0.3948, loss_kps: 0.0000, loss: 0.8395
2026-09-23 15:39:24,258 - mmdet - INFO - Epoch [2][6800/6976]	lr: 1.000e-03, eta: 9:35:47, time: 0.175, data_time: 0.010, memory: 13424, loss_cls: 0.4334, loss_bbox: 0.3873, loss_kps: 0.0000, loss: 0.8207
2026-09-23 15:39:33,023 - mmdet - INFO - Epoch [2][6850/6976]	lr: 1.000e-03, eta: 9:35:37, time: 0.175, data_time: 0.010, memory: 13424, loss_cls: 0.4462, loss_bbox: 0.3875, loss_kps: 0.0000, loss: 0.8338
2026-09-23 15:39:41,678 - mmdet - INFO - Epoch [2][6900/6976]	lr: 1.000e-03, eta: 9:35:26, time: 0.173, data_time: 0.010, memory: 13424, loss_cls: 0.4372, loss_bbox: 0.3926, loss_kps: 0.0000, loss: 0.8298
2026-09-23 15:39:50,421 - mmdet - INFO - Epoch [2][6950/6976]	lr: 1.000e-03, eta: 9:35:16, time: 0.175, data_time: 0.010, memory: 13424, loss_cls: 0.4731, loss_bbox: 0.3911, loss_kps: 0.0000, loss: 0.8642
2026-09-23 15:39:55,089 - mmdet - INFO - Saving checkpoint at 2 epochs
2026-09-23 15:40:09,273 - mmdet - INFO - Epoch [3][50/6976]	lr: 1.000e-03, eta: 9:35:09, time: 0.279, data_time: 0.102, memory: 13424, loss_cls: 0.4529, loss_bbox: 0.3974, loss_kps: 0.0000, loss: 0.8504
2026-09-23 15:40:18,460 - mmdet - INFO - Epoch [3][100/6976]	lr: 1.000e-03, eta: 9:35:06, time: 0.184, data_time: 0.009, memory: 13424, loss_cls: 0.4530, loss_bbox: 0.3992, loss_kps: 0.0000, loss: 0.8523
2026-09-23 15:40:27,214 - mmdet - INFO - Epoch [3][150/6976]	lr: 1.000e-03, eta: 9:34:56, time: 0.175, data_time: 0.009, memory: 13424, loss_cls: 0.4543, loss_bbox: 0.3785, loss_kps: 0.0000, loss: 0.8328
2026-09-23 15:40:36,028 - mmdet - INFO - Epoch [3][200/6976]	lr: 1.000e-03, eta: 9:34:46, time: 0.176, data_time: 0.009, memory: 13424, loss_cls: 0.4176, loss_bbox: 0.3796, loss_kps: 0.0000, loss: 0.7971
2026-09-23 15:40:44,824 - mmdet - INFO - Epoch [3][250/6976]	lr: 1.000e-03, eta: 9:34:37, time: 0.176, data_time: 0.009, memory: 13424, loss_cls: 0.4597, loss_bbox: 0.3993, loss_kps: 0.0000, loss: 0.8589
2026-09-23 15:40:53,554 - mmdet - INFO - Epoch [3][300/6976]	lr: 1.000e-03, eta: 9:34:27, time: 0.175, data_time: 0.009, memory: 13424, loss_cls: 0.4259, loss_bbox: 0.3900, loss_kps: 0.0000, loss: 0.8159
2026-09-23 15:41:02,300 - mmdet - INFO - Epoch [3][350/6976]	lr: 1.000e-03, eta: 9:34:17, time: 0.175, data_time: 0.010, memory: 13424, loss_cls: 0.4550, loss_bbox: 0.3865, loss_kps: 0.0000, loss: 0.8415
2026-09-23 15:41:11,353 - mmdet - INFO - Epoch [3][400/6976]	lr: 1.000e-03, eta: 9:34:11, time: 0.181, data_time: 0.009, memory: 13424, loss_cls: 0.4722, loss_bbox: 0.4070, loss_kps: 0.0000, loss: 0.8792
2026-09-23 15:41:20,033 - mmdet - INFO - Epoch [3][450/6976]	lr: 1.000e-03, eta: 9:34:00, time: 0.174, data_time: 0.009, memory: 13424, loss_cls: 0.4503, loss_bbox: 0.4037, loss_kps: 0.0000, loss: 0.8539
2026-09-23 15:41:28,877 - mmdet - INFO - Epoch [3][500/6976]	lr: 1.000e-03, eta: 9:33:51, time: 0.177, data_time: 0.009, memory: 13424, loss_cls: 0.4533, loss_bbox: 0.3975, loss_kps: 0.0000, loss: 0.8507
2026-09-23 15:41:37,596 - mmdet - INFO - Epoch [3][550/6976]	lr: 1.000e-03, eta: 9:33:41, time: 0.174, data_time: 0.009, memory: 13424, loss_cls: 0.4378, loss_bbox: 0.3899, loss_kps: 0.0000, loss: 0.8277
2026-09-23 15:41:46,394 - mmdet - INFO - Epoch [3][600/6976]	lr: 1.000e-03, eta: 9:33:31, time: 0.176, data_time: 0.009, memory: 13424, loss_cls: 0.4240, loss_bbox: 0.3834, loss_kps: 0.0000, loss: 0.8075
2026-09-23 15:41:55,243 - mmdet - INFO - Epoch [3][650/6976]	lr: 1.000e-03, eta: 9:33:23, time: 0.177, data_time: 0.010, memory: 13424, loss_cls: 0.4406, loss_bbox: 0.3932, loss_kps: 0.0000, loss: 0.8338
2026-09-23 15:42:04,082 - mmdet - INFO - Epoch [3][700/6976]	lr: 1.000e-03, eta: 9:33:14, time: 0.177, data_time: 0.009, memory: 13424, loss_cls: 0.4566, loss_bbox: 0.3950, loss_kps: 0.0000, loss: 0.8517
2026-09-23 15:42:13,223 - mmdet - INFO - Epoch [3][750/6976]	lr: 1.000e-03, eta: 9:33:09, time: 0.183, data_time: 0.009, memory: 13424, loss_cls: 0.4194, loss_bbox: 0.3771, loss_kps: 0.0000, loss: 0.7965
2026-09-23 15:42:21,934 - mmdet - INFO - Epoch [3][800/6976]	lr: 1.000e-03, eta: 9:32:59, time: 0.174, data_time: 0.009, memory: 13424, loss_cls: 0.4488, loss_bbox: 0.3913, loss_kps: 0.0000, loss: 0.8401
2026-09-23 15:42:30,690 - mmdet - INFO - Epoch [3][850/6976]	lr: 1.000e-03, eta: 9:32:49, time: 0.175, data_time: 0.009, memory: 13424, loss_cls: 0.4747, loss_bbox: 0.3991, loss_kps: 0.0000, loss: 0.8738
2026-09-23 15:42:39,475 - mmdet - INFO - Epoch [3][900/6976]	lr: 1.000e-03, eta: 9:32:39, time: 0.176, data_time: 0.009, memory: 13424, loss_cls: 0.4394, loss_bbox: 0.3837, loss_kps: 0.0000, loss: 0.8231
2026-09-23 15:42:48,157 - mmdet - INFO - Epoch [3][950/6976]	lr: 1.000e-03, eta: 9:32:28, time: 0.174, data_time: 0.010, memory: 13424, loss_cls: 0.4648, loss_bbox: 0.3750, loss_kps: 0.0000, loss: 0.8399
2026-09-23 15:42:56,963 - mmdet - INFO - Epoch [3][1000/6976]	lr: 1.000e-03, eta: 9:32:19, time: 0.176, data_time: 0.009, memory: 13424, loss_cls: 0.4284, loss_bbox: 0.3922, loss_kps: 0.0000, loss: 0.8206
2026-09-23 15:43:05,631 - mmdet - INFO - Epoch [3][1050/6976]	lr: 1.000e-03, eta: 9:32:08, time: 0.173, data_time: 0.009, memory: 13424, loss_cls: 0.4277, loss_bbox: 0.3909, loss_kps: 0.0000, loss: 0.8186
2026-09-23 15:43:14,411 - mmdet - INFO - Epoch [3][1100/6976]	lr: 1.000e-03, eta: 9:31:58, time: 0.176, data_time: 0.009, memory: 13424, loss_cls: 0.4643, loss_bbox: 0.3980, loss_kps: 0.0000, loss: 0.8623
2026-09-23 15:43:23,121 - mmdet - INFO - Epoch [3][1150/6976]	lr: 1.000e-03, eta: 9:31:48, time: 0.174, data_time: 0.010, memory: 13424, loss_cls: 0.4517, loss_bbox: 0.3963, loss_kps: 0.0000, loss: 0.8479
2026-09-23 15:43:31,918 - mmdet - INFO - Epoch [3][1200/6976]	lr: 1.000e-03, eta: 9:31:39, time: 0.175, data_time: 0.009, memory: 13424, loss_cls: 0.4368, loss_bbox: 0.3857, loss_kps: 0.0000, loss: 0.8225
2026-09-23 15:43:40,677 - mmdet - INFO - Epoch [3][1250/6976]	lr: 1.000e-03, eta: 9:31:29, time: 0.176, data_time: 0.010, memory: 13424, loss_cls: 0.4369, loss_bbox: 0.3827, loss_kps: 0.0000, loss: 0.8196
2026-09-23 15:43:49,475 - mmdet - INFO - Epoch [3][1300/6976]	lr: 1.000e-03, eta: 9:31:20, time: 0.176, data_time: 0.010, memory: 13424, loss_cls: 0.4387, loss_bbox: 0.3837, loss_kps: 0.0000, loss: 0.8223
2026-09-23 15:43:58,637 - mmdet - INFO - Epoch [3][1350/6976]	lr: 1.000e-03, eta: 9:31:15, time: 0.183, data_time: 0.009, memory: 13424, loss_cls: 0.4364, loss_bbox: 0.3743, loss_kps: 0.0000, loss: 0.8106
2026-09-23 15:44:07,414 - mmdet - INFO - Epoch [3][1400/6976]	lr: 1.000e-03, eta: 9:31:05, time: 0.176, data_time: 0.009, memory: 13424, loss_cls: 0.4090, loss_bbox: 0.3829, loss_kps: 0.0000, loss: 0.7919
2026-09-23 15:44:16,254 - mmdet - INFO - Epoch [3][1450/6976]	lr: 1.000e-03, eta: 9:30:57, time: 0.177, data_time: 0.010, memory: 13424, loss_cls: 0.4651, loss_bbox: 0.3992, loss_kps: 0.0000, loss: 0.8643
2026-09-23 15:44:25,143 - mmdet - INFO - Epoch [3][1500/6976]	lr: 1.000e-03, eta: 9:30:48, time: 0.178, data_time: 0.010, memory: 13424, loss_cls: 0.4683, loss_bbox: 0.3810, loss_kps: 0.0000, loss: 0.8493
2026-09-23 15:44:33,848 - mmdet - INFO - Epoch [3][1550/6976]	lr: 1.000e-03, eta: 9:30:38, time: 0.174, data_time: 0.010, memory: 13424, loss_cls: 0.4345, loss_bbox: 0.3783, loss_kps: 0.0000, loss: 0.8128
2026-09-23 15:44:42,581 - mmdet - INFO - Epoch [3][1600/6976]	lr: 1.000e-03, eta: 9:30:28, time: 0.175, data_time: 0.010, memory: 13424, loss_cls: 0.4678, loss_bbox: 0.3877, loss_kps: 0.0000, loss: 0.8556
2026-09-23 15:44:51,406 - mmdet - INFO - Epoch [3][1650/6976]	lr: 1.000e-03, eta: 9:30:19, time: 0.176, data_time: 0.010, memory: 13424, loss_cls: 0.4528, loss_bbox: 0.3970, loss_kps: 0.0000, loss: 0.8498
2026-09-23 15:45:00,189 - mmdet - INFO - Epoch [3][1700/6976]	lr: 1.000e-03, eta: 9:30:09, time: 0.176, data_time: 0.010, memory: 13424, loss_cls: 0.4583, loss_bbox: 0.3989, loss_kps: 0.0000, loss: 0.8572
2026-09-23 15:45:08,981 - mmdet - INFO - Epoch [3][1750/6976]	lr: 1.000e-03, eta: 9:30:00, time: 0.176, data_time: 0.010, memory: 13424, loss_cls: 0.4498, loss_bbox: 0.3976, loss_kps: 0.0000, loss: 0.8473
2026-09-23 15:45:17,765 - mmdet - INFO - Epoch [3][1800/6976]	lr: 1.000e-03, eta: 9:29:51, time: 0.175, data_time: 0.010, memory: 13424, loss_cls: 0.4351, loss_bbox: 0.3988, loss_kps: 0.0000, loss: 0.8339
2026-09-23 15:45:26,486 - mmdet - INFO - Epoch [3][1850/6976]	lr: 1.000e-03, eta: 9:29:40, time: 0.175, data_time: 0.010, memory: 13424, loss_cls: 0.4497, loss_bbox: 0.3913, loss_kps: 0.0000, loss: 0.8410
2026-09-23 15:45:35,258 - mmdet - INFO - Epoch [3][1900/6976]	lr: 1.000e-03, eta: 9:29:31, time: 0.175, data_time: 0.009, memory: 13424, loss_cls: 0.4655, loss_bbox: 0.4015, loss_kps: 0.0000, loss: 0.8670
2026-09-23 15:45:44,046 - mmdet - INFO - Epoch [3][1950/6976]	lr: 1.000e-03, eta: 9:29:22, time: 0.176, data_time: 0.009, memory: 13424, loss_cls: 0.4490, loss_bbox: 0.3918, loss_kps: 0.0000, loss: 0.8408
2026-09-23 15:45:52,855 - mmdet - INFO - Epoch [3][2000/6976]	lr: 1.000e-03, eta: 9:29:12, time: 0.176, data_time: 0.009, memory: 13424, loss_cls: 0.4362, loss_bbox: 0.3789, loss_kps: 0.0000, loss: 0.8152
2026-09-23 15:46:01,648 - mmdet - INFO - Epoch [3][2050/6976]	lr: 1.000e-03, eta: 9:29:03, time: 0.176, data_time: 0.010, memory: 13424, loss_cls: 0.4301, loss_bbox: 0.3774, loss_kps: 0.0000, loss: 0.8075
2026-09-23 15:46:10,390 - mmdet - INFO - Epoch [3][2100/6976]	lr: 1.000e-03, eta: 9:28:53, time: 0.175, data_time: 0.010, memory: 13424, loss_cls: 0.4401, loss_bbox: 0.3732, loss_kps: 0.0000, loss: 0.8133
2026-09-23 15:46:19,218 - mmdet - INFO - Epoch [3][2150/6976]	lr: 1.000e-03, eta: 9:28:44, time: 0.176, data_time: 0.009, memory: 13424, loss_cls: 0.4465, loss_bbox: 0.3983, loss_kps: 0.0000, loss: 0.8448
2026-09-23 15:46:28,004 - mmdet - INFO - Epoch [3][2200/6976]	lr: 1.000e-03, eta: 9:28:35, time: 0.176, data_time: 0.009, memory: 13424, loss_cls: 0.4557, loss_bbox: 0.3975, loss_kps: 0.0000, loss: 0.8532
2026-09-23 15:46:36,775 - mmdet - INFO - Epoch [3][2250/6976]	lr: 1.000e-03, eta: 9:28:25, time: 0.176, data_time: 0.010, memory: 13424, loss_cls: 0.4275, loss_bbox: 0.3941, loss_kps: 0.0000, loss: 0.8216
2026-09-23 15:46:45,729 - mmdet - INFO - Epoch [3][2300/6976]	lr: 1.000e-03, eta: 9:28:18, time: 0.179, data_time: 0.010, memory: 13424, loss_cls: 0.4302, loss_bbox: 0.3928, loss_kps: 0.0000, loss: 0.8229
2026-09-23 15:46:54,556 - mmdet - INFO - Epoch [3][2350/6976]	lr: 1.000e-03, eta: 9:28:09, time: 0.177, data_time: 0.010, memory: 13424, loss_cls: 0.4594, loss_bbox: 0.4063, loss_kps: 0.0000, loss: 0.8657
2026-09-23 15:47:03,279 - mmdet - INFO - Epoch [3][2400/6976]	lr: 1.000e-03, eta: 9:27:59, time: 0.174, data_time: 0.010, memory: 13424, loss_cls: 0.4063, loss_bbox: 0.3760, loss_kps: 0.0000, loss: 0.7823
2026-09-23 15:47:12,003 - mmdet - INFO - Epoch [3][2450/6976]	lr: 1.000e-03, eta: 9:27:49, time: 0.175, data_time: 0.010, memory: 13424, loss_cls: 0.4275, loss_bbox: 0.3822, loss_kps: 0.0000, loss: 0.8097
2026-09-23 15:47:20,733 - mmdet - INFO - Epoch [3][2500/6976]	lr: 1.000e-03, eta: 9:27:39, time: 0.175, data_time: 0.010, memory: 13424, loss_cls: 0.4451, loss_bbox: 0.3996, loss_kps: 0.0000, loss: 0.8447
2026-09-23 15:47:29,609 - mmdet - INFO - Epoch [3][2550/6976]	lr: 1.000e-03, eta: 9:27:30, time: 0.178, data_time: 0.009, memory: 13424, loss_cls: 0.4488, loss_bbox: 0.3978, loss_kps: 0.0000, loss: 0.8467
2026-09-23 15:47:38,258 - mmdet - INFO - Epoch [3][2600/6976]	lr: 1.000e-03, eta: 9:27:19, time: 0.173, data_time: 0.010, memory: 13424, loss_cls: 0.4317, loss_bbox: 0.3863, loss_kps: 0.0000, loss: 0.8180
2026-09-23 15:47:47,386 - mmdet - INFO - Epoch [3][2650/6976]	lr: 1.000e-03, eta: 9:27:14, time: 0.183, data_time: 0.010, memory: 13424, loss_cls: 0.4274, loss_bbox: 0.3810, loss_kps: 0.0000, loss: 0.8084
2026-09-23 15:47:56,094 - mmdet - INFO - Epoch [3][2700/6976]	lr: 1.000e-03, eta: 9:27:04, time: 0.174, data_time: 0.009, memory: 13424, loss_cls: 0.4374, loss_bbox: 0.3875, loss_kps: 0.0000, loss: 0.8249
2026-09-23 15:48:04,784 - mmdet - INFO - Epoch [3][2750/6976]	lr: 1.000e-03, eta: 9:26:53, time: 0.174, data_time: 0.009, memory: 13424, loss_cls: 0.4344, loss_bbox: 0.3661, loss_kps: 0.0000, loss: 0.8005
2026-09-23 15:48:13,509 - mmdet - INFO - Epoch [3][2800/6976]	lr: 1.000e-03, eta: 9:26:43, time: 0.174, data_time: 0.009, memory: 13424, loss_cls: 0.4508, loss_bbox: 0.3949, loss_kps: 0.0000, loss: 0.8457
2026-09-23 15:48:22,328 - mmdet - INFO - Epoch [3][2850/6976]	lr: 1.000e-03, eta: 9:26:34, time: 0.176, data_time: 0.010, memory: 13424, loss_cls: 0.4373, loss_bbox: 0.3904, loss_kps: 0.0000, loss: 0.8277
2026-09-23 15:48:31,067 - mmdet - INFO - Epoch [3][2900/6976]	lr: 1.000e-03, eta: 9:26:24, time: 0.175, data_time: 0.009, memory: 13424, loss_cls: 0.4495, loss_bbox: 0.3922, loss_kps: 0.0000, loss: 0.8417
2026-09-23 15:48:39,876 - mmdet - INFO - Epoch [3][2950/6976]	lr: 1.000e-03, eta: 9:26:15, time: 0.176, data_time: 0.009, memory: 13424, loss_cls: 0.4659, loss_bbox: 0.4131, loss_kps: 0.0000, loss: 0.8790
2026-09-23 15:48:48,601 - mmdet - INFO - Epoch [3][3000/6976]	lr: 1.000e-03, eta: 9:26:05, time: 0.175, data_time: 0.009, memory: 13424, loss_cls: 0.4466, loss_bbox: 0.3894, loss_kps: 0.0000, loss: 0.8361
2026-09-23 15:48:57,419 - mmdet - INFO - Epoch [3][3050/6976]	lr: 1.000e-03, eta: 9:25:56, time: 0.176, data_time: 0.009, memory: 13424, loss_cls: 0.4454, loss_bbox: 0.3854, loss_kps: 0.0000, loss: 0.8308
2026-09-23 15:49:06,174 - mmdet - INFO - Epoch [3][3100/6976]	lr: 1.000e-03, eta: 9:25:47, time: 0.175, data_time: 0.009, memory: 13424, loss_cls: 0.4604, loss_bbox: 0.4030, loss_kps: 0.0000, loss: 0.8634
2026-09-23 15:49:14,989 - mmdet - INFO - Epoch [3][3150/6976]	lr: 1.000e-03, eta: 9:25:38, time: 0.176, data_time: 0.010, memory: 13424, loss_cls: 0.4402, loss_bbox: 0.3994, loss_kps: 0.0000, loss: 0.8397
2026-09-23 15:49:23,772 - mmdet - INFO - Epoch [3][3200/6976]	lr: 1.000e-03, eta: 9:25:28, time: 0.176, data_time: 0.009, memory: 13424, loss_cls: 0.4189, loss_bbox: 0.3794, loss_kps: 0.0000, loss: 0.7983
2026-09-23 15:49:32,519 - mmdet - INFO - Epoch [3][3250/6976]	lr: 1.000e-03, eta: 9:25:19, time: 0.175, data_time: 0.009, memory: 13424, loss_cls: 0.4096, loss_bbox: 0.3772, loss_kps: 0.0000, loss: 0.7868
2026-09-23 15:49:41,240 - mmdet - INFO - Epoch [3][3300/6976]	lr: 1.000e-03, eta: 9:25:08, time: 0.174, data_time: 0.009, memory: 13424, loss_cls: 0.4429, loss_bbox: 0.3916, loss_kps: 0.0000, loss: 0.8345
2026-09-23 15:49:49,959 - mmdet - INFO - Epoch [3][3350/6976]	lr: 1.000e-03, eta: 9:24:58, time: 0.174, data_time: 0.010, memory: 13424, loss_cls: 0.4646, loss_bbox: 0.3898, loss_kps: 0.0000, loss: 0.8545
2026-09-23 15:49:58,684 - mmdet - INFO - Epoch [3][3400/6976]	lr: 1.000e-03, eta: 9:24:48, time: 0.174, data_time: 0.009, memory: 13424, loss_cls: 0.4584, loss_bbox: 0.3924, loss_kps: 0.0000, loss: 0.8508
2026-09-23 15:50:07,426 - mmdet - INFO - Epoch [3][3450/6976]	lr: 1.000e-03, eta: 9:24:39, time: 0.175, data_time: 0.009, memory: 13424, loss_cls: 0.4263, loss_bbox: 0.3824, loss_kps: 0.0000, loss: 0.8087
2026-09-23 15:50:16,218 - mmdet - INFO - Epoch [3][3500/6976]	lr: 1.000e-03, eta: 9:24:29, time: 0.176, data_time: 0.009, memory: 13424, loss_cls: 0.4715, loss_bbox: 0.4004, loss_kps: 0.0000, loss: 0.8719
2026-09-23 15:50:25,050 - mmdet - INFO - Epoch [3][3550/6976]	lr: 1.000e-03, eta: 9:24:21, time: 0.177, data_time: 0.010, memory: 13424, loss_cls: 0.4493, loss_bbox: 0.3769, loss_kps: 0.0000, loss: 0.8262
2026-09-23 15:50:33,852 - mmdet - INFO - Epoch [3][3600/6976]	lr: 1.000e-03, eta: 9:24:12, time: 0.176, data_time: 0.009, memory: 13424, loss_cls: 0.4469, loss_bbox: 0.3897, loss_kps: 0.0000, loss: 0.8365
2026-09-23 15:50:42,636 - mmdet - INFO - Epoch [3][3650/6976]	lr: 1.000e-03, eta: 9:24:02, time: 0.175, data_time: 0.009, memory: 13424, loss_cls: 0.4780, loss_bbox: 0.3932, loss_kps: 0.0000, loss: 0.8712
2026-09-23 15:50:51,414 - mmdet - INFO - Epoch [3][3700/6976]	lr: 1.000e-03, eta: 9:23:53, time: 0.176, data_time: 0.009, memory: 13424, loss_cls: 0.4475, loss_bbox: 0.3888, loss_kps: 0.0000, loss: 0.8363
2026-09-23 15:51:00,120 - mmdet - INFO - Epoch [3][3750/6976]	lr: 1.000e-03, eta: 9:23:43, time: 0.174, data_time: 0.009, memory: 13424, loss_cls: 0.4433, loss_bbox: 0.3921, loss_kps: 0.0000, loss: 0.8354
2026-09-23 15:51:08,926 - mmdet - INFO - Epoch [3][3800/6976]	lr: 1.000e-03, eta: 9:23:34, time: 0.176, data_time: 0.009, memory: 13424, loss_cls: 0.4287, loss_bbox: 0.3803, loss_kps: 0.0000, loss: 0.8090
2026-09-23 15:51:17,624 - mmdet - INFO - Epoch [3][3850/6976]	lr: 1.000e-03, eta: 9:23:23, time: 0.174, data_time: 0.009, memory: 13424, loss_cls: 0.4445, loss_bbox: 0.3801, loss_kps: 0.0000, loss: 0.8246
2026-09-23 15:51:26,465 - mmdet - INFO - Epoch [3][3900/6976]	lr: 1.000e-03, eta: 9:23:15, time: 0.177, data_time: 0.010, memory: 13424, loss_cls: 0.4312, loss_bbox: 0.3777, loss_kps: 0.0000, loss: 0.8089
2026-09-23 15:51:35,556 - mmdet - INFO - Epoch [3][3950/6976]	lr: 1.000e-03, eta: 9:23:09, time: 0.182, data_time: 0.009, memory: 13424, loss_cls: 0.4576, loss_bbox: 0.3923, loss_kps: 0.0000, loss: 0.8499
2026-09-23 15:51:44,949 - mmdet - INFO - Epoch [3][4000/6976]	lr: 1.000e-03, eta: 9:23:06, time: 0.188, data_time: 0.009, memory: 13424, loss_cls: 0.4004, loss_bbox: 0.3713, loss_kps: 0.0000, loss: 0.7718
2026-09-23 15:51:53,780 - mmdet - INFO - Epoch [3][4050/6976]	lr: 1.000e-03, eta: 9:22:57, time: 0.176, data_time: 0.010, memory: 13424, loss_cls: 0.4584, loss_bbox: 0.3867, loss_kps: 0.0000, loss: 0.8450
2026-09-23 15:52:02,602 - mmdet - INFO - Epoch [3][4100/6976]	lr: 1.000e-03, eta: 9:22:48, time: 0.177, data_time: 0.009, memory: 13424, loss_cls: 0.4421, loss_bbox: 0.3692, loss_kps: 0.0000, loss: 0.8113
2026-09-23 15:52:11,352 - mmdet - INFO - Epoch [3][4150/6976]	lr: 1.000e-03, eta: 9:22:38, time: 0.175, data_time: 0.009, memory: 13424, loss_cls: 0.4563, loss_bbox: 0.3819, loss_kps: 0.0000, loss: 0.8382
2026-09-23 15:52:20,079 - mmdet - INFO - Epoch [3][4200/6976]	lr: 1.000e-03, eta: 9:22:29, time: 0.175, data_time: 0.009, memory: 13424, loss_cls: 0.4524, loss_bbox: 0.3946, loss_kps: 0.0000, loss: 0.8471
2026-09-23 15:52:28,774 - mmdet - INFO - Epoch [3][4250/6976]	lr: 1.000e-03, eta: 9:22:18, time: 0.174, data_time: 0.010, memory: 13424, loss_cls: 0.4616, loss_bbox: 0.3920, loss_kps: 0.0000, loss: 0.8536
2026-09-23 15:52:37,532 - mmdet - INFO - Epoch [3][4300/6976]	lr: 1.000e-03, eta: 9:22:09, time: 0.175, data_time: 0.010, memory: 13424, loss_cls: 0.4284, loss_bbox: 0.3705, loss_kps: 0.0000, loss: 0.7989
2026-09-23 15:52:46,340 - mmdet - INFO - Epoch [3][4350/6976]	lr: 1.000e-03, eta: 9:22:00, time: 0.176, data_time: 0.009, memory: 13424, loss_cls: 0.4332, loss_bbox: 0.3974, loss_kps: 0.0000, loss: 0.8306
2026-09-23 15:52:55,044 - mmdet - INFO - Epoch [3][4400/6976]	lr: 1.000e-03, eta: 9:21:50, time: 0.174, data_time: 0.009, memory: 13424, loss_cls: 0.3920, loss_bbox: 0.3724, loss_kps: 0.0000, loss: 0.7644
2026-09-23 15:53:03,828 - mmdet - INFO - Epoch [3][4450/6976]	lr: 1.000e-03, eta: 9:21:40, time: 0.176, data_time: 0.009, memory: 13424, loss_cls: 0.4541, loss_bbox: 0.3895, loss_kps: 0.0000, loss: 0.8436
2026-09-23 15:53:12,574 - mmdet - INFO - Epoch [3][4500/6976]	lr: 1.000e-03, eta: 9:21:31, time: 0.175, data_time: 0.009, memory: 13424, loss_cls: 0.4254, loss_bbox: 0.3899, loss_kps: 0.0000, loss: 0.8153
2026-09-23 15:53:21,372 - mmdet - INFO - Epoch [3][4550/6976]	lr: 1.000e-03, eta: 9:21:22, time: 0.176, data_time: 0.009, memory: 13424, loss_cls: 0.4390, loss_bbox: 0.3919, loss_kps: 0.0000, loss: 0.8308
2026-09-23 15:53:30,243 - mmdet - INFO - Epoch [3][4600/6976]	lr: 1.000e-03, eta: 9:21:13, time: 0.177, data_time: 0.009, memory: 13424, loss_cls: 0.4663, loss_bbox: 0.3965, loss_kps: 0.0000, loss: 0.8628
2026-09-23 15:53:38,968 - mmdet - INFO - Epoch [3][4650/6976]	lr: 1.000e-03, eta: 9:21:03, time: 0.174, data_time: 0.010, memory: 13424, loss_cls: 0.4424, loss_bbox: 0.3856, loss_kps: 0.0000, loss: 0.8280
2026-09-23 15:53:47,818 - mmdet - INFO - Epoch [3][4700/6976]	lr: 1.000e-03, eta: 9:20:55, time: 0.177, data_time: 0.009, memory: 13424, loss_cls: 0.4437, loss_bbox: 0.3814, loss_kps: 0.0000, loss: 0.8251
2026-09-23 15:53:56,621 - mmdet - INFO - Epoch [3][4750/6976]	lr: 1.000e-03, eta: 9:20:46, time: 0.176, data_time: 0.009, memory: 13424, loss_cls: 0.4380, loss_bbox: 0.3882, loss_kps: 0.0000, loss: 0.8262
2026-09-23 15:54:05,464 - mmdet - INFO - Epoch [3][4800/6976]	lr: 1.000e-03, eta: 9:20:37, time: 0.177, data_time: 0.009, memory: 13424, loss_cls: 0.4331, loss_bbox: 0.3895, loss_kps: 0.0000, loss: 0.8226
2026-09-23 15:54:14,165 - mmdet - INFO - Epoch [3][4850/6976]	lr: 1.000e-03, eta: 9:20:27, time: 0.174, data_time: 0.009, memory: 13424, loss_cls: 0.4314, loss_bbox: 0.3877, loss_kps: 0.0000, loss: 0.8191
2026-09-23 15:54:22,991 - mmdet - INFO - Epoch [3][4900/6976]	lr: 1.000e-03, eta: 9:20:18, time: 0.176, data_time: 0.009, memory: 13424, loss_cls: 0.4238, loss_bbox: 0.3888, loss_kps: 0.0000, loss: 0.8126
2026-09-23 15:54:31,806 - mmdet - INFO - Epoch [3][4950/6976]	lr: 1.000e-03, eta: 9:20:09, time: 0.176, data_time: 0.010, memory: 13424, loss_cls: 0.4592, loss_bbox: 0.3945, loss_kps: 0.0000, loss: 0.8537
2026-09-23 15:54:40,619 - mmdet - INFO - Epoch [3][5000/6976]	lr: 1.000e-03, eta: 9:20:00, time: 0.176, data_time: 0.009, memory: 13424, loss_cls: 0.4458, loss_bbox: 0.3918, loss_kps: 0.0000, loss: 0.8376
2026-09-23 15:54:49,440 - mmdet - INFO - Epoch [3][5050/6976]	lr: 1.000e-03, eta: 9:19:51, time: 0.176, data_time: 0.010, memory: 13424, loss_cls: 0.4263, loss_bbox: 0.3771, loss_kps: 0.0000, loss: 0.8034
2026-09-23 15:54:58,505 - mmdet - INFO - Epoch [3][5100/6976]	lr: 1.000e-03, eta: 9:19:45, time: 0.181, data_time: 0.009, memory: 13424, loss_cls: 0.4482, loss_bbox: 0.3863, loss_kps: 0.0000, loss: 0.8345
2026-09-23 15:55:07,340 - mmdet - INFO - Epoch [3][5150/6976]	lr: 1.000e-03, eta: 9:19:36, time: 0.177, data_time: 0.009, memory: 13424, loss_cls: 0.4333, loss_bbox: 0.3780, loss_kps: 0.0000, loss: 0.8114
2026-09-23 15:55:16,114 - mmdet - INFO - Epoch [3][5200/6976]	lr: 1.000e-03, eta: 9:19:27, time: 0.176, data_time: 0.009, memory: 13424, loss_cls: 0.4477, loss_bbox: 0.3899, loss_kps: 0.0000, loss: 0.8376
2026-09-23 15:55:24,971 - mmdet - INFO - Epoch [3][5250/6976]	lr: 1.000e-03, eta: 9:19:18, time: 0.177, data_time: 0.009, memory: 13424, loss_cls: 0.4184, loss_bbox: 0.3835, loss_kps: 0.0000, loss: 0.8019
2026-09-23 15:55:33,775 - mmdet - INFO - Epoch [3][5300/6976]	lr: 1.000e-03, eta: 9:19:09, time: 0.176, data_time: 0.009, memory: 13424, loss_cls: 0.4304, loss_bbox: 0.3860, loss_kps: 0.0000, loss: 0.8164
2026-09-23 15:55:42,569 - mmdet - INFO - Epoch [3][5350/6976]	lr: 1.000e-03, eta: 9:19:00, time: 0.176, data_time: 0.010, memory: 13424, loss_cls: 0.4404, loss_bbox: 0.3840, loss_kps: 0.0000, loss: 0.8244
2026-09-23 15:55:51,350 - mmdet - INFO - Epoch [3][5400/6976]	lr: 1.000e-03, eta: 9:18:50, time: 0.175, data_time: 0.010, memory: 13424, loss_cls: 0.4458, loss_bbox: 0.3877, loss_kps: 0.0000, loss: 0.8334
2026-09-23 15:56:00,130 - mmdet - INFO - Epoch [3][5450/6976]	lr: 1.000e-03, eta: 9:18:41, time: 0.176, data_time: 0.009, memory: 13424, loss_cls: 0.4442, loss_bbox: 0.3897, loss_kps: 0.0000, loss: 0.8339
2026-09-23 15:56:08,921 - mmdet - INFO - Epoch [3][5500/6976]	lr: 1.000e-03, eta: 9:18:32, time: 0.176, data_time: 0.009, memory: 13424, loss_cls: 0.4444, loss_bbox: 0.3818, loss_kps: 0.0000, loss: 0.8263
2026-09-23 15:56:17,646 - mmdet - INFO - Epoch [3][5550/6976]	lr: 1.000e-03, eta: 9:18:22, time: 0.175, data_time: 0.009, memory: 13424, loss_cls: 0.4477, loss_bbox: 0.3791, loss_kps: 0.0000, loss: 0.8268
2026-09-23 15:56:26,395 - mmdet - INFO - Epoch [3][5600/6976]	lr: 1.000e-03, eta: 9:18:13, time: 0.175, data_time: 0.010, memory: 13424, loss_cls: 0.4567, loss_bbox: 0.4001, loss_kps: 0.0000, loss: 0.8568
2026-09-23 15:56:35,141 - mmdet - INFO - Epoch [3][5650/6976]	lr: 1.000e-03, eta: 9:18:03, time: 0.175, data_time: 0.010, memory: 13424, loss_cls: 0.4408, loss_bbox: 0.3745, loss_kps: 0.0000, loss: 0.8153
2026-09-23 15:56:43,846 - mmdet - INFO - Epoch [3][5700/6976]	lr: 1.000e-03, eta: 9:17:53, time: 0.174, data_time: 0.009, memory: 13424, loss_cls: 0.4413, loss_bbox: 0.3928, loss_kps: 0.0000, loss: 0.8340
2026-09-23 15:56:52,682 - mmdet - INFO - Epoch [3][5750/6976]	lr: 1.000e-03, eta: 9:17:44, time: 0.177, data_time: 0.009, memory: 13424, loss_cls: 0.4255, loss_bbox: 0.3888, loss_kps: 0.0000, loss: 0.8143
2026-09-23 15:57:01,442 - mmdet - INFO - Epoch [3][5800/6976]	lr: 1.000e-03, eta: 9:17:35, time: 0.175, data_time: 0.009, memory: 13424, loss_cls: 0.4446, loss_bbox: 0.3907, loss_kps: 0.0000, loss: 0.8354
2026-09-23 15:57:10,308 - mmdet - INFO - Epoch [3][5850/6976]	lr: 1.000e-03, eta: 9:17:26, time: 0.177, data_time: 0.009, memory: 13424, loss_cls: 0.4441, loss_bbox: 0.3697, loss_kps: 0.0000, loss: 0.8138
2026-09-23 15:57:19,101 - mmdet - INFO - Epoch [3][5900/6976]	lr: 1.000e-03, eta: 9:17:17, time: 0.176, data_time: 0.009, memory: 13424, loss_cls: 0.4400, loss_bbox: 0.4002, loss_kps: 0.0000, loss: 0.8401
2026-09-23 15:57:27,950 - mmdet - INFO - Epoch [3][5950/6976]	lr: 1.000e-03, eta: 9:17:09, time: 0.177, data_time: 0.009, memory: 13424, loss_cls: 0.4528, loss_bbox: 0.3963, loss_kps: 0.0000, loss: 0.8492
2026-09-23 15:57:36,692 - mmdet - INFO - Epoch [3][6000/6976]	lr: 1.000e-03, eta: 9:16:59, time: 0.175, data_time: 0.010, memory: 13424, loss_cls: 0.4370, loss_bbox: 0.3889, loss_kps: 0.0000, loss: 0.8259
2026-09-23 15:57:45,457 - mmdet - INFO - Epoch [3][6050/6976]	lr: 1.000e-03, eta: 9:16:49, time: 0.175, data_time: 0.010, memory: 13424, loss_cls: 0.4463, loss_bbox: 0.3966, loss_kps: 0.0000, loss: 0.8429
2026-09-23 15:57:54,159 - mmdet - INFO - Epoch [3][6100/6976]	lr: 1.000e-03, eta: 9:16:40, time: 0.174, data_time: 0.009, memory: 13424, loss_cls: 0.4369, loss_bbox: 0.3829, loss_kps: 0.0000, loss: 0.8198
2026-09-23 15:58:02,948 - mmdet - INFO - Epoch [3][6150/6976]	lr: 1.000e-03, eta: 9:16:30, time: 0.176, data_time: 0.010, memory: 13424, loss_cls: 0.4311, loss_bbox: 0.3916, loss_kps: 0.0000, loss: 0.8227
2026-09-23 15:58:12,050 - mmdet - INFO - Epoch [3][6200/6976]	lr: 1.000e-03, eta: 9:16:24, time: 0.182, data_time: 0.009, memory: 13424, loss_cls: 0.4453, loss_bbox: 0.3833, loss_kps: 0.0000, loss: 0.8286
2026-09-23 15:58:20,849 - mmdet - INFO - Epoch [3][6250/6976]	lr: 1.000e-03, eta: 9:16:15, time: 0.176, data_time: 0.009, memory: 13424, loss_cls: 0.4264, loss_bbox: 0.3780, loss_kps: 0.0000, loss: 0.8044
2026-09-23 15:58:29,615 - mmdet - INFO - Epoch [3][6300/6976]	lr: 1.000e-03, eta: 9:16:06, time: 0.175, data_time: 0.010, memory: 13424, loss_cls: 0.4436, loss_bbox: 0.3878, loss_kps: 0.0000, loss: 0.8314
2026-09-23 15:58:38,331 - mmdet - INFO - Epoch [3][6350/6976]	lr: 1.000e-03, eta: 9:15:56, time: 0.174, data_time: 0.009, memory: 13424, loss_cls: 0.4348, loss_bbox: 0.3857, loss_kps: 0.0000, loss: 0.8206
2026-09-23 15:58:47,085 - mmdet - INFO - Epoch [3][6400/6976]	lr: 1.000e-03, eta: 9:15:46, time: 0.175, data_time: 0.009, memory: 13424, loss_cls: 0.4401, loss_bbox: 0.3838, loss_kps: 0.0000, loss: 0.8239
2026-09-23 15:58:55,810 - mmdet - INFO - Epoch [3][6450/6976]	lr: 1.000e-03, eta: 9:15:37, time: 0.175, data_time: 0.009, memory: 13424, loss_cls: 0.4415, loss_bbox: 0.3933, loss_kps: 0.0000, loss: 0.8348
2026-09-23 15:59:04,597 - mmdet - INFO - Epoch [3][6500/6976]	lr: 1.000e-03, eta: 9:15:27, time: 0.176, data_time: 0.009, memory: 13424, loss_cls: 0.4420, loss_bbox: 0.3958, loss_kps: 0.0000, loss: 0.8378
2026-09-23 15:59:13,358 - mmdet - INFO - Epoch [3][6550/6976]	lr: 1.000e-03, eta: 9:15:18, time: 0.175, data_time: 0.009, memory: 13424, loss_cls: 0.4222, loss_bbox: 0.3788, loss_kps: 0.0000, loss: 0.8010
2026-09-23 15:59:22,080 - mmdet - INFO - Epoch [3][6600/6976]	lr: 1.000e-03, eta: 9:15:08, time: 0.174, data_time: 0.010, memory: 13424, loss_cls: 0.4402, loss_bbox: 0.3870, loss_kps: 0.0000, loss: 0.8273
2026-09-23 15:59:30,936 - mmdet - INFO - Epoch [3][6650/6976]	lr: 1.000e-03, eta: 9:15:00, time: 0.177, data_time: 0.010, memory: 13424, loss_cls: 0.4034, loss_bbox: 0.3753, loss_kps: 0.0000, loss: 0.7787
2026-09-23 15:59:39,694 - mmdet - INFO - Epoch [3][6700/6976]	lr: 1.000e-03, eta: 9:14:50, time: 0.175, data_time: 0.009, memory: 13424, loss_cls: 0.4462, loss_bbox: 0.3990, loss_kps: 0.0000, loss: 0.8452
2026-09-23 15:59:48,454 - mmdet - INFO - Epoch [3][6750/6976]	lr: 1.000e-03, eta: 9:14:41, time: 0.175, data_time: 0.009, memory: 13424, loss_cls: 0.4396, loss_bbox: 0.3895, loss_kps: 0.0000, loss: 0.8291
2026-09-23 15:59:57,174 - mmdet - INFO - Epoch [3][6800/6976]	lr: 1.000e-03, eta: 9:14:31, time: 0.174, data_time: 0.009, memory: 13424, loss_cls: 0.4445, loss_bbox: 0.3889, loss_kps: 0.0000, loss: 0.8334
2026-09-23 16:00:05,995 - mmdet - INFO - Epoch [3][6850/6976]	lr: 1.000e-03, eta: 9:14:22, time: 0.176, data_time: 0.009, memory: 13424, loss_cls: 0.4416, loss_bbox: 0.3893, loss_kps: 0.0000, loss: 0.8309
2026-09-23 16:00:14,812 - mmdet - INFO - Epoch [3][6900/6976]	lr: 1.000e-03, eta: 9:14:13, time: 0.176, data_time: 0.009, memory: 13424, loss_cls: 0.4580, loss_bbox: 0.4006, loss_kps: 0.0000, loss: 0.8586
2026-09-23 16:00:23,566 - mmdet - INFO - Epoch [3][6950/6976]	lr: 1.000e-03, eta: 9:14:04, time: 0.175, data_time: 0.010, memory: 13424, loss_cls: 0.4418, loss_bbox: 0.3933, loss_kps: 0.0000, loss: 0.8351
2026-09-23 16:00:28,196 - mmdet - INFO - Saving checkpoint at 3 epochs
2026-09-23 16:00:42,783 - mmdet - INFO - Epoch [4][50/6976]	lr: 1.000e-03, eta: 9:13:59, time: 0.287, data_time: 0.104, memory: 13424, loss_cls: 0.4518, loss_bbox: 0.3973, loss_kps: 0.0000, loss: 0.8491
2026-09-23 16:00:51,639 - mmdet - INFO - Epoch [4][100/6976]	lr: 1.000e-03, eta: 9:13:50, time: 0.177, data_time: 0.009, memory: 13424, loss_cls: 0.4241, loss_bbox: 0.3787, loss_kps: 0.0000, loss: 0.8028
2026-09-23 16:01:00,412 - mmdet - INFO - Epoch [4][150/6976]	lr: 1.000e-03, eta: 9:13:41, time: 0.175, data_time: 0.009, memory: 13424, loss_cls: 0.4629, loss_bbox: 0.4048, loss_kps: 0.0000, loss: 0.8677
2026-09-23 16:01:09,270 - mmdet - INFO - Epoch [4][200/6976]	lr: 1.000e-03, eta: 9:13:32, time: 0.177, data_time: 0.009, memory: 13424, loss_cls: 0.4491, loss_bbox: 0.3843, loss_kps: 0.0000, loss: 0.8334
2026-09-23 16:01:17,988 - mmdet - INFO - Epoch [4][250/6976]	lr: 1.000e-03, eta: 9:13:23, time: 0.174, data_time: 0.009, memory: 13424, loss_cls: 0.4310, loss_bbox: 0.3776, loss_kps: 0.0000, loss: 0.8086
2026-09-23 16:01:26,896 - mmdet - INFO - Epoch [4][300/6976]	lr: 1.000e-03, eta: 9:13:14, time: 0.178, data_time: 0.009, memory: 13424, loss_cls: 0.4120, loss_bbox: 0.3724, loss_kps: 0.0000, loss: 0.7845
2026-09-23 16:01:35,679 - mmdet - INFO - Epoch [4][350/6976]	lr: 1.000e-03, eta: 9:13:05, time: 0.176, data_time: 0.009, memory: 13424, loss_cls: 0.4172, loss_bbox: 0.3815, loss_kps: 0.0000, loss: 0.7987
2026-09-23 16:01:44,448 - mmdet - INFO - Epoch [4][400/6976]	lr: 1.000e-03, eta: 9:12:56, time: 0.175, data_time: 0.009, memory: 13424, loss_cls: 0.4326, loss_bbox: 0.3889, loss_kps: 0.0000, loss: 0.8215
2026-09-23 16:01:53,145 - mmdet - INFO - Epoch [4][450/6976]	lr: 1.000e-03, eta: 9:12:46, time: 0.174, data_time: 0.009, memory: 13424, loss_cls: 0.4366, loss_bbox: 0.3814, loss_kps: 0.0000, loss: 0.8180
2026-09-23 16:02:01,984 - mmdet - INFO - Epoch [4][500/6976]	lr: 1.000e-03, eta: 9:12:37, time: 0.177, data_time: 0.010, memory: 13424, loss_cls: 0.4483, loss_bbox: 0.3796, loss_kps: 0.0000, loss: 0.8279
2026-09-23 16:02:10,725 - mmdet - INFO - Epoch [4][550/6976]	lr: 1.000e-03, eta: 9:12:28, time: 0.175, data_time: 0.009, memory: 13424, loss_cls: 0.4473, loss_bbox: 0.4058, loss_kps: 0.0000, loss: 0.8531
2026-09-23 16:02:19,947 - mmdet - INFO - Epoch [4][600/6976]	lr: 1.000e-03, eta: 9:12:22, time: 0.184, data_time: 0.009, memory: 13424, loss_cls: 0.4444, loss_bbox: 0.3945, loss_kps: 0.0000, loss: 0.8389
2026-09-23 16:02:28,653 - mmdet - INFO - Epoch [4][650/6976]	lr: 1.000e-03, eta: 9:12:12, time: 0.174, data_time: 0.010, memory: 13424, loss_cls: 0.4164, loss_bbox: 0.3708, loss_kps: 0.0000, loss: 0.7872
2026-09-23 16:02:37,398 - mmdet - INFO - Epoch [4][700/6976]	lr: 1.000e-03, eta: 9:12:03, time: 0.175, data_time: 0.009, memory: 13424, loss_cls: 0.4645, loss_bbox: 0.3994, loss_kps: 0.0000, loss: 0.8638
2026-09-23 16:02:46,181 - mmdet - INFO - Epoch [4][750/6976]	lr: 1.000e-03, eta: 9:11:54, time: 0.176, data_time: 0.009, memory: 13424, loss_cls: 0.4438, loss_bbox: 0.3991, loss_kps: 0.0000, loss: 0.8429
2026-09-23 16:02:55,019 - mmdet - INFO - Epoch [4][800/6976]	lr: 1.000e-03, eta: 9:11:45, time: 0.177, data_time: 0.009, memory: 13424, loss_cls: 0.4165, loss_bbox: 0.3747, loss_kps: 0.0000, loss: 0.7912
2026-09-23 16:03:03,870 - mmdet - INFO - Epoch [4][850/6976]	lr: 1.000e-03, eta: 9:11:36, time: 0.177, data_time: 0.010, memory: 13424, loss_cls: 0.4310, loss_bbox: 0.3849, loss_kps: 0.0000, loss: 0.8159
2026-09-23 16:03:12,651 - mmdet - INFO - Epoch [4][900/6976]	lr: 1.000e-03, eta: 9:11:27, time: 0.176, data_time: 0.009, memory: 13424, loss_cls: 0.4286, loss_bbox: 0.3798, loss_kps: 0.0000, loss: 0.8084
2026-09-23 16:03:21,729 - mmdet - INFO - Epoch [4][950/6976]	lr: 1.000e-03, eta: 9:11:20, time: 0.182, data_time: 0.009, memory: 13424, loss_cls: 0.4348, loss_bbox: 0.3723, loss_kps: 0.0000, loss: 0.8071
2026-09-23 16:03:30,472 - mmdet - INFO - Epoch [4][1000/6976]	lr: 1.000e-03, eta: 9:11:11, time: 0.175, data_time: 0.009, memory: 13424, loss_cls: 0.4285, loss_bbox: 0.3928, loss_kps: 0.0000, loss: 0.8213
2026-09-23 16:03:39,246 - mmdet - INFO - Epoch [4][1050/6976]	lr: 1.000e-03, eta: 9:11:02, time: 0.175, data_time: 0.009, memory: 13424, loss_cls: 0.4549, loss_bbox: 0.3957, loss_kps: 0.0000, loss: 0.8506
2026-09-23 16:03:48,102 - mmdet - INFO - Epoch [4][1100/6976]	lr: 1.000e-03, eta: 9:10:53, time: 0.177, data_time: 0.009, memory: 13424, loss_cls: 0.4293, loss_bbox: 0.3814, loss_kps: 0.0000, loss: 0.8107
2026-09-23 16:03:56,785 - mmdet - INFO - Epoch [4][1150/6976]	lr: 1.000e-03, eta: 9:10:43, time: 0.174, data_time: 0.009, memory: 13424, loss_cls: 0.4587, loss_bbox: 0.3901, loss_kps: 0.0000, loss: 0.8488
2026-09-23 16:04:05,669 - mmdet - INFO - Epoch [4][1200/6976]	lr: 1.000e-03, eta: 9:10:35, time: 0.178, data_time: 0.010, memory: 13424, loss_cls: 0.4161, loss_bbox: 0.3729, loss_kps: 0.0000, loss: 0.7890
2026-09-23 16:04:14,777 - mmdet - INFO - Epoch [4][1250/6976]	lr: 1.000e-03, eta: 9:10:28, time: 0.182, data_time: 0.009, memory: 13424, loss_cls: 0.4373, loss_bbox: 0.3804, loss_kps: 0.0000, loss: 0.8177
2026-09-23 16:04:23,545 - mmdet - INFO - Epoch [4][1300/6976]	lr: 1.000e-03, eta: 9:10:19, time: 0.175, data_time: 0.009, memory: 13424, loss_cls: 0.4443, loss_bbox: 0.3847, loss_kps: 0.0000, loss: 0.8290
2026-09-23 16:04:32,298 - mmdet - INFO - Epoch [4][1350/6976]	lr: 1.000e-03, eta: 9:10:10, time: 0.175, data_time: 0.007, memory: 13424, loss_cls: 0.4304, loss_bbox: 0.3811, loss_kps: 0.0000, loss: 0.8115
2026-09-23 16:04:41,029 - mmdet - INFO - Epoch [4][1400/6976]	lr: 1.000e-03, eta: 9:10:00, time: 0.175, data_time: 0.009, memory: 13424, loss_cls: 0.4240, loss_bbox: 0.3929, loss_kps: 0.0000, loss: 0.8169
2026-09-23 16:04:49,792 - mmdet - INFO - Epoch [4][1450/6976]	lr: 1.000e-03, eta: 9:09:51, time: 0.175, data_time: 0.009, memory: 13424, loss_cls: 0.4546, loss_bbox: 0.3869, loss_kps: 0.0000, loss: 0.8415
2026-09-23 16:04:58,558 - mmdet - INFO - Epoch [4][1500/6976]	lr: 1.000e-03, eta: 9:09:41, time: 0.175, data_time: 0.009, memory: 13424, loss_cls: 0.4418, loss_bbox: 0.3973, loss_kps: 0.0000, loss: 0.8391
2026-09-23 16:05:07,323 - mmdet - INFO - Epoch [4][1550/6976]	lr: 1.000e-03, eta: 9:09:32, time: 0.175, data_time: 0.010, memory: 13424, loss_cls: 0.4236, loss_bbox: 0.3850, loss_kps: 0.0000, loss: 0.8085
2026-09-23 16:05:16,046 - mmdet - INFO - Epoch [4][1600/6976]	lr: 1.000e-03, eta: 9:09:22, time: 0.175, data_time: 0.010, memory: 13424, loss_cls: 0.4421, loss_bbox: 0.3948, loss_kps: 0.0000, loss: 0.8369
2026-09-23 16:05:24,791 - mmdet - INFO - Epoch [4][1650/6976]	lr: 1.000e-03, eta: 9:09:13, time: 0.175, data_time: 0.010, memory: 13424, loss_cls: 0.4274, loss_bbox: 0.3728, loss_kps: 0.0000, loss: 0.8002
2026-09-23 16:05:33,576 - mmdet - INFO - Epoch [4][1700/6976]	lr: 1.000e-03, eta: 9:09:04, time: 0.176, data_time: 0.009, memory: 13424, loss_cls: 0.4344, loss_bbox: 0.3674, loss_kps: 0.0000, loss: 0.8018
2026-09-23 16:05:42,263 - mmdet - INFO - Epoch [4][1750/6976]	lr: 1.000e-03, eta: 9:08:54, time: 0.174, data_time: 0.009, memory: 13424, loss_cls: 0.4311, loss_bbox: 0.3931, loss_kps: 0.0000, loss: 0.8242
2026-09-23 16:05:50,942 - mmdet - INFO - Epoch [4][1800/6976]	lr: 1.000e-03, eta: 9:08:44, time: 0.174, data_time: 0.009, memory: 13424, loss_cls: 0.4541, loss_bbox: 0.3901, loss_kps: 0.0000, loss: 0.8442
2026-09-23 16:05:59,712 - mmdet - INFO - Epoch [4][1850/6976]	lr: 1.000e-03, eta: 9:08:34, time: 0.175, data_time: 0.010, memory: 13424, loss_cls: 0.4247, loss_bbox: 0.3807, loss_kps: 0.0000, loss: 0.8054
2026-09-23 16:06:08,466 - mmdet - INFO - Epoch [4][1900/6976]	lr: 1.000e-03, eta: 9:08:25, time: 0.175, data_time: 0.009, memory: 13424, loss_cls: 0.4332, loss_bbox: 0.3876, loss_kps: 0.0000, loss: 0.8207
2026-09-23 16:06:17,202 - mmdet - INFO - Epoch [4][1950/6976]	lr: 1.000e-03, eta: 9:08:15, time: 0.175, data_time: 0.009, memory: 13424, loss_cls: 0.4595, loss_bbox: 0.3968, loss_kps: 0.0000, loss: 0.8564
2026-09-23 16:06:25,967 - mmdet - INFO - Epoch [4][2000/6976]	lr: 1.000e-03, eta: 9:08:06, time: 0.175, data_time: 0.009, memory: 13424, loss_cls: 0.4357, loss_bbox: 0.3772, loss_kps: 0.0000, loss: 0.8128
2026-09-23 16:06:34,720 - mmdet - INFO - Epoch [4][2050/6976]	lr: 1.000e-03, eta: 9:07:57, time: 0.175, data_time: 0.009, memory: 13424, loss_cls: 0.4279, loss_bbox: 0.3838, loss_kps: 0.0000, loss: 0.8117
2026-09-23 16:06:43,460 - mmdet - INFO - Epoch [4][2100/6976]	lr: 1.000e-03, eta: 9:07:47, time: 0.175, data_time: 0.009, memory: 13424, loss_cls: 0.4281, loss_bbox: 0.3825, loss_kps: 0.0000, loss: 0.8106
2026-09-23 16:06:52,282 - mmdet - INFO - Epoch [4][2150/6976]	lr: 1.000e-03, eta: 9:07:38, time: 0.176, data_time: 0.009, memory: 13424, loss_cls: 0.4518, loss_bbox: 0.4047, loss_kps: 0.0000, loss: 0.8565
2026-09-23 16:07:01,060 - mmdet - INFO - Epoch [4][2200/6976]	lr: 1.000e-03, eta: 9:07:29, time: 0.176, data_time: 0.010, memory: 13424, loss_cls: 0.4538, loss_bbox: 0.3831, loss_kps: 0.0000, loss: 0.8368
2026-09-23 16:07:09,840 - mmdet - INFO - Epoch [4][2250/6976]	lr: 1.000e-03, eta: 9:07:20, time: 0.176, data_time: 0.010, memory: 13424, loss_cls: 0.4106, loss_bbox: 0.3834, loss_kps: 0.0000, loss: 0.7940
2026-09-23 16:07:18,576 - mmdet - INFO - Epoch [4][2300/6976]	lr: 1.000e-03, eta: 9:07:10, time: 0.175, data_time: 0.009, memory: 13424, loss_cls: 0.4370, loss_bbox: 0.3790, loss_kps: 0.0000, loss: 0.8159
2026-09-23 16:07:27,304 - mmdet - INFO - Epoch [4][2350/6976]	lr: 1.000e-03, eta: 9:07:01, time: 0.175, data_time: 0.009, memory: 13424, loss_cls: 0.4269, loss_bbox: 0.3808, loss_kps: 0.0000, loss: 0.8078
2026-09-23 16:07:36,021 - mmdet - INFO - Epoch [4][2400/6976]	lr: 1.000e-03, eta: 9:06:51, time: 0.174, data_time: 0.009, memory: 13424, loss_cls: 0.4302, loss_bbox: 0.3690, loss_kps: 0.0000, loss: 0.7992
2026-09-23 16:07:44,736 - mmdet - INFO - Epoch [4][2450/6976]	lr: 1.000e-03, eta: 9:06:41, time: 0.174, data_time: 0.009, memory: 13424, loss_cls: 0.4069, loss_bbox: 0.3724, loss_kps: 0.0000, loss: 0.7793
2026-09-23 16:07:53,441 - mmdet - INFO - Epoch [4][2500/6976]	lr: 1.000e-03, eta: 9:06:32, time: 0.174, data_time: 0.009, memory: 13424, loss_cls: 0.4229, loss_bbox: 0.3778, loss_kps: 0.0000, loss: 0.8007
2026-09-23 16:08:02,199 - mmdet - INFO - Epoch [4][2550/6976]	lr: 1.000e-03, eta: 9:06:22, time: 0.175, data_time: 0.009, memory: 13424, loss_cls: 0.4382, loss_bbox: 0.3814, loss_kps: 0.0000, loss: 0.8196
2026-09-23 16:08:11,038 - mmdet - INFO - Epoch [4][2600/6976]	lr: 1.000e-03, eta: 9:06:14, time: 0.177, data_time: 0.011, memory: 13424, loss_cls: 0.4394, loss_bbox: 0.3873, loss_kps: 0.0000, loss: 0.8267
2026-09-23 16:08:19,756 - mmdet - INFO - Epoch [4][2650/6976]	lr: 1.000e-03, eta: 9:06:04, time: 0.174, data_time: 0.009, memory: 13424, loss_cls: 0.4198, loss_bbox: 0.3773, loss_kps: 0.0000, loss: 0.7970
2026-09-23 16:08:28,800 - mmdet - INFO - Epoch [4][2700/6976]	lr: 1.000e-03, eta: 9:05:57, time: 0.181, data_time: 0.009, memory: 13424, loss_cls: 0.4585, loss_bbox: 0.3962, loss_kps: 0.0000, loss: 0.8546
2026-09-23 16:08:37,513 - mmdet - INFO - Epoch [4][2750/6976]	lr: 1.000e-03, eta: 9:05:47, time: 0.174, data_time: 0.009, memory: 13424, loss_cls: 0.4347, loss_bbox: 0.3934, loss_kps: 0.0000, loss: 0.8281
2026-09-23 16:08:46,294 - mmdet - INFO - Epoch [4][2800/6976]	lr: 1.000e-03, eta: 9:05:38, time: 0.176, data_time: 0.009, memory: 13424, loss_cls: 0.4238, loss_bbox: 0.3986, loss_kps: 0.0000, loss: 0.8224
2026-09-23 16:08:55,023 - mmdet - INFO - Epoch [4][2850/6976]	lr: 1.000e-03, eta: 9:05:29, time: 0.175, data_time: 0.009, memory: 13424, loss_cls: 0.4682, loss_bbox: 0.3862, loss_kps: 0.0000, loss: 0.8544
2026-09-23 16:09:03,851 - mmdet - INFO - Epoch [4][2900/6976]	lr: 1.000e-03, eta: 9:05:20, time: 0.177, data_time: 0.009, memory: 13424, loss_cls: 0.4362, loss_bbox: 0.3765, loss_kps: 0.0000, loss: 0.8127
2026-09-23 16:09:12,599 - mmdet - INFO - Epoch [4][2950/6976]	lr: 1.000e-03, eta: 9:05:10, time: 0.175, data_time: 0.010, memory: 13424, loss_cls: 0.4345, loss_bbox: 0.3811, loss_kps: 0.0000, loss: 0.8155
2026-09-23 16:09:21,305 - mmdet - INFO - Epoch [4][3000/6976]	lr: 1.000e-03, eta: 9:05:01, time: 0.174, data_time: 0.010, memory: 13424, loss_cls: 0.4314, loss_bbox: 0.3950, loss_kps: 0.0000, loss: 0.8264
2026-09-23 16:09:30,065 - mmdet - INFO - Epoch [4][3050/6976]	lr: 1.000e-03, eta: 9:04:51, time: 0.175, data_time: 0.009, memory: 13424, loss_cls: 0.4200, loss_bbox: 0.3713, loss_kps: 0.0000, loss: 0.7913
2026-09-23 16:09:39,078 - mmdet - INFO - Epoch [4][3100/6976]	lr: 1.000e-03, eta: 9:04:44, time: 0.180, data_time: 0.009, memory: 13424, loss_cls: 0.4371, loss_bbox: 0.3757, loss_kps: 0.0000, loss: 0.8128
2026-09-23 16:09:47,781 - mmdet - INFO - Epoch [4][3150/6976]	lr: 1.000e-03, eta: 9:04:34, time: 0.174, data_time: 0.009, memory: 13424, loss_cls: 0.4393, loss_bbox: 0.3774, loss_kps: 0.0000, loss: 0.8167
2026-09-23 16:09:56,552 - mmdet - INFO - Epoch [4][3200/6976]	lr: 1.000e-03, eta: 9:04:25, time: 0.175, data_time: 0.009, memory: 13424, loss_cls: 0.4435, loss_bbox: 0.4023, loss_kps: 0.0000, loss: 0.8458
2026-09-23 16:10:05,231 - mmdet - INFO - Epoch [4][3250/6976]	lr: 1.000e-03, eta: 9:04:15, time: 0.174, data_time: 0.009, memory: 13424, loss_cls: 0.4350, loss_bbox: 0.3770, loss_kps: 0.0000, loss: 0.8120
2026-09-23 16:10:13,928 - mmdet - INFO - Epoch [4][3300/6976]	lr: 1.000e-03, eta: 9:04:05, time: 0.174, data_time: 0.009, memory: 13424, loss_cls: 0.4421, loss_bbox: 0.3834, loss_kps: 0.0000, loss: 0.8255
2026-09-23 16:10:22,760 - mmdet - INFO - Epoch [4][3350/6976]	lr: 1.000e-03, eta: 9:03:57, time: 0.177, data_time: 0.010, memory: 13424, loss_cls: 0.4428, loss_bbox: 0.3813, loss_kps: 0.0000, loss: 0.8240
2026-09-23 16:10:31,494 - mmdet - INFO - Epoch [4][3400/6976]	lr: 1.000e-03, eta: 9:03:47, time: 0.175, data_time: 0.009, memory: 13424, loss_cls: 0.4220, loss_bbox: 0.3864, loss_kps: 0.0000, loss: 0.8085
2026-09-23 16:10:40,637 - mmdet - INFO - Epoch [4][3450/6976]	lr: 1.000e-03, eta: 9:03:41, time: 0.183, data_time: 0.017, memory: 13424, loss_cls: 0.4161, loss_bbox: 0.3789, loss_kps: 0.0000, loss: 0.7950
2026-09-23 16:10:49,308 - mmdet - INFO - Epoch [4][3500/6976]	lr: 1.000e-03, eta: 9:03:31, time: 0.173, data_time: 0.009, memory: 13424, loss_cls: 0.4310, loss_bbox: 0.3730, loss_kps: 0.0000, loss: 0.8040
2026-09-23 16:10:58,194 - mmdet - INFO - Epoch [4][3550/6976]	lr: 1.000e-03, eta: 9:03:23, time: 0.178, data_time: 0.009, memory: 13424, loss_cls: 0.4190, loss_bbox: 0.3665, loss_kps: 0.0000, loss: 0.7856
2026-09-23 16:11:07,106 - mmdet - INFO - Epoch [4][3600/6976]	lr: 1.000e-03, eta: 9:03:14, time: 0.178, data_time: 0.010, memory: 13424, loss_cls: 0.4396, loss_bbox: 0.3747, loss_kps: 0.0000, loss: 0.8143
2026-09-23 16:11:15,884 - mmdet - INFO - Epoch [4][3650/6976]	lr: 1.000e-03, eta: 9:03:05, time: 0.176, data_time: 0.010, memory: 13424, loss_cls: 0.4271, loss_bbox: 0.3721, loss_kps: 0.0000, loss: 0.7993
2026-09-23 16:11:24,591 - mmdet - INFO - Epoch [4][3700/6976]	lr: 1.000e-03, eta: 9:02:56, time: 0.174, data_time: 0.009, memory: 13424, loss_cls: 0.4245, loss_bbox: 0.3830, loss_kps: 0.0000, loss: 0.8075
2026-09-23 16:11:33,408 - mmdet - INFO - Epoch [4][3750/6976]	lr: 1.000e-03, eta: 9:02:47, time: 0.176, data_time: 0.009, memory: 13424, loss_cls: 0.4167, loss_bbox: 0.3945, loss_kps: 0.0000, loss: 0.8111
2026-09-23 16:11:42,287 - mmdet - INFO - Epoch [4][3800/6976]	lr: 1.000e-03, eta: 9:02:38, time: 0.178, data_time: 0.009, memory: 13424, loss_cls: 0.4199, loss_bbox: 0.3864, loss_kps: 0.0000, loss: 0.8063
2026-09-23 16:11:51,050 - mmdet - INFO - Epoch [4][3850/6976]	lr: 1.000e-03, eta: 9:02:29, time: 0.175, data_time: 0.009, memory: 13424, loss_cls: 0.4281, loss_bbox: 0.3809, loss_kps: 0.0000, loss: 0.8090
2026-09-23 16:11:59,765 - mmdet - INFO - Epoch [4][3900/6976]	lr: 1.000e-03, eta: 9:02:19, time: 0.174, data_time: 0.009, memory: 13424, loss_cls: 0.4341, loss_bbox: 0.3784, loss_kps: 0.0000, loss: 0.8125
2026-09-23 16:12:08,571 - mmdet - INFO - Epoch [4][3950/6976]	lr: 1.000e-03, eta: 9:02:11, time: 0.176, data_time: 0.009, memory: 13424, loss_cls: 0.4373, loss_bbox: 0.3940, loss_kps: 0.0000, loss: 0.8313
2026-09-23 16:12:17,350 - mmdet - INFO - Epoch [4][4000/6976]	lr: 1.000e-03, eta: 9:02:01, time: 0.176, data_time: 0.009, memory: 13424, loss_cls: 0.3909, loss_bbox: 0.3712, loss_kps: 0.0000, loss: 0.7622
2026-09-23 16:12:26,090 - mmdet - INFO - Epoch [4][4050/6976]	lr: 1.000e-03, eta: 9:01:52, time: 0.175, data_time: 0.010, memory: 13424, loss_cls: 0.4088, loss_bbox: 0.3727, loss_kps: 0.0000, loss: 0.7815
2026-09-23 16:12:35,090 - mmdet - INFO - Epoch [4][4100/6976]	lr: 1.000e-03, eta: 9:01:44, time: 0.180, data_time: 0.009, memory: 13424, loss_cls: 0.4372, loss_bbox: 0.3999, loss_kps: 0.0000, loss: 0.8371
2026-09-23 16:12:43,756 - mmdet - INFO - Epoch [4][4150/6976]	lr: 1.000e-03, eta: 9:01:35, time: 0.173, data_time: 0.009, memory: 13424, loss_cls: 0.4291, loss_bbox: 0.3810, loss_kps: 0.0000, loss: 0.8100
2026-09-23 16:12:52,557 - mmdet - INFO - Epoch [4][4200/6976]	lr: 1.000e-03, eta: 9:01:26, time: 0.176, data_time: 0.009, memory: 13424, loss_cls: 0.4384, loss_bbox: 0.3744, loss_kps: 0.0000, loss: 0.8128
2026-09-23 16:13:01,250 - mmdet - INFO - Epoch [4][4250/6976]	lr: 1.000e-03, eta: 9:01:16, time: 0.174, data_time: 0.009, memory: 13424, loss_cls: 0.4130, loss_bbox: 0.3774, loss_kps: 0.0000, loss: 0.7904
2026-09-23 16:13:09,984 - mmdet - INFO - Epoch [4][4300/6976]	lr: 1.000e-03, eta: 9:01:06, time: 0.175, data_time: 0.009, memory: 13424, loss_cls: 0.4481, loss_bbox: 0.4035, loss_kps: 0.0000, loss: 0.8516
2026-09-23 16:13:18,788 - mmdet - INFO - Epoch [4][4350/6976]	lr: 1.000e-03, eta: 9:00:57, time: 0.176, data_time: 0.010, memory: 13424, loss_cls: 0.4512, loss_bbox: 0.3850, loss_kps: 0.0000, loss: 0.8362
2026-09-23 16:13:27,517 - mmdet - INFO - Epoch [4][4400/6976]	lr: 1.000e-03, eta: 9:00:48, time: 0.175, data_time: 0.010, memory: 13424, loss_cls: 0.4384, loss_bbox: 0.3848, loss_kps: 0.0000, loss: 0.8231
2026-09-23 16:13:36,331 - mmdet - INFO - Epoch [4][4450/6976]	lr: 1.000e-03, eta: 9:00:39, time: 0.176, data_time: 0.009, memory: 13424, loss_cls: 0.4529, loss_bbox: 0.3940, loss_kps: 0.0000, loss: 0.8469
2026-09-23 16:13:45,062 - mmdet - INFO - Epoch [4][4500/6976]	lr: 1.000e-03, eta: 9:00:30, time: 0.175, data_time: 0.009, memory: 13424, loss_cls: 0.4094, loss_bbox: 0.3865, loss_kps: 0.0000, loss: 0.7958
2026-09-23 16:13:53,820 - mmdet - INFO - Epoch [4][4550/6976]	lr: 1.000e-03, eta: 9:00:20, time: 0.175, data_time: 0.009, memory: 13424, loss_cls: 0.4293, loss_bbox: 0.3996, loss_kps: 0.0000, loss: 0.8289
2026-09-23 16:14:02,647 - mmdet - INFO - Epoch [4][4600/6976]	lr: 1.000e-03, eta: 9:00:12, time: 0.177, data_time: 0.009, memory: 13424, loss_cls: 0.4183, loss_bbox: 0.3647, loss_kps: 0.0000, loss: 0.7830
2026-09-23 16:14:11,433 - mmdet - INFO - Epoch [4][4650/6976]	lr: 1.000e-03, eta: 9:00:03, time: 0.176, data_time: 0.009, memory: 13424, loss_cls: 0.4180, loss_bbox: 0.3948, loss_kps: 0.0000, loss: 0.8127
2026-09-23 16:14:20,165 - mmdet - INFO - Epoch [4][4700/6976]	lr: 1.000e-03, eta: 8:59:53, time: 0.175, data_time: 0.010, memory: 13424, loss_cls: 0.4275, loss_bbox: 0.3912, loss_kps: 0.0000, loss: 0.8187
2026-09-23 16:14:28,861 - mmdet - INFO - Epoch [4][4750/6976]	lr: 1.000e-03, eta: 8:59:43, time: 0.174, data_time: 0.009, memory: 13424, loss_cls: 0.4167, loss_bbox: 0.3820, loss_kps: 0.0000, loss: 0.7987
2026-09-23 16:14:37,938 - mmdet - INFO - Epoch [4][4800/6976]	lr: 1.000e-03, eta: 8:59:36, time: 0.181, data_time: 0.009, memory: 13424, loss_cls: 0.4354, loss_bbox: 0.3967, loss_kps: 0.0000, loss: 0.8322
2026-09-23 16:14:46,713 - mmdet - INFO - Epoch [4][4850/6976]	lr: 1.000e-03, eta: 8:59:27, time: 0.175, data_time: 0.009, memory: 13424, loss_cls: 0.4261, loss_bbox: 0.3809, loss_kps: 0.0000, loss: 0.8070
2026-09-23 16:14:55,349 - mmdet - INFO - Epoch [4][4900/6976]	lr: 1.000e-03, eta: 8:59:17, time: 0.173, data_time: 0.009, memory: 13424, loss_cls: 0.4508, loss_bbox: 0.3957, loss_kps: 0.0000, loss: 0.8465
2026-09-23 16:15:04,052 - mmdet - INFO - Epoch [4][4950/6976]	lr: 1.000e-03, eta: 8:59:07, time: 0.174, data_time: 0.009, memory: 13424, loss_cls: 0.4493, loss_bbox: 0.3972, loss_kps: 0.0000, loss: 0.8465
2026-09-23 16:15:12,831 - mmdet - INFO - Epoch [4][5000/6976]	lr: 1.000e-03, eta: 8:58:58, time: 0.176, data_time: 0.009, memory: 13424, loss_cls: 0.4452, loss_bbox: 0.3834, loss_kps: 0.0000, loss: 0.8286
2026-09-23 16:15:21,737 - mmdet - INFO - Epoch [4][5050/6976]	lr: 1.000e-03, eta: 8:58:50, time: 0.178, data_time: 0.010, memory: 13424, loss_cls: 0.4483, loss_bbox: 0.3779, loss_kps: 0.0000, loss: 0.8261
2026-09-23 16:15:30,567 - mmdet - INFO - Epoch [4][5100/6976]	lr: 1.000e-03, eta: 8:58:41, time: 0.177, data_time: 0.010, memory: 13424, loss_cls: 0.4413, loss_bbox: 0.3801, loss_kps: 0.0000, loss: 0.8214
2026-09-23 16:15:39,260 - mmdet - INFO - Epoch [4][5150/6976]	lr: 1.000e-03, eta: 8:58:32, time: 0.174, data_time: 0.009, memory: 13424, loss_cls: 0.4293, loss_bbox: 0.4003, loss_kps: 0.0000, loss: 0.8296
2026-09-23 16:15:47,990 - mmdet - INFO - Epoch [4][5200/6976]	lr: 1.000e-03, eta: 8:58:22, time: 0.175, data_time: 0.009, memory: 13424, loss_cls: 0.4324, loss_bbox: 0.3894, loss_kps: 0.0000, loss: 0.8218
2026-09-23 16:15:56,694 - mmdet - INFO - Epoch [4][5250/6976]	lr: 1.000e-03, eta: 8:58:13, time: 0.174, data_time: 0.009, memory: 13424, loss_cls: 0.4404, loss_bbox: 0.3874, loss_kps: 0.0000, loss: 0.8278
2026-09-23 16:16:05,420 - mmdet - INFO - Epoch [4][5300/6976]	lr: 1.000e-03, eta: 8:58:03, time: 0.174, data_time: 0.009, memory: 13424, loss_cls: 0.4581, loss_bbox: 0.3932, loss_kps: 0.0000, loss: 0.8512
2026-09-23 16:16:14,144 - mmdet - INFO - Epoch [4][5350/6976]	lr: 1.000e-03, eta: 8:57:54, time: 0.174, data_time: 0.010, memory: 13424, loss_cls: 0.4385, loss_bbox: 0.3861, loss_kps: 0.0000, loss: 0.8246
2026-09-23 16:16:22,784 - mmdet - INFO - Epoch [4][5400/6976]	lr: 1.000e-03, eta: 8:57:44, time: 0.173, data_time: 0.009, memory: 13424, loss_cls: 0.4322, loss_bbox: 0.3924, loss_kps: 0.0000, loss: 0.8246
2026-09-23 16:16:31,599 - mmdet - INFO - Epoch [4][5450/6976]	lr: 1.000e-03, eta: 8:57:35, time: 0.176, data_time: 0.010, memory: 13424, loss_cls: 0.4016, loss_bbox: 0.3744, loss_kps: 0.0000, loss: 0.7759
2026-09-23 16:16:40,319 - mmdet - INFO - Epoch [4][5500/6976]	lr: 1.000e-03, eta: 8:57:25, time: 0.174, data_time: 0.009, memory: 13424, loss_cls: 0.4341, loss_bbox: 0.3876, loss_kps: 0.0000, loss: 0.8217
2026-09-23 16:16:48,969 - mmdet - INFO - Epoch [4][5550/6976]	lr: 1.000e-03, eta: 8:57:15, time: 0.173, data_time: 0.009, memory: 13424, loss_cls: 0.4351, loss_bbox: 0.3826, loss_kps: 0.0000, loss: 0.8177
2026-09-23 16:16:57,983 - mmdet - INFO - Epoch [4][5600/6976]	lr: 1.000e-03, eta: 8:57:08, time: 0.180, data_time: 0.009, memory: 13424, loss_cls: 0.4356, loss_bbox: 0.3890, loss_kps: 0.0000, loss: 0.8246
2026-09-23 16:17:06,685 - mmdet - INFO - Epoch [4][5650/6976]	lr: 1.000e-03, eta: 8:56:58, time: 0.174, data_time: 0.009, memory: 13424, loss_cls: 0.4132, loss_bbox: 0.3871, loss_kps: 0.0000, loss: 0.8002
2026-09-23 16:17:15,343 - mmdet - INFO - Epoch [4][5700/6976]	lr: 1.000e-03, eta: 8:56:48, time: 0.173, data_time: 0.009, memory: 13424, loss_cls: 0.4171, loss_bbox: 0.3782, loss_kps: 0.0000, loss: 0.7953
2026-09-23 16:17:24,162 - mmdet - INFO - Epoch [4][5750/6976]	lr: 1.000e-03, eta: 8:56:40, time: 0.176, data_time: 0.009, memory: 13424, loss_cls: 0.4224, loss_bbox: 0.3882, loss_kps: 0.0000, loss: 0.8106
2026-09-23 16:17:32,957 - mmdet - INFO - Epoch [4][5800/6976]	lr: 1.000e-03, eta: 8:56:31, time: 0.176, data_time: 0.010, memory: 13424, loss_cls: 0.4029, loss_bbox: 0.3616, loss_kps: 0.0000, loss: 0.7645
2026-09-23 16:17:41,793 - mmdet - INFO - Epoch [4][5850/6976]	lr: 1.000e-03, eta: 8:56:22, time: 0.177, data_time: 0.010, memory: 13424, loss_cls: 0.4420, loss_bbox: 0.3856, loss_kps: 0.0000, loss: 0.8276
2026-09-23 16:17:50,596 - mmdet - INFO - Epoch [4][5900/6976]	lr: 1.000e-03, eta: 8:56:13, time: 0.176, data_time: 0.010, memory: 13424, loss_cls: 0.4075, loss_bbox: 0.3679, loss_kps: 0.0000, loss: 0.7754
2026-09-23 16:17:59,300 - mmdet - INFO - Epoch [4][5950/6976]	lr: 1.000e-03, eta: 8:56:03, time: 0.174, data_time: 0.010, memory: 13424, loss_cls: 0.4306, loss_bbox: 0.3851, loss_kps: 0.0000, loss: 0.8157
2026-09-23 16:18:07,999 - mmdet - INFO - Epoch [4][6000/6976]	lr: 1.000e-03, eta: 8:55:54, time: 0.174, data_time: 0.010, memory: 13424, loss_cls: 0.4363, loss_bbox: 0.3893, loss_kps: 0.0000, loss: 0.8257
2026-09-23 16:18:16,786 - mmdet - INFO - Epoch [4][6050/6976]	lr: 1.000e-03, eta: 8:55:45, time: 0.176, data_time: 0.010, memory: 13424, loss_cls: 0.4345, loss_bbox: 0.3741, loss_kps: 0.0000, loss: 0.8086
2026-09-23 16:18:25,452 - mmdet - INFO - Epoch [4][6100/6976]	lr: 1.000e-03, eta: 8:55:35, time: 0.173, data_time: 0.009, memory: 13424, loss_cls: 0.4366, loss_bbox: 0.3850, loss_kps: 0.0000, loss: 0.8216
2026-09-23 16:18:34,192 - mmdet - INFO - Epoch [4][6150/6976]	lr: 1.000e-03, eta: 8:55:26, time: 0.175, data_time: 0.009, memory: 13424, loss_cls: 0.3999, loss_bbox: 0.3716, loss_kps: 0.0000, loss: 0.7715
2026-09-23 16:18:42,882 - mmdet - INFO - Epoch [4][6200/6976]	lr: 1.000e-03, eta: 8:55:16, time: 0.174, data_time: 0.009, memory: 13424, loss_cls: 0.4350, loss_bbox: 0.3907, loss_kps: 0.0000, loss: 0.8257
2026-09-23 16:18:51,670 - mmdet - INFO - Epoch [4][6250/6976]	lr: 1.000e-03, eta: 8:55:07, time: 0.176, data_time: 0.010, memory: 13424, loss_cls: 0.4333, loss_bbox: 0.3924, loss_kps: 0.0000, loss: 0.8258
2026-09-23 16:19:00,381 - mmdet - INFO - Epoch [4][6300/6976]	lr: 1.000e-03, eta: 8:54:57, time: 0.174, data_time: 0.009, memory: 13424, loss_cls: 0.4334, loss_bbox: 0.3947, loss_kps: 0.0000, loss: 0.8281
2026-09-23 16:19:09,110 - mmdet - INFO - Epoch [4][6350/6976]	lr: 1.000e-03, eta: 8:54:48, time: 0.175, data_time: 0.009, memory: 13424, loss_cls: 0.4255, loss_bbox: 0.3985, loss_kps: 0.0000, loss: 0.8240
2026-09-23 16:19:17,867 - mmdet - INFO - Epoch [4][6400/6976]	lr: 1.000e-03, eta: 8:54:39, time: 0.175, data_time: 0.010, memory: 13424, loss_cls: 0.4129, loss_bbox: 0.3800, loss_kps: 0.0000, loss: 0.7929
2026-09-23 16:19:26,508 - mmdet - INFO - Epoch [4][6450/6976]	lr: 1.000e-03, eta: 8:54:29, time: 0.173, data_time: 0.009, memory: 13424, loss_cls: 0.4391, loss_bbox: 0.3940, loss_kps: 0.0000, loss: 0.8330
2026-09-23 16:19:35,271 - mmdet - INFO - Epoch [4][6500/6976]	lr: 1.000e-03, eta: 8:54:20, time: 0.175, data_time: 0.009, memory: 13424, loss_cls: 0.4135, loss_bbox: 0.3795, loss_kps: 0.0000, loss: 0.7930
2026-09-23 16:19:43,963 - mmdet - INFO - Epoch [4][6550/6976]	lr: 1.000e-03, eta: 8:54:10, time: 0.174, data_time: 0.009, memory: 13424, loss_cls: 0.4200, loss_bbox: 0.3776, loss_kps: 0.0000, loss: 0.7977
2026-09-23 16:19:52,713 - mmdet - INFO - Epoch [4][6600/6976]	lr: 1.000e-03, eta: 8:54:01, time: 0.175, data_time: 0.009, memory: 13424, loss_cls: 0.4377, loss_bbox: 0.3826, loss_kps: 0.0000, loss: 0.8203
2026-09-23 16:20:01,489 - mmdet - INFO - Epoch [4][6650/6976]	lr: 1.000e-03, eta: 8:53:52, time: 0.176, data_time: 0.009, memory: 13424, loss_cls: 0.4092, loss_bbox: 0.3832, loss_kps: 0.0000, loss: 0.7924
2026-09-23 16:20:10,223 - mmdet - INFO - Epoch [4][6700/6976]	lr: 1.000e-03, eta: 8:53:42, time: 0.175, data_time: 0.010, memory: 13424, loss_cls: 0.4340, loss_bbox: 0.3662, loss_kps: 0.0000, loss: 0.8002
2026-09-23 16:20:18,855 - mmdet - INFO - Epoch [4][6750/6976]	lr: 1.000e-03, eta: 8:53:32, time: 0.173, data_time: 0.010, memory: 13424, loss_cls: 0.3967, loss_bbox: 0.3721, loss_kps: 0.0000, loss: 0.7689
2026-09-23 16:20:27,572 - mmdet - INFO - Epoch [4][6800/6976]	lr: 1.000e-03, eta: 8:53:23, time: 0.174, data_time: 0.010, memory: 13424, loss_cls: 0.4583, loss_bbox: 0.3882, loss_kps: 0.0000, loss: 0.8466
2026-09-23 16:20:36,330 - mmdet - INFO - Epoch [4][6850/6976]	lr: 1.000e-03, eta: 8:53:14, time: 0.175, data_time: 0.010, memory: 13424, loss_cls: 0.4203, loss_bbox: 0.3826, loss_kps: 0.0000, loss: 0.8029
2026-09-23 16:20:45,091 - mmdet - INFO - Epoch [4][6900/6976]	lr: 1.000e-03, eta: 8:53:05, time: 0.175, data_time: 0.010, memory: 13424, loss_cls: 0.4515, loss_bbox: 0.3814, loss_kps: 0.0000, loss: 0.8329
2026-09-23 16:20:53,747 - mmdet - INFO - Epoch [4][6950/6976]	lr: 1.000e-03, eta: 8:52:55, time: 0.173, data_time: 0.010, memory: 13424, loss_cls: 0.4689, loss_bbox: 0.3903, loss_kps: 0.0000, loss: 0.8591
2026-09-23 16:20:58,360 - mmdet - INFO - Saving checkpoint at 4 epochs
2026-09-23 16:21:12,220 - mmdet - INFO - Epoch [5][50/6976]	lr: 1.000e-03, eta: 8:52:43, time: 0.272, data_time: 0.099, memory: 13424, loss_cls: 0.4229, loss_bbox: 0.3761, loss_kps: 0.0000, loss: 0.7990
2026-09-23 16:21:21,460 - mmdet - INFO - Epoch [5][100/6976]	lr: 1.000e-03, eta: 8:52:37, time: 0.185, data_time: 0.009, memory: 13424, loss_cls: 0.4293, loss_bbox: 0.3784, loss_kps: 0.0000, loss: 0.8077
2026-09-23 16:21:30,294 - mmdet - INFO - Epoch [5][150/6976]	lr: 1.000e-03, eta: 8:52:28, time: 0.177, data_time: 0.009, memory: 13424, loss_cls: 0.4264, loss_bbox: 0.3800, loss_kps: 0.0000, loss: 0.8064
2026-09-23 16:21:39,029 - mmdet - INFO - Epoch [5][200/6976]	lr: 1.000e-03, eta: 8:52:19, time: 0.175, data_time: 0.009, memory: 13424, loss_cls: 0.4324, loss_bbox: 0.3968, loss_kps: 0.0000, loss: 0.8292
2026-09-23 16:21:47,685 - mmdet - INFO - Epoch [5][250/6976]	lr: 1.000e-03, eta: 8:52:09, time: 0.173, data_time: 0.009, memory: 13424, loss_cls: 0.4303, loss_bbox: 0.3720, loss_kps: 0.0000, loss: 0.8023
2026-09-23 16:21:56,453 - mmdet - INFO - Epoch [5][300/6976]	lr: 1.000e-03, eta: 8:52:00, time: 0.175, data_time: 0.009, memory: 13424, loss_cls: 0.4308, loss_bbox: 0.3705, loss_kps: 0.0000, loss: 0.8014
2026-09-23 16:22:05,292 - mmdet - INFO - Epoch [5][350/6976]	lr: 1.000e-03, eta: 8:51:51, time: 0.177, data_time: 0.009, memory: 13424, loss_cls: 0.4470, loss_bbox: 0.3863, loss_kps: 0.0000, loss: 0.8333
2026-09-23 16:22:14,051 - mmdet - INFO - Epoch [5][400/6976]	lr: 1.000e-03, eta: 8:51:42, time: 0.175, data_time: 0.009, memory: 13424, loss_cls: 0.4193, loss_bbox: 0.3753, loss_kps: 0.0000, loss: 0.7946
2026-09-23 16:22:22,785 - mmdet - INFO - Epoch [5][450/6976]	lr: 1.000e-03, eta: 8:51:33, time: 0.175, data_time: 0.009, memory: 13424, loss_cls: 0.3795, loss_bbox: 0.3668, loss_kps: 0.0000, loss: 0.7463
2026-09-23 16:22:31,511 - mmdet - INFO - Epoch [5][500/6976]	lr: 1.000e-03, eta: 8:51:23, time: 0.174, data_time: 0.009, memory: 13424, loss_cls: 0.4234, loss_bbox: 0.3938, loss_kps: 0.0000, loss: 0.8171
2026-09-23 16:22:40,314 - mmdet - INFO - Epoch [5][550/6976]	lr: 1.000e-03, eta: 8:51:14, time: 0.176, data_time: 0.009, memory: 13424, loss_cls: 0.4388, loss_bbox: 0.3878, loss_kps: 0.0000, loss: 0.8265
2026-09-23 16:22:49,169 - mmdet - INFO - Epoch [5][600/6976]	lr: 1.000e-03, eta: 8:51:06, time: 0.177, data_time: 0.009, memory: 13424, loss_cls: 0.4010, loss_bbox: 0.3655, loss_kps: 0.0000, loss: 0.7665
2026-09-23 16:22:58,333 - mmdet - INFO - Epoch [5][650/6976]	lr: 1.000e-03, eta: 8:50:59, time: 0.183, data_time: 0.009, memory: 13424, loss_cls: 0.3982, loss_bbox: 0.3622, loss_kps: 0.0000, loss: 0.7604
2026-09-23 16:23:07,440 - mmdet - INFO - Epoch [5][700/6976]	lr: 1.000e-03, eta: 8:50:52, time: 0.182, data_time: 0.009, memory: 13424, loss_cls: 0.4197, loss_bbox: 0.3844, loss_kps: 0.0000, loss: 0.8041
2026-09-23 16:23:16,208 - mmdet - INFO - Epoch [5][750/6976]	lr: 1.000e-03, eta: 8:50:43, time: 0.176, data_time: 0.009, memory: 13424, loss_cls: 0.4127, loss_bbox: 0.3845, loss_kps: 0.0000, loss: 0.7972
2026-09-23 16:23:24,931 - mmdet - INFO - Epoch [5][800/6976]	lr: 1.000e-03, eta: 8:50:34, time: 0.174, data_time: 0.009, memory: 13424, loss_cls: 0.4338, loss_bbox: 0.3960, loss_kps: 0.0000, loss: 0.8298
2026-09-23 16:23:33,661 - mmdet - INFO - Epoch [5][850/6976]	lr: 1.000e-03, eta: 8:50:24, time: 0.175, data_time: 0.010, memory: 13424, loss_cls: 0.4224, loss_bbox: 0.3759, loss_kps: 0.0000, loss: 0.7984
2026-09-23 16:23:42,497 - mmdet - INFO - Epoch [5][900/6976]	lr: 1.000e-03, eta: 8:50:16, time: 0.177, data_time: 0.009, memory: 13424, loss_cls: 0.4310, loss_bbox: 0.3902, loss_kps: 0.0000, loss: 0.8212
2026-09-23 16:23:51,533 - mmdet - INFO - Epoch [5][950/6976]	lr: 1.000e-03, eta: 8:50:08, time: 0.180, data_time: 0.009, memory: 13424, loss_cls: 0.4610, loss_bbox: 0.3873, loss_kps: 0.0000, loss: 0.8482
2026-09-23 16:24:00,240 - mmdet - INFO - Epoch [5][1000/6976]	lr: 1.000e-03, eta: 8:49:59, time: 0.174, data_time: 0.009, memory: 13424, loss_cls: 0.4381, loss_bbox: 0.3946, loss_kps: 0.0000, loss: 0.8327
2026-09-23 16:24:09,003 - mmdet - INFO - Epoch [5][1050/6976]	lr: 1.000e-03, eta: 8:49:50, time: 0.175, data_time: 0.009, memory: 13424, loss_cls: 0.4422, loss_bbox: 0.3954, loss_kps: 0.0000, loss: 0.8375
2026-09-23 16:24:17,767 - mmdet - INFO - Epoch [5][1100/6976]	lr: 1.000e-03, eta: 8:49:40, time: 0.175, data_time: 0.009, memory: 13424, loss_cls: 0.4241, loss_bbox: 0.3702, loss_kps: 0.0000, loss: 0.7942
2026-09-23 16:24:26,632 - mmdet - INFO - Epoch [5][1150/6976]	lr: 1.000e-03, eta: 8:49:32, time: 0.178, data_time: 0.009, memory: 13424, loss_cls: 0.4455, loss_bbox: 0.3812, loss_kps: 0.0000, loss: 0.8267
2026-09-23 16:24:35,358 - mmdet - INFO - Epoch [5][1200/6976]	lr: 1.000e-03, eta: 8:49:23, time: 0.174, data_time: 0.009, memory: 13424, loss_cls: 0.4226, loss_bbox: 0.3816, loss_kps: 0.0000, loss: 0.8041
2026-09-23 16:24:44,142 - mmdet - INFO - Epoch [5][1250/6976]	lr: 1.000e-03, eta: 8:49:14, time: 0.176, data_time: 0.010, memory: 13424, loss_cls: 0.4439, loss_bbox: 0.3802, loss_kps: 0.0000, loss: 0.8241
2026-09-23 16:24:52,835 - mmdet - INFO - Epoch [5][1300/6976]	lr: 1.000e-03, eta: 8:49:04, time: 0.174, data_time: 0.009, memory: 13424, loss_cls: 0.4501, loss_bbox: 0.3866, loss_kps: 0.0000, loss: 0.8367
2026-09-23 16:25:01,670 - mmdet - INFO - Epoch [5][1350/6976]	lr: 1.000e-03, eta: 8:48:55, time: 0.177, data_time: 0.009, memory: 13424, loss_cls: 0.4417, loss_bbox: 0.3810, loss_kps: 0.0000, loss: 0.8227
2026-09-23 16:25:10,399 - mmdet - INFO - Epoch [5][1400/6976]	lr: 1.000e-03, eta: 8:48:46, time: 0.175, data_time: 0.009, memory: 13424, loss_cls: 0.4213, loss_bbox: 0.3912, loss_kps: 0.0000, loss: 0.8124
2026-09-23 16:25:19,150 - mmdet - INFO - Epoch [5][1450/6976]	lr: 1.000e-03, eta: 8:48:37, time: 0.175, data_time: 0.010, memory: 13424, loss_cls: 0.4323, loss_bbox: 0.3802, loss_kps: 0.0000, loss: 0.8125
2026-09-23 16:25:27,883 - mmdet - INFO - Epoch [5][1500/6976]	lr: 1.000e-03, eta: 8:48:27, time: 0.175, data_time: 0.009, memory: 13424, loss_cls: 0.4211, loss_bbox: 0.3832, loss_kps: 0.0000, loss: 0.8043
2026-09-23 16:25:36,599 - mmdet - INFO - Epoch [5][1550/6976]	lr: 1.000e-03, eta: 8:48:18, time: 0.174, data_time: 0.009, memory: 13424, loss_cls: 0.4424, loss_bbox: 0.3800, loss_kps: 0.0000, loss: 0.8224
2026-09-23 16:25:45,384 - mmdet - INFO - Epoch [5][1600/6976]	lr: 1.000e-03, eta: 8:48:09, time: 0.175, data_time: 0.009, memory: 13424, loss_cls: 0.4280, loss_bbox: 0.3843, loss_kps: 0.0000, loss: 0.8123
2026-09-23 16:25:54,183 - mmdet - INFO - Epoch [5][1650/6976]	lr: 1.000e-03, eta: 8:48:00, time: 0.176, data_time: 0.009, memory: 13424, loss_cls: 0.4441, loss_bbox: 0.3738, loss_kps: 0.0000, loss: 0.8179
2026-09-23 16:26:02,927 - mmdet - INFO - Epoch [5][1700/6976]	lr: 1.000e-03, eta: 8:47:51, time: 0.175, data_time: 0.009, memory: 13424, loss_cls: 0.4037, loss_bbox: 0.3804, loss_kps: 0.0000, loss: 0.7841
2026-09-23 16:26:11,668 - mmdet - INFO - Epoch [5][1750/6976]	lr: 1.000e-03, eta: 8:47:42, time: 0.175, data_time: 0.009, memory: 13424, loss_cls: 0.4481, loss_bbox: 0.3873, loss_kps: 0.0000, loss: 0.8354
2026-09-23 16:26:20,522 - mmdet - INFO - Epoch [5][1800/6976]	lr: 1.000e-03, eta: 8:47:33, time: 0.177, data_time: 0.009, memory: 13424, loss_cls: 0.4290, loss_bbox: 0.3780, loss_kps: 0.0000, loss: 0.8070
2026-09-23 16:26:29,255 - mmdet - INFO - Epoch [5][1850/6976]	lr: 1.000e-03, eta: 8:47:24, time: 0.175, data_time: 0.010, memory: 13424, loss_cls: 0.4161, loss_bbox: 0.3733, loss_kps: 0.0000, loss: 0.7894
2026-09-23 16:26:38,006 - mmdet - INFO - Epoch [5][1900/6976]	lr: 1.000e-03, eta: 8:47:15, time: 0.175, data_time: 0.009, memory: 13424, loss_cls: 0.4282, loss_bbox: 0.3879, loss_kps: 0.0000, loss: 0.8162
2026-09-23 16:26:46,833 - mmdet - INFO - Epoch [5][1950/6976]	lr: 1.000e-03, eta: 8:47:06, time: 0.177, data_time: 0.009, memory: 13424, loss_cls: 0.4669, loss_bbox: 0.4052, loss_kps: 0.0000, loss: 0.8721
2026-09-23 16:26:55,612 - mmdet - INFO - Epoch [5][2000/6976]	lr: 1.000e-03, eta: 8:46:57, time: 0.175, data_time: 0.009, memory: 13424, loss_cls: 0.4663, loss_bbox: 0.3937, loss_kps: 0.0000, loss: 0.8600
2026-09-23 16:27:04,403 - mmdet - INFO - Epoch [5][2050/6976]	lr: 1.000e-03, eta: 8:46:48, time: 0.176, data_time: 0.009, memory: 13424, loss_cls: 0.4298, loss_bbox: 0.3810, loss_kps: 0.0000, loss: 0.8108
2026-09-23 16:27:13,115 - mmdet - INFO - Epoch [5][2100/6976]	lr: 1.000e-03, eta: 8:46:38, time: 0.174, data_time: 0.009, memory: 13424, loss_cls: 0.4286, loss_bbox: 0.3901, loss_kps: 0.0000, loss: 0.8187
2026-09-23 16:27:21,952 - mmdet - INFO - Epoch [5][2150/6976]	lr: 1.000e-03, eta: 8:46:30, time: 0.177, data_time: 0.009, memory: 13424, loss_cls: 0.4325, loss_bbox: 0.3808, loss_kps: 0.0000, loss: 0.8133
2026-09-23 16:27:30,716 - mmdet - INFO - Epoch [5][2200/6976]	lr: 1.000e-03, eta: 8:46:21, time: 0.175, data_time: 0.010, memory: 13424, loss_cls: 0.4341, loss_bbox: 0.3787, loss_kps: 0.0000, loss: 0.8129
2026-09-23 16:27:39,505 - mmdet - INFO - Epoch [5][2250/6976]	lr: 1.000e-03, eta: 8:46:12, time: 0.176, data_time: 0.009, memory: 13424, loss_cls: 0.4425, loss_bbox: 0.3780, loss_kps: 0.0000, loss: 0.8205
2026-09-23 16:27:48,252 - mmdet - INFO - Epoch [5][2300/6976]	lr: 1.000e-03, eta: 8:46:03, time: 0.175, data_time: 0.010, memory: 13424, loss_cls: 0.3930, loss_bbox: 0.3639, loss_kps: 0.0000, loss: 0.7570
2026-09-23 16:27:57,044 - mmdet - INFO - Epoch [5][2350/6976]	lr: 1.000e-03, eta: 8:45:54, time: 0.176, data_time: 0.010, memory: 13424, loss_cls: 0.4300, loss_bbox: 0.3873, loss_kps: 0.0000, loss: 0.8173
2026-09-23 16:28:05,715 - mmdet - INFO - Epoch [5][2400/6976]	lr: 1.000e-03, eta: 8:45:44, time: 0.174, data_time: 0.010, memory: 13424, loss_cls: 0.4209, loss_bbox: 0.3780, loss_kps: 0.0000, loss: 0.7989
2026-09-23 16:28:14,356 - mmdet - INFO - Epoch [5][2450/6976]	lr: 1.000e-03, eta: 8:45:34, time: 0.173, data_time: 0.010, memory: 13424, loss_cls: 0.4225, loss_bbox: 0.3786, loss_kps: 0.0000, loss: 0.8011
2026-09-23 16:28:23,016 - mmdet - INFO - Epoch [5][2500/6976]	lr: 1.000e-03, eta: 8:45:24, time: 0.173, data_time: 0.010, memory: 13424, loss_cls: 0.4199, loss_bbox: 0.3762, loss_kps: 0.0000, loss: 0.7961
2026-09-23 16:28:31,798 - mmdet - INFO - Epoch [5][2550/6976]	lr: 1.000e-03, eta: 8:45:15, time: 0.176, data_time: 0.010, memory: 13424, loss_cls: 0.4353, loss_bbox: 0.3822, loss_kps: 0.0000, loss: 0.8175
2026-09-23 16:28:40,607 - mmdet - INFO - Epoch [5][2600/6976]	lr: 1.000e-03, eta: 8:45:07, time: 0.176, data_time: 0.010, memory: 13424, loss_cls: 0.4278, loss_bbox: 0.3907, loss_kps: 0.0000, loss: 0.8185
2026-09-23 16:28:49,341 - mmdet - INFO - Epoch [5][2650/6976]	lr: 1.000e-03, eta: 8:44:57, time: 0.175, data_time: 0.010, memory: 13424, loss_cls: 0.4309, loss_bbox: 0.4069, loss_kps: 0.0000, loss: 0.8378
2026-09-23 16:28:58,078 - mmdet - INFO - Epoch [5][2700/6976]	lr: 1.000e-03, eta: 8:44:48, time: 0.175, data_time: 0.010, memory: 13424, loss_cls: 0.4363, loss_bbox: 0.3853, loss_kps: 0.0000, loss: 0.8216
2026-09-23 16:29:06,791 - mmdet - INFO - Epoch [5][2750/6976]	lr: 1.000e-03, eta: 8:44:39, time: 0.174, data_time: 0.010, memory: 13424, loss_cls: 0.4282, loss_bbox: 0.3651, loss_kps: 0.0000, loss: 0.7934
2026-09-23 16:29:15,453 - mmdet - INFO - Epoch [5][2800/6976]	lr: 1.000e-03, eta: 8:44:29, time: 0.173, data_time: 0.010, memory: 13424, loss_cls: 0.4069, loss_bbox: 0.3719, loss_kps: 0.0000, loss: 0.7788
2026-09-23 16:29:24,242 - mmdet - INFO - Epoch [5][2850/6976]	lr: 1.000e-03, eta: 8:44:20, time: 0.176, data_time: 0.010, memory: 13424, loss_cls: 0.4389, loss_bbox: 0.3731, loss_kps: 0.0000, loss: 0.8120
2026-09-23 16:29:32,949 - mmdet - INFO - Epoch [5][2900/6976]	lr: 1.000e-03, eta: 8:44:11, time: 0.174, data_time: 0.010, memory: 13424, loss_cls: 0.4178, loss_bbox: 0.3669, loss_kps: 0.0000, loss: 0.7848
2026-09-23 16:29:41,637 - mmdet - INFO - Epoch [5][2950/6976]	lr: 1.000e-03, eta: 8:44:01, time: 0.174, data_time: 0.009, memory: 13424, loss_cls: 0.4085, loss_bbox: 0.3817, loss_kps: 0.0000, loss: 0.7903
2026-09-23 16:29:50,430 - mmdet - INFO - Epoch [5][3000/6976]	lr: 1.000e-03, eta: 8:43:52, time: 0.176, data_time: 0.010, memory: 13424, loss_cls: 0.4336, loss_bbox: 0.3794, loss_kps: 0.0000, loss: 0.8129
2026-09-23 16:29:59,189 - mmdet - INFO - Epoch [5][3050/6976]	lr: 1.000e-03, eta: 8:43:43, time: 0.175, data_time: 0.010, memory: 13424, loss_cls: 0.4073, loss_bbox: 0.3789, loss_kps: 0.0000, loss: 0.7862
2026-09-23 16:30:08,015 - mmdet - INFO - Epoch [5][3100/6976]	lr: 1.000e-03, eta: 8:43:34, time: 0.177, data_time: 0.010, memory: 13424, loss_cls: 0.4208, loss_bbox: 0.3756, loss_kps: 0.0000, loss: 0.7964
2026-09-23 16:30:16,791 - mmdet - INFO - Epoch [5][3150/6976]	lr: 1.000e-03, eta: 8:43:25, time: 0.175, data_time: 0.010, memory: 13424, loss_cls: 0.4520, loss_bbox: 0.3920, loss_kps: 0.0000, loss: 0.8440
2026-09-23 16:30:25,855 - mmdet - INFO - Epoch [5][3200/6976]	lr: 1.000e-03, eta: 8:43:18, time: 0.181, data_time: 0.010, memory: 13424, loss_cls: 0.4430, loss_bbox: 0.3926, loss_kps: 0.0000, loss: 0.8357
2026-09-23 16:30:34,569 - mmdet - INFO - Epoch [5][3250/6976]	lr: 1.000e-03, eta: 8:43:09, time: 0.174, data_time: 0.010, memory: 13424, loss_cls: 0.4079, loss_bbox: 0.3829, loss_kps: 0.0000, loss: 0.7908
2026-09-23 16:30:43,304 - mmdet - INFO - Epoch [5][3300/6976]	lr: 1.000e-03, eta: 8:42:59, time: 0.175, data_time: 0.010, memory: 13424, loss_cls: 0.4442, loss_bbox: 0.3879, loss_kps: 0.0000, loss: 0.8322
2026-09-23 16:30:52,423 - mmdet - INFO - Epoch [5][3350/6976]	lr: 1.000e-03, eta: 8:42:52, time: 0.182, data_time: 0.010, memory: 13424, loss_cls: 0.4088, loss_bbox: 0.3682, loss_kps: 0.0000, loss: 0.7770
2026-09-23 16:31:01,177 - mmdet - INFO - Epoch [5][3400/6976]	lr: 1.000e-03, eta: 8:42:43, time: 0.175, data_time: 0.010, memory: 13424, loss_cls: 0.4233, loss_bbox: 0.3771, loss_kps: 0.0000, loss: 0.8004
2026-09-23 16:31:09,937 - mmdet - INFO - Epoch [5][3450/6976]	lr: 1.000e-03, eta: 8:42:34, time: 0.175, data_time: 0.010, memory: 13424, loss_cls: 0.4365, loss_bbox: 0.3894, loss_kps: 0.0000, loss: 0.8259
2026-09-23 16:31:18,600 - mmdet - INFO - Epoch [5][3500/6976]	lr: 1.000e-03, eta: 8:42:24, time: 0.173, data_time: 0.010, memory: 13424, loss_cls: 0.4576, loss_bbox: 0.3878, loss_kps: 0.0000, loss: 0.8453
2026-09-23 16:31:27,402 - mmdet - INFO - Epoch [5][3550/6976]	lr: 1.000e-03, eta: 8:42:16, time: 0.176, data_time: 0.010, memory: 13424, loss_cls: 0.4284, loss_bbox: 0.3839, loss_kps: 0.0000, loss: 0.8123
2026-09-23 16:31:36,226 - mmdet - INFO - Epoch [5][3600/6976]	lr: 1.000e-03, eta: 8:42:07, time: 0.177, data_time: 0.010, memory: 13424, loss_cls: 0.4147, loss_bbox: 0.3846, loss_kps: 0.0000, loss: 0.7992
2026-09-23 16:31:45,013 - mmdet - INFO - Epoch [5][3650/6976]	lr: 1.000e-03, eta: 8:41:58, time: 0.176, data_time: 0.010, memory: 13424, loss_cls: 0.4368, loss_bbox: 0.3855, loss_kps: 0.0000, loss: 0.8222
2026-09-23 16:31:53,807 - mmdet - INFO - Epoch [5][3700/6976]	lr: 1.000e-03, eta: 8:41:49, time: 0.176, data_time: 0.010, memory: 13424, loss_cls: 0.4336, loss_bbox: 0.3821, loss_kps: 0.0000, loss: 0.8157
2026-09-23 16:32:02,606 - mmdet - INFO - Epoch [5][3750/6976]	lr: 1.000e-03, eta: 8:41:40, time: 0.176, data_time: 0.009, memory: 13424, loss_cls: 0.4197, loss_bbox: 0.3787, loss_kps: 0.0000, loss: 0.7984
2026-09-23 16:32:11,337 - mmdet - INFO - Epoch [5][3800/6976]	lr: 1.000e-03, eta: 8:41:31, time: 0.175, data_time: 0.009, memory: 13424, loss_cls: 0.4363, loss_bbox: 0.3953, loss_kps: 0.0000, loss: 0.8317
2026-09-23 16:32:20,016 - mmdet - INFO - Epoch [5][3850/6976]	lr: 1.000e-03, eta: 8:41:21, time: 0.174, data_time: 0.009, memory: 13424, loss_cls: 0.4156, loss_bbox: 0.3969, loss_kps: 0.0000, loss: 0.8125
2026-09-23 16:32:29,018 - mmdet - INFO - Epoch [5][3900/6976]	lr: 1.000e-03, eta: 8:41:14, time: 0.180, data_time: 0.009, memory: 13424, loss_cls: 0.4429, loss_bbox: 0.3784, loss_kps: 0.0000, loss: 0.8212
2026-09-23 16:32:37,754 - mmdet - INFO - Epoch [5][3950/6976]	lr: 1.000e-03, eta: 8:41:04, time: 0.174, data_time: 0.009, memory: 13424, loss_cls: 0.4098, loss_bbox: 0.3732, loss_kps: 0.0000, loss: 0.7830
2026-09-23 16:32:46,621 - mmdet - INFO - Epoch [5][4000/6976]	lr: 1.000e-03, eta: 8:40:56, time: 0.178, data_time: 0.010, memory: 13424, loss_cls: 0.4049, loss_bbox: 0.3759, loss_kps: 0.0000, loss: 0.7808
2026-09-23 16:32:55,357 - mmdet - INFO - Epoch [5][4050/6976]	lr: 1.000e-03, eta: 8:40:47, time: 0.175, data_time: 0.009, memory: 13424, loss_cls: 0.4152, loss_bbox: 0.3762, loss_kps: 0.0000, loss: 0.7913
2026-09-23 16:33:04,113 - mmdet - INFO - Epoch [5][4100/6976]	lr: 1.000e-03, eta: 8:40:37, time: 0.175, data_time: 0.009, memory: 13424, loss_cls: 0.4327, loss_bbox: 0.3899, loss_kps: 0.0000, loss: 0.8226
2026-09-23 16:33:13,182 - mmdet - INFO - Epoch [5][4150/6976]	lr: 1.000e-03, eta: 8:40:30, time: 0.181, data_time: 0.009, memory: 13424, loss_cls: 0.4195, loss_bbox: 0.3786, loss_kps: 0.0000, loss: 0.7981
2026-09-23 16:33:21,939 - mmdet - INFO - Epoch [5][4200/6976]	lr: 1.000e-03, eta: 8:40:21, time: 0.175, data_time: 0.009, memory: 13424, loss_cls: 0.4532, loss_bbox: 0.3807, loss_kps: 0.0000, loss: 0.8339
2026-09-23 16:33:30,656 - mmdet - INFO - Epoch [5][4250/6976]	lr: 1.000e-03, eta: 8:40:12, time: 0.174, data_time: 0.009, memory: 13424, loss_cls: 0.4441, loss_bbox: 0.3857, loss_kps: 0.0000, loss: 0.8298
2026-09-23 16:33:39,358 - mmdet - INFO - Epoch [5][4300/6976]	lr: 1.000e-03, eta: 8:40:02, time: 0.174, data_time: 0.009, memory: 13424, loss_cls: 0.4365, loss_bbox: 0.3878, loss_kps: 0.0000, loss: 0.8243
2026-09-23 16:33:48,063 - mmdet - INFO - Epoch [5][4350/6976]	lr: 1.000e-03, eta: 8:39:53, time: 0.174, data_time: 0.009, memory: 13424, loss_cls: 0.4006, loss_bbox: 0.3762, loss_kps: 0.0000, loss: 0.7768
2026-09-23 16:33:56,887 - mmdet - INFO - Epoch [5][4400/6976]	lr: 1.000e-03, eta: 8:39:44, time: 0.177, data_time: 0.010, memory: 13424, loss_cls: 0.4244, loss_bbox: 0.3838, loss_kps: 0.0000, loss: 0.8082
2026-09-23 16:34:05,629 - mmdet - INFO - Epoch [5][4450/6976]	lr: 1.000e-03, eta: 8:39:35, time: 0.175, data_time: 0.009, memory: 13424, loss_cls: 0.4199, loss_bbox: 0.3831, loss_kps: 0.0000, loss: 0.8031
2026-09-23 16:34:14,331 - mmdet - INFO - Epoch [5][4500/6976]	lr: 1.000e-03, eta: 8:39:26, time: 0.174, data_time: 0.009, memory: 13424, loss_cls: 0.4223, loss_bbox: 0.3810, loss_kps: 0.0000, loss: 0.8033
2026-09-23 16:34:23,151 - mmdet - INFO - Epoch [5][4550/6976]	lr: 1.000e-03, eta: 8:39:17, time: 0.176, data_time: 0.009, memory: 13424, loss_cls: 0.4493, loss_bbox: 0.3770, loss_kps: 0.0000, loss: 0.8263
2026-09-23 16:34:31,894 - mmdet - INFO - Epoch [5][4600/6976]	lr: 1.000e-03, eta: 8:39:08, time: 0.175, data_time: 0.009, memory: 13424, loss_cls: 0.4405, loss_bbox: 0.3799, loss_kps: 0.0000, loss: 0.8204
2026-09-23 16:34:40,662 - mmdet - INFO - Epoch [5][4650/6976]	lr: 1.000e-03, eta: 8:38:58, time: 0.175, data_time: 0.009, memory: 13424, loss_cls: 0.4180, loss_bbox: 0.3691, loss_kps: 0.0000, loss: 0.7870
2026-09-23 16:34:49,356 - mmdet - INFO - Epoch [5][4700/6976]	lr: 1.000e-03, eta: 8:38:49, time: 0.174, data_time: 0.010, memory: 13424, loss_cls: 0.4390, loss_bbox: 0.3807, loss_kps: 0.0000, loss: 0.8197
2026-09-23 16:34:58,124 - mmdet - INFO - Epoch [5][4750/6976]	lr: 1.000e-03, eta: 8:38:40, time: 0.175, data_time: 0.009, memory: 13424, loss_cls: 0.4315, loss_bbox: 0.3891, loss_kps: 0.0000, loss: 0.8206
2026-09-23 16:35:06,893 - mmdet - INFO - Epoch [5][4800/6976]	lr: 1.000e-03, eta: 8:38:31, time: 0.175, data_time: 0.010, memory: 13424, loss_cls: 0.4207, loss_bbox: 0.3748, loss_kps: 0.0000, loss: 0.7956
2026-09-23 16:35:15,650 - mmdet - INFO - Epoch [5][4850/6976]	lr: 1.000e-03, eta: 8:38:22, time: 0.175, data_time: 0.009, memory: 13424, loss_cls: 0.4500, loss_bbox: 0.3902, loss_kps: 0.0000, loss: 0.8402
2026-09-23 16:35:24,339 - mmdet - INFO - Epoch [5][4900/6976]	lr: 1.000e-03, eta: 8:38:12, time: 0.174, data_time: 0.009, memory: 13424, loss_cls: 0.4211, loss_bbox: 0.3708, loss_kps: 0.0000, loss: 0.7919
2026-09-23 16:35:33,115 - mmdet - INFO - Epoch [5][4950/6976]	lr: 1.000e-03, eta: 8:38:03, time: 0.175, data_time: 0.009, memory: 13424, loss_cls: 0.4181, loss_bbox: 0.3847, loss_kps: 0.0000, loss: 0.8027
2026-09-23 16:35:41,819 - mmdet - INFO - Epoch [5][5000/6976]	lr: 1.000e-03, eta: 8:37:54, time: 0.174, data_time: 0.009, memory: 13424, loss_cls: 0.4398, loss_bbox: 0.3956, loss_kps: 0.0000, loss: 0.8353
2026-09-23 16:35:50,615 - mmdet - INFO - Epoch [5][5050/6976]	lr: 1.000e-03, eta: 8:37:45, time: 0.176, data_time: 0.009, memory: 13424, loss_cls: 0.4339, loss_bbox: 0.3935, loss_kps: 0.0000, loss: 0.8275
2026-09-23 16:35:59,331 - mmdet - INFO - Epoch [5][5100/6976]	lr: 1.000e-03, eta: 8:37:36, time: 0.174, data_time: 0.010, memory: 13424, loss_cls: 0.4276, loss_bbox: 0.3911, loss_kps: 0.0000, loss: 0.8186
2026-09-23 16:36:08,010 - mmdet - INFO - Epoch [5][5150/6976]	lr: 1.000e-03, eta: 8:37:26, time: 0.174, data_time: 0.009, memory: 13424, loss_cls: 0.4195, loss_bbox: 0.3984, loss_kps: 0.0000, loss: 0.8178
2026-09-23 16:36:16,817 - mmdet - INFO - Epoch [5][5200/6976]	lr: 1.000e-03, eta: 8:37:18, time: 0.176, data_time: 0.010, memory: 13424, loss_cls: 0.4349, loss_bbox: 0.3815, loss_kps: 0.0000, loss: 0.8165
2026-09-23 16:36:25,666 - mmdet - INFO - Epoch [5][5250/6976]	lr: 1.000e-03, eta: 8:37:09, time: 0.177, data_time: 0.009, memory: 13424, loss_cls: 0.4066, loss_bbox: 0.3734, loss_kps: 0.0000, loss: 0.7800
2026-09-23 16:36:34,435 - mmdet - INFO - Epoch [5][5300/6976]	lr: 1.000e-03, eta: 8:37:00, time: 0.175, data_time: 0.009, memory: 13424, loss_cls: 0.4073, loss_bbox: 0.3783, loss_kps: 0.0000, loss: 0.7856
2026-09-23 16:36:43,269 - mmdet - INFO - Epoch [5][5350/6976]	lr: 1.000e-03, eta: 8:36:51, time: 0.177, data_time: 0.009, memory: 13424, loss_cls: 0.4305, loss_bbox: 0.3722, loss_kps: 0.0000, loss: 0.8027
2026-09-23 16:36:52,008 - mmdet - INFO - Epoch [5][5400/6976]	lr: 1.000e-03, eta: 8:36:42, time: 0.175, data_time: 0.009, memory: 13424, loss_cls: 0.4216, loss_bbox: 0.3763, loss_kps: 0.0000, loss: 0.7980
2026-09-23 16:37:00,828 - mmdet - INFO - Epoch [5][5450/6976]	lr: 1.000e-03, eta: 8:36:33, time: 0.176, data_time: 0.009, memory: 13424, loss_cls: 0.4166, loss_bbox: 0.3777, loss_kps: 0.0000, loss: 0.7944
2026-09-23 16:37:09,562 - mmdet - INFO - Epoch [5][5500/6976]	lr: 1.000e-03, eta: 8:36:24, time: 0.175, data_time: 0.009, memory: 13424, loss_cls: 0.4400, loss_bbox: 0.3952, loss_kps: 0.0000, loss: 0.8352
2026-09-23 16:37:18,439 - mmdet - INFO - Epoch [5][5550/6976]	lr: 1.000e-03, eta: 8:36:16, time: 0.178, data_time: 0.010, memory: 13424, loss_cls: 0.4064, loss_bbox: 0.3664, loss_kps: 0.0000, loss: 0.7729
2026-09-23 16:37:27,170 - mmdet - INFO - Epoch [5][5600/6976]	lr: 1.000e-03, eta: 8:36:06, time: 0.175, data_time: 0.009, memory: 13424, loss_cls: 0.4205, loss_bbox: 0.3884, loss_kps: 0.0000, loss: 0.8089
2026-09-23 16:37:36,028 - mmdet - INFO - Epoch [5][5650/6976]	lr: 1.000e-03, eta: 8:35:58, time: 0.177, data_time: 0.009, memory: 13424, loss_cls: 0.4513, loss_bbox: 0.3898, loss_kps: 0.0000, loss: 0.8411
2026-09-23 16:37:44,777 - mmdet - INFO - Epoch [5][5700/6976]	lr: 1.000e-03, eta: 8:35:49, time: 0.175, data_time: 0.010, memory: 13424, loss_cls: 0.4394, loss_bbox: 0.3896, loss_kps: 0.0000, loss: 0.8291
2026-09-23 16:37:53,474 - mmdet - INFO - Epoch [5][5750/6976]	lr: 1.000e-03, eta: 8:35:39, time: 0.174, data_time: 0.009, memory: 13424, loss_cls: 0.4214, loss_bbox: 0.3883, loss_kps: 0.0000, loss: 0.8097
2026-09-23 16:38:02,505 - mmdet - INFO - Epoch [5][5800/6976]	lr: 1.000e-03, eta: 8:35:32, time: 0.181, data_time: 0.009, memory: 13424, loss_cls: 0.4321, loss_bbox: 0.4058, loss_kps: 0.0000, loss: 0.8379
2026-09-23 16:38:11,235 - mmdet - INFO - Epoch [5][5850/6976]	lr: 1.000e-03, eta: 8:35:23, time: 0.175, data_time: 0.009, memory: 13424, loss_cls: 0.4334, loss_bbox: 0.3890, loss_kps: 0.0000, loss: 0.8224
2026-09-23 16:38:19,957 - mmdet - INFO - Epoch [5][5900/6976]	lr: 1.000e-03, eta: 8:35:13, time: 0.174, data_time: 0.010, memory: 13424, loss_cls: 0.4347, loss_bbox: 0.3841, loss_kps: 0.0000, loss: 0.8188
2026-09-23 16:38:28,655 - mmdet - INFO - Epoch [5][5950/6976]	lr: 1.000e-03, eta: 8:35:04, time: 0.174, data_time: 0.010, memory: 13424, loss_cls: 0.4298, loss_bbox: 0.3867, loss_kps: 0.0000, loss: 0.8165
2026-09-23 16:38:37,313 - mmdet - INFO - Epoch [5][6000/6976]	lr: 1.000e-03, eta: 8:34:54, time: 0.173, data_time: 0.009, memory: 13424, loss_cls: 0.4503, loss_bbox: 0.3937, loss_kps: 0.0000, loss: 0.8440
2026-09-23 16:38:46,070 - mmdet - INFO - Epoch [5][6050/6976]	lr: 1.000e-03, eta: 8:34:45, time: 0.175, data_time: 0.009, memory: 13424, loss_cls: 0.4267, loss_bbox: 0.3870, loss_kps: 0.0000, loss: 0.8136
2026-09-23 16:38:54,782 - mmdet - INFO - Epoch [5][6100/6976]	lr: 1.000e-03, eta: 8:34:36, time: 0.174, data_time: 0.009, memory: 13424, loss_cls: 0.4439, loss_bbox: 0.3820, loss_kps: 0.0000, loss: 0.8259
2026-09-23 16:39:03,463 - mmdet - INFO - Epoch [5][6150/6976]	lr: 1.000e-03, eta: 8:34:26, time: 0.174, data_time: 0.009, memory: 13424, loss_cls: 0.4336, loss_bbox: 0.3813, loss_kps: 0.0000, loss: 0.8149
2026-09-23 16:39:12,185 - mmdet - INFO - Epoch [5][6200/6976]	lr: 1.000e-03, eta: 8:34:17, time: 0.174, data_time: 0.009, memory: 13424, loss_cls: 0.4359, loss_bbox: 0.3883, loss_kps: 0.0000, loss: 0.8242
2026-09-23 16:39:20,880 - mmdet - INFO - Epoch [5][6250/6976]	lr: 1.000e-03, eta: 8:34:08, time: 0.174, data_time: 0.010, memory: 13424, loss_cls: 0.4553, loss_bbox: 0.3811, loss_kps: 0.0000, loss: 0.8364
2026-09-23 16:39:29,625 - mmdet - INFO - Epoch [5][6300/6976]	lr: 1.000e-03, eta: 8:33:59, time: 0.175, data_time: 0.009, memory: 13424, loss_cls: 0.4283, loss_bbox: 0.3773, loss_kps: 0.0000, loss: 0.8056
2026-09-23 16:39:38,351 - mmdet - INFO - Epoch [5][6350/6976]	lr: 1.000e-03, eta: 8:33:49, time: 0.174, data_time: 0.009, memory: 13424, loss_cls: 0.4278, loss_bbox: 0.3836, loss_kps: 0.0000, loss: 0.8114
2026-09-23 16:39:47,068 - mmdet - INFO - Epoch [5][6400/6976]	lr: 1.000e-03, eta: 8:33:40, time: 0.174, data_time: 0.009, memory: 13424, loss_cls: 0.4201, loss_bbox: 0.3867, loss_kps: 0.0000, loss: 0.8068
2026-09-23 16:39:55,890 - mmdet - INFO - Epoch [5][6450/6976]	lr: 1.000e-03, eta: 8:33:31, time: 0.176, data_time: 0.009, memory: 13424, loss_cls: 0.4294, loss_bbox: 0.3794, loss_kps: 0.0000, loss: 0.8087
2026-09-23 16:40:04,645 - mmdet - INFO - Epoch [5][6500/6976]	lr: 1.000e-03, eta: 8:33:22, time: 0.175, data_time: 0.009, memory: 13424, loss_cls: 0.4012, loss_bbox: 0.3675, loss_kps: 0.0000, loss: 0.7687
2026-09-23 16:40:13,415 - mmdet - INFO - Epoch [5][6550/6976]	lr: 1.000e-03, eta: 8:33:13, time: 0.175, data_time: 0.009, memory: 13424, loss_cls: 0.4416, loss_bbox: 0.3790, loss_kps: 0.0000, loss: 0.8206
2026-09-23 16:40:22,092 - mmdet - INFO - Epoch [5][6600/6976]	lr: 1.000e-03, eta: 8:33:04, time: 0.174, data_time: 0.010, memory: 13424, loss_cls: 0.4106, loss_bbox: 0.3746, loss_kps: 0.0000, loss: 0.7851
2026-09-23 16:40:30,756 - mmdet - INFO - Epoch [5][6650/6976]	lr: 1.000e-03, eta: 8:32:54, time: 0.173, data_time: 0.010, memory: 13424, loss_cls: 0.4363, loss_bbox: 0.3853, loss_kps: 0.0000, loss: 0.8216
2026-09-23 16:40:39,513 - mmdet - INFO - Epoch [5][6700/6976]	lr: 1.000e-03, eta: 8:32:45, time: 0.175, data_time: 0.010, memory: 13424, loss_cls: 0.4640, loss_bbox: 0.3925, loss_kps: 0.0000, loss: 0.8566
2026-09-23 16:40:48,273 - mmdet - INFO - Epoch [5][6750/6976]	lr: 1.000e-03, eta: 8:32:36, time: 0.175, data_time: 0.009, memory: 13424, loss_cls: 0.4328, loss_bbox: 0.3896, loss_kps: 0.0000, loss: 0.8224
2026-09-23 16:40:57,109 - mmdet - INFO - Epoch [5][6800/6976]	lr: 1.000e-03, eta: 8:32:28, time: 0.177, data_time: 0.010, memory: 13424, loss_cls: 0.4432, loss_bbox: 0.3911, loss_kps: 0.0000, loss: 0.8343
2026-09-23 16:41:05,813 - mmdet - INFO - Epoch [5][6850/6976]	lr: 1.000e-03, eta: 8:32:18, time: 0.174, data_time: 0.009, memory: 13424, loss_cls: 0.4234, loss_bbox: 0.3682, loss_kps: 0.0000, loss: 0.7916
2026-09-23 16:41:14,507 - mmdet - INFO - Epoch [5][6900/6976]	lr: 1.000e-03, eta: 8:32:09, time: 0.174, data_time: 0.010, memory: 13424, loss_cls: 0.4378, loss_bbox: 0.3891, loss_kps: 0.0000, loss: 0.8269
2026-09-23 16:41:23,579 - mmdet - INFO - Epoch [5][6950/6976]	lr: 1.000e-03, eta: 8:32:01, time: 0.181, data_time: 0.009, memory: 13424, loss_cls: 0.3880, loss_bbox: 0.3731, loss_kps: 0.0000, loss: 0.7611
2026-09-23 16:41:28,211 - mmdet - INFO - Saving checkpoint at 5 epochs
2026-09-23 16:41:42,356 - mmdet - INFO - Epoch [6][50/6976]	lr: 1.000e-03, eta: 8:31:51, time: 0.278, data_time: 0.108, memory: 13424, loss_cls: 0.3977, loss_bbox: 0.3650, loss_kps: 0.0000, loss: 0.7627
2026-09-23 16:41:51,121 - mmdet - INFO - Epoch [6][100/6976]	lr: 1.000e-03, eta: 8:31:42, time: 0.175, data_time: 0.008, memory: 13424, loss_cls: 0.3999, loss_bbox: 0.3881, loss_kps: 0.0000, loss: 0.7880
2026-09-23 16:41:59,946 - mmdet - INFO - Epoch [6][150/6976]	lr: 1.000e-03, eta: 8:31:33, time: 0.177, data_time: 0.009, memory: 13424, loss_cls: 0.4208, loss_bbox: 0.3675, loss_kps: 0.0000, loss: 0.7883
2026-09-23 16:42:09,182 - mmdet - INFO - Epoch [6][200/6976]	lr: 1.000e-03, eta: 8:31:26, time: 0.185, data_time: 0.009, memory: 13424, loss_cls: 0.4443, loss_bbox: 0.3844, loss_kps: 0.0000, loss: 0.8287
2026-09-23 16:42:17,906 - mmdet - INFO - Epoch [6][250/6976]	lr: 1.000e-03, eta: 8:31:17, time: 0.174, data_time: 0.010, memory: 13424, loss_cls: 0.4141, loss_bbox: 0.3685, loss_kps: 0.0000, loss: 0.7826
2026-09-23 16:42:26,679 - mmdet - INFO - Epoch [6][300/6976]	lr: 1.000e-03, eta: 8:31:08, time: 0.176, data_time: 0.009, memory: 13424, loss_cls: 0.4172, loss_bbox: 0.3804, loss_kps: 0.0000, loss: 0.7976
2026-09-23 16:42:35,469 - mmdet - INFO - Epoch [6][350/6976]	lr: 1.000e-03, eta: 8:30:59, time: 0.176, data_time: 0.010, memory: 13424, loss_cls: 0.4167, loss_bbox: 0.3809, loss_kps: 0.0000, loss: 0.7975
2026-09-23 16:42:44,213 - mmdet - INFO - Epoch [6][400/6976]	lr: 1.000e-03, eta: 8:30:50, time: 0.175, data_time: 0.009, memory: 13424, loss_cls: 0.4231, loss_bbox: 0.3874, loss_kps: 0.0000, loss: 0.8106
2026-09-23 16:42:53,026 - mmdet - INFO - Epoch [6][450/6976]	lr: 1.000e-03, eta: 8:30:41, time: 0.176, data_time: 0.010, memory: 13424, loss_cls: 0.4655, loss_bbox: 0.3978, loss_kps: 0.0000, loss: 0.8633
2026-09-23 16:43:01,668 - mmdet - INFO - Epoch [6][500/6976]	lr: 1.000e-03, eta: 8:30:32, time: 0.173, data_time: 0.009, memory: 13424, loss_cls: 0.4234, loss_bbox: 0.3829, loss_kps: 0.0000, loss: 0.8063
2026-09-23 16:43:10,413 - mmdet - INFO - Epoch [6][550/6976]	lr: 1.000e-03, eta: 8:30:23, time: 0.175, data_time: 0.009, memory: 13424, loss_cls: 0.4497, loss_bbox: 0.3930, loss_kps: 0.0000, loss: 0.8427
2026-09-23 16:43:19,102 - mmdet - INFO - Epoch [6][600/6976]	lr: 1.000e-03, eta: 8:30:13, time: 0.174, data_time: 0.009, memory: 13424, loss_cls: 0.4091, loss_bbox: 0.3769, loss_kps: 0.0000, loss: 0.7860
2026-09-23 16:43:27,842 - mmdet - INFO - Epoch [6][650/6976]	lr: 1.000e-03, eta: 8:30:04, time: 0.175, data_time: 0.009, memory: 13424, loss_cls: 0.4050, loss_bbox: 0.3779, loss_kps: 0.0000, loss: 0.7829
2026-09-23 16:43:36,982 - mmdet - INFO - Epoch [6][700/6976]	lr: 1.000e-03, eta: 8:29:57, time: 0.183, data_time: 0.009, memory: 13424, loss_cls: 0.4112, loss_bbox: 0.3789, loss_kps: 0.0000, loss: 0.7901
2026-09-23 16:43:46,125 - mmdet - INFO - Epoch [6][750/6976]	lr: 1.000e-03, eta: 8:29:50, time: 0.183, data_time: 0.009, memory: 13424, loss_cls: 0.4044, loss_bbox: 0.3841, loss_kps: 0.0000, loss: 0.7885
2026-09-23 16:43:54,834 - mmdet - INFO - Epoch [6][800/6976]	lr: 1.000e-03, eta: 8:29:40, time: 0.174, data_time: 0.009, memory: 13424, loss_cls: 0.4288, loss_bbox: 0.3883, loss_kps: 0.0000, loss: 0.8171
2026-09-23 16:44:03,632 - mmdet - INFO - Epoch [6][850/6976]	lr: 1.000e-03, eta: 8:29:31, time: 0.176, data_time: 0.010, memory: 13424, loss_cls: 0.3957, loss_bbox: 0.3787, loss_kps: 0.0000, loss: 0.7743
2026-09-23 16:44:12,578 - mmdet - INFO - Epoch [6][900/6976]	lr: 1.000e-03, eta: 8:29:23, time: 0.179, data_time: 0.010, memory: 13424, loss_cls: 0.4362, loss_bbox: 0.3850, loss_kps: 0.0000, loss: 0.8212
2026-09-23 16:44:21,392 - mmdet - INFO - Epoch [6][950/6976]	lr: 1.000e-03, eta: 8:29:15, time: 0.176, data_time: 0.010, memory: 13424, loss_cls: 0.4207, loss_bbox: 0.3833, loss_kps: 0.0000, loss: 0.8040
2026-09-23 16:44:30,092 - mmdet - INFO - Epoch [6][1000/6976]	lr: 1.000e-03, eta: 8:29:05, time: 0.174, data_time: 0.010, memory: 13424, loss_cls: 0.4155, loss_bbox: 0.3722, loss_kps: 0.0000, loss: 0.7877
2026-09-23 16:44:38,869 - mmdet - INFO - Epoch [6][1050/6976]	lr: 1.000e-03, eta: 8:28:56, time: 0.176, data_time: 0.010, memory: 13424, loss_cls: 0.4432, loss_bbox: 0.3848, loss_kps: 0.0000, loss: 0.8280
2026-09-23 16:44:47,676 - mmdet - INFO - Epoch [6][1100/6976]	lr: 1.000e-03, eta: 8:28:47, time: 0.176, data_time: 0.009, memory: 13424, loss_cls: 0.4222, loss_bbox: 0.3833, loss_kps: 0.0000, loss: 0.8055
2026-09-23 16:44:56,484 - mmdet - INFO - Epoch [6][1150/6976]	lr: 1.000e-03, eta: 8:28:39, time: 0.176, data_time: 0.010, memory: 13424, loss_cls: 0.4410, loss_bbox: 0.3905, loss_kps: 0.0000, loss: 0.8316
2026-09-23 16:45:05,213 - mmdet - INFO - Epoch [6][1200/6976]	lr: 1.000e-03, eta: 8:28:29, time: 0.174, data_time: 0.009, memory: 13424, loss_cls: 0.4481, loss_bbox: 0.3826, loss_kps: 0.0000, loss: 0.8308
2026-09-23 16:45:13,957 - mmdet - INFO - Epoch [6][1250/6976]	lr: 1.000e-03, eta: 8:28:20, time: 0.175, data_time: 0.010, memory: 13424, loss_cls: 0.4519, loss_bbox: 0.3732, loss_kps: 0.0000, loss: 0.8252
2026-09-23 16:45:22,785 - mmdet - INFO - Epoch [6][1300/6976]	lr: 1.000e-03, eta: 8:28:12, time: 0.177, data_time: 0.009, memory: 13424, loss_cls: 0.4348, loss_bbox: 0.3872, loss_kps: 0.0000, loss: 0.8220
2026-09-23 16:45:31,508 - mmdet - INFO - Epoch [6][1350/6976]	lr: 1.000e-03, eta: 8:28:02, time: 0.174, data_time: 0.010, memory: 13424, loss_cls: 0.4091, loss_bbox: 0.3731, loss_kps: 0.0000, loss: 0.7822
2026-09-23 16:45:40,267 - mmdet - INFO - Epoch [6][1400/6976]	lr: 1.000e-03, eta: 8:27:53, time: 0.175, data_time: 0.010, memory: 13424, loss_cls: 0.4104, loss_bbox: 0.3676, loss_kps: 0.0000, loss: 0.7780
2026-09-23 16:45:49,026 - mmdet - INFO - Epoch [6][1450/6976]	lr: 1.000e-03, eta: 8:27:44, time: 0.175, data_time: 0.009, memory: 13424, loss_cls: 0.4602, loss_bbox: 0.4074, loss_kps: 0.0000, loss: 0.8676
2026-09-23 16:45:57,687 - mmdet - INFO - Epoch [6][1500/6976]	lr: 1.000e-03, eta: 8:27:35, time: 0.173, data_time: 0.010, memory: 13424, loss_cls: 0.4263, loss_bbox: 0.3992, loss_kps: 0.0000, loss: 0.8255
2026-09-23 16:46:06,502 - mmdet - INFO - Epoch [6][1550/6976]	lr: 1.000e-03, eta: 8:27:26, time: 0.176, data_time: 0.010, memory: 13424, loss_cls: 0.4171, loss_bbox: 0.3813, loss_kps: 0.0000, loss: 0.7983
2026-09-23 16:46:15,261 - mmdet - INFO - Epoch [6][1600/6976]	lr: 1.000e-03, eta: 8:27:17, time: 0.175, data_time: 0.010, memory: 13424, loss_cls: 0.4201, loss_bbox: 0.3728, loss_kps: 0.0000, loss: 0.7928
2026-09-23 16:46:24,030 - mmdet - INFO - Epoch [6][1650/6976]	lr: 1.000e-03, eta: 8:27:08, time: 0.175, data_time: 0.010, memory: 13424, loss_cls: 0.4317, loss_bbox: 0.3954, loss_kps: 0.0000, loss: 0.8271
2026-09-23 16:46:32,696 - mmdet - INFO - Epoch [6][1700/6976]	lr: 1.000e-03, eta: 8:26:59, time: 0.173, data_time: 0.010, memory: 13424, loss_cls: 0.4178, loss_bbox: 0.3881, loss_kps: 0.0000, loss: 0.8058
2026-09-23 16:46:41,445 - mmdet - INFO - Epoch [6][1750/6976]	lr: 1.000e-03, eta: 8:26:49, time: 0.175, data_time: 0.010, memory: 13424, loss_cls: 0.4430, loss_bbox: 0.3834, loss_kps: 0.0000, loss: 0.8264
2026-09-23 16:46:50,126 - mmdet - INFO - Epoch [6][1800/6976]	lr: 1.000e-03, eta: 8:26:40, time: 0.174, data_time: 0.010, memory: 13424, loss_cls: 0.4166, loss_bbox: 0.3909, loss_kps: 0.0000, loss: 0.8074
2026-09-23 16:46:58,899 - mmdet - INFO - Epoch [6][1850/6976]	lr: 1.000e-03, eta: 8:26:31, time: 0.175, data_time: 0.010, memory: 13424, loss_cls: 0.4329, loss_bbox: 0.4003, loss_kps: 0.0000, loss: 0.8332
2026-09-23 16:47:07,604 - mmdet - INFO - Epoch [6][1900/6976]	lr: 1.000e-03, eta: 8:26:22, time: 0.174, data_time: 0.010, memory: 13424, loss_cls: 0.4294, loss_bbox: 0.3910, loss_kps: 0.0000, loss: 0.8204
2026-09-23 16:47:16,358 - mmdet - INFO - Epoch [6][1950/6976]	lr: 1.000e-03, eta: 8:26:13, time: 0.175, data_time: 0.010, memory: 13424, loss_cls: 0.4220, loss_bbox: 0.3973, loss_kps: 0.0000, loss: 0.8192
2026-09-23 16:47:25,187 - mmdet - INFO - Epoch [6][2000/6976]	lr: 1.000e-03, eta: 8:26:04, time: 0.177, data_time: 0.010, memory: 13424, loss_cls: 0.4140, loss_bbox: 0.3826, loss_kps: 0.0000, loss: 0.7966
2026-09-23 16:47:33,944 - mmdet - INFO - Epoch [6][2050/6976]	lr: 1.000e-03, eta: 8:25:55, time: 0.175, data_time: 0.009, memory: 13424, loss_cls: 0.4181, loss_bbox: 0.3821, loss_kps: 0.0000, loss: 0.8002
2026-09-23 16:47:42,655 - mmdet - INFO - Epoch [6][2100/6976]	lr: 1.000e-03, eta: 8:25:46, time: 0.174, data_time: 0.010, memory: 13424, loss_cls: 0.4270, loss_bbox: 0.3890, loss_kps: 0.0000, loss: 0.8160
2026-09-23 16:47:51,737 - mmdet - INFO - Epoch [6][2150/6976]	lr: 1.000e-03, eta: 8:25:38, time: 0.182, data_time: 0.010, memory: 13424, loss_cls: 0.4168, loss_bbox: 0.3852, loss_kps: 0.0000, loss: 0.8021
2026-09-23 16:48:00,451 - mmdet - INFO - Epoch [6][2200/6976]	lr: 1.000e-03, eta: 8:25:29, time: 0.174, data_time: 0.010, memory: 13424, loss_cls: 0.4390, loss_bbox: 0.3855, loss_kps: 0.0000, loss: 0.8245
2026-09-23 16:48:09,192 - mmdet - INFO - Epoch [6][2250/6976]	lr: 1.000e-03, eta: 8:25:20, time: 0.175, data_time: 0.011, memory: 13424, loss_cls: 0.4269, loss_bbox: 0.3863, loss_kps: 0.0000, loss: 0.8132
2026-09-23 16:48:17,958 - mmdet - INFO - Epoch [6][2300/6976]	lr: 1.000e-03, eta: 8:25:11, time: 0.175, data_time: 0.009, memory: 13424, loss_cls: 0.4328, loss_bbox: 0.3772, loss_kps: 0.0000, loss: 0.8099
2026-09-23 16:48:26,676 - mmdet - INFO - Epoch [6][2350/6976]	lr: 1.000e-03, eta: 8:25:02, time: 0.174, data_time: 0.009, memory: 13424, loss_cls: 0.4331, loss_bbox: 0.3731, loss_kps: 0.0000, loss: 0.8063
2026-09-23 16:48:35,528 - mmdet - INFO - Epoch [6][2400/6976]	lr: 1.000e-03, eta: 8:24:53, time: 0.177, data_time: 0.009, memory: 13424, loss_cls: 0.4479, loss_bbox: 0.3946, loss_kps: 0.0000, loss: 0.8424
2026-09-23 16:48:44,598 - mmdet - INFO - Epoch [6][2450/6976]	lr: 1.000e-03, eta: 8:24:45, time: 0.182, data_time: 0.010, memory: 13424, loss_cls: 0.4393, loss_bbox: 0.3854, loss_kps: 0.0000, loss: 0.8247
2026-09-23 16:48:53,368 - mmdet - INFO - Epoch [6][2500/6976]	lr: 1.000e-03, eta: 8:24:36, time: 0.175, data_time: 0.009, memory: 13424, loss_cls: 0.4233, loss_bbox: 0.3747, loss_kps: 0.0000, loss: 0.7979
2026-09-23 16:49:02,053 - mmdet - INFO - Epoch [6][2550/6976]	lr: 1.000e-03, eta: 8:24:27, time: 0.174, data_time: 0.010, memory: 13424, loss_cls: 0.4156, loss_bbox: 0.3852, loss_kps: 0.0000, loss: 0.8008
2026-09-23 16:49:10,779 - mmdet - INFO - Epoch [6][2600/6976]	lr: 1.000e-03, eta: 8:24:18, time: 0.175, data_time: 0.010, memory: 13424, loss_cls: 0.4367, loss_bbox: 0.4034, loss_kps: 0.0000, loss: 0.8401
2026-09-23 16:49:19,601 - mmdet - INFO - Epoch [6][2650/6976]	lr: 1.000e-03, eta: 8:24:09, time: 0.176, data_time: 0.010, memory: 13424, loss_cls: 0.4109, loss_bbox: 0.3776, loss_kps: 0.0000, loss: 0.7885
2026-09-23 16:49:28,306 - mmdet - INFO - Epoch [6][2700/6976]	lr: 1.000e-03, eta: 8:24:00, time: 0.174, data_time: 0.010, memory: 13424, loss_cls: 0.4103, loss_bbox: 0.3648, loss_kps: 0.0000, loss: 0.7751
2026-09-23 16:49:36,991 - mmdet - INFO - Epoch [6][2750/6976]	lr: 1.000e-03, eta: 8:23:51, time: 0.174, data_time: 0.010, memory: 13424, loss_cls: 0.4120, loss_bbox: 0.3813, loss_kps: 0.0000, loss: 0.7934
2026-09-23 16:49:45,744 - mmdet - INFO - Epoch [6][2800/6976]	lr: 1.000e-03, eta: 8:23:42, time: 0.175, data_time: 0.010, memory: 13424, loss_cls: 0.3999, loss_bbox: 0.3718, loss_kps: 0.0000, loss: 0.7717
2026-09-23 16:49:54,432 - mmdet - INFO - Epoch [6][2850/6976]	lr: 1.000e-03, eta: 8:23:32, time: 0.174, data_time: 0.010, memory: 13424, loss_cls: 0.4298, loss_bbox: 0.3953, loss_kps: 0.0000, loss: 0.8251
2026-09-23 16:50:03,122 - mmdet - INFO - Epoch [6][2900/6976]	lr: 1.000e-03, eta: 8:23:23, time: 0.174, data_time: 0.010, memory: 13424, loss_cls: 0.4040, loss_bbox: 0.3609, loss_kps: 0.0000, loss: 0.7649
2026-09-23 16:50:11,836 - mmdet - INFO - Epoch [6][2950/6976]	lr: 1.000e-03, eta: 8:23:14, time: 0.174, data_time: 0.010, memory: 13424, loss_cls: 0.4222, loss_bbox: 0.3880, loss_kps: 0.0000, loss: 0.8102
2026-09-23 16:50:20,551 - mmdet - INFO - Epoch [6][3000/6976]	lr: 1.000e-03, eta: 8:23:04, time: 0.174, data_time: 0.010, memory: 13424, loss_cls: 0.4095, loss_bbox: 0.3677, loss_kps: 0.0000, loss: 0.7772
2026-09-23 16:50:29,290 - mmdet - INFO - Epoch [6][3050/6976]	lr: 1.000e-03, eta: 8:22:55, time: 0.175, data_time: 0.010, memory: 13424, loss_cls: 0.4028, loss_bbox: 0.3765, loss_kps: 0.0000, loss: 0.7793
2026-09-23 16:50:38,079 - mmdet - INFO - Epoch [6][3100/6976]	lr: 1.000e-03, eta: 8:22:46, time: 0.176, data_time: 0.010, memory: 13424, loss_cls: 0.4275, loss_bbox: 0.3802, loss_kps: 0.0000, loss: 0.8077
2026-09-23 16:50:46,804 - mmdet - INFO - Epoch [6][3150/6976]	lr: 1.000e-03, eta: 8:22:37, time: 0.175, data_time: 0.010, memory: 13424, loss_cls: 0.4246, loss_bbox: 0.3773, loss_kps: 0.0000, loss: 0.8019
2026-09-23 16:50:55,553 - mmdet - INFO - Epoch [6][3200/6976]	lr: 1.000e-03, eta: 8:22:28, time: 0.175, data_time: 0.010, memory: 13424, loss_cls: 0.4220, loss_bbox: 0.3821, loss_kps: 0.0000, loss: 0.8041
2026-09-23 16:51:04,394 - mmdet - INFO - Epoch [6][3250/6976]	lr: 1.000e-03, eta: 8:22:20, time: 0.177, data_time: 0.009, memory: 13424, loss_cls: 0.4369, loss_bbox: 0.3901, loss_kps: 0.0000, loss: 0.8270
2026-09-23 16:51:13,206 - mmdet - INFO - Epoch [6][3300/6976]	lr: 1.000e-03, eta: 8:22:11, time: 0.176, data_time: 0.010, memory: 13424, loss_cls: 0.4116, loss_bbox: 0.3783, loss_kps: 0.0000, loss: 0.7899
2026-09-23 16:51:21,928 - mmdet - INFO - Epoch [6][3350/6976]	lr: 1.000e-03, eta: 8:22:02, time: 0.174, data_time: 0.010, memory: 13424, loss_cls: 0.4315, loss_bbox: 0.3871, loss_kps: 0.0000, loss: 0.8187
2026-09-23 16:51:30,751 - mmdet - INFO - Epoch [6][3400/6976]	lr: 1.000e-03, eta: 8:21:53, time: 0.176, data_time: 0.010, memory: 13424, loss_cls: 0.4251, loss_bbox: 0.3864, loss_kps: 0.0000, loss: 0.8115
2026-09-23 16:51:39,420 - mmdet - INFO - Epoch [6][3450/6976]	lr: 1.000e-03, eta: 8:21:43, time: 0.173, data_time: 0.010, memory: 13424, loss_cls: 0.4216, loss_bbox: 0.3907, loss_kps: 0.0000, loss: 0.8123
2026-09-23 16:51:48,097 - mmdet - INFO - Epoch [6][3500/6976]	lr: 1.000e-03, eta: 8:21:34, time: 0.174, data_time: 0.010, memory: 13424, loss_cls: 0.4491, loss_bbox: 0.3800, loss_kps: 0.0000, loss: 0.8291
2026-09-23 16:51:56,897 - mmdet - INFO - Epoch [6][3550/6976]	lr: 1.000e-03, eta: 8:21:25, time: 0.176, data_time: 0.010, memory: 13424, loss_cls: 0.4212, loss_bbox: 0.3844, loss_kps: 0.0000, loss: 0.8056
2026-09-23 16:52:05,668 - mmdet - INFO - Epoch [6][3600/6976]	lr: 1.000e-03, eta: 8:21:16, time: 0.176, data_time: 0.010, memory: 13424, loss_cls: 0.4149, loss_bbox: 0.3833, loss_kps: 0.0000, loss: 0.7982
2026-09-23 16:52:14,374 - mmdet - INFO - Epoch [6][3650/6976]	lr: 1.000e-03, eta: 8:21:07, time: 0.174, data_time: 0.010, memory: 13424, loss_cls: 0.4366, loss_bbox: 0.3830, loss_kps: 0.0000, loss: 0.8196
2026-09-23 16:52:23,136 - mmdet - INFO - Epoch [6][3700/6976]	lr: 1.000e-03, eta: 8:20:58, time: 0.175, data_time: 0.010, memory: 13424, loss_cls: 0.4128, loss_bbox: 0.3706, loss_kps: 0.0000, loss: 0.7834
2026-09-23 16:52:32,201 - mmdet - INFO - Epoch [6][3750/6976]	lr: 1.000e-03, eta: 8:20:50, time: 0.181, data_time: 0.010, memory: 13424, loss_cls: 0.4017, loss_bbox: 0.3763, loss_kps: 0.0000, loss: 0.7780
2026-09-23 16:52:41,024 - mmdet - INFO - Epoch [6][3800/6976]	lr: 1.000e-03, eta: 8:20:42, time: 0.177, data_time: 0.010, memory: 13424, loss_cls: 0.4452, loss_bbox: 0.3779, loss_kps: 0.0000, loss: 0.8231
2026-09-23 16:52:49,749 - mmdet - INFO - Epoch [6][3850/6976]	lr: 1.000e-03, eta: 8:20:33, time: 0.175, data_time: 0.010, memory: 13424, loss_cls: 0.4041, loss_bbox: 0.3764, loss_kps: 0.0000, loss: 0.7805
2026-09-23 16:52:58,465 - mmdet - INFO - Epoch [6][3900/6976]	lr: 1.000e-03, eta: 8:20:23, time: 0.174, data_time: 0.010, memory: 13424, loss_cls: 0.4255, loss_bbox: 0.3696, loss_kps: 0.0000, loss: 0.7951
2026-09-23 16:53:07,248 - mmdet - INFO - Epoch [6][3950/6976]	lr: 1.000e-03, eta: 8:20:14, time: 0.176, data_time: 0.010, memory: 13424, loss_cls: 0.4501, loss_bbox: 0.3926, loss_kps: 0.0000, loss: 0.8427
2026-09-23 16:53:15,984 - mmdet - INFO - Epoch [6][4000/6976]	lr: 1.000e-03, eta: 8:20:05, time: 0.175, data_time: 0.010, memory: 13424, loss_cls: 0.3981, loss_bbox: 0.3637, loss_kps: 0.0000, loss: 0.7618
2026-09-23 16:53:24,713 - mmdet - INFO - Epoch [6][4050/6976]	lr: 1.000e-03, eta: 8:19:56, time: 0.175, data_time: 0.010, memory: 13424, loss_cls: 0.4172, loss_bbox: 0.3816, loss_kps: 0.0000, loss: 0.7989
2026-09-23 16:53:33,456 - mmdet - INFO - Epoch [6][4100/6976]	lr: 1.000e-03, eta: 8:19:47, time: 0.175, data_time: 0.010, memory: 13424, loss_cls: 0.4308, loss_bbox: 0.3851, loss_kps: 0.0000, loss: 0.8159
2026-09-23 16:53:42,258 - mmdet - INFO - Epoch [6][4150/6976]	lr: 1.000e-03, eta: 8:19:38, time: 0.176, data_time: 0.010, memory: 13424, loss_cls: 0.4266, loss_bbox: 0.3934, loss_kps: 0.0000, loss: 0.8200
2026-09-23 16:53:50,944 - mmdet - INFO - Epoch [6][4200/6976]	lr: 1.000e-03, eta: 8:19:29, time: 0.174, data_time: 0.010, memory: 13424, loss_cls: 0.4148, loss_bbox: 0.3759, loss_kps: 0.0000, loss: 0.7907
2026-09-23 16:53:59,785 - mmdet - INFO - Epoch [6][4250/6976]	lr: 1.000e-03, eta: 8:19:20, time: 0.177, data_time: 0.010, memory: 13424, loss_cls: 0.4285, loss_bbox: 0.3786, loss_kps: 0.0000, loss: 0.8070
2026-09-23 16:54:08,546 - mmdet - INFO - Epoch [6][4300/6976]	lr: 1.000e-03, eta: 8:19:11, time: 0.175, data_time: 0.011, memory: 13424, loss_cls: 0.3996, loss_bbox: 0.3752, loss_kps: 0.0000, loss: 0.7747
2026-09-23 16:54:17,302 - mmdet - INFO - Epoch [6][4350/6976]	lr: 1.000e-03, eta: 8:19:02, time: 0.175, data_time: 0.010, memory: 13424, loss_cls: 0.4121, loss_bbox: 0.3763, loss_kps: 0.0000, loss: 0.7883
2026-09-23 16:54:26,074 - mmdet - INFO - Epoch [6][4400/6976]	lr: 1.000e-03, eta: 8:18:53, time: 0.175, data_time: 0.010, memory: 13424, loss_cls: 0.4268, loss_bbox: 0.3864, loss_kps: 0.0000, loss: 0.8132
2026-09-23 16:54:35,124 - mmdet - INFO - Epoch [6][4450/6976]	lr: 1.000e-03, eta: 8:18:46, time: 0.181, data_time: 0.010, memory: 13424, loss_cls: 0.3997, loss_bbox: 0.3826, loss_kps: 0.0000, loss: 0.7823
2026-09-23 16:54:43,877 - mmdet - INFO - Epoch [6][4500/6976]	lr: 1.000e-03, eta: 8:18:37, time: 0.175, data_time: 0.010, memory: 13424, loss_cls: 0.4467, loss_bbox: 0.3828, loss_kps: 0.0000, loss: 0.8295
2026-09-23 16:54:52,609 - mmdet - INFO - Epoch [6][4550/6976]	lr: 1.000e-03, eta: 8:18:28, time: 0.175, data_time: 0.010, memory: 13424, loss_cls: 0.4396, loss_bbox: 0.3837, loss_kps: 0.0000, loss: 0.8233
2026-09-23 16:55:01,390 - mmdet - INFO - Epoch [6][4600/6976]	lr: 1.000e-03, eta: 8:18:19, time: 0.176, data_time: 0.010, memory: 13424, loss_cls: 0.4165, loss_bbox: 0.3741, loss_kps: 0.0000, loss: 0.7906
2026-09-23 16:55:10,181 - mmdet - INFO - Epoch [6][4650/6976]	lr: 1.000e-03, eta: 8:18:10, time: 0.176, data_time: 0.010, memory: 13424, loss_cls: 0.4247, loss_bbox: 0.3896, loss_kps: 0.0000, loss: 0.8143
2026-09-23 16:55:18,866 - mmdet - INFO - Epoch [6][4700/6976]	lr: 1.000e-03, eta: 8:18:00, time: 0.174, data_time: 0.010, memory: 13424, loss_cls: 0.4303, loss_bbox: 0.3899, loss_kps: 0.0000, loss: 0.8202
2026-09-23 16:55:27,571 - mmdet - INFO - Epoch [6][4750/6976]	lr: 1.000e-03, eta: 8:17:51, time: 0.174, data_time: 0.010, memory: 13424, loss_cls: 0.4281, loss_bbox: 0.3912, loss_kps: 0.0000, loss: 0.8193
2026-09-23 16:55:36,338 - mmdet - INFO - Epoch [6][4800/6976]	lr: 1.000e-03, eta: 8:17:42, time: 0.175, data_time: 0.010, memory: 13424, loss_cls: 0.4167, loss_bbox: 0.3740, loss_kps: 0.0000, loss: 0.7907
2026-09-23 16:55:45,133 - mmdet - INFO - Epoch [6][4850/6976]	lr: 1.000e-03, eta: 8:17:33, time: 0.176, data_time: 0.010, memory: 13424, loss_cls: 0.4305, loss_bbox: 0.3887, loss_kps: 0.0000, loss: 0.8192
2026-09-23 16:55:53,837 - mmdet - INFO - Epoch [6][4900/6976]	lr: 1.000e-03, eta: 8:17:24, time: 0.174, data_time: 0.010, memory: 13424, loss_cls: 0.4113, loss_bbox: 0.3742, loss_kps: 0.0000, loss: 0.7855
2026-09-23 16:56:02,576 - mmdet - INFO - Epoch [6][4950/6976]	lr: 1.000e-03, eta: 8:17:15, time: 0.175, data_time: 0.010, memory: 13424, loss_cls: 0.4272, loss_bbox: 0.3930, loss_kps: 0.0000, loss: 0.8201
2026-09-23 16:56:11,292 - mmdet - INFO - Epoch [6][5000/6976]	lr: 1.000e-03, eta: 8:17:06, time: 0.174, data_time: 0.010, memory: 13424, loss_cls: 0.4284, loss_bbox: 0.3734, loss_kps: 0.0000, loss: 0.8018
2026-09-23 16:56:20,001 - mmdet - INFO - Epoch [6][5050/6976]	lr: 1.000e-03, eta: 8:16:57, time: 0.174, data_time: 0.010, memory: 13424, loss_cls: 0.4194, loss_bbox: 0.3773, loss_kps: 0.0000, loss: 0.7966
2026-09-23 16:56:28,743 - mmdet - INFO - Epoch [6][5100/6976]	lr: 1.000e-03, eta: 8:16:48, time: 0.175, data_time: 0.010, memory: 13424, loss_cls: 0.4354, loss_bbox: 0.3705, loss_kps: 0.0000, loss: 0.8059
2026-09-23 16:56:37,484 - mmdet - INFO - Epoch [6][5150/6976]	lr: 1.000e-03, eta: 8:16:39, time: 0.175, data_time: 0.010, memory: 13424, loss_cls: 0.4180, loss_bbox: 0.3883, loss_kps: 0.0000, loss: 0.8063
2026-09-23 16:56:46,573 - mmdet - INFO - Epoch [6][5200/6976]	lr: 1.000e-03, eta: 8:16:31, time: 0.182, data_time: 0.010, memory: 13424, loss_cls: 0.4308, loss_bbox: 0.3877, loss_kps: 0.0000, loss: 0.8185
2026-09-23 16:56:55,415 - mmdet - INFO - Epoch [6][5250/6976]	lr: 1.000e-03, eta: 8:16:22, time: 0.177, data_time: 0.010, memory: 13424, loss_cls: 0.4094, loss_bbox: 0.3755, loss_kps: 0.0000, loss: 0.7849
2026-09-23 16:57:04,161 - mmdet - INFO - Epoch [6][5300/6976]	lr: 1.000e-03, eta: 8:16:13, time: 0.175, data_time: 0.010, memory: 13424, loss_cls: 0.3999, loss_bbox: 0.3554, loss_kps: 0.0000, loss: 0.7553
2026-09-23 16:57:12,869 - mmdet - INFO - Epoch [6][5350/6976]	lr: 1.000e-03, eta: 8:16:04, time: 0.174, data_time: 0.010, memory: 13424, loss_cls: 0.4082, loss_bbox: 0.3716, loss_kps: 0.0000, loss: 0.7798
2026-09-23 16:57:21,584 - mmdet - INFO - Epoch [6][5400/6976]	lr: 1.000e-03, eta: 8:15:55, time: 0.174, data_time: 0.010, memory: 13424, loss_cls: 0.4243, loss_bbox: 0.3824, loss_kps: 0.0000, loss: 0.8067
2026-09-23 16:57:30,473 - mmdet - INFO - Epoch [6][5450/6976]	lr: 1.000e-03, eta: 8:15:46, time: 0.178, data_time: 0.010, memory: 13424, loss_cls: 0.4185, loss_bbox: 0.3741, loss_kps: 0.0000, loss: 0.7926
2026-09-23 16:57:39,221 - mmdet - INFO - Epoch [6][5500/6976]	lr: 1.000e-03, eta: 8:15:37, time: 0.175, data_time: 0.010, memory: 13424, loss_cls: 0.4241, loss_bbox: 0.3959, loss_kps: 0.0000, loss: 0.8200
2026-09-23 16:57:48,021 - mmdet - INFO - Epoch [6][5550/6976]	lr: 1.000e-03, eta: 8:15:29, time: 0.176, data_time: 0.010, memory: 13424, loss_cls: 0.4211, loss_bbox: 0.3758, loss_kps: 0.0000, loss: 0.7969
2026-09-23 16:57:56,699 - mmdet - INFO - Epoch [6][5600/6976]	lr: 1.000e-03, eta: 8:15:19, time: 0.174, data_time: 0.010, memory: 13424, loss_cls: 0.4272, loss_bbox: 0.3802, loss_kps: 0.0000, loss: 0.8074
2026-09-23 16:58:05,482 - mmdet - INFO - Epoch [6][5650/6976]	lr: 1.000e-03, eta: 8:15:10, time: 0.176, data_time: 0.010, memory: 13424, loss_cls: 0.4018, loss_bbox: 0.3890, loss_kps: 0.0000, loss: 0.7908
2026-09-23 16:58:14,563 - mmdet - INFO - Epoch [6][5700/6976]	lr: 1.000e-03, eta: 8:15:03, time: 0.182, data_time: 0.010, memory: 13424, loss_cls: 0.4314, loss_bbox: 0.3710, loss_kps: 0.0000, loss: 0.8024
2026-09-23 16:58:23,214 - mmdet - INFO - Epoch [6][5750/6976]	lr: 1.000e-03, eta: 8:14:53, time: 0.173, data_time: 0.010, memory: 13424, loss_cls: 0.4630, loss_bbox: 0.4012, loss_kps: 0.0000, loss: 0.8642
2026-09-23 16:58:31,884 - mmdet - INFO - Epoch [6][5800/6976]	lr: 1.000e-03, eta: 8:14:44, time: 0.173, data_time: 0.010, memory: 13424, loss_cls: 0.4202, loss_bbox: 0.3778, loss_kps: 0.0000, loss: 0.7980
2026-09-23 16:58:40,574 - mmdet - INFO - Epoch [6][5850/6976]	lr: 1.000e-03, eta: 8:14:35, time: 0.174, data_time: 0.010, memory: 13424, loss_cls: 0.3946, loss_bbox: 0.3718, loss_kps: 0.0000, loss: 0.7663
2026-09-23 16:58:49,324 - mmdet - INFO - Epoch [6][5900/6976]	lr: 1.000e-03, eta: 8:14:26, time: 0.175, data_time: 0.010, memory: 13424, loss_cls: 0.4099, loss_bbox: 0.3770, loss_kps: 0.0000, loss: 0.7869
2026-09-23 16:58:58,008 - mmdet - INFO - Epoch [6][5950/6976]	lr: 1.000e-03, eta: 8:14:16, time: 0.174, data_time: 0.011, memory: 13424, loss_cls: 0.4043, loss_bbox: 0.3604, loss_kps: 0.0000, loss: 0.7647
2026-09-23 16:59:06,709 - mmdet - INFO - Epoch [6][6000/6976]	lr: 1.000e-03, eta: 8:14:07, time: 0.174, data_time: 0.010, memory: 13424, loss_cls: 0.4336, loss_bbox: 0.3898, loss_kps: 0.0000, loss: 0.8234
2026-09-23 16:59:15,418 - mmdet - INFO - Epoch [6][6050/6976]	lr: 1.000e-03, eta: 8:13:58, time: 0.174, data_time: 0.010, memory: 13424, loss_cls: 0.3904, loss_bbox: 0.3609, loss_kps: 0.0000, loss: 0.7512
2026-09-23 16:59:24,204 - mmdet - INFO - Epoch [6][6100/6976]	lr: 1.000e-03, eta: 8:13:49, time: 0.176, data_time: 0.010, memory: 13424, loss_cls: 0.4371, loss_bbox: 0.3836, loss_kps: 0.0000, loss: 0.8207
2026-09-23 16:59:32,900 - mmdet - INFO - Epoch [6][6150/6976]	lr: 1.000e-03, eta: 8:13:40, time: 0.174, data_time: 0.010, memory: 13424, loss_cls: 0.4088, loss_bbox: 0.3685, loss_kps: 0.0000, loss: 0.7772
2026-09-23 16:59:41,597 - mmdet - INFO - Epoch [6][6200/6976]	lr: 1.000e-03, eta: 8:13:31, time: 0.174, data_time: 0.010, memory: 13424, loss_cls: 0.4322, loss_bbox: 0.3849, loss_kps: 0.0000, loss: 0.8171
2026-09-23 16:59:50,384 - mmdet - INFO - Epoch [6][6250/6976]	lr: 1.000e-03, eta: 8:13:22, time: 0.176, data_time: 0.010, memory: 13424, loss_cls: 0.4425, loss_bbox: 0.3813, loss_kps: 0.0000, loss: 0.8238
2026-09-23 16:59:59,047 - mmdet - INFO - Epoch [6][6300/6976]	lr: 1.000e-03, eta: 8:13:12, time: 0.173, data_time: 0.010, memory: 13424, loss_cls: 0.4327, loss_bbox: 0.3804, loss_kps: 0.0000, loss: 0.8130
2026-09-23 17:00:07,773 - mmdet - INFO - Epoch [6][6350/6976]	lr: 1.000e-03, eta: 8:13:03, time: 0.174, data_time: 0.010, memory: 13424, loss_cls: 0.4217, loss_bbox: 0.3796, loss_kps: 0.0000, loss: 0.8014
2026-09-23 17:00:16,465 - mmdet - INFO - Epoch [6][6400/6976]	lr: 1.000e-03, eta: 8:12:54, time: 0.174, data_time: 0.010, memory: 13424, loss_cls: 0.4142, loss_bbox: 0.3811, loss_kps: 0.0000, loss: 0.7954
2026-09-23 17:00:25,212 - mmdet - INFO - Epoch [6][6450/6976]	lr: 1.000e-03, eta: 8:12:45, time: 0.175, data_time: 0.010, memory: 13424, loss_cls: 0.4509, loss_bbox: 0.4001, loss_kps: 0.0000, loss: 0.8510
2026-09-23 17:00:33,941 - mmdet - INFO - Epoch [6][6500/6976]	lr: 1.000e-03, eta: 8:12:36, time: 0.175, data_time: 0.010, memory: 13424, loss_cls: 0.4338, loss_bbox: 0.3937, loss_kps: 0.0000, loss: 0.8275
2026-09-23 17:00:42,684 - mmdet - INFO - Epoch [6][6550/6976]	lr: 1.000e-03, eta: 8:12:27, time: 0.175, data_time: 0.010, memory: 13424, loss_cls: 0.4169, loss_bbox: 0.3781, loss_kps: 0.0000, loss: 0.7950
2026-09-23 17:00:51,417 - mmdet - INFO - Epoch [6][6600/6976]	lr: 1.000e-03, eta: 8:12:18, time: 0.175, data_time: 0.010, memory: 13424, loss_cls: 0.4222, loss_bbox: 0.3801, loss_kps: 0.0000, loss: 0.8023
2026-09-23 17:01:00,140 - mmdet - INFO - Epoch [6][6650/6976]	lr: 1.000e-03, eta: 8:12:09, time: 0.174, data_time: 0.010, memory: 13424, loss_cls: 0.4088, loss_bbox: 0.3623, loss_kps: 0.0000, loss: 0.7711
2026-09-23 17:01:08,912 - mmdet - INFO - Epoch [6][6700/6976]	lr: 1.000e-03, eta: 8:12:00, time: 0.175, data_time: 0.010, memory: 13424, loss_cls: 0.4430, loss_bbox: 0.3868, loss_kps: 0.0000, loss: 0.8298
2026-09-23 17:01:17,642 - mmdet - INFO - Epoch [6][6750/6976]	lr: 1.000e-03, eta: 8:11:51, time: 0.175, data_time: 0.010, memory: 13424, loss_cls: 0.4694, loss_bbox: 0.3871, loss_kps: 0.0000, loss: 0.8565
2026-09-23 17:01:26,310 - mmdet - INFO - Epoch [6][6800/6976]	lr: 1.000e-03, eta: 8:11:41, time: 0.173, data_time: 0.010, memory: 13424, loss_cls: 0.4171, loss_bbox: 0.3764, loss_kps: 0.0000, loss: 0.7935
2026-09-23 17:01:35,073 - mmdet - INFO - Epoch [6][6850/6976]	lr: 1.000e-03, eta: 8:11:32, time: 0.175, data_time: 0.010, memory: 13424, loss_cls: 0.4192, loss_bbox: 0.3927, loss_kps: 0.0000, loss: 0.8120
2026-09-23 17:01:43,836 - mmdet - INFO - Epoch [6][6900/6976]	lr: 1.000e-03, eta: 8:11:23, time: 0.175, data_time: 0.010, memory: 13424, loss_cls: 0.4232, loss_bbox: 0.3838, loss_kps: 0.0000, loss: 0.8071
2026-09-23 17:01:52,846 - mmdet - INFO - Epoch [6][6950/6976]	lr: 1.000e-03, eta: 8:11:15, time: 0.180, data_time: 0.010, memory: 13424, loss_cls: 0.4155, loss_bbox: 0.3714, loss_kps: 0.0000, loss: 0.7869
2026-09-23 17:01:57,450 - mmdet - INFO - Saving checkpoint at 6 epochs
2026-09-23 17:02:11,335 - mmdet - INFO - Epoch [7][50/6976]	lr: 1.000e-03, eta: 8:11:03, time: 0.273, data_time: 0.097, memory: 13424, loss_cls: 0.4114, loss_bbox: 0.3761, loss_kps: 0.0000, loss: 0.7876
2026-09-23 17:02:20,048 - mmdet - INFO - Epoch [7][100/6976]	lr: 1.000e-03, eta: 8:10:54, time: 0.174, data_time: 0.009, memory: 13424, loss_cls: 0.4404, loss_bbox: 0.3735, loss_kps: 0.0000, loss: 0.8139
2026-09-23 17:02:28,788 - mmdet - INFO - Epoch [7][150/6976]	lr: 1.000e-03, eta: 8:10:45, time: 0.175, data_time: 0.010, memory: 13424, loss_cls: 0.4069, loss_bbox: 0.3673, loss_kps: 0.0000, loss: 0.7741
2026-09-23 17:02:37,500 - mmdet - INFO - Epoch [7][200/6976]	lr: 1.000e-03, eta: 8:10:36, time: 0.174, data_time: 0.010, memory: 13424, loss_cls: 0.4353, loss_bbox: 0.3625, loss_kps: 0.0000, loss: 0.7978
2026-09-23 17:02:46,305 - mmdet - INFO - Epoch [7][250/6976]	lr: 1.000e-03, eta: 8:10:27, time: 0.176, data_time: 0.009, memory: 13424, loss_cls: 0.3969, loss_bbox: 0.3868, loss_kps: 0.0000, loss: 0.7837
2026-09-23 17:02:55,071 - mmdet - INFO - Epoch [7][300/6976]	lr: 1.000e-03, eta: 8:10:18, time: 0.175, data_time: 0.009, memory: 13424, loss_cls: 0.4261, loss_bbox: 0.3793, loss_kps: 0.0000, loss: 0.8054
2026-09-23 17:03:03,748 - mmdet - INFO - Epoch [7][350/6976]	lr: 1.000e-03, eta: 8:10:09, time: 0.174, data_time: 0.009, memory: 13424, loss_cls: 0.4135, loss_bbox: 0.3701, loss_kps: 0.0000, loss: 0.7837
2026-09-23 17:03:12,494 - mmdet - INFO - Epoch [7][400/6976]	lr: 1.000e-03, eta: 8:10:00, time: 0.175, data_time: 0.009, memory: 13424, loss_cls: 0.3773, loss_bbox: 0.3532, loss_kps: 0.0000, loss: 0.7305
2026-09-23 17:03:21,320 - mmdet - INFO - Epoch [7][450/6976]	lr: 1.000e-03, eta: 8:09:51, time: 0.176, data_time: 0.009, memory: 13424, loss_cls: 0.4042, loss_bbox: 0.3704, loss_kps: 0.0000, loss: 0.7746
2026-09-23 17:03:30,123 - mmdet - INFO - Epoch [7][500/6976]	lr: 1.000e-03, eta: 8:09:42, time: 0.176, data_time: 0.010, memory: 13424, loss_cls: 0.4217, loss_bbox: 0.3826, loss_kps: 0.0000, loss: 0.8043
2026-09-23 17:03:38,842 - mmdet - INFO - Epoch [7][550/6976]	lr: 1.000e-03, eta: 8:09:33, time: 0.174, data_time: 0.009, memory: 13424, loss_cls: 0.4206, loss_bbox: 0.3745, loss_kps: 0.0000, loss: 0.7951
2026-09-23 17:03:47,555 - mmdet - INFO - Epoch [7][600/6976]	lr: 1.000e-03, eta: 8:09:24, time: 0.174, data_time: 0.009, memory: 13424, loss_cls: 0.4374, loss_bbox: 0.3748, loss_kps: 0.0000, loss: 0.8121
2026-09-23 17:03:56,644 - mmdet - INFO - Epoch [7][650/6976]	lr: 1.000e-03, eta: 8:09:16, time: 0.182, data_time: 0.009, memory: 13424, loss_cls: 0.4077, loss_bbox: 0.3651, loss_kps: 0.0000, loss: 0.7728
2026-09-23 17:04:05,502 - mmdet - INFO - Epoch [7][700/6976]	lr: 1.000e-03, eta: 8:09:08, time: 0.177, data_time: 0.010, memory: 13424, loss_cls: 0.4329, loss_bbox: 0.3770, loss_kps: 0.0000, loss: 0.8098
2026-09-23 17:04:14,191 - mmdet - INFO - Epoch [7][750/6976]	lr: 1.000e-03, eta: 8:08:58, time: 0.174, data_time: 0.009, memory: 13424, loss_cls: 0.4263, loss_bbox: 0.3773, loss_kps: 0.0000, loss: 0.8036
2026-09-23 17:04:22,963 - mmdet - INFO - Epoch [7][800/6976]	lr: 1.000e-03, eta: 8:08:49, time: 0.175, data_time: 0.009, memory: 13424, loss_cls: 0.4335, loss_bbox: 0.3836, loss_kps: 0.0000, loss: 0.8171
2026-09-23 17:04:31,752 - mmdet - INFO - Epoch [7][850/6976]	lr: 1.000e-03, eta: 8:08:41, time: 0.176, data_time: 0.009, memory: 13424, loss_cls: 0.4143, loss_bbox: 0.3733, loss_kps: 0.0000, loss: 0.7876
2026-09-23 17:04:40,458 - mmdet - INFO - Epoch [7][900/6976]	lr: 1.000e-03, eta: 8:08:31, time: 0.174, data_time: 0.010, memory: 13424, loss_cls: 0.4102, loss_bbox: 0.3811, loss_kps: 0.0000, loss: 0.7914
2026-09-23 17:04:49,192 - mmdet - INFO - Epoch [7][950/6976]	lr: 1.000e-03, eta: 8:08:22, time: 0.175, data_time: 0.009, memory: 13424, loss_cls: 0.4050, loss_bbox: 0.3698, loss_kps: 0.0000, loss: 0.7748
2026-09-23 17:04:57,913 - mmdet - INFO - Epoch [7][1000/6976]	lr: 1.000e-03, eta: 8:08:13, time: 0.174, data_time: 0.009, memory: 13424, loss_cls: 0.4064, loss_bbox: 0.3644, loss_kps: 0.0000, loss: 0.7708
2026-09-23 17:05:06,703 - mmdet - INFO - Epoch [7][1050/6976]	lr: 1.000e-03, eta: 8:08:04, time: 0.176, data_time: 0.010, memory: 13424, loss_cls: 0.4087, loss_bbox: 0.3796, loss_kps: 0.0000, loss: 0.7883
2026-09-23 17:05:15,463 - mmdet - INFO - Epoch [7][1100/6976]	lr: 1.000e-03, eta: 8:07:55, time: 0.175, data_time: 0.009, memory: 13424, loss_cls: 0.4206, loss_bbox: 0.3836, loss_kps: 0.0000, loss: 0.8043
2026-09-23 17:05:24,159 - mmdet - INFO - Epoch [7][1150/6976]	lr: 1.000e-03, eta: 8:07:46, time: 0.174, data_time: 0.010, memory: 13424, loss_cls: 0.4308, loss_bbox: 0.3880, loss_kps: 0.0000, loss: 0.8188
2026-09-23 17:05:32,892 - mmdet - INFO - Epoch [7][1200/6976]	lr: 1.000e-03, eta: 8:07:37, time: 0.175, data_time: 0.009, memory: 13424, loss_cls: 0.4107, loss_bbox: 0.3757, loss_kps: 0.0000, loss: 0.7864
2026-09-23 17:05:41,725 - mmdet - INFO - Epoch [7][1250/6976]	lr: 1.000e-03, eta: 8:07:28, time: 0.177, data_time: 0.010, memory: 13424, loss_cls: 0.4003, loss_bbox: 0.3807, loss_kps: 0.0000, loss: 0.7810
2026-09-23 17:05:50,538 - mmdet - INFO - Epoch [7][1300/6976]	lr: 1.000e-03, eta: 8:07:20, time: 0.176, data_time: 0.009, memory: 13424, loss_cls: 0.4244, loss_bbox: 0.3720, loss_kps: 0.0000, loss: 0.7964
2026-09-23 17:05:59,197 - mmdet - INFO - Epoch [7][1350/6976]	lr: 1.000e-03, eta: 8:07:10, time: 0.173, data_time: 0.009, memory: 13424, loss_cls: 0.4230, loss_bbox: 0.3702, loss_kps: 0.0000, loss: 0.7932
2026-09-23 17:06:07,925 - mmdet - INFO - Epoch [7][1400/6976]	lr: 1.000e-03, eta: 8:07:01, time: 0.174, data_time: 0.009, memory: 13424, loss_cls: 0.4057, loss_bbox: 0.3697, loss_kps: 0.0000, loss: 0.7754
2026-09-23 17:06:16,628 - mmdet - INFO - Epoch [7][1450/6976]	lr: 1.000e-03, eta: 8:06:52, time: 0.174, data_time: 0.009, memory: 13424, loss_cls: 0.4241, loss_bbox: 0.3804, loss_kps: 0.0000, loss: 0.8045
2026-09-23 17:06:25,295 - mmdet - INFO - Epoch [7][1500/6976]	lr: 1.000e-03, eta: 8:06:43, time: 0.173, data_time: 0.010, memory: 13424, loss_cls: 0.4265, loss_bbox: 0.3832, loss_kps: 0.0000, loss: 0.8097
2026-09-23 17:06:34,030 - mmdet - INFO - Epoch [7][1550/6976]	lr: 1.000e-03, eta: 8:06:34, time: 0.175, data_time: 0.009, memory: 13424, loss_cls: 0.4093, loss_bbox: 0.3771, loss_kps: 0.0000, loss: 0.7864
2026-09-23 17:06:42,894 - mmdet - INFO - Epoch [7][1600/6976]	lr: 1.000e-03, eta: 8:06:25, time: 0.177, data_time: 0.009, memory: 13424, loss_cls: 0.4332, loss_bbox: 0.3918, loss_kps: 0.0000, loss: 0.8249
2026-09-23 17:06:51,953 - mmdet - INFO - Epoch [7][1650/6976]	lr: 1.000e-03, eta: 8:06:17, time: 0.181, data_time: 0.009, memory: 13424, loss_cls: 0.4141, loss_bbox: 0.3940, loss_kps: 0.0000, loss: 0.8081
2026-09-23 17:07:00,612 - mmdet - INFO - Epoch [7][1700/6976]	lr: 1.000e-03, eta: 8:06:08, time: 0.173, data_time: 0.009, memory: 13424, loss_cls: 0.4208, loss_bbox: 0.3889, loss_kps: 0.0000, loss: 0.8098
2026-09-23 17:07:09,289 - mmdet - INFO - Epoch [7][1750/6976]	lr: 1.000e-03, eta: 8:05:59, time: 0.174, data_time: 0.009, memory: 13424, loss_cls: 0.4190, loss_bbox: 0.3775, loss_kps: 0.0000, loss: 0.7965
2026-09-23 17:07:18,124 - mmdet - INFO - Epoch [7][1800/6976]	lr: 1.000e-03, eta: 8:05:50, time: 0.177, data_time: 0.010, memory: 13424, loss_cls: 0.4422, loss_bbox: 0.3940, loss_kps: 0.0000, loss: 0.8362
2026-09-23 17:07:27,269 - mmdet - INFO - Epoch [7][1850/6976]	lr: 1.000e-03, eta: 8:05:43, time: 0.183, data_time: 0.009, memory: 13424, loss_cls: 0.4287, loss_bbox: 0.3845, loss_kps: 0.0000, loss: 0.8131
2026-09-23 17:07:36,016 - mmdet - INFO - Epoch [7][1900/6976]	lr: 1.000e-03, eta: 8:05:34, time: 0.175, data_time: 0.010, memory: 13424, loss_cls: 0.4138, loss_bbox: 0.3769, loss_kps: 0.0000, loss: 0.7906
2026-09-23 17:07:44,792 - mmdet - INFO - Epoch [7][1950/6976]	lr: 1.000e-03, eta: 8:05:25, time: 0.176, data_time: 0.009, memory: 13424, loss_cls: 0.4041, loss_bbox: 0.3889, loss_kps: 0.0000, loss: 0.7930
2026-09-23 17:07:53,546 - mmdet - INFO - Epoch [7][2000/6976]	lr: 1.000e-03, eta: 8:05:16, time: 0.175, data_time: 0.009, memory: 13424, loss_cls: 0.4311, loss_bbox: 0.3865, loss_kps: 0.0000, loss: 0.8175
2026-09-23 17:08:02,712 - mmdet - INFO - Epoch [7][2050/6976]	lr: 1.000e-03, eta: 8:05:08, time: 0.183, data_time: 0.009, memory: 13424, loss_cls: 0.4213, loss_bbox: 0.3706, loss_kps: 0.0000, loss: 0.7920
2026-09-23 17:08:11,431 - mmdet - INFO - Epoch [7][2100/6976]	lr: 1.000e-03, eta: 8:04:59, time: 0.174, data_time: 0.009, memory: 13424, loss_cls: 0.3916, loss_bbox: 0.3702, loss_kps: 0.0000, loss: 0.7618
2026-09-23 17:08:20,108 - mmdet - INFO - Epoch [7][2150/6976]	lr: 1.000e-03, eta: 8:04:50, time: 0.174, data_time: 0.009, memory: 13424, loss_cls: 0.3999, loss_bbox: 0.3698, loss_kps: 0.0000, loss: 0.7697
2026-09-23 17:08:28,852 - mmdet - INFO - Epoch [7][2200/6976]	lr: 1.000e-03, eta: 8:04:41, time: 0.175, data_time: 0.010, memory: 13424, loss_cls: 0.3942, loss_bbox: 0.3772, loss_kps: 0.0000, loss: 0.7714
2026-09-23 17:08:37,724 - mmdet - INFO - Epoch [7][2250/6976]	lr: 1.000e-03, eta: 8:04:32, time: 0.177, data_time: 0.009, memory: 13424, loss_cls: 0.4369, loss_bbox: 0.3713, loss_kps: 0.0000, loss: 0.8082
2026-09-23 17:08:46,466 - mmdet - INFO - Epoch [7][2300/6976]	lr: 1.000e-03, eta: 8:04:23, time: 0.175, data_time: 0.009, memory: 13424, loss_cls: 0.4186, loss_bbox: 0.3756, loss_kps: 0.0000, loss: 0.7942
2026-09-23 17:08:55,202 - mmdet - INFO - Epoch [7][2350/6976]	lr: 1.000e-03, eta: 8:04:14, time: 0.175, data_time: 0.009, memory: 13424, loss_cls: 0.4317, loss_bbox: 0.3767, loss_kps: 0.0000, loss: 0.8084
2026-09-23 17:09:03,986 - mmdet - INFO - Epoch [7][2400/6976]	lr: 1.000e-03, eta: 8:04:05, time: 0.176, data_time: 0.009, memory: 13424, loss_cls: 0.4047, loss_bbox: 0.3861, loss_kps: 0.0000, loss: 0.7909
2026-09-23 17:09:12,708 - mmdet - INFO - Epoch [7][2450/6976]	lr: 1.000e-03, eta: 8:03:56, time: 0.174, data_time: 0.009, memory: 13424, loss_cls: 0.4170, loss_bbox: 0.3846, loss_kps: 0.0000, loss: 0.8016
2026-09-23 17:09:21,415 - mmdet - INFO - Epoch [7][2500/6976]	lr: 1.000e-03, eta: 8:03:47, time: 0.174, data_time: 0.009, memory: 13424, loss_cls: 0.4284, loss_bbox: 0.3824, loss_kps: 0.0000, loss: 0.8109
2026-09-23 17:09:30,236 - mmdet - INFO - Epoch [7][2550/6976]	lr: 1.000e-03, eta: 8:03:38, time: 0.176, data_time: 0.010, memory: 13424, loss_cls: 0.4147, loss_bbox: 0.3824, loss_kps: 0.0000, loss: 0.7970
2026-09-23 17:09:38,948 - mmdet - INFO - Epoch [7][2600/6976]	lr: 1.000e-03, eta: 8:03:29, time: 0.174, data_time: 0.009, memory: 13424, loss_cls: 0.4484, loss_bbox: 0.3815, loss_kps: 0.0000, loss: 0.8300
2026-09-23 17:09:47,650 - mmdet - INFO - Epoch [7][2650/6976]	lr: 1.000e-03, eta: 8:03:20, time: 0.174, data_time: 0.009, memory: 13424, loss_cls: 0.4181, loss_bbox: 0.3914, loss_kps: 0.0000, loss: 0.8094
2026-09-23 17:09:56,426 - mmdet - INFO - Epoch [7][2700/6976]	lr: 1.000e-03, eta: 8:03:11, time: 0.176, data_time: 0.009, memory: 13424, loss_cls: 0.4332, loss_bbox: 0.3883, loss_kps: 0.0000, loss: 0.8215
2026-09-23 17:10:05,550 - mmdet - INFO - Epoch [7][2750/6976]	lr: 1.000e-03, eta: 8:03:04, time: 0.182, data_time: 0.009, memory: 13424, loss_cls: 0.4244, loss_bbox: 0.3722, loss_kps: 0.0000, loss: 0.7966
2026-09-23 17:10:14,324 - mmdet - INFO - Epoch [7][2800/6976]	lr: 1.000e-03, eta: 8:02:55, time: 0.175, data_time: 0.009, memory: 13424, loss_cls: 0.4275, loss_bbox: 0.3829, loss_kps: 0.0000, loss: 0.8104
2026-09-23 17:10:23,135 - mmdet - INFO - Epoch [7][2850/6976]	lr: 1.000e-03, eta: 8:02:46, time: 0.176, data_time: 0.009, memory: 13424, loss_cls: 0.4319, loss_bbox: 0.3895, loss_kps: 0.0000, loss: 0.8214
2026-09-23 17:10:31,862 - mmdet - INFO - Epoch [7][2900/6976]	lr: 1.000e-03, eta: 8:02:37, time: 0.175, data_time: 0.009, memory: 13424, loss_cls: 0.4112, loss_bbox: 0.3866, loss_kps: 0.0000, loss: 0.7978
2026-09-23 17:10:40,554 - mmdet - INFO - Epoch [7][2950/6976]	lr: 1.000e-03, eta: 8:02:28, time: 0.174, data_time: 0.009, memory: 13424, loss_cls: 0.4251, loss_bbox: 0.3915, loss_kps: 0.0000, loss: 0.8167
2026-09-23 17:10:49,228 - mmdet - INFO - Epoch [7][3000/6976]	lr: 1.000e-03, eta: 8:02:19, time: 0.173, data_time: 0.009, memory: 13424, loss_cls: 0.4220, loss_bbox: 0.3825, loss_kps: 0.0000, loss: 0.8045
2026-09-23 17:10:58,096 - mmdet - INFO - Epoch [7][3050/6976]	lr: 1.000e-03, eta: 8:02:10, time: 0.177, data_time: 0.009, memory: 13424, loss_cls: 0.4424, loss_bbox: 0.3821, loss_kps: 0.0000, loss: 0.8245
2026-09-23 17:11:06,789 - mmdet - INFO - Epoch [7][3100/6976]	lr: 1.000e-03, eta: 8:02:01, time: 0.174, data_time: 0.010, memory: 13424, loss_cls: 0.4114, loss_bbox: 0.3760, loss_kps: 0.0000, loss: 0.7874
2026-09-23 17:11:15,572 - mmdet - INFO - Epoch [7][3150/6976]	lr: 1.000e-03, eta: 8:01:52, time: 0.175, data_time: 0.009, memory: 13424, loss_cls: 0.4100, loss_bbox: 0.3814, loss_kps: 0.0000, loss: 0.7914
2026-09-23 17:11:24,365 - mmdet - INFO - Epoch [7][3200/6976]	lr: 1.000e-03, eta: 8:01:43, time: 0.176, data_time: 0.009, memory: 13424, loss_cls: 0.4239, loss_bbox: 0.3711, loss_kps: 0.0000, loss: 0.7950
2026-09-23 17:11:33,040 - mmdet - INFO - Epoch [7][3250/6976]	lr: 1.000e-03, eta: 8:01:34, time: 0.174, data_time: 0.010, memory: 13424, loss_cls: 0.4050, loss_bbox: 0.3685, loss_kps: 0.0000, loss: 0.7735
2026-09-23 17:11:41,796 - mmdet - INFO - Epoch [7][3300/6976]	lr: 1.000e-03, eta: 8:01:25, time: 0.175, data_time: 0.010, memory: 13424, loss_cls: 0.4067, loss_bbox: 0.3694, loss_kps: 0.0000, loss: 0.7761
2026-09-23 17:11:50,524 - mmdet - INFO - Epoch [7][3350/6976]	lr: 1.000e-03, eta: 8:01:16, time: 0.175, data_time: 0.010, memory: 13424, loss_cls: 0.4277, loss_bbox: 0.3820, loss_kps: 0.0000, loss: 0.8097
2026-09-23 17:11:59,312 - mmdet - INFO - Epoch [7][3400/6976]	lr: 1.000e-03, eta: 8:01:07, time: 0.176, data_time: 0.009, memory: 13424, loss_cls: 0.4019, loss_bbox: 0.3743, loss_kps: 0.0000, loss: 0.7762
2026-09-23 17:12:07,986 - mmdet - INFO - Epoch [7][3450/6976]	lr: 1.000e-03, eta: 8:00:58, time: 0.173, data_time: 0.010, memory: 13424, loss_cls: 0.3983, loss_bbox: 0.3664, loss_kps: 0.0000, loss: 0.7647
2026-09-23 17:12:16,673 - mmdet - INFO - Epoch [7][3500/6976]	lr: 1.000e-03, eta: 8:00:48, time: 0.174, data_time: 0.009, memory: 13424, loss_cls: 0.4335, loss_bbox: 0.3896, loss_kps: 0.0000, loss: 0.8231
2026-09-23 17:12:25,337 - mmdet - INFO - Epoch [7][3550/6976]	lr: 1.000e-03, eta: 8:00:39, time: 0.173, data_time: 0.009, memory: 13424, loss_cls: 0.4153, loss_bbox: 0.3737, loss_kps: 0.0000, loss: 0.7890
2026-09-23 17:12:34,134 - mmdet - INFO - Epoch [7][3600/6976]	lr: 1.000e-03, eta: 8:00:30, time: 0.176, data_time: 0.009, memory: 13424, loss_cls: 0.4242, loss_bbox: 0.3717, loss_kps: 0.0000, loss: 0.7960
2026-09-23 17:12:42,911 - mmdet - INFO - Epoch [7][3650/6976]	lr: 1.000e-03, eta: 8:00:22, time: 0.176, data_time: 0.010, memory: 13424, loss_cls: 0.4036, loss_bbox: 0.3653, loss_kps: 0.0000, loss: 0.7690
2026-09-23 17:12:51,698 - mmdet - INFO - Epoch [7][3700/6976]	lr: 1.000e-03, eta: 8:00:13, time: 0.176, data_time: 0.010, memory: 13424, loss_cls: 0.4344, loss_bbox: 0.3658, loss_kps: 0.0000, loss: 0.8002
2026-09-23 17:13:00,865 - mmdet - INFO - Epoch [7][3750/6976]	lr: 1.000e-03, eta: 8:00:05, time: 0.183, data_time: 0.009, memory: 13424, loss_cls: 0.3995, loss_bbox: 0.3748, loss_kps: 0.0000, loss: 0.7743
2026-09-23 17:13:09,649 - mmdet - INFO - Epoch [7][3800/6976]	lr: 1.000e-03, eta: 7:59:56, time: 0.176, data_time: 0.010, memory: 13424, loss_cls: 0.4306, loss_bbox: 0.3857, loss_kps: 0.0000, loss: 0.8163
2026-09-23 17:13:18,349 - mmdet - INFO - Epoch [7][3850/6976]	lr: 1.000e-03, eta: 7:59:47, time: 0.174, data_time: 0.009, memory: 13424, loss_cls: 0.4522, loss_bbox: 0.3872, loss_kps: 0.0000, loss: 0.8394
2026-09-23 17:13:27,082 - mmdet - INFO - Epoch [7][3900/6976]	lr: 1.000e-03, eta: 7:59:38, time: 0.175, data_time: 0.010, memory: 13424, loss_cls: 0.4311, loss_bbox: 0.3972, loss_kps: 0.0000, loss: 0.8283
2026-09-23 17:13:35,822 - mmdet - INFO - Epoch [7][3950/6976]	lr: 1.000e-03, eta: 7:59:29, time: 0.175, data_time: 0.010, memory: 13424, loss_cls: 0.4011, loss_bbox: 0.3692, loss_kps: 0.0000, loss: 0.7703
2026-09-23 17:13:44,684 - mmdet - INFO - Epoch [7][4000/6976]	lr: 1.000e-03, eta: 7:59:21, time: 0.177, data_time: 0.010, memory: 13424, loss_cls: 0.3988, loss_bbox: 0.3722, loss_kps: 0.0000, loss: 0.7709
2026-09-23 17:13:53,459 - mmdet - INFO - Epoch [7][4050/6976]	lr: 1.000e-03, eta: 7:59:12, time: 0.176, data_time: 0.009, memory: 13424, loss_cls: 0.4313, loss_bbox: 0.3808, loss_kps: 0.0000, loss: 0.8122
2026-09-23 17:14:02,176 - mmdet - INFO - Epoch [7][4100/6976]	lr: 1.000e-03, eta: 7:59:03, time: 0.174, data_time: 0.010, memory: 13424, loss_cls: 0.4149, loss_bbox: 0.3716, loss_kps: 0.0000, loss: 0.7865
2026-09-23 17:14:10,879 - mmdet - INFO - Epoch [7][4150/6976]	lr: 1.000e-03, eta: 7:58:53, time: 0.174, data_time: 0.009, memory: 13424, loss_cls: 0.4225, loss_bbox: 0.3823, loss_kps: 0.0000, loss: 0.8049
2026-09-23 17:14:19,616 - mmdet - INFO - Epoch [7][4200/6976]	lr: 1.000e-03, eta: 7:58:44, time: 0.175, data_time: 0.010, memory: 13424, loss_cls: 0.4204, loss_bbox: 0.3849, loss_kps: 0.0000, loss: 0.8053
2026-09-23 17:14:28,270 - mmdet - INFO - Epoch [7][4250/6976]	lr: 1.000e-03, eta: 7:58:35, time: 0.173, data_time: 0.009, memory: 13424, loss_cls: 0.4146, loss_bbox: 0.3774, loss_kps: 0.0000, loss: 0.7920
2026-09-23 17:14:37,011 - mmdet - INFO - Epoch [7][4300/6976]	lr: 1.000e-03, eta: 7:58:26, time: 0.175, data_time: 0.010, memory: 13424, loss_cls: 0.4129, loss_bbox: 0.3854, loss_kps: 0.0000, loss: 0.7983
2026-09-23 17:14:45,842 - mmdet - INFO - Epoch [7][4350/6976]	lr: 1.000e-03, eta: 7:58:17, time: 0.177, data_time: 0.010, memory: 13424, loss_cls: 0.4349, loss_bbox: 0.3799, loss_kps: 0.0000, loss: 0.8149
2026-09-23 17:14:54,582 - mmdet - INFO - Epoch [7][4400/6976]	lr: 1.000e-03, eta: 7:58:08, time: 0.175, data_time: 0.010, memory: 13424, loss_cls: 0.4349, loss_bbox: 0.3887, loss_kps: 0.0000, loss: 0.8236
2026-09-23 17:15:03,324 - mmdet - INFO - Epoch [7][4450/6976]	lr: 1.000e-03, eta: 7:57:59, time: 0.175, data_time: 0.010, memory: 13424, loss_cls: 0.4177, loss_bbox: 0.3878, loss_kps: 0.0000, loss: 0.8056
2026-09-23 17:15:12,010 - mmdet - INFO - Epoch [7][4500/6976]	lr: 1.000e-03, eta: 7:57:50, time: 0.174, data_time: 0.010, memory: 13424, loss_cls: 0.3943, loss_bbox: 0.3701, loss_kps: 0.0000, loss: 0.7644
2026-09-23 17:15:21,148 - mmdet - INFO - Epoch [7][4550/6976]	lr: 1.000e-03, eta: 7:57:43, time: 0.183, data_time: 0.010, memory: 13424, loss_cls: 0.4053, loss_bbox: 0.3772, loss_kps: 0.0000, loss: 0.7824
2026-09-23 17:15:29,937 - mmdet - INFO - Epoch [7][4600/6976]	lr: 1.000e-03, eta: 7:57:34, time: 0.176, data_time: 0.010, memory: 13424, loss_cls: 0.4120, loss_bbox: 0.3784, loss_kps: 0.0000, loss: 0.7903
2026-09-23 17:15:38,668 - mmdet - INFO - Epoch [7][4650/6976]	lr: 1.000e-03, eta: 7:57:25, time: 0.175, data_time: 0.009, memory: 13424, loss_cls: 0.4127, loss_bbox: 0.3874, loss_kps: 0.0000, loss: 0.8001
2026-09-23 17:15:47,368 - mmdet - INFO - Epoch [7][4700/6976]	lr: 1.000e-03, eta: 7:57:16, time: 0.174, data_time: 0.010, memory: 13424, loss_cls: 0.4212, loss_bbox: 0.3798, loss_kps: 0.0000, loss: 0.8010
2026-09-23 17:15:56,127 - mmdet - INFO - Epoch [7][4750/6976]	lr: 1.000e-03, eta: 7:57:07, time: 0.175, data_time: 0.010, memory: 13424, loss_cls: 0.4208, loss_bbox: 0.3783, loss_kps: 0.0000, loss: 0.7992
2026-09-23 17:16:04,871 - mmdet - INFO - Epoch [7][4800/6976]	lr: 1.000e-03, eta: 7:56:58, time: 0.175, data_time: 0.010, memory: 13424, loss_cls: 0.4265, loss_bbox: 0.3770, loss_kps: 0.0000, loss: 0.8035
2026-09-23 17:16:13,658 - mmdet - INFO - Epoch [7][4850/6976]	lr: 1.000e-03, eta: 7:56:49, time: 0.176, data_time: 0.009, memory: 13424, loss_cls: 0.4241, loss_bbox: 0.3798, loss_kps: 0.0000, loss: 0.8039
2026-09-23 17:16:22,341 - mmdet - INFO - Epoch [7][4900/6976]	lr: 1.000e-03, eta: 7:56:40, time: 0.174, data_time: 0.010, memory: 13424, loss_cls: 0.4173, loss_bbox: 0.3663, loss_kps: 0.0000, loss: 0.7836
2026-09-23 17:16:31,153 - mmdet - INFO - Epoch [7][4950/6976]	lr: 1.000e-03, eta: 7:56:31, time: 0.176, data_time: 0.010, memory: 13424, loss_cls: 0.4229, loss_bbox: 0.3696, loss_kps: 0.0000, loss: 0.7925
2026-09-23 17:16:39,906 - mmdet - INFO - Epoch [7][5000/6976]	lr: 1.000e-03, eta: 7:56:22, time: 0.175, data_time: 0.010, memory: 13424, loss_cls: 0.4145, loss_bbox: 0.3790, loss_kps: 0.0000, loss: 0.7934
2026-09-23 17:16:48,818 - mmdet - INFO - Epoch [7][5050/6976]	lr: 1.000e-03, eta: 7:56:13, time: 0.179, data_time: 0.010, memory: 13424, loss_cls: 0.4057, loss_bbox: 0.3645, loss_kps: 0.0000, loss: 0.7702
2026-09-23 17:16:57,596 - mmdet - INFO - Epoch [7][5100/6976]	lr: 1.000e-03, eta: 7:56:05, time: 0.176, data_time: 0.010, memory: 13424, loss_cls: 0.4388, loss_bbox: 0.3707, loss_kps: 0.0000, loss: 0.8095
2026-09-23 17:17:06,329 - mmdet - INFO - Epoch [7][5150/6976]	lr: 1.000e-03, eta: 7:55:56, time: 0.174, data_time: 0.009, memory: 13424, loss_cls: 0.4076, loss_bbox: 0.3785, loss_kps: 0.0000, loss: 0.7861
2026-09-23 17:17:15,251 - mmdet - INFO - Epoch [7][5200/6976]	lr: 1.000e-03, eta: 7:55:47, time: 0.179, data_time: 0.010, memory: 13424, loss_cls: 0.4298, loss_bbox: 0.3681, loss_kps: 0.0000, loss: 0.7979
2026-09-23 17:17:24,015 - mmdet - INFO - Epoch [7][5250/6976]	lr: 1.000e-03, eta: 7:55:38, time: 0.175, data_time: 0.009, memory: 13424, loss_cls: 0.4159, loss_bbox: 0.3774, loss_kps: 0.0000, loss: 0.7932
2026-09-23 17:17:32,785 - mmdet - INFO - Epoch [7][5300/6976]	lr: 1.000e-03, eta: 7:55:29, time: 0.175, data_time: 0.009, memory: 13424, loss_cls: 0.4247, loss_bbox: 0.3873, loss_kps: 0.0000, loss: 0.8120
2026-09-23 17:17:41,521 - mmdet - INFO - Epoch [7][5350/6976]	lr: 1.000e-03, eta: 7:55:20, time: 0.175, data_time: 0.009, memory: 13424, loss_cls: 0.4067, loss_bbox: 0.3818, loss_kps: 0.0000, loss: 0.7885
2026-09-23 17:17:50,187 - mmdet - INFO - Epoch [7][5400/6976]	lr: 1.000e-03, eta: 7:55:11, time: 0.173, data_time: 0.010, memory: 13424, loss_cls: 0.4298, loss_bbox: 0.3871, loss_kps: 0.0000, loss: 0.8169
2026-09-23 17:17:58,815 - mmdet - INFO - Epoch [7][5450/6976]	lr: 1.000e-03, eta: 7:55:02, time: 0.173, data_time: 0.009, memory: 13424, loss_cls: 0.3893, loss_bbox: 0.3587, loss_kps: 0.0000, loss: 0.7480
2026-09-23 17:18:07,462 - mmdet - INFO - Epoch [7][5500/6976]	lr: 1.000e-03, eta: 7:54:52, time: 0.173, data_time: 0.009, memory: 13424, loss_cls: 0.3990, loss_bbox: 0.3696, loss_kps: 0.0000, loss: 0.7686
2026-09-23 17:18:16,135 - mmdet - INFO - Epoch [7][5550/6976]	lr: 1.000e-03, eta: 7:54:43, time: 0.173, data_time: 0.010, memory: 13424, loss_cls: 0.4194, loss_bbox: 0.3826, loss_kps: 0.0000, loss: 0.8021
2026-09-23 17:18:24,844 - mmdet - INFO - Epoch [7][5600/6976]	lr: 1.000e-03, eta: 7:54:34, time: 0.174, data_time: 0.010, memory: 13424, loss_cls: 0.4357, loss_bbox: 0.3989, loss_kps: 0.0000, loss: 0.8346
2026-09-23 17:18:33,517 - mmdet - INFO - Epoch [7][5650/6976]	lr: 1.000e-03, eta: 7:54:25, time: 0.173, data_time: 0.010, memory: 13424, loss_cls: 0.4245, loss_bbox: 0.3821, loss_kps: 0.0000, loss: 0.8067
2026-09-23 17:18:42,189 - mmdet - INFO - Epoch [7][5700/6976]	lr: 1.000e-03, eta: 7:54:16, time: 0.173, data_time: 0.010, memory: 13424, loss_cls: 0.4240, loss_bbox: 0.3730, loss_kps: 0.0000, loss: 0.7970
2026-09-23 17:18:51,031 - mmdet - INFO - Epoch [7][5750/6976]	lr: 1.000e-03, eta: 7:54:07, time: 0.177, data_time: 0.010, memory: 13424, loss_cls: 0.3956, loss_bbox: 0.3741, loss_kps: 0.0000, loss: 0.7697
2026-09-23 17:18:59,788 - mmdet - INFO - Epoch [7][5800/6976]	lr: 1.000e-03, eta: 7:53:58, time: 0.175, data_time: 0.010, memory: 13424, loss_cls: 0.4452, loss_bbox: 0.3852, loss_kps: 0.0000, loss: 0.8305
2026-09-23 17:19:08,500 - mmdet - INFO - Epoch [7][5850/6976]	lr: 1.000e-03, eta: 7:53:49, time: 0.174, data_time: 0.010, memory: 13424, loss_cls: 0.4334, loss_bbox: 0.3823, loss_kps: 0.0000, loss: 0.8157
2026-09-23 17:19:17,201 - mmdet - INFO - Epoch [7][5900/6976]	lr: 1.000e-03, eta: 7:53:40, time: 0.174, data_time: 0.010, memory: 13424, loss_cls: 0.4039, loss_bbox: 0.3661, loss_kps: 0.0000, loss: 0.7700
2026-09-23 17:19:26,304 - mmdet - INFO - Epoch [7][5950/6976]	lr: 1.000e-03, eta: 7:53:32, time: 0.182, data_time: 0.010, memory: 13424, loss_cls: 0.4478, loss_bbox: 0.3946, loss_kps: 0.0000, loss: 0.8424
2026-09-23 17:19:35,261 - mmdet - INFO - Epoch [7][6000/6976]	lr: 1.000e-03, eta: 7:53:24, time: 0.179, data_time: 0.010, memory: 13424, loss_cls: 0.4139, loss_bbox: 0.3752, loss_kps: 0.0000, loss: 0.7891
2026-09-23 17:19:44,037 - mmdet - INFO - Epoch [7][6050/6976]	lr: 1.000e-03, eta: 7:53:15, time: 0.175, data_time: 0.010, memory: 13424, loss_cls: 0.4209, loss_bbox: 0.3801, loss_kps: 0.0000, loss: 0.8010
2026-09-23 17:19:52,664 - mmdet - INFO - Epoch [7][6100/6976]	lr: 1.000e-03, eta: 7:53:06, time: 0.173, data_time: 0.010, memory: 13424, loss_cls: 0.4314, loss_bbox: 0.3804, loss_kps: 0.0000, loss: 0.8117
2026-09-23 17:20:01,373 - mmdet - INFO - Epoch [7][6150/6976]	lr: 1.000e-03, eta: 7:52:56, time: 0.174, data_time: 0.010, memory: 13424, loss_cls: 0.4027, loss_bbox: 0.3723, loss_kps: 0.0000, loss: 0.7750
2026-09-23 17:20:10,050 - mmdet - INFO - Epoch [7][6200/6976]	lr: 1.000e-03, eta: 7:52:47, time: 0.174, data_time: 0.010, memory: 13424, loss_cls: 0.4049, loss_bbox: 0.3870, loss_kps: 0.0000, loss: 0.7919
2026-09-23 17:20:18,761 - mmdet - INFO - Epoch [7][6250/6976]	lr: 1.000e-03, eta: 7:52:38, time: 0.174, data_time: 0.010, memory: 13424, loss_cls: 0.4038, loss_bbox: 0.3667, loss_kps: 0.0000, loss: 0.7705
2026-09-23 17:20:27,466 - mmdet - INFO - Epoch [7][6300/6976]	lr: 1.000e-03, eta: 7:52:29, time: 0.174, data_time: 0.010, memory: 13424, loss_cls: 0.4282, loss_bbox: 0.3816, loss_kps: 0.0000, loss: 0.8098
2026-09-23 17:20:36,248 - mmdet - INFO - Epoch [7][6350/6976]	lr: 1.000e-03, eta: 7:52:20, time: 0.176, data_time: 0.010, memory: 13424, loss_cls: 0.4385, loss_bbox: 0.3882, loss_kps: 0.0000, loss: 0.8267
2026-09-23 17:20:45,324 - mmdet - INFO - Epoch [7][6400/6976]	lr: 1.000e-03, eta: 7:52:12, time: 0.182, data_time: 0.010, memory: 13424, loss_cls: 0.4120, loss_bbox: 0.3732, loss_kps: 0.0000, loss: 0.7852
2026-09-23 17:20:54,097 - mmdet - INFO - Epoch [7][6450/6976]	lr: 1.000e-03, eta: 7:52:03, time: 0.175, data_time: 0.008, memory: 13424, loss_cls: 0.4268, loss_bbox: 0.3823, loss_kps: 0.0000, loss: 0.8090
2026-09-23 17:21:02,801 - mmdet - INFO - Epoch [7][6500/6976]	lr: 1.000e-03, eta: 7:51:54, time: 0.174, data_time: 0.009, memory: 13424, loss_cls: 0.4011, loss_bbox: 0.3794, loss_kps: 0.0000, loss: 0.7805
2026-09-23 17:21:11,670 - mmdet - INFO - Epoch [7][6550/6976]	lr: 1.000e-03, eta: 7:51:46, time: 0.177, data_time: 0.010, memory: 13424, loss_cls: 0.4259, loss_bbox: 0.3629, loss_kps: 0.0000, loss: 0.7889
2026-09-23 17:21:20,406 - mmdet - INFO - Epoch [7][6600/6976]	lr: 1.000e-03, eta: 7:51:37, time: 0.175, data_time: 0.010, memory: 13424, loss_cls: 0.4073, loss_bbox: 0.3847, loss_kps: 0.0000, loss: 0.7920
2026-09-23 17:21:29,160 - mmdet - INFO - Epoch [7][6650/6976]	lr: 1.000e-03, eta: 7:51:28, time: 0.175, data_time: 0.010, memory: 13424, loss_cls: 0.4006, loss_bbox: 0.3814, loss_kps: 0.0000, loss: 0.7820
2026-09-23 17:21:37,911 - mmdet - INFO - Epoch [7][6700/6976]	lr: 1.000e-03, eta: 7:51:19, time: 0.175, data_time: 0.010, memory: 13424, loss_cls: 0.4292, loss_bbox: 0.3917, loss_kps: 0.0000, loss: 0.8209
2026-09-23 17:21:46,723 - mmdet - INFO - Epoch [7][6750/6976]	lr: 1.000e-03, eta: 7:51:10, time: 0.176, data_time: 0.009, memory: 13424, loss_cls: 0.4228, loss_bbox: 0.3885, loss_kps: 0.0000, loss: 0.8113
2026-09-23 17:21:55,412 - mmdet - INFO - Epoch [7][6800/6976]	lr: 1.000e-03, eta: 7:51:01, time: 0.174, data_time: 0.010, memory: 13424, loss_cls: 0.4459, loss_bbox: 0.3841, loss_kps: 0.0000, loss: 0.8300
2026-09-23 17:22:04,215 - mmdet - INFO - Epoch [7][6850/6976]	lr: 1.000e-03, eta: 7:50:52, time: 0.176, data_time: 0.010, memory: 13424, loss_cls: 0.4143, loss_bbox: 0.3643, loss_kps: 0.0000, loss: 0.7786
2026-09-23 17:22:12,853 - mmdet - INFO - Epoch [7][6900/6976]	lr: 1.000e-03, eta: 7:50:43, time: 0.173, data_time: 0.010, memory: 13424, loss_cls: 0.4098, loss_bbox: 0.3791, loss_kps: 0.0000, loss: 0.7889
2026-09-23 17:22:21,576 - mmdet - INFO - Epoch [7][6950/6976]	lr: 1.000e-03, eta: 7:50:34, time: 0.174, data_time: 0.010, memory: 13424, loss_cls: 0.3898, loss_bbox: 0.3794, loss_kps: 0.0000, loss: 0.7692
2026-09-23 17:22:26,406 - mmdet - INFO - Saving checkpoint at 7 epochs
2026-09-23 17:22:40,346 - mmdet - INFO - Epoch [8][50/6976]	lr: 1.000e-03, eta: 7:50:21, time: 0.274, data_time: 0.101, memory: 13424, loss_cls: 0.3975, loss_bbox: 0.3713, loss_kps: 0.0000, loss: 0.7688
2026-09-23 17:22:49,188 - mmdet - INFO - Epoch [8][100/6976]	lr: 1.000e-03, eta: 7:50:13, time: 0.177, data_time: 0.009, memory: 13424, loss_cls: 0.4060, loss_bbox: 0.3779, loss_kps: 0.0000, loss: 0.7839
2026-09-23 17:22:57,908 - mmdet - INFO - Epoch [8][150/6976]	lr: 1.000e-03, eta: 7:50:04, time: 0.174, data_time: 0.009, memory: 13424, loss_cls: 0.3996, loss_bbox: 0.3924, loss_kps: 0.0000, loss: 0.7920
2026-09-23 17:23:06,765 - mmdet - INFO - Epoch [8][200/6976]	lr: 1.000e-03, eta: 7:49:55, time: 0.177, data_time: 0.009, memory: 13424, loss_cls: 0.4393, loss_bbox: 0.3918, loss_kps: 0.0000, loss: 0.8311
2026-09-23 17:23:15,490 - mmdet - INFO - Epoch [8][250/6976]	lr: 1.000e-03, eta: 7:49:46, time: 0.174, data_time: 0.009, memory: 13424, loss_cls: 0.3986, loss_bbox: 0.3652, loss_kps: 0.0000, loss: 0.7637
2026-09-23 17:23:24,371 - mmdet - INFO - Epoch [8][300/6976]	lr: 1.000e-03, eta: 7:49:38, time: 0.178, data_time: 0.009, memory: 13424, loss_cls: 0.4268, loss_bbox: 0.3760, loss_kps: 0.0000, loss: 0.8028
2026-09-23 17:23:33,056 - mmdet - INFO - Epoch [8][350/6976]	lr: 1.000e-03, eta: 7:49:28, time: 0.174, data_time: 0.009, memory: 13424, loss_cls: 0.4196, loss_bbox: 0.3778, loss_kps: 0.0000, loss: 0.7974
2026-09-23 17:23:41,797 - mmdet - INFO - Epoch [8][400/6976]	lr: 1.000e-03, eta: 7:49:19, time: 0.175, data_time: 0.009, memory: 13424, loss_cls: 0.4104, loss_bbox: 0.3777, loss_kps: 0.0000, loss: 0.7881
2026-09-23 17:23:50,638 - mmdet - INFO - Epoch [8][450/6976]	lr: 1.000e-03, eta: 7:49:11, time: 0.177, data_time: 0.009, memory: 13424, loss_cls: 0.4310, loss_bbox: 0.3635, loss_kps: 0.0000, loss: 0.7945
2026-09-23 17:23:59,451 - mmdet - INFO - Epoch [8][500/6976]	lr: 1.000e-03, eta: 7:49:02, time: 0.176, data_time: 0.009, memory: 13424, loss_cls: 0.4456, loss_bbox: 0.3937, loss_kps: 0.0000, loss: 0.8393
2026-09-23 17:24:08,280 - mmdet - INFO - Epoch [8][550/6976]	lr: 1.000e-03, eta: 7:48:53, time: 0.177, data_time: 0.009, memory: 13424, loss_cls: 0.4092, loss_bbox: 0.3789, loss_kps: 0.0000, loss: 0.7881
2026-09-23 17:24:17,078 - mmdet - INFO - Epoch [8][600/6976]	lr: 1.000e-03, eta: 7:48:45, time: 0.176, data_time: 0.009, memory: 13424, loss_cls: 0.4345, loss_bbox: 0.3705, loss_kps: 0.0000, loss: 0.8049
2026-09-23 17:24:25,875 - mmdet - INFO - Epoch [8][650/6976]	lr: 1.000e-03, eta: 7:48:36, time: 0.176, data_time: 0.009, memory: 13424, loss_cls: 0.4187, loss_bbox: 0.3705, loss_kps: 0.0000, loss: 0.7892
2026-09-23 17:24:34,589 - mmdet - INFO - Epoch [8][700/6976]	lr: 1.000e-03, eta: 7:48:27, time: 0.174, data_time: 0.009, memory: 13424, loss_cls: 0.4553, loss_bbox: 0.3769, loss_kps: 0.0000, loss: 0.8323
2026-09-23 17:24:43,275 - mmdet - INFO - Epoch [8][750/6976]	lr: 1.000e-03, eta: 7:48:18, time: 0.174, data_time: 0.010, memory: 13424, loss_cls: 0.4153, loss_bbox: 0.3793, loss_kps: 0.0000, loss: 0.7947
2026-09-23 17:24:52,125 - mmdet - INFO - Epoch [8][800/6976]	lr: 1.000e-03, eta: 7:48:09, time: 0.177, data_time: 0.009, memory: 13424, loss_cls: 0.4285, loss_bbox: 0.3767, loss_kps: 0.0000, loss: 0.8052
2026-09-23 17:25:00,820 - mmdet - INFO - Epoch [8][850/6976]	lr: 1.000e-03, eta: 7:48:00, time: 0.174, data_time: 0.009, memory: 13424, loss_cls: 0.4322, loss_bbox: 0.3730, loss_kps: 0.0000, loss: 0.8051
2026-09-23 17:25:09,559 - mmdet - INFO - Epoch [8][900/6976]	lr: 1.000e-03, eta: 7:47:51, time: 0.175, data_time: 0.009, memory: 13424, loss_cls: 0.4434, loss_bbox: 0.4005, loss_kps: 0.0000, loss: 0.8439
2026-09-23 17:25:18,241 - mmdet - INFO - Epoch [8][950/6976]	lr: 1.000e-03, eta: 7:47:42, time: 0.174, data_time: 0.009, memory: 13424, loss_cls: 0.4161, loss_bbox: 0.3874, loss_kps: 0.0000, loss: 0.8035
2026-09-23 17:25:26,934 - mmdet - INFO - Epoch [8][1000/6976]	lr: 1.000e-03, eta: 7:47:32, time: 0.174, data_time: 0.009, memory: 13424, loss_cls: 0.3914, loss_bbox: 0.3639, loss_kps: 0.0000, loss: 0.7552
2026-09-23 17:25:35,654 - mmdet - INFO - Epoch [8][1050/6976]	lr: 1.000e-03, eta: 7:47:23, time: 0.174, data_time: 0.009, memory: 13424, loss_cls: 0.4109, loss_bbox: 0.3721, loss_kps: 0.0000, loss: 0.7830
2026-09-23 17:25:44,415 - mmdet - INFO - Epoch [8][1100/6976]	lr: 1.000e-03, eta: 7:47:15, time: 0.175, data_time: 0.010, memory: 13424, loss_cls: 0.4384, loss_bbox: 0.3816, loss_kps: 0.0000, loss: 0.8200
2026-09-23 17:25:53,163 - mmdet - INFO - Epoch [8][1150/6976]	lr: 1.000e-03, eta: 7:47:06, time: 0.175, data_time: 0.009, memory: 13424, loss_cls: 0.4051, loss_bbox: 0.3740, loss_kps: 0.0000, loss: 0.7791
2026-09-23 17:26:02,287 - mmdet - INFO - Epoch [8][1200/6976]	lr: 1.000e-03, eta: 7:46:58, time: 0.182, data_time: 0.009, memory: 13424, loss_cls: 0.4187, loss_bbox: 0.3685, loss_kps: 0.0000, loss: 0.7872
2026-09-23 17:26:11,008 - mmdet - INFO - Epoch [8][1250/6976]	lr: 1.000e-03, eta: 7:46:49, time: 0.174, data_time: 0.009, memory: 13424, loss_cls: 0.4401, loss_bbox: 0.3807, loss_kps: 0.0000, loss: 0.8208
2026-09-23 17:26:19,837 - mmdet - INFO - Epoch [8][1300/6976]	lr: 1.000e-03, eta: 7:46:40, time: 0.177, data_time: 0.009, memory: 13424, loss_cls: 0.4106, loss_bbox: 0.3548, loss_kps: 0.0000, loss: 0.7654
2026-09-23 17:26:28,686 - mmdet - INFO - Epoch [8][1350/6976]	lr: 1.000e-03, eta: 7:46:31, time: 0.177, data_time: 0.009, memory: 13424, loss_cls: 0.4249, loss_bbox: 0.3820, loss_kps: 0.0000, loss: 0.8069
2026-09-23 17:26:37,463 - mmdet - INFO - Epoch [8][1400/6976]	lr: 1.000e-03, eta: 7:46:23, time: 0.176, data_time: 0.009, memory: 13424, loss_cls: 0.4196, loss_bbox: 0.3785, loss_kps: 0.0000, loss: 0.7981
2026-09-23 17:26:46,251 - mmdet - INFO - Epoch [8][1450/6976]	lr: 1.000e-03, eta: 7:46:14, time: 0.176, data_time: 0.010, memory: 13424, loss_cls: 0.3980, loss_bbox: 0.3741, loss_kps: 0.0000, loss: 0.7721
2026-09-23 17:26:55,149 - mmdet - INFO - Epoch [8][1500/6976]	lr: 1.000e-03, eta: 7:46:05, time: 0.178, data_time: 0.009, memory: 13424, loss_cls: 0.4167, loss_bbox: 0.3785, loss_kps: 0.0000, loss: 0.7952
2026-09-23 17:27:03,950 - mmdet - INFO - Epoch [8][1550/6976]	lr: 1.000e-03, eta: 7:45:57, time: 0.176, data_time: 0.009, memory: 13424, loss_cls: 0.4487, loss_bbox: 0.3864, loss_kps: 0.0000, loss: 0.8351
2026-09-23 17:27:12,713 - mmdet - INFO - Epoch [8][1600/6976]	lr: 1.000e-03, eta: 7:45:48, time: 0.175, data_time: 0.009, memory: 13424, loss_cls: 0.4316, loss_bbox: 0.3750, loss_kps: 0.0000, loss: 0.8066
2026-09-23 17:27:21,492 - mmdet - INFO - Epoch [8][1650/6976]	lr: 1.000e-03, eta: 7:45:39, time: 0.175, data_time: 0.009, memory: 13424, loss_cls: 0.4281, loss_bbox: 0.3687, loss_kps: 0.0000, loss: 0.7968
2026-09-23 17:27:30,176 - mmdet - INFO - Epoch [8][1700/6976]	lr: 1.000e-03, eta: 7:45:30, time: 0.174, data_time: 0.009, memory: 13424, loss_cls: 0.4053, loss_bbox: 0.3701, loss_kps: 0.0000, loss: 0.7755
2026-09-23 17:27:39,318 - mmdet - INFO - Epoch [8][1750/6976]	lr: 1.000e-03, eta: 7:45:22, time: 0.183, data_time: 0.010, memory: 13424, loss_cls: 0.4013, loss_bbox: 0.3730, loss_kps: 0.0000, loss: 0.7743
2026-09-23 17:27:48,461 - mmdet - INFO - Epoch [8][1800/6976]	lr: 1.000e-03, eta: 7:45:14, time: 0.183, data_time: 0.009, memory: 13424, loss_cls: 0.4096, loss_bbox: 0.3785, loss_kps: 0.0000, loss: 0.7882
2026-09-23 17:27:57,109 - mmdet - INFO - Epoch [8][1850/6976]	lr: 1.000e-03, eta: 7:45:05, time: 0.173, data_time: 0.009, memory: 13424, loss_cls: 0.4453, loss_bbox: 0.3898, loss_kps: 0.0000, loss: 0.8351
2026-09-23 17:28:05,798 - mmdet - INFO - Epoch [8][1900/6976]	lr: 1.000e-03, eta: 7:44:56, time: 0.174, data_time: 0.009, memory: 13424, loss_cls: 0.4262, loss_bbox: 0.3830, loss_kps: 0.0000, loss: 0.8093
2026-09-23 17:28:14,594 - mmdet - INFO - Epoch [8][1950/6976]	lr: 1.000e-03, eta: 7:44:47, time: 0.176, data_time: 0.009, memory: 13424, loss_cls: 0.4179, loss_bbox: 0.3819, loss_kps: 0.0000, loss: 0.7998
2026-09-23 17:28:23,321 - mmdet - INFO - Epoch [8][2000/6976]	lr: 1.000e-03, eta: 7:44:38, time: 0.175, data_time: 0.009, memory: 13424, loss_cls: 0.4148, loss_bbox: 0.3964, loss_kps: 0.0000, loss: 0.8112
2026-09-23 17:28:32,071 - mmdet - INFO - Epoch [8][2050/6976]	lr: 1.000e-03, eta: 7:44:29, time: 0.175, data_time: 0.009, memory: 13424, loss_cls: 0.3815, loss_bbox: 0.3686, loss_kps: 0.0000, loss: 0.7502
2026-09-23 17:28:40,855 - mmdet - INFO - Epoch [8][2100/6976]	lr: 1.000e-03, eta: 7:44:20, time: 0.176, data_time: 0.009, memory: 13424, loss_cls: 0.4112, loss_bbox: 0.3813, loss_kps: 0.0000, loss: 0.7925
2026-09-23 17:28:49,643 - mmdet - INFO - Epoch [8][2150/6976]	lr: 1.000e-03, eta: 7:44:11, time: 0.176, data_time: 0.009, memory: 13424, loss_cls: 0.4178, loss_bbox: 0.3787, loss_kps: 0.0000, loss: 0.7966
2026-09-23 17:28:58,401 - mmdet - INFO - Epoch [8][2200/6976]	lr: 1.000e-03, eta: 7:44:02, time: 0.175, data_time: 0.009, memory: 13424, loss_cls: 0.4085, loss_bbox: 0.3960, loss_kps: 0.0000, loss: 0.8045
2026-09-23 17:29:07,136 - mmdet - INFO - Epoch [8][2250/6976]	lr: 1.000e-03, eta: 7:43:53, time: 0.175, data_time: 0.009, memory: 13424, loss_cls: 0.4522, loss_bbox: 0.3942, loss_kps: 0.0000, loss: 0.8464
2026-09-23 17:29:16,226 - mmdet - INFO - Epoch [8][2300/6976]	lr: 1.000e-03, eta: 7:43:46, time: 0.182, data_time: 0.009, memory: 13424, loss_cls: 0.4232, loss_bbox: 0.3712, loss_kps: 0.0000, loss: 0.7944
2026-09-23 17:29:25,026 - mmdet - INFO - Epoch [8][2350/6976]	lr: 1.000e-03, eta: 7:43:37, time: 0.176, data_time: 0.009, memory: 13424, loss_cls: 0.4216, loss_bbox: 0.3984, loss_kps: 0.0000, loss: 0.8200
2026-09-23 17:29:33,888 - mmdet - INFO - Epoch [8][2400/6976]	lr: 1.000e-03, eta: 7:43:28, time: 0.177, data_time: 0.009, memory: 13424, loss_cls: 0.4284, loss_bbox: 0.3831, loss_kps: 0.0000, loss: 0.8115
2026-09-23 17:29:42,600 - mmdet - INFO - Epoch [8][2450/6976]	lr: 1.000e-03, eta: 7:43:19, time: 0.174, data_time: 0.009, memory: 13424, loss_cls: 0.4399, loss_bbox: 0.3850, loss_kps: 0.0000, loss: 0.8249
2026-09-23 17:29:51,343 - mmdet - INFO - Epoch [8][2500/6976]	lr: 1.000e-03, eta: 7:43:10, time: 0.175, data_time: 0.010, memory: 13424, loss_cls: 0.4111, loss_bbox: 0.3724, loss_kps: 0.0000, loss: 0.7835
2026-09-23 17:30:00,056 - mmdet - INFO - Epoch [8][2550/6976]	lr: 1.000e-03, eta: 7:43:01, time: 0.174, data_time: 0.009, memory: 13424, loss_cls: 0.4089, loss_bbox: 0.3838, loss_kps: 0.0000, loss: 0.7927
2026-09-23 17:30:08,824 - mmdet - INFO - Epoch [8][2600/6976]	lr: 1.000e-03, eta: 7:42:52, time: 0.175, data_time: 0.009, memory: 13424, loss_cls: 0.4171, loss_bbox: 0.3726, loss_kps: 0.0000, loss: 0.7897
2026-09-23 17:30:17,628 - mmdet - INFO - Epoch [8][2650/6976]	lr: 1.000e-03, eta: 7:42:43, time: 0.176, data_time: 0.010, memory: 13424, loss_cls: 0.4154, loss_bbox: 0.3737, loss_kps: 0.0000, loss: 0.7892
2026-09-23 17:30:26,410 - mmdet - INFO - Epoch [8][2700/6976]	lr: 1.000e-03, eta: 7:42:35, time: 0.176, data_time: 0.009, memory: 13424, loss_cls: 0.3817, loss_bbox: 0.3723, loss_kps: 0.0000, loss: 0.7540
2026-09-23 17:30:35,068 - mmdet - INFO - Epoch [8][2750/6976]	lr: 1.000e-03, eta: 7:42:25, time: 0.173, data_time: 0.010, memory: 13424, loss_cls: 0.4114, loss_bbox: 0.3811, loss_kps: 0.0000, loss: 0.7924
2026-09-23 17:30:43,885 - mmdet - INFO - Epoch [8][2800/6976]	lr: 1.000e-03, eta: 7:42:17, time: 0.176, data_time: 0.009, memory: 13424, loss_cls: 0.4325, loss_bbox: 0.3813, loss_kps: 0.0000, loss: 0.8137
2026-09-23 17:30:52,665 - mmdet - INFO - Epoch [8][2850/6976]	lr: 1.000e-03, eta: 7:42:08, time: 0.176, data_time: 0.009, memory: 13424, loss_cls: 0.4193, loss_bbox: 0.3831, loss_kps: 0.0000, loss: 0.8024
2026-09-23 17:31:01,464 - mmdet - INFO - Epoch [8][2900/6976]	lr: 1.000e-03, eta: 7:41:59, time: 0.176, data_time: 0.010, memory: 13424, loss_cls: 0.4295, loss_bbox: 0.3896, loss_kps: 0.0000, loss: 0.8191
2026-09-23 17:31:10,288 - mmdet - INFO - Epoch [8][2950/6976]	lr: 1.000e-03, eta: 7:41:50, time: 0.176, data_time: 0.010, memory: 13424, loss_cls: 0.4194, loss_bbox: 0.3975, loss_kps: 0.0000, loss: 0.8169
2026-09-23 17:31:19,035 - mmdet - INFO - Epoch [8][3000/6976]	lr: 1.000e-03, eta: 7:41:41, time: 0.175, data_time: 0.010, memory: 13424, loss_cls: 0.4216, loss_bbox: 0.3789, loss_kps: 0.0000, loss: 0.8005
2026-09-23 17:31:27,682 - mmdet - INFO - Epoch [8][3050/6976]	lr: 1.000e-03, eta: 7:41:32, time: 0.173, data_time: 0.009, memory: 13424, loss_cls: 0.4165, loss_bbox: 0.3730, loss_kps: 0.0000, loss: 0.7895
2026-09-23 17:31:36,363 - mmdet - INFO - Epoch [8][3100/6976]	lr: 1.000e-03, eta: 7:41:23, time: 0.173, data_time: 0.009, memory: 13424, loss_cls: 0.4064, loss_bbox: 0.3834, loss_kps: 0.0000, loss: 0.7897
2026-09-23 17:31:45,088 - mmdet - INFO - Epoch [8][3150/6976]	lr: 1.000e-03, eta: 7:41:14, time: 0.175, data_time: 0.010, memory: 13424, loss_cls: 0.4058, loss_bbox: 0.3635, loss_kps: 0.0000, loss: 0.7693
2026-09-23 17:31:53,859 - mmdet - INFO - Epoch [8][3200/6976]	lr: 1.000e-03, eta: 7:41:05, time: 0.175, data_time: 0.010, memory: 13424, loss_cls: 0.4314, loss_bbox: 0.3741, loss_kps: 0.0000, loss: 0.8054
2026-09-23 17:32:02,633 - mmdet - INFO - Epoch [8][3250/6976]	lr: 1.000e-03, eta: 7:40:56, time: 0.176, data_time: 0.009, memory: 13424, loss_cls: 0.3982, loss_bbox: 0.3739, loss_kps: 0.0000, loss: 0.7722
2026-09-23 17:32:11,338 - mmdet - INFO - Epoch [8][3300/6976]	lr: 1.000e-03, eta: 7:40:47, time: 0.174, data_time: 0.009, memory: 13424, loss_cls: 0.4333, loss_bbox: 0.3808, loss_kps: 0.0000, loss: 0.8141
2026-09-23 17:32:20,409 - mmdet - INFO - Epoch [8][3350/6976]	lr: 1.000e-03, eta: 7:40:39, time: 0.181, data_time: 0.009, memory: 13424, loss_cls: 0.4205, loss_bbox: 0.3630, loss_kps: 0.0000, loss: 0.7836
2026-09-23 17:32:29,154 - mmdet - INFO - Epoch [8][3400/6976]	lr: 1.000e-03, eta: 7:40:30, time: 0.175, data_time: 0.010, memory: 13424, loss_cls: 0.4080, loss_bbox: 0.3746, loss_kps: 0.0000, loss: 0.7825
2026-09-23 17:32:37,817 - mmdet - INFO - Epoch [8][3450/6976]	lr: 1.000e-03, eta: 7:40:21, time: 0.173, data_time: 0.010, memory: 13424, loss_cls: 0.3980, loss_bbox: 0.3733, loss_kps: 0.0000, loss: 0.7714
2026-09-23 17:32:46,556 - mmdet - INFO - Epoch [8][3500/6976]	lr: 1.000e-03, eta: 7:40:12, time: 0.175, data_time: 0.010, memory: 13424, loss_cls: 0.4077, loss_bbox: 0.3797, loss_kps: 0.0000, loss: 0.7873
2026-09-23 17:32:55,357 - mmdet - INFO - Epoch [8][3550/6976]	lr: 1.000e-03, eta: 7:40:03, time: 0.176, data_time: 0.010, memory: 13424, loss_cls: 0.4209, loss_bbox: 0.3878, loss_kps: 0.0000, loss: 0.8087
2026-09-23 17:33:04,061 - mmdet - INFO - Epoch [8][3600/6976]	lr: 1.000e-03, eta: 7:39:54, time: 0.174, data_time: 0.009, memory: 13424, loss_cls: 0.4502, loss_bbox: 0.3904, loss_kps: 0.0000, loss: 0.8406
2026-09-23 17:33:12,785 - mmdet - INFO - Epoch [8][3650/6976]	lr: 1.000e-03, eta: 7:39:45, time: 0.174, data_time: 0.009, memory: 13424, loss_cls: 0.4318, loss_bbox: 0.3759, loss_kps: 0.0000, loss: 0.8077
2026-09-23 17:33:21,547 - mmdet - INFO - Epoch [8][3700/6976]	lr: 1.000e-03, eta: 7:39:36, time: 0.175, data_time: 0.010, memory: 13424, loss_cls: 0.3913, loss_bbox: 0.3752, loss_kps: 0.0000, loss: 0.7665
2026-09-23 17:33:30,329 - mmdet - INFO - Epoch [8][3750/6976]	lr: 1.000e-03, eta: 7:39:27, time: 0.176, data_time: 0.010, memory: 13424, loss_cls: 0.3981, loss_bbox: 0.3734, loss_kps: 0.0000, loss: 0.7715
2026-09-23 17:33:39,076 - mmdet - INFO - Epoch [8][3800/6976]	lr: 1.000e-03, eta: 7:39:18, time: 0.175, data_time: 0.010, memory: 13424, loss_cls: 0.4118, loss_bbox: 0.3853, loss_kps: 0.0000, loss: 0.7971
2026-09-23 17:33:47,898 - mmdet - INFO - Epoch [8][3850/6976]	lr: 1.000e-03, eta: 7:39:10, time: 0.177, data_time: 0.010, memory: 13424, loss_cls: 0.4088, loss_bbox: 0.3866, loss_kps: 0.0000, loss: 0.7954
2026-09-23 17:33:56,661 - mmdet - INFO - Epoch [8][3900/6976]	lr: 1.000e-03, eta: 7:39:01, time: 0.175, data_time: 0.009, memory: 13424, loss_cls: 0.4193, loss_bbox: 0.3832, loss_kps: 0.0000, loss: 0.8025
2026-09-23 17:34:05,733 - mmdet - INFO - Epoch [8][3950/6976]	lr: 1.000e-03, eta: 7:38:53, time: 0.181, data_time: 0.010, memory: 13424, loss_cls: 0.4012, loss_bbox: 0.3581, loss_kps: 0.0000, loss: 0.7593
2026-09-23 17:34:14,536 - mmdet - INFO - Epoch [8][4000/6976]	lr: 1.000e-03, eta: 7:38:44, time: 0.176, data_time: 0.009, memory: 13424, loss_cls: 0.4100, loss_bbox: 0.3667, loss_kps: 0.0000, loss: 0.7767
2026-09-23 17:34:23,304 - mmdet - INFO - Epoch [8][4050/6976]	lr: 1.000e-03, eta: 7:38:35, time: 0.176, data_time: 0.010, memory: 13424, loss_cls: 0.4059, loss_bbox: 0.3694, loss_kps: 0.0000, loss: 0.7753
2026-09-23 17:34:32,091 - mmdet - INFO - Epoch [8][4100/6976]	lr: 1.000e-03, eta: 7:38:26, time: 0.176, data_time: 0.010, memory: 13424, loss_cls: 0.4108, loss_bbox: 0.3599, loss_kps: 0.0000, loss: 0.7707
2026-09-23 17:34:40,877 - mmdet - INFO - Epoch [8][4150/6976]	lr: 1.000e-03, eta: 7:38:17, time: 0.176, data_time: 0.010, memory: 13424, loss_cls: 0.4317, loss_bbox: 0.3730, loss_kps: 0.0000, loss: 0.8047
2026-09-23 17:34:49,571 - mmdet - INFO - Epoch [8][4200/6976]	lr: 1.000e-03, eta: 7:38:08, time: 0.174, data_time: 0.010, memory: 13424, loss_cls: 0.4184, loss_bbox: 0.3707, loss_kps: 0.0000, loss: 0.7891
2026-09-23 17:34:58,193 - mmdet - INFO - Epoch [8][4250/6976]	lr: 1.000e-03, eta: 7:37:59, time: 0.173, data_time: 0.010, memory: 13424, loss_cls: 0.4157, loss_bbox: 0.3872, loss_kps: 0.0000, loss: 0.8029
2026-09-23 17:35:06,995 - mmdet - INFO - Epoch [8][4300/6976]	lr: 1.000e-03, eta: 7:37:50, time: 0.176, data_time: 0.010, memory: 13424, loss_cls: 0.4106, loss_bbox: 0.3835, loss_kps: 0.0000, loss: 0.7941
2026-09-23 17:35:15,754 - mmdet - INFO - Epoch [8][4350/6976]	lr: 1.000e-03, eta: 7:37:41, time: 0.175, data_time: 0.009, memory: 13424, loss_cls: 0.4252, loss_bbox: 0.3796, loss_kps: 0.0000, loss: 0.8048
2026-09-23 17:35:24,585 - mmdet - INFO - Epoch [8][4400/6976]	lr: 1.000e-03, eta: 7:37:33, time: 0.176, data_time: 0.010, memory: 13424, loss_cls: 0.4316, loss_bbox: 0.3872, loss_kps: 0.0000, loss: 0.8189
2026-09-23 17:35:33,373 - mmdet - INFO - Epoch [8][4450/6976]	lr: 1.000e-03, eta: 7:37:24, time: 0.176, data_time: 0.010, memory: 13424, loss_cls: 0.4089, loss_bbox: 0.3720, loss_kps: 0.0000, loss: 0.7808
2026-09-23 17:35:42,458 - mmdet - INFO - Epoch [8][4500/6976]	lr: 1.000e-03, eta: 7:37:16, time: 0.182, data_time: 0.009, memory: 13424, loss_cls: 0.4193, loss_bbox: 0.3656, loss_kps: 0.0000, loss: 0.7850
2026-09-23 17:35:51,074 - mmdet - INFO - Epoch [8][4550/6976]	lr: 1.000e-03, eta: 7:37:07, time: 0.172, data_time: 0.010, memory: 13424, loss_cls: 0.3903, loss_bbox: 0.3670, loss_kps: 0.0000, loss: 0.7573
2026-09-23 17:35:59,754 - mmdet - INFO - Epoch [8][4600/6976]	lr: 1.000e-03, eta: 7:36:57, time: 0.174, data_time: 0.010, memory: 13424, loss_cls: 0.4186, loss_bbox: 0.3738, loss_kps: 0.0000, loss: 0.7924
2026-09-23 17:36:08,470 - mmdet - INFO - Epoch [8][4650/6976]	lr: 1.000e-03, eta: 7:36:48, time: 0.174, data_time: 0.010, memory: 13424, loss_cls: 0.4182, loss_bbox: 0.3647, loss_kps: 0.0000, loss: 0.7830
2026-09-23 17:36:17,224 - mmdet - INFO - Epoch [8][4700/6976]	lr: 1.000e-03, eta: 7:36:39, time: 0.175, data_time: 0.010, memory: 13424, loss_cls: 0.3868, loss_bbox: 0.3666, loss_kps: 0.0000, loss: 0.7533
2026-09-23 17:36:26,016 - mmdet - INFO - Epoch [8][4750/6976]	lr: 1.000e-03, eta: 7:36:31, time: 0.176, data_time: 0.010, memory: 13424, loss_cls: 0.4092, loss_bbox: 0.3597, loss_kps: 0.0000, loss: 0.7688
2026-09-23 17:36:34,694 - mmdet - INFO - Epoch [8][4800/6976]	lr: 1.000e-03, eta: 7:36:22, time: 0.174, data_time: 0.010, memory: 13424, loss_cls: 0.4175, loss_bbox: 0.3722, loss_kps: 0.0000, loss: 0.7897
2026-09-23 17:36:43,475 - mmdet - INFO - Epoch [8][4850/6976]	lr: 1.000e-03, eta: 7:36:13, time: 0.175, data_time: 0.010, memory: 13424, loss_cls: 0.4284, loss_bbox: 0.3814, loss_kps: 0.0000, loss: 0.8099
2026-09-23 17:36:52,169 - mmdet - INFO - Epoch [8][4900/6976]	lr: 1.000e-03, eta: 7:36:04, time: 0.174, data_time: 0.010, memory: 13424, loss_cls: 0.4200, loss_bbox: 0.3742, loss_kps: 0.0000, loss: 0.7941
2026-09-23 17:37:00,898 - mmdet - INFO - Epoch [8][4950/6976]	lr: 1.000e-03, eta: 7:35:55, time: 0.175, data_time: 0.010, memory: 13424, loss_cls: 0.4368, loss_bbox: 0.3729, loss_kps: 0.0000, loss: 0.8098
2026-09-23 17:37:09,722 - mmdet - INFO - Epoch [8][5000/6976]	lr: 1.000e-03, eta: 7:35:46, time: 0.176, data_time: 0.010, memory: 13424, loss_cls: 0.4244, loss_bbox: 0.3877, loss_kps: 0.0000, loss: 0.8121
2026-09-23 17:37:18,436 - mmdet - INFO - Epoch [8][5050/6976]	lr: 1.000e-03, eta: 7:35:37, time: 0.174, data_time: 0.010, memory: 13424, loss_cls: 0.4015, loss_bbox: 0.3722, loss_kps: 0.0000, loss: 0.7737
2026-09-23 17:37:27,076 - mmdet - INFO - Epoch [8][5100/6976]	lr: 1.000e-03, eta: 7:35:28, time: 0.173, data_time: 0.010, memory: 13424, loss_cls: 0.4247, loss_bbox: 0.3809, loss_kps: 0.0000, loss: 0.8056
2026-09-23 17:37:36,131 - mmdet - INFO - Epoch [8][5150/6976]	lr: 1.000e-03, eta: 7:35:20, time: 0.181, data_time: 0.009, memory: 13424, loss_cls: 0.4154, loss_bbox: 0.3814, loss_kps: 0.0000, loss: 0.7968
2026-09-23 17:37:44,861 - mmdet - INFO - Epoch [8][5200/6976]	lr: 1.000e-03, eta: 7:35:11, time: 0.175, data_time: 0.010, memory: 13424, loss_cls: 0.4010, loss_bbox: 0.3623, loss_kps: 0.0000, loss: 0.7634
2026-09-23 17:37:53,622 - mmdet - INFO - Epoch [8][5250/6976]	lr: 1.000e-03, eta: 7:35:02, time: 0.175, data_time: 0.010, memory: 13424, loss_cls: 0.4246, loss_bbox: 0.3815, loss_kps: 0.0000, loss: 0.8061
2026-09-23 17:38:02,420 - mmdet - INFO - Epoch [8][5300/6976]	lr: 1.000e-03, eta: 7:34:53, time: 0.176, data_time: 0.010, memory: 13424, loss_cls: 0.4187, loss_bbox: 0.3680, loss_kps: 0.0000, loss: 0.7867
2026-09-23 17:38:11,113 - mmdet - INFO - Epoch [8][5350/6976]	lr: 1.000e-03, eta: 7:34:44, time: 0.174, data_time: 0.010, memory: 13424, loss_cls: 0.4102, loss_bbox: 0.3528, loss_kps: 0.0000, loss: 0.7630
2026-09-23 17:38:19,850 - mmdet - INFO - Epoch [8][5400/6976]	lr: 1.000e-03, eta: 7:34:35, time: 0.175, data_time: 0.010, memory: 13424, loss_cls: 0.4347, loss_bbox: 0.3791, loss_kps: 0.0000, loss: 0.8138
2026-09-23 17:38:28,603 - mmdet - INFO - Epoch [8][5450/6976]	lr: 1.000e-03, eta: 7:34:26, time: 0.175, data_time: 0.010, memory: 13424, loss_cls: 0.4310, loss_bbox: 0.3748, loss_kps: 0.0000, loss: 0.8058
2026-09-23 17:38:37,357 - mmdet - INFO - Epoch [8][5500/6976]	lr: 1.000e-03, eta: 7:34:17, time: 0.175, data_time: 0.010, memory: 13424, loss_cls: 0.4306, loss_bbox: 0.3712, loss_kps: 0.0000, loss: 0.8018
2026-09-23 17:38:46,002 - mmdet - INFO - Epoch [8][5550/6976]	lr: 1.000e-03, eta: 7:34:08, time: 0.173, data_time: 0.010, memory: 13424, loss_cls: 0.3773, loss_bbox: 0.3719, loss_kps: 0.0000, loss: 0.7492
2026-09-23 17:38:54,798 - mmdet - INFO - Epoch [8][5600/6976]	lr: 1.000e-03, eta: 7:33:59, time: 0.176, data_time: 0.010, memory: 13424, loss_cls: 0.4101, loss_bbox: 0.3701, loss_kps: 0.0000, loss: 0.7802
2026-09-23 17:39:03,497 - mmdet - INFO - Epoch [8][5650/6976]	lr: 1.000e-03, eta: 7:33:50, time: 0.174, data_time: 0.010, memory: 13424, loss_cls: 0.4256, loss_bbox: 0.3743, loss_kps: 0.0000, loss: 0.8000
2026-09-23 17:39:12,201 - mmdet - INFO - Epoch [8][5700/6976]	lr: 1.000e-03, eta: 7:33:41, time: 0.174, data_time: 0.009, memory: 13424, loss_cls: 0.3997, loss_bbox: 0.3805, loss_kps: 0.0000, loss: 0.7803
2026-09-23 17:39:20,931 - mmdet - INFO - Epoch [8][5750/6976]	lr: 1.000e-03, eta: 7:33:32, time: 0.175, data_time: 0.010, memory: 13424, loss_cls: 0.4240, loss_bbox: 0.3717, loss_kps: 0.0000, loss: 0.7956
2026-09-23 17:39:29,663 - mmdet - INFO - Epoch [8][5800/6976]	lr: 1.000e-03, eta: 7:33:23, time: 0.175, data_time: 0.010, memory: 13424, loss_cls: 0.4083, loss_bbox: 0.3721, loss_kps: 0.0000, loss: 0.7803
2026-09-23 17:39:38,415 - mmdet - INFO - Epoch [8][5850/6976]	lr: 1.000e-03, eta: 7:33:14, time: 0.175, data_time: 0.010, memory: 13424, loss_cls: 0.4067, loss_bbox: 0.3662, loss_kps: 0.0000, loss: 0.7729
2026-09-23 17:39:47,137 - mmdet - INFO - Epoch [8][5900/6976]	lr: 1.000e-03, eta: 7:33:05, time: 0.174, data_time: 0.010, memory: 13424, loss_cls: 0.4076, loss_bbox: 0.3747, loss_kps: 0.0000, loss: 0.7824
2026-09-23 17:39:55,920 - mmdet - INFO - Epoch [8][5950/6976]	lr: 1.000e-03, eta: 7:32:56, time: 0.176, data_time: 0.010, memory: 13424, loss_cls: 0.4090, loss_bbox: 0.3735, loss_kps: 0.0000, loss: 0.7825
2026-09-23 17:40:04,653 - mmdet - INFO - Epoch [8][6000/6976]	lr: 1.000e-03, eta: 7:32:47, time: 0.175, data_time: 0.010, memory: 13424, loss_cls: 0.4160, loss_bbox: 0.3749, loss_kps: 0.0000, loss: 0.7910
2026-09-23 17:40:13,421 - mmdet - INFO - Epoch [8][6050/6976]	lr: 1.000e-03, eta: 7:32:38, time: 0.175, data_time: 0.009, memory: 13424, loss_cls: 0.4233, loss_bbox: 0.3758, loss_kps: 0.0000, loss: 0.7991
2026-09-23 17:40:22,094 - mmdet - INFO - Epoch [8][6100/6976]	lr: 1.000e-03, eta: 7:32:29, time: 0.174, data_time: 0.010, memory: 13424, loss_cls: 0.4293, loss_bbox: 0.3857, loss_kps: 0.0000, loss: 0.8150
2026-09-23 17:40:31,170 - mmdet - INFO - Epoch [8][6150/6976]	lr: 1.000e-03, eta: 7:32:21, time: 0.182, data_time: 0.010, memory: 13424, loss_cls: 0.4052, loss_bbox: 0.3865, loss_kps: 0.0000, loss: 0.7917
2026-09-23 17:40:39,897 - mmdet - INFO - Epoch [8][6200/6976]	lr: 1.000e-03, eta: 7:32:12, time: 0.175, data_time: 0.010, memory: 13424, loss_cls: 0.4038, loss_bbox: 0.3932, loss_kps: 0.0000, loss: 0.7971
2026-09-23 17:40:48,566 - mmdet - INFO - Epoch [8][6250/6976]	lr: 1.000e-03, eta: 7:32:03, time: 0.173, data_time: 0.010, memory: 13424, loss_cls: 0.4279, loss_bbox: 0.3947, loss_kps: 0.0000, loss: 0.8226
2026-09-23 17:40:57,327 - mmdet - INFO - Epoch [8][6300/6976]	lr: 1.000e-03, eta: 7:31:54, time: 0.175, data_time: 0.010, memory: 13424, loss_cls: 0.4039, loss_bbox: 0.3742, loss_kps: 0.0000, loss: 0.7780
2026-09-23 17:41:06,061 - mmdet - INFO - Epoch [8][6350/6976]	lr: 1.000e-03, eta: 7:31:45, time: 0.175, data_time: 0.010, memory: 13424, loss_cls: 0.4250, loss_bbox: 0.3766, loss_kps: 0.0000, loss: 0.8015
2026-09-23 17:41:14,807 - mmdet - INFO - Epoch [8][6400/6976]	lr: 1.000e-03, eta: 7:31:36, time: 0.175, data_time: 0.010, memory: 13424, loss_cls: 0.4060, loss_bbox: 0.3842, loss_kps: 0.0000, loss: 0.7902
2026-09-23 17:41:23,633 - mmdet - INFO - Epoch [8][6450/6976]	lr: 1.000e-03, eta: 7:31:28, time: 0.177, data_time: 0.009, memory: 13424, loss_cls: 0.4345, loss_bbox: 0.3964, loss_kps: 0.0000, loss: 0.8309
2026-09-23 17:41:32,402 - mmdet - INFO - Epoch [8][6500/6976]	lr: 1.000e-03, eta: 7:31:19, time: 0.175, data_time: 0.010, memory: 13424, loss_cls: 0.4297, loss_bbox: 0.3816, loss_kps: 0.0000, loss: 0.8112
2026-09-23 17:41:41,099 - mmdet - INFO - Epoch [8][6550/6976]	lr: 1.000e-03, eta: 7:31:10, time: 0.174, data_time: 0.010, memory: 13424, loss_cls: 0.4173, loss_bbox: 0.3744, loss_kps: 0.0000, loss: 0.7917
2026-09-23 17:41:49,788 - mmdet - INFO - Epoch [8][6600/6976]	lr: 1.000e-03, eta: 7:31:00, time: 0.174, data_time: 0.010, memory: 13424, loss_cls: 0.3966, loss_bbox: 0.3818, loss_kps: 0.0000, loss: 0.7784
2026-09-23 17:41:58,642 - mmdet - INFO - Epoch [8][6650/6976]	lr: 1.000e-03, eta: 7:30:52, time: 0.177, data_time: 0.010, memory: 13424, loss_cls: 0.3962, loss_bbox: 0.3758, loss_kps: 0.0000, loss: 0.7720
2026-09-23 17:42:07,456 - mmdet - INFO - Epoch [8][6700/6976]	lr: 1.000e-03, eta: 7:30:43, time: 0.176, data_time: 0.009, memory: 13424, loss_cls: 0.4223, loss_bbox: 0.3787, loss_kps: 0.0000, loss: 0.8011
2026-09-23 17:42:16,078 - mmdet - INFO - Epoch [8][6750/6976]	lr: 1.000e-03, eta: 7:30:34, time: 0.172, data_time: 0.010, memory: 13424, loss_cls: 0.4187, loss_bbox: 0.3799, loss_kps: 0.0000, loss: 0.7986
2026-09-23 17:42:24,746 - mmdet - INFO - Epoch [8][6800/6976]	lr: 1.000e-03, eta: 7:30:25, time: 0.173, data_time: 0.010, memory: 13424, loss_cls: 0.3944, loss_bbox: 0.3724, loss_kps: 0.0000, loss: 0.7668
2026-09-23 17:42:33,451 - mmdet - INFO - Epoch [8][6850/6976]	lr: 1.000e-03, eta: 7:30:16, time: 0.174, data_time: 0.010, memory: 13424, loss_cls: 0.4029, loss_bbox: 0.3867, loss_kps: 0.0000, loss: 0.7896
2026-09-23 17:42:42,229 - mmdet - INFO - Epoch [8][6900/6976]	lr: 1.000e-03, eta: 7:30:07, time: 0.175, data_time: 0.010, memory: 13424, loss_cls: 0.4180, loss_bbox: 0.3671, loss_kps: 0.0000, loss: 0.7851
2026-09-23 17:42:51,031 - mmdet - INFO - Epoch [8][6950/6976]	lr: 1.000e-03, eta: 7:29:58, time: 0.176, data_time: 0.010, memory: 13424, loss_cls: 0.4316, loss_bbox: 0.3761, loss_kps: 0.0000, loss: 0.8077
2026-09-23 17:42:55,647 - mmdet - INFO - Saving checkpoint at 8 epochs
2026-09-23 17:43:09,712 - mmdet - INFO - Epoch [9][50/6976]	lr: 1.000e-03, eta: 7:29:46, time: 0.276, data_time: 0.099, memory: 13424, loss_cls: 0.3980, loss_bbox: 0.3674, loss_kps: 0.0000, loss: 0.7654
2026-09-23 17:43:18,519 - mmdet - INFO - Epoch [9][100/6976]	lr: 1.000e-03, eta: 7:29:37, time: 0.176, data_time: 0.009, memory: 13424, loss_cls: 0.3739, loss_bbox: 0.3674, loss_kps: 0.0000, loss: 0.7413
2026-09-23 17:43:27,301 - mmdet - INFO - Epoch [9][150/6976]	lr: 1.000e-03, eta: 7:29:28, time: 0.175, data_time: 0.009, memory: 13424, loss_cls: 0.4044, loss_bbox: 0.3649, loss_kps: 0.0000, loss: 0.7693
2026-09-23 17:43:36,112 - mmdet - INFO - Epoch [9][200/6976]	lr: 1.000e-03, eta: 7:29:20, time: 0.176, data_time: 0.009, memory: 13424, loss_cls: 0.4192, loss_bbox: 0.3670, loss_kps: 0.0000, loss: 0.7863
2026-09-23 17:43:45,228 - mmdet - INFO - Epoch [9][250/6976]	lr: 1.000e-03, eta: 7:29:12, time: 0.182, data_time: 0.009, memory: 13424, loss_cls: 0.4126, loss_bbox: 0.3866, loss_kps: 0.0000, loss: 0.7993
2026-09-23 17:43:54,108 - mmdet - INFO - Epoch [9][300/6976]	lr: 1.000e-03, eta: 7:29:03, time: 0.178, data_time: 0.011, memory: 13424, loss_cls: 0.4279, loss_bbox: 0.3813, loss_kps: 0.0000, loss: 0.8092
2026-09-23 17:44:02,893 - mmdet - INFO - Epoch [9][350/6976]	lr: 1.000e-03, eta: 7:28:54, time: 0.176, data_time: 0.009, memory: 13424, loss_cls: 0.4047, loss_bbox: 0.3678, loss_kps: 0.0000, loss: 0.7725
2026-09-23 17:44:11,730 - mmdet - INFO - Epoch [9][400/6976]	lr: 1.000e-03, eta: 7:28:46, time: 0.177, data_time: 0.009, memory: 13424, loss_cls: 0.4062, loss_bbox: 0.3768, loss_kps: 0.0000, loss: 0.7830
2026-09-23 17:44:20,501 - mmdet - INFO - Epoch [9][450/6976]	lr: 1.000e-03, eta: 7:28:37, time: 0.175, data_time: 0.009, memory: 13424, loss_cls: 0.4150, loss_bbox: 0.3630, loss_kps: 0.0000, loss: 0.7779
2026-09-23 17:44:29,297 - mmdet - INFO - Epoch [9][500/6976]	lr: 1.000e-03, eta: 7:28:28, time: 0.176, data_time: 0.009, memory: 13424, loss_cls: 0.4345, loss_bbox: 0.3744, loss_kps: 0.0000, loss: 0.8088
2026-09-23 17:44:38,045 - mmdet - INFO - Epoch [9][550/6976]	lr: 1.000e-03, eta: 7:28:19, time: 0.175, data_time: 0.009, memory: 13424, loss_cls: 0.4245, loss_bbox: 0.3875, loss_kps: 0.0000, loss: 0.8120
2026-09-23 17:44:46,870 - mmdet - INFO - Epoch [9][600/6976]	lr: 1.000e-03, eta: 7:28:10, time: 0.176, data_time: 0.009, memory: 13424, loss_cls: 0.3997, loss_bbox: 0.3807, loss_kps: 0.0000, loss: 0.7804
2026-09-23 17:44:55,776 - mmdet - INFO - Epoch [9][650/6976]	lr: 1.000e-03, eta: 7:28:02, time: 0.178, data_time: 0.009, memory: 13424, loss_cls: 0.4455, loss_bbox: 0.3911, loss_kps: 0.0000, loss: 0.8367
2026-09-23 17:45:04,691 - mmdet - INFO - Epoch [9][700/6976]	lr: 1.000e-03, eta: 7:27:53, time: 0.178, data_time: 0.008, memory: 13424, loss_cls: 0.4257, loss_bbox: 0.3894, loss_kps: 0.0000, loss: 0.8152
2026-09-23 17:45:13,519 - mmdet - INFO - Epoch [9][750/6976]	lr: 1.000e-03, eta: 7:27:45, time: 0.177, data_time: 0.009, memory: 13424, loss_cls: 0.3994, loss_bbox: 0.3697, loss_kps: 0.0000, loss: 0.7691
2026-09-23 17:45:22,263 - mmdet - INFO - Epoch [9][800/6976]	lr: 1.000e-03, eta: 7:27:36, time: 0.175, data_time: 0.008, memory: 13424, loss_cls: 0.3979, loss_bbox: 0.3629, loss_kps: 0.0000, loss: 0.7608
2026-09-23 17:45:31,020 - mmdet - INFO - Epoch [9][850/6976]	lr: 1.000e-03, eta: 7:27:27, time: 0.175, data_time: 0.008, memory: 13424, loss_cls: 0.4231, loss_bbox: 0.3896, loss_kps: 0.0000, loss: 0.8127
2026-09-23 17:45:39,770 - mmdet - INFO - Epoch [9][900/6976]	lr: 1.000e-03, eta: 7:27:18, time: 0.175, data_time: 0.008, memory: 13424, loss_cls: 0.4340, loss_bbox: 0.3809, loss_kps: 0.0000, loss: 0.8150
2026-09-23 17:45:48,433 - mmdet - INFO - Epoch [9][950/6976]	lr: 1.000e-03, eta: 7:27:09, time: 0.173, data_time: 0.008, memory: 13424, loss_cls: 0.4045, loss_bbox: 0.3589, loss_kps: 0.0000, loss: 0.7634
2026-09-23 17:45:57,185 - mmdet - INFO - Epoch [9][1000/6976]	lr: 1.000e-03, eta: 7:27:00, time: 0.175, data_time: 0.009, memory: 13424, loss_cls: 0.4110, loss_bbox: 0.3698, loss_kps: 0.0000, loss: 0.7808
2026-09-23 17:46:05,994 - mmdet - INFO - Epoch [9][1050/6976]	lr: 1.000e-03, eta: 7:26:51, time: 0.176, data_time: 0.009, memory: 13424, loss_cls: 0.3809, loss_bbox: 0.3535, loss_kps: 0.0000, loss: 0.7344
2026-09-23 17:46:14,732 - mmdet - INFO - Epoch [9][1100/6976]	lr: 1.000e-03, eta: 7:26:42, time: 0.175, data_time: 0.009, memory: 13424, loss_cls: 0.4017, loss_bbox: 0.3682, loss_kps: 0.0000, loss: 0.7699
2026-09-23 17:46:24,011 - mmdet - INFO - Epoch [9][1150/6976]	lr: 1.000e-03, eta: 7:26:35, time: 0.186, data_time: 0.008, memory: 13424, loss_cls: 0.3925, loss_bbox: 0.3631, loss_kps: 0.0000, loss: 0.7555
2026-09-23 17:46:32,882 - mmdet - INFO - Epoch [9][1200/6976]	lr: 1.000e-03, eta: 7:26:26, time: 0.177, data_time: 0.009, memory: 13424, loss_cls: 0.4109, loss_bbox: 0.3583, loss_kps: 0.0000, loss: 0.7692
2026-09-23 17:46:41,717 - mmdet - INFO - Epoch [9][1250/6976]	lr: 1.000e-03, eta: 7:26:17, time: 0.176, data_time: 0.009, memory: 13424, loss_cls: 0.4020, loss_bbox: 0.3669, loss_kps: 0.0000, loss: 0.7690
2026-09-23 17:46:50,579 - mmdet - INFO - Epoch [9][1300/6976]	lr: 1.000e-03, eta: 7:26:09, time: 0.177, data_time: 0.009, memory: 13424, loss_cls: 0.4050, loss_bbox: 0.3687, loss_kps: 0.0000, loss: 0.7736
2026-09-23 17:46:59,885 - mmdet - INFO - Epoch [9][1350/6976]	lr: 1.000e-03, eta: 7:26:01, time: 0.186, data_time: 0.010, memory: 13424, loss_cls: 0.4269, loss_bbox: 0.3795, loss_kps: 0.0000, loss: 0.8064
2026-09-23 17:47:08,730 - mmdet - INFO - Epoch [9][1400/6976]	lr: 1.000e-03, eta: 7:25:53, time: 0.177, data_time: 0.009, memory: 13424, loss_cls: 0.4039, loss_bbox: 0.3804, loss_kps: 0.0000, loss: 0.7843
2026-09-23 17:47:17,488 - mmdet - INFO - Epoch [9][1450/6976]	lr: 1.000e-03, eta: 7:25:44, time: 0.175, data_time: 0.008, memory: 13424, loss_cls: 0.4294, loss_bbox: 0.3681, loss_kps: 0.0000, loss: 0.7975
2026-09-23 17:47:26,304 - mmdet - INFO - Epoch [9][1500/6976]	lr: 1.000e-03, eta: 7:25:35, time: 0.176, data_time: 0.008, memory: 13424, loss_cls: 0.4097, loss_bbox: 0.3679, loss_kps: 0.0000, loss: 0.7776
2026-09-23 17:47:35,296 - mmdet - INFO - Epoch [9][1550/6976]	lr: 1.000e-03, eta: 7:25:27, time: 0.180, data_time: 0.009, memory: 13424, loss_cls: 0.4096, loss_bbox: 0.3744, loss_kps: 0.0000, loss: 0.7840
2026-09-23 17:47:44,061 - mmdet - INFO - Epoch [9][1600/6976]	lr: 1.000e-03, eta: 7:25:18, time: 0.175, data_time: 0.009, memory: 13424, loss_cls: 0.4086, loss_bbox: 0.3726, loss_kps: 0.0000, loss: 0.7812
2026-09-23 17:47:52,822 - mmdet - INFO - Epoch [9][1650/6976]	lr: 1.000e-03, eta: 7:25:09, time: 0.175, data_time: 0.008, memory: 13424, loss_cls: 0.4108, loss_bbox: 0.3829, loss_kps: 0.0000, loss: 0.7937
2026-09-23 17:48:01,651 - mmdet - INFO - Epoch [9][1700/6976]	lr: 1.000e-03, eta: 7:25:00, time: 0.177, data_time: 0.009, memory: 13424, loss_cls: 0.4391, loss_bbox: 0.3921, loss_kps: 0.0000, loss: 0.8311
2026-09-23 17:48:10,446 - mmdet - INFO - Epoch [9][1750/6976]	lr: 1.000e-03, eta: 7:24:51, time: 0.176, data_time: 0.009, memory: 13424, loss_cls: 0.3971, loss_bbox: 0.3747, loss_kps: 0.0000, loss: 0.7719
2026-09-23 17:48:19,238 - mmdet - INFO - Epoch [9][1800/6976]	lr: 1.000e-03, eta: 7:24:43, time: 0.176, data_time: 0.008, memory: 13424, loss_cls: 0.4119, loss_bbox: 0.3776, loss_kps: 0.0000, loss: 0.7894
2026-09-23 17:48:27,971 - mmdet - INFO - Epoch [9][1850/6976]	lr: 1.000e-03, eta: 7:24:34, time: 0.175, data_time: 0.009, memory: 13424, loss_cls: 0.4150, loss_bbox: 0.3818, loss_kps: 0.0000, loss: 0.7968
2026-09-23 17:48:36,807 - mmdet - INFO - Epoch [9][1900/6976]	lr: 1.000e-03, eta: 7:24:25, time: 0.177, data_time: 0.008, memory: 13424, loss_cls: 0.4035, loss_bbox: 0.3817, loss_kps: 0.0000, loss: 0.7852
2026-09-23 17:48:45,580 - mmdet - INFO - Epoch [9][1950/6976]	lr: 1.000e-03, eta: 7:24:16, time: 0.176, data_time: 0.009, memory: 13424, loss_cls: 0.4380, loss_bbox: 0.3884, loss_kps: 0.0000, loss: 0.8264
2026-09-23 17:48:54,233 - mmdet - INFO - Epoch [9][2000/6976]	lr: 1.000e-03, eta: 7:24:07, time: 0.173, data_time: 0.009, memory: 13424, loss_cls: 0.4027, loss_bbox: 0.3697, loss_kps: 0.0000, loss: 0.7724
2026-09-23 17:49:02,943 - mmdet - INFO - Epoch [9][2050/6976]	lr: 1.000e-03, eta: 7:23:58, time: 0.174, data_time: 0.009, memory: 13424, loss_cls: 0.3921, loss_bbox: 0.3674, loss_kps: 0.0000, loss: 0.7595
2026-09-23 17:49:11,642 - mmdet - INFO - Epoch [9][2100/6976]	lr: 1.000e-03, eta: 7:23:49, time: 0.174, data_time: 0.009, memory: 13424, loss_cls: 0.4255, loss_bbox: 0.3729, loss_kps: 0.0000, loss: 0.7984
2026-09-23 17:49:20,434 - mmdet - INFO - Epoch [9][2150/6976]	lr: 1.000e-03, eta: 7:23:40, time: 0.176, data_time: 0.009, memory: 13424, loss_cls: 0.4242, loss_bbox: 0.3874, loss_kps: 0.0000, loss: 0.8116
2026-09-23 17:49:29,150 - mmdet - INFO - Epoch [9][2200/6976]	lr: 1.000e-03, eta: 7:23:31, time: 0.174, data_time: 0.008, memory: 13424, loss_cls: 0.4081, loss_bbox: 0.3845, loss_kps: 0.0000, loss: 0.7927
2026-09-23 17:49:37,823 - mmdet - INFO - Epoch [9][2250/6976]	lr: 1.000e-03, eta: 7:23:22, time: 0.173, data_time: 0.009, memory: 13424, loss_cls: 0.3930, loss_bbox: 0.3621, loss_kps: 0.0000, loss: 0.7552
2026-09-23 17:49:46,527 - mmdet - INFO - Epoch [9][2300/6976]	lr: 1.000e-03, eta: 7:23:13, time: 0.174, data_time: 0.009, memory: 13424, loss_cls: 0.4227, loss_bbox: 0.3739, loss_kps: 0.0000, loss: 0.7966
2026-09-23 17:49:55,288 - mmdet - INFO - Epoch [9][2350/6976]	lr: 1.000e-03, eta: 7:23:04, time: 0.175, data_time: 0.009, memory: 13424, loss_cls: 0.4186, loss_bbox: 0.3856, loss_kps: 0.0000, loss: 0.8042
2026-09-23 17:50:04,018 - mmdet - INFO - Epoch [9][2400/6976]	lr: 1.000e-03, eta: 7:22:55, time: 0.175, data_time: 0.010, memory: 13424, loss_cls: 0.4559, loss_bbox: 0.3949, loss_kps: 0.0000, loss: 0.8508
2026-09-23 17:50:12,798 - mmdet - INFO - Epoch [9][2450/6976]	lr: 1.000e-03, eta: 7:22:46, time: 0.176, data_time: 0.009, memory: 13424, loss_cls: 0.4073, loss_bbox: 0.3724, loss_kps: 0.0000, loss: 0.7796
2026-09-23 17:50:21,486 - mmdet - INFO - Epoch [9][2500/6976]	lr: 1.000e-03, eta: 7:22:37, time: 0.174, data_time: 0.009, memory: 13424, loss_cls: 0.4113, loss_bbox: 0.3788, loss_kps: 0.0000, loss: 0.7901
2026-09-23 17:50:30,191 - mmdet - INFO - Epoch [9][2550/6976]	lr: 1.000e-03, eta: 7:22:28, time: 0.174, data_time: 0.009, memory: 13424, loss_cls: 0.4185, loss_bbox: 0.4016, loss_kps: 0.0000, loss: 0.8201
2026-09-23 17:50:38,987 - mmdet - INFO - Epoch [9][2600/6976]	lr: 1.000e-03, eta: 7:22:19, time: 0.176, data_time: 0.009, memory: 13424, loss_cls: 0.4118, loss_bbox: 0.3781, loss_kps: 0.0000, loss: 0.7899
2026-09-23 17:50:47,706 - mmdet - INFO - Epoch [9][2650/6976]	lr: 1.000e-03, eta: 7:22:10, time: 0.174, data_time: 0.010, memory: 13424, loss_cls: 0.3910, loss_bbox: 0.3622, loss_kps: 0.0000, loss: 0.7532
2026-09-23 17:50:56,429 - mmdet - INFO - Epoch [9][2700/6976]	lr: 1.000e-03, eta: 7:22:01, time: 0.174, data_time: 0.009, memory: 13424, loss_cls: 0.4024, loss_bbox: 0.3827, loss_kps: 0.0000, loss: 0.7850
2026-09-23 17:51:05,201 - mmdet - INFO - Epoch [9][2750/6976]	lr: 1.000e-03, eta: 7:21:52, time: 0.176, data_time: 0.010, memory: 13424, loss_cls: 0.4043, loss_bbox: 0.3852, loss_kps: 0.0000, loss: 0.7896
2026-09-23 17:51:13,987 - mmdet - INFO - Epoch [9][2800/6976]	lr: 1.000e-03, eta: 7:21:44, time: 0.175, data_time: 0.010, memory: 13424, loss_cls: 0.4215, loss_bbox: 0.3779, loss_kps: 0.0000, loss: 0.7993
2026-09-23 17:51:22,674 - mmdet - INFO - Epoch [9][2850/6976]	lr: 1.000e-03, eta: 7:21:35, time: 0.174, data_time: 0.009, memory: 13424, loss_cls: 0.4056, loss_bbox: 0.3731, loss_kps: 0.0000, loss: 0.7787
2026-09-23 17:51:31,369 - mmdet - INFO - Epoch [9][2900/6976]	lr: 1.000e-03, eta: 7:21:25, time: 0.174, data_time: 0.009, memory: 13424, loss_cls: 0.4180, loss_bbox: 0.3769, loss_kps: 0.0000, loss: 0.7949
2026-09-23 17:51:40,137 - mmdet - INFO - Epoch [9][2950/6976]	lr: 1.000e-03, eta: 7:21:17, time: 0.175, data_time: 0.009, memory: 13424, loss_cls: 0.4121, loss_bbox: 0.3868, loss_kps: 0.0000, loss: 0.7989
2026-09-23 17:51:48,924 - mmdet - INFO - Epoch [9][3000/6976]	lr: 1.000e-03, eta: 7:21:08, time: 0.176, data_time: 0.009, memory: 13424, loss_cls: 0.4048, loss_bbox: 0.3768, loss_kps: 0.0000, loss: 0.7816
2026-09-23 17:51:57,763 - mmdet - INFO - Epoch [9][3050/6976]	lr: 1.000e-03, eta: 7:20:59, time: 0.177, data_time: 0.009, memory: 13424, loss_cls: 0.3980, loss_bbox: 0.3745, loss_kps: 0.0000, loss: 0.7725
2026-09-23 17:52:06,551 - mmdet - INFO - Epoch [9][3100/6976]	lr: 1.000e-03, eta: 7:20:50, time: 0.176, data_time: 0.009, memory: 13424, loss_cls: 0.4010, loss_bbox: 0.3734, loss_kps: 0.0000, loss: 0.7744
2026-09-23 17:52:15,280 - mmdet - INFO - Epoch [9][3150/6976]	lr: 1.000e-03, eta: 7:20:41, time: 0.175, data_time: 0.009, memory: 13424, loss_cls: 0.4439, loss_bbox: 0.3874, loss_kps: 0.0000, loss: 0.8313
2026-09-23 17:52:24,054 - mmdet - INFO - Epoch [9][3200/6976]	lr: 1.000e-03, eta: 7:20:32, time: 0.175, data_time: 0.010, memory: 13424, loss_cls: 0.4245, loss_bbox: 0.3787, loss_kps: 0.0000, loss: 0.8032
2026-09-23 17:52:32,751 - mmdet - INFO - Epoch [9][3250/6976]	lr: 1.000e-03, eta: 7:20:23, time: 0.174, data_time: 0.009, memory: 13424, loss_cls: 0.4071, loss_bbox: 0.3668, loss_kps: 0.0000, loss: 0.7738
2026-09-23 17:52:41,807 - mmdet - INFO - Epoch [9][3300/6976]	lr: 1.000e-03, eta: 7:20:15, time: 0.181, data_time: 0.009, memory: 13424, loss_cls: 0.4282, loss_bbox: 0.3910, loss_kps: 0.0000, loss: 0.8193
2026-09-23 17:52:50,642 - mmdet - INFO - Epoch [9][3350/6976]	lr: 1.000e-03, eta: 7:20:07, time: 0.177, data_time: 0.009, memory: 13424, loss_cls: 0.4047, loss_bbox: 0.3829, loss_kps: 0.0000, loss: 0.7876
2026-09-23 17:52:59,406 - mmdet - INFO - Epoch [9][3400/6976]	lr: 1.000e-03, eta: 7:19:58, time: 0.175, data_time: 0.009, memory: 13424, loss_cls: 0.4214, loss_bbox: 0.3797, loss_kps: 0.0000, loss: 0.8011
2026-09-23 17:53:08,088 - mmdet - INFO - Epoch [9][3450/6976]	lr: 1.000e-03, eta: 7:19:49, time: 0.174, data_time: 0.009, memory: 13424, loss_cls: 0.4370, loss_bbox: 0.3905, loss_kps: 0.0000, loss: 0.8275
2026-09-23 17:53:16,886 - mmdet - INFO - Epoch [9][3500/6976]	lr: 1.000e-03, eta: 7:19:40, time: 0.176, data_time: 0.009, memory: 13424, loss_cls: 0.4200, loss_bbox: 0.3938, loss_kps: 0.0000, loss: 0.8138
2026-09-23 17:53:25,607 - mmdet - INFO - Epoch [9][3550/6976]	lr: 1.000e-03, eta: 7:19:31, time: 0.174, data_time: 0.010, memory: 13424, loss_cls: 0.4369, loss_bbox: 0.3887, loss_kps: 0.0000, loss: 0.8256
2026-09-23 17:53:34,311 - mmdet - INFO - Epoch [9][3600/6976]	lr: 1.000e-03, eta: 7:19:22, time: 0.174, data_time: 0.009, memory: 13424, loss_cls: 0.4407, loss_bbox: 0.3825, loss_kps: 0.0000, loss: 0.8232
2026-09-23 17:53:43,004 - mmdet - INFO - Epoch [9][3650/6976]	lr: 1.000e-03, eta: 7:19:13, time: 0.174, data_time: 0.009, memory: 13424, loss_cls: 0.3977, loss_bbox: 0.3685, loss_kps: 0.0000, loss: 0.7662
2026-09-23 17:53:51,655 - mmdet - INFO - Epoch [9][3700/6976]	lr: 1.000e-03, eta: 7:19:04, time: 0.173, data_time: 0.009, memory: 13424, loss_cls: 0.3882, loss_bbox: 0.3905, loss_kps: 0.0000, loss: 0.7787
2026-09-23 17:54:00,674 - mmdet - INFO - Epoch [9][3750/6976]	lr: 1.000e-03, eta: 7:18:55, time: 0.180, data_time: 0.009, memory: 13424, loss_cls: 0.4027, loss_bbox: 0.3752, loss_kps: 0.0000, loss: 0.7778
2026-09-23 17:54:09,450 - mmdet - INFO - Epoch [9][3800/6976]	lr: 1.000e-03, eta: 7:18:47, time: 0.175, data_time: 0.009, memory: 13424, loss_cls: 0.4074, loss_bbox: 0.3797, loss_kps: 0.0000, loss: 0.7871
2026-09-23 17:54:18,329 - mmdet - INFO - Epoch [9][3850/6976]	lr: 1.000e-03, eta: 7:18:38, time: 0.178, data_time: 0.010, memory: 13424, loss_cls: 0.3952, loss_bbox: 0.3645, loss_kps: 0.0000, loss: 0.7597
2026-09-23 17:54:27,074 - mmdet - INFO - Epoch [9][3900/6976]	lr: 1.000e-03, eta: 7:18:29, time: 0.175, data_time: 0.009, memory: 13424, loss_cls: 0.4161, loss_bbox: 0.3806, loss_kps: 0.0000, loss: 0.7967
2026-09-23 17:54:35,807 - mmdet - INFO - Epoch [9][3950/6976]	lr: 1.000e-03, eta: 7:18:20, time: 0.175, data_time: 0.010, memory: 13424, loss_cls: 0.4148, loss_bbox: 0.3742, loss_kps: 0.0000, loss: 0.7891
2026-09-23 17:54:44,527 - mmdet - INFO - Epoch [9][4000/6976]	lr: 1.000e-03, eta: 7:18:11, time: 0.174, data_time: 0.009, memory: 13424, loss_cls: 0.4142, loss_bbox: 0.3871, loss_kps: 0.0000, loss: 0.8013
2026-09-23 17:54:53,268 - mmdet - INFO - Epoch [9][4050/6976]	lr: 1.000e-03, eta: 7:18:02, time: 0.175, data_time: 0.009, memory: 13424, loss_cls: 0.4400, loss_bbox: 0.3874, loss_kps: 0.0000, loss: 0.8274
2026-09-23 17:55:02,091 - mmdet - INFO - Epoch [9][4100/6976]	lr: 1.000e-03, eta: 7:17:53, time: 0.176, data_time: 0.010, memory: 13424, loss_cls: 0.4002, loss_bbox: 0.3772, loss_kps: 0.0000, loss: 0.7774
2026-09-23 17:55:10,874 - mmdet - INFO - Epoch [9][4150/6976]	lr: 1.000e-03, eta: 7:17:45, time: 0.175, data_time: 0.009, memory: 13424, loss_cls: 0.4173, loss_bbox: 0.3760, loss_kps: 0.0000, loss: 0.7933
2026-09-23 17:55:19,686 - mmdet - INFO - Epoch [9][4200/6976]	lr: 1.000e-03, eta: 7:17:36, time: 0.176, data_time: 0.010, memory: 13424, loss_cls: 0.4120, loss_bbox: 0.3771, loss_kps: 0.0000, loss: 0.7891
2026-09-23 17:55:28,444 - mmdet - INFO - Epoch [9][4250/6976]	lr: 1.000e-03, eta: 7:17:27, time: 0.175, data_time: 0.009, memory: 13424, loss_cls: 0.4241, loss_bbox: 0.3760, loss_kps: 0.0000, loss: 0.8001
2026-09-23 17:55:37,248 - mmdet - INFO - Epoch [9][4300/6976]	lr: 1.000e-03, eta: 7:17:18, time: 0.176, data_time: 0.009, memory: 13424, loss_cls: 0.4224, loss_bbox: 0.3733, loss_kps: 0.0000, loss: 0.7956
2026-09-23 17:55:45,906 - mmdet - INFO - Epoch [9][4350/6976]	lr: 1.000e-03, eta: 7:17:09, time: 0.173, data_time: 0.010, memory: 13424, loss_cls: 0.3867, loss_bbox: 0.3603, loss_kps: 0.0000, loss: 0.7471
2026-09-23 17:55:54,636 - mmdet - INFO - Epoch [9][4400/6976]	lr: 1.000e-03, eta: 7:17:00, time: 0.175, data_time: 0.009, memory: 13424, loss_cls: 0.4268, loss_bbox: 0.3840, loss_kps: 0.0000, loss: 0.8108
2026-09-23 17:56:03,427 - mmdet - INFO - Epoch [9][4450/6976]	lr: 1.000e-03, eta: 7:16:51, time: 0.176, data_time: 0.009, memory: 13424, loss_cls: 0.4179, loss_bbox: 0.3795, loss_kps: 0.0000, loss: 0.7974
2026-09-23 17:56:12,149 - mmdet - INFO - Epoch [9][4500/6976]	lr: 1.000e-03, eta: 7:16:42, time: 0.174, data_time: 0.009, memory: 13424, loss_cls: 0.4045, loss_bbox: 0.3676, loss_kps: 0.0000, loss: 0.7721
2026-09-23 17:56:20,863 - mmdet - INFO - Epoch [9][4550/6976]	lr: 1.000e-03, eta: 7:16:33, time: 0.174, data_time: 0.009, memory: 13424, loss_cls: 0.4121, loss_bbox: 0.3789, loss_kps: 0.0000, loss: 0.7910
2026-09-23 17:56:29,673 - mmdet - INFO - Epoch [9][4600/6976]	lr: 1.000e-03, eta: 7:16:25, time: 0.176, data_time: 0.010, memory: 13424, loss_cls: 0.4114, loss_bbox: 0.3761, loss_kps: 0.0000, loss: 0.7875
2026-09-23 17:56:38,448 - mmdet - INFO - Epoch [9][4650/6976]	lr: 1.000e-03, eta: 7:16:16, time: 0.176, data_time: 0.009, memory: 13424, loss_cls: 0.4150, loss_bbox: 0.3730, loss_kps: 0.0000, loss: 0.7879
2026-09-23 17:56:47,216 - mmdet - INFO - Epoch [9][4700/6976]	lr: 1.000e-03, eta: 7:16:07, time: 0.175, data_time: 0.010, memory: 13424, loss_cls: 0.4260, loss_bbox: 0.3795, loss_kps: 0.0000, loss: 0.8055
2026-09-23 17:56:56,275 - mmdet - INFO - Epoch [9][4750/6976]	lr: 1.000e-03, eta: 7:15:59, time: 0.181, data_time: 0.009, memory: 13424, loss_cls: 0.4038, loss_bbox: 0.3720, loss_kps: 0.0000, loss: 0.7758
2026-09-23 17:57:05,026 - mmdet - INFO - Epoch [9][4800/6976]	lr: 1.000e-03, eta: 7:15:50, time: 0.175, data_time: 0.009, memory: 13424, loss_cls: 0.4174, loss_bbox: 0.3745, loss_kps: 0.0000, loss: 0.7919
2026-09-23 17:57:13,792 - mmdet - INFO - Epoch [9][4850/6976]	lr: 1.000e-03, eta: 7:15:41, time: 0.175, data_time: 0.009, memory: 13424, loss_cls: 0.4283, loss_bbox: 0.3800, loss_kps: 0.0000, loss: 0.8083
2026-09-23 17:57:22,531 - mmdet - INFO - Epoch [9][4900/6976]	lr: 1.000e-03, eta: 7:15:32, time: 0.175, data_time: 0.009, memory: 13424, loss_cls: 0.3952, loss_bbox: 0.3759, loss_kps: 0.0000, loss: 0.7711
2026-09-23 17:57:31,313 - mmdet - INFO - Epoch [9][4950/6976]	lr: 1.000e-03, eta: 7:15:23, time: 0.176, data_time: 0.009, memory: 13424, loss_cls: 0.4188, loss_bbox: 0.3779, loss_kps: 0.0000, loss: 0.7967
2026-09-23 17:57:40,141 - mmdet - INFO - Epoch [9][5000/6976]	lr: 1.000e-03, eta: 7:15:15, time: 0.177, data_time: 0.010, memory: 13424, loss_cls: 0.4038, loss_bbox: 0.3523, loss_kps: 0.0000, loss: 0.7560
2026-09-23 17:57:48,888 - mmdet - INFO - Epoch [9][5050/6976]	lr: 1.000e-03, eta: 7:15:06, time: 0.175, data_time: 0.009, memory: 13424, loss_cls: 0.4067, loss_bbox: 0.3617, loss_kps: 0.0000, loss: 0.7684
2026-09-23 17:57:57,593 - mmdet - INFO - Epoch [9][5100/6976]	lr: 1.000e-03, eta: 7:14:57, time: 0.174, data_time: 0.009, memory: 13424, loss_cls: 0.4202, loss_bbox: 0.3911, loss_kps: 0.0000, loss: 0.8113
2026-09-23 17:58:06,226 - mmdet - INFO - Epoch [9][5150/6976]	lr: 1.000e-03, eta: 7:14:47, time: 0.173, data_time: 0.009, memory: 13424, loss_cls: 0.3960, loss_bbox: 0.3646, loss_kps: 0.0000, loss: 0.7606
2026-09-23 17:58:15,007 - mmdet - INFO - Epoch [9][5200/6976]	lr: 1.000e-03, eta: 7:14:39, time: 0.176, data_time: 0.009, memory: 13424, loss_cls: 0.4031, loss_bbox: 0.3767, loss_kps: 0.0000, loss: 0.7798
2026-09-23 17:58:23,735 - mmdet - INFO - Epoch [9][5250/6976]	lr: 1.000e-03, eta: 7:14:30, time: 0.175, data_time: 0.010, memory: 13424, loss_cls: 0.4179, loss_bbox: 0.3735, loss_kps: 0.0000, loss: 0.7914
2026-09-23 17:58:32,453 - mmdet - INFO - Epoch [9][5300/6976]	lr: 1.000e-03, eta: 7:14:21, time: 0.174, data_time: 0.009, memory: 13424, loss_cls: 0.4169, loss_bbox: 0.3708, loss_kps: 0.0000, loss: 0.7877
2026-09-23 17:58:41,319 - mmdet - INFO - Epoch [9][5350/6976]	lr: 1.000e-03, eta: 7:14:12, time: 0.177, data_time: 0.010, memory: 13424, loss_cls: 0.4181, loss_bbox: 0.3648, loss_kps: 0.0000, loss: 0.7829
2026-09-23 17:58:50,064 - mmdet - INFO - Epoch [9][5400/6976]	lr: 1.000e-03, eta: 7:14:03, time: 0.175, data_time: 0.009, memory: 13424, loss_cls: 0.4335, loss_bbox: 0.3872, loss_kps: 0.0000, loss: 0.8207
2026-09-23 17:58:58,836 - mmdet - INFO - Epoch [9][5450/6976]	lr: 1.000e-03, eta: 7:13:54, time: 0.175, data_time: 0.009, memory: 13424, loss_cls: 0.4140, loss_bbox: 0.3770, loss_kps: 0.0000, loss: 0.7910
2026-09-23 17:59:07,955 - mmdet - INFO - Epoch [9][5500/6976]	lr: 1.000e-03, eta: 7:13:46, time: 0.182, data_time: 0.009, memory: 13424, loss_cls: 0.4056, loss_bbox: 0.3886, loss_kps: 0.0000, loss: 0.7943
2026-09-23 17:59:16,764 - mmdet - INFO - Epoch [9][5550/6976]	lr: 1.000e-03, eta: 7:13:37, time: 0.176, data_time: 0.009, memory: 13424, loss_cls: 0.4246, loss_bbox: 0.3748, loss_kps: 0.0000, loss: 0.7994
2026-09-23 17:59:25,477 - mmdet - INFO - Epoch [9][5600/6976]	lr: 1.000e-03, eta: 7:13:28, time: 0.174, data_time: 0.009, memory: 13424, loss_cls: 0.4362, loss_bbox: 0.3882, loss_kps: 0.0000, loss: 0.8244
2026-09-23 17:59:34,279 - mmdet - INFO - Epoch [9][5650/6976]	lr: 1.000e-03, eta: 7:13:20, time: 0.176, data_time: 0.010, memory: 13424, loss_cls: 0.4243, loss_bbox: 0.3797, loss_kps: 0.0000, loss: 0.8039
2026-09-23 17:59:42,988 - mmdet - INFO - Epoch [9][5700/6976]	lr: 1.000e-03, eta: 7:13:11, time: 0.174, data_time: 0.010, memory: 13424, loss_cls: 0.4173, loss_bbox: 0.3684, loss_kps: 0.0000, loss: 0.7857
2026-09-23 17:59:52,096 - mmdet - INFO - Epoch [9][5750/6976]	lr: 1.000e-03, eta: 7:13:03, time: 0.182, data_time: 0.009, memory: 13424, loss_cls: 0.3957, loss_bbox: 0.3778, loss_kps: 0.0000, loss: 0.7735
2026-09-23 18:00:00,752 - mmdet - INFO - Epoch [9][5800/6976]	lr: 1.000e-03, eta: 7:12:54, time: 0.173, data_time: 0.009, memory: 13424, loss_cls: 0.4153, loss_bbox: 0.3780, loss_kps: 0.0000, loss: 0.7933
2026-09-23 18:00:09,539 - mmdet - INFO - Epoch [9][5850/6976]	lr: 1.000e-03, eta: 7:12:45, time: 0.176, data_time: 0.009, memory: 13424, loss_cls: 0.4122, loss_bbox: 0.3672, loss_kps: 0.0000, loss: 0.7794
2026-09-23 18:00:18,309 - mmdet - INFO - Epoch [9][5900/6976]	lr: 1.000e-03, eta: 7:12:36, time: 0.175, data_time: 0.009, memory: 13424, loss_cls: 0.4127, loss_bbox: 0.3726, loss_kps: 0.0000, loss: 0.7853
2026-09-23 18:00:27,025 - mmdet - INFO - Epoch [9][5950/6976]	lr: 1.000e-03, eta: 7:12:27, time: 0.174, data_time: 0.009, memory: 13424, loss_cls: 0.4122, loss_bbox: 0.3752, loss_kps: 0.0000, loss: 0.7873
2026-09-23 18:00:35,695 - mmdet - INFO - Epoch [9][6000/6976]	lr: 1.000e-03, eta: 7:12:18, time: 0.173, data_time: 0.009, memory: 13424, loss_cls: 0.3953, loss_bbox: 0.3772, loss_kps: 0.0000, loss: 0.7725
2026-09-23 18:00:44,473 - mmdet - INFO - Epoch [9][6050/6976]	lr: 1.000e-03, eta: 7:12:09, time: 0.176, data_time: 0.010, memory: 13424, loss_cls: 0.4338, loss_bbox: 0.3870, loss_kps: 0.0000, loss: 0.8208
2026-09-23 18:00:53,309 - mmdet - INFO - Epoch [9][6100/6976]	lr: 1.000e-03, eta: 7:12:00, time: 0.177, data_time: 0.010, memory: 13424, loss_cls: 0.4152, loss_bbox: 0.3674, loss_kps: 0.0000, loss: 0.7826
2026-09-23 18:01:02,108 - mmdet - INFO - Epoch [9][6150/6976]	lr: 1.000e-03, eta: 7:11:51, time: 0.176, data_time: 0.009, memory: 13424, loss_cls: 0.4226, loss_bbox: 0.3804, loss_kps: 0.0000, loss: 0.8029
2026-09-23 18:01:11,211 - mmdet - INFO - Epoch [9][6200/6976]	lr: 1.000e-03, eta: 7:11:43, time: 0.182, data_time: 0.010, memory: 13424, loss_cls: 0.4074, loss_bbox: 0.3680, loss_kps: 0.0000, loss: 0.7755
2026-09-23 18:01:20,051 - mmdet - INFO - Epoch [9][6250/6976]	lr: 1.000e-03, eta: 7:11:35, time: 0.177, data_time: 0.009, memory: 13424, loss_cls: 0.3962, loss_bbox: 0.3801, loss_kps: 0.0000, loss: 0.7763
2026-09-23 18:01:28,865 - mmdet - INFO - Epoch [9][6300/6976]	lr: 1.000e-03, eta: 7:11:26, time: 0.176, data_time: 0.009, memory: 13424, loss_cls: 0.4292, loss_bbox: 0.3771, loss_kps: 0.0000, loss: 0.8062
2026-09-23 18:01:37,672 - mmdet - INFO - Epoch [9][6350/6976]	lr: 1.000e-03, eta: 7:11:17, time: 0.176, data_time: 0.009, memory: 13424, loss_cls: 0.4405, loss_bbox: 0.3940, loss_kps: 0.0000, loss: 0.8345
2026-09-23 18:01:46,493 - mmdet - INFO - Epoch [9][6400/6976]	lr: 1.000e-03, eta: 7:11:08, time: 0.177, data_time: 0.010, memory: 13424, loss_cls: 0.4523, loss_bbox: 0.3785, loss_kps: 0.0000, loss: 0.8308
2026-09-23 18:01:55,272 - mmdet - INFO - Epoch [9][6450/6976]	lr: 1.000e-03, eta: 7:11:00, time: 0.176, data_time: 0.010, memory: 13424, loss_cls: 0.4254, loss_bbox: 0.3991, loss_kps: 0.0000, loss: 0.8245
2026-09-23 18:02:04,146 - mmdet - INFO - Epoch [9][6500/6976]	lr: 1.000e-03, eta: 7:10:51, time: 0.177, data_time: 0.010, memory: 13424, loss_cls: 0.4153, loss_bbox: 0.3615, loss_kps: 0.0000, loss: 0.7768
2026-09-23 18:02:13,034 - mmdet - INFO - Epoch [9][6550/6976]	lr: 1.000e-03, eta: 7:10:42, time: 0.178, data_time: 0.009, memory: 13424, loss_cls: 0.3956, loss_bbox: 0.3708, loss_kps: 0.0000, loss: 0.7664
2026-09-23 18:02:22,021 - mmdet - INFO - Epoch [9][6600/6976]	lr: 1.000e-03, eta: 7:10:34, time: 0.179, data_time: 0.010, memory: 13424, loss_cls: 0.4002, loss_bbox: 0.3596, loss_kps: 0.0000, loss: 0.7598
2026-09-23 18:02:30,791 - mmdet - INFO - Epoch [9][6650/6976]	lr: 1.000e-03, eta: 7:10:25, time: 0.176, data_time: 0.010, memory: 13424, loss_cls: 0.4235, loss_bbox: 0.3856, loss_kps: 0.0000, loss: 0.8091
2026-09-23 18:02:39,686 - mmdet - INFO - Epoch [9][6700/6976]	lr: 1.000e-03, eta: 7:10:17, time: 0.178, data_time: 0.010, memory: 13424, loss_cls: 0.3910, loss_bbox: 0.3689, loss_kps: 0.0000, loss: 0.7599
2026-09-23 18:02:48,498 - mmdet - INFO - Epoch [9][6750/6976]	lr: 1.000e-03, eta: 7:10:08, time: 0.176, data_time: 0.010, memory: 13424, loss_cls: 0.4036, loss_bbox: 0.3679, loss_kps: 0.0000, loss: 0.7714
2026-09-23 18:02:57,336 - mmdet - INFO - Epoch [9][6800/6976]	lr: 1.000e-03, eta: 7:09:59, time: 0.177, data_time: 0.009, memory: 13424, loss_cls: 0.4128, loss_bbox: 0.3597, loss_kps: 0.0000, loss: 0.7725
2026-09-23 18:03:06,072 - mmdet - INFO - Epoch [9][6850/6976]	lr: 1.000e-03, eta: 7:09:50, time: 0.175, data_time: 0.010, memory: 13424, loss_cls: 0.3858, loss_bbox: 0.3655, loss_kps: 0.0000, loss: 0.7512
2026-09-23 18:03:15,023 - mmdet - INFO - Epoch [9][6900/6976]	lr: 1.000e-03, eta: 7:09:42, time: 0.179, data_time: 0.010, memory: 13424, loss_cls: 0.4181, loss_bbox: 0.3712, loss_kps: 0.0000, loss: 0.7892
2026-09-23 18:03:23,757 - mmdet - INFO - Epoch [9][6950/6976]	lr: 1.000e-03, eta: 7:09:33, time: 0.175, data_time: 0.009, memory: 13424, loss_cls: 0.4118, loss_bbox: 0.3783, loss_kps: 0.0000, loss: 0.7900
2026-09-23 18:03:28,401 - mmdet - INFO - Saving checkpoint at 9 epochs
2026-09-23 18:03:42,549 - mmdet - INFO - Epoch [10][50/6976]	lr: 1.000e-03, eta: 7:09:21, time: 0.278, data_time: 0.099, memory: 13424, loss_cls: 0.4090, loss_bbox: 0.3718, loss_kps: 0.0000, loss: 0.7808
2026-09-23 18:03:51,340 - mmdet - INFO - Epoch [10][100/6976]	lr: 1.000e-03, eta: 7:09:12, time: 0.176, data_time: 0.009, memory: 13424, loss_cls: 0.4122, loss_bbox: 0.3775, loss_kps: 0.0000, loss: 0.7897
2026-09-23 18:04:00,126 - mmdet - INFO - Epoch [10][150/6976]	lr: 1.000e-03, eta: 7:09:03, time: 0.176, data_time: 0.009, memory: 13424, loss_cls: 0.4161, loss_bbox: 0.3781, loss_kps: 0.0000, loss: 0.7942
2026-09-23 18:04:08,912 - mmdet - INFO - Epoch [10][200/6976]	lr: 1.000e-03, eta: 7:08:54, time: 0.176, data_time: 0.009, memory: 13424, loss_cls: 0.4078, loss_bbox: 0.3897, loss_kps: 0.0000, loss: 0.7975
2026-09-23 18:04:17,714 - mmdet - INFO - Epoch [10][250/6976]	lr: 1.000e-03, eta: 7:08:46, time: 0.176, data_time: 0.009, memory: 13424, loss_cls: 0.4342, loss_bbox: 0.3745, loss_kps: 0.0000, loss: 0.8088
2026-09-23 18:04:26,444 - mmdet - INFO - Epoch [10][300/6976]	lr: 1.000e-03, eta: 7:08:37, time: 0.175, data_time: 0.009, memory: 13424, loss_cls: 0.3951, loss_bbox: 0.3775, loss_kps: 0.0000, loss: 0.7726
2026-09-23 18:04:35,093 - mmdet - INFO - Epoch [10][350/6976]	lr: 1.000e-03, eta: 7:08:28, time: 0.173, data_time: 0.009, memory: 13424, loss_cls: 0.4042, loss_bbox: 0.3735, loss_kps: 0.0000, loss: 0.7776
2026-09-23 18:04:43,929 - mmdet - INFO - Epoch [10][400/6976]	lr: 1.000e-03, eta: 7:08:19, time: 0.176, data_time: 0.009, memory: 13424, loss_cls: 0.4257, loss_bbox: 0.3808, loss_kps: 0.0000, loss: 0.8066
2026-09-23 18:04:53,128 - mmdet - INFO - Epoch [10][450/6976]	lr: 1.000e-03, eta: 7:08:11, time: 0.184, data_time: 0.010, memory: 13424, loss_cls: 0.4235, loss_bbox: 0.3596, loss_kps: 0.0000, loss: 0.7831
2026-09-23 18:05:01,917 - mmdet - INFO - Epoch [10][500/6976]	lr: 1.000e-03, eta: 7:08:02, time: 0.176, data_time: 0.009, memory: 13424, loss_cls: 0.4171, loss_bbox: 0.3512, loss_kps: 0.0000, loss: 0.7683
2026-09-23 18:05:11,030 - mmdet - INFO - Epoch [10][550/6976]	lr: 1.000e-03, eta: 7:07:54, time: 0.182, data_time: 0.017, memory: 13424, loss_cls: 0.4214, loss_bbox: 0.3878, loss_kps: 0.0000, loss: 0.8091
2026-09-23 18:05:19,867 - mmdet - INFO - Epoch [10][600/6976]	lr: 1.000e-03, eta: 7:07:45, time: 0.177, data_time: 0.010, memory: 13424, loss_cls: 0.3941, loss_bbox: 0.3838, loss_kps: 0.0000, loss: 0.7779
2026-09-23 18:05:28,640 - mmdet - INFO - Epoch [10][650/6976]	lr: 1.000e-03, eta: 7:07:37, time: 0.175, data_time: 0.009, memory: 13424, loss_cls: 0.4301, loss_bbox: 0.3893, loss_kps: 0.0000, loss: 0.8194
2026-09-23 18:05:37,423 - mmdet - INFO - Epoch [10][700/6976]	lr: 1.000e-03, eta: 7:07:28, time: 0.176, data_time: 0.009, memory: 13424, loss_cls: 0.4143, loss_bbox: 0.3698, loss_kps: 0.0000, loss: 0.7841
2026-09-23 18:05:46,186 - mmdet - INFO - Epoch [10][750/6976]	lr: 1.000e-03, eta: 7:07:19, time: 0.175, data_time: 0.009, memory: 13424, loss_cls: 0.4089, loss_bbox: 0.3899, loss_kps: 0.0000, loss: 0.7988
2026-09-23 18:05:54,826 - mmdet - INFO - Epoch [10][800/6976]	lr: 1.000e-03, eta: 7:07:10, time: 0.173, data_time: 0.009, memory: 13424, loss_cls: 0.4046, loss_bbox: 0.3817, loss_kps: 0.0000, loss: 0.7864
2026-09-23 18:06:03,620 - mmdet - INFO - Epoch [10][850/6976]	lr: 1.000e-03, eta: 7:07:01, time: 0.176, data_time: 0.010, memory: 13424, loss_cls: 0.4078, loss_bbox: 0.3831, loss_kps: 0.0000, loss: 0.7909
2026-09-23 18:06:12,455 - mmdet - INFO - Epoch [10][900/6976]	lr: 1.000e-03, eta: 7:06:52, time: 0.176, data_time: 0.009, memory: 13424, loss_cls: 0.3971, loss_bbox: 0.3702, loss_kps: 0.0000, loss: 0.7674
2026-09-23 18:06:21,207 - mmdet - INFO - Epoch [10][950/6976]	lr: 1.000e-03, eta: 7:06:43, time: 0.175, data_time: 0.009, memory: 13424, loss_cls: 0.4358, loss_bbox: 0.3934, loss_kps: 0.0000, loss: 0.8292
2026-09-23 18:06:29,971 - mmdet - INFO - Epoch [10][1000/6976]	lr: 1.000e-03, eta: 7:06:34, time: 0.175, data_time: 0.009, memory: 13424, loss_cls: 0.4184, loss_bbox: 0.3754, loss_kps: 0.0000, loss: 0.7939
2026-09-23 18:06:38,759 - mmdet - INFO - Epoch [10][1050/6976]	lr: 1.000e-03, eta: 7:06:26, time: 0.176, data_time: 0.009, memory: 13424, loss_cls: 0.3963, loss_bbox: 0.3722, loss_kps: 0.0000, loss: 0.7685
2026-09-23 18:06:47,587 - mmdet - INFO - Epoch [10][1100/6976]	lr: 1.000e-03, eta: 7:06:17, time: 0.177, data_time: 0.009, memory: 13424, loss_cls: 0.4228, loss_bbox: 0.3799, loss_kps: 0.0000, loss: 0.8027
2026-09-23 18:06:56,371 - mmdet - INFO - Epoch [10][1150/6976]	lr: 1.000e-03, eta: 7:06:08, time: 0.176, data_time: 0.009, memory: 13424, loss_cls: 0.4104, loss_bbox: 0.3582, loss_kps: 0.0000, loss: 0.7686
2026-09-23 18:07:05,095 - mmdet - INFO - Epoch [10][1200/6976]	lr: 1.000e-03, eta: 7:05:59, time: 0.174, data_time: 0.009, memory: 13424, loss_cls: 0.4228, loss_bbox: 0.3837, loss_kps: 0.0000, loss: 0.8065
2026-09-23 18:07:13,868 - mmdet - INFO - Epoch [10][1250/6976]	lr: 1.000e-03, eta: 7:05:50, time: 0.176, data_time: 0.009, memory: 13424, loss_cls: 0.4421, loss_bbox: 0.3917, loss_kps: 0.0000, loss: 0.8338
2026-09-23 18:07:22,602 - mmdet - INFO - Epoch [10][1300/6976]	lr: 1.000e-03, eta: 7:05:41, time: 0.174, data_time: 0.009, memory: 13424, loss_cls: 0.4066, loss_bbox: 0.3672, loss_kps: 0.0000, loss: 0.7738
2026-09-23 18:07:31,413 - mmdet - INFO - Epoch [10][1350/6976]	lr: 1.000e-03, eta: 7:05:33, time: 0.176, data_time: 0.009, memory: 13424, loss_cls: 0.4186, loss_bbox: 0.3717, loss_kps: 0.0000, loss: 0.7903
2026-09-23 18:07:40,551 - mmdet - INFO - Epoch [10][1400/6976]	lr: 1.000e-03, eta: 7:05:25, time: 0.183, data_time: 0.009, memory: 13424, loss_cls: 0.4164, loss_bbox: 0.3821, loss_kps: 0.0000, loss: 0.7985
2026-09-23 18:07:49,169 - mmdet - INFO - Epoch [10][1450/6976]	lr: 1.000e-03, eta: 7:05:15, time: 0.172, data_time: 0.009, memory: 13424, loss_cls: 0.4222, loss_bbox: 0.3758, loss_kps: 0.0000, loss: 0.7980
2026-09-23 18:07:58,281 - mmdet - INFO - Epoch [10][1500/6976]	lr: 1.000e-03, eta: 7:05:07, time: 0.182, data_time: 0.010, memory: 13424, loss_cls: 0.4475, loss_bbox: 0.3849, loss_kps: 0.0000, loss: 0.8324
2026-09-23 18:08:07,110 - mmdet - INFO - Epoch [10][1550/6976]	lr: 1.000e-03, eta: 7:04:58, time: 0.176, data_time: 0.009, memory: 13424, loss_cls: 0.4315, loss_bbox: 0.3904, loss_kps: 0.0000, loss: 0.8219
2026-09-23 18:08:15,843 - mmdet - INFO - Epoch [10][1600/6976]	lr: 1.000e-03, eta: 7:04:50, time: 0.175, data_time: 0.010, memory: 13424, loss_cls: 0.3935, loss_bbox: 0.3737, loss_kps: 0.0000, loss: 0.7672
2026-09-23 18:08:24,549 - mmdet - INFO - Epoch [10][1650/6976]	lr: 1.000e-03, eta: 7:04:41, time: 0.174, data_time: 0.009, memory: 13424, loss_cls: 0.4262, loss_bbox: 0.3725, loss_kps: 0.0000, loss: 0.7987
2026-09-23 18:08:33,255 - mmdet - INFO - Epoch [10][1700/6976]	lr: 1.000e-03, eta: 7:04:32, time: 0.174, data_time: 0.009, memory: 13424, loss_cls: 0.3881, loss_bbox: 0.3664, loss_kps: 0.0000, loss: 0.7545
2026-09-23 18:08:42,017 - mmdet - INFO - Epoch [10][1750/6976]	lr: 1.000e-03, eta: 7:04:23, time: 0.175, data_time: 0.009, memory: 13424, loss_cls: 0.4128, loss_bbox: 0.3758, loss_kps: 0.0000, loss: 0.7885
2026-09-23 18:08:50,704 - mmdet - INFO - Epoch [10][1800/6976]	lr: 1.000e-03, eta: 7:04:14, time: 0.174, data_time: 0.009, memory: 13424, loss_cls: 0.4280, loss_bbox: 0.3788, loss_kps: 0.0000, loss: 0.8069
2026-09-23 18:08:59,408 - mmdet - INFO - Epoch [10][1850/6976]	lr: 1.000e-03, eta: 7:04:05, time: 0.174, data_time: 0.009, memory: 13424, loss_cls: 0.4030, loss_bbox: 0.3752, loss_kps: 0.0000, loss: 0.7782
2026-09-23 18:09:08,198 - mmdet - INFO - Epoch [10][1900/6976]	lr: 1.000e-03, eta: 7:03:56, time: 0.176, data_time: 0.009, memory: 13424, loss_cls: 0.4018, loss_bbox: 0.3764, loss_kps: 0.0000, loss: 0.7782
2026-09-23 18:09:17,024 - mmdet - INFO - Epoch [10][1950/6976]	lr: 1.000e-03, eta: 7:03:47, time: 0.177, data_time: 0.009, memory: 13424, loss_cls: 0.4064, loss_bbox: 0.3729, loss_kps: 0.0000, loss: 0.7793
2026-09-23 18:09:25,769 - mmdet - INFO - Epoch [10][2000/6976]	lr: 1.000e-03, eta: 7:03:38, time: 0.175, data_time: 0.009, memory: 13424, loss_cls: 0.4055, loss_bbox: 0.3491, loss_kps: 0.0000, loss: 0.7547
2026-09-23 18:09:34,448 - mmdet - INFO - Epoch [10][2050/6976]	lr: 1.000e-03, eta: 7:03:29, time: 0.174, data_time: 0.009, memory: 13424, loss_cls: 0.3859, loss_bbox: 0.3593, loss_kps: 0.0000, loss: 0.7452
2026-09-23 18:09:43,246 - mmdet - INFO - Epoch [10][2100/6976]	lr: 1.000e-03, eta: 7:03:20, time: 0.176, data_time: 0.009, memory: 13424, loss_cls: 0.3924, loss_bbox: 0.3673, loss_kps: 0.0000, loss: 0.7597
2026-09-23 18:09:52,015 - mmdet - INFO - Epoch [10][2150/6976]	lr: 1.000e-03, eta: 7:03:12, time: 0.175, data_time: 0.009, memory: 13424, loss_cls: 0.3976, loss_bbox: 0.3734, loss_kps: 0.0000, loss: 0.7710
2026-09-23 18:10:00,742 - mmdet - INFO - Epoch [10][2200/6976]	lr: 1.000e-03, eta: 7:03:03, time: 0.175, data_time: 0.010, memory: 13424, loss_cls: 0.4015, loss_bbox: 0.3764, loss_kps: 0.0000, loss: 0.7778
2026-09-23 18:10:09,501 - mmdet - INFO - Epoch [10][2250/6976]	lr: 1.000e-03, eta: 7:02:54, time: 0.175, data_time: 0.009, memory: 13424, loss_cls: 0.4115, loss_bbox: 0.3716, loss_kps: 0.0000, loss: 0.7831
2026-09-23 18:10:18,279 - mmdet - INFO - Epoch [10][2300/6976]	lr: 1.000e-03, eta: 7:02:45, time: 0.175, data_time: 0.009, memory: 13424, loss_cls: 0.4015, loss_bbox: 0.3788, loss_kps: 0.0000, loss: 0.7803
2026-09-23 18:10:27,062 - mmdet - INFO - Epoch [10][2350/6976]	lr: 1.000e-03, eta: 7:02:36, time: 0.176, data_time: 0.009, memory: 13424, loss_cls: 0.3996, loss_bbox: 0.3543, loss_kps: 0.0000, loss: 0.7539
2026-09-23 18:10:35,849 - mmdet - INFO - Epoch [10][2400/6976]	lr: 1.000e-03, eta: 7:02:27, time: 0.176, data_time: 0.009, memory: 13424, loss_cls: 0.4151, loss_bbox: 0.3753, loss_kps: 0.0000, loss: 0.7904
2026-09-23 18:10:44,619 - mmdet - INFO - Epoch [10][2450/6976]	lr: 1.000e-03, eta: 7:02:18, time: 0.175, data_time: 0.009, memory: 13424, loss_cls: 0.4251, loss_bbox: 0.3878, loss_kps: 0.0000, loss: 0.8129
2026-09-23 18:10:53,345 - mmdet - INFO - Epoch [10][2500/6976]	lr: 1.000e-03, eta: 7:02:09, time: 0.174, data_time: 0.009, memory: 13424, loss_cls: 0.4120, loss_bbox: 0.3732, loss_kps: 0.0000, loss: 0.7852
2026-09-23 18:11:02,470 - mmdet - INFO - Epoch [10][2550/6976]	lr: 1.000e-03, eta: 7:02:01, time: 0.183, data_time: 0.010, memory: 13424, loss_cls: 0.4117, loss_bbox: 0.3679, loss_kps: 0.0000, loss: 0.7795
2026-09-23 18:11:11,207 - mmdet - INFO - Epoch [10][2600/6976]	lr: 1.000e-03, eta: 7:01:52, time: 0.175, data_time: 0.009, memory: 13424, loss_cls: 0.4230, loss_bbox: 0.3782, loss_kps: 0.0000, loss: 0.8012
2026-09-23 18:11:20,274 - mmdet - INFO - Epoch [10][2650/6976]	lr: 1.000e-03, eta: 7:01:44, time: 0.181, data_time: 0.009, memory: 13424, loss_cls: 0.3944, loss_bbox: 0.3735, loss_kps: 0.0000, loss: 0.7679
2026-09-23 18:11:29,064 - mmdet - INFO - Epoch [10][2700/6976]	lr: 1.000e-03, eta: 7:01:35, time: 0.176, data_time: 0.010, memory: 13424, loss_cls: 0.4125, loss_bbox: 0.3673, loss_kps: 0.0000, loss: 0.7798
2026-09-23 18:11:37,844 - mmdet - INFO - Epoch [10][2750/6976]	lr: 1.000e-03, eta: 7:01:27, time: 0.175, data_time: 0.009, memory: 13424, loss_cls: 0.3962, loss_bbox: 0.3649, loss_kps: 0.0000, loss: 0.7611
2026-09-23 18:11:46,524 - mmdet - INFO - Epoch [10][2800/6976]	lr: 1.000e-03, eta: 7:01:18, time: 0.174, data_time: 0.009, memory: 13424, loss_cls: 0.4071, loss_bbox: 0.3689, loss_kps: 0.0000, loss: 0.7761
2026-09-23 18:11:55,295 - mmdet - INFO - Epoch [10][2850/6976]	lr: 1.000e-03, eta: 7:01:09, time: 0.175, data_time: 0.009, memory: 13424, loss_cls: 0.4165, loss_bbox: 0.3710, loss_kps: 0.0000, loss: 0.7875
2026-09-23 18:12:04,028 - mmdet - INFO - Epoch [10][2900/6976]	lr: 1.000e-03, eta: 7:01:00, time: 0.175, data_time: 0.009, memory: 13424, loss_cls: 0.4394, loss_bbox: 0.3976, loss_kps: 0.0000, loss: 0.8370
2026-09-23 18:12:12,859 - mmdet - INFO - Epoch [10][2950/6976]	lr: 1.000e-03, eta: 7:00:51, time: 0.177, data_time: 0.009, memory: 13424, loss_cls: 0.3982, loss_bbox: 0.3766, loss_kps: 0.0000, loss: 0.7748
2026-09-23 18:12:21,680 - mmdet - INFO - Epoch [10][3000/6976]	lr: 1.000e-03, eta: 7:00:42, time: 0.176, data_time: 0.009, memory: 13424, loss_cls: 0.4143, loss_bbox: 0.3794, loss_kps: 0.0000, loss: 0.7937
2026-09-23 18:12:30,513 - mmdet - INFO - Epoch [10][3050/6976]	lr: 1.000e-03, eta: 7:00:34, time: 0.177, data_time: 0.009, memory: 13424, loss_cls: 0.3916, loss_bbox: 0.3716, loss_kps: 0.0000, loss: 0.7632
2026-09-23 18:12:39,312 - mmdet - INFO - Epoch [10][3100/6976]	lr: 1.000e-03, eta: 7:00:25, time: 0.176, data_time: 0.009, memory: 13424, loss_cls: 0.4075, loss_bbox: 0.3728, loss_kps: 0.0000, loss: 0.7802
2026-09-23 18:12:48,101 - mmdet - INFO - Epoch [10][3150/6976]	lr: 1.000e-03, eta: 7:00:16, time: 0.176, data_time: 0.009, memory: 13424, loss_cls: 0.4043, loss_bbox: 0.3703, loss_kps: 0.0000, loss: 0.7746
2026-09-23 18:12:56,856 - mmdet - INFO - Epoch [10][3200/6976]	lr: 1.000e-03, eta: 7:00:07, time: 0.175, data_time: 0.010, memory: 13424, loss_cls: 0.4220, loss_bbox: 0.3761, loss_kps: 0.0000, loss: 0.7980
2026-09-23 18:13:05,595 - mmdet - INFO - Epoch [10][3250/6976]	lr: 1.000e-03, eta: 6:59:58, time: 0.175, data_time: 0.010, memory: 13424, loss_cls: 0.4135, loss_bbox: 0.3921, loss_kps: 0.0000, loss: 0.8056
2026-09-23 18:13:14,346 - mmdet - INFO - Epoch [10][3300/6976]	lr: 1.000e-03, eta: 6:59:49, time: 0.175, data_time: 0.010, memory: 13424, loss_cls: 0.3988, loss_bbox: 0.3694, loss_kps: 0.0000, loss: 0.7682
2026-09-23 18:13:23,025 - mmdet - INFO - Epoch [10][3350/6976]	lr: 1.000e-03, eta: 6:59:40, time: 0.174, data_time: 0.010, memory: 13424, loss_cls: 0.3922, loss_bbox: 0.3752, loss_kps: 0.0000, loss: 0.7675
2026-09-23 18:13:31,720 - mmdet - INFO - Epoch [10][3400/6976]	lr: 1.000e-03, eta: 6:59:31, time: 0.174, data_time: 0.010, memory: 13424, loss_cls: 0.4018, loss_bbox: 0.3814, loss_kps: 0.0000, loss: 0.7831
2026-09-23 18:13:40,495 - mmdet - INFO - Epoch [10][3450/6976]	lr: 1.000e-03, eta: 6:59:22, time: 0.175, data_time: 0.010, memory: 13424, loss_cls: 0.4104, loss_bbox: 0.3743, loss_kps: 0.0000, loss: 0.7847
2026-09-23 18:13:49,233 - mmdet - INFO - Epoch [10][3500/6976]	lr: 1.000e-03, eta: 6:59:13, time: 0.175, data_time: 0.009, memory: 13424, loss_cls: 0.3997, loss_bbox: 0.3783, loss_kps: 0.0000, loss: 0.7779
2026-09-23 18:13:57,985 - mmdet - INFO - Epoch [10][3550/6976]	lr: 1.000e-03, eta: 6:59:05, time: 0.175, data_time: 0.009, memory: 13424, loss_cls: 0.3977, loss_bbox: 0.3666, loss_kps: 0.0000, loss: 0.7642
2026-09-23 18:14:06,736 - mmdet - INFO - Epoch [10][3600/6976]	lr: 1.000e-03, eta: 6:58:56, time: 0.175, data_time: 0.009, memory: 13424, loss_cls: 0.4210, loss_bbox: 0.3728, loss_kps: 0.0000, loss: 0.7937
2026-09-23 18:14:15,526 - mmdet - INFO - Epoch [10][3650/6976]	lr: 1.000e-03, eta: 6:58:47, time: 0.176, data_time: 0.009, memory: 13424, loss_cls: 0.3934, loss_bbox: 0.3686, loss_kps: 0.0000, loss: 0.7620
2026-09-23 18:14:24,250 - mmdet - INFO - Epoch [10][3700/6976]	lr: 1.000e-03, eta: 6:58:38, time: 0.174, data_time: 0.009, memory: 13424, loss_cls: 0.4014, loss_bbox: 0.3841, loss_kps: 0.0000, loss: 0.7855
2026-09-23 18:14:33,056 - mmdet - INFO - Epoch [10][3750/6976]	lr: 1.000e-03, eta: 6:58:29, time: 0.176, data_time: 0.009, memory: 13424, loss_cls: 0.3737, loss_bbox: 0.3663, loss_kps: 0.0000, loss: 0.7400
2026-09-23 18:14:41,837 - mmdet - INFO - Epoch [10][3800/6976]	lr: 1.000e-03, eta: 6:58:20, time: 0.176, data_time: 0.009, memory: 13424, loss_cls: 0.4184, loss_bbox: 0.3705, loss_kps: 0.0000, loss: 0.7890
2026-09-23 18:14:50,578 - mmdet - INFO - Epoch [10][3850/6976]	lr: 1.000e-03, eta: 6:58:11, time: 0.175, data_time: 0.009, memory: 13424, loss_cls: 0.4130, loss_bbox: 0.3689, loss_kps: 0.0000, loss: 0.7819
2026-09-23 18:14:59,372 - mmdet - INFO - Epoch [10][3900/6976]	lr: 1.000e-03, eta: 6:58:03, time: 0.176, data_time: 0.009, memory: 13424, loss_cls: 0.3994, loss_bbox: 0.3785, loss_kps: 0.0000, loss: 0.7780
2026-09-23 18:15:08,114 - mmdet - INFO - Epoch [10][3950/6976]	lr: 1.000e-03, eta: 6:57:54, time: 0.175, data_time: 0.009, memory: 13424, loss_cls: 0.4350, loss_bbox: 0.3751, loss_kps: 0.0000, loss: 0.8101
2026-09-23 18:15:16,837 - mmdet - INFO - Epoch [10][4000/6976]	lr: 1.000e-03, eta: 6:57:45, time: 0.174, data_time: 0.010, memory: 13424, loss_cls: 0.3896, loss_bbox: 0.3768, loss_kps: 0.0000, loss: 0.7665
2026-09-23 18:15:25,534 - mmdet - INFO - Epoch [10][4050/6976]	lr: 1.000e-03, eta: 6:57:36, time: 0.174, data_time: 0.009, memory: 13424, loss_cls: 0.4297, loss_bbox: 0.3861, loss_kps: 0.0000, loss: 0.8158
2026-09-23 18:15:34,333 - mmdet - INFO - Epoch [10][4100/6976]	lr: 1.000e-03, eta: 6:57:27, time: 0.176, data_time: 0.009, memory: 13424, loss_cls: 0.4192, loss_bbox: 0.3642, loss_kps: 0.0000, loss: 0.7834
2026-09-23 18:15:43,111 - mmdet - INFO - Epoch [10][4150/6976]	lr: 1.000e-03, eta: 6:57:18, time: 0.176, data_time: 0.009, memory: 13424, loss_cls: 0.4125, loss_bbox: 0.3753, loss_kps: 0.0000, loss: 0.7878
2026-09-23 18:15:51,845 - mmdet - INFO - Epoch [10][4200/6976]	lr: 1.000e-03, eta: 6:57:09, time: 0.175, data_time: 0.009, memory: 13424, loss_cls: 0.4112, loss_bbox: 0.3781, loss_kps: 0.0000, loss: 0.7892
2026-09-23 18:16:00,917 - mmdet - INFO - Epoch [10][4250/6976]	lr: 1.000e-03, eta: 6:57:01, time: 0.182, data_time: 0.010, memory: 13424, loss_cls: 0.4100, loss_bbox: 0.3749, loss_kps: 0.0000, loss: 0.7849
2026-09-23 18:16:09,692 - mmdet - INFO - Epoch [10][4300/6976]	lr: 1.000e-03, eta: 6:56:52, time: 0.175, data_time: 0.009, memory: 13424, loss_cls: 0.4439, loss_bbox: 0.3929, loss_kps: 0.0000, loss: 0.8368
2026-09-23 18:16:18,422 - mmdet - INFO - Epoch [10][4350/6976]	lr: 1.000e-03, eta: 6:56:43, time: 0.175, data_time: 0.009, memory: 13424, loss_cls: 0.3897, loss_bbox: 0.3686, loss_kps: 0.0000, loss: 0.7583
2026-09-23 18:16:27,147 - mmdet - INFO - Epoch [10][4400/6976]	lr: 1.000e-03, eta: 6:56:34, time: 0.175, data_time: 0.010, memory: 13424, loss_cls: 0.4185, loss_bbox: 0.3894, loss_kps: 0.0000, loss: 0.8079
2026-09-23 18:16:35,941 - mmdet - INFO - Epoch [10][4450/6976]	lr: 1.000e-03, eta: 6:56:25, time: 0.176, data_time: 0.009, memory: 13424, loss_cls: 0.3998, loss_bbox: 0.3671, loss_kps: 0.0000, loss: 0.7669
2026-09-23 18:16:44,745 - mmdet - INFO - Epoch [10][4500/6976]	lr: 1.000e-03, eta: 6:56:17, time: 0.176, data_time: 0.009, memory: 13424, loss_cls: 0.4262, loss_bbox: 0.3810, loss_kps: 0.0000, loss: 0.8072
2026-09-23 18:16:53,515 - mmdet - INFO - Epoch [10][4550/6976]	lr: 1.000e-03, eta: 6:56:08, time: 0.175, data_time: 0.010, memory: 13424, loss_cls: 0.4228, loss_bbox: 0.3826, loss_kps: 0.0000, loss: 0.8054
2026-09-23 18:17:02,250 - mmdet - INFO - Epoch [10][4600/6976]	lr: 1.000e-03, eta: 6:55:59, time: 0.175, data_time: 0.009, memory: 13424, loss_cls: 0.4187, loss_bbox: 0.3860, loss_kps: 0.0000, loss: 0.8048
2026-09-23 18:17:10,951 - mmdet - INFO - Epoch [10][4650/6976]	lr: 1.000e-03, eta: 6:55:50, time: 0.174, data_time: 0.009, memory: 13424, loss_cls: 0.4096, loss_bbox: 0.3676, loss_kps: 0.0000, loss: 0.7772
2026-09-23 18:17:19,810 - mmdet - INFO - Epoch [10][4700/6976]	lr: 1.000e-03, eta: 6:55:41, time: 0.177, data_time: 0.009, memory: 13424, loss_cls: 0.4151, loss_bbox: 0.3995, loss_kps: 0.0000, loss: 0.8145
2026-09-23 18:17:28,602 - mmdet - INFO - Epoch [10][4750/6976]	lr: 1.000e-03, eta: 6:55:32, time: 0.176, data_time: 0.010, memory: 13424, loss_cls: 0.3945, loss_bbox: 0.3710, loss_kps: 0.0000, loss: 0.7655
2026-09-23 18:17:37,689 - mmdet - INFO - Epoch [10][4800/6976]	lr: 1.000e-03, eta: 6:55:24, time: 0.182, data_time: 0.009, memory: 13424, loss_cls: 0.4171, loss_bbox: 0.3625, loss_kps: 0.0000, loss: 0.7796
2026-09-23 18:17:46,471 - mmdet - INFO - Epoch [10][4850/6976]	lr: 1.000e-03, eta: 6:55:15, time: 0.175, data_time: 0.009, memory: 13424, loss_cls: 0.3931, loss_bbox: 0.3608, loss_kps: 0.0000, loss: 0.7539
2026-09-23 18:17:55,239 - mmdet - INFO - Epoch [10][4900/6976]	lr: 1.000e-03, eta: 6:55:07, time: 0.176, data_time: 0.009, memory: 13424, loss_cls: 0.3927, loss_bbox: 0.3719, loss_kps: 0.0000, loss: 0.7646
2026-09-23 18:18:04,372 - mmdet - INFO - Epoch [10][4950/6976]	lr: 1.000e-03, eta: 6:54:59, time: 0.183, data_time: 0.009, memory: 13424, loss_cls: 0.4224, loss_bbox: 0.3795, loss_kps: 0.0000, loss: 0.8020
2026-09-23 18:18:13,082 - mmdet - INFO - Epoch [10][5000/6976]	lr: 1.000e-03, eta: 6:54:50, time: 0.174, data_time: 0.009, memory: 13424, loss_cls: 0.4001, loss_bbox: 0.3852, loss_kps: 0.0000, loss: 0.7853
2026-09-23 18:18:21,930 - mmdet - INFO - Epoch [10][5050/6976]	lr: 1.000e-03, eta: 6:54:41, time: 0.177, data_time: 0.010, memory: 13424, loss_cls: 0.4126, loss_bbox: 0.3741, loss_kps: 0.0000, loss: 0.7867
2026-09-23 18:18:30,687 - mmdet - INFO - Epoch [10][5100/6976]	lr: 1.000e-03, eta: 6:54:32, time: 0.175, data_time: 0.009, memory: 13424, loss_cls: 0.4230, loss_bbox: 0.3788, loss_kps: 0.0000, loss: 0.8018
2026-09-23 18:18:39,405 - mmdet - INFO - Epoch [10][5150/6976]	lr: 1.000e-03, eta: 6:54:23, time: 0.175, data_time: 0.010, memory: 13424, loss_cls: 0.3897, loss_bbox: 0.3696, loss_kps: 0.0000, loss: 0.7593
2026-09-23 18:18:48,175 - mmdet - INFO - Epoch [10][5200/6976]	lr: 1.000e-03, eta: 6:54:14, time: 0.175, data_time: 0.009, memory: 13424, loss_cls: 0.4027, loss_bbox: 0.3796, loss_kps: 0.0000, loss: 0.7823
2026-09-23 18:18:56,901 - mmdet - INFO - Epoch [10][5250/6976]	lr: 1.000e-03, eta: 6:54:05, time: 0.175, data_time: 0.009, memory: 13424, loss_cls: 0.4306, loss_bbox: 0.3755, loss_kps: 0.0000, loss: 0.8061
2026-09-23 18:19:05,622 - mmdet - INFO - Epoch [10][5300/6976]	lr: 1.000e-03, eta: 6:53:56, time: 0.174, data_time: 0.009, memory: 13424, loss_cls: 0.3954, loss_bbox: 0.3821, loss_kps: 0.0000, loss: 0.7775
2026-09-23 18:19:14,463 - mmdet - INFO - Epoch [10][5350/6976]	lr: 1.000e-03, eta: 6:53:48, time: 0.177, data_time: 0.009, memory: 13424, loss_cls: 0.4023, loss_bbox: 0.3628, loss_kps: 0.0000, loss: 0.7651
2026-09-23 18:19:23,162 - mmdet - INFO - Epoch [10][5400/6976]	lr: 1.000e-03, eta: 6:53:39, time: 0.174, data_time: 0.009, memory: 13424, loss_cls: 0.3873, loss_bbox: 0.3702, loss_kps: 0.0000, loss: 0.7575
2026-09-23 18:19:32,233 - mmdet - INFO - Epoch [10][5450/6976]	lr: 1.000e-03, eta: 6:53:30, time: 0.181, data_time: 0.009, memory: 13424, loss_cls: 0.4090, loss_bbox: 0.3781, loss_kps: 0.0000, loss: 0.7871
2026-09-23 18:19:40,892 - mmdet - INFO - Epoch [10][5500/6976]	lr: 1.000e-03, eta: 6:53:21, time: 0.173, data_time: 0.009, memory: 13424, loss_cls: 0.3711, loss_bbox: 0.3614, loss_kps: 0.0000, loss: 0.7324
2026-09-23 18:19:49,676 - mmdet - INFO - Epoch [10][5550/6976]	lr: 1.000e-03, eta: 6:53:12, time: 0.176, data_time: 0.009, memory: 13424, loss_cls: 0.4396, loss_bbox: 0.3847, loss_kps: 0.0000, loss: 0.8243
2026-09-23 18:19:58,394 - mmdet - INFO - Epoch [10][5600/6976]	lr: 1.000e-03, eta: 6:53:04, time: 0.174, data_time: 0.009, memory: 13424, loss_cls: 0.4167, loss_bbox: 0.3816, loss_kps: 0.0000, loss: 0.7983
2026-09-23 18:20:07,076 - mmdet - INFO - Epoch [10][5650/6976]	lr: 1.000e-03, eta: 6:52:54, time: 0.174, data_time: 0.009, memory: 13424, loss_cls: 0.4055, loss_bbox: 0.3779, loss_kps: 0.0000, loss: 0.7835
2026-09-23 18:20:15,839 - mmdet - INFO - Epoch [10][5700/6976]	lr: 1.000e-03, eta: 6:52:46, time: 0.175, data_time: 0.009, memory: 13424, loss_cls: 0.3987, loss_bbox: 0.3668, loss_kps: 0.0000, loss: 0.7655
2026-09-23 18:20:24,580 - mmdet - INFO - Epoch [10][5750/6976]	lr: 1.000e-03, eta: 6:52:37, time: 0.175, data_time: 0.010, memory: 13424, loss_cls: 0.4177, loss_bbox: 0.3803, loss_kps: 0.0000, loss: 0.7980
2026-09-23 18:20:33,332 - mmdet - INFO - Epoch [10][5800/6976]	lr: 1.000e-03, eta: 6:52:28, time: 0.175, data_time: 0.009, memory: 13424, loss_cls: 0.4175, loss_bbox: 0.3716, loss_kps: 0.0000, loss: 0.7891
2026-09-23 18:20:42,088 - mmdet - INFO - Epoch [10][5850/6976]	lr: 1.000e-03, eta: 6:52:19, time: 0.175, data_time: 0.009, memory: 13424, loss_cls: 0.4176, loss_bbox: 0.3756, loss_kps: 0.0000, loss: 0.7933
2026-09-23 18:20:50,827 - mmdet - INFO - Epoch [10][5900/6976]	lr: 1.000e-03, eta: 6:52:10, time: 0.175, data_time: 0.009, memory: 13424, loss_cls: 0.3871, loss_bbox: 0.3682, loss_kps: 0.0000, loss: 0.7553
2026-09-23 18:20:59,530 - mmdet - INFO - Epoch [10][5950/6976]	lr: 1.000e-03, eta: 6:52:01, time: 0.174, data_time: 0.009, memory: 13424, loss_cls: 0.4072, loss_bbox: 0.3590, loss_kps: 0.0000, loss: 0.7662
2026-09-23 18:21:08,274 - mmdet - INFO - Epoch [10][6000/6976]	lr: 1.000e-03, eta: 6:51:52, time: 0.175, data_time: 0.009, memory: 13424, loss_cls: 0.3858, loss_bbox: 0.3653, loss_kps: 0.0000, loss: 0.7511
2026-09-23 18:21:17,024 - mmdet - INFO - Epoch [10][6050/6976]	lr: 1.000e-03, eta: 6:51:43, time: 0.175, data_time: 0.009, memory: 13424, loss_cls: 0.4045, loss_bbox: 0.3709, loss_kps: 0.0000, loss: 0.7755
2026-09-23 18:21:25,744 - mmdet - INFO - Epoch [10][6100/6976]	lr: 1.000e-03, eta: 6:51:34, time: 0.174, data_time: 0.009, memory: 13424, loss_cls: 0.3994, loss_bbox: 0.3816, loss_kps: 0.0000, loss: 0.7810
2026-09-23 18:21:34,577 - mmdet - INFO - Epoch [10][6150/6976]	lr: 1.000e-03, eta: 6:51:26, time: 0.177, data_time: 0.010, memory: 13424, loss_cls: 0.4215, loss_bbox: 0.3737, loss_kps: 0.0000, loss: 0.7952
2026-09-23 18:21:43,333 - mmdet - INFO - Epoch [10][6200/6976]	lr: 1.000e-03, eta: 6:51:17, time: 0.175, data_time: 0.010, memory: 13424, loss_cls: 0.3946, loss_bbox: 0.3709, loss_kps: 0.0000, loss: 0.7655
2026-09-23 18:21:52,056 - mmdet - INFO - Epoch [10][6250/6976]	lr: 1.000e-03, eta: 6:51:08, time: 0.174, data_time: 0.009, memory: 13424, loss_cls: 0.4251, loss_bbox: 0.3800, loss_kps: 0.0000, loss: 0.8051
2026-09-23 18:22:00,806 - mmdet - INFO - Epoch [10][6300/6976]	lr: 1.000e-03, eta: 6:50:59, time: 0.175, data_time: 0.009, memory: 13424, loss_cls: 0.4214, loss_bbox: 0.3906, loss_kps: 0.0000, loss: 0.8119
2026-09-23 18:22:09,607 - mmdet - INFO - Epoch [10][6350/6976]	lr: 1.000e-03, eta: 6:50:50, time: 0.176, data_time: 0.009, memory: 13424, loss_cls: 0.4007, loss_bbox: 0.3842, loss_kps: 0.0000, loss: 0.7849
2026-09-23 18:22:18,314 - mmdet - INFO - Epoch [10][6400/6976]	lr: 1.000e-03, eta: 6:50:41, time: 0.174, data_time: 0.009, memory: 13424, loss_cls: 0.4024, loss_bbox: 0.3802, loss_kps: 0.0000, loss: 0.7827
2026-09-23 18:22:27,084 - mmdet - INFO - Epoch [10][6450/6976]	lr: 1.000e-03, eta: 6:50:32, time: 0.175, data_time: 0.009, memory: 13424, loss_cls: 0.4273, loss_bbox: 0.3606, loss_kps: 0.0000, loss: 0.7879
2026-09-23 18:22:35,871 - mmdet - INFO - Epoch [10][6500/6976]	lr: 1.000e-03, eta: 6:50:24, time: 0.176, data_time: 0.009, memory: 13424, loss_cls: 0.4045, loss_bbox: 0.3822, loss_kps: 0.0000, loss: 0.7867
2026-09-23 18:22:44,555 - mmdet - INFO - Epoch [10][6550/6976]	lr: 1.000e-03, eta: 6:50:14, time: 0.173, data_time: 0.009, memory: 13424, loss_cls: 0.4185, loss_bbox: 0.3800, loss_kps: 0.0000, loss: 0.7984
2026-09-23 18:22:53,304 - mmdet - INFO - Epoch [10][6600/6976]	lr: 1.000e-03, eta: 6:50:06, time: 0.175, data_time: 0.009, memory: 13424, loss_cls: 0.4384, loss_bbox: 0.3822, loss_kps: 0.0000, loss: 0.8206
2026-09-23 18:23:02,078 - mmdet - INFO - Epoch [10][6650/6976]	lr: 1.000e-03, eta: 6:49:57, time: 0.175, data_time: 0.009, memory: 13424, loss_cls: 0.4070, loss_bbox: 0.3757, loss_kps: 0.0000, loss: 0.7827
2026-09-23 18:23:10,849 - mmdet - INFO - Epoch [10][6700/6976]	lr: 1.000e-03, eta: 6:49:48, time: 0.175, data_time: 0.009, memory: 13424, loss_cls: 0.3980, loss_bbox: 0.3701, loss_kps: 0.0000, loss: 0.7682
2026-09-23 18:23:19,610 - mmdet - INFO - Epoch [10][6750/6976]	lr: 1.000e-03, eta: 6:49:39, time: 0.175, data_time: 0.010, memory: 13424, loss_cls: 0.3928, loss_bbox: 0.3768, loss_kps: 0.0000, loss: 0.7696
2026-09-23 18:23:28,383 - mmdet - INFO - Epoch [10][6800/6976]	lr: 1.000e-03, eta: 6:49:30, time: 0.175, data_time: 0.009, memory: 13424, loss_cls: 0.3745, loss_bbox: 0.3666, loss_kps: 0.0000, loss: 0.7411
2026-09-23 18:23:37,041 - mmdet - INFO - Epoch [10][6850/6976]	lr: 1.000e-03, eta: 6:49:21, time: 0.173, data_time: 0.009, memory: 13424, loss_cls: 0.4255, loss_bbox: 0.3854, loss_kps: 0.0000, loss: 0.8109
2026-09-23 18:23:45,823 - mmdet - INFO - Epoch [10][6900/6976]	lr: 1.000e-03, eta: 6:49:12, time: 0.176, data_time: 0.010, memory: 13424, loss_cls: 0.4457, loss_bbox: 0.3845, loss_kps: 0.0000, loss: 0.8302
2026-09-23 18:23:54,552 - mmdet - INFO - Epoch [10][6950/6976]	lr: 1.000e-03, eta: 6:49:03, time: 0.174, data_time: 0.009, memory: 13424, loss_cls: 0.3802, loss_bbox: 0.3710, loss_kps: 0.0000, loss: 0.7511
2026-09-23 18:23:59,193 - mmdet - INFO - Saving checkpoint at 10 epochs
2026-09-23 18:24:13,734 - mmdet - INFO - Epoch [11][50/6976]	lr: 1.000e-03, eta: 6:48:52, time: 0.286, data_time: 0.117, memory: 13424, loss_cls: 0.4227, loss_bbox: 0.3825, loss_kps: 0.0000, loss: 0.8052
2026-09-23 18:24:22,509 - mmdet - INFO - Epoch [11][100/6976]	lr: 1.000e-03, eta: 6:48:43, time: 0.176, data_time: 0.009, memory: 13424, loss_cls: 0.3938, loss_bbox: 0.3702, loss_kps: 0.0000, loss: 0.7641
2026-09-23 18:24:31,290 - mmdet - INFO - Epoch [11][150/6976]	lr: 1.000e-03, eta: 6:48:34, time: 0.176, data_time: 0.009, memory: 13424, loss_cls: 0.3949, loss_bbox: 0.3686, loss_kps: 0.0000, loss: 0.7635
2026-09-23 18:24:40,036 - mmdet - INFO - Epoch [11][200/6976]	lr: 1.000e-03, eta: 6:48:25, time: 0.175, data_time: 0.009, memory: 13424, loss_cls: 0.3969, loss_bbox: 0.3810, loss_kps: 0.0000, loss: 0.7779
2026-09-23 18:24:48,762 - mmdet - INFO - Epoch [11][250/6976]	lr: 1.000e-03, eta: 6:48:16, time: 0.174, data_time: 0.009, memory: 13424, loss_cls: 0.4036, loss_bbox: 0.3678, loss_kps: 0.0000, loss: 0.7714
2026-09-23 18:24:57,522 - mmdet - INFO - Epoch [11][300/6976]	lr: 1.000e-03, eta: 6:48:08, time: 0.175, data_time: 0.009, memory: 13424, loss_cls: 0.4188, loss_bbox: 0.3810, loss_kps: 0.0000, loss: 0.7997
2026-09-23 18:25:06,407 - mmdet - INFO - Epoch [11][350/6976]	lr: 1.000e-03, eta: 6:47:59, time: 0.178, data_time: 0.009, memory: 13424, loss_cls: 0.4198, loss_bbox: 0.3789, loss_kps: 0.0000, loss: 0.7986
2026-09-23 18:25:15,223 - mmdet - INFO - Epoch [11][400/6976]	lr: 1.000e-03, eta: 6:47:50, time: 0.176, data_time: 0.009, memory: 13424, loss_cls: 0.4070, loss_bbox: 0.3719, loss_kps: 0.0000, loss: 0.7789
2026-09-23 18:25:24,031 - mmdet - INFO - Epoch [11][450/6976]	lr: 1.000e-03, eta: 6:47:41, time: 0.176, data_time: 0.009, memory: 13424, loss_cls: 0.4049, loss_bbox: 0.3690, loss_kps: 0.0000, loss: 0.7739
2026-09-23 18:25:32,790 - mmdet - INFO - Epoch [11][500/6976]	lr: 1.000e-03, eta: 6:47:33, time: 0.175, data_time: 0.010, memory: 13424, loss_cls: 0.3822, loss_bbox: 0.3720, loss_kps: 0.0000, loss: 0.7542
2026-09-23 18:25:41,605 - mmdet - INFO - Epoch [11][550/6976]	lr: 1.000e-03, eta: 6:47:24, time: 0.176, data_time: 0.009, memory: 13424, loss_cls: 0.4252, loss_bbox: 0.3900, loss_kps: 0.0000, loss: 0.8152
2026-09-23 18:25:50,365 - mmdet - INFO - Epoch [11][600/6976]	lr: 1.000e-03, eta: 6:47:15, time: 0.175, data_time: 0.009, memory: 13424, loss_cls: 0.4073, loss_bbox: 0.3778, loss_kps: 0.0000, loss: 0.7851
2026-09-23 18:25:59,072 - mmdet - INFO - Epoch [11][650/6976]	lr: 1.000e-03, eta: 6:47:06, time: 0.174, data_time: 0.009, memory: 13424, loss_cls: 0.4074, loss_bbox: 0.3874, loss_kps: 0.0000, loss: 0.7948
2026-09-23 18:26:07,774 - mmdet - INFO - Epoch [11][700/6976]	lr: 1.000e-03, eta: 6:46:57, time: 0.174, data_time: 0.009, memory: 13424, loss_cls: 0.3913, loss_bbox: 0.3655, loss_kps: 0.0000, loss: 0.7568
2026-09-23 18:26:17,376 - mmdet - INFO - Epoch [11][750/6976]	lr: 1.000e-03, eta: 6:46:50, time: 0.192, data_time: 0.009, memory: 13424, loss_cls: 0.4229, loss_bbox: 0.3794, loss_kps: 0.0000, loss: 0.8023
2026-09-23 18:26:26,088 - mmdet - INFO - Epoch [11][800/6976]	lr: 1.000e-03, eta: 6:46:41, time: 0.174, data_time: 0.010, memory: 13424, loss_cls: 0.4035, loss_bbox: 0.3779, loss_kps: 0.0000, loss: 0.7814
2026-09-23 18:26:34,935 - mmdet - INFO - Epoch [11][850/6976]	lr: 1.000e-03, eta: 6:46:32, time: 0.177, data_time: 0.009, memory: 13424, loss_cls: 0.4009, loss_bbox: 0.3659, loss_kps: 0.0000, loss: 0.7668
2026-09-23 18:26:43,690 - mmdet - INFO - Epoch [11][900/6976]	lr: 1.000e-03, eta: 6:46:23, time: 0.175, data_time: 0.009, memory: 13424, loss_cls: 0.4046, loss_bbox: 0.3761, loss_kps: 0.0000, loss: 0.7807
2026-09-23 18:26:52,446 - mmdet - INFO - Epoch [11][950/6976]	lr: 1.000e-03, eta: 6:46:14, time: 0.175, data_time: 0.009, memory: 13424, loss_cls: 0.4113, loss_bbox: 0.3625, loss_kps: 0.0000, loss: 0.7738
2026-09-23 18:27:01,221 - mmdet - INFO - Epoch [11][1000/6976]	lr: 1.000e-03, eta: 6:46:06, time: 0.176, data_time: 0.009, memory: 13424, loss_cls: 0.4250, loss_bbox: 0.3765, loss_kps: 0.0000, loss: 0.8015
2026-09-23 18:27:09,990 - mmdet - INFO - Epoch [11][1050/6976]	lr: 1.000e-03, eta: 6:45:57, time: 0.175, data_time: 0.009, memory: 13424, loss_cls: 0.4196, loss_bbox: 0.3689, loss_kps: 0.0000, loss: 0.7885
2026-09-23 18:27:18,732 - mmdet - INFO - Epoch [11][1100/6976]	lr: 1.000e-03, eta: 6:45:48, time: 0.175, data_time: 0.010, memory: 13424, loss_cls: 0.4081, loss_bbox: 0.3654, loss_kps: 0.0000, loss: 0.7735
2026-09-23 18:27:27,529 - mmdet - INFO - Epoch [11][1150/6976]	lr: 1.000e-03, eta: 6:45:39, time: 0.176, data_time: 0.009, memory: 13424, loss_cls: 0.4171, loss_bbox: 0.3863, loss_kps: 0.0000, loss: 0.8034
2026-09-23 18:27:36,300 - mmdet - INFO - Epoch [11][1200/6976]	lr: 1.000e-03, eta: 6:45:30, time: 0.176, data_time: 0.010, memory: 13424, loss_cls: 0.4107, loss_bbox: 0.3771, loss_kps: 0.0000, loss: 0.7878
2026-09-23 18:27:45,100 - mmdet - INFO - Epoch [11][1250/6976]	lr: 1.000e-03, eta: 6:45:21, time: 0.176, data_time: 0.009, memory: 13424, loss_cls: 0.4011, loss_bbox: 0.3763, loss_kps: 0.0000, loss: 0.7774
2026-09-23 18:27:53,811 - mmdet - INFO - Epoch [11][1300/6976]	lr: 1.000e-03, eta: 6:45:12, time: 0.174, data_time: 0.009, memory: 13424, loss_cls: 0.4375, loss_bbox: 0.3901, loss_kps: 0.0000, loss: 0.8276
2026-09-23 18:28:02,958 - mmdet - INFO - Epoch [11][1350/6976]	lr: 1.000e-03, eta: 6:45:04, time: 0.183, data_time: 0.009, memory: 13424, loss_cls: 0.4133, loss_bbox: 0.3707, loss_kps: 0.0000, loss: 0.7841
2026-09-23 18:28:11,784 - mmdet - INFO - Epoch [11][1400/6976]	lr: 1.000e-03, eta: 6:44:56, time: 0.177, data_time: 0.010, memory: 13424, loss_cls: 0.4278, loss_bbox: 0.3859, loss_kps: 0.0000, loss: 0.8137
2026-09-23 18:28:20,737 - mmdet - INFO - Epoch [11][1450/6976]	lr: 1.000e-03, eta: 6:44:47, time: 0.179, data_time: 0.010, memory: 13424, loss_cls: 0.4117, loss_bbox: 0.3765, loss_kps: 0.0000, loss: 0.7881
2026-09-23 18:28:29,514 - mmdet - INFO - Epoch [11][1500/6976]	lr: 1.000e-03, eta: 6:44:38, time: 0.175, data_time: 0.010, memory: 13424, loss_cls: 0.3923, loss_bbox: 0.3798, loss_kps: 0.0000, loss: 0.7721
2026-09-23 18:28:38,235 - mmdet - INFO - Epoch [11][1550/6976]	lr: 1.000e-03, eta: 6:44:29, time: 0.174, data_time: 0.010, memory: 13424, loss_cls: 0.3851, loss_bbox: 0.3636, loss_kps: 0.0000, loss: 0.7488
2026-09-23 18:28:46,952 - mmdet - INFO - Epoch [11][1600/6976]	lr: 1.000e-03, eta: 6:44:20, time: 0.174, data_time: 0.009, memory: 13424, loss_cls: 0.4102, loss_bbox: 0.3668, loss_kps: 0.0000, loss: 0.7769
2026-09-23 18:28:55,644 - mmdet - INFO - Epoch [11][1650/6976]	lr: 1.000e-03, eta: 6:44:11, time: 0.174, data_time: 0.009, memory: 13424, loss_cls: 0.4195, loss_bbox: 0.3748, loss_kps: 0.0000, loss: 0.7942
2026-09-23 18:29:04,402 - mmdet - INFO - Epoch [11][1700/6976]	lr: 1.000e-03, eta: 6:44:02, time: 0.175, data_time: 0.009, memory: 13424, loss_cls: 0.4325, loss_bbox: 0.3693, loss_kps: 0.0000, loss: 0.8017
2026-09-23 18:29:13,102 - mmdet - INFO - Epoch [11][1750/6976]	lr: 1.000e-03, eta: 6:43:54, time: 0.174, data_time: 0.009, memory: 13424, loss_cls: 0.4119, loss_bbox: 0.3833, loss_kps: 0.0000, loss: 0.7952
2026-09-23 18:29:21,825 - mmdet - INFO - Epoch [11][1800/6976]	lr: 1.000e-03, eta: 6:43:45, time: 0.174, data_time: 0.010, memory: 13424, loss_cls: 0.3983, loss_bbox: 0.3670, loss_kps: 0.0000, loss: 0.7653
2026-09-23 18:29:30,662 - mmdet - INFO - Epoch [11][1850/6976]	lr: 1.000e-03, eta: 6:43:36, time: 0.177, data_time: 0.010, memory: 13424, loss_cls: 0.4301, loss_bbox: 0.3849, loss_kps: 0.0000, loss: 0.8150
2026-09-23 18:29:39,424 - mmdet - INFO - Epoch [11][1900/6976]	lr: 1.000e-03, eta: 6:43:27, time: 0.175, data_time: 0.009, memory: 13424, loss_cls: 0.4088, loss_bbox: 0.3782, loss_kps: 0.0000, loss: 0.7870
2026-09-23 18:29:48,202 - mmdet - INFO - Epoch [11][1950/6976]	lr: 1.000e-03, eta: 6:43:18, time: 0.176, data_time: 0.009, memory: 13424, loss_cls: 0.3979, loss_bbox: 0.3680, loss_kps: 0.0000, loss: 0.7660
2026-09-23 18:29:56,974 - mmdet - INFO - Epoch [11][2000/6976]	lr: 1.000e-03, eta: 6:43:09, time: 0.175, data_time: 0.009, memory: 13424, loss_cls: 0.4310, loss_bbox: 0.3800, loss_kps: 0.0000, loss: 0.8110
2026-09-23 18:30:05,738 - mmdet - INFO - Epoch [11][2050/6976]	lr: 1.000e-03, eta: 6:43:00, time: 0.175, data_time: 0.010, memory: 13424, loss_cls: 0.3949, loss_bbox: 0.3776, loss_kps: 0.0000, loss: 0.7725
2026-09-23 18:30:14,510 - mmdet - INFO - Epoch [11][2100/6976]	lr: 1.000e-03, eta: 6:42:52, time: 0.175, data_time: 0.010, memory: 13424, loss_cls: 0.4167, loss_bbox: 0.3773, loss_kps: 0.0000, loss: 0.7941
2026-09-23 18:30:23,673 - mmdet - INFO - Epoch [11][2150/6976]	lr: 1.000e-03, eta: 6:42:44, time: 0.183, data_time: 0.009, memory: 13424, loss_cls: 0.4121, loss_bbox: 0.3860, loss_kps: 0.0000, loss: 0.7981
2026-09-23 18:30:32,485 - mmdet - INFO - Epoch [11][2200/6976]	lr: 1.000e-03, eta: 6:42:35, time: 0.176, data_time: 0.009, memory: 13424, loss_cls: 0.4220, loss_bbox: 0.3833, loss_kps: 0.0000, loss: 0.8053
2026-09-23 18:30:41,294 - mmdet - INFO - Epoch [11][2250/6976]	lr: 1.000e-03, eta: 6:42:26, time: 0.176, data_time: 0.010, memory: 13424, loss_cls: 0.4367, loss_bbox: 0.3859, loss_kps: 0.0000, loss: 0.8226
2026-09-23 18:30:50,029 - mmdet - INFO - Epoch [11][2300/6976]	lr: 1.000e-03, eta: 6:42:17, time: 0.174, data_time: 0.009, memory: 13424, loss_cls: 0.4027, loss_bbox: 0.3823, loss_kps: 0.0000, loss: 0.7850
2026-09-23 18:30:58,853 - mmdet - INFO - Epoch [11][2350/6976]	lr: 1.000e-03, eta: 6:42:08, time: 0.177, data_time: 0.009, memory: 13424, loss_cls: 0.4130, loss_bbox: 0.3665, loss_kps: 0.0000, loss: 0.7795
2026-09-23 18:31:07,544 - mmdet - INFO - Epoch [11][2400/6976]	lr: 1.000e-03, eta: 6:41:59, time: 0.174, data_time: 0.009, memory: 13424, loss_cls: 0.3972, loss_bbox: 0.3787, loss_kps: 0.0000, loss: 0.7759
2026-09-23 18:31:16,320 - mmdet - INFO - Epoch [11][2450/6976]	lr: 1.000e-03, eta: 6:41:51, time: 0.176, data_time: 0.009, memory: 13424, loss_cls: 0.3898, loss_bbox: 0.3558, loss_kps: 0.0000, loss: 0.7456
2026-09-23 18:31:25,056 - mmdet - INFO - Epoch [11][2500/6976]	lr: 1.000e-03, eta: 6:41:42, time: 0.175, data_time: 0.010, memory: 13424, loss_cls: 0.4219, loss_bbox: 0.3846, loss_kps: 0.0000, loss: 0.8064
2026-09-23 18:31:33,780 - mmdet - INFO - Epoch [11][2550/6976]	lr: 1.000e-03, eta: 6:41:33, time: 0.174, data_time: 0.009, memory: 13424, loss_cls: 0.4239, loss_bbox: 0.3865, loss_kps: 0.0000, loss: 0.8104
2026-09-23 18:31:42,572 - mmdet - INFO - Epoch [11][2600/6976]	lr: 1.000e-03, eta: 6:41:24, time: 0.176, data_time: 0.009, memory: 13424, loss_cls: 0.4086, loss_bbox: 0.3871, loss_kps: 0.0000, loss: 0.7957
2026-09-23 18:31:51,323 - mmdet - INFO - Epoch [11][2650/6976]	lr: 1.000e-03, eta: 6:41:15, time: 0.175, data_time: 0.010, memory: 13424, loss_cls: 0.3844, loss_bbox: 0.3640, loss_kps: 0.0000, loss: 0.7485
2026-09-23 18:32:00,075 - mmdet - INFO - Epoch [11][2700/6976]	lr: 1.000e-03, eta: 6:41:06, time: 0.175, data_time: 0.009, memory: 13424, loss_cls: 0.3924, loss_bbox: 0.3528, loss_kps: 0.0000, loss: 0.7453
2026-09-23 18:32:08,855 - mmdet - INFO - Epoch [11][2750/6976]	lr: 1.000e-03, eta: 6:40:57, time: 0.176, data_time: 0.010, memory: 13424, loss_cls: 0.4107, loss_bbox: 0.3688, loss_kps: 0.0000, loss: 0.7795
2026-09-23 18:32:17,569 - mmdet - INFO - Epoch [11][2800/6976]	lr: 1.000e-03, eta: 6:40:48, time: 0.174, data_time: 0.009, memory: 13424, loss_cls: 0.4123, loss_bbox: 0.3688, loss_kps: 0.0000, loss: 0.7811
2026-09-23 18:32:26,595 - mmdet - INFO - Epoch [11][2850/6976]	lr: 1.000e-03, eta: 6:40:39, time: 0.175, data_time: 0.009, memory: 13424, loss_cls: 0.3960, loss_bbox: 0.3700, loss_kps: 0.0000, loss: 0.7660
2026-09-23 18:32:35,226 - mmdet - INFO - Epoch [11][2900/6976]	lr: 1.000e-03, eta: 6:40:31, time: 0.178, data_time: 0.014, memory: 13424, loss_cls: 0.4301, loss_bbox: 0.3819, loss_kps: 0.0000, loss: 0.8119
2026-09-23 18:32:43,983 - mmdet - INFO - Epoch [11][2950/6976]	lr: 1.000e-03, eta: 6:40:22, time: 0.175, data_time: 0.009, memory: 13424, loss_cls: 0.4125, loss_bbox: 0.3707, loss_kps: 0.0000, loss: 0.7832
2026-09-23 18:32:52,682 - mmdet - INFO - Epoch [11][3000/6976]	lr: 1.000e-03, eta: 6:40:13, time: 0.174, data_time: 0.009, memory: 13424, loss_cls: 0.3924, loss_bbox: 0.3824, loss_kps: 0.0000, loss: 0.7748
2026-09-23 18:33:01,571 - mmdet - INFO - Epoch [11][3050/6976]	lr: 1.000e-03, eta: 6:40:04, time: 0.178, data_time: 0.009, memory: 13424, loss_cls: 0.4161, loss_bbox: 0.3818, loss_kps: 0.0000, loss: 0.7979
2026-09-23 18:33:10,312 - mmdet - INFO - Epoch [11][3100/6976]	lr: 1.000e-03, eta: 6:39:56, time: 0.175, data_time: 0.009, memory: 13424, loss_cls: 0.3993, loss_bbox: 0.3585, loss_kps: 0.0000, loss: 0.7578
2026-09-23 18:33:19,026 - mmdet - INFO - Epoch [11][3150/6976]	lr: 1.000e-03, eta: 6:39:47, time: 0.174, data_time: 0.010, memory: 13424, loss_cls: 0.3827, loss_bbox: 0.3791, loss_kps: 0.0000, loss: 0.7618
2026-09-23 18:33:27,769 - mmdet - INFO - Epoch [11][3200/6976]	lr: 1.000e-03, eta: 6:39:38, time: 0.175, data_time: 0.009, memory: 13424, loss_cls: 0.3789, loss_bbox: 0.3712, loss_kps: 0.0000, loss: 0.7501
2026-09-23 18:33:36,512 - mmdet - INFO - Epoch [11][3250/6976]	lr: 1.000e-03, eta: 6:39:29, time: 0.175, data_time: 0.009, memory: 13424, loss_cls: 0.3901, loss_bbox: 0.3603, loss_kps: 0.0000, loss: 0.7504
2026-09-23 18:33:45,255 - mmdet - INFO - Epoch [11][3300/6976]	lr: 1.000e-03, eta: 6:39:20, time: 0.175, data_time: 0.009, memory: 13424, loss_cls: 0.3998, loss_bbox: 0.3914, loss_kps: 0.0000, loss: 0.7912
2026-09-23 18:33:54,052 - mmdet - INFO - Epoch [11][3350/6976]	lr: 1.000e-03, eta: 6:39:11, time: 0.176, data_time: 0.009, memory: 13424, loss_cls: 0.4221, loss_bbox: 0.3847, loss_kps: 0.0000, loss: 0.8068
2026-09-23 18:34:02,826 - mmdet - INFO - Epoch [11][3400/6976]	lr: 1.000e-03, eta: 6:39:02, time: 0.175, data_time: 0.009, memory: 13424, loss_cls: 0.4191, loss_bbox: 0.3872, loss_kps: 0.0000, loss: 0.8063
2026-09-23 18:34:11,653 - mmdet - INFO - Epoch [11][3450/6976]	lr: 1.000e-03, eta: 6:38:54, time: 0.176, data_time: 0.009, memory: 13424, loss_cls: 0.4183, loss_bbox: 0.3715, loss_kps: 0.0000, loss: 0.7898
2026-09-23 18:34:20,467 - mmdet - INFO - Epoch [11][3500/6976]	lr: 1.000e-03, eta: 6:38:45, time: 0.176, data_time: 0.009, memory: 13424, loss_cls: 0.3933, loss_bbox: 0.3731, loss_kps: 0.0000, loss: 0.7664
2026-09-23 18:34:29,275 - mmdet - INFO - Epoch [11][3550/6976]	lr: 1.000e-03, eta: 6:38:36, time: 0.176, data_time: 0.010, memory: 13424, loss_cls: 0.4112, loss_bbox: 0.3716, loss_kps: 0.0000, loss: 0.7828
2026-09-23 18:34:38,060 - mmdet - INFO - Epoch [11][3600/6976]	lr: 1.000e-03, eta: 6:38:27, time: 0.176, data_time: 0.010, memory: 13424, loss_cls: 0.3823, loss_bbox: 0.3659, loss_kps: 0.0000, loss: 0.7481
2026-09-23 18:34:46,776 - mmdet - INFO - Epoch [11][3650/6976]	lr: 1.000e-03, eta: 6:38:18, time: 0.174, data_time: 0.009, memory: 13424, loss_cls: 0.3972, loss_bbox: 0.3751, loss_kps: 0.0000, loss: 0.7722
2026-09-23 18:34:55,505 - mmdet - INFO - Epoch [11][3700/6976]	lr: 1.000e-03, eta: 6:38:09, time: 0.175, data_time: 0.009, memory: 13424, loss_cls: 0.4133, loss_bbox: 0.3743, loss_kps: 0.0000, loss: 0.7876
2026-09-23 18:35:04,582 - mmdet - INFO - Epoch [11][3750/6976]	lr: 1.000e-03, eta: 6:38:01, time: 0.182, data_time: 0.009, memory: 13424, loss_cls: 0.4068, loss_bbox: 0.3808, loss_kps: 0.0000, loss: 0.7875
2026-09-23 18:35:13,254 - mmdet - INFO - Epoch [11][3800/6976]	lr: 1.000e-03, eta: 6:37:52, time: 0.173, data_time: 0.010, memory: 13424, loss_cls: 0.4120, loss_bbox: 0.3695, loss_kps: 0.0000, loss: 0.7815
2026-09-23 18:35:21,988 - mmdet - INFO - Epoch [11][3850/6976]	lr: 1.000e-03, eta: 6:37:43, time: 0.175, data_time: 0.009, memory: 13424, loss_cls: 0.4034, loss_bbox: 0.3647, loss_kps: 0.0000, loss: 0.7681
2026-09-23 18:35:30,708 - mmdet - INFO - Epoch [11][3900/6976]	lr: 1.000e-03, eta: 6:37:34, time: 0.174, data_time: 0.010, memory: 13424, loss_cls: 0.4089, loss_bbox: 0.3754, loss_kps: 0.0000, loss: 0.7843
2026-09-23 18:35:39,446 - mmdet - INFO - Epoch [11][3950/6976]	lr: 1.000e-03, eta: 6:37:25, time: 0.175, data_time: 0.010, memory: 13424, loss_cls: 0.4096, loss_bbox: 0.3837, loss_kps: 0.0000, loss: 0.7933
2026-09-23 18:35:48,164 - mmdet - INFO - Epoch [11][4000/6976]	lr: 1.000e-03, eta: 6:37:16, time: 0.174, data_time: 0.009, memory: 13424, loss_cls: 0.4101, loss_bbox: 0.3682, loss_kps: 0.0000, loss: 0.7782
2026-09-23 18:35:56,940 - mmdet - INFO - Epoch [11][4050/6976]	lr: 1.000e-03, eta: 6:37:08, time: 0.176, data_time: 0.009, memory: 13424, loss_cls: 0.4047, loss_bbox: 0.3764, loss_kps: 0.0000, loss: 0.7811
2026-09-23 18:36:05,695 - mmdet - INFO - Epoch [11][4100/6976]	lr: 1.000e-03, eta: 6:36:59, time: 0.175, data_time: 0.009, memory: 13424, loss_cls: 0.4194, loss_bbox: 0.3607, loss_kps: 0.0000, loss: 0.7801
2026-09-23 18:36:14,419 - mmdet - INFO - Epoch [11][4150/6976]	lr: 1.000e-03, eta: 6:36:50, time: 0.174, data_time: 0.009, memory: 13424, loss_cls: 0.4134, loss_bbox: 0.3814, loss_kps: 0.0000, loss: 0.7948
2026-09-23 18:36:23,206 - mmdet - INFO - Epoch [11][4200/6976]	lr: 1.000e-03, eta: 6:36:41, time: 0.176, data_time: 0.009, memory: 13424, loss_cls: 0.4203, loss_bbox: 0.3767, loss_kps: 0.0000, loss: 0.7970
2026-09-23 18:36:31,870 - mmdet - INFO - Epoch [11][4250/6976]	lr: 1.000e-03, eta: 6:36:32, time: 0.173, data_time: 0.010, memory: 13424, loss_cls: 0.4083, loss_bbox: 0.3745, loss_kps: 0.0000, loss: 0.7829
2026-09-23 18:36:40,809 - mmdet - INFO - Epoch [11][4300/6976]	lr: 1.000e-03, eta: 6:36:23, time: 0.179, data_time: 0.010, memory: 13424, loss_cls: 0.3923, loss_bbox: 0.3609, loss_kps: 0.0000, loss: 0.7531
2026-09-23 18:36:49,670 - mmdet - INFO - Epoch [11][4350/6976]	lr: 1.000e-03, eta: 6:36:15, time: 0.177, data_time: 0.009, memory: 13424, loss_cls: 0.4013, loss_bbox: 0.3664, loss_kps: 0.0000, loss: 0.7677
2026-09-23 18:36:58,377 - mmdet - INFO - Epoch [11][4400/6976]	lr: 1.000e-03, eta: 6:36:06, time: 0.174, data_time: 0.009, memory: 13424, loss_cls: 0.4088, loss_bbox: 0.3704, loss_kps: 0.0000, loss: 0.7792
2026-09-23 18:37:07,133 - mmdet - INFO - Epoch [11][4450/6976]	lr: 1.000e-03, eta: 6:35:57, time: 0.175, data_time: 0.009, memory: 13424, loss_cls: 0.3921, loss_bbox: 0.3563, loss_kps: 0.0000, loss: 0.7484
2026-09-23 18:37:15,851 - mmdet - INFO - Epoch [11][4500/6976]	lr: 1.000e-03, eta: 6:35:48, time: 0.175, data_time: 0.009, memory: 13424, loss_cls: 0.4073, loss_bbox: 0.3722, loss_kps: 0.0000, loss: 0.7795
2026-09-23 18:37:24,533 - mmdet - INFO - Epoch [11][4550/6976]	lr: 1.000e-03, eta: 6:35:39, time: 0.174, data_time: 0.009, memory: 13424, loss_cls: 0.3811, loss_bbox: 0.3627, loss_kps: 0.0000, loss: 0.7439
2026-09-23 18:37:33,368 - mmdet - INFO - Epoch [11][4600/6976]	lr: 1.000e-03, eta: 6:35:30, time: 0.177, data_time: 0.009, memory: 13424, loss_cls: 0.4052, loss_bbox: 0.3794, loss_kps: 0.0000, loss: 0.7846
2026-09-23 18:37:42,424 - mmdet - INFO - Epoch [11][4650/6976]	lr: 1.000e-03, eta: 6:35:22, time: 0.181, data_time: 0.010, memory: 13424, loss_cls: 0.4035, loss_bbox: 0.3727, loss_kps: 0.0000, loss: 0.7762
2026-09-23 18:37:51,239 - mmdet - INFO - Epoch [11][4700/6976]	lr: 1.000e-03, eta: 6:35:13, time: 0.176, data_time: 0.009, memory: 13424, loss_cls: 0.4207, loss_bbox: 0.3799, loss_kps: 0.0000, loss: 0.8006
2026-09-23 18:37:59,978 - mmdet - INFO - Epoch [11][4750/6976]	lr: 1.000e-03, eta: 6:35:04, time: 0.175, data_time: 0.009, memory: 13424, loss_cls: 0.4477, loss_bbox: 0.3843, loss_kps: 0.0000, loss: 0.8320
2026-09-23 18:38:08,733 - mmdet - INFO - Epoch [11][4800/6976]	lr: 1.000e-03, eta: 6:34:55, time: 0.175, data_time: 0.009, memory: 13424, loss_cls: 0.3993, loss_bbox: 0.3698, loss_kps: 0.0000, loss: 0.7691
2026-09-23 18:38:17,456 - mmdet - INFO - Epoch [11][4850/6976]	lr: 1.000e-03, eta: 6:34:46, time: 0.174, data_time: 0.009, memory: 13424, loss_cls: 0.4276, loss_bbox: 0.3979, loss_kps: 0.0000, loss: 0.8255
2026-09-23 18:38:26,235 - mmdet - INFO - Epoch [11][4900/6976]	lr: 1.000e-03, eta: 6:34:38, time: 0.176, data_time: 0.009, memory: 13424, loss_cls: 0.3842, loss_bbox: 0.3680, loss_kps: 0.0000, loss: 0.7522
2026-09-23 18:38:35,015 - mmdet - INFO - Epoch [11][4950/6976]	lr: 1.000e-03, eta: 6:34:29, time: 0.175, data_time: 0.009, memory: 13424, loss_cls: 0.4268, loss_bbox: 0.3829, loss_kps: 0.0000, loss: 0.8097
2026-09-23 18:38:43,881 - mmdet - INFO - Epoch [11][5000/6976]	lr: 1.000e-03, eta: 6:34:20, time: 0.177, data_time: 0.009, memory: 13424, loss_cls: 0.4220, loss_bbox: 0.3924, loss_kps: 0.0000, loss: 0.8144
2026-09-23 18:38:52,600 - mmdet - INFO - Epoch [11][5050/6976]	lr: 1.000e-03, eta: 6:34:11, time: 0.175, data_time: 0.010, memory: 13424, loss_cls: 0.4302, loss_bbox: 0.3849, loss_kps: 0.0000, loss: 0.8151
2026-09-23 18:39:01,337 - mmdet - INFO - Epoch [11][5100/6976]	lr: 1.000e-03, eta: 6:34:02, time: 0.174, data_time: 0.009, memory: 13424, loss_cls: 0.4023, loss_bbox: 0.3735, loss_kps: 0.0000, loss: 0.7758
2026-09-23 18:39:10,108 - mmdet - INFO - Epoch [11][5150/6976]	lr: 1.000e-03, eta: 6:33:53, time: 0.176, data_time: 0.010, memory: 13424, loss_cls: 0.4201, loss_bbox: 0.3805, loss_kps: 0.0000, loss: 0.8005
2026-09-23 18:39:18,885 - mmdet - INFO - Epoch [11][5200/6976]	lr: 1.000e-03, eta: 6:33:45, time: 0.175, data_time: 0.009, memory: 13424, loss_cls: 0.4303, loss_bbox: 0.3748, loss_kps: 0.0000, loss: 0.8051
2026-09-23 18:39:27,593 - mmdet - INFO - Epoch [11][5250/6976]	lr: 1.000e-03, eta: 6:33:36, time: 0.174, data_time: 0.010, memory: 13424, loss_cls: 0.4019, loss_bbox: 0.3794, loss_kps: 0.0000, loss: 0.7813
2026-09-23 18:39:36,310 - mmdet - INFO - Epoch [11][5300/6976]	lr: 1.000e-03, eta: 6:33:27, time: 0.174, data_time: 0.009, memory: 13424, loss_cls: 0.4224, loss_bbox: 0.3775, loss_kps: 0.0000, loss: 0.7998
2026-09-23 18:39:44,971 - mmdet - INFO - Epoch [11][5350/6976]	lr: 1.000e-03, eta: 6:33:18, time: 0.173, data_time: 0.010, memory: 13424, loss_cls: 0.4193, loss_bbox: 0.3879, loss_kps: 0.0000, loss: 0.8072
2026-09-23 18:39:53,736 - mmdet - INFO - Epoch [11][5400/6976]	lr: 1.000e-03, eta: 6:33:09, time: 0.175, data_time: 0.009, memory: 13424, loss_cls: 0.4075, loss_bbox: 0.3703, loss_kps: 0.0000, loss: 0.7778
2026-09-23 18:40:02,492 - mmdet - INFO - Epoch [11][5450/6976]	lr: 1.000e-03, eta: 6:33:00, time: 0.175, data_time: 0.009, memory: 13424, loss_cls: 0.4226, loss_bbox: 0.3765, loss_kps: 0.0000, loss: 0.7991
2026-09-23 18:40:11,229 - mmdet - INFO - Epoch [11][5500/6976]	lr: 1.000e-03, eta: 6:32:51, time: 0.175, data_time: 0.009, memory: 13424, loss_cls: 0.4309, loss_bbox: 0.3765, loss_kps: 0.0000, loss: 0.8074
2026-09-23 18:40:19,952 - mmdet - INFO - Epoch [11][5550/6976]	lr: 1.000e-03, eta: 6:32:42, time: 0.175, data_time: 0.009, memory: 13424, loss_cls: 0.4070, loss_bbox: 0.3955, loss_kps: 0.0000, loss: 0.8026
2026-09-23 18:40:28,739 - mmdet - INFO - Epoch [11][5600/6976]	lr: 1.000e-03, eta: 6:32:33, time: 0.176, data_time: 0.010, memory: 13424, loss_cls: 0.4048, loss_bbox: 0.3597, loss_kps: 0.0000, loss: 0.7644
2026-09-23 18:40:37,360 - mmdet - INFO - Epoch [11][5650/6976]	lr: 1.000e-03, eta: 6:32:24, time: 0.172, data_time: 0.009, memory: 13424, loss_cls: 0.4217, loss_bbox: 0.3744, loss_kps: 0.0000, loss: 0.7961
2026-09-23 18:40:46,132 - mmdet - INFO - Epoch [11][5700/6976]	lr: 1.000e-03, eta: 6:32:15, time: 0.175, data_time: 0.010, memory: 13424, loss_cls: 0.3867, loss_bbox: 0.3799, loss_kps: 0.0000, loss: 0.7666
2026-09-23 18:40:54,864 - mmdet - INFO - Epoch [11][5750/6976]	lr: 1.000e-03, eta: 6:32:07, time: 0.175, data_time: 0.009, memory: 13424, loss_cls: 0.3947, loss_bbox: 0.3767, loss_kps: 0.0000, loss: 0.7714
2026-09-23 18:41:03,564 - mmdet - INFO - Epoch [11][5800/6976]	lr: 1.000e-03, eta: 6:31:58, time: 0.174, data_time: 0.009, memory: 13424, loss_cls: 0.4326, loss_bbox: 0.3711, loss_kps: 0.0000, loss: 0.8037
2026-09-23 18:41:12,269 - mmdet - INFO - Epoch [11][5850/6976]	lr: 1.000e-03, eta: 6:31:49, time: 0.174, data_time: 0.009, memory: 13424, loss_cls: 0.4073, loss_bbox: 0.3722, loss_kps: 0.0000, loss: 0.7795
2026-09-23 18:41:21,001 - mmdet - INFO - Epoch [11][5900/6976]	lr: 1.000e-03, eta: 6:31:40, time: 0.175, data_time: 0.009, memory: 13424, loss_cls: 0.3850, loss_bbox: 0.3569, loss_kps: 0.0000, loss: 0.7419
2026-09-23 18:41:29,736 - mmdet - INFO - Epoch [11][5950/6976]	lr: 1.000e-03, eta: 6:31:31, time: 0.174, data_time: 0.009, memory: 13424, loss_cls: 0.4352, loss_bbox: 0.3951, loss_kps: 0.0000, loss: 0.8303
2026-09-23 18:41:38,408 - mmdet - INFO - Epoch [11][6000/6976]	lr: 1.000e-03, eta: 6:31:22, time: 0.174, data_time: 0.010, memory: 13424, loss_cls: 0.4173, loss_bbox: 0.3720, loss_kps: 0.0000, loss: 0.7893
2026-09-23 18:41:47,259 - mmdet - INFO - Epoch [11][6050/6976]	lr: 1.000e-03, eta: 6:31:13, time: 0.177, data_time: 0.010, memory: 13424, loss_cls: 0.4270, loss_bbox: 0.3769, loss_kps: 0.0000, loss: 0.8040
2026-09-23 18:41:56,313 - mmdet - INFO - Epoch [11][6100/6976]	lr: 1.000e-03, eta: 6:31:05, time: 0.181, data_time: 0.010, memory: 13424, loss_cls: 0.3908, loss_bbox: 0.3658, loss_kps: 0.0000, loss: 0.7566
2026-09-23 18:42:05,025 - mmdet - INFO - Epoch [11][6150/6976]	lr: 1.000e-03, eta: 6:30:56, time: 0.174, data_time: 0.010, memory: 13424, loss_cls: 0.3976, loss_bbox: 0.3764, loss_kps: 0.0000, loss: 0.7740
2026-09-23 18:42:13,863 - mmdet - INFO - Epoch [11][6200/6976]	lr: 1.000e-03, eta: 6:30:47, time: 0.176, data_time: 0.010, memory: 13424, loss_cls: 0.3957, loss_bbox: 0.3782, loss_kps: 0.0000, loss: 0.7740
2026-09-23 18:42:22,670 - mmdet - INFO - Epoch [11][6250/6976]	lr: 1.000e-03, eta: 6:30:38, time: 0.176, data_time: 0.010, memory: 13424, loss_cls: 0.4039, loss_bbox: 0.3767, loss_kps: 0.0000, loss: 0.7806
2026-09-23 18:42:31,367 - mmdet - INFO - Epoch [11][6300/6976]	lr: 1.000e-03, eta: 6:30:29, time: 0.174, data_time: 0.010, memory: 13424, loss_cls: 0.3995, loss_bbox: 0.3668, loss_kps: 0.0000, loss: 0.7663
2026-09-23 18:42:40,116 - mmdet - INFO - Epoch [11][6350/6976]	lr: 1.000e-03, eta: 6:30:21, time: 0.175, data_time: 0.010, memory: 13424, loss_cls: 0.4023, loss_bbox: 0.3746, loss_kps: 0.0000, loss: 0.7769
2026-09-23 18:42:48,934 - mmdet - INFO - Epoch [11][6400/6976]	lr: 1.000e-03, eta: 6:30:12, time: 0.176, data_time: 0.010, memory: 13424, loss_cls: 0.4180, loss_bbox: 0.3717, loss_kps: 0.0000, loss: 0.7897
2026-09-23 18:42:58,001 - mmdet - INFO - Epoch [11][6450/6976]	lr: 1.000e-03, eta: 6:30:03, time: 0.181, data_time: 0.010, memory: 13424, loss_cls: 0.3971, loss_bbox: 0.3606, loss_kps: 0.0000, loss: 0.7577
2026-09-23 18:43:06,718 - mmdet - INFO - Epoch [11][6500/6976]	lr: 1.000e-03, eta: 6:29:55, time: 0.175, data_time: 0.010, memory: 13424, loss_cls: 0.4149, loss_bbox: 0.3683, loss_kps: 0.0000, loss: 0.7833
2026-09-23 18:43:15,418 - mmdet - INFO - Epoch [11][6550/6976]	lr: 1.000e-03, eta: 6:29:46, time: 0.174, data_time: 0.010, memory: 13424, loss_cls: 0.4125, loss_bbox: 0.3814, loss_kps: 0.0000, loss: 0.7940
2026-09-23 18:43:24,218 - mmdet - INFO - Epoch [11][6600/6976]	lr: 1.000e-03, eta: 6:29:37, time: 0.176, data_time: 0.010, memory: 13424, loss_cls: 0.4236, loss_bbox: 0.3827, loss_kps: 0.0000, loss: 0.8063
2026-09-23 18:43:32,966 - mmdet - INFO - Epoch [11][6650/6976]	lr: 1.000e-03, eta: 6:29:28, time: 0.175, data_time: 0.010, memory: 13424, loss_cls: 0.3878, loss_bbox: 0.3705, loss_kps: 0.0000, loss: 0.7583
2026-09-23 18:43:41,752 - mmdet - INFO - Epoch [11][6700/6976]	lr: 1.000e-03, eta: 6:29:19, time: 0.176, data_time: 0.010, memory: 13424, loss_cls: 0.4149, loss_bbox: 0.3724, loss_kps: 0.0000, loss: 0.7873
2026-09-23 18:43:50,542 - mmdet - INFO - Epoch [11][6750/6976]	lr: 1.000e-03, eta: 6:29:10, time: 0.176, data_time: 0.010, memory: 13424, loss_cls: 0.4275, loss_bbox: 0.3800, loss_kps: 0.0000, loss: 0.8075
2026-09-23 18:43:59,585 - mmdet - INFO - Epoch [11][6800/6976]	lr: 1.000e-03, eta: 6:29:02, time: 0.181, data_time: 0.010, memory: 13424, loss_cls: 0.4360, loss_bbox: 0.3882, loss_kps: 0.0000, loss: 0.8242
2026-09-23 18:44:08,307 - mmdet - INFO - Epoch [11][6850/6976]	lr: 1.000e-03, eta: 6:28:53, time: 0.174, data_time: 0.010, memory: 13424, loss_cls: 0.4023, loss_bbox: 0.3510, loss_kps: 0.0000, loss: 0.7533
2026-09-23 18:44:17,033 - mmdet - INFO - Epoch [11][6900/6976]	lr: 1.000e-03, eta: 6:28:44, time: 0.175, data_time: 0.010, memory: 13424, loss_cls: 0.3946, loss_bbox: 0.3727, loss_kps: 0.0000, loss: 0.7674
2026-09-23 18:44:25,757 - mmdet - INFO - Epoch [11][6950/6976]	lr: 1.000e-03, eta: 6:28:35, time: 0.174, data_time: 0.010, memory: 13424, loss_cls: 0.4303, loss_bbox: 0.3941, loss_kps: 0.0000, loss: 0.8244
2026-09-23 18:44:30,395 - mmdet - INFO - Saving checkpoint at 11 epochs
2026-09-23 18:44:44,277 - mmdet - INFO - Epoch [12][50/6976]	lr: 1.000e-03, eta: 6:28:22, time: 0.273, data_time: 0.098, memory: 13424, loss_cls: 0.4028, loss_bbox: 0.3702, loss_kps: 0.0000, loss: 0.7730
2026-09-23 18:44:53,056 - mmdet - INFO - Epoch [12][100/6976]	lr: 1.000e-03, eta: 6:28:14, time: 0.175, data_time: 0.009, memory: 13424, loss_cls: 0.4258, loss_bbox: 0.3804, loss_kps: 0.0000, loss: 0.8062
2026-09-23 18:45:01,834 - mmdet - INFO - Epoch [12][150/6976]	lr: 1.000e-03, eta: 6:28:05, time: 0.176, data_time: 0.009, memory: 13424, loss_cls: 0.3891, loss_bbox: 0.3690, loss_kps: 0.0000, loss: 0.7581
2026-09-23 18:45:10,654 - mmdet - INFO - Epoch [12][200/6976]	lr: 1.000e-03, eta: 6:27:56, time: 0.176, data_time: 0.009, memory: 13424, loss_cls: 0.3963, loss_bbox: 0.3566, loss_kps: 0.0000, loss: 0.7529
2026-09-23 18:45:19,369 - mmdet - INFO - Epoch [12][250/6976]	lr: 1.000e-03, eta: 6:27:47, time: 0.174, data_time: 0.009, memory: 13424, loss_cls: 0.4069, loss_bbox: 0.3743, loss_kps: 0.0000, loss: 0.7812
2026-09-23 18:45:28,072 - mmdet - INFO - Epoch [12][300/6976]	lr: 1.000e-03, eta: 6:27:38, time: 0.174, data_time: 0.009, memory: 13424, loss_cls: 0.3807, loss_bbox: 0.3683, loss_kps: 0.0000, loss: 0.7491
2026-09-23 18:45:36,894 - mmdet - INFO - Epoch [12][350/6976]	lr: 1.000e-03, eta: 6:27:29, time: 0.176, data_time: 0.010, memory: 13424, loss_cls: 0.3989, loss_bbox: 0.3673, loss_kps: 0.0000, loss: 0.7662
2026-09-23 18:45:45,696 - mmdet - INFO - Epoch [12][400/6976]	lr: 1.000e-03, eta: 6:27:21, time: 0.176, data_time: 0.009, memory: 13424, loss_cls: 0.3992, loss_bbox: 0.3599, loss_kps: 0.0000, loss: 0.7592
2026-09-23 18:45:54,482 - mmdet - INFO - Epoch [12][450/6976]	lr: 1.000e-03, eta: 6:27:12, time: 0.176, data_time: 0.010, memory: 13424, loss_cls: 0.4290, loss_bbox: 0.3754, loss_kps: 0.0000, loss: 0.8044
2026-09-23 18:46:03,205 - mmdet - INFO - Epoch [12][500/6976]	lr: 1.000e-03, eta: 6:27:03, time: 0.174, data_time: 0.009, memory: 13424, loss_cls: 0.4037, loss_bbox: 0.3728, loss_kps: 0.0000, loss: 0.7765
2026-09-23 18:46:12,044 - mmdet - INFO - Epoch [12][550/6976]	lr: 1.000e-03, eta: 6:26:54, time: 0.177, data_time: 0.010, memory: 13424, loss_cls: 0.4092, loss_bbox: 0.3718, loss_kps: 0.0000, loss: 0.7810
2026-09-23 18:46:21,088 - mmdet - INFO - Epoch [12][600/6976]	lr: 1.000e-03, eta: 6:26:46, time: 0.181, data_time: 0.009, memory: 13424, loss_cls: 0.4053, loss_bbox: 0.3838, loss_kps: 0.0000, loss: 0.7891
2026-09-23 18:46:29,871 - mmdet - INFO - Epoch [12][650/6976]	lr: 1.000e-03, eta: 6:26:37, time: 0.176, data_time: 0.010, memory: 13424, loss_cls: 0.4108, loss_bbox: 0.3823, loss_kps: 0.0000, loss: 0.7931
2026-09-23 18:46:38,558 - mmdet - INFO - Epoch [12][700/6976]	lr: 1.000e-03, eta: 6:26:28, time: 0.174, data_time: 0.009, memory: 13424, loss_cls: 0.3870, loss_bbox: 0.3649, loss_kps: 0.0000, loss: 0.7519
2026-09-23 18:46:47,277 - mmdet - INFO - Epoch [12][750/6976]	lr: 1.000e-03, eta: 6:26:19, time: 0.174, data_time: 0.010, memory: 13424, loss_cls: 0.4002, loss_bbox: 0.3659, loss_kps: 0.0000, loss: 0.7660
2026-09-23 18:46:56,052 - mmdet - INFO - Epoch [12][800/6976]	lr: 1.000e-03, eta: 6:26:10, time: 0.175, data_time: 0.010, memory: 13424, loss_cls: 0.4292, loss_bbox: 0.3983, loss_kps: 0.0000, loss: 0.8275
2026-09-23 18:47:04,759 - mmdet - INFO - Epoch [12][850/6976]	lr: 1.000e-03, eta: 6:26:01, time: 0.174, data_time: 0.009, memory: 13424, loss_cls: 0.3923, loss_bbox: 0.3731, loss_kps: 0.0000, loss: 0.7654
2026-09-23 18:47:13,513 - mmdet - INFO - Epoch [12][900/6976]	lr: 1.000e-03, eta: 6:25:52, time: 0.175, data_time: 0.010, memory: 13424, loss_cls: 0.4117, loss_bbox: 0.3788, loss_kps: 0.0000, loss: 0.7905
2026-09-23 18:47:22,260 - mmdet - INFO - Epoch [12][950/6976]	lr: 1.000e-03, eta: 6:25:44, time: 0.175, data_time: 0.009, memory: 13424, loss_cls: 0.3932, loss_bbox: 0.3652, loss_kps: 0.0000, loss: 0.7583
2026-09-23 18:47:31,079 - mmdet - INFO - Epoch [12][1000/6976]	lr: 1.000e-03, eta: 6:25:35, time: 0.176, data_time: 0.010, memory: 13424, loss_cls: 0.4103, loss_bbox: 0.3553, loss_kps: 0.0000, loss: 0.7656
2026-09-23 18:47:39,919 - mmdet - INFO - Epoch [12][1050/6976]	lr: 1.000e-03, eta: 6:25:26, time: 0.177, data_time: 0.009, memory: 13424, loss_cls: 0.3792, loss_bbox: 0.3606, loss_kps: 0.0000, loss: 0.7398
2026-09-23 18:47:48,686 - mmdet - INFO - Epoch [12][1100/6976]	lr: 1.000e-03, eta: 6:25:17, time: 0.175, data_time: 0.010, memory: 13424, loss_cls: 0.4070, loss_bbox: 0.3854, loss_kps: 0.0000, loss: 0.7924
2026-09-23 18:47:57,416 - mmdet - INFO - Epoch [12][1150/6976]	lr: 1.000e-03, eta: 6:25:08, time: 0.174, data_time: 0.009, memory: 13424, loss_cls: 0.4345, loss_bbox: 0.3922, loss_kps: 0.0000, loss: 0.8268
2026-09-23 18:48:06,184 - mmdet - INFO - Epoch [12][1200/6976]	lr: 1.000e-03, eta: 6:24:59, time: 0.175, data_time: 0.010, memory: 13424, loss_cls: 0.3977, loss_bbox: 0.3733, loss_kps: 0.0000, loss: 0.7710
2026-09-23 18:48:15,016 - mmdet - INFO - Epoch [12][1250/6976]	lr: 1.000e-03, eta: 6:24:51, time: 0.177, data_time: 0.009, memory: 13424, loss_cls: 0.4052, loss_bbox: 0.3800, loss_kps: 0.0000, loss: 0.7853
2026-09-23 18:48:23,732 - mmdet - INFO - Epoch [12][1300/6976]	lr: 1.000e-03, eta: 6:24:42, time: 0.174, data_time: 0.009, memory: 13424, loss_cls: 0.3948, loss_bbox: 0.3699, loss_kps: 0.0000, loss: 0.7647
2026-09-23 18:48:32,505 - mmdet - INFO - Epoch [12][1350/6976]	lr: 1.000e-03, eta: 6:24:33, time: 0.175, data_time: 0.010, memory: 13424, loss_cls: 0.3959, loss_bbox: 0.3672, loss_kps: 0.0000, loss: 0.7630
2026-09-23 18:48:41,190 - mmdet - INFO - Epoch [12][1400/6976]	lr: 1.000e-03, eta: 6:24:24, time: 0.174, data_time: 0.010, memory: 13424, loss_cls: 0.4393, loss_bbox: 0.3841, loss_kps: 0.0000, loss: 0.8234
2026-09-23 18:48:50,225 - mmdet - INFO - Epoch [12][1450/6976]	lr: 1.000e-03, eta: 6:24:16, time: 0.181, data_time: 0.010, memory: 13424, loss_cls: 0.4017, loss_bbox: 0.3709, loss_kps: 0.0000, loss: 0.7726
2026-09-23 18:48:58,967 - mmdet - INFO - Epoch [12][1500/6976]	lr: 1.000e-03, eta: 6:24:07, time: 0.175, data_time: 0.010, memory: 13424, loss_cls: 0.3970, loss_bbox: 0.3587, loss_kps: 0.0000, loss: 0.7558
2026-09-23 18:49:07,693 - mmdet - INFO - Epoch [12][1550/6976]	lr: 1.000e-03, eta: 6:23:58, time: 0.175, data_time: 0.009, memory: 13424, loss_cls: 0.3936, loss_bbox: 0.3704, loss_kps: 0.0000, loss: 0.7641
2026-09-23 18:49:16,345 - mmdet - INFO - Epoch [12][1600/6976]	lr: 1.000e-03, eta: 6:23:49, time: 0.173, data_time: 0.009, memory: 13424, loss_cls: 0.4203, loss_bbox: 0.3798, loss_kps: 0.0000, loss: 0.8001
2026-09-23 18:49:25,063 - mmdet - INFO - Epoch [12][1650/6976]	lr: 1.000e-03, eta: 6:23:40, time: 0.174, data_time: 0.009, memory: 13424, loss_cls: 0.4174, loss_bbox: 0.3696, loss_kps: 0.0000, loss: 0.7871
2026-09-23 18:49:33,801 - mmdet - INFO - Epoch [12][1700/6976]	lr: 1.000e-03, eta: 6:23:31, time: 0.175, data_time: 0.009, memory: 13424, loss_cls: 0.4088, loss_bbox: 0.3716, loss_kps: 0.0000, loss: 0.7804
2026-09-23 18:49:42,425 - mmdet - INFO - Epoch [12][1750/6976]	lr: 1.000e-03, eta: 6:23:22, time: 0.173, data_time: 0.009, memory: 13424, loss_cls: 0.4031, loss_bbox: 0.3699, loss_kps: 0.0000, loss: 0.7730
2026-09-23 18:49:51,160 - mmdet - INFO - Epoch [12][1800/6976]	lr: 1.000e-03, eta: 6:23:13, time: 0.175, data_time: 0.009, memory: 13424, loss_cls: 0.3902, loss_bbox: 0.3615, loss_kps: 0.0000, loss: 0.7517
2026-09-23 18:49:59,911 - mmdet - INFO - Epoch [12][1850/6976]	lr: 1.000e-03, eta: 6:23:04, time: 0.175, data_time: 0.010, memory: 13424, loss_cls: 0.4071, loss_bbox: 0.3789, loss_kps: 0.0000, loss: 0.7861
2026-09-23 18:50:08,623 - mmdet - INFO - Epoch [12][1900/6976]	lr: 1.000e-03, eta: 6:22:55, time: 0.174, data_time: 0.009, memory: 13424, loss_cls: 0.4129, loss_bbox: 0.3856, loss_kps: 0.0000, loss: 0.7985
2026-09-23 18:50:17,353 - mmdet - INFO - Epoch [12][1950/6976]	lr: 1.000e-03, eta: 6:22:46, time: 0.174, data_time: 0.009, memory: 13424, loss_cls: 0.3944, loss_bbox: 0.3688, loss_kps: 0.0000, loss: 0.7632
2026-09-23 18:50:26,082 - mmdet - INFO - Epoch [12][2000/6976]	lr: 1.000e-03, eta: 6:22:37, time: 0.175, data_time: 0.010, memory: 13424, loss_cls: 0.4016, loss_bbox: 0.3748, loss_kps: 0.0000, loss: 0.7764
2026-09-23 18:50:34,859 - mmdet - INFO - Epoch [12][2050/6976]	lr: 1.000e-03, eta: 6:22:29, time: 0.175, data_time: 0.009, memory: 13424, loss_cls: 0.3915, loss_bbox: 0.3765, loss_kps: 0.0000, loss: 0.7680
2026-09-23 18:50:43,595 - mmdet - INFO - Epoch [12][2100/6976]	lr: 1.000e-03, eta: 6:22:20, time: 0.175, data_time: 0.010, memory: 13424, loss_cls: 0.4057, loss_bbox: 0.3864, loss_kps: 0.0000, loss: 0.7921
2026-09-23 18:50:52,394 - mmdet - INFO - Epoch [12][2150/6976]	lr: 1.000e-03, eta: 6:22:11, time: 0.176, data_time: 0.009, memory: 13424, loss_cls: 0.4026, loss_bbox: 0.3698, loss_kps: 0.0000, loss: 0.7724
2026-09-23 18:51:01,232 - mmdet - INFO - Epoch [12][2200/6976]	lr: 1.000e-03, eta: 6:22:02, time: 0.177, data_time: 0.009, memory: 13424, loss_cls: 0.4025, loss_bbox: 0.3862, loss_kps: 0.0000, loss: 0.7888
2026-09-23 18:51:10,062 - mmdet - INFO - Epoch [12][2250/6976]	lr: 1.000e-03, eta: 6:21:53, time: 0.177, data_time: 0.010, memory: 13424, loss_cls: 0.4050, loss_bbox: 0.3816, loss_kps: 0.0000, loss: 0.7866
2026-09-23 18:51:18,789 - mmdet - INFO - Epoch [12][2300/6976]	lr: 1.000e-03, eta: 6:21:45, time: 0.174, data_time: 0.009, memory: 13424, loss_cls: 0.4204, loss_bbox: 0.3738, loss_kps: 0.0000, loss: 0.7942
2026-09-23 18:51:27,590 - mmdet - INFO - Epoch [12][2350/6976]	lr: 1.000e-03, eta: 6:21:36, time: 0.176, data_time: 0.009, memory: 13424, loss_cls: 0.4326, loss_bbox: 0.3833, loss_kps: 0.0000, loss: 0.8159
2026-09-23 18:51:36,307 - mmdet - INFO - Epoch [12][2400/6976]	lr: 1.000e-03, eta: 6:21:27, time: 0.174, data_time: 0.009, memory: 13424, loss_cls: 0.3839, loss_bbox: 0.3599, loss_kps: 0.0000, loss: 0.7438
2026-09-23 18:51:45,036 - mmdet - INFO - Epoch [12][2450/6976]	lr: 1.000e-03, eta: 6:21:18, time: 0.174, data_time: 0.009, memory: 13424, loss_cls: 0.4029, loss_bbox: 0.3742, loss_kps: 0.0000, loss: 0.7772
2026-09-23 18:51:54,134 - mmdet - INFO - Epoch [12][2500/6976]	lr: 1.000e-03, eta: 6:21:10, time: 0.182, data_time: 0.009, memory: 13424, loss_cls: 0.4275, loss_bbox: 0.3747, loss_kps: 0.0000, loss: 0.8022
2026-09-23 18:52:02,824 - mmdet - INFO - Epoch [12][2550/6976]	lr: 1.000e-03, eta: 6:21:01, time: 0.174, data_time: 0.009, memory: 13424, loss_cls: 0.4189, loss_bbox: 0.3837, loss_kps: 0.0000, loss: 0.8027
2026-09-23 18:52:11,552 - mmdet - INFO - Epoch [12][2600/6976]	lr: 1.000e-03, eta: 6:20:52, time: 0.175, data_time: 0.010, memory: 13424, loss_cls: 0.4267, loss_bbox: 0.3968, loss_kps: 0.0000, loss: 0.8235
2026-09-23 18:52:20,335 - mmdet - INFO - Epoch [12][2650/6976]	lr: 1.000e-03, eta: 6:20:43, time: 0.176, data_time: 0.010, memory: 13424, loss_cls: 0.4288, loss_bbox: 0.3864, loss_kps: 0.0000, loss: 0.8152
2026-09-23 18:52:29,092 - mmdet - INFO - Epoch [12][2700/6976]	lr: 1.000e-03, eta: 6:20:34, time: 0.175, data_time: 0.010, memory: 13424, loss_cls: 0.4038, loss_bbox: 0.3654, loss_kps: 0.0000, loss: 0.7692
2026-09-23 18:52:37,811 - mmdet - INFO - Epoch [12][2750/6976]	lr: 1.000e-03, eta: 6:20:25, time: 0.174, data_time: 0.010, memory: 13424, loss_cls: 0.3939, loss_bbox: 0.3766, loss_kps: 0.0000, loss: 0.7705
2026-09-23 18:52:46,556 - mmdet - INFO - Epoch [12][2800/6976]	lr: 1.000e-03, eta: 6:20:16, time: 0.175, data_time: 0.009, memory: 13424, loss_cls: 0.4244, loss_bbox: 0.3766, loss_kps: 0.0000, loss: 0.8011
2026-09-23 18:52:55,297 - mmdet - INFO - Epoch [12][2850/6976]	lr: 1.000e-03, eta: 6:20:08, time: 0.175, data_time: 0.010, memory: 13424, loss_cls: 0.3951, loss_bbox: 0.3712, loss_kps: 0.0000, loss: 0.7663
2026-09-23 18:53:04,068 - mmdet - INFO - Epoch [12][2900/6976]	lr: 1.000e-03, eta: 6:19:59, time: 0.175, data_time: 0.010, memory: 13424, loss_cls: 0.4221, loss_bbox: 0.3723, loss_kps: 0.0000, loss: 0.7944
2026-09-23 18:53:12,813 - mmdet - INFO - Epoch [12][2950/6976]	lr: 1.000e-03, eta: 6:19:50, time: 0.175, data_time: 0.010, memory: 13424, loss_cls: 0.3956, loss_bbox: 0.3565, loss_kps: 0.0000, loss: 0.7521
2026-09-23 18:53:21,566 - mmdet - INFO - Epoch [12][3000/6976]	lr: 1.000e-03, eta: 6:19:41, time: 0.175, data_time: 0.010, memory: 13424, loss_cls: 0.4039, loss_bbox: 0.3768, loss_kps: 0.0000, loss: 0.7807
2026-09-23 18:53:30,297 - mmdet - INFO - Epoch [12][3050/6976]	lr: 1.000e-03, eta: 6:19:32, time: 0.174, data_time: 0.009, memory: 13424, loss_cls: 0.3920, loss_bbox: 0.3578, loss_kps: 0.0000, loss: 0.7497
2026-09-23 18:53:39,083 - mmdet - INFO - Epoch [12][3100/6976]	lr: 1.000e-03, eta: 6:19:23, time: 0.176, data_time: 0.010, memory: 13424, loss_cls: 0.3903, loss_bbox: 0.3743, loss_kps: 0.0000, loss: 0.7647
2026-09-23 18:53:47,866 - mmdet - INFO - Epoch [12][3150/6976]	lr: 1.000e-03, eta: 6:19:14, time: 0.176, data_time: 0.010, memory: 13424, loss_cls: 0.3959, loss_bbox: 0.3681, loss_kps: 0.0000, loss: 0.7640
2026-09-23 18:53:56,956 - mmdet - INFO - Epoch [12][3200/6976]	lr: 1.000e-03, eta: 6:19:06, time: 0.182, data_time: 0.010, memory: 13424, loss_cls: 0.4235, loss_bbox: 0.3739, loss_kps: 0.0000, loss: 0.7974
2026-09-23 18:54:05,698 - mmdet - INFO - Epoch [12][3250/6976]	lr: 1.000e-03, eta: 6:18:57, time: 0.175, data_time: 0.010, memory: 13424, loss_cls: 0.4227, loss_bbox: 0.3842, loss_kps: 0.0000, loss: 0.8069
2026-09-23 18:54:14,475 - mmdet - INFO - Epoch [12][3300/6976]	lr: 1.000e-03, eta: 6:18:48, time: 0.176, data_time: 0.010, memory: 13424, loss_cls: 0.3744, loss_bbox: 0.3536, loss_kps: 0.0000, loss: 0.7280
2026-09-23 18:54:23,236 - mmdet - INFO - Epoch [12][3350/6976]	lr: 1.000e-03, eta: 6:18:40, time: 0.175, data_time: 0.010, memory: 13424, loss_cls: 0.4209, loss_bbox: 0.3753, loss_kps: 0.0000, loss: 0.7962
2026-09-23 18:54:32,006 - mmdet - INFO - Epoch [12][3400/6976]	lr: 1.000e-03, eta: 6:18:31, time: 0.175, data_time: 0.010, memory: 13424, loss_cls: 0.3919, loss_bbox: 0.3724, loss_kps: 0.0000, loss: 0.7643
2026-09-23 18:54:40,755 - mmdet - INFO - Epoch [12][3450/6976]	lr: 1.000e-03, eta: 6:18:22, time: 0.175, data_time: 0.010, memory: 13424, loss_cls: 0.3828, loss_bbox: 0.3693, loss_kps: 0.0000, loss: 0.7521
2026-09-23 18:54:49,567 - mmdet - INFO - Epoch [12][3500/6976]	lr: 1.000e-03, eta: 6:18:13, time: 0.176, data_time: 0.010, memory: 13424, loss_cls: 0.4042, loss_bbox: 0.3833, loss_kps: 0.0000, loss: 0.7874
2026-09-23 18:54:58,574 - mmdet - INFO - Epoch [12][3550/6976]	lr: 1.000e-03, eta: 6:18:05, time: 0.180, data_time: 0.009, memory: 13424, loss_cls: 0.4047, loss_bbox: 0.3706, loss_kps: 0.0000, loss: 0.7753
2026-09-23 18:55:07,418 - mmdet - INFO - Epoch [12][3600/6976]	lr: 1.000e-03, eta: 6:17:56, time: 0.177, data_time: 0.009, memory: 13424, loss_cls: 0.3993, loss_bbox: 0.3792, loss_kps: 0.0000, loss: 0.7785
2026-09-23 18:55:16,220 - mmdet - INFO - Epoch [12][3650/6976]	lr: 1.000e-03, eta: 6:17:47, time: 0.176, data_time: 0.010, memory: 13424, loss_cls: 0.3969, loss_bbox: 0.3683, loss_kps: 0.0000, loss: 0.7651
2026-09-23 18:55:24,971 - mmdet - INFO - Epoch [12][3700/6976]	lr: 1.000e-03, eta: 6:17:38, time: 0.175, data_time: 0.010, memory: 13424, loss_cls: 0.4128, loss_bbox: 0.3705, loss_kps: 0.0000, loss: 0.7834
2026-09-23 18:55:33,811 - mmdet - INFO - Epoch [12][3750/6976]	lr: 1.000e-03, eta: 6:17:30, time: 0.177, data_time: 0.010, memory: 13424, loss_cls: 0.4165, loss_bbox: 0.3742, loss_kps: 0.0000, loss: 0.7907
2026-09-23 18:55:42,581 - mmdet - INFO - Epoch [12][3800/6976]	lr: 1.000e-03, eta: 6:17:21, time: 0.175, data_time: 0.010, memory: 13424, loss_cls: 0.3779, loss_bbox: 0.3590, loss_kps: 0.0000, loss: 0.7369
2026-09-23 18:55:51,302 - mmdet - INFO - Epoch [12][3850/6976]	lr: 1.000e-03, eta: 6:17:12, time: 0.174, data_time: 0.010, memory: 13424, loss_cls: 0.4017, loss_bbox: 0.3716, loss_kps: 0.0000, loss: 0.7734
2026-09-23 18:56:00,091 - mmdet - INFO - Epoch [12][3900/6976]	lr: 1.000e-03, eta: 6:17:03, time: 0.176, data_time: 0.010, memory: 13424, loss_cls: 0.3944, loss_bbox: 0.3710, loss_kps: 0.0000, loss: 0.7654
2026-09-23 18:56:08,813 - mmdet - INFO - Epoch [12][3950/6976]	lr: 1.000e-03, eta: 6:16:54, time: 0.175, data_time: 0.010, memory: 13424, loss_cls: 0.4221, loss_bbox: 0.3762, loss_kps: 0.0000, loss: 0.7983
2026-09-23 18:56:17,630 - mmdet - INFO - Epoch [12][4000/6976]	lr: 1.000e-03, eta: 6:16:45, time: 0.176, data_time: 0.010, memory: 13424, loss_cls: 0.4018, loss_bbox: 0.3747, loss_kps: 0.0000, loss: 0.7764
2026-09-23 18:56:26,483 - mmdet - INFO - Epoch [12][4050/6976]	lr: 1.000e-03, eta: 6:16:37, time: 0.177, data_time: 0.010, memory: 13424, loss_cls: 0.3972, loss_bbox: 0.3695, loss_kps: 0.0000, loss: 0.7667
2026-09-23 18:56:35,128 - mmdet - INFO - Epoch [12][4100/6976]	lr: 1.000e-03, eta: 6:16:28, time: 0.173, data_time: 0.010, memory: 13424, loss_cls: 0.4082, loss_bbox: 0.3774, loss_kps: 0.0000, loss: 0.7857
2026-09-23 18:56:43,897 - mmdet - INFO - Epoch [12][4150/6976]	lr: 1.000e-03, eta: 6:16:19, time: 0.175, data_time: 0.010, memory: 13424, loss_cls: 0.4069, loss_bbox: 0.3794, loss_kps: 0.0000, loss: 0.7863
2026-09-23 18:56:52,833 - mmdet - INFO - Epoch [12][4200/6976]	lr: 1.000e-03, eta: 6:16:10, time: 0.179, data_time: 0.010, memory: 13424, loss_cls: 0.3991, loss_bbox: 0.3684, loss_kps: 0.0000, loss: 0.7675
2026-09-23 18:57:01,577 - mmdet - INFO - Epoch [12][4250/6976]	lr: 1.000e-03, eta: 6:16:01, time: 0.175, data_time: 0.010, memory: 13424, loss_cls: 0.4153, loss_bbox: 0.3818, loss_kps: 0.0000, loss: 0.7971
2026-09-23 18:57:10,342 - mmdet - INFO - Epoch [12][4300/6976]	lr: 1.000e-03, eta: 6:15:53, time: 0.175, data_time: 0.010, memory: 13424, loss_cls: 0.4155, loss_bbox: 0.3744, loss_kps: 0.0000, loss: 0.7899
2026-09-23 18:57:19,123 - mmdet - INFO - Epoch [12][4350/6976]	lr: 1.000e-03, eta: 6:15:44, time: 0.176, data_time: 0.010, memory: 13424, loss_cls: 0.3794, loss_bbox: 0.3541, loss_kps: 0.0000, loss: 0.7334
2026-09-23 18:57:27,842 - mmdet - INFO - Epoch [12][4400/6976]	lr: 1.000e-03, eta: 6:15:35, time: 0.174, data_time: 0.010, memory: 13424, loss_cls: 0.3745, loss_bbox: 0.3571, loss_kps: 0.0000, loss: 0.7317
2026-09-23 18:57:36,629 - mmdet - INFO - Epoch [12][4450/6976]	lr: 1.000e-03, eta: 6:15:26, time: 0.176, data_time: 0.010, memory: 13424, loss_cls: 0.3942, loss_bbox: 0.3755, loss_kps: 0.0000, loss: 0.7697
2026-09-23 18:57:45,406 - mmdet - INFO - Epoch [12][4500/6976]	lr: 1.000e-03, eta: 6:15:17, time: 0.176, data_time: 0.010, memory: 13424, loss_cls: 0.4122, loss_bbox: 0.3830, loss_kps: 0.0000, loss: 0.7952
2026-09-23 18:57:54,170 - mmdet - INFO - Epoch [12][4550/6976]	lr: 1.000e-03, eta: 6:15:08, time: 0.175, data_time: 0.009, memory: 13424, loss_cls: 0.4472, loss_bbox: 0.3884, loss_kps: 0.0000, loss: 0.8356
2026-09-23 18:58:02,909 - mmdet - INFO - Epoch [12][4600/6976]	lr: 1.000e-03, eta: 6:15:00, time: 0.175, data_time: 0.010, memory: 13424, loss_cls: 0.3766, loss_bbox: 0.3586, loss_kps: 0.0000, loss: 0.7353
2026-09-23 18:58:11,776 - mmdet - INFO - Epoch [12][4650/6976]	lr: 1.000e-03, eta: 6:14:51, time: 0.177, data_time: 0.010, memory: 13424, loss_cls: 0.4273, loss_bbox: 0.3883, loss_kps: 0.0000, loss: 0.8156
2026-09-23 18:58:20,524 - mmdet - INFO - Epoch [12][4700/6976]	lr: 1.000e-03, eta: 6:14:42, time: 0.175, data_time: 0.010, memory: 13424, loss_cls: 0.4014, loss_bbox: 0.3655, loss_kps: 0.0000, loss: 0.7670
2026-09-23 18:58:29,295 - mmdet - INFO - Epoch [12][4750/6976]	lr: 1.000e-03, eta: 6:14:33, time: 0.175, data_time: 0.010, memory: 13424, loss_cls: 0.4129, loss_bbox: 0.3892, loss_kps: 0.0000, loss: 0.8021
2026-09-23 18:58:38,049 - mmdet - INFO - Epoch [12][4800/6976]	lr: 1.000e-03, eta: 6:14:24, time: 0.175, data_time: 0.010, memory: 13424, loss_cls: 0.4057, loss_bbox: 0.3864, loss_kps: 0.0000, loss: 0.7921
2026-09-23 18:58:46,723 - mmdet - INFO - Epoch [12][4850/6976]	lr: 1.000e-03, eta: 6:14:15, time: 0.173, data_time: 0.010, memory: 13424, loss_cls: 0.3845, loss_bbox: 0.3835, loss_kps: 0.0000, loss: 0.7681
2026-09-23 18:58:55,398 - mmdet - INFO - Epoch [12][4900/6976]	lr: 1.000e-03, eta: 6:14:06, time: 0.174, data_time: 0.010, memory: 13424, loss_cls: 0.3903, loss_bbox: 0.3644, loss_kps: 0.0000, loss: 0.7546
2026-09-23 18:59:04,120 - mmdet - INFO - Epoch [12][4950/6976]	lr: 1.000e-03, eta: 6:13:57, time: 0.175, data_time: 0.010, memory: 13424, loss_cls: 0.4167, loss_bbox: 0.3601, loss_kps: 0.0000, loss: 0.7769
2026-09-23 18:59:12,839 - mmdet - INFO - Epoch [12][5000/6976]	lr: 1.000e-03, eta: 6:13:49, time: 0.174, data_time: 0.010, memory: 13424, loss_cls: 0.3967, loss_bbox: 0.3727, loss_kps: 0.0000, loss: 0.7695
2026-09-23 18:59:21,602 - mmdet - INFO - Epoch [12][5050/6976]	lr: 1.000e-03, eta: 6:13:40, time: 0.175, data_time: 0.010, memory: 13424, loss_cls: 0.3917, loss_bbox: 0.3545, loss_kps: 0.0000, loss: 0.7462
2026-09-23 18:59:30,379 - mmdet - INFO - Epoch [12][5100/6976]	lr: 1.000e-03, eta: 6:13:31, time: 0.176, data_time: 0.010, memory: 13424, loss_cls: 0.4203, loss_bbox: 0.3687, loss_kps: 0.0000, loss: 0.7891
2026-09-23 18:59:39,074 - mmdet - INFO - Epoch [12][5150/6976]	lr: 1.000e-03, eta: 6:13:22, time: 0.174, data_time: 0.010, memory: 13424, loss_cls: 0.4228, loss_bbox: 0.3689, loss_kps: 0.0000, loss: 0.7916
2026-09-23 18:59:47,780 - mmdet - INFO - Epoch [12][5200/6976]	lr: 1.000e-03, eta: 6:13:13, time: 0.174, data_time: 0.010, memory: 13424, loss_cls: 0.4113, loss_bbox: 0.3677, loss_kps: 0.0000, loss: 0.7790
2026-09-23 18:59:56,437 - mmdet - INFO - Epoch [12][5250/6976]	lr: 1.000e-03, eta: 6:13:04, time: 0.173, data_time: 0.010, memory: 13424, loss_cls: 0.4021, loss_bbox: 0.3789, loss_kps: 0.0000, loss: 0.7809
2026-09-23 19:00:05,142 - mmdet - INFO - Epoch [12][5300/6976]	lr: 1.000e-03, eta: 6:12:55, time: 0.174, data_time: 0.009, memory: 13424, loss_cls: 0.4144, loss_bbox: 0.3615, loss_kps: 0.0000, loss: 0.7759
2026-09-23 19:00:13,977 - mmdet - INFO - Epoch [12][5350/6976]	lr: 1.000e-03, eta: 6:12:46, time: 0.177, data_time: 0.010, memory: 13424, loss_cls: 0.4024, loss_bbox: 0.3812, loss_kps: 0.0000, loss: 0.7836
2026-09-23 19:00:22,741 - mmdet - INFO - Epoch [12][5400/6976]	lr: 1.000e-03, eta: 6:12:37, time: 0.175, data_time: 0.010, memory: 13424, loss_cls: 0.4327, loss_bbox: 0.3908, loss_kps: 0.0000, loss: 0.8235
2026-09-23 19:00:31,476 - mmdet - INFO - Epoch [12][5450/6976]	lr: 1.000e-03, eta: 6:12:29, time: 0.175, data_time: 0.010, memory: 13424, loss_cls: 0.4236, loss_bbox: 0.3758, loss_kps: 0.0000, loss: 0.7995
2026-09-23 19:00:40,257 - mmdet - INFO - Epoch [12][5500/6976]	lr: 1.000e-03, eta: 6:12:20, time: 0.176, data_time: 0.010, memory: 13424, loss_cls: 0.3804, loss_bbox: 0.3620, loss_kps: 0.0000, loss: 0.7424
2026-09-23 19:00:48,974 - mmdet - INFO - Epoch [12][5550/6976]	lr: 1.000e-03, eta: 6:12:11, time: 0.174, data_time: 0.010, memory: 13424, loss_cls: 0.4174, loss_bbox: 0.3885, loss_kps: 0.0000, loss: 0.8059
2026-09-23 19:00:57,744 - mmdet - INFO - Epoch [12][5600/6976]	lr: 1.000e-03, eta: 6:12:02, time: 0.175, data_time: 0.010, memory: 13424, loss_cls: 0.4189, loss_bbox: 0.3857, loss_kps: 0.0000, loss: 0.8046
2026-09-23 19:01:06,826 - mmdet - INFO - Epoch [12][5650/6976]	lr: 1.000e-03, eta: 6:11:54, time: 0.182, data_time: 0.009, memory: 13424, loss_cls: 0.4052, loss_bbox: 0.3725, loss_kps: 0.0000, loss: 0.7778
2026-09-23 19:01:15,623 - mmdet - INFO - Epoch [12][5700/6976]	lr: 1.000e-03, eta: 6:11:45, time: 0.176, data_time: 0.010, memory: 13424, loss_cls: 0.4045, loss_bbox: 0.3532, loss_kps: 0.0000, loss: 0.7578
2026-09-23 19:01:24,732 - mmdet - INFO - Epoch [12][5750/6976]	lr: 1.000e-03, eta: 6:11:37, time: 0.182, data_time: 0.010, memory: 13424, loss_cls: 0.4076, loss_bbox: 0.3809, loss_kps: 0.0000, loss: 0.7885
2026-09-23 19:01:33,435 - mmdet - INFO - Epoch [12][5800/6976]	lr: 1.000e-03, eta: 6:11:28, time: 0.174, data_time: 0.010, memory: 13424, loss_cls: 0.4097, loss_bbox: 0.3819, loss_kps: 0.0000, loss: 0.7916
2026-09-23 19:01:42,201 - mmdet - INFO - Epoch [12][5850/6976]	lr: 1.000e-03, eta: 6:11:19, time: 0.175, data_time: 0.010, memory: 13424, loss_cls: 0.4119, loss_bbox: 0.3789, loss_kps: 0.0000, loss: 0.7909
2026-09-23 19:01:50,972 - mmdet - INFO - Epoch [12][5900/6976]	lr: 1.000e-03, eta: 6:11:10, time: 0.175, data_time: 0.010, memory: 13424, loss_cls: 0.4031, loss_bbox: 0.3752, loss_kps: 0.0000, loss: 0.7783
2026-09-23 19:01:59,728 - mmdet - INFO - Epoch [12][5950/6976]	lr: 1.000e-03, eta: 6:11:01, time: 0.175, data_time: 0.010, memory: 13424, loss_cls: 0.3932, loss_bbox: 0.3695, loss_kps: 0.0000, loss: 0.7627
2026-09-23 19:02:08,390 - mmdet - INFO - Epoch [12][6000/6976]	lr: 1.000e-03, eta: 6:10:52, time: 0.173, data_time: 0.010, memory: 13424, loss_cls: 0.4078, loss_bbox: 0.3473, loss_kps: 0.0000, loss: 0.7551
2026-09-23 19:02:17,213 - mmdet - INFO - Epoch [12][6050/6976]	lr: 1.000e-03, eta: 6:10:43, time: 0.177, data_time: 0.010, memory: 13424, loss_cls: 0.4141, loss_bbox: 0.3624, loss_kps: 0.0000, loss: 0.7766
2026-09-23 19:02:26,033 - mmdet - INFO - Epoch [12][6100/6976]	lr: 1.000e-03, eta: 6:10:35, time: 0.176, data_time: 0.010, memory: 13424, loss_cls: 0.4027, loss_bbox: 0.3662, loss_kps: 0.0000, loss: 0.7688
2026-09-23 19:02:34,757 - mmdet - INFO - Epoch [12][6150/6976]	lr: 1.000e-03, eta: 6:10:26, time: 0.174, data_time: 0.010, memory: 13424, loss_cls: 0.4021, loss_bbox: 0.3746, loss_kps: 0.0000, loss: 0.7767
2026-09-23 19:02:43,422 - mmdet - INFO - Epoch [12][6200/6976]	lr: 1.000e-03, eta: 6:10:17, time: 0.173, data_time: 0.010, memory: 13424, loss_cls: 0.4183, loss_bbox: 0.3781, loss_kps: 0.0000, loss: 0.7965
2026-09-23 19:02:52,118 - mmdet - INFO - Epoch [12][6250/6976]	lr: 1.000e-03, eta: 6:10:08, time: 0.174, data_time: 0.010, memory: 13424, loss_cls: 0.3969, loss_bbox: 0.3707, loss_kps: 0.0000, loss: 0.7676
2026-09-23 19:03:00,849 - mmdet - INFO - Epoch [12][6300/6976]	lr: 1.000e-03, eta: 6:09:59, time: 0.175, data_time: 0.010, memory: 13424, loss_cls: 0.4153, loss_bbox: 0.3764, loss_kps: 0.0000, loss: 0.7917
2026-09-23 19:03:09,615 - mmdet - INFO - Epoch [12][6350/6976]	lr: 1.000e-03, eta: 6:09:50, time: 0.175, data_time: 0.010, memory: 13424, loss_cls: 0.4124, loss_bbox: 0.3729, loss_kps: 0.0000, loss: 0.7853
2026-09-23 19:03:18,324 - mmdet - INFO - Epoch [12][6400/6976]	lr: 1.000e-03, eta: 6:09:41, time: 0.174, data_time: 0.010, memory: 13424, loss_cls: 0.4023, loss_bbox: 0.3772, loss_kps: 0.0000, loss: 0.7795
2026-09-23 19:03:27,026 - mmdet - INFO - Epoch [12][6450/6976]	lr: 1.000e-03, eta: 6:09:32, time: 0.174, data_time: 0.010, memory: 13424, loss_cls: 0.4285, loss_bbox: 0.3876, loss_kps: 0.0000, loss: 0.8161
2026-09-23 19:03:35,781 - mmdet - INFO - Epoch [12][6500/6976]	lr: 1.000e-03, eta: 6:09:23, time: 0.175, data_time: 0.010, memory: 13424, loss_cls: 0.4003, loss_bbox: 0.3665, loss_kps: 0.0000, loss: 0.7668
2026-09-23 19:03:44,853 - mmdet - INFO - Epoch [12][6550/6976]	lr: 1.000e-03, eta: 6:09:15, time: 0.181, data_time: 0.010, memory: 13424, loss_cls: 0.3795, loss_bbox: 0.3723, loss_kps: 0.0000, loss: 0.7518
2026-09-23 19:03:53,564 - mmdet - INFO - Epoch [12][6600/6976]	lr: 1.000e-03, eta: 6:09:06, time: 0.174, data_time: 0.010, memory: 13424, loss_cls: 0.3906, loss_bbox: 0.3648, loss_kps: 0.0000, loss: 0.7554
2026-09-23 19:04:02,322 - mmdet - INFO - Epoch [12][6650/6976]	lr: 1.000e-03, eta: 6:08:57, time: 0.175, data_time: 0.010, memory: 13424, loss_cls: 0.3868, loss_bbox: 0.3791, loss_kps: 0.0000, loss: 0.7659
2026-09-23 19:04:11,041 - mmdet - INFO - Epoch [12][6700/6976]	lr: 1.000e-03, eta: 6:08:48, time: 0.174, data_time: 0.010, memory: 13424, loss_cls: 0.3922, loss_bbox: 0.3535, loss_kps: 0.0000, loss: 0.7457
2026-09-23 19:04:19,782 - mmdet - INFO - Epoch [12][6750/6976]	lr: 1.000e-03, eta: 6:08:40, time: 0.175, data_time: 0.010, memory: 13424, loss_cls: 0.3941, loss_bbox: 0.3741, loss_kps: 0.0000, loss: 0.7682
2026-09-23 19:04:28,529 - mmdet - INFO - Epoch [12][6800/6976]	lr: 1.000e-03, eta: 6:08:31, time: 0.175, data_time: 0.010, memory: 13424, loss_cls: 0.3920, loss_bbox: 0.3781, loss_kps: 0.0000, loss: 0.7701
2026-09-23 19:04:37,293 - mmdet - INFO - Epoch [12][6850/6976]	lr: 1.000e-03, eta: 6:08:22, time: 0.175, data_time: 0.010, memory: 13424, loss_cls: 0.4138, loss_bbox: 0.3973, loss_kps: 0.0000, loss: 0.8111
2026-09-23 19:04:46,004 - mmdet - INFO - Epoch [12][6900/6976]	lr: 1.000e-03, eta: 6:08:13, time: 0.174, data_time: 0.010, memory: 13424, loss_cls: 0.3876, loss_bbox: 0.3670, loss_kps: 0.0000, loss: 0.7547
2026-09-23 19:04:54,765 - mmdet - INFO - Epoch [12][6950/6976]	lr: 1.000e-03, eta: 6:08:04, time: 0.175, data_time: 0.010, memory: 13424, loss_cls: 0.3790, loss_bbox: 0.3591, loss_kps: 0.0000, loss: 0.7381
2026-09-23 19:04:59,370 - mmdet - INFO - Saving checkpoint at 12 epochs
2026-09-23 19:05:13,331 - mmdet - INFO - Epoch [13][50/6976]	lr: 1.000e-03, eta: 6:07:51, time: 0.274, data_time: 0.099, memory: 13424, loss_cls: 0.4065, loss_bbox: 0.3826, loss_kps: 0.0000, loss: 0.7891
2026-09-23 19:05:22,033 - mmdet - INFO - Epoch [13][100/6976]	lr: 1.000e-03, eta: 6:07:42, time: 0.174, data_time: 0.009, memory: 13424, loss_cls: 0.4241, loss_bbox: 0.3804, loss_kps: 0.0000, loss: 0.8045
2026-09-23 19:05:30,867 - mmdet - INFO - Epoch [13][150/6976]	lr: 1.000e-03, eta: 6:07:34, time: 0.177, data_time: 0.010, memory: 13424, loss_cls: 0.3836, loss_bbox: 0.3602, loss_kps: 0.0000, loss: 0.7438
2026-09-23 19:05:39,561 - mmdet - INFO - Epoch [13][200/6976]	lr: 1.000e-03, eta: 6:07:25, time: 0.174, data_time: 0.009, memory: 13424, loss_cls: 0.4065, loss_bbox: 0.3792, loss_kps: 0.0000, loss: 0.7857
2026-09-23 19:05:48,324 - mmdet - INFO - Epoch [13][250/6976]	lr: 1.000e-03, eta: 6:07:16, time: 0.175, data_time: 0.009, memory: 13424, loss_cls: 0.4200, loss_bbox: 0.3806, loss_kps: 0.0000, loss: 0.8006
2026-09-23 19:05:57,510 - mmdet - INFO - Epoch [13][300/6976]	lr: 1.000e-03, eta: 6:07:08, time: 0.184, data_time: 0.010, memory: 13424, loss_cls: 0.3976, loss_bbox: 0.3736, loss_kps: 0.0000, loss: 0.7712
2026-09-23 19:06:06,191 - mmdet - INFO - Epoch [13][350/6976]	lr: 1.000e-03, eta: 6:06:59, time: 0.174, data_time: 0.009, memory: 13424, loss_cls: 0.4146, loss_bbox: 0.3769, loss_kps: 0.0000, loss: 0.7915
2026-09-23 19:06:14,849 - mmdet - INFO - Epoch [13][400/6976]	lr: 1.000e-03, eta: 6:06:50, time: 0.173, data_time: 0.010, memory: 13424, loss_cls: 0.3959, loss_bbox: 0.3628, loss_kps: 0.0000, loss: 0.7587
2026-09-23 19:06:23,683 - mmdet - INFO - Epoch [13][450/6976]	lr: 1.000e-03, eta: 6:06:41, time: 0.177, data_time: 0.009, memory: 13424, loss_cls: 0.4155, loss_bbox: 0.3638, loss_kps: 0.0000, loss: 0.7793
2026-09-23 19:06:32,480 - mmdet - INFO - Epoch [13][500/6976]	lr: 1.000e-03, eta: 6:06:32, time: 0.176, data_time: 0.009, memory: 13424, loss_cls: 0.4087, loss_bbox: 0.3725, loss_kps: 0.0000, loss: 0.7812
2026-09-23 19:06:41,216 - mmdet - INFO - Epoch [13][550/6976]	lr: 1.000e-03, eta: 6:06:23, time: 0.175, data_time: 0.009, memory: 13424, loss_cls: 0.3910, loss_bbox: 0.3674, loss_kps: 0.0000, loss: 0.7584
2026-09-23 19:06:49,983 - mmdet - INFO - Epoch [13][600/6976]	lr: 1.000e-03, eta: 6:06:14, time: 0.175, data_time: 0.009, memory: 13424, loss_cls: 0.4113, loss_bbox: 0.3885, loss_kps: 0.0000, loss: 0.7997
2026-09-23 19:06:58,695 - mmdet - INFO - Epoch [13][650/6976]	lr: 1.000e-03, eta: 6:06:06, time: 0.174, data_time: 0.009, memory: 13424, loss_cls: 0.3989, loss_bbox: 0.3710, loss_kps: 0.0000, loss: 0.7698
2026-09-23 19:07:07,407 - mmdet - INFO - Epoch [13][700/6976]	lr: 1.000e-03, eta: 6:05:57, time: 0.174, data_time: 0.009, memory: 13424, loss_cls: 0.4000, loss_bbox: 0.3746, loss_kps: 0.0000, loss: 0.7746
2026-09-23 19:07:16,166 - mmdet - INFO - Epoch [13][750/6976]	lr: 1.000e-03, eta: 6:05:48, time: 0.175, data_time: 0.009, memory: 13424, loss_cls: 0.4104, loss_bbox: 0.3794, loss_kps: 0.0000, loss: 0.7898
2026-09-23 19:07:24,896 - mmdet - INFO - Epoch [13][800/6976]	lr: 1.000e-03, eta: 6:05:39, time: 0.175, data_time: 0.010, memory: 13424, loss_cls: 0.3944, loss_bbox: 0.3699, loss_kps: 0.0000, loss: 0.7643
2026-09-23 19:07:33,618 - mmdet - INFO - Epoch [13][850/6976]	lr: 1.000e-03, eta: 6:05:30, time: 0.174, data_time: 0.009, memory: 13424, loss_cls: 0.3817, loss_bbox: 0.3667, loss_kps: 0.0000, loss: 0.7484
2026-09-23 19:07:42,297 - mmdet - INFO - Epoch [13][900/6976]	lr: 1.000e-03, eta: 6:05:21, time: 0.174, data_time: 0.009, memory: 13424, loss_cls: 0.4089, loss_bbox: 0.3803, loss_kps: 0.0000, loss: 0.7892
2026-09-23 19:07:51,101 - mmdet - INFO - Epoch [13][950/6976]	lr: 1.000e-03, eta: 6:05:12, time: 0.176, data_time: 0.010, memory: 13424, loss_cls: 0.4216, loss_bbox: 0.3799, loss_kps: 0.0000, loss: 0.8015
2026-09-23 19:07:59,836 - mmdet - INFO - Epoch [13][1000/6976]	lr: 1.000e-03, eta: 6:05:03, time: 0.175, data_time: 0.009, memory: 13424, loss_cls: 0.4039, loss_bbox: 0.3788, loss_kps: 0.0000, loss: 0.7827
2026-09-23 19:08:08,597 - mmdet - INFO - Epoch [13][1050/6976]	lr: 1.000e-03, eta: 6:04:55, time: 0.175, data_time: 0.010, memory: 13424, loss_cls: 0.4259, loss_bbox: 0.3786, loss_kps: 0.0000, loss: 0.8045
2026-09-23 19:08:17,429 - mmdet - INFO - Epoch [13][1100/6976]	lr: 1.000e-03, eta: 6:04:46, time: 0.177, data_time: 0.010, memory: 13424, loss_cls: 0.3911, loss_bbox: 0.3568, loss_kps: 0.0000, loss: 0.7479
2026-09-23 19:08:26,603 - mmdet - INFO - Epoch [13][1150/6976]	lr: 1.000e-03, eta: 6:04:38, time: 0.183, data_time: 0.009, memory: 13424, loss_cls: 0.4043, loss_bbox: 0.3923, loss_kps: 0.0000, loss: 0.7966
2026-09-23 19:08:35,401 - mmdet - INFO - Epoch [13][1200/6976]	lr: 1.000e-03, eta: 6:04:29, time: 0.176, data_time: 0.009, memory: 13424, loss_cls: 0.3953, loss_bbox: 0.3701, loss_kps: 0.0000, loss: 0.7654
2026-09-23 19:08:44,205 - mmdet - INFO - Epoch [13][1250/6976]	lr: 1.000e-03, eta: 6:04:20, time: 0.176, data_time: 0.009, memory: 13424, loss_cls: 0.3973, loss_bbox: 0.3715, loss_kps: 0.0000, loss: 0.7688
2026-09-23 19:08:52,945 - mmdet - INFO - Epoch [13][1300/6976]	lr: 1.000e-03, eta: 6:04:11, time: 0.175, data_time: 0.011, memory: 13424, loss_cls: 0.4170, loss_bbox: 0.3789, loss_kps: 0.0000, loss: 0.7959
2026-09-23 19:09:01,703 - mmdet - INFO - Epoch [13][1350/6976]	lr: 1.000e-03, eta: 6:04:02, time: 0.175, data_time: 0.009, memory: 13424, loss_cls: 0.3984, loss_bbox: 0.3730, loss_kps: 0.0000, loss: 0.7714
2026-09-23 19:09:10,497 - mmdet - INFO - Epoch [13][1400/6976]	lr: 1.000e-03, eta: 6:03:54, time: 0.176, data_time: 0.009, memory: 13424, loss_cls: 0.3908, loss_bbox: 0.3597, loss_kps: 0.0000, loss: 0.7505
2026-09-23 19:09:19,185 - mmdet - INFO - Epoch [13][1450/6976]	lr: 1.000e-03, eta: 6:03:45, time: 0.174, data_time: 0.009, memory: 13424, loss_cls: 0.4136, loss_bbox: 0.3846, loss_kps: 0.0000, loss: 0.7983
2026-09-23 19:09:28,246 - mmdet - INFO - Epoch [13][1500/6976]	lr: 1.000e-03, eta: 6:03:36, time: 0.181, data_time: 0.009, memory: 13424, loss_cls: 0.3829, loss_bbox: 0.3631, loss_kps: 0.0000, loss: 0.7460
2026-09-23 19:09:36,994 - mmdet - INFO - Epoch [13][1550/6976]	lr: 1.000e-03, eta: 6:03:27, time: 0.175, data_time: 0.010, memory: 13424, loss_cls: 0.3862, loss_bbox: 0.3593, loss_kps: 0.0000, loss: 0.7455
2026-09-23 19:09:45,581 - mmdet - INFO - Epoch [13][1600/6976]	lr: 1.000e-03, eta: 6:03:18, time: 0.172, data_time: 0.009, memory: 13424, loss_cls: 0.4282, loss_bbox: 0.3826, loss_kps: 0.0000, loss: 0.8108
2026-09-23 19:09:54,346 - mmdet - INFO - Epoch [13][1650/6976]	lr: 1.000e-03, eta: 6:03:09, time: 0.175, data_time: 0.010, memory: 13424, loss_cls: 0.4234, loss_bbox: 0.3816, loss_kps: 0.0000, loss: 0.8050
2026-09-23 19:10:03,104 - mmdet - INFO - Epoch [13][1700/6976]	lr: 1.000e-03, eta: 6:03:01, time: 0.175, data_time: 0.009, memory: 13424, loss_cls: 0.3911, loss_bbox: 0.3735, loss_kps: 0.0000, loss: 0.7646
2026-09-23 19:10:11,826 - mmdet - INFO - Epoch [13][1750/6976]	lr: 1.000e-03, eta: 6:02:52, time: 0.175, data_time: 0.009, memory: 13424, loss_cls: 0.4006, loss_bbox: 0.3712, loss_kps: 0.0000, loss: 0.7718
2026-09-23 19:10:20,586 - mmdet - INFO - Epoch [13][1800/6976]	lr: 1.000e-03, eta: 6:02:43, time: 0.175, data_time: 0.009, memory: 13424, loss_cls: 0.4115, loss_bbox: 0.3760, loss_kps: 0.0000, loss: 0.7875
2026-09-23 19:10:29,302 - mmdet - INFO - Epoch [13][1850/6976]	lr: 1.000e-03, eta: 6:02:34, time: 0.174, data_time: 0.009, memory: 13424, loss_cls: 0.4100, loss_bbox: 0.3753, loss_kps: 0.0000, loss: 0.7854
2026-09-23 19:10:37,964 - mmdet - INFO - Epoch [13][1900/6976]	lr: 1.000e-03, eta: 6:02:25, time: 0.173, data_time: 0.009, memory: 13424, loss_cls: 0.3988, loss_bbox: 0.3690, loss_kps: 0.0000, loss: 0.7677
2026-09-23 19:10:46,686 - mmdet - INFO - Epoch [13][1950/6976]	lr: 1.000e-03, eta: 6:02:16, time: 0.174, data_time: 0.009, memory: 13424, loss_cls: 0.3896, loss_bbox: 0.3665, loss_kps: 0.0000, loss: 0.7561
2026-09-23 19:10:55,399 - mmdet - INFO - Epoch [13][2000/6976]	lr: 1.000e-03, eta: 6:02:07, time: 0.174, data_time: 0.009, memory: 13424, loss_cls: 0.3989, loss_bbox: 0.3787, loss_kps: 0.0000, loss: 0.7775
2026-09-23 19:11:04,261 - mmdet - INFO - Epoch [13][2050/6976]	lr: 1.000e-03, eta: 6:01:58, time: 0.177, data_time: 0.010, memory: 13424, loss_cls: 0.4039, loss_bbox: 0.3762, loss_kps: 0.0000, loss: 0.7801
2026-09-23 19:11:13,401 - mmdet - INFO - Epoch [13][2100/6976]	lr: 1.000e-03, eta: 6:01:50, time: 0.183, data_time: 0.009, memory: 13424, loss_cls: 0.4075, loss_bbox: 0.3788, loss_kps: 0.0000, loss: 0.7863
2026-09-23 19:11:22,087 - mmdet - INFO - Epoch [13][2150/6976]	lr: 1.000e-03, eta: 6:01:41, time: 0.174, data_time: 0.009, memory: 13424, loss_cls: 0.4330, loss_bbox: 0.3861, loss_kps: 0.0000, loss: 0.8191
2026-09-23 19:11:30,806 - mmdet - INFO - Epoch [13][2200/6976]	lr: 1.000e-03, eta: 6:01:32, time: 0.174, data_time: 0.009, memory: 13424, loss_cls: 0.4043, loss_bbox: 0.3769, loss_kps: 0.0000, loss: 0.7812
2026-09-23 19:11:39,567 - mmdet - INFO - Epoch [13][2250/6976]	lr: 1.000e-03, eta: 6:01:23, time: 0.175, data_time: 0.009, memory: 13424, loss_cls: 0.3796, loss_bbox: 0.3596, loss_kps: 0.0000, loss: 0.7393
2026-09-23 19:11:48,231 - mmdet - INFO - Epoch [13][2300/6976]	lr: 1.000e-03, eta: 6:01:15, time: 0.173, data_time: 0.009, memory: 13424, loss_cls: 0.3933, loss_bbox: 0.3724, loss_kps: 0.0000, loss: 0.7657
2026-09-23 19:11:56,968 - mmdet - INFO - Epoch [13][2350/6976]	lr: 1.000e-03, eta: 6:01:06, time: 0.175, data_time: 0.009, memory: 13424, loss_cls: 0.4075, loss_bbox: 0.3792, loss_kps: 0.0000, loss: 0.7867
2026-09-23 19:12:05,707 - mmdet - INFO - Epoch [13][2400/6976]	lr: 1.000e-03, eta: 6:00:57, time: 0.175, data_time: 0.009, memory: 13424, loss_cls: 0.4089, loss_bbox: 0.3709, loss_kps: 0.0000, loss: 0.7798
2026-09-23 19:12:14,474 - mmdet - INFO - Epoch [13][2450/6976]	lr: 1.000e-03, eta: 6:00:48, time: 0.175, data_time: 0.010, memory: 13424, loss_cls: 0.4039, loss_bbox: 0.3877, loss_kps: 0.0000, loss: 0.7916
2026-09-23 19:12:23,237 - mmdet - INFO - Epoch [13][2500/6976]	lr: 1.000e-03, eta: 6:00:39, time: 0.175, data_time: 0.009, memory: 13424, loss_cls: 0.4100, loss_bbox: 0.3709, loss_kps: 0.0000, loss: 0.7809
2026-09-23 19:12:31,988 - mmdet - INFO - Epoch [13][2550/6976]	lr: 1.000e-03, eta: 6:00:30, time: 0.175, data_time: 0.010, memory: 13424, loss_cls: 0.3931, loss_bbox: 0.3706, loss_kps: 0.0000, loss: 0.7637
2026-09-23 19:12:40,728 - mmdet - INFO - Epoch [13][2600/6976]	lr: 1.000e-03, eta: 6:00:21, time: 0.175, data_time: 0.009, memory: 13424, loss_cls: 0.4053, loss_bbox: 0.3637, loss_kps: 0.0000, loss: 0.7690
2026-09-23 19:12:49,441 - mmdet - INFO - Epoch [13][2650/6976]	lr: 1.000e-03, eta: 6:00:12, time: 0.174, data_time: 0.009, memory: 13424, loss_cls: 0.3791, loss_bbox: 0.3443, loss_kps: 0.0000, loss: 0.7234
2026-09-23 19:12:58,174 - mmdet - INFO - Epoch [13][2700/6976]	lr: 1.000e-03, eta: 6:00:04, time: 0.175, data_time: 0.009, memory: 13424, loss_cls: 0.4180, loss_bbox: 0.3829, loss_kps: 0.0000, loss: 0.8008
2026-09-23 19:13:06,955 - mmdet - INFO - Epoch [13][2750/6976]	lr: 1.000e-03, eta: 5:59:55, time: 0.176, data_time: 0.009, memory: 13424, loss_cls: 0.4172, loss_bbox: 0.3778, loss_kps: 0.0000, loss: 0.7950
2026-09-23 19:13:15,750 - mmdet - INFO - Epoch [13][2800/6976]	lr: 1.000e-03, eta: 5:59:46, time: 0.176, data_time: 0.010, memory: 13424, loss_cls: 0.3899, loss_bbox: 0.3795, loss_kps: 0.0000, loss: 0.7694
2026-09-23 19:13:24,555 - mmdet - INFO - Epoch [13][2850/6976]	lr: 1.000e-03, eta: 5:59:37, time: 0.176, data_time: 0.009, memory: 13424, loss_cls: 0.4190, loss_bbox: 0.3717, loss_kps: 0.0000, loss: 0.7906
2026-09-23 19:13:33,272 - mmdet - INFO - Epoch [13][2900/6976]	lr: 1.000e-03, eta: 5:59:28, time: 0.174, data_time: 0.009, memory: 13424, loss_cls: 0.4315, loss_bbox: 0.3873, loss_kps: 0.0000, loss: 0.8189
2026-09-23 19:13:42,042 - mmdet - INFO - Epoch [13][2950/6976]	lr: 1.000e-03, eta: 5:59:20, time: 0.175, data_time: 0.009, memory: 13424, loss_cls: 0.4043, loss_bbox: 0.3723, loss_kps: 0.0000, loss: 0.7766
2026-09-23 19:13:50,762 - mmdet - INFO - Epoch [13][3000/6976]	lr: 1.000e-03, eta: 5:59:11, time: 0.174, data_time: 0.009, memory: 13424, loss_cls: 0.4169, loss_bbox: 0.3772, loss_kps: 0.0000, loss: 0.7941
2026-09-23 19:13:59,527 - mmdet - INFO - Epoch [13][3050/6976]	lr: 1.000e-03, eta: 5:59:02, time: 0.175, data_time: 0.009, memory: 13424, loss_cls: 0.3954, loss_bbox: 0.3701, loss_kps: 0.0000, loss: 0.7656
2026-09-23 19:14:08,282 - mmdet - INFO - Epoch [13][3100/6976]	lr: 1.000e-03, eta: 5:58:53, time: 0.175, data_time: 0.009, memory: 13424, loss_cls: 0.4187, loss_bbox: 0.3764, loss_kps: 0.0000, loss: 0.7951
2026-09-23 19:14:17,094 - mmdet - INFO - Epoch [13][3150/6976]	lr: 1.000e-03, eta: 5:58:44, time: 0.176, data_time: 0.009, memory: 13424, loss_cls: 0.4108, loss_bbox: 0.3633, loss_kps: 0.0000, loss: 0.7742
2026-09-23 19:14:26,136 - mmdet - INFO - Epoch [13][3200/6976]	lr: 1.000e-03, eta: 5:58:36, time: 0.181, data_time: 0.010, memory: 13424, loss_cls: 0.4201, loss_bbox: 0.3763, loss_kps: 0.0000, loss: 0.7964
2026-09-23 19:14:34,895 - mmdet - INFO - Epoch [13][3250/6976]	lr: 1.000e-03, eta: 5:58:27, time: 0.175, data_time: 0.009, memory: 13424, loss_cls: 0.4112, loss_bbox: 0.3701, loss_kps: 0.0000, loss: 0.7813
2026-09-23 19:14:43,742 - mmdet - INFO - Epoch [13][3300/6976]	lr: 1.000e-03, eta: 5:58:18, time: 0.177, data_time: 0.009, memory: 13424, loss_cls: 0.4078, loss_bbox: 0.3719, loss_kps: 0.0000, loss: 0.7797
2026-09-23 19:14:52,477 - mmdet - INFO - Epoch [13][3350/6976]	lr: 1.000e-03, eta: 5:58:09, time: 0.174, data_time: 0.009, memory: 13424, loss_cls: 0.4046, loss_bbox: 0.3692, loss_kps: 0.0000, loss: 0.7738
2026-09-23 19:15:01,281 - mmdet - INFO - Epoch [13][3400/6976]	lr: 1.000e-03, eta: 5:58:01, time: 0.176, data_time: 0.009, memory: 13424, loss_cls: 0.4049, loss_bbox: 0.3604, loss_kps: 0.0000, loss: 0.7653
2026-09-23 19:15:10,026 - mmdet - INFO - Epoch [13][3450/6976]	lr: 1.000e-03, eta: 5:57:52, time: 0.175, data_time: 0.009, memory: 13424, loss_cls: 0.4126, loss_bbox: 0.3841, loss_kps: 0.0000, loss: 0.7967
2026-09-23 19:15:18,750 - mmdet - INFO - Epoch [13][3500/6976]	lr: 1.000e-03, eta: 5:57:43, time: 0.175, data_time: 0.009, memory: 13424, loss_cls: 0.3939, loss_bbox: 0.3593, loss_kps: 0.0000, loss: 0.7532
2026-09-23 19:15:27,426 - mmdet - INFO - Epoch [13][3550/6976]	lr: 1.000e-03, eta: 5:57:34, time: 0.174, data_time: 0.010, memory: 13424, loss_cls: 0.4170, loss_bbox: 0.3707, loss_kps: 0.0000, loss: 0.7877
2026-09-23 19:15:36,209 - mmdet - INFO - Epoch [13][3600/6976]	lr: 1.000e-03, eta: 5:57:25, time: 0.176, data_time: 0.009, memory: 13424, loss_cls: 0.3954, loss_bbox: 0.3685, loss_kps: 0.0000, loss: 0.7638
2026-09-23 19:15:44,961 - mmdet - INFO - Epoch [13][3650/6976]	lr: 1.000e-03, eta: 5:57:16, time: 0.175, data_time: 0.009, memory: 13424, loss_cls: 0.3965, loss_bbox: 0.3744, loss_kps: 0.0000, loss: 0.7709
2026-09-23 19:15:53,695 - mmdet - INFO - Epoch [13][3700/6976]	lr: 1.000e-03, eta: 5:57:07, time: 0.175, data_time: 0.009, memory: 13424, loss_cls: 0.4360, loss_bbox: 0.3879, loss_kps: 0.0000, loss: 0.8239
2026-09-23 19:16:02,449 - mmdet - INFO - Epoch [13][3750/6976]	lr: 1.000e-03, eta: 5:56:58, time: 0.175, data_time: 0.009, memory: 13424, loss_cls: 0.3982, loss_bbox: 0.3525, loss_kps: 0.0000, loss: 0.7508
2026-09-23 19:16:11,268 - mmdet - INFO - Epoch [13][3800/6976]	lr: 1.000e-03, eta: 5:56:50, time: 0.177, data_time: 0.009, memory: 13424, loss_cls: 0.4062, loss_bbox: 0.3813, loss_kps: 0.0000, loss: 0.7875
2026-09-23 19:16:19,989 - mmdet - INFO - Epoch [13][3850/6976]	lr: 1.000e-03, eta: 5:56:41, time: 0.174, data_time: 0.009, memory: 13424, loss_cls: 0.4179, loss_bbox: 0.3667, loss_kps: 0.0000, loss: 0.7847
2026-09-23 19:16:28,723 - mmdet - INFO - Epoch [13][3900/6976]	lr: 1.000e-03, eta: 5:56:32, time: 0.175, data_time: 0.009, memory: 13424, loss_cls: 0.3942, loss_bbox: 0.3659, loss_kps: 0.0000, loss: 0.7601
2026-09-23 19:16:37,474 - mmdet - INFO - Epoch [13][3950/6976]	lr: 1.000e-03, eta: 5:56:23, time: 0.175, data_time: 0.010, memory: 13424, loss_cls: 0.4235, loss_bbox: 0.3795, loss_kps: 0.0000, loss: 0.8030
2026-09-23 19:16:46,176 - mmdet - INFO - Epoch [13][4000/6976]	lr: 1.000e-03, eta: 5:56:14, time: 0.174, data_time: 0.009, memory: 13424, loss_cls: 0.3852, loss_bbox: 0.3637, loss_kps: 0.0000, loss: 0.7489
2026-09-23 19:16:54,922 - mmdet - INFO - Epoch [13][4050/6976]	lr: 1.000e-03, eta: 5:56:05, time: 0.175, data_time: 0.009, memory: 13424, loss_cls: 0.4021, loss_bbox: 0.3622, loss_kps: 0.0000, loss: 0.7643
2026-09-23 19:17:03,759 - mmdet - INFO - Epoch [13][4100/6976]	lr: 1.000e-03, eta: 5:55:57, time: 0.177, data_time: 0.009, memory: 13424, loss_cls: 0.4155, loss_bbox: 0.3791, loss_kps: 0.0000, loss: 0.7946
2026-09-23 19:17:12,847 - mmdet - INFO - Epoch [13][4150/6976]	lr: 1.000e-03, eta: 5:55:48, time: 0.182, data_time: 0.009, memory: 13424, loss_cls: 0.3955, loss_bbox: 0.3818, loss_kps: 0.0000, loss: 0.7773
2026-09-23 19:17:21,576 - mmdet - INFO - Epoch [13][4200/6976]	lr: 1.000e-03, eta: 5:55:39, time: 0.175, data_time: 0.009, memory: 13424, loss_cls: 0.4069, loss_bbox: 0.3742, loss_kps: 0.0000, loss: 0.7810
2026-09-23 19:17:30,322 - mmdet - INFO - Epoch [13][4250/6976]	lr: 1.000e-03, eta: 5:55:31, time: 0.175, data_time: 0.010, memory: 13424, loss_cls: 0.4042, loss_bbox: 0.3726, loss_kps: 0.0000, loss: 0.7768
2026-09-23 19:17:38,999 - mmdet - INFO - Epoch [13][4300/6976]	lr: 1.000e-03, eta: 5:55:22, time: 0.173, data_time: 0.009, memory: 13424, loss_cls: 0.3856, loss_bbox: 0.3730, loss_kps: 0.0000, loss: 0.7586
2026-09-23 19:17:47,697 - mmdet - INFO - Epoch [13][4350/6976]	lr: 1.000e-03, eta: 5:55:13, time: 0.174, data_time: 0.009, memory: 13424, loss_cls: 0.4094, loss_bbox: 0.3731, loss_kps: 0.0000, loss: 0.7825
2026-09-23 19:17:56,517 - mmdet - INFO - Epoch [13][4400/6976]	lr: 1.000e-03, eta: 5:55:04, time: 0.176, data_time: 0.009, memory: 13424, loss_cls: 0.3950, loss_bbox: 0.3735, loss_kps: 0.0000, loss: 0.7685
2026-09-23 19:18:05,567 - mmdet - INFO - Epoch [13][4450/6976]	lr: 1.000e-03, eta: 5:54:55, time: 0.181, data_time: 0.009, memory: 13424, loss_cls: 0.4031, loss_bbox: 0.3779, loss_kps: 0.0000, loss: 0.7810
2026-09-23 19:18:14,315 - mmdet - INFO - Epoch [13][4500/6976]	lr: 1.000e-03, eta: 5:54:47, time: 0.175, data_time: 0.009, memory: 13424, loss_cls: 0.3954, loss_bbox: 0.3641, loss_kps: 0.0000, loss: 0.7595
2026-09-23 19:18:22,999 - mmdet - INFO - Epoch [13][4550/6976]	lr: 1.000e-03, eta: 5:54:38, time: 0.174, data_time: 0.009, memory: 13424, loss_cls: 0.3918, loss_bbox: 0.3604, loss_kps: 0.0000, loss: 0.7522
2026-09-23 19:18:31,704 - mmdet - INFO - Epoch [13][4600/6976]	lr: 1.000e-03, eta: 5:54:29, time: 0.174, data_time: 0.009, memory: 13424, loss_cls: 0.4131, loss_bbox: 0.3724, loss_kps: 0.0000, loss: 0.7855
2026-09-23 19:18:40,417 - mmdet - INFO - Epoch [13][4650/6976]	lr: 1.000e-03, eta: 5:54:20, time: 0.174, data_time: 0.010, memory: 13424, loss_cls: 0.4156, loss_bbox: 0.3808, loss_kps: 0.0000, loss: 0.7964
2026-09-23 19:18:49,131 - mmdet - INFO - Epoch [13][4700/6976]	lr: 1.000e-03, eta: 5:54:11, time: 0.174, data_time: 0.009, memory: 13424, loss_cls: 0.4038, loss_bbox: 0.3717, loss_kps: 0.0000, loss: 0.7755
2026-09-23 19:18:57,827 - mmdet - INFO - Epoch [13][4750/6976]	lr: 1.000e-03, eta: 5:54:02, time: 0.174, data_time: 0.010, memory: 13424, loss_cls: 0.3815, loss_bbox: 0.3629, loss_kps: 0.0000, loss: 0.7444
2026-09-23 19:19:06,591 - mmdet - INFO - Epoch [13][4800/6976]	lr: 1.000e-03, eta: 5:53:53, time: 0.175, data_time: 0.009, memory: 13424, loss_cls: 0.4188, loss_bbox: 0.3771, loss_kps: 0.0000, loss: 0.7959
2026-09-23 19:19:15,270 - mmdet - INFO - Epoch [13][4850/6976]	lr: 1.000e-03, eta: 5:53:44, time: 0.174, data_time: 0.009, memory: 13424, loss_cls: 0.4066, loss_bbox: 0.3730, loss_kps: 0.0000, loss: 0.7797
2026-09-23 19:19:24,033 - mmdet - INFO - Epoch [13][4900/6976]	lr: 1.000e-03, eta: 5:53:35, time: 0.175, data_time: 0.009, memory: 13424, loss_cls: 0.4041, loss_bbox: 0.3829, loss_kps: 0.0000, loss: 0.7870
2026-09-23 19:19:32,820 - mmdet - INFO - Epoch [13][4950/6976]	lr: 1.000e-03, eta: 5:53:27, time: 0.176, data_time: 0.009, memory: 13424, loss_cls: 0.3952, loss_bbox: 0.3670, loss_kps: 0.0000, loss: 0.7622
2026-09-23 19:19:41,540 - mmdet - INFO - Epoch [13][5000/6976]	lr: 1.000e-03, eta: 5:53:18, time: 0.174, data_time: 0.009, memory: 13424, loss_cls: 0.4037, loss_bbox: 0.3767, loss_kps: 0.0000, loss: 0.7804
2026-09-23 19:19:50,195 - mmdet - INFO - Epoch [13][5050/6976]	lr: 1.000e-03, eta: 5:53:09, time: 0.173, data_time: 0.010, memory: 13424, loss_cls: 0.3922, loss_bbox: 0.3644, loss_kps: 0.0000, loss: 0.7566
2026-09-23 19:19:58,944 - mmdet - INFO - Epoch [13][5100/6976]	lr: 1.000e-03, eta: 5:53:00, time: 0.175, data_time: 0.009, memory: 13424, loss_cls: 0.4229, loss_bbox: 0.3790, loss_kps: 0.0000, loss: 0.8019
2026-09-23 19:20:07,929 - mmdet - INFO - Epoch [13][5150/6976]	lr: 1.000e-03, eta: 5:52:51, time: 0.180, data_time: 0.010, memory: 13424, loss_cls: 0.4017, loss_bbox: 0.3835, loss_kps: 0.0000, loss: 0.7851
2026-09-23 19:20:16,709 - mmdet - INFO - Epoch [13][5200/6976]	lr: 1.000e-03, eta: 5:52:43, time: 0.175, data_time: 0.010, memory: 13424, loss_cls: 0.3928, loss_bbox: 0.3700, loss_kps: 0.0000, loss: 0.7628
2026-09-23 19:20:25,401 - mmdet - INFO - Epoch [13][5250/6976]	lr: 1.000e-03, eta: 5:52:34, time: 0.174, data_time: 0.010, memory: 13424, loss_cls: 0.3984, loss_bbox: 0.3711, loss_kps: 0.0000, loss: 0.7695
2026-09-23 19:20:34,161 - mmdet - INFO - Epoch [13][5300/6976]	lr: 1.000e-03, eta: 5:52:25, time: 0.175, data_time: 0.010, memory: 13424, loss_cls: 0.4081, loss_bbox: 0.3625, loss_kps: 0.0000, loss: 0.7706
2026-09-23 19:20:42,896 - mmdet - INFO - Epoch [13][5350/6976]	lr: 1.000e-03, eta: 5:52:16, time: 0.175, data_time: 0.009, memory: 13424, loss_cls: 0.3937, loss_bbox: 0.3865, loss_kps: 0.0000, loss: 0.7802
2026-09-23 19:20:51,803 - mmdet - INFO - Epoch [13][5400/6976]	lr: 1.000e-03, eta: 5:52:07, time: 0.178, data_time: 0.010, memory: 13424, loss_cls: 0.4469, loss_bbox: 0.3931, loss_kps: 0.0000, loss: 0.8400
2026-09-23 19:21:00,516 - mmdet - INFO - Epoch [13][5450/6976]	lr: 1.000e-03, eta: 5:51:58, time: 0.174, data_time: 0.010, memory: 13424, loss_cls: 0.4133, loss_bbox: 0.3755, loss_kps: 0.0000, loss: 0.7889
2026-09-23 19:21:09,197 - mmdet - INFO - Epoch [13][5500/6976]	lr: 1.000e-03, eta: 5:51:50, time: 0.174, data_time: 0.010, memory: 13424, loss_cls: 0.3944, loss_bbox: 0.3678, loss_kps: 0.0000, loss: 0.7622
2026-09-23 19:21:17,924 - mmdet - INFO - Epoch [13][5550/6976]	lr: 1.000e-03, eta: 5:51:41, time: 0.175, data_time: 0.010, memory: 13424, loss_cls: 0.3894, loss_bbox: 0.3548, loss_kps: 0.0000, loss: 0.7442
2026-09-23 19:21:26,730 - mmdet - INFO - Epoch [13][5600/6976]	lr: 1.000e-03, eta: 5:51:32, time: 0.176, data_time: 0.010, memory: 13424, loss_cls: 0.3961, loss_bbox: 0.3741, loss_kps: 0.0000, loss: 0.7702
2026-09-23 19:21:35,540 - mmdet - INFO - Epoch [13][5650/6976]	lr: 1.000e-03, eta: 5:51:23, time: 0.176, data_time: 0.010, memory: 13424, loss_cls: 0.4039, loss_bbox: 0.3771, loss_kps: 0.0000, loss: 0.7810
2026-09-23 19:21:44,250 - mmdet - INFO - Epoch [13][5700/6976]	lr: 1.000e-03, eta: 5:51:14, time: 0.174, data_time: 0.010, memory: 13424, loss_cls: 0.3985, loss_bbox: 0.3721, loss_kps: 0.0000, loss: 0.7706
2026-09-23 19:21:53,039 - mmdet - INFO - Epoch [13][5750/6976]	lr: 1.000e-03, eta: 5:51:05, time: 0.176, data_time: 0.010, memory: 13424, loss_cls: 0.4145, loss_bbox: 0.3825, loss_kps: 0.0000, loss: 0.7970
2026-09-23 19:22:01,838 - mmdet - INFO - Epoch [13][5800/6976]	lr: 1.000e-03, eta: 5:50:57, time: 0.176, data_time: 0.010, memory: 13424, loss_cls: 0.3937, loss_bbox: 0.3730, loss_kps: 0.0000, loss: 0.7667
2026-09-23 19:22:10,537 - mmdet - INFO - Epoch [13][5850/6976]	lr: 1.000e-03, eta: 5:50:48, time: 0.174, data_time: 0.010, memory: 13424, loss_cls: 0.3931, loss_bbox: 0.3602, loss_kps: 0.0000, loss: 0.7533
2026-09-23 19:22:19,287 - mmdet - INFO - Epoch [13][5900/6976]	lr: 1.000e-03, eta: 5:50:39, time: 0.175, data_time: 0.010, memory: 13424, loss_cls: 0.4056, loss_bbox: 0.3595, loss_kps: 0.0000, loss: 0.7651
2026-09-23 19:22:28,059 - mmdet - INFO - Epoch [13][5950/6976]	lr: 1.000e-03, eta: 5:50:30, time: 0.175, data_time: 0.010, memory: 13424, loss_cls: 0.4331, loss_bbox: 0.3845, loss_kps: 0.0000, loss: 0.8175
2026-09-23 19:22:36,883 - mmdet - INFO - Epoch [13][6000/6976]	lr: 1.000e-03, eta: 5:50:21, time: 0.176, data_time: 0.010, memory: 13424, loss_cls: 0.4171, loss_bbox: 0.3692, loss_kps: 0.0000, loss: 0.7864
2026-09-23 19:22:45,634 - mmdet - INFO - Epoch [13][6050/6976]	lr: 1.000e-03, eta: 5:50:12, time: 0.175, data_time: 0.010, memory: 13424, loss_cls: 0.4186, loss_bbox: 0.3882, loss_kps: 0.0000, loss: 0.8068
2026-09-23 19:22:54,369 - mmdet - INFO - Epoch [13][6100/6976]	lr: 1.000e-03, eta: 5:50:04, time: 0.175, data_time: 0.010, memory: 13424, loss_cls: 0.3945, loss_bbox: 0.3749, loss_kps: 0.0000, loss: 0.7694
2026-09-23 19:23:03,139 - mmdet - INFO - Epoch [13][6150/6976]	lr: 1.000e-03, eta: 5:49:55, time: 0.175, data_time: 0.009, memory: 13424, loss_cls: 0.4072, loss_bbox: 0.3736, loss_kps: 0.0000, loss: 0.7808
2026-09-23 19:23:11,878 - mmdet - INFO - Epoch [13][6200/6976]	lr: 1.000e-03, eta: 5:49:46, time: 0.175, data_time: 0.010, memory: 13424, loss_cls: 0.4183, loss_bbox: 0.3739, loss_kps: 0.0000, loss: 0.7922
2026-09-23 19:23:20,637 - mmdet - INFO - Epoch [13][6250/6976]	lr: 1.000e-03, eta: 5:49:37, time: 0.175, data_time: 0.010, memory: 13424, loss_cls: 0.3917, loss_bbox: 0.3778, loss_kps: 0.0000, loss: 0.7694
2026-09-23 19:23:29,483 - mmdet - INFO - Epoch [13][6300/6976]	lr: 1.000e-03, eta: 5:49:28, time: 0.177, data_time: 0.010, memory: 13424, loss_cls: 0.4354, loss_bbox: 0.3997, loss_kps: 0.0000, loss: 0.8351
2026-09-23 19:23:38,286 - mmdet - INFO - Epoch [13][6350/6976]	lr: 1.000e-03, eta: 5:49:20, time: 0.176, data_time: 0.010, memory: 13424, loss_cls: 0.4055, loss_bbox: 0.3802, loss_kps: 0.0000, loss: 0.7857
2026-09-23 19:23:47,037 - mmdet - INFO - Epoch [13][6400/6976]	lr: 1.000e-03, eta: 5:49:11, time: 0.175, data_time: 0.009, memory: 13424, loss_cls: 0.4114, loss_bbox: 0.3853, loss_kps: 0.0000, loss: 0.7967
2026-09-23 19:23:55,821 - mmdet - INFO - Epoch [13][6450/6976]	lr: 1.000e-03, eta: 5:49:02, time: 0.176, data_time: 0.009, memory: 13424, loss_cls: 0.4281, loss_bbox: 0.3963, loss_kps: 0.0000, loss: 0.8244
2026-09-23 19:24:04,584 - mmdet - INFO - Epoch [13][6500/6976]	lr: 1.000e-03, eta: 5:48:53, time: 0.175, data_time: 0.009, memory: 13424, loss_cls: 0.4182, loss_bbox: 0.3649, loss_kps: 0.0000, loss: 0.7831
2026-09-23 19:24:13,307 - mmdet - INFO - Epoch [13][6550/6976]	lr: 1.000e-03, eta: 5:48:44, time: 0.174, data_time: 0.009, memory: 13424, loss_cls: 0.3904, loss_bbox: 0.3669, loss_kps: 0.0000, loss: 0.7573
2026-09-23 19:24:22,119 - mmdet - INFO - Epoch [13][6600/6976]	lr: 1.000e-03, eta: 5:48:35, time: 0.176, data_time: 0.009, memory: 13424, loss_cls: 0.4120, loss_bbox: 0.3698, loss_kps: 0.0000, loss: 0.7818
2026-09-23 19:24:30,827 - mmdet - INFO - Epoch [13][6650/6976]	lr: 1.000e-03, eta: 5:48:27, time: 0.174, data_time: 0.009, memory: 13424, loss_cls: 0.4044, loss_bbox: 0.3742, loss_kps: 0.0000, loss: 0.7786
2026-09-23 19:24:39,629 - mmdet - INFO - Epoch [13][6700/6976]	lr: 1.000e-03, eta: 5:48:18, time: 0.176, data_time: 0.010, memory: 13424, loss_cls: 0.4029, loss_bbox: 0.3789, loss_kps: 0.0000, loss: 0.7818
2026-09-23 19:24:48,375 - mmdet - INFO - Epoch [13][6750/6976]	lr: 1.000e-03, eta: 5:48:09, time: 0.175, data_time: 0.009, memory: 13424, loss_cls: 0.4332, loss_bbox: 0.3697, loss_kps: 0.0000, loss: 0.8030
2026-09-23 19:24:57,378 - mmdet - INFO - Epoch [13][6800/6976]	lr: 1.000e-03, eta: 5:48:00, time: 0.180, data_time: 0.009, memory: 13424, loss_cls: 0.3975, loss_bbox: 0.3804, loss_kps: 0.0000, loss: 0.7779
2026-09-23 19:25:06,069 - mmdet - INFO - Epoch [13][6850/6976]	lr: 1.000e-03, eta: 5:47:52, time: 0.174, data_time: 0.009, memory: 13424, loss_cls: 0.3912, loss_bbox: 0.3780, loss_kps: 0.0000, loss: 0.7692
2026-09-23 19:25:14,816 - mmdet - INFO - Epoch [13][6900/6976]	lr: 1.000e-03, eta: 5:47:43, time: 0.175, data_time: 0.009, memory: 13424, loss_cls: 0.4255, loss_bbox: 0.3833, loss_kps: 0.0000, loss: 0.8089
2026-09-23 19:25:23,549 - mmdet - INFO - Epoch [13][6950/6976]	lr: 1.000e-03, eta: 5:47:34, time: 0.175, data_time: 0.010, memory: 13424, loss_cls: 0.4055, loss_bbox: 0.3647, loss_kps: 0.0000, loss: 0.7703
2026-09-23 19:25:28,179 - mmdet - INFO - Saving checkpoint at 13 epochs
2026-09-23 19:25:42,215 - mmdet - INFO - Epoch [14][50/6976]	lr: 1.000e-03, eta: 5:47:21, time: 0.276, data_time: 0.103, memory: 13424, loss_cls: 0.4233, loss_bbox: 0.3872, loss_kps: 0.0000, loss: 0.8105
2026-09-23 19:25:51,032 - mmdet - INFO - Epoch [14][100/6976]	lr: 1.000e-03, eta: 5:47:12, time: 0.176, data_time: 0.009, memory: 13424, loss_cls: 0.3850, loss_bbox: 0.3873, loss_kps: 0.0000, loss: 0.7723
2026-09-23 19:26:00,235 - mmdet - INFO - Epoch [14][150/6976]	lr: 1.000e-03, eta: 5:47:04, time: 0.184, data_time: 0.009, memory: 13424, loss_cls: 0.3826, loss_bbox: 0.3657, loss_kps: 0.0000, loss: 0.7483
2026-09-23 19:26:08,977 - mmdet - INFO - Epoch [14][200/6976]	lr: 1.000e-03, eta: 5:46:55, time: 0.175, data_time: 0.009, memory: 13424, loss_cls: 0.4314, loss_bbox: 0.3809, loss_kps: 0.0000, loss: 0.8123
2026-09-23 19:26:17,687 - mmdet - INFO - Epoch [14][250/6976]	lr: 1.000e-03, eta: 5:46:46, time: 0.174, data_time: 0.010, memory: 13424, loss_cls: 0.4191, loss_bbox: 0.3711, loss_kps: 0.0000, loss: 0.7902
2026-09-23 19:26:26,369 - mmdet - INFO - Epoch [14][300/6976]	lr: 1.000e-03, eta: 5:46:37, time: 0.174, data_time: 0.009, memory: 13424, loss_cls: 0.4035, loss_bbox: 0.3732, loss_kps: 0.0000, loss: 0.7768
2026-09-23 19:26:35,094 - mmdet - INFO - Epoch [14][350/6976]	lr: 1.000e-03, eta: 5:46:28, time: 0.174, data_time: 0.009, memory: 13424, loss_cls: 0.4007, loss_bbox: 0.3764, loss_kps: 0.0000, loss: 0.7771
2026-09-23 19:26:43,899 - mmdet - INFO - Epoch [14][400/6976]	lr: 1.000e-03, eta: 5:46:20, time: 0.176, data_time: 0.010, memory: 13424, loss_cls: 0.4210, loss_bbox: 0.3732, loss_kps: 0.0000, loss: 0.7943
2026-09-23 19:26:52,697 - mmdet - INFO - Epoch [14][450/6976]	lr: 1.000e-03, eta: 5:46:11, time: 0.176, data_time: 0.009, memory: 13424, loss_cls: 0.4038, loss_bbox: 0.3740, loss_kps: 0.0000, loss: 0.7778
2026-09-23 19:27:01,453 - mmdet - INFO - Epoch [14][500/6976]	lr: 1.000e-03, eta: 5:46:02, time: 0.175, data_time: 0.009, memory: 13424, loss_cls: 0.4186, loss_bbox: 0.3810, loss_kps: 0.0000, loss: 0.7997
2026-09-23 19:27:10,218 - mmdet - INFO - Epoch [14][550/6976]	lr: 1.000e-03, eta: 5:45:53, time: 0.175, data_time: 0.009, memory: 13424, loss_cls: 0.4219, loss_bbox: 0.3892, loss_kps: 0.0000, loss: 0.8111
2026-09-23 19:27:18,874 - mmdet - INFO - Epoch [14][600/6976]	lr: 1.000e-03, eta: 5:45:44, time: 0.173, data_time: 0.009, memory: 13424, loss_cls: 0.4035, loss_bbox: 0.3780, loss_kps: 0.0000, loss: 0.7815
2026-09-23 19:27:27,620 - mmdet - INFO - Epoch [14][650/6976]	lr: 1.000e-03, eta: 5:45:35, time: 0.175, data_time: 0.009, memory: 13424, loss_cls: 0.3972, loss_bbox: 0.3761, loss_kps: 0.0000, loss: 0.7733
2026-09-23 19:27:36,380 - mmdet - INFO - Epoch [14][700/6976]	lr: 1.000e-03, eta: 5:45:27, time: 0.175, data_time: 0.009, memory: 13424, loss_cls: 0.4096, loss_bbox: 0.3816, loss_kps: 0.0000, loss: 0.7911
2026-09-23 19:27:44,992 - mmdet - INFO - Epoch [14][750/6976]	lr: 1.000e-03, eta: 5:45:18, time: 0.172, data_time: 0.009, memory: 13424, loss_cls: 0.3994, loss_bbox: 0.3755, loss_kps: 0.0000, loss: 0.7749
2026-09-23 19:27:54,040 - mmdet - INFO - Epoch [14][800/6976]	lr: 1.000e-03, eta: 5:45:09, time: 0.181, data_time: 0.009, memory: 13424, loss_cls: 0.3788, loss_bbox: 0.3555, loss_kps: 0.0000, loss: 0.7343
2026-09-23 19:28:02,778 - mmdet - INFO - Epoch [14][850/6976]	lr: 1.000e-03, eta: 5:45:00, time: 0.175, data_time: 0.009, memory: 13424, loss_cls: 0.4019, loss_bbox: 0.3683, loss_kps: 0.0000, loss: 0.7702
2026-09-23 19:28:11,583 - mmdet - INFO - Epoch [14][900/6976]	lr: 1.000e-03, eta: 5:44:51, time: 0.176, data_time: 0.010, memory: 13424, loss_cls: 0.4109, loss_bbox: 0.3620, loss_kps: 0.0000, loss: 0.7729
2026-09-23 19:28:20,457 - mmdet - INFO - Epoch [14][950/6976]	lr: 1.000e-03, eta: 5:44:43, time: 0.177, data_time: 0.009, memory: 13424, loss_cls: 0.3995, loss_bbox: 0.3767, loss_kps: 0.0000, loss: 0.7762
2026-09-23 19:28:29,325 - mmdet - INFO - Epoch [14][1000/6976]	lr: 1.000e-03, eta: 5:44:34, time: 0.177, data_time: 0.009, memory: 13424, loss_cls: 0.4003, loss_bbox: 0.3727, loss_kps: 0.0000, loss: 0.7730
2026-09-23 19:28:37,976 - mmdet - INFO - Epoch [14][1050/6976]	lr: 1.000e-03, eta: 5:44:25, time: 0.173, data_time: 0.009, memory: 13424, loss_cls: 0.4290, loss_bbox: 0.3746, loss_kps: 0.0000, loss: 0.8036
2026-09-23 19:28:46,711 - mmdet - INFO - Epoch [14][1100/6976]	lr: 1.000e-03, eta: 5:44:16, time: 0.175, data_time: 0.009, memory: 13424, loss_cls: 0.3876, loss_bbox: 0.3674, loss_kps: 0.0000, loss: 0.7550
2026-09-23 19:28:55,485 - mmdet - INFO - Epoch [14][1150/6976]	lr: 1.000e-03, eta: 5:44:07, time: 0.175, data_time: 0.009, memory: 13424, loss_cls: 0.4227, loss_bbox: 0.3750, loss_kps: 0.0000, loss: 0.7978
2026-09-23 19:29:04,182 - mmdet - INFO - Epoch [14][1200/6976]	lr: 1.000e-03, eta: 5:43:59, time: 0.174, data_time: 0.009, memory: 13424, loss_cls: 0.3967, loss_bbox: 0.3711, loss_kps: 0.0000, loss: 0.7679
2026-09-23 19:29:12,927 - mmdet - INFO - Epoch [14][1250/6976]	lr: 1.000e-03, eta: 5:43:50, time: 0.175, data_time: 0.009, memory: 13424, loss_cls: 0.4167, loss_bbox: 0.3638, loss_kps: 0.0000, loss: 0.7805
2026-09-23 19:29:21,674 - mmdet - INFO - Epoch [14][1300/6976]	lr: 1.000e-03, eta: 5:43:41, time: 0.175, data_time: 0.010, memory: 13424, loss_cls: 0.3929, loss_bbox: 0.3832, loss_kps: 0.0000, loss: 0.7761
2026-09-23 19:29:30,415 - mmdet - INFO - Epoch [14][1350/6976]	lr: 1.000e-03, eta: 5:43:32, time: 0.175, data_time: 0.009, memory: 13424, loss_cls: 0.3970, loss_bbox: 0.3502, loss_kps: 0.0000, loss: 0.7471
2026-09-23 19:29:39,088 - mmdet - INFO - Epoch [14][1400/6976]	lr: 1.000e-03, eta: 5:43:23, time: 0.173, data_time: 0.009, memory: 13424, loss_cls: 0.3964, loss_bbox: 0.3776, loss_kps: 0.0000, loss: 0.7740
2026-09-23 19:29:47,807 - mmdet - INFO - Epoch [14][1450/6976]	lr: 1.000e-03, eta: 5:43:14, time: 0.174, data_time: 0.009, memory: 13424, loss_cls: 0.4105, loss_bbox: 0.3826, loss_kps: 0.0000, loss: 0.7931
2026-09-23 19:29:56,551 - mmdet - INFO - Epoch [14][1500/6976]	lr: 1.000e-03, eta: 5:43:05, time: 0.175, data_time: 0.009, memory: 13424, loss_cls: 0.3936, loss_bbox: 0.3721, loss_kps: 0.0000, loss: 0.7658
2026-09-23 19:30:05,686 - mmdet - INFO - Epoch [14][1550/6976]	lr: 1.000e-03, eta: 5:42:57, time: 0.183, data_time: 0.009, memory: 13424, loss_cls: 0.3715, loss_bbox: 0.3459, loss_kps: 0.0000, loss: 0.7174
2026-09-23 19:30:14,404 - mmdet - INFO - Epoch [14][1600/6976]	lr: 1.000e-03, eta: 5:42:48, time: 0.174, data_time: 0.009, memory: 13424, loss_cls: 0.3839, loss_bbox: 0.3638, loss_kps: 0.0000, loss: 0.7477
2026-09-23 19:30:23,133 - mmdet - INFO - Epoch [14][1650/6976]	lr: 1.000e-03, eta: 5:42:39, time: 0.175, data_time: 0.009, memory: 13424, loss_cls: 0.4218, loss_bbox: 0.3712, loss_kps: 0.0000, loss: 0.7931
2026-09-23 19:30:32,255 - mmdet - INFO - Epoch [14][1700/6976]	lr: 1.000e-03, eta: 5:42:31, time: 0.183, data_time: 0.010, memory: 13424, loss_cls: 0.4016, loss_bbox: 0.3911, loss_kps: 0.0000, loss: 0.7927
2026-09-23 19:30:40,952 - mmdet - INFO - Epoch [14][1750/6976]	lr: 1.000e-03, eta: 5:42:22, time: 0.173, data_time: 0.008, memory: 13424, loss_cls: 0.4099, loss_bbox: 0.3650, loss_kps: 0.0000, loss: 0.7749
2026-09-23 19:30:49,675 - mmdet - INFO - Epoch [14][1800/6976]	lr: 1.000e-03, eta: 5:42:13, time: 0.174, data_time: 0.009, memory: 13424, loss_cls: 0.4131, loss_bbox: 0.3890, loss_kps: 0.0000, loss: 0.8021
2026-09-23 19:30:58,414 - mmdet - INFO - Epoch [14][1850/6976]	lr: 1.000e-03, eta: 5:42:04, time: 0.174, data_time: 0.009, memory: 13424, loss_cls: 0.4218, loss_bbox: 0.3782, loss_kps: 0.0000, loss: 0.7999
2026-09-23 19:31:07,113 - mmdet - INFO - Epoch [14][1900/6976]	lr: 1.000e-03, eta: 5:41:55, time: 0.174, data_time: 0.009, memory: 13424, loss_cls: 0.4012, loss_bbox: 0.3746, loss_kps: 0.0000, loss: 0.7758
2026-09-23 19:31:15,809 - mmdet - INFO - Epoch [14][1950/6976]	lr: 1.000e-03, eta: 5:41:46, time: 0.174, data_time: 0.009, memory: 13424, loss_cls: 0.4071, loss_bbox: 0.3656, loss_kps: 0.0000, loss: 0.7727
2026-09-23 19:31:24,575 - mmdet - INFO - Epoch [14][2000/6976]	lr: 1.000e-03, eta: 5:41:38, time: 0.175, data_time: 0.009, memory: 13424, loss_cls: 0.3944, loss_bbox: 0.3718, loss_kps: 0.0000, loss: 0.7661
2026-09-23 19:31:33,321 - mmdet - INFO - Epoch [14][2050/6976]	lr: 1.000e-03, eta: 5:41:29, time: 0.175, data_time: 0.009, memory: 13424, loss_cls: 0.3922, loss_bbox: 0.3732, loss_kps: 0.0000, loss: 0.7654
2026-09-23 19:31:42,089 - mmdet - INFO - Epoch [14][2100/6976]	lr: 1.000e-03, eta: 5:41:20, time: 0.175, data_time: 0.009, memory: 13424, loss_cls: 0.4076, loss_bbox: 0.3768, loss_kps: 0.0000, loss: 0.7844
2026-09-23 19:31:50,802 - mmdet - INFO - Epoch [14][2150/6976]	lr: 1.000e-03, eta: 5:41:11, time: 0.175, data_time: 0.010, memory: 13424, loss_cls: 0.3953, loss_bbox: 0.3802, loss_kps: 0.0000, loss: 0.7755
2026-09-23 19:31:59,494 - mmdet - INFO - Epoch [14][2200/6976]	lr: 1.000e-03, eta: 5:41:02, time: 0.174, data_time: 0.009, memory: 13424, loss_cls: 0.4041, loss_bbox: 0.3858, loss_kps: 0.0000, loss: 0.7899
2026-09-23 19:32:08,250 - mmdet - INFO - Epoch [14][2250/6976]	lr: 1.000e-03, eta: 5:40:53, time: 0.175, data_time: 0.009, memory: 13424, loss_cls: 0.4136, loss_bbox: 0.3681, loss_kps: 0.0000, loss: 0.7818
2026-09-23 19:32:16,948 - mmdet - INFO - Epoch [14][2300/6976]	lr: 1.000e-03, eta: 5:40:44, time: 0.174, data_time: 0.009, memory: 13424, loss_cls: 0.4087, loss_bbox: 0.3728, loss_kps: 0.0000, loss: 0.7815
2026-09-23 19:32:25,660 - mmdet - INFO - Epoch [14][2350/6976]	lr: 1.000e-03, eta: 5:40:35, time: 0.175, data_time: 0.009, memory: 13424, loss_cls: 0.4025, loss_bbox: 0.3746, loss_kps: 0.0000, loss: 0.7771
2026-09-23 19:32:34,485 - mmdet - INFO - Epoch [14][2400/6976]	lr: 1.000e-03, eta: 5:40:27, time: 0.176, data_time: 0.009, memory: 13424, loss_cls: 0.3881, loss_bbox: 0.3560, loss_kps: 0.0000, loss: 0.7441
2026-09-23 19:32:43,271 - mmdet - INFO - Epoch [14][2450/6976]	lr: 1.000e-03, eta: 5:40:18, time: 0.176, data_time: 0.009, memory: 13424, loss_cls: 0.3938, loss_bbox: 0.3632, loss_kps: 0.0000, loss: 0.7570
2026-09-23 19:32:51,984 - mmdet - INFO - Epoch [14][2500/6976]	lr: 1.000e-03, eta: 5:40:09, time: 0.174, data_time: 0.010, memory: 13424, loss_cls: 0.3993, loss_bbox: 0.3740, loss_kps: 0.0000, loss: 0.7733
2026-09-23 19:33:00,741 - mmdet - INFO - Epoch [14][2550/6976]	lr: 1.000e-03, eta: 5:40:00, time: 0.175, data_time: 0.010, memory: 13424, loss_cls: 0.3797, loss_bbox: 0.3659, loss_kps: 0.0000, loss: 0.7456
2026-09-23 19:33:09,506 - mmdet - INFO - Epoch [14][2600/6976]	lr: 1.000e-03, eta: 5:39:51, time: 0.175, data_time: 0.010, memory: 13424, loss_cls: 0.4040, loss_bbox: 0.3784, loss_kps: 0.0000, loss: 0.7824
2026-09-23 19:33:18,272 - mmdet - INFO - Epoch [14][2650/6976]	lr: 1.000e-03, eta: 5:39:43, time: 0.175, data_time: 0.010, memory: 13424, loss_cls: 0.4244, loss_bbox: 0.3863, loss_kps: 0.0000, loss: 0.8107
2026-09-23 19:33:27,116 - mmdet - INFO - Epoch [14][2700/6976]	lr: 1.000e-03, eta: 5:39:34, time: 0.177, data_time: 0.010, memory: 13424, loss_cls: 0.4281, loss_bbox: 0.3839, loss_kps: 0.0000, loss: 0.8121
2026-09-23 19:33:36,149 - mmdet - INFO - Epoch [14][2750/6976]	lr: 1.000e-03, eta: 5:39:25, time: 0.181, data_time: 0.010, memory: 13424, loss_cls: 0.3877, loss_bbox: 0.3658, loss_kps: 0.0000, loss: 0.7535
2026-09-23 19:33:44,843 - mmdet - INFO - Epoch [14][2800/6976]	lr: 1.000e-03, eta: 5:39:16, time: 0.174, data_time: 0.009, memory: 13424, loss_cls: 0.4069, loss_bbox: 0.3637, loss_kps: 0.0000, loss: 0.7706
2026-09-23 19:33:53,617 - mmdet - INFO - Epoch [14][2850/6976]	lr: 1.000e-03, eta: 5:39:08, time: 0.175, data_time: 0.010, memory: 13424, loss_cls: 0.4092, loss_bbox: 0.3749, loss_kps: 0.0000, loss: 0.7841
2026-09-23 19:34:02,380 - mmdet - INFO - Epoch [14][2900/6976]	lr: 1.000e-03, eta: 5:38:59, time: 0.175, data_time: 0.010, memory: 13424, loss_cls: 0.4074, loss_bbox: 0.3760, loss_kps: 0.0000, loss: 0.7834
2026-09-23 19:34:11,176 - mmdet - INFO - Epoch [14][2950/6976]	lr: 1.000e-03, eta: 5:38:50, time: 0.176, data_time: 0.010, memory: 13424, loss_cls: 0.3875, loss_bbox: 0.3745, loss_kps: 0.0000, loss: 0.7620
2026-09-23 19:34:19,902 - mmdet - INFO - Epoch [14][3000/6976]	lr: 1.000e-03, eta: 5:38:41, time: 0.175, data_time: 0.010, memory: 13424, loss_cls: 0.3923, loss_bbox: 0.3697, loss_kps: 0.0000, loss: 0.7620
2026-09-23 19:34:28,585 - mmdet - INFO - Epoch [14][3050/6976]	lr: 1.000e-03, eta: 5:38:32, time: 0.174, data_time: 0.010, memory: 13424, loss_cls: 0.3985, loss_bbox: 0.3720, loss_kps: 0.0000, loss: 0.7705
2026-09-23 19:34:37,334 - mmdet - INFO - Epoch [14][3100/6976]	lr: 1.000e-03, eta: 5:38:23, time: 0.175, data_time: 0.009, memory: 13424, loss_cls: 0.3951, loss_bbox: 0.3575, loss_kps: 0.0000, loss: 0.7526
2026-09-23 19:34:46,143 - mmdet - INFO - Epoch [14][3150/6976]	lr: 1.000e-03, eta: 5:38:15, time: 0.176, data_time: 0.010, memory: 13424, loss_cls: 0.4133, loss_bbox: 0.3686, loss_kps: 0.0000, loss: 0.7819
2026-09-23 19:34:55,229 - mmdet - INFO - Epoch [14][3200/6976]	lr: 1.000e-03, eta: 5:38:06, time: 0.182, data_time: 0.010, memory: 13424, loss_cls: 0.3988, loss_bbox: 0.3764, loss_kps: 0.0000, loss: 0.7752
2026-09-23 19:35:03,922 - mmdet - INFO - Epoch [14][3250/6976]	lr: 1.000e-03, eta: 5:37:57, time: 0.174, data_time: 0.009, memory: 13424, loss_cls: 0.3908, loss_bbox: 0.3767, loss_kps: 0.0000, loss: 0.7674
2026-09-23 19:35:12,594 - mmdet - INFO - Epoch [14][3300/6976]	lr: 1.000e-03, eta: 5:37:48, time: 0.173, data_time: 0.009, memory: 13424, loss_cls: 0.3838, loss_bbox: 0.3734, loss_kps: 0.0000, loss: 0.7571
2026-09-23 19:35:21,285 - mmdet - INFO - Epoch [14][3350/6976]	lr: 1.000e-03, eta: 5:37:39, time: 0.174, data_time: 0.010, memory: 13424, loss_cls: 0.4022, loss_bbox: 0.3721, loss_kps: 0.0000, loss: 0.7743
2026-09-23 19:35:29,974 - mmdet - INFO - Epoch [14][3400/6976]	lr: 1.000e-03, eta: 5:37:30, time: 0.174, data_time: 0.010, memory: 13424, loss_cls: 0.3865, loss_bbox: 0.3704, loss_kps: 0.0000, loss: 0.7568
2026-09-23 19:35:38,730 - mmdet - INFO - Epoch [14][3450/6976]	lr: 1.000e-03, eta: 5:37:22, time: 0.175, data_time: 0.010, memory: 13424, loss_cls: 0.3981, loss_bbox: 0.3654, loss_kps: 0.0000, loss: 0.7635
2026-09-23 19:35:47,486 - mmdet - INFO - Epoch [14][3500/6976]	lr: 1.000e-03, eta: 5:37:13, time: 0.175, data_time: 0.010, memory: 13424, loss_cls: 0.4125, loss_bbox: 0.3776, loss_kps: 0.0000, loss: 0.7901
2026-09-23 19:35:56,248 - mmdet - INFO - Epoch [14][3550/6976]	lr: 1.000e-03, eta: 5:37:04, time: 0.175, data_time: 0.009, memory: 13424, loss_cls: 0.3984, loss_bbox: 0.3783, loss_kps: 0.0000, loss: 0.7767
2026-09-23 19:36:05,032 - mmdet - INFO - Epoch [14][3600/6976]	lr: 1.000e-03, eta: 5:36:55, time: 0.176, data_time: 0.010, memory: 13424, loss_cls: 0.4246, loss_bbox: 0.3743, loss_kps: 0.0000, loss: 0.7989
2026-09-23 19:36:13,769 - mmdet - INFO - Epoch [14][3650/6976]	lr: 1.000e-03, eta: 5:36:46, time: 0.175, data_time: 0.010, memory: 13424, loss_cls: 0.3894, loss_bbox: 0.3664, loss_kps: 0.0000, loss: 0.7557
2026-09-23 19:36:22,550 - mmdet - INFO - Epoch [14][3700/6976]	lr: 1.000e-03, eta: 5:36:38, time: 0.176, data_time: 0.010, memory: 13424, loss_cls: 0.4136, loss_bbox: 0.3801, loss_kps: 0.0000, loss: 0.7936
2026-09-23 19:36:31,293 - mmdet - INFO - Epoch [14][3750/6976]	lr: 1.000e-03, eta: 5:36:29, time: 0.175, data_time: 0.009, memory: 13424, loss_cls: 0.4079, loss_bbox: 0.3789, loss_kps: 0.0000, loss: 0.7868
2026-09-23 19:36:39,986 - mmdet - INFO - Epoch [14][3800/6976]	lr: 1.000e-03, eta: 5:36:20, time: 0.174, data_time: 0.009, memory: 13424, loss_cls: 0.4015, loss_bbox: 0.3661, loss_kps: 0.0000, loss: 0.7676
2026-09-23 19:36:48,812 - mmdet - INFO - Epoch [14][3850/6976]	lr: 1.000e-03, eta: 5:36:11, time: 0.176, data_time: 0.009, memory: 13424, loss_cls: 0.3897, loss_bbox: 0.3768, loss_kps: 0.0000, loss: 0.7665
2026-09-23 19:36:57,531 - mmdet - INFO - Epoch [14][3900/6976]	lr: 1.000e-03, eta: 5:36:02, time: 0.174, data_time: 0.010, memory: 13424, loss_cls: 0.3982, loss_bbox: 0.3816, loss_kps: 0.0000, loss: 0.7798
2026-09-23 19:37:06,271 - mmdet - INFO - Epoch [14][3950/6976]	lr: 1.000e-03, eta: 5:35:53, time: 0.175, data_time: 0.010, memory: 13424, loss_cls: 0.4075, loss_bbox: 0.3685, loss_kps: 0.0000, loss: 0.7761
2026-09-23 19:37:15,001 - mmdet - INFO - Epoch [14][4000/6976]	lr: 1.000e-03, eta: 5:35:44, time: 0.175, data_time: 0.009, memory: 13424, loss_cls: 0.3967, loss_bbox: 0.3692, loss_kps: 0.0000, loss: 0.7659
2026-09-23 19:37:23,783 - mmdet - INFO - Epoch [14][4050/6976]	lr: 1.000e-03, eta: 5:35:36, time: 0.176, data_time: 0.010, memory: 13424, loss_cls: 0.4145, loss_bbox: 0.3642, loss_kps: 0.0000, loss: 0.7786
2026-09-23 19:37:32,540 - mmdet - INFO - Epoch [14][4100/6976]	lr: 1.000e-03, eta: 5:35:27, time: 0.175, data_time: 0.010, memory: 13424, loss_cls: 0.4081, loss_bbox: 0.3677, loss_kps: 0.0000, loss: 0.7758
2026-09-23 19:37:41,336 - mmdet - INFO - Epoch [14][4150/6976]	lr: 1.000e-03, eta: 5:35:18, time: 0.176, data_time: 0.010, memory: 13424, loss_cls: 0.3759, loss_bbox: 0.3638, loss_kps: 0.0000, loss: 0.7397
2026-09-23 19:37:50,041 - mmdet - INFO - Epoch [14][4200/6976]	lr: 1.000e-03, eta: 5:35:09, time: 0.174, data_time: 0.010, memory: 13424, loss_cls: 0.3819, loss_bbox: 0.3687, loss_kps: 0.0000, loss: 0.7506
2026-09-23 19:37:58,990 - mmdet - INFO - Epoch [14][4250/6976]	lr: 1.000e-03, eta: 5:35:01, time: 0.179, data_time: 0.009, memory: 13424, loss_cls: 0.4134, loss_bbox: 0.3590, loss_kps: 0.0000, loss: 0.7724
2026-09-23 19:38:07,773 - mmdet - INFO - Epoch [14][4300/6976]	lr: 1.000e-03, eta: 5:34:52, time: 0.176, data_time: 0.010, memory: 13424, loss_cls: 0.3984, loss_bbox: 0.3623, loss_kps: 0.0000, loss: 0.7607
2026-09-23 19:38:16,602 - mmdet - INFO - Epoch [14][4350/6976]	lr: 1.000e-03, eta: 5:34:43, time: 0.177, data_time: 0.010, memory: 13424, loss_cls: 0.4132, loss_bbox: 0.3712, loss_kps: 0.0000, loss: 0.7844
2026-09-23 19:38:25,346 - mmdet - INFO - Epoch [14][4400/6976]	lr: 1.000e-03, eta: 5:34:34, time: 0.175, data_time: 0.009, memory: 13424, loss_cls: 0.4028, loss_bbox: 0.3723, loss_kps: 0.0000, loss: 0.7751
2026-09-23 19:38:34,438 - mmdet - INFO - Epoch [14][4450/6976]	lr: 1.000e-03, eta: 5:34:26, time: 0.182, data_time: 0.010, memory: 13424, loss_cls: 0.4035, loss_bbox: 0.3788, loss_kps: 0.0000, loss: 0.7822
2026-09-23 19:38:43,263 - mmdet - INFO - Epoch [14][4500/6976]	lr: 1.000e-03, eta: 5:34:17, time: 0.176, data_time: 0.010, memory: 13424, loss_cls: 0.3908, loss_bbox: 0.3669, loss_kps: 0.0000, loss: 0.7576
2026-09-23 19:38:52,114 - mmdet - INFO - Epoch [14][4550/6976]	lr: 1.000e-03, eta: 5:34:08, time: 0.177, data_time: 0.010, memory: 13424, loss_cls: 0.4046, loss_bbox: 0.3728, loss_kps: 0.0000, loss: 0.7774
2026-09-23 19:39:00,900 - mmdet - INFO - Epoch [14][4600/6976]	lr: 1.000e-03, eta: 5:33:59, time: 0.176, data_time: 0.010, memory: 13424, loss_cls: 0.3978, loss_bbox: 0.3763, loss_kps: 0.0000, loss: 0.7741
2026-09-23 19:39:09,601 - mmdet - INFO - Epoch [14][4650/6976]	lr: 1.000e-03, eta: 5:33:51, time: 0.174, data_time: 0.010, memory: 13424, loss_cls: 0.4117, loss_bbox: 0.3834, loss_kps: 0.0000, loss: 0.7951
2026-09-23 19:39:18,424 - mmdet - INFO - Epoch [14][4700/6976]	lr: 1.000e-03, eta: 5:33:42, time: 0.176, data_time: 0.010, memory: 13424, loss_cls: 0.3891, loss_bbox: 0.3675, loss_kps: 0.0000, loss: 0.7566
2026-09-23 19:39:27,255 - mmdet - INFO - Epoch [14][4750/6976]	lr: 1.000e-03, eta: 5:33:33, time: 0.177, data_time: 0.010, memory: 13424, loss_cls: 0.3984, loss_bbox: 0.3891, loss_kps: 0.0000, loss: 0.7876
2026-09-23 19:39:36,018 - mmdet - INFO - Epoch [14][4800/6976]	lr: 1.000e-03, eta: 5:33:24, time: 0.175, data_time: 0.010, memory: 13424, loss_cls: 0.4216, loss_bbox: 0.3698, loss_kps: 0.0000, loss: 0.7915
2026-09-23 19:39:44,765 - mmdet - INFO - Epoch [14][4850/6976]	lr: 1.000e-03, eta: 5:33:15, time: 0.175, data_time: 0.010, memory: 13424, loss_cls: 0.3856, loss_bbox: 0.3684, loss_kps: 0.0000, loss: 0.7540
2026-09-23 19:39:53,914 - mmdet - INFO - Epoch [14][4900/6976]	lr: 1.000e-03, eta: 5:33:07, time: 0.183, data_time: 0.009, memory: 13424, loss_cls: 0.3839, loss_bbox: 0.3648, loss_kps: 0.0000, loss: 0.7487
2026-09-23 19:40:02,668 - mmdet - INFO - Epoch [14][4950/6976]	lr: 1.000e-03, eta: 5:32:58, time: 0.175, data_time: 0.009, memory: 13424, loss_cls: 0.4099, loss_bbox: 0.3660, loss_kps: 0.0000, loss: 0.7760
2026-09-23 19:40:11,406 - mmdet - INFO - Epoch [14][5000/6976]	lr: 1.000e-03, eta: 5:32:49, time: 0.175, data_time: 0.009, memory: 13424, loss_cls: 0.4204, loss_bbox: 0.3842, loss_kps: 0.0000, loss: 0.8046
2026-09-23 19:40:20,283 - mmdet - INFO - Epoch [14][5050/6976]	lr: 1.000e-03, eta: 5:32:41, time: 0.178, data_time: 0.010, memory: 13424, loss_cls: 0.4221, loss_bbox: 0.3784, loss_kps: 0.0000, loss: 0.8005
2026-09-23 19:40:29,117 - mmdet - INFO - Epoch [14][5100/6976]	lr: 1.000e-03, eta: 5:32:32, time: 0.177, data_time: 0.010, memory: 13424, loss_cls: 0.4150, loss_bbox: 0.3783, loss_kps: 0.0000, loss: 0.7933
2026-09-23 19:40:37,887 - mmdet - INFO - Epoch [14][5150/6976]	lr: 1.000e-03, eta: 5:32:23, time: 0.175, data_time: 0.010, memory: 13424, loss_cls: 0.4050, loss_bbox: 0.3739, loss_kps: 0.0000, loss: 0.7790
2026-09-23 19:40:47,067 - mmdet - INFO - Epoch [14][5200/6976]	lr: 1.000e-03, eta: 5:32:15, time: 0.184, data_time: 0.010, memory: 13424, loss_cls: 0.4200, loss_bbox: 0.3803, loss_kps: 0.0000, loss: 0.8003
2026-09-23 19:40:55,764 - mmdet - INFO - Epoch [14][5250/6976]	lr: 1.000e-03, eta: 5:32:06, time: 0.174, data_time: 0.010, memory: 13424, loss_cls: 0.4099, loss_bbox: 0.3779, loss_kps: 0.0000, loss: 0.7878
2026-09-23 19:41:04,475 - mmdet - INFO - Epoch [14][5300/6976]	lr: 1.000e-03, eta: 5:31:57, time: 0.174, data_time: 0.010, memory: 13424, loss_cls: 0.4012, loss_bbox: 0.3716, loss_kps: 0.0000, loss: 0.7728
2026-09-23 19:41:13,249 - mmdet - INFO - Epoch [14][5350/6976]	lr: 1.000e-03, eta: 5:31:48, time: 0.176, data_time: 0.010, memory: 13424, loss_cls: 0.3919, loss_bbox: 0.3646, loss_kps: 0.0000, loss: 0.7565
2026-09-23 19:41:22,023 - mmdet - INFO - Epoch [14][5400/6976]	lr: 1.000e-03, eta: 5:31:39, time: 0.175, data_time: 0.010, memory: 13424, loss_cls: 0.4187, loss_bbox: 0.3680, loss_kps: 0.0000, loss: 0.7868
2026-09-23 19:41:30,759 - mmdet - INFO - Epoch [14][5450/6976]	lr: 1.000e-03, eta: 5:31:31, time: 0.175, data_time: 0.010, memory: 13424, loss_cls: 0.4145, loss_bbox: 0.3922, loss_kps: 0.0000, loss: 0.8068
2026-09-23 19:41:39,429 - mmdet - INFO - Epoch [14][5500/6976]	lr: 1.000e-03, eta: 5:31:22, time: 0.173, data_time: 0.010, memory: 13424, loss_cls: 0.3988, loss_bbox: 0.3692, loss_kps: 0.0000, loss: 0.7680
2026-09-23 19:41:48,096 - mmdet - INFO - Epoch [14][5550/6976]	lr: 1.000e-03, eta: 5:31:13, time: 0.173, data_time: 0.010, memory: 13424, loss_cls: 0.3995, loss_bbox: 0.3734, loss_kps: 0.0000, loss: 0.7729
2026-09-23 19:41:56,873 - mmdet - INFO - Epoch [14][5600/6976]	lr: 1.000e-03, eta: 5:31:04, time: 0.176, data_time: 0.010, memory: 13424, loss_cls: 0.3764, loss_bbox: 0.3483, loss_kps: 0.0000, loss: 0.7247
2026-09-23 19:42:05,661 - mmdet - INFO - Epoch [14][5650/6976]	lr: 1.000e-03, eta: 5:30:55, time: 0.176, data_time: 0.010, memory: 13424, loss_cls: 0.4136, loss_bbox: 0.3755, loss_kps: 0.0000, loss: 0.7891
2026-09-23 19:42:14,361 - mmdet - INFO - Epoch [14][5700/6976]	lr: 1.000e-03, eta: 5:30:46, time: 0.174, data_time: 0.010, memory: 13424, loss_cls: 0.4270, loss_bbox: 0.3903, loss_kps: 0.0000, loss: 0.8173
2026-09-23 19:42:23,149 - mmdet - INFO - Epoch [14][5750/6976]	lr: 1.000e-03, eta: 5:30:37, time: 0.176, data_time: 0.010, memory: 13424, loss_cls: 0.3829, loss_bbox: 0.3699, loss_kps: 0.0000, loss: 0.7527
2026-09-23 19:42:31,829 - mmdet - INFO - Epoch [14][5800/6976]	lr: 1.000e-03, eta: 5:30:28, time: 0.174, data_time: 0.010, memory: 13424, loss_cls: 0.3969, loss_bbox: 0.3586, loss_kps: 0.0000, loss: 0.7555
2026-09-23 19:42:40,620 - mmdet - INFO - Epoch [14][5850/6976]	lr: 1.000e-03, eta: 5:30:20, time: 0.176, data_time: 0.010, memory: 13424, loss_cls: 0.4139, loss_bbox: 0.3761, loss_kps: 0.0000, loss: 0.7900
2026-09-23 19:42:49,345 - mmdet - INFO - Epoch [14][5900/6976]	lr: 1.000e-03, eta: 5:30:11, time: 0.174, data_time: 0.010, memory: 13424, loss_cls: 0.4101, loss_bbox: 0.3823, loss_kps: 0.0000, loss: 0.7924
2026-09-23 19:42:58,057 - mmdet - INFO - Epoch [14][5950/6976]	lr: 1.000e-03, eta: 5:30:02, time: 0.174, data_time: 0.010, memory: 13424, loss_cls: 0.4130, loss_bbox: 0.3848, loss_kps: 0.0000, loss: 0.7978
2026-09-23 19:43:07,171 - mmdet - INFO - Epoch [14][6000/6976]	lr: 1.000e-03, eta: 5:29:53, time: 0.176, data_time: 0.010, memory: 13424, loss_cls: 0.3860, loss_bbox: 0.3495, loss_kps: 0.0000, loss: 0.7355
2026-09-23 19:43:15,934 - mmdet - INFO - Epoch [14][6050/6976]	lr: 1.000e-03, eta: 5:29:45, time: 0.181, data_time: 0.016, memory: 13424, loss_cls: 0.4284, loss_bbox: 0.3729, loss_kps: 0.0000, loss: 0.8013
2026-09-23 19:43:24,700 - mmdet - INFO - Epoch [14][6100/6976]	lr: 1.000e-03, eta: 5:29:36, time: 0.175, data_time: 0.010, memory: 13424, loss_cls: 0.4131, loss_bbox: 0.3587, loss_kps: 0.0000, loss: 0.7718
2026-09-23 19:43:33,461 - mmdet - INFO - Epoch [14][6150/6976]	lr: 1.000e-03, eta: 5:29:27, time: 0.175, data_time: 0.009, memory: 13424, loss_cls: 0.3891, loss_bbox: 0.3628, loss_kps: 0.0000, loss: 0.7519
2026-09-23 19:43:42,174 - mmdet - INFO - Epoch [14][6200/6976]	lr: 1.000e-03, eta: 5:29:18, time: 0.175, data_time: 0.010, memory: 13424, loss_cls: 0.4083, loss_bbox: 0.3600, loss_kps: 0.0000, loss: 0.7683
2026-09-23 19:43:50,895 - mmdet - INFO - Epoch [14][6250/6976]	lr: 1.000e-03, eta: 5:29:09, time: 0.174, data_time: 0.010, memory: 13424, loss_cls: 0.3970, loss_bbox: 0.3824, loss_kps: 0.0000, loss: 0.7794
2026-09-23 19:43:59,745 - mmdet - INFO - Epoch [14][6300/6976]	lr: 1.000e-03, eta: 5:29:01, time: 0.177, data_time: 0.010, memory: 13424, loss_cls: 0.4195, loss_bbox: 0.3767, loss_kps: 0.0000, loss: 0.7962
2026-09-23 19:44:08,521 - mmdet - INFO - Epoch [14][6350/6976]	lr: 1.000e-03, eta: 5:28:52, time: 0.176, data_time: 0.010, memory: 13424, loss_cls: 0.4166, loss_bbox: 0.3850, loss_kps: 0.0000, loss: 0.8016
2026-09-23 19:44:17,290 - mmdet - INFO - Epoch [14][6400/6976]	lr: 1.000e-03, eta: 5:28:43, time: 0.175, data_time: 0.010, memory: 13424, loss_cls: 0.3937, loss_bbox: 0.3660, loss_kps: 0.0000, loss: 0.7597
2026-09-23 19:44:26,150 - mmdet - INFO - Epoch [14][6450/6976]	lr: 1.000e-03, eta: 5:28:34, time: 0.177, data_time: 0.010, memory: 13424, loss_cls: 0.4089, loss_bbox: 0.3798, loss_kps: 0.0000, loss: 0.7887
2026-09-23 19:44:34,840 - mmdet - INFO - Epoch [14][6500/6976]	lr: 1.000e-03, eta: 5:28:25, time: 0.174, data_time: 0.010, memory: 13424, loss_cls: 0.3793, loss_bbox: 0.3595, loss_kps: 0.0000, loss: 0.7388
2026-09-23 19:44:43,878 - mmdet - INFO - Epoch [14][6550/6976]	lr: 1.000e-03, eta: 5:28:17, time: 0.181, data_time: 0.009, memory: 13424, loss_cls: 0.4147, loss_bbox: 0.3858, loss_kps: 0.0000, loss: 0.8006
2026-09-23 19:44:52,563 - mmdet - INFO - Epoch [14][6600/6976]	lr: 1.000e-03, eta: 5:28:08, time: 0.174, data_time: 0.009, memory: 13424, loss_cls: 0.4058, loss_bbox: 0.3696, loss_kps: 0.0000, loss: 0.7754
2026-09-23 19:45:01,351 - mmdet - INFO - Epoch [14][6650/6976]	lr: 1.000e-03, eta: 5:27:59, time: 0.176, data_time: 0.010, memory: 13424, loss_cls: 0.4180, loss_bbox: 0.3775, loss_kps: 0.0000, loss: 0.7955
2026-09-23 19:45:10,131 - mmdet - INFO - Epoch [14][6700/6976]	lr: 1.000e-03, eta: 5:27:50, time: 0.176, data_time: 0.010, memory: 13424, loss_cls: 0.4104, loss_bbox: 0.3610, loss_kps: 0.0000, loss: 0.7715
2026-09-23 19:45:18,900 - mmdet - INFO - Epoch [14][6750/6976]	lr: 1.000e-03, eta: 5:27:41, time: 0.175, data_time: 0.009, memory: 13424, loss_cls: 0.3949, loss_bbox: 0.3657, loss_kps: 0.0000, loss: 0.7606
2026-09-23 19:45:27,658 - mmdet - INFO - Epoch [14][6800/6976]	lr: 1.000e-03, eta: 5:27:33, time: 0.175, data_time: 0.010, memory: 13424, loss_cls: 0.3771, loss_bbox: 0.3595, loss_kps: 0.0000, loss: 0.7365
2026-09-23 19:45:36,437 - mmdet - INFO - Epoch [14][6850/6976]	lr: 1.000e-03, eta: 5:27:24, time: 0.176, data_time: 0.010, memory: 13424, loss_cls: 0.4105, loss_bbox: 0.3730, loss_kps: 0.0000, loss: 0.7835
2026-09-23 19:45:45,148 - mmdet - INFO - Epoch [14][6900/6976]	lr: 1.000e-03, eta: 5:27:15, time: 0.174, data_time: 0.010, memory: 13424, loss_cls: 0.4087, loss_bbox: 0.3746, loss_kps: 0.0000, loss: 0.7833
2026-09-23 19:45:53,863 - mmdet - INFO - Epoch [14][6950/6976]	lr: 1.000e-03, eta: 5:27:06, time: 0.174, data_time: 0.010, memory: 13424, loss_cls: 0.3944, loss_bbox: 0.3771, loss_kps: 0.0000, loss: 0.7715
2026-09-23 19:45:58,480 - mmdet - INFO - Saving checkpoint at 14 epochs
2026-09-23 19:46:12,542 - mmdet - INFO - Epoch [15][50/6976]	lr: 1.000e-03, eta: 5:26:53, time: 0.276, data_time: 0.101, memory: 13424, loss_cls: 0.3806, loss_bbox: 0.3653, loss_kps: 0.0000, loss: 0.7459
2026-09-23 19:46:21,369 - mmdet - INFO - Epoch [15][100/6976]	lr: 1.000e-03, eta: 5:26:45, time: 0.177, data_time: 0.009, memory: 13424, loss_cls: 0.3997, loss_bbox: 0.3743, loss_kps: 0.0000, loss: 0.7740
2026-09-23 19:46:30,108 - mmdet - INFO - Epoch [15][150/6976]	lr: 1.000e-03, eta: 5:26:36, time: 0.175, data_time: 0.009, memory: 13424, loss_cls: 0.3966, loss_bbox: 0.3720, loss_kps: 0.0000, loss: 0.7685
2026-09-23 19:46:38,915 - mmdet - INFO - Epoch [15][200/6976]	lr: 1.000e-03, eta: 5:26:27, time: 0.176, data_time: 0.009, memory: 13424, loss_cls: 0.3994, loss_bbox: 0.3820, loss_kps: 0.0000, loss: 0.7814
2026-09-23 19:46:47,624 - mmdet - INFO - Epoch [15][250/6976]	lr: 1.000e-03, eta: 5:26:18, time: 0.174, data_time: 0.009, memory: 13424, loss_cls: 0.3960, loss_bbox: 0.3720, loss_kps: 0.0000, loss: 0.7680
2026-09-23 19:46:56,346 - mmdet - INFO - Epoch [15][300/6976]	lr: 1.000e-03, eta: 5:26:09, time: 0.174, data_time: 0.009, memory: 13424, loss_cls: 0.4358, loss_bbox: 0.3828, loss_kps: 0.0000, loss: 0.8185
2026-09-23 19:47:05,194 - mmdet - INFO - Epoch [15][350/6976]	lr: 1.000e-03, eta: 5:26:00, time: 0.177, data_time: 0.009, memory: 13424, loss_cls: 0.4014, loss_bbox: 0.3740, loss_kps: 0.0000, loss: 0.7754
2026-09-23 19:47:13,954 - mmdet - INFO - Epoch [15][400/6976]	lr: 1.000e-03, eta: 5:25:52, time: 0.175, data_time: 0.009, memory: 13424, loss_cls: 0.4283, loss_bbox: 0.3972, loss_kps: 0.0000, loss: 0.8255
2026-09-23 19:47:22,688 - mmdet - INFO - Epoch [15][450/6976]	lr: 1.000e-03, eta: 5:25:43, time: 0.175, data_time: 0.009, memory: 13424, loss_cls: 0.3779, loss_bbox: 0.3614, loss_kps: 0.0000, loss: 0.7393
2026-09-23 19:47:31,481 - mmdet - INFO - Epoch [15][500/6976]	lr: 1.000e-03, eta: 5:25:34, time: 0.176, data_time: 0.009, memory: 13424, loss_cls: 0.4074, loss_bbox: 0.3654, loss_kps: 0.0000, loss: 0.7728
2026-09-23 19:47:40,264 - mmdet - INFO - Epoch [15][550/6976]	lr: 1.000e-03, eta: 5:25:25, time: 0.176, data_time: 0.009, memory: 13424, loss_cls: 0.3839, loss_bbox: 0.3653, loss_kps: 0.0000, loss: 0.7492
2026-09-23 19:47:49,063 - mmdet - INFO - Epoch [15][600/6976]	lr: 1.000e-03, eta: 5:25:16, time: 0.176, data_time: 0.010, memory: 13424, loss_cls: 0.3971, loss_bbox: 0.3847, loss_kps: 0.0000, loss: 0.7817
2026-09-23 19:47:57,731 - mmdet - INFO - Epoch [15][650/6976]	lr: 1.000e-03, eta: 5:25:07, time: 0.173, data_time: 0.009, memory: 13424, loss_cls: 0.3922, loss_bbox: 0.3837, loss_kps: 0.0000, loss: 0.7758
2026-09-23 19:48:06,470 - mmdet - INFO - Epoch [15][700/6976]	lr: 1.000e-03, eta: 5:24:59, time: 0.175, data_time: 0.009, memory: 13424, loss_cls: 0.4142, loss_bbox: 0.3671, loss_kps: 0.0000, loss: 0.7813
2026-09-23 19:48:15,237 - mmdet - INFO - Epoch [15][750/6976]	lr: 1.000e-03, eta: 5:24:50, time: 0.175, data_time: 0.009, memory: 13424, loss_cls: 0.4001, loss_bbox: 0.3647, loss_kps: 0.0000, loss: 0.7647
2026-09-23 19:48:24,054 - mmdet - INFO - Epoch [15][800/6976]	lr: 1.000e-03, eta: 5:24:41, time: 0.176, data_time: 0.009, memory: 13424, loss_cls: 0.4071, loss_bbox: 0.3947, loss_kps: 0.0000, loss: 0.8019
2026-09-23 19:48:32,820 - mmdet - INFO - Epoch [15][850/6976]	lr: 1.000e-03, eta: 5:24:32, time: 0.175, data_time: 0.009, memory: 13424, loss_cls: 0.3821, loss_bbox: 0.3697, loss_kps: 0.0000, loss: 0.7518
2026-09-23 19:48:41,643 - mmdet - INFO - Epoch [15][900/6976]	lr: 1.000e-03, eta: 5:24:23, time: 0.176, data_time: 0.009, memory: 13424, loss_cls: 0.4036, loss_bbox: 0.3738, loss_kps: 0.0000, loss: 0.7774
2026-09-23 19:48:50,411 - mmdet - INFO - Epoch [15][950/6976]	lr: 1.000e-03, eta: 5:24:15, time: 0.175, data_time: 0.009, memory: 13424, loss_cls: 0.4167, loss_bbox: 0.3765, loss_kps: 0.0000, loss: 0.7932
2026-09-23 19:48:59,213 - mmdet - INFO - Epoch [15][1000/6976]	lr: 1.000e-03, eta: 5:24:06, time: 0.176, data_time: 0.009, memory: 13424, loss_cls: 0.3996, loss_bbox: 0.3814, loss_kps: 0.0000, loss: 0.7810
2026-09-23 19:49:07,946 - mmdet - INFO - Epoch [15][1050/6976]	lr: 1.000e-03, eta: 5:23:57, time: 0.175, data_time: 0.009, memory: 13424, loss_cls: 0.3791, loss_bbox: 0.3662, loss_kps: 0.0000, loss: 0.7453
2026-09-23 19:49:16,742 - mmdet - INFO - Epoch [15][1100/6976]	lr: 1.000e-03, eta: 5:23:48, time: 0.176, data_time: 0.008, memory: 13424, loss_cls: 0.3901, loss_bbox: 0.3632, loss_kps: 0.0000, loss: 0.7533
2026-09-23 19:49:25,477 - mmdet - INFO - Epoch [15][1150/6976]	lr: 1.000e-03, eta: 5:23:39, time: 0.175, data_time: 0.009, memory: 13424, loss_cls: 0.3979, loss_bbox: 0.3732, loss_kps: 0.0000, loss: 0.7711
2026-09-23 19:49:34,236 - mmdet - INFO - Epoch [15][1200/6976]	lr: 1.000e-03, eta: 5:23:31, time: 0.175, data_time: 0.009, memory: 13424, loss_cls: 0.3974, loss_bbox: 0.3710, loss_kps: 0.0000, loss: 0.7684
2026-09-23 19:49:42,982 - mmdet - INFO - Epoch [15][1250/6976]	lr: 1.000e-03, eta: 5:23:22, time: 0.175, data_time: 0.009, memory: 13424, loss_cls: 0.3894, loss_bbox: 0.3691, loss_kps: 0.0000, loss: 0.7585
2026-09-23 19:49:52,111 - mmdet - INFO - Epoch [15][1300/6976]	lr: 1.000e-03, eta: 5:23:13, time: 0.183, data_time: 0.010, memory: 13424, loss_cls: 0.3984, loss_bbox: 0.3588, loss_kps: 0.0000, loss: 0.7573
2026-09-23 19:50:00,811 - mmdet - INFO - Epoch [15][1350/6976]	lr: 1.000e-03, eta: 5:23:04, time: 0.174, data_time: 0.008, memory: 13424, loss_cls: 0.3814, loss_bbox: 0.3653, loss_kps: 0.0000, loss: 0.7467
2026-09-23 19:50:09,530 - mmdet - INFO - Epoch [15][1400/6976]	lr: 1.000e-03, eta: 5:22:56, time: 0.174, data_time: 0.008, memory: 13424, loss_cls: 0.3907, loss_bbox: 0.3725, loss_kps: 0.0000, loss: 0.7632
2026-09-23 19:50:18,352 - mmdet - INFO - Epoch [15][1450/6976]	lr: 1.000e-03, eta: 5:22:47, time: 0.176, data_time: 0.009, memory: 13424, loss_cls: 0.3887, loss_bbox: 0.3642, loss_kps: 0.0000, loss: 0.7529
2026-09-23 19:50:27,088 - mmdet - INFO - Epoch [15][1500/6976]	lr: 1.000e-03, eta: 5:22:38, time: 0.175, data_time: 0.009, memory: 13424, loss_cls: 0.3949, loss_bbox: 0.3530, loss_kps: 0.0000, loss: 0.7478
2026-09-23 19:50:35,863 - mmdet - INFO - Epoch [15][1550/6976]	lr: 1.000e-03, eta: 5:22:29, time: 0.175, data_time: 0.009, memory: 13424, loss_cls: 0.3835, loss_bbox: 0.3609, loss_kps: 0.0000, loss: 0.7444
2026-09-23 19:50:44,612 - mmdet - INFO - Epoch [15][1600/6976]	lr: 1.000e-03, eta: 5:22:20, time: 0.175, data_time: 0.009, memory: 13424, loss_cls: 0.3949, loss_bbox: 0.3648, loss_kps: 0.0000, loss: 0.7598
2026-09-23 19:50:53,386 - mmdet - INFO - Epoch [15][1650/6976]	lr: 1.000e-03, eta: 5:22:11, time: 0.175, data_time: 0.009, memory: 13424, loss_cls: 0.3982, loss_bbox: 0.3655, loss_kps: 0.0000, loss: 0.7637
2026-09-23 19:51:02,115 - mmdet - INFO - Epoch [15][1700/6976]	lr: 1.000e-03, eta: 5:22:03, time: 0.174, data_time: 0.010, memory: 13424, loss_cls: 0.4000, loss_bbox: 0.3713, loss_kps: 0.0000, loss: 0.7713
2026-09-23 19:51:10,760 - mmdet - INFO - Epoch [15][1750/6976]	lr: 1.000e-03, eta: 5:21:54, time: 0.173, data_time: 0.009, memory: 13424, loss_cls: 0.4091, loss_bbox: 0.3814, loss_kps: 0.0000, loss: 0.7905
2026-09-23 19:51:19,511 - mmdet - INFO - Epoch [15][1800/6976]	lr: 1.000e-03, eta: 5:21:45, time: 0.175, data_time: 0.009, memory: 13424, loss_cls: 0.3901, loss_bbox: 0.3672, loss_kps: 0.0000, loss: 0.7573
2026-09-23 19:51:28,613 - mmdet - INFO - Epoch [15][1850/6976]	lr: 1.000e-03, eta: 5:21:36, time: 0.182, data_time: 0.009, memory: 13424, loss_cls: 0.3908, loss_bbox: 0.3715, loss_kps: 0.0000, loss: 0.7623
2026-09-23 19:51:37,760 - mmdet - INFO - Epoch [15][1900/6976]	lr: 1.000e-03, eta: 5:21:28, time: 0.183, data_time: 0.009, memory: 13424, loss_cls: 0.3895, loss_bbox: 0.3549, loss_kps: 0.0000, loss: 0.7445
2026-09-23 19:51:46,529 - mmdet - INFO - Epoch [15][1950/6976]	lr: 1.000e-03, eta: 5:21:19, time: 0.175, data_time: 0.009, memory: 13424, loss_cls: 0.4100, loss_bbox: 0.3753, loss_kps: 0.0000, loss: 0.7853
2026-09-23 19:51:55,252 - mmdet - INFO - Epoch [15][2000/6976]	lr: 1.000e-03, eta: 5:21:10, time: 0.174, data_time: 0.010, memory: 13424, loss_cls: 0.3913, loss_bbox: 0.3679, loss_kps: 0.0000, loss: 0.7592
2026-09-23 19:52:03,951 - mmdet - INFO - Epoch [15][2050/6976]	lr: 1.000e-03, eta: 5:21:01, time: 0.174, data_time: 0.009, memory: 13424, loss_cls: 0.4164, loss_bbox: 0.3758, loss_kps: 0.0000, loss: 0.7923
2026-09-23 19:52:12,729 - mmdet - INFO - Epoch [15][2100/6976]	lr: 1.000e-03, eta: 5:20:53, time: 0.176, data_time: 0.009, memory: 13424, loss_cls: 0.4212, loss_bbox: 0.3738, loss_kps: 0.0000, loss: 0.7950
2026-09-23 19:52:21,506 - mmdet - INFO - Epoch [15][2150/6976]	lr: 1.000e-03, eta: 5:20:44, time: 0.176, data_time: 0.009, memory: 13424, loss_cls: 0.4202, loss_bbox: 0.3927, loss_kps: 0.0000, loss: 0.8129
2026-09-23 19:52:30,186 - mmdet - INFO - Epoch [15][2200/6976]	lr: 1.000e-03, eta: 5:20:35, time: 0.174, data_time: 0.009, memory: 13424, loss_cls: 0.4059, loss_bbox: 0.3708, loss_kps: 0.0000, loss: 0.7767
2026-09-23 19:52:38,888 - mmdet - INFO - Epoch [15][2250/6976]	lr: 1.000e-03, eta: 5:20:26, time: 0.174, data_time: 0.009, memory: 13424, loss_cls: 0.4219, loss_bbox: 0.4006, loss_kps: 0.0000, loss: 0.8225
2026-09-23 19:52:47,670 - mmdet - INFO - Epoch [15][2300/6976]	lr: 1.000e-03, eta: 5:20:17, time: 0.176, data_time: 0.009, memory: 13424, loss_cls: 0.4040, loss_bbox: 0.3717, loss_kps: 0.0000, loss: 0.7757
2026-09-23 19:52:56,478 - mmdet - INFO - Epoch [15][2350/6976]	lr: 1.000e-03, eta: 5:20:08, time: 0.176, data_time: 0.010, memory: 13424, loss_cls: 0.4058, loss_bbox: 0.3668, loss_kps: 0.0000, loss: 0.7727
2026-09-23 19:53:05,222 - mmdet - INFO - Epoch [15][2400/6976]	lr: 1.000e-03, eta: 5:20:00, time: 0.175, data_time: 0.009, memory: 13424, loss_cls: 0.3966, loss_bbox: 0.3720, loss_kps: 0.0000, loss: 0.7686
2026-09-23 19:53:13,931 - mmdet - INFO - Epoch [15][2450/6976]	lr: 1.000e-03, eta: 5:19:51, time: 0.174, data_time: 0.009, memory: 13424, loss_cls: 0.3983, loss_bbox: 0.3670, loss_kps: 0.0000, loss: 0.7653
2026-09-23 19:53:22,693 - mmdet - INFO - Epoch [15][2500/6976]	lr: 1.000e-03, eta: 5:19:42, time: 0.175, data_time: 0.009, memory: 13424, loss_cls: 0.3954, loss_bbox: 0.3744, loss_kps: 0.0000, loss: 0.7698
2026-09-23 19:53:31,434 - mmdet - INFO - Epoch [15][2550/6976]	lr: 1.000e-03, eta: 5:19:33, time: 0.175, data_time: 0.009, memory: 13424, loss_cls: 0.4177, loss_bbox: 0.3689, loss_kps: 0.0000, loss: 0.7866
2026-09-23 19:53:40,147 - mmdet - INFO - Epoch [15][2600/6976]	lr: 1.000e-03, eta: 5:19:24, time: 0.174, data_time: 0.009, memory: 13424, loss_cls: 0.3881, loss_bbox: 0.3671, loss_kps: 0.0000, loss: 0.7552
2026-09-23 19:53:48,953 - mmdet - INFO - Epoch [15][2650/6976]	lr: 1.000e-03, eta: 5:19:15, time: 0.176, data_time: 0.009, memory: 13424, loss_cls: 0.3961, loss_bbox: 0.3742, loss_kps: 0.0000, loss: 0.7703
2026-09-23 19:53:57,671 - mmdet - INFO - Epoch [15][2700/6976]	lr: 1.000e-03, eta: 5:19:07, time: 0.174, data_time: 0.009, memory: 13424, loss_cls: 0.4042, loss_bbox: 0.3757, loss_kps: 0.0000, loss: 0.7798
2026-09-23 19:54:06,455 - mmdet - INFO - Epoch [15][2750/6976]	lr: 1.000e-03, eta: 5:18:58, time: 0.176, data_time: 0.010, memory: 13424, loss_cls: 0.3889, loss_bbox: 0.3593, loss_kps: 0.0000, loss: 0.7482
2026-09-23 19:54:15,234 - mmdet - INFO - Epoch [15][2800/6976]	lr: 1.000e-03, eta: 5:18:49, time: 0.176, data_time: 0.010, memory: 13424, loss_cls: 0.4134, loss_bbox: 0.3774, loss_kps: 0.0000, loss: 0.7908
2026-09-23 19:54:23,970 - mmdet - INFO - Epoch [15][2850/6976]	lr: 1.000e-03, eta: 5:18:40, time: 0.175, data_time: 0.009, memory: 13424, loss_cls: 0.3999, loss_bbox: 0.3773, loss_kps: 0.0000, loss: 0.7772
2026-09-23 19:54:32,825 - mmdet - INFO - Epoch [15][2900/6976]	lr: 1.000e-03, eta: 5:18:31, time: 0.177, data_time: 0.009, memory: 13424, loss_cls: 0.3821, loss_bbox: 0.3661, loss_kps: 0.0000, loss: 0.7482
2026-09-23 19:54:41,610 - mmdet - INFO - Epoch [15][2950/6976]	lr: 1.000e-03, eta: 5:18:23, time: 0.176, data_time: 0.009, memory: 13424, loss_cls: 0.3885, loss_bbox: 0.3651, loss_kps: 0.0000, loss: 0.7536
2026-09-23 19:54:50,692 - mmdet - INFO - Epoch [15][3000/6976]	lr: 1.000e-03, eta: 5:18:14, time: 0.182, data_time: 0.009, memory: 13424, loss_cls: 0.4074, loss_bbox: 0.3731, loss_kps: 0.0000, loss: 0.7805
2026-09-23 19:54:59,501 - mmdet - INFO - Epoch [15][3050/6976]	lr: 1.000e-03, eta: 5:18:05, time: 0.176, data_time: 0.010, memory: 13424, loss_cls: 0.4032, loss_bbox: 0.3798, loss_kps: 0.0000, loss: 0.7830
2026-09-23 19:55:08,224 - mmdet - INFO - Epoch [15][3100/6976]	lr: 1.000e-03, eta: 5:17:57, time: 0.174, data_time: 0.009, memory: 13424, loss_cls: 0.3889, loss_bbox: 0.3724, loss_kps: 0.0000, loss: 0.7613
2026-09-23 19:55:16,838 - mmdet - INFO - Epoch [15][3150/6976]	lr: 1.000e-03, eta: 5:17:48, time: 0.172, data_time: 0.009, memory: 13424, loss_cls: 0.4136, loss_bbox: 0.3690, loss_kps: 0.0000, loss: 0.7826
2026-09-23 19:55:25,560 - mmdet - INFO - Epoch [15][3200/6976]	lr: 1.000e-03, eta: 5:17:39, time: 0.174, data_time: 0.009, memory: 13424, loss_cls: 0.4234, loss_bbox: 0.3775, loss_kps: 0.0000, loss: 0.8009
2026-09-23 19:55:34,301 - mmdet - INFO - Epoch [15][3250/6976]	lr: 1.000e-03, eta: 5:17:30, time: 0.175, data_time: 0.009, memory: 13424, loss_cls: 0.3884, loss_bbox: 0.3590, loss_kps: 0.0000, loss: 0.7474
2026-09-23 19:55:43,068 - mmdet - INFO - Epoch [15][3300/6976]	lr: 1.000e-03, eta: 5:17:21, time: 0.175, data_time: 0.009, memory: 13424, loss_cls: 0.3891, loss_bbox: 0.3709, loss_kps: 0.0000, loss: 0.7600
2026-09-23 19:55:51,763 - mmdet - INFO - Epoch [15][3350/6976]	lr: 1.000e-03, eta: 5:17:12, time: 0.174, data_time: 0.009, memory: 13424, loss_cls: 0.3693, loss_bbox: 0.3428, loss_kps: 0.0000, loss: 0.7121
2026-09-23 19:56:00,452 - mmdet - INFO - Epoch [15][3400/6976]	lr: 1.000e-03, eta: 5:17:03, time: 0.174, data_time: 0.009, memory: 13424, loss_cls: 0.3988, loss_bbox: 0.3763, loss_kps: 0.0000, loss: 0.7751
2026-09-23 19:56:09,507 - mmdet - INFO - Epoch [15][3450/6976]	lr: 1.000e-03, eta: 5:16:55, time: 0.181, data_time: 0.017, memory: 13424, loss_cls: 0.3868, loss_bbox: 0.3702, loss_kps: 0.0000, loss: 0.7570
2026-09-23 19:56:18,265 - mmdet - INFO - Epoch [15][3500/6976]	lr: 1.000e-03, eta: 5:16:46, time: 0.175, data_time: 0.009, memory: 13424, loss_cls: 0.3913, loss_bbox: 0.3648, loss_kps: 0.0000, loss: 0.7561
2026-09-23 19:56:26,973 - mmdet - INFO - Epoch [15][3550/6976]	lr: 1.000e-03, eta: 5:16:37, time: 0.174, data_time: 0.009, memory: 13424, loss_cls: 0.3734, loss_bbox: 0.3755, loss_kps: 0.0000, loss: 0.7488
2026-09-23 19:56:35,666 - mmdet - INFO - Epoch [15][3600/6976]	lr: 1.000e-03, eta: 5:16:28, time: 0.174, data_time: 0.009, memory: 13424, loss_cls: 0.4013, loss_bbox: 0.3743, loss_kps: 0.0000, loss: 0.7756
2026-09-23 19:56:44,428 - mmdet - INFO - Epoch [15][3650/6976]	lr: 1.000e-03, eta: 5:16:19, time: 0.175, data_time: 0.009, memory: 13424, loss_cls: 0.4239, loss_bbox: 0.3991, loss_kps: 0.0000, loss: 0.8231
2026-09-23 19:56:53,089 - mmdet - INFO - Epoch [15][3700/6976]	lr: 1.000e-03, eta: 5:16:10, time: 0.173, data_time: 0.009, memory: 13424, loss_cls: 0.3931, loss_bbox: 0.3788, loss_kps: 0.0000, loss: 0.7719
2026-09-23 19:57:01,868 - mmdet - INFO - Epoch [15][3750/6976]	lr: 1.000e-03, eta: 5:16:02, time: 0.176, data_time: 0.009, memory: 13424, loss_cls: 0.3977, loss_bbox: 0.3803, loss_kps: 0.0000, loss: 0.7780
2026-09-23 19:57:10,600 - mmdet - INFO - Epoch [15][3800/6976]	lr: 1.000e-03, eta: 5:15:53, time: 0.175, data_time: 0.009, memory: 13424, loss_cls: 0.4084, loss_bbox: 0.3780, loss_kps: 0.0000, loss: 0.7864
2026-09-23 19:57:19,352 - mmdet - INFO - Epoch [15][3850/6976]	lr: 1.000e-03, eta: 5:15:44, time: 0.175, data_time: 0.010, memory: 13424, loss_cls: 0.4039, loss_bbox: 0.3816, loss_kps: 0.0000, loss: 0.7855
2026-09-23 19:57:28,096 - mmdet - INFO - Epoch [15][3900/6976]	lr: 1.000e-03, eta: 5:15:35, time: 0.175, data_time: 0.009, memory: 13424, loss_cls: 0.3907, loss_bbox: 0.3858, loss_kps: 0.0000, loss: 0.7766
2026-09-23 19:57:36,937 - mmdet - INFO - Epoch [15][3950/6976]	lr: 1.000e-03, eta: 5:15:26, time: 0.177, data_time: 0.009, memory: 13424, loss_cls: 0.3901, loss_bbox: 0.3580, loss_kps: 0.0000, loss: 0.7481
2026-09-23 19:57:45,647 - mmdet - INFO - Epoch [15][4000/6976]	lr: 1.000e-03, eta: 5:15:17, time: 0.174, data_time: 0.009, memory: 13424, loss_cls: 0.4067, loss_bbox: 0.3726, loss_kps: 0.0000, loss: 0.7792
2026-09-23 19:57:54,424 - mmdet - INFO - Epoch [15][4050/6976]	lr: 1.000e-03, eta: 5:15:09, time: 0.176, data_time: 0.009, memory: 13424, loss_cls: 0.3724, loss_bbox: 0.3519, loss_kps: 0.0000, loss: 0.7243
2026-09-23 19:58:03,212 - mmdet - INFO - Epoch [15][4100/6976]	lr: 1.000e-03, eta: 5:15:00, time: 0.176, data_time: 0.009, memory: 13424, loss_cls: 0.3989, loss_bbox: 0.3715, loss_kps: 0.0000, loss: 0.7704
2026-09-23 19:58:11,924 - mmdet - INFO - Epoch [15][4150/6976]	lr: 1.000e-03, eta: 5:14:51, time: 0.174, data_time: 0.009, memory: 13424, loss_cls: 0.3747, loss_bbox: 0.3600, loss_kps: 0.0000, loss: 0.7348
2026-09-23 19:58:20,728 - mmdet - INFO - Epoch [15][4200/6976]	lr: 1.000e-03, eta: 5:14:42, time: 0.176, data_time: 0.009, memory: 13424, loss_cls: 0.3877, loss_bbox: 0.3693, loss_kps: 0.0000, loss: 0.7570
2026-09-23 19:58:29,460 - mmdet - INFO - Epoch [15][4250/6976]	lr: 1.000e-03, eta: 5:14:33, time: 0.175, data_time: 0.009, memory: 13424, loss_cls: 0.4225, loss_bbox: 0.3736, loss_kps: 0.0000, loss: 0.7961
2026-09-23 19:58:38,228 - mmdet - INFO - Epoch [15][4300/6976]	lr: 1.000e-03, eta: 5:14:25, time: 0.175, data_time: 0.009, memory: 13424, loss_cls: 0.3953, loss_bbox: 0.3515, loss_kps: 0.0000, loss: 0.7468
2026-09-23 19:58:47,108 - mmdet - INFO - Epoch [15][4350/6976]	lr: 1.000e-03, eta: 5:14:16, time: 0.178, data_time: 0.009, memory: 13424, loss_cls: 0.3948, loss_bbox: 0.3667, loss_kps: 0.0000, loss: 0.7616
2026-09-23 19:58:55,922 - mmdet - INFO - Epoch [15][4400/6976]	lr: 1.000e-03, eta: 5:14:07, time: 0.176, data_time: 0.009, memory: 13424, loss_cls: 0.4254, loss_bbox: 0.3778, loss_kps: 0.0000, loss: 0.8032
2026-09-23 19:59:04,705 - mmdet - INFO - Epoch [15][4450/6976]	lr: 1.000e-03, eta: 5:13:58, time: 0.176, data_time: 0.009, memory: 13424, loss_cls: 0.3992, loss_bbox: 0.3772, loss_kps: 0.0000, loss: 0.7764
2026-09-23 19:59:13,508 - mmdet - INFO - Epoch [15][4500/6976]	lr: 1.000e-03, eta: 5:13:49, time: 0.176, data_time: 0.009, memory: 13424, loss_cls: 0.4024, loss_bbox: 0.3708, loss_kps: 0.0000, loss: 0.7733
2026-09-23 19:59:22,285 - mmdet - INFO - Epoch [15][4550/6976]	lr: 1.000e-03, eta: 5:13:41, time: 0.176, data_time: 0.009, memory: 13424, loss_cls: 0.4020, loss_bbox: 0.3901, loss_kps: 0.0000, loss: 0.7921
2026-09-23 19:59:31,027 - mmdet - INFO - Epoch [15][4600/6976]	lr: 1.000e-03, eta: 5:13:32, time: 0.175, data_time: 0.010, memory: 13424, loss_cls: 0.4031, loss_bbox: 0.3729, loss_kps: 0.0000, loss: 0.7761
2026-09-23 19:59:40,117 - mmdet - INFO - Epoch [15][4650/6976]	lr: 1.000e-03, eta: 5:13:23, time: 0.182, data_time: 0.009, memory: 13424, loss_cls: 0.4164, loss_bbox: 0.3728, loss_kps: 0.0000, loss: 0.7892
2026-09-23 19:59:48,991 - mmdet - INFO - Epoch [15][4700/6976]	lr: 1.000e-03, eta: 5:13:15, time: 0.177, data_time: 0.009, memory: 13424, loss_cls: 0.3863, loss_bbox: 0.3740, loss_kps: 0.0000, loss: 0.7604
2026-09-23 19:59:57,768 - mmdet - INFO - Epoch [15][4750/6976]	lr: 1.000e-03, eta: 5:13:06, time: 0.176, data_time: 0.009, memory: 13424, loss_cls: 0.3779, loss_bbox: 0.3637, loss_kps: 0.0000, loss: 0.7416
2026-09-23 20:00:06,508 - mmdet - INFO - Epoch [15][4800/6976]	lr: 1.000e-03, eta: 5:12:57, time: 0.175, data_time: 0.009, memory: 13424, loss_cls: 0.3837, loss_bbox: 0.3780, loss_kps: 0.0000, loss: 0.7616
2026-09-23 20:00:15,310 - mmdet - INFO - Epoch [15][4850/6976]	lr: 1.000e-03, eta: 5:12:48, time: 0.176, data_time: 0.009, memory: 13424, loss_cls: 0.3959, loss_bbox: 0.3775, loss_kps: 0.0000, loss: 0.7733
2026-09-23 20:00:24,040 - mmdet - INFO - Epoch [15][4900/6976]	lr: 1.000e-03, eta: 5:12:39, time: 0.175, data_time: 0.009, memory: 13424, loss_cls: 0.4021, loss_bbox: 0.3461, loss_kps: 0.0000, loss: 0.7482
2026-09-23 20:00:32,728 - mmdet - INFO - Epoch [15][4950/6976]	lr: 1.000e-03, eta: 5:12:31, time: 0.174, data_time: 0.010, memory: 13424, loss_cls: 0.4037, loss_bbox: 0.3813, loss_kps: 0.0000, loss: 0.7850
2026-09-23 20:00:41,529 - mmdet - INFO - Epoch [15][5000/6976]	lr: 1.000e-03, eta: 5:12:22, time: 0.176, data_time: 0.009, memory: 13424, loss_cls: 0.4338, loss_bbox: 0.3799, loss_kps: 0.0000, loss: 0.8137
2026-09-23 20:00:50,579 - mmdet - INFO - Epoch [15][5050/6976]	lr: 1.000e-03, eta: 5:12:13, time: 0.181, data_time: 0.009, memory: 13424, loss_cls: 0.3901, loss_bbox: 0.3568, loss_kps: 0.0000, loss: 0.7469
2026-09-23 20:00:59,354 - mmdet - INFO - Epoch [15][5100/6976]	lr: 1.000e-03, eta: 5:12:04, time: 0.175, data_time: 0.009, memory: 13424, loss_cls: 0.4079, loss_bbox: 0.3632, loss_kps: 0.0000, loss: 0.7711
2026-09-23 20:01:08,098 - mmdet - INFO - Epoch [15][5150/6976]	lr: 1.000e-03, eta: 5:11:56, time: 0.175, data_time: 0.009, memory: 13424, loss_cls: 0.3977, loss_bbox: 0.3708, loss_kps: 0.0000, loss: 0.7686
2026-09-23 20:01:16,858 - mmdet - INFO - Epoch [15][5200/6976]	lr: 1.000e-03, eta: 5:11:47, time: 0.175, data_time: 0.009, memory: 13424, loss_cls: 0.4096, loss_bbox: 0.3655, loss_kps: 0.0000, loss: 0.7752
2026-09-23 20:01:25,655 - mmdet - INFO - Epoch [15][5250/6976]	lr: 1.000e-03, eta: 5:11:38, time: 0.176, data_time: 0.010, memory: 13424, loss_cls: 0.3877, loss_bbox: 0.3641, loss_kps: 0.0000, loss: 0.7518
2026-09-23 20:01:34,427 - mmdet - INFO - Epoch [15][5300/6976]	lr: 1.000e-03, eta: 5:11:29, time: 0.175, data_time: 0.010, memory: 13424, loss_cls: 0.4261, loss_bbox: 0.3708, loss_kps: 0.0000, loss: 0.7969
2026-09-23 20:01:43,097 - mmdet - INFO - Epoch [15][5350/6976]	lr: 1.000e-03, eta: 5:11:20, time: 0.173, data_time: 0.009, memory: 13424, loss_cls: 0.4094, loss_bbox: 0.3731, loss_kps: 0.0000, loss: 0.7825
2026-09-23 20:01:51,766 - mmdet - INFO - Epoch [15][5400/6976]	lr: 1.000e-03, eta: 5:11:11, time: 0.173, data_time: 0.010, memory: 13424, loss_cls: 0.3701, loss_bbox: 0.3401, loss_kps: 0.0000, loss: 0.7102
2026-09-23 20:02:00,394 - mmdet - INFO - Epoch [15][5450/6976]	lr: 1.000e-03, eta: 5:11:02, time: 0.173, data_time: 0.009, memory: 13424, loss_cls: 0.4127, loss_bbox: 0.3793, loss_kps: 0.0000, loss: 0.7921
2026-09-23 20:02:09,306 - mmdet - INFO - Epoch [15][5500/6976]	lr: 1.000e-03, eta: 5:10:54, time: 0.178, data_time: 0.009, memory: 13424, loss_cls: 0.4018, loss_bbox: 0.3840, loss_kps: 0.0000, loss: 0.7858
2026-09-23 20:02:18,346 - mmdet - INFO - Epoch [15][5550/6976]	lr: 1.000e-03, eta: 5:10:45, time: 0.181, data_time: 0.009, memory: 13424, loss_cls: 0.4005, loss_bbox: 0.3897, loss_kps: 0.0000, loss: 0.7902
2026-09-23 20:02:27,045 - mmdet - INFO - Epoch [15][5600/6976]	lr: 1.000e-03, eta: 5:10:36, time: 0.174, data_time: 0.009, memory: 13424, loss_cls: 0.4145, loss_bbox: 0.3824, loss_kps: 0.0000, loss: 0.7969
2026-09-23 20:02:35,837 - mmdet - INFO - Epoch [15][5650/6976]	lr: 1.000e-03, eta: 5:10:27, time: 0.176, data_time: 0.009, memory: 13424, loss_cls: 0.4134, loss_bbox: 0.3803, loss_kps: 0.0000, loss: 0.7938
2026-09-23 20:02:44,596 - mmdet - INFO - Epoch [15][5700/6976]	lr: 1.000e-03, eta: 5:10:19, time: 0.175, data_time: 0.010, memory: 13424, loss_cls: 0.4007, loss_bbox: 0.3780, loss_kps: 0.0000, loss: 0.7787
2026-09-23 20:02:53,298 - mmdet - INFO - Epoch [15][5750/6976]	lr: 1.000e-03, eta: 5:10:10, time: 0.174, data_time: 0.009, memory: 13424, loss_cls: 0.4109, loss_bbox: 0.3732, loss_kps: 0.0000, loss: 0.7841
2026-09-23 20:03:02,046 - mmdet - INFO - Epoch [15][5800/6976]	lr: 1.000e-03, eta: 5:10:01, time: 0.175, data_time: 0.009, memory: 13424, loss_cls: 0.4138, loss_bbox: 0.3768, loss_kps: 0.0000, loss: 0.7906
2026-09-23 20:03:10,809 - mmdet - INFO - Epoch [15][5850/6976]	lr: 1.000e-03, eta: 5:09:52, time: 0.175, data_time: 0.008, memory: 13424, loss_cls: 0.3808, loss_bbox: 0.3633, loss_kps: 0.0000, loss: 0.7442
2026-09-23 20:03:19,509 - mmdet - INFO - Epoch [15][5900/6976]	lr: 1.000e-03, eta: 5:09:43, time: 0.174, data_time: 0.010, memory: 13424, loss_cls: 0.3964, loss_bbox: 0.3594, loss_kps: 0.0000, loss: 0.7558
2026-09-23 20:03:28,183 - mmdet - INFO - Epoch [15][5950/6976]	lr: 1.000e-03, eta: 5:09:34, time: 0.173, data_time: 0.010, memory: 13424, loss_cls: 0.4253, loss_bbox: 0.3818, loss_kps: 0.0000, loss: 0.8072
2026-09-23 20:03:36,851 - mmdet - INFO - Epoch [15][6000/6976]	lr: 1.000e-03, eta: 5:09:25, time: 0.173, data_time: 0.010, memory: 13424, loss_cls: 0.3878, loss_bbox: 0.3599, loss_kps: 0.0000, loss: 0.7477
2026-09-23 20:03:45,542 - mmdet - INFO - Epoch [15][6050/6976]	lr: 1.000e-03, eta: 5:09:17, time: 0.174, data_time: 0.010, memory: 13424, loss_cls: 0.4344, loss_bbox: 0.3744, loss_kps: 0.0000, loss: 0.8088
2026-09-23 20:03:54,293 - mmdet - INFO - Epoch [15][6100/6976]	lr: 1.000e-03, eta: 5:09:08, time: 0.175, data_time: 0.009, memory: 13424, loss_cls: 0.3933, loss_bbox: 0.3709, loss_kps: 0.0000, loss: 0.7642
2026-09-23 20:04:03,067 - mmdet - INFO - Epoch [15][6150/6976]	lr: 1.000e-03, eta: 5:08:59, time: 0.175, data_time: 0.010, memory: 13424, loss_cls: 0.3929, loss_bbox: 0.3549, loss_kps: 0.0000, loss: 0.7478
2026-09-23 20:04:11,872 - mmdet - INFO - Epoch [15][6200/6976]	lr: 1.000e-03, eta: 5:08:50, time: 0.176, data_time: 0.010, memory: 13424, loss_cls: 0.4292, loss_bbox: 0.3944, loss_kps: 0.0000, loss: 0.8235
2026-09-23 20:04:20,568 - mmdet - INFO - Epoch [15][6250/6976]	lr: 1.000e-03, eta: 5:08:41, time: 0.174, data_time: 0.010, memory: 13424, loss_cls: 0.4076, loss_bbox: 0.3808, loss_kps: 0.0000, loss: 0.7884
2026-09-23 20:04:29,324 - mmdet - INFO - Epoch [15][6300/6976]	lr: 1.000e-03, eta: 5:08:32, time: 0.175, data_time: 0.010, memory: 13424, loss_cls: 0.3707, loss_bbox: 0.3553, loss_kps: 0.0000, loss: 0.7260
2026-09-23 20:04:38,082 - mmdet - INFO - Epoch [15][6350/6976]	lr: 1.000e-03, eta: 5:08:24, time: 0.175, data_time: 0.010, memory: 13424, loss_cls: 0.4072, loss_bbox: 0.3750, loss_kps: 0.0000, loss: 0.7822
2026-09-23 20:04:46,777 - mmdet - INFO - Epoch [15][6400/6976]	lr: 1.000e-03, eta: 5:08:15, time: 0.174, data_time: 0.010, memory: 13424, loss_cls: 0.3978, loss_bbox: 0.3653, loss_kps: 0.0000, loss: 0.7631
2026-09-23 20:04:55,480 - mmdet - INFO - Epoch [15][6450/6976]	lr: 1.000e-03, eta: 5:08:06, time: 0.174, data_time: 0.010, memory: 13424, loss_cls: 0.4045, loss_bbox: 0.3860, loss_kps: 0.0000, loss: 0.7905
2026-09-23 20:05:04,342 - mmdet - INFO - Epoch [15][6500/6976]	lr: 1.000e-03, eta: 5:07:57, time: 0.177, data_time: 0.010, memory: 13424, loss_cls: 0.3956, loss_bbox: 0.3712, loss_kps: 0.0000, loss: 0.7668
2026-09-23 20:05:13,084 - mmdet - INFO - Epoch [15][6550/6976]	lr: 1.000e-03, eta: 5:07:48, time: 0.175, data_time: 0.010, memory: 13424, loss_cls: 0.4139, loss_bbox: 0.3814, loss_kps: 0.0000, loss: 0.7954
2026-09-23 20:05:21,774 - mmdet - INFO - Epoch [15][6600/6976]	lr: 1.000e-03, eta: 5:07:39, time: 0.174, data_time: 0.010, memory: 13424, loss_cls: 0.4176, loss_bbox: 0.3805, loss_kps: 0.0000, loss: 0.7981
2026-09-23 20:05:30,559 - mmdet - INFO - Epoch [15][6650/6976]	lr: 1.000e-03, eta: 5:07:31, time: 0.176, data_time: 0.009, memory: 13424, loss_cls: 0.4102, loss_bbox: 0.3463, loss_kps: 0.0000, loss: 0.7565
2026-09-23 20:05:39,357 - mmdet - INFO - Epoch [15][6700/6976]	lr: 1.000e-03, eta: 5:07:22, time: 0.176, data_time: 0.010, memory: 13424, loss_cls: 0.3763, loss_bbox: 0.3558, loss_kps: 0.0000, loss: 0.7321
2026-09-23 20:05:48,038 - mmdet - INFO - Epoch [15][6750/6976]	lr: 1.000e-03, eta: 5:07:13, time: 0.174, data_time: 0.010, memory: 13424, loss_cls: 0.4068, loss_bbox: 0.3793, loss_kps: 0.0000, loss: 0.7860
2026-09-23 20:05:56,851 - mmdet - INFO - Epoch [15][6800/6976]	lr: 1.000e-03, eta: 5:07:04, time: 0.176, data_time: 0.010, memory: 13424, loss_cls: 0.4003, loss_bbox: 0.3601, loss_kps: 0.0000, loss: 0.7604
2026-09-23 20:06:05,610 - mmdet - INFO - Epoch [15][6850/6976]	lr: 1.000e-03, eta: 5:06:55, time: 0.175, data_time: 0.010, memory: 13424, loss_cls: 0.4105, loss_bbox: 0.3687, loss_kps: 0.0000, loss: 0.7792
2026-09-23 20:06:14,281 - mmdet - INFO - Epoch [15][6900/6976]	lr: 1.000e-03, eta: 5:06:46, time: 0.173, data_time: 0.010, memory: 13424, loss_cls: 0.4235, loss_bbox: 0.3860, loss_kps: 0.0000, loss: 0.8095
2026-09-23 20:06:23,064 - mmdet - INFO - Epoch [15][6950/6976]	lr: 1.000e-03, eta: 5:06:38, time: 0.176, data_time: 0.010, memory: 13424, loss_cls: 0.4141, loss_bbox: 0.3766, loss_kps: 0.0000, loss: 0.7907
2026-09-23 20:06:27,690 - mmdet - INFO - Saving checkpoint at 15 epochs
2026-09-23 20:06:41,735 - mmdet - INFO - Epoch [16][50/6976]	lr: 1.000e-03, eta: 5:06:25, time: 0.276, data_time: 0.100, memory: 13424, loss_cls: 0.3770, loss_bbox: 0.3487, loss_kps: 0.0000, loss: 0.7257
2026-09-23 20:06:50,914 - mmdet - INFO - Epoch [16][100/6976]	lr: 1.000e-03, eta: 5:06:16, time: 0.184, data_time: 0.009, memory: 13424, loss_cls: 0.3907, loss_bbox: 0.3646, loss_kps: 0.0000, loss: 0.7553
2026-09-23 20:06:59,811 - mmdet - INFO - Epoch [16][150/6976]	lr: 1.000e-03, eta: 5:06:08, time: 0.178, data_time: 0.009, memory: 13424, loss_cls: 0.3841, loss_bbox: 0.3631, loss_kps: 0.0000, loss: 0.7472
2026-09-23 20:07:08,649 - mmdet - INFO - Epoch [16][200/6976]	lr: 1.000e-03, eta: 5:05:59, time: 0.177, data_time: 0.009, memory: 13424, loss_cls: 0.3944, loss_bbox: 0.3617, loss_kps: 0.0000, loss: 0.7560
2026-09-23 20:07:17,430 - mmdet - INFO - Epoch [16][250/6976]	lr: 1.000e-03, eta: 5:05:50, time: 0.176, data_time: 0.010, memory: 13424, loss_cls: 0.4041, loss_bbox: 0.3662, loss_kps: 0.0000, loss: 0.7704
2026-09-23 20:07:26,171 - mmdet - INFO - Epoch [16][300/6976]	lr: 1.000e-03, eta: 5:05:41, time: 0.175, data_time: 0.008, memory: 13424, loss_cls: 0.3953, loss_bbox: 0.3639, loss_kps: 0.0000, loss: 0.7592
2026-09-23 20:07:34,875 - mmdet - INFO - Epoch [16][350/6976]	lr: 1.000e-03, eta: 5:05:32, time: 0.174, data_time: 0.009, memory: 13424, loss_cls: 0.3976, loss_bbox: 0.3661, loss_kps: 0.0000, loss: 0.7637
2026-09-23 20:07:43,581 - mmdet - INFO - Epoch [16][400/6976]	lr: 1.000e-03, eta: 5:05:24, time: 0.174, data_time: 0.010, memory: 13424, loss_cls: 0.3980, loss_bbox: 0.3617, loss_kps: 0.0000, loss: 0.7597
2026-09-23 20:07:52,322 - mmdet - INFO - Epoch [16][450/6976]	lr: 1.000e-03, eta: 5:05:15, time: 0.175, data_time: 0.009, memory: 13424, loss_cls: 0.3920, loss_bbox: 0.3797, loss_kps: 0.0000, loss: 0.7718
2026-09-23 20:08:01,106 - mmdet - INFO - Epoch [16][500/6976]	lr: 1.000e-03, eta: 5:05:06, time: 0.176, data_time: 0.010, memory: 13424, loss_cls: 0.4089, loss_bbox: 0.3637, loss_kps: 0.0000, loss: 0.7726
2026-09-23 20:08:09,826 - mmdet - INFO - Epoch [16][550/6976]	lr: 1.000e-03, eta: 5:04:57, time: 0.174, data_time: 0.009, memory: 13424, loss_cls: 0.4056, loss_bbox: 0.3833, loss_kps: 0.0000, loss: 0.7888
2026-09-23 20:08:18,638 - mmdet - INFO - Epoch [16][600/6976]	lr: 1.000e-03, eta: 5:04:48, time: 0.176, data_time: 0.008, memory: 13424, loss_cls: 0.4155, loss_bbox: 0.3853, loss_kps: 0.0000, loss: 0.8008
2026-09-23 20:08:27,369 - mmdet - INFO - Epoch [16][650/6976]	lr: 1.000e-03, eta: 5:04:39, time: 0.175, data_time: 0.010, memory: 13424, loss_cls: 0.4074, loss_bbox: 0.3719, loss_kps: 0.0000, loss: 0.7793
2026-09-23 20:08:36,081 - mmdet - INFO - Epoch [16][700/6976]	lr: 1.000e-03, eta: 5:04:31, time: 0.174, data_time: 0.009, memory: 13424, loss_cls: 0.3855, loss_bbox: 0.3765, loss_kps: 0.0000, loss: 0.7621
2026-09-23 20:08:45,184 - mmdet - INFO - Epoch [16][750/6976]	lr: 1.000e-03, eta: 5:04:22, time: 0.175, data_time: 0.009, memory: 13424, loss_cls: 0.4005, loss_bbox: 0.3654, loss_kps: 0.0000, loss: 0.7659
2026-09-23 20:08:53,919 - mmdet - INFO - Epoch [16][800/6976]	lr: 1.000e-03, eta: 5:04:13, time: 0.181, data_time: 0.016, memory: 13424, loss_cls: 0.3852, loss_bbox: 0.3652, loss_kps: 0.0000, loss: 0.7505
2026-09-23 20:09:02,662 - mmdet - INFO - Epoch [16][850/6976]	lr: 1.000e-03, eta: 5:04:04, time: 0.175, data_time: 0.010, memory: 13424, loss_cls: 0.4152, loss_bbox: 0.3795, loss_kps: 0.0000, loss: 0.7947
2026-09-23 20:09:11,357 - mmdet - INFO - Epoch [16][900/6976]	lr: 1.000e-03, eta: 5:03:56, time: 0.174, data_time: 0.009, memory: 13424, loss_cls: 0.4068, loss_bbox: 0.3794, loss_kps: 0.0000, loss: 0.7862
2026-09-23 20:09:20,053 - mmdet - INFO - Epoch [16][950/6976]	lr: 1.000e-03, eta: 5:03:47, time: 0.174, data_time: 0.009, memory: 13424, loss_cls: 0.4017, loss_bbox: 0.3837, loss_kps: 0.0000, loss: 0.7855
2026-09-23 20:09:28,778 - mmdet - INFO - Epoch [16][1000/6976]	lr: 1.000e-03, eta: 5:03:38, time: 0.174, data_time: 0.009, memory: 13424, loss_cls: 0.3988, loss_bbox: 0.3628, loss_kps: 0.0000, loss: 0.7616
2026-09-23 20:09:37,536 - mmdet - INFO - Epoch [16][1050/6976]	lr: 1.000e-03, eta: 5:03:29, time: 0.175, data_time: 0.009, memory: 13424, loss_cls: 0.4212, loss_bbox: 0.3756, loss_kps: 0.0000, loss: 0.7968
2026-09-23 20:09:46,221 - mmdet - INFO - Epoch [16][1100/6976]	lr: 1.000e-03, eta: 5:03:20, time: 0.174, data_time: 0.009, memory: 13424, loss_cls: 0.4218, loss_bbox: 0.3760, loss_kps: 0.0000, loss: 0.7978
2026-09-23 20:09:54,977 - mmdet - INFO - Epoch [16][1150/6976]	lr: 1.000e-03, eta: 5:03:11, time: 0.175, data_time: 0.010, memory: 13424, loss_cls: 0.4061, loss_bbox: 0.3823, loss_kps: 0.0000, loss: 0.7884
2026-09-23 20:10:03,744 - mmdet - INFO - Epoch [16][1200/6976]	lr: 1.000e-03, eta: 5:03:02, time: 0.176, data_time: 0.009, memory: 13424, loss_cls: 0.3924, loss_bbox: 0.3634, loss_kps: 0.0000, loss: 0.7558
2026-09-23 20:10:12,478 - mmdet - INFO - Epoch [16][1250/6976]	lr: 1.000e-03, eta: 5:02:54, time: 0.175, data_time: 0.009, memory: 13424, loss_cls: 0.3968, loss_bbox: 0.3728, loss_kps: 0.0000, loss: 0.7696
2026-09-23 20:10:21,228 - mmdet - INFO - Epoch [16][1300/6976]	lr: 1.000e-03, eta: 5:02:45, time: 0.175, data_time: 0.010, memory: 13424, loss_cls: 0.4145, loss_bbox: 0.3867, loss_kps: 0.0000, loss: 0.8012
2026-09-23 20:10:29,938 - mmdet - INFO - Epoch [16][1350/6976]	lr: 1.000e-03, eta: 5:02:36, time: 0.174, data_time: 0.009, memory: 13424, loss_cls: 0.3937, loss_bbox: 0.3773, loss_kps: 0.0000, loss: 0.7709
2026-09-23 20:10:38,782 - mmdet - INFO - Epoch [16][1400/6976]	lr: 1.000e-03, eta: 5:02:27, time: 0.177, data_time: 0.009, memory: 13424, loss_cls: 0.3769, loss_bbox: 0.3581, loss_kps: 0.0000, loss: 0.7350
2026-09-23 20:10:47,611 - mmdet - INFO - Epoch [16][1450/6976]	lr: 1.000e-03, eta: 5:02:18, time: 0.177, data_time: 0.010, memory: 13424, loss_cls: 0.4137, loss_bbox: 0.3788, loss_kps: 0.0000, loss: 0.7926
2026-09-23 20:10:56,268 - mmdet - INFO - Epoch [16][1500/6976]	lr: 1.000e-03, eta: 5:02:10, time: 0.173, data_time: 0.010, memory: 13424, loss_cls: 0.3952, loss_bbox: 0.3610, loss_kps: 0.0000, loss: 0.7562
2026-09-23 20:11:04,942 - mmdet - INFO - Epoch [16][1550/6976]	lr: 1.000e-03, eta: 5:02:01, time: 0.173, data_time: 0.010, memory: 13424, loss_cls: 0.4116, loss_bbox: 0.3786, loss_kps: 0.0000, loss: 0.7902
2026-09-23 20:11:13,711 - mmdet - INFO - Epoch [16][1600/6976]	lr: 1.000e-03, eta: 5:01:52, time: 0.175, data_time: 0.010, memory: 13424, loss_cls: 0.3776, loss_bbox: 0.3661, loss_kps: 0.0000, loss: 0.7436
2026-09-23 20:11:22,467 - mmdet - INFO - Epoch [16][1650/6976]	lr: 1.000e-03, eta: 5:01:43, time: 0.175, data_time: 0.010, memory: 13424, loss_cls: 0.3943, loss_bbox: 0.3734, loss_kps: 0.0000, loss: 0.7676
2026-09-23 20:11:31,293 - mmdet - INFO - Epoch [16][1700/6976]	lr: 1.000e-03, eta: 5:01:34, time: 0.177, data_time: 0.010, memory: 13424, loss_cls: 0.4026, loss_bbox: 0.3859, loss_kps: 0.0000, loss: 0.7886
2026-09-23 20:11:40,037 - mmdet - INFO - Epoch [16][1750/6976]	lr: 1.000e-03, eta: 5:01:25, time: 0.175, data_time: 0.009, memory: 13424, loss_cls: 0.4059, loss_bbox: 0.3648, loss_kps: 0.0000, loss: 0.7707
2026-09-23 20:11:48,740 - mmdet - INFO - Epoch [16][1800/6976]	lr: 1.000e-03, eta: 5:01:17, time: 0.174, data_time: 0.009, memory: 13424, loss_cls: 0.3728, loss_bbox: 0.3453, loss_kps: 0.0000, loss: 0.7180
2026-09-23 20:11:57,430 - mmdet - INFO - Epoch [16][1850/6976]	lr: 1.000e-03, eta: 5:01:08, time: 0.174, data_time: 0.009, memory: 13424, loss_cls: 0.3943, loss_bbox: 0.3715, loss_kps: 0.0000, loss: 0.7658
2026-09-23 20:12:06,151 - mmdet - INFO - Epoch [16][1900/6976]	lr: 1.000e-03, eta: 5:00:59, time: 0.174, data_time: 0.009, memory: 13424, loss_cls: 0.3975, loss_bbox: 0.3693, loss_kps: 0.0000, loss: 0.7668
2026-09-23 20:12:15,288 - mmdet - INFO - Epoch [16][1950/6976]	lr: 1.000e-03, eta: 5:00:50, time: 0.183, data_time: 0.009, memory: 13424, loss_cls: 0.4048, loss_bbox: 0.3725, loss_kps: 0.0000, loss: 0.7773
2026-09-23 20:12:24,056 - mmdet - INFO - Epoch [16][2000/6976]	lr: 1.000e-03, eta: 5:00:42, time: 0.176, data_time: 0.010, memory: 13424, loss_cls: 0.3984, loss_bbox: 0.3650, loss_kps: 0.0000, loss: 0.7634
2026-09-23 20:12:32,784 - mmdet - INFO - Epoch [16][2050/6976]	lr: 1.000e-03, eta: 5:00:33, time: 0.174, data_time: 0.010, memory: 13424, loss_cls: 0.3933, loss_bbox: 0.3607, loss_kps: 0.0000, loss: 0.7540
2026-09-23 20:12:41,530 - mmdet - INFO - Epoch [16][2100/6976]	lr: 1.000e-03, eta: 5:00:24, time: 0.175, data_time: 0.010, memory: 13424, loss_cls: 0.3925, loss_bbox: 0.3755, loss_kps: 0.0000, loss: 0.7680
2026-09-23 20:12:50,638 - mmdet - INFO - Epoch [16][2150/6976]	lr: 1.000e-03, eta: 5:00:15, time: 0.182, data_time: 0.009, memory: 13424, loss_cls: 0.3849, loss_bbox: 0.3667, loss_kps: 0.0000, loss: 0.7517
2026-09-23 20:12:59,489 - mmdet - INFO - Epoch [16][2200/6976]	lr: 1.000e-03, eta: 5:00:07, time: 0.177, data_time: 0.009, memory: 13424, loss_cls: 0.4270, loss_bbox: 0.3852, loss_kps: 0.0000, loss: 0.8121
2026-09-23 20:13:08,218 - mmdet - INFO - Epoch [16][2250/6976]	lr: 1.000e-03, eta: 4:59:58, time: 0.175, data_time: 0.009, memory: 13424, loss_cls: 0.3983, loss_bbox: 0.3581, loss_kps: 0.0000, loss: 0.7564
2026-09-23 20:13:16,960 - mmdet - INFO - Epoch [16][2300/6976]	lr: 1.000e-03, eta: 4:59:49, time: 0.175, data_time: 0.009, memory: 13424, loss_cls: 0.4112, loss_bbox: 0.3815, loss_kps: 0.0000, loss: 0.7927
2026-09-23 20:13:25,738 - mmdet - INFO - Epoch [16][2350/6976]	lr: 1.000e-03, eta: 4:59:40, time: 0.176, data_time: 0.009, memory: 13424, loss_cls: 0.3895, loss_bbox: 0.3643, loss_kps: 0.0000, loss: 0.7538
2026-09-23 20:13:34,744 - mmdet - INFO - Epoch [16][2400/6976]	lr: 1.000e-03, eta: 4:59:31, time: 0.175, data_time: 0.009, memory: 13424, loss_cls: 0.3976, loss_bbox: 0.3710, loss_kps: 0.0000, loss: 0.7686
2026-09-23 20:13:43,472 - mmdet - INFO - Epoch [16][2450/6976]	lr: 1.000e-03, eta: 4:59:23, time: 0.180, data_time: 0.015, memory: 13424, loss_cls: 0.4072, loss_bbox: 0.3668, loss_kps: 0.0000, loss: 0.7740
2026-09-23 20:13:52,268 - mmdet - INFO - Epoch [16][2500/6976]	lr: 1.000e-03, eta: 4:59:14, time: 0.176, data_time: 0.010, memory: 13424, loss_cls: 0.3963, loss_bbox: 0.3735, loss_kps: 0.0000, loss: 0.7698
2026-09-23 20:14:00,912 - mmdet - INFO - Epoch [16][2550/6976]	lr: 1.000e-03, eta: 4:59:05, time: 0.173, data_time: 0.010, memory: 13424, loss_cls: 0.3783, loss_bbox: 0.3685, loss_kps: 0.0000, loss: 0.7468
2026-09-23 20:14:09,680 - mmdet - INFO - Epoch [16][2600/6976]	lr: 1.000e-03, eta: 4:58:56, time: 0.175, data_time: 0.009, memory: 13424, loss_cls: 0.3899, loss_bbox: 0.3807, loss_kps: 0.0000, loss: 0.7707
2026-09-23 20:14:18,514 - mmdet - INFO - Epoch [16][2650/6976]	lr: 1.000e-03, eta: 4:58:47, time: 0.177, data_time: 0.009, memory: 13424, loss_cls: 0.3994, loss_bbox: 0.3752, loss_kps: 0.0000, loss: 0.7746
2026-09-23 20:14:27,260 - mmdet - INFO - Epoch [16][2700/6976]	lr: 1.000e-03, eta: 4:58:39, time: 0.175, data_time: 0.009, memory: 13424, loss_cls: 0.4193, loss_bbox: 0.3685, loss_kps: 0.0000, loss: 0.7878
2026-09-23 20:14:36,080 - mmdet - INFO - Epoch [16][2750/6976]	lr: 1.000e-03, eta: 4:58:30, time: 0.177, data_time: 0.009, memory: 13424, loss_cls: 0.4101, loss_bbox: 0.3727, loss_kps: 0.0000, loss: 0.7828
2026-09-23 20:14:44,770 - mmdet - INFO - Epoch [16][2800/6976]	lr: 1.000e-03, eta: 4:58:21, time: 0.174, data_time: 0.009, memory: 13424, loss_cls: 0.3849, loss_bbox: 0.3640, loss_kps: 0.0000, loss: 0.7489
2026-09-23 20:14:53,563 - mmdet - INFO - Epoch [16][2850/6976]	lr: 1.000e-03, eta: 4:58:12, time: 0.176, data_time: 0.009, memory: 13424, loss_cls: 0.4176, loss_bbox: 0.3874, loss_kps: 0.0000, loss: 0.8049
2026-09-23 20:15:02,339 - mmdet - INFO - Epoch [16][2900/6976]	lr: 1.000e-03, eta: 4:58:03, time: 0.176, data_time: 0.009, memory: 13424, loss_cls: 0.3956, loss_bbox: 0.3747, loss_kps: 0.0000, loss: 0.7702
2026-09-23 20:15:11,462 - mmdet - INFO - Epoch [16][2950/6976]	lr: 1.000e-03, eta: 4:57:55, time: 0.182, data_time: 0.009, memory: 13424, loss_cls: 0.3947, loss_bbox: 0.3748, loss_kps: 0.0000, loss: 0.7695
2026-09-23 20:15:20,241 - mmdet - INFO - Epoch [16][3000/6976]	lr: 1.000e-03, eta: 4:57:46, time: 0.176, data_time: 0.010, memory: 13424, loss_cls: 0.4064, loss_bbox: 0.3783, loss_kps: 0.0000, loss: 0.7847
2026-09-23 20:15:29,046 - mmdet - INFO - Epoch [16][3050/6976]	lr: 1.000e-03, eta: 4:57:37, time: 0.176, data_time: 0.010, memory: 13424, loss_cls: 0.3940, loss_bbox: 0.3785, loss_kps: 0.0000, loss: 0.7726
2026-09-23 20:15:37,835 - mmdet - INFO - Epoch [16][3100/6976]	lr: 1.000e-03, eta: 4:57:29, time: 0.176, data_time: 0.010, memory: 13424, loss_cls: 0.4061, loss_bbox: 0.3707, loss_kps: 0.0000, loss: 0.7768
2026-09-23 20:15:46,588 - mmdet - INFO - Epoch [16][3150/6976]	lr: 1.000e-03, eta: 4:57:20, time: 0.175, data_time: 0.010, memory: 13424, loss_cls: 0.4073, loss_bbox: 0.3767, loss_kps: 0.0000, loss: 0.7840
2026-09-23 20:15:55,310 - mmdet - INFO - Epoch [16][3200/6976]	lr: 1.000e-03, eta: 4:57:11, time: 0.174, data_time: 0.009, memory: 13424, loss_cls: 0.3976, loss_bbox: 0.3557, loss_kps: 0.0000, loss: 0.7533
2026-09-23 20:16:04,147 - mmdet - INFO - Epoch [16][3250/6976]	lr: 1.000e-03, eta: 4:57:02, time: 0.177, data_time: 0.010, memory: 13424, loss_cls: 0.3946, loss_bbox: 0.3752, loss_kps: 0.0000, loss: 0.7698
2026-09-23 20:16:12,941 - mmdet - INFO - Epoch [16][3300/6976]	lr: 1.000e-03, eta: 4:56:53, time: 0.176, data_time: 0.010, memory: 13424, loss_cls: 0.4141, loss_bbox: 0.3851, loss_kps: 0.0000, loss: 0.7992
2026-09-23 20:16:21,790 - mmdet - INFO - Epoch [16][3350/6976]	lr: 1.000e-03, eta: 4:56:45, time: 0.177, data_time: 0.010, memory: 13424, loss_cls: 0.4005, loss_bbox: 0.3775, loss_kps: 0.0000, loss: 0.7780
2026-09-23 20:16:30,550 - mmdet - INFO - Epoch [16][3400/6976]	lr: 1.000e-03, eta: 4:56:36, time: 0.175, data_time: 0.010, memory: 13424, loss_cls: 0.4375, loss_bbox: 0.4011, loss_kps: 0.0000, loss: 0.8385
2026-09-23 20:16:39,405 - mmdet - INFO - Epoch [16][3450/6976]	lr: 1.000e-03, eta: 4:56:27, time: 0.177, data_time: 0.010, memory: 13424, loss_cls: 0.3959, loss_bbox: 0.3744, loss_kps: 0.0000, loss: 0.7703
2026-09-23 20:16:48,101 - mmdet - INFO - Epoch [16][3500/6976]	lr: 1.000e-03, eta: 4:56:18, time: 0.174, data_time: 0.010, memory: 13424, loss_cls: 0.3690, loss_bbox: 0.3599, loss_kps: 0.0000, loss: 0.7289
2026-09-23 20:16:56,893 - mmdet - INFO - Epoch [16][3550/6976]	lr: 1.000e-03, eta: 4:56:09, time: 0.176, data_time: 0.010, memory: 13424, loss_cls: 0.4243, loss_bbox: 0.3720, loss_kps: 0.0000, loss: 0.7963
2026-09-23 20:17:05,645 - mmdet - INFO - Epoch [16][3600/6976]	lr: 1.000e-03, eta: 4:56:01, time: 0.175, data_time: 0.009, memory: 13424, loss_cls: 0.4691, loss_bbox: 0.3792, loss_kps: 0.0000, loss: 0.8482
2026-09-23 20:17:14,409 - mmdet - INFO - Epoch [16][3650/6976]	lr: 1.000e-03, eta: 4:55:52, time: 0.175, data_time: 0.010, memory: 13424, loss_cls: 0.3975, loss_bbox: 0.3785, loss_kps: 0.0000, loss: 0.7759
2026-09-23 20:17:23,144 - mmdet - INFO - Epoch [16][3700/6976]	lr: 1.000e-03, eta: 4:55:43, time: 0.174, data_time: 0.010, memory: 13424, loss_cls: 0.4147, loss_bbox: 0.3835, loss_kps: 0.0000, loss: 0.7982
2026-09-23 20:17:31,891 - mmdet - INFO - Epoch [16][3750/6976]	lr: 1.000e-03, eta: 4:55:34, time: 0.175, data_time: 0.010, memory: 13424, loss_cls: 0.3809, loss_bbox: 0.3626, loss_kps: 0.0000, loss: 0.7435
2026-09-23 20:17:40,781 - mmdet - INFO - Epoch [16][3800/6976]	lr: 1.000e-03, eta: 4:55:25, time: 0.178, data_time: 0.010, memory: 13424, loss_cls: 0.3908, loss_bbox: 0.3654, loss_kps: 0.0000, loss: 0.7562
2026-09-23 20:17:49,467 - mmdet - INFO - Epoch [16][3850/6976]	lr: 1.000e-03, eta: 4:55:17, time: 0.174, data_time: 0.010, memory: 13424, loss_cls: 0.4017, loss_bbox: 0.3826, loss_kps: 0.0000, loss: 0.7843
2026-09-23 20:17:58,297 - mmdet - INFO - Epoch [16][3900/6976]	lr: 1.000e-03, eta: 4:55:08, time: 0.177, data_time: 0.010, memory: 13424, loss_cls: 0.3983, loss_bbox: 0.3718, loss_kps: 0.0000, loss: 0.7701
2026-09-23 20:18:07,127 - mmdet - INFO - Epoch [16][3950/6976]	lr: 1.000e-03, eta: 4:54:59, time: 0.177, data_time: 0.010, memory: 13424, loss_cls: 0.3884, loss_bbox: 0.3736, loss_kps: 0.0000, loss: 0.7620
2026-09-23 20:18:15,795 - mmdet - INFO - Epoch [16][4000/6976]	lr: 1.000e-03, eta: 4:54:50, time: 0.173, data_time: 0.010, memory: 13424, loss_cls: 0.4129, loss_bbox: 0.3821, loss_kps: 0.0000, loss: 0.7951
2026-09-23 20:18:24,505 - mmdet - INFO - Epoch [16][4050/6976]	lr: 1.000e-03, eta: 4:54:41, time: 0.174, data_time: 0.009, memory: 13424, loss_cls: 0.3946, loss_bbox: 0.3751, loss_kps: 0.0000, loss: 0.7697
2026-09-23 20:18:33,354 - mmdet - INFO - Epoch [16][4100/6976]	lr: 1.000e-03, eta: 4:54:33, time: 0.177, data_time: 0.010, memory: 13424, loss_cls: 0.3956, loss_bbox: 0.3658, loss_kps: 0.0000, loss: 0.7614
2026-09-23 20:18:42,122 - mmdet - INFO - Epoch [16][4150/6976]	lr: 1.000e-03, eta: 4:54:24, time: 0.175, data_time: 0.010, memory: 13424, loss_cls: 0.3930, loss_bbox: 0.3712, loss_kps: 0.0000, loss: 0.7642
2026-09-23 20:18:50,941 - mmdet - INFO - Epoch [16][4200/6976]	lr: 1.000e-03, eta: 4:54:15, time: 0.176, data_time: 0.009, memory: 13424, loss_cls: 0.3915, loss_bbox: 0.3638, loss_kps: 0.0000, loss: 0.7553
2026-09-23 20:18:59,729 - mmdet - INFO - Epoch [16][4250/6976]	lr: 1.000e-03, eta: 4:54:06, time: 0.176, data_time: 0.010, memory: 13424, loss_cls: 0.3870, loss_bbox: 0.3675, loss_kps: 0.0000, loss: 0.7544
2026-09-23 20:19:08,457 - mmdet - INFO - Epoch [16][4300/6976]	lr: 1.000e-03, eta: 4:53:57, time: 0.175, data_time: 0.010, memory: 13424, loss_cls: 0.3891, loss_bbox: 0.3658, loss_kps: 0.0000, loss: 0.7549
2026-09-23 20:19:17,161 - mmdet - INFO - Epoch [16][4350/6976]	lr: 1.000e-03, eta: 4:53:48, time: 0.174, data_time: 0.010, memory: 13424, loss_cls: 0.4019, loss_bbox: 0.3611, loss_kps: 0.0000, loss: 0.7630
2026-09-23 20:19:25,812 - mmdet - INFO - Epoch [16][4400/6976]	lr: 1.000e-03, eta: 4:53:40, time: 0.173, data_time: 0.010, memory: 13424, loss_cls: 0.4140, loss_bbox: 0.3660, loss_kps: 0.0000, loss: 0.7801
2026-09-23 20:19:34,841 - mmdet - INFO - Epoch [16][4450/6976]	lr: 1.000e-03, eta: 4:53:31, time: 0.181, data_time: 0.010, memory: 13424, loss_cls: 0.4032, loss_bbox: 0.3785, loss_kps: 0.0000, loss: 0.7816
2026-09-23 20:19:43,547 - mmdet - INFO - Epoch [16][4500/6976]	lr: 1.000e-03, eta: 4:53:22, time: 0.174, data_time: 0.010, memory: 13424, loss_cls: 0.3867, loss_bbox: 0.3621, loss_kps: 0.0000, loss: 0.7488
2026-09-23 20:19:52,313 - mmdet - INFO - Epoch [16][4550/6976]	lr: 1.000e-03, eta: 4:53:13, time: 0.175, data_time: 0.009, memory: 13424, loss_cls: 0.3789, loss_bbox: 0.3624, loss_kps: 0.0000, loss: 0.7413
2026-09-23 20:20:01,163 - mmdet - INFO - Epoch [16][4600/6976]	lr: 1.000e-03, eta: 4:53:05, time: 0.177, data_time: 0.010, memory: 13424, loss_cls: 0.3829, loss_bbox: 0.3679, loss_kps: 0.0000, loss: 0.7508
2026-09-23 20:20:09,898 - mmdet - INFO - Epoch [16][4650/6976]	lr: 1.000e-03, eta: 4:52:56, time: 0.175, data_time: 0.010, memory: 13424, loss_cls: 0.4143, loss_bbox: 0.3739, loss_kps: 0.0000, loss: 0.7882
2026-09-23 20:20:18,695 - mmdet - INFO - Epoch [16][4700/6976]	lr: 1.000e-03, eta: 4:52:47, time: 0.176, data_time: 0.010, memory: 13424, loss_cls: 0.3926, loss_bbox: 0.3693, loss_kps: 0.0000, loss: 0.7619
2026-09-23 20:20:27,457 - mmdet - INFO - Epoch [16][4750/6976]	lr: 1.000e-03, eta: 4:52:38, time: 0.175, data_time: 0.009, memory: 13424, loss_cls: 0.4023, loss_bbox: 0.3709, loss_kps: 0.0000, loss: 0.7732
2026-09-23 20:20:36,150 - mmdet - INFO - Epoch [16][4800/6976]	lr: 1.000e-03, eta: 4:52:29, time: 0.174, data_time: 0.010, memory: 13424, loss_cls: 0.3869, loss_bbox: 0.3656, loss_kps: 0.0000, loss: 0.7525
2026-09-23 20:20:44,969 - mmdet - INFO - Epoch [16][4850/6976]	lr: 1.000e-03, eta: 4:52:20, time: 0.176, data_time: 0.009, memory: 13424, loss_cls: 0.3986, loss_bbox: 0.3674, loss_kps: 0.0000, loss: 0.7660
2026-09-23 20:20:53,710 - mmdet - INFO - Epoch [16][4900/6976]	lr: 1.000e-03, eta: 4:52:12, time: 0.175, data_time: 0.010, memory: 13424, loss_cls: 0.3865, loss_bbox: 0.3663, loss_kps: 0.0000, loss: 0.7528
2026-09-23 20:21:02,551 - mmdet - INFO - Epoch [16][4950/6976]	lr: 1.000e-03, eta: 4:52:03, time: 0.177, data_time: 0.010, memory: 13424, loss_cls: 0.4012, loss_bbox: 0.3708, loss_kps: 0.0000, loss: 0.7720
2026-09-23 20:21:11,351 - mmdet - INFO - Epoch [16][5000/6976]	lr: 1.000e-03, eta: 4:51:54, time: 0.176, data_time: 0.010, memory: 13424, loss_cls: 0.3944, loss_bbox: 0.3506, loss_kps: 0.0000, loss: 0.7450
2026-09-23 20:21:20,065 - mmdet - INFO - Epoch [16][5050/6976]	lr: 1.000e-03, eta: 4:51:45, time: 0.174, data_time: 0.010, memory: 13424, loss_cls: 0.3975, loss_bbox: 0.3699, loss_kps: 0.0000, loss: 0.7674
2026-09-23 20:21:28,729 - mmdet - INFO - Epoch [16][5100/6976]	lr: 1.000e-03, eta: 4:51:36, time: 0.173, data_time: 0.010, memory: 13424, loss_cls: 0.4010, loss_bbox: 0.3697, loss_kps: 0.0000, loss: 0.7707
2026-09-23 20:21:37,458 - mmdet - INFO - Epoch [16][5150/6976]	lr: 1.000e-03, eta: 4:51:28, time: 0.175, data_time: 0.009, memory: 13424, loss_cls: 0.3734, loss_bbox: 0.3600, loss_kps: 0.0000, loss: 0.7334
2026-09-23 20:21:46,219 - mmdet - INFO - Epoch [16][5200/6976]	lr: 1.000e-03, eta: 4:51:19, time: 0.175, data_time: 0.010, memory: 13424, loss_cls: 0.4046, loss_bbox: 0.3702, loss_kps: 0.0000, loss: 0.7748
2026-09-23 20:21:55,008 - mmdet - INFO - Epoch [16][5250/6976]	lr: 1.000e-03, eta: 4:51:10, time: 0.176, data_time: 0.010, memory: 13424, loss_cls: 0.3855, loss_bbox: 0.3545, loss_kps: 0.0000, loss: 0.7399
2026-09-23 20:22:03,719 - mmdet - INFO - Epoch [16][5300/6976]	lr: 1.000e-03, eta: 4:51:01, time: 0.174, data_time: 0.009, memory: 13424, loss_cls: 0.4229, loss_bbox: 0.3735, loss_kps: 0.0000, loss: 0.7965
2026-09-23 20:22:12,426 - mmdet - INFO - Epoch [16][5350/6976]	lr: 1.000e-03, eta: 4:50:52, time: 0.174, data_time: 0.010, memory: 13424, loss_cls: 0.3848, loss_bbox: 0.3518, loss_kps: 0.0000, loss: 0.7365
2026-09-23 20:22:21,171 - mmdet - INFO - Epoch [16][5400/6976]	lr: 1.000e-03, eta: 4:50:43, time: 0.175, data_time: 0.009, memory: 13424, loss_cls: 0.3849, loss_bbox: 0.3777, loss_kps: 0.0000, loss: 0.7626
2026-09-23 20:22:29,981 - mmdet - INFO - Epoch [16][5450/6976]	lr: 1.000e-03, eta: 4:50:35, time: 0.176, data_time: 0.010, memory: 13424, loss_cls: 0.3744, loss_bbox: 0.3743, loss_kps: 0.0000, loss: 0.7488
2026-09-23 20:22:38,753 - mmdet - INFO - Epoch [16][5500/6976]	lr: 1.000e-03, eta: 4:50:26, time: 0.175, data_time: 0.010, memory: 13424, loss_cls: 0.4309, loss_bbox: 0.3723, loss_kps: 0.0000, loss: 0.8033
2026-09-23 20:22:47,545 - mmdet - INFO - Epoch [16][5550/6976]	lr: 1.000e-03, eta: 4:50:17, time: 0.176, data_time: 0.009, memory: 13424, loss_cls: 0.3977, loss_bbox: 0.3649, loss_kps: 0.0000, loss: 0.7626
2026-09-23 20:22:56,297 - mmdet - INFO - Epoch [16][5600/6976]	lr: 1.000e-03, eta: 4:50:08, time: 0.175, data_time: 0.010, memory: 13424, loss_cls: 0.3856, loss_bbox: 0.3677, loss_kps: 0.0000, loss: 0.7532
2026-09-23 20:23:05,043 - mmdet - INFO - Epoch [16][5650/6976]	lr: 1.000e-03, eta: 4:49:59, time: 0.175, data_time: 0.010, memory: 13424, loss_cls: 0.3911, loss_bbox: 0.3635, loss_kps: 0.0000, loss: 0.7546
2026-09-23 20:23:13,769 - mmdet - INFO - Epoch [16][5700/6976]	lr: 1.000e-03, eta: 4:49:51, time: 0.175, data_time: 0.010, memory: 13424, loss_cls: 0.4162, loss_bbox: 0.3792, loss_kps: 0.0000, loss: 0.7954
2026-09-23 20:23:22,456 - mmdet - INFO - Epoch [16][5750/6976]	lr: 1.000e-03, eta: 4:49:42, time: 0.174, data_time: 0.009, memory: 13424, loss_cls: 0.4133, loss_bbox: 0.3785, loss_kps: 0.0000, loss: 0.7918
2026-09-23 20:23:31,254 - mmdet - INFO - Epoch [16][5800/6976]	lr: 1.000e-03, eta: 4:49:33, time: 0.176, data_time: 0.010, memory: 13424, loss_cls: 0.4037, loss_bbox: 0.3711, loss_kps: 0.0000, loss: 0.7748
2026-09-23 20:23:40,038 - mmdet - INFO - Epoch [16][5850/6976]	lr: 1.000e-03, eta: 4:49:24, time: 0.176, data_time: 0.010, memory: 13424, loss_cls: 0.4162, loss_bbox: 0.3844, loss_kps: 0.0000, loss: 0.8005
2026-09-23 20:23:48,788 - mmdet - INFO - Epoch [16][5900/6976]	lr: 1.000e-03, eta: 4:49:15, time: 0.175, data_time: 0.010, memory: 13424, loss_cls: 0.3761, loss_bbox: 0.3636, loss_kps: 0.0000, loss: 0.7397
2026-09-23 20:23:57,496 - mmdet - INFO - Epoch [16][5950/6976]	lr: 1.000e-03, eta: 4:49:06, time: 0.174, data_time: 0.010, memory: 13424, loss_cls: 0.4044, loss_bbox: 0.3667, loss_kps: 0.0000, loss: 0.7711
2026-09-23 20:24:06,257 - mmdet - INFO - Epoch [16][6000/6976]	lr: 1.000e-03, eta: 4:48:58, time: 0.175, data_time: 0.010, memory: 13424, loss_cls: 0.4078, loss_bbox: 0.3760, loss_kps: 0.0000, loss: 0.7838
2026-09-23 20:24:15,395 - mmdet - INFO - Epoch [16][6050/6976]	lr: 1.000e-03, eta: 4:48:49, time: 0.183, data_time: 0.010, memory: 13424, loss_cls: 0.3932, loss_bbox: 0.3720, loss_kps: 0.0000, loss: 0.7652
2026-09-23 20:24:24,077 - mmdet - INFO - Epoch [16][6100/6976]	lr: 1.000e-03, eta: 4:48:40, time: 0.174, data_time: 0.010, memory: 13424, loss_cls: 0.3858, loss_bbox: 0.3617, loss_kps: 0.0000, loss: 0.7476
2026-09-23 20:24:32,878 - mmdet - INFO - Epoch [16][6150/6976]	lr: 1.000e-03, eta: 4:48:31, time: 0.176, data_time: 0.010, memory: 13424, loss_cls: 0.4191, loss_bbox: 0.3700, loss_kps: 0.0000, loss: 0.7891
2026-09-23 20:24:41,651 - mmdet - INFO - Epoch [16][6200/6976]	lr: 1.000e-03, eta: 4:48:23, time: 0.176, data_time: 0.010, memory: 13424, loss_cls: 0.3913, loss_bbox: 0.3709, loss_kps: 0.0000, loss: 0.7622
2026-09-23 20:24:50,364 - mmdet - INFO - Epoch [16][6250/6976]	lr: 1.000e-03, eta: 4:48:14, time: 0.174, data_time: 0.010, memory: 13424, loss_cls: 0.4047, loss_bbox: 0.3797, loss_kps: 0.0000, loss: 0.7845
2026-09-23 20:24:59,339 - mmdet - INFO - Epoch [16][6300/6976]	lr: 1.000e-03, eta: 4:48:05, time: 0.179, data_time: 0.010, memory: 13424, loss_cls: 0.4011, loss_bbox: 0.3716, loss_kps: 0.0000, loss: 0.7727
2026-09-23 20:25:08,100 - mmdet - INFO - Epoch [16][6350/6976]	lr: 1.000e-03, eta: 4:47:56, time: 0.175, data_time: 0.010, memory: 13424, loss_cls: 0.3988, loss_bbox: 0.3831, loss_kps: 0.0000, loss: 0.7818
2026-09-23 20:25:16,846 - mmdet - INFO - Epoch [16][6400/6976]	lr: 1.000e-03, eta: 4:47:47, time: 0.175, data_time: 0.010, memory: 13424, loss_cls: 0.4044, loss_bbox: 0.3842, loss_kps: 0.0000, loss: 0.7886
2026-09-23 20:25:25,634 - mmdet - INFO - Epoch [16][6450/6976]	lr: 1.000e-03, eta: 4:47:39, time: 0.176, data_time: 0.010, memory: 13424, loss_cls: 0.3998, loss_bbox: 0.3693, loss_kps: 0.0000, loss: 0.7690
2026-09-23 20:25:34,338 - mmdet - INFO - Epoch [16][6500/6976]	lr: 1.000e-03, eta: 4:47:30, time: 0.174, data_time: 0.009, memory: 13424, loss_cls: 0.3998, loss_bbox: 0.3704, loss_kps: 0.0000, loss: 0.7702
2026-09-23 20:25:43,114 - mmdet - INFO - Epoch [16][6550/6976]	lr: 1.000e-03, eta: 4:47:21, time: 0.176, data_time: 0.010, memory: 13424, loss_cls: 0.3964, loss_bbox: 0.3729, loss_kps: 0.0000, loss: 0.7693
2026-09-23 20:25:51,864 - mmdet - INFO - Epoch [16][6600/6976]	lr: 1.000e-03, eta: 4:47:12, time: 0.175, data_time: 0.010, memory: 13424, loss_cls: 0.4125, loss_bbox: 0.3702, loss_kps: 0.0000, loss: 0.7828
2026-09-23 20:26:01,021 - mmdet - INFO - Epoch [16][6650/6976]	lr: 1.000e-03, eta: 4:47:04, time: 0.183, data_time: 0.010, memory: 13424, loss_cls: 0.4215, loss_bbox: 0.3857, loss_kps: 0.0000, loss: 0.8072
2026-09-23 20:26:09,797 - mmdet - INFO - Epoch [16][6700/6976]	lr: 1.000e-03, eta: 4:46:55, time: 0.176, data_time: 0.010, memory: 13424, loss_cls: 0.4267, loss_bbox: 0.3745, loss_kps: 0.0000, loss: 0.8011
2026-09-23 20:26:18,906 - mmdet - INFO - Epoch [16][6750/6976]	lr: 1.000e-03, eta: 4:46:46, time: 0.182, data_time: 0.010, memory: 13424, loss_cls: 0.4039, loss_bbox: 0.3703, loss_kps: 0.0000, loss: 0.7742
2026-09-23 20:26:27,627 - mmdet - INFO - Epoch [16][6800/6976]	lr: 1.000e-03, eta: 4:46:38, time: 0.174, data_time: 0.010, memory: 13424, loss_cls: 0.4034, loss_bbox: 0.3818, loss_kps: 0.0000, loss: 0.7852
2026-09-23 20:26:36,347 - mmdet - INFO - Epoch [16][6850/6976]	lr: 1.000e-03, eta: 4:46:29, time: 0.174, data_time: 0.010, memory: 13424, loss_cls: 0.4076, loss_bbox: 0.3782, loss_kps: 0.0000, loss: 0.7858
2026-09-23 20:26:45,118 - mmdet - INFO - Epoch [16][6900/6976]	lr: 1.000e-03, eta: 4:46:20, time: 0.175, data_time: 0.010, memory: 13424, loss_cls: 0.4116, loss_bbox: 0.3885, loss_kps: 0.0000, loss: 0.8001
2026-09-23 20:26:53,810 - mmdet - INFO - Epoch [16][6950/6976]	lr: 1.000e-03, eta: 4:46:11, time: 0.174, data_time: 0.010, memory: 13424, loss_cls: 0.3863, loss_bbox: 0.3643, loss_kps: 0.0000, loss: 0.7507
2026-09-23 20:26:58,457 - mmdet - INFO - Saving checkpoint at 16 epochs
2026-09-23 20:27:12,531 - mmdet - INFO - Epoch [17][50/6976]	lr: 1.000e-03, eta: 4:45:58, time: 0.277, data_time: 0.102, memory: 13424, loss_cls: 0.4125, loss_bbox: 0.3726, loss_kps: 0.0000, loss: 0.7851
2026-09-23 20:27:21,156 - mmdet - INFO - Epoch [17][100/6976]	lr: 1.000e-03, eta: 4:45:49, time: 0.172, data_time: 0.009, memory: 13424, loss_cls: 0.3941, loss_bbox: 0.3704, loss_kps: 0.0000, loss: 0.7645
2026-09-23 20:27:29,944 - mmdet - INFO - Epoch [17][150/6976]	lr: 1.000e-03, eta: 4:45:40, time: 0.175, data_time: 0.009, memory: 13424, loss_cls: 0.4048, loss_bbox: 0.3752, loss_kps: 0.0000, loss: 0.7801
2026-09-23 20:27:38,771 - mmdet - INFO - Epoch [17][200/6976]	lr: 1.000e-03, eta: 4:45:32, time: 0.177, data_time: 0.009, memory: 13424, loss_cls: 0.3942, loss_bbox: 0.3656, loss_kps: 0.0000, loss: 0.7598
2026-09-23 20:27:47,504 - mmdet - INFO - Epoch [17][250/6976]	lr: 1.000e-03, eta: 4:45:23, time: 0.175, data_time: 0.009, memory: 13424, loss_cls: 0.4067, loss_bbox: 0.3841, loss_kps: 0.0000, loss: 0.7908
2026-09-23 20:27:56,317 - mmdet - INFO - Epoch [17][300/6976]	lr: 1.000e-03, eta: 4:45:14, time: 0.176, data_time: 0.009, memory: 13424, loss_cls: 0.3833, loss_bbox: 0.3592, loss_kps: 0.0000, loss: 0.7425
2026-09-23 20:28:05,063 - mmdet - INFO - Epoch [17][350/6976]	lr: 1.000e-03, eta: 4:45:05, time: 0.175, data_time: 0.010, memory: 13424, loss_cls: 0.3872, loss_bbox: 0.3671, loss_kps: 0.0000, loss: 0.7544
2026-09-23 20:28:13,678 - mmdet - INFO - Epoch [17][400/6976]	lr: 1.000e-03, eta: 4:44:56, time: 0.172, data_time: 0.009, memory: 13424, loss_cls: 0.3779, loss_bbox: 0.3618, loss_kps: 0.0000, loss: 0.7397
2026-09-23 20:28:22,367 - mmdet - INFO - Epoch [17][450/6976]	lr: 1.000e-03, eta: 4:44:47, time: 0.174, data_time: 0.009, memory: 13424, loss_cls: 0.4064, loss_bbox: 0.3777, loss_kps: 0.0000, loss: 0.7841
2026-09-23 20:28:31,103 - mmdet - INFO - Epoch [17][500/6976]	lr: 1.000e-03, eta: 4:44:39, time: 0.175, data_time: 0.009, memory: 13424, loss_cls: 0.3999, loss_bbox: 0.4017, loss_kps: 0.0000, loss: 0.8017
2026-09-23 20:28:39,868 - mmdet - INFO - Epoch [17][550/6976]	lr: 1.000e-03, eta: 4:44:30, time: 0.175, data_time: 0.009, memory: 13424, loss_cls: 0.4001, loss_bbox: 0.3811, loss_kps: 0.0000, loss: 0.7812
2026-09-23 20:28:48,616 - mmdet - INFO - Epoch [17][600/6976]	lr: 1.000e-03, eta: 4:44:21, time: 0.175, data_time: 0.009, memory: 13424, loss_cls: 0.3948, loss_bbox: 0.3674, loss_kps: 0.0000, loss: 0.7622
2026-09-23 20:28:57,370 - mmdet - INFO - Epoch [17][650/6976]	lr: 1.000e-03, eta: 4:44:12, time: 0.175, data_time: 0.009, memory: 13424, loss_cls: 0.4136, loss_bbox: 0.3838, loss_kps: 0.0000, loss: 0.7974
2026-09-23 20:29:06,137 - mmdet - INFO - Epoch [17][700/6976]	lr: 1.000e-03, eta: 4:44:03, time: 0.175, data_time: 0.009, memory: 13424, loss_cls: 0.4129, loss_bbox: 0.3703, loss_kps: 0.0000, loss: 0.7832
2026-09-23 20:29:14,912 - mmdet - INFO - Epoch [17][750/6976]	lr: 1.000e-03, eta: 4:43:54, time: 0.175, data_time: 0.010, memory: 13424, loss_cls: 0.3882, loss_bbox: 0.3694, loss_kps: 0.0000, loss: 0.7576
2026-09-23 20:29:23,766 - mmdet - INFO - Epoch [17][800/6976]	lr: 1.000e-03, eta: 4:43:46, time: 0.177, data_time: 0.009, memory: 13424, loss_cls: 0.3650, loss_bbox: 0.3513, loss_kps: 0.0000, loss: 0.7162
2026-09-23 20:29:32,468 - mmdet - INFO - Epoch [17][850/6976]	lr: 1.000e-03, eta: 4:43:37, time: 0.174, data_time: 0.009, memory: 13424, loss_cls: 0.3997, loss_bbox: 0.3653, loss_kps: 0.0000, loss: 0.7649
2026-09-23 20:29:41,153 - mmdet - INFO - Epoch [17][900/6976]	lr: 1.000e-03, eta: 4:43:28, time: 0.174, data_time: 0.009, memory: 13424, loss_cls: 0.4096, loss_bbox: 0.3787, loss_kps: 0.0000, loss: 0.7883
2026-09-23 20:29:49,939 - mmdet - INFO - Epoch [17][950/6976]	lr: 1.000e-03, eta: 4:43:19, time: 0.176, data_time: 0.009, memory: 13424, loss_cls: 0.4099, loss_bbox: 0.3713, loss_kps: 0.0000, loss: 0.7812
2026-09-23 20:29:58,635 - mmdet - INFO - Epoch [17][1000/6976]	lr: 1.000e-03, eta: 4:43:10, time: 0.174, data_time: 0.010, memory: 13424, loss_cls: 0.4127, loss_bbox: 0.3916, loss_kps: 0.0000, loss: 0.8043
2026-09-23 20:30:07,418 - mmdet - INFO - Epoch [17][1050/6976]	lr: 1.000e-03, eta: 4:43:02, time: 0.176, data_time: 0.009, memory: 13424, loss_cls: 0.4108, loss_bbox: 0.3781, loss_kps: 0.0000, loss: 0.7889
2026-09-23 20:30:16,187 - mmdet - INFO - Epoch [17][1100/6976]	lr: 1.000e-03, eta: 4:42:53, time: 0.175, data_time: 0.010, memory: 13424, loss_cls: 0.4027, loss_bbox: 0.3711, loss_kps: 0.0000, loss: 0.7738
2026-09-23 20:30:24,948 - mmdet - INFO - Epoch [17][1150/6976]	lr: 1.000e-03, eta: 4:42:44, time: 0.175, data_time: 0.010, memory: 13424, loss_cls: 0.3916, loss_bbox: 0.3673, loss_kps: 0.0000, loss: 0.7589
2026-09-23 20:30:33,626 - mmdet - INFO - Epoch [17][1200/6976]	lr: 1.000e-03, eta: 4:42:35, time: 0.174, data_time: 0.009, memory: 13424, loss_cls: 0.3758, loss_bbox: 0.3670, loss_kps: 0.0000, loss: 0.7428
2026-09-23 20:30:42,348 - mmdet - INFO - Epoch [17][1250/6976]	lr: 1.000e-03, eta: 4:42:26, time: 0.174, data_time: 0.009, memory: 13424, loss_cls: 0.4042, loss_bbox: 0.3698, loss_kps: 0.0000, loss: 0.7740
2026-09-23 20:30:51,158 - mmdet - INFO - Epoch [17][1300/6976]	lr: 1.000e-03, eta: 4:42:17, time: 0.176, data_time: 0.010, memory: 13424, loss_cls: 0.3859, loss_bbox: 0.3729, loss_kps: 0.0000, loss: 0.7588
2026-09-23 20:30:59,891 - mmdet - INFO - Epoch [17][1350/6976]	lr: 1.000e-03, eta: 4:42:09, time: 0.175, data_time: 0.009, memory: 13424, loss_cls: 0.3828, loss_bbox: 0.3629, loss_kps: 0.0000, loss: 0.7457
2026-09-23 20:31:08,603 - mmdet - INFO - Epoch [17][1400/6976]	lr: 1.000e-03, eta: 4:42:00, time: 0.174, data_time: 0.009, memory: 13424, loss_cls: 0.3939, loss_bbox: 0.3586, loss_kps: 0.0000, loss: 0.7526
2026-09-23 20:31:17,461 - mmdet - INFO - Epoch [17][1450/6976]	lr: 1.000e-03, eta: 4:41:51, time: 0.177, data_time: 0.009, memory: 13424, loss_cls: 0.3792, loss_bbox: 0.3581, loss_kps: 0.0000, loss: 0.7373
2026-09-23 20:31:26,247 - mmdet - INFO - Epoch [17][1500/6976]	lr: 1.000e-03, eta: 4:41:42, time: 0.175, data_time: 0.009, memory: 13424, loss_cls: 0.3935, loss_bbox: 0.3519, loss_kps: 0.0000, loss: 0.7454
2026-09-23 20:31:35,466 - mmdet - INFO - Epoch [17][1550/6976]	lr: 1.000e-03, eta: 4:41:34, time: 0.185, data_time: 0.010, memory: 13424, loss_cls: 0.4255, loss_bbox: 0.3704, loss_kps: 0.0000, loss: 0.7959
2026-09-23 20:31:44,154 - mmdet - INFO - Epoch [17][1600/6976]	lr: 1.000e-03, eta: 4:41:25, time: 0.174, data_time: 0.010, memory: 13424, loss_cls: 0.3897, loss_bbox: 0.3552, loss_kps: 0.0000, loss: 0.7450
2026-09-23 20:31:52,902 - mmdet - INFO - Epoch [17][1650/6976]	lr: 1.000e-03, eta: 4:41:16, time: 0.175, data_time: 0.010, memory: 13424, loss_cls: 0.3883, loss_bbox: 0.3712, loss_kps: 0.0000, loss: 0.7595
2026-09-23 20:32:01,554 - mmdet - INFO - Epoch [17][1700/6976]	lr: 1.000e-03, eta: 4:41:07, time: 0.173, data_time: 0.009, memory: 13424, loss_cls: 0.3671, loss_bbox: 0.3609, loss_kps: 0.0000, loss: 0.7280
2026-09-23 20:32:10,340 - mmdet - INFO - Epoch [17][1750/6976]	lr: 1.000e-03, eta: 4:40:58, time: 0.176, data_time: 0.010, memory: 13424, loss_cls: 0.4215, loss_bbox: 0.3787, loss_kps: 0.0000, loss: 0.8002
2026-09-23 20:32:19,129 - mmdet - INFO - Epoch [17][1800/6976]	lr: 1.000e-03, eta: 4:40:50, time: 0.176, data_time: 0.010, memory: 13424, loss_cls: 0.4332, loss_bbox: 0.3711, loss_kps: 0.0000, loss: 0.8044
2026-09-23 20:32:27,906 - mmdet - INFO - Epoch [17][1850/6976]	lr: 1.000e-03, eta: 4:40:41, time: 0.175, data_time: 0.010, memory: 13424, loss_cls: 0.4059, loss_bbox: 0.3690, loss_kps: 0.0000, loss: 0.7749
2026-09-23 20:32:36,656 - mmdet - INFO - Epoch [17][1900/6976]	lr: 1.000e-03, eta: 4:40:32, time: 0.175, data_time: 0.010, memory: 13424, loss_cls: 0.3930, loss_bbox: 0.3674, loss_kps: 0.0000, loss: 0.7605
2026-09-23 20:32:45,389 - mmdet - INFO - Epoch [17][1950/6976]	lr: 1.000e-03, eta: 4:40:23, time: 0.175, data_time: 0.010, memory: 13424, loss_cls: 0.4121, loss_bbox: 0.3657, loss_kps: 0.0000, loss: 0.7779
2026-09-23 20:32:54,108 - mmdet - INFO - Epoch [17][2000/6976]	lr: 1.000e-03, eta: 4:40:14, time: 0.174, data_time: 0.010, memory: 13424, loss_cls: 0.3847, loss_bbox: 0.3576, loss_kps: 0.0000, loss: 0.7423
2026-09-23 20:33:02,845 - mmdet - INFO - Epoch [17][2050/6976]	lr: 1.000e-03, eta: 4:40:05, time: 0.175, data_time: 0.010, memory: 13424, loss_cls: 0.3840, loss_bbox: 0.3789, loss_kps: 0.0000, loss: 0.7629
2026-09-23 20:33:11,596 - mmdet - INFO - Epoch [17][2100/6976]	lr: 1.000e-03, eta: 4:39:57, time: 0.175, data_time: 0.010, memory: 13424, loss_cls: 0.3792, loss_bbox: 0.3603, loss_kps: 0.0000, loss: 0.7395
2026-09-23 20:33:20,348 - mmdet - INFO - Epoch [17][2150/6976]	lr: 1.000e-03, eta: 4:39:48, time: 0.175, data_time: 0.009, memory: 13424, loss_cls: 0.3683, loss_bbox: 0.3628, loss_kps: 0.0000, loss: 0.7311
2026-09-23 20:33:29,152 - mmdet - INFO - Epoch [17][2200/6976]	lr: 1.000e-03, eta: 4:39:39, time: 0.176, data_time: 0.010, memory: 13424, loss_cls: 0.3708, loss_bbox: 0.3396, loss_kps: 0.0000, loss: 0.7103
2026-09-23 20:33:37,988 - mmdet - INFO - Epoch [17][2250/6976]	lr: 1.000e-03, eta: 4:39:30, time: 0.177, data_time: 0.010, memory: 13424, loss_cls: 0.3956, loss_bbox: 0.3568, loss_kps: 0.0000, loss: 0.7524
2026-09-23 20:33:46,835 - mmdet - INFO - Epoch [17][2300/6976]	lr: 1.000e-03, eta: 4:39:22, time: 0.177, data_time: 0.010, memory: 13424, loss_cls: 0.3914, loss_bbox: 0.3770, loss_kps: 0.0000, loss: 0.7684
2026-09-23 20:33:55,855 - mmdet - INFO - Epoch [17][2350/6976]	lr: 1.000e-03, eta: 4:39:13, time: 0.180, data_time: 0.010, memory: 13424, loss_cls: 0.3673, loss_bbox: 0.3541, loss_kps: 0.0000, loss: 0.7214
2026-09-23 20:34:04,867 - mmdet - INFO - Epoch [17][2400/6976]	lr: 1.000e-03, eta: 4:39:04, time: 0.180, data_time: 0.010, memory: 13424, loss_cls: 0.3782, loss_bbox: 0.3784, loss_kps: 0.0000, loss: 0.7565
2026-09-23 20:34:13,710 - mmdet - INFO - Epoch [17][2450/6976]	lr: 1.000e-03, eta: 4:38:56, time: 0.177, data_time: 0.010, memory: 13424, loss_cls: 0.3931, loss_bbox: 0.3623, loss_kps: 0.0000, loss: 0.7555
2026-09-23 20:34:22,517 - mmdet - INFO - Epoch [17][2500/6976]	lr: 1.000e-03, eta: 4:38:47, time: 0.176, data_time: 0.010, memory: 13424, loss_cls: 0.3914, loss_bbox: 0.3673, loss_kps: 0.0000, loss: 0.7586
2026-09-23 20:34:31,283 - mmdet - INFO - Epoch [17][2550/6976]	lr: 1.000e-03, eta: 4:38:38, time: 0.175, data_time: 0.010, memory: 13424, loss_cls: 0.3645, loss_bbox: 0.3523, loss_kps: 0.0000, loss: 0.7169
2026-09-23 20:34:39,983 - mmdet - INFO - Epoch [17][2600/6976]	lr: 1.000e-03, eta: 4:38:29, time: 0.174, data_time: 0.010, memory: 13424, loss_cls: 0.3928, loss_bbox: 0.3645, loss_kps: 0.0000, loss: 0.7573
2026-09-23 20:34:48,767 - mmdet - INFO - Epoch [17][2650/6976]	lr: 1.000e-03, eta: 4:38:20, time: 0.176, data_time: 0.010, memory: 13424, loss_cls: 0.3772, loss_bbox: 0.3676, loss_kps: 0.0000, loss: 0.7448
2026-09-23 20:34:57,454 - mmdet - INFO - Epoch [17][2700/6976]	lr: 1.000e-03, eta: 4:38:12, time: 0.174, data_time: 0.010, memory: 13424, loss_cls: 0.3975, loss_bbox: 0.3713, loss_kps: 0.0000, loss: 0.7688
2026-09-23 20:35:06,225 - mmdet - INFO - Epoch [17][2750/6976]	lr: 1.000e-03, eta: 4:38:03, time: 0.175, data_time: 0.010, memory: 13424, loss_cls: 0.4116, loss_bbox: 0.3741, loss_kps: 0.0000, loss: 0.7858
2026-09-23 20:35:14,934 - mmdet - INFO - Epoch [17][2800/6976]	lr: 1.000e-03, eta: 4:37:54, time: 0.174, data_time: 0.010, memory: 13424, loss_cls: 0.4136, loss_bbox: 0.3728, loss_kps: 0.0000, loss: 0.7864
2026-09-23 20:35:23,619 - mmdet - INFO - Epoch [17][2850/6976]	lr: 1.000e-03, eta: 4:37:45, time: 0.174, data_time: 0.010, memory: 13424, loss_cls: 0.3899, loss_bbox: 0.3777, loss_kps: 0.0000, loss: 0.7676
2026-09-23 20:35:32,324 - mmdet - INFO - Epoch [17][2900/6976]	lr: 1.000e-03, eta: 4:37:36, time: 0.174, data_time: 0.010, memory: 13424, loss_cls: 0.4004, loss_bbox: 0.3680, loss_kps: 0.0000, loss: 0.7684
2026-09-23 20:35:41,080 - mmdet - INFO - Epoch [17][2950/6976]	lr: 1.000e-03, eta: 4:37:27, time: 0.175, data_time: 0.010, memory: 13424, loss_cls: 0.3962, loss_bbox: 0.3754, loss_kps: 0.0000, loss: 0.7716
2026-09-23 20:35:49,834 - mmdet - INFO - Epoch [17][3000/6976]	lr: 1.000e-03, eta: 4:37:19, time: 0.175, data_time: 0.010, memory: 13424, loss_cls: 0.3941, loss_bbox: 0.3656, loss_kps: 0.0000, loss: 0.7597
2026-09-23 20:35:58,566 - mmdet - INFO - Epoch [17][3050/6976]	lr: 1.000e-03, eta: 4:37:10, time: 0.175, data_time: 0.010, memory: 13424, loss_cls: 0.4129, loss_bbox: 0.3727, loss_kps: 0.0000, loss: 0.7856
2026-09-23 20:36:07,211 - mmdet - INFO - Epoch [17][3100/6976]	lr: 1.000e-03, eta: 4:37:01, time: 0.173, data_time: 0.010, memory: 13424, loss_cls: 0.3994, loss_bbox: 0.3821, loss_kps: 0.0000, loss: 0.7815
2026-09-23 20:36:16,038 - mmdet - INFO - Epoch [17][3150/6976]	lr: 1.000e-03, eta: 4:36:52, time: 0.177, data_time: 0.010, memory: 13424, loss_cls: 0.3853, loss_bbox: 0.3683, loss_kps: 0.0000, loss: 0.7536
2026-09-23 20:36:25,141 - mmdet - INFO - Epoch [17][3200/6976]	lr: 1.000e-03, eta: 4:36:43, time: 0.182, data_time: 0.009, memory: 13424, loss_cls: 0.3867, loss_bbox: 0.3686, loss_kps: 0.0000, loss: 0.7553
2026-09-23 20:36:33,902 - mmdet - INFO - Epoch [17][3250/6976]	lr: 1.000e-03, eta: 4:36:35, time: 0.175, data_time: 0.010, memory: 13424, loss_cls: 0.4085, loss_bbox: 0.3865, loss_kps: 0.0000, loss: 0.7951
2026-09-23 20:36:42,645 - mmdet - INFO - Epoch [17][3300/6976]	lr: 1.000e-03, eta: 4:36:26, time: 0.175, data_time: 0.010, memory: 13424, loss_cls: 0.4082, loss_bbox: 0.3736, loss_kps: 0.0000, loss: 0.7819
2026-09-23 20:36:51,401 - mmdet - INFO - Epoch [17][3350/6976]	lr: 1.000e-03, eta: 4:36:17, time: 0.175, data_time: 0.010, memory: 13424, loss_cls: 0.3923, loss_bbox: 0.3737, loss_kps: 0.0000, loss: 0.7659
2026-09-23 20:37:00,080 - mmdet - INFO - Epoch [17][3400/6976]	lr: 1.000e-03, eta: 4:36:08, time: 0.174, data_time: 0.010, memory: 13424, loss_cls: 0.4030, loss_bbox: 0.3704, loss_kps: 0.0000, loss: 0.7734
2026-09-23 20:37:08,800 - mmdet - INFO - Epoch [17][3450/6976]	lr: 1.000e-03, eta: 4:35:59, time: 0.174, data_time: 0.010, memory: 13424, loss_cls: 0.4050, loss_bbox: 0.3718, loss_kps: 0.0000, loss: 0.7768
2026-09-23 20:37:17,516 - mmdet - INFO - Epoch [17][3500/6976]	lr: 1.000e-03, eta: 4:35:50, time: 0.174, data_time: 0.010, memory: 13424, loss_cls: 0.3964, loss_bbox: 0.3680, loss_kps: 0.0000, loss: 0.7643
2026-09-23 20:37:26,280 - mmdet - INFO - Epoch [17][3550/6976]	lr: 1.000e-03, eta: 4:35:42, time: 0.175, data_time: 0.010, memory: 13424, loss_cls: 0.4071, loss_bbox: 0.3537, loss_kps: 0.0000, loss: 0.7608
2026-09-23 20:37:35,007 - mmdet - INFO - Epoch [17][3600/6976]	lr: 1.000e-03, eta: 4:35:33, time: 0.175, data_time: 0.009, memory: 13424, loss_cls: 0.3964, loss_bbox: 0.3722, loss_kps: 0.0000, loss: 0.7686
2026-09-23 20:37:43,840 - mmdet - INFO - Epoch [17][3650/6976]	lr: 1.000e-03, eta: 4:35:24, time: 0.177, data_time: 0.010, memory: 13424, loss_cls: 0.4073, loss_bbox: 0.3734, loss_kps: 0.0000, loss: 0.7807
2026-09-23 20:37:52,516 - mmdet - INFO - Epoch [17][3700/6976]	lr: 1.000e-03, eta: 4:35:15, time: 0.174, data_time: 0.009, memory: 13424, loss_cls: 0.3943, loss_bbox: 0.3822, loss_kps: 0.0000, loss: 0.7765
2026-09-23 20:38:01,669 - mmdet - INFO - Epoch [17][3750/6976]	lr: 1.000e-03, eta: 4:35:07, time: 0.183, data_time: 0.010, memory: 13424, loss_cls: 0.4077, loss_bbox: 0.3656, loss_kps: 0.0000, loss: 0.7733
2026-09-23 20:38:10,490 - mmdet - INFO - Epoch [17][3800/6976]	lr: 1.000e-03, eta: 4:34:58, time: 0.176, data_time: 0.010, memory: 13424, loss_cls: 0.4071, loss_bbox: 0.3732, loss_kps: 0.0000, loss: 0.7803
2026-09-23 20:38:19,233 - mmdet - INFO - Epoch [17][3850/6976]	lr: 1.000e-03, eta: 4:34:49, time: 0.175, data_time: 0.010, memory: 13424, loss_cls: 0.3980, loss_bbox: 0.3688, loss_kps: 0.0000, loss: 0.7668
2026-09-23 20:38:27,968 - mmdet - INFO - Epoch [17][3900/6976]	lr: 1.000e-03, eta: 4:34:40, time: 0.175, data_time: 0.010, memory: 13424, loss_cls: 0.3900, loss_bbox: 0.3612, loss_kps: 0.0000, loss: 0.7512
2026-09-23 20:38:36,716 - mmdet - INFO - Epoch [17][3950/6976]	lr: 1.000e-03, eta: 4:34:31, time: 0.175, data_time: 0.010, memory: 13424, loss_cls: 0.3952, loss_bbox: 0.3612, loss_kps: 0.0000, loss: 0.7564
2026-09-23 20:38:45,513 - mmdet - INFO - Epoch [17][4000/6976]	lr: 1.000e-03, eta: 4:34:23, time: 0.176, data_time: 0.010, memory: 13424, loss_cls: 0.3989, loss_bbox: 0.3654, loss_kps: 0.0000, loss: 0.7643
2026-09-23 20:38:54,162 - mmdet - INFO - Epoch [17][4050/6976]	lr: 1.000e-03, eta: 4:34:14, time: 0.173, data_time: 0.010, memory: 13424, loss_cls: 0.3899, loss_bbox: 0.3590, loss_kps: 0.0000, loss: 0.7488
2026-09-23 20:39:02,984 - mmdet - INFO - Epoch [17][4100/6976]	lr: 1.000e-03, eta: 4:34:05, time: 0.176, data_time: 0.010, memory: 13424, loss_cls: 0.3925, loss_bbox: 0.3739, loss_kps: 0.0000, loss: 0.7664
2026-09-23 20:39:11,823 - mmdet - INFO - Epoch [17][4150/6976]	lr: 1.000e-03, eta: 4:33:56, time: 0.177, data_time: 0.010, memory: 13424, loss_cls: 0.4296, loss_bbox: 0.3704, loss_kps: 0.0000, loss: 0.8001
2026-09-23 20:39:20,581 - mmdet - INFO - Epoch [17][4200/6976]	lr: 1.000e-03, eta: 4:33:47, time: 0.175, data_time: 0.010, memory: 13424, loss_cls: 0.3943, loss_bbox: 0.3758, loss_kps: 0.0000, loss: 0.7701
2026-09-23 20:39:29,249 - mmdet - INFO - Epoch [17][4250/6976]	lr: 1.000e-03, eta: 4:33:39, time: 0.173, data_time: 0.010, memory: 13424, loss_cls: 0.3792, loss_bbox: 0.3680, loss_kps: 0.0000, loss: 0.7473
2026-09-23 20:39:37,885 - mmdet - INFO - Epoch [17][4300/6976]	lr: 1.000e-03, eta: 4:33:30, time: 0.173, data_time: 0.010, memory: 13424, loss_cls: 0.3947, loss_bbox: 0.3761, loss_kps: 0.0000, loss: 0.7708
2026-09-23 20:39:46,558 - mmdet - INFO - Epoch [17][4350/6976]	lr: 1.000e-03, eta: 4:33:21, time: 0.173, data_time: 0.010, memory: 13424, loss_cls: 0.3984, loss_bbox: 0.3625, loss_kps: 0.0000, loss: 0.7609
2026-09-23 20:39:55,306 - mmdet - INFO - Epoch [17][4400/6976]	lr: 1.000e-03, eta: 4:33:12, time: 0.175, data_time: 0.010, memory: 13424, loss_cls: 0.4209, loss_bbox: 0.3853, loss_kps: 0.0000, loss: 0.8062
2026-09-23 20:40:03,996 - mmdet - INFO - Epoch [17][4450/6976]	lr: 1.000e-03, eta: 4:33:03, time: 0.174, data_time: 0.010, memory: 13424, loss_cls: 0.4126, loss_bbox: 0.3718, loss_kps: 0.0000, loss: 0.7843
2026-09-23 20:40:12,584 - mmdet - INFO - Epoch [17][4500/6976]	lr: 1.000e-03, eta: 4:32:54, time: 0.172, data_time: 0.010, memory: 13424, loss_cls: 0.3858, loss_bbox: 0.3592, loss_kps: 0.0000, loss: 0.7450
2026-09-23 20:40:21,312 - mmdet - INFO - Epoch [17][4550/6976]	lr: 1.000e-03, eta: 4:32:45, time: 0.175, data_time: 0.010, memory: 13424, loss_cls: 0.4075, loss_bbox: 0.3686, loss_kps: 0.0000, loss: 0.7760
2026-09-23 20:40:30,035 - mmdet - INFO - Epoch [17][4600/6976]	lr: 1.000e-03, eta: 4:32:36, time: 0.174, data_time: 0.010, memory: 13424, loss_cls: 0.3917, loss_bbox: 0.3800, loss_kps: 0.0000, loss: 0.7717
2026-09-23 20:40:38,717 - mmdet - INFO - Epoch [17][4650/6976]	lr: 1.000e-03, eta: 4:32:28, time: 0.174, data_time: 0.010, memory: 13424, loss_cls: 0.3827, loss_bbox: 0.3725, loss_kps: 0.0000, loss: 0.7552
2026-09-23 20:40:47,398 - mmdet - INFO - Epoch [17][4700/6976]	lr: 1.000e-03, eta: 4:32:19, time: 0.174, data_time: 0.010, memory: 13424, loss_cls: 0.3955, loss_bbox: 0.3666, loss_kps: 0.0000, loss: 0.7621
2026-09-23 20:40:56,119 - mmdet - INFO - Epoch [17][4750/6976]	lr: 1.000e-03, eta: 4:32:10, time: 0.174, data_time: 0.010, memory: 13424, loss_cls: 0.3834, loss_bbox: 0.3659, loss_kps: 0.0000, loss: 0.7493
2026-09-23 20:41:04,925 - mmdet - INFO - Epoch [17][4800/6976]	lr: 1.000e-03, eta: 4:32:01, time: 0.176, data_time: 0.010, memory: 13424, loss_cls: 0.4067, loss_bbox: 0.3869, loss_kps: 0.0000, loss: 0.7935
2026-09-23 20:41:13,652 - mmdet - INFO - Epoch [17][4850/6976]	lr: 1.000e-03, eta: 4:31:52, time: 0.175, data_time: 0.010, memory: 13424, loss_cls: 0.4130, loss_bbox: 0.3636, loss_kps: 0.0000, loss: 0.7766
2026-09-23 20:41:22,447 - mmdet - INFO - Epoch [17][4900/6976]	lr: 1.000e-03, eta: 4:31:43, time: 0.176, data_time: 0.010, memory: 13424, loss_cls: 0.3953, loss_bbox: 0.3646, loss_kps: 0.0000, loss: 0.7599
2026-09-23 20:41:31,204 - mmdet - INFO - Epoch [17][4950/6976]	lr: 1.000e-03, eta: 4:31:35, time: 0.175, data_time: 0.010, memory: 13424, loss_cls: 0.3696, loss_bbox: 0.3575, loss_kps: 0.0000, loss: 0.7270
2026-09-23 20:41:39,953 - mmdet - INFO - Epoch [17][5000/6976]	lr: 1.000e-03, eta: 4:31:26, time: 0.175, data_time: 0.010, memory: 13424, loss_cls: 0.4080, loss_bbox: 0.3786, loss_kps: 0.0000, loss: 0.7866
2026-09-23 20:41:48,719 - mmdet - INFO - Epoch [17][5050/6976]	lr: 1.000e-03, eta: 4:31:17, time: 0.175, data_time: 0.010, memory: 13424, loss_cls: 0.4027, loss_bbox: 0.3750, loss_kps: 0.0000, loss: 0.7777
2026-09-23 20:41:57,442 - mmdet - INFO - Epoch [17][5100/6976]	lr: 1.000e-03, eta: 4:31:08, time: 0.175, data_time: 0.010, memory: 13424, loss_cls: 0.4151, loss_bbox: 0.3818, loss_kps: 0.0000, loss: 0.7968
2026-09-23 20:42:06,282 - mmdet - INFO - Epoch [17][5150/6976]	lr: 1.000e-03, eta: 4:30:59, time: 0.177, data_time: 0.010, memory: 13424, loss_cls: 0.4167, loss_bbox: 0.3875, loss_kps: 0.0000, loss: 0.8042
2026-09-23 20:42:15,005 - mmdet - INFO - Epoch [17][5200/6976]	lr: 1.000e-03, eta: 4:30:51, time: 0.174, data_time: 0.010, memory: 13424, loss_cls: 0.4093, loss_bbox: 0.3829, loss_kps: 0.0000, loss: 0.7922
2026-09-23 20:42:23,755 - mmdet - INFO - Epoch [17][5250/6976]	lr: 1.000e-03, eta: 4:30:42, time: 0.175, data_time: 0.010, memory: 13424, loss_cls: 0.3897, loss_bbox: 0.3700, loss_kps: 0.0000, loss: 0.7597
2026-09-23 20:42:32,530 - mmdet - INFO - Epoch [17][5300/6976]	lr: 1.000e-03, eta: 4:30:33, time: 0.175, data_time: 0.010, memory: 13424, loss_cls: 0.4027, loss_bbox: 0.3661, loss_kps: 0.0000, loss: 0.7688
2026-09-23 20:42:41,254 - mmdet - INFO - Epoch [17][5350/6976]	lr: 1.000e-03, eta: 4:30:24, time: 0.175, data_time: 0.010, memory: 13424, loss_cls: 0.4123, loss_bbox: 0.3783, loss_kps: 0.0000, loss: 0.7905
2026-09-23 20:42:50,060 - mmdet - INFO - Epoch [17][5400/6976]	lr: 1.000e-03, eta: 4:30:15, time: 0.176, data_time: 0.010, memory: 13424, loss_cls: 0.3923, loss_bbox: 0.3717, loss_kps: 0.0000, loss: 0.7639
2026-09-23 20:42:58,884 - mmdet - INFO - Epoch [17][5450/6976]	lr: 1.000e-03, eta: 4:30:07, time: 0.176, data_time: 0.010, memory: 13424, loss_cls: 0.3947, loss_bbox: 0.3655, loss_kps: 0.0000, loss: 0.7602
2026-09-23 20:43:07,617 - mmdet - INFO - Epoch [17][5500/6976]	lr: 1.000e-03, eta: 4:29:58, time: 0.175, data_time: 0.009, memory: 13424, loss_cls: 0.4210, loss_bbox: 0.3713, loss_kps: 0.0000, loss: 0.7923
2026-09-23 20:43:16,407 - mmdet - INFO - Epoch [17][5550/6976]	lr: 1.000e-03, eta: 4:29:49, time: 0.176, data_time: 0.009, memory: 13424, loss_cls: 0.3745, loss_bbox: 0.3682, loss_kps: 0.0000, loss: 0.7428
2026-09-23 20:43:25,234 - mmdet - INFO - Epoch [17][5600/6976]	lr: 1.000e-03, eta: 4:29:40, time: 0.177, data_time: 0.009, memory: 13424, loss_cls: 0.3986, loss_bbox: 0.3751, loss_kps: 0.0000, loss: 0.7738
2026-09-23 20:43:34,302 - mmdet - INFO - Epoch [17][5650/6976]	lr: 1.000e-03, eta: 4:29:32, time: 0.181, data_time: 0.009, memory: 13424, loss_cls: 0.4022, loss_bbox: 0.3598, loss_kps: 0.0000, loss: 0.7620
2026-09-23 20:43:43,003 - mmdet - INFO - Epoch [17][5700/6976]	lr: 1.000e-03, eta: 4:29:23, time: 0.174, data_time: 0.009, memory: 13424, loss_cls: 0.3761, loss_bbox: 0.3648, loss_kps: 0.0000, loss: 0.7409
2026-09-23 20:43:52,078 - mmdet - INFO - Epoch [17][5750/6976]	lr: 1.000e-03, eta: 4:29:14, time: 0.181, data_time: 0.010, memory: 13424, loss_cls: 0.4039, loss_bbox: 0.3902, loss_kps: 0.0000, loss: 0.7942
2026-09-23 20:44:00,925 - mmdet - INFO - Epoch [17][5800/6976]	lr: 1.000e-03, eta: 4:29:06, time: 0.177, data_time: 0.009, memory: 13424, loss_cls: 0.4035, loss_bbox: 0.3805, loss_kps: 0.0000, loss: 0.7840
2026-09-23 20:44:09,589 - mmdet - INFO - Epoch [17][5850/6976]	lr: 1.000e-03, eta: 4:28:57, time: 0.173, data_time: 0.009, memory: 13424, loss_cls: 0.3933, loss_bbox: 0.3757, loss_kps: 0.0000, loss: 0.7689
2026-09-23 20:44:18,291 - mmdet - INFO - Epoch [17][5900/6976]	lr: 1.000e-03, eta: 4:28:48, time: 0.174, data_time: 0.009, memory: 13424, loss_cls: 0.3984, loss_bbox: 0.3626, loss_kps: 0.0000, loss: 0.7610
2026-09-23 20:44:27,411 - mmdet - INFO - Epoch [17][5950/6976]	lr: 1.000e-03, eta: 4:28:39, time: 0.182, data_time: 0.010, memory: 13424, loss_cls: 0.4119, loss_bbox: 0.3809, loss_kps: 0.0000, loss: 0.7928
2026-09-23 20:44:36,517 - mmdet - INFO - Epoch [17][6000/6976]	lr: 1.000e-03, eta: 4:28:31, time: 0.182, data_time: 0.010, memory: 13424, loss_cls: 0.4323, loss_bbox: 0.3882, loss_kps: 0.0000, loss: 0.8205
2026-09-23 20:44:45,294 - mmdet - INFO - Epoch [17][6050/6976]	lr: 1.000e-03, eta: 4:28:22, time: 0.175, data_time: 0.009, memory: 13424, loss_cls: 0.3953, loss_bbox: 0.3758, loss_kps: 0.0000, loss: 0.7710
2026-09-23 20:44:54,008 - mmdet - INFO - Epoch [17][6100/6976]	lr: 1.000e-03, eta: 4:28:13, time: 0.174, data_time: 0.010, memory: 13424, loss_cls: 0.4130, loss_bbox: 0.3731, loss_kps: 0.0000, loss: 0.7862
2026-09-23 20:45:02,685 - mmdet - INFO - Epoch [17][6150/6976]	lr: 1.000e-03, eta: 4:28:04, time: 0.174, data_time: 0.009, memory: 13424, loss_cls: 0.4136, loss_bbox: 0.3660, loss_kps: 0.0000, loss: 0.7796
2026-09-23 20:45:11,372 - mmdet - INFO - Epoch [17][6200/6976]	lr: 1.000e-03, eta: 4:27:55, time: 0.174, data_time: 0.009, memory: 13424, loss_cls: 0.3752, loss_bbox: 0.3544, loss_kps: 0.0000, loss: 0.7296
2026-09-23 20:45:20,161 - mmdet - INFO - Epoch [17][6250/6976]	lr: 1.000e-03, eta: 4:27:47, time: 0.176, data_time: 0.009, memory: 13424, loss_cls: 0.4157, loss_bbox: 0.3778, loss_kps: 0.0000, loss: 0.7936
2026-09-23 20:45:28,969 - mmdet - INFO - Epoch [17][6300/6976]	lr: 1.000e-03, eta: 4:27:38, time: 0.176, data_time: 0.009, memory: 13424, loss_cls: 0.3946, loss_bbox: 0.3782, loss_kps: 0.0000, loss: 0.7728
2026-09-23 20:45:37,740 - mmdet - INFO - Epoch [17][6350/6976]	lr: 1.000e-03, eta: 4:27:29, time: 0.175, data_time: 0.010, memory: 13424, loss_cls: 0.4050, loss_bbox: 0.3675, loss_kps: 0.0000, loss: 0.7725
2026-09-23 20:45:46,498 - mmdet - INFO - Epoch [17][6400/6976]	lr: 1.000e-03, eta: 4:27:20, time: 0.175, data_time: 0.010, memory: 13424, loss_cls: 0.3962, loss_bbox: 0.3672, loss_kps: 0.0000, loss: 0.7633
2026-09-23 20:45:55,255 - mmdet - INFO - Epoch [17][6450/6976]	lr: 1.000e-03, eta: 4:27:11, time: 0.175, data_time: 0.009, memory: 13424, loss_cls: 0.3989, loss_bbox: 0.3644, loss_kps: 0.0000, loss: 0.7633
2026-09-23 20:46:04,028 - mmdet - INFO - Epoch [17][6500/6976]	lr: 1.000e-03, eta: 4:27:03, time: 0.176, data_time: 0.009, memory: 13424, loss_cls: 0.3880, loss_bbox: 0.3634, loss_kps: 0.0000, loss: 0.7514
2026-09-23 20:46:12,850 - mmdet - INFO - Epoch [17][6550/6976]	lr: 1.000e-03, eta: 4:26:54, time: 0.176, data_time: 0.009, memory: 13424, loss_cls: 0.3971, loss_bbox: 0.3636, loss_kps: 0.0000, loss: 0.7607
2026-09-23 20:46:21,685 - mmdet - INFO - Epoch [17][6600/6976]	lr: 1.000e-03, eta: 4:26:45, time: 0.177, data_time: 0.009, memory: 13424, loss_cls: 0.4019, loss_bbox: 0.3739, loss_kps: 0.0000, loss: 0.7758
2026-09-23 20:46:30,512 - mmdet - INFO - Epoch [17][6650/6976]	lr: 1.000e-03, eta: 4:26:36, time: 0.176, data_time: 0.009, memory: 13424, loss_cls: 0.4105, loss_bbox: 0.3799, loss_kps: 0.0000, loss: 0.7905
2026-09-23 20:46:39,338 - mmdet - INFO - Epoch [17][6700/6976]	lr: 1.000e-03, eta: 4:26:28, time: 0.177, data_time: 0.009, memory: 13424, loss_cls: 0.4008, loss_bbox: 0.3576, loss_kps: 0.0000, loss: 0.7585
2026-09-23 20:46:48,055 - mmdet - INFO - Epoch [17][6750/6976]	lr: 1.000e-03, eta: 4:26:19, time: 0.174, data_time: 0.009, memory: 13424, loss_cls: 0.4031, loss_bbox: 0.3659, loss_kps: 0.0000, loss: 0.7690
2026-09-23 20:46:56,845 - mmdet - INFO - Epoch [17][6800/6976]	lr: 1.000e-03, eta: 4:26:10, time: 0.176, data_time: 0.010, memory: 13424, loss_cls: 0.4294, loss_bbox: 0.3715, loss_kps: 0.0000, loss: 0.8009
2026-09-23 20:47:05,586 - mmdet - INFO - Epoch [17][6850/6976]	lr: 1.000e-03, eta: 4:26:01, time: 0.175, data_time: 0.009, memory: 13424, loss_cls: 0.4166, loss_bbox: 0.3811, loss_kps: 0.0000, loss: 0.7978
2026-09-23 20:47:14,291 - mmdet - INFO - Epoch [17][6900/6976]	lr: 1.000e-03, eta: 4:25:52, time: 0.174, data_time: 0.009, memory: 13424, loss_cls: 0.4021, loss_bbox: 0.3942, loss_kps: 0.0000, loss: 0.7963
2026-09-23 20:47:23,021 - mmdet - INFO - Epoch [17][6950/6976]	lr: 1.000e-03, eta: 4:25:43, time: 0.175, data_time: 0.009, memory: 13424, loss_cls: 0.4124, loss_bbox: 0.3686, loss_kps: 0.0000, loss: 0.7810
2026-09-23 20:47:27,636 - mmdet - INFO - Saving checkpoint at 17 epochs
2026-09-23 20:47:41,498 - mmdet - INFO - Epoch [18][50/6976]	lr: 1.000e-03, eta: 4:25:30, time: 0.272, data_time: 0.100, memory: 13424, loss_cls: 0.3999, loss_bbox: 0.3754, loss_kps: 0.0000, loss: 0.7753
2026-09-23 20:47:50,351 - mmdet - INFO - Epoch [18][100/6976]	lr: 1.000e-03, eta: 4:25:21, time: 0.177, data_time: 0.009, memory: 13424, loss_cls: 0.4018, loss_bbox: 0.3531, loss_kps: 0.0000, loss: 0.7549
2026-09-23 20:47:59,074 - mmdet - INFO - Epoch [18][150/6976]	lr: 1.000e-03, eta: 4:25:13, time: 0.174, data_time: 0.008, memory: 13424, loss_cls: 0.4019, loss_bbox: 0.3722, loss_kps: 0.0000, loss: 0.7741
2026-09-23 20:48:07,776 - mmdet - INFO - Epoch [18][200/6976]	lr: 1.000e-03, eta: 4:25:04, time: 0.174, data_time: 0.009, memory: 13424, loss_cls: 0.4287, loss_bbox: 0.3865, loss_kps: 0.0000, loss: 0.8152
2026-09-23 20:48:16,535 - mmdet - INFO - Epoch [18][250/6976]	lr: 1.000e-03, eta: 4:24:55, time: 0.175, data_time: 0.009, memory: 13424, loss_cls: 0.3879, loss_bbox: 0.3579, loss_kps: 0.0000, loss: 0.7458
2026-09-23 20:48:25,278 - mmdet - INFO - Epoch [18][300/6976]	lr: 1.000e-03, eta: 4:24:46, time: 0.175, data_time: 0.009, memory: 13424, loss_cls: 0.4001, loss_bbox: 0.3723, loss_kps: 0.0000, loss: 0.7724
2026-09-23 20:48:34,061 - mmdet - INFO - Epoch [18][350/6976]	lr: 1.000e-03, eta: 4:24:37, time: 0.176, data_time: 0.009, memory: 13424, loss_cls: 0.3770, loss_bbox: 0.3635, loss_kps: 0.0000, loss: 0.7406
2026-09-23 20:48:42,847 - mmdet - INFO - Epoch [18][400/6976]	lr: 1.000e-03, eta: 4:24:29, time: 0.176, data_time: 0.009, memory: 13424, loss_cls: 0.4022, loss_bbox: 0.3718, loss_kps: 0.0000, loss: 0.7740
2026-09-23 20:48:51,572 - mmdet - INFO - Epoch [18][450/6976]	lr: 1.000e-03, eta: 4:24:20, time: 0.174, data_time: 0.009, memory: 13424, loss_cls: 0.3798, loss_bbox: 0.3695, loss_kps: 0.0000, loss: 0.7493
2026-09-23 20:49:00,291 - mmdet - INFO - Epoch [18][500/6976]	lr: 1.000e-03, eta: 4:24:11, time: 0.174, data_time: 0.009, memory: 13424, loss_cls: 0.4009, loss_bbox: 0.3769, loss_kps: 0.0000, loss: 0.7778
2026-09-23 20:49:09,092 - mmdet - INFO - Epoch [18][550/6976]	lr: 1.000e-03, eta: 4:24:02, time: 0.176, data_time: 0.009, memory: 13424, loss_cls: 0.3976, loss_bbox: 0.3607, loss_kps: 0.0000, loss: 0.7583
2026-09-23 20:49:17,784 - mmdet - INFO - Epoch [18][600/6976]	lr: 1.000e-03, eta: 4:23:53, time: 0.174, data_time: 0.009, memory: 13424, loss_cls: 0.3946, loss_bbox: 0.3705, loss_kps: 0.0000, loss: 0.7651
2026-09-23 20:49:26,552 - mmdet - INFO - Epoch [18][650/6976]	lr: 1.000e-03, eta: 4:23:44, time: 0.175, data_time: 0.009, memory: 13424, loss_cls: 0.3879, loss_bbox: 0.3666, loss_kps: 0.0000, loss: 0.7546
2026-09-23 20:49:35,281 - mmdet - INFO - Epoch [18][700/6976]	lr: 1.000e-03, eta: 4:23:36, time: 0.175, data_time: 0.009, memory: 13424, loss_cls: 0.4041, loss_bbox: 0.3686, loss_kps: 0.0000, loss: 0.7728
2026-09-23 20:49:44,033 - mmdet - INFO - Epoch [18][750/6976]	lr: 1.000e-03, eta: 4:23:27, time: 0.175, data_time: 0.009, memory: 13424, loss_cls: 0.4076, loss_bbox: 0.3676, loss_kps: 0.0000, loss: 0.7752
2026-09-23 20:49:52,791 - mmdet - INFO - Epoch [18][800/6976]	lr: 1.000e-03, eta: 4:23:18, time: 0.175, data_time: 0.009, memory: 13424, loss_cls: 0.3906, loss_bbox: 0.3662, loss_kps: 0.0000, loss: 0.7568
2026-09-23 20:50:01,604 - mmdet - INFO - Epoch [18][850/6976]	lr: 1.000e-03, eta: 4:23:09, time: 0.176, data_time: 0.009, memory: 13424, loss_cls: 0.4117, loss_bbox: 0.3821, loss_kps: 0.0000, loss: 0.7938
2026-09-23 20:50:10,364 - mmdet - INFO - Epoch [18][900/6976]	lr: 1.000e-03, eta: 4:23:00, time: 0.175, data_time: 0.009, memory: 13424, loss_cls: 0.4028, loss_bbox: 0.3670, loss_kps: 0.0000, loss: 0.7698
2026-09-23 20:50:19,404 - mmdet - INFO - Epoch [18][950/6976]	lr: 1.000e-03, eta: 4:22:52, time: 0.181, data_time: 0.009, memory: 13424, loss_cls: 0.4037, loss_bbox: 0.3640, loss_kps: 0.0000, loss: 0.7677
2026-09-23 20:50:28,120 - mmdet - INFO - Epoch [18][1000/6976]	lr: 1.000e-03, eta: 4:22:43, time: 0.174, data_time: 0.009, memory: 13424, loss_cls: 0.3812, loss_bbox: 0.3712, loss_kps: 0.0000, loss: 0.7525
2026-09-23 20:50:36,843 - mmdet - INFO - Epoch [18][1050/6976]	lr: 1.000e-03, eta: 4:22:34, time: 0.174, data_time: 0.009, memory: 13424, loss_cls: 0.4053, loss_bbox: 0.3756, loss_kps: 0.0000, loss: 0.7809
2026-09-23 20:50:45,990 - mmdet - INFO - Epoch [18][1100/6976]	lr: 1.000e-03, eta: 4:22:26, time: 0.183, data_time: 0.009, memory: 13424, loss_cls: 0.3674, loss_bbox: 0.3613, loss_kps: 0.0000, loss: 0.7286
2026-09-23 20:50:54,703 - mmdet - INFO - Epoch [18][1150/6976]	lr: 1.000e-03, eta: 4:22:17, time: 0.174, data_time: 0.009, memory: 13424, loss_cls: 0.4301, loss_bbox: 0.3915, loss_kps: 0.0000, loss: 0.8216
2026-09-23 20:51:03,439 - mmdet - INFO - Epoch [18][1200/6976]	lr: 1.000e-03, eta: 4:22:08, time: 0.175, data_time: 0.009, memory: 13424, loss_cls: 0.3900, loss_bbox: 0.3638, loss_kps: 0.0000, loss: 0.7538
2026-09-23 20:51:12,247 - mmdet - INFO - Epoch [18][1250/6976]	lr: 1.000e-03, eta: 4:21:59, time: 0.176, data_time: 0.009, memory: 13424, loss_cls: 0.3762, loss_bbox: 0.3606, loss_kps: 0.0000, loss: 0.7368
2026-09-23 20:51:20,963 - mmdet - INFO - Epoch [18][1300/6976]	lr: 1.000e-03, eta: 4:21:50, time: 0.174, data_time: 0.009, memory: 13424, loss_cls: 0.4065, loss_bbox: 0.3701, loss_kps: 0.0000, loss: 0.7766
2026-09-23 20:51:30,124 - mmdet - INFO - Epoch [18][1350/6976]	lr: 1.000e-03, eta: 4:21:42, time: 0.183, data_time: 0.009, memory: 13424, loss_cls: 0.4080, loss_bbox: 0.3710, loss_kps: 0.0000, loss: 0.7790
2026-09-23 20:51:38,913 - mmdet - INFO - Epoch [18][1400/6976]	lr: 1.000e-03, eta: 4:21:33, time: 0.176, data_time: 0.009, memory: 13424, loss_cls: 0.3956, loss_bbox: 0.3579, loss_kps: 0.0000, loss: 0.7534
2026-09-23 20:51:47,651 - mmdet - INFO - Epoch [18][1450/6976]	lr: 1.000e-03, eta: 4:21:24, time: 0.175, data_time: 0.009, memory: 13424, loss_cls: 0.4060, loss_bbox: 0.3698, loss_kps: 0.0000, loss: 0.7758
2026-09-23 20:51:56,469 - mmdet - INFO - Epoch [18][1500/6976]	lr: 1.000e-03, eta: 4:21:15, time: 0.176, data_time: 0.009, memory: 13424, loss_cls: 0.4168, loss_bbox: 0.3794, loss_kps: 0.0000, loss: 0.7963
2026-09-23 20:52:05,226 - mmdet - INFO - Epoch [18][1550/6976]	lr: 1.000e-03, eta: 4:21:07, time: 0.175, data_time: 0.010, memory: 13424, loss_cls: 0.3853, loss_bbox: 0.3663, loss_kps: 0.0000, loss: 0.7516
2026-09-23 20:52:13,903 - mmdet - INFO - Epoch [18][1600/6976]	lr: 1.000e-03, eta: 4:20:58, time: 0.174, data_time: 0.008, memory: 13424, loss_cls: 0.3710, loss_bbox: 0.3583, loss_kps: 0.0000, loss: 0.7293
2026-09-23 20:52:22,720 - mmdet - INFO - Epoch [18][1650/6976]	lr: 1.000e-03, eta: 4:20:49, time: 0.176, data_time: 0.009, memory: 13424, loss_cls: 0.4195, loss_bbox: 0.3748, loss_kps: 0.0000, loss: 0.7943
2026-09-23 20:52:31,524 - mmdet - INFO - Epoch [18][1700/6976]	lr: 1.000e-03, eta: 4:20:40, time: 0.176, data_time: 0.009, memory: 13424, loss_cls: 0.4163, loss_bbox: 0.3745, loss_kps: 0.0000, loss: 0.7908
2026-09-23 20:52:40,252 - mmdet - INFO - Epoch [18][1750/6976]	lr: 1.000e-03, eta: 4:20:31, time: 0.175, data_time: 0.009, memory: 13424, loss_cls: 0.4129, loss_bbox: 0.3753, loss_kps: 0.0000, loss: 0.7882
2026-09-23 20:52:49,073 - mmdet - INFO - Epoch [18][1800/6976]	lr: 1.000e-03, eta: 4:20:23, time: 0.177, data_time: 0.009, memory: 13424, loss_cls: 0.3893, loss_bbox: 0.3801, loss_kps: 0.0000, loss: 0.7694
2026-09-23 20:52:57,919 - mmdet - INFO - Epoch [18][1850/6976]	lr: 1.000e-03, eta: 4:20:14, time: 0.177, data_time: 0.009, memory: 13424, loss_cls: 0.3863, loss_bbox: 0.3756, loss_kps: 0.0000, loss: 0.7620
2026-09-23 20:53:06,680 - mmdet - INFO - Epoch [18][1900/6976]	lr: 1.000e-03, eta: 4:20:05, time: 0.175, data_time: 0.009, memory: 13424, loss_cls: 0.3985, loss_bbox: 0.3710, loss_kps: 0.0000, loss: 0.7695
2026-09-23 20:53:15,849 - mmdet - INFO - Epoch [18][1950/6976]	lr: 1.000e-03, eta: 4:19:57, time: 0.183, data_time: 0.009, memory: 13424, loss_cls: 0.4360, loss_bbox: 0.3630, loss_kps: 0.0000, loss: 0.7990
2026-09-23 20:53:24,620 - mmdet - INFO - Epoch [18][2000/6976]	lr: 1.000e-03, eta: 4:19:48, time: 0.176, data_time: 0.009, memory: 13424, loss_cls: 0.4103, loss_bbox: 0.3842, loss_kps: 0.0000, loss: 0.7945
2026-09-23 20:53:33,383 - mmdet - INFO - Epoch [18][2050/6976]	lr: 1.000e-03, eta: 4:19:39, time: 0.175, data_time: 0.009, memory: 13424, loss_cls: 0.4020, loss_bbox: 0.3760, loss_kps: 0.0000, loss: 0.7780
2026-09-23 20:53:42,104 - mmdet - INFO - Epoch [18][2100/6976]	lr: 1.000e-03, eta: 4:19:30, time: 0.174, data_time: 0.009, memory: 13424, loss_cls: 0.3867, loss_bbox: 0.3554, loss_kps: 0.0000, loss: 0.7421
2026-09-23 20:53:50,858 - mmdet - INFO - Epoch [18][2150/6976]	lr: 1.000e-03, eta: 4:19:21, time: 0.175, data_time: 0.009, memory: 13424, loss_cls: 0.3967, loss_bbox: 0.3756, loss_kps: 0.0000, loss: 0.7723
2026-09-23 20:53:59,589 - mmdet - INFO - Epoch [18][2200/6976]	lr: 1.000e-03, eta: 4:19:12, time: 0.175, data_time: 0.009, memory: 13424, loss_cls: 0.3719, loss_bbox: 0.3682, loss_kps: 0.0000, loss: 0.7401
2026-09-23 20:54:08,346 - mmdet - INFO - Epoch [18][2250/6976]	lr: 1.000e-03, eta: 4:19:04, time: 0.175, data_time: 0.009, memory: 13424, loss_cls: 0.3968, loss_bbox: 0.3750, loss_kps: 0.0000, loss: 0.7718
2026-09-23 20:54:17,074 - mmdet - INFO - Epoch [18][2300/6976]	lr: 1.000e-03, eta: 4:18:55, time: 0.175, data_time: 0.009, memory: 13424, loss_cls: 0.4009, loss_bbox: 0.3814, loss_kps: 0.0000, loss: 0.7823
2026-09-23 20:54:25,810 - mmdet - INFO - Epoch [18][2350/6976]	lr: 1.000e-03, eta: 4:18:46, time: 0.175, data_time: 0.009, memory: 13424, loss_cls: 0.3841, loss_bbox: 0.3685, loss_kps: 0.0000, loss: 0.7526
2026-09-23 20:54:34,496 - mmdet - INFO - Epoch [18][2400/6976]	lr: 1.000e-03, eta: 4:18:37, time: 0.174, data_time: 0.008, memory: 13424, loss_cls: 0.3895, loss_bbox: 0.3694, loss_kps: 0.0000, loss: 0.7588
2026-09-23 20:54:43,314 - mmdet - INFO - Epoch [18][2450/6976]	lr: 1.000e-03, eta: 4:18:28, time: 0.176, data_time: 0.009, memory: 13424, loss_cls: 0.4134, loss_bbox: 0.3763, loss_kps: 0.0000, loss: 0.7897
2026-09-23 20:54:52,079 - mmdet - INFO - Epoch [18][2500/6976]	lr: 1.000e-03, eta: 4:18:20, time: 0.175, data_time: 0.009, memory: 13424, loss_cls: 0.3765, loss_bbox: 0.3588, loss_kps: 0.0000, loss: 0.7353
2026-09-23 20:55:00,826 - mmdet - INFO - Epoch [18][2550/6976]	lr: 1.000e-03, eta: 4:18:11, time: 0.175, data_time: 0.010, memory: 13424, loss_cls: 0.4032, loss_bbox: 0.3813, loss_kps: 0.0000, loss: 0.7845
2026-09-23 20:55:09,601 - mmdet - INFO - Epoch [18][2600/6976]	lr: 1.000e-03, eta: 4:18:02, time: 0.175, data_time: 0.009, memory: 13424, loss_cls: 0.3841, loss_bbox: 0.3620, loss_kps: 0.0000, loss: 0.7461
2026-09-23 20:55:18,374 - mmdet - INFO - Epoch [18][2650/6976]	lr: 1.000e-03, eta: 4:17:53, time: 0.176, data_time: 0.009, memory: 13424, loss_cls: 0.3927, loss_bbox: 0.3700, loss_kps: 0.0000, loss: 0.7626
2026-09-23 20:55:27,143 - mmdet - INFO - Epoch [18][2700/6976]	lr: 1.000e-03, eta: 4:17:44, time: 0.175, data_time: 0.009, memory: 13424, loss_cls: 0.4046, loss_bbox: 0.3642, loss_kps: 0.0000, loss: 0.7688
2026-09-23 20:55:35,866 - mmdet - INFO - Epoch [18][2750/6976]	lr: 1.000e-03, eta: 4:17:35, time: 0.175, data_time: 0.009, memory: 13424, loss_cls: 0.4074, loss_bbox: 0.3750, loss_kps: 0.0000, loss: 0.7824
2026-09-23 20:55:44,664 - mmdet - INFO - Epoch [18][2800/6976]	lr: 1.000e-03, eta: 4:17:27, time: 0.176, data_time: 0.009, memory: 13424, loss_cls: 0.4126, loss_bbox: 0.3785, loss_kps: 0.0000, loss: 0.7911
2026-09-23 20:55:53,384 - mmdet - INFO - Epoch [18][2850/6976]	lr: 1.000e-03, eta: 4:17:18, time: 0.175, data_time: 0.009, memory: 13424, loss_cls: 0.3906, loss_bbox: 0.3682, loss_kps: 0.0000, loss: 0.7588
2026-09-23 20:56:02,137 - mmdet - INFO - Epoch [18][2900/6976]	lr: 1.000e-03, eta: 4:17:09, time: 0.175, data_time: 0.009, memory: 13424, loss_cls: 0.3960, loss_bbox: 0.3687, loss_kps: 0.0000, loss: 0.7647
2026-09-23 20:56:10,775 - mmdet - INFO - Epoch [18][2950/6976]	lr: 1.000e-03, eta: 4:17:00, time: 0.173, data_time: 0.010, memory: 13424, loss_cls: 0.3925, loss_bbox: 0.3806, loss_kps: 0.0000, loss: 0.7731
2026-09-23 20:56:19,872 - mmdet - INFO - Epoch [18][3000/6976]	lr: 1.000e-03, eta: 4:16:52, time: 0.182, data_time: 0.009, memory: 13424, loss_cls: 0.3929, loss_bbox: 0.3711, loss_kps: 0.0000, loss: 0.7640
2026-09-23 20:56:28,556 - mmdet - INFO - Epoch [18][3050/6976]	lr: 1.000e-03, eta: 4:16:43, time: 0.174, data_time: 0.009, memory: 13424, loss_cls: 0.4009, loss_bbox: 0.3596, loss_kps: 0.0000, loss: 0.7606
2026-09-23 20:56:37,274 - mmdet - INFO - Epoch [18][3100/6976]	lr: 1.000e-03, eta: 4:16:34, time: 0.174, data_time: 0.009, memory: 13424, loss_cls: 0.3698, loss_bbox: 0.3629, loss_kps: 0.0000, loss: 0.7327
2026-09-23 20:56:46,019 - mmdet - INFO - Epoch [18][3150/6976]	lr: 1.000e-03, eta: 4:16:25, time: 0.175, data_time: 0.009, memory: 13424, loss_cls: 0.3794, loss_bbox: 0.3613, loss_kps: 0.0000, loss: 0.7407
2026-09-23 20:56:55,129 - mmdet - INFO - Epoch [18][3200/6976]	lr: 1.000e-03, eta: 4:16:17, time: 0.182, data_time: 0.010, memory: 13424, loss_cls: 0.3694, loss_bbox: 0.3535, loss_kps: 0.0000, loss: 0.7230
2026-09-23 20:57:03,930 - mmdet - INFO - Epoch [18][3250/6976]	lr: 1.000e-03, eta: 4:16:08, time: 0.176, data_time: 0.009, memory: 13424, loss_cls: 0.3970, loss_bbox: 0.3641, loss_kps: 0.0000, loss: 0.7611
2026-09-23 20:57:12,703 - mmdet - INFO - Epoch [18][3300/6976]	lr: 1.000e-03, eta: 4:15:59, time: 0.175, data_time: 0.009, memory: 13424, loss_cls: 0.4101, loss_bbox: 0.3701, loss_kps: 0.0000, loss: 0.7802
2026-09-23 20:57:21,509 - mmdet - INFO - Epoch [18][3350/6976]	lr: 1.000e-03, eta: 4:15:50, time: 0.176, data_time: 0.009, memory: 13424, loss_cls: 0.3952, loss_bbox: 0.3828, loss_kps: 0.0000, loss: 0.7780
2026-09-23 20:57:30,176 - mmdet - INFO - Epoch [18][3400/6976]	lr: 1.000e-03, eta: 4:15:41, time: 0.173, data_time: 0.010, memory: 13424, loss_cls: 0.4394, loss_bbox: 0.3851, loss_kps: 0.0000, loss: 0.8245
2026-09-23 20:57:38,921 - mmdet - INFO - Epoch [18][3450/6976]	lr: 1.000e-03, eta: 4:15:32, time: 0.175, data_time: 0.009, memory: 13424, loss_cls: 0.3928, loss_bbox: 0.3730, loss_kps: 0.0000, loss: 0.7658
2026-09-23 20:57:47,641 - mmdet - INFO - Epoch [18][3500/6976]	lr: 1.000e-03, eta: 4:15:24, time: 0.174, data_time: 0.010, memory: 13424, loss_cls: 0.4214, loss_bbox: 0.3815, loss_kps: 0.0000, loss: 0.8029
2026-09-23 20:57:56,405 - mmdet - INFO - Epoch [18][3550/6976]	lr: 1.000e-03, eta: 4:15:15, time: 0.176, data_time: 0.010, memory: 13424, loss_cls: 0.4117, loss_bbox: 0.3655, loss_kps: 0.0000, loss: 0.7772
2026-09-23 20:58:05,413 - mmdet - INFO - Epoch [18][3600/6976]	lr: 1.000e-03, eta: 4:15:06, time: 0.180, data_time: 0.009, memory: 13424, loss_cls: 0.3921, loss_bbox: 0.3605, loss_kps: 0.0000, loss: 0.7526
2026-09-23 20:58:14,258 - mmdet - INFO - Epoch [18][3650/6976]	lr: 1.000e-03, eta: 4:14:57, time: 0.177, data_time: 0.010, memory: 13424, loss_cls: 0.3993, loss_bbox: 0.3614, loss_kps: 0.0000, loss: 0.7606
2026-09-23 20:58:22,953 - mmdet - INFO - Epoch [18][3700/6976]	lr: 1.000e-03, eta: 4:14:49, time: 0.174, data_time: 0.010, memory: 13424, loss_cls: 0.3978, loss_bbox: 0.3690, loss_kps: 0.0000, loss: 0.7668
2026-09-23 20:58:31,699 - mmdet - INFO - Epoch [18][3750/6976]	lr: 1.000e-03, eta: 4:14:40, time: 0.175, data_time: 0.009, memory: 13424, loss_cls: 0.4032, loss_bbox: 0.3759, loss_kps: 0.0000, loss: 0.7791
2026-09-23 20:58:40,346 - mmdet - INFO - Epoch [18][3800/6976]	lr: 1.000e-03, eta: 4:14:31, time: 0.173, data_time: 0.009, memory: 13424, loss_cls: 0.4143, loss_bbox: 0.3730, loss_kps: 0.0000, loss: 0.7873
2026-09-23 20:58:49,074 - mmdet - INFO - Epoch [18][3850/6976]	lr: 1.000e-03, eta: 4:14:22, time: 0.175, data_time: 0.010, memory: 13424, loss_cls: 0.3970, loss_bbox: 0.3618, loss_kps: 0.0000, loss: 0.7588
2026-09-23 20:58:57,691 - mmdet - INFO - Epoch [18][3900/6976]	lr: 1.000e-03, eta: 4:14:13, time: 0.172, data_time: 0.010, memory: 13424, loss_cls: 0.3943, loss_bbox: 0.3592, loss_kps: 0.0000, loss: 0.7535
2026-09-23 20:59:06,489 - mmdet - INFO - Epoch [18][3950/6976]	lr: 1.000e-03, eta: 4:14:04, time: 0.176, data_time: 0.009, memory: 13424, loss_cls: 0.4039, loss_bbox: 0.3856, loss_kps: 0.0000, loss: 0.7895
2026-09-23 20:59:15,247 - mmdet - INFO - Epoch [18][4000/6976]	lr: 1.000e-03, eta: 4:13:56, time: 0.175, data_time: 0.009, memory: 13424, loss_cls: 0.4027, loss_bbox: 0.3664, loss_kps: 0.0000, loss: 0.7690
2026-09-23 20:59:23,969 - mmdet - INFO - Epoch [18][4050/6976]	lr: 1.000e-03, eta: 4:13:47, time: 0.175, data_time: 0.010, memory: 13424, loss_cls: 0.3941, loss_bbox: 0.3647, loss_kps: 0.0000, loss: 0.7588
2026-09-23 20:59:32,701 - mmdet - INFO - Epoch [18][4100/6976]	lr: 1.000e-03, eta: 4:13:38, time: 0.175, data_time: 0.010, memory: 13424, loss_cls: 0.3749, loss_bbox: 0.3648, loss_kps: 0.0000, loss: 0.7396
2026-09-23 20:59:41,408 - mmdet - INFO - Epoch [18][4150/6976]	lr: 1.000e-03, eta: 4:13:29, time: 0.174, data_time: 0.009, memory: 13424, loss_cls: 0.3917, loss_bbox: 0.3876, loss_kps: 0.0000, loss: 0.7793
2026-09-23 20:59:50,103 - mmdet - INFO - Epoch [18][4200/6976]	lr: 1.000e-03, eta: 4:13:20, time: 0.174, data_time: 0.010, memory: 13424, loss_cls: 0.4150, loss_bbox: 0.3735, loss_kps: 0.0000, loss: 0.7885
2026-09-23 20:59:58,827 - mmdet - INFO - Epoch [18][4250/6976]	lr: 1.000e-03, eta: 4:13:11, time: 0.174, data_time: 0.010, memory: 13424, loss_cls: 0.4307, loss_bbox: 0.3600, loss_kps: 0.0000, loss: 0.7907
2026-09-23 21:00:07,626 - mmdet - INFO - Epoch [18][4300/6976]	lr: 1.000e-03, eta: 4:13:03, time: 0.176, data_time: 0.010, memory: 13424, loss_cls: 0.3768, loss_bbox: 0.3544, loss_kps: 0.0000, loss: 0.7312
2026-09-23 21:00:16,406 - mmdet - INFO - Epoch [18][4350/6976]	lr: 1.000e-03, eta: 4:12:54, time: 0.176, data_time: 0.009, memory: 13424, loss_cls: 0.3939, loss_bbox: 0.3645, loss_kps: 0.0000, loss: 0.7584
2026-09-23 21:00:25,183 - mmdet - INFO - Epoch [18][4400/6976]	lr: 1.000e-03, eta: 4:12:45, time: 0.175, data_time: 0.010, memory: 13424, loss_cls: 0.3814, loss_bbox: 0.3595, loss_kps: 0.0000, loss: 0.7409
2026-09-23 21:00:33,882 - mmdet - INFO - Epoch [18][4450/6976]	lr: 1.000e-03, eta: 4:12:36, time: 0.174, data_time: 0.009, memory: 13424, loss_cls: 0.4016, loss_bbox: 0.3617, loss_kps: 0.0000, loss: 0.7633
2026-09-23 21:00:42,608 - mmdet - INFO - Epoch [18][4500/6976]	lr: 1.000e-03, eta: 4:12:27, time: 0.174, data_time: 0.009, memory: 13424, loss_cls: 0.4054, loss_bbox: 0.3597, loss_kps: 0.0000, loss: 0.7651
2026-09-23 21:00:51,415 - mmdet - INFO - Epoch [18][4550/6976]	lr: 1.000e-03, eta: 4:12:19, time: 0.176, data_time: 0.009, memory: 13424, loss_cls: 0.4075, loss_bbox: 0.3774, loss_kps: 0.0000, loss: 0.7849
2026-09-23 21:01:00,150 - mmdet - INFO - Epoch [18][4600/6976]	lr: 1.000e-03, eta: 4:12:10, time: 0.174, data_time: 0.010, memory: 13424, loss_cls: 0.4028, loss_bbox: 0.3655, loss_kps: 0.0000, loss: 0.7683
2026-09-23 21:01:08,853 - mmdet - INFO - Epoch [18][4650/6976]	lr: 1.000e-03, eta: 4:12:01, time: 0.174, data_time: 0.010, memory: 13424, loss_cls: 0.4135, loss_bbox: 0.3766, loss_kps: 0.0000, loss: 0.7902
2026-09-23 21:01:17,658 - mmdet - INFO - Epoch [18][4700/6976]	lr: 1.000e-03, eta: 4:11:52, time: 0.176, data_time: 0.010, memory: 13424, loss_cls: 0.3989, loss_bbox: 0.3718, loss_kps: 0.0000, loss: 0.7706
2026-09-23 21:01:26,354 - mmdet - INFO - Epoch [18][4750/6976]	lr: 1.000e-03, eta: 4:11:43, time: 0.174, data_time: 0.010, memory: 13424, loss_cls: 0.3792, loss_bbox: 0.3644, loss_kps: 0.0000, loss: 0.7436
2026-09-23 21:01:35,073 - mmdet - INFO - Epoch [18][4800/6976]	lr: 1.000e-03, eta: 4:11:34, time: 0.174, data_time: 0.010, memory: 13424, loss_cls: 0.3829, loss_bbox: 0.3657, loss_kps: 0.0000, loss: 0.7485
2026-09-23 21:01:43,774 - mmdet - INFO - Epoch [18][4850/6976]	lr: 1.000e-03, eta: 4:11:26, time: 0.174, data_time: 0.009, memory: 13424, loss_cls: 0.4078, loss_bbox: 0.3838, loss_kps: 0.0000, loss: 0.7916
2026-09-23 21:01:52,506 - mmdet - INFO - Epoch [18][4900/6976]	lr: 1.000e-03, eta: 4:11:17, time: 0.175, data_time: 0.009, memory: 13424, loss_cls: 0.3869, loss_bbox: 0.3622, loss_kps: 0.0000, loss: 0.7491
2026-09-23 21:02:01,243 - mmdet - INFO - Epoch [18][4950/6976]	lr: 1.000e-03, eta: 4:11:08, time: 0.175, data_time: 0.010, memory: 13424, loss_cls: 0.3849, loss_bbox: 0.3672, loss_kps: 0.0000, loss: 0.7521
2026-09-23 21:02:09,993 - mmdet - INFO - Epoch [18][5000/6976]	lr: 1.000e-03, eta: 4:10:59, time: 0.175, data_time: 0.010, memory: 13424, loss_cls: 0.3801, loss_bbox: 0.3667, loss_kps: 0.0000, loss: 0.7468
2026-09-23 21:02:18,811 - mmdet - INFO - Epoch [18][5050/6976]	lr: 1.000e-03, eta: 4:10:50, time: 0.176, data_time: 0.010, memory: 13424, loss_cls: 0.3943, loss_bbox: 0.3632, loss_kps: 0.0000, loss: 0.7575
2026-09-23 21:02:27,469 - mmdet - INFO - Epoch [18][5100/6976]	lr: 1.000e-03, eta: 4:10:41, time: 0.173, data_time: 0.009, memory: 13424, loss_cls: 0.4045, loss_bbox: 0.3764, loss_kps: 0.0000, loss: 0.7809
2026-09-23 21:02:36,271 - mmdet - INFO - Epoch [18][5150/6976]	lr: 1.000e-03, eta: 4:10:33, time: 0.176, data_time: 0.010, memory: 13424, loss_cls: 0.3892, loss_bbox: 0.3795, loss_kps: 0.0000, loss: 0.7687
2026-09-23 21:02:45,005 - mmdet - INFO - Epoch [18][5200/6976]	lr: 1.000e-03, eta: 4:10:24, time: 0.175, data_time: 0.010, memory: 13424, loss_cls: 0.4066, loss_bbox: 0.3887, loss_kps: 0.0000, loss: 0.7953
2026-09-23 21:02:54,062 - mmdet - INFO - Epoch [18][5250/6976]	lr: 1.000e-03, eta: 4:10:15, time: 0.181, data_time: 0.010, memory: 13424, loss_cls: 0.3885, loss_bbox: 0.3660, loss_kps: 0.0000, loss: 0.7545
2026-09-23 21:03:02,839 - mmdet - INFO - Epoch [18][5300/6976]	lr: 1.000e-03, eta: 4:10:06, time: 0.176, data_time: 0.010, memory: 13424, loss_cls: 0.3997, loss_bbox: 0.3729, loss_kps: 0.0000, loss: 0.7726
2026-09-23 21:03:11,496 - mmdet - INFO - Epoch [18][5350/6976]	lr: 1.000e-03, eta: 4:09:58, time: 0.173, data_time: 0.010, memory: 13424, loss_cls: 0.4011, loss_bbox: 0.3708, loss_kps: 0.0000, loss: 0.7719
2026-09-23 21:03:20,238 - mmdet - INFO - Epoch [18][5400/6976]	lr: 1.000e-03, eta: 4:09:49, time: 0.175, data_time: 0.010, memory: 13424, loss_cls: 0.4105, loss_bbox: 0.3684, loss_kps: 0.0000, loss: 0.7789
2026-09-23 21:03:28,952 - mmdet - INFO - Epoch [18][5450/6976]	lr: 1.000e-03, eta: 4:09:40, time: 0.174, data_time: 0.010, memory: 13424, loss_cls: 0.3980, loss_bbox: 0.3564, loss_kps: 0.0000, loss: 0.7544
2026-09-23 21:03:37,751 - mmdet - INFO - Epoch [18][5500/6976]	lr: 1.000e-03, eta: 4:09:31, time: 0.176, data_time: 0.010, memory: 13424, loss_cls: 0.3939, loss_bbox: 0.3713, loss_kps: 0.0000, loss: 0.7651
2026-09-23 21:03:46,614 - mmdet - INFO - Epoch [18][5550/6976]	lr: 1.000e-03, eta: 4:09:22, time: 0.177, data_time: 0.010, memory: 13424, loss_cls: 0.4069, loss_bbox: 0.3688, loss_kps: 0.0000, loss: 0.7756
2026-09-23 21:03:55,412 - mmdet - INFO - Epoch [18][5600/6976]	lr: 1.000e-03, eta: 4:09:14, time: 0.176, data_time: 0.009, memory: 13424, loss_cls: 0.4034, loss_bbox: 0.3639, loss_kps: 0.0000, loss: 0.7672
2026-09-23 21:04:04,125 - mmdet - INFO - Epoch [18][5650/6976]	lr: 1.000e-03, eta: 4:09:05, time: 0.174, data_time: 0.010, memory: 13424, loss_cls: 0.3952, loss_bbox: 0.3539, loss_kps: 0.0000, loss: 0.7490
2026-09-23 21:04:12,890 - mmdet - INFO - Epoch [18][5700/6976]	lr: 1.000e-03, eta: 4:08:56, time: 0.175, data_time: 0.010, memory: 13424, loss_cls: 0.3888, loss_bbox: 0.3755, loss_kps: 0.0000, loss: 0.7644
2026-09-23 21:04:21,690 - mmdet - INFO - Epoch [18][5750/6976]	lr: 1.000e-03, eta: 4:08:47, time: 0.176, data_time: 0.009, memory: 13424, loss_cls: 0.3847, loss_bbox: 0.3672, loss_kps: 0.0000, loss: 0.7518
2026-09-23 21:04:30,483 - mmdet - INFO - Epoch [18][5800/6976]	lr: 1.000e-03, eta: 4:08:38, time: 0.176, data_time: 0.010, memory: 13424, loss_cls: 0.3906, loss_bbox: 0.3774, loss_kps: 0.0000, loss: 0.7680
2026-09-23 21:04:39,183 - mmdet - INFO - Epoch [18][5850/6976]	lr: 1.000e-03, eta: 4:08:30, time: 0.174, data_time: 0.010, memory: 13424, loss_cls: 0.3963, loss_bbox: 0.3544, loss_kps: 0.0000, loss: 0.7507
2026-09-23 21:04:47,948 - mmdet - INFO - Epoch [18][5900/6976]	lr: 1.000e-03, eta: 4:08:21, time: 0.175, data_time: 0.010, memory: 13424, loss_cls: 0.3927, loss_bbox: 0.3600, loss_kps: 0.0000, loss: 0.7526
2026-09-23 21:04:56,776 - mmdet - INFO - Epoch [18][5950/6976]	lr: 1.000e-03, eta: 4:08:12, time: 0.177, data_time: 0.010, memory: 13424, loss_cls: 0.3941, loss_bbox: 0.3739, loss_kps: 0.0000, loss: 0.7680
2026-09-23 21:05:05,480 - mmdet - INFO - Epoch [18][6000/6976]	lr: 1.000e-03, eta: 4:08:03, time: 0.174, data_time: 0.010, memory: 13424, loss_cls: 0.4143, loss_bbox: 0.3680, loss_kps: 0.0000, loss: 0.7823
2026-09-23 21:05:14,232 - mmdet - INFO - Epoch [18][6050/6976]	lr: 1.000e-03, eta: 4:07:54, time: 0.175, data_time: 0.010, memory: 13424, loss_cls: 0.3811, loss_bbox: 0.3656, loss_kps: 0.0000, loss: 0.7467
2026-09-23 21:05:23,291 - mmdet - INFO - Epoch [18][6100/6976]	lr: 1.000e-03, eta: 4:07:46, time: 0.176, data_time: 0.010, memory: 13424, loss_cls: 0.3977, loss_bbox: 0.3616, loss_kps: 0.0000, loss: 0.7592
2026-09-23 21:05:32,430 - mmdet - INFO - Epoch [18][6150/6976]	lr: 1.000e-03, eta: 4:07:37, time: 0.188, data_time: 0.015, memory: 13424, loss_cls: 0.3952, loss_bbox: 0.3739, loss_kps: 0.0000, loss: 0.7691
2026-09-23 21:05:41,246 - mmdet - INFO - Epoch [18][6200/6976]	lr: 1.000e-03, eta: 4:07:28, time: 0.176, data_time: 0.010, memory: 13424, loss_cls: 0.4061, loss_bbox: 0.3779, loss_kps: 0.0000, loss: 0.7840
2026-09-23 21:05:50,014 - mmdet - INFO - Epoch [18][6250/6976]	lr: 1.000e-03, eta: 4:07:20, time: 0.175, data_time: 0.009, memory: 13424, loss_cls: 0.3942, loss_bbox: 0.3742, loss_kps: 0.0000, loss: 0.7684
2026-09-23 21:05:58,793 - mmdet - INFO - Epoch [18][6300/6976]	lr: 1.000e-03, eta: 4:07:11, time: 0.176, data_time: 0.010, memory: 13424, loss_cls: 0.3816, loss_bbox: 0.3659, loss_kps: 0.0000, loss: 0.7474
2026-09-23 21:06:07,474 - mmdet - INFO - Epoch [18][6350/6976]	lr: 1.000e-03, eta: 4:07:02, time: 0.173, data_time: 0.010, memory: 13424, loss_cls: 0.3834, loss_bbox: 0.3635, loss_kps: 0.0000, loss: 0.7469
2026-09-23 21:06:16,175 - mmdet - INFO - Epoch [18][6400/6976]	lr: 1.000e-03, eta: 4:06:53, time: 0.174, data_time: 0.010, memory: 13424, loss_cls: 0.4087, loss_bbox: 0.3797, loss_kps: 0.0000, loss: 0.7884
2026-09-23 21:06:24,880 - mmdet - INFO - Epoch [18][6450/6976]	lr: 1.000e-03, eta: 4:06:44, time: 0.174, data_time: 0.010, memory: 13424, loss_cls: 0.3909, loss_bbox: 0.3690, loss_kps: 0.0000, loss: 0.7600
2026-09-23 21:06:33,613 - mmdet - INFO - Epoch [18][6500/6976]	lr: 1.000e-03, eta: 4:06:35, time: 0.175, data_time: 0.010, memory: 13424, loss_cls: 0.3912, loss_bbox: 0.3697, loss_kps: 0.0000, loss: 0.7609
2026-09-23 21:06:42,429 - mmdet - INFO - Epoch [18][6550/6976]	lr: 1.000e-03, eta: 4:06:27, time: 0.176, data_time: 0.010, memory: 13424, loss_cls: 0.4076, loss_bbox: 0.3703, loss_kps: 0.0000, loss: 0.7779
2026-09-23 21:06:51,164 - mmdet - INFO - Epoch [18][6600/6976]	lr: 1.000e-03, eta: 4:06:18, time: 0.175, data_time: 0.010, memory: 13424, loss_cls: 0.3905, loss_bbox: 0.3699, loss_kps: 0.0000, loss: 0.7604
2026-09-23 21:06:59,863 - mmdet - INFO - Epoch [18][6650/6976]	lr: 1.000e-03, eta: 4:06:09, time: 0.174, data_time: 0.010, memory: 13424, loss_cls: 0.3859, loss_bbox: 0.3642, loss_kps: 0.0000, loss: 0.7502
2026-09-23 21:07:08,597 - mmdet - INFO - Epoch [18][6700/6976]	lr: 1.000e-03, eta: 4:06:00, time: 0.175, data_time: 0.009, memory: 13424, loss_cls: 0.4037, loss_bbox: 0.3715, loss_kps: 0.0000, loss: 0.7752
2026-09-23 21:07:17,416 - mmdet - INFO - Epoch [18][6750/6976]	lr: 1.000e-03, eta: 4:05:51, time: 0.176, data_time: 0.010, memory: 13424, loss_cls: 0.3862, loss_bbox: 0.3633, loss_kps: 0.0000, loss: 0.7496
2026-09-23 21:07:26,143 - mmdet - INFO - Epoch [18][6800/6976]	lr: 1.000e-03, eta: 4:05:43, time: 0.175, data_time: 0.009, memory: 13424, loss_cls: 0.4098, loss_bbox: 0.3711, loss_kps: 0.0000, loss: 0.7809
2026-09-23 21:07:35,010 - mmdet - INFO - Epoch [18][6850/6976]	lr: 1.000e-03, eta: 4:05:34, time: 0.177, data_time: 0.010, memory: 13424, loss_cls: 0.3817, loss_bbox: 0.3696, loss_kps: 0.0000, loss: 0.7513
2026-09-23 21:07:43,879 - mmdet - INFO - Epoch [18][6900/6976]	lr: 1.000e-03, eta: 4:05:25, time: 0.177, data_time: 0.009, memory: 13424, loss_cls: 0.3838, loss_bbox: 0.3699, loss_kps: 0.0000, loss: 0.7537
2026-09-23 21:07:52,585 - mmdet - INFO - Epoch [18][6950/6976]	lr: 1.000e-03, eta: 4:05:16, time: 0.174, data_time: 0.010, memory: 13424, loss_cls: 0.3885, loss_bbox: 0.3590, loss_kps: 0.0000, loss: 0.7474
2026-09-23 21:07:57,233 - mmdet - INFO - Saving checkpoint at 18 epochs
2026-09-23 21:08:11,728 - mmdet - INFO - Epoch [19][50/6976]	lr: 1.000e-03, eta: 4:05:04, time: 0.285, data_time: 0.098, memory: 13424, loss_cls: 0.3854, loss_bbox: 0.3585, loss_kps: 0.0000, loss: 0.7439
2026-09-23 21:08:20,656 - mmdet - INFO - Epoch [19][100/6976]	lr: 1.000e-03, eta: 4:04:55, time: 0.179, data_time: 0.010, memory: 13424, loss_cls: 0.3977, loss_bbox: 0.3702, loss_kps: 0.0000, loss: 0.7679
2026-09-23 21:08:29,520 - mmdet - INFO - Epoch [19][150/6976]	lr: 1.000e-03, eta: 4:04:46, time: 0.177, data_time: 0.009, memory: 13424, loss_cls: 0.3917, loss_bbox: 0.3723, loss_kps: 0.0000, loss: 0.7640
2026-09-23 21:08:38,253 - mmdet - INFO - Epoch [19][200/6976]	lr: 1.000e-03, eta: 4:04:37, time: 0.174, data_time: 0.009, memory: 13424, loss_cls: 0.3906, loss_bbox: 0.3689, loss_kps: 0.0000, loss: 0.7595
2026-09-23 21:08:47,002 - mmdet - INFO - Epoch [19][250/6976]	lr: 1.000e-03, eta: 4:04:28, time: 0.175, data_time: 0.009, memory: 13424, loss_cls: 0.3969, loss_bbox: 0.3696, loss_kps: 0.0000, loss: 0.7665
2026-09-23 21:08:55,731 - mmdet - INFO - Epoch [19][300/6976]	lr: 1.000e-03, eta: 4:04:20, time: 0.174, data_time: 0.009, memory: 13424, loss_cls: 0.4145, loss_bbox: 0.3728, loss_kps: 0.0000, loss: 0.7873
2026-09-23 21:09:04,493 - mmdet - INFO - Epoch [19][350/6976]	lr: 1.000e-03, eta: 4:04:11, time: 0.176, data_time: 0.009, memory: 13424, loss_cls: 0.3779, loss_bbox: 0.3713, loss_kps: 0.0000, loss: 0.7493
2026-09-23 21:09:13,272 - mmdet - INFO - Epoch [19][400/6976]	lr: 1.000e-03, eta: 4:04:02, time: 0.176, data_time: 0.009, memory: 13424, loss_cls: 0.3916, loss_bbox: 0.3612, loss_kps: 0.0000, loss: 0.7528
2026-09-23 21:09:22,025 - mmdet - INFO - Epoch [19][450/6976]	lr: 1.000e-03, eta: 4:03:53, time: 0.175, data_time: 0.010, memory: 13424, loss_cls: 0.3858, loss_bbox: 0.3681, loss_kps: 0.0000, loss: 0.7539
2026-09-23 21:09:30,772 - mmdet - INFO - Epoch [19][500/6976]	lr: 1.000e-03, eta: 4:03:44, time: 0.175, data_time: 0.009, memory: 13424, loss_cls: 0.4004, loss_bbox: 0.3648, loss_kps: 0.0000, loss: 0.7652
2026-09-23 21:09:39,512 - mmdet - INFO - Epoch [19][550/6976]	lr: 1.000e-03, eta: 4:03:36, time: 0.175, data_time: 0.010, memory: 13424, loss_cls: 0.3983, loss_bbox: 0.3799, loss_kps: 0.0000, loss: 0.7782
2026-09-23 21:09:48,248 - mmdet - INFO - Epoch [19][600/6976]	lr: 1.000e-03, eta: 4:03:27, time: 0.175, data_time: 0.009, memory: 13424, loss_cls: 0.3902, loss_bbox: 0.3705, loss_kps: 0.0000, loss: 0.7607
2026-09-23 21:09:56,998 - mmdet - INFO - Epoch [19][650/6976]	lr: 1.000e-03, eta: 4:03:18, time: 0.175, data_time: 0.009, memory: 13424, loss_cls: 0.3863, loss_bbox: 0.3763, loss_kps: 0.0000, loss: 0.7627
2026-09-23 21:10:05,673 - mmdet - INFO - Epoch [19][700/6976]	lr: 1.000e-03, eta: 4:03:09, time: 0.173, data_time: 0.009, memory: 13424, loss_cls: 0.4012, loss_bbox: 0.3705, loss_kps: 0.0000, loss: 0.7717
2026-09-23 21:10:14,540 - mmdet - INFO - Epoch [19][750/6976]	lr: 1.000e-03, eta: 4:03:00, time: 0.177, data_time: 0.009, memory: 13424, loss_cls: 0.3818, loss_bbox: 0.3625, loss_kps: 0.0000, loss: 0.7443
2026-09-23 21:10:23,221 - mmdet - INFO - Epoch [19][800/6976]	lr: 1.000e-03, eta: 4:02:52, time: 0.174, data_time: 0.009, memory: 13424, loss_cls: 0.3855, loss_bbox: 0.3734, loss_kps: 0.0000, loss: 0.7589
2026-09-23 21:10:31,904 - mmdet - INFO - Epoch [19][850/6976]	lr: 1.000e-03, eta: 4:02:43, time: 0.174, data_time: 0.009, memory: 13424, loss_cls: 0.4114, loss_bbox: 0.3735, loss_kps: 0.0000, loss: 0.7849
2026-09-23 21:10:40,680 - mmdet - INFO - Epoch [19][900/6976]	lr: 1.000e-03, eta: 4:02:34, time: 0.175, data_time: 0.009, memory: 13424, loss_cls: 0.4042, loss_bbox: 0.3706, loss_kps: 0.0000, loss: 0.7748
2026-09-23 21:10:49,525 - mmdet - INFO - Epoch [19][950/6976]	lr: 1.000e-03, eta: 4:02:25, time: 0.177, data_time: 0.010, memory: 13424, loss_cls: 0.4279, loss_bbox: 0.3712, loss_kps: 0.0000, loss: 0.7991
2026-09-23 21:10:58,296 - mmdet - INFO - Epoch [19][1000/6976]	lr: 1.000e-03, eta: 4:02:16, time: 0.175, data_time: 0.009, memory: 13424, loss_cls: 0.4109, loss_bbox: 0.3615, loss_kps: 0.0000, loss: 0.7724
2026-09-23 21:11:07,051 - mmdet - INFO - Epoch [19][1050/6976]	lr: 1.000e-03, eta: 4:02:07, time: 0.175, data_time: 0.010, memory: 13424, loss_cls: 0.3976, loss_bbox: 0.3766, loss_kps: 0.0000, loss: 0.7743
2026-09-23 21:11:15,745 - mmdet - INFO - Epoch [19][1100/6976]	lr: 1.000e-03, eta: 4:01:59, time: 0.174, data_time: 0.008, memory: 13424, loss_cls: 0.3975, loss_bbox: 0.3791, loss_kps: 0.0000, loss: 0.7765
2026-09-23 21:11:24,541 - mmdet - INFO - Epoch [19][1150/6976]	lr: 1.000e-03, eta: 4:01:50, time: 0.176, data_time: 0.009, memory: 13424, loss_cls: 0.3968, loss_bbox: 0.3770, loss_kps: 0.0000, loss: 0.7738
2026-09-23 21:11:33,345 - mmdet - INFO - Epoch [19][1200/6976]	lr: 1.000e-03, eta: 4:01:41, time: 0.176, data_time: 0.009, memory: 13424, loss_cls: 0.4267, loss_bbox: 0.3855, loss_kps: 0.0000, loss: 0.8122
2026-09-23 21:11:42,117 - mmdet - INFO - Epoch [19][1250/6976]	lr: 1.000e-03, eta: 4:01:32, time: 0.175, data_time: 0.010, memory: 13424, loss_cls: 0.4185, loss_bbox: 0.3832, loss_kps: 0.0000, loss: 0.8018
2026-09-23 21:11:50,862 - mmdet - INFO - Epoch [19][1300/6976]	lr: 1.000e-03, eta: 4:01:23, time: 0.175, data_time: 0.010, memory: 13424, loss_cls: 0.3792, loss_bbox: 0.3606, loss_kps: 0.0000, loss: 0.7398
2026-09-23 21:11:59,640 - mmdet - INFO - Epoch [19][1350/6976]	lr: 1.000e-03, eta: 4:01:15, time: 0.176, data_time: 0.009, memory: 13424, loss_cls: 0.4150, loss_bbox: 0.3799, loss_kps: 0.0000, loss: 0.7948
2026-09-23 21:12:08,391 - mmdet - INFO - Epoch [19][1400/6976]	lr: 1.000e-03, eta: 4:01:06, time: 0.175, data_time: 0.010, memory: 13424, loss_cls: 0.4085, loss_bbox: 0.3609, loss_kps: 0.0000, loss: 0.7694
2026-09-23 21:12:17,170 - mmdet - INFO - Epoch [19][1450/6976]	lr: 1.000e-03, eta: 4:00:57, time: 0.176, data_time: 0.009, memory: 13424, loss_cls: 0.4026, loss_bbox: 0.3667, loss_kps: 0.0000, loss: 0.7693
2026-09-23 21:12:25,906 - mmdet - INFO - Epoch [19][1500/6976]	lr: 1.000e-03, eta: 4:00:48, time: 0.175, data_time: 0.009, memory: 13424, loss_cls: 0.3816, loss_bbox: 0.3675, loss_kps: 0.0000, loss: 0.7491
2026-09-23 21:12:34,617 - mmdet - INFO - Epoch [19][1550/6976]	lr: 1.000e-03, eta: 4:00:39, time: 0.174, data_time: 0.010, memory: 13424, loss_cls: 0.4158, loss_bbox: 0.3796, loss_kps: 0.0000, loss: 0.7954
2026-09-23 21:12:43,347 - mmdet - INFO - Epoch [19][1600/6976]	lr: 1.000e-03, eta: 4:00:31, time: 0.175, data_time: 0.009, memory: 13424, loss_cls: 0.3975, loss_bbox: 0.3792, loss_kps: 0.0000, loss: 0.7766
2026-09-23 21:12:52,350 - mmdet - INFO - Epoch [19][1650/6976]	lr: 1.000e-03, eta: 4:00:22, time: 0.174, data_time: 0.009, memory: 13424, loss_cls: 0.3949, loss_bbox: 0.3656, loss_kps: 0.0000, loss: 0.7606
2026-09-23 21:13:00,980 - mmdet - INFO - Epoch [19][1700/6976]	lr: 1.000e-03, eta: 4:00:13, time: 0.179, data_time: 0.016, memory: 13424, loss_cls: 0.3975, loss_bbox: 0.3723, loss_kps: 0.0000, loss: 0.7699
2026-09-23 21:13:10,168 - mmdet - INFO - Epoch [19][1750/6976]	lr: 1.000e-03, eta: 4:00:05, time: 0.183, data_time: 0.009, memory: 13424, loss_cls: 0.3961, loss_bbox: 0.3578, loss_kps: 0.0000, loss: 0.7539
2026-09-23 21:13:18,892 - mmdet - INFO - Epoch [19][1800/6976]	lr: 1.000e-03, eta: 3:59:56, time: 0.175, data_time: 0.010, memory: 13424, loss_cls: 0.3835, loss_bbox: 0.3611, loss_kps: 0.0000, loss: 0.7446
2026-09-23 21:13:27,536 - mmdet - INFO - Epoch [19][1850/6976]	lr: 1.000e-03, eta: 3:59:47, time: 0.173, data_time: 0.009, memory: 13424, loss_cls: 0.3885, loss_bbox: 0.3732, loss_kps: 0.0000, loss: 0.7617
2026-09-23 21:13:36,223 - mmdet - INFO - Epoch [19][1900/6976]	lr: 1.000e-03, eta: 3:59:38, time: 0.174, data_time: 0.009, memory: 13424, loss_cls: 0.3942, loss_bbox: 0.3748, loss_kps: 0.0000, loss: 0.7690
2026-09-23 21:13:45,010 - mmdet - INFO - Epoch [19][1950/6976]	lr: 1.000e-03, eta: 3:59:29, time: 0.176, data_time: 0.009, memory: 13424, loss_cls: 0.3905, loss_bbox: 0.3502, loss_kps: 0.0000, loss: 0.7407
2026-09-23 21:13:53,743 - mmdet - INFO - Epoch [19][2000/6976]	lr: 1.000e-03, eta: 3:59:20, time: 0.175, data_time: 0.009, memory: 13424, loss_cls: 0.3995, loss_bbox: 0.3680, loss_kps: 0.0000, loss: 0.7675
2026-09-23 21:14:02,442 - mmdet - INFO - Epoch [19][2050/6976]	lr: 1.000e-03, eta: 3:59:12, time: 0.174, data_time: 0.009, memory: 13424, loss_cls: 0.3758, loss_bbox: 0.3579, loss_kps: 0.0000, loss: 0.7337
2026-09-23 21:14:11,130 - mmdet - INFO - Epoch [19][2100/6976]	lr: 1.000e-03, eta: 3:59:03, time: 0.174, data_time: 0.009, memory: 13424, loss_cls: 0.4165, loss_bbox: 0.3804, loss_kps: 0.0000, loss: 0.7969
2026-09-23 21:14:19,924 - mmdet - INFO - Epoch [19][2150/6976]	lr: 1.000e-03, eta: 3:58:54, time: 0.176, data_time: 0.010, memory: 13424, loss_cls: 0.3881, loss_bbox: 0.3652, loss_kps: 0.0000, loss: 0.7533
2026-09-23 21:14:28,731 - mmdet - INFO - Epoch [19][2200/6976]	lr: 1.000e-03, eta: 3:58:45, time: 0.176, data_time: 0.009, memory: 13424, loss_cls: 0.3959, loss_bbox: 0.3759, loss_kps: 0.0000, loss: 0.7718
2026-09-23 21:14:37,401 - mmdet - INFO - Epoch [19][2250/6976]	lr: 1.000e-03, eta: 3:58:36, time: 0.174, data_time: 0.009, memory: 13424, loss_cls: 0.3956, loss_bbox: 0.3764, loss_kps: 0.0000, loss: 0.7720
2026-09-23 21:14:46,216 - mmdet - INFO - Epoch [19][2300/6976]	lr: 1.000e-03, eta: 3:58:27, time: 0.176, data_time: 0.009, memory: 13424, loss_cls: 0.4111, loss_bbox: 0.3770, loss_kps: 0.0000, loss: 0.7881
2026-09-23 21:14:54,940 - mmdet - INFO - Epoch [19][2350/6976]	lr: 1.000e-03, eta: 3:58:19, time: 0.174, data_time: 0.009, memory: 13424, loss_cls: 0.3876, loss_bbox: 0.3777, loss_kps: 0.0000, loss: 0.7653
2026-09-23 21:15:03,647 - mmdet - INFO - Epoch [19][2400/6976]	lr: 1.000e-03, eta: 3:58:10, time: 0.174, data_time: 0.010, memory: 13424, loss_cls: 0.3969, loss_bbox: 0.3677, loss_kps: 0.0000, loss: 0.7645
2026-09-23 21:15:12,341 - mmdet - INFO - Epoch [19][2450/6976]	lr: 1.000e-03, eta: 3:58:01, time: 0.174, data_time: 0.010, memory: 13424, loss_cls: 0.3805, loss_bbox: 0.3554, loss_kps: 0.0000, loss: 0.7359
2026-09-23 21:15:21,083 - mmdet - INFO - Epoch [19][2500/6976]	lr: 1.000e-03, eta: 3:57:52, time: 0.175, data_time: 0.009, memory: 13424, loss_cls: 0.3926, loss_bbox: 0.3885, loss_kps: 0.0000, loss: 0.7811
2026-09-23 21:15:29,855 - mmdet - INFO - Epoch [19][2550/6976]	lr: 1.000e-03, eta: 3:57:43, time: 0.175, data_time: 0.009, memory: 13424, loss_cls: 0.4025, loss_bbox: 0.3807, loss_kps: 0.0000, loss: 0.7832
2026-09-23 21:15:38,580 - mmdet - INFO - Epoch [19][2600/6976]	lr: 1.000e-03, eta: 3:57:35, time: 0.175, data_time: 0.009, memory: 13424, loss_cls: 0.3920, loss_bbox: 0.3705, loss_kps: 0.0000, loss: 0.7625
2026-09-23 21:15:47,350 - mmdet - INFO - Epoch [19][2650/6976]	lr: 1.000e-03, eta: 3:57:26, time: 0.175, data_time: 0.010, memory: 13424, loss_cls: 0.4153, loss_bbox: 0.3759, loss_kps: 0.0000, loss: 0.7913
2026-09-23 21:15:56,067 - mmdet - INFO - Epoch [19][2700/6976]	lr: 1.000e-03, eta: 3:57:17, time: 0.174, data_time: 0.009, memory: 13424, loss_cls: 0.4290, loss_bbox: 0.3756, loss_kps: 0.0000, loss: 0.8047
2026-09-23 21:16:04,803 - mmdet - INFO - Epoch [19][2750/6976]	lr: 1.000e-03, eta: 3:57:08, time: 0.175, data_time: 0.009, memory: 13424, loss_cls: 0.4183, loss_bbox: 0.3775, loss_kps: 0.0000, loss: 0.7958
2026-09-23 21:16:13,592 - mmdet - INFO - Epoch [19][2800/6976]	lr: 1.000e-03, eta: 3:56:59, time: 0.176, data_time: 0.009, memory: 13424, loss_cls: 0.3720, loss_bbox: 0.3639, loss_kps: 0.0000, loss: 0.7359
2026-09-23 21:16:22,368 - mmdet - INFO - Epoch [19][2850/6976]	lr: 1.000e-03, eta: 3:56:50, time: 0.176, data_time: 0.009, memory: 13424, loss_cls: 0.4240, loss_bbox: 0.3768, loss_kps: 0.0000, loss: 0.8008
2026-09-23 21:16:31,071 - mmdet - INFO - Epoch [19][2900/6976]	lr: 1.000e-03, eta: 3:56:42, time: 0.174, data_time: 0.009, memory: 13424, loss_cls: 0.4007, loss_bbox: 0.3713, loss_kps: 0.0000, loss: 0.7720
2026-09-23 21:16:40,141 - mmdet - INFO - Epoch [19][2950/6976]	lr: 1.000e-03, eta: 3:56:33, time: 0.182, data_time: 0.009, memory: 13424, loss_cls: 0.3855, loss_bbox: 0.3677, loss_kps: 0.0000, loss: 0.7532
2026-09-23 21:16:48,987 - mmdet - INFO - Epoch [19][3000/6976]	lr: 1.000e-03, eta: 3:56:24, time: 0.177, data_time: 0.010, memory: 13424, loss_cls: 0.4051, loss_bbox: 0.3718, loss_kps: 0.0000, loss: 0.7769
2026-09-23 21:16:58,146 - mmdet - INFO - Epoch [19][3050/6976]	lr: 1.000e-03, eta: 3:56:16, time: 0.183, data_time: 0.009, memory: 13424, loss_cls: 0.3870, loss_bbox: 0.3580, loss_kps: 0.0000, loss: 0.7450
2026-09-23 21:17:06,972 - mmdet - INFO - Epoch [19][3100/6976]	lr: 1.000e-03, eta: 3:56:07, time: 0.177, data_time: 0.010, memory: 13424, loss_cls: 0.4116, loss_bbox: 0.3749, loss_kps: 0.0000, loss: 0.7866
2026-09-23 21:17:15,691 - mmdet - INFO - Epoch [19][3150/6976]	lr: 1.000e-03, eta: 3:55:58, time: 0.174, data_time: 0.009, memory: 13424, loss_cls: 0.3903, loss_bbox: 0.3708, loss_kps: 0.0000, loss: 0.7612
2026-09-23 21:17:24,476 - mmdet - INFO - Epoch [19][3200/6976]	lr: 1.000e-03, eta: 3:55:49, time: 0.176, data_time: 0.009, memory: 13424, loss_cls: 0.4263, loss_bbox: 0.3862, loss_kps: 0.0000, loss: 0.8125
2026-09-23 21:17:33,170 - mmdet - INFO - Epoch [19][3250/6976]	lr: 1.000e-03, eta: 3:55:41, time: 0.174, data_time: 0.009, memory: 13424, loss_cls: 0.3934, loss_bbox: 0.3702, loss_kps: 0.0000, loss: 0.7636
2026-09-23 21:17:41,948 - mmdet - INFO - Epoch [19][3300/6976]	lr: 1.000e-03, eta: 3:55:32, time: 0.176, data_time: 0.009, memory: 13424, loss_cls: 0.4101, loss_bbox: 0.3646, loss_kps: 0.0000, loss: 0.7747
2026-09-23 21:17:50,673 - mmdet - INFO - Epoch [19][3350/6976]	lr: 1.000e-03, eta: 3:55:23, time: 0.174, data_time: 0.009, memory: 13424, loss_cls: 0.3806, loss_bbox: 0.3623, loss_kps: 0.0000, loss: 0.7428
2026-09-23 21:17:59,419 - mmdet - INFO - Epoch [19][3400/6976]	lr: 1.000e-03, eta: 3:55:14, time: 0.175, data_time: 0.010, memory: 13424, loss_cls: 0.3888, loss_bbox: 0.3645, loss_kps: 0.0000, loss: 0.7533
2026-09-23 21:18:08,192 - mmdet - INFO - Epoch [19][3450/6976]	lr: 1.000e-03, eta: 3:55:05, time: 0.175, data_time: 0.009, memory: 13424, loss_cls: 0.4187, loss_bbox: 0.3835, loss_kps: 0.0000, loss: 0.8023
2026-09-23 21:18:17,052 - mmdet - INFO - Epoch [19][3500/6976]	lr: 1.000e-03, eta: 3:54:57, time: 0.177, data_time: 0.009, memory: 13424, loss_cls: 0.3854, loss_bbox: 0.3619, loss_kps: 0.0000, loss: 0.7472
2026-09-23 21:18:25,801 - mmdet - INFO - Epoch [19][3550/6976]	lr: 1.000e-03, eta: 3:54:48, time: 0.175, data_time: 0.009, memory: 13424, loss_cls: 0.4223, loss_bbox: 0.3848, loss_kps: 0.0000, loss: 0.8071
2026-09-23 21:18:34,596 - mmdet - INFO - Epoch [19][3600/6976]	lr: 1.000e-03, eta: 3:54:39, time: 0.176, data_time: 0.009, memory: 13424, loss_cls: 0.3895, loss_bbox: 0.3684, loss_kps: 0.0000, loss: 0.7579
2026-09-23 21:18:43,335 - mmdet - INFO - Epoch [19][3650/6976]	lr: 1.000e-03, eta: 3:54:30, time: 0.175, data_time: 0.009, memory: 13424, loss_cls: 0.3704, loss_bbox: 0.3462, loss_kps: 0.0000, loss: 0.7166
2026-09-23 21:18:52,069 - mmdet - INFO - Epoch [19][3700/6976]	lr: 1.000e-03, eta: 3:54:21, time: 0.175, data_time: 0.010, memory: 13424, loss_cls: 0.3923, loss_bbox: 0.3765, loss_kps: 0.0000, loss: 0.7688
2026-09-23 21:19:00,871 - mmdet - INFO - Epoch [19][3750/6976]	lr: 1.000e-03, eta: 3:54:13, time: 0.176, data_time: 0.009, memory: 13424, loss_cls: 0.4237, loss_bbox: 0.3684, loss_kps: 0.0000, loss: 0.7922
2026-09-23 21:19:09,634 - mmdet - INFO - Epoch [19][3800/6976]	lr: 1.000e-03, eta: 3:54:04, time: 0.175, data_time: 0.009, memory: 13424, loss_cls: 0.3722, loss_bbox: 0.3683, loss_kps: 0.0000, loss: 0.7405
2026-09-23 21:19:18,368 - mmdet - INFO - Epoch [19][3850/6976]	lr: 1.000e-03, eta: 3:53:55, time: 0.175, data_time: 0.009, memory: 13424, loss_cls: 0.3776, loss_bbox: 0.3594, loss_kps: 0.0000, loss: 0.7370
2026-09-23 21:19:27,168 - mmdet - INFO - Epoch [19][3900/6976]	lr: 1.000e-03, eta: 3:53:46, time: 0.176, data_time: 0.009, memory: 13424, loss_cls: 0.4007, loss_bbox: 0.3697, loss_kps: 0.0000, loss: 0.7704
2026-09-23 21:19:35,917 - mmdet - INFO - Epoch [19][3950/6976]	lr: 1.000e-03, eta: 3:53:37, time: 0.175, data_time: 0.009, memory: 13424, loss_cls: 0.3990, loss_bbox: 0.3686, loss_kps: 0.0000, loss: 0.7676
2026-09-23 21:19:44,694 - mmdet - INFO - Epoch [19][4000/6976]	lr: 1.000e-03, eta: 3:53:29, time: 0.176, data_time: 0.009, memory: 13424, loss_cls: 0.4082, loss_bbox: 0.3671, loss_kps: 0.0000, loss: 0.7753
2026-09-23 21:19:53,437 - mmdet - INFO - Epoch [19][4050/6976]	lr: 1.000e-03, eta: 3:53:20, time: 0.175, data_time: 0.010, memory: 13424, loss_cls: 0.3897, loss_bbox: 0.3608, loss_kps: 0.0000, loss: 0.7504
2026-09-23 21:20:02,189 - mmdet - INFO - Epoch [19][4100/6976]	lr: 1.000e-03, eta: 3:53:11, time: 0.175, data_time: 0.009, memory: 13424, loss_cls: 0.3744, loss_bbox: 0.3709, loss_kps: 0.0000, loss: 0.7453
2026-09-23 21:20:10,893 - mmdet - INFO - Epoch [19][4150/6976]	lr: 1.000e-03, eta: 3:53:02, time: 0.174, data_time: 0.009, memory: 13424, loss_cls: 0.3807, loss_bbox: 0.3567, loss_kps: 0.0000, loss: 0.7374
2026-09-23 21:20:19,552 - mmdet - INFO - Epoch [19][4200/6976]	lr: 1.000e-03, eta: 3:52:53, time: 0.173, data_time: 0.009, memory: 13424, loss_cls: 0.3603, loss_bbox: 0.3567, loss_kps: 0.0000, loss: 0.7169
2026-09-23 21:20:28,220 - mmdet - INFO - Epoch [19][4250/6976]	lr: 1.000e-03, eta: 3:52:44, time: 0.173, data_time: 0.009, memory: 13424, loss_cls: 0.3822, loss_bbox: 0.3704, loss_kps: 0.0000, loss: 0.7527
2026-09-23 21:20:37,276 - mmdet - INFO - Epoch [19][4300/6976]	lr: 1.000e-03, eta: 3:52:36, time: 0.181, data_time: 0.009, memory: 13424, loss_cls: 0.3902, loss_bbox: 0.3571, loss_kps: 0.0000, loss: 0.7473
2026-09-23 21:20:46,132 - mmdet - INFO - Epoch [19][4350/6976]	lr: 1.000e-03, eta: 3:52:27, time: 0.177, data_time: 0.009, memory: 13424, loss_cls: 0.4055, loss_bbox: 0.3726, loss_kps: 0.0000, loss: 0.7780
2026-09-23 21:20:54,751 - mmdet - INFO - Epoch [19][4400/6976]	lr: 1.000e-03, eta: 3:52:18, time: 0.172, data_time: 0.009, memory: 13424, loss_cls: 0.4217, loss_bbox: 0.3782, loss_kps: 0.0000, loss: 0.7999
2026-09-23 21:21:03,458 - mmdet - INFO - Epoch [19][4450/6976]	lr: 1.000e-03, eta: 3:52:09, time: 0.174, data_time: 0.010, memory: 13424, loss_cls: 0.4113, loss_bbox: 0.3716, loss_kps: 0.0000, loss: 0.7829
2026-09-23 21:21:12,122 - mmdet - INFO - Epoch [19][4500/6976]	lr: 1.000e-03, eta: 3:52:00, time: 0.173, data_time: 0.009, memory: 13424, loss_cls: 0.3952, loss_bbox: 0.3617, loss_kps: 0.0000, loss: 0.7568
2026-09-23 21:21:20,865 - mmdet - INFO - Epoch [19][4550/6976]	lr: 1.000e-03, eta: 3:51:52, time: 0.175, data_time: 0.009, memory: 13424, loss_cls: 0.3847, loss_bbox: 0.3680, loss_kps: 0.0000, loss: 0.7527
2026-09-23 21:21:29,576 - mmdet - INFO - Epoch [19][4600/6976]	lr: 1.000e-03, eta: 3:51:43, time: 0.174, data_time: 0.009, memory: 13424, loss_cls: 0.3878, loss_bbox: 0.3725, loss_kps: 0.0000, loss: 0.7604
2026-09-23 21:21:38,251 - mmdet - INFO - Epoch [19][4650/6976]	lr: 1.000e-03, eta: 3:51:34, time: 0.174, data_time: 0.009, memory: 13424, loss_cls: 0.3888, loss_bbox: 0.3621, loss_kps: 0.0000, loss: 0.7509
2026-09-23 21:21:46,898 - mmdet - INFO - Epoch [19][4700/6976]	lr: 1.000e-03, eta: 3:51:25, time: 0.173, data_time: 0.009, memory: 13424, loss_cls: 0.3705, loss_bbox: 0.3477, loss_kps: 0.0000, loss: 0.7182
2026-09-23 21:21:55,686 - mmdet - INFO - Epoch [19][4750/6976]	lr: 1.000e-03, eta: 3:51:16, time: 0.176, data_time: 0.009, memory: 13424, loss_cls: 0.3853, loss_bbox: 0.3656, loss_kps: 0.0000, loss: 0.7509
2026-09-23 21:22:04,378 - mmdet - INFO - Epoch [19][4800/6976]	lr: 1.000e-03, eta: 3:51:07, time: 0.174, data_time: 0.009, memory: 13424, loss_cls: 0.3949, loss_bbox: 0.3625, loss_kps: 0.0000, loss: 0.7574
2026-09-23 21:22:13,120 - mmdet - INFO - Epoch [19][4850/6976]	lr: 1.000e-03, eta: 3:50:59, time: 0.175, data_time: 0.010, memory: 13424, loss_cls: 0.3985, loss_bbox: 0.3663, loss_kps: 0.0000, loss: 0.7648
2026-09-23 21:22:21,944 - mmdet - INFO - Epoch [19][4900/6976]	lr: 1.000e-03, eta: 3:50:50, time: 0.176, data_time: 0.009, memory: 13424, loss_cls: 0.4208, loss_bbox: 0.3800, loss_kps: 0.0000, loss: 0.8008
2026-09-23 21:22:30,686 - mmdet - INFO - Epoch [19][4950/6976]	lr: 1.000e-03, eta: 3:50:41, time: 0.175, data_time: 0.009, memory: 13424, loss_cls: 0.4078, loss_bbox: 0.3873, loss_kps: 0.0000, loss: 0.7950
2026-09-23 21:22:39,388 - mmdet - INFO - Epoch [19][5000/6976]	lr: 1.000e-03, eta: 3:50:32, time: 0.174, data_time: 0.009, memory: 13424, loss_cls: 0.4146, loss_bbox: 0.3816, loss_kps: 0.0000, loss: 0.7962
2026-09-23 21:22:48,182 - mmdet - INFO - Epoch [19][5050/6976]	lr: 1.000e-03, eta: 3:50:23, time: 0.176, data_time: 0.009, memory: 13424, loss_cls: 0.3732, loss_bbox: 0.3602, loss_kps: 0.0000, loss: 0.7335
2026-09-23 21:22:56,854 - mmdet - INFO - Epoch [19][5100/6976]	lr: 1.000e-03, eta: 3:50:14, time: 0.174, data_time: 0.009, memory: 13424, loss_cls: 0.4033, loss_bbox: 0.3794, loss_kps: 0.0000, loss: 0.7827
2026-09-23 21:23:05,960 - mmdet - INFO - Epoch [19][5150/6976]	lr: 1.000e-03, eta: 3:50:06, time: 0.182, data_time: 0.009, memory: 13424, loss_cls: 0.3766, loss_bbox: 0.3491, loss_kps: 0.0000, loss: 0.7257
2026-09-23 21:23:14,570 - mmdet - INFO - Epoch [19][5200/6976]	lr: 1.000e-03, eta: 3:49:57, time: 0.172, data_time: 0.009, memory: 13424, loss_cls: 0.3966, loss_bbox: 0.3644, loss_kps: 0.0000, loss: 0.7610
2026-09-23 21:23:23,305 - mmdet - INFO - Epoch [19][5250/6976]	lr: 1.000e-03, eta: 3:49:48, time: 0.175, data_time: 0.009, memory: 13424, loss_cls: 0.3970, loss_bbox: 0.3661, loss_kps: 0.0000, loss: 0.7631
2026-09-23 21:23:32,012 - mmdet - INFO - Epoch [19][5300/6976]	lr: 1.000e-03, eta: 3:49:39, time: 0.174, data_time: 0.009, memory: 13424, loss_cls: 0.4033, loss_bbox: 0.3852, loss_kps: 0.0000, loss: 0.7885
2026-09-23 21:23:40,669 - mmdet - INFO - Epoch [19][5350/6976]	lr: 1.000e-03, eta: 3:49:30, time: 0.173, data_time: 0.009, memory: 13424, loss_cls: 0.3930, loss_bbox: 0.3644, loss_kps: 0.0000, loss: 0.7574
2026-09-23 21:23:49,750 - mmdet - INFO - Epoch [19][5400/6976]	lr: 1.000e-03, eta: 3:49:22, time: 0.182, data_time: 0.008, memory: 13424, loss_cls: 0.3817, loss_bbox: 0.3683, loss_kps: 0.0000, loss: 0.7500
2026-09-23 21:23:58,505 - mmdet - INFO - Epoch [19][5450/6976]	lr: 1.000e-03, eta: 3:49:13, time: 0.175, data_time: 0.009, memory: 13424, loss_cls: 0.3892, loss_bbox: 0.3690, loss_kps: 0.0000, loss: 0.7581
2026-09-23 21:24:07,267 - mmdet - INFO - Epoch [19][5500/6976]	lr: 1.000e-03, eta: 3:49:04, time: 0.175, data_time: 0.009, memory: 13424, loss_cls: 0.3835, loss_bbox: 0.3738, loss_kps: 0.0000, loss: 0.7572
2026-09-23 21:24:16,028 - mmdet - INFO - Epoch [19][5550/6976]	lr: 1.000e-03, eta: 3:48:55, time: 0.175, data_time: 0.009, memory: 13424, loss_cls: 0.3810, loss_bbox: 0.3658, loss_kps: 0.0000, loss: 0.7468
2026-09-23 21:24:24,727 - mmdet - INFO - Epoch [19][5600/6976]	lr: 1.000e-03, eta: 3:48:47, time: 0.174, data_time: 0.009, memory: 13424, loss_cls: 0.3791, loss_bbox: 0.3655, loss_kps: 0.0000, loss: 0.7446
2026-09-23 21:24:33,436 - mmdet - INFO - Epoch [19][5650/6976]	lr: 1.000e-03, eta: 3:48:38, time: 0.174, data_time: 0.009, memory: 13424, loss_cls: 0.4079, loss_bbox: 0.3783, loss_kps: 0.0000, loss: 0.7862
2026-09-23 21:24:42,115 - mmdet - INFO - Epoch [19][5700/6976]	lr: 1.000e-03, eta: 3:48:29, time: 0.174, data_time: 0.009, memory: 13424, loss_cls: 0.4175, loss_bbox: 0.3830, loss_kps: 0.0000, loss: 0.8006
2026-09-23 21:24:50,832 - mmdet - INFO - Epoch [19][5750/6976]	lr: 1.000e-03, eta: 3:48:20, time: 0.174, data_time: 0.009, memory: 13424, loss_cls: 0.3788, loss_bbox: 0.3526, loss_kps: 0.0000, loss: 0.7314
2026-09-23 21:24:59,560 - mmdet - INFO - Epoch [19][5800/6976]	lr: 1.000e-03, eta: 3:48:11, time: 0.175, data_time: 0.009, memory: 13424, loss_cls: 0.3959, loss_bbox: 0.3762, loss_kps: 0.0000, loss: 0.7721
2026-09-23 21:25:08,383 - mmdet - INFO - Epoch [19][5850/6976]	lr: 1.000e-03, eta: 3:48:03, time: 0.176, data_time: 0.010, memory: 13424, loss_cls: 0.4093, loss_bbox: 0.3804, loss_kps: 0.0000, loss: 0.7897
2026-09-23 21:25:17,203 - mmdet - INFO - Epoch [19][5900/6976]	lr: 1.000e-03, eta: 3:47:54, time: 0.176, data_time: 0.009, memory: 13424, loss_cls: 0.3767, loss_bbox: 0.3611, loss_kps: 0.0000, loss: 0.7379
2026-09-23 21:25:25,931 - mmdet - INFO - Epoch [19][5950/6976]	lr: 1.000e-03, eta: 3:47:45, time: 0.175, data_time: 0.009, memory: 13424, loss_cls: 0.3912, loss_bbox: 0.3721, loss_kps: 0.0000, loss: 0.7633
2026-09-23 21:25:34,657 - mmdet - INFO - Epoch [19][6000/6976]	lr: 1.000e-03, eta: 3:47:36, time: 0.174, data_time: 0.009, memory: 13424, loss_cls: 0.3865, loss_bbox: 0.3687, loss_kps: 0.0000, loss: 0.7552
2026-09-23 21:25:43,438 - mmdet - INFO - Epoch [19][6050/6976]	lr: 1.000e-03, eta: 3:47:27, time: 0.176, data_time: 0.010, memory: 13424, loss_cls: 0.3884, loss_bbox: 0.3689, loss_kps: 0.0000, loss: 0.7573
2026-09-23 21:25:52,129 - mmdet - INFO - Epoch [19][6100/6976]	lr: 1.000e-03, eta: 3:47:18, time: 0.174, data_time: 0.009, memory: 13424, loss_cls: 0.3977, loss_bbox: 0.3826, loss_kps: 0.0000, loss: 0.7803
2026-09-23 21:26:00,832 - mmdet - INFO - Epoch [19][6150/6976]	lr: 1.000e-03, eta: 3:47:10, time: 0.174, data_time: 0.010, memory: 13424, loss_cls: 0.3863, loss_bbox: 0.3703, loss_kps: 0.0000, loss: 0.7566
2026-09-23 21:26:09,472 - mmdet - INFO - Epoch [19][6200/6976]	lr: 1.000e-03, eta: 3:47:01, time: 0.173, data_time: 0.009, memory: 13424, loss_cls: 0.3776, loss_bbox: 0.3629, loss_kps: 0.0000, loss: 0.7405
2026-09-23 21:26:18,160 - mmdet - INFO - Epoch [19][6250/6976]	lr: 1.000e-03, eta: 3:46:52, time: 0.174, data_time: 0.009, memory: 13424, loss_cls: 0.4130, loss_bbox: 0.3746, loss_kps: 0.0000, loss: 0.7877
2026-09-23 21:26:26,819 - mmdet - INFO - Epoch [19][6300/6976]	lr: 1.000e-03, eta: 3:46:43, time: 0.173, data_time: 0.009, memory: 13424, loss_cls: 0.3994, loss_bbox: 0.3601, loss_kps: 0.0000, loss: 0.7594
2026-09-23 21:26:35,535 - mmdet - INFO - Epoch [19][6350/6976]	lr: 1.000e-03, eta: 3:46:34, time: 0.174, data_time: 0.009, memory: 13424, loss_cls: 0.4201, loss_bbox: 0.3905, loss_kps: 0.0000, loss: 0.8106
2026-09-23 21:26:44,283 - mmdet - INFO - Epoch [19][6400/6976]	lr: 1.000e-03, eta: 3:46:25, time: 0.175, data_time: 0.009, memory: 13424, loss_cls: 0.4413, loss_bbox: 0.3896, loss_kps: 0.0000, loss: 0.8309
2026-09-23 21:26:53,022 - mmdet - INFO - Epoch [19][6450/6976]	lr: 1.000e-03, eta: 3:46:17, time: 0.175, data_time: 0.009, memory: 13424, loss_cls: 0.3979, loss_bbox: 0.3691, loss_kps: 0.0000, loss: 0.7670
2026-09-23 21:27:01,733 - mmdet - INFO - Epoch [19][6500/6976]	lr: 1.000e-03, eta: 3:46:08, time: 0.174, data_time: 0.009, memory: 13424, loss_cls: 0.3846, loss_bbox: 0.3534, loss_kps: 0.0000, loss: 0.7379
2026-09-23 21:27:10,459 - mmdet - INFO - Epoch [19][6550/6976]	lr: 1.000e-03, eta: 3:45:59, time: 0.175, data_time: 0.010, memory: 13424, loss_cls: 0.4124, loss_bbox: 0.3725, loss_kps: 0.0000, loss: 0.7849
2026-09-23 21:27:19,268 - mmdet - INFO - Epoch [19][6600/6976]	lr: 1.000e-03, eta: 3:45:50, time: 0.176, data_time: 0.009, memory: 13424, loss_cls: 0.4136, loss_bbox: 0.3740, loss_kps: 0.0000, loss: 0.7877
2026-09-23 21:27:28,003 - mmdet - INFO - Epoch [19][6650/6976]	lr: 1.000e-03, eta: 3:45:41, time: 0.175, data_time: 0.009, memory: 13424, loss_cls: 0.3945, loss_bbox: 0.3690, loss_kps: 0.0000, loss: 0.7635
2026-09-23 21:27:36,747 - mmdet - INFO - Epoch [19][6700/6976]	lr: 1.000e-03, eta: 3:45:33, time: 0.175, data_time: 0.009, memory: 13424, loss_cls: 0.4180, loss_bbox: 0.3707, loss_kps: 0.0000, loss: 0.7886
2026-09-23 21:27:45,568 - mmdet - INFO - Epoch [19][6750/6976]	lr: 1.000e-03, eta: 3:45:24, time: 0.176, data_time: 0.009, memory: 13424, loss_cls: 0.3930, loss_bbox: 0.3730, loss_kps: 0.0000, loss: 0.7660
2026-09-23 21:27:54,298 - mmdet - INFO - Epoch [19][6800/6976]	lr: 1.000e-03, eta: 3:45:15, time: 0.175, data_time: 0.009, memory: 13424, loss_cls: 0.4080, loss_bbox: 0.3749, loss_kps: 0.0000, loss: 0.7829
2026-09-23 21:28:02,955 - mmdet - INFO - Epoch [19][6850/6976]	lr: 1.000e-03, eta: 3:45:06, time: 0.173, data_time: 0.009, memory: 13424, loss_cls: 0.4153, loss_bbox: 0.3905, loss_kps: 0.0000, loss: 0.8058
2026-09-23 21:28:11,752 - mmdet - INFO - Epoch [19][6900/6976]	lr: 1.000e-03, eta: 3:44:57, time: 0.176, data_time: 0.010, memory: 13424, loss_cls: 0.3991, loss_bbox: 0.3547, loss_kps: 0.0000, loss: 0.7538
2026-09-23 21:28:20,458 - mmdet - INFO - Epoch [19][6950/6976]	lr: 1.000e-03, eta: 3:44:48, time: 0.174, data_time: 0.010, memory: 13424, loss_cls: 0.4146, loss_bbox: 0.3840, loss_kps: 0.0000, loss: 0.7986
2026-09-23 21:28:25,128 - mmdet - INFO - Saving checkpoint at 19 epochs
2026-09-23 21:28:39,241 - mmdet - INFO - Epoch [20][50/6976]	lr: 1.000e-03, eta: 3:44:35, time: 0.277, data_time: 0.104, memory: 13424, loss_cls: 0.4120, loss_bbox: 0.3700, loss_kps: 0.0000, loss: 0.7821
2026-09-23 21:28:48,057 - mmdet - INFO - Epoch [20][100/6976]	lr: 1.000e-03, eta: 3:44:27, time: 0.176, data_time: 0.009, memory: 13424, loss_cls: 0.4175, loss_bbox: 0.3857, loss_kps: 0.0000, loss: 0.8032
2026-09-23 21:28:57,286 - mmdet - INFO - Epoch [20][150/6976]	lr: 1.000e-03, eta: 3:44:18, time: 0.185, data_time: 0.008, memory: 13424, loss_cls: 0.3866, loss_bbox: 0.3679, loss_kps: 0.0000, loss: 0.7546
2026-09-23 21:29:06,162 - mmdet - INFO - Epoch [20][200/6976]	lr: 1.000e-03, eta: 3:44:09, time: 0.177, data_time: 0.009, memory: 13424, loss_cls: 0.3840, loss_bbox: 0.3623, loss_kps: 0.0000, loss: 0.7464
2026-09-23 21:29:14,983 - mmdet - INFO - Epoch [20][250/6976]	lr: 1.000e-03, eta: 3:44:01, time: 0.176, data_time: 0.009, memory: 13424, loss_cls: 0.3885, loss_bbox: 0.3555, loss_kps: 0.0000, loss: 0.7440
2026-09-23 21:29:24,096 - mmdet - INFO - Epoch [20][300/6976]	lr: 1.000e-03, eta: 3:43:52, time: 0.182, data_time: 0.009, memory: 13424, loss_cls: 0.3828, loss_bbox: 0.3715, loss_kps: 0.0000, loss: 0.7543
2026-09-23 21:29:32,730 - mmdet - INFO - Epoch [20][350/6976]	lr: 1.000e-03, eta: 3:43:43, time: 0.173, data_time: 0.009, memory: 13424, loss_cls: 0.3976, loss_bbox: 0.3568, loss_kps: 0.0000, loss: 0.7545
2026-09-23 21:29:41,547 - mmdet - INFO - Epoch [20][400/6976]	lr: 1.000e-03, eta: 3:43:34, time: 0.176, data_time: 0.009, memory: 13424, loss_cls: 0.3984, loss_bbox: 0.3657, loss_kps: 0.0000, loss: 0.7641
2026-09-23 21:29:50,315 - mmdet - INFO - Epoch [20][450/6976]	lr: 1.000e-03, eta: 3:43:26, time: 0.175, data_time: 0.010, memory: 13424, loss_cls: 0.3980, loss_bbox: 0.3745, loss_kps: 0.0000, loss: 0.7726
2026-09-23 21:29:59,101 - mmdet - INFO - Epoch [20][500/6976]	lr: 1.000e-03, eta: 3:43:17, time: 0.176, data_time: 0.010, memory: 13424, loss_cls: 0.4072, loss_bbox: 0.3705, loss_kps: 0.0000, loss: 0.7777
2026-09-23 21:30:07,841 - mmdet - INFO - Epoch [20][550/6976]	lr: 1.000e-03, eta: 3:43:08, time: 0.174, data_time: 0.009, memory: 13424, loss_cls: 0.3938, loss_bbox: 0.3714, loss_kps: 0.0000, loss: 0.7652
2026-09-23 21:30:16,650 - mmdet - INFO - Epoch [20][600/6976]	lr: 1.000e-03, eta: 3:42:59, time: 0.177, data_time: 0.009, memory: 13424, loss_cls: 0.3889, loss_bbox: 0.3600, loss_kps: 0.0000, loss: 0.7489
2026-09-23 21:30:25,468 - mmdet - INFO - Epoch [20][650/6976]	lr: 1.000e-03, eta: 3:42:50, time: 0.176, data_time: 0.009, memory: 13424, loss_cls: 0.4161, loss_bbox: 0.3873, loss_kps: 0.0000, loss: 0.8034
2026-09-23 21:30:34,591 - mmdet - INFO - Epoch [20][700/6976]	lr: 1.000e-03, eta: 3:42:42, time: 0.182, data_time: 0.009, memory: 13424, loss_cls: 0.3790, loss_bbox: 0.3647, loss_kps: 0.0000, loss: 0.7437
2026-09-23 21:30:43,422 - mmdet - INFO - Epoch [20][750/6976]	lr: 1.000e-03, eta: 3:42:33, time: 0.177, data_time: 0.009, memory: 13424, loss_cls: 0.4006, loss_bbox: 0.3741, loss_kps: 0.0000, loss: 0.7748
2026-09-23 21:30:52,171 - mmdet - INFO - Epoch [20][800/6976]	lr: 1.000e-03, eta: 3:42:24, time: 0.175, data_time: 0.009, memory: 13424, loss_cls: 0.3743, loss_bbox: 0.3600, loss_kps: 0.0000, loss: 0.7343
2026-09-23 21:31:00,917 - mmdet - INFO - Epoch [20][850/6976]	lr: 1.000e-03, eta: 3:42:15, time: 0.175, data_time: 0.009, memory: 13424, loss_cls: 0.4037, loss_bbox: 0.3737, loss_kps: 0.0000, loss: 0.7775
2026-09-23 21:31:09,729 - mmdet - INFO - Epoch [20][900/6976]	lr: 1.000e-03, eta: 3:42:07, time: 0.176, data_time: 0.009, memory: 13424, loss_cls: 0.3901, loss_bbox: 0.3701, loss_kps: 0.0000, loss: 0.7602
2026-09-23 21:31:18,486 - mmdet - INFO - Epoch [20][950/6976]	lr: 1.000e-03, eta: 3:41:58, time: 0.175, data_time: 0.009, memory: 13424, loss_cls: 0.4080, loss_bbox: 0.3747, loss_kps: 0.0000, loss: 0.7827
2026-09-23 21:31:27,217 - mmdet - INFO - Epoch [20][1000/6976]	lr: 1.000e-03, eta: 3:41:49, time: 0.175, data_time: 0.010, memory: 13424, loss_cls: 0.3940, loss_bbox: 0.3727, loss_kps: 0.0000, loss: 0.7667
2026-09-23 21:31:36,024 - mmdet - INFO - Epoch [20][1050/6976]	lr: 1.000e-03, eta: 3:41:40, time: 0.176, data_time: 0.009, memory: 13424, loss_cls: 0.3560, loss_bbox: 0.3462, loss_kps: 0.0000, loss: 0.7022
2026-09-23 21:31:44,782 - mmdet - INFO - Epoch [20][1100/6976]	lr: 1.000e-03, eta: 3:41:31, time: 0.175, data_time: 0.009, memory: 13424, loss_cls: 0.3867, loss_bbox: 0.3583, loss_kps: 0.0000, loss: 0.7450
2026-09-23 21:31:53,592 - mmdet - INFO - Epoch [20][1150/6976]	lr: 1.000e-03, eta: 3:41:23, time: 0.176, data_time: 0.009, memory: 13424, loss_cls: 0.4023, loss_bbox: 0.3767, loss_kps: 0.0000, loss: 0.7791
2026-09-23 21:32:02,333 - mmdet - INFO - Epoch [20][1200/6976]	lr: 1.000e-03, eta: 3:41:14, time: 0.175, data_time: 0.010, memory: 13424, loss_cls: 0.4006, loss_bbox: 0.3767, loss_kps: 0.0000, loss: 0.7773
2026-09-23 21:32:11,174 - mmdet - INFO - Epoch [20][1250/6976]	lr: 1.000e-03, eta: 3:41:05, time: 0.177, data_time: 0.009, memory: 13424, loss_cls: 0.3890, loss_bbox: 0.3683, loss_kps: 0.0000, loss: 0.7573
2026-09-23 21:32:20,272 - mmdet - INFO - Epoch [20][1300/6976]	lr: 1.000e-03, eta: 3:40:57, time: 0.182, data_time: 0.010, memory: 13424, loss_cls: 0.3985, loss_bbox: 0.3734, loss_kps: 0.0000, loss: 0.7719
2026-09-23 21:32:29,083 - mmdet - INFO - Epoch [20][1350/6976]	lr: 1.000e-03, eta: 3:40:48, time: 0.176, data_time: 0.010, memory: 13424, loss_cls: 0.4128, loss_bbox: 0.3758, loss_kps: 0.0000, loss: 0.7885
2026-09-23 21:32:37,907 - mmdet - INFO - Epoch [20][1400/6976]	lr: 1.000e-03, eta: 3:40:39, time: 0.177, data_time: 0.010, memory: 13424, loss_cls: 0.3911, loss_bbox: 0.3698, loss_kps: 0.0000, loss: 0.7609
2026-09-23 21:32:46,549 - mmdet - INFO - Epoch [20][1450/6976]	lr: 1.000e-03, eta: 3:40:30, time: 0.173, data_time: 0.010, memory: 13424, loss_cls: 0.4080, loss_bbox: 0.3624, loss_kps: 0.0000, loss: 0.7704
2026-09-23 21:32:55,286 - mmdet - INFO - Epoch [20][1500/6976]	lr: 1.000e-03, eta: 3:40:21, time: 0.175, data_time: 0.010, memory: 13424, loss_cls: 0.3834, loss_bbox: 0.3568, loss_kps: 0.0000, loss: 0.7402
2026-09-23 21:33:04,074 - mmdet - INFO - Epoch [20][1550/6976]	lr: 1.000e-03, eta: 3:40:13, time: 0.176, data_time: 0.010, memory: 13424, loss_cls: 0.3940, loss_bbox: 0.3605, loss_kps: 0.0000, loss: 0.7545
2026-09-23 21:33:12,750 - mmdet - INFO - Epoch [20][1600/6976]	lr: 1.000e-03, eta: 3:40:04, time: 0.174, data_time: 0.010, memory: 13424, loss_cls: 0.3890, loss_bbox: 0.3664, loss_kps: 0.0000, loss: 0.7554
2026-09-23 21:33:21,459 - mmdet - INFO - Epoch [20][1650/6976]	lr: 1.000e-03, eta: 3:39:55, time: 0.174, data_time: 0.010, memory: 13424, loss_cls: 0.4053, loss_bbox: 0.3705, loss_kps: 0.0000, loss: 0.7758
2026-09-23 21:33:30,212 - mmdet - INFO - Epoch [20][1700/6976]	lr: 1.000e-03, eta: 3:39:46, time: 0.175, data_time: 0.009, memory: 13424, loss_cls: 0.3979, loss_bbox: 0.3665, loss_kps: 0.0000, loss: 0.7645
2026-09-23 21:33:38,968 - mmdet - INFO - Epoch [20][1750/6976]	lr: 1.000e-03, eta: 3:39:37, time: 0.175, data_time: 0.010, memory: 13424, loss_cls: 0.3953, loss_bbox: 0.3601, loss_kps: 0.0000, loss: 0.7553
2026-09-23 21:33:47,709 - mmdet - INFO - Epoch [20][1800/6976]	lr: 1.000e-03, eta: 3:39:28, time: 0.175, data_time: 0.009, memory: 13424, loss_cls: 0.4046, loss_bbox: 0.3741, loss_kps: 0.0000, loss: 0.7787
2026-09-23 21:33:56,454 - mmdet - INFO - Epoch [20][1850/6976]	lr: 1.000e-03, eta: 3:39:20, time: 0.175, data_time: 0.010, memory: 13424, loss_cls: 0.3911, loss_bbox: 0.3734, loss_kps: 0.0000, loss: 0.7645
2026-09-23 21:34:05,151 - mmdet - INFO - Epoch [20][1900/6976]	lr: 1.000e-03, eta: 3:39:11, time: 0.174, data_time: 0.009, memory: 13424, loss_cls: 0.3914, loss_bbox: 0.3699, loss_kps: 0.0000, loss: 0.7613
2026-09-23 21:34:13,945 - mmdet - INFO - Epoch [20][1950/6976]	lr: 1.000e-03, eta: 3:39:02, time: 0.176, data_time: 0.009, memory: 13424, loss_cls: 0.3894, loss_bbox: 0.3535, loss_kps: 0.0000, loss: 0.7428
2026-09-23 21:34:22,715 - mmdet - INFO - Epoch [20][2000/6976]	lr: 1.000e-03, eta: 3:38:53, time: 0.175, data_time: 0.010, memory: 13424, loss_cls: 0.3632, loss_bbox: 0.3546, loss_kps: 0.0000, loss: 0.7178
2026-09-23 21:34:31,520 - mmdet - INFO - Epoch [20][2050/6976]	lr: 1.000e-03, eta: 3:38:44, time: 0.176, data_time: 0.010, memory: 13424, loss_cls: 0.4028, loss_bbox: 0.3687, loss_kps: 0.0000, loss: 0.7714
2026-09-23 21:34:40,279 - mmdet - INFO - Epoch [20][2100/6976]	lr: 1.000e-03, eta: 3:38:36, time: 0.175, data_time: 0.010, memory: 13424, loss_cls: 0.3932, loss_bbox: 0.3605, loss_kps: 0.0000, loss: 0.7537
2026-09-23 21:34:48,986 - mmdet - INFO - Epoch [20][2150/6976]	lr: 1.000e-03, eta: 3:38:27, time: 0.174, data_time: 0.010, memory: 13424, loss_cls: 0.3600, loss_bbox: 0.3600, loss_kps: 0.0000, loss: 0.7199
2026-09-23 21:34:57,768 - mmdet - INFO - Epoch [20][2200/6976]	lr: 1.000e-03, eta: 3:38:18, time: 0.176, data_time: 0.010, memory: 13424, loss_cls: 0.4116, loss_bbox: 0.3849, loss_kps: 0.0000, loss: 0.7965
2026-09-23 21:35:06,555 - mmdet - INFO - Epoch [20][2250/6976]	lr: 1.000e-03, eta: 3:38:09, time: 0.176, data_time: 0.010, memory: 13424, loss_cls: 0.4035, loss_bbox: 0.3877, loss_kps: 0.0000, loss: 0.7912
2026-09-23 21:35:15,346 - mmdet - INFO - Epoch [20][2300/6976]	lr: 1.000e-03, eta: 3:38:00, time: 0.175, data_time: 0.009, memory: 13424, loss_cls: 0.4028, loss_bbox: 0.3718, loss_kps: 0.0000, loss: 0.7746
2026-09-23 21:35:24,136 - mmdet - INFO - Epoch [20][2350/6976]	lr: 1.000e-03, eta: 3:37:52, time: 0.176, data_time: 0.010, memory: 13424, loss_cls: 0.3694, loss_bbox: 0.3646, loss_kps: 0.0000, loss: 0.7340
2026-09-23 21:35:32,830 - mmdet - INFO - Epoch [20][2400/6976]	lr: 1.000e-03, eta: 3:37:43, time: 0.174, data_time: 0.010, memory: 13424, loss_cls: 0.4235, loss_bbox: 0.3821, loss_kps: 0.0000, loss: 0.8056
2026-09-23 21:35:41,846 - mmdet - INFO - Epoch [20][2450/6976]	lr: 1.000e-03, eta: 3:37:34, time: 0.180, data_time: 0.009, memory: 13424, loss_cls: 0.3800, loss_bbox: 0.3664, loss_kps: 0.0000, loss: 0.7463
2026-09-23 21:35:50,581 - mmdet - INFO - Epoch [20][2500/6976]	lr: 1.000e-03, eta: 3:37:25, time: 0.175, data_time: 0.010, memory: 13424, loss_cls: 0.3813, loss_bbox: 0.3610, loss_kps: 0.0000, loss: 0.7423
2026-09-23 21:35:59,262 - mmdet - INFO - Epoch [20][2550/6976]	lr: 1.000e-03, eta: 3:37:16, time: 0.174, data_time: 0.010, memory: 13424, loss_cls: 0.3895, loss_bbox: 0.3690, loss_kps: 0.0000, loss: 0.7584
2026-09-23 21:36:08,079 - mmdet - INFO - Epoch [20][2600/6976]	lr: 1.000e-03, eta: 3:37:08, time: 0.176, data_time: 0.009, memory: 13424, loss_cls: 0.3900, loss_bbox: 0.3650, loss_kps: 0.0000, loss: 0.7550
2026-09-23 21:36:16,858 - mmdet - INFO - Epoch [20][2650/6976]	lr: 1.000e-03, eta: 3:36:59, time: 0.176, data_time: 0.009, memory: 13424, loss_cls: 0.4220, loss_bbox: 0.3969, loss_kps: 0.0000, loss: 0.8190
2026-09-23 21:36:25,574 - mmdet - INFO - Epoch [20][2700/6976]	lr: 1.000e-03, eta: 3:36:50, time: 0.174, data_time: 0.010, memory: 13424, loss_cls: 0.3779, loss_bbox: 0.3735, loss_kps: 0.0000, loss: 0.7514
2026-09-23 21:36:34,359 - mmdet - INFO - Epoch [20][2750/6976]	lr: 1.000e-03, eta: 3:36:41, time: 0.176, data_time: 0.010, memory: 13424, loss_cls: 0.4139, loss_bbox: 0.3636, loss_kps: 0.0000, loss: 0.7776
2026-09-23 21:36:43,211 - mmdet - INFO - Epoch [20][2800/6976]	lr: 1.000e-03, eta: 3:36:33, time: 0.177, data_time: 0.009, memory: 13424, loss_cls: 0.4023, loss_bbox: 0.3718, loss_kps: 0.0000, loss: 0.7741
2026-09-23 21:36:51,964 - mmdet - INFO - Epoch [20][2850/6976]	lr: 1.000e-03, eta: 3:36:24, time: 0.175, data_time: 0.010, memory: 13424, loss_cls: 0.3837, loss_bbox: 0.3613, loss_kps: 0.0000, loss: 0.7450
2026-09-23 21:37:00,672 - mmdet - INFO - Epoch [20][2900/6976]	lr: 1.000e-03, eta: 3:36:15, time: 0.174, data_time: 0.009, memory: 13424, loss_cls: 0.3850, loss_bbox: 0.3612, loss_kps: 0.0000, loss: 0.7463
2026-09-23 21:37:09,374 - mmdet - INFO - Epoch [20][2950/6976]	lr: 1.000e-03, eta: 3:36:06, time: 0.174, data_time: 0.009, memory: 13424, loss_cls: 0.4207, loss_bbox: 0.3639, loss_kps: 0.0000, loss: 0.7846
2026-09-23 21:37:18,273 - mmdet - INFO - Epoch [20][3000/6976]	lr: 1.000e-03, eta: 3:35:57, time: 0.178, data_time: 0.009, memory: 13424, loss_cls: 0.3951, loss_bbox: 0.3711, loss_kps: 0.0000, loss: 0.7662
2026-09-23 21:37:26,968 - mmdet - INFO - Epoch [20][3050/6976]	lr: 1.000e-03, eta: 3:35:49, time: 0.174, data_time: 0.010, memory: 13424, loss_cls: 0.3818, loss_bbox: 0.3669, loss_kps: 0.0000, loss: 0.7486
2026-09-23 21:37:35,722 - mmdet - INFO - Epoch [20][3100/6976]	lr: 1.000e-03, eta: 3:35:40, time: 0.175, data_time: 0.010, memory: 13424, loss_cls: 0.4238, loss_bbox: 0.3840, loss_kps: 0.0000, loss: 0.8078
2026-09-23 21:37:44,561 - mmdet - INFO - Epoch [20][3150/6976]	lr: 1.000e-03, eta: 3:35:31, time: 0.177, data_time: 0.010, memory: 13424, loss_cls: 0.4262, loss_bbox: 0.3812, loss_kps: 0.0000, loss: 0.8074
2026-09-23 21:37:53,298 - mmdet - INFO - Epoch [20][3200/6976]	lr: 1.000e-03, eta: 3:35:22, time: 0.175, data_time: 0.010, memory: 13424, loss_cls: 0.3846, loss_bbox: 0.3527, loss_kps: 0.0000, loss: 0.7373
2026-09-23 21:38:02,110 - mmdet - INFO - Epoch [20][3250/6976]	lr: 1.000e-03, eta: 3:35:13, time: 0.176, data_time: 0.010, memory: 13424, loss_cls: 0.3971, loss_bbox: 0.3656, loss_kps: 0.0000, loss: 0.7626
2026-09-23 21:38:11,258 - mmdet - INFO - Epoch [20][3300/6976]	lr: 1.000e-03, eta: 3:35:05, time: 0.183, data_time: 0.010, memory: 13424, loss_cls: 0.3833, loss_bbox: 0.3690, loss_kps: 0.0000, loss: 0.7523
2026-09-23 21:38:20,043 - mmdet - INFO - Epoch [20][3350/6976]	lr: 1.000e-03, eta: 3:34:56, time: 0.176, data_time: 0.010, memory: 13424, loss_cls: 0.3912, loss_bbox: 0.3552, loss_kps: 0.0000, loss: 0.7464
2026-09-23 21:38:28,858 - mmdet - INFO - Epoch [20][3400/6976]	lr: 1.000e-03, eta: 3:34:47, time: 0.176, data_time: 0.010, memory: 13424, loss_cls: 0.3710, loss_bbox: 0.3497, loss_kps: 0.0000, loss: 0.7207
2026-09-23 21:38:37,583 - mmdet - INFO - Epoch [20][3450/6976]	lr: 1.000e-03, eta: 3:34:38, time: 0.174, data_time: 0.010, memory: 13424, loss_cls: 0.3845, loss_bbox: 0.3717, loss_kps: 0.0000, loss: 0.7562
2026-09-23 21:38:46,400 - mmdet - INFO - Epoch [20][3500/6976]	lr: 1.000e-03, eta: 3:34:30, time: 0.176, data_time: 0.010, memory: 13424, loss_cls: 0.3996, loss_bbox: 0.3649, loss_kps: 0.0000, loss: 0.7645
2026-09-23 21:38:55,566 - mmdet - INFO - Epoch [20][3550/6976]	lr: 1.000e-03, eta: 3:34:21, time: 0.183, data_time: 0.010, memory: 13424, loss_cls: 0.3792, loss_bbox: 0.3573, loss_kps: 0.0000, loss: 0.7366
2026-09-23 21:39:04,427 - mmdet - INFO - Epoch [20][3600/6976]	lr: 1.000e-03, eta: 3:34:12, time: 0.177, data_time: 0.010, memory: 13424, loss_cls: 0.3838, loss_bbox: 0.3613, loss_kps: 0.0000, loss: 0.7450
2026-09-23 21:39:13,175 - mmdet - INFO - Epoch [20][3650/6976]	lr: 1.000e-03, eta: 3:34:04, time: 0.175, data_time: 0.010, memory: 13424, loss_cls: 0.4079, loss_bbox: 0.3669, loss_kps: 0.0000, loss: 0.7748
2026-09-23 21:39:21,874 - mmdet - INFO - Epoch [20][3700/6976]	lr: 1.000e-03, eta: 3:33:55, time: 0.174, data_time: 0.009, memory: 13424, loss_cls: 0.3841, loss_bbox: 0.3648, loss_kps: 0.0000, loss: 0.7489
2026-09-23 21:39:30,588 - mmdet - INFO - Epoch [20][3750/6976]	lr: 1.000e-03, eta: 3:33:46, time: 0.174, data_time: 0.010, memory: 13424, loss_cls: 0.4130, loss_bbox: 0.3750, loss_kps: 0.0000, loss: 0.7880
2026-09-23 21:39:39,310 - mmdet - INFO - Epoch [20][3800/6976]	lr: 1.000e-03, eta: 3:33:37, time: 0.174, data_time: 0.010, memory: 13424, loss_cls: 0.3826, loss_bbox: 0.3558, loss_kps: 0.0000, loss: 0.7384
2026-09-23 21:39:48,145 - mmdet - INFO - Epoch [20][3850/6976]	lr: 1.000e-03, eta: 3:33:28, time: 0.177, data_time: 0.009, memory: 13424, loss_cls: 0.4057, loss_bbox: 0.3684, loss_kps: 0.0000, loss: 0.7741
2026-09-23 21:39:56,879 - mmdet - INFO - Epoch [20][3900/6976]	lr: 1.000e-03, eta: 3:33:19, time: 0.175, data_time: 0.010, memory: 13424, loss_cls: 0.3888, loss_bbox: 0.3794, loss_kps: 0.0000, loss: 0.7682
2026-09-23 21:40:05,711 - mmdet - INFO - Epoch [20][3950/6976]	lr: 1.000e-03, eta: 3:33:11, time: 0.177, data_time: 0.010, memory: 13424, loss_cls: 0.4051, loss_bbox: 0.3670, loss_kps: 0.0000, loss: 0.7721
2026-09-23 21:40:14,540 - mmdet - INFO - Epoch [20][4000/6976]	lr: 1.000e-03, eta: 3:33:02, time: 0.177, data_time: 0.010, memory: 13424, loss_cls: 0.4012, loss_bbox: 0.3735, loss_kps: 0.0000, loss: 0.7747
2026-09-23 21:40:23,332 - mmdet - INFO - Epoch [20][4050/6976]	lr: 1.000e-03, eta: 3:32:53, time: 0.176, data_time: 0.009, memory: 13424, loss_cls: 0.4063, loss_bbox: 0.3776, loss_kps: 0.0000, loss: 0.7839
2026-09-23 21:40:32,118 - mmdet - INFO - Epoch [20][4100/6976]	lr: 1.000e-03, eta: 3:32:44, time: 0.176, data_time: 0.009, memory: 13424, loss_cls: 0.3943, loss_bbox: 0.3681, loss_kps: 0.0000, loss: 0.7623
2026-09-23 21:40:40,973 - mmdet - INFO - Epoch [20][4150/6976]	lr: 1.000e-03, eta: 3:32:36, time: 0.177, data_time: 0.009, memory: 13424, loss_cls: 0.4149, loss_bbox: 0.3722, loss_kps: 0.0000, loss: 0.7872
2026-09-23 21:40:49,731 - mmdet - INFO - Epoch [20][4200/6976]	lr: 1.000e-03, eta: 3:32:27, time: 0.175, data_time: 0.009, memory: 13424, loss_cls: 0.4116, loss_bbox: 0.3786, loss_kps: 0.0000, loss: 0.7902
2026-09-23 21:40:58,537 - mmdet - INFO - Epoch [20][4250/6976]	lr: 1.000e-03, eta: 3:32:18, time: 0.176, data_time: 0.009, memory: 13424, loss_cls: 0.3990, loss_bbox: 0.3676, loss_kps: 0.0000, loss: 0.7666
2026-09-23 21:41:07,284 - mmdet - INFO - Epoch [20][4300/6976]	lr: 1.000e-03, eta: 3:32:09, time: 0.175, data_time: 0.010, memory: 13424, loss_cls: 0.4016, loss_bbox: 0.3611, loss_kps: 0.0000, loss: 0.7627
2026-09-23 21:41:16,019 - mmdet - INFO - Epoch [20][4350/6976]	lr: 1.000e-03, eta: 3:32:00, time: 0.175, data_time: 0.009, memory: 13424, loss_cls: 0.3964, loss_bbox: 0.3690, loss_kps: 0.0000, loss: 0.7654
2026-09-23 21:41:24,805 - mmdet - INFO - Epoch [20][4400/6976]	lr: 1.000e-03, eta: 3:31:52, time: 0.176, data_time: 0.009, memory: 13424, loss_cls: 0.4045, loss_bbox: 0.3642, loss_kps: 0.0000, loss: 0.7687
2026-09-23 21:41:33,525 - mmdet - INFO - Epoch [20][4450/6976]	lr: 1.000e-03, eta: 3:31:43, time: 0.174, data_time: 0.009, memory: 13424, loss_cls: 0.3972, loss_bbox: 0.3676, loss_kps: 0.0000, loss: 0.7648
2026-09-23 21:41:42,338 - mmdet - INFO - Epoch [20][4500/6976]	lr: 1.000e-03, eta: 3:31:34, time: 0.176, data_time: 0.009, memory: 13424, loss_cls: 0.3725, loss_bbox: 0.3445, loss_kps: 0.0000, loss: 0.7170
2026-09-23 21:41:51,377 - mmdet - INFO - Epoch [20][4550/6976]	lr: 1.000e-03, eta: 3:31:25, time: 0.181, data_time: 0.009, memory: 13424, loss_cls: 0.3865, loss_bbox: 0.3652, loss_kps: 0.0000, loss: 0.7517
2026-09-23 21:42:00,121 - mmdet - INFO - Epoch [20][4600/6976]	lr: 1.000e-03, eta: 3:31:17, time: 0.175, data_time: 0.009, memory: 13424, loss_cls: 0.4063, loss_bbox: 0.3539, loss_kps: 0.0000, loss: 0.7603
2026-09-23 21:42:08,820 - mmdet - INFO - Epoch [20][4650/6976]	lr: 1.000e-03, eta: 3:31:08, time: 0.174, data_time: 0.010, memory: 13424, loss_cls: 0.3974, loss_bbox: 0.3633, loss_kps: 0.0000, loss: 0.7607
2026-09-23 21:42:17,526 - mmdet - INFO - Epoch [20][4700/6976]	lr: 1.000e-03, eta: 3:30:59, time: 0.174, data_time: 0.010, memory: 13424, loss_cls: 0.3862, loss_bbox: 0.3701, loss_kps: 0.0000, loss: 0.7563
2026-09-23 21:42:26,311 - mmdet - INFO - Epoch [20][4750/6976]	lr: 1.000e-03, eta: 3:30:50, time: 0.176, data_time: 0.009, memory: 13424, loss_cls: 0.4090, loss_bbox: 0.3728, loss_kps: 0.0000, loss: 0.7818
2026-09-23 21:42:35,005 - mmdet - INFO - Epoch [20][4800/6976]	lr: 1.000e-03, eta: 3:30:41, time: 0.174, data_time: 0.009, memory: 13424, loss_cls: 0.3830, loss_bbox: 0.3618, loss_kps: 0.0000, loss: 0.7449
2026-09-23 21:42:43,809 - mmdet - INFO - Epoch [20][4850/6976]	lr: 1.000e-03, eta: 3:30:32, time: 0.176, data_time: 0.009, memory: 13424, loss_cls: 0.3786, loss_bbox: 0.3615, loss_kps: 0.0000, loss: 0.7401
2026-09-23 21:42:52,642 - mmdet - INFO - Epoch [20][4900/6976]	lr: 1.000e-03, eta: 3:30:24, time: 0.177, data_time: 0.009, memory: 13424, loss_cls: 0.3938, loss_bbox: 0.3694, loss_kps: 0.0000, loss: 0.7632
2026-09-23 21:43:01,460 - mmdet - INFO - Epoch [20][4950/6976]	lr: 1.000e-03, eta: 3:30:15, time: 0.176, data_time: 0.010, memory: 13424, loss_cls: 0.4124, loss_bbox: 0.3732, loss_kps: 0.0000, loss: 0.7856
2026-09-23 21:43:10,218 - mmdet - INFO - Epoch [20][5000/6976]	lr: 1.000e-03, eta: 3:30:06, time: 0.175, data_time: 0.010, memory: 13424, loss_cls: 0.3749, loss_bbox: 0.3622, loss_kps: 0.0000, loss: 0.7371
2026-09-23 21:43:19,017 - mmdet - INFO - Epoch [20][5050/6976]	lr: 1.000e-03, eta: 3:29:57, time: 0.176, data_time: 0.010, memory: 13424, loss_cls: 0.3720, loss_bbox: 0.3636, loss_kps: 0.0000, loss: 0.7356
2026-09-23 21:43:28,113 - mmdet - INFO - Epoch [20][5100/6976]	lr: 1.000e-03, eta: 3:29:49, time: 0.182, data_time: 0.010, memory: 13424, loss_cls: 0.4074, loss_bbox: 0.3797, loss_kps: 0.0000, loss: 0.7871
2026-09-23 21:43:36,804 - mmdet - INFO - Epoch [20][5150/6976]	lr: 1.000e-03, eta: 3:29:40, time: 0.174, data_time: 0.010, memory: 13424, loss_cls: 0.3794, loss_bbox: 0.3641, loss_kps: 0.0000, loss: 0.7435
2026-09-23 21:43:45,552 - mmdet - INFO - Epoch [20][5200/6976]	lr: 1.000e-03, eta: 3:29:31, time: 0.175, data_time: 0.010, memory: 13424, loss_cls: 0.3943, loss_bbox: 0.3743, loss_kps: 0.0000, loss: 0.7686
2026-09-23 21:43:54,335 - mmdet - INFO - Epoch [20][5250/6976]	lr: 1.000e-03, eta: 3:29:22, time: 0.176, data_time: 0.010, memory: 13424, loss_cls: 0.3895, loss_bbox: 0.3639, loss_kps: 0.0000, loss: 0.7534
2026-09-23 21:44:03,101 - mmdet - INFO - Epoch [20][5300/6976]	lr: 1.000e-03, eta: 3:29:14, time: 0.175, data_time: 0.010, memory: 13424, loss_cls: 0.3840, loss_bbox: 0.3739, loss_kps: 0.0000, loss: 0.7580
2026-09-23 21:44:11,877 - mmdet - INFO - Epoch [20][5350/6976]	lr: 1.000e-03, eta: 3:29:05, time: 0.175, data_time: 0.010, memory: 13424, loss_cls: 0.4077, loss_bbox: 0.3707, loss_kps: 0.0000, loss: 0.7784
2026-09-23 21:44:20,739 - mmdet - INFO - Epoch [20][5400/6976]	lr: 1.000e-03, eta: 3:28:56, time: 0.177, data_time: 0.010, memory: 13424, loss_cls: 0.4366, loss_bbox: 0.3843, loss_kps: 0.0000, loss: 0.8209
2026-09-23 21:44:29,479 - mmdet - INFO - Epoch [20][5450/6976]	lr: 1.000e-03, eta: 3:28:47, time: 0.175, data_time: 0.010, memory: 13424, loss_cls: 0.3894, loss_bbox: 0.3681, loss_kps: 0.0000, loss: 0.7575
2026-09-23 21:44:38,094 - mmdet - INFO - Epoch [20][5500/6976]	lr: 1.000e-03, eta: 3:28:38, time: 0.172, data_time: 0.009, memory: 13424, loss_cls: 0.3970, loss_bbox: 0.3910, loss_kps: 0.0000, loss: 0.7879
2026-09-23 21:44:46,864 - mmdet - INFO - Epoch [20][5550/6976]	lr: 1.000e-03, eta: 3:28:29, time: 0.175, data_time: 0.009, memory: 13424, loss_cls: 0.3676, loss_bbox: 0.3484, loss_kps: 0.0000, loss: 0.7160
2026-09-23 21:44:55,635 - mmdet - INFO - Epoch [20][5600/6976]	lr: 1.000e-03, eta: 3:28:21, time: 0.175, data_time: 0.010, memory: 13424, loss_cls: 0.4110, loss_bbox: 0.3757, loss_kps: 0.0000, loss: 0.7867
2026-09-23 21:45:04,424 - mmdet - INFO - Epoch [20][5650/6976]	lr: 1.000e-03, eta: 3:28:12, time: 0.176, data_time: 0.010, memory: 13424, loss_cls: 0.3860, loss_bbox: 0.3701, loss_kps: 0.0000, loss: 0.7562
2026-09-23 21:45:13,199 - mmdet - INFO - Epoch [20][5700/6976]	lr: 1.000e-03, eta: 3:28:03, time: 0.175, data_time: 0.010, memory: 13424, loss_cls: 0.4046, loss_bbox: 0.3734, loss_kps: 0.0000, loss: 0.7781
2026-09-23 21:45:22,213 - mmdet - INFO - Epoch [20][5750/6976]	lr: 1.000e-03, eta: 3:27:54, time: 0.180, data_time: 0.010, memory: 13424, loss_cls: 0.4118, loss_bbox: 0.3664, loss_kps: 0.0000, loss: 0.7782
2026-09-23 21:45:31,042 - mmdet - INFO - Epoch [20][5800/6976]	lr: 1.000e-03, eta: 3:27:46, time: 0.177, data_time: 0.010, memory: 13424, loss_cls: 0.3843, loss_bbox: 0.3751, loss_kps: 0.0000, loss: 0.7593
2026-09-23 21:45:39,768 - mmdet - INFO - Epoch [20][5850/6976]	lr: 1.000e-03, eta: 3:27:37, time: 0.175, data_time: 0.010, memory: 13424, loss_cls: 0.4068, loss_bbox: 0.3677, loss_kps: 0.0000, loss: 0.7745
2026-09-23 21:45:48,648 - mmdet - INFO - Epoch [20][5900/6976]	lr: 1.000e-03, eta: 3:27:28, time: 0.178, data_time: 0.010, memory: 13424, loss_cls: 0.4111, loss_bbox: 0.3773, loss_kps: 0.0000, loss: 0.7884
2026-09-23 21:45:57,408 - mmdet - INFO - Epoch [20][5950/6976]	lr: 1.000e-03, eta: 3:27:19, time: 0.175, data_time: 0.010, memory: 13424, loss_cls: 0.4100, loss_bbox: 0.3801, loss_kps: 0.0000, loss: 0.7901
2026-09-23 21:46:06,219 - mmdet - INFO - Epoch [20][6000/6976]	lr: 1.000e-03, eta: 3:27:11, time: 0.176, data_time: 0.010, memory: 13424, loss_cls: 0.4229, loss_bbox: 0.3866, loss_kps: 0.0000, loss: 0.8094
2026-09-23 21:46:14,933 - mmdet - INFO - Epoch [20][6050/6976]	lr: 1.000e-03, eta: 3:27:02, time: 0.174, data_time: 0.010, memory: 13424, loss_cls: 0.4080, loss_bbox: 0.3692, loss_kps: 0.0000, loss: 0.7772
2026-09-23 21:46:23,667 - mmdet - INFO - Epoch [20][6100/6976]	lr: 1.000e-03, eta: 3:26:53, time: 0.175, data_time: 0.010, memory: 13424, loss_cls: 0.3989, loss_bbox: 0.3656, loss_kps: 0.0000, loss: 0.7645
2026-09-23 21:46:32,306 - mmdet - INFO - Epoch [20][6150/6976]	lr: 1.000e-03, eta: 3:26:44, time: 0.173, data_time: 0.010, memory: 13424, loss_cls: 0.4086, loss_bbox: 0.3805, loss_kps: 0.0000, loss: 0.7891
2026-09-23 21:46:41,098 - mmdet - INFO - Epoch [20][6200/6976]	lr: 1.000e-03, eta: 3:26:35, time: 0.176, data_time: 0.011, memory: 13424, loss_cls: 0.3844, loss_bbox: 0.3641, loss_kps: 0.0000, loss: 0.7484
2026-09-23 21:46:49,851 - mmdet - INFO - Epoch [20][6250/6976]	lr: 1.000e-03, eta: 3:26:26, time: 0.175, data_time: 0.010, memory: 13424, loss_cls: 0.3852, loss_bbox: 0.3700, loss_kps: 0.0000, loss: 0.7552
2026-09-23 21:46:58,672 - mmdet - INFO - Epoch [20][6300/6976]	lr: 1.000e-03, eta: 3:26:18, time: 0.176, data_time: 0.010, memory: 13424, loss_cls: 0.3802, loss_bbox: 0.3727, loss_kps: 0.0000, loss: 0.7529
2026-09-23 21:47:07,527 - mmdet - INFO - Epoch [20][6350/6976]	lr: 1.000e-03, eta: 3:26:09, time: 0.177, data_time: 0.009, memory: 13424, loss_cls: 0.3993, loss_bbox: 0.3553, loss_kps: 0.0000, loss: 0.7546
2026-09-23 21:47:16,268 - mmdet - INFO - Epoch [20][6400/6976]	lr: 1.000e-03, eta: 3:26:00, time: 0.175, data_time: 0.009, memory: 13424, loss_cls: 0.4014, loss_bbox: 0.3655, loss_kps: 0.0000, loss: 0.7669
2026-09-23 21:47:25,018 - mmdet - INFO - Epoch [20][6450/6976]	lr: 1.000e-03, eta: 3:25:51, time: 0.175, data_time: 0.009, memory: 13424, loss_cls: 0.3618, loss_bbox: 0.3557, loss_kps: 0.0000, loss: 0.7175
2026-09-23 21:47:34,170 - mmdet - INFO - Epoch [20][6500/6976]	lr: 1.000e-03, eta: 3:25:43, time: 0.183, data_time: 0.010, memory: 13424, loss_cls: 0.3840, loss_bbox: 0.3684, loss_kps: 0.0000, loss: 0.7524
2026-09-23 21:47:42,941 - mmdet - INFO - Epoch [20][6550/6976]	lr: 1.000e-03, eta: 3:25:34, time: 0.176, data_time: 0.009, memory: 13424, loss_cls: 0.4035, loss_bbox: 0.3781, loss_kps: 0.0000, loss: 0.7816
2026-09-23 21:47:51,654 - mmdet - INFO - Epoch [20][6600/6976]	lr: 1.000e-03, eta: 3:25:25, time: 0.174, data_time: 0.009, memory: 13424, loss_cls: 0.4016, loss_bbox: 0.3697, loss_kps: 0.0000, loss: 0.7714
2026-09-23 21:48:00,515 - mmdet - INFO - Epoch [20][6650/6976]	lr: 1.000e-03, eta: 3:25:16, time: 0.177, data_time: 0.009, memory: 13424, loss_cls: 0.3885, loss_bbox: 0.3670, loss_kps: 0.0000, loss: 0.7555
2026-09-23 21:48:09,442 - mmdet - INFO - Epoch [20][6700/6976]	lr: 1.000e-03, eta: 3:25:08, time: 0.179, data_time: 0.009, memory: 13424, loss_cls: 0.4127, loss_bbox: 0.3760, loss_kps: 0.0000, loss: 0.7887
2026-09-23 21:48:18,186 - mmdet - INFO - Epoch [20][6750/6976]	lr: 1.000e-03, eta: 3:24:59, time: 0.175, data_time: 0.010, memory: 13424, loss_cls: 0.3961, loss_bbox: 0.3820, loss_kps: 0.0000, loss: 0.7781
2026-09-23 21:48:27,031 - mmdet - INFO - Epoch [20][6800/6976]	lr: 1.000e-03, eta: 3:24:50, time: 0.177, data_time: 0.009, memory: 13424, loss_cls: 0.3969, loss_bbox: 0.3651, loss_kps: 0.0000, loss: 0.7620
2026-09-23 21:48:35,803 - mmdet - INFO - Epoch [20][6850/6976]	lr: 1.000e-03, eta: 3:24:41, time: 0.176, data_time: 0.009, memory: 13424, loss_cls: 0.4014, loss_bbox: 0.3735, loss_kps: 0.0000, loss: 0.7748
2026-09-23 21:48:44,538 - mmdet - INFO - Epoch [20][6900/6976]	lr: 1.000e-03, eta: 3:24:32, time: 0.175, data_time: 0.009, memory: 13424, loss_cls: 0.3849, loss_bbox: 0.3645, loss_kps: 0.0000, loss: 0.7494
2026-09-23 21:48:53,268 - mmdet - INFO - Epoch [20][6950/6976]	lr: 1.000e-03, eta: 3:24:24, time: 0.175, data_time: 0.010, memory: 13424, loss_cls: 0.4014, loss_bbox: 0.3832, loss_kps: 0.0000, loss: 0.7846
2026-09-23 21:48:57,912 - mmdet - INFO - Saving checkpoint at 20 epochs
2026-09-23 21:49:11,683 - mmdet - INFO - Epoch [21][50/6976]	lr: 1.000e-03, eta: 3:24:10, time: 0.271, data_time: 0.095, memory: 13424, loss_cls: 0.3728, loss_bbox: 0.3589, loss_kps: 0.0000, loss: 0.7317
2026-09-23 21:49:20,420 - mmdet - INFO - Epoch [21][100/6976]	lr: 1.000e-03, eta: 3:24:02, time: 0.175, data_time: 0.009, memory: 13424, loss_cls: 0.3731, loss_bbox: 0.3483, loss_kps: 0.0000, loss: 0.7214
2026-09-23 21:49:29,264 - mmdet - INFO - Epoch [21][150/6976]	lr: 1.000e-03, eta: 3:23:53, time: 0.177, data_time: 0.010, memory: 13424, loss_cls: 0.3937, loss_bbox: 0.3708, loss_kps: 0.0000, loss: 0.7645
2026-09-23 21:49:38,024 - mmdet - INFO - Epoch [21][200/6976]	lr: 1.000e-03, eta: 3:23:44, time: 0.175, data_time: 0.009, memory: 13424, loss_cls: 0.3796, loss_bbox: 0.3609, loss_kps: 0.0000, loss: 0.7406
2026-09-23 21:49:46,843 - mmdet - INFO - Epoch [21][250/6976]	lr: 1.000e-03, eta: 3:23:35, time: 0.176, data_time: 0.009, memory: 13424, loss_cls: 0.3715, loss_bbox: 0.3564, loss_kps: 0.0000, loss: 0.7279
2026-09-23 21:49:55,712 - mmdet - INFO - Epoch [21][300/6976]	lr: 1.000e-03, eta: 3:23:26, time: 0.177, data_time: 0.009, memory: 13424, loss_cls: 0.3881, loss_bbox: 0.3640, loss_kps: 0.0000, loss: 0.7521
2026-09-23 21:50:04,435 - mmdet - INFO - Epoch [21][350/6976]	lr: 1.000e-03, eta: 3:23:18, time: 0.175, data_time: 0.009, memory: 13424, loss_cls: 0.3964, loss_bbox: 0.3809, loss_kps: 0.0000, loss: 0.7773
2026-09-23 21:50:13,153 - mmdet - INFO - Epoch [21][400/6976]	lr: 1.000e-03, eta: 3:23:09, time: 0.174, data_time: 0.009, memory: 13424, loss_cls: 0.3962, loss_bbox: 0.3727, loss_kps: 0.0000, loss: 0.7688
2026-09-23 21:50:22,076 - mmdet - INFO - Epoch [21][450/6976]	lr: 1.000e-03, eta: 3:23:00, time: 0.178, data_time: 0.008, memory: 13424, loss_cls: 0.3898, loss_bbox: 0.3592, loss_kps: 0.0000, loss: 0.7490
2026-09-23 21:50:30,881 - mmdet - INFO - Epoch [21][500/6976]	lr: 1.000e-03, eta: 3:22:51, time: 0.176, data_time: 0.010, memory: 13424, loss_cls: 0.3984, loss_bbox: 0.3575, loss_kps: 0.0000, loss: 0.7560
2026-09-23 21:50:39,753 - mmdet - INFO - Epoch [21][550/6976]	lr: 1.000e-03, eta: 3:22:43, time: 0.177, data_time: 0.009, memory: 13424, loss_cls: 0.3957, loss_bbox: 0.3685, loss_kps: 0.0000, loss: 0.7642
2026-09-23 21:50:48,486 - mmdet - INFO - Epoch [21][600/6976]	lr: 1.000e-03, eta: 3:22:34, time: 0.175, data_time: 0.009, memory: 13424, loss_cls: 0.3947, loss_bbox: 0.3727, loss_kps: 0.0000, loss: 0.7675
2026-09-23 21:50:57,332 - mmdet - INFO - Epoch [21][650/6976]	lr: 1.000e-03, eta: 3:22:25, time: 0.177, data_time: 0.009, memory: 13424, loss_cls: 0.3994, loss_bbox: 0.3713, loss_kps: 0.0000, loss: 0.7707
2026-09-23 21:51:06,113 - mmdet - INFO - Epoch [21][700/6976]	lr: 1.000e-03, eta: 3:22:16, time: 0.176, data_time: 0.008, memory: 13424, loss_cls: 0.3933, loss_bbox: 0.3565, loss_kps: 0.0000, loss: 0.7498
2026-09-23 21:51:14,912 - mmdet - INFO - Epoch [21][750/6976]	lr: 1.000e-03, eta: 3:22:07, time: 0.176, data_time: 0.009, memory: 13424, loss_cls: 0.4009, loss_bbox: 0.3777, loss_kps: 0.0000, loss: 0.7786
2026-09-23 21:51:23,782 - mmdet - INFO - Epoch [21][800/6976]	lr: 1.000e-03, eta: 3:21:59, time: 0.177, data_time: 0.009, memory: 13424, loss_cls: 0.4089, loss_bbox: 0.3788, loss_kps: 0.0000, loss: 0.7877
2026-09-23 21:51:32,981 - mmdet - INFO - Epoch [21][850/6976]	lr: 1.000e-03, eta: 3:21:50, time: 0.184, data_time: 0.009, memory: 13424, loss_cls: 0.4146, loss_bbox: 0.3698, loss_kps: 0.0000, loss: 0.7844
2026-09-23 21:51:41,753 - mmdet - INFO - Epoch [21][900/6976]	lr: 1.000e-03, eta: 3:21:41, time: 0.176, data_time: 0.009, memory: 13424, loss_cls: 0.3754, loss_bbox: 0.3695, loss_kps: 0.0000, loss: 0.7449
2026-09-23 21:51:50,612 - mmdet - INFO - Epoch [21][950/6976]	lr: 1.000e-03, eta: 3:21:33, time: 0.177, data_time: 0.009, memory: 13424, loss_cls: 0.3717, loss_bbox: 0.3640, loss_kps: 0.0000, loss: 0.7357
2026-09-23 21:51:59,427 - mmdet - INFO - Epoch [21][1000/6976]	lr: 1.000e-03, eta: 3:21:24, time: 0.176, data_time: 0.009, memory: 13424, loss_cls: 0.4019, loss_bbox: 0.3772, loss_kps: 0.0000, loss: 0.7792
2026-09-23 21:52:08,310 - mmdet - INFO - Epoch [21][1050/6976]	lr: 1.000e-03, eta: 3:21:15, time: 0.178, data_time: 0.009, memory: 13424, loss_cls: 0.3911, loss_bbox: 0.3778, loss_kps: 0.0000, loss: 0.7688
2026-09-23 21:52:17,050 - mmdet - INFO - Epoch [21][1100/6976]	lr: 1.000e-03, eta: 3:21:06, time: 0.175, data_time: 0.009, memory: 13424, loss_cls: 0.3934, loss_bbox: 0.3732, loss_kps: 0.0000, loss: 0.7665
2026-09-23 21:52:25,831 - mmdet - INFO - Epoch [21][1150/6976]	lr: 1.000e-03, eta: 3:20:57, time: 0.176, data_time: 0.009, memory: 13424, loss_cls: 0.3902, loss_bbox: 0.3659, loss_kps: 0.0000, loss: 0.7561
2026-09-23 21:52:34,739 - mmdet - INFO - Epoch [21][1200/6976]	lr: 1.000e-03, eta: 3:20:49, time: 0.178, data_time: 0.009, memory: 13424, loss_cls: 0.3832, loss_bbox: 0.3551, loss_kps: 0.0000, loss: 0.7382
2026-09-23 21:52:43,579 - mmdet - INFO - Epoch [21][1250/6976]	lr: 1.000e-03, eta: 3:20:40, time: 0.177, data_time: 0.009, memory: 13424, loss_cls: 0.3817, loss_bbox: 0.3551, loss_kps: 0.0000, loss: 0.7368
2026-09-23 21:52:52,250 - mmdet - INFO - Epoch [21][1300/6976]	lr: 1.000e-03, eta: 3:20:31, time: 0.173, data_time: 0.009, memory: 13424, loss_cls: 0.3996, loss_bbox: 0.3762, loss_kps: 0.0000, loss: 0.7758
2026-09-23 21:53:00,998 - mmdet - INFO - Epoch [21][1350/6976]	lr: 1.000e-03, eta: 3:20:22, time: 0.175, data_time: 0.009, memory: 13424, loss_cls: 0.3817, loss_bbox: 0.3605, loss_kps: 0.0000, loss: 0.7422
2026-09-23 21:53:09,790 - mmdet - INFO - Epoch [21][1400/6976]	lr: 1.000e-03, eta: 3:20:14, time: 0.176, data_time: 0.009, memory: 13424, loss_cls: 0.3889, loss_bbox: 0.3852, loss_kps: 0.0000, loss: 0.7741
2026-09-23 21:53:18,555 - mmdet - INFO - Epoch [21][1450/6976]	lr: 1.000e-03, eta: 3:20:05, time: 0.175, data_time: 0.009, memory: 13424, loss_cls: 0.4217, loss_bbox: 0.3768, loss_kps: 0.0000, loss: 0.7985
2026-09-23 21:53:27,667 - mmdet - INFO - Epoch [21][1500/6976]	lr: 1.000e-03, eta: 3:19:56, time: 0.182, data_time: 0.009, memory: 13424, loss_cls: 0.3837, loss_bbox: 0.3578, loss_kps: 0.0000, loss: 0.7415
2026-09-23 21:53:36,573 - mmdet - INFO - Epoch [21][1550/6976]	lr: 1.000e-03, eta: 3:19:47, time: 0.178, data_time: 0.009, memory: 13424, loss_cls: 0.3949, loss_bbox: 0.3705, loss_kps: 0.0000, loss: 0.7654
2026-09-23 21:53:45,278 - mmdet - INFO - Epoch [21][1600/6976]	lr: 1.000e-03, eta: 3:19:39, time: 0.174, data_time: 0.009, memory: 13424, loss_cls: 0.3724, loss_bbox: 0.3613, loss_kps: 0.0000, loss: 0.7337
2026-09-23 21:53:54,079 - mmdet - INFO - Epoch [21][1650/6976]	lr: 1.000e-03, eta: 3:19:30, time: 0.176, data_time: 0.010, memory: 13424, loss_cls: 0.3863, loss_bbox: 0.3550, loss_kps: 0.0000, loss: 0.7413
2026-09-23 21:54:02,866 - mmdet - INFO - Epoch [21][1700/6976]	lr: 1.000e-03, eta: 3:19:21, time: 0.176, data_time: 0.009, memory: 13424, loss_cls: 0.4149, loss_bbox: 0.3801, loss_kps: 0.0000, loss: 0.7951
2026-09-23 21:54:11,619 - mmdet - INFO - Epoch [21][1750/6976]	lr: 1.000e-03, eta: 3:19:12, time: 0.175, data_time: 0.009, memory: 13424, loss_cls: 0.3904, loss_bbox: 0.3620, loss_kps: 0.0000, loss: 0.7524
2026-09-23 21:54:20,395 - mmdet - INFO - Epoch [21][1800/6976]	lr: 1.000e-03, eta: 3:19:03, time: 0.176, data_time: 0.010, memory: 13424, loss_cls: 0.3638, loss_bbox: 0.3423, loss_kps: 0.0000, loss: 0.7061
2026-09-23 21:54:29,638 - mmdet - INFO - Epoch [21][1850/6976]	lr: 1.000e-03, eta: 3:18:55, time: 0.185, data_time: 0.010, memory: 13424, loss_cls: 0.3946, loss_bbox: 0.3682, loss_kps: 0.0000, loss: 0.7628
2026-09-23 21:54:38,392 - mmdet - INFO - Epoch [21][1900/6976]	lr: 1.000e-03, eta: 3:18:46, time: 0.175, data_time: 0.010, memory: 13424, loss_cls: 0.3936, loss_bbox: 0.3644, loss_kps: 0.0000, loss: 0.7580
2026-09-23 21:54:47,181 - mmdet - INFO - Epoch [21][1950/6976]	lr: 1.000e-03, eta: 3:18:37, time: 0.176, data_time: 0.010, memory: 13424, loss_cls: 0.4117, loss_bbox: 0.3891, loss_kps: 0.0000, loss: 0.8007
2026-09-23 21:54:55,875 - mmdet - INFO - Epoch [21][2000/6976]	lr: 1.000e-03, eta: 3:18:28, time: 0.174, data_time: 0.010, memory: 13424, loss_cls: 0.3759, loss_bbox: 0.3667, loss_kps: 0.0000, loss: 0.7427
2026-09-23 21:55:04,487 - mmdet - INFO - Epoch [21][2050/6976]	lr: 1.000e-03, eta: 3:18:20, time: 0.172, data_time: 0.010, memory: 13424, loss_cls: 0.4094, loss_bbox: 0.3500, loss_kps: 0.0000, loss: 0.7593
2026-09-23 21:55:13,248 - mmdet - INFO - Epoch [21][2100/6976]	lr: 1.000e-03, eta: 3:18:11, time: 0.175, data_time: 0.010, memory: 13424, loss_cls: 0.4014, loss_bbox: 0.3721, loss_kps: 0.0000, loss: 0.7734
2026-09-23 21:55:22,023 - mmdet - INFO - Epoch [21][2150/6976]	lr: 1.000e-03, eta: 3:18:02, time: 0.176, data_time: 0.010, memory: 13424, loss_cls: 0.3910, loss_bbox: 0.3634, loss_kps: 0.0000, loss: 0.7544
2026-09-23 21:55:30,687 - mmdet - INFO - Epoch [21][2200/6976]	lr: 1.000e-03, eta: 3:17:53, time: 0.173, data_time: 0.009, memory: 13424, loss_cls: 0.4024, loss_bbox: 0.3742, loss_kps: 0.0000, loss: 0.7767
2026-09-23 21:55:39,489 - mmdet - INFO - Epoch [21][2250/6976]	lr: 1.000e-03, eta: 3:17:44, time: 0.176, data_time: 0.010, memory: 13424, loss_cls: 0.3891, loss_bbox: 0.3649, loss_kps: 0.0000, loss: 0.7540
2026-09-23 21:55:48,344 - mmdet - INFO - Epoch [21][2300/6976]	lr: 1.000e-03, eta: 3:17:36, time: 0.177, data_time: 0.010, memory: 13424, loss_cls: 0.3831, loss_bbox: 0.3659, loss_kps: 0.0000, loss: 0.7490
2026-09-23 21:55:57,493 - mmdet - INFO - Epoch [21][2350/6976]	lr: 1.000e-03, eta: 3:17:27, time: 0.183, data_time: 0.010, memory: 13424, loss_cls: 0.3921, loss_bbox: 0.3616, loss_kps: 0.0000, loss: 0.7537
2026-09-23 21:56:06,283 - mmdet - INFO - Epoch [21][2400/6976]	lr: 1.000e-03, eta: 3:17:18, time: 0.176, data_time: 0.010, memory: 13424, loss_cls: 0.3931, loss_bbox: 0.3599, loss_kps: 0.0000, loss: 0.7530
2026-09-23 21:56:14,970 - mmdet - INFO - Epoch [21][2450/6976]	lr: 1.000e-03, eta: 3:17:09, time: 0.174, data_time: 0.009, memory: 13424, loss_cls: 0.3672, loss_bbox: 0.3569, loss_kps: 0.0000, loss: 0.7241
2026-09-23 21:56:23,649 - mmdet - INFO - Epoch [21][2500/6976]	lr: 1.000e-03, eta: 3:17:00, time: 0.174, data_time: 0.010, memory: 13424, loss_cls: 0.3925, loss_bbox: 0.3711, loss_kps: 0.0000, loss: 0.7636
2026-09-23 21:56:32,368 - mmdet - INFO - Epoch [21][2550/6976]	lr: 1.000e-03, eta: 3:16:52, time: 0.174, data_time: 0.010, memory: 13424, loss_cls: 0.3845, loss_bbox: 0.3593, loss_kps: 0.0000, loss: 0.7438
2026-09-23 21:56:41,112 - mmdet - INFO - Epoch [21][2600/6976]	lr: 1.000e-03, eta: 3:16:43, time: 0.175, data_time: 0.010, memory: 13424, loss_cls: 0.3997, loss_bbox: 0.3714, loss_kps: 0.0000, loss: 0.7712
2026-09-23 21:56:49,906 - mmdet - INFO - Epoch [21][2650/6976]	lr: 1.000e-03, eta: 3:16:34, time: 0.176, data_time: 0.009, memory: 13424, loss_cls: 0.3649, loss_bbox: 0.3632, loss_kps: 0.0000, loss: 0.7281
2026-09-23 21:56:58,644 - mmdet - INFO - Epoch [21][2700/6976]	lr: 1.000e-03, eta: 3:16:25, time: 0.175, data_time: 0.010, memory: 13424, loss_cls: 0.3980, loss_bbox: 0.3890, loss_kps: 0.0000, loss: 0.7870
2026-09-23 21:57:07,358 - mmdet - INFO - Epoch [21][2750/6976]	lr: 1.000e-03, eta: 3:16:16, time: 0.174, data_time: 0.010, memory: 13424, loss_cls: 0.3916, loss_bbox: 0.3798, loss_kps: 0.0000, loss: 0.7714
2026-09-23 21:57:16,061 - mmdet - INFO - Epoch [21][2800/6976]	lr: 1.000e-03, eta: 3:16:08, time: 0.174, data_time: 0.010, memory: 13424, loss_cls: 0.3895, loss_bbox: 0.3806, loss_kps: 0.0000, loss: 0.7700
2026-09-23 21:57:24,797 - mmdet - INFO - Epoch [21][2850/6976]	lr: 1.000e-03, eta: 3:15:59, time: 0.175, data_time: 0.009, memory: 13424, loss_cls: 0.3917, loss_bbox: 0.3749, loss_kps: 0.0000, loss: 0.7665
2026-09-23 21:57:33,555 - mmdet - INFO - Epoch [21][2900/6976]	lr: 1.000e-03, eta: 3:15:50, time: 0.175, data_time: 0.010, memory: 13424, loss_cls: 0.4009, loss_bbox: 0.3710, loss_kps: 0.0000, loss: 0.7719
2026-09-23 21:57:42,294 - mmdet - INFO - Epoch [21][2950/6976]	lr: 1.000e-03, eta: 3:15:41, time: 0.175, data_time: 0.010, memory: 13424, loss_cls: 0.3898, loss_bbox: 0.3773, loss_kps: 0.0000, loss: 0.7671
2026-09-23 21:57:51,127 - mmdet - INFO - Epoch [21][3000/6976]	lr: 1.000e-03, eta: 3:15:32, time: 0.177, data_time: 0.009, memory: 13424, loss_cls: 0.3824, loss_bbox: 0.3759, loss_kps: 0.0000, loss: 0.7583
2026-09-23 21:57:59,743 - mmdet - INFO - Epoch [21][3050/6976]	lr: 1.000e-03, eta: 3:15:24, time: 0.172, data_time: 0.010, memory: 13424, loss_cls: 0.3944, loss_bbox: 0.3680, loss_kps: 0.0000, loss: 0.7624
2026-09-23 21:58:08,467 - mmdet - INFO - Epoch [21][3100/6976]	lr: 1.000e-03, eta: 3:15:15, time: 0.175, data_time: 0.010, memory: 13424, loss_cls: 0.3856, loss_bbox: 0.3740, loss_kps: 0.0000, loss: 0.7596
2026-09-23 21:58:17,292 - mmdet - INFO - Epoch [21][3150/6976]	lr: 1.000e-03, eta: 3:15:06, time: 0.176, data_time: 0.010, memory: 13424, loss_cls: 0.4005, loss_bbox: 0.3763, loss_kps: 0.0000, loss: 0.7768
2026-09-23 21:58:26,101 - mmdet - INFO - Epoch [21][3200/6976]	lr: 1.000e-03, eta: 3:14:57, time: 0.176, data_time: 0.009, memory: 13424, loss_cls: 0.3878, loss_bbox: 0.3671, loss_kps: 0.0000, loss: 0.7549
2026-09-23 21:58:34,889 - mmdet - INFO - Epoch [21][3250/6976]	lr: 1.000e-03, eta: 3:14:48, time: 0.176, data_time: 0.010, memory: 13424, loss_cls: 0.3928, loss_bbox: 0.3624, loss_kps: 0.0000, loss: 0.7552
2026-09-23 21:58:43,652 - mmdet - INFO - Epoch [21][3300/6976]	lr: 1.000e-03, eta: 3:14:40, time: 0.175, data_time: 0.010, memory: 13424, loss_cls: 0.3811, loss_bbox: 0.3733, loss_kps: 0.0000, loss: 0.7543
2026-09-23 21:58:52,450 - mmdet - INFO - Epoch [21][3350/6976]	lr: 1.000e-03, eta: 3:14:31, time: 0.176, data_time: 0.010, memory: 13424, loss_cls: 0.3980, loss_bbox: 0.3660, loss_kps: 0.0000, loss: 0.7640
2026-09-23 21:59:01,222 - mmdet - INFO - Epoch [21][3400/6976]	lr: 1.000e-03, eta: 3:14:22, time: 0.175, data_time: 0.010, memory: 13424, loss_cls: 0.3964, loss_bbox: 0.3801, loss_kps: 0.0000, loss: 0.7765
2026-09-23 21:59:09,955 - mmdet - INFO - Epoch [21][3450/6976]	lr: 1.000e-03, eta: 3:14:13, time: 0.175, data_time: 0.010, memory: 13424, loss_cls: 0.3901, loss_bbox: 0.3603, loss_kps: 0.0000, loss: 0.7504
2026-09-23 21:59:18,817 - mmdet - INFO - Epoch [21][3500/6976]	lr: 1.000e-03, eta: 3:14:04, time: 0.177, data_time: 0.010, memory: 13424, loss_cls: 0.4228, loss_bbox: 0.3736, loss_kps: 0.0000, loss: 0.7964
2026-09-23 21:59:27,488 - mmdet - INFO - Epoch [21][3550/6976]	lr: 1.000e-03, eta: 3:13:56, time: 0.174, data_time: 0.010, memory: 13424, loss_cls: 0.3905, loss_bbox: 0.3646, loss_kps: 0.0000, loss: 0.7551
2026-09-23 21:59:36,171 - mmdet - INFO - Epoch [21][3600/6976]	lr: 1.000e-03, eta: 3:13:47, time: 0.174, data_time: 0.010, memory: 13424, loss_cls: 0.4060, loss_bbox: 0.3697, loss_kps: 0.0000, loss: 0.7757
2026-09-23 21:59:44,761 - mmdet - INFO - Epoch [21][3650/6976]	lr: 1.000e-03, eta: 3:13:38, time: 0.172, data_time: 0.009, memory: 13424, loss_cls: 0.3795, loss_bbox: 0.3599, loss_kps: 0.0000, loss: 0.7395
2026-09-23 21:59:53,595 - mmdet - INFO - Epoch [21][3700/6976]	lr: 1.000e-03, eta: 3:13:29, time: 0.177, data_time: 0.009, memory: 13424, loss_cls: 0.4006, loss_bbox: 0.3689, loss_kps: 0.0000, loss: 0.7696
2026-09-23 22:00:02,453 - mmdet - INFO - Epoch [21][3750/6976]	lr: 1.000e-03, eta: 3:13:20, time: 0.177, data_time: 0.010, memory: 13424, loss_cls: 0.3985, loss_bbox: 0.3780, loss_kps: 0.0000, loss: 0.7765
2026-09-23 22:00:11,132 - mmdet - INFO - Epoch [21][3800/6976]	lr: 1.000e-03, eta: 3:13:12, time: 0.174, data_time: 0.010, memory: 13424, loss_cls: 0.3894, loss_bbox: 0.3697, loss_kps: 0.0000, loss: 0.7591
2026-09-23 22:00:19,962 - mmdet - INFO - Epoch [21][3850/6976]	lr: 1.000e-03, eta: 3:13:03, time: 0.177, data_time: 0.010, memory: 13424, loss_cls: 0.4041, loss_bbox: 0.3682, loss_kps: 0.0000, loss: 0.7724
2026-09-23 22:00:28,631 - mmdet - INFO - Epoch [21][3900/6976]	lr: 1.000e-03, eta: 3:12:54, time: 0.173, data_time: 0.010, memory: 13424, loss_cls: 0.4087, loss_bbox: 0.3806, loss_kps: 0.0000, loss: 0.7892
2026-09-23 22:00:37,692 - mmdet - INFO - Epoch [21][3950/6976]	lr: 1.000e-03, eta: 3:12:45, time: 0.181, data_time: 0.010, memory: 13424, loss_cls: 0.4083, loss_bbox: 0.3848, loss_kps: 0.0000, loss: 0.7931
2026-09-23 22:00:46,461 - mmdet - INFO - Epoch [21][4000/6976]	lr: 1.000e-03, eta: 3:12:36, time: 0.175, data_time: 0.010, memory: 13424, loss_cls: 0.3842, loss_bbox: 0.3700, loss_kps: 0.0000, loss: 0.7542
2026-09-23 22:00:55,201 - mmdet - INFO - Epoch [21][4050/6976]	lr: 1.000e-03, eta: 3:12:28, time: 0.175, data_time: 0.010, memory: 13424, loss_cls: 0.3911, loss_bbox: 0.3745, loss_kps: 0.0000, loss: 0.7655
2026-09-23 22:01:03,913 - mmdet - INFO - Epoch [21][4100/6976]	lr: 1.000e-03, eta: 3:12:19, time: 0.174, data_time: 0.010, memory: 13424, loss_cls: 0.3889, loss_bbox: 0.3771, loss_kps: 0.0000, loss: 0.7660
2026-09-23 22:01:12,686 - mmdet - INFO - Epoch [21][4150/6976]	lr: 1.000e-03, eta: 3:12:10, time: 0.175, data_time: 0.010, memory: 13424, loss_cls: 0.3946, loss_bbox: 0.3803, loss_kps: 0.0000, loss: 0.7750
2026-09-23 22:01:21,407 - mmdet - INFO - Epoch [21][4200/6976]	lr: 1.000e-03, eta: 3:12:01, time: 0.174, data_time: 0.010, memory: 13424, loss_cls: 0.4180, loss_bbox: 0.3808, loss_kps: 0.0000, loss: 0.7988
2026-09-23 22:01:30,165 - mmdet - INFO - Epoch [21][4250/6976]	lr: 1.000e-03, eta: 3:11:52, time: 0.175, data_time: 0.010, memory: 13424, loss_cls: 0.3910, loss_bbox: 0.3759, loss_kps: 0.0000, loss: 0.7669
2026-09-23 22:01:38,887 - mmdet - INFO - Epoch [21][4300/6976]	lr: 1.000e-03, eta: 3:11:44, time: 0.174, data_time: 0.010, memory: 13424, loss_cls: 0.4149, loss_bbox: 0.3777, loss_kps: 0.0000, loss: 0.7925
2026-09-23 22:01:47,950 - mmdet - INFO - Epoch [21][4350/6976]	lr: 1.000e-03, eta: 3:11:35, time: 0.181, data_time: 0.010, memory: 13424, loss_cls: 0.4062, loss_bbox: 0.3685, loss_kps: 0.0000, loss: 0.7747
2026-09-23 22:01:56,771 - mmdet - INFO - Epoch [21][4400/6976]	lr: 1.000e-03, eta: 3:11:26, time: 0.176, data_time: 0.010, memory: 13424, loss_cls: 0.3774, loss_bbox: 0.3531, loss_kps: 0.0000, loss: 0.7305
2026-09-23 22:02:05,580 - mmdet - INFO - Epoch [21][4450/6976]	lr: 1.000e-03, eta: 3:11:17, time: 0.176, data_time: 0.010, memory: 13424, loss_cls: 0.4115, loss_bbox: 0.3723, loss_kps: 0.0000, loss: 0.7837
2026-09-23 22:02:14,414 - mmdet - INFO - Epoch [21][4500/6976]	lr: 1.000e-03, eta: 3:11:09, time: 0.177, data_time: 0.010, memory: 13424, loss_cls: 0.3946, loss_bbox: 0.3681, loss_kps: 0.0000, loss: 0.7627
2026-09-23 22:02:23,133 - mmdet - INFO - Epoch [21][4550/6976]	lr: 1.000e-03, eta: 3:11:00, time: 0.174, data_time: 0.010, memory: 13424, loss_cls: 0.3925, loss_bbox: 0.3587, loss_kps: 0.0000, loss: 0.7511
2026-09-23 22:02:31,839 - mmdet - INFO - Epoch [21][4600/6976]	lr: 1.000e-03, eta: 3:10:51, time: 0.174, data_time: 0.009, memory: 13424, loss_cls: 0.3722, loss_bbox: 0.3727, loss_kps: 0.0000, loss: 0.7449
2026-09-23 22:02:40,546 - mmdet - INFO - Epoch [21][4650/6976]	lr: 1.000e-03, eta: 3:10:42, time: 0.174, data_time: 0.010, memory: 13424, loss_cls: 0.3980, loss_bbox: 0.3687, loss_kps: 0.0000, loss: 0.7667
2026-09-23 22:02:49,314 - mmdet - INFO - Epoch [21][4700/6976]	lr: 1.000e-03, eta: 3:10:33, time: 0.175, data_time: 0.010, memory: 13424, loss_cls: 0.3846, loss_bbox: 0.3773, loss_kps: 0.0000, loss: 0.7619
2026-09-23 22:02:58,079 - mmdet - INFO - Epoch [21][4750/6976]	lr: 1.000e-03, eta: 3:10:25, time: 0.175, data_time: 0.010, memory: 13424, loss_cls: 0.3982, loss_bbox: 0.3752, loss_kps: 0.0000, loss: 0.7734
2026-09-23 22:03:06,860 - mmdet - INFO - Epoch [21][4800/6976]	lr: 1.000e-03, eta: 3:10:16, time: 0.176, data_time: 0.010, memory: 13424, loss_cls: 0.3664, loss_bbox: 0.3613, loss_kps: 0.0000, loss: 0.7277
2026-09-23 22:03:15,581 - mmdet - INFO - Epoch [21][4850/6976]	lr: 1.000e-03, eta: 3:10:07, time: 0.174, data_time: 0.010, memory: 13424, loss_cls: 0.3935, loss_bbox: 0.3727, loss_kps: 0.0000, loss: 0.7663
2026-09-23 22:03:24,285 - mmdet - INFO - Epoch [21][4900/6976]	lr: 1.000e-03, eta: 3:09:58, time: 0.174, data_time: 0.010, memory: 13424, loss_cls: 0.3999, loss_bbox: 0.3693, loss_kps: 0.0000, loss: 0.7692
2026-09-23 22:03:33,065 - mmdet - INFO - Epoch [21][4950/6976]	lr: 1.000e-03, eta: 3:09:49, time: 0.176, data_time: 0.009, memory: 13424, loss_cls: 0.3911, loss_bbox: 0.3644, loss_kps: 0.0000, loss: 0.7555
2026-09-23 22:03:41,754 - mmdet - INFO - Epoch [21][5000/6976]	lr: 1.000e-03, eta: 3:09:41, time: 0.174, data_time: 0.010, memory: 13424, loss_cls: 0.3893, loss_bbox: 0.3636, loss_kps: 0.0000, loss: 0.7529
2026-09-23 22:03:50,494 - mmdet - INFO - Epoch [21][5050/6976]	lr: 1.000e-03, eta: 3:09:32, time: 0.175, data_time: 0.009, memory: 13424, loss_cls: 0.4114, loss_bbox: 0.3818, loss_kps: 0.0000, loss: 0.7932
2026-09-23 22:03:59,253 - mmdet - INFO - Epoch [21][5100/6976]	lr: 1.000e-03, eta: 3:09:23, time: 0.175, data_time: 0.010, memory: 13424, loss_cls: 0.3984, loss_bbox: 0.3697, loss_kps: 0.0000, loss: 0.7681
2026-09-23 22:04:07,977 - mmdet - INFO - Epoch [21][5150/6976]	lr: 1.000e-03, eta: 3:09:14, time: 0.175, data_time: 0.010, memory: 13424, loss_cls: 0.4004, loss_bbox: 0.3764, loss_kps: 0.0000, loss: 0.7768
2026-09-23 22:04:16,666 - mmdet - INFO - Epoch [21][5200/6976]	lr: 1.000e-03, eta: 3:09:05, time: 0.174, data_time: 0.010, memory: 13424, loss_cls: 0.3878, loss_bbox: 0.3664, loss_kps: 0.0000, loss: 0.7543
2026-09-23 22:04:25,402 - mmdet - INFO - Epoch [21][5250/6976]	lr: 1.000e-03, eta: 3:08:56, time: 0.175, data_time: 0.010, memory: 13424, loss_cls: 0.3909, loss_bbox: 0.3668, loss_kps: 0.0000, loss: 0.7577
2026-09-23 22:04:34,198 - mmdet - INFO - Epoch [21][5300/6976]	lr: 1.000e-03, eta: 3:08:48, time: 0.176, data_time: 0.010, memory: 13424, loss_cls: 0.3568, loss_bbox: 0.3705, loss_kps: 0.0000, loss: 0.7273
2026-09-23 22:04:42,949 - mmdet - INFO - Epoch [21][5350/6976]	lr: 1.000e-03, eta: 3:08:39, time: 0.175, data_time: 0.010, memory: 13424, loss_cls: 0.4201, loss_bbox: 0.3716, loss_kps: 0.0000, loss: 0.7918
2026-09-23 22:04:51,686 - mmdet - INFO - Epoch [21][5400/6976]	lr: 1.000e-03, eta: 3:08:30, time: 0.175, data_time: 0.010, memory: 13424, loss_cls: 0.3865, loss_bbox: 0.3624, loss_kps: 0.0000, loss: 0.7489
2026-09-23 22:05:00,429 - mmdet - INFO - Epoch [21][5450/6976]	lr: 1.000e-03, eta: 3:08:21, time: 0.175, data_time: 0.009, memory: 13424, loss_cls: 0.3898, loss_bbox: 0.3603, loss_kps: 0.0000, loss: 0.7500
2026-09-23 22:05:09,192 - mmdet - INFO - Epoch [21][5500/6976]	lr: 1.000e-03, eta: 3:08:12, time: 0.175, data_time: 0.010, memory: 13424, loss_cls: 0.4030, loss_bbox: 0.3783, loss_kps: 0.0000, loss: 0.7813
2026-09-23 22:05:17,918 - mmdet - INFO - Epoch [21][5550/6976]	lr: 1.000e-03, eta: 3:08:04, time: 0.175, data_time: 0.010, memory: 13424, loss_cls: 0.3628, loss_bbox: 0.3545, loss_kps: 0.0000, loss: 0.7173
2026-09-23 22:05:26,647 - mmdet - INFO - Epoch [21][5600/6976]	lr: 1.000e-03, eta: 3:07:55, time: 0.175, data_time: 0.010, memory: 13424, loss_cls: 0.4107, loss_bbox: 0.3639, loss_kps: 0.0000, loss: 0.7746
2026-09-23 22:05:35,350 - mmdet - INFO - Epoch [21][5650/6976]	lr: 1.000e-03, eta: 3:07:46, time: 0.174, data_time: 0.010, memory: 13424, loss_cls: 0.3951, loss_bbox: 0.3679, loss_kps: 0.0000, loss: 0.7630
2026-09-23 22:05:44,202 - mmdet - INFO - Epoch [21][5700/6976]	lr: 1.000e-03, eta: 3:07:37, time: 0.177, data_time: 0.010, memory: 13424, loss_cls: 0.3970, loss_bbox: 0.3656, loss_kps: 0.0000, loss: 0.7626
2026-09-23 22:05:52,975 - mmdet - INFO - Epoch [21][5750/6976]	lr: 1.000e-03, eta: 3:07:28, time: 0.175, data_time: 0.010, memory: 13424, loss_cls: 0.3923, loss_bbox: 0.3673, loss_kps: 0.0000, loss: 0.7596
2026-09-23 22:06:01,694 - mmdet - INFO - Epoch [21][5800/6976]	lr: 1.000e-03, eta: 3:07:20, time: 0.175, data_time: 0.010, memory: 13424, loss_cls: 0.3955, loss_bbox: 0.3815, loss_kps: 0.0000, loss: 0.7770
2026-09-23 22:06:10,466 - mmdet - INFO - Epoch [21][5850/6976]	lr: 1.000e-03, eta: 3:07:11, time: 0.175, data_time: 0.010, memory: 13424, loss_cls: 0.3950, loss_bbox: 0.3703, loss_kps: 0.0000, loss: 0.7653
2026-09-23 22:06:19,284 - mmdet - INFO - Epoch [21][5900/6976]	lr: 1.000e-03, eta: 3:07:02, time: 0.176, data_time: 0.010, memory: 13424, loss_cls: 0.3895, loss_bbox: 0.3662, loss_kps: 0.0000, loss: 0.7558
2026-09-23 22:06:28,393 - mmdet - INFO - Epoch [21][5950/6976]	lr: 1.000e-03, eta: 3:06:53, time: 0.182, data_time: 0.010, memory: 13424, loss_cls: 0.3855, loss_bbox: 0.3684, loss_kps: 0.0000, loss: 0.7539
2026-09-23 22:06:37,107 - mmdet - INFO - Epoch [21][6000/6976]	lr: 1.000e-03, eta: 3:06:45, time: 0.174, data_time: 0.010, memory: 13424, loss_cls: 0.3896, loss_bbox: 0.3775, loss_kps: 0.0000, loss: 0.7670
2026-09-23 22:06:45,784 - mmdet - INFO - Epoch [21][6050/6976]	lr: 1.000e-03, eta: 3:06:36, time: 0.174, data_time: 0.010, memory: 13424, loss_cls: 0.3683, loss_bbox: 0.3519, loss_kps: 0.0000, loss: 0.7202
2026-09-23 22:06:54,437 - mmdet - INFO - Epoch [21][6100/6976]	lr: 1.000e-03, eta: 3:06:27, time: 0.173, data_time: 0.010, memory: 13424, loss_cls: 0.3978, loss_bbox: 0.3603, loss_kps: 0.0000, loss: 0.7582
2026-09-23 22:07:03,142 - mmdet - INFO - Epoch [21][6150/6976]	lr: 1.000e-03, eta: 3:06:18, time: 0.174, data_time: 0.010, memory: 13424, loss_cls: 0.3794, loss_bbox: 0.3556, loss_kps: 0.0000, loss: 0.7350
2026-09-23 22:07:11,898 - mmdet - INFO - Epoch [21][6200/6976]	lr: 1.000e-03, eta: 3:06:09, time: 0.175, data_time: 0.010, memory: 13424, loss_cls: 0.4227, loss_bbox: 0.3776, loss_kps: 0.0000, loss: 0.8003
2026-09-23 22:07:20,557 - mmdet - INFO - Epoch [21][6250/6976]	lr: 1.000e-03, eta: 3:06:00, time: 0.173, data_time: 0.010, memory: 13424, loss_cls: 0.4006, loss_bbox: 0.3701, loss_kps: 0.0000, loss: 0.7707
2026-09-23 22:07:29,440 - mmdet - INFO - Epoch [21][6300/6976]	lr: 1.000e-03, eta: 3:05:52, time: 0.178, data_time: 0.010, memory: 13424, loss_cls: 0.3824, loss_bbox: 0.3690, loss_kps: 0.0000, loss: 0.7514
2026-09-23 22:07:38,469 - mmdet - INFO - Epoch [21][6350/6976]	lr: 1.000e-03, eta: 3:05:43, time: 0.181, data_time: 0.016, memory: 13424, loss_cls: 0.4007, loss_bbox: 0.3762, loss_kps: 0.0000, loss: 0.7769
2026-09-23 22:07:47,188 - mmdet - INFO - Epoch [21][6400/6976]	lr: 1.000e-03, eta: 3:05:34, time: 0.174, data_time: 0.009, memory: 13424, loss_cls: 0.3851, loss_bbox: 0.3681, loss_kps: 0.0000, loss: 0.7532
2026-09-23 22:07:56,069 - mmdet - INFO - Epoch [21][6450/6976]	lr: 1.000e-03, eta: 3:05:25, time: 0.177, data_time: 0.009, memory: 13424, loss_cls: 0.3897, loss_bbox: 0.3600, loss_kps: 0.0000, loss: 0.7497
2026-09-23 22:08:04,915 - mmdet - INFO - Epoch [21][6500/6976]	lr: 1.000e-03, eta: 3:05:17, time: 0.177, data_time: 0.010, memory: 13424, loss_cls: 0.4138, loss_bbox: 0.3778, loss_kps: 0.0000, loss: 0.7916
2026-09-23 22:08:13,732 - mmdet - INFO - Epoch [21][6550/6976]	lr: 1.000e-03, eta: 3:05:08, time: 0.176, data_time: 0.009, memory: 13424, loss_cls: 0.4071, loss_bbox: 0.3827, loss_kps: 0.0000, loss: 0.7898
2026-09-23 22:08:22,573 - mmdet - INFO - Epoch [21][6600/6976]	lr: 1.000e-03, eta: 3:04:59, time: 0.177, data_time: 0.009, memory: 13424, loss_cls: 0.3935, loss_bbox: 0.3739, loss_kps: 0.0000, loss: 0.7673
2026-09-23 22:08:31,306 - mmdet - INFO - Epoch [21][6650/6976]	lr: 1.000e-03, eta: 3:04:50, time: 0.175, data_time: 0.010, memory: 13424, loss_cls: 0.4009, loss_bbox: 0.3768, loss_kps: 0.0000, loss: 0.7778
2026-09-23 22:08:40,291 - mmdet - INFO - Epoch [21][6700/6976]	lr: 1.000e-03, eta: 3:04:42, time: 0.180, data_time: 0.008, memory: 13424, loss_cls: 0.3947, loss_bbox: 0.3627, loss_kps: 0.0000, loss: 0.7574
2026-09-23 22:08:49,061 - mmdet - INFO - Epoch [21][6750/6976]	lr: 1.000e-03, eta: 3:04:33, time: 0.175, data_time: 0.010, memory: 13424, loss_cls: 0.3880, loss_bbox: 0.3714, loss_kps: 0.0000, loss: 0.7594
2026-09-23 22:08:57,788 - mmdet - INFO - Epoch [21][6800/6976]	lr: 1.000e-03, eta: 3:04:24, time: 0.175, data_time: 0.010, memory: 13424, loss_cls: 0.3966, loss_bbox: 0.3765, loss_kps: 0.0000, loss: 0.7731
2026-09-23 22:09:06,565 - mmdet - INFO - Epoch [21][6850/6976]	lr: 1.000e-03, eta: 3:04:15, time: 0.176, data_time: 0.010, memory: 13424, loss_cls: 0.3969, loss_bbox: 0.3607, loss_kps: 0.0000, loss: 0.7576
2026-09-23 22:09:15,269 - mmdet - INFO - Epoch [21][6900/6976]	lr: 1.000e-03, eta: 3:04:06, time: 0.174, data_time: 0.010, memory: 13424, loss_cls: 0.4106, loss_bbox: 0.3617, loss_kps: 0.0000, loss: 0.7724
2026-09-23 22:09:24,114 - mmdet - INFO - Epoch [21][6950/6976]	lr: 1.000e-03, eta: 3:03:58, time: 0.177, data_time: 0.010, memory: 13424, loss_cls: 0.3995, loss_bbox: 0.3747, loss_kps: 0.0000, loss: 0.7741
2026-09-23 22:09:28,757 - mmdet - INFO - Saving checkpoint at 21 epochs
2026-09-23 22:09:42,781 - mmdet - INFO - Epoch [22][50/6976]	lr: 1.000e-04, eta: 3:03:44, time: 0.276, data_time: 0.096, memory: 13424, loss_cls: 0.4069, loss_bbox: 0.3604, loss_kps: 0.0000, loss: 0.7673
2026-09-23 22:09:51,521 - mmdet - INFO - Epoch [22][100/6976]	lr: 1.000e-04, eta: 3:03:36, time: 0.175, data_time: 0.009, memory: 13424, loss_cls: 0.4004, loss_bbox: 0.3694, loss_kps: 0.0000, loss: 0.7698
2026-09-23 22:10:00,366 - mmdet - INFO - Epoch [22][150/6976]	lr: 1.000e-04, eta: 3:03:27, time: 0.177, data_time: 0.009, memory: 13424, loss_cls: 0.3952, loss_bbox: 0.3611, loss_kps: 0.0000, loss: 0.7563
2026-09-23 22:10:09,138 - mmdet - INFO - Epoch [22][200/6976]	lr: 1.000e-04, eta: 3:03:18, time: 0.175, data_time: 0.009, memory: 13424, loss_cls: 0.3844, loss_bbox: 0.3577, loss_kps: 0.0000, loss: 0.7421
2026-09-23 22:10:17,896 - mmdet - INFO - Epoch [22][250/6976]	lr: 1.000e-04, eta: 3:03:09, time: 0.175, data_time: 0.009, memory: 13424, loss_cls: 0.3835, loss_bbox: 0.3684, loss_kps: 0.0000, loss: 0.7520
2026-09-23 22:10:26,628 - mmdet - INFO - Epoch [22][300/6976]	lr: 1.000e-04, eta: 3:03:01, time: 0.175, data_time: 0.009, memory: 13424, loss_cls: 0.3859, loss_bbox: 0.3483, loss_kps: 0.0000, loss: 0.7341
2026-09-23 22:10:35,339 - mmdet - INFO - Epoch [22][350/6976]	lr: 1.000e-04, eta: 3:02:52, time: 0.174, data_time: 0.009, memory: 13424, loss_cls: 0.3927, loss_bbox: 0.3655, loss_kps: 0.0000, loss: 0.7583
2026-09-23 22:10:44,194 - mmdet - INFO - Epoch [22][400/6976]	lr: 1.000e-04, eta: 3:02:43, time: 0.177, data_time: 0.009, memory: 13424, loss_cls: 0.3750, loss_bbox: 0.3463, loss_kps: 0.0000, loss: 0.7213
2026-09-23 22:10:52,884 - mmdet - INFO - Epoch [22][450/6976]	lr: 1.000e-04, eta: 3:02:34, time: 0.174, data_time: 0.009, memory: 13424, loss_cls: 0.3801, loss_bbox: 0.3614, loss_kps: 0.0000, loss: 0.7414
2026-09-23 22:11:01,606 - mmdet - INFO - Epoch [22][500/6976]	lr: 1.000e-04, eta: 3:02:25, time: 0.175, data_time: 0.009, memory: 13424, loss_cls: 0.3803, loss_bbox: 0.3610, loss_kps: 0.0000, loss: 0.7413
2026-09-23 22:11:10,339 - mmdet - INFO - Epoch [22][550/6976]	lr: 1.000e-04, eta: 3:02:16, time: 0.175, data_time: 0.009, memory: 13424, loss_cls: 0.3987, loss_bbox: 0.3817, loss_kps: 0.0000, loss: 0.7804
2026-09-23 22:11:19,438 - mmdet - INFO - Epoch [22][600/6976]	lr: 1.000e-04, eta: 3:02:08, time: 0.182, data_time: 0.009, memory: 13424, loss_cls: 0.3954, loss_bbox: 0.3662, loss_kps: 0.0000, loss: 0.7616
2026-09-23 22:11:28,296 - mmdet - INFO - Epoch [22][650/6976]	lr: 1.000e-04, eta: 3:01:59, time: 0.177, data_time: 0.009, memory: 13424, loss_cls: 0.4006, loss_bbox: 0.3584, loss_kps: 0.0000, loss: 0.7590
2026-09-23 22:11:37,211 - mmdet - INFO - Epoch [22][700/6976]	lr: 1.000e-04, eta: 3:01:50, time: 0.178, data_time: 0.009, memory: 13424, loss_cls: 0.3843, loss_bbox: 0.3655, loss_kps: 0.0000, loss: 0.7498
2026-09-23 22:11:45,925 - mmdet - INFO - Epoch [22][750/6976]	lr: 1.000e-04, eta: 3:01:42, time: 0.174, data_time: 0.009, memory: 13424, loss_cls: 0.3682, loss_bbox: 0.3627, loss_kps: 0.0000, loss: 0.7310
2026-09-23 22:11:54,675 - mmdet - INFO - Epoch [22][800/6976]	lr: 1.000e-04, eta: 3:01:33, time: 0.175, data_time: 0.009, memory: 13424, loss_cls: 0.3701, loss_bbox: 0.3619, loss_kps: 0.0000, loss: 0.7320
2026-09-23 22:12:03,455 - mmdet - INFO - Epoch [22][850/6976]	lr: 1.000e-04, eta: 3:01:24, time: 0.176, data_time: 0.009, memory: 13424, loss_cls: 0.3738, loss_bbox: 0.3656, loss_kps: 0.0000, loss: 0.7395
2026-09-23 22:12:12,270 - mmdet - INFO - Epoch [22][900/6976]	lr: 1.000e-04, eta: 3:01:15, time: 0.176, data_time: 0.009, memory: 13424, loss_cls: 0.4088, loss_bbox: 0.3800, loss_kps: 0.0000, loss: 0.7888
2026-09-23 22:12:21,017 - mmdet - INFO - Epoch [22][950/6976]	lr: 1.000e-04, eta: 3:01:06, time: 0.175, data_time: 0.010, memory: 13424, loss_cls: 0.3852, loss_bbox: 0.3694, loss_kps: 0.0000, loss: 0.7546
2026-09-23 22:12:29,752 - mmdet - INFO - Epoch [22][1000/6976]	lr: 1.000e-04, eta: 3:00:58, time: 0.175, data_time: 0.009, memory: 13424, loss_cls: 0.3666, loss_bbox: 0.3497, loss_kps: 0.0000, loss: 0.7163
2026-09-23 22:12:38,405 - mmdet - INFO - Epoch [22][1050/6976]	lr: 1.000e-04, eta: 3:00:49, time: 0.173, data_time: 0.009, memory: 13424, loss_cls: 0.3643, loss_bbox: 0.3467, loss_kps: 0.0000, loss: 0.7111
2026-09-23 22:12:47,125 - mmdet - INFO - Epoch [22][1100/6976]	lr: 1.000e-04, eta: 3:00:40, time: 0.174, data_time: 0.009, memory: 13424, loss_cls: 0.3716, loss_bbox: 0.3466, loss_kps: 0.0000, loss: 0.7182
2026-09-23 22:12:55,889 - mmdet - INFO - Epoch [22][1150/6976]	lr: 1.000e-04, eta: 3:00:31, time: 0.175, data_time: 0.009, memory: 13424, loss_cls: 0.3659, loss_bbox: 0.3503, loss_kps: 0.0000, loss: 0.7162
2026-09-23 22:13:04,635 - mmdet - INFO - Epoch [22][1200/6976]	lr: 1.000e-04, eta: 3:00:22, time: 0.175, data_time: 0.009, memory: 13424, loss_cls: 0.3689, loss_bbox: 0.3623, loss_kps: 0.0000, loss: 0.7312
2026-09-23 22:13:13,370 - mmdet - INFO - Epoch [22][1250/6976]	lr: 1.000e-04, eta: 3:00:13, time: 0.175, data_time: 0.009, memory: 13424, loss_cls: 0.3634, loss_bbox: 0.3520, loss_kps: 0.0000, loss: 0.7154
2026-09-23 22:13:22,069 - mmdet - INFO - Epoch [22][1300/6976]	lr: 1.000e-04, eta: 3:00:05, time: 0.174, data_time: 0.009, memory: 13424, loss_cls: 0.3909, loss_bbox: 0.3640, loss_kps: 0.0000, loss: 0.7549
2026-09-23 22:13:30,882 - mmdet - INFO - Epoch [22][1350/6976]	lr: 1.000e-04, eta: 2:59:56, time: 0.176, data_time: 0.010, memory: 13424, loss_cls: 0.3751, loss_bbox: 0.3631, loss_kps: 0.0000, loss: 0.7382
2026-09-23 22:13:40,123 - mmdet - INFO - Epoch [22][1400/6976]	lr: 1.000e-04, eta: 2:59:47, time: 0.178, data_time: 0.009, memory: 13424, loss_cls: 0.3815, loss_bbox: 0.3702, loss_kps: 0.0000, loss: 0.7518
2026-09-23 22:13:48,840 - mmdet - INFO - Epoch [22][1450/6976]	lr: 1.000e-04, eta: 2:59:38, time: 0.182, data_time: 0.016, memory: 13424, loss_cls: 0.3724, loss_bbox: 0.3541, loss_kps: 0.0000, loss: 0.7265
2026-09-23 22:13:57,590 - mmdet - INFO - Epoch [22][1500/6976]	lr: 1.000e-04, eta: 2:59:30, time: 0.175, data_time: 0.009, memory: 13424, loss_cls: 0.3967, loss_bbox: 0.3664, loss_kps: 0.0000, loss: 0.7632
2026-09-23 22:14:06,337 - mmdet - INFO - Epoch [22][1550/6976]	lr: 1.000e-04, eta: 2:59:21, time: 0.175, data_time: 0.009, memory: 13424, loss_cls: 0.3943, loss_bbox: 0.3571, loss_kps: 0.0000, loss: 0.7514
2026-09-23 22:14:15,129 - mmdet - INFO - Epoch [22][1600/6976]	lr: 1.000e-04, eta: 2:59:12, time: 0.176, data_time: 0.009, memory: 13424, loss_cls: 0.3876, loss_bbox: 0.3583, loss_kps: 0.0000, loss: 0.7459
2026-09-23 22:14:23,861 - mmdet - INFO - Epoch [22][1650/6976]	lr: 1.000e-04, eta: 2:59:03, time: 0.175, data_time: 0.009, memory: 13424, loss_cls: 0.3788, loss_bbox: 0.3466, loss_kps: 0.0000, loss: 0.7253
2026-09-23 22:14:32,575 - mmdet - INFO - Epoch [22][1700/6976]	lr: 1.000e-04, eta: 2:58:54, time: 0.174, data_time: 0.009, memory: 13424, loss_cls: 0.3976, loss_bbox: 0.3689, loss_kps: 0.0000, loss: 0.7665
2026-09-23 22:14:41,728 - mmdet - INFO - Epoch [22][1750/6976]	lr: 1.000e-04, eta: 2:58:46, time: 0.183, data_time: 0.009, memory: 13424, loss_cls: 0.3648, loss_bbox: 0.3510, loss_kps: 0.0000, loss: 0.7159
2026-09-23 22:14:50,462 - mmdet - INFO - Epoch [22][1800/6976]	lr: 1.000e-04, eta: 2:58:37, time: 0.175, data_time: 0.009, memory: 13424, loss_cls: 0.3812, loss_bbox: 0.3513, loss_kps: 0.0000, loss: 0.7325
2026-09-23 22:14:59,617 - mmdet - INFO - Epoch [22][1850/6976]	lr: 1.000e-04, eta: 2:58:28, time: 0.183, data_time: 0.009, memory: 13424, loss_cls: 0.3793, loss_bbox: 0.3673, loss_kps: 0.0000, loss: 0.7466
2026-09-23 22:15:08,452 - mmdet - INFO - Epoch [22][1900/6976]	lr: 1.000e-04, eta: 2:58:20, time: 0.177, data_time: 0.009, memory: 13424, loss_cls: 0.3927, loss_bbox: 0.3781, loss_kps: 0.0000, loss: 0.7708
2026-09-23 22:15:17,124 - mmdet - INFO - Epoch [22][1950/6976]	lr: 1.000e-04, eta: 2:58:11, time: 0.174, data_time: 0.010, memory: 13424, loss_cls: 0.3565, loss_bbox: 0.3536, loss_kps: 0.0000, loss: 0.7100
2026-09-23 22:15:26,001 - mmdet - INFO - Epoch [22][2000/6976]	lr: 1.000e-04, eta: 2:58:02, time: 0.178, data_time: 0.010, memory: 13424, loss_cls: 0.3437, loss_bbox: 0.3390, loss_kps: 0.0000, loss: 0.6827
2026-09-23 22:15:34,851 - mmdet - INFO - Epoch [22][2050/6976]	lr: 1.000e-04, eta: 2:57:53, time: 0.177, data_time: 0.009, memory: 13424, loss_cls: 0.3533, loss_bbox: 0.3410, loss_kps: 0.0000, loss: 0.6944
2026-09-23 22:15:43,788 - mmdet - INFO - Epoch [22][2100/6976]	lr: 1.000e-04, eta: 2:57:45, time: 0.179, data_time: 0.009, memory: 13424, loss_cls: 0.3400, loss_bbox: 0.3580, loss_kps: 0.0000, loss: 0.6980
2026-09-23 22:15:52,623 - mmdet - INFO - Epoch [22][2150/6976]	lr: 1.000e-04, eta: 2:57:36, time: 0.177, data_time: 0.009, memory: 13424, loss_cls: 0.3644, loss_bbox: 0.3524, loss_kps: 0.0000, loss: 0.7168
2026-09-23 22:16:01,386 - mmdet - INFO - Epoch [22][2200/6976]	lr: 1.000e-04, eta: 2:57:27, time: 0.175, data_time: 0.010, memory: 13424, loss_cls: 0.3675, loss_bbox: 0.3537, loss_kps: 0.0000, loss: 0.7212
2026-09-23 22:16:10,138 - mmdet - INFO - Epoch [22][2250/6976]	lr: 1.000e-04, eta: 2:57:18, time: 0.175, data_time: 0.009, memory: 13424, loss_cls: 0.3827, loss_bbox: 0.3555, loss_kps: 0.0000, loss: 0.7382
2026-09-23 22:16:18,859 - mmdet - INFO - Epoch [22][2300/6976]	lr: 1.000e-04, eta: 2:57:09, time: 0.174, data_time: 0.009, memory: 13424, loss_cls: 0.3687, loss_bbox: 0.3422, loss_kps: 0.0000, loss: 0.7109
2026-09-23 22:16:27,605 - mmdet - INFO - Epoch [22][2350/6976]	lr: 1.000e-04, eta: 2:57:01, time: 0.175, data_time: 0.009, memory: 13424, loss_cls: 0.3668, loss_bbox: 0.3688, loss_kps: 0.0000, loss: 0.7355
2026-09-23 22:16:36,386 - mmdet - INFO - Epoch [22][2400/6976]	lr: 1.000e-04, eta: 2:56:52, time: 0.176, data_time: 0.009, memory: 13424, loss_cls: 0.3824, loss_bbox: 0.3557, loss_kps: 0.0000, loss: 0.7381
2026-09-23 22:16:45,283 - mmdet - INFO - Epoch [22][2450/6976]	lr: 1.000e-04, eta: 2:56:43, time: 0.178, data_time: 0.009, memory: 13424, loss_cls: 0.3772, loss_bbox: 0.3632, loss_kps: 0.0000, loss: 0.7404
2026-09-23 22:16:54,002 - mmdet - INFO - Epoch [22][2500/6976]	lr: 1.000e-04, eta: 2:56:34, time: 0.174, data_time: 0.009, memory: 13424, loss_cls: 0.3724, loss_bbox: 0.3502, loss_kps: 0.0000, loss: 0.7226
2026-09-23 22:17:02,694 - mmdet - INFO - Epoch [22][2550/6976]	lr: 1.000e-04, eta: 2:56:25, time: 0.174, data_time: 0.009, memory: 13424, loss_cls: 0.3713, loss_bbox: 0.3521, loss_kps: 0.0000, loss: 0.7234
2026-09-23 22:17:11,582 - mmdet - INFO - Epoch [22][2600/6976]	lr: 1.000e-04, eta: 2:56:17, time: 0.178, data_time: 0.010, memory: 13424, loss_cls: 0.3625, loss_bbox: 0.3448, loss_kps: 0.0000, loss: 0.7073
2026-09-23 22:17:20,287 - mmdet - INFO - Epoch [22][2650/6976]	lr: 1.000e-04, eta: 2:56:08, time: 0.174, data_time: 0.010, memory: 13424, loss_cls: 0.3993, loss_bbox: 0.3711, loss_kps: 0.0000, loss: 0.7704
2026-09-23 22:17:29,364 - mmdet - INFO - Epoch [22][2700/6976]	lr: 1.000e-04, eta: 2:55:59, time: 0.182, data_time: 0.009, memory: 13424, loss_cls: 0.3774, loss_bbox: 0.3440, loss_kps: 0.0000, loss: 0.7214
2026-09-23 22:17:38,112 - mmdet - INFO - Epoch [22][2750/6976]	lr: 1.000e-04, eta: 2:55:50, time: 0.175, data_time: 0.009, memory: 13424, loss_cls: 0.3745, loss_bbox: 0.3538, loss_kps: 0.0000, loss: 0.7283
2026-09-23 22:17:46,886 - mmdet - INFO - Epoch [22][2800/6976]	lr: 1.000e-04, eta: 2:55:42, time: 0.175, data_time: 0.008, memory: 13424, loss_cls: 0.3481, loss_bbox: 0.3352, loss_kps: 0.0000, loss: 0.6833
2026-09-23 22:17:55,718 - mmdet - INFO - Epoch [22][2850/6976]	lr: 1.000e-04, eta: 2:55:33, time: 0.177, data_time: 0.009, memory: 13424, loss_cls: 0.3698, loss_bbox: 0.3549, loss_kps: 0.0000, loss: 0.7247
2026-09-23 22:18:04,457 - mmdet - INFO - Epoch [22][2900/6976]	lr: 1.000e-04, eta: 2:55:24, time: 0.175, data_time: 0.010, memory: 13424, loss_cls: 0.3561, loss_bbox: 0.3486, loss_kps: 0.0000, loss: 0.7048
2026-09-23 22:18:13,168 - mmdet - INFO - Epoch [22][2950/6976]	lr: 1.000e-04, eta: 2:55:15, time: 0.174, data_time: 0.010, memory: 13424, loss_cls: 0.3746, loss_bbox: 0.3482, loss_kps: 0.0000, loss: 0.7228
2026-09-23 22:18:21,960 - mmdet - INFO - Epoch [22][3000/6976]	lr: 1.000e-04, eta: 2:55:06, time: 0.176, data_time: 0.010, memory: 13424, loss_cls: 0.3720, loss_bbox: 0.3528, loss_kps: 0.0000, loss: 0.7247
2026-09-23 22:18:30,762 - mmdet - INFO - Epoch [22][3050/6976]	lr: 1.000e-04, eta: 2:54:58, time: 0.176, data_time: 0.008, memory: 13424, loss_cls: 0.3913, loss_bbox: 0.3619, loss_kps: 0.0000, loss: 0.7532
2026-09-23 22:18:39,518 - mmdet - INFO - Epoch [22][3100/6976]	lr: 1.000e-04, eta: 2:54:49, time: 0.175, data_time: 0.010, memory: 13424, loss_cls: 0.3830, loss_bbox: 0.3671, loss_kps: 0.0000, loss: 0.7500
2026-09-23 22:18:48,274 - mmdet - INFO - Epoch [22][3150/6976]	lr: 1.000e-04, eta: 2:54:40, time: 0.175, data_time: 0.010, memory: 13424, loss_cls: 0.3821, loss_bbox: 0.3554, loss_kps: 0.0000, loss: 0.7375
2026-09-23 22:18:57,133 - mmdet - INFO - Epoch [22][3200/6976]	lr: 1.000e-04, eta: 2:54:31, time: 0.177, data_time: 0.010, memory: 13424, loss_cls: 0.3841, loss_bbox: 0.3511, loss_kps: 0.0000, loss: 0.7352
2026-09-23 22:19:05,858 - mmdet - INFO - Epoch [22][3250/6976]	lr: 1.000e-04, eta: 2:54:22, time: 0.175, data_time: 0.010, memory: 13424, loss_cls: 0.3650, loss_bbox: 0.3471, loss_kps: 0.0000, loss: 0.7121
2026-09-23 22:19:14,629 - mmdet - INFO - Epoch [22][3300/6976]	lr: 1.000e-04, eta: 2:54:14, time: 0.175, data_time: 0.009, memory: 13424, loss_cls: 0.3887, loss_bbox: 0.3702, loss_kps: 0.0000, loss: 0.7589
2026-09-23 22:19:23,414 - mmdet - INFO - Epoch [22][3350/6976]	lr: 1.000e-04, eta: 2:54:05, time: 0.176, data_time: 0.010, memory: 13424, loss_cls: 0.3760, loss_bbox: 0.3542, loss_kps: 0.0000, loss: 0.7303
2026-09-23 22:19:32,231 - mmdet - INFO - Epoch [22][3400/6976]	lr: 1.000e-04, eta: 2:53:56, time: 0.176, data_time: 0.010, memory: 13424, loss_cls: 0.3483, loss_bbox: 0.3493, loss_kps: 0.0000, loss: 0.6976
2026-09-23 22:19:40,940 - mmdet - INFO - Epoch [22][3450/6976]	lr: 1.000e-04, eta: 2:53:47, time: 0.174, data_time: 0.009, memory: 13424, loss_cls: 0.3537, loss_bbox: 0.3496, loss_kps: 0.0000, loss: 0.7033
2026-09-23 22:19:49,710 - mmdet - INFO - Epoch [22][3500/6976]	lr: 1.000e-04, eta: 2:53:38, time: 0.175, data_time: 0.010, memory: 13424, loss_cls: 0.3681, loss_bbox: 0.3583, loss_kps: 0.0000, loss: 0.7264
2026-09-23 22:19:58,485 - mmdet - INFO - Epoch [22][3550/6976]	lr: 1.000e-04, eta: 2:53:30, time: 0.176, data_time: 0.010, memory: 13424, loss_cls: 0.3792, loss_bbox: 0.3460, loss_kps: 0.0000, loss: 0.7252
2026-09-23 22:20:07,259 - mmdet - INFO - Epoch [22][3600/6976]	lr: 1.000e-04, eta: 2:53:21, time: 0.175, data_time: 0.009, memory: 13424, loss_cls: 0.3612, loss_bbox: 0.3470, loss_kps: 0.0000, loss: 0.7081
2026-09-23 22:20:16,204 - mmdet - INFO - Epoch [22][3650/6976]	lr: 1.000e-04, eta: 2:53:12, time: 0.179, data_time: 0.010, memory: 13424, loss_cls: 0.3647, loss_bbox: 0.3418, loss_kps: 0.0000, loss: 0.7065
2026-09-23 22:20:24,993 - mmdet - INFO - Epoch [22][3700/6976]	lr: 1.000e-04, eta: 2:53:03, time: 0.176, data_time: 0.010, memory: 13424, loss_cls: 0.3515, loss_bbox: 0.3479, loss_kps: 0.0000, loss: 0.6994
2026-09-23 22:20:33,765 - mmdet - INFO - Epoch [22][3750/6976]	lr: 1.000e-04, eta: 2:52:55, time: 0.175, data_time: 0.009, memory: 13424, loss_cls: 0.3815, loss_bbox: 0.3519, loss_kps: 0.0000, loss: 0.7333
2026-09-23 22:20:42,516 - mmdet - INFO - Epoch [22][3800/6976]	lr: 1.000e-04, eta: 2:52:46, time: 0.175, data_time: 0.009, memory: 13424, loss_cls: 0.3960, loss_bbox: 0.3674, loss_kps: 0.0000, loss: 0.7635
2026-09-23 22:20:51,278 - mmdet - INFO - Epoch [22][3850/6976]	lr: 1.000e-04, eta: 2:52:37, time: 0.175, data_time: 0.010, memory: 13424, loss_cls: 0.3722, loss_bbox: 0.3557, loss_kps: 0.0000, loss: 0.7279
2026-09-23 22:20:59,979 - mmdet - INFO - Epoch [22][3900/6976]	lr: 1.000e-04, eta: 2:52:28, time: 0.174, data_time: 0.010, memory: 13424, loss_cls: 0.3933, loss_bbox: 0.3641, loss_kps: 0.0000, loss: 0.7574
2026-09-23 22:21:08,703 - mmdet - INFO - Epoch [22][3950/6976]	lr: 1.000e-04, eta: 2:52:19, time: 0.174, data_time: 0.010, memory: 13424, loss_cls: 0.3832, loss_bbox: 0.3517, loss_kps: 0.0000, loss: 0.7349
2026-09-23 22:21:17,439 - mmdet - INFO - Epoch [22][4000/6976]	lr: 1.000e-04, eta: 2:52:10, time: 0.175, data_time: 0.010, memory: 13424, loss_cls: 0.3710, loss_bbox: 0.3547, loss_kps: 0.0000, loss: 0.7257
2026-09-23 22:21:26,273 - mmdet - INFO - Epoch [22][4050/6976]	lr: 1.000e-04, eta: 2:52:02, time: 0.177, data_time: 0.010, memory: 13424, loss_cls: 0.3521, loss_bbox: 0.3478, loss_kps: 0.0000, loss: 0.6999
2026-09-23 22:21:35,367 - mmdet - INFO - Epoch [22][4100/6976]	lr: 1.000e-04, eta: 2:51:53, time: 0.182, data_time: 0.010, memory: 13424, loss_cls: 0.3757, loss_bbox: 0.3440, loss_kps: 0.0000, loss: 0.7197
2026-09-23 22:21:44,072 - mmdet - INFO - Epoch [22][4150/6976]	lr: 1.000e-04, eta: 2:51:44, time: 0.174, data_time: 0.010, memory: 13424, loss_cls: 0.3769, loss_bbox: 0.3561, loss_kps: 0.0000, loss: 0.7331
2026-09-23 22:21:52,820 - mmdet - INFO - Epoch [22][4200/6976]	lr: 1.000e-04, eta: 2:51:35, time: 0.175, data_time: 0.010, memory: 13424, loss_cls: 0.3764, loss_bbox: 0.3520, loss_kps: 0.0000, loss: 0.7284
2026-09-23 22:22:01,499 - mmdet - INFO - Epoch [22][4250/6976]	lr: 1.000e-04, eta: 2:51:27, time: 0.174, data_time: 0.010, memory: 13424, loss_cls: 0.3572, loss_bbox: 0.3412, loss_kps: 0.0000, loss: 0.6984
2026-09-23 22:22:10,598 - mmdet - INFO - Epoch [22][4300/6976]	lr: 1.000e-04, eta: 2:51:18, time: 0.182, data_time: 0.010, memory: 13424, loss_cls: 0.3697, loss_bbox: 0.3545, loss_kps: 0.0000, loss: 0.7241
2026-09-23 22:22:19,308 - mmdet - INFO - Epoch [22][4350/6976]	lr: 1.000e-04, eta: 2:51:09, time: 0.175, data_time: 0.010, memory: 13424, loss_cls: 0.3719, loss_bbox: 0.3557, loss_kps: 0.0000, loss: 0.7276
2026-09-23 22:22:28,118 - mmdet - INFO - Epoch [22][4400/6976]	lr: 1.000e-04, eta: 2:51:00, time: 0.176, data_time: 0.010, memory: 13424, loss_cls: 0.3521, loss_bbox: 0.3552, loss_kps: 0.0000, loss: 0.7073
2026-09-23 22:22:36,916 - mmdet - INFO - Epoch [22][4450/6976]	lr: 1.000e-04, eta: 2:50:52, time: 0.176, data_time: 0.010, memory: 13424, loss_cls: 0.3724, loss_bbox: 0.3640, loss_kps: 0.0000, loss: 0.7365
2026-09-23 22:22:45,613 - mmdet - INFO - Epoch [22][4500/6976]	lr: 1.000e-04, eta: 2:50:43, time: 0.174, data_time: 0.010, memory: 13424, loss_cls: 0.3716, loss_bbox: 0.3600, loss_kps: 0.0000, loss: 0.7317
2026-09-23 22:22:54,363 - mmdet - INFO - Epoch [22][4550/6976]	lr: 1.000e-04, eta: 2:50:34, time: 0.175, data_time: 0.010, memory: 13424, loss_cls: 0.3619, loss_bbox: 0.3604, loss_kps: 0.0000, loss: 0.7222
2026-09-23 22:23:03,088 - mmdet - INFO - Epoch [22][4600/6976]	lr: 1.000e-04, eta: 2:50:25, time: 0.174, data_time: 0.010, memory: 13424, loss_cls: 0.3678, loss_bbox: 0.3540, loss_kps: 0.0000, loss: 0.7218
2026-09-23 22:23:11,808 - mmdet - INFO - Epoch [22][4650/6976]	lr: 1.000e-04, eta: 2:50:16, time: 0.174, data_time: 0.010, memory: 13424, loss_cls: 0.3850, loss_bbox: 0.3566, loss_kps: 0.0000, loss: 0.7416
2026-09-23 22:23:20,614 - mmdet - INFO - Epoch [22][4700/6976]	lr: 1.000e-04, eta: 2:50:08, time: 0.176, data_time: 0.010, memory: 13424, loss_cls: 0.3875, loss_bbox: 0.3701, loss_kps: 0.0000, loss: 0.7577
2026-09-23 22:23:29,403 - mmdet - INFO - Epoch [22][4750/6976]	lr: 1.000e-04, eta: 2:49:59, time: 0.176, data_time: 0.010, memory: 13424, loss_cls: 0.3763, loss_bbox: 0.3484, loss_kps: 0.0000, loss: 0.7247
2026-09-23 22:23:38,184 - mmdet - INFO - Epoch [22][4800/6976]	lr: 1.000e-04, eta: 2:49:50, time: 0.176, data_time: 0.010, memory: 13424, loss_cls: 0.3766, loss_bbox: 0.3501, loss_kps: 0.0000, loss: 0.7268
2026-09-23 22:23:47,323 - mmdet - INFO - Epoch [22][4850/6976]	lr: 1.000e-04, eta: 2:49:41, time: 0.183, data_time: 0.010, memory: 13424, loss_cls: 0.3519, loss_bbox: 0.3526, loss_kps: 0.0000, loss: 0.7045
2026-09-23 22:23:56,133 - mmdet - INFO - Epoch [22][4900/6976]	lr: 1.000e-04, eta: 2:49:33, time: 0.176, data_time: 0.010, memory: 13424, loss_cls: 0.3734, loss_bbox: 0.3528, loss_kps: 0.0000, loss: 0.7262
2026-09-23 22:24:04,992 - mmdet - INFO - Epoch [22][4950/6976]	lr: 1.000e-04, eta: 2:49:24, time: 0.177, data_time: 0.010, memory: 13424, loss_cls: 0.3893, loss_bbox: 0.3552, loss_kps: 0.0000, loss: 0.7445
2026-09-23 22:24:13,896 - mmdet - INFO - Epoch [22][5000/6976]	lr: 1.000e-04, eta: 2:49:15, time: 0.178, data_time: 0.010, memory: 13424, loss_cls: 0.3850, loss_bbox: 0.3571, loss_kps: 0.0000, loss: 0.7421
2026-09-23 22:24:22,675 - mmdet - INFO - Epoch [22][5050/6976]	lr: 1.000e-04, eta: 2:49:06, time: 0.176, data_time: 0.010, memory: 13424, loss_cls: 0.3796, loss_bbox: 0.3513, loss_kps: 0.0000, loss: 0.7309
2026-09-23 22:24:31,455 - mmdet - INFO - Epoch [22][5100/6976]	lr: 1.000e-04, eta: 2:48:57, time: 0.175, data_time: 0.010, memory: 13424, loss_cls: 0.3988, loss_bbox: 0.3705, loss_kps: 0.0000, loss: 0.7693
2026-09-23 22:24:40,268 - mmdet - INFO - Epoch [22][5150/6976]	lr: 1.000e-04, eta: 2:48:49, time: 0.176, data_time: 0.010, memory: 13424, loss_cls: 0.3924, loss_bbox: 0.3640, loss_kps: 0.0000, loss: 0.7563
2026-09-23 22:24:48,960 - mmdet - INFO - Epoch [22][5200/6976]	lr: 1.000e-04, eta: 2:48:40, time: 0.174, data_time: 0.009, memory: 13424, loss_cls: 0.3670, loss_bbox: 0.3561, loss_kps: 0.0000, loss: 0.7231
2026-09-23 22:24:57,718 - mmdet - INFO - Epoch [22][5250/6976]	lr: 1.000e-04, eta: 2:48:31, time: 0.175, data_time: 0.009, memory: 13424, loss_cls: 0.3690, loss_bbox: 0.3443, loss_kps: 0.0000, loss: 0.7132
2026-09-23 22:25:06,525 - mmdet - INFO - Epoch [22][5300/6976]	lr: 1.000e-04, eta: 2:48:22, time: 0.176, data_time: 0.010, memory: 13424, loss_cls: 0.3657, loss_bbox: 0.3569, loss_kps: 0.0000, loss: 0.7226
2026-09-23 22:25:15,288 - mmdet - INFO - Epoch [22][5350/6976]	lr: 1.000e-04, eta: 2:48:13, time: 0.175, data_time: 0.009, memory: 13424, loss_cls: 0.3755, loss_bbox: 0.3544, loss_kps: 0.0000, loss: 0.7298
2026-09-23 22:25:24,135 - mmdet - INFO - Epoch [22][5400/6976]	lr: 1.000e-04, eta: 2:48:05, time: 0.177, data_time: 0.010, memory: 13424, loss_cls: 0.3494, loss_bbox: 0.3536, loss_kps: 0.0000, loss: 0.7030
2026-09-23 22:25:32,956 - mmdet - INFO - Epoch [22][5450/6976]	lr: 1.000e-04, eta: 2:47:56, time: 0.176, data_time: 0.009, memory: 13424, loss_cls: 0.3767, loss_bbox: 0.3684, loss_kps: 0.0000, loss: 0.7452
2026-09-23 22:25:41,808 - mmdet - INFO - Epoch [22][5500/6976]	lr: 1.000e-04, eta: 2:47:47, time: 0.177, data_time: 0.009, memory: 13424, loss_cls: 0.3717, loss_bbox: 0.3533, loss_kps: 0.0000, loss: 0.7250
2026-09-23 22:25:50,743 - mmdet - INFO - Epoch [22][5550/6976]	lr: 1.000e-04, eta: 2:47:38, time: 0.179, data_time: 0.009, memory: 13424, loss_cls: 0.3847, loss_bbox: 0.3598, loss_kps: 0.0000, loss: 0.7446
2026-09-23 22:25:59,556 - mmdet - INFO - Epoch [22][5600/6976]	lr: 1.000e-04, eta: 2:47:30, time: 0.176, data_time: 0.010, memory: 13424, loss_cls: 0.3955, loss_bbox: 0.3593, loss_kps: 0.0000, loss: 0.7548
2026-09-23 22:26:08,380 - mmdet - INFO - Epoch [22][5650/6976]	lr: 1.000e-04, eta: 2:47:21, time: 0.176, data_time: 0.009, memory: 13424, loss_cls: 0.3878, loss_bbox: 0.3548, loss_kps: 0.0000, loss: 0.7425
2026-09-23 22:26:17,565 - mmdet - INFO - Epoch [22][5700/6976]	lr: 1.000e-04, eta: 2:47:12, time: 0.184, data_time: 0.010, memory: 13424, loss_cls: 0.3464, loss_bbox: 0.3499, loss_kps: 0.0000, loss: 0.6963
2026-09-23 22:26:26,274 - mmdet - INFO - Epoch [22][5750/6976]	lr: 1.000e-04, eta: 2:47:03, time: 0.174, data_time: 0.009, memory: 13424, loss_cls: 0.3544, loss_bbox: 0.3507, loss_kps: 0.0000, loss: 0.7052
2026-09-23 22:26:35,167 - mmdet - INFO - Epoch [22][5800/6976]	lr: 1.000e-04, eta: 2:46:55, time: 0.178, data_time: 0.009, memory: 13424, loss_cls: 0.3866, loss_bbox: 0.3476, loss_kps: 0.0000, loss: 0.7342
2026-09-23 22:26:43,859 - mmdet - INFO - Epoch [22][5850/6976]	lr: 1.000e-04, eta: 2:46:46, time: 0.174, data_time: 0.010, memory: 13424, loss_cls: 0.3707, loss_bbox: 0.3529, loss_kps: 0.0000, loss: 0.7236
2026-09-23 22:26:52,624 - mmdet - INFO - Epoch [22][5900/6976]	lr: 1.000e-04, eta: 2:46:37, time: 0.175, data_time: 0.009, memory: 13424, loss_cls: 0.3643, loss_bbox: 0.3593, loss_kps: 0.0000, loss: 0.7235
2026-09-23 22:27:01,397 - mmdet - INFO - Epoch [22][5950/6976]	lr: 1.000e-04, eta: 2:46:28, time: 0.175, data_time: 0.010, memory: 13424, loss_cls: 0.3630, loss_bbox: 0.3543, loss_kps: 0.0000, loss: 0.7173
2026-09-23 22:27:10,140 - mmdet - INFO - Epoch [22][6000/6976]	lr: 1.000e-04, eta: 2:46:19, time: 0.175, data_time: 0.010, memory: 13424, loss_cls: 0.3703, loss_bbox: 0.3475, loss_kps: 0.0000, loss: 0.7178
2026-09-23 22:27:19,033 - mmdet - INFO - Epoch [22][6050/6976]	lr: 1.000e-04, eta: 2:46:11, time: 0.178, data_time: 0.010, memory: 13424, loss_cls: 0.3701, loss_bbox: 0.3532, loss_kps: 0.0000, loss: 0.7233
2026-09-23 22:27:27,701 - mmdet - INFO - Epoch [22][6100/6976]	lr: 1.000e-04, eta: 2:46:02, time: 0.173, data_time: 0.010, memory: 13424, loss_cls: 0.3645, loss_bbox: 0.3493, loss_kps: 0.0000, loss: 0.7137
2026-09-23 22:27:36,586 - mmdet - INFO - Epoch [22][6150/6976]	lr: 1.000e-04, eta: 2:45:53, time: 0.178, data_time: 0.010, memory: 13424, loss_cls: 0.3855, loss_bbox: 0.3716, loss_kps: 0.0000, loss: 0.7572
2026-09-23 22:27:45,451 - mmdet - INFO - Epoch [22][6200/6976]	lr: 1.000e-04, eta: 2:45:44, time: 0.177, data_time: 0.010, memory: 13424, loss_cls: 0.3650, loss_bbox: 0.3526, loss_kps: 0.0000, loss: 0.7176
2026-09-23 22:27:54,144 - mmdet - INFO - Epoch [22][6250/6976]	lr: 1.000e-04, eta: 2:45:36, time: 0.174, data_time: 0.010, memory: 13424, loss_cls: 0.3868, loss_bbox: 0.3670, loss_kps: 0.0000, loss: 0.7538
2026-09-23 22:28:02,847 - mmdet - INFO - Epoch [22][6300/6976]	lr: 1.000e-04, eta: 2:45:27, time: 0.174, data_time: 0.010, memory: 13424, loss_cls: 0.3801, loss_bbox: 0.3583, loss_kps: 0.0000, loss: 0.7384
2026-09-23 22:28:11,607 - mmdet - INFO - Epoch [22][6350/6976]	lr: 1.000e-04, eta: 2:45:18, time: 0.175, data_time: 0.010, memory: 13424, loss_cls: 0.3687, loss_bbox: 0.3650, loss_kps: 0.0000, loss: 0.7338
2026-09-23 22:28:20,335 - mmdet - INFO - Epoch [22][6400/6976]	lr: 1.000e-04, eta: 2:45:09, time: 0.174, data_time: 0.010, memory: 13424, loss_cls: 0.3675, loss_bbox: 0.3398, loss_kps: 0.0000, loss: 0.7073
2026-09-23 22:28:29,159 - mmdet - INFO - Epoch [22][6450/6976]	lr: 1.000e-04, eta: 2:45:00, time: 0.177, data_time: 0.010, memory: 13424, loss_cls: 0.3647, loss_bbox: 0.3632, loss_kps: 0.0000, loss: 0.7280
2026-09-23 22:28:38,254 - mmdet - INFO - Epoch [22][6500/6976]	lr: 1.000e-04, eta: 2:44:52, time: 0.182, data_time: 0.010, memory: 13424, loss_cls: 0.3603, loss_bbox: 0.3488, loss_kps: 0.0000, loss: 0.7091
2026-09-23 22:28:46,967 - mmdet - INFO - Epoch [22][6550/6976]	lr: 1.000e-04, eta: 2:44:43, time: 0.174, data_time: 0.010, memory: 13424, loss_cls: 0.3665, loss_bbox: 0.3521, loss_kps: 0.0000, loss: 0.7186
2026-09-23 22:28:55,622 - mmdet - INFO - Epoch [22][6600/6976]	lr: 1.000e-04, eta: 2:44:34, time: 0.173, data_time: 0.009, memory: 13424, loss_cls: 0.3736, loss_bbox: 0.3636, loss_kps: 0.0000, loss: 0.7372
2026-09-23 22:29:04,430 - mmdet - INFO - Epoch [22][6650/6976]	lr: 1.000e-04, eta: 2:44:25, time: 0.176, data_time: 0.009, memory: 13424, loss_cls: 0.3485, loss_bbox: 0.3500, loss_kps: 0.0000, loss: 0.6985
2026-09-23 22:29:13,263 - mmdet - INFO - Epoch [22][6700/6976]	lr: 1.000e-04, eta: 2:44:16, time: 0.177, data_time: 0.009, memory: 13424, loss_cls: 0.3757, loss_bbox: 0.3627, loss_kps: 0.0000, loss: 0.7384
2026-09-23 22:29:22,045 - mmdet - INFO - Epoch [22][6750/6976]	lr: 1.000e-04, eta: 2:44:08, time: 0.176, data_time: 0.009, memory: 13424, loss_cls: 0.3813, loss_bbox: 0.3640, loss_kps: 0.0000, loss: 0.7454
2026-09-23 22:29:30,856 - mmdet - INFO - Epoch [22][6800/6976]	lr: 1.000e-04, eta: 2:43:59, time: 0.176, data_time: 0.009, memory: 13424, loss_cls: 0.3936, loss_bbox: 0.3567, loss_kps: 0.0000, loss: 0.7503
2026-09-23 22:29:39,904 - mmdet - INFO - Epoch [22][6850/6976]	lr: 1.000e-04, eta: 2:43:50, time: 0.181, data_time: 0.009, memory: 13424, loss_cls: 0.3799, loss_bbox: 0.3533, loss_kps: 0.0000, loss: 0.7332
2026-09-23 22:29:48,595 - mmdet - INFO - Epoch [22][6900/6976]	lr: 1.000e-04, eta: 2:43:41, time: 0.174, data_time: 0.009, memory: 13424, loss_cls: 0.3872, loss_bbox: 0.3520, loss_kps: 0.0000, loss: 0.7393
2026-09-23 22:29:57,295 - mmdet - INFO - Epoch [22][6950/6976]	lr: 1.000e-04, eta: 2:43:33, time: 0.174, data_time: 0.009, memory: 13424, loss_cls: 0.3684, loss_bbox: 0.3411, loss_kps: 0.0000, loss: 0.7095
2026-09-23 22:30:01,920 - mmdet - INFO - Saving checkpoint at 22 epochs
2026-09-23 22:30:15,958 - mmdet - INFO - Epoch [23][50/6976]	lr: 1.000e-04, eta: 2:43:19, time: 0.276, data_time: 0.103, memory: 13424, loss_cls: 0.3676, loss_bbox: 0.3465, loss_kps: 0.0000, loss: 0.7141
2026-09-23 22:30:24,673 - mmdet - INFO - Epoch [23][100/6976]	lr: 1.000e-04, eta: 2:43:11, time: 0.174, data_time: 0.009, memory: 13424, loss_cls: 0.3534, loss_bbox: 0.3436, loss_kps: 0.0000, loss: 0.6970
2026-09-23 22:30:33,512 - mmdet - INFO - Epoch [23][150/6976]	lr: 1.000e-04, eta: 2:43:02, time: 0.177, data_time: 0.010, memory: 13424, loss_cls: 0.3682, loss_bbox: 0.3473, loss_kps: 0.0000, loss: 0.7155
2026-09-23 22:30:42,298 - mmdet - INFO - Epoch [23][200/6976]	lr: 1.000e-04, eta: 2:42:53, time: 0.176, data_time: 0.009, memory: 13424, loss_cls: 0.3565, loss_bbox: 0.3277, loss_kps: 0.0000, loss: 0.6842
2026-09-23 22:30:51,077 - mmdet - INFO - Epoch [23][250/6976]	lr: 1.000e-04, eta: 2:42:44, time: 0.176, data_time: 0.009, memory: 13424, loss_cls: 0.3859, loss_bbox: 0.3614, loss_kps: 0.0000, loss: 0.7473
2026-09-23 22:30:59,841 - mmdet - INFO - Epoch [23][300/6976]	lr: 1.000e-04, eta: 2:42:35, time: 0.175, data_time: 0.009, memory: 13424, loss_cls: 0.3652, loss_bbox: 0.3427, loss_kps: 0.0000, loss: 0.7079
2026-09-23 22:31:08,749 - mmdet - INFO - Epoch [23][350/6976]	lr: 1.000e-04, eta: 2:42:27, time: 0.178, data_time: 0.009, memory: 13424, loss_cls: 0.3735, loss_bbox: 0.3617, loss_kps: 0.0000, loss: 0.7352
2026-09-23 22:31:17,499 - mmdet - INFO - Epoch [23][400/6976]	lr: 1.000e-04, eta: 2:42:18, time: 0.175, data_time: 0.009, memory: 13424, loss_cls: 0.3729, loss_bbox: 0.3722, loss_kps: 0.0000, loss: 0.7451
2026-09-23 22:31:26,229 - mmdet - INFO - Epoch [23][450/6976]	lr: 1.000e-04, eta: 2:42:09, time: 0.174, data_time: 0.010, memory: 13424, loss_cls: 0.3559, loss_bbox: 0.3527, loss_kps: 0.0000, loss: 0.7086
2026-09-23 22:31:34,951 - mmdet - INFO - Epoch [23][500/6976]	lr: 1.000e-04, eta: 2:42:00, time: 0.174, data_time: 0.009, memory: 13424, loss_cls: 0.3682, loss_bbox: 0.3382, loss_kps: 0.0000, loss: 0.7065
2026-09-23 22:31:43,681 - mmdet - INFO - Epoch [23][550/6976]	lr: 1.000e-04, eta: 2:41:51, time: 0.175, data_time: 0.009, memory: 13424, loss_cls: 0.3879, loss_bbox: 0.3546, loss_kps: 0.0000, loss: 0.7426
2026-09-23 22:31:52,437 - mmdet - INFO - Epoch [23][600/6976]	lr: 1.000e-04, eta: 2:41:43, time: 0.175, data_time: 0.009, memory: 13424, loss_cls: 0.3675, loss_bbox: 0.3558, loss_kps: 0.0000, loss: 0.7233
2026-09-23 22:32:01,568 - mmdet - INFO - Epoch [23][650/6976]	lr: 1.000e-04, eta: 2:41:34, time: 0.183, data_time: 0.009, memory: 13424, loss_cls: 0.3594, loss_bbox: 0.3498, loss_kps: 0.0000, loss: 0.7092
2026-09-23 22:32:10,318 - mmdet - INFO - Epoch [23][700/6976]	lr: 1.000e-04, eta: 2:41:25, time: 0.175, data_time: 0.008, memory: 13424, loss_cls: 0.3674, loss_bbox: 0.3626, loss_kps: 0.0000, loss: 0.7299
2026-09-23 22:32:19,027 - mmdet - INFO - Epoch [23][750/6976]	lr: 1.000e-04, eta: 2:41:16, time: 0.174, data_time: 0.009, memory: 13424, loss_cls: 0.3558, loss_bbox: 0.3455, loss_kps: 0.0000, loss: 0.7013
2026-09-23 22:32:27,826 - mmdet - INFO - Epoch [23][800/6976]	lr: 1.000e-04, eta: 2:41:08, time: 0.176, data_time: 0.009, memory: 13424, loss_cls: 0.3749, loss_bbox: 0.3454, loss_kps: 0.0000, loss: 0.7203
2026-09-23 22:32:36,587 - mmdet - INFO - Epoch [23][850/6976]	lr: 1.000e-04, eta: 2:40:59, time: 0.175, data_time: 0.010, memory: 13424, loss_cls: 0.3763, loss_bbox: 0.3448, loss_kps: 0.0000, loss: 0.7211
2026-09-23 22:32:45,289 - mmdet - INFO - Epoch [23][900/6976]	lr: 1.000e-04, eta: 2:40:50, time: 0.174, data_time: 0.009, memory: 13424, loss_cls: 0.3855, loss_bbox: 0.3592, loss_kps: 0.0000, loss: 0.7447
2026-09-23 22:32:54,020 - mmdet - INFO - Epoch [23][950/6976]	lr: 1.000e-04, eta: 2:40:41, time: 0.174, data_time: 0.009, memory: 13424, loss_cls: 0.3719, loss_bbox: 0.3512, loss_kps: 0.0000, loss: 0.7230
2026-09-23 22:33:02,652 - mmdet - INFO - Epoch [23][1000/6976]	lr: 1.000e-04, eta: 2:40:32, time: 0.173, data_time: 0.009, memory: 13424, loss_cls: 0.3669, loss_bbox: 0.3443, loss_kps: 0.0000, loss: 0.7111
2026-09-23 22:33:11,394 - mmdet - INFO - Epoch [23][1050/6976]	lr: 1.000e-04, eta: 2:40:23, time: 0.175, data_time: 0.009, memory: 13424, loss_cls: 0.3863, loss_bbox: 0.3575, loss_kps: 0.0000, loss: 0.7438
2026-09-23 22:33:20,177 - mmdet - INFO - Epoch [23][1100/6976]	lr: 1.000e-04, eta: 2:40:15, time: 0.176, data_time: 0.009, memory: 13424, loss_cls: 0.3667, loss_bbox: 0.3509, loss_kps: 0.0000, loss: 0.7175
2026-09-23 22:33:28,913 - mmdet - INFO - Epoch [23][1150/6976]	lr: 1.000e-04, eta: 2:40:06, time: 0.175, data_time: 0.009, memory: 13424, loss_cls: 0.3715, loss_bbox: 0.3523, loss_kps: 0.0000, loss: 0.7238
2026-09-23 22:33:37,594 - mmdet - INFO - Epoch [23][1200/6976]	lr: 1.000e-04, eta: 2:39:57, time: 0.174, data_time: 0.009, memory: 13424, loss_cls: 0.3662, loss_bbox: 0.3410, loss_kps: 0.0000, loss: 0.7071
2026-09-23 22:33:46,282 - mmdet - INFO - Epoch [23][1250/6976]	lr: 1.000e-04, eta: 2:39:48, time: 0.174, data_time: 0.010, memory: 13424, loss_cls: 0.3704, loss_bbox: 0.3555, loss_kps: 0.0000, loss: 0.7259
2026-09-23 22:33:54,945 - mmdet - INFO - Epoch [23][1300/6976]	lr: 1.000e-04, eta: 2:39:39, time: 0.173, data_time: 0.009, memory: 13424, loss_cls: 0.3681, loss_bbox: 0.3579, loss_kps: 0.0000, loss: 0.7259
2026-09-23 22:34:03,732 - mmdet - INFO - Epoch [23][1350/6976]	lr: 1.000e-04, eta: 2:39:31, time: 0.175, data_time: 0.009, memory: 13424, loss_cls: 0.3710, loss_bbox: 0.3527, loss_kps: 0.0000, loss: 0.7237
2026-09-23 22:34:12,457 - mmdet - INFO - Epoch [23][1400/6976]	lr: 1.000e-04, eta: 2:39:22, time: 0.175, data_time: 0.009, memory: 13424, loss_cls: 0.3593, loss_bbox: 0.3660, loss_kps: 0.0000, loss: 0.7254
2026-09-23 22:34:21,314 - mmdet - INFO - Epoch [23][1450/6976]	lr: 1.000e-04, eta: 2:39:13, time: 0.177, data_time: 0.009, memory: 13424, loss_cls: 0.3559, loss_bbox: 0.3410, loss_kps: 0.0000, loss: 0.6969
2026-09-23 22:34:30,114 - mmdet - INFO - Epoch [23][1500/6976]	lr: 1.000e-04, eta: 2:39:04, time: 0.176, data_time: 0.009, memory: 13424, loss_cls: 0.3767, loss_bbox: 0.3675, loss_kps: 0.0000, loss: 0.7443
2026-09-23 22:34:38,880 - mmdet - INFO - Epoch [23][1550/6976]	lr: 1.000e-04, eta: 2:38:55, time: 0.175, data_time: 0.009, memory: 13424, loss_cls: 0.3845, loss_bbox: 0.3572, loss_kps: 0.0000, loss: 0.7418
2026-09-23 22:34:48,028 - mmdet - INFO - Epoch [23][1600/6976]	lr: 1.000e-04, eta: 2:38:47, time: 0.183, data_time: 0.009, memory: 13424, loss_cls: 0.3879, loss_bbox: 0.3633, loss_kps: 0.0000, loss: 0.7512
2026-09-23 22:34:56,781 - mmdet - INFO - Epoch [23][1650/6976]	lr: 1.000e-04, eta: 2:38:38, time: 0.175, data_time: 0.009, memory: 13424, loss_cls: 0.3663, loss_bbox: 0.3437, loss_kps: 0.0000, loss: 0.7100
2026-09-23 22:35:05,923 - mmdet - INFO - Epoch [23][1700/6976]	lr: 1.000e-04, eta: 2:38:29, time: 0.183, data_time: 0.008, memory: 13424, loss_cls: 0.3668, loss_bbox: 0.3326, loss_kps: 0.0000, loss: 0.6994
2026-09-23 22:35:14,579 - mmdet - INFO - Epoch [23][1750/6976]	lr: 1.000e-04, eta: 2:38:20, time: 0.173, data_time: 0.009, memory: 13424, loss_cls: 0.3617, loss_bbox: 0.3361, loss_kps: 0.0000, loss: 0.6978
2026-09-23 22:35:23,393 - mmdet - INFO - Epoch [23][1800/6976]	lr: 1.000e-04, eta: 2:38:12, time: 0.176, data_time: 0.009, memory: 13424, loss_cls: 0.3697, loss_bbox: 0.3669, loss_kps: 0.0000, loss: 0.7366
2026-09-23 22:35:32,227 - mmdet - INFO - Epoch [23][1850/6976]	lr: 1.000e-04, eta: 2:38:03, time: 0.177, data_time: 0.008, memory: 13424, loss_cls: 0.3551, loss_bbox: 0.3466, loss_kps: 0.0000, loss: 0.7017
2026-09-23 22:35:41,020 - mmdet - INFO - Epoch [23][1900/6976]	lr: 1.000e-04, eta: 2:37:54, time: 0.176, data_time: 0.009, memory: 13424, loss_cls: 0.3654, loss_bbox: 0.3507, loss_kps: 0.0000, loss: 0.7162
2026-09-23 22:35:49,799 - mmdet - INFO - Epoch [23][1950/6976]	lr: 1.000e-04, eta: 2:37:45, time: 0.176, data_time: 0.009, memory: 13424, loss_cls: 0.3746, loss_bbox: 0.3570, loss_kps: 0.0000, loss: 0.7316
2026-09-23 22:35:58,587 - mmdet - INFO - Epoch [23][2000/6976]	lr: 1.000e-04, eta: 2:37:37, time: 0.176, data_time: 0.009, memory: 13424, loss_cls: 0.3592, loss_bbox: 0.3317, loss_kps: 0.0000, loss: 0.6909
2026-09-23 22:36:07,418 - mmdet - INFO - Epoch [23][2050/6976]	lr: 1.000e-04, eta: 2:37:28, time: 0.176, data_time: 0.009, memory: 13424, loss_cls: 0.3685, loss_bbox: 0.3371, loss_kps: 0.0000, loss: 0.7056
2026-09-23 22:36:16,219 - mmdet - INFO - Epoch [23][2100/6976]	lr: 1.000e-04, eta: 2:37:19, time: 0.176, data_time: 0.010, memory: 13424, loss_cls: 0.3639, loss_bbox: 0.3472, loss_kps: 0.0000, loss: 0.7111
2026-09-23 22:36:25,016 - mmdet - INFO - Epoch [23][2150/6976]	lr: 1.000e-04, eta: 2:37:10, time: 0.176, data_time: 0.009, memory: 13424, loss_cls: 0.4004, loss_bbox: 0.3606, loss_kps: 0.0000, loss: 0.7610
2026-09-23 22:36:33,936 - mmdet - INFO - Epoch [23][2200/6976]	lr: 1.000e-04, eta: 2:37:01, time: 0.178, data_time: 0.010, memory: 13424, loss_cls: 0.3709, loss_bbox: 0.3412, loss_kps: 0.0000, loss: 0.7122
2026-09-23 22:36:42,658 - mmdet - INFO - Epoch [23][2250/6976]	lr: 1.000e-04, eta: 2:36:53, time: 0.175, data_time: 0.009, memory: 13424, loss_cls: 0.3636, loss_bbox: 0.3480, loss_kps: 0.0000, loss: 0.7116
2026-09-23 22:36:51,349 - mmdet - INFO - Epoch [23][2300/6976]	lr: 1.000e-04, eta: 2:36:44, time: 0.174, data_time: 0.010, memory: 13424, loss_cls: 0.3456, loss_bbox: 0.3379, loss_kps: 0.0000, loss: 0.6835
2026-09-23 22:37:00,102 - mmdet - INFO - Epoch [23][2350/6976]	lr: 1.000e-04, eta: 2:36:35, time: 0.175, data_time: 0.009, memory: 13424, loss_cls: 0.3792, loss_bbox: 0.3556, loss_kps: 0.0000, loss: 0.7348
2026-09-23 22:37:09,355 - mmdet - INFO - Epoch [23][2400/6976]	lr: 1.000e-04, eta: 2:36:26, time: 0.185, data_time: 0.009, memory: 13424, loss_cls: 0.3781, loss_bbox: 0.3563, loss_kps: 0.0000, loss: 0.7344
2026-09-23 22:37:18,067 - mmdet - INFO - Epoch [23][2450/6976]	lr: 1.000e-04, eta: 2:36:18, time: 0.174, data_time: 0.009, memory: 13424, loss_cls: 0.3806, loss_bbox: 0.3542, loss_kps: 0.0000, loss: 0.7349
2026-09-23 22:37:26,857 - mmdet - INFO - Epoch [23][2500/6976]	lr: 1.000e-04, eta: 2:36:09, time: 0.176, data_time: 0.009, memory: 13424, loss_cls: 0.3530, loss_bbox: 0.3543, loss_kps: 0.0000, loss: 0.7073
2026-09-23 22:37:35,669 - mmdet - INFO - Epoch [23][2550/6976]	lr: 1.000e-04, eta: 2:36:00, time: 0.176, data_time: 0.010, memory: 13424, loss_cls: 0.3810, loss_bbox: 0.3613, loss_kps: 0.0000, loss: 0.7423
2026-09-23 22:37:44,450 - mmdet - INFO - Epoch [23][2600/6976]	lr: 1.000e-04, eta: 2:35:51, time: 0.176, data_time: 0.009, memory: 13424, loss_cls: 0.3689, loss_bbox: 0.3502, loss_kps: 0.0000, loss: 0.7191
2026-09-23 22:37:53,367 - mmdet - INFO - Epoch [23][2650/6976]	lr: 1.000e-04, eta: 2:35:43, time: 0.178, data_time: 0.009, memory: 13424, loss_cls: 0.3915, loss_bbox: 0.3630, loss_kps: 0.0000, loss: 0.7545
2026-09-23 22:38:02,109 - mmdet - INFO - Epoch [23][2700/6976]	lr: 1.000e-04, eta: 2:35:34, time: 0.175, data_time: 0.010, memory: 13424, loss_cls: 0.3700, loss_bbox: 0.3464, loss_kps: 0.0000, loss: 0.7165
2026-09-23 22:38:10,934 - mmdet - INFO - Epoch [23][2750/6976]	lr: 1.000e-04, eta: 2:35:25, time: 0.177, data_time: 0.010, memory: 13424, loss_cls: 0.3770, loss_bbox: 0.3631, loss_kps: 0.0000, loss: 0.7401
2026-09-23 22:38:19,709 - mmdet - INFO - Epoch [23][2800/6976]	lr: 1.000e-04, eta: 2:35:16, time: 0.175, data_time: 0.009, memory: 13424, loss_cls: 0.3457, loss_bbox: 0.3421, loss_kps: 0.0000, loss: 0.6877
2026-09-23 22:38:28,463 - mmdet - INFO - Epoch [23][2850/6976]	lr: 1.000e-04, eta: 2:35:07, time: 0.175, data_time: 0.010, memory: 13424, loss_cls: 0.3797, loss_bbox: 0.3606, loss_kps: 0.0000, loss: 0.7403
2026-09-23 22:38:37,307 - mmdet - INFO - Epoch [23][2900/6976]	lr: 1.000e-04, eta: 2:34:59, time: 0.177, data_time: 0.010, memory: 13424, loss_cls: 0.3680, loss_bbox: 0.3679, loss_kps: 0.0000, loss: 0.7359
2026-09-23 22:38:46,081 - mmdet - INFO - Epoch [23][2950/6976]	lr: 1.000e-04, eta: 2:34:50, time: 0.176, data_time: 0.010, memory: 13424, loss_cls: 0.3804, loss_bbox: 0.3534, loss_kps: 0.0000, loss: 0.7338
2026-09-23 22:38:54,790 - mmdet - INFO - Epoch [23][3000/6976]	lr: 1.000e-04, eta: 2:34:41, time: 0.174, data_time: 0.010, memory: 13424, loss_cls: 0.3514, loss_bbox: 0.3444, loss_kps: 0.0000, loss: 0.6958
2026-09-23 22:39:03,546 - mmdet - INFO - Epoch [23][3050/6976]	lr: 1.000e-04, eta: 2:34:32, time: 0.175, data_time: 0.010, memory: 13424, loss_cls: 0.3421, loss_bbox: 0.3532, loss_kps: 0.0000, loss: 0.6953
2026-09-23 22:39:12,336 - mmdet - INFO - Epoch [23][3100/6976]	lr: 1.000e-04, eta: 2:34:23, time: 0.175, data_time: 0.009, memory: 13424, loss_cls: 0.3641, loss_bbox: 0.3492, loss_kps: 0.0000, loss: 0.7133
2026-09-23 22:39:21,095 - mmdet - INFO - Epoch [23][3150/6976]	lr: 1.000e-04, eta: 2:34:15, time: 0.175, data_time: 0.010, memory: 13424, loss_cls: 0.3762, loss_bbox: 0.3605, loss_kps: 0.0000, loss: 0.7367
2026-09-23 22:39:29,883 - mmdet - INFO - Epoch [23][3200/6976]	lr: 1.000e-04, eta: 2:34:06, time: 0.176, data_time: 0.010, memory: 13424, loss_cls: 0.3803, loss_bbox: 0.3645, loss_kps: 0.0000, loss: 0.7449
2026-09-23 22:39:38,681 - mmdet - INFO - Epoch [23][3250/6976]	lr: 1.000e-04, eta: 2:33:57, time: 0.176, data_time: 0.009, memory: 13424, loss_cls: 0.3631, loss_bbox: 0.3599, loss_kps: 0.0000, loss: 0.7231
2026-09-23 22:39:47,446 - mmdet - INFO - Epoch [23][3300/6976]	lr: 1.000e-04, eta: 2:33:48, time: 0.175, data_time: 0.010, memory: 13424, loss_cls: 0.3491, loss_bbox: 0.3354, loss_kps: 0.0000, loss: 0.6845
2026-09-23 22:39:56,169 - mmdet - INFO - Epoch [23][3350/6976]	lr: 1.000e-04, eta: 2:33:39, time: 0.175, data_time: 0.009, memory: 13424, loss_cls: 0.3568, loss_bbox: 0.3563, loss_kps: 0.0000, loss: 0.7131
2026-09-23 22:40:04,914 - mmdet - INFO - Epoch [23][3400/6976]	lr: 1.000e-04, eta: 2:33:31, time: 0.175, data_time: 0.009, memory: 13424, loss_cls: 0.3788, loss_bbox: 0.3569, loss_kps: 0.0000, loss: 0.7357
2026-09-23 22:40:13,953 - mmdet - INFO - Epoch [23][3450/6976]	lr: 1.000e-04, eta: 2:33:22, time: 0.181, data_time: 0.009, memory: 13424, loss_cls: 0.3587, loss_bbox: 0.3585, loss_kps: 0.0000, loss: 0.7171
2026-09-23 22:40:22,742 - mmdet - INFO - Epoch [23][3500/6976]	lr: 1.000e-04, eta: 2:33:13, time: 0.176, data_time: 0.009, memory: 13424, loss_cls: 0.3808, loss_bbox: 0.3563, loss_kps: 0.0000, loss: 0.7371
2026-09-23 22:40:31,559 - mmdet - INFO - Epoch [23][3550/6976]	lr: 1.000e-04, eta: 2:33:04, time: 0.176, data_time: 0.009, memory: 13424, loss_cls: 0.3556, loss_bbox: 0.3527, loss_kps: 0.0000, loss: 0.7083
2026-09-23 22:40:40,260 - mmdet - INFO - Epoch [23][3600/6976]	lr: 1.000e-04, eta: 2:32:56, time: 0.174, data_time: 0.009, memory: 13424, loss_cls: 0.3755, loss_bbox: 0.3545, loss_kps: 0.0000, loss: 0.7300
2026-09-23 22:40:49,193 - mmdet - INFO - Epoch [23][3650/6976]	lr: 1.000e-04, eta: 2:32:47, time: 0.179, data_time: 0.009, memory: 13424, loss_cls: 0.3570, loss_bbox: 0.3452, loss_kps: 0.0000, loss: 0.7022
2026-09-23 22:40:57,907 - mmdet - INFO - Epoch [23][3700/6976]	lr: 1.000e-04, eta: 2:32:38, time: 0.175, data_time: 0.010, memory: 13424, loss_cls: 0.3783, loss_bbox: 0.3580, loss_kps: 0.0000, loss: 0.7363
2026-09-23 22:41:06,981 - mmdet - INFO - Epoch [23][3750/6976]	lr: 1.000e-04, eta: 2:32:29, time: 0.181, data_time: 0.009, memory: 13424, loss_cls: 0.3611, loss_bbox: 0.3475, loss_kps: 0.0000, loss: 0.7086
2026-09-23 22:41:15,602 - mmdet - INFO - Epoch [23][3800/6976]	lr: 1.000e-04, eta: 2:32:20, time: 0.172, data_time: 0.009, memory: 13424, loss_cls: 0.3528, loss_bbox: 0.3581, loss_kps: 0.0000, loss: 0.7109
2026-09-23 22:41:24,425 - mmdet - INFO - Epoch [23][3850/6976]	lr: 1.000e-04, eta: 2:32:12, time: 0.176, data_time: 0.009, memory: 13424, loss_cls: 0.3803, loss_bbox: 0.3521, loss_kps: 0.0000, loss: 0.7324
2026-09-23 22:41:33,143 - mmdet - INFO - Epoch [23][3900/6976]	lr: 1.000e-04, eta: 2:32:03, time: 0.174, data_time: 0.009, memory: 13424, loss_cls: 0.3939, loss_bbox: 0.3617, loss_kps: 0.0000, loss: 0.7555
2026-09-23 22:41:42,241 - mmdet - INFO - Epoch [23][3950/6976]	lr: 1.000e-04, eta: 2:31:54, time: 0.182, data_time: 0.010, memory: 13424, loss_cls: 0.3782, loss_bbox: 0.3566, loss_kps: 0.0000, loss: 0.7348
2026-09-23 22:41:50,975 - mmdet - INFO - Epoch [23][4000/6976]	lr: 1.000e-04, eta: 2:31:45, time: 0.175, data_time: 0.009, memory: 13424, loss_cls: 0.3586, loss_bbox: 0.3456, loss_kps: 0.0000, loss: 0.7042
2026-09-23 22:41:59,731 - mmdet - INFO - Epoch [23][4050/6976]	lr: 1.000e-04, eta: 2:31:37, time: 0.175, data_time: 0.009, memory: 13424, loss_cls: 0.3717, loss_bbox: 0.3420, loss_kps: 0.0000, loss: 0.7137
2026-09-23 22:42:08,518 - mmdet - INFO - Epoch [23][4100/6976]	lr: 1.000e-04, eta: 2:31:28, time: 0.176, data_time: 0.009, memory: 13424, loss_cls: 0.3573, loss_bbox: 0.3515, loss_kps: 0.0000, loss: 0.7088
2026-09-23 22:42:17,260 - mmdet - INFO - Epoch [23][4150/6976]	lr: 1.000e-04, eta: 2:31:19, time: 0.175, data_time: 0.009, memory: 13424, loss_cls: 0.3736, loss_bbox: 0.3511, loss_kps: 0.0000, loss: 0.7247
2026-09-23 22:42:26,095 - mmdet - INFO - Epoch [23][4200/6976]	lr: 1.000e-04, eta: 2:31:10, time: 0.177, data_time: 0.009, memory: 13424, loss_cls: 0.3593, loss_bbox: 0.3468, loss_kps: 0.0000, loss: 0.7060
2026-09-23 22:42:34,846 - mmdet - INFO - Epoch [23][4250/6976]	lr: 1.000e-04, eta: 2:31:01, time: 0.175, data_time: 0.010, memory: 13424, loss_cls: 0.3901, loss_bbox: 0.3618, loss_kps: 0.0000, loss: 0.7519
2026-09-23 22:42:43,620 - mmdet - INFO - Epoch [23][4300/6976]	lr: 1.000e-04, eta: 2:30:53, time: 0.175, data_time: 0.010, memory: 13424, loss_cls: 0.4038, loss_bbox: 0.3602, loss_kps: 0.0000, loss: 0.7640
2026-09-23 22:42:52,251 - mmdet - INFO - Epoch [23][4350/6976]	lr: 1.000e-04, eta: 2:30:44, time: 0.173, data_time: 0.009, memory: 13424, loss_cls: 0.3891, loss_bbox: 0.3640, loss_kps: 0.0000, loss: 0.7531
2026-09-23 22:43:00,952 - mmdet - INFO - Epoch [23][4400/6976]	lr: 1.000e-04, eta: 2:30:35, time: 0.174, data_time: 0.009, memory: 13424, loss_cls: 0.3741, loss_bbox: 0.3626, loss_kps: 0.0000, loss: 0.7367
2026-09-23 22:43:09,626 - mmdet - INFO - Epoch [23][4450/6976]	lr: 1.000e-04, eta: 2:30:26, time: 0.173, data_time: 0.009, memory: 13424, loss_cls: 0.3553, loss_bbox: 0.3482, loss_kps: 0.0000, loss: 0.7035
2026-09-23 22:43:18,373 - mmdet - INFO - Epoch [23][4500/6976]	lr: 1.000e-04, eta: 2:30:17, time: 0.175, data_time: 0.009, memory: 13424, loss_cls: 0.3825, loss_bbox: 0.3547, loss_kps: 0.0000, loss: 0.7372
2026-09-23 22:43:27,139 - mmdet - INFO - Epoch [23][4550/6976]	lr: 1.000e-04, eta: 2:30:09, time: 0.175, data_time: 0.009, memory: 13424, loss_cls: 0.3599, loss_bbox: 0.3592, loss_kps: 0.0000, loss: 0.7191
2026-09-23 22:43:35,903 - mmdet - INFO - Epoch [23][4600/6976]	lr: 1.000e-04, eta: 2:30:00, time: 0.175, data_time: 0.010, memory: 13424, loss_cls: 0.3629, loss_bbox: 0.3509, loss_kps: 0.0000, loss: 0.7138
2026-09-23 22:43:44,696 - mmdet - INFO - Epoch [23][4650/6976]	lr: 1.000e-04, eta: 2:29:51, time: 0.176, data_time: 0.009, memory: 13424, loss_cls: 0.3770, loss_bbox: 0.3584, loss_kps: 0.0000, loss: 0.7354
2026-09-23 22:43:53,520 - mmdet - INFO - Epoch [23][4700/6976]	lr: 1.000e-04, eta: 2:29:42, time: 0.176, data_time: 0.009, memory: 13424, loss_cls: 0.3853, loss_bbox: 0.3740, loss_kps: 0.0000, loss: 0.7593
2026-09-23 22:44:02,395 - mmdet - INFO - Epoch [23][4750/6976]	lr: 1.000e-04, eta: 2:29:33, time: 0.178, data_time: 0.009, memory: 13424, loss_cls: 0.3644, loss_bbox: 0.3441, loss_kps: 0.0000, loss: 0.7084
2026-09-23 22:44:11,108 - mmdet - INFO - Epoch [23][4800/6976]	lr: 1.000e-04, eta: 2:29:25, time: 0.174, data_time: 0.009, memory: 13424, loss_cls: 0.3712, loss_bbox: 0.3689, loss_kps: 0.0000, loss: 0.7401
2026-09-23 22:44:19,934 - mmdet - INFO - Epoch [23][4850/6976]	lr: 1.000e-04, eta: 2:29:16, time: 0.177, data_time: 0.009, memory: 13424, loss_cls: 0.3736, loss_bbox: 0.3602, loss_kps: 0.0000, loss: 0.7338
2026-09-23 22:44:28,640 - mmdet - INFO - Epoch [23][4900/6976]	lr: 1.000e-04, eta: 2:29:07, time: 0.174, data_time: 0.009, memory: 13424, loss_cls: 0.3804, loss_bbox: 0.3559, loss_kps: 0.0000, loss: 0.7363
2026-09-23 22:44:37,327 - mmdet - INFO - Epoch [23][4950/6976]	lr: 1.000e-04, eta: 2:28:58, time: 0.174, data_time: 0.009, memory: 13424, loss_cls: 0.3744, loss_bbox: 0.3479, loss_kps: 0.0000, loss: 0.7223
2026-09-23 22:44:45,965 - mmdet - INFO - Epoch [23][5000/6976]	lr: 1.000e-04, eta: 2:28:49, time: 0.173, data_time: 0.009, memory: 13424, loss_cls: 0.3828, loss_bbox: 0.3603, loss_kps: 0.0000, loss: 0.7431
2026-09-23 22:44:54,724 - mmdet - INFO - Epoch [23][5050/6976]	lr: 1.000e-04, eta: 2:28:41, time: 0.175, data_time: 0.009, memory: 13424, loss_cls: 0.3499, loss_bbox: 0.3416, loss_kps: 0.0000, loss: 0.6914
2026-09-23 22:45:03,516 - mmdet - INFO - Epoch [23][5100/6976]	lr: 1.000e-04, eta: 2:28:32, time: 0.176, data_time: 0.009, memory: 13424, loss_cls: 0.3515, loss_bbox: 0.3362, loss_kps: 0.0000, loss: 0.6877
2026-09-23 22:45:12,251 - mmdet - INFO - Epoch [23][5150/6976]	lr: 1.000e-04, eta: 2:28:23, time: 0.175, data_time: 0.009, memory: 13424, loss_cls: 0.3676, loss_bbox: 0.3537, loss_kps: 0.0000, loss: 0.7213
2026-09-23 22:45:21,023 - mmdet - INFO - Epoch [23][5200/6976]	lr: 1.000e-04, eta: 2:28:14, time: 0.175, data_time: 0.009, memory: 13424, loss_cls: 0.3666, loss_bbox: 0.3461, loss_kps: 0.0000, loss: 0.7127
2026-09-23 22:45:29,795 - mmdet - INFO - Epoch [23][5250/6976]	lr: 1.000e-04, eta: 2:28:05, time: 0.175, data_time: 0.009, memory: 13424, loss_cls: 0.3564, loss_bbox: 0.3405, loss_kps: 0.0000, loss: 0.6969
2026-09-23 22:45:38,437 - mmdet - INFO - Epoch [23][5300/6976]	lr: 1.000e-04, eta: 2:27:57, time: 0.173, data_time: 0.009, memory: 13424, loss_cls: 0.3811, loss_bbox: 0.3692, loss_kps: 0.0000, loss: 0.7503
2026-09-23 22:45:47,264 - mmdet - INFO - Epoch [23][5350/6976]	lr: 1.000e-04, eta: 2:27:48, time: 0.177, data_time: 0.009, memory: 13424, loss_cls: 0.3717, loss_bbox: 0.3516, loss_kps: 0.0000, loss: 0.7233
2026-09-23 22:45:56,089 - mmdet - INFO - Epoch [23][5400/6976]	lr: 1.000e-04, eta: 2:27:39, time: 0.176, data_time: 0.009, memory: 13424, loss_cls: 0.3650, loss_bbox: 0.3519, loss_kps: 0.0000, loss: 0.7169
2026-09-23 22:46:05,179 - mmdet - INFO - Epoch [23][5450/6976]	lr: 1.000e-04, eta: 2:27:30, time: 0.181, data_time: 0.009, memory: 13424, loss_cls: 0.3478, loss_bbox: 0.3410, loss_kps: 0.0000, loss: 0.6888
2026-09-23 22:46:13,922 - mmdet - INFO - Epoch [23][5500/6976]	lr: 1.000e-04, eta: 2:27:21, time: 0.175, data_time: 0.010, memory: 13424, loss_cls: 0.4036, loss_bbox: 0.3626, loss_kps: 0.0000, loss: 0.7661
2026-09-23 22:46:22,708 - mmdet - INFO - Epoch [23][5550/6976]	lr: 1.000e-04, eta: 2:27:13, time: 0.176, data_time: 0.009, memory: 13424, loss_cls: 0.3556, loss_bbox: 0.3377, loss_kps: 0.0000, loss: 0.6933
2026-09-23 22:46:31,489 - mmdet - INFO - Epoch [23][5600/6976]	lr: 1.000e-04, eta: 2:27:04, time: 0.176, data_time: 0.009, memory: 13424, loss_cls: 0.3413, loss_bbox: 0.3461, loss_kps: 0.0000, loss: 0.6874
2026-09-23 22:46:40,273 - mmdet - INFO - Epoch [23][5650/6976]	lr: 1.000e-04, eta: 2:26:55, time: 0.176, data_time: 0.009, memory: 13424, loss_cls: 0.3728, loss_bbox: 0.3534, loss_kps: 0.0000, loss: 0.7262
2026-09-23 22:46:49,091 - mmdet - INFO - Epoch [23][5700/6976]	lr: 1.000e-04, eta: 2:26:46, time: 0.176, data_time: 0.009, memory: 13424, loss_cls: 0.3953, loss_bbox: 0.3529, loss_kps: 0.0000, loss: 0.7482
2026-09-23 22:46:57,827 - mmdet - INFO - Epoch [23][5750/6976]	lr: 1.000e-04, eta: 2:26:38, time: 0.174, data_time: 0.009, memory: 13424, loss_cls: 0.3791, loss_bbox: 0.3710, loss_kps: 0.0000, loss: 0.7501
2026-09-23 22:47:06,498 - mmdet - INFO - Epoch [23][5800/6976]	lr: 1.000e-04, eta: 2:26:29, time: 0.174, data_time: 0.010, memory: 13424, loss_cls: 0.3785, loss_bbox: 0.3595, loss_kps: 0.0000, loss: 0.7380
2026-09-23 22:47:15,284 - mmdet - INFO - Epoch [23][5850/6976]	lr: 1.000e-04, eta: 2:26:20, time: 0.176, data_time: 0.009, memory: 13424, loss_cls: 0.3980, loss_bbox: 0.3691, loss_kps: 0.0000, loss: 0.7672
2026-09-23 22:47:24,350 - mmdet - INFO - Epoch [23][5900/6976]	lr: 1.000e-04, eta: 2:26:11, time: 0.181, data_time: 0.009, memory: 13424, loss_cls: 0.3704, loss_bbox: 0.3560, loss_kps: 0.0000, loss: 0.7264
2026-09-23 22:47:33,061 - mmdet - INFO - Epoch [23][5950/6976]	lr: 1.000e-04, eta: 2:26:02, time: 0.174, data_time: 0.009, memory: 13424, loss_cls: 0.3822, loss_bbox: 0.3569, loss_kps: 0.0000, loss: 0.7391
2026-09-23 22:47:41,882 - mmdet - INFO - Epoch [23][6000/6976]	lr: 1.000e-04, eta: 2:25:54, time: 0.176, data_time: 0.009, memory: 13424, loss_cls: 0.3602, loss_bbox: 0.3432, loss_kps: 0.0000, loss: 0.7035
2026-09-23 22:47:50,587 - mmdet - INFO - Epoch [23][6050/6976]	lr: 1.000e-04, eta: 2:25:45, time: 0.174, data_time: 0.009, memory: 13424, loss_cls: 0.3516, loss_bbox: 0.3358, loss_kps: 0.0000, loss: 0.6874
2026-09-23 22:47:59,528 - mmdet - INFO - Epoch [23][6100/6976]	lr: 1.000e-04, eta: 2:25:36, time: 0.179, data_time: 0.009, memory: 13424, loss_cls: 0.3798, loss_bbox: 0.3576, loss_kps: 0.0000, loss: 0.7374
2026-09-23 22:48:08,299 - mmdet - INFO - Epoch [23][6150/6976]	lr: 1.000e-04, eta: 2:25:27, time: 0.175, data_time: 0.010, memory: 13424, loss_cls: 0.3845, loss_bbox: 0.3574, loss_kps: 0.0000, loss: 0.7418
2026-09-23 22:48:17,007 - mmdet - INFO - Epoch [23][6200/6976]	lr: 1.000e-04, eta: 2:25:18, time: 0.174, data_time: 0.009, memory: 13424, loss_cls: 0.3928, loss_bbox: 0.3675, loss_kps: 0.0000, loss: 0.7603
2026-09-23 22:48:25,876 - mmdet - INFO - Epoch [23][6250/6976]	lr: 1.000e-04, eta: 2:25:10, time: 0.177, data_time: 0.009, memory: 13424, loss_cls: 0.3685, loss_bbox: 0.3454, loss_kps: 0.0000, loss: 0.7138
2026-09-23 22:48:34,579 - mmdet - INFO - Epoch [23][6300/6976]	lr: 1.000e-04, eta: 2:25:01, time: 0.174, data_time: 0.010, memory: 13424, loss_cls: 0.3820, loss_bbox: 0.3574, loss_kps: 0.0000, loss: 0.7394
2026-09-23 22:48:43,166 - mmdet - INFO - Epoch [23][6350/6976]	lr: 1.000e-04, eta: 2:24:52, time: 0.172, data_time: 0.010, memory: 13424, loss_cls: 0.3639, loss_bbox: 0.3507, loss_kps: 0.0000, loss: 0.7146
2026-09-23 22:48:51,975 - mmdet - INFO - Epoch [23][6400/6976]	lr: 1.000e-04, eta: 2:24:43, time: 0.176, data_time: 0.010, memory: 13424, loss_cls: 0.3499, loss_bbox: 0.3465, loss_kps: 0.0000, loss: 0.6963
2026-09-23 22:49:00,716 - mmdet - INFO - Epoch [23][6450/6976]	lr: 1.000e-04, eta: 2:24:34, time: 0.175, data_time: 0.009, memory: 13424, loss_cls: 0.3638, loss_bbox: 0.3343, loss_kps: 0.0000, loss: 0.6981
2026-09-23 22:49:09,455 - mmdet - INFO - Epoch [23][6500/6976]	lr: 1.000e-04, eta: 2:24:26, time: 0.175, data_time: 0.010, memory: 13424, loss_cls: 0.3685, loss_bbox: 0.3537, loss_kps: 0.0000, loss: 0.7222
2026-09-23 22:49:18,210 - mmdet - INFO - Epoch [23][6550/6976]	lr: 1.000e-04, eta: 2:24:17, time: 0.175, data_time: 0.010, memory: 13424, loss_cls: 0.3779, loss_bbox: 0.3582, loss_kps: 0.0000, loss: 0.7361
2026-09-23 22:49:27,034 - mmdet - INFO - Epoch [23][6600/6976]	lr: 1.000e-04, eta: 2:24:08, time: 0.176, data_time: 0.010, memory: 13424, loss_cls: 0.3706, loss_bbox: 0.3576, loss_kps: 0.0000, loss: 0.7282
2026-09-23 22:49:35,844 - mmdet - INFO - Epoch [23][6650/6976]	lr: 1.000e-04, eta: 2:23:59, time: 0.176, data_time: 0.009, memory: 13424, loss_cls: 0.3777, loss_bbox: 0.3585, loss_kps: 0.0000, loss: 0.7362
2026-09-23 22:49:44,615 - mmdet - INFO - Epoch [23][6700/6976]	lr: 1.000e-04, eta: 2:23:51, time: 0.176, data_time: 0.010, memory: 13424, loss_cls: 0.3694, loss_bbox: 0.3562, loss_kps: 0.0000, loss: 0.7256
2026-09-23 22:49:53,409 - mmdet - INFO - Epoch [23][6750/6976]	lr: 1.000e-04, eta: 2:23:42, time: 0.176, data_time: 0.010, memory: 13424, loss_cls: 0.3878, loss_bbox: 0.3594, loss_kps: 0.0000, loss: 0.7472
2026-09-23 22:50:02,211 - mmdet - INFO - Epoch [23][6800/6976]	lr: 1.000e-04, eta: 2:23:33, time: 0.176, data_time: 0.009, memory: 13424, loss_cls: 0.3563, loss_bbox: 0.3470, loss_kps: 0.0000, loss: 0.7033
2026-09-23 22:50:10,933 - mmdet - INFO - Epoch [23][6850/6976]	lr: 1.000e-04, eta: 2:23:24, time: 0.174, data_time: 0.009, memory: 13424, loss_cls: 0.3505, loss_bbox: 0.3451, loss_kps: 0.0000, loss: 0.6957
2026-09-23 22:50:19,650 - mmdet - INFO - Epoch [23][6900/6976]	lr: 1.000e-04, eta: 2:23:15, time: 0.174, data_time: 0.009, memory: 13424, loss_cls: 0.3805, loss_bbox: 0.3526, loss_kps: 0.0000, loss: 0.7331
2026-09-23 22:50:28,406 - mmdet - INFO - Epoch [23][6950/6976]	lr: 1.000e-04, eta: 2:23:07, time: 0.175, data_time: 0.010, memory: 13424, loss_cls: 0.3591, loss_bbox: 0.3507, loss_kps: 0.0000, loss: 0.7098
2026-09-23 22:50:33,036 - mmdet - INFO - Saving checkpoint at 23 epochs
2026-09-23 22:50:47,030 - mmdet - INFO - Epoch [24][50/6976]	lr: 1.000e-04, eta: 2:22:53, time: 0.275, data_time: 0.097, memory: 13424, loss_cls: 0.3756, loss_bbox: 0.3608, loss_kps: 0.0000, loss: 0.7364
2026-09-23 22:50:55,900 - mmdet - INFO - Epoch [24][100/6976]	lr: 1.000e-04, eta: 2:22:45, time: 0.177, data_time: 0.009, memory: 13424, loss_cls: 0.3519, loss_bbox: 0.3528, loss_kps: 0.0000, loss: 0.7047
2026-09-23 22:51:04,743 - mmdet - INFO - Epoch [24][150/6976]	lr: 1.000e-04, eta: 2:22:36, time: 0.177, data_time: 0.009, memory: 13424, loss_cls: 0.3844, loss_bbox: 0.3589, loss_kps: 0.0000, loss: 0.7433
2026-09-23 22:51:13,536 - mmdet - INFO - Epoch [24][200/6976]	lr: 1.000e-04, eta: 2:22:27, time: 0.176, data_time: 0.008, memory: 13424, loss_cls: 0.3642, loss_bbox: 0.3392, loss_kps: 0.0000, loss: 0.7034
2026-09-23 22:51:22,268 - mmdet - INFO - Epoch [24][250/6976]	lr: 1.000e-04, eta: 2:22:18, time: 0.175, data_time: 0.008, memory: 13424, loss_cls: 0.3641, loss_bbox: 0.3584, loss_kps: 0.0000, loss: 0.7225
2026-09-23 22:51:31,082 - mmdet - INFO - Epoch [24][300/6976]	lr: 1.000e-04, eta: 2:22:09, time: 0.176, data_time: 0.009, memory: 13424, loss_cls: 0.3581, loss_bbox: 0.3460, loss_kps: 0.0000, loss: 0.7040
2026-09-23 22:51:40,262 - mmdet - INFO - Epoch [24][350/6976]	lr: 1.000e-04, eta: 2:22:01, time: 0.184, data_time: 0.008, memory: 13424, loss_cls: 0.3757, loss_bbox: 0.3343, loss_kps: 0.0000, loss: 0.7101
2026-09-23 22:51:49,121 - mmdet - INFO - Epoch [24][400/6976]	lr: 1.000e-04, eta: 2:21:52, time: 0.177, data_time: 0.010, memory: 13424, loss_cls: 0.3922, loss_bbox: 0.3652, loss_kps: 0.0000, loss: 0.7574
2026-09-23 22:51:57,946 - mmdet - INFO - Epoch [24][450/6976]	lr: 1.000e-04, eta: 2:21:43, time: 0.177, data_time: 0.008, memory: 13424, loss_cls: 0.3701, loss_bbox: 0.3514, loss_kps: 0.0000, loss: 0.7214
2026-09-23 22:52:06,752 - mmdet - INFO - Epoch [24][500/6976]	lr: 1.000e-04, eta: 2:21:34, time: 0.176, data_time: 0.008, memory: 13424, loss_cls: 0.3764, loss_bbox: 0.3642, loss_kps: 0.0000, loss: 0.7406
2026-09-23 22:52:15,665 - mmdet - INFO - Epoch [24][550/6976]	lr: 1.000e-04, eta: 2:21:26, time: 0.178, data_time: 0.009, memory: 13424, loss_cls: 0.3673, loss_bbox: 0.3488, loss_kps: 0.0000, loss: 0.7161
2026-09-23 22:52:24,510 - mmdet - INFO - Epoch [24][600/6976]	lr: 1.000e-04, eta: 2:21:17, time: 0.177, data_time: 0.009, memory: 13424, loss_cls: 0.3623, loss_bbox: 0.3469, loss_kps: 0.0000, loss: 0.7092
2026-09-23 22:52:33,330 - mmdet - INFO - Epoch [24][650/6976]	lr: 1.000e-04, eta: 2:21:08, time: 0.176, data_time: 0.009, memory: 13424, loss_cls: 0.3709, loss_bbox: 0.3476, loss_kps: 0.0000, loss: 0.7185
2026-09-23 22:52:42,236 - mmdet - INFO - Epoch [24][700/6976]	lr: 1.000e-04, eta: 2:20:59, time: 0.178, data_time: 0.009, memory: 13424, loss_cls: 0.3632, loss_bbox: 0.3539, loss_kps: 0.0000, loss: 0.7172
2026-09-23 22:52:50,949 - mmdet - INFO - Epoch [24][750/6976]	lr: 1.000e-04, eta: 2:20:51, time: 0.174, data_time: 0.009, memory: 13424, loss_cls: 0.3628, loss_bbox: 0.3648, loss_kps: 0.0000, loss: 0.7276
2026-09-23 22:52:59,672 - mmdet - INFO - Epoch [24][800/6976]	lr: 1.000e-04, eta: 2:20:42, time: 0.174, data_time: 0.009, memory: 13424, loss_cls: 0.3709, loss_bbox: 0.3598, loss_kps: 0.0000, loss: 0.7307
2026-09-23 22:53:08,478 - mmdet - INFO - Epoch [24][850/6976]	lr: 1.000e-04, eta: 2:20:33, time: 0.176, data_time: 0.009, memory: 13424, loss_cls: 0.3575, loss_bbox: 0.3496, loss_kps: 0.0000, loss: 0.7071
2026-09-23 22:53:17,285 - mmdet - INFO - Epoch [24][900/6976]	lr: 1.000e-04, eta: 2:20:24, time: 0.176, data_time: 0.009, memory: 13424, loss_cls: 0.3768, loss_bbox: 0.3446, loss_kps: 0.0000, loss: 0.7214
2026-09-23 22:53:26,109 - mmdet - INFO - Epoch [24][950/6976]	lr: 1.000e-04, eta: 2:20:15, time: 0.176, data_time: 0.009, memory: 13424, loss_cls: 0.3886, loss_bbox: 0.3660, loss_kps: 0.0000, loss: 0.7546
2026-09-23 22:53:34,904 - mmdet - INFO - Epoch [24][1000/6976]	lr: 1.000e-04, eta: 2:20:07, time: 0.176, data_time: 0.009, memory: 13424, loss_cls: 0.3575, loss_bbox: 0.3564, loss_kps: 0.0000, loss: 0.7139
2026-09-23 22:53:43,685 - mmdet - INFO - Epoch [24][1050/6976]	lr: 1.000e-04, eta: 2:19:58, time: 0.176, data_time: 0.010, memory: 13424, loss_cls: 0.3591, loss_bbox: 0.3457, loss_kps: 0.0000, loss: 0.7048
2026-09-23 22:53:52,841 - mmdet - INFO - Epoch [24][1100/6976]	lr: 1.000e-04, eta: 2:19:49, time: 0.183, data_time: 0.009, memory: 13424, loss_cls: 0.3686, loss_bbox: 0.3480, loss_kps: 0.0000, loss: 0.7165
2026-09-23 22:54:01,683 - mmdet - INFO - Epoch [24][1150/6976]	lr: 1.000e-04, eta: 2:19:40, time: 0.177, data_time: 0.009, memory: 13424, loss_cls: 0.3623, loss_bbox: 0.3481, loss_kps: 0.0000, loss: 0.7104
2026-09-23 22:54:10,493 - mmdet - INFO - Epoch [24][1200/6976]	lr: 1.000e-04, eta: 2:19:32, time: 0.176, data_time: 0.009, memory: 13424, loss_cls: 0.3516, loss_bbox: 0.3629, loss_kps: 0.0000, loss: 0.7145
2026-09-23 22:54:19,308 - mmdet - INFO - Epoch [24][1250/6976]	lr: 1.000e-04, eta: 2:19:23, time: 0.176, data_time: 0.009, memory: 13424, loss_cls: 0.3759, loss_bbox: 0.3677, loss_kps: 0.0000, loss: 0.7436
2026-09-23 22:54:28,093 - mmdet - INFO - Epoch [24][1300/6976]	lr: 1.000e-04, eta: 2:19:14, time: 0.176, data_time: 0.010, memory: 13424, loss_cls: 0.3961, loss_bbox: 0.3889, loss_kps: 0.0000, loss: 0.7850
2026-09-23 22:54:36,850 - mmdet - INFO - Epoch [24][1350/6976]	lr: 1.000e-04, eta: 2:19:05, time: 0.175, data_time: 0.009, memory: 13424, loss_cls: 0.3597, loss_bbox: 0.3509, loss_kps: 0.0000, loss: 0.7105
2026-09-23 22:54:45,662 - mmdet - INFO - Epoch [24][1400/6976]	lr: 1.000e-04, eta: 2:18:56, time: 0.176, data_time: 0.010, memory: 13424, loss_cls: 0.3468, loss_bbox: 0.3394, loss_kps: 0.0000, loss: 0.6863
2026-09-23 22:54:54,469 - mmdet - INFO - Epoch [24][1450/6976]	lr: 1.000e-04, eta: 2:18:48, time: 0.176, data_time: 0.009, memory: 13424, loss_cls: 0.3642, loss_bbox: 0.3527, loss_kps: 0.0000, loss: 0.7168
2026-09-23 22:55:03,288 - mmdet - INFO - Epoch [24][1500/6976]	lr: 1.000e-04, eta: 2:18:39, time: 0.177, data_time: 0.010, memory: 13424, loss_cls: 0.3601, loss_bbox: 0.3606, loss_kps: 0.0000, loss: 0.7207
2026-09-23 22:55:12,073 - mmdet - INFO - Epoch [24][1550/6976]	lr: 1.000e-04, eta: 2:18:30, time: 0.176, data_time: 0.009, memory: 13424, loss_cls: 0.3682, loss_bbox: 0.3583, loss_kps: 0.0000, loss: 0.7265
2026-09-23 22:55:20,814 - mmdet - INFO - Epoch [24][1600/6976]	lr: 1.000e-04, eta: 2:18:21, time: 0.175, data_time: 0.010, memory: 13424, loss_cls: 0.3550, loss_bbox: 0.3572, loss_kps: 0.0000, loss: 0.7123
2026-09-23 22:55:29,618 - mmdet - INFO - Epoch [24][1650/6976]	lr: 1.000e-04, eta: 2:18:12, time: 0.176, data_time: 0.010, memory: 13424, loss_cls: 0.3558, loss_bbox: 0.3443, loss_kps: 0.0000, loss: 0.7002
2026-09-23 22:55:38,457 - mmdet - INFO - Epoch [24][1700/6976]	lr: 1.000e-04, eta: 2:18:04, time: 0.177, data_time: 0.009, memory: 13424, loss_cls: 0.3557, loss_bbox: 0.3435, loss_kps: 0.0000, loss: 0.6992
2026-09-23 22:55:47,209 - mmdet - INFO - Epoch [24][1750/6976]	lr: 1.000e-04, eta: 2:17:55, time: 0.175, data_time: 0.009, memory: 13424, loss_cls: 0.3640, loss_bbox: 0.3491, loss_kps: 0.0000, loss: 0.7131
2026-09-23 22:55:56,003 - mmdet - INFO - Epoch [24][1800/6976]	lr: 1.000e-04, eta: 2:17:46, time: 0.176, data_time: 0.010, memory: 13424, loss_cls: 0.3697, loss_bbox: 0.3623, loss_kps: 0.0000, loss: 0.7320
2026-09-23 22:56:05,192 - mmdet - INFO - Epoch [24][1850/6976]	lr: 1.000e-04, eta: 2:17:37, time: 0.184, data_time: 0.009, memory: 13424, loss_cls: 0.3632, loss_bbox: 0.3497, loss_kps: 0.0000, loss: 0.7129
2026-09-23 22:56:13,874 - mmdet - INFO - Epoch [24][1900/6976]	lr: 1.000e-04, eta: 2:17:29, time: 0.174, data_time: 0.010, memory: 13424, loss_cls: 0.3473, loss_bbox: 0.3533, loss_kps: 0.0000, loss: 0.7007
2026-09-23 22:56:22,652 - mmdet - INFO - Epoch [24][1950/6976]	lr: 1.000e-04, eta: 2:17:20, time: 0.176, data_time: 0.010, memory: 13424, loss_cls: 0.3771, loss_bbox: 0.3614, loss_kps: 0.0000, loss: 0.7385
2026-09-23 22:56:31,467 - mmdet - INFO - Epoch [24][2000/6976]	lr: 1.000e-04, eta: 2:17:11, time: 0.176, data_time: 0.009, memory: 13424, loss_cls: 0.3537, loss_bbox: 0.3372, loss_kps: 0.0000, loss: 0.6909
2026-09-23 22:56:40,266 - mmdet - INFO - Epoch [24][2050/6976]	lr: 1.000e-04, eta: 2:17:02, time: 0.176, data_time: 0.009, memory: 13424, loss_cls: 0.3675, loss_bbox: 0.3515, loss_kps: 0.0000, loss: 0.7190
2026-09-23 22:56:49,095 - mmdet - INFO - Epoch [24][2100/6976]	lr: 1.000e-04, eta: 2:16:53, time: 0.177, data_time: 0.010, memory: 13424, loss_cls: 0.3415, loss_bbox: 0.3434, loss_kps: 0.0000, loss: 0.6849
2026-09-23 22:56:58,256 - mmdet - INFO - Epoch [24][2150/6976]	lr: 1.000e-04, eta: 2:16:45, time: 0.183, data_time: 0.010, memory: 13424, loss_cls: 0.3731, loss_bbox: 0.3522, loss_kps: 0.0000, loss: 0.7253
2026-09-23 22:57:06,972 - mmdet - INFO - Epoch [24][2200/6976]	lr: 1.000e-04, eta: 2:16:36, time: 0.174, data_time: 0.010, memory: 13424, loss_cls: 0.3481, loss_bbox: 0.3388, loss_kps: 0.0000, loss: 0.6869
2026-09-23 22:57:15,680 - mmdet - INFO - Epoch [24][2250/6976]	lr: 1.000e-04, eta: 2:16:27, time: 0.174, data_time: 0.010, memory: 13424, loss_cls: 0.3799, loss_bbox: 0.3672, loss_kps: 0.0000, loss: 0.7472
2026-09-23 22:57:24,433 - mmdet - INFO - Epoch [24][2300/6976]	lr: 1.000e-04, eta: 2:16:18, time: 0.175, data_time: 0.010, memory: 13424, loss_cls: 0.3719, loss_bbox: 0.3488, loss_kps: 0.0000, loss: 0.7207
2026-09-23 22:57:33,292 - mmdet - INFO - Epoch [24][2350/6976]	lr: 1.000e-04, eta: 2:16:10, time: 0.177, data_time: 0.010, memory: 13424, loss_cls: 0.3536, loss_bbox: 0.3502, loss_kps: 0.0000, loss: 0.7038
2026-09-23 22:57:42,059 - mmdet - INFO - Epoch [24][2400/6976]	lr: 1.000e-04, eta: 2:16:01, time: 0.175, data_time: 0.010, memory: 13424, loss_cls: 0.3815, loss_bbox: 0.3604, loss_kps: 0.0000, loss: 0.7419
2026-09-23 22:57:50,836 - mmdet - INFO - Epoch [24][2450/6976]	lr: 1.000e-04, eta: 2:15:52, time: 0.176, data_time: 0.010, memory: 13424, loss_cls: 0.3598, loss_bbox: 0.3533, loss_kps: 0.0000, loss: 0.7131
2026-09-23 22:57:59,549 - mmdet - INFO - Epoch [24][2500/6976]	lr: 1.000e-04, eta: 2:15:43, time: 0.174, data_time: 0.010, memory: 13424, loss_cls: 0.3610, loss_bbox: 0.3301, loss_kps: 0.0000, loss: 0.6911
2026-09-23 22:58:08,286 - mmdet - INFO - Epoch [24][2550/6976]	lr: 1.000e-04, eta: 2:15:34, time: 0.175, data_time: 0.010, memory: 13424, loss_cls: 0.3638, loss_bbox: 0.3452, loss_kps: 0.0000, loss: 0.7090
2026-09-23 22:58:17,108 - mmdet - INFO - Epoch [24][2600/6976]	lr: 1.000e-04, eta: 2:15:26, time: 0.176, data_time: 0.009, memory: 13424, loss_cls: 0.4114, loss_bbox: 0.3628, loss_kps: 0.0000, loss: 0.7743
2026-09-23 22:58:25,898 - mmdet - INFO - Epoch [24][2650/6976]	lr: 1.000e-04, eta: 2:15:17, time: 0.176, data_time: 0.010, memory: 13424, loss_cls: 0.3689, loss_bbox: 0.3518, loss_kps: 0.0000, loss: 0.7207
2026-09-23 22:58:34,578 - mmdet - INFO - Epoch [24][2700/6976]	lr: 1.000e-04, eta: 2:15:08, time: 0.174, data_time: 0.010, memory: 13424, loss_cls: 0.3495, loss_bbox: 0.3432, loss_kps: 0.0000, loss: 0.6926
2026-09-23 22:58:43,200 - mmdet - INFO - Epoch [24][2750/6976]	lr: 1.000e-04, eta: 2:14:59, time: 0.172, data_time: 0.010, memory: 13424, loss_cls: 0.3612, loss_bbox: 0.3471, loss_kps: 0.0000, loss: 0.7083
2026-09-23 22:58:52,081 - mmdet - INFO - Epoch [24][2800/6976]	lr: 1.000e-04, eta: 2:14:50, time: 0.178, data_time: 0.010, memory: 13424, loss_cls: 0.3696, loss_bbox: 0.3505, loss_kps: 0.0000, loss: 0.7200
2026-09-23 22:59:00,867 - mmdet - INFO - Epoch [24][2850/6976]	lr: 1.000e-04, eta: 2:14:42, time: 0.176, data_time: 0.010, memory: 13424, loss_cls: 0.3622, loss_bbox: 0.3498, loss_kps: 0.0000, loss: 0.7119
2026-09-23 22:59:09,504 - mmdet - INFO - Epoch [24][2900/6976]	lr: 1.000e-04, eta: 2:14:33, time: 0.173, data_time: 0.010, memory: 13424, loss_cls: 0.3681, loss_bbox: 0.3528, loss_kps: 0.0000, loss: 0.7209
2026-09-23 22:59:18,421 - mmdet - INFO - Epoch [24][2950/6976]	lr: 1.000e-04, eta: 2:14:24, time: 0.178, data_time: 0.010, memory: 13424, loss_cls: 0.3721, loss_bbox: 0.3631, loss_kps: 0.0000, loss: 0.7352
2026-09-23 22:59:27,178 - mmdet - INFO - Epoch [24][3000/6976]	lr: 1.000e-04, eta: 2:14:15, time: 0.175, data_time: 0.010, memory: 13424, loss_cls: 0.3825, loss_bbox: 0.3527, loss_kps: 0.0000, loss: 0.7352
2026-09-23 22:59:35,929 - mmdet - INFO - Epoch [24][3050/6976]	lr: 1.000e-04, eta: 2:14:06, time: 0.175, data_time: 0.010, memory: 13424, loss_cls: 0.3628, loss_bbox: 0.3609, loss_kps: 0.0000, loss: 0.7238
2026-09-23 22:59:44,688 - mmdet - INFO - Epoch [24][3100/6976]	lr: 1.000e-04, eta: 2:13:58, time: 0.175, data_time: 0.009, memory: 13424, loss_cls: 0.3619, loss_bbox: 0.3401, loss_kps: 0.0000, loss: 0.7020
2026-09-23 22:59:53,479 - mmdet - INFO - Epoch [24][3150/6976]	lr: 1.000e-04, eta: 2:13:49, time: 0.176, data_time: 0.010, memory: 13424, loss_cls: 0.3664, loss_bbox: 0.3531, loss_kps: 0.0000, loss: 0.7195
2026-09-23 23:00:02,172 - mmdet - INFO - Epoch [24][3200/6976]	lr: 1.000e-04, eta: 2:13:40, time: 0.174, data_time: 0.010, memory: 13424, loss_cls: 0.3715, loss_bbox: 0.3582, loss_kps: 0.0000, loss: 0.7298
2026-09-23 23:00:10,981 - mmdet - INFO - Epoch [24][3250/6976]	lr: 1.000e-04, eta: 2:13:31, time: 0.176, data_time: 0.010, memory: 13424, loss_cls: 0.3489, loss_bbox: 0.3506, loss_kps: 0.0000, loss: 0.6995
2026-09-23 23:00:19,787 - mmdet - INFO - Epoch [24][3300/6976]	lr: 1.000e-04, eta: 2:13:22, time: 0.176, data_time: 0.010, memory: 13424, loss_cls: 0.3548, loss_bbox: 0.3388, loss_kps: 0.0000, loss: 0.6936
2026-09-23 23:00:28,501 - mmdet - INFO - Epoch [24][3350/6976]	lr: 1.000e-04, eta: 2:13:14, time: 0.174, data_time: 0.010, memory: 13424, loss_cls: 0.3537, loss_bbox: 0.3448, loss_kps: 0.0000, loss: 0.6984
2026-09-23 23:00:37,293 - mmdet - INFO - Epoch [24][3400/6976]	lr: 1.000e-04, eta: 2:13:05, time: 0.176, data_time: 0.010, memory: 13424, loss_cls: 0.3816, loss_bbox: 0.3704, loss_kps: 0.0000, loss: 0.7520
2026-09-23 23:00:46,067 - mmdet - INFO - Epoch [24][3450/6976]	lr: 1.000e-04, eta: 2:12:56, time: 0.175, data_time: 0.010, memory: 13424, loss_cls: 0.3712, loss_bbox: 0.3618, loss_kps: 0.0000, loss: 0.7330
2026-09-23 23:00:54,866 - mmdet - INFO - Epoch [24][3500/6976]	lr: 1.000e-04, eta: 2:12:47, time: 0.176, data_time: 0.010, memory: 13424, loss_cls: 0.3845, loss_bbox: 0.3581, loss_kps: 0.0000, loss: 0.7427
2026-09-23 23:01:03,504 - mmdet - INFO - Epoch [24][3550/6976]	lr: 1.000e-04, eta: 2:12:38, time: 0.173, data_time: 0.010, memory: 13424, loss_cls: 0.3647, loss_bbox: 0.3579, loss_kps: 0.0000, loss: 0.7226
2026-09-23 23:01:12,169 - mmdet - INFO - Epoch [24][3600/6976]	lr: 1.000e-04, eta: 2:12:30, time: 0.173, data_time: 0.010, memory: 13424, loss_cls: 0.3797, loss_bbox: 0.3642, loss_kps: 0.0000, loss: 0.7439
2026-09-23 23:01:20,797 - mmdet - INFO - Epoch [24][3650/6976]	lr: 1.000e-04, eta: 2:12:21, time: 0.173, data_time: 0.010, memory: 13424, loss_cls: 0.3838, loss_bbox: 0.3561, loss_kps: 0.0000, loss: 0.7399
2026-09-23 23:01:29,532 - mmdet - INFO - Epoch [24][3700/6976]	lr: 1.000e-04, eta: 2:12:12, time: 0.175, data_time: 0.010, memory: 13424, loss_cls: 0.3520, loss_bbox: 0.3517, loss_kps: 0.0000, loss: 0.7037
2026-09-23 23:01:38,344 - mmdet - INFO - Epoch [24][3750/6976]	lr: 1.000e-04, eta: 2:12:03, time: 0.176, data_time: 0.010, memory: 13424, loss_cls: 0.3642, loss_bbox: 0.3494, loss_kps: 0.0000, loss: 0.7136
2026-09-23 23:01:47,074 - mmdet - INFO - Epoch [24][3800/6976]	lr: 1.000e-04, eta: 2:11:54, time: 0.175, data_time: 0.010, memory: 13424, loss_cls: 0.3697, loss_bbox: 0.3526, loss_kps: 0.0000, loss: 0.7223
2026-09-23 23:01:55,895 - mmdet - INFO - Epoch [24][3850/6976]	lr: 1.000e-04, eta: 2:11:46, time: 0.176, data_time: 0.010, memory: 13424, loss_cls: 0.3522, loss_bbox: 0.3488, loss_kps: 0.0000, loss: 0.7010
2026-09-23 23:02:04,671 - mmdet - INFO - Epoch [24][3900/6976]	lr: 1.000e-04, eta: 2:11:37, time: 0.175, data_time: 0.010, memory: 13424, loss_cls: 0.3684, loss_bbox: 0.3401, loss_kps: 0.0000, loss: 0.7085
2026-09-23 23:02:13,774 - mmdet - INFO - Epoch [24][3950/6976]	lr: 1.000e-04, eta: 2:11:28, time: 0.182, data_time: 0.010, memory: 13424, loss_cls: 0.3813, loss_bbox: 0.3498, loss_kps: 0.0000, loss: 0.7311
2026-09-23 23:02:22,489 - mmdet - INFO - Epoch [24][4000/6976]	lr: 1.000e-04, eta: 2:11:19, time: 0.174, data_time: 0.010, memory: 13424, loss_cls: 0.3543, loss_bbox: 0.3463, loss_kps: 0.0000, loss: 0.7006
2026-09-23 23:02:31,401 - mmdet - INFO - Epoch [24][4050/6976]	lr: 1.000e-04, eta: 2:11:11, time: 0.178, data_time: 0.010, memory: 13424, loss_cls: 0.3674, loss_bbox: 0.3678, loss_kps: 0.0000, loss: 0.7351
2026-09-23 23:02:40,425 - mmdet - INFO - Epoch [24][4100/6976]	lr: 1.000e-04, eta: 2:11:02, time: 0.180, data_time: 0.010, memory: 13424, loss_cls: 0.3722, loss_bbox: 0.3539, loss_kps: 0.0000, loss: 0.7261
2026-09-23 23:02:49,159 - mmdet - INFO - Epoch [24][4150/6976]	lr: 1.000e-04, eta: 2:10:53, time: 0.175, data_time: 0.010, memory: 13424, loss_cls: 0.3585, loss_bbox: 0.3625, loss_kps: 0.0000, loss: 0.7209
2026-09-23 23:02:57,857 - mmdet - INFO - Epoch [24][4200/6976]	lr: 1.000e-04, eta: 2:10:44, time: 0.174, data_time: 0.010, memory: 13424, loss_cls: 0.3863, loss_bbox: 0.3583, loss_kps: 0.0000, loss: 0.7446
2026-09-23 23:03:06,582 - mmdet - INFO - Epoch [24][4250/6976]	lr: 1.000e-04, eta: 2:10:35, time: 0.174, data_time: 0.010, memory: 13424, loss_cls: 0.3892, loss_bbox: 0.3560, loss_kps: 0.0000, loss: 0.7452
2026-09-23 23:03:15,405 - mmdet - INFO - Epoch [24][4300/6976]	lr: 1.000e-04, eta: 2:10:27, time: 0.177, data_time: 0.010, memory: 13424, loss_cls: 0.3790, loss_bbox: 0.3594, loss_kps: 0.0000, loss: 0.7384
2026-09-23 23:03:24,126 - mmdet - INFO - Epoch [24][4350/6976]	lr: 1.000e-04, eta: 2:10:18, time: 0.174, data_time: 0.010, memory: 13424, loss_cls: 0.3632, loss_bbox: 0.3412, loss_kps: 0.0000, loss: 0.7044
2026-09-23 23:03:32,892 - mmdet - INFO - Epoch [24][4400/6976]	lr: 1.000e-04, eta: 2:10:09, time: 0.175, data_time: 0.010, memory: 13424, loss_cls: 0.3440, loss_bbox: 0.3589, loss_kps: 0.0000, loss: 0.7029
2026-09-23 23:03:41,575 - mmdet - INFO - Epoch [24][4450/6976]	lr: 1.000e-04, eta: 2:10:00, time: 0.174, data_time: 0.010, memory: 13424, loss_cls: 0.3683, loss_bbox: 0.3449, loss_kps: 0.0000, loss: 0.7132
2026-09-23 23:03:50,667 - mmdet - INFO - Epoch [24][4500/6976]	lr: 1.000e-04, eta: 2:09:52, time: 0.182, data_time: 0.009, memory: 13424, loss_cls: 0.3566, loss_bbox: 0.3392, loss_kps: 0.0000, loss: 0.6959
2026-09-23 23:03:59,510 - mmdet - INFO - Epoch [24][4550/6976]	lr: 1.000e-04, eta: 2:09:43, time: 0.177, data_time: 0.010, memory: 13424, loss_cls: 0.3734, loss_bbox: 0.3621, loss_kps: 0.0000, loss: 0.7355
2026-09-23 23:04:08,225 - mmdet - INFO - Epoch [24][4600/6976]	lr: 1.000e-04, eta: 2:09:34, time: 0.174, data_time: 0.010, memory: 13424, loss_cls: 0.3691, loss_bbox: 0.3510, loss_kps: 0.0000, loss: 0.7201
2026-09-23 23:04:16,939 - mmdet - INFO - Epoch [24][4650/6976]	lr: 1.000e-04, eta: 2:09:25, time: 0.174, data_time: 0.010, memory: 13424, loss_cls: 0.3625, loss_bbox: 0.3395, loss_kps: 0.0000, loss: 0.7020
2026-09-23 23:04:25,647 - mmdet - INFO - Epoch [24][4700/6976]	lr: 1.000e-04, eta: 2:09:16, time: 0.174, data_time: 0.010, memory: 13424, loss_cls: 0.3637, loss_bbox: 0.3538, loss_kps: 0.0000, loss: 0.7175
2026-09-23 23:04:34,276 - mmdet - INFO - Epoch [24][4750/6976]	lr: 1.000e-04, eta: 2:09:08, time: 0.173, data_time: 0.010, memory: 13424, loss_cls: 0.3694, loss_bbox: 0.3454, loss_kps: 0.0000, loss: 0.7147
2026-09-23 23:04:43,054 - mmdet - INFO - Epoch [24][4800/6976]	lr: 1.000e-04, eta: 2:08:59, time: 0.176, data_time: 0.010, memory: 13424, loss_cls: 0.3575, loss_bbox: 0.3593, loss_kps: 0.0000, loss: 0.7167
2026-09-23 23:04:52,024 - mmdet - INFO - Epoch [24][4850/6976]	lr: 1.000e-04, eta: 2:08:50, time: 0.179, data_time: 0.009, memory: 13424, loss_cls: 0.3803, loss_bbox: 0.3494, loss_kps: 0.0000, loss: 0.7297
2026-09-23 23:05:00,707 - mmdet - INFO - Epoch [24][4900/6976]	lr: 1.000e-04, eta: 2:08:41, time: 0.174, data_time: 0.010, memory: 13424, loss_cls: 0.3979, loss_bbox: 0.3404, loss_kps: 0.0000, loss: 0.7382
2026-09-23 23:05:09,496 - mmdet - INFO - Epoch [24][4950/6976]	lr: 1.000e-04, eta: 2:08:32, time: 0.176, data_time: 0.010, memory: 13424, loss_cls: 0.3422, loss_bbox: 0.3477, loss_kps: 0.0000, loss: 0.6899
2026-09-23 23:05:18,294 - mmdet - INFO - Epoch [24][5000/6976]	lr: 1.000e-04, eta: 2:08:24, time: 0.176, data_time: 0.010, memory: 13424, loss_cls: 0.3941, loss_bbox: 0.3706, loss_kps: 0.0000, loss: 0.7647
2026-09-23 23:05:27,103 - mmdet - INFO - Epoch [24][5050/6976]	lr: 1.000e-04, eta: 2:08:15, time: 0.176, data_time: 0.010, memory: 13424, loss_cls: 0.3494, loss_bbox: 0.3461, loss_kps: 0.0000, loss: 0.6956
2026-09-23 23:05:35,830 - mmdet - INFO - Epoch [24][5100/6976]	lr: 1.000e-04, eta: 2:08:06, time: 0.175, data_time: 0.010, memory: 13424, loss_cls: 0.3553, loss_bbox: 0.3430, loss_kps: 0.0000, loss: 0.6983
2026-09-23 23:05:44,596 - mmdet - INFO - Epoch [24][5150/6976]	lr: 1.000e-04, eta: 2:07:57, time: 0.175, data_time: 0.010, memory: 13424, loss_cls: 0.3776, loss_bbox: 0.3633, loss_kps: 0.0000, loss: 0.7409
2026-09-23 23:05:53,356 - mmdet - INFO - Epoch [24][5200/6976]	lr: 1.000e-04, eta: 2:07:48, time: 0.175, data_time: 0.010, memory: 13424, loss_cls: 0.3753, loss_bbox: 0.3507, loss_kps: 0.0000, loss: 0.7260
2026-09-23 23:06:02,118 - mmdet - INFO - Epoch [24][5250/6976]	lr: 1.000e-04, eta: 2:07:40, time: 0.175, data_time: 0.009, memory: 13424, loss_cls: 0.3622, loss_bbox: 0.3442, loss_kps: 0.0000, loss: 0.7064
2026-09-23 23:06:10,827 - mmdet - INFO - Epoch [24][5300/6976]	lr: 1.000e-04, eta: 2:07:31, time: 0.174, data_time: 0.010, memory: 13424, loss_cls: 0.3766, loss_bbox: 0.3625, loss_kps: 0.0000, loss: 0.7391
2026-09-23 23:06:19,681 - mmdet - INFO - Epoch [24][5350/6976]	lr: 1.000e-04, eta: 2:07:22, time: 0.177, data_time: 0.010, memory: 13424, loss_cls: 0.3627, loss_bbox: 0.3537, loss_kps: 0.0000, loss: 0.7164
2026-09-23 23:06:28,458 - mmdet - INFO - Epoch [24][5400/6976]	lr: 1.000e-04, eta: 2:07:13, time: 0.175, data_time: 0.010, memory: 13424, loss_cls: 0.3637, loss_bbox: 0.3542, loss_kps: 0.0000, loss: 0.7179
2026-09-23 23:06:37,185 - mmdet - INFO - Epoch [24][5450/6976]	lr: 1.000e-04, eta: 2:07:04, time: 0.175, data_time: 0.010, memory: 13424, loss_cls: 0.3479, loss_bbox: 0.3465, loss_kps: 0.0000, loss: 0.6944
2026-09-23 23:06:45,843 - mmdet - INFO - Epoch [24][5500/6976]	lr: 1.000e-04, eta: 2:06:56, time: 0.173, data_time: 0.010, memory: 13424, loss_cls: 0.3583, loss_bbox: 0.3538, loss_kps: 0.0000, loss: 0.7122
2026-09-23 23:06:54,602 - mmdet - INFO - Epoch [24][5550/6976]	lr: 1.000e-04, eta: 2:06:47, time: 0.175, data_time: 0.010, memory: 13424, loss_cls: 0.3955, loss_bbox: 0.3698, loss_kps: 0.0000, loss: 0.7653
2026-09-23 23:07:03,363 - mmdet - INFO - Epoch [24][5600/6976]	lr: 1.000e-04, eta: 2:06:38, time: 0.175, data_time: 0.011, memory: 13424, loss_cls: 0.3657, loss_bbox: 0.3479, loss_kps: 0.0000, loss: 0.7136
2026-09-23 23:07:12,094 - mmdet - INFO - Epoch [24][5650/6976]	lr: 1.000e-04, eta: 2:06:29, time: 0.175, data_time: 0.010, memory: 13424, loss_cls: 0.3682, loss_bbox: 0.3506, loss_kps: 0.0000, loss: 0.7188
2026-09-23 23:07:20,846 - mmdet - INFO - Epoch [24][5700/6976]	lr: 1.000e-04, eta: 2:06:20, time: 0.175, data_time: 0.010, memory: 13424, loss_cls: 0.3787, loss_bbox: 0.3492, loss_kps: 0.0000, loss: 0.7279
2026-09-23 23:07:29,538 - mmdet - INFO - Epoch [24][5750/6976]	lr: 1.000e-04, eta: 2:06:12, time: 0.174, data_time: 0.010, memory: 13424, loss_cls: 0.3471, loss_bbox: 0.3453, loss_kps: 0.0000, loss: 0.6924
2026-09-23 23:07:38,382 - mmdet - INFO - Epoch [24][5800/6976]	lr: 1.000e-04, eta: 2:06:03, time: 0.177, data_time: 0.010, memory: 13424, loss_cls: 0.3689, loss_bbox: 0.3612, loss_kps: 0.0000, loss: 0.7300
2026-09-23 23:07:47,043 - mmdet - INFO - Epoch [24][5850/6976]	lr: 1.000e-04, eta: 2:05:54, time: 0.173, data_time: 0.010, memory: 13424, loss_cls: 0.3571, loss_bbox: 0.3541, loss_kps: 0.0000, loss: 0.7111
2026-09-23 23:07:55,736 - mmdet - INFO - Epoch [24][5900/6976]	lr: 1.000e-04, eta: 2:05:45, time: 0.174, data_time: 0.010, memory: 13424, loss_cls: 0.3759, loss_bbox: 0.3569, loss_kps: 0.0000, loss: 0.7328
2026-09-23 23:08:04,445 - mmdet - INFO - Epoch [24][5950/6976]	lr: 1.000e-04, eta: 2:05:36, time: 0.174, data_time: 0.010, memory: 13424, loss_cls: 0.3762, loss_bbox: 0.3567, loss_kps: 0.0000, loss: 0.7329
2026-09-23 23:08:13,208 - mmdet - INFO - Epoch [24][6000/6976]	lr: 1.000e-04, eta: 2:05:28, time: 0.175, data_time: 0.010, memory: 13424, loss_cls: 0.3890, loss_bbox: 0.3699, loss_kps: 0.0000, loss: 0.7589
2026-09-23 23:08:22,038 - mmdet - INFO - Epoch [24][6050/6976]	lr: 1.000e-04, eta: 2:05:19, time: 0.177, data_time: 0.010, memory: 13424, loss_cls: 0.3553, loss_bbox: 0.3428, loss_kps: 0.0000, loss: 0.6981
2026-09-23 23:08:30,793 - mmdet - INFO - Epoch [24][6100/6976]	lr: 1.000e-04, eta: 2:05:10, time: 0.175, data_time: 0.010, memory: 13424, loss_cls: 0.3667, loss_bbox: 0.3529, loss_kps: 0.0000, loss: 0.7195
2026-09-23 23:08:39,574 - mmdet - INFO - Epoch [24][6150/6976]	lr: 1.000e-04, eta: 2:05:01, time: 0.176, data_time: 0.010, memory: 13424, loss_cls: 0.3816, loss_bbox: 0.3527, loss_kps: 0.0000, loss: 0.7343
2026-09-23 23:08:48,367 - mmdet - INFO - Epoch [24][6200/6976]	lr: 1.000e-04, eta: 2:04:52, time: 0.176, data_time: 0.010, memory: 13424, loss_cls: 0.4042, loss_bbox: 0.3675, loss_kps: 0.0000, loss: 0.7717
2026-09-23 23:08:57,160 - mmdet - INFO - Epoch [24][6250/6976]	lr: 1.000e-04, eta: 2:04:44, time: 0.176, data_time: 0.010, memory: 13424, loss_cls: 0.3431, loss_bbox: 0.3445, loss_kps: 0.0000, loss: 0.6876
2026-09-23 23:09:05,896 - mmdet - INFO - Epoch [24][6300/6976]	lr: 1.000e-04, eta: 2:04:35, time: 0.175, data_time: 0.010, memory: 13424, loss_cls: 0.3660, loss_bbox: 0.3489, loss_kps: 0.0000, loss: 0.7149
2026-09-23 23:09:14,609 - mmdet - INFO - Epoch [24][6350/6976]	lr: 1.000e-04, eta: 2:04:26, time: 0.174, data_time: 0.010, memory: 13424, loss_cls: 0.3612, loss_bbox: 0.3560, loss_kps: 0.0000, loss: 0.7171
2026-09-23 23:09:23,408 - mmdet - INFO - Epoch [24][6400/6976]	lr: 1.000e-04, eta: 2:04:17, time: 0.176, data_time: 0.010, memory: 13424, loss_cls: 0.3651, loss_bbox: 0.3413, loss_kps: 0.0000, loss: 0.7064
2026-09-23 23:09:32,124 - mmdet - INFO - Epoch [24][6450/6976]	lr: 1.000e-04, eta: 2:04:08, time: 0.174, data_time: 0.010, memory: 13424, loss_cls: 0.3480, loss_bbox: 0.3496, loss_kps: 0.0000, loss: 0.6975
2026-09-23 23:09:40,763 - mmdet - INFO - Epoch [24][6500/6976]	lr: 1.000e-04, eta: 2:04:00, time: 0.173, data_time: 0.010, memory: 13424, loss_cls: 0.3530, loss_bbox: 0.3535, loss_kps: 0.0000, loss: 0.7065
2026-09-23 23:09:49,480 - mmdet - INFO - Epoch [24][6550/6976]	lr: 1.000e-04, eta: 2:03:51, time: 0.174, data_time: 0.010, memory: 13424, loss_cls: 0.3803, loss_bbox: 0.3463, loss_kps: 0.0000, loss: 0.7266
2026-09-23 23:09:58,212 - mmdet - INFO - Epoch [24][6600/6976]	lr: 1.000e-04, eta: 2:03:42, time: 0.175, data_time: 0.010, memory: 13424, loss_cls: 0.3609, loss_bbox: 0.3462, loss_kps: 0.0000, loss: 0.7070
2026-09-23 23:10:06,906 - mmdet - INFO - Epoch [24][6650/6976]	lr: 1.000e-04, eta: 2:03:33, time: 0.174, data_time: 0.010, memory: 13424, loss_cls: 0.3740, loss_bbox: 0.3612, loss_kps: 0.0000, loss: 0.7352
2026-09-23 23:10:15,642 - mmdet - INFO - Epoch [24][6700/6976]	lr: 1.000e-04, eta: 2:03:24, time: 0.175, data_time: 0.010, memory: 13424, loss_cls: 0.3595, loss_bbox: 0.3544, loss_kps: 0.0000, loss: 0.7139
2026-09-23 23:10:24,400 - mmdet - INFO - Epoch [24][6750/6976]	lr: 1.000e-04, eta: 2:03:16, time: 0.175, data_time: 0.010, memory: 13424, loss_cls: 0.3509, loss_bbox: 0.3329, loss_kps: 0.0000, loss: 0.6838
2026-09-23 23:10:33,123 - mmdet - INFO - Epoch [24][6800/6976]	lr: 1.000e-04, eta: 2:03:07, time: 0.174, data_time: 0.010, memory: 13424, loss_cls: 0.3812, loss_bbox: 0.3634, loss_kps: 0.0000, loss: 0.7446
2026-09-23 23:10:41,838 - mmdet - INFO - Epoch [24][6850/6976]	lr: 1.000e-04, eta: 2:02:58, time: 0.174, data_time: 0.010, memory: 13424, loss_cls: 0.3550, loss_bbox: 0.3350, loss_kps: 0.0000, loss: 0.6899
2026-09-23 23:10:50,587 - mmdet - INFO - Epoch [24][6900/6976]	lr: 1.000e-04, eta: 2:02:49, time: 0.175, data_time: 0.010, memory: 13424, loss_cls: 0.3818, loss_bbox: 0.3443, loss_kps: 0.0000, loss: 0.7262
2026-09-23 23:10:59,273 - mmdet - INFO - Epoch [24][6950/6976]	lr: 1.000e-04, eta: 2:02:40, time: 0.174, data_time: 0.010, memory: 13424, loss_cls: 0.3793, loss_bbox: 0.3467, loss_kps: 0.0000, loss: 0.7261
2026-09-23 23:11:04,081 - mmdet - INFO - Saving checkpoint at 24 epochs
2026-09-23 23:11:18,138 - mmdet - INFO - Epoch [25][50/6976]	lr: 1.000e-04, eta: 2:02:27, time: 0.276, data_time: 0.100, memory: 13424, loss_cls: 0.3740, loss_bbox: 0.3582, loss_kps: 0.0000, loss: 0.7321
2026-09-23 23:11:26,829 - mmdet - INFO - Epoch [25][100/6976]	lr: 1.000e-04, eta: 2:02:18, time: 0.174, data_time: 0.009, memory: 13424, loss_cls: 0.3724, loss_bbox: 0.3706, loss_kps: 0.0000, loss: 0.7430
2026-09-23 23:11:35,503 - mmdet - INFO - Epoch [25][150/6976]	lr: 1.000e-04, eta: 2:02:10, time: 0.173, data_time: 0.009, memory: 13424, loss_cls: 0.3524, loss_bbox: 0.3447, loss_kps: 0.0000, loss: 0.6971
2026-09-23 23:11:44,276 - mmdet - INFO - Epoch [25][200/6976]	lr: 1.000e-04, eta: 2:02:01, time: 0.176, data_time: 0.009, memory: 13424, loss_cls: 0.3658, loss_bbox: 0.3520, loss_kps: 0.0000, loss: 0.7178
2026-09-23 23:11:53,007 - mmdet - INFO - Epoch [25][250/6976]	lr: 1.000e-04, eta: 2:01:52, time: 0.175, data_time: 0.009, memory: 13424, loss_cls: 0.3586, loss_bbox: 0.3433, loss_kps: 0.0000, loss: 0.7019
2026-09-23 23:12:01,775 - mmdet - INFO - Epoch [25][300/6976]	lr: 1.000e-04, eta: 2:01:43, time: 0.175, data_time: 0.009, memory: 13424, loss_cls: 0.3482, loss_bbox: 0.3419, loss_kps: 0.0000, loss: 0.6902
2026-09-23 23:12:10,519 - mmdet - INFO - Epoch [25][350/6976]	lr: 1.000e-04, eta: 2:01:34, time: 0.175, data_time: 0.009, memory: 13424, loss_cls: 0.3508, loss_bbox: 0.3406, loss_kps: 0.0000, loss: 0.6914
2026-09-23 23:12:19,319 - mmdet - INFO - Epoch [25][400/6976]	lr: 1.000e-04, eta: 2:01:26, time: 0.176, data_time: 0.009, memory: 13424, loss_cls: 0.3552, loss_bbox: 0.3485, loss_kps: 0.0000, loss: 0.7037
2026-09-23 23:12:28,208 - mmdet - INFO - Epoch [25][450/6976]	lr: 1.000e-04, eta: 2:01:17, time: 0.178, data_time: 0.010, memory: 13424, loss_cls: 0.3571, loss_bbox: 0.3369, loss_kps: 0.0000, loss: 0.6940
2026-09-23 23:12:37,303 - mmdet - INFO - Epoch [25][500/6976]	lr: 1.000e-04, eta: 2:01:08, time: 0.182, data_time: 0.009, memory: 13424, loss_cls: 0.3796, loss_bbox: 0.3625, loss_kps: 0.0000, loss: 0.7421
2026-09-23 23:12:45,993 - mmdet - INFO - Epoch [25][550/6976]	lr: 1.000e-04, eta: 2:00:59, time: 0.174, data_time: 0.009, memory: 13424, loss_cls: 0.3854, loss_bbox: 0.3652, loss_kps: 0.0000, loss: 0.7506
2026-09-23 23:12:55,122 - mmdet - INFO - Epoch [25][600/6976]	lr: 1.000e-04, eta: 2:00:51, time: 0.183, data_time: 0.009, memory: 13424, loss_cls: 0.3728, loss_bbox: 0.3532, loss_kps: 0.0000, loss: 0.7260
2026-09-23 23:13:04,209 - mmdet - INFO - Epoch [25][650/6976]	lr: 1.000e-04, eta: 2:00:42, time: 0.182, data_time: 0.009, memory: 13424, loss_cls: 0.3821, loss_bbox: 0.3548, loss_kps: 0.0000, loss: 0.7369
2026-09-23 23:13:12,906 - mmdet - INFO - Epoch [25][700/6976]	lr: 1.000e-04, eta: 2:00:33, time: 0.174, data_time: 0.009, memory: 13424, loss_cls: 0.3676, loss_bbox: 0.3641, loss_kps: 0.0000, loss: 0.7318
2026-09-23 23:13:21,582 - mmdet - INFO - Epoch [25][750/6976]	lr: 1.000e-04, eta: 2:00:24, time: 0.173, data_time: 0.009, memory: 13424, loss_cls: 0.3758, loss_bbox: 0.3509, loss_kps: 0.0000, loss: 0.7267
2026-09-23 23:13:30,274 - mmdet - INFO - Epoch [25][800/6976]	lr: 1.000e-04, eta: 2:00:15, time: 0.174, data_time: 0.010, memory: 13424, loss_cls: 0.3743, loss_bbox: 0.3533, loss_kps: 0.0000, loss: 0.7275
2026-09-23 23:13:39,077 - mmdet - INFO - Epoch [25][850/6976]	lr: 1.000e-04, eta: 2:00:07, time: 0.176, data_time: 0.009, memory: 13424, loss_cls: 0.3619, loss_bbox: 0.3342, loss_kps: 0.0000, loss: 0.6961
2026-09-23 23:13:47,741 - mmdet - INFO - Epoch [25][900/6976]	lr: 1.000e-04, eta: 1:59:58, time: 0.173, data_time: 0.010, memory: 13424, loss_cls: 0.3595, loss_bbox: 0.3580, loss_kps: 0.0000, loss: 0.7175
2026-09-23 23:13:56,478 - mmdet - INFO - Epoch [25][950/6976]	lr: 1.000e-04, eta: 1:59:49, time: 0.175, data_time: 0.010, memory: 13424, loss_cls: 0.3471, loss_bbox: 0.3452, loss_kps: 0.0000, loss: 0.6922
2026-09-23 23:14:05,276 - mmdet - INFO - Epoch [25][1000/6976]	lr: 1.000e-04, eta: 1:59:40, time: 0.176, data_time: 0.009, memory: 13424, loss_cls: 0.3725, loss_bbox: 0.3617, loss_kps: 0.0000, loss: 0.7342
2026-09-23 23:14:13,998 - mmdet - INFO - Epoch [25][1050/6976]	lr: 1.000e-04, eta: 1:59:31, time: 0.174, data_time: 0.009, memory: 13424, loss_cls: 0.3802, loss_bbox: 0.3525, loss_kps: 0.0000, loss: 0.7327
2026-09-23 23:14:22,733 - mmdet - INFO - Epoch [25][1100/6976]	lr: 1.000e-04, eta: 1:59:23, time: 0.175, data_time: 0.009, memory: 13424, loss_cls: 0.3601, loss_bbox: 0.3542, loss_kps: 0.0000, loss: 0.7144
2026-09-23 23:14:31,528 - mmdet - INFO - Epoch [25][1150/6976]	lr: 1.000e-04, eta: 1:59:14, time: 0.176, data_time: 0.009, memory: 13424, loss_cls: 0.3681, loss_bbox: 0.3439, loss_kps: 0.0000, loss: 0.7120
2026-09-23 23:14:40,213 - mmdet - INFO - Epoch [25][1200/6976]	lr: 1.000e-04, eta: 1:59:05, time: 0.174, data_time: 0.009, memory: 13424, loss_cls: 0.3717, loss_bbox: 0.3564, loss_kps: 0.0000, loss: 0.7280
2026-09-23 23:14:48,871 - mmdet - INFO - Epoch [25][1250/6976]	lr: 1.000e-04, eta: 1:58:56, time: 0.173, data_time: 0.009, memory: 13424, loss_cls: 0.3401, loss_bbox: 0.3414, loss_kps: 0.0000, loss: 0.6815
2026-09-23 23:14:57,687 - mmdet - INFO - Epoch [25][1300/6976]	lr: 1.000e-04, eta: 1:58:47, time: 0.177, data_time: 0.010, memory: 13424, loss_cls: 0.3762, loss_bbox: 0.3494, loss_kps: 0.0000, loss: 0.7256
2026-09-23 23:15:06,390 - mmdet - INFO - Epoch [25][1350/6976]	lr: 1.000e-04, eta: 1:58:39, time: 0.174, data_time: 0.009, memory: 13424, loss_cls: 0.3581, loss_bbox: 0.3651, loss_kps: 0.0000, loss: 0.7232
2026-09-23 23:15:15,112 - mmdet - INFO - Epoch [25][1400/6976]	lr: 1.000e-04, eta: 1:58:30, time: 0.174, data_time: 0.009, memory: 13424, loss_cls: 0.3885, loss_bbox: 0.3642, loss_kps: 0.0000, loss: 0.7527
2026-09-23 23:15:23,780 - mmdet - INFO - Epoch [25][1450/6976]	lr: 1.000e-04, eta: 1:58:21, time: 0.173, data_time: 0.009, memory: 13424, loss_cls: 0.3722, loss_bbox: 0.3606, loss_kps: 0.0000, loss: 0.7327
2026-09-23 23:15:32,491 - mmdet - INFO - Epoch [25][1500/6976]	lr: 1.000e-04, eta: 1:58:12, time: 0.174, data_time: 0.009, memory: 13424, loss_cls: 0.3575, loss_bbox: 0.3525, loss_kps: 0.0000, loss: 0.7100
2026-09-23 23:15:41,251 - mmdet - INFO - Epoch [25][1550/6976]	lr: 1.000e-04, eta: 1:58:03, time: 0.175, data_time: 0.010, memory: 13424, loss_cls: 0.3654, loss_bbox: 0.3456, loss_kps: 0.0000, loss: 0.7110
2026-09-23 23:15:50,066 - mmdet - INFO - Epoch [25][1600/6976]	lr: 1.000e-04, eta: 1:57:55, time: 0.176, data_time: 0.010, memory: 13424, loss_cls: 0.3425, loss_bbox: 0.3541, loss_kps: 0.0000, loss: 0.6967
2026-09-23 23:15:58,852 - mmdet - INFO - Epoch [25][1650/6976]	lr: 1.000e-04, eta: 1:57:46, time: 0.176, data_time: 0.009, memory: 13424, loss_cls: 0.3651, loss_bbox: 0.3505, loss_kps: 0.0000, loss: 0.7156
2026-09-23 23:16:07,428 - mmdet - INFO - Epoch [25][1700/6976]	lr: 1.000e-04, eta: 1:57:37, time: 0.172, data_time: 0.009, memory: 13424, loss_cls: 0.3593, loss_bbox: 0.3468, loss_kps: 0.0000, loss: 0.7060
2026-09-23 23:16:16,098 - mmdet - INFO - Epoch [25][1750/6976]	lr: 1.000e-04, eta: 1:57:28, time: 0.173, data_time: 0.009, memory: 13424, loss_cls: 0.3643, loss_bbox: 0.3369, loss_kps: 0.0000, loss: 0.7012
2026-09-23 23:16:24,869 - mmdet - INFO - Epoch [25][1800/6976]	lr: 1.000e-04, eta: 1:57:19, time: 0.175, data_time: 0.008, memory: 13424, loss_cls: 0.3806, loss_bbox: 0.3565, loss_kps: 0.0000, loss: 0.7371
2026-09-23 23:16:33,546 - mmdet - INFO - Epoch [25][1850/6976]	lr: 1.000e-04, eta: 1:57:11, time: 0.174, data_time: 0.009, memory: 13424, loss_cls: 0.3622, loss_bbox: 0.3498, loss_kps: 0.0000, loss: 0.7120
2026-09-23 23:16:42,238 - mmdet - INFO - Epoch [25][1900/6976]	lr: 1.000e-04, eta: 1:57:02, time: 0.174, data_time: 0.009, memory: 13424, loss_cls: 0.3593, loss_bbox: 0.3520, loss_kps: 0.0000, loss: 0.7113
2026-09-23 23:16:51,021 - mmdet - INFO - Epoch [25][1950/6976]	lr: 1.000e-04, eta: 1:56:53, time: 0.176, data_time: 0.009, memory: 13424, loss_cls: 0.3648, loss_bbox: 0.3555, loss_kps: 0.0000, loss: 0.7203
2026-09-23 23:16:59,766 - mmdet - INFO - Epoch [25][2000/6976]	lr: 1.000e-04, eta: 1:56:44, time: 0.175, data_time: 0.010, memory: 13424, loss_cls: 0.3591, loss_bbox: 0.3444, loss_kps: 0.0000, loss: 0.7034
2026-09-23 23:17:08,475 - mmdet - INFO - Epoch [25][2050/6976]	lr: 1.000e-04, eta: 1:56:35, time: 0.174, data_time: 0.009, memory: 13424, loss_cls: 0.3759, loss_bbox: 0.3561, loss_kps: 0.0000, loss: 0.7320
2026-09-23 23:17:17,213 - mmdet - INFO - Epoch [25][2100/6976]	lr: 1.000e-04, eta: 1:56:27, time: 0.175, data_time: 0.009, memory: 13424, loss_cls: 0.3620, loss_bbox: 0.3603, loss_kps: 0.0000, loss: 0.7223
2026-09-23 23:17:25,959 - mmdet - INFO - Epoch [25][2150/6976]	lr: 1.000e-04, eta: 1:56:18, time: 0.175, data_time: 0.009, memory: 13424, loss_cls: 0.3798, loss_bbox: 0.3522, loss_kps: 0.0000, loss: 0.7320
2026-09-23 23:17:34,667 - mmdet - INFO - Epoch [25][2200/6976]	lr: 1.000e-04, eta: 1:56:09, time: 0.174, data_time: 0.009, memory: 13424, loss_cls: 0.3631, loss_bbox: 0.3543, loss_kps: 0.0000, loss: 0.7174
2026-09-23 23:17:43,418 - mmdet - INFO - Epoch [25][2250/6976]	lr: 1.000e-04, eta: 1:56:00, time: 0.175, data_time: 0.009, memory: 13424, loss_cls: 0.3971, loss_bbox: 0.3637, loss_kps: 0.0000, loss: 0.7607
2026-09-23 23:17:52,078 - mmdet - INFO - Epoch [25][2300/6976]	lr: 1.000e-04, eta: 1:55:51, time: 0.173, data_time: 0.009, memory: 13424, loss_cls: 0.3631, loss_bbox: 0.3412, loss_kps: 0.0000, loss: 0.7043
2026-09-23 23:18:00,828 - mmdet - INFO - Epoch [25][2350/6976]	lr: 1.000e-04, eta: 1:55:43, time: 0.175, data_time: 0.009, memory: 13424, loss_cls: 0.3653, loss_bbox: 0.3535, loss_kps: 0.0000, loss: 0.7188
2026-09-23 23:18:09,669 - mmdet - INFO - Epoch [25][2400/6976]	lr: 1.000e-04, eta: 1:55:34, time: 0.177, data_time: 0.010, memory: 13424, loss_cls: 0.3692, loss_bbox: 0.3459, loss_kps: 0.0000, loss: 0.7152
2026-09-23 23:18:18,369 - mmdet - INFO - Epoch [25][2450/6976]	lr: 1.000e-04, eta: 1:55:25, time: 0.174, data_time: 0.009, memory: 13424, loss_cls: 0.3706, loss_bbox: 0.3532, loss_kps: 0.0000, loss: 0.7238
2026-09-23 23:18:27,043 - mmdet - INFO - Epoch [25][2500/6976]	lr: 1.000e-04, eta: 1:55:16, time: 0.173, data_time: 0.009, memory: 13424, loss_cls: 0.3760, loss_bbox: 0.3437, loss_kps: 0.0000, loss: 0.7197
2026-09-23 23:18:35,760 - mmdet - INFO - Epoch [25][2550/6976]	lr: 1.000e-04, eta: 1:55:07, time: 0.174, data_time: 0.010, memory: 13424, loss_cls: 0.3732, loss_bbox: 0.3612, loss_kps: 0.0000, loss: 0.7345
2026-09-23 23:18:44,566 - mmdet - INFO - Epoch [25][2600/6976]	lr: 1.000e-04, eta: 1:54:59, time: 0.176, data_time: 0.009, memory: 13424, loss_cls: 0.3713, loss_bbox: 0.3576, loss_kps: 0.0000, loss: 0.7288
2026-09-23 23:18:53,619 - mmdet - INFO - Epoch [25][2650/6976]	lr: 1.000e-04, eta: 1:54:50, time: 0.181, data_time: 0.010, memory: 13424, loss_cls: 0.3529, loss_bbox: 0.3516, loss_kps: 0.0000, loss: 0.7045
2026-09-23 23:19:02,364 - mmdet - INFO - Epoch [25][2700/6976]	lr: 1.000e-04, eta: 1:54:41, time: 0.175, data_time: 0.010, memory: 13424, loss_cls: 0.3767, loss_bbox: 0.3436, loss_kps: 0.0000, loss: 0.7203
2026-09-23 23:19:11,524 - mmdet - INFO - Epoch [25][2750/6976]	lr: 1.000e-04, eta: 1:54:32, time: 0.183, data_time: 0.010, memory: 13424, loss_cls: 0.3498, loss_bbox: 0.3508, loss_kps: 0.0000, loss: 0.7006
2026-09-23 23:19:20,205 - mmdet - INFO - Epoch [25][2800/6976]	lr: 1.000e-04, eta: 1:54:24, time: 0.173, data_time: 0.009, memory: 13424, loss_cls: 0.3635, loss_bbox: 0.3468, loss_kps: 0.0000, loss: 0.7103
2026-09-23 23:19:28,918 - mmdet - INFO - Epoch [25][2850/6976]	lr: 1.000e-04, eta: 1:54:15, time: 0.174, data_time: 0.010, memory: 13424, loss_cls: 0.3632, loss_bbox: 0.3418, loss_kps: 0.0000, loss: 0.7050
2026-09-23 23:19:37,613 - mmdet - INFO - Epoch [25][2900/6976]	lr: 1.000e-04, eta: 1:54:06, time: 0.174, data_time: 0.009, memory: 13424, loss_cls: 0.3851, loss_bbox: 0.3700, loss_kps: 0.0000, loss: 0.7552
2026-09-23 23:19:46,356 - mmdet - INFO - Epoch [25][2950/6976]	lr: 1.000e-04, eta: 1:53:57, time: 0.175, data_time: 0.010, memory: 13424, loss_cls: 0.3574, loss_bbox: 0.3420, loss_kps: 0.0000, loss: 0.6995
2026-09-23 23:19:55,545 - mmdet - INFO - Epoch [25][3000/6976]	lr: 1.000e-04, eta: 1:53:48, time: 0.184, data_time: 0.010, memory: 13424, loss_cls: 0.3468, loss_bbox: 0.3486, loss_kps: 0.0000, loss: 0.6953
2026-09-23 23:20:04,295 - mmdet - INFO - Epoch [25][3050/6976]	lr: 1.000e-04, eta: 1:53:40, time: 0.175, data_time: 0.010, memory: 13424, loss_cls: 0.3624, loss_bbox: 0.3471, loss_kps: 0.0000, loss: 0.7095
2026-09-23 23:20:12,987 - mmdet - INFO - Epoch [25][3100/6976]	lr: 1.000e-04, eta: 1:53:31, time: 0.174, data_time: 0.010, memory: 13424, loss_cls: 0.3699, loss_bbox: 0.3555, loss_kps: 0.0000, loss: 0.7254
2026-09-23 23:20:21,634 - mmdet - INFO - Epoch [25][3150/6976]	lr: 1.000e-04, eta: 1:53:22, time: 0.173, data_time: 0.010, memory: 13424, loss_cls: 0.3725, loss_bbox: 0.3590, loss_kps: 0.0000, loss: 0.7315
2026-09-23 23:20:30,438 - mmdet - INFO - Epoch [25][3200/6976]	lr: 1.000e-04, eta: 1:53:13, time: 0.176, data_time: 0.010, memory: 13424, loss_cls: 0.3594, loss_bbox: 0.3499, loss_kps: 0.0000, loss: 0.7093
2026-09-23 23:20:39,124 - mmdet - INFO - Epoch [25][3250/6976]	lr: 1.000e-04, eta: 1:53:04, time: 0.174, data_time: 0.010, memory: 13424, loss_cls: 0.3557, loss_bbox: 0.3470, loss_kps: 0.0000, loss: 0.7027
2026-09-23 23:20:47,964 - mmdet - INFO - Epoch [25][3300/6976]	lr: 1.000e-04, eta: 1:52:56, time: 0.177, data_time: 0.010, memory: 13424, loss_cls: 0.3625, loss_bbox: 0.3617, loss_kps: 0.0000, loss: 0.7241
2026-09-23 23:20:56,672 - mmdet - INFO - Epoch [25][3350/6976]	lr: 1.000e-04, eta: 1:52:47, time: 0.174, data_time: 0.010, memory: 13424, loss_cls: 0.3585, loss_bbox: 0.3506, loss_kps: 0.0000, loss: 0.7091
2026-09-23 23:21:05,337 - mmdet - INFO - Epoch [25][3400/6976]	lr: 1.000e-04, eta: 1:52:38, time: 0.173, data_time: 0.010, memory: 13424, loss_cls: 0.3689, loss_bbox: 0.3506, loss_kps: 0.0000, loss: 0.7195
2026-09-23 23:21:14,074 - mmdet - INFO - Epoch [25][3450/6976]	lr: 1.000e-04, eta: 1:52:29, time: 0.175, data_time: 0.009, memory: 13424, loss_cls: 0.3631, loss_bbox: 0.3392, loss_kps: 0.0000, loss: 0.7023
2026-09-23 23:21:22,783 - mmdet - INFO - Epoch [25][3500/6976]	lr: 1.000e-04, eta: 1:52:20, time: 0.174, data_time: 0.009, memory: 13424, loss_cls: 0.3455, loss_bbox: 0.3506, loss_kps: 0.0000, loss: 0.6961
2026-09-23 23:21:31,407 - mmdet - INFO - Epoch [25][3550/6976]	lr: 1.000e-04, eta: 1:52:12, time: 0.173, data_time: 0.010, memory: 13424, loss_cls: 0.3710, loss_bbox: 0.3472, loss_kps: 0.0000, loss: 0.7183
2026-09-23 23:21:40,090 - mmdet - INFO - Epoch [25][3600/6976]	lr: 1.000e-04, eta: 1:52:03, time: 0.174, data_time: 0.009, memory: 13424, loss_cls: 0.3608, loss_bbox: 0.3537, loss_kps: 0.0000, loss: 0.7145
2026-09-23 23:21:48,864 - mmdet - INFO - Epoch [25][3650/6976]	lr: 1.000e-04, eta: 1:51:54, time: 0.175, data_time: 0.010, memory: 13424, loss_cls: 0.3961, loss_bbox: 0.3733, loss_kps: 0.0000, loss: 0.7694
2026-09-23 23:21:57,641 - mmdet - INFO - Epoch [25][3700/6976]	lr: 1.000e-04, eta: 1:51:45, time: 0.176, data_time: 0.010, memory: 13424, loss_cls: 0.3532, loss_bbox: 0.3418, loss_kps: 0.0000, loss: 0.6950
2026-09-23 23:22:06,361 - mmdet - INFO - Epoch [25][3750/6976]	lr: 1.000e-04, eta: 1:51:36, time: 0.174, data_time: 0.010, memory: 13424, loss_cls: 0.3639, loss_bbox: 0.3395, loss_kps: 0.0000, loss: 0.7034
2026-09-23 23:22:15,182 - mmdet - INFO - Epoch [25][3800/6976]	lr: 1.000e-04, eta: 1:51:28, time: 0.176, data_time: 0.010, memory: 13424, loss_cls: 0.3588, loss_bbox: 0.3407, loss_kps: 0.0000, loss: 0.6995
2026-09-23 23:22:23,932 - mmdet - INFO - Epoch [25][3850/6976]	lr: 1.000e-04, eta: 1:51:19, time: 0.175, data_time: 0.010, memory: 13424, loss_cls: 0.3384, loss_bbox: 0.3287, loss_kps: 0.0000, loss: 0.6671
2026-09-23 23:22:32,618 - mmdet - INFO - Epoch [25][3900/6976]	lr: 1.000e-04, eta: 1:51:10, time: 0.174, data_time: 0.010, memory: 13424, loss_cls: 0.3644, loss_bbox: 0.3465, loss_kps: 0.0000, loss: 0.7109
2026-09-23 23:22:41,341 - mmdet - INFO - Epoch [25][3950/6976]	lr: 1.000e-04, eta: 1:51:01, time: 0.174, data_time: 0.009, memory: 13424, loss_cls: 0.3537, loss_bbox: 0.3523, loss_kps: 0.0000, loss: 0.7060
2026-09-23 23:22:50,022 - mmdet - INFO - Epoch [25][4000/6976]	lr: 1.000e-04, eta: 1:50:52, time: 0.174, data_time: 0.010, memory: 13424, loss_cls: 0.3690, loss_bbox: 0.3580, loss_kps: 0.0000, loss: 0.7270
2026-09-23 23:22:58,758 - mmdet - INFO - Epoch [25][4050/6976]	lr: 1.000e-04, eta: 1:50:44, time: 0.175, data_time: 0.010, memory: 13424, loss_cls: 0.3808, loss_bbox: 0.3578, loss_kps: 0.0000, loss: 0.7386
2026-09-23 23:23:07,539 - mmdet - INFO - Epoch [25][4100/6976]	lr: 1.000e-04, eta: 1:50:35, time: 0.176, data_time: 0.010, memory: 13424, loss_cls: 0.3424, loss_bbox: 0.3462, loss_kps: 0.0000, loss: 0.6886
2026-09-23 23:23:16,335 - mmdet - INFO - Epoch [25][4150/6976]	lr: 1.000e-04, eta: 1:50:26, time: 0.176, data_time: 0.010, memory: 13424, loss_cls: 0.3466, loss_bbox: 0.3550, loss_kps: 0.0000, loss: 0.7017
2026-09-23 23:23:25,086 - mmdet - INFO - Epoch [25][4200/6976]	lr: 1.000e-04, eta: 1:50:17, time: 0.175, data_time: 0.009, memory: 13424, loss_cls: 0.3656, loss_bbox: 0.3489, loss_kps: 0.0000, loss: 0.7145
2026-09-23 23:23:33,812 - mmdet - INFO - Epoch [25][4250/6976]	lr: 1.000e-04, eta: 1:50:08, time: 0.175, data_time: 0.009, memory: 13424, loss_cls: 0.3897, loss_bbox: 0.3501, loss_kps: 0.0000, loss: 0.7398
2026-09-23 23:23:42,558 - mmdet - INFO - Epoch [25][4300/6976]	lr: 1.000e-04, eta: 1:50:00, time: 0.175, data_time: 0.010, memory: 13424, loss_cls: 0.3641, loss_bbox: 0.3519, loss_kps: 0.0000, loss: 0.7160
2026-09-23 23:23:51,189 - mmdet - INFO - Epoch [25][4350/6976]	lr: 1.000e-04, eta: 1:49:51, time: 0.173, data_time: 0.009, memory: 13424, loss_cls: 0.3619, loss_bbox: 0.3555, loss_kps: 0.0000, loss: 0.7174
2026-09-23 23:23:59,915 - mmdet - INFO - Epoch [25][4400/6976]	lr: 1.000e-04, eta: 1:49:42, time: 0.175, data_time: 0.010, memory: 13424, loss_cls: 0.3639, loss_bbox: 0.3490, loss_kps: 0.0000, loss: 0.7128
2026-09-23 23:24:08,937 - mmdet - INFO - Epoch [25][4450/6976]	lr: 1.000e-04, eta: 1:49:33, time: 0.180, data_time: 0.010, memory: 13424, loss_cls: 0.3480, loss_bbox: 0.3381, loss_kps: 0.0000, loss: 0.6860
2026-09-23 23:24:17,663 - mmdet - INFO - Epoch [25][4500/6976]	lr: 1.000e-04, eta: 1:49:24, time: 0.175, data_time: 0.010, memory: 13424, loss_cls: 0.3628, loss_bbox: 0.3464, loss_kps: 0.0000, loss: 0.7092
2026-09-23 23:24:26,461 - mmdet - INFO - Epoch [25][4550/6976]	lr: 1.000e-04, eta: 1:49:16, time: 0.176, data_time: 0.010, memory: 13424, loss_cls: 0.3483, loss_bbox: 0.3470, loss_kps: 0.0000, loss: 0.6954
2026-09-23 23:24:35,160 - mmdet - INFO - Epoch [25][4600/6976]	lr: 1.000e-04, eta: 1:49:07, time: 0.174, data_time: 0.010, memory: 13424, loss_cls: 0.3637, loss_bbox: 0.3491, loss_kps: 0.0000, loss: 0.7127
2026-09-23 23:24:43,895 - mmdet - INFO - Epoch [25][4650/6976]	lr: 1.000e-04, eta: 1:48:58, time: 0.174, data_time: 0.010, memory: 13424, loss_cls: 0.3683, loss_bbox: 0.3428, loss_kps: 0.0000, loss: 0.7111
2026-09-23 23:24:52,639 - mmdet - INFO - Epoch [25][4700/6976]	lr: 1.000e-04, eta: 1:48:49, time: 0.175, data_time: 0.010, memory: 13424, loss_cls: 0.3708, loss_bbox: 0.3623, loss_kps: 0.0000, loss: 0.7332
2026-09-23 23:25:01,371 - mmdet - INFO - Epoch [25][4750/6976]	lr: 1.000e-04, eta: 1:48:41, time: 0.175, data_time: 0.010, memory: 13424, loss_cls: 0.3722, loss_bbox: 0.3462, loss_kps: 0.0000, loss: 0.7184
2026-09-23 23:25:10,105 - mmdet - INFO - Epoch [25][4800/6976]	lr: 1.000e-04, eta: 1:48:32, time: 0.175, data_time: 0.010, memory: 13424, loss_cls: 0.3679, loss_bbox: 0.3623, loss_kps: 0.0000, loss: 0.7302
2026-09-23 23:25:18,885 - mmdet - INFO - Epoch [25][4850/6976]	lr: 1.000e-04, eta: 1:48:23, time: 0.176, data_time: 0.010, memory: 13424, loss_cls: 0.3314, loss_bbox: 0.3435, loss_kps: 0.0000, loss: 0.6749
2026-09-23 23:25:27,611 - mmdet - INFO - Epoch [25][4900/6976]	lr: 1.000e-04, eta: 1:48:14, time: 0.175, data_time: 0.010, memory: 13424, loss_cls: 0.3491, loss_bbox: 0.3401, loss_kps: 0.0000, loss: 0.6892
2026-09-23 23:25:36,385 - mmdet - INFO - Epoch [25][4950/6976]	lr: 1.000e-04, eta: 1:48:05, time: 0.175, data_time: 0.010, memory: 13424, loss_cls: 0.3605, loss_bbox: 0.3476, loss_kps: 0.0000, loss: 0.7081
2026-09-23 23:25:45,101 - mmdet - INFO - Epoch [25][5000/6976]	lr: 1.000e-04, eta: 1:47:57, time: 0.174, data_time: 0.010, memory: 13424, loss_cls: 0.3895, loss_bbox: 0.3634, loss_kps: 0.0000, loss: 0.7529
2026-09-23 23:25:53,897 - mmdet - INFO - Epoch [25][5050/6976]	lr: 1.000e-04, eta: 1:47:48, time: 0.176, data_time: 0.010, memory: 13424, loss_cls: 0.3729, loss_bbox: 0.3555, loss_kps: 0.0000, loss: 0.7284
2026-09-23 23:26:02,658 - mmdet - INFO - Epoch [25][5100/6976]	lr: 1.000e-04, eta: 1:47:39, time: 0.175, data_time: 0.010, memory: 13424, loss_cls: 0.3820, loss_bbox: 0.3565, loss_kps: 0.0000, loss: 0.7385
2026-09-23 23:26:11,365 - mmdet - INFO - Epoch [25][5150/6976]	lr: 1.000e-04, eta: 1:47:30, time: 0.174, data_time: 0.010, memory: 13424, loss_cls: 0.3775, loss_bbox: 0.3544, loss_kps: 0.0000, loss: 0.7319
2026-09-23 23:26:20,027 - mmdet - INFO - Epoch [25][5200/6976]	lr: 1.000e-04, eta: 1:47:21, time: 0.173, data_time: 0.010, memory: 13424, loss_cls: 0.3503, loss_bbox: 0.3441, loss_kps: 0.0000, loss: 0.6944
2026-09-23 23:26:29,069 - mmdet - INFO - Epoch [25][5250/6976]	lr: 1.000e-04, eta: 1:47:13, time: 0.181, data_time: 0.010, memory: 13424, loss_cls: 0.3639, loss_bbox: 0.3459, loss_kps: 0.0000, loss: 0.7098
2026-09-23 23:26:37,719 - mmdet - INFO - Epoch [25][5300/6976]	lr: 1.000e-04, eta: 1:47:04, time: 0.173, data_time: 0.010, memory: 13424, loss_cls: 0.3388, loss_bbox: 0.3250, loss_kps: 0.0000, loss: 0.6638
2026-09-23 23:26:46,437 - mmdet - INFO - Epoch [25][5350/6976]	lr: 1.000e-04, eta: 1:46:55, time: 0.174, data_time: 0.010, memory: 13424, loss_cls: 0.3684, loss_bbox: 0.3608, loss_kps: 0.0000, loss: 0.7292
2026-09-23 23:26:55,147 - mmdet - INFO - Epoch [25][5400/6976]	lr: 1.000e-04, eta: 1:46:46, time: 0.174, data_time: 0.009, memory: 13424, loss_cls: 0.3593, loss_bbox: 0.3381, loss_kps: 0.0000, loss: 0.6974
2026-09-23 23:27:03,798 - mmdet - INFO - Epoch [25][5450/6976]	lr: 1.000e-04, eta: 1:46:37, time: 0.173, data_time: 0.010, memory: 13424, loss_cls: 0.3766, loss_bbox: 0.3530, loss_kps: 0.0000, loss: 0.7296
2026-09-23 23:27:12,631 - mmdet - INFO - Epoch [25][5500/6976]	lr: 1.000e-04, eta: 1:46:29, time: 0.177, data_time: 0.010, memory: 13424, loss_cls: 0.3584, loss_bbox: 0.3517, loss_kps: 0.0000, loss: 0.7101
2026-09-23 23:27:21,309 - mmdet - INFO - Epoch [25][5550/6976]	lr: 1.000e-04, eta: 1:46:20, time: 0.174, data_time: 0.010, memory: 13424, loss_cls: 0.3697, loss_bbox: 0.3580, loss_kps: 0.0000, loss: 0.7277
2026-09-23 23:27:29,991 - mmdet - INFO - Epoch [25][5600/6976]	lr: 1.000e-04, eta: 1:46:11, time: 0.174, data_time: 0.010, memory: 13424, loss_cls: 0.3515, loss_bbox: 0.3451, loss_kps: 0.0000, loss: 0.6966
2026-09-23 23:27:38,754 - mmdet - INFO - Epoch [25][5650/6976]	lr: 1.000e-04, eta: 1:46:02, time: 0.175, data_time: 0.009, memory: 13424, loss_cls: 0.3726, loss_bbox: 0.3537, loss_kps: 0.0000, loss: 0.7263
2026-09-23 23:27:47,482 - mmdet - INFO - Epoch [25][5700/6976]	lr: 1.000e-04, eta: 1:45:53, time: 0.175, data_time: 0.010, memory: 13424, loss_cls: 0.3647, loss_bbox: 0.3405, loss_kps: 0.0000, loss: 0.7052
2026-09-23 23:27:56,339 - mmdet - INFO - Epoch [25][5750/6976]	lr: 1.000e-04, eta: 1:45:45, time: 0.177, data_time: 0.010, memory: 13424, loss_cls: 0.3533, loss_bbox: 0.3390, loss_kps: 0.0000, loss: 0.6923
2026-09-23 23:28:05,062 - mmdet - INFO - Epoch [25][5800/6976]	lr: 1.000e-04, eta: 1:45:36, time: 0.174, data_time: 0.010, memory: 13424, loss_cls: 0.3647, loss_bbox: 0.3453, loss_kps: 0.0000, loss: 0.7100
2026-09-23 23:28:13,831 - mmdet - INFO - Epoch [25][5850/6976]	lr: 1.000e-04, eta: 1:45:27, time: 0.175, data_time: 0.010, memory: 13424, loss_cls: 0.3776, loss_bbox: 0.3603, loss_kps: 0.0000, loss: 0.7379
2026-09-23 23:28:22,592 - mmdet - INFO - Epoch [25][5900/6976]	lr: 1.000e-04, eta: 1:45:18, time: 0.175, data_time: 0.010, memory: 13424, loss_cls: 0.3813, loss_bbox: 0.3628, loss_kps: 0.0000, loss: 0.7441
2026-09-23 23:28:31,387 - mmdet - INFO - Epoch [25][5950/6976]	lr: 1.000e-04, eta: 1:45:09, time: 0.176, data_time: 0.010, memory: 13424, loss_cls: 0.3605, loss_bbox: 0.3600, loss_kps: 0.0000, loss: 0.7206
2026-09-23 23:28:40,266 - mmdet - INFO - Epoch [25][6000/6976]	lr: 1.000e-04, eta: 1:45:01, time: 0.177, data_time: 0.010, memory: 13424, loss_cls: 0.3609, loss_bbox: 0.3522, loss_kps: 0.0000, loss: 0.7131
2026-09-23 23:28:49,450 - mmdet - INFO - Epoch [25][6050/6976]	lr: 1.000e-04, eta: 1:44:52, time: 0.184, data_time: 0.010, memory: 13424, loss_cls: 0.3616, loss_bbox: 0.3412, loss_kps: 0.0000, loss: 0.7028
2026-09-23 23:28:58,298 - mmdet - INFO - Epoch [25][6100/6976]	lr: 1.000e-04, eta: 1:44:43, time: 0.177, data_time: 0.010, memory: 13424, loss_cls: 0.3999, loss_bbox: 0.3560, loss_kps: 0.0000, loss: 0.7559
2026-09-23 23:29:07,311 - mmdet - INFO - Epoch [25][6150/6976]	lr: 1.000e-04, eta: 1:44:34, time: 0.180, data_time: 0.010, memory: 13424, loss_cls: 0.3538, loss_bbox: 0.3360, loss_kps: 0.0000, loss: 0.6898
2026-09-23 23:29:16,125 - mmdet - INFO - Epoch [25][6200/6976]	lr: 1.000e-04, eta: 1:44:26, time: 0.176, data_time: 0.010, memory: 13424, loss_cls: 0.3573, loss_bbox: 0.3390, loss_kps: 0.0000, loss: 0.6962
2026-09-23 23:29:24,830 - mmdet - INFO - Epoch [25][6250/6976]	lr: 1.000e-04, eta: 1:44:17, time: 0.174, data_time: 0.009, memory: 13424, loss_cls: 0.3665, loss_bbox: 0.3589, loss_kps: 0.0000, loss: 0.7254
2026-09-23 23:29:33,560 - mmdet - INFO - Epoch [25][6300/6976]	lr: 1.000e-04, eta: 1:44:08, time: 0.174, data_time: 0.009, memory: 13424, loss_cls: 0.3714, loss_bbox: 0.3604, loss_kps: 0.0000, loss: 0.7318
2026-09-23 23:29:42,414 - mmdet - INFO - Epoch [25][6350/6976]	lr: 1.000e-04, eta: 1:43:59, time: 0.177, data_time: 0.009, memory: 13424, loss_cls: 0.3793, loss_bbox: 0.3519, loss_kps: 0.0000, loss: 0.7312
2026-09-23 23:29:51,151 - mmdet - INFO - Epoch [25][6400/6976]	lr: 1.000e-04, eta: 1:43:50, time: 0.175, data_time: 0.009, memory: 13424, loss_cls: 0.3739, loss_bbox: 0.3457, loss_kps: 0.0000, loss: 0.7195
2026-09-23 23:29:59,904 - mmdet - INFO - Epoch [25][6450/6976]	lr: 1.000e-04, eta: 1:43:42, time: 0.175, data_time: 0.010, memory: 13424, loss_cls: 0.3724, loss_bbox: 0.3498, loss_kps: 0.0000, loss: 0.7222
2026-09-23 23:30:08,634 - mmdet - INFO - Epoch [25][6500/6976]	lr: 1.000e-04, eta: 1:43:33, time: 0.174, data_time: 0.009, memory: 13424, loss_cls: 0.3692, loss_bbox: 0.3533, loss_kps: 0.0000, loss: 0.7225
2026-09-23 23:30:17,389 - mmdet - INFO - Epoch [25][6550/6976]	lr: 1.000e-04, eta: 1:43:24, time: 0.175, data_time: 0.009, memory: 13424, loss_cls: 0.3745, loss_bbox: 0.3648, loss_kps: 0.0000, loss: 0.7393
2026-09-23 23:30:26,139 - mmdet - INFO - Epoch [25][6600/6976]	lr: 1.000e-04, eta: 1:43:15, time: 0.175, data_time: 0.009, memory: 13424, loss_cls: 0.3770, loss_bbox: 0.3617, loss_kps: 0.0000, loss: 0.7387
2026-09-23 23:30:35,231 - mmdet - INFO - Epoch [25][6650/6976]	lr: 1.000e-04, eta: 1:43:07, time: 0.182, data_time: 0.009, memory: 13424, loss_cls: 0.3646, loss_bbox: 0.3519, loss_kps: 0.0000, loss: 0.7164
2026-09-23 23:30:43,981 - mmdet - INFO - Epoch [25][6700/6976]	lr: 1.000e-04, eta: 1:42:58, time: 0.175, data_time: 0.009, memory: 13424, loss_cls: 0.3706, loss_bbox: 0.3634, loss_kps: 0.0000, loss: 0.7341
2026-09-23 23:30:52,835 - mmdet - INFO - Epoch [25][6750/6976]	lr: 1.000e-04, eta: 1:42:49, time: 0.177, data_time: 0.011, memory: 13424, loss_cls: 0.3624, loss_bbox: 0.3400, loss_kps: 0.0000, loss: 0.7024
2026-09-23 23:31:01,671 - mmdet - INFO - Epoch [25][6800/6976]	lr: 1.000e-04, eta: 1:42:40, time: 0.177, data_time: 0.009, memory: 13424, loss_cls: 0.3716, loss_bbox: 0.3589, loss_kps: 0.0000, loss: 0.7305
2026-09-23 23:31:10,413 - mmdet - INFO - Epoch [25][6850/6976]	lr: 1.000e-04, eta: 1:42:31, time: 0.175, data_time: 0.009, memory: 13424, loss_cls: 0.3555, loss_bbox: 0.3353, loss_kps: 0.0000, loss: 0.6908
2026-09-23 23:31:19,124 - mmdet - INFO - Epoch [25][6900/6976]	lr: 1.000e-04, eta: 1:42:23, time: 0.174, data_time: 0.009, memory: 13424, loss_cls: 0.3592, loss_bbox: 0.3552, loss_kps: 0.0000, loss: 0.7144
2026-09-23 23:31:27,833 - mmdet - INFO - Epoch [25][6950/6976]	lr: 1.000e-04, eta: 1:42:14, time: 0.174, data_time: 0.009, memory: 13424, loss_cls: 0.3489, loss_bbox: 0.3548, loss_kps: 0.0000, loss: 0.7037
2026-09-23 23:31:32,463 - mmdet - INFO - Saving checkpoint at 25 epochs
2026-09-23 23:31:46,691 - mmdet - INFO - Epoch [26][50/6976]	lr: 1.000e-04, eta: 1:42:01, time: 0.280, data_time: 0.112, memory: 13424, loss_cls: 0.3548, loss_bbox: 0.3470, loss_kps: 0.0000, loss: 0.7018
2026-09-23 23:31:55,554 - mmdet - INFO - Epoch [26][100/6976]	lr: 1.000e-04, eta: 1:41:52, time: 0.177, data_time: 0.009, memory: 13424, loss_cls: 0.3843, loss_bbox: 0.3518, loss_kps: 0.0000, loss: 0.7361
2026-09-23 23:32:04,999 - mmdet - INFO - Epoch [26][150/6976]	lr: 1.000e-04, eta: 1:41:43, time: 0.189, data_time: 0.009, memory: 13424, loss_cls: 0.3738, loss_bbox: 0.3419, loss_kps: 0.0000, loss: 0.7157
2026-09-23 23:32:13,892 - mmdet - INFO - Epoch [26][200/6976]	lr: 1.000e-04, eta: 1:41:34, time: 0.178, data_time: 0.009, memory: 13424, loss_cls: 0.3763, loss_bbox: 0.3464, loss_kps: 0.0000, loss: 0.7227
2026-09-23 23:32:22,653 - mmdet - INFO - Epoch [26][250/6976]	lr: 1.000e-04, eta: 1:41:26, time: 0.175, data_time: 0.009, memory: 13424, loss_cls: 0.3617, loss_bbox: 0.3501, loss_kps: 0.0000, loss: 0.7118
2026-09-23 23:32:31,294 - mmdet - INFO - Epoch [26][300/6976]	lr: 1.000e-04, eta: 1:41:17, time: 0.173, data_time: 0.009, memory: 13424, loss_cls: 0.3760, loss_bbox: 0.3503, loss_kps: 0.0000, loss: 0.7263
2026-09-23 23:32:40,013 - mmdet - INFO - Epoch [26][350/6976]	lr: 1.000e-04, eta: 1:41:08, time: 0.174, data_time: 0.009, memory: 13424, loss_cls: 0.3461, loss_bbox: 0.3423, loss_kps: 0.0000, loss: 0.6884
2026-09-23 23:32:48,782 - mmdet - INFO - Epoch [26][400/6976]	lr: 1.000e-04, eta: 1:40:59, time: 0.175, data_time: 0.009, memory: 13424, loss_cls: 0.3649, loss_bbox: 0.3506, loss_kps: 0.0000, loss: 0.7154
2026-09-23 23:32:57,504 - mmdet - INFO - Epoch [26][450/6976]	lr: 1.000e-04, eta: 1:40:50, time: 0.174, data_time: 0.010, memory: 13424, loss_cls: 0.3490, loss_bbox: 0.3399, loss_kps: 0.0000, loss: 0.6889
2026-09-23 23:33:06,275 - mmdet - INFO - Epoch [26][500/6976]	lr: 1.000e-04, eta: 1:40:42, time: 0.176, data_time: 0.009, memory: 13424, loss_cls: 0.3787, loss_bbox: 0.3617, loss_kps: 0.0000, loss: 0.7404
2026-09-23 23:33:14,882 - mmdet - INFO - Epoch [26][550/6976]	lr: 1.000e-04, eta: 1:40:33, time: 0.172, data_time: 0.009, memory: 13424, loss_cls: 0.3664, loss_bbox: 0.3534, loss_kps: 0.0000, loss: 0.7198
2026-09-23 23:33:23,608 - mmdet - INFO - Exp name: scrfd_armAK34.py
2026-09-23 23:33:23,608 - mmdet - INFO - Epoch [26][600/6976]	lr: 1.000e-04, eta: 1:40:24, time: 0.174, data_time: 0.009, memory: 13424, loss_cls: 0.3682, loss_bbox: 0.3661, loss_kps: 0.0000, loss: 0.7344
2026-09-23 23:33:32,407 - mmdet - INFO - Epoch [26][650/6976]	lr: 1.000e-04, eta: 1:40:15, time: 0.176, data_time: 0.009, memory: 13424, loss_cls: 0.3477, loss_bbox: 0.3476, loss_kps: 0.0000, loss: 0.6953
2026-09-23 23:33:41,094 - mmdet - INFO - Epoch [26][700/6976]	lr: 1.000e-04, eta: 1:40:06, time: 0.174, data_time: 0.009, memory: 13424, loss_cls: 0.3394, loss_bbox: 0.3418, loss_kps: 0.0000, loss: 0.6812
2026-09-23 23:33:49,924 - mmdet - INFO - Epoch [26][750/6976]	lr: 1.000e-04, eta: 1:39:58, time: 0.177, data_time: 0.009, memory: 13424, loss_cls: 0.3505, loss_bbox: 0.3443, loss_kps: 0.0000, loss: 0.6948
2026-09-23 23:33:58,630 - mmdet - INFO - Epoch [26][800/6976]	lr: 1.000e-04, eta: 1:39:49, time: 0.174, data_time: 0.010, memory: 13424, loss_cls: 0.3756, loss_bbox: 0.3486, loss_kps: 0.0000, loss: 0.7242
2026-09-23 23:34:07,402 - mmdet - INFO - Epoch [26][850/6976]	lr: 1.000e-04, eta: 1:39:40, time: 0.175, data_time: 0.009, memory: 13424, loss_cls: 0.3701, loss_bbox: 0.3530, loss_kps: 0.0000, loss: 0.7231
2026-09-23 23:34:15,985 - mmdet - INFO - Epoch [26][900/6976]	lr: 1.000e-04, eta: 1:39:31, time: 0.172, data_time: 0.009, memory: 13424, loss_cls: 0.3772, loss_bbox: 0.3548, loss_kps: 0.0000, loss: 0.7320
2026-09-23 23:34:24,721 - mmdet - INFO - Epoch [26][950/6976]	lr: 1.000e-04, eta: 1:39:22, time: 0.175, data_time: 0.009, memory: 13424, loss_cls: 0.3671, loss_bbox: 0.3594, loss_kps: 0.0000, loss: 0.7266
2026-09-23 23:34:33,465 - mmdet - INFO - Epoch [26][1000/6976]	lr: 1.000e-04, eta: 1:39:14, time: 0.175, data_time: 0.009, memory: 13424, loss_cls: 0.3682, loss_bbox: 0.3466, loss_kps: 0.0000, loss: 0.7147
2026-09-23 23:34:42,206 - mmdet - INFO - Epoch [26][1050/6976]	lr: 1.000e-04, eta: 1:39:05, time: 0.175, data_time: 0.009, memory: 13424, loss_cls: 0.3768, loss_bbox: 0.3614, loss_kps: 0.0000, loss: 0.7382
2026-09-23 23:34:51,075 - mmdet - INFO - Epoch [26][1100/6976]	lr: 1.000e-04, eta: 1:38:56, time: 0.177, data_time: 0.010, memory: 13424, loss_cls: 0.3670, loss_bbox: 0.3603, loss_kps: 0.0000, loss: 0.7273
2026-09-23 23:34:59,818 - mmdet - INFO - Epoch [26][1150/6976]	lr: 1.000e-04, eta: 1:38:47, time: 0.175, data_time: 0.009, memory: 13424, loss_cls: 0.3442, loss_bbox: 0.3496, loss_kps: 0.0000, loss: 0.6938
2026-09-23 23:35:08,688 - mmdet - INFO - Epoch [26][1200/6976]	lr: 1.000e-04, eta: 1:38:38, time: 0.178, data_time: 0.010, memory: 13424, loss_cls: 0.3412, loss_bbox: 0.3419, loss_kps: 0.0000, loss: 0.6831
2026-09-23 23:35:17,454 - mmdet - INFO - Epoch [26][1250/6976]	lr: 1.000e-04, eta: 1:38:30, time: 0.175, data_time: 0.009, memory: 13424, loss_cls: 0.3633, loss_bbox: 0.3436, loss_kps: 0.0000, loss: 0.7069
2026-09-23 23:35:26,179 - mmdet - INFO - Epoch [26][1300/6976]	lr: 1.000e-04, eta: 1:38:21, time: 0.175, data_time: 0.009, memory: 13424, loss_cls: 0.3947, loss_bbox: 0.3638, loss_kps: 0.0000, loss: 0.7586
2026-09-23 23:35:35,016 - mmdet - INFO - Epoch [26][1350/6976]	lr: 1.000e-04, eta: 1:38:12, time: 0.177, data_time: 0.009, memory: 13424, loss_cls: 0.3594, loss_bbox: 0.3501, loss_kps: 0.0000, loss: 0.7095
2026-09-23 23:35:44,254 - mmdet - INFO - Epoch [26][1400/6976]	lr: 1.000e-04, eta: 1:38:03, time: 0.185, data_time: 0.009, memory: 13424, loss_cls: 0.3517, loss_bbox: 0.3334, loss_kps: 0.0000, loss: 0.6852
2026-09-23 23:35:53,020 - mmdet - INFO - Epoch [26][1450/6976]	lr: 1.000e-04, eta: 1:37:55, time: 0.175, data_time: 0.009, memory: 13424, loss_cls: 0.3728, loss_bbox: 0.3458, loss_kps: 0.0000, loss: 0.7186
2026-09-23 23:36:01,843 - mmdet - INFO - Epoch [26][1500/6976]	lr: 1.000e-04, eta: 1:37:46, time: 0.176, data_time: 0.010, memory: 13424, loss_cls: 0.3555, loss_bbox: 0.3482, loss_kps: 0.0000, loss: 0.7037
2026-09-23 23:36:10,537 - mmdet - INFO - Epoch [26][1550/6976]	lr: 1.000e-04, eta: 1:37:37, time: 0.174, data_time: 0.009, memory: 13424, loss_cls: 0.3689, loss_bbox: 0.3514, loss_kps: 0.0000, loss: 0.7203
2026-09-23 23:36:19,280 - mmdet - INFO - Exp name: scrfd_armAK34.py
2026-09-23 23:36:19,280 - mmdet - INFO - Epoch [26][1600/6976]	lr: 1.000e-04, eta: 1:37:28, time: 0.175, data_time: 0.009, memory: 13424, loss_cls: 0.3482, loss_bbox: 0.3452, loss_kps: 0.0000, loss: 0.6934
2026-09-23 23:36:28,038 - mmdet - INFO - Epoch [26][1650/6976]	lr: 1.000e-04, eta: 1:37:19, time: 0.175, data_time: 0.009, memory: 13424, loss_cls: 0.3282, loss_bbox: 0.3455, loss_kps: 0.0000, loss: 0.6737
2026-09-23 23:36:36,811 - mmdet - INFO - Epoch [26][1700/6976]	lr: 1.000e-04, eta: 1:37:11, time: 0.176, data_time: 0.009, memory: 13424, loss_cls: 0.3865, loss_bbox: 0.3552, loss_kps: 0.0000, loss: 0.7417
2026-09-23 23:36:45,497 - mmdet - INFO - Epoch [26][1750/6976]	lr: 1.000e-04, eta: 1:37:02, time: 0.174, data_time: 0.009, memory: 13424, loss_cls: 0.3623, loss_bbox: 0.3344, loss_kps: 0.0000, loss: 0.6968
2026-09-23 23:36:54,532 - mmdet - INFO - Epoch [26][1800/6976]	lr: 1.000e-04, eta: 1:36:53, time: 0.181, data_time: 0.009, memory: 13424, loss_cls: 0.3366, loss_bbox: 0.3456, loss_kps: 0.0000, loss: 0.6822
2026-09-23 23:37:03,255 - mmdet - INFO - Epoch [26][1850/6976]	lr: 1.000e-04, eta: 1:36:44, time: 0.174, data_time: 0.009, memory: 13424, loss_cls: 0.3907, loss_bbox: 0.3608, loss_kps: 0.0000, loss: 0.7515
2026-09-23 23:37:12,024 - mmdet - INFO - Epoch [26][1900/6976]	lr: 1.000e-04, eta: 1:36:36, time: 0.175, data_time: 0.010, memory: 13424, loss_cls: 0.3528, loss_bbox: 0.3575, loss_kps: 0.0000, loss: 0.7103
2026-09-23 23:37:20,852 - mmdet - INFO - Epoch [26][1950/6976]	lr: 1.000e-04, eta: 1:36:27, time: 0.177, data_time: 0.008, memory: 13424, loss_cls: 0.3480, loss_bbox: 0.3420, loss_kps: 0.0000, loss: 0.6900
2026-09-23 23:37:29,557 - mmdet - INFO - Epoch [26][2000/6976]	lr: 1.000e-04, eta: 1:36:18, time: 0.174, data_time: 0.010, memory: 13424, loss_cls: 0.3766, loss_bbox: 0.3639, loss_kps: 0.0000, loss: 0.7404
2026-09-23 23:37:38,232 - mmdet - INFO - Epoch [26][2050/6976]	lr: 1.000e-04, eta: 1:36:09, time: 0.173, data_time: 0.010, memory: 13424, loss_cls: 0.3799, loss_bbox: 0.3628, loss_kps: 0.0000, loss: 0.7428
2026-09-23 23:37:46,965 - mmdet - INFO - Epoch [26][2100/6976]	lr: 1.000e-04, eta: 1:36:00, time: 0.175, data_time: 0.010, memory: 13424, loss_cls: 0.3478, loss_bbox: 0.3470, loss_kps: 0.0000, loss: 0.6947
2026-09-23 23:37:55,761 - mmdet - INFO - Epoch [26][2150/6976]	lr: 1.000e-04, eta: 1:35:52, time: 0.176, data_time: 0.010, memory: 13424, loss_cls: 0.3756, loss_bbox: 0.3738, loss_kps: 0.0000, loss: 0.7494
2026-09-23 23:38:04,592 - mmdet - INFO - Epoch [26][2200/6976]	lr: 1.000e-04, eta: 1:35:43, time: 0.176, data_time: 0.010, memory: 13424, loss_cls: 0.3751, loss_bbox: 0.3420, loss_kps: 0.0000, loss: 0.7171
2026-09-23 23:38:13,359 - mmdet - INFO - Epoch [26][2250/6976]	lr: 1.000e-04, eta: 1:35:34, time: 0.176, data_time: 0.010, memory: 13424, loss_cls: 0.3789, loss_bbox: 0.3610, loss_kps: 0.0000, loss: 0.7399
2026-09-23 23:38:22,052 - mmdet - INFO - Epoch [26][2300/6976]	lr: 1.000e-04, eta: 1:35:25, time: 0.174, data_time: 0.010, memory: 13424, loss_cls: 0.3606, loss_bbox: 0.3431, loss_kps: 0.0000, loss: 0.7038
2026-09-23 23:38:31,159 - mmdet - INFO - Epoch [26][2350/6976]	lr: 1.000e-04, eta: 1:35:16, time: 0.182, data_time: 0.009, memory: 13424, loss_cls: 0.3659, loss_bbox: 0.3549, loss_kps: 0.0000, loss: 0.7208
2026-09-23 23:38:39,942 - mmdet - INFO - Epoch [26][2400/6976]	lr: 1.000e-04, eta: 1:35:08, time: 0.176, data_time: 0.010, memory: 13424, loss_cls: 0.3454, loss_bbox: 0.3434, loss_kps: 0.0000, loss: 0.6889
2026-09-23 23:38:48,714 - mmdet - INFO - Epoch [26][2450/6976]	lr: 1.000e-04, eta: 1:34:59, time: 0.175, data_time: 0.010, memory: 13424, loss_cls: 0.3870, loss_bbox: 0.3657, loss_kps: 0.0000, loss: 0.7527
2026-09-23 23:38:57,456 - mmdet - INFO - Epoch [26][2500/6976]	lr: 1.000e-04, eta: 1:34:50, time: 0.175, data_time: 0.010, memory: 13424, loss_cls: 0.3805, loss_bbox: 0.3445, loss_kps: 0.0000, loss: 0.7250
2026-09-23 23:39:06,279 - mmdet - INFO - Epoch [26][2550/6976]	lr: 1.000e-04, eta: 1:34:41, time: 0.176, data_time: 0.010, memory: 13424, loss_cls: 0.3876, loss_bbox: 0.3586, loss_kps: 0.0000, loss: 0.7461
2026-09-23 23:39:15,026 - mmdet - INFO - Exp name: scrfd_armAK34.py
2026-09-23 23:39:15,026 - mmdet - INFO - Epoch [26][2600/6976]	lr: 1.000e-04, eta: 1:34:33, time: 0.175, data_time: 0.010, memory: 13424, loss_cls: 0.3588, loss_bbox: 0.3438, loss_kps: 0.0000, loss: 0.7026
2026-09-23 23:39:23,820 - mmdet - INFO - Epoch [26][2650/6976]	lr: 1.000e-04, eta: 1:34:24, time: 0.176, data_time: 0.010, memory: 13424, loss_cls: 0.3604, loss_bbox: 0.3488, loss_kps: 0.0000, loss: 0.7091
2026-09-23 23:39:32,525 - mmdet - INFO - Epoch [26][2700/6976]	lr: 1.000e-04, eta: 1:34:15, time: 0.174, data_time: 0.009, memory: 13424, loss_cls: 0.3347, loss_bbox: 0.3378, loss_kps: 0.0000, loss: 0.6725
2026-09-23 23:39:41,556 - mmdet - INFO - Epoch [26][2750/6976]	lr: 1.000e-04, eta: 1:34:06, time: 0.181, data_time: 0.010, memory: 13424, loss_cls: 0.3828, loss_bbox: 0.3548, loss_kps: 0.0000, loss: 0.7375
2026-09-23 23:39:50,308 - mmdet - INFO - Epoch [26][2800/6976]	lr: 1.000e-04, eta: 1:33:57, time: 0.175, data_time: 0.010, memory: 13424, loss_cls: 0.3736, loss_bbox: 0.3479, loss_kps: 0.0000, loss: 0.7215
2026-09-23 23:39:59,116 - mmdet - INFO - Epoch [26][2850/6976]	lr: 1.000e-04, eta: 1:33:49, time: 0.176, data_time: 0.010, memory: 13424, loss_cls: 0.3575, loss_bbox: 0.3582, loss_kps: 0.0000, loss: 0.7158
2026-09-23 23:40:07,784 - mmdet - INFO - Epoch [26][2900/6976]	lr: 1.000e-04, eta: 1:33:40, time: 0.173, data_time: 0.010, memory: 13424, loss_cls: 0.3653, loss_bbox: 0.3612, loss_kps: 0.0000, loss: 0.7265
2026-09-23 23:40:16,413 - mmdet - INFO - Epoch [26][2950/6976]	lr: 1.000e-04, eta: 1:33:31, time: 0.173, data_time: 0.010, memory: 13424, loss_cls: 0.3332, loss_bbox: 0.3369, loss_kps: 0.0000, loss: 0.6702
2026-09-23 23:40:25,140 - mmdet - INFO - Epoch [26][3000/6976]	lr: 1.000e-04, eta: 1:33:22, time: 0.175, data_time: 0.010, memory: 13424, loss_cls: 0.3567, loss_bbox: 0.3400, loss_kps: 0.0000, loss: 0.6967
2026-09-23 23:40:33,773 - mmdet - INFO - Epoch [26][3050/6976]	lr: 1.000e-04, eta: 1:33:13, time: 0.173, data_time: 0.010, memory: 13424, loss_cls: 0.3568, loss_bbox: 0.3454, loss_kps: 0.0000, loss: 0.7022
2026-09-23 23:40:42,454 - mmdet - INFO - Epoch [26][3100/6976]	lr: 1.000e-04, eta: 1:33:05, time: 0.174, data_time: 0.009, memory: 13424, loss_cls: 0.3647, loss_bbox: 0.3599, loss_kps: 0.0000, loss: 0.7246
2026-09-23 23:40:51,227 - mmdet - INFO - Epoch [26][3150/6976]	lr: 1.000e-04, eta: 1:32:56, time: 0.175, data_time: 0.009, memory: 13424, loss_cls: 0.3808, loss_bbox: 0.3520, loss_kps: 0.0000, loss: 0.7328
2026-09-23 23:40:59,975 - mmdet - INFO - Epoch [26][3200/6976]	lr: 1.000e-04, eta: 1:32:47, time: 0.175, data_time: 0.009, memory: 13424, loss_cls: 0.3459, loss_bbox: 0.3390, loss_kps: 0.0000, loss: 0.6849
2026-09-23 23:41:08,757 - mmdet - INFO - Epoch [26][3250/6976]	lr: 1.000e-04, eta: 1:32:38, time: 0.176, data_time: 0.010, memory: 13424, loss_cls: 0.3478, loss_bbox: 0.3379, loss_kps: 0.0000, loss: 0.6857
2026-09-23 23:41:17,536 - mmdet - INFO - Epoch [26][3300/6976]	lr: 1.000e-04, eta: 1:32:29, time: 0.176, data_time: 0.010, memory: 13424, loss_cls: 0.3652, loss_bbox: 0.3559, loss_kps: 0.0000, loss: 0.7211
2026-09-23 23:41:26,293 - mmdet - INFO - Epoch [26][3350/6976]	lr: 1.000e-04, eta: 1:32:21, time: 0.175, data_time: 0.010, memory: 13424, loss_cls: 0.3731, loss_bbox: 0.3405, loss_kps: 0.0000, loss: 0.7136
2026-09-23 23:41:35,061 - mmdet - INFO - Epoch [26][3400/6976]	lr: 1.000e-04, eta: 1:32:12, time: 0.175, data_time: 0.010, memory: 13424, loss_cls: 0.3554, loss_bbox: 0.3501, loss_kps: 0.0000, loss: 0.7055
2026-09-23 23:41:43,784 - mmdet - INFO - Epoch [26][3450/6976]	lr: 1.000e-04, eta: 1:32:03, time: 0.174, data_time: 0.010, memory: 13424, loss_cls: 0.3570, loss_bbox: 0.3501, loss_kps: 0.0000, loss: 0.7071
2026-09-23 23:41:52,903 - mmdet - INFO - Epoch [26][3500/6976]	lr: 1.000e-04, eta: 1:31:54, time: 0.182, data_time: 0.009, memory: 13424, loss_cls: 0.3730, loss_bbox: 0.3594, loss_kps: 0.0000, loss: 0.7323
2026-09-23 23:42:01,684 - mmdet - INFO - Epoch [26][3550/6976]	lr: 1.000e-04, eta: 1:31:45, time: 0.176, data_time: 0.010, memory: 13424, loss_cls: 0.3455, loss_bbox: 0.3380, loss_kps: 0.0000, loss: 0.6836
2026-09-23 23:42:10,350 - mmdet - INFO - Exp name: scrfd_armAK34.py
2026-09-23 23:42:10,350 - mmdet - INFO - Epoch [26][3600/6976]	lr: 1.000e-04, eta: 1:31:37, time: 0.173, data_time: 0.010, memory: 13424, loss_cls: 0.3718, loss_bbox: 0.3409, loss_kps: 0.0000, loss: 0.7127
2026-09-23 23:42:19,104 - mmdet - INFO - Epoch [26][3650/6976]	lr: 1.000e-04, eta: 1:31:28, time: 0.175, data_time: 0.010, memory: 13424, loss_cls: 0.3707, loss_bbox: 0.3524, loss_kps: 0.0000, loss: 0.7231
2026-09-23 23:42:27,881 - mmdet - INFO - Epoch [26][3700/6976]	lr: 1.000e-04, eta: 1:31:19, time: 0.176, data_time: 0.010, memory: 13424, loss_cls: 0.3786, loss_bbox: 0.3703, loss_kps: 0.0000, loss: 0.7489
2026-09-23 23:42:36,699 - mmdet - INFO - Epoch [26][3750/6976]	lr: 1.000e-04, eta: 1:31:10, time: 0.176, data_time: 0.010, memory: 13424, loss_cls: 0.3494, loss_bbox: 0.3465, loss_kps: 0.0000, loss: 0.6958
2026-09-23 23:42:45,462 - mmdet - INFO - Epoch [26][3800/6976]	lr: 1.000e-04, eta: 1:31:02, time: 0.175, data_time: 0.009, memory: 13424, loss_cls: 0.3519, loss_bbox: 0.3561, loss_kps: 0.0000, loss: 0.7079
2026-09-23 23:42:54,151 - mmdet - INFO - Epoch [26][3850/6976]	lr: 1.000e-04, eta: 1:30:53, time: 0.174, data_time: 0.010, memory: 13424, loss_cls: 0.3758, loss_bbox: 0.3548, loss_kps: 0.0000, loss: 0.7306
2026-09-23 23:43:02,909 - mmdet - INFO - Epoch [26][3900/6976]	lr: 1.000e-04, eta: 1:30:44, time: 0.175, data_time: 0.009, memory: 13424, loss_cls: 0.3583, loss_bbox: 0.3556, loss_kps: 0.0000, loss: 0.7138
2026-09-23 23:43:11,634 - mmdet - INFO - Epoch [26][3950/6976]	lr: 1.000e-04, eta: 1:30:35, time: 0.174, data_time: 0.010, memory: 13424, loss_cls: 0.3615, loss_bbox: 0.3610, loss_kps: 0.0000, loss: 0.7224
2026-09-23 23:43:20,413 - mmdet - INFO - Epoch [26][4000/6976]	lr: 1.000e-04, eta: 1:30:26, time: 0.176, data_time: 0.010, memory: 13424, loss_cls: 0.3622, loss_bbox: 0.3665, loss_kps: 0.0000, loss: 0.7287
2026-09-23 23:43:29,225 - mmdet - INFO - Epoch [26][4050/6976]	lr: 1.000e-04, eta: 1:30:18, time: 0.176, data_time: 0.010, memory: 13424, loss_cls: 0.3926, loss_bbox: 0.3696, loss_kps: 0.0000, loss: 0.7622
2026-09-23 23:43:37,955 - mmdet - INFO - Epoch [26][4100/6976]	lr: 1.000e-04, eta: 1:30:09, time: 0.175, data_time: 0.010, memory: 13424, loss_cls: 0.3557, loss_bbox: 0.3363, loss_kps: 0.0000, loss: 0.6920
2026-09-23 23:43:46,787 - mmdet - INFO - Epoch [26][4150/6976]	lr: 1.000e-04, eta: 1:30:00, time: 0.177, data_time: 0.010, memory: 13424, loss_cls: 0.3685, loss_bbox: 0.3480, loss_kps: 0.0000, loss: 0.7166
2026-09-23 23:43:55,507 - mmdet - INFO - Epoch [26][4200/6976]	lr: 1.000e-04, eta: 1:29:51, time: 0.174, data_time: 0.010, memory: 13424, loss_cls: 0.3833, loss_bbox: 0.3471, loss_kps: 0.0000, loss: 0.7304
2026-09-23 23:44:04,214 - mmdet - INFO - Epoch [26][4250/6976]	lr: 1.000e-04, eta: 1:29:42, time: 0.174, data_time: 0.010, memory: 13424, loss_cls: 0.3605, loss_bbox: 0.3478, loss_kps: 0.0000, loss: 0.7084
2026-09-23 23:44:12,895 - mmdet - INFO - Epoch [26][4300/6976]	lr: 1.000e-04, eta: 1:29:34, time: 0.174, data_time: 0.010, memory: 13424, loss_cls: 0.3427, loss_bbox: 0.3442, loss_kps: 0.0000, loss: 0.6869
2026-09-23 23:44:21,663 - mmdet - INFO - Epoch [26][4350/6976]	lr: 1.000e-04, eta: 1:29:25, time: 0.175, data_time: 0.010, memory: 13424, loss_cls: 0.3626, loss_bbox: 0.3478, loss_kps: 0.0000, loss: 0.7103
2026-09-23 23:44:30,796 - mmdet - INFO - Epoch [26][4400/6976]	lr: 1.000e-04, eta: 1:29:16, time: 0.183, data_time: 0.009, memory: 13424, loss_cls: 0.3609, loss_bbox: 0.3532, loss_kps: 0.0000, loss: 0.7141
2026-09-23 23:44:39,494 - mmdet - INFO - Epoch [26][4450/6976]	lr: 1.000e-04, eta: 1:29:07, time: 0.174, data_time: 0.010, memory: 13424, loss_cls: 0.3619, loss_bbox: 0.3551, loss_kps: 0.0000, loss: 0.7170
2026-09-23 23:44:48,279 - mmdet - INFO - Epoch [26][4500/6976]	lr: 1.000e-04, eta: 1:28:58, time: 0.176, data_time: 0.010, memory: 13424, loss_cls: 0.3463, loss_bbox: 0.3364, loss_kps: 0.0000, loss: 0.6827
2026-09-23 23:44:57,027 - mmdet - INFO - Epoch [26][4550/6976]	lr: 1.000e-04, eta: 1:28:50, time: 0.175, data_time: 0.010, memory: 13424, loss_cls: 0.3485, loss_bbox: 0.3516, loss_kps: 0.0000, loss: 0.7000
2026-09-23 23:45:05,846 - mmdet - INFO - Exp name: scrfd_armAK34.py
2026-09-23 23:45:05,846 - mmdet - INFO - Epoch [26][4600/6976]	lr: 1.000e-04, eta: 1:28:41, time: 0.176, data_time: 0.010, memory: 13424, loss_cls: 0.3698, loss_bbox: 0.3422, loss_kps: 0.0000, loss: 0.7120
2026-09-23 23:45:14,577 - mmdet - INFO - Epoch [26][4650/6976]	lr: 1.000e-04, eta: 1:28:32, time: 0.175, data_time: 0.010, memory: 13424, loss_cls: 0.3616, loss_bbox: 0.3562, loss_kps: 0.0000, loss: 0.7178
2026-09-23 23:45:23,289 - mmdet - INFO - Epoch [26][4700/6976]	lr: 1.000e-04, eta: 1:28:23, time: 0.174, data_time: 0.010, memory: 13424, loss_cls: 0.3725, loss_bbox: 0.3578, loss_kps: 0.0000, loss: 0.7303
2026-09-23 23:45:32,077 - mmdet - INFO - Epoch [26][4750/6976]	lr: 1.000e-04, eta: 1:28:15, time: 0.176, data_time: 0.010, memory: 13424, loss_cls: 0.3738, loss_bbox: 0.3538, loss_kps: 0.0000, loss: 0.7276
2026-09-23 23:45:41,118 - mmdet - INFO - Epoch [26][4800/6976]	lr: 1.000e-04, eta: 1:28:06, time: 0.181, data_time: 0.009, memory: 13424, loss_cls: 0.3452, loss_bbox: 0.3348, loss_kps: 0.0000, loss: 0.6800
2026-09-23 23:45:49,940 - mmdet - INFO - Epoch [26][4850/6976]	lr: 1.000e-04, eta: 1:27:57, time: 0.177, data_time: 0.010, memory: 13424, loss_cls: 0.3593, loss_bbox: 0.3506, loss_kps: 0.0000, loss: 0.7099
2026-09-23 23:45:58,615 - mmdet - INFO - Epoch [26][4900/6976]	lr: 1.000e-04, eta: 1:27:48, time: 0.173, data_time: 0.009, memory: 13424, loss_cls: 0.3616, loss_bbox: 0.3544, loss_kps: 0.0000, loss: 0.7160
2026-09-23 23:46:07,481 - mmdet - INFO - Epoch [26][4950/6976]	lr: 1.000e-04, eta: 1:27:39, time: 0.177, data_time: 0.010, memory: 13424, loss_cls: 0.3684, loss_bbox: 0.3562, loss_kps: 0.0000, loss: 0.7247
2026-09-23 23:46:16,073 - mmdet - INFO - Epoch [26][5000/6976]	lr: 1.000e-04, eta: 1:27:31, time: 0.172, data_time: 0.010, memory: 13424, loss_cls: 0.3665, loss_bbox: 0.3358, loss_kps: 0.0000, loss: 0.7023
2026-09-23 23:46:24,836 - mmdet - INFO - Epoch [26][5050/6976]	lr: 1.000e-04, eta: 1:27:22, time: 0.175, data_time: 0.010, memory: 13424, loss_cls: 0.3507, loss_bbox: 0.3394, loss_kps: 0.0000, loss: 0.6901
2026-09-23 23:46:33,619 - mmdet - INFO - Epoch [26][5100/6976]	lr: 1.000e-04, eta: 1:27:13, time: 0.176, data_time: 0.010, memory: 13424, loss_cls: 0.3552, loss_bbox: 0.3407, loss_kps: 0.0000, loss: 0.6958
2026-09-23 23:46:42,329 - mmdet - INFO - Epoch [26][5150/6976]	lr: 1.000e-04, eta: 1:27:04, time: 0.174, data_time: 0.010, memory: 13424, loss_cls: 0.3594, loss_bbox: 0.3481, loss_kps: 0.0000, loss: 0.7075
2026-09-23 23:46:51,113 - mmdet - INFO - Epoch [26][5200/6976]	lr: 1.000e-04, eta: 1:26:55, time: 0.176, data_time: 0.010, memory: 13424, loss_cls: 0.3642, loss_bbox: 0.3599, loss_kps: 0.0000, loss: 0.7241
2026-09-23 23:46:59,865 - mmdet - INFO - Epoch [26][5250/6976]	lr: 1.000e-04, eta: 1:26:47, time: 0.175, data_time: 0.010, memory: 13424, loss_cls: 0.3788, loss_bbox: 0.3535, loss_kps: 0.0000, loss: 0.7323
2026-09-23 23:47:08,680 - mmdet - INFO - Epoch [26][5300/6976]	lr: 1.000e-04, eta: 1:26:38, time: 0.176, data_time: 0.010, memory: 13424, loss_cls: 0.3584, loss_bbox: 0.3507, loss_kps: 0.0000, loss: 0.7091
2026-09-23 23:47:17,439 - mmdet - INFO - Epoch [26][5350/6976]	lr: 1.000e-04, eta: 1:26:29, time: 0.175, data_time: 0.010, memory: 13424, loss_cls: 0.3355, loss_bbox: 0.3451, loss_kps: 0.0000, loss: 0.6806
2026-09-23 23:47:26,138 - mmdet - INFO - Epoch [26][5400/6976]	lr: 1.000e-04, eta: 1:26:20, time: 0.174, data_time: 0.010, memory: 13424, loss_cls: 0.3497, loss_bbox: 0.3443, loss_kps: 0.0000, loss: 0.6939
2026-09-23 23:47:34,821 - mmdet - INFO - Epoch [26][5450/6976]	lr: 1.000e-04, eta: 1:26:11, time: 0.174, data_time: 0.010, memory: 13424, loss_cls: 0.3837, loss_bbox: 0.3658, loss_kps: 0.0000, loss: 0.7495
2026-09-23 23:47:43,582 - mmdet - INFO - Epoch [26][5500/6976]	lr: 1.000e-04, eta: 1:26:03, time: 0.175, data_time: 0.010, memory: 13424, loss_cls: 0.3515, loss_bbox: 0.3566, loss_kps: 0.0000, loss: 0.7082
2026-09-23 23:47:52,375 - mmdet - INFO - Epoch [26][5550/6976]	lr: 1.000e-04, eta: 1:25:54, time: 0.176, data_time: 0.010, memory: 13424, loss_cls: 0.3494, loss_bbox: 0.3276, loss_kps: 0.0000, loss: 0.6770
2026-09-23 23:48:01,120 - mmdet - INFO - Exp name: scrfd_armAK34.py
2026-09-23 23:48:01,120 - mmdet - INFO - Epoch [26][5600/6976]	lr: 1.000e-04, eta: 1:25:45, time: 0.175, data_time: 0.010, memory: 13424, loss_cls: 0.3736, loss_bbox: 0.3459, loss_kps: 0.0000, loss: 0.7196
2026-09-23 23:48:09,787 - mmdet - INFO - Epoch [26][5650/6976]	lr: 1.000e-04, eta: 1:25:36, time: 0.173, data_time: 0.010, memory: 13424, loss_cls: 0.3894, loss_bbox: 0.3563, loss_kps: 0.0000, loss: 0.7457
2026-09-23 23:48:18,483 - mmdet - INFO - Epoch [26][5700/6976]	lr: 1.000e-04, eta: 1:25:27, time: 0.174, data_time: 0.010, memory: 13424, loss_cls: 0.3740, loss_bbox: 0.3554, loss_kps: 0.0000, loss: 0.7294
2026-09-23 23:48:27,514 - mmdet - INFO - Epoch [26][5750/6976]	lr: 1.000e-04, eta: 1:25:19, time: 0.181, data_time: 0.010, memory: 13424, loss_cls: 0.3575, loss_bbox: 0.3449, loss_kps: 0.0000, loss: 0.7024
2026-09-23 23:48:36,292 - mmdet - INFO - Epoch [26][5800/6976]	lr: 1.000e-04, eta: 1:25:10, time: 0.175, data_time: 0.010, memory: 13424, loss_cls: 0.3801, loss_bbox: 0.3569, loss_kps: 0.0000, loss: 0.7370
2026-09-23 23:48:45,015 - mmdet - INFO - Epoch [26][5850/6976]	lr: 1.000e-04, eta: 1:25:01, time: 0.175, data_time: 0.010, memory: 13424, loss_cls: 0.3683, loss_bbox: 0.3470, loss_kps: 0.0000, loss: 0.7154
2026-09-23 23:48:53,700 - mmdet - INFO - Epoch [26][5900/6976]	lr: 1.000e-04, eta: 1:24:52, time: 0.174, data_time: 0.010, memory: 13424, loss_cls: 0.3672, loss_bbox: 0.3526, loss_kps: 0.0000, loss: 0.7198
2026-09-23 23:49:02,475 - mmdet - INFO - Epoch [26][5950/6976]	lr: 1.000e-04, eta: 1:24:44, time: 0.176, data_time: 0.010, memory: 13424, loss_cls: 0.3626, loss_bbox: 0.3417, loss_kps: 0.0000, loss: 0.7043
2026-09-23 23:49:11,225 - mmdet - INFO - Epoch [26][6000/6976]	lr: 1.000e-04, eta: 1:24:35, time: 0.175, data_time: 0.010, memory: 13424, loss_cls: 0.3464, loss_bbox: 0.3259, loss_kps: 0.0000, loss: 0.6722
2026-09-23 23:49:19,964 - mmdet - INFO - Epoch [26][6050/6976]	lr: 1.000e-04, eta: 1:24:26, time: 0.175, data_time: 0.010, memory: 13424, loss_cls: 0.3590, loss_bbox: 0.3524, loss_kps: 0.0000, loss: 0.7114
2026-09-23 23:49:28,679 - mmdet - INFO - Epoch [26][6100/6976]	lr: 1.000e-04, eta: 1:24:17, time: 0.174, data_time: 0.009, memory: 13424, loss_cls: 0.3769, loss_bbox: 0.3532, loss_kps: 0.0000, loss: 0.7301
2026-09-23 23:49:37,308 - mmdet - INFO - Epoch [26][6150/6976]	lr: 1.000e-04, eta: 1:24:08, time: 0.173, data_time: 0.010, memory: 13424, loss_cls: 0.3602, loss_bbox: 0.3670, loss_kps: 0.0000, loss: 0.7272
2026-09-23 23:49:46,090 - mmdet - INFO - Epoch [26][6200/6976]	lr: 1.000e-04, eta: 1:24:00, time: 0.176, data_time: 0.009, memory: 13424, loss_cls: 0.3583, loss_bbox: 0.3503, loss_kps: 0.0000, loss: 0.7086
2026-09-23 23:49:55,258 - mmdet - INFO - Epoch [26][6250/6976]	lr: 1.000e-04, eta: 1:23:51, time: 0.183, data_time: 0.010, memory: 13424, loss_cls: 0.3605, loss_bbox: 0.3486, loss_kps: 0.0000, loss: 0.7091
2026-09-23 23:50:04,033 - mmdet - INFO - Epoch [26][6300/6976]	lr: 1.000e-04, eta: 1:23:42, time: 0.176, data_time: 0.010, memory: 13424, loss_cls: 0.3567, loss_bbox: 0.3448, loss_kps: 0.0000, loss: 0.7016
2026-09-23 23:50:12,789 - mmdet - INFO - Epoch [26][6350/6976]	lr: 1.000e-04, eta: 1:23:33, time: 0.175, data_time: 0.010, memory: 13424, loss_cls: 0.3476, loss_bbox: 0.3405, loss_kps: 0.0000, loss: 0.6881
2026-09-23 23:50:21,589 - mmdet - INFO - Epoch [26][6400/6976]	lr: 1.000e-04, eta: 1:23:24, time: 0.176, data_time: 0.010, memory: 13424, loss_cls: 0.3619, loss_bbox: 0.3515, loss_kps: 0.0000, loss: 0.7134
2026-09-23 23:50:30,358 - mmdet - INFO - Epoch [26][6450/6976]	lr: 1.000e-04, eta: 1:23:16, time: 0.175, data_time: 0.010, memory: 13424, loss_cls: 0.3532, loss_bbox: 0.3410, loss_kps: 0.0000, loss: 0.6942
2026-09-23 23:50:39,117 - mmdet - INFO - Epoch [26][6500/6976]	lr: 1.000e-04, eta: 1:23:07, time: 0.175, data_time: 0.010, memory: 13424, loss_cls: 0.3648, loss_bbox: 0.3479, loss_kps: 0.0000, loss: 0.7128
2026-09-23 23:50:47,914 - mmdet - INFO - Epoch [26][6550/6976]	lr: 1.000e-04, eta: 1:22:58, time: 0.176, data_time: 0.010, memory: 13424, loss_cls: 0.3650, loss_bbox: 0.3539, loss_kps: 0.0000, loss: 0.7190
2026-09-23 23:50:56,639 - mmdet - INFO - Exp name: scrfd_armAK34.py
2026-09-23 23:50:56,639 - mmdet - INFO - Epoch [26][6600/6976]	lr: 1.000e-04, eta: 1:22:49, time: 0.175, data_time: 0.010, memory: 13424, loss_cls: 0.3629, loss_bbox: 0.3461, loss_kps: 0.0000, loss: 0.7090
2026-09-23 23:51:05,422 - mmdet - INFO - Epoch [26][6650/6976]	lr: 1.000e-04, eta: 1:22:41, time: 0.176, data_time: 0.010, memory: 13424, loss_cls: 0.3734, loss_bbox: 0.3481, loss_kps: 0.0000, loss: 0.7215
2026-09-23 23:51:14,129 - mmdet - INFO - Epoch [26][6700/6976]	lr: 1.000e-04, eta: 1:22:32, time: 0.174, data_time: 0.010, memory: 13424, loss_cls: 0.3684, loss_bbox: 0.3603, loss_kps: 0.0000, loss: 0.7287
2026-09-23 23:51:22,998 - mmdet - INFO - Epoch [26][6750/6976]	lr: 1.000e-04, eta: 1:22:23, time: 0.177, data_time: 0.010, memory: 13424, loss_cls: 0.3621, loss_bbox: 0.3558, loss_kps: 0.0000, loss: 0.7179
2026-09-23 23:51:31,772 - mmdet - INFO - Epoch [26][6800/6976]	lr: 1.000e-04, eta: 1:22:14, time: 0.176, data_time: 0.010, memory: 13424, loss_cls: 0.3526, loss_bbox: 0.3341, loss_kps: 0.0000, loss: 0.6867
2026-09-23 23:51:40,635 - mmdet - INFO - Epoch [26][6850/6976]	lr: 1.000e-04, eta: 1:22:05, time: 0.177, data_time: 0.010, memory: 13424, loss_cls: 0.3749, loss_bbox: 0.3620, loss_kps: 0.0000, loss: 0.7369
2026-09-23 23:51:49,423 - mmdet - INFO - Epoch [26][6900/6976]	lr: 1.000e-04, eta: 1:21:57, time: 0.176, data_time: 0.010, memory: 13424, loss_cls: 0.3670, loss_bbox: 0.3586, loss_kps: 0.0000, loss: 0.7257
2026-09-23 23:51:58,115 - mmdet - INFO - Epoch [26][6950/6976]	lr: 1.000e-04, eta: 1:21:48, time: 0.174, data_time: 0.010, memory: 13424, loss_cls: 0.3490, loss_bbox: 0.3421, loss_kps: 0.0000, loss: 0.6911
2026-09-23 23:52:02,741 - mmdet - INFO - Saving checkpoint at 26 epochs
2026-09-23 23:52:16,632 - mmdet - INFO - Epoch [27][50/6976]	lr: 1.000e-04, eta: 1:21:34, time: 0.273, data_time: 0.099, memory: 13424, loss_cls: 0.3829, loss_bbox: 0.3412, loss_kps: 0.0000, loss: 0.7241
2026-09-23 23:52:25,406 - mmdet - INFO - Epoch [27][100/6976]	lr: 1.000e-04, eta: 1:21:26, time: 0.175, data_time: 0.009, memory: 13424, loss_cls: 0.3617, loss_bbox: 0.3522, loss_kps: 0.0000, loss: 0.7139
2026-09-23 23:52:34,219 - mmdet - INFO - Epoch [27][150/6976]	lr: 1.000e-04, eta: 1:21:17, time: 0.176, data_time: 0.009, memory: 13424, loss_cls: 0.3555, loss_bbox: 0.3581, loss_kps: 0.0000, loss: 0.7136
2026-09-23 23:52:42,903 - mmdet - INFO - Epoch [27][200/6976]	lr: 1.000e-04, eta: 1:21:08, time: 0.174, data_time: 0.009, memory: 13424, loss_cls: 0.3754, loss_bbox: 0.3585, loss_kps: 0.0000, loss: 0.7339
2026-09-23 23:52:51,554 - mmdet - INFO - Epoch [27][250/6976]	lr: 1.000e-04, eta: 1:20:59, time: 0.173, data_time: 0.009, memory: 13424, loss_cls: 0.3696, loss_bbox: 0.3500, loss_kps: 0.0000, loss: 0.7196
2026-09-23 23:53:00,302 - mmdet - INFO - Epoch [27][300/6976]	lr: 1.000e-04, eta: 1:20:51, time: 0.175, data_time: 0.009, memory: 13424, loss_cls: 0.3582, loss_bbox: 0.3501, loss_kps: 0.0000, loss: 0.7083
2026-09-23 23:53:09,101 - mmdet - INFO - Epoch [27][350/6976]	lr: 1.000e-04, eta: 1:20:42, time: 0.176, data_time: 0.009, memory: 13424, loss_cls: 0.3578, loss_bbox: 0.3483, loss_kps: 0.0000, loss: 0.7061
2026-09-23 23:53:17,905 - mmdet - INFO - Epoch [27][400/6976]	lr: 1.000e-04, eta: 1:20:33, time: 0.176, data_time: 0.010, memory: 13424, loss_cls: 0.3764, loss_bbox: 0.3424, loss_kps: 0.0000, loss: 0.7189
2026-09-23 23:53:26,616 - mmdet - INFO - Epoch [27][450/6976]	lr: 1.000e-04, eta: 1:20:24, time: 0.174, data_time: 0.010, memory: 13424, loss_cls: 0.3624, loss_bbox: 0.3590, loss_kps: 0.0000, loss: 0.7214
2026-09-23 23:53:35,403 - mmdet - INFO - Epoch [27][500/6976]	lr: 1.000e-04, eta: 1:20:15, time: 0.176, data_time: 0.009, memory: 13424, loss_cls: 0.3542, loss_bbox: 0.3441, loss_kps: 0.0000, loss: 0.6982
2026-09-23 23:53:44,028 - mmdet - INFO - Epoch [27][550/6976]	lr: 1.000e-04, eta: 1:20:07, time: 0.172, data_time: 0.009, memory: 13424, loss_cls: 0.3623, loss_bbox: 0.3463, loss_kps: 0.0000, loss: 0.7086
2026-09-23 23:53:52,756 - mmdet - INFO - Epoch [27][600/6976]	lr: 1.000e-04, eta: 1:19:58, time: 0.175, data_time: 0.009, memory: 13424, loss_cls: 0.3659, loss_bbox: 0.3487, loss_kps: 0.0000, loss: 0.7147
2026-09-23 23:54:01,434 - mmdet - INFO - Epoch [27][650/6976]	lr: 1.000e-04, eta: 1:19:49, time: 0.174, data_time: 0.009, memory: 13424, loss_cls: 0.3686, loss_bbox: 0.3410, loss_kps: 0.0000, loss: 0.7097
2026-09-23 23:54:10,191 - mmdet - INFO - Epoch [27][700/6976]	lr: 1.000e-04, eta: 1:19:40, time: 0.175, data_time: 0.009, memory: 13424, loss_cls: 0.3491, loss_bbox: 0.3338, loss_kps: 0.0000, loss: 0.6829
2026-09-23 23:54:18,933 - mmdet - INFO - Epoch [27][750/6976]	lr: 1.000e-04, eta: 1:19:31, time: 0.175, data_time: 0.009, memory: 13424, loss_cls: 0.3634, loss_bbox: 0.3451, loss_kps: 0.0000, loss: 0.7085
2026-09-23 23:54:28,086 - mmdet - INFO - Epoch [27][800/6976]	lr: 1.000e-04, eta: 1:19:23, time: 0.183, data_time: 0.010, memory: 13424, loss_cls: 0.3561, loss_bbox: 0.3557, loss_kps: 0.0000, loss: 0.7118
2026-09-23 23:54:36,785 - mmdet - INFO - Epoch [27][850/6976]	lr: 1.000e-04, eta: 1:19:14, time: 0.174, data_time: 0.010, memory: 13424, loss_cls: 0.3894, loss_bbox: 0.3725, loss_kps: 0.0000, loss: 0.7619
2026-09-23 23:54:45,447 - mmdet - INFO - Epoch [27][900/6976]	lr: 1.000e-04, eta: 1:19:05, time: 0.173, data_time: 0.009, memory: 13424, loss_cls: 0.3631, loss_bbox: 0.3545, loss_kps: 0.0000, loss: 0.7176
2026-09-23 23:54:54,540 - mmdet - INFO - Epoch [27][950/6976]	lr: 1.000e-04, eta: 1:18:56, time: 0.182, data_time: 0.009, memory: 13424, loss_cls: 0.3525, loss_bbox: 0.3402, loss_kps: 0.0000, loss: 0.6927
2026-09-23 23:55:03,266 - mmdet - INFO - Epoch [27][1000/6976]	lr: 1.000e-04, eta: 1:18:47, time: 0.175, data_time: 0.009, memory: 13424, loss_cls: 0.3576, loss_bbox: 0.3439, loss_kps: 0.0000, loss: 0.7015
2026-09-23 23:55:11,958 - mmdet - INFO - Epoch [27][1050/6976]	lr: 1.000e-04, eta: 1:18:39, time: 0.174, data_time: 0.009, memory: 13424, loss_cls: 0.3267, loss_bbox: 0.3393, loss_kps: 0.0000, loss: 0.6660
2026-09-23 23:55:20,716 - mmdet - INFO - Epoch [27][1100/6976]	lr: 1.000e-04, eta: 1:18:30, time: 0.175, data_time: 0.009, memory: 13424, loss_cls: 0.3518, loss_bbox: 0.3367, loss_kps: 0.0000, loss: 0.6886
2026-09-23 23:55:29,481 - mmdet - INFO - Epoch [27][1150/6976]	lr: 1.000e-04, eta: 1:18:21, time: 0.175, data_time: 0.009, memory: 13424, loss_cls: 0.3599, loss_bbox: 0.3645, loss_kps: 0.0000, loss: 0.7244
2026-09-23 23:55:38,156 - mmdet - INFO - Epoch [27][1200/6976]	lr: 1.000e-04, eta: 1:18:12, time: 0.173, data_time: 0.009, memory: 13424, loss_cls: 0.3519, loss_bbox: 0.3383, loss_kps: 0.0000, loss: 0.6902
2026-09-23 23:55:47,259 - mmdet - INFO - Epoch [27][1250/6976]	lr: 1.000e-04, eta: 1:18:04, time: 0.182, data_time: 0.010, memory: 13424, loss_cls: 0.3665, loss_bbox: 0.3591, loss_kps: 0.0000, loss: 0.7256
2026-09-23 23:55:55,989 - mmdet - INFO - Epoch [27][1300/6976]	lr: 1.000e-04, eta: 1:17:55, time: 0.174, data_time: 0.009, memory: 13424, loss_cls: 0.3675, loss_bbox: 0.3509, loss_kps: 0.0000, loss: 0.7184
2026-09-23 23:56:04,763 - mmdet - INFO - Epoch [27][1350/6976]	lr: 1.000e-04, eta: 1:17:46, time: 0.175, data_time: 0.009, memory: 13424, loss_cls: 0.3547, loss_bbox: 0.3513, loss_kps: 0.0000, loss: 0.7059
2026-09-23 23:56:13,498 - mmdet - INFO - Epoch [27][1400/6976]	lr: 1.000e-04, eta: 1:17:37, time: 0.175, data_time: 0.009, memory: 13424, loss_cls: 0.3640, loss_bbox: 0.3511, loss_kps: 0.0000, loss: 0.7151
2026-09-23 23:56:22,192 - mmdet - INFO - Epoch [27][1450/6976]	lr: 1.000e-04, eta: 1:17:28, time: 0.174, data_time: 0.010, memory: 13424, loss_cls: 0.3365, loss_bbox: 0.3440, loss_kps: 0.0000, loss: 0.6805
2026-09-23 23:56:30,897 - mmdet - INFO - Epoch [27][1500/6976]	lr: 1.000e-04, eta: 1:17:20, time: 0.174, data_time: 0.009, memory: 13424, loss_cls: 0.3480, loss_bbox: 0.3412, loss_kps: 0.0000, loss: 0.6892
2026-09-23 23:56:39,582 - mmdet - INFO - Epoch [27][1550/6976]	lr: 1.000e-04, eta: 1:17:11, time: 0.174, data_time: 0.009, memory: 13424, loss_cls: 0.3542, loss_bbox: 0.3445, loss_kps: 0.0000, loss: 0.6987
2026-09-23 23:56:48,279 - mmdet - INFO - Epoch [27][1600/6976]	lr: 1.000e-04, eta: 1:17:02, time: 0.174, data_time: 0.010, memory: 13424, loss_cls: 0.3708, loss_bbox: 0.3635, loss_kps: 0.0000, loss: 0.7342
2026-09-23 23:56:57,015 - mmdet - INFO - Epoch [27][1650/6976]	lr: 1.000e-04, eta: 1:16:53, time: 0.175, data_time: 0.010, memory: 13424, loss_cls: 0.3620, loss_bbox: 0.3519, loss_kps: 0.0000, loss: 0.7139
2026-09-23 23:57:05,820 - mmdet - INFO - Epoch [27][1700/6976]	lr: 1.000e-04, eta: 1:16:44, time: 0.176, data_time: 0.009, memory: 13424, loss_cls: 0.3583, loss_bbox: 0.3463, loss_kps: 0.0000, loss: 0.7045
2026-09-23 23:57:14,517 - mmdet - INFO - Epoch [27][1750/6976]	lr: 1.000e-04, eta: 1:16:36, time: 0.174, data_time: 0.009, memory: 13424, loss_cls: 0.3711, loss_bbox: 0.3473, loss_kps: 0.0000, loss: 0.7184
2026-09-23 23:57:23,241 - mmdet - INFO - Epoch [27][1800/6976]	lr: 1.000e-04, eta: 1:16:27, time: 0.175, data_time: 0.009, memory: 13424, loss_cls: 0.3764, loss_bbox: 0.3579, loss_kps: 0.0000, loss: 0.7343
2026-09-23 23:57:31,994 - mmdet - INFO - Epoch [27][1850/6976]	lr: 1.000e-04, eta: 1:16:18, time: 0.175, data_time: 0.009, memory: 13424, loss_cls: 0.3693, loss_bbox: 0.3516, loss_kps: 0.0000, loss: 0.7209
2026-09-23 23:57:40,779 - mmdet - INFO - Epoch [27][1900/6976]	lr: 1.000e-04, eta: 1:16:09, time: 0.176, data_time: 0.009, memory: 13424, loss_cls: 0.3873, loss_bbox: 0.3566, loss_kps: 0.0000, loss: 0.7439
2026-09-23 23:57:49,428 - mmdet - INFO - Epoch [27][1950/6976]	lr: 1.000e-04, eta: 1:16:00, time: 0.173, data_time: 0.010, memory: 13424, loss_cls: 0.3671, loss_bbox: 0.3617, loss_kps: 0.0000, loss: 0.7288
2026-09-23 23:57:58,154 - mmdet - INFO - Epoch [27][2000/6976]	lr: 1.000e-04, eta: 1:15:52, time: 0.175, data_time: 0.010, memory: 13424, loss_cls: 0.3559, loss_bbox: 0.3489, loss_kps: 0.0000, loss: 0.7048
2026-09-23 23:58:06,941 - mmdet - INFO - Epoch [27][2050/6976]	lr: 1.000e-04, eta: 1:15:43, time: 0.176, data_time: 0.010, memory: 13424, loss_cls: 0.3559, loss_bbox: 0.3581, loss_kps: 0.0000, loss: 0.7139
2026-09-23 23:58:15,579 - mmdet - INFO - Epoch [27][2100/6976]	lr: 1.000e-04, eta: 1:15:34, time: 0.173, data_time: 0.009, memory: 13424, loss_cls: 0.3613, loss_bbox: 0.3564, loss_kps: 0.0000, loss: 0.7177
2026-09-23 23:58:24,409 - mmdet - INFO - Epoch [27][2150/6976]	lr: 1.000e-04, eta: 1:15:25, time: 0.177, data_time: 0.010, memory: 13424, loss_cls: 0.3729, loss_bbox: 0.3461, loss_kps: 0.0000, loss: 0.7190
2026-09-23 23:58:33,169 - mmdet - INFO - Epoch [27][2200/6976]	lr: 1.000e-04, eta: 1:15:16, time: 0.175, data_time: 0.009, memory: 13424, loss_cls: 0.3806, loss_bbox: 0.3585, loss_kps: 0.0000, loss: 0.7391
2026-09-23 23:58:41,896 - mmdet - INFO - Epoch [27][2250/6976]	lr: 1.000e-04, eta: 1:15:08, time: 0.175, data_time: 0.009, memory: 13424, loss_cls: 0.3434, loss_bbox: 0.3423, loss_kps: 0.0000, loss: 0.6857
2026-09-23 23:58:50,641 - mmdet - INFO - Epoch [27][2300/6976]	lr: 1.000e-04, eta: 1:14:59, time: 0.175, data_time: 0.009, memory: 13424, loss_cls: 0.3734, loss_bbox: 0.3459, loss_kps: 0.0000, loss: 0.7193
2026-09-23 23:58:59,399 - mmdet - INFO - Epoch [27][2350/6976]	lr: 1.000e-04, eta: 1:14:50, time: 0.175, data_time: 0.009, memory: 13424, loss_cls: 0.3669, loss_bbox: 0.3592, loss_kps: 0.0000, loss: 0.7261
2026-09-23 23:59:08,177 - mmdet - INFO - Epoch [27][2400/6976]	lr: 1.000e-04, eta: 1:14:41, time: 0.176, data_time: 0.009, memory: 13424, loss_cls: 0.3533, loss_bbox: 0.3539, loss_kps: 0.0000, loss: 0.7072
2026-09-23 23:59:16,887 - mmdet - INFO - Epoch [27][2450/6976]	lr: 1.000e-04, eta: 1:14:33, time: 0.174, data_time: 0.010, memory: 13424, loss_cls: 0.3353, loss_bbox: 0.3426, loss_kps: 0.0000, loss: 0.6778
2026-09-23 23:59:25,680 - mmdet - INFO - Epoch [27][2500/6976]	lr: 1.000e-04, eta: 1:14:24, time: 0.176, data_time: 0.009, memory: 13424, loss_cls: 0.3633, loss_bbox: 0.3513, loss_kps: 0.0000, loss: 0.7146
2026-09-23 23:59:34,500 - mmdet - INFO - Epoch [27][2550/6976]	lr: 1.000e-04, eta: 1:14:15, time: 0.176, data_time: 0.009, memory: 13424, loss_cls: 0.3721, loss_bbox: 0.3577, loss_kps: 0.0000, loss: 0.7298
2026-09-23 23:59:43,254 - mmdet - INFO - Epoch [27][2600/6976]	lr: 1.000e-04, eta: 1:14:06, time: 0.175, data_time: 0.009, memory: 13424, loss_cls: 0.3773, loss_bbox: 0.3485, loss_kps: 0.0000, loss: 0.7258
2026-09-23 23:59:51,969 - mmdet - INFO - Epoch [27][2650/6976]	lr: 1.000e-04, eta: 1:13:57, time: 0.175, data_time: 0.009, memory: 13424, loss_cls: 0.3598, loss_bbox: 0.3515, loss_kps: 0.0000, loss: 0.7113
2026-09-24 00:00:00,687 - mmdet - INFO - Epoch [27][2700/6976]	lr: 1.000e-04, eta: 1:13:49, time: 0.174, data_time: 0.009, memory: 13424, loss_cls: 0.3942, loss_bbox: 0.3579, loss_kps: 0.0000, loss: 0.7521
2026-09-24 00:00:09,450 - mmdet - INFO - Epoch [27][2750/6976]	lr: 1.000e-04, eta: 1:13:40, time: 0.175, data_time: 0.009, memory: 13424, loss_cls: 0.3804, loss_bbox: 0.3472, loss_kps: 0.0000, loss: 0.7276
2026-09-24 00:00:18,095 - mmdet - INFO - Epoch [27][2800/6976]	lr: 1.000e-04, eta: 1:13:31, time: 0.173, data_time: 0.009, memory: 13424, loss_cls: 0.3451, loss_bbox: 0.3517, loss_kps: 0.0000, loss: 0.6969
2026-09-24 00:00:26,926 - mmdet - INFO - Epoch [27][2850/6976]	lr: 1.000e-04, eta: 1:13:22, time: 0.177, data_time: 0.010, memory: 13424, loss_cls: 0.3481, loss_bbox: 0.3402, loss_kps: 0.0000, loss: 0.6883
2026-09-24 00:00:35,634 - mmdet - INFO - Epoch [27][2900/6976]	lr: 1.000e-04, eta: 1:13:13, time: 0.174, data_time: 0.009, memory: 13424, loss_cls: 0.3632, loss_bbox: 0.3485, loss_kps: 0.0000, loss: 0.7117
2026-09-24 00:00:44,409 - mmdet - INFO - Epoch [27][2950/6976]	lr: 1.000e-04, eta: 1:13:05, time: 0.175, data_time: 0.009, memory: 13424, loss_cls: 0.3806, loss_bbox: 0.3590, loss_kps: 0.0000, loss: 0.7396
2026-09-24 00:00:53,151 - mmdet - INFO - Epoch [27][3000/6976]	lr: 1.000e-04, eta: 1:12:56, time: 0.175, data_time: 0.009, memory: 13424, loss_cls: 0.3576, loss_bbox: 0.3426, loss_kps: 0.0000, loss: 0.7002
2026-09-24 00:01:01,839 - mmdet - INFO - Epoch [27][3050/6976]	lr: 1.000e-04, eta: 1:12:47, time: 0.174, data_time: 0.010, memory: 13424, loss_cls: 0.3296, loss_bbox: 0.3327, loss_kps: 0.0000, loss: 0.6623
2026-09-24 00:01:10,836 - mmdet - INFO - Epoch [27][3100/6976]	lr: 1.000e-04, eta: 1:12:38, time: 0.180, data_time: 0.009, memory: 13424, loss_cls: 0.3499, loss_bbox: 0.3489, loss_kps: 0.0000, loss: 0.6988
2026-09-24 00:01:19,660 - mmdet - INFO - Epoch [27][3150/6976]	lr: 1.000e-04, eta: 1:12:29, time: 0.176, data_time: 0.010, memory: 13424, loss_cls: 0.3587, loss_bbox: 0.3528, loss_kps: 0.0000, loss: 0.7115
2026-09-24 00:01:28,325 - mmdet - INFO - Epoch [27][3200/6976]	lr: 1.000e-04, eta: 1:12:21, time: 0.174, data_time: 0.009, memory: 13424, loss_cls: 0.3711, loss_bbox: 0.3574, loss_kps: 0.0000, loss: 0.7285
2026-09-24 00:01:37,041 - mmdet - INFO - Epoch [27][3250/6976]	lr: 1.000e-04, eta: 1:12:12, time: 0.174, data_time: 0.010, memory: 13424, loss_cls: 0.3893, loss_bbox: 0.3499, loss_kps: 0.0000, loss: 0.7392
2026-09-24 00:01:45,712 - mmdet - INFO - Epoch [27][3300/6976]	lr: 1.000e-04, eta: 1:12:03, time: 0.173, data_time: 0.009, memory: 13424, loss_cls: 0.3620, loss_bbox: 0.3551, loss_kps: 0.0000, loss: 0.7171
2026-09-24 00:01:54,804 - mmdet - INFO - Epoch [27][3350/6976]	lr: 1.000e-04, eta: 1:11:54, time: 0.182, data_time: 0.009, memory: 13424, loss_cls: 0.3709, loss_bbox: 0.3562, loss_kps: 0.0000, loss: 0.7271
2026-09-24 00:02:03,573 - mmdet - INFO - Epoch [27][3400/6976]	lr: 1.000e-04, eta: 1:11:46, time: 0.175, data_time: 0.009, memory: 13424, loss_cls: 0.3540, loss_bbox: 0.3382, loss_kps: 0.0000, loss: 0.6922
2026-09-24 00:02:12,299 - mmdet - INFO - Epoch [27][3450/6976]	lr: 1.000e-04, eta: 1:11:37, time: 0.175, data_time: 0.010, memory: 13424, loss_cls: 0.3696, loss_bbox: 0.3490, loss_kps: 0.0000, loss: 0.7186
2026-09-24 00:02:20,990 - mmdet - INFO - Epoch [27][3500/6976]	lr: 1.000e-04, eta: 1:11:28, time: 0.174, data_time: 0.009, memory: 13424, loss_cls: 0.3630, loss_bbox: 0.3562, loss_kps: 0.0000, loss: 0.7193
2026-09-24 00:02:30,021 - mmdet - INFO - Epoch [27][3550/6976]	lr: 1.000e-04, eta: 1:11:19, time: 0.181, data_time: 0.009, memory: 13424, loss_cls: 0.3911, loss_bbox: 0.3449, loss_kps: 0.0000, loss: 0.7360
2026-09-24 00:02:38,715 - mmdet - INFO - Epoch [27][3600/6976]	lr: 1.000e-04, eta: 1:11:10, time: 0.174, data_time: 0.009, memory: 13424, loss_cls: 0.3630, loss_bbox: 0.3475, loss_kps: 0.0000, loss: 0.7106
2026-09-24 00:02:47,444 - mmdet - INFO - Epoch [27][3650/6976]	lr: 1.000e-04, eta: 1:11:02, time: 0.174, data_time: 0.010, memory: 13424, loss_cls: 0.3485, loss_bbox: 0.3280, loss_kps: 0.0000, loss: 0.6765
2026-09-24 00:02:56,195 - mmdet - INFO - Epoch [27][3700/6976]	lr: 1.000e-04, eta: 1:10:53, time: 0.175, data_time: 0.009, memory: 13424, loss_cls: 0.3365, loss_bbox: 0.3359, loss_kps: 0.0000, loss: 0.6724
2026-09-24 00:03:04,858 - mmdet - INFO - Epoch [27][3750/6976]	lr: 1.000e-04, eta: 1:10:44, time: 0.173, data_time: 0.009, memory: 13424, loss_cls: 0.3550, loss_bbox: 0.3489, loss_kps: 0.0000, loss: 0.7039
2026-09-24 00:03:13,554 - mmdet - INFO - Epoch [27][3800/6976]	lr: 1.000e-04, eta: 1:10:35, time: 0.174, data_time: 0.009, memory: 13424, loss_cls: 0.3770, loss_bbox: 0.3606, loss_kps: 0.0000, loss: 0.7376
2026-09-24 00:03:22,276 - mmdet - INFO - Epoch [27][3850/6976]	lr: 1.000e-04, eta: 1:10:26, time: 0.174, data_time: 0.009, memory: 13424, loss_cls: 0.3622, loss_bbox: 0.3617, loss_kps: 0.0000, loss: 0.7239
2026-09-24 00:03:31,030 - mmdet - INFO - Epoch [27][3900/6976]	lr: 1.000e-04, eta: 1:10:18, time: 0.175, data_time: 0.009, memory: 13424, loss_cls: 0.3575, loss_bbox: 0.3489, loss_kps: 0.0000, loss: 0.7064
2026-09-24 00:03:39,810 - mmdet - INFO - Epoch [27][3950/6976]	lr: 1.000e-04, eta: 1:10:09, time: 0.175, data_time: 0.010, memory: 13424, loss_cls: 0.3701, loss_bbox: 0.3434, loss_kps: 0.0000, loss: 0.7135
2026-09-24 00:03:48,521 - mmdet - INFO - Epoch [27][4000/6976]	lr: 1.000e-04, eta: 1:10:00, time: 0.174, data_time: 0.010, memory: 13424, loss_cls: 0.3597, loss_bbox: 0.3447, loss_kps: 0.0000, loss: 0.7044
2026-09-24 00:03:57,291 - mmdet - INFO - Epoch [27][4050/6976]	lr: 1.000e-04, eta: 1:09:51, time: 0.175, data_time: 0.009, memory: 13424, loss_cls: 0.3565, loss_bbox: 0.3424, loss_kps: 0.0000, loss: 0.6989
2026-09-24 00:04:06,044 - mmdet - INFO - Epoch [27][4100/6976]	lr: 1.000e-04, eta: 1:09:42, time: 0.175, data_time: 0.009, memory: 13424, loss_cls: 0.3590, loss_bbox: 0.3509, loss_kps: 0.0000, loss: 0.7099
2026-09-24 00:04:14,838 - mmdet - INFO - Epoch [27][4150/6976]	lr: 1.000e-04, eta: 1:09:34, time: 0.176, data_time: 0.009, memory: 13424, loss_cls: 0.3671, loss_bbox: 0.3415, loss_kps: 0.0000, loss: 0.7086
2026-09-24 00:04:23,638 - mmdet - INFO - Epoch [27][4200/6976]	lr: 1.000e-04, eta: 1:09:25, time: 0.176, data_time: 0.009, memory: 13424, loss_cls: 0.3594, loss_bbox: 0.3607, loss_kps: 0.0000, loss: 0.7202
2026-09-24 00:04:32,352 - mmdet - INFO - Epoch [27][4250/6976]	lr: 1.000e-04, eta: 1:09:16, time: 0.174, data_time: 0.009, memory: 13424, loss_cls: 0.3673, loss_bbox: 0.3524, loss_kps: 0.0000, loss: 0.7197
2026-09-24 00:04:41,112 - mmdet - INFO - Epoch [27][4300/6976]	lr: 1.000e-04, eta: 1:09:07, time: 0.175, data_time: 0.009, memory: 13424, loss_cls: 0.3731, loss_bbox: 0.3578, loss_kps: 0.0000, loss: 0.7309
2026-09-24 00:04:49,824 - mmdet - INFO - Epoch [27][4350/6976]	lr: 1.000e-04, eta: 1:08:59, time: 0.174, data_time: 0.009, memory: 13424, loss_cls: 0.3490, loss_bbox: 0.3501, loss_kps: 0.0000, loss: 0.6990
2026-09-24 00:04:58,559 - mmdet - INFO - Epoch [27][4400/6976]	lr: 1.000e-04, eta: 1:08:50, time: 0.175, data_time: 0.010, memory: 13424, loss_cls: 0.3754, loss_bbox: 0.3549, loss_kps: 0.0000, loss: 0.7304
2026-09-24 00:05:07,247 - mmdet - INFO - Epoch [27][4450/6976]	lr: 1.000e-04, eta: 1:08:41, time: 0.174, data_time: 0.009, memory: 13424, loss_cls: 0.3762, loss_bbox: 0.3479, loss_kps: 0.0000, loss: 0.7241
2026-09-24 00:05:15,971 - mmdet - INFO - Epoch [27][4500/6976]	lr: 1.000e-04, eta: 1:08:32, time: 0.174, data_time: 0.009, memory: 13424, loss_cls: 0.3938, loss_bbox: 0.3533, loss_kps: 0.0000, loss: 0.7471
2026-09-24 00:05:24,795 - mmdet - INFO - Epoch [27][4550/6976]	lr: 1.000e-04, eta: 1:08:23, time: 0.176, data_time: 0.009, memory: 13424, loss_cls: 0.3717, loss_bbox: 0.3532, loss_kps: 0.0000, loss: 0.7249
2026-09-24 00:05:33,586 - mmdet - INFO - Epoch [27][4600/6976]	lr: 1.000e-04, eta: 1:08:15, time: 0.176, data_time: 0.009, memory: 13424, loss_cls: 0.3600, loss_bbox: 0.3446, loss_kps: 0.0000, loss: 0.7045
2026-09-24 00:05:42,270 - mmdet - INFO - Epoch [27][4650/6976]	lr: 1.000e-04, eta: 1:08:06, time: 0.174, data_time: 0.009, memory: 13424, loss_cls: 0.3662, loss_bbox: 0.3455, loss_kps: 0.0000, loss: 0.7117
2026-09-24 00:05:50,976 - mmdet - INFO - Epoch [27][4700/6976]	lr: 1.000e-04, eta: 1:07:57, time: 0.174, data_time: 0.009, memory: 13424, loss_cls: 0.3834, loss_bbox: 0.3647, loss_kps: 0.0000, loss: 0.7482
2026-09-24 00:06:00,017 - mmdet - INFO - Epoch [27][4750/6976]	lr: 1.000e-04, eta: 1:07:48, time: 0.181, data_time: 0.009, memory: 13424, loss_cls: 0.3629, loss_bbox: 0.3400, loss_kps: 0.0000, loss: 0.7029
2026-09-24 00:06:08,758 - mmdet - INFO - Epoch [27][4800/6976]	lr: 1.000e-04, eta: 1:07:39, time: 0.175, data_time: 0.010, memory: 13424, loss_cls: 0.3428, loss_bbox: 0.3368, loss_kps: 0.0000, loss: 0.6797
2026-09-24 00:06:17,494 - mmdet - INFO - Epoch [27][4850/6976]	lr: 1.000e-04, eta: 1:07:31, time: 0.174, data_time: 0.009, memory: 13424, loss_cls: 0.3763, loss_bbox: 0.3557, loss_kps: 0.0000, loss: 0.7320
2026-09-24 00:06:26,206 - mmdet - INFO - Epoch [27][4900/6976]	lr: 1.000e-04, eta: 1:07:22, time: 0.175, data_time: 0.009, memory: 13424, loss_cls: 0.3512, loss_bbox: 0.3425, loss_kps: 0.0000, loss: 0.6936
2026-09-24 00:06:34,907 - mmdet - INFO - Epoch [27][4950/6976]	lr: 1.000e-04, eta: 1:07:13, time: 0.174, data_time: 0.009, memory: 13424, loss_cls: 0.3652, loss_bbox: 0.3557, loss_kps: 0.0000, loss: 0.7208
2026-09-24 00:06:43,580 - mmdet - INFO - Epoch [27][5000/6976]	lr: 1.000e-04, eta: 1:07:04, time: 0.173, data_time: 0.009, memory: 13424, loss_cls: 0.3823, loss_bbox: 0.3514, loss_kps: 0.0000, loss: 0.7337
2026-09-24 00:06:52,276 - mmdet - INFO - Epoch [27][5050/6976]	lr: 1.000e-04, eta: 1:06:55, time: 0.174, data_time: 0.009, memory: 13424, loss_cls: 0.3432, loss_bbox: 0.3429, loss_kps: 0.0000, loss: 0.6861
2026-09-24 00:07:01,021 - mmdet - INFO - Epoch [27][5100/6976]	lr: 1.000e-04, eta: 1:06:47, time: 0.175, data_time: 0.009, memory: 13424, loss_cls: 0.3631, loss_bbox: 0.3466, loss_kps: 0.0000, loss: 0.7097
2026-09-24 00:07:09,718 - mmdet - INFO - Epoch [27][5150/6976]	lr: 1.000e-04, eta: 1:06:38, time: 0.174, data_time: 0.010, memory: 13424, loss_cls: 0.3666, loss_bbox: 0.3517, loss_kps: 0.0000, loss: 0.7182
2026-09-24 00:07:18,454 - mmdet - INFO - Epoch [27][5200/6976]	lr: 1.000e-04, eta: 1:06:29, time: 0.175, data_time: 0.009, memory: 13424, loss_cls: 0.3531, loss_bbox: 0.3446, loss_kps: 0.0000, loss: 0.6977
2026-09-24 00:07:27,265 - mmdet - INFO - Epoch [27][5250/6976]	lr: 1.000e-04, eta: 1:06:20, time: 0.176, data_time: 0.009, memory: 13424, loss_cls: 0.3487, loss_bbox: 0.3393, loss_kps: 0.0000, loss: 0.6880
2026-09-24 00:07:35,884 - mmdet - INFO - Epoch [27][5300/6976]	lr: 1.000e-04, eta: 1:06:11, time: 0.172, data_time: 0.009, memory: 13424, loss_cls: 0.3689, loss_bbox: 0.3617, loss_kps: 0.0000, loss: 0.7306
2026-09-24 00:07:44,569 - mmdet - INFO - Epoch [27][5350/6976]	lr: 1.000e-04, eta: 1:06:03, time: 0.174, data_time: 0.009, memory: 13424, loss_cls: 0.3736, loss_bbox: 0.3383, loss_kps: 0.0000, loss: 0.7119
2026-09-24 00:07:53,236 - mmdet - INFO - Epoch [27][5400/6976]	lr: 1.000e-04, eta: 1:05:54, time: 0.173, data_time: 0.009, memory: 13424, loss_cls: 0.3659, loss_bbox: 0.3554, loss_kps: 0.0000, loss: 0.7213
2026-09-24 00:08:02,013 - mmdet - INFO - Epoch [27][5450/6976]	lr: 1.000e-04, eta: 1:05:45, time: 0.176, data_time: 0.009, memory: 13424, loss_cls: 0.3770, loss_bbox: 0.3614, loss_kps: 0.0000, loss: 0.7384
2026-09-24 00:08:10,902 - mmdet - INFO - Epoch [27][5500/6976]	lr: 1.000e-04, eta: 1:05:36, time: 0.178, data_time: 0.009, memory: 13424, loss_cls: 0.3603, loss_bbox: 0.3471, loss_kps: 0.0000, loss: 0.7074
2026-09-24 00:08:19,655 - mmdet - INFO - Epoch [27][5550/6976]	lr: 1.000e-04, eta: 1:05:28, time: 0.175, data_time: 0.010, memory: 13424, loss_cls: 0.3349, loss_bbox: 0.3495, loss_kps: 0.0000, loss: 0.6844
2026-09-24 00:08:28,337 - mmdet - INFO - Epoch [27][5600/6976]	lr: 1.000e-04, eta: 1:05:19, time: 0.174, data_time: 0.009, memory: 13424, loss_cls: 0.3412, loss_bbox: 0.3485, loss_kps: 0.0000, loss: 0.6897
2026-09-24 00:08:37,076 - mmdet - INFO - Epoch [27][5650/6976]	lr: 1.000e-04, eta: 1:05:10, time: 0.175, data_time: 0.009, memory: 13424, loss_cls: 0.3597, loss_bbox: 0.3537, loss_kps: 0.0000, loss: 0.7135
2026-09-24 00:08:46,128 - mmdet - INFO - Epoch [27][5700/6976]	lr: 1.000e-04, eta: 1:05:01, time: 0.181, data_time: 0.016, memory: 13424, loss_cls: 0.3747, loss_bbox: 0.3514, loss_kps: 0.0000, loss: 0.7261
2026-09-24 00:08:54,924 - mmdet - INFO - Epoch [27][5750/6976]	lr: 1.000e-04, eta: 1:04:52, time: 0.176, data_time: 0.009, memory: 13424, loss_cls: 0.3610, loss_bbox: 0.3447, loss_kps: 0.0000, loss: 0.7057
2026-09-24 00:09:03,716 - mmdet - INFO - Epoch [27][5800/6976]	lr: 1.000e-04, eta: 1:04:44, time: 0.176, data_time: 0.009, memory: 13424, loss_cls: 0.3583, loss_bbox: 0.3478, loss_kps: 0.0000, loss: 0.7061
2026-09-24 00:09:12,369 - mmdet - INFO - Epoch [27][5850/6976]	lr: 1.000e-04, eta: 1:04:35, time: 0.173, data_time: 0.009, memory: 13424, loss_cls: 0.3731, loss_bbox: 0.3328, loss_kps: 0.0000, loss: 0.7060
2026-09-24 00:09:21,060 - mmdet - INFO - Epoch [27][5900/6976]	lr: 1.000e-04, eta: 1:04:26, time: 0.174, data_time: 0.009, memory: 13424, loss_cls: 0.3378, loss_bbox: 0.3465, loss_kps: 0.0000, loss: 0.6843
2026-09-24 00:09:29,802 - mmdet - INFO - Epoch [27][5950/6976]	lr: 1.000e-04, eta: 1:04:17, time: 0.175, data_time: 0.010, memory: 13424, loss_cls: 0.3702, loss_bbox: 0.3522, loss_kps: 0.0000, loss: 0.7224
2026-09-24 00:09:38,475 - mmdet - INFO - Epoch [27][6000/6976]	lr: 1.000e-04, eta: 1:04:08, time: 0.173, data_time: 0.009, memory: 13424, loss_cls: 0.3815, loss_bbox: 0.3595, loss_kps: 0.0000, loss: 0.7410
2026-09-24 00:09:47,225 - mmdet - INFO - Epoch [27][6050/6976]	lr: 1.000e-04, eta: 1:04:00, time: 0.175, data_time: 0.009, memory: 13424, loss_cls: 0.3453, loss_bbox: 0.3421, loss_kps: 0.0000, loss: 0.6874
2026-09-24 00:09:55,978 - mmdet - INFO - Epoch [27][6100/6976]	lr: 1.000e-04, eta: 1:03:51, time: 0.175, data_time: 0.009, memory: 13424, loss_cls: 0.3385, loss_bbox: 0.3374, loss_kps: 0.0000, loss: 0.6759
2026-09-24 00:10:04,775 - mmdet - INFO - Epoch [27][6150/6976]	lr: 1.000e-04, eta: 1:03:42, time: 0.176, data_time: 0.009, memory: 13424, loss_cls: 0.3598, loss_bbox: 0.3581, loss_kps: 0.0000, loss: 0.7179
2026-09-24 00:10:13,550 - mmdet - INFO - Epoch [27][6200/6976]	lr: 1.000e-04, eta: 1:03:33, time: 0.175, data_time: 0.009, memory: 13424, loss_cls: 0.3512, loss_bbox: 0.3483, loss_kps: 0.0000, loss: 0.6995
2026-09-24 00:10:22,290 - mmdet - INFO - Epoch [27][6250/6976]	lr: 1.000e-04, eta: 1:03:24, time: 0.175, data_time: 0.010, memory: 13424, loss_cls: 0.3582, loss_bbox: 0.3479, loss_kps: 0.0000, loss: 0.7061
2026-09-24 00:10:31,060 - mmdet - INFO - Epoch [27][6300/6976]	lr: 1.000e-04, eta: 1:03:16, time: 0.175, data_time: 0.010, memory: 13424, loss_cls: 0.3649, loss_bbox: 0.3523, loss_kps: 0.0000, loss: 0.7172
2026-09-24 00:10:39,817 - mmdet - INFO - Epoch [27][6350/6976]	lr: 1.000e-04, eta: 1:03:07, time: 0.175, data_time: 0.009, memory: 13424, loss_cls: 0.3427, loss_bbox: 0.3469, loss_kps: 0.0000, loss: 0.6896
2026-09-24 00:10:48,649 - mmdet - INFO - Epoch [27][6400/6976]	lr: 1.000e-04, eta: 1:02:58, time: 0.177, data_time: 0.009, memory: 13424, loss_cls: 0.3720, loss_bbox: 0.3591, loss_kps: 0.0000, loss: 0.7310
2026-09-24 00:10:57,409 - mmdet - INFO - Epoch [27][6450/6976]	lr: 1.000e-04, eta: 1:02:49, time: 0.175, data_time: 0.009, memory: 13424, loss_cls: 0.3416, loss_bbox: 0.3456, loss_kps: 0.0000, loss: 0.6872
2026-09-24 00:11:06,290 - mmdet - INFO - Epoch [27][6500/6976]	lr: 1.000e-04, eta: 1:02:41, time: 0.178, data_time: 0.010, memory: 13424, loss_cls: 0.3453, loss_bbox: 0.3418, loss_kps: 0.0000, loss: 0.6870
2026-09-24 00:11:14,966 - mmdet - INFO - Epoch [27][6550/6976]	lr: 1.000e-04, eta: 1:02:32, time: 0.173, data_time: 0.009, memory: 13424, loss_cls: 0.3538, loss_bbox: 0.3415, loss_kps: 0.0000, loss: 0.6953
2026-09-24 00:11:23,639 - mmdet - INFO - Epoch [27][6600/6976]	lr: 1.000e-04, eta: 1:02:23, time: 0.173, data_time: 0.009, memory: 13424, loss_cls: 0.3657, loss_bbox: 0.3566, loss_kps: 0.0000, loss: 0.7223
2026-09-24 00:11:32,364 - mmdet - INFO - Epoch [27][6650/6976]	lr: 1.000e-04, eta: 1:02:14, time: 0.174, data_time: 0.010, memory: 13424, loss_cls: 0.3785, loss_bbox: 0.3570, loss_kps: 0.0000, loss: 0.7355
2026-09-24 00:11:41,143 - mmdet - INFO - Epoch [27][6700/6976]	lr: 1.000e-04, eta: 1:02:05, time: 0.176, data_time: 0.010, memory: 13424, loss_cls: 0.3662, loss_bbox: 0.3504, loss_kps: 0.0000, loss: 0.7166
2026-09-24 00:11:49,878 - mmdet - INFO - Epoch [27][6750/6976]	lr: 1.000e-04, eta: 1:01:57, time: 0.175, data_time: 0.009, memory: 13424, loss_cls: 0.3713, loss_bbox: 0.3548, loss_kps: 0.0000, loss: 0.7261
2026-09-24 00:11:58,588 - mmdet - INFO - Epoch [27][6800/6976]	lr: 1.000e-04, eta: 1:01:48, time: 0.174, data_time: 0.009, memory: 13424, loss_cls: 0.3564, loss_bbox: 0.3535, loss_kps: 0.0000, loss: 0.7099
2026-09-24 00:12:07,343 - mmdet - INFO - Epoch [27][6850/6976]	lr: 1.000e-04, eta: 1:01:39, time: 0.175, data_time: 0.010, memory: 13424, loss_cls: 0.3576, loss_bbox: 0.3470, loss_kps: 0.0000, loss: 0.7046
2026-09-24 00:12:16,093 - mmdet - INFO - Epoch [27][6900/6976]	lr: 1.000e-04, eta: 1:01:30, time: 0.175, data_time: 0.009, memory: 13424, loss_cls: 0.3653, loss_bbox: 0.3525, loss_kps: 0.0000, loss: 0.7178
2026-09-24 00:12:24,878 - mmdet - INFO - Epoch [27][6950/6976]	lr: 1.000e-04, eta: 1:01:21, time: 0.176, data_time: 0.009, memory: 13424, loss_cls: 0.3610, loss_bbox: 0.3558, loss_kps: 0.0000, loss: 0.7168
2026-09-24 00:12:29,516 - mmdet - INFO - Saving checkpoint at 27 epochs
2026-09-24 00:12:43,517 - mmdet - INFO - Epoch [28][50/6976]	lr: 1.000e-05, eta: 1:01:08, time: 0.275, data_time: 0.098, memory: 13424, loss_cls: 0.3497, loss_bbox: 0.3490, loss_kps: 0.0000, loss: 0.6987
2026-09-24 00:12:52,738 - mmdet - INFO - Epoch [28][100/6976]	lr: 1.000e-05, eta: 1:00:59, time: 0.185, data_time: 0.009, memory: 13424, loss_cls: 0.3611, loss_bbox: 0.3468, loss_kps: 0.0000, loss: 0.7079
2026-09-24 00:13:01,530 - mmdet - INFO - Epoch [28][150/6976]	lr: 1.000e-05, eta: 1:00:51, time: 0.176, data_time: 0.009, memory: 13424, loss_cls: 0.3678, loss_bbox: 0.3509, loss_kps: 0.0000, loss: 0.7187
2026-09-24 00:13:10,263 - mmdet - INFO - Epoch [28][200/6976]	lr: 1.000e-05, eta: 1:00:42, time: 0.174, data_time: 0.009, memory: 13424, loss_cls: 0.3523, loss_bbox: 0.3516, loss_kps: 0.0000, loss: 0.7039
2026-09-24 00:13:19,400 - mmdet - INFO - Epoch [28][250/6976]	lr: 1.000e-05, eta: 1:00:33, time: 0.183, data_time: 0.010, memory: 13424, loss_cls: 0.3604, loss_bbox: 0.3485, loss_kps: 0.0000, loss: 0.7089
2026-09-24 00:13:28,227 - mmdet - INFO - Epoch [28][300/6976]	lr: 1.000e-05, eta: 1:00:24, time: 0.177, data_time: 0.010, memory: 13424, loss_cls: 0.3682, loss_bbox: 0.3487, loss_kps: 0.0000, loss: 0.7169
2026-09-24 00:13:36,980 - mmdet - INFO - Epoch [28][350/6976]	lr: 1.000e-05, eta: 1:00:15, time: 0.175, data_time: 0.009, memory: 13424, loss_cls: 0.3772, loss_bbox: 0.3662, loss_kps: 0.0000, loss: 0.7434
2026-09-24 00:13:45,687 - mmdet - INFO - Epoch [28][400/6976]	lr: 1.000e-05, eta: 1:00:07, time: 0.174, data_time: 0.009, memory: 13424, loss_cls: 0.3592, loss_bbox: 0.3556, loss_kps: 0.0000, loss: 0.7148
2026-09-24 00:13:54,437 - mmdet - INFO - Epoch [28][450/6976]	lr: 1.000e-05, eta: 0:59:58, time: 0.175, data_time: 0.009, memory: 13424, loss_cls: 0.3580, loss_bbox: 0.3437, loss_kps: 0.0000, loss: 0.7016
2026-09-24 00:14:03,199 - mmdet - INFO - Epoch [28][500/6976]	lr: 1.000e-05, eta: 0:59:49, time: 0.175, data_time: 0.009, memory: 13424, loss_cls: 0.3334, loss_bbox: 0.3301, loss_kps: 0.0000, loss: 0.6635
2026-09-24 00:14:11,932 - mmdet - INFO - Epoch [28][550/6976]	lr: 1.000e-05, eta: 0:59:40, time: 0.175, data_time: 0.010, memory: 13424, loss_cls: 0.3704, loss_bbox: 0.3461, loss_kps: 0.0000, loss: 0.7164
2026-09-24 00:14:20,690 - mmdet - INFO - Epoch [28][600/6976]	lr: 1.000e-05, eta: 0:59:32, time: 0.175, data_time: 0.010, memory: 13424, loss_cls: 0.3586, loss_bbox: 0.3618, loss_kps: 0.0000, loss: 0.7204
2026-09-24 00:14:29,348 - mmdet - INFO - Epoch [28][650/6976]	lr: 1.000e-05, eta: 0:59:23, time: 0.173, data_time: 0.010, memory: 13424, loss_cls: 0.3558, loss_bbox: 0.3517, loss_kps: 0.0000, loss: 0.7075
2026-09-24 00:14:38,143 - mmdet - INFO - Epoch [28][700/6976]	lr: 1.000e-05, eta: 0:59:14, time: 0.176, data_time: 0.009, memory: 13424, loss_cls: 0.3698, loss_bbox: 0.3505, loss_kps: 0.0000, loss: 0.7203
2026-09-24 00:14:46,998 - mmdet - INFO - Epoch [28][750/6976]	lr: 1.000e-05, eta: 0:59:05, time: 0.177, data_time: 0.010, memory: 13424, loss_cls: 0.3717, loss_bbox: 0.3566, loss_kps: 0.0000, loss: 0.7284
2026-09-24 00:14:55,750 - mmdet - INFO - Epoch [28][800/6976]	lr: 1.000e-05, eta: 0:58:56, time: 0.175, data_time: 0.009, memory: 13424, loss_cls: 0.3694, loss_bbox: 0.3499, loss_kps: 0.0000, loss: 0.7192
2026-09-24 00:15:04,497 - mmdet - INFO - Epoch [28][850/6976]	lr: 1.000e-05, eta: 0:58:48, time: 0.175, data_time: 0.009, memory: 13424, loss_cls: 0.3742, loss_bbox: 0.3463, loss_kps: 0.0000, loss: 0.7204
2026-09-24 00:15:13,144 - mmdet - INFO - Epoch [28][900/6976]	lr: 1.000e-05, eta: 0:58:39, time: 0.173, data_time: 0.009, memory: 13424, loss_cls: 0.3777, loss_bbox: 0.3528, loss_kps: 0.0000, loss: 0.7305
2026-09-24 00:15:22,191 - mmdet - INFO - Epoch [28][950/6976]	lr: 1.000e-05, eta: 0:58:30, time: 0.181, data_time: 0.009, memory: 13424, loss_cls: 0.3578, loss_bbox: 0.3583, loss_kps: 0.0000, loss: 0.7160
2026-09-24 00:15:31,057 - mmdet - INFO - Epoch [28][1000/6976]	lr: 1.000e-05, eta: 0:58:21, time: 0.177, data_time: 0.009, memory: 13424, loss_cls: 0.3411, loss_bbox: 0.3434, loss_kps: 0.0000, loss: 0.6845
2026-09-24 00:15:39,917 - mmdet - INFO - Epoch [28][1050/6976]	lr: 1.000e-05, eta: 0:58:12, time: 0.177, data_time: 0.010, memory: 13424, loss_cls: 0.3592, loss_bbox: 0.3452, loss_kps: 0.0000, loss: 0.7044
2026-09-24 00:15:48,671 - mmdet - INFO - Epoch [28][1100/6976]	lr: 1.000e-05, eta: 0:58:04, time: 0.175, data_time: 0.010, memory: 13424, loss_cls: 0.3549, loss_bbox: 0.3414, loss_kps: 0.0000, loss: 0.6963
2026-09-24 00:15:57,300 - mmdet - INFO - Epoch [28][1150/6976]	lr: 1.000e-05, eta: 0:57:55, time: 0.173, data_time: 0.010, memory: 13424, loss_cls: 0.3491, loss_bbox: 0.3446, loss_kps: 0.0000, loss: 0.6937
2026-09-24 00:16:05,982 - mmdet - INFO - Epoch [28][1200/6976]	lr: 1.000e-05, eta: 0:57:46, time: 0.174, data_time: 0.010, memory: 13424, loss_cls: 0.3507, loss_bbox: 0.3515, loss_kps: 0.0000, loss: 0.7022
2026-09-24 00:16:14,774 - mmdet - INFO - Epoch [28][1250/6976]	lr: 1.000e-05, eta: 0:57:37, time: 0.176, data_time: 0.009, memory: 13424, loss_cls: 0.3702, loss_bbox: 0.3640, loss_kps: 0.0000, loss: 0.7342
2026-09-24 00:16:23,495 - mmdet - INFO - Epoch [28][1300/6976]	lr: 1.000e-05, eta: 0:57:28, time: 0.174, data_time: 0.010, memory: 13424, loss_cls: 0.3458, loss_bbox: 0.3458, loss_kps: 0.0000, loss: 0.6916
2026-09-24 00:16:32,307 - mmdet - INFO - Epoch [28][1350/6976]	lr: 1.000e-05, eta: 0:57:20, time: 0.176, data_time: 0.009, memory: 13424, loss_cls: 0.3707, loss_bbox: 0.3543, loss_kps: 0.0000, loss: 0.7249
2026-09-24 00:16:41,116 - mmdet - INFO - Epoch [28][1400/6976]	lr: 1.000e-05, eta: 0:57:11, time: 0.176, data_time: 0.010, memory: 13424, loss_cls: 0.3416, loss_bbox: 0.3505, loss_kps: 0.0000, loss: 0.6921
2026-09-24 00:16:49,869 - mmdet - INFO - Epoch [28][1450/6976]	lr: 1.000e-05, eta: 0:57:02, time: 0.175, data_time: 0.009, memory: 13424, loss_cls: 0.3473, loss_bbox: 0.3444, loss_kps: 0.0000, loss: 0.6917
2026-09-24 00:16:58,747 - mmdet - INFO - Epoch [28][1500/6976]	lr: 1.000e-05, eta: 0:56:53, time: 0.177, data_time: 0.010, memory: 13424, loss_cls: 0.3749, loss_bbox: 0.3466, loss_kps: 0.0000, loss: 0.7215
2026-09-24 00:17:07,434 - mmdet - INFO - Epoch [28][1550/6976]	lr: 1.000e-05, eta: 0:56:45, time: 0.174, data_time: 0.009, memory: 13424, loss_cls: 0.3604, loss_bbox: 0.3403, loss_kps: 0.0000, loss: 0.7007
2026-09-24 00:17:16,204 - mmdet - INFO - Epoch [28][1600/6976]	lr: 1.000e-05, eta: 0:56:36, time: 0.176, data_time: 0.009, memory: 13424, loss_cls: 0.3558, loss_bbox: 0.3460, loss_kps: 0.0000, loss: 0.7018
2026-09-24 00:17:25,326 - mmdet - INFO - Epoch [28][1650/6976]	lr: 1.000e-05, eta: 0:56:27, time: 0.182, data_time: 0.010, memory: 13424, loss_cls: 0.3642, loss_bbox: 0.3469, loss_kps: 0.0000, loss: 0.7111
2026-09-24 00:17:34,055 - mmdet - INFO - Epoch [28][1700/6976]	lr: 1.000e-05, eta: 0:56:18, time: 0.175, data_time: 0.009, memory: 13424, loss_cls: 0.3726, loss_bbox: 0.3613, loss_kps: 0.0000, loss: 0.7339
2026-09-24 00:17:42,861 - mmdet - INFO - Epoch [28][1750/6976]	lr: 1.000e-05, eta: 0:56:09, time: 0.176, data_time: 0.009, memory: 13424, loss_cls: 0.3362, loss_bbox: 0.3393, loss_kps: 0.0000, loss: 0.6755
2026-09-24 00:17:51,510 - mmdet - INFO - Epoch [28][1800/6976]	lr: 1.000e-05, eta: 0:56:01, time: 0.173, data_time: 0.010, memory: 13424, loss_cls: 0.3528, loss_bbox: 0.3471, loss_kps: 0.0000, loss: 0.6998
2026-09-24 00:18:00,280 - mmdet - INFO - Epoch [28][1850/6976]	lr: 1.000e-05, eta: 0:55:52, time: 0.175, data_time: 0.009, memory: 13424, loss_cls: 0.3707, loss_bbox: 0.3603, loss_kps: 0.0000, loss: 0.7310
2026-09-24 00:18:09,024 - mmdet - INFO - Epoch [28][1900/6976]	lr: 1.000e-05, eta: 0:55:43, time: 0.175, data_time: 0.010, memory: 13424, loss_cls: 0.3662, loss_bbox: 0.3506, loss_kps: 0.0000, loss: 0.7168
2026-09-24 00:18:17,719 - mmdet - INFO - Epoch [28][1950/6976]	lr: 1.000e-05, eta: 0:55:34, time: 0.174, data_time: 0.009, memory: 13424, loss_cls: 0.3585, loss_bbox: 0.3477, loss_kps: 0.0000, loss: 0.7062
2026-09-24 00:18:26,508 - mmdet - INFO - Epoch [28][2000/6976]	lr: 1.000e-05, eta: 0:55:25, time: 0.176, data_time: 0.009, memory: 13424, loss_cls: 0.3399, loss_bbox: 0.3378, loss_kps: 0.0000, loss: 0.6777
2026-09-24 00:18:35,219 - mmdet - INFO - Epoch [28][2050/6976]	lr: 1.000e-05, eta: 0:55:17, time: 0.174, data_time: 0.010, memory: 13424, loss_cls: 0.3845, loss_bbox: 0.3578, loss_kps: 0.0000, loss: 0.7423
2026-09-24 00:18:43,994 - mmdet - INFO - Epoch [28][2100/6976]	lr: 1.000e-05, eta: 0:55:08, time: 0.175, data_time: 0.009, memory: 13424, loss_cls: 0.3671, loss_bbox: 0.3685, loss_kps: 0.0000, loss: 0.7355
2026-09-24 00:18:52,759 - mmdet - INFO - Epoch [28][2150/6976]	lr: 1.000e-05, eta: 0:54:59, time: 0.175, data_time: 0.010, memory: 13424, loss_cls: 0.3661, loss_bbox: 0.3502, loss_kps: 0.0000, loss: 0.7163
2026-09-24 00:19:01,555 - mmdet - INFO - Epoch [28][2200/6976]	lr: 1.000e-05, eta: 0:54:50, time: 0.176, data_time: 0.009, memory: 13424, loss_cls: 0.3542, loss_bbox: 0.3630, loss_kps: 0.0000, loss: 0.7172
2026-09-24 00:19:10,274 - mmdet - INFO - Epoch [28][2250/6976]	lr: 1.000e-05, eta: 0:54:42, time: 0.174, data_time: 0.010, memory: 13424, loss_cls: 0.3852, loss_bbox: 0.3692, loss_kps: 0.0000, loss: 0.7544
2026-09-24 00:19:18,998 - mmdet - INFO - Epoch [28][2300/6976]	lr: 1.000e-05, eta: 0:54:33, time: 0.174, data_time: 0.010, memory: 13424, loss_cls: 0.3486, loss_bbox: 0.3449, loss_kps: 0.0000, loss: 0.6935
2026-09-24 00:19:27,899 - mmdet - INFO - Epoch [28][2350/6976]	lr: 1.000e-05, eta: 0:54:24, time: 0.178, data_time: 0.010, memory: 13424, loss_cls: 0.3595, loss_bbox: 0.3532, loss_kps: 0.0000, loss: 0.7127
2026-09-24 00:19:37,018 - mmdet - INFO - Epoch [28][2400/6976]	lr: 1.000e-05, eta: 0:54:15, time: 0.183, data_time: 0.010, memory: 13424, loss_cls: 0.3776, loss_bbox: 0.3549, loss_kps: 0.0000, loss: 0.7325
2026-09-24 00:19:45,812 - mmdet - INFO - Epoch [28][2450/6976]	lr: 1.000e-05, eta: 0:54:06, time: 0.176, data_time: 0.010, memory: 13424, loss_cls: 0.3591, loss_bbox: 0.3452, loss_kps: 0.0000, loss: 0.7044
2026-09-24 00:19:54,639 - mmdet - INFO - Epoch [28][2500/6976]	lr: 1.000e-05, eta: 0:53:58, time: 0.177, data_time: 0.010, memory: 13424, loss_cls: 0.3410, loss_bbox: 0.3445, loss_kps: 0.0000, loss: 0.6854
2026-09-24 00:20:03,429 - mmdet - INFO - Epoch [28][2550/6976]	lr: 1.000e-05, eta: 0:53:49, time: 0.176, data_time: 0.010, memory: 13424, loss_cls: 0.3639, loss_bbox: 0.3515, loss_kps: 0.0000, loss: 0.7154
2026-09-24 00:20:12,206 - mmdet - INFO - Epoch [28][2600/6976]	lr: 1.000e-05, eta: 0:53:40, time: 0.175, data_time: 0.010, memory: 13424, loss_cls: 0.3823, loss_bbox: 0.3590, loss_kps: 0.0000, loss: 0.7413
2026-09-24 00:20:20,904 - mmdet - INFO - Epoch [28][2650/6976]	lr: 1.000e-05, eta: 0:53:31, time: 0.174, data_time: 0.010, memory: 13424, loss_cls: 0.3711, loss_bbox: 0.3557, loss_kps: 0.0000, loss: 0.7268
2026-09-24 00:20:29,669 - mmdet - INFO - Epoch [28][2700/6976]	lr: 1.000e-05, eta: 0:53:22, time: 0.175, data_time: 0.010, memory: 13424, loss_cls: 0.3569, loss_bbox: 0.3481, loss_kps: 0.0000, loss: 0.7050
2026-09-24 00:20:38,444 - mmdet - INFO - Epoch [28][2750/6976]	lr: 1.000e-05, eta: 0:53:14, time: 0.176, data_time: 0.011, memory: 13424, loss_cls: 0.3514, loss_bbox: 0.3414, loss_kps: 0.0000, loss: 0.6928
2026-09-24 00:20:47,183 - mmdet - INFO - Epoch [28][2800/6976]	lr: 1.000e-05, eta: 0:53:05, time: 0.175, data_time: 0.010, memory: 13424, loss_cls: 0.3802, loss_bbox: 0.3629, loss_kps: 0.0000, loss: 0.7431
2026-09-24 00:20:55,860 - mmdet - INFO - Epoch [28][2850/6976]	lr: 1.000e-05, eta: 0:52:56, time: 0.174, data_time: 0.010, memory: 13424, loss_cls: 0.3428, loss_bbox: 0.3364, loss_kps: 0.0000, loss: 0.6792
2026-09-24 00:21:04,576 - mmdet - INFO - Epoch [28][2900/6976]	lr: 1.000e-05, eta: 0:52:47, time: 0.174, data_time: 0.010, memory: 13424, loss_cls: 0.3342, loss_bbox: 0.3431, loss_kps: 0.0000, loss: 0.6773
2026-09-24 00:21:13,375 - mmdet - INFO - Epoch [28][2950/6976]	lr: 1.000e-05, eta: 0:52:39, time: 0.176, data_time: 0.010, memory: 13424, loss_cls: 0.3566, loss_bbox: 0.3422, loss_kps: 0.0000, loss: 0.6987
2026-09-24 00:21:22,243 - mmdet - INFO - Epoch [28][3000/6976]	lr: 1.000e-05, eta: 0:52:30, time: 0.177, data_time: 0.010, memory: 13424, loss_cls: 0.3642, loss_bbox: 0.3534, loss_kps: 0.0000, loss: 0.7175
2026-09-24 00:21:30,947 - mmdet - INFO - Epoch [28][3050/6976]	lr: 1.000e-05, eta: 0:52:21, time: 0.174, data_time: 0.010, memory: 13424, loss_cls: 0.3409, loss_bbox: 0.3316, loss_kps: 0.0000, loss: 0.6726
2026-09-24 00:21:39,631 - mmdet - INFO - Epoch [28][3100/6976]	lr: 1.000e-05, eta: 0:52:12, time: 0.174, data_time: 0.010, memory: 13424, loss_cls: 0.3724, loss_bbox: 0.3561, loss_kps: 0.0000, loss: 0.7285
2026-09-24 00:21:48,348 - mmdet - INFO - Epoch [28][3150/6976]	lr: 1.000e-05, eta: 0:52:03, time: 0.174, data_time: 0.009, memory: 13424, loss_cls: 0.3844, loss_bbox: 0.3610, loss_kps: 0.0000, loss: 0.7454
2026-09-24 00:21:57,021 - mmdet - INFO - Epoch [28][3200/6976]	lr: 1.000e-05, eta: 0:51:55, time: 0.173, data_time: 0.010, memory: 13424, loss_cls: 0.3657, loss_bbox: 0.3561, loss_kps: 0.0000, loss: 0.7218
2026-09-24 00:22:05,743 - mmdet - INFO - Epoch [28][3250/6976]	lr: 1.000e-05, eta: 0:51:46, time: 0.174, data_time: 0.010, memory: 13424, loss_cls: 0.3555, loss_bbox: 0.3336, loss_kps: 0.0000, loss: 0.6891
2026-09-24 00:22:14,430 - mmdet - INFO - Epoch [28][3300/6976]	lr: 1.000e-05, eta: 0:51:37, time: 0.174, data_time: 0.010, memory: 13424, loss_cls: 0.3516, loss_bbox: 0.3424, loss_kps: 0.0000, loss: 0.6940
2026-09-24 00:22:23,427 - mmdet - INFO - Epoch [28][3350/6976]	lr: 1.000e-05, eta: 0:51:28, time: 0.180, data_time: 0.010, memory: 13424, loss_cls: 0.3631, loss_bbox: 0.3573, loss_kps: 0.0000, loss: 0.7204
2026-09-24 00:22:32,231 - mmdet - INFO - Epoch [28][3400/6976]	lr: 1.000e-05, eta: 0:51:19, time: 0.176, data_time: 0.010, memory: 13424, loss_cls: 0.3552, loss_bbox: 0.3475, loss_kps: 0.0000, loss: 0.7027
2026-09-24 00:22:41,039 - mmdet - INFO - Epoch [28][3450/6976]	lr: 1.000e-05, eta: 0:51:11, time: 0.176, data_time: 0.010, memory: 13424, loss_cls: 0.3548, loss_bbox: 0.3529, loss_kps: 0.0000, loss: 0.7077
2026-09-24 00:22:49,819 - mmdet - INFO - Epoch [28][3500/6976]	lr: 1.000e-05, eta: 0:51:02, time: 0.176, data_time: 0.010, memory: 13424, loss_cls: 0.3808, loss_bbox: 0.3556, loss_kps: 0.0000, loss: 0.7364
2026-09-24 00:22:58,496 - mmdet - INFO - Epoch [28][3550/6976]	lr: 1.000e-05, eta: 0:50:53, time: 0.174, data_time: 0.010, memory: 13424, loss_cls: 0.3449, loss_bbox: 0.3344, loss_kps: 0.0000, loss: 0.6793
2026-09-24 00:23:07,224 - mmdet - INFO - Epoch [28][3600/6976]	lr: 1.000e-05, eta: 0:50:44, time: 0.175, data_time: 0.010, memory: 13424, loss_cls: 0.3622, loss_bbox: 0.3507, loss_kps: 0.0000, loss: 0.7129
2026-09-24 00:23:16,021 - mmdet - INFO - Epoch [28][3650/6976]	lr: 1.000e-05, eta: 0:50:36, time: 0.176, data_time: 0.010, memory: 13424, loss_cls: 0.3555, loss_bbox: 0.3432, loss_kps: 0.0000, loss: 0.6988
2026-09-24 00:23:24,799 - mmdet - INFO - Epoch [28][3700/6976]	lr: 1.000e-05, eta: 0:50:27, time: 0.175, data_time: 0.010, memory: 13424, loss_cls: 0.3595, loss_bbox: 0.3446, loss_kps: 0.0000, loss: 0.7040
2026-09-24 00:23:33,642 - mmdet - INFO - Epoch [28][3750/6976]	lr: 1.000e-05, eta: 0:50:18, time: 0.177, data_time: 0.010, memory: 13424, loss_cls: 0.3584, loss_bbox: 0.3566, loss_kps: 0.0000, loss: 0.7150
2026-09-24 00:23:42,403 - mmdet - INFO - Epoch [28][3800/6976]	lr: 1.000e-05, eta: 0:50:09, time: 0.175, data_time: 0.009, memory: 13424, loss_cls: 0.3637, loss_bbox: 0.3608, loss_kps: 0.0000, loss: 0.7244
2026-09-24 00:23:51,138 - mmdet - INFO - Epoch [28][3850/6976]	lr: 1.000e-05, eta: 0:50:00, time: 0.175, data_time: 0.010, memory: 13424, loss_cls: 0.3826, loss_bbox: 0.3495, loss_kps: 0.0000, loss: 0.7321
2026-09-24 00:23:59,878 - mmdet - INFO - Epoch [28][3900/6976]	lr: 1.000e-05, eta: 0:49:52, time: 0.175, data_time: 0.010, memory: 13424, loss_cls: 0.3750, loss_bbox: 0.3501, loss_kps: 0.0000, loss: 0.7251
2026-09-24 00:24:08,520 - mmdet - INFO - Epoch [28][3950/6976]	lr: 1.000e-05, eta: 0:49:43, time: 0.173, data_time: 0.010, memory: 13424, loss_cls: 0.3721, loss_bbox: 0.3477, loss_kps: 0.0000, loss: 0.7198
2026-09-24 00:24:17,320 - mmdet - INFO - Epoch [28][4000/6976]	lr: 1.000e-05, eta: 0:49:34, time: 0.176, data_time: 0.010, memory: 13424, loss_cls: 0.3627, loss_bbox: 0.3490, loss_kps: 0.0000, loss: 0.7117
2026-09-24 00:24:26,030 - mmdet - INFO - Epoch [28][4050/6976]	lr: 1.000e-05, eta: 0:49:25, time: 0.174, data_time: 0.010, memory: 13424, loss_cls: 0.3674, loss_bbox: 0.3507, loss_kps: 0.0000, loss: 0.7181
2026-09-24 00:24:34,764 - mmdet - INFO - Epoch [28][4100/6976]	lr: 1.000e-05, eta: 0:49:16, time: 0.175, data_time: 0.010, memory: 13424, loss_cls: 0.3721, loss_bbox: 0.3467, loss_kps: 0.0000, loss: 0.7188
2026-09-24 00:24:43,439 - mmdet - INFO - Epoch [28][4150/6976]	lr: 1.000e-05, eta: 0:49:08, time: 0.173, data_time: 0.010, memory: 13424, loss_cls: 0.3600, loss_bbox: 0.3431, loss_kps: 0.0000, loss: 0.7031
2026-09-24 00:24:52,297 - mmdet - INFO - Epoch [28][4200/6976]	lr: 1.000e-05, eta: 0:48:59, time: 0.177, data_time: 0.010, memory: 13424, loss_cls: 0.3715, loss_bbox: 0.3497, loss_kps: 0.0000, loss: 0.7212
2026-09-24 00:25:01,096 - mmdet - INFO - Epoch [28][4250/6976]	lr: 1.000e-05, eta: 0:48:50, time: 0.176, data_time: 0.010, memory: 13424, loss_cls: 0.3461, loss_bbox: 0.3465, loss_kps: 0.0000, loss: 0.6926
2026-09-24 00:25:09,712 - mmdet - INFO - Epoch [28][4300/6976]	lr: 1.000e-05, eta: 0:48:41, time: 0.172, data_time: 0.010, memory: 13424, loss_cls: 0.3723, loss_bbox: 0.3613, loss_kps: 0.0000, loss: 0.7336
2026-09-24 00:25:18,782 - mmdet - INFO - Epoch [28][4350/6976]	lr: 1.000e-05, eta: 0:48:32, time: 0.181, data_time: 0.010, memory: 13424, loss_cls: 0.3605, loss_bbox: 0.3492, loss_kps: 0.0000, loss: 0.7097
2026-09-24 00:25:27,523 - mmdet - INFO - Epoch [28][4400/6976]	lr: 1.000e-05, eta: 0:48:24, time: 0.175, data_time: 0.010, memory: 13424, loss_cls: 0.3529, loss_bbox: 0.3495, loss_kps: 0.0000, loss: 0.7024
2026-09-24 00:25:36,234 - mmdet - INFO - Epoch [28][4450/6976]	lr: 1.000e-05, eta: 0:48:15, time: 0.174, data_time: 0.010, memory: 13424, loss_cls: 0.3544, loss_bbox: 0.3596, loss_kps: 0.0000, loss: 0.7140
2026-09-24 00:25:44,973 - mmdet - INFO - Epoch [28][4500/6976]	lr: 1.000e-05, eta: 0:48:06, time: 0.175, data_time: 0.011, memory: 13424, loss_cls: 0.3555, loss_bbox: 0.3299, loss_kps: 0.0000, loss: 0.6853
2026-09-24 00:25:53,680 - mmdet - INFO - Epoch [28][4550/6976]	lr: 1.000e-05, eta: 0:47:57, time: 0.174, data_time: 0.009, memory: 13424, loss_cls: 0.3514, loss_bbox: 0.3391, loss_kps: 0.0000, loss: 0.6904
2026-09-24 00:26:02,410 - mmdet - INFO - Epoch [28][4600/6976]	lr: 1.000e-05, eta: 0:47:49, time: 0.175, data_time: 0.009, memory: 13424, loss_cls: 0.3642, loss_bbox: 0.3467, loss_kps: 0.0000, loss: 0.7110
2026-09-24 00:26:11,145 - mmdet - INFO - Epoch [28][4650/6976]	lr: 1.000e-05, eta: 0:47:40, time: 0.175, data_time: 0.009, memory: 13424, loss_cls: 0.3553, loss_bbox: 0.3362, loss_kps: 0.0000, loss: 0.6915
2026-09-24 00:26:19,891 - mmdet - INFO - Epoch [28][4700/6976]	lr: 1.000e-05, eta: 0:47:31, time: 0.175, data_time: 0.009, memory: 13424, loss_cls: 0.3728, loss_bbox: 0.3613, loss_kps: 0.0000, loss: 0.7341
2026-09-24 00:26:28,672 - mmdet - INFO - Epoch [28][4750/6976]	lr: 1.000e-05, eta: 0:47:22, time: 0.176, data_time: 0.009, memory: 13424, loss_cls: 0.3831, loss_bbox: 0.3631, loss_kps: 0.0000, loss: 0.7462
2026-09-24 00:26:37,378 - mmdet - INFO - Epoch [28][4800/6976]	lr: 1.000e-05, eta: 0:47:13, time: 0.174, data_time: 0.009, memory: 13424, loss_cls: 0.3537, loss_bbox: 0.3551, loss_kps: 0.0000, loss: 0.7089
2026-09-24 00:26:46,094 - mmdet - INFO - Epoch [28][4850/6976]	lr: 1.000e-05, eta: 0:47:05, time: 0.174, data_time: 0.009, memory: 13424, loss_cls: 0.3450, loss_bbox: 0.3600, loss_kps: 0.0000, loss: 0.7051
2026-09-24 00:26:54,820 - mmdet - INFO - Epoch [28][4900/6976]	lr: 1.000e-05, eta: 0:46:56, time: 0.175, data_time: 0.010, memory: 13424, loss_cls: 0.3542, loss_bbox: 0.3441, loss_kps: 0.0000, loss: 0.6983
2026-09-24 00:27:03,607 - mmdet - INFO - Epoch [28][4950/6976]	lr: 1.000e-05, eta: 0:46:47, time: 0.176, data_time: 0.009, memory: 13424, loss_cls: 0.3454, loss_bbox: 0.3365, loss_kps: 0.0000, loss: 0.6819
2026-09-24 00:27:12,395 - mmdet - INFO - Epoch [28][5000/6976]	lr: 1.000e-05, eta: 0:46:38, time: 0.176, data_time: 0.009, memory: 13424, loss_cls: 0.3579, loss_bbox: 0.3605, loss_kps: 0.0000, loss: 0.7184
2026-09-24 00:27:21,081 - mmdet - INFO - Epoch [28][5050/6976]	lr: 1.000e-05, eta: 0:46:29, time: 0.174, data_time: 0.009, memory: 13424, loss_cls: 0.3537, loss_bbox: 0.3463, loss_kps: 0.0000, loss: 0.7000
2026-09-24 00:27:30,184 - mmdet - INFO - Epoch [28][5100/6976]	lr: 1.000e-05, eta: 0:46:21, time: 0.182, data_time: 0.009, memory: 13424, loss_cls: 0.3858, loss_bbox: 0.3545, loss_kps: 0.0000, loss: 0.7402
2026-09-24 00:27:38,838 - mmdet - INFO - Epoch [28][5150/6976]	lr: 1.000e-05, eta: 0:46:12, time: 0.173, data_time: 0.009, memory: 13424, loss_cls: 0.3813, loss_bbox: 0.3580, loss_kps: 0.0000, loss: 0.7393
2026-09-24 00:27:47,593 - mmdet - INFO - Epoch [28][5200/6976]	lr: 1.000e-05, eta: 0:46:03, time: 0.175, data_time: 0.009, memory: 13424, loss_cls: 0.3793, loss_bbox: 0.3557, loss_kps: 0.0000, loss: 0.7350
2026-09-24 00:27:56,356 - mmdet - INFO - Epoch [28][5250/6976]	lr: 1.000e-05, eta: 0:45:54, time: 0.175, data_time: 0.009, memory: 13424, loss_cls: 0.3626, loss_bbox: 0.3414, loss_kps: 0.0000, loss: 0.7040
2026-09-24 00:28:05,032 - mmdet - INFO - Epoch [28][5300/6976]	lr: 1.000e-05, eta: 0:45:46, time: 0.174, data_time: 0.009, memory: 13424, loss_cls: 0.3500, loss_bbox: 0.3396, loss_kps: 0.0000, loss: 0.6896
2026-09-24 00:28:13,721 - mmdet - INFO - Epoch [28][5350/6976]	lr: 1.000e-05, eta: 0:45:37, time: 0.174, data_time: 0.009, memory: 13424, loss_cls: 0.3715, loss_bbox: 0.3520, loss_kps: 0.0000, loss: 0.7236
2026-09-24 00:28:22,562 - mmdet - INFO - Epoch [28][5400/6976]	lr: 1.000e-05, eta: 0:45:28, time: 0.177, data_time: 0.009, memory: 13424, loss_cls: 0.3455, loss_bbox: 0.3475, loss_kps: 0.0000, loss: 0.6930
2026-09-24 00:28:31,332 - mmdet - INFO - Epoch [28][5450/6976]	lr: 1.000e-05, eta: 0:45:19, time: 0.175, data_time: 0.009, memory: 13424, loss_cls: 0.3696, loss_bbox: 0.3446, loss_kps: 0.0000, loss: 0.7143
2026-09-24 00:28:40,163 - mmdet - INFO - Epoch [28][5500/6976]	lr: 1.000e-05, eta: 0:45:10, time: 0.177, data_time: 0.009, memory: 13424, loss_cls: 0.3535, loss_bbox: 0.3402, loss_kps: 0.0000, loss: 0.6937
2026-09-24 00:28:48,900 - mmdet - INFO - Epoch [28][5550/6976]	lr: 1.000e-05, eta: 0:45:02, time: 0.175, data_time: 0.010, memory: 13424, loss_cls: 0.3560, loss_bbox: 0.3514, loss_kps: 0.0000, loss: 0.7074
2026-09-24 00:28:57,656 - mmdet - INFO - Epoch [28][5600/6976]	lr: 1.000e-05, eta: 0:44:53, time: 0.175, data_time: 0.009, memory: 13424, loss_cls: 0.3681, loss_bbox: 0.3603, loss_kps: 0.0000, loss: 0.7284
2026-09-24 00:29:06,372 - mmdet - INFO - Epoch [28][5650/6976]	lr: 1.000e-05, eta: 0:44:44, time: 0.174, data_time: 0.010, memory: 13424, loss_cls: 0.3627, loss_bbox: 0.3472, loss_kps: 0.0000, loss: 0.7099
2026-09-24 00:29:15,123 - mmdet - INFO - Epoch [28][5700/6976]	lr: 1.000e-05, eta: 0:44:35, time: 0.175, data_time: 0.009, memory: 13424, loss_cls: 0.3599, loss_bbox: 0.3582, loss_kps: 0.0000, loss: 0.7181
2026-09-24 00:29:23,874 - mmdet - INFO - Epoch [28][5750/6976]	lr: 1.000e-05, eta: 0:44:26, time: 0.175, data_time: 0.009, memory: 13424, loss_cls: 0.3467, loss_bbox: 0.3393, loss_kps: 0.0000, loss: 0.6860
2026-09-24 00:29:32,586 - mmdet - INFO - Epoch [28][5800/6976]	lr: 1.000e-05, eta: 0:44:18, time: 0.174, data_time: 0.009, memory: 13424, loss_cls: 0.3726, loss_bbox: 0.3453, loss_kps: 0.0000, loss: 0.7179
2026-09-24 00:29:41,355 - mmdet - INFO - Epoch [28][5850/6976]	lr: 1.000e-05, eta: 0:44:09, time: 0.175, data_time: 0.009, memory: 13424, loss_cls: 0.3705, loss_bbox: 0.3375, loss_kps: 0.0000, loss: 0.7080
2026-09-24 00:29:50,050 - mmdet - INFO - Epoch [28][5900/6976]	lr: 1.000e-05, eta: 0:44:00, time: 0.174, data_time: 0.009, memory: 13424, loss_cls: 0.3841, loss_bbox: 0.3499, loss_kps: 0.0000, loss: 0.7340
2026-09-24 00:29:58,806 - mmdet - INFO - Epoch [28][5950/6976]	lr: 1.000e-05, eta: 0:43:51, time: 0.175, data_time: 0.010, memory: 13424, loss_cls: 0.3698, loss_bbox: 0.3490, loss_kps: 0.0000, loss: 0.7188
2026-09-24 00:30:07,524 - mmdet - INFO - Epoch [28][6000/6976]	lr: 1.000e-05, eta: 0:43:42, time: 0.174, data_time: 0.009, memory: 13424, loss_cls: 0.3544, loss_bbox: 0.3351, loss_kps: 0.0000, loss: 0.6895
2026-09-24 00:30:16,277 - mmdet - INFO - Epoch [28][6050/6976]	lr: 1.000e-05, eta: 0:43:34, time: 0.175, data_time: 0.009, memory: 13424, loss_cls: 0.3436, loss_bbox: 0.3421, loss_kps: 0.0000, loss: 0.6857
2026-09-24 00:30:25,066 - mmdet - INFO - Epoch [28][6100/6976]	lr: 1.000e-05, eta: 0:43:25, time: 0.176, data_time: 0.009, memory: 13424, loss_cls: 0.3656, loss_bbox: 0.3389, loss_kps: 0.0000, loss: 0.7045
2026-09-24 00:30:33,877 - mmdet - INFO - Epoch [28][6150/6976]	lr: 1.000e-05, eta: 0:43:16, time: 0.176, data_time: 0.010, memory: 13424, loss_cls: 0.3716, loss_bbox: 0.3433, loss_kps: 0.0000, loss: 0.7149
2026-09-24 00:30:42,599 - mmdet - INFO - Epoch [28][6200/6976]	lr: 1.000e-05, eta: 0:43:07, time: 0.174, data_time: 0.009, memory: 13424, loss_cls: 0.3600, loss_bbox: 0.3475, loss_kps: 0.0000, loss: 0.7074
2026-09-24 00:30:51,375 - mmdet - INFO - Epoch [28][6250/6976]	lr: 1.000e-05, eta: 0:42:59, time: 0.176, data_time: 0.009, memory: 13424, loss_cls: 0.3329, loss_bbox: 0.3301, loss_kps: 0.0000, loss: 0.6630
2026-09-24 00:31:00,092 - mmdet - INFO - Epoch [28][6300/6976]	lr: 1.000e-05, eta: 0:42:50, time: 0.174, data_time: 0.009, memory: 13424, loss_cls: 0.3405, loss_bbox: 0.3477, loss_kps: 0.0000, loss: 0.6881
2026-09-24 00:31:08,858 - mmdet - INFO - Epoch [28][6350/6976]	lr: 1.000e-05, eta: 0:42:41, time: 0.175, data_time: 0.010, memory: 13424, loss_cls: 0.3788, loss_bbox: 0.3541, loss_kps: 0.0000, loss: 0.7329
2026-09-24 00:31:17,615 - mmdet - INFO - Epoch [28][6400/6976]	lr: 1.000e-05, eta: 0:42:32, time: 0.175, data_time: 0.010, memory: 13424, loss_cls: 0.3631, loss_bbox: 0.3403, loss_kps: 0.0000, loss: 0.7034
2026-09-24 00:31:26,248 - mmdet - INFO - Epoch [28][6450/6976]	lr: 1.000e-05, eta: 0:42:23, time: 0.173, data_time: 0.009, memory: 13424, loss_cls: 0.3433, loss_bbox: 0.3380, loss_kps: 0.0000, loss: 0.6813
2026-09-24 00:31:35,392 - mmdet - INFO - Epoch [28][6500/6976]	lr: 1.000e-05, eta: 0:42:15, time: 0.183, data_time: 0.009, memory: 13424, loss_cls: 0.3366, loss_bbox: 0.3354, loss_kps: 0.0000, loss: 0.6720
2026-09-24 00:31:44,124 - mmdet - INFO - Epoch [28][6550/6976]	lr: 1.000e-05, eta: 0:42:06, time: 0.175, data_time: 0.009, memory: 13424, loss_cls: 0.3476, loss_bbox: 0.3430, loss_kps: 0.0000, loss: 0.6906
2026-09-24 00:31:52,829 - mmdet - INFO - Epoch [28][6600/6976]	lr: 1.000e-05, eta: 0:41:57, time: 0.174, data_time: 0.009, memory: 13424, loss_cls: 0.3518, loss_bbox: 0.3472, loss_kps: 0.0000, loss: 0.6990
2026-09-24 00:32:01,519 - mmdet - INFO - Epoch [28][6650/6976]	lr: 1.000e-05, eta: 0:41:48, time: 0.174, data_time: 0.009, memory: 13424, loss_cls: 0.3605, loss_bbox: 0.3555, loss_kps: 0.0000, loss: 0.7160
2026-09-24 00:32:10,172 - mmdet - INFO - Epoch [28][6700/6976]	lr: 1.000e-05, eta: 0:41:39, time: 0.173, data_time: 0.009, memory: 13424, loss_cls: 0.3606, loss_bbox: 0.3504, loss_kps: 0.0000, loss: 0.7109
2026-09-24 00:32:18,898 - mmdet - INFO - Epoch [28][6750/6976]	lr: 1.000e-05, eta: 0:41:31, time: 0.174, data_time: 0.010, memory: 13424, loss_cls: 0.3590, loss_bbox: 0.3491, loss_kps: 0.0000, loss: 0.7081
2026-09-24 00:32:27,620 - mmdet - INFO - Epoch [28][6800/6976]	lr: 1.000e-05, eta: 0:41:22, time: 0.175, data_time: 0.010, memory: 13424, loss_cls: 0.3630, loss_bbox: 0.3515, loss_kps: 0.0000, loss: 0.7145
2026-09-24 00:32:36,324 - mmdet - INFO - Epoch [28][6850/6976]	lr: 1.000e-05, eta: 0:41:13, time: 0.174, data_time: 0.009, memory: 13424, loss_cls: 0.3425, loss_bbox: 0.3454, loss_kps: 0.0000, loss: 0.6880
2026-09-24 00:32:45,015 - mmdet - INFO - Epoch [28][6900/6976]	lr: 1.000e-05, eta: 0:41:04, time: 0.174, data_time: 0.009, memory: 13424, loss_cls: 0.3509, loss_bbox: 0.3367, loss_kps: 0.0000, loss: 0.6876
2026-09-24 00:32:54,020 - mmdet - INFO - Epoch [28][6950/6976]	lr: 1.000e-05, eta: 0:40:56, time: 0.180, data_time: 0.009, memory: 13424, loss_cls: 0.3440, loss_bbox: 0.3518, loss_kps: 0.0000, loss: 0.6959
2026-09-24 00:32:58,644 - mmdet - INFO - Saving checkpoint at 28 epochs
2026-09-24 00:33:12,683 - mmdet - INFO - Epoch [29][50/6976]	lr: 1.000e-05, eta: 0:40:42, time: 0.276, data_time: 0.102, memory: 13424, loss_cls: 0.3773, loss_bbox: 0.3622, loss_kps: 0.0000, loss: 0.7395
2026-09-24 00:33:21,516 - mmdet - INFO - Epoch [29][100/6976]	lr: 1.000e-05, eta: 0:40:33, time: 0.177, data_time: 0.009, memory: 13424, loss_cls: 0.3622, loss_bbox: 0.3429, loss_kps: 0.0000, loss: 0.7051
2026-09-24 00:33:30,235 - mmdet - INFO - Epoch [29][150/6976]	lr: 1.000e-05, eta: 0:40:25, time: 0.174, data_time: 0.009, memory: 13424, loss_cls: 0.3428, loss_bbox: 0.3488, loss_kps: 0.0000, loss: 0.6917
2026-09-24 00:33:39,359 - mmdet - INFO - Epoch [29][200/6976]	lr: 1.000e-05, eta: 0:40:16, time: 0.182, data_time: 0.009, memory: 13424, loss_cls: 0.3606, loss_bbox: 0.3403, loss_kps: 0.0000, loss: 0.7009
2026-09-24 00:33:48,501 - mmdet - INFO - Epoch [29][250/6976]	lr: 1.000e-05, eta: 0:40:07, time: 0.183, data_time: 0.009, memory: 13424, loss_cls: 0.3613, loss_bbox: 0.3489, loss_kps: 0.0000, loss: 0.7102
2026-09-24 00:33:57,263 - mmdet - INFO - Epoch [29][300/6976]	lr: 1.000e-05, eta: 0:39:58, time: 0.175, data_time: 0.009, memory: 13424, loss_cls: 0.3469, loss_bbox: 0.3314, loss_kps: 0.0000, loss: 0.6783
2026-09-24 00:34:06,088 - mmdet - INFO - Epoch [29][350/6976]	lr: 1.000e-05, eta: 0:39:50, time: 0.177, data_time: 0.009, memory: 13424, loss_cls: 0.3575, loss_bbox: 0.3528, loss_kps: 0.0000, loss: 0.7104
2026-09-24 00:34:14,829 - mmdet - INFO - Epoch [29][400/6976]	lr: 1.000e-05, eta: 0:39:41, time: 0.175, data_time: 0.009, memory: 13424, loss_cls: 0.3604, loss_bbox: 0.3420, loss_kps: 0.0000, loss: 0.7024
2026-09-24 00:34:23,654 - mmdet - INFO - Epoch [29][450/6976]	lr: 1.000e-05, eta: 0:39:32, time: 0.176, data_time: 0.009, memory: 13424, loss_cls: 0.3718, loss_bbox: 0.3593, loss_kps: 0.0000, loss: 0.7312
2026-09-24 00:34:32,376 - mmdet - INFO - Epoch [29][500/6976]	lr: 1.000e-05, eta: 0:39:23, time: 0.174, data_time: 0.010, memory: 13424, loss_cls: 0.3664, loss_bbox: 0.3614, loss_kps: 0.0000, loss: 0.7278
2026-09-24 00:34:41,136 - mmdet - INFO - Epoch [29][550/6976]	lr: 1.000e-05, eta: 0:39:14, time: 0.175, data_time: 0.009, memory: 13424, loss_cls: 0.3343, loss_bbox: 0.3382, loss_kps: 0.0000, loss: 0.6725
2026-09-24 00:34:49,884 - mmdet - INFO - Epoch [29][600/6976]	lr: 1.000e-05, eta: 0:39:06, time: 0.175, data_time: 0.009, memory: 13424, loss_cls: 0.3655, loss_bbox: 0.3519, loss_kps: 0.0000, loss: 0.7174
2026-09-24 00:34:58,623 - mmdet - INFO - Epoch [29][650/6976]	lr: 1.000e-05, eta: 0:38:57, time: 0.175, data_time: 0.009, memory: 13424, loss_cls: 0.3708, loss_bbox: 0.3646, loss_kps: 0.0000, loss: 0.7354
2026-09-24 00:35:07,386 - mmdet - INFO - Epoch [29][700/6976]	lr: 1.000e-05, eta: 0:38:48, time: 0.175, data_time: 0.010, memory: 13424, loss_cls: 0.3674, loss_bbox: 0.3564, loss_kps: 0.0000, loss: 0.7238
2026-09-24 00:35:16,133 - mmdet - INFO - Epoch [29][750/6976]	lr: 1.000e-05, eta: 0:38:39, time: 0.175, data_time: 0.009, memory: 13424, loss_cls: 0.3735, loss_bbox: 0.3656, loss_kps: 0.0000, loss: 0.7391
2026-09-24 00:35:24,839 - mmdet - INFO - Epoch [29][800/6976]	lr: 1.000e-05, eta: 0:38:30, time: 0.174, data_time: 0.010, memory: 13424, loss_cls: 0.3556, loss_bbox: 0.3379, loss_kps: 0.0000, loss: 0.6935
2026-09-24 00:35:33,558 - mmdet - INFO - Epoch [29][850/6976]	lr: 1.000e-05, eta: 0:38:22, time: 0.174, data_time: 0.009, memory: 13424, loss_cls: 0.3757, loss_bbox: 0.3631, loss_kps: 0.0000, loss: 0.7388
2026-09-24 00:35:42,269 - mmdet - INFO - Epoch [29][900/6976]	lr: 1.000e-05, eta: 0:38:13, time: 0.174, data_time: 0.010, memory: 13424, loss_cls: 0.3682, loss_bbox: 0.3587, loss_kps: 0.0000, loss: 0.7269
2026-09-24 00:35:51,036 - mmdet - INFO - Epoch [29][950/6976]	lr: 1.000e-05, eta: 0:38:04, time: 0.175, data_time: 0.009, memory: 13424, loss_cls: 0.3592, loss_bbox: 0.3480, loss_kps: 0.0000, loss: 0.7072
2026-09-24 00:35:59,764 - mmdet - INFO - Epoch [29][1000/6976]	lr: 1.000e-05, eta: 0:37:55, time: 0.175, data_time: 0.010, memory: 13424, loss_cls: 0.3514, loss_bbox: 0.3392, loss_kps: 0.0000, loss: 0.6906
2026-09-24 00:36:08,672 - mmdet - INFO - Epoch [29][1050/6976]	lr: 1.000e-05, eta: 0:37:47, time: 0.178, data_time: 0.010, memory: 13424, loss_cls: 0.3660, loss_bbox: 0.3473, loss_kps: 0.0000, loss: 0.7133
2026-09-24 00:36:17,440 - mmdet - INFO - Epoch [29][1100/6976]	lr: 1.000e-05, eta: 0:37:38, time: 0.175, data_time: 0.009, memory: 13424, loss_cls: 0.3578, loss_bbox: 0.3470, loss_kps: 0.0000, loss: 0.7048
2026-09-24 00:36:26,226 - mmdet - INFO - Epoch [29][1150/6976]	lr: 1.000e-05, eta: 0:37:29, time: 0.176, data_time: 0.009, memory: 13424, loss_cls: 0.3640, loss_bbox: 0.3496, loss_kps: 0.0000, loss: 0.7136
2026-09-24 00:36:35,059 - mmdet - INFO - Epoch [29][1200/6976]	lr: 1.000e-05, eta: 0:37:20, time: 0.177, data_time: 0.010, memory: 13424, loss_cls: 0.3572, loss_bbox: 0.3483, loss_kps: 0.0000, loss: 0.7055
2026-09-24 00:36:43,845 - mmdet - INFO - Epoch [29][1250/6976]	lr: 1.000e-05, eta: 0:37:11, time: 0.176, data_time: 0.010, memory: 13424, loss_cls: 0.3490, loss_bbox: 0.3545, loss_kps: 0.0000, loss: 0.7035
2026-09-24 00:36:52,635 - mmdet - INFO - Epoch [29][1300/6976]	lr: 1.000e-05, eta: 0:37:03, time: 0.176, data_time: 0.010, memory: 13424, loss_cls: 0.3426, loss_bbox: 0.3395, loss_kps: 0.0000, loss: 0.6821
2026-09-24 00:37:01,355 - mmdet - INFO - Epoch [29][1350/6976]	lr: 1.000e-05, eta: 0:36:54, time: 0.174, data_time: 0.010, memory: 13424, loss_cls: 0.3732, loss_bbox: 0.3426, loss_kps: 0.0000, loss: 0.7158
2026-09-24 00:37:10,139 - mmdet - INFO - Epoch [29][1400/6976]	lr: 1.000e-05, eta: 0:36:45, time: 0.176, data_time: 0.010, memory: 13424, loss_cls: 0.3393, loss_bbox: 0.3336, loss_kps: 0.0000, loss: 0.6729
2026-09-24 00:37:18,923 - mmdet - INFO - Epoch [29][1450/6976]	lr: 1.000e-05, eta: 0:36:36, time: 0.176, data_time: 0.009, memory: 13424, loss_cls: 0.3626, loss_bbox: 0.3450, loss_kps: 0.0000, loss: 0.7076
2026-09-24 00:37:27,660 - mmdet - INFO - Epoch [29][1500/6976]	lr: 1.000e-05, eta: 0:36:27, time: 0.175, data_time: 0.010, memory: 13424, loss_cls: 0.3514, loss_bbox: 0.3374, loss_kps: 0.0000, loss: 0.6888
2026-09-24 00:37:36,357 - mmdet - INFO - Epoch [29][1550/6976]	lr: 1.000e-05, eta: 0:36:19, time: 0.174, data_time: 0.010, memory: 13424, loss_cls: 0.3560, loss_bbox: 0.3442, loss_kps: 0.0000, loss: 0.7001
2026-09-24 00:37:45,045 - mmdet - INFO - Epoch [29][1600/6976]	lr: 1.000e-05, eta: 0:36:10, time: 0.174, data_time: 0.010, memory: 13424, loss_cls: 0.3624, loss_bbox: 0.3459, loss_kps: 0.0000, loss: 0.7083
2026-09-24 00:37:53,841 - mmdet - INFO - Epoch [29][1650/6976]	lr: 1.000e-05, eta: 0:36:01, time: 0.176, data_time: 0.009, memory: 13424, loss_cls: 0.3526, loss_bbox: 0.3554, loss_kps: 0.0000, loss: 0.7079
2026-09-24 00:38:02,578 - mmdet - INFO - Epoch [29][1700/6976]	lr: 1.000e-05, eta: 0:35:52, time: 0.175, data_time: 0.010, memory: 13424, loss_cls: 0.3457, loss_bbox: 0.3395, loss_kps: 0.0000, loss: 0.6851
2026-09-24 00:38:11,295 - mmdet - INFO - Epoch [29][1750/6976]	lr: 1.000e-05, eta: 0:35:43, time: 0.174, data_time: 0.010, memory: 13424, loss_cls: 0.3391, loss_bbox: 0.3414, loss_kps: 0.0000, loss: 0.6805
2026-09-24 00:38:20,042 - mmdet - INFO - Epoch [29][1800/6976]	lr: 1.000e-05, eta: 0:35:35, time: 0.175, data_time: 0.010, memory: 13424, loss_cls: 0.3746, loss_bbox: 0.3524, loss_kps: 0.0000, loss: 0.7270
2026-09-24 00:38:28,751 - mmdet - INFO - Epoch [29][1850/6976]	lr: 1.000e-05, eta: 0:35:26, time: 0.174, data_time: 0.010, memory: 13424, loss_cls: 0.3574, loss_bbox: 0.3559, loss_kps: 0.0000, loss: 0.7133
2026-09-24 00:38:37,486 - mmdet - INFO - Epoch [29][1900/6976]	lr: 1.000e-05, eta: 0:35:17, time: 0.175, data_time: 0.010, memory: 13424, loss_cls: 0.3506, loss_bbox: 0.3411, loss_kps: 0.0000, loss: 0.6917
2026-09-24 00:38:46,262 - mmdet - INFO - Epoch [29][1950/6976]	lr: 1.000e-05, eta: 0:35:08, time: 0.175, data_time: 0.010, memory: 13424, loss_cls: 0.3632, loss_bbox: 0.3434, loss_kps: 0.0000, loss: 0.7065
2026-09-24 00:38:55,066 - mmdet - INFO - Epoch [29][2000/6976]	lr: 1.000e-05, eta: 0:35:00, time: 0.176, data_time: 0.010, memory: 13424, loss_cls: 0.3693, loss_bbox: 0.3511, loss_kps: 0.0000, loss: 0.7204
2026-09-24 00:39:03,789 - mmdet - INFO - Epoch [29][2050/6976]	lr: 1.000e-05, eta: 0:34:51, time: 0.174, data_time: 0.010, memory: 13424, loss_cls: 0.3584, loss_bbox: 0.3411, loss_kps: 0.0000, loss: 0.6995
2026-09-24 00:39:12,493 - mmdet - INFO - Epoch [29][2100/6976]	lr: 1.000e-05, eta: 0:34:42, time: 0.174, data_time: 0.010, memory: 13424, loss_cls: 0.3513, loss_bbox: 0.3490, loss_kps: 0.0000, loss: 0.7003
2026-09-24 00:39:21,167 - mmdet - INFO - Epoch [29][2150/6976]	lr: 1.000e-05, eta: 0:34:33, time: 0.174, data_time: 0.010, memory: 13424, loss_cls: 0.3559, loss_bbox: 0.3534, loss_kps: 0.0000, loss: 0.7093
2026-09-24 00:39:29,942 - mmdet - INFO - Epoch [29][2200/6976]	lr: 1.000e-05, eta: 0:34:24, time: 0.175, data_time: 0.010, memory: 13424, loss_cls: 0.3841, loss_bbox: 0.3590, loss_kps: 0.0000, loss: 0.7431
2026-09-24 00:39:38,773 - mmdet - INFO - Epoch [29][2250/6976]	lr: 1.000e-05, eta: 0:34:16, time: 0.177, data_time: 0.010, memory: 13424, loss_cls: 0.3577, loss_bbox: 0.3480, loss_kps: 0.0000, loss: 0.7057
2026-09-24 00:39:47,477 - mmdet - INFO - Epoch [29][2300/6976]	lr: 1.000e-05, eta: 0:34:07, time: 0.174, data_time: 0.010, memory: 13424, loss_cls: 0.3291, loss_bbox: 0.3376, loss_kps: 0.0000, loss: 0.6667
2026-09-24 00:39:56,235 - mmdet - INFO - Epoch [29][2350/6976]	lr: 1.000e-05, eta: 0:33:58, time: 0.175, data_time: 0.010, memory: 13424, loss_cls: 0.3824, loss_bbox: 0.3607, loss_kps: 0.0000, loss: 0.7431
2026-09-24 00:40:04,950 - mmdet - INFO - Epoch [29][2400/6976]	lr: 1.000e-05, eta: 0:33:49, time: 0.174, data_time: 0.010, memory: 13424, loss_cls: 0.3637, loss_bbox: 0.3544, loss_kps: 0.0000, loss: 0.7180
2026-09-24 00:40:13,768 - mmdet - INFO - Epoch [29][2450/6976]	lr: 1.000e-05, eta: 0:33:40, time: 0.176, data_time: 0.009, memory: 13424, loss_cls: 0.3635, loss_bbox: 0.3589, loss_kps: 0.0000, loss: 0.7224
2026-09-24 00:40:22,551 - mmdet - INFO - Epoch [29][2500/6976]	lr: 1.000e-05, eta: 0:33:32, time: 0.176, data_time: 0.010, memory: 13424, loss_cls: 0.3540, loss_bbox: 0.3342, loss_kps: 0.0000, loss: 0.6882
2026-09-24 00:40:31,323 - mmdet - INFO - Epoch [29][2550/6976]	lr: 1.000e-05, eta: 0:33:23, time: 0.175, data_time: 0.010, memory: 13424, loss_cls: 0.3600, loss_bbox: 0.3360, loss_kps: 0.0000, loss: 0.6959
2026-09-24 00:40:40,012 - mmdet - INFO - Epoch [29][2600/6976]	lr: 1.000e-05, eta: 0:33:14, time: 0.174, data_time: 0.010, memory: 13424, loss_cls: 0.3707, loss_bbox: 0.3537, loss_kps: 0.0000, loss: 0.7243
2026-09-24 00:40:48,765 - mmdet - INFO - Epoch [29][2650/6976]	lr: 1.000e-05, eta: 0:33:05, time: 0.175, data_time: 0.010, memory: 13424, loss_cls: 0.3534, loss_bbox: 0.3391, loss_kps: 0.0000, loss: 0.6925
2026-09-24 00:40:57,545 - mmdet - INFO - Epoch [29][2700/6976]	lr: 1.000e-05, eta: 0:32:57, time: 0.176, data_time: 0.010, memory: 13424, loss_cls: 0.3502, loss_bbox: 0.3551, loss_kps: 0.0000, loss: 0.7053
2026-09-24 00:41:06,288 - mmdet - INFO - Epoch [29][2750/6976]	lr: 1.000e-05, eta: 0:32:48, time: 0.175, data_time: 0.010, memory: 13424, loss_cls: 0.3713, loss_bbox: 0.3663, loss_kps: 0.0000, loss: 0.7376
2026-09-24 00:41:15,091 - mmdet - INFO - Epoch [29][2800/6976]	lr: 1.000e-05, eta: 0:32:39, time: 0.176, data_time: 0.010, memory: 13424, loss_cls: 0.3701, loss_bbox: 0.3400, loss_kps: 0.0000, loss: 0.7101
2026-09-24 00:41:23,867 - mmdet - INFO - Epoch [29][2850/6976]	lr: 1.000e-05, eta: 0:32:30, time: 0.175, data_time: 0.010, memory: 13424, loss_cls: 0.3487, loss_bbox: 0.3451, loss_kps: 0.0000, loss: 0.6938
2026-09-24 00:41:32,588 - mmdet - INFO - Epoch [29][2900/6976]	lr: 1.000e-05, eta: 0:32:21, time: 0.174, data_time: 0.010, memory: 13424, loss_cls: 0.3584, loss_bbox: 0.3385, loss_kps: 0.0000, loss: 0.6969
2026-09-24 00:41:41,387 - mmdet - INFO - Epoch [29][2950/6976]	lr: 1.000e-05, eta: 0:32:13, time: 0.176, data_time: 0.010, memory: 13424, loss_cls: 0.3611, loss_bbox: 0.3590, loss_kps: 0.0000, loss: 0.7202
2026-09-24 00:41:50,122 - mmdet - INFO - Epoch [29][3000/6976]	lr: 1.000e-05, eta: 0:32:04, time: 0.175, data_time: 0.010, memory: 13424, loss_cls: 0.3731, loss_bbox: 0.3558, loss_kps: 0.0000, loss: 0.7289
2026-09-24 00:41:59,326 - mmdet - INFO - Epoch [29][3050/6976]	lr: 1.000e-05, eta: 0:31:55, time: 0.184, data_time: 0.010, memory: 13424, loss_cls: 0.3559, loss_bbox: 0.3493, loss_kps: 0.0000, loss: 0.7052
2026-09-24 00:42:08,030 - mmdet - INFO - Epoch [29][3100/6976]	lr: 1.000e-05, eta: 0:31:46, time: 0.174, data_time: 0.010, memory: 13424, loss_cls: 0.3603, loss_bbox: 0.3474, loss_kps: 0.0000, loss: 0.7077
2026-09-24 00:42:17,155 - mmdet - INFO - Epoch [29][3150/6976]	lr: 1.000e-05, eta: 0:31:37, time: 0.182, data_time: 0.010, memory: 13424, loss_cls: 0.3643, loss_bbox: 0.3493, loss_kps: 0.0000, loss: 0.7136
2026-09-24 00:42:25,891 - mmdet - INFO - Epoch [29][3200/6976]	lr: 1.000e-05, eta: 0:31:29, time: 0.175, data_time: 0.010, memory: 13424, loss_cls: 0.3827, loss_bbox: 0.3660, loss_kps: 0.0000, loss: 0.7487
2026-09-24 00:42:34,668 - mmdet - INFO - Epoch [29][3250/6976]	lr: 1.000e-05, eta: 0:31:20, time: 0.176, data_time: 0.011, memory: 13424, loss_cls: 0.3384, loss_bbox: 0.3349, loss_kps: 0.0000, loss: 0.6733
2026-09-24 00:42:43,396 - mmdet - INFO - Epoch [29][3300/6976]	lr: 1.000e-05, eta: 0:31:11, time: 0.175, data_time: 0.010, memory: 13424, loss_cls: 0.3519, loss_bbox: 0.3321, loss_kps: 0.0000, loss: 0.6840
2026-09-24 00:42:52,085 - mmdet - INFO - Epoch [29][3350/6976]	lr: 1.000e-05, eta: 0:31:02, time: 0.173, data_time: 0.010, memory: 13424, loss_cls: 0.3721, loss_bbox: 0.3519, loss_kps: 0.0000, loss: 0.7240
2026-09-24 00:43:00,818 - mmdet - INFO - Epoch [29][3400/6976]	lr: 1.000e-05, eta: 0:30:54, time: 0.175, data_time: 0.010, memory: 13424, loss_cls: 0.3629, loss_bbox: 0.3470, loss_kps: 0.0000, loss: 0.7099
2026-09-24 00:43:09,835 - mmdet - INFO - Epoch [29][3450/6976]	lr: 1.000e-05, eta: 0:30:45, time: 0.180, data_time: 0.010, memory: 13424, loss_cls: 0.3524, loss_bbox: 0.3531, loss_kps: 0.0000, loss: 0.7055
2026-09-24 00:43:18,660 - mmdet - INFO - Epoch [29][3500/6976]	lr: 1.000e-05, eta: 0:30:36, time: 0.177, data_time: 0.010, memory: 13424, loss_cls: 0.3628, loss_bbox: 0.3346, loss_kps: 0.0000, loss: 0.6974
2026-09-24 00:43:27,416 - mmdet - INFO - Epoch [29][3550/6976]	lr: 1.000e-05, eta: 0:30:27, time: 0.175, data_time: 0.010, memory: 13424, loss_cls: 0.3613, loss_bbox: 0.3560, loss_kps: 0.0000, loss: 0.7172
2026-09-24 00:43:36,434 - mmdet - INFO - Epoch [29][3600/6976]	lr: 1.000e-05, eta: 0:30:18, time: 0.180, data_time: 0.010, memory: 13424, loss_cls: 0.3722, loss_bbox: 0.3512, loss_kps: 0.0000, loss: 0.7234
2026-09-24 00:43:45,243 - mmdet - INFO - Epoch [29][3650/6976]	lr: 1.000e-05, eta: 0:30:10, time: 0.176, data_time: 0.010, memory: 13424, loss_cls: 0.3573, loss_bbox: 0.3464, loss_kps: 0.0000, loss: 0.7037
2026-09-24 00:43:54,069 - mmdet - INFO - Epoch [29][3700/6976]	lr: 1.000e-05, eta: 0:30:01, time: 0.176, data_time: 0.010, memory: 13424, loss_cls: 0.3449, loss_bbox: 0.3414, loss_kps: 0.0000, loss: 0.6864
2026-09-24 00:44:02,816 - mmdet - INFO - Epoch [29][3750/6976]	lr: 1.000e-05, eta: 0:29:52, time: 0.175, data_time: 0.010, memory: 13424, loss_cls: 0.3654, loss_bbox: 0.3445, loss_kps: 0.0000, loss: 0.7099
2026-09-24 00:44:11,491 - mmdet - INFO - Epoch [29][3800/6976]	lr: 1.000e-05, eta: 0:29:43, time: 0.173, data_time: 0.010, memory: 13424, loss_cls: 0.3698, loss_bbox: 0.3509, loss_kps: 0.0000, loss: 0.7207
2026-09-24 00:44:20,278 - mmdet - INFO - Epoch [29][3850/6976]	lr: 1.000e-05, eta: 0:29:34, time: 0.175, data_time: 0.010, memory: 13424, loss_cls: 0.3276, loss_bbox: 0.3428, loss_kps: 0.0000, loss: 0.6705
2026-09-24 00:44:29,008 - mmdet - INFO - Epoch [29][3900/6976]	lr: 1.000e-05, eta: 0:29:26, time: 0.175, data_time: 0.010, memory: 13424, loss_cls: 0.3418, loss_bbox: 0.3340, loss_kps: 0.0000, loss: 0.6758
2026-09-24 00:44:37,740 - mmdet - INFO - Epoch [29][3950/6976]	lr: 1.000e-05, eta: 0:29:17, time: 0.175, data_time: 0.010, memory: 13424, loss_cls: 0.3546, loss_bbox: 0.3424, loss_kps: 0.0000, loss: 0.6970
2026-09-24 00:44:46,431 - mmdet - INFO - Epoch [29][4000/6976]	lr: 1.000e-05, eta: 0:29:08, time: 0.174, data_time: 0.010, memory: 13424, loss_cls: 0.3501, loss_bbox: 0.3369, loss_kps: 0.0000, loss: 0.6870
2026-09-24 00:44:55,200 - mmdet - INFO - Epoch [29][4050/6976]	lr: 1.000e-05, eta: 0:28:59, time: 0.175, data_time: 0.010, memory: 13424, loss_cls: 0.3475, loss_bbox: 0.3445, loss_kps: 0.0000, loss: 0.6920
2026-09-24 00:45:03,910 - mmdet - INFO - Epoch [29][4100/6976]	lr: 1.000e-05, eta: 0:28:51, time: 0.174, data_time: 0.010, memory: 13424, loss_cls: 0.3468, loss_bbox: 0.3432, loss_kps: 0.0000, loss: 0.6900
2026-09-24 00:45:12,768 - mmdet - INFO - Epoch [29][4150/6976]	lr: 1.000e-05, eta: 0:28:42, time: 0.177, data_time: 0.010, memory: 13424, loss_cls: 0.3636, loss_bbox: 0.3513, loss_kps: 0.0000, loss: 0.7150
2026-09-24 00:45:21,557 - mmdet - INFO - Epoch [29][4200/6976]	lr: 1.000e-05, eta: 0:28:33, time: 0.176, data_time: 0.010, memory: 13424, loss_cls: 0.3473, loss_bbox: 0.3392, loss_kps: 0.0000, loss: 0.6864
2026-09-24 00:45:30,270 - mmdet - INFO - Epoch [29][4250/6976]	lr: 1.000e-05, eta: 0:28:24, time: 0.174, data_time: 0.010, memory: 13424, loss_cls: 0.3519, loss_bbox: 0.3395, loss_kps: 0.0000, loss: 0.6914
2026-09-24 00:45:38,983 - mmdet - INFO - Epoch [29][4300/6976]	lr: 1.000e-05, eta: 0:28:15, time: 0.174, data_time: 0.010, memory: 13424, loss_cls: 0.3912, loss_bbox: 0.3570, loss_kps: 0.0000, loss: 0.7483
2026-09-24 00:45:47,758 - mmdet - INFO - Epoch [29][4350/6976]	lr: 1.000e-05, eta: 0:28:07, time: 0.175, data_time: 0.010, memory: 13424, loss_cls: 0.3452, loss_bbox: 0.3467, loss_kps: 0.0000, loss: 0.6919
2026-09-24 00:45:56,443 - mmdet - INFO - Epoch [29][4400/6976]	lr: 1.000e-05, eta: 0:27:58, time: 0.174, data_time: 0.010, memory: 13424, loss_cls: 0.3410, loss_bbox: 0.3406, loss_kps: 0.0000, loss: 0.6817
2026-09-24 00:46:05,143 - mmdet - INFO - Epoch [29][4450/6976]	lr: 1.000e-05, eta: 0:27:49, time: 0.174, data_time: 0.010, memory: 13424, loss_cls: 0.3704, loss_bbox: 0.3456, loss_kps: 0.0000, loss: 0.7160
2026-09-24 00:46:13,868 - mmdet - INFO - Epoch [29][4500/6976]	lr: 1.000e-05, eta: 0:27:40, time: 0.175, data_time: 0.010, memory: 13424, loss_cls: 0.3603, loss_bbox: 0.3552, loss_kps: 0.0000, loss: 0.7155
2026-09-24 00:46:22,568 - mmdet - INFO - Epoch [29][4550/6976]	lr: 1.000e-05, eta: 0:27:31, time: 0.174, data_time: 0.010, memory: 13424, loss_cls: 0.3672, loss_bbox: 0.3462, loss_kps: 0.0000, loss: 0.7134
2026-09-24 00:46:31,424 - mmdet - INFO - Epoch [29][4600/6976]	lr: 1.000e-05, eta: 0:27:23, time: 0.177, data_time: 0.010, memory: 13424, loss_cls: 0.3520, loss_bbox: 0.3532, loss_kps: 0.0000, loss: 0.7052
2026-09-24 00:46:40,245 - mmdet - INFO - Epoch [29][4650/6976]	lr: 1.000e-05, eta: 0:27:14, time: 0.177, data_time: 0.010, memory: 13424, loss_cls: 0.3529, loss_bbox: 0.3335, loss_kps: 0.0000, loss: 0.6864
2026-09-24 00:46:48,970 - mmdet - INFO - Epoch [29][4700/6976]	lr: 1.000e-05, eta: 0:27:05, time: 0.174, data_time: 0.010, memory: 13424, loss_cls: 0.3562, loss_bbox: 0.3439, loss_kps: 0.0000, loss: 0.7000
2026-09-24 00:46:57,760 - mmdet - INFO - Epoch [29][4750/6976]	lr: 1.000e-05, eta: 0:26:56, time: 0.176, data_time: 0.010, memory: 13424, loss_cls: 0.3567, loss_bbox: 0.3550, loss_kps: 0.0000, loss: 0.7117
2026-09-24 00:47:06,481 - mmdet - INFO - Epoch [29][4800/6976]	lr: 1.000e-05, eta: 0:26:48, time: 0.175, data_time: 0.010, memory: 13424, loss_cls: 0.3713, loss_bbox: 0.3710, loss_kps: 0.0000, loss: 0.7423
2026-09-24 00:47:15,251 - mmdet - INFO - Epoch [29][4850/6976]	lr: 1.000e-05, eta: 0:26:39, time: 0.175, data_time: 0.010, memory: 13424, loss_cls: 0.3623, loss_bbox: 0.3553, loss_kps: 0.0000, loss: 0.7176
2026-09-24 00:47:23,964 - mmdet - INFO - Epoch [29][4900/6976]	lr: 1.000e-05, eta: 0:26:30, time: 0.174, data_time: 0.010, memory: 13424, loss_cls: 0.3564, loss_bbox: 0.3498, loss_kps: 0.0000, loss: 0.7062
2026-09-24 00:47:32,716 - mmdet - INFO - Epoch [29][4950/6976]	lr: 1.000e-05, eta: 0:26:21, time: 0.175, data_time: 0.010, memory: 13424, loss_cls: 0.3565, loss_bbox: 0.3425, loss_kps: 0.0000, loss: 0.6990
2026-09-24 00:47:41,474 - mmdet - INFO - Epoch [29][5000/6976]	lr: 1.000e-05, eta: 0:26:12, time: 0.175, data_time: 0.010, memory: 13424, loss_cls: 0.3684, loss_bbox: 0.3481, loss_kps: 0.0000, loss: 0.7165
2026-09-24 00:47:50,201 - mmdet - INFO - Epoch [29][5050/6976]	lr: 1.000e-05, eta: 0:26:04, time: 0.175, data_time: 0.010, memory: 13424, loss_cls: 0.3669, loss_bbox: 0.3497, loss_kps: 0.0000, loss: 0.7165
2026-09-24 00:47:59,041 - mmdet - INFO - Epoch [29][5100/6976]	lr: 1.000e-05, eta: 0:25:55, time: 0.177, data_time: 0.010, memory: 13424, loss_cls: 0.3505, loss_bbox: 0.3331, loss_kps: 0.0000, loss: 0.6836
2026-09-24 00:48:07,775 - mmdet - INFO - Epoch [29][5150/6976]	lr: 1.000e-05, eta: 0:25:46, time: 0.175, data_time: 0.010, memory: 13424, loss_cls: 0.3465, loss_bbox: 0.3485, loss_kps: 0.0000, loss: 0.6951
2026-09-24 00:48:16,551 - mmdet - INFO - Epoch [29][5200/6976]	lr: 1.000e-05, eta: 0:25:37, time: 0.175, data_time: 0.010, memory: 13424, loss_cls: 0.3609, loss_bbox: 0.3432, loss_kps: 0.0000, loss: 0.7041
2026-09-24 00:48:25,258 - mmdet - INFO - Epoch [29][5250/6976]	lr: 1.000e-05, eta: 0:25:28, time: 0.174, data_time: 0.010, memory: 13424, loss_cls: 0.3447, loss_bbox: 0.3383, loss_kps: 0.0000, loss: 0.6830
2026-09-24 00:48:33,965 - mmdet - INFO - Epoch [29][5300/6976]	lr: 1.000e-05, eta: 0:25:20, time: 0.174, data_time: 0.010, memory: 13424, loss_cls: 0.3526, loss_bbox: 0.3456, loss_kps: 0.0000, loss: 0.6982
2026-09-24 00:48:42,648 - mmdet - INFO - Epoch [29][5350/6976]	lr: 1.000e-05, eta: 0:25:11, time: 0.173, data_time: 0.010, memory: 13424, loss_cls: 0.3628, loss_bbox: 0.3537, loss_kps: 0.0000, loss: 0.7165
2026-09-24 00:48:51,396 - mmdet - INFO - Epoch [29][5400/6976]	lr: 1.000e-05, eta: 0:25:02, time: 0.175, data_time: 0.010, memory: 13424, loss_cls: 0.3617, loss_bbox: 0.3531, loss_kps: 0.0000, loss: 0.7148
2026-09-24 00:49:00,207 - mmdet - INFO - Epoch [29][5450/6976]	lr: 1.000e-05, eta: 0:24:53, time: 0.176, data_time: 0.010, memory: 13424, loss_cls: 0.3637, loss_bbox: 0.3601, loss_kps: 0.0000, loss: 0.7238
2026-09-24 00:49:08,995 - mmdet - INFO - Epoch [29][5500/6976]	lr: 1.000e-05, eta: 0:24:45, time: 0.176, data_time: 0.010, memory: 13424, loss_cls: 0.3765, loss_bbox: 0.3597, loss_kps: 0.0000, loss: 0.7362
2026-09-24 00:49:17,773 - mmdet - INFO - Epoch [29][5550/6976]	lr: 1.000e-05, eta: 0:24:36, time: 0.175, data_time: 0.009, memory: 13424, loss_cls: 0.3725, loss_bbox: 0.3589, loss_kps: 0.0000, loss: 0.7314
2026-09-24 00:49:26,584 - mmdet - INFO - Epoch [29][5600/6976]	lr: 1.000e-05, eta: 0:24:27, time: 0.176, data_time: 0.009, memory: 13424, loss_cls: 0.3706, loss_bbox: 0.3569, loss_kps: 0.0000, loss: 0.7275
2026-09-24 00:49:35,450 - mmdet - INFO - Epoch [29][5650/6976]	lr: 1.000e-05, eta: 0:24:18, time: 0.177, data_time: 0.009, memory: 13424, loss_cls: 0.3788, loss_bbox: 0.3599, loss_kps: 0.0000, loss: 0.7386
2026-09-24 00:49:44,277 - mmdet - INFO - Epoch [29][5700/6976]	lr: 1.000e-05, eta: 0:24:09, time: 0.176, data_time: 0.010, memory: 13424, loss_cls: 0.3678, loss_bbox: 0.3540, loss_kps: 0.0000, loss: 0.7217
2026-09-24 00:49:52,973 - mmdet - INFO - Epoch [29][5750/6976]	lr: 1.000e-05, eta: 0:24:01, time: 0.174, data_time: 0.010, memory: 13424, loss_cls: 0.3514, loss_bbox: 0.3319, loss_kps: 0.0000, loss: 0.6834
2026-09-24 00:50:01,718 - mmdet - INFO - Epoch [29][5800/6976]	lr: 1.000e-05, eta: 0:23:52, time: 0.175, data_time: 0.010, memory: 13424, loss_cls: 0.3493, loss_bbox: 0.3501, loss_kps: 0.0000, loss: 0.6994
2026-09-24 00:50:10,946 - mmdet - INFO - Epoch [29][5850/6976]	lr: 1.000e-05, eta: 0:23:43, time: 0.185, data_time: 0.010, memory: 13424, loss_cls: 0.3550, loss_bbox: 0.3443, loss_kps: 0.0000, loss: 0.6993
2026-09-24 00:50:19,611 - mmdet - INFO - Epoch [29][5900/6976]	lr: 1.000e-05, eta: 0:23:34, time: 0.173, data_time: 0.010, memory: 13424, loss_cls: 0.3525, loss_bbox: 0.3497, loss_kps: 0.0000, loss: 0.7022
2026-09-24 00:50:28,474 - mmdet - INFO - Epoch [29][5950/6976]	lr: 1.000e-05, eta: 0:23:25, time: 0.177, data_time: 0.010, memory: 13424, loss_cls: 0.3557, loss_bbox: 0.3460, loss_kps: 0.0000, loss: 0.7017
2026-09-24 00:50:37,239 - mmdet - INFO - Epoch [29][6000/6976]	lr: 1.000e-05, eta: 0:23:17, time: 0.175, data_time: 0.010, memory: 13424, loss_cls: 0.3740, loss_bbox: 0.3423, loss_kps: 0.0000, loss: 0.7162
2026-09-24 00:50:45,985 - mmdet - INFO - Epoch [29][6050/6976]	lr: 1.000e-05, eta: 0:23:08, time: 0.175, data_time: 0.009, memory: 13424, loss_cls: 0.3341, loss_bbox: 0.3493, loss_kps: 0.0000, loss: 0.6834
2026-09-24 00:50:54,706 - mmdet - INFO - Epoch [29][6100/6976]	lr: 1.000e-05, eta: 0:22:59, time: 0.174, data_time: 0.010, memory: 13424, loss_cls: 0.3662, loss_bbox: 0.3570, loss_kps: 0.0000, loss: 0.7232
2026-09-24 00:51:03,482 - mmdet - INFO - Epoch [29][6150/6976]	lr: 1.000e-05, eta: 0:22:50, time: 0.176, data_time: 0.010, memory: 13424, loss_cls: 0.3817, loss_bbox: 0.3563, loss_kps: 0.0000, loss: 0.7381
2026-09-24 00:51:12,312 - mmdet - INFO - Epoch [29][6200/6976]	lr: 1.000e-05, eta: 0:22:42, time: 0.177, data_time: 0.010, memory: 13424, loss_cls: 0.3756, loss_bbox: 0.3595, loss_kps: 0.0000, loss: 0.7351
2026-09-24 00:51:21,031 - mmdet - INFO - Epoch [29][6250/6976]	lr: 1.000e-05, eta: 0:22:33, time: 0.174, data_time: 0.010, memory: 13424, loss_cls: 0.3407, loss_bbox: 0.3388, loss_kps: 0.0000, loss: 0.6794
2026-09-24 00:51:29,838 - mmdet - INFO - Epoch [29][6300/6976]	lr: 1.000e-05, eta: 0:22:24, time: 0.176, data_time: 0.010, memory: 13424, loss_cls: 0.3725, loss_bbox: 0.3617, loss_kps: 0.0000, loss: 0.7343
2026-09-24 00:51:38,694 - mmdet - INFO - Epoch [29][6350/6976]	lr: 1.000e-05, eta: 0:22:15, time: 0.177, data_time: 0.010, memory: 13424, loss_cls: 0.3610, loss_bbox: 0.3558, loss_kps: 0.0000, loss: 0.7168
2026-09-24 00:51:47,490 - mmdet - INFO - Epoch [29][6400/6976]	lr: 1.000e-05, eta: 0:22:06, time: 0.176, data_time: 0.010, memory: 13424, loss_cls: 0.3723, loss_bbox: 0.3664, loss_kps: 0.0000, loss: 0.7387
2026-09-24 00:51:56,257 - mmdet - INFO - Epoch [29][6450/6976]	lr: 1.000e-05, eta: 0:21:58, time: 0.175, data_time: 0.010, memory: 13424, loss_cls: 0.3535, loss_bbox: 0.3511, loss_kps: 0.0000, loss: 0.7046
2026-09-24 00:52:05,045 - mmdet - INFO - Epoch [29][6500/6976]	lr: 1.000e-05, eta: 0:21:49, time: 0.176, data_time: 0.010, memory: 13424, loss_cls: 0.3609, loss_bbox: 0.3410, loss_kps: 0.0000, loss: 0.7019
2026-09-24 00:52:13,726 - mmdet - INFO - Epoch [29][6550/6976]	lr: 1.000e-05, eta: 0:21:40, time: 0.173, data_time: 0.009, memory: 13424, loss_cls: 0.3537, loss_bbox: 0.3504, loss_kps: 0.0000, loss: 0.7041
2026-09-24 00:52:22,439 - mmdet - INFO - Epoch [29][6600/6976]	lr: 1.000e-05, eta: 0:21:31, time: 0.175, data_time: 0.010, memory: 13424, loss_cls: 0.3607, loss_bbox: 0.3360, loss_kps: 0.0000, loss: 0.6967
2026-09-24 00:52:31,169 - mmdet - INFO - Epoch [29][6650/6976]	lr: 1.000e-05, eta: 0:21:22, time: 0.175, data_time: 0.010, memory: 13424, loss_cls: 0.3567, loss_bbox: 0.3562, loss_kps: 0.0000, loss: 0.7129
2026-09-24 00:52:39,846 - mmdet - INFO - Epoch [29][6700/6976]	lr: 1.000e-05, eta: 0:21:14, time: 0.173, data_time: 0.010, memory: 13424, loss_cls: 0.3475, loss_bbox: 0.3426, loss_kps: 0.0000, loss: 0.6902
2026-09-24 00:52:48,688 - mmdet - INFO - Epoch [29][6750/6976]	lr: 1.000e-05, eta: 0:21:05, time: 0.177, data_time: 0.010, memory: 13424, loss_cls: 0.3447, loss_bbox: 0.3335, loss_kps: 0.0000, loss: 0.6782
2026-09-24 00:52:57,398 - mmdet - INFO - Epoch [29][6800/6976]	lr: 1.000e-05, eta: 0:20:56, time: 0.174, data_time: 0.010, memory: 13424, loss_cls: 0.3548, loss_bbox: 0.3568, loss_kps: 0.0000, loss: 0.7116
2026-09-24 00:53:06,106 - mmdet - INFO - Epoch [29][6850/6976]	lr: 1.000e-05, eta: 0:20:47, time: 0.174, data_time: 0.010, memory: 13424, loss_cls: 0.3528, loss_bbox: 0.3407, loss_kps: 0.0000, loss: 0.6935
2026-09-24 00:53:14,825 - mmdet - INFO - Epoch [29][6900/6976]	lr: 1.000e-05, eta: 0:20:39, time: 0.174, data_time: 0.010, memory: 13424, loss_cls: 0.3463, loss_bbox: 0.3324, loss_kps: 0.0000, loss: 0.6788
2026-09-24 00:53:23,562 - mmdet - INFO - Epoch [29][6950/6976]	lr: 1.000e-05, eta: 0:20:30, time: 0.175, data_time: 0.010, memory: 13424, loss_cls: 0.3696, loss_bbox: 0.3461, loss_kps: 0.0000, loss: 0.7157
2026-09-24 00:53:28,171 - mmdet - INFO - Saving checkpoint at 29 epochs
2026-09-24 00:53:42,361 - mmdet - INFO - Epoch [30][50/6976]	lr: 1.000e-05, eta: 0:20:16, time: 0.279, data_time: 0.110, memory: 13424, loss_cls: 0.3584, loss_bbox: 0.3532, loss_kps: 0.0000, loss: 0.7117
2026-09-24 00:53:51,277 - mmdet - INFO - Epoch [30][100/6976]	lr: 1.000e-05, eta: 0:20:08, time: 0.178, data_time: 0.008, memory: 13424, loss_cls: 0.3759, loss_bbox: 0.3494, loss_kps: 0.0000, loss: 0.7254
2026-09-24 00:54:00,151 - mmdet - INFO - Epoch [30][150/6976]	lr: 1.000e-05, eta: 0:19:59, time: 0.177, data_time: 0.009, memory: 13424, loss_cls: 0.3702, loss_bbox: 0.3353, loss_kps: 0.0000, loss: 0.7055
2026-09-24 00:54:09,213 - mmdet - INFO - Epoch [30][200/6976]	lr: 1.000e-05, eta: 0:19:50, time: 0.181, data_time: 0.009, memory: 13424, loss_cls: 0.3716, loss_bbox: 0.3651, loss_kps: 0.0000, loss: 0.7367
2026-09-24 00:54:17,875 - mmdet - INFO - Epoch [30][250/6976]	lr: 1.000e-05, eta: 0:19:41, time: 0.173, data_time: 0.010, memory: 13424, loss_cls: 0.3594, loss_bbox: 0.3497, loss_kps: 0.0000, loss: 0.7092
2026-09-24 00:54:26,563 - mmdet - INFO - Epoch [30][300/6976]	lr: 1.000e-05, eta: 0:19:33, time: 0.174, data_time: 0.009, memory: 13424, loss_cls: 0.3553, loss_bbox: 0.3391, loss_kps: 0.0000, loss: 0.6945
2026-09-24 00:54:35,777 - mmdet - INFO - Epoch [30][350/6976]	lr: 1.000e-05, eta: 0:19:24, time: 0.184, data_time: 0.009, memory: 13424, loss_cls: 0.3614, loss_bbox: 0.3381, loss_kps: 0.0000, loss: 0.6995
2026-09-24 00:54:44,588 - mmdet - INFO - Epoch [30][400/6976]	lr: 1.000e-05, eta: 0:19:15, time: 0.176, data_time: 0.009, memory: 13424, loss_cls: 0.3538, loss_bbox: 0.3456, loss_kps: 0.0000, loss: 0.6994
2026-09-24 00:54:53,358 - mmdet - INFO - Epoch [30][450/6976]	lr: 1.000e-05, eta: 0:19:06, time: 0.175, data_time: 0.009, memory: 13424, loss_cls: 0.3511, loss_bbox: 0.3479, loss_kps: 0.0000, loss: 0.6990
2026-09-24 00:55:02,076 - mmdet - INFO - Epoch [30][500/6976]	lr: 1.000e-05, eta: 0:18:57, time: 0.174, data_time: 0.009, memory: 13424, loss_cls: 0.3727, loss_bbox: 0.3518, loss_kps: 0.0000, loss: 0.7245
2026-09-24 00:55:11,220 - mmdet - INFO - Epoch [30][550/6976]	lr: 1.000e-05, eta: 0:18:49, time: 0.183, data_time: 0.009, memory: 13424, loss_cls: 0.3483, loss_bbox: 0.3315, loss_kps: 0.0000, loss: 0.6798
2026-09-24 00:55:20,048 - mmdet - INFO - Epoch [30][600/6976]	lr: 1.000e-05, eta: 0:18:40, time: 0.177, data_time: 0.009, memory: 13424, loss_cls: 0.3677, loss_bbox: 0.3492, loss_kps: 0.0000, loss: 0.7169
2026-09-24 00:55:28,747 - mmdet - INFO - Epoch [30][650/6976]	lr: 1.000e-05, eta: 0:18:31, time: 0.174, data_time: 0.009, memory: 13424, loss_cls: 0.3575, loss_bbox: 0.3530, loss_kps: 0.0000, loss: 0.7105
2026-09-24 00:55:37,521 - mmdet - INFO - Epoch [30][700/6976]	lr: 1.000e-05, eta: 0:18:22, time: 0.175, data_time: 0.009, memory: 13424, loss_cls: 0.3410, loss_bbox: 0.3216, loss_kps: 0.0000, loss: 0.6626
2026-09-24 00:55:46,271 - mmdet - INFO - Epoch [30][750/6976]	lr: 1.000e-05, eta: 0:18:13, time: 0.175, data_time: 0.010, memory: 13424, loss_cls: 0.3855, loss_bbox: 0.3607, loss_kps: 0.0000, loss: 0.7462
2026-09-24 00:55:55,060 - mmdet - INFO - Epoch [30][800/6976]	lr: 1.000e-05, eta: 0:18:05, time: 0.176, data_time: 0.010, memory: 13424, loss_cls: 0.3554, loss_bbox: 0.3447, loss_kps: 0.0000, loss: 0.7001
2026-09-24 00:56:03,879 - mmdet - INFO - Epoch [30][850/6976]	lr: 1.000e-05, eta: 0:17:56, time: 0.177, data_time: 0.009, memory: 13424, loss_cls: 0.3891, loss_bbox: 0.3616, loss_kps: 0.0000, loss: 0.7508
2026-09-24 00:56:12,957 - mmdet - INFO - Epoch [30][900/6976]	lr: 1.000e-05, eta: 0:17:47, time: 0.182, data_time: 0.010, memory: 13424, loss_cls: 0.3635, loss_bbox: 0.3579, loss_kps: 0.0000, loss: 0.7214
2026-09-24 00:56:21,693 - mmdet - INFO - Epoch [30][950/6976]	lr: 1.000e-05, eta: 0:17:38, time: 0.175, data_time: 0.009, memory: 13424, loss_cls: 0.3729, loss_bbox: 0.3542, loss_kps: 0.0000, loss: 0.7271
2026-09-24 00:56:30,447 - mmdet - INFO - Epoch [30][1000/6976]	lr: 1.000e-05, eta: 0:17:30, time: 0.175, data_time: 0.009, memory: 13424, loss_cls: 0.3663, loss_bbox: 0.3491, loss_kps: 0.0000, loss: 0.7153
2026-09-24 00:56:39,189 - mmdet - INFO - Epoch [30][1050/6976]	lr: 1.000e-05, eta: 0:17:21, time: 0.175, data_time: 0.009, memory: 13424, loss_cls: 0.3625, loss_bbox: 0.3614, loss_kps: 0.0000, loss: 0.7239
2026-09-24 00:56:47,975 - mmdet - INFO - Epoch [30][1100/6976]	lr: 1.000e-05, eta: 0:17:12, time: 0.176, data_time: 0.009, memory: 13424, loss_cls: 0.3732, loss_bbox: 0.3454, loss_kps: 0.0000, loss: 0.7186
2026-09-24 00:56:56,781 - mmdet - INFO - Epoch [30][1150/6976]	lr: 1.000e-05, eta: 0:17:03, time: 0.176, data_time: 0.009, memory: 13424, loss_cls: 0.3529, loss_bbox: 0.3468, loss_kps: 0.0000, loss: 0.6997
2026-09-24 00:57:05,488 - mmdet - INFO - Epoch [30][1200/6976]	lr: 1.000e-05, eta: 0:16:54, time: 0.174, data_time: 0.009, memory: 13424, loss_cls: 0.3624, loss_bbox: 0.3436, loss_kps: 0.0000, loss: 0.7061
2026-09-24 00:57:14,224 - mmdet - INFO - Epoch [30][1250/6976]	lr: 1.000e-05, eta: 0:16:46, time: 0.175, data_time: 0.009, memory: 13424, loss_cls: 0.3624, loss_bbox: 0.3571, loss_kps: 0.0000, loss: 0.7195
2026-09-24 00:57:22,913 - mmdet - INFO - Epoch [30][1300/6976]	lr: 1.000e-05, eta: 0:16:37, time: 0.174, data_time: 0.009, memory: 13424, loss_cls: 0.3608, loss_bbox: 0.3502, loss_kps: 0.0000, loss: 0.7110
2026-09-24 00:57:31,731 - mmdet - INFO - Epoch [30][1350/6976]	lr: 1.000e-05, eta: 0:16:28, time: 0.176, data_time: 0.009, memory: 13424, loss_cls: 0.3798, loss_bbox: 0.3604, loss_kps: 0.0000, loss: 0.7402
2026-09-24 00:57:40,407 - mmdet - INFO - Epoch [30][1400/6976]	lr: 1.000e-05, eta: 0:16:19, time: 0.174, data_time: 0.009, memory: 13424, loss_cls: 0.3390, loss_bbox: 0.3469, loss_kps: 0.0000, loss: 0.6859
2026-09-24 00:57:49,270 - mmdet - INFO - Epoch [30][1450/6976]	lr: 1.000e-05, eta: 0:16:10, time: 0.177, data_time: 0.010, memory: 13424, loss_cls: 0.3712, loss_bbox: 0.3499, loss_kps: 0.0000, loss: 0.7211
2026-09-24 00:57:57,985 - mmdet - INFO - Epoch [30][1500/6976]	lr: 1.000e-05, eta: 0:16:02, time: 0.174, data_time: 0.010, memory: 13424, loss_cls: 0.3467, loss_bbox: 0.3317, loss_kps: 0.0000, loss: 0.6784
2026-09-24 00:58:06,847 - mmdet - INFO - Epoch [30][1550/6976]	lr: 1.000e-05, eta: 0:15:53, time: 0.177, data_time: 0.009, memory: 13424, loss_cls: 0.3542, loss_bbox: 0.3547, loss_kps: 0.0000, loss: 0.7088
2026-09-24 00:58:15,684 - mmdet - INFO - Epoch [30][1600/6976]	lr: 1.000e-05, eta: 0:15:44, time: 0.177, data_time: 0.010, memory: 13424, loss_cls: 0.3645, loss_bbox: 0.3579, loss_kps: 0.0000, loss: 0.7224
2026-09-24 00:58:24,361 - mmdet - INFO - Epoch [30][1650/6976]	lr: 1.000e-05, eta: 0:15:35, time: 0.174, data_time: 0.009, memory: 13424, loss_cls: 0.3496, loss_bbox: 0.3506, loss_kps: 0.0000, loss: 0.7002
2026-09-24 00:58:33,051 - mmdet - INFO - Epoch [30][1700/6976]	lr: 1.000e-05, eta: 0:15:27, time: 0.174, data_time: 0.009, memory: 13424, loss_cls: 0.3410, loss_bbox: 0.3264, loss_kps: 0.0000, loss: 0.6674
2026-09-24 00:58:41,779 - mmdet - INFO - Epoch [30][1750/6976]	lr: 1.000e-05, eta: 0:15:18, time: 0.174, data_time: 0.009, memory: 13424, loss_cls: 0.3400, loss_bbox: 0.3446, loss_kps: 0.0000, loss: 0.6846
2026-09-24 00:58:50,436 - mmdet - INFO - Epoch [30][1800/6976]	lr: 1.000e-05, eta: 0:15:09, time: 0.173, data_time: 0.009, memory: 13424, loss_cls: 0.3614, loss_bbox: 0.3398, loss_kps: 0.0000, loss: 0.7012
2026-09-24 00:58:59,287 - mmdet - INFO - Epoch [30][1850/6976]	lr: 1.000e-05, eta: 0:15:00, time: 0.177, data_time: 0.009, memory: 13424, loss_cls: 0.3606, loss_bbox: 0.3539, loss_kps: 0.0000, loss: 0.7145
2026-09-24 00:59:08,015 - mmdet - INFO - Epoch [30][1900/6976]	lr: 1.000e-05, eta: 0:14:51, time: 0.175, data_time: 0.010, memory: 13424, loss_cls: 0.3766, loss_bbox: 0.3566, loss_kps: 0.0000, loss: 0.7332
2026-09-24 00:59:16,762 - mmdet - INFO - Epoch [30][1950/6976]	lr: 1.000e-05, eta: 0:14:43, time: 0.175, data_time: 0.010, memory: 13424, loss_cls: 0.3588, loss_bbox: 0.3597, loss_kps: 0.0000, loss: 0.7185
2026-09-24 00:59:25,642 - mmdet - INFO - Epoch [30][2000/6976]	lr: 1.000e-05, eta: 0:14:34, time: 0.178, data_time: 0.009, memory: 13424, loss_cls: 0.3751, loss_bbox: 0.3620, loss_kps: 0.0000, loss: 0.7371
2026-09-24 00:59:34,383 - mmdet - INFO - Epoch [30][2050/6976]	lr: 1.000e-05, eta: 0:14:25, time: 0.175, data_time: 0.009, memory: 13424, loss_cls: 0.3982, loss_bbox: 0.3629, loss_kps: 0.0000, loss: 0.7610
2026-09-24 00:59:43,145 - mmdet - INFO - Epoch [30][2100/6976]	lr: 1.000e-05, eta: 0:14:16, time: 0.175, data_time: 0.009, memory: 13424, loss_cls: 0.3482, loss_bbox: 0.3583, loss_kps: 0.0000, loss: 0.7065
2026-09-24 00:59:51,892 - mmdet - INFO - Epoch [30][2150/6976]	lr: 1.000e-05, eta: 0:14:07, time: 0.175, data_time: 0.010, memory: 13424, loss_cls: 0.3636, loss_bbox: 0.3342, loss_kps: 0.0000, loss: 0.6978
2026-09-24 01:00:00,647 - mmdet - INFO - Epoch [30][2200/6976]	lr: 1.000e-05, eta: 0:13:59, time: 0.175, data_time: 0.009, memory: 13424, loss_cls: 0.3655, loss_bbox: 0.3488, loss_kps: 0.0000, loss: 0.7143
2026-09-24 01:00:09,375 - mmdet - INFO - Epoch [30][2250/6976]	lr: 1.000e-05, eta: 0:13:50, time: 0.175, data_time: 0.009, memory: 13424, loss_cls: 0.3723, loss_bbox: 0.3539, loss_kps: 0.0000, loss: 0.7262
2026-09-24 01:00:18,066 - mmdet - INFO - Epoch [30][2300/6976]	lr: 1.000e-05, eta: 0:13:41, time: 0.174, data_time: 0.010, memory: 13424, loss_cls: 0.3525, loss_bbox: 0.3392, loss_kps: 0.0000, loss: 0.6917
2026-09-24 01:00:26,823 - mmdet - INFO - Epoch [30][2350/6976]	lr: 1.000e-05, eta: 0:13:32, time: 0.175, data_time: 0.010, memory: 13424, loss_cls: 0.3483, loss_bbox: 0.3365, loss_kps: 0.0000, loss: 0.6848
2026-09-24 01:00:35,555 - mmdet - INFO - Epoch [30][2400/6976]	lr: 1.000e-05, eta: 0:13:24, time: 0.175, data_time: 0.010, memory: 13424, loss_cls: 0.3455, loss_bbox: 0.3575, loss_kps: 0.0000, loss: 0.7030
2026-09-24 01:00:44,279 - mmdet - INFO - Epoch [30][2450/6976]	lr: 1.000e-05, eta: 0:13:15, time: 0.174, data_time: 0.010, memory: 13424, loss_cls: 0.3468, loss_bbox: 0.3526, loss_kps: 0.0000, loss: 0.6994
2026-09-24 01:00:53,344 - mmdet - INFO - Epoch [30][2500/6976]	lr: 1.000e-05, eta: 0:13:06, time: 0.181, data_time: 0.009, memory: 13424, loss_cls: 0.3800, loss_bbox: 0.3463, loss_kps: 0.0000, loss: 0.7263
2026-09-24 01:01:02,143 - mmdet - INFO - Epoch [30][2550/6976]	lr: 1.000e-05, eta: 0:12:57, time: 0.176, data_time: 0.009, memory: 13424, loss_cls: 0.3521, loss_bbox: 0.3541, loss_kps: 0.0000, loss: 0.7062
2026-09-24 01:01:10,921 - mmdet - INFO - Epoch [30][2600/6976]	lr: 1.000e-05, eta: 0:12:48, time: 0.175, data_time: 0.010, memory: 13424, loss_cls: 0.3527, loss_bbox: 0.3410, loss_kps: 0.0000, loss: 0.6938
2026-09-24 01:01:19,645 - mmdet - INFO - Epoch [30][2650/6976]	lr: 1.000e-05, eta: 0:12:40, time: 0.175, data_time: 0.010, memory: 13424, loss_cls: 0.3408, loss_bbox: 0.3465, loss_kps: 0.0000, loss: 0.6873
2026-09-24 01:01:28,437 - mmdet - INFO - Epoch [30][2700/6976]	lr: 1.000e-05, eta: 0:12:31, time: 0.176, data_time: 0.010, memory: 13424, loss_cls: 0.3565, loss_bbox: 0.3401, loss_kps: 0.0000, loss: 0.6966
2026-09-24 01:01:37,116 - mmdet - INFO - Epoch [30][2750/6976]	lr: 1.000e-05, eta: 0:12:22, time: 0.174, data_time: 0.010, memory: 13424, loss_cls: 0.3493, loss_bbox: 0.3490, loss_kps: 0.0000, loss: 0.6984
2026-09-24 01:01:45,869 - mmdet - INFO - Epoch [30][2800/6976]	lr: 1.000e-05, eta: 0:12:13, time: 0.175, data_time: 0.009, memory: 13424, loss_cls: 0.3596, loss_bbox: 0.3519, loss_kps: 0.0000, loss: 0.7116
2026-09-24 01:01:54,585 - mmdet - INFO - Epoch [30][2850/6976]	lr: 1.000e-05, eta: 0:12:04, time: 0.174, data_time: 0.010, memory: 13424, loss_cls: 0.3531, loss_bbox: 0.3498, loss_kps: 0.0000, loss: 0.7029
2026-09-24 01:02:03,317 - mmdet - INFO - Epoch [30][2900/6976]	lr: 1.000e-05, eta: 0:11:56, time: 0.175, data_time: 0.009, memory: 13424, loss_cls: 0.3472, loss_bbox: 0.3503, loss_kps: 0.0000, loss: 0.6976
2026-09-24 01:02:12,131 - mmdet - INFO - Epoch [30][2950/6976]	lr: 1.000e-05, eta: 0:11:47, time: 0.176, data_time: 0.010, memory: 13424, loss_cls: 0.3580, loss_bbox: 0.3479, loss_kps: 0.0000, loss: 0.7059
2026-09-24 01:02:20,884 - mmdet - INFO - Epoch [30][3000/6976]	lr: 1.000e-05, eta: 0:11:38, time: 0.175, data_time: 0.010, memory: 13424, loss_cls: 0.3823, loss_bbox: 0.3613, loss_kps: 0.0000, loss: 0.7436
2026-09-24 01:02:29,979 - mmdet - INFO - Epoch [30][3050/6976]	lr: 1.000e-05, eta: 0:11:29, time: 0.182, data_time: 0.010, memory: 13424, loss_cls: 0.3548, loss_bbox: 0.3313, loss_kps: 0.0000, loss: 0.6861
2026-09-24 01:02:38,772 - mmdet - INFO - Epoch [30][3100/6976]	lr: 1.000e-05, eta: 0:11:21, time: 0.176, data_time: 0.010, memory: 13424, loss_cls: 0.3462, loss_bbox: 0.3387, loss_kps: 0.0000, loss: 0.6849
2026-09-24 01:02:47,598 - mmdet - INFO - Epoch [30][3150/6976]	lr: 1.000e-05, eta: 0:11:12, time: 0.177, data_time: 0.010, memory: 13424, loss_cls: 0.3592, loss_bbox: 0.3561, loss_kps: 0.0000, loss: 0.7153
2026-09-24 01:02:56,337 - mmdet - INFO - Epoch [30][3200/6976]	lr: 1.000e-05, eta: 0:11:03, time: 0.175, data_time: 0.010, memory: 13424, loss_cls: 0.3463, loss_bbox: 0.3513, loss_kps: 0.0000, loss: 0.6976
2026-09-24 01:03:05,147 - mmdet - INFO - Epoch [30][3250/6976]	lr: 1.000e-05, eta: 0:10:54, time: 0.176, data_time: 0.010, memory: 13424, loss_cls: 0.3803, loss_bbox: 0.3649, loss_kps: 0.0000, loss: 0.7452
2026-09-24 01:03:13,826 - mmdet - INFO - Epoch [30][3300/6976]	lr: 1.000e-05, eta: 0:10:45, time: 0.174, data_time: 0.010, memory: 13424, loss_cls: 0.3640, loss_bbox: 0.3446, loss_kps: 0.0000, loss: 0.7086
2026-09-24 01:03:22,644 - mmdet - INFO - Epoch [30][3350/6976]	lr: 1.000e-05, eta: 0:10:37, time: 0.176, data_time: 0.010, memory: 13424, loss_cls: 0.3514, loss_bbox: 0.3478, loss_kps: 0.0000, loss: 0.6992
2026-09-24 01:03:31,420 - mmdet - INFO - Epoch [30][3400/6976]	lr: 1.000e-05, eta: 0:10:28, time: 0.176, data_time: 0.010, memory: 13424, loss_cls: 0.3566, loss_bbox: 0.3634, loss_kps: 0.0000, loss: 0.7199
2026-09-24 01:03:40,263 - mmdet - INFO - Epoch [30][3450/6976]	lr: 1.000e-05, eta: 0:10:19, time: 0.177, data_time: 0.010, memory: 13424, loss_cls: 0.3470, loss_bbox: 0.3326, loss_kps: 0.0000, loss: 0.6796
2026-09-24 01:03:49,010 - mmdet - INFO - Epoch [30][3500/6976]	lr: 1.000e-05, eta: 0:10:10, time: 0.175, data_time: 0.010, memory: 13424, loss_cls: 0.3660, loss_bbox: 0.3519, loss_kps: 0.0000, loss: 0.7179
2026-09-24 01:03:57,771 - mmdet - INFO - Epoch [30][3550/6976]	lr: 1.000e-05, eta: 0:10:01, time: 0.175, data_time: 0.010, memory: 13424, loss_cls: 0.3468, loss_bbox: 0.3465, loss_kps: 0.0000, loss: 0.6932
2026-09-24 01:04:06,531 - mmdet - INFO - Epoch [30][3600/6976]	lr: 1.000e-05, eta: 0:09:53, time: 0.175, data_time: 0.010, memory: 13424, loss_cls: 0.3436, loss_bbox: 0.3326, loss_kps: 0.0000, loss: 0.6762
2026-09-24 01:04:15,668 - mmdet - INFO - Epoch [30][3650/6976]	lr: 1.000e-05, eta: 0:09:44, time: 0.183, data_time: 0.010, memory: 13424, loss_cls: 0.3622, loss_bbox: 0.3483, loss_kps: 0.0000, loss: 0.7104
2026-09-24 01:04:24,413 - mmdet - INFO - Epoch [30][3700/6976]	lr: 1.000e-05, eta: 0:09:35, time: 0.175, data_time: 0.009, memory: 13424, loss_cls: 0.3555, loss_bbox: 0.3469, loss_kps: 0.0000, loss: 0.7024
2026-09-24 01:04:33,116 - mmdet - INFO - Epoch [30][3750/6976]	lr: 1.000e-05, eta: 0:09:26, time: 0.174, data_time: 0.009, memory: 13424, loss_cls: 0.3605, loss_bbox: 0.3568, loss_kps: 0.0000, loss: 0.7173
2026-09-24 01:04:41,820 - mmdet - INFO - Epoch [30][3800/6976]	lr: 1.000e-05, eta: 0:09:18, time: 0.174, data_time: 0.009, memory: 13424, loss_cls: 0.3547, loss_bbox: 0.3457, loss_kps: 0.0000, loss: 0.7004
2026-09-24 01:04:50,587 - mmdet - INFO - Epoch [30][3850/6976]	lr: 1.000e-05, eta: 0:09:09, time: 0.175, data_time: 0.010, memory: 13424, loss_cls: 0.3744, loss_bbox: 0.3493, loss_kps: 0.0000, loss: 0.7237
2026-09-24 01:04:59,313 - mmdet - INFO - Epoch [30][3900/6976]	lr: 1.000e-05, eta: 0:09:00, time: 0.175, data_time: 0.010, memory: 13424, loss_cls: 0.3672, loss_bbox: 0.3354, loss_kps: 0.0000, loss: 0.7027
2026-09-24 01:05:08,125 - mmdet - INFO - Epoch [30][3950/6976]	lr: 1.000e-05, eta: 0:08:51, time: 0.176, data_time: 0.010, memory: 13424, loss_cls: 0.3611, loss_bbox: 0.3423, loss_kps: 0.0000, loss: 0.7034
2026-09-24 01:05:16,805 - mmdet - INFO - Epoch [30][4000/6976]	lr: 1.000e-05, eta: 0:08:42, time: 0.174, data_time: 0.010, memory: 13424, loss_cls: 0.3795, loss_bbox: 0.3477, loss_kps: 0.0000, loss: 0.7271
2026-09-24 01:05:25,458 - mmdet - INFO - Epoch [30][4050/6976]	lr: 1.000e-05, eta: 0:08:34, time: 0.173, data_time: 0.010, memory: 13424, loss_cls: 0.3792, loss_bbox: 0.3497, loss_kps: 0.0000, loss: 0.7289
2026-09-24 01:05:34,154 - mmdet - INFO - Epoch [30][4100/6976]	lr: 1.000e-05, eta: 0:08:25, time: 0.174, data_time: 0.010, memory: 13424, loss_cls: 0.3537, loss_bbox: 0.3508, loss_kps: 0.0000, loss: 0.7045
2026-09-24 01:05:42,882 - mmdet - INFO - Epoch [30][4150/6976]	lr: 1.000e-05, eta: 0:08:16, time: 0.175, data_time: 0.010, memory: 13424, loss_cls: 0.3687, loss_bbox: 0.3621, loss_kps: 0.0000, loss: 0.7308
2026-09-24 01:05:51,651 - mmdet - INFO - Epoch [30][4200/6976]	lr: 1.000e-05, eta: 0:08:07, time: 0.175, data_time: 0.010, memory: 13424, loss_cls: 0.3557, loss_bbox: 0.3498, loss_kps: 0.0000, loss: 0.7055
2026-09-24 01:06:00,334 - mmdet - INFO - Epoch [30][4250/6976]	lr: 1.000e-05, eta: 0:07:58, time: 0.174, data_time: 0.010, memory: 13424, loss_cls: 0.3613, loss_bbox: 0.3431, loss_kps: 0.0000, loss: 0.7044
2026-09-24 01:06:09,073 - mmdet - INFO - Epoch [30][4300/6976]	lr: 1.000e-05, eta: 0:07:50, time: 0.175, data_time: 0.010, memory: 13424, loss_cls: 0.3696, loss_bbox: 0.3429, loss_kps: 0.0000, loss: 0.7125
2026-09-24 01:06:17,808 - mmdet - INFO - Epoch [30][4350/6976]	lr: 1.000e-05, eta: 0:07:41, time: 0.175, data_time: 0.009, memory: 13424, loss_cls: 0.3574, loss_bbox: 0.3524, loss_kps: 0.0000, loss: 0.7098
2026-09-24 01:06:26,490 - mmdet - INFO - Epoch [30][4400/6976]	lr: 1.000e-05, eta: 0:07:32, time: 0.174, data_time: 0.010, memory: 13424, loss_cls: 0.3624, loss_bbox: 0.3614, loss_kps: 0.0000, loss: 0.7238
2026-09-24 01:06:35,198 - mmdet - INFO - Epoch [30][4450/6976]	lr: 1.000e-05, eta: 0:07:23, time: 0.174, data_time: 0.009, memory: 13424, loss_cls: 0.3410, loss_bbox: 0.3345, loss_kps: 0.0000, loss: 0.6754
2026-09-24 01:06:43,932 - mmdet - INFO - Epoch [30][4500/6976]	lr: 1.000e-05, eta: 0:07:15, time: 0.174, data_time: 0.010, memory: 13424, loss_cls: 0.3589, loss_bbox: 0.3537, loss_kps: 0.0000, loss: 0.7126
2026-09-24 01:06:52,675 - mmdet - INFO - Epoch [30][4550/6976]	lr: 1.000e-05, eta: 0:07:06, time: 0.175, data_time: 0.010, memory: 13424, loss_cls: 0.3555, loss_bbox: 0.3489, loss_kps: 0.0000, loss: 0.7043
2026-09-24 01:07:01,389 - mmdet - INFO - Epoch [30][4600/6976]	lr: 1.000e-05, eta: 0:06:57, time: 0.174, data_time: 0.010, memory: 13424, loss_cls: 0.3487, loss_bbox: 0.3452, loss_kps: 0.0000, loss: 0.6938
2026-09-24 01:07:10,431 - mmdet - INFO - Epoch [30][4650/6976]	lr: 1.000e-05, eta: 0:06:48, time: 0.181, data_time: 0.009, memory: 13424, loss_cls: 0.3398, loss_bbox: 0.3440, loss_kps: 0.0000, loss: 0.6838
2026-09-24 01:07:19,103 - mmdet - INFO - Epoch [30][4700/6976]	lr: 1.000e-05, eta: 0:06:39, time: 0.173, data_time: 0.010, memory: 13424, loss_cls: 0.3501, loss_bbox: 0.3370, loss_kps: 0.0000, loss: 0.6871
2026-09-24 01:07:27,819 - mmdet - INFO - Epoch [30][4750/6976]	lr: 1.000e-05, eta: 0:06:31, time: 0.174, data_time: 0.010, memory: 13424, loss_cls: 0.3595, loss_bbox: 0.3481, loss_kps: 0.0000, loss: 0.7076
2026-09-24 01:07:36,513 - mmdet - INFO - Epoch [30][4800/6976]	lr: 1.000e-05, eta: 0:06:22, time: 0.174, data_time: 0.010, memory: 13424, loss_cls: 0.3601, loss_bbox: 0.3466, loss_kps: 0.0000, loss: 0.7067
2026-09-24 01:07:45,280 - mmdet - INFO - Epoch [30][4850/6976]	lr: 1.000e-05, eta: 0:06:13, time: 0.175, data_time: 0.010, memory: 13424, loss_cls: 0.3536, loss_bbox: 0.3454, loss_kps: 0.0000, loss: 0.6990
2026-09-24 01:07:53,998 - mmdet - INFO - Epoch [30][4900/6976]	lr: 1.000e-05, eta: 0:06:04, time: 0.174, data_time: 0.010, memory: 13424, loss_cls: 0.3666, loss_bbox: 0.3457, loss_kps: 0.0000, loss: 0.7123
2026-09-24 01:08:02,739 - mmdet - INFO - Epoch [30][4950/6976]	lr: 1.000e-05, eta: 0:05:55, time: 0.175, data_time: 0.010, memory: 13424, loss_cls: 0.3722, loss_bbox: 0.3615, loss_kps: 0.0000, loss: 0.7337
2026-09-24 01:08:11,459 - mmdet - INFO - Epoch [30][5000/6976]	lr: 1.000e-05, eta: 0:05:47, time: 0.174, data_time: 0.010, memory: 13424, loss_cls: 0.3528, loss_bbox: 0.3538, loss_kps: 0.0000, loss: 0.7066
2026-09-24 01:08:20,105 - mmdet - INFO - Epoch [30][5050/6976]	lr: 1.000e-05, eta: 0:05:38, time: 0.173, data_time: 0.010, memory: 13424, loss_cls: 0.3454, loss_bbox: 0.3399, loss_kps: 0.0000, loss: 0.6853
2026-09-24 01:08:28,870 - mmdet - INFO - Epoch [30][5100/6976]	lr: 1.000e-05, eta: 0:05:29, time: 0.176, data_time: 0.010, memory: 13424, loss_cls: 0.3616, loss_bbox: 0.3442, loss_kps: 0.0000, loss: 0.7057
2026-09-24 01:08:37,710 - mmdet - INFO - Epoch [30][5150/6976]	lr: 1.000e-05, eta: 0:05:20, time: 0.177, data_time: 0.010, memory: 13424, loss_cls: 0.3796, loss_bbox: 0.3434, loss_kps: 0.0000, loss: 0.7230
2026-09-24 01:08:46,421 - mmdet - INFO - Epoch [30][5200/6976]	lr: 1.000e-05, eta: 0:05:12, time: 0.174, data_time: 0.009, memory: 13424, loss_cls: 0.3398, loss_bbox: 0.3375, loss_kps: 0.0000, loss: 0.6773
2026-09-24 01:08:55,102 - mmdet - INFO - Epoch [30][5250/6976]	lr: 1.000e-05, eta: 0:05:03, time: 0.174, data_time: 0.010, memory: 13424, loss_cls: 0.3525, loss_bbox: 0.3489, loss_kps: 0.0000, loss: 0.7014
2026-09-24 01:09:03,891 - mmdet - INFO - Epoch [30][5300/6976]	lr: 1.000e-05, eta: 0:04:54, time: 0.176, data_time: 0.010, memory: 13424, loss_cls: 0.3400, loss_bbox: 0.3405, loss_kps: 0.0000, loss: 0.6805
2026-09-24 01:09:12,636 - mmdet - INFO - Epoch [30][5350/6976]	lr: 1.000e-05, eta: 0:04:45, time: 0.175, data_time: 0.010, memory: 13424, loss_cls: 0.3799, loss_bbox: 0.3498, loss_kps: 0.0000, loss: 0.7297
2026-09-24 01:09:21,696 - mmdet - INFO - Epoch [30][5400/6976]	lr: 1.000e-05, eta: 0:04:36, time: 0.181, data_time: 0.010, memory: 13424, loss_cls: 0.3519, loss_bbox: 0.3446, loss_kps: 0.0000, loss: 0.6965
2026-09-24 01:09:30,369 - mmdet - INFO - Epoch [30][5450/6976]	lr: 1.000e-05, eta: 0:04:28, time: 0.173, data_time: 0.010, memory: 13424, loss_cls: 0.3535, loss_bbox: 0.3351, loss_kps: 0.0000, loss: 0.6886
2026-09-24 01:09:39,050 - mmdet - INFO - Epoch [30][5500/6976]	lr: 1.000e-05, eta: 0:04:19, time: 0.174, data_time: 0.010, memory: 13424, loss_cls: 0.3709, loss_bbox: 0.3460, loss_kps: 0.0000, loss: 0.7169
2026-09-24 01:09:47,711 - mmdet - INFO - Epoch [30][5550/6976]	lr: 1.000e-05, eta: 0:04:10, time: 0.173, data_time: 0.009, memory: 13424, loss_cls: 0.3463, loss_bbox: 0.3392, loss_kps: 0.0000, loss: 0.6855
2026-09-24 01:09:56,501 - mmdet - INFO - Epoch [30][5600/6976]	lr: 1.000e-05, eta: 0:04:01, time: 0.176, data_time: 0.010, memory: 13424, loss_cls: 0.3774, loss_bbox: 0.3538, loss_kps: 0.0000, loss: 0.7312
2026-09-24 01:10:05,295 - mmdet - INFO - Epoch [30][5650/6976]	lr: 1.000e-05, eta: 0:03:52, time: 0.176, data_time: 0.010, memory: 13424, loss_cls: 0.3396, loss_bbox: 0.3395, loss_kps: 0.0000, loss: 0.6790
2026-09-24 01:10:14,125 - mmdet - INFO - Epoch [30][5700/6976]	lr: 1.000e-05, eta: 0:03:44, time: 0.176, data_time: 0.010, memory: 13424, loss_cls: 0.3606, loss_bbox: 0.3481, loss_kps: 0.0000, loss: 0.7087
2026-09-24 01:10:22,827 - mmdet - INFO - Epoch [30][5750/6976]	lr: 1.000e-05, eta: 0:03:35, time: 0.174, data_time: 0.010, memory: 13424, loss_cls: 0.3631, loss_bbox: 0.3486, loss_kps: 0.0000, loss: 0.7116
2026-09-24 01:10:31,570 - mmdet - INFO - Epoch [30][5800/6976]	lr: 1.000e-05, eta: 0:03:26, time: 0.175, data_time: 0.009, memory: 13424, loss_cls: 0.3602, loss_bbox: 0.3469, loss_kps: 0.0000, loss: 0.7071
2026-09-24 01:10:40,281 - mmdet - INFO - Epoch [30][5850/6976]	lr: 1.000e-05, eta: 0:03:17, time: 0.174, data_time: 0.010, memory: 13424, loss_cls: 0.3732, loss_bbox: 0.3597, loss_kps: 0.0000, loss: 0.7329
2026-09-24 01:10:49,018 - mmdet - INFO - Epoch [30][5900/6976]	lr: 1.000e-05, eta: 0:03:09, time: 0.175, data_time: 0.010, memory: 13424, loss_cls: 0.3685, loss_bbox: 0.3431, loss_kps: 0.0000, loss: 0.7116
2026-09-24 01:10:57,738 - mmdet - INFO - Epoch [30][5950/6976]	lr: 1.000e-05, eta: 0:03:00, time: 0.174, data_time: 0.010, memory: 13424, loss_cls: 0.3762, loss_bbox: 0.3683, loss_kps: 0.0000, loss: 0.7445
2026-09-24 01:11:06,536 - mmdet - INFO - Epoch [30][6000/6976]	lr: 1.000e-05, eta: 0:02:51, time: 0.176, data_time: 0.010, memory: 13424, loss_cls: 0.3583, loss_bbox: 0.3429, loss_kps: 0.0000, loss: 0.7012
2026-09-24 01:11:15,261 - mmdet - INFO - Epoch [30][6050/6976]	lr: 1.000e-05, eta: 0:02:42, time: 0.175, data_time: 0.010, memory: 13424, loss_cls: 0.3828, loss_bbox: 0.3537, loss_kps: 0.0000, loss: 0.7365
2026-09-24 01:11:24,045 - mmdet - INFO - Epoch [30][6100/6976]	lr: 1.000e-05, eta: 0:02:33, time: 0.176, data_time: 0.009, memory: 13424, loss_cls: 0.3624, loss_bbox: 0.3343, loss_kps: 0.0000, loss: 0.6967
2026-09-24 01:11:32,794 - mmdet - INFO - Epoch [30][6150/6976]	lr: 1.000e-05, eta: 0:02:25, time: 0.175, data_time: 0.010, memory: 13424, loss_cls: 0.3961, loss_bbox: 0.3514, loss_kps: 0.0000, loss: 0.7474
2026-09-24 01:11:41,664 - mmdet - INFO - Epoch [30][6200/6976]	lr: 1.000e-05, eta: 0:02:16, time: 0.177, data_time: 0.010, memory: 13424, loss_cls: 0.3481, loss_bbox: 0.3519, loss_kps: 0.0000, loss: 0.7001
2026-09-24 01:11:50,375 - mmdet - INFO - Epoch [30][6250/6976]	lr: 1.000e-05, eta: 0:02:07, time: 0.174, data_time: 0.010, memory: 13424, loss_cls: 0.3609, loss_bbox: 0.3492, loss_kps: 0.0000, loss: 0.7101
2026-09-24 01:11:59,450 - mmdet - INFO - Epoch [30][6300/6976]	lr: 1.000e-05, eta: 0:01:58, time: 0.181, data_time: 0.009, memory: 13424, loss_cls: 0.3651, loss_bbox: 0.3431, loss_kps: 0.0000, loss: 0.7082
2026-09-24 01:12:08,188 - mmdet - INFO - Epoch [30][6350/6976]	lr: 1.000e-05, eta: 0:01:49, time: 0.175, data_time: 0.010, memory: 13424, loss_cls: 0.3539, loss_bbox: 0.3409, loss_kps: 0.0000, loss: 0.6948
2026-09-24 01:12:16,937 - mmdet - INFO - Epoch [30][6400/6976]	lr: 1.000e-05, eta: 0:01:41, time: 0.175, data_time: 0.010, memory: 13424, loss_cls: 0.3764, loss_bbox: 0.3535, loss_kps: 0.0000, loss: 0.7299
2026-09-24 01:12:25,730 - mmdet - INFO - Epoch [30][6450/6976]	lr: 1.000e-05, eta: 0:01:32, time: 0.176, data_time: 0.010, memory: 13424, loss_cls: 0.3662, loss_bbox: 0.3583, loss_kps: 0.0000, loss: 0.7244
2026-09-24 01:12:34,370 - mmdet - INFO - Epoch [30][6500/6976]	lr: 1.000e-05, eta: 0:01:23, time: 0.173, data_time: 0.010, memory: 13424, loss_cls: 0.3699, loss_bbox: 0.3583, loss_kps: 0.0000, loss: 0.7281
2026-09-24 01:12:43,174 - mmdet - INFO - Epoch [30][6550/6976]	lr: 1.000e-05, eta: 0:01:14, time: 0.176, data_time: 0.010, memory: 13424, loss_cls: 0.3619, loss_bbox: 0.3479, loss_kps: 0.0000, loss: 0.7098
2026-09-24 01:12:51,938 - mmdet - INFO - Epoch [30][6600/6976]	lr: 1.000e-05, eta: 0:01:06, time: 0.176, data_time: 0.010, memory: 13424, loss_cls: 0.3328, loss_bbox: 0.3479, loss_kps: 0.0000, loss: 0.6807
2026-09-24 01:13:00,940 - mmdet - INFO - Epoch [30][6650/6976]	lr: 1.000e-05, eta: 0:00:57, time: 0.180, data_time: 0.009, memory: 13424, loss_cls: 0.3650, loss_bbox: 0.3478, loss_kps: 0.0000, loss: 0.7128
2026-09-24 01:13:09,627 - mmdet - INFO - Epoch [30][6700/6976]	lr: 1.000e-05, eta: 0:00:48, time: 0.174, data_time: 0.009, memory: 13424, loss_cls: 0.3738, loss_bbox: 0.3580, loss_kps: 0.0000, loss: 0.7317
2026-09-24 01:13:18,480 - mmdet - INFO - Epoch [30][6750/6976]	lr: 1.000e-05, eta: 0:00:39, time: 0.177, data_time: 0.009, memory: 13424, loss_cls: 0.3813, loss_bbox: 0.3478, loss_kps: 0.0000, loss: 0.7291
2026-09-24 01:13:27,279 - mmdet - INFO - Epoch [30][6800/6976]	lr: 1.000e-05, eta: 0:00:30, time: 0.176, data_time: 0.010, memory: 13424, loss_cls: 0.3652, loss_bbox: 0.3559, loss_kps: 0.0000, loss: 0.7212
2026-09-24 01:13:36,088 - mmdet - INFO - Epoch [30][6850/6976]	lr: 1.000e-05, eta: 0:00:22, time: 0.176, data_time: 0.010, memory: 13424, loss_cls: 0.3486, loss_bbox: 0.3495, loss_kps: 0.0000, loss: 0.6982
2026-09-24 01:13:44,882 - mmdet - INFO - Epoch [30][6900/6976]	lr: 1.000e-05, eta: 0:00:13, time: 0.176, data_time: 0.010, memory: 13424, loss_cls: 0.3620, loss_bbox: 0.3434, loss_kps: 0.0000, loss: 0.7054
2026-09-24 01:13:53,560 - mmdet - INFO - Epoch [30][6950/6976]	lr: 1.000e-05, eta: 0:00:04, time: 0.174, data_time: 0.010, memory: 13424, loss_cls: 0.3431, loss_bbox: 0.3276, loss_kps: 0.0000, loss: 0.6707
2026-09-24 01:13:58,186 - mmdet - INFO - Saving checkpoint at 30 epochs
