session,role
20260414_055719_ZUNSUJ,train
20260414_060914_NVZEQS,eval
20260415_022931_SNCAQR,eval
20260415_033403_EYFSAT,eval
20260415_050222_TUATMC,train
20260415_054643_LRRJHV,train
20260415_061902_ERLADM,train
20260415_073827_ERJBXC,train
20260415_080854_JXWABC,train
20260416_051345_YDAZRL,train
20260416_051446_TELHJW,train
20260416_054500_MPYLSE,train
20260416_062847_DNRWXJ,eval
20260416_091341_WMAVJB,train
20260417_020649_NEDVJP,train
20260417_070727_HDWPTW,train
20260417_073530_RMCRLU,train
20260417_075140_YJFCAD,train
20260417_094030_HACPKQ,train
20260418_003331_BGDZXM,train
20260418_013407_GUAUAH,train
20260418_072746_FZXEJB,eval
20260419_005122_WRTECC,eval
20260419_025608_XSESLT,train
20260419_060338_DXGPGB,eval
20260419_071611_ZYQBYA,train
20260419_092201_CQPEUR,train
20260420_011737_QCGWEY,eval
20260420_023732_TYLHUA,train
20260420_031748_AWFLAE,train
20260420_040427_WUCUCV,train
20260420_041234_SAMPCY,train
20260420_050329_PTDBDB,eval
20260420_052406_CAAZGU,eval
20260420_052744_YSUXMC,train
20260420_055907_YKHWQL,train
20260420_060645_VPWYQG,train
20260420_064106_FCLHVG,train
20260420_065216_XJBSDJ,train
20260420_070024_WZSSPP,train
20260420_071515_ZGUXVJ,train
20260420_091418_LMERMK,train
20260420_092036_GZHCSQ,train
20260420_093129_VWRDMA,train
20260420_093513_VXLEEB,train
20260420_113347_PJSQJT,train
20260421_010357_CEVYML,train
20260421_023212_PWUXWJ,eval
20260421_030428_ACUFVS,train
20260421_031446_DXJETT,train
20260421_032447_LWNCVR,train
20260421_045025_CNXZED,eval
20260421_045305_GXLEKQ,train
20260421_055302_YYSRFS,train
20260421_062815_XXBUHH,train
20260421_064030_HWLGUK,train
20260421_064747_PFAFGA,eval
20260421_070810_UKWNBB,train
20260421_070814_ZEALKP,train
20260421_072148_YQRPBD,train
20260421_073238_QNCRLH,train
20260421_075545_WXTGHN,train
20260421_081715_PYXWPB,train
20260421_083640_DHMZQD,train
20260421_090926_ALKBDW,train
20260421_095810_PZSPVH,train
20260422_012224_AFBQZN,train
20260422_015611_CVYNNY,train
20260422_023819_NBJCWY,train
20260422_030505_HRUFJK,eval
20260422_030902_EJSUUK,train
20260422_031147_QSZURW,train
20260422_031939_GASBBY,train
20260422_032414_HCTHQK,train
20260422_033957_SGCDCS,train
20260422_034430_QGQPZT,train
20260422_034930_PJYSEQ,train
20260422_035851_WXGSAX,train
20260422_042300_BRWERV,eval
20260422_045711_UACKCF,eval
20260422_053416_VGXLZD,train
20260422_055212_ZPCKVK,train
20260422_062528_FNAJBL,train
20260422_063504_XVKJQA,train
20260422_072724_MQNLLS,train
20260422_082226_ZAPFFU,train
20260422_091208_BHGRXN,train
20260422_091403_DQMUTY,train
20260422_093524_TWDCMU,train
20260422_094420_KXWSCL,train
20260422_102821_PPPGJM,train
20260422_104650_KNLMZG,train
20260423_011304_FQMPQG,train
20260423_014921_WHRXKH,train
20260423_023018_BBZAKN,eval
20260423_023251_WCXFTN,train
20260423_045130_FKGKVL,train
20260423_050905_UEDFVX,train
20260423_054145_PTKJFA,train
20260423_060809_LTRXVW,eval
20260423_062044_LBUHMF,eval
20260423_063448_UZFBYW,train
20260423_070302_QVQREN,train
20260423_073004_WHZSLB,train
20260423_075922_WMBTTR,eval
20260423_080448_NSMGSS,train
20260423_081507_MBPBYL,eval
20260423_081512_HFBUPH,train
20260423_081653_MZZNNQ,train
20260423_093240_MMWMMG,train
20260423_095647_SJUUVG,train
20260423_103354_JHQVPE,train
20260423_104026_EHZRFV,train
20260424_015655_AFNEAW,train
20260424_021210_UPEBZN,train
20260424_023834_ZZFYCJ,train
20260424_035951_FWKHFG,eval
20260424_040124_NTBDZQ,train
20260424_043446_EWNSNB,train
20260424_050853_ASDFVH,train
20260424_051435_MYPNUC,train
20260424_051449_UTKZNJ,eval
20260424_062620_FYENRC,train
20260424_064459_GAGFZB,train
20260424_065456_YXXCPY,train
20260424_073603_SCKXGJ,train
20260424_073623_GKUKCB,train
20260424_074719_PCFGJY,eval
20260424_081203_RHZETE,train
20260424_081313_ZZWZWR,train
20260424_090839_PFEMER,eval
20260424_092604_UFKMKR,eval
20260424_095047_MRSHJU,train
20260424_101727_FYRRAG,train
20260425_003417_ZTGRUC,train
20260425_005841_NRMTLX,eval
20260425_024906_XFUEXU,train
20260425_030040_ZYFBNU,train
20260425_054851_HYPXDK,eval
20260425_064522_HHUSFK,train
20260425_065800_YTBVEN,train
20260425_072952_DHEVPA,eval
20260425_075424_KCDVET,train
20260425_083336_HZZNDD,eval
20260425_102334_RERHFR,train
20260425_111616_YQUCRM,train
20260425_111929_RTPCNC,eval
20260426_021010_TAPBTD,train
20260426_024816_JDSNNM,train
20260426_043350_UVQJRF,train
20260426_055844_PRPTWP,train
20260426_071643_PPENMC,train
20260426_071953_HPYWGC,eval
20260426_093102_MXMPSF,eval
20260426_095840_XDGNUB,eval
20260427_014754_UPGGZU,train
20260427_022106_HMKGBR,train
20260427_022114_CAZGUM,train
20260427_022121_LMCMEL,train
20260427_024905_XPREGS,eval
20260427_030408_QCSVVR,train
20260427_030436_CPZBVX,train
20260427_041849_XEPCDG,train
20260427_043808_LLCZXX,train
20260427_044453_QQPVYF,train
20260427_051357_XKCMHL,eval
20260427_053852_ZQNRXB,eval
20260427_062728_AJCLNZ,train
20260427_064937_DPMRBC,eval
20260427_074733_KUSRBS,train
20260427_084539_ZLQSLX,eval
20260427_084625_WDESZD,train
20260427_090606_FQFQWN,train
20260427_090714_CPQHMF,train
20260427_090831_FQYQUB,eval
20260427_092850_WMYBSB,eval
20260427_093526_VJBRGT,train
20260427_094040_HKZFUC,eval
20260427_094427_FWQUBD,eval
20260427_095354_KYTUZT,train
20260427_103722_VDWZPC,train
20260427_104212_SUEGWB,train
20260427_104819_HQZQGB,train
20260428_020107_EEBESA,train
20260428_020644_XPPKGT,train
20260428_020927_MTCVNA,eval
20260428_021304_MBDKKE,train
20260428_021331_EEDMCJ,eval
20260428_030452_MEPSXQ,train
20260428_031020_JNNFEF,train
20260428_031441_NTZRTR,eval
20260428_033343_DBVBMP,train
20260428_034547_ULJCDQ,eval
20260428_041623_KXDFTV,train
20260428_041941_ENCSKR,eval
20260428_044926_KKGZWF,eval
20260428_054137_WFSSKN,train
20260428_054545_FVPFLG,train
20260428_060743_NGKBAR,train
20260428_062106_QLXDPU,train
20260428_072738_ZWLMWK,train
20260428_073240_EASSYH,train
20260428_073604_CVQEXV,train
20260428_074856_AAWWNC,train
20260428_084315_FKMWFF,train
20260428_084657_HVSWAX,eval
20260428_091919_ZDAHEF,train
20260428_093536_UXGDEC,train
20260428_093827_ZLEEWL,eval
20260428_102614_AWRQTA,eval
20260428_110115_MYFMCG,train
20260429_011153_YQKETD,train
20260429_011547_VUDQKG,train
20260429_014439_TXYDYW,train
20260429_021912_QUBJUT,eval
20260429_025604_GAZFLC,train
20260429_033701_HFNVAE,train
20260429_034610_TTWAJT,train
20260429_041501_DPUSNZ,train
20260429_045109_WZNGLA,train
20260429_045340_GYCUWH,train
20260429_052108_MRBTWY,train
20260429_054031_SAQLXK,eval
20260429_062628_VJLFLT,train
20260429_062715_PPQYVD,train
20260429_064207_AMWYEY,train
20260429_070710_AENTDD,eval
20260429_075419_PQEKKV,train
20260429_080410_PUTGZX,train
20260429_080807_TZFQKY,train
20260429_081304_DMRWHM,train
20260429_084635_YFNYVG,train
20260429_091321_FNAHSL,train
20260429_094856_KGXMLQ,eval
20260429_114235_GSJAJN,train
20260430_011259_MDBUFK,train
20260430_014726_GGMTDV,train
20260430_015452_MAJKZK,train
20260430_020942_XQQNJD,eval
20260430_024300_YMCKPG,train
20260430_030713_XWMHSB,train
20260430_033453_FCNXEM,eval
20260430_042546_RSWFRW,train
20260430_044226_DMBTVK,train
20260430_044937_SWGXSG,train
20260430_045133_VHRFXF,train
20260430_052549_RADLRN,train
20260430_053310_BPSPHP,train
20260430_054507_PBMVZD,train
20260430_060054_DFSQXH,eval
20260430_061916_HDXGBP,train
20260430_072345_BXJFBM,train
20260430_073732_CAVXDL,train
20260430_075351_GRRMPG,train
20260430_080854_UUAAZW,train
20260430_101209_ZRHWVH,train
20260501_010614_ACBCWF,train
20260501_050255_WFWUCH,train
20260501_075913_SXRAXX,train
20260501_080139_DNUSQS,train
20260501_080900_URLQZF,train
20260502_011005_YSVQYZ,train
20260502_025030_EBBJDU,train
20260502_030851_WAQNBG,eval
20260502_033907_VXXBTJ,eval
20260502_053503_WYYPCE,train
20260502_061614_MQYDUZ,train
20260502_084827_ULEPGC,train
20260502_092505_ZJCYQG,train
20260502_235510_KJGMQZ,train
20260503_003048_FPAAJF,eval
20260503_021909_HATXYD,train
20260503_052227_WBSFMA,train
20260503_054021_UJBAGK,train
20260503_055146_KSMJSW,train
20260503_092835_QWJHMG,eval
20260504_012015_SERHZY,train
20260504_022154_VMXLBV,train
20260504_034319_MZNREE,train
20260504_041214_HFXGEA,train
20260504_043539_BSDPRR,train
20260504_051425_UWSDYV,train
20260504_064302_FDDVRF,train
20260504_081921_WLXWGW,train
20260504_083933_KKJJUY,eval
20260506_012617_WWDBUJ,train
20260506_023855_KAAVFH,train
20260506_030420_PZLSTT,eval
20260506_031230_CNLXYY,train
20260506_031815_PVFHMH,train
20260506_032502_STHCAT,train
20260506_033340_YHVQSH,train
20260506_050355_KFASCY,train
20260506_051112_BECXHJ,train
20260506_052652_MKFGLL,eval
20260506_055438_UMXQJP,eval
20260506_064805_SYNMQU,eval
20260506_070433_ZKJPJZ,eval
20260506_073149_RWXPUU,train
20260506_073405_RREPUR,train
20260506_074106_BQADZY,train
20260506_085110_AETBBE,train
20260506_085204_KWZPKJ,train
20260506_085639_YPDNFF,train
20260506_090132_LXLWAA,train
20260506_105018_FRXBPE,train
20260507_023329_KCADCN,train
20260507_024806_RGGXZA,train
20260507_024949_FQXZHV,eval
20260507_031129_FXAHDS,eval
20260507_031259_ENXXDV,train
20260507_032428_VSAWNN,train
20260507_034137_JPVNUW,train
20260507_042907_KVKXVU,train
20260507_043223_BPWPWX,train
20260507_044957_SJLGXT,train
20260507_050539_VTVVWE,eval
20260507_050922_EJVBKU,eval
20260507_052722_SQJTRD,train
20260507_061520_MAUDHM,eval
20260507_063651_VUCGCN,train
20260507_065731_TSABZE,eval
20260507_065940_RPQREJ,train
20260507_070817_NAPJVT,train
20260507_071615_QTZBGU,train
20260507_080024_BECRFB,train
20260507_092420_YPHTCG,eval
20260507_234011_FXHPCQ,train
20260508_010920_HBFBKV,train
20260508_012021_GKNTZE,train
20260508_012742_PSNBJP,train
20260508_013726_RXFYET,train
20260508_014919_RMBUFW,train
20260508_024828_CNTZST,train
20260508_025124_WJCAZX,eval
20260508_030842_CFYGER,train
20260508_032803_KMQUBE,train
20260508_032934_UWTTVA,train
20260508_034252_VQYLXF,eval
20260508_045510_HULZMU,eval
20260508_050949_YRZNHM,train
20260508_051555_WDTZYN,train
20260508_051710_BVFZXT,train
20260508_052900_WXNKQK,train
20260508_054315_QXHYFC,train
20260508_054323_FJFNVB,train
20260508_054344_CJBUTN,train
20260508_055233_HZVDKF,eval
20260508_062924_RFVHXV,train
20260508_063648_EKUSKB,train
20260508_063805_ANBPTM,train
20260508_064232_UVJTMW,train
20260508_065213_VNENYS,train
20260508_065226_JDWVLA,train
20260508_065610_ETVPZN,train
20260508_070350_NJGJQH,train
20260508_070756_FRDPUP,train
20260508_073940_PTDYMF,eval
20260508_074514_CBCEUH,train
20260508_075103_VTGPCA,train
20260508_075753_QYNADJ,train
20260508_083453_TFSPFB,train
20260508_084101_PCMTVZ,train
20260508_090029_LXKSKZ,train
20260508_090521_KBDKJF,eval
20260508_091210_GLHQVC,train
20260508_092632_VNYEDD,train
20260509_003125_CVRRKY,train
20260509_005200_TVJVWA,train
20260509_005940_VJQKVX,train
20260509_010452_ZYZJKU,train
20260509_011524_EASRAL,train
20260509_011548_RZEASF,train
20260509_011553_WLAYGU,eval
20260509_011702_NZJWGG,train
20260509_012050_GMUQKQ,train
20260509_012229_VBRLUD,train
20260509_012717_UEPCSM,train
20260509_012850_XBSAKF,train
20260509_022822_NDYZYX,train
20260509_030242_BSHZYH,eval
20260509_030752_DGWLTC,train
20260509_030850_UBZLQX,train
20260509_032500_BYMPPS,train
20260509_033114_QTPMRX,eval
20260509_033908_XGREHW,eval
20260509_045010_ZLRBNW,train
20260509_045022_RLRNSS,eval
20260509_045038_RZWABG,train
20260509_051551_FVLFKJ,train
20260509_051750_XNDTHG,train
20260509_052424_NBMDFH,eval
20260509_052755_RVREDS,eval
20260509_054550_LCSPGT,train
20260509_054835_HURBHD,train
20260509_054847_YPKZLN,train
20260509_060402_WWPAFZ,train
20260509_060733_ELJRLT,eval
20260509_061621_QVERNY,train
20260509_062625_AHDNUL,train
20260509_064816_NAKEUG,eval
20260509_070237_NMZYWT,eval
20260509_071612_PLUCGZ,train
20260509_071826_NKYWFT,eval
20260509_073831_WCGZSC,train
20260509_082717_WDPAWN,eval
20260509_083516_DWYSJC,train
20260509_091238_DGPNQH,train
20260509_091330_MXNSWS,train
20260509_091334_ZPWEYD,eval
20260509_091830_HSYRQL,train
20260510_002458_CGHVRN,train
20260510_004016_PZJPPJ,train
20260510_004532_HPLQMS,train
20260510_005150_LEJYMV,train
20260510_010512_KBEMYT,train
20260510_011404_ZEUSNP,train
20260510_012855_HXKVDE,eval
20260510_013315_AYEKBH,train
20260510_020216_RJNQQM,train
20260510_021908_MRQRXP,train
20260510_023032_FFWJBA,train
20260510_024935_BLRYUE,train
20260510_032509_MYQDWV,eval
20260510_032636_NEVHUL,eval
20260510_045649_ZSQTLC,train
20260510_045834_KHFZLE,train
20260510_060551_EWWPHU,train
20260510_064022_YBDUYC,train
20260510_064402_VUSXNJ,eval
20260510_071450_RLCUER,train
20260510_071953_LGGBSL,eval
20260510_073518_UXAQGE,train
20260510_073606_GQFAHN,train
20260510_073641_EQEUVV,train
20260510_074634_MKBDCC,train
20260510_080431_TMRAAJ,eval
20260510_080918_SAMPLT,train
20260510_081036_TUPKYV,train
20260510_082449_GLJKEB,train
20260510_084824_HRZQUJ,train
20260510_085359_YYYUUQ,train
20260511_001953_TAZKEM,train
20260511_002451_GLTTAD,train
20260511_002731_ALTHVJ,train
20260511_003224_XDBCPQ,train
20260511_003403_RHZNKE,train
20260511_003509_TMWJMS,train
20260511_003526_GTCVKV,train
20260511_004756_AHUKYA,train
20260511_005358_GYMKHE,train
20260511_011618_JFKYQM,train
20260511_012236_RYXBWC,train
20260511_012320_XELBKV,eval
20260511_012719_WXYBSQ,train
20260511_013642_LLUDVC,eval
20260511_013958_ZTUNPM,eval
20260511_014251_RBMHHR,train
20260511_015054_BKUWWF,train
20260511_015241_SETXYK,train
20260511_021211_EJEXQL,train
20260511_022628_SVQVEH,train
20260511_024204_GZKCQQ,eval
20260511_024330_MHMEWS,train
20260511_030901_VJPGQD,train
20260511_035819_JXHKMU,train
20260511_043422_VACEZH,eval
20260511_045342_HNHHWT,train
20260511_050527_PJMECX,train
20260511_050737_EKKVDR,eval
20260511_051356_VASAZA,eval
20260511_052008_ZRYWEC,train
20260511_052943_FFZZAS,train
20260511_053055_EHUGLA,train
20260511_055043_SNCFEQ,eval
20260511_055844_FPQSCS,train
20260511_055850_CQAPYW,train
20260511_061234_UJKNQZ,train
20260511_062908_AYSPBS,eval
20260511_063143_STMLWB,train
20260511_064009_QURFGS,train
20260511_064043_AJRPRW,train
20260511_064417_MZCLLS,train
20260511_071951_SJRLYM,train
20260511_072048_VBQNCN,eval
20260511_072420_TTMWHA,train
20260511_074003_MRBSFR,train
20260511_074340_NQYMSM,train
20260511_075207_HYAZYG,eval
20260511_075231_GWUNZG,train
20260511_075329_ALANSK,train
20260511_075600_WKPBNV,train
20260511_075743_TETLWS,train
20260511_075807_HYXBEQ,train
20260511_080110_LWBSQE,train
20260511_084034_MVCLFX,train
20260511_085759_TFJRND,train
20260511_085934_KMUVSX,eval
20260511_091507_JASZWT,train
20260511_092817_JAQMKV,train
20260511_093517_WLAFXY,train
20260512_001502_YEKAQG,eval
20260512_002303_HMKCLA,eval
20260512_002332_ZCQKWA,train
20260512_002947_UYMTEV,train
20260512_003026_JRNJQH,train
20260512_003402_DYXNVB,eval
20260512_004033_MFFXNQ,train
20260512_004617_LTNRQZ,train
20260512_010230_ZGPNGB,train
20260512_010247_MXFUYQ,train
20260512_010438_VGXSHR,train
20260512_010814_UWTNPR,train
20260512_011035_TVNCWS,train
20260512_011452_HBFZTP,train
20260512_012735_EWBWGH,eval
20260512_014256_YUXLBD,train
20260512_014722_XEAWDB,train
20260512_015342_TLMVUW,train
20260512_021407_UUXQUH,train
20260512_023700_TTWGRQ,eval
20260512_025403_RKAKCT,train
20260512_030948_ANXFZZ,train
20260512_031452_DRUHFB,eval
20260512_032046_UFWUUT,train
20260512_032555_EDQUTM,eval
20260512_035029_CJKKZH,train
20260512_045258_QSCZKB,train
20260512_050824_VLKSNY,eval
20260512_051306_EHPPRA,train
20260512_051306_EXPKYV,train
20260512_051313_MZXVYE,train
20260512_052013_TJHZJM,train
20260512_052421_QSUMFS,eval
20260512_052446_TMHKLT,train
20260512_052515_HVPLJR,train
20260512_052925_JPHYUQ,train
20260512_053908_QGAMCQ,eval
20260512_054326_QVZAWC,train
20260512_055303_GMCQYZ,train
20260512_060352_UUNYPF,eval
20260512_060419_MYANWW,train
20260512_060633_TJEEUS,eval
20260512_061139_BUUKQW,train
20260512_061315_HGMRSB,train
20260512_061548_BFRASY,eval
20260512_062029_JWEETE,train
20260512_062840_AAVLUL,train
20260512_063635_MAWLKK,train
20260512_063835_UZWPXQ,train
20260512_070031_SJXJZS,train
20260512_070222_ZVFCLV,train
20260512_070648_DFYZYK,train
20260512_071606_HAEXKK,train
20260512_071854_JGFSWF,train
20260512_073114_GKCQUR,train
20260512_075521_GARMPP,train
20260512_075528_ELFSMP,train
20260512_080147_QDBFLK,eval
20260512_080412_PJKWZT,train
20260512_080830_EQWTQQ,train
20260512_081658_TGYZLP,eval
20260512_082849_CXTEBW,train
20260512_083147_CLZXMH,train
20260512_085553_HEBJEV,train
20260512_090916_WMWBED,eval
20260512_101402_CFTHUV,train
20260512_235129_EKUJJC,train
20260513_002301_AXQTPX,eval
20260513_002426_GZJEEB,train
20260513_002931_NLSHCF,train
20260513_003054_UCAXXV,train
20260513_003116_CUQZMM,train
20260513_003408_PPGQUV,train
20260513_003545_AHQTHP,train
20260513_003736_DVNTYM,train
20260513_003748_TCHMMB,eval
20260513_004337_UZEBTQ,eval
20260513_004353_LSLGAL,train
20260513_005001_EBPWTP,train
20260513_010216_QWCGWK,train
20260513_010609_ABTSEA,eval
20260513_012358_DXHJHM,train
20260513_012528_TAUMDW,train
20260513_013148_CLLYSB,train
20260513_014736_DQJCLQ,train
20260513_020432_LDRMWZ,train
20260513_021519_PNSEWE,train
20260513_021702_SWANHL,eval
20260513_024619_RESGPU,eval
20260513_025435_XKKHPW,train
20260513_025609_CKTJZW,train
20260513_031959_SWEFPQ,train
20260513_032604_NHTJNN,train
20260513_034813_NEZMZM,train
20260513_043451_HKFWUX,train
20260513_051312_GFMWYL,train
20260513_051844_CZYTZB,eval
20260513_052016_JNEHWV,train
20260513_052234_PRDCKP,train
20260513_052855_TCZEYA,train
20260513_053405_DQEKUN,train
20260513_055049_MLKKBB,train
20260513_055644_MGQFNF,eval
20260513_055738_HPVKET,train
20260513_060522_TRFVNM,eval
20260513_061027_PGKBBQ,train
20260513_061122_RWRGFL,train
20260513_061145_ZUKSZL,train
20260513_063045_EMRMBE,train
20260513_064731_ZJAQFQ,train
20260513_070838_FRZZDJ,eval
20260513_073019_HABNNU,eval
20260513_074407_SPYFVS,train
20260513_074408_DJHJUX,train
20260513_075825_NSWBNC,eval
20260513_080413_XUMQXU,train
20260513_081805_VJDPDD,train
20260513_082147_ZCPYYX,train
20260513_082342_ECJWDY,train
20260513_082737_TSBVFB,eval
20260513_084823_YXSGET,train
20260513_090328_PFRQXK,train
20260513_091929_UMWVHT,eval
20260513_094323_JZRHBQ,train
20260513_095715_NDPVDY,train
20260513_102938_CULKKR,train
20260513_105600_RBCKDX,train
20260513_114859_TLSXDF,train
20260513_123219_SBQECM,train
20260513_135912_RVZZRV,train
20260513_163412_XTHVLR,train
20260513_193715_MJYNVA,train
20260513_200047_TXYFJK,train
20260513_213846_LPUAXB,train
20260513_224809_TJAPZW,train
20260514_003633_FUKJHV,eval
20260514_003913_CARPNV,eval
20260514_004045_GPFRQB,train
20260514_004053_ECLAYG,train
20260514_004142_ZCDTTR,train
20260514_004143_REGGLU,train
20260514_004303_CZVFNB,train
20260514_004912_YVCKSB,train
20260514_010209_KZSVDU,train
20260514_010440_XKFZFS,train
20260514_011258_ERHZBN,train
20260514_011349_RRBKCJ,train
20260514_013230_MHMQNS,train
20260514_013647_YLVGTQ,eval
20260514_014416_TXUSXC,train
20260514_014645_MMRKQD,train
20260514_021137_WBGSLX,train
20260514_021139_HRCYCV,eval
20260514_022159_BSEUMZ,train
20260514_023451_ZKRXQD,train
20260514_025915_HHBAWX,train
20260514_030102_LQVZDC,train
20260514_030329_YNPXKP,train
20260514_032155_VTKLRE,train
20260514_032540_LRHTYC,eval
20260514_034526_LFLCBT,eval
20260514_034916_KNUAVE,train
20260514_042024_AQJCLU,train
20260514_044406_ULXCZQ,eval
20260514_050004_PNKKAF,train
20260514_050154_LFDQDL,train
20260514_050216_EEFUPG,train
20260514_050927_RADXBV,train
20260514_051057_WWMZQX,train
20260514_051347_NEYFNU,train
20260514_051803_WNHHNK,train
20260514_051828_HGXVQK,train
20260514_052946_EWYAGV,train
20260514_053450_PQVYXL,train
20260514_055833_CXQSDA,train
20260514_060036_USSAHH,train
20260514_060300_KQPBJQ,train
20260514_061730_NMRWAA,train
20260514_061739_SMBXXK,train
20260514_062000_GRZBBB,train
20260514_063303_JTJHMG,train
20260514_063810_CYALCV,train
20260514_064013_JVZMUM,train
20260514_064038_UMAYSM,eval
20260514_065614_KXJXGH,train
20260514_070140_RSVTLX,train
20260514_070615_YYNADB,train
20260514_070852_YTHXAQ,eval
20260514_071705_WCBQKZ,train
20260514_072408_KSSVWD,eval
20260514_073148_GBLERL,train
20260514_080018_BTWBPJ,train
20260514_080417_GCJKJQ,train
20260514_080712_XJEEUW,train
20260514_080956_CVFSLN,train
20260514_081109_BNVFNQ,train
20260514_081224_DXKJCH,train
20260514_082214_BTWPRY,train
20260514_082352_UDWXGM,eval
20260514_083925_YHCGJW,train
20260514_085649_TKUFKR,train
20260514_091120_FLSHBS,train
20260514_092722_VQLRNB,train
20260514_093654_YXEHCL,train
20260514_101837_EJTJLV,train
20260514_122456_ETWETA,train
20260514_141207_SRLTJS,train
20260514_151440_ELFVFR,train
20260514_161826_UNGWLP,train
20260514_162753_ZTNNKW,train
20260514_165446_WCRBEF,train
20260514_175259_KTABBL,train
20260514_180256_NTDRQN,train
20260514_193438_ZVGPAH,train
20260514_221600_CTXRJB,eval
20260514_222924_FQFXET,eval
20260514_230907_PAATSR,train
20260515_002327_LPDCRN,train
20260515_002846_ZHMLWT,train
20260515_002927_MGLLXG,eval
20260515_003451_VRKZKX,eval
20260515_003713_RJAXBK,eval
20260515_004143_KJJBHQ,eval
20260515_004900_MFKHCG,train
20260515_005138_GQBHLZ,eval
20260515_005215_ZUSVSH,train
20260515_005945_DVGMJP,eval
20260515_010122_HGDZLA,eval
20260515_010217_WESGQA,eval
20260515_010531_WMSRWK,eval
20260515_011013_DPRJGW,train
20260515_012224_LVHWCW,train
20260515_014107_MBZNCC,train
20260515_014452_FUEHQD,train
20260515_015025_NBAEXF,train
20260515_020009_CPCZPK,eval
20260515_020110_JBLEPW,train
20260515_020246_WHDEWD,train
20260515_022515_CAYRDJ,eval
20260515_023312_EJXYUK,train
20260515_024730_LSPHXT,train
20260515_032332_MDUBUY,train
20260515_033940_ZEFXBC,train
20260515_041004_SSZPRS,train
20260515_041914_SNZDCS,eval
20260515_044520_TLVZLL,train
20260515_045111_YJAQNZ,eval
20260515_050221_SKUHHR,train
20260515_050335_GBYCYQ,train
20260515_050433_SVKTWD,train
20260515_050614_CCUSPU,train
20260515_051152_ZUTYYP,train
20260515_051234_BBLKYG,train
20260515_051440_LVGMHP,train
20260515_051604_ZRWHDW,train
20260515_051957_MYKKBQ,train
20260515_052045_DXVNUJ,eval
20260515_053014_RCCPMP,train
20260515_053110_QBNSBY,train
20260515_053744_QNYZTY,eval
20260515_055513_YGHQMK,eval
20260515_055915_MZUQRH,eval
20260515_060005_VPPPAS,train
20260515_060018_QEYLAN,eval
20260515_061306_LQAKZF,train
20260515_062036_AEXJQY,eval
20260515_062158_KWQSQN,train
20260515_062341_NXUSQS,eval
20260515_062437_JYGNKC,train
20260515_063810_UQUCBQ,eval
20260515_064105_SPAVDG,train
20260515_065103_YKMBYS,train
20260515_065439_LEJSRA,train
20260515_065525_JNDVVQ,train
20260515_070820_XBLNLQ,train
20260515_071051_EYPTAV,train
20260515_072249_GZQZNZ,train
20260515_073412_FPTDZJ,train
20260515_073543_EDUVRP,train
20260515_075059_WHPCAL,train
20260515_080106_BHSHMA,train
20260515_080640_YFJYMK,train
20260515_080918_WMNYTB,train
20260515_081124_HMJMCK,train
20260515_082032_HZYTSS,train
20260515_082947_NWUMYH,train
20260515_083100_YGMDEL,train
20260515_083552_AAJYHN,train
20260515_084822_LQHYRZ,train
20260515_085028_QUFGNN,train
20260515_085317_KHKSUK,train
20260515_085715_VWKPCQ,train
20260515_085750_YHNHNC,train
20260515_092057_YQRARD,train
20260515_093129_XFNFUW,train
20260515_095918_ABSHSR,train
20260515_100827_LPPDPB,train
20260515_102509_BXAQAZ,eval
20260515_103019_XCTXFE,train
20260515_112017_YJJBWZ,train
20260515_113701_ZQWBJZ,eval
20260515_120842_DVGAHV,train
20260515_121446_CVSTWN,eval
20260515_123107_LQLSUV,train
20260515_125426_EEXLWV,eval
20260515_134612_KQDDCA,train
20260515_141532_KTUHXT,eval
20260515_214623_RABHUL,eval
20260515_220111_FTDPLX,train
20260515_234439_KZYBXR,train
20260516_002648_JXPLSS,eval
20260516_002828_JHJJBN,train
20260516_004257_LSNSLH,train
20260516_004459_HSKDQV,eval
20260516_004707_PSZPJJ,train
20260516_004915_CMUHCT,train
20260516_005023_PANGBY,train
20260516_005539_NVWRMV,train
20260516_005718_DBAVSU,train
20260516_010753_CGLPRW,eval
20260516_011902_NRZCAM,train
20260516_012139_YCTGRD,eval
20260516_012453_GPHCAC,train
20260516_013418_KFYNDQ,train
20260516_014556_ELBGVN,train
20260516_014830_WSVKNW,eval
20260516_015937_HVVXHV,train
20260516_020055_LAKBSC,train
20260516_023156_ULKRXK,train
20260516_023449_HYBYYX,train
20260516_025707_MBSFLG,eval
20260516_030645_PPAJKN,train
20260516_031529_ZUHXDM,train
20260516_031924_NMUWGZ,train
20260516_032841_MQLLKT,train
20260516_033513_KLSRPC,train
20260516_034829_GPTFYU,train
20260516_044505_BFMCTJ,train
20260516_044947_APJMJG,eval
20260516_045334_RTUJGR,train
20260516_051144_HZQQEM,eval
20260516_051211_DWCNCC,eval
20260516_051638_BHDUAK,train
20260516_051938_XYFQFH,train
20260516_052000_DMNXBU,eval
20260516_052412_LLMVDP,train
20260516_052642_XZBCYJ,train
20260516_052842_DNPFQS,train
20260516_053513_WBWXDZ,eval
20260516_054424_JJRXPM,train
20260516_060317_VJCLUK,train
20260516_062357_ZSDZTV,train
20260516_062527_PHFVCX,train
20260516_063548_JCJJUH,eval
20260516_064215_ZVADTJ,train
20260516_064356_BUZNYS,train
20260516_070601_YTVZXQ,train
20260516_071255_VTFPES,train
20260516_072316_EVHAZJ,train
20260516_072318_TJBEPL,train
20260516_080305_SWHVCG,train
20260516_080748_KHJSJE,train
20260516_081118_BQDCBV,train
20260516_081223_XHCVTP,train
20260516_082810_KCZZNC,train
20260516_083708_LKGCQV,train
20260516_085727_MFFKXF,eval
20260516_085812_XXFKFU,train
20260516_095746_LGMWBQ,train
20260516_105757_LYBANN,eval
20260516_213735_ZRCAPG,train
20260516_234012_RRDMFX,eval
20260517_002937_PDDPUX,train
20260517_003023_RXBRCV,train
20260517_003924_UTCJJB,eval
20260517_004051_UUDASA,train
20260517_004122_PSLLWM,eval
20260517_005103_UAVBPB,train
20260517_010612_MBYSFD,eval
20260517_012931_ESGCUV,train
20260517_014043_QGLHWM,train
20260517_015550_DPNUKL,train
20260517_022315_GVJVCB,train
20260517_025324_TNTBLR,train
20260517_025918_WLCGNS,train
20260517_050540_ELRAZF,train
20260517_051552_MVHDHH,train
20260517_051558_AFKLLK,train
20260517_052021_NUKVJY,eval
20260517_053134_RXLDJF,train
20260517_053149_WZJREK,eval
20260517_053248_ZSMXUW,train
20260517_053701_LYQUAC,train
20260517_053816_WCWELH,train
20260517_054310_GGJAPW,train
20260517_054532_HPKAPD,train
20260517_054833_MLWBLZ,train
20260517_055247_EHFBLT,eval
20260517_062207_VJVAJD,eval
20260517_062616_BUVMMB,train
20260517_063427_TYASET,eval
20260517_065024_YACNUC,train
20260517_070841_NLZNKU,train
20260517_070956_PSFJDP,train
20260517_071036_HMTWCP,train
20260517_080255_JENYHD,train
20260517_080459_MSKLKN,train
20260517_080817_TQFLGQ,train
20260517_081918_QDQKAF,train
20260517_081939_BENBYG,train
20260517_081953_UCBVVR,train
20260517_083125_AVALXH,eval
20260517_083146_NCKEBW,train
20260517_083315_VYHXKK,train
20260517_083623_TRZMUB,train
20260517_084403_RDJJKA,train
20260517_084648_QKRSUX,eval
20260517_085010_VVENLX,train
20260517_093942_LHHXYV,train
20260517_095948_KMNMJS,train
20260517_101348_RTKFES,eval
20260517_102422_QJGCAH,train
20260517_103446_BSSRCN,train
20260517_114158_JBAXVV,eval
20260517_122901_NTJEGE,train
20260517_235753_MUCJRY,train
20260518_003623_UEVNMV,train
20260518_003930_PKBPDB,train
20260518_004204_SUPNTU,train
20260518_004515_PCQBZZ,train
20260518_004550_GLCECR,eval
20260518_004815_HZZRCB,train
20260518_005323_HMVUTT,train
20260518_010529_LYPTAS,train
20260518_011810_QECFUE,train
20260518_012453_NRXXYL,eval
20260518_013041_UDNMEL,train
20260518_014343_HKGFAL,train
20260518_020203_EREPJN,train
20260518_021219_UCVDAX,eval
20260518_024330_KZKNJA,train
20260518_030149_PNTLDC,train
20260518_030452_PEXPCE,eval
20260518_032557_PWMTXQ,train
20260518_042605_YGYKHM,train
20260518_044350_RSXXSJ,train
20260518_045619_TYVQXP,train
20260518_045644_LQCKTU,train
20260518_050424_CEPYFH,train
20260518_050832_SGEFFG,eval
20260518_050914_UERQCD,train
20260518_051307_EQLHQC,train
20260518_051309_ARSTBH,train
20260518_051636_CQNBNZ,train
20260518_051648_HUZUJG,train
20260518_051730_XDUFHP,train
20260518_055031_EFMTNW,train
20260518_055049_JHFBLY,train
20260518_055510_PCVMEN,train
20260518_061722_XHYRAH,train
20260518_062708_VKDZSC,train
20260518_064041_GDNFPD,train
20260518_064408_PXDFPU,train
20260518_065654_QZJNFT,eval
20260518_070002_YCZQAK,train
20260518_071259_WXAUWU,train
20260518_071929_FTWPPS,train
20260518_073107_NRAMDX,train
20260518_073700_XYBCQY,eval
20260518_073927_ACECHP,train
20260518_074506_EHANYM,train
20260518_075633_DHFEQJ,train
20260518_080409_DYQBEE,train
20260518_081319_JCXXRZ,train
20260518_081603_ZHREBT,train
20260518_081605_YFAAYQ,train
20260518_081826_LTLCES,train
20260518_081942_WKJDAJ,train
20260518_081948_WPLDNC,train
20260518_082043_HTYQPV,eval
20260518_082217_KCTGLM,train
20260518_082348_RWRAWU,train
20260518_082751_NGFBJF,eval
20260518_083620_TCMMNV,train
20260518_083643_VQXVCN,train
20260518_083940_PZTAXA,eval
20260518_084233_PGZAFY,train
20260518_085623_SNWDAB,train
20260518_090128_CPAYAQ,train
20260518_091426_EYWTXH,train
20260518_091933_QSXYGU,eval
20260518_092641_AGHCMQ,train
20260518_093604_UTHUTZ,train
20260518_093646_PXWEDB,train
20260518_102814_QCTARJ,train
20260518_112509_AECZPJ,train
20260518_121243_UFWNMD,train
20260518_142156_UNRLWN,train
20260519_003425_KQLFDM,eval
20260519_003636_CCHEXB,train
20260519_004022_FJJTUF,eval
20260519_004206_ZRRAVC,train
20260519_005142_QWSBLX,eval
20260519_005448_NRMRPY,train
20260519_005835_NGYCRX,train
20260519_011508_FTWYNF,train
20260519_011932_GBVPTZ,train
20260519_012018_PNZGKY,train
20260519_012544_SLQHLL,train
20260519_013336_XUEQMQ,train
20260519_013532_GFXFJM,train
20260519_015137_QPQRCB,train
20260519_022449_XJWKUP,train
20260519_023212_NHPCGA,train
20260519_024014_PEYCJF,train
20260519_024210_TUJXUK,train
20260519_030033_YUDWFJ,train
20260519_033049_GUMDFB,eval
20260519_034305_ZTQXQT,train
20260519_042624_PDRUMV,train
20260519_043038_KJLDWG,train
20260519_045252_YNFLRQ,train
20260519_045356_PNXMYZ,eval
20260519_045448_WNNCYK,train
20260519_050003_METVJC,train
20260519_050533_VGFQCQ,train
20260519_050734_JVCLUM,train
20260519_051109_NSGEYG,train
20260519_051212_UEULAM,train
20260519_051457_CWVGCW,train
20260519_051650_BJKCRG,train
20260519_051809_XAREVM,train
20260519_052103_KFJRYJ,eval
20260519_052520_XEAEPS,train
20260519_052958_TUNJHY,train
20260519_053432_BTENPJ,train
20260519_054148_MZJWDH,train
20260519_055430_BEAUFR,train
20260519_055551_LUZQVB,train
20260519_060157_KRYNNH,train
20260519_061724_RBURVB,train
20260519_062336_QJXEXK,train
20260519_062429_APXUKA,train
20260519_062855_JMLRAW,train
20260519_062900_PLVHKU,train
20260519_063645_WXGZQC,eval
20260519_064207_QQEAGE,eval
20260519_074657_DPVGBB,eval
20260519_080442_QEMJPF,eval
20260519_080617_HPSSVL,eval
20260519_080723_QPRXYB,train
20260519_083041_AKZGXT,train
20260519_083935_UGUEQQ,train
20260519_084134_ZECWEC,train
20260519_090647_HFYCST,train
20260519_090653_RLYADQ,eval
20260519_090727_CURTKL,train
20260519_094641_VWKJAC,train
20260519_095145_WQXQKG,eval
20260519_101144_VWKJES,train
20260519_114510_KZUSNU,train
20260519_114759_VYYZUQ,train
20260519_123644_KMPWSW,eval
20260519_130549_RBRWGD,eval
20260519_135003_RAAQZG,eval
20260519_151149_ERTQKZ,train
20260519_161025_ZKDUMU,train
20260519_164123_XKKTMN,train
20260519_170258_RQAWRQ,train
20260519_194524_FCUACZ,train
20260519_215657_FTMHSK,train
20260519_220839_NXAYTQ,train
20260519_221826_AXVJVZ,train
20260520_000146_LLUYMW,train
20260520_001527_UEPGKB,train
20260520_002537_BVUUAX,train
20260520_003256_NYSRDY,train
20260520_003437_ZZCYLM,train
20260520_003733_LJLGZZ,train
20260520_003809_HAFANE,train
20260520_003941_KUKHZK,train
20260520_004100_BEKTBA,train
20260520_004313_QZTETM,train
20260520_004424_HWZHDJ,train
20260520_004454_BPDKRP,train
20260520_004726_QNXGTA,train
20260520_005232_VAUCHP,train
20260520_005942_PRAGZN,train
20260520_010145_PGRRSW,train
20260520_010608_KVNYRS,train
20260520_011230_GNVNUT,eval
20260520_011254_RURRQV,train
20260520_012103_AADGYL,train
20260520_012107_CNEZXG,train
20260520_013521_CUGENG,train
20260520_014042_NPXPXP,train
20260520_015625_ZJHVZZ,eval
20260520_020426_KRMUEL,eval
20260520_020638_KCWQXH,train
20260520_020859_DVBETY,train
20260520_020953_NQCGPA,eval
20260520_021343_WQEUGP,train
20260520_025507_NEJUSZ,train
20260520_031724_VVUDJV,train
20260520_032158_CZTXSM,train
20260520_032507_JHBRZV,train
20260520_033704_EQMSSZ,train
20260520_042906_QVHNZN,train
20260520_050151_BCVAZA,train
20260520_050233_YCMDRH,train
20260520_050312_ZXJPHH,train
20260520_051309_QKLTBS,train
20260520_051926_BVTQPS,train
20260520_052755_NZNLLY,train
20260520_052921_EHZWFV,train
20260520_053031_GDHYMR,train
20260520_053816_TLZGSE,train
20260520_053901_FWDPHJ,train
20260520_054104_ARVHMG,train
20260520_055607_JTQXFD,train
20260520_060325_PTUTMV,train
20260520_060550_CQYCKP,eval
20260520_060618_AYSKTH,train
20260520_062817_HGZVSP,eval
20260520_063224_QNSQWU,eval
20260520_065835_WGPDHK,train
20260520_070540_CBEESG,train
20260520_071000_PZNLRN,train
20260520_071012_EPRRQL,train
20260520_073521_SVDPZH,train
20260520_075432_YLUJUG,train
20260520_080000_KDRLAZ,train
20260520_081658_WGHAGA,eval
20260520_081737_GZSMRD,train
20260520_083123_QSGECE,train
20260520_083800_FMGSZW,train
20260520_084933_GDRMMC,eval
20260520_085327_SZKSTH,eval
20260520_090845_TYSALV,train
20260520_091221_AKVLVW,train
20260520_091326_NVCGYS,train
20260520_092005_YLAGWY,eval
20260520_092428_UUSSAB,train
20260520_095355_FYLUJC,train
20260520_101823_HSAEBH,train
20260520_103036_LFTRYR,train
20260520_124510_GPTENV,train
20260520_141612_BGXSRU,eval
20260520_143140_TXDDHF,train
20260520_160505_ZHFELM,eval
20260520_195842_PHATLD,train
20260520_210015_VFLKQL,train
20260520_211533_KUGRVB,train
20260520_231205_JQCPWN,train
20260520_233127_MXBCDN,train
20260521_002659_RATTGH,train
20260521_003121_FWZTAH,train
20260521_003247_JUUPMU,train
20260521_003717_WEKZMM,eval
20260521_004135_RLCSUQ,train
20260521_005303_PXAFFJ,train
20260521_005554_DSYPSU,eval
20260521_014055_FNVLLF,train
20260521_015648_LMEQMB,train
20260521_015713_KVUVJY,train
20260521_020804_AKUQPP,train
20260521_020921_AFYARR,train
20260521_021506_FFEZNT,train
20260521_022442_SJUHTQ,train
20260521_023618_YFGPKH,train
20260521_031212_TEYGQB,train
20260521_031253_RXCVPX,train
20260521_031346_LMAVUN,train
20260521_032926_GQMRLG,train
20260521_035704_DKVNCC,train
20260521_043806_KUBFCZ,train
20260521_043916_RWXKQQ,train
20260521_044723_THLRPV,train
20260521_045821_XWUDGV,train
20260521_050004_YHSNZA,eval
20260521_050135_ZRMYWM,eval
20260521_051424_MFUPRW,eval
20260521_052051_UPAMFQ,eval
20260521_052236_VBCHWE,train
20260521_052418_RYHXXV,train
20260521_054236_JQWUPF,train
20260521_055522_XVWFQW,eval
20260521_061424_FXCTRQ,train
20260521_065144_VFGMSP,eval
20260521_065508_DQDAHH,train
20260521_065630_WTLXUC,train
20260521_070148_ZUDYGZ,train
20260521_071057_HHBWTC,train
20260521_071123_TXDLEC,train
20260521_071313_YJQCRK,train
20260521_071909_XLYCZM,train
20260521_072323_HKHUNL,train
20260521_072547_APGDZZ,train
20260521_073134_XTFTKX,eval
20260521_073530_XUTQPW,train
20260521_074103_NTXYVP,train
20260521_080229_VZAMQA,train
20260521_080906_TPDXAF,train
20260521_081505_UYGQCE,eval
20260521_082005_UGGSYJ,train
20260521_082028_SDWEST,train
20260521_082644_PLUTET,eval
20260521_091509_KRJQVG,eval
20260521_092513_XGCHGU,train
20260521_093500_XAERDT,train
20260521_094251_KAJKFD,train
20260521_101510_KGACWM,train
20260521_101823_VVHGYX,eval
20260521_103920_JGGQNV,eval
20260521_105214_QWZAAR,train
20260521_135535_FNJYJL,train
20260521_143022_WKQYMY,train
20260521_144031_NEEEUB,train
20260521_165017_TTPPLB,train
20260521_173552_NWQKWX,eval
20260521_203528_PZJFFQ,train
20260521_204718_CNQQLE,eval
20260521_204834_SYFAUJ,train
20260521_205312_AMWESQ,train
20260521_235912_SQSRSY,eval
20260522_002239_NVVCRH,eval
20260522_002858_BHUAFD,train
20260522_003227_BHCBSA,train
20260522_003507_FNLRGC,train
20260522_003627_RVCBVR,eval
20260522_005009_NNGGNP,train
20260522_005219_JBVQRH,train
20260522_005931_CJSKVP,train
20260522_010220_TJXYRJ,train
20260522_010235_MNGBCV,train
20260522_010406_TVJLYY,train
20260522_010701_HUYJHP,train
20260522_010717_ZDCJQH,eval
20260522_011645_HVLZVN,train
20260522_013949_NEFUPY,train
20260522_014554_AYNKDT,train
20260522_015724_UEURWK,eval
20260522_020247_CHBYFV,eval
20260522_020534_NLGTTU,train
20260522_022252_XTUMDK,train
20260522_022426_LTQBWH,train
20260522_022611_FVVAUN,train
20260522_024330_VLNASY,train
20260522_024614_ZFXMJQ,train
20260522_025110_PTALEV,train
20260522_030611_RNYZUS,train
20260522_030716_STMMKX,train
20260522_032701_CNUNMH,train
20260522_034429_WLWQKB,train
20260522_035008_CKFDVJ,train
20260522_040220_YNVYMW,train
20260522_040247_DYDPZX,train
20260522_045839_XDAVYP,train
20260522_045939_NPXASW,eval
20260522_050627_VHGGNL,train
20260522_050839_REYDYU,train
20260522_050844_HALRUA,train
20260522_051107_DNZLXK,train
20260522_051237_PMSGFU,train
20260522_051738_HDSXMQ,eval
20260522_051759_MZCMHU,eval
20260522_051953_GTFULC,train
20260522_052258_QFESWV,train
20260522_053645_ZNLFYA,train
20260522_055605_NDPDME,train
20260522_055625_ESYARG,train
20260522_055831_GKXXNB,train
20260522_055928_SNKHKV,eval
20260522_060445_NGXRYM,train
20260522_061340_MCHCKB,train
20260522_061410_QEBUCW,eval
20260522_061730_WFSLTD,train
20260522_063504_JNHPYS,train
20260522_064456_VZXFXY,eval
20260522_065850_SAAHVX,train
20260522_070002_QGAAGC,train
20260522_070513_AUPSMH,train
20260522_070728_EVVVCN,train
20260522_070733_MMYCAJ,train
20260522_072057_RDLMVU,train
20260522_073025_TNGPBE,train
20260522_080035_UBATAY,train
20260522_080355_ZQFQPN,eval
20260522_080730_JXHGAD,train
20260522_081719_KEHRWE,train
20260522_082048_MVFVTU,train
20260522_083153_JNESZE,train
20260522_083945_JJSFNJ,train
20260522_085309_NGJMRH,train
20260522_090144_QZTRSD,train
20260522_092324_PVBWTP,train
20260522_100705_DPKCYZ,train
20260522_102108_RUFCMB,train
20260522_102537_UYXLHT,eval
20260522_103252_PVDCRU,train
20260522_110020_JRGPQN,eval
20260522_120351_AMRVFK,train
20260522_132537_FBMFKL,train
20260522_133325_CLMFGQ,train
20260522_150330_JATUBK,train
20260522_151509_CASPLB,train
20260522_163515_KKWUTD,train
20260522_164905_QTNMTN,eval
20260522_181632_SQXLEX,train
20260522_183310_GJVREU,train
20260522_203457_TGKFVE,train
20260522_222351_HKGVXQ,train
20260522_223142_EXGGZJ,train
20260522_224107_XSCCCT,train
20260523_000032_RMLFJV,train
20260523_001020_VLLYGR,train
20260523_001035_VNXYGU,eval
20260523_001431_DKSJVL,train
20260523_001604_TVERTZ,train
20260523_002246_NUYCMF,eval
20260523_002843_VKLQPT,train
20260523_003449_LMHTLR,eval
20260523_003456_LZAEPJ,train
20260523_004929_VTVGPR,train
20260523_005345_XFDYTF,train
20260523_005728_HJHHAK,train
20260523_010156_LSSNRR,train
20260523_010547_MQWWQQ,eval
20260523_012250_RBPDXY,train
20260523_013115_UCHDHV,train
20260523_014204_WWAUZG,train
20260523_014223_VKALGF,eval
20260523_015425_SFEJQA,train
20260523_021436_PNBXTY,train
20260523_022404_KJLAXV,train
20260523_022419_QDBGLD,train
20260523_023112_JXCCDK,eval
20260523_023520_LMGNXH,train
20260523_024842_KJSQQZ,train
20260523_025314_WRVACQ,train
20260523_030133_WAJLHW,train
20260523_030646_QUZVHB,train
20260523_032040_THKUQT,train
20260523_032636_YCRUEW,train
20260523_033250_UKZJHH,train
20260523_034034_XHBYDD,train
20260523_034257_JLXKBK,train
20260523_035307_XZJRSL,eval
20260523_042856_DKSKNH,train
20260523_043258_FGSHRK,train
20260523_045028_ZGPUTS,train
20260523_045252_LWTSTR,train
20260523_045456_HLSQNH,eval
20260523_045615_FEHXFY,eval
20260523_050117_UTGQQD,train
20260523_050235_TCAPJK,train
20260523_051322_MHGZRA,train
20260523_051715_ANKELW,train
20260523_052437_HDRQQT,train
20260523_052517_SDFHZT,eval
20260523_052612_LNZLKT,eval
20260523_052747_PSKKXW,eval
20260523_053213_RESHXH,train
20260523_053918_EBNHRZ,eval
20260523_054141_MNXMZJ,train
20260523_055218_QZCTTP,eval
20260523_055343_AMJKUL,train
20260523_060348_WRJPLY,eval
20260523_060620_MZLCDJ,train
20260523_060730_YVEBXD,train
20260523_061328_FFXARZ,eval
20260523_062254_QPGSZT,train
20260523_062749_TYQQQW,train
20260523_064507_CYRWAT,eval
20260523_065450_WCFTXJ,eval
20260523_065852_QRSVVF,train
20260523_070633_XEAADR,train
20260523_070925_TBKVLT,train
20260523_071448_ALFGMF,train
20260523_072117_KLHCUH,eval
20260523_073714_VGAJHV,train
20260523_080515_RBUWMG,eval
20260523_081154_BTTXTB,train
20260523_081518_ARBZBR,train
20260523_081552_YBUYRT,train
20260523_081710_TLLJBH,train
20260523_081751_EDPSVX,train
20260523_082006_USGRUB,train
20260523_082115_KLUXYU,train
20260523_082602_JRYSRN,eval
20260523_083148_QDLLHS,eval
20260523_084344_UZVHBL,train
20260523_084438_DPJNJU,train
20260523_084758_TMEQPZ,eval
20260523_084812_NJDNZQ,eval
20260523_091108_ZTDMHD,eval
20260523_091221_HHBYDA,train
20260523_091222_UNCTNL,train
20260523_092907_NQNTCH,train
20260523_094619_RSFXWX,eval
20260523_101633_ALBNDC,train
20260523_102216_SJFCKD,eval
20260523_103427_LESAZA,eval
20260523_104557_XPAYYS,train
20260523_105043_MBKMHS,train
20260523_111550_ZPAWJW,train
20260523_112812_WAHPAX,train
20260523_113533_KGTAYW,train
20260523_113832_TUMVPE,train
20260523_122004_DTXFLQ,train
20260523_145105_SZGWJE,train
20260523_182044_QFRBPP,train
20260523_191402_JRZSKY,train
20260523_191703_XJXHKX,train
20260523_201540_VYQRZF,eval
20260523_215030_GDBXPJ,eval
20260523_235142_YMLGAU,train
20260524_002220_FXMPNG,train
20260524_002753_HDXCRM,train
20260524_002757_YBYRVG,train
20260524_003335_MZNVJY,train
20260524_005611_JVBQMD,train
20260524_010033_NUBFRR,train
20260524_010116_WJHXSV,train
20260524_010928_ZBUNMW,eval
20260524_012737_TLQHML,train
20260524_014234_VTBDEF,train
20260524_020754_RFRNGG,train
20260524_022432_GGTRGF,train
20260524_022453_GWDHNP,eval
20260524_023725_RHRTKX,train
20260524_025954_MVMYGQ,train
20260524_030054_JAMBKV,train
20260524_031226_ULQKFX,eval
20260524_032242_HDJRNN,train
20260524_033036_RGTUUP,train
20260524_033446_LBRBRF,train
20260524_034543_ZKVPNU,train
20260524_034548_TGEVJF,eval
20260524_043326_QXCSTR,train
20260524_045344_BERWDT,train
20260524_050323_UUXFAN,train
20260524_051311_SUCUHQ,eval
20260524_052504_GEVDRW,train
20260524_052506_JEQWJP,train
20260524_052734_MWNELV,train
20260524_052912_KDDPGJ,train
20260524_052912_SFJTTM,train
20260524_053118_SYDFTT,train
20260524_053332_LSEADR,train
20260524_054201_SDUQXK,train
20260524_054352_GUERLF,train
20260524_055207_MEQLZG,eval
20260524_055757_TXYLKG,train
20260524_055947_RTRXFH,train
20260524_060146_RUPQBN,eval
20260524_062821_ZXDYUK,train
20260524_063204_ASAHSX,train
20260524_063437_GYHUKL,train
20260524_063805_NVYTFB,train
20260524_064241_TNBXTE,train
20260524_064248_JPVEGZ,train
20260524_070106_SMMKQJ,train
20260524_070248_UUBNWB,train
20260524_070700_VGTWKC,train
20260524_071224_RWMWKQ,train
20260524_071330_BFMLHV,train
20260524_071956_RAMLUY,train
20260524_072820_WRBUSE,train
20260524_073915_YHAGLG,eval
20260524_074155_EEBYEV,train
20260524_074159_KRVEHU,eval
20260524_074358_XSSSPM,train
20260524_080737_EADFUR,train
20260524_080902_LXLYBK,train
20260524_081605_VGMMVP,train
20260524_081934_BZNDLC,train
20260524_082520_WXBHPM,train
20260524_083314_VCQKPN,train
20260524_083513_VBPBPD,eval
20260524_084054_RKMBLS,train
20260524_084151_ZYPNUR,train
20260524_084333_VYCPDR,train
20260524_085614_XLTJVN,train
20260524_092604_KBSEZB,train
20260524_093831_FFKYMA,train
20260524_100719_RACPLR,eval
20260524_144703_LNVVFE,train
20260524_162912_ZHVTAA,train
20260524_165000_CVTTAU,train
20260524_171351_RTTWBU,train
20260524_194121_ZUZUAA,eval
20260524_235956_UDMFPV,eval
20260525_000838_ZGCADP,train
20260525_002555_PPJDEM,train
20260525_004047_XHKBJJ,train
20260525_004512_MTCYLK,train
20260525_004523_XWXGAV,train
20260525_005250_CSEYNS,train
20260525_005400_JBYDDN,eval
20260525_005818_NWHGVZ,train
20260525_010426_BRHDJD,train
20260525_012308_FVCMMZ,train
20260525_012636_MVTXHN,train
20260525_013040_BCKSLH,train
20260525_013203_JPDCLJ,eval
20260525_013715_THMGFT,train
20260525_015334_YTQRXR,eval
20260525_015559_MEBXBU,train
20260525_020939_HWLRQE,train
20260525_022436_RXCTSH,train
20260525_023101_GYZSSE,train
20260525_023112_BLPXDN,train
20260525_024405_KRKXVX,train
20260525_024459_EUUUAT,train
20260525_025722_TAMTEZ,train
20260525_031349_RBGZAR,eval
20260525_032755_VQQCUC,train
20260525_033907_DFYXYQ,train
20260525_034021_ZZBWDH,eval
20260525_043346_SVWXMJ,eval
20260525_044809_BCQNYL,train
20260525_050457_DBLHCG,train
20260525_051715_EHKHAU,train
20260525_051737_XSWTXB,train
20260525_052652_UNUHYS,train
20260525_052922_CRNNXC,train
20260525_053647_ACFHJS,train
20260525_054531_BMLRUX,train
20260525_054548_KKWZTB,train
20260525_054710_QADJAK,eval
20260525_055842_PFCLQF,train
20260525_063147_CSRKUP,train
20260525_063559_RTZCQJ,train
20260525_063858_VQEBRW,train
20260525_064533_CQJEPA,train
20260525_064921_NSDHWW,train
20260525_070407_JXXWWB,eval
20260525_071222_BZUZAM,eval
20260525_073147_RZLBRG,eval
20260525_073331_BWEHZU,eval
20260525_073942_FTVAQK,eval
20260525_074728_BNWWZQ,train
20260525_075623_CRFPBX,train
20260525_075831_ULTBJJ,train
20260525_082630_WRTEUU,train
20260525_083646_JYTQAH,train
20260525_083936_AHDHYA,eval
20260525_093226_DYWGVQ,train
20260525_093422_FJATWR,train
20260525_095709_FPFZTT,eval
20260525_132333_TNKMRS,eval
20260525_140916_RZFUYK,train
20260525_141233_BKEGAB,train
20260525_142958_ELZLLA,train
20260525_145324_WYAKDW,eval
20260525_153037_DFSASW,train
20260525_154909_BCAVLS,train
20260525_165536_ASRWFN,train
20260525_183004_RJEWUY,train
20260525_183820_WXPSSE,train
20260525_191058_CQHAHE,train
20260525_192610_GMFQGY,eval
20260525_200353_CEHXYR,eval
20260525_201239_PTZLLP,train
20260525_205715_CKBNYA,eval
20260525_212113_KXYHBL,train
20260525_235359_XZNHYT,train
20260526_000632_VACKRP,train
20260526_002509_MPRAEX,train
20260526_003055_FBGPRN,train
20260526_003157_YFGVGN,train
20260526_003614_DAPJUD,train
20260526_004721_CKYXZL,train
20260526_005902_XHFNEJ,train
20260526_013804_ATXXYV,train
20260526_015024_GATGZP,train
20260526_015427_LJSAPR,train
20260526_020232_KCVUNC,eval
20260526_020642_PVNRDY,train
20260526_021054_YFTGNQ,train
20260526_021108_AYTBXX,eval
20260526_021310_UKAKRB,train
20260526_021912_YJDSKU,train
20260526_023053_BETUYE,train
20260526_023416_BWBGRT,train
20260526_024112_ANJNDW,train
20260526_030353_FWBKBD,eval
20260526_030440_DYFMVG,train
20260526_030515_FEHAZV,train
20260526_045244_SSRZBE,train
20260526_050200_QPXRDK,eval
20260526_050406_HDMEWY,train
20260526_050601_FAJYKM,train
20260526_050906_PCVGFS,train
20260526_052020_BVMLCQ,train
20260526_052633_GNCSND,eval
20260526_052637_DHFXVF,train
20260526_053128_GKMJEH,train
20260526_053810_WTMBDC,train
20260526_053819_XVAPTS,train
20260526_053831_YYBGZR,train
20260526_055256_DSAQFU,train
20260526_055721_HJZTUF,train
20260526_060541_LHCUEL,train
20260526_062540_RRASED,train
20260526_063222_DFNUPD,train
20260526_063445_TCXMXY,train
20260526_063912_QQDJBQ,train
20260526_064224_WMZBMP,train
20260526_065815_RUJRWS,train
20260526_065955_BEHZCW,train
20260526_070037_RXAFES,train
20260526_072211_SXVYZK,train
20260526_072214_GKSLKV,train
20260526_072345_WLGBJW,eval
20260526_073905_PTYTJR,train
20260526_075923_YAQNHV,train
20260526_081009_MKNBPW,train
20260526_081011_SXKYLJ,train
20260526_083314_EMVQUS,train
20260526_083356_KRGXBK,train
20260526_083524_DVPYJS,train
20260526_083720_VDFJFZ,train
20260526_084119_RTZLFY,eval
20260526_084333_ZMFLFD,train
20260526_084511_PCWAYR,train
20260526_084515_HQGHPH,train
20260526_084616_YGVVSR,train
20260526_090323_YKCUGG,train
20260526_101216_XRSXND,train
20260526_102659_KBJLJZ,train
20260526_105255_LBKXJY,eval
20260526_105448_RFHTQF,train
20260526_110025_VGKSJV,eval
20260526_112512_PLBGUM,train
20260526_112831_QTDGRJ,train
20260526_113121_VAPVPT,train
20260526_122643_QCKLGZ,train
20260526_140411_CKGCFJ,train
20260526_144039_SCZAUU,train
20260526_150817_DVPXXG,train
20260526_152752_JNHVUG,train
20260526_160237_PQCYTM,eval
20260526_165826_SKGFGG,train
20260526_172335_FQSMZY,train
20260526_190203_QJAVYA,train
20260526_200841_QLYKWC,eval
20260526_214940_TDHVBL,train
20260526_220717_RPFBMX,train
20260526_230027_KWXSDU,train
20260527_001503_CPZYDE,train
20260527_001707_URRWMP,train
20260527_002254_MFEBZE,train
20260527_002555_HAAATG,train
20260527_003208_MHFDKZ,train
20260527_003226_HWHEPP,train
20260527_004003_LPPFRA,train
20260527_005446_VEXWZE,train
20260527_005650_AECMSX,train
20260527_010352_RPVWNM,eval
20260527_010530_VJEBBX,train
20260527_012714_VDGFLY,train
20260527_013545_BRPEEL,train
20260527_014917_VWTTJJ,train
20260527_015005_JHEGJB,train
20260527_020401_MCFQBG,train
20260527_020647_FNLNYK,train
20260527_021312_XDYMSS,eval
20260527_023052_FELCVX,eval
20260527_024735_MYLMVR,train
20260527_024747_VXFDNZ,eval
20260527_025105_NNWDXQ,train
20260527_030425_RSNYME,train
20260527_030829_PQQXSC,train
20260527_031200_YHTEQL,train
20260527_033014_YDQRGE,train
20260527_033100_KMCLGQ,train
20260527_035122_USJLQN,train
20260527_035125_UBFDQM,train
20260527_035812_ZQQDHA,train
20260527_041429_EYBKMU,train
20260527_042614_RUHURF,train
20260527_050905_LFVNZV,train
20260527_051017_NZHVSP,train
20260527_052150_TMAVEZ,train
20260527_052248_BJFPYX,train
20260527_053619_HJMJUZ,train
20260527_054902_MYFVXU,train
20260527_061334_ZREQXR,train
20260527_063836_JMNCML,eval
20260527_064456_ULPMLW,eval
20260527_065926_KMSKAG,train
20260527_070817_TSSTLE,train
20260527_072416_GQZXWH,train
20260527_074403_CSRPLP,train
20260527_074449_ZZFGWY,train
20260527_080741_YYDLUF,train
20260527_080913_VVTEWT,train
20260527_081048_ZCTFVG,train
20260527_081230_STEAHP,train
20260527_081325_QZVGNY,eval
20260527_081919_MTGXKG,train
20260527_081929_HWLMQD,eval
20260527_082111_NKKXLY,train
20260527_082447_DVGVPB,eval
20260527_082547_DYPKQS,train
20260527_083856_UZCGEU,train
20260527_083957_MCMWYH,train
20260527_085450_DRXMLH,train
20260527_091250_FQWWEA,train
20260527_101535_KKAPGY,train
20260527_102400_HXKLZU,train
20260527_103950_NELGKE,train
20260527_120903_LTUTQS,train
20260527_130415_PYACHV,train
20260527_135202_CZEWJB,train
20260527_140603_KJXJJC,train
20260527_140734_KVWPAW,train
20260527_151057_VYQPKV,train
20260527_160027_CJDUYP,train
20260527_163036_LNWALM,train
20260527_164135_NURCAG,train
20260527_164157_UWRKQS,train
20260527_165552_AXRURY,train
20260527_190538_LHATRZ,eval
20260527_191932_CECKXS,train
20260527_202544_JTXFHD,train
20260527_211858_WEATJM,train
20260527_212535_SLDLAV,train
20260527_220140_ATDTFP,eval
20260527_235044_SENTDJ,train
20260528_001632_GNUQKN,train
20260528_002808_MYTMBE,train
20260528_002847_GTELSE,train
20260528_003626_PWLNLM,train
20260528_003744_VSFGAM,train
20260528_004231_UKUEVE,train
20260528_004542_MNTLGT,train
20260528_005227_LZUWEX,eval
20260528_010234_NQBLUT,eval
20260528_010649_LSJYCX,train
20260528_011428_JMVJQD,train
20260528_011751_PSCHUN,eval
20260528_011958_RGCWDM,train
20260528_012244_ANFHSN,train
20260528_012525_QBMJQV,train
20260528_013503_NYAJSU,train
20260528_013803_GSHPAG,train
20260528_014244_SGQHML,train
20260528_015837_CFSVHM,eval
20260528_020708_KTVVVL,train
20260528_021602_NCZRXM,train
20260528_023419_YAKEZN,train
20260528_023844_FPMNZQ,train
20260528_025535_MXMVZM,train
20260528_030125_XKJAZE,train
20260528_030923_FGYCUH,train
20260528_031143_BXXGTX,train
20260528_031641_VAEULN,train
20260528_032216_JWJFYY,train
20260528_032741_KLMEUD,train
20260528_032942_YYASKM,eval
20260528_033028_KRCPWV,train
20260528_034055_GJHMNQ,train
20260528_035832_FDNFVU,train
20260528_043755_AXJLDG,train
20260528_044854_RBGGPW,train
20260528_045739_NGLTML,train
20260528_050457_ATJDCL,eval
20260528_051222_JBDMDY,eval
20260528_051330_FYMATR,train
20260528_051549_UVDDQM,train
20260528_052138_JYRZYH,train
20260528_053421_NTHVLY,eval
20260528_053426_JLKTCP,train
20260528_053823_ZGGSXC,train
20260528_054050_YHXWYS,train
20260528_054909_HHHHJR,eval
20260528_054931_LPPFRV,train
20260528_055535_WKVAKG,train
20260528_060951_KPJJYS,train
20260528_061115_KSYLTE,train
20260528_061446_AZXNDB,eval
20260528_062352_AMUJHY,eval
20260528_063640_TXUZCP,train
20260528_065845_NPMVZM,train
20260528_070342_ZZFXMY,train
20260528_071057_GMXXQX,eval
20260528_071148_YZQMQJ,train
20260528_071437_WXSTMG,train
20260528_071604_GEBUFX,eval
20260528_071738_CSRXZE,train
20260528_072450_YJNDDZ,train
20260528_073456_YSBPUM,eval
20260528_073653_DMBPZJ,train
20260528_074209_NYNJLJ,train
20260528_074808_WVWTAW,train
20260528_081713_ERHSNV,train
20260528_082030_RNPZWJ,train
20260528_082057_UKDTLT,train
20260528_082531_TXYURL,train
20260528_082543_LRMAEQ,eval
20260528_082558_EDAMVK,train
20260528_090559_RUUHJZ,train
20260528_091122_LYMLEY,train
20260528_092357_YZRBFN,train
20260528_094629_URPQMF,eval
20260528_113340_ZMKWYL,train
20260528_121244_XZUASV,train
20260528_123259_PWYYRU,eval
20260528_131330_CLFUXF,train
20260528_132224_VPNEEF,eval
20260528_133212_GJFJPB,train
20260528_133559_WKMXWC,train
20260528_134012_HWPTJV,train
20260528_153606_AMQUPT,train
20260528_154700_MCLVRM,train
20260528_165436_NKSQJG,train
20260528_174411_BAWGUT,train
20260528_182024_ELBRNS,train
20260528_190102_MWKVTJ,train
20260528_200510_JWWURQ,train
20260528_204511_JCPMMY,train
20260528_205626_KVDLMC,train
20260528_210510_MHSFSH,train
20260528_211541_JHBCZT,eval
20260528_221023_JXWJQZ,train
20260528_222423_SKNMHN,train
20260528_224707_KGBFPP,train
20260528_231308_BAVTWG,eval
20260528_235158_ANMNXQ,train
20260529_001733_FTHVMB,eval
20260529_002938_FFCPVX,train
20260529_003228_UWVDFS,train
20260529_003313_RPTCFF,train
20260529_003945_RQMQXQ,eval
20260529_004012_YKECCH,train
20260529_004740_KLVNEZ,eval
20260529_004925_LVUKZH,train
20260529_005055_WSKAMA,train
20260529_005105_RMFSRG,eval
20260529_005637_BWLDBE,train
20260529_010304_DNEYCQ,train
20260529_010809_FTQFDR,eval
20260529_011322_EDGJDH,eval
20260529_012527_ZSAWKU,train
20260529_012618_HZTSPL,train
20260529_012817_WMNYNW,train
20260529_014955_DPGPEA,train
20260529_015329_ZEVWPM,train
20260529_020255_EFHDKC,eval
20260529_020314_MGCCRT,train
20260529_020707_XCBRGC,eval
20260529_020851_EMWGZL,train
20260529_021756_XSWNKB,train
20260529_022002_USUVZP,train
20260529_023138_CSLPCH,train
20260529_023355_WRRFMD,train
20260529_024206_ZJHRWL,train
20260529_025212_AGZXDJ,train
20260529_030322_SFHXSK,train
20260529_031024_FPPLUH,train
20260529_031544_LZHGYT,train
20260529_035243_DVAKFA,train
20260529_041754_GTDFAS,train
20260529_041910_UYJTAY,train
20260529_042519_NRSWXR,train
20260529_045043_BKXJWS,train
20260529_045102_YDTVRN,train
20260529_045150_NZKNZQ,train
20260529_045454_LUZFLG,train
20260529_045547_HTGZRW,train
20260529_045855_RAEGQF,train
20260529_051948_AZMQHU,train
20260529_052032_JMVZTZ,train
20260529_052156_AHAACS,train
20260529_052343_MEZSMW,train
20260529_052444_ABUHSM,train
20260529_052503_SQZSBS,train
20260529_052737_VDDFQA,train
20260529_053135_MHDSKH,train
20260529_053933_MAJELW,eval
20260529_054650_NBVGJC,eval
20260529_060003_GEJWXM,train
20260529_061305_DDDSPE,train
20260529_061811_QNJHZJ,eval
20260529_062833_QQFVGY,eval
20260529_064502_GHYLRZ,train
20260529_072040_CBGXVC,train
20260529_072739_WCYRMB,train
20260529_073446_AKYCYJ,eval
20260529_074706_SSAMWC,train
20260529_080705_UPHQHH,train
20260529_081340_ASULGD,train
20260529_081444_VVULBR,train
20260529_081716_FWLMFF,eval
20260529_082404_WGQEHN,train
20260529_083952_PNYTJZ,train
20260529_084112_MPCGZV,train
20260529_084651_QUQDEK,train
20260529_084813_SFLCSV,train
20260529_084931_PHFFTK,train
20260529_091013_JMKWND,train
20260529_093641_ZNEHKD,eval
20260529_094025_HYPWQJ,train
20260529_095313_TZVFAK,train
20260529_100832_KYJXMD,eval
20260529_102112_RZYKEC,train
20260529_110854_BVSFUC,train
20260529_112627_FXTDHA,train
20260529_113232_ULUTMN,train
20260529_130311_XVTEJE,train
20260529_140115_YCHPVB,train
20260529_143206_PCEBUR,train
20260529_143731_MHSPNJ,eval
20260529_143733_RSSXRD,eval
20260529_151032_LJDLBC,train
20260529_154005_AJJBVF,train
20260529_171152_ZKMVHM,train
20260529_183218_ZTHTND,eval
20260529_193346_ABBDNL,train
20260529_204711_QEPUYQ,eval
20260529_215649_BQXYFC,train
20260530_002455_CJXXYY,train
20260530_002744_KMAVAK,eval
20260530_005216_TZFHWD,train
20260530_005708_RSHPWD,train
20260530_005751_JYBFZK,train
20260530_010120_MEPZPY,train
20260530_010624_WCFWWN,train
20260530_011531_AFBLBS,train
20260530_012025_WKNLMZ,train
20260530_014054_UTZRGU,train
20260530_014630_ASQBBJ,train
20260530_015028_YLEGVS,train
20260530_015516_YBSPDX,train
20260530_020755_RRZZBW,eval
20260530_021332_PWJPXQ,train
20260530_021821_PNGYHK,train
20260530_022749_HJMNAD,train
20260530_022929_WWLSGL,train
20260530_023234_GEZRBA,train
20260530_023346_UHMXJZ,eval
20260530_024322_FRHQJK,train
20260530_025747_ARZENR,eval
20260530_030948_XMPMJW,train
20260530_031452_LDFLVQ,eval
20260530_032953_DMBQHP,train
20260530_034406_SJNGHX,train
20260530_034717_SSVHQZ,eval
20260530_041701_HACAGW,train
20260530_050732_TWBZYU,train
20260530_051918_SNQAHK,train
20260530_052225_XFHJAM,train
20260530_052725_BAEVFJ,train
20260530_053004_TWTSKT,eval
20260530_053833_UJJCMJ,train
20260530_054808_KLQCHF,train
20260530_054932_YLUMMW,train
20260530_055132_LNATQS,train
20260530_060136_BQHWDK,eval
20260530_062357_KAYSFY,train
20260530_062915_FDWBMP,train
20260530_063003_AWJPBG,train
20260530_064028_BVVFPA,train
20260530_065011_PHXFEF,train
20260530_070149_GHDHTZ,eval
20260530_070448_RMARPM,train
20260530_070731_LTCVNY,train
20260530_070844_FYWMSW,eval
20260530_071427_RFWSCG,eval
20260530_073309_MWVADN,train
20260530_075340_SHSVHV,train
20260530_081657_RQLQPM,eval
20260530_082059_GWSYSN,train
20260530_082153_RSAAQP,train
20260530_082523_PPYGSV,train
20260530_082619_HYNDBZ,train
20260530_082647_YCQUCU,train
20260530_082842_JMKUFS,eval
20260530_083916_TBNMXN,eval
20260530_085137_QFHJUD,train
20260530_085512_ENDYTJ,train
20260530_093551_JRJKRW,train
20260530_100638_DZSPKV,eval
20260530_101536_SSNMEU,train
20260530_103102_YDDXTD,train
20260530_103413_HFPZKK,eval
20260530_104614_JCGZDR,train
20260530_132406_DZPXXF,train
20260530_143956_GLRFVS,train
20260530_144806_AKLXLU,eval
20260530_160828_TBFPCH,train
20260530_171247_DNUHRQ,train
20260530_171548_DAPXDZ,train
20260530_171855_VBXPZF,train
20260530_194021_LVCMTL,train
20260530_201139_DGYWFP,train
20260530_203028_RZSVGZ,eval
20260530_204437_NVNVES,eval
20260530_205604_TVMFZN,train
20260530_211755_BZVPNP,train
20260530_214029_RBMELL,eval
20260530_225553_ZUCDAJ,eval
20260530_233730_JDKBGX,train
20260531_003426_CEBQXK,train
20260531_003457_ZWQKWR,train
20260531_003802_MVAPAF,eval
20260531_005705_ZWLRYV,eval
20260531_010406_SHTANK,train
20260531_011233_XLNAQM,train
20260531_012605_VWQDJD,train
20260531_012735_MHCRWT,eval
20260531_014417_DJUSRD,train
20260531_015143_NXSEKU,train
20260531_015154_ATZFHT,train
20260531_015826_GBDKGZ,eval
20260531_015855_BUVXGR,train
20260531_021536_JSXFDE,train
20260531_021543_AYRYRA,eval
20260531_021609_CEGCMJ,train
20260531_022042_YLERDC,train
20260531_022302_ZBVXGT,eval
20260531_022658_GBUBHD,train
20260531_023304_BZNANH,train
20260531_023657_WJCRKH,train
20260531_025039_FCYGDM,train
20260531_030052_VMSHSN,train
20260531_035630_JLUPXJ,train
20260531_050426_JQGSCP,train
20260531_050659_RZLXFJ,train
20260531_050917_KWWXZZ,train
20260531_051228_YCGJGF,train
20260531_051428_DXRDAS,train
20260531_051649_BYMUPB,train
20260531_051824_CYALTK,train
20260531_052357_GZKJUC,train
20260531_052734_PMFJLW,train
20260531_053807_YMGWFL,train
20260531_054248_QSNVYQ,eval
20260531_054855_NUGDZP,train
20260531_055321_KCVVNK,train
20260531_060926_SKQYDP,eval
20260531_061648_BFGLYL,train
20260531_062120_RZXLQQ,train
20260531_063536_NDZSHW,eval
20260531_064542_SRERLQ,train
20260531_064808_SXSYVQ,train
20260531_064947_AHHUQW,eval
20260531_065204_DQXXBY,train
20260531_070919_ZJLDWG,train
20260531_075102_DLNKLW,eval
20260531_075141_GYMNAY,train
20260531_075512_VBXGHN,train
20260531_075603_ZFKQQP,train
20260531_080408_BKCEQQ,train
20260531_081429_NHRUUF,train
20260531_081851_GRWXAJ,train
20260531_081854_JKQPPX,train
20260531_082505_PKPXJX,train
20260531_083043_PSKXBW,train
20260531_085253_BRAHML,train
20260531_093443_VQDKLK,train
20260531_095208_QMGDTC,train
20260531_102817_DWTKCZ,eval
20260531_113028_YLVNVK,train
20260531_130514_TAMPYV,train
20260531_192833_URUVYU,train
20260531_210006_JXVEBM,eval
20260531_221218_UJWSTC,train
20260531_225551_MWBCSV,train
20260531_230357_VCTWDU,eval
20260601_001934_XGPYBQ,eval
20260601_003321_SYEWEA,train
20260601_003619_SZHZZN,train
20260601_004847_VULACQ,train
20260601_005844_GEPEZE,eval
20260601_013848_NCJEFM,train
20260601_015115_FHEFKW,train
20260601_015156_GFJBSZ,train
20260601_015354_VFHMXF,train
20260601_015739_TUWDUS,train
20260601_022021_XHTJFQ,train
20260601_024037_HUCBYD,eval
20260601_024241_CEACAD,train
20260601_025256_UZSMSJ,train
20260601_030246_PMLVTS,eval
20260601_030843_JRLXKL,train
20260601_033423_EFMLEF,eval
20260601_034337_VPYPFB,eval
20260601_034448_FXRBKN,train
20260601_041117_KBMMCA,train
20260601_043135_GPVQMN,train
20260601_044818_ZFFZNA,train
20260601_045415_BUELXB,train
20260601_045906_BMEVSL,train
20260601_050544_GMBQXE,train
20260601_051542_PLMZCK,train
20260601_052021_ZDHGMW,train
20260601_052200_PHBWGZ,train
20260601_053059_XYACGD,eval
20260601_053641_DFMEYF,train
20260601_053854_VDGKVF,train
20260601_055118_XCHEEQ,train
20260601_060006_NWYKNR,train
20260601_060142_DPHPDC,train
20260601_062103_ZWUMTW,train
20260601_064621_GVLHRA,train
20260601_065236_DSWQXB,train
20260601_065436_ZASNWN,train
20260601_065610_AKNRWB,train
20260601_072523_TGEVJK,train
20260601_072740_DNBWTX,train
20260601_073852_QYEYCG,train
20260601_075025_GPKGMR,train
20260601_075324_PNDYKU,train
20260601_080424_ZZSACF,train
20260601_080601_VFHJUT,train
20260601_081124_LBAXEV,eval
20260601_081358_FXFXTM,eval
20260601_081906_CEFQNH,train
20260601_081956_XNRTUE,train
20260601_083026_UNNVVU,train
20260601_084720_DNUFNK,train
20260601_085234_BPPPEM,eval
20260601_092116_MLVBRP,train
20260601_094708_XYBLAL,train
20260601_103156_LMWTPQ,train
20260601_111442_LRMGHE,train
20260601_120258_FBLAZX,train
20260601_134349_KTKRMM,eval
20260601_140758_HDRTPE,train
20260601_165914_RZBLRL,train
20260601_170810_TCDZNM,train
20260601_181833_SRAHSZ,train
20260601_182540_QTTHXG,train
20260601_191259_XRCQMP,train
20260601_192549_NPQBUW,eval
20260601_194319_PSXZDZ,train
20260601_210452_XXWRNG,train
20260601_211043_MHCHWH,train
20260601_215047_XBCWKM,eval
20260601_220527_HVTNXH,train
20260601_225604_DJWKYD,train
20260602_001552_KMBWRM,eval
20260602_003256_SECZYV,train
20260602_013429_LSQGED,train
20260602_014523_UPPGDV,eval
20260602_015420_XMHBDL,eval
20260602_020554_NPUSGL,eval
20260602_024459_TBRZAS,train
20260602_024902_KTSGKQ,train
20260602_025038_JABXBW,train
20260602_025459_MQPKPC,train
20260602_030750_SFULYD,train
20260602_030949_XYVSZR,eval
20260602_031024_DWTTLR,train
20260602_033251_TLAVAQ,eval
20260602_033537_TWLFLN,eval
20260602_033703_BYKQTS,train
20260602_034356_ACDYAP,eval
20260602_040700_AJYWZR,eval
20260602_044459_JESPLZ,eval
20260602_050752_CHQMTJ,train
20260602_051147_NQKBYW,train
20260602_051522_HFARGM,train
20260602_051714_ZUWSGZ,train
20260602_052733_TYKWYX,train
20260602_053020_RJRETN,train
20260602_053334_RLRYAN,eval
20260602_060326_QPMJCG,eval
20260602_061328_NJTVJB,train
20260602_062914_SACNCF,eval
20260602_063451_NPLSGA,train
20260602_064426_NDWJRV,train
20260602_070357_ZSCQKX,train
20260602_075118_ZCLDHR,eval
20260602_075512_AFVWNZ,train
20260602_080405_HZCJHK,train
20260602_082022_FARMLY,train
20260602_090350_GPDXEF,eval
20260602_090821_KJSRZC,train
20260602_093232_QXUAYX,train
20260602_095924_MMNKBQ,train
20260602_104414_PAHKEC,train
20260602_104823_HDKGKP,eval
20260602_114843_QUMFSU,train
20260602_120116_NRFHZE,eval
20260602_122255_XBYFMS,train
20260602_124953_LNBBRP,train
20260602_140544_LGCGQS,train
20260602_142229_JKSREF,train
20260602_171329_DRSPDC,train
20260602_185902_KKLSRC,train
20260602_194814_XXCVXZ,train
20260602_204028_CNRPYC,train
20260602_211045_WKRQQZ,train
20260602_232325_QPHYCF,train
20260603_000200_JKRMXZ,train
20260603_003643_CZNGCR,eval
20260603_005156_ZLJNYC,train
20260603_005444_HFDJKH,train
20260603_010448_CUEXXN,train
20260603_013222_HARZWM,train
20260603_013637_TPLVZU,train
20260603_014609_GEBXZA,eval
20260603_020439_DGMATJ,eval
20260603_020642_KETZTK,train
20260603_020825_GKEYVJ,train
20260603_021002_UJMBNY,train
20260603_021024_PSFHZA,train
20260603_021355_JYZWNG,eval
20260603_023327_GSYWHT,train
20260603_025254_GCMCTC,train
20260603_031333_QJXXTS,train
20260603_032926_PCGGMG,train
20260603_033653_SZJVYV,eval
20260603_033826_HJQAGV,eval
20260603_034242_XXFZGZ,train
20260603_040315_ZJRLQV,train
20260603_043257_VPCPCW,train
20260603_043900_LAUNRB,train
20260603_043945_RSAECC,eval
20260603_050003_JKCUHW,eval
20260603_050940_XCRCCS,train
20260603_054658_KQSKRD,train
20260603_055946_SDFVRY,train
20260603_062049_LHECJV,eval
20260603_063923_KVWBDT,eval
20260603_070123_VPXNYG,train
20260603_071150_MSGVAL,eval
20260603_071929_NERHJT,train
20260603_075055_FXZJRT,train
20260603_075058_LHMNLP,train
20260603_080401_BJCVVJ,train
20260603_081031_QRVMGK,train
20260603_081241_TJHVKE,train
20260603_081336_AJGTPL,train
20260603_081425_WZUUMS,train
20260603_081807_SYKXBM,eval
20260603_082009_TSAWEL,eval
20260603_083230_HFFKMC,train
20260603_083945_PMTWGU,train
20260603_084746_WMJHMT,train
20260603_085417_DVULJN,train
20260603_091452_MDMTSL,eval
20260603_091945_BBXAST,train
20260603_103801_USXKUA,train
20260603_114002_BTKDMM,train
20260603_141001_NESPYH,train
20260603_164720_WFVFGQ,train
20260603_181309_KJQJSD,train
20260603_181712_YCAASF,train
20260603_231931_GUXBEE,train
20260603_234142_YYEKPQ,eval
20260604_001020_BAGNVC,train
20260604_001335_KJBXHV,train
20260604_002637_TKDQMR,eval
20260604_003014_YREEYG,train
20260604_003110_FSFALF,train
20260604_004244_DVDEWK,eval
20260604_010302_UNSZXW,train
20260604_010405_HBYSAX,train
20260604_011753_UTBNCB,eval
20260604_011909_CNZXCQ,train
20260604_012228_HRAPGA,train
20260604_013019_QZWNMM,eval
20260604_013829_UWYVJS,eval
20260604_014057_USGSQD,train
20260604_014316_CMSFTK,train
20260604_020250_EDXCLA,train
20260604_020420_PZMNCW,eval
20260604_020457_YVSEQM,train
20260604_021100_MUMDXG,train
20260604_022123_TZXGJA,train
20260604_022256_WRXDRJ,train
20260604_024412_LJCKXA,train
20260604_030557_EUCQRJ,train
20260604_031131_LBMRTB,train
20260604_031507_QGGSJL,eval
20260604_031710_TEVKKZ,train
20260604_031838_BQLSXY,train
20260604_033026_VHMSPB,train
20260604_035951_ULQBSC,train
20260604_040500_LVXZVV,train
20260604_042506_LAMFZR,train
20260604_042625_FVDLGC,train
20260604_043313_DZRKRA,train
20260604_043610_XJFLUR,train
20260604_044545_MUTYTP,train
20260604_044814_WXRVMX,train
20260604_045146_TQMBAQ,eval
20260604_045236_HYESXF,train
20260604_045511_FKUWXV,train
20260604_051135_NQPFBB,train
20260604_051339_FWPHUR,train
20260604_051647_HXXLUY,train
20260604_051803_YCFHFG,train
20260604_052401_XSZRJN,train
20260604_052702_MFAXTC,train
20260604_053025_EVSBTA,train
20260604_053113_LFUQNY,train
20260604_054634_JEASHC,eval
20260604_055528_JHQLUN,train
20260604_061259_GRSGHR,train
20260604_061457_LKLDCH,train
20260604_063738_AKUZWJ,train
20260604_064507_BSPHCD,train
20260604_064551_TDPAJH,eval
20260604_064648_THLAZQ,eval
20260604_070232_SRUBBD,eval
20260604_072241_EKGMTW,train
20260604_073019_LHUYLN,eval
20260604_075134_ZNLDQX,train
20260604_075235_HPWBFH,train
20260604_080348_RVPVMC,train
20260604_080834_YLUPXM,train
20260604_080943_PDTNBV,train
20260604_081713_NCZGZL,train
20260604_082545_YLAERP,train
20260604_084753_WJKTYA,eval
20260604_085440_KCVTPE,train
20260604_090917_KQXURZ,train
20260604_092244_XMMHDJ,train
20260604_093605_WTLSFV,eval
20260604_094451_WLJXXK,eval
20260604_102128_FPWSUA,train
20260604_112840_HLSPGY,train
20260604_123709_KSQJGB,eval
20260604_150025_HGDRPR,train
20260604_171608_LWNLVW,train
20260604_173807_YXAKVS,train
20260604_185658_HHWSJH,train
20260604_224719_SGGXCP,train
20260604_232141_MYSXDG,train
20260604_232203_MGZHRC,train
20260604_233241_YWFKPU,train
20260605_000914_YZGCYN,train
20260605_001202_VAVGJA,train
20260605_001752_AAWWBQ,train
20260605_002030_KHWAFD,eval
20260605_002207_JYLEUN,train
20260605_010739_ZHSXUW,train
20260605_010948_MXLCKM,train
20260605_011001_GRTUQR,train
20260605_011421_WATMRZ,train
20260605_011904_UFPZUH,train
20260605_012329_WXKAXA,train
20260605_015656_EUAQAQ,train
20260605_021938_ZRMPCS,train
20260605_022335_DBAXHE,train
20260605_023556_XCXZKC,eval
20260605_024218_KPPTPF,train
20260605_024655_YQXZQB,eval
20260605_025954_LSEEET,train
20260605_032235_VWFRKY,train
20260605_032345_HJTHNZ,train
20260605_032859_BNFBLJ,eval
20260605_032939_JZMSWS,train
20260605_033346_VSWZSC,train
20260605_033443_QVVTPN,train
20260605_034315_VMBQHX,train
20260605_034408_QNTFDM,train
20260605_040204_QCBNFJ,train
20260605_040919_PJVHVM,train
20260605_041353_LTWRGK,train
20260605_043317_YGSVLD,train
20260605_043724_GRDHLG,train
20260605_044052_AAHZPN,eval
20260605_045802_VFKMRX,train
20260605_050555_YFGWAE,train
20260605_051843_FHMGEA,train
20260605_052143_VELFJR,train
20260605_053412_DMHNXS,train
20260605_054638_YPXSLH,train
20260605_055433_AHSXAE,train
20260605_055929_KCELPT,train
20260605_060330_MWUSGZ,train
20260605_061952_RLMMRJ,train
20260605_063454_KPGWPP,train
20260605_064517_WAFTBD,train
20260605_070246_CALHAR,eval
20260605_070503_ZMWCCG,train
20260605_073105_PRCPGR,train
20260605_073247_NEYEZU,train
20260605_073421_DZFNTZ,train
20260605_074549_YMMWNK,train
20260605_080519_VHDBTP,train
20260605_080845_SGGDTH,eval
20260605_081604_NCYVYS,train
20260605_081750_CCPZSL,eval
20260605_082903_FVNDMT,train
20260605_084933_UYACTL,train
20260605_085510_PQCWHR,train
20260605_085829_NVQCBV,train
20260605_092532_YRGVXL,train
20260605_094412_DCMEVY,train
20260605_095032_GNADNN,train
20260605_104810_ZCQBHM,train
20260605_110200_DCSUMN,eval
20260605_124649_GHLKXE,train
20260605_134235_CYNCPV,train
20260605_143655_GSCHRK,train
20260605_183415_XRLAYU,train
20260605_193421_KRHDBM,train
20260605_194003_NWZCWG,eval
20260605_194623_TMJGTQ,eval
20260605_195526_TFKVUL,train
20260605_230855_MHAWAE,train
20260605_235100_VNQEJJ,train
20260605_235806_ZWAPUF,train
20260606_005114_HEMZGB,eval
20260606_005745_PALLRL,train
20260606_010704_XUBJJV,train
20260606_010715_QJYFPR,train
20260606_010724_NMKCNB,train
20260606_013353_WJUAKV,train
20260606_013353_XNZXGG,train
20260606_020418_XQQYLE,train
20260606_020725_KJWHHA,train
20260606_022022_DSFUAR,train
20260606_022524_FGWQLJ,train
20260606_024242_SSSHGL,train
20260606_031037_MYBQBL,train
20260606_032104_MLUYKJ,eval
20260606_032631_HRVFQH,train
20260606_032859_XAKPCF,train
20260606_032936_UGTCBZ,train
20260606_035828_XRLEFZ,train
20260606_042239_CESVXR,train
20260606_042755_YEBPZU,train
20260606_043439_ENKRMU,eval
20260606_043547_MULRAU,train
20260606_043915_DPYREN,train
20260606_044006_MSTRGJ,train
20260606_050635_XEAMAM,eval
20260606_050820_QFLKRL,eval
20260606_051509_CXUSRL,train
20260606_052943_TLYUXQ,train
20260606_053219_FCFHNH,eval
20260606_055749_LENFMB,eval
20260606_060135_UWPFZH,eval
20260606_060709_WZZSYD,train
20260606_062649_HEAEVH,train
20260606_065206_RQNDAL,train
20260606_070307_ZSULGR,train
20260606_080406_ZQCAHK,train
20260606_090938_NJFBKJ,train
20260606_094038_AYCTLY,train
20260606_102016_WPFMBQ,train
20260606_112603_GUTFMZ,train
20260606_134651_UQVAEG,train
20260606_141920_PXWRPD,train
20260606_142555_PDQHEN,train
20260606_144141_SPPJQM,eval
20260606_173921_NUUUZP,eval
20260606_192849_JTLXYV,train
20260606_212816_MVMHYH,train
20260606_230432_VUHYHL,train
20260606_234942_PAMHCY,train
20260607_003139_YGRGPJ,eval
20260607_003634_HDAYFU,train
20260607_004401_MQKLGF,train
20260607_013815_DGSLFA,train
20260607_014120_VMHXKH,train
20260607_015113_TTLQPK,train
20260607_015914_DGJBKL,eval
20260607_020437_FLJDSP,train
20260607_023254_KAVUNE,train
20260607_023704_VUKCTU,eval
20260607_024818_MTYWXG,train
20260607_024829_FKLHRG,train
20260607_034016_RWRUTU,eval
20260607_034512_JRDHEW,train
20260607_043048_SCVHVA,eval
20260607_044352_BAHSEY,train
20260607_045848_DKJJDG,train
20260607_050646_AZMYWQ,train
20260607_050808_YFDLBM,train
20260607_051919_NRBRNR,train
20260607_052839_TGHCKU,train
20260607_054550_NESDET,train
20260607_060344_WHAQST,train
20260607_060405_RUFACH,train
20260607_061151_XMSXRD,train
20260607_065000_PUZJPL,train
20260607_065555_QTMREC,train
20260607_070111_BKECDM,train
20260607_070800_ZZREJL,train
20260607_072952_SPQTLT,eval
20260607_075857_XVVXUS,eval
20260607_082833_SEBWMM,train
20260607_085201_BWGQUX,eval
20260607_091224_RYWNCX,train
20260607_092231_VMBGGY,train
20260607_150350_TEZPFR,train
20260607_162041_LTBQDR,train
20260607_210427_SMQZZB,eval
20260607_214807_VXFFUW,eval
20260607_232542_JUERXF,train
20260608_003710_VZTFZR,train
20260608_003835_FQTJDH,train
20260608_004315_HEKQKH,eval
20260608_004444_JQUPQK,train
20260608_005241_FBNWUD,train
20260608_005258_ZGQHBF,eval
20260608_010212_AGTKYS,train
20260608_011354_PSCZPK,train
20260608_012710_GXESAQ,train
20260608_013548_XCUVDQ,train
20260608_013656_TYKBKV,train
20260608_014456_RTSPPA,train
20260608_021849_RWYXCU,eval
20260608_022634_VVBYKJ,train
20260608_022922_NXHZJN,train
20260608_024307_RFMLDC,train
20260608_025116_NDYCAJ,train
20260608_025310_KREABE,train
20260608_030046_MPKAXP,eval
20260608_030332_VFQBZR,train
20260608_031942_FQYKEZ,train
20260608_033152_YWJBKL,train
20260608_041614_HSEZYM,train
20260608_044442_UAAVKV,train
20260608_045056_UKUZWL,train
20260608_045854_FZXTHR,train
20260608_050524_BJWGBE,train
20260608_052339_WHRZFG,train
20260608_053100_UNYUCV,train
20260608_053522_QGJHDS,train
20260608_054209_HYCXCF,train
20260608_060451_HUHXXU,train
20260608_060900_MAMHMZ,eval
20260608_061007_SKESUM,train
20260608_061520_GCMSEN,train
20260608_062039_KBETJA,eval
20260608_072720_CJLZSL,train
20260608_074117_PXVFFH,train
20260608_074431_KYQCHF,train
20260608_075958_NRUFAV,train
20260608_081502_SHFTPW,train
20260608_082949_JXBZCJ,train
20260608_083110_CGEZKB,eval
20260608_083228_YCRSQY,eval
20260608_090014_PBGXVE,eval
20260608_090430_ZCRBDH,train
20260608_093543_DHQZZK,train
20260608_093701_PMQGTR,train
20260608_094558_XHAQSH,eval
20260608_095016_JWFTXX,train
20260608_101037_WFVLTF,train
20260608_104941_RAHWSF,train
20260608_111529_FSXQLT,train
20260608_113057_FWMKQL,train
20260608_122141_WHWPZQ,train
20260608_122608_TVGYRC,train
20260608_124642_XSTTQQ,train
20260608_130018_TFPGBS,eval
20260608_130516_KVTSJF,train
20260608_133426_DFDSJJ,train
20260608_133810_MARWYG,train
20260608_135406_NNSXXA,train
20260608_142802_TXJMJF,train
20260608_144801_YXWRUY,train
20260608_145643_BBQSPS,train
20260608_154529_DXURCF,train
20260608_190505_UHDFYG,train
20260608_220337_TLYJBC,train
20260608_233602_DYUMMX,train
20260609_001002_CTDURA,train
20260609_002429_XWNNAH,train
20260609_002829_TGGWYQ,train
20260609_002838_UTACJL,train
20260609_003054_QGKQWP,train
20260609_003437_EFWPXF,train
20260609_004428_UTXVXH,train
20260609_010118_PCEJLX,train
20260609_012756_NPXPGA,train
20260609_012907_AHLUNJ,train
20260609_014223_PQGJHF,train
20260609_020924_FLYYNQ,train
20260609_021911_XNJBXW,train
20260609_023557_HGEHFG,train
20260609_030238_UFWCQA,train
20260609_030854_NPQQAL,train
20260609_031934_JTBTMN,train
20260609_033403_KYBSQQ,train
20260609_033731_BQKEST,train
20260609_034758_UPGERD,train
20260609_040325_YPZWFQ,train
20260609_041536_NFGRTM,train
20260609_043323_KFEDZP,train
20260609_044928_WWPNDP,train
20260609_050100_TSGHEA,train
20260609_050739_VLSFJF,train
20260609_051245_RVLVGQ,train
20260609_051341_LKUCAJ,eval
20260609_053317_RCFFYJ,train
20260609_054007_UDMJKM,train
20260609_054611_HBTGVM,train
20260609_054950_MQZHVT,train
20260609_055633_SMRJNF,eval
20260609_055723_UQKLHG,train
20260609_062353_PJRYLZ,eval
20260609_062948_BFHHHZ,train
20260609_063956_MHRYGU,train
20260609_064231_UHVDKY,train
20260609_065513_NRENFY,train
20260609_070120_HJDAFV,train
20260609_070528_XPSBFL,train
20260609_070739_WVRESS,train
20260609_070921_WZBCHF,train
20260609_071430_UFSNYN,train
20260609_071751_JYXHMC,train
20260609_072741_CXYRCU,train
20260609_073108_YENHSX,train
20260609_073214_LQYGRF,train
20260609_073404_PJLFAL,eval
20260609_073433_LRBPED,train
20260609_074025_VYHDAG,train
20260609_074118_TJBRJY,train
20260609_075107_CLYGBR,train
20260609_080106_VBCRJL,train
20260609_081741_VGMPFD,train
20260609_082526_DMQQNZ,train
20260609_083830_NEDQKS,train
20260609_084340_QVHJUH,train
20260609_084548_RHJDBW,train
20260609_085019_BLZKUU,train
20260609_085031_TNNZMR,train
20260609_090717_NZSYES,train
20260609_091201_PLGNBC,train
20260609_095121_CGMZHT,train
20260609_102308_ANBMGG,train
20260609_103524_EXEJKX,train
20260609_105235_SZPMGM,train
20260609_105822_VNMZAY,train
20260609_113609_XCMVWW,eval
20260609_121544_RXUJLB,train
20260609_124604_PHWEJV,train
20260609_130825_LRXEET,train
20260609_140829_TEPUWT,eval
20260609_150309_VNSSCF,train
20260609_155822_JNXGPQ,train
20260609_171457_DQCJPG,train
20260609_172909_JEEBJP,train
20260609_180338_MMFGCW,train
20260609_181644_LZLFMK,train
20260609_194240_KWJGCS,train
20260609_232725_RHDGAU,train
20260609_235858_TTFPCM,eval
20260610_000502_UCUCBW,eval
20260610_000629_MRTSNE,train
20260610_000742_BXTRKH,eval
20260610_002229_XLTEYE,train
20260610_002250_YYYQLG,train
20260610_002518_MEUENK,train
20260610_002820_EJRVZC,train
20260610_003558_QRYJQT,train
20260610_004534_DAEJYL,train
20260610_005245_GURSZR,train
20260610_005245_GYFAUF,train
20260610_010111_BMAVTX,train
20260610_010713_AERUCV,train
20260610_010916_KAAQNV,train
20260610_011421_LFLETW,train
20260610_012208_UEUTXW,eval
20260610_014214_QCVDMC,train
20260610_014345_NLKTHV,train
20260610_020627_CCLVYP,train
20260610_021644_WHYWLJ,train
20260610_021934_SBFLYY,train
20260610_023437_CMTCNP,train
20260610_023701_WXNKEY,train
20260610_024259_FGUJDZ,train
20260610_024838_SBFGCA,train
20260610_025727_DFWDSP,train
20260610_025823_EBXXRX,train
20260610_032051_HMRZNE,train
20260610_033035_WRYPAC,train
20260610_035624_LREGFX,eval
20260610_035859_LULCTA,train
20260610_040257_VDWBXF,train
20260610_042016_CPZTCY,train
20260610_043034_GJXFJR,train
20260610_043128_YXFQYF,train
20260610_044452_FSAMYR,train
20260610_044938_MXCCGU,train
20260610_050440_VYPFRB,train
20260610_050653_YKRLMJ,train
20260610_050730_YHKDGV,train
20260610_051704_UCUUYV,train
20260610_051803_PYRXPW,train
20260610_052149_JXMQDX,train
20260610_054607_NAZRAV,train
20260610_060432_MDYQKP,eval
20260610_061651_MLUXBW,train
20260610_061905_CNEKMR,train
20260610_062247_BHTLKP,train
20260610_063600_UEJGBK,train
20260610_063806_PDXCMG,train
20260610_065127_MXSSLV,train
20260610_065949_WZBMGB,train
20260610_070840_TAFYNZ,train
20260610_073832_FMGZMM,train
20260610_074137_ZCRKJR,train
20260610_075157_FARDXL,eval
20260610_080518_SEEBHX,train
20260610_080823_RRJCQV,train
20260610_081934_RWJUJT,train
20260610_083232_RMWGQL,train
20260610_083448_VWCKGH,train
20260610_083719_BFAXRC,train
20260610_084713_NHSYJW,train
20260610_092153_LFYRUS,eval
20260610_101948_RDXTBA,train
20260610_102341_YZHLRJ,train
20260610_103112_RUTSUV,eval
20260610_103923_YXHGXT,train
20260610_110400_JVJNPZ,train
20260610_110527_TSTXGL,train
20260610_115631_WNAURM,eval
20260610_120038_SFMDXK,eval
20260610_120310_QLYPCE,train
20260610_120913_JCVYCX,train
20260610_124715_ZDNAEM,train
20260610_125729_WTUDLD,train
20260610_130659_QGRFAK,train
20260610_132340_TXKWVL,train
20260610_132401_BLAMMV,train
20260610_135049_KVMSUD,train
20260610_142626_KYLVDR,train
20260610_171915_SBPVRF,train
20260610_183350_YDPTWH,train
20260610_201400_VEZHNF,train
20260610_231409_ARXQXR,train
20260610_232837_FPWEEX,train
20260610_235001_FBNMVW,train
20260611_004643_PFJSWH,train
20260611_010307_WXHAGA,train
20260611_010750_SSVKDZ,train
20260611_012606_YGBQXW,train
20260611_015503_JRGWQX,eval
20260611_015617_NSADLT,train
20260611_020230_QTNVRZ,train
20260611_020705_EJXBJW,train
20260611_020940_LFALGF,train
20260611_023448_SXZZFW,train
20260611_023449_UMCXXX,train
20260611_023559_LXVJCR,eval
20260611_024324_ENVLUN,train
20260611_025826_MVZKDL,train
20260611_031457_PCKCGE,train
20260611_031612_QYAGVA,train
20260611_032252_GEPJRY,train
20260611_035055_DZCSFH,train
20260611_041116_PBBDWU,train
20260611_041447_WVXFUV,eval
20260611_042626_VKMRFV,train
20260611_043100_GMCMMF,train
20260611_043247_ZRVKBV,train
20260611_044621_GBGWFU,train
20260611_044648_SAGBLG,train
20260611_045324_ZSPFSY,train
20260611_045631_JKRSYR,train
20260611_045729_RAFLFR,train
20260611_050008_QUVSJJ,train
20260611_050250_LNMPZJ,eval
20260611_050754_MHNZKM,train
20260611_051230_SSHVYY,eval
20260611_051319_YKZPEP,train
20260611_051543_GXNQGU,train
20260611_051822_UBRMHT,train
20260611_051913_ZMGZMS,train
20260611_055335_UCLMJK,train
20260611_055630_ERTACQ,train
20260611_060113_FDRNHT,train
20260611_060128_STMWGL,train
20260611_060231_RLVPXF,train
20260611_060940_NZCMPB,train
20260611_061158_KCHAWE,train
20260611_062343_HDPWLH,eval
20260611_063246_URHJLR,train
20260611_063350_JEEBJA,train
20260611_064028_FLXSTJ,train
20260611_064058_JMRDAD,eval
20260611_065308_XPSLUJ,train
20260611_065410_SPKQVX,train
20260611_070228_JPVPDH,train
20260611_070625_WTMEQB,train
20260611_073031_LLQNYF,eval
20260611_074000_DGFCRX,train
20260611_075113_GEPPPM,train
20260611_075232_NSAJBH,train
20260611_080206_WMKEDH,train
20260611_080633_KYXWVT,train
20260611_082940_KXDWQV,train
20260611_083518_ENCSLU,train
20260611_083808_VTZYHN,eval
20260611_090220_TQCNTS,train
20260611_091519_VNANYB,train
20260611_092753_NBVLMZ,train
20260611_093228_VEHJVP,train
20260611_100405_ADBPSP,train
20260611_105137_UFYYCL,train
20260611_110430_FHVAED,train
20260611_111745_SEBYHX,train
20260611_112509_KHFYLV,eval
20260611_114917_XXMPME,train
20260611_123726_MRGFNP,train
20260611_125342_CVFFKS,eval
20260611_125701_YZQYVE,eval
20260611_130928_LNHCWK,train
20260611_150155_ZUYPDK,train
20260611_164620_CNTCEJ,train
20260611_173454_AENPAH,train
20260612_001000_PJVSEN,train
20260612_001304_EAHCEC,train
20260612_002630_RUWVVW,train
20260612_002640_SASLLD,train
20260612_003045_KJLZWL,train
20260612_010030_VHMYRX,train
20260612_010758_ENZUFW,train
20260612_010854_EHAYXW,eval
20260612_012235_NXNPXY,train
20260612_013238_JWXMBJ,train
20260612_013623_DWBEEU,eval
20260612_013710_DBXTXP,train
20260612_013930_YGMWML,train
20260612_013931_PVTKBB,train
20260612_013932_KZSLMX,train
20260612_014614_CSNWGZ,eval
20260612_015027_SZCFJB,eval
20260612_015043_QJYRXQ,train
20260612_015201_FAPVSY,eval
20260612_015935_ETXSLP,train
20260612_020212_TPSHVR,eval
20260612_020658_FDHUCP,train
20260612_021845_UJACUQ,eval
20260612_023103_RKGZDH,train
20260612_025244_UQQZWQ,train
20260612_025832_ZMARNL,train
20260612_031122_JQWYKS,train
20260612_034107_UKLHMX,train
20260612_034844_CZGEVV,train
20260612_040008_LMNSYW,eval
20260612_040658_UNPCGG,train
20260612_040829_GGGZLK,train
20260612_043038_TDNYET,train
20260612_043139_GALRXH,train
20260612_043603_GQNJLH,train
20260612_044221_QQHPAM,train
20260612_045358_NSHCSS,train
20260612_045514_WBNAXQ,train
20260612_050137_PTCHDJ,train
20260612_050620_HWCCEJ,train
20260612_052650_RCBDUS,train
20260612_052651_WWQLTJ,train
20260612_052748_VLNYKK,train
20260612_053344_XZKSBF,train
20260612_053622_DEMRMQ,train
20260612_054124_RQCEEA,train
20260612_060457_MGTATZ,train
20260612_061153_YJJEDL,train
20260612_061659_RPFXQD,train
20260612_061805_MJFQBT,train
20260612_062049_DZCFZH,train
20260612_063903_LPQMKZ,train
20260612_064347_SHQWWB,eval
20260612_064601_ZJQBHL,eval
20260612_065620_TPTXUF,train
20260612_070431_YUZPEY,train
20260612_072529_SBYUYU,train
20260612_072836_YWMUCP,train
20260612_073018_BFQTMR,train
20260612_073216_NUZDMD,train
20260612_073738_ATKKYV,eval
20260612_074841_QSYEPE,train
20260612_080332_UZFFTW,train
20260612_081231_MXRPTL,train
20260612_081327_CHMFAF,train
20260612_081507_HQBKCW,train
20260612_081807_GBTNEM,train
20260612_082153_NYDZFK,train
20260612_082752_CQJFPD,eval
20260612_083146_TCELKU,eval
20260612_083952_ZACVZA,eval
20260612_084354_YCNCKB,train
20260612_090037_XXGXZC,train
20260612_091043_RBASNV,eval
20260612_092155_LKFUGA,train
20260612_092239_BGQYBQ,train
20260612_093150_BVCCGG,train
20260612_095142_MXZXXC,train
20260612_100403_HMTMGF,eval
20260612_101612_MZAUWN,train
20260612_102444_YEYNMJ,eval
20260612_105521_VWJASK,train
20260612_110638_VKPTHY,train
20260612_111022_KXTTLE,train
20260612_111106_BDXXTB,train
20260612_113446_XGGJMT,eval
20260612_114507_NUPBJU,eval
20260612_115240_ZTRFHE,train
20260612_122339_JREHEW,train
20260612_142615_WPCQXR,train
20260612_143656_EEMGVF,train
20260612_155458_WUGPJX,train
20260612_180443_YZCLAP,train
20260612_194815_RYJKRZ,train
20260612_211133_WNSTJD,train
20260612_220349_YPNPLN,eval
20260612_231220_RJXTHZ,eval
20260612_233215_AFYSRC,eval
20260613_001130_LMTXZV,train
20260613_001552_JPHEWD,train
20260613_002253_LLFLLQ,train
20260613_002406_TRNEVQ,train
20260613_003906_EUACNC,train
20260613_004035_KQBBYS,eval
20260613_004042_AVMDTZ,eval
20260613_004930_UDAZQC,train
20260613_005600_FFXQPQ,train
20260613_010829_WMTPAV,train
20260613_011132_KGLBTH,train
20260613_011149_EFWAEV,eval
20260613_011814_QFBSFJ,train
20260613_012421_RWUGHB,eval
20260613_013515_SYAZLA,train
20260613_014539_UPTXVN,train
20260613_020136_NFXXBJ,eval
20260613_022114_WCUADS,train
20260613_023401_ELDHUC,train
20260613_030303_QAQCJM,train
20260613_031026_ZRDYNX,train
20260613_032612_JXZUJW,train
20260613_041229_PEPZET,train
20260613_042316_EQNGHL,train
20260613_042908_YGELQN,train
20260613_044312_FWRSPF,train
20260613_044336_FRGNYR,eval
20260613_045223_SNMKLX,train
20260613_050444_YGQQVP,train
20260613_050450_SGYSTY,train
20260613_050535_PLEKBU,train
20260613_050732_QAVDJY,eval
20260613_050813_AHJPDD,eval
20260613_051544_PSWWVF,train
20260613_051903_VKZTRU,train
20260613_052206_KWHEDH,train
20260613_052635_HZZGRV,train
20260613_052937_QVTSFF,eval
20260613_054427_WMPQTF,train
20260613_060453_DGGQDP,train
20260613_061210_PPZRDW,train
20260613_061841_NNSPDX,train
20260613_062009_VEXSFX,train
20260613_062235_DWUYDL,train
20260613_062327_EBZPDG,train
20260613_062917_EWXTTE,eval
20260613_062947_HTEPVN,train
20260613_063459_EEAXTB,train
20260613_071814_UREYBR,train
20260613_071825_YKGVQB,train
20260613_071932_USMXTR,train
20260613_072104_VNXCSF,train
20260613_072337_HYGXXS,train
20260613_072609_JVBEBR,eval
20260613_073550_URRQAH,train
20260613_073604_HCMFAC,train
20260613_073756_YEQTJY,train
20260613_074610_GSJLAG,eval
20260613_075059_YQXPWR,train
20260613_075629_HEUSBM,train
20260613_081154_GDTHHZ,train
20260613_081409_APRRQJ,eval
20260613_082235_PJRYWH,eval
20260613_083806_UMENHB,train
20260613_092124_NTMRWZ,train
20260613_093348_JHRTKX,eval
20260613_094616_YERHXP,train
20260613_123424_XJHXEB,eval
20260613_150505_NQCCDN,train
20260613_151900_EZZDCS,train
20260613_194340_REHBQG,train
20260613_195617_JNQYVM,train
20260613_212649_KGUNVB,train
20260613_232724_PCGKKE,train
20260613_233506_QNXPUR,eval
20260614_001000_SLVTZN,train
20260614_002024_TDFSVR,train
20260614_002108_THYMCQ,train
20260614_002421_TLYZFC,train
20260614_002938_QKPWAP,train
20260614_004033_PBTRCX,train
20260614_004158_WCLEVL,train
20260614_004419_FHUYVR,train
20260614_005221_XJCSLF,train
20260614_005303_BBTECT,train
20260614_005617_GCNHGP,train
20260614_010516_RSEALX,train
20260614_010731_WJWGCN,train
20260614_010857_YXVLHD,train
20260614_011409_ZXJMJZ,train
20260614_011819_DZZQQN,eval
20260614_012011_DHRLQA,train
20260614_013526_TSGYQW,eval
20260614_014328_JNBPFK,eval
20260614_014509_JQQPNP,train
20260614_020638_WYWGZN,train
20260614_023225_FFTYXD,eval
20260614_025144_EKWBRE,train
20260614_030717_WLYYDR,train
20260614_031539_KBLWFL,train
20260614_032154_XKEYXW,train
20260614_032222_NNNMYU,train
20260614_033815_TZMVWF,train
20260614_040837_VTQJMF,train
20260614_041448_JMZTUE,train
20260614_044839_BHGZVX,train
20260614_045541_WKBPTH,train
20260614_051125_FSXRGS,eval
20260614_051228_GXFLPC,train
20260614_051953_SBAFPT,train
20260614_052222_PXCVNA,eval
20260614_052925_JDNWZX,eval
20260614_061621_PWTRNB,eval
20260614_061953_AACNAF,train
20260614_062419_UXCMTK,eval
20260614_062522_VQKZUA,train
20260614_070513_EYQUSN,train
20260614_071003_HNAEJE,eval
20260614_072145_DFXZBV,eval
20260614_073912_BRTXJU,train
20260614_074001_DUFYRC,train
20260614_074253_PPZUDA,train
20260614_075008_MTBFDU,train
20260614_081157_YHHKSW,eval
20260614_082302_MPSTJJ,train
20260614_083741_CKVYCE,train
20260614_084509_PMYVLA,eval
20260614_090507_PRHWZC,train
20260614_094223_NMZZQN,train
20260614_100137_DXPTPJ,train
20260614_100643_YYQHNB,eval
20260614_105554_SQRYUX,train
20260614_110838_TGSDUC,train
20260614_123827_DYBHDG,train
20260614_161012_MSXPNQ,train
20260614_172159_PUEPVK,train
20260614_190302_FWVRGP,train
20260614_200420_DTBQZM,eval
20260614_220130_GUPTYQ,train
20260614_220658_JVPPHF,train
20260614_225841_RRNJVF,train
20260614_231633_UDSYLU,train
20260614_231849_QQGLJZ,eval
20260614_233830_PBKCJY,train
20260614_235245_NSANTU,train
20260614_235724_MBEBNU,train
20260615_002455_EFQQBZ,train
20260615_002711_RNSBMP,train
20260615_002759_AKVFDE,train
20260615_003116_MRQMXF,train
20260615_003735_JAMUQS,train
20260615_004018_GWTNPG,train
20260615_004100_YAHJDH,train
20260615_004258_JLZELV,train
20260615_005539_ZKEFBT,train
20260615_005823_JZPCDX,train
20260615_005828_WSFERR,train
20260615_005857_EYPZYX,train
20260615_010055_YPVNJV,train
20260615_010309_CCQXNF,train
20260615_010640_CQYSMT,eval
20260615_011313_JLMCTM,eval
20260615_012357_GXGAJY,train
20260615_012915_WZBJYE,train
20260615_012916_VDHUXF,eval
20260615_013848_YDCBSG,eval
20260615_015213_WBSHNP,train
20260615_021906_HFTCVM,train
20260615_022314_QPWPFY,train
20260615_023341_DQZGKS,train
20260615_024125_USXZTK,train
20260615_025406_JYLZAY,train
20260615_030247_TVCJEY,train
20260615_031549_TRAQMR,eval
20260615_031916_FKQRET,train
20260615_033951_WQCDEQ,train
20260615_034747_MSUXGS,train
20260615_035229_NPNFKZ,train
20260615_035258_LZHDTQ,eval
20260615_035501_XXBHGV,train
20260615_035946_FRJEUZ,eval
20260615_043155_ERJAUN,train
20260615_044021_FKNJDJ,train
20260615_044801_CGLCPP,train
20260615_045239_EHRZPM,train
20260615_045526_EVXGBX,eval
20260615_050148_PRGTXN,eval
20260615_050645_CFLSXX,train
20260615_051457_PZNZDE,train
20260615_051744_SVGEHZ,train
20260615_051751_MBHRVW,train
20260615_052139_RXFVER,train
20260615_052313_RRRWEZ,train
20260615_052437_ZWXUYF,train
20260615_052441_WXWJTC,train
20260615_052557_VBYCLP,train
20260615_052719_AKRPMS,train
20260615_053337_SXVCGG,train
20260615_053757_LWCUGB,train
20260615_053942_XMTCVN,train
20260615_054120_GDJLUL,train
20260615_054942_JGRPQT,train
20260615_060128_FKTFUL,train
20260615_060818_PZKBVX,train
20260615_060938_HCRUYJ,eval
20260615_061045_VFWNGV,eval
20260615_061131_ZCSQED,train
20260615_061733_CDYVED,train
20260615_062348_TJHQVP,train
20260615_062739_ALVHKA,eval
20260615_062926_HNFNSA,train
20260615_064350_RFEPNV,eval
20260615_064424_YCHEXT,train
20260615_065721_RUSUJZ,train
20260615_072521_PFGJWX,train
20260615_074115_PYCFUL,train
20260615_074203_ZHVTYN,eval
20260615_074614_VHDGFA,train
20260615_075300_MKSNCR,train
20260615_075319_VDGJHY,train
20260615_080345_XPRRRT,train
20260615_080524_WVPUNV,train
20260615_080835_BVPZSW,eval
20260615_080923_KTUSNQ,train
20260615_081537_UEXPLM,train
20260615_081657_SVNKZA,train
20260615_081815_MESCEM,eval
20260615_083616_YCFNEE,train
20260615_083735_WDNTJC,train
20260615_085211_DLMNUJ,train
20260615_085437_TFRESF,train
20260615_095801_TQYDVG,train
20260615_100522_PHKDDK,train
20260615_101514_DCHAJP,train
20260615_105743_RGXADY,train
20260615_105919_ZADHBF,train
20260615_114316_HHZFRP,train
20260615_114719_XUSYKV,train
20260615_121637_YJTZQT,train
20260615_122834_JLKZMQ,train
20260615_123630_SKDLJZ,train
20260615_134107_YYLDSR,train
20260615_145421_DLFTCY,train
20260615_172250_ZYTPDP,eval
20260615_185552_SFGWMG,train
20260615_193700_QHLQAH,train
20260615_214652_CMNCPW,eval
20260615_232837_GJLYDV,eval
20260615_233256_QUCUDA,train
20260615_233257_AWZTNW,train
20260615_235056_GAUSET,train
20260615_235956_NAEPKU,train
20260616_000030_LHYZKZ,eval
20260616_001321_JMCFXF,eval
20260616_003003_NEKLWR,train
20260616_003335_PXEURF,train
20260616_004432_MTSQST,train
20260616_004551_YZURBU,eval
20260616_004707_WAWFEZ,train
20260616_005104_YCCDUV,train
20260616_005119_ERLJLF,train
20260616_005218_RSYYSW,train
20260616_005228_ZZKMTB,eval
20260616_005523_JYKPER,train
20260616_005651_MMMVTB,train
20260616_010611_CHFNRF,train
20260616_010658_AKXYJQ,train
20260616_010733_RZREWV,train
20260616_010954_PLMULL,train
20260616_011055_UBEMJW,train
20260616_011339_WMZLSQ,train
20260616_011626_GKJGNE,train
20260616_011811_GBYHRG,train
20260616_012211_NRJJQA,train
20260616_012955_CRPPHR,train
20260616_014628_DKMJKS,train
20260616_020012_PLVSHY,eval
20260616_020147_XHWPGX,train
20260616_020337_FDFWGJ,train
20260616_020604_ZUMBJM,train
20260616_021413_FUYRPZ,train
20260616_023951_DUYVWS,train
20260616_024505_XVGZSJ,train
20260616_024506_QGZPDX,train
20260616_025437_HAJUXH,train
20260616_025528_NWFZHN,train
20260616_030125_RCYTSQ,train
20260616_030813_QUKLMB,train
20260616_031528_ECQKCP,train
20260616_032111_NKVTRY,train
20260616_032701_WBUTCG,train
20260616_035039_FWGAGZ,train
20260616_042813_GZMJJS,train
20260616_042951_EMTLJJ,train
20260616_045823_TQZUXR,train
20260616_050802_ZMMCKR,train
20260616_050815_SCBQAH,eval
20260616_050903_JZVRGZ,train
20260616_051109_SWFWSY,eval
20260616_051525_ZZFUGK,train
20260616_051745_FYNHQP,train
20260616_052049_HYJHMP,train
20260616_052127_GCCLNY,train
20260616_052613_VRNNTM,train
20260616_052957_QWUXYU,train
20260616_053216_WBXSHA,train
20260616_053357_BRJTJB,train
20260616_053403_YZLYLF,train
20260616_053442_MPLCQV,train
20260616_053509_WPMJQU,train
20260616_053519_VDBHVE,train
20260616_053718_XHNAZZ,train
20260616_054647_LWENQS,train
20260616_055444_MFHUZW,train
20260616_060349_TJKQKZ,train
20260616_060700_MPCULM,train
20260616_060830_APEECU,train
20260616_061103_HNLUWD,train
20260616_061804_VEANLN,train
20260616_063419_MPRBMA,train
20260616_063459_MVEPJY,train
20260616_064027_XMDKAV,train
20260616_064234_DTBNRJ,train
20260616_065537_YTLYSX,train
20260616_065915_EFJGDY,train
20260616_070619_YREMSY,train
20260616_071009_QZKFLB,train
20260616_071827_NRZGTD,train
20260616_071938_DKPEKV,train
20260616_072531_DMEYBV,train
20260616_073403_QXLRTD,train
20260616_073931_MWBMWS,train
20260616_073950_QQNHGR,train
20260616_074103_ESXJBA,train
20260616_074414_HPYTWH,train
20260616_074557_GEWFSN,train
20260616_074659_ERCPMV,train
20260616_075736_WTXEZG,eval
20260616_080043_BHTABY,train
20260616_080307_NUHAVK,eval
20260616_080929_CRDMCQ,train
20260616_081531_KAPZUV,train
20260616_083258_KNJXBM,train
20260616_084138_SVBYGY,train
20260616_084632_CLTBCG,train
20260616_084746_EQPSMP,train
20260616_085546_MAXYLG,train
20260616_090241_DSDWJS,train
20260616_092517_JPRFPA,eval
20260616_093607_SPMNBJ,train
20260616_095558_WMFXRF,train
20260616_100739_SUCFMS,train
20260616_101005_FPZVSH,train
20260616_102029_KVSXLD,train
20260616_102042_DQMPBQ,eval
20260616_102336_NWVUUU,train
20260616_102600_TEHFNY,eval
20260616_103444_JUDSDN,eval
20260616_110708_EREWSW,train
20260616_110918_NUKTSE,train
20260616_113050_EMJTQL,train
20260616_113721_SNMZTN,eval
20260616_115549_KHJRZK,train
20260616_115928_FHRLRS,train
20260616_120436_SBLRPA,train
20260616_131008_LRENLY,eval
20260616_132644_FLFTYG,eval
20260616_134956_XPSPTB,eval
20260616_135857_HFGPYF,train
20260616_135955_XPUZFA,train
20260616_140700_CFNHEM,eval
20260616_141042_EMCBLB,train
20260616_142207_WUNLST,eval
20260616_144419_NDVDAW,train
20260616_145535_GMZEWW,train
20260616_151238_LBESSX,train
20260616_155124_HLDZKM,train
20260616_201240_BZJPKG,train
20260616_223842_PMZQCC,train
20260617_000429_LUBMLK,train
20260617_000540_XYPTEQ,train
20260617_002622_VPZCZP,train
20260617_002922_KCHPXT,eval
20260617_003625_LYCBXF,train
20260617_004540_VDELUH,train
20260617_004710_MZLYXS,train
20260617_004920_CHHDLR,train
20260617_005406_JJMDME,train
20260617_005456_VPNDDN,eval
20260617_005626_NLWECQ,train
20260617_005851_PNBWNN,train
20260617_010024_YXGMMF,train
20260617_011103_LZBTYT,train
20260617_012329_DPDXSR,train
20260617_012729_JUGKWZ,train
20260617_012730_PDKTED,train
20260617_013709_MSWUEP,eval
20260617_015147_JEWWNX,train
20260617_021517_SUTHQB,train
20260617_022924_TABPRB,train
20260617_023347_DCSPYM,train
20260617_023522_SZHUBZ,eval
20260617_024837_PEEBHY,train
20260617_025106_MECXYR,train
20260617_025539_PXUDXX,train
20260617_030345_ASAWKC,train
20260617_032217_RKZYEJ,train
20260617_032727_JTWPWC,train
20260617_032813_KVVEVC,train
20260617_033314_TXXRWC,train
20260617_034044_BBCPGW,eval
20260617_040055_FNZJWZ,eval
20260617_041156_LBUVUJ,train
20260617_042902_WGVENN,train
20260617_043345_PFFRMR,eval
20260617_043745_SBSGDN,train
20260617_043849_VBBCAA,train
20260617_044452_XQMCVR,train
20260617_044532_FRZAWG,eval
20260617_045135_WWZHUX,train
20260617_045501_AGLCKB,train
20260617_050024_VWEHMW,train
20260617_051352_JQWHGP,train
20260617_052316_FHQVEM,eval
20260617_052645_FBBKDK,train
20260617_052934_SNHUWF,train
20260617_053346_TQHDZA,train
20260617_053407_FRYUEQ,train
20260617_053418_CTCXQU,train
20260617_055004_TKKPRS,train
20260617_055424_JPFBDC,train
20260617_060449_RYTUMQ,train
20260617_060640_FRHRVD,train
20260617_060656_FBARDK,eval
20260617_061028_AYNSFJ,train
20260617_061103_QXMHPL,train
20260617_061153_QDDNBM,train
20260617_062027_LWSSLS,eval
20260617_062757_YPQSEY,train
20260617_062918_PDLAXH,train
20260617_063304_FSUAAJ,train
20260617_064440_URBFMN,eval
20260617_065919_MGHQCJ,eval
20260617_070700_LTVKTP,train
20260617_070910_WBYEKE,train
20260617_071554_KHABKC,train
20260617_072019_EWMLAR,train
20260617_072336_DBKFZV,train
20260617_072431_ZCVBBY,eval
20260617_072448_YKQWMY,train
20260617_073314_DQEZRM,eval
20260617_074023_NFTDZB,train
20260617_074241_FMDSSM,train
20260617_074358_KUXAQB,train
20260617_074643_NZWLNZ,train
20260617_074735_XRSARZ,eval
20260617_075806_PHFLTR,train
20260617_081504_VUEHTZ,train
20260617_081605_XREZAA,train
20260617_081641_VYBQLJ,train
20260617_083614_ZLPRUY,train
20260617_083657_XMJCUJ,eval
20260617_084025_QYTFKS,train
20260617_084300_KDRKMG,train
20260617_084308_YEVLLW,eval
20260617_085402_MUTFYD,train
20260617_090056_HNPEFX,train
20260617_090938_NACMFM,train
20260617_092741_VTKXBY,eval
20260617_094013_VEQBLR,eval
20260617_095003_DSUVME,train
20260617_100009_HPNGAG,train
20260617_100530_ZRKVAC,train
20260617_101213_MSJDBY,train
20260617_103407_QYZYCD,train
20260617_104422_NNZRTT,train
20260617_110308_TCSKEY,train
20260617_110612_ZZLWBU,eval
20260617_112221_AZGYUY,train
20260617_120027_QXYLMF,train
20260617_123603_BDWEJP,train
20260617_125800_CJQGZT,train
20260617_131331_FPHHDH,train
20260617_132532_LJNBBK,train
20260617_133145_UTVUNG,train
20260617_133238_JSNAHT,train
20260617_135125_SDAATF,train
20260617_135155_KFHGFQ,train
20260617_143521_ATAVPR,train
20260617_144301_GPFEQR,train
20260617_145432_FCMDWY,train
20260617_150021_RVJAUN,train
20260617_150508_HUVMGS,eval
20260617_151201_LWQAFZ,train
20260617_155107_ZXWSCD,train
20260617_160258_AZLRBS,train
20260617_205505_CHCQHK,train
20260617_221016_HDMVCU,train
20260617_232227_ZUAHZS,train
20260617_234532_UJGQAJ,train
20260618_000024_TNCQJL,train
20260618_000816_SMHNMH,train
20260618_000906_VSFXQE,train
20260618_001025_PYGCXJ,train
20260618_001113_SZTXZT,eval
20260618_002449_GRJSLU,train
20260618_002527_HHAZKL,train
20260618_003109_MSEREH,train
20260618_003432_HVPKJB,train
20260618_003627_ABFXWW,train
20260618_003741_XSYTMG,train
20260618_004150_VNGQKX,train
20260618_004338_FXGGPU,eval
20260618_004348_RFMDPS,train
20260618_004412_QTHXJW,train
20260618_004542_WJADFR,train
20260618_004543_QYWLJC,train
20260618_004830_MUVUMY,train
20260618_004856_VHZAYS,train
20260618_005137_AJYMKD,train
20260618_005323_SGWGQJ,train
20260618_005455_AHPJKV,eval
20260618_005520_CZQDVQ,train
20260618_005550_PGEXMR,train
20260618_005757_HQKWFZ,eval
20260618_005838_NTXDBK,train
20260618_005937_KKYWPX,train
20260618_010431_NKTERG,train
20260618_010453_NSGSXA,train
20260618_011013_TYYLLZ,train
20260618_011303_YNVMZA,train
20260618_011644_DXRUHR,train
20260618_011931_RKUEPM,train
20260618_014758_MRDWCN,train
20260618_015421_BWUVHC,train
20260618_015515_LEXKGS,train
20260618_020015_KNXPXH,train
20260618_022228_CXUTNH,train
20260618_022235_BXMFLX,train
20260618_025909_VHNDYL,train
20260618_030910_KXGWWP,eval
20260618_031934_GBBYTQ,train
20260618_032643_WYVRBT,train
20260618_033143_JDJEAR,train
20260618_033755_WTXZCT,eval
20260618_034105_GKCTVE,train
20260618_034825_YJYRYQ,train
20260618_040513_PMAWSA,eval
20260618_041251_JTCHZZ,train
20260618_041619_BLNPHL,train
20260618_043116_EYVZMY,train
20260618_043125_ZXWFUG,train
20260618_043544_GLKFTC,train
20260618_044326_UPPKYH,train
20260618_044415_LSYCBH,eval
20260618_045031_AHAQNR,train
20260618_050627_WRAMKW,train
20260618_050719_JQUYNQ,train
20260618_051408_XZKCCK,train
20260618_051454_KXALNC,train
20260618_052024_JRHLMG,train
20260618_053326_ZBBFUZ,eval
20260618_053518_WJQCYP,eval
20260618_053905_LKAJFS,train
20260618_054433_QDVXZB,train
20260618_055109_MGFMPK,train
20260618_055849_ABMHVU,train
20260618_055948_ZEPBGM,eval
20260618_060327_QSLTNE,eval
20260618_060359_MBGLSQ,train
20260618_061757_WZSHAQ,train
20260618_062945_JWQGSC,train
20260618_063015_KJJEQN,train
20260618_063032_MATEHY,eval
20260618_063254_XYPTJG,train
20260618_063611_QUXGBW,train
20260618_063813_ANMRLW,train
20260618_065540_WXJNQS,train
20260618_070631_TNSVLS,eval
20260618_071313_SLRQDD,eval
20260618_072042_BWNCYQ,train
20260618_073845_UEYSMW,train
20260618_074516_BGTHAK,eval
20260618_074611_YTNAUY,train
20260618_074727_XDLKZK,train
20260618_074751_TTHRJR,train
20260618_075151_GCJJUJ,train
20260618_075450_NCDZFU,train
20260618_075500_SMNWRY,train
20260618_075545_ERYLKD,train
20260618_075728_FCSFUZ,train
20260618_080319_JXKSDL,train
20260618_080519_HJPDAY,train
20260618_080802_ESGNQN,eval
20260618_081529_TLUHZD,train
20260618_082125_MUTTEE,train
20260618_082132_NEYPBA,train
20260618_084712_JSTHUH,train
20260618_084955_VYSZDW,train
20260618_085050_NYQQUG,eval
20260618_085428_FDYZEY,eval
20260618_085441_PPYELA,train
20260618_090814_TPLAPH,train
20260618_090932_PJYWYE,train
20260618_091426_GLYGQL,train
20260618_091514_KNEJHM,train
20260618_092256_RKYQUX,train
20260618_093036_HEXCTZ,train
20260618_093451_ZTLWYD,train
20260618_094158_ANXGVN,train
20260618_094436_VSDDBW,train
20260618_094647_BEVAVX,train
20260618_100426_RKFZCK,train
20260618_100910_GWFPCR,train
20260618_102821_YDHVFC,train
20260618_103040_MLFRNB,train
20260618_104919_HXUGYC,train
20260618_105312_MZQETL,train
20260618_111822_AXNJDN,train
20260618_113629_HUUYNF,train
20260618_114307_WFYYWU,train
20260618_115701_PUPQEF,eval
20260618_122219_KVEEBJ,train
20260618_124104_XZJTMJ,train
20260618_125425_QHVATD,eval
20260618_131038_EVMRAK,train
20260618_132831_QAFTSB,train
20260618_133410_KGYTTA,eval
20260618_134216_GQEAUN,train
20260618_134524_YVCFRE,train
20260618_135556_CFQHKD,train
20260618_140159_UYWXRF,eval
20260618_141315_YAAKPE,train
20260618_141615_GAWYFT,train
20260618_145657_KEREDK,train
20260618_151900_BQDKPU,eval
20260618_163412_FWUDBF,train
20260618_222904_VCJHSE,eval
20260618_225413_DEFDSC,train
20260618_230533_TBBNJV,train
20260618_231314_BFKTBU,train
20260618_234057_ERCTFA,train
20260619_000316_RMXKRS,train
20260619_001324_KKYYUR,train
20260619_003135_QYAYMJ,eval
20260619_004050_JHHDNB,train
20260619_004204_NSUBLH,train
20260619_005354_TVLYEE,train
20260619_005543_WRPCTU,train
20260619_005842_BGQYZB,train
20260619_012606_YRYTYA,eval
20260619_022746_VHZSWJ,train
20260619_023838_GVYFKT,eval
20260619_041313_AWCHJL,train
20260619_041430_GYQJDF,train
20260619_042726_CTUBZD,train
20260619_044554_LCBWWV,eval
20260619_045247_LQREML,train
20260619_051144_NTVVYA,train
20260619_052433_BYBFPB,train
20260619_055518_JPKKUJ,eval
20260619_061310_YGNKVE,train
20260619_062139_DFBBDT,eval
20260619_062410_QAYGHM,train
20260619_064900_ZRJAWU,train
20260619_092233_DHHWCK,train
20260619_100037_LGHEMH,train
20260619_105244_AQUYXV,train
20260619_161142_LPTCFV,train
20260619_232636_RPJNDS,train
20260619_232903_SPRHHA,train
20260619_232939_UKVNXX,train
20260619_233957_HWQXEF,train
20260620_001247_HJKADU,train
20260620_001602_WWENWQ,train
20260620_002311_HMKRHG,train
20260620_003858_YEVPYJ,train
20260620_004503_YZPBDZ,train
20260620_005503_USUSMH,train
20260620_005622_LACTXH,eval
20260620_012404_KLGWRV,eval
20260620_015923_TXAZPT,train
20260620_020114_VDZRHA,train
20260620_020159_QTFVXD,train
20260620_022428_LDEMSF,eval
20260620_024139_EWPGKU,train
20260620_025303_MRBLCM,train
20260620_025649_SRTSUX,train
20260620_030603_YWYYGU,train
20260620_031204_LMAMXV,train
20260620_031955_HEMGKK,train
20260620_033547_UWWULG,eval
20260620_033641_SDWBAN,eval
20260620_035137_DZJCUR,train
20260620_040057_UARWHU,eval
20260620_042556_JRDYZD,eval
20260620_042756_DTBKLF,train
20260620_044035_UGJVJW,train
20260620_044237_RMWAQX,train
20260620_050750_YZTPKP,eval
20260620_051507_RVNFAH,train
20260620_051941_SZVEFK,train
20260620_053203_JDBJCW,train
20260620_053332_GPFAAV,eval
20260620_053924_MVZMLX,eval
20260620_055023_PRYBMT,train
20260620_055121_BXCCSZ,train
20260620_062946_MWCDYM,train
20260620_063429_REJEBE,train
20260620_063606_WPTQUS,train
20260620_064235_EXSXET,eval
20260620_065829_PKSBCA,train
20260620_070953_KVLUPC,train
20260620_071322_QHRKET,train
20260620_073809_JTBCBD,train
20260620_073850_JJKZCW,train
20260620_074113_RQTVFY,eval
20260620_074930_KYFEZS,train
20260620_075728_TXJFMP,train
20260620_075958_SMCQGL,train
20260620_080231_GDBVJK,train
20260620_080756_DUNMUH,train
20260620_085742_CACLKK,train
20260620_090311_RFWHMK,eval
20260620_091733_ZKRRRZ,train
20260620_103127_BHBJKY,eval
20260620_114539_JEAWMJ,train
20260620_125741_MFHWYK,train
20260620_131418_LTWKQU,train
20260620_151318_ADAQXN,eval
20260620_221522_EKCUTR,train
20260620_234833_DRCJDK,eval
20260621_000712_LHYCFN,train
20260621_002414_VBFRZP,train
20260621_004512_RUKLZV,train
20260621_005632_UCHAVK,eval
20260621_010825_KQEVFL,train
20260621_012530_FQZLMW,train
20260621_020315_NDPRTM,train
20260621_020755_LYCDXQ,eval
20260621_020822_SNZQFM,train
20260621_021548_EEQXTR,train
20260621_022646_KMPGSG,eval
20260621_024035_QZRRCC,train
20260621_024620_BAKPPC,train
20260621_025607_HRJAFW,train
20260621_033722_UMYLBL,eval
20260621_042149_EFQZLG,train
20260621_043508_CHREPA,train
20260621_050208_PRYDEC,train
20260621_050703_VDKVBS,eval
20260621_051239_NWXHFU,train
20260621_051324_JTSACD,train
20260621_051848_UNCWRC,train
20260621_054122_JZSFQG,eval
20260621_055130_MYXULD,eval
20260621_060344_QRZMHW,eval
20260621_063517_HZRZFH,train
20260621_065152_MSWZPD,train
20260621_070521_PFDLWE,eval
20260621_070953_BSCLQT,train
20260621_072601_VLUYEK,train
20260621_073229_EMPYRZ,train
20260621_073333_YMBHYQ,train
20260621_073757_QQABQT,train
20260621_074323_WRUHAB,train
20260621_074413_GSRPNT,train
20260621_074515_EBGYZN,train
20260621_074810_PLRRPV,train
20260621_074913_AAALPY,train
20260621_075535_YNHYRB,train
20260621_080120_HQMSHT,train
20260621_080641_AZZFAC,train
20260621_084159_XYSAAN,eval
20260621_090042_YJYHVF,train
20260621_090140_LYMSEV,train
20260621_092854_FQLDFF,train
20260621_094705_YXMKGJ,train
20260621_123253_TVNUZR,train
20260621_125716_VLNJEB,train
20260621_130231_NUTTTF,train
20260621_133135_JSQHNF,eval
20260621_154712_UVTGNV,train
20260621_162204_TWPPGA,train
20260621_163837_JXRTCP,train
20260621_181059_ZGAJMP,train
20260621_231039_SBAUMN,train
20260621_233117_HWPHRL,train
20260621_233610_WBHXXM,train
20260621_233959_JSCGVW,train
20260621_235020_WUCBER,eval
20260621_235833_TDJXGR,train
20260622_000048_HCXAZP,train
20260622_000433_JHCFDH,train
20260622_000748_XRMHYS,train
20260622_001047_UHUYXU,train
20260622_001352_PGCZPV,train
20260622_001403_XYAZPD,train
20260622_001549_YSCXZE,train
20260622_002209_DJEKFF,train
20260622_002533_KTSJAS,eval
20260622_002624_QYZXVV,train
20260622_002901_CDNYNH,train
20260622_003154_CLLCGV,train
20260622_003240_CHEKXH,train
20260622_003313_QFZYPT,train
20260622_003344_CADQMW,train
20260622_003425_MCACMQ,train
20260622_003740_PPPFMD,train
20260622_003856_SAWGVT,train
20260622_004151_JJTNRZ,train
20260622_004234_FVYSTT,train
20260622_004725_VYDREK,train
20260622_005242_BQRAUY,train
20260622_005300_VBGUHU,train
20260622_005328_GEUZBJ,train
20260622_005751_HTCGZT,eval
20260622_010558_SAQFXQ,train
20260622_010702_FXQBZG,train
20260622_010905_HDUWCH,eval
20260622_012202_XQKRCQ,train
20260622_012238_ATBGVS,train
20260622_013015_JGVWGQ,eval
20260622_014326_XABAMS,train
20260622_014445_XTGAVZ,train
20260622_014826_PCQQCL,train
20260622_015241_NLPMCU,train
20260622_020052_YYAHJD,train
20260622_020724_CHFSCM,train
20260622_020851_CHDFEE,train
20260622_021106_GQWTAL,train
20260622_022144_TPUYTS,train
20260622_022454_SCZSBN,eval
20260622_024626_YYYLDK,train
20260622_024659_XYFCTZ,train
20260622_024938_ZNVJJA,train
20260622_025323_ZBCWBH,train
20260622_030115_CJSBKM,train
20260622_031204_TNGAZF,train
20260622_033724_KADGKA,train
20260622_034207_LVPYTA,eval
20260622_034534_VPGNJM,eval
20260622_035323_ASLCRP,train
20260622_040008_WUEUYX,train
20260622_044137_WBCCST,train
20260622_044725_KVAAQA,train
20260622_045540_AWLYGH,train
20260622_045928_LBGYYF,train
20260622_050540_MZTNNH,train
20260622_050546_QAUXLS,train
20260622_051158_WJHBKL,train
20260622_051407_FPLVCA,train
20260622_051948_NYZAAL,train
20260622_052200_DJMLBX,train
20260622_052642_NYDWRC,train
20260622_052732_KHDJDW,eval
20260622_052843_UDRQJP,eval
20260622_053455_VQKMFB,train
20260622_053639_KDDBPD,train
20260622_053729_YVFTLS,train
20260622_054253_ERZBTE,train
20260622_054648_PBVJXH,eval
20260622_055004_DUYHKN,eval
20260622_055738_EZPDND,eval
20260622_055820_NHVNPT,train
20260622_055916_WCYWBD,train
20260622_060912_CHAQLU,train
20260622_061146_MKJLAP,eval
20260622_061917_QZKUNS,eval
20260622_062229_RARVBV,eval
20260622_063901_KALJRF,train
20260622_064335_SHARTZ,eval
20260622_064429_JHAWLQ,train
20260622_070043_NQYJPB,train
20260622_071037_EMFLTZ,eval
20260622_071418_VZGELG,train
20260622_073202_NQLUDW,train
20260622_073653_RHFBLE,eval
20260622_075719_CANHHM,train
20260622_080627_KPMNDL,train
20260622_080641_DWTALS,train
20260622_081345_HRAHTS,train
20260622_081516_AZJEUF,train
20260622_082603_KQVYYC,train
20260622_083806_QDZWWA,train
20260622_084008_FLVXNH,train
20260622_084708_NCAKEJ,train
20260622_092110_MCRJHC,train
20260622_092401_AMGYLY,train
20260622_093047_LGCWQH,train
20260622_093151_CBWDFA,eval
20260622_093432_QLUXMM,eval
20260622_093557_LQCDQY,train
20260622_094458_KXRMCQ,train
20260622_094632_LJHLGZ,train
20260622_094752_BBXNAL,eval
20260622_095102_MMUFXP,train
20260622_095303_AAYDTD,train
20260622_100104_WYQUXR,train
20260622_100232_FDEMMA,eval
20260622_101724_CHJWPB,train
20260622_102506_YVHHXS,train
20260622_103906_HHGUTL,train
20260622_105533_QUTQSV,train
20260622_110026_DWNXVH,train
20260622_110436_XKPSLL,train
20260622_112224_VUZBCX,train
20260622_112232_HDZUHN,train
20260622_114128_HAQUXS,train
20260622_123956_NXWSBB,train
20260622_124918_NHXGFX,train
20260622_125200_EBERSZ,train
20260622_130232_BMLJDL,train
20260622_130542_CAGHRW,train
20260622_132217_HDBDHX,train
20260622_134140_GABNWC,eval
20260622_134527_PYMBAQ,train
20260622_135820_HUKUHW,train
20260622_140620_NTVHYH,eval
20260622_152423_KZLYTH,train
20260622_160000_NUSFPB,train
20260622_175335_GVCAPY,train
20260622_181038_MGVRQP,eval
20260622_183341_XPPPYV,eval
20260622_230118_QYCLUU,train
20260623_000352_FWEVES,train
20260623_000951_WCBVAN,train
20260623_001050_PKJQVY,train
20260623_001258_BHUHZZ,train
20260623_001314_GVALFP,train
20260623_001438_NVHYZV,train
20260623_001710_JRBABH,train
20260623_002250_VDNXUL,train
20260623_002404_SAJWNZ,train
20260623_002455_NTSYPR,train
20260623_003329_KPPWJS,train
20260623_004035_ADKGKC,train
20260623_004133_LCVJYX,train
20260623_004311_BVAYFV,eval
20260623_004514_BJAYBG,train
20260623_004626_SSEBDP,train
20260623_004917_ZZJTEK,train
20260623_005118_VTREYU,train
20260623_005344_EBCQZW,train
20260623_005526_CVJYGR,train
20260623_010147_DBZMFL,train
20260623_010204_ZRZNKN,eval
20260623_010520_XVSYFV,train
20260623_010623_XNNUAJ,train
20260623_011202_HJCHAH,train
20260623_011720_RLKVGT,train
20260623_012339_TSKWMX,train
20260623_012348_STZZNW,eval
20260623_012954_ARCNDY,train
20260623_013017_UUSEHM,train
20260623_013149_VFFYEY,train
20260623_014253_VUAKTQ,eval
20260623_014517_FYAGQL,train
20260623_020147_LZFJAP,train
20260623_020620_TESDZD,eval
20260623_021421_EWRZEQ,eval
20260623_021528_KYRZUW,train
20260623_022120_QMNHMV,train
20260623_023251_QWRSWE,train
20260623_024427_VCATMB,train
20260623_025055_ATDARA,eval
20260623_025801_WJGUUG,train
20260623_031625_VNWFJV,train
20260623_031634_TVAVCU,eval
20260623_033115_GJXKVD,eval
20260623_034058_NVRGUE,train
20260623_034118_VTAEVN,train
20260623_034232_GUNGQL,train
20260623_035212_NJJYVP,train
20260623_041556_NGGHHM,train
20260623_042935_EEZGSS,train
20260623_044243_YFHZGH,train
20260623_045827_TNLZYK,eval
20260623_050644_XBEQHB,eval
20260623_050741_FBRYMB,train
20260623_050941_NVHGEC,train
20260623_051039_ADPNNZ,train
20260623_051059_CAGBHL,train
20260623_051338_RKMAVA,train
20260623_052118_FUTPRS,train
20260623_053412_XPDNCU,train
20260623_053946_BLDMRR,train
20260623_054030_ZJMABM,train
20260623_054521_YKQEPQ,train
20260623_055353_ZDHTTC,eval
20260623_055508_WQXMTF,eval
20260623_060402_TGYLRL,eval
20260623_060535_FWECSR,train
20260623_061407_GSEZSP,train
20260623_063708_KUGYPD,train
20260623_071017_LJEPHV,train
20260623_072310_USDSGZ,train
20260623_072531_SYKXKF,train
20260623_073631_PGLLWW,eval
20260623_074334_XAPLDX,train
20260623_074408_WBZSEB,train
20260623_075121_QDEPVW,train
20260623_075748_PVRGRT,eval
20260623_080427_NXQLJL,eval
20260623_080726_EYTWVR,train
20260623_082047_YGLPQN,train
20260623_082959_UHNLHS,train
20260623_083822_VFKMGU,train
20260623_084236_QBNRSM,train
20260623_085446_SCUCGK,train
20260623_085558_TKURRN,train
20260623_091021_LUKLNZ,train
20260623_091049_YGDNXU,train
20260623_091734_JRLDRP,train
20260623_092336_CEZBHV,train
20260623_092708_AQWPVQ,train
20260623_094206_EMYMXY,train
20260623_094233_LFXPXS,train
20260623_094435_NANKRZ,eval
20260623_095522_CDVNVL,train
20260623_101935_YHYRLK,train
20260623_103842_TSYJTN,eval
20260623_105012_GGQJXN,train
20260623_105458_PVJZLN,train
20260623_110411_SZCNMP,eval
20260623_110943_SJREBL,train
20260623_110958_YLCDSQ,train
20260623_112103_JXVKAP,train
20260623_113919_UFQVRY,train
20260623_114839_QLHDWF,train
20260623_115803_SPYFQB,train
20260623_120324_XDSMGE,eval
20260623_122901_CHWTSA,train
20260623_123650_PKQKBQ,train
20260623_130103_FPMDWB,eval
20260623_130248_FXEFHU,eval
20260623_130816_KRTAMT,eval
20260623_131739_GGPYTJ,train
20260623_131806_VJDADX,train
20260623_133630_YEUKKB,eval
20260623_133834_KJWPFS,train
20260623_135238_VRNJAK,train
20260623_141231_GCRHCE,train
20260623_142844_UKUERG,train
20260623_143700_WLTHDK,train
20260623_144022_TARJWM,eval
20260623_152338_QQXNXE,train
20260623_161429_KZBFHF,train
20260623_162921_BCGTUQ,eval
20260623_171720_ZHBDSH,train
20260623_174653_FSMLVZ,train
20260623_191927_TDNWRK,train
20260623_202425_NYTMRB,train
20260623_204643_BQYVEA,train
20260623_221009_XDCUMG,eval
20260623_222016_RFJHJZ,train
20260623_234141_ZUDDRP,train
20260624_000153_PWCBAK,eval
20260624_001604_LPBWLG,train
20260624_002531_WEHBCE,train
20260624_002800_QYGSDA,train
20260624_003109_MAULUJ,eval
20260624_003458_TURYZM,train
20260624_004542_SENPCE,train
20260624_004614_PXUQWP,eval
20260624_005554_CYNHUW,eval
20260624_010455_SYUXDE,eval
20260624_010948_RQPVEM,eval
20260624_011445_XMVDCB,train
20260624_014346_VQUJAD,train
20260624_014745_QSGWWF,eval
20260624_014821_HEPKWV,train
20260624_020510_PPLFBY,train
20260624_021022_WWRQXR,train
20260624_021736_CRCRTJ,train
20260624_022706_UYQLGM,train
20260624_030228_RJSWTA,train
20260624_030315_UJDPFL,train
20260624_031054_EJWHKE,train
20260624_033743_CCRAHG,train
20260624_034902_DNWZDF,train
20260624_035620_QNESYJ,train
20260624_043526_TDGJNC,train
20260624_045154_SXAAKG,train
20260624_045925_UBEGTA,eval
20260624_050307_FTNEHH,train
20260624_050350_DREUZG,train
20260624_050452_THLBJF,train
20260624_050532_NMHGZS,train
20260624_051509_ZFCMXD,train
20260624_051738_SBNBTV,eval
20260624_051744_ZKUCKN,train
20260624_051837_JVZWVC,train
20260624_052338_TVXMHE,train
20260624_052616_LNXBMU,train
20260624_053241_QGMNUW,train
20260624_054517_YXMGMV,train
20260624_060105_GDYLRE,train
20260624_060417_GDXKWM,train
20260624_061123_ZGLKTQ,train
20260624_061647_QMMSSA,train
20260624_063227_GXRQLN,train
20260624_064859_JMWYWY,train
20260624_065904_BNYDBK,eval
20260624_070238_EAWQBB,train
20260624_073047_VDTYQE,eval
20260624_073639_HKVEJR,train
20260624_074503_PWSWFS,train
20260624_074559_VQVSRM,train
20260624_074714_JHNQFB,train
20260624_074918_KXAYXG,train
20260624_075131_JQXEAD,train
20260624_075435_KGGVEP,train
20260624_075549_HCWTXC,eval
20260624_080134_DAYFUK,eval
20260624_080555_UFXCRH,train
20260624_080756_HGLZHK,train
20260624_081014_CFQZRM,train
20260624_081644_GQQYZW,train
20260624_082007_KUGUGL,eval
20260624_082032_LYGQAD,train
20260624_082306_MUMGLS,train
20260624_083847_ECXDEP,train
20260624_083950_NSMJQW,train
20260624_084332_PVETJG,eval
20260624_085130_VWWKSJ,eval
20260624_090211_VXTXRF,train
20260624_091528_XUAMPG,train
20260624_091811_TZNFJM,train
20260624_093952_DHEEMS,eval
20260624_094827_ZSKSJD,train
20260624_095950_QMHDBY,train
20260624_102409_JCVNEF,train
20260624_103138_EAYYSP,train
20260624_103700_SRBQMC,train
20260624_104100_ANBBCV,train
20260624_110737_CYVEJH,train
20260624_112018_GZXEDD,train
20260624_113834_KYWDQR,train
20260624_114829_VCWYXK,train
20260624_123011_UUNTVV,train
20260624_124120_MPYFHH,train
20260624_130711_YCWLBL,train
20260624_133526_VSRNAV,train
20260624_134716_GQDKHE,train
20260624_140301_DFQQUZ,train
20260624_143735_YJXAXX,eval
20260624_161530_LMYWSD,train
20260624_194125_VXFPWG,train
20260624_200111_QBSPSP,train
20260624_204340_EEFEXT,train
20260625_000121_ZUEVKY,train
20260625_001155_PFKFWZ,train
20260625_001516_JYDKCT,eval
20260625_002206_DRJTUT,train
20260625_004032_SASKHJ,eval
20260625_005252_UFCQDX,train
20260625_005349_EXMAZP,train
20260625_005447_LGGGFT,train
20260625_005635_LZYQBP,train
20260625_010558_AVTPQQ,train
20260625_011647_MFJLQN,train
20260625_011903_ZMGPTT,train
20260625_012221_KTFWVB,train
20260625_012610_KXBGNV,train
20260625_014841_RNHTNN,train
20260625_014847_TFCGJX,train
20260625_015051_BPUXUM,train
20260625_015258_AUDEUP,eval
20260625_021409_WWYGUQ,train
20260625_022819_ZNBSRX,train
20260625_023007_PXRMBU,train
20260625_023244_RLHXZH,train
20260625_023253_XFYAVY,train
20260625_023257_LCQZQA,train
20260625_023558_TWDZCG,eval
20260625_024442_QCEHZV,eval
20260625_030917_ERHCNM,train
20260625_031430_KUEYBS,eval
20260625_031812_PUEFAX,train
20260625_032931_XXXYAK,train
20260625_042639_LRRUMA,train
20260625_043005_CFUSZQ,train
20260625_043457_KWXGUQ,train
20260625_044121_YYVAJV,train
20260625_050320_TNQVVX,train
20260625_050527_SWRRNC,train
20260625_051020_NMDRTR,train
20260625_051141_UPUDEE,train
20260625_051217_QLEANE,eval
20260625_051645_DBYBCL,train
20260625_053314_KCTGHS,train
20260625_053635_JCEXBX,train
20260625_053829_WWRRAU,train
20260625_054106_TVHRFG,train
20260625_054110_FZLMST,train
20260625_054843_SKTRPF,train
20260625_055412_QKHWER,train
20260625_055546_NRGTKT,eval
20260625_060246_NALTTX,train
20260625_060621_RCXKZH,train
20260625_061548_KWNYPR,eval
20260625_061916_LRDBWG,train
20260625_062435_TKLSHP,train
20260625_062955_WNRWYS,eval
20260625_063328_KNCGPL,train
20260625_064821_NPCBUD,train
20260625_065339_FHTYTW,train
20260625_065916_VXJPWW,train
20260625_065918_KZJDJB,train
20260625_071543_CWLJDF,train
20260625_071802_VGPXGS,train
20260625_073432_BRJSVV,train
20260625_073913_FEELYM,eval
20260625_074017_RXAYKB,train
20260625_074605_DRLTQU,train
20260625_075546_WUXPLW,train
20260625_080625_PLHMDR,train
20260625_083307_XWYJYH,train
20260625_084803_HQAHNE,train
20260625_084813_QGHDVY,train
20260625_085602_WMHSLS,train
20260625_090052_UXUWEE,train
20260625_090507_XMMJSR,train
20260625_092256_QQXQEX,train
20260625_092522_MVXZQG,eval
20260625_092535_DBGCFM,train
20260625_092758_WPREPW,train
20260625_093053_SHPQLM,train
20260625_094149_ZWZSAY,train
20260625_095001_QSBWUN,train
20260625_095058_JJHJDC,eval
20260625_101246_BJDTKD,train
20260625_101311_KTKGTP,train
20260625_103550_UNJDBV,train
20260625_105120_CVNKPY,train
20260625_110149_WRTUPW,train
20260625_110519_YZAPAQ,train
20260625_112229_CYKCWB,train
20260625_115440_PEVYRU,train
20260625_120111_LTBGRL,train
20260625_123320_UWPJCT,train
20260625_124005_RNTNHH,train
20260625_130618_DBUCQC,train
20260625_131238_HXNYFT,train
20260625_133855_PYEMDN,eval
20260625_145717_SHZAFV,train
20260625_153001_JQRFUE,eval
20260625_162630_YESKYS,train
20260625_193557_KTLMGL,train
20260625_215730_BAAXJB,train
20260625_231638_RVZDRL,train
20260625_235701_UCPEUY,train
20260626_000358_MYLDNT,train
20260626_001052_XJZYEE,train
20260626_002252_SSAPWX,eval
20260626_003038_FZZGHC,train
20260626_003041_SBHYDA,train
20260626_003232_BYMVRV,train
20260626_004147_RXRPHA,train
20260626_004429_SQBDBS,eval
20260626_004611_CAMLWM,train
20260626_004835_BZJYQJ,eval
20260626_005027_HYLSJG,eval
20260626_005344_EYMVJP,train
20260626_005446_KPVXSY,train
20260626_005824_VUERPX,train
20260626_010804_BXYGAU,train
20260626_011557_AEKCGN,train
20260626_013902_WBALKT,train
20260626_014026_ZTYXVD,train
20260626_015007_XRHLJP,train
20260626_015240_GMDATH,train
20260626_020048_ANSLCU,train
20260626_020155_JYQZGP,train
20260626_020329_GNMQRW,train
20260626_020835_RHVBSC,train
20260626_021351_ERSTHG,train
20260626_022412_DKQYAJ,train
20260626_023215_SPPZZM,eval
20260626_024317_KCPLCA,train
20260626_025836_MQSEGA,train
20260626_025956_BULAWW,train
20260626_031651_KYERSM,train
20260626_032515_QXETVL,train
20260626_034935_UHDKFE,train
20260626_040927_ADVCBB,eval
20260626_041643_WFVMME,train
20260626_042900_ZMCPBH,train
20260626_043446_YUPTKV,eval
20260626_044037_HTSMLF,train
20260626_051115_ZCRHBB,train
20260626_051227_JRXRAQ,train
20260626_051601_NMEQPN,train
20260626_051629_DYLHCK,eval
20260626_052028_EQNSTX,eval
20260626_052543_HVYKEE,train
20260626_053028_HCHSBC,train
20260626_053539_RWNQPH,train
20260626_055037_DHZGJY,eval
20260626_055446_QFJGJK,train
20260626_055740_BQSFRG,train
20260626_055920_MEZCZE,train
20260626_060001_WNXAJS,train
20260626_060154_HALCHE,train
20260626_061902_WLJHDV,train
20260626_064019_BWUDCB,train
20260626_065841_THRTCU,train
20260626_070533_WEYVJP,eval
20260626_070715_DBJVLD,eval
20260626_072639_XFJKAN,eval
20260626_072822_KRKRLU,eval
20260626_073749_BENQLD,train
20260626_073831_GPFFYY,train
20260626_073943_NCDVQR,train
20260626_074404_DZXBUA,eval
20260626_074549_BZNFQL,train
20260626_074634_UZTFFU,train
20260626_074752_GJMUHH,train
20260626_074823_RKQWHN,eval
20260626_075449_TXWWHM,train
20260626_080252_RUUFFP,train
20260626_080524_AUYLMK,eval
20260626_081103_BMQNDB,train
20260626_082948_TSEZPY,train
20260626_083533_WTPQYQ,eval
20260626_084209_BKELDW,train
20260626_084309_KZGAPC,train
20260626_085844_ZHZZZT,train
20260626_090730_JKULUS,eval
20260626_091421_TXDJFT,train
20260626_094044_ZGNVQQ,train
20260626_094153_QHMTSY,train
20260626_094651_NGRUCH,eval
20260626_095106_RKEWZN,train
20260626_100954_FCSVBQ,train
20260626_101143_GJCGJZ,train
20260626_101413_ZDRJKE,train
20260626_104112_DZGRMF,train
20260626_104703_NQYBCR,train
20260626_113329_FRECSY,train
20260626_124216_RSMPGJ,train
20260626_124456_UGQSTU,train
20260626_125422_QMQTHS,eval
20260626_130908_JGUVSS,train
20260626_132203_MSQBCG,eval
20260626_133338_BNUEPH,train
20260626_134115_WZGNZH,train
20260626_140431_WDAJME,train
20260626_140504_EZVLBH,train
20260626_141602_VDTYSE,train
20260626_143642_PLGDNV,eval
20260626_144722_WWKYRY,train
20260626_145446_SGDEFD,train
20260626_162151_FUYNJP,train
20260626_162938_NMYAGL,train
20260626_171141_RDVTSZ,train
20260626_192418_BAAXZD,train
20260626_195033_TQXGMV,train
20260626_202742_WXUKWQ,train
20260626_214517_VNQEAK,train
20260626_225230_MHRTJD,train
20260626_231727_UJQYQX,eval
20260627_000459_WMRBJL,train
20260627_000641_WLJXPN,train
20260627_001641_DHSDWM,train
20260627_002106_ANEEGY,train
20260627_002254_CCHBYA,train
20260627_002410_YZWDQG,train
20260627_002514_LFQZJP,train
20260627_002523_ELEEBF,eval
20260627_003047_KWUXVQ,train
20260627_004040_MULDGU,train
20260627_004430_SWNCNY,train
20260627_004523_TYMMTQ,eval
20260627_004836_KUGSCM,eval
20260627_005033_ALAEBG,train
20260627_005109_NGSBJT,train
20260627_005403_LGGFFG,train
20260627_005515_FPTBUF,train
20260627_010615_FGLCCT,train
20260627_010725_EMEQUX,train
20260627_010823_HXPLPN,train
20260627_011114_DAGHFG,train
20260627_011205_QSSLPK,train
20260627_011416_JWZJLL,eval
20260627_012054_GPCFVY,train
20260627_012115_JMMZWG,train
20260627_012523_YMNQMF,train
20260627_014530_XAMCDN,train
20260627_014856_FMXUZU,eval
20260627_014932_ERTFNG,train
20260627_015517_VNSLPU,train
20260627_015532_LYDSST,train
20260627_015712_MLDMNM,train
20260627_020340_FXQHRJ,train
20260627_020421_WBHTXT,eval
20260627_020551_HJAJQE,train
20260627_021254_LNHQNQ,train
20260627_021931_LVQSRD,train
20260627_021952_WQUEJF,train
20260627_022742_FKCDNS,train
20260627_024309_FWDRJT,train
20260627_025039_WRQZZV,train
20260627_025434_HXJZAT,train
20260627_025713_VRWXDR,train
20260627_030100_NXLAUX,train
20260627_030544_ZTNDBP,train
20260627_030617_QLFXWJ,eval
20260627_031431_GWSMKE,train
20260627_032233_WKVVSV,train
20260627_032247_HMDXRK,eval
20260627_033509_KWRDHD,train
20260627_033948_JRFZUC,train
20260627_034900_TPSGXS,train
20260627_035053_AJBPFR,train
20260627_041837_BPJYCM,train
20260627_042441_CCWZWA,train
20260627_042510_DNXCMW,train
20260627_043849_DGTKVD,eval
20260627_045007_TSCNYK,train
20260627_050104_YRNWBF,train
20260627_050339_QHWHHR,train
20260627_050339_WTJKEP,train
20260627_051723_FPUKQT,train
20260627_051934_MNNLNQ,train
20260627_051944_LQJJUH,train
20260627_052041_MHXWSH,train
20260627_052223_LSHANB,train
20260627_052524_YVAVPT,train
20260627_053042_GAEJVS,train
20260627_053133_ECRGZL,train
20260627_053621_KRNBTJ,train
20260627_054808_HFWFKQ,train
20260627_055119_AEDEWD,eval
20260627_060533_RBRUGK,train
20260627_062414_LNRMRF,train
20260627_063339_DRDCAC,train
20260627_063748_GNRMFQ,eval
20260627_064053_EHXPXS,train
20260627_064504_DJQNZZ,train
20260627_064547_RGLJWB,train
20260627_065219_XXCRMX,train
20260627_065621_HWXAQB,train
20260627_065648_LYNULP,train
20260627_071039_KKUPVD,train
20260627_071054_QBFVWZ,train
20260627_071410_HUCMLD,eval
20260627_071508_AVPGWS,train
20260627_071545_BGGMXU,train
20260627_071609_PBGRWT,eval
20260627_072148_DATDRZ,train
20260627_073302_KKJXBW,eval
20260627_073314_SBMCHQ,train
20260627_073814_QGNQDV,train
20260627_073914_MUWWZR,eval
20260627_074156_GXYYGL,eval
20260627_074723_AYKTJH,train
20260627_074832_RQDECM,eval
20260627_074924_LMBPMD,train
20260627_080039_KHNWZF,eval
20260627_080148_VYHPTA,train
20260627_080457_RQPEUB,train
20260627_080528_HKVRBH,train
20260627_080531_FHCDMY,train
20260627_081005_QEHUYD,train
20260627_081108_RQPSML,eval
20260627_081244_NTTFGQ,eval
20260627_082056_HPGMJJ,train
20260627_083722_PJFZFC,eval
20260627_084955_DDBFNJ,train
20260627_090816_VDFPPB,train
20260627_091034_QEBNQZ,eval
20260627_091159_SWTBXR,train
20260627_091427_GLYWJM,train
20260627_094750_TDSRWE,eval
20260627_101121_MNLMLG,train
20260627_103412_KFKKTZ,train
20260627_103618_YYZMCK,train
20260627_103800_YCQNQJ,train
20260627_111938_YDMBXQ,eval
20260627_112359_XELZTQ,train
20260627_131757_HXTXXW,eval
20260627_134901_DSKXWY,train
20260627_135954_JSNSYA,train
20260627_154319_QETAXZ,train
20260627_163222_HGDXKC,train
20260627_195042_NGXKAP,train
20260627_203137_KLMQUT,train
20260627_222233_WTYHNX,train
20260627_222333_GWUUFA,train
20260627_224410_LHYRQW,eval
20260627_225054_LFNAEG,train
20260627_230604_DCDSJX,train
20260627_232011_WWXREB,train
20260627_232707_RHCFEC,train
20260627_233843_SVFSST,eval
20260627_234619_RDHCVZ,train
20260628_000135_DHVGAB,train
20260628_000653_GHPDGV,train
20260628_001038_WLTSZE,train
20260628_002422_TLVFUE,train
20260628_002621_DCMRLQ,train
20260628_003037_ZXWFDX,train
20260628_003830_JTXGUN,eval
20260628_004844_MWABNS,train
20260628_005011_YSGSGH,train
20260628_005035_TALPSY,train
20260628_005207_AYUEAP,eval
20260628_005355_YJNLVK,train
20260628_005358_QMVKTC,train
20260628_005400_JSZSWV,train
20260628_005912_FHVKLU,train
20260628_010805_HXJSND,train
20260628_010834_ZXNZDP,train
20260628_011236_HHRUKQ,train
20260628_011414_NHDVNZ,train
20260628_011640_RJMVUF,train
20260628_011858_TVSPDW,eval
20260628_013558_ZEPDYP,train
20260628_014315_CKPLWQ,train
20260628_014435_YFSQDY,train
20260628_021914_NEMKDP,train
20260628_023016_HUXWQB,train
20260628_023734_GBFKHA,train
20260628_025716_GPDQYB,train
20260628_030438_HQNSCF,train
20260628_031953_VLQMZS,train
20260628_041331_VQUQHH,train
20260628_044204_BASKSS,train
20260628_050043_VJXVCS,train
20260628_050055_PDWHDS,train
20260628_050123_CTRUDB,train
20260628_050334_MXMMTJ,train
20260628_050706_EBNGZK,train
20260628_050800_QZCKRE,train
20260628_051426_NVBGHF,train
20260628_052658_TBKLND,train
20260628_053303_VZATDQ,train
20260628_053647_UBCHCK,train
20260628_060656_RRCJWP,train
20260628_064334_XGVTKF,eval
20260628_064749_LAQPUG,train
20260628_065609_NAGUKR,train
20260628_070750_QHMWYD,train
20260628_071348_DPZBGX,train
20260628_072347_NBBFXH,eval
20260628_073453_RTEHER,train
20260628_074209_FXQZCJ,train
20260628_075502_RPAFAS,train
20260628_080348_ZEHKGU,train
20260628_081752_HYMAWR,train
20260628_082049_TLHDZG,train
20260628_084630_YEFAVC,train
20260628_090117_DGNZFQ,train
20260628_103235_VVCHLL,train
20260628_123223_HVMBFR,train
20260628_131352_BNTEAQ,train
20260628_140728_WTFZZF,train
20260628_150058_XSGPKZ,eval
20260628_151057_GPDNNL,train
20260628_154826_XNSESF,eval
20260628_163710_SRKMJD,train
20260628_191907_PCTAKY,train
20260628_193844_YLXVLX,train
20260628_195603_KEBGCS,train
20260628_220354_MEXKUS,train
20260628_220854_SDBYWK,train
20260628_221633_XKACUR,train
20260628_232132_DWYRYX,train
20260628_233040_AXDVST,eval
20260628_234113_HPDPWH,eval
20260628_235138_SNKAEV,eval
20260628_235210_GHEYAW,eval
20260628_235327_GTZNFL,train
20260629_000111_DDSSYU,eval
20260629_000903_RTHGED,train
20260629_001728_JMJJCC,train
20260629_001734_AUAYQE,train
20260629_001822_CNUSAU,train
20260629_002532_PVFCVA,eval
20260629_003244_WTBFNT,train
20260629_003432_LJFHHW,train
20260629_004001_PNLCRF,train
20260629_004159_SHVZHW,eval
20260629_004340_QYQHCU,eval
20260629_004658_SHYYKG,train
20260629_004945_YBFNTC,train
20260629_005438_MRCGYL,train
20260629_010013_AWYTED,train
20260629_010959_LVSTHP,train
20260629_011125_HTNJRL,eval
20260629_012035_KNUXRM,train
20260629_012239_SFGPLZ,train
20260629_013419_QJQGSV,train
20260629_015434_NFNGES,train
20260629_015621_WPBSTP,eval
20260629_015852_NJVTUG,eval
20260629_015906_GNFWTL,eval
20260629_020358_JEAUYQ,train
20260629_020702_PEFJSZ,eval
20260629_021044_BTXSUN,train
20260629_021054_YMSSVK,eval
20260629_021131_UVWJRY,eval
20260629_021249_GJMJCW,train
20260629_023729_KPZELS,train
20260629_024332_RYYNFR,train
20260629_025657_FVWGYE,train
20260629_030456_WZPFHT,train
20260629_031402_SWNLKE,eval
20260629_032358_GCTTUZ,eval
20260629_032647_KMYQYR,train
20260629_032803_CEYJET,train
20260629_040329_TJDAYG,train
20260629_041437_AXPEWB,train
20260629_041520_PJYJXQ,train
20260629_042126_AFLBLZ,train
20260629_042941_PHWFYB,train
20260629_043709_PTPVVW,train
20260629_044056_BPVZGU,train
20260629_044537_NWYNVJ,eval
20260629_044539_BYRYJP,train
20260629_044706_HNLUUV,train
20260629_050029_TEWALK,train
20260629_050410_FRPFQQ,eval
20260629_051832_NPCHFY,train
20260629_053034_DDKCJD,train
20260629_053226_HAAEBV,train
20260629_053402_UMEGZK,train
20260629_053700_VLWHUC,eval
20260629_053719_HXMSZZ,train
20260629_053809_YSPHUM,eval
20260629_053947_HPRHQX,train
20260629_054444_RWYKAY,train
20260629_054539_FLQJUB,train
20260629_054721_HZRJMW,train
20260629_060336_ECVPWB,train
20260629_060608_VXDDXR,eval
20260629_061703_XCQQLE,train
20260629_062839_RHUQEJ,train
20260629_063247_KGXZGL,eval
20260629_064430_ENBDRG,eval
20260629_070625_DWSYTC,train
20260629_070935_YVLRVH,eval
20260629_071321_YHDQFZ,train
20260629_071741_RNUJJP,train
20260629_072118_GGSJKM,train
20260629_072647_LXFQXB,train
20260629_072801_AQZSJX,eval
20260629_073311_CGVVMC,train
20260629_075102_DANZLM,train
20260629_080716_QPHFGL,train
20260629_080718_FAATUB,eval
20260629_080835_ALFTQB,train
20260629_081539_SQEBWY,train
20260629_082158_GXPYLN,train
20260629_082246_XAPZMK,eval
20260629_082300_LPQFYV,train
20260629_082430_XATFYA,eval
20260629_082845_CZLNMJ,train
20260629_084214_ZHNSGY,train
20260629_085151_ELWMXV,eval
20260629_085633_NQVGYM,train
20260629_091248_NLTZSK,eval
20260629_092942_VZGYMX,train
20260629_095236_XBBYEK,eval
20260629_100110_XJHJHX,train
20260629_100302_SKJFCF,train
20260629_102401_ESAYPS,train
20260629_103337_LZBCPV,train
20260629_103731_TZQRSG,eval
20260629_111059_HLQUGV,train
20260629_121341_MLFCBJ,train
20260629_123659_KMRGXG,train
20260629_125832_JKGDBH,train
20260629_133734_WGDMXR,train
20260629_143801_XZWHEC,eval
20260629_144947_YHAXKK,eval
20260629_154249_GZFZVL,train
20260629_160157_PQMUUT,train
20260629_163738_EQKMQN,train
20260629_165407_SUETUC,train
20260629_220949_JRZCVW,train
20260629_234231_MGVQDP,eval
20260629_234418_UPDBKS,train
20260629_235306_YMLRHN,train
20260629_235701_QSMRKS,train
20260630_000014_AFHYRA,train
20260630_000312_ETPUEJ,train
20260630_001604_UQVDDP,train
20260630_001919_NWLUWW,train
20260630_003444_JJQPSU,train
20260630_004015_WEVSDD,train
20260630_004434_DLPRKL,eval
20260630_004902_PTGLZN,eval
20260630_005701_NXYVZB,train
20260630_010030_KNZBCM,train
20260630_010555_AJRYEQ,train
20260630_010722_APTVSA,eval
20260630_011704_RLVBXN,train
20260630_012648_JMKCJJ,train
20260630_013127_ZHZMSB,train
20260630_013358_ZTNGRG,train
20260630_013523_MZSJWF,train
20260630_014123_AMFDWA,train
20260630_014947_LBPBYK,train
20260630_015016_BTDEDU,train
20260630_020016_MXKJHV,train
20260630_020557_RMYJLC,train
20260630_020641_LJLFMX,train
20260630_021546_XHTXJP,eval
20260630_022131_QMGRLV,train
20260630_022247_JEVYZU,train
20260630_022621_EPEWHY,train
20260630_022814_UNTELZ,train
20260630_022936_KLBBPF,train
20260630_023135_TBSDWZ,train
20260630_023545_UJFPQG,train
20260630_024210_SZBSYV,train
20260630_024843_CWPPWB,eval
20260630_025307_EVAPDX,train
20260630_025719_MEVUHW,eval
20260630_030648_RPPZTU,train
20260630_032159_GLKYWX,train
20260630_032331_MSELVF,train
20260630_032614_CPCWND,train
20260630_034615_UERJJF,train
20260630_035139_DRDWYP,eval
20260630_042541_NMQQRV,eval
20260630_043322_CEMAEP,train
20260630_045804_YPPZMM,train
20260630_045820_LYRZLG,train
20260630_051032_LESMLH,train
20260630_051238_ZGPYKT,train
20260630_051348_WWRVNH,train
20260630_051428_WGGPWG,eval
20260630_051531_XUXPVU,train
20260630_052111_WEPXYD,train
20260630_053033_XLJXVX,eval
20260630_053407_PPSAQN,train
20260630_053741_ZRSVNE,eval
20260630_054125_QGZXAY,eval
20260630_054611_SSMFUQ,train
20260630_054905_NFNFRJ,train
20260630_054931_TFGNES,train
20260630_055023_KXSTPT,train
20260630_055714_BWHAFB,train
20260630_060027_PXGBNC,train
20260630_060507_CHBJVF,train
20260630_060658_NZRBDF,train
20260630_061047_DNWMJY,eval
20260630_063026_GVZUQK,train
20260630_063547_QYBKXF,train
20260630_063805_EXJXLQ,train
20260630_064730_UVZPTD,train
20260630_065423_JHMSRK,train
20260630_070125_DYTSBA,eval
20260630_070217_XDRUGR,train
20260630_070439_ZRHKYU,eval
20260630_071109_TFBBMA,train
20260630_071212_RFYPKJ,train
20260630_071215_PSGCML,train
20260630_071821_KAJMJK,train
20260630_073415_UNAJLJ,train
20260630_074256_SUEEWK,train
20260630_074324_WYDHLQ,train
20260630_074947_YEPEGY,train
20260630_075625_XRKEVW,eval
20260630_080828_FRDKEM,train
20260630_080950_CTTSXA,eval
20260630_081107_UWZLRC,train
20260630_081124_KRBJRU,train
20260630_081211_ASSNRM,train
20260630_082939_KHFEFQ,train
20260630_084032_NWPUCE,train
20260630_084515_YEMYLX,train
20260630_091702_RLVTZP,train
20260630_093312_EVQTEQ,train
20260630_093337_QMBUYU,train
20260630_093419_WZGXEF,train
20260630_105939_QBYYLC,eval
20260630_113207_JYZKUM,train
20260630_114128_NVWURX,eval
20260630_131739_CEUFYB,train
20260630_132031_BRVCKS,train
20260630_133257_QJQMNP,train
20260630_135818_UEKHHJ,train
20260630_135851_QEEYJJ,eval
20260630_140440_VEFLRN,train
20260630_143931_FHFHSK,train
20260630_153147_KCCTNY,train
20260630_153959_RKEASX,train
20260630_154754_LTAQHD,eval
20260630_160823_QEAFEN,eval
20260630_200329_ZSYGGB,train
20260630_232506_PBPFMA,eval
20260630_232600_QJJZHE,train
20260630_235752_ZKVTKA,train
20260701_000156_RZKBHG,train
20260701_000319_NFEQXK,train
20260701_000329_JHHNVJ,eval
20260701_001118_UAQKVZ,eval
20260701_001235_YSMXVH,eval
20260701_001322_WVBYPG,train
20260701_001436_GNLBEN,train
20260701_001712_WCSYCH,train
20260701_001910_KAZVBB,train
20260701_002424_FGKGTV,train
20260701_003247_YHYKUF,train
20260701_004626_VRZWQC,train
20260701_004744_QPXJPN,train
20260701_004930_HWKLXE,train
20260701_005115_MKSGLZ,train
20260701_005124_GVVSHV,train
20260701_005550_LSCGQL,train
20260701_010040_SVDBSF,train
20260701_011605_MDDKMV,train
20260701_011932_ENGFJE,train
20260701_012110_VJZWHC,train
20260701_012417_HHAPGK,train
20260701_013024_AMTAQH,eval
20260701_013524_WZZSYB,train
20260701_014554_BJHYBZ,train
20260701_020332_CBTGVS,train
20260701_021154_SKTLWN,train
20260701_021219_JNTQCW,train
20260701_021807_KSHDVJ,eval
20260701_022112_RSGTCW,train
20260701_023236_GAWXEP,train
20260701_023602_MFHFVJ,train
20260701_024013_DZEDNZ,train
20260701_024245_MMWEMF,train
20260701_025830_TAKKTD,eval
20260701_030308_EFLKGD,eval
20260701_030624_XVPYUJ,train
20260701_031244_VFVJVN,eval
20260701_032019_AVLTGX,train
20260701_032250_HJLQLX,train
20260701_032512_EECWWK,train
20260701_033047_YDYTBR,eval
20260701_033718_LARHVP,eval
20260701_035011_RAHADX,train
20260701_035036_FMRYYX,train
20260701_035338_XFGRCR,eval
20260701_040139_AQZDYE,train
20260701_040315_QQDBYF,train
20260701_041051_EGXBLK,train
20260701_042530_PDWPJS,train
20260701_042937_FXYRLJ,train
20260701_043751_WUGURU,train
20260701_051221_NPAPGQ,train
20260701_051330_HYLPWL,train
20260701_051747_QRMLXD,eval
20260701_051850_CVMQMT,train
20260701_052418_YEUAJE,eval
20260701_052552_NCARDR,eval
20260701_053113_NXMNJG,eval
20260701_053315_SZEPYS,train
20260701_053646_DWTXTL,train
20260701_053849_LEGXQP,train
20260701_054535_VAEVUN,train
20260701_054959_YMGTAN,train
20260701_055411_GVZXBC,eval
20260701_055606_BKVPJC,train
20260701_060037_SRVLXD,train
20260701_060524_YJVVQY,train
20260701_061005_SPAUBH,train
20260701_061539_SWKBWF,train
20260701_062133_LRMFYD,train
20260701_062941_FTPXLK,train
20260701_063330_JNCUKC,eval
20260701_064228_RVWVAG,train
20260701_064530_KWEKNK,train
20260701_065340_KMXPUF,train
20260701_065629_LWSPKD,train
20260701_065633_SUPXPH,train
20260701_070628_RMYYHX,train
20260701_070748_BAYRCV,train
20260701_071426_XPMDSN,eval
20260701_072659_JYZZGP,train
20260701_072756_HGJQJR,train
20260701_080929_FLMWMM,eval
20260701_081323_YJMPFE,train
20260701_082207_EDNJQU,train
20260701_082440_ADNJNV,train
20260701_082551_GKUZDV,train
20260701_084243_WMXBRQ,eval
20260701_085015_XCLSEU,train
20260701_095831_WNNAAL,train
20260701_101041_LRYLYN,eval
20260701_103209_QNWXXQ,train
20260701_104110_FFWRLW,train
20260701_104359_BSQNRT,train
20260701_105003_YHQCSL,train
20260701_105324_ZKSVML,train
20260701_113704_NRWUMW,train
20260701_114159_NZVJBM,train
20260701_120457_WVKUVV,eval
20260701_121701_QABCYE,eval
20260701_122619_CEDTMF,train
20260701_133057_MPGMKK,train
20260701_141630_MFSTAK,train
20260701_142900_UVVUMD,train
20260701_150728_JMHZFD,eval
20260701_193448_FUSUDX,train
20260701_195955_NYAMPG,eval
20260701_231128_UMLCKN,train
20260701_233647_WBHQFM,eval
20260701_233652_JDDZPJ,train
20260701_233856_DTCSMQ,train
20260701_234934_UNSYCW,train
20260701_235222_VLZNCY,train
20260701_235822_QKXQAM,train
20260702_000547_KYESMN,train
20260702_000954_JYBUZP,eval
20260702_001420_LKXNXF,train
20260702_002118_NPDEDD,eval
20260702_002217_CLELJY,train
20260702_002548_AKGYVB,train
20260702_002806_ZBAJHM,train
20260702_004415_WWGDFG,train
20260702_005413_EXDATQ,train
20260702_005806_NNVNQV,train
20260702_010621_NNWPJA,train
20260702_010715_NTCTFZ,train
20260702_010724_ASGMXV,train
20260702_012439_LMHGMC,train
20260702_015134_HXZTFW,train
20260702_020054_FMMDDV,eval
20260702_020142_KARDLZ,train
20260702_021004_QCDMQF,eval
20260702_021359_NWKPZB,train
20260702_022010_LHJJUF,eval
20260702_022548_JFUGRP,train
20260702_024847_VPJXHL,eval
20260702_025848_RFLMPN,eval
20260702_034726_CKBBQQ,train
20260702_035218_JGQKXL,train
20260702_035526_YJCDSY,train
20260702_040149_CVPNGE,train
20260702_040513_LRJEGD,train
20260702_043213_KLSFRM,train
20260702_050145_AYJSUM,train
20260702_050655_RAEEKZ,train
20260702_050708_PFUKPM,eval
20260702_050819_QYUVUZ,train
20260702_051214_RKJLUQ,train
20260702_051319_UMEFKL,eval
20260702_052709_LQXPJY,train
20260702_052927_EBEWAA,train
20260702_053403_BVZGUD,train
20260702_053448_ZCEKXE,train
20260702_054336_TBXYDP,train
20260702_054403_LZUSQJ,train
20260702_054649_KRQRNR,eval
20260702_054812_SQLSXY,train
20260702_060058_JDMMFJ,train
20260702_060709_LRCLDE,train
20260702_061029_MBFZDC,train
20260702_061237_ZACSTX,train
20260702_062857_VQWYTF,train
20260702_063640_XAHNHZ,train
20260702_065053_PXWZLC,train
20260702_065209_BUFDYY,train
20260702_065335_PLACEP,train
20260702_065742_JSPXHT,train
20260702_065752_WXSPRW,train
20260702_070220_DNXDDK,eval
20260702_071232_LKZZPE,train
20260702_071317_CKCBAK,train
20260702_071737_JVDHVS,train
20260702_073339_DACXNJ,train
20260702_073831_MPNKVP,train
20260702_074231_BVXBNX,train
20260702_074347_NSDQLS,train
20260702_075925_NTXGSR,train
20260702_080421_RDBFJD,eval
20260702_082838_KSMGGZ,train
20260702_083234_XZUQHJ,train
20260702_084502_WKVYEB,train
20260702_084509_LCWFUQ,train
20260702_084738_GPYZBG,train
20260702_085417_ZJCTJZ,train
20260702_085607_UHHKSE,train
20260702_090136_KSDKHD,eval
20260702_090706_SXUVTA,train
20260702_091537_TBANNP,train
20260702_092037_TXARCW,train
20260702_093802_QCDACP,train
20260702_100045_HZZDQK,train
20260702_100244_WPHXYF,eval
20260702_101116_TMHJCM,eval
20260702_102213_YLVMUH,train
20260702_102538_LYFDYE,train
20260702_103032_HKMBFK,eval
20260702_104432_WYFSGH,train
20260702_104958_WDEGTR,train
20260702_110608_RSFYRV,train
20260702_112739_ASRTUA,train
20260702_113533_SBEQUK,train
20260702_114701_WSSTQR,train
20260702_130321_HZTLNE,train
20260702_133301_TATKYT,eval
20260702_133655_DCQKTV,train
20260702_140137_MGHVSA,train
20260702_140649_CGNXDR,train
20260702_143900_MTDJKD,train
20260702_152406_UYBTQU,eval
20260702_163015_NUVCYM,train
20260702_164212_QPBXUC,train
20260702_171942_SUHYKV,train
20260702_203402_PTJWFE,eval
20260702_204053_BXQLPR,train
20260702_214610_VNMDZS,train
20260702_220032_DHPYDC,eval
20260702_225642_VUKRMN,train
20260702_233824_AYEFTW,train
20260703_000608_GLUPAV,train
20260703_001009_PUWGJY,train
20260703_001618_JQZAJC,train
20260703_001628_XAYETL,train
20260703_001643_HEUZQJ,train
20260703_001956_LKAQXZ,train
20260703_002436_GAMXBS,train
20260703_003255_JSSSPQ,train
20260703_003627_ELYTFB,train
20260703_003939_CFUSZJ,train
20260703_004347_RZLGRH,train
20260703_005509_UKTUUK,eval
20260703_005943_GNBDDE,train
20260703_010050_TVQPZY,train
20260703_010857_ADRCTK,train
20260703_010909_EHNYQL,eval
20260703_011431_NKUGKU,eval
20260703_011653_JHJETU,train
20260703_012015_FNGRRA,eval
20260703_012315_ZJZLZH,eval
20260703_012418_SFDCHU,train
20260703_012538_MKANFT,train
20260703_012635_NNLKPN,train
20260703_013028_JFCDWE,eval
20260703_013719_MYKHUV,train
20260703_014025_JQDALZ,train
20260703_015100_PZTZAU,train
20260703_015219_LEVZKW,train
20260703_020520_FDFLLM,train
20260703_020840_GPSWCY,train
20260703_021602_CMFTZS,train
20260703_022330_ALWPGB,eval
20260703_022546_FRTCNS,train
20260703_022659_PUVPRR,train
20260703_023414_CCUYLE,eval
20260703_023750_TBDHND,train
20260703_024954_SRKAMM,train
20260703_030617_GZZJSW,eval
20260703_030641_TWGBXN,train
20260703_031006_QBLDKE,train
20260703_031417_XXDSMG,train
20260703_032440_SYJEYE,train
20260703_033002_ESXUZQ,train
20260703_043218_QHLTQF,train
20260703_043412_KJALVY,train
20260703_044751_GEUJDV,train
20260703_045017_SLAFWR,train
20260703_045022_AKTZFQ,train
20260703_050334_ZVKKEE,train
20260703_051037_ERYCLN,train
20260703_051153_ESXYWH,eval
20260703_051631_EMSGGZ,train
20260703_051902_DQDXSC,train
20260703_052221_GDCCKB,train
20260703_052506_JECMPB,train
20260703_052934_FWGNQX,train
20260703_053108_JBMTCN,train
20260703_053137_KAQAKD,train
20260703_053700_DQJGRZ,train
20260703_054145_PNWKUU,train
20260703_054225_PELZSL,train
20260703_054718_MDSZJZ,train
20260703_054742_FEGRWZ,train
20260703_054754_JAHYCS,train
20260703_054924_XXRUFC,train
20260703_055231_MVZWQU,train
20260703_055534_DXLJMA,train
20260703_055815_YPZSTJ,train
20260703_060011_WFHJEE,train
20260703_060359_XGUHFA,train
20260703_060611_CFJJCQ,eval
20260703_061011_FXSRHN,train
20260703_061821_SRNYJM,train
20260703_061855_LRHCTF,eval
20260703_062316_XLBDNR,train
20260703_062616_CGAFEH,train
20260703_062835_ZUNXMQ,train
20260703_064102_CPNEYF,train
20260703_064318_NJUGMD,train
20260703_064925_TBEKPF,train
20260703_065259_FMFFZS,train
20260703_065628_ZXKUYX,eval
20260703_065906_STGNVE,train
20260703_070112_GBCLWB,train
20260703_070754_QKEXRA,train
20260703_070943_TVPKHJ,train
20260703_071003_PLPWFA,train
20260703_071117_RRUPHW,train
20260703_071627_EJCTTY,train
20260703_072218_HRASRN,eval
20260703_073833_VKEGVD,train
20260703_073848_ZMELZL,eval
20260703_074135_JKTXNQ,train
20260703_074758_QNBBEL,train
20260703_074845_UAPPZE,train
20260703_075144_SNCEUB,train
20260703_075336_ABUBAH,train
20260703_080414_TAJVDG,train
20260703_080432_MGGHPR,eval
20260703_081431_JKPQPZ,train
20260703_081631_AJRXGP,train
20260703_082238_MCGMPX,train
20260703_082650_HYMMTG,eval
20260703_082947_WCVYWN,eval
20260703_083610_LDMVDJ,train
20260703_084112_BBFZBD,eval
20260703_085552_SRBMNX,train
20260703_091642_HMNYSK,train
20260703_091836_EYMPST,train
20260703_092819_MQZQPK,train
20260703_093113_TRVQGC,train
20260703_093140_LESYKU,eval
20260703_093218_EXZXEN,eval
20260703_093543_GTAEEX,train
20260703_095127_DSGNXP,eval
20260703_095228_UEBMKT,train
20260703_095848_ZSPMWB,train
20260703_095922_XEWBGB,train
20260703_100609_GMAUBH,train
20260703_100911_YBSVHQ,train
20260703_100929_XYFLVU,train
20260703_103303_EWVXNZ,eval
20260703_103333_LTPCXQ,train
20260703_103333_RTJGJU,train
20260703_103336_MEFWQH,train
20260703_103549_BHYBDT,train
20260703_104215_EXMLDG,train
20260703_104303_PGZDEF,train
20260703_104504_TJQVGL,train
20260703_110027_HMUKYA,eval
20260703_114133_BHFVEY,train
20260703_115621_ZNBTEZ,train
20260703_115637_YUAKSY,train
20260703_122250_ZFHAFF,train
20260703_123945_HYJHBA,train
20260703_132800_MXHSJR,train
20260703_140814_TNZXVX,train
20260703_143847_TNDETU,eval
20260703_155511_BTJTEM,train
20260703_161003_TRMPAY,train
20260703_210520_TZRHDX,train
20260703_234130_XWQPAQ,train
20260704_000324_XBAJXE,train
20260704_002046_DJKUPJ,train
20260704_002144_NKQNAC,train
20260704_003834_TNFNMC,train
20260704_004037_CBDXPF,train
20260704_004819_GCVPWU,train
20260704_005106_QXHJMS,train
20260704_005612_XDVFGF,train
20260704_010431_JVXCTZ,train
20260704_010557_HGFMHF,train
20260704_011443_PDKAER,train
20260704_011717_VNHLAK,train
20260704_011809_YRKCLD,train
20260704_011819_GDGNYQ,eval
20260704_012605_AGCRTT,train
20260704_013941_PFHSXR,train
20260704_014035_LRNXKS,train
20260704_015623_XEUHXX,train
20260704_021853_MCGTKQ,train
20260704_021912_AQHRHY,train
20260704_022127_ESKUYR,train
20260704_022844_GJSKJW,eval
20260704_024222_VHSFZA,train
20260704_024856_KFARQZ,train
20260704_030916_SLRRUU,train
20260704_033150_CATUUN,eval
20260704_034602_YRDCAD,train
20260704_040035_KPALUT,eval
20260704_042301_SKBMXM,train
20260704_052526_MMRRLX,train
20260704_052742_GWPALY,train
20260704_052935_WBHFPN,train
20260704_053448_XSXYZQ,train
20260704_053636_BNCVCH,eval
20260704_054653_EYNFES,train
20260704_060033_GTPBAF,train
20260704_060234_LRKQEV,eval
20260704_061941_WLYUQJ,train
20260704_062001_XDZLYV,train
20260704_063503_CYRMFN,train
20260704_063834_AVBWBY,eval
20260704_063857_BBKJHB,train
20260704_070853_AUDSMG,train
20260704_073252_WYEJWT,train
20260704_073518_JMMRVW,train
20260704_074401_GDPXMS,train
20260704_074631_QYFLRL,train
20260704_074741_MCMCMH,train
20260704_075538_ZALRYM,train
20260704_075832_EWBMZP,train
20260704_080338_HCNNBZ,eval
20260704_080610_BAEXWE,train
20260704_082503_KYKWPT,eval
20260704_083314_ZTPKGA,train
20260704_083630_GCWYXC,train
20260704_084652_HGUAUS,train
20260704_090225_QUPJCG,train
20260704_091116_UWTTEN,train
20260704_092922_LCDJJP,train
20260704_093235_VASEPV,train
20260704_093512_LVGPVD,train
20260704_094327_SBZASL,train
20260704_100244_WWLRXV,train
20260704_100640_LFGXDT,train
20260704_101335_BSVLQK,train
20260704_101541_VEYBJG,eval
20260704_103825_EVTXVC,train
20260704_103934_WBAAXB,eval
20260704_112414_NAMNAQ,train
20260704_114250_SGDMWJ,train
20260704_121414_DTLQNL,train
20260704_134838_KQZSNB,train
20260704_162341_VEPQHW,train
20260704_170640_JRFRTB,train
20260704_183404_PZXPHH,eval
20260704_211031_NSGGGH,eval
20260704_231116_EARXHR,train
20260704_231423_YXRFBM,eval
20260704_233205_PWJDSQ,train
20260704_235529_PNDRTR,train
20260704_235943_ZBCEPW,train
20260705_000545_FXFPYS,train
20260705_000657_VCXBCE,train
20260705_000758_PHQDVD,eval
20260705_001054_NQAKGT,eval
20260705_003230_QJBWYX,train
20260705_003402_RNEQXX,train
20260705_003533_BYMSPA,train
20260705_003608_GPNDJM,eval
20260705_004432_YHNMGH,train
20260705_010120_XLHHUH,eval
20260705_012034_XLXPFQ,eval
20260705_020631_VUDCYS,train
20260705_021706_BJQEAS,train
20260705_025649_QNDCWD,train
20260705_031059_EGNCAM,train
20260705_033809_WELNUA,train
20260705_040407_UJQANG,eval
20260705_042745_JHRCCS,eval
20260705_042823_GHPNLK,eval
20260705_044859_EJNLPF,train
20260705_045822_CDFZBZ,train
20260705_051041_BERBMM,eval
20260705_051226_PJMPNR,train
20260705_053056_TMVEDP,eval
20260705_053631_XSKPBC,train
20260705_054029_MEWECU,train
20260705_054312_MMYAVJ,train
20260705_054711_MLYPBG,train
20260705_055228_DNXRYZ,train
20260705_061132_XEFPSB,train
20260705_061952_HKQJDP,eval
20260705_062338_RSLKVS,train
20260705_063413_DSABXB,train
20260705_064608_SKZRNL,train
20260705_065201_TMKDKR,eval
20260705_065204_XRTWMX,train
20260705_065324_XMCZAZ,train
20260705_065438_HLKMKS,eval
20260705_071236_JVPYDV,train
20260705_072006_RQPLWH,train
20260705_072238_JUCGJP,train
20260705_072518_XHQQWZ,train
20260705_072816_ZPQAZC,train
20260705_074250_NSUFPX,train
20260705_080119_NEQUWY,eval
20260705_081900_VZHJFL,eval
20260705_083032_ECZNUV,train
20260705_083517_MYACXD,train
20260705_083932_WYAKBB,train
20260705_085647_MZCJKS,eval
20260705_090749_AHNTUB,train
20260705_092346_ANRXEB,train
20260705_110307_MJVHKH,train
20260705_172749_FSBTAS,train
20260705_224853_RQKXCX,train
20260705_225215_PRDDGY,train
20260705_231553_AXPLVQ,eval
20260705_232747_FTXMRR,train
20260705_233637_YVKFUX,eval
20260705_234745_GUBCVK,train
20260705_235137_UNBXBV,train
20260705_235510_LYCRQN,train
20260706_000240_AYLNUY,eval
20260706_000718_YRNCSY,eval
20260706_000822_KTBWGH,eval
20260706_000842_VDYTQB,train
20260706_001304_DKLLNK,eval
20260706_001625_CNERTC,eval
20260706_001801_VPYQCW,train
20260706_002317_GQBHGX,train
20260706_002823_LQJGBG,eval
20260706_002824_ZTKXAN,train
20260706_002912_NRTEJG,train
20260706_003159_FSDFED,eval
20260706_003314_WQSXVA,train
20260706_003411_YPDYQM,train
20260706_004539_SUNUGF,train
20260706_004631_DEKDEE,train
20260706_005439_HCHTAH,train
20260706_010034_KNZBKH,train
20260706_010146_KNMWCB,eval
20260706_010208_GFZYXU,train
20260706_010409_PQLNTU,train
20260706_012906_LSPLLG,eval
20260706_012943_WTWYVR,eval
20260706_013741_QVZYMR,train
20260706_014742_FBHRWS,eval
20260706_015438_WXYKKD,train
20260706_020018_CJLXND,train
20260706_020124_CJFQZN,train
20260706_021210_QXCXXB,train
20260706_021252_RGLQHJ,train
20260706_021458_TNGTLN,train
20260706_021535_YRFGCN,train
20260706_021652_DZSULY,train
20260706_021829_MNTDWE,train
20260706_022721_CVEXYZ,train
20260706_023519_BMCKXJ,train
20260706_023535_DNNHZM,train
20260706_023553_RCXDNS,train
20260706_024648_UUPFYU,train
20260706_024758_ZVUJCC,train
20260706_025521_GSEQWA,train
20260706_025638_KNVNUF,train
20260706_030119_KFHBMZ,train
20260706_030233_UCHFBE,train
20260706_030352_RQRYLL,train
20260706_030355_GHGPXP,eval
20260706_030413_XZHEAG,train
20260706_030825_UBCKRT,train
20260706_031649_QWHJEK,eval
20260706_031944_WQPWSU,eval
20260706_032612_CLYKBL,eval
20260706_033512_QPRZEX,eval
20260706_033637_KWDHPT,eval
20260706_033740_TLVDWJ,eval
20260706_034201_LLXCBF,train
20260706_034310_HRLKUY,eval
20260706_034312_KLMKQM,train
20260706_034540_AKPYZS,train
20260706_042656_GUBGNC,eval
20260706_043407_FLBFBC,train
20260706_043554_WVYYZF,train
20260706_043639_HVTGDG,train
20260706_043642_PPHRLJ,train
20260706_043647_EFKRZV,eval
20260706_045516_FMBRNG,train
20260706_045528_MEHKMR,train
20260706_045809_ZJFKAU,train
20260706_045920_NQPYLK,train
20260706_050500_VTNDJR,train
20260706_050607_NQNNCM,train
20260706_050745_UTAYLQ,train
20260706_051450_HSLKFD,train
20260706_051935_AFDVCR,train
20260706_051944_NYMLKR,eval
20260706_052138_UCZHYQ,train
20260706_052251_PZGUQZ,train
20260706_052433_GQYFWV,train
20260706_053406_RCGBPD,train
20260706_053532_CETPLB,train
20260706_054049_UMBJGQ,eval
20260706_054440_RWBHZV,train
20260706_055858_GBVBHS,train
20260706_061345_MMSBEF,train
20260706_061526_NNHAUK,train
20260706_061545_EKUHES,train
20260706_062020_WNXSEC,train
20260706_062532_NFSRMZ,train
20260706_062836_UZSMXA,train
20260706_062944_RLUPME,train
20260706_062947_UFBWFH,train
20260706_063725_VFFUVE,eval
20260706_064021_DFZKMH,eval
20260706_065242_QEQVTN,eval
20260706_070346_KQAKPS,train
20260706_070425_KYYTTV,train
20260706_070426_WUHTNT,train
20260706_070641_PUEKGS,eval
20260706_070853_XBMVEX,train
20260706_071037_FSYPMY,train
20260706_071243_DHFLKV,train
20260706_071343_HJRQXM,eval
20260706_071643_XWZUMT,train
20260706_071951_RRXZUE,train
20260706_072334_YNFBHL,eval
20260706_072359_GHHXYZ,train
20260706_072841_CZXVYV,train
20260706_073015_THSVGT,train
20260706_074028_YEZMPC,train
20260706_074215_MSRKYJ,train
20260706_074709_KKAGDK,eval
20260706_075229_FLDLAV,train
20260706_075524_UFFUJU,train
20260706_075530_RVYHXC,eval
20260706_075625_LXJMPQ,train
20260706_075821_QXRFRU,train
20260706_080128_QSCEHV,train
20260706_080714_GNWSUW,train
20260706_081540_XHLWGX,train
20260706_082318_VUQWEA,train
20260706_083046_HWWXZT,train
20260706_083932_RTDDZJ,train
20260706_084037_FHSRVU,train
20260706_084053_SCQFFA,train
20260706_090521_QTBUWH,eval
20260706_091205_CGRLUP,eval
20260706_092052_DSRFFG,train
20260706_092327_TXQSKH,train
20260706_093716_KYCWVJ,train
20260706_095037_LSEJBN,train
20260706_095345_VBUBLA,train
20260706_100109_UMSGVJ,train
20260706_100308_DDLQTH,train
20260706_101023_DBDAVW,train
20260706_101053_TLKCJN,train
20260706_102746_SMCNNB,train
20260706_103254_SDZGPD,train
20260706_103640_ETBHCK,train
20260706_110140_GYDQCY,train
20260706_111038_EULAHR,train
20260706_112634_XYLPZL,eval
20260706_113256_CKSCWV,train
20260706_121221_FHFNNB,train
20260706_122947_GVJDLH,train
20260706_135530_EAEECK,train
20260706_140940_AHNGFE,train
20260706_151259_BQNNGD,train
20260706_153526_SXSUAC,train
20260706_154117_SFPQDE,train
20260706_154747_LMDMMK,train
20260706_175845_KQQGGV,train
20260706_192204_DFMTDC,train
20260706_224609_RGGKEQ,train
20260706_230045_PTGSJG,train
20260706_232608_CCCBSK,eval
20260706_232702_MLHMRK,train
20260706_233820_LLDLCL,train
20260706_234536_ZPDNBB,eval
20260706_235101_FFBTKM,train
20260706_235113_HBNCCL,train
20260706_235338_ZDSSBB,train
20260706_235445_LMMGUM,train
20260707_000007_ACCJEC,train
20260707_000238_LNMHPB,train
20260707_000335_SFNNPZ,eval
20260707_000645_YASSCN,train
20260707_000852_VCLUWE,train
20260707_000946_QQCESQ,train
20260707_001223_UCDYJG,train
20260707_001527_ETTKCY,train
20260707_001929_TLESVC,train
20260707_003009_FJMXYK,train
20260707_003135_QPAZXV,train
20260707_003431_DTCBEH,eval
20260707_003808_NTHMJV,train
20260707_003920_KMCBRB,train
20260707_004526_MJULRC,train
20260707_004536_ZGTEQF,train
20260707_004611_CKQDXB,train
20260707_005236_RGEPRM,train
20260707_005249_RZRVCD,train
20260707_005726_WHEDUA,eval
20260707_005957_LTVBNB,eval
20260707_010035_JEHMDU,train
20260707_010405_ZXDECQ,train
20260707_010409_WRHTTV,train
20260707_010446_LDEHZF,train
20260707_010648_BTBSJJ,eval
20260707_010743_KJCGXH,train
20260707_010958_WWESWP,train
20260707_011209_DSTSJN,eval
20260707_011509_DPUVZN,train
20260707_011758_DYTVRB,train
20260707_012110_CDRANL,train
20260707_012522_FPXYCX,train
20260707_013114_AUNTUU,train
20260707_013147_FWAGPW,eval
20260707_014341_ZLBGBT,train
20260707_014551_LMCWUC,eval
20260707_014943_PKMKJV,train
20260707_015537_XFQJRJ,eval
20260707_015751_QSQSKC,train
20260707_020059_VKZLVA,train
20260707_020357_SZEBUY,train
20260707_020934_TTKFCX,train
20260707_021157_PWMDDW,eval
20260707_021816_WVDKLB,train
20260707_022242_ECKUEY,train
20260707_022501_UXTPHK,train
20260707_022557_PADTWA,train
20260707_023045_CJNLFW,eval
20260707_023457_ETAMJK,train
20260707_023459_DCMBDQ,train
20260707_024259_PVYVXZ,train
20260707_024903_VZNHDQ,train
20260707_025112_RUPKZQ,train
20260707_025126_LWRRRQ,train
20260707_025139_FNXZZK,train
20260707_025149_QVLPXF,train
20260707_025223_JCJHEP,train
20260707_025238_ZGRTUF,train
20260707_025318_CZMXBY,eval
20260707_025523_YHTMPD,train
20260707_025634_WEHMKE,train
20260707_025718_KHZANN,train
20260707_030139_FQFKWR,train
20260707_030148_KEJSLV,train
20260707_030418_BKYKXX,train
20260707_030453_HKSVHQ,train
20260707_030631_RFNDWG,eval
20260707_031004_CFCNUQ,train
20260707_031307_LXNUWF,train
20260707_031719_ZBSMUY,train
20260707_032412_BPXQHG,train
20260707_033353_HVZRAC,train
20260707_033453_QMNKNK,train
20260707_033641_TDMCJS,eval
20260707_033734_TJTSKW,train
20260707_033830_DTFAUR,train
20260707_035056_NQAGTU,train
20260707_040055_EFDBUW,eval
20260707_040546_KHHCDA,train
20260707_040736_UCTLSP,train
20260707_042333_HXPBBB,train
20260707_043744_SNSGEB,train
20260707_044037_KTPBYK,eval
20260707_045931_WAFRZF,eval
20260707_050256_FLRYPM,train
20260707_050403_XRNCUC,train
20260707_051022_NNXBBW,train
20260707_051131_AMEMCT,eval
20260707_051632_MWGWHX,train
20260707_052106_GPVHJR,train
20260707_052120_LNNMYH,train
20260707_052331_TAGZMJ,train
20260707_052539_HAKYCS,train
20260707_054137_KXFLSD,train
20260707_055022_BYTRTT,train
20260707_055100_KRJZBU,train
20260707_055234_UHFEFU,train
20260707_055722_ZWJRPT,train
20260707_055743_KEUAWD,train
20260707_060130_REHDSL,eval
20260707_060431_PVFWGQ,train
20260707_061312_PBMYSS,eval
20260707_061327_RBACRP,train
20260707_062134_XFHLMR,train
20260707_062409_AGHELR,eval
20260707_062508_QWTRWU,eval
20260707_062533_AFMXJX,eval
20260707_062723_PXJFPW,train
20260707_063934_DWTWRD,eval
20260707_065617_HFQSWE,train
20260707_065724_BWPAGN,eval
20260707_065842_PZXPBG,train
20260707_070146_LYEWNE,eval
20260707_071142_JTCQMH,train
20260707_071203_HYBRFU,train
20260707_071659_YLDCHN,train
20260707_071833_WJTFAL,eval
20260707_071902_CKGHCZ,eval
20260707_071928_LZDZUG,train
20260707_072027_QRAGHY,train
20260707_072344_PZKUHX,train
20260707_072734_EXLWRT,eval
20260707_073047_VWRNPZ,eval
20260707_073513_QJDNCJ,train
20260707_073618_USQQXJ,train
20260707_074319_KWLPEV,train
20260707_074442_GVGQQJ,train
20260707_075031_LHVRTY,eval
20260707_075048_HZWNLW,train
20260707_075401_BNVKRR,train
20260707_075457_YRVGCW,train
20260707_075637_ETZERG,train
20260707_075729_KBVBBN,train
20260707_080638_MVWEHL,train
20260707_080819_WZMBPP,train
20260707_080845_BSJBRN,train
20260707_082312_XSXGBW,train
20260707_082515_DLMMAH,train
20260707_083917_KFTMLH,eval
20260707_085157_VYPPSP,train
20260707_085356_QSBWUE,eval
20260707_085535_TZDRSN,train
20260707_085900_NHGFQB,train
20260707_090022_PGYGLJ,train
20260707_090100_AZKRBN,train
20260707_091157_SAHWFK,train
20260707_092419_SYNYAG,train
20260707_093140_LVMYZJ,eval
20260707_093501_DGXXQA,train
20260707_093505_YBJJCZ,train
20260707_093716_LQRYRM,train
20260707_093817_AJSADG,train
20260707_094543_RBPSER,eval
20260707_094650_GDXEAB,train
20260707_095022_BLMMZD,train
20260707_095455_VNDYEZ,train
20260707_095642_XXJXCG,train
20260707_101801_ARNQXE,train
20260707_101906_UWGJUP,eval
20260707_101948_YHPWJM,train
20260707_110135_TWZHJZ,eval
20260707_113634_GFFCBC,train
20260707_115740_DMQGDV,eval
20260707_115751_CYHFPU,train
20260707_120908_GKMQTA,eval
20260707_121044_ENFJAM,train
20260707_121740_FUUEBD,train
20260707_130112_LZPEWZ,train
20260707_134004_RAWPJM,train
20260707_142643_CSLKYX,train
20260707_152815_BWDWDJ,train
20260707_181541_DAFQRD,train
20260707_233036_URHKKV,train
20260707_233130_GDHABF,train
20260707_233709_KQWUKM,train
20260707_235017_YEMFMF,train
20260707_235943_MHRNMM,train
20260708_000330_HWKAQF,eval
20260708_000345_JHUUCD,train
20260708_000601_SFHMFV,train
20260708_001130_DUDAGL,train
20260708_001222_MJUFJU,eval
20260708_003012_DUSYCY,eval
20260708_003025_QGEUTJ,train
20260708_003026_GTMLCW,train
20260708_003129_KBJLYL,train
20260708_003307_XGTDHZ,train
20260708_003732_YGNUQW,train
20260708_003743_PXJTCL,train
20260708_003925_EXPYCN,train
20260708_003941_FNSFGU,train
20260708_004008_VKHTZU,train
20260708_004045_PSYFNJ,eval
20260708_004159_TKQYSV,train
20260708_004238_BYFZYC,train
20260708_004534_CSMRST,eval
20260708_004654_QSXJZQ,train
20260708_005242_RGQGKT,train
20260708_005933_DBVPHL,train
20260708_010651_ZPEXWR,train
20260708_010653_ZZZXLB,train
20260708_010730_YBMQDG,train
20260708_013300_JGSDNE,train
20260708_013345_FYLYLU,train
20260708_013430_KGWWQC,train
20260708_013741_KBECHZ,eval
20260708_014815_AHPFUR,train
20260708_015013_NHVSCM,train
20260708_015122_EVVTJV,train
20260708_015140_VEBXTU,train
20260708_015414_MNZSEZ,train
20260708_015452_WKQCDE,train
20260708_015904_HLWBVG,train
20260708_020505_ZAYABE,eval
20260708_020723_EEUDHJ,train
20260708_021031_RQXDYK,train
20260708_021224_HAAXSG,train
20260708_021734_FYCJUB,train
20260708_022215_LDXFRT,eval
20260708_022401_DLWTDZ,eval
20260708_023716_UMTUVQ,train
20260708_024833_EAQLSS,eval
20260708_025236_VEFHDM,train
20260708_030037_JMXCNS,eval
20260708_030933_ZRUMJZ,eval
20260708_032536_ZCXDYK,train
20260708_033159_SMRVKK,train
20260708_034526_PCKZKV,eval
20260708_034647_VYSAAZ,train
20260708_035249_RBTTTM,train
20260708_040317_JXFDDH,train
20260708_041601_NVUSKA,train
20260708_042139_VZLMVK,eval
20260708_042147_ZKBKJN,eval
20260708_042844_KJNSHY,train
20260708_042919_CPHSEU,eval
20260708_043321_SBZWXC,train
20260708_043419_STFVAB,eval
20260708_043939_FPTCBQ,train
20260708_044744_THPBQQ,train
20260708_045137_TNXAWJ,eval
20260708_045536_PZMEGA,train
20260708_045555_JDBBJZ,train
20260708_045950_BGFATS,train
20260708_050316_JMJVZP,train
20260708_050416_JHEXKE,train
20260708_050703_ADPQGP,train
20260708_051019_NFBMRF,eval
20260708_051501_AECAKK,train
20260708_051638_SNGNLK,train
20260708_051846_XGDCKC,train
20260708_052231_SEVGLZ,train
20260708_052727_ZECMDX,train
20260708_053138_SUZEZT,eval
20260708_053458_LNPBKD,train
20260708_053539_UMMEXY,train
20260708_053812_SMBRYF,train
20260708_054323_LBYCJQ,eval
20260708_054453_HZFBWF,train
20260708_054602_PCGFWJ,train
20260708_055317_CCPEMF,eval
20260708_055537_KQBFRZ,train
20260708_055739_WXVPBV,train
20260708_060353_VJKXDE,eval
20260708_060358_BXALDD,train
20260708_060445_MBBTTH,train
20260708_060628_TJJREJ,train
20260708_060946_JSUMLJ,train
20260708_061208_QPYEKB,train
20260708_061553_VPPDDU,train
20260708_062012_QGGQKA,train
20260708_062323_FCPERE,train
20260708_062658_MDAGHL,train
20260708_063022_XLBUZJ,train
20260708_063206_LLTPRQ,train
20260708_063403_BPNVAC,train
20260708_063614_HACUPW,train
20260708_064526_NFUMHT,eval
20260708_064740_AUAUCH,eval
20260708_065450_EVZLJZ,eval
20260708_065809_AZYNXL,train
20260708_065847_JUQGYK,eval
20260708_070213_ADCWXY,train
20260708_070829_NXNQEF,train
20260708_070845_VFWWUC,eval
20260708_070853_BKQLYB,train
20260708_071011_GWLRCX,train
20260708_071026_RBTDZY,train
20260708_071138_PQWYWJ,train
20260708_071635_HPPAKJ,eval
20260708_073202_HJNCAQ,train
20260708_073810_UXZHCA,train
20260708_074544_DHKUKR,eval
20260708_074622_ENKSAS,eval
20260708_074744_FEJPVC,train
20260708_075150_QSQECM,train
20260708_075520_AEPYZF,train
20260708_075558_GHEYWJ,train
20260708_075731_WMCSEG,train
20260708_075822_NBGQLL,train
20260708_075845_GPSATR,train
20260708_075923_YBMMZA,eval
20260708_080007_FTKDCG,train
20260708_080040_CUMMRA,train
20260708_080430_HDNNCL,train
20260708_080444_QALUQB,train
20260708_080739_VGUKLZ,eval
20260708_081232_QJUHQF,train
20260708_081250_BUKUUD,eval
20260708_081541_ABVLMB,train
20260708_081737_RKHXYH,train
20260708_081858_ZWMRTG,train
20260708_081933_TUMFUR,train
20260708_082123_XTYXZJ,train
20260708_082537_YGKHEU,train
20260708_082729_YTGVAD,train
20260708_083329_QMNQNN,train
20260708_084858_JJNSBU,train
20260708_085052_RWGPGD,eval
20260708_085232_PLNAQM,train
20260708_085734_CDTXDB,train
20260708_090109_QKJNXS,train
20260708_091647_MWXXQD,eval
20260708_092419_DHFTSG,train
20260708_093107_CUYSZA,eval
20260708_093135_EGGKAJ,train
20260708_093816_PYUQAV,eval
20260708_094229_WVWLMQ,eval
20260708_094701_ZQPGBF,train
20260708_094837_NQDNUM,train
20260708_095159_HMANGD,train
20260708_095259_PKCFCY,train
20260708_095845_FZWAHX,eval
20260708_100911_YPDPZP,eval
20260708_102116_EVEUKM,train
20260708_103206_KHGCKV,train
20260708_103356_VANUFV,train
20260708_103917_AFQTEP,train
20260708_104158_XCFTUG,eval
20260708_105535_WJGXXN,train
20260708_110339_VSZPYT,eval
20260708_111832_BNPQRH,train
20260708_114437_DESLAJ,train
20260708_114936_YNJVWP,eval
20260708_115716_NKMEFA,train
20260708_115726_HHEDDJ,train
20260708_120924_EAQKMN,train
20260708_121325_XEENEG,train
20260708_122548_FWDMST,eval
20260708_125317_JGNUCP,train
20260708_125355_YCAVCB,train
20260708_125446_NVPNWP,train
20260708_130356_WNGWCP,train
20260708_132741_DPUGFZ,train
20260708_134050_VXPFQB,train
20260708_134611_DJNHBE,eval
20260708_141254_FQJJEG,train
20260708_144607_SYNQKS,train
20260708_145103_KJJQLH,train
20260708_145921_QNWVDR,train
20260708_162611_BKCLNE,train
20260708_165949_SCKDBY,train
20260708_170000_SQHKXU,train
20260708_170700_ALXUTL,eval
20260708_172844_WLGPQJ,eval
20260708_173628_QAQMAB,train
20260708_224847_YUTPNV,train
20260708_225756_RRRYCC,train
20260708_225824_ADFTVZ,train
20260708_230402_MGYKRN,train
20260708_232501_YRCBNV,train
20260708_232617_DFQRQM,train
20260708_233244_UVJQRN,train
20260708_234415_PEMHLQ,train
20260708_235309_RBVKJD,train
20260708_235341_YERUNY,train
20260708_235948_SYYBPG,train
20260709_000236_QQJBFC,train
20260709_000543_BBLSFX,train
20260709_000614_CTDDSB,eval
20260709_000834_FLJZBV,train
20260709_001031_AVDUMC,train
20260709_001213_ZHHKMS,train
20260709_001442_YERLWD,train
20260709_002225_QKZXRE,train
20260709_002740_STBDUR,train
20260709_002746_DNZRKV,train
20260709_002920_FZAHGD,train
20260709_003241_JRVJEG,train
20260709_003250_XCMJET,train
20260709_003357_GDGZTV,train
20260709_003417_WMQCVY,train
20260709_003430_ZGNBVX,train
20260709_004544_VGBYDP,train
20260709_004550_KXLSPK,train
20260709_004616_DBRMLQ,train
20260709_010405_RRXZEF,train
20260709_012113_KGZXCM,train
20260709_012256_QCSZYH,train
20260709_012636_YNXKQY,train
20260709_013006_UPYUBU,train
20260709_013226_GNJMJW,eval
20260709_013716_PABWHV,train
20260709_013911_KCWGTS,train
20260709_014656_RQKNAF,train
20260709_014702_JHTHCX,train
20260709_014833_PCXCHY,train
20260709_015017_EZAQKF,eval
20260709_015128_JCKAYN,train
20260709_015901_WNDVHH,train
20260709_020031_DHUCYK,train
20260709_020143_KQLXWU,train
20260709_020357_UKNMQV,train
20260709_020655_FQXFCS,train
20260709_020706_PYXGBD,train
20260709_021303_SVVKZZ,train
20260709_021314_NDMGDP,train
20260709_022030_BFTRXB,train
20260709_022048_HAPDZQ,train
20260709_022515_SYNBNK,train
20260709_022909_NEYBAW,train
20260709_022912_ZVJSXU,eval
20260709_022951_CQSMCN,train
20260709_023031_KJUQBZ,eval
20260709_023322_YYNWXW,train
20260709_023443_HWXEYH,train
20260709_023543_CWEHCF,train
20260709_024209_PUDTKD,train
20260709_024630_VJJERK,eval
20260709_024706_MURTCC,train
20260709_025057_AEYVUQ,train
20260709_025951_DFCZUD,train
20260709_025959_HUXPHS,train
20260709_030058_BWETJB,train
20260709_030430_QNJBFF,train
20260709_030854_WLECMY,train
20260709_030950_CRPNVF,train
20260709_031120_WYMPCW,train
20260709_031534_BJDHWB,train
20260709_032153_LPXMFM,train
20260709_032224_RMMKYK,train
20260709_032452_RSFAKB,train
20260709_034455_MAYMJQ,train
20260709_040239_QGSWUY,train
20260709_042559_SRGKSJ,train
20260709_042753_PRLAJT,train
20260709_044020_DTQLFG,train
20260709_045215_WXCGHD,train
20260709_050007_GGQXBT,train
20260709_050142_ZPBLKR,train
20260709_050414_VFUZWU,train
20260709_050421_EDFRSD,train
20260709_050626_NWMEHX,train
20260709_050719_UYXYQP,train
20260709_052153_HTZAMD,train
20260709_052406_UFWESW,train
20260709_052423_PBKMNT,train
20260709_052500_NYAVFM,eval
20260709_052743_AKXXSL,train
20260709_053735_MMJHLC,train
20260709_053743_HJXWTV,train
20260709_053808_NPFUSC,train
20260709_053810_HSEWTZ,eval
20260709_053825_VDRPTD,train
20260709_054013_CVULTH,train
20260709_054634_MHQXUA,train
20260709_054656_SYSLNP,train
20260709_054903_QZEQFD,train
20260709_055144_YKBXKX,train
20260709_055253_CCAFJU,train
20260709_055502_DCDXAM,train
20260709_060330_LUSDYN,train
20260709_060457_LNKGPB,eval
20260709_060623_DDSWTS,train
20260709_060701_RLXBJK,train
20260709_061557_FGDHHC,eval
20260709_062112_YDWEUQ,train
20260709_062113_KBTXDP,eval
20260709_062441_VRJSQX,train
20260709_062506_XAFFYJ,train
20260709_062629_WXYWKP,train
20260709_062848_WRLUXB,train
20260709_063010_BFLYZL,train
20260709_063518_RXRGSW,train
20260709_063700_WASGFW,train
20260709_063804_ELUCCX,train
20260709_064222_GCWLMK,train
20260709_064231_BHRMXP,train
20260709_064249_VWLTHJ,train
20260709_064925_DQTEUZ,eval
20260709_065112_PXZSUJ,train
20260709_065806_UNFHRK,train
20260709_065844_GMNVEZ,train
20260709_070424_VDWVNC,train
20260709_070544_VUKKQW,train
20260709_070933_YUWJFQ,train
20260709_071051_CJXAQS,train
20260709_071853_WVXXBQ,train
20260709_071945_NAFWSB,train
20260709_072219_BYREGD,train
20260709_072535_HVUPUT,train
20260709_072936_PWPBVN,eval
20260709_072940_GBWWAH,train
20260709_073039_QARXXA,train
20260709_073256_EZTFKA,eval
20260709_073709_MXYZHY,train
20260709_074311_QDEHAF,train
20260709_074523_DMUNDY,train
20260709_074532_SMUUTK,train
20260709_074618_NXLVGY,train
20260709_074727_PRBRQQ,eval
20260709_080446_VWCTXD,train
20260709_080925_TFSFSJ,eval
20260709_081459_SWSZMW,train
20260709_081553_CMLFMD,train
20260709_081611_UDYRPJ,train
20260709_081656_WCUWAD,train
20260709_081859_FNXVWV,train
20260709_082708_RHKPJF,train
20260709_083013_YWRQWN,train
20260709_083802_FQUGYC,train
20260709_083804_UARHQZ,train
20260709_084818_XKATJN,train
20260709_084913_PDRMPX,train
20260709_084933_ZJVZBZ,train
20260709_085203_KAMHMZ,train
20260709_085911_HZFYSF,train
20260709_090031_MXFDYU,train
20260709_091339_GCGFLX,train
20260709_091349_YCHUKQ,train
20260709_091830_YWVAZU,train
20260709_092927_YHWNVJ,train
20260709_092944_GYLKHS,train
20260709_093618_AATZRH,train
20260709_093751_CAVPYU,train
20260709_093856_JNXRDY,train
20260709_094609_AVURWP,eval
20260709_095214_CUGZXU,train
20260709_095243_ZKYPRJ,train
20260709_095247_UFLXUY,train
20260709_095337_NKYCBU,train
20260709_095416_VHZNVB,train
20260709_100230_ACWPCX,train
20260709_100442_GNMQVM,train
20260709_100742_SBPGTN,train
20260709_100946_CMEKUK,train
20260709_102404_FFLHLU,eval
20260709_103139_QRLFSY,train
20260709_103334_UPJVTL,train
20260709_103602_DPFUTT,train
20260709_110805_NULSFV,train
20260709_110816_GZLAZV,train
20260709_110857_PTMTWP,train
20260709_110923_HKKVJF,train
20260709_110946_GCEZJM,train
20260709_110959_MMQYQT,train
20260709_111058_FXVBMN,train
20260709_112044_NVLUHC,eval
20260709_114838_CPZBKL,train
20260709_115103_DRFASX,train
20260709_122459_AZXQME,train
20260709_123415_QRJRUV,train
20260709_123515_EGSLPK,train
20260709_123911_SRQDWS,train
20260709_124346_QMRFFY,train
20260709_125919_CASHYY,train
20260709_141728_PSZHZD,train
20260709_141941_GWAJWQ,train
20260709_142119_MXBYHP,train
20260709_142359_CSQNGV,train
20260709_142951_KBTEPV,train
20260709_143613_DMEKZV,train
20260709_145236_FJKVRY,eval
20260709_145740_ZUUMFY,train
20260709_154104_GPEBZF,train
20260709_154155_EUAZVE,train
20260709_221634_XWXHJV,eval
20260709_230824_FDZKLM,train
20260709_232817_PQQRDQ,train
20260709_233506_MMTABG,train
20260709_234048_WHVCLG,eval
20260709_234427_ATFFFH,train
20260709_235500_EUMZAN,eval
20260709_235850_MBFVZQ,train
20260710_000039_PSZSSU,train
20260710_000718_BWXAER,train
20260710_000912_VHCCJT,train
20260710_000940_BJEVLN,train
20260710_001647_RCAPQV,train
20260710_001952_GTQEKW,train
20260710_002101_JFNLLL,train
20260710_002439_YBQXUZ,train
20260710_003057_GWDCSB,eval
20260710_003126_ZLNJKA,train
20260710_003214_MDKRAJ,train
20260710_003431_SDTYRL,train
20260710_003818_MVHPCF,train
20260710_004641_QFGEFL,train
20260710_004717_LJAZXZ,train
20260710_004838_HJNRKN,train
20260710_005120_ANKCPK,train
20260710_005215_ZVFMRP,eval
20260710_005426_FANASF,train
20260710_005504_XBYNGD,train
20260710_005805_MFJJWD,eval
20260710_010006_PJUEXG,train
20260710_010029_ZDTNJK,train
20260710_010651_USTPFW,train
20260710_011447_AFPATK,train
20260710_011720_YNLHKL,train
20260710_011728_PAYBKW,train
20260710_012202_QBAWZM,train
20260710_012711_LLDKGA,eval
20260710_012801_HUPUXX,train
20260710_013231_ZEHPNQ,train
20260710_013728_SRWCJU,train
20260710_014023_BGDGAK,eval
20260710_014804_UHDAMU,train
20260710_014952_LUHKRP,train
20260710_015816_KFCKDP,train
20260710_020002_VTGTMA,train
20260710_020106_BGAXHB,train
20260710_020113_FJDRKJ,train
20260710_020137_HALYLL,train
20260710_020406_PLVWLB,train
20260710_020435_FHCRXV,train
20260710_020621_FBKCBP,eval
20260710_020704_MZNTJL,train
20260710_021139_JLTECM,eval
20260710_021746_FUHQRD,train
20260710_021814_FBGYWQ,train
20260710_021835_MCHHJP,train
20260710_022230_WKLZNR,train
20260710_022431_VQLXYC,train
20260710_024243_XJMZJH,train
20260710_024454_ZADXZB,train
20260710_024841_SQEJNN,train
20260710_024852_JTMVDU,eval
20260710_025907_FCULWN,train
20260710_030229_GTLFCU,train
20260710_030329_BCMBJB,train
20260710_030846_PBSSFN,train
20260710_031101_NTKXGG,train
20260710_031519_TPHKLF,train
20260710_031609_DUZNML,train
20260710_031752_RLNBHK,train
20260710_031952_SDSTJB,train
20260710_031953_YMDHFQ,train
20260710_032052_TVRVNL,train
20260710_032100_LDLPHT,train
20260710_032907_RGLDKM,train
20260710_032957_VTNCZX,eval
20260710_033215_TJAFVG,train
20260710_033821_MLTZLF,eval
20260710_034025_RAHBWR,train
20260710_034131_KEHVRX,train
20260710_034725_GBRRXR,train
20260710_034846_XXBNVN,train
20260710_035816_XEJYQM,eval
20260710_035829_BJGNKN,train
20260710_041034_KXGCWG,train
20260710_041134_YKJNUK,train
20260710_041419_TTDCDN,eval
20260710_041635_NTHLKP,train
20260710_042753_QJKMQR,eval
20260710_043326_UQPCZF,train
20260710_044026_WAAKFL,train
20260710_044039_YSVHSR,train
20260710_044123_NDHSXM,train
20260710_044135_QLMBYN,train
20260710_045628_YFTBSR,train
20260710_045709_EJRPXX,train
20260710_045854_TGPWMV,eval
20260710_045900_LGZRKF,train
20260710_045955_DKLMLX,train
20260710_050024_JUQLBH,train
20260710_050032_DHDMQF,eval
20260710_050224_HYUFKR,train
20260710_050500_SXUMXC,eval
20260710_050536_ZTYEVW,train
20260710_050604_TWAGGE,train
20260710_050804_CRRZDS,train
20260710_050815_AGFUNL,train
20260710_050931_NVTVTY,eval
20260710_050942_QUGXHQ,train
20260710_050958_BWFBGE,eval
20260710_051035_QESFUB,eval
20260710_051119_PCHQKL,train
20260710_051342_KYRCBE,train
20260710_051347_ACLFXN,train
20260710_051611_JMYBPK,train
20260710_051928_QZVMNS,train
20260710_052223_EAKQBQ,eval
20260710_052257_UQXQSY,train
20260710_052620_BLNMWY,eval
20260710_052714_XXHZBM,train
20260710_053723_ZMPJKU,eval
20260710_053755_UKXCBE,train
20260710_054011_MSPXCW,train
20260710_054020_RLGUDK,train
20260710_054337_AVGKZK,train
20260710_054408_HDZJRH,train
20260710_054422_LLTDLD,train
20260710_054516_PUHRQU,eval
20260710_054855_ADBKVX,train
20260710_055328_KZZFMH,train
20260710_055828_NJGPBD,train
20260710_060219_KFLMEG,train
20260710_060356_LLSXFL,train
20260710_060400_QTJDGD,train
20260710_060556_EDRXRT,eval
20260710_060921_EHDRGC,train
20260710_061035_RYKANV,train
20260710_061335_YZCAPB,train
20260710_061606_WTZLUC,train
20260710_061729_VNUHJS,eval
20260710_061803_JMYEKC,eval
20260710_061809_TABMPU,train
20260710_061811_QLRBSY,train
20260710_062208_KGFLPA,train
20260710_062658_BTVFYG,train
20260710_063145_PFZDZM,train
20260710_063156_BZYYLH,eval
20260710_063329_JNMSGY,train
20260710_063641_GDUHJW,train
20260710_064037_PTWMGK,train
20260710_064318_FADXYL,train
20260710_064600_CFAHPH,train
20260710_064917_RCVZEC,train
20260710_065122_AHDUVR,train
20260710_065832_WFJMMW,train
20260710_065851_PFDJBE,train
20260710_065908_HHHDQP,train
20260710_070023_XQPEUG,eval
20260710_070310_BKSRFU,train
20260710_070610_YKWWUL,train
20260710_070613_PNXPFU,train
20260710_070726_ABSAPM,train
20260710_070805_EKZDJR,train
20260710_071006_GVJGWK,train
20260710_072426_QTQARJ,eval
20260710_073056_CWPGMA,train
20260710_073057_MPCMLP,train
20260710_073207_ZNZHDY,train
20260710_073430_BDNZRV,train
20260710_074049_FRNBFL,train
20260710_074236_BAWMVB,train
20260710_074429_CADEPQ,train
20260710_075058_BBBMHZ,train
20260710_080034_SGKXVX,train
20260710_080057_EDZTPP,train
20260710_080744_HCKQLA,train
20260710_080911_PRVWGV,train
20260710_081343_YDHWLJ,train
20260710_081941_JYVWEP,eval
20260710_082423_SDEPNN,train
20260710_082759_DMKWNL,train
20260710_082832_RMTHMX,eval
20260710_082833_CCLJJK,train
20260710_083139_XJDYSD,eval
20260710_083306_QQXHGW,eval
20260710_083816_NSTWRV,train
20260710_084746_ZLDLVJ,eval
20260710_085500_LACVUF,train
20260710_090455_GCSRGY,train
20260710_091156_FSMHEW,train
20260710_091400_VFQJWT,train
20260710_091540_FBBARK,train
20260710_092220_SCRNMT,train
20260710_093016_LRVDBF,train
20260710_093554_MBLBLS,train
20260710_093618_DHLQEY,train
20260710_094509_PCJQTA,train
20260710_095059_TBLZSY,train
20260710_100227_JWTLZL,train
20260710_100500_KVWARB,train
20260710_100523_EUKWMG,eval
20260710_100820_XDGWWH,train
20260710_101009_AEMYXV,train
20260710_101306_EWMGLN,train
20260710_101607_KNNWTK,eval
20260710_101609_GMHCWF,train
20260710_103237_TLLNCZ,train
20260710_103312_EWBUGA,train
20260710_103926_NAXBTU,train
20260710_104012_YHFAJR,train
20260710_104243_DZYNCT,train
20260710_104259_ZLMQKG,train
20260710_104928_DYXEDM,train
20260710_104948_HJUQQV,train
20260710_105035_RDGRNX,train
20260710_105527_RWSAKX,train
20260710_110430_NGKPKW,train
20260710_110448_YTWNBG,train
20260710_110705_GDYFGW,train
20260710_111016_UCWMNR,train
20260710_112658_EQYGNC,train
20260710_113221_CRZCUN,train
20260710_113248_KDVLJV,train
20260710_113849_EYBNDE,train
20260710_114405_AWJXDQ,eval
20260710_114511_EETHPT,train
20260710_114936_TXFVSH,train
20260710_115451_JSZSBJ,eval
20260710_121424_VYARFY,train
20260710_121743_NUHAKT,train
20260710_122529_UXFMHQ,train
20260710_122855_GPHHQG,eval
20260710_130243_GFCCBB,train
20260710_131814_LEUVZH,train
20260710_134523_KQWYPF,train
20260710_134935_YYTTNP,eval
20260710_151704_JDNPWG,train
20260710_155819_EZTVUH,train
20260710_161109_GMJYTS,train
20260710_161738_TUTVQB,train
20260710_170947_QVHUKN,train
20260710_203238_QQFXPC,train
20260710_225750_YLBPXB,train
20260710_232044_EYNPYV,train
20260710_232101_XTYUPW,train
20260711_000057_AMLAEE,eval
20260711_000910_EHMSAQ,train
20260711_001221_BNXFKU,eval
20260711_001709_JPJBRA,train
20260711_002454_DLCCFB,train
20260711_002727_HLFQWZ,eval
20260711_002922_LSVUCS,train
20260711_003724_CBARWL,eval
20260711_003831_LCGVHL,train
20260711_004045_LUJZKE,train
20260711_004247_EWJALH,train
20260711_004301_XNWDQY,train
20260711_004701_EUCYRF,train
20260711_004708_ERJUAC,eval
20260711_005054_TDQTXE,train
20260711_005135_HEJSFV,eval
20260711_005720_UBRYXZ,eval
20260711_010136_LAZMLZ,train
20260711_010553_UXQRHE,train
20260711_011019_JMTTKV,train
20260711_011226_BFEDND,train
20260711_012427_WRJHZL,train
20260711_012639_JMDBPP,eval
20260711_012839_YEHEBU,train
20260711_012940_YCVTTK,train
20260711_013029_XNLGJP,train
20260711_013248_JZWEKU,train
20260711_014107_MVZSFL,train
20260711_014115_YFLJAJ,train
20260711_014554_AEVJZG,train
20260711_014616_ZRCLKQ,train
20260711_014911_YSHZHF,train
20260711_015004_LWWPDD,eval
20260711_015013_DTGTRR,train
20260711_015052_APGSFY,train
20260711_015415_JJGWDY,train
20260711_015427_LBYFJP,train
20260711_015829_RSJWQE,train
20260711_020554_BMNZER,train
20260711_020950_PWYXUV,train
20260711_021331_CJJYSW,eval
20260711_021523_PJZGPX,train
20260711_021755_TGQLJL,train
20260711_021927_GJZNEQ,train
20260711_023055_KTUWSY,train
20260711_023116_AUUEDN,train
20260711_023830_APYDSR,eval
20260711_024727_RNGKYM,train
20260711_024733_KDEMJB,eval
20260711_025117_QFBEYX,train
20260711_025136_HNDPVU,eval
20260711_025537_ZGSBSZ,train
20260711_030151_XLYFTR,eval
20260711_030854_QNVYTC,train
20260711_030940_ZNHPQN,train
20260711_032123_AGSDEQ,train
20260711_032213_QRNLPW,train
20260711_033056_HAXMDT,train
20260711_033230_VVUADG,train
20260711_033740_HMUYYU,eval
20260711_035849_RKNYWF,train
20260711_041354_RRWTAD,eval
20260711_042256_LXVMXY,train
20260711_042329_SUJWSQ,train
20260711_042515_NZZYJY,train
20260711_043624_HUVBKA,train
20260711_043732_BPZXRE,train
20260711_044140_SAXRKN,train
20260711_044649_HKWXWR,train
20260711_044812_NPXVFY,eval
20260711_045329_CGPWHY,train
20260711_045557_LJLRST,train
20260711_050217_REZVPT,eval
20260711_050220_KPBVRJ,train
20260711_050350_XUMWKV,train
20260711_050747_ENCXHR,train
20260711_051456_RBKLEZ,train
20260711_051707_ZNGNEU,train
20260711_051925_PNWPDN,eval
20260711_052111_XDGYCN,train
20260711_052236_LALJQD,train
20260711_052847_GPGNEL,train
20260711_052910_MDYFSF,eval
20260711_053143_DDFXFR,train
20260711_053317_GANGXL,train
20260711_053341_VDDKFL,train
20260711_053732_GURWFX,train
20260711_054014_MZKDJK,train
20260711_054022_BQDEQG,eval
20260711_054048_RYPVVT,train
20260711_054309_DELAXH,train
20260711_054322_YTYGCG,train
20260711_054751_SSEUPD,train
20260711_055318_GKBASL,train
20260711_055338_GUUHRR,eval
20260711_055836_FNURDD,train
20260711_055920_LJVSDU,train
20260711_055938_NGMCCH,train
20260711_060301_KFPSLB,train
20260711_060511_WYULWV,train
20260711_060515_PNRPRL,train
20260711_060536_MFJYZP,eval
20260711_060541_TSHCUA,train
20260711_060612_RPGEDT,train
20260711_060957_UAKGSL,eval
20260711_061713_RFFWKR,train
20260711_061930_DKDMDT,eval
20260711_062202_EVPEWR,train
20260711_062331_QHXJCS,train
20260711_062543_CSEADX,train
20260711_062547_HUYKGN,train
20260711_062601_VZTRVG,train
20260711_062846_BZPBAF,train
20260711_063405_GQBGMN,train
20260711_063421_HJWECC,train
20260711_063825_VGNZUC,train
20260711_063836_JKQCTD,train
20260711_064335_XQWJDW,eval
20260711_065523_BEYYSL,train
20260711_065534_XNFEMK,train
20260711_070250_HXWAEL,train
20260711_070317_NUCEFL,eval
20260711_071410_YAMNYQ,train
20260711_071434_NPFZMY,train
20260711_071534_UTWEXJ,train
20260711_071706_CJSNXX,train
20260711_071725_NLMCSW,train
20260711_071834_CYTXLG,eval
20260711_071917_NWKYGS,train
20260711_072055_YPTELY,train
20260711_072222_PCBEAT,eval
20260711_072519_MTCQBF,eval
20260711_072607_SGLQLV,train
20260711_072856_SSGTBT,eval
20260711_073310_VCSVYR,train
20260711_073630_GPDUVJ,train
20260711_074224_UNXQCB,train
20260711_074720_MYYYZL,train
20260711_075117_SHRTLV,train
20260711_075810_BBFEQH,train
20260711_075847_PJADXP,train
20260711_080252_AUXKYE,train
20260711_081223_FUPBXD,train
20260711_081317_DGAHLC,train
20260711_082830_LWLATL,eval
20260711_083113_MMSWDB,train
20260711_083115_ZFCFBG,train
20260711_083415_EGUBYS,train
20260711_084509_RLLDWX,train
20260711_084952_VAZLGY,train
20260711_085021_VPAPZY,train
20260711_085713_XJSUVR,eval
20260711_085739_LFJBAH,train
20260711_090033_JCYXFJ,train
20260711_090508_YJXWTA,train
20260711_090727_SLGMQP,train
20260711_091546_SHFHYD,eval
20260711_091852_DNTZKH,train
20260711_092156_XDKYLC,train
20260711_092905_NBVCDS,eval
20260711_092949_HUHFHL,eval
20260711_093047_GBRXMZ,train
20260711_093306_VLVDXH,train
20260711_093434_RKSTRM,train
20260711_093447_KACUVB,train
20260711_093742_CEURKL,train
20260711_093817_HWJAJN,train
20260711_094747_BWJZAP,train
20260711_094941_HZQETZ,train
20260711_095233_NVVMDW,eval
20260711_095917_BGYATY,eval
20260711_100653_AJSTEJ,train
20260711_101957_EVQTVA,train
20260711_102302_FSZDAH,train
20260711_102351_YFHWGS,train
20260711_102848_AXDJGX,train
20260711_102900_BRGUDR,train
20260711_103130_ALQAGU,train
20260711_104637_GVZVQT,train
20260711_110001_BTGARS,eval
20260711_111113_FRTLFE,train
20260711_112511_NHULVL,train
20260711_112905_WHGGDW,train
20260711_112952_FDVVZM,train
20260711_113954_GXHXSC,train
20260711_120352_VAHFSS,train
20260711_121533_LHUAQY,train
20260711_122207_GLSHGH,train
20260711_123543_NDLLLA,train
20260711_125542_HNTBBZ,train
20260711_130204_JQTKCL,eval
20260711_133557_SJERYV,train
20260711_134039_SDMDXS,eval
20260711_134635_JJFZTL,train
20260711_135521_WDTWKW,eval
20260711_141241_GYKUJS,train
20260711_154035_CWXXCB,train
20260711_155550_XLMQNY,train
20260711_161003_QBUPMJ,train
20260711_222112_WXTKAX,train
20260711_234354_QBVMGW,eval
20260711_235823_BXLJKQ,train
20260712_000123_LYTZUD,train
20260712_000749_YHEBZU,train
20260712_001226_VNBPAA,train
20260712_001433_MVEALT,train
20260712_001456_KMTJSB,train
20260712_002513_WDBUUJ,train
20260712_002557_NXAMMK,train
20260712_002915_ERABWL,train
20260712_003229_RCCHEQ,train
20260712_003323_WVKYUN,train
20260712_003407_ELFNGZ,train
20260712_004002_SAHUUM,train
20260712_004325_KPJJYZ,train
20260712_004657_QSLJZX,train
20260712_004827_WXNBSZ,train
20260712_005027_RFRBXY,eval
20260712_005839_SQBZBL,train
20260712_010510_HAFYHU,train
20260712_011908_CEALJZ,eval
20260712_013018_NVAZTZ,train
20260712_013253_WNTPDH,train
20260712_013358_CQJDWR,eval
20260712_013513_QRRXQJ,train
20260712_013718_VHQQHF,train
20260712_013942_SZJUNC,eval
20260712_014633_ZMNBBG,train
20260712_015250_RETKFR,train
20260712_021113_AAGBTR,train
20260712_021200_ZFGFLN,train
20260712_021204_UAMLMH,train
20260712_021331_CZEDNX,train
20260712_022224_CFWRRY,train
20260712_023907_RHHFEX,train
20260712_024718_HEVCZL,train
20260712_025508_URSDWG,train
20260712_025726_XXCZNE,train
20260712_031222_GVXAGV,eval
20260712_031825_XELUJR,train
20260712_034146_XJVHUR,train
20260712_034635_UDHKFG,train
20260712_035637_SBXHBZ,train
20260712_040601_HFUCSV,eval
20260712_042256_UWPWTJ,train
20260712_042935_UBHZNP,train
20260712_042944_AXETJU,eval
20260712_044011_RYZCPZ,train
20260712_045838_KSJHJZ,train
20260712_045912_LBNNPF,eval
20260712_050230_LZGHMS,train
20260712_050313_TKJXAS,eval
20260712_050347_KDKBSX,train
20260712_052119_GQWVMG,train
20260712_053505_UCYRPP,train
20260712_054528_AYJSNU,train
20260712_054842_BXCAWM,train
20260712_055604_AREZTA,eval
20260712_060937_PSXEVS,train
20260712_061156_PLPBYX,eval
20260712_061548_ARKKSG,train
20260712_062436_KPQRLY,eval
20260712_063243_GRVEJZ,train
20260712_063554_JQJZMQ,train
20260712_063946_PZLNNV,train
20260712_065103_DJFSCV,train
20260712_065555_KPMTRB,eval
20260712_070139_FRCPKP,eval
20260712_070159_XESQJY,train
20260712_071120_BDHNGY,train
20260712_071125_MSYNCR,train
20260712_071125_XMFXRM,eval
20260712_071306_DMPRXT,train
20260712_071345_PZLANP,train
20260712_071535_PJMDTT,train
20260712_071717_KKJKXJ,train
20260712_071801_JBPVVN,train
20260712_072100_MJPRFJ,train
20260712_073953_XKEJCX,train
20260712_074619_YWUSAM,train
20260712_074733_XWQTTH,train
20260712_074817_FNFEUD,train
20260712_075515_XFDMSN,train
20260712_081059_SWKTFC,train
20260712_081345_ZTUFLY,train
20260712_082258_ASQYTY,train
20260712_082321_HVADNA,eval
20260712_084122_HRXSAP,train
20260712_084402_AHBZRC,train
20260712_085242_SBJBXZ,train
20260712_085624_DTEVCW,train
20260712_085639_KQYKGK,eval
20260712_085937_USDUGX,eval
20260712_090058_AZUTWK,train
20260712_090301_VLEEAN,train
20260712_091652_SZLSWP,eval
20260712_092013_MMDCVF,train
20260712_092602_XVGMCU,train
20260712_092839_GNBTKC,train
20260712_092839_TVKWVW,train
20260712_092958_XXCBPS,train
20260712_093234_GQRJGM,train
20260712_093850_AWDEPM,train
20260712_094527_UJPLKP,train
20260712_100327_UBPPTT,eval
20260712_102246_ECZCZX,train
20260712_102506_HTNRZJ,train
20260712_103001_LCRQYJ,train
20260712_104302_GYZVEM,train
20260712_104720_WYPNLN,train
20260712_105011_XWENHZ,train
20260712_110200_GWXCYW,train
20260712_114531_YQYWZW,train
20260712_120513_JXTKDF,train
20260712_121923_BRWFAG,train
20260712_122746_SKZUYU,train
20260712_123604_GQHXRE,eval
20260712_124158_GVMRQX,train
20260712_132929_YJMLCF,train
20260712_134728_VFMAZC,train
20260712_140312_SHQYFW,train
20260712_142102_GMXCZN,train
20260712_150310_SGZKGR,train
20260712_162511_XZJTLP,eval
20260712_224511_LEEQJD,eval
20260712_230442_GJBVXL,eval
20260712_230554_ZQNNUM,train
20260712_231945_QKVNJZ,train
20260712_234536_SBTZQC,train
20260713_000047_HLCFVA,train
20260713_000217_JBSRMD,train
20260713_000412_KVDJCY,train
20260713_000932_KALPWX,train
20260713_001114_TVLGWQ,train
20260713_001415_SNUSZT,train
20260713_001450_NSGFWF,train
20260713_001500_JSTMUM,eval
20260713_001503_YANYAL,train
20260713_001747_AYBTYF,train
20260713_001846_VJWFLB,train
20260713_002153_DQEQUP,train
20260713_002252_PCNSCY,train
20260713_002714_HAMYFV,train
20260713_003125_CYDAUA,train
20260713_003240_VDLHUL,train
20260713_003247_UVWRPR,train
20260713_003328_LLWMDP,train
20260713_003333_SYVGFS,eval
20260713_003456_AUMYNC,train
20260713_003827_WABEVL,train
20260713_004352_QYLUTM,train
20260713_004359_XTYLZR,train
20260713_004425_HBNCLT,train
20260713_005310_VUNPQK,eval
20260713_005610_ZTJNJH,eval
20260713_010144_PARSHW,train
20260713_010426_JSXCCP,train
20260713_010447_QVYLUZ,train
20260713_010954_GVHXVW,train
20260713_011210_LCDABM,train
20260713_011458_VVLNGN,train
20260713_011610_PNHUAP,train
20260713_011627_PWJPQQ,eval
20260713_011820_HMRMGW,eval
20260713_012230_GEJZAT,train
20260713_012533_EJXEVZ,train
20260713_012900_NDWABY,eval
20260713_013242_YXXUJE,train
20260713_013312_ZNURXP,train
20260713_013342_CVZMGV,train
20260713_013454_FMLFPR,train
20260713_013820_DADTAB,train
20260713_014007_LDVFJU,train
20260713_014154_XURNVF,train
20260713_014348_SWVENV,train
20260713_014427_BMSJSJ,train
20260713_014455_BNUYZR,eval
20260713_014654_DHWDGK,train
20260713_015127_GECHMZ,train
20260713_015155_GSDRHM,train
20260713_015435_HLVRRL,train
20260713_015614_LCZVRU,train
20260713_015825_DTKRUZ,train
20260713_015849_HKZZSZ,eval
20260713_015949_RXJTDG,eval
20260713_020001_FPVMAS,train
20260713_020144_JCFDNA,train
20260713_020913_NPFWWD,train
20260713_020915_DXHMQZ,train
20260713_021203_UCHMVF,train
20260713_021512_JRLXAE,eval
20260713_022157_GHJPKZ,train
20260713_022420_BNCFWR,train
20260713_023006_CJABJZ,eval
20260713_023357_GTHXHB,eval
20260713_023436_KSSARA,train
20260713_023821_GRAEBK,train
20260713_023850_ZBDMCN,train
20260713_024439_WAHMSJ,train
20260713_024507_NRFULB,train
20260713_024511_HJGSGQ,train
20260713_024644_FHHXBH,train
20260713_024648_UBDVDV,train
20260713_024827_NKGNKU,train
20260713_025600_HRBLGE,train
20260713_025627_YYFSTX,train
20260713_025822_YBQECR,train
20260713_030408_HLEVXZ,train
20260713_030840_MTHFKF,train
20260713_031240_UXZVGC,eval
20260713_031945_EWYPJG,eval
20260713_032038_NUYXJQ,eval
20260713_032920_NHHWNH,train
20260713_033523_VCFYXC,train
20260713_033559_DVVQFH,eval
20260713_033602_AFSLRG,train
20260713_033845_PQAJZT,train
20260713_034020_AULNXX,train
20260713_034300_FNSXCU,train
20260713_034322_LPURPQ,train
20260713_034552_VEJKDB,train
20260713_034829_RZSEUM,train
20260713_034958_ZYLHRC,train
20260713_035303_GUXHRE,train
20260713_035308_KJWZFC,train
20260713_035408_FRNDDY,train
20260713_035624_AFVHYD,train
20260713_035719_LSACKA,train
20260713_035847_MKAGUK,train
20260713_040107_VEALVE,train
20260713_040325_UGBKRP,train
20260713_040327_HJBFZU,train
20260713_040634_VFEWCF,train
20260713_040952_SDPURW,eval
20260713_041006_CXDVRT,train
20260713_041155_VKLADA,train
20260713_041313_DKZUWX,eval
20260713_041933_JCLYNL,train
20260713_042250_MJZHTT,train
20260713_042952_FUWHVU,train
20260713_043646_UQYTTG,train
20260713_044448_ZCNLCK,train
20260713_044707_KCHCFR,train
20260713_045137_WNJRPX,train
20260713_045508_LEJEVQ,train
20260713_045539_YFBVDB,train
20260713_045647_WYDLDG,eval
20260713_045936_GYSTFZ,train
20260713_050001_XXRAFT,train
20260713_050025_MLUYXS,train
20260713_050249_ASYYCB,train
20260713_050322_NBBZLF,eval
20260713_050638_UMDUXF,train
20260713_050926_NERPCW,train
20260713_051328_UKTLYF,train
20260713_051523_YGGGJH,train
20260713_051756_MDJNTB,eval
20260713_051929_VPENJH,train
20260713_052401_MWDKNA,eval
20260713_052936_TXYQTL,train
20260713_053004_PVQVSK,eval
20260713_053244_KEJYTF,eval
20260713_053348_GPDHBQ,train
20260713_053458_LYDGAH,eval
20260713_053716_ZLGGTJ,train
20260713_053731_QXXZJC,train
20260713_054111_PWQDYU,train
20260713_054142_CVSDXE,train
20260713_054559_NAXZNC,train
20260713_054633_DNKCXP,train
20260713_054820_HXCLSF,train
20260713_055157_SPRRZQ,train
20260713_055303_WJNSUT,train
20260713_055339_GXKCMB,train
20260713_055459_LVLCJH,eval
20260713_061139_FGBJUV,train
20260713_061218_ZBAPNY,train
20260713_061301_AXDLNN,eval
20260713_061323_YANDPS,train
20260713_061342_MNXWNA,eval
20260713_061405_GRATQH,eval
20260713_061728_DLUBXN,train
20260713_062314_VJNSEM,train
20260713_062705_JAUDPG,train
20260713_062948_CFVVWN,eval
20260713_063021_DXVFDC,train
20260713_063053_NXYSJY,train
20260713_063130_RRBUQN,train
20260713_063259_KKEFYB,train
20260713_063310_UULZBJ,train
20260713_063413_QAYHHM,train
20260713_063538_ZTCSLD,train
20260713_063723_HQMLHB,train
20260713_064055_HEMYMR,train
20260713_064233_WFSKRG,train
20260713_064550_JYVSYE,train
20260713_064703_CAXXCL,train
20260713_065252_GCQDVT,train
20260713_065627_CBWFAE,train
20260713_065850_DGWVJR,train
20260713_065913_WYYZJU,eval
20260713_065957_EWVZQN,train
20260713_070044_SVGSZZ,train
20260713_070329_XAKNCB,train
20260713_070656_HDJZEQ,train
20260713_070708_XJRPFY,eval
20260713_070723_RHKQWX,train
20260713_070750_EXNVUX,eval
20260713_071033_HNJPGN,train
20260713_072000_JDBHQR,eval
20260713_072136_QXNFLZ,train
20260713_072155_ZAEYUS,train
20260713_072301_XEXYEX,train
20260713_072550_EBBFWQ,train
20260713_072639_RMYFGF,eval
20260713_072826_QWVUYY,train
20260713_072849_QKHVBZ,train
20260713_073710_WYBJYH,eval
20260713_073859_HGGTAG,train
20260713_074042_XQHPMR,train
20260713_074251_XZTGNR,eval
20260713_074413_ZBHXWZ,train
20260713_074541_DVVZBH,eval
20260713_074906_HDBSNQ,train
20260713_075721_ANVTLK,train
20260713_075757_DHXDDG,eval
20260713_075800_MNUAEM,train
20260713_080018_KYVPXX,train
20260713_080223_KARLSN,train
20260713_080331_NKGBBS,train
20260713_080352_UNKANP,train
20260713_080820_PUZVWR,train
20260713_080853_JYFPGQ,train
20260713_081031_RWZWJW,train
20260713_081306_QTZSEL,train
20260713_081520_JFXTLX,train
20260713_081713_KYSRHT,eval
20260713_081717_YSREVV,train
20260713_081909_UUYVQD,eval
20260713_082006_DYPPFZ,eval
20260713_082602_AQPUKH,train
20260713_082619_PSMRMH,train
20260713_082637_PVVDFP,train
20260713_082717_FTBEFF,train
20260713_082914_ZXZMNF,train
20260713_083052_UDZWSZ,train
20260713_083054_CMGNUE,train
20260713_083215_BMZXQY,eval
20260713_083942_UAWEWK,train
20260713_084145_CPTHZY,train
20260713_085005_KGCLEX,train
20260713_085551_JCAFTZ,train
20260713_085626_LGZAHZ,train
20260713_085724_BQYBWW,train
20260713_090000_SEHTND,eval
20260713_090045_ASUUCN,train
20260713_090628_JABBLX,eval
20260713_090800_KNHHYW,train
20260713_091214_UVLBBQ,train
20260713_091233_YUFMQV,train
20260713_091439_GYHXHS,train
20260713_091857_QXKEED,train
20260713_092246_VYAXLU,train
20260713_093230_RHJTHK,train
20260713_093237_SSGLYC,train
20260713_093358_XFNWAD,train
20260713_093537_ALSLLD,train
20260713_093757_ZYKYMT,train
20260713_093759_KCKGNQ,train
20260713_093818_LZRTPX,train
20260713_094643_UANSKP,train
20260713_094712_FDKZPD,train
20260713_094853_NBMMUJ,train
20260713_094938_JTUUJT,train
20260713_095055_MQPARY,train
20260713_095414_DFDNSE,train
20260713_101014_WMZHSF,train
20260713_101247_WPZDVR,train
20260713_102231_VSUJSK,train
20260713_102511_MSKLXQ,train
20260713_103210_CRTMGY,train
20260713_103452_RYEQQM,train
20260713_104444_XWTZFA,eval
20260713_104900_YXWRAA,train
20260713_104939_NDVFCE,train
20260713_105133_CDFLFG,train
20260713_111151_BLJVLZ,train
20260713_111307_GYJLZN,train
20260713_111933_MTZHQV,train
20260713_112314_MSNKKT,train
20260713_113217_UURJTZ,train
20260713_113546_BFFJRG,train
20260713_114714_BFPVJM,train
20260713_121224_CNKHZH,train
20260713_121524_MAQNES,train
20260713_121648_HFJYHM,train
20260713_122705_ERCRUY,train
20260713_125624_HKBSED,train
20260713_132451_XHKQAR,train
20260713_132921_LTEFHJ,train
20260713_134017_FHUQUE,train
20260713_135821_QKNAJZ,train
20260713_141009_FTZBVZ,train
20260713_142610_MARDNQ,eval
20260713_142959_YFENUB,train
20260713_143307_NWTWQW,train
20260713_143734_LSHHJA,train
20260713_145013_VCEWNV,train
20260713_151918_QSGXAF,train
20260713_152921_JTXKNF,train
20260713_154141_JEEHEW,eval
20260713_155438_DRMHWX,train
20260713_231127_GEXERV,train
20260713_232044_VGUYCR,eval
20260713_233624_RBNRDD,train
20260713_235608_EPUESW,train
20260714_000130_DTVTUN,train
20260714_000311_WKHJDV,train
20260714_000850_BGRWCN,train
20260714_001211_WXDMCS,eval
20260714_001533_XVAXEU,train
20260714_001535_FYWTMD,train
20260714_001850_RVHCNE,train
20260714_002157_SXSDLZ,eval
20260714_002308_MLCSZS,train
20260714_002553_LJWNZY,train
20260714_002942_NBZGDK,train
20260714_003045_FEJBNL,train
20260714_003124_KYFLWE,eval
20260714_003243_RGQLLG,train
20260714_003737_QPCZJC,train
20260714_003816_VSTWAE,train
20260714_003836_RZHQPR,train
20260714_003900_KWQNUH,train
20260714_003941_ERKWTN,train
20260714_004008_LMXFUA,train
20260714_004132_ZRKKMP,train
20260714_004224_UXPPGC,train
20260714_004649_CZHADS,train
20260714_004653_LFAMES,train
20260714_004713_XKTQQV,train
20260714_004848_LXJUXV,train
20260714_004906_SDGKRT,train
20260714_005207_TYSZZW,train
20260714_005807_JPENDN,eval
20260714_005919_XQGPMQ,eval
20260714_010942_KVUSBY,train
20260714_011252_CQTGSG,train
20260714_011755_KFBPJX,eval
20260714_011822_CDYAVT,train
20260714_011949_VTJKRG,train
20260714_012037_ULEECN,eval
20260714_012319_DLTAWW,train
20260714_012637_AZMXWT,train
20260714_012811_EUHPUH,train
20260714_012847_XMQHMQ,train
20260714_013959_NESBPG,eval
20260714_014021_NCHVQJ,train
20260714_014328_RXTEBT,train
20260714_014351_DXBWRE,train
20260714_014527_JBKXXL,eval
20260714_015055_QGWQEV,train
20260714_015320_CJEQWZ,eval
20260714_015420_ZBYMZN,eval
20260714_015603_JWUZCV,train
20260714_015621_HLXSJC,train
20260714_015631_DVJCLJ,train
20260714_020050_ZSHSQP,train
20260714_020139_FPSZDA,train
20260714_020657_TZKPMG,eval
20260714_020721_YRGBGF,train
20260714_021126_CCMMCD,train
20260714_021318_RSANHD,train
20260714_021534_KNLENM,train
20260714_021739_NWUPJS,eval
20260714_021752_PWUYPM,train
20260714_022745_BREVPZ,eval
20260714_023430_VAHGRB,eval
20260714_023511_GMUUZQ,eval
20260714_024024_NNRQYG,train
20260714_024130_KHBFCE,train
20260714_024740_TFEYVW,train
20260714_025155_QHTDPP,train
20260714_025706_QYDNLU,train
20260714_025911_UXEQLN,train
20260714_025952_FYJYEH,train
20260714_030106_KZNQVQ,train
20260714_030247_WXJHCK,eval
20260714_031354_LVULNT,train
20260714_031719_YYJPLJ,train
20260714_032639_JLWNGK,train
20260714_033400_LMDZQM,train
20260714_034005_PMZAAH,train
20260714_034132_XJDMCU,train
20260714_034740_MLUZLE,train
20260714_035440_HNLFKW,train
20260714_035630_FUEZRV,train
20260714_035714_UTZWDW,eval
20260714_041545_WTGGJB,train
20260714_042236_TDRXBD,eval
20260714_043059_FXBDSF,train
20260714_043652_SFMDEU,eval
20260714_044442_ZATQMG,eval
20260714_044650_KHBJQV,train
20260714_044736_WRLBDB,train
20260714_045422_SUUBFK,train
20260714_045522_BZMDXR,eval
20260714_045554_NPXAUA,train
20260714_045850_KZLDMT,train
20260714_050454_HVMRFW,train
20260714_050623_UYWWQF,eval
20260714_051046_ENQVSZ,train
20260714_051058_WUZPAT,train
20260714_051450_YYBZGG,eval
20260714_051502_JMWCBB,train
20260714_051742_KJPHYB,train
20260714_052005_MKBNEM,train
20260714_052005_RLMKBC,train
20260714_052046_LGAGCE,train
20260714_052315_NDBDNJ,train
20260714_052529_SVBYZH,train
20260714_052548_NCDAAB,train
20260714_052842_CAWBSW,train
20260714_052939_NQZNTA,train
20260714_053055_MMAHYJ,train
20260714_053133_EBADWD,train
20260714_053400_ZVZKAW,eval
20260714_053449_HBRBMC,train
20260714_053550_YRSLXR,train
20260714_053750_TDWYGQ,eval
20260714_053807_WMSQDG,eval
20260714_053900_YTWSRJ,train
20260714_054309_QHMTSY,train
20260714_054332_HAUVUV,train
20260714_054630_BTFYVY,eval
20260714_054740_FJYTTL,train
20260714_055614_CFSYMG,train
20260714_055721_ADSCPX,train
20260714_055833_QVQAUK,eval
20260714_055916_FCUZVR,train
20260714_060154_RRCEQR,train
20260714_060225_GZDXTF,train
20260714_060452_XZSMXF,train
20260714_060453_VXYLGC,train
20260714_060457_YUBFMM,train
20260714_060831_HDYKLL,train
20260714_061232_VPUUWF,train
20260714_061413_TMFHAL,eval
20260714_061455_RSEWSC,train
20260714_062039_FAHCBE,train
20260714_062058_LJNDML,train
20260714_062138_TDJLNK,train
20260714_062157_XNYQKF,train
20260714_062322_UHFVFV,train
20260714_062350_RRVUAG,train
20260714_062528_FYDAQJ,train
20260714_063106_HAAHLJ,train
20260714_063618_VHBQAS,eval
20260714_063720_PTTURH,train
20260714_063957_LDDEDW,train
20260714_064016_PBAMHB,train
20260714_064344_GRHQFX,train
20260714_064454_EZEAEE,train
20260714_064513_QZMWQF,train
20260714_064535_HHGHJF,train
20260714_064643_KKGTPN,eval
20260714_064833_WTNHYX,train
20260714_065527_AQSTHZ,train
20260714_065713_MLADCM,eval
20260714_065822_HTTPRE,train
20260714_070737_CJYPUD,train
20260714_071005_ECYGMB,train
20260714_071103_DMCSDB,eval
20260714_071252_UXGLRN,train
20260714_071933_RNSSCW,train
20260714_072450_XQRQWL,train
20260714_072627_WRZMWF,train
20260714_072649_ZCGEAG,train
20260714_072731_UYGQLD,train
20260714_073632_SQLVFH,train
20260714_073741_YAGUFA,eval
20260714_073745_YSZVTV,eval
20260714_074004_GUTEFF,train
20260714_074554_GNAWWN,train
20260714_074707_DQBWEK,eval
20260714_075014_FBBBWY,train
20260714_075245_RJTUPJ,train
20260714_075757_EZEMSP,train
20260714_075812_XJHCZG,train
20260714_080155_KZPDTT,train
20260714_080219_NBTNHH,train
20260714_080324_GKZUWR,train
20260714_080407_HTLBQX,train
20260714_080541_CZETLW,train
20260714_081741_PATJEV,eval
20260714_081919_RJAKQS,eval
20260714_082325_RJJQZW,train
20260714_082326_BXHMQN,train
20260714_082655_LTNGRC,train
20260714_082702_CKZJMS,train
20260714_082755_QEFCFB,train
20260714_083134_VXGKTK,train
20260714_083453_XTFAMU,train
20260714_083525_GMQZCN,train
20260714_084007_QSRPHL,train
20260714_084232_BFLKVF,train
20260714_084412_NEABSD,train
20260714_084909_PFBUQE,eval
20260714_084922_FKWTTH,train
20260714_085017_QMPWXN,eval
20260714_085206_JDULHB,eval
20260714_085519_FURAVX,train
20260714_085805_SZGLLC,train
20260714_085908_HEHMGV,train
20260714_090404_PSARVJ,train
20260714_090648_KYYZBE,train
20260714_091114_JRFWXT,train
20260714_091339_UVGGFD,eval
20260714_091644_GRNEDK,train
20260714_091645_VBRNRF,train
20260714_091848_RLVFMQ,train
20260714_091908_ZRPNLS,train
20260714_092553_FHALJX,train
20260714_092728_FBLHVA,train
20260714_092813_FDADNC,train
20260714_093240_HDFYTY,train
20260714_093355_BZQRFK,train
20260714_093638_BHCKLK,train
20260714_094039_RDBVFV,train
20260714_094313_TQMHGH,train
20260714_094547_PQPEJZ,train
20260714_095607_VVMVGC,train
20260714_095717_BSKSRY,train
20260714_095835_HRKYPK,train
20260714_100113_QTRNQW,train
20260714_100828_FDZHBU,train
20260714_101155_XRDEXU,train
20260714_101236_WYSUBD,train
20260714_101525_HYSJZU,train
20260714_101718_ZMLUPE,train
20260714_101758_FMDHJH,train
20260714_102613_PZBAJE,train
20260714_102942_GTEQJY,train
20260714_102959_MHCSMM,train
20260714_103621_XEGXCH,train
20260714_103927_LRBRUU,train
20260714_104241_WASBVW,train
20260714_104457_KXSXTD,eval
20260714_104814_ETNTWH,train
20260714_110011_DHLQYQ,train
20260714_110242_WXSVEJ,train
20260714_114022_DYNKLD,train
20260714_114218_RVRQUM,train
20260714_114943_EWPUBU,train
20260714_114948_UWUEZD,eval
20260714_115442_PRJSBM,train
20260714_121855_MHTZZR,eval
20260714_122234_FADLRB,train
20260714_122925_GMZXXL,train
20260714_123119_WFRPQF,train
20260714_123851_UZHEFL,eval
20260714_124327_PAUQGG,train
20260714_125247_GKUSDU,train
20260714_125726_JCNXLP,train
20260714_131124_YSLSNY,train
20260714_131137_XGPUNE,train
20260714_132511_JUQYDX,train
20260714_140846_JZHCRB,train
20260714_150722_CVVCTZ,train
20260714_151058_BPJFJZ,train
20260714_160102_AXLSWR,train
20260714_160722_QXADBP,train
20260714_164152_WMQLNU,train
20260714_175539_RXZECP,eval
20260714_184803_URWXHT,train
20260714_234205_DGVNJR,train
20260714_234442_JCTSYT,eval
20260714_235732_UZFFQG,eval
20260715_000715_XBENUH,train
20260715_001027_PGDLHQ,train
20260715_001240_XZKUTJ,train
20260715_001511_LSHHLP,train
20260715_001919_KGXSNZ,eval
20260715_002034_MLEWDS,eval
20260715_002239_EMCHAK,train
20260715_002524_ENQUWP,eval
20260715_002657_VEXUFW,train
20260715_002927_LHAHBS,train
20260715_003252_RUVKER,train
20260715_003401_SSZHQF,eval
20260715_003454_XXEWWL,train
20260715_003559_FWTHBM,eval
20260715_003620_YZTLZA,train
20260715_003731_MEYYFL,eval
20260715_003739_CFLBWY,train
20260715_003919_VSTBGG,train
20260715_004004_XHWVCA,train
20260715_004104_WVFZNK,train
20260715_004109_YZZYLR,train
20260715_004137_MAURHK,eval
20260715_004242_AMTXFV,train
20260715_004322_ALDJMK,train
20260715_004338_ZPCRQG,eval
20260715_004419_QTNEQQ,train
20260715_004656_HDUHZE,train
20260715_004814_UGVYKF,train
20260715_005026_HCEPRU,train
20260715_005049_FUQCUM,train
20260715_005501_WEYLNT,train
20260715_005506_EUTCLN,eval
20260715_005508_GKTEQN,train
20260715_005550_AQBPLG,train
20260715_010216_UKFSMN,train
20260715_010311_BULUEX,eval
20260715_010545_SGJWTA,eval
20260715_010942_XNPWMW,train
20260715_011027_TDNWDB,train
20260715_011139_TWUXDJ,eval
20260715_011430_KUUQLM,train
20260715_011551_KAGAED,eval
20260715_011552_SPPWMT,eval
20260715_011957_QRYLGR,train
20260715_012322_MMPHEW,train
20260715_012445_EDBTBA,train
20260715_013451_BSVPNE,train
20260715_013712_HASFVQ,train
20260715_014555_DMEKYE,eval
20260715_015202_KMCTGX,train
20260715_015334_JKXPPN,train
20260715_015709_SKJZJT,train
20260715_020051_FEDBZH,train
20260715_020148_XKBNEF,train
20260715_020343_ENQFTX,train
20260715_020843_EZXAJP,train
20260715_020931_XESFBY,train
20260715_021326_HFKTJC,train
20260715_021427_JHXJLZ,train
20260715_021429_KWCNTG,train
20260715_021430_ZLLUCR,train
20260715_022736_ANRCPC,eval
20260715_023429_WXNEEL,train
20260715_023641_GAFCEJ,train
20260715_024847_RPLFQL,train
20260715_025236_RYECUD,train
20260715_025820_RWUUBS,train
20260715_025954_LWRXVC,eval
20260715_030550_GHWJRM,eval
20260715_030908_GEJPTB,train
20260715_031408_FLTPTH,train
20260715_031907_SRAAPV,train
20260715_032019_WWEEAQ,train
20260715_032329_NQEKRV,train
20260715_032518_KULMXT,train
20260715_032704_KNWXQD,train
20260715_032707_EUVWKD,train
20260715_033803_YBTSGM,train
20260715_034115_GZBQUL,train
20260715_034443_JMJLHS,train
20260715_035030_CXZZTZ,train
20260715_035148_LBMCML,train
20260715_035248_GHCEQN,eval
20260715_035401_DDHYHM,train
20260715_040052_VQMHTC,eval
20260715_040949_QPGJCZ,train
20260715_041549_PHTYGW,train
20260715_043143_SXSPRW,eval
20260715_043320_NKBLFG,train
20260715_043540_GSJRBH,train
20260715_043639_KRMHZZ,train
20260715_044654_LKSQBH,train
20260715_044949_LEUNZA,train
20260715_045028_ZBLTGE,train
20260715_045148_CBDTQP,train
20260715_045202_XPBKVL,train
20260715_045726_SVZDYJ,train
20260715_045807_PXEMRM,train
20260715_045911_FTYDQA,train
20260715_050619_WVUUPY,train
20260715_051136_YUTDQX,train
20260715_051456_WWVCCF,train
20260715_051620_XQQSTT,eval
20260715_051847_CRCPSX,train
20260715_051900_WFMCQF,train
20260715_051945_NZYSRG,train
20260715_052547_KMQAXB,train
20260715_052959_KNTAXR,train
20260715_053213_MYRYFX,train
20260715_053219_JJWPMZ,train
20260715_053246_LHLFZX,eval
20260715_054001_AJERYY,train
20260715_054247_VYFEXF,train
20260715_054304_KKXTRF,train
20260715_054322_SJZYDL,train
20260715_054533_KMSQEV,eval
20260715_054937_KSVFXQ,train
20260715_054959_LEWPDA,train
20260715_055116_WTANJG,train
20260715_055145_LCZSVJ,train
20260715_055342_DHZTGZ,train
20260715_055349_ARXEMV,train
20260715_055535_GUNKYH,train
20260715_055732_UMAWUY,train
20260715_055803_ALLFQD,train
20260715_055913_YCZYTS,train
20260715_060620_BGCGBK,train
20260715_060819_ZNDWRC,train
20260715_060822_ATDDCN,train
20260715_061007_RKCTHH,train
20260715_061131_MWAUTE,train
20260715_061140_XCDRXE,train
20260715_061414_GPPPFA,train
20260715_061525_PZLRPF,train
20260715_061527_MTLZLR,train
20260715_061658_SSKVBP,train
20260715_061939_AVCLTQ,train
20260715_062128_AAGJFW,train
20260715_062134_MRMWGA,eval
20260715_062153_AFFQWY,train
20260715_062220_UVARSR,train
20260715_062528_EDQBAR,train
20260715_062636_JQQDBV,train
20260715_062855_RFFXKJ,train
20260715_063040_DEKPKT,eval
20260715_063306_VYVLVP,eval
20260715_063330_WHYNKK,train
20260715_063806_PZTBAC,train
20260715_064618_KLGEPG,train
20260715_065522_XKJQSJ,train
20260715_065545_FQLKYQ,eval
20260715_065556_RYFHSU,eval
20260715_065814_AUTNRR,eval
20260715_065817_TFBYVR,eval
20260715_065905_UDZRUL,train
20260715_065941_ZDLJZE,train
20260715_070042_XLMRQM,train
20260715_070249_VQYBNH,train
20260715_070922_XKSUVL,train
20260715_071144_VXMFVF,train
20260715_071228_JQJRBM,eval
20260715_071309_CQWYKH,train
20260715_071351_UWMXLF,train
20260715_071545_UQLPFU,train
20260715_071721_MNQZTQ,train
20260715_072210_BBECJA,eval
20260715_072221_BDCUVQ,train
20260715_072332_MZYKMJ,train
20260715_072432_PJVENH,train
20260715_072814_LGXYLF,train
20260715_072930_SVJJFY,train
20260715_072940_USTCSW,train
20260715_073056_JJDTEU,train
20260715_073105_BGWDES,train
20260715_073118_EVBLGB,eval
20260715_073229_FKMCFE,eval
20260715_073436_KWSKCE,eval
20260715_073617_CEFNJA,train
20260715_074049_JFBRRM,train
20260715_074449_QTQPNS,eval
20260715_074647_PRCYQR,train
20260715_075007_UGFVJQ,train
20260715_075315_LRLXMH,eval
20260715_075922_TMQFYP,train
20260715_080026_XATCCD,eval
20260715_080658_NWAXHB,train
20260715_080821_YVXYTX,eval
20260715_081102_FTQYYE,train
20260715_081221_DEPKFQ,train
20260715_081319_BSFCCY,train
20260715_081720_GGKZUE,train
20260715_081840_AXTLBW,train
20260715_082003_CMEDTR,eval
20260715_082224_LSVUDG,train
20260715_082350_VPDWCU,train
20260715_082717_KLZKRF,eval
20260715_083510_PFBXZB,train
20260715_083605_QMLRKU,train
20260715_083753_AQBUDK,train
20260715_083907_YSPPAS,eval
20260715_084802_ZBFRLL,train
20260715_085017_VHDUPQ,eval
20260715_085339_PYPULR,train
20260715_085559_QNPPPE,eval
20260715_085624_WEBNLH,eval
20260715_085807_ESHQUU,train
20260715_090125_TDDEZP,eval
20260715_090337_QCRVMS,eval
20260715_090344_KAMLZZ,train
20260715_090403_AQRWLE,train
20260715_090724_GTFYGA,train
20260715_090859_PADPFP,train
20260715_090907_UFPMUK,train
20260715_090947_FLJCXC,eval
20260715_091716_ZATFBB,eval
20260715_091733_CFGDTX,train
20260715_091830_RANGEQ,train
20260715_092148_NLRXLX,train
20260715_092213_MSPUBT,train
20260715_092740_DQBYDJ,train
20260715_092756_NASVBY,train
20260715_092857_LSCRCK,eval
20260715_092954_XGBNPT,eval
20260715_093020_EPPPJJ,eval
20260715_093040_ZZWBTJ,train
20260715_093113_LLAYAE,train
20260715_093203_QVYCSW,eval
20260715_093229_JVEMWB,train
20260715_093306_WKSRLD,train
20260715_093549_KBUXCF,train
20260715_093650_NLWUWG,train
20260715_094025_BVLGFR,train
20260715_094153_LDLEGM,train
20260715_094351_LXMAVP,eval
20260715_095212_BJDWRJ,train
20260715_101136_ZAQPUF,train
20260715_101259_GBAHDE,train
20260715_101518_VMUMRQ,train
20260715_102059_RCCZNL,eval
20260715_102311_HQSXPM,eval
20260715_102653_PJRBZT,train
20260715_102953_XBGQTS,train
20260715_103137_EYPTTN,train
20260715_103407_PXGKSD,train
20260715_103841_AYURQH,train
20260715_104508_CGCSWK,train
20260715_104546_DTLUNS,train
20260715_104609_BWBPAF,train
20260715_104622_AAVZEU,train
20260715_105111_TQLUNF,train
20260715_105119_RGNDAW,train
20260715_110002_SGJSPK,train
20260715_110125_MAKDZQ,train
20260715_110205_JXLUDM,eval
20260715_110904_VTVZGS,train
20260715_111101_YYUTKS,train
20260715_111944_YLPKKH,train
20260715_112953_TDJNZY,train
20260715_113411_XXJPXW,eval
20260715_113521_HXAJEL,eval
20260715_113632_EZRFUQ,eval
20260715_115403_DKQWHQ,train
20260715_115605_LZZBZX,train
20260715_115648_RKSSDJ,train
20260715_122108_RGTJER,train
20260715_123520_APQMZG,eval
20260715_123921_LDSHWU,train
20260715_124218_NQQGWZ,train
20260715_124610_QMRLKW,train
20260715_125518_KGKKSQ,train
20260715_125536_QWYUVJ,train
20260715_125732_LGEWJZ,train
20260715_125836_VWNPWL,train
20260715_130146_TEGBSK,train
20260715_130455_DNAGLP,train
20260715_131123_KZNCRP,train
20260715_131613_UKDLHV,train
20260715_132828_AYWWAQ,train
20260715_133449_HGUQBN,train
20260715_134254_FYJQTE,train
20260715_135851_GEWZHX,eval
20260715_140633_AGAEWS,train
20260715_140634_QGAEHD,train
20260715_140931_FYWRFJ,train
20260715_141655_HCHXMA,eval
20260715_141834_HALVSJ,train
20260715_142008_GZHHTD,eval
20260715_143437_JSSGBK,train
20260715_143948_ATYRVN,eval
20260715_144042_PNNSZB,train
20260715_144154_JNUNXL,eval
20260715_144221_XNZXVU,eval
20260715_144619_QPPWGQ,train
20260715_145623_BJMHYD,train
20260715_145748_YNNHFW,train
20260715_151953_HRRAYZ,train
20260715_152013_QTKFEC,eval
20260715_152142_DDQMEU,train
20260715_152308_RYCHTV,train
20260715_152503_WVKCYY,eval
20260715_152734_ZQRMYX,eval
20260715_154931_VGVDSQ,train
20260715_155924_LKWRAH,train
20260715_160556_TQSXTD,train
20260715_161327_KVNYNX,train
20260715_225947_AGSCNM,eval
20260715_232442_HHPSVL,train
20260715_235019_MEDZDL,eval
20260716_000200_NUXNEL,eval
20260716_000311_ZTQQHD,train
20260716_000750_PAAJKP,train
20260716_000801_MHDHCS,train
20260716_001247_PVSHKQ,eval
20260716_001944_DXBNAB,train
20260716_002534_DTLXBK,train
20260716_002701_ESSWNB,eval
20260716_002806_MWCWMS,train
20260716_003047_AKTJKK,train
20260716_003137_GXFCJN,train
20260716_003202_QHSTRN,train
20260716_003203_RQFXXF,train
20260716_003207_WDZCVK,train
20260716_003624_SNMNVN,train
20260716_003809_VFJLSP,train
20260716_003938_TQDZPQ,eval
20260716_004132_ZZLVHW,train
20260716_004231_NSTGXH,train
20260716_004420_ATSJDW,train
20260716_004522_KCPRKD,train
20260716_004615_KUXJUZ,train
20260716_005232_USQBXK,eval
20260716_005236_CWZYVV,train
20260716_005241_SRLUQM,train
20260716_005443_RPVQDX,train
20260716_005453_JVDJRW,train
20260716_005615_WABCWN,train
20260716_005628_BPNKYL,eval
20260716_010054_TMYSDD,train
20260716_010113_DPXZLX,train
20260716_010206_LSQLWH,train
20260716_010333_HCPXHR,train
20260716_010359_WGGDYA,train
20260716_010419_JZAKAX,train
20260716_010435_RRREZR,train
20260716_010509_SNVNJM,train
20260716_010626_DBUWGL,train
20260716_010716_KJVDBZ,eval
20260716_010952_BGNJWJ,train
20260716_011217_PHHREB,train
20260716_011527_QXSJLK,train
20260716_011741_FNDMMT,eval
20260716_011853_KEHXQJ,train
20260716_012132_YFELQJ,train
20260716_012507_SWBDHV,train
20260716_012543_CFDSXW,train
20260716_012826_QTLHWS,train
20260716_013451_QFZACR,train
20260716_013531_FGHPJR,eval
20260716_013537_BKLQFK,train
20260716_013638_XYDWNQ,train
20260716_013717_FSSPAF,train
20260716_013721_EVPKQV,eval
20260716_013834_JXMNAN,train
20260716_014000_HPUJFD,train
20260716_014258_AECTGA,eval
20260716_014316_PPZHAB,train
20260716_014954_PPJAVL,eval
20260716_015307_KAQAUL,train
20260716_015607_KYJZLQ,eval
20260716_015936_HBBKRH,eval
20260716_015949_MVWTBD,train
20260716_020154_CSSSAK,train
20260716_020547_AMGYDA,train
20260716_020911_NHKZPH,train
20260716_020933_PVVPFE,train
20260716_020936_XKVKDP,eval
20260716_021019_TPBLAH,train
20260716_021041_YJKYHQ,eval
20260716_021048_KRDVJP,train
20260716_021103_XJYDPW,train
20260716_021447_NKPVHK,eval
20260716_021622_FPRHMJ,eval
20260716_021626_TKWTAW,eval
20260716_021655_ARPSQE,train
20260716_021731_ETTBGC,train
20260716_021826_CKKNRA,train
20260716_021837_QEDSYC,train
20260716_022343_FMXVMG,train
20260716_022354_ATDZXA,train
20260716_022536_DYFYGH,train
20260716_022858_KETUQX,eval
20260716_023615_WUFSWB,train
20260716_023706_XLGRFK,eval
20260716_023716_XWAJWS,eval
20260716_023841_XYKSHK,train
20260716_023907_HLWLZW,train
20260716_023951_CZBKGA,eval
20260716_024130_NCGXKC,train
20260716_024708_FQCPDG,train
20260716_024814_CDRVTG,train
20260716_024840_UDRVRM,train
20260716_025953_FBAVYG,train
20260716_030314_BRTQDC,eval
20260716_030324_MLGZWP,train
20260716_030325_SGDQUG,train
20260716_030403_HGNGXV,train
20260716_030504_CGLHVV,train
20260716_030809_UCMUAY,train
20260716_031205_HHQXSH,train
20260716_031314_TAHGQE,eval
20260716_031325_LXCAEQ,train
20260716_031440_GGHLKQ,train
20260716_032127_BPYFLN,eval
20260716_032149_QDURMA,train
20260716_032339_LRUHYG,eval
20260716_033253_PSXLPS,train
20260716_033336_XXLTZX,train
20260716_034405_ULKNPG,train
20260716_034726_MJGTPX,train
20260716_035313_LNKTEY,train
20260716_035350_PTHCUD,train
20260716_040426_VRAPFG,train
20260716_041115_CXZTPA,train
20260716_041620_GKFYKU,train
20260716_042455_EMZEMS,train
20260716_042738_PTAVDU,train
20260716_042837_MLAPPU,eval
20260716_042848_NXSGFH,train
20260716_044836_LKJJLR,train
20260716_045527_VNBNAD,eval
20260716_045531_AYTANY,train
20260716_050026_NCGTPN,train
20260716_050119_SRFYZX,eval
20260716_050234_ULZMQJ,train
20260716_050724_KWNKGN,train
20260716_050904_ZJCRQM,train
20260716_050910_TWYUYU,train
20260716_051030_GGEWAW,train
20260716_051500_DUXZKP,train
20260716_052016_BJNXFF,eval
20260716_052719_YYNNSW,train
20260716_052811_TSZQYN,train
20260716_053010_QZWBCG,train
20260716_053010_ZYHFAL,train
20260716_053108_DEVRQZ,train
20260716_053133_NJBENH,train
20260716_053350_RKWGFW,train
20260716_053408_MSZJBX,eval
20260716_053715_NPHYKU,train
20260716_053744_CNKYUM,eval
20260716_053825_DZAYCG,train
20260716_054056_ZACLAU,eval
20260716_054154_UXHQVX,eval
20260716_055006_AWEKWA,train
20260716_055033_TRYHFL,train
20260716_055422_DTWDFW,train
20260716_055850_TQVEEN,train
20260716_055907_ZKUSWH,eval
20260716_055932_HCZHRL,train
20260716_060111_LLGLWM,eval
20260716_060359_JQDHXS,train
20260716_060408_TZNXLX,train
20260716_060434_NCYJNM,train
20260716_060823_MGRRJM,train
20260716_061112_VVWPJB,train
20260716_061144_PPUMBC,eval
20260716_061248_GPTNKP,train
20260716_061321_YVAUPH,train
20260716_061659_VPLVCL,eval
20260716_061901_BWFRDP,eval
20260716_062511_VWKMBW,eval
20260716_063240_FKZFAP,train
20260716_064527_CCYVYU,train
20260716_064748_DBDJRU,train
20260716_065030_STEKAG,train
20260716_065214_FFFURN,eval
20260716_065457_GWDJGX,train
20260716_065458_EJWLDY,train
20260716_065637_WJNZTZ,train
20260716_065755_DNVCVH,train
20260716_070021_VKVVZM,train
20260716_070252_FAATDB,train
20260716_070325_JGZJXR,train
20260716_070727_BFLZQN,train
20260716_070952_RFNAUV,train
20260716_070957_DWDFRK,eval
20260716_071039_CSUBKQ,train
20260716_071123_MURTCJ,train
20260716_071224_PQJFLG,train
20260716_071243_HAGELW,train
20260716_071305_WUYDKQ,eval
20260716_071344_EGQKLU,train
20260716_071423_LNZZAL,train
20260716_071749_CNFSYV,train
20260716_071758_XPCPPZ,train
20260716_072456_GHDGSE,train
20260716_072759_EYJVTG,eval
20260716_073111_XFQRNW,train
20260716_073420_KTTVCF,train
20260716_073511_TXGWRA,train
20260716_073858_VNPULU,train
20260716_073935_ARMUPF,train
20260716_074241_QPWQHB,train
20260716_074547_ZAVRPB,train
20260716_075241_JDXKTH,train
20260716_075300_WKQQLG,train
20260716_075318_LWEUYS,train
20260716_075744_RDTLVK,eval
20260716_075938_MSLSLU,train
20260716_075943_ZUWKQK,train
20260716_080144_AHSAZQ,train
20260716_080613_MWGPAY,train
20260716_080856_LTBPLA,eval
20260716_081053_DHKECZ,train
20260716_081306_HRZYEE,eval
20260716_081351_JLBQZD,train
20260716_081931_NBGGRA,train
20260716_082205_QFJCWA,train
20260716_082548_DCHJYA,eval
20260716_082624_RALJJV,eval
20260716_083004_KLRKAD,train
20260716_083055_ZUUXZW,train
20260716_083337_BWKSTL,eval
20260716_083825_FUKVHX,train
20260716_083929_JTWKST,eval
20260716_084255_KHVDPL,train
20260716_084431_LWESYQ,train
20260716_085315_ZUFGWB,train
20260716_085709_NYDCBT,train
20260716_085923_PQKKQU,eval
20260716_090227_HBQKXV,train
20260716_090805_WLEBXD,train
20260716_091354_DFEWCX,train
20260716_091354_PUMSNX,train
20260716_091513_QXPRYQ,train
20260716_091532_HAFLWJ,eval
20260716_091606_KAEKMF,train
20260716_091630_RFJUPD,train
20260716_091711_FWZTZB,train
20260716_091752_PYQMFZ,train
20260716_092022_DDZKSR,train
20260716_092912_DSZUFW,train
20260716_092913_GWSUKV,eval
20260716_092919_SBUJEG,train
20260716_093046_AVZBTJ,train
20260716_093057_VQYXYD,train
20260716_093343_JABRWB,train
20260716_093345_VYMSRZ,train
20260716_093405_JXREAZ,train
20260716_093406_SFBXMU,train
20260716_093720_KRFKUT,train
20260716_093729_TPWASV,train
20260716_094315_KRCTCG,train
20260716_094454_JSCFYU,train
20260716_095023_TZXMAG,train
20260716_095031_YDXDRP,train
20260716_095207_AGEJAE,train
20260716_095420_GMSUVC,train
20260716_095701_KADLYD,train
20260716_100520_UNDASJ,eval
20260716_100553_AGQSJQ,train
20260716_100848_VSPZDS,train
20260716_101025_ALWCSJ,train
20260716_101146_KBPKCF,train
20260716_101636_ETKTQJ,train
20260716_102309_QABEAZ,train
20260716_102638_TZCYCW,train
20260716_102705_AEBVGP,train
20260716_102822_UYRGHL,train
20260716_103210_SZXVVB,train
20260716_103819_YAVQNL,train
20260716_103940_KJSHXY,train
20260716_104622_KFQALL,eval
20260716_104646_DWFATE,train
20260716_104721_FUMESS,train
20260716_105245_DVRRNP,eval
20260716_105704_PXCKKR,train
20260716_110459_GZNNDY,train
20260716_110633_XYHKGW,train
20260716_111201_LFGXVR,train
20260716_113705_RQQEEB,train
20260716_114057_XEQUWV,train
20260716_114102_DKMLLH,train
20260716_114143_ZVSXJQ,train
20260716_114229_VYWDHL,train
20260716_114619_TXMYBV,train
20260716_114638_UHUNFV,eval
20260716_120120_TDFQYN,train
20260716_120630_HNPRFM,train
20260716_121057_YPSZUB,train
20260716_121614_XMWPXJ,train
20260716_121902_ZAPQHJ,train
20260716_122344_ZJTDXB,train
20260716_123600_NZUGQS,train
20260716_124012_AGCXXN,train
20260716_124144_UAGRGG,eval
20260716_124326_HALWAU,eval
20260716_124644_NLGAKT,train
20260716_124950_JHMRCY,train
20260716_125954_UPXRUM,train
20260716_130046_GVDERW,train
20260716_130312_HGAUMP,train
20260716_131055_WMTEQF,train
20260716_131254_QFWDZX,train
20260716_132900_ZYSQMV,train
20260716_133304_TNJABW,train
20260716_133412_EPMZTJ,train
20260716_134057_VLSJDG,train
20260716_134349_BZUVDT,train
20260716_135429_ZEVJLW,train
20260716_141058_NHKQJE,eval
20260716_141239_EEYVLV,eval
20260716_141314_JEBGMY,train
20260716_143224_XGZXAW,train
20260716_144013_SZECMJ,eval
20260716_144035_SUYTEZ,train
20260716_144911_DTMUBJ,train
20260716_150709_TYTJCJ,train
20260716_151633_BHWDLQ,train
20260716_152324_VYYGCD,train
20260716_153225_VGPXRD,train
20260716_153516_TUUBGA,train
20260716_172409_UHYZVR,eval
20260716_233832_NSQNEY,train
20260716_234219_JVQKDP,train
20260716_235858_AMYKFY,train
20260717_000231_RMDFNL,train
20260717_000516_YKZWYZ,train
20260717_000541_QVEUMB,eval
20260717_000652_DPPTBP,train
20260717_000739_VHNLUC,train
20260717_000751_XCCKVW,eval
20260717_000824_LWVSLS,eval
20260717_000859_CHMLWS,train
20260717_000920_WYCTKQ,train
20260717_001036_QBMFFB,train
20260717_001106_RCMDRF,train
20260717_001249_QZQAFA,eval
20260717_001316_KUKRKG,eval
20260717_001416_ALLYBN,train
20260717_001810_BDHTWB,train
20260717_001832_MVCLGH,eval
20260717_001918_VVTLKP,train
20260717_002226_SSHFSD,eval
20260717_002351_ARDVZQ,train
20260717_002652_VXLQQF,eval
20260717_002756_XWLTGE,eval
20260717_002846_RMGMVD,eval
20260717_003000_NNTZJP,train
20260717_003029_UWWYAL,train
20260717_003202_VHJHPT,train
20260717_003258_RYYQCG,train
20260717_003307_DKSKCZ,train
20260717_003409_HBZNCK,train
20260717_003453_FECZQL,eval
20260717_003914_QXEWUM,train
20260717_004031_UCNFQZ,train
20260717_004044_UXDSDJ,train
20260717_004624_NVEBJZ,eval
20260717_004846_PTYKVL,train
20260717_004931_FBJVST,train
20260717_005222_JLJFBM,train
20260717_005419_SNWVXS,train
20260717_005504_WCWRRC,eval
20260717_010023_VMPMVQ,train
20260717_010426_XHBMNW,train
20260717_011036_QPFSMD,eval
20260717_011429_CKNNQX,train
20260717_011429_THHVRW,train
20260717_011522_ZZQVQL,train
20260717_012505_KCYFZE,train
20260717_013115_WNXLWK,eval
20260717_014011_TPVXPR,train
20260717_014353_TFRTXV,eval
20260717_014559_UCCZZB,train
20260717_014847_VQUWJF,train
20260717_014917_HPVHSL,train
20260717_015039_FJXNQD,eval
20260717_015707_CLAXHJ,train
20260717_015758_EBBNYH,train
20260717_015853_LNDPYV,train
20260717_020923_BTMRZV,train
20260717_021054_ANCQNP,train
20260717_021147_ZTWDGJ,eval
20260717_021232_KQYZZP,eval
20260717_021300_YYBQTH,train
20260717_021336_VPYEFY,train
20260717_021624_DPJEKC,train
20260717_021929_FVSJSP,train
20260717_022026_ZWEJXZ,train
20260717_022255_BZETKN,train
20260717_022317_JVDTAM,train
20260717_022425_APCMTC,train
20260717_022549_EPGAGJ,eval
20260717_022803_TNEQHV,eval
20260717_023228_NMHLJP,train
20260717_023352_LTFLNK,eval
20260717_023500_FWTSKN,train
20260717_023705_PDEQGT,eval
20260717_024643_UUCHZP,train
20260717_024915_RQFPTJ,train
20260717_025007_KKZCFS,train
20260717_025425_SXTNGG,eval
20260717_025526_ABRBVM,train
20260717_025628_RMVGCP,train
20260717_025712_MMDNGG,train
20260717_025907_YNGWVH,train
20260717_030143_FFJLQH,train
20260717_030322_NVZVLN,train
20260717_030405_VVGZQY,train
20260717_031036_MHWSZD,train
20260717_031144_PVEGKY,train
20260717_031438_KKTZXE,eval
20260717_031526_AHCWWF,train
20260717_031800_KUYVJW,train
20260717_031843_FJFLBP,train
20260717_032006_BXJWQK,train
20260717_032153_SZLRHZ,train
20260717_032707_TLXPKT,train
20260717_033551_AFQXVY,train
20260717_033943_URGYTC,train
20260717_034100_TANRTY,train
20260717_034101_KFBCKH,train
20260717_034159_QNBCEG,train
20260717_034640_MDQEDZ,eval
20260717_035215_VANGDX,eval
20260717_035422_MCYPEA,train
20260717_035426_YWUCEF,train
20260717_040301_APHNVG,eval
20260717_040914_FTGWCZ,train
20260717_041526_YNRWUX,train
20260717_041956_EXRZLW,eval
20260717_043144_FJWAWF,train
20260717_044606_BDYCAW,train
20260717_044611_FXUPGF,train
20260717_044726_ZSXDPR,train
20260717_044810_MPDXDF,train
20260717_045014_BGVSWT,eval
20260717_045038_AWGAVH,train
20260717_045421_GHEFSS,eval
20260717_050006_JHURVF,train
20260717_050146_YSTDRY,train
20260717_050317_BHYVZY,train
20260717_050317_EAFDJC,eval
20260717_050609_MRKYQK,eval
20260717_050757_JPATWY,train
20260717_050936_RJACPF,train
20260717_051148_RMMKBN,train
20260717_051445_QKBDFD,train
20260717_051535_BLLCMJ,train
20260717_051617_FNWSRD,eval
20260717_051621_PSXLFG,train
20260717_052152_WQYDJA,train
20260717_052316_MAPAPB,train
20260717_052955_DYXUAN,train
20260717_053013_WFPWWK,eval
20260717_053015_ZCCHUN,train
20260717_053610_TWJUUU,train
20260717_054126_DSJBMQ,train
20260717_054200_NWUDYK,train
20260717_054203_MLUWRH,train
20260717_054310_ATJVWJ,train
20260717_054444_MBKGZJ,eval
20260717_054602_AFTFWY,train
20260717_054901_NBYUCT,eval
20260717_054907_WCLVUH,train
20260717_054913_GKDWED,train
20260717_055419_WYSAZG,train
20260717_055627_BTHQYN,train
20260717_055656_LZVVMX,train
20260717_060539_NHRYTX,train
20260717_060700_AAVTFU,train
20260717_060712_FTEGSU,eval
20260717_060810_RKGQEK,train
20260717_061145_GETTSQ,train
20260717_061455_ERGGXW,train
20260717_061552_UWAXKN,train
20260717_061900_YWPPWX,train
20260717_062453_CYUDDD,train
20260717_062513_UGNBLV,train
20260717_062712_XBGEXA,train
20260717_062742_MPVJEF,train
20260717_062748_WFTFYD,train
20260717_063032_HUBKEV,train
20260717_063220_XZSPJR,train
20260717_063345_PZVWKA,train
20260717_063423_HQSRWK,train
20260717_063510_DEZPWQ,train
20260717_063954_AEMUNR,eval
20260717_064042_QYBRHF,train
20260717_064122_QBFDYU,eval
20260717_064314_VPNMWL,train
20260717_064411_ETVUTC,train
20260717_064435_TYCAEM,train
20260717_065031_YEXLSZ,train
20260717_065559_FQNKWH,train
20260717_065625_YMQQYD,train
20260717_070424_NTZNMZ,train
20260717_070500_KQDGPE,train
20260717_070908_YMBCLU,eval
20260717_071005_LFFGVF,train
20260717_071027_KNFJZV,train
20260717_071114_ZSJYNE,eval
20260717_071123_CMANWF,train
20260717_071214_ACWVQP,train
20260717_071234_ZZCSLX,eval
20260717_071313_YKDYBK,train
20260717_071351_BUDMPU,train
20260717_071627_LTBXZA,train
20260717_072223_GXVPMX,train
20260717_072231_GUCHPE,train
20260717_072344_XXGNLG,train
20260717_072358_WPUXPB,eval
20260717_072736_KFJLFV,eval
20260717_072915_GBVGTQ,train
20260717_072919_CHFQDN,train
20260717_073008_SHEBMN,train
20260717_073238_KTFVRV,eval
20260717_073651_XCLCKW,train
20260717_074019_FWCHAQ,train
20260717_074319_TQPWKL,train
20260717_074403_UKNGAG,train
20260717_074532_MDCJSU,eval
20260717_074839_HWLVMT,train
20260717_075022_XGQZFF,eval
20260717_075204_LASLHQ,train
20260717_075303_FXVTPS,train
20260717_075552_EYZHJQ,train
20260717_075644_DMVEAX,train
20260717_075801_ZNCJCH,train
20260717_075846_NUMHBY,train
20260717_075911_YEYLND,train
20260717_080548_HUVHPP,train
20260717_081353_XULSDB,train
20260717_081440_QTGGVS,train
20260717_081523_LVQNGF,eval
20260717_081544_BZUYYG,train
20260717_081641_MCJNRU,train
20260717_081901_QPEBWR,train
20260717_082510_VQKUWH,train
20260717_082538_BBNHXS,eval
20260717_083151_VVPRUB,train
20260717_083348_YKYTZX,train
20260717_083415_VXAUYF,train
20260717_083706_ZHAABC,train
20260717_083924_QWPWQW,train
20260717_084312_LUGUQX,train
20260717_084635_DVAXEV,train
20260717_084637_NJATJR,eval
20260717_084955_PMJNDH,eval
20260717_090748_RAVUVW,eval
20260717_091058_FCVBUY,eval
20260717_091315_DFPRMC,train
20260717_091807_YSQYNB,train
20260717_092219_RDTKGR,train
20260717_092721_JVYTRG,train
20260717_092753_VXPMKB,train
20260717_093127_VVNESK,eval
20260717_093133_NBMWDL,train
20260717_093221_WTPAWZ,train
20260717_093258_JXLAVX,train
20260717_093333_DZRXMN,train
20260717_093404_GVHZCV,train
20260717_093605_PYUSBX,train
20260717_093700_VRFGMM,train
20260717_093719_PGULJX,train
20260717_094231_SQUZBZ,train
20260717_094345_UKTYCH,train
20260717_095017_KWBPJV,train
20260717_095023_ZYTUKA,train
20260717_095149_HYEWAH,eval
20260717_095343_HQTHNK,train
20260717_095824_UEYMUK,train
20260717_100140_YVQZYF,train
20260717_100447_LEMVBS,train
20260717_100919_XWYYLU,train
20260717_101104_XXDHJP,train
20260717_101318_ATQUFP,train
20260717_101341_WLGTNY,train
20260717_101508_JVUFJF,eval
20260717_102205_HVXUKL,train
20260717_102307_XLAALJ,eval
20260717_102312_YPWMGR,eval
20260717_102348_ARXLBD,train
20260717_102617_AKMRHZ,train
20260717_102850_PCTDJT,train
20260717_102924_HMVMCD,eval
20260717_103005_QHKVEL,train
20260717_103017_QJRCBK,train
20260717_103207_GKJZDC,train
20260717_103648_YLXMWH,train
20260717_103721_BDYBYK,train
20260717_103825_NPXPNS,train
20260717_104520_ECJZBY,train
20260717_104932_QRFPVX,train
20260717_110012_SWYCPS,train
20260717_110749_NTXQQK,train
20260717_111048_AKZKKR,train
20260717_111640_CCPUAD,train
20260717_112100_PDHVNJ,eval
20260717_112231_VBGAWH,train
20260717_112533_JTHBEV,eval
20260717_113102_BZUPVF,train
20260717_113441_CJJAZM,train
20260717_113804_NTJKTD,train
20260717_113817_PNFXXE,train
20260717_113823_QTTVLX,eval
20260717_114831_CLTYQU,train
20260717_114904_QWYQGB,eval
20260717_114931_NSVKWV,eval
20260717_115051_WNVXKX,train
20260717_115345_SBBYBB,train
20260717_115805_VYTPMY,train
20260717_120227_HJVKFQ,train
20260717_120326_WDCMNT,train
20260717_120725_NYNZXG,train
20260717_121447_PCDCVK,train
20260717_122039_GBTFZB,train
20260717_122458_QYZFUV,train
20260717_123120_WUUAES,train
20260717_123718_EZEAVY,eval
20260717_124401_MZWQUA,train
20260717_124931_QAYRXJ,train
20260717_125559_BQGXHP,eval
20260717_130036_VLKWXP,eval
20260717_130756_BLAAPS,train
20260717_130857_SYVHPT,eval
20260717_131336_SLQDAZ,train
20260717_131647_DJZJAK,train
20260717_131904_CKGSKH,train
20260717_133435_KPBZBF,train
20260717_133604_QTXFTE,train
20260717_134424_PPQBGY,train
20260717_135638_RFDGLN,train
20260717_140420_AACTZB,train
20260717_141136_YXJWXV,eval
20260717_141153_YVQQWL,train
20260717_141536_WDNDYV,train
20260717_142250_HGADUQ,train
20260717_142531_EGFRSR,train
20260717_145202_BDSERS,train
20260717_150749_LZWAQA,eval
20260717_153123_CZNYZZ,eval
20260717_154433_NZSNQW,train
20260717_214625_SQUGPP,train
20260717_225454_VBNFGQ,train
20260717_225523_BYFANT,train
20260717_234804_QRVGSY,train
20260717_235658_HWKZNA,train
20260717_235952_JJJBER,train
20260718_000041_NNBHZJ,train
20260718_000613_UAKMDM,train
20260718_000657_QYTCKY,train
20260718_000716_WYJLQJ,train
20260718_000750_DKMFTD,train
20260718_000755_FGEEPW,train
20260718_000816_RUWNUC,train
20260718_000831_MDTVQA,train
20260718_000900_LNGAQM,train
20260718_000947_VTAVNT,train
20260718_001005_FXUSZH,train
20260718_001122_NSYHUB,train
20260718_001213_BNZKMW,train
20260718_001705_SGMEUN,train
20260718_001847_AZPBLA,eval
20260718_001856_ESGJLK,train
20260718_002142_PFRLHL,train
20260718_002205_MJRUMC,train
20260718_002305_PQWSFM,train
20260718_002432_TUEMBL,train
20260718_002750_KTLBVY,train
20260718_002902_MTGTPW,train
20260718_003138_XUFSDW,train
20260718_003236_AFSZGP,train
20260718_003553_VDXCCK,train
20260718_003606_QRUYKP,train
20260718_003655_ZJGNJX,train
20260718_003708_YXKHSA,train
20260718_003945_QHXKQC,train
20260718_004120_ZKYPUF,train
20260718_004209_NTTDNV,train
20260718_004210_UJGRVQ,eval
20260718_004253_AMZYEW,train
20260718_004613_VXWKWZ,train
20260718_004758_TXTVUD,train
20260718_004907_FRMNJJ,eval
20260718_005042_WTHKJC,train
20260718_005044_XKQLYZ,eval
20260718_005507_CPSCQP,train
20260718_005736_JKSKKM,train
20260718_005905_FSXEYB,train
20260718_010137_PBXGWS,train
20260718_010238_FJDHDC,train
20260718_010253_XFSUGH,train
20260718_010536_MNXQKF,train
20260718_010545_ACZQTE,train
20260718_010635_ZAYCQF,train
20260718_010643_RFMZJJ,train
20260718_011059_RUSFPV,train
20260718_011155_ASSKVM,eval
20260718_011305_VYVMJU,eval
20260718_011406_PWBLQJ,train
20260718_012259_LSLPWU,train
20260718_012414_RRKQYS,train
20260718_012436_LMMVDH,eval
20260718_012702_LAVUWP,train
20260718_012723_ZKDBCG,train
20260718_012855_DVEEWT,train
20260718_012913_GRWVYE,train
20260718_012916_VALGDP,eval
20260718_012927_LPNBTR,eval
20260718_013300_FCCLQW,train
20260718_013812_FRAZVR,eval
20260718_013901_TPEQPD,train
20260718_014714_MMSQFT,eval
20260718_014917_GWBPAU,train
20260718_015000_WHKEWM,train
20260718_015044_ERABVD,train
20260718_015126_KJSLGM,eval
20260718_015158_NSANMR,eval
20260718_015246_SMTEAJ,train
20260718_015438_DKVPZU,train
20260718_015505_MWQCWR,train
20260718_015807_UUULGB,train
20260718_020122_XRLEZE,eval
20260718_020159_VRQSRW,train
20260718_020515_BKYFEM,train
20260718_020719_DBKAZB,train
20260718_021310_YKSMCB,train
20260718_021342_RLSHQY,train
20260718_021350_WPZZXT,train
20260718_021449_ZYVDYE,train
20260718_021834_JUABLG,eval
20260718_021839_NRJCJF,train
20260718_021928_SFNZTB,eval
20260718_022156_TVLCLQ,train
20260718_022218_KLFRQP,train
20260718_022437_LFQHEF,eval
20260718_022855_ZPWLVP,eval
20260718_023054_WKZZBU,train
20260718_023232_YLZDWU,train
20260718_023515_YDVWKG,eval
20260718_023758_TAWRJW,train
20260718_023810_GCBTAF,train
20260718_023847_TGFFQQ,train
20260718_024203_QCURRA,train
20260718_024245_TUPLPU,train
20260718_024317_ZTQBFH,train
20260718_024411_KUNQQV,train
20260718_024420_KYPBVX,train
20260718_024422_SZSSRR,train
20260718_024514_BWWYDC,train
20260718_024938_NMVMJP,train
20260718_024951_CPMCEA,train
20260718_025008_ZMQXAQ,train
20260718_025213_BYNNQD,train
20260718_025314_LYSMER,eval
20260718_025414_ADYQCY,train
20260718_030001_ZEULRM,eval
20260718_030209_RNMCDM,train
20260718_030413_MMEULT,train
20260718_030648_UJSLER,train
20260718_030702_QBCCQZ,train
20260718_031543_FFMBUL,train
20260718_031747_PRRCTB,train
20260718_031748_CCWJJF,train
20260718_031918_ZHHMTM,train
20260718_032402_QXPBZC,train
20260718_032656_QCYCJY,train
20260718_032839_CZAVKD,train
20260718_033514_DTCEFA,train
20260718_034343_GLXWRG,train
20260718_034634_NWSKYL,train
20260718_034843_AGHDMY,train
20260718_035622_UMANDW,eval
20260718_041245_BNGRRK,train
20260718_041536_GEBVUK,train
20260718_042123_EXJSTU,eval
20260718_042755_THBCDW,train
20260718_042949_ZXDTWW,eval
20260718_043035_KKKMJP,eval
20260718_043300_UYHGDZ,train
20260718_043451_WKNQUV,train
20260718_044505_MRLLUH,train
20260718_044518_PZTMSM,train
20260718_044704_DYJGAS,eval
20260718_044742_NTLAQY,train
20260718_044800_EMRXYW,train
20260718_044829_DMCACB,train
20260718_045011_PXACBC,train
20260718_045027_JGZXKD,train
20260718_045232_VNYKBQ,train
20260718_045603_TVRPAC,train
20260718_045637_PFLPQY,train
20260718_050002_ZESNPM,train
20260718_050257_UQHRMP,train
20260718_050700_UDXSAY,train
20260718_051343_TMQWQZ,train
20260718_051416_FECPWM,train
20260718_051533_TWQTMZ,train
20260718_051635_RHRFSH,train
20260718_051718_BEPMJU,train
20260718_052141_LCAGJK,train
20260718_052414_TEWXWF,eval
20260718_053150_VBXGNN,train
20260718_053312_WJYUHD,train
20260718_053318_NGBLWC,train
20260718_053358_AGQHDC,train
20260718_053433_YAYQKW,train
20260718_053528_CQPYGA,train
20260718_053558_NVEGCG,train
20260718_053939_RHEHHL,eval
20260718_054444_ARKSBV,train
20260718_054528_KYQPRY,train
20260718_054636_CLEDYU,train
20260718_054715_EBFLYT,train
20260718_054723_USHMXP,train
20260718_054956_SAHVVG,train
20260718_055250_GHYVWQ,train
20260718_055432_ESACZS,train
20260718_055700_PREFKT,train
20260718_055738_ZSFMKG,train
20260718_060033_MNNVPW,eval
20260718_061115_WEKMTM,train
20260718_061647_XVSBYH,train
20260718_061731_TQBWBV,train
20260718_061750_QQTTEL,train
20260718_061934_MCPEJL,eval
20260718_062224_HNCBPE,train
20260718_062225_ELYHNF,train
20260718_062236_ZPFFUS,train
20260718_062338_QDLZNY,train
20260718_062501_MGAQJU,train
20260718_062710_KSDENZ,eval
20260718_062908_RKYBCX,train
20260718_063700_UTKPJT,train
20260718_063712_YFRTDE,train
20260718_063819_GLUZDT,eval
20260718_064216_DUSPQK,train
20260718_064500_EMVVHE,eval
20260718_065003_WGLCSX,train
20260718_065149_RNMRJL,train
20260718_065300_VSBDAN,train
20260718_065402_VWQKSN,train
20260718_065537_LYGPDE,eval
20260718_065824_XTGSQL,train
20260718_065845_PBQVRN,train
20260718_070500_LEHRXD,train
20260718_070515_BBALBD,train
20260718_070717_NXGVWE,train
20260718_070725_ATVGPQ,train
20260718_071017_AGZXEF,train
20260718_071204_VQYRSG,train
20260718_071224_TGNKEA,train
20260718_071325_BLRGSZ,train
20260718_071504_GMGLBN,train
20260718_071551_TZYHRA,train
20260718_071605_SMGPTZ,train
20260718_071835_BVFFSY,eval
20260718_072315_XYYBCL,train
20260718_072330_QPKNUX,train
20260718_072422_LVTKRG,train
20260718_072942_RWWFXF,train
20260718_073008_XMLBKA,train
20260718_073247_RHMHKU,eval
20260718_073313_YLYFCL,train
20260718_073753_LDPCCB,train
20260718_073840_WFLTZT,train
20260718_073904_MQSDEN,train
20260718_074129_VMZGGM,train
20260718_075334_QLLWLB,train
20260718_075406_BHCHGA,train
20260718_075738_QCWTYP,train
20260718_080200_FNSEFW,train
20260718_080940_PKCEZL,train
20260718_081015_KEYQRF,train
20260718_081407_CEKLDR,train
20260718_081747_JJCQHX,train
20260718_082345_FGXNMP,train
20260718_082433_DWDWZV,eval
20260718_083113_SJGLJU,eval
20260718_083146_UWTQVM,train
20260718_083147_SYSSAG,train
20260718_084101_HWHZHT,eval
20260718_084222_YRYQEX,train
20260718_084300_WNKGMY,train
20260718_084639_VFFETN,train
20260718_084752_BSVQGR,train
20260718_090156_AGHXPQ,train
20260718_091204_JTMJRW,train
20260718_091317_BXLKRN,train
20260718_091818_MADXVG,train
20260718_092311_MUDPLV,train
20260718_092323_QMYZKP,train
20260718_092554_ETMJFU,train
20260718_092609_LACAUQ,train
20260718_093009_EQAUKX,train
20260718_093421_RGANCJ,train
20260718_093535_TQFVKR,train
20260718_094624_JDRZRU,train
20260718_094855_ADDADC,train
20260718_100101_YWJYKP,eval
20260718_100939_NDCGHM,train
20260718_101148_KKWFRZ,train
20260718_101515_FYYLDC,train
20260718_102511_SWHRAD,train
20260718_102528_STYYQU,eval
20260718_102837_NVXWFL,train
20260718_103144_ZHSMNX,train
20260718_104427_KTSZNN,train
20260718_105104_QXUHEX,train
20260718_105405_HVPVJU,train
20260718_105829_CGBJJG,train
20260718_110110_TMQXSQ,train
20260718_110625_ZTQRBM,train
20260718_110942_BQRPZX,train
20260718_110956_AQUSPM,train
20260718_111750_LUDEFN,train
20260718_112455_JTZQFF,train
20260718_113700_VUMVQH,eval
20260718_113801_LMQQCT,eval
20260718_114257_GTAQBQ,train
20260718_115001_ZDNYAV,train
20260718_120121_HWSNCY,train
20260718_120203_AWHAAM,train
20260718_120432_BCDBHT,train
20260718_121000_ATSMUB,train
20260718_121530_CPJZZK,train
20260718_123234_BKAVWW,eval
20260718_124151_WTNVUV,eval
20260718_124529_SSFKLY,train
20260718_125400_ARSBSA,train
20260718_125840_DNGZTN,train
20260718_125845_RURBSR,train
20260718_130601_YMVRDK,train
20260718_130948_ZTFYZE,train
20260718_131354_BSXBZL,train
20260718_131958_NQAKYB,train
20260718_132327_YLBQVZ,train
20260718_133642_CCWRWL,train
20260718_134421_MQPLRK,eval
20260718_135108_SZPWMT,train
20260718_140420_QZGEYM,train
20260718_140853_DSNFQS,train
20260718_142744_DEEKDX,eval
20260718_151355_ZMNBKA,train
20260718_152425_WHMNPQ,train
20260718_153312_GSHVBC,train
20260718_163713_EQKWWQ,eval
20260718_214601_GYLSNS,train
20260718_223125_KWPQAG,train
20260718_230955_BMPSET,eval
20260718_232951_ZMUTEV,train
20260718_233443_YEYXTL,eval
20260718_235246_HLRRLM,train
20260718_235613_CJNKEQ,train
20260719_000139_CKRCHV,train
20260719_000308_SESTHN,train
20260719_001315_HJKAUV,train
20260719_001315_HRNTHU,train
20260719_001409_UDZFVQ,train
20260719_001724_QEMSWQ,train
20260719_001726_AHXSKD,train
20260719_002101_KVUAVL,train
20260719_002720_UAQLVB,train
20260719_002756_HSEMGM,train
20260719_002915_TMXEFH,train
20260719_003058_VMTUPD,train
20260719_003213_ZGSXFP,train
20260719_003256_ZPUBNV,train
20260719_003607_XMUHGH,train
20260719_003757_EHKDDL,train
20260719_003906_MTWQZT,train
20260719_004017_RWFDTP,train
20260719_004026_NFHNHS,eval
20260719_004115_KZCKYB,train
20260719_004202_QUPFLK,train
20260719_005030_BPYNNB,train
20260719_005143_QKVEKC,eval
20260719_010259_EJDEYR,train
20260719_010635_SZUMLJ,train
20260719_011316_JUYAYU,train
20260719_011409_XVZEKN,eval
20260719_011734_MPHPDB,train
20260719_011816_QKYUEZ,train
20260719_011819_JELXHN,train
20260719_012329_QEHRVS,train
20260719_012444_RUVPVQ,train
20260719_013120_GFWMAG,train
20260719_013236_FDHUMH,train
20260719_014256_AHMFUQ,train
20260719_014323_AAGBTP,eval
20260719_014435_DZPBJP,train
20260719_014620_BKZFZB,train
20260719_020701_PZVMML,train
20260719_021000_BKNSHD,eval
20260719_021017_PNVKAF,train
20260719_021106_PNFAHQ,train
20260719_021223_THMGWD,train
20260719_021351_BLYSGD,eval
20260719_021615_FWLFTV,train
20260719_022227_FPALSC,train
20260719_022321_ASVBXZ,train
20260719_022329_XHWXUT,train
20260719_022621_KPUTRY,train
20260719_022736_GESKKP,eval
20260719_022827_PHBSYL,train
20260719_022842_CXVPLW,train
20260719_023708_SYCMTT,train
20260719_023824_EXEWJY,eval
20260719_024449_GPPDBP,train
20260719_024456_BUEQJB,train
20260719_024519_VDSNUA,train
20260719_024813_DFZQZQ,train
20260719_025634_CZXVAX,eval
20260719_030230_CQNFLM,train
20260719_030251_HCQEGD,eval
20260719_030424_DNRMBR,train
20260719_030839_TQCATD,train
20260719_031031_WXHDRR,train
20260719_031427_XCCXQT,train
20260719_031434_GWEHFE,train
20260719_032439_JYECPV,train
20260719_033518_JYBHGU,train
20260719_034024_FYHZSE,train
20260719_034346_RSRNGP,eval
20260719_034427_CZFHWS,train
20260719_040016_EDMHHB,train
20260719_044012_WJDTDP,train
20260719_044230_ZQNVCV,eval
20260719_044715_NLBYNZ,eval
20260719_045647_QYAQKD,train
20260719_045720_QGKUQE,train
20260719_045928_ATSMLA,train
20260719_045934_MLALKT,eval
20260719_045936_FBBTQE,train
20260719_045949_EXRQDW,train
20260719_050125_JZUKZQ,train
20260719_050540_LMVVTE,eval
20260719_051100_ESNYEF,train
20260719_051630_VEVZKA,train
20260719_051647_XXHNVQ,train
20260719_051704_XJASAV,train
20260719_052625_CWPVKQ,train
20260719_052915_ATXNKF,train
20260719_053239_EUSUPF,train
20260719_053520_HAQJFF,train
20260719_053636_EQEJAS,train
20260719_053726_DHVPZK,train
20260719_054204_KQMRQJ,train
20260719_054236_PTMLGH,train
20260719_054241_MSZVTJ,train
20260719_054407_LRDYQB,train
20260719_054717_RWYAGD,train
20260719_055337_BEZLDP,train
20260719_055703_GVRBCR,train
20260719_060130_JJPMVZ,train
20260719_060135_SLSRRP,eval
20260719_060238_APNFAW,train
20260719_060239_NKZWDF,train
20260719_060320_GPDQMS,train
20260719_060808_FKWRBC,eval
20260719_061013_RLDFEU,train
20260719_061136_SDLNVB,train
20260719_061607_WKGBKE,train
20260719_061708_DYPBQL,train
20260719_061709_JHQRHG,train
20260719_062333_GPZPDM,train
20260719_062857_QWJTQU,train
20260719_064403_VEXLQN,train
20260719_064526_YGWGXE,train
20260719_064838_PFHYEK,train
20260719_070134_GBGVVH,eval
20260719_070154_HCLCKH,train
20260719_070417_SZSDHY,train
20260719_070559_AQEGKZ,train
20260719_070942_TVNSVP,train
20260719_071052_SCURAJ,train
20260719_071156_MXNRXU,train
20260719_071301_DDNMLN,eval
20260719_071544_GWYUTJ,eval
20260719_072311_VRDDSB,train
20260719_072353_EPXXZX,train
20260719_072643_ECCSQN,train
20260719_072657_FHVTKU,train
20260719_073423_PTBXHM,train
20260719_073516_KEBTXE,train
20260719_073701_LPSPTD,train
20260719_074058_VPRUWE,eval
20260719_074108_UPBRTP,train
20260719_074316_NAQUFW,train
20260719_074430_GDLUDF,eval
20260719_074741_FAKEPD,eval
20260719_075303_DBGVRR,eval
20260719_075439_ZRNEUN,train
20260719_075623_RFWWRM,train
20260719_080624_RMZTMX,eval
20260719_081024_FYFXLM,train
20260719_081057_XWVAZW,train
20260719_081658_XJFMUS,eval
20260719_081818_JBDLWH,train
20260719_082331_XMXHVN,eval
20260719_082424_GZCYNG,eval
20260719_082827_VDMSAH,eval
20260719_083033_QMKYGA,train
20260719_083137_NCAQVT,train
20260719_083236_YMUQNT,train
20260719_083540_LCVQWN,train
20260719_083551_TBGQYE,train
20260719_084013_AQZGPE,train
20260719_084100_XCPRML,train
20260719_084513_JNRJZQ,train
20260719_090229_HARQHK,train
20260719_090655_BWHVUP,train
20260719_091237_BASYDM,train
20260719_091546_PMSWMK,train
20260719_091638_NDEMHT,train
20260719_091921_BJSYSG,train
20260719_092257_BQWCLC,train
20260719_092934_FWVARL,train
20260719_092955_RUTSRF,train
20260719_093453_KZJNDZ,train
20260719_094403_YTYYCJ,train
20260719_094743_KDKKNR,train
20260719_095612_PYEHQQ,train
20260719_095653_ADMBTL,train
20260719_100824_QBRQCA,train
20260719_100912_HTNMLX,train
20260719_101908_MKZHHG,eval
20260719_110521_LUKWUE,eval
20260719_113209_JUWFXJ,train
20260719_113248_EXWTJN,eval
20260719_113359_DWQNQA,train
20260719_113408_AJJMTX,train
20260719_114008_GBQFKD,train
20260719_114654_HFFBUS,train
20260719_120501_CQDTSU,train
20260719_120639_CHKAWU,train
20260719_123224_PYPGCW,train
20260719_123543_QLKABA,train
20260719_131455_DANGHD,train
20260719_141033_AQERHJ,train
20260719_141626_SPLGPT,train
20260719_143449_QLLGHR,eval
20260719_144103_WRDDTF,train
20260719_144239_EEJHUT,train
20260719_150727_WSKUHP,eval
20260719_171930_SLCCJU,train
20260719_182019_DGTNCW,train
20260719_182509_HMEMUG,train
20260719_191857_SWKGRL,train
20260719_193908_UNZFYY,train
20260719_200849_BHQLTA,train
20260719_215217_LTFBYQ,train
20260719_221631_KAHYZX,train
20260719_224107_HFZNXU,eval
20260719_224417_RKPUKZ,train
20260719_224744_RQCSRR,train
20260719_225026_ZXYMXQ,train
20260719_230221_NWNQAW,eval
20260719_233739_GJYHZX,train
20260719_233748_NLLTGQ,train
20260719_234814_VZVXDW,train
20260719_235609_DPBNLL,train
20260719_235617_REVPLP,train
20260720_000326_TNQJDA,train
20260720_000649_NBZLKH,train
20260720_000652_NNQZDK,train
20260720_000716_EKCVDU,eval
20260720_000746_LFAHTU,train
20260720_001651_DJXEHS,train
20260720_001654_PUBTBL,train
20260720_001756_KYDMYT,train
20260720_001934_LYTGES,eval
20260720_002120_ZWALPS,train
20260720_002358_MKZRUD,train
20260720_002706_GKYYDT,train
20260720_002756_PQLPQX,train
20260720_002832_MJSETY,train
20260720_002919_TJBKWX,train
20260720_003003_ZYXCRN,train
20260720_003138_CSCPTK,train
20260720_003354_BZRTYX,train
20260720_003355_XKXAJT,train
20260720_003653_KFKYNF,train
20260720_003741_LKSQJZ,train
20260720_003758_UUNZLS,eval
20260720_003837_FQCWXH,train
20260720_003900_UNSGQV,eval
20260720_004031_MVMLYV,train
20260720_004053_WCTCUH,train
20260720_005009_NWFVRH,train
20260720_005115_MHPJUS,train
20260720_005144_FGFTGJ,eval
20260720_005349_MQEUHL,train
20260720_005548_KBUAVR,train
20260720_005614_HLSFGZ,train
20260720_005656_CEFJZC,train
20260720_005857_BPQPDK,train
20260720_010137_GBLAJH,train
20260720_010139_EACMPM,train
20260720_010305_ZDKTDE,train
20260720_010328_RRZWRL,train
20260720_010353_NFFDYT,train
20260720_010559_ZTEVMY,eval
20260720_011157_WJSPGS,train
20260720_011319_QVLTLN,train
20260720_011338_BHJSSX,train
20260720_011408_GZYZWB,train
20260720_011553_SSBVVK,train
20260720_011847_ANZQUV,train
20260720_011902_XEMGPR,eval
20260720_011954_SHWMZU,train
20260720_012206_DWDUKX,train
20260720_012215_JRLYYH,train
20260720_012244_SPDACQ,train
20260720_012426_UUNSSE,train
20260720_012702_FUUFSE,train
20260720_012724_SPZRSB,train
20260720_012837_PKPZFP,train
20260720_012924_UMHEMS,eval
20260720_013010_QVFEBA,eval
20260720_013453_HZPGGF,train
20260720_013622_LNGGTK,train
20260720_013800_EKUTJY,eval
20260720_013914_XAHHWD,train
20260720_014005_LDRCUN,train
20260720_014105_YUCXFR,train
20260720_014627_AXHXGB,train
20260720_015001_YQKBET,train
20260720_015003_VKMBCK,train
20260720_020033_NHZDDC,train
20260720_020556_MFXBMU,train
20260720_021036_VYRJTB,eval
20260720_021303_NZBWKT,eval
20260720_021331_KCWPGZ,eval
20260720_021333_YHFZCK,train
20260720_021624_VWTSME,eval
20260720_021748_ANLHLF,train
20260720_022052_JNDUSP,eval
20260720_022303_BJRSNW,eval
20260720_022638_AZLDXP,train
20260720_022655_BQVGHB,train
20260720_022839_JMFFLB,train
20260720_022839_ZVLFVD,train
20260720_023127_TMTUAC,train
20260720_023130_UYMHFT,eval
20260720_024136_YWENKE,train
20260720_024307_HLYFJQ,train
20260720_024805_UVJKKV,train
20260720_024812_YXBFMD,train
20260720_025020_JNRFLP,train
20260720_025212_GFBWBX,train
20260720_025245_NJDDPB,train
20260720_025713_XJGMUZ,train
20260720_025952_DLSLHA,train
20260720_031024_VZXBNG,train
20260720_031046_MLHDFT,eval
20260720_031230_XUQGHL,train
20260720_031233_ZGWLFB,eval
20260720_031959_VUWRVV,train
20260720_032432_VGKDLT,train
20260720_032530_PZQLAM,train
20260720_032728_VANWCP,train
20260720_033009_GARKHP,train
20260720_033852_RKBMAJ,train
20260720_034148_XACAUW,train
20260720_035625_SLZZEP,train
20260720_035856_FPYRAM,train
20260720_035959_WJZGUC,train
20260720_040126_YEHBNR,train
20260720_040147_FHXLST,train
20260720_040422_VGQNUM,eval
20260720_040748_FRQANE,train
20260720_041528_RZUWLK,train
20260720_041906_EGUSFT,train
20260720_043432_YKGSNX,train
20260720_043617_JKGNKC,train
20260720_043755_NXWANU,train
20260720_044131_FLNXRS,eval
20260720_044426_CRGRSA,eval
20260720_044913_TVDBBS,train
20260720_045037_BXJYUD,eval
20260720_045503_JQMTAS,train
20260720_045507_YNJTQD,train
20260720_045618_GRGKMC,train
20260720_045701_JFKWHC,eval
20260720_045910_TUAPMB,eval
20260720_050037_AEHQMZ,train
20260720_050111_XXWWWE,train
20260720_050332_PYZVWW,train
20260720_050349_XBJMAP,train
20260720_050356_PZTBTK,eval
20260720_050731_GABUTM,train
20260720_050949_BMJTKJ,train
20260720_051041_CHTCQC,train
20260720_051112_ZVEWHN,train
20260720_051228_EXFYKT,train
20260720_051351_JQAJPC,train
20260720_051805_JKRKCK,eval
20260720_052713_RCGMXQ,train
20260720_052938_QRDVHP,train
20260720_053153_PXJFMM,train
20260720_053439_FAKVQU,train
20260720_053805_VMCTYT,train
20260720_054115_FTNCVE,train
20260720_054210_LDHZWK,train
20260720_054253_MSDFDK,train
20260720_054414_FJWMCK,train
20260720_054634_GXFFHR,train
20260720_054920_GZLHGN,train
20260720_055042_BMAUQW,train
20260720_055146_VBGGYL,eval
20260720_055302_FWXQVW,train
20260720_055701_TZHMEU,train
20260720_055949_JCLQAQ,train
20260720_060041_WQBSAC,train
20260720_060044_GPNLAM,train
20260720_060126_QWFKTH,train
20260720_060446_FHQDAR,train
20260720_060503_XGRPPP,train
20260720_060543_QPEDQQ,train
20260720_060818_SGUXEN,train
20260720_061203_CYTFSR,train
20260720_061434_VCKCKN,eval
20260720_061703_AXJBWA,train
20260720_061735_SXETQU,train
20260720_061904_KCXJHP,train
20260720_062309_ZJTKMF,eval
20260720_062347_JYZJLH,train
20260720_062906_ELWBXR,train
20260720_063007_WWPKRM,train
20260720_063306_ZUTGPW,train
20260720_063400_TMJVZZ,train
20260720_063429_BPYSKC,train
20260720_063444_VZLLXP,train
20260720_063933_TDCQJY,eval
20260720_063935_BHAZTY,train
20260720_064026_QLBMQN,train
20260720_064341_MAHBHJ,train
20260720_064811_JABZRL,train
20260720_064940_AWLSQD,train
20260720_065149_AJVXZH,eval
20260720_065202_SLVFVX,train
20260720_065320_VYBXRX,train
20260720_065853_HWGEDU,eval
20260720_070507_DQZGQN,train
20260720_070817_SYHHEC,train
20260720_071211_RNQRPN,eval
20260720_071246_BPEPRW,train
20260720_071601_GPFBDZ,eval
20260720_071641_YSTMDE,train
20260720_071859_GMLGTG,eval
20260720_072119_LZADUB,train
20260720_072614_CSLQFG,eval
20260720_072852_ADXRVN,train
20260720_072908_BSDPNG,train
20260720_073417_JHUEWM,eval
20260720_073754_HQTLVR,eval
20260720_073829_NSLEQT,train
20260720_073909_TXDUVT,train
20260720_074545_SLHKRH,train
20260720_074845_PVRVUD,train
20260720_075648_PEYXHC,eval
20260720_075700_JHVDLE,train
20260720_075727_XANWCA,train
20260720_080245_BBKGHQ,train
20260720_080605_LXKVZF,train
20260720_080630_TQMSXQ,train
20260720_081058_GRHLND,train
20260720_081102_DPCUQL,train
20260720_081148_TCABUV,train
20260720_081221_XWHKZZ,train
20260720_081439_CXDBLY,train
20260720_081855_DNQVGT,train
20260720_081945_JYZBYM,eval
20260720_082259_PNPGKP,train
20260720_082709_HBQSAK,train
20260720_083244_YNKTJZ,train
20260720_083430_VMBVZN,train
20260720_083450_ATAJTR,eval
20260720_083607_SXYTNM,train
20260720_083657_SUDNVS,train
20260720_083746_UDSVLJ,eval
20260720_084015_VBHMQJ,train
20260720_084557_GMZAGL,train
20260720_084940_BAPVLU,train
20260720_090149_GDJQZQ,train
20260720_090758_QKWKFF,train
20260720_090901_DNMEXK,train
20260720_091145_MDTBGX,eval
20260720_091148_VHZHYL,train
20260720_091610_NHWNPZ,train
20260720_091752_VWVRUD,train
20260720_092036_BRKJZR,train
20260720_092934_TVYAUW,train
20260720_093449_YATGBJ,train
20260720_093606_SZBSPT,train
20260720_094617_VFGFNN,train
20260720_094643_KBXAWM,train
20260720_094729_QJFRQT,train
20260720_095028_FXLLYF,eval
20260720_095502_QHGLDK,train
20260720_095835_EUWLGG,train
20260720_100119_UFFQZZ,train
20260720_100401_RNRTCY,train
20260720_100504_SRBPDJ,eval
20260720_101004_PRFPUA,eval
20260720_101106_DTJEUU,train
20260720_101135_YWWZQW,train
20260720_101504_TLMSVF,train
20260720_101809_RKFLUA,train
20260720_101937_GYTAXT,train
20260720_102257_CDXNVY,train
20260720_102705_JVZULR,train
20260720_102843_CGKTBM,train
20260720_102858_PVQGZT,train
20260720_103015_MDXZEU,train
20260720_103301_SCGSKS,train
20260720_103503_TDJNDQ,train
20260720_104228_TNFUMU,eval
20260720_105236_NKHTZB,train
20260720_105252_KFMMDQ,train
20260720_111614_TKLVNN,train
20260720_112443_KAMCUE,train
20260720_113501_UKSWVN,train
20260720_114142_JSRHDS,eval
20260720_120108_ASGTBT,train
20260720_121450_MLBTBY,train
20260720_121616_JHXYCC,train
20260720_123224_QMRGHT,train
20260720_123409_DRJMEF,train
20260720_125218_JFXNPM,train
20260720_125221_LURHXX,eval
20260720_125607_LSFSYU,train
20260720_130150_WYHNJL,train
20260720_130242_XJZEWV,train
20260720_130439_SHNUWR,train
20260720_131009_BQHFLL,train
20260720_131458_UDVDZK,eval
20260720_132209_ABLTBM,eval
20260720_133123_TCFDSH,train
20260720_134309_UYSTGH,train
20260720_135010_TBEHZT,train
20260720_140402_MEVGZZ,train
20260720_140703_TBJUZQ,train
20260720_141613_VNCFJU,train
20260720_142050_CDJHJD,eval
20260720_142228_AYNYWD,train
20260720_143053_ABLNBW,train
20260720_143737_NRBFZC,train
20260720_144235_CAUEMC,train
20260720_150613_ZDFTDW,train
20260720_162648_CKEAXR,train
20260720_171710_EVRNZG,train
20260720_224516_JZKGYM,train
20260720_225446_EYEULX,train
20260720_230109_TLWANL,train
20260720_231119_BXJFEB,train
20260720_232605_NEUDZV,train
20260720_232918_XERCTV,train
20260720_233011_DFCPHA,train
20260720_234716_ZVSHTT,train
20260720_235101_AVJQUC,train
20260720_235142_BRMUVW,train
20260720_235443_CALTGV,train
20260720_235811_NDJPHY,train
20260721_000018_VEZXWT,train
20260721_000257_ZNSRYZ,train
20260721_000431_SNFCSJ,train
20260721_000438_HCDJWX,train
20260721_000829_PABFDR,eval
20260721_001306_XMJVKP,train
20260721_001411_DFLEPJ,train
20260721_001742_SFERVE,eval
20260721_001912_FSHERN,train
20260721_002022_FUVMHD,train
20260721_002434_GZBEQZ,train
20260721_002536_ZTKQSJ,train
20260721_002611_NNJXDC,train
20260721_002658_FNTZTH,eval
20260721_002815_TYPEEY,train
20260721_002922_JACETW,eval
20260721_003036_ZGKCXA,train
20260721_003200_AQHGTL,eval
20260721_003244_GTAHMW,train
20260721_003533_BYTNKU,train
20260721_003706_JCGCPD,train
20260721_004453_BMESAM,train
20260721_005133_BEZWWW,eval
20260721_005255_QABAAG,train
20260721_005600_SAUJNG,train
20260721_005832_VSXZKC,train
20260721_010156_XYRQUC,train
20260721_010746_USZRNU,train
20260721_011603_RXSYRA,train
20260721_012045_YRSNLV,train
20260721_012503_WUCZPY,eval
20260721_012547_GWHAWZ,train
20260721_012753_LWAFGL,train
20260721_013009_QMYDKD,eval
20260721_013027_WYHGPV,train
20260721_013031_NGVDYM,eval
20260721_013448_ZEXADV,train
20260721_013528_ZKKSKL,train
20260721_013549_FZDXMS,train
20260721_013750_LLMYZL,train
20260721_013826_BCNDFF,train
20260721_013938_LRFWHY,train
20260721_014044_CPKMDP,train
20260721_014250_PLXHWL,train
20260721_014311_JENKDN,eval
20260721_014623_EWZNDE,train
20260721_014859_XSZSYS,train
20260721_015318_DZNFPF,train
20260721_015347_ARGUTC,eval
20260721_015758_MUXRYF,train
20260721_015814_NKSTVR,train
20260721_020129_FJAKSA,train
20260721_020232_XPNEWV,train
20260721_020424_CDMWMR,train
20260721_020826_QRJPWG,train
20260721_020829_UNVJJV,train
20260721_020925_VERRHV,train
20260721_021035_PSFHEL,train
20260721_021132_SMBHWF,train
20260721_021244_HRJBCD,train
20260721_021315_KSEPEA,train
20260721_021624_EDDXGD,train
20260721_021626_XYCTGU,train
20260721_021653_TXBEYZ,train
20260721_021901_LSDMSN,train
20260721_021920_YGTJZC,train
20260721_022117_VYJXVD,train
20260721_022213_UQNYCL,train
20260721_022303_XLBCNT,train
20260721_022518_QQJYVE,train
20260721_022752_WRNKMF,train
20260721_022913_PPLJTK,train
20260721_023100_KCPZRC,train
20260721_023510_SBPGEJ,train
20260721_023559_BPEABC,train
20260721_023926_KUKQMP,train
20260721_024043_EKTUZT,train
20260721_024228_NHDXUF,train
20260721_024507_UJYRNL,train
20260721_024620_TYBRTV,train
20260721_024913_PJJLZR,train
20260721_025418_QFXCTK,eval
20260721_025448_NBCFWM,eval
20260721_030027_WRCAPV,eval
20260721_030240_RWBEVS,eval
20260721_030833_SNAATF,train
20260721_031138_JUFJDR,train
20260721_031213_AHUPMD,train
20260721_031321_RLKHKJ,train
20260721_031354_ACXQSJ,train
20260721_031502_NXRMWK,eval
20260721_031515_HELKBG,train
20260721_031607_YRKGAG,train
20260721_031612_BHXVMJ,train
20260721_031803_VQVCHW,eval
20260721_031949_RQHJXG,train
20260721_032211_EFHDGB,train
20260721_032353_PWPARP,train
20260721_032357_PGUAEX,train
20260721_032622_CWBZSR,train
20260721_032701_RALGDY,train
20260721_032907_WWWWQH,train
20260721_033151_GKMPKG,train
20260721_033433_RPMSUD,train
20260721_033446_BSSKQK,eval
20260721_033604_TXVRFD,train
20260721_033940_UFAQQH,train
20260721_034317_ZVUMHX,train
20260721_034408_AVHDAZ,train
20260721_034749_XAVPHK,eval
20260721_034808_YGGNYB,train
20260721_035122_SPPYWE,train
20260721_035655_YDYNWB,train
20260721_040059_XCWSCF,train
20260721_040144_LSVZCV,train
20260721_040314_MVMBLW,train
20260721_040729_ZSPADY,train
20260721_040754_RCMHYH,train
20260721_040919_SMVVUG,train
20260721_041433_XLHWWT,train
20260721_041511_NELETD,eval
20260721_041802_LRUXGE,train
20260721_043004_BMMSKJ,train
20260721_043122_PVUMAK,eval
20260721_043413_DGNAVE,train
20260721_043650_SZXFVF,train
20260721_044352_NNRYUH,train
20260721_045158_CRMMCE,train
20260721_045318_MLMPWK,eval
20260721_045320_TCGFCJ,eval
20260721_045533_BVDUWS,eval
20260721_045757_GNDSYC,train
20260721_050135_KMBNLR,train
20260721_050210_NWDWSM,eval
20260721_050221_YJEJAB,train
20260721_050500_RCTPKR,train
20260721_050606_HWXNFT,eval
20260721_050625_HWTYSH,train
20260721_050648_VDRYCT,eval
20260721_050737_GHWVRC,train
20260721_050851_CQSDLW,train
20260721_051152_UCYGLZ,eval
20260721_051242_VBJXDC,train
20260721_051409_MXTNUD,train
20260721_052144_QWALLY,train
20260721_052217_XCYMZG,train
20260721_052300_UJNJWA,train
20260721_052342_EJPLDM,train
20260721_052647_HUEEXS,train
20260721_052912_UFDPSS,train
20260721_052931_KCZATG,train
20260721_053009_PXTCAM,train
20260721_053227_TTJDFR,train
20260721_053404_HZJMXP,train
20260721_053426_PNREDK,train
20260721_053438_MYDJTY,train
20260721_053844_FVLKQB,train
20260721_054053_ZRHPXD,train
20260721_054116_HLNWFB,train
20260721_054307_JNDUCD,train
20260721_054424_XDMXVJ,train
20260721_054431_HSZLFS,train
20260721_054641_UFTMUV,train
20260721_054917_TRLQQV,train
20260721_054936_HCXLXX,train
20260721_055121_RHXZDS,train
20260721_055401_PBUYHQ,train
20260721_055723_NZNQGE,train
20260721_060000_BYKEUY,train
20260721_060002_ZXFEZQ,eval
20260721_060044_YSSXTD,train
20260721_060711_WWQYZG,train
20260721_060745_NTJJZZ,train
20260721_060826_DVUXRM,train
20260721_060916_UGGADQ,train
20260721_061250_KJMVXB,train
20260721_061358_HKZJVM,train
20260721_061403_BAZMDP,train
20260721_061719_ABSXZT,eval
20260721_061821_TCEFCR,train
20260721_062206_DPJVLT,train
20260721_062342_VNACSD,train
20260721_063109_XWQMZM,eval
20260721_063116_UNKNPG,train
20260721_063135_ZKGHTJ,train
20260721_063226_QGGPLQ,eval
20260721_063332_YWBZEW,train
20260721_064813_VTMSFR,train
20260721_064939_LFWYUJ,train
20260721_064944_XVABZZ,train
20260721_065206_KXSTGR,train
20260721_065255_MVGQPE,train
20260721_065428_RHWSAR,train
20260721_065446_QGZNEU,eval
20260721_065536_WBFPMH,train
20260721_065652_TGZTPD,eval
20260721_070022_BHKMRW,eval
20260721_070151_PJTHET,train
20260721_070438_FUXTBW,train
20260721_070444_UMFSCG,train
20260721_070721_MZXBNH,train
20260721_070836_PQVQNA,train
20260721_070903_VRTQAM,train
20260721_070930_APHDDV,train
20260721_071040_ZSMWHN,train
20260721_071313_TJXNGQ,train
20260721_071423_DAFASH,train
20260721_072001_HMRVQJ,eval
20260721_072206_ZFAKEP,train
20260721_072305_YEXALA,eval
20260721_072339_JMGJVW,train
20260721_072431_FJRXEZ,train
20260721_072751_MZCRTZ,eval
20260721_073117_RFDSGJ,train
20260721_073243_TAGXSH,train
20260721_073506_TMXWAH,eval
20260721_073742_XDDYCK,eval
20260721_073814_GXNGQB,train
20260721_073843_YGDTKA,train
20260721_074227_KAEJPA,train
20260721_074400_TCCUNS,train
20260721_074452_NMXKLE,train
20260721_074545_VWCSND,train
20260721_074549_SSZUNS,train
20260721_074735_UZBAWT,eval
20260721_074950_AAJWXA,train
20260721_075247_PVMLCR,train
20260721_075544_MLAWNK,train
20260721_075649_BMHAMS,eval
20260721_075850_ZUFSZR,eval
20260721_075906_AAAUEB,train
20260721_080045_QFMZVC,eval
20260721_080338_BEYCVA,train
20260721_080357_AFJAQG,train
20260721_080415_VMDGCA,train
20260721_080558_MSYGQA,train
20260721_080638_JMNTHN,eval
20260721_080648_URFFTC,train
20260721_080946_KUMNPZ,train
20260721_081323_AYGALY,train
20260721_081323_YPLGZJ,train
20260721_081456_NWDAHR,train
20260721_081843_CRSRBK,train
20260721_082037_WDEXJM,eval
20260721_082253_BRPQXU,train
20260721_082311_JSWSFR,eval
20260721_082901_GLYYNY,train
20260721_083506_NTEZLA,train
20260721_083726_KQTYYS,train
20260721_084055_HNXQZR,train
20260721_084539_ENTHKV,eval
20260721_084550_BDCERU,train
20260721_084822_ZGEEXP,eval
20260721_085023_NTHURG,train
20260721_085457_PDXNQV,train
20260721_085743_CJYGEG,train
20260721_085919_BJNVKW,train
20260721_085938_DZRACH,eval
20260721_090242_GSDDFG,train
20260721_090439_NHDZWA,train
20260721_090518_LBHTPM,train
20260721_090759_BDSZLW,eval
20260721_090806_GHQKHM,train
20260721_090835_EBUWXY,eval
20260721_090919_NUVPCJ,train
20260721_091252_EGQYDL,train
20260721_091429_ETHHTN,train
20260721_091445_NGDKXC,eval
20260721_091528_KBVTLL,train
20260721_091530_LPZQUU,train
20260721_091753_CRMKUH,eval
20260721_091923_TSKUZF,eval
20260721_092301_ZSKRPE,train
20260721_092423_LKPALH,train
20260721_092433_AQANUN,eval
20260721_092439_JFFVTE,train
20260721_093057_EMUJTT,train
20260721_093825_RAFQSR,train
20260721_093917_ZMLXFE,eval
20260721_094428_ALLLCH,train
20260721_094615_YZGRVX,train
20260721_094727_CQARVV,train
20260721_095138_SVLFLF,eval
20260721_095305_JDZAPQ,train
20260721_095710_ZHKRBK,train
20260721_095747_BGZVBH,train
20260721_095903_RAWNNB,eval
20260721_100104_HUMHUB,train
20260721_100225_TAQNGA,train
20260721_100309_JXBURY,train
20260721_101046_JTKXEG,train
20260721_101828_FWCGGR,train
20260721_101912_EABXWL,train
20260721_102139_QVMUAU,train
20260721_102307_VDGXAQ,train
20260721_102918_ESKELC,train
20260721_102925_WPHGCL,train
20260721_103005_WWCZXZ,train
20260721_103217_UCMKZR,train
20260721_103831_YPSYCY,train
20260721_103921_RPXWMD,train
20260721_104051_TXKGSY,train
20260721_105154_UZUCUE,train
20260721_105253_JVYSLU,train
20260721_105304_TYJLLG,train
20260721_111522_XDWRQJ,train
20260721_113157_PNWBAP,train
20260721_114850_SEVVVC,train
20260721_115050_FPEJVV,train
20260721_115113_UHMNTT,train
20260721_120431_BECSTV,train
20260721_120447_VDZJDT,train
20260721_120842_FDECCN,train
20260721_120935_QXTUGW,eval
20260721_121059_QJUVQW,train
20260721_122432_QGGLPN,eval
20260721_123001_SSKBSP,train
20260721_125045_KLPZWN,train
20260721_125642_KHGXYV,eval
20260721_130305_MNYEQB,eval
20260721_131633_YLHBMD,train
20260721_132848_ASNUMG,train
20260721_133134_PAALHD,train
20260721_134301_MLEYZY,train
20260721_141510_QAUNTM,train
20260721_142637_FBCTRN,eval
20260721_144149_LYXUJW,train
20260721_151948_VWPDLP,train
20260721_152405_XGUFQC,train
20260721_153021_VCPDXE,train
20260721_154408_CJPXDR,train
20260721_174326_NGWDQA,train
20260721_180919_JCUVEP,train
20260721_184343_NMUSYZ,train
20260721_185519_EYGHPA,train
20260721_210919_VURHHY,train
20260721_214539_CMVMAC,train
20260721_221312_PXQUBG,train
20260721_223321_LAWSQD,train
20260721_223402_PWQRQY,train
20260721_223648_KHFTFU,train
20260721_224745_HQRZFG,train
20260721_225136_STLPZL,train
20260721_230903_LDTVPH,train
20260721_230958_YBGRZZ,train
20260721_233122_HAUEWC,train
20260721_233949_BXWFXE,eval
20260721_234317_SJQLTW,train
20260721_235222_AUTCZQ,train
20260721_235440_DGXMFF,train
20260721_235722_HRZWXK,train
20260721_235802_EVYHPN,eval
20260722_000026_HQULSD,train
20260722_000218_QKLGAG,eval
20260722_000404_RYGTPF,eval
20260722_000414_JWLDEG,train
20260722_000427_TSRDSJ,train
20260722_000444_SAWREC,train
20260722_000518_PTSYZR,train
20260722_000530_JPSZCK,train
20260722_000805_NEDGSZ,eval
20260722_000835_RLFXZC,train
20260722_000955_PCQBFT,train
20260722_001046_ESMTEC,eval
20260722_001103_XJZURD,train
20260722_001200_FXPAAV,train
20260722_001209_QFUHTD,train
20260722_001540_SRBRSK,train
20260722_001603_NVECDZ,train
20260722_001722_NALEFZ,train
20260722_001831_VLVXKZ,train
20260722_001911_QJHYBG,train
20260722_001922_TMKKVY,eval
20260722_002006_RRWBKK,train
20260722_002029_DJGMSJ,train
20260722_002145_YEZDMA,train
20260722_002158_LTBYHD,train
20260722_002207_JBCJAU,train
20260722_002212_ZVPFEK,train
20260722_002501_MBMVRU,train
20260722_002615_TBRQXN,eval
20260722_002716_QYTZGF,train
20260722_002753_LDHHVR,train
20260722_002904_WLTCQL,train
20260722_002916_NNTCCX,eval
20260722_003114_BFLLDT,train
20260722_003336_VEDECV,eval
20260722_003509_PKVMQW,train
20260722_004007_JCUMDB,train
20260722_004055_DDUVLE,train
20260722_004121_VXGCJU,train
20260722_004237_FPBHDM,train
20260722_004556_VPDWGM,train
20260722_004716_KABKJB,train
20260722_005437_MRKGRM,train
20260722_005536_YEWWZM,train
20260722_005716_FQZLCJ,train
20260722_010209_RLWDES,train
20260722_010618_KZQRZB,eval
20260722_010631_UWDMGY,train
20260722_010700_RKBEQT,eval
20260722_010736_BBWMPZ,train
20260722_011031_UQGMBS,eval
20260722_011401_JZHNDN,train
20260722_011546_AAQTGW,train
20260722_011631_KAXSKZ,eval
20260722_011837_TESYAB,train
20260722_011859_TXVASD,train
20260722_012050_KFLBPQ,eval
20260722_012129_FKMKSB,train
20260722_012214_JJVTBV,train
20260722_012220_KQKHXL,train
20260722_012550_AXGJRF,train
20260722_012823_GCHNKG,train
20260722_012931_XCQPQQ,train
20260722_013110_CJHJRA,train
20260722_013228_XVFQKT,train
20260722_013353_UMJKUL,train
20260722_013452_DGGLEP,train
20260722_013558_XPKGPT,eval
20260722_013631_HUSERC,train
20260722_013659_AXTPFD,train
20260722_013913_VYXJRN,train
20260722_014216_ATEUWV,eval
20260722_014636_ULTKDV,train
20260722_014914_XRGFZG,eval
20260722_014917_QVVGPC,eval
20260722_015243_TFJNUE,train
20260722_015346_FTVHJF,train
20260722_015438_RTFDVE,train
20260722_020207_XACYBN,train
20260722_020351_HQQUJW,train
20260722_020515_EKMSHQ,train
20260722_020708_ALPHSJ,train
20260722_020722_XEVLBV,train
20260722_020737_KDADEC,train
20260722_020820_ZZCMVL,eval
20260722_020833_RWMQYC,eval
20260722_020906_FVYGPP,train
20260722_020933_FRDWLQ,train
20260722_021006_BJRHLE,eval
20260722_021126_EEGUGE,train
20260722_021156_XCDZXZ,train
20260722_021328_CLJDEM,train
20260722_021634_QMLSNU,train
20260722_021658_ZHKGGY,train
20260722_021710_LHBDZW,train
20260722_022227_LWSFBV,train
20260722_022433_YKRPNE,train
20260722_022453_JGZSER,train
20260722_022520_BDNVAX,eval
20260722_022609_BVRCYF,eval
20260722_022809_DYKRDG,train
20260722_023032_WCWAYD,train
20260722_023220_WMNCVR,train
20260722_023253_AELFUK,train
20260722_023307_TZSKCA,train
20260722_023415_MTCEAG,train
20260722_023445_SCJCCG,train
20260722_023830_UWMEGS,train
20260722_023925_HLDTEA,train
20260722_024010_PZVHGD,train
20260722_024015_KEPBDM,train
20260722_024101_KRBYCU,eval
20260722_024554_CPNFHD,train
20260722_024927_DVDCCK,train
20260722_025000_ZAMKJM,train
20260722_025430_RNUJTN,eval
20260722_025512_BFGPGQ,train
20260722_025634_VMVDGL,train
20260722_025918_TQELNK,train
20260722_025940_FDGZDP,train
20260722_025949_FZGUPH,train
20260722_030215_EFZLXN,train
20260722_030759_HYKVVV,train
20260722_030832_MENNQU,train
20260722_031211_BEQVHG,train
20260722_031510_LVWZFW,train
20260722_032216_TRJRSG,train
20260722_032230_FZYEBM,train
20260722_032401_ERNYFM,train
20260722_032549_JTBBVG,eval
20260722_033222_DKGYVE,train
20260722_033657_BMRKBJ,train
20260722_033855_GUJEHB,eval
20260722_033910_MPLXYM,train
20260722_034442_YJQUZM,eval
20260722_035001_KGCGJE,eval
20260722_035002_WGAXLR,train
20260722_035201_SFAXYL,train
20260722_035502_VMGQZC,train
20260722_035633_HQCPCR,train
20260722_040959_CHVKAQ,eval
20260722_041220_DSJFHX,eval
20260722_041515_DCRUWQ,train
20260722_043206_FGLNRG,train
20260722_043847_UGDYNT,eval
20260722_044048_UTARLF,train
20260722_044235_BAXMZQ,eval
20260722_044239_WNEVHM,train
20260722_044351_NHWYSS,eval
20260722_045133_JYKXCK,train
20260722_050011_PGUKZH,train
20260722_050220_MYMSWW,eval
20260722_050245_YXDMVK,train
20260722_050519_LFTVXB,train
20260722_050627_DWNRWA,eval
20260722_050728_JENYNN,train
20260722_050746_UYRLXK,eval
20260722_050838_QAMNBE,train
20260722_050903_EDZVPX,train
20260722_051058_NPMSLM,eval
20260722_051102_NXKLJA,eval
20260722_051123_TTLPJD,train
20260722_051241_TUAQBL,train
20260722_051427_NJLCPP,eval
20260722_051720_YGVBYE,eval
20260722_052057_CTXUEX,train
20260722_052138_ZVAJKW,train
20260722_052214_RHQFDD,eval
20260722_052438_LATNQP,train
20260722_052445_QWEUBL,train
20260722_052519_RVGNBF,eval
20260722_052713_DQTAGR,train
20260722_052930_HFUJJA,train
20260722_053224_FABWWA,eval
20260722_053319_JGHLEG,train
20260722_053525_HKWCVE,train
20260722_053716_SRDEYL,train
20260722_053922_RRELAS,train
20260722_053924_VLBGKF,train
20260722_053933_QQPYDR,train
20260722_054025_BYLGHL,train
20260722_054257_KAAJTS,eval
20260722_054349_NCLMUM,train
20260722_054356_BGBNJR,eval
20260722_054636_UDTQTV,train
20260722_054751_RVFUVC,train
20260722_054911_REPQWE,train
20260722_055138_GPARCU,train
20260722_055138_SMYMLT,train
20260722_055239_DCSWLV,train
20260722_055503_AJBXEV,train
20260722_055503_DVYGWX,train
20260722_055545_TBPNPH,train
20260722_055604_MZNQSW,train
20260722_055625_AKTAKW,train
20260722_055636_CDZLUY,train
20260722_055736_XMFFNX,train
20260722_055921_QXFDHJ,train
20260722_060244_PAJSXG,train
20260722_060255_CJFHKS,train
20260722_060412_PVPJEB,train
20260722_060720_PRKUTF,train
20260722_060735_CHCTJT,train
20260722_060747_YUSQTC,eval
20260722_060818_PSLXEL,train
20260722_060857_GVHDUV,eval
20260722_061055_REYAGW,train
20260722_061125_HXRABF,train
20260722_061339_CLFDCC,train
20260722_061410_NCSCPD,train
20260722_061555_JCJMBQ,train
20260722_061802_REURNN,train
20260722_062118_XNANFG,train
20260722_062138_EDZRDD,train
20260722_062203_DFSVRB,train
20260722_062543_HWBAZL,train
20260722_062721_JLWWBP,train
20260722_062735_UMAAEQ,train
20260722_062935_BXJNPH,train
20260722_063102_KXKEKN,train
20260722_063214_AYXJTD,eval
20260722_063445_KJZZJE,train
20260722_063507_UXTMKQ,train
20260722_063817_GDFXRS,eval
20260722_064121_SVXQXQ,train
20260722_064244_KSZDAM,train
20260722_064409_ULCGVH,train
20260722_064803_VBXKHM,train
20260722_064814_FXJUUF,train
20260722_064925_JVFHFF,train
20260722_064951_KRSTEW,train
20260722_065138_DXPBXH,train
20260722_065233_EGFXFQ,eval
20260722_065234_FWBTVN,eval
20260722_065511_PWHRXP,train
20260722_065527_PBLSXR,train
20260722_065632_KAUHWH,eval
20260722_070113_DSPYYA,train
20260722_070236_HKGTBV,train
20260722_070734_BJNQPB,train
20260722_070819_KBWWLB,train
20260722_070840_ZXGEBJ,eval
20260722_071054_XFPKPM,eval
20260722_071454_RFAGEK,eval
20260722_071831_QEVRJW,train
20260722_071956_MSQNDE,train
20260722_072143_GKWULB,train
20260722_072157_LUMTBC,train
20260722_072711_RELMED,train
20260722_072713_HFFXRY,eval
20260722_072753_CMNSXU,eval
20260722_073400_ZULELC,train
20260722_073416_VVRGJF,train
20260722_073814_DBHEMR,train
20260722_073846_RUCVVM,train
20260722_074203_YNCNRX,train
20260722_074809_EVZSEK,train
20260722_074953_BJXQVK,train
20260722_074959_BNWDFT,train
20260722_075257_WNAMJG,train
20260722_075319_NBTASU,train
20260722_075341_YZDTEH,train
20260722_075537_GKLKTQ,train
20260722_075617_LSWDQV,train
20260722_075839_GXZXWP,train
20260722_075848_ZRAXDV,train
20260722_075909_LGNVKM,eval
20260722_075937_UXPXEF,train
20260722_080130_EMNYYT,train
20260722_080136_QHECDY,train
20260722_080214_EAMYYM,train
20260722_080256_YQLVVR,train
20260722_080754_EJZVPA,train
20260722_081034_TXXUXC,train
20260722_081119_HDDQAL,eval
20260722_081231_WGEQSY,train
20260722_081411_WVAXSM,train
20260722_081657_REMKPN,eval
20260722_081802_BGCRBJ,eval
20260722_081828_WAKLXM,train
20260722_081929_AEXGHP,train
20260722_082121_DDAGSH,train
20260722_083016_MMCXWR,train
20260722_083240_PHDUNR,train
20260722_083336_KMNCGG,train
20260722_083809_YQRJVU,train
20260722_083843_QJMLCG,train
20260722_084335_SXUWAW,train
20260722_084400_KTRYPC,train
20260722_090147_VBAMFX,train
20260722_090323_PRVTXB,train
20260722_090351_ZVMSSM,train
20260722_090513_AZGPTZ,train
20260722_090545_XMVCTX,train
20260722_090611_VKFGVW,train
20260722_090643_REZNND,train
20260722_091204_FTCERY,train
20260722_092105_VKZGMM,train
20260722_092232_ZNJXAC,train
20260722_092249_DMPBJP,train
20260722_092354_RDDNPU,eval
20260722_092451_EQJZCZ,train
20260722_092923_TBYSCN,train
20260722_093352_TSSDMN,train
20260722_093420_TENFXP,train
20260722_093600_PJBLDJ,train
20260722_093934_KGHKCV,eval
20260722_094323_DAJNAJ,eval
20260722_094520_VLVAYK,eval
20260722_094709_RTRDDK,train
20260722_094739_SKEDYU,eval
20260722_095000_QXWUWQ,train
20260722_095012_XXCXCT,train
20260722_095230_HHXKAJ,train
20260722_095252_SEZAFJ,eval
20260722_095430_UPKXAJ,train
20260722_095822_GDFXVJ,train
20260722_095825_GZFGXB,train
20260722_100106_UQDMNY,eval
20260722_100339_TJRKSG,train
20260722_100535_CJCHUX,eval
20260722_100807_TLDAEW,train
20260722_101322_RVRVFX,eval
20260722_101817_DUCVBH,eval
20260722_101908_FZKXWJ,train
20260722_101934_BSDJKG,train
20260722_101944_GSKYHA,train
20260722_102202_DAQPYK,train
20260722_103017_ZQHFZW,train
20260722_103245_LENNKS,train
20260722_103330_LZUWGY,train
20260722_103810_SACXJD,eval
20260722_103831_CKHSCY,eval
20260722_104210_QEBSSM,eval
20260722_104212_QDGKJZ,train
20260722_104307_SRVQKP,eval
20260722_104335_HZECEH,train
20260722_104409_YPUKJE,train
20260722_104503_BPCREA,train
20260722_104543_JGJPMC,train
20260722_104819_QFRNEE,train
20260722_104900_XMFZJS,train
20260722_104945_LSDWFR,train
20260722_105019_QAHHCV,train
20260722_105310_ERQJQG,eval
20260722_105604_VTYDGE,train
20260722_105712_GJAVAV,train
20260722_105829_UQYRUQ,train
20260722_110137_BYTRYM,train
20260722_110831_FEYVDE,train
20260722_111022_XWBGLN,train
20260722_111424_DNZXMF,eval
20260722_111633_HWWQRX,train
20260722_111649_WLJMWK,train
20260722_112235_UVBXPJ,eval
20260722_112906_ZDDZLR,train
20260722_112933_QHYTVG,eval
20260722_113017_JYMHPX,train
20260722_113228_LTTBWM,train
20260722_113811_VEELCE,train
20260722_113951_FRZARY,train
20260722_114755_QMCWMF,train
20260722_121208_WSNGUC,train
20260722_121550_QPDMVZ,eval
20260722_123718_AABDVE,eval
20260722_130414_VETFPB,train
20260722_130419_ZJNBLB,train
20260722_130451_MQTDKT,train
20260722_132011_FDPPPT,train
20260722_134228_TCXKLZ,train
20260722_143411_VZPESV,train
20260722_150826_FXXUPX,eval
20260722_152100_WRZZRJ,eval
20260722_160133_BASTWT,train
20260722_163814_WWJKKW,eval
20260722_170154_QFQTCD,train
20260722_172525_RUGMQU,train
20260722_185117_TXJJMF,train
20260722_193257_AWBVNH,train
20260722_232148_RBZCWU,train
20260722_233631_RVRMGS,eval
20260722_234355_QZSPAU,train
20260722_234901_CWRTQT,train
20260722_234912_GBJSJB,train
20260722_235101_YXJKPK,eval
20260722_235149_YRRCSB,eval
20260722_235626_BHVMWC,train
20260722_235801_KPAMMV,train
20260723_000225_DXXVQC,train
20260723_000300_VQFBFA,train
20260723_000330_FNBEWE,train
20260723_000425_RFGTCG,train
20260723_000431_XEPZZH,train
20260723_000738_MXYZJT,train
20260723_000757_HVYCKN,eval
20260723_000805_NPRXFU,eval
20260723_001236_CRKYAG,eval
20260723_001526_WLFZMV,train
20260723_001716_JJBFRU,eval
20260723_001754_SANBJL,train
20260723_002116_PDUPXH,train
20260723_002404_JVHPYW,train
20260723_002431_KMEWFB,train
20260723_002612_MPSRMF,train
20260723_002658_VNMRRS,train
20260723_002802_YRQGPP,train
20260723_002812_UZVCHK,train
20260723_002821_MJWTRS,train
20260723_002841_HEGUJW,eval
20260723_003021_CEECBD,train
20260723_003339_XKMAJL,train
20260723_003500_UDMMVF,train
20260723_003545_NHSCZS,eval
20260723_003636_CWGLWW,train
20260723_003658_NCFQVE,train
20260723_003704_BSZWLC,eval
20260723_004146_FGNLYP,train
20260723_004427_GAFRMB,eval
20260723_004433_CPPUZW,train
20260723_004447_QKRDLS,train
20260723_004548_GSVZGZ,train
20260723_004931_AKRQVL,train
20260723_005047_CNJNKC,train
20260723_005121_SYDTCA,train
20260723_005342_YUASWR,train
20260723_005344_MQWUEF,train
20260723_005514_TLSXPC,eval
20260723_005551_ZBHQXP,train
20260723_005616_NCSAYN,train
20260723_005917_TMWPGN,train
20260723_010213_CZGBTL,train
20260723_010342_HKUMLY,train
20260723_010824_UYDZSV,train
20260723_010840_SPBMEC,eval
20260723_011152_UZJWAA,train
20260723_011203_NLEJSF,train
20260723_011451_RUNDES,train
20260723_011604_VSJPZY,train
20260723_011832_UFDCGC,train
20260723_012151_PQNNWY,train
20260723_012342_LXCWBP,train
20260723_012529_NWTJRG,train
20260723_012956_XRBXCG,train
20260723_013155_AXYSXC,train
20260723_013215_GUBCXT,train
20260723_013316_VYGMQS,train
20260723_014548_XDFLSP,train
20260723_014618_VDAAGL,eval
20260723_014920_HMHSAK,eval
20260723_014957_VSBULM,train
20260723_015306_QCXUND,train
20260723_015355_MXBEYG,eval
20260723_015441_DPHRHV,train
20260723_015537_CHVQPM,train
20260723_020006_DGFHGK,train
20260723_020258_PQEKYS,train
20260723_020323_MCJECB,train
20260723_020521_RRAPFE,eval
20260723_020700_RVVBQE,eval
20260723_021018_FHVAQP,train
20260723_021033_AGMKZU,eval
20260723_021440_PAGLSY,train
20260723_021523_MLALMF,eval
20260723_021813_CXSMCK,train
20260723_021921_XXSJYL,train
20260723_022223_MMLTSX,train
20260723_022344_MUKYGE,train
20260723_022603_QAGDZF,eval
20260723_022645_EUNDFE,train
20260723_022734_KQTXKW,train
20260723_022922_CHPYYG,eval
20260723_023502_NYJBRV,eval
20260723_023557_BMLPMM,train
20260723_023614_YMEDYG,train
20260723_024156_SCDGNW,eval
20260723_024209_WFUFCT,train
20260723_024452_PHWDPJ,eval
20260723_024509_TYGFAJ,eval
20260723_024740_EHNKEV,train
20260723_024904_FZPWWK,eval
20260723_025005_DCKVRC,train
20260723_025256_JRTHMF,train
20260723_025439_BMFXJG,train
20260723_025709_WHXLKN,eval
20260723_025817_TZGSLW,train
20260723_025941_FVNHYY,eval
20260723_030027_VAKQPB,train
20260723_030608_SPDCZW,train
20260723_030808_BQEEVX,train
20260723_030832_NFBUCP,eval
20260723_031126_FUCERZ,train
20260723_031214_MWTAZC,train
20260723_032015_CNJTXH,train
20260723_032120_YSBPSX,train
20260723_032144_DGBATY,eval
20260723_032208_KRQBZR,train
20260723_032322_LJVGGD,train
20260723_032659_AASGBZ,eval
20260723_033028_FEEZNY,eval
20260723_033058_ZNWSJS,train
20260723_033114_ZMQZYH,train
20260723_033550_BDAYEF,train
20260723_033943_DSVFPW,train
20260723_034144_XRQGTU,train
20260723_034541_NDAADH,train
20260723_034707_SFELQT,train
20260723_034949_AKCNNP,train
20260723_035147_ESFEYH,train
20260723_035510_KMMTMR,eval
20260723_040054_DNLRVM,eval
20260723_040428_ZYWMHX,train
20260723_041417_MCFLKJ,train
20260723_041757_CFYMDV,eval
20260723_041758_BBBBQX,train
20260723_042049_RAHRDQ,train
20260723_045532_MCGYHG,train
20260723_045710_EDRWZD,train
20260723_045810_ZHGRHC,train
20260723_050556_TEZJWQ,train
20260723_050910_SVPWXY,train
20260723_050940_PNGGUC,eval
20260723_050954_ASNPKR,train
20260723_051153_BVSWUX,train
20260723_051224_HZKUTD,train
20260723_051243_CQHNSC,eval
20260723_051421_GHZSYG,train
20260723_051549_YXQGSB,train
20260723_051559_BRFDVS,train
20260723_051605_LHEJSN,train
20260723_052554_LMFGSG,eval
20260723_053702_MKYZHP,train
20260723_053848_PZTFFY,train
20260723_053911_CAEDBP,train
20260723_053924_KWNMMR,train
20260723_054331_PGRVWU,train
20260723_054458_UNNQCL,train
20260723_054919_JKSVPM,train
20260723_055329_ZCLESE,train
20260723_055528_BSPTUH,train
20260723_060002_HPLDLA,train
20260723_060346_RDXJDT,eval
20260723_060534_WJPWAU,train
20260723_060659_ZWGHRR,train
20260723_060733_KPBPAX,train
20260723_060817_GYWAZG,train
20260723_060817_PNAUPN,eval
20260723_060836_NAFBRK,train
20260723_060929_DJRGLZ,train
20260723_060950_VSSBKA,train
20260723_061004_BEYJYU,train
20260723_061126_GYFRKA,train
20260723_061247_KBBGNW,train
20260723_061302_JSXWQJ,train
20260723_061313_ZWPKRH,eval
20260723_061527_DYZPWG,train
20260723_062115_CAXCVA,train
20260723_062206_FSEXDE,train
20260723_062550_LGXQWV,train
20260723_062838_BQBPAB,train
20260723_063243_DTVWLF,train
20260723_064039_FKCEFN,eval
20260723_064127_SJCSGE,train
20260723_064431_BGMYSB,train
20260723_064650_GAZJCL,train
20260723_064701_NSCUNY,train
20260723_064747_DNLTCV,train
20260723_064942_DMWRQA,train
20260723_065047_HLXPWB,train
20260723_065150_QZNAGZ,train
20260723_065451_PERDBE,train
20260723_065525_RRWJAJ,train
20260723_065758_EHUDNH,train
20260723_065855_HZEFEM,train
20260723_065905_RUYAKQ,train
20260723_070106_ABRTZK,train
20260723_070138_VZJSEW,train
20260723_070248_AUVKHK,train
20260723_070939_PYPTWP,train
20260723_071056_HMJGRD,eval
20260723_071204_ZVHXGT,train
20260723_071316_WKZPHP,train
20260723_072034_EQZCXP,train
20260723_072310_AZAHTV,train
20260723_072350_FWKPMM,train
20260723_072412_RVVRTW,train
20260723_072534_JPCZTE,train
20260723_073223_WZTKSL,eval
20260723_073454_PUEDYU,eval
20260723_073641_BTDTDA,train
20260723_074142_NZJFVJ,eval
20260723_074209_EHABBT,train
20260723_074240_WQCWHN,train
20260723_074343_CNDLKY,train
20260723_074703_SHUQPS,train
20260723_074847_KBJSUY,train
20260723_075222_DZWCCA,train
20260723_075702_BTLDYD,train
20260723_075753_FSERSZ,train
20260723_075756_WMKQPP,train
20260723_075838_UKRGTN,train
20260723_075959_VRZMEM,train
20260723_080054_NFKMEU,train
20260723_080249_LUCPHZ,train
20260723_081002_ULLNPF,train
20260723_081158_XNVFDL,train
20260723_081756_ZVPESB,train
20260723_082123_XSYADK,eval
20260723_082254_NLGMCB,train
20260723_082416_CTUGPK,train
20260723_082437_JNGZYF,train
20260723_082537_JZTZHD,train
20260723_083538_SPLQAC,train
20260723_083735_DPTQGT,train
20260723_083857_JAPUDK,eval
20260723_083922_DVVZRS,train
20260723_083955_NPSSAW,train
20260723_084040_ENPYVQ,train
20260723_084116_WCDXBU,train
20260723_084144_TCZTRR,train
20260723_084215_TPNENA,train
20260723_084553_JDHTTS,train
20260723_084645_HCPTFC,train
20260723_085508_LWPKFW,eval
20260723_085510_JSDTVM,train
20260723_085925_MEMLLT,train
20260723_090125_NFYKDX,train
20260723_091153_TZAKGX,train
20260723_091200_CDBLNS,train
20260723_091501_DVJMFM,train
20260723_091501_TFUKCP,train
20260723_091507_ZRGMWQ,eval
20260723_091725_XCHZQT,train
20260723_091731_QQEHRC,train
20260723_091737_MYBYQH,train
20260723_091926_VTHNAL,train
20260723_092129_DNWNNV,train
20260723_092213_GUUHVZ,train
20260723_092403_UGZHXL,train
20260723_092452_ABBGJG,eval
20260723_092652_XESDXU,train
20260723_092759_AHXMAV,train
20260723_093150_DELSJY,train
20260723_093231_DWHDLR,train
20260723_094252_KADWLQ,train
20260723_094419_VKENAX,train
20260723_094605_UADVKC,train
20260723_094803_NBTFDV,train
20260723_095332_PCCUVP,train
20260723_095554_ANHQSN,eval
20260723_095939_RQXUHF,train
20260723_100059_KKKESR,train
20260723_100113_NUKMDR,train
20260723_100125_BVYTRY,train
20260723_101414_ZFYUGG,train
20260723_101517_LGBVTT,train
20260723_101956_JSAKAM,train
20260723_102311_FHLTFS,train
20260723_103303_WNMUCT,train
20260723_103937_HTVFHY,train
20260723_104608_EAYEJQ,train
20260723_105552_WZDXDJ,train
20260723_105651_XAMUUS,train
20260723_105912_XYNJRQ,train
20260723_110426_HQUWNJ,train
20260723_111019_EAUFJR,train
20260723_111502_ADMKDC,train
20260723_111839_PUPMUP,train
20260723_121440_YDNTLE,train
20260723_123820_PJFNTF,train
20260723_123848_MVETLD,train
20260723_124030_SZNJVV,train
20260723_124303_QKPSME,train
20260723_130321_WYMYCT,eval
20260723_131521_KDWAZP,train
20260723_132210_BHQWXT,train
20260723_132544_LLMWJL,eval
20260723_133047_WHDXAC,train
20260723_133741_CDZGTK,eval
20260723_134917_BSEGBH,train
20260723_134945_CMUPZP,train
20260723_135107_VCQLFB,train
20260723_141245_TWVCAY,train
20260723_142042_HYDGMA,train
20260723_143043_NHHZGJ,train
20260723_144817_RWCQVM,train
20260723_150115_WLZHZG,train
20260723_151731_AKCKUJ,train
20260723_152802_NUPNMU,train
20260723_224941_YUCRWW,train
20260723_233025_WRDLCS,train
20260723_233418_CKMZKK,train
20260723_234114_HKLDGV,train
20260723_234122_CQLAHS,eval
20260723_235237_CRWEYY,train
20260723_235325_HYMWVF,train
20260723_235737_TATBLY,train
20260724_000111_EMJQXM,train
20260724_000303_MXJKQB,train
20260724_000423_BARZNC,train
20260724_000449_JHRKXR,eval
20260724_000524_XPDRHV,train
20260724_000537_MXJSSJ,train
20260724_000551_XKXVLH,train
20260724_000625_VEJFZR,train
20260724_000700_NTSCWD,train
20260724_000808_SUNPKR,train
20260724_000851_KAPMED,train
20260724_000935_EYTYVQ,train
20260724_000953_VYWQPN,train
20260724_001129_QACECU,train
20260724_001217_XZLNVM,train
20260724_001348_QJQTPA,train
20260724_001350_GXMEPE,train
20260724_001601_FXQRAN,train
20260724_001657_XGFUTP,train
20260724_001944_DQBTVP,eval
20260724_002024_MXHCCQ,train
20260724_002154_MBHEMM,train
20260724_002311_VTGAQP,train
20260724_002429_KUVZDQ,train
20260724_002447_FLWVLQ,eval
20260724_002605_CZNQHN,train
20260724_002703_NUKXKT,train
20260724_003017_HHQBKX,eval
20260724_003120_BADKQW,train
20260724_003555_PSMPMP,eval
20260724_003630_KAZLWL,train
20260724_003755_GCKRBZ,train
20260724_003817_BRBSRR,train
20260724_003953_DAZPSL,train
20260724_004027_UYEZUR,train
20260724_004126_LHZSUT,train
20260724_004149_NYTVRK,eval
20260724_004603_FPXFAT,eval
20260724_004700_QARBYK,eval
20260724_005124_YZHSKZ,train
20260724_005135_WEDCNE,eval
20260724_005502_UVBGWC,eval
20260724_005729_ACFHXQ,train
20260724_005845_NNCECE,train
20260724_010148_RYEFQF,eval
20260724_010603_XUWZBE,train
20260724_010801_VGDMAZ,eval
20260724_011623_RQABUK,train
20260724_012811_JZCWWM,train
20260724_012846_KGACCE,train
20260724_012912_GLDLBN,train
20260724_012921_PUQTRA,eval
20260724_012939_JVKASP,eval
20260724_013020_KCKYMY,eval
20260724_013516_KEXTLT,train
20260724_013718_TPKFXF,train
20260724_013819_JXFQPY,train
20260724_014030_QBEXPW,train
20260724_014155_SMZHDC,train
20260724_014403_HTHNWE,train
20260724_015025_QCXVRL,train
20260724_015213_FEDENK,train
20260724_015726_SYKGKH,eval
20260724_015744_SQRVLN,train
20260724_015857_TQNTYS,train
20260724_020428_WRMBUN,train
20260724_020555_SAKYES,train
20260724_020649_BEZLVB,train
20260724_020909_HUBYEE,train
20260724_021228_AESKJF,train
20260724_021229_DUUDEJ,train
20260724_021321_DDXVCM,train
20260724_021453_UGHEUJ,train
20260724_021734_PDMVSB,train
20260724_021746_NUPFSN,eval
20260724_021751_ACUQWW,train
20260724_021752_EYLYUJ,train
20260724_022037_WWCCRN,train
20260724_022236_GWZYRB,train
20260724_022253_XBRGUM,train
20260724_022337_HYJJXG,train
20260724_022652_AMLWFY,train
20260724_022844_SVHEUL,train
20260724_022853_PDUMKS,train
20260724_023013_PDDGVH,train
20260724_023244_DGJTPU,eval
20260724_023847_SLPVTQ,train
20260724_023954_PTXXRT,train
20260724_024043_HEQJYV,train
20260724_024154_BBVWQN,train
20260724_025021_GDZZBN,train
20260724_025155_LLQWEN,train
20260724_025532_YHGPYH,eval
20260724_025552_WTXWSB,eval
20260724_025554_GCMPGQ,train
20260724_030216_UHLZYE,eval
20260724_031031_TGBPPK,train
20260724_031546_KMDUDY,train
20260724_031844_YAWVLQ,eval
20260724_032244_SHACEW,train
20260724_032317_LJBXWX,train
20260724_032443_GBFXWY,train
20260724_032610_UKMZAB,eval
20260724_032627_JBQMTY,train
20260724_033312_WSXRCR,train
20260724_033315_VNBEWX,train
20260724_033334_SYELPD,train
20260724_033639_KPLGLS,train
20260724_034216_GBZTJL,train
20260724_034820_SZRKNP,train
20260724_040311_DCUNMA,train
20260724_041142_VAACPM,eval
20260724_041654_QHVDFM,train
20260724_042154_UQZTBE,train
20260724_043031_JLBTJQ,train
20260724_043146_ELZGHH,train
20260724_043253_TGHPHS,eval
20260724_043323_ZLQSGJ,train
20260724_043510_MUDPLM,eval
20260724_043732_UQASXU,train
20260724_043748_KZSPML,train
20260724_044343_AFGXBB,train
20260724_044405_CEGTSE,train
20260724_044714_KENRCW,train
20260724_044723_SHSZJJ,train
20260724_045012_WPESFF,train
20260724_045124_JZEDXZ,eval
20260724_045154_UKJHJK,train
20260724_045215_SVTEZH,train
20260724_045745_NTBLQM,train
20260724_045815_EZPXCS,train
20260724_045920_SZFGAW,train
20260724_050217_QXBWLZ,train
20260724_050225_TFTLQN,train
20260724_050732_EDRRFT,train
20260724_050922_SHSHNP,train
20260724_051344_TPCHAS,eval
20260724_051426_GDKNAZ,train
20260724_051706_LNUSLH,train
20260724_051957_BJFVBL,train
20260724_052045_CQANQK,train
20260724_052051_KHUSBQ,train
20260724_052055_MFQTZY,train
20260724_052150_MFJDAR,train
20260724_052231_JBZFBS,train
20260724_052305_TLMZBE,train
20260724_052342_VYQNLD,train
20260724_052344_HLYLLN,train
20260724_052557_AXXYJY,train
20260724_052834_HHXJJE,train
20260724_052907_ZDWFXG,eval
20260724_053227_QDZYDV,train
20260724_053324_RNMKUY,train
20260724_053329_QUWJFB,train
20260724_053348_GYTJAB,train
20260724_053414_UWFAVB,train
20260724_053531_ESAHBM,train
20260724_053653_MQMNVU,train
20260724_054034_PUAPDD,train
20260724_054237_GRMSHU,train
20260724_054513_RXDQEY,train
20260724_054522_GUQXUF,train
20260724_054725_VSWEYF,train
20260724_054913_XYJFXM,train
20260724_055042_APBFXP,train
20260724_055128_SQWSLJ,train
20260724_055550_GUFVTF,eval
20260724_055608_STRCYF,train
20260724_055721_HRDLKN,train
20260724_055805_AGYRJZ,train
20260724_055910_WSSFSF,train
20260724_060129_PPYNVQ,eval
20260724_060225_YVZUNE,train
20260724_060341_WVYHAG,train
20260724_060531_ZMULRP,train
20260724_060958_KECYEZ,train
20260724_061019_JXULZM,train
20260724_061052_ZFPWYV,train
20260724_061341_ZTNBQX,train
20260724_061550_YTEDRG,train
20260724_061559_YLVAED,train
20260724_061645_NNSQQP,train
20260724_061655_DGMDWJ,train
20260724_061835_UTQFFP,train
20260724_061852_MLPNHV,eval
20260724_062158_ADKELW,train
20260724_062158_WACMJJ,train
20260724_062236_DZWDKZ,train
20260724_062333_ZNJQSN,train
20260724_062512_MAMVJS,eval
20260724_062916_DECKJK,train
20260724_063057_ZQMGGQ,eval
20260724_063135_VNVJNZ,train
20260724_063342_GCKEGY,train
20260724_063637_SCECLC,train
20260724_063841_YLHNPG,eval
20260724_064013_CMGXWH,eval
20260724_064056_FMBVHA,train
20260724_064424_UCQLNJ,train
20260724_064511_VKSZZD,train
20260724_064548_MEFAUC,train
20260724_064625_NRPAPW,train
20260724_064944_GBZJSA,eval
20260724_065601_YWEZDZ,train
20260724_070044_HRFWCS,train
20260724_070124_YHWWUT,train
20260724_070148_YJUPGK,eval
20260724_070428_MBQPAJ,train
20260724_070609_TTJRPC,train
20260724_070704_FCFCMC,train
20260724_070726_RLQSFD,train
20260724_071004_AZSJFA,train
20260724_071121_STZVAU,train
20260724_071206_KLETZP,train
20260724_071345_KJKWKB,train
20260724_071551_LMPTQB,eval
20260724_072506_KSYWVD,train
20260724_072512_YDUGZJ,train
20260724_072533_MGQLZT,train
20260724_072650_WGHKVK,train
20260724_072742_FZEYZR,train
20260724_072812_AAMCZV,train
20260724_072910_UAJKWA,train
20260724_073253_DZZDHW,eval
20260724_073611_RLEYUP,train
20260724_073641_AYJPZY,train
20260724_073646_HWKYBT,train
20260724_074214_NYTXLF,eval
20260724_074519_KMKFVX,train
20260724_074636_YAFDZV,eval
20260724_074933_ZTGMZP,train
20260724_075126_WFDQFD,train
20260724_075853_TUETLX,eval
20260724_075905_BXWHMF,train
20260724_075949_RFKGWT,eval
20260724_080048_QLZCMF,train
20260724_080139_XPVTNN,train
20260724_080259_MTRBZA,train
20260724_080414_LVELKC,train
20260724_080520_ZNJDBH,eval
20260724_080540_GRFALM,train
20260724_080917_PEMRSL,train
20260724_081026_GPKUBL,train
20260724_081105_WDGJLP,train
20260724_081313_XKEBQJ,train
20260724_081316_FXVFYV,train
20260724_081335_FADFYT,train
20260724_081513_LZDDXS,eval
20260724_081851_RNKDQR,train
20260724_082154_EKQRNG,train
20260724_082307_WFLZTX,eval
20260724_082734_EKKNLT,train
20260724_083141_HCQYWG,eval
20260724_083152_XAFZZZ,train
20260724_083307_EPBBPG,train
20260724_083722_CQGXGJ,train
20260724_084109_NDQLAH,train
20260724_084451_USXQSN,train
20260724_085208_REVTHQ,eval
20260724_085657_EVJEPK,eval
20260724_090503_LVSXTK,train
20260724_091203_HKWTEY,train
20260724_091217_QJMEPG,train
20260724_091655_UPVMGL,train
20260724_092227_PPLRVP,train
20260724_092855_ZGLBFM,train
20260724_093030_HPPPEC,train
20260724_093134_XXMQFC,eval
20260724_093905_BPCBAS,eval
20260724_093921_WPPVMT,train
20260724_094122_JEXYJX,train
20260724_094635_KEVSRN,train
20260724_094951_HEMFYD,train
20260724_095015_RBVYXB,train
20260724_095255_WUGNKH,train
20260724_100033_SXSNPH,train
20260724_100459_PQQAJK,eval
20260724_100711_JESXZY,eval
20260724_100723_RQCCQJ,train
20260724_100941_YPLVHY,eval
20260724_101037_BYGKND,train
20260724_101205_TTGQWN,train
20260724_102354_LAYKPY,eval
20260724_102403_MUZDKW,train
20260724_102725_DKXLJP,train
20260724_103324_WSDGPS,train
20260724_103623_UFXYYK,train
20260724_104111_CNUHST,train
20260724_104308_PMVUZU,train
20260724_104428_PVECQU,train
20260724_104526_SQPSMW,train
20260724_104923_CDRLWS,train
20260724_105054_EHQWAV,train
20260724_105300_JEQJAS,train
20260724_105913_DJQUHD,eval
20260724_105921_AZDWMQ,eval
20260724_110109_MVEBKT,train
20260724_110603_CSVUEP,train
20260724_110810_KBNZBW,train
20260724_110823_GVWKXW,train
20260724_111017_VQRCLD,train
20260724_111532_QCUJKN,train
20260724_111824_SDVSXH,train
20260724_112052_QSCZKQ,eval
20260724_112054_VUBXGB,train
20260724_113228_NYNXPC,train
20260724_113417_VGEMAX,train
20260724_113504_AWPLHY,eval
20260724_113711_PEBLYT,train
20260724_114204_PCWZRY,train
20260724_114425_SWUPGZ,train
20260724_114452_DPDZHR,train
20260724_114807_RYFFDB,train
20260724_115259_DLNBWZ,eval
20260724_115609_GUZDDK,train
20260724_120123_PFWZWM,train
20260724_120759_RHXPKZ,train
20260724_121317_GZWEXL,train
20260724_122857_MJSLYX,train
20260724_123138_TCTPBA,train
20260724_123325_HMWLEM,train
20260724_124357_GCUPPC,train
20260724_125427_UTGHVM,train
20260724_130927_RKYRMX,train
20260724_131330_HWPJAS,train
20260724_131335_JFZRPT,eval
20260724_132339_PDTXLL,eval
20260724_132944_LMWDYC,train
20260724_133324_BTBRCG,train
20260724_134113_EYEBCH,eval
20260724_134132_DHAUWS,eval
20260724_135020_BPSYXD,eval
20260724_135233_PLBCSW,train
20260724_135334_YBNQYW,train
20260724_140921_CNPSMU,train
20260724_141051_EWBFYQ,eval
20260724_141239_LWLWME,eval
20260724_142242_EAFBLE,train
20260724_142617_JCCFPG,train
20260724_143306_YRSWVV,train
20260724_143704_SSAHWX,train
20260724_143810_CCUGFV,train
20260724_144053_GHTTVR,train
20260724_150040_QNHLPG,train
20260724_150834_ENMVDS,train
20260724_151452_PHRLNW,train
20260724_152102_SSBUKM,train
20260724_152143_HCCDXK,train
20260724_152244_FHRWAP,train
20260724_153250_DDTJXX,train
20260724_153333_YEKDRJ,eval
20260724_155204_DMPLJX,train
20260724_155848_FHVGKK,train
20260724_185316_DTLLHK,train
20260724_191751_WBMWLW,train
20260724_220332_MHFTCB,eval
20260724_222519_AKNFTT,eval
20260724_223002_PBYPKS,train
20260724_231340_CEFAJH,train
20260724_234102_RPEFUV,train
20260724_234637_GLBRMH,train
20260724_235308_ZAPNFW,train
20260724_235440_NXFQXJ,train
20260725_000053_TKDZBM,train
20260725_000225_MVGMRF,train
20260725_000227_LAWAAT,train
20260725_000408_AGQUGT,eval
20260725_000408_FNGMKE,train
20260725_000509_HSZQTP,train
20260725_000711_QZUHJZ,train
20260725_000934_UVRKRG,train
20260725_001125_NEPBVE,train
20260725_001126_VSHPMQ,train
20260725_001407_ZGEWQL,train
20260725_001442_JMRKKY,train
20260725_001630_TCAMUS,train
20260725_001743_SGZBWV,eval
20260725_001809_BQFWFT,train
20260725_001933_CNMHLB,eval
20260725_002031_JKAFQP,train
20260725_002424_RDULTY,train
20260725_002438_CBCTMK,eval
20260725_002708_JMHVED,train
20260725_003159_UBQWJV,train
20260725_003456_DASCHU,train
20260725_003711_CYLWJH,train
20260725_003739_RXMAKE,train
20260725_003741_DJRFPY,train
20260725_003742_NYELMV,train
20260725_003843_DVXEAD,train
20260725_004012_UDSAHM,train
20260725_004037_LQNQFM,train
20260725_004226_ZMCPGW,train
20260725_004256_MYSYDQ,eval
20260725_004320_BSYSPQ,train
20260725_004355_PLTKDC,train
20260725_004552_VJMWHW,train
20260725_004555_ESKPNT,train
20260725_004558_CXTDLG,eval
20260725_004839_BKDRQA,eval
20260725_005049_QHSGYS,train
20260725_005143_FASJYZ,train
20260725_005226_ZENCCQ,eval
20260725_005335_RFKXLU,train
20260725_005522_PMWBXL,train
20260725_005827_NWGPCA,train
20260725_005833_UTMJQB,eval
20260725_005911_UXUXNV,train
20260725_010057_ZGTUKU,train
20260725_010218_HNYJFS,train
20260725_010416_LPXPXU,train
20260725_010643_DENKQJ,train
20260725_010828_QQJHBS,train
20260725_010852_FBAXAP,train
20260725_011032_AHTHHQ,train
20260725_011309_LTNTAX,train
20260725_011330_NAKMET,train
20260725_011501_CUENBL,train
20260725_011711_ENDMCG,train
20260725_011748_KYVCTN,eval
20260725_011758_YYHTGK,train
20260725_011914_CCNQYY,train
20260725_012307_VXLEFX,eval
20260725_012347_PZMEHP,train
20260725_012534_EWBZLS,train
20260725_012722_GWTZDC,train
20260725_013044_PLADZY,train
20260725_013133_PXQSRM,train
20260725_013239_KJDFYT,train
20260725_013313_UGUTEQ,train
20260725_013422_BQEDPU,train
20260725_013436_DQXMBQ,train
20260725_013634_MUAGEV,train
20260725_013724_BQRZBY,eval
20260725_013958_BGFYSU,train
20260725_014034_HRZFLP,train
20260725_014141_JRYRAC,train
20260725_014657_CPSEGG,train
20260725_014721_PNRWYF,train
20260725_015235_DMDEGA,train
20260725_015322_NYVPSC,eval
20260725_015333_PFCWPK,train
20260725_015718_MWPMWJ,train
20260725_015900_AGMYTN,eval
20260725_020235_WTXGRB,train
20260725_020654_VZSHRC,train
20260725_020907_KMNVVH,train
20260725_020918_UTUKGH,train
20260725_020951_JRCXXE,train
20260725_022117_RCFLEM,train
20260725_022121_THFYMW,train
20260725_022350_MANUFR,train
20260725_022415_DARBLE,train
20260725_022442_ZQKCJH,train
20260725_022444_YMRAND,eval
20260725_022736_VPMCHV,train
20260725_023120_VNZEGF,train
20260725_023426_MSPGAE,train
20260725_023444_TSATHL,train
20260725_023600_VDRQCF,train
20260725_023728_STHQRT,train
20260725_024011_RZFZLA,train
20260725_024354_DKNWZE,eval
20260725_024549_DVRAAC,eval
20260725_024647_EAPPKQ,train
20260725_024802_BCDHVU,train
20260725_024822_GFVAHW,train
20260725_025009_QFXXPE,train
20260725_025154_RJWAJQ,train
20260725_025536_JFWBQK,eval
20260725_025735_BUNGRM,train
20260725_025837_NJDJNZ,train
20260725_030006_QEEKHW,train
20260725_030035_YAPJNT,eval
20260725_030304_NKMLHU,train
20260725_030458_QWLLDV,train
20260725_030705_PQPXVH,train
20260725_030830_MZMTYL,eval
20260725_031103_JPWDQW,eval
20260725_031218_TBFJRZ,train
20260725_031502_BJBQDY,train
20260725_031624_SAQLJE,train
20260725_032425_WCMJPH,eval
20260725_032456_QEULML,train
20260725_032950_RMPCCF,train
20260725_033512_SDKQAY,train
20260725_033625_MVLPYY,train
20260725_033742_BJUUCS,eval
20260725_033812_HDELQY,train
20260725_033900_DLNMQM,train
20260725_034129_XGDSRE,train
20260725_034627_XLDDVJ,train
20260725_035330_MTNDKW,train
20260725_040313_HWPQZG,train
20260725_041007_YBFFYT,train
20260725_041214_DZTYHT,train
20260725_041600_SCBSHH,train
20260725_042234_YTTMQW,train
20260725_042406_YVTAAG,train
20260725_042944_GSSZQJ,train
20260725_043210_WBGNZA,train
20260725_043523_ZERNZU,train
20260725_044123_LABYAG,train
20260725_044226_CMCJRH,train
20260725_044421_YXPKQS,eval
20260725_044506_DWHEQK,eval
20260725_044615_TFSMZM,train
20260725_044643_ZRWDUL,train
20260725_044809_ASEYFZ,eval
20260725_045159_JYSMRR,train
20260725_045232_DCEDRC,eval
20260725_045338_BGBSPE,train
20260725_045348_LUCLES,train
20260725_045408_EQQCHV,train
20260725_045419_CFASGU,eval
20260725_045503_FBETVK,eval
20260725_050024_HEWNAR,train
20260725_050029_EYNCEY,train
20260725_050235_FGNPLX,train
20260725_050955_ALGXHJ,train
20260725_051127_ECJUDV,eval
20260725_051235_UKZZDP,train
20260725_051524_DYXCHT,eval
20260725_051950_CBWZFD,eval
20260725_052210_WGCLLF,eval
20260725_052843_LHEVGT,train
20260725_053146_CMMCXT,eval
20260725_053427_HEYFKT,train
20260725_053531_HUFHAC,train
20260725_053612_KGLWAK,train
20260725_053842_XSGPYJ,train
20260725_053906_VXJKSA,train
20260725_054037_ULDVAW,train
20260725_054120_QTEMEE,train
20260725_054150_SPAYHW,train
20260725_054253_REXTCE,eval
20260725_054421_DBVDQF,eval
20260725_054707_TFCSEC,eval
20260725_054722_AKUGPP,train
20260725_054950_LLCTGE,train
20260725_055019_KSYXSL,train
20260725_055124_QGPKUA,train
20260725_055130_PHNRPG,train
20260725_055227_ZXCNLG,train
20260725_055234_TNSCUR,train
20260725_055316_FWXCPG,train
20260725_055419_ZBLYFF,eval
20260725_055631_BVSNWV,train
20260725_055701_KZPGUD,eval
20260725_055840_UZPSTZ,train
20260725_060027_UAEWMH,train
20260725_060044_NXRKAY,train
20260725_060143_KYDHLT,train
20260725_060527_UGHXWZ,train
20260725_060537_WAFXXN,train
20260725_060642_LQWDDP,eval
20260725_060800_AKBYRN,train
20260725_060819_FQBSVS,train
20260725_061032_NNZSTQ,eval
20260725_061111_BWFHNS,eval
20260725_061145_KWTJVM,train
20260725_061236_HMXRKF,eval
20260725_061545_DBDZBC,train
20260725_062031_BBGLFQ,eval
20260725_062158_UPKEAB,eval
20260725_062159_LWMJHU,train
20260725_062323_FUSHYL,train
20260725_062357_JHAGDQ,train
20260725_062557_FRPWPE,train
20260725_062726_KLJSZD,train
20260725_062815_JWPHLP,train
20260725_062952_YTBPMB,train
20260725_063101_EYJSTX,train
20260725_063410_CMNHKT,train
20260725_063428_CVVGLZ,train
20260725_063517_GAPLWC,train
20260725_063643_WLGQSD,train
20260725_063650_MPMZAF,train
20260725_063849_VUWVHG,train
20260725_064859_HSPDUA,eval
20260725_065032_RLETFF,train
20260725_065240_NAVCAM,train
20260725_065417_QAAGWU,eval
20260725_065532_KFEQHB,train
20260725_065618_XKJNPC,train
20260725_065815_BRHBYB,eval
20260725_070049_VGCTDL,train
20260725_070202_RVSLDQ,train
20260725_070416_MBZCMZ,train
20260725_070533_TZMVFX,train
20260725_070552_WYZWDB,train
20260725_070956_NFDQXG,eval
20260725_071153_PQENUW,eval
20260725_071635_LVZJAL,eval
20260725_071708_SHJFQX,train
20260725_071712_GUVRHS,train
20260725_071800_FKCHFK,train
20260725_071900_ULKFKB,train
20260725_072057_MMYBNV,train
20260725_072526_CVSCLJ,train
20260725_072630_RZHHVE,train
20260725_072743_RBPTUY,train
20260725_072758_HQUTHJ,train
20260725_072922_LWWHEK,train
20260725_073158_UHQLYQ,train
20260725_073502_VERYRR,train
20260725_074039_KSDQTS,eval
20260725_074130_TNEMWY,eval
20260725_074325_BZYGSW,eval
20260725_074513_HLHQYN,train
20260725_074701_DQKQJF,train
20260725_074731_FKVLHK,train
20260725_074838_ZGCNTY,train
20260725_074859_RYCXDW,eval
20260725_075033_QSTAZN,eval
20260725_075634_SBGYTC,train
20260725_080133_JRZEDQ,train
20260725_080844_XJUBZG,train
20260725_081040_GQKGQZ,train
20260725_081123_PASLZZ,train
20260725_081309_HSBSNU,train
20260725_081920_CVBNDK,train
20260725_082204_EWXVTP,train
20260725_082738_BPGCKV,train
20260725_082757_LRTHXS,train
20260725_082924_CEEUAH,train
20260725_082952_CZZCVE,train
20260725_083711_NUPJPN,train
20260725_083725_KUYJMD,train
20260725_083742_USHCYL,train
20260725_083916_GCMJAJ,train
20260725_084143_FLCNQX,train
20260725_084348_LZWQCB,train
20260725_085049_TEPLMJ,train
20260725_085141_JCTPCH,train
20260725_085750_SJBUHE,eval
20260725_090050_UBFHNQ,train
20260725_090917_ZRCTGH,train
20260725_091006_FNRPRR,train
20260725_091015_KBQBPL,train
20260725_091041_PZUTCP,train
20260725_091229_FGFHDM,train
20260725_091352_CHGRFV,train
20260725_093041_USRJSV,train
20260725_093105_UNRGTM,eval
20260725_093126_NYSCBZ,train
20260725_093329_RXLBMH,train
20260725_093559_KMVCZE,train
20260725_093729_UPMHXC,train
20260725_093734_TXVAXT,train
20260725_094142_MHJAAQ,train
20260725_094146_PDXWDX,train
20260725_094301_BCHAAW,train
20260725_094336_LHPFCS,train
20260725_094641_ULZHAJ,eval
20260725_094843_QJAZRR,train
20260725_095542_CZKKKC,train
20260725_095803_WZRVKY,train
20260725_100025_TFZQTG,train
20260725_100349_USBMYF,train
20260725_100609_BEBSCD,eval
20260725_100842_QNRXZW,train
20260725_100923_EKCATZ,train
20260725_101543_SCQVUJ,train
20260725_102143_AGYMNW,train
20260725_102150_ADSHUP,eval
20260725_102341_EXBFYX,eval
20260725_102753_TPNFVL,eval
20260725_103351_CTLAAB,train
20260725_103501_JSXJSW,train
20260725_103626_KYPDEP,eval
20260725_104421_KEGQDU,eval
20260725_105203_UEQSKH,train
20260725_105733_VYPMBP,train
20260725_110246_TBKGVH,train
20260725_112440_WQBGRV,train
20260725_112755_GWMMVH,eval
20260725_113031_DMBYJB,train
20260725_113120_JMKZLJ,eval
20260725_113211_XMPPGE,train
20260725_113838_GVSMSV,train
20260725_115306_KUTAUS,train
20260725_120344_NJYWCF,train
20260725_121318_PSLAGQ,eval
20260725_121756_HPFDSS,train
20260725_121818_RFNFGZ,train
20260725_122002_KDJATZ,train
20260725_122425_YTWUUJ,train
20260725_122717_SUSWVJ,eval
20260725_123721_ZQZQBL,eval
20260725_130814_RAMGZB,train
20260725_132931_QYJSLS,train
20260725_134433_QAXHXB,train
20260725_134705_BJNKJH,train
20260725_144313_YVGHLZ,train
20260725_150529_BHMRHZ,train
20260725_151919_HCRXUV,train
20260725_155504_UHEGWQ,train
20260725_161532_JDMCMB,train
20260725_202923_TGMMCG,train
20260725_222751_UZLYUR,train
20260725_223016_QPEMDV,train
20260725_225659_XYZUGB,train
20260725_230200_SGBDJP,train
20260725_232301_TCTDXH,train
20260725_233013_CKUZME,train
20260726_000343_GESXHX,train
20260726_000655_NHDVVT,eval
20260726_001000_LFCRAA,train
20260726_001103_JXXBDV,train
20260726_001139_EYNDQY,train
20260726_001246_LAFQBE,eval
20260726_001451_VTXAWY,train
20260726_001755_DDAKGU,train
20260726_001845_UUWTKF,train
20260726_002419_WENBPX,train
20260726_003256_CRUXPN,train
20260726_003306_PUHCGY,train
20260726_003741_HSXZGU,train
20260726_003834_KXKSLF,train
20260726_003914_DFHEHJ,eval
20260726_003950_RZFNPR,train
20260726_004654_WMZCSV,train
20260726_004736_GJQRFF,train
20260726_004953_NTANQE,train
20260726_005052_FYWLEF,eval
20260726_005126_TQFDTE,train
20260726_005504_LQYYYL,eval
20260726_005515_CNWLGC,train
20260726_005843_DFACVC,eval
20260726_005949_BQAHLS,train
20260726_010101_EDNAND,eval
20260726_010130_MLRCPU,eval
20260726_011452_FMQPBT,train
20260726_011904_VSTXWP,train
20260726_012431_VSHFMB,eval
20260726_012623_BHZZAF,train
20260726_012812_LBVMRN,train
20260726_013015_PMUXFK,train
20260726_013312_FWWTNQ,train
20260726_013420_MQFBQF,eval
20260726_013505_AEPSEU,eval
20260726_013641_QXXMRS,eval
20260726_014100_WVKJNL,train
20260726_014334_RVSLEW,train
20260726_015041_DLJWAB,eval
20260726_015350_VXTJSX,train
20260726_015353_PBEVNC,train
20260726_015536_XGGTKW,train
20260726_015914_DFHEQB,train
20260726_020658_XJSNDA,train
20260726_020740_NTFMBA,train
20260726_021017_YWQFRR,train
20260726_021831_XHRGYH,train
20260726_021943_YDNFEU,train
20260726_021948_LWDRRL,eval
20260726_022303_NVHHLY,train
20260726_022412_NCCYEJ,train
20260726_023020_GZUYKU,train
20260726_023034_HJHUXA,train
20260726_023536_QLCKFS,train
20260726_023654_JUNVLF,train
20260726_023821_HSMGPW,train
20260726_024101_LFPVWZ,train
20260726_024218_WNKRPW,train
20260726_024229_SWBWNN,eval
20260726_024311_GVKULU,eval
20260726_024817_DFLBHP,train
20260726_025138_RLYKRT,eval
20260726_030507_EHKKYG,eval
20260726_030536_QEYDBS,train
20260726_030613_YFBEWL,train
20260726_031013_QEFKLG,train
20260726_031501_USXRRN,eval
20260726_031559_FGHMPQ,train
20260726_032328_ABRLYS,eval
20260726_032740_DRGKHX,eval
20260726_033124_JBCGUA,train
20260726_033442_SKDCHW,train
20260726_033702_MXATGR,train
20260726_034540_KQDHJQ,train
20260726_034825_LWZBFZ,train
20260726_035050_BXKHGL,train
20260726_035716_LJLKSQ,train
20260726_041042_HMTPWS,train
20260726_041148_HKPUET,eval
20260726_041635_CZPXWQ,train
20260726_042509_ADKEXE,eval
20260726_042900_RWPDYZ,train
20260726_044854_XYMFKB,train
20260726_044955_UYQJGU,train
20260726_045005_HPSENK,train
20260726_045323_JQHNUG,train
20260726_045411_ZWKWUW,train
20260726_045711_NRSLAF,train
20260726_050527_WCECSU,eval
20260726_050700_FCHVHZ,train
20260726_050800_CLDWHH,train
20260726_050801_RWQKWX,train
20260726_051122_KFTMCA,train
20260726_051443_KJMHDS,train
20260726_051611_HJFXZK,train
20260726_052049_VTQTFW,train
20260726_052251_JENHCQ,train
20260726_053046_KDVNNJ,train
20260726_053511_XLWGSU,train
20260726_053558_WNHLTC,train
20260726_053625_RAYVMA,train
20260726_053732_LDYKDX,train
20260726_054155_PCWZTA,train
20260726_054710_HMRQMP,train
20260726_055054_MLBGBM,train
20260726_055224_GDQLNB,eval
20260726_055503_SRGTFT,train
20260726_055720_XWQFMD,train
20260726_060647_NHFQBE,train
20260726_061702_ACQQSL,train
20260726_061927_RAWMES,train
20260726_062200_QTYFQX,train
20260726_062451_AFFAMD,train
20260726_062635_HRUCHX,train
20260726_063037_GKNDEE,train
20260726_063310_SQKUZR,train
20260726_063322_JDVGUY,train
20260726_063521_VWALPR,train
20260726_063558_LVMCNS,eval
20260726_063846_UDNYQQ,train
20260726_064627_RJLYBK,train
20260726_065025_ZDBLBR,train
20260726_065244_KCPEGV,train
20260726_065822_VAPKDA,train
20260726_070006_MQRLCH,train
20260726_070029_EDCYYS,train
20260726_070250_NCCQSL,train
20260726_070406_AZKSFH,train
20260726_070915_YNULGT,train
20260726_071154_TUHURD,train
20260726_071452_FFQZEY,train
20260726_071515_DUJRUM,train
20260726_071541_GLDCFS,eval
20260726_071728_TZSKEN,train
20260726_071811_RWFJPD,eval
20260726_072123_EMKYFA,train
20260726_072221_AFDEPN,train
20260726_073004_QQASRV,train
20260726_073112_HQDMZF,train
20260726_073112_YCBEMY,train
20260726_073202_XRUTPL,train
20260726_073627_ENWLXG,eval
20260726_073928_FTVUFY,eval
20260726_075632_TAXVSJ,train
20260726_080218_ELHLXG,train
20260726_081425_XMMPCK,train
20260726_081912_NSXWJC,train
20260726_082824_SLZAZF,eval
20260726_082842_JQCMLW,train
20260726_083714_EZTKER,eval
20260726_084607_CGECER,train
20260726_085424_ZQKSGW,train
20260726_085726_GVLVWW,eval
20260726_085857_NFAXVF,train
20260726_090200_AYVSDJ,train
20260726_090700_BHLGGC,train
20260726_091253_WJKBLP,train
20260726_091512_TLFFFD,train
20260726_092501_ABJXGS,train
20260726_092924_XECCJQ,train
20260726_093042_ZJTNAH,train
20260726_093121_GDDSUA,train
20260726_093750_MBCSKY,train
20260726_094102_CABXFA,train
20260726_094652_BYZZAZ,train
20260726_094915_DTXKPB,train
20260726_095609_MCZXUA,train
20260726_095621_UFNGZN,eval
20260726_095628_LSJKUK,train
20260726_095638_YJWVQN,train
20260726_100300_SUZZBR,eval
20260726_100346_CRVAUS,train
20260726_101618_QDXSXJ,train
20260726_101709_RYDUDE,eval
20260726_101731_FZGEHM,train
20260726_102230_LLJLFN,eval
20260726_102302_DTZUMH,train
20260726_102601_LPNKAA,train
20260726_102954_FPNJJH,train
20260726_103433_JUQXTF,eval
20260726_103626_BEBSZN,train
20260726_103811_VTKNKX,train
20260726_104256_SVSXUB,train
20260726_110253_FJJYJV,train
20260726_111103_ZJEZZN,train
20260726_111214_MMWWXU,train
20260726_112554_QWWRYC,eval
20260726_112637_CFCWKS,train
20260726_113734_EYYLWC,train
20260726_115222_BRAEHV,train
20260726_115251_ZRGBKD,train
20260726_120517_WHAUEU,train
20260726_121006_HUJFJJ,train
20260726_121504_FSJJRG,train
20260726_121650_YHSNDM,train
20260726_122027_LQMHZT,eval
20260726_122207_KXZHTL,eval
20260726_122622_NDUMQY,train
20260726_122940_SFVBPM,eval
20260726_124356_NNSNRN,train
20260726_125033_YPWQNB,train
20260726_125416_AFBJCP,train
20260726_125944_MDYXJZ,train
20260726_130544_KJFJMU,train
20260726_133711_SBGEUW,train
20260726_140412_SDBVZS,train
20260726_141345_GBLMBF,train
20260726_152333_VEGECS,train
20260726_174239_GMYQRF,train
20260726_221222_DXWUYN,train
20260726_221956_BNTRFG,train
20260726_222436_NXMSEB,train
20260726_223205_TULQLM,train
20260726_223219_SKEALX,eval
20260726_224250_FDGYQG,train
20260726_225245_ADBBGZ,train
20260726_233204_LZUPNZ,train
20260726_233701_RQZNUJ,train
20260726_234359_QNZDKP,train
20260726_235053_DGNHNQ,train
20260726_235421_APNTZZ,train
20260726_235654_DEBRXF,train
20260726_235702_MSNYRH,eval
20260726_235754_FXFVQA,train
20260727_000249_CMFPEG,train
20260727_000545_EFRXVR,eval
20260727_000708_SZTTLY,train
20260727_001125_BYMLLB,eval
20260727_001214_LJBWRE,train
20260727_001242_RHEBEX,train
20260727_001619_PPWJSW,train
20260727_002103_CNSTEN,train
20260727_002218_JDHZTL,train
20260727_002358_PJQHRC,train
20260727_002425_RSHHCZ,train
20260727_002520_ULKHMU,eval
20260727_002533_HAJYDZ,train
20260727_002548_HYSYYL,eval
20260727_002700_MCAMYT,train
20260727_002719_KCTZVR,train
20260727_002918_VWXUEC,train
20260727_002944_UWMLJF,eval
20260727_003112_PLQQWV,eval
20260727_003256_FMPXYL,train
20260727_003621_FNBTBR,train
20260727_003828_UFQCAV,train
20260727_003828_XHJFSU,train
20260727_004225_QARTYJ,train
20260727_004233_SAVGAK,train
20260727_004239_ZMNSBY,train
20260727_004315_MWFJGU,eval
20260727_004436_LLFQZC,train
20260727_004454_VRJFEA,train
20260727_004905_JXLFPY,train
20260727_005051_NAKARK,train
20260727_005237_NHNNQB,train
20260727_005343_UQUYKB,eval
20260727_005544_EHEEQY,train
20260727_005756_SUVNDM,eval
20260727_010104_ELYBML,train
20260727_010224_ZGMENX,train
20260727_010450_UVFLCZ,eval
20260727_010548_ZRRNSM,eval
20260727_010740_DCMJXV,eval
20260727_010937_CRWCSP,train
20260727_010940_YMMCXA,eval
20260727_011034_SGUCKM,train
20260727_011119_BURWBS,train
20260727_011154_ZCEGBJ,train
20260727_011207_XNQYBT,train
20260727_011358_XBQRAT,eval
20260727_011919_LBMCQX,eval
20260727_011925_WMRKNE,train
20260727_012036_BSHHHQ,train
20260727_012238_QSLDQS,train
20260727_012418_BAGKFH,train
20260727_012447_XGQTCJ,eval
20260727_012640_BZLWQX,eval
20260727_012851_USTCQW,train
20260727_012916_FUHANT,train
20260727_013346_YAXQEE,train
20260727_013526_CNQUXE,train
20260727_014038_SCMZAF,train
20260727_014110_DSVHLH,train
20260727_014158_DGRJQH,train
20260727_014403_YZPJSV,eval
20260727_014801_RFSETR,train
20260727_015033_AAEPLW,train
20260727_015150_MVSWKN,train
20260727_015331_JDZUDF,train
20260727_015842_FRHBAL,train
20260727_015933_RXBDJC,train
20260727_020509_ANKNMK,train
20260727_020532_CKQHNH,train
20260727_020754_AYUPEC,train
20260727_020855_ALUACK,train
20260727_020910_DMVYVB,train
20260727_021114_XEDETL,train
20260727_021127_DFTEPC,train
20260727_021141_MVGVDR,train
20260727_021422_GYHCUL,train
20260727_021449_JUPDJB,train
20260727_021457_YEFLHT,eval
20260727_021542_DCCWCY,eval
20260727_022126_CUEATZ,train
20260727_022325_RLXTJH,train
20260727_022634_PSFYVJ,train
20260727_022816_VHDURS,eval
20260727_022843_PXHNTB,train
20260727_022938_SHHBDN,train
20260727_022954_YEYBBX,eval
20260727_023018_NFVZDK,train
20260727_023301_WLXDWH,train
20260727_023335_FBCJUD,train
20260727_023750_PPTAHX,train
20260727_023938_HPUNZY,train
20260727_024259_FUFMRM,eval
20260727_024338_TZUQXC,eval
20260727_024633_RUCXEW,train
20260727_024850_QLDZEG,train
20260727_025055_NGTKKS,train
20260727_025121_TSLGXW,eval
20260727_025139_JTZUCK,eval
20260727_025146_DFNFGE,eval
20260727_025147_HQKWRX,train
20260727_025240_AMLCMT,train
20260727_025317_FVFMMY,eval
20260727_025406_MDSFFD,train
20260727_025614_NSHDWL,train
20260727_025737_URUVFG,train
20260727_030016_WSMQNW,train
20260727_030642_ZMMVXG,train
20260727_031435_UEYKHC,eval
20260727_031442_DSYTZL,eval
20260727_031854_ACJKJA,train
20260727_031855_CNGFUE,train
20260727_031932_ZFHJWW,eval
20260727_032052_ZKXZKU,eval
20260727_032543_ZTKLQC,train
20260727_032552_GKVYHM,train
20260727_032624_BVWWNL,train
20260727_032647_APEWVW,train
20260727_032950_RLQVJN,train
20260727_033026_QHGBLN,train
20260727_033156_QFYNMH,train
20260727_033326_LJQAYU,train
20260727_034059_YXCDMT,train
20260727_034505_XKNCET,train
20260727_035316_GZVAMD,eval
20260727_035537_WHBZBN,eval
20260727_040218_CTWCMC,eval
20260727_040315_CTWGNJ,train
20260727_040342_FLPLWN,train
20260727_040417_JLSKVE,train
20260727_040531_HMVWLB,train
20260727_040555_UHXXVZ,train
20260727_040634_MRZHJX,eval
20260727_042544_GXAAYA,train
20260727_043711_CWURNC,train
20260727_044050_BKLGTU,train
20260727_044412_HSEKFK,train
20260727_044854_QSYXWC,train
20260727_044958_LXUETP,train
20260727_045001_YBZFXV,train
20260727_045232_RVTCVW,eval
20260727_045639_EMBKMK,train
20260727_045652_CWPWWX,train
20260727_045820_XPHFLV,train
20260727_045858_XZJJLK,eval
20260727_050158_EUVSTS,eval
20260727_050445_MCBEEL,train
20260727_050532_NQWMXL,eval
20260727_050619_MQXACE,train
20260727_050902_QJKHCM,eval
20260727_051046_WYPUSE,train
20260727_051528_XUKYXE,train
20260727_051855_PJHADD,eval
20260727_051921_ZJSGJD,eval
20260727_052141_HLLCBV,eval
20260727_052311_SUWKSJ,train
20260727_052521_HXRZZJ,train
20260727_052602_QMVTHV,train
20260727_052858_LTZAHS,eval
20260727_052959_QDDZMY,eval
20260727_053019_WZALBC,eval
20260727_053322_BJQNCE,train
20260727_053408_DAWQWW,train
20260727_053437_GBUNZF,eval
20260727_053523_NJTKEM,train
20260727_053558_LKMNRM,train
20260727_053641_GWUKEZ,eval
20260727_053709_XWQEWS,train
20260727_053812_KSPWSZ,train
20260727_053907_ZVWGFQ,train
20260727_054151_SCDMYQ,train
20260727_054349_GMABWC,eval
20260727_054502_DYEYTH,train
20260727_054503_XDQLLG,train
20260727_054611_JYPPAH,train
20260727_054702_MSBYWB,train
20260727_054717_AERKTM,train
20260727_054920_CBFVPN,train
20260727_054924_VSWXHF,eval
20260727_054941_JYCNWW,train
20260727_054942_LENCWJ,train
20260727_055118_NSHJFR,train
20260727_055155_RDNCUJ,eval
20260727_055207_LQZHTB,train
20260727_055232_KYAUQA,train
20260727_055248_RZSCSS,train
20260727_055551_WETHHP,train
20260727_055748_NULYFR,train
20260727_055759_NRFMXL,eval
20260727_055848_HSMLWU,train
20260727_055930_DJUNAC,train
20260727_060049_XSNVDN,train
20260727_060112_DZKKQD,train
20260727_060143_ZLRGTX,train
20260727_060149_PSVXHB,train
20260727_060251_EDJAZF,train
20260727_060342_GQWZXP,train
20260727_060505_JHYZRA,train
20260727_060640_LENHWK,train
20260727_060823_QMRZRZ,train
20260727_060953_QMGBCM,train
20260727_061129_YGKFMG,train
20260727_062239_TNSJTM,train
20260727_062245_TNWUTQ,train
20260727_062331_AMRCQE,train
20260727_062408_PRNHCR,train
20260727_062439_UFPKYC,train
20260727_062623_WDSAFE,train
20260727_062849_VLMEWG,train
20260727_063045_GPXEZN,train
20260727_063124_KZAJDT,train
20260727_064122_JPFLMD,train
20260727_064123_VYAVXE,train
20260727_064455_PFHKFA,train
20260727_064918_LHBGXF,train
20260727_064923_QBJNBP,eval
20260727_065649_DCMJSX,eval
20260727_065754_SRHARC,eval
20260727_070115_PNKQWG,train
20260727_070134_GRBWEY,train
20260727_070429_GKSQGM,train
20260727_070551_ZVFYZS,train
20260727_070650_VRNYKM,train
20260727_070712_KKABWJ,train
20260727_071101_NKLVFC,train
20260727_071607_KDNHNV,train
20260727_071827_LWWRZV,train
20260727_072113_MQZBZP,train
20260727_072907_WZPDWQ,train
20260727_072914_VDGDKJ,train
20260727_073015_BFZQSH,train
20260727_073114_VVJRRP,train
20260727_073210_SFFHRY,train
20260727_073401_EXZJKJ,eval
20260727_073458_AGYWCR,train
20260727_073820_EAETLG,train
20260727_073906_PRXAKA,train
20260727_074022_EAVZHD,train
20260727_074029_DPPVSX,train
20260727_074034_TNWETH,eval
20260727_074041_EBSWLW,train
20260727_074316_USHCKP,eval
20260727_074715_RYFRPR,train
20260727_075159_KRRFKE,train
20260727_075857_AZVFSD,train
20260727_075928_JKWXPA,train
20260727_080041_TXXZQU,train
20260727_080232_QRUMKX,train
20260727_080239_CKPGML,train
20260727_080707_MRWTUB,train
20260727_080953_WFSRDU,eval
20260727_080955_LRJYDS,eval
20260727_081112_HWGRCK,train
20260727_081927_NJXTHJ,eval
20260727_082151_WTFGQM,train
20260727_082635_ZGUKGY,train
20260727_082902_ENHZLX,train
20260727_083108_XEHQCZ,train
20260727_083204_BGEFLU,train
20260727_083307_RSNARR,train
20260727_083531_GPYSQH,train
20260727_083829_DXTXBW,train
20260727_084003_HYNQHT,train
20260727_084452_UZFWVV,train
20260727_085125_PFTUPE,train
20260727_085440_JHRRXQ,train
20260727_085859_JHYLDF,train
20260727_085910_JLUHAV,train
20260727_085916_WTLWMP,train
20260727_090128_CUMTGJ,train
20260727_090425_XYHSCG,train
20260727_090917_FCFRYR,train
20260727_091105_XMGAZP,train
20260727_091119_CLMXQL,train
20260727_091234_LSUKAA,train
20260727_091410_VYSBLM,train
20260727_091430_AUQGWF,train
20260727_092119_DRUGXG,train
20260727_092233_KBJFAQ,train
20260727_092641_QCMDZL,train
20260727_092824_TFXMNU,train
20260727_093248_PHLQZE,train
20260727_093306_NXNELK,train
20260727_094038_QWTNYW,eval
20260727_094240_HCZZTK,train
20260727_094449_HSTCGS,eval
20260727_094449_LXFYWH,train
20260727_094519_SRYACG,train
20260727_095032_WNDHZX,eval
20260727_095929_RVWRMT,eval
20260727_100052_WEFETF,train
20260727_100756_FCUYQH,eval
20260727_100908_ENUSYJ,train
20260727_101016_NQVAYL,train
20260727_101235_KPVJDD,train
20260727_101412_LDFBEJ,eval
20260727_101513_GKHBXZ,train
20260727_101723_WTUSPZ,train
20260727_101834_SSYWUR,train
20260727_102058_LPEFVU,eval
20260727_102158_EHMPVL,train
20260727_102224_RNHXMT,train
20260727_102450_EDPFNK,train
20260727_102608_WPNAWV,eval
20260727_102902_UWYANJ,train
20260727_103015_GFBCTZ,train
20260727_103053_BLGVQJ,train
20260727_104713_MTPGXS,train
20260727_105027_GAUFBL,train
20260727_105731_MKMHBE,train
20260727_105913_XTZFZB,train
20260727_105952_RCGYMX,train
20260727_110025_KAGDMG,train
20260727_110714_XGZMLV,train
20260727_110751_HVJUXA,train
20260727_111307_RPTLLZ,train
20260727_111414_UJCQXJ,train
20260727_111707_DCJREB,train
20260727_111855_RGZQVL,train
20260727_112632_CDKCTJ,eval
20260727_113405_LWWCDD,train
20260727_115313_DUTXBB,train
20260727_115923_FKLWXG,eval
20260727_115955_NANAQQ,train
20260727_121449_YKXASG,train
20260727_124332_EDPRYB,train
20260727_124428_DNBWRL,train
20260727_131408_WTSYYP,train
20260727_134358_EHWFDU,train
20260727_135850_EQHSTF,train
20260727_140527_KZKDLS,train
20260727_141519_LVEBTC,eval
20260727_142419_KFAPXZ,train
20260727_144747_TFQLQA,train
20260727_151541_GUFNPR,train
20260727_153215_WPAYZT,train
20260727_224237_TVDCWK,eval
20260727_225808_YPFNKA,train
20260727_233301_FTRBAF,train
20260727_235623_PNFBAH,eval
20260727_235858_SAEPNJ,eval
20260728_000110_AEQCBV,train
20260728_000138_HUSGLD,eval
20260728_000228_KFURCT,train
20260728_000336_TWVVRS,eval
20260728_000612_WXKUAJ,train
20260728_000620_ASFQNS,train
20260728_000624_EMSBTP,train
20260728_001054_PDCFLW,train
20260728_001138_VLKGEL,train
20260728_001348_BRPMPY,train
20260728_001501_PMTZXF,train
20260728_002001_WRBSTX,train
20260728_002125_ZZFSXN,train
20260728_002223_HYNTLE,train
20260728_002429_EMTTMX,train
20260728_002431_VSDCMQ,train
20260728_002518_FBQYUE,train
20260728_002948_KTVYKB,eval
20260728_003145_EWYGPR,train
20260728_003225_CFUHNC,train
20260728_003243_WMLVRP,eval
20260728_003340_RUYUDP,train
20260728_003545_RZSAVF,train
20260728_003619_KSDZYN,train
20260728_003848_RVRPGK,train
20260728_004000_JXWLTL,train
20260728_004016_LXANDT,train
20260728_004101_QMMQMP,train
20260728_004254_SVWHZT,train
20260728_004318_UCZCVV,eval
20260728_004500_KAMECN,train
20260728_004725_KRPPNB,train
20260728_005054_DPRRKR,eval
20260728_005105_TLYHRJ,eval
20260728_005131_XPWPKH,train
20260728_005233_WFZLJD,train
20260728_005302_NKCXZT,train
20260728_005331_JXZKHU,train
20260728_005424_UDYERG,train
20260728_005440_UTCWGP,train
20260728_005448_ERFVSX,eval
20260728_005518_DNPYJE,train
20260728_005538_ZRNEWG,train
20260728_005722_WAFVYS,train
20260728_005815_LSXRMV,train
20260728_005921_ASWADX,train
20260728_010022_WGQJXN,eval
20260728_010305_WQUGWP,train
20260728_011125_HUUSRC,train
20260728_011155_EJNWLP,eval
20260728_011356_AXXNLP,train
20260728_011501_NLERQE,train
20260728_011553_CLFPYQ,eval
20260728_011628_AMCXEY,train
20260728_011701_WANFXG,train
20260728_011704_JNKEWD,train
20260728_011722_RVKKES,train
20260728_011740_MBLVYQ,eval
20260728_011856_FMLXHR,train
20260728_012702_NVCPMC,train
20260728_012756_RVCSHG,eval
20260728_012826_FAHYSL,train
20260728_012832_TQLRGW,train
20260728_013042_GESNTX,train
20260728_013438_NKYRXG,train
20260728_013718_ETRXQX,train
20260728_013802_ABSKCN,train
20260728_013942_ZWJSFE,train
20260728_013948_SRXLBW,train
20260728_014011_PWUYYE,train
20260728_014116_XAXHEM,train
20260728_014120_VFERHL,train
20260728_014129_GRFXWK,eval
20260728_014529_QAYEXZ,train
20260728_014552_VXDAXA,eval
20260728_014647_TQCTLR,train
20260728_014732_EJWMXB,train
20260728_015034_QSNLZB,train
20260728_015130_TDUZHG,train
20260728_015212_EKUUNK,eval
20260728_015312_GHQJBT,train
20260728_015639_CNPEWL,eval
20260728_020324_FSSZZK,train
20260728_020523_QADSVP,eval
20260728_020605_UNUGJX,train
20260728_020627_KTPKPT,train
20260728_020757_SQXHTR,eval
20260728_020801_VMMCRS,eval
20260728_020953_RCQMVE,eval
20260728_021311_SQFDVZ,train
20260728_021413_SBAPKP,train
20260728_021643_SYRCJU,train
20260728_022159_MDNUJK,train
20260728_022242_TUJLBH,train
20260728_022550_SMHTYL,eval
20260728_022654_XEQDVZ,train
20260728_022941_ZKBJEU,train
20260728_023033_THMZFU,eval
20260728_023157_JUHKZA,eval
20260728_023223_SAWAFF,train
20260728_023311_EJENZQ,eval
20260728_023855_XCSZKZ,train
20260728_023917_FKNRVU,train
20260728_024024_ZKJUWT,train
20260728_024038_CSFGQS,train
20260728_024113_JTKAVV,eval
20260728_024120_SBTYJY,train
20260728_024121_CALCEJ,train
20260728_024452_BHYYQM,train
20260728_024534_JTWNEU,eval
20260728_024552_PRZKFL,train
20260728_024732_GNLWUE,train
20260728_024845_DEBZZV,train
20260728_025108_QHCHWK,eval
20260728_025149_RPEDTY,train
20260728_025223_JPWZDA,eval
20260728_025423_LMSAJB,eval
20260728_025458_PNMWFV,train
20260728_025642_JVNQWS,train
20260728_025716_LQCKGH,train
20260728_030037_PJPZYB,train
20260728_030326_AVTWSL,train
20260728_030445_PGKCBF,train
20260728_030450_WZSEDW,train
20260728_030607_DZCBUK,train
20260728_030714_CFPGNM,eval
20260728_030955_BDPELW,eval
20260728_031006_ATXBLG,eval
20260728_031035_RHWUCG,train
20260728_031101_ZLSSLU,train
20260728_031242_MAYWHH,eval
20260728_032108_VJDPQL,eval
20260728_032404_NVAKGE,train
20260728_032606_VAYAEL,eval
20260728_032612_VMMVYT,train
20260728_032928_EKEASR,train
20260728_033655_TJUBYN,eval
20260728_033837_GXBBRZ,train
20260728_034322_UYQHFM,train
20260728_034403_BHYTPZ,train
20260728_035226_CLCKGC,train
20260728_035416_EZVYLQ,train
20260728_035747_ZFXSYC,train
20260728_040310_YXYVJB,train
20260728_040345_JDTHGM,eval
20260728_041030_WKMMUY,train
20260728_041109_YBCVGW,train
20260728_041201_CKEGAP,train
20260728_041320_NQRZSC,train
20260728_041654_BJKNDG,eval
20260728_042128_RBDSDH,eval
20260728_043225_SUBCZY,train
20260728_043435_TPSHKJ,train
20260728_044003_ARJPAR,eval
20260728_044230_AGAVRC,eval
20260728_044648_NTESAH,train
20260728_045006_GXKJYF,train
20260728_045849_HPQSQP,train
20260728_050111_PCEKLW,train
20260728_050225_EFHDNZ,train
20260728_050301_GNCYAQ,train
20260728_050420_CSGUBF,train
20260728_050809_CAGLJN,train
20260728_050829_VVRJWF,train
20260728_050919_KHLRCT,train
20260728_051034_RQHULY,train
20260728_051115_BKKKSV,train
20260728_051147_VYLJCG,train
20260728_051401_LCMGXM,train
20260728_051521_UYPWEF,eval
20260728_051621_HNVPEX,train
20260728_051733_QFSULP,eval
20260728_051817_YEMTGU,train
20260728_051841_TCUFPK,train
20260728_051919_PRGZMZ,train
20260728_052056_HKNDQL,train
20260728_052116_CSQUVG,eval
20260728_052118_GTUVCY,train
20260728_052134_UGDEAC,train
20260728_052148_NSSRJW,train
20260728_052232_EZRAMP,train
20260728_052342_PFDZNM,train
20260728_052534_XBSWFE,train
20260728_052715_LWCYCG,eval
20260728_052724_XCGGZG,train
20260728_053006_FYFMLT,train
20260728_053016_WVEBSD,train
20260728_053048_XLQJHA,eval
20260728_053419_LJVJBF,eval
20260728_053419_PLESSX,train
20260728_053514_PVBFXG,train
20260728_053715_GMKJGT,train
20260728_053742_DDDYHF,train
20260728_053938_GUBTHC,train
20260728_054002_ZJEKEX,train
20260728_054010_UGLPSZ,train
20260728_054054_UDYMEZ,train
20260728_054132_AJMZXS,eval
20260728_054140_BEZEVN,train
20260728_054242_BSZSQH,train
20260728_054432_ESPJLQ,train
20260728_054439_EHGCAQ,eval
20260728_054443_MBDWXH,train
20260728_054519_ZBDHDJ,train
20260728_054653_XPJWYB,train
20260728_054710_EZXLJU,train
20260728_054730_FERTDK,train
20260728_054808_FNVTVL,train
20260728_054930_YSDWGP,train
20260728_054933_LHCZBQ,train
20260728_055039_VFJHRZ,train
20260728_055232_AXRQYR,train
20260728_055232_USLANA,train
20260728_055356_WMSAZW,train
20260728_055430_RJSBGM,train
20260728_055517_YXMPCD,train
20260728_055551_MBCKCT,train
20260728_055915_LFMQKV,train
20260728_055956_DXVPXX,eval
20260728_060057_XJAGSU,train
20260728_060309_VKTCML,train
20260728_060345_VSGDCR,train
20260728_060556_JUVMXD,train
20260728_060704_KMJMBN,train
20260728_060708_QSPWDW,train
20260728_060843_SABVCS,train
20260728_060851_ETUWLP,eval
20260728_061006_RAFMNP,train
20260728_061019_KSESKC,train
20260728_061323_NQJNXU,train
20260728_061350_CAVVER,eval
20260728_061525_XZHULL,train
20260728_061649_KTQXSZ,train
20260728_061832_VXNJGZ,train
20260728_061933_USKNBH,eval
20260728_062005_ACJNSL,train
20260728_062036_EVAENM,train
20260728_062042_RWYVSZ,train
20260728_062236_DAFRLZ,eval
20260728_062339_JCTBWY,train
20260728_062350_EKCWPP,eval
20260728_062408_QZCYKU,train
20260728_062416_FHZHLX,train
20260728_062455_NQABAG,train
20260728_062504_NNQYDD,train
20260728_062726_EGMPAF,train
20260728_062735_CCGGRV,train
20260728_062806_MWMHGG,eval
20260728_062930_SFQQJP,train
20260728_063024_DRKSJM,train
20260728_063027_HPYZKU,train
20260728_063135_KCXLVJ,train
20260728_063226_ACNPSX,eval
20260728_063252_JYHECJ,train
20260728_063323_PNJAMF,train
20260728_063455_CBTERQ,train
20260728_063553_PMKBPT,train
20260728_063701_HKWPFQ,train
20260728_063823_HFKVCQ,train
20260728_064009_HBYLDF,eval
20260728_064210_AAFJXA,train
20260728_064227_LLBSCC,train
20260728_064315_LNZMGE,train
20260728_064335_NWAQMM,train
20260728_064505_WCSCPP,eval
20260728_064854_GHSZQU,eval
20260728_064934_YSNYAJ,train
20260728_065333_BVHTYZ,train
20260728_065425_GTYVZK,train
20260728_065557_LYRZMF,train
20260728_065616_BDNQHB,train
20260728_065641_WEGBVH,eval
20260728_065845_BAPHTV,train
20260728_070002_THYWSG,train
20260728_070039_ZAMDAN,eval
20260728_070229_DPJSRW,train
20260728_070425_HLJSMC,train
20260728_071045_QBRRJM,eval
20260728_071105_ZVMFQA,train
20260728_071106_TKYXLW,train
20260728_071203_AVZCYU,train
20260728_071413_RERNUV,train
20260728_071456_VTVWAX,train
20260728_071501_DCFFKK,train
20260728_071503_TENPEX,eval
20260728_071507_BXNAVA,eval
20260728_071640_GWDMCB,train
20260728_071803_SNQGTS,train
20260728_072042_XGKXSX,train
20260728_072227_UWUVBA,train
20260728_072246_STNWZS,train
20260728_072305_FBVKFS,train
20260728_072337_ZSSEEY,eval
20260728_072347_LGKDPF,train
20260728_073014_RSKBWW,train
20260728_073021_NUPQDG,train
20260728_073450_QEJQNM,train
20260728_073630_JPVQJF,train
20260728_073711_QUYNQW,train
20260728_073734_YNQSVS,eval
20260728_073959_CUCBVQ,eval
20260728_074029_EZHGJF,train
20260728_074113_AYQPBG,train
20260728_074206_CEYZEZ,train
20260728_074235_ESBDRR,train
20260728_074947_NNJJAR,eval
20260728_075107_JQZQAD,train
20260728_075153_HXEEXH,train
20260728_075427_NXCMKW,train
20260728_075921_WTWTCQ,train
20260728_075944_PSLAYK,eval
20260728_080340_MAMMXS,train
20260728_080434_WRKUYC,train
20260728_080524_WJEBQP,train
20260728_080723_YGNNEM,train
20260728_080852_XMPYMP,train
20260728_081056_MPHBRK,train
20260728_081209_CLLEMA,eval
20260728_081421_BWPVKY,train
20260728_081634_VLEFAT,train
20260728_082030_SVGZWP,train
20260728_082120_NHKMTQ,eval
20260728_082304_GURZSF,train
20260728_082343_DGBDPU,train
20260728_082559_XESGJK,train
20260728_082611_VUTLVX,eval
20260728_082852_QZMJRD,train
20260728_082953_VESUZU,train
20260728_083020_MQXZKB,eval
20260728_083157_XEZYBR,eval
20260728_083212_SRAXGE,train
20260728_083631_JSXQXA,eval
20260728_083832_YFGSHM,train
20260728_084506_KUCCHK,train
20260728_084712_FAUBTN,eval
20260728_084731_LARCLH,train
20260728_084824_HQRYZU,train
20260728_085342_FDNPTM,train
20260728_085416_PKJGXJ,train
20260728_085435_DRXTLV,eval
20260728_085718_LSJRRW,train
20260728_085803_HUTKPA,train
20260728_085828_XTCJSC,train
20260728_085937_PZACMC,train
20260728_090249_DWMSUZ,train
20260728_090337_LFNVCP,train
20260728_090714_VFAZGN,eval
20260728_090740_UKCTBS,train
20260728_090751_SNZKPD,train
20260728_090809_BYPHMA,train
20260728_090952_SNTRWJ,train
20260728_091030_VSUYEP,train
20260728_091226_UPHWEH,train
20260728_091450_WQSAPF,train
20260728_091539_FQNATZ,train
20260728_092319_KDABPT,train
20260728_092612_JDQYJF,train
20260728_092627_VBWHBU,train
20260728_092756_FATQSH,train
20260728_093441_ZCWFWG,train
20260728_093642_JAVSFD,train
20260728_093946_VWZMCT,eval
20260728_094239_ELYCRM,eval
20260728_095239_ZUGMLU,train
20260728_095823_HBVBYR,eval
20260728_100155_USVZXU,train
20260728_100254_RAXQHF,eval
20260728_100411_PBDMNP,train
20260728_100555_VFZJEY,train
20260728_100743_FRKDCR,train
20260728_100821_LSTQZC,train
20260728_100859_CUBHUG,train
20260728_102305_NXYFCU,train
20260728_102531_YKTAGQ,train
20260728_102827_XTMPSD,train
20260728_102953_HCZWEV,train
20260728_103139_DZQCNU,train
20260728_103611_FJCSUY,train
20260728_104509_LQQGTF,train
20260728_104619_LYZHBU,eval
20260728_105003_MZNQQW,eval
20260728_105223_QJXEEW,train
20260728_110709_TDCYSJ,train
20260728_110840_JSJWVB,train
20260728_111211_JADZAC,train
20260728_111340_PCUVWZ,train
20260728_112028_EEQSPS,eval
20260728_113500_RJDALG,train
20260728_115604_LWDCVU,train
20260728_115636_GXZMZV,train
20260728_115731_YNBSUG,eval
20260728_115903_MELTPS,eval
20260728_120307_XNNBFV,eval
20260728_120759_ZRQPES,train
20260728_122119_LZHLLG,train
20260728_122303_UAGKBQ,train
20260728_122921_QDTRSJ,train
20260728_123419_CURFTS,train
20260728_124243_CYSPWK,train
20260728_124742_VSUUJB,train
20260728_125428_YCRWSF,train
20260728_130944_UTRQKF,eval
20260728_131112_JNBHAV,train
20260728_131650_BRVCQT,train
20260728_132348_KFLGTA,eval
20260728_132350_HSPBDH,train
20260728_132416_GTNUPB,train
20260728_132453_QVETYA,train
20260728_132557_BPWUQQ,train
20260728_133319_FYEHYE,eval
20260728_133443_QDRPXQ,eval
20260728_134258_DYNCUY,train
20260728_134413_CZQTHN,eval
20260728_134818_FEFNWP,train
20260728_135204_MWZLTM,train
20260728_135700_TDCXTL,train
20260728_135742_PQTEXP,train
20260728_140018_YKEHLV,train
20260728_140229_DMFTPL,train
20260728_140555_LZSGVY,train
20260728_141154_DFRNDV,train
20260728_141909_ANFNNM,train
20260728_142735_CWJWSJ,train
20260728_143048_EPZBGH,train
20260728_143639_FPGNBC,train
20260728_144240_NLSJXE,train
20260728_145703_QGTVLN,train
20260728_151719_CRSFQB,eval
20260728_152205_LCMNYJ,train
20260728_153813_TEPZLG,eval
20260728_153938_NJCQVQ,train
20260728_160403_HSBSZW,train
20260728_162948_JDJPUW,train
20260728_184240_UDVAFA,train
20260728_185221_GGQPSZ,eval
20260728_210746_USYXMA,eval
20260728_213901_BNUNHQ,train
20260728_222949_SVZHRE,train
20260728_224557_EPPAKA,eval
20260728_225138_VNZZWF,eval
20260728_225222_JYUECE,train
20260728_225327_XBKPPA,train
20260728_225801_DGZYYM,train
20260728_231331_KACNQC,train
20260728_232230_XRHARD,train
20260728_232934_YTBLES,eval
20260728_233645_YGVAXJ,train
20260728_234835_ZQWPND,train
20260728_234837_WRAQJB,train
20260729_000147_EELFJN,train
20260729_000408_CCHDPK,train
20260729_000442_KAMAAD,train
20260729_000530_JTSYWN,train
20260729_000530_ZERZQP,train
20260729_001214_MMQCJZ,train
20260729_001512_XEFXNF,train
20260729_001537_YKUEJL,eval
20260729_001737_KXACEY,train
20260729_001748_LYNRLR,train
20260729_001752_NBDWRA,train
20260729_001805_GGNKJD,train
20260729_001809_AVLDHR,train
20260729_001823_LFDJFF,train
20260729_001955_JEAYAQ,train
20260729_002140_AMGRFY,train
20260729_002433_AGSADG,train
20260729_003048_TPEBAL,eval
20260729_003412_UCDEXE,eval
20260729_003458_TSSHRK,train
20260729_003819_LYAUCD,train
20260729_004042_JHBDRX,eval
20260729_004257_ELHBXS,train
20260729_004607_EFDFPQ,train
20260729_004658_QDEASQ,eval
20260729_004819_ALWFEZ,train
20260729_004933_EEXPFU,train
20260729_005010_TGMPFK,train
20260729_005100_YTKHAB,eval
20260729_005107_URDAWF,train
20260729_005544_EXMQAH,train
20260729_005828_JNAFHV,train
20260729_005847_JAHRRH,train
20260729_005920_WNDPJL,train
20260729_010007_FPSFGA,eval
20260729_010327_LKANAE,train
20260729_010555_YSNQXY,eval
20260729_010556_ACTERH,train
20260729_011038_CFQWPR,eval
20260729_011121_UYXRHW,train
20260729_011129_HDWQSJ,train
20260729_011129_MLENBJ,train
20260729_011210_HSUHJK,train
20260729_011252_THGXVZ,train
20260729_011327_NNWSWB,train
20260729_011604_DLSFER,train
20260729_011613_DSTFYW,train
20260729_011753_SLNCDH,train
20260729_011818_FRHQQY,eval
20260729_011843_RYSRMP,eval
20260729_011911_KYHGLU,eval
20260729_011928_ZGYMUU,eval
20260729_012139_RXPHBW,eval
20260729_012255_UNZQAU,eval
20260729_012404_VLJFSH,train
20260729_012510_KWRYFX,eval
20260729_012513_ZLLHTN,train
20260729_012545_TKXKFX,train
20260729_012722_XWWAMD,train
20260729_012725_AURTCB,train
20260729_012731_FAPKKG,eval
20260729_012847_FKSWUK,train
20260729_013008_VNATXH,train
20260729_013106_RRVQZX,train
20260729_013135_LYMANM,eval
20260729_013254_LHCULE,train
20260729_013355_JLKTRL,train
20260729_013959_QCQRDM,train
20260729_014012_UNEGFX,train
20260729_014244_WQQUGY,train
20260729_015021_ELQNHN,train
20260729_015430_EWFWGP,train
20260729_015430_FAJXXA,train
20260729_015431_GTZFNW,train
20260729_015516_QEFUSL,train
20260729_015520_FBFRCV,train
20260729_020056_DVPLSX,eval
20260729_020111_UBRGDT,train
20260729_020136_TKAXKA,train
20260729_020437_WLAJTY,eval
20260729_020452_XVGXBX,train
20260729_020712_HKPSBM,train
20260729_020913_UVVULR,train
20260729_020925_ECMHSW,train
20260729_021042_LLQDCK,train
20260729_021126_ANKRMW,train
20260729_021151_RYVVMB,train
20260729_021355_KEGLLJ,train
20260729_021403_JVQMXM,train
20260729_021406_JNGFCE,train
20260729_021412_WDMARE,train
20260729_021854_UQSZPR,train
20260729_021917_ZYFRZQ,train
20260729_021921_LVVMXC,train
20260729_021959_KUCNQU,eval
20260729_022243_SXDGCH,eval
20260729_022710_PQGXFG,train
20260729_022757_URRNVS,train
20260729_023003_VLXRWU,train
20260729_023019_FFNFDS,train
20260729_023211_ACXULR,train
20260729_023256_ZCZNPL,train
20260729_023315_LZHLZF,train
20260729_023326_ZRGTRN,train
20260729_023846_ZYYPXD,train
20260729_023952_QLJTMX,train
20260729_024215_EHTXUB,eval
20260729_024319_ALRHWB,eval
20260729_024607_VEJXJT,train
20260729_024712_JWEKMA,train
20260729_024936_WHDZBT,train
20260729_025220_EKSMDG,train
20260729_025423_UHNTMW,train
20260729_025651_NYLWCR,train
20260729_025831_PBRCPN,eval
20260729_025906_WFXAYU,train
20260729_030033_MNDWDZ,train
20260729_030509_LRRQHU,train
20260729_030542_BCFCNL,train
20260729_031158_AKMWSM,train
20260729_031225_WYULDK,train
20260729_031229_JDAKCK,eval
20260729_031654_QLDYMR,train
20260729_031717_ZCEDNH,eval
20260729_031825_JWMVUX,train
20260729_031938_SFKSGR,train
20260729_032127_EUYYLB,eval
20260729_032443_CPZSFV,train
20260729_032448_LFDVJX,train
20260729_032605_PRDJRW,train
20260729_032816_FXEWMK,eval
20260729_033225_NTDGYT,eval
20260729_033308_KYZPUZ,train
20260729_033339_AYKZXG,train
20260729_033706_DLLVJS,train
20260729_033813_BTLTAB,train
20260729_034050_WCWDEG,train
20260729_034540_VRSNAR,eval
20260729_034847_KJXNKB,train
20260729_035212_ZPZDVN,train
20260729_035736_DPSRAR,train
20260729_035808_PYTBFU,train
20260729_040056_NKTEQM,train
20260729_040126_DGHMVM,train
20260729_041238_PQHQQY,train
20260729_041259_NZKCXW,train
20260729_041544_KRESMQ,train
20260729_041643_YSFTDQ,train
20260729_041721_FGGFFA,train
20260729_042125_BGLTUG,train
20260729_042225_JCTRZN,train
20260729_042613_HHNRWU,eval
20260729_042658_FGVQCG,train
20260729_042921_UYXUWN,train
20260729_042950_UBFHRZ,train
20260729_042957_XELUZC,eval
20260729_043113_BPXTXA,train
20260729_043153_RLHFVK,train
20260729_043628_XKXRRQ,train
20260729_043649_NJCERX,train
20260729_043906_LGZTAZ,train
20260729_044109_TKVBXB,eval
20260729_044129_MTGMSA,train
20260729_044301_GGUKCL,train
20260729_045214_QLAHZE,train
20260729_045550_HYBNLT,eval
20260729_045611_APLXSF,train
20260729_045738_HXXPKJ,train
20260729_045914_FHUQZE,train
20260729_045931_LYYWBQ,train
20260729_050006_HSKGVT,eval
20260729_050058_XWEPND,train
20260729_050110_AGQYSA,train
20260729_050115_DZQFGC,train
20260729_050257_UALAWL,train
20260729_050343_LPJMWY,train
20260729_050356_FJWSXS,train
20260729_050415_XUVLDR,eval
20260729_050702_CESEQH,train
20260729_050704_XWCKSE,train
20260729_050712_EWJNET,train
20260729_050716_EHEYZN,train
20260729_050813_NKPYCW,train
20260729_050854_MNVNWH,eval
20260729_051001_ZGQRJK,train
20260729_051002_BUEXYN,train
20260729_051214_QFQLEB,eval
20260729_051223_SXMBJP,train
20260729_051259_DDEETV,eval
20260729_051316_CBZTTB,eval
20260729_051335_ZHCSWN,eval
20260729_051409_RUALVB,train
20260729_051437_AULCRR,train
20260729_051823_YJKBBB,train
20260729_052318_XYPGST,train
20260729_052608_MRXMKG,eval
20260729_052637_KKANJH,train
20260729_052718_WAUWEY,eval
20260729_052751_ZJDUZL,train
20260729_052929_WDPZKH,train
20260729_053115_HBRBCA,train
20260729_053117_MQERWS,train
20260729_053501_WDHUWV,train
20260729_053559_NBFBCN,eval
20260729_053744_FBTUSL,train
20260729_053833_WJTUXM,train
20260729_054004_CPLXCB,train
20260729_054456_MTSUWZ,train
20260729_054708_JNNXHJ,train
20260729_054841_GJBCXB,eval
20260729_054917_BGFGVV,train
20260729_054940_MUTMUK,train
20260729_055132_TEYHXE,train
20260729_055228_QDMTNR,train
20260729_055537_ZJHBQQ,train
20260729_055551_VXWKZB,train
20260729_055605_TNEGNB,train
20260729_055919_EYQMTQ,train
20260729_060020_HKTFFH,train
20260729_060113_ABRABF,eval
20260729_060133_HLDGBL,train
20260729_060156_FFAZMM,train
20260729_060513_UNUQHW,train
20260729_060536_YZEFWE,train
20260729_060635_RRHTVE,train
20260729_060656_KEXDZY,eval
20260729_060703_JTRATZ,train
20260729_060918_RMEZWK,train
20260729_061116_XNCYND,train
20260729_061224_BZGWVF,train
20260729_061226_YHEKZN,train
20260729_061503_PRLQSC,eval
20260729_061532_ECCFBQ,eval
20260729_061548_GYPDGT,train
20260729_061620_BXNKVG,train
20260729_061702_UFGWJV,eval
20260729_061730_TJUBCX,train
20260729_061833_TNGUDW,train
20260729_061850_WZKZQG,train
20260729_061906_SSBNTJ,train
20260729_062015_RTHNYE,train
20260729_062245_AZCFTZ,eval
20260729_062248_NDAJWT,train
20260729_062320_EECWRQ,eval
20260729_062447_FYZNRA,train
20260729_062603_KTXNCS,train
20260729_062829_RBDTRD,train
20260729_063018_KAJFMY,train
20260729_063355_CERUFD,train
20260729_063528_XCKKRB,eval
20260729_063855_RDQHFB,train
20260729_064114_TMRETC,train
20260729_064756_QNUKNX,train
20260729_064818_QNQLJC,train
20260729_064913_BRAHFK,train
20260729_065213_RJTUKK,train
20260729_065631_BXQEEX,train
20260729_070005_YYVRPA,eval
20260729_070135_VQJVHU,train
20260729_070242_VKBYGN,train
20260729_070333_NTMEPR,train
20260729_070351_YQEQLY,train
20260729_070455_ZUSYUQ,train
20260729_070605_MUZZAW,train
20260729_070910_SZBFKR,train
20260729_071048_GWQLWU,train
20260729_071128_VJFCXX,train
20260729_071312_NCWZDS,eval
20260729_071453_NTWFML,train
20260729_071628_GPMETL,train
20260729_071819_VLZKGZ,train
20260729_071925_QRWVMC,eval
20260729_072118_KQAVXG,train
20260729_072122_DYWPJE,eval
20260729_072219_NSKZVK,train
20260729_072412_EUCQKQ,train
20260729_072600_HPWEQQ,train
20260729_073205_MCPXFU,train
20260729_073247_ZDEXFN,train
20260729_073621_JAXUSX,train
20260729_074136_HMKRSP,train
20260729_074540_KENWKM,train
20260729_074540_KYHHMQ,train
20260729_074812_XBXLVU,train
20260729_075033_YMTCVL,train
20260729_075050_JYZVRA,train
20260729_075054_REVTMN,train
20260729_075200_HERPDU,train
20260729_075353_UZWJZY,train
20260729_075413_HWPFQJ,train
20260729_075450_JRYTTT,eval
20260729_075533_FSLYZF,train
20260729_080126_JBVPEP,eval
20260729_080415_JPPMAK,train
20260729_080459_GAPUHG,train
20260729_080909_MMUKRJ,train
20260729_081112_CBRKSW,train
20260729_081231_WUBSJH,eval
20260729_081317_EHLFKR,train
20260729_081557_GDRPSQ,train
20260729_081857_SGHBSQ,train
20260729_081933_BGPGJU,train
20260729_082147_TLCUSF,train
20260729_082640_AQKWNZ,eval
20260729_082654_DNRDFV,train
20260729_082714_XGYNRT,eval
20260729_082928_KZPHPB,train
20260729_083058_PQSPLW,train
20260729_083245_UBNDHG,train
20260729_083251_KEDQNG,train
20260729_083309_WKZCJF,eval
20260729_083450_VMEEKG,train
20260729_083544_XHSYVM,train
20260729_083633_ZSZNDW,train
20260729_083859_XZHZHJ,train
20260729_084246_NYTNFC,train
20260729_084432_JUGWHH,train
20260729_090003_KWUFTX,train
20260729_090203_HCKJTM,train
20260729_090314_RQTETQ,train
20260729_090831_QBKREY,train
20260729_091046_YTWJXV,train
20260729_091109_TQLWXM,train
20260729_091431_NFVAGZ,train
20260729_091735_KTVGZD,train
20260729_091746_DSHDGU,train
20260729_092212_BVCBVL,eval
20260729_093334_SQADHN,eval
20260729_093417_GNQPHS,eval
20260729_093638_PRGGYZ,eval
20260729_094209_SFGCEJ,train
20260729_094213_TSKTPH,train
20260729_094439_HMCPSY,train
20260729_094610_PHDNSY,train
20260729_095219_GXKRWT,train
20260729_095511_TVRKPQ,train
20260729_100033_ADEWQL,train
20260729_100300_MQDDMS,train
20260729_100402_QRJYFA,train
20260729_100502_DRQBUR,eval
20260729_100517_PHVPAN,train
20260729_100751_BFJLUM,train
20260729_100930_ASMPSE,train
20260729_101204_BDMMGQ,train
20260729_101446_QJSVAU,eval
20260729_101840_EUPAEF,train
20260729_102127_LEPYHC,train
20260729_102327_UMXMAM,train
20260729_102603_JSEFJC,eval
20260729_102628_SCVBPG,train
20260729_102645_NGCRQA,train
20260729_103120_HHZEFZ,train
20260729_103243_XKMFSJ,eval
20260729_104123_XWNBFK,train
20260729_104608_XZFNPT,train
20260729_104739_WBCQSG,train
20260729_104759_YWJZFL,train
20260729_110032_ARFQEN,train
20260729_110451_UGZDNS,train
20260729_110607_CEXVXM,eval
20260729_110921_MFVTCZ,train
20260729_111004_ZRXUJX,train
20260729_111643_EWXTJJ,train
20260729_112022_CUHWFK,train
20260729_113308_WRVRQP,train
20260729_113318_TTXDFX,train
20260729_113536_UHUVDA,train
20260729_114015_EDNMZF,eval
20260729_114538_PJTBJN,train
20260729_120305_CVKSUZ,eval
20260729_121027_BCEPAM,train
20260729_122709_VGYKAX,train
20260729_123434_CSDSYT,eval
20260729_124122_BBHVEM,train
20260729_125452_SYESQA,eval
20260729_130924_THALSH,train
20260729_131418_NCHNTP,train
20260729_133133_PNVXME,eval
20260729_133313_WJKPFE,train
20260729_134637_NQWYRQ,train
20260729_141153_DLHUSH,train
20260729_141303_KHFKGQ,train
20260729_142813_QZPJUT,train
20260729_144132_PCTBNY,train
20260729_144705_XJQMYL,train
20260729_150136_FAVBTZ,train
20260729_151230_BCCUEA,train
20260729_151433_PWENRU,train
20260729_151435_JDSCGM,eval
20260729_153138_WYETCC,train
20260729_153507_WXRGVZ,train
20260729_163519_DTTEWK,train
20260729_184819_DVKJPE,train
20260729_190508_BCKGRZ,train
20260729_223900_VGYRRN,train
20260729_224340_KYTRAB,train
20260729_225710_XMXTDB,train
20260729_232822_DYRAEY,train
20260729_234222_GQJSNY,eval
20260729_234330_UHJJLL,eval
20260729_234524_SQMJUH,train
20260729_235247_PPNRZN,train
20260729_235400_NNGJNQ,train
20260729_235546_YXJJQP,train
20260729_235803_WMHSTY,train
20260729_235846_YCGBND,train
20260729_235916_NPBVRF,train
20260730_000005_EGCZYL,train
20260730_000317_KUBSQF,eval
20260730_000426_EDTKAK,train
20260730_000429_WYQRTN,train
20260730_000804_KNYVRF,eval
20260730_001012_WMTWHT,eval
20260730_001234_QYRLMH,train
20260730_001319_QVRJXA,train
20260730_001338_AFAZYM,eval
20260730_001640_JZMMRA,train
20260730_001804_XQFQEV,train
20260730_001954_LKYPKC,train
20260730_002014_VGYKML,train
20260730_002224_MUDBTB,eval
20260730_002308_UHLVQD,train
20260730_002312_AAWUAX,train
20260730_002423_YEUPPB,train
20260730_002455_EUSFHX,train
20260730_002558_CTJLES,train
20260730_002853_XLRSLT,train
20260730_002901_VFRCXR,eval
20260730_003008_TJFCBN,eval
20260730_003046_JJUZNV,eval
20260730_003224_DDLZGD,train
20260730_003426_QCVFCR,train
20260730_003456_WWAUCA,eval
20260730_003608_DALRPL,train
20260730_003656_HZXKHL,train
20260730_003706_NMNKBV,train
20260730_003709_THEVQS,eval
20260730_003753_WUJVFS,train
20260730_003849_YQDMRE,train
20260730_003936_JWFLUB,train
20260730_004139_VGSFDE,train
20260730_004339_GMMFPN,train
20260730_004407_XFRVKE,train
20260730_004434_NCYAWX,eval
20260730_004439_SMZFXG,train
20260730_004630_NFTYMG,train
20260730_004702_BTNXQC,eval
20260730_004906_NETJMK,train
20260730_004955_PKTPAU,train
20260730_005044_WJLMGL,train
20260730_005403_JZFJFD,train
20260730_005459_ESXYXR,train
20260730_005522_MVSLCB,train
20260730_005656_NKMQCA,train
20260730_005736_LPWARB,train
20260730_005857_YAANGQ,train
20260730_005922_HTARQY,train
20260730_010502_WZFRSU,train
20260730_010612_BFEYVC,train
20260730_010917_KUSKKF,train
20260730_011112_ZFTAPT,train
20260730_011122_DPRYCN,eval
20260730_011134_SRCBLX,eval
20260730_011322_NKYRSH,train
20260730_011504_HUNTPZ,eval
20260730_011520_JSHYLF,train
20260730_011555_NLLEZJ,train
20260730_011626_JAWGVP,train
20260730_011629_PWBYYM,train
20260730_011852_VAQAAA,train
20260730_012423_SMNXAS,train
20260730_013117_QZYMGE,train
20260730_013145_YJLUQZ,train
20260730_013626_LZPYZD,eval
20260730_013848_WDVYER,train
20260730_014142_YVARBF,eval
20260730_014157_YYPASU,train
20260730_014348_XTSXBL,train
20260730_014500_DNNFCR,train
20260730_014652_KLWWNJ,train
20260730_014831_LZEKXX,train
20260730_014922_PQWCCB,train
20260730_015147_UQWAYP,train
20260730_015451_QPMCHP,train
20260730_015557_FFMBXQ,train
20260730_015625_CJGWAP,train
20260730_015736_FYNVEX,train
20260730_015805_RMCGQV,train
20260730_020058_GXSDDY,train
20260730_020113_HGSZPW,train
20260730_020234_XYZQTW,eval
20260730_020407_ESWFMV,train
20260730_020413_ZUXEJB,train
20260730_020556_FCLZQY,train
20260730_020641_GLYWDS,train
20260730_020734_GXGHMK,train
20260730_020757_QDUKMF,train
20260730_020914_AGSCFX,train
20260730_021010_PYTJWZ,train
20260730_021245_SMBKLJ,train
20260730_021417_CRKNJY,train
20260730_021425_PTHLTX,eval
20260730_021629_JCTTJT,train
20260730_021648_YCUMGU,train
20260730_021936_QEFHXL,train
20260730_022300_HGLZNY,train
20260730_022358_WTBXLS,train
20260730_022424_HDKEHL,train
20260730_022428_JZPBHP,train
20260730_022437_XSTJSL,train
20260730_022525_QVHTMB,train
20260730_022600_SMBUBR,train
20260730_022948_PEMKHT,train
20260730_023418_BLSAGD,train
20260730_023528_RBWMRQ,eval
20260730_023558_MFTZJE,train
20260730_023839_ZWWAEY,eval
20260730_024044_KTSGYS,eval
20260730_024045_TTHBSC,train
20260730_024141_EAWGTY,train
20260730_024445_QRFXMW,eval
20260730_024527_HCLAUR,train
20260730_024848_VBKHBS,train
20260730_024924_RTKTUN,train
20260730_024933_AAMJUE,train
20260730_025026_ELCGMW,train
20260730_025643_YJEJRJ,train
20260730_025913_AJNCJR,eval
20260730_030059_KNUQWG,train
20260730_030118_HSDHUF,train
20260730_030343_ASMNPY,eval
20260730_030833_XRZEMY,train
20260730_031108_GQYYDW,train
20260730_031203_QMWQLP,train
20260730_031516_TBYBAQ,train
20260730_031517_XCEHCP,train
20260730_031618_KDPRMV,train
20260730_031757_PVYWTR,train
20260730_031828_BXZGCZ,train
20260730_032030_ANANEX,train
20260730_032229_DVEBPH,train
20260730_032306_AYPGRB,train
20260730_032322_SLQQVG,eval
20260730_032357_EPTMSK,eval
20260730_032626_EFMFPM,train
20260730_033152_KTBCWV,train
20260730_033328_GLZDHP,eval
20260730_033604_MMWZFF,train
20260730_033643_XPRFHX,train
20260730_033655_ESTSVA,train
20260730_033739_YZGJYA,train
20260730_033924_CXRETZ,eval
20260730_033956_WGHWWJ,train
20260730_034104_FPDSRL,eval
20260730_034230_ZALDQE,eval
20260730_034438_ZCYMZP,train
20260730_034648_FVVVLD,eval
20260730_035335_JAHTAK,train
20260730_035526_PJZJBP,eval
20260730_035533_JJVQZN,eval
20260730_035901_YTMMZB,train
20260730_040112_QLZZKZ,train
20260730_040147_HYNPVL,train
20260730_040239_SKNKMC,train
20260730_041112_AAYNGM,train
20260730_041730_TCCBBZ,train
20260730_042942_VBKFBB,train
20260730_043021_ZUPXVH,train
20260730_043306_ZRRYXN,train
20260730_043312_WYRKPW,train
20260730_043432_AZQNFQ,train
20260730_043955_SSDVBN,train
20260730_044535_HHREXP,train
20260730_044544_AGCZPX,train
20260730_044640_WFSVWW,train
20260730_044647_WCXFCM,train
20260730_044851_WMMVEB,train
20260730_044905_DRHYJZ,train
20260730_044919_PKJNRU,train
20260730_044937_VNABQQ,train
20260730_044956_LRUBSU,train
20260730_045254_KTBRAF,train
20260730_045632_CXNSVK,train
20260730_045703_MMMXSX,train
20260730_045844_BMKTBG,train
20260730_045912_MVJVVE,train
20260730_045955_QVBYTD,eval
20260730_050112_JWYHWD,train
20260730_050308_VBXRFY,train
20260730_050347_NXUMSB,train
20260730_050407_MMSHLA,eval
20260730_050551_AXJTCL,train
20260730_050620_DPUPYY,train
20260730_050624_CYYDJG,train
20260730_050655_KPYJUH,train
20260730_050759_HJXVLM,train
20260730_050828_XNKZFR,eval
20260730_051101_ZMPRWE,eval
20260730_051206_NWTTDC,train
20260730_051358_NSTWRS,train
20260730_051511_FLQRME,train
20260730_051721_KQCXTQ,eval
20260730_051818_SFUGVK,train
20260730_051852_DPKKJG,eval
20260730_052125_ECEKZJ,train
20260730_052131_KFFQRJ,train
20260730_052144_TDRYUV,train
20260730_052210_KJRJWG,train
20260730_052217_BFVWJT,eval
20260730_052230_NDDHAT,train
20260730_052437_BLYJPA,train
20260730_052501_VZDQXE,eval
20260730_052639_RMVXGZ,eval
20260730_052729_HARHXW,train
20260730_053201_UKNBAC,train
20260730_053217_BPEPGN,eval
20260730_053443_KECFTA,eval
20260730_053703_KTBAFD,train
20260730_053750_LLFVWF,train
20260730_053756_FDDJJS,train
20260730_053851_XXUKFV,train
20260730_054150_PPFFTP,train
20260730_054225_BUWUQP,eval
20260730_054330_APHKVC,train
20260730_054351_KKYVUK,train
20260730_054507_ZBJNAB,train
20260730_054545_YAMNFE,train
20260730_054558_YDACTV,train
20260730_054827_DBGMYM,eval
20260730_054906_JVMYJT,train
20260730_055328_AYEWKS,train
20260730_055450_TNNRDZ,eval
20260730_055510_XHKSJB,eval
20260730_055759_PQJLGS,train
20260730_055811_NZAJKW,train
20260730_060134_FSVHRF,train
20260730_060213_NLKFYZ,train
20260730_060221_FVMBPW,train
20260730_060253_CAEQVD,train
20260730_060507_SKRMWD,train
20260730_060626_KWNLRJ,train
20260730_060708_YHMRMM,train
20260730_061019_XBQRSP,train
20260730_061053_NXHJRV,train
20260730_061207_GNXSCN,train
20260730_061232_LXEQEP,train
20260730_061526_RANCRK,train
20260730_061814_JRNPCM,train
20260730_061926_EAJACH,train
20260730_062028_FLQDDF,train
20260730_062504_VRPDHT,eval
20260730_062715_MPJJBW,eval
20260730_062732_KXBNVB,train
20260730_062910_XCAJGP,eval
20260730_063100_RFBPAD,train
20260730_063157_MSSTUS,train
20260730_063340_XZMQQH,eval
20260730_063751_DYHAAF,train
20260730_063901_ZYWTJY,train
20260730_063956_YWYLHD,eval
20260730_064223_CUQKDR,train
20260730_064403_BWJKKL,train
20260730_064519_BKEQLU,train
20260730_064630_GEKFKR,train
20260730_065228_PPMUBA,train
20260730_065417_TWDQSC,eval
20260730_065656_HMBANZ,eval
20260730_070923_HBXCJR,train
20260730_071404_AJPKBP,train
20260730_071528_GSLDRF,train
20260730_071835_WMMGYF,train
20260730_071914_RSYLEG,train
20260730_072336_SDQXRM,train
20260730_072928_EEZLJJ,train
20260730_073310_UQGGRX,train
20260730_073321_AGSFPF,train
20260730_073624_KYHBYT,train
20260730_073637_LLJNPF,eval
20260730_073811_LXKVTB,train
20260730_073811_TSEENE,train
20260730_073908_FQLDAR,train
20260730_074001_ZAXSGU,train
20260730_074611_VKUHGA,train
20260730_074614_KWTPAE,train
20260730_074630_ZNHDDC,train
20260730_074635_YVVVKJ,train
20260730_075357_GRURFF,eval
20260730_080416_EJSHBQ,train
20260730_080446_QJYBRZ,train
20260730_080524_TTJVER,train
20260730_080627_BULNQM,train
20260730_081201_YATPDR,train
20260730_081229_YPEDRZ,train
20260730_081246_EABGPU,train
20260730_081400_TCASXQ,train
20260730_081807_LFALYR,eval
20260730_081912_ZFBZMK,train
20260730_081916_WVHZVU,train
20260730_082523_MRUFGR,train
20260730_082623_ANWYJG,train
20260730_082630_YNHHWB,train
20260730_082641_TAWYXE,train
20260730_082727_TQEQSB,train
20260730_083227_MNDTTG,train
20260730_083647_PZJSWM,train
20260730_083802_JPMHQR,train
20260730_084136_VYDPUV,train
20260730_084333_QAHTVX,train
20260730_084452_PPFQYP,train
20260730_084738_VESBAM,train
20260730_084805_RPNYGM,train
20260730_084946_MXQQBP,train
20260730_085133_XEDNFC,train
20260730_085244_WRVKAJ,train
20260730_085954_BXEVLC,train
20260730_090006_FVFFKQ,train
20260730_090233_RAKYQY,train
20260730_090905_LBMZXM,train
20260730_090953_DBUFYE,train
20260730_091411_BAKKRA,train
20260730_091542_DVRXDF,train
20260730_091705_HPBJLP,eval
20260730_091822_KYXBSQ,train
20260730_091921_LESJQT,train
20260730_092004_XCZTZB,train
20260730_092106_KCGVTT,train
20260730_092147_YGWFVY,train
20260730_092456_SRCZVZ,train
20260730_092744_RGSMXX,train
20260730_092845_GERQLD,train
20260730_092941_LEZEST,train
20260730_093019_TNZZAR,train
20260730_094310_AHKJHF,train
20260730_094836_RXBQQP,train
20260730_095313_XEUYHH,train
20260730_095810_ZTGHFZ,train
20260730_100043_PUTXUM,train
20260730_100354_TULPCL,train
20260730_100532_TXYQMR,train
20260730_100624_GXLZYX,train
20260730_100701_PNSNKD,train
20260730_100803_QHEXZV,train
20260730_100831_NKYJWE,train
20260730_101243_YFABXT,train
20260730_102143_NSNJRM,train
20260730_102905_KUMKKZ,train
20260730_103418_GDKDSY,train
20260730_104030_SUQBNT,train
20260730_105808_SQCZBN,train
20260730_110019_HGWKGH,train
20260730_110459_JAXZUC,train
20260730_112345_DUQNYJ,eval
20260730_112359_PQQLDY,train
20260730_112916_SDTVEP,train
20260730_113657_HQYZNU,train
20260730_114237_CPVLVZ,train
20260730_114250_YWNPWZ,eval
20260730_120323_VRSMSS,eval
20260730_120606_QFYWSA,train
20260730_121541_BKMNEA,train
20260730_122147_JFMKCM,train
20260730_131000_FTVAPP,train
20260730_132731_NWUTSN,train
20260730_134910_GPPZTV,train
20260730_135114_VJJNHW,eval
20260730_141850_DRMVSS,train
20260730_142508_EXCNJQ,train
20260730_142955_CWWVQV,train
20260730_144517_FKLPVE,train
20260730_151332_ZMRWDP,train
20260730_153416_NTRJAQ,eval
20260730_153703_SLGKZT,train
20260730_154721_MMMPKG,eval
20260730_190554_CUHRLX,eval
20260730_223742_SPSVLB,train
20260730_224528_MGQFED,train
20260730_225841_GGFCAT,train
20260730_230158_JXWDGT,train
20260730_231042_JZUPPH,train
20260730_232315_LJVUST,train
20260730_232629_LXEYJF,train
20260730_233434_ETLXEX,train
20260730_234619_FHDYCF,train
20260730_234717_LGSCUN,train
20260730_235236_BCDNFB,train
20260730_235239_ATHJSV,train
20260730_235451_FCKHXT,train
20260730_235519_WPMYKM,train
20260730_235737_AKTZPY,train
20260730_235828_NAAHKM,eval
20260731_000113_PNDYFJ,train
20260731_000250_TLQTSV,train
20260731_000402_TKBCXZ,train
20260731_000443_EDYJMJ,train
20260731_000718_FLHFGC,eval
20260731_000733_QBRXCW,eval
20260731_000818_MWDUCN,train
20260731_000833_YRNJWG,train
20260731_000850_EWCLND,train
20260731_001414_KHJCNZ,train
20260731_001547_NPTPZQ,train
20260731_001702_XVGEUZ,train
20260731_001709_TGREAK,train
20260731_001831_DLADWF,train
20260731_001922_WSSNKL,train
20260731_002109_XHTXCS,train
20260731_002134_DNJDCV,train
20260731_002142_GDRNZK,train
20260731_002237_AUBHMJ,train
20260731_002359_LWSNZR,train
20260731_002417_JQBVLZ,train
20260731_002634_QVECJV,train
20260731_002649_VZWHLT,train
20260731_002910_ABRWQE,eval
20260731_002955_BLVSVE,train
20260731_003007_PNHLQB,train
20260731_003139_FNANLZ,train
20260731_003217_RHUPZK,eval
20260731_003300_XKQSBZ,train
20260731_003307_HHWFSX,train
20260731_003310_MHPJPX,train
20260731_003616_LXSNCY,train
20260731_003705_MSXAEV,train
20260731_003823_LGUKZL,train
20260731_004229_SPLVFM,train
20260731_004413_BGUWMH,eval
20260731_004417_XREWHP,train
20260731_004506_GQKCTH,train
20260731_004622_HGSQYU,eval
20260731_004733_ZVUBAC,train
20260731_004821_ESQSRW,train
20260731_005423_ALHRHY,train
20260731_005600_CJNQTR,eval
20260731_005758_KEBYVG,train
20260731_005945_WFMCZM,eval
20260731_010004_AHFHUX,train
20260731_010024_RHGRYX,train
20260731_010317_PKFZFU,train
20260731_010528_SZRZKC,train
20260731_010751_VSAFVD,eval
20260731_010814_FLMTCN,train
20260731_010931_BWYMUQ,train
20260731_011446_MJGHLD,train
20260731_011505_HCUZUD,train
20260731_011515_FTQTAH,train
20260731_011553_SXQVRB,eval
20260731_011755_VZCJFM,eval
20260731_012007_GFYZZU,eval
20260731_012024_KEFHVU,eval
20260731_012108_XMWSVX,train
20260731_012305_PCMRAW,train
20260731_012308_BULJTE,train
20260731_012438_WWVWHE,eval
20260731_012613_AFFPJZ,train
20260731_012903_JPGJJW,train
20260731_013051_PHCGZN,train
20260731_013117_YKGKKH,train
20260731_013141_JGYMPT,eval
20260731_013224_EVUXPW,train
20260731_013235_LXSXFN,train
20260731_013553_TKEEWN,train
20260731_013631_YCPXLP,eval
20260731_013904_DZRVRJ,train
20260731_014038_DYXLYW,train
20260731_014100_MXKXLX,eval
20260731_014142_JEERQW,train
20260731_014644_HRPVMM,train
20260731_014738_FHMGXB,eval
20260731_014841_QUZWND,train
20260731_015001_ZLLVEK,eval
20260731_015107_XEPQPP,train
20260731_015156_HQTRZD,train
20260731_015511_ARHGFR,eval
20260731_015528_CWTFRA,train
20260731_015854_QHEQHN,eval
20260731_015918_CCQVWU,train
20260731_020016_KQYPBC,train
20260731_020259_DPPCXZ,train
20260731_020306_WSBXYN,train
20260731_020425_CQPCGD,train
20260731_020448_CMADNA,train
20260731_020456_NGFMAC,train
20260731_020539_BLRZBN,train
20260731_020851_UQCUPN,train
20260731_020924_MNMEQZ,train
20260731_021010_WXRJMU,train
20260731_021150_SHJPRL,train
20260731_021307_QVKHMC,eval
20260731_021641_BYAZSX,train
20260731_021710_GYKBYW,train
20260731_021807_XEMXLD,train
20260731_022316_XTTZRZ,eval
20260731_022521_UUQRSW,train
20260731_022523_YQGUZZ,train
20260731_022652_DKRAMH,eval
20260731_023608_VKUUWY,train
20260731_023942_AQNLCT,train
20260731_024112_JXAZFK,eval
20260731_024231_UDPQGW,train
20260731_024259_TZHDSS,eval
20260731_024313_GLJXZW,train
20260731_024722_FBTPEA,train
20260731_025144_HMPQHJ,eval
20260731_025212_HTALUM,train
20260731_025359_WZKAKZ,train
20260731_025541_AZTEWH,train
20260731_030048_QFKUUF,train
20260731_030107_CRAULK,train
20260731_030555_SMZSHE,train
20260731_030602_SCPSBR,train
20260731_030742_ZJTEJT,train
20260731_030806_KAAWKF,train
20260731_030925_ZUJFCZ,train
20260731_030947_GRJZHL,train
20260731_030949_TSGDKV,train
20260731_030958_BGECJS,train
20260731_031607_VSHFMC,train
20260731_031826_TRGSFX,train
20260731_031942_SAVLZD,train
20260731_032219_BPQBRC,eval
20260731_032252_JLGTVQ,train
20260731_032401_EFWEVD,train
20260731_032506_VZHFMC,eval
20260731_032748_GRWUZY,train
20260731_032750_ASHXKM,eval
20260731_032859_AGMSVT,train
20260731_032953_GLHZMQ,train
20260731_033227_JRHGCQ,train
20260731_033239_DBKDLN,train
20260731_033306_LJBQFG,train
20260731_033345_PENVHT,train
20260731_033529_NNDJKU,train
20260731_033843_KSHUNC,train
20260731_033931_JKPWTV,train
20260731_034016_ZGXCCV,train
20260731_034256_SSZFKN,train
20260731_034724_VGDTLS,eval
20260731_035448_ATXFNM,eval
20260731_035613_BMMSLJ,train
20260731_041151_MDVGKH,train
20260731_041517_GCDDPP,train
20260731_041642_ECXCFN,train
20260731_041816_TMHXHE,train
20260731_042150_EWWNLR,train
20260731_042656_FZZPTY,train
20260731_042847_PWTKTE,train
20260731_043117_MKQNVQ,train
20260731_043345_VWDQLL,eval
20260731_043702_HVXXVF,train
20260731_043811_EVHDHG,eval
20260731_043836_XUCFNZ,eval
20260731_043936_NEAPHM,train
20260731_044406_TTAMND,train
20260731_044512_JCBNYX,train
20260731_044642_PQBJKL,train
20260731_045330_AZUVVN,train
20260731_045346_FNCGAX,eval
20260731_045525_DWGCDT,train
20260731_045643_FJDQWQ,train
20260731_050058_ZMUQTV,train
20260731_050330_FPYZNZ,train
20260731_050346_HXJPPB,eval
20260731_050357_HJLGRL,train
20260731_050522_CGQUBM,train
20260731_051009_JUSUBL,train
20260731_051102_DNWTJT,train
20260731_051102_QMDDDF,train
20260731_051330_CTFUYS,train
20260731_051418_FCMELT,train
20260731_051458_LKVFRF,train
20260731_051751_NFJVBT,eval
20260731_051911_FNSGYW,train
20260731_051936_PMHDRX,train
20260731_052048_BVJYMJ,train
20260731_052433_HAXJSQ,eval
20260731_052632_SLYSHD,train
20260731_052720_FPNVLN,train
20260731_052855_NAPZGJ,train
20260731_052955_TUSYKU,eval
20260731_053454_ZTNDXE,train
20260731_053555_XDRCVJ,train
20260731_053659_KWDHNK,eval
20260731_053903_VCVKTF,eval
20260731_053904_RQPYUH,train
20260731_054002_LJKEAA,train
20260731_054043_HGBKLS,train
20260731_054303_AUEHDP,train
20260731_054346_KXRRZJ,train
20260731_054517_ELQWSY,train
20260731_054547_VJHYQS,train
20260731_054715_PTHAEM,train
20260731_054727_YPTPVY,train
20260731_054801_DCKRGH,train
20260731_054924_EZNRBS,train
20260731_054947_KJMJLY,train
20260731_055008_DRGKPH,train
20260731_055015_PUJQHK,train
20260731_055047_WYXRWN,train
20260731_055452_SYQKZQ,train
20260731_055550_HTYNTK,train
20260731_055855_FBVULM,eval
20260731_060124_ZCXUNM,train
20260731_060202_ZCAYNS,train
20260731_060233_EYEPRP,train
20260731_060305_NSFXEB,eval
20260731_060330_WRXGHG,eval
20260731_060357_DSYGQG,train
20260731_060715_NCETAS,train
20260731_060737_AHQGYV,train
20260731_060854_XSWZSV,train
20260731_060918_FXQRMV,train
20260731_060925_XKRBMK,eval
20260731_060926_KHGYRH,eval
20260731_060947_NSSHAU,train
20260731_061034_AYRTYK,train
20260731_061118_TWVMAQ,train
20260731_061222_KZDNBA,eval
20260731_061512_ZJDHQW,eval
20260731_061537_KBFEUH,train
20260731_061602_RKVNTF,train
20260731_061657_LUAJFT,train
20260731_061756_QHGTXK,train
20260731_061823_VYYDCM,train
20260731_061851_VUHYMZ,train
20260731_062101_FYTXUZ,train
20260731_062225_APLXKU,train
20260731_062622_MJHRBA,eval
20260731_062804_FASWTQ,train
20260731_062847_JHRHTQ,train
20260731_063006_QERDSU,train
20260731_063027_MELGXG,train
20260731_063252_WHLDDX,train
20260731_063325_ERDCKY,train
20260731_063435_YWTCRJ,train
20260731_063436_LVXNGR,train
20260731_063643_ZBNEGM,train
20260731_063834_ZSWCMQ,train
20260731_063928_EZZJNM,train
20260731_064006_XTPTVH,train
20260731_064142_LAJQXW,train
20260731_064401_GWBJKD,train
20260731_064412_VMUNSP,train
20260731_064532_THXUDK,train
20260731_064611_RUUZFB,train
20260731_064655_BSNKYF,train
20260731_064929_ZTTQPQ,eval
20260731_064959_VHEXMP,train
20260731_065340_GXBEPP,train
20260731_065412_BAZBYJ,train
20260731_065445_KGDJSR,train
20260731_070105_KWAMVB,train
20260731_070137_XBWQYF,train
20260731_070210_QMKZPK,train
20260731_070227_VXYXJH,train
20260731_070325_HWWQWC,train
20260731_070624_TPMNDP,train
20260731_070650_YHSLHA,train
20260731_070945_BAQLJP,train
20260731_070953_DCDMLR,train
20260731_071215_SGMBBN,train
20260731_071234_FWZUVS,eval
20260731_071357_EFXFDX,eval
20260731_071835_EXDJMT,train
20260731_071906_ZLLGPD,train
20260731_072411_PSEZSZ,train
20260731_072731_CRMGBR,train
20260731_072839_DVSLLF,train
20260731_073230_ZEVUGP,train
20260731_073422_GZZBRV,eval
20260731_073628_QSCXHE,train
20260731_073751_BNRJFX,train
20260731_073811_LVUGYT,eval
20260731_073922_ABWHUC,train
20260731_074021_YYCFSR,train
20260731_074030_PMBMWS,train
20260731_074059_SHCZBY,eval
20260731_074110_XHGFJJ,eval
20260731_074129_MHJTGM,train
20260731_074206_FHHCWM,train
20260731_074517_UCZSQE,eval
20260731_074921_RZCSXY,train
20260731_075111_QTYJCS,train
20260731_075142_TFDQEN,eval
20260731_075326_QDMMMR,eval
20260731_075358_WEGFMC,train
20260731_075457_WKNWGD,eval
20260731_075533_DWKSMF,train
20260731_075533_QMUKMY,train
20260731_075555_SSWXMF,train
20260731_075639_XSRQNL,eval
20260731_075701_HTEZMU,train
20260731_080035_QWAKEH,eval
20260731_080345_ZBRSLX,train
20260731_080829_LAVVFT,eval
20260731_080915_HBXTJW,eval
20260731_080946_VTYBWV,train
20260731_081048_BPDAJL,train
20260731_081801_QRJUGK,train
20260731_082036_PLAKPS,train
20260731_082357_UFJMXB,eval
20260731_082414_QHEFSF,train
20260731_082439_BZWLSK,train
20260731_082503_UUVXZE,train
20260731_082910_FMZHNG,train
20260731_083104_MYMYAB,train
20260731_083239_QEYMYM,train
20260731_083331_FBFUWU,train
20260731_083427_LZZZED,train
20260731_083814_UGYMPX,train
20260731_084039_UXRGCC,train
20260731_084206_RXUTWA,train
20260731_084249_WLDKKG,train
20260731_084514_RJFSFL,train
20260731_084633_PFMNUQ,eval
20260731_084840_RHDYAW,eval
20260731_084909_VWSZZE,train
20260731_085005_DFTUZY,train
20260731_085319_UKPEVS,train
20260731_085353_RXMANS,train
20260731_085956_BQSWMK,eval
20260731_090221_JNCYDG,train
20260731_090228_SFXCVV,train
20260731_090341_PBSQKV,train
20260731_090427_ZXMNTU,eval
20260731_090602_GWKFVW,train
20260731_090913_QNBJPC,eval
20260731_091410_NGPGBT,eval
20260731_091430_CKYZMV,train
20260731_091537_WKKKUQ,train
20260731_091716_ZWNFQV,train
20260731_091849_SMQSHA,eval
20260731_092501_LQMVLJ,train
20260731_093128_LYUBDT,eval
20260731_093559_ZQNXEP,train
20260731_094020_PNJMVU,train
20260731_094103_LUJPGT,train
20260731_094153_FMJWAC,train
20260731_094254_BCTGAM,eval
20260731_094352_UNPVLY,eval
20260731_094607_CNJGVQ,train
20260731_094702_GBQTRK,train
20260731_094721_ACCDUC,train
20260731_100119_JQVVZQ,train
20260731_100908_DNRKBV,train
20260731_101146_YTKFRG,train
20260731_101447_HLAQMQ,train
20260731_101904_LABSWP,eval
20260731_102913_DSANTC,eval
20260731_102924_KTVVUF,train
20260731_103214_MDKZMU,train
20260731_103554_KHYAKS,train
20260731_103611_XFYWPV,eval
20260731_104055_BBTJQT,eval
20260731_104421_EEGLFB,train
20260731_105416_JMVXGS,train
20260731_105447_DHJDGY,eval
20260731_105517_VHLJTB,train
20260731_105527_GWHDRV,eval
20260731_105641_TPDNEU,eval
20260731_110107_XXAPTN,train
20260731_110302_GYPAXE,eval
20260731_110355_FAWEFX,train
20260731_110630_ZZLFST,train
20260731_111356_PKEUKX,eval
20260731_112256_RPRKPE,train
20260731_113139_VPCSLG,train
20260731_113157_RZMRQH,train
20260731_113230_CJZSTN,train
20260731_114922_VZVXND,eval
20260731_115302_QQRHTF,train
20260731_115303_RMPRUC,eval
20260731_115326_HBNGRG,train
20260731_115836_KXDHLU,train
20260731_120728_VAYJCX,train
20260731_121039_PKKWZV,train
20260731_121802_ZZDYZB,eval
20260731_124048_RKNXZA,train
20260731_125816_GZXYPF,eval
20260731_131337_WYJKDF,eval
20260731_131725_ZZJDQS,train
20260731_132140_BYMRHT,train
20260731_135623_LNWDPV,train
20260731_141521_YTQZDW,eval
20260731_143527_ZPCWNL,train
20260731_145129_SAEQSW,train
20260731_150949_NHWUAS,train
20260731_152943_YLEYVE,train
20260731_153556_FPDYMS,train
20260731_164802_BMWPCJ,train
20260731_171246_PTTYPU,train
20260731_174634_NPTYWC,train
20260731_221151_JZYGBN,eval
20260731_230251_LNJJJQ,train
20260731_231134_MXCJYC,train
20260731_231500_SPLJLW,train
20260731_231922_MMZHBC,train
20260731_232726_GHYNZN,train
20260731_234127_DRMPXT,train
20260731_234146_GERUEV,train
20260731_234155_QSJWRZ,train
20260731_234653_BYWETU,train
20260731_234738_WVSVVG,train
20260731_234806_XNCXKY,train
20260731_234831_NCZDMT,train
20260731_235008_BMJFGA,eval
20260731_235810_NJXYYT,train
20260801_000207_NEQVVG,train
20260801_000502_YQCBCD,train
20260801_000518_QCYEWH,train
20260801_000542_HSFCPU,train
20260801_000547_LRGUWQ,eval
20260801_000728_AVVQYH,train
20260801_001048_UZQMJL,train
20260801_001319_LCXTPN,train
20260801_001417_FEGHFM,eval
20260801_001535_GQZCPE,train
20260801_001750_JJCNZN,train
20260801_002024_YTSTCJ,eval
20260801_002816_KGKVWE,eval
20260801_002907_FGXRHP,train
20260801_002917_DYJNVJ,train
20260801_003126_CSVLXP,eval
20260801_003313_FNBKNY,train
20260801_003343_CQNLDX,eval
20260801_003448_ZDYNSR,train
20260801_003509_HSEHYB,train
20260801_003515_BXVXVD,train
20260801_003756_BPHPMW,train
20260801_003826_BJBUZZ,eval
20260801_003937_GTJZTB,train
20260801_003955_WYXSUA,train
20260801_004512_PABLRG,train
20260801_004519_QUMRKH,eval
20260801_004555_WKGPBP,train
20260801_004615_NVVAUE,eval
20260801_004724_WUBEJE,train
20260801_004901_KHLGWY,train
20260801_005254_SZZUCP,train
20260801_005340_JDGCCF,train
20260801_005446_BXQHGQ,train
20260801_005525_THQKRB,train
20260801_005718_LHCZMN,train
20260801_005830_KKDMCN,train
20260801_010118_QQJDER,train
20260801_010232_NTGTYU,eval
20260801_011029_EDYDEB,train
20260801_011033_UYCXFB,train
20260801_011040_QJGHGC,train
20260801_011429_FNHFGK,eval
20260801_012051_APVPNV,train
20260801_012224_CPPRDX,train
20260801_012231_LWTLXG,train
20260801_012733_EBUAVB,train
20260801_013028_GZFYST,train
20260801_013452_PSABEP,train
20260801_014021_QYVCUR,train
20260801_014025_PQGGCC,train
20260801_014359_NUXVLA,eval
20260801_015609_ZAQDUJ,train
20260801_015639_TAQVWZ,train
20260801_020239_EXAAMJ,train
20260801_020519_FDQNBR,train
20260801_021224_HFJKLX,eval
20260801_021257_JYLPYR,train
20260801_021429_LGEPZQ,train
20260801_021540_KARFUR,train
20260801_021923_SNUBRZ,eval
20260801_022024_YGMGTF,eval
20260801_022046_SHZLFA,train
20260801_022247_EBVJWJ,eval
20260801_022402_SLDSSM,train
20260801_023013_BNQYRM,train
20260801_023444_SCDPQC,train
20260801_023616_ZANQFX,train
20260801_023817_ETQZVH,train
20260801_024459_TZZTMW,train
20260801_024611_NFJKKD,train
20260801_024850_XNVGEN,eval
20260801_024859_RXXMHF,eval
20260801_024909_KVJZXD,train
20260801_025207_XUFACL,train
20260801_025548_RRDBEB,train
20260801_030018_AUHNPP,train
20260801_030133_EVAEPL,train
20260801_030600_AXYFJL,eval
20260801_030835_KSVJGQ,train
20260801_031114_CUBEGA,train
20260801_031131_UDYUPA,train
20260801_031135_QESYSM,train
20260801_031542_TAPUEL,train
20260801_031826_ELPFUJ,train
20260801_032018_AEFAMY,eval
20260801_032159_TNQHKW,train
20260801_033933_ZJLHFJ,train
20260801_034213_MKHRJW,train
20260801_034229_XXNQVU,train
20260801_034313_PDYQXE,train
20260801_034509_BBAYNQ,train
20260801_034843_DREFWD,train
20260801_035057_YBHNMM,train
20260801_035320_YBQPZY,train
20260801_041039_VTQLWK,train
20260801_041116_RNYGDL,train
20260801_044117_NZHRDN,train
20260801_044153_YANSTQ,train
20260801_044338_FJLTLB,train
20260801_044533_NQUXBB,eval
20260801_044602_GNSMKL,eval
20260801_044923_CTLZKW,train
20260801_045513_SESDBM,eval
20260801_045629_VQMKZW,eval
20260801_045857_EJJMNF,train
20260801_045915_TTTJRV,train
20260801_050050_CSQAMM,train
20260801_050223_BGQKEB,train
20260801_050437_NTMSDT,train
20260801_050520_XNXQRP,train
20260801_050727_SYLPPQ,train
20260801_050911_GCAEJQ,train
20260801_051040_NUVJPZ,train
20260801_051115_WEVPNW,train
20260801_051203_JMTZCK,train
20260801_051208_PPCKEH,train
20260801_051214_KPWNVV,eval
20260801_051231_JHMQXE,train
20260801_051257_WBYHVH,train
20260801_051316_QGDGHU,train
20260801_051518_HKGFTN,eval
20260801_051543_SRLZZU,eval
20260801_051848_GAGQTD,train
20260801_051849_WNJGYS,train
20260801_052406_JGNLTR,train
20260801_052440_BGMPLJ,train
20260801_052440_KUTHJZ,train
20260801_052653_XGSKBJ,train
20260801_053052_ZSLLVK,eval
20260801_053543_AVSSLB,train
20260801_053807_GYJHSM,train
20260801_053946_YZCHJR,train
20260801_054007_FUCTZL,train
20260801_054409_MDKFTN,train
20260801_055001_AVHRWM,train
20260801_055023_QNCLBW,train
20260801_055210_DFYXDP,train
20260801_055243_ZBFDPG,train
20260801_055754_GQBTRK,train
20260801_055816_KYYPYD,train
20260801_060248_CUJTPD,train
20260801_060336_CKCTCA,eval
20260801_060441_DHJCJZ,eval
20260801_060502_ZVSZCY,eval
20260801_060903_TRBMNJ,train
20260801_061337_QRRUMA,train
20260801_061343_AMCCKW,train
20260801_061922_QVPRPD,eval
20260801_062008_KKHHTW,train
20260801_062313_TRXXTH,eval
20260801_062406_ZBRMRK,train
20260801_062630_EJGSCF,train
20260801_062955_XHEHHN,train
20260801_063143_ZJCQDJ,train
20260801_063248_WEMERF,eval
20260801_063338_KHPYWW,train
20260801_063406_ZQHEAR,train
20260801_063419_LMKPVK,train
20260801_063441_PZKVBZ,train
20260801_063648_AFFQFA,train
20260801_064022_CCDDBS,train
20260801_064305_GCNMEE,train
20260801_064907_PYVMVT,eval
20260801_065223_NGYHBQ,train
20260801_065719_GVPKCE,train
20260801_065739_XGWMRK,train
20260801_070137_GTPMED,train
20260801_070319_SLXHYH,train
20260801_070734_ZFMJBD,train
20260801_071122_CPXWEG,eval
20260801_071236_GBGKCY,train
20260801_071414_QNFVBE,train
20260801_071516_DMQKUS,train
20260801_071629_LELVUB,train
20260801_071859_ZUZZNC,train
20260801_071947_SCTRWJ,train
20260801_072142_GLARHD,train
20260801_072205_QHQYAT,train
20260801_072241_LCLGZT,train
20260801_072257_KBGTZY,eval
20260801_072403_PBXYKC,train
20260801_072731_BDZZXP,train
20260801_072754_MHKDFD,train
20260801_073233_VFTSFX,eval
20260801_073521_CBJXAX,train
20260801_073907_QJFVWV,train
20260801_073916_CZKLGV,train
20260801_074151_HYXQZP,train
20260801_074258_KFJCHQ,eval
20260801_074439_SBZXJF,train
20260801_074900_YHHRCK,train
20260801_075122_PRGRJE,eval
20260801_080216_JUBUKE,train
20260801_080318_UNGAXU,train
20260801_080329_TEHXLP,train
20260801_080546_JJZHYD,eval
20260801_080807_ZGXCNM,train
20260801_080832_JYBCVK,train
20260801_080932_FFMFSV,train
20260801_081246_HCWDHN,train
20260801_081422_FNSRWQ,train
20260801_081754_PXRPXU,train
20260801_082313_LXBPPK,train
20260801_083233_XMHARW,train
20260801_083450_AMFUGE,train
20260801_083820_DVPKQQ,eval
20260801_084520_VHQNKS,train
20260801_084546_ETLCEY,train
20260801_084735_UQELAQ,train
20260801_084932_KSBFUV,train
20260801_085536_VRBMEB,train
20260801_090330_HCQRTV,train
20260801_090336_ZSVRZC,train
20260801_091216_PGQEWU,train
20260801_091440_VJAPZA,train
20260801_091710_NSUUGA,train
20260801_091852_FMPVNX,train
20260801_094914_XLRUEF,train
20260801_095542_MYXYLJ,train
20260801_101125_TCHQYJ,train
20260801_101514_BWHKDA,train
20260801_102251_JDVJJX,eval
20260801_102425_TXPMYG,train
20260801_102449_AYTUCH,train
20260801_103707_VNNTCD,train
20260801_103844_VPEQQL,train
20260801_103929_GYZTDL,eval
20260801_104840_TZHQZN,train
20260801_105435_JWTLZM,eval
20260801_105703_JTEACR,eval
20260801_105735_KUXSGQ,eval
20260801_110532_XZFWFX,train
20260801_111234_XFETRE,train
20260801_111529_AVRJSM,train
20260801_111734_GNBUSJ,train
20260801_112926_DCUWKG,eval
20260801_114347_MBAUJE,eval
20260801_122126_PTUBAT,eval
20260801_124842_RFNLBR,train
20260801_125824_LCQFVY,train
20260801_130513_BYXJSA,train
20260801_133001_UFTREF,train
20260801_133258_NYULDF,train
20260801_133607_UXQRQK,train
20260801_134710_PZSZTF,train
20260801_134844_ASLKVH,eval
20260801_134939_ECDVDE,train
20260801_135614_JJBEKF,train
20260801_142141_KUQHNB,train
20260801_142244_YYFQZP,train
20260801_143930_KYHSSM,eval
20260801_144020_MQFJHG,eval
20260801_145801_BHYRTR,train
20260801_151106_SAKCWZ,train
20260801_151859_NEMCVW,train
20260801_154518_CQGVXD,train
20260801_154623_GXVCQQ,eval
20260801_155435_HEZEWM,eval
20260801_161517_LGFLWB,train
20260801_162802_NNLKDQ,eval
20260801_171845_JERFXK,train
20260801_192712_URTMTU,train
20260801_231212_JBSWKM,train
20260801_233207_JHXNMR,train
20260801_234908_BLYGJM,train
20260801_235138_SXLJDY,train
20260801_235343_AMJKMQ,train
20260801_235727_VBMJUE,eval
20260802_000344_URNQEK,train
20260802_000411_XNTPBH,train
20260802_000728_FBSAGN,train
20260802_000738_TPLUPL,train
20260802_001459_ZAAQQG,train
20260802_001507_EUYRTQ,train
20260802_001800_FJVLDK,train
20260802_002319_CBKLCN,train
20260802_002344_CPUZTT,train
20260802_003242_CJCQDJ,train
20260802_003345_EVVATT,train
20260802_003412_YXBKEA,train
20260802_003521_ANKWZV,train
20260802_003600_BDACVF,train
20260802_003654_UWHZLZ,train
20260802_004217_RZLMAL,train
20260802_004406_KGWSNS,train
20260802_004641_HBKWLC,train
20260802_004716_KQCNJA,train
20260802_005613_MEBSVX,train
20260802_010611_NMBSSR,train
20260802_011043_JNKNYD,eval
20260802_011556_LTJGCP,eval
20260802_011619_BMSRSS,train
20260802_012320_VBTKQL,train
20260802_013047_LKEELE,train
20260802_013340_GQAMJS,train
20260802_013512_ALYFFA,train
20260802_013549_AXUQHT,eval
20260802_014333_UPYAYL,train
20260802_014500_MJPGJA,train
20260802_014923_WNVLPQ,train
20260802_015200_GFLKEE,train
20260802_020700_YWUHYT,train
20260802_021241_PJGWWA,train
20260802_021351_TXLASZ,eval
20260802_022538_RTSTLU,train
20260802_023110_PDGCPD,train
20260802_023415_DXBTTH,train
20260802_023704_DDTLHA,train
20260802_024307_MRCPQV,train
20260802_024338_FKSCXJ,eval
20260802_024857_PLWBYE,train
20260802_025006_HLNEAB,train
20260802_025407_SVRSFK,train
20260802_030757_AWLUTM,train
20260802_030824_SBCUVL,train
20260802_030951_JPEWAS,train
20260802_032606_SQDLJQ,train
20260802_032611_WHVKRR,train
20260802_032628_MJRHNN,train
20260802_032800_XKLVED,train
20260802_034751_XSCXAM,train
20260802_040101_ZBNUHL,eval
20260802_040127_FSZAHF,eval
20260802_040826_WVQSAF,train
20260802_041731_KHWZJD,eval
20260802_043344_KHMVYY,eval
20260802_043559_DPRFEP,train
20260802_043851_LPBLZU,train
20260802_044334_ZXKAEL,train
20260802_044525_HCAFQN,eval
20260802_044715_AQCXTK,train
20260802_050256_SNEDBN,eval
20260802_050606_BAVMLE,train
20260802_050630_UUNQHL,train
20260802_050752_TXPQER,train
20260802_050840_TXMLHM,train
20260802_051139_GAKNPQ,train
20260802_051201_GRNTCZ,eval
20260802_051309_HLVKUF,train
20260802_051708_AQKMMP,eval
20260802_051915_FQQEUA,eval
20260802_052411_ZUCDKK,train
20260802_052422_WBUGNZ,train
20260802_052611_XJWRQA,train
20260802_052654_VXFXZG,train
20260802_052733_LXQYCA,train
20260802_052914_QGQDXW,train
20260802_053204_XWXEYA,train
20260802_054002_TXQSNL,train
20260802_054425_MGHVKS,eval
20260802_055253_CLPNQF,train
20260802_060018_TSGWRM,train
20260802_060214_WSDWUQ,train
20260802_060455_ZHDAAU,train
20260802_061259_GYJQHN,train
20260802_062031_TMQFMJ,train
20260802_062052_WNZQUL,eval
20260802_062922_ZSEXAG,eval
20260802_062958_WXGFRA,train
20260802_063005_RDPRJK,train
20260802_063046_CYDUDB,train
20260802_063453_DFLNBT,train
20260802_063553_CYAXBA,eval
20260802_064309_CJSDTX,train
20260802_064612_SFLRBP,train
20260802_064711_VSANQV,train
20260802_064935_UWRRVY,train
20260802_065551_SDAHZM,train
20260802_070047_BQJDPJ,train
20260802_070543_JQDFSC,train
20260802_071239_URHXRU,eval
20260802_071621_USFDVU,eval
20260802_071931_AVDZYD,train
20260802_071950_DXRUMX,train
20260802_073022_QTXTVA,train
20260802_073514_ELPQMP,train
20260802_073726_XWEFMJ,train
20260802_074215_UPVMRW,train
20260802_074924_MSZCEF,train
20260802_075022_DRHRUY,train
20260802_080628_NURWFF,train
20260802_080709_YZFZSS,train
20260802_080720_EQFAQG,eval
20260802_080733_BRPWKE,train
20260802_080826_HUGWZZ,train
20260802_082755_MGPTZE,train
20260802_082904_BKXNUX,train
20260802_083601_KTVZEY,train
20260802_083704_GEMJLY,eval
20260802_083859_BYTGFT,train
20260802_084357_NZAGLY,train
20260802_085336_KMXLTP,train
20260802_085817_VAQMRN,train
20260802_090039_PJVLQA,train
20260802_090338_FSJZTE,train
20260802_090842_NHPVPN,train
20260802_091039_AJATBA,train
20260802_092136_JGTTQP,eval
20260802_100438_BJABCF,eval
20260802_102003_UNCXMD,train
20260802_102656_SDATYT,train
20260802_105351_MNKLNM,train
20260802_110709_GTBTPS,train
20260802_110718_APPDZJ,eval
20260802_110812_FLUAAA,eval
20260802_111132_BQTQEN,train
20260802_112300_DQFRDJ,train
20260802_112713_GZKFTP,eval
20260802_114239_FLMMSD,train
20260802_114527_HKYLPJ,train
20260802_114959_MMQRBT,train
20260802_115409_YLSLFF,eval
20260802_122740_HTLXYB,train
20260802_124445_XNMKUM,train
20260802_124930_VGWVMS,train
20260802_130450_WUDCKS,train
20260802_131937_UUVWNC,train
20260802_132328_SSYFRW,eval
20260802_134300_TLZQPB,train
20260802_141629_PDNKQK,eval
20260802_142840_JCBDAU,train
20260802_142906_TWLWBH,train
20260802_143636_JUXNDM,train
20260802_144346_YDBWAZ,train
20260802_152142_NQXMGX,train
20260802_160634_AQKZPE,train
20260802_170108_BPKGXW,eval
20260802_183740_XRDDVL,train
20260802_203444_HRZYEN,train
20260802_210909_XGKHUR,train
20260802_234534_UWLKXN,train
20260802_234555_SSYYLU,eval
20260802_234617_RKCGBD,train
20260802_234719_UVJGHU,train
20260802_234743_MDWZSL,train
20260802_234751_ZJMYRV,train
20260802_234813_UXDRRM,train
20260802_235000_KXVDEJ,train
20260802_235335_HDGRTL,train
20260803_000154_BXQYLA,train
20260803_000250_RQBKDF,train
20260803_000501_UEFFFA,train
20260803_000533_PAZTLZ,train
20260803_000709_PLXKHC,train
20260803_000754_CLXVLJ,eval
20260803_000824_TFZZCC,train
20260803_000846_DGFWBN,train
20260803_000933_VEBDKJ,train
20260803_001110_NPWCZT,eval
20260803_001234_VLESWV,train
20260803_001356_EDTRLG,train
20260803_001419_SXCWTS,train
20260803_001623_BWFMQR,train
20260803_001707_TCVDSX,train
20260803_002017_LCNQBQ,eval
20260803_002205_TKFEDV,train
20260803_002447_DKGHNY,train
20260803_002504_FMAVBN,eval
20260803_002602_JZXMLZ,eval
20260803_002916_ZVDSYZ,train
20260803_003023_LLYMKK,train
20260803_003103_XYEZGW,eval
20260803_003151_MARWMP,train
20260803_003311_GQWNHM,train
20260803_003315_LANWHT,train
20260803_003405_GRFNHQ,train
20260803_003418_GGNPXS,train
20260803_003516_GLQGGY,train
20260803_003604_YWQPQA,train
20260803_003906_FHCVNY,train
20260803_003912_MWFYBG,eval
20260803_004201_MZZAPE,train
20260803_004216_REZLVG,train
20260803_004432_AEYAQK,train
20260803_004501_TRURPF,eval
20260803_004605_KDRZKE,train
20260803_004633_KWKRFS,train
20260803_004641_HUMEZB,train
20260803_004750_NQEDXB,train
20260803_004814_WCTAKU,train
20260803_004840_BNZGKS,train
20260803_005018_YJDLKQ,train
20260803_005231_BGGADQ,train
20260803_005237_ERLSZB,train
20260803_005241_CKHPUQ,train
20260803_005538_GKFXVX,train
20260803_005621_HFPUYA,train
20260803_010316_SZMPNB,eval
20260803_010447_VHTAQU,train
20260803_010601_YEMJWR,train
20260803_010704_EDMVGP,train
20260803_011433_YPWEZE,train
20260803_011612_FRHTTF,train
20260803_011629_UZKQHG,train
20260803_011933_FDZUYG,train
20260803_011938_YEQEYT,eval
20260803_012047_DEZLMC,train
20260803_012307_HGWFEB,train
20260803_012310_GCWFNR,train
20260803_012356_XZDCMT,train
20260803_012614_HARVLM,train
20260803_012755_AKDYLH,train
20260803_012841_LQZJMB,eval
20260803_012917_BBCTPS,train
20260803_013031_MRVKXB,train
20260803_013055_KWHYTY,train
20260803_013104_ZYNZHX,eval
20260803_013144_XGCJNX,train
20260803_014125_FPLAKZ,train
20260803_014350_SZXGAF,train
20260803_014552_GBCKBQ,train
20260803_014750_ENXLNS,train
20260803_015131_RCLMAX,train
20260803_015333_CKDKBU,train
20260803_015503_NWNATD,eval
20260803_015714_PFDUKB,eval
20260803_015904_ZZRYYU,train
20260803_020235_HPSWCE,train
20260803_020253_TTWNYX,train
20260803_020419_USUAVF,train
20260803_020425_BPUANB,eval
20260803_020647_RQMQJD,train
20260803_020736_LGVRTM,eval
20260803_020812_NSJVGW,train
20260803_020827_KXQHVA,train
20260803_021056_SDKBLT,eval
20260803_021218_JVRJFT,train
20260803_021233_RNHBZT,train
20260803_021424_BZPRSZ,train
20260803_021500_ZBKDCV,train
20260803_021609_KAVQHA,eval
20260803_021654_SCLBKD,train
20260803_021756_SYRATS,train
20260803_021833_GMJJNS,train
20260803_022224_FPHEJS,eval
20260803_022404_SSRDWC,train
20260803_022522_LGXNJS,eval
20260803_023204_NWRDNF,train
20260803_023311_DCSHNH,eval
20260803_023704_LQUDQX,eval
20260803_024013_GQXRJB,train
20260803_024129_QGVKST,train
20260803_024646_GYNFEN,train
20260803_024845_REYAUE,train
20260803_025034_FPKRXT,train
20260803_025053_SLBMUQ,train
20260803_025236_MEBDDS,eval
20260803_025243_RQYZDL,eval
20260803_025303_GSQUKR,train
20260803_025741_EUHCSL,train
20260803_030123_RLBCWD,train
20260803_030806_TBENJB,train
20260803_030935_QHRYTS,train
20260803_031318_JLSUAB,train
20260803_031330_DKSSAX,eval
20260803_031606_MVHASA,train
20260803_031828_HTWBXF,train
20260803_031904_DQGNTK,eval
20260803_032006_TMUGNE,train
20260803_032039_ZSXZMA,train
20260803_032118_KLWKHG,eval
20260803_032829_CMDXAQ,train
20260803_033025_ESYHUP,train
20260803_033037_TFPQDD,eval
20260803_033241_CQHCBN,train
20260803_033530_CBTQRR,train
20260803_034309_UGCHJJ,train
20260803_034322_UCENCS,train
20260803_034514_XPRHQR,train
20260803_035007_CSFVRA,eval
20260803_035247_LBVHWX,train
20260803_035853_SDTARK,train
20260803_040537_HUCDVS,train
20260803_040619_RCYGYT,eval
20260803_041159_RVHKKH,train
20260803_041457_QCFWEW,eval
20260803_041847_XEXRLN,train
20260803_042514_GMPFEA,train
20260803_042644_PGXDFP,train
20260803_043311_BUQTRW,train
20260803_043321_BBUBPH,eval
20260803_043545_DQWQVQ,train
20260803_044547_JYLFLW,train
20260803_045902_VHJBAA,train
20260803_050124_DEMJYM,train
20260803_050221_KJSEFD,train
20260803_050240_ULYBEF,train
20260803_050549_WFHZKP,train
20260803_050655_WALDSM,train
20260803_050805_QKUMBG,train
20260803_050850_EQZEKF,train
20260803_050947_YKDWWR,train
20260803_051122_TWTSZQ,train
20260803_051316_RTBACD,train
20260803_051345_NCPMVG,eval
20260803_051353_RKRJYK,train
20260803_051446_KPQDXY,eval
20260803_051449_NJPTTU,train
20260803_051503_SANVJC,train
20260803_051813_LDBVRA,train
20260803_051925_XVRXSB,train
20260803_052040_WABHNK,train
20260803_052155_KAMPQM,train
20260803_052259_ZUZPWE,train
20260803_052338_ECYTWV,train
20260803_052457_LMHBXT,train
20260803_052614_KHJQFP,train
20260803_052709_XSVHNG,train
20260803_052857_AWLDAV,train
20260803_053025_JNHWLM,eval
20260803_053128_MGGNZV,train
20260803_053138_QBSFYM,train
20260803_053141_MGUMAR,train
20260803_053207_BPPQQJ,eval
20260803_053303_SZRSSR,train
20260803_053401_YSNEEB,train
20260803_053543_MNBBKU,train
20260803_053546_PNRAFH,train
20260803_053631_REEDZZ,train
20260803_053725_YAELJT,train
20260803_053732_DFDFAR,train
20260803_053750_MMDJVM,train
20260803_053931_UDWUSV,train
20260803_054000_GJHSGF,train
20260803_054117_WMLBVQ,train
20260803_054132_KYGBRZ,train
20260803_054236_GPMDPC,train
20260803_054321_ZDAEKH,train
20260803_054348_VPGAET,train
20260803_054442_WKDVCW,train
20260803_054457_AGSURM,train
20260803_054519_DAAZBN,eval
20260803_054522_WWZQCS,train
20260803_054651_ZLUGWK,train
20260803_054705_FNWBEE,train
20260803_054809_ABDWCY,train
20260803_054921_GQNVWH,train
20260803_054930_LPRTWT,train
20260803_054930_PFKVZC,train
20260803_055331_TCKBJD,train
20260803_055940_RPFXCJ,train
20260803_060017_CQHWNM,train
20260803_060932_WQHNAT,train
20260803_061127_SRAJCS,train
20260803_061216_WPCYNJ,train
20260803_061402_NUSQUA,train
20260803_061459_NFHSYE,train
20260803_061557_SGFTXP,eval
20260803_061630_DWAXVK,train
20260803_061723_MPWNTN,train
20260803_062239_MBFSZF,train
20260803_062702_THFXYV,train
20260803_063040_NWJGBR,train
20260803_064251_BMPKTW,train
20260803_064459_DDCHLS,train
20260803_064740_LCSTGG,train
20260803_064800_RPHZGH,train
20260803_064846_RGTZCR,eval
20260803_065021_YMZGLV,train
20260803_065233_GHLJZA,train
20260803_065828_GGRZBP,train
20260803_065937_KQZKDH,train
20260803_065948_JTFYGP,train
20260803_070003_DXAYCD,eval
20260803_070014_ZQKAET,train
20260803_070128_VDYKVF,train
20260803_070150_LXNCDR,train
20260803_070228_UZTEUS,eval
20260803_070322_XQRREU,eval
20260803_070333_XEYJSH,train
20260803_071015_WZZAVK,eval
20260803_071726_GUFHFP,train
20260803_071734_GKTVWD,eval
20260803_072041_REUQHX,train
20260803_072433_WTPYER,train
20260803_072438_QRXWKE,train
20260803_072515_VSNWTK,train
20260803_072653_CFLNYW,train
20260803_072827_NZXSZV,train
20260803_073017_WVUNNF,train
20260803_073232_FJBFRA,train
20260803_073311_SGPKGQ,train
20260803_073350_ERCMEP,train
20260803_073352_FGEGCA,train
20260803_073429_ZYAAWR,train
20260803_073540_RVAUEG,train
20260803_073739_QKBDEH,train
20260803_073829_KAWUGZ,eval
20260803_074045_BRAUTK,eval
20260803_074102_SMWVGF,train
20260803_074229_DVAHAJ,eval
20260803_074417_QYDETB,train
20260803_074440_PLPZET,train
20260803_074739_QTLGPP,train
20260803_074836_TRXSDB,train
20260803_075017_KALLDA,train
20260803_075434_EDHRZZ,train
20260803_075516_JZTFQG,eval
20260803_080051_AJTTNB,train
20260803_080111_PNTPKY,eval
20260803_080130_RTNFDJ,eval
20260803_080301_UAEBLC,train
20260803_080335_CBCGDL,train
20260803_080807_QJBYCL,train
20260803_081049_HLBDVD,train
20260803_081134_ZJNKBS,train
20260803_081157_JQYVQJ,train
20260803_081619_WUSEVN,train
20260803_081947_QYMREW,eval
20260803_082641_PCASEN,train
20260803_082728_EMUUKF,train
20260803_082739_AATWER,eval
20260803_083233_WZGGTU,train
20260803_083317_VNSCZJ,train
20260803_083321_CYCURP,train
20260803_083558_NYJQKV,train
20260803_083736_YKLHCF,train
20260803_083836_ASWQUL,train
20260803_084514_HBCJMP,train
20260803_084559_XLRWMU,train
20260803_085302_UXYQMC,train
20260803_085303_WCZPDQ,train
20260803_085316_VHYSJT,train
20260803_085436_CEBBRK,train
20260803_085448_YQCMCZ,train
20260803_085555_VBHUSZ,train
20260803_085702_LZHULX,train
20260803_085724_UZKYLU,eval
20260803_085804_CUVFEK,train
20260803_090315_BHQFPR,train
20260803_090355_VFVGCH,eval
20260803_091447_WKMTHK,train
20260803_091501_PBEDJR,train
20260803_091547_JMKEVK,train
20260803_091550_HMVTQC,train
20260803_091650_SXUHDF,eval
20260803_092043_SCGDYE,train
20260803_092218_KXVEUV,train
20260803_092411_GGSEAU,train
20260803_092913_GLWGUT,train
20260803_092920_DDVGRF,train
20260803_093328_TELMTE,train
20260803_093427_ZDUQSM,train
20260803_093827_TWSLRN,eval
20260803_093922_AWGCEH,eval
20260803_094102_QLRKPN,train
20260803_094402_TQWJJV,train
20260803_094605_RCLAGF,train
20260803_094953_SBLMRJ,train
20260803_095220_DKCQXF,train
20260803_095236_RXMKEX,train
20260803_095649_NHWVMJ,train
20260803_095719_KYKHJZ,eval
20260803_095724_SJRKSS,train
20260803_095754_XLWBZM,train
20260803_100225_BVQCFP,train
20260803_100303_AZNYUN,train
20260803_100401_NDEJKW,train
20260803_100721_BRDCUF,eval
20260803_100951_PVHHLY,train
20260803_101153_LMCRYL,eval
20260803_101728_KUYCMT,train
20260803_101827_AQXFGJ,eval
20260803_101934_HGWCJP,eval
20260803_102255_TLTZPT,train
20260803_102525_FSKZLZ,eval
20260803_102810_YXPAZC,train
20260803_102848_UNNNXH,train
20260803_102857_APAKZG,train
20260803_102901_XSCABP,eval
20260803_103132_DEWFQG,eval
20260803_103209_THMANJ,eval
20260803_103449_JGXEFF,train
20260803_103724_ELEQET,train
20260803_104911_NMJNSY,train
20260803_105944_VXJAZG,train
20260803_112740_XZADWX,train
20260803_112856_YFJZCS,train
20260803_113018_UFKNQE,train
20260803_113308_LXGDZR,train
20260803_113859_ETYLMW,train
20260803_114144_YFVJAL,train
20260803_115140_XUEBNP,train
20260803_120232_DULCMS,eval
20260803_121055_PAREDR,train
20260803_121912_SKBRRG,eval
20260803_123208_TBXUEX,train
20260803_123513_KDWDVV,train
20260803_123811_LDTGET,train
20260803_123900_UFNBKA,train
20260803_124849_SBCVWL,train
20260803_124854_NFBECT,train
20260803_125758_RFQKKL,eval
20260803_130231_HCYCGB,eval
20260803_131938_FGJHEU,train
20260803_132806_CZKLYU,train
20260803_133655_GPKUCD,eval
20260803_134115_CRYDKY,train
20260803_141257_DHLEAP,train
20260803_141623_PNWLMM,train
20260803_142330_VCGZAQ,train
20260803_143336_EYQGDJ,train
20260803_143617_DJEZFW,train
20260803_145813_XQUHJM,train
20260803_160406_CJUZAD,eval
20260803_160503_KBTCWE,eval
20260803_162319_UPEANQ,eval
20260803_170030_UJNRNB,eval
20260803_220615_RCSDJG,train
20260803_221218_ZQELPQ,eval
20260803_223031_SQHYNG,train
20260803_224007_NFRGXK,eval
20260803_224631_LNSNBD,train
20260803_225939_FXCBEU,train
20260803_230451_SCKGCE,train
20260803_231017_TXJLSD,train
20260803_231339_VJJZHW,train
20260803_231501_KLMYVD,train
20260803_233414_YSFGXT,train
20260803_233552_WXKQYJ,train
20260803_234001_XDPTVB,eval
20260803_234014_KDVZQZ,train
20260803_234253_TVZDBJ,train
20260803_235250_YMTWMU,train
20260803_235548_JYYDHC,train
20260803_235612_UACLJE,eval
20260803_235619_EZUKEM,eval
20260804_000159_VXETTH,train
20260804_000355_EAPKUM,train
20260804_000445_WXAUPV,train
20260804_000708_FMNEBE,train
20260804_000727_DWZCZU,train
20260804_000854_JLARQT,train
20260804_000905_RBFDZZ,train
20260804_000951_YZFJQE,eval
20260804_001214_XTJDLA,train
20260804_001215_PDYMCW,train
20260804_001553_GMAFMV,train
20260804_002140_FJMMCU,train
20260804_002303_NBFZUZ,train
20260804_002346_SRAQKZ,eval
20260804_002429_WXSJSX,train
20260804_002549_DSPMKQ,train
20260804_002843_WVSDGM,train
20260804_003004_LSYFCF,train
20260804_003008_EXXAJQ,train
20260804_003110_GLRNKS,train
20260804_003142_SMEVUD,eval
20260804_003208_AYXPKR,train
20260804_003219_LXYZCL,train
20260804_003236_NJHXLV,train
20260804_003406_DREJGE,train
20260804_003440_DZAEBM,train
20260804_003511_QVSFTJ,train
20260804_003707_KBJAZP,train
20260804_003829_AUGRPQ,train
20260804_003942_YYRWSF,train
20260804_004037_VBAMHZ,eval
20260804_004304_ZDMWSQ,train
20260804_004418_QUWUCK,train
20260804_004654_MBGJZK,train
20260804_004750_AKXANG,train
20260804_005049_BFZTMZ,train
20260804_005309_NFGZHU,train
20260804_005418_BGKBGP,train
20260804_005437_BPKELA,train
20260804_005614_UUSALB,train
20260804_005735_HCEBWL,train
20260804_005751_RGWKCB,eval
20260804_005901_PPBBKD,train
20260804_005955_QSYGAT,train
20260804_010218_ZKQWDA,train
20260804_010221_VTTNHH,train
20260804_010238_YHKZXY,eval
20260804_010243_RGKRES,train
20260804_010248_AHGQJZ,eval
20260804_010249_LWKCBP,train
20260804_010310_NBDZUP,train
20260804_010315_HURUFJ,eval
20260804_010411_BVGAGE,train
20260804_010604_RAGZGV,train
20260804_010634_HSZYRJ,train
20260804_010740_UWFGHQ,train
20260804_011111_KYYJMH,train
20260804_011133_HDBSSS,train
20260804_011233_AVECCF,train
20260804_011339_HAGBFS,train
20260804_011559_LLVMSU,train
20260804_011640_QAWGHD,train
20260804_011732_EMMDDL,train
20260804_012040_LYWZDU,train
20260804_012046_VPNFUZ,train
20260804_012535_JABGKK,train
20260804_012712_QHWKSZ,train
20260804_012857_YHSREK,eval
20260804_013131_PRPQQN,train
20260804_013456_GSGXBT,train
20260804_013524_ARYCXV,eval
20260804_013541_JYWUTS,train
20260804_013648_HUWPKX,train
20260804_013648_SCQYHQ,train
20260804_013758_UPNMSG,train
20260804_013850_YJCKSD,train
20260804_013951_BXBABV,train
20260804_014119_CKUQAK,train
20260804_014159_STKFXL,train
20260804_014346_YCEQWH,eval
20260804_014629_KHTPAF,train
20260804_014729_ZYXDPR,eval
20260804_014815_JBJZFB,train
20260804_015004_EZXKLL,train
20260804_015352_SNZLGJ,train
20260804_015510_PYUDEM,train
20260804_015543_JENTQG,train
20260804_015600_JGEJDN,train
20260804_015849_EFUXRG,train
20260804_015921_PFDVMQ,train
20260804_020205_TESYYA,train
20260804_020230_GAMAML,train
20260804_020415_TRTWXG,train
20260804_020633_CDLEMA,train
20260804_020634_LBPGCP,train
20260804_020830_XKWVWA,train
20260804_020938_PFHUZN,train
20260804_021001_BAMZUR,train
20260804_021051_XUWRYX,train
20260804_021109_PDHGNL,train
20260804_021357_HEVYPY,train
20260804_021403_PVPKKK,train
20260804_021521_SVXETW,train
20260804_021620_TZAKUR,eval
20260804_021745_TWYRZW,train
20260804_021801_VCRGHY,train
20260804_022213_MLPRHL,train
20260804_022400_TMFWPU,train
20260804_022546_VQTLZR,train
20260804_022603_JMHJAK,eval
20260804_022720_KJCYMJ,train
20260804_023545_RECZLH,eval
20260804_023656_LGSCVJ,train
20260804_024100_RECNUP,train
20260804_024117_HMEQGQ,train
20260804_024135_CCCDYK,eval
20260804_024214_EATFAN,train
20260804_024255_NEWEYZ,eval
20260804_024600_EZYRYY,train
20260804_024747_DHMXSF,train
20260804_024854_YFNWNK,train
20260804_025753_DPRRVA,train
20260804_025807_YNNRMN,train
20260804_025904_FQMEZY,train
20260804_030139_ANZZBU,train
20260804_030144_HMPXYL,train
20260804_030400_TDDASX,train
20260804_030513_HALJWB,train
20260804_030600_YSMBEJ,train
20260804_030610_DFYBQX,train
20260804_030648_ESECEK,train
20260804_030650_RLKZNL,train
20260804_030709_MPYWZV,train
20260804_030720_VKFNMZ,train
20260804_030932_GGPSDQ,train
20260804_031242_BMAJUT,train
20260804_031408_KFPFLW,train
20260804_031641_MFNBMB,eval
20260804_031925_YXQAGJ,train
20260804_032336_QTTTNJ,train
20260804_032414_WLXJRN,train
20260804_032420_WTMEJU,train
20260804_032429_TUTTFR,eval
20260804_032811_ANUVVA,train
20260804_032911_AMYUTX,eval
20260804_033012_QSEWAP,train
20260804_033548_AWXZYQ,train
20260804_033655_ZPMJKJ,train
20260804_033746_GXQKUT,train
20260804_033759_WNWDNG,eval
20260804_033929_UCGDZW,train
20260804_034116_BGRBMP,train
20260804_034532_KLNMHM,train
20260804_034657_KTRXCA,train
20260804_034822_TRCDCT,train
20260804_035628_DXTAWX,train
20260804_035640_TVGNHG,eval
20260804_035957_SQWJTS,train
20260804_040824_ZWFVAC,train
20260804_041239_CAQTDC,train
20260804_041433_BNTDAG,train
20260804_041825_HZFYPW,train
20260804_042659_YYPWKY,eval
20260804_042742_STQWWJ,train
20260804_043001_JMFXSY,train
20260804_043707_RVCZHR,eval
20260804_043713_SBKYWM,train
20260804_044028_QLTUVF,train
20260804_044344_FLVULJ,train
20260804_044607_UNGZSV,train
20260804_044758_HLZQCJ,train
20260804_044847_AARMKX,train
20260804_044939_WLXJZY,train
20260804_045222_WLFLHJ,train
20260804_045251_CADQUB,train
20260804_045508_MBMCHJ,train
20260804_050228_CLDRRZ,train
20260804_050330_BHBYUF,eval
20260804_050646_HUEZDU,train
20260804_051109_LVCLNP,train
20260804_051156_ENJWUM,train
20260804_051157_VSHFXU,train
20260804_051225_MFKARK,train
20260804_051246_XGSSYZ,train
20260804_051354_EAKKXB,eval
20260804_051730_DJBQJK,train
20260804_051931_DJDSQD,train
20260804_052008_WNMWNK,train
20260804_052050_YSXSTC,train
20260804_052136_BHMWXY,train
20260804_052156_RHTJXX,train
20260804_052211_HLPHPS,train
20260804_052237_LCDDJZ,eval
20260804_052459_YXHXST,train
20260804_052509_WFPHMS,train
20260804_052529_TXBSLJ,train
20260804_053010_MXNAFQ,train
20260804_053056_HGMGQZ,train
20260804_053059_MWZRRW,train
20260804_053227_TKCHQK,train
20260804_053250_RTSWBP,train
20260804_053410_JRHEBM,train
20260804_053439_PPPQDZ,train
20260804_053534_HSNMZY,train
20260804_053706_YDBKWP,train
20260804_053843_URYFGR,train
20260804_053856_LXSHCJ,eval
20260804_053958_WKBUPY,train
20260804_054031_BWVRYZ,train
20260804_054218_SGFZNA,train
20260804_054434_GEVARX,train
20260804_054504_SYQEPE,eval
20260804_054513_TYLQJS,eval
20260804_054517_XZAZNF,train
20260804_054523_AQZQDM,train
20260804_054609_GUNGFK,eval
20260804_054718_VRNSQF,eval
20260804_054746_PNGGPF,train
20260804_055048_GSSPRD,train
20260804_055214_TMYQPD,train
20260804_055326_RYDLKC,eval
20260804_055532_ULBBGQ,train
20260804_055547_UTMMDP,train
20260804_055628_SVBWEN,train
20260804_055810_BDNTGG,train
20260804_055912_MGKKTA,train
20260804_060221_HFZTAU,train
20260804_060459_KHNHNP,train
20260804_060519_BZDLMC,train
20260804_060721_ZKCGGK,train
20260804_060927_KZSPSP,eval
20260804_061114_GXMZAT,train
20260804_061725_DLAPDR,train
20260804_061834_SGEBDL,train
20260804_062352_EXYLPN,eval
20260804_062512_SYWWKC,train
20260804_062553_MFTKQC,train
20260804_062654_DUDNLH,eval
20260804_063114_TEXYJJ,train
20260804_063348_FMDNFF,train
20260804_063404_UJMXCR,eval
20260804_063516_DZEGAP,train
20260804_063525_EAJTKE,train
20260804_063823_RDZTEP,train
20260804_063827_RNNZAC,train
20260804_064226_RBGZCH,train
20260804_064323_UQEKGF,train
20260804_064430_XGRXFL,train
20260804_064452_PWBQJD,eval
20260804_064649_GUCNKQ,eval
20260804_064934_GGHWRH,train
20260804_065054_KWSYRT,train
20260804_065124_SMBLTK,train
20260804_065125_CJFPVL,train
20260804_065752_MFALHN,train
20260804_065756_JBSPWU,train
20260804_065802_SWGNDN,train
20260804_070240_KYXGKU,train
20260804_070333_CLYANR,eval
20260804_070616_NDRNPR,train
20260804_070814_WJFAUM,train
20260804_071112_KKQCKC,train
20260804_071118_WRFNSM,train
20260804_071252_EEEBTC,train
20260804_071354_BUANSZ,eval
20260804_071715_HFGKAC,train
20260804_071949_BZZVDR,train
20260804_072046_AYJYDV,eval
20260804_072424_ZWYBYT,train
20260804_072431_DTYSMU,train
20260804_072456_GVSUFU,train
20260804_073233_WBYMCD,train
20260804_073342_FUNNHH,train
20260804_073626_EJYKSH,train
20260804_074016_QHWPGQ,train
20260804_074251_JENGBB,train
20260804_074254_FXMUVQ,train
20260804_074308_CKUXFV,eval
20260804_074903_DHSDCJ,eval
20260804_075029_UDXCMK,eval
20260804_075108_DUDXAM,train
20260804_075123_ZNTCYW,train
20260804_075310_QESQLX,train
20260804_075509_BCEZSC,train
20260804_075557_TSWEEP,train
20260804_075832_WQCCTW,train
20260804_075928_UXZYJM,train
20260804_080202_JATFGE,eval
20260804_080829_KAVYED,train
20260804_081410_KGRHDZ,train
20260804_081411_CEBTEZ,train
20260804_081502_BUBPYT,train
20260804_081534_RYJQNZ,train
20260804_082028_BQBALM,eval
20260804_082109_SSELRX,eval
20260804_082305_YQSNTV,train
20260804_082355_LKYVPE,train
20260804_082458_YRAAFM,train
20260804_082555_KCMESJ,eval
20260804_082944_QUVTYA,train
20260804_083421_PMHGTR,eval
20260804_084029_SLFCFW,train
20260804_084059_HPHTPS,train
20260804_084147_WGFMCC,train
20260804_084224_ZAHMNF,train
20260804_084259_GTKKBZ,train
20260804_084305_JGXTKP,eval
20260804_084316_JBRWKA,eval
20260804_084412_GFDGEA,eval
20260804_085226_MSFXKV,train
20260804_085557_FZJGAH,train
20260804_085704_YCWTRG,train
20260804_085705_SXBQUW,train
20260804_085751_CVXXBR,train
20260804_085837_NTAAHB,train
20260804_090032_LLHXXX,train
20260804_090117_NAFPLL,train
20260804_090355_CHXREX,train
20260804_091608_UFRTVC,train
20260804_091617_SJZASU,train
20260804_092048_NGXPAW,eval
20260804_092708_NZABNL,train
20260804_092947_HYEPZX,eval
20260804_092955_JEFVXD,eval
20260804_093736_VCJDAX,train
20260804_093958_MKLUHP,train
20260804_094118_QWHHMD,train
20260804_094251_NEMZDV,train
20260804_094401_ZWZFMA,train
20260804_094534_YXWUMW,train
20260804_094604_CHMJMU,train
20260804_094638_DYEJWB,train
20260804_095302_TBWLST,train
20260804_095517_DQCVHY,eval
20260804_095942_UZGZTN,train
20260804_100029_LFMNER,train
20260804_100425_FKUFRP,train
20260804_100425_QBJDSM,train
20260804_101618_JPKEQR,train
20260804_101859_LLQSKN,train
20260804_101927_CFLFUY,train
20260804_102113_BWFLQV,train
20260804_104101_FTWERS,train
20260804_104847_LWKCTZ,train
20260804_104917_GTXPZS,train
20260804_105635_PTXNXD,train
20260804_110103_NLAXLC,train
20260804_111405_MVMSBW,train
20260804_111719_RAXSRX,train
20260804_112050_WKDDJV,train
20260804_112133_PZNXFE,train
20260804_112339_QJEERT,train
20260804_112359_SMAEZQ,eval
20260804_112956_UGSJML,train
20260804_113726_ATJSDL,train
20260804_114848_LWFYXS,train
20260804_115044_LZEBCH,train
20260804_115100_LTSACS,train
20260804_115100_SCNPDQ,train
20260804_121814_BRJBGP,eval
20260804_122110_JUNQUK,train
20260804_122351_WQFTFB,eval
20260804_124521_UEKYFK,train
20260804_124840_TFDKAB,train
20260804_130342_VKKMPS,train
20260804_130838_QHZQEQ,train
20260804_131036_WENJFN,train
20260804_131330_SEHUZB,eval
20260804_131754_ZKUWVH,train
20260804_132630_MEZPPN,train
20260804_140902_FRYFMW,train
20260804_143308_LERCWE,eval
20260804_143324_NRNXWV,train
20260804_143512_MRQBHK,train
20260804_144219_CFSHMF,train
20260804_144244_KNNUKW,eval
20260804_144737_BNPQAS,train
20260804_144842_YKDNGC,eval
20260804_153228_CHACXE,eval
20260804_155532_TSFSZY,train
20260804_162540_VAQDNF,train
20260804_171557_YBMVRY,train
20260804_172408_UZQUVA,train
20260804_181249_MYZLDL,train
20260804_190037_CCUSXA,train
20260804_191501_CUFJDV,eval
20260804_191529_SFUZXR,train
20260804_224149_VWLNQV,train
20260804_231201_XGWRVZ,train
20260804_231333_UXTBFY,train
20260804_231356_TULJGP,eval
20260804_232642_GGZMVG,train
20260804_234826_SDNSMQ,train
20260804_235026_AERJMK,train
20260804_235545_FBQFAJ,train
20260804_235745_TKEUJL,train
20260805_000232_DVUXCA,train
20260805_000302_KNWHXH,train
20260805_000503_GKASQY,train
20260805_000619_PKMEWY,train
20260805_000846_TUWMTE,train
20260805_000908_LAAGLG,eval
20260805_001004_TYTZPG,train
20260805_001233_VRGXBZ,train
20260805_001316_KUQCLA,train
20260805_001552_WFHBBD,train
20260805_001553_WEAWGH,train
20260805_001627_XPXDMF,train
20260805_001745_EXSCBG,train
20260805_001906_QYLJGH,train
20260805_002032_JPAQER,eval
20260805_002115_EFWACC,train
20260805_002152_UPAUSD,train
20260805_002233_AHDFQN,train
20260805_002306_QZCXET,train
20260805_002345_RYXVZZ,train
20260805_002447_FUYBXW,eval
20260805_002456_YMHLMV,eval
20260805_002520_TAYPZG,train
20260805_002813_DNJMDH,eval
20260805_002836_LPEYDZ,train
20260805_002953_HTVQFT,train
20260805_003008_MABQFB,eval
20260805_003131_FPTCXE,train
20260805_003137_AXLLCR,eval
20260805_003524_BBBAVJ,train
20260805_003557_MSGNWJ,train
20260805_003625_RVLXRU,train
20260805_003632_EWXTVX,train
20260805_003825_SBWARA,train
20260805_004002_GGQCMP,train
20260805_004023_AVVLMG,eval
20260805_004220_ZXGSLY,eval
20260805_004306_PXRNGB,train
20260805_004430_DNZSYU,train
20260805_004750_PVYPKW,train
20260805_004930_ZVRXDC,train
20260805_005020_FTTZHZ,eval
20260805_005154_NVANVM,train
20260805_005400_ZPQFBS,eval
20260805_005408_KYCVSX,train
20260805_005411_HADZLM,train
20260805_005413_PMVPGG,train
20260805_005614_TMXZWZ,train
20260805_005637_BVRGEE,train
20260805_005728_JJNELP,train
20260805_005825_SJDSGW,eval
20260805_005849_NRLGEN,train
20260805_010219_SFPWLX,train
20260805_010242_UJBBTS,train
20260805_010427_JTRQPL,train
20260805_010518_MNWLTQ,train
20260805_010553_HSPANZ,train
20260805_010942_XGRLZC,train
20260805_010948_ZBHSVB,train
20260805_010950_LLPHRB,train
20260805_011016_JPYDUK,train
20260805_011213_QDSSUT,train
20260805_011216_XXRSKA,eval
20260805_011332_DBDQUZ,train
20260805_011337_UFUSLR,train
20260805_011552_PKACXU,train
20260805_011645_MXZPMQ,eval
20260805_011835_LVRGQD,train
20260805_012002_LXCAVN,train
20260805_012042_FGVJJE,eval
20260805_012055_QYJEUC,eval
20260805_012253_FPWGHU,train
20260805_012350_GAAHLT,eval
20260805_012404_FTZKKH,train
20260805_012429_RKHLXW,train
20260805_012854_PAMUPQ,eval
20260805_013125_WXHDAQ,train
20260805_013324_WPQRNJ,train
20260805_013558_QZHJGF,train
20260805_014121_VYAFRA,train
20260805_014214_FHVCPC,train
20260805_014327_AHHYJD,train
20260805_014517_HZCLAN,train
20260805_014921_XVEEQC,train
20260805_015008_CEKLTD,train
20260805_015052_QYYURP,train
20260805_015358_HHBTYB,train
20260805_020353_KTNWXL,train
20260805_020607_GYQPEU,train
20260805_020627_REMSCL,train
20260805_021239_NTBCZY,train
20260805_021317_VCNJAZ,eval
20260805_021354_GPSARY,eval
20260805_021431_RABJLW,train
20260805_021526_VSTYXT,train
20260805_021542_RGHDZL,eval
20260805_021543_HEJSTW,train
20260805_021633_FGEDAR,train
20260805_021727_RNPLJD,train
20260805_021742_VQTFWS,train
20260805_021815_ZSARDP,train
20260805_021820_EAQMPP,eval
20260805_022024_ACSWPQ,eval
20260805_022546_QNLDLR,train
20260805_022603_UBDVGX,train
20260805_022635_SNVVTU,train
20260805_022706_WQPTWK,train
20260805_023014_NZCDRN,train
20260805_023015_DVFCSC,train
20260805_023043_CXPAKD,train
20260805_023337_QDHFTX,train
20260805_023709_FVBRVR,train
20260805_024303_PDHEYF,train
20260805_024403_PTVHDQ,train
20260805_024422_ZDSXJN,eval
20260805_024523_LUMJBX,train
20260805_024524_YPMVEJ,eval
20260805_024709_DFXLEA,train
20260805_024803_KFCHZN,train
20260805_024825_MSPGBZ,train
20260805_025131_NYKNHY,eval
20260805_025511_DGYDUT,train
20260805_025702_AXMRHQ,train
20260805_025816_KWZMTF,train
20260805_025822_SMADDY,eval
20260805_025830_FYBHEQ,train
20260805_025909_HLUESX,eval
20260805_030035_NQPKCV,train
20260805_030110_HLPKDF,train
20260805_030114_JUNEYA,train
20260805_030117_JYHVVD,train
20260805_030333_JXRNDQ,train
20260805_030556_KPHNAB,train
20260805_030747_PLAEWG,train
20260805_030752_TMRHPG,train
20260805_030803_TBMWGL,train
20260805_030828_FKUHYY,train
20260805_030830_RGQUTV,train
20260805_030915_SQNLLM,train
20260805_030951_VXKXNE,train
20260805_031014_YEQYFG,train
20260805_031025_NRBQNZ,train
20260805_031033_WFSGRR,train
20260805_031712_ZKDXTK,train
20260805_031725_HLQTUA,train
20260805_031756_UWJHAC,train
20260805_031915_EFXDPU,train
20260805_031924_WPJVSV,train
20260805_032240_ESRMJK,train
20260805_033014_UBUEZX,train
20260805_033121_YLYDXY,train
20260805_033140_GWUTLQ,eval
20260805_033917_DQBLXE,eval
20260805_034123_RXTRNR,train
20260805_034219_MBJMWA,eval
20260805_034242_SPEUXK,eval
20260805_034407_NHLGJC,train
20260805_035210_CDBDSU,eval
20260805_035423_FQHUHU,train
20260805_035645_RUETRH,eval
20260805_035816_EKFNUH,train
20260805_040135_JUEQVH,eval
20260805_040807_QNNLAW,eval
20260805_040842_SUTCGU,train
20260805_041731_MDFTXS,train
20260805_041803_HTCLKT,train
20260805_042113_SULEEA,eval
20260805_042313_DTMRZE,eval
20260805_042504_HNHXUT,train
20260805_042707_PJKEFL,eval
20260805_042800_BZVPLZ,train
20260805_042954_BQYRXM,train
20260805_043034_DBJFBG,train
20260805_043412_NZKQZK,train
20260805_043509_ZTDCXQ,train
20260805_043926_FVVZCS,train
20260805_044123_HZZKWG,train
20260805_044412_YASNXW,train
20260805_044616_EMUSWX,train
20260805_044823_MRNZNB,train
20260805_044846_PVJNCE,eval
20260805_044920_ESVHYX,train
20260805_045018_BYEKCB,train
20260805_045113_QBJFUT,train
20260805_045231_NBRRHL,train
20260805_045240_KYMRBP,eval
20260805_045331_PJFSQA,train
20260805_045345_GMBULF,train
20260805_045415_ZJWBSU,eval
20260805_045422_SDRXJK,train
20260805_045735_HXCBLB,train
20260805_050040_YKMWDT,train
20260805_050123_AELVRM,train
20260805_050220_GTLSXK,train
20260805_050302_BJFRPR,train
20260805_050629_VBARCK,eval
20260805_050700_QRRFAC,train
20260805_050701_GLFXNH,eval
20260805_050748_SBPPXJ,train
20260805_050830_GGBAWZ,train
20260805_050830_TCMZVQ,train
20260805_050842_NETRKG,eval
20260805_050845_BEXHLX,eval
20260805_050909_GUMEGV,train
20260805_051207_FFTFBT,train
20260805_051451_SLWHZF,train
20260805_051558_SNJLJJ,train
20260805_051715_ENRHLD,train
20260805_051750_MTGNUD,train
20260805_051905_SQEXNV,eval
20260805_052017_HDGKBL,train
20260805_052206_DFTQTY,train
20260805_052246_AYMQZE,train
20260805_052249_ABGEHV,train
20260805_052410_XWCWMX,eval
20260805_052605_FZNPLS,eval
20260805_052759_FQBTZD,eval
20260805_053154_CSQWCY,eval
20260805_053155_DFXTAM,train
20260805_053316_NBLFSF,train
20260805_053600_BUGWCS,train
20260805_053633_PCZFXJ,eval
20260805_053657_CTKRMM,train
20260805_053722_KBCBUP,eval
20260805_053733_BCJRZV,train
20260805_054412_FZDCRR,eval
20260805_054435_PZHHKK,eval
20260805_054559_PWPFYQ,train
20260805_054811_QDLYNC,train
20260805_054922_RALSGQ,train
20260805_055003_LFEEDW,train
20260805_055021_SNRYDS,train
20260805_055256_WQXFXS,train
20260805_055309_WJNJVT,train
20260805_055350_TNRTQG,train
20260805_055355_ZLGWGU,train
20260805_055400_ZDRLYS,train
20260805_055401_XNEXTS,train
20260805_055506_BCFPKC,train
20260805_055527_BBFAFQ,train
20260805_055939_RBJAMH,train
20260805_060025_QRUAPF,train
20260805_060059_XJPMXR,train
20260805_060238_YNBPNL,train
20260805_060300_DSFWTX,train
20260805_060321_AVAHCZ,train
20260805_060331_SFCWPV,train
20260805_060337_TDVRCP,train
20260805_060358_BEAYRY,train
20260805_060543_XMPRKR,eval
20260805_060557_XJSCWC,train
20260805_060557_YNUQBQ,train
20260805_060700_VEEBRF,eval
20260805_060927_BUCPCT,eval
20260805_060947_NVVZQF,train
20260805_061108_USZQCN,train
20260805_061211_FPAJTN,train
20260805_061316_WESTVT,train
20260805_061714_DVWAXV,eval
20260805_061718_QDUZTY,train
20260805_062201_XGKXDL,train
20260805_062235_XJMCCR,train
20260805_062303_YRFUAM,train
20260805_062611_JHSSTE,train
20260805_062641_RJNLHL,train
20260805_063235_JHNGCK,train
20260805_063326_BDDUKP,train
20260805_063343_VKJTDM,eval
20260805_063403_ALRZPC,eval
20260805_063432_HZVVLT,train
20260805_063432_RAGZUF,train
20260805_063539_VDWKBM,train
20260805_063606_ATUJRF,train
20260805_063947_CFGVVA,train
20260805_064014_DTYHRT,eval
20260805_064228_EJMUXH,train
20260805_064332_UMFUJY,train
20260805_064447_SRPEBX,eval
20260805_064944_RNQYTX,train
20260805_065018_JAKCWB,train
20260805_065212_SKHVAP,train
20260805_065239_HYWPFV,train
20260805_065601_UHGKPG,train
20260805_065620_NCFZQR,eval
20260805_065709_NPXJQR,eval
20260805_065716_AKUFLP,train
20260805_065955_HHEYXN,train
20260805_070344_FKGQBL,train
20260805_070513_VTCHVG,train
20260805_070655_XYBAKZ,eval
20260805_070755_BSXFGZ,train
20260805_070907_ZZGNSH,train
20260805_070951_PJJBEY,train
20260805_071129_UAUPRG,train
20260805_071520_NXDWPG,train
20260805_071722_DGCRWM,train
20260805_072033_CFGBYC,train
20260805_072210_PGKVWH,train
20260805_072325_LBCDBQ,train
20260805_072553_DPJWQH,train
20260805_072809_JQGAKB,train
20260805_072956_MAJMMX,train
20260805_073153_LDAGRJ,eval
20260805_073715_RQTYRS,train
20260805_073724_XFSTQJ,train
20260805_073827_VZDMKD,eval
20260805_073926_ATCHVA,train
20260805_073949_WQXJFW,train
20260805_074117_TWEHVH,train
20260805_074220_KJZWPB,train
20260805_074318_XYSYMQ,train
20260805_074405_WZKAEB,train
20260805_074446_GNVAHW,train
20260805_074612_JSQWVS,train
20260805_074756_VMDKSX,eval
20260805_074818_GVMVFJ,train
20260805_074902_BPVXWH,train
20260805_074923_XCTHLY,train
20260805_074955_JNCGAU,train
20260805_075436_TAEBHG,train
20260805_075823_TRLSMM,train
20260805_075830_VHVBHF,eval
20260805_080248_FVYUGT,train
20260805_080250_VMPSYA,train
20260805_080534_DUGFXD,train
20260805_081047_XTMLQK,eval
20260805_081141_GYNESF,train
20260805_081210_FJZLHY,train
20260805_081228_LRWGHD,train
20260805_081341_HMXFVS,train
20260805_081416_WSWZTS,train
20260805_081509_LXDRWH,train
20260805_081539_WAJPCH,train
20260805_081609_KBBABV,train
20260805_081622_BJJWTR,train
20260805_082016_RGKMTD,train
20260805_082053_YWMPDP,train
20260805_082758_CDRDPM,train
20260805_082818_YNRGKN,eval
20260805_082835_CSGSXD,train
20260805_082921_FLULLA,train
20260805_083047_TLTGLF,train
20260805_083323_JJCHNY,train
20260805_083655_KKUMDL,train
20260805_084041_CYLZEL,eval
20260805_084125_BNBDXG,train
20260805_084506_NYYTYS,eval
20260805_084539_AAEVBA,train
20260805_084807_QMVFSY,train
20260805_084825_MQPPBC,train
20260805_085021_AMYJJJ,train
20260805_085418_PDWPAM,train
20260805_085555_MPFFPP,train
20260805_085943_FKBDDC,eval
20260805_085957_VHCGRJ,eval
20260805_090038_ARUYWG,train
20260805_090113_RRDUVS,train
20260805_090114_QRPVED,train
20260805_090236_RDBKKK,train
20260805_091057_PASMVC,eval
20260805_091108_XVQDFH,eval
20260805_091225_HCUAKL,train
20260805_091233_MSLUBY,train
20260805_091402_SGQYLE,train
20260805_091428_LELVMR,train
20260805_091849_QKWNXA,train
20260805_092025_ENJSQX,eval
20260805_092111_UWVFVB,eval
20260805_092250_KUWSMP,train
20260805_092319_PHPFUB,train
20260805_092643_UDJFTW,train
20260805_092721_GRZUAB,train
20260805_092910_GDYBYG,train
20260805_093001_RKNWDM,train
20260805_093317_UZGPVG,train
20260805_093335_NLMDXL,eval
20260805_093424_NFFCSC,train
20260805_094108_WVXWHR,train
20260805_094532_FNJUJA,train
20260805_094638_LFLUCC,train
20260805_094733_ZUNXFD,train
20260805_094844_XATXMX,train
20260805_094915_DSADTG,eval
20260805_095124_VRDTYP,train
20260805_095215_XARZUK,train
20260805_095332_LMDMDZ,train
20260805_095543_YSBFZR,train
20260805_095843_FJNVDH,train
20260805_095844_VNHRJH,eval
20260805_100011_VCBMAJ,train
20260805_100057_MFTEQM,train
20260805_100215_LEEZYG,train
20260805_100448_KNQWES,train
20260805_101103_EDVQGC,train
20260805_101356_GXQNKS,train
20260805_101444_TJUYCE,train
20260805_101613_WQJDBX,train
20260805_102613_WBTAUQ,train
20260805_102638_ZBMGMJ,train
20260805_103231_CABTRE,train
20260805_103755_XUYMQS,train
20260805_104019_MLQAFN,train
20260805_104416_ATSHSZ,train
20260805_104947_PMHPGN,train
20260805_105250_KAMEAH,train
20260805_105450_WXULRW,train
20260805_105511_KSHURJ,eval
20260805_105537_GPGMFR,train
20260805_105538_KHRRPZ,train
20260805_110112_NNZWPP,train
20260805_110200_HKZRJQ,eval
20260805_110738_UHAYTF,train
20260805_110830_JFUHHT,train
20260805_111721_SKQGBS,train
20260805_114954_ESRVQQ,train
20260805_120535_NMQWAW,train
20260805_120954_SFASVV,eval
20260805_123242_QTTEKJ,train
20260805_123648_GTZNXH,eval
20260805_123715_CULESJ,train
20260805_124038_WAHSVZ,train
20260805_125749_GWCFEX,train
20260805_132452_UDUAQA,train
20260805_134533_ENCSZQ,train
20260805_135310_YEELXW,train
20260805_135355_TBPBDE,train
20260805_141643_HWUXKR,train
20260805_142118_YRMZZE,train
20260805_144213_TGYTLS,train
20260805_151821_AYJHJK,train
20260805_234437_VXTFFN,train
20260805_235539_HTPMBG,train
20260806_001014_DZEZQF,eval
20260806_001319_QTFETX,train
20260806_001547_HDEKQE,train
20260806_002048_PHZNEE,train
20260806_002240_FQEVRK,train
20260806_002343_EXMKSZ,eval
20260806_002435_TUVSPW,train
20260806_002453_BNNNTU,train
20260806_002605_QNCDJW,train
20260806_002650_GKHEXE,train
20260806_002949_DLUMTF,train
20260806_003054_XKMMUM,train
20260806_003101_SELTQQ,eval
20260806_003146_PUSZWX,train
20260806_003234_UBPKJY,eval
20260806_003252_XZBAGQ,train
20260806_003410_NTLBCU,train
20260806_003539_KWVLKB,train
20260806_003817_JSDXPL,train
20260806_004020_LCLRGB,train
20260806_004041_ALSVSG,train
20260806_004042_XNTVTH,train
20260806_004046_GVSXQQ,train
20260806_004057_HBBQCQ,train
20260806_004104_QTFAAR,train
20260806_004132_JFGEEH,train
20260806_004134_QWLYSY,train
20260806_004210_CPRTZF,train
20260806_004232_NVACRF,train
20260806_004348_LPEUGM,train
20260806_004457_REHYXW,train
20260806_004551_WMSFYX,train
20260806_004612_CCAMBY,train
20260806_004617_JTRZNB,train
20260806_004630_SDYHXV,train
20260806_004709_SHTTYS,train
20260806_004710_PCJMXW,train
20260806_004816_BWALHS,train
20260806_004912_XRFPLL,train
20260806_005246_GMHTYP,train
20260806_005326_MXMVCK,train
20260806_005440_QBAUVZ,train
20260806_005652_SLXZUB,train
20260806_005951_UMTBUF,train
20260806_010510_XBDAFU,train
20260806_010623_RNNZCR,train
20260806_010721_FQKYAK,train
20260806_010835_CKVKYX,train
20260806_010850_GFNLGZ,train
20260806_010902_QDUTRD,train
20260806_010938_HRSBMY,train
20260806_010947_AMAAVW,train
20260806_011017_PTREAB,train
20260806_011136_NFTQYC,train
20260806_011545_QZHBVA,eval
20260806_011939_GWJSTG,train
20260806_012215_XKYWRD,train
20260806_012224_HZQHQF,train
20260806_012941_BNEXXF,eval
20260806_013021_MBACHY,train
20260806_013258_GVENPK,train
20260806_013413_BALECM,train
20260806_013511_ETWXFU,train
20260806_013758_SUBQUZ,train
20260806_013952_ERDRMD,eval
20260806_014042_TGBKXX,train
20260806_014343_VJHDPN,train
20260806_014438_SUPARQ,train
20260806_014809_KSGGAX,train
20260806_014859_YCATAL,train
20260806_014953_AJBWNZ,eval
20260806_015113_JNRGDG,eval
20260806_015413_JWGKNM,train
20260806_015445_TDUENS,eval
20260806_015457_VMJMQB,eval
20260806_020111_JCCEUH,eval
20260806_020149_VJRBFE,train
20260806_020342_QRYUWH,train
20260806_020406_GKBLTH,train
20260806_020456_RBESFF,train
20260806_020629_RPJWSZ,train
20260806_020630_WESSRK,train
20260806_020758_VFZGXU,train
20260806_021101_KXGRGH,train
20260806_021209_BKWPDE,eval
20260806_021218_VBGGYB,train
20260806_021230_MSCUMD,train
20260806_021233_LXSZWD,train
20260806_021737_BMFSHM,eval
20260806_022200_WGAVQF,train
20260806_022339_QWYJBB,train
20260806_022453_TYZWUH,train
20260806_022510_JLVGFH,train
20260806_022741_YFKMNG,train
20260806_022753_GCMWQP,train
20260806_023051_MJJABS,train
20260806_023140_RMUNBK,train
20260806_023209_VSRVVK,eval
20260806_023327_RUYHFP,train
20260806_023508_UPHVDE,train
20260806_023656_MSKLMV,train
20260806_023700_REYLLH,train
20260806_023718_GSTEXM,train
20260806_024121_SGTRVE,train
20260806_024503_MHQACL,train
20260806_024713_ULRGLF,train
20260806_024729_GKNYQU,train
20260806_024854_MTWEXX,train
20260806_025007_HSYQPU,train
20260806_025953_UKVLXH,eval
20260806_030147_FHMNVD,eval
20260806_030255_ZNNZFY,train
20260806_030514_FZDJUE,train
20260806_030601_TBSCJM,train
20260806_030814_BEHECD,train
20260806_030842_LZWSXM,train
20260806_031307_KVKVVR,train
20260806_031415_XYKYBG,train
20260806_031541_BMPFDC,train
20260806_032531_VJJCXY,train
20260806_032657_PHDLLA,eval
20260806_032727_WWJHCG,train
20260806_032832_DMLJQN,train
20260806_032857_ELURLZ,train
20260806_033248_KKVQKC,eval
20260806_033301_HYKPEC,train
20260806_033742_WJSSZX,train
20260806_033900_BGWESA,train
20260806_034000_UMHGSP,train
20260806_034024_GENQNC,train
20260806_034229_RAMXRB,train
20260806_034352_EVAHGV,eval
20260806_034457_HCPVHT,eval
20260806_035304_EPJSYT,eval
20260806_035419_QXUMFH,train
20260806_035650_CGLSKM,train
20260806_040117_LFKQGV,eval
20260806_040939_CBYTEA,train
20260806_041202_PHXQYE,train
20260806_041434_QXMYXQ,eval
20260806_042812_QNBGEG,train
20260806_042949_TYAKNU,train
20260806_043046_LNHTYE,train
20260806_043313_KDHXWS,train
20260806_043710_WBAPKH,train
20260806_043832_XELEJH,train
20260806_043855_WBQAQF,train
20260806_044646_TEMEPL,train
20260806_044710_TVRZYS,train
20260806_044900_QHJQBC,train
20260806_045048_EDZUZW,eval
20260806_045058_GBARMV,train
20260806_045149_MQJDQX,train
20260806_045328_DTQDMR,train
20260806_045716_LWAEQU,train
20260806_045847_NUYWGB,train
20260806_050043_GLADMU,train
20260806_050155_YRNBWZ,eval
20260806_050205_ZFSHQB,train
20260806_050214_KHCTBG,train
20260806_050412_YRRUBD,train
20260806_050446_ATFXHP,train
20260806_050528_KCFCRY,train
20260806_050552_QYMZGC,train
20260806_050629_GPGHUA,train
20260806_050702_QLASNL,train
20260806_051211_AXMHJE,train
20260806_051350_NYJXSY,train
20260806_051505_BNFHQW,eval
20260806_051551_ADZLBP,eval
20260806_051843_KWBAHX,train
20260806_052212_MDSXEZ,train
20260806_052344_TCJUQW,train
20260806_052404_JZLFBV,train
20260806_052610_GVUTGQ,train
20260806_052629_TATZSR,train
20260806_053034_DGRTQK,train
20260806_053051_DRWZAX,train
20260806_053112_EEQHJP,train
20260806_053117_GBZLHE,train
20260806_053213_ZYUDNT,train
20260806_053306_ACJVQS,train
20260806_053342_WVLKRM,eval
20260806_053427_VBQVYE,eval
20260806_053630_SMWPLV,train
20260806_053758_QRUNSK,train
20260806_053924_UPXBRF,train
20260806_054247_FDHUVM,train
20260806_054251_JJZEEL,train
20260806_054307_JAGGWC,train
20260806_054427_GBBPKR,train
20260806_054546_GLSYWA,eval
20260806_054627_GGMBWL,train
20260806_054742_VCYWHQ,eval
20260806_054955_VYCNGT,eval
20260806_055054_WRKSXG,eval
20260806_055103_QDMZGB,eval
20260806_055104_DYVAUJ,eval
20260806_055400_RXWJBU,train
20260806_055456_TFMZQJ,train
20260806_055633_BWDWPT,train
20260806_055724_YRNEBD,train
20260806_055916_FAGJML,train
20260806_055922_CAMVDB,train
20260806_055934_WYHLJX,train
20260806_060010_PKYRYL,train
20260806_060042_VVHDTW,train
20260806_060135_SDJEUD,train
20260806_060152_EPQTDY,train
20260806_060254_XZPCLC,train
20260806_060342_ZKKERK,train
20260806_060350_MLBGGA,eval
20260806_060402_YQZLFG,train
20260806_060420_PSLRSJ,train
20260806_060528_UFYNRZ,train
20260806_060539_ATZTGJ,train
20260806_060555_HGKWQY,train
20260806_060625_MECQUQ,train
20260806_060652_DNGZFT,train
20260806_060705_YTPFKN,eval
20260806_060739_NGKVDQ,eval
20260806_060929_UDAZEG,train
20260806_061034_QKKRNU,train
20260806_061057_ZPETMB,train
20260806_061152_FDEQWN,eval
20260806_061239_RMJWEX,train
20260806_061411_ZFEMSB,train
20260806_061508_TVTPZW,train
20260806_061951_MRNYKA,train
20260806_062024_DSXHRK,eval
20260806_062205_RLUSBS,eval
20260806_062242_TQHLSQ,train
20260806_062314_VJDKBA,train
20260806_062519_GEUEYM,train
20260806_062606_EBYQLD,train
20260806_063345_WCQMXH,train
20260806_063526_NLASQU,train
20260806_063730_YAXFHB,eval
20260806_064443_YYPEYD,train
20260806_064810_XXUQPK,train
20260806_064846_SDESTM,train
20260806_065028_HKYWHP,train
20260806_065101_ZRXTBU,train
20260806_065235_KEDUTW,train
20260806_065243_JTKGPQ,eval
20260806_065406_UQKDLP,train
20260806_065548_SRQXRR,train
20260806_070208_JDQKTD,train
20260806_070423_LJATFF,train
20260806_070445_LMZSDL,train
20260806_070529_MLCEQW,train
20260806_070726_BKKUCU,train
20260806_070755_SQXYHT,eval
20260806_071004_PYQGSN,train
20260806_071145_FSAXVK,train
20260806_071552_TJYBQT,train
20260806_071705_ZGWMRX,eval
20260806_071905_GDBJUJ,train
20260806_072150_FNJGGH,eval
20260806_072211_WFQMHJ,train
20260806_072713_DDTWNE,eval
20260806_073202_SSFLYN,train
20260806_073224_BNKKMZ,train
20260806_073432_JHAMNB,train
20260806_073525_HUQTWB,train
20260806_073710_VXLKBX,train
20260806_073955_HZDJWV,train
20260806_074152_KDPHKF,train
20260806_074239_QREBXV,train
20260806_074349_XXRYEC,train
20260806_074403_KMHUSE,train
20260806_074429_TGVGTT,train
20260806_074533_BQJRLX,train
20260806_074921_VPWPQV,train
20260806_075108_KDQJUZ,train
20260806_075114_GQVBQX,train
20260806_075148_SWRCLA,train
20260806_075428_DKJEDF,train
20260806_075829_FBZGDY,train
20260806_075852_RABRTK,train
20260806_080014_NMLTQS,train
20260806_080343_DLVYHE,train
20260806_080400_ACWQZT,train
20260806_080648_HGWYPK,train
20260806_080706_KXNVHP,train
20260806_080802_YDQBAM,eval
20260806_081348_QQYMGF,train
20260806_081632_FDBXWT,train
20260806_081632_UEXWSD,train
20260806_081701_NMTNFT,train
20260806_082018_YQHREJ,eval
20260806_082326_SQALSN,train
20260806_082345_YKTLLG,train
20260806_083034_TTLBZM,train
20260806_083156_DJEEHJ,train
20260806_083224_HQVCYL,train
20260806_083236_HYFAQN,train
20260806_083451_GHPRUN,train
20260806_083507_EZRYXS,eval
20260806_084006_VNEDYC,train
20260806_084059_ECJAEL,train
20260806_084409_LMMTMF,eval
20260806_084441_WVJREQ,train
20260806_084629_MRATGJ,train
20260806_084933_LYUSND,train
20260806_085259_ARERKZ,train
20260806_085514_LLKSZU,train
20260806_085528_NYRZRD,train
20260806_085859_PCRVTN,train
20260806_085912_NQMGKS,eval
20260806_090113_AZYDTS,train
20260806_090552_SJLMUK,train
20260806_090553_QMBSVM,train
20260806_090745_BBCYPC,eval
20260806_091137_DNEBUC,eval
20260806_092114_EKMYTY,eval
20260806_092210_PZEEUP,train
20260806_092225_CEJJAR,eval
20260806_092240_QULMSU,eval
20260806_092247_WWKLKC,train
20260806_092327_CYULGY,train
20260806_092405_RPBTAK,train
20260806_092408_GPHCCF,train
20260806_092704_GLPFKT,train
20260806_092730_DSMKJQ,train
20260806_092914_CREURW,eval
20260806_093013_FJZENA,eval
20260806_093525_UEQZMK,train
20260806_094327_LGJVXK,train
20260806_100948_DMMWEP,train
20260806_101029_AGMWDF,train
20260806_101135_YNESEK,eval
20260806_101246_SUMTPM,train
20260806_101836_ABALZL,train
20260806_101849_SPZREL,train
20260806_102436_ZMEGPJ,train
20260806_102609_TRZBXA,train
20260806_103118_ZBJPSP,train
20260806_104012_EQLHZJ,train
20260806_104252_QNZRDK,train
20260806_104505_BRWWYM,train
20260806_105001_FGCLDV,train
20260806_105055_FRTTNX,train
20260806_105111_DPEMUD,train
20260806_105425_QWUSAP,train
20260806_110025_BFMVMC,train
20260806_110320_AUKZYE,train
20260806_112005_JLAKXL,train
20260806_112318_QUPFXS,train
20260806_112354_BNKXAC,eval
20260806_112528_QBXTED,train
20260806_112622_GJWMXE,eval
20260806_112624_KJZZES,train
20260806_112812_LNPVNJ,eval
20260806_112920_DEXMUQ,train
20260806_113100_XADABF,train
20260806_113739_SBKULK,train
20260806_115133_VLPUHV,train
20260806_120149_FNLKZG,train
20260806_121709_RWSTBJ,train
20260806_122009_ZHXSDU,eval
20260806_122822_NPYXKX,train
20260806_123009_RVKXXM,train
20260806_123938_QXADLQ,train
20260806_125038_ZTCHUB,eval
20260806_130010_ZXZPZR,train
20260806_130105_FASRVZ,train
20260806_130550_TPSKLU,train
20260806_131712_UNYDMF,train
20260806_131721_UTXNZM,train
20260806_132506_EHTZFJ,eval
20260806_132537_SFZDVK,train
20260806_134229_ELNRPF,train
20260806_134629_XSKDYT,train
20260806_141009_QFHRKM,train
20260806_141511_FKDVWU,train
20260806_142020_MSBGBM,train
20260806_143901_LXJXZZ,train
20260806_144756_NETDXY,train
20260806_150242_HLWVKJ,train
20260806_155834_TUVNPM,train
20260806_155903_HLZUZC,train
20260806_161913_NFWSKS,eval
20260806_163338_PGQNNM,train
20260806_212127_RCRXFS,eval
20260806_214802_WJZKBF,train
20260806_222145_CPBTFB,train
20260806_230044_THZKER,train
20260806_231112_PHAYLH,train
20260806_231324_QTSQXU,eval
20260806_231449_DMVHFM,train
20260806_232247_LGGBPM,train
20260806_232326_TALNCS,eval
20260806_232348_QCLMVH,train
20260806_232554_ASZVJL,train
20260806_232633_YNVUAF,train
20260806_233008_YRFYYW,eval
20260806_233733_LZCUBJ,train
20260806_234527_UNMXSP,train
20260806_235150_HKUENZ,train
20260806_235237_SBKFNK,train
20260806_235320_VMWVTE,train
20260806_235503_TCYUKM,train
20260806_235724_UZSTRY,train
20260806_235841_TFBHKL,eval
20260806_235909_DLFFPA,eval
20260807_000306_SNKEPQ,train
20260807_000401_YMYHCT,eval
20260807_000503_WWNXAV,train
20260807_000555_JCPJZE,eval
20260807_000735_UHAYYY,train
20260807_000859_CSUJSJ,train
20260807_001016_JCVEWG,train
20260807_001247_KGPWXA,train
20260807_001257_QPXMJW,train
20260807_001312_VHBRTM,train
20260807_001502_MSELVZ,train
20260807_001633_NGGBTU,eval
20260807_001633_QNQFEF,train
20260807_001848_PJVQWY,train
20260807_001930_CBHEFF,eval
20260807_001956_FEBYLW,eval
20260807_001959_PAXPJQ,train
20260807_002212_PPDSZU,train
20260807_002239_RUBFRM,eval
20260807_002332_CGLUDR,train
20260807_002449_NAPXBU,train
20260807_002653_FUSJDX,eval
20260807_002727_YJHCSG,train
20260807_003002_VBSMGW,train
20260807_003120_EKTCRU,train
20260807_003221_LGNFXS,train
20260807_003232_RNHRAG,train
20260807_003255_UCHFAG,train
20260807_003438_BLTJCM,train
20260807_003554_JJQNJV,train
20260807_003608_YPZFMK,eval
20260807_003926_GPUQLE,train
20260807_003942_NTPXDT,train
20260807_003957_WNAPSD,train
20260807_004107_VLSYFM,train
20260807_004143_TELYUG,train
20260807_004217_HXKGXW,train
20260807_004300_VVNCUW,eval
20260807_004512_UFTCDR,train
20260807_004533_ZFDEGE,train
20260807_004554_ALDJRT,eval
20260807_004639_BQFSBN,eval
20260807_004639_HJNZBU,train
20260807_004905_EXPXRN,train
20260807_004928_JNZPGF,train
20260807_005009_ZTUERX,train
20260807_005035_MYYUHZ,train
20260807_005038_GCAMPR,train
20260807_005154_HDQWHR,train
20260807_005251_HNRFCU,train
20260807_005440_RJNKDT,train
20260807_005528_HFGRMA,eval
20260807_005820_SGWEYQ,eval
20260807_005842_KXVXRC,train
20260807_010123_LHKYHJ,eval
20260807_010158_RLBZCF,train
20260807_010233_FAWXQG,train
20260807_010332_ZVQKVP,train
20260807_010821_LQAUHR,eval
20260807_010827_CSULJD,train
20260807_010840_AYRWSE,train
20260807_011023_MRGSJG,train
20260807_011200_CAPXZB,train
20260807_011216_JGJSEV,train
20260807_011441_JVAZCV,train
20260807_011451_JYTVQM,train
20260807_011459_ASJQMW,train
20260807_011941_CELHNE,train
20260807_012135_LFMZUX,train
20260807_012235_CQQLUA,train
20260807_012242_LSEMBF,train
20260807_012313_ZZGWJY,train
20260807_012401_JDMTXT,train
20260807_013224_ZJRWMF,eval
20260807_013257_CXLNNN,train
20260807_013412_HASZGC,train
20260807_013414_SWAFNX,eval
20260807_013417_UXJDYH,train
20260807_013437_HANVSD,train
20260807_013557_UCCUJH,train
20260807_013603_AZWDRK,eval
20260807_013716_VNGTTH,train
20260807_013903_NLNFSG,train
20260807_013948_SRJTYQ,train
20260807_014750_RTUYCX,train
20260807_014934_BKHUTY,train
20260807_015052_WDRHDR,train
20260807_015239_XPGRME,eval
20260807_015308_VSPFVV,train
20260807_015312_ACHKBD,train
20260807_015451_AQKWYA,train
20260807_015512_EXQASS,train
20260807_020259_MUVKDJ,eval
20260807_020617_LSYHKN,train
20260807_020745_GQNVVV,train
20260807_020958_VSSWGW,train
20260807_021014_VBUNEU,train
20260807_021118_EMZGPQ,eval
20260807_021233_PDTFBZ,train
20260807_021445_UMNJCN,eval
20260807_021448_MGDUBZ,train
20260807_021536_SKJPTC,train
20260807_021640_WPTFPU,eval
20260807_021644_KBUJRB,train
20260807_021654_RCKCZR,train
20260807_021903_FBPLMC,eval
20260807_021931_TQQDCX,train
20260807_022113_CQZVDT,train
20260807_022114_DNHCEG,eval
20260807_022238_YWQZDS,eval
20260807_022306_UTUCDG,train
20260807_022310_HHFDAT,train
20260807_022445_JYAVFM,train
20260807_022703_YUPHKD,train
20260807_022829_CCVLTV,train
20260807_022839_PRDFFV,train
20260807_022858_BYHEYK,eval
20260807_022940_NMVAHM,train
20260807_023116_MJWZQY,train
20260807_023253_VFNUHJ,train
20260807_023434_AFRLSG,train
20260807_023659_UKYJVZ,train
20260807_023713_JNLQQK,train
20260807_023810_EKACPC,train
20260807_023847_QFJKSZ,train
20260807_024905_MWTAMG,train
20260807_025336_SUXHYR,train
20260807_025346_PFZAWS,train
20260807_025414_SDQYEW,train
20260807_025722_VGKBBL,train
20260807_025809_VKVMDS,train
20260807_025829_LQUYPQ,train
20260807_025911_NNPNYG,train
20260807_025916_MPTGBW,train
20260807_030119_FLPLFW,train
20260807_030209_DQRMGD,eval
20260807_030335_MUJPFZ,train
20260807_030646_PJRKTA,train
20260807_030655_RQHXQQ,eval
20260807_030712_NBLKGC,train
20260807_030926_YKFBBE,train
20260807_031201_EZHYCA,train
20260807_031847_TVYNMP,train
20260807_032347_ERHBPT,train
20260807_032707_HRLNKV,train
20260807_032829_LAAHVK,eval
20260807_033128_RRUBVS,train
20260807_033732_RMCRHQ,train
20260807_033738_GGNFZW,eval
20260807_033916_KJEMKJ,train
20260807_033942_NZVVEU,train
20260807_034143_EHNCUP,train
20260807_034533_HYQPSP,train
20260807_034609_NQTTWM,train
20260807_034811_UWMVPJ,train
20260807_035125_VHPGMY,eval
20260807_035453_EWDZDL,train
20260807_035507_PPQRUW,train
20260807_035645_XRZHLM,train
20260807_040632_VCAWZU,train
20260807_040639_ATTMFB,eval
20260807_040704_WANMDG,train
20260807_040838_PDBEQD,train
20260807_041046_UDJTZD,eval
20260807_041059_DCKNTG,train
20260807_041534_ZSKXVK,train
20260807_042057_EFBBDC,train
20260807_042305_ULTZMF,train
20260807_042610_MQSFBV,train
20260807_042713_TBKBBX,eval
20260807_043006_ERVJBG,train
20260807_043224_PWDNSR,train
20260807_043228_AQDSMW,train
20260807_043718_BUCJSZ,train
20260807_044330_BFWDRW,eval
20260807_044424_WWRZDF,train
20260807_044438_QDLUZR,train
20260807_044532_TDUHTU,train
20260807_044533_ZMDTLU,train
20260807_044534_YWMDJY,train
20260807_044802_UZLBLY,train
20260807_045029_HQJGKH,train
20260807_045250_VYKSFB,train
20260807_045414_JWZSLG,train
20260807_045945_EXHKMY,train
20260807_050231_JCBHSN,train
20260807_050305_UHZFXP,train
20260807_050424_VNMCJR,train
20260807_050725_MAEKKN,train
20260807_050826_LZTSED,train
20260807_050901_YHNETC,eval
20260807_050949_QPJYGP,eval
20260807_051038_JRCDEB,train
20260807_051128_XKDUWV,train
20260807_051139_QCVCRW,train
20260807_051139_VRBBRP,train
20260807_051217_CPQJGH,eval
20260807_051401_JRLCQQ,train
20260807_051954_RMASVD,train
20260807_052012_QKDQFA,eval
20260807_052229_WTFUDE,train
20260807_052348_BPEPMJ,eval
20260807_052549_RYBJVP,train
20260807_052606_LUEECR,train
20260807_052647_DYAEFJ,train
20260807_052719_ZSDKLG,eval
20260807_052800_EMSLWN,eval
20260807_053013_YVSLMK,train
20260807_053051_SEWHWN,eval
20260807_053227_XTCTVK,train
20260807_053355_LVZHSN,eval
20260807_053425_ULBXAK,eval
20260807_053801_LCNGFL,train
20260807_053818_TBKXWC,train
20260807_053901_BCFTKF,train
20260807_053909_MBQGCA,train
20260807_054127_MDKRUW,train
20260807_054130_PTHRWW,train
20260807_054236_AYLFZC,train
20260807_054309_TKHNGR,train
20260807_054330_HJBPYH,train
20260807_054420_HRJTSD,train
20260807_054545_KCCKYF,train
20260807_054700_XXNDBG,train
20260807_054849_CZXFPU,eval
20260807_055011_LVDZQG,train
20260807_055048_SZANNF,eval
20260807_055422_QQVAFM,train
20260807_055711_CVAUBJ,train
20260807_055906_VSGLBE,train
20260807_055953_NNTQMZ,eval
20260807_060029_ZRZLDT,train
20260807_060114_XZNTNA,train
20260807_060544_RULWKJ,train
20260807_060551_MXVWBH,train
20260807_060637_XNXLZV,train
20260807_060743_AZCWJW,train
20260807_061202_SMUVRR,eval
20260807_061211_MDEAER,train
20260807_061214_VLVHNP,train
20260807_061230_TWRAMB,train
20260807_061235_SNXCAT,train
20260807_061240_AYFJYN,eval
20260807_061333_HWKXRD,train
20260807_061525_YBCDPE,train
20260807_061856_BBWQXE,train
20260807_061949_QKEBAS,train
20260807_062023_TFCCFY,train
20260807_062217_QADVWD,train
20260807_062506_KFGRHT,train
20260807_062559_EAAHGK,train
20260807_062601_UHVXJS,eval
20260807_062947_ERTLBX,train
20260807_063008_SYSAAV,train
20260807_063025_GPTMKJ,eval
20260807_063409_DXTKTN,train
20260807_063648_SZCLRJ,train
20260807_063810_LMPMGS,eval
20260807_063906_JQRLQA,train
20260807_063954_ZGHXVB,train
20260807_064027_HWNLPQ,train
20260807_064258_YLZEKQ,eval
20260807_064312_FEGCJQ,train
20260807_064715_UXBLFZ,train
20260807_064837_VPZBNK,train
20260807_065121_HJYVGR,train
20260807_065239_TPNUSN,train
20260807_065343_MPFJAA,train
20260807_065613_QNNTNH,eval
20260807_065622_XKLMNF,train
20260807_065803_YKNAHM,eval
20260807_065826_TJYFUT,train
20260807_065926_CYFKJM,train
20260807_070006_GDLDXP,train
20260807_070159_PTRHEC,train
20260807_070544_CDBGKU,train
20260807_070748_YBHQHM,train
20260807_070850_JUCAWA,train
20260807_071024_MNDLKE,train
20260807_071120_HAETXX,eval
20260807_071257_FDKNCM,eval
20260807_071359_TUGYHM,train
20260807_071433_UJQQBN,eval
20260807_071524_ELGKTL,train
20260807_071736_UBQVSQ,train
20260807_071918_WBZFTN,train
20260807_072015_HLKDWS,train
20260807_072031_BZALZM,train
20260807_072037_SQHZKB,train
20260807_072227_QTGCQF,train
20260807_072414_PSGYZS,train
20260807_072613_ZRAFEV,train
20260807_072721_SBRPHY,train
20260807_073221_LZGDLN,train
20260807_073640_FDMGTM,train
20260807_074041_HXFYGF,train
20260807_074240_XMTZAE,train
20260807_074353_JCDBKF,train
20260807_074517_QZBRFM,train
20260807_074652_JBSQTQ,train
20260807_074846_ZHSELY,train
20260807_075148_BDHABE,train
20260807_075827_SGPVAJ,train
20260807_080148_HCHYFQ,train
20260807_080159_KWPDLV,train
20260807_080302_NNNHSQ,train
20260807_080436_PSDPCE,train
20260807_080718_NZSSED,train
20260807_080736_AYDFHA,eval
20260807_080740_NBQDXB,eval
20260807_080821_RVYTUR,train
20260807_080902_WXHKAL,eval
20260807_081108_WUBSZB,train
20260807_081619_FXBSGF,train
20260807_082418_HMQDAH,train
20260807_083013_FKTDPL,train
20260807_083136_JWLQFF,train
20260807_083237_GLPEKN,train
20260807_083517_HJBLBC,train
20260807_084109_FSFQME,train
20260807_084252_RACVXN,train
20260807_084423_VJZXUF,train
20260807_084741_YMNCLW,train
20260807_084833_RGHRJD,train
20260807_084839_BQNCFX,train
20260807_085446_JJFKSS,train
20260807_090159_VNWHDN,train
20260807_090242_GXWCLJ,train
20260807_090354_YRCCTT,eval
20260807_090516_LHSKJF,eval
20260807_090651_JVJRHN,eval
20260807_090750_NNPPVN,eval
20260807_091114_HNNPEH,train
20260807_091148_DSRUYJ,train
20260807_091157_ACGCKA,train
20260807_091528_XEMPNW,train
20260807_091839_NPUXCU,train
20260807_092305_FYPWPW,train
20260807_092408_ZCZTGF,train
20260807_092658_BATQQJ,train
20260807_092810_DQKEJS,train
20260807_093024_ZBLRCW,eval
20260807_093541_NUFWQN,train
20260807_093809_HJUFVA,train
20260807_093916_HGVRMT,train
20260807_100527_DVRWHX,train
20260807_101543_MPKWEK,train
20260807_101548_LNWWVE,train
20260807_101755_XPJNGX,train
20260807_102128_XTUMDR,train
20260807_102531_ZEBJYX,train
20260807_102811_ELSZDS,train
20260807_103135_RVMFTV,eval
20260807_103345_BFAYNT,train
20260807_104334_MKABDE,eval
20260807_104447_HXNRYP,train
20260807_104526_DJVNGT,train
20260807_104924_SHXSMV,train
20260807_105032_FDRHBG,train
20260807_105116_WYCSXR,train
20260807_105913_UFSFWB,train
20260807_110854_VPSDCS,train
20260807_111036_GRNZBE,train
20260807_111100_ZDMYCK,eval
20260807_111448_REUWRC,train
20260807_111606_XVDRCL,train
20260807_111752_ESUCVF,train
20260807_112016_TSSMVK,eval
20260807_112201_STYSRF,eval
20260807_112306_FESSRP,eval
20260807_112519_GCHAGN,eval
20260807_113524_LHVJPW,train
20260807_113856_MTUBZX,train
20260807_114014_KWTVSX,train
20260807_114614_VKJZYK,train
20260807_115928_PRLPXV,train
20260807_120514_WGUXKL,train
20260807_121346_QXVGEH,train
20260807_121645_DCFYCJ,train
20260807_124103_YANNLT,train
20260807_124809_ARCLSR,train
20260807_125003_HNCARC,train
20260807_131607_WATKDS,train
20260807_133910_ERWWUR,train
20260807_135326_MHYTZE,train
20260807_142849_PGTLBF,train
20260807_144336_WTSKWK,train
20260807_220651_YXBLPD,train
20260807_225430_YRWQBY,eval
20260807_225832_RRGWUB,train
20260807_230205_VWHMUM,train
20260807_230720_KBNFCZ,train
20260807_232912_DNMNMD,train
20260807_233922_TMCTRA,train
20260807_234741_FGDZLW,train
20260807_235055_KUTBPM,train
20260807_235214_FJMERQ,eval
20260807_235440_MGBPEC,train
20260807_235513_AJDHPB,train
20260807_235756_ABAYAA,train
20260808_000108_SCADSQ,train
20260808_000124_QXCYHV,train
20260808_000431_ZDHSRH,train
20260808_000818_RJTJKB,train
20260808_000915_DZZPHL,train
20260808_000918_UVEPDQ,train
20260808_001014_BWJJTG,eval
20260808_001209_ZVXMCV,train
20260808_001434_PKCBSC,train
20260808_001518_CAPHUH,train
20260808_001637_ASZKHM,train
20260808_001846_AFXATH,train
20260808_002118_FCHYHA,train
20260808_002946_FHKDFF,train
20260808_003203_DNBZGR,train
20260808_003205_GSNGKZ,train
20260808_003500_WZYDKG,train
20260808_003552_FMXBLX,train
20260808_004208_GNLQJB,train
20260808_004224_UJQBTY,train
20260808_004315_WTHDZN,eval
20260808_004737_CDGRFV,train
20260808_004749_ZCUYTH,train
20260808_004934_ZHHYTR,train
20260808_005137_VHSKJE,eval
20260808_005414_TSYEFJ,train
20260808_005443_WMJLDP,train
20260808_005454_MRGLWR,train
20260808_005520_KWEYKY,train
20260808_005524_PPBFNN,eval
20260808_005838_RFCRMN,train
20260808_005847_AUMXMW,eval
20260808_010114_NUGMST,eval
20260808_010131_VMCXSV,train
20260808_010453_EMPTYV,eval
20260808_010655_WNCJLP,train
20260808_010842_YEKJBY,eval
20260808_010936_PKMYXQ,eval
20260808_011112_RQLPSN,eval
20260808_011113_AEFSTZ,train
20260808_011338_SQVACT,train
20260808_011646_XEWYPV,train
20260808_011850_CEQPXE,eval
20260808_011915_VKPLEJ,train
20260808_012210_WYXGJB,train
20260808_012429_JLQGKX,train
20260808_012504_SMSADU,eval
20260808_012759_HAAPWW,eval
20260808_013001_HALPAX,train
20260808_013049_NBFGUU,train
20260808_013147_RPBFHR,train
20260808_013220_TYHYJQ,train
20260808_013305_DKZJVH,train
20260808_013405_CMXMPJ,eval
20260808_013435_YQQCBQ,eval
20260808_013458_JJXLUY,train
20260808_013617_GDPMAP,train
20260808_013900_WQLAPC,train
20260808_014211_DGHLHW,train
20260808_014228_JSFNUS,train
20260808_014259_UGFDDK,train
20260808_014450_LBPJUA,train
20260808_014512_TTNHDK,train
20260808_014755_NTRTLU,train
20260808_015350_UDGRKM,eval
20260808_015452_QDBSBQ,train
20260808_015534_PPNLSW,train
20260808_015937_HGQDZF,eval
20260808_020642_AKECHH,train
20260808_020932_WYEXBX,train
20260808_021024_LFNUWG,train
20260808_021200_JEQFHQ,train
20260808_021231_JKMEJD,train
20260808_021649_ABUBQE,train
20260808_022338_JEPFXN,train
20260808_022434_ZELGWJ,train
20260808_022513_WBYWBN,eval
20260808_022632_BDXAEH,train
20260808_023149_LQUBPL,train
20260808_023635_NKDHSF,eval
20260808_023937_MDSACY,eval
20260808_023940_JPDSSG,train
20260808_024021_CDNTBE,train
20260808_024026_GSSGUU,train
20260808_024353_XCMTPL,eval
20260808_024449_QJAFZC,eval
20260808_024453_QHZUHJ,train
20260808_024453_ZKELPQ,train
20260808_024602_RWSGPQ,eval
20260808_024902_KWVLUV,eval
20260808_025111_EUHBWL,train
20260808_025118_SSQZEY,eval
20260808_025130_PCEVLM,eval
20260808_025329_PZSQAE,train
20260808_025425_PTCFQJ,eval
20260808_025529_PHMPWU,train
20260808_025659_ZDMFCU,train
20260808_030115_STUVUN,train
20260808_030235_WVPFSQ,train
20260808_030509_GYYVDM,train
20260808_030829_SXNQPN,train
20260808_030832_XJQZSG,train
20260808_030844_SXLWAF,train
20260808_031151_XXSGEG,train
20260808_031252_JKZCDG,train
20260808_031616_FWWRWH,train
20260808_031653_JZQPQC,train
20260808_032212_YESRYQ,train
20260808_032322_FGJCBL,train
20260808_032805_YZAJTA,train
20260808_033217_ZYFZVC,train
20260808_033409_UWALPT,train
20260808_034035_NULJLH,train
20260808_034136_SEMQYS,train
20260808_034339_HDCXYB,train
20260808_040645_HLUTFF,train
20260808_040956_ENSEZL,train
20260808_041022_GURPES,train
20260808_041059_UTMJZP,train
20260808_041819_YNGVCH,train
20260808_041914_CPGVBU,train
20260808_042039_JWSZBW,train
20260808_042208_WEHNPG,train
20260808_042407_TZBFGV,train
20260808_042550_JPZQKG,train
20260808_043435_WQVGWA,train
20260808_044405_HERKXY,train
20260808_044436_KMFYKK,eval
20260808_044451_HVUAHX,train
20260808_044533_ACBHHX,eval
20260808_044642_GYNSTA,train
20260808_044837_UPRYJX,train
20260808_045145_ZQNNVW,train
20260808_045735_SFHVTK,train
20260808_050011_DKZSYC,train
20260808_050133_ZDBUNE,train
20260808_050338_HTWTGU,train
20260808_050343_FKSYZF,train
20260808_050348_SEQEGX,train
20260808_050439_RECGXW,train
20260808_050704_ETDMTC,train
20260808_050810_DHEFTV,train
20260808_050816_HEWMRQ,train
20260808_051123_SFMKYS,train
20260808_051242_FSMXTP,train
20260808_051526_KPAFLU,train
20260808_051534_YSREVT,train
20260808_051753_HAYTRY,eval
20260808_051932_QGUGFC,train
20260808_052516_AXCUVA,eval
20260808_052547_LBHESY,train
20260808_052720_SNDMRT,train
20260808_053001_ZRTVTT,train
20260808_053108_SKHHHZ,train
20260808_053326_GKPMNB,eval
20260808_053328_ZVVSPT,train
20260808_053535_RMRKMG,train
20260808_053632_YPHWYA,eval
20260808_053910_PGBTEU,eval
20260808_053931_XAHCZY,eval
20260808_054106_JSXFSR,train
20260808_054111_VXHNBG,train
20260808_054200_SLRBYD,train
20260808_054304_PYXRBK,train
20260808_054356_PQEBQT,eval
20260808_054403_CKYWAZ,eval
20260808_054452_ZUEMJG,eval
20260808_054604_MTHKWS,train
20260808_054716_XXBWKE,train
20260808_054728_RPCBZX,train
20260808_054741_TVPPKL,train
20260808_055119_PUPWKB,train
20260808_055123_KGTFQU,train
20260808_055131_FKDBDK,train
20260808_055218_RUKHDT,eval
20260808_055530_CYERDV,train
20260808_055533_CKDZMS,train
20260808_055706_JDPSJX,train
20260808_055940_EUUJXL,eval
20260808_060048_TRBKGT,train
20260808_060345_ANTSMV,train
20260808_060406_MHSUER,train
20260808_060414_MJBXKE,train
20260808_060510_RXPAVL,eval
20260808_060630_MTBJEJ,train
20260808_060711_RMSABZ,train
20260808_060921_MPTEZC,train
20260808_060940_HPTVYJ,train
20260808_061316_JRXHNV,eval
20260808_061327_ZSHTYV,train
20260808_061408_MNZNQY,train
20260808_061423_BMHJAY,train
20260808_061426_NWAKVS,eval
20260808_061534_EMUHWU,eval
20260808_061822_MUUXNC,eval
20260808_061908_XPYNXZ,train
20260808_061931_BHUYKD,train
20260808_062304_GCPQPN,train
20260808_062325_ARBAKS,train
20260808_062328_AZVPAX,eval
20260808_062539_BHNVUG,train
20260808_063152_AWLHPD,train
20260808_063432_RVHGBL,train
20260808_063517_JGRRUZ,train
20260808_063605_RGUNJL,eval
20260808_063924_MPMCJD,train
20260808_064044_PTGYAN,train
20260808_064153_HFHBAA,train
20260808_064351_YZQPQN,train
20260808_064508_BACHPX,train
20260808_064522_ZXNWRP,train
20260808_064804_JPSLYH,train
20260808_065000_MBUPCK,train
20260808_065157_XJXHAA,train
20260808_065400_JYRYCV,eval
20260808_065531_CHABNW,train
20260808_065649_GFUJNZ,train
20260808_065708_SXUAJX,train
20260808_065834_GKZUKC,train
20260808_065910_MYGKMR,train
20260808_065915_SBRDXJ,train
20260808_065920_VBBUAE,train
20260808_070202_ZMLFLY,eval
20260808_070219_XSSTVW,train
20260808_070430_FHNQLM,train
20260808_070458_BCUZCJ,train
20260808_070539_BGMGGL,train
20260808_070616_MYPKSS,train
20260808_070843_UNAXKM,train
20260808_071049_EZVGRH,train
20260808_071459_ERSZRP,train
20260808_071553_ELZFMV,train
20260808_071611_CWYAEP,train
20260808_071658_HLAWCZ,train
20260808_071927_UMXDTE,train
20260808_072302_PRSCSF,train
20260808_072913_YNNTTM,eval
20260808_073518_CRUBSG,train
20260808_073523_QSZCHM,train
20260808_073918_KJGDXR,train
20260808_074254_YXJGWS,train
20260808_074346_HRCFSA,eval
20260808_074629_YTKKJR,train
20260808_074913_AAKANP,eval
20260808_074913_UBWYFN,train
20260808_075151_HWAJJT,eval
20260808_080030_CXVFZG,train
20260808_080359_VWQTMN,train
20260808_080937_AKAAEZ,train
20260808_081257_YHCBDN,train
20260808_081322_XGKPBX,train
20260808_081854_ZBXAXD,train
20260808_081915_BSPMZQ,train
20260808_082151_BZTUBT,train
20260808_082457_DSFMAW,eval
20260808_082547_UXDZZQ,train
20260808_082700_UTSRGU,eval
20260808_082736_LYMVEE,train
20260808_082745_ZYLFCP,eval
20260808_083303_ERQUKY,train
20260808_083458_HVMLER,eval
20260808_083459_BNZGZU,train
20260808_083721_QHDFJZ,train
20260808_083722_AUCWHD,train
20260808_083810_AENHCJ,train
20260808_083922_TCYWSD,train
20260808_084026_AYFDNQ,train
20260808_084801_CMBBGQ,train
20260808_084847_RUFSVS,train
20260808_085024_XWJHSF,train
20260808_085218_YLRXZZ,eval
20260808_085357_GYVWNW,train
20260808_085535_AZDCYN,train
20260808_085827_HKZHFN,train
20260808_090149_JRJCST,eval
20260808_090428_BGZXWF,train
20260808_090443_LWPTBK,train
20260808_091129_RVWEPA,eval
20260808_091135_JEEDAL,train
20260808_091153_WTSCFD,train
20260808_091309_NCDUHV,train
20260808_091725_XSSNAY,train
20260808_092358_YWUZSN,eval
20260808_092641_QQVBWN,train
20260808_093747_YDKFGT,train
20260808_093907_YZNRHK,train
20260808_093913_MKUHUF,train
20260808_094644_GLDSXG,train
20260808_095040_LCTFYV,train
20260808_095453_NNPBDP,train
20260808_095636_ENXECY,train
20260808_095959_EWTJKU,train
20260808_100058_PQNAZU,train
20260808_100238_NAHXJG,train
20260808_100354_ATGJLN,train
20260808_100719_QCNYYG,train
20260808_101354_EWYWTB,train
20260808_101440_BYBZBU,train
20260808_102128_WUSNEJ,train
20260808_103720_LZAYHZ,train
20260808_103811_VXUAFC,train
20260808_104231_QQGBLQ,train
20260808_104755_HJDHNU,train
20260808_105008_ZHSBFQ,train
20260808_105127_SVYQZW,train
20260808_105438_DHLVDB,train
20260808_105748_BGALTF,train
20260808_105907_ZAHKZK,eval
20260808_110438_HRSYGC,train
20260808_111842_CMFRNF,train
20260808_112300_MBVQFL,train
20260808_112810_FAXLNG,train
20260808_113549_UQGUZS,train
20260808_113603_ADCXVE,train
20260808_114805_HPTVUY,eval
20260808_120130_CSEAGV,train
20260808_122619_BLGBFL,train
20260808_131520_VUTQTV,train
20260808_133757_VEZNKP,eval
20260808_134743_SXVUQK,eval
20260808_134804_FKFDPR,eval
20260808_140346_FQKCJR,eval
20260808_144617_URZWAR,eval
20260808_150048_YVQMLL,train
20260808_152235_JWXRUX,train
20260808_215539_SBPGLG,train
20260808_215826_EMRJYU,train
20260808_222939_NFTNEP,train
20260808_223321_NCHFDN,train
20260808_230421_YUHSQH,train
20260808_230717_WQRLRC,train
20260808_230730_HWELXJ,train
20260808_230757_NMBDYQ,train
20260808_234742_NKDXZZ,train
20260808_235238_DNEJRR,train
20260808_235620_KKEMKJ,train
20260808_235650_LQEXKD,train
20260808_235926_PCUBVB,train
20260808_235927_TQSUZP,train
20260809_000156_TYCYNA,train
20260809_000432_FXNMTK,train
20260809_000508_EPYAGM,train
20260809_000659_XCLNHU,train
20260809_000732_WCJBCD,train
20260809_000923_RFZZDA,train
20260809_000932_JHEAEC,train
20260809_001234_RCFTYR,eval
20260809_001449_ALLBVE,train
20260809_001552_ZTDXUU,train
20260809_002451_LBVWPD,train
20260809_002654_FSXRGL,train
20260809_002703_CEPGYX,train
20260809_002738_DEDCBA,train
20260809_003435_CCDKJZ,train
20260809_003450_XCWQPY,train
20260809_003651_DXALXM,train
20260809_003746_QXEPXG,train
20260809_004538_LVAPML,train
20260809_004727_XTZDDD,eval
20260809_004810_LVPTKJ,train
20260809_004826_DLSEMK,train
20260809_010028_QUZFSY,train
20260809_010201_TLAXST,train
20260809_010311_CKMVSR,train
20260809_010322_TGSCKV,train
20260809_010347_VVUWTA,train
20260809_010520_YDMKMF,train
20260809_010858_NGDWZB,train
20260809_011135_FSJCQZ,train
20260809_011200_VLEUAE,train
20260809_012027_UNBMGU,train
20260809_012034_TMTSSL,eval
20260809_012044_YHUGXQ,train
20260809_012428_ZWMFTV,train
20260809_013154_KKPEKX,eval
20260809_013603_NTUZUZ,eval
20260809_013639_YPMBHL,train
20260809_013726_MCRTAT,train
20260809_013941_FEXANU,train
20260809_014114_UYBQMJ,eval
20260809_014127_FUEPRP,train
20260809_014649_HHFBTZ,eval
20260809_015114_ECPFKL,train
20260809_015254_FQJDSY,train
20260809_020307_HWBKXN,train
20260809_020410_LUEMCR,train
20260809_020958_XJTKCP,train
20260809_021054_HUERVW,train
20260809_021116_ZCQTRY,train
20260809_021446_PDCPUK,train
20260809_021446_YEXFXE,train
20260809_021450_HCWCTM,train
20260809_021533_GHGEDM,train
20260809_021803_WBSHXE,train
20260809_022207_ZLQUBU,train
20260809_022209_TBVHFS,train
20260809_022234_LBJLAB,eval
20260809_023728_QKHTAY,train
20260809_024141_CUHLMY,train
20260809_024922_LNABKS,train
20260809_025350_BTXPSU,train
20260809_025927_HGCPEP,train
20260809_030053_AJPFGU,train
20260809_030705_VRDLCP,eval
20260809_031626_MEBNBJ,train
20260809_032333_WYCRWL,train
20260809_032836_UZLLVL,eval
20260809_033312_RNUNNA,train
20260809_034859_MYWSWP,train
20260809_040659_YDRFHC,train
20260809_041058_ZRXHDS,train
20260809_043436_HKNGRK,train
20260809_043909_FBQPTT,train
20260809_044002_MCDUUZ,train
20260809_044055_LTMTLQ,train
20260809_044207_WWJPDD,train
20260809_044526_JDQMYA,train
20260809_044553_YJZHJR,train
20260809_044839_YRQFEK,train
20260809_045440_NXJYWT,train
20260809_045627_AFBLLK,eval
20260809_050041_TUWUUM,eval
20260809_050147_GSSDEW,train
20260809_050601_FPKBTQ,eval
20260809_051601_FFSRTN,train
20260809_052314_RDBALA,train
20260809_052442_VKWRZN,train
20260809_052707_NNUKCW,eval
20260809_053022_GVMFTK,train
20260809_053023_JZAHUP,train
20260809_053105_BBMKRJ,train
20260809_053115_NSCEZC,train
20260809_053356_XRVWMD,train
20260809_053410_RUNNSM,train
20260809_053922_EFCDQK,train
20260809_054616_YQNTBN,eval
20260809_054741_MTHMTD,train
20260809_054826_SQYVSD,eval
20260809_055809_HBAXWV,train
20260809_055929_MEDETH,train
20260809_060048_AUTWAY,train
20260809_060404_BTUWTS,train
20260809_060638_TPYGQG,train
20260809_061037_NDWPET,train
20260809_061439_HPFHYW,eval
20260809_061908_ACGTYF,train
20260809_061952_NYJPFH,eval
20260809_062403_ZJRKUY,train
20260809_062506_ZNTNGM,eval
20260809_062636_JSSWQS,train
20260809_064627_MGLYTP,train
20260809_065037_KKMPNW,train
20260809_065932_FCBJCW,eval
20260809_065939_KMZVHW,train
20260809_070025_HZBVSJ,train
20260809_070948_WWYWYR,train
20260809_071034_DSQENA,train
20260809_072230_DEYMRZ,train
20260809_072256_VAVEQP,train
20260809_073010_PJWGTS,train
20260809_073301_ELYNFJ,train
20260809_074045_AAHAWE,train
20260809_074311_PUBAMS,eval
20260809_075540_FAXBUB,train
20260809_075632_GYXEWE,train
20260809_075933_XGWNKL,train
20260809_080418_EKMLSD,train
20260809_080558_YTCCXC,eval
20260809_080925_EPHVNE,train
20260809_080949_VUPTRN,train
20260809_081055_QFKNXQ,train
20260809_081339_SKHTWC,train
20260809_082632_WAPRMQ,train
20260809_082643_LMFYPD,train
20260809_083141_CKCUVC,train
20260809_083505_GCYHSW,train
20260809_084017_AZJQRC,train
20260809_084050_QAAPFN,train
20260809_084823_JTKEJE,train
20260809_090254_RUABGQ,train
20260809_090515_HCQBFL,eval
20260809_090636_EHQDYY,train
20260809_091115_ALKJTK,train
20260809_091813_VNGHUB,train
20260809_095031_HVJZKD,train
20260809_100354_XYSXFR,train
20260809_103005_WWGNBB,train
20260809_111234_BPGQBG,train
20260809_214841_UWDXHQ,train
20260809_221945_SLZUDN,train
20260809_223023_MJHUZC,train
20260809_231348_VGMQAD,train
20260809_232658_XTDFHZ,train
20260809_234653_BQXBFF,train
20260809_235512_EBNJLN,train
20260809_235534_XMUEYW,eval
20260809_235537_ZSQUEP,train
20260809_235815_UZHPMQ,train
20260809_235842_LNCZFK,train
20260809_235909_HSKQLX,train
20260809_235924_SDXBUU,train
20260810_000000_MAFQSM,eval
20260810_000142_AJWHYA,train
20260810_000147_DNLMTP,train
20260810_000533_MLKCVZ,train
20260810_000606_RCCXWS,train
20260810_000805_DWZBQN,train
20260810_000833_NVEFHF,train
20260810_000858_NXGZSP,train
20260810_001103_ZFLWJX,eval
20260810_001319_DZXJXF,train
20260810_001352_CSAFXX,eval
20260810_001635_CUAXRA,train
20260810_001728_JXNJWC,train
20260810_001955_XUTENP,eval
20260810_002007_GULNUY,train
20260810_002244_YGHASP,eval
20260810_002355_KXRDEW,eval
20260810_002437_TXCNKU,train
20260810_002510_XCCXHJ,eval
20260810_002713_FULBEC,train
20260810_002740_MAXFZK,train
20260810_002740_YTYCSC,eval
20260810_002907_QHURAF,train
20260810_002958_DFVGBE,train
20260810_003110_EASCMG,eval
20260810_003132_NAHCCT,train
20260810_003212_ANJYZP,train
20260810_003321_BTTKMM,train
20260810_003335_AHZZRA,train
20260810_003547_GQTNME,train
20260810_003632_AWUUVQ,train
20260810_003638_CUVAEJ,train
20260810_003717_AWSYDT,train
20260810_003727_NBDQNH,train
20260810_004031_KYSDNG,train
20260810_004143_KZBHMY,train
20260810_004144_JNTLDA,train
20260810_004416_MPYYVK,train
20260810_004434_TTPGCQ,train
20260810_004520_MGPZNE,eval
20260810_004705_VMPEFY,train
20260810_004714_SWFKSQ,train
20260810_004800_VWAEUX,train
20260810_004900_FWNDFS,train
20260810_004914_GFEYQB,train
20260810_005007_JWQDBE,train
20260810_005015_GMACZS,eval
20260810_005151_ZSSCQA,train
20260810_005303_NJGGWH,eval
20260810_005345_PYBDHR,eval
20260810_005818_HHUFEH,train
20260810_005818_WDQYQS,train
20260810_005858_BFEHRC,train
20260810_010059_VZTGPJ,train
20260810_010340_BTZGRV,train
20260810_010624_SRNGBT,train
20260810_010642_SAUFLK,eval
20260810_011115_WQEKLQ,eval
20260810_011145_PRDRMU,train
20260810_011455_CNHGRN,train
20260810_011625_WVZLHV,eval
20260810_011723_XZJUQL,train
20260810_012227_FJSEYK,train
20260810_012502_FKSMPY,train
20260810_012831_EHRQQH,train
20260810_012905_QBPSCP,train
20260810_013305_HDAGRF,train
20260810_013512_REAUJJ,train
20260810_013544_DGZMNC,train
20260810_013710_DQKFMQ,train
20260810_013803_YMDXMJ,eval
20260810_013900_ELQVKS,train
20260810_014124_SLDTTA,train
20260810_014434_XEGGRU,train
20260810_014811_CVVUYD,train
20260810_014939_LPMEMS,train
20260810_015008_KCBHFQ,train
20260810_015254_LVRNAD,train
20260810_015335_GLHEJC,train
20260810_015507_QTFYRT,train
20260810_015521_LLQVKW,train
20260810_015805_CPBFKC,eval
20260810_015958_PEVHRN,train
20260810_020031_NHSGYK,eval
20260810_020149_KWDSTA,eval
20260810_020152_RZFPFM,train
20260810_020844_YBEQUD,train
20260810_020900_UFALTY,train
20260810_020957_MERTEF,train
20260810_021022_YYAYKB,train
20260810_021325_YJXXWN,eval
20260810_021359_PJHYPV,eval
20260810_021400_BEVYAR,train
20260810_021447_YQBDVW,train
20260810_021510_DSKUJA,eval
20260810_021642_DVNKZA,train
20260810_021709_QRTZAA,eval
20260810_021843_SALSRE,train
20260810_021852_GHSKXL,train
20260810_021920_WLGHKU,train
20260810_022148_XMAVNB,train
20260810_022328_NVTXER,eval
20260810_022547_PLAGZQ,eval
20260810_022800_JBYUEZ,train
20260810_022832_VUUAQV,train
20260810_022903_SKWWBG,train
20260810_022913_TULHFD,eval
20260810_023113_RCFKKM,train
20260810_023233_TJLUEY,train
20260810_023419_XPDHTB,train
20260810_023452_WVRBBB,eval
20260810_023855_SFATMH,eval
20260810_023930_USQRPV,train
20260810_024131_MJTHAH,train
20260810_024147_CKAHHV,train
20260810_024341_WPCFUC,train
20260810_024502_RFFUFU,eval
20260810_024553_CGGTMM,train
20260810_024557_HRCFAB,train
20260810_024642_KCZPWL,train
20260810_024848_NQGSJP,train
20260810_024925_VLGKSB,train
20260810_024946_BXQUUD,eval
20260810_025032_XLPHKA,train
20260810_025251_WBRQSE,train
20260810_025635_LLBBLD,train
20260810_025942_ZSDYXX,train
20260810_025951_HHNPFH,eval
20260810_030507_RKRFNF,train
20260810_030609_XQCLPG,eval
20260810_030813_UFLXJR,eval
20260810_030846_YLJLMT,train
20260810_031141_LGSTRM,eval
20260810_031243_BKUWVB,train
20260810_031936_GNEQCA,train
20260810_032346_RSERXR,eval
20260810_032457_GSHKGX,train
20260810_032634_UJYRXW,train
20260810_032827_TJWHZV,train
20260810_033802_VXGBPH,train
20260810_034137_YZBMCN,train
20260810_034325_RJBSZX,train
20260810_035054_KZMUVH,train
20260810_035719_FDNZKS,train
20260810_035813_CEANTP,eval
20260810_040337_XLQFHH,eval
20260810_041338_WNEBVB,train
20260810_041701_DHPHAJ,eval
20260810_041718_YPKAVR,train
20260810_041749_VNEBSL,eval
20260810_042123_QGXYLW,train
20260810_042339_HHGTRX,train
20260810_043448_XWCWST,train
20260810_043603_AJZKCE,eval
20260810_043708_LBVSJJ,train
20260810_043732_GSDTTC,eval
20260810_043841_SZBDST,train
20260810_044033_UKQJER,eval
20260810_044629_ASDXYT,train
20260810_045050_HPTHED,train
20260810_045157_RXLSSG,train
20260810_045211_FPWSER,train
20260810_045217_LRAWQZ,train
20260810_045236_FCCVSD,train
20260810_045916_VFJZGR,train
20260810_050411_VBMFDG,train
20260810_050432_KALYVT,train
20260810_050629_YPMJZS,train
20260810_050808_ZQHPUU,train
20260810_050830_UKBMKG,train
20260810_050857_YUUENV,eval
20260810_051031_SLUXFJ,train
20260810_051153_LWAETU,train
20260810_051519_YGBGYC,train
20260810_051630_ZHEKYJ,eval
20260810_051653_XCLBKJ,eval
20260810_051726_MGGZMZ,train
20260810_051737_AVVAMN,train
20260810_051958_VTBCQE,train
20260810_052047_DVLFPN,train
20260810_052229_JLHPLA,train
20260810_052752_DEPWTQ,train
20260810_053120_TGWBBQ,eval
20260810_053628_KLLNAV,train
20260810_053637_KBNUCB,eval
20260810_053824_MPAFHU,train
20260810_053950_ZPATDQ,eval
20260810_054003_BCALLW,train
20260810_054023_CNJYKW,train
20260810_054030_KCKCWD,train
20260810_054044_VZXARM,train
20260810_054052_AXJWCU,train
20260810_054111_MPMBMT,train
20260810_054241_NBXRAT,train
20260810_054251_BEAVPR,eval
20260810_054448_YFNLPA,train
20260810_054451_AUPSLU,train
20260810_054832_AHQSCK,train
20260810_054840_KQLRWC,eval
20260810_054851_CXMJTY,train
20260810_054943_GRLUAD,train
20260810_054958_ANUQGZ,train
20260810_055140_SUXVUZ,eval
20260810_055304_EWVEUW,train
20260810_055557_PGGANR,train
20260810_055601_VYCETS,train
20260810_055750_KUXPMK,train
20260810_060012_SLHGXQ,train
20260810_060317_VUHPSB,train
20260810_060338_EYANVM,train
20260810_060517_HVKFDH,eval
20260810_060851_DVDGBW,train
20260810_061023_DXSATU,train
20260810_061023_HCHFTZ,train
20260810_061140_QVFQDR,train
20260810_061150_HKVRCU,train
20260810_061152_RFRLQW,train
20260810_061228_TYGHVB,train
20260810_061605_MXZZND,train
20260810_061846_JGVSPD,eval
20260810_061901_RXVLUK,train
20260810_061907_ZZVYJF,train
20260810_061913_ZSYWQF,train
20260810_061927_ULVEDU,train
20260810_062115_UYPHXB,train
20260810_062441_QNPNDX,train
20260810_062521_NCJNMH,eval
20260810_063246_KPWTJG,train
20260810_063642_UJVJKF,eval
20260810_063916_RWVRZW,train
20260810_064057_QBFHUH,eval
20260810_065055_MWDFBM,train
20260810_065304_PKMVVA,eval
20260810_065507_HRULPV,train
20260810_070033_HXBXGT,train
20260810_070128_HWCVZJ,eval
20260810_070205_CHLJPB,train
20260810_070238_XMLSTD,eval
20260810_070652_GPRQVG,train
20260810_070726_TPKTDJ,train
20260810_071049_FZNHKX,train
20260810_071213_TLVZDW,train
20260810_071256_AGMXBD,train
20260810_071319_SCSCXK,train
20260810_071352_FHKJHH,train
20260810_072109_SYYKZY,train
20260810_072241_EPYWAY,train
20260810_072242_BJABGM,train
20260810_072611_HCVLWU,train
20260810_072643_VXFXPQ,train
20260810_072726_CBJRBD,eval
20260810_072802_KSRLFW,train
20260810_072850_JGXRQT,train
20260810_072957_ZNGPUC,train
20260810_073409_ENUWAN,eval
20260810_073415_ZADAYN,train
20260810_073555_HSTHNZ,train
20260810_073632_NDUWVU,eval
20260810_073945_WJTCNP,train
20260810_074008_EHBSJY,eval
20260810_074029_HLRHVV,eval
20260810_074416_TABUWN,eval
20260810_074737_EKKBFR,eval
20260810_075027_DUXHTU,eval
20260810_075416_BZRSZU,train
20260810_075611_UMSXGW,train
20260810_075822_NAYCZV,train
20260810_075920_JWNQHF,train
20260810_075944_EFZTTK,train
20260810_080348_MJMAHU,train
20260810_080455_RYAGEQ,train
20260810_080756_ZLEJQJ,eval
20260810_080901_ZRAVQR,train
20260810_081043_YHVDUY,train
20260810_081055_VVDVZP,train
20260810_081209_SMRRHR,eval
20260810_081409_WWLMWP,train
20260810_081438_GTDVEF,train
20260810_081628_QHDYAQ,train
20260810_082225_VUFTZG,train
20260810_082306_YYZNTN,train
20260810_083646_KHWCXZ,train
20260810_083833_HYADCK,train
20260810_084502_DGVNZA,train
20260810_084522_KXEVHA,eval
20260810_084539_PSHGJZ,train
20260810_084810_GDDRZX,train
20260810_085253_BSAPUC,train
20260810_085938_MYAKWJ,train
20260810_090405_SBYDQU,train
20260810_090730_FGZCPQ,train
20260810_090750_PDPCHK,train
20260810_090829_DVEFFQ,train
20260810_090919_AVRENR,train
20260810_091004_WFGGYQ,train
20260810_091008_QYQZQB,train
20260810_091301_JPHPXG,eval
20260810_091347_QVDYYQ,train
20260810_091511_BANBPU,train
20260810_092604_XYPXXB,train
20260810_093305_MCMXVN,train
20260810_094040_WEVTHY,train
20260810_094922_JWSLEG,train
20260810_100054_GLUQAA,train
20260810_100547_FNREWV,eval
20260810_101339_HKVJHG,train
20260810_101351_LKMYHZ,train
20260810_101723_NVSTUR,train
20260810_101843_FFYDBH,train
20260810_102641_YCYGDN,train
20260810_103039_TFDVLB,train
20260810_103400_QUBRYW,eval
20260810_103429_MQCPHK,train
20260810_103441_SKVJXT,train
20260810_104442_CQXSEM,eval
20260810_105013_QUJYHU,train
20260810_105124_SLGJXZ,train
20260810_105229_MXCTLR,train
20260810_105300_ATFMSU,train
20260810_105305_CAAKFV,train
20260810_105735_SDREKX,train
20260810_110355_YVBQKS,train
20260810_110604_BZPGKA,train
20260810_111120_YHNXRQ,train
20260810_111245_KTHAAJ,train
20260810_111611_CVUEVX,train
20260810_111706_KRQEEW,train
20260810_111728_EGHREM,train
20260810_111732_VHQAFQ,train
20260810_115513_UGLSSP,eval
20260810_115630_ZZPRUN,train
20260810_123018_LZWQTF,train
20260810_123420_UADTHV,train
20260810_125247_CXPDTC,train
20260810_130518_VXDHNK,train
20260810_132740_SMNJXK,eval
20260810_132834_HKBGAW,train
20260810_133100_GPTQBM,train
20260810_133806_VYLYRD,train
20260810_134109_FKRLGM,train
20260810_134439_REHLUJ,train
20260810_140011_WGUEEE,train
20260810_140018_LSPLEG,train
20260810_140212_LAKDSS,train
20260810_141615_QYSNFH,train
20260810_144142_KJFEDY,eval
20260810_150849_PDGECD,train
20260810_151153_PMPRPW,train
20260810_154130_GQYTSM,train
20260810_154313_CXZPJL,train
20260810_160916_QGTUTS,train
20260810_161401_YJNNAE,train
20260810_164804_DFETNU,train
20260810_165909_YVVTYM,eval
20260810_214422_CEEMGG,train
20260810_230104_KPCUGZ,train
20260810_231436_QYLSPZ,train
20260810_231546_BJVQCF,train
20260810_231620_ELRDCN,train
20260810_234251_CGACNJ,train
20260810_234454_QRKVXF,train
20260810_235120_RADFXC,train
20260810_235659_BZJEKS,train
20260810_235759_GJTJSD,eval
20260811_000018_KEPVHQ,train
20260811_000405_BCRMBL,eval
20260811_000731_XZWJJU,train
20260811_000920_FRFALX,train
20260811_001028_MQLLLD,train
20260811_001038_YDXPEY,train
20260811_001047_RMPEJJ,train
20260811_001143_VRGXDU,train
20260811_001547_QWQPAW,eval
20260811_001549_TDWYRA,train
20260811_001600_FWNJDQ,train
20260811_001741_RFTDXS,eval
20260811_002156_BGDVHT,train
20260811_002208_PRMUHZ,train
20260811_002435_EHCLNH,train
20260811_002442_FKFFMN,train
20260811_002517_XDLJSD,train
20260811_002808_MZLGHC,train
20260811_002821_LQMFCY,train
20260811_002935_TVBQYC,train
20260811_002954_JAMWEY,eval
20260811_003609_UXVPNR,train
20260811_003721_UPPYPV,train
20260811_003750_WZKWXN,train
20260811_004025_WVJUHX,train
20260811_004055_XLTXES,train
20260811_004140_XTNQYH,train
20260811_004617_LQEKUK,train
20260811_004930_NZLLVS,eval
20260811_005025_MRMWHA,train
20260811_005048_WNVDGL,train
20260811_005406_SFGFNC,eval
20260811_005634_KMPBLM,train
20260811_005653_NTZCSB,train
20260811_005705_EAJUDX,eval
20260811_005750_ZBGVXQ,eval
20260811_010227_KXFZPL,train
20260811_010535_RWKDRP,eval
20260811_010553_NPFJNS,train
20260811_010620_JUBVDY,train
20260811_010632_ZLPWVE,train
20260811_010758_ABNVZT,eval
20260811_010838_QFCRAY,train
20260811_010954_JZWBGU,train
20260811_011051_SKLUVB,train
20260811_011332_PWCXXD,train
20260811_011334_WCHSSW,train
20260811_011458_DQLEYP,train
20260811_011517_NEDXRG,train
20260811_011541_RDNDRT,train
20260811_011708_TMJDCF,train
20260811_011718_VCPUBT,train
20260811_011734_SLWLMK,train
20260811_011926_ERXMXU,eval
20260811_012021_EZMKXX,train
20260811_012128_YWMSLB,train
20260811_012133_AHEHFN,train
20260811_012220_VUFWRL,train
20260811_012309_BMDLAR,train
20260811_012421_VFMRMR,train
20260811_012650_FYBJDB,train
20260811_013042_RWGEJQ,train
20260811_013226_FQVRLD,train
20260811_013233_GMAXHH,train
20260811_013353_HSWBHC,train
20260811_013403_TVCLLL,eval
20260811_013500_PWPTJY,train
20260811_013806_RUFGCB,train
20260811_013808_YMADRH,train
20260811_013852_ESLCXD,eval
20260811_014550_MLYWVG,train
20260811_014617_WMDCEP,eval
20260811_014638_AXGLZU,train
20260811_014654_RBDXYH,train
20260811_015135_MJDVJW,train
20260811_015137_JLMCGK,eval
20260811_015401_KFLDQS,train
20260811_015434_PNYHTK,train
20260811_015711_SVYWAD,train
20260811_015847_RBCYYV,train
20260811_020613_ZBFSMN,train
20260811_020658_UFWKPS,train
20260811_020902_FKWTYA,train
20260811_021101_UWNHMF,train
20260811_021517_TSWBQH,train
20260811_021800_ZDZMPY,train
20260811_021829_SRAAZH,train
20260811_022142_GHVSWL,train
20260811_022146_MLBBQX,eval
20260811_022239_BQPQZX,eval
20260811_022520_ASBEWH,train
20260811_022548_XMATXL,train
20260811_022612_LNMHDB,train
20260811_022653_JTEWZM,train
20260811_022713_KZJNZS,train
20260811_022901_JHRLCW,train
20260811_023157_LJWHKH,train
20260811_023240_MFSXPQ,train
20260811_023322_PZCSQX,train
20260811_023355_HJKZXN,train
20260811_023417_YURVQR,train
20260811_023644_KCBWAX,train
20260811_023652_CMKYHB,train
20260811_024021_PCPNVC,train
20260811_024052_NHPUGC,train
20260811_024056_FRYPDW,train
20260811_024111_TESXJH,train
20260811_024847_UVCGKB,train
20260811_025141_DMFCNG,eval
20260811_025539_MPHWJZ,train
20260811_025658_HNVEZS,train
20260811_030014_STUHLH,train
20260811_030203_EBJRCE,train
20260811_030408_EVVAZW,train
20260811_030722_HYEKHP,train
20260811_030817_DVVDCB,train
20260811_030847_TGLSMN,eval
20260811_030956_PFKPBX,eval
20260811_031119_BRRCSP,train
20260811_031157_KSWFBN,train
20260811_031235_WHRXMX,train
20260811_031310_XQUPRY,train
20260811_031517_GGEQGX,train
20260811_031551_QURSQE,train
20260811_031605_ATRNGT,train
20260811_031728_CLXCNK,train
20260811_032336_YPQTFQ,train
20260811_032529_NEJYCQ,train
20260811_032647_ZPYKNS,train
20260811_033227_GZLRQC,eval
20260811_033341_QEEZJA,train
20260811_034329_DNBKAE,train
20260811_034335_CRAREF,train
20260811_035116_WQRRRV,train
20260811_035147_GYGQPD,train
20260811_035220_LJECXH,eval
20260811_035638_RSJAUN,train
20260811_040010_XAPAHW,train
20260811_040334_CDXQHE,train
20260811_040353_XMPHYS,train
20260811_040922_YAXQFK,eval
20260811_041013_ZUWQMN,train
20260811_041829_AEGJBR,train
20260811_042146_TBQPUY,train
20260811_042424_VZFUMH,train
20260811_042458_MWYUEU,train
20260811_042724_JUELUN,train
20260811_042817_ZVPUDF,train
20260811_043819_KLHUEG,train
20260811_043824_RGJEVK,train
20260811_044322_EFTXGP,eval
20260811_044353_GKMAVQ,train
20260811_044949_TBCAFV,eval
20260811_044957_RLQYLN,train
20260811_045140_QUXDAL,train
20260811_045415_DYUBZX,train
20260811_045545_PVDXQN,train
20260811_045657_QJVRJQ,train
20260811_045814_LCLXBN,eval
20260811_050039_UTFVWF,eval
20260811_050131_WDSSXX,train
20260811_050233_DJYNNE,train
20260811_050420_QRRJBJ,train
20260811_050514_KULGDG,train
20260811_050624_WQCPAU,eval
20260811_050730_LQMDFT,train
20260811_050924_DPMJTY,train
20260811_050938_UVBLLC,train
20260811_051354_HQDPAA,train
20260811_051441_HHCUHR,train
20260811_051627_WLZCWD,train
20260811_051656_EQFCHB,train
20260811_051745_QBERHQ,train
20260811_051833_RESNPR,train
20260811_052536_DVHMLC,train
20260811_052710_VQLMSK,eval
20260811_052737_KWSHDX,train
20260811_053109_JQLWZX,train
20260811_053149_JUFZYG,train
20260811_053212_FCZUQN,train
20260811_053316_JERBTX,eval
20260811_053423_XHFGVX,train
20260811_053452_ZMLGNH,train
20260811_053702_XPBQLH,eval
20260811_053856_PHWFBM,train
20260811_053906_RTWJXN,train
20260811_053909_WPRZPZ,train
20260811_053914_ZCSPHU,train
20260811_054054_LVXVMB,train
20260811_054158_ZZVRJT,train
20260811_054235_GPNGSC,train
20260811_054308_GQANZN,train
20260811_054308_LEPVSB,train
20260811_054634_VDYFME,train
20260811_054635_EYMTMP,train
20260811_054701_DSHLME,train
20260811_054729_HXAREJ,train
20260811_054845_ZGDLCX,train
20260811_054935_SNHMAA,eval
20260811_055034_CHLSWY,train
20260811_055036_YMHYSP,train
20260811_055101_APSKXE,train
20260811_055300_XQXXUJ,eval
20260811_055419_RJADBH,train
20260811_055448_MZTBHE,train
20260811_055507_DJDLLU,train
20260811_055520_KLQPNL,train
20260811_055606_QXMPJC,train
20260811_055616_RLEDBW,train
20260811_055807_HRMUXM,train
20260811_055849_BYADWZ,train
20260811_055929_YFYDGG,train
20260811_060014_TLURTQ,train
20260811_060107_LJKSJG,train
20260811_060400_CAYEXR,train
20260811_060447_GMVHSX,train
20260811_060540_PMGWAD,train
20260811_061026_APZHVR,train
20260811_061100_APNSRX,train
20260811_061115_WKBEMK,eval
20260811_061218_LRZBZC,train
20260811_061235_BKSKAQ,train
20260811_061325_VPWVWP,train
20260811_061538_WWUSDC,eval
20260811_061813_XCKQKU,train
20260811_061844_TJXWVW,train
20260811_061848_MLJXGL,train
20260811_062119_BJRCSV,train
20260811_062405_TMLAPA,eval
20260811_062520_UDAKDF,train
20260811_062537_REYAJJ,train
20260811_062742_MLMBYH,eval
20260811_062744_SRTZRR,eval
20260811_062900_ECFVZD,train
20260811_063126_UCAXCY,train
20260811_063157_TRYSRH,train
20260811_063216_WJKJQV,train
20260811_063345_TPZWCF,train
20260811_063346_CVGNDE,train
20260811_063433_HXWJJM,train
20260811_063556_NYXNMG,train
20260811_063813_QASMCW,train
20260811_063825_DCCDHK,train
20260811_063950_QYMBWV,train
20260811_064047_BPJTCC,train
20260811_064438_KLDUEC,eval
20260811_064736_TYFESN,train
20260811_065412_XWRADB,train
20260811_065609_XSUPRJ,train
20260811_065642_PTGXHQ,train
20260811_070101_YTDVPN,eval
20260811_070106_PREHYU,train
20260811_070228_BGLTMU,eval
20260811_070417_PGCUNN,train
20260811_070519_CHVFPX,train
20260811_070819_VAYRMD,train
20260811_070935_VUAVRQ,train
20260811_071151_CQBBTV,eval
20260811_071219_TAKFBD,eval
20260811_071755_WMQZYZ,eval
20260811_072026_WGUELH,train
20260811_072046_DAWWXQ,eval
20260811_072253_RHFPBU,train
20260811_072515_UGTFEA,train
20260811_072541_SENVMV,eval
20260811_072802_KPMNJR,train
20260811_073142_VJYNKF,train
20260811_073345_HELSKE,train
20260811_073550_XMFAQK,train
20260811_073604_JZKDFP,train
20260811_073747_GECWEU,train
20260811_073939_AULPSJ,eval
20260811_074033_HNGEEL,train
20260811_074125_YRTQNM,train
20260811_074345_GAEWJF,train
20260811_074505_GSWUPA,train
20260811_074539_QHQCXM,train
20260811_075034_KQEGNU,train
20260811_075131_JSGHSJ,train
20260811_075140_KUWKDP,train
20260811_075233_KUSMTW,train
20260811_075547_BJDBEC,train
20260811_075633_KWGQGN,train
20260811_075643_AXQMTP,train
20260811_075910_DAZXNN,train
20260811_080236_NQEAFN,eval
20260811_080401_PWKJAV,train
20260811_080604_AQQWWA,eval
20260811_080612_AMSZZB,train
20260811_080824_TMZKRT,train
20260811_081141_RMPYJB,train
20260811_081753_HKQESC,eval
20260811_082035_KDFHAF,train
20260811_082123_UPLXPM,train
20260811_082551_NVQNTL,train
20260811_082724_BSTYRU,eval
20260811_082956_DELBFT,train
20260811_083120_MFRCLB,eval
20260811_083406_YMGNRT,eval
20260811_084004_MMLUVU,train
20260811_084556_EAQWJY,train
20260811_084644_SSZAZF,train
20260811_084710_XXNUJW,train
20260811_085322_XPTDMX,eval
20260811_085351_EJQRFT,train
20260811_085601_XUFFKB,eval
20260811_085630_NCAKZD,train
20260811_090554_FSDPFN,train
20260811_090703_HQNUDS,eval
20260811_090943_NCHUKZ,train
20260811_091032_TLSSZH,train
20260811_091044_WLWJQL,train
20260811_091555_UNFBYQ,train
20260811_091626_RMTHAV,train
20260811_091817_BHFSKU,train
20260811_092043_XUZYDC,train
20260811_092128_MBPTKT,train
20260811_092525_VECTMC,train
20260811_092534_FMEDRN,train
20260811_092554_ANSRJR,eval
20260811_092633_XWTCZJ,train
20260811_093322_MUSADH,eval
20260811_093336_ZYHLAB,eval
20260811_093724_HPFMEA,train
20260811_094233_HJLWAE,train
20260811_094741_DGVZCB,eval
20260811_094829_GRFMGK,train
20260811_094910_GRVMSR,eval
20260811_095202_JMQMYY,train
20260811_095922_VKKBEH,train
20260811_100242_ENYPWF,train
20260811_101037_VJFDGT,train
20260811_101436_QSCSDL,train
20260811_101845_LYEJNU,train
20260811_101935_BNGLSL,train
20260811_102222_XRYNYT,train
20260811_102341_MKALRX,eval
20260811_102449_HQTUPL,train
20260811_102505_GLVLSG,train
20260811_103132_WRPKXC,train
20260811_103142_ZTTYDS,eval
20260811_103327_TJQTRG,eval
20260811_103951_DNELKX,train
20260811_104130_WTLTMU,train
20260811_104407_MEPZPE,eval
20260811_104412_XCSASL,eval
20260811_104543_GCTPEA,eval
20260811_104813_GVHYRT,train
20260811_104941_MEPRVR,train
20260811_110843_RHQVJQ,train
20260811_111206_AAJCBA,train
20260811_111555_FXGWRX,eval
20260811_111715_AHRGJF,train
20260811_112009_VQZPAW,train
20260811_112301_MDGEWC,train
20260811_112326_XRCTLC,train
20260811_112442_XVAFCU,train
20260811_114844_DRTGUN,train
20260811_115243_ZNDUMF,train
20260811_115310_YDTQVM,train
20260811_115507_TTPPZV,eval
20260811_115536_ZAHYQE,train
20260811_120137_KPNHMP,train
20260811_121310_HKGWSB,train
20260811_122000_CLLBTL,train
20260811_122621_SALVMA,eval
20260811_124256_UCFNZL,eval
20260811_124445_TTKVHR,train
20260811_125117_SBSPTA,train
20260811_130325_BMDYNY,train
20260811_130735_PRQDET,train
20260811_131226_BTJUAY,eval
20260811_131655_VZHLBM,train
20260811_131700_YWPLXH,train
20260811_132010_FNAJDS,train
20260811_132453_ZKCPSV,train
20260811_133408_HAYVPM,train
20260811_133419_DTCHAG,eval
20260811_133421_ECDXRQ,train
20260811_133514_DKZEAU,train
20260811_133610_DWZVKA,train
20260811_134451_HGJCZT,train
20260811_134922_LVRZRP,train
20260811_140209_RZRGHH,train
20260811_140425_XJGXMQ,train
20260811_141357_LUPZGP,train
20260811_142243_RNKGRC,train
20260811_142310_MBJKAY,eval
20260811_142839_WTQAZM,train
20260811_143034_AJLAPB,eval
20260811_144104_RKXHYC,train
20260811_144554_UTWHYK,train
20260811_145445_JKBNJP,train
20260811_150345_QTJJJQ,train
20260811_151820_NYLGBY,train
20260811_152400_MLNJCN,train
20260811_155010_CZBLHC,train
20260811_155339_HCSDXH,train
20260811_222029_RZCGJX,train
20260811_222411_DQPYVR,train
20260811_223313_CVHCKD,train
20260811_230743_FFYUUS,train
20260811_231015_JTEFFV,train
20260811_232111_EHJMLU,eval
20260811_232701_AESJYF,eval
20260811_234129_UQQJYJ,eval
20260811_234220_FBWKRD,train
20260811_234404_LXKUKV,train
20260811_234617_DGKXGH,train
20260811_235801_NXVLQR,eval
20260811_235926_LJZXHS,eval
20260812_000009_QHRPLL,train
20260812_000229_TMMAHB,eval
20260812_000411_SRYAJV,train
20260812_000604_DVFWDL,train
20260812_000622_VTSUKU,eval
20260812_000840_TTQUBS,train
20260812_001007_LTAJLE,train
20260812_001145_EBTXHH,train
20260812_001150_JGNXUV,eval
20260812_001304_TBDEZR,eval
20260812_001309_SARUVU,train
20260812_001847_WMKMDV,eval
20260812_001927_XBQNTC,train
20260812_002013_VEFASL,eval
20260812_002023_DZCAPZ,train
20260812_002039_HSVESY,train
20260812_002227_YCTDNH,train
20260812_002525_KBYESN,train
20260812_002652_NENJVF,train
20260812_003043_CDPMZU,train
20260812_003556_TGSBYX,train
20260812_003651_UEHFKW,train
20260812_003652_KMMQFF,train
20260812_003756_UCZCVK,train
20260812_003825_VGGQKU,train
20260812_003915_XKFSBE,train
20260812_004032_XYNTJP,train
20260812_004104_RALPWQ,train
20260812_004322_YLGTBB,train
20260812_004452_ATVXKH,train
20260812_004710_NEHABJ,train
20260812_004744_RPDYGL,train
20260812_005133_VVKNPR,eval
20260812_005157_FPFUUJ,train
20260812_005256_BMZBFG,train
20260812_005412_RLDZYR,eval
20260812_005454_XLHYRV,eval
20260812_005519_BNUCCF,eval
20260812_005552_EZHBAA,train
20260812_005821_XWQSGF,train
20260812_005850_YDCWZQ,eval
20260812_005923_ENBBZC,train
20260812_010031_XKMFFX,train
20260812_010102_CPKACV,eval
20260812_010105_AUPDHN,train
20260812_010111_FDPHMV,train
20260812_010153_KKVPJN,train
20260812_010155_HMHYYM,eval
20260812_010356_ZUPJZV,train
20260812_010414_ULYJCV,train
20260812_011007_UCKMDC,eval
20260812_011024_DBAECX,train
20260812_011046_XEDEEK,train
20260812_011403_WCWQRZ,train
20260812_011450_EQFZKE,train
20260812_011556_DNQUSA,train
20260812_011648_DYSBQY,train
20260812_011749_PZQAPU,train
20260812_011802_XDFHPF,train
20260812_012058_YSRQRV,train
20260812_012135_SPRUTX,train
20260812_012149_YJWQJE,train
20260812_012338_TVJZVP,train
20260812_012604_FZJLFJ,train
20260812_012658_CFYKMX,train
20260812_012702_ZFFHJW,eval
20260812_012809_EHSLLA,eval
20260812_013250_QSEUSZ,train
20260812_013444_LCUEBH,train
20260812_013447_XNBHEX,train
20260812_013741_MNERMQ,train
20260812_013811_SWVFDX,eval
20260812_013844_UDZFUN,train
20260812_014035_KYNUZJ,train
20260812_014053_YERAAB,train
20260812_014301_GRPPGE,eval
20260812_014452_VGSYSV,train
20260812_014652_BEVWUX,train
20260812_015346_PJGRAN,train
20260812_015351_KNTCRS,train
20260812_015440_FHGDME,eval
20260812_015913_XFHTDF,eval
20260812_015915_GRGFGZ,eval
20260812_020024_YJYQMY,train
20260812_020217_LKQBJQ,train
20260812_020311_AWQFQG,train
20260812_020435_TZHYMJ,train
20260812_020436_UQXQDQ,eval
20260812_020510_KCDNWY,train
20260812_020628_FNFTYC,train
20260812_020659_VDAQXH,train
20260812_020904_NHFWBA,train
20260812_020915_ZJLVTV,train
20260812_020925_CSCXNM,train
20260812_021003_CHJQGW,train
20260812_021054_RPPPTL,eval
20260812_021137_UKWXSE,eval
20260812_021227_GZDTYU,train
20260812_021750_MYLZFD,train
20260812_021822_TLFPVB,train
20260812_021828_PSGEVA,eval
20260812_022308_HEKUEK,eval
20260812_022320_AZVMTU,eval
20260812_022404_RNJWTQ,train
20260812_022722_MXUYNN,train
20260812_023047_KFEMFT,train
20260812_023251_EXTMRA,eval
20260812_023336_NYCMDA,train
20260812_023345_VDQMFG,train
20260812_023522_MSATJN,train
20260812_023600_YJQVEG,train
20260812_023835_ABNXSR,train
20260812_023919_WLEUWE,train
20260812_024013_RJUPAX,train
20260812_024049_SMRUYN,train
20260812_024254_UGHDMB,train
20260812_024335_LVLZUY,train
20260812_024649_NPHWZS,train
20260812_024653_JFPRNZ,train
20260812_024715_DKQQBA,train
20260812_024949_CQHAKD,train
20260812_025139_ZFXBFA,train
20260812_025344_WWXKRF,train
20260812_025351_ACDASR,eval
20260812_025430_JAPGHK,train
20260812_025543_CVFRMU,train
20260812_025558_CRTZCH,eval
20260812_030050_UQYBCU,train
20260812_030447_VBAQKF,train
20260812_030533_YYQBRQ,train
20260812_030557_GLGRZH,train
20260812_030802_WKKVHP,train
20260812_030831_FFJYFT,train
20260812_031119_GJADVG,train
20260812_031206_WBRGAV,train
20260812_031232_QGYCZT,train
20260812_031400_SXLMCM,train
20260812_031442_SXKUTQ,train
20260812_031523_PLBSMK,train
20260812_031554_ACBNPT,train
20260812_031625_TWSEEE,train
20260812_031944_MQDDMC,train
20260812_032042_JADKTV,train
20260812_032312_XJQTHU,train
20260812_032558_DKWYZK,train
20260812_032729_GJPUAB,train
20260812_032816_BAJYQA,train
20260812_032841_JTAGZC,train
20260812_033024_KUEDYP,eval
20260812_033258_LGJSRR,train
20260812_033348_VZJXPD,train
20260812_033721_LXWTSN,eval
20260812_033924_LPELJR,train
20260812_034327_XNTSHM,train
20260812_034431_YZXXJJ,train
20260812_034634_KPVKXU,train
20260812_034740_RADQQE,eval
20260812_040134_NHHCUV,train
20260812_040147_PDPGLG,train
20260812_040421_FNTMTD,train
20260812_040535_KXZNVQ,train
20260812_040655_VFXQGK,train
20260812_041121_LLCETM,eval
20260812_041735_RDQXUR,train
20260812_041905_MSLRHG,train
20260812_041959_KHTYUN,train
20260812_042024_TWBCUH,train
20260812_042210_MATKLB,train
20260812_042435_LZELVH,eval
20260812_042626_VVCYBH,train
20260812_043327_KGCLSZ,train
20260812_043443_HJPJHT,train
20260812_043547_RMTTZH,eval
20260812_043635_SUJLFZ,train
20260812_043738_CVDHDD,train
20260812_043940_XHEPMQ,train
20260812_044256_VGVYGL,train
20260812_044430_DWRPZX,train
20260812_044452_QBMLGA,train
20260812_044626_GNWXUP,eval
20260812_044733_ZVKJCJ,eval
20260812_045109_XVQFFV,train
20260812_045335_GUGHYB,eval
20260812_045910_ZXSVAG,train
20260812_045918_MYJULS,train
20260812_050418_ESXQAN,train
20260812_050427_GBDCDA,train
20260812_050443_PSCDQF,eval
20260812_050537_THTXRU,eval
20260812_050548_SDWGNS,train
20260812_050935_UQEFGF,train
20260812_051019_XDRXDN,train
20260812_051058_XGURMV,train
20260812_051114_XBXFKP,train
20260812_051531_TWSTUN,train
20260812_051607_NZDUHD,train
20260812_051808_VHQXQD,train
20260812_051952_NCLRSY,eval
20260812_052014_UWKEEJ,train
20260812_052239_KVHWXF,eval
20260812_052317_SYQUHC,eval
20260812_052429_ASYXXW,train
20260812_053229_QQFFCH,train
20260812_053435_GKKALZ,train
20260812_053447_MDAGGU,train
20260812_053639_HUZBUC,train
20260812_053720_CVUBSH,eval
20260812_053808_ZRKAJH,train
20260812_053819_KLCZCS,eval
20260812_053950_KDJYQF,train
20260812_054025_KYHQBL,train
20260812_054159_MYHVPH,train
20260812_054348_CVRAKS,train
20260812_054420_QBBPAQ,train
20260812_054423_QMHLTU,train
20260812_054442_BXLMFC,train
20260812_054451_GEBMYN,train
20260812_054535_ZKDARA,train
20260812_054557_YAZDXH,train
20260812_054605_PFSNZQ,train
20260812_054726_HGDYTC,eval
20260812_054752_QRYWZL,train
20260812_055048_TUYAUL,train
20260812_055112_HULFPK,train
20260812_055146_DLRPSQ,train
20260812_055147_NTZJRF,train
20260812_055251_CXHUBZ,train
20260812_055341_VHVEQS,train
20260812_055408_KRPWVH,train
20260812_055851_RWZQZM,train
20260812_060156_VYYWAY,train
20260812_060209_YJVDZR,train
20260812_060325_SEVNGU,train
20260812_060757_TPDHKW,train
20260812_060925_KEDXEN,eval
20260812_061000_KGWLAD,train
20260812_061022_RMGYCK,train
20260812_061026_KHAZTX,train
20260812_061442_JGLXSE,train
20260812_061500_MNJDJN,eval
20260812_061555_CAATUR,train
20260812_061642_XGXJJR,train
20260812_061845_ZRMMTZ,train
20260812_062034_SCPTNC,train
20260812_062057_VYGNTW,train
20260812_062507_TFVPKT,eval
20260812_062632_PQUJZH,eval
20260812_062642_ZFPYDY,train
20260812_062805_AAMERA,train
20260812_062809_SFQWVH,train
20260812_062915_GVANXK,train
20260812_063007_ANEVXH,train
20260812_063253_UDWPMG,eval
20260812_063307_QSFRUK,train
20260812_063419_NZTDKS,train
20260812_063732_DSPCMJ,eval
20260812_063737_XPHMZK,train
20260812_063951_FWRMTC,train
20260812_064034_FGGGVF,eval
20260812_064049_XYQVWH,train
20260812_064050_TMDNXZ,train
20260812_064558_RDXSRG,eval
20260812_064721_SAZVEC,train
20260812_064746_UWCHWG,eval
20260812_064750_XNYJAE,eval
20260812_065137_ZBZVCH,train
20260812_065205_QLHNYC,train
20260812_065216_CJVPSK,eval
20260812_065313_YPNZFF,eval
20260812_070046_ENBQGB,train
20260812_070326_VPNMPP,eval
20260812_070419_MMSXYZ,train
20260812_070542_HCFBXX,train
20260812_071206_BZPRMJ,train
20260812_071742_LHLHCV,train
20260812_071754_QFFYHC,train
20260812_072129_ABFQEM,eval
20260812_072140_MXJNVC,train
20260812_072154_JHRURG,train
20260812_072218_NWHRWB,train
20260812_072344_ZBSPJJ,train
20260812_072452_GYGPLD,train
20260812_072621_SKQTCG,train
20260812_072657_WWJAMG,train
20260812_072704_PPVQJF,train
20260812_072758_GZTEUP,train
20260812_072851_DLRDRG,eval
20260812_073104_RHVXNS,train
20260812_073235_JFFUZW,train
20260812_073325_LFPZMG,train
20260812_073456_BMWHTF,train
20260812_073500_GPPNSD,train
20260812_073514_XYJNJB,train
20260812_073608_PFXDQH,train
20260812_073828_ZKDYTZ,train
20260812_074327_YHYYCC,train
20260812_074408_FYBVNP,eval
20260812_074538_YCRBGC,train
20260812_074551_SYMTYJ,train
20260812_074612_KUPEYB,train
20260812_074621_RPNZGC,train
20260812_074718_BKUHHW,train
20260812_075622_SGBCFR,eval
20260812_080008_WDHFQJ,train
20260812_080731_SYKWVK,train
20260812_081017_JKCTJN,train
20260812_081148_SDVUUD,eval
20260812_081505_PWKCAK,train
20260812_081509_FQJAUZ,train
20260812_081756_HSKUGF,train
20260812_081852_PRSPGE,train
20260812_081901_NUAGPN,train
20260812_082243_GUSHCT,eval
20260812_082303_ZGQGYJ,train
20260812_082444_XETYJT,train
20260812_082536_CPFMJB,train
20260812_082710_USVCMN,train
20260812_082934_GNTRKV,train
20260812_083057_TDJAWG,train
20260812_083058_KLVTSJ,train
20260812_083257_ERSRHS,train
20260812_084029_HHREKH,train
20260812_085013_WHQZPN,train
20260812_085322_CZRBGZ,train
20260812_085601_HBHUNG,train
20260812_085906_BTKCZJ,eval
20260812_090451_DRKKHS,train
20260812_090511_AYZGDM,train
20260812_090910_HVHLAD,train
20260812_090959_FQRBWV,train
20260812_091443_DWQACW,eval
20260812_091457_QYPTEE,eval
20260812_091459_YSMEYU,train
20260812_091513_BJZMDN,train
20260812_091613_CBYHSE,train
20260812_092120_MUHDMF,train
20260812_092455_MVBJBN,eval
20260812_092643_JDWJZR,train
20260812_093036_UEAXWW,train
20260812_093058_LMZGSR,train
20260812_093525_GEWRHE,eval
20260812_093854_YUJTGJ,train
20260812_094207_FLGANQ,train
20260812_094751_NRVFUB,train
20260812_095613_SZSULL,train
20260812_095739_NUUYAP,eval
20260812_101614_QVMMLT,train
20260812_102944_FEJBRP,train
20260812_103601_JQGAJP,eval
20260812_104104_GAFUAR,train
20260812_104554_JYFLST,train
20260812_104659_SVWWJV,train
20260812_105747_TQWLJA,eval
20260812_105946_EUTKMB,train
20260812_112728_YNXAWJ,train
20260812_114517_YDDTCH,train
20260812_114933_VEGZUP,train
20260812_120848_KGQSAZ,train
20260812_122050_NNEAKR,eval
20260812_122353_SPMLEC,train
20260812_123915_NLFSXJ,train
20260812_125006_DRTKWC,train
20260812_125045_HUPXVF,train
20260812_125348_UFECDR,train
20260812_125528_YESJAK,train
20260812_140841_MMLMZN,train
20260812_150022_RVXCGP,train
20260812_150247_TJLFVZ,train
20260812_222059_GUCMDC,train
20260812_224129_UUSEMG,train
20260812_224918_VASWTF,train
20260812_225420_YFYDWT,eval
20260812_225756_HLCUHE,train
20260812_225817_BNGXEM,train
20260812_230634_FUQNBG,train
20260812_230746_AUEQSU,train
20260812_234446_LJZJYF,train
20260812_234522_KQUBJR,train
20260812_234657_BYNEDG,train
20260813_000527_PCLMYZ,train
20260813_000541_ADKWMQ,eval
20260813_000600_KJVMZH,train
20260813_000630_MSSEAV,train
20260813_000633_UBRDYT,train
20260813_000703_BXMXCQ,eval
20260813_001024_GQNXVY,train
20260813_001141_CDBRAR,eval
20260813_001159_AFQYFN,train
20260813_001347_SPMYPZ,train
20260813_001730_ZMVCJK,train
20260813_001948_YWHQUK,train
20260813_002241_UBJZVN,train
20260813_002259_SJEXWT,train
20260813_002456_JLTNDU,train
20260813_002456_VXBSMY,train
20260813_002656_VWBQEG,eval
20260813_002718_DBFBUA,train
20260813_002815_XSBXVX,eval
20260813_002910_LWYDXY,train
20260813_003051_URXBQF,train
20260813_003213_QRRAKZ,train
20260813_003336_NXKGAK,train
20260813_003350_NRUCTQ,train
20260813_003351_UQWBKV,eval
20260813_003436_HCRTKX,train
20260813_003654_BKVWJC,train
20260813_003744_JWGXUX,train
20260813_003753_YDCKBB,train
20260813_003839_BZWVCG,train
20260813_003913_AMXEXL,eval
20260813_003948_SAPPXJ,train
20260813_004034_YLXCEM,eval
20260813_004130_ZTYYSV,train
20260813_004512_PTXJVX,train
20260813_004719_KADSXD,train
20260813_005418_WDDBQY,train
20260813_005540_MENCPX,train
20260813_005543_SFTPJT,train
20260813_005622_CVSLVS,train
20260813_005855_JYHHKM,train
20260813_005935_TNSLHN,train
20260813_010352_SEDHYC,train
20260813_010525_RTCUUG,train
20260813_010530_PWGVXZ,train
20260813_010937_QJYEFD,eval
20260813_011124_MTEYRR,train
20260813_011259_UMQDBB,eval
20260813_011529_HVYKNR,train
20260813_011538_PJPQLX,train
20260813_011649_KDMCBR,train
20260813_011815_HVEJJA,train
20260813_011817_CFGZLR,train
20260813_011928_QRJUZA,train
20260813_012334_LMXWHT,train
20260813_012418_HCGFFV,train
20260813_012931_KFBZTN,eval
20260813_013018_UAAWZS,train
20260813_013412_JPRGXD,train
20260813_013751_YQLDJJ,train
20260813_013856_TGAHGR,eval
20260813_014036_VVCNMZ,train
20260813_014414_UDUGHX,train
20260813_014638_SMQGLA,train
20260813_014755_VEATNK,train
20260813_014822_SELJDQ,train
20260813_014908_EMTZUH,eval
20260813_014909_RMEJTJ,eval
20260813_015048_WTGBVD,eval
20260813_015732_GJPMAH,train
20260813_015921_JGKQGJ,train
20260813_020326_EVSFGP,train
20260813_020626_FNUSPN,train
20260813_020900_MELTFX,train
20260813_020922_PAEYNN,train
20260813_020948_QHTQQA,train
20260813_021006_TJNVBC,train
20260813_021132_ZCEEXY,train
20260813_021300_KNEPRY,train
20260813_021303_NRJLRJ,train
20260813_021344_NMKKSK,eval
20260813_021451_VRJWFP,train
20260813_021814_HWZKNY,train
20260813_021828_YZUXTL,train
20260813_022003_JWRLZZ,train
20260813_022509_JWQETK,train
20260813_022843_LMPEBA,train
20260813_022954_DKLGVY,train
20260813_023253_GXDBXP,eval
20260813_023258_JTEEFY,train
20260813_023711_TSPXSS,eval
20260813_024204_WXVHTW,train
20260813_025604_ZEKATJ,train
20260813_025934_DXSFMB,train
20260813_025946_CUPRJW,eval
20260813_030238_QJECSP,train
20260813_030521_UBGPLZ,eval
20260813_030612_LGAMKW,train
20260813_030726_XLXYCY,train
20260813_031126_BHXHCN,eval
20260813_031229_GAQHSN,eval
20260813_031249_TBAZAJ,train
20260813_031250_LBGTSJ,train
20260813_031342_PXNHTH,eval
20260813_031757_CSYEDL,train
20260813_032016_UAMZKX,eval
20260813_032050_DESQHW,train
20260813_032212_LXABPD,train
20260813_032507_ZCWXQX,eval
20260813_032626_GEKVRW,train
20260813_033039_ENMJRG,train
20260813_033119_SVEUKJ,train
20260813_033153_DLEDST,train
20260813_033325_PYCUEH,train
20260813_033402_DXYTQC,train
20260813_033851_GCBNGM,train
20260813_033914_MQDPCP,eval
20260813_034155_WVCUMV,train
20260813_035433_DDPRDL,train
20260813_035646_NVHMLD,train
20260813_040421_SJJMQH,train
20260813_040518_RBMQCD,train
20260813_042146_XTVFQT,eval
20260813_042515_FTMBTP,train
20260813_042633_BTQQUB,eval
20260813_042729_GMBUAU,train
20260813_042957_HTFNCE,eval
20260813_043434_ZECCRC,eval
20260813_043745_GMJUBP,train
20260813_043904_WDACUH,train
20260813_043932_DYVMCS,train
20260813_044343_SPLNCK,train
20260813_044430_FFUVDS,train
20260813_044942_VZLJCW,train
20260813_045207_ZCFEGH,train
20260813_045557_MFDZMU,train
20260813_045612_FKYAFD,train
20260813_045636_APZPGE,train
20260813_045711_MJVBWY,train
20260813_045747_PFMHVE,train
20260813_045921_GJXBNV,train
20260813_045949_UFCLSV,train
20260813_050337_CGYWQZ,train
20260813_050418_JPHLAH,train
20260813_050447_QNHVML,train
20260813_050551_LNQBYW,eval
20260813_050714_MBBPAR,train
20260813_050714_QKPVEE,train
20260813_050814_HFNJNX,eval
20260813_051428_CUGSSW,train
20260813_051509_SMVEHJ,eval
20260813_051512_DJJWLG,train
20260813_051542_HFNWFU,train
20260813_051808_HBJNDJ,train
20260813_052308_TXCQZQ,train
20260813_052510_WNCFTC,train
20260813_053032_MBWZRQ,train
20260813_053133_WMXFWS,train
20260813_053203_GQRPKL,train
20260813_053220_KAGFYS,eval
20260813_053233_TDGDDJ,train
20260813_053320_EUQKXT,train
20260813_053339_YSYLCK,train
20260813_053519_RZJELU,eval
20260813_053620_ESRSGP,train
20260813_053737_KWDBJJ,train
20260813_053832_DFLJQM,eval
20260813_053844_AARSDZ,train
20260813_053855_UNGRLH,train
20260813_054245_TJJMJR,eval
20260813_054337_ACCMVY,train
20260813_054354_DCKVFZ,train
20260813_054504_BCHUHG,train
20260813_055038_SUYFRD,train
20260813_055041_CRFTKD,train
20260813_055111_SWBREG,train
20260813_055127_KAVWPT,train
20260813_055134_ZWXYRJ,train
20260813_055342_QAKPRK,eval
20260813_055455_HULFNK,train
20260813_055559_TWVPTL,train
20260813_055832_RCHHGD,train
20260813_060103_DHWNGM,train
20260813_060309_BEXMFH,train
20260813_060316_RETLZW,eval
20260813_060516_WHJBKQ,eval
20260813_060542_ZSYGWY,train
20260813_060747_SKMVZW,train
20260813_060750_VESFCZ,eval
20260813_060756_CMFUXM,train
20260813_060915_HXQHGQ,eval
20260813_060938_TEVLRX,train
20260813_061340_ZBDZYT,eval
20260813_061519_PJQQKQ,train
20260813_061621_BUCFPV,train
20260813_061735_AYDQJB,train
20260813_062009_LGLRXS,train
20260813_062021_DPZHYP,train
20260813_062053_ZECQZR,eval
20260813_062119_XUEKQQ,eval
20260813_062211_UVGVHJ,train
20260813_062412_TXTYWE,train
20260813_063031_QZNZWN,train
20260813_063041_MDGVUJ,train
20260813_063119_RBBKTX,eval
20260813_063455_UPQLTU,eval
20260813_063623_TRAAUE,eval
20260813_063944_BKZBAK,train
20260813_064224_FEKWCC,train
20260813_064250_AGJVMM,train
20260813_064520_MFEAFJ,eval
20260813_064618_DRFGFF,train
20260813_064656_EMSWCB,train
20260813_064714_UBPLYS,eval
20260813_064835_QVJHKM,eval
20260813_065102_XKABRP,train
20260813_065155_GCPJZT,train
20260813_065215_BYLNRR,train
20260813_065223_VEXFXG,eval
20260813_065523_VTFEMB,eval
20260813_065741_CBEUSU,eval
20260813_065948_KXMJAP,train
20260813_070030_BRWNED,train
20260813_070242_DWXCHK,train
20260813_070628_DZUGEJ,train
20260813_071149_UBQYNE,train
20260813_071158_RRDRSW,train
20260813_071202_MVDTRG,eval
20260813_071428_HJUTPA,train
20260813_071440_DNCTKA,train
20260813_071654_EZLRNH,train
20260813_071737_TRLUQF,train
20260813_071804_GNQNFC,eval
20260813_072046_JHKMVY,train
20260813_072119_LEZCZR,train
20260813_072252_VRSHSW,train
20260813_072508_ASXBRS,train
20260813_072606_TDTBQP,train
20260813_072702_REXPGT,train
20260813_072834_RJYTLL,eval
20260813_073223_DFAZSC,train
20260813_073737_ZEAMVG,train
20260813_073751_CDYGLB,train
20260813_073758_UZPHBX,train
20260813_074016_UNFUJQ,train
20260813_074021_VJPHEM,train
20260813_074228_UMQEPT,train
20260813_074636_QUKYJM,train
20260813_074659_EZPYFJ,train
20260813_074938_LECZGE,train
20260813_075059_WELBYC,train
20260813_075346_KHAZRY,train
20260813_075500_GKHLHG,eval
20260813_075755_UPWHHA,train
20260813_075812_YTGHUJ,train
20260813_080212_AHSTNC,train
20260813_080556_LTJTUG,train
20260813_080815_CHPGPM,train
20260813_081008_GVXAUB,train
20260813_081111_QMWTCA,train
20260813_082307_PXJCRW,train
20260813_082517_QKMYZR,train
20260813_083103_GVXZZU,train
20260813_083302_CYMNUR,train
20260813_083458_TWZRRU,eval
20260813_083708_BNNEUW,train
20260813_084014_HQGJLZ,train
20260813_084815_JRTBEP,train
20260813_085029_CMLRVP,train
20260813_085314_FRWYEP,eval
20260813_085650_RERBSN,train
20260813_085742_DLHULH,eval
20260813_085754_XDGEMJ,train
20260813_090231_UFVZFY,train
20260813_090654_QUXSHN,train
20260813_090725_GJAEEY,train
20260813_091044_CXRCMG,train
20260813_091126_PAASZZ,eval
20260813_091322_HLBQCJ,eval
20260813_091351_KLGTGU,train
20260813_091807_SXHXHM,train
20260813_091820_ZHFHZC,train
20260813_091925_MMEXLH,train
20260813_093023_BHAAWR,train
20260813_093232_ZPZAEG,train
20260813_094146_GAUYUE,train
20260813_094152_LSURZD,train
20260813_094352_YNWJUF,eval
20260813_094535_EASKGQ,train
20260813_095309_NPZFHD,train
20260813_095339_JTZNXB,eval
20260813_095955_NYMFCT,train
20260813_100318_ULANFX,eval
20260813_101147_SHFGEH,train
20260813_101533_BGSUYX,train
20260813_102513_TLAJHY,eval
20260813_102752_QCRJRL,train
20260813_103418_NYZHBD,train
20260813_103546_UKMBGZ,train
20260813_103635_EJKLJK,train
20260813_104001_MGRRZK,train
20260813_104030_FCTDKJ,train
20260813_104046_ULLYRZ,train
20260813_104122_NMJWGR,train
20260813_104302_TNGTPE,eval
20260813_104931_XACYWL,train
20260813_113228_XNZQQU,train
20260813_113524_EDRRCV,train
20260813_113703_KGXCKA,train
20260813_114826_CGFQMT,train
20260813_115646_AXRVEK,eval
20260813_115938_FHHVMN,train
20260813_120701_QPYARG,train
20260813_121940_AAADRJ,eval
20260813_122333_DPMGXQ,train
20260813_122446_WXBGFM,train
20260813_122614_RBSEEX,train
20260813_122637_WDYNTF,train
20260813_122915_UVYYLK,train
20260813_125013_YXYZKW,train
20260813_125350_AUQNVQ,eval
20260813_133406_FJTELQ,train
20260813_133530_KTFXFK,eval
20260813_144740_RSBWEA,train
20260813_150300_QLKJWU,train
20260813_151253_PWKUWP,train
20260813_152301_AVCYRD,train
20260813_152507_VKCDUH,train
20260813_154308_SPBBAP,train
20260813_154557_KLXYJJ,train
20260813_155945_ZNREJN,train
20260813_161830_DANLLF,train
20260813_224923_UFMSAD,train
20260813_230626_RFCLFT,train
20260813_231815_JAENPT,eval
20260813_233631_SHPCEU,train
20260813_233637_VRZCZN,eval
20260813_233821_CDFKBJ,train
20260813_233824_HCSBUN,train
20260813_234954_TUJYNV,train
20260813_235533_KGZXTZ,train
20260813_235656_RHGSCV,eval
20260814_000038_VBHVEC,train
20260814_000056_NTYPCW,train
20260814_000148_HXXZZH,train
20260814_000258_YZQLVF,train
20260814_000325_ZQMYQA,train
20260814_000446_GMCLUY,eval
20260814_000544_FSBCVC,train
20260814_000728_NDZALF,train
20260814_000829_APPMXB,train
20260814_000952_CSMRTD,eval
20260814_000954_UHMSRE,train
20260814_001159_CNBHZT,eval
20260814_001311_DHCNAD,train
20260814_001411_FULGLT,train
20260814_001414_YKBYMB,train
20260814_001544_MDBKEC,train
20260814_002302_ECCNBN,train
20260814_002303_ZPJMWD,train
20260814_002309_RAJQYM,train
20260814_002436_GDTUTZ,train
20260814_002604_HPAVTS,train
20260814_002628_JXUGAM,train
20260814_002710_MQPGUD,train
20260814_002815_YGGKQC,train
20260814_002830_XKPFPU,train
20260814_003210_ESJWBS,eval
20260814_003321_JBRHUR,train
20260814_003324_TYXGEF,eval
20260814_003350_BHDQCU,train
20260814_003424_QVGCGQ,train
20260814_003429_FXYXAR,train
20260814_003443_XVRXUM,train
20260814_003457_NRQFHV,train
20260814_003849_ATYHMC,train
20260814_004001_MHXDUG,train
20260814_004349_PLQQBX,train
20260814_004423_TXYKQY,eval
20260814_004559_JQZHSE,train
20260814_004917_XZRBKX,train
20260814_005459_WGDDUA,train
20260814_005510_LDHRVH,train
20260814_005706_DFEBHV,train
20260814_005746_CSFBSC,eval
20260814_005843_CJAAHL,eval
20260814_005919_XLRGKH,train
20260814_005952_WMWJWU,train
20260814_010019_CACXFC,train
20260814_010037_FQJADT,train
20260814_010109_VTPTBH,train
20260814_010418_YYZBJP,train
20260814_010537_KEQKUP,train
20260814_010853_BYYQZW,train
20260814_010920_GHSQUC,train
20260814_011148_NGPMCN,train
20260814_011334_WAUKDF,eval
20260814_011424_NRKLKE,train
20260814_011444_SPATCG,train
20260814_011556_YJBRGX,eval
20260814_011804_VWZCYW,train
20260814_011907_ZTCLXY,eval
20260814_012015_FDFMGD,eval
20260814_012047_TXHNMX,train
20260814_012223_CMCPQC,train
20260814_012756_HTFNGF,eval
20260814_012915_DZPCQV,train
20260814_012942_TPWMNA,train
20260814_013214_QEDEGF,train
20260814_013239_VTCANQ,train
20260814_013735_RECWUX,eval
20260814_013925_SNVVRS,train
20260814_014006_BXWJBF,train
20260814_014341_GWKHWK,train
20260814_014412_WREXQC,train
20260814_014721_XXBQCS,train
20260814_015131_BXSJEH,train
20260814_015157_FEQJFR,train
20260814_015227_TPDNTM,eval
20260814_015251_RVNGTJ,train
20260814_015758_QFUPHZ,eval
20260814_015817_BNMVAA,train
20260814_020207_QNMEWK,train
20260814_020223_JQBQSL,train
20260814_020459_DHASJF,train
20260814_020543_LTZYRD,eval
20260814_020638_XLHJVC,train
20260814_021222_LVFCVC,eval
20260814_021315_EBEVNV,eval
20260814_021318_MPDQNL,eval
20260814_021546_YPQMWW,train
20260814_021831_QHFEPS,eval
20260814_022629_WNJDSZ,train
20260814_022715_TSXZBZ,train
20260814_022757_WMAHRY,train
20260814_023124_QRNHMG,train
20260814_023148_BABWJL,train
20260814_023154_YTLHXY,train
20260814_023212_QVYGAX,train
20260814_023230_KASVUY,eval
20260814_023316_BMUTJS,train
20260814_023609_CFCDJE,train
20260814_023625_HQSMEY,train
20260814_023656_REKNVH,train
20260814_023737_GUMSJY,train
20260814_023820_AQNLVU,train
20260814_024302_SNXHWZ,train
20260814_024728_JVCGVZ,train
20260814_025103_LGACHB,train
20260814_025219_TCYPNH,train
20260814_025304_FUQEJC,train
20260814_030038_RUZFRP,train
20260814_030140_GLMQDY,eval
20260814_030759_PYLVLE,train
20260814_031015_HRKZRL,eval
20260814_031359_KSLLBK,train
20260814_031451_GEKMFR,train
20260814_031451_UAWGAD,train
20260814_032122_STUXKG,train
20260814_032150_ZTYTQF,eval
20260814_032318_LFSXJU,train
20260814_032608_HKLUHC,train
20260814_032724_VZSDBU,train
20260814_033103_JEMCFU,train
20260814_033323_ELXDGB,eval
20260814_033350_UPMRFM,train
20260814_034154_ASFGKS,train
20260814_034914_BCFYNX,train
20260814_040115_BCRDFE,eval
20260814_040344_VSYGFE,eval
20260814_040637_KBQSAP,eval
20260814_041130_YLSUCF,train
20260814_042314_HLRQMM,train
20260814_043634_VFSUWW,train
20260814_043755_LZJBCX,train
20260814_043811_EZKNFQ,eval
20260814_043822_BTRYRJ,train
20260814_044017_LKZMDX,eval
20260814_044445_WWCNQS,train
20260814_044551_DLMYUV,train
20260814_044653_RTEAKS,train
20260814_044943_CXCLFH,eval
20260814_045205_CVCPAC,train
20260814_045232_GUMURW,train
20260814_045300_DJFGMN,train
20260814_045356_RKUJQN,train
20260814_045449_GFUEBF,train
20260814_045606_TXYDGW,eval
20260814_045641_NDPRJZ,train
20260814_045908_TBTRKQ,train
20260814_045941_SHCZDP,train
20260814_050256_YBKQMW,train
20260814_050833_VXDRYY,train
20260814_050918_WCGNUT,train
20260814_051053_HNVBDC,train
20260814_051612_NLAGXJ,train
20260814_051642_QWKTFE,train
20260814_051703_BEUPTB,train
20260814_051725_VUWYTV,train
20260814_051746_RRAXZB,train
20260814_051830_JJEPHS,train
20260814_052202_KCRKFG,train
20260814_052315_HUKAPM,train
20260814_052436_HLZSYZ,eval
20260814_052523_YTZRYA,eval
20260814_052551_QWLKLJ,train
20260814_052841_MGKXAD,train
20260814_053021_BXWXFW,train
20260814_053129_LXJDWA,train
20260814_053245_KLZBGG,eval
20260814_053404_VKSUZU,eval
20260814_053548_YQYZRT,eval
20260814_053556_RKCPZU,train
20260814_053607_MXRAUZ,eval
20260814_053815_BJZJGD,eval
20260814_053821_JENPFH,eval
20260814_053945_AZFLVW,train
20260814_054105_BMQMHS,train
20260814_054117_XTQSCQ,train
20260814_054131_PLNZUJ,train
20260814_054414_QCQPTV,train
20260814_054516_AGDUJL,eval
20260814_054632_MLZNNJ,eval
20260814_054743_KYSUMS,train
20260814_054916_EKDAUH,train
20260814_054958_KCRFBA,train
20260814_055010_QWUFKC,train
20260814_055429_UKCAUN,eval
20260814_055440_QRBAQG,train
20260814_055558_RVYEVX,train
20260814_055629_HDPULX,train
20260814_055729_KNYLQV,train
20260814_055819_PHFASH,eval
20260814_055903_JXDZAY,train
20260814_055911_MUSEWF,eval
20260814_060052_MKPLYH,train
20260814_060104_NJVPRJ,eval
20260814_060151_GNPLTG,eval
20260814_060206_UKVGZR,train
20260814_060312_WAENEC,train
20260814_060319_TUBKWU,train
20260814_060501_HNFTDS,train
20260814_060632_PUYJGH,train
20260814_060706_JSCQDL,train
20260814_061035_BXJKBH,train
20260814_061042_HQXEHT,train
20260814_061110_TBDPJB,train
20260814_061453_QUQEYG,train
20260814_061752_QULJBV,train
20260814_061753_MQCVJX,train
20260814_062034_NNPHBB,train
20260814_062226_UNHNSQ,train
20260814_062303_BXXQMG,train
20260814_062417_LGAUCX,train
20260814_062510_QZXRBE,train
20260814_063026_YUHGXJ,train
20260814_063402_FRKZYK,train
20260814_063439_LLVXGQ,train
20260814_063529_CGXBEU,train
20260814_063734_LXFWHB,train
20260814_063735_GTWULN,train
20260814_063929_EPBTXM,train
20260814_064407_EXYCGT,train
20260814_064623_FQRSJQ,train
20260814_065209_GZBCBY,eval
20260814_065437_VLXDKW,eval
20260814_065545_KTBEDY,train
20260814_070148_SAZXKQ,eval
20260814_070214_GRGDRM,train
20260814_070307_ZECVPL,train
20260814_070422_DLNXCR,train
20260814_070453_HEGMEX,train
20260814_070644_CWYNVN,train
20260814_070732_GERFDL,train
20260814_070857_HNSWTZ,train
20260814_071355_ZYJZDW,train
20260814_071433_VVGCWP,eval
20260814_071435_QCXJHA,train
20260814_072146_YUJMUJ,eval
20260814_072246_ADTKTQ,eval
20260814_073016_JUNMWX,train
20260814_073028_ZJGBAL,eval
20260814_073037_RMWUJY,eval
20260814_073236_XFAMAV,train
20260814_073243_LDSQQE,train
20260814_073411_HDAHBG,train
20260814_073444_LABFDP,train
20260814_073821_FXQBAM,train
20260814_074239_GRQNLA,train
20260814_074413_THZGLA,train
20260814_074613_JHHDGA,train
20260814_074916_VZBKHE,eval
20260814_075237_WGQUAY,train
20260814_075317_LRAFMN,train
20260814_075444_SRARTP,train
20260814_075612_DSNJGG,train
20260814_075651_RBKTCU,train
20260814_075711_PANQNM,train
20260814_080243_PUAYBW,eval
20260814_080249_QFWWCV,train
20260814_080700_BQBXCN,eval
20260814_080737_DQFFAW,eval
20260814_080919_CVYJFH,eval
20260814_081053_UBDBFY,train
20260814_081146_BRPNGD,train
20260814_081208_SKYJVC,train
20260814_081302_BCZSDE,train
20260814_081313_BEKNKK,train
20260814_081408_ASEHDM,train
20260814_081459_JFBQQR,train
20260814_081526_KBCQEE,train
20260814_081652_WACVBE,train
20260814_081812_CBSMDY,eval
20260814_082225_QAJTET,train
20260814_082609_ARXNAM,train
20260814_082730_KXBVLG,train
20260814_082819_MQYCRL,train
20260814_083101_YARRXG,eval
20260814_083725_JRMBYY,train
20260814_083934_UGKTHD,train
20260814_084010_BJXTZM,eval
20260814_084355_EXEDJP,train
20260814_084806_ATWUSR,train
20260814_085357_NKTYBK,train
20260814_085429_TJXHAS,train
20260814_085814_TDEJAY,eval
20260814_085903_LWNENG,train
20260814_090208_FXHFNQ,train
20260814_090457_XXNAVC,train
20260814_091236_GANEFN,train
20260814_091557_MDDFXP,train
20260814_093239_UPLXVP,train
20260814_093812_YADCYQ,train
20260814_094003_PVSYNP,train
20260814_094205_JKFGLJ,eval
20260814_094734_WZFDXX,train
20260814_095340_JZDZGF,train
20260814_095426_XZRYAT,train
20260814_095552_NQQYVW,train
20260814_095803_CYTDLT,eval
20260814_100338_LUJAMS,train
20260814_100339_GBDQGS,train
20260814_100521_ZHRBBP,train
20260814_100603_TNABQC,eval
20260814_100715_XWXVVK,eval
20260814_100748_WZPMSJ,train
20260814_101125_VKJTQG,train
20260814_101215_RKNCHU,train
20260814_101708_SUDLKZ,train
20260814_101722_UEYQQX,train
20260814_102240_KXEFNK,train
20260814_102600_GYLFBB,train
20260814_103229_LGUVPF,train
20260814_104629_KYNWTG,train
20260814_105040_FFVNLS,train
20260814_105433_SRRZQU,eval
20260814_110308_VGXTRX,train
20260814_111421_FYDKJJ,train
20260814_112128_MWGWTM,train
20260814_112400_ZAMJYJ,train
20260814_112650_PAJJKP,train
20260814_113336_PCXAUC,train
20260814_113440_XKYYEX,eval
20260814_114136_CHSWDE,eval
20260814_115458_QFSLTS,train
20260814_120011_JGZPUN,train
20260814_120826_WBXNDA,train
20260814_121151_UJEAJJ,train
20260814_122153_QDTSNF,eval
20260814_122321_WDMTVS,eval
20260814_123401_MXDRDG,train
20260814_130441_CDFLKT,train
20260814_131033_DSNMGG,train
20260814_133853_EEVSND,train
20260814_134540_WFWBWL,train
20260814_135047_VEFBGE,train
20260814_141021_GBFDXZ,eval
20260814_141450_XSYRAE,train
20260814_143431_KWMDMC,train
20260814_153929_QKZQNP,eval
20260814_220908_BHVBBH,train
20260814_224952_KJZWZF,eval
20260814_230347_AMUUPB,train
20260814_231034_XBGYTH,train
20260814_232049_CQSMRW,eval
20260814_233105_RMMTGJ,eval
20260814_233805_WXHYKF,eval
20260814_234029_UPXYGY,eval
20260814_234444_YLDVCN,eval
20260814_235322_LSEWZW,train
20260814_235325_KLYVJD,train
20260814_235649_QCFUSL,eval
20260814_235822_NUMTDK,train
20260815_000017_SUMVAP,eval
20260815_000527_SPFMQS,train
20260815_000553_CTZTWF,eval
20260815_000756_KVPCGZ,train
20260815_000843_REAVAX,train
20260815_001321_FMSEPY,train
20260815_001507_WRKXKP,train
20260815_001922_BGKAZL,train
20260815_002016_QLXSPN,train
20260815_002022_SXSSEC,train
20260815_002409_NCYGXZ,train
20260815_002722_ETMTTK,train
20260815_002825_TZABQR,eval
20260815_003014_VHQQCF,train
20260815_003104_VVUVLS,train
20260815_003146_FGCJJX,train
20260815_003344_TQXCXW,train
20260815_003352_YDBNQV,eval
20260815_003401_YHPMJZ,train
20260815_003452_PVDPLB,eval
20260815_003555_QRNPLA,train
20260815_003812_GADYAV,train
20260815_004104_ZXERBF,train
20260815_004232_ETFGXX,train
20260815_004445_PWJWKG,train
20260815_004716_TWUJCQ,train
20260815_005307_JGNSNY,train
20260815_005739_TGLGQF,eval
20260815_005946_PTSEAZ,train
20260815_010443_GKSLJT,eval
20260815_010458_DJNXNZ,train
20260815_010522_DXYFVK,eval
20260815_011038_ZBJUFN,train
20260815_011039_JMDMSP,train
20260815_011215_WGLXEY,train
20260815_011249_SPBSRK,train
20260815_011301_QGRHNM,train
20260815_011425_BHNMCP,train
20260815_011605_QJYPZX,train
20260815_011941_KSUCJB,eval
20260815_012021_PGVFTS,train
20260815_012110_CEZUPS,train
20260815_012421_CMNLGQ,train
20260815_012851_FJBJRE,train
20260815_012956_DTPBNV,train
20260815_013200_QSPMMQ,train
20260815_013358_KEBXHJ,train
20260815_013400_DQKSNH,train
20260815_013557_CEGHKP,train
20260815_014143_ZLEZXK,train
20260815_014611_EABLJR,train
20260815_014728_GUZBDS,train
20260815_015043_HGGDHA,train
20260815_015457_WUNGBB,train
20260815_015515_RDWSUQ,train
20260815_015840_VNPHAP,train
20260815_020021_PWQDKJ,train
20260815_020632_BNLKCH,eval
20260815_020710_NMSGDH,train
20260815_020712_RKEABC,train
20260815_021254_BSPWNQ,train
20260815_021510_WDNZZE,train
20260815_021606_BCEVSG,train
20260815_021741_BFDEQU,train
20260815_021903_TBSTRH,train
20260815_022340_FUXMCX,train
20260815_022453_QXMRLT,train
20260815_023004_LXUNRK,train
20260815_023023_NSLWSQ,eval
20260815_023449_LMJZRZ,train
20260815_023740_GWSGKL,train
20260815_024125_JRFHWZ,eval
20260815_024130_FCKFAY,eval
20260815_024306_RGWSQM,train
20260815_024614_UECWLN,train
20260815_024733_HXGFAM,train
20260815_024928_SDDMNT,train
20260815_025131_LNVWTX,train
20260815_031322_QJFGDV,train
20260815_032124_YLLWPP,train
20260815_032726_VPNNKH,train
20260815_033334_REJBUF,train
20260815_033342_PHXBKG,eval
20260815_034355_WSDPPZ,train
20260815_034401_HWJYZH,train
20260815_034817_SNGHYX,train
20260815_035003_RKUCMS,train
20260815_035209_USRTWC,train
20260815_040726_DJGGSD,train
20260815_041522_JUSZFM,train
20260815_041602_YQYPHQ,train
20260815_042238_JAWECK,train
20260815_043027_MNDZLM,train
20260815_043437_EEDNQP,train
20260815_044234_BMEYPH,train
20260815_045104_XWQWSF,train
20260815_045347_SYUHJG,train
20260815_045349_HBXJWA,train
20260815_045404_MMTGWH,train
20260815_045945_TKWBAV,train
20260815_050354_MZGHMZ,eval
20260815_050544_RHSEJM,eval
20260815_050902_FPXYVX,train
20260815_050935_UHQLNM,train
20260815_051102_SJRVZR,train
20260815_051143_DNWXCW,train
20260815_051352_AHTSWF,train
20260815_051438_JUMSAH,train
20260815_051528_SUPZTC,train
20260815_051708_ABFGVM,train
20260815_051720_BUCJSY,train
20260815_052154_KKKQGT,train
20260815_052226_JXJCDY,train
20260815_052456_MNHLUH,train
20260815_052459_WVXLLU,train
20260815_052521_YVVZNL,train
20260815_052819_TVNCQV,train
20260815_053039_CXXWQA,train
20260815_053048_TGEEZU,train
20260815_053058_UTYTXM,train
20260815_053110_XUDYVC,train
20260815_053125_WYRLAK,train
20260815_053134_NJKWTX,train
20260815_053202_KAWVME,train
20260815_053212_DFJWPN,train
20260815_053223_RHBBXV,eval
20260815_053247_BGPPEQ,train
20260815_053315_WYEFBQ,train
20260815_053406_ZPNJMP,train
20260815_053432_ZUWQLQ,train
20260815_053707_VGRQFN,train
20260815_054002_NLSBNY,train
20260815_054254_CSFNPQ,train
20260815_054359_HQHPSH,train
20260815_054611_ZTJCEB,train
20260815_054615_PGMWEZ,eval
20260815_054734_QTDSGL,train
20260815_054806_XEXLRL,train
20260815_054846_HRSKRJ,train
20260815_055508_AMPRWR,train
20260815_055628_RDYNZY,train
20260815_055733_MRFQDZ,train
20260815_055949_VZJLZJ,train
20260815_060211_YFLWBF,train
20260815_060714_CLDRLF,eval
20260815_060820_ACELXY,train
20260815_060924_NLSZNU,train
20260815_060938_CXUWGA,train
20260815_061006_RHCBUL,train
20260815_061026_DLEVJK,train
20260815_061109_BRXZVP,train
20260815_061226_HWAVCP,eval
20260815_061517_GEXKNB,eval
20260815_061911_RKSNAQ,train
20260815_062119_VWVKJZ,eval
20260815_063130_ANQNTV,train
20260815_063528_XPCETY,train
20260815_063755_TXWZTN,train
20260815_063817_UXQFYH,train
20260815_064349_WACXQU,eval
20260815_064556_KKHPLY,train
20260815_064609_RUPRPH,eval
20260815_064646_BSLWCB,train
20260815_065141_QCRFTP,train
20260815_070032_FSLZTB,eval
20260815_070232_ASLBFW,train
20260815_070306_VLBZEX,train
20260815_070341_EUMCEW,train
20260815_070857_LKMRXX,eval
20260815_071045_PEYCCR,train
20260815_071218_TCKPJY,train
20260815_071257_UEWPXE,eval
20260815_071340_BHNXLP,train
20260815_071714_FHDVCA,eval
20260815_071810_YUMYUP,train
20260815_072358_AUBFZK,train
20260815_073535_CKNTWP,train
20260815_073835_SPVTUE,train
20260815_074423_BDQDFL,train
20260815_074656_GRGHMD,train
20260815_075135_HTWEMV,train
20260815_075152_CKRVYK,train
20260815_075426_TYUMUB,train
20260815_080000_BZTGJU,eval
20260815_080011_LJFNAL,train
20260815_080303_ZGHUBJ,train
20260815_081120_BZRYUV,eval
20260815_081528_XNXJUN,train
20260815_081942_WVPEAW,train
20260815_081945_WQPASE,train
20260815_082002_PKMSVN,train
20260815_082536_XWKEZV,train
20260815_082544_MPMNEL,train
20260815_082911_MYGSCG,eval
20260815_082936_RUAHHK,eval
20260815_083854_HUPTZW,eval
20260815_084626_DAWYCJ,train
20260815_085510_FTBMNP,train
20260815_085622_KVDUCF,train
20260815_085712_VCBEHM,train
20260815_090345_FAZVWW,train
20260815_090548_SXPWPX,train
20260815_090550_PMCJRH,train
20260815_090900_GVKJWP,train
20260815_090920_TPSMAB,train
20260815_091232_UTVUGJ,train
20260815_091837_WVPLXP,eval
20260815_092245_WCUQTC,eval
20260815_093128_ZGPEUF,train
20260815_093516_VPPCQN,train
20260815_095954_YTCWMK,train
20260815_101021_BXAJHE,train
20260815_101553_CFMFQW,train
20260815_101935_VTSTVN,train
20260815_103014_RNLMKH,train
20260815_103520_AKEJXS,train
20260815_103818_UWVSQX,train
20260815_105219_FKWQXQ,train
20260815_105346_TJZRLX,train
20260815_105535_EFMXTE,train
20260815_110012_ZHAJDR,train
20260815_110020_GZVWCP,train
20260815_112259_SBHTAJ,train
20260815_112540_DZKYRW,train
20260815_113339_THMXAR,train
20260815_120831_JSGFAD,eval
20260815_120938_TXNHWV,train
20260815_122203_GRRMWN,train
20260815_124403_MCXVNK,train
20260815_130432_GSEBUD,train
20260815_132313_PHKPMC,eval
20260815_133947_AJPRBN,train
20260815_141326_DZQVTK,eval
20260815_162431_NTRQSH,train
20260815_184557_BSQEZE,train
20260815_215111_GMAFGZ,eval
20260815_231305_UJGDTN,train
20260815_233247_XWCSYY,eval
20260815_234146_JPXRPS,train
20260815_234318_JSEFTZ,train
20260815_234435_EVLLCA,train
20260815_234524_GHUPBR,train
20260815_235214_JQRFZF,train
20260815_235251_SJPPZS,eval
20260816_000252_UJREDG,train
20260816_000430_MBKDEH,train
20260816_000527_JLSGGJ,train
20260816_000544_JPTMUB,train
20260816_000732_RFTTGJ,train
20260816_001308_WDMKTN,train
20260816_001356_PWZFZK,train
20260816_001546_ZLLMNV,eval
20260816_001603_MNHCYV,train
20260816_001618_BXGXXE,train
20260816_004255_YEZFGS,train
20260816_004335_BNXQJH,train
20260816_004450_BDDPVS,eval
20260816_004931_PKESKE,train
20260816_005203_NNAHWL,train
20260816_010231_XYKAVQ,train
20260816_010322_SSVPAX,train
20260816_010923_RWTEQE,eval
20260816_011601_NNDNAW,train
20260816_012641_JJKNNM,train
20260816_013725_DUMCMZ,train
20260816_014038_RTLQEY,eval
20260816_014402_HUCTXN,train
20260816_014734_BTPFHN,train
20260816_014837_RYBQLY,train
20260816_015251_MJBZCN,eval
20260816_015852_AUJEUY,train
20260816_020514_JCWUWN,train
20260816_020554_YXYKLY,eval
20260816_022033_BEFMKF,train
20260816_022407_DJRNZY,train
20260816_022724_NCEAKQ,train
20260816_023535_UERVDT,train
20260816_024047_SGMUWG,train
20260816_024859_JPPVFJ,train
20260816_025721_FJUCTS,train
20260816_025935_LNHGFR,train
20260816_030140_BACPNE,eval
20260816_030706_WFEGBR,eval
20260816_031157_ENDWHQ,train
20260816_031642_KRXRBY,train
20260816_032622_SGVLGP,train
20260816_032714_FXNSDB,train
20260816_033156_JEAGVG,train
20260816_033440_HZVDZD,train
20260816_033747_DTFAAY,train
20260816_035118_RNLSQU,eval
20260816_040449_MLZRFU,train
20260816_040939_QDJGJP,train
20260816_041048_PLNGGL,train
20260816_041242_PWDMFM,eval
20260816_042341_KMVWVB,train
20260816_043224_RHBBCJ,eval
20260816_044719_CQUTYF,train
20260816_045521_YNYMKR,train
20260816_050038_PKHPJE,train
20260816_050654_ZRAQUU,train
20260816_050657_HYFYKC,eval
20260816_050715_ZRJDHN,eval
20260816_052604_XQBFNP,train
20260816_052808_URCXTC,train
20260816_053440_KYLRVP,train
20260816_053448_VAJJXP,train
20260816_053744_EJSTGX,train
20260816_054324_NCMPCV,train
20260816_054355_YPLCSB,train
20260816_054359_JKXXRG,train
20260816_054617_GEDFBF,eval
20260816_054721_FQCEBV,train
20260816_054933_UJBVCQ,train
20260816_055147_CVBKQJ,train
20260816_055641_RZHMSG,train
20260816_060238_LHQTCP,train
20260816_060336_EKYJHV,train
20260816_060637_MVNFRS,train
20260816_060905_BACCXL,train
20260816_061232_SJFBSS,train
20260816_061509_VLGAGY,eval
20260816_061600_SZXLJX,train
20260816_061602_UTBPEG,eval
20260816_061922_JWHPPB,train
20260816_062433_QYAXKN,train
20260816_062501_XKLFZB,train
20260816_063245_WAWYKD,train
20260816_063640_KVULRY,eval
20260816_063848_GFNLTM,train
20260816_063927_VAJPEH,eval
20260816_064126_RJPXJT,train
20260816_064539_STCECP,train
20260816_065906_FLRDLW,train
20260816_070022_TVJPEG,train
20260816_070941_HSBNUE,train
20260816_071353_AQHFAW,train
20260816_071653_SMUKJZ,train
20260816_071941_BAWBMR,train
20260816_073248_CYVFNR,train
20260816_074506_KDAXPD,train
20260816_075404_TKPMTK,train
20260816_075801_JEBNXJ,eval
20260816_080029_HXAUWV,train
20260816_080120_XCEKRH,eval
20260816_080515_ZGKDAE,train
20260816_081405_CUUUKH,train
20260816_082909_FNGGGM,eval
20260816_082912_YWKKPU,train
20260816_083354_JLTNQJ,train
20260816_083700_JYTNBW,train
20260816_084053_ZJFXHX,train
20260816_084635_SRWJDE,train
20260816_085704_QMRFPJ,train
20260816_085705_MKJGQX,train
20260816_090739_WNRBLW,train
20260816_092246_FHAJGK,train
20260816_092823_FBMFHB,train
20260816_093144_DFCRKJ,train
20260816_095537_ERWDPP,train
20260816_101605_BHWVAU,train
20260816_102318_HFYGVF,train
20260816_103957_BPLQEQ,train
20260816_112615_XPAKDP,train
20260816_114002_FFCDXD,train
20260816_121542_LFTHWW,eval
20260816_121636_SRJLMU,train
20260816_122411_HLVCTH,train
20260816_125135_PWWYAA,train
20260816_201211_KYTHNL,train
20260816_222312_XASJTE,train
20260816_222530_ZBRCKF,eval
20260816_230024_BLUECU,train
20260816_230559_AXGGDR,train
20260816_230903_UUHQSS,train
20260816_232038_SVMKNY,train
20260816_234038_BLGVCZ,train
20260816_234329_VYRHPS,train
20260816_234656_UZUSXF,train
20260816_234942_PCGGNN,train
20260817_000255_DKXZEV,train
20260817_000304_ALFAKG,train
20260817_000308_RJBVEW,train
20260817_000745_MHPKVF,train
20260817_000747_CFADTB,train
20260817_000945_QZCJGB,train
20260817_001105_ZFGJWR,eval
20260817_001156_MFVLCL,train
20260817_001409_WETHLP,train
20260817_002038_JQENHQ,train
20260817_002107_JSELUH,train
20260817_002137_FRQJBG,train
20260817_002431_QGWJMQ,eval
20260817_002441_TYWMFG,train
20260817_002545_CXFUFU,eval
20260817_002624_ETYRKM,train
20260817_002939_EURBMS,eval
20260817_003110_YVKECR,train
20260817_003329_LJEFJG,eval
20260817_003414_DSXUNS,train
20260817_003727_GZRCXF,eval
20260817_003800_ESLDNU,train
20260817_004121_EHTHAF,train
20260817_004212_PFWTSS,train
20260817_004221_WVPPUP,train
20260817_004242_FLQVZW,train
20260817_004345_BEWUST,train
20260817_004427_SYSQDX,eval
20260817_004441_FUZARW,train
20260817_004514_TFTDGW,train
20260817_004628_WEQUUQ,train
20260817_004649_FSLTFZ,train
20260817_004750_UBNPTB,train
20260817_004838_NYNUFF,eval
20260817_004842_CWREAW,eval
20260817_004848_LKXLPR,train
20260817_004923_RSSSQA,eval
20260817_005011_HSWHKK,train
20260817_005033_RNVKDT,train
20260817_005153_TUQEJY,eval
20260817_005409_RZZBBV,train
20260817_005610_UXDJJH,train
20260817_005815_JABAPT,train
20260817_005838_QTQLKK,train
20260817_005848_FXBHCV,train
20260817_005931_BWVJGS,train
20260817_010122_NUPQZE,train
20260817_010140_DUUTXE,train
20260817_010328_YYUNFT,train
20260817_010335_YMSUAA,train
20260817_010624_BQRSUB,train
20260817_010848_AAAFHN,train
20260817_011412_HBZNUF,train
20260817_011621_GAGKFY,train
20260817_011820_VRCTDK,train
20260817_011941_MMUTMT,eval
20260817_011948_QABWLD,eval
20260817_011956_QGNQFU,train
20260817_012120_CKQFWZ,train
20260817_012207_TAZTBH,train
20260817_012411_ZCELTC,train
20260817_012630_QUPACK,train
20260817_012947_ETNNPS,train
20260817_013131_YTKDDW,eval
20260817_013228_YEYVHY,eval
20260817_013435_CHAFWM,train
20260817_013633_MZADUN,train
20260817_013646_QZDJBR,train
20260817_013916_ATFVVJ,eval
20260817_014010_RYNDVG,eval
20260817_014217_YZBCWW,train
20260817_014532_VGKFHA,train
20260817_014607_BYLHVG,eval
20260817_014619_QMQDVQ,train
20260817_014745_XLYKXJ,train
20260817_015102_HEVPKR,train
20260817_015410_TSCHZT,train
20260817_015412_XBYQXD,train
20260817_015532_KCTCZY,train
20260817_015549_FBQVBZ,train
20260817_015615_ZSTKQF,train
20260817_015724_XZQWNX,train
20260817_015743_DJSMKX,train
20260817_015801_KRXLTX,train
20260817_015812_AGEUHB,train
20260817_020154_WPMCAJ,train
20260817_020509_SLEZAZ,train
20260817_020608_HATLTV,train
20260817_020726_SLJFNA,train
20260817_021138_QZDNCG,eval
20260817_021143_FWRFLQ,eval
20260817_021246_HQGSCD,train
20260817_021305_MLBPGA,eval
20260817_021438_VPEPXX,eval
20260817_021458_WBWTWD,train
20260817_021649_AKDYGV,train
20260817_021806_MPRHSB,train
20260817_021845_YUZVXB,train
20260817_022136_NWERNR,train
20260817_022551_FSAFBY,eval
20260817_022605_VAYCHC,train
20260817_023256_FPYERR,train
20260817_023356_WSRFSF,train
20260817_023456_YYRVUD,eval
20260817_023610_ZCACCV,train
20260817_023826_EKZLAK,train
20260817_024229_CDUWTH,train
20260817_024401_UUZCGP,train
20260817_024425_BUJDVZ,train
20260817_024624_CZEXVX,train
20260817_024729_HSFYTH,eval
20260817_024938_LBEVYD,train
20260817_025017_TQGTHN,train
20260817_025218_UUAAWZ,train
20260817_025327_ZDFKUY,train
20260817_025415_HPMRGE,eval
20260817_025523_JXKPVM,train
20260817_025826_LEWAGP,train
20260817_025856_KKZVNS,train
20260817_025927_VSYBMB,eval
20260817_030232_SCJZWN,train
20260817_030532_VRLHYN,train
20260817_030615_DFDAKF,train
20260817_030749_MCXYWC,train
20260817_030851_TTCDYJ,train
20260817_030856_LSYJSV,eval
20260817_031233_CFRPRA,train
20260817_031237_PYDPFV,train
20260817_031250_ZNSCQL,train
20260817_031259_MSZHWT,train
20260817_031355_FXPXLF,train
20260817_031543_ABJZTA,train
20260817_031615_QLJFXZ,train
20260817_031956_MMVTWG,train
20260817_032215_XPVYCY,train
20260817_032235_DGJCWX,train
20260817_032505_KQYKBS,train
20260817_032521_QSCCNP,train
20260817_032541_WRKEHJ,train
20260817_033125_JLQZYZ,train
20260817_033357_ZUMGGY,eval
20260817_033510_PZGRKG,train
20260817_033717_LVMBEE,eval
20260817_033834_LRXDAQ,eval
20260817_034023_XWYTKS,train
20260817_034835_CVYDPN,eval
20260817_034909_RUJCFB,train
20260817_034913_STPQJP,train
20260817_035129_HPCTDM,eval
20260817_040047_YYGSXL,train
20260817_040112_ZBRQXY,train
20260817_040223_NSNMTJ,train
20260817_040532_BPBSYC,train
20260817_040636_TSSJAN,train
20260817_040810_UFAFZN,train
20260817_040932_FLHHKX,train
20260817_040938_KPFPHG,train
20260817_041126_TPFUSC,train
20260817_041312_RWXYKF,train
20260817_041644_ALXGRT,train
20260817_041730_HSAZSN,train
20260817_042726_NDRHEF,train
20260817_042857_UUACCH,train
20260817_043240_PBJADL,train
20260817_043321_PUZQPN,train
20260817_043517_STQCNQ,train
20260817_043609_XQVXQW,eval
20260817_043611_XAFNFU,eval
20260817_043908_URMHTN,eval
20260817_044050_BFEBWS,eval
20260817_044325_RSBZFL,eval
20260817_044425_PZTABF,train
20260817_044622_TRKMHN,train
20260817_044837_QRJCBE,train
20260817_044939_RBEKJF,train
20260817_044957_UXXVAT,eval
20260817_045133_QPTEGC,train
20260817_045322_BEUJER,train
20260817_045448_FUMVDF,train
20260817_045906_UPYUDL,train
20260817_045942_TJHWBB,train
20260817_050034_KADQAG,train
20260817_050049_NVKZJD,train
20260817_050143_XERHZE,train
20260817_050157_LJJDYT,eval
20260817_050319_YEKXDC,train
20260817_050341_EBSJBH,train
20260817_050520_QSETMM,train
20260817_050629_GPLVUR,train
20260817_050925_RXKWWD,train
20260817_050949_ANNRQE,eval
20260817_051015_JNZEKT,train
20260817_051056_LYULDS,train
20260817_051145_UQKZNN,train
20260817_051310_EWDDBT,train
20260817_051347_CKRZQK,eval
20260817_051511_JFCJMC,train
20260817_051530_NFKDQA,train
20260817_051718_EVHPMP,train
20260817_051943_JQMXDV,train
20260817_052011_XAVJPS,train
20260817_052248_DEJXAA,train
20260817_052442_NGCLKH,train
20260817_052452_JLMHXY,eval
20260817_052510_KLGCKM,eval
20260817_053144_WTQSFF,train
20260817_053314_CMTHHM,train
20260817_053335_ANQYMY,eval
20260817_053453_ZPMXMD,train
20260817_053506_XSHEKT,train
20260817_053557_UESGLL,eval
20260817_053612_TNCNVR,eval
20260817_053617_TSHVKK,train
20260817_053742_EVJUGJ,train
20260817_054038_KZUWCP,eval
20260817_054224_DFESXT,train
20260817_054710_WSKBMY,eval
20260817_054717_WSCKSV,eval
20260817_054904_EFPGAN,eval
20260817_054940_VPFYQY,eval
20260817_055046_QJVTJU,train
20260817_055144_RSUHXW,train
20260817_055200_NNNVTP,train
20260817_055348_JQREMZ,eval
20260817_055403_KTCAXC,train
20260817_055602_XDGEXR,train
20260817_055738_BGMPJK,train
20260817_055859_GEFZSF,train
20260817_055923_BYPBQJ,eval
20260817_060203_KFAFZV,train
20260817_060233_HBSWNJ,train
20260817_060428_EKJHLG,train
20260817_060502_JGYBLQ,train
20260817_060507_JEAEHM,train
20260817_060613_MWXBCQ,train
20260817_060620_AWMEKA,train
20260817_060737_AMBCHT,train
20260817_060839_AFJSVG,train
20260817_060852_SUVCFV,train
20260817_060954_CSRUUD,eval
20260817_061005_GPDSZU,train
20260817_061015_STHETA,eval
20260817_061206_AATBDB,eval
20260817_061228_TMNKNH,eval
20260817_061325_BVDKZC,train
20260817_061439_RQPHEJ,train
20260817_061544_JYNXCY,eval
20260817_061558_CZFURS,train
20260817_061646_CYCVEB,train
20260817_062121_RYFZGL,eval
20260817_062141_TMDHMH,train
20260817_062355_MWFKJZ,train
20260817_062430_RSNTJJ,train
20260817_062516_EPEUNZ,train
20260817_062604_SFDUGH,train
20260817_062639_KPTVFA,train
20260817_062833_CMULYQ,train
20260817_062939_YDUBYN,train
20260817_063004_KFCXJN,eval
20260817_063053_ZLDGMW,train
20260817_063143_VZNUML,train
20260817_063209_TEWYRZ,train
20260817_063240_EDDKNU,eval
20260817_063247_HRZPXH,train
20260817_063315_FWDDXY,train
20260817_063342_ERWLSZ,eval
20260817_063417_ZFFMEX,train
20260817_063624_ZWMAUY,train
20260817_063904_ALSYAC,train
20260817_064057_DSUQFK,train
20260817_064140_NBPYKQ,train
20260817_065101_BLUJFQ,train
20260817_065102_UAVJLN,train
20260817_065106_FBATLE,eval
20260817_065154_NQSERX,train
20260817_065209_PVQBPJ,train
20260817_065336_EYCVHG,train
20260817_065548_NCYCRP,train
20260817_065554_NMQVEH,train
20260817_065622_YHDHBM,train
20260817_065644_HLCEFT,train
20260817_065817_WSJBED,train
20260817_070011_DANBZD,train
20260817_070038_DQXANX,train
20260817_070040_VLBZJE,train
20260817_070127_BFMLLR,train
20260817_070422_EFXDGP,train
20260817_070729_UBRVRK,train
20260817_070747_YUHUKP,train
20260817_070925_CSJPFV,train
20260817_070940_FXVRJR,eval
20260817_071017_YZZLHZ,train
20260817_071246_CWDJCG,train
20260817_071559_QDHAGB,train
20260817_071730_AXZZFQ,train
20260817_071809_MASVGF,train
20260817_071915_KHHQSK,train
20260817_072309_VNRSFP,train
20260817_072313_KZKKTH,eval
20260817_072412_VWYKZE,eval
20260817_072913_JAVZEM,train
20260817_073023_YMAZYB,train
20260817_073025_XUEQMK,train
20260817_073027_JSGGDZ,train
20260817_073114_ABHGSX,train
20260817_073243_DXVURQ,train
20260817_073330_ABXUXV,train
20260817_073436_KUHFTR,train
20260817_073503_KMVUGB,train
20260817_073556_XPVYQK,eval
20260817_074013_ZKWZDN,train
20260817_074107_QCNMTH,train
20260817_074229_QHSKZQ,train
20260817_074427_CNGQFZ,eval
20260817_074437_LADLQB,train
20260817_074745_TAJKFZ,train
20260817_074915_VMNSYD,train
20260817_075044_FWVQHZ,train
20260817_075125_CSVGPR,train
20260817_075248_XWUQDP,train
20260817_075256_RBGNGJ,train
20260817_075314_UKELMD,eval
20260817_075518_MKWRLV,train
20260817_080004_MHSXAB,train
20260817_080212_CCWFUA,train
20260817_080259_VNKTDU,eval
20260817_080422_JDCNYJ,train
20260817_080458_GVXMNA,train
20260817_080523_YERUJW,train
20260817_080744_PVMTCH,train
20260817_080904_MPEKQL,train
20260817_081530_RJHWXB,train
20260817_081755_NZJVRN,train
20260817_081955_TDDGMY,train
20260817_082240_SWYVUE,eval
20260817_082457_AZSWKX,train
20260817_082750_MTAHQM,eval
20260817_082856_XLNMVT,train
20260817_082918_DSSMZL,train
20260817_083143_ECPAZB,train
20260817_083545_FWBDPW,train
20260817_084012_FUJGTS,train
20260817_084104_DUDPNS,eval
20260817_084211_RTVGBT,train
20260817_084233_UKVEXM,train
20260817_084324_BLYLMJ,train
20260817_084352_QYNHDS,train
20260817_084508_ATFBJD,train
20260817_084637_TAQVGH,train
20260817_084833_XVKBSP,eval
20260817_084935_VXGXPD,train
20260817_085208_DQVMTH,train
20260817_085331_KDDKXM,train
20260817_085356_SXKTQN,train
20260817_085443_ZPSFLX,eval
20260817_085935_LUEWFG,train
20260817_090134_VKXZMB,eval
20260817_090300_DATBTM,eval
20260817_090320_SCPZPG,train
20260817_090356_YGQDNU,train
20260817_090449_HDCEPZ,train
20260817_090702_CBWARL,train
20260817_090915_RVBSZT,eval
20260817_090946_DDSCTH,train
20260817_091041_XHYQTY,eval
20260817_091131_UFBWTT,eval
20260817_091207_AHWENB,train
20260817_091238_VPRYDS,train
20260817_091309_JLNNQH,train
20260817_091515_BVXHXN,train
20260817_091531_GTEJGM,train
20260817_091930_SZATHQ,eval
20260817_091947_WCJLMC,train
20260817_092122_GVQJTD,train
20260817_092201_MUCCFR,train
20260817_092214_PBNPBP,train
20260817_093204_PXZYWY,train
20260817_093727_JCSART,train
20260817_093854_HMEHPR,train
20260817_094015_ELPWNA,train
20260817_094327_LJAGZA,eval
20260817_094628_WCCRLH,eval
20260817_094752_JSCXJH,train
20260817_095021_KRTTGS,train
20260817_095136_RWGRNQ,train
20260817_095451_MQLVTE,train
20260817_095601_RLLXXP,eval
20260817_095739_JTCBDD,train
20260817_095854_WLSTQG,train
20260817_100251_LDCNJL,train
20260817_100510_PYZNPA,train
20260817_100802_NCNPLD,train
20260817_100841_CJAASZ,train
20260817_101114_QRRSWC,eval
20260817_101306_BXXNLH,train
20260817_101409_HAZZLY,train
20260817_101426_QAHBJT,train
20260817_101739_KMUETA,train
20260817_101859_DAEJLZ,train
20260817_102114_JDXBRE,train
20260817_102425_VXUBNH,train
20260817_102537_YGMJLT,eval
20260817_102555_YVNQRE,eval
20260817_102931_LTNVBC,train
20260817_103121_AXSQBY,train
20260817_103616_QWKRWQ,train
20260817_104023_GMGYXR,train
20260817_110129_UCHDQP,eval
20260817_110359_SSSHNW,train
20260817_110431_CPEYDL,train
20260817_111312_QVHPSZ,train
20260817_112524_PRQMXR,train
20260817_112610_DZWQAZ,train
20260817_113826_SKSXKH,train
20260817_114456_SRXLKR,train
20260817_114713_SWMMYQ,train
20260817_114823_GWRSYB,train
20260817_114903_BFEPRP,train
20260817_115801_LXQNAJ,train
20260817_121014_TJAFUY,eval
20260817_121110_YWDXKR,train
20260817_121123_ZFFYUD,train
20260817_121533_WFLAVQ,eval
20260817_123119_BKLDKG,train
20260817_123610_CVTQPC,train
20260817_123844_ZBEVCL,train
20260817_124901_QPTUHP,train
20260817_130108_TFWZFC,train
20260817_130152_KMNCGA,train
20260817_130427_PWSCEH,train
20260817_130547_YZXTMD,eval
20260817_131718_MJJBPP,train
20260817_132457_MESNHE,train
20260817_134914_AAGVNZ,train
20260817_135008_EDEAYL,train
20260817_135308_DXSRRV,train
20260817_141028_VQYNYL,train
20260817_144036_MVFLJV,train
20260817_145427_RTRTAL,train
20260817_154631_GDKAGU,train
20260817_221715_WZJZTP,train
20260817_223015_TCJXHQ,train
20260817_225453_FNAEBG,train
20260817_233422_LAZPGR,train
20260817_233919_KLRCRH,train
20260817_234149_YVBELP,train
20260817_234220_SKRRVG,train
20260817_234910_VECBLB,train
20260817_234915_GZSGAT,train
20260817_235922_PQKNGF,train
20260818_000203_KZBAGJ,train
20260818_000315_ZTEXDM,train
20260818_000340_LQYSPB,eval
20260818_000548_VGLKDQ,train
20260818_001039_LDZDCP,eval
20260818_001112_XGZHFU,train
20260818_001157_KPRTHJ,train
20260818_001339_NBEBMB,train
20260818_001341_UQYVYT,train
20260818_001433_ZQBKPN,train
20260818_001900_RAFTCS,train
20260818_002032_WZVUDV,train
20260818_002238_URFRZZ,train
20260818_002343_JHDTME,train
20260818_002730_WRCGMM,train
20260818_002833_PNMLBG,train
20260818_002919_RZZCQL,eval
20260818_002958_PFYJQE,train
20260818_003003_LXMGUT,train
20260818_003007_SMQQTX,train
20260818_003040_TKNRLD,train
20260818_003159_MNAACF,train
20260818_003222_GVRESD,train
20260818_003447_TLGXMW,train
20260818_003456_QSHDNL,train
20260818_003757_HCVECY,train
20260818_003805_WYLYHY,eval
20260818_003953_QGZHJM,train
20260818_004104_CFDJTC,train
20260818_004109_FZNGYZ,eval
20260818_004135_WBMXKU,train
20260818_004326_SZRRCQ,eval
20260818_004503_LBPCRH,train
20260818_004600_CFETKK,train
20260818_004622_SJESUF,train
20260818_004659_XKZVVV,eval
20260818_004738_DTUYUW,train
20260818_004809_SVBMFA,train
20260818_004821_UXJAEM,train
20260818_005225_PRMHLP,train
20260818_005303_QTSUXH,train
20260818_005338_BVUVBM,train
20260818_005500_ZVGHKX,train
20260818_005503_RQPSPJ,train
20260818_005620_XHGUED,train
20260818_010032_RXQCJX,eval
20260818_010307_PKPMCS,eval
20260818_010316_WQPJVM,train
20260818_011312_FWXRQD,train
20260818_011412_PPWTRY,eval
20260818_011433_TANFEN,eval
20260818_011620_YPFSBG,train
20260818_011730_LPBTCM,train
20260818_012048_ZAZPAW,train
20260818_012133_ZPNPDG,train
20260818_012402_RZRDSW,train
20260818_012758_WZSPSR,train
20260818_012905_RXCRDS,eval
20260818_012944_AGVDWL,train
20260818_013154_VHBRKZ,train
20260818_013338_UCZEVN,train
20260818_013418_JDRRVP,eval
20260818_013439_QADTMA,train
20260818_013509_CBKTAL,eval
20260818_013518_WKMFEG,eval
20260818_013837_CFEQEC,train
20260818_013902_JTWXWD,eval
20260818_013917_ZWZRVE,train
20260818_013946_NEHBSQ,train
20260818_014107_HDMYKX,train
20260818_014136_ETYBZW,train
20260818_014227_RDZXQX,train
20260818_014715_KQALWU,train
20260818_014825_CHVCXZ,train
20260818_014902_PPQWRC,train
20260818_015122_VJFPMT,train
20260818_015355_BRSQNQ,train
20260818_015402_SRQDLY,eval
20260818_015437_RKAVDV,train
20260818_015600_QFUXRS,train
20260818_015611_BCPTTN,train
20260818_015948_FVKNGF,train
20260818_020055_ZRTRHN,train
20260818_020107_BPVWVB,train
20260818_020128_SZUFAF,train
20260818_020454_XXKDXV,train
20260818_020504_MZQFHK,train
20260818_020504_WHVTLC,train
20260818_020715_EUWZJK,train
20260818_020851_YKDDYV,eval
20260818_020906_AJQBSK,train
20260818_021227_HLARAL,train
20260818_021559_FPNPJA,train
20260818_021658_BMCGHT,train
20260818_021850_CFZWAD,train
20260818_022104_AURNSU,eval
20260818_022235_KGTUTA,eval
20260818_022449_VQURFP,train
20260818_022523_PMZCXM,train
20260818_022537_UKWGEP,eval
20260818_022623_RGFVBJ,train
20260818_022817_UCHPRW,train
20260818_023317_WGCMTB,train
20260818_023555_MTHPVD,train
20260818_023650_HCCJKX,train
20260818_024042_PGTEKV,train
20260818_024059_XBJRED,eval
20260818_024208_ABWBJK,eval
20260818_024231_PRTNRX,eval
20260818_024235_KNQFUC,train
20260818_024415_HMKGMJ,eval
20260818_024502_JWDPQA,train
20260818_024511_SATWUP,train
20260818_024556_HMHKLM,train
20260818_025119_GLQQKY,train
20260818_025136_MWVXXK,train
20260818_025153_SDSRDJ,eval
20260818_025158_GUPAJF,train
20260818_025508_SGCKLX,train
20260818_025552_GZVFJY,train
20260818_025858_KHHTCZ,eval
20260818_025912_WUXHDV,train
20260818_025955_DHUGWD,train
20260818_030428_PKGBAH,train
20260818_030802_CQENXE,train
20260818_030944_EFZRSZ,train
20260818_031105_CWZQJA,train
20260818_031203_VBVPPC,train
20260818_031900_FKYXVZ,train
20260818_031959_RFLBXW,train
20260818_032113_ZCSDZC,train
20260818_032347_VPVYNT,eval
20260818_033016_YJLXYT,train
20260818_033024_XKMDMB,train
20260818_033247_HPAGZS,train
20260818_033506_FJKXHT,train
20260818_034052_CFXLLD,eval
20260818_034107_GJZBXM,train
20260818_034633_CYPENU,train
20260818_035543_QQYEYS,train
20260818_040706_XMBXNQ,train
20260818_040750_PPHTMJ,train
20260818_040900_QNJYSX,train
20260818_041227_MSSDDE,train
20260818_041340_XVQLJU,train
20260818_041422_YBPVUC,train
20260818_041840_EVBSMB,eval
20260818_041933_BAASAS,train
20260818_042500_ACHMYK,eval
20260818_042506_BSFGCW,eval
20260818_042721_TJATHA,train
20260818_043755_HBRRVG,train
20260818_043758_YKCFMC,train
20260818_044012_LMJTLG,train
20260818_044013_BQCKBZ,eval
20260818_044521_VCPMXS,train
20260818_044635_SVVMGD,eval
20260818_044717_GJNQNJ,train
20260818_044810_DTAEDZ,train
20260818_044919_JTCBNK,train
20260818_045322_BMRDQS,train
20260818_045739_KNXCAF,eval
20260818_045826_CACGGH,train
20260818_045957_XAZZQM,train
20260818_050059_DVKLPV,train
20260818_050452_RCHNEH,eval
20260818_051056_QMUCQG,eval
20260818_051145_HAKXHE,train
20260818_051847_FQUKSD,train
20260818_052246_LUBXAH,train
20260818_052539_KRJHFA,train
20260818_052658_LALWDS,train
20260818_052713_JRUKLY,train
20260818_052806_UBQGGC,train
20260818_053015_PULJXG,train
20260818_053034_UFXBKK,train
20260818_053108_QVBJVB,train
20260818_053142_KHAVGE,train
20260818_053305_XJPHUA,train
20260818_053315_TMAPHJ,eval
20260818_053415_CUPRRY,train
20260818_053528_BCKJKD,train
20260818_053622_TUPKKR,train
20260818_053730_MEVCUP,train
20260818_053753_WYBDPS,train
20260818_053838_MSWLGH,train
20260818_053917_BXURSZ,eval
20260818_053943_LSVSNB,train
20260818_054111_BUCDXZ,train
20260818_054208_FTNQUG,eval
20260818_054351_AKCJVY,eval
20260818_054534_DKTGTR,eval
20260818_054644_XKEVBH,eval
20260818_054655_FSCBSH,eval
20260818_054710_BWJAGZ,train
20260818_054716_LDUVZH,train
20260818_055154_HMXDKU,train
20260818_055158_UZLDVM,train
20260818_055214_XLTSZL,train
20260818_055218_DVSNFG,train
20260818_055318_KPRUNH,train
20260818_055338_EJGTJH,train
20260818_055355_CKLJTH,train
20260818_055358_WFGXQV,train
20260818_055412_ZQFRJR,train
20260818_055631_YKCLFX,eval
20260818_055710_SXZMNB,eval
20260818_055809_ZLUHJX,eval
20260818_055830_VSJAKT,train
20260818_055911_NUUARV,train
20260818_055917_ZBXFQE,train
20260818_055943_TJARAJ,train
20260818_060040_DVWWDP,eval
20260818_060226_NBKCGH,train
20260818_060521_BRPBEC,train
20260818_060522_HDVXGW,eval
20260818_060526_MUNSYD,train
20260818_060556_TPDJBZ,train
20260818_060656_PPLHKU,eval
20260818_060717_QQDSVD,eval
20260818_060954_AWGBRC,train
20260818_061153_GXPWDY,train
20260818_061158_JWSESB,train
20260818_061207_ESTTGX,train
20260818_061218_GDVXFY,train
20260818_061223_DQMSHZ,train
20260818_061231_AJYCSA,train
20260818_061306_LJWZBB,train
20260818_061319_CECGCS,train
20260818_061335_WYZYZU,train
20260818_061345_CQCSRW,train
20260818_061505_KLXACX,train
20260818_061508_DQLDEB,train
20260818_061530_CETFMJ,train
20260818_061848_YJBLVK,train
20260818_062022_YCXLYS,train
20260818_062102_XEWMWL,train
20260818_062230_LRZATE,train
20260818_062241_AKTVNM,train
20260818_062319_TDZATF,train
20260818_062353_ZDWCUH,train
20260818_062547_SBHEKX,train
20260818_062653_VMSPDN,train
20260818_062734_VJFPHB,train
20260818_062833_ANGYDH,train
20260818_062854_ABPRTM,eval
20260818_062927_EWTPXM,train
20260818_063017_UDCPLT,train
20260818_063028_WDYPQT,train
20260818_063150_PAALTU,eval
20260818_063343_TTXYGZ,train
20260818_063427_GTMMQY,train
20260818_063636_NFHJTX,train
20260818_063844_AZKTDK,train
20260818_064216_HSCDTA,train
20260818_064410_ALUZHA,train
20260818_064448_PWKJPF,train
20260818_064529_LVEYPX,train
20260818_064559_VNRXMK,train
20260818_064704_DAQVJC,train
20260818_064720_TJRHVV,train
20260818_064800_DXHVBL,train
20260818_064800_ECUDWC,train
20260818_065012_NCAASG,train
20260818_065257_YEQWXL,train
20260818_065407_GKHLHC,train
20260818_065436_WCGYXP,train
20260818_065628_TKYZVV,train
20260818_065658_PJXRWE,train
20260818_070201_LPQDUM,train
20260818_070313_XPLCZU,train
20260818_070432_CVPEDG,train
20260818_070700_ACMZTP,train
20260818_070707_WFTVFS,train
20260818_070828_BLWHWV,train
20260818_070924_WFHJCK,train
20260818_070928_QAMLTE,train
20260818_071114_WNXDXU,train
20260818_071207_DFELWK,train
20260818_071303_MZSFAM,train
20260818_071343_HZJUTG,train
20260818_071430_TAPTGW,eval
20260818_071910_HLGPVN,train
20260818_072102_JLTDDR,train
20260818_072824_CZXGJB,eval
20260818_072933_PBYYBC,train
20260818_073011_HKKYGW,train
20260818_073124_TLDVBK,train
20260818_073256_FSUJCH,train
20260818_073936_SVSDMB,eval
20260818_073942_GHXKTZ,train
20260818_074015_PDHUGH,eval
20260818_074322_CCDQSN,train
20260818_074453_AUTKKV,train
20260818_074612_CGARAM,train
20260818_074907_UVYCJW,train
20260818_074924_EGSHWD,train
20260818_075130_PBBFEX,train
20260818_075213_RRGDWJ,eval
20260818_075328_RDGQEC,eval
20260818_075556_UKWLRG,eval
20260818_075840_GQFAWU,train
20260818_080431_UAGLFG,train
20260818_080634_NCXDAU,train
20260818_081229_VAYQCH,train
20260818_081331_FZTKUE,train
20260818_081515_VQWCPY,train
20260818_082030_NRZTPT,train
20260818_082424_QJLDMJ,train
20260818_082619_SCXZRB,train
20260818_082629_FBYATS,train
20260818_082806_CAKFUQ,train
20260818_083321_AQAASQ,train
20260818_083531_WNZSGF,train
20260818_084227_SZUVBS,train
20260818_084551_TZQMLE,train
20260818_084702_ZYABXW,train
20260818_085119_WHZGCH,train
20260818_085137_SQUFAL,train
20260818_085227_CJYKEU,train
20260818_085233_ECQRMM,eval
20260818_085319_NSUJCH,train
20260818_085330_XTHXDX,train
20260818_085632_CBVUSR,train
20260818_085650_CJSTHP,train
20260818_085710_SJJLUH,train
20260818_085849_VEXUEA,train
20260818_085936_KCTARD,train
20260818_085941_TSWJCE,eval
20260818_090834_GJKDYX,train
20260818_091046_ASNRLZ,train
20260818_091344_FLJERY,train
20260818_091506_FZRSDE,train
20260818_091545_SGYBZL,train
20260818_091637_AQYULM,train
20260818_091745_GZPRNB,train
20260818_092529_NNNZSH,train
20260818_092847_BRMVGT,train
20260818_092944_ZXWVJD,train
20260818_093547_MAJVAB,train
20260818_093923_QGGEYL,train
20260818_094027_DCBPVC,train
20260818_094102_DPPGLW,train
20260818_094155_YFNYZR,train
20260818_094330_RRYGWE,eval
20260818_094404_PKAKNC,train
20260818_094425_UHVVYM,train
20260818_094540_NKDQPP,train
20260818_094614_UEXLSB,train
20260818_094617_JEXYKU,train
20260818_094754_NAWDVY,train
20260818_094941_UMZKDH,train
20260818_095029_EQUQDB,eval
20260818_095235_ZUXEBQ,train
20260818_095914_QWPVCL,train
20260818_100345_HRCTPX,train
20260818_100425_EJAMBQ,eval
20260818_100457_FJQQAK,train
20260818_100807_BBLRBR,train
20260818_100933_SCQWQC,train
20260818_100947_YTLFWL,train
20260818_101336_KTJMRK,train
20260818_101521_TRBCZP,train
20260818_102047_LLLXZT,train
20260818_102342_JDCPZP,train
20260818_102416_YLWMKA,eval
20260818_102548_TZWUPG,train
20260818_102814_CSVLTX,train
20260818_102955_BVJCGA,train
20260818_103203_SASRZW,train
20260818_103217_ZNQAAR,eval
20260818_103414_UUUMJB,eval
20260818_103522_HYSXKR,train
20260818_103633_MQCGZT,train
20260818_103658_FUWAZY,train
20260818_103803_BZEHPJ,train
20260818_103916_EYFNXN,train
20260818_104039_DKNLTQ,train
20260818_104202_TRFNKU,train
20260818_104955_TEKFEX,eval
20260818_105122_MUTSAE,eval
20260818_105447_MJQVRV,eval
20260818_110946_RHERCR,train
20260818_111902_EDXSQH,train
20260818_112948_AADVTG,train
20260818_113806_QRTWXL,train
20260818_114852_PLLWSQ,train
20260818_120927_XSGCDJ,train
20260818_121226_CGNFGS,train
20260818_121740_NLSNPM,eval
20260818_123046_FGWKVP,train
20260818_123118_CVWZET,train
20260818_124243_JTHCJZ,train
20260818_125050_CNQCQZ,train
20260818_125322_VYTPME,train
20260818_131919_CRTHKB,train
20260818_132118_VHVQPV,train
20260818_132605_TTVADG,train
20260818_132641_HHEVUL,train
20260818_132941_YFMSMB,train
20260818_134459_EGAVCJ,train
20260818_134510_GXLAEC,train
20260818_135745_WTCHXN,train
20260818_135748_UZYBUW,train
20260818_141604_PKMQCH,train
20260818_143039_NZJCJL,train
20260818_145806_UVWVEN,train
20260818_145956_KJJYEN,train
20260818_150653_FDNMJJ,train
20260818_153516_AZXTWS,train
20260818_154437_USEYJT,train
20260818_155135_RVQTJB,train
20260818_155232_PKWHMX,eval
20260818_155930_LNVJCD,train
20260818_160948_YRDYAT,train
20260818_161631_YDWJDS,train
20260818_162032_ZAZYYN,train
20260818_162539_MGGXVE,train
20260818_163855_DJXZPX,train
20260818_164005_CYKRQB,train
20260818_165849_CRNXYB,train
20260818_171501_SWPWLA,train
20260818_171531_MUEZVX,train
20260818_172340_NZMHVP,train
20260818_175911_RGSKLC,train
20260818_211851_MQLKVH,train
20260818_212821_QNVLWX,train
20260818_220139_CLEPVU,train
20260818_221017_WNSRKD,train
20260818_221348_ZUKUUT,train
20260818_230210_RRNUBF,eval
20260818_230545_UMWQKQ,eval
20260818_231003_MGZSVF,eval
20260818_231123_CBFVHF,eval
20260818_231417_NVRSMA,train
20260818_232446_KJJPDG,train
20260818_233710_JJQFWB,eval
20260818_233738_PXKLPJ,eval
20260818_234505_HJNKTM,train
20260818_234622_KFFBJU,train
20260818_234831_SSCPMB,train
20260818_235444_CFTXXF,eval
20260818_235609_DCWWTC,eval
20260819_000059_KSTKCX,train
20260819_000312_RYQZRY,train
20260819_000422_RTCMNF,train
20260819_000606_ZVLVKC,train
20260819_000645_QXEZSE,train
20260819_000705_CNNJVP,train
20260819_000711_KXHWQJ,train
20260819_000733_QXQGGU,train
20260819_000808_CHGSCD,train
20260819_000829_FXMDGG,train
20260819_000848_GQAFRA,train
20260819_000903_XXRRAP,train
20260819_000926_PNGVSF,train
20260819_001031_FRNQEP,train
20260819_001208_GCBHMJ,train
20260819_001251_LHBLSP,train
20260819_001328_PVYWHF,train
20260819_001548_ZLPSMS,train
20260819_001552_EAFBTV,train
20260819_001715_KTMUXY,train
20260819_002127_LPTRFM,train
20260819_002634_AVZURZ,train
20260819_002703_SKDCHJ,train
20260819_002706_AKEDXH,train
20260819_002732_YBGRQL,train
20260819_002823_FWBVUF,train
20260819_002831_UWWTGJ,train
20260819_002948_EWRACS,eval
20260819_003001_UHVFGT,eval
20260819_003047_YFDRRR,eval
20260819_003123_JPXCNF,train
20260819_003150_DBRPMM,eval
20260819_003214_DHEWUU,train
20260819_003221_MCCZXX,train
20260819_003433_DBXRRJ,train
20260819_003457_STZPPQ,train
20260819_003516_LHZXHU,train
20260819_003700_JUFRCW,train
20260819_003729_CZNMNE,train
20260819_003917_QPQBUJ,train
20260819_004024_BVSEBK,eval
20260819_004245_EYUBNM,train
20260819_004259_SHTBFV,train
20260819_004429_XJAFYV,train
20260819_004835_TBHBTG,train
20260819_004937_SVWNVK,train
20260819_005151_BBNNQU,train
20260819_005321_KTLRDZ,train
20260819_005322_QBVVMJ,train
20260819_005333_ZPYFSY,train
20260819_005613_QCUSHJ,train
20260819_005948_LBGVME,train
20260819_010017_UNUATV,train
20260819_010115_WZWTAM,train
20260819_010139_KFTXGH,train
20260819_010405_EJCJVR,eval
20260819_010451_VTCADG,train
20260819_010913_XQGHDK,train
20260819_010915_UUSYED,eval
20260819_011030_XLSYEE,train
20260819_011043_SBLRBE,train
20260819_011113_RCKBZM,train
20260819_011356_WSKBMU,train
20260819_011613_YYDDWZ,train
20260819_011715_NFMTCE,train
20260819_011756_TZGVQT,train
20260819_011922_CQKSNS,train
20260819_011943_ZDBMSS,train
20260819_011956_JQMFKC,train
20260819_012038_GJQLNR,train
20260819_012146_GMVQUC,train
20260819_012157_GCNFXY,eval
20260819_012341_WHDPBM,train
20260819_012344_YAUUYG,eval
20260819_012502_FFCMGR,eval
20260819_012522_KWCKCC,train
20260819_012607_MQLQFU,train
20260819_012610_LGHSTS,train
20260819_012827_AFMECX,train
20260819_012930_JPVZGC,train
20260819_012932_XCFPUA,train
20260819_013004_EDEJYG,train
20260819_013010_ZPUMQM,train
20260819_013113_AWDLZL,train
20260819_013209_HLJRCJ,eval
20260819_013226_PTMZYL,train
20260819_013407_EHLASK,train
20260819_013648_KYWDCL,train
20260819_013835_RFWBTL,train
20260819_013900_WCDVNJ,train
20260819_014148_CJHNFU,train
20260819_014158_ZALUPR,eval
20260819_014316_YSWQPS,train
20260819_014443_AWUQMJ,train
20260819_014503_XXFKYD,eval
20260819_014533_WPQABY,train
20260819_015050_SAWCLX,train
20260819_015235_NDSJYQ,train
20260819_015336_ASHMWU,train
20260819_015749_YDDKBP,train
20260819_015755_YTHSZW,eval
20260819_015838_MPHHBW,train
20260819_015954_RZLKTU,train
20260819_020031_TZPJEG,train
20260819_020052_GDRLZX,train
20260819_020122_GZRQLQ,train
20260819_020716_YRMWZJ,train
20260819_020819_NREQPJ,train
20260819_021025_JVXBDQ,train
20260819_021148_FSZWMP,eval
20260819_021337_KNTJTX,train
20260819_021352_PJANKL,train
20260819_021704_FKVFZA,train
20260819_021829_SJDMZN,train
20260819_022235_LYQWSL,train
20260819_022505_MBFRUG,train
20260819_022606_JGLSPA,train
20260819_022621_TSNXXN,train
20260819_022642_SJHHKR,eval
20260819_022706_MCNNEN,train
20260819_022856_RMYFXW,train
20260819_023812_YGXDRU,train
20260819_023828_EGWLCX,train
20260819_023958_LGJLFT,train
20260819_024352_KEEZQQ,train
20260819_025123_ACVVVD,train
20260819_025452_JJHFMW,train
20260819_025613_XXFPEW,train
20260819_025954_KUENVR,train
20260819_030158_GQCYJX,eval
20260819_030333_WJYBXU,train
20260819_030708_QWPHLY,train
20260819_030806_SWDTKN,train
20260819_031609_QCEBXB,eval
20260819_031719_MEPAUT,train
20260819_031943_XZNGJF,train
20260819_032207_NYVWNP,train
20260819_032354_JSRXNX,eval
20260819_032558_KMMAKU,train
20260819_032602_NTCCES,train
20260819_032747_KWXNFT,train
20260819_032847_HTUXSH,train
20260819_032953_AUQXJL,train
20260819_033019_KMPMVT,train
20260819_033046_LMHPRF,train
20260819_033217_FWVRFC,eval
20260819_033541_XNZJCY,train
20260819_033557_FXGTYB,train
20260819_033703_TXLTTQ,train
20260819_033846_RMKFWQ,eval
20260819_033853_BRAFFZ,train
20260819_034833_EJWDZV,eval
20260819_035301_XQKGHP,eval
20260819_035849_MYDAAM,train
20260819_040026_UYEPZF,eval
20260819_040210_EPFCYK,train
20260819_040353_HPDNBL,train
20260819_040525_TLERTS,train
20260819_040556_QWCDZK,train
20260819_040658_ADAMVJ,train
20260819_040714_YGCZVH,train
20260819_040716_YQPYCN,eval
20260819_040743_SGDZDK,train
20260819_041934_DFFTHV,train
20260819_041944_GVTGGE,eval
20260819_042225_VAGLDV,train
20260819_042533_NMUKUQ,train
20260819_043115_MMFCCS,eval
20260819_043304_LRWVQT,train
20260819_043429_PEPULD,eval
20260819_043521_NHNAEV,train
20260819_044031_DKUTCW,train
20260819_044541_NKWAYS,train
20260819_044618_LQYZLQ,train
20260819_044654_WTJCTZ,train
20260819_044720_AYENRG,train
20260819_044811_GYZWWU,train
20260819_045211_TNMUXN,train
20260819_045312_NZUZNY,train
20260819_045523_CMXBBA,train
20260819_050159_MEJZNX,train
20260819_050246_RBRRSR,train
20260819_050306_YKKANH,train
20260819_050439_NLHYSJ,eval
20260819_050817_RSTRYE,train
20260819_050844_YMWTGW,train
20260819_050906_FVDLNV,train
20260819_050958_PZGHGZ,train
20260819_051004_ZZDLQN,train
20260819_051009_PGSEMX,train
20260819_051039_DLZYQJ,train
20260819_051159_AKBSKB,train
20260819_051228_ESNMYC,train
20260819_051315_MXCPJR,train
20260819_051354_LKZPBX,train
20260819_051429_ZEXXAA,train
20260819_051450_EYHWBE,train
20260819_051534_NZKEPS,train
20260819_051546_ZABLXH,train
20260819_051549_NQFFXB,train
20260819_051611_QUYMBW,train
20260819_051624_KDERGY,eval
20260819_051639_MXNZNR,train
20260819_051840_HJDNJL,train
20260819_051947_FWZPWG,eval
20260819_052121_WXPQDN,train
20260819_052345_NDNGEN,eval
20260819_052439_GHRZDP,train
20260819_052704_JNZALR,train
20260819_052714_XXDLPZ,train
20260819_052715_JTBQNB,train
20260819_052840_MKBEPC,train
20260819_052858_GEHLFU,eval
20260819_053010_HXDNNW,train
20260819_053022_BHLBJR,train
20260819_053054_MTQTAF,train
20260819_053142_YHRRVF,eval
20260819_053202_AVBCGQ,train
20260819_053218_MNDUVL,train
20260819_053224_TXHDHD,train
20260819_053318_NDMBST,train
20260819_053553_MZGYVG,train
20260819_053612_LCCLAM,train
20260819_053634_UASLWV,train
20260819_053702_TRDVTG,train
20260819_053752_BPELAN,eval
20260819_053753_LDXXXN,train
20260819_053835_RGCZAP,eval
20260819_053903_GEJMGS,train
20260819_053929_NNHGXJ,eval
20260819_054044_BKBJMM,train
20260819_054130_KVKDWW,eval
20260819_054350_DELSTS,train
20260819_054445_RMVVCJ,train
20260819_054522_DYELGM,train
20260819_054559_LFBYQB,train
20260819_054622_BDEPRN,train
20260819_054756_VJCSQH,train
20260819_054758_XXSWKS,train
20260819_054908_AKDPQC,eval
20260819_054916_YHQYCA,eval
20260819_054938_ARKUTA,train
20260819_055006_PQSYZT,train
20260819_055153_BVBYKD,eval
20260819_055342_DBTSMY,train
20260819_055516_BFSCLH,train
20260819_055608_MMTZSX,eval
20260819_055645_XEZFVA,train
20260819_055724_PKZHHC,train
20260819_060030_HNNHAG,train
20260819_060030_WUBVSG,train
20260819_060107_EJKDMS,train
20260819_060120_LHXNYG,train
20260819_060148_LAUNSF,eval
20260819_060335_KEHPAR,train
20260819_060356_CCANQK,eval
20260819_060404_PYRVNU,train
20260819_060505_LQVWRT,train
20260819_060536_KAYMVT,eval
20260819_060537_JTDGDV,train
20260819_060545_SGCDDJ,train
20260819_060551_JAHPPN,train
20260819_060603_DMWZVR,train
20260819_060714_RDMBYF,train
20260819_060829_AWTYEL,eval
20260819_061113_MCQPTC,train
20260819_061250_JHCMFC,train
20260819_061258_FEXELD,eval
20260819_061551_SFGLVY,train
20260819_061605_JVBCAQ,train
20260819_061632_QRVWCQ,train
20260819_061649_WXNTVR,train
20260819_061718_LSSKTL,train
20260819_061722_PQJRVG,train
20260819_061826_NTTCSZ,eval
20260819_061828_ZMANQN,train
20260819_062555_NTLDZP,train
20260819_062654_PZCKTK,train
20260819_062858_MPWDEC,train
20260819_062944_EZLBCE,eval
20260819_063002_EQGDDG,train
20260819_063022_ZVGSGR,train
20260819_063322_XMEQMP,train
20260819_063356_AZZHMQ,train
20260819_063420_CWPZMW,train
20260819_063636_YJXGEU,train
20260819_063659_NSGLLS,train
20260819_064048_QQREGE,train
20260819_064215_RJRLBF,train
20260819_064531_SQKHMM,train
20260819_064813_TZUPXV,train
20260819_064904_QJMYNG,eval
20260819_064944_PPXRWD,train
20260819_065046_HFAZVM,eval
20260819_065127_NVDUJE,eval
20260819_065443_QDUYQG,train
20260819_065513_GZYCQP,eval
20260819_065531_DGFANK,train
20260819_065541_FUZEHH,train
20260819_065553_PMYFSH,train
20260819_065619_ZLYPCL,train
20260819_065745_QWKZTL,train
20260819_065810_VTAWJN,eval
20260819_065921_MQQXTV,train
20260819_070026_MVZTZD,train
20260819_070116_EWPFZJ,train
20260819_070235_UFQSGB,train
20260819_070327_ZGEQPP,train
20260819_070356_PCHKTU,train
20260819_070412_AFPBCN,train
20260819_070532_WXDBTH,train
20260819_070716_LLDGJZ,train
20260819_070737_GCSELZ,train
20260819_070759_RUQNES,train
20260819_071201_GYWNMY,train
20260819_071415_CNVKNZ,train
20260819_071623_TSSNCY,eval
20260819_071654_DEGSQV,train
20260819_072314_YGVKPH,train
20260819_072407_RKUQHL,eval
20260819_072533_FNKYJD,eval
20260819_072538_VKXMHB,train
20260819_072708_QLJWZQ,train
20260819_072945_JJKFVJ,eval
20260819_073016_YYCEFN,train
20260819_073130_FVYKCQ,train
20260819_073321_AYURFE,train
20260819_073624_YNLBLN,eval
20260819_073657_FSGJAN,train
20260819_073731_PCLRTX,train
20260819_074308_ZBASVN,eval
20260819_074702_PDMVNQ,train
20260819_074921_RUJMVJ,eval
20260819_074943_GEGCXB,train
20260819_075125_RWFNRM,train
20260819_075430_SRBEQE,train
20260819_075445_XSEFMN,train
20260819_075801_ZUVKPZ,eval
20260819_075844_WVYHQA,eval
20260819_080204_CTMBFS,train
20260819_080509_VDFGUG,train
20260819_080512_TBKTVU,train
20260819_080704_LRCTDD,train
20260819_080840_PTYVYE,train
20260819_081329_SSBMFV,eval
20260819_081349_HMVNWL,eval
20260819_081405_RCGFFX,train
20260819_081532_QKBZHD,train
20260819_081621_ZLKEYT,train
20260819_082213_XJKMEX,train
20260819_082544_EVDJAJ,train
20260819_082602_FQYGBJ,train
20260819_082810_SBUQZY,train
20260819_083019_VKTPKZ,train
20260819_083156_GMXJUQ,train
20260819_083650_XTGYXN,eval
20260819_083720_LYCJZN,train
20260819_084042_WESZCB,train
20260819_084056_YTXLQS,train
20260819_084237_PBQXNK,train
20260819_084351_KJVLAC,train
20260819_084409_CAGUPB,train
20260819_084431_QZGRMF,train
20260819_084534_EANAND,train
20260819_084945_UZTWXP,eval
20260819_085203_GNAWBY,train
20260819_085644_JRNJTP,train
20260819_085741_RJJGBZ,train
20260819_085906_CYLRHB,train
20260819_090412_QWHRXM,eval
20260819_090426_QCPZHW,train
20260819_091156_NPPJAN,train
20260819_091220_GCMEDZ,train
20260819_091522_UMYGKT,train
20260819_091559_CCKQYL,train
20260819_091704_AWZZPA,train
20260819_092434_EWPHNQ,train
20260819_093436_PWDKMA,eval
20260819_093759_UARXSW,train
20260819_093805_NYYHRR,eval
20260819_093851_BPRQMV,eval
20260819_093857_KLKJFS,train
20260819_093914_QUNDWP,train
20260819_094146_APDNES,train
20260819_094150_CYEXVP,eval
20260819_094624_YGTCFK,train
20260819_095323_FBMRRL,train
20260819_095356_WRYRJC,train
20260819_095402_HCNNYY,train
20260819_095714_LKYJBK,train
20260819_100228_BKBBLG,train
20260819_100953_CFWDZL,train
20260819_101028_ZLQUKR,train
20260819_101317_CGWGGP,train
20260819_101612_FZWKGZ,train
20260819_102553_LLQWKS,eval
20260819_103046_HVRMDX,train
20260819_103250_PGYVVA,train
20260819_103313_YZWXFC,train
20260819_103406_JPQVVC,train
20260819_104228_SMRCFF,train
20260819_104430_CPRYEA,train
20260819_104437_QXFLUT,train
20260819_104545_WTCJQV,train
20260819_104716_BDBXEA,eval
20260819_105116_QJCRAS,train
20260819_105319_AZKWML,train
20260819_105657_LKRDWA,train
20260819_110002_HHQSZT,train
20260819_110149_WBLJSC,train
20260819_110153_YDENTZ,train
20260819_110721_DSKTZL,eval
20260819_110851_GSEYSH,train
20260819_110912_DSZCMJ,train
20260819_110959_RUNSWJ,train
20260819_111202_QRQEDM,train
20260819_111626_SRJYNR,train
20260819_112002_HNJPAY,train
20260819_112013_FXGXBH,train
20260819_112341_EXLPUS,train
20260819_112427_XXWGDJ,train
20260819_113916_AXEAWX,train
20260819_113957_NVZTYX,train
20260819_114700_XTYPZD,train
20260819_115929_YSUQHJ,train
20260819_120300_RMKKJX,train
20260819_121031_LXPXMV,train
20260819_121102_PAMBFD,train
20260819_121525_WQABMR,train
20260819_122344_JLTZTS,train
20260819_122851_NASGEQ,train
20260819_123013_ZTFGFW,train
20260819_124636_MSAEXW,train
20260819_124649_KXUBKQ,train
20260819_125105_EBUFBH,train
20260819_125423_XERWQL,train
20260819_125951_UNCHRP,train
20260819_130226_BVGEKN,train
20260819_131249_PQFRTS,train
20260819_131301_EFQGQR,train
20260819_135005_FPMZTZ,train
20260819_135229_SZQQQB,eval
20260819_135754_DBGZTJ,train
20260819_140347_YNALJG,eval
20260819_140934_FHYULP,train
20260819_141657_KHLQYK,train
20260819_142025_PCVQJD,eval
20260819_142744_XLWTWG,train
20260819_143532_UUUFAA,eval
20260819_143814_ANQXUQ,train
20260819_144519_UWFXYK,train
20260819_144544_PPWTWE,train
20260819_154852_QWWKKU,train
20260819_161612_CHHSRA,train
20260819_161623_ARAHFX,train
20260819_162246_KJAGKH,train
20260819_162612_KNDPHA,train
20260819_163559_DGRPVM,train
20260819_170657_JXWTRY,train
20260819_192314_EAMCRH,train
20260819_222521_VTGQDX,train
20260819_223010_ADADKR,eval
20260819_232319_QFKVYU,train
20260819_233528_QNLQNB,eval
20260819_233604_EMZAWQ,train
20260819_233613_FUCRZT,train
20260819_233649_XPLXWM,train
20260819_234555_YLUXPH,train
20260819_234625_TSWQGX,train
20260819_234815_NRBBTK,train
20260819_235018_AQLMKD,train
20260819_235212_BEGSCK,train
20260819_235621_CJKFAB,eval
20260819_235815_BNLDCC,eval
20260820_000407_TDCUGL,train
20260820_001024_FPTUNZ,train
20260820_001139_UNQUZC,train
20260820_001327_MBFUAB,train
20260820_001600_AQLJSD,train
20260820_001635_ZRKLPW,train
20260820_001759_VVXPTC,train
20260820_002028_SAPYZV,eval
20260820_002121_WJAGMY,train
20260820_002420_RBYDXK,train
20260820_002820_NFLNCZ,train
20260820_003009_RAPLSW,train
20260820_003015_JEMEEH,eval
20260820_003017_CMUREH,train
20260820_003038_KELMDF,train
20260820_003046_AKDJAD,train
20260820_003202_XUSHLL,train
20260820_003257_WCKZHT,train
20260820_003305_PLEHWL,eval
20260820_003449_KQQQZH,train
20260820_003459_EVPXDA,train
20260820_003512_HNLSXY,train
20260820_003520_ZWCJYP,train
20260820_003522_QERREH,train
20260820_003622_CBULZR,eval
20260820_003625_KJXPUG,train
20260820_003704_FTGPEW,eval
20260820_003728_NXSWNX,train
20260820_003743_QDHDCP,eval
20260820_003817_XUFZVQ,train
20260820_004251_SXSCBQ,train
20260820_004454_CTQXPZ,train
20260820_004632_NZWWUH,train
20260820_004943_TSBQLQ,train
20260820_005035_SHUMBX,eval
20260820_005048_ENVYSM,train
20260820_005052_FKKKPG,train
20260820_005107_JWHQYN,train
20260820_005114_AFDQHM,train
20260820_005129_EMEEEX,train
20260820_005232_FSEBXX,train
20260820_005232_KRRREE,train
20260820_005308_GNWZZM,train
20260820_005425_DAYXEE,train
20260820_005433_YCQJFU,train
20260820_005448_XJEBJY,train
20260820_005534_KCNRQU,eval
20260820_005710_XPNGJH,train
20260820_005712_LGWCSE,eval
20260820_005901_JMVJDH,train
20260820_005954_VMMFZW,train
20260820_010158_SCMWHG,train
20260820_010335_BCRSXZ,train
20260820_010618_EFFYXL,train
20260820_010640_TLUBAJ,train
20260820_010643_LPZHMH,train
20260820_010814_BJEZNZ,train
20260820_010818_ELDUZH,eval
20260820_010821_GYZMGV,train
20260820_011042_NYWHHC,train
20260820_011045_HMPYGC,train
20260820_011244_KZZLKL,train
20260820_011302_YANEAN,train
20260820_011328_YZNZGV,train
20260820_011504_YSXTZX,train
20260820_011545_ERCFYC,eval
20260820_011709_TBYXHK,train
20260820_011846_EUMTDF,train
20260820_011906_NZCXRF,train
20260820_012014_AWUFES,train
20260820_012017_FWEEEQ,train
20260820_012206_NSQGQP,eval
20260820_012223_PSXFHQ,train
20260820_012234_HUBWJB,eval
20260820_012604_FSFBAS,eval
20260820_012704_EVCYWK,train
20260820_012737_MKHQQV,train
20260820_012958_MWBSVQ,train
20260820_013144_KCWHHH,eval
20260820_013845_UTMCZG,eval
20260820_013943_PDHKCB,train
20260820_014007_KQFFKX,train
20260820_014031_BUHLKM,eval
20260820_014129_VWGCEQ,train
20260820_014420_FEEAVF,train
20260820_014629_FKAJEE,train
20260820_015053_BBZWND,train
20260820_015102_PAUYXK,eval
20260820_015106_KYMESB,train
20260820_015109_LLZSKT,eval
20260820_015327_ACHZQD,train
20260820_015420_GEGXJR,train
20260820_015506_BUUFJJ,eval
20260820_015540_BMXADF,eval
20260820_015737_TBEZEW,train
20260820_015858_NRFSFE,train
20260820_015914_REQLQT,train
20260820_020223_TWZSQZ,train
20260820_020323_NCQSHA,train
20260820_020449_LVLCCV,train
20260820_020518_QMTPZN,train
20260820_020647_ZGZTXE,train
20260820_020737_TQTPSZ,train
20260820_020833_EGQZAC,train
20260820_020854_GFVSBB,train
20260820_020912_NKFGHJ,eval
20260820_020920_JNCUWY,eval
20260820_021033_FPEUPG,train
20260820_021459_NMKWLY,train
20260820_021500_VBVSQA,train
20260820_021544_BDDFZK,train
20260820_021858_KKMWQY,train
20260820_022220_QZZUCE,train
20260820_022227_PFMPCW,train
20260820_022303_VGCRKD,train
20260820_022327_PLPJZC,train
20260820_022331_JMKNGB,train
20260820_022554_UFKCRE,train
20260820_022749_LFKCFW,train
20260820_022827_CUFGXZ,train
20260820_022912_XYJCUW,eval
20260820_022940_CGCBUG,train
20260820_023307_GXYBPR,eval
20260820_023547_DTZHSB,train
20260820_023828_GSXPZW,train
20260820_023944_EHWRYS,train
20260820_023946_RUKFLD,train
20260820_024124_GCGPEE,train
20260820_024337_RKHZFC,train
20260820_024357_AJWWZZ,train
20260820_024358_DHSDTY,eval
20260820_024414_URSSWU,train
20260820_024554_TNVMPK,train
20260820_024627_GDBQQH,train
20260820_024714_LWCXNN,train
20260820_024851_NAAMQK,train
20260820_024859_ENNGNV,eval
20260820_025152_WVQPAF,train
20260820_025239_BXXCHC,train
20260820_025458_ZNLWRE,eval
20260820_025802_NFUUJN,train
20260820_030258_XPJFVL,eval
20260820_030428_ZLNKNP,eval
20260820_030454_PVZANK,train
20260820_030531_DYASNY,train
20260820_030815_THRJJM,train
20260820_030956_YJVHUL,train
20260820_031036_QYQAGJ,train
20260820_031245_LDPYVJ,train
20260820_031400_JLWNDJ,eval
20260820_031641_PWEENE,train
20260820_032143_SBZSUA,train
20260820_032313_ZAWWBM,eval
20260820_032629_FUQAVY,eval
20260820_032723_XJFSGV,eval
20260820_033012_SMURSF,eval
20260820_033359_PMGYXB,train
20260820_033537_MJAZUA,train
20260820_034007_NGAXUM,train
20260820_034640_HNKXJW,train
20260820_034907_REFYXZ,eval
20260820_035803_TJQRNZ,train
20260820_035910_NTNCSG,train
20260820_040112_QYVWSV,train
20260820_040250_MRSRMW,train
20260820_040327_FGQASE,train
20260820_040812_KZHRNL,train
20260820_040829_BWLHDU,train
20260820_041010_KPAFGP,train
20260820_041220_TYNXLB,train
20260820_041337_GABKAT,train
20260820_041528_ZCWYBM,train
20260820_042042_JZFGRE,train
20260820_042048_BYSMCA,train
20260820_042237_WDMUDD,train
20260820_042319_YKXFBB,train
20260820_042358_BYWUUN,eval
20260820_042708_YBYDCT,train
20260820_042954_XZZPMM,eval
20260820_043328_YZNQZG,train
20260820_043656_JJAZFU,train
20260820_043736_VTMBVF,eval
20260820_043743_ZGPLUZ,train
20260820_043823_PSCHZD,train
20260820_043857_TEJTAY,train
20260820_044452_UTVVRD,train
20260820_044645_HYRKNB,train
20260820_044837_WXARXR,eval
20260820_045439_QRNBGW,train
20260820_045611_AJCTAF,train
20260820_050118_FELGTX,train
20260820_050127_UTJFGQ,train
20260820_050142_CTPTQW,train
20260820_050234_YVSZDZ,train
20260820_050414_ADRLUL,train
20260820_050933_UDJSFM,train
20260820_051019_PBXBZZ,eval
20260820_051033_MMTRQN,train
20260820_051045_TXNPMD,eval
20260820_051139_AJKPDW,eval
20260820_051149_MMLDRT,train
20260820_051150_FFVMKG,train
20260820_051251_TPZAMV,eval
20260820_051721_VNQJLK,train
20260820_052042_DFYUAH,train
20260820_052052_VRPJJN,train
20260820_052217_DWSBSB,train
20260820_052225_HXNRHE,train
20260820_052255_DBFVXM,train
20260820_053019_CPTZRB,eval
20260820_053201_TXLFME,train
20260820_053334_CSTVUN,train
20260820_053430_PLGFKR,train
20260820_053449_LLEAQL,train
20260820_053626_CHWHUR,train
20260820_053703_CKUEFZ,train
20260820_053803_VTMUKG,train
20260820_053809_CUPXLU,eval
20260820_053840_RQYKDF,train
20260820_054105_DQJKYV,train
20260820_054144_EZLMZJ,eval
20260820_054339_DWENFN,train
20260820_054344_RHUKZT,eval
20260820_054445_CGYTCB,eval
20260820_054448_HELEWD,eval
20260820_054454_SRHFTS,eval
20260820_054548_NWFVFE,train
20260820_054611_XWDJBJ,train
20260820_054735_DBNXVH,train
20260820_054802_HHWKYB,train
20260820_054828_WHLTJT,train
20260820_055110_LSNCAE,train
20260820_055130_YGNALD,train
20260820_055212_BQUGKZ,train
20260820_055242_ZEZYFF,eval
20260820_055455_XPBHLH,train
20260820_055503_QGXKGD,train
20260820_055851_HRFXLQ,eval
20260820_055908_HBZZEH,train
20260820_055917_QXTTUA,train
20260820_060023_CPAPHN,train
20260820_060228_ACGYZR,train
20260820_060403_JYYGTB,train
20260820_060553_RWMKPC,train
20260820_060633_TBPRER,train
20260820_060654_FRFJPK,train
20260820_060727_DXYSTF,train
20260820_060832_VPAVPL,eval
20260820_060930_YZCAET,eval
20260820_061026_UNXZGT,train
20260820_061153_GGDVTK,eval
20260820_061556_DDCMUJ,eval
20260820_061708_VMXLZM,eval
20260820_061747_DUEBZZ,train
20260820_061756_BDWKUU,train
20260820_061819_RASPUK,train
20260820_062302_KABJMB,eval
20260820_062341_NLVQJU,eval
20260820_062701_NRXNRT,train
20260820_062717_CHBLHY,train
20260820_062726_KDTCQN,train
20260820_062811_JSCJAR,train
20260820_062859_UTNTFH,train
20260820_063018_QNANRN,train
20260820_063132_KNUULK,train
20260820_063211_MGRKPS,eval
20260820_063310_KWEJPZ,train
20260820_063458_VULUBL,train
20260820_063751_KHAGGF,eval
20260820_063839_UBESGM,train
20260820_063934_JXJCPN,eval
20260820_064033_YMUMYJ,train
20260820_064152_CPPBLE,train
20260820_064332_DUVFZD,train
20260820_064955_FSPYBY,train
20260820_065152_ZQXBCR,eval
20260820_065515_CVAPEL,train
20260820_065834_AGNPXK,train
20260820_065853_LWNWZV,train
20260820_065958_FHFCBZ,train
20260820_070109_DTWESA,train
20260820_070319_PUDKYX,train
20260820_070412_FDZUUB,train
20260820_070654_PDNHUK,train
20260820_070743_HPYAUL,train
20260820_070929_GEEHHH,train
20260820_071316_AAPYZP,eval
20260820_071403_KLKQZN,train
20260820_071505_CHRKSP,train
20260820_071632_CJCLLP,train
20260820_072234_TTCDFR,train
20260820_072334_WYRMHJ,train
20260820_072458_GNHDSH,train
20260820_072658_FBMJPW,train
20260820_072721_QHDDFU,train
20260820_072949_QFRMZX,train
20260820_073031_WMYRRY,train
20260820_073155_ZJKGHA,train
20260820_073253_BZRSET,train
20260820_073358_FAPNNE,eval
20260820_073620_VZTTMA,train
20260820_073737_AMXXTU,train
20260820_073941_RKPYYD,train
20260820_074142_ZSCZVM,train
20260820_074300_GFUCTM,train
20260820_074757_NQDXUD,eval
20260820_074815_VVLRZC,train
20260820_074926_CEJVST,train
20260820_074930_XHYAVK,eval
20260820_075143_MBVJBT,train
20260820_075300_HTFNBU,eval
20260820_075338_NCRHKZ,train
20260820_075533_PFAJFT,train
20260820_075654_CRQEPX,train
20260820_075938_JXWFPD,train
20260820_080023_KNMCFK,train
20260820_080159_NLGUPM,eval
20260820_080304_SWFMRP,train
20260820_080531_YEBFTQ,train
20260820_080536_SGXNZD,eval
20260820_080621_WYFTKA,train
20260820_080927_RMTHEN,train
20260820_081310_UAMBXY,train
20260820_081341_YYGUUD,train
20260820_081432_UHDVCB,train
20260820_081618_CKGHVY,train
20260820_081626_ZLVHDX,train
20260820_081639_ULFGVP,train
20260820_081846_LMHTTX,eval
20260820_081951_XUPWEC,eval
20260820_082229_NEZUDM,train
20260820_082411_TCXXDK,eval
20260820_082553_NSRYFB,train
20260820_082607_PAUYRM,train
20260820_082748_RGVDGL,train
20260820_082847_ZQDNHM,train
20260820_082914_BXRUKD,train
20260820_083325_FMVXGD,train
20260820_083348_GPPHFL,eval
20260820_083422_EFAJJM,train
20260820_083658_LZYKMY,train
20260820_083909_VDVHSN,eval
20260820_084113_LWUMCV,train
20260820_084138_WZGFMA,eval
20260820_084202_DBDKAA,train
20260820_084312_NZQECG,train
20260820_084320_TZJZEA,eval
20260820_084806_MXTJTE,train
20260820_085554_HYFHAX,train
20260820_085737_SNPXDK,train
20260820_085742_YFVXZX,train
20260820_085916_JESCUS,train
20260820_090454_DBUQLH,train
20260820_090619_JNJWUM,train
20260820_090718_EMEXVK,eval
20260820_090728_PJJDNH,train
20260820_091044_XSKJRT,train
20260820_091559_YYWNTK,train
20260820_091628_PYARDZ,eval
20260820_091649_PXDKCF,train
20260820_091856_LFRDFA,train
20260820_092100_SRMEMB,train
20260820_092139_ULAELE,eval
20260820_092858_CPLTUE,train
20260820_093234_TXPNCR,train
20260820_093334_PGZBGH,train
20260820_093635_EDNKKL,train
20260820_093651_VELYQL,eval
20260820_095028_WBYKGG,eval
20260820_095759_YDKSXH,train
20260820_095835_ZTHBLT,train
20260820_095836_QYHUQA,train
20260820_095905_YFYVQG,train
20260820_100141_SKJBXF,eval
20260820_100459_ATAQVP,train
20260820_100527_RGDXZT,train
20260820_100607_DZKAJT,train
20260820_100739_VTDHDV,train
20260820_100849_QWXKUE,train
20260820_101047_JZQZWW,train
20260820_101228_QPYHPU,train
20260820_101542_TGZWTN,train
20260820_102103_XRRMBK,eval
20260820_102750_ETUNTD,train
20260820_102815_ALANXT,train
20260820_103153_THKCVH,eval
20260820_103314_MJCJGG,train
20260820_103332_JYEQMN,train
20260820_103417_MGHGXB,train
20260820_103753_HAKBCZ,train
20260820_104100_NTPUXG,train
20260820_104236_MTXWTP,eval
20260820_104739_FFJQBS,eval
20260820_105309_MVDDAF,train
20260820_105610_TBERFX,train
20260820_110235_RNVZXV,train
20260820_110554_GXZCGS,train
20260820_110633_XRDUZH,train
20260820_111042_CRMFBV,train
20260820_111137_GPTADE,train
20260820_111852_RXMYTD,train
20260820_112406_KNQCXL,train
20260820_112609_MRVESW,train
20260820_112833_SLAUBG,train
20260820_113240_RXYZHR,eval
20260820_113426_MBJWYD,train
20260820_113501_BPUKTJ,train
20260820_114357_AALYDU,train
20260820_115139_EWVNHS,train
20260820_115755_JGKDQX,eval
20260820_120039_ZYVNMA,train
20260820_120556_YZLYTY,train
20260820_121423_KYXXMH,train
20260820_121858_UPSNJD,eval
20260820_121958_HXBRXV,train
20260820_121958_RBXWVY,train
20260820_122414_LHJGDF,eval
20260820_122727_ERKWTN,eval
20260820_122813_RXPQSM,train
20260820_122925_TRHHAQ,eval
20260820_123437_HXYJKA,train
20260820_123926_NKGPXZ,train
20260820_124618_NZHDPH,train
20260820_125810_QWLCJP,train
20260820_130502_VLPWYM,train
20260820_130747_NXVEPZ,train
20260820_134415_QSLWBD,train
20260820_135940_PLXVQD,train
20260820_140910_MPPYMT,eval
20260820_140949_XPXJPF,train
20260820_141436_KZRPMW,eval
20260820_143202_CTEAQQ,eval
20260820_144405_XJFDWA,train
20260820_150427_WVAWMN,train
20260820_151233_FFAJUJ,train
20260820_151328_DQQZAT,eval
20260820_151503_VQSWAT,train
20260820_151927_EXRMQW,train
20260820_153044_LDWMYH,train
20260820_155011_TTCWPQ,train
20260820_155046_THGJFV,eval
20260820_163143_AGKQLS,train
20260820_163206_DSXJUQ,train
20260820_163848_RDNEAY,train
20260820_221454_ARMLVV,train
20260820_222601_URHRAF,eval
20260820_225125_MCEEYR,train
20260820_230844_AUEVCF,train
20260820_231122_YXRZUA,train
20260820_231159_WTLVWY,train
20260820_231816_RJNLEW,train
20260820_232432_JVUSUH,train
20260820_232449_HCVKYC,eval
20260820_232450_FEJKUC,train
20260820_232457_AFNZCY,train
20260820_232551_VCNGCM,train
20260820_233433_UJZUGG,train
20260820_234034_EFCMHN,eval
20260820_234222_DMTQBX,train
20260820_235004_LHZELY,train
20260820_235121_TBNJZV,eval
20260820_235217_JMZDHM,train
20260820_235443_AHLGDA,train
20260820_235747_WQBCCB,train
20260821_000334_BXDRPG,train
20260821_000414_QZRCGM,train
20260821_000418_QBTUXN,eval
20260821_000439_DAQQPU,train
20260821_000556_GCKGRG,train
20260821_000714_WLFFNM,train
20260821_000956_HQVFXD,train
20260821_001106_GWAJHL,train
20260821_001517_PHUMYG,train
20260821_001604_WSAZVW,eval
20260821_001704_CSBNPW,train
20260821_001728_XJPCJA,train
20260821_001812_TSWHMM,train
20260821_002438_EBDCDJ,train
20260821_002509_KRHKCK,train
20260821_002601_CQZJZE,train
20260821_002619_SGURXA,train
20260821_002634_JVFGEF,eval
20260821_002651_XBKHUL,train
20260821_002804_RZMVNT,train
20260821_002841_NAVZMU,train
20260821_002912_MCWYGJ,train
20260821_003009_JFNNDN,train
20260821_003121_YKPLYE,train
20260821_003131_XNFAMZ,eval
20260821_003142_ZKCGEP,eval
20260821_003324_PJCLLL,eval
20260821_003430_VFZAVM,train
20260821_003458_BFBPKK,train
20260821_003525_BZJUMQ,train
20260821_003642_EHRMNC,train
20260821_003658_XRHMEP,train
20260821_003711_TYWJVE,train
20260821_003807_VEGUPD,train
20260821_004101_LLKRYQ,train
20260821_004122_GCCBCK,train
20260821_004250_JBNTFP,train
20260821_004301_AZJNVZ,train
20260821_004340_GHKREU,train
20260821_004341_UCNFHN,train
20260821_004437_JXUECT,eval
20260821_004443_ZHPRUH,train
20260821_004558_DUGTTY,eval
20260821_004727_SUBGNR,train
20260821_004918_DUZQBH,train
20260821_005015_JPELSW,eval
20260821_005120_REDKQP,train
20260821_005839_KQKLPE,train
20260821_005900_WVHTJE,train
20260821_005932_XMYDNC,train
20260821_010123_UWQQSJ,train
20260821_010154_UZJDVD,train
20260821_010203_FWGCNY,train
20260821_010416_LQSNZX,train
20260821_010707_GWTCLE,train
20260821_010716_QSCDZS,train
20260821_010915_DVRBTR,train
20260821_011132_BYDZDB,train
20260821_011233_CGHTQS,eval
20260821_011339_FSVBMN,eval
20260821_011411_DKVWCC,eval
20260821_011450_SXNXWD,eval
20260821_011455_HMBRPE,train
20260821_011620_HZYSHE,train
20260821_011640_ZYHMYH,eval
20260821_011834_TUMCNT,train
20260821_011849_TXHQTR,train
20260821_012004_DYGPRS,eval
20260821_012034_QSZHWG,train
20260821_012059_YWYFBL,eval
20260821_012142_NAZVEJ,eval
20260821_012201_TXMJRJ,train
20260821_012324_MZRPCK,train
20260821_012327_TRQMGK,train
20260821_012333_EFSHAZ,train
20260821_012721_KRDHEZ,eval
20260821_012721_TRPWRP,train
20260821_012738_AEADNP,train
20260821_012824_VXGKYD,train
20260821_012859_LAYXXV,train
20260821_013717_BTKEPN,train
20260821_013757_GTBEGE,train
20260821_013914_UASZVS,train
20260821_013959_ZBVQYH,train
20260821_014124_YWYSWF,train
20260821_014747_AXGYCM,eval
20260821_014800_VSNGSU,train
20260821_015121_QYTMVK,eval
20260821_015240_TASQVP,train
20260821_015643_GTTEBB,train
20260821_015644_TAENTN,train
20260821_015653_EDWHHW,train
20260821_015831_PUUMHD,eval
20260821_020055_XJBVTD,eval
20260821_020205_YWFUBM,train
20260821_020210_XNTJWS,train
20260821_020218_JCSUYT,train
20260821_020421_TGXAJP,eval
20260821_020503_NMJMTT,train
20260821_020548_YZUXAT,train
20260821_020550_THGWAB,train
20260821_020630_LNYAAX,train
20260821_020708_XUVQBM,train
20260821_020931_AVYJBE,train
20260821_021209_CZXVZV,eval
20260821_021335_DFMGQT,train
20260821_021354_ACNYVT,eval
20260821_021529_MNZKLM,train
20260821_021539_QLCNRZ,train
20260821_021625_SWMQLN,eval
20260821_021643_JMCRBG,train
20260821_021733_EQHLHB,train
20260821_021734_TDJYWM,eval
20260821_021853_AMGLVL,train
20260821_021932_AENGSF,train
20260821_022021_YMYWHU,eval
20260821_022049_WKDABP,train
20260821_022056_TGJWSV,eval
20260821_022214_WXXFHE,train
20260821_022334_KGJZEE,eval
20260821_022351_VMJRNG,eval
20260821_022443_LQZNMP,train
20260821_022632_ZXCKEN,eval
20260821_022844_FDUGVL,eval
20260821_022901_ASSFQK,train
20260821_023240_JDNPXX,eval
20260821_023348_KDUQNP,train
20260821_023507_VQDQDH,train
20260821_023823_FPUTDU,train
20260821_024052_CEGBAK,train
20260821_024248_DXDBFK,train
20260821_024310_FNVXTV,eval
20260821_024337_NCEUGT,train
20260821_024343_ZZKMRB,train
20260821_024550_QTARNJ,train
20260821_024607_BVSVNX,train
20260821_024804_DEPCGR,eval
20260821_024936_PYBRZZ,train
20260821_025001_VARTRF,train
20260821_025142_SGEQVR,eval
20260821_025201_WZATLC,train
20260821_025244_SRDBEL,train
20260821_025518_GHWQYM,train
20260821_025559_STQFHT,train
20260821_030006_PXKCLW,eval
20260821_030616_JVTDSD,train
20260821_030706_BMLDYF,train
20260821_030755_KVJHTC,eval
20260821_030905_WZFXKF,train
20260821_031057_MPHWCF,train
20260821_031154_WLPXJY,train
20260821_031258_BVZURA,eval
20260821_031453_GKRFVG,eval
20260821_031534_AKZBNW,train
20260821_031559_RLAECX,eval
20260821_031613_NCBXCV,eval
20260821_031623_CRFWTK,train
20260821_031935_GFQHRM,train
20260821_032039_MAZADX,train
20260821_032650_ZJETLE,train
20260821_032852_ZPEMFZ,train
20260821_033228_ADYWFV,train
20260821_033234_BAJBUS,eval
20260821_033311_BDFJVD,train
20260821_033338_NSGFEY,train
20260821_033417_RCBWWG,eval
20260821_033616_VRYKGD,train
20260821_033931_HTCCEH,train
20260821_034124_DQMUSD,train
20260821_034124_VYSVFS,train
20260821_034240_QGYHHZ,eval
20260821_034650_RRQKVY,eval
20260821_035003_KACPVP,train
20260821_035005_CCANYQ,train
20260821_035338_SRPNEQ,train
20260821_035544_KBSMQY,train
20260821_040113_CLBKDU,train
20260821_040426_VBRCAL,train
20260821_040524_QSCKAL,eval
20260821_040847_CTYFGP,train
20260821_040951_HYYTTH,train
20260821_041907_HMMPQY,train
20260821_041942_TWCTCQ,train
20260821_042046_EPPAZY,train
20260821_042229_KGZJAH,train
20260821_042439_TWESZH,train
20260821_043059_NHLKPQ,train
20260821_043220_VSEFBJ,train
20260821_043620_MDJUJH,train
20260821_043758_QBNZTF,train
20260821_044311_SYTKKZ,train
20260821_044353_JEWBTZ,eval
20260821_044556_JMRYNT,train
20260821_045010_FQXNCU,train
20260821_045047_TBYSLE,train
20260821_045139_TCPVUJ,train
20260821_045813_YWSKQX,eval
20260821_045946_YUHBFH,eval
20260821_050130_RNYYDH,train
20260821_050151_NFJJCS,train
20260821_050225_ZZFULJ,train
20260821_050232_WVRNGS,train
20260821_050411_ARUWTJ,train
20260821_050520_HDCWRU,train
20260821_050731_AWMXJT,train
20260821_050745_GZXQSL,train
20260821_050817_XMMHYH,train
20260821_050943_AXLPPU,train
20260821_051008_JXLPYB,train
20260821_051029_VTHWVA,eval
20260821_051136_MUBDHL,train
20260821_051438_HQPLKS,eval
20260821_051629_QKLRLA,train
20260821_051740_MDUSFE,train
20260821_051818_MNYQZE,train
20260821_051940_SLCYSG,train
20260821_051949_EWLVMR,train
20260821_052130_GULNNC,train
20260821_052133_SSVRMA,train
20260821_052203_AFYYHY,train
20260821_052316_SBWRZE,train
20260821_052338_SJACUS,train
20260821_052650_CNDHVC,eval
20260821_052711_CWRJDR,train
20260821_052827_EVRARW,train
20260821_052905_PQMYSB,train
20260821_053042_NUHXFN,train
20260821_053221_BGYQBV,train
20260821_053321_JJLQDL,train
20260821_053501_JPKMMY,train
20260821_053519_HMDBNN,train
20260821_053621_HGBZZA,train
20260821_053716_YLYRLU,train
20260821_053738_MTEHMX,train
20260821_053836_KPPRZJ,train
20260821_053910_BWHHNP,train
20260821_053948_TUDADU,eval
20260821_054018_ANFFZY,train
20260821_054108_NXVMGR,train
20260821_054134_FXCESZ,eval
20260821_054303_YNLBPK,eval
20260821_054426_MVSVXU,train
20260821_054428_BWLCKG,train
20260821_054650_NPDEQX,train
20260821_054706_HEMXZH,eval
20260821_054723_EJEGWR,train
20260821_054723_NCDSDV,train
20260821_054834_UMVXWQ,eval
20260821_054849_DERJVL,eval
20260821_054936_HRRLNH,train
20260821_054938_KVYCQE,train
20260821_055036_VKXEWM,train
20260821_055148_QZSNRK,train
20260821_055218_GRHMPP,eval
20260821_055226_VXSVWF,train
20260821_055228_GURPRP,train
20260821_055234_JERAZM,train
20260821_055344_TVEVUW,train
20260821_055406_GTHRCW,train
20260821_055427_CYDPLU,eval
20260821_055438_NGJZAQ,eval
20260821_055620_YNLYQZ,train
20260821_055622_DFQAFR,train
20260821_055739_TBGNGP,train
20260821_055758_ABXTSX,train
20260821_055916_LZJNWB,train
20260821_055919_QLYTZY,eval
20260821_060107_LTEXSQ,train
20260821_060110_YMMUJD,train
20260821_060229_NLJNCJ,train
20260821_060250_GEZKWM,eval
20260821_060353_ATPLWD,train
20260821_060417_NAAKCL,train
20260821_060458_ALTAUF,train
20260821_060502_KCGTSH,train
20260821_060509_HLDTUP,train
20260821_060535_RTBVVQ,train
20260821_060553_LNBETF,train
20260821_060633_WNJQCT,train
20260821_060639_URARAJ,train
20260821_060655_ZWNVVV,eval
20260821_060825_MFMMUW,eval
20260821_060901_SXJJMM,train
20260821_061100_RSUZCJ,train
20260821_061118_BEQENF,train
20260821_061223_MSNRPD,train
20260821_061302_XMUHNY,train
20260821_061454_HLXQNA,train
20260821_061526_XXXXKT,train
20260821_061531_WVKGCK,train
20260821_061911_AXXKXE,train
20260821_062041_SJYJHL,train
20260821_062048_XPAKGM,eval
20260821_062206_SRZGWK,eval
20260821_062238_MJUTXM,eval
20260821_062326_RYYTHP,train
20260821_062524_NGRCCF,train
20260821_062639_CTBBZB,train
20260821_063101_PSHCBS,train
20260821_063304_VYSMPW,train
20260821_063534_BVMUCH,train
20260821_063538_EGLBYS,train
20260821_063636_GECSPK,train
20260821_063801_MJLRTB,train
20260821_063909_FRJYWF,train
20260821_063937_UGHNHH,train
20260821_063950_CEPFCM,eval
20260821_064046_RXVPNU,train
20260821_064144_SUTDFX,train
20260821_064332_YAPBTM,train
20260821_064536_YVUULK,train
20260821_064702_MFYSEH,train
20260821_064844_YPSEJB,train
20260821_064853_PAZKXA,train
20260821_064930_QSJEHW,train
20260821_065001_GSFXBK,train
20260821_065008_VPAKHS,train
20260821_065012_HRDRCM,eval
20260821_065012_RHARPG,train
20260821_065028_SEGBWU,train
20260821_065342_FJDRGU,train
20260821_065346_SQTCJV,train
20260821_065418_RUFWPV,train
20260821_065516_TZLTCG,eval
20260821_065535_QRJSBP,train
20260821_065551_GSEAUU,train
20260821_065630_QFGCRJ,train
20260821_065750_CAWZEA,eval
20260821_065856_BJNPFU,train
20260821_070052_JQFZSN,train
20260821_070111_UVMNLY,train
20260821_070453_SWPAHU,train
20260821_070602_MZSXTJ,train
20260821_070709_PMTVYP,eval
20260821_071023_UBHJYJ,train
20260821_071140_HTSMVW,train
20260821_071728_MKGBVQ,train
20260821_071730_TVMJVA,eval
20260821_071842_FZQMVF,train
20260821_071914_VHLYVN,train
20260821_072055_UWZZUN,train
20260821_072144_AYGQXR,train
20260821_072147_UZKWLE,train
20260821_072425_CCFLNR,train
20260821_072835_SBHJFW,train
20260821_072932_DEUEVY,train
20260821_072932_PQKTUA,train
20260821_072950_PLSZKP,train
20260821_073236_CCFZHA,train
20260821_073325_SQFMDN,train
20260821_073447_ASPTZL,eval
20260821_073552_GMYMQC,train
20260821_073733_CTBWDK,train
20260821_074125_DEMTTA,train
20260821_074213_SJLMCY,train
20260821_074327_URPBHF,train
20260821_074641_BVTXPZ,train
20260821_074908_LARUFM,train
20260821_075027_JRRCNZ,train
20260821_075106_BHTAPM,eval
20260821_075356_FXRBBY,train
20260821_075500_SCGCMG,train
20260821_075553_ZQMVAJ,eval
20260821_075613_NHTHNA,train
20260821_075639_VQBLRE,train
20260821_075642_XDZSAV,train
20260821_075812_BKEJXR,train
20260821_080009_LUQLCZ,train
20260821_080017_HHLJXD,train
20260821_080702_WYESAG,train
20260821_080815_ENHGJA,train
20260821_081012_UHSVGT,train
20260821_081311_XENDAK,train
20260821_081443_ZRKPMA,train
20260821_081519_GTRCJM,train
20260821_082124_HSTDZW,train
20260821_082311_XSDSJS,train
20260821_082430_GNCNVM,train
20260821_082929_SSWVYE,eval
20260821_083010_AUMSAU,train
20260821_083156_WTQRLJ,train
20260821_083428_YYRAFG,train
20260821_083732_DYQPJD,train
20260821_084658_LFELNC,eval
20260821_084701_WWZHVU,eval
20260821_085052_AWJYLL,train
20260821_085433_HZEYTX,train
20260821_085452_BWXXFU,eval
20260821_085705_AWGUEG,train
20260821_085720_BUDLQL,train
20260821_085856_APFUBK,train
20260821_090423_TLZNZL,train
20260821_090437_JTKQEJ,eval
20260821_090502_GSXWDT,train
20260821_090638_UATBGP,train
20260821_091234_ADADKR,eval
20260821_091707_AXCKDG,train
20260821_091715_LXEJVU,train
20260821_091828_PYNSVB,train
20260821_091834_FZWLMH,eval
20260821_092228_YFDSJU,train
20260821_092431_EFGJYX,train
20260821_092642_XQADVB,train
20260821_092644_USZTDD,train
20260821_092740_RUDTXJ,train
20260821_093350_ASNCZA,train
20260821_093439_EJMPAZ,train
20260821_095926_TUEHVJ,eval
20260821_100922_QNKUTG,eval
20260821_101902_NHBUJG,train
20260821_102148_XQRWJW,eval
20260821_102355_MASSUS,train
20260821_102925_LXFYJR,eval
20260821_103032_WSVJPC,train
20260821_103116_HKRDFJ,train
20260821_103724_ASUMTS,eval
20260821_104003_KZPHXQ,eval
20260821_104257_XLVGZJ,eval
20260821_105339_NNXQMM,train
20260821_105429_UVPUJG,train
20260821_111629_CLTBLG,train
20260821_111959_BTTYWA,train
20260821_112035_YZUHXS,eval
20260821_112515_SWNLDJ,train
20260821_112950_WKLJZX,eval
20260821_113058_NRYVXY,train
20260821_113109_UYLXKT,eval
20260821_113153_XPBPJC,train
20260821_113831_FSZSRZ,eval
20260821_114132_QCBBMA,train
20260821_115229_UARMDZ,eval
20260821_121212_AAZYNB,eval
20260821_122445_PRTUXN,train
20260821_122506_DVHHBS,train
20260821_122643_DTMXCK,eval
20260821_122713_KKNPWY,train
20260821_122832_HVFXFW,train
20260821_123112_BSNBBB,train
20260821_123543_CBPASB,train
20260821_125057_FLLZRB,train
20260821_125227_PZFHSU,train
20260821_130725_HGDUVC,train
20260821_130730_YHEMZE,train
20260821_132707_KFYATT,eval
20260821_132853_EHAGKM,train
20260821_132954_MFAEZA,train
20260821_133342_PBVTZL,eval
20260821_134323_VWJRDH,train
20260821_141259_GMAVKJ,train
20260821_141954_JZNTNH,train
20260821_143211_WFNPQH,train
20260821_143607_DPHCMP,train
20260821_143656_CRXZJF,eval
20260821_145533_WYMRNY,eval
20260821_150006_BWQNBG,train
20260821_150705_TLFFBT,train
20260821_151758_GXFWUG,train
20260821_151821_KZVFCH,train
20260821_151834_EHJLUW,train
20260821_152018_WLESME,train
20260821_154446_MQAUWT,train
20260821_160510_LFLESA,eval
20260821_175746_ATCSTX,train
20260821_223952_RNJQDT,train
20260821_230135_RNDCFZ,eval
20260821_230338_LGTJLL,train
20260821_233134_MKZFZR,train
20260821_233611_MDCRMW,train
20260821_233820_ADMSZV,train
20260821_234944_YJSTFB,eval
20260821_235213_MQAUXP,train
20260821_235233_AWTQDE,train
20260821_235541_DBHGAD,train
20260821_235712_CNJZPJ,train
20260822_000300_JUECJG,train
20260822_000331_YQYGCZ,train
20260822_000506_URETPV,train
20260822_000533_TSNRXM,train
20260822_000613_GYSDVL,train
20260822_000734_ACPLSE,eval
20260822_000843_MRBCVK,train
20260822_000935_UYMPMV,train
20260822_001344_NWWYKU,train
20260822_001451_EBTSYK,train
20260822_001730_YMRRKZ,train
20260822_001744_EYFXTQ,train
20260822_002011_UHUTLL,train
20260822_002033_NWHWNG,train
20260822_002301_KHSHMR,train
20260822_002329_QARBRW,eval
20260822_002359_BVUCYT,train
20260822_002534_FJFBWS,train
20260822_002544_BAFJFJ,train
20260822_002713_VYCLKJ,train
20260822_002834_MKRZCT,train
20260822_003047_FTBHWK,train
20260822_003232_JBELYK,eval
20260822_003343_FXMXYF,train
20260822_003403_JEUJGZ,train
20260822_003416_QGATXJ,train
20260822_003643_FNVJCG,train
20260822_003649_VMYNQG,train
20260822_003657_GNMPUD,train
20260822_003848_QRHKAP,train
20260822_003954_FJBVDT,train
20260822_004001_PZXXEB,train
20260822_004116_YPUVZD,train
20260822_004324_SXXCHN,train
20260822_004447_PWPFLD,train
20260822_004737_HKRSFN,train
20260822_004743_AQZBHQ,train
20260822_005158_QAWBYN,train
20260822_005242_WUAFCW,train
20260822_005556_TTGSKV,train
20260822_005808_KGAJDN,train
20260822_005911_RGAALT,train
20260822_005954_NBQGAN,train
20260822_010123_PUEZTE,train
20260822_010256_YPJKYT,train
20260822_010516_NXZZXP,train
20260822_010658_VTMREM,train
20260822_010734_BCYFKU,train
20260822_010958_UDXKHE,train
20260822_011104_YLTBGJ,train
20260822_011946_PMSYXV,train
20260822_012055_TYPQRZ,train
20260822_012104_GLCEGS,train
20260822_012148_DPPCYC,train
20260822_012444_VUHYLX,train
20260822_012458_AZTBUX,eval
20260822_012531_LRKXPR,train
20260822_012608_MMQMSG,train
20260822_012842_DKDPDC,train
20260822_012905_HLEJVA,train
20260822_012913_CVNTJW,train
20260822_013009_FLHZLN,train
20260822_013245_HHMCMS,train
20260822_013314_SADXWM,train
20260822_013424_CUDFRZ,train
20260822_013901_PRWUTM,train
20260822_013904_AKVPBD,eval
20260822_014006_NBWQJB,train
20260822_014035_TDHZBK,train
20260822_014124_MBPVAT,eval
20260822_014320_AZHSXR,train
20260822_014336_NSKRQJ,eval
20260822_014406_BDHCTB,train
20260822_014547_KVTAPH,train
20260822_014815_MPHZSA,train
20260822_015034_XUQWQH,train
20260822_015044_CNDSUT,train
20260822_015533_VYDAQA,eval
20260822_015628_MRZNUT,train
20260822_015734_ZVWMLU,train
20260822_020231_MEJLSV,train
20260822_020631_UURCPC,train
20260822_020838_TAUTZG,train
20260822_021309_XVFCNP,train
20260822_021452_FJYTFA,eval
20260822_022201_AFXBTW,eval
20260822_022237_YZHXZX,train
20260822_022416_DMHCZQ,train
20260822_022801_ZPSSJC,train
20260822_023036_QKCHZQ,train
20260822_023118_GSZFRG,train
20260822_023259_HSRQNT,train
20260822_023618_PLVAWC,train
20260822_024138_CCCUEQ,train
20260822_024326_XAGXPE,train
20260822_024331_WNETLR,train
20260822_024551_GVCPZN,train
20260822_024707_QZXLGJ,train
20260822_025016_TRQMAW,train
20260822_025123_YDGJTN,train
20260822_025151_ZWHTYM,train
20260822_025256_HBFUWE,train
20260822_025456_KCXADB,train
20260822_025511_NEUBTD,train
20260822_025512_ABDRCT,eval
20260822_025544_HZJYYC,eval
20260822_025719_EBWASC,eval
20260822_025739_CPNFQT,eval
20260822_025919_RWDQPE,eval
20260822_030052_NFWATV,train
20260822_030210_QUFJPR,eval
20260822_030213_ALAKXP,train
20260822_030425_ECPTKG,train
20260822_030504_JURBMD,eval
20260822_030509_UKXTRM,train
20260822_030518_PDSVFV,eval
20260822_030609_ZNEEFN,eval
20260822_031807_XBUPLA,train
20260822_032226_DAYUTK,train
20260822_032339_KYBHBR,train
20260822_032749_TZHNCD,eval
20260822_032815_NTEKWD,train
20260822_032850_ARECMS,train
20260822_032927_MURCGY,train
20260822_033131_CKBSYX,train
20260822_033528_SSFHWH,train
20260822_033539_PWMUAW,eval
20260822_033808_CXUHYF,train
20260822_033916_GYPUGJ,train
20260822_033925_XGVUSD,train
20260822_034128_HJVNMM,train
20260822_034752_PPQWQK,train
20260822_034831_LTEJGF,eval
20260822_035130_ECVZEC,train
20260822_035704_AHWQJG,train
20260822_035814_UMKJNG,train
20260822_040438_QSWMRQ,eval
20260822_040449_AUASGP,train
20260822_041145_QJVXTR,train
20260822_041146_ZKPTDU,train
20260822_041345_BGJHCL,train
20260822_041527_JCSDTE,train
20260822_041646_RZVZCA,train
20260822_041654_PVRSJN,train
20260822_041840_WJPXHA,train
20260822_043021_LTHUPC,train
20260822_043225_GQTTMF,train
20260822_043343_DGZDTR,train
20260822_044143_FHPFAF,train
20260822_044204_DWSFBV,eval
20260822_044211_AEVXND,eval
20260822_044321_WEXVGB,train
20260822_044456_WJKDCF,train
20260822_044804_GBZFJY,train
20260822_045139_RVTZTW,train
20260822_045220_LVHLEV,train
20260822_045434_BFATJA,train
20260822_045542_MPPLSV,train
20260822_045804_BFAEKF,train
20260822_045928_KPSABX,train
20260822_050014_WPJRZH,train
20260822_050436_YZCHQH,train
20260822_050441_JPLLZT,eval
20260822_050448_TMQMPH,eval
20260822_050455_YNZLSE,train
20260822_050652_RZJFTG,train
20260822_050700_NMLAYV,train
20260822_050715_VHZUTA,train
20260822_050816_ZVKHDJ,train
20260822_050820_XKYFYP,train
20260822_051101_CUJVGF,train
20260822_051105_RRBWRN,train
20260822_051154_QUUYEG,eval
20260822_051222_QJKMXX,train
20260822_051437_XBFMGW,train
20260822_051559_EEJUQV,train
20260822_051648_XLGJPM,eval
20260822_051658_SYHXBB,train
20260822_051753_QQLCTD,train
20260822_051812_FLRBDV,eval
20260822_051817_UQYWHV,train
20260822_051853_KKLVWF,eval
20260822_051925_MVBSNX,train
20260822_052135_KWRZUT,train
20260822_052448_ZMYPPH,eval
20260822_052622_SFWFEN,train
20260822_052825_GREGCJ,train
20260822_053027_EBBTZZ,train
20260822_053323_PELLHV,train
20260822_053430_TNUMDX,train
20260822_053440_ZLKQQW,train
20260822_053527_RWWEMU,train
20260822_053528_WLZDFA,train
20260822_053544_TAMHTQ,train
20260822_053636_HLEKBM,train
20260822_053739_GNMYDW,train
20260822_053743_DLRMDJ,train
20260822_053834_KNGTDB,train
20260822_054000_AJYYJF,eval
20260822_054011_KGRPAR,train
20260822_054948_ZENKEN,train
20260822_055028_VUQHKM,train
20260822_055037_PDDWGM,train
20260822_055112_WVSWAY,train
20260822_055137_LDUJKZ,train
20260822_055148_XLJAUP,train
20260822_055302_VXSWPC,train
20260822_055304_GZEKGT,train
20260822_055545_LBVAFC,eval
20260822_055557_PUPFYM,train
20260822_055614_CHZAXS,train
20260822_055619_VDTTTM,train
20260822_055643_GHLFXE,train
20260822_055759_FXCARL,train
20260822_055827_KZTZDT,train
20260822_055947_VDXQRD,eval
20260822_060332_SELNVJ,eval
20260822_060357_VNGGQX,eval
20260822_060426_ATRPVM,train
20260822_060512_UDVSPK,train
20260822_060525_VKULNC,train
20260822_060657_QAHCYN,train
20260822_061441_KUTMVF,train
20260822_061447_VRGVUY,train
20260822_061507_FCCKGP,train
20260822_061531_XFJEPH,eval
20260822_061543_JAUMED,train
20260822_061746_GVGZDM,train
20260822_061852_RCWVKJ,train
20260822_061921_VMNPUX,train
20260822_061953_MYULAR,train
20260822_062106_PYNFWS,train
20260822_062608_CZQNJY,train
20260822_062626_RCDJVM,train
20260822_062636_VABFCU,train
20260822_062703_CHDNYV,train
20260822_062745_XLPXYQ,train
20260822_062820_FUJJCY,eval
20260822_062844_FLMVVZ,train
20260822_063003_XERKGL,train
20260822_063312_FNEEAR,train
20260822_063411_AXQEKZ,train
20260822_063429_ZVMVQL,train
20260822_063718_WEWDPA,train
20260822_063911_SAUDJS,train
20260822_063934_KVLHQU,train
20260822_064154_ERBBJS,train
20260822_064354_PYKPRN,eval
20260822_064613_AMNRDX,train
20260822_064654_KTADEG,train
20260822_064716_AYNWBK,train
20260822_065226_KLLFKR,train
20260822_065228_HZKLWL,train
20260822_065426_PXHJNN,train
20260822_065530_HMWFBD,train
20260822_065532_KWLNDP,train
20260822_065659_PNJKBC,train
20260822_065808_ZHZJWZ,eval
20260822_065835_KRUSKD,train
20260822_070227_YDPEKS,train
20260822_070229_DYNHAS,train
20260822_070309_YPEHJY,train
20260822_070346_HCAKXR,train
20260822_070438_UAKPDV,train
20260822_071016_SEWVQX,train
20260822_071043_GUJPKZ,train
20260822_071110_VVPDCX,train
20260822_071531_KXJZWB,train
20260822_071700_XVMKMS,train
20260822_072301_EBRSMG,train
20260822_072330_NWNCKT,train
20260822_072406_GUJDWR,train
20260822_072458_TKJLAW,train
20260822_072610_GJJSUA,train
20260822_073001_CERBHG,eval
20260822_073404_DMAHUR,train
20260822_073605_LZGDSQ,train
20260822_073652_CXJQUQ,eval
20260822_073848_KKJFWN,train
20260822_074001_ARKGQK,train
20260822_074155_FPHYUY,train
20260822_074254_ADZDRY,train
20260822_074650_RAWSKT,train
20260822_074739_URDWYQ,train
20260822_075015_ANWGKT,train
20260822_075237_UTHGXL,train
20260822_075418_UAXUWQ,train
20260822_075438_VVTWDU,train
20260822_075523_TKFQZY,train
20260822_075715_UTXHWV,train
20260822_080006_BHPEZU,train
20260822_080248_BPCHLD,train
20260822_080408_NXMWMG,train
20260822_081018_XMMSPN,train
20260822_081131_KXSAZM,train
20260822_081703_JGREPJ,train
20260822_081951_LUMHUA,train
20260822_082017_XTLDTE,train
20260822_082541_LRBZHH,train
20260822_083000_FMFYXK,eval
20260822_083136_GQWBRH,train
20260822_083413_CLSZZV,train
20260822_083447_GAAUCM,train
20260822_083524_CHJAPT,train
20260822_083743_WGWHVE,train
20260822_084535_RCXNVH,train
20260822_084741_KMHMRV,eval
20260822_084939_VAXVYX,train
20260822_085004_YWWKBT,train
20260822_085245_XCBKVS,train
20260822_085551_KQAPGZ,train
20260822_085641_XUJTVZ,train
20260822_090048_XXMXBA,eval
20260822_090054_QNEFDY,train
20260822_090238_FHWYAZ,train
20260822_090518_RGBGNZ,train
20260822_090907_GMYTDY,eval
20260822_091100_MKSSHV,train
20260822_091153_XQNSRS,train
20260822_091550_VAVYKV,eval
20260822_091658_ULYHCR,train
20260822_091755_KUJEYK,train
20260822_091825_EMVGGN,train
20260822_091947_RJMDBR,train
20260822_092046_MZYXHN,eval
20260822_092142_WWHURQ,train
20260822_092147_KKPNEP,train
20260822_092306_FLHZBJ,train
20260822_092348_FFGPLD,train
20260822_093213_QQQMZU,eval
20260822_093217_CETFEE,train
20260822_093541_KZNSSX,train
20260822_094220_RNQSEJ,train
20260822_094648_NXGWFT,eval
20260822_094951_NBLHTV,train
20260822_095302_ACXVZW,train
20260822_095900_JKGEXK,train
20260822_102007_PWQZRF,train
20260822_102150_KWPFRM,eval
20260822_102247_ZXWVEW,train
20260822_102915_NHTFBF,train
20260822_103743_SKBAZW,train
20260822_104005_XTNRPT,train
20260822_104327_CXSUPM,train
20260822_104518_NTGYPP,train
20260822_104534_XGPJHX,train
20260822_104718_GYSCXJ,eval
20260822_105012_YWYMPE,train
20260822_105713_MVXCRM,train
20260822_110644_GBBMEC,train
20260822_111232_EGSJMK,train
20260822_111614_XVXZWE,train
20260822_111651_GFKQHP,train
20260822_111700_LFLFRG,train
20260822_112229_QAQHJQ,eval
20260822_112718_NZVSLZ,train
20260822_112848_VSNPQK,train
20260822_113433_TAMGJE,train
20260822_113553_LFHDRG,train
20260822_115548_SLVHTW,eval
20260822_115734_FPXAMH,eval
20260822_115755_KFTNGP,eval
20260822_121158_KHSRXZ,train
20260822_121319_LXNZMC,train
20260822_121745_UZFKSW,train
20260822_121914_KDLMEB,train
20260822_122611_HPMDXS,eval
20260822_124831_CPRYRT,eval
20260822_130212_VENTKQ,train
20260822_131633_EYFKUN,train
20260822_132414_WHLYBG,train
20260822_133646_WJVTRP,train
20260822_134555_UFYLYV,train
20260822_134748_XCZHGA,train
20260822_134806_ZGLFJL,train
20260822_135611_DTKPTN,train
20260822_135815_GNTHAC,eval
20260822_135837_GYTCDV,eval
20260822_141803_MARLAP,train
20260822_142232_BDZVRW,train
20260822_150252_HLJPQU,train
20260822_151002_QFGXQK,eval
20260822_151647_ZVMEQQ,train
20260822_152010_MMTSHW,train
20260822_153656_CXGJHU,train
20260822_155922_WMLGTE,train
20260822_162818_XDDDBJ,train
20260822_164058_PXJAAB,eval
20260822_230710_HEDFMG,train
20260822_231734_MZNCYL,train
20260822_233512_HJUNYD,train
20260822_233643_BTJEAR,train
20260822_234603_WTPFUF,train
20260822_234921_CZHPTU,train
20260822_235847_TLQJXX,train
20260822_235954_MFATTK,eval
20260823_000449_ZDQQQL,train
20260823_000516_LUQUDC,train
20260823_000526_GBBELN,train
20260823_000532_QRUFDR,train
20260823_000534_DSTDSY,eval
20260823_000635_SGYGHK,train
20260823_000851_DAUWNH,train
20260823_001136_PSFZXJ,train
20260823_001525_VDFWBQ,train
20260823_003045_MEDHED,train
20260823_003057_UGBECY,eval
20260823_003218_NBEDMP,train
20260823_003308_XEBXPL,train
20260823_003421_WJZLCP,eval
20260823_003519_RANBQH,train
20260823_003639_NXRAHD,train
20260823_004201_CGKNYS,train
20260823_004250_QDTQBJ,train
20260823_004354_KZHBPR,train
20260823_004400_XUCSFS,train
20260823_004435_APAGZU,train
20260823_004439_VJKLMU,eval
20260823_004621_CBGZUT,train
20260823_004702_PDYNVS,train
20260823_004943_LADXRU,train
20260823_005036_GFLPUM,eval
20260823_005333_DLBZZF,train
20260823_005406_LWRKKC,train
20260823_005541_YPPNPU,train
20260823_005733_SRCTWY,train
20260823_005805_LUYZAB,eval
20260823_005957_XSXRFC,train
20260823_010007_QHSBNK,train
20260823_010148_FGAXZV,eval
20260823_010217_GCSHJN,train
20260823_010418_LPBMVA,train
20260823_010632_MVZGRP,train
20260823_010913_GLCTVM,train
20260823_011026_JHYBMP,train
20260823_011039_JHQEFB,train
20260823_011532_YFXBYC,train
20260823_011534_TKKPJV,train
20260823_012003_UFSABR,eval
20260823_012057_GLPJAG,eval
20260823_012637_YRTEYQ,eval
20260823_012706_YDYHDW,eval
20260823_012944_ANECJM,train
20260823_013031_NFZRBU,eval
20260823_013546_BPLGME,train
20260823_013855_BJKVNG,train
20260823_014713_FJBDAT,train
20260823_015055_XDQNXS,eval
20260823_015545_TAUFKS,train
20260823_015621_AURWTD,train
20260823_015701_EDNMAU,train
20260823_020251_DLXETT,train
20260823_020423_XMJTPY,train
20260823_020541_ALQYPY,train
20260823_020746_BCAAKS,train
20260823_020945_SALZMF,eval
20260823_020952_KWXSSW,train
20260823_021548_UHPSJL,train
20260823_021635_FRVVLK,eval
20260823_021732_ZGRUCJ,train
20260823_022104_KBQLZR,train
20260823_022826_PBMWAF,train
20260823_023311_HCHFXV,train
20260823_023422_HJYASY,train
20260823_023927_GUYBFM,train
20260823_024205_LGYQBW,train
20260823_024938_YUQCKV,train
20260823_025325_XLRYXV,train
20260823_025440_KJKWYH,eval
20260823_030247_PENCQS,train
20260823_030456_JBFEMY,train
20260823_030504_CHTTDT,train
20260823_030523_JQCNSB,train
20260823_031247_XFUGJV,eval
20260823_031407_PKUJYQ,eval
20260823_031429_RCTNLA,train
20260823_031600_LLESBH,train
20260823_031734_JTGWRY,train
20260823_032642_THJWMY,train
20260823_033100_XFJBGS,eval
20260823_033406_VKUUWY,train
20260823_040606_RHSURD,train
20260823_040818_ZLLCGS,train
20260823_040955_ZNTZYN,train
20260823_041009_BEAQAN,train
20260823_041110_WABCHQ,eval
20260823_041301_PKRREE,train
20260823_041809_BMEADV,train
20260823_042546_CDUPJF,eval
20260823_042908_CSMNUV,train
20260823_043715_LNTYEH,train
20260823_044340_FUABXV,eval
20260823_044409_SUXUBT,train
20260823_044700_JKJEQN,train
20260823_045357_MMZFFH,eval
20260823_050128_RBLZSN,train
20260823_050357_BSFDXD,train
20260823_050455_HYZXCC,eval
20260823_050635_YHQRHC,train
20260823_050713_XHWRNK,train
20260823_051135_HYQWHB,train
20260823_051818_DEAYYE,train
20260823_052035_BTPKLP,train
20260823_052545_LSTRVM,train
20260823_052612_NSZQQB,eval
20260823_053037_DELXPL,train
20260823_053509_PYSLHK,eval
20260823_053630_QWYAKB,train
20260823_053830_DKRJNC,train
20260823_054509_GHDNDT,eval
20260823_054616_ZUEHMU,eval
20260823_055044_WYXEAK,train
20260823_055102_YFJBJC,train
20260823_055221_MTMLVB,train
20260823_055355_ZLXUKN,train
20260823_055813_RGFWMP,train
20260823_055845_FKEFSN,train
20260823_060110_TSTGZZ,train
20260823_060127_ZDFBBY,eval
20260823_060159_WLJWBZ,train
20260823_060419_RKKDPP,train
20260823_060615_QMBPLB,train
20260823_060725_ZAVBJX,train
20260823_061105_XJPHNJ,train
20260823_061448_CKBJUA,train
20260823_061802_STEUYU,train
20260823_061906_KPLQUM,eval
20260823_062136_KVBKCP,train
20260823_062225_VKGJHN,train
20260823_062303_XQEUGW,train
20260823_062505_AGQRDZ,eval
20260823_062640_XXJGRS,train
20260823_063207_BEAHPR,train
20260823_063403_WHRDJA,train
20260823_063533_TSZSZZ,train
20260823_063642_VRLZLB,eval
20260823_063701_BJBNAJ,eval
20260823_063739_XDPNXG,train
20260823_063812_FGHSKR,train
20260823_064524_FYTPPR,train
20260823_064937_SWUPRR,train
20260823_065641_JSDXTC,train
20260823_065716_BURYXE,train
20260823_065911_DJCKMR,train
20260823_065914_KJZTWR,train
20260823_070210_USXDAG,train
20260823_070530_ZTLPYJ,train
20260823_071312_MWWXFQ,train
20260823_071709_EWFAHV,train
20260823_071848_RZZHCW,train
20260823_072344_PVVCRA,train
20260823_072707_GNDJBD,train
20260823_073231_UDXJAH,train
20260823_073708_MYUXMN,train
20260823_073806_SYPRMR,train
20260823_074019_ULTRCV,train
20260823_074703_TRTPNN,train
20260823_075005_QLWEJJ,train
20260823_080441_TATJFS,eval
20260823_080627_MCDXBT,train
20260823_081235_ALAHNS,train
20260823_081429_BNLFPL,train
20260823_082056_XVKNCW,train
20260823_082656_ENBPRY,train
20260823_083128_GYLBCM,eval
20260823_083613_HNHMMQ,train
20260823_083854_KUYERT,eval
20260823_083930_WJRXFR,train
20260823_083931_JXNSKK,train
20260823_084117_WUECLX,eval
20260823_084141_XVKSPS,train
20260823_085141_EQQMWQ,train
20260823_085724_JPMWTN,train
20260823_090304_DXKYUM,train
20260823_091212_WRTMFS,train
20260823_091245_NPTHEY,train
20260823_092240_CDEHSF,eval
20260823_095417_JQJKYG,train
20260823_095601_UKGJHZ,train
20260823_095719_KPDWZQ,train
20260823_100035_SMYBTP,eval
20260823_100454_CWUSWX,eval
20260823_100914_PFVQCP,train
20260823_101623_CGASSC,eval
20260823_101858_VXLATX,train
20260823_103253_AGQPZV,train
20260823_104541_YSGHHU,train
20260823_104808_MXWLDE,eval
20260823_105222_VXJTSN,eval
20260823_105556_KAVETR,eval
20260823_110842_NQXYJC,train
20260823_111610_GPGUUE,train
20260823_120241_GAVHSC,train
20260823_120557_UAGPAB,train
20260823_121728_SPDCAH,train
20260823_122210_HRSMQZ,eval
20260823_122546_KPKPZM,train
20260823_123607_VQEMFJ,eval
20260823_123659_DUPLSU,train
20260823_124136_HMVBHY,train
20260823_124544_BNLNHQ,train
20260823_125218_CGKBHP,train
20260823_125521_WLXGHT,train
20260823_130308_PTWFKA,eval
20260823_131238_MQDKUN,train
20260823_132136_SNYAPH,train
20260823_132434_LUQYMR,train
20260823_133530_TWZYRU,train
20260823_134548_GCHAKG,train
20260823_140054_SGFUFA,train
20260823_140153_FSJGMF,train
20260823_141401_QMHEVM,train
20260823_142344_VXLMBR,train
20260823_142705_NXAMSC,train
20260823_143556_ZXUNHY,train
20260823_145409_LVPZGV,eval
20260823_151357_XGHLPB,train
20260823_151713_XLYHMC,train
20260823_152734_UUEVZL,train
20260823_153752_XPHHAU,train
20260823_195622_ZNUKYS,train
20260823_220205_LPVXPC,train
20260823_222223_GHFUCU,train
20260823_224209_ALBBFP,train
20260823_224946_CYGMLM,train
20260823_232115_XRPXGZ,train
20260823_232209_FJTQBJ,train
20260823_232325_LQSVXP,eval
20260823_232922_YPKMCK,train
20260823_233141_UCZKNL,train
20260823_234336_SXRPCB,train
20260823_235023_FNAMLN,train
20260823_235132_JEVEBC,eval
20260823_235531_GJURVV,train
20260823_235831_ZCTAVD,train
20260824_000038_GDYUKX,train
20260824_000112_HPGEFA,train
20260824_000453_KFUNLC,train
20260824_000627_NBVXHX,train
20260824_000818_AHNTXW,train
20260824_001232_KLSBYN,train
20260824_001403_SFYVGL,train
20260824_001438_NZQFCV,train
20260824_001444_TYGKRW,train
20260824_001530_AKFGDV,eval
20260824_001644_RKWJHV,eval
20260824_001715_WBCUXS,train
20260824_001740_QPNGJV,train
20260824_001758_DNYYUC,train
20260824_001826_UPRDQF,train
20260824_001906_QDKXVW,eval
20260824_002026_UWQVNF,train
20260824_002046_TKEXTU,eval
20260824_002050_THMFQA,train
20260824_002107_AZJKTY,train
20260824_002305_EPXBBD,train
20260824_002753_TQXXBB,train
20260824_002921_EKEECC,eval
20260824_002926_WVTWQM,train
20260824_003027_SVJJZT,train
20260824_003511_LFSNWZ,train
20260824_003513_NADRWA,train
20260824_003616_FJLLFE,train
20260824_003638_EDLSFP,eval
20260824_003647_FZCNMN,train
20260824_003702_CVMSZW,train
20260824_003821_CPBRSU,eval
20260824_003905_QCUNZV,train
20260824_003915_UHWSXF,train
20260824_003953_QRURKT,train
20260824_003957_HZZUHA,train
20260824_004004_XEWGPM,train
20260824_004022_SQANUR,eval
20260824_004155_XVQUDU,train
20260824_004257_QMQJWF,train
20260824_004317_KFCSDK,train
20260824_004323_WHMUFV,eval
20260824_004426_QYMNNJ,train
20260824_004427_UQVCPX,train
20260824_004503_VWJXBT,train
20260824_004522_XYZNQM,train
20260824_004543_XFEZZQ,train
20260824_004607_LZSRLG,train
20260824_004618_CGKWEW,train
20260824_004657_ZSXCSG,train
20260824_004834_RZRALU,train
20260824_004950_KGECJT,eval
20260824_005048_NXRAPC,train
20260824_005115_ZSKVBQ,train
20260824_005128_BXYJQU,train
20260824_005314_ZEGYWV,train
20260824_005543_GVYWZK,train
20260824_005743_NGSJWU,train
20260824_005756_FQNSHG,train
20260824_005939_DNCMTP,train
20260824_010000_VQTAYJ,eval
20260824_010417_KTGPLN,train
20260824_010609_DMXBPK,train
20260824_010705_ASMBVH,train
20260824_010857_TLGSYQ,eval
20260824_011620_TWNVZE,eval
20260824_011651_ZJPTCK,train
20260824_011656_KYDWDM,eval
20260824_011718_LCJBUN,train
20260824_011723_RVWGKK,train
20260824_011728_WXYBJY,train
20260824_011755_QNWMBJ,train
20260824_011812_AXLMGU,train
20260824_011841_FTNCPW,train
20260824_012024_LNTKMT,train
20260824_012140_WXAUEV,eval
20260824_012237_NQNEYN,train
20260824_012258_ETBKGD,train
20260824_012438_YWAUKJ,train
20260824_012504_PQNWUG,train
20260824_012545_PDCBFD,train
20260824_012728_DNDLXN,train
20260824_012819_ZZAAMF,train
20260824_012948_WQHVNT,train
20260824_013123_EPBKHZ,eval
20260824_013241_ECYMAV,train
20260824_013358_VNLXQD,train
20260824_013429_UJLAHC,train
20260824_013732_ZVTQVL,train
20260824_013841_UCZLWA,train
20260824_013908_QAPRTT,train
20260824_014011_AQLYLZ,train
20260824_014205_GBNKBG,train
20260824_014250_NUTZXQ,train
20260824_014522_WLRQZT,eval
20260824_014529_UNUEAF,eval
20260824_014606_UEWMMZ,train
20260824_014637_KLZUDC,eval
20260824_014725_PEPJDG,train
20260824_015117_MUTCQB,eval
20260824_015151_DTMWAR,train
20260824_015406_TGJXHE,eval
20260824_015547_WBAPAR,train
20260824_015647_NMZSSD,train
20260824_015647_XCXBSW,train
20260824_015808_GHZQSL,train
20260824_020348_QGJHDD,train
20260824_020936_YTYMVB,train
20260824_020959_MTFATH,train
20260824_021023_VTCEHC,train
20260824_021241_CJVSYM,train
20260824_021311_CVQKYN,eval
20260824_021602_JJGDCQ,train
20260824_021654_DMWTLK,train
20260824_021710_UDKEDG,eval
20260824_021940_LRMXFQ,train
20260824_022056_FNKGJB,train
20260824_022127_MRXTHH,train
20260824_022200_YYVDZX,train
20260824_022231_KYTQQG,eval
20260824_022309_CKUSQZ,train
20260824_022434_DMJQDQ,train
20260824_022529_GKGWVC,train
20260824_023100_VXRJXM,train
20260824_023547_FHPTWC,eval
20260824_024514_TEDWVB,train
20260824_024620_PEJACV,train
20260824_025032_CGZADB,eval
20260824_025158_JTKWHL,train
20260824_025327_QGJKBR,train
20260824_025505_BQCXEZ,eval
20260824_025641_LLZEVE,train
20260824_025831_UBMLKP,eval
20260824_025947_MQZJJX,train
20260824_025953_LMVWNV,train
20260824_030046_DCJKHM,train
20260824_030202_JAYTAT,train
20260824_030241_EMPBGZ,eval
20260824_030353_DYAUXZ,train
20260824_030800_KKFTBF,train
20260824_030858_QPFBQH,train
20260824_031119_ZXNCJW,train
20260824_031143_DNSBJP,train
20260824_031238_KQNTYD,train
20260824_031415_XXFDZT,train
20260824_031620_SFXASV,train
20260824_031623_TQZLJP,train
20260824_031944_CZJCRD,train
20260824_032115_FBERUJ,eval
20260824_032715_RMHDXD,train
20260824_033052_YBSZLB,train
20260824_033410_SWRFSA,train
20260824_033525_AMUTBA,train
20260824_034134_AMDSJX,train
20260824_034253_TPDZHB,train
20260824_034304_YMTNXM,train
20260824_034318_CAERAY,train
20260824_034517_THSBZH,train
20260824_034630_ULNKLS,train
20260824_034935_KQFHFB,eval
20260824_035047_RRJTAV,train
20260824_035145_KTVQZY,train
20260824_035914_EEYEKM,train
20260824_040519_TUPKJR,eval
20260824_040752_FWZUMB,train
20260824_040940_ECVSLZ,eval
20260824_040944_LQCFYS,train
20260824_041049_QTQCHV,train
20260824_041134_UWYQNK,train
20260824_041806_ATWYAA,train
20260824_041957_MJBPJD,train
20260824_042047_LPERMQ,train
20260824_042305_QMCFUE,train
20260824_042307_VCJURW,train
20260824_042440_BMFCRA,train
20260824_042959_XZHZCT,train
20260824_043213_CTQBBT,train
20260824_043246_JQSDRN,eval
20260824_043427_SHMRGA,eval
20260824_043832_FKYYKJ,train
20260824_044059_RPRATL,train
20260824_044412_QVNBAN,train
20260824_044631_LADTUE,train
20260824_045235_ZDVDJH,train
20260824_045319_DCRDMS,train
20260824_045642_HNUPMP,train
20260824_045645_BPSGPL,train
20260824_045658_PGUJCH,train
20260824_045749_ZPWWJJ,train
20260824_045752_JMHZRC,train
20260824_050027_NUGMWU,train
20260824_050108_JLEXNJ,train
20260824_050137_JSBHJE,train
20260824_050151_JEHEDR,train
20260824_050224_VPTHKN,train
20260824_050331_CGVJXE,train
20260824_050332_FBGSYT,train
20260824_050334_ADETSE,train
20260824_050340_FBLLCH,train
20260824_050629_WJSPEL,train
20260824_050658_EFGCPS,train
20260824_050712_SPTNUQ,train
20260824_051017_QWSLAF,train
20260824_051322_MYUQAV,train
20260824_051532_ZDAGBN,train
20260824_051711_THTAWJ,train
20260824_052158_WRYAHV,train
20260824_052445_UGJCLK,eval
20260824_052528_FLFDFR,train
20260824_052801_UWBKJX,train
20260824_052939_KSHMUJ,train
20260824_053013_MSLMWN,train
20260824_053034_QXSAHR,train
20260824_053152_DSRJKN,train
20260824_053309_PAHEXG,train
20260824_053344_KRHVDL,train
20260824_053654_ANBUJU,train
20260824_053805_RMQNGH,train
20260824_053821_JBHUFD,train
20260824_053831_HNYSPE,train
20260824_054033_DAUUZL,eval
20260824_054113_BPNHXY,eval
20260824_054132_YRTQLG,train
20260824_054216_XFTXNT,eval
20260824_054240_GZAXHJ,train
20260824_054411_TBZWLY,train
20260824_054541_TYASVK,train
20260824_054601_HKFHVA,train
20260824_054647_NNAYRA,train
20260824_054656_GKENYY,train
20260824_054839_ANDTNG,train
20260824_055003_JGXCFF,eval
20260824_055008_QBDUNJ,train
20260824_055049_XPBPCG,eval
20260824_055053_ZNLBPY,train
20260824_055141_MESLGW,train
20260824_055341_RKZUMB,train
20260824_055404_CSSRAT,train
20260824_055433_VFEAGG,train
20260824_055543_DTDEWQ,train
20260824_055617_JXURUG,eval
20260824_055654_LUCXBH,train
20260824_055743_GBYXSB,eval
20260824_055836_QVYFBM,train
20260824_060111_WHRAQZ,train
20260824_060317_SQDESH,train
20260824_060333_HNPUTD,eval
20260824_060344_WEGWMY,train
20260824_060457_SFTCTQ,train
20260824_060501_HXWCZC,train
20260824_060510_YDYHFM,train
20260824_060528_XRGFLH,train
20260824_060613_YEELEP,train
20260824_060719_RPBKXA,train
20260824_060723_CACDFZ,eval
20260824_060804_EALXJT,train
20260824_060821_PAEUSR,train
20260824_060842_FSKNRJ,eval
20260824_060917_VUXGYJ,train
20260824_060924_PGVEGQ,train
20260824_061140_YWLJEK,train
20260824_061235_NGTBVT,train
20260824_061324_AASMUJ,train
20260824_061553_TTKDXV,train
20260824_061714_BWDUYQ,train
20260824_061813_XRVHKP,train
20260824_061821_DZCYDM,eval
20260824_061838_PSHMMJ,train
20260824_061920_QBEPYD,eval
20260824_061957_EENJRZ,train
20260824_062013_DWUNGH,train
20260824_062026_XKBXBZ,train
20260824_062347_YVSNBE,train
20260824_062457_SYVADG,train
20260824_062701_MTAUXY,train
20260824_062757_YCHRPK,train
20260824_063024_AVBLHN,train
20260824_063111_HELGVJ,train
20260824_063337_FUBUDQ,train
20260824_063404_KCKRVZ,train
20260824_063445_QNRYDQ,train
20260824_063639_BJZLDN,train
20260824_064016_BPZDZM,train
20260824_064031_MXGJDS,train
20260824_064044_RVMNTZ,train
20260824_064053_DRXMWP,train
20260824_064252_PSVMSB,train
20260824_064318_FRNSZT,train
20260824_064414_AKUXWU,train
20260824_064433_XBKQTS,train
20260824_064602_FRCRLY,train
20260824_064910_GWBYVJ,train
20260824_064911_XWNNZU,train
20260824_065337_FWDMVP,train
20260824_065416_CNMLWV,train
20260824_065631_ZCWXQR,train
20260824_065956_XLVTWW,train
20260824_070030_AEJQWP,train
20260824_070406_CDYDCR,train
20260824_070433_PCSBUF,train
20260824_070946_MPLKST,train
20260824_071019_FEVUWW,eval
20260824_071129_EJKJGJ,train
20260824_071415_KWXWPC,train
20260824_071451_MWQVXM,train
20260824_071634_PDURDV,train
20260824_072039_WBBMKF,train
20260824_072416_KDENHJ,train
20260824_072452_NELFLV,train
20260824_073053_ZCTXYM,train
20260824_073242_SCQYMR,train
20260824_073304_ELFAHW,train
20260824_073309_QTLFDL,train
20260824_073536_XTGNNJ,train
20260824_073638_BPGDZW,train
20260824_073855_BDEJVA,train
20260824_073943_ACZRTP,train
20260824_074247_JNYMRT,eval
20260824_074921_KZAGRE,eval
20260824_075023_QPSQJT,train
20260824_075119_ZMCDCD,train
20260824_075149_ZHQGFB,train
20260824_075503_VGUNYT,train
20260824_075510_WTWDRV,train
20260824_075909_JHMQSR,eval
20260824_080121_WMRMML,eval
20260824_080344_VQQGVS,train
20260824_080621_CYKNRK,train
20260824_080740_HXMTHE,train
20260824_080828_ULFPEW,train
20260824_080858_ESTYXX,train
20260824_081611_RKSJZJ,eval
20260824_081637_MUDMNV,train
20260824_081718_XBUYUE,train
20260824_081854_ZYUDWE,train
20260824_082044_TUZPFX,train
20260824_082140_LVBMQB,train
20260824_082402_KLSTPX,eval
20260824_082442_SFEXLA,eval
20260824_082825_XSEKYH,train
20260824_082947_YLTXPT,train
20260824_083141_GBUJGC,train
20260824_084022_MLGBWV,train
20260824_084218_DRNWXB,train
20260824_084246_MMFDAW,train
20260824_084714_FWNRZP,train
20260824_084851_TPUNEG,train
20260824_085642_ACWGHW,train
20260824_085742_MENLQF,train
20260824_085805_MADUQT,train
20260824_085950_VGJWCQ,train
20260824_090124_VHETAC,train
20260824_090936_BCZRTN,eval
20260824_091716_KGGDUQ,eval
20260824_092000_LFMWRA,train
20260824_092402_NJQUSZ,train
20260824_092446_VGZCYX,eval
20260824_092457_JTDUAD,train
20260824_092558_YCBBVJ,train
20260824_092851_HPWPRZ,train
20260824_093104_UYEJGL,train
20260824_093259_RLASHK,train
20260824_093311_AZFJDR,eval
20260824_094403_KRBXVJ,train
20260824_094522_QYTBXD,train
20260824_095359_ZVCRYG,eval
20260824_095958_BKWUBE,train
20260824_100058_VTXJNK,train
20260824_100128_JEVJCT,train
20260824_100753_ZGPJFX,train
20260824_101100_HNRCZL,train
20260824_101114_STHUPH,eval
20260824_101133_HKRBYR,eval
20260824_101208_GUWFNZ,train
20260824_101528_SBWWWV,train
20260824_101759_LTEVKZ,train
20260824_102303_MLQRJA,eval
20260824_102614_UUVSPP,eval
20260824_103045_TNXWZX,eval
20260824_103520_ERMLAF,train
20260824_103621_WYFBWC,train
20260824_103841_XLZCPE,train
20260824_104006_ZPVPLJ,eval
20260824_111215_HXYHJA,train
20260824_111245_JPGLTE,train
20260824_111842_BNPSCV,eval
20260824_113144_TLMYHR,train
20260824_113204_WQVSPY,train
20260824_113414_LZNDDT,train
20260824_114214_MNZCAD,train
20260824_114537_BTMCRH,train
20260824_114627_YDYRXQ,train
20260824_115225_QEBKLL,eval
20260824_120048_KNBNJB,train
20260824_120443_RRYTXJ,train
20260824_121639_CCCDFQ,train
20260824_122719_CLNBPA,train
20260824_124252_LCAPCM,train
20260824_130442_SGFWFG,eval
20260824_130650_GNSCKY,train
20260824_131759_LPSTGT,eval
20260824_132101_MGGQLJ,train
20260824_134838_TEZKKW,train
20260824_140626_CRPBHM,eval
20260824_141751_SBDJLW,train
20260824_142739_VWDFXQ,train
20260824_144304_CWVSJD,eval
20260824_145402_GXQZHB,train
20260824_150942_PPHLTS,train
20260824_152141_ZSJATQ,train
20260824_155119_CRFCDN,eval
20260824_161614_AHXHRD,train
20260824_162513_LEHCNS,train
20260824_162922_KQCFVE,train
20260824_172703_LUTFEQ,eval
20260824_175808_HBWZEG,train
20260824_213707_ATUEKS,train
20260824_222334_MDSKLV,train
20260824_224832_HFSDKD,train
20260824_230219_VMGQES,train
20260824_230423_ZPVHXQ,eval
20260824_230847_FTFXXN,train
20260824_231252_QVAXZL,train
20260824_231707_CNRHHD,train
20260824_232553_XUCVMC,train
20260824_232625_AJCELP,train
20260824_232632_BPWPKW,train
20260824_233124_XRFFVZ,train
20260824_233252_ERGTQC,train
20260824_233821_VTQAMQ,train
20260824_233932_SFNSLC,eval
20260824_234415_KSEAMG,train
20260824_234510_SJGTJS,eval
20260824_234845_YHJJMZ,train
20260824_235055_XRBTWT,train
20260824_235333_FUXALC,train
20260824_235513_SSMXQS,train
20260824_235718_HBZHKZ,train
20260825_000147_ZLEHCW,eval
20260825_000217_KTQDHP,train
20260825_000317_DRQGDQ,train
20260825_000329_YYWKEG,train
20260825_000429_CSDVEP,eval
20260825_000536_WMKQTA,train
20260825_000603_WTBABQ,eval
20260825_000913_AGTAJF,train
20260825_000932_TYWRCT,eval
20260825_001057_LCUDDX,eval
20260825_001216_RVDUBR,train
20260825_001237_SRFEUH,train
20260825_001249_SFCUTP,train
20260825_001304_SLNSQV,eval
20260825_001312_JFXMSP,train
20260825_001553_XGMZMS,train
20260825_001823_TZNXAU,eval
20260825_001930_TFMQNH,train
20260825_001941_NMKTJY,eval
20260825_002013_PYKRJL,train
20260825_002016_HYAYWY,eval
20260825_002226_WDAZZV,train
20260825_002304_SWWNZF,train
20260825_002347_DVAQMC,train
20260825_002610_TGCFBC,eval
20260825_002914_QHKFQQ,train
20260825_003004_WGFYZR,train
20260825_003154_MXBFWJ,eval
20260825_003204_PLNRUK,train
20260825_003210_MJRUVB,eval
20260825_003328_DTZKAA,train
20260825_003412_YZVGLH,train
20260825_003445_JTKAGK,eval
20260825_003546_RRDNSP,train
20260825_003642_DAPNSP,train
20260825_003655_NKFBKA,train
20260825_003721_BPASKU,eval
20260825_003727_CCSRCZ,train
20260825_003807_THMLUC,train
20260825_003838_KEUEMJ,train
20260825_003858_UFHGAK,eval
20260825_003911_KRAMXN,train
20260825_004054_KBWWZT,eval
20260825_004110_LTGAJT,train
20260825_004140_VNVGHR,train
20260825_004155_DZVTLC,train
20260825_004316_WFVUKF,train
20260825_004409_FPNHJM,train
20260825_004413_PJSXAX,train
20260825_004423_TKJKYL,train
20260825_004514_LWNTNQ,train
20260825_004518_NMLCTY,train
20260825_004523_TXKULG,train
20260825_004540_BTFEBY,train
20260825_004816_LQLLXU,train
20260825_004904_AKVNQW,train
20260825_005016_TSDFWA,train
20260825_005116_BYBFZM,train
20260825_005214_DLJNWZ,train
20260825_005218_AZLGJM,train
20260825_005333_MQQAWH,train
20260825_005421_TSHSDW,eval
20260825_005527_AHPZZT,train
20260825_005620_AGQSPE,train
20260825_005622_ZEYYEZ,eval
20260825_010236_DRPBTD,train
20260825_010250_KKXTVV,train
20260825_010255_GQXATE,eval
20260825_010301_JGXSDP,train
20260825_010558_NKJQNP,train
20260825_011014_KLANYZ,train
20260825_011423_EMJZJF,train
20260825_011500_QGZGNM,eval
20260825_011600_UWAPYK,train
20260825_011610_ZRWHGQ,train
20260825_011719_MPZWVR,train
20260825_011830_YCJSJY,train
20260825_011931_KFMRZR,train
20260825_012315_RDHRWS,train
20260825_012512_VTBZKE,train
20260825_012717_FCGMPA,train
20260825_012818_VWDFPR,train
20260825_012828_CZPDDB,eval
20260825_012906_FRUBZK,train
20260825_013138_WSJRXP,eval
20260825_013139_BTDSUX,train
20260825_013235_VBEHBY,train
20260825_013256_LTUMAH,train
20260825_013609_WFSEHF,train
20260825_013953_UVUKQJ,train
20260825_014014_EDXWQB,train
20260825_014030_EDLZCM,train
20260825_014246_AHNXNN,train
20260825_014311_MQLVWJ,train
20260825_014501_JMMJLJ,eval
20260825_014604_JRNVGH,train
20260825_014836_ABLTTQ,train
20260825_014846_SMDWYX,train
20260825_014955_GJHRGD,train
20260825_015151_PKFJTN,train
20260825_015429_ZRWGKY,train
20260825_015535_RSZFZS,train
20260825_015548_TNURDT,train
20260825_015606_QNJYSR,train
20260825_015625_NGUXKW,train
20260825_015753_QXVQTG,train
20260825_015849_YNNQSC,train
20260825_020043_KQUYLG,train
20260825_020227_YLPRCK,train
20260825_020231_EMJWYR,train
20260825_020411_CFBSNP,train
20260825_020559_SPLYRS,train
20260825_020728_PXARFY,train
20260825_020903_PDEPKM,train
20260825_020918_QNYUDA,train
20260825_021028_YRNHNX,train
20260825_021111_XADUPN,train
20260825_021141_UNEGPW,train
20260825_021216_KBUACT,train
20260825_021305_KAPASY,train
20260825_021523_LJUZKU,eval
20260825_021625_RSKEKH,train
20260825_021711_TZLWVT,train
20260825_021720_WBYBVT,train
20260825_021728_FTZGVA,train
20260825_022212_UQVJVQ,train
20260825_022244_JMYNCY,train
20260825_022444_QJAUYX,train
20260825_022726_MRPQYX,train
20260825_022816_GXDVWB,train
20260825_023025_TLPHDP,train
20260825_023247_MTVPFH,eval
20260825_023545_VBFYMG,train
20260825_023700_YXPRCU,eval
20260825_023744_RLPLPW,train
20260825_023807_JCTHQP,train
20260825_023824_XGUBJY,train
20260825_024055_JKSRET,train
20260825_024304_JKKCDJ,train
20260825_024444_ZVVGQX,eval
20260825_024454_LFLSFZ,eval
20260825_025234_MVWEMQ,train
20260825_030008_FMYHHX,train
20260825_030124_VADCNH,train
20260825_030204_NTZKMK,train
20260825_030651_NWWZJU,eval
20260825_030747_TTZJSC,train
20260825_030836_FLBTGM,train
20260825_030959_ZNMMQJ,eval
20260825_031049_HJHCTH,eval
20260825_031300_PAYGLW,train
20260825_031301_MNDSUV,eval
20260825_031310_LKMXDR,train
20260825_031319_JWKUUB,eval
20260825_031419_YQJHTW,train
20260825_031509_EULPMN,train
20260825_031946_XBTDJG,eval
20260825_032056_UQJEAT,train
20260825_032117_MKJURH,train
20260825_032850_VQVRVL,eval
20260825_033024_NSJGKC,train
20260825_033028_MFVKQW,eval
20260825_033109_GQUWDX,train
20260825_033444_PYZFKS,train
20260825_033631_UNQSXZ,train
20260825_033943_XLCQXT,train
20260825_034002_KHQLZT,train
20260825_034009_UFMCDA,train
20260825_034204_JMQDAZ,train
20260825_034223_FFACTC,train
20260825_034252_QCFJTY,eval
20260825_034302_SALAHC,train
20260825_034321_ZSHARB,eval
20260825_034452_ZTAVGC,train
20260825_034825_FPJYHD,eval
20260825_034902_QEWHRS,train
20260825_034951_DXDHTC,train
20260825_035021_NJPRHU,train
20260825_035246_GSYVED,train
20260825_035434_MHBJDY,train
20260825_035755_DXLHZT,train
20260825_040101_HQQGJY,eval
20260825_040524_GAJLCQ,eval
20260825_040657_MTNKVR,train
20260825_040709_RGBUKB,train
20260825_040807_FDYCAN,train
20260825_041031_GDJRNG,train
20260825_042011_HFZBPR,train
20260825_042049_ZEFSCB,train
20260825_042434_YMXQJC,train
20260825_042825_UQBCZA,train
20260825_042940_JXMUVJ,train
20260825_043041_DPXCTR,train
20260825_043041_VWZTVA,eval
20260825_043044_LSJPAM,train
20260825_043053_SGVNJJ,train
20260825_043722_KMSCEG,train
20260825_043758_QAUCXD,train
20260825_043918_XANLQJ,train
20260825_043945_PBGVRE,eval
20260825_044012_DGLRQP,train
20260825_044147_PBWYDC,train
20260825_044151_ZJHNMK,train
20260825_044250_GRBZEP,train
20260825_044514_BHLYYB,eval
20260825_044932_DYEYAR,train
20260825_045328_EBGNVL,train
20260825_045613_SGFECT,train
20260825_045746_VBVBTS,train
20260825_045918_YGRARF,train
20260825_045931_LZDRAA,train
20260825_050202_YGCKJZ,train
20260825_050203_VYXNRM,train
20260825_050242_LQZZCR,train
20260825_050303_DVASSF,train
20260825_050535_USXQFJ,train
20260825_050636_HBNRDL,eval
20260825_050639_YHFCHJ,train
20260825_050644_CMVEKW,train
20260825_050706_ANJKHK,train
20260825_050731_UZKHUR,train
20260825_050759_ZMKPWV,train
20260825_050854_KNQRGH,eval
20260825_050857_LKCAZP,train
20260825_051030_MFYMQG,train
20260825_051303_PKYVDQ,train
20260825_051449_MYKHLZ,train
20260825_051500_WGWSCH,train
20260825_051558_WEBPMT,train
20260825_051619_XFBMQH,train
20260825_051830_EJDWJX,train
20260825_051844_LNSPKC,train
20260825_052021_EAVMVA,train
20260825_052159_LYLEGB,eval
20260825_052251_HNYZCF,train
20260825_052255_FVJYBX,train
20260825_052347_BPHRDY,train
20260825_052358_PYHHLZ,train
20260825_052452_WCFEGS,train
20260825_052512_LCZVPX,train
20260825_052805_WCTXUV,eval
20260825_052852_FFMTCP,train
20260825_053045_XCBZPB,eval
20260825_053226_BGHMJC,train
20260825_053301_NRHGMV,train
20260825_053548_SJAGGS,train
20260825_053633_DKZEUD,train
20260825_053640_STYCUG,eval
20260825_053752_BRJURU,train
20260825_053804_XCRJQY,train
20260825_053832_FBZWBQ,eval
20260825_053859_YGWYSS,train
20260825_053904_TTPCFM,train
20260825_053930_QKWVQW,train
20260825_054048_URMUJH,train
20260825_054202_CHLRSG,train
20260825_054218_PFXGGS,eval
20260825_054252_DJKDZW,train
20260825_054318_SXXKJH,train
20260825_054413_KKJPWG,eval
20260825_054422_PUAAHK,eval
20260825_054427_YEMGHC,train
20260825_054505_AKWXNY,eval
20260825_054508_FRAYRV,train
20260825_054527_ZDGKMU,train
20260825_054538_PKEKGZ,train
20260825_054614_BLYPPQ,train
20260825_054802_VNHVPV,train
20260825_054828_LMQRYS,train
20260825_054828_QMAGHT,eval
20260825_054937_KYEUBC,train
20260825_055042_ASLGSX,train
20260825_055048_WUFWHL,eval
20260825_055051_KSUYCD,train
20260825_055141_VMFRVR,train
20260825_055149_VQXQBE,eval
20260825_055257_TEDKBA,train
20260825_055425_FHDTPE,train
20260825_055526_ASVGPA,train
20260825_055735_PCNQAU,train
20260825_055753_TSRWGN,train
20260825_055800_SQHSGK,train
20260825_055834_AHNUGZ,train
20260825_055851_TLATTH,train
20260825_060242_ZHYCKW,train
20260825_060255_TTQACD,train
20260825_060336_HDDYLA,train
20260825_060340_LECBGK,train
20260825_060507_WZNJVP,train
20260825_060609_UJVJAQ,train
20260825_060612_MCMKEP,train
20260825_060732_UNDEDL,train
20260825_060810_YSBARP,train
20260825_061010_UDSFLX,train
20260825_061118_HBWPKC,train
20260825_061129_SJKGGG,eval
20260825_061137_RKVKCU,train
20260825_061302_ANJRTB,train
20260825_061900_AAJEGT,train
20260825_062002_BTWMRK,train
20260825_062137_CBGDTT,train
20260825_062251_TTYJHH,train
20260825_062345_TRBFYQ,train
20260825_062355_LSRJKD,eval
20260825_062407_JMRCAK,train
20260825_062451_ANHARE,train
20260825_062916_CTVWPU,train
20260825_063116_VQJFHX,train
20260825_063426_KKLQNV,train
20260825_063540_JDYAMM,train
20260825_063623_RRQBCW,train
20260825_063713_EPTYUQ,eval
20260825_063755_FBBSQH,eval
20260825_064141_QTNXGK,train
20260825_064153_ESBUVY,train
20260825_064314_DEZJCV,train
20260825_064349_NLLDRH,train
20260825_064602_YSDXML,train
20260825_064650_RFMUPN,train
20260825_065144_JAZHNG,train
20260825_065215_LEEKDN,eval
20260825_065445_AMUAZR,train
20260825_065638_DHYHUK,train
20260825_065707_FEGBHV,eval
20260825_065908_VKQMSW,train
20260825_070011_EYEBPZ,eval
20260825_070028_RMANJB,train
20260825_070100_ESTRXK,eval
20260825_070434_VAVKAW,train
20260825_070444_UZPFYM,train
20260825_070759_UQYDBS,train
20260825_070917_JGBYXX,train
20260825_071004_LWKCWX,train
20260825_071009_UMHFHQ,train
20260825_071025_WVPKEJ,train
20260825_071146_SXABVE,eval
20260825_071317_BTZCZD,eval
20260825_071333_AZKTVJ,train
20260825_071553_YQFRLE,eval
20260825_071627_JLALVH,train
20260825_071819_YBPZZR,train
20260825_072329_WSBYQQ,eval
20260825_072346_WHXDKL,train
20260825_072541_QXCTJD,train
20260825_072745_VHRASM,train
20260825_072804_JHJTAL,train
20260825_072807_GJPVNH,train
20260825_072852_KECPVQ,train
20260825_073454_TYBNKU,train
20260825_073507_GFHUEC,train
20260825_073519_GGQDJH,train
20260825_073705_CCLYVW,train
20260825_074339_RZYCGZ,train
20260825_074339_WWUTSV,train
20260825_074349_ZWYLDA,eval
20260825_074447_WHYUZC,train
20260825_074528_PLYEMK,train
20260825_074557_WHTNBS,train
20260825_074755_ABYRKY,train
20260825_074908_FEMUXR,train
20260825_074927_LDRJJG,train
20260825_074945_PKKPRK,train
20260825_075009_BXTNKK,train
20260825_075023_EAGDED,train
20260825_075745_KSAXVH,train
20260825_075819_TMMMMG,train
20260825_075959_TKJSCV,train
20260825_080202_ZXXYCF,eval
20260825_080334_PMJRLK,train
20260825_080454_XWTDTY,train
20260825_080754_BWPQYQ,eval
20260825_080817_QTRCHP,train
20260825_080849_PNUBPG,train
20260825_081209_KNNMEN,eval
20260825_081605_AJBUKY,train
20260825_081944_ANQHZE,train
20260825_082128_MPPCTY,train
20260825_082432_GPPPKD,train
20260825_082637_YPSDHC,train
20260825_082728_WKVEAK,train
20260825_083322_VAJWAU,train
20260825_083351_XAGPEC,train
20260825_083904_ASTGNE,train
20260825_084021_JHLPGZ,train
20260825_084052_ZNNFBF,train
20260825_084354_NZPLVW,train
20260825_084358_YZJMAG,train
20260825_084641_HLFARM,train
20260825_084825_JZDGLN,train
20260825_084845_YUHFTD,train
20260825_085224_UMYACF,eval
20260825_085345_NDGBQR,train
20260825_085512_ZSPDKX,train
20260825_085521_PXARFT,train
20260825_085550_NRGVUF,train
20260825_090222_PCKSZG,eval
20260825_090609_VLHTBN,train
20260825_091011_KEXYVS,train
20260825_091054_TBDBPG,eval
20260825_091122_UHDGXX,train
20260825_091610_XNFJCF,train
20260825_091648_RSMPRE,train
20260825_091703_DYFKUT,train
20260825_091859_TQKDQX,train
20260825_091906_GCLUEB,eval
20260825_092314_WDSZMK,train
20260825_092403_QGLFFP,eval
20260825_092505_PCASKJ,train
20260825_092614_MEFAYM,train
20260825_092757_DZUPDR,train
20260825_092837_KPXSYY,train
20260825_093001_NJXDPG,train
20260825_093121_LYXCDE,train
20260825_093214_BZLWCJ,train
20260825_093540_WGQYMW,train
20260825_093950_BHPQHD,train
20260825_094013_NCQZDY,train
20260825_094502_JJHLGW,train
20260825_095410_RPPSYN,train
20260825_100056_ESERNJ,eval
20260825_100327_LTPKFS,train
20260825_100416_QCHXHQ,train
20260825_101139_FSMGMT,train
20260825_101653_NKXRRK,eval
20260825_102108_EVKEBA,train
20260825_102529_YPNFQR,eval
20260825_102732_JDHCYK,train
20260825_102925_MAQGKM,train
20260825_103325_ASKWMJ,eval
20260825_103348_PGEMSP,train
20260825_103538_UCRXAY,train
20260825_103621_CFFPDR,train
20260825_103640_LNZDWW,train
20260825_103721_ZLNDBJ,train
20260825_103809_QEPUMY,train
20260825_103939_WKTBWG,eval
20260825_104109_MYRZQG,eval
20260825_104147_BFVAFP,train
20260825_104237_YHBGFA,eval
20260825_104516_ZXSTHP,train
20260825_104834_JKWFLM,eval
20260825_104907_NQGXLM,train
20260825_105209_NTVKFA,train
20260825_105240_AQWRXT,eval
20260825_105317_FXGDZU,eval
20260825_105425_QXESDU,train
20260825_110227_UTPRPA,train
20260825_110234_JJHVHE,train
20260825_110616_JKHNXW,train
20260825_110710_NRTZNF,train
20260825_111018_FKDVCX,train
20260825_111302_ZSESUW,train
20260825_112040_CRUFEW,train
20260825_112609_WTREXU,train
20260825_114315_XPMPFE,train
20260825_114602_NZYDZJ,eval
20260825_115917_SGSZJG,train
20260825_120844_BZQFBF,train
20260825_121553_UJHPQP,eval
20260825_122632_JWKFHY,train
20260825_123208_NZAEBG,eval
20260825_123253_MAYEYW,train
20260825_130652_LKVRFC,train
20260825_131430_YYJHAE,train
20260825_131647_SSDZDS,eval
20260825_131923_TEUDFN,train
20260825_132621_QKSKUV,eval
20260825_134650_JHTNRH,train
20260825_135634_KVTZTD,train
20260825_135935_PQQLVK,train
20260825_140000_NRDWLP,eval
20260825_141039_JEKAHA,train
20260825_143038_FJPVLL,train
20260825_143338_PUKZPE,train
20260825_143814_NFZDSM,train
20260825_150957_JMKYQE,train
20260825_151546_PSVCHR,train
20260825_152230_KRUWCC,train
20260825_152518_PCPWJL,train
20260825_154026_KUGGZS,train
20260825_160936_TCRAKC,eval
20260825_162249_JKZJBK,train
20260825_170305_CGSLUL,train
20260825_220652_FYWFJH,train
20260825_222132_PNWXYB,train
20260825_223306_SZMCPN,eval
20260825_225143_JVPVYH,eval
20260825_225717_SGLLJS,train
20260825_230310_RCXUUX,eval
20260825_231743_KVFRNC,train
20260825_232220_PWGHSW,train
20260825_233533_AWXCBG,train
20260825_233541_DEKAEK,train
20260825_233843_BBXXGJ,train
20260825_233935_ZMBTYR,eval
20260825_234128_SEBPUJ,train
20260825_234945_NNUAQD,train
20260825_235448_VHHBAP,train
20260826_000235_ECAQTZ,train
20260826_000320_VZYYZL,train
20260826_000446_VKYJNM,train
20260826_000652_MCEHLJ,train
20260826_000723_NYJKNY,train
20260826_000808_SYPQAR,train
20260826_000921_AWTLAK,train
20260826_001127_LEFUKL,eval
20260826_001404_VBLGMG,train
20260826_001417_DZLYFT,eval
20260826_001559_GEBTFJ,train
20260826_001727_JXJPAM,eval
20260826_001728_FNJPNU,train
20260826_001751_GXLZHS,eval
20260826_001824_ZTPCFJ,eval
20260826_001926_NGMLXT,train
20260826_001957_USQLLY,train
20260826_002042_GHKXXK,train
20260826_002205_XNVKFK,train
20260826_002520_EHJQWP,train
20260826_002529_FJQAGE,train
20260826_002535_TPJXUX,train
20260826_002551_HWBLCL,train
20260826_002600_NQMRFR,train
20260826_002840_FBGLMZ,eval
20260826_002845_TWPPLR,train
20260826_002913_EMTMTD,train
20260826_002927_WMQPRD,train
20260826_002932_CFZAFL,train
20260826_003134_KQXQQQ,train
20260826_003153_GBEELC,eval
20260826_003334_GUHBSF,train
20260826_003419_YPWGRQ,train
20260826_003437_VLKCZX,train
20260826_003451_GVNGDH,eval
20260826_003514_VDFMDG,train
20260826_003633_ZPLZZU,eval
20260826_003708_BTXAAQ,eval
20260826_003828_XFJCCA,train
20260826_003913_MPWAGG,train
20260826_004130_MPDQYQ,train
20260826_004407_SPTJLC,train
20260826_004447_RSJNWH,eval
20260826_004647_TYEGQS,train
20260826_004651_VSTRYA,train
20260826_004826_PZRBKL,train
20260826_004939_BLDFBJ,train
20260826_005201_BZHEQM,eval
20260826_005210_ZTSPTU,train
20260826_005313_SRAZUF,train
20260826_005346_XPYQXN,train
20260826_005350_CRWKYP,train
20260826_005504_YWHNGE,train
20260826_005601_CKVTVW,train
20260826_005628_RVHTUQ,eval
20260826_005644_TEAPKX,train
20260826_005827_ZDDYUM,train
20260826_005855_HCSXND,eval
20260826_010352_MSCPLZ,train
20260826_010550_SLRUJS,train
20260826_010604_RFQLLL,eval
20260826_010609_UEVUNQ,eval
20260826_010634_EPGSJY,train
20260826_010959_BSDNYW,train
20260826_011031_CKRJJY,train
20260826_011213_KUDHLB,train
20260826_011309_MXCHBT,train
20260826_011440_FHLHAN,train
20260826_011453_FWJZNK,train
20260826_011521_YWTVMQ,train
20260826_011526_LPDYEU,eval
20260826_011711_XFALRE,train
20260826_011852_LXDEHB,eval
20260826_012058_TFBBHJ,eval
20260826_012154_PZNYRC,train
20260826_012233_MWJSPP,eval
20260826_012355_RHEAPY,train
20260826_012418_HNNGEZ,train
20260826_012635_AEECPT,eval
20260826_012736_VNGCPW,train
20260826_012913_SQAAVF,train
20260826_013318_JFDBGC,eval
20260826_013330_DMDGER,train
20260826_013437_RQQATT,train
20260826_013502_SESHNG,train
20260826_013525_AVLGJL,train
20260826_013707_TBMFRH,train
20260826_013731_GWCHQP,train
20260826_013934_MTJFGA,train
20260826_014056_CHQDTR,train
20260826_014151_DXTEAW,eval
20260826_014355_ZQGXFS,train
20260826_014401_ZUZDQD,train
20260826_014414_CDHNRZ,eval
20260826_014428_VYVUQP,train
20260826_014643_JPHANA,eval
20260826_014645_BPQLCW,eval
20260826_014711_KADZXP,eval
20260826_014820_FSVNNS,eval
20260826_014848_HTLGXN,train
20260826_014920_UAENMY,train
20260826_014933_UTBCFS,train
20260826_015004_ZNWEER,eval
20260826_015251_DGBUXT,train
20260826_015454_YNMXEZ,train
20260826_015504_TTTKAY,train
20260826_015638_DJBAXL,eval
20260826_015708_NKPWXB,eval
20260826_015728_TXEVSF,train
20260826_015811_MWNTYK,train
20260826_020047_EHPDBC,train
20260826_020356_TNRWXG,train
20260826_020541_JDVFYB,train
20260826_020556_TJXWNC,train
20260826_021124_NGDGDS,train
20260826_021134_RDFAZK,train
20260826_021225_NRNVHU,eval
20260826_021231_KHXXFX,eval
20260826_021312_DMWLXA,eval
20260826_021514_VMFECK,train
20260826_021621_ABGFUR,train
20260826_022047_CEZUZJ,eval
20260826_022214_YDBCZP,eval
20260826_022225_YGKPXR,eval
20260826_022719_ZSSMYM,eval
20260826_022856_DXAKSH,train
20260826_023037_SSQKYU,train
20260826_023045_CSQFDE,train
20260826_023509_CYHLRV,eval
20260826_024016_XXJSYJ,train
20260826_024017_DQEFJB,train
20260826_024357_FDASWT,train
20260826_024417_DYLXKD,train
20260826_024418_TKEWUX,train
20260826_024524_FSUFAV,train
20260826_024600_RQTART,train
20260826_025000_MSCPWA,train
20260826_025413_TQQGCN,train
20260826_025629_WJSFZJ,train
20260826_025651_UBGPXD,train
20260826_030000_XYTFDM,train
20260826_030035_NGHKNK,train
20260826_030036_ZYFCBK,eval
20260826_030401_QFJUGL,train
20260826_030903_NHBFMB,train
20260826_030943_HDWCPQ,train
20260826_031003_HRRQYE,train
20260826_031145_QCGTKE,train
20260826_031153_RHLWNE,train
20260826_031326_DJFSYB,train
20260826_031628_FKJPUC,train
20260826_031653_PKMTPV,train
20260826_031741_HGDSAW,train
20260826_031852_RMUWSJ,train
20260826_032043_CPPYZD,train
20260826_032237_EZEXGU,train
20260826_032401_VXWZHK,train
20260826_032453_MNBWNJ,train
20260826_032615_RTGLJB,train
20260826_032635_MUSHCG,eval
20260826_033315_CEKBBH,train
20260826_033402_BTEXGN,eval
20260826_033433_UNCVRR,train
20260826_033550_LFFXMB,train
20260826_033714_EDNPSJ,train
20260826_034551_NAMCFQ,train
20260826_034706_CGHLLU,train
20260826_034951_AWAAFM,train
20260826_035050_LGPKFA,eval
20260826_035114_WXZULD,train
20260826_035408_VXQKRN,train
20260826_035440_ZVEXFE,train
20260826_035731_MKKMSC,eval
20260826_035817_QSZCYR,eval
20260826_035927_YGGPDS,train
20260826_040049_BXMXDQ,eval
20260826_040259_ZNFUDM,train
20260826_040339_TJELWU,train
20260826_040550_ADTPEJ,train
20260826_040706_GZGUBH,train
20260826_040725_EWJSCH,train
20260826_041015_YPCATA,train
20260826_041258_FZNHFE,train
20260826_041517_NGVELC,train
20260826_041520_SKHCMZ,train
20260826_042349_QVFCUG,train
20260826_042407_NMNFFW,train
20260826_043035_AVBBJD,eval
20260826_043204_TCRRTN,train
20260826_043319_LFWLSP,train
20260826_043344_FKDEDJ,train
20260826_043442_YQZTBM,eval
20260826_043447_KSDUYB,train
20260826_043624_RXRARF,eval
20260826_043626_EPEQRG,eval
20260826_043731_JADTSA,train
20260826_043731_TTPFAA,train
20260826_043759_ABKEMD,train
20260826_044023_PUSVUZ,train
20260826_044451_JDRDRA,train
20260826_044524_KDMGQD,train
20260826_044540_HFTQHP,train
20260826_044553_CXBUVW,eval
20260826_044555_XSGUMF,train
20260826_044642_QFRAPZ,eval
20260826_044716_DLRLCT,eval
20260826_044742_LSESZL,train
20260826_044804_NJYQDU,train
20260826_044847_NGYKYK,train
20260826_045150_QBDSBW,train
20260826_045418_EHKWVG,eval
20260826_045612_BUZWTY,train
20260826_045620_DPAVFD,eval
20260826_045901_GJVTDC,train
20260826_045919_WWQTUT,train
20260826_045955_ERQUUZ,train
20260826_050220_HDYMES,train
20260826_050322_BWUGZE,train
20260826_050334_UTZYWC,eval
20260826_050454_KNMFPX,train
20260826_050517_HFRLEK,eval
20260826_050533_KHBXMB,train
20260826_050614_SLYXEL,train
20260826_050635_LSYBZQ,train
20260826_050642_VTVHWN,train
20260826_050756_GFJBPT,train
20260826_051212_QAPBSH,train
20260826_051339_MBKDWZ,eval
20260826_051359_DVVJLK,eval
20260826_051400_YVSHAF,train
20260826_051458_NGLCSY,train
20260826_051743_NDCSKK,train
20260826_051756_WZXHAS,train
20260826_052007_HVPLTC,train
20260826_052130_PBZATV,train
20260826_052225_BCARPF,train
20260826_052331_YXBEUB,train
20260826_052339_YPNUEM,train
20260826_052345_HKATEW,train
20260826_052605_SNUUQZ,eval
20260826_052610_TNUMEF,train
20260826_052645_GLXBPK,train
20260826_052826_ZSNHEF,train
20260826_052851_WTGFXP,train
20260826_052932_TEJJZK,train
20260826_053057_BMQYMY,train
20260826_053233_QRKCRB,train
20260826_053255_VCGFLC,train
20260826_053332_KBTPMP,train
20260826_053435_PWQJDD,eval
20260826_053659_NGYJZH,train
20260826_053751_CMSMRY,train
20260826_053751_NPUZAA,train
20260826_053905_JZXXUF,train
20260826_053938_VZVERJ,train
20260826_054211_GNAFEE,train
20260826_054250_SPCNGH,train
20260826_054303_DPYXZU,train
20260826_054340_KGHVTK,train
20260826_054448_HGMMQN,train
20260826_054527_WAEHYW,train
20260826_054603_ZJSKUW,train
20260826_054735_UYEFNZ,train
20260826_054814_MFAMLR,train
20260826_054841_FABENY,train
20260826_054903_DNGLBA,train
20260826_054907_ZWAZNP,eval
20260826_054923_GNCCEL,eval
20260826_055146_HNULUP,train
20260826_055344_SZPSWN,train
20260826_055413_MSRARZ,train
20260826_055528_CMLHEG,train
20260826_055707_BPGMBA,train
20260826_055711_GASQTJ,train
20260826_055734_VHEHAR,train
20260826_055750_GLTPRM,train
20260826_055810_WGBJKJ,train
20260826_060024_UEXTDV,train
20260826_060213_MQMAQM,train
20260826_060335_PJFPZW,train
20260826_060443_BRJBVS,eval
20260826_060451_UCTZVG,train
20260826_060741_GCDMGW,train
20260826_060845_GJJNDY,eval
20260826_061059_QQWCZD,train
20260826_061121_NNEKXG,train
20260826_061322_WNJUNB,eval
20260826_061416_XTRMDF,train
20260826_061516_YEVQYJ,eval
20260826_061542_UNPKCM,train
20260826_061858_LYYTMF,train
20260826_061921_QEXFAL,train
20260826_062052_SQEYCR,train
20260826_062116_XWAECY,train
20260826_062127_ZARPJN,train
20260826_062142_TETQMW,eval
20260826_062452_DVWXGR,train
20260826_062457_BNTGHB,train
20260826_062519_XTNQSH,train
20260826_062857_DKTVAX,train
20260826_063510_ESBPKB,train
20260826_063524_STZUNC,train
20260826_064025_NNCUYZ,train
20260826_064311_PLKCGC,eval
20260826_064344_PXUAFH,train
20260826_064636_HDPZWJ,train
20260826_064826_KQVPBG,train
20260826_064915_UCRWZP,train
20260826_064921_RGMLFG,eval
20260826_064951_BEDMZR,train
20260826_065007_WCUQYW,eval
20260826_065027_LMWSKA,train
20260826_065039_DWTNJR,train
20260826_065313_WVFXTH,eval
20260826_065352_GTFUXX,train
20260826_065549_PLRSCQ,train
20260826_065609_GCKGTR,eval
20260826_070010_TFKXPU,train
20260826_070232_NMMPQU,train
20260826_070346_AWNDPY,eval
20260826_070542_VXJNXD,train
20260826_071244_FEZWGZ,eval
20260826_071334_HHDHMH,train
20260826_071647_YRYXTF,eval
20260826_071723_JFBWCV,eval
20260826_071903_WRJCMK,train
20260826_071958_VQVLGX,eval
20260826_072014_PURAQW,train
20260826_072033_WVMNNL,train
20260826_072733_APZFRR,eval
20260826_072800_MVCRFX,eval
20260826_072909_TZYPRF,train
20260826_073025_WMYNYC,eval
20260826_073233_GRWFKJ,train
20260826_073318_GJTMGM,train
20260826_073334_AVFCXY,train
20260826_073451_UFLVBL,train
20260826_073624_UTHZRC,eval
20260826_073711_QMMLQL,train
20260826_074017_EPXFPH,train
20260826_074210_FDFPQM,train
20260826_074347_KMWZXU,eval
20260826_074447_UGSUSE,train
20260826_074519_TYCWQK,train
20260826_074532_GLRDQM,eval
20260826_074701_VETDXG,train
20260826_074730_DLLRVX,train
20260826_075200_AADVSB,train
20260826_075327_ALYSBD,train
20260826_075439_KCNKDH,train
20260826_075611_GMKFDT,train
20260826_075705_VBSGPS,train
20260826_075736_RCTKXH,train
20260826_075743_TYDVSC,train
20260826_080046_LEVEQZ,train
20260826_080049_SHDMYC,train
20260826_080231_KGGRSR,eval
20260826_080309_WQYRDU,train
20260826_080429_PHDHHR,train
20260826_080455_HLDJXQ,train
20260826_080538_HQKAUJ,train
20260826_080610_AUNJQC,train
20260826_080719_JWKSCT,train
20260826_080846_EYVENA,train
20260826_080915_MFXDLW,train
20260826_080927_UXMYWA,train
20260826_081013_NCEZHR,train
20260826_081141_ZXANYP,train
20260826_081552_ZHQUBF,train
20260826_081602_XVEYHN,train
20260826_081608_VMNYED,eval
20260826_081638_EWZALP,train
20260826_081754_MSSXJR,train
20260826_082001_FUQCRS,train
20260826_082002_HYRCNP,eval
20260826_082309_YXYNMJ,eval
20260826_082420_LACVQB,train
20260826_082700_SJXSEH,train
20260826_083108_EUAQPY,train
20260826_083319_VZAQNN,train
20260826_083406_UDBXWD,train
20260826_083556_EFBKXD,train
20260826_083616_JUYBYR,train
20260826_083850_DNATBW,train
20260826_083916_NHTAQY,train
20260826_084019_XVLWCS,train
20260826_084023_UHEWJT,eval
20260826_084504_HQVACP,train
20260826_084758_TJRAZK,train
20260826_084842_DRUXJV,train
20260826_084959_SAUVFJ,train
20260826_085010_QCUBPB,train
20260826_085101_WCQRZZ,train
20260826_085504_YGNKDW,train
20260826_085553_DHFPRG,train
20260826_085602_TXHWDZ,train
20260826_085635_ZMARLH,train
20260826_090251_DRSVHL,train
20260826_090430_SQUFMX,train
20260826_090514_XGLWVE,train
20260826_090707_KNZTAK,train
20260826_090753_TWRMTA,eval
20260826_090849_ZNJQMN,eval
20260826_090908_BQDBSE,train
20260826_091459_LKQFUF,train
20260826_091511_SYZXRR,train
20260826_091542_XZGQZE,eval
20260826_091753_FHUXEZ,train
20260826_092201_EKCZVM,train
20260826_092334_VWSJZM,eval
20260826_092501_WNKWXU,train
20260826_092517_ZYXFPS,train
20260826_092549_QVSRSP,train
20260826_092558_XSVVPX,eval
20260826_092620_HNZCAA,train
20260826_093145_DZNZER,eval
20260826_093300_WFKPKC,train
20260826_093345_XEKMRY,eval
20260826_093401_HSTBCY,eval
20260826_093528_ZWSQYQ,train
20260826_093824_UASHTP,eval
20260826_094022_QNPYDD,train
20260826_094047_RJUNHZ,train
20260826_094552_XAZSMF,train
20260826_094622_KYKTLN,train
20260826_095116_VZQBKW,train
20260826_095244_GAGYPS,eval
20260826_095336_QYULEZ,train
20260826_095404_ENPUAP,train
20260826_095537_KFHPCK,train
20260826_100215_ZVNQYN,train
20260826_100307_BETNFJ,train
20260826_100815_YEEKAZ,train
20260826_100821_AGELLQ,train
20260826_100943_KWBYFY,train
20260826_101201_CQBUAX,train
20260826_101353_JPNYDL,eval
20260826_101649_NZXBDP,eval
20260826_101810_EAGBLH,eval
20260826_102552_UXMGSA,train
20260826_102615_MAFYVX,train
20260826_103154_NTNUCH,train
20260826_103412_CAFCJT,train
20260826_103457_KMWXVV,train
20260826_103604_JVJWCA,train
20260826_104022_TSSBML,train
20260826_104253_NPNTBK,train
20260826_104309_MSHLHS,train
20260826_104541_ASWGXZ,eval
20260826_104550_BTJZJX,train
20260826_104811_XUMLQU,train
20260826_105650_GTVDWA,train
20260826_105707_CVXATF,train
20260826_110556_ERSGNC,train
20260826_110631_DLVSQC,eval
20260826_111319_KDDDXR,eval
20260826_111732_XLBWQB,train
20260826_111947_BRHNRA,train
20260826_112159_MPVMGP,train
20260826_112353_YQEAQN,eval
20260826_112601_YMKNWD,train
20260826_112637_PXUXFY,eval
20260826_112855_AWVXWF,train
20260826_113452_TCSKTV,train
20260826_113501_EDRURD,train
20260826_113525_YAWDFY,eval
20260826_113809_DJRWCC,train
20260826_114440_HWQJZV,train
20260826_114511_MASSVA,train
20260826_114716_QMZKKS,train
20260826_114845_XWEDQW,train
20260826_115407_ULNGWU,train
20260826_115647_EKGWUC,eval
20260826_115833_ZAVETY,train
20260826_120639_EQHTQB,eval
20260826_120644_ANQLVN,train
20260826_121548_WMDSNM,train
20260826_123337_KAWTUJ,train
20260826_124133_UDPSRR,train
20260826_125152_BDAXKM,train
20260826_125408_KJMZVX,train
20260826_125616_WLFEDY,train
20260826_130634_LCEBPU,eval
20260826_130713_FLJSVN,eval
20260826_132844_AWBVGU,eval
20260826_133139_UYKNUP,eval
20260826_133518_RYHDTX,eval
20260826_134919_DNUJTJ,train
20260826_135440_SDQGVV,train
20260826_140926_NSYFFJ,train
20260826_141400_GLFGBJ,eval
20260826_142341_MHWBER,train
20260826_144453_VLEEAS,train
20260826_144551_LDDQMB,train
20260826_145526_WUQUGH,eval
20260826_150404_EEXSNZ,train
20260826_151121_JFCGNQ,train
20260826_152442_YRSFXA,train
20260826_152738_BMUKGH,train
20260826_152838_QQWDLW,train
20260826_155332_ZKFBBP,eval
20260826_161041_HVXNZL,train
20260826_161602_PFWNZG,eval
20260826_163100_ATNHZN,train
20260826_164152_KPUHDB,eval
20260826_165723_CMHDAF,train
20260826_170839_JWXREB,eval
20260826_184455_FPCZTT,train
20260826_220023_QBHBSR,train
20260826_224703_NNXDQL,train
20260826_225219_QXTDET,train
20260826_225358_RJKUUL,train
20260826_231443_ZRXMCG,train
20260826_231544_YEYLEL,eval
20260826_232055_RYDULF,train
20260826_234542_PFCKKF,train
20260826_235013_QKWVGH,train
20260826_235251_ATCSJT,train
20260826_235639_XKTZMY,train
20260827_000152_UGTXUW,train
20260827_000250_BMUVNJ,train
20260827_000302_KERKCP,train
20260827_000308_AZWYFH,train
20260827_000543_RNZZVN,eval
20260827_000603_LZNPQK,train
20260827_000829_KTYYHL,train
20260827_001017_TFULGC,train
20260827_001423_BCUFFK,eval
20260827_001424_JWUVNG,train
20260827_001545_QXHCEY,train
20260827_001616_DEJMNJ,train
20260827_001622_VKFJBY,train
20260827_001808_UXLJPD,train
20260827_002032_XZYPPU,eval
20260827_002150_YYJURX,train
20260827_002344_GFBLMC,train
20260827_002506_BXBEQQ,train
20260827_002506_NNCVFH,train
20260827_002731_LKEVTJ,train
20260827_002925_RRNDPB,train
20260827_003219_FJTLJK,train
20260827_003251_QBWFBH,train
20260827_003416_FVCYAA,train
20260827_003543_RUJBZY,train
20260827_003904_ZCTPAG,train
20260827_003917_BYFRAU,eval
20260827_004039_PJJZPG,train
20260827_004138_NAZKYJ,eval
20260827_004331_ZSVBRV,train
20260827_004545_ULKGTL,train
20260827_004651_LTTQWS,train
20260827_004706_SFZTQE,train
20260827_004727_VQCKLZ,train
20260827_004745_MZYEYL,eval
20260827_004814_GJEHUY,train
20260827_004901_SSLXTT,eval
20260827_004929_LBFPAJ,eval
20260827_005235_FZAEGD,train
20260827_005503_BTCBDZ,eval
20260827_005715_ABLUBL,train
20260827_005818_HWDKBQ,eval
20260827_005829_WYPCXA,train
20260827_005843_ZBRQRN,train
20260827_005959_UMFBDU,train
20260827_010003_QUZYUL,train
20260827_010130_LLMKZD,train
20260827_010227_QYUZFG,train
20260827_010231_DQDDVK,train
20260827_010347_AGGFFX,eval
20260827_010353_TUTVTU,train
20260827_010358_MVMPLQ,train
20260827_010512_MKTNUC,train
20260827_010526_ZWHHYC,train
20260827_010954_FZYAXA,train
20260827_011024_VHCDTP,train
20260827_011049_TAXCMQ,eval
20260827_011212_RFDMCE,train
20260827_011341_VHXARV,train
20260827_011410_WXSVUX,train
20260827_011716_PETQWS,train
20260827_011727_VYAPXV,train
20260827_011848_LGVBZB,train
20260827_011929_CMYYXX,train
20260827_012029_NCMNQR,train
20260827_012049_YDGFHR,train
20260827_012145_WJZYBD,eval
20260827_012210_RZKBWV,train
20260827_012310_PDXQSW,train
20260827_012713_MQADSY,train
20260827_012715_QLGHHK,eval
20260827_012934_USLHUU,train
20260827_013208_CATTJD,eval
20260827_013337_KQZSGL,train
20260827_013400_GNWMAV,train
20260827_013628_DJYBVW,train
20260827_013831_PTNWZW,train
20260827_014022_ZPFZWJ,eval
20260827_014344_TDWZLZ,train
20260827_014637_PSKNWY,eval
20260827_014830_YDUJWD,eval
20260827_014833_YGQSRP,eval
20260827_014918_KVAALV,train
20260827_015027_PKTDEU,train
20260827_015044_JVYYPX,train
20260827_015159_SWLRXJ,train
20260827_015346_NUHVHL,train
20260827_015427_CQTGNT,train
20260827_015719_BAVJSW,train
20260827_015816_PEWZJZ,train
20260827_015822_DPPSCU,eval
20260827_020107_BXNDDC,train
20260827_020119_EEPVQJ,train
20260827_020239_XVFQZE,train
20260827_020424_AKNBEA,eval
20260827_020504_HYLSCQ,train
20260827_020547_UFKXRK,eval
20260827_020554_FDRDPK,train
20260827_020556_AATQJM,train
20260827_020821_TUVZZJ,train
20260827_020837_MQBABP,train
20260827_020907_YBGPHY,train
20260827_020937_YFBRCC,train
20260827_021249_WSDXWM,eval
20260827_021504_BEERMA,eval
20260827_021600_LCGZKD,train
20260827_021616_WYGMRJ,train
20260827_021805_TLVLQY,train
20260827_021838_YFFNVN,train
20260827_021934_VEDANH,train
20260827_022034_PWCDPH,train
20260827_022100_GYTRFP,train
20260827_022305_GWLJZL,train
20260827_022527_KBZKTA,eval
20260827_022752_KCXGQJ,train
20260827_023044_AEQSMB,train
20260827_023127_ZECJGU,eval
20260827_023423_RYDKSX,train
20260827_023448_KFQPYX,train
20260827_023800_DDCRWA,train
20260827_023854_GTZWJN,train
20260827_024049_KGEKQY,eval
20260827_024208_HZVYUX,train
20260827_024912_ZTVXVF,train
20260827_024915_YRHQLY,eval
20260827_025008_MAYYRQ,eval
20260827_025320_EZLUGW,train
20260827_025326_GALEAL,train
20260827_025343_FMNLYH,train
20260827_025636_VDMFKF,train
20260827_025741_NJDPRW,eval
20260827_030120_TDXAKN,train
20260827_030140_HQPWQA,train
20260827_030253_PQRFLB,train
20260827_030433_VESTKU,train
20260827_031318_HRWGRA,eval
20260827_031355_SRPHXH,train
20260827_031423_ZNGFLU,eval
20260827_031428_PKAXCE,eval
20260827_031741_UPCCZV,train
20260827_031742_ECAMVN,train
20260827_031823_FADYQR,train
20260827_031823_REPCBX,train
20260827_032109_QXRMHP,eval
20260827_032347_EMNKQR,train
20260827_032823_XFRWGG,train
20260827_033831_FLTHPC,eval
20260827_034105_JXKNLQ,train
20260827_034156_VSBUFR,train
20260827_034346_MBXRAF,eval
20260827_034446_MELWRU,train
20260827_034501_FSULPJ,train
20260827_034744_UVZMCV,train
20260827_034812_FZRTSV,train
20260827_035113_UUJZZN,eval
20260827_035456_ANGUSL,train
20260827_035531_PRJGSG,train
20260827_035755_TGQJHR,train
20260827_040343_JZKTBP,train
20260827_041031_PQZQVC,train
20260827_041045_MVHUKP,train
20260827_041148_DGSZTL,train
20260827_041842_TXAXCF,train
20260827_042257_PVBZCY,train
20260827_042407_NHTXAY,train
20260827_042753_CEXCQY,eval
20260827_042833_YHGVSX,eval
20260827_042940_LLCTCS,train
20260827_043014_CVFQLD,train
20260827_043119_FMZYFX,train
20260827_043839_RBSANT,train
20260827_044544_VHFNUV,eval
20260827_044658_TQFKJR,eval
20260827_044726_EFZYGM,eval
20260827_044914_UJDDKE,train
20260827_045026_SGRXPS,train
20260827_045027_FYHPXM,eval
20260827_045121_EGTTVQ,train
20260827_045333_QMZLFX,train
20260827_045522_ZZEYRP,eval
20260827_045617_SMBBXV,train
20260827_045659_CTYGSZ,train
20260827_045715_TNLSKG,train
20260827_045804_JTXATX,train
20260827_045941_QJDNFF,train
20260827_045948_XWZLJV,train
20260827_050331_FZEJCB,train
20260827_050353_NQVCAH,train
20260827_050511_QRNZVP,eval
20260827_050529_EGRLVK,train
20260827_050752_HMEUQF,train
20260827_050912_WRDADY,train
20260827_050944_EGAUBV,train
20260827_051001_RZCUTJ,eval
20260827_051054_KCKGMW,train
20260827_051119_JHWYGT,train
20260827_051124_AKLLDB,train
20260827_051125_ZBVHEX,train
20260827_051316_LNLWWT,train
20260827_051614_UXSQDK,train
20260827_051636_BWLERV,train
20260827_051757_VEBLYE,train
20260827_051758_AXNNLJ,train
20260827_051823_VAMUPX,eval
20260827_051911_UDXBBJ,train
20260827_052230_AZWCYU,eval
20260827_052304_DKKVVP,train
20260827_052404_HSRHYD,train
20260827_052602_QECZBT,train
20260827_052603_PNTZJJ,train
20260827_052842_SJKXEJ,train
20260827_052923_CXFEYW,train
20260827_052946_KZJNWY,train
20260827_053029_PAUBRH,train
20260827_053204_LZHHEM,eval
20260827_053301_ANHDYM,train
20260827_053327_TENRNW,train
20260827_053340_XLPEBS,train
20260827_053425_QKKBLK,train
20260827_053714_UXVDJS,train
20260827_053824_GYEVGB,train
20260827_053911_YFDMVE,eval
20260827_053943_RGESTB,train
20260827_054032_ZRXYBG,train
20260827_054104_PJRQBZ,train
20260827_054107_TXAYYY,train
20260827_054132_LVDTTP,eval
20260827_054451_BPAXJA,train
20260827_054623_ZKCLUG,train
20260827_054647_BAHPDF,train
20260827_054813_ZKUTVZ,train
20260827_054822_RDEYMB,train
20260827_054837_GYGBEN,train
20260827_054915_WNMKCU,train
20260827_055019_XEWVPS,train
20260827_055029_QAVTPJ,train
20260827_055124_DUHPMH,train
20260827_055245_ZQNWGP,train
20260827_055403_HRXNFE,train
20260827_055454_LFAHJT,eval
20260827_055512_QETFCH,train
20260827_055519_CLTWCL,train
20260827_055724_VBHAUZ,train
20260827_055858_CTWAPS,train
20260827_055949_UVNKBX,train
20260827_060013_YUAMDZ,train
20260827_060143_ENDBED,train
20260827_060227_TJMZAD,train
20260827_060348_HRHVNA,eval
20260827_060507_YDGRUW,train
20260827_060517_CEKCDX,train
20260827_060624_AXULVS,train
20260827_061032_JZBRKL,train
20260827_061051_ZGDQRD,train
20260827_061108_EKZRYM,train
20260827_061322_XWWGNF,train
20260827_061425_MGJDCR,eval
20260827_061516_NQXFTV,train
20260827_061525_WCZYBD,train
20260827_061526_CKCGPG,train
20260827_061622_HJMAUF,train
20260827_061705_BWMRCM,eval
20260827_061735_UQKEMB,train
20260827_061904_CMFCXE,eval
20260827_062016_FXSDDV,train
20260827_062127_VRSHBC,train
20260827_062354_QQRDHL,train
20260827_062404_GWVACX,eval
20260827_062507_SYRVGF,eval
20260827_062733_QHDRRA,eval
20260827_062950_FZKASE,train
20260827_063116_HFTVRP,train
20260827_063232_CEPHAH,train
20260827_063235_CHXJPD,train
20260827_063248_JQVUUK,eval
20260827_063310_NDGFAJ,train
20260827_063421_TSWTGB,train
20260827_063522_GTFAAV,train
20260827_063608_PWXMPM,train
20260827_063648_JKMRYA,train
20260827_063802_ZNWJHU,train
20260827_063804_DLPYGG,train
20260827_063819_QVWCNM,eval
20260827_063828_ZVLNZN,eval
20260827_063957_RXTXWF,train
20260827_064109_PSPBTQ,train
20260827_064134_BCQSCW,train
20260827_064256_XAKNRK,train
20260827_064355_SGNNXV,train
20260827_064452_MVRVJW,train
20260827_064702_CVKZAX,eval
20260827_064811_HMQKND,train
20260827_065013_KSMCDZ,train
20260827_065153_ABDZKB,train
20260827_065306_XSHFGJ,train
20260827_065330_BRQDHZ,train
20260827_065414_HWRLKC,train
20260827_065524_PKVBKB,eval
20260827_065543_LSGHBX,eval
20260827_065826_BPQNMB,train
20260827_070102_BUVUVQ,train
20260827_070119_CCJMZG,train
20260827_070344_UJHNTD,train
20260827_070411_FXNGQZ,train
20260827_070436_MZKNFQ,train
20260827_070503_YNKTXM,train
20260827_070723_KAQVWZ,eval
20260827_070806_XJVXVH,train
20260827_070850_MPGKRE,train
20260827_071248_MJTKHF,train
20260827_071317_SHHRTR,train
20260827_071602_SGBENX,train
20260827_071613_MQWASS,train
20260827_071613_PKUCYB,train
20260827_071634_NHHLHH,train
20260827_071821_PZHFKD,train
20260827_071839_FADVKP,eval
20260827_072141_HDWMBH,eval
20260827_072341_YXXMBJ,train
20260827_072448_TFNLKE,train
20260827_072516_VBXNMR,train
20260827_072605_RASGYP,train
20260827_072612_DGBGZT,train
20260827_072620_GWBGJK,train
20260827_072740_GWUPPJ,eval
20260827_072944_EQVREL,train
20260827_073053_JJJBAF,train
20260827_073115_GBUQRQ,eval
20260827_073204_DMZRSK,train
20260827_073617_KXWRSZ,train
20260827_073700_ZPRLJK,eval
20260827_073734_MPKFGS,train
20260827_073749_CYPJCC,eval
20260827_073852_EYGBGN,train
20260827_074936_VAKKST,train
20260827_075120_WKAKRA,train
20260827_075222_AUEXLY,train
20260827_075624_MNVHTF,eval
20260827_075704_JUGKGU,train
20260827_075950_FEAWYM,eval
20260827_075959_MEAQYP,train
20260827_080056_SQHTDH,train
20260827_080236_RLVSVF,train
20260827_080428_DVUYYU,train
20260827_080442_BMNYCE,train
20260827_080701_RDDMDP,train
20260827_081338_YAPCAP,train
20260827_081607_YMFELN,train
20260827_081624_KEABLH,train
20260827_081955_RSQTUV,train
20260827_082140_UEVCPY,train
20260827_082153_GMBNQB,train
20260827_082343_CVDTAV,train
20260827_082800_EAPQSU,train
20260827_082814_ZVYHKD,train
20260827_083050_TWMQHT,eval
20260827_083118_CYYSJH,train
20260827_083526_TBUMQD,train
20260827_083622_VMXXTG,train
20260827_084212_JHSVYC,train
20260827_084300_YZVFUT,train
20260827_084556_YHFMSX,train
20260827_084640_SSRJBF,train
20260827_084736_RNRDJR,train
20260827_085314_VAZLNU,train
20260827_085351_WBEZRU,train
20260827_085913_VRLHZS,train
20260827_090121_GTJNEU,eval
20260827_091110_TEQMFY,train
20260827_091943_FGJBMS,eval
20260827_092122_ZKKVYP,train
20260827_092302_NGUNXY,train
20260827_092324_SYRKVH,train
20260827_092527_VNGXLA,train
20260827_093158_QGVMTL,eval
20260827_093255_NJBUTP,train
20260827_093305_FHRVUF,train
20260827_093759_MPKJAV,train
20260827_093801_GFSJSE,train
20260827_093845_NUJFXM,train
20260827_094007_UZYZQZ,eval
20260827_094028_WETKNU,eval
20260827_094116_RXNQQP,train
20260827_094237_ULYPKV,train
20260827_094524_PMXACJ,train
20260827_094714_SVEWQQ,train
20260827_094758_EPZHST,train
20260827_095448_TDVQQF,eval
20260827_095601_FFBEAV,train
20260827_095621_CYVXPJ,eval
20260827_095637_GGFULQ,train
20260827_095733_WEMFFE,eval
20260827_095756_PXCRKU,train
20260827_095759_JZGFCC,train
20260827_095922_CRWJTT,train
20260827_100805_WZVATY,train
20260827_100936_XYNWMA,train
20260827_100941_JQDPHW,train
20260827_101224_WEMYCX,eval
20260827_101352_CZXUAG,train
20260827_101534_NXTHKH,train
20260827_101608_ZHJBBG,train
20260827_101828_AWRFDV,train
20260827_101913_WLMAEX,eval
20260827_101925_VBVKLS,train
20260827_102128_SHULGE,eval
20260827_102357_HMUHRX,train
20260827_102619_BWPQFD,train
20260827_102620_SHJRMP,train
20260827_103240_ANCPGF,train
20260827_103347_MASXSY,train
20260827_103426_KTYDLQ,train
20260827_103558_JWFRPD,eval
20260827_103811_CTETUE,eval
20260827_103953_WZZEAD,train
20260827_104250_VWRUPZ,train
20260827_104401_HYLGXW,train
20260827_104420_JRSZSH,train
20260827_104508_MUSUVK,eval
20260827_104542_RFLZQU,train
20260827_104548_UYXMED,train
20260827_104901_TGFJZC,train
20260827_105238_KEACKX,train
20260827_105441_PGWENL,train
20260827_105920_KAPQJH,train
20260827_105935_LUKHWU,train
20260827_110541_KCRBEM,train
20260827_111227_SHNYAT,train
20260827_111421_DSTQAY,train
20260827_112133_EEQSKA,eval
20260827_113301_RUTPPZ,eval
20260827_114119_JDGHLA,eval
20260827_115402_LPDVRA,train
20260827_115932_GTBEUZ,train
20260827_120735_YPSTBX,eval
20260827_120952_GECUJL,train
20260827_121729_QWRVFD,train
20260827_122029_DHNBET,eval
20260827_122230_EXMNJA,train
20260827_123613_GLADXZ,train
20260827_125143_WMYMWT,eval
20260827_125254_CKEQGR,eval
20260827_125445_PSDCGP,train
20260827_130219_RXSJAM,train
20260827_131442_LEDVEL,train
20260827_131605_HFHMXD,train
20260827_132616_RPNUAR,train
20260827_133442_RXJMDK,train
20260827_133508_JNGJJX,train
20260827_133633_MMAWBB,train
20260827_134118_KSAEUM,train
20260827_140449_XFJEDC,train
20260827_142407_TXYJDF,train
20260827_142534_KSUYLC,train
20260827_142824_ZSQXCD,train
20260827_144104_KBFVCZ,train
20260827_145514_MPURET,train
20260827_150111_RTMXSV,train
20260827_150730_SLEBRU,train
20260827_151259_HACGDP,train
20260827_151707_ULFLBR,eval
20260827_154632_BGKKXR,train
20260827_154816_BQEEAY,train
20260827_161846_GDARXM,train
20260827_161942_HURXUD,train
20260827_163118_RMJRJK,eval
20260827_164953_DPDPTB,train
20260827_171849_FLRQLV,train
20260827_175734_HNCZHX,train
20260827_215624_JBRCTX,train
20260827_221355_LPBTCT,train
20260827_221617_RCJPBA,train
20260827_222134_NPPJDG,train
20260827_223014_TJTHTL,train
20260827_223635_KKJQBG,train
20260827_224824_GTDMNW,train
20260827_230106_CJEPLB,train
20260827_230217_DKKWXX,train
20260827_230342_SMZTQG,train
20260827_231504_KCSPRN,train
20260827_231924_RTGDDJ,train
20260827_232102_XLTLVJ,train
20260827_232845_FBMUQK,train
20260827_233130_RERQUL,train
20260827_233135_GQWWEU,train
20260827_233314_PSMSBA,train
20260827_233954_TKGCDB,train
20260827_234425_GSGJZY,train
20260827_234642_NZGRAF,train
20260827_234936_YJEQBX,train
20260827_235416_YGNFWD,train
20260827_235738_JJEJMM,train
20260828_000056_EMGYFH,eval
20260828_000133_EHXUVA,eval
20260828_000418_KQRRSP,train
20260828_000509_RFMUSW,train
20260828_000517_EACSPS,train
20260828_000549_EPXYSS,train
20260828_000713_PYLCXJ,train
20260828_000741_ZAYPBW,eval
20260828_000742_QNJKBV,train
20260828_001028_BJVJJY,eval
20260828_001157_QCJSKZ,train
20260828_001339_CCDYZY,train
20260828_001408_MQNNXH,train
20260828_001540_EJSTDW,train
20260828_001806_EKDDMW,train
20260828_002040_THRTUB,train
20260828_002335_XJGBCX,train
20260828_002525_PLHPCF,train
20260828_002801_JXPSBD,train
20260828_002859_EXPKCC,train
20260828_002923_JBDUKA,train
20260828_002947_UQERFQ,train
20260828_003102_PDBUGJ,train
20260828_003137_BRXGHA,train
20260828_003145_HPJXNC,eval
20260828_003257_UFBMRE,train
20260828_003523_XTESYE,eval
20260828_003558_XGGADT,train
20260828_004212_AGBGHZ,eval
20260828_004230_BNPZKH,eval
20260828_004252_RNPJBY,train
20260828_004824_NNLPVU,eval
20260828_004946_RZTSQM,train
20260828_005230_CBBLHR,train
20260828_005246_RVSCXH,train
20260828_005352_FUTWWS,train
20260828_005448_UEDCHS,eval
20260828_005552_XUAAMP,train
20260828_005707_WSFLKU,eval
20260828_005816_SNNUKT,train
20260828_005856_DCJUUM,train
20260828_010055_NBGLVH,eval
20260828_010248_NXUGVU,train
20260828_010332_WFKDKP,train
20260828_010339_FDHSLB,train
20260828_010414_HGYTVL,train
20260828_010458_WPXXHW,train
20260828_010504_ECADUW,train
20260828_010510_TWAYMU,train
20260828_010526_TWYQMS,train
20260828_010542_FJCEDR,train
20260828_010702_RGTVHB,eval
20260828_010748_FEXFBP,train
20260828_010758_ZMECHU,train
20260828_010806_NLYJCB,train
20260828_010928_VQMSNC,train
20260828_011348_DXAWVA,eval
20260828_011411_DRMPQU,train
20260828_011625_FHYXNQ,train
20260828_011729_UUUCRN,train
20260828_012144_BENSHG,train
20260828_012651_VYJTXJ,train
20260828_013040_RMNLUZ,train
20260828_013216_XREYMC,train
20260828_013343_QFHYRA,eval
20260828_013501_UZMEQH,train
20260828_013540_AWCKAR,eval
20260828_013603_AUFLYA,train
20260828_013707_VLWBZL,train
20260828_013932_EQQJNY,train
20260828_014223_LEMNMD,train
20260828_014423_CMEXSN,eval
20260828_014601_FMSXBJ,train
20260828_015023_KWYKGA,train
20260828_015118_HZVYNT,train
20260828_015353_YUFWGJ,train
20260828_015444_MTQLNH,train
20260828_015514_PFPGVS,train
20260828_015639_AKKZSM,train
20260828_015643_BGDXAT,train
20260828_015645_PMBSAJ,train
20260828_015712_MQYCNB,train
20260828_015734_HUWYPC,train
20260828_015916_DZQFXF,eval
20260828_020233_QXUFFY,train
20260828_020651_VUJBSD,train
20260828_021035_JGFPJL,train
20260828_021128_QYPSWF,train
20260828_021130_WWJTJM,train
20260828_021206_RLBZYT,train
20260828_021233_GGRZYT,train
20260828_021442_MVLLGH,eval
20260828_021655_JDCWNS,train
20260828_021832_BAXKXM,train
20260828_022104_DVWHUF,eval
20260828_022132_AHUUZR,train
20260828_022405_RASSNL,train
20260828_022421_CFGKJH,train
20260828_023134_JPGEUU,train
20260828_024114_PAKAUC,train
20260828_024144_WTJGGS,train
20260828_024414_KVMBPW,train
20260828_024544_TUGZQM,train
20260828_024618_NTXDFL,eval
20260828_024630_XYYNVR,train
20260828_025224_PQPFKZ,train
20260828_025400_QDGAKR,train
20260828_025749_DEMAAE,train
20260828_025803_SKQKQA,train
20260828_030013_MGXLNS,train
20260828_030028_HTQSLW,eval
20260828_030110_SDUVBK,train
20260828_030742_VYDQDK,train
20260828_030903_MLBLCH,train
20260828_031234_AUMMZV,train
20260828_031430_XJFFHB,train
20260828_032142_KHZQMV,train
20260828_032626_EEXWMY,train
20260828_032643_JEDYRV,train
20260828_032714_AEHWMN,train
20260828_032742_UJFAKJ,eval
20260828_032821_GRYAMC,train
20260828_032828_KGGXAZ,train
20260828_033404_BCULHS,train
20260828_034734_KUBNNS,eval
20260828_034801_YFQPZJ,train
20260828_034904_BPRAKP,train
20260828_035053_YBYRXR,train
20260828_035139_MWWYDX,train
20260828_040007_FNDULR,train
20260828_040446_DXHXAJ,eval
20260828_041023_JNDXTY,train
20260828_041044_SVLVSU,train
20260828_041408_GPDEXH,train
20260828_042047_HYRDRB,train
20260828_042107_CGSKRV,train
20260828_042331_HVJCCQ,train
20260828_042533_ZWEPWR,train
20260828_042832_AHWBYV,eval
20260828_042903_YJQPRG,train
20260828_042908_LCYGGY,train
20260828_043029_ZGJQLK,train
20260828_043358_JNGCRM,train
20260828_043902_AKSWYW,train
20260828_043949_REDQTC,eval
20260828_044001_NSEQGB,eval
20260828_044204_YQSKXJ,train
20260828_044603_JYTPUA,train
20260828_044626_DLKYLZ,train
20260828_045046_KMJFXX,eval
20260828_045103_YDHJDG,train
20260828_045144_CXQPCA,train
20260828_045156_GCXEQT,train
20260828_045227_KGZCBP,eval
20260828_045309_PMXSXN,train
20260828_045323_FHARGD,train
20260828_045725_KPLEXV,train
20260828_045909_YHDHVA,eval
20260828_045934_LURRJJ,train
20260828_050126_SXXYMX,eval
20260828_050144_HLHPBS,train
20260828_050230_DZRECE,train
20260828_050437_BBPKUE,train
20260828_050458_DDHMGG,train
20260828_050623_VZLGHD,train
20260828_050639_UECAVT,train
20260828_050708_DUHELH,train
20260828_050755_VWRFZY,train
20260828_050829_SYNGAG,train
20260828_050912_HEWGMV,eval
20260828_050925_ZCQXVT,train
20260828_051042_ATEVCP,train
20260828_051113_PLYFBR,train
20260828_051427_RSPXZT,train
20260828_051445_BCGQLS,train
20260828_051603_LLVBRZ,train
20260828_051658_QNFBAQ,eval
20260828_051843_SYYNHV,train
20260828_051959_KGHBNP,train
20260828_052135_JHFFLA,train
20260828_052252_SMKZKX,train
20260828_052411_HKKAGJ,train
20260828_052541_UJRAPR,train
20260828_052555_JXARCT,train
20260828_052626_LQDLWN,train
20260828_052958_UTJTLT,train
20260828_053049_TGFVMQ,train
20260828_053053_KJYJJK,train
20260828_053113_KFVYWP,train
20260828_053217_GYGWKG,train
20260828_053332_MRVBWU,train
20260828_053352_FYWHBS,train
20260828_053430_HSSVTS,train
20260828_053433_RAMVWL,train
20260828_053509_GXQYCR,train
20260828_053614_YSTPQY,eval
20260828_053642_YNMZBX,eval
20260828_053657_PRABME,train
20260828_053705_KKCUSH,train
20260828_053744_TSMBDU,eval
20260828_053753_GKPRPC,train
20260828_053754_HJGZHM,train
20260828_053758_MSQEXC,train
20260828_053815_TKZNHX,train
20260828_053815_YRRKSM,train
20260828_053832_NXZSLJ,eval
20260828_053932_BSAGDN,eval
20260828_054004_GBYCYD,train
20260828_054024_QJXEXE,train
20260828_054116_QRLHRA,train
20260828_054147_WVHJWK,eval
20260828_054601_SHXHTD,train
20260828_054718_HFJGJU,eval
20260828_054733_PXLAXK,train
20260828_054905_YJWAZW,train
20260828_054920_PZMUKT,train
20260828_054955_PWMQKF,train
20260828_055018_ZWZMKL,train
20260828_055210_TTZGXQ,train
20260828_055618_AUDDWF,train
20260828_055630_TCLRDH,train
20260828_055749_ARGNLN,train
20260828_055922_CATNQU,train
20260828_055928_GJRMNL,train
20260828_055929_DUESYB,train
20260828_060011_PLRUAQ,train
20260828_060224_SGAWTE,train
20260828_060439_BRJWJG,train
20260828_060503_HSZMQZ,train
20260828_060513_CNNMSS,train
20260828_060612_ENRFKU,train
20260828_060729_BJXBUC,train
20260828_060755_KSUVGM,train
20260828_060847_ZSMZJH,train
20260828_060926_YSMVUJ,train
20260828_061102_HVQFPM,eval
20260828_061159_QVFQWF,train
20260828_061209_NJAFEQ,train
20260828_061222_MRUVKV,train
20260828_061231_ZQMXJK,train
20260828_061329_VVJVCP,train
20260828_061505_ULPPRR,train
20260828_061801_KBSLMF,train
20260828_061811_HVNZGN,train
20260828_062126_RRWRSD,train
20260828_062216_HADSWZ,eval
20260828_062415_JZQDEJ,train
20260828_062534_KJYHHB,train
20260828_062802_EFKMGF,train
20260828_062846_QLSKYM,train
20260828_062946_QGHDFW,train
20260828_063102_AYZHPL,train
20260828_063116_FHRANB,train
20260828_063141_ZKPXRR,train
20260828_063241_WTWBCD,eval
20260828_063259_XTYBJX,train
20260828_063313_JDWVDL,eval
20260828_063406_EKUMPB,train
20260828_063515_ZNBNDC,train
20260828_063517_VVGZVQ,train
20260828_063615_TMHWBW,train
20260828_063858_FHELSJ,eval
20260828_064159_FENUWN,eval
20260828_064314_EYTDWQ,train
20260828_064407_CTBTKK,train
20260828_064440_BAZNWQ,eval
20260828_064740_TUAYKH,train
20260828_064824_KMGLKD,train
20260828_065259_RCRDQX,train
20260828_065332_WGWZYG,eval
20260828_065509_VSACUU,train
20260828_065925_EHKEFJ,train
20260828_070056_TQSBVX,eval
20260828_070157_NEUTBQ,train
20260828_070544_CHXRYF,train
20260828_070602_SBZDQX,eval
20260828_070706_WVKUBJ,train
20260828_070821_XACTEP,eval
20260828_070830_NRLJWT,eval
20260828_071001_DVKUBR,train
20260828_071033_LFDCYP,eval
20260828_071539_GKMSHL,train
20260828_071755_KQAPSB,train
20260828_071925_FFFWHY,train
20260828_071953_SAEJEP,train
20260828_072051_JWKESD,train
20260828_072107_JADRJF,train
20260828_072124_FKVBAT,eval
20260828_072428_RLBVTG,train
20260828_072431_NSUMPH,train
20260828_072533_SDMVTG,train
20260828_072609_NFTEWA,eval
20260828_072648_LXMNEH,train
20260828_072813_WZSTWL,train
20260828_072835_XNMDQW,train
20260828_072938_VJSNWN,train
20260828_073010_JZRGPJ,train
20260828_073214_HXUKDU,train
20260828_073316_DQBYTC,train
20260828_073456_UPFEZV,train
20260828_073648_PNPHMS,train
20260828_073911_GWRWKU,train
20260828_073915_AFULUB,train
20260828_074043_CJYEBE,eval
20260828_074220_KEYRQW,train
20260828_074404_HBPNTK,train
20260828_074507_YLGSCZ,train
20260828_075116_AZGRCY,eval
20260828_075658_KQVLSP,train
20260828_075758_YKAQJR,train
20260828_075800_GRHYMW,train
20260828_075841_YYSUUQ,train
20260828_075915_LEQGRK,train
20260828_080051_XMXQWS,eval
20260828_080101_PBUQSH,eval
20260828_080141_SBBHTP,train
20260828_080146_HHKEMB,train
20260828_080244_EYNKJC,train
20260828_080352_UCJHQN,train
20260828_080446_SRPVSW,train
20260828_080518_DJRQRH,train
20260828_080518_VWCZFT,train
20260828_080552_BFNXBD,train
20260828_080629_TBQXEC,eval
20260828_080733_MUFZMU,train
20260828_080734_ESKRAN,train
20260828_080753_CPLTTG,train
20260828_081002_VPDZZB,train
20260828_081428_APLYTK,train
20260828_081614_CTYZQJ,train
20260828_081623_PDQKJQ,eval
20260828_081708_NMVSJY,eval
20260828_082054_YFRYXY,train
20260828_082259_XLZNXJ,train
20260828_082422_LWZCJJ,eval
20260828_082502_TZBDXP,eval
20260828_082503_JXHFPX,train
20260828_082516_AEFFSR,train
20260828_082518_BBXACU,train
20260828_082803_XDSXMA,train
20260828_082912_GUSBYH,train
20260828_082941_SUGJWE,eval
20260828_082944_DCDFLS,train
20260828_083158_YJAMMZ,train
20260828_083214_CXZMUV,train
20260828_083249_QNVXYC,train
20260828_083259_UZTULX,eval
20260828_083310_UXMMBC,train
20260828_083315_YFPVKR,train
20260828_083334_TGMTUB,train
20260828_083616_DQKVAU,train
20260828_083749_EPHAEQ,eval
20260828_083841_TJSDPD,train
20260828_083857_AVHWFG,train
20260828_084309_UWHDTW,train
20260828_084432_GXTVGT,train
20260828_084603_ZHQAGF,train
20260828_084604_WBBYMD,train
20260828_084715_PAGXVE,train
20260828_084918_HPAKWX,train
20260828_085020_YCUEEG,train
20260828_085047_ZUQNLS,eval
20260828_085107_KSPZAA,eval
20260828_085140_FTWVQY,train
20260828_085353_PWPBLR,eval
20260828_085506_QUJTKQ,train
20260828_085558_JHXXQK,train
20260828_085643_HNCKRA,train
20260828_085751_YNXELU,eval
20260828_085921_ZEVLVX,train
20260828_085958_HPQAHU,train
20260828_090329_KNUXDB,train
20260828_091132_EEXNRU,train
20260828_091547_TTTGSH,eval
20260828_091626_TVPRUD,train
20260828_092004_AUVFWD,train
20260828_092011_HCKGEX,train
20260828_092124_GQCTYK,train
20260828_092538_KWTZLB,train
20260828_092616_AXZVHM,train
20260828_092710_LBTKKW,eval
20260828_092811_JLGFMH,train
20260828_092835_KADKTZ,train
20260828_092900_SRCFSS,train
20260828_093226_DHMSEJ,train
20260828_093300_NSGVXF,train
20260828_093349_DZNQSW,train
20260828_093507_FKFXCY,train
20260828_093754_NNVSHL,train
20260828_093800_KEBTHW,train
20260828_093845_VMPVQP,train
20260828_093913_MQWTFM,train
20260828_094124_KZSLXT,train
20260828_094145_VNDQZZ,train
20260828_094151_LQUNYD,train
20260828_094309_TQHWXT,train
20260828_094333_CGHLDE,train
20260828_094420_YSPSBM,train
20260828_094537_JWSMSJ,train
20260828_094548_FQLLMM,train
20260828_094847_QYVRTX,train
20260828_094923_GUCCRH,eval
20260828_095208_WVSSAK,eval
20260828_095251_RDHANZ,train
20260828_095532_CXREYG,train
20260828_095728_PHBXXG,train
20260828_095750_EZKSEQ,train
20260828_095757_XHZMXB,eval
20260828_100122_HPNGVM,train
20260828_100141_EJDENM,train
20260828_100437_VDKCJZ,train
20260828_100633_NSBKYP,train
20260828_101029_EKMKCP,train
20260828_101059_DEZXBB,train
20260828_101105_JQCJTN,eval
20260828_101142_VFRBCH,train
20260828_101337_PWWJTM,eval
20260828_101421_VRWMCW,train
20260828_101531_UZAAUR,train
20260828_101630_GALMYC,train
20260828_102045_CNBEHK,train
20260828_102046_WBXWXB,eval
20260828_102429_FMGQYD,train
20260828_103019_HAVYSX,train
20260828_103102_HECELE,train
20260828_103109_RADBWL,train
20260828_103139_PRHQUN,train
20260828_103204_SRVQAB,train
20260828_103216_ZCBMPS,train
20260828_103230_EHACPR,eval
20260828_103401_NWTEQU,eval
20260828_103412_EUEPZZ,train
20260828_104353_LYWCLV,eval
20260828_105255_XFJPSP,train
20260828_105405_AQQQGY,eval
20260828_105439_FSHVVS,train
20260828_105749_ZWDVEA,train
20260828_111407_MUXLBL,train
20260828_111842_CXPQEC,train
20260828_112304_YWEUWF,train
20260828_113358_NUAEMN,train
20260828_113551_DYRLDC,eval
20260828_115156_VSNULV,train
20260828_115353_ADWQAN,train
20260828_120239_XYUWEU,train
20260828_120846_FPGYDL,train
20260828_121616_EHZTCN,eval
20260828_121644_LRTRJD,eval
20260828_122659_CWJZMJ,train
20260828_123305_MWDYBZ,train
20260828_123420_LMEULE,train
20260828_124331_PBBSJL,train
20260828_124841_BUFHMX,train
20260828_124907_XWYJYA,train
20260828_125240_EMTMHS,train
20260828_125919_SFQRWH,train
20260828_130105_MXKDXV,train
20260828_130435_DFVWDY,train
20260828_130549_NNJCSS,eval
20260828_130924_BBAEKF,train
20260828_131012_KWAZXL,train
20260828_132848_KLMYHG,eval
20260828_132926_SDLJYC,train
20260828_133300_NTJDXE,train
20260828_133406_AWCCWJ,train
20260828_134108_VYPMVJ,train
20260828_141238_VBTFQH,train
20260828_143715_DZDAZG,eval
20260828_143753_RDHCRP,train
20260828_144303_STXDKR,train
20260828_144620_SKXPKC,train
20260828_145342_ELTGUU,train
20260828_145448_DWCBNW,train
20260828_150423_UTHQUM,train
20260828_151530_HSETWA,train
20260828_152624_YKHXGN,train
20260828_152637_UJBNJU,train
20260828_221157_NYVYSD,eval
20260828_223958_LNCCHR,train
20260828_224112_AGWRPS,train
20260828_224310_YWJLMP,train
20260828_224720_MXWSXN,train
20260828_225040_JDAQKZ,train
20260828_225958_CEHSRZ,train
20260828_230822_SJLWWH,train
20260828_231902_BRKDZZ,train
20260828_232233_FWSYZN,train
20260828_233706_BUBQCZ,eval
20260828_234049_RTABYB,train
20260828_234615_KEZKMD,train
20260828_235426_ZSFGNZ,eval
20260828_235523_RVKMUC,train
20260828_235800_UZTYJG,eval
20260829_000326_RECLET,train
20260829_000538_CENFUY,train
20260829_000825_SFQMXA,train
20260829_000916_BCRHEG,train
20260829_001222_HLEWUY,eval
20260829_001354_GSTEBD,train
20260829_001436_VZRMMW,train
20260829_001442_ZNXDAP,train
20260829_001521_BNPASG,train
20260829_001529_KEWCEL,train
20260829_001632_FHCSZH,train
20260829_001656_RUKWDC,train
20260829_001740_WXSABS,train
20260829_002125_SRNEJW,eval
20260829_002215_SGXBUF,train
20260829_002751_AFXPKF,eval
20260829_003136_PLPATP,train
20260829_003214_TRVHBE,eval
20260829_003221_JGQPNU,train
20260829_003236_DZSBHR,train
20260829_003503_YSKUAK,eval
20260829_003730_NBRBQT,eval
20260829_003838_UGNHTN,train
20260829_004215_LPZPXR,train
20260829_004310_CQGCGQ,train
20260829_004331_NFHCLZ,train
20260829_004338_PAPWLM,train
20260829_004512_SZGGHN,train
20260829_004706_LZEYES,train
20260829_004805_EUMQMC,eval
20260829_005205_RLNEEC,train
20260829_005518_GLYPST,train
20260829_005547_TGXYPD,train
20260829_010219_QVBYYW,eval
20260829_010344_HRVUZJ,train
20260829_010804_KAPRPP,train
20260829_010837_XZTYYW,train
20260829_011338_WNHCZQ,train
20260829_011702_SHHYWC,train
20260829_011732_RLVTVE,eval
20260829_011804_DRJQAQ,train
20260829_012033_DULNJN,train
20260829_012140_TWBZUE,train
20260829_012402_YQZWQB,train
20260829_013122_JNJUCN,train
20260829_013319_JGNNYU,train
20260829_013356_HTSXCG,train
20260829_013856_EEEMVE,train
20260829_014514_NEUZCF,train
20260829_014549_NXBZNK,train
20260829_014657_NPNJCS,train
20260829_014823_VVUQDA,train
20260829_014827_GQUJPY,train
20260829_014913_RMSFPG,eval
20260829_014947_WPBQDK,eval
20260829_015027_SXWEHU,eval
20260829_015051_PUAYNR,train
20260829_015301_KNSNRD,train
20260829_015659_ADQHJS,train
20260829_015704_WLQNJP,eval
20260829_015752_TNTLJM,train
20260829_020018_NZGMJY,train
20260829_020204_LDZZAG,train
20260829_020311_UMYJPT,eval
20260829_020355_MZYPGN,train
20260829_020618_QHMBBN,train
20260829_021025_USZLCH,train
20260829_021130_GCQXJB,train
20260829_021239_VNPMLK,train
20260829_021307_MRRFQZ,train
20260829_021358_VSZHRC,train
20260829_021653_YUMTBJ,train
20260829_022300_RTPAWS,train
20260829_022406_BHQLCD,train
20260829_022441_ZKSCXP,train
20260829_022717_YELRWY,eval
20260829_023234_UGYAMZ,train
20260829_023554_JREEWL,eval
20260829_023701_EWVAFB,eval
20260829_023702_SSEJCM,train
20260829_023705_DHNSAM,train
20260829_023743_DEURSY,train
20260829_024027_TQSSBG,eval
20260829_024140_TDQHAE,eval
20260829_024158_XSXEVC,train
20260829_024201_UDYLSN,train
20260829_024317_HQEPRB,train
20260829_024331_QHGQDT,train
20260829_024520_EMZSFQ,train
20260829_024635_YYAFTU,train
20260829_024705_VLUUWU,eval
20260829_025220_NRALLR,train
20260829_025733_GJMDQQ,train
20260829_025930_FPAYVR,eval
20260829_030049_VKTCND,train
20260829_030102_VUWZPB,train
20260829_030210_SFUMAW,train
20260829_030357_QPTAZV,train
20260829_030428_BLWFTA,eval
20260829_030557_LUWSNT,train
20260829_031059_SKXGYV,train
20260829_031330_QQHJXZ,eval
20260829_031626_YKLJTC,train
20260829_031925_MBUYCE,train
20260829_032942_SYRQAM,train
20260829_033533_WGBEKR,train
20260829_033550_MLGUPJ,train
20260829_033612_DNNTST,train
20260829_033825_PVANPT,train
20260829_034044_SNVMUW,train
20260829_034408_VJDTJM,train
20260829_034906_GKXATR,eval
20260829_040012_HGHPKK,eval
20260829_040234_BEEJGH,train
20260829_040329_DWKUUS,eval
20260829_040340_WGNCHT,train
20260829_041104_QVVLJT,train
20260829_041139_RXLBCL,eval
20260829_041336_JNZUJG,train
20260829_041413_FEYQED,eval
20260829_041537_XFQPWH,train
20260829_041928_ZYXXUS,eval
20260829_042620_RYVBCK,train
20260829_042638_JGZWSF,eval
20260829_042820_FUZGCG,eval
20260829_042944_RTTANK,train
20260829_043634_BNNCRY,train
20260829_043709_DZJAKJ,train
20260829_043732_GURHGW,train
20260829_043845_CJVKJR,eval
20260829_044318_PUPDPR,train
20260829_045043_QSUTBY,train
20260829_045200_EDXXUK,train
20260829_045817_VCQTRB,train
20260829_045955_URESWK,train
20260829_050045_JLPRMP,train
20260829_050241_CUCRFD,eval
20260829_050338_APEBJF,train
20260829_050411_CFYQVS,train
20260829_050436_WFWGGD,train
20260829_050523_MWFRSW,train
20260829_050828_REDTVU,train
20260829_050909_ZGEBGE,train
20260829_050940_RWFFYB,train
20260829_050942_SLFGRJ,train
20260829_051026_FQDMBS,train
20260829_051240_NPXSGB,eval
20260829_051324_LQWUGC,train
20260829_051435_ZLBPDN,train
20260829_051559_UNTURP,train
20260829_051638_HJNVHL,train
20260829_051657_LBLQGH,train
20260829_052059_JPFAJV,train
20260829_052253_CBBVDL,train
20260829_052307_LGZNND,train
20260829_052311_QKSMUF,train
20260829_052423_JNJESS,train
20260829_052428_EGGRPG,train
20260829_052521_UKSNQG,eval
20260829_052855_QSFXPL,train
20260829_052912_GQHFCN,train
20260829_053159_BXZMPK,train
20260829_053213_BZLRWP,train
20260829_053213_MKUEKV,train
20260829_053345_RLNWZU,train
20260829_053356_ZRBBEZ,train
20260829_053449_DYQDVR,train
20260829_053556_KNPMLT,train
20260829_053615_MYFMXM,train
20260829_053627_TGBVCF,train
20260829_053734_UFRBTF,eval
20260829_053833_ULVRHA,eval
20260829_053945_RRZKYL,train
20260829_054027_PNYBKZ,train
20260829_054131_AFDFPL,eval
20260829_054458_AXSXCK,train
20260829_054458_AZPDXX,train
20260829_054528_NLZEUE,train
20260829_054543_NWXWEU,eval
20260829_054640_SSJKHF,train
20260829_054712_DTWAGP,train
20260829_054757_DHCZAJ,eval
20260829_054859_SHGZKW,train
20260829_054902_KQVDEV,train
20260829_054905_ABQPDJ,train
20260829_055126_BSQJNQ,train
20260829_055242_DNFBZU,eval
20260829_055423_THTGNJ,train
20260829_055728_NXHUEV,train
20260829_055827_USAVCB,eval
20260829_060104_LUFPKL,eval
20260829_060124_GZDHZE,train
20260829_060248_LRTZAB,train
20260829_060252_ZZHZRD,train
20260829_060534_HPEWQL,eval
20260829_060628_LAEVWB,train
20260829_060929_ZWRJGN,train
20260829_061516_MDPLLD,train
20260829_061518_AVQZNU,eval
20260829_061713_TDJAJT,train
20260829_061743_MJXMFU,train
20260829_061750_NHAYYH,train
20260829_061758_PBYDEE,train
20260829_061935_BBJDSJ,train
20260829_062014_LZAHTF,train
20260829_062250_AQPZNU,eval
20260829_062337_GCMJAZ,train
20260829_062637_RSGQJS,train
20260829_062926_RLMTGQ,train
20260829_062928_XRJQWL,train
20260829_062938_XHRBMF,train
20260829_063608_KJTMHP,train
20260829_063726_QGWUNC,train
20260829_064217_ALAQYZ,train
20260829_064431_KBJNDJ,train
20260829_064456_HSLGPM,train
20260829_070058_HAJHLA,train
20260829_070610_CHLAWZ,train
20260829_070638_JALNSE,train
20260829_070810_MXXKFS,train
20260829_070840_YKASWB,train
20260829_071835_AZTPZY,train
20260829_072003_JYGPNE,eval
20260829_072142_WKGRLC,train
20260829_072347_ZNUREB,eval
20260829_072647_NNRTAG,train
20260829_073105_SXQMDX,train
20260829_073203_SPBPTW,eval
20260829_073504_CEVZEM,train
20260829_073607_QCFDQM,train
20260829_073943_XERFAD,train
20260829_074317_PZKXJX,train
20260829_074536_BVAEAB,train
20260829_074756_ELHBVY,train
20260829_074839_FYHYUW,train
20260829_074916_CEGPUL,train
20260829_075048_FGLFKU,train
20260829_075052_ZCVUBP,train
20260829_075200_HWGBTB,train
20260829_075234_LDHKXK,train
20260829_075551_MTPSRH,train
20260829_075759_KBZGVN,train
20260829_080251_SFUBYP,train
20260829_080253_MGLTCA,train
20260829_080310_WQCLHT,train
20260829_080340_KGGNWW,train
20260829_080606_KLWFGW,train
20260829_080618_ASCRJX,train
20260829_080740_AWGANR,train
20260829_081018_DGXTGF,train
20260829_081614_TDVWUU,eval
20260829_081733_ESLWUZ,train
20260829_081821_MPCTXX,eval
20260829_082206_NNDEDT,train
20260829_082600_FVVFYD,eval
20260829_082648_MSVJXL,eval
20260829_083514_HCYMCJ,train
20260829_085115_EAYUZH,eval
20260829_085812_AZQCQK,train
20260829_085858_KDSAAP,train
20260829_085915_YYBWVY,train
20260829_090427_AFRNKT,train
20260829_090814_LSJSTQ,eval
20260829_091144_GQZPTH,train
20260829_091246_KUTLWU,train
20260829_091703_PMTKVB,train
20260829_091949_EVFWPZ,train
20260829_091949_YFXGWF,eval
20260829_092125_MTDWKP,eval
20260829_092516_UXYUQU,train
20260829_093139_HXCHVT,train
20260829_094148_QMKDJT,train
20260829_094434_PSQMYS,train
20260829_094501_CKHNQH,train
20260829_094608_TRLRND,train
20260829_094755_ZKMXXC,train
20260829_094830_GCCLVN,train
20260829_094909_ASZUEY,train
20260829_095028_PMFVZG,train
20260829_100354_LBCDDA,train
20260829_100431_UEKBAX,train
20260829_100526_DRRBXG,train
20260829_100537_TZPZWT,train
20260829_100705_TVPEKG,train
20260829_100839_RZRDPJ,train
20260829_100914_KZNYKA,train
20260829_101659_PDWFZE,train
20260829_102102_LJPKAE,eval
20260829_102128_TCNNFM,train
20260829_102226_EAKCXJ,train
20260829_102320_BVJQVE,eval
20260829_102434_QUZXRN,train
20260829_102821_XXMFFP,train
20260829_103038_GRSRBK,train
20260829_103056_MLQEZB,train
20260829_103142_GKJZDL,train
20260829_103255_PDYTAC,eval
20260829_103255_VRRUQN,eval
20260829_103324_NPCSBN,train
20260829_103327_PPNTDM,eval
20260829_103429_PENJMR,eval
20260829_103531_SHHCNS,train
20260829_103658_SFZBDJ,train
20260829_104211_VTWAAV,train
20260829_104513_FSVRRF,train
20260829_104532_VDUMWF,train
20260829_104606_LNZZED,train
20260829_105517_PEPHXL,train
20260829_105752_FXUSDP,train
20260829_110118_FKNBFB,train
20260829_110740_UJAHSR,train
20260829_110758_ANUAJX,eval
20260829_110940_AMZNZY,train
20260829_111312_MCSPYL,train
20260829_113106_WACAXV,train
20260829_114316_DGNLFU,train
20260829_114539_RAGZUT,train
20260829_122314_GWXBWE,train
20260829_123613_RBAATL,train
20260829_124246_SVLGLK,eval
20260829_124254_LXWLWD,train
20260829_124526_XPYPPY,train
20260829_125449_PFDFYK,train
20260829_133447_GVHLXQ,train
20260829_133449_MPXDVH,train
20260829_134314_CMYCPH,train
20260829_134821_ZGFHCK,train
20260829_134932_XRZYKH,train
20260829_135913_XKUTCN,train
20260829_140213_CEPSGD,train
20260829_141233_RVVVBP,eval
20260829_141354_USQBRX,train
20260829_142455_QWPBJW,train
20260829_143015_HZJBAU,train
20260829_144648_ZSZCJX,train
20260829_144822_AKKTRE,train
20260829_153833_ASFWPY,train
20260829_154542_ZBQHSX,train
20260829_164518_NUCFMW,train
20260829_165023_SXKWJS,train
20260829_171103_HGJDWJ,eval
20260829_171611_LVPZWX,train
20260829_224603_WLGGVN,eval
20260829_230519_ZDTMJL,train
20260829_230530_FCYQQC,train
20260829_230644_PZHZRZ,train
20260829_231037_RRPWQZ,train
20260829_231247_GYBXKN,train
20260829_231434_FCDBYV,train
20260829_232342_GUCZZP,eval
20260829_233002_SFDGBE,train
20260829_233111_PBNXRB,eval
20260829_233320_BSYYSF,train
20260829_233619_BWMGSU,train
20260829_233641_GCYWYS,train
20260829_234156_SJQPAX,train
20260829_234241_XTSBWX,train
20260829_234316_GQTYHX,train
20260829_234424_ZKGGZD,train
20260829_234752_KHBKNC,train
20260829_235252_MPNZUJ,train
20260829_235412_EMKUCC,eval
20260829_235435_PXPRXU,train
20260830_000005_HQWVHA,train
20260830_000508_NGYRXZ,eval
20260830_000524_CPTJRS,train
20260830_000739_TMTUPM,eval
20260830_000840_XDCKWR,train
20260830_000930_PLHYFZ,train
20260830_001420_QKFUYB,train
20260830_001510_TCDHJE,train
20260830_001653_JZQYZB,train
20260830_001720_FPPGUY,train
20260830_002332_WHGGPE,train
20260830_002652_UTTELY,eval
20260830_002845_HUMWYR,train
20260830_003215_BCDFJB,train
20260830_003722_BTQZMP,train
20260830_003924_MPLDLZ,train
20260830_004007_VPFHWL,train
20260830_004049_JKGXDH,train
20260830_005202_RKZVHW,train
20260830_005325_WBXZHK,train
20260830_005634_MABXPB,train
20260830_005722_EBEPKE,train
20260830_005831_UKCYXB,train
20260830_005837_PEGMUR,train
20260830_010053_QABXLM,train
20260830_010137_TLHPFG,eval
20260830_010211_SCRTDF,eval
20260830_010424_GVQRJV,train
20260830_010609_DEHDAQ,train
20260830_010609_PVEYDK,train
20260830_010859_TZDWWU,train
20260830_011036_ETKTST,train
20260830_011042_NVYCMA,train
20260830_011054_BVMBTB,train
20260830_011203_CYWTBR,train
20260830_011222_DJPYRV,eval
20260830_011346_WKLPDZ,train
20260830_011759_QXHCAD,train
20260830_012038_QTYZAW,train
20260830_012441_ARPVGD,train
20260830_012501_NYKHJG,train
20260830_012654_FSGCFK,eval
20260830_012746_CHKBFW,train
20260830_012956_FLLLDK,train
20260830_013018_ADBNMP,train
20260830_013020_MWTKPV,train
20260830_013146_YRSUWK,eval
20260830_013416_TJSKUX,train
20260830_013458_ECCVSF,train
20260830_013603_VULBQY,train
20260830_013627_GJFLNZ,train
20260830_014029_WFJEAB,train
20260830_014911_CZTLRB,eval
20260830_015230_YNHEBR,train
20260830_015441_BPFQBK,train
20260830_015924_GCAQFU,train
20260830_015958_ZSNJXX,train
20260830_020048_FYQLHE,train
20260830_020200_GCFTLY,train
20260830_020336_HCGUYX,train
20260830_020614_DYZDJJ,eval
20260830_020931_XBFXSN,train
20260830_021531_GYBQAV,train
20260830_021615_EVXTHP,train
20260830_022329_PYVUVZ,eval
20260830_022534_XTWSEM,train
20260830_022925_HMKLXQ,eval
20260830_023142_ALMDHM,train
20260830_023534_VNVXEQ,train
20260830_023655_CDWGBN,train
20260830_024506_KFQBPG,train
20260830_024714_HCUTKJ,train
20260830_025913_DPJYZA,train
20260830_030004_LRVTXJ,eval
20260830_030408_DGDNBU,train
20260830_031832_TRHLXR,train
20260830_031854_EBZHFW,train
20260830_031856_ACATJM,train
20260830_032300_SSXKGN,train
20260830_032907_QUAPJG,train
20260830_033622_CDKJHV,train
20260830_033657_SPJHEJ,eval
20260830_034213_ETFCQE,train
20260830_034805_VQJHSU,train
20260830_040153_CATKNQ,train
20260830_040215_CSWUCW,train
20260830_040832_PJXWTD,train
20260830_040833_CWHWRU,train
20260830_041443_BTMVMK,eval
20260830_041718_YTBZKU,eval
20260830_041901_SRCQCJ,train
20260830_042339_ZKFKAU,train
20260830_042627_DZVVVZ,train
20260830_042844_DQPEHJ,train
20260830_043154_GDQGBJ,train
20260830_043549_MUKQYF,train
20260830_044913_ZAPUQB,eval
20260830_045558_YYWDED,eval
20260830_051019_MVEYQW,train
20260830_051101_XPLHWG,train
20260830_051129_RRNTTC,eval
20260830_051142_NXAMWP,train
20260830_051459_JFWMMS,train
20260830_051857_ENSNUR,train
20260830_051928_RNEVHC,eval
20260830_052608_SPPQMY,train
20260830_052632_DSPLWZ,eval
20260830_052731_KRSMVG,train
20260830_053032_CKJWBV,train
20260830_053136_MDXNRF,train
20260830_053235_AAYXLG,eval
20260830_053307_PPYMXZ,train
20260830_053335_EHWSGN,train
20260830_053515_WZRQKB,train
20260830_053523_MRCGHU,train
20260830_053651_MZMFXL,train
20260830_053859_TKCMAP,train
20260830_054229_RCYLFZ,train
20260830_054237_SHGJJV,train
20260830_054545_VCNRQB,train
20260830_054813_ZQCMVD,train
20260830_055055_UFVAUL,eval
20260830_055101_DDQPUU,train
20260830_055206_VCRMEZ,train
20260830_055351_RRQUHT,train
20260830_055438_EZDDXF,train
20260830_055553_ATRASB,train
20260830_055624_QWNLCL,train
20260830_055942_PAZPLX,eval
20260830_060242_UDJATU,train
20260830_061406_YFYKUH,train
20260830_061457_QXWVVL,train
20260830_061744_XYYKQL,eval
20260830_062031_FYAQNQ,train
20260830_062239_FADXXT,eval
20260830_062357_LSPADQ,train
20260830_062626_LPZRQR,train
20260830_062947_MJEZFH,train
20260830_063314_HACKEX,train
20260830_063555_KHFTMZ,train
20260830_063718_LGGPTP,train
20260830_063833_MUXRQU,train
20260830_063931_GQWZRD,eval
20260830_064234_KWZGJN,train
20260830_064525_VJWDMN,train
20260830_064910_GHVZDC,eval
20260830_065012_HLJVPP,train
20260830_065502_JJRKHB,eval
20260830_065908_GBDWAK,train
20260830_070021_VTMSBC,train
20260830_070259_XZNLHV,train
20260830_071122_XRCVLA,eval
20260830_071150_KQHELM,train
20260830_071625_CKLVVB,train
20260830_071638_WNMUBB,train
20260830_072037_WUWTAA,train
20260830_072040_BMGNRZ,train
20260830_072055_QBAJRS,eval
20260830_073136_CNBGCB,train
20260830_073254_EFUEHL,eval
20260830_073559_KMYLVN,train
20260830_074206_LVJJVH,eval
20260830_074254_RBXFUH,train
20260830_074737_AUNKQL,train
20260830_074829_LDVYYL,train
20260830_075058_VJNWTD,train
20260830_075255_KRRGUR,train
20260830_075311_WWWRKM,train
20260830_075729_YSJNTT,train
20260830_080036_YKQKNK,train
20260830_080044_YBQFBS,eval
20260830_080156_BSMRPU,train
20260830_080225_ZVCKPX,train
20260830_080254_JBPXDQ,train
20260830_080424_LYJSVJ,train
20260830_081529_KPCDJR,train
20260830_081611_RBEBBQ,train
20260830_081658_RXEUAH,train
20260830_082432_ZRRCXU,train
20260830_082446_KSGZPD,train
20260830_082551_SHLSZG,train
20260830_082947_ULSSSV,train
20260830_082958_BWLZTL,train
20260830_083132_QUTSSN,train
20260830_083207_RQKHQP,train
20260830_083641_DBHYMG,eval
20260830_084515_WEGKSW,train
20260830_084520_MGPNLM,train
20260830_085047_PDAPZC,train
20260830_085511_SZBLKH,train
20260830_090932_SZBBBH,train
20260830_091626_XTADSV,train
20260830_091639_LTTKGX,train
20260830_092021_EHHULS,eval
20260830_093124_TYALDZ,eval
20260830_093241_QVTCVA,train
20260830_093330_UVQXLB,train
20260830_094356_CDVKJQ,train
20260830_095348_PRSENQ,eval
20260830_095723_EVJLMT,train
20260830_095729_TQMAXN,train
20260830_095921_VCYCMF,eval
20260830_100211_UNBAAT,eval
20260830_100857_KPVLQQ,train
20260830_102534_XLYVNJ,train
20260830_104109_NTKJGS,train
20260830_105300_WNXLQY,train
20260830_110119_FJFURK,train
20260830_112508_BGCBRA,eval
20260830_112609_RXHKCJ,train
20260830_113755_MMHEYA,train
20260830_114341_RTLXTR,train
20260830_114939_STHQYN,train
20260830_120054_BQKYQZ,train
20260830_120615_TQHYTD,train
20260830_123424_UQKEYS,train
20260830_124405_NVDPHT,eval
20260830_125154_XJESBQ,train
20260830_130337_FFPHUW,train
20260830_130756_AHLACU,eval
20260830_130909_JFJHUY,train
20260830_131229_ALZARA,train
20260830_133648_TFLQVS,train
20260830_133932_QXCFVB,train
20260830_135214_SVHYAL,eval
20260830_135750_XFJHVB,eval
20260830_140229_RTMSRP,train
20260830_142612_XKKCZE,train
20260830_143728_YKJVUH,eval
20260830_144228_XQTDLV,train
20260830_150726_YHNHCU,train
20260830_151941_XQUUYH,eval
20260830_153042_NBTGWW,train
20260830_162943_YPHLGB,train
20260830_215527_MBASRT,eval
20260830_223438_JAPLJR,train
20260830_224858_AMYFGS,train
20260830_230328_UJEYDB,train
20260830_231154_KWHWXC,train
20260830_232234_CCLFNF,eval
20260830_232244_RSGDZZ,train
20260830_232251_GXBYYP,train
20260830_232503_TDLKCA,train
20260830_232535_QYRXYK,train
20260830_232746_HHKFLP,train
20260830_232845_BQCFGS,train
20260830_233229_LMRDXZ,train
20260830_233548_AVEFZP,eval
20260830_233757_AVVVCK,train
20260830_234050_VETVVD,train
20260830_235104_GPCSLE,train
20260830_235213_YGRFUT,train
20260830_235445_AATGGT,eval
20260830_235505_NAQJPV,train
20260830_235624_ABFSTL,eval
20260831_000142_ZURSYQ,train
20260831_000211_XAMJGG,eval
20260831_000516_YDDLCW,train
20260831_000525_FAULDU,eval
20260831_000532_KFKSGP,train
20260831_000552_HGBQCD,train
20260831_000658_SUGTAS,train
20260831_000718_ZHWYBY,train
20260831_000826_SHEAEY,train
20260831_001123_NSXWUP,train
20260831_001319_BEAERN,eval
20260831_001447_BZSPHD,eval
20260831_001550_DDTQVP,train
20260831_001637_GSVWPT,train
20260831_001745_KGFGGX,eval
20260831_002404_ZVKKSE,eval
20260831_002626_HXPUAU,train
20260831_002743_BPGZJC,train
20260831_002754_GHAKGV,train
20260831_002826_HUTXZT,train
20260831_002906_HSKRAH,train
20260831_002938_LQRSNW,train
20260831_003208_XCWAYV,eval
20260831_003252_LFKMYM,train
20260831_003650_THEGBA,train
20260831_003707_XRYSXC,train
20260831_003745_AWKKMR,train
20260831_003814_DEFHTG,train
20260831_004023_XJSTZH,train
20260831_004027_VBQTMJ,train
20260831_004205_VYSJDA,eval
20260831_004208_GKCUJA,eval
20260831_004253_THTSRD,eval
20260831_004331_UNWTJG,train
20260831_004347_KNTPXD,train
20260831_004536_APXFQA,train
20260831_004559_DLPMZK,train
20260831_004922_RKGYSZ,train
20260831_005442_BHBYEA,train
20260831_005524_HFFAYQ,train
20260831_005618_TWBHEY,eval
20260831_005702_JCZVFX,train
20260831_005902_KTSUBY,train
20260831_010131_HWAWDC,eval
20260831_010352_PTWKJW,train
20260831_010510_PXAHQS,eval
20260831_010609_PTVABZ,train
20260831_011220_TAWPJN,eval
20260831_011300_YDQEHE,train
20260831_011643_MKPWWE,train
20260831_011737_XYPQLZ,train
20260831_011910_VUWJVF,train
20260831_012032_PYCUAP,train
20260831_012138_NNPPCL,eval
20260831_012204_UVAGDN,eval
20260831_012216_UBETTS,train
20260831_012221_ULSVJX,train
20260831_012409_MJKPWH,train
20260831_012442_JJUJSG,train
20260831_012809_WCCDZN,train
20260831_012909_NESCPQ,train
20260831_012912_YTCWKV,train
20260831_013044_LLZRLA,train
20260831_013158_SDJCFQ,train
20260831_013535_WAABMQ,train
20260831_013628_WHZZYV,train
20260831_013747_QEYVAH,train
20260831_013824_LPVVBV,train
20260831_013827_WEEMDG,eval
20260831_014121_GLUDSJ,train
20260831_014125_KELZJV,train
20260831_014352_LMAHGZ,train
20260831_014527_TRMVSC,train
20260831_014623_BNAVAT,train
20260831_014924_JCEJEQ,train
20260831_015217_FHLLLD,train
20260831_015619_QFCLTM,train
20260831_015635_NWGKEK,train
20260831_015655_BQRUYL,train
20260831_020106_BVSEEY,train
20260831_020415_LKDTSA,train
20260831_020644_KWVXVK,train
20260831_020759_CTTJGH,train
20260831_021445_MEAXNU,train
20260831_021633_VXLBCW,train
20260831_021914_THSMYN,train
20260831_022201_NYPHHQ,train
20260831_022244_KCFPUR,eval
20260831_022348_QJYGYS,eval
20260831_022349_VZHVYE,train
20260831_022550_VQTCDN,train
20260831_022746_KDCWQW,train
20260831_022951_MFLNKV,train
20260831_022959_SYLPBT,eval
20260831_023251_ELBZCG,train
20260831_023317_UXCUZH,train
20260831_023425_JVKNDP,train
20260831_023629_XNYELE,eval
20260831_023651_VCMGTQ,train
20260831_023848_VGXUBH,train
20260831_024617_LENHFQ,train
20260831_024835_KJPXKG,train
20260831_024952_XSDSCV,train
20260831_025401_BNMGUJ,train
20260831_025626_WMFSNC,train
20260831_025655_YHMJTJ,train
20260831_030048_APSZGB,train
20260831_030104_NJNXVS,train
20260831_030142_RAWKZS,train
20260831_030212_PZLGMQ,train
20260831_030331_NWJXVH,train
20260831_030340_SMDMVH,eval
20260831_030540_FGMAPJ,train
20260831_030639_NRNRDJ,train
20260831_030714_MBMFTG,train
20260831_030823_XRYCPN,eval
20260831_031001_NLEUDH,eval
20260831_031058_ZHMUVS,train
20260831_031301_LSEZCG,train
20260831_031310_CAANFE,eval
20260831_031318_CGSUHR,train
20260831_031652_EUKUKB,train
20260831_031750_EPLVNB,train
20260831_032806_SKAXPP,train
20260831_033009_HXCPNT,train
20260831_033645_MDAEEU,train
20260831_033946_VHWCQA,eval
20260831_034414_JHSPJV,train
20260831_034545_RHCURH,train
20260831_034606_KUBPQP,train
20260831_035132_DAMCZR,eval
20260831_035611_EPTUDB,eval
20260831_035846_HCSNMJ,train
20260831_040301_UQECBT,train
20260831_040612_PMGBHD,eval
20260831_040659_LGAAUD,eval
20260831_040720_CBJXUT,train
20260831_040905_SGTUUB,train
20260831_041239_ZARAUA,train
20260831_041538_HKPQVY,eval
20260831_041904_RUWXAN,eval
20260831_042008_KWAUNZ,train
20260831_042402_HHFAHZ,train
20260831_042738_KUHTYX,eval
20260831_042954_YALDLE,train
20260831_043157_KQLQDX,train
20260831_043205_BQQGAK,eval
20260831_043211_LHARHE,eval
20260831_043313_SWNGSC,train
20260831_043429_HDMMNJ,train
20260831_043806_PYEPXJ,train
20260831_043850_BUATFA,train
20260831_044503_HSVANN,train
20260831_044528_QRWCPY,eval
20260831_044637_PJCCHG,train
20260831_044804_QCATBL,train
20260831_044916_CEDYKJ,eval
20260831_045338_VYVCMM,train
20260831_045614_KSDQAD,train
20260831_045830_LHLVLS,train
20260831_045915_XBMBVK,train
20260831_050548_WPPEPS,train
20260831_050654_SWSZEG,train
20260831_050809_RJAEXJ,train
20260831_050813_GWYQXE,eval
20260831_051114_VLJDTQ,eval
20260831_051135_XMLBHV,train
20260831_051207_YRRBPT,train
20260831_051233_XZSMQQ,train
20260831_051356_ETTYRB,eval
20260831_051514_QYYUHQ,train
20260831_051646_XMFSZX,train
20260831_051711_EWVVSG,eval
20260831_051831_WTAZBE,train
20260831_052053_JLUDNL,train
20260831_052128_PNCBSY,train
20260831_052141_HUYXCC,train
20260831_052307_GYSLAN,eval
20260831_052451_VLQGMB,train
20260831_052604_BMVFHC,train
20260831_052608_XQVMTB,train
20260831_052615_FRRSWY,train
20260831_052853_WXRQJS,train
20260831_052913_ZMUPYX,train
20260831_053139_CWBFVV,train
20260831_053150_DDYKNK,train
20260831_053300_MZEDJN,eval
20260831_053344_CDLFHL,eval
20260831_053410_MVXDGB,train
20260831_053415_BPZREQ,train
20260831_053421_DAWDNT,eval
20260831_053614_ZSXJPQ,train
20260831_053707_LLGTVT,train
20260831_053837_WARZPK,train
20260831_053941_BDSVCQ,train
20260831_054018_HYMVWV,train
20260831_054233_NWEEJZ,train
20260831_054258_WRLMSZ,train
20260831_054321_YRZHCS,eval
20260831_054323_BQXVZL,train
20260831_054337_NQXNPY,train
20260831_054510_ZTTMAZ,eval
20260831_054522_DXWMZM,eval
20260831_054530_UMYFSH,train
20260831_054552_HXNBDM,eval
20260831_054729_QKCYCS,eval
20260831_054733_BWJWEJ,train
20260831_054841_MDXGNJ,train
20260831_054841_NAGHLF,train
20260831_054858_CZEUVY,train
20260831_054924_JAFQUP,train
20260831_055107_STVYRD,train
20260831_055221_CCWBPQ,train
20260831_055345_ZWKJQJ,train
20260831_055523_BTMPSM,train
20260831_060052_CAKSFQ,train
20260831_060206_DPCJVA,train
20260831_060208_PFKNXV,train
20260831_060431_ZUTXWP,train
20260831_060519_VBFBAX,train
20260831_060710_BLAARE,train
20260831_060904_UGZYDL,train
20260831_060916_JNYLTZ,eval
20260831_061022_ZPPZAT,train
20260831_061116_EDDESY,train
20260831_061231_DJKFFV,train
20260831_061252_GVTZEP,train
20260831_061516_AEKQTS,train
20260831_061545_QEFMDM,train
20260831_061612_GWZYCD,train
20260831_061908_FMXPEE,train
20260831_062032_SRPWCA,train
20260831_062045_HYXHNL,eval
20260831_062155_FGADPB,eval
20260831_062531_AQBKYN,train
20260831_062558_NFECUP,train
20260831_063045_YCJFFQ,train
20260831_063115_GAUFKF,eval
20260831_063211_UKMWCL,eval
20260831_063257_LBYMNS,train
20260831_063313_TYAKJU,train
20260831_063402_JFFMAA,train
20260831_063528_VFLBDX,train
20260831_063550_RRLBVP,train
20260831_063552_MVDHNY,train
20260831_063852_ZVXMZA,eval
20260831_063904_YYAXDX,train
20260831_064112_MHBBKY,train
20260831_064231_AAMJYC,train
20260831_064255_CDJXNG,train
20260831_064641_MXMVAJ,train
20260831_064953_BYBPSG,train
20260831_065421_MCAPSS,train
20260831_065426_ALYTEU,train
20260831_065657_RRSATM,eval
20260831_065720_TFHKXD,eval
20260831_065833_HKHDRX,eval
20260831_065846_SZBCJK,train
20260831_070009_WNJSKB,train
20260831_070111_GQTZZR,train
20260831_070150_GJRCNL,train
20260831_070239_WZWKNP,train
20260831_070334_CXJWBQ,train
20260831_070348_BAVXFS,train
20260831_070357_LNZTUW,train
20260831_070650_ZSASWG,eval
20260831_070902_GEAWWF,train
20260831_070922_GMWDBF,train
20260831_071058_AJSWYY,eval
20260831_071535_MKKEDF,eval
20260831_071723_HMCJZF,train
20260831_071831_TMYTLE,eval
20260831_071856_BNNTNH,train
20260831_072018_SKCRMF,train
20260831_072239_CZATZP,train
20260831_072239_EKZPKJ,train
20260831_072444_GFALWN,train
20260831_072552_NEWQYH,train
20260831_072602_FKTXCQ,eval
20260831_072603_ZNMNVU,eval
20260831_072824_AXQRZZ,train
20260831_072926_FWWXFA,eval
20260831_073238_NDKCSZ,train
20260831_073857_MKMSSW,train
20260831_074000_XWSWEU,train
20260831_074310_LTVMPH,eval
20260831_074315_CXPWJA,train
20260831_074428_QKUEFL,train
20260831_074431_LTHNPX,eval
20260831_074443_QBQNNA,eval
20260831_074717_WXJVYT,train
20260831_074828_DZUYHB,train
20260831_074858_FHBPRF,train
20260831_075508_CDQJHV,train
20260831_075736_XUYJNR,train
20260831_080128_VVUKYC,train
20260831_080242_SVPAND,train
20260831_080312_WCBEXN,train
20260831_080417_JZGVZP,train
20260831_080424_UTVZPU,train
20260831_080454_EYZCZC,train
20260831_080601_MTGJEZ,train
20260831_080713_DZHFQW,train
20260831_080750_JXXVBS,train
20260831_080955_MBPBWS,train
20260831_081050_QPGSZW,train
20260831_081117_MBYGLV,train
20260831_081256_LKRHRC,eval
20260831_081320_XFGHHP,train
20260831_081654_FQQFFP,train
20260831_081921_SBLERC,train
20260831_082148_TBNJLP,eval
20260831_082234_BMVVZP,train
20260831_082822_ECEWBK,train
20260831_082825_ZUDZVJ,train
20260831_082938_TJPXBU,train
20260831_083227_VTFFVB,train
20260831_083241_QQNMKG,train
20260831_083309_KXZMXA,train
20260831_083516_GSUTZU,train
20260831_083523_JSEGRL,train
20260831_083655_STAWRD,train
20260831_083925_EXRVMS,train
20260831_084314_TFXYMZ,train
20260831_084838_QSRYYQ,train
20260831_085339_YUSFXR,eval
20260831_085403_PWDUXN,eval
20260831_085654_UYJWEX,train
20260831_085829_SQAWTS,train
20260831_090458_NPNVZL,train
20260831_090720_TUKKMA,eval
20260831_090759_EKWWML,train
20260831_090838_FXTBNS,train
20260831_091617_HSWBMH,train
20260831_091642_FELHUU,eval
20260831_091909_FQAGAK,eval
20260831_091927_CDZHTT,train
20260831_091939_RETKKV,train
20260831_092627_ZEPXGA,train
20260831_092636_RMPTJT,train
20260831_092659_ZDDAJJ,eval
20260831_093213_WBXTBX,train
20260831_093224_DAVKPV,train
20260831_093711_FUDABY,train
20260831_093930_ZLWZFN,train
20260831_093950_TMGAPP,train
20260831_094013_EDACSX,train
20260831_094117_REAHYD,train
20260831_094228_HRKLYG,eval
20260831_094518_WEKHLB,train
20260831_094559_TNFBEP,train
20260831_094621_YJXSXB,eval
20260831_094717_AELCST,train
20260831_095011_JCADQF,train
20260831_095040_LPWFKH,train
20260831_095133_PJXJMS,train
20260831_095445_MTGDYB,eval
20260831_095513_SNVJSV,train
20260831_100204_NKZPCE,eval
20260831_101545_KKLBJH,train
20260831_102007_CFZJRC,train
20260831_102108_NDRXUS,eval
20260831_102111_BBQLPS,train
20260831_102222_CUJNBS,train
20260831_102504_HWQGBE,train
20260831_102539_LPGGJK,train
20260831_103407_GLGJXL,train
20260831_103751_DHQNTW,train
20260831_103933_NYRSJW,train
20260831_103935_FRLRQA,train
20260831_104020_QQTLDB,train
20260831_104450_MHGBVK,eval
20260831_105041_RERETZ,train
20260831_105541_MHUMNY,train
20260831_110519_GSVKGC,train
20260831_110559_XLWRPS,train
20260831_110627_QCRMRB,train
20260831_111242_UGSTGQ,train
20260831_113601_FHHURE,train
20260831_114944_AWHABH,train
20260831_115058_WUPJKW,train
20260831_115539_GRZTRJ,eval
20260831_125805_ENZGZG,train
20260831_130611_XSPYHM,train
20260831_132608_RTUZCX,train
20260831_133610_TFVYVU,train
20260831_133633_DFVAMZ,train
20260831_134429_WWXVPS,train
20260831_135231_AUHACU,train
20260831_135713_RGCHCA,eval
20260831_143802_NBEYUE,train
20260831_144719_QJQBJC,train
20260831_145221_ZXRWMH,train
20260831_161112_MMDCXX,train
20260831_164530_TDJZUK,train
20260831_164710_JCCMAL,eval
20260831_165701_MAANPJ,eval
20260831_170941_HQLEWJ,eval
20260831_172306_ETZBFT,train
20260831_215918_FBDDQS,eval
20260831_224139_CUHKVX,train
20260831_225824_TUGMQT,train
20260831_232208_FABJMV,eval
20260831_232649_GVXEMN,eval
20260831_232735_MTHAGF,train
20260831_232806_SRFWWQ,eval
20260831_233303_VEDHVL,train
20260831_234045_JQVMEL,train
20260831_234429_JCDHFE,eval
20260831_235312_PBLTYE,eval
20260831_235729_PDKYBQ,train
20260901_000134_JZJNXW,train
20260901_000406_MTHUJZ,train
20260901_000551_UETSXV,eval
20260901_000648_KBDMBF,eval
20260901_001303_RQQSCQ,eval
20260901_001446_WNMMMD,train
20260901_001806_TPCZKS,train
20260901_001817_KGUVCN,eval
20260901_001834_URBTEQ,train
20260901_001923_GNGYAT,train
20260901_001955_ACFTAG,train
20260901_002001_HCECAP,train
20260901_002058_SKBLKR,train
20260901_002112_WRVFRX,train
20260901_002315_LKGCKQ,eval
20260901_002516_ALYNVZ,eval
20260901_002634_HTMYWX,train
20260901_002706_HZQVJJ,train
20260901_002717_EUWDHB,train
20260901_002737_DLJQKB,train
20260901_002746_LHZFAX,train
20260901_003126_NBFVGU,train
20260901_003209_DPHSBS,eval
20260901_003802_FQLRRX,train
20260901_004008_FDGSEW,train
20260901_004058_DZDFZE,train
20260901_004219_VQCGKA,train
20260901_004253_ZBKZQC,train
20260901_004304_NRDRXP,train
20260901_004354_ZWJYWA,train
20260901_004431_PBXBPE,train
20260901_004504_ULJKWX,train
20260901_004738_RJKUEM,train
20260901_004739_DWQENM,train
20260901_004818_SDTYAG,train
20260901_004846_WXXURE,eval
20260901_005201_VQWBTW,eval
20260901_005501_CVDRBJ,train
20260901_005553_XXGLYT,train
20260901_005828_GCLMEM,eval
20260901_005840_VLGJDA,train
20260901_010038_XTFEBE,train
20260901_010201_TPXYJX,train
20260901_010214_ESFXNZ,train
20260901_010216_XRBXVK,eval
20260901_010625_HEMUSD,train
20260901_010737_ZNBJXW,eval
20260901_011036_AFQAQB,train
20260901_011234_PVQKLR,train
20260901_011502_UUSJGU,train
20260901_011545_AXVHEK,train
20260901_011556_TNRCGM,train
20260901_011848_EFGVQH,eval
20260901_011911_LUEUCE,train
20260901_012150_JAAURM,train
20260901_012203_PCQEXZ,train
20260901_012230_ENMXLE,eval
20260901_012257_CYTZYT,train
20260901_012338_MLEZUF,train
20260901_012519_SFDMPN,train
20260901_012843_STTCDJ,eval
20260901_013038_YKYGVH,train
20260901_013149_HUVDWX,train
20260901_013502_RUPYXN,train
20260901_013732_XJUNRW,eval
20260901_013800_XUPPBS,train
20260901_013940_JJVXSS,eval
20260901_014213_SMVPAD,train
20260901_014255_UJACPA,train
20260901_014332_CEPGTP,train
20260901_014823_VVLRKS,train
20260901_015110_UBLYLX,train
20260901_015519_XYMWLJ,train
20260901_015806_CZCAZV,train
20260901_015858_XENJNW,train
20260901_020035_CCTZKY,train
20260901_020217_NKVUPH,train
20260901_020503_HDNEUW,train
20260901_020537_PDZNAP,train
20260901_020619_YJSUPB,train
20260901_020659_KGEXMB,train
20260901_020909_RHGFPL,eval
20260901_021029_EHZMQM,train
20260901_021114_CJDHFD,train
20260901_021220_NUKBGW,eval
20260901_021241_PHGHEH,train
20260901_021423_DXACKU,eval
20260901_021510_MMPGMC,train
20260901_021618_AWWHEZ,train
20260901_021624_HBPGAN,train
20260901_021722_AZUSJZ,train
20260901_021730_QAJFQZ,train
20260901_022032_CXDNPT,train
20260901_022034_NGKTAE,train
20260901_022211_PXZTFP,train
20260901_022234_KFKSJQ,train
20260901_022507_LUXEZX,eval
20260901_022912_XBENJR,eval
20260901_023316_ZMWMRN,train
20260901_023336_XBSQBK,train
20260901_023423_BSFRSN,eval
20260901_023437_AAEAKG,eval
20260901_023748_FCLNDH,eval
20260901_024032_HDHWZC,train
20260901_024041_VZVFBY,train
20260901_024101_ZSEEHX,train
20260901_024102_BACGKN,eval
20260901_024106_GCWKMG,eval
20260901_024123_DHJPKY,train
20260901_024315_YAVWZN,eval
20260901_024521_CRWSVH,train
20260901_024552_RUQTWD,train
20260901_024724_BJPZFM,train
20260901_024744_ECSGAJ,train
20260901_024858_PBFJRT,train
20260901_025339_ESGBXB,train
20260901_025518_BTQCTB,train
20260901_025703_YSATUB,eval
20260901_025711_UXLZVS,eval
20260901_025908_WNJJTJ,train
20260901_030046_VLEXFH,eval
20260901_030154_JDKGLG,train
20260901_030412_MHMKQR,train
20260901_030425_SQLTHD,train
20260901_030428_XGYVGS,train
20260901_030822_PVTZCX,train
20260901_030926_AJMJNF,eval
20260901_031601_QLJKLZ,eval
20260901_031609_ZNZEDC,train
20260901_031623_CJPQGH,train
20260901_031801_YAJZRQ,train
20260901_031945_KPJGAB,train
20260901_032237_DDTHHJ,train
20260901_032343_RXNBBH,train
20260901_032858_RYMCDJ,train
20260901_033142_HABATP,train
20260901_033156_GVGPKC,train
20260901_033741_TCQUUE,eval
20260901_033806_TJGTCR,train
20260901_033917_JMDKJJ,train
20260901_034236_LEUXXR,train
20260901_034521_GCHJEU,train
20260901_034808_DBBWPM,train
20260901_034846_XSVJKP,eval
20260901_035242_NKWECE,train
20260901_035622_NZJXRL,train
20260901_035806_XWHZXH,train
20260901_035851_CDYMJB,eval
20260901_040045_KGJNTH,eval
20260901_040057_XDWPCS,train
20260901_040150_ECFYSV,train
20260901_040410_CDTMBT,train
20260901_040634_FCNRPC,train
20260901_040635_UHMFQX,train
20260901_040655_JRCUWD,train
20260901_040800_WDRYFE,train
20260901_041058_MTEUJK,train
20260901_042108_WNEAFL,train
20260901_043028_BJXKMU,train
20260901_043624_CDCABE,train
20260901_043641_MDKAUY,train
20260901_043727_RFPMVD,train
20260901_043832_NXDEUH,train
20260901_044003_ANHQCP,train
20260901_044152_ZGNEFQ,train
20260901_044211_GQEVEF,train
20260901_044249_VYQSBL,train
20260901_044306_KFCEAJ,train
20260901_044458_QTKVWK,train
20260901_044707_MWANEH,train
20260901_044730_BWKNMB,train
20260901_044824_WHGJTC,train
20260901_045002_HTFNVA,train
20260901_045014_BXAWQF,train
20260901_045154_ESCFZP,eval
20260901_045411_VJTEBW,train
20260901_045600_PMSUMB,train
20260901_045645_ZJJLZE,train
20260901_045648_CSFCSE,eval
20260901_045753_HLXBHD,eval
20260901_045819_GQQZWU,train
20260901_045949_YYHUFP,eval
20260901_050019_KEENEB,eval
20260901_050133_CQNGYE,train
20260901_050147_YSYEYY,train
20260901_050303_PFUCUH,train
20260901_050950_WMHJAN,train
20260901_051102_JEYXWW,train
20260901_051113_VWRCLT,train
20260901_051442_YSEWWK,train
20260901_051627_JVGAWZ,train
20260901_051730_NWHMTU,train
20260901_051804_UBQMEX,train
20260901_051848_MYAKGM,eval
20260901_051924_VHSARB,eval
20260901_052337_PWBBMS,train
20260901_052349_ZYDTSZ,train
20260901_052530_ZYUYBH,train
20260901_052534_QGTELA,train
20260901_052654_JAQZTV,train
20260901_052951_KLQNUD,train
20260901_053003_RTKWNK,eval
20260901_053136_JDZYWT,train
20260901_053209_AZUJMP,eval
20260901_053432_YNCUCA,train
20260901_053507_CJWWXS,eval
20260901_053509_HJTPWU,train
20260901_053714_PTRDGU,eval
20260901_053714_UQBQZB,train
20260901_053939_RJUCYW,train
20260901_054006_FBGNXH,train
20260901_054219_UNHGUQ,eval
20260901_054259_TVGGMG,train
20260901_054322_MZTJHQ,train
20260901_054506_CDPVPZ,train
20260901_054800_XRDALZ,eval
20260901_055021_NZYRSA,train
20260901_055129_PERJQK,train
20260901_055208_XQMPNY,train
20260901_055300_ANQZUJ,train
20260901_055316_SZPFZE,train
20260901_055646_KSCGKN,eval
20260901_055703_MHCPGV,eval
20260901_055744_TTMZHP,train
20260901_060409_NATDRU,train
20260901_060516_STBSDH,train
20260901_060610_WKBJNZ,train
20260901_060646_JDNPXG,train
20260901_060831_NQBGFX,eval
20260901_060836_SMTQVX,train
20260901_060850_GNRTPW,train
20260901_060934_BBZSAX,train
20260901_061026_ETUSYT,eval
20260901_061107_AHQZUG,train
20260901_061141_KUJMFB,eval
20260901_061155_KJRQYQ,eval
20260901_061316_JYRXPJ,train
20260901_061426_QPPGFF,train
20260901_061441_DHPWHR,train
20260901_061634_EFCWHL,train
20260901_061711_KMVRSU,train
20260901_061748_LEMPTU,train
20260901_062313_DLMPHS,train
20260901_062352_GWDHMP,train
20260901_062436_EJBHSX,train
20260901_062459_SWWUKG,train
20260901_062505_RLYXSZ,train
20260901_062526_DMNARP,train
20260901_062550_VBDBJE,train
20260901_062701_LJSJSE,train
20260901_062813_NCYYBX,eval
20260901_063050_YXBNYJ,train
20260901_063438_WDVPCW,train
20260901_063451_MFALPV,eval
20260901_063609_MGATNY,train
20260901_063624_PPAHCV,train
20260901_063802_FEHBDY,train
20260901_064239_GLETJX,train
20260901_064330_ZCBUMH,train
20260901_064725_WVTGUG,train
20260901_064925_EDSUMV,train
20260901_065051_DVVEVD,train
20260901_065115_DHKFMT,train
20260901_065427_NYXHDL,eval
20260901_065635_DEXUDA,eval
20260901_065657_VBLKKR,train
20260901_065719_HDKVSB,eval
20260901_065754_LUACEU,train
20260901_065809_UXLPAP,train
20260901_065831_AGSKCY,train
20260901_070007_RPJKFD,eval
20260901_070111_GSNBYQ,eval
20260901_070226_BMAHLA,train
20260901_070233_EAQPBG,train
20260901_070254_XDWHQN,train
20260901_070406_LCURRM,eval
20260901_070414_RLYNQX,eval
20260901_070735_BRSUXQ,eval
20260901_070822_CNYKGN,train
20260901_070830_DLCSGL,eval
20260901_070941_CVAZNQ,train
20260901_071249_WYABPP,eval
20260901_071554_ZXYDKU,train
20260901_071831_QYUDXV,train
20260901_072019_QFPQMM,train
20260901_072025_WUQVYR,train
20260901_072254_HDPHUB,eval
20260901_072334_XTBEJJ,train
20260901_072413_WARCPH,train
20260901_072608_CSAXEZ,train
20260901_072627_EVQBBV,train
20260901_072702_EYXCPR,train
20260901_072722_KCJBMT,train
20260901_072813_LHTGUJ,train
20260901_073443_RPAPWD,train
20260901_073659_SJAYBB,eval
20260901_073817_QWZYJH,train
20260901_073959_SKCWAK,train
20260901_074153_KZKUDH,eval
20260901_074543_MXHMFA,train
20260901_074727_BVECJZ,train
20260901_074928_XSRFZW,train
20260901_074956_EFVXML,eval
20260901_075009_QUSNWD,eval
20260901_075133_NVGUXS,train
20260901_080001_XUSCAT,train
20260901_080030_TGUPKE,train
20260901_080052_JDYBJM,train
20260901_080802_QKUZFE,train
20260901_080933_HHCXUL,train
20260901_081154_ZFWWEZ,train
20260901_081342_RKRUXE,train
20260901_081413_TQKMQS,eval
20260901_081421_XLXRTA,train
20260901_081606_ZLMAFS,eval
20260901_081626_FMLEWW,train
20260901_081652_HAQUKS,train
20260901_081744_RGKGQN,train
20260901_082058_GCUNHQ,eval
20260901_082202_GPDUZP,train
20260901_082214_PCGWLL,train
20260901_082444_HUNYQA,train
20260901_082521_ERLZDE,train
20260901_082542_YFDZVS,train
20260901_082949_BDQGCQ,eval
20260901_083556_EFFKFJ,train
20260901_084403_SBHTRZ,train
20260901_084548_JLGCKY,train
20260901_084950_WECCAE,train
20260901_085046_WMKPSA,eval
20260901_085648_UZHFGN,train
20260901_085835_BEHVTN,train
20260901_090138_ZETSAL,train
20260901_090214_QQXQWR,train
20260901_090311_CWEHGQ,train
20260901_090601_YXYNDP,eval
20260901_091236_EJHTDN,train
20260901_091252_DJWBBA,train
20260901_091323_BJGKGY,train
20260901_091340_QDLPPY,train
20260901_091841_YMXWLL,train
20260901_092025_AYCHCV,train
20260901_092509_ZAYMPA,train
20260901_092629_PUZJYR,train
20260901_092845_PQDVPL,train
20260901_093017_UEFGCZ,train
20260901_093229_NMCKBM,train
20260901_093633_CPLNZK,train
20260901_093658_RTPLNK,train
20260901_095055_JRKWAD,train
20260901_095510_DSJRQK,train
20260901_095715_LLTJYU,train
20260901_100018_MDKCZC,train
20260901_100153_ACSQLS,train
20260901_100330_MWKLVT,train
20260901_100854_VMVWHS,train
20260901_100916_HMPTGK,train
20260901_101251_LYVTFA,train
20260901_101457_HFUEGL,train
20260901_101527_KVXXUP,train
20260901_101842_LHJPCZ,train
20260901_102034_QADZSQ,train
20260901_102259_WNKRHQ,train
20260901_103018_MTWMWP,train
20260901_103041_VXUMJZ,train
20260901_103337_RNSCAP,train
20260901_103501_KFYBPD,train
20260901_103615_ZKTRFA,train
20260901_103801_ERZLEN,eval
20260901_103917_JLNCDT,train
20260901_103938_KYLLBX,train
20260901_104043_XVLNPU,train
20260901_104051_DHKAHL,train
20260901_104545_XXSJBG,eval
20260901_104823_ZQJRNA,train
20260901_105043_AHBDGQ,eval
20260901_105324_MJKLTK,eval
20260901_105446_ZRGYND,train
20260901_110341_NGUKPU,train
20260901_110937_QJDZWP,train
20260901_111254_VSTPLB,eval
20260901_114830_RLLASC,train
20260901_120349_CSEPJB,train
20260901_121535_ZEJLLP,train
20260901_121935_LWKNNK,train
20260901_122255_FJCSHQ,train
20260901_124206_LSXRCF,train
20260901_124230_BQFRNM,eval
20260901_124635_VJGCFT,train
20260901_125441_LPLRRW,train
20260901_134522_LJVUUL,train
20260901_141208_CHRRWZ,train
20260901_141543_QFNKQY,train
20260901_143428_NTWZQL,train
20260901_151812_CHMFPA,train
20260901_153547_MHABNS,train
20260901_153954_SLTAGW,train
20260901_160737_NYVHQD,train
20260901_160909_RENRGB,train
20260901_161029_YTNSZB,train
20260901_161039_GXRPMD,train
20260901_161843_ABYZLQ,train
20260901_165930_UWRQJF,eval
20260901_223538_FDDGKM,eval
20260901_230226_FPZKQY,train
20260901_232113_PUGPNS,train
20260901_232117_YJXQQN,train
20260901_232811_GSXQMK,train
20260901_232833_BHPDXH,eval
20260901_233758_PBVTRW,train
20260901_234403_DBQSML,eval
20260901_235033_UJHUGQ,train
20260901_235051_XVRWNR,train
20260901_235713_CFXGSH,train
20260902_000025_RZGQCQ,train
20260902_000050_JBBUJJ,train
20260902_000516_UTHHWX,eval
20260902_000639_HWPHGE,train
20260902_000656_BGJCGV,train
20260902_000718_GSYWXB,train
20260902_000719_DCETVJ,train
20260902_000811_DCYQQP,train
20260902_001017_PDAEGJ,train
20260902_001053_SFSHSG,train
20260902_001302_YVDXDH,eval
20260902_001455_FBCGFR,eval
20260902_001540_HJAEWA,train
20260902_001653_GZBCYW,train
20260902_001927_MMFVVB,eval
20260902_001936_BFBGSN,train
20260902_001937_TDZXYL,train
20260902_002038_WASUBA,eval
20260902_002121_RSENMU,train
20260902_002222_GATCAX,train
20260902_002304_RLWQDQ,train
20260902_002426_CVUYMN,train
20260902_002532_JPARLC,train
20260902_003553_VMVCGV,train
20260902_003715_RNUHJP,train
20260902_003915_SYMHSN,train
20260902_003946_EWRZJP,train
20260902_004635_DEDMWX,train
20260902_005207_QGWVCX,train
20260902_005633_VYSEPU,train
20260902_005925_RWDZEP,train
20260902_010028_BXHXXK,eval
20260902_010347_QKRHVZ,train
20260902_010357_BVXPMF,train
20260902_010411_WFQEDD,train
20260902_010520_VRAGWW,train
20260902_010546_JZRQXW,train
20260902_010613_YZBDQS,eval
20260902_010859_HSVCQY,train
20260902_011009_XNHCZJ,train
20260902_011106_GZZXTJ,train
20260902_011506_ESMZSP,eval
20260902_011614_WLZLCE,eval
20260902_011648_EBFSXH,train
20260902_011848_YYUWCE,train
20260902_012133_EBBCVF,train
20260902_012534_WUACQT,train
20260902_012730_HXKRTM,train
20260902_012828_BHGEBK,train
20260902_013228_USWWTJ,eval
20260902_013303_ARTZJY,train
20260902_013419_WEDLTW,train
20260902_013615_FGPTBX,eval
20260902_013743_AWERAU,train
20260902_013753_NXGPCZ,train
20260902_014735_YGCGVT,train
20260902_015713_MWNEFJ,eval
20260902_015837_VDCVSY,train
20260902_020115_ZUXKKH,train
20260902_020543_FLLDHK,train
20260902_020715_YZKJQH,train
20260902_020839_GGFFMB,train
20260902_021312_KDRHMH,train
20260902_021329_NYJMRK,train
20260902_021337_LTZZBY,train
20260902_021440_VFYTVT,eval
20260902_021650_WBFFGM,train
20260902_021753_QXUCQN,eval
20260902_021835_NPYUAC,train
20260902_021923_NHYUHT,train
20260902_022124_TMDCSD,train
20260902_022231_TJBVEF,train
20260902_022345_QJAYBK,train
20260902_022508_GSCDNH,train
20260902_022558_KCWSKT,train
20260902_022619_FWRYWJ,eval
20260902_022632_GJALGZ,eval
20260902_023154_EEMXVQ,train
20260902_023242_CTCBKK,train
20260902_023421_UJRPTB,train
20260902_023935_UADATM,train
20260902_023955_VPKDEW,train
20260902_024010_RBMUZX,train
20260902_024434_DGQULH,eval
20260902_024724_HRPUJN,train
20260902_024916_QYDWMS,train
20260902_024933_EKTKBN,train
20260902_025131_YTLLBX,train
20260902_025404_WLFYKM,train
20260902_025633_QYKHML,train
20260902_025749_GGDMRA,train
20260902_030104_SGWKTE,train
20260902_030107_MLNBMR,eval
20260902_030128_YLSUEJ,train
20260902_030238_LWFPWH,train
20260902_030343_YVZNYC,train
20260902_030725_UKRKDV,train
20260902_031020_SYDZPT,train
20260902_031319_TJHXDY,train
20260902_031831_MXVYMZ,train
20260902_032017_ESPDEN,eval
20260902_032235_LHKVTP,eval
20260902_032650_QETQCY,train
20260902_032715_RDASQS,train
20260902_032841_WFTCCK,train
20260902_032929_FJKYVE,train
20260902_033239_YTFHYM,train
20260902_033722_NNJBEQ,train
20260902_033732_DQFEQZ,train
20260902_033744_CLDBLC,eval
20260902_033846_MKQART,train
20260902_034253_PDUZXL,train
20260902_041153_QDXHCL,eval
20260902_041236_TDJYMA,eval
20260902_041849_KRQSWH,eval
20260902_042703_QEKVJB,train
20260902_042752_KCHRPE,train
20260902_042836_BHYNNZ,train
20260902_043018_YWKCDC,train
20260902_043953_LECTCC,train
20260902_044231_BRPHTM,train
20260902_044348_TXFMGS,eval
20260902_044931_GMMFWK,train
20260902_044937_UKSUBT,train
20260902_045031_ZQBZNR,train
20260902_045116_KJKFPV,eval
20260902_045144_NAELFW,train
20260902_045257_SFMULX,train
20260902_045518_NUDEZU,train
20260902_045916_YFQUUF,train
20260902_045940_NVRFDR,train
20260902_045941_CNFSRT,eval
20260902_050123_UUSFJZ,train
20260902_050140_DUCRLR,eval
20260902_050221_ZXRYFE,train
20260902_050337_RYSYHA,train
20260902_050847_ZCKXVV,train
20260902_050857_LVFXGQ,train
20260902_051430_VFUDXG,train
20260902_051745_XLZURP,train
20260902_052156_AYPKNV,train
20260902_052209_HDAFFT,train
20260902_052333_XDNFMV,train
20260902_052339_QEWLWD,train
20260902_052409_LZBMHF,train
20260902_052631_JMKLUB,train
20260902_052747_XPECFS,eval
20260902_052804_MDLMUX,train
20260902_053021_WBGTZH,train
20260902_053207_PPSLFD,train
20260902_053718_TNYHLA,eval
20260902_053809_YFRQDD,train
20260902_053837_PLBSDT,train
20260902_054129_DCXUQG,eval
20260902_054248_WHAMPD,train
20260902_054559_YXFQCT,train
20260902_055134_VKDVDK,train
20260902_055354_CEXTFY,train
20260902_055657_QUDQZV,train
20260902_055744_QSWSGU,train
20260902_055813_DJXCYE,train
20260902_055851_ZXPKKT,train
20260902_060003_DMTXLT,train
20260902_060014_RSTYUH,train
20260902_060318_GQUZPQ,train
20260902_060347_PDFLVQ,train
20260902_060551_TBMTMU,train
20260902_060616_UWSYUE,eval
20260902_060655_XLTNTN,train
20260902_060705_WLZUJX,train
20260902_061301_EBLXSV,train
20260902_061318_THFMJL,train
20260902_061357_NSBTEJ,train
20260902_061406_BYQDVP,train
20260902_061650_SANYGH,train
20260902_061750_HUHRDJ,train
20260902_062032_WDQKYJ,train
20260902_062044_KGTKZB,train
20260902_062237_WPZBTT,eval
20260902_062831_PFDCJY,train
20260902_063638_CXSDRJ,train
20260902_063900_SVXNZK,train
20260902_064215_KQYCEP,train
20260902_064244_NFFWTJ,train
20260902_064318_HSEDNG,eval
20260902_064447_HZYKHC,train
20260902_064548_CLBMJF,train
20260902_064706_NGTCZY,train
20260902_065010_VLCQQE,eval
20260902_065225_MAWCNQ,train
20260902_065635_QJVLUP,train
20260902_065938_RZGQUY,train
20260902_065939_YSKPBH,eval
20260902_070232_CRJCPK,train
20260902_070303_NNHNCZ,train
20260902_070326_USETBV,eval
20260902_070440_ZELXLM,train
20260902_070636_JNDEGA,train
20260902_070814_YWYQGY,eval
20260902_070853_UVZKTU,train
20260902_071035_HYRHHH,train
20260902_071415_GCCMCW,train
20260902_071641_THNKNL,train
20260902_072348_WXGCGZ,eval
20260902_073315_RNSRTQ,train
20260902_073540_SKZDFT,train
20260902_074320_QGBDMH,train
20260902_074425_FMEFMM,train
20260902_074607_AMEBYE,train
20260902_074944_TWMULU,train
20260902_075406_SRPHER,train
20260902_075445_NLNRWZ,train
20260902_075802_NHBQZL,train
20260902_080001_LXSRSZ,eval
20260902_080202_PBDEEL,train
20260902_080240_TKKQVB,eval
20260902_080637_GHPVVV,eval
20260902_080922_JHBGDD,eval
20260902_081009_XEWNQA,train
20260902_081300_CHRCJV,train
20260902_081826_LBMEXH,train
20260902_082036_QXKFRL,train
20260902_082131_HGPTPX,train
20260902_083218_FDVHNS,eval
20260902_083545_AEUCJF,train
20260902_083724_GGBFQK,train
20260902_084341_YLSAFK,train
20260902_084527_VPPFUL,train
20260902_084726_WFRGEK,train
20260902_084739_WBZGTH,eval
20260902_085802_KDWMQC,eval
20260902_085909_TWJNVJ,train
20260902_090051_BHQJLF,eval
20260902_091835_VEGVNP,train
20260902_092247_WXYWGJ,train
20260902_093214_AFHPPE,train
20260902_093245_AQKSSJ,eval
20260902_093259_HKWSBN,train
20260902_093721_VSQWHY,train
20260902_093724_ZQZMND,train
20260902_093951_JJEFDG,train
20260902_094106_THRPPV,train
20260902_094139_VVCWAH,train
20260902_094444_YVKZQF,train
20260902_094837_WLVMEU,train
20260902_100153_ULBWGE,train
20260902_100232_BGJFYP,train
20260902_100410_CHLMBB,train
20260902_101031_HMQSSF,train
20260902_101043_DJEPAK,train
20260902_101148_TDSFQM,eval
20260902_102707_FVATBQ,train
20260902_102850_XNJJCT,train
20260902_103045_SZFGGE,train
20260902_103201_EWCWCE,eval
20260902_103249_HFKZXU,eval
20260902_103552_HUYKXT,train
20260902_103714_MSUEVE,train
20260902_103943_JMTASU,eval
20260902_104330_NGXQFL,eval
20260902_104953_MXDKHW,train
20260902_105704_LWJRUC,train
20260902_113207_GHCEHK,train
20260902_115834_XBTWVG,train
20260902_120840_XKYEVY,train
20260902_121029_YCUGFJ,train
20260903_011556_WJZFDT,train
20260903_031237_NHNCGS,train
20260904_132622_DNYHPY,train
20260913_225959_UMGKME,train
20260919_172644_XGCNVK,eval
20260923_231342_ZVYUPD,eval
20260924_001517_CJXCFY,train
20261030_115712_BYZBMF,train
20261101_133544_DHKUQJ,train
20261103_185137_ZHJTQQ,train
20261107_130555_ZLPUFF,train
20261115_104422_LLQFKF,eval
20261123_163919_NHGEFA,train
20261125_165845_VSPDPC,train
20261129_020258_DWKMZH,eval
20261208_082544_JPLJHP,train
20261209_113127_BCKRLC,train
20261214_235319_TBPHEW,train
