2026-09-30 01:24:11,522 - mmdet - INFO - Environment info:
------------------------------------------------------------
sys.platform: linux
Python: 3.12.3 (main, Jun 19 2026, 12:46:00) [GCC 13.3.0]
CUDA available: True
GPU 0,1,2,3,4,5,6,7: NVIDIA H100 80GB HBM3
CUDA_HOME: /usr/local/cuda
NVCC: Build cuda_13.0.r13.0/compiler.36424714_0
GCC: gcc (Ubuntu 13.3.0-6ubuntu2~24.04.1) 13.3.0
PyTorch: 2.13.0+cu130
PyTorch compiling details: PyTorch built with:
  - GCC 13.3
  - C++ Version: 202002
  - Intel(R) oneAPI Math Kernel Library Version 2024.2-Product Build 20240605 for Intel(R) 64 architecture applications
  - Intel(R) MKL-DNN v3.12.0 (Git Hash 80afa71049cd69a3df32adcccb623b12cd7baa22)
  - OpenMP 201511 (a.k.a. OpenMP 4.5)
  - LAPACK is enabled (usually provided by MKL)
  - NNPACK is enabled
  - CPU capability usage: AVX512
  - CUDA Runtime 13.0
  - NVCC architecture flags: -gencode;arch=compute_75,code=sm_75;-gencode;arch=compute_80,code=sm_80;-gencode;arch=compute_86,code=sm_86;-gencode;arch=compute_90,code=sm_90;-gencode;arch=compute_100,code=sm_100;-gencode;arch=compute_120,code=sm_120
  - CuDNN 92.0  (built against CUDA 13.2)
  - Magma 2.6.1
  - Build settings: BLAS_INFO=mkl, BUILD_TYPE=Release, COMMIT_SHA=cf30153c4c131c8164ee7798e5022d810682e2cb, CUDA_FLAGS= -DLIBCUDACXX_ENABLE_SIMPLIFIED_COMPLEX_OPERATIONS -Xfatbin -compress-all -DONNX_NAMESPACE=onnx_torch -gencode arch=compute_75,code=sm_75 -gencode arch=compute_80,code=sm_80 -gencode arch=compute_86,code=sm_86 -gencode arch=compute_90,code=sm_90 -gencode arch=compute_100,code=sm_100 -gencode arch=compute_120,code=sm_120 -Xcudafe --diag_suppress=cc_clobber_ignored,--diag_suppress=field_without_dll_interface,--diag_suppress=base_class_has_different_dll_interface,--diag_suppress=dll_interface_conflict_none_assumed,--diag_suppress=dll_interface_conflict_dllexport_assumed,--diag_suppress=bad_friend_decl --expt-relaxed-constexpr --expt-extended-lambda -Xfatbin -compress-all --threads 2 -compress-mode=size -Wno-deprecated-gpu-targets --expt-extended-lambda -DCUB_WRAPPED_NAMESPACE=at_cuda_detail -DDISABLE_CUSPARSE_DEPRECATED -DCUDA_HAS_FP16=1 -D__CUDA_NO_HALF_OPERATORS__ -D__CUDA_NO_HALF_CONVERSIONS__ -D__CUDA_NO_HALF2_OPERATORS__ -D__CUDA_NO_BFLOAT16_CONVERSIONS__ -DC10_NODEPRECATED, CUDA_VERSION=13.0, CUDNN_VERSION=9.20.0, CXX_COMPILER=/opt/rh/gcc-toolset-13/root/usr/bin/c++, CXX_FLAGS= -fvisibility-inlines-hidden -DUSE_PTHREADPOOL -DNDEBUG -DUSE_KINETO -DHAS_CUPTI -DUSE_FBGEMM -DUSE_MSLK -DUSE_PYTORCH_QNNPACK -DSYMBOLICATE_MOBILE_DEBUG_HANDLE -O2 -fPIC -DC10_NODEPRECATED -Wall -Wextra -Werror=return-type -Werror=non-virtual-dtor -Werror=range-loop-construct -Werror=bool-operation -Wnarrowing -Wno-missing-field-initializers -Wno-unknown-pragmas -Wno-unused-parameter -Wno-strict-overflow -Wno-strict-aliasing -Wno-stringop-overflow -Wsuggest-override -Wno-psabi -Wno-error=old-style-cast -faligned-new -Wno-maybe-uninitialized -fno-math-errno -fno-trapping-math -Werror=format -Wno-dangling-reference -Wno-error=dangling-reference -Wno-stringop-overflow, LAPACK_INFO=mkl, PERF_WITH_AVX=1, PERF_WITH_AVX2=1, TORCH_VERSION=2.13.0, USE_CUDA=1, USE_CUDNN=ON, USE_CUSPARSELT=1, USE_GFLAGS=OFF, USE_GLOG=OFF, USE_GLOO=ON, USE_MKL=ON, USE_MKLDNN=ON, USE_MPI=OFF, USE_NCCL=ON, USE_NNPACK=ON, USE_OPENMP=ON, USE_ROCM=OFF, USE_ROCM_KERNEL_ASSERT=OFF, USE_XCCL=OFF, USE_XPU=OFF, 

TorchVision: 0.28.0+cu130
OpenCV: 4.11.0
MMCV: 1.4.0
MMCV Compiler: n/a (scrfd_shim: mmcv compiled without ops)
MMCV CUDA Compiler: n/a (scrfd_shim: mmcv compiled without ops)
MMDetection: 2.7.0+
------------------------------------------------------------

2026-09-30 01:24:12,004 - mmdet - INFO - Distributed training: True
2026-09-30 01:24:12,673 - mmdet - INFO - Config:
optimizer = dict(
    type='AdamW',
    lr=0.0001,
    weight_decay=0.05,
    betas=(0.9, 0.999),
    paramwise_cfg=dict(
        custom_keys=dict({
            'backbone.patch_embed.':
            dict(lr_mult=0.0037778931862957215),
            'backbone.pos_embed':
            dict(lr_mult=0.0037778931862957215, decay_mult=0.0),
            'backbone.cls_token':
            dict(lr_mult=0.0037778931862957215, decay_mult=0.0),
            'backbone.register_tokens':
            dict(lr_mult=0.0037778931862957215, decay_mult=0.0),
            'backbone.patch_embed.proj.bias':
            dict(lr_mult=0.0037778931862957215, decay_mult=0.0),
            'backbone.blocks.0.':
            dict(lr_mult=0.004722366482869652),
            'backbone.blocks.0.norm1.weight':
            dict(lr_mult=0.004722366482869652, decay_mult=0.0),
            'backbone.blocks.0.norm1.bias':
            dict(lr_mult=0.004722366482869652, decay_mult=0.0),
            'backbone.blocks.0.norm2.weight':
            dict(lr_mult=0.004722366482869652, decay_mult=0.0),
            'backbone.blocks.0.norm2.bias':
            dict(lr_mult=0.004722366482869652, decay_mult=0.0),
            'backbone.blocks.0.ls1.gamma':
            dict(lr_mult=0.004722366482869652, decay_mult=0.0),
            'backbone.blocks.0.ls2.gamma':
            dict(lr_mult=0.004722366482869652, decay_mult=0.0),
            'backbone.blocks.0.attn.qkv.bias':
            dict(lr_mult=0.004722366482869652, decay_mult=0.0),
            'backbone.blocks.0.attn.proj.bias':
            dict(lr_mult=0.004722366482869652, decay_mult=0.0),
            'backbone.blocks.0.mlp.fc1.bias':
            dict(lr_mult=0.004722366482869652, decay_mult=0.0),
            'backbone.blocks.0.mlp.fc2.bias':
            dict(lr_mult=0.004722366482869652, decay_mult=0.0),
            'backbone.blocks.1.':
            dict(lr_mult=0.005902958103587064),
            'backbone.blocks.1.norm1.weight':
            dict(lr_mult=0.005902958103587064, decay_mult=0.0),
            'backbone.blocks.1.norm1.bias':
            dict(lr_mult=0.005902958103587064, decay_mult=0.0),
            'backbone.blocks.1.norm2.weight':
            dict(lr_mult=0.005902958103587064, decay_mult=0.0),
            'backbone.blocks.1.norm2.bias':
            dict(lr_mult=0.005902958103587064, decay_mult=0.0),
            'backbone.blocks.1.ls1.gamma':
            dict(lr_mult=0.005902958103587064, decay_mult=0.0),
            'backbone.blocks.1.ls2.gamma':
            dict(lr_mult=0.005902958103587064, decay_mult=0.0),
            'backbone.blocks.1.attn.qkv.bias':
            dict(lr_mult=0.005902958103587064, decay_mult=0.0),
            'backbone.blocks.1.attn.proj.bias':
            dict(lr_mult=0.005902958103587064, decay_mult=0.0),
            'backbone.blocks.1.mlp.fc1.bias':
            dict(lr_mult=0.005902958103587064, decay_mult=0.0),
            'backbone.blocks.1.mlp.fc2.bias':
            dict(lr_mult=0.005902958103587064, decay_mult=0.0),
            'backbone.blocks.2.':
            dict(lr_mult=0.00737869762948383),
            'backbone.blocks.2.norm1.weight':
            dict(lr_mult=0.00737869762948383, decay_mult=0.0),
            'backbone.blocks.2.norm1.bias':
            dict(lr_mult=0.00737869762948383, decay_mult=0.0),
            'backbone.blocks.2.norm2.weight':
            dict(lr_mult=0.00737869762948383, decay_mult=0.0),
            'backbone.blocks.2.norm2.bias':
            dict(lr_mult=0.00737869762948383, decay_mult=0.0),
            'backbone.blocks.2.ls1.gamma':
            dict(lr_mult=0.00737869762948383, decay_mult=0.0),
            'backbone.blocks.2.ls2.gamma':
            dict(lr_mult=0.00737869762948383, decay_mult=0.0),
            'backbone.blocks.2.attn.qkv.bias':
            dict(lr_mult=0.00737869762948383, decay_mult=0.0),
            'backbone.blocks.2.attn.proj.bias':
            dict(lr_mult=0.00737869762948383, decay_mult=0.0),
            'backbone.blocks.2.mlp.fc1.bias':
            dict(lr_mult=0.00737869762948383, decay_mult=0.0),
            'backbone.blocks.2.mlp.fc2.bias':
            dict(lr_mult=0.00737869762948383, decay_mult=0.0),
            'backbone.blocks.3.':
            dict(lr_mult=0.009223372036854787),
            'backbone.blocks.3.norm1.weight':
            dict(lr_mult=0.009223372036854787, decay_mult=0.0),
            'backbone.blocks.3.norm1.bias':
            dict(lr_mult=0.009223372036854787, decay_mult=0.0),
            'backbone.blocks.3.norm2.weight':
            dict(lr_mult=0.009223372036854787, decay_mult=0.0),
            'backbone.blocks.3.norm2.bias':
            dict(lr_mult=0.009223372036854787, decay_mult=0.0),
            'backbone.blocks.3.ls1.gamma':
            dict(lr_mult=0.009223372036854787, decay_mult=0.0),
            'backbone.blocks.3.ls2.gamma':
            dict(lr_mult=0.009223372036854787, decay_mult=0.0),
            'backbone.blocks.3.attn.qkv.bias':
            dict(lr_mult=0.009223372036854787, decay_mult=0.0),
            'backbone.blocks.3.attn.proj.bias':
            dict(lr_mult=0.009223372036854787, decay_mult=0.0),
            'backbone.blocks.3.mlp.fc1.bias':
            dict(lr_mult=0.009223372036854787, decay_mult=0.0),
            'backbone.blocks.3.mlp.fc2.bias':
            dict(lr_mult=0.009223372036854787, decay_mult=0.0),
            'backbone.blocks.4.':
            dict(lr_mult=0.011529215046068483),
            'backbone.blocks.4.norm1.weight':
            dict(lr_mult=0.011529215046068483, decay_mult=0.0),
            'backbone.blocks.4.norm1.bias':
            dict(lr_mult=0.011529215046068483, decay_mult=0.0),
            'backbone.blocks.4.norm2.weight':
            dict(lr_mult=0.011529215046068483, decay_mult=0.0),
            'backbone.blocks.4.norm2.bias':
            dict(lr_mult=0.011529215046068483, decay_mult=0.0),
            'backbone.blocks.4.ls1.gamma':
            dict(lr_mult=0.011529215046068483, decay_mult=0.0),
            'backbone.blocks.4.ls2.gamma':
            dict(lr_mult=0.011529215046068483, decay_mult=0.0),
            'backbone.blocks.4.attn.qkv.bias':
            dict(lr_mult=0.011529215046068483, decay_mult=0.0),
            'backbone.blocks.4.attn.proj.bias':
            dict(lr_mult=0.011529215046068483, decay_mult=0.0),
            'backbone.blocks.4.mlp.fc1.bias':
            dict(lr_mult=0.011529215046068483, decay_mult=0.0),
            'backbone.blocks.4.mlp.fc2.bias':
            dict(lr_mult=0.011529215046068483, decay_mult=0.0),
            'backbone.blocks.5.':
            dict(lr_mult=0.014411518807585602),
            'backbone.blocks.5.norm1.weight':
            dict(lr_mult=0.014411518807585602, decay_mult=0.0),
            'backbone.blocks.5.norm1.bias':
            dict(lr_mult=0.014411518807585602, decay_mult=0.0),
            'backbone.blocks.5.norm2.weight':
            dict(lr_mult=0.014411518807585602, decay_mult=0.0),
            'backbone.blocks.5.norm2.bias':
            dict(lr_mult=0.014411518807585602, decay_mult=0.0),
            'backbone.blocks.5.ls1.gamma':
            dict(lr_mult=0.014411518807585602, decay_mult=0.0),
            'backbone.blocks.5.ls2.gamma':
            dict(lr_mult=0.014411518807585602, decay_mult=0.0),
            'backbone.blocks.5.attn.qkv.bias':
            dict(lr_mult=0.014411518807585602, decay_mult=0.0),
            'backbone.blocks.5.attn.proj.bias':
            dict(lr_mult=0.014411518807585602, decay_mult=0.0),
            'backbone.blocks.5.mlp.fc1.bias':
            dict(lr_mult=0.014411518807585602, decay_mult=0.0),
            'backbone.blocks.5.mlp.fc2.bias':
            dict(lr_mult=0.014411518807585602, decay_mult=0.0),
            'backbone.blocks.6.':
            dict(lr_mult=0.018014398509482003),
            'backbone.blocks.6.norm1.weight':
            dict(lr_mult=0.018014398509482003, decay_mult=0.0),
            'backbone.blocks.6.norm1.bias':
            dict(lr_mult=0.018014398509482003, decay_mult=0.0),
            'backbone.blocks.6.norm2.weight':
            dict(lr_mult=0.018014398509482003, decay_mult=0.0),
            'backbone.blocks.6.norm2.bias':
            dict(lr_mult=0.018014398509482003, decay_mult=0.0),
            'backbone.blocks.6.ls1.gamma':
            dict(lr_mult=0.018014398509482003, decay_mult=0.0),
            'backbone.blocks.6.ls2.gamma':
            dict(lr_mult=0.018014398509482003, decay_mult=0.0),
            'backbone.blocks.6.attn.qkv.bias':
            dict(lr_mult=0.018014398509482003, decay_mult=0.0),
            'backbone.blocks.6.attn.proj.bias':
            dict(lr_mult=0.018014398509482003, decay_mult=0.0),
            'backbone.blocks.6.mlp.fc1.bias':
            dict(lr_mult=0.018014398509482003, decay_mult=0.0),
            'backbone.blocks.6.mlp.fc2.bias':
            dict(lr_mult=0.018014398509482003, decay_mult=0.0),
            'backbone.blocks.7.':
            dict(lr_mult=0.022517998136852502),
            'backbone.blocks.7.norm1.weight':
            dict(lr_mult=0.022517998136852502, decay_mult=0.0),
            'backbone.blocks.7.norm1.bias':
            dict(lr_mult=0.022517998136852502, decay_mult=0.0),
            'backbone.blocks.7.norm2.weight':
            dict(lr_mult=0.022517998136852502, decay_mult=0.0),
            'backbone.blocks.7.norm2.bias':
            dict(lr_mult=0.022517998136852502, decay_mult=0.0),
            'backbone.blocks.7.ls1.gamma':
            dict(lr_mult=0.022517998136852502, decay_mult=0.0),
            'backbone.blocks.7.ls2.gamma':
            dict(lr_mult=0.022517998136852502, decay_mult=0.0),
            'backbone.blocks.7.attn.qkv.bias':
            dict(lr_mult=0.022517998136852502, decay_mult=0.0),
            'backbone.blocks.7.attn.proj.bias':
            dict(lr_mult=0.022517998136852502, decay_mult=0.0),
            'backbone.blocks.7.mlp.fc1.bias':
            dict(lr_mult=0.022517998136852502, decay_mult=0.0),
            'backbone.blocks.7.mlp.fc2.bias':
            dict(lr_mult=0.022517998136852502, decay_mult=0.0),
            'backbone.blocks.8.':
            dict(lr_mult=0.028147497671065624),
            'backbone.blocks.8.norm1.weight':
            dict(lr_mult=0.028147497671065624, decay_mult=0.0),
            'backbone.blocks.8.norm1.bias':
            dict(lr_mult=0.028147497671065624, decay_mult=0.0),
            'backbone.blocks.8.norm2.weight':
            dict(lr_mult=0.028147497671065624, decay_mult=0.0),
            'backbone.blocks.8.norm2.bias':
            dict(lr_mult=0.028147497671065624, decay_mult=0.0),
            'backbone.blocks.8.ls1.gamma':
            dict(lr_mult=0.028147497671065624, decay_mult=0.0),
            'backbone.blocks.8.ls2.gamma':
            dict(lr_mult=0.028147497671065624, decay_mult=0.0),
            'backbone.blocks.8.attn.qkv.bias':
            dict(lr_mult=0.028147497671065624, decay_mult=0.0),
            'backbone.blocks.8.attn.proj.bias':
            dict(lr_mult=0.028147497671065624, decay_mult=0.0),
            'backbone.blocks.8.mlp.fc1.bias':
            dict(lr_mult=0.028147497671065624, decay_mult=0.0),
            'backbone.blocks.8.mlp.fc2.bias':
            dict(lr_mult=0.028147497671065624, decay_mult=0.0),
            'backbone.blocks.9.':
            dict(lr_mult=0.03518437208883203),
            'backbone.blocks.9.norm1.weight':
            dict(lr_mult=0.03518437208883203, decay_mult=0.0),
            'backbone.blocks.9.norm1.bias':
            dict(lr_mult=0.03518437208883203, decay_mult=0.0),
            'backbone.blocks.9.norm2.weight':
            dict(lr_mult=0.03518437208883203, decay_mult=0.0),
            'backbone.blocks.9.norm2.bias':
            dict(lr_mult=0.03518437208883203, decay_mult=0.0),
            'backbone.blocks.9.ls1.gamma':
            dict(lr_mult=0.03518437208883203, decay_mult=0.0),
            'backbone.blocks.9.ls2.gamma':
            dict(lr_mult=0.03518437208883203, decay_mult=0.0),
            'backbone.blocks.9.attn.qkv.bias':
            dict(lr_mult=0.03518437208883203, decay_mult=0.0),
            'backbone.blocks.9.attn.proj.bias':
            dict(lr_mult=0.03518437208883203, decay_mult=0.0),
            'backbone.blocks.9.mlp.fc1.bias':
            dict(lr_mult=0.03518437208883203, decay_mult=0.0),
            'backbone.blocks.9.mlp.fc2.bias':
            dict(lr_mult=0.03518437208883203, decay_mult=0.0),
            'backbone.blocks.10.':
            dict(lr_mult=0.043980465111040035),
            'backbone.blocks.10.norm1.weight':
            dict(lr_mult=0.043980465111040035, decay_mult=0.0),
            'backbone.blocks.10.norm1.bias':
            dict(lr_mult=0.043980465111040035, decay_mult=0.0),
            'backbone.blocks.10.norm2.weight':
            dict(lr_mult=0.043980465111040035, decay_mult=0.0),
            'backbone.blocks.10.norm2.bias':
            dict(lr_mult=0.043980465111040035, decay_mult=0.0),
            'backbone.blocks.10.ls1.gamma':
            dict(lr_mult=0.043980465111040035, decay_mult=0.0),
            'backbone.blocks.10.ls2.gamma':
            dict(lr_mult=0.043980465111040035, decay_mult=0.0),
            'backbone.blocks.10.attn.qkv.bias':
            dict(lr_mult=0.043980465111040035, decay_mult=0.0),
            'backbone.blocks.10.attn.proj.bias':
            dict(lr_mult=0.043980465111040035, decay_mult=0.0),
            'backbone.blocks.10.mlp.fc1.bias':
            dict(lr_mult=0.043980465111040035, decay_mult=0.0),
            'backbone.blocks.10.mlp.fc2.bias':
            dict(lr_mult=0.043980465111040035, decay_mult=0.0),
            'backbone.blocks.11.':
            dict(lr_mult=0.054975581388800036),
            'backbone.blocks.11.norm1.weight':
            dict(lr_mult=0.054975581388800036, decay_mult=0.0),
            'backbone.blocks.11.norm1.bias':
            dict(lr_mult=0.054975581388800036, decay_mult=0.0),
            'backbone.blocks.11.norm2.weight':
            dict(lr_mult=0.054975581388800036, decay_mult=0.0),
            'backbone.blocks.11.norm2.bias':
            dict(lr_mult=0.054975581388800036, decay_mult=0.0),
            'backbone.blocks.11.ls1.gamma':
            dict(lr_mult=0.054975581388800036, decay_mult=0.0),
            'backbone.blocks.11.ls2.gamma':
            dict(lr_mult=0.054975581388800036, decay_mult=0.0),
            'backbone.blocks.11.attn.qkv.bias':
            dict(lr_mult=0.054975581388800036, decay_mult=0.0),
            'backbone.blocks.11.attn.proj.bias':
            dict(lr_mult=0.054975581388800036, decay_mult=0.0),
            'backbone.blocks.11.mlp.fc1.bias':
            dict(lr_mult=0.054975581388800036, decay_mult=0.0),
            'backbone.blocks.11.mlp.fc2.bias':
            dict(lr_mult=0.054975581388800036, decay_mult=0.0),
            'backbone.blocks.12.':
            dict(lr_mult=0.06871947673600004),
            'backbone.blocks.12.norm1.weight':
            dict(lr_mult=0.06871947673600004, decay_mult=0.0),
            'backbone.blocks.12.norm1.bias':
            dict(lr_mult=0.06871947673600004, decay_mult=0.0),
            'backbone.blocks.12.norm2.weight':
            dict(lr_mult=0.06871947673600004, decay_mult=0.0),
            'backbone.blocks.12.norm2.bias':
            dict(lr_mult=0.06871947673600004, decay_mult=0.0),
            'backbone.blocks.12.ls1.gamma':
            dict(lr_mult=0.06871947673600004, decay_mult=0.0),
            'backbone.blocks.12.ls2.gamma':
            dict(lr_mult=0.06871947673600004, decay_mult=0.0),
            'backbone.blocks.12.attn.qkv.bias':
            dict(lr_mult=0.06871947673600004, decay_mult=0.0),
            'backbone.blocks.12.attn.proj.bias':
            dict(lr_mult=0.06871947673600004, decay_mult=0.0),
            'backbone.blocks.12.mlp.fc1.bias':
            dict(lr_mult=0.06871947673600004, decay_mult=0.0),
            'backbone.blocks.12.mlp.fc2.bias':
            dict(lr_mult=0.06871947673600004, decay_mult=0.0),
            'backbone.blocks.13.':
            dict(lr_mult=0.08589934592000005),
            'backbone.blocks.13.norm1.weight':
            dict(lr_mult=0.08589934592000005, decay_mult=0.0),
            'backbone.blocks.13.norm1.bias':
            dict(lr_mult=0.08589934592000005, decay_mult=0.0),
            'backbone.blocks.13.norm2.weight':
            dict(lr_mult=0.08589934592000005, decay_mult=0.0),
            'backbone.blocks.13.norm2.bias':
            dict(lr_mult=0.08589934592000005, decay_mult=0.0),
            'backbone.blocks.13.ls1.gamma':
            dict(lr_mult=0.08589934592000005, decay_mult=0.0),
            'backbone.blocks.13.ls2.gamma':
            dict(lr_mult=0.08589934592000005, decay_mult=0.0),
            'backbone.blocks.13.attn.qkv.bias':
            dict(lr_mult=0.08589934592000005, decay_mult=0.0),
            'backbone.blocks.13.attn.proj.bias':
            dict(lr_mult=0.08589934592000005, decay_mult=0.0),
            'backbone.blocks.13.mlp.fc1.bias':
            dict(lr_mult=0.08589934592000005, decay_mult=0.0),
            'backbone.blocks.13.mlp.fc2.bias':
            dict(lr_mult=0.08589934592000005, decay_mult=0.0),
            'backbone.blocks.14.':
            dict(lr_mult=0.10737418240000006),
            'backbone.blocks.14.norm1.weight':
            dict(lr_mult=0.10737418240000006, decay_mult=0.0),
            'backbone.blocks.14.norm1.bias':
            dict(lr_mult=0.10737418240000006, decay_mult=0.0),
            'backbone.blocks.14.norm2.weight':
            dict(lr_mult=0.10737418240000006, decay_mult=0.0),
            'backbone.blocks.14.norm2.bias':
            dict(lr_mult=0.10737418240000006, decay_mult=0.0),
            'backbone.blocks.14.ls1.gamma':
            dict(lr_mult=0.10737418240000006, decay_mult=0.0),
            'backbone.blocks.14.ls2.gamma':
            dict(lr_mult=0.10737418240000006, decay_mult=0.0),
            'backbone.blocks.14.attn.qkv.bias':
            dict(lr_mult=0.10737418240000006, decay_mult=0.0),
            'backbone.blocks.14.attn.proj.bias':
            dict(lr_mult=0.10737418240000006, decay_mult=0.0),
            'backbone.blocks.14.mlp.fc1.bias':
            dict(lr_mult=0.10737418240000006, decay_mult=0.0),
            'backbone.blocks.14.mlp.fc2.bias':
            dict(lr_mult=0.10737418240000006, decay_mult=0.0),
            'backbone.blocks.15.':
            dict(lr_mult=0.13421772800000006),
            'backbone.blocks.15.norm1.weight':
            dict(lr_mult=0.13421772800000006, decay_mult=0.0),
            'backbone.blocks.15.norm1.bias':
            dict(lr_mult=0.13421772800000006, decay_mult=0.0),
            'backbone.blocks.15.norm2.weight':
            dict(lr_mult=0.13421772800000006, decay_mult=0.0),
            'backbone.blocks.15.norm2.bias':
            dict(lr_mult=0.13421772800000006, decay_mult=0.0),
            'backbone.blocks.15.ls1.gamma':
            dict(lr_mult=0.13421772800000006, decay_mult=0.0),
            'backbone.blocks.15.ls2.gamma':
            dict(lr_mult=0.13421772800000006, decay_mult=0.0),
            'backbone.blocks.15.attn.qkv.bias':
            dict(lr_mult=0.13421772800000006, decay_mult=0.0),
            'backbone.blocks.15.attn.proj.bias':
            dict(lr_mult=0.13421772800000006, decay_mult=0.0),
            'backbone.blocks.15.mlp.fc1.bias':
            dict(lr_mult=0.13421772800000006, decay_mult=0.0),
            'backbone.blocks.15.mlp.fc2.bias':
            dict(lr_mult=0.13421772800000006, decay_mult=0.0),
            'backbone.blocks.16.':
            dict(lr_mult=0.1677721600000001),
            'backbone.blocks.16.norm1.weight':
            dict(lr_mult=0.1677721600000001, decay_mult=0.0),
            'backbone.blocks.16.norm1.bias':
            dict(lr_mult=0.1677721600000001, decay_mult=0.0),
            'backbone.blocks.16.norm2.weight':
            dict(lr_mult=0.1677721600000001, decay_mult=0.0),
            'backbone.blocks.16.norm2.bias':
            dict(lr_mult=0.1677721600000001, decay_mult=0.0),
            'backbone.blocks.16.ls1.gamma':
            dict(lr_mult=0.1677721600000001, decay_mult=0.0),
            'backbone.blocks.16.ls2.gamma':
            dict(lr_mult=0.1677721600000001, decay_mult=0.0),
            'backbone.blocks.16.attn.qkv.bias':
            dict(lr_mult=0.1677721600000001, decay_mult=0.0),
            'backbone.blocks.16.attn.proj.bias':
            dict(lr_mult=0.1677721600000001, decay_mult=0.0),
            'backbone.blocks.16.mlp.fc1.bias':
            dict(lr_mult=0.1677721600000001, decay_mult=0.0),
            'backbone.blocks.16.mlp.fc2.bias':
            dict(lr_mult=0.1677721600000001, decay_mult=0.0),
            'backbone.blocks.17.':
            dict(lr_mult=0.20971520000000007),
            'backbone.blocks.17.norm1.weight':
            dict(lr_mult=0.20971520000000007, decay_mult=0.0),
            'backbone.blocks.17.norm1.bias':
            dict(lr_mult=0.20971520000000007, decay_mult=0.0),
            'backbone.blocks.17.norm2.weight':
            dict(lr_mult=0.20971520000000007, decay_mult=0.0),
            'backbone.blocks.17.norm2.bias':
            dict(lr_mult=0.20971520000000007, decay_mult=0.0),
            'backbone.blocks.17.ls1.gamma':
            dict(lr_mult=0.20971520000000007, decay_mult=0.0),
            'backbone.blocks.17.ls2.gamma':
            dict(lr_mult=0.20971520000000007, decay_mult=0.0),
            'backbone.blocks.17.attn.qkv.bias':
            dict(lr_mult=0.20971520000000007, decay_mult=0.0),
            'backbone.blocks.17.attn.proj.bias':
            dict(lr_mult=0.20971520000000007, decay_mult=0.0),
            'backbone.blocks.17.mlp.fc1.bias':
            dict(lr_mult=0.20971520000000007, decay_mult=0.0),
            'backbone.blocks.17.mlp.fc2.bias':
            dict(lr_mult=0.20971520000000007, decay_mult=0.0),
            'backbone.blocks.18.':
            dict(lr_mult=0.2621440000000001),
            'backbone.blocks.18.norm1.weight':
            dict(lr_mult=0.2621440000000001, decay_mult=0.0),
            'backbone.blocks.18.norm1.bias':
            dict(lr_mult=0.2621440000000001, decay_mult=0.0),
            'backbone.blocks.18.norm2.weight':
            dict(lr_mult=0.2621440000000001, decay_mult=0.0),
            'backbone.blocks.18.norm2.bias':
            dict(lr_mult=0.2621440000000001, decay_mult=0.0),
            'backbone.blocks.18.ls1.gamma':
            dict(lr_mult=0.2621440000000001, decay_mult=0.0),
            'backbone.blocks.18.ls2.gamma':
            dict(lr_mult=0.2621440000000001, decay_mult=0.0),
            'backbone.blocks.18.attn.qkv.bias':
            dict(lr_mult=0.2621440000000001, decay_mult=0.0),
            'backbone.blocks.18.attn.proj.bias':
            dict(lr_mult=0.2621440000000001, decay_mult=0.0),
            'backbone.blocks.18.mlp.fc1.bias':
            dict(lr_mult=0.2621440000000001, decay_mult=0.0),
            'backbone.blocks.18.mlp.fc2.bias':
            dict(lr_mult=0.2621440000000001, decay_mult=0.0),
            'backbone.blocks.19.':
            dict(lr_mult=0.3276800000000001),
            'backbone.blocks.19.norm1.weight':
            dict(lr_mult=0.3276800000000001, decay_mult=0.0),
            'backbone.blocks.19.norm1.bias':
            dict(lr_mult=0.3276800000000001, decay_mult=0.0),
            'backbone.blocks.19.norm2.weight':
            dict(lr_mult=0.3276800000000001, decay_mult=0.0),
            'backbone.blocks.19.norm2.bias':
            dict(lr_mult=0.3276800000000001, decay_mult=0.0),
            'backbone.blocks.19.ls1.gamma':
            dict(lr_mult=0.3276800000000001, decay_mult=0.0),
            'backbone.blocks.19.ls2.gamma':
            dict(lr_mult=0.3276800000000001, decay_mult=0.0),
            'backbone.blocks.19.attn.qkv.bias':
            dict(lr_mult=0.3276800000000001, decay_mult=0.0),
            'backbone.blocks.19.attn.proj.bias':
            dict(lr_mult=0.3276800000000001, decay_mult=0.0),
            'backbone.blocks.19.mlp.fc1.bias':
            dict(lr_mult=0.3276800000000001, decay_mult=0.0),
            'backbone.blocks.19.mlp.fc2.bias':
            dict(lr_mult=0.3276800000000001, decay_mult=0.0),
            'backbone.blocks.20.':
            dict(lr_mult=0.4096000000000001),
            'backbone.blocks.20.norm1.weight':
            dict(lr_mult=0.4096000000000001, decay_mult=0.0),
            'backbone.blocks.20.norm1.bias':
            dict(lr_mult=0.4096000000000001, decay_mult=0.0),
            'backbone.blocks.20.norm2.weight':
            dict(lr_mult=0.4096000000000001, decay_mult=0.0),
            'backbone.blocks.20.norm2.bias':
            dict(lr_mult=0.4096000000000001, decay_mult=0.0),
            'backbone.blocks.20.ls1.gamma':
            dict(lr_mult=0.4096000000000001, decay_mult=0.0),
            'backbone.blocks.20.ls2.gamma':
            dict(lr_mult=0.4096000000000001, decay_mult=0.0),
            'backbone.blocks.20.attn.qkv.bias':
            dict(lr_mult=0.4096000000000001, decay_mult=0.0),
            'backbone.blocks.20.attn.proj.bias':
            dict(lr_mult=0.4096000000000001, decay_mult=0.0),
            'backbone.blocks.20.mlp.fc1.bias':
            dict(lr_mult=0.4096000000000001, decay_mult=0.0),
            'backbone.blocks.20.mlp.fc2.bias':
            dict(lr_mult=0.4096000000000001, decay_mult=0.0),
            'backbone.blocks.21.':
            dict(lr_mult=0.5120000000000001),
            'backbone.blocks.21.norm1.weight':
            dict(lr_mult=0.5120000000000001, decay_mult=0.0),
            'backbone.blocks.21.norm1.bias':
            dict(lr_mult=0.5120000000000001, decay_mult=0.0),
            'backbone.blocks.21.norm2.weight':
            dict(lr_mult=0.5120000000000001, decay_mult=0.0),
            'backbone.blocks.21.norm2.bias':
            dict(lr_mult=0.5120000000000001, decay_mult=0.0),
            'backbone.blocks.21.ls1.gamma':
            dict(lr_mult=0.5120000000000001, decay_mult=0.0),
            'backbone.blocks.21.ls2.gamma':
            dict(lr_mult=0.5120000000000001, decay_mult=0.0),
            'backbone.blocks.21.attn.qkv.bias':
            dict(lr_mult=0.5120000000000001, decay_mult=0.0),
            'backbone.blocks.21.attn.proj.bias':
            dict(lr_mult=0.5120000000000001, decay_mult=0.0),
            'backbone.blocks.21.mlp.fc1.bias':
            dict(lr_mult=0.5120000000000001, decay_mult=0.0),
            'backbone.blocks.21.mlp.fc2.bias':
            dict(lr_mult=0.5120000000000001, decay_mult=0.0),
            'backbone.blocks.22.':
            dict(lr_mult=0.6400000000000001),
            'backbone.blocks.22.norm1.weight':
            dict(lr_mult=0.6400000000000001, decay_mult=0.0),
            'backbone.blocks.22.norm1.bias':
            dict(lr_mult=0.6400000000000001, decay_mult=0.0),
            'backbone.blocks.22.norm2.weight':
            dict(lr_mult=0.6400000000000001, decay_mult=0.0),
            'backbone.blocks.22.norm2.bias':
            dict(lr_mult=0.6400000000000001, decay_mult=0.0),
            'backbone.blocks.22.ls1.gamma':
            dict(lr_mult=0.6400000000000001, decay_mult=0.0),
            'backbone.blocks.22.ls2.gamma':
            dict(lr_mult=0.6400000000000001, decay_mult=0.0),
            'backbone.blocks.22.attn.qkv.bias':
            dict(lr_mult=0.6400000000000001, decay_mult=0.0),
            'backbone.blocks.22.attn.proj.bias':
            dict(lr_mult=0.6400000000000001, decay_mult=0.0),
            'backbone.blocks.22.mlp.fc1.bias':
            dict(lr_mult=0.6400000000000001, decay_mult=0.0),
            'backbone.blocks.22.mlp.fc2.bias':
            dict(lr_mult=0.6400000000000001, decay_mult=0.0),
            'backbone.blocks.23.':
            dict(lr_mult=0.8),
            'backbone.blocks.23.norm1.weight':
            dict(lr_mult=0.8, decay_mult=0.0),
            'backbone.blocks.23.norm1.bias':
            dict(lr_mult=0.8, decay_mult=0.0),
            'backbone.blocks.23.norm2.weight':
            dict(lr_mult=0.8, decay_mult=0.0),
            'backbone.blocks.23.norm2.bias':
            dict(lr_mult=0.8, decay_mult=0.0),
            'backbone.blocks.23.ls1.gamma':
            dict(lr_mult=0.8, decay_mult=0.0),
            'backbone.blocks.23.ls2.gamma':
            dict(lr_mult=0.8, decay_mult=0.0),
            'backbone.blocks.23.attn.qkv.bias':
            dict(lr_mult=0.8, decay_mult=0.0),
            'backbone.blocks.23.attn.proj.bias':
            dict(lr_mult=0.8, decay_mult=0.0),
            'backbone.blocks.23.mlp.fc1.bias':
            dict(lr_mult=0.8, decay_mult=0.0),
            'backbone.blocks.23.mlp.fc2.bias':
            dict(lr_mult=0.8, decay_mult=0.0),
            'backbone.norm.':
            dict(lr_mult=1.0, decay_mult=0.0)
        }),
        norm_decay_mult=0.0,
        bias_decay_mult=0.0))
optimizer_config = dict(
    type='GradientCumulativeOptimizerHook',
    cumulative_iters=1,
    grad_clip=dict(max_norm=1.0, norm_type=2))
lr_config = dict(
    policy='step',
    warmup='linear',
    warmup_iters=1000,
    warmup_ratio=0.001,
    step=[21, 27])
total_epochs = 30
checkpoint_config = dict(interval=1)
log_config = dict(interval=50, hooks=[dict(type='TextLoggerHook')])
dist_params = dict(backend='nccl')
log_level = 'INFO'
load_from = None
work_dir = '/mnt/cachefs/esteban/pii/runs/train/wd_armAT_fluence'
resume_from = None
workflow = [('train', 1)]
dataset_type = 'RetinaFaceDataset'
data_root = 'data/retinaface/'
train_root = 'data/retinaface/train/'
val_root = 'data/retinaface/val/'
img_norm_cfg = dict(
    mean=[127.5, 127.5, 127.5], std=[128.0, 128.0, 128.0], to_rgb=True)
train_pipeline = [
    dict(type='LoadImageFromFile', to_float32=True),
    dict(type='LoadAnnotations', with_bbox=True, with_keypoints=True),
    dict(
        type='RandomSquareCrop',
        crop_choice=[0.3, 0.45, 0.6, 0.8, 1.0, 1.2, 1.4, 1.6, 1.8, 2.0],
        bbox_clip_border=False),
    dict(
        type='Resize',
        img_scale=(672, 672),
        keep_ratio=False,
        bbox_clip_border=False),
    dict(type='RandomFlip', flip_ratio=0.5),
    dict(
        type='PhotoMetricDistortion',
        brightness_delta=32,
        contrast_range=(0.5, 1.5),
        saturation_range=(0.5, 1.5),
        hue_delta=18),
    dict(
        type='Normalize',
        mean=[127.5, 127.5, 127.5],
        std=[128.0, 128.0, 128.0],
        to_rgb=True),
    dict(type='DefaultFormatBundle'),
    dict(
        type='Collect',
        keys=[
            'img', 'gt_bboxes', 'gt_labels', 'gt_bboxes_ignore',
            'gt_keypointss'
        ])
]
test_pipeline = [
    dict(type='LoadImageFromFile'),
    dict(
        type='MultiScaleFlipAug',
        img_scale=(640, 640),
        flip=False,
        transforms=[
            dict(type='Resize', keep_ratio=True),
            dict(type='RandomFlip', flip_ratio=0.0),
            dict(
                type='Normalize',
                mean=[127.5, 127.5, 127.5],
                std=[128.0, 128.0, 128.0],
                to_rgb=True),
            dict(type='Pad', size=(640, 640), pad_val=0),
            dict(type='ImageToTensor', keys=['img']),
            dict(type='Collect', keys=['img'])
        ])
]
data = dict(
    samples_per_gpu=8,
    workers_per_gpu=16,
    train=dict(
        type='RetinaFaceDataset',
        ann_file='data/mix_ds/train_Z6.txt',
        img_prefix='data/mix_ds/images/',
        pipeline=[
            dict(type='LoadImageFromFile', to_float32=True),
            dict(type='LoadAnnotations', with_bbox=True, with_keypoints=True),
            dict(
                type='RandomSquareCrop',
                crop_choice=[
                    0.3, 0.45, 0.6, 0.8, 1.0, 1.2, 1.4, 1.6, 1.8, 2.0
                ],
                bbox_clip_border=False),
            dict(
                type='Resize',
                img_scale=(672, 672),
                keep_ratio=False,
                bbox_clip_border=False),
            dict(type='RandomFlip', flip_ratio=0.5),
            dict(
                type='PhotoMetricDistortion',
                brightness_delta=32,
                contrast_range=(0.5, 1.5),
                saturation_range=(0.5, 1.5),
                hue_delta=18),
            dict(
                type='Normalize',
                mean=[127.5, 127.5, 127.5],
                std=[128.0, 128.0, 128.0],
                to_rgb=True),
            dict(type='DefaultFormatBundle'),
            dict(
                type='Collect',
                keys=[
                    'img', 'gt_bboxes', 'gt_labels', 'gt_bboxes_ignore',
                    'gt_keypointss'
                ])
        ]),
    val=dict(
        type='RetinaFaceDataset',
        ann_file='/data/liangzhenghao/face_pii/raw_ds/val/labelv2.txt',
        img_prefix='/data/liangzhenghao/face_pii/raw_ds/images/',
        pipeline=[
            dict(type='LoadImageFromFile'),
            dict(
                type='MultiScaleFlipAug',
                img_scale=(640, 640),
                flip=False,
                transforms=[
                    dict(type='Resize', keep_ratio=True),
                    dict(type='RandomFlip', flip_ratio=0.0),
                    dict(
                        type='Normalize',
                        mean=[127.5, 127.5, 127.5],
                        std=[128.0, 128.0, 128.0],
                        to_rgb=True),
                    dict(type='Pad', size=(640, 640), pad_val=0),
                    dict(type='ImageToTensor', keys=['img']),
                    dict(type='Collect', keys=['img'])
                ])
        ]),
    test=dict(
        type='RetinaFaceDataset',
        ann_file='/data/liangzhenghao/face_pii/raw_ds/val/labelv2.txt',
        img_prefix='/data/liangzhenghao/face_pii/raw_ds/images/',
        pipeline=[
            dict(type='LoadImageFromFile'),
            dict(
                type='MultiScaleFlipAug',
                img_scale=(640, 640),
                flip=False,
                transforms=[
                    dict(type='Resize', keep_ratio=True),
                    dict(type='RandomFlip', flip_ratio=0.0),
                    dict(
                        type='Normalize',
                        mean=[127.5, 127.5, 127.5],
                        std=[128.0, 128.0, 128.0],
                        to_rgb=True),
                    dict(type='Pad', size=(640, 640), pad_val=0),
                    dict(type='ImageToTensor', keys=['img']),
                    dict(type='Collect', keys=['img'])
                ])
        ]))
train_cfg = dict(
    assigner=dict(type='ATSSAssigner', topk=9, ignore_iof_thr=0.5),
    allowed_border=-1,
    pos_weight=-1,
    debug=False,
    neg_weight_zero_prefix='/pii',
    neg_weight_full_substrings=['BTJPSP', 'NQYJPB'],
    neg_weight_pii=0.5,
    qscore='one')
test_cfg = dict(
    nms_pre=-1,
    min_bbox_size=0,
    score_thr=0.02,
    nms=dict(type='nms', iou_threshold=0.45),
    max_per_img=-1)
model = dict(
    type='SCRFD',
    backbone=dict(
        type='DINOv2ViT',
        arch='vitl14',
        patch_size=14,
        registers=True,
        drop_path_rate=0.3,
        out_indices=(5, 11, 17, 23),
        pretrained=
        '/mnt/cachefs/esteban/pii/weights/dinov2_vitl14_reg4_pretrain.pth',
        bf16=True,
        use_checkpoint=False),
    neck=dict(
        type='SimpleFPN14',
        in_channels=1024,
        out_channels=128,
        num_inputs=4,
        fuse_inputs=False),
    bbox_head=dict(
        type='SCRFDHead',
        num_classes=1,
        in_channels=128,
        stacked_convs=2,
        feat_channels=256,
        norm_cfg=dict(type='GN', num_groups=32, requires_grad=True),
        cls_reg_share=True,
        strides_share=True,
        scale_mode=2,
        anchor_generator=dict(
            type='AnchorGenerator',
            ratios=[1.0],
            scales=[1, 2],
            base_sizes=[16, 64, 256],
            strides=[8, 16, 32]),
        loss_cls=dict(
            type='QualityFocalLoss',
            use_sigmoid=True,
            beta=2.0,
            loss_weight=1.0),
        loss_dfl=False,
        reg_max=8,
        loss_bbox=dict(type='DIoULoss', loss_weight=2.0),
        use_kps=True,
        loss_kps=dict(
            type='SmoothL1Loss', beta=0.1111111111111111, loss_weight=0.1),
        train_cfg=dict(
            assigner=dict(type='ATSSAssigner', topk=9, ignore_iof_thr=0.5),
            allowed_border=-1,
            pos_weight=-1,
            debug=False,
            neg_weight_zero_prefix='/pii',
            neg_weight_full_substrings=['BTJPSP', 'NQYJPB'],
            neg_weight_pii=0.5,
            qscore='one'),
        test_cfg=dict(
            nms_pre=-1,
            min_bbox_size=0,
            score_thr=0.02,
            nms=dict(type='nms', iou_threshold=0.45),
            max_per_img=-1)))
evaluation = dict(interval=10000, metric='mAP')
custom_hooks = [
    dict(
        type='EMAHook', momentum=0.0002, interval=1, warm_up=100, priority=49)
]
custom_imports = dict(
    imports=['dinov2_backbone', 'simple_fpn'], allow_failed_imports=False)
gpu_ids = range(0, 8)

2026-09-30 01:24:15,905 - mmdet - INFO - DINOv2ViT(vitl14) loaded /mnt/cachefs/esteban/pii/weights/dinov2_vitl14_reg4_pretrain.pth: 344 keys, missing=[] unexpected=['mask_token']
2026-09-30 01:24:27,600 - mmdet - INFO - Start running, host: esteban@fluence2, work_dir: /mnt/cachefs/esteban/pii/runs/train/wd_armAT_fluence
2026-09-30 01:24:27,600 - mmdet - INFO - Hooks will be executed in the following order:
before_run:
(VERY_HIGH   ) StepLrUpdaterHook                  
(49          ) EMAHook                            
(NORMAL      ) CheckpointHook                     
(VERY_LOW    ) TextLoggerHook                     
 -------------------- 
before_train_epoch:
(VERY_HIGH   ) StepLrUpdaterHook                  
(49          ) EMAHook                            
(NORMAL      ) DistSamplerSeedHook                
(LOW         ) IterTimerHook                      
(VERY_LOW    ) TextLoggerHook                     
 -------------------- 
before_train_iter:
(VERY_HIGH   ) StepLrUpdaterHook                  
(LOW         ) IterTimerHook                      
 -------------------- 
after_train_iter:
(ABOVE_NORMAL) GradientCumulativeOptimizerHook    
(49          ) EMAHook                            
(NORMAL      ) CheckpointHook                     
(LOW         ) IterTimerHook                      
(VERY_LOW    ) TextLoggerHook                     
 -------------------- 
after_train_epoch:
(49          ) EMAHook                            
(NORMAL      ) CheckpointHook                     
(VERY_LOW    ) TextLoggerHook                     
 -------------------- 
before_val_epoch:
(NORMAL      ) DistSamplerSeedHook                
(LOW         ) IterTimerHook                      
(VERY_LOW    ) TextLoggerHook                     
 -------------------- 
before_val_iter:
(LOW         ) IterTimerHook                      
 -------------------- 
after_val_iter:
(LOW         ) IterTimerHook                      
 -------------------- 
after_val_epoch:
(VERY_LOW    ) TextLoggerHook                     
 -------------------- 
after_run:
(VERY_LOW    ) TextLoggerHook                     
 -------------------- 
2026-09-30 01:24:27,600 - mmdet - INFO - workflow: [('train', 1)], max: 30 epochs
2026-09-30 01:24:27,639 - mmdet - INFO - Checkpoints will be saved to /mnt/cachefs/esteban/pii/runs/train/wd_armAT_fluence by HardDiskBackend.
2026-09-30 01:24:59,725 - mmdet - INFO - Epoch [1][50/4741]	lr: 1.887e-08, eta: 1 day, 1:20:05, time: 0.641, data_time: 0.193, memory: 23314, loss_cls: 3.6961, loss_bbox: 2.0762, loss_kps: 0.0000, loss: 5.7724, grad_norm: 23.6366
2026-09-30 01:25:16,995 - mmdet - INFO - Epoch [1][100/4741]	lr: 3.774e-08, eta: 19:28:54, time: 0.345, data_time: 0.014, memory: 23314, loss_cls: 2.5718, loss_bbox: 1.6834, loss_kps: 0.0000, loss: 4.2552, grad_norm: 20.0813
2026-09-30 01:25:34,198 - mmdet - INFO - Epoch [1][150/4741]	lr: 5.661e-08, eta: 17:29:41, time: 0.343, data_time: 0.012, memory: 23314, loss_cls: 2.2798, loss_bbox: 1.1790, loss_kps: 0.0000, loss: 3.4588, grad_norm: 16.8186
2026-09-30 01:25:51,421 - mmdet - INFO - Epoch [1][200/4741]	lr: 7.548e-08, eta: 16:31:03, time: 0.345, data_time: 0.014, memory: 23314, loss_cls: 2.0065, loss_bbox: 1.1192, loss_kps: 0.0000, loss: 3.1257, grad_norm: 18.0697
2026-09-30 01:26:09,211 - mmdet - INFO - Epoch [1][250/4741]	lr: 9.435e-08, eta: 16:01:16, time: 0.356, data_time: 0.013, memory: 23314, loss_cls: 1.8064, loss_bbox: 1.0621, loss_kps: 0.0000, loss: 2.8685, grad_norm: 17.6966
2026-09-30 01:26:28,749 - mmdet - INFO - Epoch [1][300/4741]	lr: 1.132e-07, eta: 15:54:34, time: 0.390, data_time: 0.012, memory: 23314, loss_cls: 1.6268, loss_bbox: 1.0145, loss_kps: 0.0000, loss: 2.6413, grad_norm: 19.7047
2026-09-30 01:26:46,393 - mmdet - INFO - Epoch [1][350/4741]	lr: 1.321e-07, eta: 15:37:01, time: 0.353, data_time: 0.012, memory: 23314, loss_cls: 1.5083, loss_bbox: 0.9750, loss_kps: 0.0000, loss: 2.4833, grad_norm: 17.9040
2026-09-30 01:27:03,878 - mmdet - INFO - Epoch [1][400/4741]	lr: 1.510e-07, eta: 15:23:12, time: 0.351, data_time: 0.013, memory: 23314, loss_cls: 1.3760, loss_bbox: 0.9439, loss_kps: 0.0000, loss: 2.3199, grad_norm: 17.4202
2026-09-30 01:27:21,257 - mmdet - INFO - Epoch [1][450/4741]	lr: 1.698e-07, eta: 15:11:35, time: 0.348, data_time: 0.012, memory: 23314, loss_cls: 1.2739, loss_bbox: 0.9055, loss_kps: 0.0000, loss: 2.1794, grad_norm: 16.9359
2026-09-30 01:27:38,525 - mmdet - INFO - Epoch [1][500/4741]	lr: 1.887e-07, eta: 15:01:32, time: 0.345, data_time: 0.013, memory: 23314, loss_cls: 1.1892, loss_bbox: 0.8747, loss_kps: 0.0000, loss: 2.0640, grad_norm: 16.6933
2026-09-30 01:27:55,649 - mmdet - INFO - Epoch [1][550/4741]	lr: 2.076e-07, eta: 14:52:46, time: 0.342, data_time: 0.012, memory: 23314, loss_cls: 1.1471, loss_bbox: 0.8464, loss_kps: 0.0000, loss: 1.9935, grad_norm: 16.8747
2026-09-30 01:28:12,837 - mmdet - INFO - Epoch [1][600/4741]	lr: 2.264e-07, eta: 14:45:44, time: 0.344, data_time: 0.013, memory: 23314, loss_cls: 1.0972, loss_bbox: 0.8318, loss_kps: 0.0000, loss: 1.9289, grad_norm: 16.7911
2026-09-30 01:28:29,916 - mmdet - INFO - Epoch [1][650/4741]	lr: 2.453e-07, eta: 14:39:16, time: 0.341, data_time: 0.012, memory: 23314, loss_cls: 1.0514, loss_bbox: 0.8293, loss_kps: 0.0000, loss: 1.8807, grad_norm: 17.6883
2026-09-30 01:28:47,223 - mmdet - INFO - Epoch [1][700/4741]	lr: 2.642e-07, eta: 14:34:34, time: 0.347, data_time: 0.012, memory: 23314, loss_cls: 1.0068, loss_bbox: 0.8015, loss_kps: 0.0000, loss: 1.8082, grad_norm: 15.5843
2026-09-30 01:29:04,271 - mmdet - INFO - Epoch [1][750/4741]	lr: 2.831e-07, eta: 14:29:37, time: 0.341, data_time: 0.012, memory: 23314, loss_cls: 0.9860, loss_bbox: 0.8023, loss_kps: 0.0000, loss: 1.7884, grad_norm: 16.5795
2026-09-30 01:29:21,519 - mmdet - INFO - Epoch [1][800/4741]	lr: 3.019e-07, eta: 14:25:50, time: 0.345, data_time: 0.012, memory: 23314, loss_cls: 0.9189, loss_bbox: 0.7816, loss_kps: 0.0000, loss: 1.7005, grad_norm: 14.7043
2026-09-30 01:29:38,745 - mmdet - INFO - Epoch [1][850/4741]	lr: 3.208e-07, eta: 14:22:16, time: 0.344, data_time: 0.012, memory: 23314, loss_cls: 0.9096, loss_bbox: 0.7718, loss_kps: 0.0000, loss: 1.6814, grad_norm: 16.0977
2026-09-30 01:29:55,797 - mmdet - INFO - Epoch [1][900/4741]	lr: 3.397e-07, eta: 14:18:46, time: 0.342, data_time: 0.013, memory: 23314, loss_cls: 0.8876, loss_bbox: 0.7581, loss_kps: 0.0000, loss: 1.6457, grad_norm: 16.3689
2026-09-30 01:30:12,951 - mmdet - INFO - Epoch [1][950/4741]	lr: 3.585e-07, eta: 14:15:42, time: 0.342, data_time: 0.013, memory: 23314, loss_cls: 0.8616, loss_bbox: 0.7500, loss_kps: 0.0000, loss: 1.6116, grad_norm: 14.7900
2026-09-30 01:30:30,242 - mmdet - INFO - Exp name: scrfd_armAT_fluence.py
2026-09-30 01:30:30,244 - mmdet - INFO - Epoch [1][1000/4741]	lr: 3.774e-07, eta: 14:13:20, time: 0.346, data_time: 0.016, memory: 23314, loss_cls: 0.8622, loss_bbox: 0.7521, loss_kps: 0.0000, loss: 1.6143, grad_norm: 14.9531
2026-09-30 01:30:47,560 - mmdet - INFO - Epoch [1][1050/4741]	lr: 3.778e-07, eta: 14:11:13, time: 0.346, data_time: 0.012, memory: 23314, loss_cls: 0.8425, loss_bbox: 0.7380, loss_kps: 0.0000, loss: 1.5805, grad_norm: 14.2055
2026-09-30 01:31:04,890 - mmdet - INFO - Epoch [1][1100/4741]	lr: 3.778e-07, eta: 14:09:18, time: 0.347, data_time: 0.012, memory: 23314, loss_cls: 0.8244, loss_bbox: 0.7240, loss_kps: 0.0000, loss: 1.5483, grad_norm: 14.0436
2026-09-30 01:31:22,257 - mmdet - INFO - Epoch [1][1150/4741]	lr: 3.778e-07, eta: 14:07:37, time: 0.347, data_time: 0.012, memory: 23314, loss_cls: 0.7983, loss_bbox: 0.7268, loss_kps: 0.0000, loss: 1.5251, grad_norm: 14.4546
2026-09-30 01:31:39,621 - mmdet - INFO - Epoch [1][1200/4741]	lr: 3.778e-07, eta: 14:06:03, time: 0.348, data_time: 0.013, memory: 23314, loss_cls: 0.7906, loss_bbox: 0.7133, loss_kps: 0.0000, loss: 1.5039, grad_norm: 13.6691
2026-09-30 01:31:56,685 - mmdet - INFO - Epoch [1][1250/4741]	lr: 3.778e-07, eta: 14:03:57, time: 0.341, data_time: 0.011, memory: 23314, loss_cls: 0.8100, loss_bbox: 0.7127, loss_kps: 0.0000, loss: 1.5227, grad_norm: 14.7213
2026-09-30 01:32:13,896 - mmdet - INFO - Epoch [1][1300/4741]	lr: 3.778e-07, eta: 14:02:23, time: 0.345, data_time: 0.012, memory: 23314, loss_cls: 0.7841, loss_bbox: 0.6991, loss_kps: 0.0000, loss: 1.4832, grad_norm: 13.0695
2026-09-30 01:32:31,199 - mmdet - INFO - Epoch [1][1350/4741]	lr: 3.778e-07, eta: 14:00:59, time: 0.346, data_time: 0.011, memory: 23314, loss_cls: 0.7845, loss_bbox: 0.6874, loss_kps: 0.0000, loss: 1.4719, grad_norm: 12.8746
2026-09-30 01:32:48,524 - mmdet - INFO - Epoch [1][1400/4741]	lr: 3.778e-07, eta: 13:59:42, time: 0.346, data_time: 0.011, memory: 23314, loss_cls: 0.7696, loss_bbox: 0.6864, loss_kps: 0.0000, loss: 1.4560, grad_norm: 13.0719
2026-09-30 01:33:05,877 - mmdet - INFO - Epoch [1][1450/4741]	lr: 3.778e-07, eta: 13:58:30, time: 0.346, data_time: 0.011, memory: 23314, loss_cls: 0.7302, loss_bbox: 0.6818, loss_kps: 0.0000, loss: 1.4120, grad_norm: 12.6214
2026-09-30 01:33:23,512 - mmdet - INFO - Epoch [1][1500/4741]	lr: 3.778e-07, eta: 13:57:52, time: 0.353, data_time: 0.011, memory: 23314, loss_cls: 0.7419, loss_bbox: 0.6766, loss_kps: 0.0000, loss: 1.4184, grad_norm: 12.8085
2026-09-30 01:33:41,243 - mmdet - INFO - Epoch [1][1550/4741]	lr: 3.778e-07, eta: 13:57:18, time: 0.354, data_time: 0.013, memory: 23314, loss_cls: 0.7452, loss_bbox: 0.6675, loss_kps: 0.0000, loss: 1.4127, grad_norm: 12.7494
2026-09-30 01:33:59,521 - mmdet - INFO - Epoch [1][1600/4741]	lr: 3.778e-07, eta: 13:57:41, time: 0.366, data_time: 0.012, memory: 23314, loss_cls: 0.7253, loss_bbox: 0.6764, loss_kps: 0.0000, loss: 1.4017, grad_norm: 12.3821
2026-09-30 01:34:17,158 - mmdet - INFO - Epoch [1][1650/4741]	lr: 3.778e-07, eta: 13:57:04, time: 0.353, data_time: 0.012, memory: 23314, loss_cls: 0.7172, loss_bbox: 0.6563, loss_kps: 0.0000, loss: 1.3735, grad_norm: 12.1183
2026-09-30 01:34:34,425 - mmdet - INFO - Epoch [1][1700/4741]	lr: 3.778e-07, eta: 13:55:54, time: 0.345, data_time: 0.012, memory: 23314, loss_cls: 0.6802, loss_bbox: 0.6541, loss_kps: 0.0000, loss: 1.3343, grad_norm: 11.8809
2026-09-30 01:34:51,943 - mmdet - INFO - Epoch [1][1750/4741]	lr: 3.778e-07, eta: 13:55:10, time: 0.350, data_time: 0.010, memory: 23314, loss_cls: 0.6964, loss_bbox: 0.6508, loss_kps: 0.0000, loss: 1.3472, grad_norm: 12.6175
2026-09-30 01:35:09,252 - mmdet - INFO - Epoch [1][1800/4741]	lr: 3.778e-07, eta: 13:54:14, time: 0.347, data_time: 0.013, memory: 23314, loss_cls: 0.6821, loss_bbox: 0.6506, loss_kps: 0.0000, loss: 1.3328, grad_norm: 12.7713
2026-09-30 01:35:26,334 - mmdet - INFO - Epoch [1][1850/4741]	lr: 3.778e-07, eta: 13:53:00, time: 0.342, data_time: 0.011, memory: 23314, loss_cls: 0.7009, loss_bbox: 0.6545, loss_kps: 0.0000, loss: 1.3554, grad_norm: 12.7542
2026-09-30 01:35:43,594 - mmdet - INFO - Epoch [1][1900/4741]	lr: 3.778e-07, eta: 13:51:59, time: 0.345, data_time: 0.011, memory: 23314, loss_cls: 0.6824, loss_bbox: 0.6437, loss_kps: 0.0000, loss: 1.3261, grad_norm: 12.5951
2026-09-30 01:36:00,822 - mmdet - INFO - Epoch [1][1950/4741]	lr: 3.778e-07, eta: 13:51:01, time: 0.345, data_time: 0.011, memory: 23314, loss_cls: 0.6494, loss_bbox: 0.6305, loss_kps: 0.0000, loss: 1.2799, grad_norm: 12.7444
2026-09-30 01:36:17,998 - mmdet - INFO - Exp name: scrfd_armAT_fluence.py
2026-09-30 01:36:18,030 - mmdet - INFO - Epoch [1][2000/4741]	lr: 3.778e-07, eta: 13:50:04, time: 0.344, data_time: 0.015, memory: 23314, loss_cls: 0.6738, loss_bbox: 0.6501, loss_kps: 0.0000, loss: 1.3239, grad_norm: 12.3606
2026-09-30 01:36:35,298 - mmdet - INFO - Epoch [1][2050/4741]	lr: 3.778e-07, eta: 13:49:12, time: 0.345, data_time: 0.011, memory: 23314, loss_cls: 0.6677, loss_bbox: 0.6345, loss_kps: 0.0000, loss: 1.3022, grad_norm: 11.5023
2026-09-30 01:36:52,608 - mmdet - INFO - Epoch [1][2100/4741]	lr: 3.778e-07, eta: 13:48:26, time: 0.346, data_time: 0.011, memory: 23314, loss_cls: 0.6956, loss_bbox: 0.6408, loss_kps: 0.0000, loss: 1.3363, grad_norm: 11.9344
2026-09-30 01:37:09,971 - mmdet - INFO - Epoch [1][2150/4741]	lr: 3.778e-07, eta: 13:47:44, time: 0.347, data_time: 0.013, memory: 23314, loss_cls: 0.6819, loss_bbox: 0.6361, loss_kps: 0.0000, loss: 1.3181, grad_norm: 11.9232
2026-09-30 01:37:27,248 - mmdet - INFO - Epoch [1][2200/4741]	lr: 3.778e-07, eta: 13:46:58, time: 0.346, data_time: 0.011, memory: 23314, loss_cls: 0.6586, loss_bbox: 0.6309, loss_kps: 0.0000, loss: 1.2895, grad_norm: 12.3442
2026-09-30 01:37:44,463 - mmdet - INFO - Epoch [1][2250/4741]	lr: 3.778e-07, eta: 13:46:08, time: 0.344, data_time: 0.012, memory: 23314, loss_cls: 0.6617, loss_bbox: 0.6275, loss_kps: 0.0000, loss: 1.2892, grad_norm: 12.2005
2026-09-30 01:38:01,743 - mmdet - INFO - Epoch [1][2300/4741]	lr: 3.778e-07, eta: 13:45:25, time: 0.346, data_time: 0.013, memory: 23314, loss_cls: 0.6736, loss_bbox: 0.6238, loss_kps: 0.0000, loss: 1.2973, grad_norm: 11.5495
2026-09-30 01:38:18,888 - mmdet - INFO - Epoch [1][2350/4741]	lr: 3.778e-07, eta: 13:44:33, time: 0.342, data_time: 0.013, memory: 23314, loss_cls: 0.6655, loss_bbox: 0.6318, loss_kps: 0.0000, loss: 1.2972, grad_norm: 11.6635
2026-09-30 01:38:36,096 - mmdet - INFO - Epoch [1][2400/4741]	lr: 3.778e-07, eta: 13:43:48, time: 0.344, data_time: 0.012, memory: 23314, loss_cls: 0.6366, loss_bbox: 0.6090, loss_kps: 0.0000, loss: 1.2456, grad_norm: 11.3692
2026-09-30 01:38:53,294 - mmdet - INFO - Epoch [1][2450/4741]	lr: 3.778e-07, eta: 13:43:03, time: 0.344, data_time: 0.013, memory: 23314, loss_cls: 0.6442, loss_bbox: 0.6216, loss_kps: 0.0000, loss: 1.2658, grad_norm: 11.2704
2026-09-30 01:39:10,453 - mmdet - INFO - Epoch [1][2500/4741]	lr: 3.778e-07, eta: 13:42:20, time: 0.344, data_time: 0.011, memory: 23314, loss_cls: 0.6350, loss_bbox: 0.6125, loss_kps: 0.0000, loss: 1.2475, grad_norm: 11.0345
2026-09-30 01:39:27,623 - mmdet - INFO - Epoch [1][2550/4741]	lr: 3.778e-07, eta: 13:41:33, time: 0.342, data_time: 0.011, memory: 23314, loss_cls: 0.6591, loss_bbox: 0.6177, loss_kps: 0.0000, loss: 1.2768, grad_norm: 11.3717
2026-09-30 01:39:44,909 - mmdet - INFO - Epoch [1][2600/4741]	lr: 3.778e-07, eta: 13:40:58, time: 0.347, data_time: 0.012, memory: 23314, loss_cls: 0.6143, loss_bbox: 0.6092, loss_kps: 0.0000, loss: 1.2235, grad_norm: 10.9886
2026-09-30 01:40:02,127 - mmdet - INFO - Epoch [1][2650/4741]	lr: 3.778e-07, eta: 13:40:16, time: 0.343, data_time: 0.011, memory: 23314, loss_cls: 0.6381, loss_bbox: 0.6074, loss_kps: 0.0000, loss: 1.2455, grad_norm: 11.3110
2026-09-30 01:40:19,343 - mmdet - INFO - Epoch [1][2700/4741]	lr: 3.778e-07, eta: 13:39:40, time: 0.345, data_time: 0.013, memory: 23314, loss_cls: 0.6217, loss_bbox: 0.5981, loss_kps: 0.0000, loss: 1.2198, grad_norm: 11.4247
2026-09-30 01:40:38,125 - mmdet - INFO - Epoch [1][2750/4741]	lr: 3.778e-07, eta: 13:40:21, time: 0.376, data_time: 0.013, memory: 23314, loss_cls: 0.6400, loss_bbox: 0.6098, loss_kps: 0.0000, loss: 1.2499, grad_norm: 11.1691
2026-09-30 01:40:57,226 - mmdet - INFO - Epoch [1][2800/4741]	lr: 3.778e-07, eta: 13:41:14, time: 0.381, data_time: 0.012, memory: 23314, loss_cls: 0.6322, loss_bbox: 0.6096, loss_kps: 0.0000, loss: 1.2418, grad_norm: 11.9706
2026-09-30 01:41:16,467 - mmdet - INFO - Epoch [1][2850/4741]	lr: 3.778e-07, eta: 13:42:15, time: 0.385, data_time: 0.012, memory: 23314, loss_cls: 0.6404, loss_bbox: 0.6043, loss_kps: 0.0000, loss: 1.2448, grad_norm: 11.9496
2026-09-30 01:41:35,516 - mmdet - INFO - Epoch [1][2900/4741]	lr: 3.778e-07, eta: 13:42:59, time: 0.380, data_time: 0.012, memory: 23314, loss_cls: 0.6037, loss_bbox: 0.5937, loss_kps: 0.0000, loss: 1.1974, grad_norm: 11.4022
2026-09-30 01:41:54,510 - mmdet - INFO - Epoch [1][2950/4741]	lr: 3.778e-07, eta: 13:43:42, time: 0.380, data_time: 0.013, memory: 23314, loss_cls: 0.6327, loss_bbox: 0.5945, loss_kps: 0.0000, loss: 1.2272, grad_norm: 11.5097
2026-09-30 01:42:12,697 - mmdet - INFO - Exp name: scrfd_armAT_fluence.py
2026-09-30 01:42:12,731 - mmdet - INFO - Epoch [1][3000/4741]	lr: 3.778e-07, eta: 13:43:46, time: 0.364, data_time: 0.013, memory: 23314, loss_cls: 0.6405, loss_bbox: 0.6015, loss_kps: 0.0000, loss: 1.2421, grad_norm: 11.1809
2026-09-30 01:42:29,809 - mmdet - INFO - Epoch [1][3050/4741]	lr: 3.778e-07, eta: 13:42:59, time: 0.342, data_time: 0.012, memory: 23314, loss_cls: 0.6095, loss_bbox: 0.5955, loss_kps: 0.0000, loss: 1.2050, grad_norm: 11.0187
2026-09-30 01:42:47,130 - mmdet - INFO - Epoch [1][3100/4741]	lr: 3.778e-07, eta: 13:42:23, time: 0.347, data_time: 0.014, memory: 23314, loss_cls: 0.6274, loss_bbox: 0.6039, loss_kps: 0.0000, loss: 1.2313, grad_norm: 10.8382
2026-09-30 01:43:04,645 - mmdet - INFO - Epoch [1][3150/4741]	lr: 3.778e-07, eta: 13:41:55, time: 0.350, data_time: 0.011, memory: 23314, loss_cls: 0.6151, loss_bbox: 0.5946, loss_kps: 0.0000, loss: 1.2097, grad_norm: 11.2519
2026-09-30 01:43:21,851 - mmdet - INFO - Epoch [1][3200/4741]	lr: 3.778e-07, eta: 13:41:16, time: 0.345, data_time: 0.011, memory: 23314, loss_cls: 0.6461, loss_bbox: 0.6112, loss_kps: 0.0000, loss: 1.2573, grad_norm: 11.4096
2026-09-30 01:43:39,045 - mmdet - INFO - Epoch [1][3250/4741]	lr: 3.778e-07, eta: 13:40:34, time: 0.343, data_time: 0.011, memory: 23314, loss_cls: 0.6115, loss_bbox: 0.5847, loss_kps: 0.0000, loss: 1.1961, grad_norm: 10.7120
2026-09-30 01:43:56,256 - mmdet - INFO - Epoch [1][3300/4741]	lr: 3.778e-07, eta: 13:39:54, time: 0.344, data_time: 0.010, memory: 23314, loss_cls: 0.6047, loss_bbox: 0.5924, loss_kps: 0.0000, loss: 1.1970, grad_norm: 11.3384
2026-09-30 01:44:13,444 - mmdet - INFO - Epoch [1][3350/4741]	lr: 3.778e-07, eta: 13:39:16, time: 0.344, data_time: 0.011, memory: 23314, loss_cls: 0.6175, loss_bbox: 0.5957, loss_kps: 0.0000, loss: 1.2132, grad_norm: 11.3677
2026-09-30 01:44:30,647 - mmdet - INFO - Epoch [1][3400/4741]	lr: 3.778e-07, eta: 13:38:39, time: 0.345, data_time: 0.012, memory: 23314, loss_cls: 0.5976, loss_bbox: 0.5913, loss_kps: 0.0000, loss: 1.1889, grad_norm: 11.0014
2026-09-30 01:44:49,913 - mmdet - INFO - Epoch [1][3450/4741]	lr: 3.778e-07, eta: 13:39:23, time: 0.384, data_time: 0.012, memory: 23314, loss_cls: 0.6045, loss_bbox: 0.5889, loss_kps: 0.0000, loss: 1.1934, grad_norm: 10.3634
2026-09-30 01:45:10,162 - mmdet - INFO - Epoch [1][3500/4741]	lr: 3.778e-07, eta: 13:40:46, time: 0.405, data_time: 0.014, memory: 23314, loss_cls: 0.6096, loss_bbox: 0.5933, loss_kps: 0.0000, loss: 1.2030, grad_norm: 11.2405
2026-09-30 01:45:30,386 - mmdet - INFO - Epoch [1][3550/4741]	lr: 3.778e-07, eta: 13:42:05, time: 0.405, data_time: 0.014, memory: 23314, loss_cls: 0.6097, loss_bbox: 0.5824, loss_kps: 0.0000, loss: 1.1920, grad_norm: 11.6714
2026-09-30 01:45:50,216 - mmdet - INFO - Epoch [1][3600/4741]	lr: 3.778e-07, eta: 13:43:06, time: 0.397, data_time: 0.013, memory: 23314, loss_cls: 0.5893, loss_bbox: 0.5811, loss_kps: 0.0000, loss: 1.1704, grad_norm: 10.3045
2026-09-30 01:46:10,180 - mmdet - INFO - Epoch [1][3650/4741]	lr: 3.778e-07, eta: 13:44:09, time: 0.399, data_time: 0.013, memory: 23314, loss_cls: 0.5855, loss_bbox: 0.5643, loss_kps: 0.0000, loss: 1.1497, grad_norm: 10.6262
2026-09-30 01:46:29,815 - mmdet - INFO - Epoch [1][3700/4741]	lr: 3.778e-07, eta: 13:44:59, time: 0.393, data_time: 0.015, memory: 23314, loss_cls: 0.6034, loss_bbox: 0.5730, loss_kps: 0.0000, loss: 1.1764, grad_norm: 10.3876
2026-09-30 01:46:49,696 - mmdet - INFO - Epoch [1][3750/4741]	lr: 3.778e-07, eta: 13:45:57, time: 0.398, data_time: 0.013, memory: 23314, loss_cls: 0.5952, loss_bbox: 0.5818, loss_kps: 0.0000, loss: 1.1770, grad_norm: 10.6666
2026-09-30 01:47:09,489 - mmdet - INFO - Epoch [1][3800/4741]	lr: 3.778e-07, eta: 13:46:48, time: 0.396, data_time: 0.013, memory: 23314, loss_cls: 0.6366, loss_bbox: 0.5884, loss_kps: 0.0000, loss: 1.2250, grad_norm: 10.1224
2026-09-30 01:47:29,558 - mmdet - INFO - Epoch [1][3850/4741]	lr: 3.778e-07, eta: 13:47:46, time: 0.401, data_time: 0.013, memory: 23314, loss_cls: 0.5894, loss_bbox: 0.5791, loss_kps: 0.0000, loss: 1.1685, grad_norm: 10.7504
2026-09-30 01:47:49,619 - mmdet - INFO - Epoch [1][3900/4741]	lr: 3.778e-07, eta: 13:48:44, time: 0.402, data_time: 0.014, memory: 23314, loss_cls: 0.5896, loss_bbox: 0.5827, loss_kps: 0.0000, loss: 1.1723, grad_norm: 10.4170
2026-09-30 01:48:09,881 - mmdet - INFO - Epoch [1][3950/4741]	lr: 3.778e-07, eta: 13:49:46, time: 0.405, data_time: 0.013, memory: 23314, loss_cls: 0.6204, loss_bbox: 0.5775, loss_kps: 0.0000, loss: 1.1979, grad_norm: 10.2337
2026-09-30 01:48:30,725 - mmdet - INFO - Exp name: scrfd_armAT_fluence.py
2026-09-30 01:48:30,726 - mmdet - INFO - Epoch [1][4000/4741]	lr: 3.778e-07, eta: 13:51:06, time: 0.417, data_time: 0.013, memory: 23314, loss_cls: 0.5721, loss_bbox: 0.5739, loss_kps: 0.0000, loss: 1.1460, grad_norm: 10.2656
2026-09-30 01:48:51,453 - mmdet - INFO - Epoch [1][4050/4741]	lr: 3.778e-07, eta: 13:52:20, time: 0.414, data_time: 0.013, memory: 23314, loss_cls: 0.5849, loss_bbox: 0.5725, loss_kps: 0.0000, loss: 1.1574, grad_norm: 10.8886
2026-09-30 01:49:12,046 - mmdet - INFO - Epoch [1][4100/4741]	lr: 3.778e-07, eta: 13:53:26, time: 0.411, data_time: 0.015, memory: 23314, loss_cls: 0.5833, loss_bbox: 0.5632, loss_kps: 0.0000, loss: 1.1465, grad_norm: 10.5646
2026-09-30 01:49:32,748 - mmdet - INFO - Epoch [1][4150/4741]	lr: 3.778e-07, eta: 13:54:34, time: 0.414, data_time: 0.013, memory: 23314, loss_cls: 0.5887, loss_bbox: 0.5590, loss_kps: 0.0000, loss: 1.1477, grad_norm: 10.8366
2026-09-30 01:49:53,192 - mmdet - INFO - Epoch [1][4200/4741]	lr: 3.778e-07, eta: 13:55:33, time: 0.409, data_time: 0.015, memory: 23314, loss_cls: 0.5875, loss_bbox: 0.5678, loss_kps: 0.0000, loss: 1.1553, grad_norm: 10.1339
2026-09-30 01:50:14,148 - mmdet - INFO - Epoch [1][4250/4741]	lr: 3.778e-07, eta: 13:56:44, time: 0.418, data_time: 0.015, memory: 23314, loss_cls: 0.5600, loss_bbox: 0.5531, loss_kps: 0.0000, loss: 1.1131, grad_norm: 9.8777
2026-09-30 01:50:34,333 - mmdet - INFO - Epoch [1][4300/4741]	lr: 3.778e-07, eta: 13:57:32, time: 0.405, data_time: 0.015, memory: 23314, loss_cls: 0.5848, loss_bbox: 0.5738, loss_kps: 0.0000, loss: 1.1586, grad_norm: 10.3909
2026-09-30 01:50:54,887 - mmdet - INFO - Epoch [1][4350/4741]	lr: 3.778e-07, eta: 13:58:26, time: 0.410, data_time: 0.014, memory: 23314, loss_cls: 0.5605, loss_bbox: 0.5584, loss_kps: 0.0000, loss: 1.1189, grad_norm: 10.6118
2026-09-30 01:51:15,255 - mmdet - INFO - Epoch [1][4400/4741]	lr: 3.778e-07, eta: 13:59:16, time: 0.408, data_time: 0.015, memory: 23314, loss_cls: 0.5877, loss_bbox: 0.5578, loss_kps: 0.0000, loss: 1.1454, grad_norm: 10.5307
2026-09-30 01:51:35,629 - mmdet - INFO - Epoch [1][4450/4741]	lr: 3.778e-07, eta: 14:00:02, time: 0.407, data_time: 0.015, memory: 23314, loss_cls: 0.5900, loss_bbox: 0.5708, loss_kps: 0.0000, loss: 1.1607, grad_norm: 10.1955
2026-09-30 01:51:55,960 - mmdet - INFO - Epoch [1][4500/4741]	lr: 3.778e-07, eta: 14:00:46, time: 0.407, data_time: 0.017, memory: 23314, loss_cls: 0.5755, loss_bbox: 0.5544, loss_kps: 0.0000, loss: 1.1299, grad_norm: 10.0965
2026-09-30 01:52:16,135 - mmdet - INFO - Epoch [1][4550/4741]	lr: 3.778e-07, eta: 14:01:25, time: 0.404, data_time: 0.014, memory: 23314, loss_cls: 0.5754, loss_bbox: 0.5633, loss_kps: 0.0000, loss: 1.1388, grad_norm: 10.3422
2026-09-30 01:52:36,723 - mmdet - INFO - Epoch [1][4600/4741]	lr: 3.778e-07, eta: 14:02:14, time: 0.412, data_time: 0.015, memory: 23314, loss_cls: 0.5498, loss_bbox: 0.5617, loss_kps: 0.0000, loss: 1.1115, grad_norm: 10.2250
2026-09-30 01:52:56,999 - mmdet - INFO - Epoch [1][4650/4741]	lr: 3.778e-07, eta: 14:02:52, time: 0.405, data_time: 0.013, memory: 23314, loss_cls: 0.6013, loss_bbox: 0.5781, loss_kps: 0.0000, loss: 1.1794, grad_norm: 10.7986
2026-09-30 01:53:17,471 - mmdet - INFO - Epoch [1][4700/4741]	lr: 3.778e-07, eta: 14:03:34, time: 0.409, data_time: 0.016, memory: 23314, loss_cls: 0.5814, loss_bbox: 0.5515, loss_kps: 0.0000, loss: 1.1329, grad_norm: 10.1641
2026-09-30 01:53:30,065 - mmdet - INFO - Saving checkpoint at 1 epochs
2026-09-30 01:54:12,266 - mmdet - INFO - Epoch [2][50/4741]	lr: 3.778e-07, eta: 13:58:43, time: 0.491, data_time: 0.097, memory: 23314, loss_cls: 0.5672, loss_bbox: 0.5640, loss_kps: 0.0000, loss: 1.1312, grad_norm: 10.0198
2026-09-30 01:54:33,098 - mmdet - INFO - Epoch [2][100/4741]	lr: 3.778e-07, eta: 13:59:37, time: 0.417, data_time: 0.018, memory: 23314, loss_cls: 0.5974, loss_bbox: 0.5616, loss_kps: 0.0000, loss: 1.1589, grad_norm: 9.4083
2026-09-30 01:54:53,649 - mmdet - INFO - Epoch [2][150/4741]	lr: 3.778e-07, eta: 14:00:21, time: 0.411, data_time: 0.016, memory: 23314, loss_cls: 0.5825, loss_bbox: 0.5478, loss_kps: 0.0000, loss: 1.1303, grad_norm: 10.1003
2026-09-30 01:55:13,911 - mmdet - INFO - Epoch [2][200/4741]	lr: 3.778e-07, eta: 14:00:55, time: 0.405, data_time: 0.015, memory: 23314, loss_cls: 0.5527, loss_bbox: 0.5521, loss_kps: 0.0000, loss: 1.1048, grad_norm: 9.8986
2026-09-30 01:55:34,398 - mmdet - INFO - Epoch [2][250/4741]	lr: 3.778e-07, eta: 14:01:35, time: 0.409, data_time: 0.017, memory: 23314, loss_cls: 0.5548, loss_bbox: 0.5552, loss_kps: 0.0000, loss: 1.1100, grad_norm: 10.1665
2026-09-30 01:55:55,098 - mmdet - INFO - Epoch [2][300/4741]	lr: 3.778e-07, eta: 14:02:20, time: 0.414, data_time: 0.018, memory: 23314, loss_cls: 0.5761, loss_bbox: 0.5539, loss_kps: 0.0000, loss: 1.1299, grad_norm: 10.4530
2026-09-30 01:56:15,774 - mmdet - INFO - Epoch [2][350/4741]	lr: 3.778e-07, eta: 14:03:01, time: 0.413, data_time: 0.016, memory: 23314, loss_cls: 0.5626, loss_bbox: 0.5434, loss_kps: 0.0000, loss: 1.1061, grad_norm: 10.1818
2026-09-30 01:56:36,754 - mmdet - INFO - Epoch [2][400/4741]	lr: 3.778e-07, eta: 14:03:50, time: 0.420, data_time: 0.017, memory: 23314, loss_cls: 0.5695, loss_bbox: 0.5567, loss_kps: 0.0000, loss: 1.1263, grad_norm: 10.0368
2026-09-30 01:56:57,559 - mmdet - INFO - Epoch [2][450/4741]	lr: 3.778e-07, eta: 14:04:35, time: 0.417, data_time: 0.019, memory: 23314, loss_cls: 0.5703, loss_bbox: 0.5493, loss_kps: 0.0000, loss: 1.1196, grad_norm: 9.8668
2026-09-30 01:57:19,468 - mmdet - INFO - Epoch [2][500/4741]	lr: 3.778e-07, eta: 14:05:46, time: 0.438, data_time: 0.015, memory: 23314, loss_cls: 0.5622, loss_bbox: 0.5416, loss_kps: 0.0000, loss: 1.1038, grad_norm: 9.8598
2026-09-30 01:57:40,045 - mmdet - INFO - Epoch [2][550/4741]	lr: 3.778e-07, eta: 14:06:19, time: 0.410, data_time: 0.016, memory: 23314, loss_cls: 0.5648, loss_bbox: 0.5599, loss_kps: 0.0000, loss: 1.1248, grad_norm: 10.0769
2026-09-30 01:58:00,403 - mmdet - INFO - Epoch [2][600/4741]	lr: 3.778e-07, eta: 14:06:49, time: 0.408, data_time: 0.017, memory: 23314, loss_cls: 0.5608, loss_bbox: 0.5375, loss_kps: 0.0000, loss: 1.0983, grad_norm: 9.5768
2026-09-30 01:58:20,724 - mmdet - INFO - Epoch [2][650/4741]	lr: 3.778e-07, eta: 14:07:14, time: 0.406, data_time: 0.015, memory: 23314, loss_cls: 0.5703, loss_bbox: 0.5467, loss_kps: 0.0000, loss: 1.1170, grad_norm: 10.4908
2026-09-30 01:58:40,653 - mmdet - INFO - Epoch [2][700/4741]	lr: 3.778e-07, eta: 14:07:30, time: 0.400, data_time: 0.017, memory: 23314, loss_cls: 0.5612, loss_bbox: 0.5497, loss_kps: 0.0000, loss: 1.1108, grad_norm: 9.5879
2026-09-30 01:59:00,779 - mmdet - INFO - Epoch [2][750/4741]	lr: 3.778e-07, eta: 14:07:49, time: 0.402, data_time: 0.016, memory: 23314, loss_cls: 0.5624, loss_bbox: 0.5438, loss_kps: 0.0000, loss: 1.1062, grad_norm: 9.6424
2026-09-30 01:59:21,913 - mmdet - INFO - Epoch [2][800/4741]	lr: 3.778e-07, eta: 14:08:33, time: 0.423, data_time: 0.017, memory: 23314, loss_cls: 0.5604, loss_bbox: 0.5438, loss_kps: 0.0000, loss: 1.1042, grad_norm: 9.4765
2026-09-30 01:59:42,072 - mmdet - INFO - Epoch [2][850/4741]	lr: 3.778e-07, eta: 14:08:53, time: 0.404, data_time: 0.018, memory: 23314, loss_cls: 0.5585, loss_bbox: 0.5401, loss_kps: 0.0000, loss: 1.0986, grad_norm: 9.7098
2026-09-30 02:00:02,144 - mmdet - INFO - Epoch [2][900/4741]	lr: 3.778e-07, eta: 14:09:09, time: 0.401, data_time: 0.016, memory: 23314, loss_cls: 0.5426, loss_bbox: 0.5371, loss_kps: 0.0000, loss: 1.0798, grad_norm: 10.1150
2026-09-30 02:00:22,429 - mmdet - INFO - Epoch [2][950/4741]	lr: 3.778e-07, eta: 14:09:28, time: 0.405, data_time: 0.017, memory: 23314, loss_cls: 0.5569, loss_bbox: 0.5467, loss_kps: 0.0000, loss: 1.1035, grad_norm: 9.7873
2026-09-30 02:00:43,223 - mmdet - INFO - Epoch [2][1000/4741]	lr: 3.778e-07, eta: 14:10:00, time: 0.416, data_time: 0.017, memory: 23314, loss_cls: 0.5480, loss_bbox: 0.5447, loss_kps: 0.0000, loss: 1.0928, grad_norm: 10.0015
2026-09-30 02:01:03,227 - mmdet - INFO - Epoch [2][1050/4741]	lr: 3.778e-07, eta: 14:10:14, time: 0.401, data_time: 0.017, memory: 23314, loss_cls: 0.5708, loss_bbox: 0.5521, loss_kps: 0.0000, loss: 1.1229, grad_norm: 9.5794
2026-09-30 02:01:23,603 - mmdet - INFO - Epoch [2][1100/4741]	lr: 3.778e-07, eta: 14:10:34, time: 0.408, data_time: 0.016, memory: 23314, loss_cls: 0.5625, loss_bbox: 0.5455, loss_kps: 0.0000, loss: 1.1080, grad_norm: 9.9107
2026-09-30 02:01:43,940 - mmdet - INFO - Epoch [2][1150/4741]	lr: 3.778e-07, eta: 14:10:53, time: 0.406, data_time: 0.019, memory: 23314, loss_cls: 0.5422, loss_bbox: 0.5375, loss_kps: 0.0000, loss: 1.0797, grad_norm: 9.6056
2026-09-30 02:02:04,198 - mmdet - INFO - Epoch [2][1200/4741]	lr: 3.778e-07, eta: 14:11:09, time: 0.405, data_time: 0.017, memory: 23314, loss_cls: 0.5506, loss_bbox: 0.5395, loss_kps: 0.0000, loss: 1.0901, grad_norm: 9.2982
2026-09-30 02:02:24,689 - mmdet - INFO - Epoch [2][1250/4741]	lr: 3.778e-07, eta: 14:11:30, time: 0.409, data_time: 0.018, memory: 23314, loss_cls: 0.5546, loss_bbox: 0.5343, loss_kps: 0.0000, loss: 1.0890, grad_norm: 9.5361
2026-09-30 02:02:45,001 - mmdet - INFO - Epoch [2][1300/4741]	lr: 3.778e-07, eta: 14:11:47, time: 0.407, data_time: 0.018, memory: 23314, loss_cls: 0.5580, loss_bbox: 0.5507, loss_kps: 0.0000, loss: 1.1086, grad_norm: 9.2516
2026-09-30 02:03:05,493 - mmdet - INFO - Epoch [2][1350/4741]	lr: 3.778e-07, eta: 14:12:06, time: 0.409, data_time: 0.018, memory: 23314, loss_cls: 0.5775, loss_bbox: 0.5584, loss_kps: 0.0000, loss: 1.1360, grad_norm: 9.7866
2026-09-30 02:03:25,853 - mmdet - INFO - Epoch [2][1400/4741]	lr: 3.778e-07, eta: 14:12:23, time: 0.407, data_time: 0.019, memory: 23314, loss_cls: 0.5690, loss_bbox: 0.5437, loss_kps: 0.0000, loss: 1.1126, grad_norm: 9.1372
2026-09-30 02:03:46,134 - mmdet - INFO - Epoch [2][1450/4741]	lr: 3.778e-07, eta: 14:12:36, time: 0.405, data_time: 0.018, memory: 23314, loss_cls: 0.5626, loss_bbox: 0.5329, loss_kps: 0.0000, loss: 1.0955, grad_norm: 9.3450
2026-09-30 02:04:06,174 - mmdet - INFO - Epoch [2][1500/4741]	lr: 3.778e-07, eta: 14:12:45, time: 0.401, data_time: 0.019, memory: 23314, loss_cls: 0.5561, loss_bbox: 0.5288, loss_kps: 0.0000, loss: 1.0849, grad_norm: 9.8444
2026-09-30 02:04:26,086 - mmdet - INFO - Epoch [2][1550/4741]	lr: 3.778e-07, eta: 14:12:49, time: 0.398, data_time: 0.018, memory: 23314, loss_cls: 0.5439, loss_bbox: 0.5297, loss_kps: 0.0000, loss: 1.0735, grad_norm: 9.7978
2026-09-30 02:04:46,270 - mmdet - INFO - Epoch [2][1600/4741]	lr: 3.778e-07, eta: 14:13:00, time: 0.404, data_time: 0.020, memory: 23314, loss_cls: 0.5467, loss_bbox: 0.5493, loss_kps: 0.0000, loss: 1.0959, grad_norm: 9.3899
2026-09-30 02:05:06,933 - mmdet - INFO - Epoch [2][1650/4741]	lr: 3.778e-07, eta: 14:13:20, time: 0.413, data_time: 0.019, memory: 23314, loss_cls: 0.5780, loss_bbox: 0.5398, loss_kps: 0.0000, loss: 1.1178, grad_norm: 9.8038
2026-09-30 02:05:27,395 - mmdet - INFO - Epoch [2][1700/4741]	lr: 3.778e-07, eta: 14:13:35, time: 0.409, data_time: 0.019, memory: 23314, loss_cls: 0.5479, loss_bbox: 0.5326, loss_kps: 0.0000, loss: 1.0805, grad_norm: 9.9914
2026-09-30 02:05:48,398 - mmdet - INFO - Epoch [2][1750/4741]	lr: 3.778e-07, eta: 14:14:01, time: 0.420, data_time: 0.018, memory: 23314, loss_cls: 0.5502, loss_bbox: 0.5319, loss_kps: 0.0000, loss: 1.0821, grad_norm: 9.3951
2026-09-30 02:06:09,609 - mmdet - INFO - Epoch [2][1800/4741]	lr: 3.778e-07, eta: 14:14:31, time: 0.424, data_time: 0.018, memory: 23314, loss_cls: 0.5413, loss_bbox: 0.5314, loss_kps: 0.0000, loss: 1.0727, grad_norm: 9.3567
2026-09-30 02:06:30,340 - mmdet - INFO - Epoch [2][1850/4741]	lr: 3.778e-07, eta: 14:14:51, time: 0.415, data_time: 0.019, memory: 23314, loss_cls: 0.5472, loss_bbox: 0.5335, loss_kps: 0.0000, loss: 1.0807, grad_norm: 9.7568
2026-09-30 02:06:50,410 - mmdet - INFO - Epoch [2][1900/4741]	lr: 3.778e-07, eta: 14:14:55, time: 0.401, data_time: 0.017, memory: 23314, loss_cls: 0.5570, loss_bbox: 0.5439, loss_kps: 0.0000, loss: 1.1009, grad_norm: 9.7806
2026-09-30 02:07:10,299 - mmdet - INFO - Epoch [2][1950/4741]	lr: 3.778e-07, eta: 14:14:55, time: 0.397, data_time: 0.018, memory: 23314, loss_cls: 0.5389, loss_bbox: 0.5467, loss_kps: 0.0000, loss: 1.0857, grad_norm: 10.5760
2026-09-30 02:07:30,970 - mmdet - INFO - Epoch [2][2000/4741]	lr: 3.778e-07, eta: 14:15:12, time: 0.414, data_time: 0.018, memory: 23314, loss_cls: 0.5371, loss_bbox: 0.5254, loss_kps: 0.0000, loss: 1.0625, grad_norm: 9.3207
2026-09-30 02:07:51,581 - mmdet - INFO - Epoch [2][2050/4741]	lr: 3.778e-07, eta: 14:15:26, time: 0.412, data_time: 0.018, memory: 23314, loss_cls: 0.5327, loss_bbox: 0.5329, loss_kps: 0.0000, loss: 1.0656, grad_norm: 8.8300
2026-09-30 02:08:11,804 - mmdet - INFO - Epoch [2][2100/4741]	lr: 3.778e-07, eta: 14:15:33, time: 0.405, data_time: 0.019, memory: 23314, loss_cls: 0.5587, loss_bbox: 0.5381, loss_kps: 0.0000, loss: 1.0968, grad_norm: 9.8102
2026-09-30 02:08:32,134 - mmdet - INFO - Epoch [2][2150/4741]	lr: 3.778e-07, eta: 14:15:41, time: 0.407, data_time: 0.018, memory: 23314, loss_cls: 0.5667, loss_bbox: 0.5428, loss_kps: 0.0000, loss: 1.1095, grad_norm: 9.1390
2026-09-30 02:08:52,361 - mmdet - INFO - Epoch [2][2200/4741]	lr: 3.778e-07, eta: 14:15:46, time: 0.403, data_time: 0.018, memory: 23314, loss_cls: 0.5395, loss_bbox: 0.5396, loss_kps: 0.0000, loss: 1.0791, grad_norm: 9.5302
2026-09-30 02:09:12,877 - mmdet - INFO - Epoch [2][2250/4741]	lr: 3.778e-07, eta: 14:15:57, time: 0.411, data_time: 0.019, memory: 23314, loss_cls: 0.5450, loss_bbox: 0.5339, loss_kps: 0.0000, loss: 1.0789, grad_norm: 9.5657
2026-09-30 02:09:33,157 - mmdet - INFO - Epoch [2][2300/4741]	lr: 3.778e-07, eta: 14:16:02, time: 0.404, data_time: 0.018, memory: 23314, loss_cls: 0.5538, loss_bbox: 0.5315, loss_kps: 0.0000, loss: 1.0853, grad_norm: 9.9615
2026-09-30 02:09:53,624 - mmdet - INFO - Epoch [2][2350/4741]	lr: 3.778e-07, eta: 14:16:12, time: 0.410, data_time: 0.019, memory: 23314, loss_cls: 0.5404, loss_bbox: 0.5322, loss_kps: 0.0000, loss: 1.0726, grad_norm: 9.1889
2026-09-30 02:10:14,470 - mmdet - INFO - Epoch [2][2400/4741]	lr: 3.778e-07, eta: 14:16:28, time: 0.417, data_time: 0.017, memory: 23314, loss_cls: 0.5425, loss_bbox: 0.5258, loss_kps: 0.0000, loss: 1.0683, grad_norm: 9.4268
2026-09-30 02:10:34,936 - mmdet - INFO - Epoch [2][2450/4741]	lr: 3.778e-07, eta: 14:16:35, time: 0.408, data_time: 0.019, memory: 23314, loss_cls: 0.5567, loss_bbox: 0.5294, loss_kps: 0.0000, loss: 1.0862, grad_norm: 9.5009
2026-09-30 02:10:55,412 - mmdet - INFO - Epoch [2][2500/4741]	lr: 3.778e-07, eta: 14:16:43, time: 0.410, data_time: 0.020, memory: 23314, loss_cls: 0.5222, loss_bbox: 0.5301, loss_kps: 0.0000, loss: 1.0523, grad_norm: 9.2742
2026-09-30 02:11:16,060 - mmdet - INFO - Epoch [2][2550/4741]	lr: 3.778e-07, eta: 14:16:54, time: 0.412, data_time: 0.021, memory: 23314, loss_cls: 0.5563, loss_bbox: 0.5285, loss_kps: 0.0000, loss: 1.0848, grad_norm: 8.8283
2026-09-30 02:11:36,589 - mmdet - INFO - Epoch [2][2600/4741]	lr: 3.778e-07, eta: 14:17:02, time: 0.411, data_time: 0.020, memory: 23314, loss_cls: 0.5567, loss_bbox: 0.5390, loss_kps: 0.0000, loss: 1.0957, grad_norm: 9.2583
2026-09-30 02:11:57,387 - mmdet - INFO - Epoch [2][2650/4741]	lr: 3.778e-07, eta: 14:17:15, time: 0.417, data_time: 0.018, memory: 23314, loss_cls: 0.5265, loss_bbox: 0.5283, loss_kps: 0.0000, loss: 1.0548, grad_norm: 9.1008
2026-09-30 02:12:17,293 - mmdet - INFO - Epoch [2][2700/4741]	lr: 3.778e-07, eta: 14:17:11, time: 0.397, data_time: 0.016, memory: 23314, loss_cls: 0.5151, loss_bbox: 0.5108, loss_kps: 0.0000, loss: 1.0258, grad_norm: 9.1209
2026-09-30 02:12:37,178 - mmdet - INFO - Epoch [2][2750/4741]	lr: 3.778e-07, eta: 14:17:06, time: 0.397, data_time: 0.018, memory: 23314, loss_cls: 0.5364, loss_bbox: 0.5228, loss_kps: 0.0000, loss: 1.0592, grad_norm: 9.4781
2026-09-30 02:12:57,220 - mmdet - INFO - Epoch [2][2800/4741]	lr: 3.778e-07, eta: 14:17:04, time: 0.401, data_time: 0.020, memory: 23314, loss_cls: 0.5395, loss_bbox: 0.5219, loss_kps: 0.0000, loss: 1.0614, grad_norm: 9.3227
2026-09-30 02:13:16,968 - mmdet - INFO - Epoch [2][2850/4741]	lr: 3.778e-07, eta: 14:16:57, time: 0.395, data_time: 0.018, memory: 23314, loss_cls: 0.5454, loss_bbox: 0.5310, loss_kps: 0.0000, loss: 1.0763, grad_norm: 9.5317
2026-09-30 02:13:37,260 - mmdet - INFO - Epoch [2][2900/4741]	lr: 3.778e-07, eta: 14:16:59, time: 0.407, data_time: 0.020, memory: 23314, loss_cls: 0.5571, loss_bbox: 0.5348, loss_kps: 0.0000, loss: 1.0919, grad_norm: 9.1836
2026-09-30 02:13:58,200 - mmdet - INFO - Epoch [2][2950/4741]	lr: 3.778e-07, eta: 14:17:11, time: 0.418, data_time: 0.018, memory: 23314, loss_cls: 0.5448, loss_bbox: 0.5358, loss_kps: 0.0000, loss: 1.0806, grad_norm: 9.2950
2026-09-30 02:14:18,797 - mmdet - INFO - Epoch [2][3000/4741]	lr: 3.778e-07, eta: 14:17:19, time: 0.413, data_time: 0.019, memory: 23314, loss_cls: 0.5329, loss_bbox: 0.5205, loss_kps: 0.0000, loss: 1.0534, grad_norm: 9.3569
2026-09-30 02:14:39,733 - mmdet - INFO - Epoch [2][3050/4741]	lr: 3.778e-07, eta: 14:17:30, time: 0.417, data_time: 0.019, memory: 23314, loss_cls: 0.5469, loss_bbox: 0.5208, loss_kps: 0.0000, loss: 1.0677, grad_norm: 9.4466
2026-09-30 02:15:00,681 - mmdet - INFO - Epoch [2][3100/4741]	lr: 3.778e-07, eta: 14:17:42, time: 0.419, data_time: 0.020, memory: 23314, loss_cls: 0.5320, loss_bbox: 0.5279, loss_kps: 0.0000, loss: 1.0599, grad_norm: 9.4711
2026-09-30 02:15:21,427 - mmdet - INFO - Epoch [2][3150/4741]	lr: 3.778e-07, eta: 14:17:50, time: 0.415, data_time: 0.020, memory: 23314, loss_cls: 0.5505, loss_bbox: 0.5272, loss_kps: 0.0000, loss: 1.0777, grad_norm: 9.8217
2026-09-30 02:15:41,873 - mmdet - INFO - Epoch [2][3200/4741]	lr: 3.778e-07, eta: 14:17:53, time: 0.410, data_time: 0.020, memory: 23314, loss_cls: 0.5243, loss_bbox: 0.5069, loss_kps: 0.0000, loss: 1.0312, grad_norm: 9.5028
2026-09-30 02:16:02,306 - mmdet - INFO - Epoch [2][3250/4741]	lr: 3.778e-07, eta: 14:17:55, time: 0.408, data_time: 0.019, memory: 23314, loss_cls: 0.5480, loss_bbox: 0.5384, loss_kps: 0.0000, loss: 1.0864, grad_norm: 9.0999
2026-09-30 02:16:23,028 - mmdet - INFO - Epoch [2][3300/4741]	lr: 3.778e-07, eta: 14:18:02, time: 0.414, data_time: 0.019, memory: 23314, loss_cls: 0.5548, loss_bbox: 0.5215, loss_kps: 0.0000, loss: 1.0763, grad_norm: 9.6555
2026-09-30 02:16:43,436 - mmdet - INFO - Epoch [2][3350/4741]	lr: 3.778e-07, eta: 14:18:03, time: 0.409, data_time: 0.020, memory: 23314, loss_cls: 0.5115, loss_bbox: 0.5085, loss_kps: 0.0000, loss: 1.0200, grad_norm: 9.2588
2026-09-30 02:17:03,694 - mmdet - INFO - Epoch [2][3400/4741]	lr: 3.778e-07, eta: 14:18:01, time: 0.404, data_time: 0.019, memory: 23314, loss_cls: 0.5220, loss_bbox: 0.5222, loss_kps: 0.0000, loss: 1.0442, grad_norm: 8.8440
2026-09-30 02:17:23,841 - mmdet - INFO - Epoch [2][3450/4741]	lr: 3.778e-07, eta: 14:17:58, time: 0.403, data_time: 0.020, memory: 23314, loss_cls: 0.5125, loss_bbox: 0.5153, loss_kps: 0.0000, loss: 1.0278, grad_norm: 9.1890
2026-09-30 02:17:44,304 - mmdet - INFO - Epoch [2][3500/4741]	lr: 3.778e-07, eta: 14:17:59, time: 0.410, data_time: 0.019, memory: 23314, loss_cls: 0.5346, loss_bbox: 0.5208, loss_kps: 0.0000, loss: 1.0554, grad_norm: 9.0415
2026-09-30 02:18:04,387 - mmdet - INFO - Epoch [2][3550/4741]	lr: 3.778e-07, eta: 14:17:55, time: 0.402, data_time: 0.018, memory: 23314, loss_cls: 0.5146, loss_bbox: 0.5125, loss_kps: 0.0000, loss: 1.0271, grad_norm: 8.9075
2026-09-30 02:18:24,475 - mmdet - INFO - Epoch [2][3600/4741]	lr: 3.778e-07, eta: 14:17:49, time: 0.401, data_time: 0.018, memory: 23314, loss_cls: 0.5346, loss_bbox: 0.5183, loss_kps: 0.0000, loss: 1.0529, grad_norm: 8.5876
2026-09-30 02:18:44,849 - mmdet - INFO - Epoch [2][3650/4741]	lr: 3.778e-07, eta: 14:17:48, time: 0.407, data_time: 0.020, memory: 23314, loss_cls: 0.5208, loss_bbox: 0.5182, loss_kps: 0.0000, loss: 1.0389, grad_norm: 9.2246
2026-09-30 02:19:04,884 - mmdet - INFO - Epoch [2][3700/4741]	lr: 3.778e-07, eta: 14:17:41, time: 0.400, data_time: 0.019, memory: 23314, loss_cls: 0.5414, loss_bbox: 0.5237, loss_kps: 0.0000, loss: 1.0651, grad_norm: 9.1271
2026-09-30 02:19:25,108 - mmdet - INFO - Epoch [2][3750/4741]	lr: 3.778e-07, eta: 14:17:38, time: 0.405, data_time: 0.021, memory: 23314, loss_cls: 0.5348, loss_bbox: 0.5180, loss_kps: 0.0000, loss: 1.0528, grad_norm: 8.7239
2026-09-30 02:19:45,255 - mmdet - INFO - Epoch [2][3800/4741]	lr: 3.778e-07, eta: 14:17:33, time: 0.403, data_time: 0.019, memory: 23314, loss_cls: 0.5169, loss_bbox: 0.5182, loss_kps: 0.0000, loss: 1.0351, grad_norm: 9.4606
2026-09-30 02:20:05,600 - mmdet - INFO - Epoch [2][3850/4741]	lr: 3.778e-07, eta: 14:17:31, time: 0.407, data_time: 0.020, memory: 23314, loss_cls: 0.5141, loss_bbox: 0.5273, loss_kps: 0.0000, loss: 1.0413, grad_norm: 9.2958
2026-09-30 02:20:25,894 - mmdet - INFO - Epoch [2][3900/4741]	lr: 3.778e-07, eta: 14:17:28, time: 0.406, data_time: 0.020, memory: 23314, loss_cls: 0.5325, loss_bbox: 0.5208, loss_kps: 0.0000, loss: 1.0533, grad_norm: 9.0431
2026-09-30 02:20:45,799 - mmdet - INFO - Epoch [2][3950/4741]	lr: 3.778e-07, eta: 14:17:19, time: 0.398, data_time: 0.018, memory: 23314, loss_cls: 0.5409, loss_bbox: 0.5176, loss_kps: 0.0000, loss: 1.0585, grad_norm: 9.1530
2026-09-30 02:21:06,048 - mmdet - INFO - Epoch [2][4000/4741]	lr: 3.778e-07, eta: 14:17:14, time: 0.404, data_time: 0.018, memory: 23314, loss_cls: 0.5347, loss_bbox: 0.5119, loss_kps: 0.0000, loss: 1.0466, grad_norm: 9.2018
2026-09-30 02:21:26,161 - mmdet - INFO - Epoch [2][4050/4741]	lr: 3.778e-07, eta: 14:17:07, time: 0.402, data_time: 0.019, memory: 23314, loss_cls: 0.5515, loss_bbox: 0.5272, loss_kps: 0.0000, loss: 1.0787, grad_norm: 8.9086
2026-09-30 02:21:46,233 - mmdet - INFO - Epoch [2][4100/4741]	lr: 3.778e-07, eta: 14:17:00, time: 0.401, data_time: 0.020, memory: 23314, loss_cls: 0.5594, loss_bbox: 0.5216, loss_kps: 0.0000, loss: 1.0810, grad_norm: 9.1545
2026-09-30 02:22:06,615 - mmdet - INFO - Epoch [2][4150/4741]	lr: 3.778e-07, eta: 14:16:58, time: 0.408, data_time: 0.019, memory: 23314, loss_cls: 0.5207, loss_bbox: 0.5145, loss_kps: 0.0000, loss: 1.0353, grad_norm: 8.8560
2026-09-30 02:22:26,779 - mmdet - INFO - Epoch [2][4200/4741]	lr: 3.778e-07, eta: 14:16:51, time: 0.403, data_time: 0.019, memory: 23314, loss_cls: 0.5236, loss_bbox: 0.5245, loss_kps: 0.0000, loss: 1.0481, grad_norm: 8.5758
2026-09-30 02:22:47,255 - mmdet - INFO - Epoch [2][4250/4741]	lr: 3.778e-07, eta: 14:16:50, time: 0.409, data_time: 0.019, memory: 23314, loss_cls: 0.5375, loss_bbox: 0.5105, loss_kps: 0.0000, loss: 1.0480, grad_norm: 9.0469
2026-09-30 02:23:07,970 - mmdet - INFO - Epoch [2][4300/4741]	lr: 3.778e-07, eta: 14:16:52, time: 0.415, data_time: 0.020, memory: 23314, loss_cls: 0.4995, loss_bbox: 0.5142, loss_kps: 0.0000, loss: 1.0137, grad_norm: 8.4617
2026-09-30 02:23:28,144 - mmdet - INFO - Epoch [2][4350/4741]	lr: 3.778e-07, eta: 14:16:45, time: 0.403, data_time: 0.019, memory: 23314, loss_cls: 0.5174, loss_bbox: 0.5036, loss_kps: 0.0000, loss: 1.0210, grad_norm: 9.9001
2026-09-30 02:23:48,958 - mmdet - INFO - Epoch [2][4400/4741]	lr: 3.778e-07, eta: 14:16:48, time: 0.417, data_time: 0.020, memory: 23314, loss_cls: 0.5237, loss_bbox: 0.5104, loss_kps: 0.0000, loss: 1.0341, grad_norm: 9.7616
2026-09-30 02:24:09,667 - mmdet - INFO - Epoch [2][4450/4741]	lr: 3.778e-07, eta: 14:16:49, time: 0.415, data_time: 0.019, memory: 23314, loss_cls: 0.5314, loss_bbox: 0.5202, loss_kps: 0.0000, loss: 1.0516, grad_norm: 8.6828
2026-09-30 02:24:30,363 - mmdet - INFO - Epoch [2][4500/4741]	lr: 3.778e-07, eta: 14:16:50, time: 0.414, data_time: 0.019, memory: 23314, loss_cls: 0.5142, loss_bbox: 0.5064, loss_kps: 0.0000, loss: 1.0207, grad_norm: 8.5333
2026-09-30 02:24:51,247 - mmdet - INFO - Epoch [2][4550/4741]	lr: 3.778e-07, eta: 14:16:53, time: 0.418, data_time: 0.017, memory: 23314, loss_cls: 0.5194, loss_bbox: 0.5085, loss_kps: 0.0000, loss: 1.0279, grad_norm: 8.6583
2026-09-30 02:25:11,255 - mmdet - INFO - Epoch [2][4600/4741]	lr: 3.778e-07, eta: 14:16:42, time: 0.399, data_time: 0.020, memory: 23314, loss_cls: 0.5204, loss_bbox: 0.5292, loss_kps: 0.0000, loss: 1.0496, grad_norm: 8.6645
2026-09-30 02:25:31,108 - mmdet - INFO - Epoch [2][4650/4741]	lr: 3.778e-07, eta: 14:16:30, time: 0.397, data_time: 0.019, memory: 23314, loss_cls: 0.5075, loss_bbox: 0.5104, loss_kps: 0.0000, loss: 1.0179, grad_norm: 8.3203
2026-09-30 02:25:51,129 - mmdet - INFO - Epoch [2][4700/4741]	lr: 3.778e-07, eta: 14:16:20, time: 0.400, data_time: 0.018, memory: 23314, loss_cls: 0.5271, loss_bbox: 0.5086, loss_kps: 0.0000, loss: 1.0357, grad_norm: 8.9439
2026-09-30 02:26:03,517 - mmdet - INFO - Saving checkpoint at 2 epochs
2026-09-30 02:26:44,704 - mmdet - INFO - Epoch [3][50/4741]	lr: 3.778e-07, eta: 14:13:15, time: 0.488, data_time: 0.096, memory: 23314, loss_cls: 0.5154, loss_bbox: 0.5052, loss_kps: 0.0000, loss: 1.0206, grad_norm: 8.7063
2026-09-30 02:27:05,142 - mmdet - INFO - Epoch [3][100/4741]	lr: 3.778e-07, eta: 14:13:11, time: 0.409, data_time: 0.020, memory: 23314, loss_cls: 0.5224, loss_bbox: 0.5187, loss_kps: 0.0000, loss: 1.0412, grad_norm: 9.0012
2026-09-30 02:27:25,485 - mmdet - INFO - Epoch [3][150/4741]	lr: 3.778e-07, eta: 14:13:06, time: 0.406, data_time: 0.016, memory: 23314, loss_cls: 0.5190, loss_bbox: 0.5082, loss_kps: 0.0000, loss: 1.0272, grad_norm: 8.7142
2026-09-30 02:27:45,830 - mmdet - INFO - Epoch [3][200/4741]	lr: 3.778e-07, eta: 14:13:01, time: 0.408, data_time: 0.016, memory: 23314, loss_cls: 0.5354, loss_bbox: 0.5359, loss_kps: 0.0000, loss: 1.0713, grad_norm: 9.5282
2026-09-30 02:28:06,292 - mmdet - INFO - Epoch [3][250/4741]	lr: 3.778e-07, eta: 14:12:57, time: 0.409, data_time: 0.017, memory: 23314, loss_cls: 0.5234, loss_bbox: 0.5143, loss_kps: 0.0000, loss: 1.0377, grad_norm: 8.6186
2026-09-30 02:28:26,989 - mmdet - INFO - Epoch [3][300/4741]	lr: 3.778e-07, eta: 14:12:57, time: 0.414, data_time: 0.018, memory: 23314, loss_cls: 0.5205, loss_bbox: 0.5084, loss_kps: 0.0000, loss: 1.0289, grad_norm: 9.1016
2026-09-30 02:28:47,497 - mmdet - INFO - Epoch [3][350/4741]	lr: 3.778e-07, eta: 14:12:54, time: 0.411, data_time: 0.017, memory: 23314, loss_cls: 0.5132, loss_bbox: 0.5104, loss_kps: 0.0000, loss: 1.0236, grad_norm: 9.4573
2026-09-30 02:29:08,275 - mmdet - INFO - Epoch [3][400/4741]	lr: 3.778e-07, eta: 14:12:53, time: 0.415, data_time: 0.017, memory: 23314, loss_cls: 0.5139, loss_bbox: 0.5208, loss_kps: 0.0000, loss: 1.0348, grad_norm: 8.8648
2026-09-30 02:29:28,571 - mmdet - INFO - Epoch [3][450/4741]	lr: 3.778e-07, eta: 14:12:47, time: 0.407, data_time: 0.019, memory: 23314, loss_cls: 0.5348, loss_bbox: 0.5051, loss_kps: 0.0000, loss: 1.0400, grad_norm: 8.5873
2026-09-30 02:29:48,660 - mmdet - INFO - Epoch [3][500/4741]	lr: 3.778e-07, eta: 14:12:37, time: 0.401, data_time: 0.017, memory: 23314, loss_cls: 0.5227, loss_bbox: 0.5149, loss_kps: 0.0000, loss: 1.0376, grad_norm: 9.1383
2026-09-30 02:30:08,830 - mmdet - INFO - Epoch [3][550/4741]	lr: 3.778e-07, eta: 14:12:29, time: 0.404, data_time: 0.017, memory: 23314, loss_cls: 0.5168, loss_bbox: 0.5130, loss_kps: 0.0000, loss: 1.0298, grad_norm: 8.7201
2026-09-30 02:30:28,814 - mmdet - INFO - Epoch [3][600/4741]	lr: 3.778e-07, eta: 14:12:18, time: 0.400, data_time: 0.017, memory: 23314, loss_cls: 0.5257, loss_bbox: 0.5086, loss_kps: 0.0000, loss: 1.0343, grad_norm: 8.8239
2026-09-30 02:30:49,347 - mmdet - INFO - Epoch [3][650/4741]	lr: 3.778e-07, eta: 14:12:15, time: 0.411, data_time: 0.018, memory: 23314, loss_cls: 0.5195, loss_bbox: 0.5217, loss_kps: 0.0000, loss: 1.0411, grad_norm: 9.1658
2026-09-30 02:31:09,910 - mmdet - INFO - Epoch [3][700/4741]	lr: 3.778e-07, eta: 14:12:11, time: 0.411, data_time: 0.017, memory: 23314, loss_cls: 0.5295, loss_bbox: 0.5291, loss_kps: 0.0000, loss: 1.0586, grad_norm: 8.6027
2026-09-30 02:31:30,491 - mmdet - INFO - Epoch [3][750/4741]	lr: 3.778e-07, eta: 14:12:07, time: 0.412, data_time: 0.018, memory: 23314, loss_cls: 0.5399, loss_bbox: 0.5072, loss_kps: 0.0000, loss: 1.0471, grad_norm: 9.3586
2026-09-30 02:31:50,605 - mmdet - INFO - Epoch [3][800/4741]	lr: 3.778e-07, eta: 14:11:57, time: 0.401, data_time: 0.017, memory: 23314, loss_cls: 0.4979, loss_bbox: 0.5042, loss_kps: 0.0000, loss: 1.0021, grad_norm: 8.6268
2026-09-30 02:32:10,786 - mmdet - INFO - Epoch [3][850/4741]	lr: 3.778e-07, eta: 14:11:48, time: 0.404, data_time: 0.017, memory: 23314, loss_cls: 0.5291, loss_bbox: 0.5217, loss_kps: 0.0000, loss: 1.0508, grad_norm: 9.1588
2026-09-30 02:32:30,981 - mmdet - INFO - Epoch [3][900/4741]	lr: 3.778e-07, eta: 14:11:39, time: 0.404, data_time: 0.017, memory: 23314, loss_cls: 0.5274, loss_bbox: 0.5121, loss_kps: 0.0000, loss: 1.0395, grad_norm: 8.8412
2026-09-30 02:32:51,262 - mmdet - INFO - Epoch [3][950/4741]	lr: 3.778e-07, eta: 14:11:31, time: 0.405, data_time: 0.017, memory: 23314, loss_cls: 0.5150, loss_bbox: 0.5061, loss_kps: 0.0000, loss: 1.0211, grad_norm: 8.7879
2026-09-30 02:33:11,893 - mmdet - INFO - Epoch [3][1000/4741]	lr: 3.778e-07, eta: 14:11:27, time: 0.412, data_time: 0.017, memory: 23314, loss_cls: 0.5251, loss_bbox: 0.5097, loss_kps: 0.0000, loss: 1.0348, grad_norm: 8.7156
2026-09-30 02:33:32,898 - mmdet - INFO - Epoch [3][1050/4741]	lr: 3.778e-07, eta: 14:11:29, time: 0.421, data_time: 0.020, memory: 23314, loss_cls: 0.5099, loss_bbox: 0.5041, loss_kps: 0.0000, loss: 1.0139, grad_norm: 8.3392
2026-09-30 02:33:53,897 - mmdet - INFO - Epoch [3][1100/4741]	lr: 3.778e-07, eta: 14:11:29, time: 0.420, data_time: 0.018, memory: 23314, loss_cls: 0.5297, loss_bbox: 0.4958, loss_kps: 0.0000, loss: 1.0255, grad_norm: 8.8821
2026-09-30 02:34:14,769 - mmdet - INFO - Epoch [3][1150/4741]	lr: 3.778e-07, eta: 14:11:27, time: 0.416, data_time: 0.017, memory: 23314, loss_cls: 0.5102, loss_bbox: 0.5066, loss_kps: 0.0000, loss: 1.0168, grad_norm: 8.4691
2026-09-30 02:34:34,905 - mmdet - INFO - Epoch [3][1200/4741]	lr: 3.778e-07, eta: 14:11:17, time: 0.403, data_time: 0.019, memory: 23314, loss_cls: 0.5202, loss_bbox: 0.5064, loss_kps: 0.0000, loss: 1.0266, grad_norm: 8.7339
2026-09-30 02:34:54,911 - mmdet - INFO - Epoch [3][1250/4741]	lr: 3.778e-07, eta: 14:11:05, time: 0.401, data_time: 0.016, memory: 23314, loss_cls: 0.5156, loss_bbox: 0.4996, loss_kps: 0.0000, loss: 1.0152, grad_norm: 8.8497
2026-09-30 02:35:14,769 - mmdet - INFO - Epoch [3][1300/4741]	lr: 3.778e-07, eta: 14:10:51, time: 0.396, data_time: 0.015, memory: 23314, loss_cls: 0.5119, loss_bbox: 0.4976, loss_kps: 0.0000, loss: 1.0096, grad_norm: 9.0096
2026-09-30 02:35:35,129 - mmdet - INFO - Epoch [3][1350/4741]	lr: 3.778e-07, eta: 14:10:43, time: 0.407, data_time: 0.019, memory: 23314, loss_cls: 0.5446, loss_bbox: 0.5126, loss_kps: 0.0000, loss: 1.0572, grad_norm: 8.3939
2026-09-30 02:35:55,317 - mmdet - INFO - Epoch [3][1400/4741]	lr: 3.778e-07, eta: 14:10:33, time: 0.404, data_time: 0.016, memory: 23314, loss_cls: 0.5368, loss_bbox: 0.5170, loss_kps: 0.0000, loss: 1.0538, grad_norm: 9.4309
2026-09-30 02:36:15,960 - mmdet - INFO - Epoch [3][1450/4741]	lr: 3.778e-07, eta: 14:10:28, time: 0.412, data_time: 0.016, memory: 23314, loss_cls: 0.5166, loss_bbox: 0.4963, loss_kps: 0.0000, loss: 1.0130, grad_norm: 8.8379
2026-09-30 02:36:42,537 - mmdet - INFO - Epoch [3][1500/4741]	lr: 3.778e-07, eta: 14:11:34, time: 0.533, data_time: 0.152, memory: 23314, loss_cls: 0.5187, loss_bbox: 0.5060, loss_kps: 0.0000, loss: 1.0247, grad_norm: 8.8993
2026-09-30 02:37:03,333 - mmdet - INFO - Epoch [3][1550/4741]	lr: 3.778e-07, eta: 14:11:30, time: 0.415, data_time: 0.019, memory: 23314, loss_cls: 0.5104, loss_bbox: 0.5104, loss_kps: 0.0000, loss: 1.0208, grad_norm: 8.6951
2026-09-30 02:37:24,016 - mmdet - INFO - Epoch [3][1600/4741]	lr: 3.778e-07, eta: 14:11:25, time: 0.413, data_time: 0.019, memory: 23314, loss_cls: 0.5135, loss_bbox: 0.5071, loss_kps: 0.0000, loss: 1.0206, grad_norm: 8.8718
2026-09-30 02:37:44,428 - mmdet - INFO - Epoch [3][1650/4741]	lr: 3.778e-07, eta: 14:11:17, time: 0.409, data_time: 0.021, memory: 23314, loss_cls: 0.5191, loss_bbox: 0.5049, loss_kps: 0.0000, loss: 1.0240, grad_norm: 8.9073
2026-09-30 02:38:04,885 - mmdet - INFO - Epoch [3][1700/4741]	lr: 3.778e-07, eta: 14:11:08, time: 0.408, data_time: 0.020, memory: 23314, loss_cls: 0.5136, loss_bbox: 0.5045, loss_kps: 0.0000, loss: 1.0181, grad_norm: 8.6312
2026-09-30 02:38:25,285 - mmdet - INFO - Epoch [3][1750/4741]	lr: 3.778e-07, eta: 14:11:00, time: 0.409, data_time: 0.018, memory: 23314, loss_cls: 0.5023, loss_bbox: 0.4965, loss_kps: 0.0000, loss: 0.9988, grad_norm: 8.6894
2026-09-30 02:38:46,172 - mmdet - INFO - Epoch [3][1800/4741]	lr: 3.778e-07, eta: 14:10:57, time: 0.418, data_time: 0.018, memory: 23314, loss_cls: 0.5125, loss_bbox: 0.5075, loss_kps: 0.0000, loss: 1.0200, grad_norm: 8.3298
2026-09-30 02:39:06,667 - mmdet - INFO - Epoch [3][1850/4741]	lr: 3.778e-07, eta: 14:10:48, time: 0.409, data_time: 0.020, memory: 23314, loss_cls: 0.5277, loss_bbox: 0.5035, loss_kps: 0.0000, loss: 1.0311, grad_norm: 8.8997
2026-09-30 02:39:27,034 - mmdet - INFO - Epoch [3][1900/4741]	lr: 3.778e-07, eta: 14:10:39, time: 0.407, data_time: 0.019, memory: 23314, loss_cls: 0.5273, loss_bbox: 0.5189, loss_kps: 0.0000, loss: 1.0462, grad_norm: 8.8070
2026-09-30 02:39:47,308 - mmdet - INFO - Epoch [3][1950/4741]	lr: 3.778e-07, eta: 14:10:28, time: 0.406, data_time: 0.019, memory: 23314, loss_cls: 0.5299, loss_bbox: 0.5107, loss_kps: 0.0000, loss: 1.0406, grad_norm: 9.0498
2026-09-30 02:40:07,914 - mmdet - INFO - Epoch [3][2000/4741]	lr: 3.778e-07, eta: 14:10:21, time: 0.412, data_time: 0.020, memory: 23314, loss_cls: 0.5041, loss_bbox: 0.5065, loss_kps: 0.0000, loss: 1.0106, grad_norm: 8.4538
2026-09-30 02:40:28,319 - mmdet - INFO - Epoch [3][2050/4741]	lr: 3.778e-07, eta: 14:10:12, time: 0.409, data_time: 0.019, memory: 23314, loss_cls: 0.5115, loss_bbox: 0.5040, loss_kps: 0.0000, loss: 1.0155, grad_norm: 8.5380
2026-09-30 02:40:48,774 - mmdet - INFO - Epoch [3][2100/4741]	lr: 3.778e-07, eta: 14:10:03, time: 0.408, data_time: 0.019, memory: 23314, loss_cls: 0.5225, loss_bbox: 0.5022, loss_kps: 0.0000, loss: 1.0247, grad_norm: 8.1593
2026-09-30 02:41:08,954 - mmdet - INFO - Epoch [3][2150/4741]	lr: 3.778e-07, eta: 14:09:51, time: 0.403, data_time: 0.019, memory: 23314, loss_cls: 0.5025, loss_bbox: 0.4929, loss_kps: 0.0000, loss: 0.9954, grad_norm: 8.6724
2026-09-30 02:41:29,138 - mmdet - INFO - Epoch [3][2200/4741]	lr: 3.778e-07, eta: 14:09:39, time: 0.404, data_time: 0.020, memory: 23314, loss_cls: 0.4976, loss_bbox: 0.5063, loss_kps: 0.0000, loss: 1.0038, grad_norm: 8.8056
2026-09-30 02:41:49,175 - mmdet - INFO - Epoch [3][2250/4741]	lr: 3.778e-07, eta: 14:09:25, time: 0.400, data_time: 0.019, memory: 23314, loss_cls: 0.5180, loss_bbox: 0.5068, loss_kps: 0.0000, loss: 1.0248, grad_norm: 8.6983
2026-09-30 02:42:09,208 - mmdet - INFO - Epoch [3][2300/4741]	lr: 3.778e-07, eta: 14:09:11, time: 0.402, data_time: 0.018, memory: 23314, loss_cls: 0.5194, loss_bbox: 0.4923, loss_kps: 0.0000, loss: 1.0117, grad_norm: 8.8634
2026-09-30 02:42:30,132 - mmdet - INFO - Epoch [3][2350/4741]	lr: 3.778e-07, eta: 14:09:07, time: 0.417, data_time: 0.018, memory: 23314, loss_cls: 0.5218, loss_bbox: 0.5127, loss_kps: 0.0000, loss: 1.0345, grad_norm: 8.4206
2026-09-30 02:42:50,759 - mmdet - INFO - Epoch [3][2400/4741]	lr: 3.778e-07, eta: 14:08:59, time: 0.413, data_time: 0.021, memory: 23314, loss_cls: 0.5077, loss_bbox: 0.5000, loss_kps: 0.0000, loss: 1.0078, grad_norm: 8.4040
2026-09-30 02:43:11,353 - mmdet - INFO - Epoch [3][2450/4741]	lr: 3.778e-07, eta: 14:08:51, time: 0.412, data_time: 0.021, memory: 23314, loss_cls: 0.5220, loss_bbox: 0.5090, loss_kps: 0.0000, loss: 1.0310, grad_norm: 8.4591
2026-09-30 02:43:32,342 - mmdet - INFO - Epoch [3][2500/4741]	lr: 3.778e-07, eta: 14:08:48, time: 0.420, data_time: 0.019, memory: 23314, loss_cls: 0.5346, loss_bbox: 0.5056, loss_kps: 0.0000, loss: 1.0402, grad_norm: 8.5712
2026-09-30 02:43:53,612 - mmdet - INFO - Epoch [3][2550/4741]	lr: 3.778e-07, eta: 14:08:46, time: 0.424, data_time: 0.018, memory: 23314, loss_cls: 0.5419, loss_bbox: 0.5004, loss_kps: 0.0000, loss: 1.0423, grad_norm: 8.6968
2026-09-30 02:44:14,734 - mmdet - INFO - Epoch [3][2600/4741]	lr: 3.778e-07, eta: 14:08:44, time: 0.423, data_time: 0.019, memory: 23314, loss_cls: 0.5025, loss_bbox: 0.4939, loss_kps: 0.0000, loss: 0.9963, grad_norm: 8.5695
2026-09-30 02:44:34,984 - mmdet - INFO - Epoch [3][2650/4741]	lr: 3.778e-07, eta: 14:08:31, time: 0.404, data_time: 0.018, memory: 23314, loss_cls: 0.4921, loss_bbox: 0.5067, loss_kps: 0.0000, loss: 0.9989, grad_norm: 8.4599
2026-09-30 02:44:55,453 - mmdet - INFO - Epoch [3][2700/4741]	lr: 3.778e-07, eta: 14:08:22, time: 0.410, data_time: 0.020, memory: 23314, loss_cls: 0.5142, loss_bbox: 0.4921, loss_kps: 0.0000, loss: 1.0063, grad_norm: 8.1689
2026-09-30 02:45:16,422 - mmdet - INFO - Epoch [3][2750/4741]	lr: 3.778e-07, eta: 14:08:17, time: 0.419, data_time: 0.018, memory: 23314, loss_cls: 0.5199, loss_bbox: 0.4971, loss_kps: 0.0000, loss: 1.0170, grad_norm: 8.5838
2026-09-30 02:45:36,452 - mmdet - INFO - Epoch [3][2800/4741]	lr: 3.778e-07, eta: 14:08:02, time: 0.401, data_time: 0.019, memory: 23314, loss_cls: 0.5195, loss_bbox: 0.4943, loss_kps: 0.0000, loss: 1.0138, grad_norm: 8.3895
2026-09-30 02:45:56,589 - mmdet - INFO - Epoch [3][2850/4741]	lr: 3.778e-07, eta: 14:07:49, time: 0.403, data_time: 0.017, memory: 23314, loss_cls: 0.4971, loss_bbox: 0.4998, loss_kps: 0.0000, loss: 0.9968, grad_norm: 8.1603
2026-09-30 02:46:17,072 - mmdet - INFO - Epoch [3][2900/4741]	lr: 3.778e-07, eta: 14:07:38, time: 0.409, data_time: 0.018, memory: 23314, loss_cls: 0.5225, loss_bbox: 0.4981, loss_kps: 0.0000, loss: 1.0206, grad_norm: 8.2614
2026-09-30 02:46:37,306 - mmdet - INFO - Epoch [3][2950/4741]	lr: 3.778e-07, eta: 14:07:26, time: 0.405, data_time: 0.017, memory: 23314, loss_cls: 0.5289, loss_bbox: 0.5050, loss_kps: 0.0000, loss: 1.0339, grad_norm: 8.5028
2026-09-30 02:46:57,510 - mmdet - INFO - Epoch [3][3000/4741]	lr: 3.778e-07, eta: 14:07:13, time: 0.404, data_time: 0.017, memory: 23314, loss_cls: 0.5025, loss_bbox: 0.4898, loss_kps: 0.0000, loss: 0.9924, grad_norm: 8.7308
2026-09-30 02:47:18,139 - mmdet - INFO - Epoch [3][3050/4741]	lr: 3.778e-07, eta: 14:07:03, time: 0.412, data_time: 0.018, memory: 23314, loss_cls: 0.4958, loss_bbox: 0.4963, loss_kps: 0.0000, loss: 0.9921, grad_norm: 8.4548
2026-09-30 02:47:39,006 - mmdet - INFO - Epoch [3][3100/4741]	lr: 3.778e-07, eta: 14:06:57, time: 0.418, data_time: 0.020, memory: 23314, loss_cls: 0.5019, loss_bbox: 0.4988, loss_kps: 0.0000, loss: 1.0007, grad_norm: 8.2976
2026-09-30 02:47:59,665 - mmdet - INFO - Epoch [3][3150/4741]	lr: 3.778e-07, eta: 14:06:48, time: 0.412, data_time: 0.016, memory: 23314, loss_cls: 0.4882, loss_bbox: 0.4865, loss_kps: 0.0000, loss: 0.9747, grad_norm: 7.7167
2026-09-30 02:48:20,350 - mmdet - INFO - Epoch [3][3200/4741]	lr: 3.778e-07, eta: 14:06:40, time: 0.414, data_time: 0.019, memory: 23314, loss_cls: 0.5024, loss_bbox: 0.4892, loss_kps: 0.0000, loss: 0.9916, grad_norm: 8.2522
2026-09-30 02:48:40,921 - mmdet - INFO - Epoch [3][3250/4741]	lr: 3.778e-07, eta: 14:06:30, time: 0.412, data_time: 0.020, memory: 23314, loss_cls: 0.5140, loss_bbox: 0.5060, loss_kps: 0.0000, loss: 1.0200, grad_norm: 8.3185
2026-09-30 02:49:01,590 - mmdet - INFO - Epoch [3][3300/4741]	lr: 3.778e-07, eta: 14:06:21, time: 0.414, data_time: 0.018, memory: 23314, loss_cls: 0.4928, loss_bbox: 0.4945, loss_kps: 0.0000, loss: 0.9874, grad_norm: 8.1524
2026-09-30 02:49:22,041 - mmdet - INFO - Epoch [3][3350/4741]	lr: 3.778e-07, eta: 14:06:10, time: 0.408, data_time: 0.018, memory: 23314, loss_cls: 0.5236, loss_bbox: 0.5030, loss_kps: 0.0000, loss: 1.0266, grad_norm: 8.4339
2026-09-30 02:49:42,367 - mmdet - INFO - Epoch [3][3400/4741]	lr: 3.778e-07, eta: 14:05:58, time: 0.407, data_time: 0.019, memory: 23314, loss_cls: 0.4922, loss_bbox: 0.4979, loss_kps: 0.0000, loss: 0.9901, grad_norm: 8.3568
2026-09-30 02:50:02,714 - mmdet - INFO - Epoch [3][3450/4741]	lr: 3.778e-07, eta: 14:05:45, time: 0.406, data_time: 0.017, memory: 23314, loss_cls: 0.5113, loss_bbox: 0.5104, loss_kps: 0.0000, loss: 1.0217, grad_norm: 8.4698
2026-09-30 02:50:22,889 - mmdet - INFO - Epoch [3][3500/4741]	lr: 3.778e-07, eta: 14:05:31, time: 0.404, data_time: 0.019, memory: 23314, loss_cls: 0.4947, loss_bbox: 0.4859, loss_kps: 0.0000, loss: 0.9806, grad_norm: 8.4147
2026-09-30 02:50:43,105 - mmdet - INFO - Epoch [3][3550/4741]	lr: 3.778e-07, eta: 14:05:17, time: 0.405, data_time: 0.019, memory: 23314, loss_cls: 0.5092, loss_bbox: 0.4991, loss_kps: 0.0000, loss: 1.0083, grad_norm: 8.5234
2026-09-30 02:51:03,615 - mmdet - INFO - Epoch [3][3600/4741]	lr: 3.778e-07, eta: 14:05:06, time: 0.409, data_time: 0.017, memory: 23314, loss_cls: 0.5032, loss_bbox: 0.4940, loss_kps: 0.0000, loss: 0.9972, grad_norm: 8.2426
2026-09-30 02:51:23,899 - mmdet - INFO - Epoch [3][3650/4741]	lr: 3.778e-07, eta: 14:04:53, time: 0.406, data_time: 0.019, memory: 23314, loss_cls: 0.4996, loss_bbox: 0.4914, loss_kps: 0.0000, loss: 0.9910, grad_norm: 8.5048
2026-09-30 02:51:44,229 - mmdet - INFO - Epoch [3][3700/4741]	lr: 3.778e-07, eta: 14:04:40, time: 0.406, data_time: 0.018, memory: 23314, loss_cls: 0.5001, loss_bbox: 0.4985, loss_kps: 0.0000, loss: 0.9985, grad_norm: 8.5867
2026-09-30 02:52:04,959 - mmdet - INFO - Epoch [3][3750/4741]	lr: 3.778e-07, eta: 14:04:31, time: 0.416, data_time: 0.019, memory: 23314, loss_cls: 0.5074, loss_bbox: 0.4985, loss_kps: 0.0000, loss: 1.0059, grad_norm: 8.1207
2026-09-30 02:52:25,260 - mmdet - INFO - Epoch [3][3800/4741]	lr: 3.778e-07, eta: 14:04:18, time: 0.406, data_time: 0.019, memory: 23314, loss_cls: 0.5077, loss_bbox: 0.4954, loss_kps: 0.0000, loss: 1.0030, grad_norm: 8.2541
2026-09-30 02:52:45,480 - mmdet - INFO - Epoch [3][3850/4741]	lr: 3.778e-07, eta: 14:04:04, time: 0.404, data_time: 0.018, memory: 23314, loss_cls: 0.5052, loss_bbox: 0.4907, loss_kps: 0.0000, loss: 0.9959, grad_norm: 8.5368
2026-09-30 02:53:05,906 - mmdet - INFO - Epoch [3][3900/4741]	lr: 3.778e-07, eta: 14:03:52, time: 0.408, data_time: 0.020, memory: 23314, loss_cls: 0.4980, loss_bbox: 0.4911, loss_kps: 0.0000, loss: 0.9891, grad_norm: 8.4177
2026-09-30 02:53:26,163 - mmdet - INFO - Epoch [3][3950/4741]	lr: 3.778e-07, eta: 14:03:38, time: 0.405, data_time: 0.020, memory: 23314, loss_cls: 0.5081, loss_bbox: 0.4976, loss_kps: 0.0000, loss: 1.0058, grad_norm: 8.4023
2026-09-30 02:53:47,009 - mmdet - INFO - Epoch [3][4000/4741]	lr: 3.778e-07, eta: 14:03:30, time: 0.417, data_time: 0.018, memory: 23314, loss_cls: 0.5127, loss_bbox: 0.5013, loss_kps: 0.0000, loss: 1.0140, grad_norm: 7.9396
2026-09-30 02:54:07,144 - mmdet - INFO - Epoch [3][4050/4741]	lr: 3.778e-07, eta: 14:03:14, time: 0.403, data_time: 0.020, memory: 23314, loss_cls: 0.4941, loss_bbox: 0.4946, loss_kps: 0.0000, loss: 0.9888, grad_norm: 8.2004
2026-09-30 02:54:27,626 - mmdet - INFO - Epoch [3][4100/4741]	lr: 3.778e-07, eta: 14:03:03, time: 0.410, data_time: 0.020, memory: 23314, loss_cls: 0.5059, loss_bbox: 0.4987, loss_kps: 0.0000, loss: 1.0046, grad_norm: 8.1735
2026-09-30 02:54:48,252 - mmdet - INFO - Epoch [3][4150/4741]	lr: 3.778e-07, eta: 14:02:52, time: 0.412, data_time: 0.019, memory: 23314, loss_cls: 0.5011, loss_bbox: 0.5061, loss_kps: 0.0000, loss: 1.0071, grad_norm: 8.8389
2026-09-30 02:55:08,789 - mmdet - INFO - Epoch [3][4200/4741]	lr: 3.778e-07, eta: 14:02:41, time: 0.411, data_time: 0.019, memory: 23314, loss_cls: 0.4884, loss_bbox: 0.4888, loss_kps: 0.0000, loss: 0.9772, grad_norm: 8.0928
2026-09-30 02:55:26,620 - mmdet - INFO - Epoch [3][4250/4741]	lr: 3.778e-07, eta: 14:02:04, time: 0.356, data_time: 0.014, memory: 23314, loss_cls: 0.4914, loss_bbox: 0.4898, loss_kps: 0.0000, loss: 0.9812, grad_norm: 8.6693
2026-09-30 02:55:43,976 - mmdet - INFO - Epoch [3][4300/4741]	lr: 3.778e-07, eta: 14:01:23, time: 0.347, data_time: 0.015, memory: 23314, loss_cls: 0.5053, loss_bbox: 0.4954, loss_kps: 0.0000, loss: 1.0006, grad_norm: 8.4144
2026-09-30 02:56:01,379 - mmdet - INFO - Epoch [3][4350/4741]	lr: 3.778e-07, eta: 14:00:42, time: 0.348, data_time: 0.015, memory: 23314, loss_cls: 0.4912, loss_bbox: 0.4882, loss_kps: 0.0000, loss: 0.9794, grad_norm: 8.4141
2026-09-30 02:56:19,250 - mmdet - INFO - Epoch [3][4400/4741]	lr: 3.778e-07, eta: 14:00:06, time: 0.357, data_time: 0.016, memory: 23314, loss_cls: 0.5031, loss_bbox: 0.4964, loss_kps: 0.0000, loss: 0.9995, grad_norm: 8.2490
2026-09-30 02:56:36,605 - mmdet - INFO - Epoch [3][4450/4741]	lr: 3.778e-07, eta: 13:59:25, time: 0.347, data_time: 0.015, memory: 23314, loss_cls: 0.5163, loss_bbox: 0.4925, loss_kps: 0.0000, loss: 1.0088, grad_norm: 8.5249
2026-09-30 02:56:54,354 - mmdet - INFO - Epoch [3][4500/4741]	lr: 3.778e-07, eta: 13:58:49, time: 0.355, data_time: 0.013, memory: 23314, loss_cls: 0.4798, loss_bbox: 0.4744, loss_kps: 0.0000, loss: 0.9542, grad_norm: 7.9597
2026-09-30 02:57:13,083 - mmdet - INFO - Epoch [3][4550/4741]	lr: 3.778e-07, eta: 13:58:21, time: 0.375, data_time: 0.018, memory: 23314, loss_cls: 0.4860, loss_bbox: 0.4893, loss_kps: 0.0000, loss: 0.9753, grad_norm: 7.9951
2026-09-30 02:57:38,140 - mmdet - INFO - Epoch [3][4600/4741]	lr: 3.778e-07, eta: 13:58:50, time: 0.500, data_time: 0.027, memory: 23314, loss_cls: 0.5075, loss_bbox: 0.4863, loss_kps: 0.0000, loss: 0.9938, grad_norm: 8.5821
2026-09-30 02:58:03,145 - mmdet - INFO - Epoch [3][4650/4741]	lr: 3.778e-07, eta: 13:59:20, time: 0.501, data_time: 0.027, memory: 23314, loss_cls: 0.5012, loss_bbox: 0.4974, loss_kps: 0.0000, loss: 0.9985, grad_norm: 8.3051
2026-09-30 02:58:28,571 - mmdet - INFO - Epoch [3][4700/4741]	lr: 3.778e-07, eta: 13:59:52, time: 0.508, data_time: 0.024, memory: 23314, loss_cls: 0.5092, loss_bbox: 0.4905, loss_kps: 0.0000, loss: 0.9997, grad_norm: 8.0883
2026-09-30 02:58:42,901 - mmdet - INFO - Saving checkpoint at 3 epochs
2026-09-30 02:59:31,372 - mmdet - INFO - Epoch [4][50/4741]	lr: 3.778e-07, eta: 13:58:18, time: 0.587, data_time: 0.113, memory: 23314, loss_cls: 0.4966, loss_bbox: 0.4836, loss_kps: 0.0000, loss: 0.9802, grad_norm: 8.3300
2026-09-30 02:59:56,477 - mmdet - INFO - Epoch [4][100/4741]	lr: 3.778e-07, eta: 13:58:48, time: 0.504, data_time: 0.025, memory: 23314, loss_cls: 0.5048, loss_bbox: 0.4951, loss_kps: 0.0000, loss: 0.9999, grad_norm: 8.3734
2026-09-30 03:00:21,255 - mmdet - INFO - Epoch [4][150/4741]	lr: 3.778e-07, eta: 13:59:14, time: 0.495, data_time: 0.024, memory: 23314, loss_cls: 0.5039, loss_bbox: 0.4957, loss_kps: 0.0000, loss: 0.9996, grad_norm: 8.0604
2026-09-30 03:00:46,243 - mmdet - INFO - Epoch [4][200/4741]	lr: 3.778e-07, eta: 13:59:40, time: 0.499, data_time: 0.023, memory: 23314, loss_cls: 0.4871, loss_bbox: 0.4737, loss_kps: 0.0000, loss: 0.9609, grad_norm: 8.5884
2026-09-30 03:01:11,835 - mmdet - INFO - Epoch [4][250/4741]	lr: 3.778e-07, eta: 14:00:12, time: 0.511, data_time: 0.024, memory: 23314, loss_cls: 0.5010, loss_bbox: 0.4959, loss_kps: 0.0000, loss: 0.9970, grad_norm: 8.3626
2026-09-30 03:01:37,149 - mmdet - INFO - Epoch [4][300/4741]	lr: 3.778e-07, eta: 14:00:42, time: 0.507, data_time: 0.024, memory: 23314, loss_cls: 0.4838, loss_bbox: 0.4880, loss_kps: 0.0000, loss: 0.9717, grad_norm: 8.2866
2026-09-30 03:02:02,229 - mmdet - INFO - Epoch [4][350/4741]	lr: 3.778e-07, eta: 14:01:09, time: 0.502, data_time: 0.025, memory: 23314, loss_cls: 0.4836, loss_bbox: 0.4761, loss_kps: 0.0000, loss: 0.9596, grad_norm: 8.0389
2026-09-30 03:02:27,306 - mmdet - INFO - Epoch [4][400/4741]	lr: 3.778e-07, eta: 14:01:36, time: 0.501, data_time: 0.022, memory: 23314, loss_cls: 0.5114, loss_bbox: 0.4994, loss_kps: 0.0000, loss: 1.0107, grad_norm: 8.5691
2026-09-30 03:02:52,297 - mmdet - INFO - Epoch [4][450/4741]	lr: 3.778e-07, eta: 14:02:01, time: 0.498, data_time: 0.024, memory: 23314, loss_cls: 0.5062, loss_bbox: 0.5002, loss_kps: 0.0000, loss: 1.0063, grad_norm: 8.4162
2026-09-30 03:03:17,407 - mmdet - INFO - Epoch [4][500/4741]	lr: 3.778e-07, eta: 14:02:27, time: 0.503, data_time: 0.024, memory: 23314, loss_cls: 0.4884, loss_bbox: 0.4966, loss_kps: 0.0000, loss: 0.9850, grad_norm: 8.0640
2026-09-30 03:03:37,319 - mmdet - INFO - Epoch [4][550/4741]	lr: 3.778e-07, eta: 14:02:08, time: 0.399, data_time: 0.019, memory: 23314, loss_cls: 0.4852, loss_bbox: 0.4907, loss_kps: 0.0000, loss: 0.9759, grad_norm: 8.1739
2026-09-30 03:03:54,997 - mmdet - INFO - Epoch [4][600/4741]	lr: 3.778e-07, eta: 14:01:30, time: 0.353, data_time: 0.015, memory: 23314, loss_cls: 0.5132, loss_bbox: 0.4897, loss_kps: 0.0000, loss: 1.0029, grad_norm: 8.2205
2026-09-30 03:04:12,508 - mmdet - INFO - Epoch [4][650/4741]	lr: 3.778e-07, eta: 14:00:50, time: 0.350, data_time: 0.014, memory: 23314, loss_cls: 0.4962, loss_bbox: 0.4959, loss_kps: 0.0000, loss: 0.9921, grad_norm: 7.9577
2026-09-30 03:04:30,780 - mmdet - INFO - Epoch [4][700/4741]	lr: 3.778e-07, eta: 14:00:17, time: 0.366, data_time: 0.014, memory: 23314, loss_cls: 0.4921, loss_bbox: 0.4872, loss_kps: 0.0000, loss: 0.9794, grad_norm: 8.1323
2026-09-30 03:04:48,198 - mmdet - INFO - Epoch [4][750/4741]	lr: 3.778e-07, eta: 13:59:37, time: 0.348, data_time: 0.015, memory: 23314, loss_cls: 0.5033, loss_bbox: 0.5031, loss_kps: 0.0000, loss: 1.0063, grad_norm: 8.2779
2026-09-30 03:05:05,660 - mmdet - INFO - Epoch [4][800/4741]	lr: 3.778e-07, eta: 13:58:58, time: 0.349, data_time: 0.014, memory: 23314, loss_cls: 0.5057, loss_bbox: 0.4980, loss_kps: 0.0000, loss: 1.0037, grad_norm: 7.9849
2026-09-30 03:05:23,197 - mmdet - INFO - Epoch [4][850/4741]	lr: 3.778e-07, eta: 13:58:19, time: 0.351, data_time: 0.015, memory: 23314, loss_cls: 0.5205, loss_bbox: 0.4920, loss_kps: 0.0000, loss: 1.0125, grad_norm: 7.7028
2026-09-30 03:05:40,528 - mmdet - INFO - Epoch [4][900/4741]	lr: 3.778e-07, eta: 13:57:39, time: 0.347, data_time: 0.015, memory: 23314, loss_cls: 0.4997, loss_bbox: 0.4794, loss_kps: 0.0000, loss: 0.9791, grad_norm: 7.8179
2026-09-30 03:05:58,474 - mmdet - INFO - Epoch [4][950/4741]	lr: 3.778e-07, eta: 13:57:04, time: 0.358, data_time: 0.014, memory: 23314, loss_cls: 0.4913, loss_bbox: 0.4875, loss_kps: 0.0000, loss: 0.9788, grad_norm: 7.9952
2026-09-30 03:06:15,834 - mmdet - INFO - Epoch [4][1000/4741]	lr: 3.778e-07, eta: 13:56:24, time: 0.348, data_time: 0.014, memory: 23314, loss_cls: 0.5018, loss_bbox: 0.4946, loss_kps: 0.0000, loss: 0.9964, grad_norm: 8.1747
2026-09-30 03:06:33,449 - mmdet - INFO - Epoch [4][1050/4741]	lr: 3.778e-07, eta: 13:55:46, time: 0.352, data_time: 0.014, memory: 23314, loss_cls: 0.4937, loss_bbox: 0.4773, loss_kps: 0.0000, loss: 0.9710, grad_norm: 8.4221
2026-09-30 03:06:50,939 - mmdet - INFO - Epoch [4][1100/4741]	lr: 3.778e-07, eta: 13:55:08, time: 0.350, data_time: 0.015, memory: 23314, loss_cls: 0.4966, loss_bbox: 0.4828, loss_kps: 0.0000, loss: 0.9794, grad_norm: 8.0358
2026-09-30 03:07:08,228 - mmdet - INFO - Epoch [4][1150/4741]	lr: 3.778e-07, eta: 13:54:28, time: 0.346, data_time: 0.015, memory: 23314, loss_cls: 0.4804, loss_bbox: 0.4896, loss_kps: 0.0000, loss: 0.9700, grad_norm: 7.9275
2026-09-30 03:07:25,601 - mmdet - INFO - Epoch [4][1200/4741]	lr: 3.778e-07, eta: 13:53:49, time: 0.348, data_time: 0.014, memory: 23314, loss_cls: 0.4960, loss_bbox: 0.4976, loss_kps: 0.0000, loss: 0.9937, grad_norm: 8.2613
2026-09-30 03:07:43,105 - mmdet - INFO - Epoch [4][1250/4741]	lr: 3.778e-07, eta: 13:53:11, time: 0.350, data_time: 0.014, memory: 23314, loss_cls: 0.4843, loss_bbox: 0.4739, loss_kps: 0.0000, loss: 0.9582, grad_norm: 7.6201
2026-09-30 03:08:00,770 - mmdet - INFO - Epoch [4][1300/4741]	lr: 3.778e-07, eta: 13:52:34, time: 0.352, data_time: 0.015, memory: 23314, loss_cls: 0.4801, loss_bbox: 0.4781, loss_kps: 0.0000, loss: 0.9582, grad_norm: 7.7714
2026-09-30 03:08:18,610 - mmdet - INFO - Epoch [4][1350/4741]	lr: 3.778e-07, eta: 13:51:59, time: 0.357, data_time: 0.014, memory: 23314, loss_cls: 0.4888, loss_bbox: 0.4835, loss_kps: 0.0000, loss: 0.9724, grad_norm: 8.4566
2026-09-30 03:08:36,417 - mmdet - INFO - Epoch [4][1400/4741]	lr: 3.778e-07, eta: 13:51:24, time: 0.357, data_time: 0.014, memory: 23314, loss_cls: 0.4969, loss_bbox: 0.4915, loss_kps: 0.0000, loss: 0.9885, grad_norm: 7.8426
2026-09-30 03:08:53,757 - mmdet - INFO - Epoch [4][1450/4741]	lr: 3.778e-07, eta: 13:50:45, time: 0.347, data_time: 0.015, memory: 23314, loss_cls: 0.5105, loss_bbox: 0.4906, loss_kps: 0.0000, loss: 1.0011, grad_norm: 7.9487
2026-09-30 03:09:11,588 - mmdet - INFO - Epoch [4][1500/4741]	lr: 3.778e-07, eta: 13:50:11, time: 0.356, data_time: 0.014, memory: 23314, loss_cls: 0.5025, loss_bbox: 0.4909, loss_kps: 0.0000, loss: 0.9934, grad_norm: 8.2097
2026-09-30 03:09:29,015 - mmdet - INFO - Epoch [4][1550/4741]	lr: 3.778e-07, eta: 13:49:33, time: 0.349, data_time: 0.014, memory: 23314, loss_cls: 0.5133, loss_bbox: 0.4872, loss_kps: 0.0000, loss: 1.0005, grad_norm: 8.5967
2026-09-30 03:09:46,561 - mmdet - INFO - Epoch [4][1600/4741]	lr: 3.778e-07, eta: 13:48:56, time: 0.351, data_time: 0.016, memory: 23314, loss_cls: 0.5136, loss_bbox: 0.4813, loss_kps: 0.0000, loss: 0.9949, grad_norm: 8.4154
2026-09-30 03:10:03,857 - mmdet - INFO - Epoch [4][1650/4741]	lr: 3.778e-07, eta: 13:48:18, time: 0.346, data_time: 0.014, memory: 23314, loss_cls: 0.5095, loss_bbox: 0.4850, loss_kps: 0.0000, loss: 0.9944, grad_norm: 8.0563
2026-09-30 03:10:21,612 - mmdet - INFO - Epoch [4][1700/4741]	lr: 3.778e-07, eta: 13:47:43, time: 0.355, data_time: 0.013, memory: 23314, loss_cls: 0.4808, loss_bbox: 0.4841, loss_kps: 0.0000, loss: 0.9648, grad_norm: 7.6646
2026-09-30 03:10:39,027 - mmdet - INFO - Epoch [4][1750/4741]	lr: 3.778e-07, eta: 13:47:05, time: 0.348, data_time: 0.014, memory: 23314, loss_cls: 0.4844, loss_bbox: 0.4883, loss_kps: 0.0000, loss: 0.9727, grad_norm: 8.0141
2026-09-30 03:10:56,446 - mmdet - INFO - Epoch [4][1800/4741]	lr: 3.778e-07, eta: 13:46:28, time: 0.349, data_time: 0.014, memory: 23314, loss_cls: 0.4889, loss_bbox: 0.4927, loss_kps: 0.0000, loss: 0.9816, grad_norm: 8.2052
2026-09-30 03:11:14,032 - mmdet - INFO - Epoch [4][1850/4741]	lr: 3.778e-07, eta: 13:45:52, time: 0.351, data_time: 0.013, memory: 23314, loss_cls: 0.4755, loss_bbox: 0.4862, loss_kps: 0.0000, loss: 0.9617, grad_norm: 8.1648
2026-09-30 03:11:31,746 - mmdet - INFO - Epoch [4][1900/4741]	lr: 3.778e-07, eta: 13:45:18, time: 0.354, data_time: 0.015, memory: 23314, loss_cls: 0.4895, loss_bbox: 0.4825, loss_kps: 0.0000, loss: 0.9720, grad_norm: 8.1850
2026-09-30 03:11:49,574 - mmdet - INFO - Epoch [4][1950/4741]	lr: 3.778e-07, eta: 13:44:44, time: 0.357, data_time: 0.016, memory: 23314, loss_cls: 0.5012, loss_bbox: 0.4823, loss_kps: 0.0000, loss: 0.9835, grad_norm: 8.1734
2026-09-30 03:12:07,156 - mmdet - INFO - Epoch [4][2000/4741]	lr: 3.778e-07, eta: 13:44:08, time: 0.351, data_time: 0.014, memory: 23314, loss_cls: 0.4976, loss_bbox: 0.4877, loss_kps: 0.0000, loss: 0.9853, grad_norm: 8.2848
2026-09-30 03:12:24,703 - mmdet - INFO - Epoch [4][2050/4741]	lr: 3.778e-07, eta: 13:43:33, time: 0.351, data_time: 0.014, memory: 23314, loss_cls: 0.4847, loss_bbox: 0.4851, loss_kps: 0.0000, loss: 0.9698, grad_norm: 8.0604
2026-09-30 03:12:42,331 - mmdet - INFO - Epoch [4][2100/4741]	lr: 3.778e-07, eta: 13:42:58, time: 0.352, data_time: 0.014, memory: 23314, loss_cls: 0.5033, loss_bbox: 0.4917, loss_kps: 0.0000, loss: 0.9950, grad_norm: 7.9330
2026-09-30 03:12:59,941 - mmdet - INFO - Epoch [4][2150/4741]	lr: 3.778e-07, eta: 13:42:23, time: 0.353, data_time: 0.015, memory: 23314, loss_cls: 0.4812, loss_bbox: 0.4852, loss_kps: 0.0000, loss: 0.9664, grad_norm: 8.3952
2026-09-30 03:13:17,218 - mmdet - INFO - Epoch [4][2200/4741]	lr: 3.778e-07, eta: 13:41:46, time: 0.346, data_time: 0.014, memory: 23314, loss_cls: 0.4836, loss_bbox: 0.4795, loss_kps: 0.0000, loss: 0.9631, grad_norm: 8.6064
2026-09-30 03:13:34,656 - mmdet - INFO - Epoch [4][2250/4741]	lr: 3.778e-07, eta: 13:41:09, time: 0.348, data_time: 0.015, memory: 23314, loss_cls: 0.4852, loss_bbox: 0.4777, loss_kps: 0.0000, loss: 0.9629, grad_norm: 7.9082
2026-09-30 03:13:52,571 - mmdet - INFO - Epoch [4][2300/4741]	lr: 3.778e-07, eta: 13:40:37, time: 0.359, data_time: 0.014, memory: 23314, loss_cls: 0.4850, loss_bbox: 0.4737, loss_kps: 0.0000, loss: 0.9587, grad_norm: 8.8222
2026-09-30 03:14:09,969 - mmdet - INFO - Epoch [4][2350/4741]	lr: 3.778e-07, eta: 13:40:01, time: 0.348, data_time: 0.014, memory: 23314, loss_cls: 0.4856, loss_bbox: 0.4831, loss_kps: 0.0000, loss: 0.9687, grad_norm: 7.8360
2026-09-30 03:14:27,318 - mmdet - INFO - Epoch [4][2400/4741]	lr: 3.778e-07, eta: 13:39:25, time: 0.347, data_time: 0.014, memory: 23314, loss_cls: 0.4742, loss_bbox: 0.4814, loss_kps: 0.0000, loss: 0.9555, grad_norm: 8.1458
2026-09-30 03:14:44,664 - mmdet - INFO - Epoch [4][2450/4741]	lr: 3.778e-07, eta: 13:38:48, time: 0.347, data_time: 0.014, memory: 23314, loss_cls: 0.4815, loss_bbox: 0.4792, loss_kps: 0.0000, loss: 0.9607, grad_norm: 8.3916
2026-09-30 03:15:02,277 - mmdet - INFO - Epoch [4][2500/4741]	lr: 3.778e-07, eta: 13:38:14, time: 0.353, data_time: 0.014, memory: 23314, loss_cls: 0.4832, loss_bbox: 0.4889, loss_kps: 0.0000, loss: 0.9721, grad_norm: 8.2530
2026-09-30 03:15:19,852 - mmdet - INFO - Epoch [4][2550/4741]	lr: 3.778e-07, eta: 13:37:40, time: 0.351, data_time: 0.013, memory: 23314, loss_cls: 0.5029, loss_bbox: 0.4827, loss_kps: 0.0000, loss: 0.9856, grad_norm: 8.0170
2026-09-30 03:15:37,312 - mmdet - INFO - Epoch [4][2600/4741]	lr: 3.778e-07, eta: 13:37:04, time: 0.349, data_time: 0.014, memory: 23314, loss_cls: 0.4856, loss_bbox: 0.4875, loss_kps: 0.0000, loss: 0.9731, grad_norm: 7.4928
2026-09-30 03:15:54,721 - mmdet - INFO - Epoch [4][2650/4741]	lr: 3.778e-07, eta: 13:36:29, time: 0.349, data_time: 0.016, memory: 23314, loss_cls: 0.4874, loss_bbox: 0.4776, loss_kps: 0.0000, loss: 0.9650, grad_norm: 8.2394
2026-09-30 03:16:12,479 - mmdet - INFO - Epoch [4][2700/4741]	lr: 3.778e-07, eta: 13:35:53, time: 0.347, data_time: 0.013, memory: 23314, loss_cls: 0.4792, loss_bbox: 0.4786, loss_kps: 0.0000, loss: 0.9578, grad_norm: 8.1637
2026-09-30 03:16:30,106 - mmdet - INFO - Epoch [4][2750/4741]	lr: 3.778e-07, eta: 13:35:23, time: 0.361, data_time: 0.022, memory: 23314, loss_cls: 0.5071, loss_bbox: 0.4899, loss_kps: 0.0000, loss: 0.9969, grad_norm: 8.1192
2026-09-30 03:16:47,900 - mmdet - INFO - Epoch [4][2800/4741]	lr: 3.778e-07, eta: 13:34:50, time: 0.356, data_time: 0.014, memory: 23314, loss_cls: 0.4735, loss_bbox: 0.4779, loss_kps: 0.0000, loss: 0.9514, grad_norm: 8.4630
2026-09-30 03:17:05,042 - mmdet - INFO - Epoch [4][2850/4741]	lr: 3.778e-07, eta: 13:34:13, time: 0.342, data_time: 0.014, memory: 23314, loss_cls: 0.5039, loss_bbox: 0.4911, loss_kps: 0.0000, loss: 0.9950, grad_norm: 8.3019
2026-09-30 03:17:22,840 - mmdet - INFO - Epoch [4][2900/4741]	lr: 3.778e-07, eta: 13:33:41, time: 0.357, data_time: 0.014, memory: 23314, loss_cls: 0.4989, loss_bbox: 0.4764, loss_kps: 0.0000, loss: 0.9754, grad_norm: 7.7707
2026-09-30 03:17:40,367 - mmdet - INFO - Epoch [4][2950/4741]	lr: 3.778e-07, eta: 13:33:07, time: 0.351, data_time: 0.013, memory: 23314, loss_cls: 0.5042, loss_bbox: 0.4862, loss_kps: 0.0000, loss: 0.9904, grad_norm: 8.3219
2026-09-30 03:17:57,922 - mmdet - INFO - Epoch [4][3000/4741]	lr: 3.778e-07, eta: 13:32:34, time: 0.350, data_time: 0.014, memory: 23314, loss_cls: 0.4915, loss_bbox: 0.4834, loss_kps: 0.0000, loss: 0.9749, grad_norm: 7.8724
2026-09-30 03:18:15,280 - mmdet - INFO - Epoch [4][3050/4741]	lr: 3.778e-07, eta: 13:31:59, time: 0.348, data_time: 0.014, memory: 23314, loss_cls: 0.5000, loss_bbox: 0.4962, loss_kps: 0.0000, loss: 0.9963, grad_norm: 8.0197
2026-09-30 03:18:32,582 - mmdet - INFO - Epoch [4][3100/4741]	lr: 3.778e-07, eta: 13:31:23, time: 0.345, data_time: 0.014, memory: 23314, loss_cls: 0.4643, loss_bbox: 0.4775, loss_kps: 0.0000, loss: 0.9418, grad_norm: 7.9376
2026-09-30 03:18:50,145 - mmdet - INFO - Epoch [4][3150/4741]	lr: 3.778e-07, eta: 13:30:50, time: 0.352, data_time: 0.014, memory: 23314, loss_cls: 0.4946, loss_bbox: 0.4876, loss_kps: 0.0000, loss: 0.9822, grad_norm: 7.9436
2026-09-30 03:19:07,603 - mmdet - INFO - Epoch [4][3200/4741]	lr: 3.778e-07, eta: 13:30:16, time: 0.349, data_time: 0.013, memory: 23314, loss_cls: 0.4758, loss_bbox: 0.4851, loss_kps: 0.0000, loss: 0.9610, grad_norm: 8.1871
2026-09-30 03:19:25,344 - mmdet - INFO - Epoch [4][3250/4741]	lr: 3.778e-07, eta: 13:29:44, time: 0.355, data_time: 0.014, memory: 23314, loss_cls: 0.4841, loss_bbox: 0.4875, loss_kps: 0.0000, loss: 0.9716, grad_norm: 8.1457
2026-09-30 03:19:43,056 - mmdet - INFO - Epoch [4][3300/4741]	lr: 3.778e-07, eta: 13:29:12, time: 0.354, data_time: 0.014, memory: 23314, loss_cls: 0.5173, loss_bbox: 0.4915, loss_kps: 0.0000, loss: 1.0089, grad_norm: 7.6638
2026-09-30 03:20:00,437 - mmdet - INFO - Epoch [4][3350/4741]	lr: 3.778e-07, eta: 13:28:38, time: 0.348, data_time: 0.015, memory: 23314, loss_cls: 0.4931, loss_bbox: 0.4782, loss_kps: 0.0000, loss: 0.9713, grad_norm: 8.0049
2026-09-30 03:20:17,779 - mmdet - INFO - Epoch [4][3400/4741]	lr: 3.778e-07, eta: 13:28:03, time: 0.346, data_time: 0.015, memory: 23314, loss_cls: 0.4846, loss_bbox: 0.4825, loss_kps: 0.0000, loss: 0.9671, grad_norm: 7.9200
2026-09-30 03:20:35,261 - mmdet - INFO - Epoch [4][3450/4741]	lr: 3.778e-07, eta: 13:27:30, time: 0.350, data_time: 0.016, memory: 23314, loss_cls: 0.5076, loss_bbox: 0.4691, loss_kps: 0.0000, loss: 0.9768, grad_norm: 7.6779
2026-09-30 03:20:52,828 - mmdet - INFO - Epoch [4][3500/4741]	lr: 3.778e-07, eta: 13:26:57, time: 0.351, data_time: 0.016, memory: 23314, loss_cls: 0.4647, loss_bbox: 0.4704, loss_kps: 0.0000, loss: 0.9351, grad_norm: 7.9410
2026-09-30 03:21:10,576 - mmdet - INFO - Epoch [4][3550/4741]	lr: 3.778e-07, eta: 13:26:26, time: 0.355, data_time: 0.016, memory: 23314, loss_cls: 0.4744, loss_bbox: 0.4695, loss_kps: 0.0000, loss: 0.9439, grad_norm: 8.1630
2026-09-30 03:21:27,916 - mmdet - INFO - Epoch [4][3600/4741]	lr: 3.778e-07, eta: 13:25:52, time: 0.347, data_time: 0.014, memory: 23314, loss_cls: 0.5002, loss_bbox: 0.4712, loss_kps: 0.0000, loss: 0.9714, grad_norm: 7.8764
2026-09-30 03:21:45,819 - mmdet - INFO - Epoch [4][3650/4741]	lr: 3.778e-07, eta: 13:25:22, time: 0.358, data_time: 0.015, memory: 23314, loss_cls: 0.4932, loss_bbox: 0.4846, loss_kps: 0.0000, loss: 0.9779, grad_norm: 8.0858
2026-09-30 03:22:03,080 - mmdet - INFO - Epoch [4][3700/4741]	lr: 3.778e-07, eta: 13:24:47, time: 0.345, data_time: 0.015, memory: 23314, loss_cls: 0.4838, loss_bbox: 0.4769, loss_kps: 0.0000, loss: 0.9607, grad_norm: 8.5966
2026-09-30 03:22:20,568 - mmdet - INFO - Epoch [4][3750/4741]	lr: 3.778e-07, eta: 13:24:15, time: 0.350, data_time: 0.014, memory: 23314, loss_cls: 0.4901, loss_bbox: 0.4757, loss_kps: 0.0000, loss: 0.9658, grad_norm: 7.6709
2026-09-30 03:22:37,950 - mmdet - INFO - Epoch [4][3800/4741]	lr: 3.778e-07, eta: 13:23:41, time: 0.348, data_time: 0.016, memory: 23314, loss_cls: 0.4915, loss_bbox: 0.4856, loss_kps: 0.0000, loss: 0.9771, grad_norm: 7.9004
2026-09-30 03:22:55,565 - mmdet - INFO - Epoch [4][3850/4741]	lr: 3.778e-07, eta: 13:23:09, time: 0.352, data_time: 0.014, memory: 23314, loss_cls: 0.5015, loss_bbox: 0.4852, loss_kps: 0.0000, loss: 0.9868, grad_norm: 8.1238
2026-09-30 03:23:13,079 - mmdet - INFO - Epoch [4][3900/4741]	lr: 3.778e-07, eta: 13:22:37, time: 0.350, data_time: 0.014, memory: 23314, loss_cls: 0.5029, loss_bbox: 0.4938, loss_kps: 0.0000, loss: 0.9967, grad_norm: 8.1301
2026-09-30 03:23:30,937 - mmdet - INFO - Epoch [4][3950/4741]	lr: 3.778e-07, eta: 13:22:07, time: 0.357, data_time: 0.014, memory: 23314, loss_cls: 0.4860, loss_bbox: 0.4741, loss_kps: 0.0000, loss: 0.9601, grad_norm: 7.6000
2026-09-30 03:23:48,930 - mmdet - INFO - Epoch [4][4000/4741]	lr: 3.778e-07, eta: 13:21:38, time: 0.359, data_time: 0.013, memory: 23314, loss_cls: 0.4716, loss_bbox: 0.4825, loss_kps: 0.0000, loss: 0.9541, grad_norm: 7.9314
2026-09-30 03:24:06,271 - mmdet - INFO - Epoch [4][4050/4741]	lr: 3.778e-07, eta: 13:21:05, time: 0.348, data_time: 0.015, memory: 23314, loss_cls: 0.5169, loss_bbox: 0.4925, loss_kps: 0.0000, loss: 1.0094, grad_norm: 7.8027
2026-09-30 03:24:23,937 - mmdet - INFO - Epoch [4][4100/4741]	lr: 3.778e-07, eta: 13:20:34, time: 0.352, data_time: 0.013, memory: 23314, loss_cls: 0.5163, loss_bbox: 0.5020, loss_kps: 0.0000, loss: 1.0183, grad_norm: 8.1776
2026-09-30 03:24:41,512 - mmdet - INFO - Epoch [4][4150/4741]	lr: 3.778e-07, eta: 13:20:02, time: 0.352, data_time: 0.015, memory: 23314, loss_cls: 0.4810, loss_bbox: 0.4788, loss_kps: 0.0000, loss: 0.9598, grad_norm: 7.6165
2026-09-30 03:24:59,351 - mmdet - INFO - Epoch [4][4200/4741]	lr: 3.778e-07, eta: 13:19:32, time: 0.357, data_time: 0.014, memory: 23314, loss_cls: 0.4787, loss_bbox: 0.4814, loss_kps: 0.0000, loss: 0.9602, grad_norm: 7.7695
2026-09-30 03:25:16,648 - mmdet - INFO - Epoch [4][4250/4741]	lr: 3.778e-07, eta: 13:18:59, time: 0.347, data_time: 0.015, memory: 23314, loss_cls: 0.4803, loss_bbox: 0.4685, loss_kps: 0.0000, loss: 0.9489, grad_norm: 8.1070
2026-09-30 03:25:34,114 - mmdet - INFO - Epoch [4][4300/4741]	lr: 3.778e-07, eta: 13:18:27, time: 0.349, data_time: 0.013, memory: 23314, loss_cls: 0.4755, loss_bbox: 0.4770, loss_kps: 0.0000, loss: 0.9525, grad_norm: 8.0823
2026-09-30 03:25:51,744 - mmdet - INFO - Epoch [4][4350/4741]	lr: 3.778e-07, eta: 13:17:56, time: 0.352, data_time: 0.014, memory: 23314, loss_cls: 0.4664, loss_bbox: 0.4723, loss_kps: 0.0000, loss: 0.9387, grad_norm: 8.0553
2026-09-30 03:26:09,243 - mmdet - INFO - Epoch [4][4400/4741]	lr: 3.778e-07, eta: 13:17:25, time: 0.351, data_time: 0.015, memory: 23314, loss_cls: 0.4881, loss_bbox: 0.4759, loss_kps: 0.0000, loss: 0.9639, grad_norm: 8.0484
2026-09-30 03:26:27,006 - mmdet - INFO - Epoch [4][4450/4741]	lr: 3.778e-07, eta: 13:16:55, time: 0.355, data_time: 0.013, memory: 23314, loss_cls: 0.4780, loss_bbox: 0.4746, loss_kps: 0.0000, loss: 0.9526, grad_norm: 7.8357
2026-09-30 03:26:44,354 - mmdet - INFO - Epoch [4][4500/4741]	lr: 3.778e-07, eta: 13:16:22, time: 0.347, data_time: 0.016, memory: 23314, loss_cls: 0.4953, loss_bbox: 0.4764, loss_kps: 0.0000, loss: 0.9718, grad_norm: 8.2119
2026-09-30 03:27:02,054 - mmdet - INFO - Epoch [4][4550/4741]	lr: 3.778e-07, eta: 13:15:52, time: 0.354, data_time: 0.014, memory: 23314, loss_cls: 0.4667, loss_bbox: 0.4787, loss_kps: 0.0000, loss: 0.9453, grad_norm: 7.7180
2026-09-30 03:27:19,886 - mmdet - INFO - Epoch [4][4600/4741]	lr: 3.778e-07, eta: 13:15:23, time: 0.357, data_time: 0.014, memory: 23314, loss_cls: 0.4835, loss_bbox: 0.4666, loss_kps: 0.0000, loss: 0.9501, grad_norm: 8.1969
2026-09-30 03:27:37,358 - mmdet - INFO - Epoch [4][4650/4741]	lr: 3.778e-07, eta: 13:14:51, time: 0.349, data_time: 0.015, memory: 23314, loss_cls: 0.4744, loss_bbox: 0.4753, loss_kps: 0.0000, loss: 0.9497, grad_norm: 8.1884
2026-09-30 03:27:54,633 - mmdet - INFO - Epoch [4][4700/4741]	lr: 3.778e-07, eta: 13:14:18, time: 0.346, data_time: 0.013, memory: 23314, loss_cls: 0.4813, loss_bbox: 0.4752, loss_kps: 0.0000, loss: 0.9565, grad_norm: 8.1637
2026-09-30 03:28:06,138 - mmdet - INFO - Saving checkpoint at 4 epochs
2026-09-30 03:28:42,506 - mmdet - INFO - Epoch [5][50/4741]	lr: 3.778e-07, eta: 13:12:12, time: 0.421, data_time: 0.086, memory: 23314, loss_cls: 0.4861, loss_bbox: 0.4789, loss_kps: 0.0000, loss: 0.9650, grad_norm: 7.7434
2026-09-30 03:29:00,143 - mmdet - INFO - Epoch [5][100/4741]	lr: 3.778e-07, eta: 13:11:42, time: 0.353, data_time: 0.014, memory: 23314, loss_cls: 0.4647, loss_bbox: 0.4763, loss_kps: 0.0000, loss: 0.9409, grad_norm: 7.7639
2026-09-30 03:29:17,990 - mmdet - INFO - Epoch [5][150/4741]	lr: 3.778e-07, eta: 13:11:13, time: 0.357, data_time: 0.014, memory: 23314, loss_cls: 0.4708, loss_bbox: 0.4715, loss_kps: 0.0000, loss: 0.9422, grad_norm: 8.2099
2026-09-30 03:29:35,718 - mmdet - INFO - Epoch [5][200/4741]	lr: 3.778e-07, eta: 13:10:44, time: 0.354, data_time: 0.013, memory: 23314, loss_cls: 0.4832, loss_bbox: 0.4652, loss_kps: 0.0000, loss: 0.9484, grad_norm: 7.7943
2026-09-30 03:29:53,334 - mmdet - INFO - Epoch [5][250/4741]	lr: 3.778e-07, eta: 13:10:15, time: 0.353, data_time: 0.014, memory: 23314, loss_cls: 0.5037, loss_bbox: 0.4792, loss_kps: 0.0000, loss: 0.9829, grad_norm: 8.0625
2026-09-30 03:30:10,682 - mmdet - INFO - Epoch [5][300/4741]	lr: 3.778e-07, eta: 13:09:43, time: 0.347, data_time: 0.014, memory: 23314, loss_cls: 0.4753, loss_bbox: 0.4854, loss_kps: 0.0000, loss: 0.9607, grad_norm: 7.8098
2026-09-30 03:30:28,170 - mmdet - INFO - Epoch [5][350/4741]	lr: 3.778e-07, eta: 13:09:12, time: 0.350, data_time: 0.014, memory: 23314, loss_cls: 0.4807, loss_bbox: 0.4785, loss_kps: 0.0000, loss: 0.9592, grad_norm: 8.1687
2026-09-30 03:30:45,561 - mmdet - INFO - Epoch [5][400/4741]	lr: 3.778e-07, eta: 13:08:41, time: 0.347, data_time: 0.015, memory: 23314, loss_cls: 0.4822, loss_bbox: 0.4849, loss_kps: 0.0000, loss: 0.9670, grad_norm: 8.0519
2026-09-30 03:31:03,273 - mmdet - INFO - Epoch [5][450/4741]	lr: 3.778e-07, eta: 13:08:12, time: 0.355, data_time: 0.015, memory: 23314, loss_cls: 0.4885, loss_bbox: 0.4840, loss_kps: 0.0000, loss: 0.9725, grad_norm: 8.3349
2026-09-30 03:31:21,019 - mmdet - INFO - Epoch [5][500/4741]	lr: 3.778e-07, eta: 13:07:43, time: 0.356, data_time: 0.015, memory: 23314, loss_cls: 0.4809, loss_bbox: 0.4806, loss_kps: 0.0000, loss: 0.9615, grad_norm: 8.0799
2026-09-30 03:31:38,480 - mmdet - INFO - Epoch [5][550/4741]	lr: 3.778e-07, eta: 13:07:13, time: 0.348, data_time: 0.014, memory: 23314, loss_cls: 0.4847, loss_bbox: 0.4735, loss_kps: 0.0000, loss: 0.9582, grad_norm: 8.2881
2026-09-30 03:31:55,899 - mmdet - INFO - Epoch [5][600/4741]	lr: 3.778e-07, eta: 13:06:42, time: 0.348, data_time: 0.016, memory: 23314, loss_cls: 0.4867, loss_bbox: 0.4634, loss_kps: 0.0000, loss: 0.9500, grad_norm: 7.9002
2026-09-30 03:32:13,604 - mmdet - INFO - Epoch [5][650/4741]	lr: 3.778e-07, eta: 13:06:13, time: 0.355, data_time: 0.015, memory: 23314, loss_cls: 0.4938, loss_bbox: 0.4832, loss_kps: 0.0000, loss: 0.9770, grad_norm: 7.8751
2026-09-30 03:32:31,629 - mmdet - INFO - Epoch [5][700/4741]	lr: 3.778e-07, eta: 13:05:46, time: 0.360, data_time: 0.015, memory: 23314, loss_cls: 0.4831, loss_bbox: 0.4783, loss_kps: 0.0000, loss: 0.9614, grad_norm: 8.4194
2026-09-30 03:32:49,416 - mmdet - INFO - Epoch [5][750/4741]	lr: 3.778e-07, eta: 13:05:18, time: 0.356, data_time: 0.015, memory: 23314, loss_cls: 0.4926, loss_bbox: 0.4833, loss_kps: 0.0000, loss: 0.9759, grad_norm: 8.1063
2026-09-30 03:33:07,065 - mmdet - INFO - Epoch [5][800/4741]	lr: 3.778e-07, eta: 13:04:49, time: 0.353, data_time: 0.016, memory: 23314, loss_cls: 0.4933, loss_bbox: 0.4731, loss_kps: 0.0000, loss: 0.9664, grad_norm: 7.7641
2026-09-30 03:33:24,680 - mmdet - INFO - Epoch [5][850/4741]	lr: 3.778e-07, eta: 13:04:20, time: 0.352, data_time: 0.014, memory: 23314, loss_cls: 0.4898, loss_bbox: 0.4770, loss_kps: 0.0000, loss: 0.9668, grad_norm: 7.9838
2026-09-30 03:33:43,004 - mmdet - INFO - Epoch [5][900/4741]	lr: 3.778e-07, eta: 13:03:55, time: 0.367, data_time: 0.016, memory: 23314, loss_cls: 0.4865, loss_bbox: 0.4757, loss_kps: 0.0000, loss: 0.9622, grad_norm: 7.5172
2026-09-30 03:34:00,855 - mmdet - INFO - Epoch [5][950/4741]	lr: 3.778e-07, eta: 13:03:28, time: 0.356, data_time: 0.016, memory: 23314, loss_cls: 0.4743, loss_bbox: 0.4833, loss_kps: 0.0000, loss: 0.9576, grad_norm: 7.8679
2026-09-30 03:34:18,586 - mmdet - INFO - Epoch [5][1000/4741]	lr: 3.778e-07, eta: 13:02:59, time: 0.355, data_time: 0.015, memory: 23314, loss_cls: 0.4677, loss_bbox: 0.4697, loss_kps: 0.0000, loss: 0.9374, grad_norm: 7.9064
2026-09-30 03:34:36,819 - mmdet - INFO - Epoch [5][1050/4741]	lr: 3.778e-07, eta: 13:02:34, time: 0.364, data_time: 0.014, memory: 23314, loss_cls: 0.4891, loss_bbox: 0.4782, loss_kps: 0.0000, loss: 0.9673, grad_norm: 7.5964
2026-09-30 03:34:54,922 - mmdet - INFO - Epoch [5][1100/4741]	lr: 3.778e-07, eta: 13:02:08, time: 0.362, data_time: 0.015, memory: 23314, loss_cls: 0.4745, loss_bbox: 0.4839, loss_kps: 0.0000, loss: 0.9584, grad_norm: 7.5427
2026-09-30 03:35:12,325 - mmdet - INFO - Epoch [5][1150/4741]	lr: 3.778e-07, eta: 13:01:38, time: 0.349, data_time: 0.014, memory: 23314, loss_cls: 0.4741, loss_bbox: 0.4705, loss_kps: 0.0000, loss: 0.9446, grad_norm: 7.8604
2026-09-30 03:35:29,595 - mmdet - INFO - Epoch [5][1200/4741]	lr: 3.778e-07, eta: 13:01:07, time: 0.345, data_time: 0.014, memory: 23314, loss_cls: 0.4946, loss_bbox: 0.4822, loss_kps: 0.0000, loss: 0.9768, grad_norm: 7.9221
2026-09-30 03:35:47,045 - mmdet - INFO - Epoch [5][1250/4741]	lr: 3.778e-07, eta: 13:00:37, time: 0.348, data_time: 0.014, memory: 23314, loss_cls: 0.4774, loss_bbox: 0.4611, loss_kps: 0.0000, loss: 0.9385, grad_norm: 7.8615
2026-09-30 03:36:04,492 - mmdet - INFO - Epoch [5][1300/4741]	lr: 3.778e-07, eta: 13:00:08, time: 0.350, data_time: 0.015, memory: 23314, loss_cls: 0.4571, loss_bbox: 0.4662, loss_kps: 0.0000, loss: 0.9233, grad_norm: 7.5068
2026-09-30 03:36:21,925 - mmdet - INFO - Epoch [5][1350/4741]	lr: 3.778e-07, eta: 12:59:38, time: 0.348, data_time: 0.014, memory: 23314, loss_cls: 0.4763, loss_bbox: 0.4699, loss_kps: 0.0000, loss: 0.9462, grad_norm: 7.5969
2026-09-30 03:36:39,339 - mmdet - INFO - Epoch [5][1400/4741]	lr: 3.778e-07, eta: 12:59:08, time: 0.349, data_time: 0.015, memory: 23314, loss_cls: 0.4612, loss_bbox: 0.4729, loss_kps: 0.0000, loss: 0.9341, grad_norm: 7.9173
2026-09-30 03:36:57,301 - mmdet - INFO - Epoch [5][1450/4741]	lr: 3.778e-07, eta: 12:58:42, time: 0.358, data_time: 0.014, memory: 23314, loss_cls: 0.4835, loss_bbox: 0.4719, loss_kps: 0.0000, loss: 0.9555, grad_norm: 7.8855
2026-09-30 03:37:14,717 - mmdet - INFO - Epoch [5][1500/4741]	lr: 3.778e-07, eta: 12:58:12, time: 0.349, data_time: 0.014, memory: 23314, loss_cls: 0.4816, loss_bbox: 0.4701, loss_kps: 0.0000, loss: 0.9517, grad_norm: 7.9415
2026-09-30 03:37:32,045 - mmdet - INFO - Epoch [5][1550/4741]	lr: 3.778e-07, eta: 12:57:42, time: 0.347, data_time: 0.014, memory: 23314, loss_cls: 0.4829, loss_bbox: 0.4774, loss_kps: 0.0000, loss: 0.9603, grad_norm: 7.4811
2026-09-30 03:37:49,864 - mmdet - INFO - Epoch [5][1600/4741]	lr: 3.778e-07, eta: 12:57:15, time: 0.356, data_time: 0.014, memory: 23314, loss_cls: 0.4877, loss_bbox: 0.4726, loss_kps: 0.0000, loss: 0.9602, grad_norm: 7.6398
2026-09-30 03:38:07,111 - mmdet - INFO - Epoch [5][1650/4741]	lr: 3.778e-07, eta: 12:56:44, time: 0.344, data_time: 0.014, memory: 23314, loss_cls: 0.4819, loss_bbox: 0.4866, loss_kps: 0.0000, loss: 0.9685, grad_norm: 7.7840
2026-09-30 03:38:25,030 - mmdet - INFO - Epoch [5][1700/4741]	lr: 3.778e-07, eta: 12:56:18, time: 0.358, data_time: 0.015, memory: 23314, loss_cls: 0.4802, loss_bbox: 0.4803, loss_kps: 0.0000, loss: 0.9605, grad_norm: 7.7296
2026-09-30 03:38:42,381 - mmdet - INFO - Epoch [5][1750/4741]	lr: 3.778e-07, eta: 12:55:48, time: 0.347, data_time: 0.015, memory: 23314, loss_cls: 0.4791, loss_bbox: 0.4748, loss_kps: 0.0000, loss: 0.9539, grad_norm: 8.0856
2026-09-30 03:38:59,789 - mmdet - INFO - Epoch [5][1800/4741]	lr: 3.778e-07, eta: 12:55:19, time: 0.348, data_time: 0.015, memory: 23314, loss_cls: 0.4607, loss_bbox: 0.4704, loss_kps: 0.0000, loss: 0.9311, grad_norm: 7.7342
2026-09-30 03:39:17,111 - mmdet - INFO - Epoch [5][1850/4741]	lr: 3.778e-07, eta: 12:54:49, time: 0.346, data_time: 0.016, memory: 23314, loss_cls: 0.4761, loss_bbox: 0.4734, loss_kps: 0.0000, loss: 0.9494, grad_norm: 7.6436
2026-09-30 03:39:34,662 - mmdet - INFO - Epoch [5][1900/4741]	lr: 3.778e-07, eta: 12:54:20, time: 0.351, data_time: 0.015, memory: 23314, loss_cls: 0.4900, loss_bbox: 0.4671, loss_kps: 0.0000, loss: 0.9572, grad_norm: 7.1854
2026-09-30 03:39:52,028 - mmdet - INFO - Epoch [5][1950/4741]	lr: 3.778e-07, eta: 12:53:51, time: 0.347, data_time: 0.015, memory: 23314, loss_cls: 0.4785, loss_bbox: 0.4721, loss_kps: 0.0000, loss: 0.9506, grad_norm: 7.8081
2026-09-30 03:40:09,481 - mmdet - INFO - Epoch [5][2000/4741]	lr: 3.778e-07, eta: 12:53:22, time: 0.349, data_time: 0.015, memory: 23314, loss_cls: 0.4846, loss_bbox: 0.4738, loss_kps: 0.0000, loss: 0.9584, grad_norm: 7.7612
2026-09-30 03:40:27,225 - mmdet - INFO - Epoch [5][2050/4741]	lr: 3.778e-07, eta: 12:52:55, time: 0.355, data_time: 0.015, memory: 23314, loss_cls: 0.4767, loss_bbox: 0.4653, loss_kps: 0.0000, loss: 0.9419, grad_norm: 7.8121
2026-09-30 03:40:44,649 - mmdet - INFO - Epoch [5][2100/4741]	lr: 3.778e-07, eta: 12:52:26, time: 0.348, data_time: 0.016, memory: 23314, loss_cls: 0.4782, loss_bbox: 0.4711, loss_kps: 0.0000, loss: 0.9492, grad_norm: 7.7700
2026-09-30 03:41:02,196 - mmdet - INFO - Epoch [5][2150/4741]	lr: 3.778e-07, eta: 12:51:58, time: 0.352, data_time: 0.016, memory: 23314, loss_cls: 0.4731, loss_bbox: 0.4627, loss_kps: 0.0000, loss: 0.9358, grad_norm: 7.6100
2026-09-30 03:41:19,688 - mmdet - INFO - Epoch [5][2200/4741]	lr: 3.778e-07, eta: 12:51:29, time: 0.349, data_time: 0.014, memory: 23314, loss_cls: 0.4723, loss_bbox: 0.4678, loss_kps: 0.0000, loss: 0.9402, grad_norm: 7.6093
2026-09-30 03:41:37,580 - mmdet - INFO - Epoch [5][2250/4741]	lr: 3.778e-07, eta: 12:51:03, time: 0.358, data_time: 0.015, memory: 23314, loss_cls: 0.4986, loss_bbox: 0.4716, loss_kps: 0.0000, loss: 0.9701, grad_norm: 7.8600
2026-09-30 03:41:55,359 - mmdet - INFO - Epoch [5][2300/4741]	lr: 3.778e-07, eta: 12:50:36, time: 0.356, data_time: 0.015, memory: 23314, loss_cls: 0.4791, loss_bbox: 0.4802, loss_kps: 0.0000, loss: 0.9593, grad_norm: 7.4653
2026-09-30 03:42:12,972 - mmdet - INFO - Epoch [5][2350/4741]	lr: 3.778e-07, eta: 12:50:09, time: 0.352, data_time: 0.016, memory: 23314, loss_cls: 0.4772, loss_bbox: 0.4856, loss_kps: 0.0000, loss: 0.9628, grad_norm: 7.9746
2026-09-30 03:42:30,627 - mmdet - INFO - Epoch [5][2400/4741]	lr: 3.778e-07, eta: 12:49:42, time: 0.353, data_time: 0.015, memory: 23314, loss_cls: 0.4864, loss_bbox: 0.4935, loss_kps: 0.0000, loss: 0.9799, grad_norm: 7.9539
2026-09-30 03:42:48,242 - mmdet - INFO - Epoch [5][2450/4741]	lr: 3.778e-07, eta: 12:49:14, time: 0.352, data_time: 0.016, memory: 23314, loss_cls: 0.4747, loss_bbox: 0.4767, loss_kps: 0.0000, loss: 0.9514, grad_norm: 8.1578
2026-09-30 03:43:05,692 - mmdet - INFO - Epoch [5][2500/4741]	lr: 3.778e-07, eta: 12:48:46, time: 0.349, data_time: 0.016, memory: 23314, loss_cls: 0.4879, loss_bbox: 0.4754, loss_kps: 0.0000, loss: 0.9633, grad_norm: 7.5562
2026-09-30 03:43:23,223 - mmdet - INFO - Epoch [5][2550/4741]	lr: 3.778e-07, eta: 12:48:18, time: 0.351, data_time: 0.015, memory: 23314, loss_cls: 0.4743, loss_bbox: 0.4775, loss_kps: 0.0000, loss: 0.9519, grad_norm: 8.0298
2026-09-30 03:43:40,605 - mmdet - INFO - Epoch [5][2600/4741]	lr: 3.778e-07, eta: 12:47:49, time: 0.348, data_time: 0.014, memory: 23314, loss_cls: 0.4852, loss_bbox: 0.4791, loss_kps: 0.0000, loss: 0.9643, grad_norm: 7.4969
2026-09-30 03:43:57,978 - mmdet - INFO - Epoch [5][2650/4741]	lr: 3.778e-07, eta: 12:47:20, time: 0.347, data_time: 0.015, memory: 23314, loss_cls: 0.4935, loss_bbox: 0.4756, loss_kps: 0.0000, loss: 0.9691, grad_norm: 7.5751
2026-09-30 03:44:15,369 - mmdet - INFO - Epoch [5][2700/4741]	lr: 3.778e-07, eta: 12:46:52, time: 0.348, data_time: 0.016, memory: 23314, loss_cls: 0.4778, loss_bbox: 0.4760, loss_kps: 0.0000, loss: 0.9538, grad_norm: 7.7605
2026-09-30 03:44:32,715 - mmdet - INFO - Epoch [5][2750/4741]	lr: 3.778e-07, eta: 12:46:23, time: 0.347, data_time: 0.015, memory: 23314, loss_cls: 0.4746, loss_bbox: 0.4614, loss_kps: 0.0000, loss: 0.9359, grad_norm: 7.8059
2026-09-30 03:44:50,074 - mmdet - INFO - Epoch [5][2800/4741]	lr: 3.778e-07, eta: 12:45:55, time: 0.348, data_time: 0.015, memory: 23314, loss_cls: 0.4788, loss_bbox: 0.4739, loss_kps: 0.0000, loss: 0.9527, grad_norm: 7.3836
2026-09-30 03:45:08,017 - mmdet - INFO - Epoch [5][2850/4741]	lr: 3.778e-07, eta: 12:45:29, time: 0.359, data_time: 0.014, memory: 23314, loss_cls: 0.4844, loss_bbox: 0.4767, loss_kps: 0.0000, loss: 0.9611, grad_norm: 7.6657
2026-09-30 03:45:25,698 - mmdet - INFO - Epoch [5][2900/4741]	lr: 3.778e-07, eta: 12:45:03, time: 0.353, data_time: 0.015, memory: 23314, loss_cls: 0.4756, loss_bbox: 0.4699, loss_kps: 0.0000, loss: 0.9456, grad_norm: 7.5829
2026-09-30 03:45:43,534 - mmdet - INFO - Epoch [5][2950/4741]	lr: 3.778e-07, eta: 12:44:37, time: 0.356, data_time: 0.014, memory: 23314, loss_cls: 0.4618, loss_bbox: 0.4669, loss_kps: 0.0000, loss: 0.9287, grad_norm: 7.5503
2026-09-30 03:46:01,009 - mmdet - INFO - Epoch [5][3000/4741]	lr: 3.778e-07, eta: 12:44:09, time: 0.350, data_time: 0.015, memory: 23314, loss_cls: 0.4727, loss_bbox: 0.4678, loss_kps: 0.0000, loss: 0.9405, grad_norm: 7.4529
2026-09-30 03:46:18,505 - mmdet - INFO - Epoch [5][3050/4741]	lr: 3.778e-07, eta: 12:43:41, time: 0.350, data_time: 0.015, memory: 23314, loss_cls: 0.4695, loss_bbox: 0.4566, loss_kps: 0.0000, loss: 0.9261, grad_norm: 7.1512
2026-09-30 03:46:35,826 - mmdet - INFO - Epoch [5][3100/4741]	lr: 3.778e-07, eta: 12:43:13, time: 0.346, data_time: 0.016, memory: 23314, loss_cls: 0.4701, loss_bbox: 0.4720, loss_kps: 0.0000, loss: 0.9421, grad_norm: 7.8148
2026-09-30 03:46:53,312 - mmdet - INFO - Epoch [5][3150/4741]	lr: 3.778e-07, eta: 12:42:45, time: 0.350, data_time: 0.015, memory: 23314, loss_cls: 0.4803, loss_bbox: 0.4704, loss_kps: 0.0000, loss: 0.9507, grad_norm: 7.9530
2026-09-30 03:47:10,830 - mmdet - INFO - Epoch [5][3200/4741]	lr: 3.778e-07, eta: 12:42:18, time: 0.350, data_time: 0.015, memory: 23314, loss_cls: 0.4784, loss_bbox: 0.4802, loss_kps: 0.0000, loss: 0.9587, grad_norm: 7.6511
2026-09-30 03:47:28,522 - mmdet - INFO - Epoch [5][3250/4741]	lr: 3.778e-07, eta: 12:41:52, time: 0.354, data_time: 0.014, memory: 23314, loss_cls: 0.4560, loss_bbox: 0.4697, loss_kps: 0.0000, loss: 0.9257, grad_norm: 7.6679
2026-09-30 03:47:45,857 - mmdet - INFO - Epoch [5][3300/4741]	lr: 3.778e-07, eta: 12:41:23, time: 0.346, data_time: 0.015, memory: 23314, loss_cls: 0.4837, loss_bbox: 0.4766, loss_kps: 0.0000, loss: 0.9603, grad_norm: 7.8867
2026-09-30 03:48:03,790 - mmdet - INFO - Epoch [5][3350/4741]	lr: 3.778e-07, eta: 12:40:58, time: 0.359, data_time: 0.016, memory: 23314, loss_cls: 0.4866, loss_bbox: 0.4747, loss_kps: 0.0000, loss: 0.9613, grad_norm: 7.6921
2026-09-30 03:48:21,164 - mmdet - INFO - Epoch [5][3400/4741]	lr: 3.778e-07, eta: 12:40:30, time: 0.347, data_time: 0.015, memory: 23314, loss_cls: 0.4744, loss_bbox: 0.4584, loss_kps: 0.0000, loss: 0.9328, grad_norm: 7.5270
2026-09-30 03:48:38,788 - mmdet - INFO - Epoch [5][3450/4741]	lr: 3.778e-07, eta: 12:40:04, time: 0.353, data_time: 0.017, memory: 23314, loss_cls: 0.4773, loss_bbox: 0.4642, loss_kps: 0.0000, loss: 0.9414, grad_norm: 7.9080
2026-09-30 03:48:56,843 - mmdet - INFO - Epoch [5][3500/4741]	lr: 3.778e-07, eta: 12:39:40, time: 0.362, data_time: 0.015, memory: 23314, loss_cls: 0.5006, loss_bbox: 0.4744, loss_kps: 0.0000, loss: 0.9750, grad_norm: 8.0244
2026-09-30 03:49:14,414 - mmdet - INFO - Epoch [5][3550/4741]	lr: 3.778e-07, eta: 12:39:13, time: 0.350, data_time: 0.014, memory: 23314, loss_cls: 0.4701, loss_bbox: 0.4674, loss_kps: 0.0000, loss: 0.9375, grad_norm: 7.8211
2026-09-30 03:49:31,945 - mmdet - INFO - Epoch [5][3600/4741]	lr: 3.778e-07, eta: 12:38:46, time: 0.351, data_time: 0.017, memory: 23314, loss_cls: 0.4602, loss_bbox: 0.4560, loss_kps: 0.0000, loss: 0.9162, grad_norm: 7.9239
2026-09-30 03:49:49,468 - mmdet - INFO - Epoch [5][3650/4741]	lr: 3.778e-07, eta: 12:38:19, time: 0.351, data_time: 0.016, memory: 23314, loss_cls: 0.4807, loss_bbox: 0.4685, loss_kps: 0.0000, loss: 0.9492, grad_norm: 7.5328
2026-09-30 03:50:06,760 - mmdet - INFO - Epoch [5][3700/4741]	lr: 3.778e-07, eta: 12:37:51, time: 0.346, data_time: 0.015, memory: 23314, loss_cls: 0.4778, loss_bbox: 0.4626, loss_kps: 0.0000, loss: 0.9405, grad_norm: 7.5675
2026-09-30 03:50:24,562 - mmdet - INFO - Epoch [5][3750/4741]	lr: 3.778e-07, eta: 12:37:25, time: 0.355, data_time: 0.014, memory: 23314, loss_cls: 0.4858, loss_bbox: 0.4824, loss_kps: 0.0000, loss: 0.9682, grad_norm: 7.4730
2026-09-30 03:50:41,960 - mmdet - INFO - Epoch [5][3800/4741]	lr: 3.778e-07, eta: 12:36:58, time: 0.348, data_time: 0.017, memory: 23314, loss_cls: 0.4763, loss_bbox: 0.4599, loss_kps: 0.0000, loss: 0.9363, grad_norm: 7.4988
2026-09-30 03:50:59,428 - mmdet - INFO - Epoch [5][3850/4741]	lr: 3.778e-07, eta: 12:36:31, time: 0.349, data_time: 0.018, memory: 23314, loss_cls: 0.4809, loss_bbox: 0.4724, loss_kps: 0.0000, loss: 0.9534, grad_norm: 7.3725
2026-09-30 03:51:16,950 - mmdet - INFO - Epoch [5][3900/4741]	lr: 3.778e-07, eta: 12:36:04, time: 0.350, data_time: 0.016, memory: 23314, loss_cls: 0.4680, loss_bbox: 0.4723, loss_kps: 0.0000, loss: 0.9403, grad_norm: 7.7675
2026-09-30 03:51:34,478 - mmdet - INFO - Epoch [5][3950/4741]	lr: 3.778e-07, eta: 12:35:37, time: 0.350, data_time: 0.016, memory: 23314, loss_cls: 0.4786, loss_bbox: 0.4800, loss_kps: 0.0000, loss: 0.9587, grad_norm: 7.4858
2026-09-30 03:51:52,366 - mmdet - INFO - Epoch [5][4000/4741]	lr: 3.778e-07, eta: 12:35:12, time: 0.358, data_time: 0.014, memory: 23314, loss_cls: 0.4763, loss_bbox: 0.4597, loss_kps: 0.0000, loss: 0.9360, grad_norm: 8.0148
2026-09-30 03:52:09,526 - mmdet - INFO - Epoch [5][4050/4741]	lr: 3.778e-07, eta: 12:34:44, time: 0.344, data_time: 0.015, memory: 23314, loss_cls: 0.4698, loss_bbox: 0.4675, loss_kps: 0.0000, loss: 0.9373, grad_norm: 7.6062
2026-09-30 03:52:27,122 - mmdet - INFO - Epoch [5][4100/4741]	lr: 3.778e-07, eta: 12:34:18, time: 0.351, data_time: 0.015, memory: 23314, loss_cls: 0.4711, loss_bbox: 0.4721, loss_kps: 0.0000, loss: 0.9432, grad_norm: 7.8187
2026-09-30 03:52:44,764 - mmdet - INFO - Epoch [5][4150/4741]	lr: 3.778e-07, eta: 12:33:52, time: 0.353, data_time: 0.016, memory: 23314, loss_cls: 0.4818, loss_bbox: 0.4690, loss_kps: 0.0000, loss: 0.9508, grad_norm: 7.9403
2026-09-30 03:53:02,096 - mmdet - INFO - Epoch [5][4200/4741]	lr: 3.778e-07, eta: 12:33:24, time: 0.347, data_time: 0.016, memory: 23314, loss_cls: 0.4771, loss_bbox: 0.4723, loss_kps: 0.0000, loss: 0.9494, grad_norm: 7.3382
2026-09-30 03:53:19,490 - mmdet - INFO - Epoch [5][4250/4741]	lr: 3.778e-07, eta: 12:32:57, time: 0.348, data_time: 0.015, memory: 23314, loss_cls: 0.4834, loss_bbox: 0.4819, loss_kps: 0.0000, loss: 0.9653, grad_norm: 7.8440
2026-09-30 03:53:37,000 - mmdet - INFO - Epoch [5][4300/4741]	lr: 3.778e-07, eta: 12:32:31, time: 0.350, data_time: 0.014, memory: 23314, loss_cls: 0.4830, loss_bbox: 0.4714, loss_kps: 0.0000, loss: 0.9544, grad_norm: 7.8761
2026-09-30 03:53:54,640 - mmdet - INFO - Epoch [5][4350/4741]	lr: 3.778e-07, eta: 12:32:05, time: 0.353, data_time: 0.014, memory: 23314, loss_cls: 0.4685, loss_bbox: 0.4581, loss_kps: 0.0000, loss: 0.9266, grad_norm: 7.4958
2026-09-30 03:54:12,139 - mmdet - INFO - Epoch [5][4400/4741]	lr: 3.778e-07, eta: 12:31:38, time: 0.350, data_time: 0.015, memory: 23314, loss_cls: 0.4745, loss_bbox: 0.4766, loss_kps: 0.0000, loss: 0.9510, grad_norm: 7.7838
2026-09-30 03:54:29,865 - mmdet - INFO - Epoch [5][4450/4741]	lr: 3.778e-07, eta: 12:31:13, time: 0.354, data_time: 0.015, memory: 23314, loss_cls: 0.4761, loss_bbox: 0.4650, loss_kps: 0.0000, loss: 0.9411, grad_norm: 8.0334
2026-09-30 03:54:47,899 - mmdet - INFO - Epoch [5][4500/4741]	lr: 3.778e-07, eta: 12:30:50, time: 0.362, data_time: 0.015, memory: 23314, loss_cls: 0.4673, loss_bbox: 0.4575, loss_kps: 0.0000, loss: 0.9248, grad_norm: 7.7196
2026-09-30 03:55:05,296 - mmdet - INFO - Epoch [5][4550/4741]	lr: 3.778e-07, eta: 12:30:23, time: 0.347, data_time: 0.016, memory: 23314, loss_cls: 0.4704, loss_bbox: 0.4715, loss_kps: 0.0000, loss: 0.9419, grad_norm: 7.8895
2026-09-30 03:55:23,002 - mmdet - INFO - Epoch [5][4600/4741]	lr: 3.778e-07, eta: 12:29:57, time: 0.355, data_time: 0.015, memory: 23314, loss_cls: 0.4700, loss_bbox: 0.4625, loss_kps: 0.0000, loss: 0.9324, grad_norm: 7.7899
2026-09-30 03:55:40,416 - mmdet - INFO - Epoch [5][4650/4741]	lr: 3.778e-07, eta: 12:29:30, time: 0.348, data_time: 0.014, memory: 23314, loss_cls: 0.4684, loss_bbox: 0.4761, loss_kps: 0.0000, loss: 0.9446, grad_norm: 7.9731
2026-09-30 03:55:57,733 - mmdet - INFO - Epoch [5][4700/4741]	lr: 3.778e-07, eta: 12:29:04, time: 0.347, data_time: 0.017, memory: 23314, loss_cls: 0.4613, loss_bbox: 0.4593, loss_kps: 0.0000, loss: 0.9206, grad_norm: 8.1663
2026-09-30 03:56:09,581 - mmdet - INFO - Saving checkpoint at 5 epochs
2026-09-30 03:56:45,626 - mmdet - INFO - Epoch [6][50/4741]	lr: 3.778e-07, eta: 12:27:21, time: 0.418, data_time: 0.082, memory: 23314, loss_cls: 0.4798, loss_bbox: 0.4714, loss_kps: 0.0000, loss: 0.9512, grad_norm: 7.6665
2026-09-30 03:57:03,114 - mmdet - INFO - Epoch [6][100/4741]	lr: 3.778e-07, eta: 12:26:55, time: 0.349, data_time: 0.014, memory: 23314, loss_cls: 0.4686, loss_bbox: 0.4713, loss_kps: 0.0000, loss: 0.9399, grad_norm: 7.2216
2026-09-30 03:57:20,464 - mmdet - INFO - Epoch [6][150/4741]	lr: 3.778e-07, eta: 12:26:28, time: 0.347, data_time: 0.015, memory: 23314, loss_cls: 0.4612, loss_bbox: 0.4560, loss_kps: 0.0000, loss: 0.9172, grad_norm: 7.6552
2026-09-30 03:57:38,312 - mmdet - INFO - Epoch [6][200/4741]	lr: 3.778e-07, eta: 12:26:04, time: 0.358, data_time: 0.015, memory: 23314, loss_cls: 0.4752, loss_bbox: 0.4741, loss_kps: 0.0000, loss: 0.9492, grad_norm: 7.9561
2026-09-30 03:57:56,072 - mmdet - INFO - Epoch [6][250/4741]	lr: 3.778e-07, eta: 12:25:40, time: 0.355, data_time: 0.014, memory: 23314, loss_cls: 0.4739, loss_bbox: 0.4687, loss_kps: 0.0000, loss: 0.9426, grad_norm: 7.5929
2026-09-30 03:58:13,467 - mmdet - INFO - Epoch [6][300/4741]	lr: 3.778e-07, eta: 12:25:13, time: 0.348, data_time: 0.014, memory: 23314, loss_cls: 0.4679, loss_bbox: 0.4581, loss_kps: 0.0000, loss: 0.9260, grad_norm: 7.3529
2026-09-30 03:58:31,044 - mmdet - INFO - Epoch [6][350/4741]	lr: 3.778e-07, eta: 12:24:48, time: 0.351, data_time: 0.015, memory: 23314, loss_cls: 0.4764, loss_bbox: 0.4564, loss_kps: 0.0000, loss: 0.9328, grad_norm: 8.1584
2026-09-30 03:58:48,489 - mmdet - INFO - Epoch [6][400/4741]	lr: 3.778e-07, eta: 12:24:21, time: 0.349, data_time: 0.016, memory: 23314, loss_cls: 0.4570, loss_bbox: 0.4628, loss_kps: 0.0000, loss: 0.9199, grad_norm: 7.8096
2026-09-30 03:59:06,188 - mmdet - INFO - Epoch [6][450/4741]	lr: 3.778e-07, eta: 12:23:57, time: 0.355, data_time: 0.012, memory: 23314, loss_cls: 0.4867, loss_bbox: 0.4794, loss_kps: 0.0000, loss: 0.9661, grad_norm: 7.6644
2026-09-30 03:59:24,124 - mmdet - INFO - Epoch [6][500/4741]	lr: 3.778e-07, eta: 12:23:33, time: 0.358, data_time: 0.015, memory: 23314, loss_cls: 0.4571, loss_bbox: 0.4670, loss_kps: 0.0000, loss: 0.9241, grad_norm: 7.6264
2026-09-30 03:59:41,764 - mmdet - INFO - Epoch [6][550/4741]	lr: 3.778e-07, eta: 12:23:08, time: 0.352, data_time: 0.016, memory: 23314, loss_cls: 0.4918, loss_bbox: 0.4832, loss_kps: 0.0000, loss: 0.9750, grad_norm: 7.8930
2026-09-30 03:59:59,241 - mmdet - INFO - Epoch [6][600/4741]	lr: 3.778e-07, eta: 12:22:42, time: 0.350, data_time: 0.016, memory: 23314, loss_cls: 0.4634, loss_bbox: 0.4601, loss_kps: 0.0000, loss: 0.9236, grad_norm: 7.5197
2026-09-30 04:00:16,651 - mmdet - INFO - Epoch [6][650/4741]	lr: 3.778e-07, eta: 12:22:16, time: 0.349, data_time: 0.014, memory: 23314, loss_cls: 0.4635, loss_bbox: 0.4629, loss_kps: 0.0000, loss: 0.9265, grad_norm: 7.7115
2026-09-30 04:00:34,286 - mmdet - INFO - Epoch [6][700/4741]	lr: 3.778e-07, eta: 12:21:51, time: 0.352, data_time: 0.015, memory: 23314, loss_cls: 0.4757, loss_bbox: 0.4709, loss_kps: 0.0000, loss: 0.9466, grad_norm: 7.5172
2026-09-30 04:00:51,879 - mmdet - INFO - Epoch [6][750/4741]	lr: 3.778e-07, eta: 12:21:26, time: 0.353, data_time: 0.015, memory: 23314, loss_cls: 0.4833, loss_bbox: 0.4705, loss_kps: 0.0000, loss: 0.9538, grad_norm: 7.9870
2026-09-30 04:01:09,332 - mmdet - INFO - Epoch [6][800/4741]	lr: 3.778e-07, eta: 12:21:00, time: 0.349, data_time: 0.016, memory: 23314, loss_cls: 0.4823, loss_bbox: 0.4698, loss_kps: 0.0000, loss: 0.9521, grad_norm: 7.8888
2026-09-30 04:01:26,900 - mmdet - INFO - Epoch [6][850/4741]	lr: 3.778e-07, eta: 12:20:35, time: 0.351, data_time: 0.015, memory: 23314, loss_cls: 0.4760, loss_bbox: 0.4628, loss_kps: 0.0000, loss: 0.9388, grad_norm: 7.4638
2026-09-30 04:01:44,482 - mmdet - INFO - Epoch [6][900/4741]	lr: 3.778e-07, eta: 12:20:10, time: 0.351, data_time: 0.014, memory: 23314, loss_cls: 0.4626, loss_bbox: 0.4594, loss_kps: 0.0000, loss: 0.9220, grad_norm: 7.6225
2026-09-30 04:02:01,956 - mmdet - INFO - Epoch [6][950/4741]	lr: 3.778e-07, eta: 12:19:44, time: 0.350, data_time: 0.016, memory: 23314, loss_cls: 0.4576, loss_bbox: 0.4528, loss_kps: 0.0000, loss: 0.9104, grad_norm: 7.2515
2026-09-30 04:02:19,732 - mmdet - INFO - Epoch [6][1000/4741]	lr: 3.778e-07, eta: 12:19:20, time: 0.356, data_time: 0.016, memory: 23314, loss_cls: 0.4786, loss_bbox: 0.4770, loss_kps: 0.0000, loss: 0.9555, grad_norm: 7.5742
2026-09-30 04:02:37,848 - mmdet - INFO - Epoch [6][1050/4741]	lr: 3.778e-07, eta: 12:18:58, time: 0.361, data_time: 0.015, memory: 23314, loss_cls: 0.4723, loss_bbox: 0.4725, loss_kps: 0.0000, loss: 0.9447, grad_norm: 7.6310
2026-09-30 04:02:55,274 - mmdet - INFO - Epoch [6][1100/4741]	lr: 3.778e-07, eta: 12:18:32, time: 0.349, data_time: 0.016, memory: 23314, loss_cls: 0.4816, loss_bbox: 0.4724, loss_kps: 0.0000, loss: 0.9540, grad_norm: 7.9645
2026-09-30 04:03:12,655 - mmdet - INFO - Epoch [6][1150/4741]	lr: 3.778e-07, eta: 12:18:06, time: 0.348, data_time: 0.017, memory: 23314, loss_cls: 0.4551, loss_bbox: 0.4656, loss_kps: 0.0000, loss: 0.9207, grad_norm: 7.4588
2026-09-30 04:03:30,895 - mmdet - INFO - Epoch [6][1200/4741]	lr: 3.778e-07, eta: 12:17:44, time: 0.364, data_time: 0.015, memory: 23314, loss_cls: 0.4734, loss_bbox: 0.4734, loss_kps: 0.0000, loss: 0.9468, grad_norm: 7.4063
2026-09-30 04:03:48,436 - mmdet - INFO - Epoch [6][1250/4741]	lr: 3.778e-07, eta: 12:17:19, time: 0.351, data_time: 0.016, memory: 23314, loss_cls: 0.4537, loss_bbox: 0.4635, loss_kps: 0.0000, loss: 0.9172, grad_norm: 7.5711
2026-09-30 04:04:05,948 - mmdet - INFO - Epoch [6][1300/4741]	lr: 3.778e-07, eta: 12:16:54, time: 0.350, data_time: 0.017, memory: 23314, loss_cls: 0.4760, loss_bbox: 0.4618, loss_kps: 0.0000, loss: 0.9378, grad_norm: 7.5346
2026-09-30 04:04:23,276 - mmdet - INFO - Epoch [6][1350/4741]	lr: 3.778e-07, eta: 12:16:28, time: 0.348, data_time: 0.016, memory: 23314, loss_cls: 0.4780, loss_bbox: 0.4753, loss_kps: 0.0000, loss: 0.9533, grad_norm: 7.9339
2026-09-30 04:04:40,616 - mmdet - INFO - Epoch [6][1400/4741]	lr: 3.778e-07, eta: 12:16:02, time: 0.346, data_time: 0.015, memory: 23314, loss_cls: 0.4748, loss_bbox: 0.4689, loss_kps: 0.0000, loss: 0.9437, grad_norm: 7.6903
2026-09-30 04:04:58,458 - mmdet - INFO - Epoch [6][1450/4741]	lr: 3.778e-07, eta: 12:15:39, time: 0.358, data_time: 0.017, memory: 23314, loss_cls: 0.4656, loss_bbox: 0.4615, loss_kps: 0.0000, loss: 0.9271, grad_norm: 7.2775
2026-09-30 04:05:15,901 - mmdet - INFO - Epoch [6][1500/4741]	lr: 3.778e-07, eta: 12:15:13, time: 0.349, data_time: 0.015, memory: 23314, loss_cls: 0.4693, loss_bbox: 0.4507, loss_kps: 0.0000, loss: 0.9200, grad_norm: 7.8104
2026-09-30 04:05:33,366 - mmdet - INFO - Epoch [6][1550/4741]	lr: 3.778e-07, eta: 12:14:48, time: 0.348, data_time: 0.014, memory: 23314, loss_cls: 0.4640, loss_bbox: 0.4713, loss_kps: 0.0000, loss: 0.9353, grad_norm: 7.5754
2026-09-30 04:05:50,832 - mmdet - INFO - Epoch [6][1600/4741]	lr: 3.778e-07, eta: 12:14:23, time: 0.350, data_time: 0.016, memory: 23314, loss_cls: 0.4633, loss_bbox: 0.4582, loss_kps: 0.0000, loss: 0.9216, grad_norm: 7.7484
2026-09-30 04:06:08,262 - mmdet - INFO - Epoch [6][1650/4741]	lr: 3.778e-07, eta: 12:13:57, time: 0.348, data_time: 0.014, memory: 23314, loss_cls: 0.4544, loss_bbox: 0.4511, loss_kps: 0.0000, loss: 0.9055, grad_norm: 7.4638
2026-09-30 04:06:25,841 - mmdet - INFO - Epoch [6][1700/4741]	lr: 3.778e-07, eta: 12:13:33, time: 0.351, data_time: 0.015, memory: 23314, loss_cls: 0.4756, loss_bbox: 0.4557, loss_kps: 0.0000, loss: 0.9313, grad_norm: 7.4509
2026-09-30 04:06:43,446 - mmdet - INFO - Epoch [6][1750/4741]	lr: 3.778e-07, eta: 12:13:08, time: 0.352, data_time: 0.014, memory: 23314, loss_cls: 0.4709, loss_bbox: 0.4701, loss_kps: 0.0000, loss: 0.9410, grad_norm: 7.3146
2026-09-30 04:07:01,207 - mmdet - INFO - Epoch [6][1800/4741]	lr: 3.778e-07, eta: 12:12:44, time: 0.355, data_time: 0.014, memory: 23314, loss_cls: 0.4611, loss_bbox: 0.4628, loss_kps: 0.0000, loss: 0.9239, grad_norm: 7.3049
2026-09-30 04:07:19,069 - mmdet - INFO - Epoch [6][1850/4741]	lr: 3.778e-07, eta: 12:12:21, time: 0.358, data_time: 0.015, memory: 23314, loss_cls: 0.4820, loss_bbox: 0.4698, loss_kps: 0.0000, loss: 0.9518, grad_norm: 7.3664
2026-09-30 04:07:36,939 - mmdet - INFO - Epoch [6][1900/4741]	lr: 3.778e-07, eta: 12:11:58, time: 0.357, data_time: 0.016, memory: 23314, loss_cls: 0.4686, loss_bbox: 0.4605, loss_kps: 0.0000, loss: 0.9290, grad_norm: 7.4948
2026-09-30 04:07:55,390 - mmdet - INFO - Epoch [6][1950/4741]	lr: 3.778e-07, eta: 12:11:38, time: 0.369, data_time: 0.014, memory: 23314, loss_cls: 0.4705, loss_bbox: 0.4540, loss_kps: 0.0000, loss: 0.9245, grad_norm: 7.8244
2026-09-30 04:08:13,049 - mmdet - INFO - Epoch [6][2000/4741]	lr: 3.778e-07, eta: 12:11:13, time: 0.353, data_time: 0.014, memory: 23314, loss_cls: 0.4794, loss_bbox: 0.4598, loss_kps: 0.0000, loss: 0.9392, grad_norm: 7.9055
2026-09-30 04:08:30,580 - mmdet - INFO - Epoch [6][2050/4741]	lr: 3.778e-07, eta: 12:10:49, time: 0.350, data_time: 0.015, memory: 23314, loss_cls: 0.4784, loss_bbox: 0.4758, loss_kps: 0.0000, loss: 0.9542, grad_norm: 8.0873
2026-09-30 04:08:47,995 - mmdet - INFO - Epoch [6][2100/4741]	lr: 3.778e-07, eta: 12:10:24, time: 0.349, data_time: 0.015, memory: 23314, loss_cls: 0.4808, loss_bbox: 0.4592, loss_kps: 0.0000, loss: 0.9400, grad_norm: 7.5727
2026-09-30 04:09:05,481 - mmdet - INFO - Epoch [6][2150/4741]	lr: 3.778e-07, eta: 12:09:59, time: 0.350, data_time: 0.014, memory: 23314, loss_cls: 0.4783, loss_bbox: 0.4763, loss_kps: 0.0000, loss: 0.9546, grad_norm: 7.5732
2026-09-30 04:09:22,866 - mmdet - INFO - Epoch [6][2200/4741]	lr: 3.778e-07, eta: 12:09:33, time: 0.347, data_time: 0.014, memory: 23314, loss_cls: 0.4572, loss_bbox: 0.4578, loss_kps: 0.0000, loss: 0.9150, grad_norm: 7.2655
2026-09-30 04:09:40,219 - mmdet - INFO - Epoch [6][2250/4741]	lr: 3.778e-07, eta: 12:09:08, time: 0.348, data_time: 0.015, memory: 23314, loss_cls: 0.4730, loss_bbox: 0.4705, loss_kps: 0.0000, loss: 0.9434, grad_norm: 7.4991
2026-09-30 04:09:58,390 - mmdet - INFO - Epoch [6][2300/4741]	lr: 3.778e-07, eta: 12:08:47, time: 0.363, data_time: 0.014, memory: 23314, loss_cls: 0.4693, loss_bbox: 0.4753, loss_kps: 0.0000, loss: 0.9446, grad_norm: 7.4765
2026-09-30 04:10:15,869 - mmdet - INFO - Epoch [6][2350/4741]	lr: 3.778e-07, eta: 12:08:22, time: 0.348, data_time: 0.014, memory: 23314, loss_cls: 0.4696, loss_bbox: 0.4575, loss_kps: 0.0000, loss: 0.9272, grad_norm: 7.9271
2026-09-30 04:10:33,302 - mmdet - INFO - Epoch [6][2400/4741]	lr: 3.778e-07, eta: 12:07:57, time: 0.349, data_time: 0.016, memory: 23314, loss_cls: 0.4828, loss_bbox: 0.4657, loss_kps: 0.0000, loss: 0.9485, grad_norm: 7.4766
2026-09-30 04:10:50,594 - mmdet - INFO - Epoch [6][2450/4741]	lr: 3.778e-07, eta: 12:07:31, time: 0.346, data_time: 0.016, memory: 23314, loss_cls: 0.4785, loss_bbox: 0.4607, loss_kps: 0.0000, loss: 0.9392, grad_norm: 7.2981
2026-09-30 04:11:08,087 - mmdet - INFO - Epoch [6][2500/4741]	lr: 3.778e-07, eta: 12:07:06, time: 0.350, data_time: 0.016, memory: 23314, loss_cls: 0.4647, loss_bbox: 0.4598, loss_kps: 0.0000, loss: 0.9245, grad_norm: 7.6645
2026-09-30 04:11:26,101 - mmdet - INFO - Epoch [6][2550/4741]	lr: 3.778e-07, eta: 12:06:44, time: 0.361, data_time: 0.015, memory: 23314, loss_cls: 0.4367, loss_bbox: 0.4549, loss_kps: 0.0000, loss: 0.8916, grad_norm: 7.7703
2026-09-30 04:11:43,778 - mmdet - INFO - Epoch [6][2600/4741]	lr: 3.778e-07, eta: 12:06:21, time: 0.353, data_time: 0.016, memory: 23314, loss_cls: 0.4735, loss_bbox: 0.4669, loss_kps: 0.0000, loss: 0.9404, grad_norm: 7.9962
2026-09-30 04:12:01,948 - mmdet - INFO - Epoch [6][2650/4741]	lr: 3.778e-07, eta: 12:05:59, time: 0.363, data_time: 0.015, memory: 23314, loss_cls: 0.4494, loss_bbox: 0.4691, loss_kps: 0.0000, loss: 0.9185, grad_norm: 7.5521
2026-09-30 04:12:19,285 - mmdet - INFO - Epoch [6][2700/4741]	lr: 3.778e-07, eta: 12:05:34, time: 0.347, data_time: 0.014, memory: 23314, loss_cls: 0.4672, loss_bbox: 0.4665, loss_kps: 0.0000, loss: 0.9337, grad_norm: 7.5408
2026-09-30 04:12:36,664 - mmdet - INFO - Epoch [6][2750/4741]	lr: 3.778e-07, eta: 12:05:09, time: 0.347, data_time: 0.014, memory: 23314, loss_cls: 0.4760, loss_bbox: 0.4580, loss_kps: 0.0000, loss: 0.9340, grad_norm: 7.6378
2026-09-30 04:12:54,474 - mmdet - INFO - Epoch [6][2800/4741]	lr: 3.778e-07, eta: 12:04:46, time: 0.357, data_time: 0.016, memory: 23314, loss_cls: 0.4708, loss_bbox: 0.4586, loss_kps: 0.0000, loss: 0.9294, grad_norm: 7.5739
2026-09-30 04:13:11,813 - mmdet - INFO - Epoch [6][2850/4741]	lr: 3.778e-07, eta: 12:04:21, time: 0.346, data_time: 0.016, memory: 23314, loss_cls: 0.4663, loss_bbox: 0.4691, loss_kps: 0.0000, loss: 0.9353, grad_norm: 7.3648
2026-09-30 04:13:29,401 - mmdet - INFO - Epoch [6][2900/4741]	lr: 3.778e-07, eta: 12:03:57, time: 0.352, data_time: 0.016, memory: 23314, loss_cls: 0.4882, loss_bbox: 0.4786, loss_kps: 0.0000, loss: 0.9669, grad_norm: 7.9248
2026-09-30 04:13:46,856 - mmdet - INFO - Epoch [6][2950/4741]	lr: 3.778e-07, eta: 12:03:32, time: 0.349, data_time: 0.015, memory: 23314, loss_cls: 0.4663, loss_bbox: 0.4605, loss_kps: 0.0000, loss: 0.9268, grad_norm: 7.2993
2026-09-30 04:14:04,379 - mmdet - INFO - Epoch [6][3000/4741]	lr: 3.778e-07, eta: 12:03:08, time: 0.351, data_time: 0.015, memory: 23314, loss_cls: 0.4792, loss_bbox: 0.4562, loss_kps: 0.0000, loss: 0.9355, grad_norm: 7.5256
2026-09-30 04:14:22,122 - mmdet - INFO - Epoch [6][3050/4741]	lr: 3.778e-07, eta: 12:02:45, time: 0.355, data_time: 0.015, memory: 23314, loss_cls: 0.4593, loss_bbox: 0.4583, loss_kps: 0.0000, loss: 0.9176, grad_norm: 7.6019
2026-09-30 04:14:39,599 - mmdet - INFO - Epoch [6][3100/4741]	lr: 3.778e-07, eta: 12:02:20, time: 0.349, data_time: 0.014, memory: 23314, loss_cls: 0.4770, loss_bbox: 0.4698, loss_kps: 0.0000, loss: 0.9468, grad_norm: 7.8163
2026-09-30 04:14:57,244 - mmdet - INFO - Epoch [6][3150/4741]	lr: 3.778e-07, eta: 12:01:57, time: 0.353, data_time: 0.014, memory: 23314, loss_cls: 0.4772, loss_bbox: 0.4663, loss_kps: 0.0000, loss: 0.9436, grad_norm: 7.4122
2026-09-30 04:15:15,104 - mmdet - INFO - Epoch [6][3200/4741]	lr: 3.778e-07, eta: 12:01:34, time: 0.357, data_time: 0.015, memory: 23314, loss_cls: 0.4532, loss_bbox: 0.4429, loss_kps: 0.0000, loss: 0.8960, grad_norm: 7.5494
2026-09-30 04:15:32,791 - mmdet - INFO - Epoch [6][3250/4741]	lr: 3.778e-07, eta: 12:01:11, time: 0.354, data_time: 0.015, memory: 23314, loss_cls: 0.4668, loss_bbox: 0.4594, loss_kps: 0.0000, loss: 0.9262, grad_norm: 7.5292
2026-09-30 04:15:50,183 - mmdet - INFO - Epoch [6][3300/4741]	lr: 3.778e-07, eta: 12:00:46, time: 0.347, data_time: 0.014, memory: 23314, loss_cls: 0.4799, loss_bbox: 0.4722, loss_kps: 0.0000, loss: 0.9521, grad_norm: 7.3234
2026-09-30 04:16:07,622 - mmdet - INFO - Epoch [6][3350/4741]	lr: 3.778e-07, eta: 12:00:21, time: 0.349, data_time: 0.014, memory: 23314, loss_cls: 0.4710, loss_bbox: 0.4678, loss_kps: 0.0000, loss: 0.9388, grad_norm: 7.4191
2026-09-30 04:16:25,126 - mmdet - INFO - Epoch [6][3400/4741]	lr: 3.778e-07, eta: 11:59:57, time: 0.350, data_time: 0.015, memory: 23314, loss_cls: 0.4631, loss_bbox: 0.4553, loss_kps: 0.0000, loss: 0.9184, grad_norm: 7.0110
2026-09-30 04:16:42,658 - mmdet - INFO - Epoch [6][3450/4741]	lr: 3.778e-07, eta: 11:59:34, time: 0.351, data_time: 0.015, memory: 23314, loss_cls: 0.4506, loss_bbox: 0.4594, loss_kps: 0.0000, loss: 0.9100, grad_norm: 7.2170
2026-09-30 04:17:00,503 - mmdet - INFO - Epoch [6][3500/4741]	lr: 3.778e-07, eta: 11:59:11, time: 0.356, data_time: 0.015, memory: 23314, loss_cls: 0.4584, loss_bbox: 0.4588, loss_kps: 0.0000, loss: 0.9172, grad_norm: 7.7513
2026-09-30 04:17:18,393 - mmdet - INFO - Epoch [6][3550/4741]	lr: 3.778e-07, eta: 11:58:48, time: 0.359, data_time: 0.015, memory: 23314, loss_cls: 0.4518, loss_bbox: 0.4538, loss_kps: 0.0000, loss: 0.9056, grad_norm: 7.3833
2026-09-30 04:17:35,918 - mmdet - INFO - Epoch [6][3600/4741]	lr: 3.778e-07, eta: 11:58:25, time: 0.351, data_time: 0.015, memory: 23314, loss_cls: 0.4725, loss_bbox: 0.4625, loss_kps: 0.0000, loss: 0.9350, grad_norm: 7.9944
2026-09-30 04:17:53,348 - mmdet - INFO - Epoch [6][3650/4741]	lr: 3.778e-07, eta: 11:58:00, time: 0.349, data_time: 0.014, memory: 23314, loss_cls: 0.4586, loss_bbox: 0.4585, loss_kps: 0.0000, loss: 0.9171, grad_norm: 7.6391
2026-09-30 04:18:11,013 - mmdet - INFO - Epoch [6][3700/4741]	lr: 3.778e-07, eta: 11:57:37, time: 0.353, data_time: 0.013, memory: 23314, loss_cls: 0.4354, loss_bbox: 0.4507, loss_kps: 0.0000, loss: 0.8860, grad_norm: 7.1845
2026-09-30 04:18:28,495 - mmdet - INFO - Epoch [6][3750/4741]	lr: 3.778e-07, eta: 11:57:13, time: 0.350, data_time: 0.016, memory: 23314, loss_cls: 0.4574, loss_bbox: 0.4564, loss_kps: 0.0000, loss: 0.9138, grad_norm: 7.5717
2026-09-30 04:18:45,767 - mmdet - INFO - Epoch [6][3800/4741]	lr: 3.778e-07, eta: 11:56:48, time: 0.345, data_time: 0.014, memory: 23314, loss_cls: 0.4592, loss_bbox: 0.4610, loss_kps: 0.0000, loss: 0.9202, grad_norm: 7.8627
2026-09-30 04:19:03,258 - mmdet - INFO - Epoch [6][3850/4741]	lr: 3.778e-07, eta: 11:56:24, time: 0.350, data_time: 0.016, memory: 23314, loss_cls: 0.4760, loss_bbox: 0.4637, loss_kps: 0.0000, loss: 0.9397, grad_norm: 7.3216
2026-09-30 04:19:21,357 - mmdet - INFO - Epoch [6][3900/4741]	lr: 3.778e-07, eta: 11:56:02, time: 0.361, data_time: 0.014, memory: 23314, loss_cls: 0.4695, loss_bbox: 0.4480, loss_kps: 0.0000, loss: 0.9175, grad_norm: 7.6043
2026-09-30 04:19:38,857 - mmdet - INFO - Epoch [6][3950/4741]	lr: 3.778e-07, eta: 11:55:39, time: 0.350, data_time: 0.015, memory: 23314, loss_cls: 0.4627, loss_bbox: 0.4748, loss_kps: 0.0000, loss: 0.9375, grad_norm: 7.2721
2026-09-30 04:19:56,291 - mmdet - INFO - Epoch [6][4000/4741]	lr: 3.778e-07, eta: 11:55:15, time: 0.349, data_time: 0.014, memory: 23314, loss_cls: 0.4420, loss_bbox: 0.4624, loss_kps: 0.0000, loss: 0.9044, grad_norm: 7.2128
2026-09-30 04:20:13,802 - mmdet - INFO - Epoch [6][4050/4741]	lr: 3.778e-07, eta: 11:54:51, time: 0.350, data_time: 0.014, memory: 23314, loss_cls: 0.4576, loss_bbox: 0.4606, loss_kps: 0.0000, loss: 0.9182, grad_norm: 7.5138
2026-09-30 04:20:31,347 - mmdet - INFO - Epoch [6][4100/4741]	lr: 3.778e-07, eta: 11:54:27, time: 0.350, data_time: 0.015, memory: 23314, loss_cls: 0.4620, loss_bbox: 0.4608, loss_kps: 0.0000, loss: 0.9228, grad_norm: 7.4577
2026-09-30 04:20:48,623 - mmdet - INFO - Epoch [6][4150/4741]	lr: 3.778e-07, eta: 11:54:02, time: 0.346, data_time: 0.016, memory: 23314, loss_cls: 0.4760, loss_bbox: 0.4708, loss_kps: 0.0000, loss: 0.9468, grad_norm: 7.1033
2026-09-30 04:21:05,986 - mmdet - INFO - Epoch [6][4200/4741]	lr: 3.778e-07, eta: 11:53:38, time: 0.347, data_time: 0.015, memory: 23314, loss_cls: 0.4640, loss_bbox: 0.4627, loss_kps: 0.0000, loss: 0.9267, grad_norm: 7.4037
2026-09-30 04:21:23,947 - mmdet - INFO - Epoch [6][4250/4741]	lr: 3.778e-07, eta: 11:53:16, time: 0.360, data_time: 0.016, memory: 23314, loss_cls: 0.4580, loss_bbox: 0.4582, loss_kps: 0.0000, loss: 0.9161, grad_norm: 7.1176
2026-09-30 04:21:42,044 - mmdet - INFO - Epoch [6][4300/4741]	lr: 3.778e-07, eta: 11:52:55, time: 0.362, data_time: 0.013, memory: 23314, loss_cls: 0.4516, loss_bbox: 0.4527, loss_kps: 0.0000, loss: 0.9042, grad_norm: 7.3477
2026-09-30 04:21:59,624 - mmdet - INFO - Epoch [6][4350/4741]	lr: 3.778e-07, eta: 11:52:31, time: 0.351, data_time: 0.014, memory: 23314, loss_cls: 0.4582, loss_bbox: 0.4595, loss_kps: 0.0000, loss: 0.9176, grad_norm: 7.5449
2026-09-30 04:22:17,531 - mmdet - INFO - Epoch [6][4400/4741]	lr: 3.778e-07, eta: 11:52:10, time: 0.359, data_time: 0.016, memory: 23314, loss_cls: 0.4614, loss_bbox: 0.4793, loss_kps: 0.0000, loss: 0.9407, grad_norm: 7.1498
2026-09-30 04:22:34,955 - mmdet - INFO - Epoch [6][4450/4741]	lr: 3.778e-07, eta: 11:51:46, time: 0.349, data_time: 0.013, memory: 23314, loss_cls: 0.4900, loss_bbox: 0.4768, loss_kps: 0.0000, loss: 0.9668, grad_norm: 7.5562
2026-09-30 04:22:52,430 - mmdet - INFO - Epoch [6][4500/4741]	lr: 3.778e-07, eta: 11:51:22, time: 0.350, data_time: 0.015, memory: 23314, loss_cls: 0.4519, loss_bbox: 0.4632, loss_kps: 0.0000, loss: 0.9151, grad_norm: 6.9666
2026-09-30 04:23:09,934 - mmdet - INFO - Epoch [6][4550/4741]	lr: 3.778e-07, eta: 11:50:58, time: 0.349, data_time: 0.015, memory: 23314, loss_cls: 0.4594, loss_bbox: 0.4647, loss_kps: 0.0000, loss: 0.9241, grad_norm: 7.4693
2026-09-30 04:23:27,347 - mmdet - INFO - Epoch [6][4600/4741]	lr: 3.778e-07, eta: 11:50:34, time: 0.348, data_time: 0.016, memory: 23314, loss_cls: 0.4876, loss_bbox: 0.4590, loss_kps: 0.0000, loss: 0.9465, grad_norm: 7.3101
2026-09-30 04:23:44,627 - mmdet - INFO - Epoch [6][4650/4741]	lr: 3.778e-07, eta: 11:50:10, time: 0.346, data_time: 0.016, memory: 23314, loss_cls: 0.4681, loss_bbox: 0.4536, loss_kps: 0.0000, loss: 0.9217, grad_norm: 7.6124
2026-09-30 04:24:02,133 - mmdet - INFO - Epoch [6][4700/4741]	lr: 3.778e-07, eta: 11:49:46, time: 0.350, data_time: 0.016, memory: 23314, loss_cls: 0.4757, loss_bbox: 0.4558, loss_kps: 0.0000, loss: 0.9315, grad_norm: 7.3510
2026-09-30 04:24:13,923 - mmdet - INFO - Saving checkpoint at 6 epochs
2026-09-30 04:24:50,294 - mmdet - INFO - Epoch [7][50/4741]	lr: 3.778e-07, eta: 11:48:22, time: 0.429, data_time: 0.082, memory: 23314, loss_cls: 0.4906, loss_bbox: 0.4705, loss_kps: 0.0000, loss: 0.9610, grad_norm: 7.7968
2026-09-30 04:25:07,700 - mmdet - INFO - Epoch [7][100/4741]	lr: 3.778e-07, eta: 11:47:58, time: 0.349, data_time: 0.015, memory: 23314, loss_cls: 0.4545, loss_bbox: 0.4430, loss_kps: 0.0000, loss: 0.8975, grad_norm: 7.3440
2026-09-30 04:25:25,117 - mmdet - INFO - Epoch [7][150/4741]	lr: 3.778e-07, eta: 11:47:34, time: 0.348, data_time: 0.015, memory: 23314, loss_cls: 0.4727, loss_bbox: 0.4660, loss_kps: 0.0000, loss: 0.9387, grad_norm: 7.5162
2026-09-30 04:25:42,617 - mmdet - INFO - Epoch [7][200/4741]	lr: 3.778e-07, eta: 11:47:11, time: 0.349, data_time: 0.013, memory: 23314, loss_cls: 0.4728, loss_bbox: 0.4516, loss_kps: 0.0000, loss: 0.9244, grad_norm: 7.6639
2026-09-30 04:25:59,883 - mmdet - INFO - Epoch [7][250/4741]	lr: 3.778e-07, eta: 11:46:47, time: 0.345, data_time: 0.015, memory: 23314, loss_cls: 0.4609, loss_bbox: 0.4779, loss_kps: 0.0000, loss: 0.9388, grad_norm: 7.1669
2026-09-30 04:26:17,345 - mmdet - INFO - Epoch [7][300/4741]	lr: 3.778e-07, eta: 11:46:23, time: 0.349, data_time: 0.016, memory: 23314, loss_cls: 0.4646, loss_bbox: 0.4576, loss_kps: 0.0000, loss: 0.9222, grad_norm: 7.5137
2026-09-30 04:26:34,639 - mmdet - INFO - Epoch [7][350/4741]	lr: 3.778e-07, eta: 11:45:59, time: 0.346, data_time: 0.016, memory: 23314, loss_cls: 0.4665, loss_bbox: 0.4607, loss_kps: 0.0000, loss: 0.9273, grad_norm: 7.2579
2026-09-30 04:26:52,483 - mmdet - INFO - Epoch [7][400/4741]	lr: 3.778e-07, eta: 11:45:37, time: 0.357, data_time: 0.016, memory: 23314, loss_cls: 0.4618, loss_bbox: 0.4585, loss_kps: 0.0000, loss: 0.9203, grad_norm: 7.1679
2026-09-30 04:27:09,926 - mmdet - INFO - Epoch [7][450/4741]	lr: 3.778e-07, eta: 11:45:14, time: 0.349, data_time: 0.015, memory: 23314, loss_cls: 0.4623, loss_bbox: 0.4583, loss_kps: 0.0000, loss: 0.9206, grad_norm: 7.1097
2026-09-30 04:27:27,394 - mmdet - INFO - Epoch [7][500/4741]	lr: 3.778e-07, eta: 11:44:50, time: 0.348, data_time: 0.015, memory: 23314, loss_cls: 0.4581, loss_bbox: 0.4581, loss_kps: 0.0000, loss: 0.9163, grad_norm: 7.6944
2026-09-30 04:27:44,705 - mmdet - INFO - Epoch [7][550/4741]	lr: 3.778e-07, eta: 11:44:26, time: 0.347, data_time: 0.017, memory: 23314, loss_cls: 0.4705, loss_bbox: 0.4526, loss_kps: 0.0000, loss: 0.9230, grad_norm: 7.3595
2026-09-30 04:28:02,224 - mmdet - INFO - Epoch [7][600/4741]	lr: 3.778e-07, eta: 11:44:03, time: 0.350, data_time: 0.014, memory: 23314, loss_cls: 0.4552, loss_bbox: 0.4531, loss_kps: 0.0000, loss: 0.9083, grad_norm: 7.3223
2026-09-30 04:28:19,649 - mmdet - INFO - Epoch [7][650/4741]	lr: 3.778e-07, eta: 11:43:40, time: 0.348, data_time: 0.014, memory: 23314, loss_cls: 0.4680, loss_bbox: 0.4617, loss_kps: 0.0000, loss: 0.9296, grad_norm: 7.1535
2026-09-30 04:28:37,015 - mmdet - INFO - Epoch [7][700/4741]	lr: 3.778e-07, eta: 11:43:16, time: 0.347, data_time: 0.015, memory: 23314, loss_cls: 0.4544, loss_bbox: 0.4472, loss_kps: 0.0000, loss: 0.9016, grad_norm: 7.5590
2026-09-30 04:28:55,721 - mmdet - INFO - Epoch [7][750/4741]	lr: 3.778e-07, eta: 11:42:58, time: 0.375, data_time: 0.015, memory: 23314, loss_cls: 0.4443, loss_bbox: 0.4479, loss_kps: 0.0000, loss: 0.8922, grad_norm: 7.2373
2026-09-30 04:29:12,993 - mmdet - INFO - Epoch [7][800/4741]	lr: 3.778e-07, eta: 11:42:34, time: 0.345, data_time: 0.015, memory: 23314, loss_cls: 0.4392, loss_bbox: 0.4584, loss_kps: 0.0000, loss: 0.8976, grad_norm: 7.1373
2026-09-30 04:29:30,364 - mmdet - INFO - Epoch [7][850/4741]	lr: 3.778e-07, eta: 11:42:10, time: 0.347, data_time: 0.014, memory: 23314, loss_cls: 0.4562, loss_bbox: 0.4585, loss_kps: 0.0000, loss: 0.9148, grad_norm: 7.3304
2026-09-30 04:29:47,989 - mmdet - INFO - Epoch [7][900/4741]	lr: 3.778e-07, eta: 11:41:47, time: 0.353, data_time: 0.015, memory: 23314, loss_cls: 0.4775, loss_bbox: 0.4635, loss_kps: 0.0000, loss: 0.9410, grad_norm: 7.2903
2026-09-30 04:30:05,811 - mmdet - INFO - Epoch [7][950/4741]	lr: 3.778e-07, eta: 11:41:25, time: 0.356, data_time: 0.014, memory: 23314, loss_cls: 0.4591, loss_bbox: 0.4551, loss_kps: 0.0000, loss: 0.9142, grad_norm: 7.3172
2026-09-30 04:30:23,449 - mmdet - INFO - Epoch [7][1000/4741]	lr: 3.778e-07, eta: 11:41:03, time: 0.353, data_time: 0.015, memory: 23314, loss_cls: 0.4644, loss_bbox: 0.4599, loss_kps: 0.0000, loss: 0.9243, grad_norm: 7.6415
2026-09-30 04:30:40,817 - mmdet - INFO - Epoch [7][1050/4741]	lr: 3.778e-07, eta: 11:40:40, time: 0.348, data_time: 0.016, memory: 23314, loss_cls: 0.4684, loss_bbox: 0.4491, loss_kps: 0.0000, loss: 0.9175, grad_norm: 7.3558
2026-09-30 04:30:58,254 - mmdet - INFO - Epoch [7][1100/4741]	lr: 3.778e-07, eta: 11:40:16, time: 0.348, data_time: 0.015, memory: 23314, loss_cls: 0.4549, loss_bbox: 0.4464, loss_kps: 0.0000, loss: 0.9013, grad_norm: 7.2057
2026-09-30 04:31:15,900 - mmdet - INFO - Epoch [7][1150/4741]	lr: 3.778e-07, eta: 11:39:54, time: 0.353, data_time: 0.014, memory: 23314, loss_cls: 0.4777, loss_bbox: 0.4668, loss_kps: 0.0000, loss: 0.9445, grad_norm: 7.3812
2026-09-30 04:31:33,332 - mmdet - INFO - Epoch [7][1200/4741]	lr: 3.778e-07, eta: 11:39:30, time: 0.349, data_time: 0.015, memory: 23314, loss_cls: 0.4420, loss_bbox: 0.4526, loss_kps: 0.0000, loss: 0.8947, grad_norm: 7.7897
2026-09-30 04:31:50,639 - mmdet - INFO - Epoch [7][1250/4741]	lr: 3.778e-07, eta: 11:39:07, time: 0.346, data_time: 0.015, memory: 23314, loss_cls: 0.4464, loss_bbox: 0.4561, loss_kps: 0.0000, loss: 0.9025, grad_norm: 7.5055
2026-09-30 04:32:08,522 - mmdet - INFO - Epoch [7][1300/4741]	lr: 3.778e-07, eta: 11:38:45, time: 0.359, data_time: 0.016, memory: 23314, loss_cls: 0.4532, loss_bbox: 0.4722, loss_kps: 0.0000, loss: 0.9254, grad_norm: 7.8052
2026-09-30 04:32:26,037 - mmdet - INFO - Epoch [7][1350/4741]	lr: 3.778e-07, eta: 11:38:22, time: 0.350, data_time: 0.016, memory: 23314, loss_cls: 0.4832, loss_bbox: 0.4620, loss_kps: 0.0000, loss: 0.9451, grad_norm: 7.4372
2026-09-30 04:32:44,136 - mmdet - INFO - Epoch [7][1400/4741]	lr: 3.778e-07, eta: 11:38:02, time: 0.362, data_time: 0.016, memory: 23314, loss_cls: 0.4565, loss_bbox: 0.4471, loss_kps: 0.0000, loss: 0.9036, grad_norm: 7.0359
2026-09-30 04:33:01,595 - mmdet - INFO - Epoch [7][1450/4741]	lr: 3.778e-07, eta: 11:37:39, time: 0.350, data_time: 0.016, memory: 23314, loss_cls: 0.4588, loss_bbox: 0.4607, loss_kps: 0.0000, loss: 0.9196, grad_norm: 7.1720
2026-09-30 04:33:19,078 - mmdet - INFO - Epoch [7][1500/4741]	lr: 3.778e-07, eta: 11:37:16, time: 0.350, data_time: 0.016, memory: 23314, loss_cls: 0.4539, loss_bbox: 0.4551, loss_kps: 0.0000, loss: 0.9089, grad_norm: 7.5380
2026-09-30 04:33:36,547 - mmdet - INFO - Epoch [7][1550/4741]	lr: 3.778e-07, eta: 11:36:53, time: 0.349, data_time: 0.015, memory: 23314, loss_cls: 0.4524, loss_bbox: 0.4485, loss_kps: 0.0000, loss: 0.9009, grad_norm: 7.2013
2026-09-30 04:33:54,098 - mmdet - INFO - Epoch [7][1600/4741]	lr: 3.778e-07, eta: 11:36:30, time: 0.351, data_time: 0.015, memory: 23314, loss_cls: 0.4430, loss_bbox: 0.4589, loss_kps: 0.0000, loss: 0.9019, grad_norm: 7.2366
2026-09-30 04:34:11,888 - mmdet - INFO - Epoch [7][1650/4741]	lr: 3.778e-07, eta: 11:36:08, time: 0.356, data_time: 0.016, memory: 23314, loss_cls: 0.4584, loss_bbox: 0.4684, loss_kps: 0.0000, loss: 0.9268, grad_norm: 6.9044
2026-09-30 04:34:29,453 - mmdet - INFO - Epoch [7][1700/4741]	lr: 3.778e-07, eta: 11:35:46, time: 0.352, data_time: 0.016, memory: 23314, loss_cls: 0.4453, loss_bbox: 0.4501, loss_kps: 0.0000, loss: 0.8954, grad_norm: 7.2989
2026-09-30 04:34:47,140 - mmdet - INFO - Epoch [7][1750/4741]	lr: 3.778e-07, eta: 11:35:24, time: 0.353, data_time: 0.014, memory: 23314, loss_cls: 0.4669, loss_bbox: 0.4720, loss_kps: 0.0000, loss: 0.9389, grad_norm: 7.6203
2026-09-30 04:35:04,540 - mmdet - INFO - Epoch [7][1800/4741]	lr: 3.778e-07, eta: 11:35:01, time: 0.348, data_time: 0.016, memory: 23314, loss_cls: 0.4456, loss_bbox: 0.4551, loss_kps: 0.0000, loss: 0.9007, grad_norm: 7.5025
2026-09-30 04:35:22,232 - mmdet - INFO - Epoch [7][1850/4741]	lr: 3.778e-07, eta: 11:34:39, time: 0.355, data_time: 0.016, memory: 23314, loss_cls: 0.4663, loss_bbox: 0.4540, loss_kps: 0.0000, loss: 0.9202, grad_norm: 7.1479
2026-09-30 04:35:39,825 - mmdet - INFO - Epoch [7][1900/4741]	lr: 3.778e-07, eta: 11:34:16, time: 0.352, data_time: 0.015, memory: 23314, loss_cls: 0.4521, loss_bbox: 0.4502, loss_kps: 0.0000, loss: 0.9023, grad_norm: 7.3234
2026-09-30 04:35:57,896 - mmdet - INFO - Epoch [7][1950/4741]	lr: 3.778e-07, eta: 11:33:56, time: 0.361, data_time: 0.015, memory: 23314, loss_cls: 0.4600, loss_bbox: 0.4641, loss_kps: 0.0000, loss: 0.9241, grad_norm: 7.8209
2026-09-30 04:36:16,049 - mmdet - INFO - Epoch [7][2000/4741]	lr: 3.778e-07, eta: 11:33:35, time: 0.363, data_time: 0.015, memory: 23314, loss_cls: 0.4684, loss_bbox: 0.4691, loss_kps: 0.0000, loss: 0.9375, grad_norm: 7.6235
2026-09-30 04:36:33,656 - mmdet - INFO - Epoch [7][2050/4741]	lr: 3.778e-07, eta: 11:33:13, time: 0.352, data_time: 0.014, memory: 23314, loss_cls: 0.4652, loss_bbox: 0.4646, loss_kps: 0.0000, loss: 0.9298, grad_norm: 7.3977
2026-09-30 04:36:51,268 - mmdet - INFO - Epoch [7][2100/4741]	lr: 3.778e-07, eta: 11:32:51, time: 0.352, data_time: 0.014, memory: 23314, loss_cls: 0.4707, loss_bbox: 0.4456, loss_kps: 0.0000, loss: 0.9163, grad_norm: 7.3385
2026-09-30 04:37:08,748 - mmdet - INFO - Epoch [7][2150/4741]	lr: 3.778e-07, eta: 11:32:28, time: 0.349, data_time: 0.014, memory: 23314, loss_cls: 0.4649, loss_bbox: 0.4511, loss_kps: 0.0000, loss: 0.9160, grad_norm: 7.7795
2026-09-30 04:37:26,328 - mmdet - INFO - Epoch [7][2200/4741]	lr: 3.778e-07, eta: 11:32:06, time: 0.352, data_time: 0.015, memory: 23314, loss_cls: 0.4697, loss_bbox: 0.4698, loss_kps: 0.0000, loss: 0.9395, grad_norm: 7.6900
2026-09-30 04:37:43,855 - mmdet - INFO - Epoch [7][2250/4741]	lr: 3.778e-07, eta: 11:31:43, time: 0.351, data_time: 0.016, memory: 23314, loss_cls: 0.4597, loss_bbox: 0.4535, loss_kps: 0.0000, loss: 0.9132, grad_norm: 7.2878
2026-09-30 04:38:01,402 - mmdet - INFO - Epoch [7][2300/4741]	lr: 3.778e-07, eta: 11:31:21, time: 0.350, data_time: 0.015, memory: 23314, loss_cls: 0.4711, loss_bbox: 0.4684, loss_kps: 0.0000, loss: 0.9395, grad_norm: 7.2047
2026-09-30 04:38:19,573 - mmdet - INFO - Epoch [7][2350/4741]	lr: 3.778e-07, eta: 11:31:01, time: 0.364, data_time: 0.015, memory: 23314, loss_cls: 0.4418, loss_bbox: 0.4523, loss_kps: 0.0000, loss: 0.8941, grad_norm: 7.5640
2026-09-30 04:38:37,084 - mmdet - INFO - Epoch [7][2400/4741]	lr: 3.778e-07, eta: 11:30:38, time: 0.349, data_time: 0.014, memory: 23314, loss_cls: 0.4561, loss_bbox: 0.4578, loss_kps: 0.0000, loss: 0.9139, grad_norm: 7.2567
2026-09-30 04:38:54,604 - mmdet - INFO - Epoch [7][2450/4741]	lr: 3.778e-07, eta: 11:30:15, time: 0.351, data_time: 0.014, memory: 23314, loss_cls: 0.4607, loss_bbox: 0.4603, loss_kps: 0.0000, loss: 0.9210, grad_norm: 7.4685
2026-09-30 04:39:11,903 - mmdet - INFO - Epoch [7][2500/4741]	lr: 3.778e-07, eta: 11:29:52, time: 0.345, data_time: 0.015, memory: 23314, loss_cls: 0.4620, loss_bbox: 0.4575, loss_kps: 0.0000, loss: 0.9196, grad_norm: 7.4988
2026-09-30 04:39:29,417 - mmdet - INFO - Epoch [7][2550/4741]	lr: 3.778e-07, eta: 11:29:30, time: 0.351, data_time: 0.017, memory: 23314, loss_cls: 0.4647, loss_bbox: 0.4653, loss_kps: 0.0000, loss: 0.9299, grad_norm: 7.4339
2026-09-30 04:39:47,061 - mmdet - INFO - Epoch [7][2600/4741]	lr: 3.778e-07, eta: 11:29:08, time: 0.352, data_time: 0.016, memory: 23314, loss_cls: 0.4347, loss_bbox: 0.4425, loss_kps: 0.0000, loss: 0.8773, grad_norm: 6.7381
2026-09-30 04:40:06,642 - mmdet - INFO - Epoch [7][2650/4741]	lr: 3.778e-07, eta: 11:28:53, time: 0.392, data_time: 0.018, memory: 23314, loss_cls: 0.4501, loss_bbox: 0.4455, loss_kps: 0.0000, loss: 0.8956, grad_norm: 7.0213
2026-09-30 04:40:25,690 - mmdet - INFO - Epoch [7][2700/4741]	lr: 3.778e-07, eta: 11:28:35, time: 0.380, data_time: 0.017, memory: 23314, loss_cls: 0.4668, loss_bbox: 0.4634, loss_kps: 0.0000, loss: 0.9302, grad_norm: 7.4836
2026-09-30 04:40:44,309 - mmdet - INFO - Epoch [7][2750/4741]	lr: 3.778e-07, eta: 11:28:17, time: 0.373, data_time: 0.017, memory: 23314, loss_cls: 0.4505, loss_bbox: 0.4569, loss_kps: 0.0000, loss: 0.9073, grad_norm: 7.1720
2026-09-30 04:41:02,584 - mmdet - INFO - Epoch [7][2800/4741]	lr: 3.778e-07, eta: 11:27:57, time: 0.366, data_time: 0.016, memory: 23314, loss_cls: 0.4433, loss_bbox: 0.4519, loss_kps: 0.0000, loss: 0.8952, grad_norm: 7.2007
2026-09-30 04:41:20,544 - mmdet - INFO - Epoch [7][2850/4741]	lr: 3.778e-07, eta: 11:27:37, time: 0.360, data_time: 0.016, memory: 23314, loss_cls: 0.4561, loss_bbox: 0.4507, loss_kps: 0.0000, loss: 0.9068, grad_norm: 7.6572
2026-09-30 04:41:38,035 - mmdet - INFO - Epoch [7][2900/4741]	lr: 3.778e-07, eta: 11:27:14, time: 0.350, data_time: 0.015, memory: 23314, loss_cls: 0.4720, loss_bbox: 0.4622, loss_kps: 0.0000, loss: 0.9341, grad_norm: 7.1385
2026-09-30 04:41:55,430 - mmdet - INFO - Epoch [7][2950/4741]	lr: 3.778e-07, eta: 11:26:51, time: 0.347, data_time: 0.015, memory: 23314, loss_cls: 0.4682, loss_bbox: 0.4619, loss_kps: 0.0000, loss: 0.9301, grad_norm: 7.2558
2026-09-30 04:42:12,629 - mmdet - INFO - Epoch [7][3000/4741]	lr: 3.778e-07, eta: 11:26:28, time: 0.344, data_time: 0.015, memory: 23314, loss_cls: 0.4483, loss_bbox: 0.4521, loss_kps: 0.0000, loss: 0.9005, grad_norm: 7.2018
2026-09-30 04:42:30,083 - mmdet - INFO - Epoch [7][3050/4741]	lr: 3.778e-07, eta: 11:26:05, time: 0.350, data_time: 0.016, memory: 23314, loss_cls: 0.4586, loss_bbox: 0.4628, loss_kps: 0.0000, loss: 0.9214, grad_norm: 7.4825
2026-09-30 04:42:47,923 - mmdet - INFO - Epoch [7][3100/4741]	lr: 3.778e-07, eta: 11:25:44, time: 0.357, data_time: 0.015, memory: 23314, loss_cls: 0.4548, loss_bbox: 0.4499, loss_kps: 0.0000, loss: 0.9047, grad_norm: 7.7042
2026-09-30 04:43:05,237 - mmdet - INFO - Epoch [7][3150/4741]	lr: 3.778e-07, eta: 11:25:21, time: 0.347, data_time: 0.015, memory: 23314, loss_cls: 0.4571, loss_bbox: 0.4548, loss_kps: 0.0000, loss: 0.9119, grad_norm: 7.5120
2026-09-30 04:43:22,963 - mmdet - INFO - Epoch [7][3200/4741]	lr: 3.778e-07, eta: 11:24:59, time: 0.354, data_time: 0.015, memory: 23314, loss_cls: 0.4386, loss_bbox: 0.4451, loss_kps: 0.0000, loss: 0.8837, grad_norm: 7.3813
2026-09-30 04:43:40,479 - mmdet - INFO - Epoch [7][3250/4741]	lr: 3.778e-07, eta: 11:24:37, time: 0.351, data_time: 0.016, memory: 23314, loss_cls: 0.4499, loss_bbox: 0.4490, loss_kps: 0.0000, loss: 0.8990, grad_norm: 7.5997
2026-09-30 04:43:57,938 - mmdet - INFO - Epoch [7][3300/4741]	lr: 3.778e-07, eta: 11:24:14, time: 0.348, data_time: 0.015, memory: 23314, loss_cls: 0.4433, loss_bbox: 0.4481, loss_kps: 0.0000, loss: 0.8915, grad_norm: 6.9976
2026-09-30 04:44:15,306 - mmdet - INFO - Epoch [7][3350/4741]	lr: 3.778e-07, eta: 11:23:52, time: 0.348, data_time: 0.017, memory: 23314, loss_cls: 0.4731, loss_bbox: 0.4623, loss_kps: 0.0000, loss: 0.9354, grad_norm: 6.9208
2026-09-30 04:44:33,220 - mmdet - INFO - Epoch [7][3400/4741]	lr: 3.778e-07, eta: 11:23:31, time: 0.358, data_time: 0.016, memory: 23314, loss_cls: 0.4398, loss_bbox: 0.4551, loss_kps: 0.0000, loss: 0.8949, grad_norm: 7.1608
2026-09-30 04:44:50,627 - mmdet - INFO - Epoch [7][3450/4741]	lr: 3.778e-07, eta: 11:23:08, time: 0.348, data_time: 0.016, memory: 23314, loss_cls: 0.4672, loss_bbox: 0.4620, loss_kps: 0.0000, loss: 0.9292, grad_norm: 7.3536
2026-09-30 04:45:08,056 - mmdet - INFO - Epoch [7][3500/4741]	lr: 3.778e-07, eta: 11:22:46, time: 0.349, data_time: 0.014, memory: 23314, loss_cls: 0.4622, loss_bbox: 0.4552, loss_kps: 0.0000, loss: 0.9175, grad_norm: 7.2363
2026-09-30 04:45:25,448 - mmdet - INFO - Epoch [7][3550/4741]	lr: 3.778e-07, eta: 11:22:23, time: 0.348, data_time: 0.016, memory: 23314, loss_cls: 0.4390, loss_bbox: 0.4461, loss_kps: 0.0000, loss: 0.8851, grad_norm: 7.1689
2026-09-30 04:45:42,966 - mmdet - INFO - Epoch [7][3600/4741]	lr: 3.778e-07, eta: 11:22:01, time: 0.350, data_time: 0.015, memory: 23314, loss_cls: 0.4628, loss_bbox: 0.4645, loss_kps: 0.0000, loss: 0.9273, grad_norm: 7.5081
2026-09-30 04:46:00,479 - mmdet - INFO - Epoch [7][3650/4741]	lr: 3.778e-07, eta: 11:21:39, time: 0.350, data_time: 0.014, memory: 23314, loss_cls: 0.4563, loss_bbox: 0.4625, loss_kps: 0.0000, loss: 0.9188, grad_norm: 7.0025
2026-09-30 04:46:18,323 - mmdet - INFO - Epoch [7][3700/4741]	lr: 3.778e-07, eta: 11:21:17, time: 0.357, data_time: 0.015, memory: 23314, loss_cls: 0.4586, loss_bbox: 0.4484, loss_kps: 0.0000, loss: 0.9070, grad_norm: 7.1361
2026-09-30 04:46:35,726 - mmdet - INFO - Epoch [7][3750/4741]	lr: 3.778e-07, eta: 11:20:55, time: 0.348, data_time: 0.015, memory: 23314, loss_cls: 0.4530, loss_bbox: 0.4549, loss_kps: 0.0000, loss: 0.9079, grad_norm: 7.3242
2026-09-30 04:46:53,660 - mmdet - INFO - Epoch [7][3800/4741]	lr: 3.778e-07, eta: 11:20:34, time: 0.359, data_time: 0.014, memory: 23314, loss_cls: 0.4600, loss_bbox: 0.4517, loss_kps: 0.0000, loss: 0.9117, grad_norm: 7.2005
2026-09-30 04:47:11,406 - mmdet - INFO - Epoch [7][3850/4741]	lr: 3.778e-07, eta: 11:20:13, time: 0.354, data_time: 0.016, memory: 23314, loss_cls: 0.4716, loss_bbox: 0.4545, loss_kps: 0.0000, loss: 0.9261, grad_norm: 7.1814
2026-09-30 04:47:29,024 - mmdet - INFO - Epoch [7][3900/4741]	lr: 3.778e-07, eta: 11:19:51, time: 0.353, data_time: 0.016, memory: 23314, loss_cls: 0.4672, loss_bbox: 0.4644, loss_kps: 0.0000, loss: 0.9316, grad_norm: 7.1174
2026-09-30 04:47:47,302 - mmdet - INFO - Epoch [7][3950/4741]	lr: 3.778e-07, eta: 11:19:32, time: 0.366, data_time: 0.015, memory: 23314, loss_cls: 0.4465, loss_bbox: 0.4425, loss_kps: 0.0000, loss: 0.8889, grad_norm: 8.3434
2026-09-30 04:48:04,569 - mmdet - INFO - Epoch [7][4000/4741]	lr: 3.778e-07, eta: 11:19:09, time: 0.344, data_time: 0.015, memory: 23314, loss_cls: 0.4561, loss_bbox: 0.4520, loss_kps: 0.0000, loss: 0.9082, grad_norm: 7.0300
2026-09-30 04:48:22,083 - mmdet - INFO - Epoch [7][4050/4741]	lr: 3.778e-07, eta: 11:18:47, time: 0.350, data_time: 0.016, memory: 23314, loss_cls: 0.4636, loss_bbox: 0.4540, loss_kps: 0.0000, loss: 0.9176, grad_norm: 7.5793
2026-09-30 04:48:39,606 - mmdet - INFO - Epoch [7][4100/4741]	lr: 3.778e-07, eta: 11:18:25, time: 0.351, data_time: 0.015, memory: 23314, loss_cls: 0.4605, loss_bbox: 0.4616, loss_kps: 0.0000, loss: 0.9221, grad_norm: 7.2438
2026-09-30 04:48:57,034 - mmdet - INFO - Epoch [7][4150/4741]	lr: 3.778e-07, eta: 11:18:02, time: 0.348, data_time: 0.015, memory: 23314, loss_cls: 0.4558, loss_bbox: 0.4487, loss_kps: 0.0000, loss: 0.9045, grad_norm: 7.7652
2026-09-30 04:49:14,442 - mmdet - INFO - Epoch [7][4200/4741]	lr: 3.778e-07, eta: 11:17:40, time: 0.348, data_time: 0.015, memory: 23314, loss_cls: 0.4614, loss_bbox: 0.4553, loss_kps: 0.0000, loss: 0.9167, grad_norm: 7.3759
2026-09-30 04:49:31,948 - mmdet - INFO - Epoch [7][4250/4741]	lr: 3.778e-07, eta: 11:17:18, time: 0.350, data_time: 0.016, memory: 23314, loss_cls: 0.4626, loss_bbox: 0.4555, loss_kps: 0.0000, loss: 0.9181, grad_norm: 7.2024
2026-09-30 04:49:49,541 - mmdet - INFO - Epoch [7][4300/4741]	lr: 3.778e-07, eta: 11:16:56, time: 0.352, data_time: 0.014, memory: 23314, loss_cls: 0.4621, loss_bbox: 0.4562, loss_kps: 0.0000, loss: 0.9183, grad_norm: 7.3073
2026-09-30 04:50:06,875 - mmdet - INFO - Epoch [7][4350/4741]	lr: 3.778e-07, eta: 11:16:33, time: 0.347, data_time: 0.015, memory: 23314, loss_cls: 0.4649, loss_bbox: 0.4545, loss_kps: 0.0000, loss: 0.9194, grad_norm: 8.9098
2026-09-30 04:50:24,413 - mmdet - INFO - Epoch [7][4400/4741]	lr: 3.778e-07, eta: 11:16:11, time: 0.351, data_time: 0.015, memory: 23314, loss_cls: 0.4743, loss_bbox: 0.4473, loss_kps: 0.0000, loss: 0.9216, grad_norm: 7.2816
2026-09-30 04:50:41,958 - mmdet - INFO - Epoch [7][4450/4741]	lr: 3.778e-07, eta: 11:15:50, time: 0.351, data_time: 0.015, memory: 23314, loss_cls: 0.4517, loss_bbox: 0.4588, loss_kps: 0.0000, loss: 0.9106, grad_norm: 7.0432
2026-09-30 04:50:59,672 - mmdet - INFO - Epoch [7][4500/4741]	lr: 3.778e-07, eta: 11:15:28, time: 0.355, data_time: 0.014, memory: 23314, loss_cls: 0.4613, loss_bbox: 0.4612, loss_kps: 0.0000, loss: 0.9225, grad_norm: 7.1807
2026-09-30 04:51:18,368 - mmdet - INFO - Epoch [7][4550/4741]	lr: 3.778e-07, eta: 11:15:10, time: 0.373, data_time: 0.013, memory: 23314, loss_cls: 0.4639, loss_bbox: 0.4587, loss_kps: 0.0000, loss: 0.9226, grad_norm: 6.9409
2026-09-30 04:51:36,748 - mmdet - INFO - Epoch [7][4600/4741]	lr: 3.778e-07, eta: 11:14:51, time: 0.368, data_time: 0.015, memory: 23314, loss_cls: 0.4727, loss_bbox: 0.4563, loss_kps: 0.0000, loss: 0.9289, grad_norm: 7.5986
2026-09-30 04:51:54,271 - mmdet - INFO - Epoch [7][4650/4741]	lr: 3.778e-07, eta: 11:14:29, time: 0.351, data_time: 0.016, memory: 23314, loss_cls: 0.4548, loss_bbox: 0.4505, loss_kps: 0.0000, loss: 0.9052, grad_norm: 7.2839
2026-09-30 04:52:11,800 - mmdet - INFO - Epoch [7][4700/4741]	lr: 3.778e-07, eta: 11:14:07, time: 0.351, data_time: 0.015, memory: 23314, loss_cls: 0.4491, loss_bbox: 0.4513, loss_kps: 0.0000, loss: 0.9003, grad_norm: 7.2617
2026-09-30 04:52:23,264 - mmdet - INFO - Saving checkpoint at 7 epochs
2026-09-30 04:52:59,454 - mmdet - INFO - Epoch [8][50/4741]	lr: 3.778e-07, eta: 11:12:52, time: 0.420, data_time: 0.085, memory: 23314, loss_cls: 0.4584, loss_bbox: 0.4595, loss_kps: 0.0000, loss: 0.9179, grad_norm: 6.8081
2026-09-30 04:53:17,221 - mmdet - INFO - Epoch [8][100/4741]	lr: 3.778e-07, eta: 11:12:31, time: 0.356, data_time: 0.016, memory: 23314, loss_cls: 0.4457, loss_bbox: 0.4455, loss_kps: 0.0000, loss: 0.8912, grad_norm: 7.2919
2026-09-30 04:53:34,561 - mmdet - INFO - Epoch [8][150/4741]	lr: 3.778e-07, eta: 11:12:09, time: 0.346, data_time: 0.014, memory: 23314, loss_cls: 0.4403, loss_bbox: 0.4482, loss_kps: 0.0000, loss: 0.8886, grad_norm: 7.3775
2026-09-30 04:53:52,410 - mmdet - INFO - Epoch [8][200/4741]	lr: 3.778e-07, eta: 11:11:48, time: 0.357, data_time: 0.013, memory: 23314, loss_cls: 0.4641, loss_bbox: 0.4638, loss_kps: 0.0000, loss: 0.9279, grad_norm: 7.2955
2026-09-30 04:54:09,862 - mmdet - INFO - Epoch [8][250/4741]	lr: 3.778e-07, eta: 11:11:26, time: 0.349, data_time: 0.014, memory: 23314, loss_cls: 0.4484, loss_bbox: 0.4499, loss_kps: 0.0000, loss: 0.8983, grad_norm: 7.3483
2026-09-30 04:54:27,403 - mmdet - INFO - Epoch [8][300/4741]	lr: 3.778e-07, eta: 11:11:04, time: 0.351, data_time: 0.015, memory: 23314, loss_cls: 0.4630, loss_bbox: 0.4516, loss_kps: 0.0000, loss: 0.9146, grad_norm: 7.7037
2026-09-30 04:54:44,764 - mmdet - INFO - Epoch [8][350/4741]	lr: 3.778e-07, eta: 11:10:42, time: 0.347, data_time: 0.015, memory: 23314, loss_cls: 0.4377, loss_bbox: 0.4421, loss_kps: 0.0000, loss: 0.8799, grad_norm: 7.0562
2026-09-30 04:55:02,197 - mmdet - INFO - Epoch [8][400/4741]	lr: 3.778e-07, eta: 11:10:20, time: 0.348, data_time: 0.013, memory: 23314, loss_cls: 0.4465, loss_bbox: 0.4485, loss_kps: 0.0000, loss: 0.8950, grad_norm: 7.3325
2026-09-30 04:55:20,143 - mmdet - INFO - Epoch [8][450/4741]	lr: 3.778e-07, eta: 11:10:00, time: 0.360, data_time: 0.015, memory: 23314, loss_cls: 0.4646, loss_bbox: 0.4552, loss_kps: 0.0000, loss: 0.9199, grad_norm: 7.7362
2026-09-30 04:55:37,984 - mmdet - INFO - Epoch [8][500/4741]	lr: 3.778e-07, eta: 11:09:39, time: 0.356, data_time: 0.015, memory: 23314, loss_cls: 0.4739, loss_bbox: 0.4579, loss_kps: 0.0000, loss: 0.9317, grad_norm: 7.4966
2026-09-30 04:55:56,391 - mmdet - INFO - Epoch [8][550/4741]	lr: 3.778e-07, eta: 11:09:20, time: 0.369, data_time: 0.013, memory: 23314, loss_cls: 0.4583, loss_bbox: 0.4624, loss_kps: 0.0000, loss: 0.9207, grad_norm: 7.0341
2026-09-30 04:56:13,720 - mmdet - INFO - Epoch [8][600/4741]	lr: 3.778e-07, eta: 11:08:58, time: 0.346, data_time: 0.014, memory: 23314, loss_cls: 0.4707, loss_bbox: 0.4589, loss_kps: 0.0000, loss: 0.9295, grad_norm: 7.5780
2026-09-30 04:56:31,355 - mmdet - INFO - Epoch [8][650/4741]	lr: 3.778e-07, eta: 11:08:36, time: 0.353, data_time: 0.015, memory: 23314, loss_cls: 0.4612, loss_bbox: 0.4620, loss_kps: 0.0000, loss: 0.9232, grad_norm: 7.1547
2026-09-30 04:56:48,642 - mmdet - INFO - Epoch [8][700/4741]	lr: 3.778e-07, eta: 11:08:14, time: 0.346, data_time: 0.016, memory: 23314, loss_cls: 0.4514, loss_bbox: 0.4420, loss_kps: 0.0000, loss: 0.8934, grad_norm: 7.4760
2026-09-30 04:57:06,250 - mmdet - INFO - Epoch [8][750/4741]	lr: 3.778e-07, eta: 11:07:53, time: 0.352, data_time: 0.014, memory: 23314, loss_cls: 0.4433, loss_bbox: 0.4505, loss_kps: 0.0000, loss: 0.8938, grad_norm: 6.8336
2026-09-30 04:57:23,715 - mmdet - INFO - Epoch [8][800/4741]	lr: 3.778e-07, eta: 11:07:31, time: 0.349, data_time: 0.015, memory: 23314, loss_cls: 0.4463, loss_bbox: 0.4445, loss_kps: 0.0000, loss: 0.8908, grad_norm: 7.2865
2026-09-30 04:57:41,281 - mmdet - INFO - Epoch [8][850/4741]	lr: 3.778e-07, eta: 11:07:10, time: 0.352, data_time: 0.014, memory: 23314, loss_cls: 0.4558, loss_bbox: 0.4479, loss_kps: 0.0000, loss: 0.9038, grad_norm: 7.3977
2026-09-30 04:57:58,606 - mmdet - INFO - Epoch [8][900/4741]	lr: 3.778e-07, eta: 11:06:47, time: 0.346, data_time: 0.013, memory: 23314, loss_cls: 0.4457, loss_bbox: 0.4465, loss_kps: 0.0000, loss: 0.8922, grad_norm: 7.3075
2026-09-30 04:58:16,044 - mmdet - INFO - Epoch [8][950/4741]	lr: 3.778e-07, eta: 11:06:25, time: 0.349, data_time: 0.014, memory: 23314, loss_cls: 0.4460, loss_bbox: 0.4519, loss_kps: 0.0000, loss: 0.8979, grad_norm: 7.6104
2026-09-30 04:58:33,800 - mmdet - INFO - Epoch [8][1000/4741]	lr: 3.778e-07, eta: 11:06:05, time: 0.355, data_time: 0.017, memory: 23314, loss_cls: 0.4468, loss_bbox: 0.4427, loss_kps: 0.0000, loss: 0.8895, grad_norm: 7.4710
2026-09-30 04:58:51,320 - mmdet - INFO - Epoch [8][1050/4741]	lr: 3.778e-07, eta: 11:05:43, time: 0.350, data_time: 0.014, memory: 23314, loss_cls: 0.4328, loss_bbox: 0.4512, loss_kps: 0.0000, loss: 0.8839, grad_norm: 7.1718
2026-09-30 04:59:09,133 - mmdet - INFO - Epoch [8][1100/4741]	lr: 3.778e-07, eta: 11:05:22, time: 0.356, data_time: 0.014, memory: 23314, loss_cls: 0.4507, loss_bbox: 0.4466, loss_kps: 0.0000, loss: 0.8973, grad_norm: 7.0724
2026-09-30 04:59:26,692 - mmdet - INFO - Epoch [8][1150/4741]	lr: 3.778e-07, eta: 11:05:01, time: 0.351, data_time: 0.015, memory: 23314, loss_cls: 0.4614, loss_bbox: 0.4615, loss_kps: 0.0000, loss: 0.9229, grad_norm: 7.4087
2026-09-30 04:59:43,937 - mmdet - INFO - Epoch [8][1200/4741]	lr: 3.778e-07, eta: 11:04:38, time: 0.345, data_time: 0.014, memory: 23314, loss_cls: 0.4444, loss_bbox: 0.4589, loss_kps: 0.0000, loss: 0.9033, grad_norm: 7.0623
2026-09-30 05:00:01,375 - mmdet - INFO - Epoch [8][1250/4741]	lr: 3.778e-07, eta: 11:04:17, time: 0.349, data_time: 0.015, memory: 23314, loss_cls: 0.4640, loss_bbox: 0.4502, loss_kps: 0.0000, loss: 0.9142, grad_norm: 7.1646
2026-09-30 05:00:18,881 - mmdet - INFO - Epoch [8][1300/4741]	lr: 3.778e-07, eta: 11:03:55, time: 0.350, data_time: 0.015, memory: 23314, loss_cls: 0.4415, loss_bbox: 0.4502, loss_kps: 0.0000, loss: 0.8917, grad_norm: 7.4043
2026-09-30 05:00:36,397 - mmdet - INFO - Epoch [8][1350/4741]	lr: 3.778e-07, eta: 11:03:34, time: 0.350, data_time: 0.014, memory: 23314, loss_cls: 0.4689, loss_bbox: 0.4525, loss_kps: 0.0000, loss: 0.9214, grad_norm: 7.5792
2026-09-30 05:00:53,922 - mmdet - INFO - Epoch [8][1400/4741]	lr: 3.778e-07, eta: 11:03:12, time: 0.351, data_time: 0.016, memory: 23314, loss_cls: 0.4649, loss_bbox: 0.4575, loss_kps: 0.0000, loss: 0.9224, grad_norm: 7.5419
2026-09-30 05:01:11,474 - mmdet - INFO - Epoch [8][1450/4741]	lr: 3.778e-07, eta: 11:02:51, time: 0.350, data_time: 0.015, memory: 23314, loss_cls: 0.4560, loss_bbox: 0.4549, loss_kps: 0.0000, loss: 0.9108, grad_norm: 7.1475
2026-09-30 05:01:28,879 - mmdet - INFO - Epoch [8][1500/4741]	lr: 3.778e-07, eta: 11:02:29, time: 0.349, data_time: 0.015, memory: 23314, loss_cls: 0.4561, loss_bbox: 0.4566, loss_kps: 0.0000, loss: 0.9127, grad_norm: 7.5061
2026-09-30 05:01:46,570 - mmdet - INFO - Epoch [8][1550/4741]	lr: 3.778e-07, eta: 11:02:08, time: 0.353, data_time: 0.013, memory: 23314, loss_cls: 0.4606, loss_bbox: 0.4523, loss_kps: 0.0000, loss: 0.9129, grad_norm: 7.4175
2026-09-30 05:02:04,360 - mmdet - INFO - Epoch [8][1600/4741]	lr: 3.778e-07, eta: 11:01:47, time: 0.356, data_time: 0.015, memory: 23314, loss_cls: 0.4445, loss_bbox: 0.4487, loss_kps: 0.0000, loss: 0.8932, grad_norm: 7.1992
2026-09-30 05:02:21,777 - mmdet - INFO - Epoch [8][1650/4741]	lr: 3.778e-07, eta: 11:01:26, time: 0.349, data_time: 0.015, memory: 23314, loss_cls: 0.4495, loss_bbox: 0.4472, loss_kps: 0.0000, loss: 0.8967, grad_norm: 7.3104
2026-09-30 05:02:39,582 - mmdet - INFO - Epoch [8][1700/4741]	lr: 3.778e-07, eta: 11:01:05, time: 0.357, data_time: 0.014, memory: 23314, loss_cls: 0.4602, loss_bbox: 0.4524, loss_kps: 0.0000, loss: 0.9126, grad_norm: 6.7330
2026-09-30 05:02:57,053 - mmdet - INFO - Epoch [8][1750/4741]	lr: 3.778e-07, eta: 11:00:44, time: 0.349, data_time: 0.016, memory: 23314, loss_cls: 0.4440, loss_bbox: 0.4490, loss_kps: 0.0000, loss: 0.8930, grad_norm: 7.1107
2026-09-30 05:03:14,498 - mmdet - INFO - Epoch [8][1800/4741]	lr: 3.778e-07, eta: 11:00:22, time: 0.348, data_time: 0.013, memory: 23314, loss_cls: 0.4658, loss_bbox: 0.4519, loss_kps: 0.0000, loss: 0.9177, grad_norm: 7.1621
2026-09-30 05:03:31,916 - mmdet - INFO - Epoch [8][1850/4741]	lr: 3.778e-07, eta: 11:00:00, time: 0.348, data_time: 0.014, memory: 23314, loss_cls: 0.4626, loss_bbox: 0.4602, loss_kps: 0.0000, loss: 0.9228, grad_norm: 7.4363
2026-09-30 05:03:49,503 - mmdet - INFO - Epoch [8][1900/4741]	lr: 3.778e-07, eta: 10:59:39, time: 0.352, data_time: 0.015, memory: 23314, loss_cls: 0.4611, loss_bbox: 0.4544, loss_kps: 0.0000, loss: 0.9155, grad_norm: 7.2720
2026-09-30 05:04:06,729 - mmdet - INFO - Epoch [8][1950/4741]	lr: 3.778e-07, eta: 10:59:17, time: 0.344, data_time: 0.015, memory: 23314, loss_cls: 0.4496, loss_bbox: 0.4401, loss_kps: 0.0000, loss: 0.8898, grad_norm: 7.3000
2026-09-30 05:04:24,225 - mmdet - INFO - Epoch [8][2000/4741]	lr: 3.778e-07, eta: 10:58:55, time: 0.351, data_time: 0.016, memory: 23314, loss_cls: 0.4575, loss_bbox: 0.4510, loss_kps: 0.0000, loss: 0.9085, grad_norm: 7.1309
2026-09-30 05:04:42,164 - mmdet - INFO - Epoch [8][2050/4741]	lr: 3.778e-07, eta: 10:58:35, time: 0.358, data_time: 0.015, memory: 23314, loss_cls: 0.4543, loss_bbox: 0.4537, loss_kps: 0.0000, loss: 0.9080, grad_norm: 6.9765
2026-09-30 05:05:00,108 - mmdet - INFO - Epoch [8][2100/4741]	lr: 3.778e-07, eta: 10:58:15, time: 0.359, data_time: 0.015, memory: 23314, loss_cls: 0.4468, loss_bbox: 0.4427, loss_kps: 0.0000, loss: 0.8895, grad_norm: 7.3313
2026-09-30 05:05:17,860 - mmdet - INFO - Epoch [8][2150/4741]	lr: 3.778e-07, eta: 10:57:55, time: 0.356, data_time: 0.015, memory: 23314, loss_cls: 0.4565, loss_bbox: 0.4557, loss_kps: 0.0000, loss: 0.9122, grad_norm: 7.5774
2026-09-30 05:05:35,091 - mmdet - INFO - Epoch [8][2200/4741]	lr: 3.778e-07, eta: 10:57:32, time: 0.345, data_time: 0.015, memory: 23314, loss_cls: 0.4478, loss_bbox: 0.4352, loss_kps: 0.0000, loss: 0.8830, grad_norm: 6.8012
2026-09-30 05:05:52,960 - mmdet - INFO - Epoch [8][2250/4741]	lr: 3.778e-07, eta: 10:57:12, time: 0.357, data_time: 0.015, memory: 23314, loss_cls: 0.4452, loss_bbox: 0.4545, loss_kps: 0.0000, loss: 0.8996, grad_norm: 7.4751
2026-09-30 05:06:10,455 - mmdet - INFO - Epoch [8][2300/4741]	lr: 3.778e-07, eta: 10:56:51, time: 0.350, data_time: 0.014, memory: 23314, loss_cls: 0.4459, loss_bbox: 0.4502, loss_kps: 0.0000, loss: 0.8961, grad_norm: 7.1728
2026-09-30 05:06:27,920 - mmdet - INFO - Epoch [8][2350/4741]	lr: 3.778e-07, eta: 10:56:29, time: 0.349, data_time: 0.013, memory: 23314, loss_cls: 0.4564, loss_bbox: 0.4488, loss_kps: 0.0000, loss: 0.9052, grad_norm: 7.3989
2026-09-30 05:06:45,481 - mmdet - INFO - Epoch [8][2400/4741]	lr: 3.778e-07, eta: 10:56:08, time: 0.351, data_time: 0.016, memory: 23314, loss_cls: 0.4599, loss_bbox: 0.4554, loss_kps: 0.0000, loss: 0.9154, grad_norm: 7.1385
2026-09-30 05:07:03,198 - mmdet - INFO - Epoch [8][2450/4741]	lr: 3.778e-07, eta: 10:55:48, time: 0.355, data_time: 0.014, memory: 23314, loss_cls: 0.4557, loss_bbox: 0.4637, loss_kps: 0.0000, loss: 0.9194, grad_norm: 7.3749
2026-09-30 05:07:20,619 - mmdet - INFO - Epoch [8][2500/4741]	lr: 3.778e-07, eta: 10:55:26, time: 0.348, data_time: 0.013, memory: 23314, loss_cls: 0.4443, loss_bbox: 0.4455, loss_kps: 0.0000, loss: 0.8897, grad_norm: 7.1890
2026-09-30 05:07:38,002 - mmdet - INFO - Epoch [8][2550/4741]	lr: 3.778e-07, eta: 10:55:04, time: 0.348, data_time: 0.013, memory: 23314, loss_cls: 0.4406, loss_bbox: 0.4493, loss_kps: 0.0000, loss: 0.8899, grad_norm: 7.6074
2026-09-30 05:07:55,454 - mmdet - INFO - Epoch [8][2600/4741]	lr: 3.778e-07, eta: 10:54:43, time: 0.350, data_time: 0.015, memory: 23314, loss_cls: 0.4721, loss_bbox: 0.4688, loss_kps: 0.0000, loss: 0.9409, grad_norm: 7.0835
2026-09-30 05:08:12,903 - mmdet - INFO - Epoch [8][2650/4741]	lr: 3.778e-07, eta: 10:54:22, time: 0.349, data_time: 0.014, memory: 23314, loss_cls: 0.4718, loss_bbox: 0.4649, loss_kps: 0.0000, loss: 0.9367, grad_norm: 7.1541
2026-09-30 05:08:32,174 - mmdet - INFO - Epoch [8][2700/4741]	lr: 3.778e-07, eta: 10:54:05, time: 0.384, data_time: 0.017, memory: 23314, loss_cls: 0.4519, loss_bbox: 0.4541, loss_kps: 0.0000, loss: 0.9060, grad_norm: 7.1705
2026-09-30 05:08:52,516 - mmdet - INFO - Epoch [8][2750/4741]	lr: 3.778e-07, eta: 10:53:53, time: 0.408, data_time: 0.018, memory: 23314, loss_cls: 0.4524, loss_bbox: 0.4457, loss_kps: 0.0000, loss: 0.8981, grad_norm: 7.2217
2026-09-30 05:09:10,497 - mmdet - INFO - Epoch [8][2800/4741]	lr: 3.778e-07, eta: 10:53:33, time: 0.359, data_time: 0.015, memory: 23314, loss_cls: 0.4555, loss_bbox: 0.4434, loss_kps: 0.0000, loss: 0.8989, grad_norm: 7.2484
2026-09-30 05:09:27,843 - mmdet - INFO - Epoch [8][2850/4741]	lr: 3.778e-07, eta: 10:53:11, time: 0.347, data_time: 0.016, memory: 23314, loss_cls: 0.4364, loss_bbox: 0.4411, loss_kps: 0.0000, loss: 0.8775, grad_norm: 6.8357
2026-09-30 05:09:45,145 - mmdet - INFO - Epoch [8][2900/4741]	lr: 3.778e-07, eta: 10:52:49, time: 0.346, data_time: 0.015, memory: 23314, loss_cls: 0.4304, loss_bbox: 0.4490, loss_kps: 0.0000, loss: 0.8794, grad_norm: 7.3124
2026-09-30 05:10:02,966 - mmdet - INFO - Epoch [8][2950/4741]	lr: 3.778e-07, eta: 10:52:29, time: 0.357, data_time: 0.026, memory: 23314, loss_cls: 0.4382, loss_bbox: 0.4444, loss_kps: 0.0000, loss: 0.8825, grad_norm: 6.8828
2026-09-30 05:10:20,277 - mmdet - INFO - Epoch [8][3000/4741]	lr: 3.778e-07, eta: 10:52:07, time: 0.345, data_time: 0.014, memory: 23314, loss_cls: 0.4612, loss_bbox: 0.4551, loss_kps: 0.0000, loss: 0.9163, grad_norm: 7.3208
2026-09-30 05:10:37,617 - mmdet - INFO - Epoch [8][3050/4741]	lr: 3.778e-07, eta: 10:51:45, time: 0.347, data_time: 0.015, memory: 23314, loss_cls: 0.4493, loss_bbox: 0.4621, loss_kps: 0.0000, loss: 0.9114, grad_norm: 7.1662
2026-09-30 05:10:55,287 - mmdet - INFO - Epoch [8][3100/4741]	lr: 3.778e-07, eta: 10:51:25, time: 0.354, data_time: 0.015, memory: 23314, loss_cls: 0.4486, loss_bbox: 0.4510, loss_kps: 0.0000, loss: 0.8996, grad_norm: 7.5443
2026-09-30 05:11:12,783 - mmdet - INFO - Epoch [8][3150/4741]	lr: 3.778e-07, eta: 10:51:03, time: 0.350, data_time: 0.015, memory: 23314, loss_cls: 0.4579, loss_bbox: 0.4481, loss_kps: 0.0000, loss: 0.9060, grad_norm: 7.4676
2026-09-30 05:11:30,349 - mmdet - INFO - Epoch [8][3200/4741]	lr: 3.778e-07, eta: 10:50:42, time: 0.351, data_time: 0.014, memory: 23314, loss_cls: 0.4460, loss_bbox: 0.4645, loss_kps: 0.0000, loss: 0.9105, grad_norm: 7.2245
2026-09-30 05:11:47,869 - mmdet - INFO - Epoch [8][3250/4741]	lr: 3.778e-07, eta: 10:50:21, time: 0.351, data_time: 0.014, memory: 23314, loss_cls: 0.4506, loss_bbox: 0.4462, loss_kps: 0.0000, loss: 0.8968, grad_norm: 7.2617
2026-09-30 05:12:05,287 - mmdet - INFO - Epoch [8][3300/4741]	lr: 3.778e-07, eta: 10:50:00, time: 0.347, data_time: 0.014, memory: 23314, loss_cls: 0.4295, loss_bbox: 0.4439, loss_kps: 0.0000, loss: 0.8734, grad_norm: 7.3429
2026-09-30 05:12:22,673 - mmdet - INFO - Epoch [8][3350/4741]	lr: 3.778e-07, eta: 10:49:38, time: 0.348, data_time: 0.015, memory: 23314, loss_cls: 0.4622, loss_bbox: 0.4574, loss_kps: 0.0000, loss: 0.9196, grad_norm: 7.7836
2026-09-30 05:12:40,579 - mmdet - INFO - Epoch [8][3400/4741]	lr: 3.778e-07, eta: 10:49:18, time: 0.359, data_time: 0.017, memory: 23314, loss_cls: 0.4398, loss_bbox: 0.4555, loss_kps: 0.0000, loss: 0.8954, grad_norm: 7.2456
2026-09-30 05:12:58,499 - mmdet - INFO - Epoch [8][3450/4741]	lr: 3.778e-07, eta: 10:48:59, time: 0.358, data_time: 0.014, memory: 23314, loss_cls: 0.4514, loss_bbox: 0.4531, loss_kps: 0.0000, loss: 0.9046, grad_norm: 7.2228
2026-09-30 05:13:15,859 - mmdet - INFO - Epoch [8][3500/4741]	lr: 3.778e-07, eta: 10:48:37, time: 0.346, data_time: 0.013, memory: 23314, loss_cls: 0.4608, loss_bbox: 0.4594, loss_kps: 0.0000, loss: 0.9201, grad_norm: 7.3390
2026-09-30 05:13:33,159 - mmdet - INFO - Epoch [8][3550/4741]	lr: 3.778e-07, eta: 10:48:15, time: 0.347, data_time: 0.015, memory: 23314, loss_cls: 0.4418, loss_bbox: 0.4452, loss_kps: 0.0000, loss: 0.8870, grad_norm: 7.1388
2026-09-30 05:13:51,048 - mmdet - INFO - Epoch [8][3600/4741]	lr: 3.778e-07, eta: 10:47:55, time: 0.357, data_time: 0.012, memory: 23314, loss_cls: 0.4598, loss_bbox: 0.4454, loss_kps: 0.0000, loss: 0.9051, grad_norm: 7.0653
2026-09-30 05:14:08,427 - mmdet - INFO - Epoch [8][3650/4741]	lr: 3.778e-07, eta: 10:47:34, time: 0.348, data_time: 0.014, memory: 23314, loss_cls: 0.4620, loss_bbox: 0.4564, loss_kps: 0.0000, loss: 0.9184, grad_norm: 7.2754
2026-09-30 05:14:25,926 - mmdet - INFO - Epoch [8][3700/4741]	lr: 3.778e-07, eta: 10:47:13, time: 0.350, data_time: 0.014, memory: 23314, loss_cls: 0.4651, loss_bbox: 0.4604, loss_kps: 0.0000, loss: 0.9255, grad_norm: 7.0176
2026-09-30 05:14:43,139 - mmdet - INFO - Epoch [8][3750/4741]	lr: 3.778e-07, eta: 10:46:51, time: 0.344, data_time: 0.015, memory: 23314, loss_cls: 0.4423, loss_bbox: 0.4438, loss_kps: 0.0000, loss: 0.8860, grad_norm: 6.9315
2026-09-30 05:15:00,465 - mmdet - INFO - Epoch [8][3800/4741]	lr: 3.778e-07, eta: 10:46:29, time: 0.346, data_time: 0.016, memory: 23314, loss_cls: 0.4515, loss_bbox: 0.4530, loss_kps: 0.0000, loss: 0.9044, grad_norm: 7.4596
2026-09-30 05:15:18,177 - mmdet - INFO - Epoch [8][3850/4741]	lr: 3.778e-07, eta: 10:46:09, time: 0.355, data_time: 0.015, memory: 23314, loss_cls: 0.4636, loss_bbox: 0.4482, loss_kps: 0.0000, loss: 0.9119, grad_norm: 7.0397
2026-09-30 05:15:35,747 - mmdet - INFO - Epoch [8][3900/4741]	lr: 3.778e-07, eta: 10:45:48, time: 0.351, data_time: 0.015, memory: 23314, loss_cls: 0.4374, loss_bbox: 0.4522, loss_kps: 0.0000, loss: 0.8896, grad_norm: 6.9272
2026-09-30 05:15:53,274 - mmdet - INFO - Epoch [8][3950/4741]	lr: 3.778e-07, eta: 10:45:27, time: 0.350, data_time: 0.015, memory: 23314, loss_cls: 0.4544, loss_bbox: 0.4523, loss_kps: 0.0000, loss: 0.9067, grad_norm: 6.8968
2026-09-30 05:16:10,807 - mmdet - INFO - Epoch [8][4000/4741]	lr: 3.778e-07, eta: 10:45:06, time: 0.351, data_time: 0.017, memory: 23314, loss_cls: 0.4553, loss_bbox: 0.4391, loss_kps: 0.0000, loss: 0.8944, grad_norm: 7.5763
2026-09-30 05:16:28,436 - mmdet - INFO - Epoch [8][4050/4741]	lr: 3.778e-07, eta: 10:44:45, time: 0.353, data_time: 0.014, memory: 23314, loss_cls: 0.4351, loss_bbox: 0.4464, loss_kps: 0.0000, loss: 0.8815, grad_norm: 6.9308
2026-09-30 05:16:45,956 - mmdet - INFO - Epoch [8][4100/4741]	lr: 3.778e-07, eta: 10:44:24, time: 0.351, data_time: 0.014, memory: 23314, loss_cls: 0.4581, loss_bbox: 0.4579, loss_kps: 0.0000, loss: 0.9159, grad_norm: 7.1508
2026-09-30 05:17:03,539 - mmdet - INFO - Epoch [8][4150/4741]	lr: 3.778e-07, eta: 10:44:03, time: 0.351, data_time: 0.014, memory: 23314, loss_cls: 0.4388, loss_bbox: 0.4371, loss_kps: 0.0000, loss: 0.8759, grad_norm: 7.2687
2026-09-30 05:17:21,467 - mmdet - INFO - Epoch [8][4200/4741]	lr: 3.778e-07, eta: 10:43:44, time: 0.359, data_time: 0.014, memory: 23314, loss_cls: 0.4463, loss_bbox: 0.4345, loss_kps: 0.0000, loss: 0.8808, grad_norm: 6.8175
2026-09-30 05:17:39,054 - mmdet - INFO - Epoch [8][4250/4741]	lr: 3.778e-07, eta: 10:43:23, time: 0.352, data_time: 0.014, memory: 23314, loss_cls: 0.4633, loss_bbox: 0.4540, loss_kps: 0.0000, loss: 0.9174, grad_norm: 7.1810
2026-09-30 05:17:56,597 - mmdet - INFO - Epoch [8][4300/4741]	lr: 3.778e-07, eta: 10:43:02, time: 0.350, data_time: 0.014, memory: 23314, loss_cls: 0.4325, loss_bbox: 0.4353, loss_kps: 0.0000, loss: 0.8678, grad_norm: 7.3648
2026-09-30 05:18:13,988 - mmdet - INFO - Epoch [8][4350/4741]	lr: 3.778e-07, eta: 10:42:41, time: 0.348, data_time: 0.016, memory: 23314, loss_cls: 0.4708, loss_bbox: 0.4602, loss_kps: 0.0000, loss: 0.9310, grad_norm: 7.1812
2026-09-30 05:18:31,758 - mmdet - INFO - Epoch [8][4400/4741]	lr: 3.778e-07, eta: 10:42:21, time: 0.355, data_time: 0.015, memory: 23314, loss_cls: 0.4500, loss_bbox: 0.4462, loss_kps: 0.0000, loss: 0.8962, grad_norm: 7.4102
2026-09-30 05:18:49,159 - mmdet - INFO - Epoch [8][4450/4741]	lr: 3.778e-07, eta: 10:41:59, time: 0.349, data_time: 0.015, memory: 23314, loss_cls: 0.4568, loss_bbox: 0.4533, loss_kps: 0.0000, loss: 0.9101, grad_norm: 7.4744
2026-09-30 05:19:06,716 - mmdet - INFO - Epoch [8][4500/4741]	lr: 3.778e-07, eta: 10:41:38, time: 0.350, data_time: 0.014, memory: 23314, loss_cls: 0.4464, loss_bbox: 0.4469, loss_kps: 0.0000, loss: 0.8933, grad_norm: 6.8520
2026-09-30 05:19:24,525 - mmdet - INFO - Epoch [8][4550/4741]	lr: 3.778e-07, eta: 10:41:18, time: 0.356, data_time: 0.015, memory: 23314, loss_cls: 0.4735, loss_bbox: 0.4651, loss_kps: 0.0000, loss: 0.9386, grad_norm: 7.1785
2026-09-30 05:19:42,291 - mmdet - INFO - Epoch [8][4600/4741]	lr: 3.778e-07, eta: 10:40:58, time: 0.356, data_time: 0.014, memory: 23314, loss_cls: 0.4570, loss_bbox: 0.4535, loss_kps: 0.0000, loss: 0.9105, grad_norm: 7.2396
2026-09-30 05:19:59,898 - mmdet - INFO - Epoch [8][4650/4741]	lr: 3.778e-07, eta: 10:40:38, time: 0.352, data_time: 0.015, memory: 23314, loss_cls: 0.4462, loss_bbox: 0.4432, loss_kps: 0.0000, loss: 0.8894, grad_norm: 6.9368
2026-09-30 05:20:17,657 - mmdet - INFO - Epoch [8][4700/4741]	lr: 3.778e-07, eta: 10:40:17, time: 0.355, data_time: 0.014, memory: 23314, loss_cls: 0.4538, loss_bbox: 0.4432, loss_kps: 0.0000, loss: 0.8970, grad_norm: 7.2159
2026-09-30 05:20:29,485 - mmdet - INFO - Saving checkpoint at 8 epochs
2026-09-30 05:21:06,681 - mmdet - INFO - Epoch [9][50/4741]	lr: 3.778e-07, eta: 10:39:10, time: 0.427, data_time: 0.085, memory: 23314, loss_cls: 0.4581, loss_bbox: 0.4456, loss_kps: 0.0000, loss: 0.9037, grad_norm: 6.5566
2026-09-30 05:21:24,287 - mmdet - INFO - Epoch [9][100/4741]	lr: 3.778e-07, eta: 10:38:50, time: 0.352, data_time: 0.015, memory: 23314, loss_cls: 0.4593, loss_bbox: 0.4563, loss_kps: 0.0000, loss: 0.9156, grad_norm: 7.1186
2026-09-30 05:21:42,404 - mmdet - INFO - Epoch [9][150/4741]	lr: 3.778e-07, eta: 10:38:31, time: 0.363, data_time: 0.013, memory: 23314, loss_cls: 0.4366, loss_bbox: 0.4443, loss_kps: 0.0000, loss: 0.8808, grad_norm: 7.0119
2026-09-30 05:21:59,976 - mmdet - INFO - Epoch [9][200/4741]	lr: 3.778e-07, eta: 10:38:10, time: 0.351, data_time: 0.014, memory: 23314, loss_cls: 0.4437, loss_bbox: 0.4368, loss_kps: 0.0000, loss: 0.8805, grad_norm: 6.9954
2026-09-30 05:22:17,829 - mmdet - INFO - Epoch [9][250/4741]	lr: 3.778e-07, eta: 10:37:50, time: 0.357, data_time: 0.014, memory: 23314, loss_cls: 0.4509, loss_bbox: 0.4492, loss_kps: 0.0000, loss: 0.9001, grad_norm: 7.3880
2026-09-30 05:22:35,475 - mmdet - INFO - Epoch [9][300/4741]	lr: 3.778e-07, eta: 10:37:30, time: 0.354, data_time: 0.015, memory: 23314, loss_cls: 0.4534, loss_bbox: 0.4560, loss_kps: 0.0000, loss: 0.9094, grad_norm: 7.6482
2026-09-30 05:22:53,580 - mmdet - INFO - Epoch [9][350/4741]	lr: 3.778e-07, eta: 10:37:11, time: 0.361, data_time: 0.012, memory: 23314, loss_cls: 0.4500, loss_bbox: 0.4611, loss_kps: 0.0000, loss: 0.9111, grad_norm: 6.9279
2026-09-30 05:23:11,526 - mmdet - INFO - Epoch [9][400/4741]	lr: 3.778e-07, eta: 10:36:51, time: 0.359, data_time: 0.016, memory: 23314, loss_cls: 0.4622, loss_bbox: 0.4523, loss_kps: 0.0000, loss: 0.9145, grad_norm: 7.0589
2026-09-30 05:23:29,723 - mmdet - INFO - Epoch [9][450/4741]	lr: 3.778e-07, eta: 10:36:32, time: 0.364, data_time: 0.015, memory: 23314, loss_cls: 0.4342, loss_bbox: 0.4453, loss_kps: 0.0000, loss: 0.8794, grad_norm: 6.9504
2026-09-30 05:23:48,395 - mmdet - INFO - Epoch [9][500/4741]	lr: 3.778e-07, eta: 10:36:15, time: 0.373, data_time: 0.015, memory: 23314, loss_cls: 0.4648, loss_bbox: 0.4533, loss_kps: 0.0000, loss: 0.9181, grad_norm: 6.9477
2026-09-30 05:24:07,034 - mmdet - INFO - Epoch [9][550/4741]	lr: 3.778e-07, eta: 10:35:57, time: 0.373, data_time: 0.015, memory: 23314, loss_cls: 0.4428, loss_bbox: 0.4415, loss_kps: 0.0000, loss: 0.8843, grad_norm: 7.1487
2026-09-30 05:24:25,128 - mmdet - INFO - Epoch [9][600/4741]	lr: 3.778e-07, eta: 10:35:38, time: 0.362, data_time: 0.014, memory: 23314, loss_cls: 0.4443, loss_bbox: 0.4560, loss_kps: 0.0000, loss: 0.9003, grad_norm: 6.6963
2026-09-30 05:24:43,204 - mmdet - INFO - Epoch [9][650/4741]	lr: 3.778e-07, eta: 10:35:18, time: 0.361, data_time: 0.014, memory: 23314, loss_cls: 0.4385, loss_bbox: 0.4386, loss_kps: 0.0000, loss: 0.8771, grad_norm: 7.2334
2026-09-30 05:25:01,845 - mmdet - INFO - Epoch [9][700/4741]	lr: 3.778e-07, eta: 10:35:01, time: 0.374, data_time: 0.014, memory: 23314, loss_cls: 0.4517, loss_bbox: 0.4479, loss_kps: 0.0000, loss: 0.8996, grad_norm: 7.3165
2026-09-30 05:25:19,707 - mmdet - INFO - Epoch [9][750/4741]	lr: 3.778e-07, eta: 10:34:41, time: 0.357, data_time: 0.014, memory: 23314, loss_cls: 0.4555, loss_bbox: 0.4515, loss_kps: 0.0000, loss: 0.9070, grad_norm: 7.2167
2026-09-30 05:25:37,633 - mmdet - INFO - Epoch [9][800/4741]	lr: 3.778e-07, eta: 10:34:21, time: 0.358, data_time: 0.013, memory: 23314, loss_cls: 0.4403, loss_bbox: 0.4466, loss_kps: 0.0000, loss: 0.8869, grad_norm: 6.8082
2026-09-30 05:25:55,349 - mmdet - INFO - Epoch [9][850/4741]	lr: 3.778e-07, eta: 10:34:01, time: 0.354, data_time: 0.014, memory: 23314, loss_cls: 0.4557, loss_bbox: 0.4440, loss_kps: 0.0000, loss: 0.8996, grad_norm: 7.3537
2026-09-30 05:26:13,018 - mmdet - INFO - Epoch [9][900/4741]	lr: 3.778e-07, eta: 10:33:41, time: 0.354, data_time: 0.015, memory: 23314, loss_cls: 0.4643, loss_bbox: 0.4419, loss_kps: 0.0000, loss: 0.9062, grad_norm: 6.9437
2026-09-30 05:26:31,073 - mmdet - INFO - Epoch [9][950/4741]	lr: 3.778e-07, eta: 10:33:22, time: 0.361, data_time: 0.014, memory: 23314, loss_cls: 0.4484, loss_bbox: 0.4471, loss_kps: 0.0000, loss: 0.8955, grad_norm: 7.1693
2026-09-30 05:26:48,644 - mmdet - INFO - Epoch [9][1000/4741]	lr: 3.778e-07, eta: 10:33:01, time: 0.352, data_time: 0.015, memory: 23314, loss_cls: 0.4269, loss_bbox: 0.4337, loss_kps: 0.0000, loss: 0.8606, grad_norm: 6.9899
2026-09-30 05:27:06,273 - mmdet - INFO - Epoch [9][1050/4741]	lr: 3.778e-07, eta: 10:32:41, time: 0.352, data_time: 0.013, memory: 23314, loss_cls: 0.4337, loss_bbox: 0.4350, loss_kps: 0.0000, loss: 0.8687, grad_norm: 6.6823
2026-09-30 05:27:24,332 - mmdet - INFO - Epoch [9][1100/4741]	lr: 3.778e-07, eta: 10:32:21, time: 0.362, data_time: 0.014, memory: 23314, loss_cls: 0.4466, loss_bbox: 0.4451, loss_kps: 0.0000, loss: 0.8917, grad_norm: 6.9998
2026-09-30 05:27:41,852 - mmdet - INFO - Epoch [9][1150/4741]	lr: 3.778e-07, eta: 10:32:01, time: 0.350, data_time: 0.014, memory: 23314, loss_cls: 0.4403, loss_bbox: 0.4454, loss_kps: 0.0000, loss: 0.8857, grad_norm: 7.1172
2026-09-30 05:27:59,696 - mmdet - INFO - Epoch [9][1200/4741]	lr: 3.778e-07, eta: 10:31:41, time: 0.357, data_time: 0.015, memory: 23314, loss_cls: 0.4527, loss_bbox: 0.4506, loss_kps: 0.0000, loss: 0.9033, grad_norm: 7.0111
2026-09-30 05:28:17,657 - mmdet - INFO - Epoch [9][1250/4741]	lr: 3.778e-07, eta: 10:31:21, time: 0.359, data_time: 0.013, memory: 23314, loss_cls: 0.4323, loss_bbox: 0.4347, loss_kps: 0.0000, loss: 0.8670, grad_norm: 7.3576
2026-09-30 05:28:35,244 - mmdet - INFO - Epoch [9][1300/4741]	lr: 3.778e-07, eta: 10:31:01, time: 0.352, data_time: 0.014, memory: 23314, loss_cls: 0.4321, loss_bbox: 0.4401, loss_kps: 0.0000, loss: 0.8722, grad_norm: 7.5663
2026-09-30 05:28:53,027 - mmdet - INFO - Epoch [9][1350/4741]	lr: 3.778e-07, eta: 10:30:41, time: 0.355, data_time: 0.014, memory: 23314, loss_cls: 0.4350, loss_bbox: 0.4418, loss_kps: 0.0000, loss: 0.8768, grad_norm: 7.6142
2026-09-30 05:29:11,157 - mmdet - INFO - Epoch [9][1400/4741]	lr: 3.778e-07, eta: 10:30:22, time: 0.364, data_time: 0.016, memory: 23314, loss_cls: 0.4581, loss_bbox: 0.4538, loss_kps: 0.0000, loss: 0.9119, grad_norm: 7.0153
2026-09-30 05:29:29,464 - mmdet - INFO - Epoch [9][1450/4741]	lr: 3.778e-07, eta: 10:30:03, time: 0.366, data_time: 0.016, memory: 23314, loss_cls: 0.4443, loss_bbox: 0.4457, loss_kps: 0.0000, loss: 0.8900, grad_norm: 7.0884
2026-09-30 05:29:48,006 - mmdet - INFO - Epoch [9][1500/4741]	lr: 3.778e-07, eta: 10:29:45, time: 0.370, data_time: 0.016, memory: 23314, loss_cls: 0.4463, loss_bbox: 0.4555, loss_kps: 0.0000, loss: 0.9018, grad_norm: 7.5391
2026-09-30 05:30:06,347 - mmdet - INFO - Epoch [9][1550/4741]	lr: 3.778e-07, eta: 10:29:27, time: 0.367, data_time: 0.015, memory: 23314, loss_cls: 0.4541, loss_bbox: 0.4472, loss_kps: 0.0000, loss: 0.9013, grad_norm: 7.1539
2026-09-30 05:30:25,366 - mmdet - INFO - Epoch [9][1600/4741]	lr: 3.778e-07, eta: 10:29:10, time: 0.380, data_time: 0.016, memory: 23314, loss_cls: 0.4623, loss_bbox: 0.4528, loss_kps: 0.0000, loss: 0.9151, grad_norm: 6.7248
2026-09-30 05:30:44,053 - mmdet - INFO - Epoch [9][1650/4741]	lr: 3.778e-07, eta: 10:28:53, time: 0.374, data_time: 0.015, memory: 23314, loss_cls: 0.4382, loss_bbox: 0.4383, loss_kps: 0.0000, loss: 0.8765, grad_norm: 7.0322
2026-09-30 05:31:02,465 - mmdet - INFO - Epoch [9][1700/4741]	lr: 3.778e-07, eta: 10:28:34, time: 0.369, data_time: 0.016, memory: 23314, loss_cls: 0.4541, loss_bbox: 0.4444, loss_kps: 0.0000, loss: 0.8986, grad_norm: 6.9038
2026-09-30 05:31:21,068 - mmdet - INFO - Epoch [9][1750/4741]	lr: 3.778e-07, eta: 10:28:17, time: 0.372, data_time: 0.015, memory: 23314, loss_cls: 0.4420, loss_bbox: 0.4497, loss_kps: 0.0000, loss: 0.8917, grad_norm: 6.9747
2026-09-30 05:31:39,473 - mmdet - INFO - Epoch [9][1800/4741]	lr: 3.778e-07, eta: 10:27:58, time: 0.368, data_time: 0.015, memory: 23314, loss_cls: 0.4384, loss_bbox: 0.4438, loss_kps: 0.0000, loss: 0.8822, grad_norm: 7.0531
2026-09-30 05:31:57,609 - mmdet - INFO - Epoch [9][1850/4741]	lr: 3.778e-07, eta: 10:27:39, time: 0.362, data_time: 0.015, memory: 23314, loss_cls: 0.4470, loss_bbox: 0.4469, loss_kps: 0.0000, loss: 0.8939, grad_norm: 7.3340
2026-09-30 05:32:15,918 - mmdet - INFO - Epoch [9][1900/4741]	lr: 3.778e-07, eta: 10:27:21, time: 0.366, data_time: 0.016, memory: 23314, loss_cls: 0.4417, loss_bbox: 0.4443, loss_kps: 0.0000, loss: 0.8860, grad_norm: 7.3805
2026-09-30 05:32:33,943 - mmdet - INFO - Epoch [9][1950/4741]	lr: 3.778e-07, eta: 10:27:02, time: 0.361, data_time: 0.016, memory: 23314, loss_cls: 0.4419, loss_bbox: 0.4442, loss_kps: 0.0000, loss: 0.8861, grad_norm: 7.1469
2026-09-30 05:32:52,343 - mmdet - INFO - Epoch [9][2000/4741]	lr: 3.778e-07, eta: 10:26:43, time: 0.368, data_time: 0.015, memory: 23314, loss_cls: 0.4464, loss_bbox: 0.4478, loss_kps: 0.0000, loss: 0.8942, grad_norm: 7.0148
2026-09-30 05:33:10,184 - mmdet - INFO - Epoch [9][2050/4741]	lr: 3.778e-07, eta: 10:26:23, time: 0.357, data_time: 0.015, memory: 23314, loss_cls: 0.4618, loss_bbox: 0.4483, loss_kps: 0.0000, loss: 0.9101, grad_norm: 7.5074
2026-09-30 05:33:28,018 - mmdet - INFO - Epoch [9][2100/4741]	lr: 3.778e-07, eta: 10:26:04, time: 0.357, data_time: 0.015, memory: 23314, loss_cls: 0.4470, loss_bbox: 0.4526, loss_kps: 0.0000, loss: 0.8996, grad_norm: 7.0172
2026-09-30 05:33:45,644 - mmdet - INFO - Epoch [9][2150/4741]	lr: 3.778e-07, eta: 10:25:43, time: 0.352, data_time: 0.014, memory: 23314, loss_cls: 0.4563, loss_bbox: 0.4551, loss_kps: 0.0000, loss: 0.9114, grad_norm: 7.3676
2026-09-30 05:34:03,603 - mmdet - INFO - Epoch [9][2200/4741]	lr: 3.778e-07, eta: 10:25:24, time: 0.359, data_time: 0.015, memory: 23314, loss_cls: 0.4486, loss_bbox: 0.4449, loss_kps: 0.0000, loss: 0.8934, grad_norm: 7.0402
2026-09-30 05:34:21,120 - mmdet - INFO - Epoch [9][2250/4741]	lr: 3.778e-07, eta: 10:25:03, time: 0.350, data_time: 0.015, memory: 23314, loss_cls: 0.4524, loss_bbox: 0.4380, loss_kps: 0.0000, loss: 0.8903, grad_norm: 6.8564
2026-09-30 05:34:39,019 - mmdet - INFO - Epoch [9][2300/4741]	lr: 3.778e-07, eta: 10:24:44, time: 0.358, data_time: 0.015, memory: 23314, loss_cls: 0.4506, loss_bbox: 0.4502, loss_kps: 0.0000, loss: 0.9008, grad_norm: 7.2828
2026-09-30 05:34:57,515 - mmdet - INFO - Epoch [9][2350/4741]	lr: 3.778e-07, eta: 10:24:26, time: 0.370, data_time: 0.015, memory: 23314, loss_cls: 0.4479, loss_bbox: 0.4510, loss_kps: 0.0000, loss: 0.8989, grad_norm: 7.3734
2026-09-30 05:35:15,056 - mmdet - INFO - Epoch [9][2400/4741]	lr: 3.778e-07, eta: 10:24:05, time: 0.350, data_time: 0.015, memory: 23314, loss_cls: 0.4601, loss_bbox: 0.4483, loss_kps: 0.0000, loss: 0.9083, grad_norm: 7.3375
2026-09-30 05:35:32,633 - mmdet - INFO - Epoch [9][2450/4741]	lr: 3.778e-07, eta: 10:23:45, time: 0.351, data_time: 0.015, memory: 23314, loss_cls: 0.4404, loss_bbox: 0.4383, loss_kps: 0.0000, loss: 0.8787, grad_norm: 6.9690
2026-09-30 05:35:50,079 - mmdet - INFO - Epoch [9][2500/4741]	lr: 3.778e-07, eta: 10:23:24, time: 0.349, data_time: 0.015, memory: 23314, loss_cls: 0.4381, loss_bbox: 0.4317, loss_kps: 0.0000, loss: 0.8698, grad_norm: 7.2320
2026-09-30 05:36:07,850 - mmdet - INFO - Epoch [9][2550/4741]	lr: 3.778e-07, eta: 10:23:04, time: 0.356, data_time: 0.016, memory: 23314, loss_cls: 0.4404, loss_bbox: 0.4403, loss_kps: 0.0000, loss: 0.8807, grad_norm: 7.4292
2026-09-30 05:36:25,490 - mmdet - INFO - Epoch [9][2600/4741]	lr: 3.778e-07, eta: 10:22:44, time: 0.352, data_time: 0.015, memory: 23314, loss_cls: 0.4270, loss_bbox: 0.4335, loss_kps: 0.0000, loss: 0.8605, grad_norm: 7.2942
2026-09-30 05:36:43,722 - mmdet - INFO - Epoch [9][2650/4741]	lr: 3.778e-07, eta: 10:22:25, time: 0.365, data_time: 0.017, memory: 23314, loss_cls: 0.4383, loss_bbox: 0.4483, loss_kps: 0.0000, loss: 0.8866, grad_norm: 6.7969
2026-09-30 05:37:01,799 - mmdet - INFO - Epoch [9][2700/4741]	lr: 3.778e-07, eta: 10:22:06, time: 0.361, data_time: 0.016, memory: 23314, loss_cls: 0.4670, loss_bbox: 0.4616, loss_kps: 0.0000, loss: 0.9286, grad_norm: 6.8399
2026-09-30 05:37:19,325 - mmdet - INFO - Epoch [9][2750/4741]	lr: 3.778e-07, eta: 10:21:46, time: 0.350, data_time: 0.015, memory: 23314, loss_cls: 0.4279, loss_bbox: 0.4308, loss_kps: 0.0000, loss: 0.8587, grad_norm: 7.3629
2026-09-30 05:37:37,003 - mmdet - INFO - Epoch [9][2800/4741]	lr: 3.778e-07, eta: 10:21:26, time: 0.354, data_time: 0.015, memory: 23314, loss_cls: 0.4540, loss_bbox: 0.4383, loss_kps: 0.0000, loss: 0.8923, grad_norm: 7.3852
2026-09-30 05:37:54,888 - mmdet - INFO - Epoch [9][2850/4741]	lr: 3.778e-07, eta: 10:21:06, time: 0.358, data_time: 0.015, memory: 23314, loss_cls: 0.4479, loss_bbox: 0.4561, loss_kps: 0.0000, loss: 0.9040, grad_norm: 7.3028
2026-09-30 05:38:12,511 - mmdet - INFO - Epoch [9][2900/4741]	lr: 3.778e-07, eta: 10:20:46, time: 0.352, data_time: 0.015, memory: 23314, loss_cls: 0.4374, loss_bbox: 0.4375, loss_kps: 0.0000, loss: 0.8749, grad_norm: 7.4439
2026-09-30 05:38:32,590 - mmdet - INFO - Epoch [9][2950/4741]	lr: 3.778e-07, eta: 10:20:32, time: 0.402, data_time: 0.019, memory: 23314, loss_cls: 0.4311, loss_bbox: 0.4414, loss_kps: 0.0000, loss: 0.8724, grad_norm: 7.0840
2026-09-30 05:38:55,066 - mmdet - INFO - Epoch [9][3000/4741]	lr: 3.778e-07, eta: 10:20:24, time: 0.450, data_time: 0.022, memory: 23314, loss_cls: 0.4689, loss_bbox: 0.4448, loss_kps: 0.0000, loss: 0.9137, grad_norm: 7.1701
2026-09-30 05:39:17,253 - mmdet - INFO - Epoch [9][3050/4741]	lr: 3.778e-07, eta: 10:20:14, time: 0.443, data_time: 0.019, memory: 23314, loss_cls: 0.4551, loss_bbox: 0.4529, loss_kps: 0.0000, loss: 0.9081, grad_norm: 7.5377
2026-09-30 05:39:39,869 - mmdet - INFO - Epoch [9][3100/4741]	lr: 3.778e-07, eta: 10:20:07, time: 0.453, data_time: 0.022, memory: 23314, loss_cls: 0.4344, loss_bbox: 0.4469, loss_kps: 0.0000, loss: 0.8814, grad_norm: 7.0183
2026-09-30 05:39:59,093 - mmdet - INFO - Epoch [9][3150/4741]	lr: 3.778e-07, eta: 10:19:50, time: 0.384, data_time: 0.015, memory: 23314, loss_cls: 0.4362, loss_bbox: 0.4478, loss_kps: 0.0000, loss: 0.8841, grad_norm: 7.1485
2026-09-30 05:40:17,447 - mmdet - INFO - Epoch [9][3200/4741]	lr: 3.778e-07, eta: 10:19:32, time: 0.368, data_time: 0.015, memory: 23314, loss_cls: 0.4240, loss_bbox: 0.4414, loss_kps: 0.0000, loss: 0.8654, grad_norm: 7.1243
2026-09-30 05:40:36,336 - mmdet - INFO - Epoch [9][3250/4741]	lr: 3.778e-07, eta: 10:19:15, time: 0.377, data_time: 0.016, memory: 23314, loss_cls: 0.4273, loss_bbox: 0.4431, loss_kps: 0.0000, loss: 0.8703, grad_norm: 7.2031
2026-09-30 05:40:55,388 - mmdet - INFO - Epoch [9][3300/4741]	lr: 3.778e-07, eta: 10:18:58, time: 0.381, data_time: 0.016, memory: 23314, loss_cls: 0.4351, loss_bbox: 0.4402, loss_kps: 0.0000, loss: 0.8753, grad_norm: 6.9526
2026-09-30 05:41:13,896 - mmdet - INFO - Epoch [9][3350/4741]	lr: 3.778e-07, eta: 10:18:40, time: 0.371, data_time: 0.016, memory: 23314, loss_cls: 0.4456, loss_bbox: 0.4381, loss_kps: 0.0000, loss: 0.8837, grad_norm: 7.6175
2026-09-30 05:41:32,479 - mmdet - INFO - Epoch [9][3400/4741]	lr: 3.778e-07, eta: 10:18:22, time: 0.371, data_time: 0.014, memory: 23314, loss_cls: 0.4458, loss_bbox: 0.4424, loss_kps: 0.0000, loss: 0.8883, grad_norm: 7.0373
2026-09-30 05:41:51,291 - mmdet - INFO - Epoch [9][3450/4741]	lr: 3.778e-07, eta: 10:18:05, time: 0.377, data_time: 0.016, memory: 23314, loss_cls: 0.4527, loss_bbox: 0.4572, loss_kps: 0.0000, loss: 0.9099, grad_norm: 7.4361
2026-09-30 05:42:09,791 - mmdet - INFO - Epoch [9][3500/4741]	lr: 3.778e-07, eta: 10:17:47, time: 0.371, data_time: 0.016, memory: 23314, loss_cls: 0.4548, loss_bbox: 0.4449, loss_kps: 0.0000, loss: 0.8997, grad_norm: 7.0228
2026-09-30 05:42:28,515 - mmdet - INFO - Epoch [9][3550/4741]	lr: 3.778e-07, eta: 10:17:29, time: 0.374, data_time: 0.016, memory: 23314, loss_cls: 0.4503, loss_bbox: 0.4408, loss_kps: 0.0000, loss: 0.8911, grad_norm: 7.0403
2026-09-30 05:42:47,773 - mmdet - INFO - Epoch [9][3600/4741]	lr: 3.778e-07, eta: 10:17:13, time: 0.385, data_time: 0.018, memory: 23314, loss_cls: 0.4695, loss_bbox: 0.4526, loss_kps: 0.0000, loss: 0.9221, grad_norm: 6.9501
2026-09-30 05:43:07,224 - mmdet - INFO - Epoch [9][3650/4741]	lr: 3.778e-07, eta: 10:16:57, time: 0.389, data_time: 0.016, memory: 23314, loss_cls: 0.4370, loss_bbox: 0.4335, loss_kps: 0.0000, loss: 0.8706, grad_norm: 7.1854
2026-09-30 05:43:26,630 - mmdet - INFO - Epoch [9][3700/4741]	lr: 3.778e-07, eta: 10:16:41, time: 0.388, data_time: 0.017, memory: 23314, loss_cls: 0.4657, loss_bbox: 0.4542, loss_kps: 0.0000, loss: 0.9199, grad_norm: 7.1777
2026-09-30 05:43:45,577 - mmdet - INFO - Epoch [9][3750/4741]	lr: 3.778e-07, eta: 10:16:24, time: 0.379, data_time: 0.016, memory: 23314, loss_cls: 0.4576, loss_bbox: 0.4458, loss_kps: 0.0000, loss: 0.9034, grad_norm: 6.8352
2026-09-30 05:44:04,209 - mmdet - INFO - Epoch [9][3800/4741]	lr: 3.778e-07, eta: 10:16:06, time: 0.373, data_time: 0.015, memory: 23314, loss_cls: 0.4375, loss_bbox: 0.4440, loss_kps: 0.0000, loss: 0.8815, grad_norm: 7.1158
2026-09-30 05:44:23,220 - mmdet - INFO - Epoch [9][3850/4741]	lr: 3.778e-07, eta: 10:15:49, time: 0.381, data_time: 0.016, memory: 23314, loss_cls: 0.4348, loss_bbox: 0.4337, loss_kps: 0.0000, loss: 0.8685, grad_norm: 6.8993
2026-09-30 05:44:42,161 - mmdet - INFO - Epoch [9][3900/4741]	lr: 3.778e-07, eta: 10:15:32, time: 0.378, data_time: 0.016, memory: 23314, loss_cls: 0.4382, loss_bbox: 0.4357, loss_kps: 0.0000, loss: 0.8739, grad_norm: 7.4674
2026-09-30 05:45:00,912 - mmdet - INFO - Epoch [9][3950/4741]	lr: 3.778e-07, eta: 10:15:15, time: 0.375, data_time: 0.015, memory: 23314, loss_cls: 0.4361, loss_bbox: 0.4420, loss_kps: 0.0000, loss: 0.8781, grad_norm: 6.6162
2026-09-30 05:45:20,360 - mmdet - INFO - Epoch [9][4000/4741]	lr: 3.778e-07, eta: 10:14:59, time: 0.390, data_time: 0.016, memory: 23314, loss_cls: 0.4328, loss_bbox: 0.4402, loss_kps: 0.0000, loss: 0.8730, grad_norm: 6.8102
2026-09-30 05:45:39,179 - mmdet - INFO - Epoch [9][4050/4741]	lr: 3.778e-07, eta: 10:14:41, time: 0.375, data_time: 0.015, memory: 23314, loss_cls: 0.4470, loss_bbox: 0.4401, loss_kps: 0.0000, loss: 0.8871, grad_norm: 6.9328
2026-09-30 05:45:57,846 - mmdet - INFO - Epoch [9][4100/4741]	lr: 3.778e-07, eta: 10:14:24, time: 0.374, data_time: 0.018, memory: 23314, loss_cls: 0.4550, loss_bbox: 0.4446, loss_kps: 0.0000, loss: 0.8996, grad_norm: 7.1438
2026-09-30 05:46:16,726 - mmdet - INFO - Epoch [9][4150/4741]	lr: 3.778e-07, eta: 10:14:06, time: 0.377, data_time: 0.014, memory: 23314, loss_cls: 0.4471, loss_bbox: 0.4457, loss_kps: 0.0000, loss: 0.8928, grad_norm: 7.0339
2026-09-30 05:46:34,489 - mmdet - INFO - Epoch [9][4200/4741]	lr: 3.778e-07, eta: 10:13:46, time: 0.355, data_time: 0.014, memory: 23314, loss_cls: 0.4560, loss_bbox: 0.4485, loss_kps: 0.0000, loss: 0.9046, grad_norm: 6.9129
2026-09-30 05:46:52,222 - mmdet - INFO - Epoch [9][4250/4741]	lr: 3.778e-07, eta: 10:13:27, time: 0.355, data_time: 0.015, memory: 23314, loss_cls: 0.4378, loss_bbox: 0.4444, loss_kps: 0.0000, loss: 0.8822, grad_norm: 6.9952
2026-09-30 05:47:09,855 - mmdet - INFO - Epoch [9][4300/4741]	lr: 3.778e-07, eta: 10:13:06, time: 0.352, data_time: 0.013, memory: 23314, loss_cls: 0.4374, loss_bbox: 0.4472, loss_kps: 0.0000, loss: 0.8846, grad_norm: 7.0644
2026-09-30 05:47:27,284 - mmdet - INFO - Epoch [9][4350/4741]	lr: 3.778e-07, eta: 10:12:46, time: 0.349, data_time: 0.015, memory: 23314, loss_cls: 0.4394, loss_bbox: 0.4384, loss_kps: 0.0000, loss: 0.8778, grad_norm: 6.9099
2026-09-30 05:47:45,094 - mmdet - INFO - Epoch [9][4400/4741]	lr: 3.778e-07, eta: 10:12:26, time: 0.356, data_time: 0.014, memory: 23314, loss_cls: 0.4558, loss_bbox: 0.4426, loss_kps: 0.0000, loss: 0.8984, grad_norm: 7.4913
2026-09-30 05:48:02,878 - mmdet - INFO - Epoch [9][4450/4741]	lr: 3.778e-07, eta: 10:12:06, time: 0.355, data_time: 0.013, memory: 23314, loss_cls: 0.4668, loss_bbox: 0.4373, loss_kps: 0.0000, loss: 0.9042, grad_norm: 6.7052
2026-09-30 05:48:21,001 - mmdet - INFO - Epoch [9][4500/4741]	lr: 3.778e-07, eta: 10:11:47, time: 0.363, data_time: 0.015, memory: 23314, loss_cls: 0.4576, loss_bbox: 0.4514, loss_kps: 0.0000, loss: 0.9090, grad_norm: 7.1639
2026-09-30 05:48:38,814 - mmdet - INFO - Epoch [9][4550/4741]	lr: 3.778e-07, eta: 10:11:27, time: 0.355, data_time: 0.015, memory: 23314, loss_cls: 0.4469, loss_bbox: 0.4463, loss_kps: 0.0000, loss: 0.8931, grad_norm: 7.1787
2026-09-30 05:48:57,053 - mmdet - INFO - Epoch [9][4600/4741]	lr: 3.778e-07, eta: 10:11:07, time: 0.355, data_time: 0.015, memory: 23314, loss_cls: 0.4336, loss_bbox: 0.4385, loss_kps: 0.0000, loss: 0.8721, grad_norm: 7.3848
2026-09-30 05:49:14,564 - mmdet - INFO - Epoch [9][4650/4741]	lr: 3.778e-07, eta: 10:10:48, time: 0.361, data_time: 0.025, memory: 23314, loss_cls: 0.4561, loss_bbox: 0.4502, loss_kps: 0.0000, loss: 0.9063, grad_norm: 7.1242
2026-09-30 05:49:32,138 - mmdet - INFO - Epoch [9][4700/4741]	lr: 3.778e-07, eta: 10:10:28, time: 0.351, data_time: 0.015, memory: 23314, loss_cls: 0.4381, loss_bbox: 0.4457, loss_kps: 0.0000, loss: 0.8838, grad_norm: 7.1519
2026-09-30 05:49:44,147 - mmdet - INFO - Saving checkpoint at 9 epochs
2026-09-30 05:50:21,948 - mmdet - INFO - Epoch [10][50/4741]	lr: 3.778e-07, eta: 10:09:29, time: 0.452, data_time: 0.089, memory: 23314, loss_cls: 0.4351, loss_bbox: 0.4449, loss_kps: 0.0000, loss: 0.8799, grad_norm: 7.1946
2026-09-30 05:50:40,578 - mmdet - INFO - Epoch [10][100/4741]	lr: 3.778e-07, eta: 10:09:11, time: 0.372, data_time: 0.015, memory: 23314, loss_cls: 0.4561, loss_bbox: 0.4532, loss_kps: 0.0000, loss: 0.9093, grad_norm: 7.1850
2026-09-30 05:50:59,449 - mmdet - INFO - Epoch [10][150/4741]	lr: 3.778e-07, eta: 10:08:54, time: 0.378, data_time: 0.016, memory: 23314, loss_cls: 0.4314, loss_bbox: 0.4286, loss_kps: 0.0000, loss: 0.8600, grad_norm: 7.2867
2026-09-30 05:51:18,251 - mmdet - INFO - Epoch [10][200/4741]	lr: 3.778e-07, eta: 10:08:37, time: 0.376, data_time: 0.015, memory: 23314, loss_cls: 0.4443, loss_bbox: 0.4487, loss_kps: 0.0000, loss: 0.8930, grad_norm: 6.9327
2026-09-30 05:51:36,723 - mmdet - INFO - Epoch [10][250/4741]	lr: 3.778e-07, eta: 10:08:19, time: 0.370, data_time: 0.015, memory: 23314, loss_cls: 0.4459, loss_bbox: 0.4460, loss_kps: 0.0000, loss: 0.8919, grad_norm: 6.9070
2026-09-30 05:51:55,296 - mmdet - INFO - Epoch [10][300/4741]	lr: 3.778e-07, eta: 10:08:01, time: 0.371, data_time: 0.014, memory: 23314, loss_cls: 0.4469, loss_bbox: 0.4385, loss_kps: 0.0000, loss: 0.8854, grad_norm: 7.3597
2026-09-30 05:52:13,975 - mmdet - INFO - Epoch [10][350/4741]	lr: 3.778e-07, eta: 10:07:43, time: 0.373, data_time: 0.015, memory: 23314, loss_cls: 0.4294, loss_bbox: 0.4399, loss_kps: 0.0000, loss: 0.8693, grad_norm: 6.8758
2026-09-30 05:52:32,921 - mmdet - INFO - Epoch [10][400/4741]	lr: 3.778e-07, eta: 10:07:26, time: 0.379, data_time: 0.016, memory: 23314, loss_cls: 0.4417, loss_bbox: 0.4374, loss_kps: 0.0000, loss: 0.8791, grad_norm: 7.0058
2026-09-30 05:52:51,211 - mmdet - INFO - Epoch [10][450/4741]	lr: 3.778e-07, eta: 10:07:07, time: 0.366, data_time: 0.015, memory: 23314, loss_cls: 0.4623, loss_bbox: 0.4628, loss_kps: 0.0000, loss: 0.9251, grad_norm: 7.2386
2026-09-30 05:53:09,581 - mmdet - INFO - Epoch [10][500/4741]	lr: 3.778e-07, eta: 10:06:49, time: 0.368, data_time: 0.014, memory: 23314, loss_cls: 0.4506, loss_bbox: 0.4436, loss_kps: 0.0000, loss: 0.8941, grad_norm: 6.9956
2026-09-30 05:53:27,705 - mmdet - INFO - Epoch [10][550/4741]	lr: 3.778e-07, eta: 10:06:30, time: 0.362, data_time: 0.014, memory: 23314, loss_cls: 0.4363, loss_bbox: 0.4282, loss_kps: 0.0000, loss: 0.8645, grad_norm: 7.2505
2026-09-30 05:53:45,134 - mmdet - INFO - Epoch [10][600/4741]	lr: 3.778e-07, eta: 10:06:09, time: 0.349, data_time: 0.014, memory: 23314, loss_cls: 0.4610, loss_bbox: 0.4491, loss_kps: 0.0000, loss: 0.9101, grad_norm: 7.2551
2026-09-30 05:54:02,607 - mmdet - INFO - Epoch [10][650/4741]	lr: 3.778e-07, eta: 10:05:49, time: 0.350, data_time: 0.014, memory: 23314, loss_cls: 0.4513, loss_bbox: 0.4439, loss_kps: 0.0000, loss: 0.8951, grad_norm: 7.0933
2026-09-30 05:54:20,001 - mmdet - INFO - Epoch [10][700/4741]	lr: 3.778e-07, eta: 10:05:28, time: 0.347, data_time: 0.014, memory: 23314, loss_cls: 0.4394, loss_bbox: 0.4420, loss_kps: 0.0000, loss: 0.8814, grad_norm: 7.0552
2026-09-30 05:54:37,372 - mmdet - INFO - Epoch [10][750/4741]	lr: 3.778e-07, eta: 10:05:08, time: 0.348, data_time: 0.016, memory: 23314, loss_cls: 0.4591, loss_bbox: 0.4702, loss_kps: 0.0000, loss: 0.9293, grad_norm: 7.5317
2026-09-30 05:54:54,686 - mmdet - INFO - Epoch [10][800/4741]	lr: 3.778e-07, eta: 10:04:47, time: 0.346, data_time: 0.014, memory: 23314, loss_cls: 0.4414, loss_bbox: 0.4491, loss_kps: 0.0000, loss: 0.8905, grad_norm: 6.9618
2026-09-30 05:55:12,622 - mmdet - INFO - Epoch [10][850/4741]	lr: 3.778e-07, eta: 10:04:27, time: 0.359, data_time: 0.014, memory: 23314, loss_cls: 0.4497, loss_bbox: 0.4496, loss_kps: 0.0000, loss: 0.8992, grad_norm: 7.1784
2026-09-30 05:55:30,031 - mmdet - INFO - Epoch [10][900/4741]	lr: 3.778e-07, eta: 10:04:07, time: 0.348, data_time: 0.015, memory: 23314, loss_cls: 0.4329, loss_bbox: 0.4467, loss_kps: 0.0000, loss: 0.8795, grad_norm: 7.2643
2026-09-30 05:55:47,270 - mmdet - INFO - Epoch [10][950/4741]	lr: 3.778e-07, eta: 10:03:46, time: 0.345, data_time: 0.015, memory: 23314, loss_cls: 0.4232, loss_bbox: 0.4235, loss_kps: 0.0000, loss: 0.8468, grad_norm: 7.1961
2026-09-30 05:56:05,113 - mmdet - INFO - Epoch [10][1000/4741]	lr: 3.778e-07, eta: 10:03:27, time: 0.358, data_time: 0.015, memory: 23314, loss_cls: 0.4668, loss_bbox: 0.4463, loss_kps: 0.0000, loss: 0.9132, grad_norm: 7.3013
2026-09-30 05:56:25,850 - mmdet - INFO - Epoch [10][1050/4741]	lr: 3.778e-07, eta: 10:03:13, time: 0.413, data_time: 0.016, memory: 23314, loss_cls: 0.4247, loss_bbox: 0.4368, loss_kps: 0.0000, loss: 0.8615, grad_norm: 7.2102
2026-09-30 05:56:47,625 - mmdet - INFO - Epoch [10][1100/4741]	lr: 3.778e-07, eta: 10:03:03, time: 0.436, data_time: 0.019, memory: 23314, loss_cls: 0.4513, loss_bbox: 0.4428, loss_kps: 0.0000, loss: 0.8941, grad_norm: 7.4824
2026-09-30 05:57:09,868 - mmdet - INFO - Epoch [10][1150/4741]	lr: 3.778e-07, eta: 10:02:53, time: 0.446, data_time: 0.021, memory: 23314, loss_cls: 0.4342, loss_bbox: 0.4364, loss_kps: 0.0000, loss: 0.8706, grad_norm: 6.9196
2026-09-30 05:57:32,425 - mmdet - INFO - Epoch [10][1200/4741]	lr: 3.778e-07, eta: 10:02:44, time: 0.451, data_time: 0.018, memory: 23314, loss_cls: 0.4404, loss_bbox: 0.4568, loss_kps: 0.0000, loss: 0.8972, grad_norm: 7.4430
2026-09-30 05:57:54,859 - mmdet - INFO - Epoch [10][1250/4741]	lr: 3.778e-07, eta: 10:02:35, time: 0.449, data_time: 0.018, memory: 23314, loss_cls: 0.4383, loss_bbox: 0.4378, loss_kps: 0.0000, loss: 0.8760, grad_norm: 7.0553
2026-09-30 05:58:16,834 - mmdet - INFO - Epoch [10][1300/4741]	lr: 3.778e-07, eta: 10:02:24, time: 0.439, data_time: 0.016, memory: 23314, loss_cls: 0.4384, loss_bbox: 0.4348, loss_kps: 0.0000, loss: 0.8731, grad_norm: 7.0496
2026-09-30 05:58:38,566 - mmdet - INFO - Epoch [10][1350/4741]	lr: 3.778e-07, eta: 10:02:13, time: 0.435, data_time: 0.016, memory: 23314, loss_cls: 0.4362, loss_bbox: 0.4376, loss_kps: 0.0000, loss: 0.8737, grad_norm: 6.8135
2026-09-30 05:59:00,422 - mmdet - INFO - Epoch [10][1400/4741]	lr: 3.778e-07, eta: 10:02:03, time: 0.436, data_time: 0.018, memory: 23314, loss_cls: 0.4346, loss_bbox: 0.4333, loss_kps: 0.0000, loss: 0.8679, grad_norm: 7.3508
2026-09-30 05:59:21,799 - mmdet - INFO - Epoch [10][1450/4741]	lr: 3.778e-07, eta: 10:01:51, time: 0.428, data_time: 0.018, memory: 23314, loss_cls: 0.4180, loss_bbox: 0.4308, loss_kps: 0.0000, loss: 0.8488, grad_norm: 7.2705
2026-09-30 05:59:42,860 - mmdet - INFO - Epoch [10][1500/4741]	lr: 3.778e-07, eta: 10:01:38, time: 0.421, data_time: 0.016, memory: 23314, loss_cls: 0.4465, loss_bbox: 0.4436, loss_kps: 0.0000, loss: 0.8900, grad_norm: 7.2842
2026-09-30 06:00:04,068 - mmdet - INFO - Epoch [10][1550/4741]	lr: 3.778e-07, eta: 10:01:26, time: 0.424, data_time: 0.016, memory: 23314, loss_cls: 0.4290, loss_bbox: 0.4404, loss_kps: 0.0000, loss: 0.8695, grad_norm: 7.0139
2026-09-30 06:00:25,395 - mmdet - INFO - Epoch [10][1600/4741]	lr: 3.778e-07, eta: 10:01:14, time: 0.427, data_time: 0.016, memory: 23314, loss_cls: 0.4427, loss_bbox: 0.4383, loss_kps: 0.0000, loss: 0.8811, grad_norm: 7.0319
2026-09-30 06:00:47,058 - mmdet - INFO - Epoch [10][1650/4741]	lr: 3.778e-07, eta: 10:01:03, time: 0.433, data_time: 0.015, memory: 23314, loss_cls: 0.4373, loss_bbox: 0.4340, loss_kps: 0.0000, loss: 0.8713, grad_norm: 7.1725
2026-09-30 06:01:08,534 - mmdet - INFO - Epoch [10][1700/4741]	lr: 3.778e-07, eta: 10:00:51, time: 0.429, data_time: 0.015, memory: 23314, loss_cls: 0.4423, loss_bbox: 0.4453, loss_kps: 0.0000, loss: 0.8877, grad_norm: 6.7404
2026-09-30 06:01:29,757 - mmdet - INFO - Epoch [10][1750/4741]	lr: 3.778e-07, eta: 10:00:39, time: 0.425, data_time: 0.014, memory: 23314, loss_cls: 0.4317, loss_bbox: 0.4410, loss_kps: 0.0000, loss: 0.8728, grad_norm: 7.2322
2026-09-30 06:01:50,595 - mmdet - INFO - Epoch [10][1800/4741]	lr: 3.778e-07, eta: 10:00:26, time: 0.418, data_time: 0.017, memory: 23314, loss_cls: 0.4261, loss_bbox: 0.4424, loss_kps: 0.0000, loss: 0.8685, grad_norm: 7.0041
2026-09-30 06:02:11,768 - mmdet - INFO - Epoch [10][1850/4741]	lr: 3.778e-07, eta: 10:00:14, time: 0.422, data_time: 0.016, memory: 23314, loss_cls: 0.4463, loss_bbox: 0.4413, loss_kps: 0.0000, loss: 0.8876, grad_norm: 6.8924
2026-09-30 06:02:34,270 - mmdet - INFO - Epoch [10][1900/4741]	lr: 3.778e-07, eta: 10:00:04, time: 0.450, data_time: 0.017, memory: 23314, loss_cls: 0.4283, loss_bbox: 0.4425, loss_kps: 0.0000, loss: 0.8708, grad_norm: 7.1091
2026-09-30 06:02:55,807 - mmdet - INFO - Epoch [10][1950/4741]	lr: 3.778e-07, eta: 9:59:53, time: 0.432, data_time: 0.017, memory: 23314, loss_cls: 0.4418, loss_bbox: 0.4421, loss_kps: 0.0000, loss: 0.8840, grad_norm: 7.5263
2026-09-30 06:03:17,615 - mmdet - INFO - Epoch [10][2000/4741]	lr: 3.778e-07, eta: 9:59:41, time: 0.435, data_time: 0.017, memory: 23314, loss_cls: 0.4349, loss_bbox: 0.4432, loss_kps: 0.0000, loss: 0.8781, grad_norm: 6.6940
2026-09-30 06:03:39,321 - mmdet - INFO - Epoch [10][2050/4741]	lr: 3.778e-07, eta: 9:59:30, time: 0.435, data_time: 0.017, memory: 23314, loss_cls: 0.4321, loss_bbox: 0.4471, loss_kps: 0.0000, loss: 0.8792, grad_norm: 6.7956
2026-09-30 06:04:01,080 - mmdet - INFO - Epoch [10][2100/4741]	lr: 3.778e-07, eta: 9:59:19, time: 0.435, data_time: 0.017, memory: 23314, loss_cls: 0.4505, loss_bbox: 0.4398, loss_kps: 0.0000, loss: 0.8903, grad_norm: 7.2564
2026-09-30 06:04:22,936 - mmdet - INFO - Epoch [10][2150/4741]	lr: 3.778e-07, eta: 9:59:08, time: 0.438, data_time: 0.018, memory: 23314, loss_cls: 0.4393, loss_bbox: 0.4445, loss_kps: 0.0000, loss: 0.8838, grad_norm: 6.7610
2026-09-30 06:04:44,948 - mmdet - INFO - Epoch [10][2200/4741]	lr: 3.778e-07, eta: 9:58:57, time: 0.439, data_time: 0.016, memory: 23314, loss_cls: 0.4161, loss_bbox: 0.4409, loss_kps: 0.0000, loss: 0.8571, grad_norm: 7.0393
2026-09-30 06:05:06,489 - mmdet - INFO - Epoch [10][2250/4741]	lr: 3.778e-07, eta: 9:58:45, time: 0.430, data_time: 0.016, memory: 23314, loss_cls: 0.4496, loss_bbox: 0.4497, loss_kps: 0.0000, loss: 0.8993, grad_norm: 7.3285
2026-09-30 06:05:27,766 - mmdet - INFO - Epoch [10][2300/4741]	lr: 3.778e-07, eta: 9:58:33, time: 0.427, data_time: 0.017, memory: 23314, loss_cls: 0.4416, loss_bbox: 0.4370, loss_kps: 0.0000, loss: 0.8786, grad_norm: 7.3103
2026-09-30 06:05:49,453 - mmdet - INFO - Epoch [10][2350/4741]	lr: 3.778e-07, eta: 9:58:21, time: 0.432, data_time: 0.015, memory: 23314, loss_cls: 0.4522, loss_bbox: 0.4484, loss_kps: 0.0000, loss: 0.9006, grad_norm: 6.9121
2026-09-30 06:06:11,222 - mmdet - INFO - Epoch [10][2400/4741]	lr: 3.778e-07, eta: 9:58:10, time: 0.436, data_time: 0.016, memory: 23314, loss_cls: 0.4388, loss_bbox: 0.4396, loss_kps: 0.0000, loss: 0.8784, grad_norm: 6.8329
2026-09-30 06:06:32,577 - mmdet - INFO - Epoch [10][2450/4741]	lr: 3.778e-07, eta: 9:57:58, time: 0.428, data_time: 0.015, memory: 23314, loss_cls: 0.4228, loss_bbox: 0.4399, loss_kps: 0.0000, loss: 0.8627, grad_norm: 7.1304
2026-09-30 06:06:53,885 - mmdet - INFO - Epoch [10][2500/4741]	lr: 3.778e-07, eta: 9:57:45, time: 0.426, data_time: 0.016, memory: 23314, loss_cls: 0.4402, loss_bbox: 0.4368, loss_kps: 0.0000, loss: 0.8770, grad_norm: 7.0402
2026-09-30 06:07:15,483 - mmdet - INFO - Epoch [10][2550/4741]	lr: 3.778e-07, eta: 9:57:34, time: 0.431, data_time: 0.016, memory: 23314, loss_cls: 0.4451, loss_bbox: 0.4469, loss_kps: 0.0000, loss: 0.8920, grad_norm: 6.7557
2026-09-30 06:07:37,380 - mmdet - INFO - Epoch [10][2600/4741]	lr: 3.778e-07, eta: 9:57:23, time: 0.439, data_time: 0.017, memory: 23314, loss_cls: 0.4703, loss_bbox: 0.4332, loss_kps: 0.0000, loss: 0.9035, grad_norm: 7.0157
2026-09-30 06:07:58,828 - mmdet - INFO - Epoch [10][2650/4741]	lr: 3.778e-07, eta: 9:57:10, time: 0.429, data_time: 0.016, memory: 23314, loss_cls: 0.4263, loss_bbox: 0.4388, loss_kps: 0.0000, loss: 0.8651, grad_norm: 6.9857
2026-09-30 06:08:20,117 - mmdet - INFO - Epoch [10][2700/4741]	lr: 3.778e-07, eta: 9:56:58, time: 0.425, data_time: 0.017, memory: 23314, loss_cls: 0.4438, loss_bbox: 0.4603, loss_kps: 0.0000, loss: 0.9041, grad_norm: 7.0980
2026-09-30 06:08:40,723 - mmdet - INFO - Epoch [10][2750/4741]	lr: 3.778e-07, eta: 9:56:44, time: 0.412, data_time: 0.017, memory: 23314, loss_cls: 0.4388, loss_bbox: 0.4406, loss_kps: 0.0000, loss: 0.8795, grad_norm: 6.8944
2026-09-30 06:09:00,654 - mmdet - INFO - Epoch [10][2800/4741]	lr: 3.778e-07, eta: 9:56:28, time: 0.398, data_time: 0.016, memory: 23314, loss_cls: 0.4308, loss_bbox: 0.4434, loss_kps: 0.0000, loss: 0.8742, grad_norm: 7.0595
2026-09-30 06:09:21,023 - mmdet - INFO - Epoch [10][2850/4741]	lr: 3.778e-07, eta: 9:56:14, time: 0.408, data_time: 0.018, memory: 23314, loss_cls: 0.4516, loss_bbox: 0.4309, loss_kps: 0.0000, loss: 0.8825, grad_norm: 7.0873
2026-09-30 06:09:41,216 - mmdet - INFO - Epoch [10][2900/4741]	lr: 3.778e-07, eta: 9:55:59, time: 0.404, data_time: 0.016, memory: 23314, loss_cls: 0.4413, loss_bbox: 0.4483, loss_kps: 0.0000, loss: 0.8896, grad_norm: 6.8445
2026-09-30 06:10:01,734 - mmdet - INFO - Epoch [10][2950/4741]	lr: 3.778e-07, eta: 9:55:45, time: 0.410, data_time: 0.014, memory: 23314, loss_cls: 0.4423, loss_bbox: 0.4338, loss_kps: 0.0000, loss: 0.8761, grad_norm: 7.3648
2026-09-30 06:10:22,344 - mmdet - INFO - Epoch [10][3000/4741]	lr: 3.778e-07, eta: 9:55:31, time: 0.412, data_time: 0.016, memory: 23314, loss_cls: 0.4356, loss_bbox: 0.4474, loss_kps: 0.0000, loss: 0.8830, grad_norm: 6.7774
2026-09-30 06:10:42,393 - mmdet - INFO - Epoch [10][3050/4741]	lr: 3.778e-07, eta: 9:55:16, time: 0.402, data_time: 0.016, memory: 23314, loss_cls: 0.4203, loss_bbox: 0.4315, loss_kps: 0.0000, loss: 0.8518, grad_norm: 6.7404
2026-09-30 06:11:03,031 - mmdet - INFO - Epoch [10][3100/4741]	lr: 3.778e-07, eta: 9:55:01, time: 0.412, data_time: 0.018, memory: 23314, loss_cls: 0.4319, loss_bbox: 0.4397, loss_kps: 0.0000, loss: 0.8716, grad_norm: 6.6707
2026-09-30 06:11:24,053 - mmdet - INFO - Epoch [10][3150/4741]	lr: 3.778e-07, eta: 9:54:48, time: 0.421, data_time: 0.016, memory: 23314, loss_cls: 0.4508, loss_bbox: 0.4468, loss_kps: 0.0000, loss: 0.8977, grad_norm: 6.9907
2026-09-30 06:11:44,801 - mmdet - INFO - Epoch [10][3200/4741]	lr: 3.778e-07, eta: 9:54:34, time: 0.414, data_time: 0.015, memory: 23314, loss_cls: 0.4433, loss_bbox: 0.4462, loss_kps: 0.0000, loss: 0.8895, grad_norm: 6.7575
2026-09-30 06:12:05,451 - mmdet - INFO - Epoch [10][3250/4741]	lr: 3.778e-07, eta: 9:54:21, time: 0.414, data_time: 0.015, memory: 23314, loss_cls: 0.4614, loss_bbox: 0.4449, loss_kps: 0.0000, loss: 0.9062, grad_norm: 7.0532
2026-09-30 06:12:26,460 - mmdet - INFO - Epoch [10][3300/4741]	lr: 3.778e-07, eta: 9:54:07, time: 0.420, data_time: 0.015, memory: 23314, loss_cls: 0.4452, loss_bbox: 0.4408, loss_kps: 0.0000, loss: 0.8860, grad_norm: 6.7471
2026-09-30 06:12:47,384 - mmdet - INFO - Epoch [10][3350/4741]	lr: 3.778e-07, eta: 9:53:54, time: 0.417, data_time: 0.016, memory: 23314, loss_cls: 0.4418, loss_bbox: 0.4495, loss_kps: 0.0000, loss: 0.8913, grad_norm: 6.7596
2026-09-30 06:13:07,164 - mmdet - INFO - Epoch [10][3400/4741]	lr: 3.778e-07, eta: 9:53:38, time: 0.397, data_time: 0.017, memory: 23314, loss_cls: 0.4382, loss_bbox: 0.4442, loss_kps: 0.0000, loss: 0.8824, grad_norm: 7.3804
2026-09-30 06:13:27,252 - mmdet - INFO - Epoch [10][3450/4741]	lr: 3.778e-07, eta: 9:53:23, time: 0.401, data_time: 0.015, memory: 23314, loss_cls: 0.4249, loss_bbox: 0.4275, loss_kps: 0.0000, loss: 0.8524, grad_norm: 6.6220
2026-09-30 06:13:46,543 - mmdet - INFO - Epoch [10][3500/4741]	lr: 3.778e-07, eta: 9:53:06, time: 0.387, data_time: 0.016, memory: 23314, loss_cls: 0.4349, loss_bbox: 0.4431, loss_kps: 0.0000, loss: 0.8780, grad_norm: 7.1336
2026-09-30 06:14:05,570 - mmdet - INFO - Epoch [10][3550/4741]	lr: 3.778e-07, eta: 9:52:48, time: 0.380, data_time: 0.014, memory: 23314, loss_cls: 0.4724, loss_bbox: 0.4338, loss_kps: 0.0000, loss: 0.9062, grad_norm: 6.8509
2026-09-30 06:14:24,692 - mmdet - INFO - Epoch [10][3600/4741]	lr: 3.778e-07, eta: 9:52:31, time: 0.383, data_time: 0.015, memory: 23314, loss_cls: 0.4411, loss_bbox: 0.4410, loss_kps: 0.0000, loss: 0.8821, grad_norm: 6.9966
2026-09-30 06:14:43,791 - mmdet - INFO - Epoch [10][3650/4741]	lr: 3.778e-07, eta: 9:52:14, time: 0.382, data_time: 0.014, memory: 23314, loss_cls: 0.4501, loss_bbox: 0.4389, loss_kps: 0.0000, loss: 0.8890, grad_norm: 7.0474
2026-09-30 06:15:03,385 - mmdet - INFO - Epoch [10][3700/4741]	lr: 3.778e-07, eta: 9:51:57, time: 0.391, data_time: 0.013, memory: 23314, loss_cls: 0.4436, loss_bbox: 0.4416, loss_kps: 0.0000, loss: 0.8852, grad_norm: 7.1732
2026-09-30 06:15:22,631 - mmdet - INFO - Epoch [10][3750/4741]	lr: 3.778e-07, eta: 9:51:40, time: 0.385, data_time: 0.015, memory: 23314, loss_cls: 0.4511, loss_bbox: 0.4416, loss_kps: 0.0000, loss: 0.8928, grad_norm: 7.1285
2026-09-30 06:15:41,814 - mmdet - INFO - Epoch [10][3800/4741]	lr: 3.778e-07, eta: 9:51:23, time: 0.384, data_time: 0.015, memory: 23314, loss_cls: 0.4401, loss_bbox: 0.4379, loss_kps: 0.0000, loss: 0.8779, grad_norm: 6.7851
2026-09-30 06:16:01,091 - mmdet - INFO - Epoch [10][3850/4741]	lr: 3.778e-07, eta: 9:51:06, time: 0.385, data_time: 0.015, memory: 23314, loss_cls: 0.4368, loss_bbox: 0.4480, loss_kps: 0.0000, loss: 0.8848, grad_norm: 7.2976
2026-09-30 06:16:20,012 - mmdet - INFO - Epoch [10][3900/4741]	lr: 3.778e-07, eta: 9:50:48, time: 0.379, data_time: 0.015, memory: 23314, loss_cls: 0.4442, loss_bbox: 0.4356, loss_kps: 0.0000, loss: 0.8798, grad_norm: 7.3383
2026-09-30 06:16:38,743 - mmdet - INFO - Epoch [10][3950/4741]	lr: 3.778e-07, eta: 9:50:30, time: 0.374, data_time: 0.015, memory: 23314, loss_cls: 0.4483, loss_bbox: 0.4485, loss_kps: 0.0000, loss: 0.8968, grad_norm: 7.0909
2026-09-30 06:16:57,326 - mmdet - INFO - Epoch [10][4000/4741]	lr: 3.778e-07, eta: 9:50:12, time: 0.372, data_time: 0.014, memory: 23314, loss_cls: 0.4541, loss_bbox: 0.4345, loss_kps: 0.0000, loss: 0.8885, grad_norm: 6.9220
2026-09-30 06:17:15,994 - mmdet - INFO - Epoch [10][4050/4741]	lr: 3.778e-07, eta: 9:49:54, time: 0.373, data_time: 0.014, memory: 23314, loss_cls: 0.4422, loss_bbox: 0.4398, loss_kps: 0.0000, loss: 0.8820, grad_norm: 7.3590
2026-09-30 06:17:35,160 - mmdet - INFO - Epoch [10][4100/4741]	lr: 3.778e-07, eta: 9:49:36, time: 0.384, data_time: 0.015, memory: 23314, loss_cls: 0.4379, loss_bbox: 0.4310, loss_kps: 0.0000, loss: 0.8689, grad_norm: 7.0809
2026-09-30 06:17:53,468 - mmdet - INFO - Epoch [10][4150/4741]	lr: 3.778e-07, eta: 9:49:17, time: 0.366, data_time: 0.015, memory: 23314, loss_cls: 0.4405, loss_bbox: 0.4485, loss_kps: 0.0000, loss: 0.8891, grad_norm: 6.9762
2026-09-30 06:18:11,263 - mmdet - INFO - Epoch [10][4200/4741]	lr: 3.778e-07, eta: 9:48:57, time: 0.355, data_time: 0.014, memory: 23314, loss_cls: 0.4512, loss_bbox: 0.4359, loss_kps: 0.0000, loss: 0.8871, grad_norm: 7.4671
2026-09-30 06:18:29,390 - mmdet - INFO - Epoch [10][4250/4741]	lr: 3.778e-07, eta: 9:48:38, time: 0.364, data_time: 0.013, memory: 23314, loss_cls: 0.4375, loss_bbox: 0.4478, loss_kps: 0.0000, loss: 0.8853, grad_norm: 6.9793
2026-09-30 06:18:47,075 - mmdet - INFO - Epoch [10][4300/4741]	lr: 3.778e-07, eta: 9:48:18, time: 0.353, data_time: 0.015, memory: 23314, loss_cls: 0.4362, loss_bbox: 0.4340, loss_kps: 0.0000, loss: 0.8702, grad_norm: 7.2001
2026-09-30 06:19:04,893 - mmdet - INFO - Epoch [10][4350/4741]	lr: 3.778e-07, eta: 9:47:58, time: 0.356, data_time: 0.013, memory: 23314, loss_cls: 0.4304, loss_bbox: 0.4406, loss_kps: 0.0000, loss: 0.8710, grad_norm: 7.2383
2026-09-30 06:19:22,564 - mmdet - INFO - Epoch [10][4400/4741]	lr: 3.778e-07, eta: 9:47:37, time: 0.353, data_time: 0.013, memory: 23314, loss_cls: 0.4263, loss_bbox: 0.4338, loss_kps: 0.0000, loss: 0.8600, grad_norm: 6.9541
2026-09-30 06:19:40,124 - mmdet - INFO - Epoch [10][4450/4741]	lr: 3.778e-07, eta: 9:47:17, time: 0.352, data_time: 0.015, memory: 23314, loss_cls: 0.4512, loss_bbox: 0.4423, loss_kps: 0.0000, loss: 0.8935, grad_norm: 7.0951
2026-09-30 06:19:57,995 - mmdet - INFO - Epoch [10][4500/4741]	lr: 3.778e-07, eta: 9:46:57, time: 0.357, data_time: 0.013, memory: 23314, loss_cls: 0.4411, loss_bbox: 0.4454, loss_kps: 0.0000, loss: 0.8866, grad_norm: 6.8453
2026-09-30 06:20:15,618 - mmdet - INFO - Epoch [10][4550/4741]	lr: 3.778e-07, eta: 9:46:37, time: 0.352, data_time: 0.013, memory: 23314, loss_cls: 0.4516, loss_bbox: 0.4382, loss_kps: 0.0000, loss: 0.8898, grad_norm: 6.7736
2026-09-30 06:20:33,142 - mmdet - INFO - Epoch [10][4600/4741]	lr: 3.778e-07, eta: 9:46:16, time: 0.350, data_time: 0.014, memory: 23314, loss_cls: 0.4417, loss_bbox: 0.4465, loss_kps: 0.0000, loss: 0.8882, grad_norm: 7.0929
2026-09-30 06:20:50,589 - mmdet - INFO - Epoch [10][4650/4741]	lr: 3.778e-07, eta: 9:45:56, time: 0.348, data_time: 0.013, memory: 23314, loss_cls: 0.4506, loss_bbox: 0.4455, loss_kps: 0.0000, loss: 0.8961, grad_norm: 7.0335
2026-09-30 06:21:08,043 - mmdet - INFO - Epoch [10][4700/4741]	lr: 3.778e-07, eta: 9:45:35, time: 0.350, data_time: 0.016, memory: 23314, loss_cls: 0.4474, loss_bbox: 0.4523, loss_kps: 0.0000, loss: 0.8997, grad_norm: 7.1533
2026-09-30 06:21:19,667 - mmdet - INFO - Saving checkpoint at 10 epochs
2026-09-30 06:21:56,015 - mmdet - INFO - Epoch [11][50/4741]	lr: 3.778e-07, eta: 9:44:36, time: 0.425, data_time: 0.086, memory: 23314, loss_cls: 0.4378, loss_bbox: 0.4402, loss_kps: 0.0000, loss: 0.8780, grad_norm: 7.1387
2026-09-30 06:22:13,622 - mmdet - INFO - Epoch [11][100/4741]	lr: 3.778e-07, eta: 9:44:16, time: 0.353, data_time: 0.013, memory: 23314, loss_cls: 0.4380, loss_bbox: 0.4411, loss_kps: 0.0000, loss: 0.8791, grad_norm: 7.5120
2026-09-30 06:22:31,976 - mmdet - INFO - Epoch [11][150/4741]	lr: 3.778e-07, eta: 9:43:57, time: 0.366, data_time: 0.014, memory: 23314, loss_cls: 0.4473, loss_bbox: 0.4472, loss_kps: 0.0000, loss: 0.8946, grad_norm: 6.8356
2026-09-30 06:22:50,139 - mmdet - INFO - Epoch [11][200/4741]	lr: 3.778e-07, eta: 9:43:38, time: 0.364, data_time: 0.013, memory: 23314, loss_cls: 0.4179, loss_bbox: 0.4266, loss_kps: 0.0000, loss: 0.8445, grad_norm: 6.8394
2026-09-30 06:23:08,381 - mmdet - INFO - Epoch [11][250/4741]	lr: 3.778e-07, eta: 9:43:19, time: 0.364, data_time: 0.013, memory: 23314, loss_cls: 0.4544, loss_bbox: 0.4365, loss_kps: 0.0000, loss: 0.8909, grad_norm: 7.5214
2026-09-30 06:23:27,241 - mmdet - INFO - Epoch [11][300/4741]	lr: 3.778e-07, eta: 9:43:01, time: 0.378, data_time: 0.014, memory: 23314, loss_cls: 0.4417, loss_bbox: 0.4452, loss_kps: 0.0000, loss: 0.8869, grad_norm: 6.8054
2026-09-30 06:23:46,135 - mmdet - INFO - Epoch [11][350/4741]	lr: 3.778e-07, eta: 9:42:44, time: 0.377, data_time: 0.014, memory: 23314, loss_cls: 0.4405, loss_bbox: 0.4452, loss_kps: 0.0000, loss: 0.8858, grad_norm: 6.8507
2026-09-30 06:24:04,952 - mmdet - INFO - Epoch [11][400/4741]	lr: 3.778e-07, eta: 9:42:26, time: 0.377, data_time: 0.015, memory: 23314, loss_cls: 0.4219, loss_bbox: 0.4279, loss_kps: 0.0000, loss: 0.8498, grad_norm: 6.5477
2026-09-30 06:24:23,782 - mmdet - INFO - Epoch [11][450/4741]	lr: 3.778e-07, eta: 9:42:08, time: 0.376, data_time: 0.014, memory: 23314, loss_cls: 0.4221, loss_bbox: 0.4347, loss_kps: 0.0000, loss: 0.8568, grad_norm: 6.7653
2026-09-30 06:24:42,372 - mmdet - INFO - Epoch [11][500/4741]	lr: 3.778e-07, eta: 9:41:50, time: 0.373, data_time: 0.015, memory: 23314, loss_cls: 0.4227, loss_bbox: 0.4379, loss_kps: 0.0000, loss: 0.8606, grad_norm: 7.3408
2026-09-30 06:25:01,000 - mmdet - INFO - Epoch [11][550/4741]	lr: 3.778e-07, eta: 9:41:31, time: 0.372, data_time: 0.014, memory: 23314, loss_cls: 0.4329, loss_bbox: 0.4317, loss_kps: 0.0000, loss: 0.8645, grad_norm: 7.1807
2026-09-30 06:25:19,435 - mmdet - INFO - Epoch [11][600/4741]	lr: 3.778e-07, eta: 9:41:13, time: 0.370, data_time: 0.016, memory: 23314, loss_cls: 0.4349, loss_bbox: 0.4384, loss_kps: 0.0000, loss: 0.8733, grad_norm: 7.2014
2026-09-30 06:25:37,901 - mmdet - INFO - Epoch [11][650/4741]	lr: 3.778e-07, eta: 9:40:54, time: 0.368, data_time: 0.014, memory: 23314, loss_cls: 0.4233, loss_bbox: 0.4349, loss_kps: 0.0000, loss: 0.8582, grad_norm: 7.2328
2026-09-30 06:25:56,594 - mmdet - INFO - Epoch [11][700/4741]	lr: 3.778e-07, eta: 9:40:36, time: 0.375, data_time: 0.015, memory: 23314, loss_cls: 0.4165, loss_bbox: 0.4358, loss_kps: 0.0000, loss: 0.8523, grad_norm: 6.8898
2026-09-30 06:26:14,914 - mmdet - INFO - Epoch [11][750/4741]	lr: 3.778e-07, eta: 9:40:17, time: 0.366, data_time: 0.014, memory: 23314, loss_cls: 0.4416, loss_bbox: 0.4365, loss_kps: 0.0000, loss: 0.8781, grad_norm: 7.0708
2026-09-30 06:26:33,483 - mmdet - INFO - Epoch [11][800/4741]	lr: 3.778e-07, eta: 9:39:59, time: 0.372, data_time: 0.016, memory: 23314, loss_cls: 0.4405, loss_bbox: 0.4414, loss_kps: 0.0000, loss: 0.8819, grad_norm: 7.1069
2026-09-30 06:26:51,950 - mmdet - INFO - Epoch [11][850/4741]	lr: 3.778e-07, eta: 9:39:40, time: 0.369, data_time: 0.015, memory: 23314, loss_cls: 0.4332, loss_bbox: 0.4258, loss_kps: 0.0000, loss: 0.8589, grad_norm: 6.8424
2026-09-30 06:27:10,196 - mmdet - INFO - Epoch [11][900/4741]	lr: 3.778e-07, eta: 9:39:21, time: 0.364, data_time: 0.014, memory: 23314, loss_cls: 0.4259, loss_bbox: 0.4330, loss_kps: 0.0000, loss: 0.8589, grad_norm: 7.1542
2026-09-30 06:27:28,728 - mmdet - INFO - Epoch [11][950/4741]	lr: 3.778e-07, eta: 9:39:02, time: 0.370, data_time: 0.014, memory: 23314, loss_cls: 0.4544, loss_bbox: 0.4588, loss_kps: 0.0000, loss: 0.9132, grad_norm: 6.9752
2026-09-30 06:27:47,184 - mmdet - INFO - Epoch [11][1000/4741]	lr: 3.778e-07, eta: 9:38:44, time: 0.369, data_time: 0.016, memory: 23314, loss_cls: 0.4341, loss_bbox: 0.4407, loss_kps: 0.0000, loss: 0.8748, grad_norm: 6.8696
2026-09-30 06:28:05,343 - mmdet - INFO - Epoch [11][1050/4741]	lr: 3.778e-07, eta: 9:38:25, time: 0.364, data_time: 0.015, memory: 23314, loss_cls: 0.4216, loss_bbox: 0.4200, loss_kps: 0.0000, loss: 0.8416, grad_norm: 6.6464
2026-09-30 06:28:23,576 - mmdet - INFO - Epoch [11][1100/4741]	lr: 3.778e-07, eta: 9:38:06, time: 0.365, data_time: 0.015, memory: 23314, loss_cls: 0.4371, loss_bbox: 0.4467, loss_kps: 0.0000, loss: 0.8839, grad_norm: 7.0606
2026-09-30 06:28:41,600 - mmdet - INFO - Epoch [11][1150/4741]	lr: 3.778e-07, eta: 9:37:46, time: 0.360, data_time: 0.016, memory: 23314, loss_cls: 0.4465, loss_bbox: 0.4499, loss_kps: 0.0000, loss: 0.8965, grad_norm: 6.8960
2026-09-30 06:28:59,560 - mmdet - INFO - Epoch [11][1200/4741]	lr: 3.778e-07, eta: 9:37:27, time: 0.360, data_time: 0.014, memory: 23314, loss_cls: 0.4437, loss_bbox: 0.4434, loss_kps: 0.0000, loss: 0.8871, grad_norm: 7.0271
2026-09-30 06:29:17,416 - mmdet - INFO - Epoch [11][1250/4741]	lr: 3.778e-07, eta: 9:37:07, time: 0.356, data_time: 0.013, memory: 23314, loss_cls: 0.4478, loss_bbox: 0.4537, loss_kps: 0.0000, loss: 0.9015, grad_norm: 7.3868
2026-09-30 06:29:35,328 - mmdet - INFO - Epoch [11][1300/4741]	lr: 3.778e-07, eta: 9:36:47, time: 0.358, data_time: 0.013, memory: 23314, loss_cls: 0.4320, loss_bbox: 0.4398, loss_kps: 0.0000, loss: 0.8719, grad_norm: 7.0892
2026-09-30 06:29:53,071 - mmdet - INFO - Epoch [11][1350/4741]	lr: 3.778e-07, eta: 9:36:27, time: 0.356, data_time: 0.014, memory: 23314, loss_cls: 0.4367, loss_bbox: 0.4373, loss_kps: 0.0000, loss: 0.8740, grad_norm: 7.0908
2026-09-30 06:30:10,968 - mmdet - INFO - Epoch [11][1400/4741]	lr: 3.778e-07, eta: 9:36:08, time: 0.357, data_time: 0.013, memory: 23314, loss_cls: 0.4366, loss_bbox: 0.4438, loss_kps: 0.0000, loss: 0.8804, grad_norm: 6.7283
2026-09-30 06:30:28,733 - mmdet - INFO - Epoch [11][1450/4741]	lr: 3.778e-07, eta: 9:35:48, time: 0.356, data_time: 0.014, memory: 23314, loss_cls: 0.4281, loss_bbox: 0.4380, loss_kps: 0.0000, loss: 0.8661, grad_norm: 6.8750
2026-09-30 06:30:47,330 - mmdet - INFO - Epoch [11][1500/4741]	lr: 3.778e-07, eta: 9:35:30, time: 0.372, data_time: 0.012, memory: 23314, loss_cls: 0.4260, loss_bbox: 0.4291, loss_kps: 0.0000, loss: 0.8552, grad_norm: 6.6657
2026-09-30 06:31:05,641 - mmdet - INFO - Epoch [11][1550/4741]	lr: 3.778e-07, eta: 9:35:11, time: 0.365, data_time: 0.012, memory: 23314, loss_cls: 0.4368, loss_bbox: 0.4374, loss_kps: 0.0000, loss: 0.8742, grad_norm: 7.0248
2026-09-30 06:31:23,546 - mmdet - INFO - Epoch [11][1600/4741]	lr: 3.778e-07, eta: 9:34:51, time: 0.358, data_time: 0.013, memory: 23314, loss_cls: 0.4340, loss_bbox: 0.4369, loss_kps: 0.0000, loss: 0.8709, grad_norm: 7.1910
2026-09-30 06:31:41,255 - mmdet - INFO - Epoch [11][1650/4741]	lr: 3.778e-07, eta: 9:34:31, time: 0.354, data_time: 0.013, memory: 23314, loss_cls: 0.4189, loss_bbox: 0.4266, loss_kps: 0.0000, loss: 0.8455, grad_norm: 6.5774
2026-09-30 06:31:58,934 - mmdet - INFO - Epoch [11][1700/4741]	lr: 3.778e-07, eta: 9:34:11, time: 0.354, data_time: 0.013, memory: 23314, loss_cls: 0.4443, loss_bbox: 0.4353, loss_kps: 0.0000, loss: 0.8796, grad_norm: 6.9103
2026-09-30 06:32:16,387 - mmdet - INFO - Epoch [11][1750/4741]	lr: 3.778e-07, eta: 9:33:50, time: 0.349, data_time: 0.013, memory: 23314, loss_cls: 0.4382, loss_bbox: 0.4429, loss_kps: 0.0000, loss: 0.8811, grad_norm: 7.1105
2026-09-30 06:32:33,806 - mmdet - INFO - Epoch [11][1800/4741]	lr: 3.778e-07, eta: 9:33:30, time: 0.349, data_time: 0.015, memory: 23314, loss_cls: 0.4304, loss_bbox: 0.4446, loss_kps: 0.0000, loss: 0.8750, grad_norm: 6.9808
2026-09-30 06:32:51,250 - mmdet - INFO - Epoch [11][1850/4741]	lr: 3.778e-07, eta: 9:33:09, time: 0.348, data_time: 0.014, memory: 23314, loss_cls: 0.4333, loss_bbox: 0.4404, loss_kps: 0.0000, loss: 0.8737, grad_norm: 6.7825
2026-09-30 06:33:08,657 - mmdet - INFO - Epoch [11][1900/4741]	lr: 3.778e-07, eta: 9:32:49, time: 0.348, data_time: 0.014, memory: 23314, loss_cls: 0.4333, loss_bbox: 0.4399, loss_kps: 0.0000, loss: 0.8732, grad_norm: 6.8873
2026-09-30 06:33:26,999 - mmdet - INFO - Epoch [11][1950/4741]	lr: 3.778e-07, eta: 9:32:30, time: 0.367, data_time: 0.014, memory: 23314, loss_cls: 0.4498, loss_bbox: 0.4290, loss_kps: 0.0000, loss: 0.8788, grad_norm: 7.3972
2026-09-30 06:33:44,513 - mmdet - INFO - Epoch [11][2000/4741]	lr: 3.778e-07, eta: 9:32:10, time: 0.350, data_time: 0.014, memory: 23314, loss_cls: 0.4395, loss_bbox: 0.4378, loss_kps: 0.0000, loss: 0.8773, grad_norm: 7.0836
2026-09-30 06:34:02,015 - mmdet - INFO - Epoch [11][2050/4741]	lr: 3.778e-07, eta: 9:31:49, time: 0.351, data_time: 0.014, memory: 23314, loss_cls: 0.4226, loss_bbox: 0.4413, loss_kps: 0.0000, loss: 0.8638, grad_norm: 7.1516
2026-09-30 06:34:19,470 - mmdet - INFO - Epoch [11][2100/4741]	lr: 3.778e-07, eta: 9:31:29, time: 0.349, data_time: 0.013, memory: 23314, loss_cls: 0.4340, loss_bbox: 0.4423, loss_kps: 0.0000, loss: 0.8763, grad_norm: 7.1272
2026-09-30 06:34:36,920 - mmdet - INFO - Epoch [11][2150/4741]	lr: 3.778e-07, eta: 9:31:09, time: 0.349, data_time: 0.013, memory: 23314, loss_cls: 0.4288, loss_bbox: 0.4425, loss_kps: 0.0000, loss: 0.8712, grad_norm: 6.8091
2026-09-30 06:34:54,354 - mmdet - INFO - Epoch [11][2200/4741]	lr: 3.778e-07, eta: 9:30:48, time: 0.348, data_time: 0.013, memory: 23314, loss_cls: 0.4243, loss_bbox: 0.4376, loss_kps: 0.0000, loss: 0.8619, grad_norm: 6.8276
2026-09-30 06:35:11,844 - mmdet - INFO - Epoch [11][2250/4741]	lr: 3.778e-07, eta: 9:30:28, time: 0.350, data_time: 0.015, memory: 23314, loss_cls: 0.4458, loss_bbox: 0.4472, loss_kps: 0.0000, loss: 0.8929, grad_norm: 7.1904
2026-09-30 06:35:29,473 - mmdet - INFO - Epoch [11][2300/4741]	lr: 3.778e-07, eta: 9:30:08, time: 0.352, data_time: 0.012, memory: 23314, loss_cls: 0.4204, loss_bbox: 0.4373, loss_kps: 0.0000, loss: 0.8576, grad_norm: 6.6714
2026-09-30 06:35:46,922 - mmdet - INFO - Epoch [11][2350/4741]	lr: 3.778e-07, eta: 9:29:47, time: 0.350, data_time: 0.013, memory: 23314, loss_cls: 0.4457, loss_bbox: 0.4470, loss_kps: 0.0000, loss: 0.8928, grad_norm: 7.0837
2026-09-30 06:36:04,345 - mmdet - INFO - Epoch [11][2400/4741]	lr: 3.778e-07, eta: 9:29:27, time: 0.348, data_time: 0.012, memory: 23314, loss_cls: 0.4328, loss_bbox: 0.4361, loss_kps: 0.0000, loss: 0.8689, grad_norm: 6.6889
2026-09-30 06:36:21,985 - mmdet - INFO - Epoch [11][2450/4741]	lr: 3.778e-07, eta: 9:29:07, time: 0.354, data_time: 0.013, memory: 23314, loss_cls: 0.4597, loss_bbox: 0.4531, loss_kps: 0.0000, loss: 0.9128, grad_norm: 6.7781
2026-09-30 06:36:39,828 - mmdet - INFO - Epoch [11][2500/4741]	lr: 3.778e-07, eta: 9:28:46, time: 0.349, data_time: 0.012, memory: 23314, loss_cls: 0.4216, loss_bbox: 0.4344, loss_kps: 0.0000, loss: 0.8560, grad_norm: 7.0537
2026-09-30 06:36:57,129 - mmdet - INFO - Epoch [11][2550/4741]	lr: 3.778e-07, eta: 9:28:26, time: 0.353, data_time: 0.021, memory: 23314, loss_cls: 0.4307, loss_bbox: 0.4378, loss_kps: 0.0000, loss: 0.8686, grad_norm: 7.4346
2026-09-30 06:37:14,640 - mmdet - INFO - Epoch [11][2600/4741]	lr: 3.778e-07, eta: 9:28:06, time: 0.351, data_time: 0.013, memory: 23314, loss_cls: 0.4433, loss_bbox: 0.4496, loss_kps: 0.0000, loss: 0.8928, grad_norm: 7.4070
2026-09-30 06:37:32,145 - mmdet - INFO - Epoch [11][2650/4741]	lr: 3.778e-07, eta: 9:27:46, time: 0.351, data_time: 0.013, memory: 23314, loss_cls: 0.4260, loss_bbox: 0.4274, loss_kps: 0.0000, loss: 0.8534, grad_norm: 6.7219
2026-09-30 06:37:49,962 - mmdet - INFO - Epoch [11][2700/4741]	lr: 3.778e-07, eta: 9:27:26, time: 0.357, data_time: 0.015, memory: 23314, loss_cls: 0.4276, loss_bbox: 0.4289, loss_kps: 0.0000, loss: 0.8565, grad_norm: 7.2584
2026-09-30 06:38:07,366 - mmdet - INFO - Epoch [11][2750/4741]	lr: 3.778e-07, eta: 9:27:06, time: 0.347, data_time: 0.012, memory: 23314, loss_cls: 0.4389, loss_bbox: 0.4352, loss_kps: 0.0000, loss: 0.8741, grad_norm: 7.3574
2026-09-30 06:38:25,672 - mmdet - INFO - Epoch [11][2800/4741]	lr: 3.778e-07, eta: 9:26:47, time: 0.366, data_time: 0.014, memory: 23314, loss_cls: 0.4293, loss_bbox: 0.4467, loss_kps: 0.0000, loss: 0.8761, grad_norm: 6.9958
2026-09-30 06:38:43,395 - mmdet - INFO - Epoch [11][2850/4741]	lr: 3.778e-07, eta: 9:26:27, time: 0.355, data_time: 0.014, memory: 23314, loss_cls: 0.4170, loss_bbox: 0.4415, loss_kps: 0.0000, loss: 0.8585, grad_norm: 6.6353
2026-09-30 06:39:01,432 - mmdet - INFO - Epoch [11][2900/4741]	lr: 3.778e-07, eta: 9:26:08, time: 0.362, data_time: 0.015, memory: 23314, loss_cls: 0.4595, loss_bbox: 0.4544, loss_kps: 0.0000, loss: 0.9139, grad_norm: 7.0732
2026-09-30 06:39:19,080 - mmdet - INFO - Epoch [11][2950/4741]	lr: 3.778e-07, eta: 9:25:48, time: 0.352, data_time: 0.013, memory: 23314, loss_cls: 0.4191, loss_bbox: 0.4307, loss_kps: 0.0000, loss: 0.8497, grad_norm: 6.3540
2026-09-30 06:39:36,518 - mmdet - INFO - Epoch [11][3000/4741]	lr: 3.778e-07, eta: 9:25:27, time: 0.349, data_time: 0.013, memory: 23314, loss_cls: 0.4295, loss_bbox: 0.4348, loss_kps: 0.0000, loss: 0.8642, grad_norm: 6.8410
2026-09-30 06:39:54,295 - mmdet - INFO - Epoch [11][3050/4741]	lr: 3.778e-07, eta: 9:25:08, time: 0.356, data_time: 0.013, memory: 23314, loss_cls: 0.4357, loss_bbox: 0.4413, loss_kps: 0.0000, loss: 0.8769, grad_norm: 6.6466
2026-09-30 06:40:12,240 - mmdet - INFO - Epoch [11][3100/4741]	lr: 3.778e-07, eta: 9:24:48, time: 0.358, data_time: 0.013, memory: 23314, loss_cls: 0.4354, loss_bbox: 0.4451, loss_kps: 0.0000, loss: 0.8805, grad_norm: 6.8488
2026-09-30 06:40:34,131 - mmdet - INFO - Epoch [11][3150/4741]	lr: 3.778e-07, eta: 9:24:36, time: 0.438, data_time: 0.018, memory: 23314, loss_cls: 0.4435, loss_bbox: 0.4403, loss_kps: 0.0000, loss: 0.8839, grad_norm: 6.6560
2026-09-30 06:40:56,183 - mmdet - INFO - Epoch [11][3200/4741]	lr: 3.778e-07, eta: 9:24:24, time: 0.441, data_time: 0.019, memory: 23314, loss_cls: 0.4365, loss_bbox: 0.4374, loss_kps: 0.0000, loss: 0.8739, grad_norm: 6.8500
2026-09-30 06:41:18,999 - mmdet - INFO - Epoch [11][3250/4741]	lr: 3.778e-07, eta: 9:24:13, time: 0.456, data_time: 0.017, memory: 23314, loss_cls: 0.4418, loss_bbox: 0.4347, loss_kps: 0.0000, loss: 0.8765, grad_norm: 7.5285
2026-09-30 06:41:41,799 - mmdet - INFO - Epoch [11][3300/4741]	lr: 3.778e-07, eta: 9:24:03, time: 0.457, data_time: 0.016, memory: 23314, loss_cls: 0.4362, loss_bbox: 0.4519, loss_kps: 0.0000, loss: 0.8881, grad_norm: 7.0411
2026-09-30 06:42:04,292 - mmdet - INFO - Epoch [11][3350/4741]	lr: 3.778e-07, eta: 9:23:51, time: 0.449, data_time: 0.014, memory: 23314, loss_cls: 0.4480, loss_bbox: 0.4561, loss_kps: 0.0000, loss: 0.9040, grad_norm: 7.0913
2026-09-30 06:42:26,564 - mmdet - INFO - Epoch [11][3400/4741]	lr: 3.778e-07, eta: 9:23:40, time: 0.446, data_time: 0.015, memory: 23314, loss_cls: 0.4160, loss_bbox: 0.4315, loss_kps: 0.0000, loss: 0.8475, grad_norm: 7.2728
2026-09-30 06:42:48,704 - mmdet - INFO - Epoch [11][3450/4741]	lr: 3.778e-07, eta: 9:23:28, time: 0.444, data_time: 0.016, memory: 23314, loss_cls: 0.4227, loss_bbox: 0.4296, loss_kps: 0.0000, loss: 0.8523, grad_norm: 6.8186
2026-09-30 06:43:10,982 - mmdet - INFO - Epoch [11][3500/4741]	lr: 3.778e-07, eta: 9:23:16, time: 0.445, data_time: 0.014, memory: 23314, loss_cls: 0.4293, loss_bbox: 0.4390, loss_kps: 0.0000, loss: 0.8683, grad_norm: 6.9300
2026-09-30 06:43:33,151 - mmdet - INFO - Epoch [11][3550/4741]	lr: 3.778e-07, eta: 9:23:04, time: 0.444, data_time: 0.015, memory: 23314, loss_cls: 0.4397, loss_bbox: 0.4290, loss_kps: 0.0000, loss: 0.8687, grad_norm: 7.0033
2026-09-30 06:43:55,771 - mmdet - INFO - Epoch [11][3600/4741]	lr: 3.778e-07, eta: 9:22:53, time: 0.451, data_time: 0.014, memory: 23314, loss_cls: 0.4367, loss_bbox: 0.4303, loss_kps: 0.0000, loss: 0.8670, grad_norm: 6.8525
2026-09-30 06:44:17,880 - mmdet - INFO - Epoch [11][3650/4741]	lr: 3.778e-07, eta: 9:22:41, time: 0.442, data_time: 0.016, memory: 23314, loss_cls: 0.4415, loss_bbox: 0.4441, loss_kps: 0.0000, loss: 0.8856, grad_norm: 6.8683
2026-09-30 06:44:40,116 - mmdet - INFO - Epoch [11][3700/4741]	lr: 3.778e-07, eta: 9:22:29, time: 0.445, data_time: 0.017, memory: 23314, loss_cls: 0.4312, loss_bbox: 0.4360, loss_kps: 0.0000, loss: 0.8672, grad_norm: 6.6185
2026-09-30 06:45:02,335 - mmdet - INFO - Epoch [11][3750/4741]	lr: 3.778e-07, eta: 9:22:17, time: 0.444, data_time: 0.016, memory: 23314, loss_cls: 0.4484, loss_bbox: 0.4445, loss_kps: 0.0000, loss: 0.8929, grad_norm: 6.9227
2026-09-30 06:45:25,156 - mmdet - INFO - Epoch [11][3800/4741]	lr: 3.778e-07, eta: 9:22:06, time: 0.456, data_time: 0.016, memory: 23314, loss_cls: 0.4533, loss_bbox: 0.4475, loss_kps: 0.0000, loss: 0.9007, grad_norm: 6.8338
2026-09-30 06:45:47,394 - mmdet - INFO - Epoch [11][3850/4741]	lr: 3.778e-07, eta: 9:21:54, time: 0.445, data_time: 0.016, memory: 23314, loss_cls: 0.4229, loss_bbox: 0.4385, loss_kps: 0.0000, loss: 0.8614, grad_norm: 7.1078
2026-09-30 06:46:10,239 - mmdet - INFO - Epoch [11][3900/4741]	lr: 3.778e-07, eta: 9:21:43, time: 0.457, data_time: 0.016, memory: 23314, loss_cls: 0.4241, loss_bbox: 0.4338, loss_kps: 0.0000, loss: 0.8580, grad_norm: 6.9362
2026-09-30 06:46:32,710 - mmdet - INFO - Epoch [11][3950/4741]	lr: 3.778e-07, eta: 9:21:32, time: 0.450, data_time: 0.015, memory: 23314, loss_cls: 0.4436, loss_bbox: 0.4319, loss_kps: 0.0000, loss: 0.8755, grad_norm: 6.9825
2026-09-30 06:46:55,042 - mmdet - INFO - Epoch [11][4000/4741]	lr: 3.778e-07, eta: 9:21:20, time: 0.446, data_time: 0.016, memory: 23314, loss_cls: 0.4467, loss_bbox: 0.4419, loss_kps: 0.0000, loss: 0.8886, grad_norm: 7.2440
2026-09-30 06:47:18,042 - mmdet - INFO - Epoch [11][4050/4741]	lr: 3.778e-07, eta: 9:21:09, time: 0.460, data_time: 0.016, memory: 23314, loss_cls: 0.4158, loss_bbox: 0.4300, loss_kps: 0.0000, loss: 0.8458, grad_norm: 7.2152
2026-09-30 06:47:40,761 - mmdet - INFO - Epoch [11][4100/4741]	lr: 3.778e-07, eta: 9:20:58, time: 0.455, data_time: 0.016, memory: 23314, loss_cls: 0.4347, loss_bbox: 0.4336, loss_kps: 0.0000, loss: 0.8683, grad_norm: 7.0228
2026-09-30 06:48:02,729 - mmdet - INFO - Epoch [11][4150/4741]	lr: 3.778e-07, eta: 9:20:45, time: 0.439, data_time: 0.017, memory: 23314, loss_cls: 0.4357, loss_bbox: 0.4392, loss_kps: 0.0000, loss: 0.8749, grad_norm: 7.0489
2026-09-30 06:48:24,822 - mmdet - INFO - Epoch [11][4200/4741]	lr: 3.778e-07, eta: 9:20:33, time: 0.441, data_time: 0.017, memory: 23314, loss_cls: 0.4452, loss_bbox: 0.4400, loss_kps: 0.0000, loss: 0.8852, grad_norm: 7.0380
2026-09-30 06:48:47,074 - mmdet - INFO - Epoch [11][4250/4741]	lr: 3.778e-07, eta: 9:20:21, time: 0.446, data_time: 0.018, memory: 23314, loss_cls: 0.4418, loss_bbox: 0.4435, loss_kps: 0.0000, loss: 0.8853, grad_norm: 7.0331
2026-09-30 06:49:08,879 - mmdet - INFO - Epoch [11][4300/4741]	lr: 3.778e-07, eta: 9:20:08, time: 0.436, data_time: 0.015, memory: 23314, loss_cls: 0.4192, loss_bbox: 0.4243, loss_kps: 0.0000, loss: 0.8435, grad_norm: 6.8409
2026-09-30 06:49:30,912 - mmdet - INFO - Epoch [11][4350/4741]	lr: 3.778e-07, eta: 9:19:56, time: 0.440, data_time: 0.016, memory: 23314, loss_cls: 0.4243, loss_bbox: 0.4450, loss_kps: 0.0000, loss: 0.8693, grad_norm: 6.8820
2026-09-30 06:49:52,868 - mmdet - INFO - Epoch [11][4400/4741]	lr: 3.778e-07, eta: 9:19:43, time: 0.440, data_time: 0.019, memory: 23314, loss_cls: 0.4377, loss_bbox: 0.4424, loss_kps: 0.0000, loss: 0.8801, grad_norm: 7.1139
2026-09-30 06:50:14,971 - mmdet - INFO - Epoch [11][4450/4741]	lr: 3.778e-07, eta: 9:19:30, time: 0.441, data_time: 0.015, memory: 23314, loss_cls: 0.4257, loss_bbox: 0.4213, loss_kps: 0.0000, loss: 0.8470, grad_norm: 6.9879
2026-09-30 06:50:38,095 - mmdet - INFO - Epoch [11][4500/4741]	lr: 3.778e-07, eta: 9:19:20, time: 0.463, data_time: 0.017, memory: 23314, loss_cls: 0.4400, loss_bbox: 0.4436, loss_kps: 0.0000, loss: 0.8836, grad_norm: 7.0185
2026-09-30 06:51:00,217 - mmdet - INFO - Epoch [11][4550/4741]	lr: 3.778e-07, eta: 9:19:07, time: 0.442, data_time: 0.016, memory: 23314, loss_cls: 0.4304, loss_bbox: 0.4464, loss_kps: 0.0000, loss: 0.8767, grad_norm: 6.9383
2026-09-30 06:51:22,282 - mmdet - INFO - Epoch [11][4600/4741]	lr: 3.778e-07, eta: 9:18:55, time: 0.442, data_time: 0.017, memory: 23314, loss_cls: 0.4542, loss_bbox: 0.4391, loss_kps: 0.0000, loss: 0.8933, grad_norm: 6.6720
2026-09-30 06:51:44,095 - mmdet - INFO - Epoch [11][4650/4741]	lr: 3.778e-07, eta: 9:18:42, time: 0.436, data_time: 0.019, memory: 23314, loss_cls: 0.4263, loss_bbox: 0.4200, loss_kps: 0.0000, loss: 0.8463, grad_norm: 6.8373
2026-09-30 06:52:06,159 - mmdet - INFO - Epoch [11][4700/4741]	lr: 3.778e-07, eta: 9:18:29, time: 0.440, data_time: 0.014, memory: 23314, loss_cls: 0.4330, loss_bbox: 0.4346, loss_kps: 0.0000, loss: 0.8676, grad_norm: 7.0362
2026-09-30 06:52:19,362 - mmdet - INFO - Saving checkpoint at 11 epochs
2026-09-30 06:53:03,885 - mmdet - INFO - Epoch [12][50/4741]	lr: 3.778e-07, eta: 9:17:42, time: 0.527, data_time: 0.105, memory: 23314, loss_cls: 0.4262, loss_bbox: 0.4284, loss_kps: 0.0000, loss: 0.8547, grad_norm: 6.8338
2026-09-30 06:53:25,954 - mmdet - INFO - Epoch [12][100/4741]	lr: 3.778e-07, eta: 9:17:30, time: 0.442, data_time: 0.019, memory: 23314, loss_cls: 0.4550, loss_bbox: 0.4396, loss_kps: 0.0000, loss: 0.8945, grad_norm: 7.1766
2026-09-30 06:53:47,906 - mmdet - INFO - Epoch [12][150/4741]	lr: 3.778e-07, eta: 9:17:17, time: 0.439, data_time: 0.016, memory: 23314, loss_cls: 0.4443, loss_bbox: 0.4367, loss_kps: 0.0000, loss: 0.8811, grad_norm: 6.8289
2026-09-30 06:54:09,908 - mmdet - INFO - Epoch [12][200/4741]	lr: 3.778e-07, eta: 9:17:04, time: 0.439, data_time: 0.018, memory: 23314, loss_cls: 0.4386, loss_bbox: 0.4487, loss_kps: 0.0000, loss: 0.8872, grad_norm: 7.1375
2026-09-30 06:54:31,793 - mmdet - INFO - Epoch [12][250/4741]	lr: 3.778e-07, eta: 9:16:51, time: 0.438, data_time: 0.019, memory: 23314, loss_cls: 0.4140, loss_bbox: 0.4239, loss_kps: 0.0000, loss: 0.8379, grad_norm: 6.9442
2026-09-30 06:54:54,500 - mmdet - INFO - Epoch [12][300/4741]	lr: 3.778e-07, eta: 9:16:40, time: 0.453, data_time: 0.017, memory: 23314, loss_cls: 0.4284, loss_bbox: 0.4369, loss_kps: 0.0000, loss: 0.8653, grad_norm: 6.9918
2026-09-30 06:55:16,298 - mmdet - INFO - Epoch [12][350/4741]	lr: 3.778e-07, eta: 9:16:27, time: 0.437, data_time: 0.019, memory: 23314, loss_cls: 0.4320, loss_bbox: 0.4408, loss_kps: 0.0000, loss: 0.8728, grad_norm: 7.2256
2026-09-30 06:55:36,995 - mmdet - INFO - Epoch [12][400/4741]	lr: 3.778e-07, eta: 9:16:12, time: 0.415, data_time: 0.017, memory: 23314, loss_cls: 0.4289, loss_bbox: 0.4391, loss_kps: 0.0000, loss: 0.8680, grad_norm: 6.9457
2026-09-30 06:55:55,305 - mmdet - INFO - Epoch [12][450/4741]	lr: 3.778e-07, eta: 9:15:53, time: 0.365, data_time: 0.012, memory: 23314, loss_cls: 0.4170, loss_bbox: 0.4394, loss_kps: 0.0000, loss: 0.8564, grad_norm: 7.1049
2026-09-30 06:56:13,305 - mmdet - INFO - Epoch [12][500/4741]	lr: 3.778e-07, eta: 9:15:33, time: 0.361, data_time: 0.013, memory: 23314, loss_cls: 0.4259, loss_bbox: 0.4402, loss_kps: 0.0000, loss: 0.8661, grad_norm: 7.1370
2026-09-30 06:56:30,709 - mmdet - INFO - Epoch [12][550/4741]	lr: 3.778e-07, eta: 9:15:12, time: 0.348, data_time: 0.013, memory: 23314, loss_cls: 0.4296, loss_bbox: 0.4404, loss_kps: 0.0000, loss: 0.8700, grad_norm: 6.9089
2026-09-30 06:56:49,045 - mmdet - INFO - Epoch [12][600/4741]	lr: 3.778e-07, eta: 9:14:53, time: 0.367, data_time: 0.012, memory: 23314, loss_cls: 0.4457, loss_bbox: 0.4425, loss_kps: 0.0000, loss: 0.8883, grad_norm: 7.1321
2026-09-30 06:57:06,994 - mmdet - INFO - Epoch [12][650/4741]	lr: 3.778e-07, eta: 9:14:33, time: 0.358, data_time: 0.012, memory: 23314, loss_cls: 0.4290, loss_bbox: 0.4121, loss_kps: 0.0000, loss: 0.8411, grad_norm: 6.4140
2026-09-30 06:57:25,352 - mmdet - INFO - Epoch [12][700/4741]	lr: 3.778e-07, eta: 9:14:14, time: 0.368, data_time: 0.015, memory: 23314, loss_cls: 0.4301, loss_bbox: 0.4317, loss_kps: 0.0000, loss: 0.8618, grad_norm: 7.0482
2026-09-30 06:57:44,264 - mmdet - INFO - Epoch [12][750/4741]	lr: 3.778e-07, eta: 9:13:56, time: 0.378, data_time: 0.013, memory: 23314, loss_cls: 0.4237, loss_bbox: 0.4352, loss_kps: 0.0000, loss: 0.8589, grad_norm: 7.3222
2026-09-30 06:58:02,669 - mmdet - INFO - Epoch [12][800/4741]	lr: 3.778e-07, eta: 9:13:37, time: 0.368, data_time: 0.015, memory: 23314, loss_cls: 0.4188, loss_bbox: 0.4259, loss_kps: 0.0000, loss: 0.8447, grad_norm: 7.1537
2026-09-30 06:58:21,392 - mmdet - INFO - Epoch [12][850/4741]	lr: 3.778e-07, eta: 9:13:19, time: 0.374, data_time: 0.015, memory: 23314, loss_cls: 0.4299, loss_bbox: 0.4264, loss_kps: 0.0000, loss: 0.8564, grad_norm: 6.9683
2026-09-30 06:58:39,934 - mmdet - INFO - Epoch [12][900/4741]	lr: 3.778e-07, eta: 9:13:00, time: 0.371, data_time: 0.016, memory: 23314, loss_cls: 0.4359, loss_bbox: 0.4405, loss_kps: 0.0000, loss: 0.8765, grad_norm: 7.0485
2026-09-30 06:58:58,289 - mmdet - INFO - Epoch [12][950/4741]	lr: 3.778e-07, eta: 9:12:41, time: 0.367, data_time: 0.015, memory: 23314, loss_cls: 0.4319, loss_bbox: 0.4404, loss_kps: 0.0000, loss: 0.8723, grad_norm: 6.6110
2026-09-30 06:59:17,181 - mmdet - INFO - Epoch [12][1000/4741]	lr: 3.778e-07, eta: 9:12:23, time: 0.378, data_time: 0.016, memory: 23314, loss_cls: 0.4192, loss_bbox: 0.4227, loss_kps: 0.0000, loss: 0.8419, grad_norm: 6.7994
2026-09-30 06:59:35,491 - mmdet - INFO - Epoch [12][1050/4741]	lr: 3.778e-07, eta: 9:12:04, time: 0.367, data_time: 0.015, memory: 23314, loss_cls: 0.4252, loss_bbox: 0.4264, loss_kps: 0.0000, loss: 0.8516, grad_norm: 6.5582
2026-09-30 06:59:53,875 - mmdet - INFO - Epoch [12][1100/4741]	lr: 3.778e-07, eta: 9:11:45, time: 0.368, data_time: 0.013, memory: 23314, loss_cls: 0.4393, loss_bbox: 0.4444, loss_kps: 0.0000, loss: 0.8838, grad_norm: 6.5113
2026-09-30 07:00:12,372 - mmdet - INFO - Epoch [12][1150/4741]	lr: 3.778e-07, eta: 9:11:26, time: 0.370, data_time: 0.014, memory: 23314, loss_cls: 0.4440, loss_bbox: 0.4386, loss_kps: 0.0000, loss: 0.8825, grad_norm: 7.0219
2026-09-30 07:00:30,922 - mmdet - INFO - Epoch [12][1200/4741]	lr: 3.778e-07, eta: 9:11:08, time: 0.370, data_time: 0.014, memory: 23314, loss_cls: 0.4327, loss_bbox: 0.4427, loss_kps: 0.0000, loss: 0.8754, grad_norm: 7.1611
2026-09-30 07:00:49,277 - mmdet - INFO - Epoch [12][1250/4741]	lr: 3.778e-07, eta: 9:10:49, time: 0.368, data_time: 0.016, memory: 23314, loss_cls: 0.4302, loss_bbox: 0.4461, loss_kps: 0.0000, loss: 0.8762, grad_norm: 7.5334
2026-09-30 07:01:07,877 - mmdet - INFO - Epoch [12][1300/4741]	lr: 3.778e-07, eta: 9:10:30, time: 0.372, data_time: 0.014, memory: 23314, loss_cls: 0.4293, loss_bbox: 0.4466, loss_kps: 0.0000, loss: 0.8758, grad_norm: 6.9719
2026-09-30 07:01:26,621 - mmdet - INFO - Epoch [12][1350/4741]	lr: 3.778e-07, eta: 9:10:12, time: 0.374, data_time: 0.016, memory: 23314, loss_cls: 0.4175, loss_bbox: 0.4241, loss_kps: 0.0000, loss: 0.8416, grad_norm: 6.8488
2026-09-30 07:01:45,438 - mmdet - INFO - Epoch [12][1400/4741]	lr: 3.778e-07, eta: 9:09:53, time: 0.377, data_time: 0.016, memory: 23314, loss_cls: 0.4463, loss_bbox: 0.4502, loss_kps: 0.0000, loss: 0.8964, grad_norm: 6.9444
2026-09-30 07:02:04,270 - mmdet - INFO - Epoch [12][1450/4741]	lr: 3.778e-07, eta: 9:09:35, time: 0.376, data_time: 0.015, memory: 23314, loss_cls: 0.4334, loss_bbox: 0.4419, loss_kps: 0.0000, loss: 0.8752, grad_norm: 6.7639
2026-09-30 07:02:22,864 - mmdet - INFO - Epoch [12][1500/4741]	lr: 3.778e-07, eta: 9:09:17, time: 0.371, data_time: 0.015, memory: 23314, loss_cls: 0.4442, loss_bbox: 0.4266, loss_kps: 0.0000, loss: 0.8708, grad_norm: 7.0515
2026-09-30 07:02:41,252 - mmdet - INFO - Epoch [12][1550/4741]	lr: 3.778e-07, eta: 9:08:58, time: 0.367, data_time: 0.015, memory: 23314, loss_cls: 0.4312, loss_bbox: 0.4375, loss_kps: 0.0000, loss: 0.8688, grad_norm: 7.5126
2026-09-30 07:02:59,821 - mmdet - INFO - Epoch [12][1600/4741]	lr: 3.778e-07, eta: 9:08:39, time: 0.372, data_time: 0.017, memory: 23314, loss_cls: 0.4440, loss_bbox: 0.4483, loss_kps: 0.0000, loss: 0.8923, grad_norm: 6.5620
2026-09-30 07:03:18,540 - mmdet - INFO - Epoch [12][1650/4741]	lr: 3.778e-07, eta: 9:08:21, time: 0.375, data_time: 0.017, memory: 23314, loss_cls: 0.4361, loss_bbox: 0.4389, loss_kps: 0.0000, loss: 0.8750, grad_norm: 6.8498
2026-09-30 07:03:37,225 - mmdet - INFO - Epoch [12][1700/4741]	lr: 3.778e-07, eta: 9:08:02, time: 0.373, data_time: 0.015, memory: 23314, loss_cls: 0.4240, loss_bbox: 0.4281, loss_kps: 0.0000, loss: 0.8521, grad_norm: 6.9979
2026-09-30 07:03:56,282 - mmdet - INFO - Epoch [12][1750/4741]	lr: 3.778e-07, eta: 9:07:44, time: 0.381, data_time: 0.016, memory: 23314, loss_cls: 0.4218, loss_bbox: 0.4387, loss_kps: 0.0000, loss: 0.8605, grad_norm: 6.5709
2026-09-30 07:04:15,207 - mmdet - INFO - Epoch [12][1800/4741]	lr: 3.778e-07, eta: 9:07:26, time: 0.379, data_time: 0.016, memory: 23314, loss_cls: 0.4336, loss_bbox: 0.4386, loss_kps: 0.0000, loss: 0.8722, grad_norm: 6.7968
2026-09-30 07:04:34,099 - mmdet - INFO - Epoch [12][1850/4741]	lr: 3.778e-07, eta: 9:07:08, time: 0.378, data_time: 0.016, memory: 23314, loss_cls: 0.4342, loss_bbox: 0.4463, loss_kps: 0.0000, loss: 0.8805, grad_norm: 6.8726
2026-09-30 07:04:52,601 - mmdet - INFO - Epoch [12][1900/4741]	lr: 3.778e-07, eta: 9:06:49, time: 0.370, data_time: 0.015, memory: 23314, loss_cls: 0.4289, loss_bbox: 0.4297, loss_kps: 0.0000, loss: 0.8586, grad_norm: 6.7136
2026-09-30 07:05:11,434 - mmdet - INFO - Epoch [12][1950/4741]	lr: 3.778e-07, eta: 9:06:31, time: 0.377, data_time: 0.016, memory: 23314, loss_cls: 0.4371, loss_bbox: 0.4222, loss_kps: 0.0000, loss: 0.8594, grad_norm: 6.9128
2026-09-30 07:05:29,946 - mmdet - INFO - Epoch [12][2000/4741]	lr: 3.778e-07, eta: 9:06:12, time: 0.370, data_time: 0.016, memory: 23314, loss_cls: 0.4172, loss_bbox: 0.4321, loss_kps: 0.0000, loss: 0.8493, grad_norm: 6.7359
2026-09-30 07:05:48,732 - mmdet - INFO - Epoch [12][2050/4741]	lr: 3.778e-07, eta: 9:05:54, time: 0.375, data_time: 0.014, memory: 23314, loss_cls: 0.4444, loss_bbox: 0.4321, loss_kps: 0.0000, loss: 0.8765, grad_norm: 6.7798
2026-09-30 07:06:07,250 - mmdet - INFO - Epoch [12][2100/4741]	lr: 3.778e-07, eta: 9:05:35, time: 0.371, data_time: 0.016, memory: 23314, loss_cls: 0.4402, loss_bbox: 0.4374, loss_kps: 0.0000, loss: 0.8776, grad_norm: 6.7743
2026-09-30 07:06:25,855 - mmdet - INFO - Epoch [12][2150/4741]	lr: 3.778e-07, eta: 9:05:17, time: 0.372, data_time: 0.015, memory: 23314, loss_cls: 0.4476, loss_bbox: 0.4492, loss_kps: 0.0000, loss: 0.8968, grad_norm: 7.3801
2026-09-30 07:06:45,053 - mmdet - INFO - Epoch [12][2200/4741]	lr: 3.778e-07, eta: 9:04:59, time: 0.383, data_time: 0.015, memory: 23314, loss_cls: 0.4343, loss_bbox: 0.4388, loss_kps: 0.0000, loss: 0.8731, grad_norm: 6.4264
2026-09-30 07:07:03,151 - mmdet - INFO - Epoch [12][2250/4741]	lr: 3.778e-07, eta: 9:04:40, time: 0.363, data_time: 0.015, memory: 23314, loss_cls: 0.4333, loss_bbox: 0.4360, loss_kps: 0.0000, loss: 0.8693, grad_norm: 7.3957
2026-09-30 07:07:23,957 - mmdet - INFO - Epoch [12][2300/4741]	lr: 3.778e-07, eta: 9:04:24, time: 0.415, data_time: 0.018, memory: 23314, loss_cls: 0.4294, loss_bbox: 0.4364, loss_kps: 0.0000, loss: 0.8658, grad_norm: 6.7225
2026-09-30 07:07:46,433 - mmdet - INFO - Epoch [12][2350/4741]	lr: 3.778e-07, eta: 9:04:12, time: 0.450, data_time: 0.017, memory: 23314, loss_cls: 0.4275, loss_bbox: 0.4376, loss_kps: 0.0000, loss: 0.8651, grad_norm: 6.6661
2026-09-30 07:08:06,277 - mmdet - INFO - Epoch [12][2400/4741]	lr: 3.778e-07, eta: 9:03:55, time: 0.396, data_time: 0.014, memory: 23314, loss_cls: 0.4244, loss_bbox: 0.4312, loss_kps: 0.0000, loss: 0.8556, grad_norm: 6.5646
2026-09-30 07:08:25,019 - mmdet - INFO - Epoch [12][2450/4741]	lr: 3.778e-07, eta: 9:03:37, time: 0.375, data_time: 0.014, memory: 23314, loss_cls: 0.4347, loss_bbox: 0.4371, loss_kps: 0.0000, loss: 0.8718, grad_norm: 7.1510
2026-09-30 07:08:42,939 - mmdet - INFO - Epoch [12][2500/4741]	lr: 3.778e-07, eta: 9:03:17, time: 0.359, data_time: 0.013, memory: 23314, loss_cls: 0.4178, loss_bbox: 0.4321, loss_kps: 0.0000, loss: 0.8498, grad_norm: 7.0789
2026-09-30 07:09:00,908 - mmdet - INFO - Epoch [12][2550/4741]	lr: 3.778e-07, eta: 9:02:58, time: 0.360, data_time: 0.012, memory: 23314, loss_cls: 0.4354, loss_bbox: 0.4272, loss_kps: 0.0000, loss: 0.8626, grad_norm: 6.4955
2026-09-30 07:09:18,938 - mmdet - INFO - Epoch [12][2600/4741]	lr: 3.778e-07, eta: 9:02:38, time: 0.359, data_time: 0.012, memory: 23314, loss_cls: 0.4269, loss_bbox: 0.4449, loss_kps: 0.0000, loss: 0.8718, grad_norm: 7.2269
2026-09-30 07:09:36,937 - mmdet - INFO - Epoch [12][2650/4741]	lr: 3.778e-07, eta: 9:02:19, time: 0.361, data_time: 0.014, memory: 23314, loss_cls: 0.4249, loss_bbox: 0.4401, loss_kps: 0.0000, loss: 0.8650, grad_norm: 6.8893
2026-09-30 07:09:54,933 - mmdet - INFO - Epoch [12][2700/4741]	lr: 3.778e-07, eta: 9:01:59, time: 0.359, data_time: 0.013, memory: 23314, loss_cls: 0.4322, loss_bbox: 0.4362, loss_kps: 0.0000, loss: 0.8684, grad_norm: 6.5206
2026-09-30 07:10:13,145 - mmdet - INFO - Epoch [12][2750/4741]	lr: 3.778e-07, eta: 9:01:40, time: 0.364, data_time: 0.012, memory: 23314, loss_cls: 0.4254, loss_bbox: 0.4343, loss_kps: 0.0000, loss: 0.8597, grad_norm: 6.8950
2026-09-30 07:10:31,644 - mmdet - INFO - Epoch [12][2800/4741]	lr: 3.778e-07, eta: 9:01:21, time: 0.370, data_time: 0.014, memory: 23314, loss_cls: 0.4254, loss_bbox: 0.4391, loss_kps: 0.0000, loss: 0.8645, grad_norm: 7.0280
2026-09-30 07:10:49,849 - mmdet - INFO - Epoch [12][2850/4741]	lr: 3.778e-07, eta: 9:01:02, time: 0.364, data_time: 0.014, memory: 23314, loss_cls: 0.4239, loss_bbox: 0.4350, loss_kps: 0.0000, loss: 0.8588, grad_norm: 7.0131
2026-09-30 07:11:07,785 - mmdet - INFO - Epoch [12][2900/4741]	lr: 3.778e-07, eta: 9:00:42, time: 0.358, data_time: 0.012, memory: 23314, loss_cls: 0.4324, loss_bbox: 0.4230, loss_kps: 0.0000, loss: 0.8554, grad_norm: 6.5571
2026-09-30 07:11:25,857 - mmdet - INFO - Epoch [12][2950/4741]	lr: 3.778e-07, eta: 9:00:23, time: 0.362, data_time: 0.013, memory: 23314, loss_cls: 0.4202, loss_bbox: 0.4431, loss_kps: 0.0000, loss: 0.8633, grad_norm: 7.2472
2026-09-30 07:11:44,405 - mmdet - INFO - Epoch [12][3000/4741]	lr: 3.778e-07, eta: 9:00:04, time: 0.372, data_time: 0.012, memory: 23314, loss_cls: 0.4365, loss_bbox: 0.4299, loss_kps: 0.0000, loss: 0.8663, grad_norm: 6.9515
2026-09-30 07:12:03,144 - mmdet - INFO - Epoch [12][3050/4741]	lr: 3.778e-07, eta: 8:59:45, time: 0.374, data_time: 0.013, memory: 23314, loss_cls: 0.4370, loss_bbox: 0.4426, loss_kps: 0.0000, loss: 0.8797, grad_norm: 6.7188
2026-09-30 07:12:21,681 - mmdet - INFO - Epoch [12][3100/4741]	lr: 3.778e-07, eta: 8:59:27, time: 0.371, data_time: 0.013, memory: 23314, loss_cls: 0.4392, loss_bbox: 0.4384, loss_kps: 0.0000, loss: 0.8776, grad_norm: 6.8485
2026-09-30 07:12:39,894 - mmdet - INFO - Epoch [12][3150/4741]	lr: 3.778e-07, eta: 8:59:08, time: 0.365, data_time: 0.013, memory: 23314, loss_cls: 0.4259, loss_bbox: 0.4337, loss_kps: 0.0000, loss: 0.8596, grad_norm: 7.1594
2026-09-30 07:12:58,064 - mmdet - INFO - Epoch [12][3200/4741]	lr: 3.778e-07, eta: 8:58:48, time: 0.363, data_time: 0.014, memory: 23314, loss_cls: 0.4283, loss_bbox: 0.4351, loss_kps: 0.0000, loss: 0.8634, grad_norm: 6.6878
2026-09-30 07:13:15,949 - mmdet - INFO - Epoch [12][3250/4741]	lr: 3.778e-07, eta: 8:58:29, time: 0.358, data_time: 0.014, memory: 23314, loss_cls: 0.4216, loss_bbox: 0.4321, loss_kps: 0.0000, loss: 0.8536, grad_norm: 6.6798
2026-09-30 07:13:34,066 - mmdet - INFO - Epoch [12][3300/4741]	lr: 3.778e-07, eta: 8:58:09, time: 0.362, data_time: 0.014, memory: 23314, loss_cls: 0.4291, loss_bbox: 0.4293, loss_kps: 0.0000, loss: 0.8584, grad_norm: 6.9459
2026-09-30 07:13:52,506 - mmdet - INFO - Epoch [12][3350/4741]	lr: 3.778e-07, eta: 8:57:50, time: 0.369, data_time: 0.014, memory: 23314, loss_cls: 0.4190, loss_bbox: 0.4249, loss_kps: 0.0000, loss: 0.8439, grad_norm: 7.0900
2026-09-30 07:14:10,673 - mmdet - INFO - Epoch [12][3400/4741]	lr: 3.778e-07, eta: 8:57:31, time: 0.363, data_time: 0.014, memory: 23314, loss_cls: 0.4249, loss_bbox: 0.4273, loss_kps: 0.0000, loss: 0.8522, grad_norm: 7.0766
2026-09-30 07:14:29,129 - mmdet - INFO - Epoch [12][3450/4741]	lr: 3.778e-07, eta: 8:57:12, time: 0.369, data_time: 0.014, memory: 23314, loss_cls: 0.4154, loss_bbox: 0.4222, loss_kps: 0.0000, loss: 0.8376, grad_norm: 6.7457
2026-09-30 07:14:47,418 - mmdet - INFO - Epoch [12][3500/4741]	lr: 3.778e-07, eta: 8:56:53, time: 0.366, data_time: 0.016, memory: 23314, loss_cls: 0.4464, loss_bbox: 0.4441, loss_kps: 0.0000, loss: 0.8905, grad_norm: 7.2304
2026-09-30 07:15:05,707 - mmdet - INFO - Epoch [12][3550/4741]	lr: 3.778e-07, eta: 8:56:34, time: 0.365, data_time: 0.013, memory: 23314, loss_cls: 0.4174, loss_bbox: 0.4242, loss_kps: 0.0000, loss: 0.8416, grad_norm: 7.2435
2026-09-30 07:15:23,953 - mmdet - INFO - Epoch [12][3600/4741]	lr: 3.778e-07, eta: 8:56:15, time: 0.365, data_time: 0.014, memory: 23314, loss_cls: 0.4286, loss_bbox: 0.4386, loss_kps: 0.0000, loss: 0.8672, grad_norm: 7.4044
2026-09-30 07:15:41,853 - mmdet - INFO - Epoch [12][3650/4741]	lr: 3.778e-07, eta: 8:55:55, time: 0.359, data_time: 0.014, memory: 23314, loss_cls: 0.4202, loss_bbox: 0.4370, loss_kps: 0.0000, loss: 0.8572, grad_norm: 7.2035
2026-09-30 07:16:00,017 - mmdet - INFO - Epoch [12][3700/4741]	lr: 3.778e-07, eta: 8:55:36, time: 0.363, data_time: 0.013, memory: 23314, loss_cls: 0.4534, loss_bbox: 0.4439, loss_kps: 0.0000, loss: 0.8973, grad_norm: 6.9380
2026-09-30 07:16:18,347 - mmdet - INFO - Epoch [12][3750/4741]	lr: 3.778e-07, eta: 8:55:17, time: 0.367, data_time: 0.014, memory: 23314, loss_cls: 0.4321, loss_bbox: 0.4338, loss_kps: 0.0000, loss: 0.8660, grad_norm: 6.6221
2026-09-30 07:16:36,476 - mmdet - INFO - Epoch [12][3800/4741]	lr: 3.778e-07, eta: 8:54:58, time: 0.363, data_time: 0.015, memory: 23314, loss_cls: 0.4153, loss_bbox: 0.4137, loss_kps: 0.0000, loss: 0.8290, grad_norm: 6.5961
2026-09-30 07:16:54,274 - mmdet - INFO - Epoch [12][3850/4741]	lr: 3.778e-07, eta: 8:54:38, time: 0.355, data_time: 0.014, memory: 23314, loss_cls: 0.4179, loss_bbox: 0.4333, loss_kps: 0.0000, loss: 0.8512, grad_norm: 6.8924
2026-09-30 07:17:12,497 - mmdet - INFO - Epoch [12][3900/4741]	lr: 3.778e-07, eta: 8:54:18, time: 0.364, data_time: 0.016, memory: 23314, loss_cls: 0.4270, loss_bbox: 0.4356, loss_kps: 0.0000, loss: 0.8625, grad_norm: 6.8634
2026-09-30 07:17:30,490 - mmdet - INFO - Epoch [12][3950/4741]	lr: 3.778e-07, eta: 8:53:59, time: 0.360, data_time: 0.015, memory: 23314, loss_cls: 0.4295, loss_bbox: 0.4262, loss_kps: 0.0000, loss: 0.8557, grad_norm: 6.9388
2026-09-30 07:17:48,741 - mmdet - INFO - Epoch [12][4000/4741]	lr: 3.778e-07, eta: 8:53:40, time: 0.366, data_time: 0.015, memory: 23314, loss_cls: 0.4159, loss_bbox: 0.4304, loss_kps: 0.0000, loss: 0.8463, grad_norm: 6.9483
2026-09-30 07:18:07,133 - mmdet - INFO - Epoch [12][4050/4741]	lr: 3.778e-07, eta: 8:53:21, time: 0.367, data_time: 0.014, memory: 23314, loss_cls: 0.4199, loss_bbox: 0.4262, loss_kps: 0.0000, loss: 0.8460, grad_norm: 6.9001
2026-09-30 07:18:25,237 - mmdet - INFO - Epoch [12][4100/4741]	lr: 3.778e-07, eta: 8:53:02, time: 0.362, data_time: 0.014, memory: 23314, loss_cls: 0.4276, loss_bbox: 0.4222, loss_kps: 0.0000, loss: 0.8498, grad_norm: 6.8796
2026-09-30 07:18:43,589 - mmdet - INFO - Epoch [12][4150/4741]	lr: 3.778e-07, eta: 8:52:43, time: 0.368, data_time: 0.015, memory: 23314, loss_cls: 0.4271, loss_bbox: 0.4347, loss_kps: 0.0000, loss: 0.8619, grad_norm: 6.8384
2026-09-30 07:19:01,680 - mmdet - INFO - Epoch [12][4200/4741]	lr: 3.778e-07, eta: 8:52:23, time: 0.361, data_time: 0.015, memory: 23314, loss_cls: 0.4403, loss_bbox: 0.4359, loss_kps: 0.0000, loss: 0.8762, grad_norm: 6.9634
2026-09-30 07:19:19,694 - mmdet - INFO - Epoch [12][4250/4741]	lr: 3.778e-07, eta: 8:52:04, time: 0.360, data_time: 0.015, memory: 23314, loss_cls: 0.4421, loss_bbox: 0.4282, loss_kps: 0.0000, loss: 0.8703, grad_norm: 6.8031
2026-09-30 07:19:37,458 - mmdet - INFO - Epoch [12][4300/4741]	lr: 3.778e-07, eta: 8:51:44, time: 0.355, data_time: 0.013, memory: 23314, loss_cls: 0.4288, loss_bbox: 0.4280, loss_kps: 0.0000, loss: 0.8569, grad_norm: 6.8549
2026-09-30 07:19:55,671 - mmdet - INFO - Epoch [12][4350/4741]	lr: 3.778e-07, eta: 8:51:25, time: 0.364, data_time: 0.013, memory: 23314, loss_cls: 0.4226, loss_bbox: 0.4335, loss_kps: 0.0000, loss: 0.8561, grad_norm: 7.3379
2026-09-30 07:20:13,623 - mmdet - INFO - Epoch [12][4400/4741]	lr: 3.778e-07, eta: 8:51:05, time: 0.359, data_time: 0.015, memory: 23314, loss_cls: 0.4130, loss_bbox: 0.4270, loss_kps: 0.0000, loss: 0.8400, grad_norm: 7.3042
2026-09-30 07:20:31,760 - mmdet - INFO - Epoch [12][4450/4741]	lr: 3.778e-07, eta: 8:50:46, time: 0.362, data_time: 0.014, memory: 23314, loss_cls: 0.4290, loss_bbox: 0.4368, loss_kps: 0.0000, loss: 0.8658, grad_norm: 7.2953
2026-09-30 07:20:49,604 - mmdet - INFO - Epoch [12][4500/4741]	lr: 3.778e-07, eta: 8:50:26, time: 0.357, data_time: 0.014, memory: 23314, loss_cls: 0.4220, loss_bbox: 0.4379, loss_kps: 0.0000, loss: 0.8598, grad_norm: 6.5290
2026-09-30 07:21:07,987 - mmdet - INFO - Epoch [12][4550/4741]	lr: 3.778e-07, eta: 8:50:07, time: 0.368, data_time: 0.014, memory: 23314, loss_cls: 0.4293, loss_bbox: 0.4248, loss_kps: 0.0000, loss: 0.8541, grad_norm: 7.1532
2026-09-30 07:21:25,902 - mmdet - INFO - Epoch [12][4600/4741]	lr: 3.778e-07, eta: 8:49:47, time: 0.358, data_time: 0.014, memory: 23314, loss_cls: 0.4368, loss_bbox: 0.4372, loss_kps: 0.0000, loss: 0.8740, grad_norm: 6.8673
2026-09-30 07:21:43,722 - mmdet - INFO - Epoch [12][4650/4741]	lr: 3.778e-07, eta: 8:49:28, time: 0.356, data_time: 0.015, memory: 23314, loss_cls: 0.4466, loss_bbox: 0.4514, loss_kps: 0.0000, loss: 0.8980, grad_norm: 7.0441
2026-09-30 07:22:01,574 - mmdet - INFO - Epoch [12][4700/4741]	lr: 3.778e-07, eta: 8:49:08, time: 0.357, data_time: 0.014, memory: 23314, loss_cls: 0.4202, loss_bbox: 0.4386, loss_kps: 0.0000, loss: 0.8588, grad_norm: 6.8726
2026-09-30 07:22:13,676 - mmdet - INFO - Saving checkpoint at 12 epochs
2026-09-30 07:22:49,923 - mmdet - INFO - Epoch [13][50/4741]	lr: 3.778e-07, eta: 8:48:15, time: 0.425, data_time: 0.087, memory: 23314, loss_cls: 0.4087, loss_bbox: 0.4274, loss_kps: 0.0000, loss: 0.8361, grad_norm: 6.7122
2026-09-30 07:23:08,132 - mmdet - INFO - Epoch [13][100/4741]	lr: 3.778e-07, eta: 8:47:56, time: 0.364, data_time: 0.014, memory: 23314, loss_cls: 0.4267, loss_bbox: 0.4437, loss_kps: 0.0000, loss: 0.8704, grad_norm: 6.7597
2026-09-30 07:23:26,244 - mmdet - INFO - Epoch [13][150/4741]	lr: 3.778e-07, eta: 8:47:37, time: 0.362, data_time: 0.014, memory: 23314, loss_cls: 0.4314, loss_bbox: 0.4362, loss_kps: 0.0000, loss: 0.8676, grad_norm: 6.8490
2026-09-30 07:23:44,116 - mmdet - INFO - Epoch [13][200/4741]	lr: 3.778e-07, eta: 8:47:17, time: 0.358, data_time: 0.015, memory: 23314, loss_cls: 0.4269, loss_bbox: 0.4284, loss_kps: 0.0000, loss: 0.8553, grad_norm: 7.0387
2026-09-30 07:24:02,125 - mmdet - INFO - Epoch [13][250/4741]	lr: 3.778e-07, eta: 8:46:58, time: 0.361, data_time: 0.015, memory: 23314, loss_cls: 0.4447, loss_bbox: 0.4422, loss_kps: 0.0000, loss: 0.8869, grad_norm: 7.0784
2026-09-30 07:24:20,079 - mmdet - INFO - Epoch [13][300/4741]	lr: 3.778e-07, eta: 8:46:38, time: 0.358, data_time: 0.014, memory: 23314, loss_cls: 0.4115, loss_bbox: 0.4250, loss_kps: 0.0000, loss: 0.8365, grad_norm: 6.7720
2026-09-30 07:24:37,928 - mmdet - INFO - Epoch [13][350/4741]	lr: 3.778e-07, eta: 8:46:19, time: 0.357, data_time: 0.014, memory: 23314, loss_cls: 0.4334, loss_bbox: 0.4320, loss_kps: 0.0000, loss: 0.8654, grad_norm: 6.9129
2026-09-30 07:24:55,663 - mmdet - INFO - Epoch [13][400/4741]	lr: 3.778e-07, eta: 8:45:59, time: 0.355, data_time: 0.014, memory: 23314, loss_cls: 0.4115, loss_bbox: 0.4333, loss_kps: 0.0000, loss: 0.8448, grad_norm: 6.4162
2026-09-30 07:25:13,020 - mmdet - INFO - Epoch [13][450/4741]	lr: 3.778e-07, eta: 8:45:38, time: 0.347, data_time: 0.014, memory: 23314, loss_cls: 0.4272, loss_bbox: 0.4303, loss_kps: 0.0000, loss: 0.8575, grad_norm: 6.8103
2026-09-30 07:25:30,549 - mmdet - INFO - Epoch [13][500/4741]	lr: 3.778e-07, eta: 8:45:18, time: 0.351, data_time: 0.014, memory: 23314, loss_cls: 0.4315, loss_bbox: 0.4376, loss_kps: 0.0000, loss: 0.8691, grad_norm: 6.9096
2026-09-30 07:25:48,392 - mmdet - INFO - Epoch [13][550/4741]	lr: 3.778e-07, eta: 8:44:59, time: 0.357, data_time: 0.015, memory: 23314, loss_cls: 0.4176, loss_bbox: 0.4250, loss_kps: 0.0000, loss: 0.8427, grad_norm: 6.6731
2026-09-30 07:26:07,410 - mmdet - INFO - Epoch [13][600/4741]	lr: 3.778e-07, eta: 8:44:41, time: 0.380, data_time: 0.014, memory: 23314, loss_cls: 0.4258, loss_bbox: 0.4361, loss_kps: 0.0000, loss: 0.8619, grad_norm: 7.0970
2026-09-30 07:26:26,149 - mmdet - INFO - Epoch [13][650/4741]	lr: 3.778e-07, eta: 8:44:22, time: 0.376, data_time: 0.015, memory: 23314, loss_cls: 0.4215, loss_bbox: 0.4369, loss_kps: 0.0000, loss: 0.8584, grad_norm: 6.9860
2026-09-30 07:26:45,647 - mmdet - INFO - Epoch [13][700/4741]	lr: 3.778e-07, eta: 8:44:05, time: 0.389, data_time: 0.014, memory: 23314, loss_cls: 0.4280, loss_bbox: 0.4363, loss_kps: 0.0000, loss: 0.8643, grad_norm: 7.0765
2026-09-30 07:27:04,983 - mmdet - INFO - Epoch [13][750/4741]	lr: 3.778e-07, eta: 8:43:48, time: 0.387, data_time: 0.015, memory: 23314, loss_cls: 0.4282, loss_bbox: 0.4354, loss_kps: 0.0000, loss: 0.8635, grad_norm: 7.2304
2026-09-30 07:27:24,423 - mmdet - INFO - Epoch [13][800/4741]	lr: 3.778e-07, eta: 8:43:30, time: 0.388, data_time: 0.015, memory: 23314, loss_cls: 0.4346, loss_bbox: 0.4293, loss_kps: 0.0000, loss: 0.8639, grad_norm: 7.0303
2026-09-30 07:27:44,006 - mmdet - INFO - Epoch [13][850/4741]	lr: 3.778e-07, eta: 8:43:13, time: 0.392, data_time: 0.017, memory: 23314, loss_cls: 0.4168, loss_bbox: 0.4218, loss_kps: 0.0000, loss: 0.8386, grad_norm: 6.4736
2026-09-30 07:28:04,107 - mmdet - INFO - Epoch [13][900/4741]	lr: 3.778e-07, eta: 8:42:57, time: 0.402, data_time: 0.015, memory: 23314, loss_cls: 0.4360, loss_bbox: 0.4375, loss_kps: 0.0000, loss: 0.8734, grad_norm: 7.0846
2026-09-30 07:28:23,353 - mmdet - INFO - Epoch [13][950/4741]	lr: 3.778e-07, eta: 8:42:39, time: 0.386, data_time: 0.014, memory: 23314, loss_cls: 0.4088, loss_bbox: 0.4246, loss_kps: 0.0000, loss: 0.8333, grad_norm: 6.6284
2026-09-30 07:28:42,569 - mmdet - INFO - Epoch [13][1000/4741]	lr: 3.778e-07, eta: 8:42:22, time: 0.383, data_time: 0.014, memory: 23314, loss_cls: 0.4207, loss_bbox: 0.4301, loss_kps: 0.0000, loss: 0.8507, grad_norm: 6.8953
2026-09-30 07:29:02,024 - mmdet - INFO - Epoch [13][1050/4741]	lr: 3.778e-07, eta: 8:42:04, time: 0.389, data_time: 0.014, memory: 23314, loss_cls: 0.4455, loss_bbox: 0.4447, loss_kps: 0.0000, loss: 0.8902, grad_norm: 7.0580
2026-09-30 07:29:21,047 - mmdet - INFO - Epoch [13][1100/4741]	lr: 3.778e-07, eta: 8:41:46, time: 0.381, data_time: 0.016, memory: 23314, loss_cls: 0.4300, loss_bbox: 0.4354, loss_kps: 0.0000, loss: 0.8654, grad_norm: 6.8702
2026-09-30 07:29:40,173 - mmdet - INFO - Epoch [13][1150/4741]	lr: 3.778e-07, eta: 8:41:29, time: 0.383, data_time: 0.014, memory: 23314, loss_cls: 0.4211, loss_bbox: 0.4284, loss_kps: 0.0000, loss: 0.8495, grad_norm: 6.8622
2026-09-30 07:29:59,147 - mmdet - INFO - Epoch [13][1200/4741]	lr: 3.778e-07, eta: 8:41:11, time: 0.378, data_time: 0.014, memory: 23314, loss_cls: 0.4234, loss_bbox: 0.4270, loss_kps: 0.0000, loss: 0.8505, grad_norm: 6.7842
2026-09-30 07:30:18,089 - mmdet - INFO - Epoch [13][1250/4741]	lr: 3.778e-07, eta: 8:40:52, time: 0.379, data_time: 0.015, memory: 23314, loss_cls: 0.4084, loss_bbox: 0.4286, loss_kps: 0.0000, loss: 0.8370, grad_norm: 6.7100
2026-09-30 07:30:37,238 - mmdet - INFO - Epoch [13][1300/4741]	lr: 3.778e-07, eta: 8:40:35, time: 0.384, data_time: 0.015, memory: 23314, loss_cls: 0.4242, loss_bbox: 0.4321, loss_kps: 0.0000, loss: 0.8563, grad_norm: 6.9933
2026-09-30 07:30:56,111 - mmdet - INFO - Epoch [13][1350/4741]	lr: 3.778e-07, eta: 8:40:17, time: 0.377, data_time: 0.014, memory: 23314, loss_cls: 0.4088, loss_bbox: 0.4209, loss_kps: 0.0000, loss: 0.8297, grad_norm: 6.7015
2026-09-30 07:31:15,050 - mmdet - INFO - Epoch [13][1400/4741]	lr: 3.778e-07, eta: 8:39:59, time: 0.379, data_time: 0.015, memory: 23314, loss_cls: 0.4185, loss_bbox: 0.4344, loss_kps: 0.0000, loss: 0.8530, grad_norm: 6.5995
2026-09-30 07:31:33,689 - mmdet - INFO - Epoch [13][1450/4741]	lr: 3.778e-07, eta: 8:39:40, time: 0.373, data_time: 0.015, memory: 23314, loss_cls: 0.4339, loss_bbox: 0.4374, loss_kps: 0.0000, loss: 0.8714, grad_norm: 6.8333
2026-09-30 07:31:53,396 - mmdet - INFO - Epoch [13][1500/4741]	lr: 3.778e-07, eta: 8:39:23, time: 0.394, data_time: 0.013, memory: 23314, loss_cls: 0.4298, loss_bbox: 0.4275, loss_kps: 0.0000, loss: 0.8573, grad_norm: 6.6425
2026-09-30 07:32:12,044 - mmdet - INFO - Epoch [13][1550/4741]	lr: 3.778e-07, eta: 8:39:04, time: 0.373, data_time: 0.015, memory: 23314, loss_cls: 0.4321, loss_bbox: 0.4355, loss_kps: 0.0000, loss: 0.8677, grad_norm: 6.8133
2026-09-30 07:32:30,727 - mmdet - INFO - Epoch [13][1600/4741]	lr: 3.778e-07, eta: 8:38:46, time: 0.374, data_time: 0.014, memory: 23314, loss_cls: 0.4326, loss_bbox: 0.4466, loss_kps: 0.0000, loss: 0.8793, grad_norm: 7.5336
2026-09-30 07:32:49,303 - mmdet - INFO - Epoch [13][1650/4741]	lr: 3.778e-07, eta: 8:38:28, time: 0.372, data_time: 0.014, memory: 23314, loss_cls: 0.4239, loss_bbox: 0.4338, loss_kps: 0.0000, loss: 0.8577, grad_norm: 6.6327
2026-09-30 07:33:07,517 - mmdet - INFO - Epoch [13][1700/4741]	lr: 3.778e-07, eta: 8:38:08, time: 0.363, data_time: 0.012, memory: 23314, loss_cls: 0.4426, loss_bbox: 0.4326, loss_kps: 0.0000, loss: 0.8753, grad_norm: 6.5928
2026-09-30 07:33:25,678 - mmdet - INFO - Epoch [13][1750/4741]	lr: 3.778e-07, eta: 8:37:49, time: 0.364, data_time: 0.014, memory: 23314, loss_cls: 0.4306, loss_bbox: 0.4391, loss_kps: 0.0000, loss: 0.8697, grad_norm: 6.6939
2026-09-30 07:33:43,500 - mmdet - INFO - Epoch [13][1800/4741]	lr: 3.778e-07, eta: 8:37:29, time: 0.356, data_time: 0.014, memory: 23314, loss_cls: 0.4273, loss_bbox: 0.4322, loss_kps: 0.0000, loss: 0.8595, grad_norm: 7.1707
2026-09-30 07:34:01,367 - mmdet - INFO - Epoch [13][1850/4741]	lr: 3.778e-07, eta: 8:37:10, time: 0.358, data_time: 0.014, memory: 23314, loss_cls: 0.4229, loss_bbox: 0.4279, loss_kps: 0.0000, loss: 0.8508, grad_norm: 7.3754
2026-09-30 07:34:19,715 - mmdet - INFO - Epoch [13][1900/4741]	lr: 3.778e-07, eta: 8:36:51, time: 0.366, data_time: 0.013, memory: 23314, loss_cls: 0.4194, loss_bbox: 0.4275, loss_kps: 0.0000, loss: 0.8468, grad_norm: 7.1804
2026-09-30 07:34:37,682 - mmdet - INFO - Epoch [13][1950/4741]	lr: 3.778e-07, eta: 8:36:32, time: 0.360, data_time: 0.014, memory: 23314, loss_cls: 0.4287, loss_bbox: 0.4440, loss_kps: 0.0000, loss: 0.8726, grad_norm: 7.0937
2026-09-30 07:34:55,421 - mmdet - INFO - Epoch [13][2000/4741]	lr: 3.778e-07, eta: 8:36:12, time: 0.354, data_time: 0.013, memory: 23314, loss_cls: 0.4184, loss_bbox: 0.4300, loss_kps: 0.0000, loss: 0.8484, grad_norm: 6.6699
2026-09-30 07:35:13,775 - mmdet - INFO - Epoch [13][2050/4741]	lr: 3.778e-07, eta: 8:35:53, time: 0.368, data_time: 0.016, memory: 23314, loss_cls: 0.4311, loss_bbox: 0.4283, loss_kps: 0.0000, loss: 0.8595, grad_norm: 6.6425
2026-09-30 07:35:31,382 - mmdet - INFO - Epoch [13][2100/4741]	lr: 3.778e-07, eta: 8:35:33, time: 0.351, data_time: 0.014, memory: 23314, loss_cls: 0.4456, loss_bbox: 0.4421, loss_kps: 0.0000, loss: 0.8877, grad_norm: 6.7550
2026-09-30 07:35:48,863 - mmdet - INFO - Epoch [13][2150/4741]	lr: 3.778e-07, eta: 8:35:13, time: 0.350, data_time: 0.016, memory: 23314, loss_cls: 0.4510, loss_bbox: 0.4418, loss_kps: 0.0000, loss: 0.8928, grad_norm: 6.8138
2026-09-30 07:36:06,587 - mmdet - INFO - Epoch [13][2200/4741]	lr: 3.778e-07, eta: 8:34:53, time: 0.355, data_time: 0.015, memory: 23314, loss_cls: 0.4263, loss_bbox: 0.4279, loss_kps: 0.0000, loss: 0.8542, grad_norm: 7.0241
2026-09-30 07:36:24,859 - mmdet - INFO - Epoch [13][2250/4741]	lr: 3.778e-07, eta: 8:34:34, time: 0.366, data_time: 0.014, memory: 23314, loss_cls: 0.4304, loss_bbox: 0.4330, loss_kps: 0.0000, loss: 0.8633, grad_norm: 6.8538
2026-09-30 07:36:42,457 - mmdet - INFO - Epoch [13][2300/4741]	lr: 3.778e-07, eta: 8:34:14, time: 0.351, data_time: 0.014, memory: 23314, loss_cls: 0.4107, loss_bbox: 0.4176, loss_kps: 0.0000, loss: 0.8283, grad_norm: 6.9683
2026-09-30 07:36:59,632 - mmdet - INFO - Epoch [13][2350/4741]	lr: 3.778e-07, eta: 8:33:53, time: 0.344, data_time: 0.016, memory: 23314, loss_cls: 0.4140, loss_bbox: 0.4291, loss_kps: 0.0000, loss: 0.8431, grad_norm: 6.7537
2026-09-30 07:37:17,101 - mmdet - INFO - Epoch [13][2400/4741]	lr: 3.778e-07, eta: 8:33:33, time: 0.349, data_time: 0.012, memory: 23314, loss_cls: 0.4351, loss_bbox: 0.4296, loss_kps: 0.0000, loss: 0.8647, grad_norm: 7.0099
2026-09-30 07:37:34,846 - mmdet - INFO - Epoch [13][2450/4741]	lr: 3.778e-07, eta: 8:33:14, time: 0.355, data_time: 0.014, memory: 23314, loss_cls: 0.4219, loss_bbox: 0.4297, loss_kps: 0.0000, loss: 0.8516, grad_norm: 6.8531
2026-09-30 07:37:52,411 - mmdet - INFO - Epoch [13][2500/4741]	lr: 3.778e-07, eta: 8:32:54, time: 0.351, data_time: 0.014, memory: 23314, loss_cls: 0.4323, loss_bbox: 0.4311, loss_kps: 0.0000, loss: 0.8634, grad_norm: 6.7977
2026-09-30 07:38:10,082 - mmdet - INFO - Epoch [13][2550/4741]	lr: 3.778e-07, eta: 8:32:34, time: 0.354, data_time: 0.014, memory: 23314, loss_cls: 0.4119, loss_bbox: 0.4201, loss_kps: 0.0000, loss: 0.8321, grad_norm: 6.8256
2026-09-30 07:38:27,581 - mmdet - INFO - Epoch [13][2600/4741]	lr: 3.778e-07, eta: 8:32:14, time: 0.350, data_time: 0.014, memory: 23314, loss_cls: 0.4303, loss_bbox: 0.4366, loss_kps: 0.0000, loss: 0.8670, grad_norm: 6.8616
2026-09-30 07:38:45,242 - mmdet - INFO - Epoch [13][2650/4741]	lr: 3.778e-07, eta: 8:31:54, time: 0.353, data_time: 0.015, memory: 23314, loss_cls: 0.4139, loss_bbox: 0.4205, loss_kps: 0.0000, loss: 0.8344, grad_norm: 7.4088
2026-09-30 07:39:03,521 - mmdet - INFO - Epoch [13][2700/4741]	lr: 3.778e-07, eta: 8:31:35, time: 0.366, data_time: 0.013, memory: 23314, loss_cls: 0.4163, loss_bbox: 0.4153, loss_kps: 0.0000, loss: 0.8316, grad_norm: 6.9764
2026-09-30 07:39:20,974 - mmdet - INFO - Epoch [13][2750/4741]	lr: 3.778e-07, eta: 8:31:15, time: 0.348, data_time: 0.013, memory: 23314, loss_cls: 0.4282, loss_bbox: 0.4243, loss_kps: 0.0000, loss: 0.8524, grad_norm: 7.0144
2026-09-30 07:39:38,490 - mmdet - INFO - Epoch [13][2800/4741]	lr: 3.778e-07, eta: 8:30:55, time: 0.350, data_time: 0.014, memory: 23314, loss_cls: 0.4133, loss_bbox: 0.4360, loss_kps: 0.0000, loss: 0.8493, grad_norm: 6.5395
2026-09-30 07:39:56,114 - mmdet - INFO - Epoch [13][2850/4741]	lr: 3.778e-07, eta: 8:30:35, time: 0.353, data_time: 0.015, memory: 23314, loss_cls: 0.4218, loss_bbox: 0.4213, loss_kps: 0.0000, loss: 0.8431, grad_norm: 6.7374
2026-09-30 07:40:14,050 - mmdet - INFO - Epoch [13][2900/4741]	lr: 3.778e-07, eta: 8:30:15, time: 0.359, data_time: 0.013, memory: 23314, loss_cls: 0.4340, loss_bbox: 0.4412, loss_kps: 0.0000, loss: 0.8752, grad_norm: 7.3722
2026-09-30 07:40:31,637 - mmdet - INFO - Epoch [13][2950/4741]	lr: 3.778e-07, eta: 8:29:55, time: 0.351, data_time: 0.013, memory: 23314, loss_cls: 0.4139, loss_bbox: 0.4345, loss_kps: 0.0000, loss: 0.8485, grad_norm: 6.9620
2026-09-30 07:40:49,268 - mmdet - INFO - Epoch [13][3000/4741]	lr: 3.778e-07, eta: 8:29:36, time: 0.352, data_time: 0.016, memory: 23314, loss_cls: 0.4104, loss_bbox: 0.4130, loss_kps: 0.0000, loss: 0.8233, grad_norm: 6.4298
2026-09-30 07:41:06,930 - mmdet - INFO - Epoch [13][3050/4741]	lr: 3.778e-07, eta: 8:29:16, time: 0.354, data_time: 0.014, memory: 23314, loss_cls: 0.4207, loss_bbox: 0.4241, loss_kps: 0.0000, loss: 0.8448, grad_norm: 7.3993
2026-09-30 07:41:24,536 - mmdet - INFO - Epoch [13][3100/4741]	lr: 3.778e-07, eta: 8:28:56, time: 0.352, data_time: 0.013, memory: 23314, loss_cls: 0.4233, loss_bbox: 0.4337, loss_kps: 0.0000, loss: 0.8571, grad_norm: 6.7417
2026-09-30 07:41:42,226 - mmdet - INFO - Epoch [13][3150/4741]	lr: 3.778e-07, eta: 8:28:36, time: 0.353, data_time: 0.014, memory: 23314, loss_cls: 0.4370, loss_bbox: 0.4394, loss_kps: 0.0000, loss: 0.8764, grad_norm: 6.9044
2026-09-30 07:42:00,266 - mmdet - INFO - Epoch [13][3200/4741]	lr: 3.778e-07, eta: 8:28:17, time: 0.361, data_time: 0.014, memory: 23314, loss_cls: 0.4342, loss_bbox: 0.4327, loss_kps: 0.0000, loss: 0.8669, grad_norm: 6.7672
2026-09-30 07:42:17,938 - mmdet - INFO - Epoch [13][3250/4741]	lr: 3.778e-07, eta: 8:27:57, time: 0.353, data_time: 0.013, memory: 23314, loss_cls: 0.4273, loss_bbox: 0.4389, loss_kps: 0.0000, loss: 0.8663, grad_norm: 6.7727
2026-09-30 07:42:35,669 - mmdet - INFO - Epoch [13][3300/4741]	lr: 3.778e-07, eta: 8:27:37, time: 0.354, data_time: 0.014, memory: 23314, loss_cls: 0.4298, loss_bbox: 0.4227, loss_kps: 0.0000, loss: 0.8525, grad_norm: 6.6655
2026-09-30 07:42:53,780 - mmdet - INFO - Epoch [13][3350/4741]	lr: 3.778e-07, eta: 8:27:18, time: 0.363, data_time: 0.016, memory: 23314, loss_cls: 0.4330, loss_bbox: 0.4372, loss_kps: 0.0000, loss: 0.8702, grad_norm: 6.7498
2026-09-30 07:43:12,421 - mmdet - INFO - Epoch [13][3400/4741]	lr: 3.778e-07, eta: 8:27:00, time: 0.372, data_time: 0.016, memory: 23314, loss_cls: 0.4214, loss_bbox: 0.4342, loss_kps: 0.0000, loss: 0.8555, grad_norm: 7.1371
2026-09-30 07:43:31,300 - mmdet - INFO - Epoch [13][3450/4741]	lr: 3.778e-07, eta: 8:26:42, time: 0.377, data_time: 0.014, memory: 23314, loss_cls: 0.4291, loss_bbox: 0.4295, loss_kps: 0.0000, loss: 0.8585, grad_norm: 6.7299
2026-09-30 07:43:50,950 - mmdet - INFO - Epoch [13][3500/4741]	lr: 3.778e-07, eta: 8:26:24, time: 0.393, data_time: 0.014, memory: 23314, loss_cls: 0.4248, loss_bbox: 0.4291, loss_kps: 0.0000, loss: 0.8538, grad_norm: 6.7953
2026-09-30 07:44:10,353 - mmdet - INFO - Epoch [13][3550/4741]	lr: 3.778e-07, eta: 8:26:07, time: 0.388, data_time: 0.014, memory: 23314, loss_cls: 0.4282, loss_bbox: 0.4343, loss_kps: 0.0000, loss: 0.8625, grad_norm: 6.7197
2026-09-30 07:44:30,266 - mmdet - INFO - Epoch [13][3600/4741]	lr: 3.778e-07, eta: 8:25:50, time: 0.398, data_time: 0.014, memory: 23314, loss_cls: 0.4149, loss_bbox: 0.4258, loss_kps: 0.0000, loss: 0.8406, grad_norm: 6.5101
2026-09-30 07:44:49,546 - mmdet - INFO - Epoch [13][3650/4741]	lr: 3.778e-07, eta: 8:25:33, time: 0.386, data_time: 0.015, memory: 23314, loss_cls: 0.4307, loss_bbox: 0.4297, loss_kps: 0.0000, loss: 0.8604, grad_norm: 6.7772
2026-09-30 07:45:08,763 - mmdet - INFO - Epoch [13][3700/4741]	lr: 3.778e-07, eta: 8:25:15, time: 0.384, data_time: 0.015, memory: 23314, loss_cls: 0.4358, loss_bbox: 0.4328, loss_kps: 0.0000, loss: 0.8686, grad_norm: 6.6938
2026-09-30 07:45:28,209 - mmdet - INFO - Epoch [13][3750/4741]	lr: 3.778e-07, eta: 8:24:58, time: 0.389, data_time: 0.016, memory: 23314, loss_cls: 0.4461, loss_bbox: 0.4397, loss_kps: 0.0000, loss: 0.8858, grad_norm: 7.1015
2026-09-30 07:45:47,831 - mmdet - INFO - Epoch [13][3800/4741]	lr: 3.778e-07, eta: 8:24:40, time: 0.392, data_time: 0.016, memory: 23314, loss_cls: 0.4202, loss_bbox: 0.4306, loss_kps: 0.0000, loss: 0.8508, grad_norm: 7.3358
2026-09-30 07:46:07,529 - mmdet - INFO - Epoch [13][3850/4741]	lr: 3.778e-07, eta: 8:24:23, time: 0.394, data_time: 0.014, memory: 23314, loss_cls: 0.4117, loss_bbox: 0.4230, loss_kps: 0.0000, loss: 0.8347, grad_norm: 6.7606
2026-09-30 07:46:27,863 - mmdet - INFO - Epoch [13][3900/4741]	lr: 3.778e-07, eta: 8:24:07, time: 0.408, data_time: 0.018, memory: 23314, loss_cls: 0.4093, loss_bbox: 0.4208, loss_kps: 0.0000, loss: 0.8300, grad_norm: 6.8801
2026-09-30 07:46:48,158 - mmdet - INFO - Epoch [13][3950/4741]	lr: 3.778e-07, eta: 8:23:51, time: 0.406, data_time: 0.015, memory: 23314, loss_cls: 0.4192, loss_bbox: 0.4289, loss_kps: 0.0000, loss: 0.8480, grad_norm: 6.7821
2026-09-30 07:47:08,391 - mmdet - INFO - Epoch [13][4000/4741]	lr: 3.778e-07, eta: 8:23:35, time: 0.404, data_time: 0.016, memory: 23314, loss_cls: 0.4276, loss_bbox: 0.4309, loss_kps: 0.0000, loss: 0.8585, grad_norm: 6.9478
2026-09-30 07:47:28,422 - mmdet - INFO - Epoch [13][4050/4741]	lr: 3.778e-07, eta: 8:23:18, time: 0.400, data_time: 0.018, memory: 23314, loss_cls: 0.4214, loss_bbox: 0.4337, loss_kps: 0.0000, loss: 0.8551, grad_norm: 7.1061
2026-09-30 07:47:48,988 - mmdet - INFO - Epoch [13][4100/4741]	lr: 3.778e-07, eta: 8:23:02, time: 0.411, data_time: 0.017, memory: 23314, loss_cls: 0.4276, loss_bbox: 0.4336, loss_kps: 0.0000, loss: 0.8612, grad_norm: 7.1558
2026-09-30 07:48:09,016 - mmdet - INFO - Epoch [13][4150/4741]	lr: 3.778e-07, eta: 8:22:45, time: 0.401, data_time: 0.017, memory: 23314, loss_cls: 0.4157, loss_bbox: 0.4260, loss_kps: 0.0000, loss: 0.8418, grad_norm: 6.8452
2026-09-30 07:48:28,695 - mmdet - INFO - Epoch [13][4200/4741]	lr: 3.778e-07, eta: 8:22:28, time: 0.393, data_time: 0.017, memory: 23314, loss_cls: 0.4148, loss_bbox: 0.4310, loss_kps: 0.0000, loss: 0.8458, grad_norm: 6.8916
2026-09-30 07:48:48,867 - mmdet - INFO - Epoch [13][4250/4741]	lr: 3.778e-07, eta: 8:22:12, time: 0.403, data_time: 0.017, memory: 23314, loss_cls: 0.4165, loss_bbox: 0.4307, loss_kps: 0.0000, loss: 0.8472, grad_norm: 6.9090
2026-09-30 07:49:09,038 - mmdet - INFO - Epoch [13][4300/4741]	lr: 3.778e-07, eta: 8:21:55, time: 0.404, data_time: 0.018, memory: 23314, loss_cls: 0.4255, loss_bbox: 0.4340, loss_kps: 0.0000, loss: 0.8595, grad_norm: 6.7060
2026-09-30 07:49:29,348 - mmdet - INFO - Epoch [13][4350/4741]	lr: 3.778e-07, eta: 8:21:39, time: 0.406, data_time: 0.018, memory: 23314, loss_cls: 0.4261, loss_bbox: 0.4326, loss_kps: 0.0000, loss: 0.8587, grad_norm: 6.9852
2026-09-30 07:49:49,494 - mmdet - INFO - Epoch [13][4400/4741]	lr: 3.778e-07, eta: 8:21:23, time: 0.404, data_time: 0.017, memory: 23314, loss_cls: 0.4265, loss_bbox: 0.4269, loss_kps: 0.0000, loss: 0.8534, grad_norm: 6.5983
2026-09-30 07:50:09,680 - mmdet - INFO - Epoch [13][4450/4741]	lr: 3.778e-07, eta: 8:21:06, time: 0.403, data_time: 0.016, memory: 23314, loss_cls: 0.4237, loss_bbox: 0.4395, loss_kps: 0.0000, loss: 0.8632, grad_norm: 6.8140
2026-09-30 07:50:29,745 - mmdet - INFO - Epoch [13][4500/4741]	lr: 3.778e-07, eta: 8:20:49, time: 0.402, data_time: 0.017, memory: 23314, loss_cls: 0.4183, loss_bbox: 0.4320, loss_kps: 0.0000, loss: 0.8504, grad_norm: 6.5463
2026-09-30 07:50:49,719 - mmdet - INFO - Epoch [13][4550/4741]	lr: 3.778e-07, eta: 8:20:33, time: 0.400, data_time: 0.016, memory: 23314, loss_cls: 0.4376, loss_bbox: 0.4463, loss_kps: 0.0000, loss: 0.8839, grad_norm: 6.7940
2026-09-30 07:51:10,234 - mmdet - INFO - Epoch [13][4600/4741]	lr: 3.778e-07, eta: 8:20:17, time: 0.410, data_time: 0.018, memory: 23314, loss_cls: 0.4320, loss_bbox: 0.4267, loss_kps: 0.0000, loss: 0.8586, grad_norm: 6.6868
2026-09-30 07:51:30,262 - mmdet - INFO - Epoch [13][4650/4741]	lr: 3.778e-07, eta: 8:20:00, time: 0.400, data_time: 0.017, memory: 23314, loss_cls: 0.4260, loss_bbox: 0.4452, loss_kps: 0.0000, loss: 0.8712, grad_norm: 6.8658
2026-09-30 07:51:50,945 - mmdet - INFO - Epoch [13][4700/4741]	lr: 3.778e-07, eta: 8:19:44, time: 0.415, data_time: 0.017, memory: 23314, loss_cls: 0.4222, loss_bbox: 0.4399, loss_kps: 0.0000, loss: 0.8621, grad_norm: 6.6688
2026-09-30 07:52:03,366 - mmdet - INFO - Saving checkpoint at 13 epochs
2026-09-30 07:52:44,077 - mmdet - INFO - Epoch [14][50/4741]	lr: 3.778e-07, eta: 8:18:57, time: 0.472, data_time: 0.098, memory: 23314, loss_cls: 0.4228, loss_bbox: 0.4264, loss_kps: 0.0000, loss: 0.8492, grad_norm: 6.3216
2026-09-30 07:53:04,010 - mmdet - INFO - Epoch [14][100/4741]	lr: 3.778e-07, eta: 8:18:40, time: 0.399, data_time: 0.017, memory: 23314, loss_cls: 0.4319, loss_bbox: 0.4294, loss_kps: 0.0000, loss: 0.8612, grad_norm: 7.0241
2026-09-30 07:53:23,950 - mmdet - INFO - Epoch [14][150/4741]	lr: 3.778e-07, eta: 8:18:23, time: 0.399, data_time: 0.015, memory: 23314, loss_cls: 0.4179, loss_bbox: 0.4310, loss_kps: 0.0000, loss: 0.8488, grad_norm: 7.0625
2026-09-30 07:53:43,353 - mmdet - INFO - Epoch [14][200/4741]	lr: 3.778e-07, eta: 8:18:06, time: 0.388, data_time: 0.015, memory: 23314, loss_cls: 0.4355, loss_bbox: 0.4274, loss_kps: 0.0000, loss: 0.8628, grad_norm: 6.8776
2026-09-30 07:54:02,523 - mmdet - INFO - Epoch [14][250/4741]	lr: 3.778e-07, eta: 8:17:48, time: 0.384, data_time: 0.016, memory: 23314, loss_cls: 0.4148, loss_bbox: 0.4258, loss_kps: 0.0000, loss: 0.8406, grad_norm: 7.3566
2026-09-30 07:54:20,841 - mmdet - INFO - Epoch [14][300/4741]	lr: 3.778e-07, eta: 8:17:29, time: 0.366, data_time: 0.014, memory: 23314, loss_cls: 0.4211, loss_bbox: 0.4327, loss_kps: 0.0000, loss: 0.8538, grad_norm: 7.0440
2026-09-30 07:54:39,106 - mmdet - INFO - Epoch [14][350/4741]	lr: 3.778e-07, eta: 8:17:10, time: 0.366, data_time: 0.016, memory: 23314, loss_cls: 0.4251, loss_bbox: 0.4369, loss_kps: 0.0000, loss: 0.8620, grad_norm: 7.4086
2026-09-30 07:54:58,020 - mmdet - INFO - Epoch [14][400/4741]	lr: 3.778e-07, eta: 8:16:52, time: 0.378, data_time: 0.013, memory: 23314, loss_cls: 0.4253, loss_bbox: 0.4301, loss_kps: 0.0000, loss: 0.8554, grad_norm: 6.9133
2026-09-30 07:55:16,810 - mmdet - INFO - Epoch [14][450/4741]	lr: 3.778e-07, eta: 8:16:33, time: 0.375, data_time: 0.014, memory: 23314, loss_cls: 0.4050, loss_bbox: 0.4227, loss_kps: 0.0000, loss: 0.8277, grad_norm: 6.9435
2026-09-30 07:55:36,576 - mmdet - INFO - Epoch [14][500/4741]	lr: 3.778e-07, eta: 8:16:16, time: 0.395, data_time: 0.015, memory: 23314, loss_cls: 0.4173, loss_bbox: 0.4250, loss_kps: 0.0000, loss: 0.8423, grad_norm: 6.6036
2026-09-30 07:55:56,469 - mmdet - INFO - Epoch [14][550/4741]	lr: 3.778e-07, eta: 8:15:59, time: 0.397, data_time: 0.017, memory: 23314, loss_cls: 0.4249, loss_bbox: 0.4230, loss_kps: 0.0000, loss: 0.8479, grad_norm: 6.9208
2026-09-30 07:56:16,281 - mmdet - INFO - Epoch [14][600/4741]	lr: 3.778e-07, eta: 8:15:42, time: 0.397, data_time: 0.015, memory: 23314, loss_cls: 0.4330, loss_bbox: 0.4385, loss_kps: 0.0000, loss: 0.8715, grad_norm: 6.8978
2026-09-30 07:56:35,931 - mmdet - INFO - Epoch [14][650/4741]	lr: 3.778e-07, eta: 8:15:25, time: 0.393, data_time: 0.014, memory: 23314, loss_cls: 0.4251, loss_bbox: 0.4307, loss_kps: 0.0000, loss: 0.8558, grad_norm: 6.8246
2026-09-30 07:56:55,622 - mmdet - INFO - Epoch [14][700/4741]	lr: 3.778e-07, eta: 8:15:08, time: 0.393, data_time: 0.015, memory: 23314, loss_cls: 0.4302, loss_bbox: 0.4294, loss_kps: 0.0000, loss: 0.8596, grad_norm: 6.8497
2026-09-30 07:57:15,828 - mmdet - INFO - Epoch [14][750/4741]	lr: 3.778e-07, eta: 8:14:51, time: 0.404, data_time: 0.018, memory: 23314, loss_cls: 0.4295, loss_bbox: 0.4296, loss_kps: 0.0000, loss: 0.8591, grad_norm: 6.6796
2026-09-30 07:57:36,039 - mmdet - INFO - Epoch [14][800/4741]	lr: 3.778e-07, eta: 8:14:35, time: 0.404, data_time: 0.017, memory: 23314, loss_cls: 0.4185, loss_bbox: 0.4313, loss_kps: 0.0000, loss: 0.8498, grad_norm: 7.1457
2026-09-30 07:57:56,281 - mmdet - INFO - Epoch [14][850/4741]	lr: 3.778e-07, eta: 8:14:19, time: 0.405, data_time: 0.016, memory: 23314, loss_cls: 0.4300, loss_bbox: 0.4312, loss_kps: 0.0000, loss: 0.8611, grad_norm: 6.7988
2026-09-30 07:58:16,250 - mmdet - INFO - Epoch [14][900/4741]	lr: 3.778e-07, eta: 8:14:02, time: 0.400, data_time: 0.016, memory: 23314, loss_cls: 0.4215, loss_bbox: 0.4295, loss_kps: 0.0000, loss: 0.8510, grad_norm: 7.4832
2026-09-30 07:58:36,134 - mmdet - INFO - Epoch [14][950/4741]	lr: 3.778e-07, eta: 8:13:45, time: 0.397, data_time: 0.016, memory: 23314, loss_cls: 0.4385, loss_bbox: 0.4427, loss_kps: 0.0000, loss: 0.8812, grad_norm: 7.0095
2026-09-30 07:58:55,777 - mmdet - INFO - Epoch [14][1000/4741]	lr: 3.778e-07, eta: 8:13:27, time: 0.393, data_time: 0.016, memory: 23314, loss_cls: 0.4284, loss_bbox: 0.4278, loss_kps: 0.0000, loss: 0.8562, grad_norm: 6.8271
2026-09-30 07:59:15,655 - mmdet - INFO - Epoch [14][1050/4741]	lr: 3.778e-07, eta: 8:13:10, time: 0.397, data_time: 0.016, memory: 23314, loss_cls: 0.4254, loss_bbox: 0.4270, loss_kps: 0.0000, loss: 0.8523, grad_norm: 7.1481
2026-09-30 07:59:35,281 - mmdet - INFO - Epoch [14][1100/4741]	lr: 3.778e-07, eta: 8:12:53, time: 0.392, data_time: 0.017, memory: 23314, loss_cls: 0.4036, loss_bbox: 0.4228, loss_kps: 0.0000, loss: 0.8264, grad_norm: 7.1268
2026-09-30 07:59:55,614 - mmdet - INFO - Epoch [14][1150/4741]	lr: 3.778e-07, eta: 8:12:37, time: 0.407, data_time: 0.030, memory: 23314, loss_cls: 0.4256, loss_bbox: 0.4256, loss_kps: 0.0000, loss: 0.8512, grad_norm: 7.0521
2026-09-30 08:00:16,217 - mmdet - INFO - Epoch [14][1200/4741]	lr: 3.778e-07, eta: 8:12:21, time: 0.412, data_time: 0.016, memory: 23314, loss_cls: 0.4207, loss_bbox: 0.4186, loss_kps: 0.0000, loss: 0.8393, grad_norm: 7.3354
2026-09-30 08:00:35,969 - mmdet - INFO - Epoch [14][1250/4741]	lr: 3.778e-07, eta: 8:12:03, time: 0.394, data_time: 0.016, memory: 23314, loss_cls: 0.4099, loss_bbox: 0.4200, loss_kps: 0.0000, loss: 0.8298, grad_norm: 6.4797
2026-09-30 08:00:55,242 - mmdet - INFO - Epoch [14][1300/4741]	lr: 3.778e-07, eta: 8:11:46, time: 0.386, data_time: 0.017, memory: 23314, loss_cls: 0.4185, loss_bbox: 0.4260, loss_kps: 0.0000, loss: 0.8445, grad_norm: 7.2033
2026-09-30 08:01:14,808 - mmdet - INFO - Epoch [14][1350/4741]	lr: 3.778e-07, eta: 8:11:28, time: 0.391, data_time: 0.016, memory: 23314, loss_cls: 0.4121, loss_bbox: 0.4283, loss_kps: 0.0000, loss: 0.8404, grad_norm: 7.7892
2026-09-30 08:01:34,642 - mmdet - INFO - Epoch [14][1400/4741]	lr: 3.778e-07, eta: 8:11:11, time: 0.397, data_time: 0.018, memory: 23314, loss_cls: 0.4266, loss_bbox: 0.4338, loss_kps: 0.0000, loss: 0.8604, grad_norm: 6.5450
2026-09-30 08:01:54,064 - mmdet - INFO - Epoch [14][1450/4741]	lr: 3.778e-07, eta: 8:10:54, time: 0.388, data_time: 0.018, memory: 23314, loss_cls: 0.4299, loss_bbox: 0.4346, loss_kps: 0.0000, loss: 0.8645, grad_norm: 7.0296
2026-09-30 08:02:13,572 - mmdet - INFO - Epoch [14][1500/4741]	lr: 3.778e-07, eta: 8:10:36, time: 0.390, data_time: 0.017, memory: 23314, loss_cls: 0.4395, loss_bbox: 0.4300, loss_kps: 0.0000, loss: 0.8695, grad_norm: 7.0346
2026-09-30 08:02:32,671 - mmdet - INFO - Epoch [14][1550/4741]	lr: 3.778e-07, eta: 8:10:18, time: 0.382, data_time: 0.017, memory: 23314, loss_cls: 0.4154, loss_bbox: 0.4273, loss_kps: 0.0000, loss: 0.8427, grad_norm: 7.0330
2026-09-30 08:02:51,244 - mmdet - INFO - Epoch [14][1600/4741]	lr: 3.778e-07, eta: 8:10:00, time: 0.371, data_time: 0.016, memory: 23314, loss_cls: 0.4048, loss_bbox: 0.4216, loss_kps: 0.0000, loss: 0.8264, grad_norm: 6.9611
2026-09-30 08:03:09,534 - mmdet - INFO - Epoch [14][1650/4741]	lr: 3.778e-07, eta: 8:09:41, time: 0.366, data_time: 0.015, memory: 23314, loss_cls: 0.4329, loss_bbox: 0.4297, loss_kps: 0.0000, loss: 0.8626, grad_norm: 7.3097
2026-09-30 08:03:28,101 - mmdet - INFO - Epoch [14][1700/4741]	lr: 3.778e-07, eta: 8:09:22, time: 0.371, data_time: 0.016, memory: 23314, loss_cls: 0.4137, loss_bbox: 0.4308, loss_kps: 0.0000, loss: 0.8445, grad_norm: 6.7755
2026-09-30 08:03:46,648 - mmdet - INFO - Epoch [14][1750/4741]	lr: 3.778e-07, eta: 8:09:03, time: 0.371, data_time: 0.016, memory: 23314, loss_cls: 0.4203, loss_bbox: 0.4262, loss_kps: 0.0000, loss: 0.8465, grad_norm: 7.4209
2026-09-30 08:04:04,934 - mmdet - INFO - Epoch [14][1800/4741]	lr: 3.778e-07, eta: 8:08:44, time: 0.366, data_time: 0.016, memory: 23314, loss_cls: 0.4284, loss_bbox: 0.4330, loss_kps: 0.0000, loss: 0.8614, grad_norm: 6.7384
2026-09-30 08:04:23,255 - mmdet - INFO - Epoch [14][1850/4741]	lr: 3.778e-07, eta: 8:08:25, time: 0.367, data_time: 0.014, memory: 23314, loss_cls: 0.4075, loss_bbox: 0.4276, loss_kps: 0.0000, loss: 0.8351, grad_norm: 6.6329
2026-09-30 08:04:41,973 - mmdet - INFO - Epoch [14][1900/4741]	lr: 3.778e-07, eta: 8:08:07, time: 0.374, data_time: 0.014, memory: 23314, loss_cls: 0.4255, loss_bbox: 0.4270, loss_kps: 0.0000, loss: 0.8526, grad_norm: 6.9545
2026-09-30 08:05:00,472 - mmdet - INFO - Epoch [14][1950/4741]	lr: 3.778e-07, eta: 8:07:48, time: 0.370, data_time: 0.014, memory: 23314, loss_cls: 0.4115, loss_bbox: 0.4336, loss_kps: 0.0000, loss: 0.8450, grad_norm: 6.4831
2026-09-30 08:05:18,803 - mmdet - INFO - Epoch [14][2000/4741]	lr: 3.778e-07, eta: 8:07:29, time: 0.367, data_time: 0.015, memory: 23314, loss_cls: 0.4323, loss_bbox: 0.4336, loss_kps: 0.0000, loss: 0.8658, grad_norm: 7.0003
2026-09-30 08:05:37,353 - mmdet - INFO - Epoch [14][2050/4741]	lr: 3.778e-07, eta: 8:07:10, time: 0.371, data_time: 0.014, memory: 23314, loss_cls: 0.4289, loss_bbox: 0.4373, loss_kps: 0.0000, loss: 0.8661, grad_norm: 6.5942
2026-09-30 08:05:56,240 - mmdet - INFO - Epoch [14][2100/4741]	lr: 3.778e-07, eta: 8:06:52, time: 0.377, data_time: 0.015, memory: 23314, loss_cls: 0.4248, loss_bbox: 0.4269, loss_kps: 0.0000, loss: 0.8518, grad_norm: 6.5933
2026-09-30 08:06:14,753 - mmdet - INFO - Epoch [14][2150/4741]	lr: 3.778e-07, eta: 8:06:33, time: 0.371, data_time: 0.015, memory: 23314, loss_cls: 0.4165, loss_bbox: 0.4274, loss_kps: 0.0000, loss: 0.8439, grad_norm: 6.5119
2026-09-30 08:06:33,591 - mmdet - INFO - Epoch [14][2200/4741]	lr: 3.778e-07, eta: 8:06:15, time: 0.377, data_time: 0.016, memory: 23314, loss_cls: 0.4228, loss_bbox: 0.4328, loss_kps: 0.0000, loss: 0.8556, grad_norm: 6.6827
2026-09-30 08:06:52,153 - mmdet - INFO - Epoch [14][2250/4741]	lr: 3.778e-07, eta: 8:05:56, time: 0.371, data_time: 0.014, memory: 23314, loss_cls: 0.4061, loss_bbox: 0.4284, loss_kps: 0.0000, loss: 0.8345, grad_norm: 7.0396
2026-09-30 08:07:10,515 - mmdet - INFO - Epoch [14][2300/4741]	lr: 3.778e-07, eta: 8:05:38, time: 0.367, data_time: 0.016, memory: 23314, loss_cls: 0.4285, loss_bbox: 0.4325, loss_kps: 0.0000, loss: 0.8610, grad_norm: 6.8070
2026-09-30 08:07:29,190 - mmdet - INFO - Epoch [14][2350/4741]	lr: 3.778e-07, eta: 8:05:19, time: 0.374, data_time: 0.015, memory: 23314, loss_cls: 0.4302, loss_bbox: 0.4305, loss_kps: 0.0000, loss: 0.8606, grad_norm: 6.9238
2026-09-30 08:07:47,418 - mmdet - INFO - Epoch [14][2400/4741]	lr: 3.778e-07, eta: 8:05:00, time: 0.365, data_time: 0.014, memory: 23314, loss_cls: 0.4288, loss_bbox: 0.4294, loss_kps: 0.0000, loss: 0.8581, grad_norm: 7.1785
2026-09-30 08:08:05,722 - mmdet - INFO - Epoch [14][2450/4741]	lr: 3.778e-07, eta: 8:04:41, time: 0.365, data_time: 0.016, memory: 23314, loss_cls: 0.4044, loss_bbox: 0.4190, loss_kps: 0.0000, loss: 0.8234, grad_norm: 7.0679
2026-09-30 08:08:23,927 - mmdet - INFO - Epoch [14][2500/4741]	lr: 3.778e-07, eta: 8:04:22, time: 0.364, data_time: 0.016, memory: 23314, loss_cls: 0.4093, loss_bbox: 0.4120, loss_kps: 0.0000, loss: 0.8213, grad_norm: 6.9882
2026-09-30 08:08:43,313 - mmdet - INFO - Epoch [14][2550/4741]	lr: 3.778e-07, eta: 8:04:04, time: 0.388, data_time: 0.017, memory: 23314, loss_cls: 0.4141, loss_bbox: 0.4084, loss_kps: 0.0000, loss: 0.8225, grad_norm: 6.4774
2026-09-30 08:09:03,705 - mmdet - INFO - Epoch [14][2600/4741]	lr: 3.778e-07, eta: 8:03:48, time: 0.407, data_time: 0.016, memory: 23314, loss_cls: 0.4266, loss_bbox: 0.4416, loss_kps: 0.0000, loss: 0.8681, grad_norm: 6.6539
2026-09-30 08:09:23,689 - mmdet - INFO - Epoch [14][2650/4741]	lr: 3.778e-07, eta: 8:03:31, time: 0.400, data_time: 0.015, memory: 23314, loss_cls: 0.4299, loss_bbox: 0.4425, loss_kps: 0.0000, loss: 0.8725, grad_norm: 6.7060
2026-09-30 08:09:42,769 - mmdet - INFO - Epoch [14][2700/4741]	lr: 3.778e-07, eta: 8:03:13, time: 0.382, data_time: 0.014, memory: 23314, loss_cls: 0.3993, loss_bbox: 0.4202, loss_kps: 0.0000, loss: 0.8194, grad_norm: 7.1945
2026-09-30 08:10:01,045 - mmdet - INFO - Epoch [14][2750/4741]	lr: 3.778e-07, eta: 8:02:54, time: 0.365, data_time: 0.015, memory: 23314, loss_cls: 0.4389, loss_bbox: 0.4379, loss_kps: 0.0000, loss: 0.8768, grad_norm: 7.1723
2026-09-30 08:10:19,300 - mmdet - INFO - Epoch [14][2800/4741]	lr: 3.778e-07, eta: 8:02:35, time: 0.365, data_time: 0.014, memory: 23314, loss_cls: 0.4242, loss_bbox: 0.4289, loss_kps: 0.0000, loss: 0.8531, grad_norm: 6.8178
2026-09-30 08:10:38,163 - mmdet - INFO - Epoch [14][2850/4741]	lr: 3.778e-07, eta: 8:02:16, time: 0.376, data_time: 0.016, memory: 23314, loss_cls: 0.4273, loss_bbox: 0.4336, loss_kps: 0.0000, loss: 0.8609, grad_norm: 6.9777
2026-09-30 08:10:56,680 - mmdet - INFO - Epoch [14][2900/4741]	lr: 3.778e-07, eta: 8:01:58, time: 0.371, data_time: 0.013, memory: 23314, loss_cls: 0.4108, loss_bbox: 0.4253, loss_kps: 0.0000, loss: 0.8360, grad_norm: 6.8001
2026-09-30 08:11:15,115 - mmdet - INFO - Epoch [14][2950/4741]	lr: 3.778e-07, eta: 8:01:39, time: 0.369, data_time: 0.016, memory: 23314, loss_cls: 0.4186, loss_bbox: 0.4290, loss_kps: 0.0000, loss: 0.8476, grad_norm: 6.9786
2026-09-30 08:11:33,568 - mmdet - INFO - Epoch [14][3000/4741]	lr: 3.778e-07, eta: 8:01:20, time: 0.369, data_time: 0.016, memory: 23314, loss_cls: 0.4203, loss_bbox: 0.4209, loss_kps: 0.0000, loss: 0.8412, grad_norm: 6.6423
2026-09-30 08:11:51,787 - mmdet - INFO - Epoch [14][3050/4741]	lr: 3.778e-07, eta: 8:01:01, time: 0.365, data_time: 0.017, memory: 23314, loss_cls: 0.4205, loss_bbox: 0.4187, loss_kps: 0.0000, loss: 0.8391, grad_norm: 6.6207
2026-09-30 08:12:10,584 - mmdet - INFO - Epoch [14][3100/4741]	lr: 3.778e-07, eta: 8:00:43, time: 0.375, data_time: 0.015, memory: 23314, loss_cls: 0.4117, loss_bbox: 0.4299, loss_kps: 0.0000, loss: 0.8416, grad_norm: 6.7877
2026-09-30 08:12:28,721 - mmdet - INFO - Epoch [14][3150/4741]	lr: 3.778e-07, eta: 8:00:23, time: 0.363, data_time: 0.016, memory: 23314, loss_cls: 0.4176, loss_bbox: 0.4339, loss_kps: 0.0000, loss: 0.8514, grad_norm: 6.9298
2026-09-30 08:12:47,080 - mmdet - INFO - Epoch [14][3200/4741]	lr: 3.778e-07, eta: 8:00:05, time: 0.367, data_time: 0.016, memory: 23314, loss_cls: 0.4142, loss_bbox: 0.4249, loss_kps: 0.0000, loss: 0.8391, grad_norm: 6.7908
2026-09-30 08:13:05,289 - mmdet - INFO - Epoch [14][3250/4741]	lr: 3.778e-07, eta: 7:59:45, time: 0.365, data_time: 0.016, memory: 23314, loss_cls: 0.4018, loss_bbox: 0.4245, loss_kps: 0.0000, loss: 0.8263, grad_norm: 6.9551
2026-09-30 08:13:23,576 - mmdet - INFO - Epoch [14][3300/4741]	lr: 3.778e-07, eta: 7:59:26, time: 0.365, data_time: 0.015, memory: 23314, loss_cls: 0.4169, loss_bbox: 0.4285, loss_kps: 0.0000, loss: 0.8455, grad_norm: 6.7478
2026-09-30 08:13:42,251 - mmdet - INFO - Epoch [14][3350/4741]	lr: 3.778e-07, eta: 7:59:08, time: 0.374, data_time: 0.016, memory: 23314, loss_cls: 0.4086, loss_bbox: 0.4256, loss_kps: 0.0000, loss: 0.8343, grad_norm: 6.6283
2026-09-30 08:14:00,683 - mmdet - INFO - Epoch [14][3400/4741]	lr: 3.778e-07, eta: 7:58:49, time: 0.369, data_time: 0.016, memory: 23314, loss_cls: 0.4378, loss_bbox: 0.4399, loss_kps: 0.0000, loss: 0.8777, grad_norm: 7.1078
2026-09-30 08:14:19,091 - mmdet - INFO - Epoch [14][3450/4741]	lr: 3.778e-07, eta: 7:58:30, time: 0.367, data_time: 0.016, memory: 23314, loss_cls: 0.4369, loss_bbox: 0.4232, loss_kps: 0.0000, loss: 0.8601, grad_norm: 6.9186
2026-09-30 08:14:37,246 - mmdet - INFO - Epoch [14][3500/4741]	lr: 3.778e-07, eta: 7:58:11, time: 0.364, data_time: 0.017, memory: 23314, loss_cls: 0.4118, loss_bbox: 0.4301, loss_kps: 0.0000, loss: 0.8420, grad_norm: 6.5584
2026-09-30 08:14:55,971 - mmdet - INFO - Epoch [14][3550/4741]	lr: 3.778e-07, eta: 7:57:53, time: 0.374, data_time: 0.016, memory: 23314, loss_cls: 0.4283, loss_bbox: 0.4233, loss_kps: 0.0000, loss: 0.8517, grad_norm: 6.7690
2026-09-30 08:15:14,051 - mmdet - INFO - Epoch [14][3600/4741]	lr: 3.778e-07, eta: 7:57:33, time: 0.362, data_time: 0.017, memory: 23314, loss_cls: 0.4325, loss_bbox: 0.4300, loss_kps: 0.0000, loss: 0.8625, grad_norm: 6.7649
2026-09-30 08:15:32,603 - mmdet - INFO - Epoch [14][3650/4741]	lr: 3.778e-07, eta: 7:57:15, time: 0.371, data_time: 0.015, memory: 23314, loss_cls: 0.4174, loss_bbox: 0.4251, loss_kps: 0.0000, loss: 0.8425, grad_norm: 7.0762
2026-09-30 08:15:51,096 - mmdet - INFO - Epoch [14][3700/4741]	lr: 3.778e-07, eta: 7:56:56, time: 0.369, data_time: 0.015, memory: 23314, loss_cls: 0.4144, loss_bbox: 0.4394, loss_kps: 0.0000, loss: 0.8538, grad_norm: 7.1370
2026-09-30 08:16:09,898 - mmdet - INFO - Epoch [14][3750/4741]	lr: 3.778e-07, eta: 7:56:38, time: 0.377, data_time: 0.017, memory: 23314, loss_cls: 0.4147, loss_bbox: 0.4200, loss_kps: 0.0000, loss: 0.8347, grad_norm: 7.3590
2026-09-30 08:16:28,652 - mmdet - INFO - Epoch [14][3800/4741]	lr: 3.778e-07, eta: 7:56:19, time: 0.374, data_time: 0.015, memory: 23314, loss_cls: 0.4193, loss_bbox: 0.4207, loss_kps: 0.0000, loss: 0.8400, grad_norm: 6.7971
2026-09-30 08:16:46,793 - mmdet - INFO - Epoch [14][3850/4741]	lr: 3.778e-07, eta: 7:56:00, time: 0.363, data_time: 0.017, memory: 23314, loss_cls: 0.4342, loss_bbox: 0.4357, loss_kps: 0.0000, loss: 0.8700, grad_norm: 6.8760
2026-09-30 08:17:05,272 - mmdet - INFO - Epoch [14][3900/4741]	lr: 3.778e-07, eta: 7:55:41, time: 0.369, data_time: 0.016, memory: 23314, loss_cls: 0.4051, loss_bbox: 0.4294, loss_kps: 0.0000, loss: 0.8346, grad_norm: 6.7829
2026-09-30 08:17:23,864 - mmdet - INFO - Epoch [14][3950/4741]	lr: 3.778e-07, eta: 7:55:23, time: 0.372, data_time: 0.018, memory: 23314, loss_cls: 0.4211, loss_bbox: 0.4276, loss_kps: 0.0000, loss: 0.8487, grad_norm: 6.5716
2026-09-30 08:17:42,223 - mmdet - INFO - Epoch [14][4000/4741]	lr: 3.778e-07, eta: 7:55:04, time: 0.367, data_time: 0.016, memory: 23314, loss_cls: 0.4158, loss_bbox: 0.4313, loss_kps: 0.0000, loss: 0.8471, grad_norm: 6.6362
2026-09-30 08:18:00,524 - mmdet - INFO - Epoch [14][4050/4741]	lr: 3.778e-07, eta: 7:54:45, time: 0.366, data_time: 0.017, memory: 23314, loss_cls: 0.4310, loss_bbox: 0.4264, loss_kps: 0.0000, loss: 0.8573, grad_norm: 6.6891
2026-09-30 08:18:18,770 - mmdet - INFO - Epoch [14][4100/4741]	lr: 3.778e-07, eta: 7:54:26, time: 0.365, data_time: 0.017, memory: 23314, loss_cls: 0.4188, loss_bbox: 0.4277, loss_kps: 0.0000, loss: 0.8464, grad_norm: 6.6371
2026-09-30 08:18:37,203 - mmdet - INFO - Epoch [14][4150/4741]	lr: 3.778e-07, eta: 7:54:07, time: 0.368, data_time: 0.016, memory: 23314, loss_cls: 0.4256, loss_bbox: 0.4218, loss_kps: 0.0000, loss: 0.8474, grad_norm: 6.9491
2026-09-30 08:18:56,045 - mmdet - INFO - Epoch [14][4200/4741]	lr: 3.778e-07, eta: 7:53:49, time: 0.377, data_time: 0.016, memory: 23314, loss_cls: 0.4155, loss_bbox: 0.4220, loss_kps: 0.0000, loss: 0.8374, grad_norm: 6.5515
2026-09-30 08:19:14,378 - mmdet - INFO - Epoch [14][4250/4741]	lr: 3.778e-07, eta: 7:53:30, time: 0.367, data_time: 0.018, memory: 23314, loss_cls: 0.3910, loss_bbox: 0.4078, loss_kps: 0.0000, loss: 0.7988, grad_norm: 6.8970
2026-09-30 08:19:32,705 - mmdet - INFO - Epoch [14][4300/4741]	lr: 3.778e-07, eta: 7:53:11, time: 0.368, data_time: 0.017, memory: 23314, loss_cls: 0.4124, loss_bbox: 0.4259, loss_kps: 0.0000, loss: 0.8383, grad_norm: 7.1135
2026-09-30 08:19:51,317 - mmdet - INFO - Epoch [14][4350/4741]	lr: 3.778e-07, eta: 7:52:52, time: 0.372, data_time: 0.016, memory: 23314, loss_cls: 0.4127, loss_bbox: 0.4327, loss_kps: 0.0000, loss: 0.8455, grad_norm: 6.7594
2026-09-30 08:20:09,590 - mmdet - INFO - Epoch [14][4400/4741]	lr: 3.778e-07, eta: 7:52:33, time: 0.365, data_time: 0.016, memory: 23314, loss_cls: 0.4117, loss_bbox: 0.4213, loss_kps: 0.0000, loss: 0.8330, grad_norm: 6.8817
2026-09-30 08:20:26,986 - mmdet - INFO - Epoch [14][4450/4741]	lr: 3.778e-07, eta: 7:52:13, time: 0.348, data_time: 0.015, memory: 23314, loss_cls: 0.4178, loss_bbox: 0.4157, loss_kps: 0.0000, loss: 0.8335, grad_norm: 7.0742
2026-09-30 08:20:44,497 - mmdet - INFO - Epoch [14][4500/4741]	lr: 3.778e-07, eta: 7:51:53, time: 0.350, data_time: 0.014, memory: 23314, loss_cls: 0.4260, loss_bbox: 0.4200, loss_kps: 0.0000, loss: 0.8460, grad_norm: 7.1481
2026-09-30 08:21:02,166 - mmdet - INFO - Epoch [14][4550/4741]	lr: 3.778e-07, eta: 7:51:34, time: 0.354, data_time: 0.015, memory: 23314, loss_cls: 0.4352, loss_bbox: 0.4374, loss_kps: 0.0000, loss: 0.8726, grad_norm: 7.1116
2026-09-30 08:21:19,814 - mmdet - INFO - Epoch [14][4600/4741]	lr: 3.778e-07, eta: 7:51:14, time: 0.352, data_time: 0.014, memory: 23314, loss_cls: 0.4011, loss_bbox: 0.4277, loss_kps: 0.0000, loss: 0.8288, grad_norm: 6.9262
2026-09-30 08:21:37,288 - mmdet - INFO - Epoch [14][4650/4741]	lr: 3.778e-07, eta: 7:50:54, time: 0.350, data_time: 0.014, memory: 23314, loss_cls: 0.4164, loss_bbox: 0.4242, loss_kps: 0.0000, loss: 0.8405, grad_norm: 7.1143
2026-09-30 08:21:54,807 - mmdet - INFO - Epoch [14][4700/4741]	lr: 3.778e-07, eta: 7:50:34, time: 0.350, data_time: 0.014, memory: 23314, loss_cls: 0.4164, loss_bbox: 0.4239, loss_kps: 0.0000, loss: 0.8403, grad_norm: 6.9022
2026-09-30 08:22:06,304 - mmdet - INFO - Saving checkpoint at 14 epochs
2026-09-30 08:22:41,865 - mmdet - INFO - Epoch [15][50/4741]	lr: 3.778e-07, eta: 7:49:45, time: 0.414, data_time: 0.083, memory: 23314, loss_cls: 0.4171, loss_bbox: 0.4310, loss_kps: 0.0000, loss: 0.8480, grad_norm: 6.7130
2026-09-30 08:22:59,257 - mmdet - INFO - Epoch [15][100/4741]	lr: 3.778e-07, eta: 7:49:25, time: 0.347, data_time: 0.013, memory: 23314, loss_cls: 0.4169, loss_bbox: 0.4174, loss_kps: 0.0000, loss: 0.8343, grad_norm: 7.0144
2026-09-30 08:23:16,586 - mmdet - INFO - Epoch [15][150/4741]	lr: 3.778e-07, eta: 7:49:05, time: 0.346, data_time: 0.013, memory: 23314, loss_cls: 0.4159, loss_bbox: 0.4355, loss_kps: 0.0000, loss: 0.8514, grad_norm: 7.1730
2026-09-30 08:23:34,050 - mmdet - INFO - Epoch [15][200/4741]	lr: 3.778e-07, eta: 7:48:45, time: 0.350, data_time: 0.014, memory: 23314, loss_cls: 0.4080, loss_bbox: 0.4205, loss_kps: 0.0000, loss: 0.8285, grad_norm: 6.8288
2026-09-30 08:23:51,668 - mmdet - INFO - Epoch [15][250/4741]	lr: 3.778e-07, eta: 7:48:26, time: 0.352, data_time: 0.016, memory: 23314, loss_cls: 0.4071, loss_bbox: 0.4145, loss_kps: 0.0000, loss: 0.8217, grad_norm: 6.6740
2026-09-30 08:24:09,645 - mmdet - INFO - Epoch [15][300/4741]	lr: 3.778e-07, eta: 7:48:06, time: 0.359, data_time: 0.013, memory: 23314, loss_cls: 0.4203, loss_bbox: 0.4287, loss_kps: 0.0000, loss: 0.8491, grad_norm: 6.9102
2026-09-30 08:24:27,489 - mmdet - INFO - Epoch [15][350/4741]	lr: 3.778e-07, eta: 7:47:47, time: 0.357, data_time: 0.013, memory: 23314, loss_cls: 0.4391, loss_bbox: 0.4404, loss_kps: 0.0000, loss: 0.8795, grad_norm: 7.1169
2026-09-30 08:24:44,801 - mmdet - INFO - Epoch [15][400/4741]	lr: 3.778e-07, eta: 7:47:27, time: 0.346, data_time: 0.014, memory: 23314, loss_cls: 0.4053, loss_bbox: 0.4260, loss_kps: 0.0000, loss: 0.8313, grad_norm: 6.9716
2026-09-30 08:25:02,395 - mmdet - INFO - Epoch [15][450/4741]	lr: 3.778e-07, eta: 7:47:07, time: 0.352, data_time: 0.014, memory: 23314, loss_cls: 0.4227, loss_bbox: 0.4313, loss_kps: 0.0000, loss: 0.8540, grad_norm: 7.0503
2026-09-30 08:25:19,689 - mmdet - INFO - Epoch [15][500/4741]	lr: 3.778e-07, eta: 7:46:47, time: 0.347, data_time: 0.015, memory: 23314, loss_cls: 0.4234, loss_bbox: 0.4261, loss_kps: 0.0000, loss: 0.8495, grad_norm: 6.8757
2026-09-30 08:25:37,095 - mmdet - INFO - Epoch [15][550/4741]	lr: 3.778e-07, eta: 7:46:27, time: 0.347, data_time: 0.015, memory: 23314, loss_cls: 0.4244, loss_bbox: 0.4227, loss_kps: 0.0000, loss: 0.8471, grad_norm: 7.1825
2026-09-30 08:25:54,413 - mmdet - INFO - Epoch [15][600/4741]	lr: 3.778e-07, eta: 7:46:07, time: 0.347, data_time: 0.014, memory: 23314, loss_cls: 0.4234, loss_bbox: 0.4350, loss_kps: 0.0000, loss: 0.8585, grad_norm: 6.9268
2026-09-30 08:26:11,954 - mmdet - INFO - Epoch [15][650/4741]	lr: 3.778e-07, eta: 7:45:48, time: 0.350, data_time: 0.013, memory: 23314, loss_cls: 0.4027, loss_bbox: 0.4194, loss_kps: 0.0000, loss: 0.8221, grad_norm: 6.6753
2026-09-30 08:26:29,479 - mmdet - INFO - Epoch [15][700/4741]	lr: 3.778e-07, eta: 7:45:28, time: 0.351, data_time: 0.014, memory: 23314, loss_cls: 0.4045, loss_bbox: 0.4286, loss_kps: 0.0000, loss: 0.8331, grad_norm: 7.2550
2026-09-30 08:26:47,611 - mmdet - INFO - Epoch [15][750/4741]	lr: 3.778e-07, eta: 7:45:09, time: 0.364, data_time: 0.015, memory: 23314, loss_cls: 0.4191, loss_bbox: 0.4263, loss_kps: 0.0000, loss: 0.8453, grad_norm: 6.9833
2026-09-30 08:27:06,217 - mmdet - INFO - Epoch [15][800/4741]	lr: 3.778e-07, eta: 7:44:50, time: 0.372, data_time: 0.014, memory: 23314, loss_cls: 0.4158, loss_bbox: 0.4170, loss_kps: 0.0000, loss: 0.8328, grad_norm: 6.6902
2026-09-30 08:27:24,934 - mmdet - INFO - Epoch [15][850/4741]	lr: 3.778e-07, eta: 7:44:32, time: 0.374, data_time: 0.014, memory: 23314, loss_cls: 0.4160, loss_bbox: 0.4312, loss_kps: 0.0000, loss: 0.8472, grad_norm: 6.7153
2026-09-30 08:27:43,930 - mmdet - INFO - Epoch [15][900/4741]	lr: 3.778e-07, eta: 7:44:14, time: 0.380, data_time: 0.014, memory: 23314, loss_cls: 0.4319, loss_bbox: 0.4370, loss_kps: 0.0000, loss: 0.8690, grad_norm: 6.9472
2026-09-30 08:28:02,426 - mmdet - INFO - Epoch [15][950/4741]	lr: 3.778e-07, eta: 7:43:55, time: 0.369, data_time: 0.015, memory: 23314, loss_cls: 0.4259, loss_bbox: 0.4353, loss_kps: 0.0000, loss: 0.8612, grad_norm: 6.7462
2026-09-30 08:28:20,741 - mmdet - INFO - Epoch [15][1000/4741]	lr: 3.778e-07, eta: 7:43:36, time: 0.367, data_time: 0.014, memory: 23314, loss_cls: 0.4122, loss_bbox: 0.4183, loss_kps: 0.0000, loss: 0.8306, grad_norm: 6.7040
2026-09-30 08:28:38,927 - mmdet - INFO - Epoch [15][1050/4741]	lr: 3.778e-07, eta: 7:43:17, time: 0.364, data_time: 0.013, memory: 23314, loss_cls: 0.4201, loss_bbox: 0.4348, loss_kps: 0.0000, loss: 0.8549, grad_norm: 6.9149
2026-09-30 08:28:57,499 - mmdet - INFO - Epoch [15][1100/4741]	lr: 3.778e-07, eta: 7:42:59, time: 0.371, data_time: 0.012, memory: 23314, loss_cls: 0.4282, loss_bbox: 0.4280, loss_kps: 0.0000, loss: 0.8562, grad_norm: 6.5213
2026-09-30 08:29:15,917 - mmdet - INFO - Epoch [15][1150/4741]	lr: 3.778e-07, eta: 7:42:40, time: 0.369, data_time: 0.013, memory: 23314, loss_cls: 0.4189, loss_bbox: 0.4244, loss_kps: 0.0000, loss: 0.8433, grad_norm: 7.2479
2026-09-30 08:29:34,209 - mmdet - INFO - Epoch [15][1200/4741]	lr: 3.778e-07, eta: 7:42:21, time: 0.365, data_time: 0.011, memory: 23314, loss_cls: 0.4365, loss_bbox: 0.4235, loss_kps: 0.0000, loss: 0.8601, grad_norm: 7.0869
2026-09-30 08:29:52,554 - mmdet - INFO - Epoch [15][1250/4741]	lr: 3.778e-07, eta: 7:42:02, time: 0.367, data_time: 0.012, memory: 23314, loss_cls: 0.4129, loss_bbox: 0.4249, loss_kps: 0.0000, loss: 0.8378, grad_norm: 6.6394
2026-09-30 08:30:11,152 - mmdet - INFO - Epoch [15][1300/4741]	lr: 3.778e-07, eta: 7:41:43, time: 0.372, data_time: 0.014, memory: 23314, loss_cls: 0.4005, loss_bbox: 0.4227, loss_kps: 0.0000, loss: 0.8232, grad_norm: 6.9144
2026-09-30 08:30:29,753 - mmdet - INFO - Epoch [15][1350/4741]	lr: 3.778e-07, eta: 7:41:25, time: 0.372, data_time: 0.012, memory: 23314, loss_cls: 0.4259, loss_bbox: 0.4191, loss_kps: 0.0000, loss: 0.8450, grad_norm: 6.6586
2026-09-30 08:30:48,093 - mmdet - INFO - Epoch [15][1400/4741]	lr: 3.778e-07, eta: 7:41:06, time: 0.367, data_time: 0.012, memory: 23314, loss_cls: 0.4167, loss_bbox: 0.4170, loss_kps: 0.0000, loss: 0.8336, grad_norm: 6.5341
2026-09-30 08:31:06,091 - mmdet - INFO - Epoch [15][1450/4741]	lr: 3.778e-07, eta: 7:40:47, time: 0.359, data_time: 0.011, memory: 23314, loss_cls: 0.4152, loss_bbox: 0.4207, loss_kps: 0.0000, loss: 0.8360, grad_norm: 7.3327
2026-09-30 08:31:24,319 - mmdet - INFO - Epoch [15][1500/4741]	lr: 3.778e-07, eta: 7:40:28, time: 0.364, data_time: 0.013, memory: 23314, loss_cls: 0.4256, loss_bbox: 0.4289, loss_kps: 0.0000, loss: 0.8545, grad_norm: 7.3025
2026-09-30 08:31:43,066 - mmdet - INFO - Epoch [15][1550/4741]	lr: 3.778e-07, eta: 7:40:10, time: 0.375, data_time: 0.013, memory: 23314, loss_cls: 0.4149, loss_bbox: 0.4297, loss_kps: 0.0000, loss: 0.8446, grad_norm: 6.4082
2026-09-30 08:32:01,253 - mmdet - INFO - Epoch [15][1600/4741]	lr: 3.778e-07, eta: 7:39:51, time: 0.364, data_time: 0.014, memory: 23314, loss_cls: 0.4045, loss_bbox: 0.4233, loss_kps: 0.0000, loss: 0.8279, grad_norm: 6.6833
2026-09-30 08:32:19,416 - mmdet - INFO - Epoch [15][1650/4741]	lr: 3.778e-07, eta: 7:39:31, time: 0.363, data_time: 0.013, memory: 23314, loss_cls: 0.4162, loss_bbox: 0.4253, loss_kps: 0.0000, loss: 0.8415, grad_norm: 6.6783
2026-09-30 08:32:37,630 - mmdet - INFO - Epoch [15][1700/4741]	lr: 3.778e-07, eta: 7:39:13, time: 0.365, data_time: 0.014, memory: 23314, loss_cls: 0.4353, loss_bbox: 0.4368, loss_kps: 0.0000, loss: 0.8722, grad_norm: 6.3665
2026-09-30 08:32:55,949 - mmdet - INFO - Epoch [15][1750/4741]	lr: 3.778e-07, eta: 7:38:54, time: 0.365, data_time: 0.014, memory: 23314, loss_cls: 0.4136, loss_bbox: 0.4255, loss_kps: 0.0000, loss: 0.8391, grad_norm: 7.1787
2026-09-30 08:33:14,053 - mmdet - INFO - Epoch [15][1800/4741]	lr: 3.778e-07, eta: 7:38:35, time: 0.362, data_time: 0.014, memory: 23314, loss_cls: 0.4170, loss_bbox: 0.4210, loss_kps: 0.0000, loss: 0.8381, grad_norm: 6.7418
2026-09-30 08:33:32,047 - mmdet - INFO - Epoch [15][1850/4741]	lr: 3.778e-07, eta: 7:38:15, time: 0.361, data_time: 0.013, memory: 23314, loss_cls: 0.4158, loss_bbox: 0.4181, loss_kps: 0.0000, loss: 0.8339, grad_norm: 6.9067
2026-09-30 08:33:50,312 - mmdet - INFO - Epoch [15][1900/4741]	lr: 3.778e-07, eta: 7:37:56, time: 0.364, data_time: 0.014, memory: 23314, loss_cls: 0.4275, loss_bbox: 0.4239, loss_kps: 0.0000, loss: 0.8514, grad_norm: 6.6246
2026-09-30 08:34:08,478 - mmdet - INFO - Epoch [15][1950/4741]	lr: 3.778e-07, eta: 7:37:37, time: 0.364, data_time: 0.015, memory: 23314, loss_cls: 0.4211, loss_bbox: 0.4235, loss_kps: 0.0000, loss: 0.8447, grad_norm: 6.6786
2026-09-30 08:34:27,086 - mmdet - INFO - Epoch [15][2000/4741]	lr: 3.778e-07, eta: 7:37:19, time: 0.372, data_time: 0.015, memory: 23314, loss_cls: 0.4243, loss_bbox: 0.4229, loss_kps: 0.0000, loss: 0.8472, grad_norm: 6.7917
2026-09-30 08:34:45,370 - mmdet - INFO - Epoch [15][2050/4741]	lr: 3.778e-07, eta: 7:37:00, time: 0.365, data_time: 0.012, memory: 23314, loss_cls: 0.4211, loss_bbox: 0.4332, loss_kps: 0.0000, loss: 0.8543, grad_norm: 7.0851
2026-09-30 08:35:03,617 - mmdet - INFO - Epoch [15][2100/4741]	lr: 3.778e-07, eta: 7:36:41, time: 0.365, data_time: 0.014, memory: 23314, loss_cls: 0.4177, loss_bbox: 0.4286, loss_kps: 0.0000, loss: 0.8462, grad_norm: 6.6649
2026-09-30 08:35:21,792 - mmdet - INFO - Epoch [15][2150/4741]	lr: 3.778e-07, eta: 7:36:22, time: 0.364, data_time: 0.013, memory: 23314, loss_cls: 0.4229, loss_bbox: 0.4288, loss_kps: 0.0000, loss: 0.8516, grad_norm: 6.4915
2026-09-30 08:35:39,794 - mmdet - INFO - Epoch [15][2200/4741]	lr: 3.778e-07, eta: 7:36:03, time: 0.360, data_time: 0.013, memory: 23314, loss_cls: 0.4055, loss_bbox: 0.4237, loss_kps: 0.0000, loss: 0.8292, grad_norm: 7.0899
2026-09-30 08:35:59,176 - mmdet - INFO - Epoch [15][2250/4741]	lr: 3.778e-07, eta: 7:35:45, time: 0.387, data_time: 0.012, memory: 23314, loss_cls: 0.4227, loss_bbox: 0.4320, loss_kps: 0.0000, loss: 0.8547, grad_norm: 6.6931
2026-09-30 08:36:17,212 - mmdet - INFO - Epoch [15][2300/4741]	lr: 3.778e-07, eta: 7:35:26, time: 0.361, data_time: 0.015, memory: 23314, loss_cls: 0.4330, loss_bbox: 0.4310, loss_kps: 0.0000, loss: 0.8641, grad_norm: 6.7748
2026-09-30 08:36:35,584 - mmdet - INFO - Epoch [15][2350/4741]	lr: 3.778e-07, eta: 7:35:07, time: 0.368, data_time: 0.014, memory: 23314, loss_cls: 0.4251, loss_bbox: 0.4295, loss_kps: 0.0000, loss: 0.8546, grad_norm: 6.8809
2026-09-30 08:36:52,971 - mmdet - INFO - Epoch [15][2400/4741]	lr: 3.778e-07, eta: 7:34:47, time: 0.348, data_time: 0.013, memory: 23314, loss_cls: 0.4127, loss_bbox: 0.4248, loss_kps: 0.0000, loss: 0.8374, grad_norm: 6.8564
2026-09-30 08:37:11,020 - mmdet - INFO - Epoch [15][2450/4741]	lr: 3.778e-07, eta: 7:34:28, time: 0.360, data_time: 0.012, memory: 23314, loss_cls: 0.4187, loss_bbox: 0.4268, loss_kps: 0.0000, loss: 0.8455, grad_norm: 6.7451
2026-09-30 08:37:28,535 - mmdet - INFO - Epoch [15][2500/4741]	lr: 3.778e-07, eta: 7:34:08, time: 0.350, data_time: 0.014, memory: 23314, loss_cls: 0.4115, loss_bbox: 0.4333, loss_kps: 0.0000, loss: 0.8447, grad_norm: 6.7154
2026-09-30 08:37:46,277 - mmdet - INFO - Epoch [15][2550/4741]	lr: 3.778e-07, eta: 7:33:49, time: 0.355, data_time: 0.013, memory: 23314, loss_cls: 0.4166, loss_bbox: 0.4256, loss_kps: 0.0000, loss: 0.8423, grad_norm: 6.5488
2026-09-30 08:38:03,934 - mmdet - INFO - Epoch [15][2600/4741]	lr: 3.778e-07, eta: 7:33:29, time: 0.352, data_time: 0.013, memory: 23314, loss_cls: 0.4142, loss_bbox: 0.4306, loss_kps: 0.0000, loss: 0.8449, grad_norm: 6.5302
2026-09-30 08:38:21,472 - mmdet - INFO - Epoch [15][2650/4741]	lr: 3.778e-07, eta: 7:33:10, time: 0.351, data_time: 0.013, memory: 23314, loss_cls: 0.3908, loss_bbox: 0.4067, loss_kps: 0.0000, loss: 0.7976, grad_norm: 7.0583
2026-09-30 08:38:38,855 - mmdet - INFO - Epoch [15][2700/4741]	lr: 3.778e-07, eta: 7:32:50, time: 0.348, data_time: 0.014, memory: 23314, loss_cls: 0.4040, loss_bbox: 0.4271, loss_kps: 0.0000, loss: 0.8311, grad_norm: 7.3405
2026-09-30 08:38:56,694 - mmdet - INFO - Epoch [15][2750/4741]	lr: 3.778e-07, eta: 7:32:31, time: 0.356, data_time: 0.013, memory: 23314, loss_cls: 0.4078, loss_bbox: 0.4198, loss_kps: 0.0000, loss: 0.8276, grad_norm: 6.7430
2026-09-30 08:39:14,372 - mmdet - INFO - Epoch [15][2800/4741]	lr: 3.778e-07, eta: 7:32:11, time: 0.353, data_time: 0.013, memory: 23314, loss_cls: 0.3942, loss_bbox: 0.4126, loss_kps: 0.0000, loss: 0.8068, grad_norm: 6.7367
2026-09-30 08:39:32,009 - mmdet - INFO - Epoch [15][2850/4741]	lr: 3.778e-07, eta: 7:31:52, time: 0.353, data_time: 0.013, memory: 23314, loss_cls: 0.4133, loss_bbox: 0.4171, loss_kps: 0.0000, loss: 0.8304, grad_norm: 6.8065
2026-09-30 08:39:49,760 - mmdet - INFO - Epoch [15][2900/4741]	lr: 3.778e-07, eta: 7:31:32, time: 0.356, data_time: 0.013, memory: 23314, loss_cls: 0.4140, loss_bbox: 0.4187, loss_kps: 0.0000, loss: 0.8327, grad_norm: 6.8003
2026-09-30 08:40:07,372 - mmdet - INFO - Epoch [15][2950/4741]	lr: 3.778e-07, eta: 7:31:13, time: 0.351, data_time: 0.013, memory: 23314, loss_cls: 0.4173, loss_bbox: 0.4334, loss_kps: 0.0000, loss: 0.8506, grad_norm: 6.9004
2026-09-30 08:40:24,783 - mmdet - INFO - Epoch [15][3000/4741]	lr: 3.778e-07, eta: 7:30:53, time: 0.348, data_time: 0.015, memory: 23314, loss_cls: 0.4247, loss_bbox: 0.4397, loss_kps: 0.0000, loss: 0.8645, grad_norm: 6.9020
2026-09-30 08:40:42,170 - mmdet - INFO - Epoch [15][3050/4741]	lr: 3.778e-07, eta: 7:30:33, time: 0.348, data_time: 0.014, memory: 23314, loss_cls: 0.4074, loss_bbox: 0.4216, loss_kps: 0.0000, loss: 0.8290, grad_norm: 6.8470
2026-09-30 08:40:59,776 - mmdet - INFO - Epoch [15][3100/4741]	lr: 3.778e-07, eta: 7:30:13, time: 0.352, data_time: 0.014, memory: 23314, loss_cls: 0.4117, loss_bbox: 0.4202, loss_kps: 0.0000, loss: 0.8319, grad_norm: 6.7797
2026-09-30 08:41:17,310 - mmdet - INFO - Epoch [15][3150/4741]	lr: 3.778e-07, eta: 7:29:54, time: 0.351, data_time: 0.014, memory: 23314, loss_cls: 0.4253, loss_bbox: 0.4356, loss_kps: 0.0000, loss: 0.8609, grad_norm: 6.9861
2026-09-30 08:41:34,852 - mmdet - INFO - Epoch [15][3200/4741]	lr: 3.778e-07, eta: 7:29:34, time: 0.351, data_time: 0.013, memory: 23314, loss_cls: 0.4141, loss_bbox: 0.4255, loss_kps: 0.0000, loss: 0.8396, grad_norm: 6.5850
2026-09-30 08:41:52,163 - mmdet - INFO - Epoch [15][3250/4741]	lr: 3.778e-07, eta: 7:29:14, time: 0.347, data_time: 0.011, memory: 23314, loss_cls: 0.4155, loss_bbox: 0.4294, loss_kps: 0.0000, loss: 0.8449, grad_norm: 7.6372
2026-09-30 08:42:09,794 - mmdet - INFO - Epoch [15][3300/4741]	lr: 3.778e-07, eta: 7:28:55, time: 0.353, data_time: 0.015, memory: 23314, loss_cls: 0.4217, loss_bbox: 0.4280, loss_kps: 0.0000, loss: 0.8497, grad_norm: 6.9435
2026-09-30 08:42:27,112 - mmdet - INFO - Epoch [15][3350/4741]	lr: 3.778e-07, eta: 7:28:35, time: 0.346, data_time: 0.012, memory: 23314, loss_cls: 0.4157, loss_bbox: 0.4349, loss_kps: 0.0000, loss: 0.8506, grad_norm: 7.0013
2026-09-30 08:42:44,469 - mmdet - INFO - Epoch [15][3400/4741]	lr: 3.778e-07, eta: 7:28:15, time: 0.347, data_time: 0.012, memory: 23314, loss_cls: 0.4087, loss_bbox: 0.4219, loss_kps: 0.0000, loss: 0.8306, grad_norm: 6.6419
2026-09-30 08:43:01,953 - mmdet - INFO - Epoch [15][3450/4741]	lr: 3.778e-07, eta: 7:27:55, time: 0.350, data_time: 0.013, memory: 23314, loss_cls: 0.4123, loss_bbox: 0.4244, loss_kps: 0.0000, loss: 0.8367, grad_norm: 6.8601
2026-09-30 08:43:19,212 - mmdet - INFO - Epoch [15][3500/4741]	lr: 3.778e-07, eta: 7:27:35, time: 0.345, data_time: 0.012, memory: 23314, loss_cls: 0.4112, loss_bbox: 0.4247, loss_kps: 0.0000, loss: 0.8359, grad_norm: 6.7092
2026-09-30 08:43:37,429 - mmdet - INFO - Epoch [15][3550/4741]	lr: 3.778e-07, eta: 7:27:17, time: 0.365, data_time: 0.013, memory: 23314, loss_cls: 0.4051, loss_bbox: 0.4203, loss_kps: 0.0000, loss: 0.8254, grad_norm: 6.5128
2026-09-30 08:43:54,769 - mmdet - INFO - Epoch [15][3600/4741]	lr: 3.778e-07, eta: 7:26:57, time: 0.347, data_time: 0.013, memory: 23314, loss_cls: 0.4160, loss_bbox: 0.4222, loss_kps: 0.0000, loss: 0.8382, grad_norm: 6.8418
2026-09-30 08:44:12,186 - mmdet - INFO - Epoch [15][3650/4741]	lr: 3.778e-07, eta: 7:26:37, time: 0.348, data_time: 0.012, memory: 23314, loss_cls: 0.4327, loss_bbox: 0.4381, loss_kps: 0.0000, loss: 0.8708, grad_norm: 6.9258
2026-09-30 08:44:30,384 - mmdet - INFO - Epoch [15][3700/4741]	lr: 3.778e-07, eta: 7:26:18, time: 0.364, data_time: 0.013, memory: 23314, loss_cls: 0.4212, loss_bbox: 0.4182, loss_kps: 0.0000, loss: 0.8394, grad_norm: 6.8649
2026-09-30 08:44:48,230 - mmdet - INFO - Epoch [15][3750/4741]	lr: 3.778e-07, eta: 7:25:59, time: 0.358, data_time: 0.013, memory: 23314, loss_cls: 0.4147, loss_bbox: 0.4273, loss_kps: 0.0000, loss: 0.8420, grad_norm: 6.5212
2026-09-30 08:45:05,848 - mmdet - INFO - Epoch [15][3800/4741]	lr: 3.778e-07, eta: 7:25:39, time: 0.352, data_time: 0.013, memory: 23314, loss_cls: 0.4121, loss_bbox: 0.4278, loss_kps: 0.0000, loss: 0.8399, grad_norm: 6.9609
2026-09-30 08:45:23,272 - mmdet - INFO - Epoch [15][3850/4741]	lr: 3.778e-07, eta: 7:25:20, time: 0.349, data_time: 0.014, memory: 23314, loss_cls: 0.4005, loss_bbox: 0.4240, loss_kps: 0.0000, loss: 0.8245, grad_norm: 6.4526
2026-09-30 08:45:40,772 - mmdet - INFO - Epoch [15][3900/4741]	lr: 3.778e-07, eta: 7:25:00, time: 0.350, data_time: 0.012, memory: 23314, loss_cls: 0.4017, loss_bbox: 0.4242, loss_kps: 0.0000, loss: 0.8259, grad_norm: 6.2163
2026-09-30 08:45:58,094 - mmdet - INFO - Epoch [15][3950/4741]	lr: 3.778e-07, eta: 7:24:40, time: 0.346, data_time: 0.012, memory: 23314, loss_cls: 0.4196, loss_bbox: 0.4241, loss_kps: 0.0000, loss: 0.8437, grad_norm: 6.9309
2026-09-30 08:46:15,339 - mmdet - INFO - Epoch [15][4000/4741]	lr: 3.778e-07, eta: 7:24:20, time: 0.344, data_time: 0.012, memory: 23314, loss_cls: 0.4130, loss_bbox: 0.4183, loss_kps: 0.0000, loss: 0.8313, grad_norm: 6.4071
2026-09-30 08:46:32,674 - mmdet - INFO - Epoch [15][4050/4741]	lr: 3.778e-07, eta: 7:24:00, time: 0.347, data_time: 0.014, memory: 23314, loss_cls: 0.4293, loss_bbox: 0.4393, loss_kps: 0.0000, loss: 0.8686, grad_norm: 6.7662
2026-09-30 08:46:50,146 - mmdet - INFO - Epoch [15][4100/4741]	lr: 3.778e-07, eta: 7:23:41, time: 0.349, data_time: 0.012, memory: 23314, loss_cls: 0.4116, loss_bbox: 0.4315, loss_kps: 0.0000, loss: 0.8431, grad_norm: 6.9370
2026-09-30 08:47:07,745 - mmdet - INFO - Epoch [15][4150/4741]	lr: 3.778e-07, eta: 7:23:21, time: 0.352, data_time: 0.012, memory: 23314, loss_cls: 0.4301, loss_bbox: 0.4316, loss_kps: 0.0000, loss: 0.8617, grad_norm: 7.0007
2026-09-30 08:47:25,141 - mmdet - INFO - Epoch [15][4200/4741]	lr: 3.778e-07, eta: 7:23:02, time: 0.348, data_time: 0.013, memory: 23314, loss_cls: 0.4167, loss_bbox: 0.4195, loss_kps: 0.0000, loss: 0.8362, grad_norm: 6.6028
2026-09-30 08:47:42,548 - mmdet - INFO - Epoch [15][4250/4741]	lr: 3.778e-07, eta: 7:22:42, time: 0.348, data_time: 0.013, memory: 23314, loss_cls: 0.4154, loss_bbox: 0.4239, loss_kps: 0.0000, loss: 0.8393, grad_norm: 7.0153
2026-09-30 08:47:59,681 - mmdet - INFO - Epoch [15][4300/4741]	lr: 3.778e-07, eta: 7:22:22, time: 0.342, data_time: 0.013, memory: 23314, loss_cls: 0.4257, loss_bbox: 0.4181, loss_kps: 0.0000, loss: 0.8438, grad_norm: 7.1144
2026-09-30 08:48:17,859 - mmdet - INFO - Epoch [15][4350/4741]	lr: 3.778e-07, eta: 7:22:03, time: 0.365, data_time: 0.014, memory: 23314, loss_cls: 0.4241, loss_bbox: 0.4342, loss_kps: 0.0000, loss: 0.8582, grad_norm: 6.8441
2026-09-30 08:48:36,104 - mmdet - INFO - Epoch [15][4400/4741]	lr: 3.778e-07, eta: 7:21:44, time: 0.364, data_time: 0.014, memory: 23314, loss_cls: 0.4231, loss_bbox: 0.4214, loss_kps: 0.0000, loss: 0.8445, grad_norm: 7.1231
2026-09-30 08:48:54,409 - mmdet - INFO - Epoch [15][4450/4741]	lr: 3.778e-07, eta: 7:21:25, time: 0.366, data_time: 0.014, memory: 23314, loss_cls: 0.4106, loss_bbox: 0.4195, loss_kps: 0.0000, loss: 0.8301, grad_norm: 6.7204
2026-09-30 08:49:12,843 - mmdet - INFO - Epoch [15][4500/4741]	lr: 3.778e-07, eta: 7:21:07, time: 0.369, data_time: 0.014, memory: 23314, loss_cls: 0.4231, loss_bbox: 0.4328, loss_kps: 0.0000, loss: 0.8559, grad_norm: 7.1284
2026-09-30 08:49:31,359 - mmdet - INFO - Epoch [15][4550/4741]	lr: 3.778e-07, eta: 7:20:48, time: 0.370, data_time: 0.013, memory: 23314, loss_cls: 0.4079, loss_bbox: 0.4225, loss_kps: 0.0000, loss: 0.8303, grad_norm: 6.8960
2026-09-30 08:49:49,735 - mmdet - INFO - Epoch [15][4600/4741]	lr: 3.778e-07, eta: 7:20:29, time: 0.368, data_time: 0.014, memory: 23314, loss_cls: 0.3986, loss_bbox: 0.4144, loss_kps: 0.0000, loss: 0.8131, grad_norm: 6.8350
2026-09-30 08:50:07,953 - mmdet - INFO - Epoch [15][4650/4741]	lr: 3.778e-07, eta: 7:20:11, time: 0.365, data_time: 0.014, memory: 23314, loss_cls: 0.4134, loss_bbox: 0.4279, loss_kps: 0.0000, loss: 0.8413, grad_norm: 6.8342
2026-09-30 08:50:26,244 - mmdet - INFO - Epoch [15][4700/4741]	lr: 3.778e-07, eta: 7:19:52, time: 0.366, data_time: 0.013, memory: 23314, loss_cls: 0.4157, loss_bbox: 0.4232, loss_kps: 0.0000, loss: 0.8389, grad_norm: 6.3779
2026-09-30 08:50:38,283 - mmdet - INFO - Saving checkpoint at 15 epochs
2026-09-30 08:51:15,208 - mmdet - INFO - Epoch [16][50/4741]	lr: 3.778e-07, eta: 7:19:06, time: 0.436, data_time: 0.091, memory: 23314, loss_cls: 0.4202, loss_bbox: 0.4290, loss_kps: 0.0000, loss: 0.8491, grad_norm: 6.7471
2026-09-30 08:51:32,724 - mmdet - INFO - Epoch [16][100/4741]	lr: 3.778e-07, eta: 7:18:47, time: 0.351, data_time: 0.014, memory: 23314, loss_cls: 0.3979, loss_bbox: 0.4111, loss_kps: 0.0000, loss: 0.8091, grad_norm: 6.8719
2026-09-30 08:51:50,301 - mmdet - INFO - Epoch [16][150/4741]	lr: 3.778e-07, eta: 7:18:27, time: 0.352, data_time: 0.013, memory: 23314, loss_cls: 0.4049, loss_bbox: 0.4166, loss_kps: 0.0000, loss: 0.8215, grad_norm: 7.0094
2026-09-30 08:52:08,484 - mmdet - INFO - Epoch [16][200/4741]	lr: 3.778e-07, eta: 7:18:08, time: 0.364, data_time: 0.013, memory: 23314, loss_cls: 0.4096, loss_bbox: 0.4239, loss_kps: 0.0000, loss: 0.8335, grad_norm: 6.9088
2026-09-30 08:52:26,623 - mmdet - INFO - Epoch [16][250/4741]	lr: 3.778e-07, eta: 7:17:49, time: 0.363, data_time: 0.013, memory: 23314, loss_cls: 0.4231, loss_bbox: 0.4323, loss_kps: 0.0000, loss: 0.8555, grad_norm: 6.6131
2026-09-30 08:52:45,014 - mmdet - INFO - Epoch [16][300/4741]	lr: 3.778e-07, eta: 7:17:31, time: 0.367, data_time: 0.013, memory: 23314, loss_cls: 0.4029, loss_bbox: 0.4126, loss_kps: 0.0000, loss: 0.8156, grad_norm: 6.5741
2026-09-30 08:53:02,364 - mmdet - INFO - Epoch [16][350/4741]	lr: 3.778e-07, eta: 7:17:11, time: 0.347, data_time: 0.015, memory: 23314, loss_cls: 0.4139, loss_bbox: 0.4257, loss_kps: 0.0000, loss: 0.8396, grad_norm: 6.5688
2026-09-30 08:53:19,910 - mmdet - INFO - Epoch [16][400/4741]	lr: 3.778e-07, eta: 7:16:51, time: 0.351, data_time: 0.015, memory: 23314, loss_cls: 0.4002, loss_bbox: 0.4224, loss_kps: 0.0000, loss: 0.8227, grad_norm: 6.6588
2026-09-30 08:53:37,756 - mmdet - INFO - Epoch [16][450/4741]	lr: 3.778e-07, eta: 7:16:32, time: 0.357, data_time: 0.015, memory: 23314, loss_cls: 0.4100, loss_bbox: 0.4216, loss_kps: 0.0000, loss: 0.8316, grad_norm: 6.8179
2026-09-30 08:53:55,236 - mmdet - INFO - Epoch [16][500/4741]	lr: 3.778e-07, eta: 7:16:13, time: 0.350, data_time: 0.014, memory: 23314, loss_cls: 0.4196, loss_bbox: 0.4290, loss_kps: 0.0000, loss: 0.8487, grad_norm: 6.9283
2026-09-30 08:54:12,808 - mmdet - INFO - Epoch [16][550/4741]	lr: 3.778e-07, eta: 7:15:53, time: 0.351, data_time: 0.013, memory: 23314, loss_cls: 0.4001, loss_bbox: 0.4151, loss_kps: 0.0000, loss: 0.8152, grad_norm: 6.9592
2026-09-30 08:54:30,050 - mmdet - INFO - Epoch [16][600/4741]	lr: 3.778e-07, eta: 7:15:33, time: 0.345, data_time: 0.014, memory: 23314, loss_cls: 0.4149, loss_bbox: 0.4292, loss_kps: 0.0000, loss: 0.8441, grad_norm: 6.7515
2026-09-30 08:54:47,558 - mmdet - INFO - Epoch [16][650/4741]	lr: 3.778e-07, eta: 7:15:14, time: 0.350, data_time: 0.014, memory: 23314, loss_cls: 0.4233, loss_bbox: 0.4277, loss_kps: 0.0000, loss: 0.8511, grad_norm: 6.6913
2026-09-30 08:55:05,299 - mmdet - INFO - Epoch [16][700/4741]	lr: 3.778e-07, eta: 7:14:54, time: 0.355, data_time: 0.013, memory: 23314, loss_cls: 0.4204, loss_bbox: 0.4178, loss_kps: 0.0000, loss: 0.8381, grad_norm: 6.8933
2026-09-30 08:55:22,642 - mmdet - INFO - Epoch [16][750/4741]	lr: 3.778e-07, eta: 7:14:35, time: 0.347, data_time: 0.014, memory: 23314, loss_cls: 0.4254, loss_bbox: 0.4189, loss_kps: 0.0000, loss: 0.8444, grad_norm: 6.6388
2026-09-30 08:55:40,187 - mmdet - INFO - Epoch [16][800/4741]	lr: 3.778e-07, eta: 7:14:15, time: 0.352, data_time: 0.014, memory: 23314, loss_cls: 0.4228, loss_bbox: 0.4280, loss_kps: 0.0000, loss: 0.8507, grad_norm: 6.8204
2026-09-30 08:55:57,658 - mmdet - INFO - Epoch [16][850/4741]	lr: 3.778e-07, eta: 7:13:56, time: 0.349, data_time: 0.013, memory: 23314, loss_cls: 0.4096, loss_bbox: 0.4143, loss_kps: 0.0000, loss: 0.8239, grad_norm: 6.5224
2026-09-30 08:56:15,329 - mmdet - INFO - Epoch [16][900/4741]	lr: 3.778e-07, eta: 7:13:36, time: 0.353, data_time: 0.015, memory: 23314, loss_cls: 0.4149, loss_bbox: 0.4216, loss_kps: 0.0000, loss: 0.8366, grad_norm: 7.0027
2026-09-30 08:56:33,270 - mmdet - INFO - Epoch [16][950/4741]	lr: 3.778e-07, eta: 7:13:17, time: 0.359, data_time: 0.013, memory: 23314, loss_cls: 0.4404, loss_bbox: 0.4355, loss_kps: 0.0000, loss: 0.8758, grad_norm: 7.3557
2026-09-30 08:56:50,873 - mmdet - INFO - Epoch [16][1000/4741]	lr: 3.778e-07, eta: 7:12:58, time: 0.352, data_time: 0.014, memory: 23314, loss_cls: 0.4209, loss_bbox: 0.4180, loss_kps: 0.0000, loss: 0.8389, grad_norm: 6.6357
2026-09-30 08:57:08,461 - mmdet - INFO - Epoch [16][1050/4741]	lr: 3.778e-07, eta: 7:12:38, time: 0.353, data_time: 0.014, memory: 23314, loss_cls: 0.4243, loss_bbox: 0.4277, loss_kps: 0.0000, loss: 0.8520, grad_norm: 6.9990
2026-09-30 08:57:25,955 - mmdet - INFO - Epoch [16][1100/4741]	lr: 3.778e-07, eta: 7:12:19, time: 0.350, data_time: 0.014, memory: 23314, loss_cls: 0.4022, loss_bbox: 0.4235, loss_kps: 0.0000, loss: 0.8257, grad_norm: 6.8455
2026-09-30 08:57:43,287 - mmdet - INFO - Epoch [16][1150/4741]	lr: 3.778e-07, eta: 7:11:59, time: 0.347, data_time: 0.013, memory: 23314, loss_cls: 0.4222, loss_bbox: 0.4325, loss_kps: 0.0000, loss: 0.8547, grad_norm: 6.7945
2026-09-30 08:58:00,874 - mmdet - INFO - Epoch [16][1200/4741]	lr: 3.778e-07, eta: 7:11:40, time: 0.351, data_time: 0.014, memory: 23314, loss_cls: 0.4134, loss_bbox: 0.4247, loss_kps: 0.0000, loss: 0.8381, grad_norm: 7.0016
2026-09-30 08:58:18,443 - mmdet - INFO - Epoch [16][1250/4741]	lr: 3.778e-07, eta: 7:11:20, time: 0.352, data_time: 0.014, memory: 23314, loss_cls: 0.3950, loss_bbox: 0.4012, loss_kps: 0.0000, loss: 0.7962, grad_norm: 6.4443
2026-09-30 08:58:36,152 - mmdet - INFO - Epoch [16][1300/4741]	lr: 3.778e-07, eta: 7:11:01, time: 0.353, data_time: 0.013, memory: 23314, loss_cls: 0.4119, loss_bbox: 0.4206, loss_kps: 0.0000, loss: 0.8326, grad_norm: 6.7609
2026-09-30 08:58:53,609 - mmdet - INFO - Epoch [16][1350/4741]	lr: 3.778e-07, eta: 7:10:41, time: 0.350, data_time: 0.013, memory: 23314, loss_cls: 0.4048, loss_bbox: 0.4244, loss_kps: 0.0000, loss: 0.8293, grad_norm: 6.7325
2026-09-30 08:59:11,094 - mmdet - INFO - Epoch [16][1400/4741]	lr: 3.778e-07, eta: 7:10:22, time: 0.349, data_time: 0.013, memory: 23314, loss_cls: 0.4261, loss_bbox: 0.4363, loss_kps: 0.0000, loss: 0.8624, grad_norm: 6.8503
2026-09-30 08:59:28,808 - mmdet - INFO - Epoch [16][1450/4741]	lr: 3.778e-07, eta: 7:10:03, time: 0.355, data_time: 0.014, memory: 23314, loss_cls: 0.4121, loss_bbox: 0.4184, loss_kps: 0.0000, loss: 0.8305, grad_norm: 6.7661
2026-09-30 08:59:46,957 - mmdet - INFO - Epoch [16][1500/4741]	lr: 3.778e-07, eta: 7:09:44, time: 0.362, data_time: 0.013, memory: 23314, loss_cls: 0.3987, loss_bbox: 0.4116, loss_kps: 0.0000, loss: 0.8103, grad_norm: 6.6857
2026-09-30 09:00:05,232 - mmdet - INFO - Epoch [16][1550/4741]	lr: 3.778e-07, eta: 7:09:25, time: 0.366, data_time: 0.014, memory: 23314, loss_cls: 0.4168, loss_bbox: 0.4346, loss_kps: 0.0000, loss: 0.8514, grad_norm: 7.2295
2026-09-30 09:00:23,246 - mmdet - INFO - Epoch [16][1600/4741]	lr: 3.778e-07, eta: 7:09:06, time: 0.360, data_time: 0.014, memory: 23314, loss_cls: 0.4198, loss_bbox: 0.4368, loss_kps: 0.0000, loss: 0.8566, grad_norm: 7.3087
2026-09-30 09:00:40,874 - mmdet - INFO - Epoch [16][1650/4741]	lr: 3.778e-07, eta: 7:08:47, time: 0.353, data_time: 0.015, memory: 23314, loss_cls: 0.3998, loss_bbox: 0.4138, loss_kps: 0.0000, loss: 0.8136, grad_norm: 6.8156
2026-09-30 09:00:58,479 - mmdet - INFO - Epoch [16][1700/4741]	lr: 3.778e-07, eta: 7:08:27, time: 0.352, data_time: 0.014, memory: 23314, loss_cls: 0.4023, loss_bbox: 0.4148, loss_kps: 0.0000, loss: 0.8171, grad_norm: 6.3645
2026-09-30 09:01:16,076 - mmdet - INFO - Epoch [16][1750/4741]	lr: 3.778e-07, eta: 7:08:08, time: 0.352, data_time: 0.014, memory: 23314, loss_cls: 0.4172, loss_bbox: 0.4206, loss_kps: 0.0000, loss: 0.8378, grad_norm: 6.9302
2026-09-30 09:01:33,535 - mmdet - INFO - Epoch [16][1800/4741]	lr: 3.778e-07, eta: 7:07:48, time: 0.349, data_time: 0.013, memory: 23314, loss_cls: 0.4315, loss_bbox: 0.4249, loss_kps: 0.0000, loss: 0.8564, grad_norm: 6.9323
2026-09-30 09:01:50,891 - mmdet - INFO - Epoch [16][1850/4741]	lr: 3.778e-07, eta: 7:07:29, time: 0.347, data_time: 0.014, memory: 23314, loss_cls: 0.4231, loss_bbox: 0.4197, loss_kps: 0.0000, loss: 0.8429, grad_norm: 6.9033
2026-09-30 09:02:08,459 - mmdet - INFO - Epoch [16][1900/4741]	lr: 3.778e-07, eta: 7:07:09, time: 0.351, data_time: 0.014, memory: 23314, loss_cls: 0.4109, loss_bbox: 0.4361, loss_kps: 0.0000, loss: 0.8470, grad_norm: 6.7930
2026-09-30 09:02:26,096 - mmdet - INFO - Epoch [16][1950/4741]	lr: 3.778e-07, eta: 7:06:50, time: 0.353, data_time: 0.013, memory: 23314, loss_cls: 0.3956, loss_bbox: 0.4114, loss_kps: 0.0000, loss: 0.8071, grad_norm: 6.8577
2026-09-30 09:02:43,643 - mmdet - INFO - Epoch [16][2000/4741]	lr: 3.778e-07, eta: 7:06:30, time: 0.351, data_time: 0.013, memory: 23314, loss_cls: 0.4126, loss_bbox: 0.4236, loss_kps: 0.0000, loss: 0.8362, grad_norm: 7.2859
2026-09-30 09:03:01,114 - mmdet - INFO - Epoch [16][2050/4741]	lr: 3.778e-07, eta: 7:06:11, time: 0.350, data_time: 0.014, memory: 23314, loss_cls: 0.4072, loss_bbox: 0.4104, loss_kps: 0.0000, loss: 0.8176, grad_norm: 7.0039
2026-09-30 09:03:18,878 - mmdet - INFO - Epoch [16][2100/4741]	lr: 3.778e-07, eta: 7:05:52, time: 0.354, data_time: 0.012, memory: 23314, loss_cls: 0.3979, loss_bbox: 0.4252, loss_kps: 0.0000, loss: 0.8231, grad_norm: 6.6579
2026-09-30 09:03:36,491 - mmdet - INFO - Epoch [16][2150/4741]	lr: 3.778e-07, eta: 7:05:32, time: 0.353, data_time: 0.015, memory: 23314, loss_cls: 0.4265, loss_bbox: 0.4268, loss_kps: 0.0000, loss: 0.8533, grad_norm: 7.1319
2026-09-30 09:03:54,671 - mmdet - INFO - Epoch [16][2200/4741]	lr: 3.778e-07, eta: 7:05:14, time: 0.364, data_time: 0.014, memory: 23314, loss_cls: 0.4114, loss_bbox: 0.4222, loss_kps: 0.0000, loss: 0.8336, grad_norm: 6.8323
2026-09-30 09:04:12,215 - mmdet - INFO - Epoch [16][2250/4741]	lr: 3.778e-07, eta: 7:04:54, time: 0.350, data_time: 0.013, memory: 23314, loss_cls: 0.4296, loss_bbox: 0.4327, loss_kps: 0.0000, loss: 0.8623, grad_norm: 7.0278
2026-09-30 09:04:30,391 - mmdet - INFO - Epoch [16][2300/4741]	lr: 3.778e-07, eta: 7:04:35, time: 0.363, data_time: 0.014, memory: 23314, loss_cls: 0.4114, loss_bbox: 0.4300, loss_kps: 0.0000, loss: 0.8414, grad_norm: 6.7264
2026-09-30 09:04:48,791 - mmdet - INFO - Epoch [16][2350/4741]	lr: 3.778e-07, eta: 7:04:17, time: 0.368, data_time: 0.015, memory: 23314, loss_cls: 0.4142, loss_bbox: 0.4157, loss_kps: 0.0000, loss: 0.8300, grad_norm: 6.7492
2026-09-30 09:05:07,359 - mmdet - INFO - Epoch [16][2400/4741]	lr: 3.778e-07, eta: 7:03:58, time: 0.372, data_time: 0.015, memory: 23314, loss_cls: 0.4065, loss_bbox: 0.4247, loss_kps: 0.0000, loss: 0.8312, grad_norm: 6.7544
2026-09-30 09:05:25,843 - mmdet - INFO - Epoch [16][2450/4741]	lr: 3.778e-07, eta: 7:03:40, time: 0.370, data_time: 0.014, memory: 23314, loss_cls: 0.3964, loss_bbox: 0.4142, loss_kps: 0.0000, loss: 0.8106, grad_norm: 6.6004
2026-09-30 09:05:44,868 - mmdet - INFO - Epoch [16][2500/4741]	lr: 3.778e-07, eta: 7:03:22, time: 0.381, data_time: 0.018, memory: 23314, loss_cls: 0.4155, loss_bbox: 0.4193, loss_kps: 0.0000, loss: 0.8348, grad_norm: 6.7724
2026-09-30 09:06:03,501 - mmdet - INFO - Epoch [16][2550/4741]	lr: 3.778e-07, eta: 7:03:03, time: 0.372, data_time: 0.015, memory: 23314, loss_cls: 0.4115, loss_bbox: 0.4169, loss_kps: 0.0000, loss: 0.8283, grad_norm: 6.8046
2026-09-30 09:06:22,206 - mmdet - INFO - Epoch [16][2600/4741]	lr: 3.778e-07, eta: 7:02:45, time: 0.375, data_time: 0.015, memory: 23314, loss_cls: 0.4080, loss_bbox: 0.4240, loss_kps: 0.0000, loss: 0.8320, grad_norm: 7.0110
2026-09-30 09:06:40,850 - mmdet - INFO - Epoch [16][2650/4741]	lr: 3.778e-07, eta: 7:02:27, time: 0.373, data_time: 0.015, memory: 23314, loss_cls: 0.4202, loss_bbox: 0.4296, loss_kps: 0.0000, loss: 0.8498, grad_norm: 6.8205
2026-09-30 09:06:59,548 - mmdet - INFO - Epoch [16][2700/4741]	lr: 3.778e-07, eta: 7:02:08, time: 0.373, data_time: 0.015, memory: 23314, loss_cls: 0.4333, loss_bbox: 0.4273, loss_kps: 0.0000, loss: 0.8605, grad_norm: 7.0704
2026-09-30 09:07:19,056 - mmdet - INFO - Epoch [16][2750/4741]	lr: 3.778e-07, eta: 7:01:51, time: 0.390, data_time: 0.015, memory: 23314, loss_cls: 0.4025, loss_bbox: 0.4229, loss_kps: 0.0000, loss: 0.8254, grad_norm: 6.7221
2026-09-30 09:07:38,350 - mmdet - INFO - Epoch [16][2800/4741]	lr: 3.778e-07, eta: 7:01:33, time: 0.387, data_time: 0.015, memory: 23314, loss_cls: 0.4016, loss_bbox: 0.4117, loss_kps: 0.0000, loss: 0.8133, grad_norm: 6.9921
2026-09-30 09:07:57,704 - mmdet - INFO - Epoch [16][2850/4741]	lr: 3.778e-07, eta: 7:01:15, time: 0.386, data_time: 0.014, memory: 23314, loss_cls: 0.4115, loss_bbox: 0.4302, loss_kps: 0.0000, loss: 0.8417, grad_norm: 6.5260
2026-09-30 09:08:16,627 - mmdet - INFO - Epoch [16][2900/4741]	lr: 3.778e-07, eta: 7:00:57, time: 0.379, data_time: 0.016, memory: 23314, loss_cls: 0.4063, loss_bbox: 0.4206, loss_kps: 0.0000, loss: 0.8269, grad_norm: 6.4914
2026-09-30 09:08:35,399 - mmdet - INFO - Epoch [16][2950/4741]	lr: 3.778e-07, eta: 7:00:39, time: 0.376, data_time: 0.015, memory: 23314, loss_cls: 0.4014, loss_bbox: 0.4280, loss_kps: 0.0000, loss: 0.8294, grad_norm: 6.4746
2026-09-30 09:08:54,149 - mmdet - INFO - Epoch [16][3000/4741]	lr: 3.778e-07, eta: 7:00:20, time: 0.374, data_time: 0.015, memory: 23314, loss_cls: 0.4136, loss_bbox: 0.4179, loss_kps: 0.0000, loss: 0.8315, grad_norm: 6.8196
2026-09-30 09:09:12,873 - mmdet - INFO - Epoch [16][3050/4741]	lr: 3.778e-07, eta: 7:00:02, time: 0.375, data_time: 0.014, memory: 23314, loss_cls: 0.4112, loss_bbox: 0.4278, loss_kps: 0.0000, loss: 0.8390, grad_norm: 6.2706
2026-09-30 09:09:31,089 - mmdet - INFO - Epoch [16][3100/4741]	lr: 3.778e-07, eta: 6:59:43, time: 0.364, data_time: 0.014, memory: 23314, loss_cls: 0.4223, loss_bbox: 0.4316, loss_kps: 0.0000, loss: 0.8539, grad_norm: 6.6069
2026-09-30 09:09:49,011 - mmdet - INFO - Epoch [16][3150/4741]	lr: 3.778e-07, eta: 6:59:24, time: 0.358, data_time: 0.014, memory: 23314, loss_cls: 0.3954, loss_bbox: 0.4190, loss_kps: 0.0000, loss: 0.8144, grad_norm: 6.3678
2026-09-30 09:10:06,936 - mmdet - INFO - Epoch [16][3200/4741]	lr: 3.778e-07, eta: 6:59:05, time: 0.359, data_time: 0.017, memory: 23314, loss_cls: 0.4187, loss_bbox: 0.4211, loss_kps: 0.0000, loss: 0.8398, grad_norm: 7.0194
2026-09-30 09:10:24,557 - mmdet - INFO - Epoch [16][3250/4741]	lr: 3.778e-07, eta: 6:58:46, time: 0.351, data_time: 0.013, memory: 23314, loss_cls: 0.4073, loss_bbox: 0.4197, loss_kps: 0.0000, loss: 0.8271, grad_norm: 6.7422
2026-09-30 09:10:42,513 - mmdet - INFO - Epoch [16][3300/4741]	lr: 3.778e-07, eta: 6:58:27, time: 0.359, data_time: 0.015, memory: 23314, loss_cls: 0.4214, loss_bbox: 0.4252, loss_kps: 0.0000, loss: 0.8466, grad_norm: 7.2852
2026-09-30 09:11:00,099 - mmdet - INFO - Epoch [16][3350/4741]	lr: 3.778e-07, eta: 6:58:07, time: 0.351, data_time: 0.015, memory: 23314, loss_cls: 0.4240, loss_bbox: 0.4259, loss_kps: 0.0000, loss: 0.8499, grad_norm: 6.8142
2026-09-30 09:11:17,587 - mmdet - INFO - Epoch [16][3400/4741]	lr: 3.778e-07, eta: 6:57:48, time: 0.351, data_time: 0.015, memory: 23314, loss_cls: 0.4101, loss_bbox: 0.4231, loss_kps: 0.0000, loss: 0.8332, grad_norm: 7.2222
2026-09-30 09:11:35,071 - mmdet - INFO - Epoch [16][3450/4741]	lr: 3.778e-07, eta: 6:57:29, time: 0.349, data_time: 0.013, memory: 23314, loss_cls: 0.4225, loss_bbox: 0.4347, loss_kps: 0.0000, loss: 0.8572, grad_norm: 7.0039
2026-09-30 09:11:52,554 - mmdet - INFO - Epoch [16][3500/4741]	lr: 3.778e-07, eta: 6:57:09, time: 0.350, data_time: 0.014, memory: 23314, loss_cls: 0.4264, loss_bbox: 0.4304, loss_kps: 0.0000, loss: 0.8569, grad_norm: 6.8440
2026-09-30 09:12:10,383 - mmdet - INFO - Epoch [16][3550/4741]	lr: 3.778e-07, eta: 6:56:50, time: 0.356, data_time: 0.014, memory: 23314, loss_cls: 0.4080, loss_bbox: 0.4281, loss_kps: 0.0000, loss: 0.8361, grad_norm: 7.2164
2026-09-30 09:12:28,050 - mmdet - INFO - Epoch [16][3600/4741]	lr: 3.778e-07, eta: 6:56:31, time: 0.354, data_time: 0.016, memory: 23314, loss_cls: 0.4087, loss_bbox: 0.4179, loss_kps: 0.0000, loss: 0.8266, grad_norm: 7.1429
2026-09-30 09:12:45,437 - mmdet - INFO - Epoch [16][3650/4741]	lr: 3.778e-07, eta: 6:56:11, time: 0.348, data_time: 0.013, memory: 23314, loss_cls: 0.4122, loss_bbox: 0.4246, loss_kps: 0.0000, loss: 0.8368, grad_norm: 6.4224
2026-09-30 09:13:02,801 - mmdet - INFO - Epoch [16][3700/4741]	lr: 3.778e-07, eta: 6:55:52, time: 0.347, data_time: 0.014, memory: 23314, loss_cls: 0.4141, loss_bbox: 0.4248, loss_kps: 0.0000, loss: 0.8389, grad_norm: 6.8093
2026-09-30 09:13:20,521 - mmdet - INFO - Epoch [16][3750/4741]	lr: 3.778e-07, eta: 6:55:33, time: 0.354, data_time: 0.014, memory: 23314, loss_cls: 0.4086, loss_bbox: 0.4221, loss_kps: 0.0000, loss: 0.8307, grad_norm: 7.0579
2026-09-30 09:13:38,143 - mmdet - INFO - Epoch [16][3800/4741]	lr: 3.778e-07, eta: 6:55:13, time: 0.352, data_time: 0.014, memory: 23314, loss_cls: 0.4065, loss_bbox: 0.4265, loss_kps: 0.0000, loss: 0.8330, grad_norm: 7.2277
2026-09-30 09:13:55,688 - mmdet - INFO - Epoch [16][3850/4741]	lr: 3.778e-07, eta: 6:54:54, time: 0.351, data_time: 0.015, memory: 23314, loss_cls: 0.4177, loss_bbox: 0.4383, loss_kps: 0.0000, loss: 0.8559, grad_norm: 6.7614
2026-09-30 09:14:13,218 - mmdet - INFO - Epoch [16][3900/4741]	lr: 3.778e-07, eta: 6:54:34, time: 0.351, data_time: 0.014, memory: 23314, loss_cls: 0.4099, loss_bbox: 0.4313, loss_kps: 0.0000, loss: 0.8412, grad_norm: 6.8805
2026-09-30 09:14:31,143 - mmdet - INFO - Epoch [16][3950/4741]	lr: 3.778e-07, eta: 6:54:15, time: 0.358, data_time: 0.015, memory: 23314, loss_cls: 0.4135, loss_bbox: 0.4258, loss_kps: 0.0000, loss: 0.8394, grad_norm: 6.6784
2026-09-30 09:14:49,044 - mmdet - INFO - Epoch [16][4000/4741]	lr: 3.778e-07, eta: 6:53:56, time: 0.358, data_time: 0.014, memory: 23314, loss_cls: 0.4186, loss_bbox: 0.4189, loss_kps: 0.0000, loss: 0.8376, grad_norm: 6.6027
2026-09-30 09:15:07,038 - mmdet - INFO - Epoch [16][4050/4741]	lr: 3.778e-07, eta: 6:53:37, time: 0.360, data_time: 0.013, memory: 23314, loss_cls: 0.4054, loss_bbox: 0.4233, loss_kps: 0.0000, loss: 0.8288, grad_norm: 6.4807
2026-09-30 09:15:24,519 - mmdet - INFO - Epoch [16][4100/4741]	lr: 3.778e-07, eta: 6:53:18, time: 0.350, data_time: 0.015, memory: 23314, loss_cls: 0.4041, loss_bbox: 0.4196, loss_kps: 0.0000, loss: 0.8236, grad_norm: 6.5201
2026-09-30 09:15:42,011 - mmdet - INFO - Epoch [16][4150/4741]	lr: 3.778e-07, eta: 6:52:59, time: 0.350, data_time: 0.013, memory: 23314, loss_cls: 0.4182, loss_bbox: 0.4253, loss_kps: 0.0000, loss: 0.8435, grad_norm: 6.5964
2026-09-30 09:15:59,532 - mmdet - INFO - Epoch [16][4200/4741]	lr: 3.778e-07, eta: 6:52:39, time: 0.350, data_time: 0.014, memory: 23314, loss_cls: 0.4224, loss_bbox: 0.4352, loss_kps: 0.0000, loss: 0.8576, grad_norm: 6.8650
2026-09-30 09:16:17,209 - mmdet - INFO - Epoch [16][4250/4741]	lr: 3.778e-07, eta: 6:52:20, time: 0.354, data_time: 0.015, memory: 23314, loss_cls: 0.4113, loss_bbox: 0.4274, loss_kps: 0.0000, loss: 0.8387, grad_norm: 6.7838
2026-09-30 09:16:34,389 - mmdet - INFO - Epoch [16][4300/4741]	lr: 3.778e-07, eta: 6:52:00, time: 0.343, data_time: 0.014, memory: 23314, loss_cls: 0.4248, loss_bbox: 0.4199, loss_kps: 0.0000, loss: 0.8447, grad_norm: 6.8520
2026-09-30 09:16:52,066 - mmdet - INFO - Epoch [16][4350/4741]	lr: 3.778e-07, eta: 6:51:41, time: 0.354, data_time: 0.016, memory: 23314, loss_cls: 0.4083, loss_bbox: 0.4214, loss_kps: 0.0000, loss: 0.8297, grad_norm: 6.8844
2026-09-30 09:17:09,808 - mmdet - INFO - Epoch [16][4400/4741]	lr: 3.778e-07, eta: 6:51:22, time: 0.355, data_time: 0.014, memory: 23314, loss_cls: 0.4085, loss_bbox: 0.4267, loss_kps: 0.0000, loss: 0.8351, grad_norm: 6.8831
2026-09-30 09:17:27,270 - mmdet - INFO - Epoch [16][4450/4741]	lr: 3.778e-07, eta: 6:51:03, time: 0.349, data_time: 0.014, memory: 23314, loss_cls: 0.4012, loss_bbox: 0.4223, loss_kps: 0.0000, loss: 0.8235, grad_norm: 6.3955
2026-09-30 09:17:45,964 - mmdet - INFO - Epoch [16][4500/4741]	lr: 3.778e-07, eta: 6:50:44, time: 0.375, data_time: 0.015, memory: 23314, loss_cls: 0.4025, loss_bbox: 0.4151, loss_kps: 0.0000, loss: 0.8176, grad_norm: 6.5761
2026-09-30 09:18:04,923 - mmdet - INFO - Epoch [16][4550/4741]	lr: 3.778e-07, eta: 6:50:26, time: 0.379, data_time: 0.016, memory: 23314, loss_cls: 0.4070, loss_bbox: 0.4240, loss_kps: 0.0000, loss: 0.8310, grad_norm: 7.2426
2026-09-30 09:18:24,308 - mmdet - INFO - Epoch [16][4600/4741]	lr: 3.778e-07, eta: 6:50:08, time: 0.388, data_time: 0.017, memory: 23314, loss_cls: 0.4105, loss_bbox: 0.4239, loss_kps: 0.0000, loss: 0.8343, grad_norm: 6.7249
2026-09-30 09:18:44,210 - mmdet - INFO - Epoch [16][4650/4741]	lr: 3.778e-07, eta: 6:49:51, time: 0.397, data_time: 0.015, memory: 23314, loss_cls: 0.4229, loss_bbox: 0.4101, loss_kps: 0.0000, loss: 0.8330, grad_norm: 6.4983
2026-09-30 09:19:03,484 - mmdet - INFO - Epoch [16][4700/4741]	lr: 3.778e-07, eta: 6:49:33, time: 0.386, data_time: 0.017, memory: 23314, loss_cls: 0.4273, loss_bbox: 0.4385, loss_kps: 0.0000, loss: 0.8658, grad_norm: 6.6961
2026-09-30 09:19:15,799 - mmdet - INFO - Saving checkpoint at 16 epochs
2026-09-30 09:19:53,908 - mmdet - INFO - Epoch [17][50/4741]	lr: 3.778e-07, eta: 6:48:50, time: 0.452, data_time: 0.095, memory: 23314, loss_cls: 0.4203, loss_bbox: 0.4290, loss_kps: 0.0000, loss: 0.8494, grad_norm: 6.8766
2026-09-30 09:20:11,967 - mmdet - INFO - Epoch [17][100/4741]	lr: 3.778e-07, eta: 6:48:31, time: 0.361, data_time: 0.016, memory: 23314, loss_cls: 0.3984, loss_bbox: 0.4242, loss_kps: 0.0000, loss: 0.8226, grad_norm: 6.6949
2026-09-30 09:20:30,046 - mmdet - INFO - Epoch [17][150/4741]	lr: 3.778e-07, eta: 6:48:12, time: 0.361, data_time: 0.015, memory: 23314, loss_cls: 0.4113, loss_bbox: 0.4171, loss_kps: 0.0000, loss: 0.8284, grad_norm: 7.5515
2026-09-30 09:20:47,972 - mmdet - INFO - Epoch [17][200/4741]	lr: 3.778e-07, eta: 6:47:53, time: 0.360, data_time: 0.016, memory: 23314, loss_cls: 0.3878, loss_bbox: 0.4061, loss_kps: 0.0000, loss: 0.7939, grad_norm: 6.8023
2026-09-30 09:21:05,916 - mmdet - INFO - Epoch [17][250/4741]	lr: 3.778e-07, eta: 6:47:34, time: 0.358, data_time: 0.014, memory: 23314, loss_cls: 0.4104, loss_bbox: 0.4170, loss_kps: 0.0000, loss: 0.8273, grad_norm: 6.2690
2026-09-30 09:21:23,849 - mmdet - INFO - Epoch [17][300/4741]	lr: 3.778e-07, eta: 6:47:15, time: 0.359, data_time: 0.014, memory: 23314, loss_cls: 0.4030, loss_bbox: 0.4250, loss_kps: 0.0000, loss: 0.8280, grad_norm: 7.0271
2026-09-30 09:21:42,167 - mmdet - INFO - Epoch [17][350/4741]	lr: 3.778e-07, eta: 6:46:57, time: 0.367, data_time: 0.015, memory: 23314, loss_cls: 0.4166, loss_bbox: 0.4257, loss_kps: 0.0000, loss: 0.8423, grad_norm: 6.8155
2026-09-30 09:22:00,024 - mmdet - INFO - Epoch [17][400/4741]	lr: 3.778e-07, eta: 6:46:38, time: 0.356, data_time: 0.014, memory: 23314, loss_cls: 0.4191, loss_bbox: 0.4152, loss_kps: 0.0000, loss: 0.8343, grad_norm: 6.7438
2026-09-30 09:22:18,149 - mmdet - INFO - Epoch [17][450/4741]	lr: 3.778e-07, eta: 6:46:19, time: 0.362, data_time: 0.015, memory: 23314, loss_cls: 0.3942, loss_bbox: 0.4119, loss_kps: 0.0000, loss: 0.8061, grad_norm: 6.6036
2026-09-30 09:22:35,872 - mmdet - INFO - Epoch [17][500/4741]	lr: 3.778e-07, eta: 6:46:00, time: 0.354, data_time: 0.015, memory: 23314, loss_cls: 0.3933, loss_bbox: 0.4127, loss_kps: 0.0000, loss: 0.8060, grad_norm: 6.5859
2026-09-30 09:22:54,142 - mmdet - INFO - Epoch [17][550/4741]	lr: 3.778e-07, eta: 6:45:41, time: 0.366, data_time: 0.015, memory: 23314, loss_cls: 0.4061, loss_bbox: 0.4204, loss_kps: 0.0000, loss: 0.8264, grad_norm: 6.6069
2026-09-30 09:23:12,023 - mmdet - INFO - Epoch [17][600/4741]	lr: 3.778e-07, eta: 6:45:22, time: 0.358, data_time: 0.015, memory: 23314, loss_cls: 0.4043, loss_bbox: 0.4186, loss_kps: 0.0000, loss: 0.8229, grad_norm: 6.5571
2026-09-30 09:23:29,588 - mmdet - INFO - Epoch [17][650/4741]	lr: 3.778e-07, eta: 6:45:03, time: 0.350, data_time: 0.014, memory: 23314, loss_cls: 0.4137, loss_bbox: 0.4177, loss_kps: 0.0000, loss: 0.8314, grad_norm: 7.0588
2026-09-30 09:23:47,258 - mmdet - INFO - Epoch [17][700/4741]	lr: 3.778e-07, eta: 6:44:44, time: 0.355, data_time: 0.016, memory: 23314, loss_cls: 0.4192, loss_bbox: 0.4306, loss_kps: 0.0000, loss: 0.8498, grad_norm: 7.1130
2026-09-30 09:24:05,425 - mmdet - INFO - Epoch [17][750/4741]	lr: 3.778e-07, eta: 6:44:25, time: 0.362, data_time: 0.013, memory: 23314, loss_cls: 0.4086, loss_bbox: 0.4187, loss_kps: 0.0000, loss: 0.8273, grad_norm: 6.8364
2026-09-30 09:24:22,820 - mmdet - INFO - Epoch [17][800/4741]	lr: 3.778e-07, eta: 6:44:05, time: 0.348, data_time: 0.014, memory: 23314, loss_cls: 0.4180, loss_bbox: 0.4223, loss_kps: 0.0000, loss: 0.8403, grad_norm: 6.9056
2026-09-30 09:24:40,603 - mmdet - INFO - Epoch [17][850/4741]	lr: 3.778e-07, eta: 6:43:46, time: 0.356, data_time: 0.015, memory: 23314, loss_cls: 0.4264, loss_bbox: 0.4332, loss_kps: 0.0000, loss: 0.8596, grad_norm: 7.4202
2026-09-30 09:24:58,395 - mmdet - INFO - Epoch [17][900/4741]	lr: 3.778e-07, eta: 6:43:27, time: 0.356, data_time: 0.014, memory: 23314, loss_cls: 0.4081, loss_bbox: 0.4179, loss_kps: 0.0000, loss: 0.8259, grad_norm: 6.8965
2026-09-30 09:25:16,121 - mmdet - INFO - Epoch [17][950/4741]	lr: 3.778e-07, eta: 6:43:08, time: 0.355, data_time: 0.016, memory: 23314, loss_cls: 0.4070, loss_bbox: 0.4251, loss_kps: 0.0000, loss: 0.8321, grad_norm: 6.6827
2026-09-30 09:25:34,540 - mmdet - INFO - Epoch [17][1000/4741]	lr: 3.778e-07, eta: 6:42:49, time: 0.368, data_time: 0.015, memory: 23314, loss_cls: 0.4140, loss_bbox: 0.4191, loss_kps: 0.0000, loss: 0.8330, grad_norm: 6.6424
2026-09-30 09:25:52,527 - mmdet - INFO - Epoch [17][1050/4741]	lr: 3.778e-07, eta: 6:42:31, time: 0.360, data_time: 0.016, memory: 23314, loss_cls: 0.3925, loss_bbox: 0.3983, loss_kps: 0.0000, loss: 0.7908, grad_norm: 6.3323
2026-09-30 09:26:10,322 - mmdet - INFO - Epoch [17][1100/4741]	lr: 3.778e-07, eta: 6:42:12, time: 0.355, data_time: 0.015, memory: 23314, loss_cls: 0.4163, loss_bbox: 0.4184, loss_kps: 0.0000, loss: 0.8347, grad_norm: 6.5186
2026-09-30 09:26:28,552 - mmdet - INFO - Epoch [17][1150/4741]	lr: 3.778e-07, eta: 6:41:53, time: 0.365, data_time: 0.014, memory: 23314, loss_cls: 0.4091, loss_bbox: 0.4265, loss_kps: 0.0000, loss: 0.8357, grad_norm: 6.6807
2026-09-30 09:26:46,169 - mmdet - INFO - Epoch [17][1200/4741]	lr: 3.778e-07, eta: 6:41:34, time: 0.351, data_time: 0.013, memory: 23314, loss_cls: 0.4196, loss_bbox: 0.4250, loss_kps: 0.0000, loss: 0.8446, grad_norm: 6.8418
2026-09-30 09:27:03,931 - mmdet - INFO - Epoch [17][1250/4741]	lr: 3.778e-07, eta: 6:41:15, time: 0.356, data_time: 0.017, memory: 23314, loss_cls: 0.4123, loss_bbox: 0.4256, loss_kps: 0.0000, loss: 0.8378, grad_norm: 7.1420
2026-09-30 09:27:21,933 - mmdet - INFO - Epoch [17][1300/4741]	lr: 3.778e-07, eta: 6:40:56, time: 0.360, data_time: 0.014, memory: 23314, loss_cls: 0.4174, loss_bbox: 0.4391, loss_kps: 0.0000, loss: 0.8564, grad_norm: 6.6946
2026-09-30 09:27:39,854 - mmdet - INFO - Epoch [17][1350/4741]	lr: 3.778e-07, eta: 6:40:37, time: 0.358, data_time: 0.014, memory: 23314, loss_cls: 0.4200, loss_bbox: 0.4264, loss_kps: 0.0000, loss: 0.8464, grad_norm: 6.7253
2026-09-30 09:27:57,785 - mmdet - INFO - Epoch [17][1400/4741]	lr: 3.778e-07, eta: 6:40:18, time: 0.359, data_time: 0.014, memory: 23314, loss_cls: 0.3997, loss_bbox: 0.4274, loss_kps: 0.0000, loss: 0.8271, grad_norm: 6.9548
2026-09-30 09:28:15,470 - mmdet - INFO - Epoch [17][1450/4741]	lr: 3.778e-07, eta: 6:39:59, time: 0.354, data_time: 0.014, memory: 23314, loss_cls: 0.4044, loss_bbox: 0.4244, loss_kps: 0.0000, loss: 0.8289, grad_norm: 7.1065
2026-09-30 09:28:32,905 - mmdet - INFO - Epoch [17][1500/4741]	lr: 3.778e-07, eta: 6:39:39, time: 0.348, data_time: 0.014, memory: 23314, loss_cls: 0.4080, loss_bbox: 0.4190, loss_kps: 0.0000, loss: 0.8270, grad_norm: 7.2163
2026-09-30 09:28:50,270 - mmdet - INFO - Epoch [17][1550/4741]	lr: 3.778e-07, eta: 6:39:20, time: 0.347, data_time: 0.014, memory: 23314, loss_cls: 0.3977, loss_bbox: 0.4037, loss_kps: 0.0000, loss: 0.8014, grad_norm: 6.4015
2026-09-30 09:29:07,666 - mmdet - INFO - Epoch [17][1600/4741]	lr: 3.778e-07, eta: 6:39:00, time: 0.348, data_time: 0.015, memory: 23314, loss_cls: 0.4227, loss_bbox: 0.4277, loss_kps: 0.0000, loss: 0.8504, grad_norm: 6.8258
2026-09-30 09:29:25,376 - mmdet - INFO - Epoch [17][1650/4741]	lr: 3.778e-07, eta: 6:38:41, time: 0.354, data_time: 0.014, memory: 23314, loss_cls: 0.4176, loss_bbox: 0.4268, loss_kps: 0.0000, loss: 0.8444, grad_norm: 6.9101
2026-09-30 09:29:42,917 - mmdet - INFO - Epoch [17][1700/4741]	lr: 3.778e-07, eta: 6:38:22, time: 0.351, data_time: 0.014, memory: 23314, loss_cls: 0.4126, loss_bbox: 0.4203, loss_kps: 0.0000, loss: 0.8329, grad_norm: 6.9702
2026-09-30 09:30:00,624 - mmdet - INFO - Epoch [17][1750/4741]	lr: 3.778e-07, eta: 6:38:03, time: 0.354, data_time: 0.015, memory: 23314, loss_cls: 0.4058, loss_bbox: 0.4026, loss_kps: 0.0000, loss: 0.8083, grad_norm: 6.8500
2026-09-30 09:30:18,672 - mmdet - INFO - Epoch [17][1800/4741]	lr: 3.778e-07, eta: 6:37:44, time: 0.361, data_time: 0.013, memory: 23314, loss_cls: 0.3986, loss_bbox: 0.4180, loss_kps: 0.0000, loss: 0.8167, grad_norm: 6.9184
2026-09-30 09:30:36,101 - mmdet - INFO - Epoch [17][1850/4741]	lr: 3.778e-07, eta: 6:37:25, time: 0.349, data_time: 0.014, memory: 23314, loss_cls: 0.4096, loss_bbox: 0.4218, loss_kps: 0.0000, loss: 0.8314, grad_norm: 7.0089
2026-09-30 09:30:53,554 - mmdet - INFO - Epoch [17][1900/4741]	lr: 3.778e-07, eta: 6:37:05, time: 0.349, data_time: 0.014, memory: 23314, loss_cls: 0.4129, loss_bbox: 0.4242, loss_kps: 0.0000, loss: 0.8371, grad_norm: 6.8336
2026-09-30 09:31:11,204 - mmdet - INFO - Epoch [17][1950/4741]	lr: 3.778e-07, eta: 6:36:46, time: 0.353, data_time: 0.015, memory: 23314, loss_cls: 0.3949, loss_bbox: 0.4176, loss_kps: 0.0000, loss: 0.8125, grad_norm: 6.6158
2026-09-30 09:31:28,927 - mmdet - INFO - Epoch [17][2000/4741]	lr: 3.778e-07, eta: 6:36:27, time: 0.354, data_time: 0.014, memory: 23314, loss_cls: 0.3885, loss_bbox: 0.4192, loss_kps: 0.0000, loss: 0.8077, grad_norm: 7.3501
2026-09-30 09:31:46,215 - mmdet - INFO - Epoch [17][2050/4741]	lr: 3.778e-07, eta: 6:36:08, time: 0.345, data_time: 0.015, memory: 23314, loss_cls: 0.4041, loss_bbox: 0.4249, loss_kps: 0.0000, loss: 0.8290, grad_norm: 6.5298
2026-09-30 09:32:03,969 - mmdet - INFO - Epoch [17][2100/4741]	lr: 3.778e-07, eta: 6:35:49, time: 0.355, data_time: 0.014, memory: 23314, loss_cls: 0.4129, loss_bbox: 0.4231, loss_kps: 0.0000, loss: 0.8360, grad_norm: 6.7066
2026-09-30 09:32:21,390 - mmdet - INFO - Epoch [17][2150/4741]	lr: 3.778e-07, eta: 6:35:29, time: 0.349, data_time: 0.014, memory: 23314, loss_cls: 0.3965, loss_bbox: 0.4129, loss_kps: 0.0000, loss: 0.8093, grad_norm: 6.5256
2026-09-30 09:32:39,149 - mmdet - INFO - Epoch [17][2200/4741]	lr: 3.778e-07, eta: 6:35:10, time: 0.355, data_time: 0.013, memory: 23314, loss_cls: 0.4143, loss_bbox: 0.4253, loss_kps: 0.0000, loss: 0.8396, grad_norm: 6.8086
2026-09-30 09:32:56,613 - mmdet - INFO - Epoch [17][2250/4741]	lr: 3.778e-07, eta: 6:34:51, time: 0.349, data_time: 0.014, memory: 23314, loss_cls: 0.4072, loss_bbox: 0.4181, loss_kps: 0.0000, loss: 0.8253, grad_norm: 6.6981
2026-09-30 09:33:14,572 - mmdet - INFO - Epoch [17][2300/4741]	lr: 3.778e-07, eta: 6:34:32, time: 0.359, data_time: 0.014, memory: 23314, loss_cls: 0.3974, loss_bbox: 0.4269, loss_kps: 0.0000, loss: 0.8243, grad_norm: 6.5239
2026-09-30 09:33:32,202 - mmdet - INFO - Epoch [17][2350/4741]	lr: 3.778e-07, eta: 6:34:13, time: 0.352, data_time: 0.015, memory: 23314, loss_cls: 0.4095, loss_bbox: 0.4227, loss_kps: 0.0000, loss: 0.8322, grad_norm: 6.6712
2026-09-30 09:33:50,100 - mmdet - INFO - Epoch [17][2400/4741]	lr: 3.778e-07, eta: 6:33:54, time: 0.358, data_time: 0.015, memory: 23314, loss_cls: 0.4172, loss_bbox: 0.4306, loss_kps: 0.0000, loss: 0.8478, grad_norm: 6.8969
2026-09-30 09:34:07,975 - mmdet - INFO - Epoch [17][2450/4741]	lr: 3.778e-07, eta: 6:33:35, time: 0.357, data_time: 0.015, memory: 23314, loss_cls: 0.4030, loss_bbox: 0.4205, loss_kps: 0.0000, loss: 0.8235, grad_norm: 6.6666
2026-09-30 09:34:25,707 - mmdet - INFO - Epoch [17][2500/4741]	lr: 3.778e-07, eta: 6:33:16, time: 0.354, data_time: 0.015, memory: 23314, loss_cls: 0.4007, loss_bbox: 0.4220, loss_kps: 0.0000, loss: 0.8227, grad_norm: 6.5759
2026-09-30 09:34:43,401 - mmdet - INFO - Epoch [17][2550/4741]	lr: 3.778e-07, eta: 6:32:57, time: 0.354, data_time: 0.015, memory: 23314, loss_cls: 0.4049, loss_bbox: 0.4233, loss_kps: 0.0000, loss: 0.8282, grad_norm: 6.8772
2026-09-30 09:35:01,175 - mmdet - INFO - Epoch [17][2600/4741]	lr: 3.778e-07, eta: 6:32:38, time: 0.357, data_time: 0.017, memory: 23314, loss_cls: 0.4056, loss_bbox: 0.4159, loss_kps: 0.0000, loss: 0.8216, grad_norm: 6.5524
2026-09-30 09:35:19,095 - mmdet - INFO - Epoch [17][2650/4741]	lr: 3.778e-07, eta: 6:32:19, time: 0.358, data_time: 0.015, memory: 23314, loss_cls: 0.4071, loss_bbox: 0.4267, loss_kps: 0.0000, loss: 0.8338, grad_norm: 6.9216
2026-09-30 09:35:37,116 - mmdet - INFO - Epoch [17][2700/4741]	lr: 3.778e-07, eta: 6:32:00, time: 0.360, data_time: 0.016, memory: 23314, loss_cls: 0.4158, loss_bbox: 0.4225, loss_kps: 0.0000, loss: 0.8383, grad_norm: 6.4938
2026-09-30 09:35:54,964 - mmdet - INFO - Epoch [17][2750/4741]	lr: 3.778e-07, eta: 6:31:41, time: 0.358, data_time: 0.016, memory: 23314, loss_cls: 0.4047, loss_bbox: 0.4289, loss_kps: 0.0000, loss: 0.8336, grad_norm: 6.9199
2026-09-30 09:36:13,162 - mmdet - INFO - Epoch [17][2800/4741]	lr: 3.778e-07, eta: 6:31:22, time: 0.364, data_time: 0.015, memory: 23314, loss_cls: 0.4027, loss_bbox: 0.4160, loss_kps: 0.0000, loss: 0.8187, grad_norm: 6.5048
2026-09-30 09:36:30,925 - mmdet - INFO - Epoch [17][2850/4741]	lr: 3.778e-07, eta: 6:31:03, time: 0.354, data_time: 0.015, memory: 23314, loss_cls: 0.4054, loss_bbox: 0.4229, loss_kps: 0.0000, loss: 0.8283, grad_norm: 6.7968
2026-09-30 09:36:48,858 - mmdet - INFO - Epoch [17][2900/4741]	lr: 3.778e-07, eta: 6:30:44, time: 0.359, data_time: 0.016, memory: 23314, loss_cls: 0.4003, loss_bbox: 0.4191, loss_kps: 0.0000, loss: 0.8194, grad_norm: 6.8884
2026-09-30 09:37:07,124 - mmdet - INFO - Epoch [17][2950/4741]	lr: 3.778e-07, eta: 6:30:26, time: 0.365, data_time: 0.015, memory: 23314, loss_cls: 0.4011, loss_bbox: 0.4181, loss_kps: 0.0000, loss: 0.8192, grad_norm: 6.8453
2026-09-30 09:37:26,052 - mmdet - INFO - Epoch [17][3000/4741]	lr: 3.778e-07, eta: 6:30:08, time: 0.379, data_time: 0.018, memory: 23314, loss_cls: 0.4115, loss_bbox: 0.4228, loss_kps: 0.0000, loss: 0.8343, grad_norm: 6.6505
2026-09-30 09:37:46,222 - mmdet - INFO - Epoch [17][3050/4741]	lr: 3.778e-07, eta: 6:29:50, time: 0.402, data_time: 0.018, memory: 23314, loss_cls: 0.4177, loss_bbox: 0.4195, loss_kps: 0.0000, loss: 0.8373, grad_norm: 7.0698
2026-09-30 09:38:06,912 - mmdet - INFO - Epoch [17][3100/4741]	lr: 3.778e-07, eta: 6:29:34, time: 0.413, data_time: 0.020, memory: 23314, loss_cls: 0.3995, loss_bbox: 0.4264, loss_kps: 0.0000, loss: 0.8259, grad_norm: 6.6646
2026-09-30 09:38:28,516 - mmdet - INFO - Epoch [17][3150/4741]	lr: 3.778e-07, eta: 6:29:18, time: 0.432, data_time: 0.019, memory: 23314, loss_cls: 0.4122, loss_bbox: 0.4307, loss_kps: 0.0000, loss: 0.8429, grad_norm: 6.3355
2026-09-30 09:38:49,864 - mmdet - INFO - Epoch [17][3200/4741]	lr: 3.778e-07, eta: 6:29:02, time: 0.428, data_time: 0.019, memory: 23314, loss_cls: 0.4253, loss_bbox: 0.4282, loss_kps: 0.0000, loss: 0.8535, grad_norm: 7.3316
2026-09-30 09:39:11,447 - mmdet - INFO - Epoch [17][3250/4741]	lr: 3.778e-07, eta: 6:28:46, time: 0.431, data_time: 0.020, memory: 23314, loss_cls: 0.4092, loss_bbox: 0.4256, loss_kps: 0.0000, loss: 0.8348, grad_norm: 6.8216
2026-09-30 09:39:33,086 - mmdet - INFO - Epoch [17][3300/4741]	lr: 3.778e-07, eta: 6:28:30, time: 0.434, data_time: 0.019, memory: 23314, loss_cls: 0.3965, loss_bbox: 0.4165, loss_kps: 0.0000, loss: 0.8130, grad_norm: 6.5816
2026-09-30 09:39:54,567 - mmdet - INFO - Epoch [17][3350/4741]	lr: 3.778e-07, eta: 6:28:14, time: 0.428, data_time: 0.019, memory: 23314, loss_cls: 0.4199, loss_bbox: 0.4203, loss_kps: 0.0000, loss: 0.8402, grad_norm: 6.4763
2026-09-30 09:40:15,147 - mmdet - INFO - Epoch [17][3400/4741]	lr: 3.778e-07, eta: 6:27:57, time: 0.412, data_time: 0.021, memory: 23314, loss_cls: 0.4127, loss_bbox: 0.4224, loss_kps: 0.0000, loss: 0.8350, grad_norm: 6.8491
2026-09-30 09:40:35,748 - mmdet - INFO - Epoch [17][3450/4741]	lr: 3.778e-07, eta: 6:27:40, time: 0.413, data_time: 0.018, memory: 23314, loss_cls: 0.4084, loss_bbox: 0.4191, loss_kps: 0.0000, loss: 0.8275, grad_norm: 6.7601
2026-09-30 09:40:55,661 - mmdet - INFO - Epoch [17][3500/4741]	lr: 3.778e-07, eta: 6:27:23, time: 0.397, data_time: 0.017, memory: 23314, loss_cls: 0.4242, loss_bbox: 0.4362, loss_kps: 0.0000, loss: 0.8604, grad_norm: 6.5658
2026-09-30 09:41:15,189 - mmdet - INFO - Epoch [17][3550/4741]	lr: 3.778e-07, eta: 6:27:05, time: 0.391, data_time: 0.018, memory: 23314, loss_cls: 0.4060, loss_bbox: 0.4263, loss_kps: 0.0000, loss: 0.8323, grad_norm: 6.3606
2026-09-30 09:41:34,579 - mmdet - INFO - Epoch [17][3600/4741]	lr: 3.778e-07, eta: 6:26:47, time: 0.388, data_time: 0.017, memory: 23314, loss_cls: 0.4154, loss_bbox: 0.4244, loss_kps: 0.0000, loss: 0.8398, grad_norm: 6.3831
2026-09-30 09:41:54,345 - mmdet - INFO - Epoch [17][3650/4741]	lr: 3.778e-07, eta: 6:26:30, time: 0.394, data_time: 0.018, memory: 23314, loss_cls: 0.4184, loss_bbox: 0.4206, loss_kps: 0.0000, loss: 0.8390, grad_norm: 7.4787
2026-09-30 09:42:13,487 - mmdet - INFO - Epoch [17][3700/4741]	lr: 3.778e-07, eta: 6:26:12, time: 0.382, data_time: 0.017, memory: 23314, loss_cls: 0.4335, loss_bbox: 0.4295, loss_kps: 0.0000, loss: 0.8630, grad_norm: 6.8303
2026-09-30 09:42:31,654 - mmdet - INFO - Epoch [17][3750/4741]	lr: 3.778e-07, eta: 6:25:53, time: 0.364, data_time: 0.016, memory: 23314, loss_cls: 0.4119, loss_bbox: 0.4261, loss_kps: 0.0000, loss: 0.8380, grad_norm: 6.7357
2026-09-30 09:42:49,711 - mmdet - INFO - Epoch [17][3800/4741]	lr: 3.778e-07, eta: 6:25:34, time: 0.361, data_time: 0.016, memory: 23314, loss_cls: 0.4019, loss_bbox: 0.4121, loss_kps: 0.0000, loss: 0.8140, grad_norm: 6.7568
2026-09-30 09:43:07,508 - mmdet - INFO - Epoch [17][3850/4741]	lr: 3.778e-07, eta: 6:25:15, time: 0.356, data_time: 0.016, memory: 23314, loss_cls: 0.4272, loss_bbox: 0.4144, loss_kps: 0.0000, loss: 0.8417, grad_norm: 6.5259
2026-09-30 09:43:25,203 - mmdet - INFO - Epoch [17][3900/4741]	lr: 3.778e-07, eta: 6:24:56, time: 0.355, data_time: 0.015, memory: 23314, loss_cls: 0.4129, loss_bbox: 0.4234, loss_kps: 0.0000, loss: 0.8363, grad_norm: 7.1518
2026-09-30 09:43:43,111 - mmdet - INFO - Epoch [17][3950/4741]	lr: 3.778e-07, eta: 6:24:37, time: 0.357, data_time: 0.015, memory: 23314, loss_cls: 0.4072, loss_bbox: 0.4246, loss_kps: 0.0000, loss: 0.8317, grad_norm: 6.3138
2026-09-30 09:44:00,845 - mmdet - INFO - Epoch [17][4000/4741]	lr: 3.778e-07, eta: 6:24:18, time: 0.355, data_time: 0.015, memory: 23314, loss_cls: 0.4047, loss_bbox: 0.4183, loss_kps: 0.0000, loss: 0.8230, grad_norm: 6.9664
2026-09-30 09:44:18,998 - mmdet - INFO - Epoch [17][4050/4741]	lr: 3.778e-07, eta: 6:23:59, time: 0.363, data_time: 0.015, memory: 23314, loss_cls: 0.4210, loss_bbox: 0.4285, loss_kps: 0.0000, loss: 0.8495, grad_norm: 6.6846
2026-09-30 09:44:36,543 - mmdet - INFO - Epoch [17][4100/4741]	lr: 3.778e-07, eta: 6:23:40, time: 0.351, data_time: 0.016, memory: 23314, loss_cls: 0.4041, loss_bbox: 0.4183, loss_kps: 0.0000, loss: 0.8224, grad_norm: 6.5468
2026-09-30 09:44:54,388 - mmdet - INFO - Epoch [17][4150/4741]	lr: 3.778e-07, eta: 6:23:21, time: 0.356, data_time: 0.015, memory: 23314, loss_cls: 0.4008, loss_bbox: 0.4214, loss_kps: 0.0000, loss: 0.8222, grad_norm: 6.4583
2026-09-30 09:45:12,003 - mmdet - INFO - Epoch [17][4200/4741]	lr: 3.778e-07, eta: 6:23:02, time: 0.352, data_time: 0.016, memory: 23314, loss_cls: 0.4077, loss_bbox: 0.4298, loss_kps: 0.0000, loss: 0.8376, grad_norm: 6.8108
2026-09-30 09:45:29,462 - mmdet - INFO - Epoch [17][4250/4741]	lr: 3.778e-07, eta: 6:22:43, time: 0.350, data_time: 0.015, memory: 23314, loss_cls: 0.4358, loss_bbox: 0.4453, loss_kps: 0.0000, loss: 0.8811, grad_norm: 6.4484
2026-09-30 09:45:47,069 - mmdet - INFO - Epoch [17][4300/4741]	lr: 3.778e-07, eta: 6:22:24, time: 0.351, data_time: 0.014, memory: 23314, loss_cls: 0.4066, loss_bbox: 0.4174, loss_kps: 0.0000, loss: 0.8240, grad_norm: 7.0185
2026-09-30 09:46:04,606 - mmdet - INFO - Epoch [17][4350/4741]	lr: 3.778e-07, eta: 6:22:04, time: 0.351, data_time: 0.015, memory: 23314, loss_cls: 0.4159, loss_bbox: 0.4132, loss_kps: 0.0000, loss: 0.8291, grad_norm: 6.7419
2026-09-30 09:46:22,378 - mmdet - INFO - Epoch [17][4400/4741]	lr: 3.778e-07, eta: 6:21:45, time: 0.356, data_time: 0.015, memory: 23314, loss_cls: 0.4021, loss_bbox: 0.4269, loss_kps: 0.0000, loss: 0.8290, grad_norm: 6.6210
2026-09-30 09:46:39,862 - mmdet - INFO - Epoch [17][4450/4741]	lr: 3.778e-07, eta: 6:21:26, time: 0.350, data_time: 0.016, memory: 23314, loss_cls: 0.4110, loss_bbox: 0.4125, loss_kps: 0.0000, loss: 0.8235, grad_norm: 6.7399
2026-09-30 09:46:57,693 - mmdet - INFO - Epoch [17][4500/4741]	lr: 3.778e-07, eta: 6:21:07, time: 0.357, data_time: 0.014, memory: 23314, loss_cls: 0.4221, loss_bbox: 0.4194, loss_kps: 0.0000, loss: 0.8414, grad_norm: 6.6063
2026-09-30 09:47:15,337 - mmdet - INFO - Epoch [17][4550/4741]	lr: 3.778e-07, eta: 6:20:48, time: 0.352, data_time: 0.014, memory: 23314, loss_cls: 0.4123, loss_bbox: 0.4241, loss_kps: 0.0000, loss: 0.8364, grad_norm: 6.4017
2026-09-30 09:47:33,234 - mmdet - INFO - Epoch [17][4600/4741]	lr: 3.778e-07, eta: 6:20:29, time: 0.358, data_time: 0.014, memory: 23314, loss_cls: 0.4256, loss_bbox: 0.4267, loss_kps: 0.0000, loss: 0.8522, grad_norm: 6.8905
2026-09-30 09:47:51,234 - mmdet - INFO - Epoch [17][4650/4741]	lr: 3.778e-07, eta: 6:20:10, time: 0.360, data_time: 0.013, memory: 23314, loss_cls: 0.3947, loss_bbox: 0.4059, loss_kps: 0.0000, loss: 0.8005, grad_norm: 6.5783
2026-09-30 09:48:08,994 - mmdet - INFO - Epoch [17][4700/4741]	lr: 3.778e-07, eta: 6:19:51, time: 0.356, data_time: 0.015, memory: 23314, loss_cls: 0.3886, loss_bbox: 0.4020, loss_kps: 0.0000, loss: 0.7906, grad_norm: 6.9179
2026-09-30 09:48:20,656 - mmdet - INFO - Saving checkpoint at 17 epochs
2026-09-30 09:48:56,800 - mmdet - INFO - Epoch [18][50/4741]	lr: 3.778e-07, eta: 6:19:08, time: 0.422, data_time: 0.088, memory: 23314, loss_cls: 0.3987, loss_bbox: 0.4117, loss_kps: 0.0000, loss: 0.8104, grad_norm: 6.4019
2026-09-30 09:49:13,945 - mmdet - INFO - Epoch [18][100/4741]	lr: 3.778e-07, eta: 6:18:49, time: 0.344, data_time: 0.014, memory: 23314, loss_cls: 0.3891, loss_bbox: 0.4120, loss_kps: 0.0000, loss: 0.8011, grad_norm: 6.1974
2026-09-30 09:49:31,595 - mmdet - INFO - Epoch [18][150/4741]	lr: 3.778e-07, eta: 6:18:29, time: 0.352, data_time: 0.014, memory: 23314, loss_cls: 0.4162, loss_bbox: 0.4084, loss_kps: 0.0000, loss: 0.8247, grad_norm: 6.9182
2026-09-30 09:49:49,216 - mmdet - INFO - Epoch [18][200/4741]	lr: 3.778e-07, eta: 6:18:10, time: 0.353, data_time: 0.015, memory: 23314, loss_cls: 0.3896, loss_bbox: 0.4145, loss_kps: 0.0000, loss: 0.8041, grad_norm: 6.8653
2026-09-30 09:50:07,418 - mmdet - INFO - Epoch [18][250/4741]	lr: 3.778e-07, eta: 6:17:52, time: 0.363, data_time: 0.015, memory: 23314, loss_cls: 0.3926, loss_bbox: 0.4180, loss_kps: 0.0000, loss: 0.8106, grad_norm: 6.3221
2026-09-30 09:50:25,156 - mmdet - INFO - Epoch [18][300/4741]	lr: 3.778e-07, eta: 6:17:33, time: 0.355, data_time: 0.015, memory: 23314, loss_cls: 0.3962, loss_bbox: 0.4208, loss_kps: 0.0000, loss: 0.8169, grad_norm: 6.7402
2026-09-30 09:50:42,861 - mmdet - INFO - Epoch [18][350/4741]	lr: 3.778e-07, eta: 6:17:14, time: 0.354, data_time: 0.015, memory: 23314, loss_cls: 0.3919, loss_bbox: 0.4146, loss_kps: 0.0000, loss: 0.8064, grad_norm: 6.5631
2026-09-30 09:51:00,463 - mmdet - INFO - Epoch [18][400/4741]	lr: 3.778e-07, eta: 6:16:54, time: 0.353, data_time: 0.015, memory: 23314, loss_cls: 0.3985, loss_bbox: 0.4162, loss_kps: 0.0000, loss: 0.8146, grad_norm: 7.6688
2026-09-30 09:51:18,149 - mmdet - INFO - Epoch [18][450/4741]	lr: 3.778e-07, eta: 6:16:35, time: 0.353, data_time: 0.015, memory: 23314, loss_cls: 0.3927, loss_bbox: 0.4162, loss_kps: 0.0000, loss: 0.8089, grad_norm: 7.0119
2026-09-30 09:51:36,109 - mmdet - INFO - Epoch [18][500/4741]	lr: 3.778e-07, eta: 6:16:17, time: 0.359, data_time: 0.015, memory: 23314, loss_cls: 0.4157, loss_bbox: 0.4180, loss_kps: 0.0000, loss: 0.8337, grad_norm: 7.0738
2026-09-30 09:51:54,534 - mmdet - INFO - Epoch [18][550/4741]	lr: 3.778e-07, eta: 6:15:58, time: 0.368, data_time: 0.017, memory: 23314, loss_cls: 0.4000, loss_bbox: 0.4147, loss_kps: 0.0000, loss: 0.8146, grad_norm: 6.5701
2026-09-30 09:52:13,778 - mmdet - INFO - Epoch [18][600/4741]	lr: 3.778e-07, eta: 6:15:40, time: 0.385, data_time: 0.017, memory: 23314, loss_cls: 0.3985, loss_bbox: 0.4132, loss_kps: 0.0000, loss: 0.8118, grad_norm: 6.8357
2026-09-30 09:52:33,193 - mmdet - INFO - Epoch [18][650/4741]	lr: 3.778e-07, eta: 6:15:22, time: 0.389, data_time: 0.017, memory: 23314, loss_cls: 0.4228, loss_bbox: 0.4229, loss_kps: 0.0000, loss: 0.8458, grad_norm: 7.1404
2026-09-30 09:52:51,750 - mmdet - INFO - Epoch [18][700/4741]	lr: 3.778e-07, eta: 6:15:04, time: 0.371, data_time: 0.016, memory: 23314, loss_cls: 0.3980, loss_bbox: 0.4197, loss_kps: 0.0000, loss: 0.8176, grad_norm: 6.7698
2026-09-30 09:53:09,960 - mmdet - INFO - Epoch [18][750/4741]	lr: 3.778e-07, eta: 6:14:45, time: 0.364, data_time: 0.015, memory: 23314, loss_cls: 0.4048, loss_bbox: 0.4096, loss_kps: 0.0000, loss: 0.8144, grad_norm: 7.0371
2026-09-30 09:53:28,203 - mmdet - INFO - Epoch [18][800/4741]	lr: 3.778e-07, eta: 6:14:27, time: 0.365, data_time: 0.015, memory: 23314, loss_cls: 0.4115, loss_bbox: 0.4227, loss_kps: 0.0000, loss: 0.8341, grad_norm: 6.8449
2026-09-30 09:53:46,513 - mmdet - INFO - Epoch [18][850/4741]	lr: 3.778e-07, eta: 6:14:08, time: 0.367, data_time: 0.017, memory: 23314, loss_cls: 0.3999, loss_bbox: 0.4131, loss_kps: 0.0000, loss: 0.8129, grad_norm: 6.7848
2026-09-30 09:54:05,007 - mmdet - INFO - Epoch [18][900/4741]	lr: 3.778e-07, eta: 6:13:50, time: 0.369, data_time: 0.015, memory: 23314, loss_cls: 0.4145, loss_bbox: 0.4180, loss_kps: 0.0000, loss: 0.8325, grad_norm: 7.1666
2026-09-30 09:54:22,963 - mmdet - INFO - Epoch [18][950/4741]	lr: 3.778e-07, eta: 6:13:31, time: 0.360, data_time: 0.016, memory: 23314, loss_cls: 0.3925, loss_bbox: 0.4108, loss_kps: 0.0000, loss: 0.8033, grad_norm: 6.6431
2026-09-30 09:54:40,824 - mmdet - INFO - Epoch [18][1000/4741]	lr: 3.778e-07, eta: 6:13:12, time: 0.357, data_time: 0.016, memory: 23314, loss_cls: 0.4113, loss_bbox: 0.4303, loss_kps: 0.0000, loss: 0.8416, grad_norm: 6.5236
2026-09-30 09:54:58,961 - mmdet - INFO - Epoch [18][1050/4741]	lr: 3.778e-07, eta: 6:12:53, time: 0.363, data_time: 0.016, memory: 23314, loss_cls: 0.4075, loss_bbox: 0.4179, loss_kps: 0.0000, loss: 0.8254, grad_norm: 6.6061
2026-09-30 09:55:16,408 - mmdet - INFO - Epoch [18][1100/4741]	lr: 3.778e-07, eta: 6:12:34, time: 0.349, data_time: 0.016, memory: 23314, loss_cls: 0.3947, loss_bbox: 0.4089, loss_kps: 0.0000, loss: 0.8035, grad_norm: 6.8888
2026-09-30 09:55:34,427 - mmdet - INFO - Epoch [18][1150/4741]	lr: 3.778e-07, eta: 6:12:15, time: 0.360, data_time: 0.016, memory: 23314, loss_cls: 0.4043, loss_bbox: 0.4235, loss_kps: 0.0000, loss: 0.8279, grad_norm: 7.1846
2026-09-30 09:55:52,104 - mmdet - INFO - Epoch [18][1200/4741]	lr: 3.778e-07, eta: 6:11:56, time: 0.354, data_time: 0.016, memory: 23314, loss_cls: 0.4055, loss_bbox: 0.4216, loss_kps: 0.0000, loss: 0.8272, grad_norm: 6.5336
2026-09-30 09:56:09,954 - mmdet - INFO - Epoch [18][1250/4741]	lr: 3.778e-07, eta: 6:11:37, time: 0.357, data_time: 0.016, memory: 23314, loss_cls: 0.4160, loss_bbox: 0.4200, loss_kps: 0.0000, loss: 0.8360, grad_norm: 6.6388
2026-09-30 09:56:27,470 - mmdet - INFO - Epoch [18][1300/4741]	lr: 3.778e-07, eta: 6:11:18, time: 0.351, data_time: 0.016, memory: 23314, loss_cls: 0.4080, loss_bbox: 0.4201, loss_kps: 0.0000, loss: 0.8281, grad_norm: 6.5093
2026-09-30 09:56:45,153 - mmdet - INFO - Epoch [18][1350/4741]	lr: 3.778e-07, eta: 6:10:59, time: 0.353, data_time: 0.015, memory: 23314, loss_cls: 0.4040, loss_bbox: 0.4184, loss_kps: 0.0000, loss: 0.8225, grad_norm: 6.4239
2026-09-30 09:57:02,780 - mmdet - INFO - Epoch [18][1400/4741]	lr: 3.778e-07, eta: 6:10:40, time: 0.354, data_time: 0.016, memory: 23314, loss_cls: 0.3987, loss_bbox: 0.4194, loss_kps: 0.0000, loss: 0.8181, grad_norm: 6.6819
2026-09-30 09:57:20,407 - mmdet - INFO - Epoch [18][1450/4741]	lr: 3.778e-07, eta: 6:10:21, time: 0.352, data_time: 0.014, memory: 23314, loss_cls: 0.4129, loss_bbox: 0.4142, loss_kps: 0.0000, loss: 0.8271, grad_norm: 6.5821
2026-09-30 09:57:38,014 - mmdet - INFO - Epoch [18][1500/4741]	lr: 3.778e-07, eta: 6:10:02, time: 0.352, data_time: 0.016, memory: 23314, loss_cls: 0.4202, loss_bbox: 0.4241, loss_kps: 0.0000, loss: 0.8444, grad_norm: 6.7080
2026-09-30 09:57:55,653 - mmdet - INFO - Epoch [18][1550/4741]	lr: 3.778e-07, eta: 6:09:43, time: 0.353, data_time: 0.016, memory: 23314, loss_cls: 0.4032, loss_bbox: 0.4245, loss_kps: 0.0000, loss: 0.8277, grad_norm: 6.7922
2026-09-30 09:58:14,272 - mmdet - INFO - Epoch [18][1600/4741]	lr: 3.778e-07, eta: 6:09:24, time: 0.372, data_time: 0.018, memory: 23314, loss_cls: 0.4082, loss_bbox: 0.4251, loss_kps: 0.0000, loss: 0.8333, grad_norm: 6.9531
2026-09-30 09:58:33,890 - mmdet - INFO - Epoch [18][1650/4741]	lr: 3.778e-07, eta: 6:09:07, time: 0.392, data_time: 0.018, memory: 23314, loss_cls: 0.4106, loss_bbox: 0.4221, loss_kps: 0.0000, loss: 0.8328, grad_norm: 7.4504
2026-09-30 09:58:53,086 - mmdet - INFO - Epoch [18][1700/4741]	lr: 3.778e-07, eta: 6:08:49, time: 0.385, data_time: 0.019, memory: 23314, loss_cls: 0.3914, loss_bbox: 0.4074, loss_kps: 0.0000, loss: 0.7988, grad_norm: 6.7272
2026-09-30 09:59:12,366 - mmdet - INFO - Epoch [18][1750/4741]	lr: 3.778e-07, eta: 6:08:31, time: 0.386, data_time: 0.020, memory: 23314, loss_cls: 0.4101, loss_bbox: 0.4132, loss_kps: 0.0000, loss: 0.8233, grad_norm: 7.0690
2026-09-30 09:59:31,902 - mmdet - INFO - Epoch [18][1800/4741]	lr: 3.778e-07, eta: 6:08:13, time: 0.391, data_time: 0.018, memory: 23314, loss_cls: 0.4158, loss_bbox: 0.4276, loss_kps: 0.0000, loss: 0.8433, grad_norm: 6.9365
2026-09-30 09:59:51,353 - mmdet - INFO - Epoch [18][1850/4741]	lr: 3.778e-07, eta: 6:07:56, time: 0.388, data_time: 0.018, memory: 23314, loss_cls: 0.4023, loss_bbox: 0.4260, loss_kps: 0.0000, loss: 0.8283, grad_norm: 6.9281
2026-09-30 10:00:10,615 - mmdet - INFO - Epoch [18][1900/4741]	lr: 3.778e-07, eta: 6:07:38, time: 0.385, data_time: 0.019, memory: 23314, loss_cls: 0.4155, loss_bbox: 0.4173, loss_kps: 0.0000, loss: 0.8328, grad_norm: 7.4788
2026-09-30 10:00:29,426 - mmdet - INFO - Epoch [18][1950/4741]	lr: 3.778e-07, eta: 6:07:19, time: 0.376, data_time: 0.018, memory: 23314, loss_cls: 0.4046, loss_bbox: 0.4233, loss_kps: 0.0000, loss: 0.8279, grad_norm: 7.2659
2026-09-30 10:00:47,992 - mmdet - INFO - Epoch [18][2000/4741]	lr: 3.778e-07, eta: 6:07:01, time: 0.372, data_time: 0.018, memory: 23314, loss_cls: 0.4057, loss_bbox: 0.4144, loss_kps: 0.0000, loss: 0.8201, grad_norm: 6.8312
2026-09-30 10:01:06,366 - mmdet - INFO - Epoch [18][2050/4741]	lr: 3.778e-07, eta: 6:06:43, time: 0.367, data_time: 0.017, memory: 23314, loss_cls: 0.3969, loss_bbox: 0.4229, loss_kps: 0.0000, loss: 0.8198, grad_norm: 7.3487
2026-09-30 10:01:24,689 - mmdet - INFO - Epoch [18][2100/4741]	lr: 3.778e-07, eta: 6:06:24, time: 0.367, data_time: 0.017, memory: 23314, loss_cls: 0.4019, loss_bbox: 0.4209, loss_kps: 0.0000, loss: 0.8228, grad_norm: 6.5399
2026-09-30 10:01:42,888 - mmdet - INFO - Epoch [18][2150/4741]	lr: 3.778e-07, eta: 6:06:05, time: 0.364, data_time: 0.015, memory: 23314, loss_cls: 0.3878, loss_bbox: 0.4084, loss_kps: 0.0000, loss: 0.7962, grad_norm: 6.5014
2026-09-30 10:02:00,252 - mmdet - INFO - Epoch [18][2200/4741]	lr: 3.778e-07, eta: 6:05:46, time: 0.347, data_time: 0.016, memory: 23314, loss_cls: 0.3954, loss_bbox: 0.4078, loss_kps: 0.0000, loss: 0.8032, grad_norm: 6.8278
2026-09-30 10:02:17,911 - mmdet - INFO - Epoch [18][2250/4741]	lr: 3.778e-07, eta: 6:05:27, time: 0.352, data_time: 0.016, memory: 23314, loss_cls: 0.4114, loss_bbox: 0.4216, loss_kps: 0.0000, loss: 0.8330, grad_norm: 6.8853
2026-09-30 10:02:35,440 - mmdet - INFO - Epoch [18][2300/4741]	lr: 3.778e-07, eta: 6:05:08, time: 0.351, data_time: 0.016, memory: 23314, loss_cls: 0.3940, loss_bbox: 0.4246, loss_kps: 0.0000, loss: 0.8186, grad_norm: 6.6425
2026-09-30 10:02:52,783 - mmdet - INFO - Epoch [18][2350/4741]	lr: 3.778e-07, eta: 6:04:49, time: 0.346, data_time: 0.016, memory: 23314, loss_cls: 0.4114, loss_bbox: 0.4274, loss_kps: 0.0000, loss: 0.8388, grad_norm: 6.8344
2026-09-30 10:03:10,186 - mmdet - INFO - Epoch [18][2400/4741]	lr: 3.778e-07, eta: 6:04:29, time: 0.349, data_time: 0.017, memory: 23314, loss_cls: 0.4091, loss_bbox: 0.4153, loss_kps: 0.0000, loss: 0.8244, grad_norm: 6.5758
2026-09-30 10:03:27,588 - mmdet - INFO - Epoch [18][2450/4741]	lr: 3.778e-07, eta: 6:04:10, time: 0.348, data_time: 0.016, memory: 23314, loss_cls: 0.4262, loss_bbox: 0.4242, loss_kps: 0.0000, loss: 0.8504, grad_norm: 6.2235
2026-09-30 10:03:45,018 - mmdet - INFO - Epoch [18][2500/4741]	lr: 3.778e-07, eta: 6:03:51, time: 0.349, data_time: 0.015, memory: 23314, loss_cls: 0.4081, loss_bbox: 0.4202, loss_kps: 0.0000, loss: 0.8283, grad_norm: 6.9684
2026-09-30 10:04:02,574 - mmdet - INFO - Epoch [18][2550/4741]	lr: 3.778e-07, eta: 6:03:32, time: 0.350, data_time: 0.015, memory: 23314, loss_cls: 0.4052, loss_bbox: 0.4251, loss_kps: 0.0000, loss: 0.8304, grad_norm: 6.8435
2026-09-30 10:04:20,224 - mmdet - INFO - Epoch [18][2600/4741]	lr: 3.778e-07, eta: 6:03:13, time: 0.353, data_time: 0.016, memory: 23314, loss_cls: 0.4028, loss_bbox: 0.4161, loss_kps: 0.0000, loss: 0.8189, grad_norm: 6.7023
2026-09-30 10:04:37,551 - mmdet - INFO - Epoch [18][2650/4741]	lr: 3.778e-07, eta: 6:02:54, time: 0.347, data_time: 0.016, memory: 23314, loss_cls: 0.4080, loss_bbox: 0.4223, loss_kps: 0.0000, loss: 0.8303, grad_norm: 7.0123
2026-09-30 10:04:55,282 - mmdet - INFO - Epoch [18][2700/4741]	lr: 3.778e-07, eta: 6:02:35, time: 0.355, data_time: 0.015, memory: 23314, loss_cls: 0.3859, loss_bbox: 0.4125, loss_kps: 0.0000, loss: 0.7984, grad_norm: 6.6457
2026-09-30 10:05:13,433 - mmdet - INFO - Epoch [18][2750/4741]	lr: 3.778e-07, eta: 6:02:16, time: 0.363, data_time: 0.016, memory: 23314, loss_cls: 0.4002, loss_bbox: 0.4247, loss_kps: 0.0000, loss: 0.8249, grad_norm: 6.4518
2026-09-30 10:05:32,504 - mmdet - INFO - Epoch [18][2800/4741]	lr: 3.778e-07, eta: 6:01:58, time: 0.381, data_time: 0.017, memory: 23314, loss_cls: 0.3898, loss_bbox: 0.4087, loss_kps: 0.0000, loss: 0.7985, grad_norm: 6.9011
2026-09-30 10:05:52,109 - mmdet - INFO - Epoch [18][2850/4741]	lr: 3.778e-07, eta: 6:01:40, time: 0.392, data_time: 0.018, memory: 23314, loss_cls: 0.4101, loss_bbox: 0.4102, loss_kps: 0.0000, loss: 0.8203, grad_norm: 6.9012
2026-09-30 10:06:11,046 - mmdet - INFO - Epoch [18][2900/4741]	lr: 3.778e-07, eta: 6:01:22, time: 0.380, data_time: 0.018, memory: 23314, loss_cls: 0.4255, loss_bbox: 0.4195, loss_kps: 0.0000, loss: 0.8450, grad_norm: 6.3484
2026-09-30 10:06:30,008 - mmdet - INFO - Epoch [18][2950/4741]	lr: 3.778e-07, eta: 6:01:04, time: 0.378, data_time: 0.019, memory: 23314, loss_cls: 0.4083, loss_bbox: 0.4242, loss_kps: 0.0000, loss: 0.8324, grad_norm: 6.4797
2026-09-30 10:06:48,842 - mmdet - INFO - Epoch [18][3000/4741]	lr: 3.778e-07, eta: 6:00:46, time: 0.378, data_time: 0.017, memory: 23314, loss_cls: 0.4103, loss_bbox: 0.4272, loss_kps: 0.0000, loss: 0.8375, grad_norm: 7.2971
2026-09-30 10:07:07,354 - mmdet - INFO - Epoch [18][3050/4741]	lr: 3.778e-07, eta: 6:00:27, time: 0.369, data_time: 0.018, memory: 23314, loss_cls: 0.4045, loss_bbox: 0.4137, loss_kps: 0.0000, loss: 0.8182, grad_norm: 6.7050
2026-09-30 10:07:25,798 - mmdet - INFO - Epoch [18][3100/4741]	lr: 3.778e-07, eta: 6:00:09, time: 0.370, data_time: 0.018, memory: 23314, loss_cls: 0.4021, loss_bbox: 0.4136, loss_kps: 0.0000, loss: 0.8157, grad_norm: 6.8451
2026-09-30 10:07:43,332 - mmdet - INFO - Epoch [18][3150/4741]	lr: 3.778e-07, eta: 5:59:50, time: 0.351, data_time: 0.017, memory: 23314, loss_cls: 0.4143, loss_bbox: 0.4204, loss_kps: 0.0000, loss: 0.8347, grad_norm: 7.0133
2026-09-30 10:08:01,085 - mmdet - INFO - Epoch [18][3200/4741]	lr: 3.778e-07, eta: 5:59:31, time: 0.354, data_time: 0.016, memory: 23314, loss_cls: 0.4074, loss_bbox: 0.4265, loss_kps: 0.0000, loss: 0.8339, grad_norm: 6.6543
2026-09-30 10:08:18,413 - mmdet - INFO - Epoch [18][3250/4741]	lr: 3.778e-07, eta: 5:59:12, time: 0.347, data_time: 0.016, memory: 23314, loss_cls: 0.4102, loss_bbox: 0.4228, loss_kps: 0.0000, loss: 0.8331, grad_norm: 6.8390
2026-09-30 10:08:36,136 - mmdet - INFO - Epoch [18][3300/4741]	lr: 3.778e-07, eta: 5:58:53, time: 0.354, data_time: 0.016, memory: 23314, loss_cls: 0.4026, loss_bbox: 0.4153, loss_kps: 0.0000, loss: 0.8180, grad_norm: 6.5919
2026-09-30 10:08:53,737 - mmdet - INFO - Epoch [18][3350/4741]	lr: 3.778e-07, eta: 5:58:34, time: 0.352, data_time: 0.017, memory: 23314, loss_cls: 0.4083, loss_bbox: 0.4089, loss_kps: 0.0000, loss: 0.8172, grad_norm: 6.8098
2026-09-30 10:09:11,099 - mmdet - INFO - Epoch [18][3400/4741]	lr: 3.778e-07, eta: 5:58:14, time: 0.348, data_time: 0.017, memory: 23314, loss_cls: 0.4020, loss_bbox: 0.4132, loss_kps: 0.0000, loss: 0.8152, grad_norm: 6.6602
2026-09-30 10:09:28,595 - mmdet - INFO - Epoch [18][3450/4741]	lr: 3.778e-07, eta: 5:57:55, time: 0.349, data_time: 0.016, memory: 23314, loss_cls: 0.4019, loss_bbox: 0.4206, loss_kps: 0.0000, loss: 0.8225, grad_norm: 6.5138
2026-09-30 10:09:46,226 - mmdet - INFO - Epoch [18][3500/4741]	lr: 3.778e-07, eta: 5:57:36, time: 0.353, data_time: 0.017, memory: 23314, loss_cls: 0.4121, loss_bbox: 0.4168, loss_kps: 0.0000, loss: 0.8289, grad_norm: 7.1251
2026-09-30 10:10:03,528 - mmdet - INFO - Epoch [18][3550/4741]	lr: 3.778e-07, eta: 5:57:17, time: 0.346, data_time: 0.017, memory: 23314, loss_cls: 0.4011, loss_bbox: 0.4135, loss_kps: 0.0000, loss: 0.8147, grad_norm: 6.9106
2026-09-30 10:10:21,256 - mmdet - INFO - Epoch [18][3600/4741]	lr: 3.778e-07, eta: 5:56:58, time: 0.355, data_time: 0.016, memory: 23314, loss_cls: 0.3967, loss_bbox: 0.4228, loss_kps: 0.0000, loss: 0.8195, grad_norm: 6.7775
2026-09-30 10:10:38,652 - mmdet - INFO - Epoch [18][3650/4741]	lr: 3.778e-07, eta: 5:56:39, time: 0.348, data_time: 0.016, memory: 23314, loss_cls: 0.4168, loss_bbox: 0.4338, loss_kps: 0.0000, loss: 0.8506, grad_norm: 7.5519
2026-09-30 10:10:56,486 - mmdet - INFO - Epoch [18][3700/4741]	lr: 3.778e-07, eta: 5:56:20, time: 0.357, data_time: 0.017, memory: 23314, loss_cls: 0.3952, loss_bbox: 0.4180, loss_kps: 0.0000, loss: 0.8132, grad_norm: 7.0385
2026-09-30 10:11:13,982 - mmdet - INFO - Epoch [18][3750/4741]	lr: 3.778e-07, eta: 5:56:01, time: 0.350, data_time: 0.015, memory: 23314, loss_cls: 0.4021, loss_bbox: 0.4129, loss_kps: 0.0000, loss: 0.8151, grad_norm: 7.0326
2026-09-30 10:11:31,891 - mmdet - INFO - Epoch [18][3800/4741]	lr: 3.778e-07, eta: 5:55:42, time: 0.358, data_time: 0.016, memory: 23314, loss_cls: 0.3883, loss_bbox: 0.4164, loss_kps: 0.0000, loss: 0.8047, grad_norm: 6.2940
2026-09-30 10:11:49,308 - mmdet - INFO - Epoch [18][3850/4741]	lr: 3.778e-07, eta: 5:55:23, time: 0.347, data_time: 0.016, memory: 23314, loss_cls: 0.4028, loss_bbox: 0.4122, loss_kps: 0.0000, loss: 0.8150, grad_norm: 6.8381
2026-09-30 10:12:06,731 - mmdet - INFO - Epoch [18][3900/4741]	lr: 3.778e-07, eta: 5:55:04, time: 0.349, data_time: 0.016, memory: 23314, loss_cls: 0.4039, loss_bbox: 0.4228, loss_kps: 0.0000, loss: 0.8267, grad_norm: 6.9891
2026-09-30 10:12:24,200 - mmdet - INFO - Epoch [18][3950/4741]	lr: 3.778e-07, eta: 5:54:45, time: 0.349, data_time: 0.014, memory: 23314, loss_cls: 0.4108, loss_bbox: 0.4354, loss_kps: 0.0000, loss: 0.8462, grad_norm: 7.3595
2026-09-30 10:12:41,590 - mmdet - INFO - Epoch [18][4000/4741]	lr: 3.778e-07, eta: 5:54:25, time: 0.348, data_time: 0.016, memory: 23314, loss_cls: 0.4049, loss_bbox: 0.4262, loss_kps: 0.0000, loss: 0.8310, grad_norm: 6.9184
2026-09-30 10:12:59,218 - mmdet - INFO - Epoch [18][4050/4741]	lr: 3.778e-07, eta: 5:54:06, time: 0.352, data_time: 0.016, memory: 23314, loss_cls: 0.3986, loss_bbox: 0.4065, loss_kps: 0.0000, loss: 0.8051, grad_norm: 6.9816
2026-09-30 10:13:16,868 - mmdet - INFO - Epoch [18][4100/4741]	lr: 3.778e-07, eta: 5:53:47, time: 0.353, data_time: 0.016, memory: 23314, loss_cls: 0.4178, loss_bbox: 0.4216, loss_kps: 0.0000, loss: 0.8394, grad_norm: 6.7326
2026-09-30 10:13:35,651 - mmdet - INFO - Epoch [18][4150/4741]	lr: 3.778e-07, eta: 5:53:29, time: 0.376, data_time: 0.018, memory: 23314, loss_cls: 0.4069, loss_bbox: 0.4107, loss_kps: 0.0000, loss: 0.8176, grad_norm: 6.6388
2026-09-30 10:13:53,823 - mmdet - INFO - Epoch [18][4200/4741]	lr: 3.778e-07, eta: 5:53:11, time: 0.364, data_time: 0.017, memory: 23314, loss_cls: 0.3983, loss_bbox: 0.4137, loss_kps: 0.0000, loss: 0.8120, grad_norm: 6.7703
2026-09-30 10:14:11,335 - mmdet - INFO - Epoch [18][4250/4741]	lr: 3.778e-07, eta: 5:52:52, time: 0.350, data_time: 0.016, memory: 23314, loss_cls: 0.3890, loss_bbox: 0.4159, loss_kps: 0.0000, loss: 0.8049, grad_norm: 6.3833
2026-09-30 10:14:29,147 - mmdet - INFO - Epoch [18][4300/4741]	lr: 3.778e-07, eta: 5:52:33, time: 0.357, data_time: 0.017, memory: 23314, loss_cls: 0.3945, loss_bbox: 0.4267, loss_kps: 0.0000, loss: 0.8212, grad_norm: 7.2959
2026-09-30 10:14:46,611 - mmdet - INFO - Epoch [18][4350/4741]	lr: 3.778e-07, eta: 5:52:14, time: 0.349, data_time: 0.015, memory: 23314, loss_cls: 0.4281, loss_bbox: 0.4249, loss_kps: 0.0000, loss: 0.8529, grad_norm: 6.5104
2026-09-30 10:15:04,541 - mmdet - INFO - Epoch [18][4400/4741]	lr: 3.778e-07, eta: 5:51:55, time: 0.359, data_time: 0.017, memory: 23314, loss_cls: 0.4009, loss_bbox: 0.4120, loss_kps: 0.0000, loss: 0.8129, grad_norm: 6.6937
2026-09-30 10:15:23,025 - mmdet - INFO - Epoch [18][4450/4741]	lr: 3.778e-07, eta: 5:51:36, time: 0.370, data_time: 0.017, memory: 23314, loss_cls: 0.3974, loss_bbox: 0.4168, loss_kps: 0.0000, loss: 0.8142, grad_norm: 6.6752
2026-09-30 10:15:42,578 - mmdet - INFO - Epoch [18][4500/4741]	lr: 3.778e-07, eta: 5:51:19, time: 0.391, data_time: 0.019, memory: 23314, loss_cls: 0.3943, loss_bbox: 0.4155, loss_kps: 0.0000, loss: 0.8099, grad_norm: 6.8656
2026-09-30 10:16:01,885 - mmdet - INFO - Epoch [18][4550/4741]	lr: 3.778e-07, eta: 5:51:01, time: 0.386, data_time: 0.018, memory: 23314, loss_cls: 0.4136, loss_bbox: 0.4164, loss_kps: 0.0000, loss: 0.8300, grad_norm: 6.6784
2026-09-30 10:16:22,013 - mmdet - INFO - Epoch [18][4600/4741]	lr: 3.778e-07, eta: 5:50:43, time: 0.402, data_time: 0.018, memory: 23314, loss_cls: 0.4043, loss_bbox: 0.4194, loss_kps: 0.0000, loss: 0.8237, grad_norm: 6.7210
2026-09-30 10:16:40,975 - mmdet - INFO - Epoch [18][4650/4741]	lr: 3.778e-07, eta: 5:50:25, time: 0.379, data_time: 0.018, memory: 23314, loss_cls: 0.4057, loss_bbox: 0.4204, loss_kps: 0.0000, loss: 0.8261, grad_norm: 6.6271
2026-09-30 10:16:59,556 - mmdet - INFO - Epoch [18][4700/4741]	lr: 3.778e-07, eta: 5:50:07, time: 0.372, data_time: 0.017, memory: 23314, loss_cls: 0.4105, loss_bbox: 0.4183, loss_kps: 0.0000, loss: 0.8287, grad_norm: 6.8172
2026-09-30 10:17:11,401 - mmdet - INFO - Saving checkpoint at 18 epochs
2026-09-30 10:17:48,923 - mmdet - INFO - Epoch [19][50/4741]	lr: 3.778e-07, eta: 5:49:25, time: 0.428, data_time: 0.088, memory: 23314, loss_cls: 0.3944, loss_bbox: 0.4136, loss_kps: 0.0000, loss: 0.8080, grad_norm: 7.2137
2026-09-30 10:18:06,402 - mmdet - INFO - Epoch [19][100/4741]	lr: 3.778e-07, eta: 5:49:06, time: 0.350, data_time: 0.014, memory: 23314, loss_cls: 0.3937, loss_bbox: 0.4204, loss_kps: 0.0000, loss: 0.8140, grad_norm: 6.9025
2026-09-30 10:18:24,180 - mmdet - INFO - Epoch [19][150/4741]	lr: 3.778e-07, eta: 5:48:47, time: 0.356, data_time: 0.016, memory: 23314, loss_cls: 0.3957, loss_bbox: 0.4070, loss_kps: 0.0000, loss: 0.8027, grad_norm: 7.0331
2026-09-30 10:18:42,543 - mmdet - INFO - Epoch [19][200/4741]	lr: 3.778e-07, eta: 5:48:29, time: 0.366, data_time: 0.016, memory: 23314, loss_cls: 0.3938, loss_bbox: 0.4111, loss_kps: 0.0000, loss: 0.8049, grad_norm: 6.5504
2026-09-30 10:19:00,752 - mmdet - INFO - Epoch [19][250/4741]	lr: 3.778e-07, eta: 5:48:10, time: 0.365, data_time: 0.016, memory: 23314, loss_cls: 0.4051, loss_bbox: 0.4146, loss_kps: 0.0000, loss: 0.8197, grad_norm: 7.0505
2026-09-30 10:19:18,862 - mmdet - INFO - Epoch [19][300/4741]	lr: 3.778e-07, eta: 5:47:52, time: 0.361, data_time: 0.016, memory: 23314, loss_cls: 0.4132, loss_bbox: 0.4154, loss_kps: 0.0000, loss: 0.8286, grad_norm: 6.9960
2026-09-30 10:19:38,074 - mmdet - INFO - Epoch [19][350/4741]	lr: 3.778e-07, eta: 5:47:34, time: 0.384, data_time: 0.018, memory: 23314, loss_cls: 0.4048, loss_bbox: 0.4216, loss_kps: 0.0000, loss: 0.8265, grad_norm: 6.7631
2026-09-30 10:19:56,230 - mmdet - INFO - Epoch [19][400/4741]	lr: 3.778e-07, eta: 5:47:15, time: 0.363, data_time: 0.017, memory: 23314, loss_cls: 0.4121, loss_bbox: 0.4159, loss_kps: 0.0000, loss: 0.8280, grad_norm: 6.4630
2026-09-30 10:20:14,671 - mmdet - INFO - Epoch [19][450/4741]	lr: 3.778e-07, eta: 5:46:57, time: 0.368, data_time: 0.016, memory: 23314, loss_cls: 0.4031, loss_bbox: 0.4226, loss_kps: 0.0000, loss: 0.8258, grad_norm: 7.4722
2026-09-30 10:20:33,524 - mmdet - INFO - Epoch [19][500/4741]	lr: 3.778e-07, eta: 5:46:38, time: 0.378, data_time: 0.018, memory: 23314, loss_cls: 0.3864, loss_bbox: 0.4212, loss_kps: 0.0000, loss: 0.8075, grad_norm: 6.4029
2026-09-30 10:20:51,234 - mmdet - INFO - Epoch [19][550/4741]	lr: 3.778e-07, eta: 5:46:19, time: 0.354, data_time: 0.015, memory: 23314, loss_cls: 0.3955, loss_bbox: 0.4257, loss_kps: 0.0000, loss: 0.8211, grad_norm: 6.5745
2026-09-30 10:21:09,570 - mmdet - INFO - Epoch [19][600/4741]	lr: 3.778e-07, eta: 5:46:01, time: 0.367, data_time: 0.018, memory: 23314, loss_cls: 0.4079, loss_bbox: 0.4184, loss_kps: 0.0000, loss: 0.8263, grad_norm: 7.2221
2026-09-30 10:21:28,645 - mmdet - INFO - Epoch [19][650/4741]	lr: 3.778e-07, eta: 5:45:43, time: 0.380, data_time: 0.018, memory: 23314, loss_cls: 0.4054, loss_bbox: 0.4188, loss_kps: 0.0000, loss: 0.8242, grad_norm: 7.0015
2026-09-30 10:21:50,112 - mmdet - INFO - Epoch [19][700/4741]	lr: 3.778e-07, eta: 5:45:26, time: 0.429, data_time: 0.021, memory: 23314, loss_cls: 0.3968, loss_bbox: 0.4176, loss_kps: 0.0000, loss: 0.8145, grad_norm: 6.4256
2026-09-30 10:22:13,432 - mmdet - INFO - Epoch [19][750/4741]	lr: 3.778e-07, eta: 5:45:11, time: 0.467, data_time: 0.022, memory: 23314, loss_cls: 0.3954, loss_bbox: 0.4117, loss_kps: 0.0000, loss: 0.8070, grad_norm: 6.7646
2026-09-30 10:22:35,592 - mmdet - INFO - Epoch [19][800/4741]	lr: 3.778e-07, eta: 5:44:55, time: 0.443, data_time: 0.022, memory: 23314, loss_cls: 0.4009, loss_bbox: 0.4085, loss_kps: 0.0000, loss: 0.8094, grad_norm: 6.8553
2026-09-30 10:22:57,314 - mmdet - INFO - Epoch [19][850/4741]	lr: 3.778e-07, eta: 5:44:39, time: 0.435, data_time: 0.020, memory: 23314, loss_cls: 0.4008, loss_bbox: 0.4131, loss_kps: 0.0000, loss: 0.8139, grad_norm: 6.8877
2026-09-30 10:23:17,867 - mmdet - INFO - Epoch [19][900/4741]	lr: 3.778e-07, eta: 5:44:22, time: 0.410, data_time: 0.020, memory: 23314, loss_cls: 0.4120, loss_bbox: 0.4147, loss_kps: 0.0000, loss: 0.8266, grad_norm: 7.0593
2026-09-30 10:23:36,806 - mmdet - INFO - Epoch [19][950/4741]	lr: 3.778e-07, eta: 5:44:04, time: 0.380, data_time: 0.019, memory: 23314, loss_cls: 0.4284, loss_bbox: 0.4245, loss_kps: 0.0000, loss: 0.8530, grad_norm: 7.1205
2026-09-30 10:23:55,481 - mmdet - INFO - Epoch [19][1000/4741]	lr: 3.778e-07, eta: 5:43:45, time: 0.373, data_time: 0.016, memory: 23314, loss_cls: 0.3967, loss_bbox: 0.4108, loss_kps: 0.0000, loss: 0.8075, grad_norm: 6.5145
2026-09-30 10:24:13,708 - mmdet - INFO - Epoch [19][1050/4741]	lr: 3.778e-07, eta: 5:43:27, time: 0.364, data_time: 0.017, memory: 23314, loss_cls: 0.4147, loss_bbox: 0.4106, loss_kps: 0.0000, loss: 0.8253, grad_norm: 6.6662
2026-09-30 10:24:31,975 - mmdet - INFO - Epoch [19][1100/4741]	lr: 3.778e-07, eta: 5:43:08, time: 0.366, data_time: 0.016, memory: 23314, loss_cls: 0.3941, loss_bbox: 0.4160, loss_kps: 0.0000, loss: 0.8101, grad_norm: 6.6541
2026-09-30 10:24:49,863 - mmdet - INFO - Epoch [19][1150/4741]	lr: 3.778e-07, eta: 5:42:49, time: 0.358, data_time: 0.014, memory: 23314, loss_cls: 0.3924, loss_bbox: 0.4116, loss_kps: 0.0000, loss: 0.8040, grad_norm: 6.9143
2026-09-30 10:25:07,454 - mmdet - INFO - Epoch [19][1200/4741]	lr: 3.778e-07, eta: 5:42:30, time: 0.351, data_time: 0.015, memory: 23314, loss_cls: 0.3934, loss_bbox: 0.4206, loss_kps: 0.0000, loss: 0.8140, grad_norm: 6.3861
2026-09-30 10:25:25,704 - mmdet - INFO - Epoch [19][1250/4741]	lr: 3.778e-07, eta: 5:42:12, time: 0.365, data_time: 0.015, memory: 23314, loss_cls: 0.3914, loss_bbox: 0.4142, loss_kps: 0.0000, loss: 0.8056, grad_norm: 7.0314
2026-09-30 10:25:43,665 - mmdet - INFO - Epoch [19][1300/4741]	lr: 3.778e-07, eta: 5:41:53, time: 0.360, data_time: 0.016, memory: 23314, loss_cls: 0.4147, loss_bbox: 0.4294, loss_kps: 0.0000, loss: 0.8440, grad_norm: 7.4004
2026-09-30 10:26:02,493 - mmdet - INFO - Epoch [19][1350/4741]	lr: 3.778e-07, eta: 5:41:35, time: 0.376, data_time: 0.016, memory: 23314, loss_cls: 0.3984, loss_bbox: 0.4157, loss_kps: 0.0000, loss: 0.8141, grad_norm: 6.7745
2026-09-30 10:26:22,025 - mmdet - INFO - Epoch [19][1400/4741]	lr: 3.778e-07, eta: 5:41:17, time: 0.391, data_time: 0.019, memory: 23314, loss_cls: 0.3942, loss_bbox: 0.4082, loss_kps: 0.0000, loss: 0.8024, grad_norm: 7.0396
2026-09-30 10:26:40,916 - mmdet - INFO - Epoch [19][1450/4741]	lr: 3.778e-07, eta: 5:40:59, time: 0.378, data_time: 0.018, memory: 23314, loss_cls: 0.3908, loss_bbox: 0.4096, loss_kps: 0.0000, loss: 0.8005, grad_norm: 6.7918
2026-09-30 10:26:59,521 - mmdet - INFO - Epoch [19][1500/4741]	lr: 3.778e-07, eta: 5:40:40, time: 0.371, data_time: 0.016, memory: 23314, loss_cls: 0.3988, loss_bbox: 0.4115, loss_kps: 0.0000, loss: 0.8103, grad_norm: 6.6655
2026-09-30 10:27:17,690 - mmdet - INFO - Epoch [19][1550/4741]	lr: 3.778e-07, eta: 5:40:22, time: 0.363, data_time: 0.017, memory: 23314, loss_cls: 0.4108, loss_bbox: 0.4193, loss_kps: 0.0000, loss: 0.8301, grad_norm: 6.9138
2026-09-30 10:27:36,170 - mmdet - INFO - Epoch [19][1600/4741]	lr: 3.778e-07, eta: 5:40:03, time: 0.370, data_time: 0.016, memory: 23314, loss_cls: 0.4169, loss_bbox: 0.4190, loss_kps: 0.0000, loss: 0.8358, grad_norm: 6.6016
2026-09-30 10:27:54,297 - mmdet - INFO - Epoch [19][1650/4741]	lr: 3.778e-07, eta: 5:39:45, time: 0.362, data_time: 0.015, memory: 23314, loss_cls: 0.4247, loss_bbox: 0.4205, loss_kps: 0.0000, loss: 0.8453, grad_norm: 6.8252
2026-09-30 10:28:11,858 - mmdet - INFO - Epoch [19][1700/4741]	lr: 3.778e-07, eta: 5:39:26, time: 0.351, data_time: 0.016, memory: 23314, loss_cls: 0.4076, loss_bbox: 0.4208, loss_kps: 0.0000, loss: 0.8284, grad_norm: 7.0891
2026-09-30 10:28:29,643 - mmdet - INFO - Epoch [19][1750/4741]	lr: 3.778e-07, eta: 5:39:07, time: 0.356, data_time: 0.015, memory: 23314, loss_cls: 0.4099, loss_bbox: 0.4226, loss_kps: 0.0000, loss: 0.8325, grad_norm: 6.9565
2026-09-30 10:28:47,474 - mmdet - INFO - Epoch [19][1800/4741]	lr: 3.778e-07, eta: 5:38:48, time: 0.356, data_time: 0.014, memory: 23314, loss_cls: 0.4055, loss_bbox: 0.4233, loss_kps: 0.0000, loss: 0.8287, grad_norm: 6.5698
2026-09-30 10:29:04,644 - mmdet - INFO - Epoch [19][1850/4741]	lr: 3.778e-07, eta: 5:38:29, time: 0.344, data_time: 0.015, memory: 23314, loss_cls: 0.4032, loss_bbox: 0.4123, loss_kps: 0.0000, loss: 0.8154, grad_norm: 6.5791
2026-09-30 10:29:22,247 - mmdet - INFO - Epoch [19][1900/4741]	lr: 3.778e-07, eta: 5:38:10, time: 0.352, data_time: 0.017, memory: 23314, loss_cls: 0.4092, loss_bbox: 0.4227, loss_kps: 0.0000, loss: 0.8318, grad_norm: 6.8751
2026-09-30 10:29:39,683 - mmdet - INFO - Epoch [19][1950/4741]	lr: 3.778e-07, eta: 5:37:51, time: 0.349, data_time: 0.016, memory: 23314, loss_cls: 0.4045, loss_bbox: 0.4165, loss_kps: 0.0000, loss: 0.8209, grad_norm: 6.6179
2026-09-30 10:29:57,510 - mmdet - INFO - Epoch [19][2000/4741]	lr: 3.778e-07, eta: 5:37:32, time: 0.356, data_time: 0.016, memory: 23314, loss_cls: 0.3979, loss_bbox: 0.4286, loss_kps: 0.0000, loss: 0.8265, grad_norm: 6.5138
2026-09-30 10:30:15,297 - mmdet - INFO - Epoch [19][2050/4741]	lr: 3.778e-07, eta: 5:37:13, time: 0.356, data_time: 0.017, memory: 23314, loss_cls: 0.4299, loss_bbox: 0.4301, loss_kps: 0.0000, loss: 0.8600, grad_norm: 6.9077
2026-09-30 10:30:34,135 - mmdet - INFO - Epoch [19][2100/4741]	lr: 3.778e-07, eta: 5:36:55, time: 0.376, data_time: 0.017, memory: 23314, loss_cls: 0.4024, loss_bbox: 0.4099, loss_kps: 0.0000, loss: 0.8123, grad_norm: 6.4520
2026-09-30 10:30:51,909 - mmdet - INFO - Epoch [19][2150/4741]	lr: 3.778e-07, eta: 5:36:36, time: 0.356, data_time: 0.017, memory: 23314, loss_cls: 0.3950, loss_bbox: 0.4261, loss_kps: 0.0000, loss: 0.8212, grad_norm: 6.6124
2026-09-30 10:31:11,847 - mmdet - INFO - Epoch [19][2200/4741]	lr: 3.778e-07, eta: 5:36:18, time: 0.398, data_time: 0.019, memory: 23314, loss_cls: 0.3976, loss_bbox: 0.4235, loss_kps: 0.0000, loss: 0.8211, grad_norm: 6.7280
2026-09-30 10:31:32,467 - mmdet - INFO - Epoch [19][2250/4741]	lr: 3.778e-07, eta: 5:36:01, time: 0.413, data_time: 0.022, memory: 23314, loss_cls: 0.4127, loss_bbox: 0.4211, loss_kps: 0.0000, loss: 0.8338, grad_norm: 6.3744
2026-09-30 10:31:53,282 - mmdet - INFO - Epoch [19][2300/4741]	lr: 3.778e-07, eta: 5:35:44, time: 0.417, data_time: 0.021, memory: 23314, loss_cls: 0.4058, loss_bbox: 0.4236, loss_kps: 0.0000, loss: 0.8294, grad_norm: 6.3140
2026-09-30 10:32:13,387 - mmdet - INFO - Epoch [19][2350/4741]	lr: 3.778e-07, eta: 5:35:27, time: 0.401, data_time: 0.018, memory: 23314, loss_cls: 0.3940, loss_bbox: 0.4203, loss_kps: 0.0000, loss: 0.8142, grad_norm: 6.6616
2026-09-30 10:32:33,750 - mmdet - INFO - Epoch [19][2400/4741]	lr: 3.778e-07, eta: 5:35:10, time: 0.408, data_time: 0.020, memory: 23314, loss_cls: 0.3913, loss_bbox: 0.4134, loss_kps: 0.0000, loss: 0.8047, grad_norm: 6.7731
2026-09-30 10:32:54,316 - mmdet - INFO - Epoch [19][2450/4741]	lr: 3.778e-07, eta: 5:34:53, time: 0.410, data_time: 0.018, memory: 23314, loss_cls: 0.3996, loss_bbox: 0.4154, loss_kps: 0.0000, loss: 0.8149, grad_norm: 6.4117
2026-09-30 10:33:13,781 - mmdet - INFO - Epoch [19][2500/4741]	lr: 3.778e-07, eta: 5:34:35, time: 0.389, data_time: 0.019, memory: 23314, loss_cls: 0.4011, loss_bbox: 0.4141, loss_kps: 0.0000, loss: 0.8153, grad_norm: 6.7018
2026-09-30 10:33:33,156 - mmdet - INFO - Epoch [19][2550/4741]	lr: 3.778e-07, eta: 5:34:17, time: 0.387, data_time: 0.019, memory: 23314, loss_cls: 0.4136, loss_bbox: 0.4199, loss_kps: 0.0000, loss: 0.8335, grad_norm: 6.8642
2026-09-30 10:33:52,675 - mmdet - INFO - Epoch [19][2600/4741]	lr: 3.778e-07, eta: 5:33:59, time: 0.390, data_time: 0.020, memory: 23314, loss_cls: 0.4016, loss_bbox: 0.4198, loss_kps: 0.0000, loss: 0.8214, grad_norm: 6.7423
2026-09-30 10:34:12,350 - mmdet - INFO - Epoch [19][2650/4741]	lr: 3.778e-07, eta: 5:33:41, time: 0.393, data_time: 0.019, memory: 23314, loss_cls: 0.4088, loss_bbox: 0.4188, loss_kps: 0.0000, loss: 0.8276, grad_norm: 6.9890
2026-09-30 10:34:31,219 - mmdet - INFO - Epoch [19][2700/4741]	lr: 3.778e-07, eta: 5:33:23, time: 0.378, data_time: 0.018, memory: 23314, loss_cls: 0.3885, loss_bbox: 0.4125, loss_kps: 0.0000, loss: 0.8010, grad_norm: 6.7526
2026-09-30 10:34:49,168 - mmdet - INFO - Epoch [19][2750/4741]	lr: 3.778e-07, eta: 5:33:04, time: 0.358, data_time: 0.017, memory: 23314, loss_cls: 0.3891, loss_bbox: 0.4067, loss_kps: 0.0000, loss: 0.7958, grad_norm: 6.7357
2026-09-30 10:35:07,136 - mmdet - INFO - Epoch [19][2800/4741]	lr: 3.778e-07, eta: 5:32:46, time: 0.360, data_time: 0.016, memory: 23314, loss_cls: 0.3854, loss_bbox: 0.4007, loss_kps: 0.0000, loss: 0.7861, grad_norm: 6.8481
2026-09-30 10:35:24,768 - mmdet - INFO - Epoch [19][2850/4741]	lr: 3.778e-07, eta: 5:32:27, time: 0.352, data_time: 0.016, memory: 23314, loss_cls: 0.3905, loss_bbox: 0.4091, loss_kps: 0.0000, loss: 0.7995, grad_norm: 6.6935
2026-09-30 10:35:42,136 - mmdet - INFO - Epoch [19][2900/4741]	lr: 3.778e-07, eta: 5:32:08, time: 0.347, data_time: 0.016, memory: 23314, loss_cls: 0.4108, loss_bbox: 0.4153, loss_kps: 0.0000, loss: 0.8261, grad_norm: 6.8956
2026-09-30 10:35:59,979 - mmdet - INFO - Epoch [19][2950/4741]	lr: 3.778e-07, eta: 5:31:49, time: 0.357, data_time: 0.016, memory: 23314, loss_cls: 0.4070, loss_bbox: 0.4208, loss_kps: 0.0000, loss: 0.8278, grad_norm: 6.8725
2026-09-30 10:36:17,485 - mmdet - INFO - Epoch [19][3000/4741]	lr: 3.778e-07, eta: 5:31:30, time: 0.350, data_time: 0.017, memory: 23314, loss_cls: 0.4013, loss_bbox: 0.4165, loss_kps: 0.0000, loss: 0.8178, grad_norm: 6.5005
2026-09-30 10:36:35,325 - mmdet - INFO - Epoch [19][3050/4741]	lr: 3.778e-07, eta: 5:31:11, time: 0.357, data_time: 0.017, memory: 23314, loss_cls: 0.4035, loss_bbox: 0.4225, loss_kps: 0.0000, loss: 0.8259, grad_norm: 6.5986
2026-09-30 10:36:52,528 - mmdet - INFO - Epoch [19][3100/4741]	lr: 3.778e-07, eta: 5:30:52, time: 0.345, data_time: 0.016, memory: 23314, loss_cls: 0.4162, loss_bbox: 0.4190, loss_kps: 0.0000, loss: 0.8351, grad_norm: 6.8183
2026-09-30 10:37:10,283 - mmdet - INFO - Epoch [19][3150/4741]	lr: 3.778e-07, eta: 5:30:33, time: 0.354, data_time: 0.015, memory: 23314, loss_cls: 0.3885, loss_bbox: 0.4151, loss_kps: 0.0000, loss: 0.8036, grad_norm: 6.5895
2026-09-30 10:37:27,980 - mmdet - INFO - Epoch [19][3200/4741]	lr: 3.778e-07, eta: 5:30:14, time: 0.354, data_time: 0.016, memory: 23314, loss_cls: 0.3963, loss_bbox: 0.4207, loss_kps: 0.0000, loss: 0.8170, grad_norm: 6.7035
2026-09-30 10:37:45,891 - mmdet - INFO - Epoch [19][3250/4741]	lr: 3.778e-07, eta: 5:29:55, time: 0.358, data_time: 0.016, memory: 23314, loss_cls: 0.4092, loss_bbox: 0.4244, loss_kps: 0.0000, loss: 0.8336, grad_norm: 6.6978
2026-09-30 10:38:03,299 - mmdet - INFO - Epoch [19][3300/4741]	lr: 3.778e-07, eta: 5:29:36, time: 0.348, data_time: 0.016, memory: 23314, loss_cls: 0.3979, loss_bbox: 0.4196, loss_kps: 0.0000, loss: 0.8175, grad_norm: 6.5097
2026-09-30 10:38:20,570 - mmdet - INFO - Epoch [19][3350/4741]	lr: 3.778e-07, eta: 5:29:17, time: 0.346, data_time: 0.016, memory: 23314, loss_cls: 0.4028, loss_bbox: 0.4212, loss_kps: 0.0000, loss: 0.8240, grad_norm: 6.5891
2026-09-30 10:38:38,141 - mmdet - INFO - Epoch [19][3400/4741]	lr: 3.778e-07, eta: 5:28:58, time: 0.351, data_time: 0.016, memory: 23314, loss_cls: 0.4010, loss_bbox: 0.4177, loss_kps: 0.0000, loss: 0.8187, grad_norm: 7.2252
2026-09-30 10:38:55,542 - mmdet - INFO - Epoch [19][3450/4741]	lr: 3.778e-07, eta: 5:28:39, time: 0.349, data_time: 0.016, memory: 23314, loss_cls: 0.3991, loss_bbox: 0.4104, loss_kps: 0.0000, loss: 0.8094, grad_norm: 6.6552
2026-09-30 10:39:13,061 - mmdet - INFO - Epoch [19][3500/4741]	lr: 3.778e-07, eta: 5:28:20, time: 0.350, data_time: 0.015, memory: 23314, loss_cls: 0.4052, loss_bbox: 0.4132, loss_kps: 0.0000, loss: 0.8184, grad_norm: 6.5536
2026-09-30 10:39:30,550 - mmdet - INFO - Epoch [19][3550/4741]	lr: 3.778e-07, eta: 5:28:01, time: 0.349, data_time: 0.015, memory: 23314, loss_cls: 0.4073, loss_bbox: 0.4230, loss_kps: 0.0000, loss: 0.8303, grad_norm: 6.4512
2026-09-30 10:39:48,002 - mmdet - INFO - Epoch [19][3600/4741]	lr: 3.778e-07, eta: 5:27:42, time: 0.349, data_time: 0.016, memory: 23314, loss_cls: 0.4054, loss_bbox: 0.4099, loss_kps: 0.0000, loss: 0.8153, grad_norm: 6.8250
2026-09-30 10:40:05,544 - mmdet - INFO - Epoch [19][3650/4741]	lr: 3.778e-07, eta: 5:27:23, time: 0.351, data_time: 0.016, memory: 23314, loss_cls: 0.4051, loss_bbox: 0.4191, loss_kps: 0.0000, loss: 0.8242, grad_norm: 6.7837
2026-09-30 10:40:23,236 - mmdet - INFO - Epoch [19][3700/4741]	lr: 3.778e-07, eta: 5:27:04, time: 0.353, data_time: 0.015, memory: 23314, loss_cls: 0.4076, loss_bbox: 0.4173, loss_kps: 0.0000, loss: 0.8250, grad_norm: 6.4609
2026-09-30 10:40:40,709 - mmdet - INFO - Epoch [19][3750/4741]	lr: 3.778e-07, eta: 5:26:45, time: 0.350, data_time: 0.017, memory: 23314, loss_cls: 0.4126, loss_bbox: 0.4269, loss_kps: 0.0000, loss: 0.8396, grad_norm: 7.2582
2026-09-30 10:40:58,085 - mmdet - INFO - Epoch [19][3800/4741]	lr: 3.778e-07, eta: 5:26:26, time: 0.348, data_time: 0.016, memory: 23314, loss_cls: 0.4009, loss_bbox: 0.4109, loss_kps: 0.0000, loss: 0.8117, grad_norm: 6.9263
2026-09-30 10:41:15,538 - mmdet - INFO - Epoch [19][3850/4741]	lr: 3.778e-07, eta: 5:26:07, time: 0.348, data_time: 0.016, memory: 23314, loss_cls: 0.3992, loss_bbox: 0.4129, loss_kps: 0.0000, loss: 0.8120, grad_norm: 6.7208
2026-09-30 10:41:33,225 - mmdet - INFO - Epoch [19][3900/4741]	lr: 3.778e-07, eta: 5:25:48, time: 0.355, data_time: 0.016, memory: 23314, loss_cls: 0.4003, loss_bbox: 0.4204, loss_kps: 0.0000, loss: 0.8207, grad_norm: 6.3540
2026-09-30 10:41:50,576 - mmdet - INFO - Epoch [19][3950/4741]	lr: 3.778e-07, eta: 5:25:29, time: 0.346, data_time: 0.015, memory: 23314, loss_cls: 0.3956, loss_bbox: 0.4213, loss_kps: 0.0000, loss: 0.8169, grad_norm: 6.9055
2026-09-30 10:42:08,357 - mmdet - INFO - Epoch [19][4000/4741]	lr: 3.778e-07, eta: 5:25:10, time: 0.356, data_time: 0.016, memory: 23314, loss_cls: 0.4120, loss_bbox: 0.4122, loss_kps: 0.0000, loss: 0.8241, grad_norm: 7.0405
2026-09-30 10:42:25,638 - mmdet - INFO - Epoch [19][4050/4741]	lr: 3.778e-07, eta: 5:24:51, time: 0.346, data_time: 0.016, memory: 23314, loss_cls: 0.3955, loss_bbox: 0.4222, loss_kps: 0.0000, loss: 0.8178, grad_norm: 6.8383
2026-09-30 10:42:43,093 - mmdet - INFO - Epoch [19][4100/4741]	lr: 3.778e-07, eta: 5:24:32, time: 0.349, data_time: 0.016, memory: 23314, loss_cls: 0.4082, loss_bbox: 0.4210, loss_kps: 0.0000, loss: 0.8292, grad_norm: 6.8534
2026-09-30 10:43:00,444 - mmdet - INFO - Epoch [19][4150/4741]	lr: 3.778e-07, eta: 5:24:13, time: 0.348, data_time: 0.016, memory: 23314, loss_cls: 0.4020, loss_bbox: 0.4229, loss_kps: 0.0000, loss: 0.8249, grad_norm: 6.8882
2026-09-30 10:43:18,056 - mmdet - INFO - Epoch [19][4200/4741]	lr: 3.778e-07, eta: 5:23:54, time: 0.352, data_time: 0.015, memory: 23314, loss_cls: 0.3903, loss_bbox: 0.4104, loss_kps: 0.0000, loss: 0.8007, grad_norm: 6.8635
2026-09-30 10:43:35,563 - mmdet - INFO - Epoch [19][4250/4741]	lr: 3.778e-07, eta: 5:23:35, time: 0.349, data_time: 0.016, memory: 23314, loss_cls: 0.4160, loss_bbox: 0.4095, loss_kps: 0.0000, loss: 0.8255, grad_norm: 6.7319
2026-09-30 10:43:52,814 - mmdet - INFO - Epoch [19][4300/4741]	lr: 3.778e-07, eta: 5:23:15, time: 0.345, data_time: 0.016, memory: 23314, loss_cls: 0.3913, loss_bbox: 0.4002, loss_kps: 0.0000, loss: 0.7916, grad_norm: 6.8733
2026-09-30 10:44:10,463 - mmdet - INFO - Epoch [19][4350/4741]	lr: 3.778e-07, eta: 5:22:57, time: 0.353, data_time: 0.015, memory: 23314, loss_cls: 0.3951, loss_bbox: 0.4278, loss_kps: 0.0000, loss: 0.8229, grad_norm: 6.5181
2026-09-30 10:44:28,021 - mmdet - INFO - Epoch [19][4400/4741]	lr: 3.778e-07, eta: 5:22:38, time: 0.352, data_time: 0.015, memory: 23314, loss_cls: 0.3978, loss_bbox: 0.4093, loss_kps: 0.0000, loss: 0.8072, grad_norm: 6.8074
2026-09-30 10:44:46,130 - mmdet - INFO - Epoch [19][4450/4741]	lr: 3.778e-07, eta: 5:22:19, time: 0.362, data_time: 0.016, memory: 23314, loss_cls: 0.4030, loss_bbox: 0.4204, loss_kps: 0.0000, loss: 0.8234, grad_norm: 7.3281
2026-09-30 10:45:03,699 - mmdet - INFO - Epoch [19][4500/4741]	lr: 3.778e-07, eta: 5:22:00, time: 0.350, data_time: 0.014, memory: 23314, loss_cls: 0.3861, loss_bbox: 0.4103, loss_kps: 0.0000, loss: 0.7964, grad_norm: 7.0042
2026-09-30 10:45:21,123 - mmdet - INFO - Epoch [19][4550/4741]	lr: 3.778e-07, eta: 5:21:41, time: 0.349, data_time: 0.015, memory: 23314, loss_cls: 0.4042, loss_bbox: 0.4173, loss_kps: 0.0000, loss: 0.8215, grad_norm: 6.6407
2026-09-30 10:45:38,500 - mmdet - INFO - Epoch [19][4600/4741]	lr: 3.778e-07, eta: 5:21:22, time: 0.348, data_time: 0.015, memory: 23314, loss_cls: 0.3772, loss_bbox: 0.4051, loss_kps: 0.0000, loss: 0.7822, grad_norm: 6.4937
2026-09-30 10:45:55,746 - mmdet - INFO - Epoch [19][4650/4741]	lr: 3.778e-07, eta: 5:21:03, time: 0.345, data_time: 0.015, memory: 23314, loss_cls: 0.3916, loss_bbox: 0.4165, loss_kps: 0.0000, loss: 0.8080, grad_norm: 6.5638
2026-09-30 10:46:13,684 - mmdet - INFO - Epoch [19][4700/4741]	lr: 3.778e-07, eta: 5:20:44, time: 0.359, data_time: 0.015, memory: 23314, loss_cls: 0.4103, loss_bbox: 0.4230, loss_kps: 0.0000, loss: 0.8333, grad_norm: 6.4946
2026-09-30 10:46:25,476 - mmdet - INFO - Saving checkpoint at 19 epochs
2026-09-30 10:47:01,928 - mmdet - INFO - Epoch [20][50/4741]	lr: 3.778e-07, eta: 5:20:03, time: 0.423, data_time: 0.086, memory: 23314, loss_cls: 0.3905, loss_bbox: 0.4014, loss_kps: 0.0000, loss: 0.7919, grad_norm: 6.8963
2026-09-30 10:47:19,832 - mmdet - INFO - Epoch [20][100/4741]	lr: 3.778e-07, eta: 5:19:45, time: 0.359, data_time: 0.015, memory: 23314, loss_cls: 0.3875, loss_bbox: 0.4213, loss_kps: 0.0000, loss: 0.8088, grad_norm: 6.7827
2026-09-30 10:47:37,257 - mmdet - INFO - Epoch [20][150/4741]	lr: 3.778e-07, eta: 5:19:26, time: 0.348, data_time: 0.015, memory: 23314, loss_cls: 0.3968, loss_bbox: 0.4200, loss_kps: 0.0000, loss: 0.8168, grad_norm: 6.4171
2026-09-30 10:47:54,789 - mmdet - INFO - Epoch [20][200/4741]	lr: 3.778e-07, eta: 5:19:07, time: 0.350, data_time: 0.014, memory: 23314, loss_cls: 0.3887, loss_bbox: 0.4172, loss_kps: 0.0000, loss: 0.8059, grad_norm: 6.9084
2026-09-30 10:48:12,188 - mmdet - INFO - Epoch [20][250/4741]	lr: 3.778e-07, eta: 5:18:48, time: 0.348, data_time: 0.015, memory: 23314, loss_cls: 0.3840, loss_bbox: 0.4099, loss_kps: 0.0000, loss: 0.7939, grad_norm: 6.3975
2026-09-30 10:48:29,537 - mmdet - INFO - Epoch [20][300/4741]	lr: 3.778e-07, eta: 5:18:29, time: 0.348, data_time: 0.014, memory: 23314, loss_cls: 0.4037, loss_bbox: 0.4202, loss_kps: 0.0000, loss: 0.8240, grad_norm: 7.1685
2026-09-30 10:48:47,013 - mmdet - INFO - Epoch [20][350/4741]	lr: 3.778e-07, eta: 5:18:10, time: 0.348, data_time: 0.015, memory: 23314, loss_cls: 0.3901, loss_bbox: 0.4147, loss_kps: 0.0000, loss: 0.8048, grad_norm: 6.8197
2026-09-30 10:49:04,325 - mmdet - INFO - Epoch [20][400/4741]	lr: 3.778e-07, eta: 5:17:51, time: 0.347, data_time: 0.016, memory: 23314, loss_cls: 0.3879, loss_bbox: 0.4155, loss_kps: 0.0000, loss: 0.8033, grad_norm: 6.8021
2026-09-30 10:49:22,069 - mmdet - INFO - Epoch [20][450/4741]	lr: 3.778e-07, eta: 5:17:32, time: 0.354, data_time: 0.014, memory: 23314, loss_cls: 0.3964, loss_bbox: 0.4137, loss_kps: 0.0000, loss: 0.8101, grad_norm: 6.7769
2026-09-30 10:49:39,514 - mmdet - INFO - Epoch [20][500/4741]	lr: 3.778e-07, eta: 5:17:13, time: 0.350, data_time: 0.015, memory: 23314, loss_cls: 0.3940, loss_bbox: 0.4108, loss_kps: 0.0000, loss: 0.8048, grad_norm: 6.6469
2026-09-30 10:49:56,913 - mmdet - INFO - Epoch [20][550/4741]	lr: 3.778e-07, eta: 5:16:54, time: 0.348, data_time: 0.015, memory: 23314, loss_cls: 0.4039, loss_bbox: 0.4246, loss_kps: 0.0000, loss: 0.8285, grad_norm: 6.6352
2026-09-30 10:50:14,662 - mmdet - INFO - Epoch [20][600/4741]	lr: 3.778e-07, eta: 5:16:35, time: 0.354, data_time: 0.013, memory: 23314, loss_cls: 0.4071, loss_bbox: 0.4246, loss_kps: 0.0000, loss: 0.8317, grad_norm: 6.5994
2026-09-30 10:50:32,210 - mmdet - INFO - Epoch [20][650/4741]	lr: 3.778e-07, eta: 5:16:16, time: 0.351, data_time: 0.016, memory: 23314, loss_cls: 0.4037, loss_bbox: 0.4097, loss_kps: 0.0000, loss: 0.8135, grad_norm: 6.5086
2026-09-30 10:50:49,687 - mmdet - INFO - Epoch [20][700/4741]	lr: 3.778e-07, eta: 5:15:57, time: 0.350, data_time: 0.016, memory: 23314, loss_cls: 0.3853, loss_bbox: 0.4122, loss_kps: 0.0000, loss: 0.7975, grad_norm: 6.6624
2026-09-30 10:51:07,325 - mmdet - INFO - Epoch [20][750/4741]	lr: 3.778e-07, eta: 5:15:38, time: 0.353, data_time: 0.015, memory: 23314, loss_cls: 0.3983, loss_bbox: 0.4226, loss_kps: 0.0000, loss: 0.8209, grad_norm: 6.8166
2026-09-30 10:51:25,200 - mmdet - INFO - Epoch [20][800/4741]	lr: 3.778e-07, eta: 5:15:20, time: 0.358, data_time: 0.014, memory: 23314, loss_cls: 0.3898, loss_bbox: 0.4086, loss_kps: 0.0000, loss: 0.7984, grad_norm: 6.3756
2026-09-30 10:51:42,599 - mmdet - INFO - Epoch [20][850/4741]	lr: 3.778e-07, eta: 5:15:01, time: 0.348, data_time: 0.014, memory: 23314, loss_cls: 0.3888, loss_bbox: 0.4117, loss_kps: 0.0000, loss: 0.8005, grad_norm: 6.5730
2026-09-30 10:52:00,559 - mmdet - INFO - Epoch [20][900/4741]	lr: 3.778e-07, eta: 5:14:42, time: 0.358, data_time: 0.013, memory: 23314, loss_cls: 0.3818, loss_bbox: 0.4159, loss_kps: 0.0000, loss: 0.7978, grad_norm: 6.8077
2026-09-30 10:52:18,536 - mmdet - INFO - Epoch [20][950/4741]	lr: 3.778e-07, eta: 5:14:23, time: 0.360, data_time: 0.014, memory: 23314, loss_cls: 0.3886, loss_bbox: 0.4127, loss_kps: 0.0000, loss: 0.8013, grad_norm: 6.7796
2026-09-30 10:52:36,127 - mmdet - INFO - Epoch [20][1000/4741]	lr: 3.778e-07, eta: 5:14:04, time: 0.352, data_time: 0.015, memory: 23314, loss_cls: 0.4032, loss_bbox: 0.4243, loss_kps: 0.0000, loss: 0.8275, grad_norm: 6.9134
2026-09-30 10:52:53,561 - mmdet - INFO - Epoch [20][1050/4741]	lr: 3.778e-07, eta: 5:13:45, time: 0.348, data_time: 0.013, memory: 23314, loss_cls: 0.3920, loss_bbox: 0.4167, loss_kps: 0.0000, loss: 0.8087, grad_norm: 6.9561
2026-09-30 10:53:11,429 - mmdet - INFO - Epoch [20][1100/4741]	lr: 3.778e-07, eta: 5:13:27, time: 0.358, data_time: 0.015, memory: 23314, loss_cls: 0.3963, loss_bbox: 0.4180, loss_kps: 0.0000, loss: 0.8144, grad_norm: 6.4879
2026-09-30 10:53:28,829 - mmdet - INFO - Epoch [20][1150/4741]	lr: 3.778e-07, eta: 5:13:08, time: 0.348, data_time: 0.015, memory: 23314, loss_cls: 0.4007, loss_bbox: 0.4195, loss_kps: 0.0000, loss: 0.8201, grad_norm: 6.2855
2026-09-30 10:53:46,388 - mmdet - INFO - Epoch [20][1200/4741]	lr: 3.778e-07, eta: 5:12:49, time: 0.351, data_time: 0.015, memory: 23314, loss_cls: 0.3950, loss_bbox: 0.4111, loss_kps: 0.0000, loss: 0.8060, grad_norm: 6.5534
2026-09-30 10:54:03,908 - mmdet - INFO - Epoch [20][1250/4741]	lr: 3.778e-07, eta: 5:12:30, time: 0.349, data_time: 0.015, memory: 23314, loss_cls: 0.3915, loss_bbox: 0.4050, loss_kps: 0.0000, loss: 0.7965, grad_norm: 6.5811
2026-09-30 10:54:21,772 - mmdet - INFO - Epoch [20][1300/4741]	lr: 3.778e-07, eta: 5:12:11, time: 0.358, data_time: 0.015, memory: 23314, loss_cls: 0.3884, loss_bbox: 0.4161, loss_kps: 0.0000, loss: 0.8045, grad_norm: 7.7901
2026-09-30 10:54:39,176 - mmdet - INFO - Epoch [20][1350/4741]	lr: 3.778e-07, eta: 5:11:52, time: 0.347, data_time: 0.015, memory: 23314, loss_cls: 0.4009, loss_bbox: 0.4258, loss_kps: 0.0000, loss: 0.8267, grad_norm: 6.7327
2026-09-30 10:54:56,535 - mmdet - INFO - Epoch [20][1400/4741]	lr: 3.778e-07, eta: 5:11:33, time: 0.347, data_time: 0.017, memory: 23314, loss_cls: 0.3961, loss_bbox: 0.4050, loss_kps: 0.0000, loss: 0.8010, grad_norm: 6.5350
2026-09-30 10:55:13,900 - mmdet - INFO - Epoch [20][1450/4741]	lr: 3.778e-07, eta: 5:11:14, time: 0.347, data_time: 0.017, memory: 23314, loss_cls: 0.4045, loss_bbox: 0.4169, loss_kps: 0.0000, loss: 0.8214, grad_norm: 6.5358
2026-09-30 10:55:31,126 - mmdet - INFO - Epoch [20][1500/4741]	lr: 3.778e-07, eta: 5:10:55, time: 0.345, data_time: 0.017, memory: 23314, loss_cls: 0.3872, loss_bbox: 0.4063, loss_kps: 0.0000, loss: 0.7935, grad_norm: 6.7304
2026-09-30 10:55:48,740 - mmdet - INFO - Epoch [20][1550/4741]	lr: 3.778e-07, eta: 5:10:36, time: 0.352, data_time: 0.015, memory: 23314, loss_cls: 0.3936, loss_bbox: 0.4154, loss_kps: 0.0000, loss: 0.8089, grad_norm: 6.5408
2026-09-30 10:56:06,115 - mmdet - INFO - Epoch [20][1600/4741]	lr: 3.778e-07, eta: 5:10:17, time: 0.347, data_time: 0.016, memory: 23314, loss_cls: 0.3980, loss_bbox: 0.4177, loss_kps: 0.0000, loss: 0.8157, grad_norm: 6.8306
2026-09-30 10:56:23,630 - mmdet - INFO - Epoch [20][1650/4741]	lr: 3.778e-07, eta: 5:09:58, time: 0.350, data_time: 0.017, memory: 23314, loss_cls: 0.3963, loss_bbox: 0.4154, loss_kps: 0.0000, loss: 0.8117, grad_norm: 6.5170
2026-09-30 10:56:40,947 - mmdet - INFO - Epoch [20][1700/4741]	lr: 3.778e-07, eta: 5:09:39, time: 0.347, data_time: 0.016, memory: 23314, loss_cls: 0.4022, loss_bbox: 0.4124, loss_kps: 0.0000, loss: 0.8145, grad_norm: 6.2170
2026-09-30 10:56:58,255 - mmdet - INFO - Epoch [20][1750/4741]	lr: 3.778e-07, eta: 5:09:20, time: 0.346, data_time: 0.016, memory: 23314, loss_cls: 0.3949, loss_bbox: 0.4209, loss_kps: 0.0000, loss: 0.8158, grad_norm: 6.5518
2026-09-30 10:57:15,864 - mmdet - INFO - Epoch [20][1800/4741]	lr: 3.778e-07, eta: 5:09:01, time: 0.352, data_time: 0.016, memory: 23314, loss_cls: 0.4026, loss_bbox: 0.4188, loss_kps: 0.0000, loss: 0.8214, grad_norm: 6.6915
2026-09-30 10:57:33,192 - mmdet - INFO - Epoch [20][1850/4741]	lr: 3.778e-07, eta: 5:08:42, time: 0.346, data_time: 0.016, memory: 23314, loss_cls: 0.4057, loss_bbox: 0.4145, loss_kps: 0.0000, loss: 0.8202, grad_norm: 6.7168
2026-09-30 10:57:50,807 - mmdet - INFO - Epoch [20][1900/4741]	lr: 3.778e-07, eta: 5:08:23, time: 0.352, data_time: 0.016, memory: 23314, loss_cls: 0.3997, loss_bbox: 0.4157, loss_kps: 0.0000, loss: 0.8154, grad_norm: 7.0272
2026-09-30 10:58:08,485 - mmdet - INFO - Epoch [20][1950/4741]	lr: 3.778e-07, eta: 5:08:05, time: 0.354, data_time: 0.016, memory: 23314, loss_cls: 0.3897, loss_bbox: 0.4170, loss_kps: 0.0000, loss: 0.8068, grad_norm: 6.9138
2026-09-30 10:58:25,862 - mmdet - INFO - Epoch [20][2000/4741]	lr: 3.778e-07, eta: 5:07:46, time: 0.347, data_time: 0.016, memory: 23314, loss_cls: 0.3976, loss_bbox: 0.4103, loss_kps: 0.0000, loss: 0.8079, grad_norm: 6.6783
2026-09-30 10:58:43,089 - mmdet - INFO - Epoch [20][2050/4741]	lr: 3.778e-07, eta: 5:07:27, time: 0.345, data_time: 0.016, memory: 23314, loss_cls: 0.4015, loss_bbox: 0.4200, loss_kps: 0.0000, loss: 0.8215, grad_norm: 7.1795
2026-09-30 10:59:00,362 - mmdet - INFO - Epoch [20][2100/4741]	lr: 3.778e-07, eta: 5:07:08, time: 0.345, data_time: 0.016, memory: 23314, loss_cls: 0.4041, loss_bbox: 0.4124, loss_kps: 0.0000, loss: 0.8165, grad_norm: 6.9833
2026-09-30 10:59:18,117 - mmdet - INFO - Epoch [20][2150/4741]	lr: 3.778e-07, eta: 5:06:49, time: 0.355, data_time: 0.017, memory: 23314, loss_cls: 0.4022, loss_bbox: 0.4189, loss_kps: 0.0000, loss: 0.8212, grad_norm: 6.6065
2026-09-30 10:59:36,929 - mmdet - INFO - Epoch [20][2200/4741]	lr: 3.778e-07, eta: 5:06:31, time: 0.376, data_time: 0.018, memory: 23314, loss_cls: 0.3880, loss_bbox: 0.4042, loss_kps: 0.0000, loss: 0.7922, grad_norm: 6.8807
2026-09-30 10:59:56,826 - mmdet - INFO - Epoch [20][2250/4741]	lr: 3.778e-07, eta: 5:06:13, time: 0.399, data_time: 0.018, memory: 23314, loss_cls: 0.4078, loss_bbox: 0.4183, loss_kps: 0.0000, loss: 0.8261, grad_norm: 6.5631
2026-09-30 11:00:15,878 - mmdet - INFO - Epoch [20][2300/4741]	lr: 3.778e-07, eta: 5:05:55, time: 0.380, data_time: 0.019, memory: 23314, loss_cls: 0.4094, loss_bbox: 0.4164, loss_kps: 0.0000, loss: 0.8259, grad_norm: 7.1548
2026-09-30 11:00:35,102 - mmdet - INFO - Epoch [20][2350/4741]	lr: 3.778e-07, eta: 5:05:37, time: 0.385, data_time: 0.018, memory: 23314, loss_cls: 0.3893, loss_bbox: 0.4155, loss_kps: 0.0000, loss: 0.8048, grad_norm: 7.0270
2026-09-30 11:00:54,324 - mmdet - INFO - Epoch [20][2400/4741]	lr: 3.778e-07, eta: 5:05:19, time: 0.384, data_time: 0.016, memory: 23314, loss_cls: 0.3913, loss_bbox: 0.4126, loss_kps: 0.0000, loss: 0.8039, grad_norm: 6.9001
2026-09-30 11:01:13,244 - mmdet - INFO - Epoch [20][2450/4741]	lr: 3.778e-07, eta: 5:05:01, time: 0.379, data_time: 0.017, memory: 23314, loss_cls: 0.4088, loss_bbox: 0.4148, loss_kps: 0.0000, loss: 0.8236, grad_norm: 6.8197
2026-09-30 11:01:32,213 - mmdet - INFO - Epoch [20][2500/4741]	lr: 3.778e-07, eta: 5:04:43, time: 0.379, data_time: 0.017, memory: 23314, loss_cls: 0.3881, loss_bbox: 0.4131, loss_kps: 0.0000, loss: 0.8013, grad_norm: 6.4292
2026-09-30 11:01:50,938 - mmdet - INFO - Epoch [20][2550/4741]	lr: 3.778e-07, eta: 5:04:25, time: 0.375, data_time: 0.016, memory: 23314, loss_cls: 0.3959, loss_bbox: 0.4138, loss_kps: 0.0000, loss: 0.8097, grad_norm: 6.5844
2026-09-30 11:02:09,568 - mmdet - INFO - Epoch [20][2600/4741]	lr: 3.778e-07, eta: 5:04:06, time: 0.372, data_time: 0.016, memory: 23314, loss_cls: 0.4061, loss_bbox: 0.4244, loss_kps: 0.0000, loss: 0.8305, grad_norm: 6.7493
2026-09-30 11:02:28,112 - mmdet - INFO - Epoch [20][2650/4741]	lr: 3.778e-07, eta: 5:03:48, time: 0.371, data_time: 0.019, memory: 23314, loss_cls: 0.4047, loss_bbox: 0.4180, loss_kps: 0.0000, loss: 0.8227, grad_norm: 6.8349
2026-09-30 11:02:46,367 - mmdet - INFO - Epoch [20][2700/4741]	lr: 3.778e-07, eta: 5:03:29, time: 0.365, data_time: 0.016, memory: 23314, loss_cls: 0.3924, loss_bbox: 0.4074, loss_kps: 0.0000, loss: 0.7998, grad_norm: 6.5547
2026-09-30 11:03:04,163 - mmdet - INFO - Epoch [20][2750/4741]	lr: 3.778e-07, eta: 5:03:11, time: 0.356, data_time: 0.016, memory: 23314, loss_cls: 0.3975, loss_bbox: 0.4105, loss_kps: 0.0000, loss: 0.8080, grad_norm: 6.4771
2026-09-30 11:03:21,771 - mmdet - INFO - Epoch [20][2800/4741]	lr: 3.778e-07, eta: 5:02:52, time: 0.353, data_time: 0.016, memory: 23314, loss_cls: 0.4003, loss_bbox: 0.4109, loss_kps: 0.0000, loss: 0.8112, grad_norm: 6.2790
2026-09-30 11:03:40,994 - mmdet - INFO - Epoch [20][2850/4741]	lr: 3.778e-07, eta: 5:02:34, time: 0.383, data_time: 0.018, memory: 23314, loss_cls: 0.4119, loss_bbox: 0.4261, loss_kps: 0.0000, loss: 0.8381, grad_norm: 6.6575
2026-09-30 11:04:00,470 - mmdet - INFO - Epoch [20][2900/4741]	lr: 3.778e-07, eta: 5:02:16, time: 0.389, data_time: 0.019, memory: 23314, loss_cls: 0.4085, loss_bbox: 0.4286, loss_kps: 0.0000, loss: 0.8371, grad_norm: 7.1910
2026-09-30 11:04:19,906 - mmdet - INFO - Epoch [20][2950/4741]	lr: 3.778e-07, eta: 5:01:58, time: 0.390, data_time: 0.017, memory: 23314, loss_cls: 0.3959, loss_bbox: 0.4190, loss_kps: 0.0000, loss: 0.8149, grad_norm: 6.6604
2026-09-30 11:04:40,528 - mmdet - INFO - Epoch [20][3000/4741]	lr: 3.778e-07, eta: 5:01:41, time: 0.412, data_time: 0.019, memory: 23314, loss_cls: 0.4063, loss_bbox: 0.4319, loss_kps: 0.0000, loss: 0.8382, grad_norm: 6.5673
2026-09-30 11:05:01,903 - mmdet - INFO - Epoch [20][3050/4741]	lr: 3.778e-07, eta: 5:01:24, time: 0.427, data_time: 0.020, memory: 23314, loss_cls: 0.4054, loss_bbox: 0.4123, loss_kps: 0.0000, loss: 0.8177, grad_norm: 6.5748
2026-09-30 11:05:23,140 - mmdet - INFO - Epoch [20][3100/4741]	lr: 3.778e-07, eta: 5:01:07, time: 0.426, data_time: 0.020, memory: 23314, loss_cls: 0.4102, loss_bbox: 0.4169, loss_kps: 0.0000, loss: 0.8271, grad_norm: 6.4966
2026-09-30 11:05:43,946 - mmdet - INFO - Epoch [20][3150/4741]	lr: 3.778e-07, eta: 5:00:50, time: 0.416, data_time: 0.020, memory: 23314, loss_cls: 0.4101, loss_bbox: 0.4244, loss_kps: 0.0000, loss: 0.8345, grad_norm: 6.8069
2026-09-30 11:06:05,125 - mmdet - INFO - Epoch [20][3200/4741]	lr: 3.778e-07, eta: 5:00:33, time: 0.424, data_time: 0.020, memory: 23314, loss_cls: 0.4038, loss_bbox: 0.4245, loss_kps: 0.0000, loss: 0.8283, grad_norm: 6.8091
2026-09-30 11:06:25,836 - mmdet - INFO - Epoch [20][3250/4741]	lr: 3.778e-07, eta: 5:00:16, time: 0.413, data_time: 0.018, memory: 23314, loss_cls: 0.3905, loss_bbox: 0.4070, loss_kps: 0.0000, loss: 0.7976, grad_norm: 6.6743
2026-09-30 11:06:46,437 - mmdet - INFO - Epoch [20][3300/4741]	lr: 3.778e-07, eta: 4:59:58, time: 0.413, data_time: 0.018, memory: 23314, loss_cls: 0.4092, loss_bbox: 0.4216, loss_kps: 0.0000, loss: 0.8308, grad_norm: 6.7140
2026-09-30 11:07:06,225 - mmdet - INFO - Epoch [20][3350/4741]	lr: 3.778e-07, eta: 4:59:41, time: 0.396, data_time: 0.015, memory: 23314, loss_cls: 0.3904, loss_bbox: 0.4151, loss_kps: 0.0000, loss: 0.8055, grad_norm: 6.6910
2026-09-30 11:07:24,965 - mmdet - INFO - Epoch [20][3400/4741]	lr: 3.778e-07, eta: 4:59:23, time: 0.375, data_time: 0.017, memory: 23314, loss_cls: 0.3925, loss_bbox: 0.4104, loss_kps: 0.0000, loss: 0.8028, grad_norm: 6.4006
2026-09-30 11:07:43,545 - mmdet - INFO - Epoch [20][3450/4741]	lr: 3.778e-07, eta: 4:59:04, time: 0.371, data_time: 0.016, memory: 23314, loss_cls: 0.3934, loss_bbox: 0.4184, loss_kps: 0.0000, loss: 0.8118, grad_norm: 6.6240
2026-09-30 11:08:02,276 - mmdet - INFO - Epoch [20][3500/4741]	lr: 3.778e-07, eta: 4:58:46, time: 0.376, data_time: 0.017, memory: 23314, loss_cls: 0.4000, loss_bbox: 0.4131, loss_kps: 0.0000, loss: 0.8131, grad_norm: 6.9388
2026-09-30 11:08:20,554 - mmdet - INFO - Epoch [20][3550/4741]	lr: 3.778e-07, eta: 4:58:27, time: 0.364, data_time: 0.014, memory: 23314, loss_cls: 0.4265, loss_bbox: 0.4229, loss_kps: 0.0000, loss: 0.8494, grad_norm: 6.7698
2026-09-30 11:08:38,747 - mmdet - INFO - Epoch [20][3600/4741]	lr: 3.778e-07, eta: 4:58:09, time: 0.364, data_time: 0.016, memory: 23314, loss_cls: 0.4003, loss_bbox: 0.4111, loss_kps: 0.0000, loss: 0.8114, grad_norm: 6.6274
2026-09-30 11:08:56,821 - mmdet - INFO - Epoch [20][3650/4741]	lr: 3.778e-07, eta: 4:57:50, time: 0.362, data_time: 0.016, memory: 23314, loss_cls: 0.3797, loss_bbox: 0.4109, loss_kps: 0.0000, loss: 0.7905, grad_norm: 6.7375
2026-09-30 11:09:14,609 - mmdet - INFO - Epoch [20][3700/4741]	lr: 3.778e-07, eta: 4:57:32, time: 0.355, data_time: 0.015, memory: 23314, loss_cls: 0.3944, loss_bbox: 0.4138, loss_kps: 0.0000, loss: 0.8082, grad_norm: 6.8964
2026-09-30 11:09:32,897 - mmdet - INFO - Epoch [20][3750/4741]	lr: 3.778e-07, eta: 4:57:13, time: 0.366, data_time: 0.014, memory: 23314, loss_cls: 0.3945, loss_bbox: 0.4124, loss_kps: 0.0000, loss: 0.8069, grad_norm: 6.3717
2026-09-30 11:09:50,479 - mmdet - INFO - Epoch [20][3800/4741]	lr: 3.778e-07, eta: 4:56:54, time: 0.352, data_time: 0.015, memory: 23314, loss_cls: 0.4073, loss_bbox: 0.4116, loss_kps: 0.0000, loss: 0.8189, grad_norm: 6.6470
2026-09-30 11:10:07,896 - mmdet - INFO - Epoch [20][3850/4741]	lr: 3.778e-07, eta: 4:56:35, time: 0.347, data_time: 0.015, memory: 23314, loss_cls: 0.3973, loss_bbox: 0.4162, loss_kps: 0.0000, loss: 0.8136, grad_norm: 6.5166
2026-09-30 11:10:25,254 - mmdet - INFO - Epoch [20][3900/4741]	lr: 3.778e-07, eta: 4:56:16, time: 0.347, data_time: 0.016, memory: 23314, loss_cls: 0.3910, loss_bbox: 0.4039, loss_kps: 0.0000, loss: 0.7949, grad_norm: 6.8945
2026-09-30 11:10:43,054 - mmdet - INFO - Epoch [20][3950/4741]	lr: 3.778e-07, eta: 4:55:58, time: 0.356, data_time: 0.016, memory: 23314, loss_cls: 0.3980, loss_bbox: 0.4070, loss_kps: 0.0000, loss: 0.8049, grad_norm: 6.6786
2026-09-30 11:11:00,575 - mmdet - INFO - Epoch [20][4000/4741]	lr: 3.778e-07, eta: 4:55:39, time: 0.350, data_time: 0.015, memory: 23314, loss_cls: 0.3864, loss_bbox: 0.4086, loss_kps: 0.0000, loss: 0.7949, grad_norm: 6.6772
2026-09-30 11:11:19,052 - mmdet - INFO - Epoch [20][4050/4741]	lr: 3.778e-07, eta: 4:55:20, time: 0.370, data_time: 0.016, memory: 23314, loss_cls: 0.3955, loss_bbox: 0.4260, loss_kps: 0.0000, loss: 0.8215, grad_norm: 6.4296
2026-09-30 11:11:37,639 - mmdet - INFO - Epoch [20][4100/4741]	lr: 3.778e-07, eta: 4:55:02, time: 0.372, data_time: 0.017, memory: 23314, loss_cls: 0.4117, loss_bbox: 0.4355, loss_kps: 0.0000, loss: 0.8472, grad_norm: 6.7771
2026-09-30 11:11:56,462 - mmdet - INFO - Epoch [20][4150/4741]	lr: 3.778e-07, eta: 4:54:44, time: 0.377, data_time: 0.018, memory: 23314, loss_cls: 0.3783, loss_bbox: 0.4009, loss_kps: 0.0000, loss: 0.7792, grad_norm: 7.1748
2026-09-30 11:12:15,796 - mmdet - INFO - Epoch [20][4200/4741]	lr: 3.778e-07, eta: 4:54:26, time: 0.387, data_time: 0.018, memory: 23314, loss_cls: 0.4019, loss_bbox: 0.4115, loss_kps: 0.0000, loss: 0.8134, grad_norm: 6.5256
2026-09-30 11:12:34,645 - mmdet - INFO - Epoch [20][4250/4741]	lr: 3.778e-07, eta: 4:54:08, time: 0.376, data_time: 0.017, memory: 23314, loss_cls: 0.4182, loss_bbox: 0.4137, loss_kps: 0.0000, loss: 0.8320, grad_norm: 7.0411
2026-09-30 11:12:53,525 - mmdet - INFO - Epoch [20][4300/4741]	lr: 3.778e-07, eta: 4:53:49, time: 0.378, data_time: 0.018, memory: 23314, loss_cls: 0.3976, loss_bbox: 0.4193, loss_kps: 0.0000, loss: 0.8169, grad_norm: 6.6128
2026-09-30 11:13:12,272 - mmdet - INFO - Epoch [20][4350/4741]	lr: 3.778e-07, eta: 4:53:31, time: 0.375, data_time: 0.017, memory: 23314, loss_cls: 0.3808, loss_bbox: 0.4073, loss_kps: 0.0000, loss: 0.7881, grad_norm: 6.7577
2026-09-30 11:13:30,704 - mmdet - INFO - Epoch [20][4400/4741]	lr: 3.778e-07, eta: 4:53:13, time: 0.368, data_time: 0.016, memory: 23314, loss_cls: 0.4104, loss_bbox: 0.4181, loss_kps: 0.0000, loss: 0.8285, grad_norm: 6.7590
2026-09-30 11:13:48,651 - mmdet - INFO - Epoch [20][4450/4741]	lr: 3.778e-07, eta: 4:52:54, time: 0.359, data_time: 0.017, memory: 23314, loss_cls: 0.3912, loss_bbox: 0.4155, loss_kps: 0.0000, loss: 0.8066, grad_norm: 6.9151
2026-09-30 11:14:07,412 - mmdet - INFO - Epoch [20][4500/4741]	lr: 3.778e-07, eta: 4:52:36, time: 0.375, data_time: 0.018, memory: 23314, loss_cls: 0.3980, loss_bbox: 0.4088, loss_kps: 0.0000, loss: 0.8069, grad_norm: 6.7759
2026-09-30 11:14:26,095 - mmdet - INFO - Epoch [20][4550/4741]	lr: 3.778e-07, eta: 4:52:17, time: 0.374, data_time: 0.018, memory: 23314, loss_cls: 0.3977, loss_bbox: 0.4214, loss_kps: 0.0000, loss: 0.8190, grad_norm: 6.9716
2026-09-30 11:14:44,861 - mmdet - INFO - Epoch [20][4600/4741]	lr: 3.778e-07, eta: 4:51:59, time: 0.375, data_time: 0.018, memory: 23314, loss_cls: 0.4020, loss_bbox: 0.4127, loss_kps: 0.0000, loss: 0.8147, grad_norm: 6.8783
2026-09-30 11:15:02,737 - mmdet - INFO - Epoch [20][4650/4741]	lr: 3.778e-07, eta: 4:51:41, time: 0.358, data_time: 0.017, memory: 23314, loss_cls: 0.3876, loss_bbox: 0.4122, loss_kps: 0.0000, loss: 0.7998, grad_norm: 7.1129
2026-09-30 11:15:20,228 - mmdet - INFO - Epoch [20][4700/4741]	lr: 3.778e-07, eta: 4:51:22, time: 0.350, data_time: 0.016, memory: 23314, loss_cls: 0.4056, loss_bbox: 0.4122, loss_kps: 0.0000, loss: 0.8178, grad_norm: 6.5327
2026-09-30 11:15:31,824 - mmdet - INFO - Saving checkpoint at 20 epochs
2026-09-30 11:16:09,554 - mmdet - INFO - Epoch [21][50/4741]	lr: 3.778e-07, eta: 4:50:42, time: 0.438, data_time: 0.085, memory: 23314, loss_cls: 0.3903, loss_bbox: 0.4090, loss_kps: 0.0000, loss: 0.7992, grad_norm: 6.6976
2026-09-30 11:16:27,270 - mmdet - INFO - Epoch [21][100/4741]	lr: 3.778e-07, eta: 4:50:24, time: 0.354, data_time: 0.015, memory: 23314, loss_cls: 0.3930, loss_bbox: 0.4161, loss_kps: 0.0000, loss: 0.8091, grad_norm: 6.4403
2026-09-30 11:16:46,894 - mmdet - INFO - Epoch [21][150/4741]	lr: 3.778e-07, eta: 4:50:06, time: 0.393, data_time: 0.017, memory: 23314, loss_cls: 0.3883, loss_bbox: 0.4111, loss_kps: 0.0000, loss: 0.7994, grad_norm: 6.8262
2026-09-30 11:17:05,719 - mmdet - INFO - Epoch [21][200/4741]	lr: 3.778e-07, eta: 4:49:47, time: 0.376, data_time: 0.017, memory: 23314, loss_cls: 0.3904, loss_bbox: 0.4141, loss_kps: 0.0000, loss: 0.8045, grad_norm: 6.5911
2026-09-30 11:17:24,261 - mmdet - INFO - Epoch [21][250/4741]	lr: 3.778e-07, eta: 4:49:29, time: 0.371, data_time: 0.015, memory: 23314, loss_cls: 0.3818, loss_bbox: 0.4168, loss_kps: 0.0000, loss: 0.7986, grad_norm: 6.5742
2026-09-30 11:17:42,402 - mmdet - INFO - Epoch [21][300/4741]	lr: 3.778e-07, eta: 4:49:11, time: 0.363, data_time: 0.016, memory: 23314, loss_cls: 0.3897, loss_bbox: 0.4057, loss_kps: 0.0000, loss: 0.7954, grad_norm: 6.9048
2026-09-30 11:18:01,740 - mmdet - INFO - Epoch [21][350/4741]	lr: 3.778e-07, eta: 4:48:53, time: 0.387, data_time: 0.017, memory: 23314, loss_cls: 0.3924, loss_bbox: 0.4122, loss_kps: 0.0000, loss: 0.8046, grad_norm: 6.6922
2026-09-30 11:18:21,339 - mmdet - INFO - Epoch [21][400/4741]	lr: 3.778e-07, eta: 4:48:35, time: 0.393, data_time: 0.017, memory: 23314, loss_cls: 0.3950, loss_bbox: 0.4168, loss_kps: 0.0000, loss: 0.8118, grad_norm: 6.3375
2026-09-30 11:18:40,461 - mmdet - INFO - Epoch [21][450/4741]	lr: 3.778e-07, eta: 4:48:17, time: 0.382, data_time: 0.018, memory: 23314, loss_cls: 0.3889, loss_bbox: 0.4224, loss_kps: 0.0000, loss: 0.8112, grad_norm: 6.3934
2026-09-30 11:18:59,397 - mmdet - INFO - Epoch [21][500/4741]	lr: 3.778e-07, eta: 4:47:59, time: 0.378, data_time: 0.018, memory: 23314, loss_cls: 0.3968, loss_bbox: 0.4189, loss_kps: 0.0000, loss: 0.8158, grad_norm: 6.9184
2026-09-30 11:19:18,808 - mmdet - INFO - Epoch [21][550/4741]	lr: 3.778e-07, eta: 4:47:41, time: 0.388, data_time: 0.017, memory: 23314, loss_cls: 0.3902, loss_bbox: 0.4058, loss_kps: 0.0000, loss: 0.7960, grad_norm: 6.8198
2026-09-30 11:19:37,758 - mmdet - INFO - Epoch [21][600/4741]	lr: 3.778e-07, eta: 4:47:23, time: 0.380, data_time: 0.017, memory: 23314, loss_cls: 0.3982, loss_bbox: 0.4078, loss_kps: 0.0000, loss: 0.8060, grad_norm: 6.9346
2026-09-30 11:19:56,681 - mmdet - INFO - Epoch [21][650/4741]	lr: 3.778e-07, eta: 4:47:04, time: 0.378, data_time: 0.017, memory: 23314, loss_cls: 0.3972, loss_bbox: 0.4180, loss_kps: 0.0000, loss: 0.8153, grad_norm: 6.7565
2026-09-30 11:20:15,693 - mmdet - INFO - Epoch [21][700/4741]	lr: 3.778e-07, eta: 4:46:46, time: 0.380, data_time: 0.017, memory: 23314, loss_cls: 0.3937, loss_bbox: 0.4164, loss_kps: 0.0000, loss: 0.8101, grad_norm: 7.2081
2026-09-30 11:20:34,579 - mmdet - INFO - Epoch [21][750/4741]	lr: 3.778e-07, eta: 4:46:28, time: 0.377, data_time: 0.015, memory: 23314, loss_cls: 0.3830, loss_bbox: 0.4030, loss_kps: 0.0000, loss: 0.7861, grad_norm: 6.7433
2026-09-30 11:20:53,208 - mmdet - INFO - Epoch [21][800/4741]	lr: 3.778e-07, eta: 4:46:10, time: 0.374, data_time: 0.017, memory: 23314, loss_cls: 0.3936, loss_bbox: 0.4043, loss_kps: 0.0000, loss: 0.7979, grad_norm: 6.6318
2026-09-30 11:21:11,538 - mmdet - INFO - Epoch [21][850/4741]	lr: 3.778e-07, eta: 4:45:51, time: 0.366, data_time: 0.016, memory: 23314, loss_cls: 0.4052, loss_bbox: 0.4226, loss_kps: 0.0000, loss: 0.8278, grad_norm: 6.8369
2026-09-30 11:21:29,244 - mmdet - INFO - Epoch [21][900/4741]	lr: 3.778e-07, eta: 4:45:32, time: 0.355, data_time: 0.014, memory: 23314, loss_cls: 0.3930, loss_bbox: 0.4079, loss_kps: 0.0000, loss: 0.8009, grad_norm: 6.3886
2026-09-30 11:21:46,731 - mmdet - INFO - Epoch [21][950/4741]	lr: 3.778e-07, eta: 4:45:14, time: 0.350, data_time: 0.015, memory: 23314, loss_cls: 0.4050, loss_bbox: 0.4133, loss_kps: 0.0000, loss: 0.8182, grad_norm: 7.0724
2026-09-30 11:22:05,539 - mmdet - INFO - Epoch [21][1000/4741]	lr: 3.778e-07, eta: 4:44:55, time: 0.376, data_time: 0.015, memory: 23314, loss_cls: 0.3948, loss_bbox: 0.4084, loss_kps: 0.0000, loss: 0.8032, grad_norm: 6.7141
2026-09-30 11:22:24,865 - mmdet - INFO - Epoch [21][1050/4741]	lr: 3.778e-07, eta: 4:44:37, time: 0.385, data_time: 0.016, memory: 23314, loss_cls: 0.4127, loss_bbox: 0.4197, loss_kps: 0.0000, loss: 0.8325, grad_norm: 7.2167
2026-09-30 11:22:44,347 - mmdet - INFO - Epoch [21][1100/4741]	lr: 3.778e-07, eta: 4:44:19, time: 0.391, data_time: 0.017, memory: 23314, loss_cls: 0.3876, loss_bbox: 0.4150, loss_kps: 0.0000, loss: 0.8025, grad_norm: 6.7083
2026-09-30 11:23:03,853 - mmdet - INFO - Epoch [21][1150/4741]	lr: 3.778e-07, eta: 4:44:02, time: 0.390, data_time: 0.018, memory: 23314, loss_cls: 0.3943, loss_bbox: 0.4104, loss_kps: 0.0000, loss: 0.8047, grad_norm: 7.2689
2026-09-30 11:23:23,360 - mmdet - INFO - Epoch [21][1200/4741]	lr: 3.778e-07, eta: 4:43:44, time: 0.389, data_time: 0.018, memory: 23314, loss_cls: 0.3938, loss_bbox: 0.4058, loss_kps: 0.0000, loss: 0.7996, grad_norm: 6.9359
2026-09-30 11:23:42,999 - mmdet - INFO - Epoch [21][1250/4741]	lr: 3.778e-07, eta: 4:43:26, time: 0.393, data_time: 0.017, memory: 23314, loss_cls: 0.3868, loss_bbox: 0.4099, loss_kps: 0.0000, loss: 0.7967, grad_norm: 6.8812
2026-09-30 11:24:03,134 - mmdet - INFO - Epoch [21][1300/4741]	lr: 3.778e-07, eta: 4:43:08, time: 0.403, data_time: 0.016, memory: 23314, loss_cls: 0.4041, loss_bbox: 0.4225, loss_kps: 0.0000, loss: 0.8266, grad_norm: 7.3947
2026-09-30 11:24:21,678 - mmdet - INFO - Epoch [21][1350/4741]	lr: 3.778e-07, eta: 4:42:50, time: 0.371, data_time: 0.016, memory: 23314, loss_cls: 0.3910, loss_bbox: 0.4032, loss_kps: 0.0000, loss: 0.7942, grad_norm: 6.5489
2026-09-30 11:24:40,910 - mmdet - INFO - Epoch [21][1400/4741]	lr: 3.778e-07, eta: 4:42:32, time: 0.385, data_time: 0.017, memory: 23314, loss_cls: 0.4015, loss_bbox: 0.4141, loss_kps: 0.0000, loss: 0.8156, grad_norm: 6.5250
2026-09-30 11:25:00,213 - mmdet - INFO - Epoch [21][1450/4741]	lr: 3.778e-07, eta: 4:42:14, time: 0.386, data_time: 0.016, memory: 23314, loss_cls: 0.3841, loss_bbox: 0.4169, loss_kps: 0.0000, loss: 0.8011, grad_norm: 6.8099
2026-09-30 11:25:18,311 - mmdet - INFO - Epoch [21][1500/4741]	lr: 3.778e-07, eta: 4:41:55, time: 0.361, data_time: 0.015, memory: 23314, loss_cls: 0.3882, loss_bbox: 0.4040, loss_kps: 0.0000, loss: 0.7921, grad_norm: 7.0015
2026-09-30 11:25:36,635 - mmdet - INFO - Epoch [21][1550/4741]	lr: 3.778e-07, eta: 4:41:37, time: 0.367, data_time: 0.015, memory: 23314, loss_cls: 0.3809, loss_bbox: 0.3977, loss_kps: 0.0000, loss: 0.7787, grad_norm: 6.9970
2026-09-30 11:25:55,004 - mmdet - INFO - Epoch [21][1600/4741]	lr: 3.778e-07, eta: 4:41:18, time: 0.366, data_time: 0.015, memory: 23314, loss_cls: 0.4019, loss_bbox: 0.4193, loss_kps: 0.0000, loss: 0.8212, grad_norm: 6.6295
2026-09-30 11:26:12,888 - mmdet - INFO - Epoch [21][1650/4741]	lr: 3.778e-07, eta: 4:41:00, time: 0.358, data_time: 0.015, memory: 23314, loss_cls: 0.4059, loss_bbox: 0.4177, loss_kps: 0.0000, loss: 0.8236, grad_norm: 7.1143
2026-09-30 11:26:30,854 - mmdet - INFO - Epoch [21][1700/4741]	lr: 3.778e-07, eta: 4:40:41, time: 0.361, data_time: 0.016, memory: 23314, loss_cls: 0.3964, loss_bbox: 0.4164, loss_kps: 0.0000, loss: 0.8128, grad_norm: 6.7949
2026-09-30 11:26:48,512 - mmdet - INFO - Epoch [21][1750/4741]	lr: 3.778e-07, eta: 4:40:22, time: 0.352, data_time: 0.016, memory: 23314, loss_cls: 0.3911, loss_bbox: 0.4164, loss_kps: 0.0000, loss: 0.8076, grad_norm: 6.5632
2026-09-30 11:27:06,413 - mmdet - INFO - Epoch [21][1800/4741]	lr: 3.778e-07, eta: 4:40:04, time: 0.359, data_time: 0.016, memory: 23314, loss_cls: 0.3993, loss_bbox: 0.4151, loss_kps: 0.0000, loss: 0.8145, grad_norm: 6.7728
2026-09-30 11:27:24,358 - mmdet - INFO - Epoch [21][1850/4741]	lr: 3.778e-07, eta: 4:39:45, time: 0.358, data_time: 0.015, memory: 23314, loss_cls: 0.4109, loss_bbox: 0.4194, loss_kps: 0.0000, loss: 0.8303, grad_norm: 6.6871
2026-09-30 11:27:41,860 - mmdet - INFO - Epoch [21][1900/4741]	lr: 3.778e-07, eta: 4:39:26, time: 0.351, data_time: 0.016, memory: 23314, loss_cls: 0.3842, loss_bbox: 0.4050, loss_kps: 0.0000, loss: 0.7892, grad_norm: 6.7376
2026-09-30 11:27:59,556 - mmdet - INFO - Epoch [21][1950/4741]	lr: 3.778e-07, eta: 4:39:07, time: 0.353, data_time: 0.015, memory: 23314, loss_cls: 0.4104, loss_bbox: 0.4158, loss_kps: 0.0000, loss: 0.8263, grad_norm: 6.6807
2026-09-30 11:28:17,206 - mmdet - INFO - Epoch [21][2000/4741]	lr: 3.778e-07, eta: 4:38:49, time: 0.353, data_time: 0.017, memory: 23314, loss_cls: 0.3906, loss_bbox: 0.4046, loss_kps: 0.0000, loss: 0.7952, grad_norm: 6.8054
2026-09-30 11:28:35,025 - mmdet - INFO - Epoch [21][2050/4741]	lr: 3.778e-07, eta: 4:38:30, time: 0.357, data_time: 0.015, memory: 23314, loss_cls: 0.4016, loss_bbox: 0.4115, loss_kps: 0.0000, loss: 0.8131, grad_norm: 6.3596
2026-09-30 11:28:52,323 - mmdet - INFO - Epoch [21][2100/4741]	lr: 3.778e-07, eta: 4:38:11, time: 0.346, data_time: 0.015, memory: 23314, loss_cls: 0.4023, loss_bbox: 0.4143, loss_kps: 0.0000, loss: 0.8165, grad_norm: 6.4759
2026-09-30 11:29:09,842 - mmdet - INFO - Epoch [21][2150/4741]	lr: 3.778e-07, eta: 4:37:52, time: 0.351, data_time: 0.017, memory: 23314, loss_cls: 0.3994, loss_bbox: 0.4142, loss_kps: 0.0000, loss: 0.8136, grad_norm: 6.3657
2026-09-30 11:29:27,333 - mmdet - INFO - Epoch [21][2200/4741]	lr: 3.778e-07, eta: 4:37:33, time: 0.350, data_time: 0.014, memory: 23314, loss_cls: 0.4010, loss_bbox: 0.4132, loss_kps: 0.0000, loss: 0.8142, grad_norm: 6.9643
2026-09-30 11:29:44,751 - mmdet - INFO - Epoch [21][2250/4741]	lr: 3.778e-07, eta: 4:37:14, time: 0.349, data_time: 0.015, memory: 23314, loss_cls: 0.3991, loss_bbox: 0.4151, loss_kps: 0.0000, loss: 0.8141, grad_norm: 6.5392
2026-09-30 11:30:02,184 - mmdet - INFO - Epoch [21][2300/4741]	lr: 3.778e-07, eta: 4:36:55, time: 0.348, data_time: 0.014, memory: 23314, loss_cls: 0.3798, loss_bbox: 0.4095, loss_kps: 0.0000, loss: 0.7893, grad_norm: 6.3003
2026-09-30 11:30:19,534 - mmdet - INFO - Epoch [21][2350/4741]	lr: 3.778e-07, eta: 4:36:37, time: 0.348, data_time: 0.015, memory: 23314, loss_cls: 0.3958, loss_bbox: 0.4183, loss_kps: 0.0000, loss: 0.8140, grad_norm: 7.0178
2026-09-30 11:30:36,974 - mmdet - INFO - Epoch [21][2400/4741]	lr: 3.778e-07, eta: 4:36:18, time: 0.348, data_time: 0.015, memory: 23314, loss_cls: 0.4196, loss_bbox: 0.4214, loss_kps: 0.0000, loss: 0.8410, grad_norm: 6.9270
2026-09-30 11:30:54,928 - mmdet - INFO - Epoch [21][2450/4741]	lr: 3.778e-07, eta: 4:35:59, time: 0.359, data_time: 0.015, memory: 23314, loss_cls: 0.4142, loss_bbox: 0.4155, loss_kps: 0.0000, loss: 0.8297, grad_norm: 7.1109
2026-09-30 11:31:12,072 - mmdet - INFO - Epoch [21][2500/4741]	lr: 3.778e-07, eta: 4:35:40, time: 0.343, data_time: 0.016, memory: 23314, loss_cls: 0.3854, loss_bbox: 0.4143, loss_kps: 0.0000, loss: 0.7997, grad_norm: 6.5086
2026-09-30 11:31:29,499 - mmdet - INFO - Epoch [21][2550/4741]	lr: 3.778e-07, eta: 4:35:21, time: 0.349, data_time: 0.016, memory: 23314, loss_cls: 0.3963, loss_bbox: 0.4145, loss_kps: 0.0000, loss: 0.8108, grad_norm: 7.4950
2026-09-30 11:31:46,801 - mmdet - INFO - Epoch [21][2600/4741]	lr: 3.778e-07, eta: 4:35:02, time: 0.346, data_time: 0.015, memory: 23314, loss_cls: 0.3921, loss_bbox: 0.4181, loss_kps: 0.0000, loss: 0.8102, grad_norm: 6.5860
2026-09-30 11:32:04,705 - mmdet - INFO - Epoch [21][2650/4741]	lr: 3.778e-07, eta: 4:34:44, time: 0.357, data_time: 0.015, memory: 23314, loss_cls: 0.3952, loss_bbox: 0.4130, loss_kps: 0.0000, loss: 0.8082, grad_norm: 6.9491
2026-09-30 11:32:22,068 - mmdet - INFO - Epoch [21][2700/4741]	lr: 3.778e-07, eta: 4:34:25, time: 0.347, data_time: 0.015, memory: 23314, loss_cls: 0.4042, loss_bbox: 0.4238, loss_kps: 0.0000, loss: 0.8280, grad_norm: 6.7268
2026-09-30 11:32:39,383 - mmdet - INFO - Epoch [21][2750/4741]	lr: 3.778e-07, eta: 4:34:06, time: 0.347, data_time: 0.016, memory: 23314, loss_cls: 0.4042, loss_bbox: 0.4165, loss_kps: 0.0000, loss: 0.8207, grad_norm: 6.9336
2026-09-30 11:32:57,227 - mmdet - INFO - Epoch [21][2800/4741]	lr: 3.778e-07, eta: 4:33:47, time: 0.356, data_time: 0.015, memory: 23314, loss_cls: 0.3992, loss_bbox: 0.4154, loss_kps: 0.0000, loss: 0.8146, grad_norm: 6.5173
2026-09-30 11:33:15,512 - mmdet - INFO - Epoch [21][2850/4741]	lr: 3.778e-07, eta: 4:33:29, time: 0.366, data_time: 0.015, memory: 23314, loss_cls: 0.4050, loss_bbox: 0.4276, loss_kps: 0.0000, loss: 0.8326, grad_norm: 6.4065
2026-09-30 11:33:32,878 - mmdet - INFO - Epoch [21][2900/4741]	lr: 3.778e-07, eta: 4:33:10, time: 0.347, data_time: 0.015, memory: 23314, loss_cls: 0.3989, loss_bbox: 0.4117, loss_kps: 0.0000, loss: 0.8106, grad_norm: 7.0465
2026-09-30 11:33:50,361 - mmdet - INFO - Epoch [21][2950/4741]	lr: 3.778e-07, eta: 4:32:51, time: 0.350, data_time: 0.016, memory: 23314, loss_cls: 0.4059, loss_bbox: 0.4295, loss_kps: 0.0000, loss: 0.8354, grad_norm: 6.5975
2026-09-30 11:34:07,652 - mmdet - INFO - Epoch [21][3000/4741]	lr: 3.778e-07, eta: 4:32:32, time: 0.345, data_time: 0.014, memory: 23314, loss_cls: 0.4083, loss_bbox: 0.4169, loss_kps: 0.0000, loss: 0.8253, grad_norm: 7.1365
2026-09-30 11:34:25,339 - mmdet - INFO - Epoch [21][3050/4741]	lr: 3.778e-07, eta: 4:32:13, time: 0.354, data_time: 0.014, memory: 23314, loss_cls: 0.3694, loss_bbox: 0.4075, loss_kps: 0.0000, loss: 0.7769, grad_norm: 6.4388
2026-09-30 11:34:42,955 - mmdet - INFO - Epoch [21][3100/4741]	lr: 3.778e-07, eta: 4:31:54, time: 0.352, data_time: 0.013, memory: 23314, loss_cls: 0.3807, loss_bbox: 0.4058, loss_kps: 0.0000, loss: 0.7865, grad_norm: 6.8731
2026-09-30 11:35:00,323 - mmdet - INFO - Epoch [21][3150/4741]	lr: 3.778e-07, eta: 4:31:36, time: 0.348, data_time: 0.014, memory: 23314, loss_cls: 0.3936, loss_bbox: 0.4109, loss_kps: 0.0000, loss: 0.8045, grad_norm: 6.6933
2026-09-30 11:35:17,755 - mmdet - INFO - Epoch [21][3200/4741]	lr: 3.778e-07, eta: 4:31:17, time: 0.348, data_time: 0.015, memory: 23314, loss_cls: 0.4033, loss_bbox: 0.4176, loss_kps: 0.0000, loss: 0.8209, grad_norm: 6.8842
2026-09-30 11:35:35,130 - mmdet - INFO - Epoch [21][3250/4741]	lr: 3.778e-07, eta: 4:30:58, time: 0.348, data_time: 0.015, memory: 23314, loss_cls: 0.3831, loss_bbox: 0.4151, loss_kps: 0.0000, loss: 0.7982, grad_norm: 6.5739
2026-09-30 11:35:52,825 - mmdet - INFO - Epoch [21][3300/4741]	lr: 3.778e-07, eta: 4:30:39, time: 0.354, data_time: 0.014, memory: 23314, loss_cls: 0.3918, loss_bbox: 0.4098, loss_kps: 0.0000, loss: 0.8016, grad_norm: 6.9934
2026-09-30 11:36:10,426 - mmdet - INFO - Epoch [21][3350/4741]	lr: 3.778e-07, eta: 4:30:20, time: 0.353, data_time: 0.016, memory: 23314, loss_cls: 0.3930, loss_bbox: 0.4060, loss_kps: 0.0000, loss: 0.7990, grad_norm: 6.9295
2026-09-30 11:36:27,732 - mmdet - INFO - Epoch [21][3400/4741]	lr: 3.778e-07, eta: 4:30:01, time: 0.345, data_time: 0.015, memory: 23314, loss_cls: 0.4001, loss_bbox: 0.4147, loss_kps: 0.0000, loss: 0.8148, grad_norm: 6.9183
2026-09-30 11:36:45,269 - mmdet - INFO - Epoch [21][3450/4741]	lr: 3.778e-07, eta: 4:29:43, time: 0.351, data_time: 0.016, memory: 23314, loss_cls: 0.3957, loss_bbox: 0.4102, loss_kps: 0.0000, loss: 0.8059, grad_norm: 6.7409
2026-09-30 11:37:02,670 - mmdet - INFO - Epoch [21][3500/4741]	lr: 3.778e-07, eta: 4:29:24, time: 0.349, data_time: 0.015, memory: 23314, loss_cls: 0.3825, loss_bbox: 0.4057, loss_kps: 0.0000, loss: 0.7882, grad_norm: 6.8194
2026-09-30 11:37:20,269 - mmdet - INFO - Epoch [21][3550/4741]	lr: 3.778e-07, eta: 4:29:05, time: 0.351, data_time: 0.014, memory: 23314, loss_cls: 0.3984, loss_bbox: 0.4116, loss_kps: 0.0000, loss: 0.8101, grad_norm: 7.1972
2026-09-30 11:37:37,713 - mmdet - INFO - Epoch [21][3600/4741]	lr: 3.778e-07, eta: 4:28:46, time: 0.349, data_time: 0.015, memory: 23314, loss_cls: 0.3862, loss_bbox: 0.4238, loss_kps: 0.0000, loss: 0.8100, grad_norm: 6.8138
2026-09-30 11:37:55,216 - mmdet - INFO - Epoch [21][3650/4741]	lr: 3.778e-07, eta: 4:28:27, time: 0.350, data_time: 0.014, memory: 23314, loss_cls: 0.3963, loss_bbox: 0.4209, loss_kps: 0.0000, loss: 0.8171, grad_norm: 6.7713
2026-09-30 11:38:13,352 - mmdet - INFO - Epoch [21][3700/4741]	lr: 3.778e-07, eta: 4:28:09, time: 0.363, data_time: 0.015, memory: 23314, loss_cls: 0.3718, loss_bbox: 0.3973, loss_kps: 0.0000, loss: 0.7691, grad_norm: 6.8091
2026-09-30 11:38:30,779 - mmdet - INFO - Epoch [21][3750/4741]	lr: 3.778e-07, eta: 4:27:50, time: 0.349, data_time: 0.014, memory: 23314, loss_cls: 0.3860, loss_bbox: 0.4138, loss_kps: 0.0000, loss: 0.7998, grad_norm: 6.6542
2026-09-30 11:38:48,211 - mmdet - INFO - Epoch [21][3800/4741]	lr: 3.778e-07, eta: 4:27:31, time: 0.349, data_time: 0.014, memory: 23314, loss_cls: 0.4113, loss_bbox: 0.4083, loss_kps: 0.0000, loss: 0.8196, grad_norm: 7.2988
2026-09-30 11:39:05,748 - mmdet - INFO - Epoch [21][3850/4741]	lr: 3.778e-07, eta: 4:27:12, time: 0.350, data_time: 0.016, memory: 23314, loss_cls: 0.4021, loss_bbox: 0.4051, loss_kps: 0.0000, loss: 0.8073, grad_norm: 6.9154
2026-09-30 11:39:23,272 - mmdet - INFO - Epoch [21][3900/4741]	lr: 3.778e-07, eta: 4:26:54, time: 0.351, data_time: 0.016, memory: 23314, loss_cls: 0.3928, loss_bbox: 0.4146, loss_kps: 0.0000, loss: 0.8075, grad_norm: 7.2573
2026-09-30 11:39:41,040 - mmdet - INFO - Epoch [21][3950/4741]	lr: 3.778e-07, eta: 4:26:35, time: 0.355, data_time: 0.016, memory: 23314, loss_cls: 0.3834, loss_bbox: 0.4099, loss_kps: 0.0000, loss: 0.7933, grad_norm: 6.7289
2026-09-30 11:39:59,006 - mmdet - INFO - Epoch [21][4000/4741]	lr: 3.778e-07, eta: 4:26:16, time: 0.359, data_time: 0.016, memory: 23314, loss_cls: 0.3998, loss_bbox: 0.4092, loss_kps: 0.0000, loss: 0.8091, grad_norm: 6.3667
2026-09-30 11:40:16,686 - mmdet - INFO - Epoch [21][4050/4741]	lr: 3.778e-07, eta: 4:25:58, time: 0.355, data_time: 0.017, memory: 23314, loss_cls: 0.3964, loss_bbox: 0.4144, loss_kps: 0.0000, loss: 0.8108, grad_norm: 6.6100
2026-09-30 11:40:34,376 - mmdet - INFO - Epoch [21][4100/4741]	lr: 3.778e-07, eta: 4:25:39, time: 0.353, data_time: 0.015, memory: 23314, loss_cls: 0.3819, loss_bbox: 0.4136, loss_kps: 0.0000, loss: 0.7955, grad_norm: 7.0086
2026-09-30 11:40:52,256 - mmdet - INFO - Epoch [21][4150/4741]	lr: 3.778e-07, eta: 4:25:20, time: 0.358, data_time: 0.016, memory: 23314, loss_cls: 0.3891, loss_bbox: 0.4058, loss_kps: 0.0000, loss: 0.7949, grad_norm: 6.6566
2026-09-30 11:41:11,329 - mmdet - INFO - Epoch [21][4200/4741]	lr: 3.778e-07, eta: 4:25:02, time: 0.381, data_time: 0.017, memory: 23314, loss_cls: 0.4142, loss_bbox: 0.4189, loss_kps: 0.0000, loss: 0.8331, grad_norm: 6.9836
2026-09-30 11:41:30,640 - mmdet - INFO - Epoch [21][4250/4741]	lr: 3.778e-07, eta: 4:24:44, time: 0.386, data_time: 0.017, memory: 23314, loss_cls: 0.3849, loss_bbox: 0.4042, loss_kps: 0.0000, loss: 0.7891, grad_norm: 6.3613
2026-09-30 11:41:49,904 - mmdet - INFO - Epoch [21][4300/4741]	lr: 3.778e-07, eta: 4:24:26, time: 0.386, data_time: 0.019, memory: 23314, loss_cls: 0.3935, loss_bbox: 0.4057, loss_kps: 0.0000, loss: 0.7992, grad_norm: 6.8647
2026-09-30 11:42:10,245 - mmdet - INFO - Epoch [21][4350/4741]	lr: 3.778e-07, eta: 4:24:09, time: 0.406, data_time: 0.018, memory: 23314, loss_cls: 0.3933, loss_bbox: 0.4048, loss_kps: 0.0000, loss: 0.7981, grad_norm: 6.4918
2026-09-30 11:42:30,465 - mmdet - INFO - Epoch [21][4400/4741]	lr: 3.778e-07, eta: 4:23:51, time: 0.405, data_time: 0.019, memory: 23314, loss_cls: 0.3905, loss_bbox: 0.4137, loss_kps: 0.0000, loss: 0.8043, grad_norm: 6.6726
2026-09-30 11:42:50,454 - mmdet - INFO - Epoch [21][4450/4741]	lr: 3.778e-07, eta: 4:23:33, time: 0.399, data_time: 0.020, memory: 23314, loss_cls: 0.3856, loss_bbox: 0.4084, loss_kps: 0.0000, loss: 0.7940, grad_norm: 7.1243
2026-09-30 11:43:10,569 - mmdet - INFO - Epoch [21][4500/4741]	lr: 3.778e-07, eta: 4:23:16, time: 0.403, data_time: 0.019, memory: 23314, loss_cls: 0.3774, loss_bbox: 0.4019, loss_kps: 0.0000, loss: 0.7793, grad_norm: 6.5700
2026-09-30 11:43:30,525 - mmdet - INFO - Epoch [21][4550/4741]	lr: 3.778e-07, eta: 4:22:58, time: 0.398, data_time: 0.017, memory: 23314, loss_cls: 0.3937, loss_bbox: 0.4059, loss_kps: 0.0000, loss: 0.7996, grad_norm: 7.3398
2026-09-30 11:43:49,361 - mmdet - INFO - Epoch [21][4600/4741]	lr: 3.778e-07, eta: 4:22:40, time: 0.376, data_time: 0.018, memory: 23314, loss_cls: 0.3977, loss_bbox: 0.4100, loss_kps: 0.0000, loss: 0.8078, grad_norm: 6.4764
2026-09-30 11:44:08,369 - mmdet - INFO - Epoch [21][4650/4741]	lr: 3.778e-07, eta: 4:22:21, time: 0.380, data_time: 0.018, memory: 23314, loss_cls: 0.3916, loss_bbox: 0.4164, loss_kps: 0.0000, loss: 0.8080, grad_norm: 6.6601
2026-09-30 11:44:27,287 - mmdet - INFO - Epoch [21][4700/4741]	lr: 3.778e-07, eta: 4:22:03, time: 0.378, data_time: 0.017, memory: 23314, loss_cls: 0.3912, loss_bbox: 0.4108, loss_kps: 0.0000, loss: 0.8020, grad_norm: 6.6732
2026-09-30 11:44:39,365 - mmdet - INFO - Saving checkpoint at 21 epochs
2026-09-30 11:45:17,727 - mmdet - INFO - Epoch [22][50/4741]	lr: 3.778e-08, eta: 4:21:25, time: 0.447, data_time: 0.093, memory: 23314, loss_cls: 0.3807, loss_bbox: 0.4033, loss_kps: 0.0000, loss: 0.7841, grad_norm: 6.4980
2026-09-30 11:45:36,140 - mmdet - INFO - Epoch [22][100/4741]	lr: 3.778e-08, eta: 4:21:07, time: 0.367, data_time: 0.015, memory: 23314, loss_cls: 0.3964, loss_bbox: 0.4015, loss_kps: 0.0000, loss: 0.7979, grad_norm: 6.6049
2026-09-30 11:45:54,318 - mmdet - INFO - Epoch [22][150/4741]	lr: 3.778e-08, eta: 4:20:48, time: 0.364, data_time: 0.016, memory: 23314, loss_cls: 0.4039, loss_bbox: 0.4084, loss_kps: 0.0000, loss: 0.8123, grad_norm: 6.6355
2026-09-30 11:46:12,883 - mmdet - INFO - Epoch [22][200/4741]	lr: 3.778e-08, eta: 4:20:30, time: 0.371, data_time: 0.015, memory: 23314, loss_cls: 0.3917, loss_bbox: 0.4081, loss_kps: 0.0000, loss: 0.7998, grad_norm: 6.5091
2026-09-30 11:46:30,637 - mmdet - INFO - Epoch [22][250/4741]	lr: 3.778e-08, eta: 4:20:11, time: 0.356, data_time: 0.016, memory: 23314, loss_cls: 0.3847, loss_bbox: 0.3940, loss_kps: 0.0000, loss: 0.7787, grad_norm: 6.6475
2026-09-30 11:46:48,550 - mmdet - INFO - Epoch [22][300/4741]	lr: 3.778e-08, eta: 4:19:52, time: 0.358, data_time: 0.014, memory: 23314, loss_cls: 0.3775, loss_bbox: 0.3921, loss_kps: 0.0000, loss: 0.7695, grad_norm: 6.5455
2026-09-30 11:47:06,955 - mmdet - INFO - Epoch [22][350/4741]	lr: 3.778e-08, eta: 4:19:34, time: 0.368, data_time: 0.014, memory: 23314, loss_cls: 0.3782, loss_bbox: 0.3977, loss_kps: 0.0000, loss: 0.7760, grad_norm: 6.6618
2026-09-30 11:47:24,938 - mmdet - INFO - Epoch [22][400/4741]	lr: 3.778e-08, eta: 4:19:16, time: 0.359, data_time: 0.017, memory: 23314, loss_cls: 0.3699, loss_bbox: 0.3986, loss_kps: 0.0000, loss: 0.7684, grad_norm: 6.1308
2026-09-30 11:47:43,204 - mmdet - INFO - Epoch [22][450/4741]	lr: 3.778e-08, eta: 4:18:57, time: 0.365, data_time: 0.016, memory: 23314, loss_cls: 0.3788, loss_bbox: 0.3993, loss_kps: 0.0000, loss: 0.7781, grad_norm: 6.9185
2026-09-30 11:48:01,093 - mmdet - INFO - Epoch [22][500/4741]	lr: 3.778e-08, eta: 4:18:38, time: 0.358, data_time: 0.015, memory: 23314, loss_cls: 0.3911, loss_bbox: 0.3994, loss_kps: 0.0000, loss: 0.7905, grad_norm: 6.7512
2026-09-30 11:48:19,130 - mmdet - INFO - Epoch [22][550/4741]	lr: 3.778e-08, eta: 4:18:20, time: 0.361, data_time: 0.015, memory: 23314, loss_cls: 0.3863, loss_bbox: 0.3971, loss_kps: 0.0000, loss: 0.7834, grad_norm: 6.7098
2026-09-30 11:48:37,201 - mmdet - INFO - Epoch [22][600/4741]	lr: 3.778e-08, eta: 4:18:01, time: 0.362, data_time: 0.016, memory: 23314, loss_cls: 0.3742, loss_bbox: 0.4055, loss_kps: 0.0000, loss: 0.7797, grad_norm: 6.4605
2026-09-30 11:48:55,660 - mmdet - INFO - Epoch [22][650/4741]	lr: 3.778e-08, eta: 4:17:43, time: 0.369, data_time: 0.015, memory: 23314, loss_cls: 0.3761, loss_bbox: 0.4004, loss_kps: 0.0000, loss: 0.7766, grad_norm: 6.5395
2026-09-30 11:49:13,842 - mmdet - INFO - Epoch [22][700/4741]	lr: 3.778e-08, eta: 4:17:24, time: 0.364, data_time: 0.015, memory: 23314, loss_cls: 0.3850, loss_bbox: 0.4085, loss_kps: 0.0000, loss: 0.7935, grad_norm: 6.4456
2026-09-30 11:49:31,853 - mmdet - INFO - Epoch [22][750/4741]	lr: 3.778e-08, eta: 4:17:06, time: 0.361, data_time: 0.015, memory: 23314, loss_cls: 0.3672, loss_bbox: 0.3922, loss_kps: 0.0000, loss: 0.7594, grad_norm: 6.6778
2026-09-30 11:49:49,968 - mmdet - INFO - Epoch [22][800/4741]	lr: 3.778e-08, eta: 4:16:47, time: 0.361, data_time: 0.016, memory: 23314, loss_cls: 0.3927, loss_bbox: 0.4170, loss_kps: 0.0000, loss: 0.8098, grad_norm: 6.8294
2026-09-30 11:50:07,947 - mmdet - INFO - Epoch [22][850/4741]	lr: 3.778e-08, eta: 4:16:29, time: 0.360, data_time: 0.016, memory: 23314, loss_cls: 0.3808, loss_bbox: 0.4091, loss_kps: 0.0000, loss: 0.7899, grad_norm: 6.5074
2026-09-30 11:50:26,572 - mmdet - INFO - Epoch [22][900/4741]	lr: 3.778e-08, eta: 4:16:11, time: 0.373, data_time: 0.016, memory: 23314, loss_cls: 0.3843, loss_bbox: 0.4126, loss_kps: 0.0000, loss: 0.7969, grad_norm: 6.7071
2026-09-30 11:50:44,639 - mmdet - INFO - Epoch [22][950/4741]	lr: 3.778e-08, eta: 4:15:52, time: 0.362, data_time: 0.017, memory: 23314, loss_cls: 0.3889, loss_bbox: 0.3977, loss_kps: 0.0000, loss: 0.7866, grad_norm: 6.6418
2026-09-30 11:51:02,633 - mmdet - INFO - Epoch [22][1000/4741]	lr: 3.778e-08, eta: 4:15:33, time: 0.360, data_time: 0.016, memory: 23314, loss_cls: 0.3924, loss_bbox: 0.4105, loss_kps: 0.0000, loss: 0.8029, grad_norm: 6.8013
2026-09-30 11:51:21,201 - mmdet - INFO - Epoch [22][1050/4741]	lr: 3.778e-08, eta: 4:15:15, time: 0.371, data_time: 0.016, memory: 23314, loss_cls: 0.3983, loss_bbox: 0.4065, loss_kps: 0.0000, loss: 0.8047, grad_norm: 6.5800
2026-09-30 11:51:39,130 - mmdet - INFO - Epoch [22][1100/4741]	lr: 3.778e-08, eta: 4:14:56, time: 0.360, data_time: 0.016, memory: 23314, loss_cls: 0.3752, loss_bbox: 0.4001, loss_kps: 0.0000, loss: 0.7753, grad_norm: 6.7952
2026-09-30 11:51:57,256 - mmdet - INFO - Epoch [22][1150/4741]	lr: 3.778e-08, eta: 4:14:38, time: 0.362, data_time: 0.016, memory: 23314, loss_cls: 0.3786, loss_bbox: 0.4052, loss_kps: 0.0000, loss: 0.7838, grad_norm: 6.3390
2026-09-30 11:52:15,610 - mmdet - INFO - Epoch [22][1200/4741]	lr: 3.778e-08, eta: 4:14:20, time: 0.366, data_time: 0.015, memory: 23314, loss_cls: 0.3823, loss_bbox: 0.4048, loss_kps: 0.0000, loss: 0.7871, grad_norm: 6.3760
2026-09-30 11:52:33,441 - mmdet - INFO - Epoch [22][1250/4741]	lr: 3.778e-08, eta: 4:14:01, time: 0.357, data_time: 0.017, memory: 23314, loss_cls: 0.3779, loss_bbox: 0.4009, loss_kps: 0.0000, loss: 0.7788, grad_norm: 6.8037
2026-09-30 11:52:51,617 - mmdet - INFO - Epoch [22][1300/4741]	lr: 3.778e-08, eta: 4:13:42, time: 0.363, data_time: 0.017, memory: 23314, loss_cls: 0.3692, loss_bbox: 0.4009, loss_kps: 0.0000, loss: 0.7701, grad_norm: 6.4289
2026-09-30 11:53:09,792 - mmdet - INFO - Epoch [22][1350/4741]	lr: 3.778e-08, eta: 4:13:24, time: 0.364, data_time: 0.016, memory: 23314, loss_cls: 0.3817, loss_bbox: 0.3898, loss_kps: 0.0000, loss: 0.7715, grad_norm: 6.8263
2026-09-30 11:53:27,753 - mmdet - INFO - Epoch [22][1400/4741]	lr: 3.778e-08, eta: 4:13:05, time: 0.359, data_time: 0.016, memory: 23314, loss_cls: 0.3851, loss_bbox: 0.4032, loss_kps: 0.0000, loss: 0.7883, grad_norm: 7.0474
2026-09-30 11:53:45,784 - mmdet - INFO - Epoch [22][1450/4741]	lr: 3.778e-08, eta: 4:12:47, time: 0.360, data_time: 0.016, memory: 23314, loss_cls: 0.3742, loss_bbox: 0.3969, loss_kps: 0.0000, loss: 0.7711, grad_norm: 6.2733
2026-09-30 11:54:03,784 - mmdet - INFO - Epoch [22][1500/4741]	lr: 3.778e-08, eta: 4:12:28, time: 0.360, data_time: 0.017, memory: 23314, loss_cls: 0.3726, loss_bbox: 0.3863, loss_kps: 0.0000, loss: 0.7588, grad_norm: 6.6839
2026-09-30 11:54:22,175 - mmdet - INFO - Epoch [22][1550/4741]	lr: 3.778e-08, eta: 4:12:10, time: 0.367, data_time: 0.016, memory: 23314, loss_cls: 0.3747, loss_bbox: 0.3970, loss_kps: 0.0000, loss: 0.7717, grad_norm: 6.3926
2026-09-30 11:54:40,247 - mmdet - INFO - Epoch [22][1600/4741]	lr: 3.778e-08, eta: 4:11:51, time: 0.362, data_time: 0.018, memory: 23314, loss_cls: 0.3675, loss_bbox: 0.4046, loss_kps: 0.0000, loss: 0.7720, grad_norm: 6.7307
2026-09-30 11:54:58,205 - mmdet - INFO - Epoch [22][1650/4741]	lr: 3.778e-08, eta: 4:11:33, time: 0.359, data_time: 0.016, memory: 23314, loss_cls: 0.3905, loss_bbox: 0.4041, loss_kps: 0.0000, loss: 0.7946, grad_norm: 6.8838
2026-09-30 11:55:16,515 - mmdet - INFO - Epoch [22][1700/4741]	lr: 3.778e-08, eta: 4:11:14, time: 0.366, data_time: 0.016, memory: 23314, loss_cls: 0.3732, loss_bbox: 0.3963, loss_kps: 0.0000, loss: 0.7696, grad_norm: 6.8904
2026-09-30 11:55:34,890 - mmdet - INFO - Epoch [22][1750/4741]	lr: 3.778e-08, eta: 4:10:56, time: 0.368, data_time: 0.017, memory: 23314, loss_cls: 0.3842, loss_bbox: 0.3937, loss_kps: 0.0000, loss: 0.7779, grad_norm: 6.9356
2026-09-30 11:55:53,259 - mmdet - INFO - Epoch [22][1800/4741]	lr: 3.778e-08, eta: 4:10:37, time: 0.366, data_time: 0.015, memory: 23314, loss_cls: 0.3709, loss_bbox: 0.3930, loss_kps: 0.0000, loss: 0.7640, grad_norm: 6.8708
2026-09-30 11:56:11,740 - mmdet - INFO - Epoch [22][1850/4741]	lr: 3.778e-08, eta: 4:10:19, time: 0.369, data_time: 0.018, memory: 23314, loss_cls: 0.3966, loss_bbox: 0.4005, loss_kps: 0.0000, loss: 0.7971, grad_norm: 7.1501
2026-09-30 11:56:30,802 - mmdet - INFO - Epoch [22][1900/4741]	lr: 3.778e-08, eta: 4:10:01, time: 0.382, data_time: 0.016, memory: 23314, loss_cls: 0.3807, loss_bbox: 0.4025, loss_kps: 0.0000, loss: 0.7831, grad_norm: 6.8499
2026-09-30 11:56:49,471 - mmdet - INFO - Epoch [22][1950/4741]	lr: 3.778e-08, eta: 4:09:43, time: 0.374, data_time: 0.017, memory: 23314, loss_cls: 0.3795, loss_bbox: 0.4047, loss_kps: 0.0000, loss: 0.7842, grad_norm: 6.7626
2026-09-30 11:57:07,860 - mmdet - INFO - Epoch [22][2000/4741]	lr: 3.778e-08, eta: 4:09:24, time: 0.367, data_time: 0.016, memory: 23314, loss_cls: 0.3907, loss_bbox: 0.4036, loss_kps: 0.0000, loss: 0.7943, grad_norm: 6.4944
2026-09-30 11:57:26,426 - mmdet - INFO - Epoch [22][2050/4741]	lr: 3.778e-08, eta: 4:09:06, time: 0.372, data_time: 0.016, memory: 23314, loss_cls: 0.3748, loss_bbox: 0.3930, loss_kps: 0.0000, loss: 0.7678, grad_norm: 6.7987
2026-09-30 11:57:44,240 - mmdet - INFO - Epoch [22][2100/4741]	lr: 3.778e-08, eta: 4:08:47, time: 0.356, data_time: 0.014, memory: 23314, loss_cls: 0.4092, loss_bbox: 0.4085, loss_kps: 0.0000, loss: 0.8177, grad_norm: 6.9707
2026-09-30 11:58:02,540 - mmdet - INFO - Epoch [22][2150/4741]	lr: 3.778e-08, eta: 4:08:29, time: 0.366, data_time: 0.015, memory: 23314, loss_cls: 0.3780, loss_bbox: 0.3949, loss_kps: 0.0000, loss: 0.7729, grad_norm: 6.2339
2026-09-30 11:58:20,843 - mmdet - INFO - Epoch [22][2200/4741]	lr: 3.778e-08, eta: 4:08:10, time: 0.367, data_time: 0.028, memory: 23314, loss_cls: 0.3925, loss_bbox: 0.3925, loss_kps: 0.0000, loss: 0.7850, grad_norm: 6.4859
2026-09-30 11:58:38,562 - mmdet - INFO - Epoch [22][2250/4741]	lr: 3.778e-08, eta: 4:07:52, time: 0.354, data_time: 0.016, memory: 23314, loss_cls: 0.3795, loss_bbox: 0.3975, loss_kps: 0.0000, loss: 0.7770, grad_norm: 6.3840
2026-09-30 11:58:56,529 - mmdet - INFO - Epoch [22][2300/4741]	lr: 3.778e-08, eta: 4:07:33, time: 0.360, data_time: 0.016, memory: 23314, loss_cls: 0.3893, loss_bbox: 0.4059, loss_kps: 0.0000, loss: 0.7952, grad_norm: 6.8396
2026-09-30 11:59:14,545 - mmdet - INFO - Epoch [22][2350/4741]	lr: 3.778e-08, eta: 4:07:15, time: 0.360, data_time: 0.015, memory: 23314, loss_cls: 0.3864, loss_bbox: 0.3988, loss_kps: 0.0000, loss: 0.7851, grad_norm: 6.6253
2026-09-30 11:59:32,253 - mmdet - INFO - Epoch [22][2400/4741]	lr: 3.778e-08, eta: 4:06:56, time: 0.354, data_time: 0.014, memory: 23314, loss_cls: 0.3673, loss_bbox: 0.3948, loss_kps: 0.0000, loss: 0.7621, grad_norm: 7.1002
2026-09-30 11:59:50,066 - mmdet - INFO - Epoch [22][2450/4741]	lr: 3.778e-08, eta: 4:06:37, time: 0.357, data_time: 0.015, memory: 23314, loss_cls: 0.3769, loss_bbox: 0.3986, loss_kps: 0.0000, loss: 0.7755, grad_norm: 6.3719
2026-09-30 12:00:07,986 - mmdet - INFO - Epoch [22][2500/4741]	lr: 3.778e-08, eta: 4:06:19, time: 0.359, data_time: 0.015, memory: 23314, loss_cls: 0.3848, loss_bbox: 0.4088, loss_kps: 0.0000, loss: 0.7936, grad_norm: 6.8134
2026-09-30 12:00:26,309 - mmdet - INFO - Epoch [22][2550/4741]	lr: 3.778e-08, eta: 4:06:00, time: 0.366, data_time: 0.014, memory: 23314, loss_cls: 0.3794, loss_bbox: 0.3968, loss_kps: 0.0000, loss: 0.7763, grad_norm: 6.7941
2026-09-30 12:00:44,409 - mmdet - INFO - Epoch [22][2600/4741]	lr: 3.778e-08, eta: 4:05:42, time: 0.362, data_time: 0.016, memory: 23314, loss_cls: 0.3821, loss_bbox: 0.4014, loss_kps: 0.0000, loss: 0.7835, grad_norm: 6.7753
2026-09-30 12:01:02,458 - mmdet - INFO - Epoch [22][2650/4741]	lr: 3.778e-08, eta: 4:05:23, time: 0.362, data_time: 0.018, memory: 23314, loss_cls: 0.3850, loss_bbox: 0.4060, loss_kps: 0.0000, loss: 0.7910, grad_norm: 6.7890
2026-09-30 12:01:20,233 - mmdet - INFO - Epoch [22][2700/4741]	lr: 3.778e-08, eta: 4:05:05, time: 0.356, data_time: 0.013, memory: 23314, loss_cls: 0.3763, loss_bbox: 0.4021, loss_kps: 0.0000, loss: 0.7784, grad_norm: 6.4837
2026-09-30 12:01:38,213 - mmdet - INFO - Epoch [22][2750/4741]	lr: 3.778e-08, eta: 4:04:46, time: 0.360, data_time: 0.015, memory: 23314, loss_cls: 0.3726, loss_bbox: 0.4001, loss_kps: 0.0000, loss: 0.7726, grad_norm: 6.7744
2026-09-30 12:01:56,538 - mmdet - INFO - Epoch [22][2800/4741]	lr: 3.778e-08, eta: 4:04:28, time: 0.359, data_time: 0.016, memory: 23314, loss_cls: 0.3823, loss_bbox: 0.3990, loss_kps: 0.0000, loss: 0.7814, grad_norm: 6.8175
2026-09-30 12:02:14,280 - mmdet - INFO - Epoch [22][2850/4741]	lr: 3.778e-08, eta: 4:04:09, time: 0.362, data_time: 0.022, memory: 23314, loss_cls: 0.4063, loss_bbox: 0.4074, loss_kps: 0.0000, loss: 0.8136, grad_norm: 6.8609
2026-09-30 12:02:32,088 - mmdet - INFO - Epoch [22][2900/4741]	lr: 3.778e-08, eta: 4:03:50, time: 0.357, data_time: 0.016, memory: 23314, loss_cls: 0.3809, loss_bbox: 0.4080, loss_kps: 0.0000, loss: 0.7889, grad_norm: 6.3758
2026-09-30 12:02:49,871 - mmdet - INFO - Epoch [22][2950/4741]	lr: 3.778e-08, eta: 4:03:32, time: 0.355, data_time: 0.016, memory: 23314, loss_cls: 0.3942, loss_bbox: 0.4024, loss_kps: 0.0000, loss: 0.7967, grad_norm: 6.7229
2026-09-30 12:03:08,078 - mmdet - INFO - Epoch [22][3000/4741]	lr: 3.778e-08, eta: 4:03:13, time: 0.364, data_time: 0.016, memory: 23314, loss_cls: 0.3727, loss_bbox: 0.4119, loss_kps: 0.0000, loss: 0.7846, grad_norm: 6.8971
2026-09-30 12:03:26,261 - mmdet - INFO - Epoch [22][3050/4741]	lr: 3.778e-08, eta: 4:02:55, time: 0.364, data_time: 0.016, memory: 23314, loss_cls: 0.3999, loss_bbox: 0.4103, loss_kps: 0.0000, loss: 0.8102, grad_norm: 6.8834
2026-09-30 12:03:44,015 - mmdet - INFO - Epoch [22][3100/4741]	lr: 3.778e-08, eta: 4:02:36, time: 0.355, data_time: 0.016, memory: 23314, loss_cls: 0.3859, loss_bbox: 0.4089, loss_kps: 0.0000, loss: 0.7948, grad_norm: 6.8083
2026-09-30 12:04:02,677 - mmdet - INFO - Epoch [22][3150/4741]	lr: 3.778e-08, eta: 4:02:18, time: 0.373, data_time: 0.018, memory: 23314, loss_cls: 0.3633, loss_bbox: 0.3882, loss_kps: 0.0000, loss: 0.7515, grad_norm: 6.4960
2026-09-30 12:04:21,953 - mmdet - INFO - Epoch [22][3200/4741]	lr: 3.778e-08, eta: 4:02:00, time: 0.387, data_time: 0.020, memory: 23314, loss_cls: 0.3761, loss_bbox: 0.3928, loss_kps: 0.0000, loss: 0.7689, grad_norm: 6.4983
2026-09-30 12:04:41,482 - mmdet - INFO - Epoch [22][3250/4741]	lr: 3.778e-08, eta: 4:01:42, time: 0.390, data_time: 0.018, memory: 23314, loss_cls: 0.3815, loss_bbox: 0.4025, loss_kps: 0.0000, loss: 0.7840, grad_norm: 6.6631
2026-09-30 12:05:01,293 - mmdet - INFO - Epoch [22][3300/4741]	lr: 3.778e-08, eta: 4:01:24, time: 0.396, data_time: 0.019, memory: 23314, loss_cls: 0.4012, loss_bbox: 0.4060, loss_kps: 0.0000, loss: 0.8072, grad_norm: 6.4111
2026-09-30 12:05:21,166 - mmdet - INFO - Epoch [22][3350/4741]	lr: 3.778e-08, eta: 4:01:06, time: 0.397, data_time: 0.019, memory: 23314, loss_cls: 0.3893, loss_bbox: 0.4059, loss_kps: 0.0000, loss: 0.7953, grad_norm: 6.9852
2026-09-30 12:05:41,143 - mmdet - INFO - Epoch [22][3400/4741]	lr: 3.778e-08, eta: 4:00:48, time: 0.400, data_time: 0.020, memory: 23314, loss_cls: 0.3976, loss_bbox: 0.4195, loss_kps: 0.0000, loss: 0.8171, grad_norm: 6.6711
2026-09-30 12:06:01,188 - mmdet - INFO - Epoch [22][3450/4741]	lr: 3.778e-08, eta: 4:00:31, time: 0.401, data_time: 0.021, memory: 23314, loss_cls: 0.3908, loss_bbox: 0.4053, loss_kps: 0.0000, loss: 0.7961, grad_norm: 6.6477
2026-09-30 12:06:20,836 - mmdet - INFO - Epoch [22][3500/4741]	lr: 3.778e-08, eta: 4:00:13, time: 0.392, data_time: 0.018, memory: 23314, loss_cls: 0.3897, loss_bbox: 0.4099, loss_kps: 0.0000, loss: 0.7996, grad_norm: 6.6776
2026-09-30 12:06:40,935 - mmdet - INFO - Epoch [22][3550/4741]	lr: 3.778e-08, eta: 3:59:55, time: 0.402, data_time: 0.018, memory: 23314, loss_cls: 0.3859, loss_bbox: 0.4094, loss_kps: 0.0000, loss: 0.7953, grad_norm: 6.4724
2026-09-30 12:07:00,300 - mmdet - INFO - Epoch [22][3600/4741]	lr: 3.778e-08, eta: 3:59:37, time: 0.387, data_time: 0.018, memory: 23314, loss_cls: 0.3807, loss_bbox: 0.4061, loss_kps: 0.0000, loss: 0.7868, grad_norm: 6.9620
2026-09-30 12:07:19,735 - mmdet - INFO - Epoch [22][3650/4741]	lr: 3.778e-08, eta: 3:59:19, time: 0.388, data_time: 0.018, memory: 23314, loss_cls: 0.3769, loss_bbox: 0.3944, loss_kps: 0.0000, loss: 0.7713, grad_norm: 6.9396
2026-09-30 12:07:38,513 - mmdet - INFO - Epoch [22][3700/4741]	lr: 3.778e-08, eta: 3:59:01, time: 0.376, data_time: 0.017, memory: 23314, loss_cls: 0.3893, loss_bbox: 0.3935, loss_kps: 0.0000, loss: 0.7827, grad_norm: 7.2076
2026-09-30 12:07:57,219 - mmdet - INFO - Epoch [22][3750/4741]	lr: 3.778e-08, eta: 3:58:42, time: 0.374, data_time: 0.016, memory: 23314, loss_cls: 0.3890, loss_bbox: 0.4079, loss_kps: 0.0000, loss: 0.7969, grad_norm: 6.6648
2026-09-30 12:08:15,517 - mmdet - INFO - Epoch [22][3800/4741]	lr: 3.778e-08, eta: 3:58:24, time: 0.365, data_time: 0.017, memory: 23314, loss_cls: 0.3688, loss_bbox: 0.4028, loss_kps: 0.0000, loss: 0.7717, grad_norm: 6.3521
2026-09-30 12:08:34,074 - mmdet - INFO - Epoch [22][3850/4741]	lr: 3.778e-08, eta: 3:58:06, time: 0.372, data_time: 0.018, memory: 23314, loss_cls: 0.3821, loss_bbox: 0.4062, loss_kps: 0.0000, loss: 0.7883, grad_norm: 6.8867
2026-09-30 12:08:52,080 - mmdet - INFO - Epoch [22][3900/4741]	lr: 3.778e-08, eta: 3:57:47, time: 0.359, data_time: 0.015, memory: 23314, loss_cls: 0.3802, loss_bbox: 0.3953, loss_kps: 0.0000, loss: 0.7754, grad_norm: 6.5936
2026-09-30 12:09:10,130 - mmdet - INFO - Epoch [22][3950/4741]	lr: 3.778e-08, eta: 3:57:29, time: 0.361, data_time: 0.017, memory: 23314, loss_cls: 0.3833, loss_bbox: 0.3937, loss_kps: 0.0000, loss: 0.7770, grad_norm: 6.6695
2026-09-30 12:09:27,866 - mmdet - INFO - Epoch [22][4000/4741]	lr: 3.778e-08, eta: 3:57:10, time: 0.355, data_time: 0.018, memory: 23314, loss_cls: 0.3850, loss_bbox: 0.4056, loss_kps: 0.0000, loss: 0.7906, grad_norm: 6.5120
2026-09-30 12:09:46,218 - mmdet - INFO - Epoch [22][4050/4741]	lr: 3.778e-08, eta: 3:56:51, time: 0.367, data_time: 0.016, memory: 23314, loss_cls: 0.3772, loss_bbox: 0.3984, loss_kps: 0.0000, loss: 0.7755, grad_norm: 6.4581
2026-09-30 12:10:04,200 - mmdet - INFO - Epoch [22][4100/4741]	lr: 3.778e-08, eta: 3:56:33, time: 0.360, data_time: 0.015, memory: 23314, loss_cls: 0.3724, loss_bbox: 0.4042, loss_kps: 0.0000, loss: 0.7766, grad_norm: 6.4028
2026-09-30 12:10:21,825 - mmdet - INFO - Epoch [22][4150/4741]	lr: 3.778e-08, eta: 3:56:14, time: 0.352, data_time: 0.015, memory: 23314, loss_cls: 0.3738, loss_bbox: 0.3939, loss_kps: 0.0000, loss: 0.7678, grad_norm: 6.5014
2026-09-30 12:10:39,239 - mmdet - INFO - Epoch [22][4200/4741]	lr: 3.778e-08, eta: 3:55:55, time: 0.348, data_time: 0.015, memory: 23314, loss_cls: 0.3874, loss_bbox: 0.4121, loss_kps: 0.0000, loss: 0.7994, grad_norm: 6.7631
2026-09-30 12:10:57,027 - mmdet - INFO - Epoch [22][4250/4741]	lr: 3.778e-08, eta: 3:55:37, time: 0.356, data_time: 0.015, memory: 23314, loss_cls: 0.3739, loss_bbox: 0.3967, loss_kps: 0.0000, loss: 0.7706, grad_norm: 6.6331
2026-09-30 12:11:14,337 - mmdet - INFO - Epoch [22][4300/4741]	lr: 3.778e-08, eta: 3:55:18, time: 0.346, data_time: 0.016, memory: 23314, loss_cls: 0.3859, loss_bbox: 0.4068, loss_kps: 0.0000, loss: 0.7926, grad_norm: 6.8048
2026-09-30 12:11:32,104 - mmdet - INFO - Epoch [22][4350/4741]	lr: 3.778e-08, eta: 3:54:59, time: 0.356, data_time: 0.017, memory: 23314, loss_cls: 0.3802, loss_bbox: 0.3942, loss_kps: 0.0000, loss: 0.7744, grad_norm: 7.0251
2026-09-30 12:11:50,884 - mmdet - INFO - Epoch [22][4400/4741]	lr: 3.778e-08, eta: 3:54:41, time: 0.375, data_time: 0.017, memory: 23314, loss_cls: 0.3692, loss_bbox: 0.3990, loss_kps: 0.0000, loss: 0.7682, grad_norm: 6.4918
2026-09-30 12:12:10,058 - mmdet - INFO - Epoch [22][4450/4741]	lr: 3.778e-08, eta: 3:54:23, time: 0.383, data_time: 0.018, memory: 23314, loss_cls: 0.3765, loss_bbox: 0.4001, loss_kps: 0.0000, loss: 0.7766, grad_norm: 6.4739
2026-09-30 12:12:29,422 - mmdet - INFO - Epoch [22][4500/4741]	lr: 3.778e-08, eta: 3:54:05, time: 0.387, data_time: 0.019, memory: 23314, loss_cls: 0.3811, loss_bbox: 0.4014, loss_kps: 0.0000, loss: 0.7825, grad_norm: 6.8738
2026-09-30 12:12:48,471 - mmdet - INFO - Epoch [22][4550/4741]	lr: 3.778e-08, eta: 3:53:47, time: 0.382, data_time: 0.019, memory: 23314, loss_cls: 0.3798, loss_bbox: 0.3973, loss_kps: 0.0000, loss: 0.7770, grad_norm: 7.1273
2026-09-30 12:13:07,682 - mmdet - INFO - Epoch [22][4600/4741]	lr: 3.778e-08, eta: 3:53:29, time: 0.384, data_time: 0.018, memory: 23314, loss_cls: 0.3683, loss_bbox: 0.3862, loss_kps: 0.0000, loss: 0.7545, grad_norm: 6.8130
2026-09-30 12:13:26,767 - mmdet - INFO - Epoch [22][4650/4741]	lr: 3.778e-08, eta: 3:53:11, time: 0.381, data_time: 0.018, memory: 23314, loss_cls: 0.3839, loss_bbox: 0.4058, loss_kps: 0.0000, loss: 0.7897, grad_norm: 6.9352
2026-09-30 12:13:46,143 - mmdet - INFO - Epoch [22][4700/4741]	lr: 3.778e-08, eta: 3:52:53, time: 0.388, data_time: 0.018, memory: 23314, loss_cls: 0.3651, loss_bbox: 0.3865, loss_kps: 0.0000, loss: 0.7516, grad_norm: 6.2512
2026-09-30 12:13:58,143 - mmdet - INFO - Saving checkpoint at 22 epochs
2026-09-30 12:14:37,234 - mmdet - INFO - Epoch [23][50/4741]	lr: 3.778e-08, eta: 3:52:15, time: 0.461, data_time: 0.094, memory: 23314, loss_cls: 0.3669, loss_bbox: 0.3940, loss_kps: 0.0000, loss: 0.7609, grad_norm: 6.5080
2026-09-30 12:14:56,487 - mmdet - INFO - Epoch [23][100/4741]	lr: 3.778e-08, eta: 3:51:57, time: 0.385, data_time: 0.017, memory: 23314, loss_cls: 0.3743, loss_bbox: 0.4041, loss_kps: 0.0000, loss: 0.7785, grad_norm: 6.5425
2026-09-30 12:15:15,127 - mmdet - INFO - Epoch [23][150/4741]	lr: 3.778e-08, eta: 3:51:39, time: 0.373, data_time: 0.016, memory: 23314, loss_cls: 0.3694, loss_bbox: 0.3931, loss_kps: 0.0000, loss: 0.7625, grad_norm: 6.7507
2026-09-30 12:15:33,558 - mmdet - INFO - Epoch [23][200/4741]	lr: 3.778e-08, eta: 3:51:20, time: 0.369, data_time: 0.016, memory: 23314, loss_cls: 0.3882, loss_bbox: 0.3996, loss_kps: 0.0000, loss: 0.7878, grad_norm: 6.8883
2026-09-30 12:15:52,017 - mmdet - INFO - Epoch [23][250/4741]	lr: 3.778e-08, eta: 3:51:02, time: 0.370, data_time: 0.016, memory: 23314, loss_cls: 0.3867, loss_bbox: 0.4061, loss_kps: 0.0000, loss: 0.7929, grad_norm: 6.6204
2026-09-30 12:16:09,946 - mmdet - INFO - Epoch [23][300/4741]	lr: 3.778e-08, eta: 3:50:44, time: 0.359, data_time: 0.015, memory: 23314, loss_cls: 0.3698, loss_bbox: 0.3959, loss_kps: 0.0000, loss: 0.7657, grad_norm: 6.7960
2026-09-30 12:16:28,615 - mmdet - INFO - Epoch [23][350/4741]	lr: 3.778e-08, eta: 3:50:25, time: 0.373, data_time: 0.013, memory: 23314, loss_cls: 0.3872, loss_bbox: 0.4101, loss_kps: 0.0000, loss: 0.7973, grad_norm: 6.7629
2026-09-30 12:16:46,311 - mmdet - INFO - Epoch [23][400/4741]	lr: 3.778e-08, eta: 3:50:07, time: 0.353, data_time: 0.016, memory: 23314, loss_cls: 0.3774, loss_bbox: 0.3959, loss_kps: 0.0000, loss: 0.7733, grad_norm: 7.0328
2026-09-30 12:17:03,591 - mmdet - INFO - Epoch [23][450/4741]	lr: 3.778e-08, eta: 3:49:48, time: 0.346, data_time: 0.014, memory: 23314, loss_cls: 0.3787, loss_bbox: 0.3962, loss_kps: 0.0000, loss: 0.7749, grad_norm: 6.6080
2026-09-30 12:17:21,067 - mmdet - INFO - Epoch [23][500/4741]	lr: 3.778e-08, eta: 3:49:29, time: 0.349, data_time: 0.016, memory: 23314, loss_cls: 0.3656, loss_bbox: 0.3911, loss_kps: 0.0000, loss: 0.7567, grad_norm: 6.6018
2026-09-30 12:17:38,952 - mmdet - INFO - Epoch [23][550/4741]	lr: 3.778e-08, eta: 3:49:10, time: 0.357, data_time: 0.015, memory: 23314, loss_cls: 0.3837, loss_bbox: 0.4091, loss_kps: 0.0000, loss: 0.7927, grad_norm: 6.2912
2026-09-30 12:17:57,437 - mmdet - INFO - Epoch [23][600/4741]	lr: 3.778e-08, eta: 3:48:52, time: 0.370, data_time: 0.017, memory: 23314, loss_cls: 0.3808, loss_bbox: 0.3989, loss_kps: 0.0000, loss: 0.7797, grad_norm: 6.2550
2026-09-30 12:18:16,821 - mmdet - INFO - Epoch [23][650/4741]	lr: 3.778e-08, eta: 3:48:34, time: 0.388, data_time: 0.018, memory: 23314, loss_cls: 0.3890, loss_bbox: 0.4042, loss_kps: 0.0000, loss: 0.7932, grad_norm: 7.0513
2026-09-30 12:18:36,451 - mmdet - INFO - Epoch [23][700/4741]	lr: 3.778e-08, eta: 3:48:16, time: 0.392, data_time: 0.017, memory: 23314, loss_cls: 0.3577, loss_bbox: 0.3936, loss_kps: 0.0000, loss: 0.7513, grad_norm: 6.3542
2026-09-30 12:18:56,226 - mmdet - INFO - Epoch [23][750/4741]	lr: 3.778e-08, eta: 3:47:58, time: 0.395, data_time: 0.019, memory: 23314, loss_cls: 0.3695, loss_bbox: 0.3929, loss_kps: 0.0000, loss: 0.7624, grad_norm: 6.5609
2026-09-30 12:19:15,349 - mmdet - INFO - Epoch [23][800/4741]	lr: 3.778e-08, eta: 3:47:40, time: 0.383, data_time: 0.019, memory: 23314, loss_cls: 0.3657, loss_bbox: 0.4027, loss_kps: 0.0000, loss: 0.7683, grad_norm: 6.6279
2026-09-30 12:19:34,385 - mmdet - INFO - Epoch [23][850/4741]	lr: 3.778e-08, eta: 3:47:22, time: 0.380, data_time: 0.018, memory: 23314, loss_cls: 0.3762, loss_bbox: 0.3998, loss_kps: 0.0000, loss: 0.7760, grad_norm: 6.5377
2026-09-30 12:19:53,211 - mmdet - INFO - Epoch [23][900/4741]	lr: 3.778e-08, eta: 3:47:04, time: 0.377, data_time: 0.018, memory: 23314, loss_cls: 0.3904, loss_bbox: 0.4028, loss_kps: 0.0000, loss: 0.7932, grad_norm: 7.4127
2026-09-30 12:20:12,351 - mmdet - INFO - Epoch [23][950/4741]	lr: 3.778e-08, eta: 3:46:46, time: 0.383, data_time: 0.017, memory: 23314, loss_cls: 0.3743, loss_bbox: 0.3966, loss_kps: 0.0000, loss: 0.7709, grad_norm: 6.6455
2026-09-30 12:20:31,358 - mmdet - INFO - Epoch [23][1000/4741]	lr: 3.778e-08, eta: 3:46:27, time: 0.381, data_time: 0.017, memory: 23314, loss_cls: 0.3767, loss_bbox: 0.3970, loss_kps: 0.0000, loss: 0.7737, grad_norm: 6.4340
2026-09-30 12:20:50,634 - mmdet - INFO - Epoch [23][1050/4741]	lr: 3.778e-08, eta: 3:46:09, time: 0.385, data_time: 0.016, memory: 23314, loss_cls: 0.3872, loss_bbox: 0.4008, loss_kps: 0.0000, loss: 0.7880, grad_norm: 6.6762
2026-09-30 12:21:09,610 - mmdet - INFO - Epoch [23][1100/4741]	lr: 3.778e-08, eta: 3:45:51, time: 0.379, data_time: 0.018, memory: 23314, loss_cls: 0.3846, loss_bbox: 0.4075, loss_kps: 0.0000, loss: 0.7921, grad_norm: 6.5941
2026-09-30 12:21:28,249 - mmdet - INFO - Epoch [23][1150/4741]	lr: 3.778e-08, eta: 3:45:33, time: 0.373, data_time: 0.018, memory: 23314, loss_cls: 0.3952, loss_bbox: 0.4019, loss_kps: 0.0000, loss: 0.7971, grad_norm: 6.9221
2026-09-30 12:21:47,066 - mmdet - INFO - Epoch [23][1200/4741]	lr: 3.778e-08, eta: 3:45:14, time: 0.376, data_time: 0.017, memory: 23314, loss_cls: 0.3684, loss_bbox: 0.4029, loss_kps: 0.0000, loss: 0.7713, grad_norm: 6.5581
2026-09-30 12:22:05,474 - mmdet - INFO - Epoch [23][1250/4741]	lr: 3.778e-08, eta: 3:44:56, time: 0.368, data_time: 0.017, memory: 23314, loss_cls: 0.3568, loss_bbox: 0.3927, loss_kps: 0.0000, loss: 0.7495, grad_norm: 6.4056
2026-09-30 12:22:23,458 - mmdet - INFO - Epoch [23][1300/4741]	lr: 3.778e-08, eta: 3:44:38, time: 0.360, data_time: 0.017, memory: 23314, loss_cls: 0.3825, loss_bbox: 0.3935, loss_kps: 0.0000, loss: 0.7761, grad_norm: 6.6859
2026-09-30 12:22:41,027 - mmdet - INFO - Epoch [23][1350/4741]	lr: 3.778e-08, eta: 3:44:19, time: 0.352, data_time: 0.016, memory: 23314, loss_cls: 0.3769, loss_bbox: 0.3998, loss_kps: 0.0000, loss: 0.7767, grad_norm: 6.9022
2026-09-30 12:22:58,753 - mmdet - INFO - Epoch [23][1400/4741]	lr: 3.778e-08, eta: 3:44:00, time: 0.354, data_time: 0.017, memory: 23314, loss_cls: 0.3716, loss_bbox: 0.4050, loss_kps: 0.0000, loss: 0.7766, grad_norm: 6.6979
2026-09-30 12:23:16,218 - mmdet - INFO - Epoch [23][1450/4741]	lr: 3.778e-08, eta: 3:43:41, time: 0.349, data_time: 0.015, memory: 23314, loss_cls: 0.3621, loss_bbox: 0.3876, loss_kps: 0.0000, loss: 0.7496, grad_norm: 6.7161
2026-09-30 12:23:33,480 - mmdet - INFO - Epoch [23][1500/4741]	lr: 3.778e-08, eta: 3:43:23, time: 0.346, data_time: 0.016, memory: 23314, loss_cls: 0.3763, loss_bbox: 0.3903, loss_kps: 0.0000, loss: 0.7666, grad_norm: 7.2439
2026-09-30 12:23:51,112 - mmdet - INFO - Epoch [23][1550/4741]	lr: 3.778e-08, eta: 3:43:04, time: 0.352, data_time: 0.016, memory: 23314, loss_cls: 0.3725, loss_bbox: 0.3923, loss_kps: 0.0000, loss: 0.7648, grad_norm: 6.7161
2026-09-30 12:24:08,935 - mmdet - INFO - Epoch [23][1600/4741]	lr: 3.778e-08, eta: 3:42:45, time: 0.357, data_time: 0.015, memory: 23314, loss_cls: 0.3770, loss_bbox: 0.3995, loss_kps: 0.0000, loss: 0.7764, grad_norm: 6.5668
2026-09-30 12:24:26,443 - mmdet - INFO - Epoch [23][1650/4741]	lr: 3.778e-08, eta: 3:42:27, time: 0.350, data_time: 0.016, memory: 23314, loss_cls: 0.3743, loss_bbox: 0.4012, loss_kps: 0.0000, loss: 0.7755, grad_norm: 6.8216
2026-09-30 12:24:44,149 - mmdet - INFO - Epoch [23][1700/4741]	lr: 3.778e-08, eta: 3:42:08, time: 0.354, data_time: 0.015, memory: 23314, loss_cls: 0.3676, loss_bbox: 0.3960, loss_kps: 0.0000, loss: 0.7636, grad_norm: 6.6600
2026-09-30 12:25:01,758 - mmdet - INFO - Epoch [23][1750/4741]	lr: 3.778e-08, eta: 3:41:49, time: 0.353, data_time: 0.015, memory: 23314, loss_cls: 0.3759, loss_bbox: 0.4034, loss_kps: 0.0000, loss: 0.7794, grad_norm: 7.0015
2026-09-30 12:25:19,319 - mmdet - INFO - Epoch [23][1800/4741]	lr: 3.778e-08, eta: 3:41:31, time: 0.350, data_time: 0.014, memory: 23314, loss_cls: 0.3841, loss_bbox: 0.3951, loss_kps: 0.0000, loss: 0.7792, grad_norm: 6.8947
2026-09-30 12:25:36,746 - mmdet - INFO - Epoch [23][1850/4741]	lr: 3.778e-08, eta: 3:41:12, time: 0.349, data_time: 0.016, memory: 23314, loss_cls: 0.3842, loss_bbox: 0.3898, loss_kps: 0.0000, loss: 0.7739, grad_norm: 6.5988
2026-09-30 12:25:54,390 - mmdet - INFO - Epoch [23][1900/4741]	lr: 3.778e-08, eta: 3:40:53, time: 0.352, data_time: 0.014, memory: 23314, loss_cls: 0.3595, loss_bbox: 0.3816, loss_kps: 0.0000, loss: 0.7411, grad_norm: 6.2784
2026-09-30 12:26:12,552 - mmdet - INFO - Epoch [23][1950/4741]	lr: 3.778e-08, eta: 3:40:35, time: 0.363, data_time: 0.015, memory: 23314, loss_cls: 0.3813, loss_bbox: 0.3973, loss_kps: 0.0000, loss: 0.7786, grad_norm: 6.8876
2026-09-30 12:26:29,928 - mmdet - INFO - Epoch [23][2000/4741]	lr: 3.778e-08, eta: 3:40:16, time: 0.348, data_time: 0.016, memory: 23314, loss_cls: 0.3665, loss_bbox: 0.3944, loss_kps: 0.0000, loss: 0.7610, grad_norm: 6.6050
2026-09-30 12:26:47,286 - mmdet - INFO - Epoch [23][2050/4741]	lr: 3.778e-08, eta: 3:39:57, time: 0.347, data_time: 0.015, memory: 23314, loss_cls: 0.3735, loss_bbox: 0.3950, loss_kps: 0.0000, loss: 0.7685, grad_norm: 6.8785
2026-09-30 12:27:04,822 - mmdet - INFO - Epoch [23][2100/4741]	lr: 3.778e-08, eta: 3:39:39, time: 0.351, data_time: 0.015, memory: 23314, loss_cls: 0.3828, loss_bbox: 0.4002, loss_kps: 0.0000, loss: 0.7830, grad_norm: 6.9212
2026-09-30 12:27:22,684 - mmdet - INFO - Epoch [23][2150/4741]	lr: 3.778e-08, eta: 3:39:20, time: 0.358, data_time: 0.016, memory: 23314, loss_cls: 0.3787, loss_bbox: 0.3940, loss_kps: 0.0000, loss: 0.7727, grad_norm: 6.8385
2026-09-30 12:27:40,138 - mmdet - INFO - Epoch [23][2200/4741]	lr: 3.778e-08, eta: 3:39:01, time: 0.348, data_time: 0.016, memory: 23314, loss_cls: 0.3928, loss_bbox: 0.4077, loss_kps: 0.0000, loss: 0.8006, grad_norm: 6.9980
2026-09-30 12:27:57,587 - mmdet - INFO - Epoch [23][2250/4741]	lr: 3.778e-08, eta: 3:38:43, time: 0.349, data_time: 0.016, memory: 23314, loss_cls: 0.3767, loss_bbox: 0.4068, loss_kps: 0.0000, loss: 0.7835, grad_norm: 6.4638
2026-09-30 12:28:15,081 - mmdet - INFO - Epoch [23][2300/4741]	lr: 3.778e-08, eta: 3:38:24, time: 0.350, data_time: 0.016, memory: 23314, loss_cls: 0.3794, loss_bbox: 0.3964, loss_kps: 0.0000, loss: 0.7758, grad_norm: 6.3379
2026-09-30 12:28:32,514 - mmdet - INFO - Epoch [23][2350/4741]	lr: 3.778e-08, eta: 3:38:05, time: 0.349, data_time: 0.016, memory: 23314, loss_cls: 0.3637, loss_bbox: 0.3950, loss_kps: 0.0000, loss: 0.7587, grad_norm: 6.6859
2026-09-30 12:28:50,087 - mmdet - INFO - Epoch [23][2400/4741]	lr: 3.778e-08, eta: 3:37:47, time: 0.352, data_time: 0.016, memory: 23314, loss_cls: 0.3940, loss_bbox: 0.4094, loss_kps: 0.0000, loss: 0.8034, grad_norm: 7.1723
2026-09-30 12:29:07,570 - mmdet - INFO - Epoch [23][2450/4741]	lr: 3.778e-08, eta: 3:37:28, time: 0.349, data_time: 0.017, memory: 23314, loss_cls: 0.3699, loss_bbox: 0.3946, loss_kps: 0.0000, loss: 0.7645, grad_norm: 6.2038
2026-09-30 12:29:24,991 - mmdet - INFO - Epoch [23][2500/4741]	lr: 3.778e-08, eta: 3:37:09, time: 0.349, data_time: 0.017, memory: 23314, loss_cls: 0.3807, loss_bbox: 0.4123, loss_kps: 0.0000, loss: 0.7930, grad_norm: 6.9136
2026-09-30 12:29:42,574 - mmdet - INFO - Epoch [23][2550/4741]	lr: 3.778e-08, eta: 3:36:51, time: 0.352, data_time: 0.015, memory: 23314, loss_cls: 0.3557, loss_bbox: 0.3850, loss_kps: 0.0000, loss: 0.7407, grad_norm: 6.5666
2026-09-30 12:30:00,092 - mmdet - INFO - Epoch [23][2600/4741]	lr: 3.778e-08, eta: 3:36:32, time: 0.350, data_time: 0.014, memory: 23314, loss_cls: 0.3806, loss_bbox: 0.4057, loss_kps: 0.0000, loss: 0.7863, grad_norm: 6.7086
2026-09-30 12:30:17,530 - mmdet - INFO - Epoch [23][2650/4741]	lr: 3.778e-08, eta: 3:36:13, time: 0.349, data_time: 0.016, memory: 23314, loss_cls: 0.3778, loss_bbox: 0.4014, loss_kps: 0.0000, loss: 0.7791, grad_norm: 6.6937
2026-09-30 12:30:35,130 - mmdet - INFO - Epoch [23][2700/4741]	lr: 3.778e-08, eta: 3:35:55, time: 0.352, data_time: 0.015, memory: 23314, loss_cls: 0.3682, loss_bbox: 0.3971, loss_kps: 0.0000, loss: 0.7653, grad_norm: 6.8700
2026-09-30 12:30:52,792 - mmdet - INFO - Epoch [23][2750/4741]	lr: 3.778e-08, eta: 3:35:36, time: 0.352, data_time: 0.015, memory: 23314, loss_cls: 0.3740, loss_bbox: 0.4036, loss_kps: 0.0000, loss: 0.7776, grad_norm: 6.9911
2026-09-30 12:31:10,800 - mmdet - INFO - Epoch [23][2800/4741]	lr: 3.778e-08, eta: 3:35:18, time: 0.361, data_time: 0.015, memory: 23314, loss_cls: 0.3780, loss_bbox: 0.3941, loss_kps: 0.0000, loss: 0.7720, grad_norm: 6.8793
2026-09-30 12:31:28,447 - mmdet - INFO - Epoch [23][2850/4741]	lr: 3.778e-08, eta: 3:34:59, time: 0.353, data_time: 0.015, memory: 23314, loss_cls: 0.3740, loss_bbox: 0.3964, loss_kps: 0.0000, loss: 0.7704, grad_norm: 6.9088
2026-09-30 12:31:45,880 - mmdet - INFO - Epoch [23][2900/4741]	lr: 3.778e-08, eta: 3:34:40, time: 0.349, data_time: 0.015, memory: 23314, loss_cls: 0.3775, loss_bbox: 0.3977, loss_kps: 0.0000, loss: 0.7752, grad_norm: 6.6325
2026-09-30 12:32:03,453 - mmdet - INFO - Epoch [23][2950/4741]	lr: 3.778e-08, eta: 3:34:22, time: 0.350, data_time: 0.015, memory: 23314, loss_cls: 0.3872, loss_bbox: 0.4114, loss_kps: 0.0000, loss: 0.7986, grad_norm: 6.4035
2026-09-30 12:32:21,463 - mmdet - INFO - Epoch [23][3000/4741]	lr: 3.778e-08, eta: 3:34:03, time: 0.360, data_time: 0.016, memory: 23314, loss_cls: 0.3707, loss_bbox: 0.4049, loss_kps: 0.0000, loss: 0.7756, grad_norm: 5.9036
2026-09-30 12:32:39,363 - mmdet - INFO - Epoch [23][3050/4741]	lr: 3.778e-08, eta: 3:33:44, time: 0.359, data_time: 0.016, memory: 23314, loss_cls: 0.3859, loss_bbox: 0.3987, loss_kps: 0.0000, loss: 0.7845, grad_norm: 6.5383
2026-09-30 12:32:57,363 - mmdet - INFO - Epoch [23][3100/4741]	lr: 3.778e-08, eta: 3:33:26, time: 0.360, data_time: 0.014, memory: 23314, loss_cls: 0.3590, loss_bbox: 0.3899, loss_kps: 0.0000, loss: 0.7489, grad_norm: 6.2972
2026-09-30 12:33:14,783 - mmdet - INFO - Epoch [23][3150/4741]	lr: 3.778e-08, eta: 3:33:07, time: 0.349, data_time: 0.014, memory: 23314, loss_cls: 0.3636, loss_bbox: 0.3864, loss_kps: 0.0000, loss: 0.7500, grad_norm: 6.8613
2026-09-30 12:33:32,682 - mmdet - INFO - Epoch [23][3200/4741]	lr: 3.778e-08, eta: 3:32:49, time: 0.357, data_time: 0.015, memory: 23314, loss_cls: 0.3698, loss_bbox: 0.3993, loss_kps: 0.0000, loss: 0.7691, grad_norm: 6.5554
2026-09-30 12:33:50,315 - mmdet - INFO - Epoch [23][3250/4741]	lr: 3.778e-08, eta: 3:32:30, time: 0.353, data_time: 0.016, memory: 23314, loss_cls: 0.3889, loss_bbox: 0.3982, loss_kps: 0.0000, loss: 0.7871, grad_norm: 6.3910
2026-09-30 12:34:08,189 - mmdet - INFO - Epoch [23][3300/4741]	lr: 3.778e-08, eta: 3:32:12, time: 0.357, data_time: 0.015, memory: 23314, loss_cls: 0.3702, loss_bbox: 0.3879, loss_kps: 0.0000, loss: 0.7581, grad_norm: 6.5345
2026-09-30 12:34:25,918 - mmdet - INFO - Epoch [23][3350/4741]	lr: 3.778e-08, eta: 3:31:53, time: 0.356, data_time: 0.014, memory: 23314, loss_cls: 0.3927, loss_bbox: 0.4017, loss_kps: 0.0000, loss: 0.7944, grad_norm: 6.9937
2026-09-30 12:34:43,387 - mmdet - INFO - Epoch [23][3400/4741]	lr: 3.778e-08, eta: 3:31:34, time: 0.349, data_time: 0.013, memory: 23314, loss_cls: 0.3946, loss_bbox: 0.4065, loss_kps: 0.0000, loss: 0.8011, grad_norm: 7.1369
2026-09-30 12:35:00,726 - mmdet - INFO - Epoch [23][3450/4741]	lr: 3.778e-08, eta: 3:31:16, time: 0.346, data_time: 0.016, memory: 23314, loss_cls: 0.3848, loss_bbox: 0.4116, loss_kps: 0.0000, loss: 0.7964, grad_norm: 6.7865
2026-09-30 12:35:18,066 - mmdet - INFO - Epoch [23][3500/4741]	lr: 3.778e-08, eta: 3:30:57, time: 0.348, data_time: 0.016, memory: 23314, loss_cls: 0.3817, loss_bbox: 0.3904, loss_kps: 0.0000, loss: 0.7721, grad_norm: 6.6798
2026-09-30 12:35:36,044 - mmdet - INFO - Epoch [23][3550/4741]	lr: 3.778e-08, eta: 3:30:38, time: 0.359, data_time: 0.015, memory: 23314, loss_cls: 0.3873, loss_bbox: 0.4054, loss_kps: 0.0000, loss: 0.7928, grad_norm: 6.6280
2026-09-30 12:35:53,300 - mmdet - INFO - Epoch [23][3600/4741]	lr: 3.778e-08, eta: 3:30:20, time: 0.345, data_time: 0.015, memory: 23314, loss_cls: 0.3591, loss_bbox: 0.3937, loss_kps: 0.0000, loss: 0.7528, grad_norm: 6.5416
2026-09-30 12:36:10,767 - mmdet - INFO - Epoch [23][3650/4741]	lr: 3.778e-08, eta: 3:30:01, time: 0.348, data_time: 0.015, memory: 23314, loss_cls: 0.3885, loss_bbox: 0.3972, loss_kps: 0.0000, loss: 0.7857, grad_norm: 6.8953
2026-09-30 12:36:28,153 - mmdet - INFO - Epoch [23][3700/4741]	lr: 3.778e-08, eta: 3:29:42, time: 0.348, data_time: 0.014, memory: 23314, loss_cls: 0.3836, loss_bbox: 0.4112, loss_kps: 0.0000, loss: 0.7948, grad_norm: 6.7770
2026-09-30 12:36:45,581 - mmdet - INFO - Epoch [23][3750/4741]	lr: 3.778e-08, eta: 3:29:24, time: 0.349, data_time: 0.015, memory: 23314, loss_cls: 0.3814, loss_bbox: 0.3978, loss_kps: 0.0000, loss: 0.7792, grad_norm: 6.8109
2026-09-30 12:37:03,155 - mmdet - INFO - Epoch [23][3800/4741]	lr: 3.778e-08, eta: 3:29:05, time: 0.351, data_time: 0.015, memory: 23314, loss_cls: 0.3696, loss_bbox: 0.3982, loss_kps: 0.0000, loss: 0.7678, grad_norm: 6.2112
2026-09-30 12:37:20,647 - mmdet - INFO - Epoch [23][3850/4741]	lr: 3.778e-08, eta: 3:28:46, time: 0.350, data_time: 0.017, memory: 23314, loss_cls: 0.3685, loss_bbox: 0.3920, loss_kps: 0.0000, loss: 0.7605, grad_norm: 7.1874
2026-09-30 12:37:38,008 - mmdet - INFO - Epoch [23][3900/4741]	lr: 3.778e-08, eta: 3:28:28, time: 0.347, data_time: 0.015, memory: 23314, loss_cls: 0.3801, loss_bbox: 0.4058, loss_kps: 0.0000, loss: 0.7859, grad_norm: 6.6073
2026-09-30 12:37:55,392 - mmdet - INFO - Epoch [23][3950/4741]	lr: 3.778e-08, eta: 3:28:09, time: 0.348, data_time: 0.017, memory: 23314, loss_cls: 0.3694, loss_bbox: 0.3966, loss_kps: 0.0000, loss: 0.7660, grad_norm: 6.5241
2026-09-30 12:38:12,826 - mmdet - INFO - Epoch [23][4000/4741]	lr: 3.778e-08, eta: 3:27:50, time: 0.349, data_time: 0.016, memory: 23314, loss_cls: 0.3697, loss_bbox: 0.3965, loss_kps: 0.0000, loss: 0.7662, grad_norm: 7.0856
2026-09-30 12:38:30,711 - mmdet - INFO - Epoch [23][4050/4741]	lr: 3.778e-08, eta: 3:27:32, time: 0.358, data_time: 0.014, memory: 23314, loss_cls: 0.3714, loss_bbox: 0.4071, loss_kps: 0.0000, loss: 0.7785, grad_norm: 6.5882
2026-09-30 12:38:48,302 - mmdet - INFO - Epoch [23][4100/4741]	lr: 3.778e-08, eta: 3:27:13, time: 0.351, data_time: 0.014, memory: 23314, loss_cls: 0.3741, loss_bbox: 0.4021, loss_kps: 0.0000, loss: 0.7762, grad_norm: 7.0343
2026-09-30 12:39:05,730 - mmdet - INFO - Epoch [23][4150/4741]	lr: 3.778e-08, eta: 3:26:54, time: 0.349, data_time: 0.016, memory: 23314, loss_cls: 0.3679, loss_bbox: 0.3921, loss_kps: 0.0000, loss: 0.7600, grad_norm: 6.5678
2026-09-30 12:39:23,214 - mmdet - INFO - Epoch [23][4200/4741]	lr: 3.778e-08, eta: 3:26:36, time: 0.349, data_time: 0.014, memory: 23314, loss_cls: 0.3808, loss_bbox: 0.3946, loss_kps: 0.0000, loss: 0.7753, grad_norm: 6.3378
2026-09-30 12:39:40,703 - mmdet - INFO - Epoch [23][4250/4741]	lr: 3.778e-08, eta: 3:26:17, time: 0.350, data_time: 0.015, memory: 23314, loss_cls: 0.3875, loss_bbox: 0.4036, loss_kps: 0.0000, loss: 0.7911, grad_norm: 6.6037
2026-09-30 12:39:58,267 - mmdet - INFO - Epoch [23][4300/4741]	lr: 3.778e-08, eta: 3:25:58, time: 0.351, data_time: 0.014, memory: 23314, loss_cls: 0.3843, loss_bbox: 0.3944, loss_kps: 0.0000, loss: 0.7786, grad_norm: 7.3479
2026-09-30 12:40:16,145 - mmdet - INFO - Epoch [23][4350/4741]	lr: 3.778e-08, eta: 3:25:40, time: 0.358, data_time: 0.016, memory: 23314, loss_cls: 0.3897, loss_bbox: 0.4065, loss_kps: 0.0000, loss: 0.7961, grad_norm: 6.8655
2026-09-30 12:40:33,922 - mmdet - INFO - Epoch [23][4400/4741]	lr: 3.778e-08, eta: 3:25:21, time: 0.356, data_time: 0.014, memory: 23314, loss_cls: 0.3774, loss_bbox: 0.3920, loss_kps: 0.0000, loss: 0.7694, grad_norm: 6.5823
2026-09-30 12:40:51,814 - mmdet - INFO - Epoch [23][4450/4741]	lr: 3.778e-08, eta: 3:25:03, time: 0.358, data_time: 0.015, memory: 23314, loss_cls: 0.3631, loss_bbox: 0.3841, loss_kps: 0.0000, loss: 0.7472, grad_norm: 6.8608
2026-09-30 12:41:09,323 - mmdet - INFO - Epoch [23][4500/4741]	lr: 3.778e-08, eta: 3:24:44, time: 0.350, data_time: 0.015, memory: 23314, loss_cls: 0.3688, loss_bbox: 0.4023, loss_kps: 0.0000, loss: 0.7711, grad_norm: 6.3210
2026-09-30 12:41:27,526 - mmdet - INFO - Epoch [23][4550/4741]	lr: 3.778e-08, eta: 3:24:26, time: 0.364, data_time: 0.015, memory: 23314, loss_cls: 0.3941, loss_bbox: 0.4060, loss_kps: 0.0000, loss: 0.8001, grad_norm: 7.0400
2026-09-30 12:41:45,120 - mmdet - INFO - Epoch [23][4600/4741]	lr: 3.778e-08, eta: 3:24:07, time: 0.352, data_time: 0.015, memory: 23314, loss_cls: 0.3633, loss_bbox: 0.3956, loss_kps: 0.0000, loss: 0.7589, grad_norm: 6.5846
2026-09-30 12:42:02,935 - mmdet - INFO - Epoch [23][4650/4741]	lr: 3.778e-08, eta: 3:23:49, time: 0.356, data_time: 0.016, memory: 23314, loss_cls: 0.3752, loss_bbox: 0.3843, loss_kps: 0.0000, loss: 0.7595, grad_norm: 6.8371
2026-09-30 12:42:20,507 - mmdet - INFO - Epoch [23][4700/4741]	lr: 3.778e-08, eta: 3:23:30, time: 0.352, data_time: 0.016, memory: 23314, loss_cls: 0.3696, loss_bbox: 0.3973, loss_kps: 0.0000, loss: 0.7669, grad_norm: 6.1487
2026-09-30 12:42:32,074 - mmdet - INFO - Saving checkpoint at 23 epochs
2026-09-30 12:43:08,232 - mmdet - INFO - Epoch [24][50/4741]	lr: 3.778e-08, eta: 3:22:53, time: 0.418, data_time: 0.082, memory: 23314, loss_cls: 0.3787, loss_bbox: 0.3954, loss_kps: 0.0000, loss: 0.7740, grad_norm: 6.7033
2026-09-30 12:43:25,718 - mmdet - INFO - Epoch [24][100/4741]	lr: 3.778e-08, eta: 3:22:34, time: 0.351, data_time: 0.015, memory: 23314, loss_cls: 0.3871, loss_bbox: 0.4075, loss_kps: 0.0000, loss: 0.7945, grad_norm: 6.5936
2026-09-30 12:43:43,250 - mmdet - INFO - Epoch [24][150/4741]	lr: 3.778e-08, eta: 3:22:15, time: 0.350, data_time: 0.014, memory: 23314, loss_cls: 0.3674, loss_bbox: 0.4042, loss_kps: 0.0000, loss: 0.7716, grad_norm: 6.4537
2026-09-30 12:44:01,040 - mmdet - INFO - Epoch [24][200/4741]	lr: 3.778e-08, eta: 3:21:57, time: 0.355, data_time: 0.014, memory: 23314, loss_cls: 0.3716, loss_bbox: 0.3883, loss_kps: 0.0000, loss: 0.7599, grad_norm: 6.8251
2026-09-30 12:44:18,569 - mmdet - INFO - Epoch [24][250/4741]	lr: 3.778e-08, eta: 3:21:38, time: 0.351, data_time: 0.015, memory: 23314, loss_cls: 0.3681, loss_bbox: 0.4017, loss_kps: 0.0000, loss: 0.7698, grad_norm: 6.6652
2026-09-30 12:44:36,147 - mmdet - INFO - Epoch [24][300/4741]	lr: 3.778e-08, eta: 3:21:20, time: 0.351, data_time: 0.015, memory: 23314, loss_cls: 0.3720, loss_bbox: 0.3974, loss_kps: 0.0000, loss: 0.7694, grad_norm: 6.2298
2026-09-30 12:44:53,434 - mmdet - INFO - Epoch [24][350/4741]	lr: 3.778e-08, eta: 3:21:01, time: 0.346, data_time: 0.016, memory: 23314, loss_cls: 0.3721, loss_bbox: 0.3875, loss_kps: 0.0000, loss: 0.7596, grad_norm: 6.9473
2026-09-30 12:45:10,811 - mmdet - INFO - Epoch [24][400/4741]	lr: 3.778e-08, eta: 3:20:42, time: 0.347, data_time: 0.015, memory: 23314, loss_cls: 0.3610, loss_bbox: 0.3937, loss_kps: 0.0000, loss: 0.7547, grad_norm: 6.7864
2026-09-30 12:45:28,207 - mmdet - INFO - Epoch [24][450/4741]	lr: 3.778e-08, eta: 3:20:24, time: 0.349, data_time: 0.016, memory: 23314, loss_cls: 0.3681, loss_bbox: 0.3969, loss_kps: 0.0000, loss: 0.7650, grad_norm: 6.4891
2026-09-30 12:45:46,100 - mmdet - INFO - Epoch [24][500/4741]	lr: 3.778e-08, eta: 3:20:05, time: 0.357, data_time: 0.013, memory: 23314, loss_cls: 0.3798, loss_bbox: 0.4054, loss_kps: 0.0000, loss: 0.7852, grad_norm: 6.7189
2026-09-30 12:46:03,497 - mmdet - INFO - Epoch [24][550/4741]	lr: 3.778e-08, eta: 3:19:47, time: 0.348, data_time: 0.015, memory: 23314, loss_cls: 0.3670, loss_bbox: 0.3960, loss_kps: 0.0000, loss: 0.7629, grad_norm: 6.3974
2026-09-30 12:46:21,384 - mmdet - INFO - Epoch [24][600/4741]	lr: 3.778e-08, eta: 3:19:28, time: 0.358, data_time: 0.015, memory: 23314, loss_cls: 0.3749, loss_bbox: 0.3929, loss_kps: 0.0000, loss: 0.7678, grad_norm: 6.7918
2026-09-30 12:46:38,664 - mmdet - INFO - Epoch [24][650/4741]	lr: 3.778e-08, eta: 3:19:09, time: 0.345, data_time: 0.015, memory: 23314, loss_cls: 0.3660, loss_bbox: 0.3998, loss_kps: 0.0000, loss: 0.7658, grad_norm: 6.5037
2026-09-30 12:46:56,023 - mmdet - INFO - Epoch [24][700/4741]	lr: 3.778e-08, eta: 3:18:51, time: 0.348, data_time: 0.016, memory: 23314, loss_cls: 0.3763, loss_bbox: 0.4019, loss_kps: 0.0000, loss: 0.7781, grad_norm: 6.6260
2026-09-30 12:47:13,619 - mmdet - INFO - Epoch [24][750/4741]	lr: 3.778e-08, eta: 3:18:32, time: 0.352, data_time: 0.016, memory: 23314, loss_cls: 0.3715, loss_bbox: 0.3995, loss_kps: 0.0000, loss: 0.7710, grad_norm: 6.4670
2026-09-30 12:47:31,092 - mmdet - INFO - Epoch [24][800/4741]	lr: 3.778e-08, eta: 3:18:13, time: 0.349, data_time: 0.015, memory: 23314, loss_cls: 0.3845, loss_bbox: 0.4033, loss_kps: 0.0000, loss: 0.7878, grad_norm: 7.2774
2026-09-30 12:47:48,708 - mmdet - INFO - Epoch [24][850/4741]	lr: 3.778e-08, eta: 3:17:55, time: 0.352, data_time: 0.014, memory: 23314, loss_cls: 0.3736, loss_bbox: 0.3962, loss_kps: 0.0000, loss: 0.7698, grad_norm: 6.5617
2026-09-30 12:48:06,853 - mmdet - INFO - Epoch [24][900/4741]	lr: 3.778e-08, eta: 3:17:36, time: 0.362, data_time: 0.015, memory: 23314, loss_cls: 0.3634, loss_bbox: 0.3940, loss_kps: 0.0000, loss: 0.7574, grad_norm: 6.4395
2026-09-30 12:48:24,308 - mmdet - INFO - Epoch [24][950/4741]	lr: 3.778e-08, eta: 3:17:18, time: 0.350, data_time: 0.016, memory: 23314, loss_cls: 0.3724, loss_bbox: 0.3924, loss_kps: 0.0000, loss: 0.7648, grad_norm: 6.6914
2026-09-30 12:48:42,648 - mmdet - INFO - Epoch [24][1000/4741]	lr: 3.778e-08, eta: 3:16:59, time: 0.367, data_time: 0.014, memory: 23314, loss_cls: 0.3684, loss_bbox: 0.3990, loss_kps: 0.0000, loss: 0.7674, grad_norm: 6.4208
2026-09-30 12:49:00,425 - mmdet - INFO - Epoch [24][1050/4741]	lr: 3.778e-08, eta: 3:16:41, time: 0.356, data_time: 0.014, memory: 23314, loss_cls: 0.3761, loss_bbox: 0.3940, loss_kps: 0.0000, loss: 0.7701, grad_norm: 6.2769
2026-09-30 12:49:17,985 - mmdet - INFO - Epoch [24][1100/4741]	lr: 3.778e-08, eta: 3:16:22, time: 0.351, data_time: 0.016, memory: 23314, loss_cls: 0.3721, loss_bbox: 0.3896, loss_kps: 0.0000, loss: 0.7617, grad_norm: 6.4161
2026-09-30 12:49:35,582 - mmdet - INFO - Epoch [24][1150/4741]	lr: 3.778e-08, eta: 3:16:04, time: 0.351, data_time: 0.015, memory: 23314, loss_cls: 0.3794, loss_bbox: 0.3973, loss_kps: 0.0000, loss: 0.7766, grad_norm: 6.6124
2026-09-30 12:49:53,760 - mmdet - INFO - Epoch [24][1200/4741]	lr: 3.778e-08, eta: 3:15:45, time: 0.364, data_time: 0.015, memory: 23314, loss_cls: 0.3808, loss_bbox: 0.3983, loss_kps: 0.0000, loss: 0.7791, grad_norm: 6.5466
2026-09-30 12:50:11,316 - mmdet - INFO - Epoch [24][1250/4741]	lr: 3.778e-08, eta: 3:15:27, time: 0.352, data_time: 0.015, memory: 23314, loss_cls: 0.3706, loss_bbox: 0.4069, loss_kps: 0.0000, loss: 0.7775, grad_norm: 6.6742
2026-09-30 12:50:29,078 - mmdet - INFO - Epoch [24][1300/4741]	lr: 3.778e-08, eta: 3:15:08, time: 0.347, data_time: 0.014, memory: 23314, loss_cls: 0.3677, loss_bbox: 0.3917, loss_kps: 0.0000, loss: 0.7593, grad_norm: 6.5086
2026-09-30 12:50:46,512 - mmdet - INFO - Epoch [24][1350/4741]	lr: 3.778e-08, eta: 3:14:50, time: 0.356, data_time: 0.022, memory: 23314, loss_cls: 0.3802, loss_bbox: 0.3968, loss_kps: 0.0000, loss: 0.7770, grad_norm: 7.1304
2026-09-30 12:51:04,099 - mmdet - INFO - Epoch [24][1400/4741]	lr: 3.778e-08, eta: 3:14:31, time: 0.352, data_time: 0.015, memory: 23314, loss_cls: 0.3687, loss_bbox: 0.3978, loss_kps: 0.0000, loss: 0.7666, grad_norm: 6.3453
2026-09-30 12:51:21,598 - mmdet - INFO - Epoch [24][1450/4741]	lr: 3.778e-08, eta: 3:14:12, time: 0.350, data_time: 0.015, memory: 23314, loss_cls: 0.3702, loss_bbox: 0.3901, loss_kps: 0.0000, loss: 0.7604, grad_norm: 6.9786
2026-09-30 12:51:39,105 - mmdet - INFO - Epoch [24][1500/4741]	lr: 3.778e-08, eta: 3:13:54, time: 0.350, data_time: 0.016, memory: 23314, loss_cls: 0.3801, loss_bbox: 0.3959, loss_kps: 0.0000, loss: 0.7759, grad_norm: 6.5557
2026-09-30 12:51:56,708 - mmdet - INFO - Epoch [24][1550/4741]	lr: 3.778e-08, eta: 3:13:35, time: 0.352, data_time: 0.015, memory: 23314, loss_cls: 0.3670, loss_bbox: 0.3952, loss_kps: 0.0000, loss: 0.7622, grad_norm: 6.6257
2026-09-30 12:52:14,280 - mmdet - INFO - Epoch [24][1600/4741]	lr: 3.778e-08, eta: 3:13:17, time: 0.351, data_time: 0.016, memory: 23314, loss_cls: 0.3745, loss_bbox: 0.3975, loss_kps: 0.0000, loss: 0.7720, grad_norm: 6.9735
2026-09-30 12:52:32,128 - mmdet - INFO - Epoch [24][1650/4741]	lr: 3.778e-08, eta: 3:12:58, time: 0.357, data_time: 0.014, memory: 23314, loss_cls: 0.3625, loss_bbox: 0.3914, loss_kps: 0.0000, loss: 0.7539, grad_norm: 6.9130
2026-09-30 12:52:49,443 - mmdet - INFO - Epoch [24][1700/4741]	lr: 3.778e-08, eta: 3:12:39, time: 0.346, data_time: 0.016, memory: 23314, loss_cls: 0.3623, loss_bbox: 0.4003, loss_kps: 0.0000, loss: 0.7626, grad_norm: 6.3070
2026-09-30 12:53:06,901 - mmdet - INFO - Epoch [24][1750/4741]	lr: 3.778e-08, eta: 3:12:21, time: 0.349, data_time: 0.015, memory: 23314, loss_cls: 0.3688, loss_bbox: 0.3877, loss_kps: 0.0000, loss: 0.7565, grad_norm: 6.6637
2026-09-30 12:53:24,280 - mmdet - INFO - Epoch [24][1800/4741]	lr: 3.778e-08, eta: 3:12:02, time: 0.348, data_time: 0.016, memory: 23314, loss_cls: 0.3714, loss_bbox: 0.3950, loss_kps: 0.0000, loss: 0.7664, grad_norm: 6.5984
2026-09-30 12:53:41,684 - mmdet - INFO - Epoch [24][1850/4741]	lr: 3.778e-08, eta: 3:11:44, time: 0.348, data_time: 0.017, memory: 23314, loss_cls: 0.3654, loss_bbox: 0.3968, loss_kps: 0.0000, loss: 0.7622, grad_norm: 6.6955
2026-09-30 12:53:59,599 - mmdet - INFO - Epoch [24][1900/4741]	lr: 3.778e-08, eta: 3:11:25, time: 0.359, data_time: 0.016, memory: 23314, loss_cls: 0.3739, loss_bbox: 0.3935, loss_kps: 0.0000, loss: 0.7675, grad_norm: 6.5125
2026-09-30 12:54:17,056 - mmdet - INFO - Epoch [24][1950/4741]	lr: 3.778e-08, eta: 3:11:07, time: 0.348, data_time: 0.014, memory: 23314, loss_cls: 0.3642, loss_bbox: 0.3990, loss_kps: 0.0000, loss: 0.7632, grad_norm: 6.8509
2026-09-30 12:54:34,354 - mmdet - INFO - Epoch [24][2000/4741]	lr: 3.778e-08, eta: 3:10:48, time: 0.347, data_time: 0.017, memory: 23314, loss_cls: 0.3785, loss_bbox: 0.4001, loss_kps: 0.0000, loss: 0.7786, grad_norm: 6.7980
2026-09-30 12:54:51,886 - mmdet - INFO - Epoch [24][2050/4741]	lr: 3.778e-08, eta: 3:10:29, time: 0.351, data_time: 0.016, memory: 23314, loss_cls: 0.3604, loss_bbox: 0.3980, loss_kps: 0.0000, loss: 0.7583, grad_norm: 7.0758
2026-09-30 12:55:09,305 - mmdet - INFO - Epoch [24][2100/4741]	lr: 3.778e-08, eta: 3:10:11, time: 0.348, data_time: 0.015, memory: 23314, loss_cls: 0.3899, loss_bbox: 0.3935, loss_kps: 0.0000, loss: 0.7834, grad_norm: 6.8438
2026-09-30 12:55:26,763 - mmdet - INFO - Epoch [24][2150/4741]	lr: 3.778e-08, eta: 3:09:52, time: 0.349, data_time: 0.016, memory: 23314, loss_cls: 0.3793, loss_bbox: 0.3989, loss_kps: 0.0000, loss: 0.7782, grad_norm: 6.5414
2026-09-30 12:55:44,179 - mmdet - INFO - Epoch [24][2200/4741]	lr: 3.778e-08, eta: 3:09:33, time: 0.348, data_time: 0.015, memory: 23314, loss_cls: 0.3731, loss_bbox: 0.4033, loss_kps: 0.0000, loss: 0.7764, grad_norm: 6.2630
2026-09-30 12:56:01,898 - mmdet - INFO - Epoch [24][2250/4741]	lr: 3.778e-08, eta: 3:09:15, time: 0.355, data_time: 0.016, memory: 23314, loss_cls: 0.3613, loss_bbox: 0.3937, loss_kps: 0.0000, loss: 0.7550, grad_norm: 6.5881
2026-09-30 12:56:19,337 - mmdet - INFO - Epoch [24][2300/4741]	lr: 3.778e-08, eta: 3:08:56, time: 0.349, data_time: 0.016, memory: 23314, loss_cls: 0.3835, loss_bbox: 0.4108, loss_kps: 0.0000, loss: 0.7942, grad_norm: 6.8524
2026-09-30 12:56:36,695 - mmdet - INFO - Epoch [24][2350/4741]	lr: 3.778e-08, eta: 3:08:38, time: 0.347, data_time: 0.017, memory: 23314, loss_cls: 0.3849, loss_bbox: 0.4077, loss_kps: 0.0000, loss: 0.7926, grad_norm: 6.8279
2026-09-30 12:56:54,468 - mmdet - INFO - Epoch [24][2400/4741]	lr: 3.778e-08, eta: 3:08:19, time: 0.355, data_time: 0.016, memory: 23314, loss_cls: 0.3989, loss_bbox: 0.4123, loss_kps: 0.0000, loss: 0.8111, grad_norm: 6.9602
2026-09-30 12:57:12,184 - mmdet - INFO - Epoch [24][2450/4741]	lr: 3.778e-08, eta: 3:08:01, time: 0.354, data_time: 0.016, memory: 23314, loss_cls: 0.3842, loss_bbox: 0.4023, loss_kps: 0.0000, loss: 0.7865, grad_norm: 6.6449
2026-09-30 12:57:29,446 - mmdet - INFO - Epoch [24][2500/4741]	lr: 3.778e-08, eta: 3:07:42, time: 0.345, data_time: 0.016, memory: 23314, loss_cls: 0.3726, loss_bbox: 0.4051, loss_kps: 0.0000, loss: 0.7777, grad_norm: 6.3219
2026-09-30 12:57:47,315 - mmdet - INFO - Epoch [24][2550/4741]	lr: 3.778e-08, eta: 3:07:24, time: 0.357, data_time: 0.016, memory: 23314, loss_cls: 0.3724, loss_bbox: 0.3901, loss_kps: 0.0000, loss: 0.7625, grad_norm: 6.3441
2026-09-30 12:58:05,177 - mmdet - INFO - Epoch [24][2600/4741]	lr: 3.778e-08, eta: 3:07:05, time: 0.358, data_time: 0.015, memory: 23314, loss_cls: 0.3749, loss_bbox: 0.3974, loss_kps: 0.0000, loss: 0.7723, grad_norm: 6.8664
2026-09-30 12:58:22,578 - mmdet - INFO - Epoch [24][2650/4741]	lr: 3.778e-08, eta: 3:06:46, time: 0.348, data_time: 0.015, memory: 23314, loss_cls: 0.3786, loss_bbox: 0.3938, loss_kps: 0.0000, loss: 0.7724, grad_norm: 6.8700
2026-09-30 12:58:40,073 - mmdet - INFO - Epoch [24][2700/4741]	lr: 3.778e-08, eta: 3:06:28, time: 0.349, data_time: 0.015, memory: 23314, loss_cls: 0.3825, loss_bbox: 0.4086, loss_kps: 0.0000, loss: 0.7912, grad_norm: 6.2360
2026-09-30 12:58:57,552 - mmdet - INFO - Epoch [24][2750/4741]	lr: 3.778e-08, eta: 3:06:09, time: 0.349, data_time: 0.014, memory: 23314, loss_cls: 0.3684, loss_bbox: 0.4094, loss_kps: 0.0000, loss: 0.7778, grad_norm: 6.7395
2026-09-30 12:59:14,818 - mmdet - INFO - Epoch [24][2800/4741]	lr: 3.778e-08, eta: 3:05:51, time: 0.346, data_time: 0.016, memory: 23314, loss_cls: 0.3776, loss_bbox: 0.3938, loss_kps: 0.0000, loss: 0.7714, grad_norm: 6.5067
2026-09-30 12:59:32,587 - mmdet - INFO - Epoch [24][2850/4741]	lr: 3.778e-08, eta: 3:05:32, time: 0.355, data_time: 0.014, memory: 23314, loss_cls: 0.3579, loss_bbox: 0.3922, loss_kps: 0.0000, loss: 0.7501, grad_norm: 6.6008
2026-09-30 12:59:50,065 - mmdet - INFO - Epoch [24][2900/4741]	lr: 3.778e-08, eta: 3:05:14, time: 0.350, data_time: 0.014, memory: 23314, loss_cls: 0.3775, loss_bbox: 0.3882, loss_kps: 0.0000, loss: 0.7657, grad_norm: 6.6152
2026-09-30 13:00:07,445 - mmdet - INFO - Epoch [24][2950/4741]	lr: 3.778e-08, eta: 3:04:55, time: 0.348, data_time: 0.015, memory: 23314, loss_cls: 0.3581, loss_bbox: 0.3911, loss_kps: 0.0000, loss: 0.7492, grad_norm: 6.4952
2026-09-30 13:00:24,991 - mmdet - INFO - Epoch [24][3000/4741]	lr: 3.778e-08, eta: 3:04:36, time: 0.351, data_time: 0.015, memory: 23314, loss_cls: 0.3842, loss_bbox: 0.3975, loss_kps: 0.0000, loss: 0.7818, grad_norm: 7.0382
2026-09-30 13:00:42,303 - mmdet - INFO - Epoch [24][3050/4741]	lr: 3.778e-08, eta: 3:04:18, time: 0.346, data_time: 0.016, memory: 23314, loss_cls: 0.3717, loss_bbox: 0.3890, loss_kps: 0.0000, loss: 0.7607, grad_norm: 6.5631
2026-09-30 13:00:59,812 - mmdet - INFO - Epoch [24][3100/4741]	lr: 3.778e-08, eta: 3:03:59, time: 0.350, data_time: 0.015, memory: 23314, loss_cls: 0.3746, loss_bbox: 0.4012, loss_kps: 0.0000, loss: 0.7758, grad_norm: 7.4758
2026-09-30 13:01:17,377 - mmdet - INFO - Epoch [24][3150/4741]	lr: 3.778e-08, eta: 3:03:41, time: 0.351, data_time: 0.015, memory: 23314, loss_cls: 0.3589, loss_bbox: 0.3877, loss_kps: 0.0000, loss: 0.7467, grad_norm: 6.5999
2026-09-30 13:01:34,836 - mmdet - INFO - Epoch [24][3200/4741]	lr: 3.778e-08, eta: 3:03:22, time: 0.349, data_time: 0.015, memory: 23314, loss_cls: 0.3632, loss_bbox: 0.3839, loss_kps: 0.0000, loss: 0.7471, grad_norm: 6.7676
2026-09-30 13:01:52,215 - mmdet - INFO - Epoch [24][3250/4741]	lr: 3.778e-08, eta: 3:03:03, time: 0.348, data_time: 0.016, memory: 23314, loss_cls: 0.3898, loss_bbox: 0.4114, loss_kps: 0.0000, loss: 0.8012, grad_norm: 6.6177
2026-09-30 13:02:09,985 - mmdet - INFO - Epoch [24][3300/4741]	lr: 3.778e-08, eta: 3:02:45, time: 0.355, data_time: 0.015, memory: 23314, loss_cls: 0.3907, loss_bbox: 0.3973, loss_kps: 0.0000, loss: 0.7880, grad_norm: 6.5688
2026-09-30 13:02:27,631 - mmdet - INFO - Epoch [24][3350/4741]	lr: 3.778e-08, eta: 3:02:26, time: 0.353, data_time: 0.016, memory: 23314, loss_cls: 0.3763, loss_bbox: 0.3945, loss_kps: 0.0000, loss: 0.7708, grad_norm: 6.8771
2026-09-30 13:02:45,043 - mmdet - INFO - Epoch [24][3400/4741]	lr: 3.778e-08, eta: 3:02:08, time: 0.348, data_time: 0.016, memory: 23314, loss_cls: 0.3741, loss_bbox: 0.3932, loss_kps: 0.0000, loss: 0.7672, grad_norm: 6.3593
2026-09-30 13:03:02,252 - mmdet - INFO - Epoch [24][3450/4741]	lr: 3.778e-08, eta: 3:01:49, time: 0.344, data_time: 0.016, memory: 23314, loss_cls: 0.3786, loss_bbox: 0.3963, loss_kps: 0.0000, loss: 0.7750, grad_norm: 6.6498
2026-09-30 13:03:19,749 - mmdet - INFO - Epoch [24][3500/4741]	lr: 3.778e-08, eta: 3:01:31, time: 0.351, data_time: 0.017, memory: 23314, loss_cls: 0.3688, loss_bbox: 0.3975, loss_kps: 0.0000, loss: 0.7662, grad_norm: 6.6516
2026-09-30 13:03:37,433 - mmdet - INFO - Epoch [24][3550/4741]	lr: 3.778e-08, eta: 3:01:12, time: 0.353, data_time: 0.015, memory: 23314, loss_cls: 0.3745, loss_bbox: 0.4032, loss_kps: 0.0000, loss: 0.7776, grad_norm: 6.2279
2026-09-30 13:03:54,986 - mmdet - INFO - Epoch [24][3600/4741]	lr: 3.778e-08, eta: 3:00:53, time: 0.351, data_time: 0.016, memory: 23314, loss_cls: 0.3801, loss_bbox: 0.3961, loss_kps: 0.0000, loss: 0.7761, grad_norm: 6.5736
2026-09-30 13:04:12,164 - mmdet - INFO - Epoch [24][3650/4741]	lr: 3.778e-08, eta: 3:00:35, time: 0.345, data_time: 0.017, memory: 23314, loss_cls: 0.3638, loss_bbox: 0.3999, loss_kps: 0.0000, loss: 0.7637, grad_norm: 6.7765
2026-09-30 13:04:30,015 - mmdet - INFO - Epoch [24][3700/4741]	lr: 3.778e-08, eta: 3:00:16, time: 0.356, data_time: 0.015, memory: 23314, loss_cls: 0.3752, loss_bbox: 0.3972, loss_kps: 0.0000, loss: 0.7725, grad_norm: 6.6160
2026-09-30 13:04:47,454 - mmdet - INFO - Epoch [24][3750/4741]	lr: 3.778e-08, eta: 2:59:58, time: 0.350, data_time: 0.016, memory: 23314, loss_cls: 0.3760, loss_bbox: 0.3906, loss_kps: 0.0000, loss: 0.7665, grad_norm: 6.7763
2026-09-30 13:05:05,165 - mmdet - INFO - Epoch [24][3800/4741]	lr: 3.778e-08, eta: 2:59:39, time: 0.354, data_time: 0.015, memory: 23314, loss_cls: 0.3887, loss_bbox: 0.4037, loss_kps: 0.0000, loss: 0.7923, grad_norm: 7.0946
2026-09-30 13:05:22,620 - mmdet - INFO - Epoch [24][3850/4741]	lr: 3.778e-08, eta: 2:59:21, time: 0.348, data_time: 0.016, memory: 23314, loss_cls: 0.3762, loss_bbox: 0.3991, loss_kps: 0.0000, loss: 0.7753, grad_norm: 6.5354
2026-09-30 13:05:39,964 - mmdet - INFO - Epoch [24][3900/4741]	lr: 3.778e-08, eta: 2:59:02, time: 0.347, data_time: 0.016, memory: 23314, loss_cls: 0.3850, loss_bbox: 0.3902, loss_kps: 0.0000, loss: 0.7751, grad_norm: 7.2397
2026-09-30 13:05:57,406 - mmdet - INFO - Epoch [24][3950/4741]	lr: 3.778e-08, eta: 2:58:44, time: 0.350, data_time: 0.017, memory: 23314, loss_cls: 0.3749, loss_bbox: 0.3956, loss_kps: 0.0000, loss: 0.7705, grad_norm: 6.1889
2026-09-30 13:06:14,867 - mmdet - INFO - Epoch [24][4000/4741]	lr: 3.778e-08, eta: 2:58:25, time: 0.349, data_time: 0.015, memory: 23314, loss_cls: 0.3692, loss_bbox: 0.4002, loss_kps: 0.0000, loss: 0.7694, grad_norm: 6.3123
2026-09-30 13:06:32,535 - mmdet - INFO - Epoch [24][4050/4741]	lr: 3.778e-08, eta: 2:58:06, time: 0.354, data_time: 0.016, memory: 23314, loss_cls: 0.3829, loss_bbox: 0.4005, loss_kps: 0.0000, loss: 0.7834, grad_norm: 6.6304
2026-09-30 13:06:50,394 - mmdet - INFO - Epoch [24][4100/4741]	lr: 3.778e-08, eta: 2:57:48, time: 0.357, data_time: 0.015, memory: 23314, loss_cls: 0.3786, loss_bbox: 0.4000, loss_kps: 0.0000, loss: 0.7785, grad_norm: 6.6571
2026-09-30 13:07:07,910 - mmdet - INFO - Epoch [24][4150/4741]	lr: 3.778e-08, eta: 2:57:29, time: 0.350, data_time: 0.016, memory: 23314, loss_cls: 0.3683, loss_bbox: 0.3985, loss_kps: 0.0000, loss: 0.7668, grad_norm: 6.4964
2026-09-30 13:07:25,110 - mmdet - INFO - Epoch [24][4200/4741]	lr: 3.778e-08, eta: 2:57:11, time: 0.344, data_time: 0.016, memory: 23314, loss_cls: 0.3697, loss_bbox: 0.3953, loss_kps: 0.0000, loss: 0.7650, grad_norm: 6.7090
2026-09-30 13:07:42,367 - mmdet - INFO - Epoch [24][4250/4741]	lr: 3.778e-08, eta: 2:56:52, time: 0.346, data_time: 0.016, memory: 23314, loss_cls: 0.3683, loss_bbox: 0.3856, loss_kps: 0.0000, loss: 0.7540, grad_norm: 7.4264
2026-09-30 13:07:59,900 - mmdet - INFO - Epoch [24][4300/4741]	lr: 3.778e-08, eta: 2:56:34, time: 0.350, data_time: 0.016, memory: 23314, loss_cls: 0.3667, loss_bbox: 0.3972, loss_kps: 0.0000, loss: 0.7639, grad_norm: 6.0150
2026-09-30 13:08:17,703 - mmdet - INFO - Epoch [24][4350/4741]	lr: 3.778e-08, eta: 2:56:15, time: 0.357, data_time: 0.016, memory: 23314, loss_cls: 0.3780, loss_bbox: 0.3829, loss_kps: 0.0000, loss: 0.7609, grad_norm: 6.4902
2026-09-30 13:08:35,048 - mmdet - INFO - Epoch [24][4400/4741]	lr: 3.778e-08, eta: 2:55:57, time: 0.346, data_time: 0.015, memory: 23314, loss_cls: 0.3642, loss_bbox: 0.3782, loss_kps: 0.0000, loss: 0.7425, grad_norm: 6.5671
2026-09-30 13:08:52,273 - mmdet - INFO - Epoch [24][4450/4741]	lr: 3.778e-08, eta: 2:55:38, time: 0.345, data_time: 0.016, memory: 23314, loss_cls: 0.3632, loss_bbox: 0.3883, loss_kps: 0.0000, loss: 0.7515, grad_norm: 6.4299
2026-09-30 13:09:09,568 - mmdet - INFO - Epoch [24][4500/4741]	lr: 3.778e-08, eta: 2:55:19, time: 0.345, data_time: 0.015, memory: 23314, loss_cls: 0.3880, loss_bbox: 0.4012, loss_kps: 0.0000, loss: 0.7893, grad_norm: 6.6576
2026-09-30 13:09:27,366 - mmdet - INFO - Epoch [24][4550/4741]	lr: 3.778e-08, eta: 2:55:01, time: 0.356, data_time: 0.015, memory: 23314, loss_cls: 0.3682, loss_bbox: 0.3967, loss_kps: 0.0000, loss: 0.7648, grad_norm: 6.6502
2026-09-30 13:09:44,835 - mmdet - INFO - Epoch [24][4600/4741]	lr: 3.778e-08, eta: 2:54:42, time: 0.350, data_time: 0.015, memory: 23314, loss_cls: 0.3679, loss_bbox: 0.3974, loss_kps: 0.0000, loss: 0.7653, grad_norm: 6.5009
2026-09-30 13:10:02,165 - mmdet - INFO - Epoch [24][4650/4741]	lr: 3.778e-08, eta: 2:54:24, time: 0.347, data_time: 0.015, memory: 23314, loss_cls: 0.3839, loss_bbox: 0.3893, loss_kps: 0.0000, loss: 0.7733, grad_norm: 6.4035
2026-09-30 13:10:19,513 - mmdet - INFO - Epoch [24][4700/4741]	lr: 3.778e-08, eta: 2:54:05, time: 0.346, data_time: 0.015, memory: 23314, loss_cls: 0.3934, loss_bbox: 0.3982, loss_kps: 0.0000, loss: 0.7917, grad_norm: 6.6756
2026-09-30 13:10:30,967 - mmdet - INFO - Saving checkpoint at 24 epochs
2026-09-30 13:11:07,388 - mmdet - INFO - Epoch [25][50/4741]	lr: 3.778e-08, eta: 2:53:29, time: 0.435, data_time: 0.084, memory: 23314, loss_cls: 0.3697, loss_bbox: 0.3907, loss_kps: 0.0000, loss: 0.7604, grad_norm: 6.6398
2026-09-30 13:11:24,773 - mmdet - INFO - Epoch [25][100/4741]	lr: 3.778e-08, eta: 2:53:10, time: 0.347, data_time: 0.015, memory: 23314, loss_cls: 0.3824, loss_bbox: 0.3978, loss_kps: 0.0000, loss: 0.7802, grad_norm: 6.9302
2026-09-30 13:11:42,579 - mmdet - INFO - Epoch [25][150/4741]	lr: 3.778e-08, eta: 2:52:52, time: 0.356, data_time: 0.015, memory: 23314, loss_cls: 0.3700, loss_bbox: 0.3972, loss_kps: 0.0000, loss: 0.7671, grad_norm: 6.5974
2026-09-30 13:11:59,923 - mmdet - INFO - Epoch [25][200/4741]	lr: 3.778e-08, eta: 2:52:33, time: 0.347, data_time: 0.015, memory: 23314, loss_cls: 0.3723, loss_bbox: 0.3840, loss_kps: 0.0000, loss: 0.7563, grad_norm: 6.6863
2026-09-30 13:12:17,877 - mmdet - INFO - Epoch [25][250/4741]	lr: 3.778e-08, eta: 2:52:15, time: 0.360, data_time: 0.016, memory: 23314, loss_cls: 0.3707, loss_bbox: 0.3909, loss_kps: 0.0000, loss: 0.7616, grad_norm: 6.4475
2026-09-30 13:12:35,218 - mmdet - INFO - Epoch [25][300/4741]	lr: 3.778e-08, eta: 2:51:56, time: 0.346, data_time: 0.014, memory: 23314, loss_cls: 0.3757, loss_bbox: 0.4113, loss_kps: 0.0000, loss: 0.7870, grad_norm: 6.5267
2026-09-30 13:12:52,935 - mmdet - INFO - Epoch [25][350/4741]	lr: 3.778e-08, eta: 2:51:38, time: 0.355, data_time: 0.016, memory: 23314, loss_cls: 0.3576, loss_bbox: 0.3862, loss_kps: 0.0000, loss: 0.7437, grad_norm: 6.9043
2026-09-30 13:13:10,751 - mmdet - INFO - Epoch [25][400/4741]	lr: 3.778e-08, eta: 2:51:19, time: 0.357, data_time: 0.016, memory: 23314, loss_cls: 0.3662, loss_bbox: 0.4026, loss_kps: 0.0000, loss: 0.7688, grad_norm: 6.7151
2026-09-30 13:13:28,036 - mmdet - INFO - Epoch [25][450/4741]	lr: 3.778e-08, eta: 2:51:01, time: 0.345, data_time: 0.015, memory: 23314, loss_cls: 0.3623, loss_bbox: 0.3806, loss_kps: 0.0000, loss: 0.7429, grad_norm: 6.3864
2026-09-30 13:13:45,457 - mmdet - INFO - Epoch [25][500/4741]	lr: 3.778e-08, eta: 2:50:42, time: 0.349, data_time: 0.016, memory: 23314, loss_cls: 0.3786, loss_bbox: 0.3943, loss_kps: 0.0000, loss: 0.7729, grad_norm: 6.6203
2026-09-30 13:14:02,793 - mmdet - INFO - Epoch [25][550/4741]	lr: 3.778e-08, eta: 2:50:24, time: 0.346, data_time: 0.013, memory: 23314, loss_cls: 0.3676, loss_bbox: 0.3847, loss_kps: 0.0000, loss: 0.7523, grad_norm: 6.8931
2026-09-30 13:14:20,190 - mmdet - INFO - Epoch [25][600/4741]	lr: 3.778e-08, eta: 2:50:05, time: 0.348, data_time: 0.018, memory: 23314, loss_cls: 0.3715, loss_bbox: 0.3986, loss_kps: 0.0000, loss: 0.7701, grad_norm: 6.5867
2026-09-30 13:14:37,563 - mmdet - INFO - Epoch [25][650/4741]	lr: 3.778e-08, eta: 2:49:47, time: 0.347, data_time: 0.015, memory: 23314, loss_cls: 0.3681, loss_bbox: 0.3873, loss_kps: 0.0000, loss: 0.7554, grad_norm: 6.3140
2026-09-30 13:14:55,623 - mmdet - INFO - Epoch [25][700/4741]	lr: 3.778e-08, eta: 2:49:28, time: 0.362, data_time: 0.015, memory: 23314, loss_cls: 0.3619, loss_bbox: 0.3963, loss_kps: 0.0000, loss: 0.7583, grad_norm: 6.9811
2026-09-30 13:15:12,743 - mmdet - INFO - Epoch [25][750/4741]	lr: 3.778e-08, eta: 2:49:10, time: 0.341, data_time: 0.013, memory: 23314, loss_cls: 0.3589, loss_bbox: 0.3952, loss_kps: 0.0000, loss: 0.7541, grad_norm: 6.9622
2026-09-30 13:15:30,301 - mmdet - INFO - Epoch [25][800/4741]	lr: 3.778e-08, eta: 2:48:51, time: 0.351, data_time: 0.014, memory: 23314, loss_cls: 0.3750, loss_bbox: 0.3978, loss_kps: 0.0000, loss: 0.7727, grad_norm: 6.7486
2026-09-30 13:15:47,923 - mmdet - INFO - Epoch [25][850/4741]	lr: 3.778e-08, eta: 2:48:33, time: 0.352, data_time: 0.015, memory: 23314, loss_cls: 0.3951, loss_bbox: 0.4060, loss_kps: 0.0000, loss: 0.8011, grad_norm: 6.8340
2026-09-30 13:16:05,435 - mmdet - INFO - Epoch [25][900/4741]	lr: 3.778e-08, eta: 2:48:14, time: 0.351, data_time: 0.015, memory: 23314, loss_cls: 0.3790, loss_bbox: 0.3945, loss_kps: 0.0000, loss: 0.7736, grad_norm: 6.9554
2026-09-30 13:16:23,190 - mmdet - INFO - Epoch [25][950/4741]	lr: 3.778e-08, eta: 2:47:56, time: 0.355, data_time: 0.015, memory: 23314, loss_cls: 0.3681, loss_bbox: 0.3809, loss_kps: 0.0000, loss: 0.7489, grad_norm: 6.5637
2026-09-30 13:16:40,749 - mmdet - INFO - Epoch [25][1000/4741]	lr: 3.778e-08, eta: 2:47:37, time: 0.351, data_time: 0.016, memory: 23314, loss_cls: 0.3787, loss_bbox: 0.4003, loss_kps: 0.0000, loss: 0.7790, grad_norm: 6.5821
2026-09-30 13:16:58,033 - mmdet - INFO - Epoch [25][1050/4741]	lr: 3.778e-08, eta: 2:47:19, time: 0.346, data_time: 0.015, memory: 23314, loss_cls: 0.3839, loss_bbox: 0.4016, loss_kps: 0.0000, loss: 0.7855, grad_norm: 6.5771
2026-09-30 13:17:15,598 - mmdet - INFO - Epoch [25][1100/4741]	lr: 3.778e-08, eta: 2:47:00, time: 0.351, data_time: 0.014, memory: 23314, loss_cls: 0.3878, loss_bbox: 0.3992, loss_kps: 0.0000, loss: 0.7871, grad_norm: 6.8575
2026-09-30 13:17:32,925 - mmdet - INFO - Epoch [25][1150/4741]	lr: 3.778e-08, eta: 2:46:41, time: 0.346, data_time: 0.013, memory: 23314, loss_cls: 0.3674, loss_bbox: 0.3944, loss_kps: 0.0000, loss: 0.7618, grad_norm: 6.9334
2026-09-30 13:17:50,214 - mmdet - INFO - Epoch [25][1200/4741]	lr: 3.778e-08, eta: 2:46:23, time: 0.346, data_time: 0.015, memory: 23314, loss_cls: 0.3743, loss_bbox: 0.3920, loss_kps: 0.0000, loss: 0.7663, grad_norm: 6.9437
2026-09-30 13:18:07,613 - mmdet - INFO - Epoch [25][1250/4741]	lr: 3.778e-08, eta: 2:46:04, time: 0.348, data_time: 0.015, memory: 23314, loss_cls: 0.3602, loss_bbox: 0.3941, loss_kps: 0.0000, loss: 0.7542, grad_norm: 6.4078
2026-09-30 13:18:25,533 - mmdet - INFO - Epoch [25][1300/4741]	lr: 3.778e-08, eta: 2:45:46, time: 0.358, data_time: 0.015, memory: 23314, loss_cls: 0.3649, loss_bbox: 0.3981, loss_kps: 0.0000, loss: 0.7630, grad_norm: 6.4114
2026-09-30 13:18:43,067 - mmdet - INFO - Epoch [25][1350/4741]	lr: 3.778e-08, eta: 2:45:27, time: 0.351, data_time: 0.015, memory: 23314, loss_cls: 0.3595, loss_bbox: 0.4041, loss_kps: 0.0000, loss: 0.7636, grad_norm: 7.8898
2026-09-30 13:19:00,529 - mmdet - INFO - Epoch [25][1400/4741]	lr: 3.778e-08, eta: 2:45:09, time: 0.350, data_time: 0.014, memory: 23314, loss_cls: 0.3808, loss_bbox: 0.4049, loss_kps: 0.0000, loss: 0.7857, grad_norm: 6.6707
2026-09-30 13:19:18,048 - mmdet - INFO - Epoch [25][1450/4741]	lr: 3.778e-08, eta: 2:44:50, time: 0.350, data_time: 0.014, memory: 23314, loss_cls: 0.3922, loss_bbox: 0.4132, loss_kps: 0.0000, loss: 0.8055, grad_norm: 6.7228
2026-09-30 13:19:35,479 - mmdet - INFO - Epoch [25][1500/4741]	lr: 3.778e-08, eta: 2:44:32, time: 0.348, data_time: 0.014, memory: 23314, loss_cls: 0.3526, loss_bbox: 0.3893, loss_kps: 0.0000, loss: 0.7419, grad_norm: 6.4095
2026-09-30 13:19:53,461 - mmdet - INFO - Epoch [25][1550/4741]	lr: 3.778e-08, eta: 2:44:13, time: 0.360, data_time: 0.015, memory: 23314, loss_cls: 0.3811, loss_bbox: 0.4050, loss_kps: 0.0000, loss: 0.7862, grad_norm: 6.8464
2026-09-30 13:20:10,843 - mmdet - INFO - Epoch [25][1600/4741]	lr: 3.778e-08, eta: 2:43:55, time: 0.348, data_time: 0.014, memory: 23314, loss_cls: 0.3744, loss_bbox: 0.4024, loss_kps: 0.0000, loss: 0.7769, grad_norm: 6.3365
2026-09-30 13:20:28,664 - mmdet - INFO - Epoch [25][1650/4741]	lr: 3.778e-08, eta: 2:43:37, time: 0.357, data_time: 0.014, memory: 23314, loss_cls: 0.3692, loss_bbox: 0.3941, loss_kps: 0.0000, loss: 0.7632, grad_norm: 7.0554
2026-09-30 13:20:46,322 - mmdet - INFO - Epoch [25][1700/4741]	lr: 3.778e-08, eta: 2:43:18, time: 0.353, data_time: 0.015, memory: 23314, loss_cls: 0.3665, loss_bbox: 0.3968, loss_kps: 0.0000, loss: 0.7633, grad_norm: 6.7509
2026-09-30 13:21:04,084 - mmdet - INFO - Epoch [25][1750/4741]	lr: 3.778e-08, eta: 2:43:00, time: 0.355, data_time: 0.014, memory: 23314, loss_cls: 0.3791, loss_bbox: 0.4102, loss_kps: 0.0000, loss: 0.7893, grad_norm: 6.9346
2026-09-30 13:21:22,033 - mmdet - INFO - Epoch [25][1800/4741]	lr: 3.778e-08, eta: 2:42:41, time: 0.360, data_time: 0.015, memory: 23314, loss_cls: 0.3794, loss_bbox: 0.4000, loss_kps: 0.0000, loss: 0.7794, grad_norm: 7.0682
2026-09-30 13:21:39,620 - mmdet - INFO - Epoch [25][1850/4741]	lr: 3.778e-08, eta: 2:42:23, time: 0.351, data_time: 0.015, memory: 23314, loss_cls: 0.3627, loss_bbox: 0.3810, loss_kps: 0.0000, loss: 0.7437, grad_norm: 6.1312
2026-09-30 13:21:57,012 - mmdet - INFO - Epoch [25][1900/4741]	lr: 3.778e-08, eta: 2:42:04, time: 0.348, data_time: 0.014, memory: 23314, loss_cls: 0.3687, loss_bbox: 0.3928, loss_kps: 0.0000, loss: 0.7615, grad_norm: 6.6440
2026-09-30 13:22:14,795 - mmdet - INFO - Epoch [25][1950/4741]	lr: 3.778e-08, eta: 2:41:46, time: 0.355, data_time: 0.013, memory: 23314, loss_cls: 0.3665, loss_bbox: 0.3936, loss_kps: 0.0000, loss: 0.7601, grad_norm: 6.9166
2026-09-30 13:22:32,333 - mmdet - INFO - Epoch [25][2000/4741]	lr: 3.778e-08, eta: 2:41:27, time: 0.351, data_time: 0.017, memory: 23314, loss_cls: 0.3705, loss_bbox: 0.4016, loss_kps: 0.0000, loss: 0.7722, grad_norm: 6.7851
2026-09-30 13:22:49,727 - mmdet - INFO - Epoch [25][2050/4741]	lr: 3.778e-08, eta: 2:41:09, time: 0.349, data_time: 0.014, memory: 23314, loss_cls: 0.3576, loss_bbox: 0.3792, loss_kps: 0.0000, loss: 0.7369, grad_norm: 6.4426
2026-09-30 13:23:07,286 - mmdet - INFO - Epoch [25][2100/4741]	lr: 3.778e-08, eta: 2:40:50, time: 0.350, data_time: 0.014, memory: 23314, loss_cls: 0.3695, loss_bbox: 0.3994, loss_kps: 0.0000, loss: 0.7689, grad_norm: 6.7825
2026-09-30 13:23:24,827 - mmdet - INFO - Epoch [25][2150/4741]	lr: 3.778e-08, eta: 2:40:32, time: 0.351, data_time: 0.015, memory: 23314, loss_cls: 0.3766, loss_bbox: 0.3904, loss_kps: 0.0000, loss: 0.7670, grad_norm: 7.1609
2026-09-30 13:23:42,063 - mmdet - INFO - Epoch [25][2200/4741]	lr: 3.778e-08, eta: 2:40:13, time: 0.344, data_time: 0.014, memory: 23314, loss_cls: 0.3886, loss_bbox: 0.3991, loss_kps: 0.0000, loss: 0.7876, grad_norm: 6.6307
2026-09-30 13:23:59,587 - mmdet - INFO - Epoch [25][2250/4741]	lr: 3.778e-08, eta: 2:39:55, time: 0.351, data_time: 0.015, memory: 23314, loss_cls: 0.3610, loss_bbox: 0.3856, loss_kps: 0.0000, loss: 0.7466, grad_norm: 6.5483
2026-09-30 13:24:16,817 - mmdet - INFO - Epoch [25][2300/4741]	lr: 3.778e-08, eta: 2:39:36, time: 0.344, data_time: 0.016, memory: 23314, loss_cls: 0.3743, loss_bbox: 0.4104, loss_kps: 0.0000, loss: 0.7847, grad_norm: 6.7201
2026-09-30 13:24:34,324 - mmdet - INFO - Epoch [25][2350/4741]	lr: 3.778e-08, eta: 2:39:18, time: 0.350, data_time: 0.014, memory: 23314, loss_cls: 0.3733, loss_bbox: 0.3994, loss_kps: 0.0000, loss: 0.7727, grad_norm: 6.4436
2026-09-30 13:24:52,072 - mmdet - INFO - Epoch [25][2400/4741]	lr: 3.778e-08, eta: 2:38:59, time: 0.355, data_time: 0.015, memory: 23314, loss_cls: 0.3818, loss_bbox: 0.4020, loss_kps: 0.0000, loss: 0.7837, grad_norm: 6.9868
2026-09-30 13:25:09,484 - mmdet - INFO - Epoch [25][2450/4741]	lr: 3.778e-08, eta: 2:38:41, time: 0.348, data_time: 0.016, memory: 23314, loss_cls: 0.3785, loss_bbox: 0.4056, loss_kps: 0.0000, loss: 0.7841, grad_norm: 6.8028
2026-09-30 13:25:26,803 - mmdet - INFO - Epoch [25][2500/4741]	lr: 3.778e-08, eta: 2:38:22, time: 0.347, data_time: 0.016, memory: 23314, loss_cls: 0.3770, loss_bbox: 0.3951, loss_kps: 0.0000, loss: 0.7721, grad_norm: 6.7266
2026-09-30 13:25:43,990 - mmdet - INFO - Epoch [25][2550/4741]	lr: 3.778e-08, eta: 2:38:04, time: 0.344, data_time: 0.016, memory: 23314, loss_cls: 0.3733, loss_bbox: 0.3897, loss_kps: 0.0000, loss: 0.7630, grad_norm: 6.6820
2026-09-30 13:26:01,316 - mmdet - INFO - Epoch [25][2600/4741]	lr: 3.778e-08, eta: 2:37:45, time: 0.346, data_time: 0.016, memory: 23314, loss_cls: 0.3808, loss_bbox: 0.3971, loss_kps: 0.0000, loss: 0.7779, grad_norm: 6.8791
2026-09-30 13:26:18,705 - mmdet - INFO - Epoch [25][2650/4741]	lr: 3.778e-08, eta: 2:37:27, time: 0.348, data_time: 0.016, memory: 23314, loss_cls: 0.3838, loss_bbox: 0.3993, loss_kps: 0.0000, loss: 0.7831, grad_norm: 6.6695
2026-09-30 13:26:36,446 - mmdet - INFO - Epoch [25][2700/4741]	lr: 3.778e-08, eta: 2:37:08, time: 0.355, data_time: 0.016, memory: 23314, loss_cls: 0.3810, loss_bbox: 0.3988, loss_kps: 0.0000, loss: 0.7798, grad_norm: 6.9469
2026-09-30 13:26:53,822 - mmdet - INFO - Epoch [25][2750/4741]	lr: 3.778e-08, eta: 2:36:50, time: 0.347, data_time: 0.014, memory: 23314, loss_cls: 0.3733, loss_bbox: 0.3987, loss_kps: 0.0000, loss: 0.7719, grad_norm: 6.6883
2026-09-30 13:27:11,685 - mmdet - INFO - Epoch [25][2800/4741]	lr: 3.778e-08, eta: 2:36:31, time: 0.357, data_time: 0.016, memory: 23314, loss_cls: 0.3644, loss_bbox: 0.4051, loss_kps: 0.0000, loss: 0.7694, grad_norm: 6.6355
2026-09-30 13:27:29,086 - mmdet - INFO - Epoch [25][2850/4741]	lr: 3.778e-08, eta: 2:36:13, time: 0.348, data_time: 0.017, memory: 23314, loss_cls: 0.3930, loss_bbox: 0.4073, loss_kps: 0.0000, loss: 0.8003, grad_norm: 6.9783
2026-09-30 13:27:46,348 - mmdet - INFO - Epoch [25][2900/4741]	lr: 3.778e-08, eta: 2:35:54, time: 0.346, data_time: 0.015, memory: 23314, loss_cls: 0.3738, loss_bbox: 0.4053, loss_kps: 0.0000, loss: 0.7791, grad_norm: 6.4548
2026-09-30 13:28:04,569 - mmdet - INFO - Epoch [25][2950/4741]	lr: 3.778e-08, eta: 2:35:36, time: 0.364, data_time: 0.015, memory: 23314, loss_cls: 0.3808, loss_bbox: 0.3942, loss_kps: 0.0000, loss: 0.7750, grad_norm: 7.2044
2026-09-30 13:28:22,019 - mmdet - INFO - Epoch [25][3000/4741]	lr: 3.778e-08, eta: 2:35:17, time: 0.349, data_time: 0.014, memory: 23314, loss_cls: 0.3815, loss_bbox: 0.3940, loss_kps: 0.0000, loss: 0.7756, grad_norm: 6.8259
2026-09-30 13:28:39,316 - mmdet - INFO - Epoch [25][3050/4741]	lr: 3.778e-08, eta: 2:34:59, time: 0.345, data_time: 0.014, memory: 23314, loss_cls: 0.3670, loss_bbox: 0.4050, loss_kps: 0.0000, loss: 0.7720, grad_norm: 6.7047
2026-09-30 13:28:56,734 - mmdet - INFO - Epoch [25][3100/4741]	lr: 3.778e-08, eta: 2:34:40, time: 0.348, data_time: 0.016, memory: 23314, loss_cls: 0.3637, loss_bbox: 0.3907, loss_kps: 0.0000, loss: 0.7543, grad_norm: 6.6397
2026-09-30 13:29:14,021 - mmdet - INFO - Epoch [25][3150/4741]	lr: 3.778e-08, eta: 2:34:22, time: 0.346, data_time: 0.015, memory: 23314, loss_cls: 0.3767, loss_bbox: 0.3899, loss_kps: 0.0000, loss: 0.7666, grad_norm: 6.7231
2026-09-30 13:29:31,272 - mmdet - INFO - Epoch [25][3200/4741]	lr: 3.778e-08, eta: 2:34:03, time: 0.345, data_time: 0.014, memory: 23314, loss_cls: 0.3740, loss_bbox: 0.3903, loss_kps: 0.0000, loss: 0.7643, grad_norm: 7.2040
2026-09-30 13:29:48,574 - mmdet - INFO - Epoch [25][3250/4741]	lr: 3.778e-08, eta: 2:33:45, time: 0.346, data_time: 0.015, memory: 23314, loss_cls: 0.3675, loss_bbox: 0.3946, loss_kps: 0.0000, loss: 0.7620, grad_norm: 6.7174
2026-09-30 13:30:06,486 - mmdet - INFO - Epoch [25][3300/4741]	lr: 3.778e-08, eta: 2:33:26, time: 0.359, data_time: 0.014, memory: 23314, loss_cls: 0.3652, loss_bbox: 0.3913, loss_kps: 0.0000, loss: 0.7565, grad_norm: 7.1080
2026-09-30 13:30:23,909 - mmdet - INFO - Epoch [25][3350/4741]	lr: 3.778e-08, eta: 2:33:08, time: 0.348, data_time: 0.015, memory: 23314, loss_cls: 0.3681, loss_bbox: 0.3941, loss_kps: 0.0000, loss: 0.7621, grad_norm: 6.4242
2026-09-30 13:30:41,744 - mmdet - INFO - Epoch [25][3400/4741]	lr: 3.778e-08, eta: 2:32:49, time: 0.358, data_time: 0.016, memory: 23314, loss_cls: 0.3685, loss_bbox: 0.3860, loss_kps: 0.0000, loss: 0.7545, grad_norm: 6.8754
2026-09-30 13:30:59,083 - mmdet - INFO - Epoch [25][3450/4741]	lr: 3.778e-08, eta: 2:32:31, time: 0.347, data_time: 0.016, memory: 23314, loss_cls: 0.3914, loss_bbox: 0.3972, loss_kps: 0.0000, loss: 0.7887, grad_norm: 6.6942
2026-09-30 13:31:16,472 - mmdet - INFO - Epoch [25][3500/4741]	lr: 3.778e-08, eta: 2:32:12, time: 0.347, data_time: 0.014, memory: 23314, loss_cls: 0.3697, loss_bbox: 0.3895, loss_kps: 0.0000, loss: 0.7592, grad_norm: 6.8960
2026-09-30 13:31:33,845 - mmdet - INFO - Epoch [25][3550/4741]	lr: 3.778e-08, eta: 2:31:54, time: 0.349, data_time: 0.016, memory: 23314, loss_cls: 0.3723, loss_bbox: 0.3960, loss_kps: 0.0000, loss: 0.7683, grad_norm: 6.8267
2026-09-30 13:31:51,179 - mmdet - INFO - Epoch [25][3600/4741]	lr: 3.778e-08, eta: 2:31:35, time: 0.347, data_time: 0.015, memory: 23314, loss_cls: 0.3707, loss_bbox: 0.3998, loss_kps: 0.0000, loss: 0.7705, grad_norm: 7.0785
2026-09-30 13:32:08,503 - mmdet - INFO - Epoch [25][3650/4741]	lr: 3.778e-08, eta: 2:31:17, time: 0.346, data_time: 0.014, memory: 23314, loss_cls: 0.3654, loss_bbox: 0.3810, loss_kps: 0.0000, loss: 0.7464, grad_norm: 6.7379
2026-09-30 13:32:25,890 - mmdet - INFO - Epoch [25][3700/4741]	lr: 3.778e-08, eta: 2:30:58, time: 0.349, data_time: 0.016, memory: 23314, loss_cls: 0.3713, loss_bbox: 0.3964, loss_kps: 0.0000, loss: 0.7677, grad_norm: 6.6252
2026-09-30 13:32:43,452 - mmdet - INFO - Epoch [25][3750/4741]	lr: 3.778e-08, eta: 2:30:40, time: 0.350, data_time: 0.013, memory: 23314, loss_cls: 0.3554, loss_bbox: 0.3838, loss_kps: 0.0000, loss: 0.7392, grad_norm: 6.8630
2026-09-30 13:33:00,936 - mmdet - INFO - Epoch [25][3800/4741]	lr: 3.778e-08, eta: 2:30:21, time: 0.350, data_time: 0.016, memory: 23314, loss_cls: 0.3721, loss_bbox: 0.3994, loss_kps: 0.0000, loss: 0.7715, grad_norm: 6.6870
2026-09-30 13:33:18,530 - mmdet - INFO - Epoch [25][3850/4741]	lr: 3.778e-08, eta: 2:30:03, time: 0.353, data_time: 0.015, memory: 23314, loss_cls: 0.3781, loss_bbox: 0.3946, loss_kps: 0.0000, loss: 0.7727, grad_norm: 6.5892
2026-09-30 13:33:35,908 - mmdet - INFO - Epoch [25][3900/4741]	lr: 3.778e-08, eta: 2:29:44, time: 0.347, data_time: 0.014, memory: 23314, loss_cls: 0.3728, loss_bbox: 0.3909, loss_kps: 0.0000, loss: 0.7637, grad_norm: 6.7292
2026-09-30 13:33:53,712 - mmdet - INFO - Epoch [25][3950/4741]	lr: 3.778e-08, eta: 2:29:26, time: 0.357, data_time: 0.016, memory: 23314, loss_cls: 0.3850, loss_bbox: 0.4059, loss_kps: 0.0000, loss: 0.7909, grad_norm: 6.8507
2026-09-30 13:34:10,959 - mmdet - INFO - Epoch [25][4000/4741]	lr: 3.778e-08, eta: 2:29:08, time: 0.344, data_time: 0.014, memory: 23314, loss_cls: 0.3782, loss_bbox: 0.4026, loss_kps: 0.0000, loss: 0.7808, grad_norm: 6.5630
2026-09-30 13:34:28,474 - mmdet - INFO - Epoch [25][4050/4741]	lr: 3.778e-08, eta: 2:28:49, time: 0.350, data_time: 0.015, memory: 23314, loss_cls: 0.3543, loss_bbox: 0.3798, loss_kps: 0.0000, loss: 0.7342, grad_norm: 6.4136
2026-09-30 13:34:45,913 - mmdet - INFO - Epoch [25][4100/4741]	lr: 3.778e-08, eta: 2:28:31, time: 0.349, data_time: 0.015, memory: 23314, loss_cls: 0.3858, loss_bbox: 0.3987, loss_kps: 0.0000, loss: 0.7845, grad_norm: 6.6707
2026-09-30 13:35:03,265 - mmdet - INFO - Epoch [25][4150/4741]	lr: 3.778e-08, eta: 2:28:12, time: 0.346, data_time: 0.015, memory: 23314, loss_cls: 0.3706, loss_bbox: 0.4034, loss_kps: 0.0000, loss: 0.7740, grad_norm: 6.7004
2026-09-30 13:35:20,703 - mmdet - INFO - Epoch [25][4200/4741]	lr: 3.778e-08, eta: 2:27:54, time: 0.349, data_time: 0.015, memory: 23314, loss_cls: 0.3609, loss_bbox: 0.3985, loss_kps: 0.0000, loss: 0.7594, grad_norm: 6.7158
2026-09-30 13:35:38,103 - mmdet - INFO - Epoch [25][4250/4741]	lr: 3.778e-08, eta: 2:27:35, time: 0.349, data_time: 0.016, memory: 23314, loss_cls: 0.3873, loss_bbox: 0.4031, loss_kps: 0.0000, loss: 0.7904, grad_norm: 6.5702
2026-09-30 13:35:56,289 - mmdet - INFO - Epoch [25][4300/4741]	lr: 3.778e-08, eta: 2:27:17, time: 0.364, data_time: 0.015, memory: 23314, loss_cls: 0.3763, loss_bbox: 0.4107, loss_kps: 0.0000, loss: 0.7870, grad_norm: 6.8352
2026-09-30 13:36:13,952 - mmdet - INFO - Epoch [25][4350/4741]	lr: 3.778e-08, eta: 2:26:58, time: 0.352, data_time: 0.013, memory: 23314, loss_cls: 0.3543, loss_bbox: 0.3863, loss_kps: 0.0000, loss: 0.7406, grad_norm: 6.5293
2026-09-30 13:36:31,305 - mmdet - INFO - Epoch [25][4400/4741]	lr: 3.778e-08, eta: 2:26:40, time: 0.347, data_time: 0.015, memory: 23314, loss_cls: 0.3596, loss_bbox: 0.3908, loss_kps: 0.0000, loss: 0.7504, grad_norm: 6.6553
2026-09-30 13:36:48,979 - mmdet - INFO - Epoch [25][4450/4741]	lr: 3.778e-08, eta: 2:26:21, time: 0.354, data_time: 0.015, memory: 23314, loss_cls: 0.3756, loss_bbox: 0.3944, loss_kps: 0.0000, loss: 0.7701, grad_norm: 6.8748
2026-09-30 13:37:06,887 - mmdet - INFO - Epoch [25][4500/4741]	lr: 3.778e-08, eta: 2:26:03, time: 0.359, data_time: 0.015, memory: 23314, loss_cls: 0.3662, loss_bbox: 0.3948, loss_kps: 0.0000, loss: 0.7610, grad_norm: 6.3271
2026-09-30 13:37:24,324 - mmdet - INFO - Epoch [25][4550/4741]	lr: 3.778e-08, eta: 2:25:45, time: 0.348, data_time: 0.015, memory: 23314, loss_cls: 0.3704, loss_bbox: 0.3753, loss_kps: 0.0000, loss: 0.7457, grad_norm: 6.5717
2026-09-30 13:37:42,250 - mmdet - INFO - Epoch [25][4600/4741]	lr: 3.778e-08, eta: 2:25:26, time: 0.358, data_time: 0.015, memory: 23314, loss_cls: 0.3770, loss_bbox: 0.3884, loss_kps: 0.0000, loss: 0.7654, grad_norm: 6.6826
2026-09-30 13:37:59,642 - mmdet - INFO - Epoch [25][4650/4741]	lr: 3.778e-08, eta: 2:25:08, time: 0.348, data_time: 0.015, memory: 23314, loss_cls: 0.3741, loss_bbox: 0.4035, loss_kps: 0.0000, loss: 0.7775, grad_norm: 7.3591
2026-09-30 13:38:16,959 - mmdet - INFO - Epoch [25][4700/4741]	lr: 3.778e-08, eta: 2:24:49, time: 0.346, data_time: 0.014, memory: 23314, loss_cls: 0.3861, loss_bbox: 0.4008, loss_kps: 0.0000, loss: 0.7869, grad_norm: 6.8222
2026-09-30 13:38:28,541 - mmdet - INFO - Saving checkpoint at 25 epochs
2026-09-30 13:39:04,613 - mmdet - INFO - Epoch [26][50/4741]	lr: 3.778e-08, eta: 2:24:14, time: 0.419, data_time: 0.083, memory: 23314, loss_cls: 0.3764, loss_bbox: 0.3947, loss_kps: 0.0000, loss: 0.7712, grad_norm: 6.5708
2026-09-30 13:39:22,169 - mmdet - INFO - Epoch [26][100/4741]	lr: 3.778e-08, eta: 2:23:55, time: 0.351, data_time: 0.017, memory: 23314, loss_cls: 0.3655, loss_bbox: 0.3922, loss_kps: 0.0000, loss: 0.7577, grad_norm: 6.2320
2026-09-30 13:39:39,422 - mmdet - INFO - Epoch [26][150/4741]	lr: 3.778e-08, eta: 2:23:37, time: 0.345, data_time: 0.015, memory: 23314, loss_cls: 0.3721, loss_bbox: 0.4044, loss_kps: 0.0000, loss: 0.7765, grad_norm: 6.8959
2026-09-30 13:39:57,409 - mmdet - INFO - Epoch [26][200/4741]	lr: 3.778e-08, eta: 2:23:18, time: 0.359, data_time: 0.015, memory: 23314, loss_cls: 0.3810, loss_bbox: 0.3987, loss_kps: 0.0000, loss: 0.7797, grad_norm: 6.7355
2026-09-30 13:40:14,982 - mmdet - INFO - Epoch [26][250/4741]	lr: 3.778e-08, eta: 2:23:00, time: 0.352, data_time: 0.014, memory: 23314, loss_cls: 0.3830, loss_bbox: 0.3901, loss_kps: 0.0000, loss: 0.7731, grad_norm: 6.5227
2026-09-30 13:40:32,447 - mmdet - INFO - Epoch [26][300/4741]	lr: 3.778e-08, eta: 2:22:41, time: 0.350, data_time: 0.015, memory: 23314, loss_cls: 0.3532, loss_bbox: 0.3900, loss_kps: 0.0000, loss: 0.7432, grad_norm: 7.1199
2026-09-30 13:40:50,134 - mmdet - INFO - Epoch [26][350/4741]	lr: 3.778e-08, eta: 2:22:23, time: 0.353, data_time: 0.015, memory: 23314, loss_cls: 0.3689, loss_bbox: 0.3911, loss_kps: 0.0000, loss: 0.7600, grad_norm: 6.6367
2026-09-30 13:41:07,744 - mmdet - INFO - Epoch [26][400/4741]	lr: 3.778e-08, eta: 2:22:05, time: 0.352, data_time: 0.015, memory: 23314, loss_cls: 0.3786, loss_bbox: 0.4050, loss_kps: 0.0000, loss: 0.7836, grad_norm: 6.5910
2026-09-30 13:41:25,579 - mmdet - INFO - Epoch [26][450/4741]	lr: 3.778e-08, eta: 2:21:46, time: 0.356, data_time: 0.015, memory: 23314, loss_cls: 0.3711, loss_bbox: 0.3886, loss_kps: 0.0000, loss: 0.7596, grad_norm: 6.4450
2026-09-30 13:41:43,160 - mmdet - INFO - Epoch [26][500/4741]	lr: 3.778e-08, eta: 2:21:28, time: 0.352, data_time: 0.016, memory: 23314, loss_cls: 0.3753, loss_bbox: 0.3940, loss_kps: 0.0000, loss: 0.7693, grad_norm: 6.3336
2026-09-30 13:42:00,683 - mmdet - INFO - Epoch [26][550/4741]	lr: 3.778e-08, eta: 2:21:09, time: 0.351, data_time: 0.016, memory: 23314, loss_cls: 0.3679, loss_bbox: 0.4008, loss_kps: 0.0000, loss: 0.7687, grad_norm: 6.5041
2026-09-30 13:42:18,439 - mmdet - INFO - Epoch [26][600/4741]	lr: 3.778e-08, eta: 2:20:51, time: 0.355, data_time: 0.016, memory: 23314, loss_cls: 0.3686, loss_bbox: 0.3992, loss_kps: 0.0000, loss: 0.7678, grad_norm: 7.1613
2026-09-30 13:42:35,985 - mmdet - INFO - Epoch [26][650/4741]	lr: 3.778e-08, eta: 2:20:32, time: 0.351, data_time: 0.015, memory: 23314, loss_cls: 0.3510, loss_bbox: 0.3912, loss_kps: 0.0000, loss: 0.7423, grad_norm: 6.5379
2026-09-30 13:42:53,413 - mmdet - INFO - Epoch [26][700/4741]	lr: 3.778e-08, eta: 2:20:14, time: 0.350, data_time: 0.015, memory: 23314, loss_cls: 0.3775, loss_bbox: 0.4052, loss_kps: 0.0000, loss: 0.7827, grad_norm: 7.1233
2026-09-30 13:43:11,251 - mmdet - INFO - Epoch [26][750/4741]	lr: 3.778e-08, eta: 2:19:56, time: 0.356, data_time: 0.016, memory: 23314, loss_cls: 0.3678, loss_bbox: 0.3898, loss_kps: 0.0000, loss: 0.7576, grad_norm: 7.1123
2026-09-30 13:43:28,747 - mmdet - INFO - Epoch [26][800/4741]	lr: 3.778e-08, eta: 2:19:37, time: 0.350, data_time: 0.015, memory: 23314, loss_cls: 0.3564, loss_bbox: 0.3812, loss_kps: 0.0000, loss: 0.7375, grad_norm: 6.7462
2026-09-30 13:43:46,336 - mmdet - INFO - Epoch [26][850/4741]	lr: 3.778e-08, eta: 2:19:19, time: 0.351, data_time: 0.016, memory: 23314, loss_cls: 0.3684, loss_bbox: 0.3954, loss_kps: 0.0000, loss: 0.7637, grad_norm: 6.7590
2026-09-30 13:44:04,021 - mmdet - INFO - Epoch [26][900/4741]	lr: 3.778e-08, eta: 2:19:00, time: 0.354, data_time: 0.016, memory: 23314, loss_cls: 0.3747, loss_bbox: 0.3844, loss_kps: 0.0000, loss: 0.7591, grad_norm: 6.8259
2026-09-30 13:44:22,245 - mmdet - INFO - Epoch [26][950/4741]	lr: 3.778e-08, eta: 2:18:42, time: 0.364, data_time: 0.014, memory: 23314, loss_cls: 0.3733, loss_bbox: 0.3993, loss_kps: 0.0000, loss: 0.7726, grad_norm: 6.3119
2026-09-30 13:44:40,458 - mmdet - INFO - Epoch [26][1000/4741]	lr: 3.778e-08, eta: 2:18:24, time: 0.364, data_time: 0.014, memory: 23314, loss_cls: 0.3594, loss_bbox: 0.4007, loss_kps: 0.0000, loss: 0.7601, grad_norm: 7.0991
2026-09-30 13:44:57,996 - mmdet - INFO - Epoch [26][1050/4741]	lr: 3.778e-08, eta: 2:18:05, time: 0.351, data_time: 0.014, memory: 23314, loss_cls: 0.3872, loss_bbox: 0.4086, loss_kps: 0.0000, loss: 0.7958, grad_norm: 6.6238
2026-09-30 13:45:15,537 - mmdet - INFO - Epoch [26][1100/4741]	lr: 3.778e-08, eta: 2:17:47, time: 0.351, data_time: 0.014, memory: 23314, loss_cls: 0.3804, loss_bbox: 0.3987, loss_kps: 0.0000, loss: 0.7792, grad_norm: 6.9584
2026-09-30 13:45:32,920 - mmdet - INFO - Epoch [26][1150/4741]	lr: 3.778e-08, eta: 2:17:28, time: 0.348, data_time: 0.016, memory: 23314, loss_cls: 0.3662, loss_bbox: 0.3916, loss_kps: 0.0000, loss: 0.7578, grad_norm: 6.7029
2026-09-30 13:45:50,954 - mmdet - INFO - Epoch [26][1200/4741]	lr: 3.778e-08, eta: 2:17:10, time: 0.360, data_time: 0.014, memory: 23314, loss_cls: 0.3814, loss_bbox: 0.3913, loss_kps: 0.0000, loss: 0.7727, grad_norm: 7.2049
2026-09-30 13:46:08,529 - mmdet - INFO - Epoch [26][1250/4741]	lr: 3.778e-08, eta: 2:16:52, time: 0.352, data_time: 0.015, memory: 23314, loss_cls: 0.3689, loss_bbox: 0.3933, loss_kps: 0.0000, loss: 0.7622, grad_norm: 6.4999
2026-09-30 13:46:26,072 - mmdet - INFO - Epoch [26][1300/4741]	lr: 3.778e-08, eta: 2:16:33, time: 0.351, data_time: 0.014, memory: 23314, loss_cls: 0.3770, loss_bbox: 0.4007, loss_kps: 0.0000, loss: 0.7777, grad_norm: 6.9951
2026-09-30 13:46:43,592 - mmdet - INFO - Epoch [26][1350/4741]	lr: 3.778e-08, eta: 2:16:15, time: 0.350, data_time: 0.015, memory: 23314, loss_cls: 0.3756, loss_bbox: 0.3968, loss_kps: 0.0000, loss: 0.7724, grad_norm: 6.7425
2026-09-30 13:47:01,597 - mmdet - INFO - Epoch [26][1400/4741]	lr: 3.778e-08, eta: 2:15:56, time: 0.360, data_time: 0.015, memory: 23314, loss_cls: 0.3663, loss_bbox: 0.3952, loss_kps: 0.0000, loss: 0.7615, grad_norm: 6.4358
2026-09-30 13:47:19,056 - mmdet - INFO - Epoch [26][1450/4741]	lr: 3.778e-08, eta: 2:15:38, time: 0.350, data_time: 0.016, memory: 23314, loss_cls: 0.3656, loss_bbox: 0.3970, loss_kps: 0.0000, loss: 0.7625, grad_norm: 6.4223
2026-09-30 13:47:36,632 - mmdet - INFO - Epoch [26][1500/4741]	lr: 3.778e-08, eta: 2:15:20, time: 0.351, data_time: 0.015, memory: 23314, loss_cls: 0.3815, loss_bbox: 0.4014, loss_kps: 0.0000, loss: 0.7829, grad_norm: 6.3192
2026-09-30 13:47:53,894 - mmdet - INFO - Epoch [26][1550/4741]	lr: 3.778e-08, eta: 2:15:01, time: 0.346, data_time: 0.016, memory: 23314, loss_cls: 0.3696, loss_bbox: 0.3947, loss_kps: 0.0000, loss: 0.7643, grad_norm: 6.4882
2026-09-30 13:48:11,231 - mmdet - INFO - Epoch [26][1600/4741]	lr: 3.778e-08, eta: 2:14:43, time: 0.347, data_time: 0.016, memory: 23314, loss_cls: 0.3771, loss_bbox: 0.4003, loss_kps: 0.0000, loss: 0.7773, grad_norm: 7.1195
2026-09-30 13:48:28,905 - mmdet - INFO - Epoch [26][1650/4741]	lr: 3.778e-08, eta: 2:14:24, time: 0.353, data_time: 0.015, memory: 23314, loss_cls: 0.3644, loss_bbox: 0.3750, loss_kps: 0.0000, loss: 0.7394, grad_norm: 6.4456
2026-09-30 13:48:46,237 - mmdet - INFO - Epoch [26][1700/4741]	lr: 3.778e-08, eta: 2:14:06, time: 0.347, data_time: 0.016, memory: 23314, loss_cls: 0.3918, loss_bbox: 0.4079, loss_kps: 0.0000, loss: 0.7997, grad_norm: 6.5679
2026-09-30 13:49:03,731 - mmdet - INFO - Epoch [26][1750/4741]	lr: 3.778e-08, eta: 2:13:47, time: 0.350, data_time: 0.015, memory: 23314, loss_cls: 0.3714, loss_bbox: 0.3970, loss_kps: 0.0000, loss: 0.7684, grad_norm: 6.3839
2026-09-30 13:49:21,019 - mmdet - INFO - Epoch [26][1800/4741]	lr: 3.778e-08, eta: 2:13:29, time: 0.345, data_time: 0.016, memory: 23314, loss_cls: 0.3805, loss_bbox: 0.3982, loss_kps: 0.0000, loss: 0.7788, grad_norm: 6.7110
2026-09-30 13:49:38,675 - mmdet - INFO - Epoch [26][1850/4741]	lr: 3.778e-08, eta: 2:13:11, time: 0.353, data_time: 0.016, memory: 23314, loss_cls: 0.3831, loss_bbox: 0.4111, loss_kps: 0.0000, loss: 0.7941, grad_norm: 6.9497
2026-09-30 13:49:56,344 - mmdet - INFO - Epoch [26][1900/4741]	lr: 3.778e-08, eta: 2:12:52, time: 0.354, data_time: 0.016, memory: 23314, loss_cls: 0.3657, loss_bbox: 0.3858, loss_kps: 0.0000, loss: 0.7515, grad_norm: 6.6870
2026-09-30 13:50:14,262 - mmdet - INFO - Epoch [26][1950/4741]	lr: 3.778e-08, eta: 2:12:34, time: 0.358, data_time: 0.016, memory: 23314, loss_cls: 0.3754, loss_bbox: 0.3940, loss_kps: 0.0000, loss: 0.7695, grad_norm: 6.8301
2026-09-30 13:50:31,625 - mmdet - INFO - Epoch [26][2000/4741]	lr: 3.778e-08, eta: 2:12:15, time: 0.347, data_time: 0.016, memory: 23314, loss_cls: 0.3795, loss_bbox: 0.3885, loss_kps: 0.0000, loss: 0.7680, grad_norm: 6.5762
2026-09-30 13:50:49,003 - mmdet - INFO - Epoch [26][2050/4741]	lr: 3.778e-08, eta: 2:11:57, time: 0.348, data_time: 0.015, memory: 23314, loss_cls: 0.3743, loss_bbox: 0.3922, loss_kps: 0.0000, loss: 0.7665, grad_norm: 6.5399
2026-09-30 13:51:06,383 - mmdet - INFO - Epoch [26][2100/4741]	lr: 3.778e-08, eta: 2:11:38, time: 0.347, data_time: 0.017, memory: 23314, loss_cls: 0.3683, loss_bbox: 0.3872, loss_kps: 0.0000, loss: 0.7555, grad_norm: 6.6117
2026-09-30 13:51:24,187 - mmdet - INFO - Epoch [26][2150/4741]	lr: 3.778e-08, eta: 2:11:20, time: 0.356, data_time: 0.016, memory: 23314, loss_cls: 0.3882, loss_bbox: 0.4022, loss_kps: 0.0000, loss: 0.7904, grad_norm: 6.7284
2026-09-30 13:51:41,694 - mmdet - INFO - Epoch [26][2200/4741]	lr: 3.778e-08, eta: 2:11:02, time: 0.350, data_time: 0.015, memory: 23314, loss_cls: 0.3622, loss_bbox: 0.3874, loss_kps: 0.0000, loss: 0.7496, grad_norm: 6.6891
2026-09-30 13:51:59,445 - mmdet - INFO - Epoch [26][2250/4741]	lr: 3.778e-08, eta: 2:10:43, time: 0.356, data_time: 0.016, memory: 23314, loss_cls: 0.3556, loss_bbox: 0.3906, loss_kps: 0.0000, loss: 0.7462, grad_norm: 6.4863
2026-09-30 13:52:16,918 - mmdet - INFO - Epoch [26][2300/4741]	lr: 3.778e-08, eta: 2:10:25, time: 0.350, data_time: 0.015, memory: 23314, loss_cls: 0.3614, loss_bbox: 0.3872, loss_kps: 0.0000, loss: 0.7487, grad_norm: 6.6481
2026-09-30 13:52:34,350 - mmdet - INFO - Epoch [26][2350/4741]	lr: 3.778e-08, eta: 2:10:06, time: 0.349, data_time: 0.016, memory: 23314, loss_cls: 0.3839, loss_bbox: 0.4062, loss_kps: 0.0000, loss: 0.7902, grad_norm: 7.2370
2026-09-30 13:52:52,072 - mmdet - INFO - Epoch [26][2400/4741]	lr: 3.778e-08, eta: 2:09:48, time: 0.354, data_time: 0.014, memory: 23314, loss_cls: 0.3703, loss_bbox: 0.4014, loss_kps: 0.0000, loss: 0.7717, grad_norm: 6.8323
2026-09-30 13:53:09,900 - mmdet - INFO - Epoch [26][2450/4741]	lr: 3.778e-08, eta: 2:09:30, time: 0.356, data_time: 0.015, memory: 23314, loss_cls: 0.3814, loss_bbox: 0.4014, loss_kps: 0.0000, loss: 0.7829, grad_norm: 7.0874
2026-09-30 13:53:27,692 - mmdet - INFO - Epoch [26][2500/4741]	lr: 3.778e-08, eta: 2:09:11, time: 0.356, data_time: 0.016, memory: 23314, loss_cls: 0.3624, loss_bbox: 0.4003, loss_kps: 0.0000, loss: 0.7627, grad_norm: 6.5723
2026-09-30 13:53:45,218 - mmdet - INFO - Epoch [26][2550/4741]	lr: 3.778e-08, eta: 2:08:53, time: 0.351, data_time: 0.015, memory: 23314, loss_cls: 0.3728, loss_bbox: 0.3889, loss_kps: 0.0000, loss: 0.7618, grad_norm: 6.6583
2026-09-30 13:54:02,713 - mmdet - INFO - Epoch [26][2600/4741]	lr: 3.778e-08, eta: 2:08:35, time: 0.350, data_time: 0.016, memory: 23314, loss_cls: 0.3687, loss_bbox: 0.4002, loss_kps: 0.0000, loss: 0.7689, grad_norm: 6.7385
2026-09-30 13:54:20,224 - mmdet - INFO - Epoch [26][2650/4741]	lr: 3.778e-08, eta: 2:08:16, time: 0.350, data_time: 0.015, memory: 23314, loss_cls: 0.3615, loss_bbox: 0.3851, loss_kps: 0.0000, loss: 0.7466, grad_norm: 6.6236
2026-09-30 13:54:37,886 - mmdet - INFO - Epoch [26][2700/4741]	lr: 3.778e-08, eta: 2:07:58, time: 0.353, data_time: 0.015, memory: 23314, loss_cls: 0.3641, loss_bbox: 0.3953, loss_kps: 0.0000, loss: 0.7594, grad_norm: 6.6375
2026-09-30 13:54:55,456 - mmdet - INFO - Epoch [26][2750/4741]	lr: 3.778e-08, eta: 2:07:39, time: 0.351, data_time: 0.014, memory: 23314, loss_cls: 0.3754, loss_bbox: 0.3981, loss_kps: 0.0000, loss: 0.7735, grad_norm: 6.7012
2026-09-30 13:55:12,970 - mmdet - INFO - Epoch [26][2800/4741]	lr: 3.778e-08, eta: 2:07:21, time: 0.351, data_time: 0.015, memory: 23314, loss_cls: 0.3596, loss_bbox: 0.3833, loss_kps: 0.0000, loss: 0.7429, grad_norm: 6.9830
2026-09-30 13:55:31,126 - mmdet - INFO - Epoch [26][2850/4741]	lr: 3.778e-08, eta: 2:07:03, time: 0.363, data_time: 0.015, memory: 23314, loss_cls: 0.3721, loss_bbox: 0.3903, loss_kps: 0.0000, loss: 0.7624, grad_norm: 6.9734
2026-09-30 13:55:48,592 - mmdet - INFO - Epoch [26][2900/4741]	lr: 3.778e-08, eta: 2:06:44, time: 0.349, data_time: 0.014, memory: 23314, loss_cls: 0.3697, loss_bbox: 0.3913, loss_kps: 0.0000, loss: 0.7610, grad_norm: 6.8743
2026-09-30 13:56:06,161 - mmdet - INFO - Epoch [26][2950/4741]	lr: 3.778e-08, eta: 2:06:26, time: 0.351, data_time: 0.015, memory: 23314, loss_cls: 0.3738, loss_bbox: 0.3966, loss_kps: 0.0000, loss: 0.7705, grad_norm: 7.1515
2026-09-30 13:56:23,582 - mmdet - INFO - Epoch [26][3000/4741]	lr: 3.778e-08, eta: 2:06:07, time: 0.349, data_time: 0.015, memory: 23314, loss_cls: 0.3794, loss_bbox: 0.4018, loss_kps: 0.0000, loss: 0.7812, grad_norm: 6.9167
2026-09-30 13:56:40,835 - mmdet - INFO - Epoch [26][3050/4741]	lr: 3.778e-08, eta: 2:05:49, time: 0.345, data_time: 0.014, memory: 23314, loss_cls: 0.3772, loss_bbox: 0.3920, loss_kps: 0.0000, loss: 0.7692, grad_norm: 7.2676
2026-09-30 13:56:58,263 - mmdet - INFO - Epoch [26][3100/4741]	lr: 3.778e-08, eta: 2:05:31, time: 0.349, data_time: 0.014, memory: 23314, loss_cls: 0.3682, loss_bbox: 0.3998, loss_kps: 0.0000, loss: 0.7679, grad_norm: 6.8528
2026-09-30 13:57:15,748 - mmdet - INFO - Epoch [26][3150/4741]	lr: 3.778e-08, eta: 2:05:12, time: 0.349, data_time: 0.015, memory: 23314, loss_cls: 0.3858, loss_bbox: 0.4018, loss_kps: 0.0000, loss: 0.7876, grad_norm: 6.7020
2026-09-30 13:57:33,369 - mmdet - INFO - Epoch [26][3200/4741]	lr: 3.778e-08, eta: 2:04:54, time: 0.352, data_time: 0.014, memory: 23314, loss_cls: 0.3766, loss_bbox: 0.4019, loss_kps: 0.0000, loss: 0.7785, grad_norm: 6.7454
2026-09-30 13:57:50,972 - mmdet - INFO - Epoch [26][3250/4741]	lr: 3.778e-08, eta: 2:04:35, time: 0.353, data_time: 0.015, memory: 23314, loss_cls: 0.3876, loss_bbox: 0.3821, loss_kps: 0.0000, loss: 0.7697, grad_norm: 7.0860
2026-09-30 13:58:08,779 - mmdet - INFO - Epoch [26][3300/4741]	lr: 3.778e-08, eta: 2:04:17, time: 0.355, data_time: 0.014, memory: 23314, loss_cls: 0.3549, loss_bbox: 0.3816, loss_kps: 0.0000, loss: 0.7364, grad_norm: 6.8706
2026-09-30 13:58:26,553 - mmdet - INFO - Epoch [26][3350/4741]	lr: 3.778e-08, eta: 2:03:59, time: 0.355, data_time: 0.016, memory: 23314, loss_cls: 0.3678, loss_bbox: 0.3953, loss_kps: 0.0000, loss: 0.7631, grad_norm: 6.5926
2026-09-30 13:58:44,020 - mmdet - INFO - Epoch [26][3400/4741]	lr: 3.778e-08, eta: 2:03:40, time: 0.350, data_time: 0.015, memory: 23314, loss_cls: 0.3627, loss_bbox: 0.3788, loss_kps: 0.0000, loss: 0.7415, grad_norm: 6.9993
2026-09-30 13:59:01,251 - mmdet - INFO - Epoch [26][3450/4741]	lr: 3.778e-08, eta: 2:03:22, time: 0.345, data_time: 0.015, memory: 23314, loss_cls: 0.3713, loss_bbox: 0.3971, loss_kps: 0.0000, loss: 0.7684, grad_norm: 6.9415
2026-09-30 13:59:18,779 - mmdet - INFO - Epoch [26][3500/4741]	lr: 3.778e-08, eta: 2:03:03, time: 0.350, data_time: 0.014, memory: 23314, loss_cls: 0.3661, loss_bbox: 0.3931, loss_kps: 0.0000, loss: 0.7592, grad_norm: 7.1648
2026-09-30 13:59:36,577 - mmdet - INFO - Epoch [26][3550/4741]	lr: 3.778e-08, eta: 2:02:45, time: 0.356, data_time: 0.016, memory: 23314, loss_cls: 0.3615, loss_bbox: 0.3919, loss_kps: 0.0000, loss: 0.7534, grad_norm: 6.6276
2026-09-30 13:59:54,424 - mmdet - INFO - Epoch [26][3600/4741]	lr: 3.778e-08, eta: 2:02:27, time: 0.358, data_time: 0.016, memory: 23314, loss_cls: 0.3809, loss_bbox: 0.3989, loss_kps: 0.0000, loss: 0.7798, grad_norm: 6.6279
2026-09-30 14:00:11,872 - mmdet - INFO - Epoch [26][3650/4741]	lr: 3.778e-08, eta: 2:02:08, time: 0.349, data_time: 0.014, memory: 23314, loss_cls: 0.3632, loss_bbox: 0.3961, loss_kps: 0.0000, loss: 0.7593, grad_norm: 6.7274
2026-09-30 14:00:29,301 - mmdet - INFO - Epoch [26][3700/4741]	lr: 3.778e-08, eta: 2:01:50, time: 0.348, data_time: 0.015, memory: 23314, loss_cls: 0.3551, loss_bbox: 0.3933, loss_kps: 0.0000, loss: 0.7485, grad_norm: 6.3414
2026-09-30 14:00:47,291 - mmdet - INFO - Epoch [26][3750/4741]	lr: 3.778e-08, eta: 2:01:32, time: 0.360, data_time: 0.014, memory: 23314, loss_cls: 0.3740, loss_bbox: 0.4025, loss_kps: 0.0000, loss: 0.7765, grad_norm: 6.4831
2026-09-30 14:01:04,883 - mmdet - INFO - Epoch [26][3800/4741]	lr: 3.778e-08, eta: 2:01:13, time: 0.353, data_time: 0.014, memory: 23314, loss_cls: 0.3722, loss_bbox: 0.3988, loss_kps: 0.0000, loss: 0.7710, grad_norm: 6.7551
2026-09-30 14:01:22,472 - mmdet - INFO - Epoch [26][3850/4741]	lr: 3.778e-08, eta: 2:00:55, time: 0.352, data_time: 0.014, memory: 23314, loss_cls: 0.3846, loss_bbox: 0.3983, loss_kps: 0.0000, loss: 0.7829, grad_norm: 6.6643
2026-09-30 14:01:40,250 - mmdet - INFO - Epoch [26][3900/4741]	lr: 3.778e-08, eta: 2:00:36, time: 0.355, data_time: 0.015, memory: 23314, loss_cls: 0.3758, loss_bbox: 0.4068, loss_kps: 0.0000, loss: 0.7827, grad_norm: 6.7034
2026-09-30 14:01:57,830 - mmdet - INFO - Epoch [26][3950/4741]	lr: 3.778e-08, eta: 2:00:18, time: 0.353, data_time: 0.015, memory: 23314, loss_cls: 0.3757, loss_bbox: 0.3900, loss_kps: 0.0000, loss: 0.7657, grad_norm: 6.7618
2026-09-30 14:02:15,309 - mmdet - INFO - Epoch [26][4000/4741]	lr: 3.778e-08, eta: 2:00:00, time: 0.349, data_time: 0.013, memory: 23314, loss_cls: 0.3828, loss_bbox: 0.3944, loss_kps: 0.0000, loss: 0.7772, grad_norm: 6.5642
2026-09-30 14:02:32,547 - mmdet - INFO - Epoch [26][4050/4741]	lr: 3.778e-08, eta: 1:59:41, time: 0.345, data_time: 0.014, memory: 23314, loss_cls: 0.3711, loss_bbox: 0.3898, loss_kps: 0.0000, loss: 0.7608, grad_norm: 6.8821
2026-09-30 14:02:50,541 - mmdet - INFO - Epoch [26][4100/4741]	lr: 3.778e-08, eta: 1:59:23, time: 0.361, data_time: 0.016, memory: 23314, loss_cls: 0.3728, loss_bbox: 0.4034, loss_kps: 0.0000, loss: 0.7763, grad_norm: 6.8492
2026-09-30 14:03:08,035 - mmdet - INFO - Epoch [26][4150/4741]	lr: 3.778e-08, eta: 1:59:05, time: 0.350, data_time: 0.015, memory: 23314, loss_cls: 0.3562, loss_bbox: 0.3910, loss_kps: 0.0000, loss: 0.7471, grad_norm: 6.9539
2026-09-30 14:03:25,713 - mmdet - INFO - Epoch [26][4200/4741]	lr: 3.778e-08, eta: 1:58:46, time: 0.352, data_time: 0.015, memory: 23314, loss_cls: 0.3784, loss_bbox: 0.4041, loss_kps: 0.0000, loss: 0.7825, grad_norm: 6.8514
2026-09-30 14:03:43,409 - mmdet - INFO - Epoch [26][4250/4741]	lr: 3.778e-08, eta: 1:58:28, time: 0.354, data_time: 0.016, memory: 23314, loss_cls: 0.3876, loss_bbox: 0.4017, loss_kps: 0.0000, loss: 0.7893, grad_norm: 7.1522
2026-09-30 14:04:00,994 - mmdet - INFO - Epoch [26][4300/4741]	lr: 3.778e-08, eta: 1:58:09, time: 0.352, data_time: 0.015, memory: 23314, loss_cls: 0.3666, loss_bbox: 0.3989, loss_kps: 0.0000, loss: 0.7655, grad_norm: 7.0896
2026-09-30 14:04:18,651 - mmdet - INFO - Epoch [26][4350/4741]	lr: 3.778e-08, eta: 1:57:51, time: 0.352, data_time: 0.015, memory: 23314, loss_cls: 0.3712, loss_bbox: 0.3958, loss_kps: 0.0000, loss: 0.7671, grad_norm: 6.9270
2026-09-30 14:04:36,327 - mmdet - INFO - Epoch [26][4400/4741]	lr: 3.778e-08, eta: 1:57:33, time: 0.353, data_time: 0.016, memory: 23314, loss_cls: 0.3574, loss_bbox: 0.3874, loss_kps: 0.0000, loss: 0.7448, grad_norm: 6.7551
2026-09-30 14:04:53,814 - mmdet - INFO - Epoch [26][4450/4741]	lr: 3.778e-08, eta: 1:57:14, time: 0.351, data_time: 0.015, memory: 23314, loss_cls: 0.3751, loss_bbox: 0.3915, loss_kps: 0.0000, loss: 0.7666, grad_norm: 6.9830
2026-09-30 14:05:11,491 - mmdet - INFO - Epoch [26][4500/4741]	lr: 3.778e-08, eta: 1:56:56, time: 0.354, data_time: 0.015, memory: 23314, loss_cls: 0.3746, loss_bbox: 0.3988, loss_kps: 0.0000, loss: 0.7733, grad_norm: 6.7784
2026-09-30 14:05:29,159 - mmdet - INFO - Epoch [26][4550/4741]	lr: 3.778e-08, eta: 1:56:38, time: 0.353, data_time: 0.015, memory: 23314, loss_cls: 0.3548, loss_bbox: 0.3933, loss_kps: 0.0000, loss: 0.7481, grad_norm: 6.4735
2026-09-30 14:05:46,609 - mmdet - INFO - Epoch [26][4600/4741]	lr: 3.778e-08, eta: 1:56:19, time: 0.349, data_time: 0.015, memory: 23314, loss_cls: 0.3639, loss_bbox: 0.4010, loss_kps: 0.0000, loss: 0.7649, grad_norm: 6.9157
2026-09-30 14:06:03,954 - mmdet - INFO - Epoch [26][4650/4741]	lr: 3.778e-08, eta: 1:56:01, time: 0.347, data_time: 0.015, memory: 23314, loss_cls: 0.3556, loss_bbox: 0.3944, loss_kps: 0.0000, loss: 0.7500, grad_norm: 6.2779
2026-09-30 14:06:21,310 - mmdet - INFO - Epoch [26][4700/4741]	lr: 3.778e-08, eta: 1:55:42, time: 0.348, data_time: 0.015, memory: 23314, loss_cls: 0.3634, loss_bbox: 0.3976, loss_kps: 0.0000, loss: 0.7610, grad_norm: 6.8191
2026-09-30 14:06:32,780 - mmdet - INFO - Saving checkpoint at 26 epochs
2026-09-30 14:07:09,611 - mmdet - INFO - Epoch [27][50/4741]	lr: 3.778e-08, eta: 1:55:07, time: 0.437, data_time: 0.089, memory: 23314, loss_cls: 0.3678, loss_bbox: 0.3932, loss_kps: 0.0000, loss: 0.7609, grad_norm: 6.6940
2026-09-30 14:07:27,202 - mmdet - INFO - Epoch [27][100/4741]	lr: 3.778e-08, eta: 1:54:49, time: 0.352, data_time: 0.015, memory: 23314, loss_cls: 0.3789, loss_bbox: 0.3953, loss_kps: 0.0000, loss: 0.7742, grad_norm: 6.7543
2026-09-30 14:07:45,726 - mmdet - INFO - Epoch [27][150/4741]	lr: 3.778e-08, eta: 1:54:31, time: 0.370, data_time: 0.013, memory: 23314, loss_cls: 0.3731, loss_bbox: 0.3929, loss_kps: 0.0000, loss: 0.7659, grad_norm: 6.9691
2026-09-30 14:08:03,558 - mmdet - INFO - Epoch [27][200/4741]	lr: 3.778e-08, eta: 1:54:12, time: 0.356, data_time: 0.014, memory: 23314, loss_cls: 0.3688, loss_bbox: 0.3993, loss_kps: 0.0000, loss: 0.7680, grad_norm: 6.6734
2026-09-30 14:08:20,995 - mmdet - INFO - Epoch [27][250/4741]	lr: 3.778e-08, eta: 1:53:54, time: 0.350, data_time: 0.015, memory: 23314, loss_cls: 0.3639, loss_bbox: 0.3954, loss_kps: 0.0000, loss: 0.7594, grad_norm: 6.3874
2026-09-30 14:08:38,320 - mmdet - INFO - Epoch [27][300/4741]	lr: 3.778e-08, eta: 1:53:36, time: 0.347, data_time: 0.016, memory: 23314, loss_cls: 0.3765, loss_bbox: 0.3923, loss_kps: 0.0000, loss: 0.7687, grad_norm: 6.4741
2026-09-30 14:08:55,899 - mmdet - INFO - Epoch [27][350/4741]	lr: 3.778e-08, eta: 1:53:17, time: 0.351, data_time: 0.015, memory: 23314, loss_cls: 0.3660, loss_bbox: 0.3891, loss_kps: 0.0000, loss: 0.7551, grad_norm: 6.5814
2026-09-30 14:09:13,236 - mmdet - INFO - Epoch [27][400/4741]	lr: 3.778e-08, eta: 1:52:59, time: 0.347, data_time: 0.014, memory: 23314, loss_cls: 0.3680, loss_bbox: 0.3932, loss_kps: 0.0000, loss: 0.7612, grad_norm: 7.2824
2026-09-30 14:09:31,150 - mmdet - INFO - Epoch [27][450/4741]	lr: 3.778e-08, eta: 1:52:41, time: 0.358, data_time: 0.014, memory: 23314, loss_cls: 0.3455, loss_bbox: 0.3775, loss_kps: 0.0000, loss: 0.7230, grad_norm: 6.4407
2026-09-30 14:09:48,687 - mmdet - INFO - Epoch [27][500/4741]	lr: 3.778e-08, eta: 1:52:22, time: 0.350, data_time: 0.015, memory: 23314, loss_cls: 0.3612, loss_bbox: 0.3971, loss_kps: 0.0000, loss: 0.7584, grad_norm: 6.6050
2026-09-30 14:10:06,232 - mmdet - INFO - Epoch [27][550/4741]	lr: 3.778e-08, eta: 1:52:04, time: 0.352, data_time: 0.017, memory: 23314, loss_cls: 0.3564, loss_bbox: 0.3950, loss_kps: 0.0000, loss: 0.7514, grad_norm: 6.6517
2026-09-30 14:10:23,542 - mmdet - INFO - Epoch [27][600/4741]	lr: 3.778e-08, eta: 1:51:46, time: 0.346, data_time: 0.013, memory: 23314, loss_cls: 0.3775, loss_bbox: 0.3955, loss_kps: 0.0000, loss: 0.7730, grad_norm: 7.0864
2026-09-30 14:10:41,362 - mmdet - INFO - Epoch [27][650/4741]	lr: 3.778e-08, eta: 1:51:27, time: 0.356, data_time: 0.014, memory: 23314, loss_cls: 0.3619, loss_bbox: 0.3847, loss_kps: 0.0000, loss: 0.7466, grad_norm: 6.6582
2026-09-30 14:10:58,749 - mmdet - INFO - Epoch [27][700/4741]	lr: 3.778e-08, eta: 1:51:09, time: 0.348, data_time: 0.016, memory: 23314, loss_cls: 0.3754, loss_bbox: 0.3962, loss_kps: 0.0000, loss: 0.7716, grad_norm: 6.6701
2026-09-30 14:11:16,204 - mmdet - INFO - Epoch [27][750/4741]	lr: 3.778e-08, eta: 1:50:50, time: 0.348, data_time: 0.015, memory: 23314, loss_cls: 0.3622, loss_bbox: 0.3919, loss_kps: 0.0000, loss: 0.7541, grad_norm: 6.8401
2026-09-30 14:11:33,446 - mmdet - INFO - Epoch [27][800/4741]	lr: 3.778e-08, eta: 1:50:32, time: 0.345, data_time: 0.014, memory: 23314, loss_cls: 0.3691, loss_bbox: 0.3927, loss_kps: 0.0000, loss: 0.7619, grad_norm: 6.7762
2026-09-30 14:11:50,851 - mmdet - INFO - Epoch [27][850/4741]	lr: 3.778e-08, eta: 1:50:14, time: 0.348, data_time: 0.017, memory: 23314, loss_cls: 0.3708, loss_bbox: 0.3875, loss_kps: 0.0000, loss: 0.7583, grad_norm: 6.9824
2026-09-30 14:12:08,180 - mmdet - INFO - Epoch [27][900/4741]	lr: 3.778e-08, eta: 1:49:55, time: 0.347, data_time: 0.016, memory: 23314, loss_cls: 0.3626, loss_bbox: 0.3812, loss_kps: 0.0000, loss: 0.7439, grad_norm: 6.4102
2026-09-30 14:12:25,715 - mmdet - INFO - Epoch [27][950/4741]	lr: 3.778e-08, eta: 1:49:37, time: 0.351, data_time: 0.017, memory: 23314, loss_cls: 0.3683, loss_bbox: 0.3847, loss_kps: 0.0000, loss: 0.7530, grad_norm: 7.2139
2026-09-30 14:12:43,136 - mmdet - INFO - Epoch [27][1000/4741]	lr: 3.778e-08, eta: 1:49:19, time: 0.349, data_time: 0.016, memory: 23314, loss_cls: 0.3657, loss_bbox: 0.3787, loss_kps: 0.0000, loss: 0.7444, grad_norm: 6.5936
2026-09-30 14:13:00,991 - mmdet - INFO - Epoch [27][1050/4741]	lr: 3.778e-08, eta: 1:49:00, time: 0.356, data_time: 0.013, memory: 23314, loss_cls: 0.3648, loss_bbox: 0.4055, loss_kps: 0.0000, loss: 0.7703, grad_norm: 6.6509
2026-09-30 14:13:18,283 - mmdet - INFO - Epoch [27][1100/4741]	lr: 3.778e-08, eta: 1:48:42, time: 0.346, data_time: 0.015, memory: 23314, loss_cls: 0.3834, loss_bbox: 0.4002, loss_kps: 0.0000, loss: 0.7836, grad_norm: 6.8138
2026-09-30 14:13:35,803 - mmdet - INFO - Epoch [27][1150/4741]	lr: 3.778e-08, eta: 1:48:23, time: 0.351, data_time: 0.015, memory: 23314, loss_cls: 0.3730, loss_bbox: 0.4021, loss_kps: 0.0000, loss: 0.7751, grad_norm: 7.2695
2026-09-30 14:13:53,199 - mmdet - INFO - Epoch [27][1200/4741]	lr: 3.778e-08, eta: 1:48:05, time: 0.348, data_time: 0.014, memory: 23314, loss_cls: 0.3800, loss_bbox: 0.3888, loss_kps: 0.0000, loss: 0.7688, grad_norm: 6.6302
2026-09-30 14:14:11,047 - mmdet - INFO - Epoch [27][1250/4741]	lr: 3.778e-08, eta: 1:47:47, time: 0.357, data_time: 0.016, memory: 23314, loss_cls: 0.3814, loss_bbox: 0.4082, loss_kps: 0.0000, loss: 0.7896, grad_norm: 7.0403
2026-09-30 14:14:28,580 - mmdet - INFO - Epoch [27][1300/4741]	lr: 3.778e-08, eta: 1:47:28, time: 0.351, data_time: 0.014, memory: 23314, loss_cls: 0.3526, loss_bbox: 0.3876, loss_kps: 0.0000, loss: 0.7401, grad_norm: 6.2248
2026-09-30 14:14:46,335 - mmdet - INFO - Epoch [27][1350/4741]	lr: 3.778e-08, eta: 1:47:10, time: 0.354, data_time: 0.014, memory: 23314, loss_cls: 0.3662, loss_bbox: 0.3954, loss_kps: 0.0000, loss: 0.7616, grad_norm: 6.5989
2026-09-30 14:15:04,022 - mmdet - INFO - Epoch [27][1400/4741]	lr: 3.778e-08, eta: 1:46:52, time: 0.354, data_time: 0.015, memory: 23314, loss_cls: 0.3718, loss_bbox: 0.3998, loss_kps: 0.0000, loss: 0.7716, grad_norm: 6.3081
2026-09-30 14:15:21,849 - mmdet - INFO - Epoch [27][1450/4741]	lr: 3.778e-08, eta: 1:46:33, time: 0.357, data_time: 0.015, memory: 23314, loss_cls: 0.3621, loss_bbox: 0.4003, loss_kps: 0.0000, loss: 0.7623, grad_norm: 6.4340
2026-09-30 14:15:39,815 - mmdet - INFO - Epoch [27][1500/4741]	lr: 3.778e-08, eta: 1:46:15, time: 0.360, data_time: 0.015, memory: 23314, loss_cls: 0.3656, loss_bbox: 0.3875, loss_kps: 0.0000, loss: 0.7531, grad_norm: 6.4592
2026-09-30 14:15:57,466 - mmdet - INFO - Epoch [27][1550/4741]	lr: 3.778e-08, eta: 1:45:57, time: 0.353, data_time: 0.015, memory: 23314, loss_cls: 0.3762, loss_bbox: 0.3954, loss_kps: 0.0000, loss: 0.7715, grad_norm: 6.8543
2026-09-30 14:16:15,014 - mmdet - INFO - Epoch [27][1600/4741]	lr: 3.778e-08, eta: 1:45:38, time: 0.351, data_time: 0.016, memory: 23314, loss_cls: 0.3790, loss_bbox: 0.4033, loss_kps: 0.0000, loss: 0.7823, grad_norm: 6.4937
2026-09-30 14:16:32,557 - mmdet - INFO - Epoch [27][1650/4741]	lr: 3.778e-08, eta: 1:45:20, time: 0.351, data_time: 0.016, memory: 23314, loss_cls: 0.3591, loss_bbox: 0.3879, loss_kps: 0.0000, loss: 0.7469, grad_norm: 6.3892
2026-09-30 14:16:50,170 - mmdet - INFO - Epoch [27][1700/4741]	lr: 3.778e-08, eta: 1:45:02, time: 0.352, data_time: 0.015, memory: 23314, loss_cls: 0.3835, loss_bbox: 0.3977, loss_kps: 0.0000, loss: 0.7812, grad_norm: 6.7367
2026-09-30 14:17:07,778 - mmdet - INFO - Epoch [27][1750/4741]	lr: 3.778e-08, eta: 1:44:43, time: 0.353, data_time: 0.015, memory: 23314, loss_cls: 0.3586, loss_bbox: 0.3832, loss_kps: 0.0000, loss: 0.7418, grad_norm: 6.5155
2026-09-30 14:17:25,456 - mmdet - INFO - Epoch [27][1800/4741]	lr: 3.778e-08, eta: 1:44:25, time: 0.354, data_time: 0.015, memory: 23314, loss_cls: 0.3659, loss_bbox: 0.3947, loss_kps: 0.0000, loss: 0.7606, grad_norm: 6.5404
2026-09-30 14:17:43,246 - mmdet - INFO - Epoch [27][1850/4741]	lr: 3.778e-08, eta: 1:44:07, time: 0.355, data_time: 0.013, memory: 23314, loss_cls: 0.3552, loss_bbox: 0.3834, loss_kps: 0.0000, loss: 0.7386, grad_norm: 7.1048
2026-09-30 14:18:00,959 - mmdet - INFO - Epoch [27][1900/4741]	lr: 3.778e-08, eta: 1:43:48, time: 0.355, data_time: 0.015, memory: 23314, loss_cls: 0.3644, loss_bbox: 0.3849, loss_kps: 0.0000, loss: 0.7493, grad_norm: 6.9709
2026-09-30 14:18:18,479 - mmdet - INFO - Epoch [27][1950/4741]	lr: 3.778e-08, eta: 1:43:30, time: 0.351, data_time: 0.013, memory: 23314, loss_cls: 0.3798, loss_bbox: 0.4018, loss_kps: 0.0000, loss: 0.7816, grad_norm: 6.5413
2026-09-30 14:18:35,980 - mmdet - INFO - Epoch [27][2000/4741]	lr: 3.778e-08, eta: 1:43:12, time: 0.349, data_time: 0.016, memory: 23314, loss_cls: 0.3748, loss_bbox: 0.3941, loss_kps: 0.0000, loss: 0.7689, grad_norm: 7.2085
2026-09-30 14:18:53,638 - mmdet - INFO - Epoch [27][2050/4741]	lr: 3.778e-08, eta: 1:42:53, time: 0.353, data_time: 0.015, memory: 23314, loss_cls: 0.3654, loss_bbox: 0.3910, loss_kps: 0.0000, loss: 0.7564, grad_norm: 6.5157
2026-09-30 14:19:11,042 - mmdet - INFO - Epoch [27][2100/4741]	lr: 3.778e-08, eta: 1:42:35, time: 0.349, data_time: 0.015, memory: 23314, loss_cls: 0.3747, loss_bbox: 0.3968, loss_kps: 0.0000, loss: 0.7715, grad_norm: 6.8065
2026-09-30 14:19:28,397 - mmdet - INFO - Epoch [27][2150/4741]	lr: 3.778e-08, eta: 1:42:17, time: 0.346, data_time: 0.014, memory: 23314, loss_cls: 0.3503, loss_bbox: 0.3959, loss_kps: 0.0000, loss: 0.7461, grad_norm: 6.8817
2026-09-30 14:19:46,029 - mmdet - INFO - Epoch [27][2200/4741]	lr: 3.778e-08, eta: 1:41:58, time: 0.352, data_time: 0.015, memory: 23314, loss_cls: 0.3622, loss_bbox: 0.3875, loss_kps: 0.0000, loss: 0.7497, grad_norm: 6.7313
2026-09-30 14:20:04,117 - mmdet - INFO - Epoch [27][2250/4741]	lr: 3.778e-08, eta: 1:41:40, time: 0.362, data_time: 0.015, memory: 23314, loss_cls: 0.3708, loss_bbox: 0.3889, loss_kps: 0.0000, loss: 0.7597, grad_norm: 7.1973
2026-09-30 14:20:21,878 - mmdet - INFO - Epoch [27][2300/4741]	lr: 3.778e-08, eta: 1:41:22, time: 0.355, data_time: 0.014, memory: 23314, loss_cls: 0.3818, loss_bbox: 0.4023, loss_kps: 0.0000, loss: 0.7841, grad_norm: 7.0012
2026-09-30 14:20:39,257 - mmdet - INFO - Epoch [27][2350/4741]	lr: 3.778e-08, eta: 1:41:03, time: 0.347, data_time: 0.015, memory: 23314, loss_cls: 0.3715, loss_bbox: 0.4004, loss_kps: 0.0000, loss: 0.7719, grad_norm: 6.4082
2026-09-30 14:20:56,709 - mmdet - INFO - Epoch [27][2400/4741]	lr: 3.778e-08, eta: 1:40:45, time: 0.349, data_time: 0.016, memory: 23314, loss_cls: 0.3667, loss_bbox: 0.3933, loss_kps: 0.0000, loss: 0.7600, grad_norm: 6.2437
2026-09-30 14:21:14,379 - mmdet - INFO - Epoch [27][2450/4741]	lr: 3.778e-08, eta: 1:40:27, time: 0.354, data_time: 0.015, memory: 23314, loss_cls: 0.3654, loss_bbox: 0.4040, loss_kps: 0.0000, loss: 0.7694, grad_norm: 6.3146
2026-09-30 14:21:31,782 - mmdet - INFO - Epoch [27][2500/4741]	lr: 3.778e-08, eta: 1:40:08, time: 0.347, data_time: 0.014, memory: 23314, loss_cls: 0.3722, loss_bbox: 0.3947, loss_kps: 0.0000, loss: 0.7669, grad_norm: 7.1018
2026-09-30 14:21:49,477 - mmdet - INFO - Epoch [27][2550/4741]	lr: 3.778e-08, eta: 1:39:50, time: 0.354, data_time: 0.014, memory: 23314, loss_cls: 0.3633, loss_bbox: 0.3837, loss_kps: 0.0000, loss: 0.7470, grad_norm: 6.8715
2026-09-30 14:22:06,902 - mmdet - INFO - Epoch [27][2600/4741]	lr: 3.778e-08, eta: 1:39:32, time: 0.349, data_time: 0.015, memory: 23314, loss_cls: 0.3797, loss_bbox: 0.3977, loss_kps: 0.0000, loss: 0.7774, grad_norm: 7.1440
2026-09-30 14:22:24,664 - mmdet - INFO - Epoch [27][2650/4741]	lr: 3.778e-08, eta: 1:39:13, time: 0.355, data_time: 0.014, memory: 23314, loss_cls: 0.3825, loss_bbox: 0.4047, loss_kps: 0.0000, loss: 0.7873, grad_norm: 6.9638
2026-09-30 14:22:42,603 - mmdet - INFO - Epoch [27][2700/4741]	lr: 3.778e-08, eta: 1:38:55, time: 0.359, data_time: 0.014, memory: 23314, loss_cls: 0.3805, loss_bbox: 0.3938, loss_kps: 0.0000, loss: 0.7742, grad_norm: 6.7063
2026-09-30 14:23:00,180 - mmdet - INFO - Epoch [27][2750/4741]	lr: 3.778e-08, eta: 1:38:37, time: 0.352, data_time: 0.016, memory: 23314, loss_cls: 0.3588, loss_bbox: 0.3950, loss_kps: 0.0000, loss: 0.7538, grad_norm: 6.7994
2026-09-30 14:23:17,506 - mmdet - INFO - Epoch [27][2800/4741]	lr: 3.778e-08, eta: 1:38:18, time: 0.346, data_time: 0.015, memory: 23314, loss_cls: 0.3718, loss_bbox: 0.4055, loss_kps: 0.0000, loss: 0.7773, grad_norm: 7.1681
2026-09-30 14:23:35,054 - mmdet - INFO - Epoch [27][2850/4741]	lr: 3.778e-08, eta: 1:38:00, time: 0.352, data_time: 0.015, memory: 23314, loss_cls: 0.3798, loss_bbox: 0.4027, loss_kps: 0.0000, loss: 0.7825, grad_norm: 7.0084
2026-09-30 14:23:52,519 - mmdet - INFO - Epoch [27][2900/4741]	lr: 3.778e-08, eta: 1:37:42, time: 0.349, data_time: 0.014, memory: 23314, loss_cls: 0.3653, loss_bbox: 0.3881, loss_kps: 0.0000, loss: 0.7534, grad_norm: 6.7015
2026-09-30 14:24:10,171 - mmdet - INFO - Epoch [27][2950/4741]	lr: 3.778e-08, eta: 1:37:23, time: 0.353, data_time: 0.014, memory: 23314, loss_cls: 0.3747, loss_bbox: 0.3899, loss_kps: 0.0000, loss: 0.7646, grad_norm: 7.0143
2026-09-30 14:24:27,686 - mmdet - INFO - Epoch [27][3000/4741]	lr: 3.778e-08, eta: 1:37:05, time: 0.350, data_time: 0.014, memory: 23314, loss_cls: 0.3694, loss_bbox: 0.4009, loss_kps: 0.0000, loss: 0.7703, grad_norm: 6.3867
2026-09-30 14:24:45,140 - mmdet - INFO - Epoch [27][3050/4741]	lr: 3.778e-08, eta: 1:36:47, time: 0.348, data_time: 0.014, memory: 23314, loss_cls: 0.3841, loss_bbox: 0.4066, loss_kps: 0.0000, loss: 0.7907, grad_norm: 7.0670
2026-09-30 14:25:02,535 - mmdet - INFO - Epoch [27][3100/4741]	lr: 3.778e-08, eta: 1:36:28, time: 0.348, data_time: 0.015, memory: 23314, loss_cls: 0.3711, loss_bbox: 0.4026, loss_kps: 0.0000, loss: 0.7738, grad_norm: 6.6684
2026-09-30 14:25:19,934 - mmdet - INFO - Epoch [27][3150/4741]	lr: 3.778e-08, eta: 1:36:10, time: 0.348, data_time: 0.016, memory: 23314, loss_cls: 0.3714, loss_bbox: 0.3982, loss_kps: 0.0000, loss: 0.7696, grad_norm: 6.8517
2026-09-30 14:25:37,626 - mmdet - INFO - Epoch [27][3200/4741]	lr: 3.778e-08, eta: 1:35:52, time: 0.354, data_time: 0.015, memory: 23314, loss_cls: 0.3861, loss_bbox: 0.3948, loss_kps: 0.0000, loss: 0.7809, grad_norm: 6.8883
2026-09-30 14:25:55,037 - mmdet - INFO - Epoch [27][3250/4741]	lr: 3.778e-08, eta: 1:35:33, time: 0.349, data_time: 0.014, memory: 23314, loss_cls: 0.3776, loss_bbox: 0.3978, loss_kps: 0.0000, loss: 0.7754, grad_norm: 6.8561
2026-09-30 14:26:12,921 - mmdet - INFO - Epoch [27][3300/4741]	lr: 3.778e-08, eta: 1:35:15, time: 0.357, data_time: 0.014, memory: 23314, loss_cls: 0.3883, loss_bbox: 0.4072, loss_kps: 0.0000, loss: 0.7955, grad_norm: 7.0272
2026-09-30 14:26:30,405 - mmdet - INFO - Epoch [27][3350/4741]	lr: 3.778e-08, eta: 1:34:57, time: 0.350, data_time: 0.016, memory: 23314, loss_cls: 0.3796, loss_bbox: 0.4047, loss_kps: 0.0000, loss: 0.7843, grad_norm: 6.7100
2026-09-30 14:26:47,846 - mmdet - INFO - Epoch [27][3400/4741]	lr: 3.778e-08, eta: 1:34:38, time: 0.350, data_time: 0.015, memory: 23314, loss_cls: 0.3730, loss_bbox: 0.3971, loss_kps: 0.0000, loss: 0.7700, grad_norm: 6.5140
2026-09-30 14:27:05,588 - mmdet - INFO - Epoch [27][3450/4741]	lr: 3.778e-08, eta: 1:34:20, time: 0.354, data_time: 0.015, memory: 23314, loss_cls: 0.3692, loss_bbox: 0.3912, loss_kps: 0.0000, loss: 0.7604, grad_norm: 6.4695
2026-09-30 14:27:23,106 - mmdet - INFO - Epoch [27][3500/4741]	lr: 3.778e-08, eta: 1:34:02, time: 0.351, data_time: 0.015, memory: 23314, loss_cls: 0.3564, loss_bbox: 0.3866, loss_kps: 0.0000, loss: 0.7430, grad_norm: 6.3779
2026-09-30 14:27:40,466 - mmdet - INFO - Epoch [27][3550/4741]	lr: 3.778e-08, eta: 1:33:43, time: 0.347, data_time: 0.016, memory: 23314, loss_cls: 0.3652, loss_bbox: 0.3889, loss_kps: 0.0000, loss: 0.7541, grad_norm: 6.6397
2026-09-30 14:27:57,934 - mmdet - INFO - Epoch [27][3600/4741]	lr: 3.778e-08, eta: 1:33:25, time: 0.349, data_time: 0.014, memory: 23314, loss_cls: 0.3735, loss_bbox: 0.4021, loss_kps: 0.0000, loss: 0.7756, grad_norm: 6.7751
2026-09-30 14:28:15,381 - mmdet - INFO - Epoch [27][3650/4741]	lr: 3.778e-08, eta: 1:33:07, time: 0.350, data_time: 0.015, memory: 23314, loss_cls: 0.3636, loss_bbox: 0.4044, loss_kps: 0.0000, loss: 0.7680, grad_norm: 6.4308
2026-09-30 14:28:33,356 - mmdet - INFO - Epoch [27][3700/4741]	lr: 3.778e-08, eta: 1:32:48, time: 0.359, data_time: 0.014, memory: 23314, loss_cls: 0.3603, loss_bbox: 0.3902, loss_kps: 0.0000, loss: 0.7505, grad_norm: 6.5793
2026-09-30 14:28:50,857 - mmdet - INFO - Epoch [27][3750/4741]	lr: 3.778e-08, eta: 1:32:30, time: 0.350, data_time: 0.015, memory: 23314, loss_cls: 0.3663, loss_bbox: 0.3971, loss_kps: 0.0000, loss: 0.7635, grad_norm: 6.8404
2026-09-30 14:29:08,077 - mmdet - INFO - Epoch [27][3800/4741]	lr: 3.778e-08, eta: 1:32:12, time: 0.344, data_time: 0.015, memory: 23314, loss_cls: 0.3589, loss_bbox: 0.3950, loss_kps: 0.0000, loss: 0.7540, grad_norm: 6.3800
2026-09-30 14:29:25,958 - mmdet - INFO - Epoch [27][3850/4741]	lr: 3.778e-08, eta: 1:31:53, time: 0.358, data_time: 0.014, memory: 23314, loss_cls: 0.3634, loss_bbox: 0.3805, loss_kps: 0.0000, loss: 0.7439, grad_norm: 6.3560
2026-09-30 14:29:43,367 - mmdet - INFO - Epoch [27][3900/4741]	lr: 3.778e-08, eta: 1:31:35, time: 0.348, data_time: 0.015, memory: 23314, loss_cls: 0.3745, loss_bbox: 0.4047, loss_kps: 0.0000, loss: 0.7793, grad_norm: 6.5391
2026-09-30 14:30:00,941 - mmdet - INFO - Epoch [27][3950/4741]	lr: 3.778e-08, eta: 1:31:17, time: 0.352, data_time: 0.017, memory: 23314, loss_cls: 0.3670, loss_bbox: 0.3931, loss_kps: 0.0000, loss: 0.7601, grad_norm: 6.5878
2026-09-30 14:30:18,472 - mmdet - INFO - Epoch [27][4000/4741]	lr: 3.778e-08, eta: 1:30:58, time: 0.351, data_time: 0.015, memory: 23314, loss_cls: 0.3767, loss_bbox: 0.3962, loss_kps: 0.0000, loss: 0.7729, grad_norm: 7.1472
2026-09-30 14:30:36,355 - mmdet - INFO - Epoch [27][4050/4741]	lr: 3.778e-08, eta: 1:30:40, time: 0.358, data_time: 0.014, memory: 23314, loss_cls: 0.3719, loss_bbox: 0.3958, loss_kps: 0.0000, loss: 0.7677, grad_norm: 6.5248
2026-09-30 14:30:53,853 - mmdet - INFO - Epoch [27][4100/4741]	lr: 3.778e-08, eta: 1:30:22, time: 0.349, data_time: 0.014, memory: 23314, loss_cls: 0.3754, loss_bbox: 0.3955, loss_kps: 0.0000, loss: 0.7709, grad_norm: 6.8559
2026-09-30 14:31:11,312 - mmdet - INFO - Epoch [27][4150/4741]	lr: 3.778e-08, eta: 1:30:03, time: 0.349, data_time: 0.016, memory: 23314, loss_cls: 0.3768, loss_bbox: 0.3957, loss_kps: 0.0000, loss: 0.7725, grad_norm: 6.7197
2026-09-30 14:31:28,877 - mmdet - INFO - Epoch [27][4200/4741]	lr: 3.778e-08, eta: 1:29:45, time: 0.351, data_time: 0.014, memory: 23314, loss_cls: 0.3810, loss_bbox: 0.4021, loss_kps: 0.0000, loss: 0.7832, grad_norm: 6.6537
2026-09-30 14:31:46,701 - mmdet - INFO - Epoch [27][4250/4741]	lr: 3.778e-08, eta: 1:29:27, time: 0.357, data_time: 0.014, memory: 23314, loss_cls: 0.3828, loss_bbox: 0.4054, loss_kps: 0.0000, loss: 0.7882, grad_norm: 6.4572
2026-09-30 14:32:04,069 - mmdet - INFO - Epoch [27][4300/4741]	lr: 3.778e-08, eta: 1:29:09, time: 0.348, data_time: 0.017, memory: 23314, loss_cls: 0.3593, loss_bbox: 0.3920, loss_kps: 0.0000, loss: 0.7514, grad_norm: 7.0563
2026-09-30 14:32:21,600 - mmdet - INFO - Epoch [27][4350/4741]	lr: 3.778e-08, eta: 1:28:50, time: 0.350, data_time: 0.015, memory: 23314, loss_cls: 0.3767, loss_bbox: 0.3999, loss_kps: 0.0000, loss: 0.7766, grad_norm: 6.8783
2026-09-30 14:32:38,833 - mmdet - INFO - Epoch [27][4400/4741]	lr: 3.778e-08, eta: 1:28:32, time: 0.345, data_time: 0.014, memory: 23314, loss_cls: 0.3594, loss_bbox: 0.3874, loss_kps: 0.0000, loss: 0.7468, grad_norm: 6.6622
2026-09-30 14:32:56,338 - mmdet - INFO - Epoch [27][4450/4741]	lr: 3.778e-08, eta: 1:28:14, time: 0.349, data_time: 0.014, memory: 23314, loss_cls: 0.3887, loss_bbox: 0.4038, loss_kps: 0.0000, loss: 0.7925, grad_norm: 7.3149
2026-09-30 14:33:13,716 - mmdet - INFO - Epoch [27][4500/4741]	lr: 3.778e-08, eta: 1:27:55, time: 0.348, data_time: 0.016, memory: 23314, loss_cls: 0.3681, loss_bbox: 0.3913, loss_kps: 0.0000, loss: 0.7593, grad_norm: 6.2454
2026-09-30 14:33:31,218 - mmdet - INFO - Epoch [27][4550/4741]	lr: 3.778e-08, eta: 1:27:37, time: 0.350, data_time: 0.015, memory: 23314, loss_cls: 0.3739, loss_bbox: 0.3925, loss_kps: 0.0000, loss: 0.7664, grad_norm: 6.3603
2026-09-30 14:33:48,600 - mmdet - INFO - Epoch [27][4600/4741]	lr: 3.778e-08, eta: 1:27:19, time: 0.348, data_time: 0.015, memory: 23314, loss_cls: 0.3704, loss_bbox: 0.3989, loss_kps: 0.0000, loss: 0.7693, grad_norm: 6.3655
2026-09-30 14:34:05,928 - mmdet - INFO - Epoch [27][4650/4741]	lr: 3.778e-08, eta: 1:27:00, time: 0.347, data_time: 0.014, memory: 23314, loss_cls: 0.3779, loss_bbox: 0.3962, loss_kps: 0.0000, loss: 0.7741, grad_norm: 6.6832
2026-09-30 14:34:23,607 - mmdet - INFO - Epoch [27][4700/4741]	lr: 3.778e-08, eta: 1:26:42, time: 0.354, data_time: 0.015, memory: 23314, loss_cls: 0.3658, loss_bbox: 0.3949, loss_kps: 0.0000, loss: 0.7607, grad_norm: 6.4518
2026-09-30 14:34:35,484 - mmdet - INFO - Saving checkpoint at 27 epochs
2026-09-30 14:35:11,719 - mmdet - INFO - Epoch [28][50/4741]	lr: 3.778e-09, eta: 1:26:07, time: 0.420, data_time: 0.087, memory: 23314, loss_cls: 0.3707, loss_bbox: 0.3873, loss_kps: 0.0000, loss: 0.7579, grad_norm: 6.7277
2026-09-30 14:35:29,342 - mmdet - INFO - Epoch [28][100/4741]	lr: 3.778e-09, eta: 1:25:49, time: 0.352, data_time: 0.013, memory: 23314, loss_cls: 0.3688, loss_bbox: 0.3994, loss_kps: 0.0000, loss: 0.7682, grad_norm: 6.7325
2026-09-30 14:35:46,740 - mmdet - INFO - Epoch [28][150/4741]	lr: 3.778e-09, eta: 1:25:31, time: 0.348, data_time: 0.015, memory: 23314, loss_cls: 0.3725, loss_bbox: 0.3888, loss_kps: 0.0000, loss: 0.7613, grad_norm: 6.8146
2026-09-30 14:36:04,102 - mmdet - INFO - Epoch [28][200/4741]	lr: 3.778e-09, eta: 1:25:12, time: 0.348, data_time: 0.015, memory: 23314, loss_cls: 0.3696, loss_bbox: 0.3995, loss_kps: 0.0000, loss: 0.7691, grad_norm: 6.7861
2026-09-30 14:36:21,536 - mmdet - INFO - Epoch [28][250/4741]	lr: 3.778e-09, eta: 1:24:54, time: 0.348, data_time: 0.015, memory: 23314, loss_cls: 0.3691, loss_bbox: 0.3963, loss_kps: 0.0000, loss: 0.7654, grad_norm: 6.2672
2026-09-30 14:36:38,790 - mmdet - INFO - Epoch [28][300/4741]	lr: 3.778e-09, eta: 1:24:36, time: 0.346, data_time: 0.015, memory: 23314, loss_cls: 0.3741, loss_bbox: 0.3972, loss_kps: 0.0000, loss: 0.7713, grad_norm: 7.1474
2026-09-30 14:36:56,453 - mmdet - INFO - Epoch [28][350/4741]	lr: 3.778e-09, eta: 1:24:17, time: 0.353, data_time: 0.013, memory: 23314, loss_cls: 0.3687, loss_bbox: 0.3952, loss_kps: 0.0000, loss: 0.7639, grad_norm: 6.7228
2026-09-30 14:37:13,895 - mmdet - INFO - Epoch [28][400/4741]	lr: 3.778e-09, eta: 1:23:59, time: 0.349, data_time: 0.014, memory: 23314, loss_cls: 0.3678, loss_bbox: 0.3960, loss_kps: 0.0000, loss: 0.7638, grad_norm: 6.3612
2026-09-30 14:37:31,161 - mmdet - INFO - Epoch [28][450/4741]	lr: 3.778e-09, eta: 1:23:41, time: 0.346, data_time: 0.015, memory: 23314, loss_cls: 0.3616, loss_bbox: 0.3895, loss_kps: 0.0000, loss: 0.7511, grad_norm: 6.7108
2026-09-30 14:37:49,212 - mmdet - INFO - Epoch [28][500/4741]	lr: 3.778e-09, eta: 1:23:23, time: 0.360, data_time: 0.014, memory: 23314, loss_cls: 0.3658, loss_bbox: 0.3926, loss_kps: 0.0000, loss: 0.7583, grad_norm: 6.4942
2026-09-30 14:38:06,666 - mmdet - INFO - Epoch [28][550/4741]	lr: 3.778e-09, eta: 1:23:04, time: 0.349, data_time: 0.015, memory: 23314, loss_cls: 0.3652, loss_bbox: 0.3880, loss_kps: 0.0000, loss: 0.7532, grad_norm: 6.7343
2026-09-30 14:38:24,282 - mmdet - INFO - Epoch [28][600/4741]	lr: 3.778e-09, eta: 1:22:46, time: 0.353, data_time: 0.015, memory: 23314, loss_cls: 0.3562, loss_bbox: 0.3800, loss_kps: 0.0000, loss: 0.7362, grad_norm: 6.4958
2026-09-30 14:38:41,699 - mmdet - INFO - Epoch [28][650/4741]	lr: 3.778e-09, eta: 1:22:28, time: 0.348, data_time: 0.015, memory: 23314, loss_cls: 0.3711, loss_bbox: 0.3958, loss_kps: 0.0000, loss: 0.7670, grad_norm: 7.1176
2026-09-30 14:38:59,154 - mmdet - INFO - Epoch [28][700/4741]	lr: 3.778e-09, eta: 1:22:09, time: 0.349, data_time: 0.014, memory: 23314, loss_cls: 0.3678, loss_bbox: 0.3920, loss_kps: 0.0000, loss: 0.7599, grad_norm: 7.1469
2026-09-30 14:39:17,264 - mmdet - INFO - Epoch [28][750/4741]	lr: 3.778e-09, eta: 1:21:51, time: 0.362, data_time: 0.014, memory: 23314, loss_cls: 0.3695, loss_bbox: 0.3775, loss_kps: 0.0000, loss: 0.7471, grad_norm: 6.3856
2026-09-30 14:39:34,958 - mmdet - INFO - Epoch [28][800/4741]	lr: 3.778e-09, eta: 1:21:33, time: 0.354, data_time: 0.015, memory: 23314, loss_cls: 0.3682, loss_bbox: 0.3876, loss_kps: 0.0000, loss: 0.7557, grad_norm: 6.5722
2026-09-30 14:39:52,331 - mmdet - INFO - Epoch [28][850/4741]	lr: 3.778e-09, eta: 1:21:15, time: 0.348, data_time: 0.015, memory: 23314, loss_cls: 0.3499, loss_bbox: 0.3856, loss_kps: 0.0000, loss: 0.7356, grad_norm: 6.6773
2026-09-30 14:40:09,993 - mmdet - INFO - Epoch [28][900/4741]	lr: 3.778e-09, eta: 1:20:56, time: 0.352, data_time: 0.014, memory: 23314, loss_cls: 0.3563, loss_bbox: 0.3835, loss_kps: 0.0000, loss: 0.7399, grad_norm: 6.1593
2026-09-30 14:40:27,313 - mmdet - INFO - Epoch [28][950/4741]	lr: 3.778e-09, eta: 1:20:38, time: 0.347, data_time: 0.015, memory: 23314, loss_cls: 0.3687, loss_bbox: 0.3934, loss_kps: 0.0000, loss: 0.7621, grad_norm: 6.7481
2026-09-30 14:40:44,783 - mmdet - INFO - Epoch [28][1000/4741]	lr: 3.778e-09, eta: 1:20:20, time: 0.349, data_time: 0.014, memory: 23314, loss_cls: 0.3673, loss_bbox: 0.3990, loss_kps: 0.0000, loss: 0.7663, grad_norm: 6.9487
2026-09-30 14:41:02,346 - mmdet - INFO - Epoch [28][1050/4741]	lr: 3.778e-09, eta: 1:20:01, time: 0.352, data_time: 0.015, memory: 23314, loss_cls: 0.3662, loss_bbox: 0.3840, loss_kps: 0.0000, loss: 0.7502, grad_norm: 6.6591
2026-09-30 14:41:19,957 - mmdet - INFO - Epoch [28][1100/4741]	lr: 3.778e-09, eta: 1:19:43, time: 0.351, data_time: 0.015, memory: 23314, loss_cls: 0.3717, loss_bbox: 0.3885, loss_kps: 0.0000, loss: 0.7601, grad_norm: 6.7618
2026-09-30 14:41:37,258 - mmdet - INFO - Epoch [28][1150/4741]	lr: 3.778e-09, eta: 1:19:25, time: 0.346, data_time: 0.015, memory: 23314, loss_cls: 0.3612, loss_bbox: 0.3878, loss_kps: 0.0000, loss: 0.7490, grad_norm: 6.5540
2026-09-30 14:41:55,502 - mmdet - INFO - Epoch [28][1200/4741]	lr: 3.778e-09, eta: 1:19:06, time: 0.365, data_time: 0.015, memory: 23314, loss_cls: 0.3662, loss_bbox: 0.3954, loss_kps: 0.0000, loss: 0.7616, grad_norm: 6.8314
2026-09-30 14:42:12,775 - mmdet - INFO - Epoch [28][1250/4741]	lr: 3.778e-09, eta: 1:18:48, time: 0.345, data_time: 0.013, memory: 23314, loss_cls: 0.3567, loss_bbox: 0.3965, loss_kps: 0.0000, loss: 0.7532, grad_norm: 6.7232
2026-09-30 14:42:30,215 - mmdet - INFO - Epoch [28][1300/4741]	lr: 3.778e-09, eta: 1:18:30, time: 0.349, data_time: 0.015, memory: 23314, loss_cls: 0.3682, loss_bbox: 0.3870, loss_kps: 0.0000, loss: 0.7552, grad_norm: 6.8660
2026-09-30 14:42:47,779 - mmdet - INFO - Epoch [28][1350/4741]	lr: 3.778e-09, eta: 1:18:12, time: 0.351, data_time: 0.016, memory: 23314, loss_cls: 0.3579, loss_bbox: 0.3872, loss_kps: 0.0000, loss: 0.7452, grad_norm: 6.6551
2026-09-30 14:43:05,182 - mmdet - INFO - Epoch [28][1400/4741]	lr: 3.778e-09, eta: 1:17:53, time: 0.348, data_time: 0.016, memory: 23314, loss_cls: 0.3690, loss_bbox: 0.3932, loss_kps: 0.0000, loss: 0.7622, grad_norm: 6.5706
2026-09-30 14:43:22,534 - mmdet - INFO - Epoch [28][1450/4741]	lr: 3.778e-09, eta: 1:17:35, time: 0.348, data_time: 0.016, memory: 23314, loss_cls: 0.3566, loss_bbox: 0.3947, loss_kps: 0.0000, loss: 0.7513, grad_norm: 6.5081
2026-09-30 14:43:40,004 - mmdet - INFO - Epoch [28][1500/4741]	lr: 3.778e-09, eta: 1:17:17, time: 0.349, data_time: 0.016, memory: 23314, loss_cls: 0.3691, loss_bbox: 0.3998, loss_kps: 0.0000, loss: 0.7690, grad_norm: 6.8459
2026-09-30 14:43:57,402 - mmdet - INFO - Epoch [28][1550/4741]	lr: 3.778e-09, eta: 1:16:58, time: 0.349, data_time: 0.015, memory: 23314, loss_cls: 0.3685, loss_bbox: 0.3964, loss_kps: 0.0000, loss: 0.7649, grad_norm: 6.5333
2026-09-30 14:44:14,818 - mmdet - INFO - Epoch [28][1600/4741]	lr: 3.778e-09, eta: 1:16:40, time: 0.348, data_time: 0.015, memory: 23314, loss_cls: 0.3716, loss_bbox: 0.3876, loss_kps: 0.0000, loss: 0.7592, grad_norm: 6.6710
2026-09-30 14:44:32,266 - mmdet - INFO - Epoch [28][1650/4741]	lr: 3.778e-09, eta: 1:16:22, time: 0.349, data_time: 0.016, memory: 23314, loss_cls: 0.3654, loss_bbox: 0.3874, loss_kps: 0.0000, loss: 0.7529, grad_norm: 6.4034
2026-09-30 14:44:49,874 - mmdet - INFO - Epoch [28][1700/4741]	lr: 3.778e-09, eta: 1:16:03, time: 0.353, data_time: 0.016, memory: 23314, loss_cls: 0.3682, loss_bbox: 0.3813, loss_kps: 0.0000, loss: 0.7495, grad_norm: 6.9134
2026-09-30 14:45:07,989 - mmdet - INFO - Epoch [28][1750/4741]	lr: 3.778e-09, eta: 1:15:45, time: 0.362, data_time: 0.014, memory: 23314, loss_cls: 0.3697, loss_bbox: 0.4031, loss_kps: 0.0000, loss: 0.7728, grad_norm: 6.4032
2026-09-30 14:45:25,441 - mmdet - INFO - Epoch [28][1800/4741]	lr: 3.778e-09, eta: 1:15:27, time: 0.350, data_time: 0.015, memory: 23314, loss_cls: 0.3562, loss_bbox: 0.3871, loss_kps: 0.0000, loss: 0.7433, grad_norm: 6.5155
2026-09-30 14:45:42,949 - mmdet - INFO - Epoch [28][1850/4741]	lr: 3.778e-09, eta: 1:15:09, time: 0.350, data_time: 0.014, memory: 23314, loss_cls: 0.3689, loss_bbox: 0.3955, loss_kps: 0.0000, loss: 0.7645, grad_norm: 6.7178
2026-09-30 14:46:00,492 - mmdet - INFO - Epoch [28][1900/4741]	lr: 3.778e-09, eta: 1:14:50, time: 0.351, data_time: 0.015, memory: 23314, loss_cls: 0.3779, loss_bbox: 0.4017, loss_kps: 0.0000, loss: 0.7796, grad_norm: 6.6793
2026-09-30 14:46:18,317 - mmdet - INFO - Epoch [28][1950/4741]	lr: 3.778e-09, eta: 1:14:32, time: 0.356, data_time: 0.014, memory: 23314, loss_cls: 0.3715, loss_bbox: 0.3930, loss_kps: 0.0000, loss: 0.7645, grad_norm: 6.3954
2026-09-30 14:46:35,910 - mmdet - INFO - Epoch [28][2000/4741]	lr: 3.778e-09, eta: 1:14:14, time: 0.352, data_time: 0.016, memory: 23314, loss_cls: 0.3702, loss_bbox: 0.3890, loss_kps: 0.0000, loss: 0.7592, grad_norm: 6.4402
2026-09-30 14:46:53,397 - mmdet - INFO - Epoch [28][2050/4741]	lr: 3.778e-09, eta: 1:13:56, time: 0.350, data_time: 0.016, memory: 23314, loss_cls: 0.3598, loss_bbox: 0.3971, loss_kps: 0.0000, loss: 0.7569, grad_norm: 6.2312
2026-09-30 14:47:10,683 - mmdet - INFO - Epoch [28][2100/4741]	lr: 3.778e-09, eta: 1:13:37, time: 0.346, data_time: 0.017, memory: 23314, loss_cls: 0.3737, loss_bbox: 0.4004, loss_kps: 0.0000, loss: 0.7742, grad_norm: 6.8254
2026-09-30 14:47:28,516 - mmdet - INFO - Epoch [28][2150/4741]	lr: 3.778e-09, eta: 1:13:19, time: 0.357, data_time: 0.015, memory: 23314, loss_cls: 0.3678, loss_bbox: 0.3890, loss_kps: 0.0000, loss: 0.7568, grad_norm: 6.7867
2026-09-30 14:47:46,048 - mmdet - INFO - Epoch [28][2200/4741]	lr: 3.778e-09, eta: 1:13:01, time: 0.350, data_time: 0.015, memory: 23314, loss_cls: 0.3676, loss_bbox: 0.3964, loss_kps: 0.0000, loss: 0.7640, grad_norm: 6.4984
2026-09-30 14:48:03,697 - mmdet - INFO - Epoch [28][2250/4741]	lr: 3.778e-09, eta: 1:12:42, time: 0.353, data_time: 0.015, memory: 23314, loss_cls: 0.3714, loss_bbox: 0.3935, loss_kps: 0.0000, loss: 0.7648, grad_norm: 6.6008
2026-09-30 14:48:21,557 - mmdet - INFO - Epoch [28][2300/4741]	lr: 3.778e-09, eta: 1:12:24, time: 0.357, data_time: 0.015, memory: 23314, loss_cls: 0.3852, loss_bbox: 0.4000, loss_kps: 0.0000, loss: 0.7852, grad_norm: 6.9298
2026-09-30 14:48:38,914 - mmdet - INFO - Epoch [28][2350/4741]	lr: 3.778e-09, eta: 1:12:06, time: 0.347, data_time: 0.014, memory: 23314, loss_cls: 0.3554, loss_bbox: 0.3929, loss_kps: 0.0000, loss: 0.7483, grad_norm: 6.3196
2026-09-30 14:48:56,922 - mmdet - INFO - Epoch [28][2400/4741]	lr: 3.778e-09, eta: 1:11:48, time: 0.360, data_time: 0.014, memory: 23314, loss_cls: 0.3737, loss_bbox: 0.4024, loss_kps: 0.0000, loss: 0.7761, grad_norm: 6.4761
2026-09-30 14:49:14,627 - mmdet - INFO - Epoch [28][2450/4741]	lr: 3.778e-09, eta: 1:11:29, time: 0.354, data_time: 0.015, memory: 23314, loss_cls: 0.3812, loss_bbox: 0.4066, loss_kps: 0.0000, loss: 0.7878, grad_norm: 6.8600
2026-09-30 14:49:32,026 - mmdet - INFO - Epoch [28][2500/4741]	lr: 3.778e-09, eta: 1:11:11, time: 0.349, data_time: 0.014, memory: 23314, loss_cls: 0.3732, loss_bbox: 0.4007, loss_kps: 0.0000, loss: 0.7739, grad_norm: 6.6207
2026-09-30 14:49:49,618 - mmdet - INFO - Epoch [28][2550/4741]	lr: 3.778e-09, eta: 1:10:53, time: 0.351, data_time: 0.016, memory: 23314, loss_cls: 0.3630, loss_bbox: 0.3938, loss_kps: 0.0000, loss: 0.7568, grad_norm: 6.6995
2026-09-30 14:50:07,061 - mmdet - INFO - Epoch [28][2600/4741]	lr: 3.778e-09, eta: 1:10:35, time: 0.349, data_time: 0.015, memory: 23314, loss_cls: 0.3744, loss_bbox: 0.3993, loss_kps: 0.0000, loss: 0.7737, grad_norm: 6.6757
2026-09-30 14:50:24,514 - mmdet - INFO - Epoch [28][2650/4741]	lr: 3.778e-09, eta: 1:10:16, time: 0.349, data_time: 0.015, memory: 23314, loss_cls: 0.3594, loss_bbox: 0.3963, loss_kps: 0.0000, loss: 0.7557, grad_norm: 6.2493
2026-09-30 14:50:41,889 - mmdet - INFO - Epoch [28][2700/4741]	lr: 3.778e-09, eta: 1:09:58, time: 0.347, data_time: 0.015, memory: 23314, loss_cls: 0.3685, loss_bbox: 0.4048, loss_kps: 0.0000, loss: 0.7733, grad_norm: 6.7654
2026-09-30 14:50:58,993 - mmdet - INFO - Epoch [28][2750/4741]	lr: 3.778e-09, eta: 1:09:40, time: 0.342, data_time: 0.015, memory: 23314, loss_cls: 0.3774, loss_bbox: 0.3981, loss_kps: 0.0000, loss: 0.7755, grad_norm: 6.7958
2026-09-30 14:51:16,462 - mmdet - INFO - Epoch [28][2800/4741]	lr: 3.778e-09, eta: 1:09:21, time: 0.350, data_time: 0.014, memory: 23314, loss_cls: 0.3758, loss_bbox: 0.3893, loss_kps: 0.0000, loss: 0.7651, grad_norm: 6.6608
2026-09-30 14:51:33,778 - mmdet - INFO - Epoch [28][2850/4741]	lr: 3.778e-09, eta: 1:09:03, time: 0.346, data_time: 0.014, memory: 23314, loss_cls: 0.3579, loss_bbox: 0.3838, loss_kps: 0.0000, loss: 0.7417, grad_norm: 6.6497
2026-09-30 14:51:51,244 - mmdet - INFO - Epoch [28][2900/4741]	lr: 3.778e-09, eta: 1:08:45, time: 0.348, data_time: 0.015, memory: 23314, loss_cls: 0.3731, loss_bbox: 0.3822, loss_kps: 0.0000, loss: 0.7553, grad_norm: 7.0031
2026-09-30 14:52:08,631 - mmdet - INFO - Epoch [28][2950/4741]	lr: 3.778e-09, eta: 1:08:26, time: 0.349, data_time: 0.016, memory: 23314, loss_cls: 0.3674, loss_bbox: 0.3862, loss_kps: 0.0000, loss: 0.7536, grad_norm: 6.6137
2026-09-30 14:52:25,842 - mmdet - INFO - Epoch [28][3000/4741]	lr: 3.778e-09, eta: 1:08:08, time: 0.344, data_time: 0.014, memory: 23314, loss_cls: 0.3676, loss_bbox: 0.3928, loss_kps: 0.0000, loss: 0.7604, grad_norm: 7.0420
2026-09-30 14:52:44,011 - mmdet - INFO - Epoch [28][3050/4741]	lr: 3.778e-09, eta: 1:07:50, time: 0.364, data_time: 0.013, memory: 23314, loss_cls: 0.3623, loss_bbox: 0.3995, loss_kps: 0.0000, loss: 0.7617, grad_norm: 6.4387
2026-09-30 14:53:01,398 - mmdet - INFO - Epoch [28][3100/4741]	lr: 3.778e-09, eta: 1:07:32, time: 0.348, data_time: 0.014, memory: 23314, loss_cls: 0.3787, loss_bbox: 0.3929, loss_kps: 0.0000, loss: 0.7716, grad_norm: 7.5514
2026-09-30 14:53:18,880 - mmdet - INFO - Epoch [28][3150/4741]	lr: 3.778e-09, eta: 1:07:13, time: 0.350, data_time: 0.013, memory: 23314, loss_cls: 0.3721, loss_bbox: 0.3942, loss_kps: 0.0000, loss: 0.7663, grad_norm: 6.6614
2026-09-30 14:53:36,276 - mmdet - INFO - Epoch [28][3200/4741]	lr: 3.778e-09, eta: 1:06:55, time: 0.347, data_time: 0.013, memory: 23314, loss_cls: 0.3774, loss_bbox: 0.3995, loss_kps: 0.0000, loss: 0.7770, grad_norm: 7.2053
2026-09-30 14:53:53,592 - mmdet - INFO - Epoch [28][3250/4741]	lr: 3.778e-09, eta: 1:06:37, time: 0.347, data_time: 0.016, memory: 23314, loss_cls: 0.3747, loss_bbox: 0.4004, loss_kps: 0.0000, loss: 0.7751, grad_norm: 6.6316
2026-09-30 14:54:10,895 - mmdet - INFO - Epoch [28][3300/4741]	lr: 3.778e-09, eta: 1:06:19, time: 0.346, data_time: 0.014, memory: 23314, loss_cls: 0.3647, loss_bbox: 0.3874, loss_kps: 0.0000, loss: 0.7521, grad_norm: 6.8790
2026-09-30 14:54:28,457 - mmdet - INFO - Epoch [28][3350/4741]	lr: 3.778e-09, eta: 1:06:00, time: 0.351, data_time: 0.014, memory: 23314, loss_cls: 0.3737, loss_bbox: 0.3835, loss_kps: 0.0000, loss: 0.7572, grad_norm: 6.9331
2026-09-30 14:54:46,388 - mmdet - INFO - Epoch [28][3400/4741]	lr: 3.778e-09, eta: 1:05:42, time: 0.358, data_time: 0.014, memory: 23314, loss_cls: 0.3776, loss_bbox: 0.3980, loss_kps: 0.0000, loss: 0.7756, grad_norm: 6.7363
2026-09-30 14:55:03,991 - mmdet - INFO - Epoch [28][3450/4741]	lr: 3.778e-09, eta: 1:05:24, time: 0.352, data_time: 0.015, memory: 23314, loss_cls: 0.3696, loss_bbox: 0.3988, loss_kps: 0.0000, loss: 0.7683, grad_norm: 7.3714
2026-09-30 14:55:21,511 - mmdet - INFO - Epoch [28][3500/4741]	lr: 3.778e-09, eta: 1:05:05, time: 0.351, data_time: 0.015, memory: 23314, loss_cls: 0.3716, loss_bbox: 0.3827, loss_kps: 0.0000, loss: 0.7543, grad_norm: 6.5037
2026-09-30 14:55:39,285 - mmdet - INFO - Epoch [28][3550/4741]	lr: 3.778e-09, eta: 1:04:47, time: 0.356, data_time: 0.014, memory: 23314, loss_cls: 0.3507, loss_bbox: 0.3884, loss_kps: 0.0000, loss: 0.7391, grad_norm: 6.3558
2026-09-30 14:55:56,874 - mmdet - INFO - Epoch [28][3600/4741]	lr: 3.778e-09, eta: 1:04:29, time: 0.351, data_time: 0.014, memory: 23314, loss_cls: 0.3588, loss_bbox: 0.3994, loss_kps: 0.0000, loss: 0.7582, grad_norm: 6.6567
2026-09-30 14:56:14,740 - mmdet - INFO - Epoch [28][3650/4741]	lr: 3.778e-09, eta: 1:04:11, time: 0.357, data_time: 0.014, memory: 23314, loss_cls: 0.3685, loss_bbox: 0.3918, loss_kps: 0.0000, loss: 0.7603, grad_norm: 6.7961
2026-09-30 14:56:32,699 - mmdet - INFO - Epoch [28][3700/4741]	lr: 3.778e-09, eta: 1:03:53, time: 0.360, data_time: 0.013, memory: 23314, loss_cls: 0.3546, loss_bbox: 0.3863, loss_kps: 0.0000, loss: 0.7409, grad_norm: 6.5654
2026-09-30 14:56:50,065 - mmdet - INFO - Epoch [28][3750/4741]	lr: 3.778e-09, eta: 1:03:34, time: 0.346, data_time: 0.014, memory: 23314, loss_cls: 0.3801, loss_bbox: 0.3913, loss_kps: 0.0000, loss: 0.7714, grad_norm: 7.2012
2026-09-30 14:57:07,355 - mmdet - INFO - Epoch [28][3800/4741]	lr: 3.778e-09, eta: 1:03:16, time: 0.347, data_time: 0.015, memory: 23314, loss_cls: 0.3684, loss_bbox: 0.3958, loss_kps: 0.0000, loss: 0.7642, grad_norm: 7.0817
2026-09-30 14:57:24,867 - mmdet - INFO - Epoch [28][3850/4741]	lr: 3.778e-09, eta: 1:02:58, time: 0.350, data_time: 0.016, memory: 23314, loss_cls: 0.3637, loss_bbox: 0.3909, loss_kps: 0.0000, loss: 0.7546, grad_norm: 6.8847
2026-09-30 14:57:42,136 - mmdet - INFO - Epoch [28][3900/4741]	lr: 3.778e-09, eta: 1:02:39, time: 0.346, data_time: 0.013, memory: 23314, loss_cls: 0.3711, loss_bbox: 0.3924, loss_kps: 0.0000, loss: 0.7635, grad_norm: 6.4905
2026-09-30 14:57:59,740 - mmdet - INFO - Epoch [28][3950/4741]	lr: 3.778e-09, eta: 1:02:21, time: 0.351, data_time: 0.015, memory: 23314, loss_cls: 0.3697, loss_bbox: 0.3974, loss_kps: 0.0000, loss: 0.7671, grad_norm: 6.8442
2026-09-30 14:58:17,235 - mmdet - INFO - Epoch [28][4000/4741]	lr: 3.778e-09, eta: 1:02:03, time: 0.350, data_time: 0.016, memory: 23314, loss_cls: 0.3767, loss_bbox: 0.3921, loss_kps: 0.0000, loss: 0.7688, grad_norm: 6.9580
2026-09-30 14:58:34,380 - mmdet - INFO - Epoch [28][4050/4741]	lr: 3.778e-09, eta: 1:01:45, time: 0.343, data_time: 0.016, memory: 23314, loss_cls: 0.3814, loss_bbox: 0.3974, loss_kps: 0.0000, loss: 0.7788, grad_norm: 7.1110
2026-09-30 14:58:51,856 - mmdet - INFO - Epoch [28][4100/4741]	lr: 3.778e-09, eta: 1:01:26, time: 0.350, data_time: 0.016, memory: 23314, loss_cls: 0.3614, loss_bbox: 0.3906, loss_kps: 0.0000, loss: 0.7521, grad_norm: 6.3854
2026-09-30 14:59:09,188 - mmdet - INFO - Epoch [28][4150/4741]	lr: 3.778e-09, eta: 1:01:08, time: 0.348, data_time: 0.016, memory: 23314, loss_cls: 0.3769, loss_bbox: 0.3936, loss_kps: 0.0000, loss: 0.7706, grad_norm: 6.7914
2026-09-30 14:59:26,671 - mmdet - INFO - Epoch [28][4200/4741]	lr: 3.778e-09, eta: 1:00:50, time: 0.350, data_time: 0.014, memory: 23314, loss_cls: 0.3810, loss_bbox: 0.4023, loss_kps: 0.0000, loss: 0.7833, grad_norm: 6.7199
2026-09-30 14:59:43,949 - mmdet - INFO - Epoch [28][4250/4741]	lr: 3.778e-09, eta: 1:00:31, time: 0.345, data_time: 0.015, memory: 23314, loss_cls: 0.3734, loss_bbox: 0.3969, loss_kps: 0.0000, loss: 0.7703, grad_norm: 6.2071
2026-09-30 15:00:01,362 - mmdet - INFO - Epoch [28][4300/4741]	lr: 3.778e-09, eta: 1:00:13, time: 0.349, data_time: 0.015, memory: 23314, loss_cls: 0.3659, loss_bbox: 0.3917, loss_kps: 0.0000, loss: 0.7576, grad_norm: 6.7305
2026-09-30 15:00:19,233 - mmdet - INFO - Epoch [28][4350/4741]	lr: 3.778e-09, eta: 0:59:55, time: 0.357, data_time: 0.014, memory: 23314, loss_cls: 0.3729, loss_bbox: 0.3923, loss_kps: 0.0000, loss: 0.7653, grad_norm: 6.9207
2026-09-30 15:00:37,049 - mmdet - INFO - Epoch [28][4400/4741]	lr: 3.778e-09, eta: 0:59:37, time: 0.356, data_time: 0.015, memory: 23314, loss_cls: 0.3677, loss_bbox: 0.4012, loss_kps: 0.0000, loss: 0.7689, grad_norm: 6.9396
2026-09-30 15:00:54,740 - mmdet - INFO - Epoch [28][4450/4741]	lr: 3.778e-09, eta: 0:59:18, time: 0.353, data_time: 0.015, memory: 23314, loss_cls: 0.3734, loss_bbox: 0.3942, loss_kps: 0.0000, loss: 0.7676, grad_norm: 6.8715
2026-09-30 15:01:12,211 - mmdet - INFO - Epoch [28][4500/4741]	lr: 3.778e-09, eta: 0:59:00, time: 0.350, data_time: 0.015, memory: 23314, loss_cls: 0.3577, loss_bbox: 0.3861, loss_kps: 0.0000, loss: 0.7438, grad_norm: 6.7490
2026-09-30 15:01:29,695 - mmdet - INFO - Epoch [28][4550/4741]	lr: 3.778e-09, eta: 0:58:42, time: 0.349, data_time: 0.015, memory: 23314, loss_cls: 0.3717, loss_bbox: 0.3990, loss_kps: 0.0000, loss: 0.7707, grad_norm: 6.4917
2026-09-30 15:01:47,032 - mmdet - INFO - Epoch [28][4600/4741]	lr: 3.778e-09, eta: 0:58:24, time: 0.348, data_time: 0.016, memory: 23314, loss_cls: 0.3758, loss_bbox: 0.3984, loss_kps: 0.0000, loss: 0.7742, grad_norm: 6.3512
2026-09-30 15:02:04,368 - mmdet - INFO - Epoch [28][4650/4741]	lr: 3.778e-09, eta: 0:58:05, time: 0.346, data_time: 0.015, memory: 23314, loss_cls: 0.3784, loss_bbox: 0.3975, loss_kps: 0.0000, loss: 0.7759, grad_norm: 6.6908
2026-09-30 15:02:21,906 - mmdet - INFO - Epoch [28][4700/4741]	lr: 3.778e-09, eta: 0:57:47, time: 0.351, data_time: 0.016, memory: 23314, loss_cls: 0.3837, loss_bbox: 0.3915, loss_kps: 0.0000, loss: 0.7752, grad_norm: 6.8249
2026-09-30 15:02:33,452 - mmdet - INFO - Saving checkpoint at 28 epochs
2026-09-30 15:03:10,045 - mmdet - INFO - Epoch [29][50/4741]	lr: 3.778e-09, eta: 0:57:13, time: 0.425, data_time: 0.083, memory: 23314, loss_cls: 0.3560, loss_bbox: 0.3940, loss_kps: 0.0000, loss: 0.7499, grad_norm: 6.3922
2026-09-30 15:03:27,688 - mmdet - INFO - Epoch [29][100/4741]	lr: 3.778e-09, eta: 0:56:55, time: 0.353, data_time: 0.015, memory: 23314, loss_cls: 0.3522, loss_bbox: 0.3873, loss_kps: 0.0000, loss: 0.7395, grad_norm: 6.3619
2026-09-30 15:03:45,188 - mmdet - INFO - Epoch [29][150/4741]	lr: 3.778e-09, eta: 0:56:37, time: 0.350, data_time: 0.014, memory: 23314, loss_cls: 0.3610, loss_bbox: 0.3864, loss_kps: 0.0000, loss: 0.7474, grad_norm: 6.8473
2026-09-30 15:04:03,707 - mmdet - INFO - Epoch [29][200/4741]	lr: 3.778e-09, eta: 0:56:19, time: 0.370, data_time: 0.015, memory: 23314, loss_cls: 0.3575, loss_bbox: 0.3969, loss_kps: 0.0000, loss: 0.7544, grad_norm: 7.1369
2026-09-30 15:04:21,695 - mmdet - INFO - Epoch [29][250/4741]	lr: 3.778e-09, eta: 0:56:00, time: 0.360, data_time: 0.014, memory: 23314, loss_cls: 0.3567, loss_bbox: 0.3873, loss_kps: 0.0000, loss: 0.7439, grad_norm: 6.2968
2026-09-30 15:04:39,176 - mmdet - INFO - Epoch [29][300/4741]	lr: 3.778e-09, eta: 0:55:42, time: 0.349, data_time: 0.014, memory: 23314, loss_cls: 0.3790, loss_bbox: 0.3966, loss_kps: 0.0000, loss: 0.7756, grad_norm: 6.9334
2026-09-30 15:04:56,634 - mmdet - INFO - Epoch [29][350/4741]	lr: 3.778e-09, eta: 0:55:24, time: 0.349, data_time: 0.014, memory: 23314, loss_cls: 0.3631, loss_bbox: 0.3999, loss_kps: 0.0000, loss: 0.7631, grad_norm: 6.7181
2026-09-30 15:05:14,314 - mmdet - INFO - Epoch [29][400/4741]	lr: 3.778e-09, eta: 0:55:06, time: 0.353, data_time: 0.014, memory: 23314, loss_cls: 0.3936, loss_bbox: 0.4063, loss_kps: 0.0000, loss: 0.7999, grad_norm: 6.8279
2026-09-30 15:05:31,647 - mmdet - INFO - Epoch [29][450/4741]	lr: 3.778e-09, eta: 0:54:47, time: 0.347, data_time: 0.015, memory: 23314, loss_cls: 0.3737, loss_bbox: 0.4003, loss_kps: 0.0000, loss: 0.7740, grad_norm: 6.6941
2026-09-30 15:05:49,263 - mmdet - INFO - Epoch [29][500/4741]	lr: 3.778e-09, eta: 0:54:29, time: 0.353, data_time: 0.015, memory: 23314, loss_cls: 0.3751, loss_bbox: 0.3960, loss_kps: 0.0000, loss: 0.7711, grad_norm: 7.0455
2026-09-30 15:06:06,794 - mmdet - INFO - Epoch [29][550/4741]	lr: 3.778e-09, eta: 0:54:11, time: 0.351, data_time: 0.014, memory: 23314, loss_cls: 0.3723, loss_bbox: 0.3973, loss_kps: 0.0000, loss: 0.7695, grad_norm: 6.6763
2026-09-30 15:06:24,302 - mmdet - INFO - Epoch [29][600/4741]	lr: 3.778e-09, eta: 0:53:53, time: 0.350, data_time: 0.014, memory: 23314, loss_cls: 0.3782, loss_bbox: 0.4020, loss_kps: 0.0000, loss: 0.7802, grad_norm: 6.8273
2026-09-30 15:06:42,151 - mmdet - INFO - Epoch [29][650/4741]	lr: 3.778e-09, eta: 0:53:34, time: 0.356, data_time: 0.013, memory: 23314, loss_cls: 0.3707, loss_bbox: 0.3978, loss_kps: 0.0000, loss: 0.7685, grad_norm: 7.0625
2026-09-30 15:06:59,814 - mmdet - INFO - Epoch [29][700/4741]	lr: 3.778e-09, eta: 0:53:16, time: 0.353, data_time: 0.015, memory: 23314, loss_cls: 0.3569, loss_bbox: 0.3912, loss_kps: 0.0000, loss: 0.7481, grad_norm: 6.7550
2026-09-30 15:07:17,322 - mmdet - INFO - Epoch [29][750/4741]	lr: 3.778e-09, eta: 0:52:58, time: 0.351, data_time: 0.015, memory: 23314, loss_cls: 0.3694, loss_bbox: 0.3941, loss_kps: 0.0000, loss: 0.7635, grad_norm: 6.8734
2026-09-30 15:07:34,562 - mmdet - INFO - Epoch [29][800/4741]	lr: 3.778e-09, eta: 0:52:40, time: 0.344, data_time: 0.015, memory: 23314, loss_cls: 0.3622, loss_bbox: 0.3942, loss_kps: 0.0000, loss: 0.7564, grad_norm: 6.5083
2026-09-30 15:07:51,919 - mmdet - INFO - Epoch [29][850/4741]	lr: 3.778e-09, eta: 0:52:21, time: 0.348, data_time: 0.015, memory: 23314, loss_cls: 0.3756, loss_bbox: 0.3949, loss_kps: 0.0000, loss: 0.7705, grad_norm: 6.7895
2026-09-30 15:08:09,538 - mmdet - INFO - Epoch [29][900/4741]	lr: 3.778e-09, eta: 0:52:03, time: 0.351, data_time: 0.014, memory: 23314, loss_cls: 0.3710, loss_bbox: 0.3933, loss_kps: 0.0000, loss: 0.7643, grad_norm: 6.6847
2026-09-30 15:08:26,879 - mmdet - INFO - Epoch [29][950/4741]	lr: 3.778e-09, eta: 0:51:45, time: 0.347, data_time: 0.015, memory: 23314, loss_cls: 0.3683, loss_bbox: 0.3935, loss_kps: 0.0000, loss: 0.7618, grad_norm: 6.3148
2026-09-30 15:08:45,199 - mmdet - INFO - Epoch [29][1000/4741]	lr: 3.778e-09, eta: 0:51:27, time: 0.366, data_time: 0.027, memory: 23314, loss_cls: 0.3631, loss_bbox: 0.3985, loss_kps: 0.0000, loss: 0.7616, grad_norm: 6.6088
2026-09-30 15:09:02,604 - mmdet - INFO - Epoch [29][1050/4741]	lr: 3.778e-09, eta: 0:51:08, time: 0.349, data_time: 0.015, memory: 23314, loss_cls: 0.3612, loss_bbox: 0.3878, loss_kps: 0.0000, loss: 0.7491, grad_norm: 6.7875
2026-09-30 15:09:19,947 - mmdet - INFO - Epoch [29][1100/4741]	lr: 3.778e-09, eta: 0:50:50, time: 0.347, data_time: 0.014, memory: 23314, loss_cls: 0.3704, loss_bbox: 0.3941, loss_kps: 0.0000, loss: 0.7645, grad_norm: 6.9411
2026-09-30 15:09:37,386 - mmdet - INFO - Epoch [29][1150/4741]	lr: 3.778e-09, eta: 0:50:32, time: 0.348, data_time: 0.014, memory: 23314, loss_cls: 0.3672, loss_bbox: 0.4026, loss_kps: 0.0000, loss: 0.7699, grad_norm: 6.7026
2026-09-30 15:09:54,754 - mmdet - INFO - Epoch [29][1200/4741]	lr: 3.778e-09, eta: 0:50:14, time: 0.348, data_time: 0.015, memory: 23314, loss_cls: 0.3522, loss_bbox: 0.3935, loss_kps: 0.0000, loss: 0.7457, grad_norm: 6.7244
2026-09-30 15:10:12,429 - mmdet - INFO - Epoch [29][1250/4741]	lr: 3.778e-09, eta: 0:49:55, time: 0.353, data_time: 0.015, memory: 23314, loss_cls: 0.3679, loss_bbox: 0.3959, loss_kps: 0.0000, loss: 0.7638, grad_norm: 6.5907
2026-09-30 15:10:29,870 - mmdet - INFO - Epoch [29][1300/4741]	lr: 3.778e-09, eta: 0:49:37, time: 0.349, data_time: 0.014, memory: 23314, loss_cls: 0.3687, loss_bbox: 0.3915, loss_kps: 0.0000, loss: 0.7602, grad_norm: 6.4901
2026-09-30 15:10:47,235 - mmdet - INFO - Epoch [29][1350/4741]	lr: 3.778e-09, eta: 0:49:19, time: 0.347, data_time: 0.014, memory: 23314, loss_cls: 0.3652, loss_bbox: 0.3939, loss_kps: 0.0000, loss: 0.7591, grad_norm: 6.5820
2026-09-30 15:11:04,689 - mmdet - INFO - Epoch [29][1400/4741]	lr: 3.778e-09, eta: 0:49:01, time: 0.349, data_time: 0.016, memory: 23314, loss_cls: 0.3614, loss_bbox: 0.3801, loss_kps: 0.0000, loss: 0.7415, grad_norm: 6.5602
2026-09-30 15:11:22,136 - mmdet - INFO - Epoch [29][1450/4741]	lr: 3.778e-09, eta: 0:48:42, time: 0.350, data_time: 0.016, memory: 23314, loss_cls: 0.3566, loss_bbox: 0.3939, loss_kps: 0.0000, loss: 0.7505, grad_norm: 6.4769
2026-09-30 15:11:40,119 - mmdet - INFO - Epoch [29][1500/4741]	lr: 3.778e-09, eta: 0:48:24, time: 0.359, data_time: 0.014, memory: 23314, loss_cls: 0.3708, loss_bbox: 0.3967, loss_kps: 0.0000, loss: 0.7674, grad_norm: 7.0482
2026-09-30 15:11:57,463 - mmdet - INFO - Epoch [29][1550/4741]	lr: 3.778e-09, eta: 0:48:06, time: 0.346, data_time: 0.015, memory: 23314, loss_cls: 0.3595, loss_bbox: 0.4021, loss_kps: 0.0000, loss: 0.7616, grad_norm: 6.6517
2026-09-30 15:12:14,633 - mmdet - INFO - Epoch [29][1600/4741]	lr: 3.778e-09, eta: 0:47:48, time: 0.343, data_time: 0.016, memory: 23314, loss_cls: 0.3614, loss_bbox: 0.3852, loss_kps: 0.0000, loss: 0.7467, grad_norm: 6.7239
2026-09-30 15:12:32,012 - mmdet - INFO - Epoch [29][1650/4741]	lr: 3.778e-09, eta: 0:47:30, time: 0.348, data_time: 0.017, memory: 23314, loss_cls: 0.3565, loss_bbox: 0.3926, loss_kps: 0.0000, loss: 0.7491, grad_norm: 6.5223
2026-09-30 15:12:49,668 - mmdet - INFO - Epoch [29][1700/4741]	lr: 3.778e-09, eta: 0:47:11, time: 0.353, data_time: 0.016, memory: 23314, loss_cls: 0.3768, loss_bbox: 0.3919, loss_kps: 0.0000, loss: 0.7686, grad_norm: 6.8445
2026-09-30 15:13:07,231 - mmdet - INFO - Epoch [29][1750/4741]	lr: 3.778e-09, eta: 0:46:53, time: 0.351, data_time: 0.015, memory: 23314, loss_cls: 0.3577, loss_bbox: 0.3907, loss_kps: 0.0000, loss: 0.7484, grad_norm: 6.6798
2026-09-30 15:13:25,026 - mmdet - INFO - Epoch [29][1800/4741]	lr: 3.778e-09, eta: 0:46:35, time: 0.357, data_time: 0.015, memory: 23314, loss_cls: 0.3571, loss_bbox: 0.3929, loss_kps: 0.0000, loss: 0.7500, grad_norm: 6.5035
2026-09-30 15:13:42,838 - mmdet - INFO - Epoch [29][1850/4741]	lr: 3.778e-09, eta: 0:46:17, time: 0.356, data_time: 0.014, memory: 23314, loss_cls: 0.3840, loss_bbox: 0.4109, loss_kps: 0.0000, loss: 0.7949, grad_norm: 6.6673
2026-09-30 15:14:00,129 - mmdet - INFO - Epoch [29][1900/4741]	lr: 3.778e-09, eta: 0:45:58, time: 0.345, data_time: 0.016, memory: 23314, loss_cls: 0.3571, loss_bbox: 0.3795, loss_kps: 0.0000, loss: 0.7366, grad_norm: 6.3994
2026-09-30 15:14:17,413 - mmdet - INFO - Epoch [29][1950/4741]	lr: 3.778e-09, eta: 0:45:40, time: 0.346, data_time: 0.015, memory: 23314, loss_cls: 0.3847, loss_bbox: 0.3939, loss_kps: 0.0000, loss: 0.7786, grad_norm: 6.8672
2026-09-30 15:14:34,954 - mmdet - INFO - Epoch [29][2000/4741]	lr: 3.778e-09, eta: 0:45:22, time: 0.351, data_time: 0.018, memory: 23314, loss_cls: 0.3738, loss_bbox: 0.3823, loss_kps: 0.0000, loss: 0.7561, grad_norm: 7.0727
2026-09-30 15:14:52,516 - mmdet - INFO - Epoch [29][2050/4741]	lr: 3.778e-09, eta: 0:45:04, time: 0.351, data_time: 0.016, memory: 23314, loss_cls: 0.3553, loss_bbox: 0.3777, loss_kps: 0.0000, loss: 0.7330, grad_norm: 7.0116
2026-09-30 15:15:09,998 - mmdet - INFO - Epoch [29][2100/4741]	lr: 3.778e-09, eta: 0:44:45, time: 0.350, data_time: 0.016, memory: 23314, loss_cls: 0.3650, loss_bbox: 0.3889, loss_kps: 0.0000, loss: 0.7539, grad_norm: 6.4760
2026-09-30 15:15:27,545 - mmdet - INFO - Epoch [29][2150/4741]	lr: 3.778e-09, eta: 0:44:27, time: 0.351, data_time: 0.016, memory: 23314, loss_cls: 0.3618, loss_bbox: 0.3896, loss_kps: 0.0000, loss: 0.7513, grad_norm: 6.4913
2026-09-30 15:15:45,059 - mmdet - INFO - Epoch [29][2200/4741]	lr: 3.778e-09, eta: 0:44:09, time: 0.350, data_time: 0.015, memory: 23314, loss_cls: 0.3748, loss_bbox: 0.4016, loss_kps: 0.0000, loss: 0.7764, grad_norm: 6.9675
2026-09-30 15:16:02,417 - mmdet - INFO - Epoch [29][2250/4741]	lr: 3.778e-09, eta: 0:43:51, time: 0.347, data_time: 0.016, memory: 23314, loss_cls: 0.3616, loss_bbox: 0.3994, loss_kps: 0.0000, loss: 0.7610, grad_norm: 6.6015
2026-09-30 15:16:19,642 - mmdet - INFO - Epoch [29][2300/4741]	lr: 3.778e-09, eta: 0:43:33, time: 0.345, data_time: 0.017, memory: 23314, loss_cls: 0.3905, loss_bbox: 0.3974, loss_kps: 0.0000, loss: 0.7879, grad_norm: 7.0562
2026-09-30 15:16:37,113 - mmdet - INFO - Epoch [29][2350/4741]	lr: 3.778e-09, eta: 0:43:14, time: 0.349, data_time: 0.017, memory: 23314, loss_cls: 0.3841, loss_bbox: 0.3807, loss_kps: 0.0000, loss: 0.7648, grad_norm: 6.8923
2026-09-30 15:16:54,491 - mmdet - INFO - Epoch [29][2400/4741]	lr: 3.778e-09, eta: 0:42:56, time: 0.348, data_time: 0.016, memory: 23314, loss_cls: 0.3522, loss_bbox: 0.3882, loss_kps: 0.0000, loss: 0.7405, grad_norm: 6.5748
2026-09-30 15:17:12,142 - mmdet - INFO - Epoch [29][2450/4741]	lr: 3.778e-09, eta: 0:42:38, time: 0.352, data_time: 0.015, memory: 23314, loss_cls: 0.3704, loss_bbox: 0.3888, loss_kps: 0.0000, loss: 0.7593, grad_norm: 6.6401
2026-09-30 15:17:30,297 - mmdet - INFO - Epoch [29][2500/4741]	lr: 3.778e-09, eta: 0:42:20, time: 0.364, data_time: 0.015, memory: 23314, loss_cls: 0.3611, loss_bbox: 0.3908, loss_kps: 0.0000, loss: 0.7519, grad_norm: 6.3407
2026-09-30 15:17:47,834 - mmdet - INFO - Epoch [29][2550/4741]	lr: 3.778e-09, eta: 0:42:01, time: 0.350, data_time: 0.015, memory: 23314, loss_cls: 0.3745, loss_bbox: 0.3996, loss_kps: 0.0000, loss: 0.7741, grad_norm: 6.5150
2026-09-30 15:18:05,678 - mmdet - INFO - Epoch [29][2600/4741]	lr: 3.778e-09, eta: 0:41:43, time: 0.357, data_time: 0.015, memory: 23314, loss_cls: 0.3677, loss_bbox: 0.3953, loss_kps: 0.0000, loss: 0.7630, grad_norm: 6.6234
2026-09-30 15:18:23,045 - mmdet - INFO - Epoch [29][2650/4741]	lr: 3.778e-09, eta: 0:41:25, time: 0.347, data_time: 0.016, memory: 23314, loss_cls: 0.3735, loss_bbox: 0.3965, loss_kps: 0.0000, loss: 0.7700, grad_norm: 7.0518
2026-09-30 15:18:40,357 - mmdet - INFO - Epoch [29][2700/4741]	lr: 3.778e-09, eta: 0:41:07, time: 0.347, data_time: 0.015, memory: 23314, loss_cls: 0.3836, loss_bbox: 0.3977, loss_kps: 0.0000, loss: 0.7813, grad_norm: 6.5960
2026-09-30 15:18:58,242 - mmdet - INFO - Epoch [29][2750/4741]	lr: 3.778e-09, eta: 0:40:49, time: 0.357, data_time: 0.015, memory: 23314, loss_cls: 0.3655, loss_bbox: 0.3910, loss_kps: 0.0000, loss: 0.7565, grad_norm: 6.6631
2026-09-30 15:19:15,677 - mmdet - INFO - Epoch [29][2800/4741]	lr: 3.778e-09, eta: 0:40:30, time: 0.349, data_time: 0.017, memory: 23314, loss_cls: 0.3757, loss_bbox: 0.3909, loss_kps: 0.0000, loss: 0.7666, grad_norm: 6.9603
2026-09-30 15:19:33,137 - mmdet - INFO - Epoch [29][2850/4741]	lr: 3.778e-09, eta: 0:40:12, time: 0.349, data_time: 0.015, memory: 23314, loss_cls: 0.3750, loss_bbox: 0.3853, loss_kps: 0.0000, loss: 0.7604, grad_norm: 6.8694
2026-09-30 15:19:50,977 - mmdet - INFO - Epoch [29][2900/4741]	lr: 3.778e-09, eta: 0:39:54, time: 0.356, data_time: 0.014, memory: 23314, loss_cls: 0.3661, loss_bbox: 0.4014, loss_kps: 0.0000, loss: 0.7675, grad_norm: 6.5751
2026-09-30 15:20:08,296 - mmdet - INFO - Epoch [29][2950/4741]	lr: 3.778e-09, eta: 0:39:36, time: 0.347, data_time: 0.016, memory: 23314, loss_cls: 0.3615, loss_bbox: 0.3895, loss_kps: 0.0000, loss: 0.7510, grad_norm: 6.7969
2026-09-30 15:20:26,014 - mmdet - INFO - Epoch [29][3000/4741]	lr: 3.778e-09, eta: 0:39:17, time: 0.354, data_time: 0.015, memory: 23314, loss_cls: 0.3736, loss_bbox: 0.3895, loss_kps: 0.0000, loss: 0.7631, grad_norm: 6.6560
2026-09-30 15:20:43,456 - mmdet - INFO - Epoch [29][3050/4741]	lr: 3.778e-09, eta: 0:38:59, time: 0.349, data_time: 0.016, memory: 23314, loss_cls: 0.3567, loss_bbox: 0.3770, loss_kps: 0.0000, loss: 0.7336, grad_norm: 7.3966
2026-09-30 15:21:00,941 - mmdet - INFO - Epoch [29][3100/4741]	lr: 3.778e-09, eta: 0:38:41, time: 0.350, data_time: 0.015, memory: 23314, loss_cls: 0.3618, loss_bbox: 0.3955, loss_kps: 0.0000, loss: 0.7573, grad_norm: 7.0360
2026-09-30 15:21:18,539 - mmdet - INFO - Epoch [29][3150/4741]	lr: 3.778e-09, eta: 0:38:23, time: 0.351, data_time: 0.015, memory: 23314, loss_cls: 0.3671, loss_bbox: 0.3911, loss_kps: 0.0000, loss: 0.7581, grad_norm: 6.6905
2026-09-30 15:21:36,105 - mmdet - INFO - Epoch [29][3200/4741]	lr: 3.778e-09, eta: 0:38:05, time: 0.352, data_time: 0.015, memory: 23314, loss_cls: 0.3574, loss_bbox: 0.3883, loss_kps: 0.0000, loss: 0.7457, grad_norm: 6.9995
2026-09-30 15:21:54,148 - mmdet - INFO - Epoch [29][3250/4741]	lr: 3.778e-09, eta: 0:37:46, time: 0.361, data_time: 0.015, memory: 23314, loss_cls: 0.3724, loss_bbox: 0.3889, loss_kps: 0.0000, loss: 0.7613, grad_norm: 6.8637
2026-09-30 15:22:11,617 - mmdet - INFO - Epoch [29][3300/4741]	lr: 3.778e-09, eta: 0:37:28, time: 0.349, data_time: 0.015, memory: 23314, loss_cls: 0.3656, loss_bbox: 0.3899, loss_kps: 0.0000, loss: 0.7555, grad_norm: 6.6568
2026-09-30 15:22:29,024 - mmdet - INFO - Epoch [29][3350/4741]	lr: 3.778e-09, eta: 0:37:10, time: 0.349, data_time: 0.016, memory: 23314, loss_cls: 0.3764, loss_bbox: 0.4009, loss_kps: 0.0000, loss: 0.7772, grad_norm: 6.7638
2026-09-30 15:22:46,649 - mmdet - INFO - Epoch [29][3400/4741]	lr: 3.778e-09, eta: 0:36:52, time: 0.352, data_time: 0.015, memory: 23314, loss_cls: 0.3692, loss_bbox: 0.3977, loss_kps: 0.0000, loss: 0.7670, grad_norm: 6.8835
2026-09-30 15:23:04,104 - mmdet - INFO - Epoch [29][3450/4741]	lr: 3.778e-09, eta: 0:36:33, time: 0.349, data_time: 0.014, memory: 23314, loss_cls: 0.3689, loss_bbox: 0.4019, loss_kps: 0.0000, loss: 0.7708, grad_norm: 6.8959
2026-09-30 15:23:21,507 - mmdet - INFO - Epoch [29][3500/4741]	lr: 3.778e-09, eta: 0:36:15, time: 0.348, data_time: 0.015, memory: 23314, loss_cls: 0.3590, loss_bbox: 0.3958, loss_kps: 0.0000, loss: 0.7548, grad_norm: 6.5357
2026-09-30 15:23:38,929 - mmdet - INFO - Epoch [29][3550/4741]	lr: 3.778e-09, eta: 0:35:57, time: 0.348, data_time: 0.015, memory: 23314, loss_cls: 0.3613, loss_bbox: 0.3873, loss_kps: 0.0000, loss: 0.7487, grad_norm: 6.5759
2026-09-30 15:23:56,324 - mmdet - INFO - Epoch [29][3600/4741]	lr: 3.778e-09, eta: 0:35:39, time: 0.348, data_time: 0.016, memory: 23314, loss_cls: 0.3614, loss_bbox: 0.3876, loss_kps: 0.0000, loss: 0.7490, grad_norm: 6.7982
2026-09-30 15:24:13,700 - mmdet - INFO - Epoch [29][3650/4741]	lr: 3.778e-09, eta: 0:35:21, time: 0.347, data_time: 0.016, memory: 23314, loss_cls: 0.3587, loss_bbox: 0.3755, loss_kps: 0.0000, loss: 0.7342, grad_norm: 6.6691
2026-09-30 15:24:31,234 - mmdet - INFO - Epoch [29][3700/4741]	lr: 3.778e-09, eta: 0:35:02, time: 0.351, data_time: 0.016, memory: 23314, loss_cls: 0.3585, loss_bbox: 0.3865, loss_kps: 0.0000, loss: 0.7451, grad_norm: 6.6292
2026-09-30 15:24:48,674 - mmdet - INFO - Epoch [29][3750/4741]	lr: 3.778e-09, eta: 0:34:44, time: 0.349, data_time: 0.015, memory: 23314, loss_cls: 0.3732, loss_bbox: 0.3976, loss_kps: 0.0000, loss: 0.7708, grad_norm: 6.8005
2026-09-30 15:25:06,032 - mmdet - INFO - Epoch [29][3800/4741]	lr: 3.778e-09, eta: 0:34:26, time: 0.348, data_time: 0.018, memory: 23314, loss_cls: 0.3823, loss_bbox: 0.3973, loss_kps: 0.0000, loss: 0.7796, grad_norm: 6.6860
2026-09-30 15:25:23,686 - mmdet - INFO - Epoch [29][3850/4741]	lr: 3.778e-09, eta: 0:34:08, time: 0.352, data_time: 0.015, memory: 23314, loss_cls: 0.3452, loss_bbox: 0.3775, loss_kps: 0.0000, loss: 0.7228, grad_norm: 6.3383
2026-09-30 15:25:41,325 - mmdet - INFO - Epoch [29][3900/4741]	lr: 3.778e-09, eta: 0:33:50, time: 0.353, data_time: 0.017, memory: 23314, loss_cls: 0.3674, loss_bbox: 0.3991, loss_kps: 0.0000, loss: 0.7665, grad_norm: 6.9230
2026-09-30 15:25:58,902 - mmdet - INFO - Epoch [29][3950/4741]	lr: 3.778e-09, eta: 0:33:31, time: 0.352, data_time: 0.016, memory: 23314, loss_cls: 0.3682, loss_bbox: 0.3867, loss_kps: 0.0000, loss: 0.7549, grad_norm: 6.8099
2026-09-30 15:26:16,780 - mmdet - INFO - Epoch [29][4000/4741]	lr: 3.778e-09, eta: 0:33:13, time: 0.358, data_time: 0.014, memory: 23314, loss_cls: 0.3602, loss_bbox: 0.3915, loss_kps: 0.0000, loss: 0.7517, grad_norm: 6.4234
2026-09-30 15:26:34,248 - mmdet - INFO - Epoch [29][4050/4741]	lr: 3.778e-09, eta: 0:32:55, time: 0.348, data_time: 0.015, memory: 23314, loss_cls: 0.3820, loss_bbox: 0.3867, loss_kps: 0.0000, loss: 0.7687, grad_norm: 6.5912
2026-09-30 15:26:52,114 - mmdet - INFO - Epoch [29][4100/4741]	lr: 3.778e-09, eta: 0:32:37, time: 0.357, data_time: 0.015, memory: 23314, loss_cls: 0.3603, loss_bbox: 0.3848, loss_kps: 0.0000, loss: 0.7451, grad_norm: 6.7415
2026-09-30 15:27:10,160 - mmdet - INFO - Epoch [29][4150/4741]	lr: 3.778e-09, eta: 0:32:19, time: 0.361, data_time: 0.015, memory: 23314, loss_cls: 0.3807, loss_bbox: 0.3947, loss_kps: 0.0000, loss: 0.7754, grad_norm: 7.0210
2026-09-30 15:27:27,450 - mmdet - INFO - Epoch [29][4200/4741]	lr: 3.778e-09, eta: 0:32:00, time: 0.346, data_time: 0.015, memory: 23314, loss_cls: 0.3783, loss_bbox: 0.3972, loss_kps: 0.0000, loss: 0.7756, grad_norm: 7.5389
2026-09-30 15:27:44,979 - mmdet - INFO - Epoch [29][4250/4741]	lr: 3.778e-09, eta: 0:31:42, time: 0.351, data_time: 0.016, memory: 23314, loss_cls: 0.3749, loss_bbox: 0.3903, loss_kps: 0.0000, loss: 0.7652, grad_norm: 6.4845
2026-09-30 15:28:02,416 - mmdet - INFO - Epoch [29][4300/4741]	lr: 3.778e-09, eta: 0:31:24, time: 0.349, data_time: 0.016, memory: 23314, loss_cls: 0.3657, loss_bbox: 0.3969, loss_kps: 0.0000, loss: 0.7625, grad_norm: 7.0840
2026-09-30 15:28:19,848 - mmdet - INFO - Epoch [29][4350/4741]	lr: 3.778e-09, eta: 0:31:06, time: 0.349, data_time: 0.015, memory: 23314, loss_cls: 0.3683, loss_bbox: 0.3799, loss_kps: 0.0000, loss: 0.7482, grad_norm: 6.8573
2026-09-30 15:28:37,623 - mmdet - INFO - Epoch [29][4400/4741]	lr: 3.778e-09, eta: 0:30:48, time: 0.354, data_time: 0.014, memory: 23314, loss_cls: 0.3787, loss_bbox: 0.4067, loss_kps: 0.0000, loss: 0.7854, grad_norm: 7.0244
2026-09-30 15:28:55,251 - mmdet - INFO - Epoch [29][4450/4741]	lr: 3.778e-09, eta: 0:30:29, time: 0.354, data_time: 0.014, memory: 23314, loss_cls: 0.3816, loss_bbox: 0.3930, loss_kps: 0.0000, loss: 0.7746, grad_norm: 6.9541
2026-09-30 15:29:12,607 - mmdet - INFO - Epoch [29][4500/4741]	lr: 3.778e-09, eta: 0:30:11, time: 0.347, data_time: 0.015, memory: 23314, loss_cls: 0.3651, loss_bbox: 0.3905, loss_kps: 0.0000, loss: 0.7556, grad_norm: 7.1833
2026-09-30 15:29:29,917 - mmdet - INFO - Epoch [29][4550/4741]	lr: 3.778e-09, eta: 0:29:53, time: 0.346, data_time: 0.015, memory: 23314, loss_cls: 0.3801, loss_bbox: 0.3952, loss_kps: 0.0000, loss: 0.7752, grad_norm: 6.5950
2026-09-30 15:29:47,412 - mmdet - INFO - Epoch [29][4600/4741]	lr: 3.778e-09, eta: 0:29:35, time: 0.350, data_time: 0.014, memory: 23314, loss_cls: 0.3638, loss_bbox: 0.3933, loss_kps: 0.0000, loss: 0.7571, grad_norm: 6.6380
2026-09-30 15:30:04,836 - mmdet - INFO - Epoch [29][4650/4741]	lr: 3.778e-09, eta: 0:29:16, time: 0.349, data_time: 0.016, memory: 23314, loss_cls: 0.3703, loss_bbox: 0.3930, loss_kps: 0.0000, loss: 0.7634, grad_norm: 6.7460
2026-09-30 15:30:22,479 - mmdet - INFO - Epoch [29][4700/4741]	lr: 3.778e-09, eta: 0:28:58, time: 0.353, data_time: 0.014, memory: 23314, loss_cls: 0.3685, loss_bbox: 0.3963, loss_kps: 0.0000, loss: 0.7648, grad_norm: 6.6273
2026-09-30 15:30:34,116 - mmdet - INFO - Saving checkpoint at 29 epochs
2026-09-30 15:31:10,292 - mmdet - INFO - Epoch [30][50/4741]	lr: 3.778e-09, eta: 0:28:25, time: 0.423, data_time: 0.085, memory: 23314, loss_cls: 0.3802, loss_bbox: 0.3987, loss_kps: 0.0000, loss: 0.7789, grad_norm: 6.7241
2026-09-30 15:31:28,104 - mmdet - INFO - Epoch [30][100/4741]	lr: 3.778e-09, eta: 0:28:07, time: 0.356, data_time: 0.015, memory: 23314, loss_cls: 0.3699, loss_bbox: 0.3927, loss_kps: 0.0000, loss: 0.7626, grad_norm: 6.7258
2026-09-30 15:31:45,899 - mmdet - INFO - Epoch [30][150/4741]	lr: 3.778e-09, eta: 0:27:48, time: 0.356, data_time: 0.016, memory: 23314, loss_cls: 0.3665, loss_bbox: 0.3941, loss_kps: 0.0000, loss: 0.7605, grad_norm: 6.7236
2026-09-30 15:32:03,541 - mmdet - INFO - Epoch [30][200/4741]	lr: 3.778e-09, eta: 0:27:30, time: 0.354, data_time: 0.014, memory: 23314, loss_cls: 0.3699, loss_bbox: 0.4006, loss_kps: 0.0000, loss: 0.7705, grad_norm: 6.3520
2026-09-30 15:32:21,206 - mmdet - INFO - Epoch [30][250/4741]	lr: 3.778e-09, eta: 0:27:12, time: 0.352, data_time: 0.015, memory: 23314, loss_cls: 0.3805, loss_bbox: 0.4016, loss_kps: 0.0000, loss: 0.7820, grad_norm: 6.9700
2026-09-30 15:32:38,604 - mmdet - INFO - Epoch [30][300/4741]	lr: 3.778e-09, eta: 0:26:54, time: 0.348, data_time: 0.016, memory: 23314, loss_cls: 0.3566, loss_bbox: 0.3865, loss_kps: 0.0000, loss: 0.7431, grad_norm: 7.0238
2026-09-30 15:32:56,176 - mmdet - INFO - Epoch [30][350/4741]	lr: 3.778e-09, eta: 0:26:36, time: 0.352, data_time: 0.015, memory: 23314, loss_cls: 0.3536, loss_bbox: 0.3798, loss_kps: 0.0000, loss: 0.7334, grad_norm: 6.4776
2026-09-30 15:33:13,849 - mmdet - INFO - Epoch [30][400/4741]	lr: 3.778e-09, eta: 0:26:17, time: 0.352, data_time: 0.014, memory: 23314, loss_cls: 0.3604, loss_bbox: 0.3814, loss_kps: 0.0000, loss: 0.7418, grad_norm: 6.7565
2026-09-30 15:33:32,586 - mmdet - INFO - Epoch [30][450/4741]	lr: 3.778e-09, eta: 0:25:59, time: 0.376, data_time: 0.015, memory: 23314, loss_cls: 0.3648, loss_bbox: 0.3920, loss_kps: 0.0000, loss: 0.7568, grad_norm: 6.7439
2026-09-30 15:33:49,998 - mmdet - INFO - Epoch [30][500/4741]	lr: 3.778e-09, eta: 0:25:41, time: 0.347, data_time: 0.014, memory: 23314, loss_cls: 0.3644, loss_bbox: 0.3876, loss_kps: 0.0000, loss: 0.7520, grad_norm: 6.6534
2026-09-30 15:34:07,497 - mmdet - INFO - Epoch [30][550/4741]	lr: 3.778e-09, eta: 0:25:23, time: 0.350, data_time: 0.016, memory: 23314, loss_cls: 0.3735, loss_bbox: 0.3954, loss_kps: 0.0000, loss: 0.7689, grad_norm: 6.8434
2026-09-30 15:34:25,505 - mmdet - INFO - Epoch [30][600/4741]	lr: 3.778e-09, eta: 0:25:05, time: 0.361, data_time: 0.015, memory: 23314, loss_cls: 0.3706, loss_bbox: 0.3875, loss_kps: 0.0000, loss: 0.7581, grad_norm: 7.0248
2026-09-30 15:34:43,284 - mmdet - INFO - Epoch [30][650/4741]	lr: 3.778e-09, eta: 0:24:47, time: 0.356, data_time: 0.014, memory: 23314, loss_cls: 0.3683, loss_bbox: 0.3966, loss_kps: 0.0000, loss: 0.7649, grad_norm: 6.5360
2026-09-30 15:35:00,822 - mmdet - INFO - Epoch [30][700/4741]	lr: 3.778e-09, eta: 0:24:28, time: 0.350, data_time: 0.014, memory: 23314, loss_cls: 0.3697, loss_bbox: 0.3985, loss_kps: 0.0000, loss: 0.7682, grad_norm: 6.6013
2026-09-30 15:35:18,696 - mmdet - INFO - Epoch [30][750/4741]	lr: 3.778e-09, eta: 0:24:10, time: 0.357, data_time: 0.014, memory: 23314, loss_cls: 0.3710, loss_bbox: 0.3950, loss_kps: 0.0000, loss: 0.7661, grad_norm: 6.4759
2026-09-30 15:35:36,182 - mmdet - INFO - Epoch [30][800/4741]	lr: 3.778e-09, eta: 0:23:52, time: 0.350, data_time: 0.016, memory: 23314, loss_cls: 0.3721, loss_bbox: 0.3874, loss_kps: 0.0000, loss: 0.7595, grad_norm: 6.7000
2026-09-30 15:35:53,664 - mmdet - INFO - Epoch [30][850/4741]	lr: 3.778e-09, eta: 0:23:34, time: 0.350, data_time: 0.015, memory: 23314, loss_cls: 0.3649, loss_bbox: 0.4026, loss_kps: 0.0000, loss: 0.7675, grad_norm: 7.3559
2026-09-30 15:36:10,941 - mmdet - INFO - Epoch [30][900/4741]	lr: 3.778e-09, eta: 0:23:16, time: 0.346, data_time: 0.014, memory: 23314, loss_cls: 0.3764, loss_bbox: 0.4010, loss_kps: 0.0000, loss: 0.7774, grad_norm: 6.3778
2026-09-30 15:36:28,396 - mmdet - INFO - Epoch [30][950/4741]	lr: 3.778e-09, eta: 0:22:57, time: 0.349, data_time: 0.015, memory: 23314, loss_cls: 0.3866, loss_bbox: 0.3955, loss_kps: 0.0000, loss: 0.7821, grad_norm: 7.4764
2026-09-30 15:36:45,858 - mmdet - INFO - Epoch [30][1000/4741]	lr: 3.778e-09, eta: 0:22:39, time: 0.349, data_time: 0.014, memory: 23314, loss_cls: 0.3766, loss_bbox: 0.3991, loss_kps: 0.0000, loss: 0.7757, grad_norm: 6.9695
2026-09-30 15:37:03,780 - mmdet - INFO - Epoch [30][1050/4741]	lr: 3.778e-09, eta: 0:22:21, time: 0.358, data_time: 0.016, memory: 23314, loss_cls: 0.3771, loss_bbox: 0.3962, loss_kps: 0.0000, loss: 0.7733, grad_norm: 6.9936
2026-09-30 15:37:21,204 - mmdet - INFO - Epoch [30][1100/4741]	lr: 3.778e-09, eta: 0:22:03, time: 0.349, data_time: 0.015, memory: 23314, loss_cls: 0.3672, loss_bbox: 0.3896, loss_kps: 0.0000, loss: 0.7568, grad_norm: 6.4576
2026-09-30 15:37:38,600 - mmdet - INFO - Epoch [30][1150/4741]	lr: 3.778e-09, eta: 0:21:45, time: 0.348, data_time: 0.017, memory: 23314, loss_cls: 0.3551, loss_bbox: 0.3805, loss_kps: 0.0000, loss: 0.7356, grad_norm: 6.8491
2026-09-30 15:37:56,084 - mmdet - INFO - Epoch [30][1200/4741]	lr: 3.778e-09, eta: 0:21:26, time: 0.350, data_time: 0.015, memory: 23314, loss_cls: 0.3692, loss_bbox: 0.4007, loss_kps: 0.0000, loss: 0.7699, grad_norm: 6.8837
2026-09-30 15:38:13,988 - mmdet - INFO - Epoch [30][1250/4741]	lr: 3.778e-09, eta: 0:21:08, time: 0.357, data_time: 0.014, memory: 23314, loss_cls: 0.3737, loss_bbox: 0.4054, loss_kps: 0.0000, loss: 0.7792, grad_norm: 6.6789
2026-09-30 15:38:31,455 - mmdet - INFO - Epoch [30][1300/4741]	lr: 3.778e-09, eta: 0:20:50, time: 0.350, data_time: 0.014, memory: 23314, loss_cls: 0.3762, loss_bbox: 0.4068, loss_kps: 0.0000, loss: 0.7830, grad_norm: 6.6380
2026-09-30 15:38:48,877 - mmdet - INFO - Epoch [30][1350/4741]	lr: 3.778e-09, eta: 0:20:32, time: 0.348, data_time: 0.014, memory: 23314, loss_cls: 0.3669, loss_bbox: 0.3842, loss_kps: 0.0000, loss: 0.7511, grad_norm: 7.0895
2026-09-30 15:39:06,509 - mmdet - INFO - Epoch [30][1400/4741]	lr: 3.778e-09, eta: 0:20:14, time: 0.353, data_time: 0.014, memory: 23314, loss_cls: 0.3470, loss_bbox: 0.3819, loss_kps: 0.0000, loss: 0.7289, grad_norm: 6.1650
2026-09-30 15:39:24,011 - mmdet - INFO - Epoch [30][1450/4741]	lr: 3.778e-09, eta: 0:19:55, time: 0.351, data_time: 0.017, memory: 23314, loss_cls: 0.3672, loss_bbox: 0.3863, loss_kps: 0.0000, loss: 0.7535, grad_norm: 6.6206
2026-09-30 15:39:41,493 - mmdet - INFO - Epoch [30][1500/4741]	lr: 3.778e-09, eta: 0:19:37, time: 0.349, data_time: 0.014, memory: 23314, loss_cls: 0.3644, loss_bbox: 0.3898, loss_kps: 0.0000, loss: 0.7543, grad_norm: 6.6847
2026-09-30 15:39:58,985 - mmdet - INFO - Epoch [30][1550/4741]	lr: 3.778e-09, eta: 0:19:19, time: 0.350, data_time: 0.014, memory: 23314, loss_cls: 0.3704, loss_bbox: 0.3953, loss_kps: 0.0000, loss: 0.7657, grad_norm: 6.7380
2026-09-30 15:40:16,417 - mmdet - INFO - Epoch [30][1600/4741]	lr: 3.778e-09, eta: 0:19:01, time: 0.349, data_time: 0.016, memory: 23314, loss_cls: 0.3593, loss_bbox: 0.3867, loss_kps: 0.0000, loss: 0.7460, grad_norm: 6.5293
2026-09-30 15:40:33,923 - mmdet - INFO - Epoch [30][1650/4741]	lr: 3.778e-09, eta: 0:18:43, time: 0.350, data_time: 0.014, memory: 23314, loss_cls: 0.3763, loss_bbox: 0.4037, loss_kps: 0.0000, loss: 0.7800, grad_norm: 6.6618
2026-09-30 15:40:51,421 - mmdet - INFO - Epoch [30][1700/4741]	lr: 3.778e-09, eta: 0:18:25, time: 0.350, data_time: 0.015, memory: 23314, loss_cls: 0.3645, loss_bbox: 0.3861, loss_kps: 0.0000, loss: 0.7506, grad_norm: 6.5761
2026-09-30 15:41:08,826 - mmdet - INFO - Epoch [30][1750/4741]	lr: 3.778e-09, eta: 0:18:06, time: 0.349, data_time: 0.015, memory: 23314, loss_cls: 0.3649, loss_bbox: 0.3906, loss_kps: 0.0000, loss: 0.7555, grad_norm: 6.6814
2026-09-30 15:41:26,497 - mmdet - INFO - Epoch [30][1800/4741]	lr: 3.778e-09, eta: 0:17:48, time: 0.353, data_time: 0.014, memory: 23314, loss_cls: 0.3676, loss_bbox: 0.3893, loss_kps: 0.0000, loss: 0.7569, grad_norm: 6.5121
2026-09-30 15:41:44,303 - mmdet - INFO - Epoch [30][1850/4741]	lr: 3.778e-09, eta: 0:17:30, time: 0.356, data_time: 0.016, memory: 23314, loss_cls: 0.3759, loss_bbox: 0.3933, loss_kps: 0.0000, loss: 0.7692, grad_norm: 6.7242
2026-09-30 15:42:02,053 - mmdet - INFO - Epoch [30][1900/4741]	lr: 3.778e-09, eta: 0:17:12, time: 0.356, data_time: 0.014, memory: 23314, loss_cls: 0.3636, loss_bbox: 0.3892, loss_kps: 0.0000, loss: 0.7528, grad_norm: 6.8275
2026-09-30 15:42:19,561 - mmdet - INFO - Epoch [30][1950/4741]	lr: 3.778e-09, eta: 0:16:54, time: 0.350, data_time: 0.014, memory: 23314, loss_cls: 0.3765, loss_bbox: 0.3968, loss_kps: 0.0000, loss: 0.7734, grad_norm: 7.2238
2026-09-30 15:42:37,196 - mmdet - INFO - Epoch [30][2000/4741]	lr: 3.778e-09, eta: 0:16:35, time: 0.353, data_time: 0.016, memory: 23314, loss_cls: 0.3715, loss_bbox: 0.4016, loss_kps: 0.0000, loss: 0.7731, grad_norm: 6.8836
2026-09-30 15:42:54,672 - mmdet - INFO - Epoch [30][2050/4741]	lr: 3.778e-09, eta: 0:16:17, time: 0.349, data_time: 0.015, memory: 23314, loss_cls: 0.3813, loss_bbox: 0.3978, loss_kps: 0.0000, loss: 0.7790, grad_norm: 6.8745
2026-09-30 15:43:12,049 - mmdet - INFO - Epoch [30][2100/4741]	lr: 3.778e-09, eta: 0:15:59, time: 0.348, data_time: 0.017, memory: 23314, loss_cls: 0.3676, loss_bbox: 0.3836, loss_kps: 0.0000, loss: 0.7512, grad_norm: 7.0624
2026-09-30 15:43:30,214 - mmdet - INFO - Epoch [30][2150/4741]	lr: 3.778e-09, eta: 0:15:41, time: 0.364, data_time: 0.017, memory: 23314, loss_cls: 0.3664, loss_bbox: 0.3987, loss_kps: 0.0000, loss: 0.7651, grad_norm: 6.8005
2026-09-30 15:43:47,526 - mmdet - INFO - Epoch [30][2200/4741]	lr: 3.778e-09, eta: 0:15:23, time: 0.346, data_time: 0.016, memory: 23314, loss_cls: 0.3643, loss_bbox: 0.3853, loss_kps: 0.0000, loss: 0.7496, grad_norm: 6.6281
2026-09-30 15:44:05,012 - mmdet - INFO - Epoch [30][2250/4741]	lr: 3.778e-09, eta: 0:15:05, time: 0.349, data_time: 0.016, memory: 23314, loss_cls: 0.3741, loss_bbox: 0.4041, loss_kps: 0.0000, loss: 0.7781, grad_norm: 6.6306
2026-09-30 15:44:22,573 - mmdet - INFO - Epoch [30][2300/4741]	lr: 3.778e-09, eta: 0:14:46, time: 0.352, data_time: 0.016, memory: 23314, loss_cls: 0.3695, loss_bbox: 0.3896, loss_kps: 0.0000, loss: 0.7591, grad_norm: 6.5771
2026-09-30 15:44:40,100 - mmdet - INFO - Epoch [30][2350/4741]	lr: 3.778e-09, eta: 0:14:28, time: 0.350, data_time: 0.015, memory: 23314, loss_cls: 0.3762, loss_bbox: 0.3961, loss_kps: 0.0000, loss: 0.7723, grad_norm: 6.4478
2026-09-30 15:44:57,548 - mmdet - INFO - Epoch [30][2400/4741]	lr: 3.778e-09, eta: 0:14:10, time: 0.349, data_time: 0.016, memory: 23314, loss_cls: 0.3741, loss_bbox: 0.4006, loss_kps: 0.0000, loss: 0.7747, grad_norm: 6.6767
2026-09-30 15:45:14,913 - mmdet - INFO - Epoch [30][2450/4741]	lr: 3.778e-09, eta: 0:13:52, time: 0.348, data_time: 0.016, memory: 23314, loss_cls: 0.3765, loss_bbox: 0.3878, loss_kps: 0.0000, loss: 0.7643, grad_norm: 6.8692
2026-09-30 15:45:32,336 - mmdet - INFO - Epoch [30][2500/4741]	lr: 3.778e-09, eta: 0:13:34, time: 0.348, data_time: 0.016, memory: 23314, loss_cls: 0.3638, loss_bbox: 0.3960, loss_kps: 0.0000, loss: 0.7597, grad_norm: 6.4498
2026-09-30 15:45:49,788 - mmdet - INFO - Epoch [30][2550/4741]	lr: 3.778e-09, eta: 0:13:16, time: 0.350, data_time: 0.015, memory: 23314, loss_cls: 0.3657, loss_bbox: 0.3915, loss_kps: 0.0000, loss: 0.7572, grad_norm: 6.4877
2026-09-30 15:46:07,149 - mmdet - INFO - Epoch [30][2600/4741]	lr: 3.778e-09, eta: 0:12:57, time: 0.347, data_time: 0.014, memory: 23314, loss_cls: 0.3706, loss_bbox: 0.4064, loss_kps: 0.0000, loss: 0.7770, grad_norm: 6.7291
2026-09-30 15:46:24,535 - mmdet - INFO - Epoch [30][2650/4741]	lr: 3.778e-09, eta: 0:12:39, time: 0.347, data_time: 0.016, memory: 23314, loss_cls: 0.3662, loss_bbox: 0.3817, loss_kps: 0.0000, loss: 0.7479, grad_norm: 6.9619
2026-09-30 15:46:42,406 - mmdet - INFO - Epoch [30][2700/4741]	lr: 3.778e-09, eta: 0:12:21, time: 0.357, data_time: 0.016, memory: 23314, loss_cls: 0.3701, loss_bbox: 0.3994, loss_kps: 0.0000, loss: 0.7696, grad_norm: 7.0383
2026-09-30 15:46:59,864 - mmdet - INFO - Epoch [30][2750/4741]	lr: 3.778e-09, eta: 0:12:03, time: 0.349, data_time: 0.016, memory: 23314, loss_cls: 0.3710, loss_bbox: 0.3881, loss_kps: 0.0000, loss: 0.7591, grad_norm: 6.7539
2026-09-30 15:47:17,390 - mmdet - INFO - Epoch [30][2800/4741]	lr: 3.778e-09, eta: 0:11:45, time: 0.352, data_time: 0.016, memory: 23314, loss_cls: 0.3687, loss_bbox: 0.3962, loss_kps: 0.0000, loss: 0.7649, grad_norm: 6.6948
2026-09-30 15:47:34,878 - mmdet - INFO - Epoch [30][2850/4741]	lr: 3.778e-09, eta: 0:11:26, time: 0.349, data_time: 0.016, memory: 23314, loss_cls: 0.3703, loss_bbox: 0.4035, loss_kps: 0.0000, loss: 0.7738, grad_norm: 6.9864
2026-09-30 15:47:52,776 - mmdet - INFO - Epoch [30][2900/4741]	lr: 3.778e-09, eta: 0:11:08, time: 0.359, data_time: 0.016, memory: 23314, loss_cls: 0.3589, loss_bbox: 0.3924, loss_kps: 0.0000, loss: 0.7512, grad_norm: 6.5450
2026-09-30 15:48:10,324 - mmdet - INFO - Epoch [30][2950/4741]	lr: 3.778e-09, eta: 0:10:50, time: 0.351, data_time: 0.015, memory: 23314, loss_cls: 0.3648, loss_bbox: 0.3908, loss_kps: 0.0000, loss: 0.7556, grad_norm: 6.4759
2026-09-30 15:48:27,804 - mmdet - INFO - Epoch [30][3000/4741]	lr: 3.778e-09, eta: 0:10:32, time: 0.349, data_time: 0.016, memory: 23314, loss_cls: 0.3579, loss_bbox: 0.3878, loss_kps: 0.0000, loss: 0.7456, grad_norm: 6.7832
2026-09-30 15:48:45,600 - mmdet - INFO - Epoch [30][3050/4741]	lr: 3.778e-09, eta: 0:10:14, time: 0.357, data_time: 0.016, memory: 23314, loss_cls: 0.3738, loss_bbox: 0.3954, loss_kps: 0.0000, loss: 0.7692, grad_norm: 6.9860
2026-09-30 15:49:03,132 - mmdet - INFO - Epoch [30][3100/4741]	lr: 3.778e-09, eta: 0:09:56, time: 0.350, data_time: 0.014, memory: 23314, loss_cls: 0.3688, loss_bbox: 0.3904, loss_kps: 0.0000, loss: 0.7592, grad_norm: 6.7819
2026-09-30 15:49:20,535 - mmdet - INFO - Epoch [30][3150/4741]	lr: 3.778e-09, eta: 0:09:37, time: 0.347, data_time: 0.015, memory: 23314, loss_cls: 0.3692, loss_bbox: 0.3941, loss_kps: 0.0000, loss: 0.7633, grad_norm: 6.6944
2026-09-30 15:49:38,268 - mmdet - INFO - Epoch [30][3200/4741]	lr: 3.778e-09, eta: 0:09:19, time: 0.356, data_time: 0.016, memory: 23314, loss_cls: 0.3597, loss_bbox: 0.3812, loss_kps: 0.0000, loss: 0.7408, grad_norm: 6.5975
2026-09-30 15:49:56,104 - mmdet - INFO - Epoch [30][3250/4741]	lr: 3.778e-09, eta: 0:09:01, time: 0.356, data_time: 0.015, memory: 23314, loss_cls: 0.3705, loss_bbox: 0.3917, loss_kps: 0.0000, loss: 0.7623, grad_norm: 7.1451
2026-09-30 15:50:13,569 - mmdet - INFO - Epoch [30][3300/4741]	lr: 3.778e-09, eta: 0:08:43, time: 0.350, data_time: 0.016, memory: 23314, loss_cls: 0.3721, loss_bbox: 0.3902, loss_kps: 0.0000, loss: 0.7624, grad_norm: 6.9901
2026-09-30 15:50:31,133 - mmdet - INFO - Epoch [30][3350/4741]	lr: 3.778e-09, eta: 0:08:25, time: 0.351, data_time: 0.016, memory: 23314, loss_cls: 0.3776, loss_bbox: 0.3848, loss_kps: 0.0000, loss: 0.7624, grad_norm: 6.9189
2026-09-30 15:50:48,781 - mmdet - INFO - Epoch [30][3400/4741]	lr: 3.778e-09, eta: 0:08:07, time: 0.353, data_time: 0.015, memory: 23314, loss_cls: 0.3694, loss_bbox: 0.3957, loss_kps: 0.0000, loss: 0.7652, grad_norm: 6.6388
2026-09-30 15:51:06,249 - mmdet - INFO - Epoch [30][3450/4741]	lr: 3.778e-09, eta: 0:07:48, time: 0.349, data_time: 0.014, memory: 23314, loss_cls: 0.3852, loss_bbox: 0.3996, loss_kps: 0.0000, loss: 0.7848, grad_norm: 7.0051
2026-09-30 15:51:24,078 - mmdet - INFO - Epoch [30][3500/4741]	lr: 3.778e-09, eta: 0:07:30, time: 0.357, data_time: 0.016, memory: 23314, loss_cls: 0.3564, loss_bbox: 0.3874, loss_kps: 0.0000, loss: 0.7438, grad_norm: 6.4814
2026-09-30 15:51:41,870 - mmdet - INFO - Epoch [30][3550/4741]	lr: 3.778e-09, eta: 0:07:12, time: 0.356, data_time: 0.015, memory: 23314, loss_cls: 0.3688, loss_bbox: 0.3872, loss_kps: 0.0000, loss: 0.7559, grad_norm: 6.7779
2026-09-30 15:51:59,180 - mmdet - INFO - Epoch [30][3600/4741]	lr: 3.778e-09, eta: 0:06:54, time: 0.346, data_time: 0.016, memory: 23314, loss_cls: 0.3606, loss_bbox: 0.3911, loss_kps: 0.0000, loss: 0.7517, grad_norm: 6.6649
2026-09-30 15:52:16,662 - mmdet - INFO - Epoch [30][3650/4741]	lr: 3.778e-09, eta: 0:06:36, time: 0.350, data_time: 0.016, memory: 23314, loss_cls: 0.3793, loss_bbox: 0.3989, loss_kps: 0.0000, loss: 0.7782, grad_norm: 7.1387
2026-09-30 15:52:34,093 - mmdet - INFO - Epoch [30][3700/4741]	lr: 3.778e-09, eta: 0:06:18, time: 0.349, data_time: 0.017, memory: 23314, loss_cls: 0.3732, loss_bbox: 0.3957, loss_kps: 0.0000, loss: 0.7689, grad_norm: 6.6327
2026-09-30 15:52:51,687 - mmdet - INFO - Epoch [30][3750/4741]	lr: 3.778e-09, eta: 0:05:59, time: 0.353, data_time: 0.016, memory: 23314, loss_cls: 0.3678, loss_bbox: 0.3860, loss_kps: 0.0000, loss: 0.7538, grad_norm: 7.0288
2026-09-30 15:53:09,206 - mmdet - INFO - Epoch [30][3800/4741]	lr: 3.778e-09, eta: 0:05:41, time: 0.351, data_time: 0.016, memory: 23314, loss_cls: 0.3646, loss_bbox: 0.3835, loss_kps: 0.0000, loss: 0.7480, grad_norm: 7.0586
2026-09-30 15:53:26,552 - mmdet - INFO - Epoch [30][3850/4741]	lr: 3.778e-09, eta: 0:05:23, time: 0.347, data_time: 0.016, memory: 23314, loss_cls: 0.3670, loss_bbox: 0.3894, loss_kps: 0.0000, loss: 0.7564, grad_norm: 6.5926
2026-09-30 15:53:44,107 - mmdet - INFO - Epoch [30][3900/4741]	lr: 3.778e-09, eta: 0:05:05, time: 0.351, data_time: 0.017, memory: 23314, loss_cls: 0.3730, loss_bbox: 0.3918, loss_kps: 0.0000, loss: 0.7648, grad_norm: 6.6877
2026-09-30 15:54:01,497 - mmdet - INFO - Epoch [30][3950/4741]	lr: 3.778e-09, eta: 0:04:47, time: 0.347, data_time: 0.016, memory: 23314, loss_cls: 0.3675, loss_bbox: 0.3976, loss_kps: 0.0000, loss: 0.7651, grad_norm: 7.0969
2026-09-30 15:54:18,841 - mmdet - INFO - Epoch [30][4000/4741]	lr: 3.778e-09, eta: 0:04:29, time: 0.347, data_time: 0.015, memory: 23314, loss_cls: 0.3598, loss_bbox: 0.3893, loss_kps: 0.0000, loss: 0.7491, grad_norm: 6.7376
2026-09-30 15:54:36,333 - mmdet - INFO - Epoch [30][4050/4741]	lr: 3.778e-09, eta: 0:04:10, time: 0.349, data_time: 0.015, memory: 23314, loss_cls: 0.3590, loss_bbox: 0.3832, loss_kps: 0.0000, loss: 0.7422, grad_norm: 6.6812
2026-09-30 15:54:53,762 - mmdet - INFO - Epoch [30][4100/4741]	lr: 3.778e-09, eta: 0:03:52, time: 0.348, data_time: 0.017, memory: 23314, loss_cls: 0.3581, loss_bbox: 0.3857, loss_kps: 0.0000, loss: 0.7438, grad_norm: 6.6299
2026-09-30 15:55:11,246 - mmdet - INFO - Epoch [30][4150/4741]	lr: 3.778e-09, eta: 0:03:34, time: 0.349, data_time: 0.016, memory: 23314, loss_cls: 0.3654, loss_bbox: 0.4028, loss_kps: 0.0000, loss: 0.7682, grad_norm: 6.8275
2026-09-30 15:55:28,836 - mmdet - INFO - Epoch [30][4200/4741]	lr: 3.778e-09, eta: 0:03:16, time: 0.352, data_time: 0.017, memory: 23314, loss_cls: 0.3747, loss_bbox: 0.4026, loss_kps: 0.0000, loss: 0.7773, grad_norm: 6.6683
2026-09-30 15:55:46,676 - mmdet - INFO - Epoch [30][4250/4741]	lr: 3.778e-09, eta: 0:02:58, time: 0.357, data_time: 0.016, memory: 23314, loss_cls: 0.3741, loss_bbox: 0.4010, loss_kps: 0.0000, loss: 0.7751, grad_norm: 6.9084
2026-09-30 15:56:04,613 - mmdet - INFO - Epoch [30][4300/4741]	lr: 3.778e-09, eta: 0:02:40, time: 0.359, data_time: 0.015, memory: 23314, loss_cls: 0.3684, loss_bbox: 0.3870, loss_kps: 0.0000, loss: 0.7553, grad_norm: 7.3927
2026-09-30 15:56:22,131 - mmdet - INFO - Epoch [30][4350/4741]	lr: 3.778e-09, eta: 0:02:21, time: 0.350, data_time: 0.016, memory: 23314, loss_cls: 0.3660, loss_bbox: 0.3838, loss_kps: 0.0000, loss: 0.7498, grad_norm: 6.8980
2026-09-30 15:56:39,815 - mmdet - INFO - Epoch [30][4400/4741]	lr: 3.778e-09, eta: 0:02:03, time: 0.354, data_time: 0.016, memory: 23314, loss_cls: 0.3826, loss_bbox: 0.4113, loss_kps: 0.0000, loss: 0.7939, grad_norm: 6.7761
2026-09-30 15:56:57,407 - mmdet - INFO - Epoch [30][4450/4741]	lr: 3.778e-09, eta: 0:01:45, time: 0.352, data_time: 0.016, memory: 23314, loss_cls: 0.3593, loss_bbox: 0.3904, loss_kps: 0.0000, loss: 0.7497, grad_norm: 6.4703
2026-09-30 15:57:14,994 - mmdet - INFO - Epoch [30][4500/4741]	lr: 3.778e-09, eta: 0:01:27, time: 0.352, data_time: 0.017, memory: 23314, loss_cls: 0.3596, loss_bbox: 0.3834, loss_kps: 0.0000, loss: 0.7430, grad_norm: 6.8503
2026-09-30 15:57:32,957 - mmdet - INFO - Epoch [30][4550/4741]	lr: 3.778e-09, eta: 0:01:09, time: 0.359, data_time: 0.016, memory: 23314, loss_cls: 0.3619, loss_bbox: 0.3834, loss_kps: 0.0000, loss: 0.7453, grad_norm: 6.7717
2026-09-30 15:57:50,887 - mmdet - INFO - Epoch [30][4600/4741]	lr: 3.778e-09, eta: 0:00:51, time: 0.360, data_time: 0.016, memory: 23314, loss_cls: 0.3605, loss_bbox: 0.3922, loss_kps: 0.0000, loss: 0.7527, grad_norm: 6.5202
2026-09-30 15:58:08,756 - mmdet - INFO - Epoch [30][4650/4741]	lr: 3.778e-09, eta: 0:00:33, time: 0.357, data_time: 0.014, memory: 23314, loss_cls: 0.3726, loss_bbox: 0.3828, loss_kps: 0.0000, loss: 0.7554, grad_norm: 6.7295
2026-09-30 15:58:26,102 - mmdet - INFO - Epoch [30][4700/4741]	lr: 3.778e-09, eta: 0:00:14, time: 0.346, data_time: 0.015, memory: 23314, loss_cls: 0.3675, loss_bbox: 0.3956, loss_kps: 0.0000, loss: 0.7632, grad_norm: 6.8351
2026-09-30 15:58:37,665 - mmdet - INFO - Saving checkpoint at 30 epochs
