2026-10-06 20:11:46,332 - mmdet - INFO - Environment info:
------------------------------------------------------------
sys.platform: linux
Python: 3.12.3 (main, Jun 19 2026, 12:46:00) [GCC 13.3.0]
CUDA available: True
GPU 0,1,2,3,4,5,6,7: NVIDIA H100 80GB HBM3
CUDA_HOME: /usr/local/cuda
NVCC: Build cuda_13.0.r13.0/compiler.36424714_0
GCC: gcc (Ubuntu 13.3.0-6ubuntu2~24.04.1) 13.3.0
PyTorch: 2.13.0+cu130
PyTorch compiling details: PyTorch built with:
  - GCC 13.3
  - C++ Version: 202002
  - Intel(R) oneAPI Math Kernel Library Version 2024.2-Product Build 20240605 for Intel(R) 64 architecture applications
  - Intel(R) MKL-DNN v3.12.0 (Git Hash 80afa71049cd69a3df32adcccb623b12cd7baa22)
  - OpenMP 201511 (a.k.a. OpenMP 4.5)
  - LAPACK is enabled (usually provided by MKL)
  - NNPACK is enabled
  - CPU capability usage: AVX512
  - CUDA Runtime 13.0
  - NVCC architecture flags: -gencode;arch=compute_75,code=sm_75;-gencode;arch=compute_80,code=sm_80;-gencode;arch=compute_86,code=sm_86;-gencode;arch=compute_90,code=sm_90;-gencode;arch=compute_100,code=sm_100;-gencode;arch=compute_120,code=sm_120
  - CuDNN 92.0  (built against CUDA 13.2)
  - Magma 2.6.1
  - Build settings: BLAS_INFO=mkl, BUILD_TYPE=Release, COMMIT_SHA=cf30153c4c131c8164ee7798e5022d810682e2cb, CUDA_FLAGS= -DLIBCUDACXX_ENABLE_SIMPLIFIED_COMPLEX_OPERATIONS -Xfatbin -compress-all -DONNX_NAMESPACE=onnx_torch -gencode arch=compute_75,code=sm_75 -gencode arch=compute_80,code=sm_80 -gencode arch=compute_86,code=sm_86 -gencode arch=compute_90,code=sm_90 -gencode arch=compute_100,code=sm_100 -gencode arch=compute_120,code=sm_120 -Xcudafe --diag_suppress=cc_clobber_ignored,--diag_suppress=field_without_dll_interface,--diag_suppress=base_class_has_different_dll_interface,--diag_suppress=dll_interface_conflict_none_assumed,--diag_suppress=dll_interface_conflict_dllexport_assumed,--diag_suppress=bad_friend_decl --expt-relaxed-constexpr --expt-extended-lambda -Xfatbin -compress-all --threads 2 -compress-mode=size -Wno-deprecated-gpu-targets --expt-extended-lambda -DCUB_WRAPPED_NAMESPACE=at_cuda_detail -DDISABLE_CUSPARSE_DEPRECATED -DCUDA_HAS_FP16=1 -D__CUDA_NO_HALF_OPERATORS__ -D__CUDA_NO_HALF_CONVERSIONS__ -D__CUDA_NO_HALF2_OPERATORS__ -D__CUDA_NO_BFLOAT16_CONVERSIONS__ -DC10_NODEPRECATED, CUDA_VERSION=13.0, CUDNN_VERSION=9.20.0, CXX_COMPILER=/opt/rh/gcc-toolset-13/root/usr/bin/c++, CXX_FLAGS= -fvisibility-inlines-hidden -DUSE_PTHREADPOOL -DNDEBUG -DUSE_KINETO -DHAS_CUPTI -DUSE_FBGEMM -DUSE_MSLK -DUSE_PYTORCH_QNNPACK -DSYMBOLICATE_MOBILE_DEBUG_HANDLE -O2 -fPIC -DC10_NODEPRECATED -Wall -Wextra -Werror=return-type -Werror=non-virtual-dtor -Werror=range-loop-construct -Werror=bool-operation -Wnarrowing -Wno-missing-field-initializers -Wno-unknown-pragmas -Wno-unused-parameter -Wno-strict-overflow -Wno-strict-aliasing -Wno-stringop-overflow -Wsuggest-override -Wno-psabi -Wno-error=old-style-cast -faligned-new -Wno-maybe-uninitialized -fno-math-errno -fno-trapping-math -Werror=format -Wno-dangling-reference -Wno-error=dangling-reference -Wno-stringop-overflow, LAPACK_INFO=mkl, PERF_WITH_AVX=1, PERF_WITH_AVX2=1, TORCH_VERSION=2.13.0, USE_CUDA=1, USE_CUDNN=ON, USE_CUSPARSELT=1, USE_GFLAGS=OFF, USE_GLOG=OFF, USE_GLOO=ON, USE_MKL=ON, USE_MKLDNN=ON, USE_MPI=OFF, USE_NCCL=ON, USE_NNPACK=ON, USE_OPENMP=ON, USE_ROCM=OFF, USE_ROCM_KERNEL_ASSERT=OFF, USE_XCCL=OFF, USE_XPU=OFF, 

TorchVision: 0.28.0+cu130
OpenCV: 4.11.0
MMCV: 1.4.0
MMCV Compiler: n/a (scrfd_shim: mmcv compiled without ops)
MMCV CUDA Compiler: n/a (scrfd_shim: mmcv compiled without ops)
MMDetection: 2.7.0+
------------------------------------------------------------

2026-10-06 20:11:46,551 - mmdet - INFO - Distributed training: True
2026-10-06 20:11:46,636 - mmdet - INFO - Config:
optimizer = dict(type='SGD', lr=0.0001, momentum=0.9, weight_decay=0.0005)
optimizer_config = dict(
    type='GradientCumulativeOptimizerHook', cumulative_iters=1, grad_clip=None)
lr_config = dict(
    policy='step',
    warmup='linear',
    warmup_iters=200,
    warmup_ratio=0.001,
    step=[5])
total_epochs = 6
checkpoint_config = dict(interval=1)
log_config = dict(interval=50, hooks=[dict(type='TextLoggerHook')])
dist_params = dict(backend='nccl')
log_level = 'INFO'
load_from = '/mnt/cachefs/esteban/pii/runs/train/wd_armAI34_fluence/epoch_80.pth'
work_dir = '/mnt/cachefs/esteban/pii/runs/train/wd_armBA34_fluence'
resume_from = None
workflow = [('train', 1)]
dataset_type = 'RetinaFaceDataset'
data_root = 'data/retinaface/'
train_root = 'data/retinaface/train/'
val_root = 'data/retinaface/val/'
img_norm_cfg = dict(
    mean=[127.5, 127.5, 127.5], std=[128.0, 128.0, 128.0], to_rgb=True)
train_pipeline = [
    dict(type='LoadImageFromFile', to_float32=True),
    dict(type='LoadAnnotations', with_bbox=True, with_keypoints=True),
    dict(
        type='RandomSquareCrop',
        crop_choice=[0.3, 0.45, 0.6, 0.8, 1.0, 1.2, 1.4, 1.6, 1.8, 2.0],
        bbox_clip_border=False),
    dict(
        type='Resize',
        img_scale=(640, 640),
        keep_ratio=False,
        bbox_clip_border=False),
    dict(type='RandomFlip', flip_ratio=0.5),
    dict(
        type='PhotoMetricDistortion',
        brightness_delta=32,
        contrast_range=(0.5, 1.5),
        saturation_range=(0.5, 1.5),
        hue_delta=18),
    dict(
        type='Normalize',
        mean=[127.5, 127.5, 127.5],
        std=[128.0, 128.0, 128.0],
        to_rgb=True),
    dict(type='DefaultFormatBundle'),
    dict(
        type='Collect',
        keys=[
            'img', 'gt_bboxes', 'gt_labels', 'gt_bboxes_ignore',
            'gt_keypointss'
        ])
]
test_pipeline = [
    dict(type='LoadImageFromFile'),
    dict(
        type='MultiScaleFlipAug',
        img_scale=(640, 640),
        flip=False,
        transforms=[
            dict(type='Resize', keep_ratio=True),
            dict(type='RandomFlip', flip_ratio=0.0),
            dict(
                type='Normalize',
                mean=[127.5, 127.5, 127.5],
                std=[128.0, 128.0, 128.0],
                to_rgb=True),
            dict(type='Pad', size=(640, 640), pad_val=0),
            dict(type='ImageToTensor', keys=['img']),
            dict(type='Collect', keys=['img'])
        ])
]
data = dict(
    samples_per_gpu=8,
    workers_per_gpu=16,
    train=dict(
        type='RetinaFaceDataset',
        ann_file='data/mix_ds/train_Z6.txt',
        img_prefix='data/mix_ds/images/',
        pipeline=[
            dict(type='LoadImageFromFile', to_float32=True),
            dict(type='LoadAnnotations', with_bbox=True, with_keypoints=True),
            dict(
                type='RandomSquareCrop',
                crop_choice=[
                    0.3, 0.45, 0.6, 0.8, 1.0, 1.2, 1.4, 1.6, 1.8, 2.0
                ],
                bbox_clip_border=False),
            dict(
                type='Resize',
                img_scale=(640, 640),
                keep_ratio=False,
                bbox_clip_border=False),
            dict(type='RandomFlip', flip_ratio=0.5),
            dict(
                type='PhotoMetricDistortion',
                brightness_delta=32,
                contrast_range=(0.5, 1.5),
                saturation_range=(0.5, 1.5),
                hue_delta=18),
            dict(
                type='Normalize',
                mean=[127.5, 127.5, 127.5],
                std=[128.0, 128.0, 128.0],
                to_rgb=True),
            dict(type='DefaultFormatBundle'),
            dict(
                type='Collect',
                keys=[
                    'img', 'gt_bboxes', 'gt_labels', 'gt_bboxes_ignore',
                    'gt_keypointss'
                ])
        ]),
    val=dict(
        type='RetinaFaceDataset',
        ann_file='/data/liangzhenghao/face_pii/raw_ds/val/labelv2.txt',
        img_prefix='/data/liangzhenghao/face_pii/raw_ds/images/',
        pipeline=[
            dict(type='LoadImageFromFile'),
            dict(
                type='MultiScaleFlipAug',
                img_scale=(640, 640),
                flip=False,
                transforms=[
                    dict(type='Resize', keep_ratio=True),
                    dict(type='RandomFlip', flip_ratio=0.0),
                    dict(
                        type='Normalize',
                        mean=[127.5, 127.5, 127.5],
                        std=[128.0, 128.0, 128.0],
                        to_rgb=True),
                    dict(type='Pad', size=(640, 640), pad_val=0),
                    dict(type='ImageToTensor', keys=['img']),
                    dict(type='Collect', keys=['img'])
                ])
        ]),
    test=dict(
        type='RetinaFaceDataset',
        ann_file='/data/liangzhenghao/face_pii/raw_ds/val/labelv2.txt',
        img_prefix='/data/liangzhenghao/face_pii/raw_ds/images/',
        pipeline=[
            dict(type='LoadImageFromFile'),
            dict(
                type='MultiScaleFlipAug',
                img_scale=(640, 640),
                flip=False,
                transforms=[
                    dict(type='Resize', keep_ratio=True),
                    dict(type='RandomFlip', flip_ratio=0.0),
                    dict(
                        type='Normalize',
                        mean=[127.5, 127.5, 127.5],
                        std=[128.0, 128.0, 128.0],
                        to_rgb=True),
                    dict(type='Pad', size=(640, 640), pad_val=0),
                    dict(type='ImageToTensor', keys=['img']),
                    dict(type='Collect', keys=['img'])
                ])
        ]))
train_cfg = dict(
    assigner=dict(type='ATSSAssigner', topk=9, ignore_iof_thr=0.5),
    allowed_border=-1,
    pos_weight=-1,
    debug=False,
    neg_weight_zero_prefix='/pii',
    neg_weight_full_substrings=['BTJPSP', 'NQYJPB'],
    neg_weight_pii=0.5,
    qscore='one')
test_cfg = dict(
    nms_pre=-1,
    min_bbox_size=0,
    score_thr=0.02,
    nms=dict(type='nms', iou_threshold=0.45),
    max_per_img=-1)
model = dict(
    type='SCRFD',
    backbone=dict(
        type='ResNetV1e',
        depth=0,
        block_cfg=dict(
            block='Bottleneck',
            stage_blocks=(17, 16, 2, 8),
            stage_planes=[56, 56, 144, 184]),
        base_channels=56,
        num_stages=4,
        out_indices=(0, 1, 2, 3),
        norm_cfg=dict(type='BN', requires_grad=True),
        norm_eval=False,
        style='pytorch'),
    neck=dict(
        type='PAFPN',
        in_channels=[224, 224, 576, 736],
        out_channels=128,
        start_level=1,
        add_extra_convs='on_output',
        num_outs=3),
    bbox_head=dict(
        type='SCRFDHead',
        num_classes=1,
        in_channels=128,
        stacked_convs=2,
        feat_channels=256,
        norm_cfg=dict(type='GN', num_groups=32, requires_grad=True),
        cls_reg_share=True,
        strides_share=True,
        scale_mode=2,
        anchor_generator=dict(
            type='AnchorGenerator',
            ratios=[1.0],
            scales=[1, 2],
            base_sizes=[16, 64, 256],
            strides=[8, 16, 32]),
        loss_cls=dict(
            type='QualityFocalLoss',
            use_sigmoid=True,
            beta=2.0,
            loss_weight=1.0),
        loss_dfl=False,
        reg_max=8,
        loss_bbox=dict(type='DIoULoss', loss_weight=2.0),
        use_kps=True,
        loss_kps=dict(
            type='SmoothL1Loss', beta=0.1111111111111111, loss_weight=0.1),
        train_cfg=dict(
            assigner=dict(type='ATSSAssigner', topk=9, ignore_iof_thr=0.5),
            allowed_border=-1,
            pos_weight=-1,
            debug=False,
            neg_weight_zero_prefix='/pii',
            neg_weight_full_substrings=['BTJPSP', 'NQYJPB'],
            neg_weight_pii=0.5,
            qscore='one'),
        test_cfg=dict(
            nms_pre=-1,
            min_bbox_size=0,
            score_thr=0.02,
            nms=dict(type='nms', iou_threshold=0.45),
            max_per_img=-1)))
evaluation = dict(interval=10000, metric='mAP')
custom_hooks = [
    dict(
        type='EMAHook', momentum=0.0002, interval=1, warm_up=100, priority=49)
]
gpu_ids = range(0, 8)

2026-10-06 20:11:56,434 - mmdet - INFO - load checkpoint from local path: /mnt/cachefs/esteban/pii/runs/train/wd_armAI34_fluence/epoch_80.pth
2026-10-06 20:11:56,729 - mmdet - WARNING - The model and loaded state dict do not match exactly

unexpected key in source state_dict: ema_backbone_stem_0_weight, ema_backbone_stem_1_weight, ema_backbone_stem_1_bias, ema_backbone_stem_3_weight, ema_backbone_stem_4_weight, ema_backbone_stem_4_bias, ema_backbone_stem_6_weight, ema_backbone_stem_7_weight, ema_backbone_stem_7_bias, ema_backbone_layer1_0_conv1_weight, ema_backbone_layer1_0_bn1_weight, ema_backbone_layer1_0_bn1_bias, ema_backbone_layer1_0_conv2_weight, ema_backbone_layer1_0_bn2_weight, ema_backbone_layer1_0_bn2_bias, ema_backbone_layer1_0_conv3_weight, ema_backbone_layer1_0_bn3_weight, ema_backbone_layer1_0_bn3_bias, ema_backbone_layer1_0_downsample_1_weight, ema_backbone_layer1_0_downsample_2_weight, ema_backbone_layer1_0_downsample_2_bias, ema_backbone_layer1_1_conv1_weight, ema_backbone_layer1_1_bn1_weight, ema_backbone_layer1_1_bn1_bias, ema_backbone_layer1_1_conv2_weight, ema_backbone_layer1_1_bn2_weight, ema_backbone_layer1_1_bn2_bias, ema_backbone_layer1_1_conv3_weight, ema_backbone_layer1_1_bn3_weight, ema_backbone_layer1_1_bn3_bias, ema_backbone_layer1_2_conv1_weight, ema_backbone_layer1_2_bn1_weight, ema_backbone_layer1_2_bn1_bias, ema_backbone_layer1_2_conv2_weight, ema_backbone_layer1_2_bn2_weight, ema_backbone_layer1_2_bn2_bias, ema_backbone_layer1_2_conv3_weight, ema_backbone_layer1_2_bn3_weight, ema_backbone_layer1_2_bn3_bias, ema_backbone_layer1_3_conv1_weight, ema_backbone_layer1_3_bn1_weight, ema_backbone_layer1_3_bn1_bias, ema_backbone_layer1_3_conv2_weight, ema_backbone_layer1_3_bn2_weight, ema_backbone_layer1_3_bn2_bias, ema_backbone_layer1_3_conv3_weight, ema_backbone_layer1_3_bn3_weight, ema_backbone_layer1_3_bn3_bias, ema_backbone_layer1_4_conv1_weight, ema_backbone_layer1_4_bn1_weight, ema_backbone_layer1_4_bn1_bias, ema_backbone_layer1_4_conv2_weight, ema_backbone_layer1_4_bn2_weight, ema_backbone_layer1_4_bn2_bias, ema_backbone_layer1_4_conv3_weight, ema_backbone_layer1_4_bn3_weight, ema_backbone_layer1_4_bn3_bias, ema_backbone_layer1_5_conv1_weight, ema_backbone_layer1_5_bn1_weight, ema_backbone_layer1_5_bn1_bias, ema_backbone_layer1_5_conv2_weight, ema_backbone_layer1_5_bn2_weight, ema_backbone_layer1_5_bn2_bias, ema_backbone_layer1_5_conv3_weight, ema_backbone_layer1_5_bn3_weight, ema_backbone_layer1_5_bn3_bias, ema_backbone_layer1_6_conv1_weight, ema_backbone_layer1_6_bn1_weight, ema_backbone_layer1_6_bn1_bias, ema_backbone_layer1_6_conv2_weight, ema_backbone_layer1_6_bn2_weight, ema_backbone_layer1_6_bn2_bias, ema_backbone_layer1_6_conv3_weight, ema_backbone_layer1_6_bn3_weight, ema_backbone_layer1_6_bn3_bias, ema_backbone_layer1_7_conv1_weight, ema_backbone_layer1_7_bn1_weight, ema_backbone_layer1_7_bn1_bias, ema_backbone_layer1_7_conv2_weight, ema_backbone_layer1_7_bn2_weight, ema_backbone_layer1_7_bn2_bias, ema_backbone_layer1_7_conv3_weight, ema_backbone_layer1_7_bn3_weight, ema_backbone_layer1_7_bn3_bias, ema_backbone_layer1_8_conv1_weight, ema_backbone_layer1_8_bn1_weight, ema_backbone_layer1_8_bn1_bias, ema_backbone_layer1_8_conv2_weight, ema_backbone_layer1_8_bn2_weight, ema_backbone_layer1_8_bn2_bias, ema_backbone_layer1_8_conv3_weight, ema_backbone_layer1_8_bn3_weight, ema_backbone_layer1_8_bn3_bias, ema_backbone_layer1_9_conv1_weight, ema_backbone_layer1_9_bn1_weight, ema_backbone_layer1_9_bn1_bias, ema_backbone_layer1_9_conv2_weight, ema_backbone_layer1_9_bn2_weight, ema_backbone_layer1_9_bn2_bias, ema_backbone_layer1_9_conv3_weight, ema_backbone_layer1_9_bn3_weight, ema_backbone_layer1_9_bn3_bias, ema_backbone_layer1_10_conv1_weight, ema_backbone_layer1_10_bn1_weight, ema_backbone_layer1_10_bn1_bias, ema_backbone_layer1_10_conv2_weight, ema_backbone_layer1_10_bn2_weight, ema_backbone_layer1_10_bn2_bias, ema_backbone_layer1_10_conv3_weight, ema_backbone_layer1_10_bn3_weight, ema_backbone_layer1_10_bn3_bias, ema_backbone_layer1_11_conv1_weight, ema_backbone_layer1_11_bn1_weight, ema_backbone_layer1_11_bn1_bias, ema_backbone_layer1_11_conv2_weight, ema_backbone_layer1_11_bn2_weight, ema_backbone_layer1_11_bn2_bias, ema_backbone_layer1_11_conv3_weight, ema_backbone_layer1_11_bn3_weight, ema_backbone_layer1_11_bn3_bias, ema_backbone_layer1_12_conv1_weight, ema_backbone_layer1_12_bn1_weight, ema_backbone_layer1_12_bn1_bias, ema_backbone_layer1_12_conv2_weight, ema_backbone_layer1_12_bn2_weight, ema_backbone_layer1_12_bn2_bias, ema_backbone_layer1_12_conv3_weight, ema_backbone_layer1_12_bn3_weight, ema_backbone_layer1_12_bn3_bias, ema_backbone_layer1_13_conv1_weight, ema_backbone_layer1_13_bn1_weight, ema_backbone_layer1_13_bn1_bias, ema_backbone_layer1_13_conv2_weight, ema_backbone_layer1_13_bn2_weight, ema_backbone_layer1_13_bn2_bias, ema_backbone_layer1_13_conv3_weight, ema_backbone_layer1_13_bn3_weight, ema_backbone_layer1_13_bn3_bias, ema_backbone_layer1_14_conv1_weight, ema_backbone_layer1_14_bn1_weight, ema_backbone_layer1_14_bn1_bias, ema_backbone_layer1_14_conv2_weight, ema_backbone_layer1_14_bn2_weight, ema_backbone_layer1_14_bn2_bias, ema_backbone_layer1_14_conv3_weight, ema_backbone_layer1_14_bn3_weight, ema_backbone_layer1_14_bn3_bias, ema_backbone_layer1_15_conv1_weight, ema_backbone_layer1_15_bn1_weight, ema_backbone_layer1_15_bn1_bias, ema_backbone_layer1_15_conv2_weight, ema_backbone_layer1_15_bn2_weight, ema_backbone_layer1_15_bn2_bias, ema_backbone_layer1_15_conv3_weight, ema_backbone_layer1_15_bn3_weight, ema_backbone_layer1_15_bn3_bias, ema_backbone_layer1_16_conv1_weight, ema_backbone_layer1_16_bn1_weight, ema_backbone_layer1_16_bn1_bias, ema_backbone_layer1_16_conv2_weight, ema_backbone_layer1_16_bn2_weight, ema_backbone_layer1_16_bn2_bias, ema_backbone_layer1_16_conv3_weight, ema_backbone_layer1_16_bn3_weight, ema_backbone_layer1_16_bn3_bias, ema_backbone_layer2_0_conv1_weight, ema_backbone_layer2_0_bn1_weight, ema_backbone_layer2_0_bn1_bias, ema_backbone_layer2_0_conv2_weight, ema_backbone_layer2_0_bn2_weight, ema_backbone_layer2_0_bn2_bias, ema_backbone_layer2_0_conv3_weight, ema_backbone_layer2_0_bn3_weight, ema_backbone_layer2_0_bn3_bias, ema_backbone_layer2_0_downsample_1_weight, ema_backbone_layer2_0_downsample_2_weight, ema_backbone_layer2_0_downsample_2_bias, ema_backbone_layer2_1_conv1_weight, ema_backbone_layer2_1_bn1_weight, ema_backbone_layer2_1_bn1_bias, ema_backbone_layer2_1_conv2_weight, ema_backbone_layer2_1_bn2_weight, ema_backbone_layer2_1_bn2_bias, ema_backbone_layer2_1_conv3_weight, ema_backbone_layer2_1_bn3_weight, ema_backbone_layer2_1_bn3_bias, ema_backbone_layer2_2_conv1_weight, ema_backbone_layer2_2_bn1_weight, ema_backbone_layer2_2_bn1_bias, ema_backbone_layer2_2_conv2_weight, ema_backbone_layer2_2_bn2_weight, ema_backbone_layer2_2_bn2_bias, ema_backbone_layer2_2_conv3_weight, ema_backbone_layer2_2_bn3_weight, ema_backbone_layer2_2_bn3_bias, ema_backbone_layer2_3_conv1_weight, ema_backbone_layer2_3_bn1_weight, ema_backbone_layer2_3_bn1_bias, ema_backbone_layer2_3_conv2_weight, ema_backbone_layer2_3_bn2_weight, ema_backbone_layer2_3_bn2_bias, ema_backbone_layer2_3_conv3_weight, ema_backbone_layer2_3_bn3_weight, ema_backbone_layer2_3_bn3_bias, ema_backbone_layer2_4_conv1_weight, ema_backbone_layer2_4_bn1_weight, ema_backbone_layer2_4_bn1_bias, ema_backbone_layer2_4_conv2_weight, ema_backbone_layer2_4_bn2_weight, ema_backbone_layer2_4_bn2_bias, ema_backbone_layer2_4_conv3_weight, ema_backbone_layer2_4_bn3_weight, ema_backbone_layer2_4_bn3_bias, ema_backbone_layer2_5_conv1_weight, ema_backbone_layer2_5_bn1_weight, ema_backbone_layer2_5_bn1_bias, ema_backbone_layer2_5_conv2_weight, ema_backbone_layer2_5_bn2_weight, ema_backbone_layer2_5_bn2_bias, ema_backbone_layer2_5_conv3_weight, ema_backbone_layer2_5_bn3_weight, ema_backbone_layer2_5_bn3_bias, ema_backbone_layer2_6_conv1_weight, ema_backbone_layer2_6_bn1_weight, ema_backbone_layer2_6_bn1_bias, ema_backbone_layer2_6_conv2_weight, ema_backbone_layer2_6_bn2_weight, ema_backbone_layer2_6_bn2_bias, ema_backbone_layer2_6_conv3_weight, ema_backbone_layer2_6_bn3_weight, ema_backbone_layer2_6_bn3_bias, ema_backbone_layer2_7_conv1_weight, ema_backbone_layer2_7_bn1_weight, ema_backbone_layer2_7_bn1_bias, ema_backbone_layer2_7_conv2_weight, ema_backbone_layer2_7_bn2_weight, ema_backbone_layer2_7_bn2_bias, ema_backbone_layer2_7_conv3_weight, ema_backbone_layer2_7_bn3_weight, ema_backbone_layer2_7_bn3_bias, ema_backbone_layer2_8_conv1_weight, ema_backbone_layer2_8_bn1_weight, ema_backbone_layer2_8_bn1_bias, ema_backbone_layer2_8_conv2_weight, ema_backbone_layer2_8_bn2_weight, ema_backbone_layer2_8_bn2_bias, ema_backbone_layer2_8_conv3_weight, ema_backbone_layer2_8_bn3_weight, ema_backbone_layer2_8_bn3_bias, ema_backbone_layer2_9_conv1_weight, ema_backbone_layer2_9_bn1_weight, ema_backbone_layer2_9_bn1_bias, ema_backbone_layer2_9_conv2_weight, ema_backbone_layer2_9_bn2_weight, ema_backbone_layer2_9_bn2_bias, ema_backbone_layer2_9_conv3_weight, ema_backbone_layer2_9_bn3_weight, ema_backbone_layer2_9_bn3_bias, ema_backbone_layer2_10_conv1_weight, ema_backbone_layer2_10_bn1_weight, ema_backbone_layer2_10_bn1_bias, ema_backbone_layer2_10_conv2_weight, ema_backbone_layer2_10_bn2_weight, ema_backbone_layer2_10_bn2_bias, ema_backbone_layer2_10_conv3_weight, ema_backbone_layer2_10_bn3_weight, ema_backbone_layer2_10_bn3_bias, ema_backbone_layer2_11_conv1_weight, ema_backbone_layer2_11_bn1_weight, ema_backbone_layer2_11_bn1_bias, ema_backbone_layer2_11_conv2_weight, ema_backbone_layer2_11_bn2_weight, ema_backbone_layer2_11_bn2_bias, ema_backbone_layer2_11_conv3_weight, ema_backbone_layer2_11_bn3_weight, ema_backbone_layer2_11_bn3_bias, ema_backbone_layer2_12_conv1_weight, ema_backbone_layer2_12_bn1_weight, ema_backbone_layer2_12_bn1_bias, ema_backbone_layer2_12_conv2_weight, ema_backbone_layer2_12_bn2_weight, ema_backbone_layer2_12_bn2_bias, ema_backbone_layer2_12_conv3_weight, ema_backbone_layer2_12_bn3_weight, ema_backbone_layer2_12_bn3_bias, ema_backbone_layer2_13_conv1_weight, ema_backbone_layer2_13_bn1_weight, ema_backbone_layer2_13_bn1_bias, ema_backbone_layer2_13_conv2_weight, ema_backbone_layer2_13_bn2_weight, ema_backbone_layer2_13_bn2_bias, ema_backbone_layer2_13_conv3_weight, ema_backbone_layer2_13_bn3_weight, ema_backbone_layer2_13_bn3_bias, ema_backbone_layer2_14_conv1_weight, ema_backbone_layer2_14_bn1_weight, ema_backbone_layer2_14_bn1_bias, ema_backbone_layer2_14_conv2_weight, ema_backbone_layer2_14_bn2_weight, ema_backbone_layer2_14_bn2_bias, ema_backbone_layer2_14_conv3_weight, ema_backbone_layer2_14_bn3_weight, ema_backbone_layer2_14_bn3_bias, ema_backbone_layer2_15_conv1_weight, ema_backbone_layer2_15_bn1_weight, ema_backbone_layer2_15_bn1_bias, ema_backbone_layer2_15_conv2_weight, ema_backbone_layer2_15_bn2_weight, ema_backbone_layer2_15_bn2_bias, ema_backbone_layer2_15_conv3_weight, ema_backbone_layer2_15_bn3_weight, ema_backbone_layer2_15_bn3_bias, ema_backbone_layer3_0_conv1_weight, ema_backbone_layer3_0_bn1_weight, ema_backbone_layer3_0_bn1_bias, ema_backbone_layer3_0_conv2_weight, ema_backbone_layer3_0_bn2_weight, ema_backbone_layer3_0_bn2_bias, ema_backbone_layer3_0_conv3_weight, ema_backbone_layer3_0_bn3_weight, ema_backbone_layer3_0_bn3_bias, ema_backbone_layer3_0_downsample_1_weight, ema_backbone_layer3_0_downsample_2_weight, ema_backbone_layer3_0_downsample_2_bias, ema_backbone_layer3_1_conv1_weight, ema_backbone_layer3_1_bn1_weight, ema_backbone_layer3_1_bn1_bias, ema_backbone_layer3_1_conv2_weight, ema_backbone_layer3_1_bn2_weight, ema_backbone_layer3_1_bn2_bias, ema_backbone_layer3_1_conv3_weight, ema_backbone_layer3_1_bn3_weight, ema_backbone_layer3_1_bn3_bias, ema_backbone_layer4_0_conv1_weight, ema_backbone_layer4_0_bn1_weight, ema_backbone_layer4_0_bn1_bias, ema_backbone_layer4_0_conv2_weight, ema_backbone_layer4_0_bn2_weight, ema_backbone_layer4_0_bn2_bias, ema_backbone_layer4_0_conv3_weight, ema_backbone_layer4_0_bn3_weight, ema_backbone_layer4_0_bn3_bias, ema_backbone_layer4_0_downsample_1_weight, ema_backbone_layer4_0_downsample_2_weight, ema_backbone_layer4_0_downsample_2_bias, ema_backbone_layer4_1_conv1_weight, ema_backbone_layer4_1_bn1_weight, ema_backbone_layer4_1_bn1_bias, ema_backbone_layer4_1_conv2_weight, ema_backbone_layer4_1_bn2_weight, ema_backbone_layer4_1_bn2_bias, ema_backbone_layer4_1_conv3_weight, ema_backbone_layer4_1_bn3_weight, ema_backbone_layer4_1_bn3_bias, ema_backbone_layer4_2_conv1_weight, ema_backbone_layer4_2_bn1_weight, ema_backbone_layer4_2_bn1_bias, ema_backbone_layer4_2_conv2_weight, ema_backbone_layer4_2_bn2_weight, ema_backbone_layer4_2_bn2_bias, ema_backbone_layer4_2_conv3_weight, ema_backbone_layer4_2_bn3_weight, ema_backbone_layer4_2_bn3_bias, ema_backbone_layer4_3_conv1_weight, ema_backbone_layer4_3_bn1_weight, ema_backbone_layer4_3_bn1_bias, ema_backbone_layer4_3_conv2_weight, ema_backbone_layer4_3_bn2_weight, ema_backbone_layer4_3_bn2_bias, ema_backbone_layer4_3_conv3_weight, ema_backbone_layer4_3_bn3_weight, ema_backbone_layer4_3_bn3_bias, ema_backbone_layer4_4_conv1_weight, ema_backbone_layer4_4_bn1_weight, ema_backbone_layer4_4_bn1_bias, ema_backbone_layer4_4_conv2_weight, ema_backbone_layer4_4_bn2_weight, ema_backbone_layer4_4_bn2_bias, ema_backbone_layer4_4_conv3_weight, ema_backbone_layer4_4_bn3_weight, ema_backbone_layer4_4_bn3_bias, ema_backbone_layer4_5_conv1_weight, ema_backbone_layer4_5_bn1_weight, ema_backbone_layer4_5_bn1_bias, ema_backbone_layer4_5_conv2_weight, ema_backbone_layer4_5_bn2_weight, ema_backbone_layer4_5_bn2_bias, ema_backbone_layer4_5_conv3_weight, ema_backbone_layer4_5_bn3_weight, ema_backbone_layer4_5_bn3_bias, ema_backbone_layer4_6_conv1_weight, ema_backbone_layer4_6_bn1_weight, ema_backbone_layer4_6_bn1_bias, ema_backbone_layer4_6_conv2_weight, ema_backbone_layer4_6_bn2_weight, ema_backbone_layer4_6_bn2_bias, ema_backbone_layer4_6_conv3_weight, ema_backbone_layer4_6_bn3_weight, ema_backbone_layer4_6_bn3_bias, ema_backbone_layer4_7_conv1_weight, ema_backbone_layer4_7_bn1_weight, ema_backbone_layer4_7_bn1_bias, ema_backbone_layer4_7_conv2_weight, ema_backbone_layer4_7_bn2_weight, ema_backbone_layer4_7_bn2_bias, ema_backbone_layer4_7_conv3_weight, ema_backbone_layer4_7_bn3_weight, ema_backbone_layer4_7_bn3_bias, ema_neck_lateral_convs_0_conv_weight, ema_neck_lateral_convs_0_conv_bias, ema_neck_lateral_convs_1_conv_weight, ema_neck_lateral_convs_1_conv_bias, ema_neck_lateral_convs_2_conv_weight, ema_neck_lateral_convs_2_conv_bias, ema_neck_fpn_convs_0_conv_weight, ema_neck_fpn_convs_0_conv_bias, ema_neck_fpn_convs_1_conv_weight, ema_neck_fpn_convs_1_conv_bias, ema_neck_fpn_convs_2_conv_weight, ema_neck_fpn_convs_2_conv_bias, ema_neck_downsample_convs_0_conv_weight, ema_neck_downsample_convs_0_conv_bias, ema_neck_downsample_convs_1_conv_weight, ema_neck_downsample_convs_1_conv_bias, ema_neck_pafpn_convs_0_conv_weight, ema_neck_pafpn_convs_0_conv_bias, ema_neck_pafpn_convs_1_conv_weight, ema_neck_pafpn_convs_1_conv_bias, ema_bbox_head_cls_stride_convs_0_0_conv_weight, ema_bbox_head_cls_stride_convs_0_0_gn_weight, ema_bbox_head_cls_stride_convs_0_0_gn_bias, ema_bbox_head_cls_stride_convs_0_1_conv_weight, ema_bbox_head_cls_stride_convs_0_1_gn_weight, ema_bbox_head_cls_stride_convs_0_1_gn_bias, ema_bbox_head_stride_cls_0_weight, ema_bbox_head_stride_cls_0_bias, ema_bbox_head_stride_reg_0_weight, ema_bbox_head_stride_reg_0_bias, ema_bbox_head_stride_kps_0_weight, ema_bbox_head_stride_kps_0_bias, ema_bbox_head_scales_0_scale, ema_bbox_head_scales_1_scale, ema_bbox_head_scales_2_scale

2026-10-06 20:11:56,731 - mmdet - INFO - Start running, host: esteban@fluence2, work_dir: /mnt/cachefs/esteban/pii/runs/train/wd_armBA34_fluence
2026-10-06 20:11:56,731 - mmdet - INFO - Hooks will be executed in the following order:
before_run:
(VERY_HIGH   ) StepLrUpdaterHook                  
(49          ) EMAHook                            
(NORMAL      ) CheckpointHook                     
(VERY_LOW    ) TextLoggerHook                     
 -------------------- 
before_train_epoch:
(VERY_HIGH   ) StepLrUpdaterHook                  
(49          ) EMAHook                            
(NORMAL      ) DistSamplerSeedHook                
(LOW         ) IterTimerHook                      
(VERY_LOW    ) TextLoggerHook                     
 -------------------- 
before_train_iter:
(VERY_HIGH   ) StepLrUpdaterHook                  
(LOW         ) IterTimerHook                      
 -------------------- 
after_train_iter:
(ABOVE_NORMAL) GradientCumulativeOptimizerHook    
(49          ) EMAHook                            
(NORMAL      ) CheckpointHook                     
(LOW         ) IterTimerHook                      
(VERY_LOW    ) TextLoggerHook                     
 -------------------- 
after_train_epoch:
(49          ) EMAHook                            
(NORMAL      ) CheckpointHook                     
(VERY_LOW    ) TextLoggerHook                     
 -------------------- 
before_val_epoch:
(NORMAL      ) DistSamplerSeedHook                
(LOW         ) IterTimerHook                      
(VERY_LOW    ) TextLoggerHook                     
 -------------------- 
before_val_iter:
(LOW         ) IterTimerHook                      
 -------------------- 
after_val_iter:
(LOW         ) IterTimerHook                      
 -------------------- 
after_val_epoch:
(VERY_LOW    ) TextLoggerHook                     
 -------------------- 
after_run:
(VERY_LOW    ) TextLoggerHook                     
 -------------------- 
2026-10-06 20:11:56,731 - mmdet - INFO - workflow: [('train', 1)], max: 6 epochs
2026-10-06 20:11:56,742 - mmdet - INFO - Checkpoints will be saved to /mnt/cachefs/esteban/pii/runs/train/wd_armBA34_fluence by HardDiskBackend.
2026-10-06 20:12:25,372 - mmdet - INFO - Epoch [1][50/4741]	lr: 2.458e-05, eta: 4:30:52, time: 0.572, data_time: 0.175, memory: 13344, loss_cls: 0.4117, loss_bbox: 0.3838, loss_kps: 0.0000, loss: 0.7956
2026-10-06 20:12:40,174 - mmdet - INFO - Epoch [1][100/4741]	lr: 4.955e-05, eta: 3:25:04, time: 0.296, data_time: 0.018, memory: 13344, loss_cls: 0.3974, loss_bbox: 0.3870, loss_kps: 0.0000, loss: 0.7844
2026-10-06 20:12:54,810 - mmdet - INFO - Epoch [1][150/4741]	lr: 7.453e-05, eta: 3:02:30, time: 0.293, data_time: 0.018, memory: 13344, loss_cls: 0.4188, loss_bbox: 0.3912, loss_kps: 0.0000, loss: 0.8100
2026-10-06 20:13:09,516 - mmdet - INFO - Epoch [1][200/4741]	lr: 9.950e-05, eta: 2:51:13, time: 0.294, data_time: 0.016, memory: 13344, loss_cls: 0.4254, loss_bbox: 0.3877, loss_kps: 0.0000, loss: 0.8131
2026-10-06 20:13:24,243 - mmdet - INFO - Epoch [1][250/4741]	lr: 1.000e-04, eta: 2:44:23, time: 0.294, data_time: 0.018, memory: 13344, loss_cls: 0.4248, loss_bbox: 0.3877, loss_kps: 0.0000, loss: 0.8124
2026-10-06 20:13:39,066 - mmdet - INFO - Epoch [1][300/4741]	lr: 1.000e-04, eta: 2:39:58, time: 0.297, data_time: 0.017, memory: 13344, loss_cls: 0.4086, loss_bbox: 0.3889, loss_kps: 0.0000, loss: 0.7975
2026-10-06 20:13:53,877 - mmdet - INFO - Epoch [1][350/4741]	lr: 1.000e-04, eta: 2:36:41, time: 0.296, data_time: 0.019, memory: 13344, loss_cls: 0.4184, loss_bbox: 0.3880, loss_kps: 0.0000, loss: 0.8064
2026-10-06 20:14:08,636 - mmdet - INFO - Epoch [1][400/4741]	lr: 1.000e-04, eta: 2:34:06, time: 0.295, data_time: 0.017, memory: 13344, loss_cls: 0.4166, loss_bbox: 0.3917, loss_kps: 0.0000, loss: 0.8083
2026-10-06 20:14:23,481 - mmdet - INFO - Epoch [1][450/4741]	lr: 1.000e-04, eta: 2:32:07, time: 0.297, data_time: 0.020, memory: 13344, loss_cls: 0.4045, loss_bbox: 0.3817, loss_kps: 0.0000, loss: 0.7862
2026-10-06 20:14:38,290 - mmdet - INFO - Epoch [1][500/4741]	lr: 1.000e-04, eta: 2:30:27, time: 0.296, data_time: 0.016, memory: 13344, loss_cls: 0.4038, loss_bbox: 0.3886, loss_kps: 0.0000, loss: 0.7925
2026-10-06 20:14:53,175 - mmdet - INFO - Epoch [1][550/4741]	lr: 1.000e-04, eta: 2:29:07, time: 0.298, data_time: 0.017, memory: 13344, loss_cls: 0.4191, loss_bbox: 0.3865, loss_kps: 0.0000, loss: 0.8056
2026-10-06 20:15:07,855 - mmdet - INFO - Epoch [1][600/4741]	lr: 1.000e-04, eta: 2:27:48, time: 0.294, data_time: 0.017, memory: 13344, loss_cls: 0.4001, loss_bbox: 0.3786, loss_kps: 0.0000, loss: 0.7787
2026-10-06 20:15:22,624 - mmdet - INFO - Epoch [1][650/4741]	lr: 1.000e-04, eta: 2:26:43, time: 0.295, data_time: 0.018, memory: 13344, loss_cls: 0.4124, loss_bbox: 0.3815, loss_kps: 0.0000, loss: 0.7940
2026-10-06 20:15:37,449 - mmdet - INFO - Epoch [1][700/4741]	lr: 1.000e-04, eta: 2:25:47, time: 0.297, data_time: 0.017, memory: 13344, loss_cls: 0.4256, loss_bbox: 0.3857, loss_kps: 0.0000, loss: 0.8114
2026-10-06 20:15:52,140 - mmdet - INFO - Epoch [1][750/4741]	lr: 1.000e-04, eta: 2:24:51, time: 0.294, data_time: 0.017, memory: 13344, loss_cls: 0.4000, loss_bbox: 0.3787, loss_kps: 0.0000, loss: 0.7787
2026-10-06 20:16:06,902 - mmdet - INFO - Epoch [1][800/4741]	lr: 1.000e-04, eta: 2:24:03, time: 0.295, data_time: 0.017, memory: 13344, loss_cls: 0.4126, loss_bbox: 0.3859, loss_kps: 0.0000, loss: 0.7985
2026-10-06 20:16:21,600 - mmdet - INFO - Epoch [1][850/4741]	lr: 1.000e-04, eta: 2:23:17, time: 0.294, data_time: 0.017, memory: 13344, loss_cls: 0.3933, loss_bbox: 0.3809, loss_kps: 0.0000, loss: 0.7742
2026-10-06 20:16:36,345 - mmdet - INFO - Epoch [1][900/4741]	lr: 1.000e-04, eta: 2:22:36, time: 0.295, data_time: 0.016, memory: 13344, loss_cls: 0.4014, loss_bbox: 0.3760, loss_kps: 0.0000, loss: 0.7774
2026-10-06 20:16:51,096 - mmdet - INFO - Epoch [1][950/4741]	lr: 1.000e-04, eta: 2:21:58, time: 0.295, data_time: 0.017, memory: 13344, loss_cls: 0.4180, loss_bbox: 0.3877, loss_kps: 0.0000, loss: 0.8057
2026-10-06 20:17:05,868 - mmdet - INFO - Exp name: scrfd_armBA34_fluence.py
2026-10-06 20:17:05,871 - mmdet - INFO - Epoch [1][1000/4741]	lr: 1.000e-04, eta: 2:21:23, time: 0.295, data_time: 0.018, memory: 13344, loss_cls: 0.4108, loss_bbox: 0.3883, loss_kps: 0.0000, loss: 0.7991
2026-10-06 20:17:20,537 - mmdet - INFO - Epoch [1][1050/4741]	lr: 1.000e-04, eta: 2:20:47, time: 0.293, data_time: 0.019, memory: 13344, loss_cls: 0.4185, loss_bbox: 0.3818, loss_kps: 0.0000, loss: 0.8004
2026-10-06 20:17:35,286 - mmdet - INFO - Epoch [1][1100/4741]	lr: 1.000e-04, eta: 2:20:15, time: 0.295, data_time: 0.017, memory: 13344, loss_cls: 0.4080, loss_bbox: 0.3923, loss_kps: 0.0000, loss: 0.8003
2026-10-06 20:17:50,443 - mmdet - INFO - Epoch [1][1150/4741]	lr: 1.000e-04, eta: 2:19:54, time: 0.303, data_time: 0.032, memory: 13344, loss_cls: 0.4035, loss_bbox: 0.3863, loss_kps: 0.0000, loss: 0.7898
2026-10-06 20:18:06,625 - mmdet - INFO - Epoch [1][1200/4741]	lr: 1.000e-04, eta: 2:19:57, time: 0.324, data_time: 0.014, memory: 13344, loss_cls: 0.4181, loss_bbox: 0.3966, loss_kps: 0.0000, loss: 0.8147
2026-10-06 20:18:22,406 - mmdet - INFO - Epoch [1][1250/4741]	lr: 1.000e-04, eta: 2:19:50, time: 0.316, data_time: 0.017, memory: 13344, loss_cls: 0.4077, loss_bbox: 0.3949, loss_kps: 0.0000, loss: 0.8026
2026-10-06 20:18:36,811 - mmdet - INFO - Epoch [1][1300/4741]	lr: 1.000e-04, eta: 2:19:13, time: 0.288, data_time: 0.017, memory: 13344, loss_cls: 0.4234, loss_bbox: 0.3928, loss_kps: 0.0000, loss: 0.8162
2026-10-06 20:18:51,581 - mmdet - INFO - Epoch [1][1350/4741]	lr: 1.000e-04, eta: 2:18:45, time: 0.295, data_time: 0.017, memory: 13344, loss_cls: 0.4232, loss_bbox: 0.3907, loss_kps: 0.0000, loss: 0.8139
2026-10-06 20:19:06,430 - mmdet - INFO - Epoch [1][1400/4741]	lr: 1.000e-04, eta: 2:18:20, time: 0.297, data_time: 0.017, memory: 13344, loss_cls: 0.4137, loss_bbox: 0.3871, loss_kps: 0.0000, loss: 0.8009
2026-10-06 20:19:20,929 - mmdet - INFO - Epoch [1][1450/4741]	lr: 1.000e-04, eta: 2:17:49, time: 0.290, data_time: 0.017, memory: 13344, loss_cls: 0.4140, loss_bbox: 0.3911, loss_kps: 0.0000, loss: 0.8051
2026-10-06 20:19:35,662 - mmdet - INFO - Epoch [1][1500/4741]	lr: 1.000e-04, eta: 2:17:23, time: 0.295, data_time: 0.017, memory: 13344, loss_cls: 0.4275, loss_bbox: 0.3917, loss_kps: 0.0000, loss: 0.8192
2026-10-06 20:19:50,343 - mmdet - INFO - Epoch [1][1550/4741]	lr: 1.000e-04, eta: 2:16:57, time: 0.294, data_time: 0.018, memory: 13344, loss_cls: 0.4189, loss_bbox: 0.3935, loss_kps: 0.0000, loss: 0.8124
2026-10-06 20:20:05,098 - mmdet - INFO - Epoch [1][1600/4741]	lr: 1.000e-04, eta: 2:16:33, time: 0.295, data_time: 0.017, memory: 13344, loss_cls: 0.4282, loss_bbox: 0.3957, loss_kps: 0.0000, loss: 0.8239
2026-10-06 20:20:19,987 - mmdet - INFO - Epoch [1][1650/4741]	lr: 1.000e-04, eta: 2:16:12, time: 0.298, data_time: 0.017, memory: 13344, loss_cls: 0.4206, loss_bbox: 0.3863, loss_kps: 0.0000, loss: 0.8069
2026-10-06 20:20:34,817 - mmdet - INFO - Epoch [1][1700/4741]	lr: 1.000e-04, eta: 2:15:50, time: 0.297, data_time: 0.018, memory: 13344, loss_cls: 0.4010, loss_bbox: 0.3879, loss_kps: 0.0000, loss: 0.7889
2026-10-06 20:20:49,685 - mmdet - INFO - Epoch [1][1750/4741]	lr: 1.000e-04, eta: 2:15:29, time: 0.297, data_time: 0.017, memory: 13344, loss_cls: 0.4122, loss_bbox: 0.3874, loss_kps: 0.0000, loss: 0.7997
2026-10-06 20:21:04,567 - mmdet - INFO - Epoch [1][1800/4741]	lr: 1.000e-04, eta: 2:15:09, time: 0.298, data_time: 0.018, memory: 13344, loss_cls: 0.4142, loss_bbox: 0.3824, loss_kps: 0.0000, loss: 0.7966
2026-10-06 20:21:19,436 - mmdet - INFO - Epoch [1][1850/4741]	lr: 1.000e-04, eta: 2:14:48, time: 0.297, data_time: 0.017, memory: 13344, loss_cls: 0.4182, loss_bbox: 0.3971, loss_kps: 0.0000, loss: 0.8153
2026-10-06 20:21:34,275 - mmdet - INFO - Epoch [1][1900/4741]	lr: 1.000e-04, eta: 2:14:28, time: 0.297, data_time: 0.017, memory: 13344, loss_cls: 0.3927, loss_bbox: 0.3898, loss_kps: 0.0000, loss: 0.7825
2026-10-06 20:21:48,860 - mmdet - INFO - Epoch [1][1950/4741]	lr: 1.000e-04, eta: 2:14:04, time: 0.292, data_time: 0.017, memory: 13344, loss_cls: 0.4000, loss_bbox: 0.3827, loss_kps: 0.0000, loss: 0.7827
2026-10-06 20:22:03,539 - mmdet - INFO - Exp name: scrfd_armBA34_fluence.py
2026-10-06 20:22:03,542 - mmdet - INFO - Epoch [1][2000/4741]	lr: 1.000e-04, eta: 2:13:43, time: 0.294, data_time: 0.017, memory: 13344, loss_cls: 0.4129, loss_bbox: 0.3871, loss_kps: 0.0000, loss: 0.8001
2026-10-06 20:22:18,200 - mmdet - INFO - Epoch [1][2050/4741]	lr: 1.000e-04, eta: 2:13:21, time: 0.293, data_time: 0.017, memory: 13344, loss_cls: 0.4197, loss_bbox: 0.3913, loss_kps: 0.0000, loss: 0.8111
2026-10-06 20:22:33,000 - mmdet - INFO - Epoch [1][2100/4741]	lr: 1.000e-04, eta: 2:13:01, time: 0.296, data_time: 0.018, memory: 13344, loss_cls: 0.4267, loss_bbox: 0.3924, loss_kps: 0.0000, loss: 0.8191
2026-10-06 20:22:47,649 - mmdet - INFO - Epoch [1][2150/4741]	lr: 1.000e-04, eta: 2:12:40, time: 0.293, data_time: 0.017, memory: 13344, loss_cls: 0.4046, loss_bbox: 0.3843, loss_kps: 0.0000, loss: 0.7890
2026-10-06 20:23:02,677 - mmdet - INFO - Epoch [1][2200/4741]	lr: 1.000e-04, eta: 2:12:24, time: 0.301, data_time: 0.017, memory: 13344, loss_cls: 0.4026, loss_bbox: 0.3907, loss_kps: 0.0000, loss: 0.7933
2026-10-06 20:23:17,619 - mmdet - INFO - Epoch [1][2250/4741]	lr: 1.000e-04, eta: 2:12:06, time: 0.299, data_time: 0.017, memory: 13344, loss_cls: 0.4069, loss_bbox: 0.3857, loss_kps: 0.0000, loss: 0.7926
2026-10-06 20:23:32,620 - mmdet - INFO - Epoch [1][2300/4741]	lr: 1.000e-04, eta: 2:11:50, time: 0.300, data_time: 0.018, memory: 13344, loss_cls: 0.4121, loss_bbox: 0.3877, loss_kps: 0.0000, loss: 0.7998
2026-10-06 20:23:47,360 - mmdet - INFO - Epoch [1][2350/4741]	lr: 1.000e-04, eta: 2:11:30, time: 0.295, data_time: 0.017, memory: 13344, loss_cls: 0.4149, loss_bbox: 0.3957, loss_kps: 0.0000, loss: 0.8106
2026-10-06 20:24:01,985 - mmdet - INFO - Epoch [1][2400/4741]	lr: 1.000e-04, eta: 2:11:10, time: 0.293, data_time: 0.017, memory: 13344, loss_cls: 0.4072, loss_bbox: 0.3858, loss_kps: 0.0000, loss: 0.7930
2026-10-06 20:24:16,538 - mmdet - INFO - Epoch [1][2450/4741]	lr: 1.000e-04, eta: 2:10:49, time: 0.291, data_time: 0.015, memory: 13344, loss_cls: 0.4170, loss_bbox: 0.3910, loss_kps: 0.0000, loss: 0.8080
2026-10-06 20:24:31,314 - mmdet - INFO - Epoch [1][2500/4741]	lr: 1.000e-04, eta: 2:10:30, time: 0.296, data_time: 0.017, memory: 13344, loss_cls: 0.4115, loss_bbox: 0.3921, loss_kps: 0.0000, loss: 0.8036
2026-10-06 20:24:45,939 - mmdet - INFO - Epoch [1][2550/4741]	lr: 1.000e-04, eta: 2:10:10, time: 0.293, data_time: 0.017, memory: 13344, loss_cls: 0.4272, loss_bbox: 0.3981, loss_kps: 0.0000, loss: 0.8254
2026-10-06 20:25:00,723 - mmdet - INFO - Epoch [1][2600/4741]	lr: 1.000e-04, eta: 2:09:52, time: 0.296, data_time: 0.017, memory: 13344, loss_cls: 0.4052, loss_bbox: 0.3849, loss_kps: 0.0000, loss: 0.7901
2026-10-06 20:25:15,459 - mmdet - INFO - Epoch [1][2650/4741]	lr: 1.000e-04, eta: 2:09:34, time: 0.295, data_time: 0.017, memory: 13344, loss_cls: 0.4176, loss_bbox: 0.4004, loss_kps: 0.0000, loss: 0.8180
2026-10-06 20:25:30,197 - mmdet - INFO - Epoch [1][2700/4741]	lr: 1.000e-04, eta: 2:09:16, time: 0.295, data_time: 0.018, memory: 13344, loss_cls: 0.4095, loss_bbox: 0.3824, loss_kps: 0.0000, loss: 0.7920
2026-10-06 20:25:45,015 - mmdet - INFO - Epoch [1][2750/4741]	lr: 1.000e-04, eta: 2:08:58, time: 0.296, data_time: 0.018, memory: 13344, loss_cls: 0.4079, loss_bbox: 0.3907, loss_kps: 0.0000, loss: 0.7986
2026-10-06 20:25:59,654 - mmdet - INFO - Epoch [1][2800/4741]	lr: 1.000e-04, eta: 2:08:39, time: 0.293, data_time: 0.019, memory: 13344, loss_cls: 0.4000, loss_bbox: 0.3732, loss_kps: 0.0000, loss: 0.7732
2026-10-06 20:26:15,119 - mmdet - INFO - Epoch [1][2850/4741]	lr: 1.000e-04, eta: 2:08:28, time: 0.309, data_time: 0.016, memory: 13344, loss_cls: 0.4287, loss_bbox: 0.3866, loss_kps: 0.0000, loss: 0.8153
2026-10-06 20:26:30,600 - mmdet - INFO - Epoch [1][2900/4741]	lr: 1.000e-04, eta: 2:08:17, time: 0.310, data_time: 0.017, memory: 13344, loss_cls: 0.4096, loss_bbox: 0.3771, loss_kps: 0.0000, loss: 0.7867
2026-10-06 20:26:45,708 - mmdet - INFO - Epoch [1][2950/4741]	lr: 1.000e-04, eta: 2:08:02, time: 0.302, data_time: 0.017, memory: 13344, loss_cls: 0.4111, loss_bbox: 0.3788, loss_kps: 0.0000, loss: 0.7898
2026-10-06 20:27:00,631 - mmdet - INFO - Exp name: scrfd_armBA34_fluence.py
2026-10-06 20:27:00,633 - mmdet - INFO - Epoch [1][3000/4741]	lr: 1.000e-04, eta: 2:07:46, time: 0.298, data_time: 0.016, memory: 13344, loss_cls: 0.4206, loss_bbox: 0.3885, loss_kps: 0.0000, loss: 0.8092
2026-10-06 20:27:15,425 - mmdet - INFO - Epoch [1][3050/4741]	lr: 1.000e-04, eta: 2:07:29, time: 0.296, data_time: 0.017, memory: 13344, loss_cls: 0.4097, loss_bbox: 0.3886, loss_kps: 0.0000, loss: 0.7983
2026-10-06 20:27:30,108 - mmdet - INFO - Epoch [1][3100/4741]	lr: 1.000e-04, eta: 2:07:10, time: 0.294, data_time: 0.017, memory: 13344, loss_cls: 0.4158, loss_bbox: 0.3864, loss_kps: 0.0000, loss: 0.8022
2026-10-06 20:27:44,797 - mmdet - INFO - Epoch [1][3150/4741]	lr: 1.000e-04, eta: 2:06:52, time: 0.294, data_time: 0.016, memory: 13344, loss_cls: 0.4299, loss_bbox: 0.3896, loss_kps: 0.0000, loss: 0.8195
2026-10-06 20:27:59,629 - mmdet - INFO - Epoch [1][3200/4741]	lr: 1.000e-04, eta: 2:06:36, time: 0.297, data_time: 0.019, memory: 13344, loss_cls: 0.4240, loss_bbox: 0.4078, loss_kps: 0.0000, loss: 0.8318
2026-10-06 20:28:14,322 - mmdet - INFO - Epoch [1][3250/4741]	lr: 1.000e-04, eta: 2:06:18, time: 0.294, data_time: 0.017, memory: 13344, loss_cls: 0.4050, loss_bbox: 0.3821, loss_kps: 0.0000, loss: 0.7870
2026-10-06 20:28:29,031 - mmdet - INFO - Epoch [1][3300/4741]	lr: 1.000e-04, eta: 2:06:00, time: 0.294, data_time: 0.017, memory: 13344, loss_cls: 0.4132, loss_bbox: 0.3925, loss_kps: 0.0000, loss: 0.8057
2026-10-06 20:28:43,947 - mmdet - INFO - Epoch [1][3350/4741]	lr: 1.000e-04, eta: 2:05:44, time: 0.298, data_time: 0.018, memory: 13344, loss_cls: 0.4026, loss_bbox: 0.3911, loss_kps: 0.0000, loss: 0.7937
2026-10-06 20:28:58,836 - mmdet - INFO - Epoch [1][3400/4741]	lr: 1.000e-04, eta: 2:05:28, time: 0.298, data_time: 0.017, memory: 13344, loss_cls: 0.4051, loss_bbox: 0.3911, loss_kps: 0.0000, loss: 0.7962
2026-10-06 20:29:13,590 - mmdet - INFO - Epoch [1][3450/4741]	lr: 1.000e-04, eta: 2:05:11, time: 0.295, data_time: 0.017, memory: 13344, loss_cls: 0.4264, loss_bbox: 0.3936, loss_kps: 0.0000, loss: 0.8200
2026-10-06 20:29:28,398 - mmdet - INFO - Epoch [1][3500/4741]	lr: 1.000e-04, eta: 2:04:55, time: 0.296, data_time: 0.018, memory: 13344, loss_cls: 0.4305, loss_bbox: 0.3915, loss_kps: 0.0000, loss: 0.8220
2026-10-06 20:29:43,386 - mmdet - INFO - Epoch [1][3550/4741]	lr: 1.000e-04, eta: 2:04:39, time: 0.300, data_time: 0.016, memory: 13344, loss_cls: 0.4189, loss_bbox: 0.3914, loss_kps: 0.0000, loss: 0.8103
2026-10-06 20:29:58,024 - mmdet - INFO - Epoch [1][3600/4741]	lr: 1.000e-04, eta: 2:04:22, time: 0.293, data_time: 0.018, memory: 13344, loss_cls: 0.4061, loss_bbox: 0.3837, loss_kps: 0.0000, loss: 0.7898
2026-10-06 20:30:12,698 - mmdet - INFO - Epoch [1][3650/4741]	lr: 1.000e-04, eta: 2:04:04, time: 0.293, data_time: 0.018, memory: 13344, loss_cls: 0.3984, loss_bbox: 0.3816, loss_kps: 0.0000, loss: 0.7800
2026-10-06 20:30:27,433 - mmdet - INFO - Epoch [1][3700/4741]	lr: 1.000e-04, eta: 2:03:48, time: 0.295, data_time: 0.018, memory: 13344, loss_cls: 0.4092, loss_bbox: 0.3911, loss_kps: 0.0000, loss: 0.8003
2026-10-06 20:30:42,077 - mmdet - INFO - Epoch [1][3750/4741]	lr: 1.000e-04, eta: 2:03:30, time: 0.293, data_time: 0.016, memory: 13344, loss_cls: 0.4114, loss_bbox: 0.3876, loss_kps: 0.0000, loss: 0.7990
2026-10-06 20:30:56,845 - mmdet - INFO - Epoch [1][3800/4741]	lr: 1.000e-04, eta: 2:03:14, time: 0.295, data_time: 0.018, memory: 13344, loss_cls: 0.4325, loss_bbox: 0.3997, loss_kps: 0.0000, loss: 0.8322
2026-10-06 20:31:11,684 - mmdet - INFO - Epoch [1][3850/4741]	lr: 1.000e-04, eta: 2:02:57, time: 0.297, data_time: 0.018, memory: 13344, loss_cls: 0.4155, loss_bbox: 0.3970, loss_kps: 0.0000, loss: 0.8125
2026-10-06 20:31:26,287 - mmdet - INFO - Epoch [1][3900/4741]	lr: 1.000e-04, eta: 2:02:40, time: 0.292, data_time: 0.018, memory: 13344, loss_cls: 0.3920, loss_bbox: 0.3822, loss_kps: 0.0000, loss: 0.7742
2026-10-06 20:31:41,169 - mmdet - INFO - Epoch [1][3950/4741]	lr: 1.000e-04, eta: 2:02:24, time: 0.298, data_time: 0.019, memory: 13344, loss_cls: 0.4148, loss_bbox: 0.3901, loss_kps: 0.0000, loss: 0.8049
2026-10-06 20:31:56,040 - mmdet - INFO - Exp name: scrfd_armBA34_fluence.py
2026-10-06 20:31:56,051 - mmdet - INFO - Epoch [1][4000/4741]	lr: 1.000e-04, eta: 2:02:09, time: 0.297, data_time: 0.019, memory: 13344, loss_cls: 0.3933, loss_bbox: 0.3854, loss_kps: 0.0000, loss: 0.7787
2026-10-06 20:32:10,934 - mmdet - INFO - Epoch [1][4050/4741]	lr: 1.000e-04, eta: 2:01:53, time: 0.298, data_time: 0.018, memory: 13344, loss_cls: 0.4225, loss_bbox: 0.3864, loss_kps: 0.0000, loss: 0.8089
2026-10-06 20:32:25,680 - mmdet - INFO - Epoch [1][4100/4741]	lr: 1.000e-04, eta: 2:01:37, time: 0.295, data_time: 0.017, memory: 13344, loss_cls: 0.4206, loss_bbox: 0.3869, loss_kps: 0.0000, loss: 0.8074
2026-10-06 20:32:40,449 - mmdet - INFO - Epoch [1][4150/4741]	lr: 1.000e-04, eta: 2:01:20, time: 0.295, data_time: 0.017, memory: 13344, loss_cls: 0.4067, loss_bbox: 0.3881, loss_kps: 0.0000, loss: 0.7948
2026-10-06 20:32:55,255 - mmdet - INFO - Epoch [1][4200/4741]	lr: 1.000e-04, eta: 2:01:04, time: 0.296, data_time: 0.018, memory: 13344, loss_cls: 0.4276, loss_bbox: 0.3971, loss_kps: 0.0000, loss: 0.8246
2026-10-06 20:33:10,096 - mmdet - INFO - Epoch [1][4250/4741]	lr: 1.000e-04, eta: 2:00:49, time: 0.297, data_time: 0.017, memory: 13344, loss_cls: 0.4074, loss_bbox: 0.3787, loss_kps: 0.0000, loss: 0.7861
2026-10-06 20:33:24,954 - mmdet - INFO - Epoch [1][4300/4741]	lr: 1.000e-04, eta: 2:00:33, time: 0.297, data_time: 0.018, memory: 13344, loss_cls: 0.4116, loss_bbox: 0.3889, loss_kps: 0.0000, loss: 0.8005
2026-10-06 20:33:39,657 - mmdet - INFO - Epoch [1][4350/4741]	lr: 1.000e-04, eta: 2:00:16, time: 0.294, data_time: 0.018, memory: 13344, loss_cls: 0.4050, loss_bbox: 0.3782, loss_kps: 0.0000, loss: 0.7832
2026-10-06 20:33:54,416 - mmdet - INFO - Epoch [1][4400/4741]	lr: 1.000e-04, eta: 2:00:00, time: 0.295, data_time: 0.017, memory: 13344, loss_cls: 0.4150, loss_bbox: 0.3816, loss_kps: 0.0000, loss: 0.7966
2026-10-06 20:34:09,516 - mmdet - INFO - Epoch [1][4450/4741]	lr: 1.000e-04, eta: 1:59:46, time: 0.302, data_time: 0.016, memory: 13344, loss_cls: 0.4183, loss_bbox: 0.3939, loss_kps: 0.0000, loss: 0.8121
2026-10-06 20:34:24,760 - mmdet - INFO - Epoch [1][4500/4741]	lr: 1.000e-04, eta: 1:59:32, time: 0.305, data_time: 0.017, memory: 13344, loss_cls: 0.4117, loss_bbox: 0.3824, loss_kps: 0.0000, loss: 0.7941
2026-10-06 20:34:39,980 - mmdet - INFO - Epoch [1][4550/4741]	lr: 1.000e-04, eta: 1:59:19, time: 0.304, data_time: 0.017, memory: 13344, loss_cls: 0.4165, loss_bbox: 0.3978, loss_kps: 0.0000, loss: 0.8143
2026-10-06 20:34:55,350 - mmdet - INFO - Epoch [1][4600/4741]	lr: 1.000e-04, eta: 1:59:06, time: 0.308, data_time: 0.016, memory: 13344, loss_cls: 0.4018, loss_bbox: 0.3945, loss_kps: 0.0000, loss: 0.7963
2026-10-06 20:35:10,041 - mmdet - INFO - Epoch [1][4650/4741]	lr: 1.000e-04, eta: 1:58:49, time: 0.294, data_time: 0.017, memory: 13344, loss_cls: 0.4089, loss_bbox: 0.3862, loss_kps: 0.0000, loss: 0.7951
2026-10-06 20:35:25,285 - mmdet - INFO - Epoch [1][4700/4741]	lr: 1.000e-04, eta: 1:58:36, time: 0.305, data_time: 0.017, memory: 13344, loss_cls: 0.3999, loss_bbox: 0.3859, loss_kps: 0.0000, loss: 0.7858
2026-10-06 20:35:33,950 - mmdet - INFO - Saving checkpoint at 1 epochs
2026-10-06 20:36:02,219 - mmdet - INFO - Epoch [2][50/4741]	lr: 1.000e-04, eta: 1:58:12, time: 0.560, data_time: 0.222, memory: 13344, loss_cls: 0.4088, loss_bbox: 0.3811, loss_kps: 0.0000, loss: 0.7898
2026-10-06 20:36:17,386 - mmdet - INFO - Epoch [2][100/4741]	lr: 1.000e-04, eta: 1:57:58, time: 0.303, data_time: 0.021, memory: 13344, loss_cls: 0.4304, loss_bbox: 0.3836, loss_kps: 0.0000, loss: 0.8140
2026-10-06 20:36:32,314 - mmdet - INFO - Epoch [2][150/4741]	lr: 1.000e-04, eta: 1:57:42, time: 0.299, data_time: 0.020, memory: 13344, loss_cls: 0.4075, loss_bbox: 0.3863, loss_kps: 0.0000, loss: 0.7938
2026-10-06 20:36:47,293 - mmdet - INFO - Epoch [2][200/4741]	lr: 1.000e-04, eta: 1:57:27, time: 0.300, data_time: 0.019, memory: 13344, loss_cls: 0.3970, loss_bbox: 0.3848, loss_kps: 0.0000, loss: 0.7817
2026-10-06 20:37:02,142 - mmdet - INFO - Epoch [2][250/4741]	lr: 1.000e-04, eta: 1:57:12, time: 0.297, data_time: 0.018, memory: 13344, loss_cls: 0.3972, loss_bbox: 0.3850, loss_kps: 0.0000, loss: 0.7821
2026-10-06 20:37:17,135 - mmdet - INFO - Epoch [2][300/4741]	lr: 1.000e-04, eta: 1:56:57, time: 0.300, data_time: 0.018, memory: 13344, loss_cls: 0.4269, loss_bbox: 0.3975, loss_kps: 0.0000, loss: 0.8243
2026-10-06 20:37:32,047 - mmdet - INFO - Epoch [2][350/4741]	lr: 1.000e-04, eta: 1:56:41, time: 0.298, data_time: 0.019, memory: 13344, loss_cls: 0.4349, loss_bbox: 0.3869, loss_kps: 0.0000, loss: 0.8218
2026-10-06 20:37:47,097 - mmdet - INFO - Epoch [2][400/4741]	lr: 1.000e-04, eta: 1:56:27, time: 0.301, data_time: 0.018, memory: 13344, loss_cls: 0.4162, loss_bbox: 0.3953, loss_kps: 0.0000, loss: 0.8115
2026-10-06 20:38:02,086 - mmdet - INFO - Epoch [2][450/4741]	lr: 1.000e-04, eta: 1:56:12, time: 0.300, data_time: 0.017, memory: 13344, loss_cls: 0.4184, loss_bbox: 0.3891, loss_kps: 0.0000, loss: 0.8075
2026-10-06 20:38:16,886 - mmdet - INFO - Epoch [2][500/4741]	lr: 1.000e-04, eta: 1:55:56, time: 0.296, data_time: 0.021, memory: 13344, loss_cls: 0.4219, loss_bbox: 0.3996, loss_kps: 0.0000, loss: 0.8214
2026-10-06 20:38:32,030 - mmdet - INFO - Epoch [2][550/4741]	lr: 1.000e-04, eta: 1:55:41, time: 0.303, data_time: 0.019, memory: 13344, loss_cls: 0.4324, loss_bbox: 0.4022, loss_kps: 0.0000, loss: 0.8346
2026-10-06 20:38:46,806 - mmdet - INFO - Epoch [2][600/4741]	lr: 1.000e-04, eta: 1:55:25, time: 0.296, data_time: 0.019, memory: 13344, loss_cls: 0.4092, loss_bbox: 0.3870, loss_kps: 0.0000, loss: 0.7962
2026-10-06 20:39:01,935 - mmdet - INFO - Epoch [2][650/4741]	lr: 1.000e-04, eta: 1:55:11, time: 0.303, data_time: 0.017, memory: 13344, loss_cls: 0.4217, loss_bbox: 0.3930, loss_kps: 0.0000, loss: 0.8148
2026-10-06 20:39:16,830 - mmdet - INFO - Epoch [2][700/4741]	lr: 1.000e-04, eta: 1:54:56, time: 0.298, data_time: 0.018, memory: 13344, loss_cls: 0.4141, loss_bbox: 0.3941, loss_kps: 0.0000, loss: 0.8082
2026-10-06 20:39:32,047 - mmdet - INFO - Epoch [2][750/4741]	lr: 1.000e-04, eta: 1:54:42, time: 0.304, data_time: 0.019, memory: 13344, loss_cls: 0.4167, loss_bbox: 0.3916, loss_kps: 0.0000, loss: 0.8083
2026-10-06 20:39:46,980 - mmdet - INFO - Epoch [2][800/4741]	lr: 1.000e-04, eta: 1:54:26, time: 0.299, data_time: 0.019, memory: 13344, loss_cls: 0.4104, loss_bbox: 0.3896, loss_kps: 0.0000, loss: 0.8000
2026-10-06 20:40:01,772 - mmdet - INFO - Epoch [2][850/4741]	lr: 1.000e-04, eta: 1:54:11, time: 0.296, data_time: 0.018, memory: 13344, loss_cls: 0.4050, loss_bbox: 0.3734, loss_kps: 0.0000, loss: 0.7784
2026-10-06 20:40:16,676 - mmdet - INFO - Epoch [2][900/4741]	lr: 1.000e-04, eta: 1:53:55, time: 0.298, data_time: 0.019, memory: 13344, loss_cls: 0.4087, loss_bbox: 0.3814, loss_kps: 0.0000, loss: 0.7901
2026-10-06 20:40:31,626 - mmdet - INFO - Epoch [2][950/4741]	lr: 1.000e-04, eta: 1:53:40, time: 0.299, data_time: 0.018, memory: 13344, loss_cls: 0.4080, loss_bbox: 0.3901, loss_kps: 0.0000, loss: 0.7981
2026-10-06 20:40:46,513 - mmdet - INFO - Epoch [2][1000/4741]	lr: 1.000e-04, eta: 1:53:25, time: 0.298, data_time: 0.018, memory: 13344, loss_cls: 0.3961, loss_bbox: 0.3827, loss_kps: 0.0000, loss: 0.7788
2026-10-06 20:41:01,507 - mmdet - INFO - Epoch [2][1050/4741]	lr: 1.000e-04, eta: 1:53:10, time: 0.300, data_time: 0.018, memory: 13344, loss_cls: 0.4235, loss_bbox: 0.3950, loss_kps: 0.0000, loss: 0.8185
2026-10-06 20:41:16,533 - mmdet - INFO - Epoch [2][1100/4741]	lr: 1.000e-04, eta: 1:52:55, time: 0.300, data_time: 0.021, memory: 13344, loss_cls: 0.4138, loss_bbox: 0.3938, loss_kps: 0.0000, loss: 0.8077
2026-10-06 20:41:31,417 - mmdet - INFO - Epoch [2][1150/4741]	lr: 1.000e-04, eta: 1:52:40, time: 0.298, data_time: 0.019, memory: 13344, loss_cls: 0.4057, loss_bbox: 0.3822, loss_kps: 0.0000, loss: 0.7878
2026-10-06 20:41:46,580 - mmdet - INFO - Epoch [2][1200/4741]	lr: 1.000e-04, eta: 1:52:25, time: 0.303, data_time: 0.019, memory: 13344, loss_cls: 0.4199, loss_bbox: 0.3926, loss_kps: 0.0000, loss: 0.8125
2026-10-06 20:42:01,449 - mmdet - INFO - Epoch [2][1250/4741]	lr: 1.000e-04, eta: 1:52:10, time: 0.297, data_time: 0.018, memory: 13344, loss_cls: 0.4088, loss_bbox: 0.3746, loss_kps: 0.0000, loss: 0.7834
2026-10-06 20:42:16,554 - mmdet - INFO - Epoch [2][1300/4741]	lr: 1.000e-04, eta: 1:51:55, time: 0.302, data_time: 0.018, memory: 13344, loss_cls: 0.4179, loss_bbox: 0.3835, loss_kps: 0.0000, loss: 0.8014
2026-10-06 20:42:31,739 - mmdet - INFO - Epoch [2][1350/4741]	lr: 1.000e-04, eta: 1:51:41, time: 0.304, data_time: 0.021, memory: 13344, loss_cls: 0.4327, loss_bbox: 0.3991, loss_kps: 0.0000, loss: 0.8318
2026-10-06 20:42:47,582 - mmdet - INFO - Epoch [2][1400/4741]	lr: 1.000e-04, eta: 1:51:29, time: 0.317, data_time: 0.019, memory: 13344, loss_cls: 0.4223, loss_bbox: 0.3935, loss_kps: 0.0000, loss: 0.8158
2026-10-06 20:43:02,377 - mmdet - INFO - Epoch [2][1450/4741]	lr: 1.000e-04, eta: 1:51:13, time: 0.296, data_time: 0.020, memory: 13344, loss_cls: 0.3995, loss_bbox: 0.3789, loss_kps: 0.0000, loss: 0.7784
2026-10-06 20:43:17,903 - mmdet - INFO - Epoch [2][1500/4741]	lr: 1.000e-04, eta: 1:51:00, time: 0.310, data_time: 0.018, memory: 13344, loss_cls: 0.4073, loss_bbox: 0.3785, loss_kps: 0.0000, loss: 0.7858
2026-10-06 20:43:33,513 - mmdet - INFO - Epoch [2][1550/4741]	lr: 1.000e-04, eta: 1:50:47, time: 0.312, data_time: 0.017, memory: 13344, loss_cls: 0.4072, loss_bbox: 0.3789, loss_kps: 0.0000, loss: 0.7861
2026-10-06 20:43:48,704 - mmdet - INFO - Epoch [2][1600/4741]	lr: 1.000e-04, eta: 1:50:33, time: 0.304, data_time: 0.019, memory: 13344, loss_cls: 0.4012, loss_bbox: 0.3878, loss_kps: 0.0000, loss: 0.7891
2026-10-06 20:44:03,652 - mmdet - INFO - Epoch [2][1650/4741]	lr: 1.000e-04, eta: 1:50:18, time: 0.299, data_time: 0.018, memory: 13344, loss_cls: 0.4213, loss_bbox: 0.3931, loss_kps: 0.0000, loss: 0.8144
2026-10-06 20:44:18,770 - mmdet - INFO - Epoch [2][1700/4741]	lr: 1.000e-04, eta: 1:50:03, time: 0.302, data_time: 0.018, memory: 13344, loss_cls: 0.4117, loss_bbox: 0.3833, loss_kps: 0.0000, loss: 0.7950
2026-10-06 20:44:33,642 - mmdet - INFO - Epoch [2][1750/4741]	lr: 1.000e-04, eta: 1:49:48, time: 0.297, data_time: 0.019, memory: 13344, loss_cls: 0.4074, loss_bbox: 0.3820, loss_kps: 0.0000, loss: 0.7894
2026-10-06 20:44:48,475 - mmdet - INFO - Epoch [2][1800/4741]	lr: 1.000e-04, eta: 1:49:32, time: 0.297, data_time: 0.019, memory: 13344, loss_cls: 0.4174, loss_bbox: 0.3927, loss_kps: 0.0000, loss: 0.8101
2026-10-06 20:45:03,488 - mmdet - INFO - Epoch [2][1850/4741]	lr: 1.000e-04, eta: 1:49:17, time: 0.300, data_time: 0.020, memory: 13344, loss_cls: 0.4000, loss_bbox: 0.3867, loss_kps: 0.0000, loss: 0.7867
2026-10-06 20:45:18,578 - mmdet - INFO - Epoch [2][1900/4741]	lr: 1.000e-04, eta: 1:49:03, time: 0.302, data_time: 0.019, memory: 13344, loss_cls: 0.4292, loss_bbox: 0.3982, loss_kps: 0.0000, loss: 0.8274
2026-10-06 20:45:33,526 - mmdet - INFO - Epoch [2][1950/4741]	lr: 1.000e-04, eta: 1:48:47, time: 0.299, data_time: 0.019, memory: 13344, loss_cls: 0.4067, loss_bbox: 0.3827, loss_kps: 0.0000, loss: 0.7894
2026-10-06 20:45:48,392 - mmdet - INFO - Epoch [2][2000/4741]	lr: 1.000e-04, eta: 1:48:32, time: 0.297, data_time: 0.018, memory: 13344, loss_cls: 0.4086, loss_bbox: 0.3888, loss_kps: 0.0000, loss: 0.7974
2026-10-06 20:46:03,299 - mmdet - INFO - Epoch [2][2050/4741]	lr: 1.000e-04, eta: 1:48:17, time: 0.298, data_time: 0.019, memory: 13344, loss_cls: 0.4035, loss_bbox: 0.3865, loss_kps: 0.0000, loss: 0.7900
2026-10-06 20:46:18,110 - mmdet - INFO - Epoch [2][2100/4741]	lr: 1.000e-04, eta: 1:48:01, time: 0.296, data_time: 0.019, memory: 13344, loss_cls: 0.4103, loss_bbox: 0.3925, loss_kps: 0.0000, loss: 0.8028
2026-10-06 20:46:32,969 - mmdet - INFO - Epoch [2][2150/4741]	lr: 1.000e-04, eta: 1:47:46, time: 0.297, data_time: 0.020, memory: 13344, loss_cls: 0.4305, loss_bbox: 0.4045, loss_kps: 0.0000, loss: 0.8350
2026-10-06 20:46:48,025 - mmdet - INFO - Epoch [2][2200/4741]	lr: 1.000e-04, eta: 1:47:31, time: 0.301, data_time: 0.020, memory: 13344, loss_cls: 0.4128, loss_bbox: 0.3829, loss_kps: 0.0000, loss: 0.7957
2026-10-06 20:47:02,740 - mmdet - INFO - Epoch [2][2250/4741]	lr: 1.000e-04, eta: 1:47:15, time: 0.294, data_time: 0.019, memory: 13344, loss_cls: 0.4175, loss_bbox: 0.3836, loss_kps: 0.0000, loss: 0.8011
2026-10-06 20:47:17,408 - mmdet - INFO - Epoch [2][2300/4741]	lr: 1.000e-04, eta: 1:46:59, time: 0.293, data_time: 0.019, memory: 13344, loss_cls: 0.4158, loss_bbox: 0.3899, loss_kps: 0.0000, loss: 0.8058
2026-10-06 20:47:32,244 - mmdet - INFO - Epoch [2][2350/4741]	lr: 1.000e-04, eta: 1:46:43, time: 0.297, data_time: 0.018, memory: 13344, loss_cls: 0.4023, loss_bbox: 0.3914, loss_kps: 0.0000, loss: 0.7937
2026-10-06 20:47:47,256 - mmdet - INFO - Epoch [2][2400/4741]	lr: 1.000e-04, eta: 1:46:28, time: 0.300, data_time: 0.020, memory: 13344, loss_cls: 0.4102, loss_bbox: 0.3893, loss_kps: 0.0000, loss: 0.7996
2026-10-06 20:48:02,224 - mmdet - INFO - Epoch [2][2450/4741]	lr: 1.000e-04, eta: 1:46:13, time: 0.299, data_time: 0.018, memory: 13344, loss_cls: 0.4095, loss_bbox: 0.3939, loss_kps: 0.0000, loss: 0.8034
2026-10-06 20:48:17,126 - mmdet - INFO - Epoch [2][2500/4741]	lr: 1.000e-04, eta: 1:45:58, time: 0.298, data_time: 0.019, memory: 13344, loss_cls: 0.3974, loss_bbox: 0.3834, loss_kps: 0.0000, loss: 0.7808
2026-10-06 20:48:31,912 - mmdet - INFO - Epoch [2][2550/4741]	lr: 1.000e-04, eta: 1:45:43, time: 0.296, data_time: 0.021, memory: 13344, loss_cls: 0.4118, loss_bbox: 0.3810, loss_kps: 0.0000, loss: 0.7928
2026-10-06 20:48:46,813 - mmdet - INFO - Epoch [2][2600/4741]	lr: 1.000e-04, eta: 1:45:27, time: 0.298, data_time: 0.019, memory: 13344, loss_cls: 0.4397, loss_bbox: 0.4086, loss_kps: 0.0000, loss: 0.8483
2026-10-06 20:49:01,711 - mmdet - INFO - Epoch [2][2650/4741]	lr: 1.000e-04, eta: 1:45:12, time: 0.298, data_time: 0.019, memory: 13344, loss_cls: 0.4029, loss_bbox: 0.3909, loss_kps: 0.0000, loss: 0.7939
2026-10-06 20:49:16,727 - mmdet - INFO - Epoch [2][2700/4741]	lr: 1.000e-04, eta: 1:44:57, time: 0.300, data_time: 0.019, memory: 13344, loss_cls: 0.3884, loss_bbox: 0.3811, loss_kps: 0.0000, loss: 0.7696
2026-10-06 20:49:31,906 - mmdet - INFO - Epoch [2][2750/4741]	lr: 1.000e-04, eta: 1:44:43, time: 0.304, data_time: 0.018, memory: 13344, loss_cls: 0.3946, loss_bbox: 0.3797, loss_kps: 0.0000, loss: 0.7742
2026-10-06 20:49:46,863 - mmdet - INFO - Epoch [2][2800/4741]	lr: 1.000e-04, eta: 1:44:28, time: 0.299, data_time: 0.020, memory: 13344, loss_cls: 0.3993, loss_bbox: 0.3897, loss_kps: 0.0000, loss: 0.7890
2026-10-06 20:50:01,906 - mmdet - INFO - Epoch [2][2850/4741]	lr: 1.000e-04, eta: 1:44:13, time: 0.301, data_time: 0.019, memory: 13344, loss_cls: 0.4022, loss_bbox: 0.3793, loss_kps: 0.0000, loss: 0.7815
2026-10-06 20:50:17,024 - mmdet - INFO - Epoch [2][2900/4741]	lr: 1.000e-04, eta: 1:43:58, time: 0.302, data_time: 0.019, memory: 13344, loss_cls: 0.4106, loss_bbox: 0.3876, loss_kps: 0.0000, loss: 0.7982
2026-10-06 20:50:32,035 - mmdet - INFO - Epoch [2][2950/4741]	lr: 1.000e-04, eta: 1:43:43, time: 0.300, data_time: 0.020, memory: 13344, loss_cls: 0.4264, loss_bbox: 0.3841, loss_kps: 0.0000, loss: 0.8105
2026-10-06 20:50:47,016 - mmdet - INFO - Epoch [2][3000/4741]	lr: 1.000e-04, eta: 1:43:28, time: 0.300, data_time: 0.019, memory: 13344, loss_cls: 0.4133, loss_bbox: 0.3939, loss_kps: 0.0000, loss: 0.8071
2026-10-06 20:51:02,062 - mmdet - INFO - Epoch [2][3050/4741]	lr: 1.000e-04, eta: 1:43:13, time: 0.301, data_time: 0.018, memory: 13344, loss_cls: 0.4051, loss_bbox: 0.3873, loss_kps: 0.0000, loss: 0.7924
2026-10-06 20:51:17,266 - mmdet - INFO - Epoch [2][3100/4741]	lr: 1.000e-04, eta: 1:42:59, time: 0.304, data_time: 0.018, memory: 13344, loss_cls: 0.4065, loss_bbox: 0.3841, loss_kps: 0.0000, loss: 0.7906
2026-10-06 20:51:32,671 - mmdet - INFO - Epoch [2][3150/4741]	lr: 1.000e-04, eta: 1:42:45, time: 0.308, data_time: 0.017, memory: 13344, loss_cls: 0.4264, loss_bbox: 0.3847, loss_kps: 0.0000, loss: 0.8112
2026-10-06 20:51:48,093 - mmdet - INFO - Epoch [2][3200/4741]	lr: 1.000e-04, eta: 1:42:31, time: 0.308, data_time: 0.017, memory: 13344, loss_cls: 0.3957, loss_bbox: 0.3749, loss_kps: 0.0000, loss: 0.7706
2026-10-06 20:52:03,289 - mmdet - INFO - Epoch [2][3250/4741]	lr: 1.000e-04, eta: 1:42:16, time: 0.304, data_time: 0.021, memory: 13344, loss_cls: 0.4283, loss_bbox: 0.4092, loss_kps: 0.0000, loss: 0.8375
2026-10-06 20:52:18,343 - mmdet - INFO - Epoch [2][3300/4741]	lr: 1.000e-04, eta: 1:42:02, time: 0.301, data_time: 0.019, memory: 13344, loss_cls: 0.4346, loss_bbox: 0.3826, loss_kps: 0.0000, loss: 0.8172
2026-10-06 20:52:33,529 - mmdet - INFO - Epoch [2][3350/4741]	lr: 1.000e-04, eta: 1:41:47, time: 0.304, data_time: 0.018, memory: 13344, loss_cls: 0.4125, loss_bbox: 0.3844, loss_kps: 0.0000, loss: 0.7969
2026-10-06 20:52:48,515 - mmdet - INFO - Epoch [2][3400/4741]	lr: 1.000e-04, eta: 1:41:32, time: 0.300, data_time: 0.018, memory: 13344, loss_cls: 0.4060, loss_bbox: 0.3850, loss_kps: 0.0000, loss: 0.7910
2026-10-06 20:53:03,455 - mmdet - INFO - Epoch [2][3450/4741]	lr: 1.000e-04, eta: 1:41:17, time: 0.299, data_time: 0.018, memory: 13344, loss_cls: 0.4168, loss_bbox: 0.3852, loss_kps: 0.0000, loss: 0.8020
2026-10-06 20:53:18,481 - mmdet - INFO - Epoch [2][3500/4741]	lr: 1.000e-04, eta: 1:41:02, time: 0.301, data_time: 0.021, memory: 13344, loss_cls: 0.4205, loss_bbox: 0.3872, loss_kps: 0.0000, loss: 0.8076
2026-10-06 20:53:33,180 - mmdet - INFO - Epoch [2][3550/4741]	lr: 1.000e-04, eta: 1:40:46, time: 0.294, data_time: 0.018, memory: 13344, loss_cls: 0.3992, loss_bbox: 0.3933, loss_kps: 0.0000, loss: 0.7924
2026-10-06 20:53:48,115 - mmdet - INFO - Epoch [2][3600/4741]	lr: 1.000e-04, eta: 1:40:31, time: 0.299, data_time: 0.018, memory: 13344, loss_cls: 0.4073, loss_bbox: 0.3905, loss_kps: 0.0000, loss: 0.7979
2026-10-06 20:54:03,226 - mmdet - INFO - Epoch [2][3650/4741]	lr: 1.000e-04, eta: 1:40:16, time: 0.302, data_time: 0.018, memory: 13344, loss_cls: 0.4108, loss_bbox: 0.3731, loss_kps: 0.0000, loss: 0.7839
2026-10-06 20:54:18,072 - mmdet - INFO - Epoch [2][3700/4741]	lr: 1.000e-04, eta: 1:40:01, time: 0.297, data_time: 0.017, memory: 13344, loss_cls: 0.4144, loss_bbox: 0.3867, loss_kps: 0.0000, loss: 0.8011
2026-10-06 20:54:33,060 - mmdet - INFO - Epoch [2][3750/4741]	lr: 1.000e-04, eta: 1:39:46, time: 0.300, data_time: 0.018, memory: 13344, loss_cls: 0.4103, loss_bbox: 0.3863, loss_kps: 0.0000, loss: 0.7965
2026-10-06 20:54:47,991 - mmdet - INFO - Epoch [2][3800/4741]	lr: 1.000e-04, eta: 1:39:31, time: 0.299, data_time: 0.019, memory: 13344, loss_cls: 0.4108, loss_bbox: 0.3837, loss_kps: 0.0000, loss: 0.7945
2026-10-06 20:55:03,003 - mmdet - INFO - Epoch [2][3850/4741]	lr: 1.000e-04, eta: 1:39:16, time: 0.300, data_time: 0.019, memory: 13344, loss_cls: 0.4248, loss_bbox: 0.3983, loss_kps: 0.0000, loss: 0.8231
2026-10-06 20:55:17,962 - mmdet - INFO - Epoch [2][3900/4741]	lr: 1.000e-04, eta: 1:39:01, time: 0.299, data_time: 0.019, memory: 13344, loss_cls: 0.4019, loss_bbox: 0.3828, loss_kps: 0.0000, loss: 0.7847
2026-10-06 20:55:32,956 - mmdet - INFO - Epoch [2][3950/4741]	lr: 1.000e-04, eta: 1:38:46, time: 0.300, data_time: 0.019, memory: 13344, loss_cls: 0.4167, loss_bbox: 0.3908, loss_kps: 0.0000, loss: 0.8074
2026-10-06 20:55:47,939 - mmdet - INFO - Epoch [2][4000/4741]	lr: 1.000e-04, eta: 1:38:31, time: 0.300, data_time: 0.019, memory: 13344, loss_cls: 0.4112, loss_bbox: 0.3840, loss_kps: 0.0000, loss: 0.7952
2026-10-06 20:56:03,044 - mmdet - INFO - Epoch [2][4050/4741]	lr: 1.000e-04, eta: 1:38:16, time: 0.302, data_time: 0.019, memory: 13344, loss_cls: 0.4297, loss_bbox: 0.3849, loss_kps: 0.0000, loss: 0.8147
2026-10-06 20:56:17,967 - mmdet - INFO - Epoch [2][4100/4741]	lr: 1.000e-04, eta: 1:38:01, time: 0.298, data_time: 0.019, memory: 13344, loss_cls: 0.4199, loss_bbox: 0.3868, loss_kps: 0.0000, loss: 0.8067
2026-10-06 20:56:33,083 - mmdet - INFO - Epoch [2][4150/4741]	lr: 1.000e-04, eta: 1:37:46, time: 0.302, data_time: 0.019, memory: 13344, loss_cls: 0.4070, loss_bbox: 0.3860, loss_kps: 0.0000, loss: 0.7929
2026-10-06 20:56:48,344 - mmdet - INFO - Epoch [2][4200/4741]	lr: 1.000e-04, eta: 1:37:31, time: 0.305, data_time: 0.019, memory: 13344, loss_cls: 0.4182, loss_bbox: 0.3863, loss_kps: 0.0000, loss: 0.8045
2026-10-06 20:57:03,269 - mmdet - INFO - Epoch [2][4250/4741]	lr: 1.000e-04, eta: 1:37:16, time: 0.298, data_time: 0.019, memory: 13344, loss_cls: 0.4257, loss_bbox: 0.3898, loss_kps: 0.0000, loss: 0.8155
2026-10-06 20:57:18,153 - mmdet - INFO - Epoch [2][4300/4741]	lr: 1.000e-04, eta: 1:37:01, time: 0.298, data_time: 0.020, memory: 13344, loss_cls: 0.3909, loss_bbox: 0.3790, loss_kps: 0.0000, loss: 0.7699
2026-10-06 20:57:33,034 - mmdet - INFO - Epoch [2][4350/4741]	lr: 1.000e-04, eta: 1:36:46, time: 0.298, data_time: 0.020, memory: 13344, loss_cls: 0.4071, loss_bbox: 0.3810, loss_kps: 0.0000, loss: 0.7881
2026-10-06 20:57:47,845 - mmdet - INFO - Epoch [2][4400/4741]	lr: 1.000e-04, eta: 1:36:30, time: 0.296, data_time: 0.018, memory: 13344, loss_cls: 0.3991, loss_bbox: 0.3816, loss_kps: 0.0000, loss: 0.7807
2026-10-06 20:58:02,685 - mmdet - INFO - Epoch [2][4450/4741]	lr: 1.000e-04, eta: 1:36:15, time: 0.297, data_time: 0.020, memory: 13344, loss_cls: 0.4176, loss_bbox: 0.3948, loss_kps: 0.0000, loss: 0.8124
2026-10-06 20:58:17,553 - mmdet - INFO - Epoch [2][4500/4741]	lr: 1.000e-04, eta: 1:36:00, time: 0.297, data_time: 0.019, memory: 13344, loss_cls: 0.4192, loss_bbox: 0.3835, loss_kps: 0.0000, loss: 0.8027
2026-10-06 20:58:32,554 - mmdet - INFO - Epoch [2][4550/4741]	lr: 1.000e-04, eta: 1:35:45, time: 0.300, data_time: 0.020, memory: 13344, loss_cls: 0.4058, loss_bbox: 0.3908, loss_kps: 0.0000, loss: 0.7966
2026-10-06 20:58:47,765 - mmdet - INFO - Epoch [2][4600/4741]	lr: 1.000e-04, eta: 1:35:30, time: 0.304, data_time: 0.019, memory: 13344, loss_cls: 0.4203, loss_bbox: 0.4047, loss_kps: 0.0000, loss: 0.8250
2026-10-06 20:59:02,766 - mmdet - INFO - Epoch [2][4650/4741]	lr: 1.000e-04, eta: 1:35:15, time: 0.300, data_time: 0.021, memory: 13344, loss_cls: 0.4046, loss_bbox: 0.3842, loss_kps: 0.0000, loss: 0.7889
2026-10-06 20:59:18,136 - mmdet - INFO - Epoch [2][4700/4741]	lr: 1.000e-04, eta: 1:35:01, time: 0.307, data_time: 0.020, memory: 13344, loss_cls: 0.4262, loss_bbox: 0.3957, loss_kps: 0.0000, loss: 0.8219
2026-10-06 20:59:26,548 - mmdet - INFO - Saving checkpoint at 2 epochs
2026-10-06 20:59:55,048 - mmdet - INFO - Epoch [3][50/4741]	lr: 1.000e-04, eta: 1:34:36, time: 0.565, data_time: 0.202, memory: 13344, loss_cls: 0.4082, loss_bbox: 0.3904, loss_kps: 0.0000, loss: 0.7986
2026-10-06 21:00:10,562 - mmdet - INFO - Epoch [3][100/4741]	lr: 1.000e-04, eta: 1:34:22, time: 0.310, data_time: 0.018, memory: 13344, loss_cls: 0.4248, loss_bbox: 0.4021, loss_kps: 0.0000, loss: 0.8269
2026-10-06 21:00:25,659 - mmdet - INFO - Epoch [3][150/4741]	lr: 1.000e-04, eta: 1:34:07, time: 0.302, data_time: 0.020, memory: 13344, loss_cls: 0.4084, loss_bbox: 0.3932, loss_kps: 0.0000, loss: 0.8016
2026-10-06 21:00:40,977 - mmdet - INFO - Epoch [3][200/4741]	lr: 1.000e-04, eta: 1:33:52, time: 0.306, data_time: 0.019, memory: 13344, loss_cls: 0.4229, loss_bbox: 0.3997, loss_kps: 0.0000, loss: 0.8226
2026-10-06 21:00:55,910 - mmdet - INFO - Epoch [3][250/4741]	lr: 1.000e-04, eta: 1:33:37, time: 0.299, data_time: 0.021, memory: 13344, loss_cls: 0.4119, loss_bbox: 0.3874, loss_kps: 0.0000, loss: 0.7993
2026-10-06 21:01:10,790 - mmdet - INFO - Epoch [3][300/4741]	lr: 1.000e-04, eta: 1:33:22, time: 0.298, data_time: 0.019, memory: 13344, loss_cls: 0.4063, loss_bbox: 0.3938, loss_kps: 0.0000, loss: 0.8001
2026-10-06 21:01:26,012 - mmdet - INFO - Epoch [3][350/4741]	lr: 1.000e-04, eta: 1:33:07, time: 0.304, data_time: 0.018, memory: 13344, loss_cls: 0.3972, loss_bbox: 0.3853, loss_kps: 0.0000, loss: 0.7825
2026-10-06 21:01:41,053 - mmdet - INFO - Epoch [3][400/4741]	lr: 1.000e-04, eta: 1:32:52, time: 0.301, data_time: 0.018, memory: 13344, loss_cls: 0.4178, loss_bbox: 0.3949, loss_kps: 0.0000, loss: 0.8128
2026-10-06 21:01:55,938 - mmdet - INFO - Epoch [3][450/4741]	lr: 1.000e-04, eta: 1:32:37, time: 0.298, data_time: 0.018, memory: 13344, loss_cls: 0.4234, loss_bbox: 0.3943, loss_kps: 0.0000, loss: 0.8177
2026-10-06 21:02:10,868 - mmdet - INFO - Epoch [3][500/4741]	lr: 1.000e-04, eta: 1:32:22, time: 0.299, data_time: 0.020, memory: 13344, loss_cls: 0.4115, loss_bbox: 0.3786, loss_kps: 0.0000, loss: 0.7902
2026-10-06 21:02:25,897 - mmdet - INFO - Epoch [3][550/4741]	lr: 1.000e-04, eta: 1:32:07, time: 0.301, data_time: 0.019, memory: 13344, loss_cls: 0.4182, loss_bbox: 0.3932, loss_kps: 0.0000, loss: 0.8114
2026-10-06 21:02:40,769 - mmdet - INFO - Epoch [3][600/4741]	lr: 1.000e-04, eta: 1:31:52, time: 0.297, data_time: 0.018, memory: 13344, loss_cls: 0.4233, loss_bbox: 0.3922, loss_kps: 0.0000, loss: 0.8155
2026-10-06 21:02:55,663 - mmdet - INFO - Epoch [3][650/4741]	lr: 1.000e-04, eta: 1:31:36, time: 0.298, data_time: 0.018, memory: 13344, loss_cls: 0.4246, loss_bbox: 0.3935, loss_kps: 0.0000, loss: 0.8181
2026-10-06 21:03:10,534 - mmdet - INFO - Epoch [3][700/4741]	lr: 1.000e-04, eta: 1:31:21, time: 0.298, data_time: 0.018, memory: 13344, loss_cls: 0.4068, loss_bbox: 0.4001, loss_kps: 0.0000, loss: 0.8069
2026-10-06 21:03:25,491 - mmdet - INFO - Epoch [3][750/4741]	lr: 1.000e-04, eta: 1:31:06, time: 0.299, data_time: 0.019, memory: 13344, loss_cls: 0.4146, loss_bbox: 0.3867, loss_kps: 0.0000, loss: 0.8013
2026-10-06 21:03:40,329 - mmdet - INFO - Epoch [3][800/4741]	lr: 1.000e-04, eta: 1:30:51, time: 0.297, data_time: 0.019, memory: 13344, loss_cls: 0.4032, loss_bbox: 0.3778, loss_kps: 0.0000, loss: 0.7810
2026-10-06 21:03:55,347 - mmdet - INFO - Epoch [3][850/4741]	lr: 1.000e-04, eta: 1:30:36, time: 0.300, data_time: 0.020, memory: 13344, loss_cls: 0.4216, loss_bbox: 0.3934, loss_kps: 0.0000, loss: 0.8150
2026-10-06 21:04:10,264 - mmdet - INFO - Epoch [3][900/4741]	lr: 1.000e-04, eta: 1:30:21, time: 0.298, data_time: 0.019, memory: 13344, loss_cls: 0.4299, loss_bbox: 0.3859, loss_kps: 0.0000, loss: 0.8158
2026-10-06 21:04:25,279 - mmdet - INFO - Epoch [3][950/4741]	lr: 1.000e-04, eta: 1:30:06, time: 0.300, data_time: 0.019, memory: 13344, loss_cls: 0.4017, loss_bbox: 0.3847, loss_kps: 0.0000, loss: 0.7864
2026-10-06 21:04:40,224 - mmdet - INFO - Epoch [3][1000/4741]	lr: 1.000e-04, eta: 1:29:51, time: 0.299, data_time: 0.018, memory: 13344, loss_cls: 0.4095, loss_bbox: 0.3952, loss_kps: 0.0000, loss: 0.8047
2026-10-06 21:04:55,096 - mmdet - INFO - Epoch [3][1050/4741]	lr: 1.000e-04, eta: 1:29:35, time: 0.297, data_time: 0.019, memory: 13344, loss_cls: 0.4047, loss_bbox: 0.3816, loss_kps: 0.0000, loss: 0.7863
2026-10-06 21:05:09,907 - mmdet - INFO - Epoch [3][1100/4741]	lr: 1.000e-04, eta: 1:29:20, time: 0.296, data_time: 0.020, memory: 13344, loss_cls: 0.4285, loss_bbox: 0.3854, loss_kps: 0.0000, loss: 0.8140
2026-10-06 21:05:24,771 - mmdet - INFO - Epoch [3][1150/4741]	lr: 1.000e-04, eta: 1:29:05, time: 0.297, data_time: 0.023, memory: 13344, loss_cls: 0.4044, loss_bbox: 0.3860, loss_kps: 0.0000, loss: 0.7905
2026-10-06 21:05:39,754 - mmdet - INFO - Epoch [3][1200/4741]	lr: 1.000e-04, eta: 1:28:50, time: 0.300, data_time: 0.019, memory: 13344, loss_cls: 0.4100, loss_bbox: 0.3894, loss_kps: 0.0000, loss: 0.7994
2026-10-06 21:05:54,636 - mmdet - INFO - Epoch [3][1250/4741]	lr: 1.000e-04, eta: 1:28:35, time: 0.298, data_time: 0.019, memory: 13344, loss_cls: 0.4075, loss_bbox: 0.3771, loss_kps: 0.0000, loss: 0.7846
2026-10-06 21:06:09,247 - mmdet - INFO - Epoch [3][1300/4741]	lr: 1.000e-04, eta: 1:28:19, time: 0.292, data_time: 0.019, memory: 13344, loss_cls: 0.4053, loss_bbox: 0.3888, loss_kps: 0.0000, loss: 0.7941
2026-10-06 21:06:24,214 - mmdet - INFO - Epoch [3][1350/4741]	lr: 1.000e-04, eta: 1:28:04, time: 0.299, data_time: 0.020, memory: 13344, loss_cls: 0.4329, loss_bbox: 0.3888, loss_kps: 0.0000, loss: 0.8217
2026-10-06 21:06:39,165 - mmdet - INFO - Epoch [3][1400/4741]	lr: 1.000e-04, eta: 1:27:49, time: 0.299, data_time: 0.019, memory: 13344, loss_cls: 0.4202, loss_bbox: 0.3959, loss_kps: 0.0000, loss: 0.8161
2026-10-06 21:06:54,105 - mmdet - INFO - Epoch [3][1450/4741]	lr: 1.000e-04, eta: 1:27:34, time: 0.299, data_time: 0.018, memory: 13344, loss_cls: 0.4134, loss_bbox: 0.3858, loss_kps: 0.0000, loss: 0.7992
2026-10-06 21:07:08,957 - mmdet - INFO - Epoch [3][1500/4741]	lr: 1.000e-04, eta: 1:27:18, time: 0.297, data_time: 0.020, memory: 13344, loss_cls: 0.4207, loss_bbox: 0.3798, loss_kps: 0.0000, loss: 0.8005
2026-10-06 21:07:24,231 - mmdet - INFO - Epoch [3][1550/4741]	lr: 1.000e-04, eta: 1:27:04, time: 0.305, data_time: 0.021, memory: 13344, loss_cls: 0.4014, loss_bbox: 0.3845, loss_kps: 0.0000, loss: 0.7859
2026-10-06 21:07:39,119 - mmdet - INFO - Epoch [3][1600/4741]	lr: 1.000e-04, eta: 1:26:49, time: 0.298, data_time: 0.018, memory: 13344, loss_cls: 0.3961, loss_bbox: 0.3784, loss_kps: 0.0000, loss: 0.7745
2026-10-06 21:07:54,048 - mmdet - INFO - Epoch [3][1650/4741]	lr: 1.000e-04, eta: 1:26:34, time: 0.299, data_time: 0.019, memory: 13344, loss_cls: 0.3998, loss_bbox: 0.3910, loss_kps: 0.0000, loss: 0.7908
2026-10-06 21:08:09,861 - mmdet - INFO - Epoch [3][1700/4741]	lr: 1.000e-04, eta: 1:26:20, time: 0.316, data_time: 0.019, memory: 13344, loss_cls: 0.4136, loss_bbox: 0.3786, loss_kps: 0.0000, loss: 0.7923
2026-10-06 21:08:25,238 - mmdet - INFO - Epoch [3][1750/4741]	lr: 1.000e-04, eta: 1:26:05, time: 0.308, data_time: 0.018, memory: 13344, loss_cls: 0.4015, loss_bbox: 0.3735, loss_kps: 0.0000, loss: 0.7749
2026-10-06 21:08:39,811 - mmdet - INFO - Epoch [3][1800/4741]	lr: 1.000e-04, eta: 1:25:50, time: 0.291, data_time: 0.017, memory: 13344, loss_cls: 0.4231, loss_bbox: 0.3961, loss_kps: 0.0000, loss: 0.8192
2026-10-06 21:08:55,559 - mmdet - INFO - Epoch [3][1850/4741]	lr: 1.000e-04, eta: 1:25:36, time: 0.315, data_time: 0.019, memory: 13344, loss_cls: 0.4183, loss_bbox: 0.3929, loss_kps: 0.0000, loss: 0.8112
2026-10-06 21:09:10,284 - mmdet - INFO - Epoch [3][1900/4741]	lr: 1.000e-04, eta: 1:25:20, time: 0.294, data_time: 0.017, memory: 13344, loss_cls: 0.4199, loss_bbox: 0.3981, loss_kps: 0.0000, loss: 0.8180
2026-10-06 21:09:25,426 - mmdet - INFO - Epoch [3][1950/4741]	lr: 1.000e-04, eta: 1:25:06, time: 0.303, data_time: 0.020, memory: 13344, loss_cls: 0.4160, loss_bbox: 0.3909, loss_kps: 0.0000, loss: 0.8069
2026-10-06 21:09:40,164 - mmdet - INFO - Epoch [3][2000/4741]	lr: 1.000e-04, eta: 1:24:50, time: 0.295, data_time: 0.019, memory: 13344, loss_cls: 0.4141, loss_bbox: 0.3968, loss_kps: 0.0000, loss: 0.8109
2026-10-06 21:09:55,384 - mmdet - INFO - Epoch [3][2050/4741]	lr: 1.000e-04, eta: 1:24:36, time: 0.304, data_time: 0.018, memory: 13344, loss_cls: 0.4126, loss_bbox: 0.3872, loss_kps: 0.0000, loss: 0.7999
2026-10-06 21:10:10,243 - mmdet - INFO - Epoch [3][2100/4741]	lr: 1.000e-04, eta: 1:24:20, time: 0.297, data_time: 0.020, memory: 13344, loss_cls: 0.4205, loss_bbox: 0.3821, loss_kps: 0.0000, loss: 0.8026
2026-10-06 21:10:25,041 - mmdet - INFO - Epoch [3][2150/4741]	lr: 1.000e-04, eta: 1:24:05, time: 0.296, data_time: 0.018, memory: 13344, loss_cls: 0.4192, loss_bbox: 0.3898, loss_kps: 0.0000, loss: 0.8090
2026-10-06 21:10:39,980 - mmdet - INFO - Epoch [3][2200/4741]	lr: 1.000e-04, eta: 1:23:50, time: 0.299, data_time: 0.019, memory: 13344, loss_cls: 0.4011, loss_bbox: 0.3900, loss_kps: 0.0000, loss: 0.7911
2026-10-06 21:10:55,075 - mmdet - INFO - Epoch [3][2250/4741]	lr: 1.000e-04, eta: 1:23:35, time: 0.302, data_time: 0.019, memory: 13344, loss_cls: 0.3994, loss_bbox: 0.3847, loss_kps: 0.0000, loss: 0.7842
2026-10-06 21:11:10,030 - mmdet - INFO - Epoch [3][2300/4741]	lr: 1.000e-04, eta: 1:23:20, time: 0.299, data_time: 0.019, memory: 13344, loss_cls: 0.4101, loss_bbox: 0.3731, loss_kps: 0.0000, loss: 0.7832
2026-10-06 21:11:24,993 - mmdet - INFO - Epoch [3][2350/4741]	lr: 1.000e-04, eta: 1:23:05, time: 0.299, data_time: 0.019, memory: 13344, loss_cls: 0.4134, loss_bbox: 0.3896, loss_kps: 0.0000, loss: 0.8029
2026-10-06 21:11:40,088 - mmdet - INFO - Epoch [3][2400/4741]	lr: 1.000e-04, eta: 1:22:50, time: 0.302, data_time: 0.018, memory: 13344, loss_cls: 0.3951, loss_bbox: 0.3877, loss_kps: 0.0000, loss: 0.7828
2026-10-06 21:11:54,949 - mmdet - INFO - Epoch [3][2450/4741]	lr: 1.000e-04, eta: 1:22:35, time: 0.297, data_time: 0.020, memory: 13344, loss_cls: 0.4002, loss_bbox: 0.3886, loss_kps: 0.0000, loss: 0.7887
2026-10-06 21:12:10,000 - mmdet - INFO - Epoch [3][2500/4741]	lr: 1.000e-04, eta: 1:22:20, time: 0.301, data_time: 0.020, memory: 13344, loss_cls: 0.4233, loss_bbox: 0.3878, loss_kps: 0.0000, loss: 0.8111
2026-10-06 21:12:25,145 - mmdet - INFO - Epoch [3][2550/4741]	lr: 1.000e-04, eta: 1:22:05, time: 0.303, data_time: 0.019, memory: 13344, loss_cls: 0.4141, loss_bbox: 0.3844, loss_kps: 0.0000, loss: 0.7985
2026-10-06 21:12:39,810 - mmdet - INFO - Epoch [3][2600/4741]	lr: 1.000e-04, eta: 1:21:50, time: 0.293, data_time: 0.018, memory: 13344, loss_cls: 0.3973, loss_bbox: 0.3838, loss_kps: 0.0000, loss: 0.7811
2026-10-06 21:12:54,824 - mmdet - INFO - Epoch [3][2650/4741]	lr: 1.000e-04, eta: 1:21:35, time: 0.300, data_time: 0.019, memory: 13344, loss_cls: 0.4017, loss_bbox: 0.3858, loss_kps: 0.0000, loss: 0.7875
2026-10-06 21:13:09,773 - mmdet - INFO - Epoch [3][2700/4741]	lr: 1.000e-04, eta: 1:21:20, time: 0.299, data_time: 0.020, memory: 13344, loss_cls: 0.4095, loss_bbox: 0.3924, loss_kps: 0.0000, loss: 0.8018
2026-10-06 21:13:24,692 - mmdet - INFO - Epoch [3][2750/4741]	lr: 1.000e-04, eta: 1:21:04, time: 0.298, data_time: 0.019, memory: 13344, loss_cls: 0.4213, loss_bbox: 0.3882, loss_kps: 0.0000, loss: 0.8095
2026-10-06 21:13:39,449 - mmdet - INFO - Epoch [3][2800/4741]	lr: 1.000e-04, eta: 1:20:49, time: 0.295, data_time: 0.020, memory: 13344, loss_cls: 0.4083, loss_bbox: 0.3915, loss_kps: 0.0000, loss: 0.7997
2026-10-06 21:13:54,337 - mmdet - INFO - Epoch [3][2850/4741]	lr: 1.000e-04, eta: 1:20:34, time: 0.298, data_time: 0.019, memory: 13344, loss_cls: 0.4000, loss_bbox: 0.3865, loss_kps: 0.0000, loss: 0.7864
2026-10-06 21:14:09,263 - mmdet - INFO - Epoch [3][2900/4741]	lr: 1.000e-04, eta: 1:20:19, time: 0.299, data_time: 0.019, memory: 13344, loss_cls: 0.4229, loss_bbox: 0.3873, loss_kps: 0.0000, loss: 0.8102
2026-10-06 21:14:24,139 - mmdet - INFO - Epoch [3][2950/4741]	lr: 1.000e-04, eta: 1:20:04, time: 0.297, data_time: 0.019, memory: 13344, loss_cls: 0.4265, loss_bbox: 0.3922, loss_kps: 0.0000, loss: 0.8188
2026-10-06 21:14:39,186 - mmdet - INFO - Epoch [3][3000/4741]	lr: 1.000e-04, eta: 1:19:49, time: 0.301, data_time: 0.020, memory: 13344, loss_cls: 0.4063, loss_bbox: 0.3857, loss_kps: 0.0000, loss: 0.7920
2026-10-06 21:14:53,950 - mmdet - INFO - Epoch [3][3050/4741]	lr: 1.000e-04, eta: 1:19:33, time: 0.295, data_time: 0.019, memory: 13344, loss_cls: 0.4049, loss_bbox: 0.3830, loss_kps: 0.0000, loss: 0.7879
2026-10-06 21:15:08,985 - mmdet - INFO - Epoch [3][3100/4741]	lr: 1.000e-04, eta: 1:19:18, time: 0.301, data_time: 0.020, memory: 13344, loss_cls: 0.4106, loss_bbox: 0.3913, loss_kps: 0.0000, loss: 0.8019
2026-10-06 21:15:23,895 - mmdet - INFO - Epoch [3][3150/4741]	lr: 1.000e-04, eta: 1:19:03, time: 0.298, data_time: 0.018, memory: 13344, loss_cls: 0.3957, loss_bbox: 0.3791, loss_kps: 0.0000, loss: 0.7748
2026-10-06 21:15:38,931 - mmdet - INFO - Epoch [3][3200/4741]	lr: 1.000e-04, eta: 1:18:48, time: 0.301, data_time: 0.019, memory: 13344, loss_cls: 0.4012, loss_bbox: 0.3893, loss_kps: 0.0000, loss: 0.7905
2026-10-06 21:15:54,218 - mmdet - INFO - Epoch [3][3250/4741]	lr: 1.000e-04, eta: 1:18:34, time: 0.306, data_time: 0.019, memory: 13344, loss_cls: 0.3946, loss_bbox: 0.3801, loss_kps: 0.0000, loss: 0.7746
2026-10-06 21:16:09,185 - mmdet - INFO - Epoch [3][3300/4741]	lr: 1.000e-04, eta: 1:18:19, time: 0.299, data_time: 0.021, memory: 13344, loss_cls: 0.3839, loss_bbox: 0.3787, loss_kps: 0.0000, loss: 0.7627
2026-10-06 21:16:24,154 - mmdet - INFO - Epoch [3][3350/4741]	lr: 1.000e-04, eta: 1:18:04, time: 0.300, data_time: 0.018, memory: 13344, loss_cls: 0.4194, loss_bbox: 0.3867, loss_kps: 0.0000, loss: 0.8061
2026-10-06 21:16:39,215 - mmdet - INFO - Epoch [3][3400/4741]	lr: 1.000e-04, eta: 1:17:49, time: 0.301, data_time: 0.019, memory: 13344, loss_cls: 0.3987, loss_bbox: 0.3759, loss_kps: 0.0000, loss: 0.7745
2026-10-06 21:16:54,078 - mmdet - INFO - Epoch [3][3450/4741]	lr: 1.000e-04, eta: 1:17:34, time: 0.297, data_time: 0.019, memory: 13344, loss_cls: 0.4198, loss_bbox: 0.3937, loss_kps: 0.0000, loss: 0.8135
2026-10-06 21:17:09,124 - mmdet - INFO - Epoch [3][3500/4741]	lr: 1.000e-04, eta: 1:17:19, time: 0.301, data_time: 0.018, memory: 13344, loss_cls: 0.4126, loss_bbox: 0.3862, loss_kps: 0.0000, loss: 0.7989
2026-10-06 21:17:24,435 - mmdet - INFO - Epoch [3][3550/4741]	lr: 1.000e-04, eta: 1:17:04, time: 0.306, data_time: 0.018, memory: 13344, loss_cls: 0.4037, loss_bbox: 0.3937, loss_kps: 0.0000, loss: 0.7974
2026-10-06 21:17:39,933 - mmdet - INFO - Epoch [3][3600/4741]	lr: 1.000e-04, eta: 1:16:50, time: 0.310, data_time: 0.019, memory: 13344, loss_cls: 0.4225, loss_bbox: 0.3922, loss_kps: 0.0000, loss: 0.8147
2026-10-06 21:17:54,993 - mmdet - INFO - Epoch [3][3650/4741]	lr: 1.000e-04, eta: 1:16:35, time: 0.301, data_time: 0.020, memory: 13344, loss_cls: 0.4047, loss_bbox: 0.3799, loss_kps: 0.0000, loss: 0.7846
2026-10-06 21:18:10,745 - mmdet - INFO - Epoch [3][3700/4741]	lr: 1.000e-04, eta: 1:16:21, time: 0.315, data_time: 0.018, memory: 13344, loss_cls: 0.4035, loss_bbox: 0.3915, loss_kps: 0.0000, loss: 0.7950
2026-10-06 21:18:26,573 - mmdet - INFO - Epoch [3][3750/4741]	lr: 1.000e-04, eta: 1:16:06, time: 0.317, data_time: 0.020, memory: 13344, loss_cls: 0.4156, loss_bbox: 0.3946, loss_kps: 0.0000, loss: 0.8102
2026-10-06 21:18:41,917 - mmdet - INFO - Epoch [3][3800/4741]	lr: 1.000e-04, eta: 1:15:52, time: 0.307, data_time: 0.021, memory: 13344, loss_cls: 0.4105, loss_bbox: 0.3927, loss_kps: 0.0000, loss: 0.8032
2026-10-06 21:18:57,421 - mmdet - INFO - Epoch [3][3850/4741]	lr: 1.000e-04, eta: 1:15:37, time: 0.310, data_time: 0.021, memory: 13344, loss_cls: 0.3999, loss_bbox: 0.3798, loss_kps: 0.0000, loss: 0.7796
2026-10-06 21:19:12,723 - mmdet - INFO - Epoch [3][3900/4741]	lr: 1.000e-04, eta: 1:15:23, time: 0.306, data_time: 0.018, memory: 13344, loss_cls: 0.4029, loss_bbox: 0.3809, loss_kps: 0.0000, loss: 0.7837
2026-10-06 21:19:27,922 - mmdet - INFO - Epoch [3][3950/4741]	lr: 1.000e-04, eta: 1:15:08, time: 0.304, data_time: 0.019, memory: 13344, loss_cls: 0.4245, loss_bbox: 0.3929, loss_kps: 0.0000, loss: 0.8173
2026-10-06 21:19:43,189 - mmdet - INFO - Epoch [3][4000/4741]	lr: 1.000e-04, eta: 1:14:53, time: 0.305, data_time: 0.021, memory: 13344, loss_cls: 0.4293, loss_bbox: 0.3957, loss_kps: 0.0000, loss: 0.8250
2026-10-06 21:19:58,494 - mmdet - INFO - Epoch [3][4050/4741]	lr: 1.000e-04, eta: 1:14:38, time: 0.306, data_time: 0.020, memory: 13344, loss_cls: 0.4249, loss_bbox: 0.3841, loss_kps: 0.0000, loss: 0.8089
2026-10-06 21:20:14,045 - mmdet - INFO - Epoch [3][4100/4741]	lr: 1.000e-04, eta: 1:14:24, time: 0.311, data_time: 0.020, memory: 13344, loss_cls: 0.4115, loss_bbox: 0.3864, loss_kps: 0.0000, loss: 0.7979
2026-10-06 21:20:29,296 - mmdet - INFO - Epoch [3][4150/4741]	lr: 1.000e-04, eta: 1:14:09, time: 0.305, data_time: 0.021, memory: 13344, loss_cls: 0.4173, loss_bbox: 0.3890, loss_kps: 0.0000, loss: 0.8062
2026-10-06 21:20:44,712 - mmdet - INFO - Epoch [3][4200/4741]	lr: 1.000e-04, eta: 1:13:55, time: 0.308, data_time: 0.021, memory: 13344, loss_cls: 0.4023, loss_bbox: 0.3782, loss_kps: 0.0000, loss: 0.7805
2026-10-06 21:20:59,888 - mmdet - INFO - Epoch [3][4250/4741]	lr: 1.000e-04, eta: 1:13:40, time: 0.304, data_time: 0.020, memory: 13344, loss_cls: 0.4041, loss_bbox: 0.3800, loss_kps: 0.0000, loss: 0.7841
2026-10-06 21:21:15,256 - mmdet - INFO - Epoch [3][4300/4741]	lr: 1.000e-04, eta: 1:13:25, time: 0.307, data_time: 0.020, memory: 13344, loss_cls: 0.4063, loss_bbox: 0.3938, loss_kps: 0.0000, loss: 0.8001
2026-10-06 21:21:30,902 - mmdet - INFO - Epoch [3][4350/4741]	lr: 1.000e-04, eta: 1:13:11, time: 0.313, data_time: 0.021, memory: 13344, loss_cls: 0.4037, loss_bbox: 0.3883, loss_kps: 0.0000, loss: 0.7919
2026-10-06 21:21:46,433 - mmdet - INFO - Epoch [3][4400/4741]	lr: 1.000e-04, eta: 1:12:56, time: 0.310, data_time: 0.020, memory: 13344, loss_cls: 0.4163, loss_bbox: 0.3882, loss_kps: 0.0000, loss: 0.8044
2026-10-06 21:22:01,723 - mmdet - INFO - Epoch [3][4450/4741]	lr: 1.000e-04, eta: 1:12:42, time: 0.306, data_time: 0.019, memory: 13344, loss_cls: 0.4221, loss_bbox: 0.3848, loss_kps: 0.0000, loss: 0.8069
2026-10-06 21:22:17,074 - mmdet - INFO - Epoch [3][4500/4741]	lr: 1.000e-04, eta: 1:12:27, time: 0.307, data_time: 0.019, memory: 13344, loss_cls: 0.3963, loss_bbox: 0.3783, loss_kps: 0.0000, loss: 0.7746
2026-10-06 21:22:32,758 - mmdet - INFO - Epoch [3][4550/4741]	lr: 1.000e-04, eta: 1:12:13, time: 0.314, data_time: 0.020, memory: 13344, loss_cls: 0.3997, loss_bbox: 0.3887, loss_kps: 0.0000, loss: 0.7884
2026-10-06 21:22:48,034 - mmdet - INFO - Epoch [3][4600/4741]	lr: 1.000e-04, eta: 1:11:58, time: 0.305, data_time: 0.020, memory: 13344, loss_cls: 0.4068, loss_bbox: 0.3861, loss_kps: 0.0000, loss: 0.7929
2026-10-06 21:23:03,359 - mmdet - INFO - Epoch [3][4650/4741]	lr: 1.000e-04, eta: 1:11:43, time: 0.306, data_time: 0.021, memory: 13344, loss_cls: 0.4073, loss_bbox: 0.3823, loss_kps: 0.0000, loss: 0.7897
2026-10-06 21:23:18,835 - mmdet - INFO - Epoch [3][4700/4741]	lr: 1.000e-04, eta: 1:11:28, time: 0.310, data_time: 0.020, memory: 13344, loss_cls: 0.4237, loss_bbox: 0.3908, loss_kps: 0.0000, loss: 0.8144
2026-10-06 21:23:27,803 - mmdet - INFO - Saving checkpoint at 3 epochs
2026-10-06 21:23:56,971 - mmdet - INFO - Epoch [4][50/4741]	lr: 1.000e-04, eta: 1:11:03, time: 0.577, data_time: 0.182, memory: 13344, loss_cls: 0.4086, loss_bbox: 0.3848, loss_kps: 0.0000, loss: 0.7934
2026-10-06 21:24:12,409 - mmdet - INFO - Epoch [4][100/4741]	lr: 1.000e-04, eta: 1:10:48, time: 0.309, data_time: 0.018, memory: 13344, loss_cls: 0.4234, loss_bbox: 0.3851, loss_kps: 0.0000, loss: 0.8085
2026-10-06 21:24:28,132 - mmdet - INFO - Epoch [4][150/4741]	lr: 1.000e-04, eta: 1:10:34, time: 0.314, data_time: 0.019, memory: 13344, loss_cls: 0.4065, loss_bbox: 0.3957, loss_kps: 0.0000, loss: 0.8022
2026-10-06 21:24:43,731 - mmdet - INFO - Epoch [4][200/4741]	lr: 1.000e-04, eta: 1:10:19, time: 0.312, data_time: 0.020, memory: 13344, loss_cls: 0.4046, loss_bbox: 0.3776, loss_kps: 0.0000, loss: 0.7822
2026-10-06 21:24:59,169 - mmdet - INFO - Epoch [4][250/4741]	lr: 1.000e-04, eta: 1:10:04, time: 0.309, data_time: 0.019, memory: 13344, loss_cls: 0.4098, loss_bbox: 0.3940, loss_kps: 0.0000, loss: 0.8038
2026-10-06 21:25:14,561 - mmdet - INFO - Epoch [4][300/4741]	lr: 1.000e-04, eta: 1:09:50, time: 0.308, data_time: 0.021, memory: 13344, loss_cls: 0.4113, loss_bbox: 0.3901, loss_kps: 0.0000, loss: 0.8014
2026-10-06 21:25:30,332 - mmdet - INFO - Epoch [4][350/4741]	lr: 1.000e-04, eta: 1:09:35, time: 0.315, data_time: 0.019, memory: 13344, loss_cls: 0.4044, loss_bbox: 0.3663, loss_kps: 0.0000, loss: 0.7707
2026-10-06 21:25:45,648 - mmdet - INFO - Epoch [4][400/4741]	lr: 1.000e-04, eta: 1:09:20, time: 0.306, data_time: 0.019, memory: 13344, loss_cls: 0.4116, loss_bbox: 0.3988, loss_kps: 0.0000, loss: 0.8104
2026-10-06 21:26:01,597 - mmdet - INFO - Epoch [4][450/4741]	lr: 1.000e-04, eta: 1:09:06, time: 0.319, data_time: 0.018, memory: 13344, loss_cls: 0.4080, loss_bbox: 0.3908, loss_kps: 0.0000, loss: 0.7988
2026-10-06 21:26:16,865 - mmdet - INFO - Epoch [4][500/4741]	lr: 1.000e-04, eta: 1:08:51, time: 0.305, data_time: 0.020, memory: 13344, loss_cls: 0.4223, loss_bbox: 0.3938, loss_kps: 0.0000, loss: 0.8161
2026-10-06 21:26:32,464 - mmdet - INFO - Epoch [4][550/4741]	lr: 1.000e-04, eta: 1:08:37, time: 0.312, data_time: 0.019, memory: 13344, loss_cls: 0.4109, loss_bbox: 0.3874, loss_kps: 0.0000, loss: 0.7982
2026-10-06 21:26:48,228 - mmdet - INFO - Epoch [4][600/4741]	lr: 1.000e-04, eta: 1:08:22, time: 0.304, data_time: 0.018, memory: 13344, loss_cls: 0.4256, loss_bbox: 0.4029, loss_kps: 0.0000, loss: 0.8284
2026-10-06 21:27:03,231 - mmdet - INFO - Epoch [4][650/4741]	lr: 1.000e-04, eta: 1:08:07, time: 0.312, data_time: 0.030, memory: 13344, loss_cls: 0.4043, loss_bbox: 0.3970, loss_kps: 0.0000, loss: 0.8013
2026-10-06 21:27:18,303 - mmdet - INFO - Epoch [4][700/4741]	lr: 1.000e-04, eta: 1:07:52, time: 0.302, data_time: 0.020, memory: 13344, loss_cls: 0.4151, loss_bbox: 0.3846, loss_kps: 0.0000, loss: 0.7996
2026-10-06 21:27:34,090 - mmdet - INFO - Epoch [4][750/4741]	lr: 1.000e-04, eta: 1:07:38, time: 0.316, data_time: 0.021, memory: 13344, loss_cls: 0.4052, loss_bbox: 0.3946, loss_kps: 0.0000, loss: 0.7998
2026-10-06 21:27:49,573 - mmdet - INFO - Epoch [4][800/4741]	lr: 1.000e-04, eta: 1:07:23, time: 0.310, data_time: 0.020, memory: 13344, loss_cls: 0.4222, loss_bbox: 0.3948, loss_kps: 0.0000, loss: 0.8170
2026-10-06 21:28:04,997 - mmdet - INFO - Epoch [4][850/4741]	lr: 1.000e-04, eta: 1:07:08, time: 0.309, data_time: 0.019, memory: 13344, loss_cls: 0.4190, loss_bbox: 0.3949, loss_kps: 0.0000, loss: 0.8139
2026-10-06 21:28:20,324 - mmdet - INFO - Epoch [4][900/4741]	lr: 1.000e-04, eta: 1:06:54, time: 0.306, data_time: 0.019, memory: 13344, loss_cls: 0.4193, loss_bbox: 0.3870, loss_kps: 0.0000, loss: 0.8063
2026-10-06 21:28:35,644 - mmdet - INFO - Epoch [4][950/4741]	lr: 1.000e-04, eta: 1:06:39, time: 0.306, data_time: 0.020, memory: 13344, loss_cls: 0.4178, loss_bbox: 0.3851, loss_kps: 0.0000, loss: 0.8029
2026-10-06 21:28:51,138 - mmdet - INFO - Epoch [4][1000/4741]	lr: 1.000e-04, eta: 1:06:24, time: 0.310, data_time: 0.018, memory: 13344, loss_cls: 0.4081, loss_bbox: 0.3849, loss_kps: 0.0000, loss: 0.7930
2026-10-06 21:29:06,433 - mmdet - INFO - Epoch [4][1050/4741]	lr: 1.000e-04, eta: 1:06:09, time: 0.306, data_time: 0.019, memory: 13344, loss_cls: 0.4142, loss_bbox: 0.3848, loss_kps: 0.0000, loss: 0.7990
2026-10-06 21:29:22,037 - mmdet - INFO - Epoch [4][1100/4741]	lr: 1.000e-04, eta: 1:05:55, time: 0.312, data_time: 0.021, memory: 13344, loss_cls: 0.4097, loss_bbox: 0.3822, loss_kps: 0.0000, loss: 0.7918
2026-10-06 21:29:37,545 - mmdet - INFO - Epoch [4][1150/4741]	lr: 1.000e-04, eta: 1:05:40, time: 0.310, data_time: 0.018, memory: 13344, loss_cls: 0.4156, loss_bbox: 0.3989, loss_kps: 0.0000, loss: 0.8145
2026-10-06 21:29:52,812 - mmdet - INFO - Epoch [4][1200/4741]	lr: 1.000e-04, eta: 1:05:25, time: 0.305, data_time: 0.020, memory: 13344, loss_cls: 0.4146, loss_bbox: 0.3911, loss_kps: 0.0000, loss: 0.8057
2026-10-06 21:30:08,109 - mmdet - INFO - Epoch [4][1250/4741]	lr: 1.000e-04, eta: 1:05:10, time: 0.306, data_time: 0.019, memory: 13344, loss_cls: 0.4126, loss_bbox: 0.3843, loss_kps: 0.0000, loss: 0.7969
2026-10-06 21:30:23,714 - mmdet - INFO - Epoch [4][1300/4741]	lr: 1.000e-04, eta: 1:04:55, time: 0.312, data_time: 0.019, memory: 13344, loss_cls: 0.4162, loss_bbox: 0.3846, loss_kps: 0.0000, loss: 0.8008
2026-10-06 21:30:39,146 - mmdet - INFO - Epoch [4][1350/4741]	lr: 1.000e-04, eta: 1:04:41, time: 0.309, data_time: 0.021, memory: 13344, loss_cls: 0.4090, loss_bbox: 0.3814, loss_kps: 0.0000, loss: 0.7903
2026-10-06 21:30:54,691 - mmdet - INFO - Epoch [4][1400/4741]	lr: 1.000e-04, eta: 1:04:26, time: 0.311, data_time: 0.020, memory: 13344, loss_cls: 0.4070, loss_bbox: 0.3905, loss_kps: 0.0000, loss: 0.7975
2026-10-06 21:31:10,143 - mmdet - INFO - Epoch [4][1450/4741]	lr: 1.000e-04, eta: 1:04:11, time: 0.309, data_time: 0.020, memory: 13344, loss_cls: 0.4245, loss_bbox: 0.3838, loss_kps: 0.0000, loss: 0.8083
2026-10-06 21:31:25,685 - mmdet - INFO - Epoch [4][1500/4741]	lr: 1.000e-04, eta: 1:03:57, time: 0.311, data_time: 0.020, memory: 13344, loss_cls: 0.4227, loss_bbox: 0.4009, loss_kps: 0.0000, loss: 0.8236
2026-10-06 21:31:41,116 - mmdet - INFO - Epoch [4][1550/4741]	lr: 1.000e-04, eta: 1:03:42, time: 0.309, data_time: 0.019, memory: 13344, loss_cls: 0.4254, loss_bbox: 0.3880, loss_kps: 0.0000, loss: 0.8134
2026-10-06 21:31:56,600 - mmdet - INFO - Epoch [4][1600/4741]	lr: 1.000e-04, eta: 1:03:27, time: 0.310, data_time: 0.021, memory: 13344, loss_cls: 0.4118, loss_bbox: 0.3823, loss_kps: 0.0000, loss: 0.7941
2026-10-06 21:32:12,101 - mmdet - INFO - Epoch [4][1650/4741]	lr: 1.000e-04, eta: 1:03:12, time: 0.310, data_time: 0.020, memory: 13344, loss_cls: 0.4152, loss_bbox: 0.3817, loss_kps: 0.0000, loss: 0.7970
2026-10-06 21:32:27,556 - mmdet - INFO - Epoch [4][1700/4741]	lr: 1.000e-04, eta: 1:02:57, time: 0.309, data_time: 0.021, memory: 13344, loss_cls: 0.4051, loss_bbox: 0.3866, loss_kps: 0.0000, loss: 0.7917
2026-10-06 21:32:42,853 - mmdet - INFO - Epoch [4][1750/4741]	lr: 1.000e-04, eta: 1:02:43, time: 0.306, data_time: 0.019, memory: 13344, loss_cls: 0.4130, loss_bbox: 0.3947, loss_kps: 0.0000, loss: 0.8077
2026-10-06 21:32:58,218 - mmdet - INFO - Epoch [4][1800/4741]	lr: 1.000e-04, eta: 1:02:28, time: 0.307, data_time: 0.019, memory: 13344, loss_cls: 0.4047, loss_bbox: 0.3834, loss_kps: 0.0000, loss: 0.7880
2026-10-06 21:33:13,685 - mmdet - INFO - Epoch [4][1850/4741]	lr: 1.000e-04, eta: 1:02:13, time: 0.309, data_time: 0.019, memory: 13344, loss_cls: 0.3940, loss_bbox: 0.3874, loss_kps: 0.0000, loss: 0.7814
2026-10-06 21:33:29,142 - mmdet - INFO - Epoch [4][1900/4741]	lr: 1.000e-04, eta: 1:01:58, time: 0.309, data_time: 0.019, memory: 13344, loss_cls: 0.4022, loss_bbox: 0.3791, loss_kps: 0.0000, loss: 0.7813
2026-10-06 21:33:44,603 - mmdet - INFO - Epoch [4][1950/4741]	lr: 1.000e-04, eta: 1:01:43, time: 0.309, data_time: 0.021, memory: 13344, loss_cls: 0.4134, loss_bbox: 0.3881, loss_kps: 0.0000, loss: 0.8015
2026-10-06 21:34:00,057 - mmdet - INFO - Epoch [4][2000/4741]	lr: 1.000e-04, eta: 1:01:28, time: 0.309, data_time: 0.020, memory: 13344, loss_cls: 0.4205, loss_bbox: 0.3881, loss_kps: 0.0000, loss: 0.8086
2026-10-06 21:34:15,510 - mmdet - INFO - Epoch [4][2050/4741]	lr: 1.000e-04, eta: 1:01:14, time: 0.309, data_time: 0.020, memory: 13344, loss_cls: 0.3983, loss_bbox: 0.3844, loss_kps: 0.0000, loss: 0.7827
2026-10-06 21:34:31,029 - mmdet - INFO - Epoch [4][2100/4741]	lr: 1.000e-04, eta: 1:00:59, time: 0.310, data_time: 0.020, memory: 13344, loss_cls: 0.4316, loss_bbox: 0.3966, loss_kps: 0.0000, loss: 0.8281
2026-10-06 21:34:46,423 - mmdet - INFO - Epoch [4][2150/4741]	lr: 1.000e-04, eta: 1:00:44, time: 0.308, data_time: 0.019, memory: 13344, loss_cls: 0.4059, loss_bbox: 0.3863, loss_kps: 0.0000, loss: 0.7923
2026-10-06 21:35:02,177 - mmdet - INFO - Epoch [4][2200/4741]	lr: 1.000e-04, eta: 1:00:29, time: 0.315, data_time: 0.020, memory: 13344, loss_cls: 0.4242, loss_bbox: 0.3924, loss_kps: 0.0000, loss: 0.8165
2026-10-06 21:35:18,123 - mmdet - INFO - Epoch [4][2250/4741]	lr: 1.000e-04, eta: 1:00:15, time: 0.319, data_time: 0.020, memory: 13344, loss_cls: 0.4254, loss_bbox: 0.3951, loss_kps: 0.0000, loss: 0.8205
2026-10-06 21:35:34,010 - mmdet - INFO - Epoch [4][2300/4741]	lr: 1.000e-04, eta: 1:00:00, time: 0.318, data_time: 0.016, memory: 13344, loss_cls: 0.3943, loss_bbox: 0.3769, loss_kps: 0.0000, loss: 0.7712
2026-10-06 21:35:49,643 - mmdet - INFO - Epoch [4][2350/4741]	lr: 1.000e-04, eta: 0:59:46, time: 0.313, data_time: 0.019, memory: 13344, loss_cls: 0.4057, loss_bbox: 0.3802, loss_kps: 0.0000, loss: 0.7858
2026-10-06 21:36:05,075 - mmdet - INFO - Epoch [4][2400/4741]	lr: 1.000e-04, eta: 0:59:31, time: 0.309, data_time: 0.019, memory: 13344, loss_cls: 0.3977, loss_bbox: 0.3889, loss_kps: 0.0000, loss: 0.7865
2026-10-06 21:36:20,761 - mmdet - INFO - Epoch [4][2450/4741]	lr: 1.000e-04, eta: 0:59:16, time: 0.314, data_time: 0.020, memory: 13344, loss_cls: 0.4146, loss_bbox: 0.3805, loss_kps: 0.0000, loss: 0.7951
2026-10-06 21:36:35,896 - mmdet - INFO - Epoch [4][2500/4741]	lr: 1.000e-04, eta: 0:59:01, time: 0.302, data_time: 0.020, memory: 13344, loss_cls: 0.4133, loss_bbox: 0.3891, loss_kps: 0.0000, loss: 0.8025
2026-10-06 21:36:51,600 - mmdet - INFO - Epoch [4][2550/4741]	lr: 1.000e-04, eta: 0:58:46, time: 0.314, data_time: 0.021, memory: 13344, loss_cls: 0.4230, loss_bbox: 0.3856, loss_kps: 0.0000, loss: 0.8087
2026-10-06 21:37:07,375 - mmdet - INFO - Epoch [4][2600/4741]	lr: 1.000e-04, eta: 0:58:32, time: 0.315, data_time: 0.020, memory: 13344, loss_cls: 0.4185, loss_bbox: 0.3906, loss_kps: 0.0000, loss: 0.8091
2026-10-06 21:37:22,759 - mmdet - INFO - Epoch [4][2650/4741]	lr: 1.000e-04, eta: 0:58:17, time: 0.308, data_time: 0.019, memory: 13344, loss_cls: 0.4117, loss_bbox: 0.3807, loss_kps: 0.0000, loss: 0.7924
2026-10-06 21:37:37,858 - mmdet - INFO - Epoch [4][2700/4741]	lr: 1.000e-04, eta: 0:58:02, time: 0.302, data_time: 0.018, memory: 13344, loss_cls: 0.3956, loss_bbox: 0.3800, loss_kps: 0.0000, loss: 0.7756
2026-10-06 21:37:52,582 - mmdet - INFO - Epoch [4][2750/4741]	lr: 1.000e-04, eta: 0:57:46, time: 0.295, data_time: 0.019, memory: 13344, loss_cls: 0.4154, loss_bbox: 0.3924, loss_kps: 0.0000, loss: 0.8078
2026-10-06 21:38:07,582 - mmdet - INFO - Epoch [4][2800/4741]	lr: 1.000e-04, eta: 0:57:31, time: 0.300, data_time: 0.020, memory: 13344, loss_cls: 0.4053, loss_bbox: 0.3840, loss_kps: 0.0000, loss: 0.7893
2026-10-06 21:38:22,490 - mmdet - INFO - Epoch [4][2850/4741]	lr: 1.000e-04, eta: 0:57:16, time: 0.298, data_time: 0.018, memory: 13344, loss_cls: 0.4023, loss_bbox: 0.3881, loss_kps: 0.0000, loss: 0.7905
2026-10-06 21:38:37,395 - mmdet - INFO - Epoch [4][2900/4741]	lr: 1.000e-04, eta: 0:57:01, time: 0.298, data_time: 0.020, memory: 13344, loss_cls: 0.4116, loss_bbox: 0.3862, loss_kps: 0.0000, loss: 0.7978
2026-10-06 21:38:52,191 - mmdet - INFO - Epoch [4][2950/4741]	lr: 1.000e-04, eta: 0:56:45, time: 0.296, data_time: 0.021, memory: 13344, loss_cls: 0.4113, loss_bbox: 0.3995, loss_kps: 0.0000, loss: 0.8108
2026-10-06 21:39:07,114 - mmdet - INFO - Epoch [4][3000/4741]	lr: 1.000e-04, eta: 0:56:30, time: 0.298, data_time: 0.020, memory: 13344, loss_cls: 0.4147, loss_bbox: 0.4003, loss_kps: 0.0000, loss: 0.8150
2026-10-06 21:39:22,159 - mmdet - INFO - Epoch [4][3050/4741]	lr: 1.000e-04, eta: 0:56:15, time: 0.301, data_time: 0.018, memory: 13344, loss_cls: 0.4178, loss_bbox: 0.4043, loss_kps: 0.0000, loss: 0.8221
2026-10-06 21:39:36,854 - mmdet - INFO - Epoch [4][3100/4741]	lr: 1.000e-04, eta: 0:56:00, time: 0.294, data_time: 0.019, memory: 13344, loss_cls: 0.3953, loss_bbox: 0.3803, loss_kps: 0.0000, loss: 0.7756
2026-10-06 21:39:51,731 - mmdet - INFO - Epoch [4][3150/4741]	lr: 1.000e-04, eta: 0:55:44, time: 0.298, data_time: 0.020, memory: 13344, loss_cls: 0.4305, loss_bbox: 0.3956, loss_kps: 0.0000, loss: 0.8261
2026-10-06 21:40:06,673 - mmdet - INFO - Epoch [4][3200/4741]	lr: 1.000e-04, eta: 0:55:29, time: 0.299, data_time: 0.021, memory: 13344, loss_cls: 0.4126, loss_bbox: 0.3904, loss_kps: 0.0000, loss: 0.8030
2026-10-06 21:40:21,518 - mmdet - INFO - Epoch [4][3250/4741]	lr: 1.000e-04, eta: 0:55:14, time: 0.297, data_time: 0.020, memory: 13344, loss_cls: 0.4063, loss_bbox: 0.3876, loss_kps: 0.0000, loss: 0.7939
2026-10-06 21:40:36,279 - mmdet - INFO - Epoch [4][3300/4741]	lr: 1.000e-04, eta: 0:54:59, time: 0.295, data_time: 0.019, memory: 13344, loss_cls: 0.4487, loss_bbox: 0.3947, loss_kps: 0.0000, loss: 0.8434
2026-10-06 21:40:51,121 - mmdet - INFO - Epoch [4][3350/4741]	lr: 1.000e-04, eta: 0:54:43, time: 0.297, data_time: 0.019, memory: 13344, loss_cls: 0.4113, loss_bbox: 0.3885, loss_kps: 0.0000, loss: 0.7997
2026-10-06 21:41:05,988 - mmdet - INFO - Epoch [4][3400/4741]	lr: 1.000e-04, eta: 0:54:28, time: 0.297, data_time: 0.020, memory: 13344, loss_cls: 0.4116, loss_bbox: 0.3884, loss_kps: 0.0000, loss: 0.8000
2026-10-06 21:41:20,935 - mmdet - INFO - Epoch [4][3450/4741]	lr: 1.000e-04, eta: 0:54:13, time: 0.299, data_time: 0.020, memory: 13344, loss_cls: 0.4226, loss_bbox: 0.3834, loss_kps: 0.0000, loss: 0.8060
2026-10-06 21:41:35,949 - mmdet - INFO - Epoch [4][3500/4741]	lr: 1.000e-04, eta: 0:53:58, time: 0.300, data_time: 0.020, memory: 13344, loss_cls: 0.3817, loss_bbox: 0.3752, loss_kps: 0.0000, loss: 0.7568
2026-10-06 21:41:50,886 - mmdet - INFO - Epoch [4][3550/4741]	lr: 1.000e-04, eta: 0:53:42, time: 0.299, data_time: 0.020, memory: 13344, loss_cls: 0.4134, loss_bbox: 0.3810, loss_kps: 0.0000, loss: 0.7944
2026-10-06 21:42:05,719 - mmdet - INFO - Epoch [4][3600/4741]	lr: 1.000e-04, eta: 0:53:27, time: 0.297, data_time: 0.020, memory: 13344, loss_cls: 0.4081, loss_bbox: 0.3857, loss_kps: 0.0000, loss: 0.7938
2026-10-06 21:42:20,404 - mmdet - INFO - Epoch [4][3650/4741]	lr: 1.000e-04, eta: 0:53:12, time: 0.294, data_time: 0.018, memory: 13344, loss_cls: 0.4140, loss_bbox: 0.3948, loss_kps: 0.0000, loss: 0.8088
2026-10-06 21:42:35,272 - mmdet - INFO - Epoch [4][3700/4741]	lr: 1.000e-04, eta: 0:52:57, time: 0.297, data_time: 0.020, memory: 13344, loss_cls: 0.3972, loss_bbox: 0.3858, loss_kps: 0.0000, loss: 0.7830
2026-10-06 21:42:50,073 - mmdet - INFO - Epoch [4][3750/4741]	lr: 1.000e-04, eta: 0:52:41, time: 0.296, data_time: 0.019, memory: 13344, loss_cls: 0.4212, loss_bbox: 0.3870, loss_kps: 0.0000, loss: 0.8082
2026-10-06 21:43:05,144 - mmdet - INFO - Epoch [4][3800/4741]	lr: 1.000e-04, eta: 0:52:26, time: 0.301, data_time: 0.019, memory: 13344, loss_cls: 0.4050, loss_bbox: 0.3910, loss_kps: 0.0000, loss: 0.7960
2026-10-06 21:43:20,201 - mmdet - INFO - Epoch [4][3850/4741]	lr: 1.000e-04, eta: 0:52:11, time: 0.301, data_time: 0.020, memory: 13344, loss_cls: 0.4166, loss_bbox: 0.3952, loss_kps: 0.0000, loss: 0.8118
2026-10-06 21:43:35,085 - mmdet - INFO - Epoch [4][3900/4741]	lr: 1.000e-04, eta: 0:51:56, time: 0.298, data_time: 0.020, memory: 13344, loss_cls: 0.4294, loss_bbox: 0.3988, loss_kps: 0.0000, loss: 0.8282
2026-10-06 21:43:51,070 - mmdet - INFO - Epoch [4][3950/4741]	lr: 1.000e-04, eta: 0:51:41, time: 0.320, data_time: 0.018, memory: 13344, loss_cls: 0.4060, loss_bbox: 0.3850, loss_kps: 0.0000, loss: 0.7910
2026-10-06 21:44:06,054 - mmdet - INFO - Epoch [4][4000/4741]	lr: 1.000e-04, eta: 0:51:26, time: 0.300, data_time: 0.019, memory: 13344, loss_cls: 0.4051, loss_bbox: 0.3931, loss_kps: 0.0000, loss: 0.7982
2026-10-06 21:44:21,375 - mmdet - INFO - Epoch [4][4050/4741]	lr: 1.000e-04, eta: 0:51:11, time: 0.306, data_time: 0.020, memory: 13344, loss_cls: 0.4365, loss_bbox: 0.3969, loss_kps: 0.0000, loss: 0.8334
2026-10-06 21:44:36,016 - mmdet - INFO - Epoch [4][4100/4741]	lr: 1.000e-04, eta: 0:50:56, time: 0.293, data_time: 0.019, memory: 13344, loss_cls: 0.4279, loss_bbox: 0.4009, loss_kps: 0.0000, loss: 0.8288
2026-10-06 21:44:51,142 - mmdet - INFO - Epoch [4][4150/4741]	lr: 1.000e-04, eta: 0:50:41, time: 0.302, data_time: 0.017, memory: 13344, loss_cls: 0.3937, loss_bbox: 0.3806, loss_kps: 0.0000, loss: 0.7743
2026-10-06 21:45:06,292 - mmdet - INFO - Epoch [4][4200/4741]	lr: 1.000e-04, eta: 0:50:26, time: 0.303, data_time: 0.018, memory: 13344, loss_cls: 0.4190, loss_bbox: 0.3960, loss_kps: 0.0000, loss: 0.8150
2026-10-06 21:45:21,195 - mmdet - INFO - Epoch [4][4250/4741]	lr: 1.000e-04, eta: 0:50:10, time: 0.298, data_time: 0.019, memory: 13344, loss_cls: 0.4138, loss_bbox: 0.3821, loss_kps: 0.0000, loss: 0.7959
2026-10-06 21:45:36,119 - mmdet - INFO - Epoch [4][4300/4741]	lr: 1.000e-04, eta: 0:49:55, time: 0.298, data_time: 0.020, memory: 13344, loss_cls: 0.4090, loss_bbox: 0.3816, loss_kps: 0.0000, loss: 0.7906
2026-10-06 21:45:51,204 - mmdet - INFO - Epoch [4][4350/4741]	lr: 1.000e-04, eta: 0:49:40, time: 0.302, data_time: 0.021, memory: 13344, loss_cls: 0.3953, loss_bbox: 0.3750, loss_kps: 0.0000, loss: 0.7703
2026-10-06 21:46:05,927 - mmdet - INFO - Epoch [4][4400/4741]	lr: 1.000e-04, eta: 0:49:25, time: 0.294, data_time: 0.019, memory: 13344, loss_cls: 0.4061, loss_bbox: 0.3836, loss_kps: 0.0000, loss: 0.7897
2026-10-06 21:46:20,760 - mmdet - INFO - Epoch [4][4450/4741]	lr: 1.000e-04, eta: 0:49:10, time: 0.297, data_time: 0.018, memory: 13344, loss_cls: 0.4092, loss_bbox: 0.3859, loss_kps: 0.0000, loss: 0.7951
2026-10-06 21:46:35,835 - mmdet - INFO - Epoch [4][4500/4741]	lr: 1.000e-04, eta: 0:48:55, time: 0.302, data_time: 0.020, memory: 13344, loss_cls: 0.4157, loss_bbox: 0.3837, loss_kps: 0.0000, loss: 0.7994
2026-10-06 21:46:50,696 - mmdet - INFO - Epoch [4][4550/4741]	lr: 1.000e-04, eta: 0:48:39, time: 0.297, data_time: 0.019, memory: 13344, loss_cls: 0.4065, loss_bbox: 0.3878, loss_kps: 0.0000, loss: 0.7943
2026-10-06 21:47:05,583 - mmdet - INFO - Epoch [4][4600/4741]	lr: 1.000e-04, eta: 0:48:24, time: 0.298, data_time: 0.019, memory: 13344, loss_cls: 0.4128, loss_bbox: 0.3901, loss_kps: 0.0000, loss: 0.8029
2026-10-06 21:47:20,435 - mmdet - INFO - Epoch [4][4650/4741]	lr: 1.000e-04, eta: 0:48:09, time: 0.297, data_time: 0.020, memory: 13344, loss_cls: 0.4087, loss_bbox: 0.3833, loss_kps: 0.0000, loss: 0.7919
2026-10-06 21:47:35,533 - mmdet - INFO - Epoch [4][4700/4741]	lr: 1.000e-04, eta: 0:47:54, time: 0.302, data_time: 0.019, memory: 13344, loss_cls: 0.4110, loss_bbox: 0.3856, loss_kps: 0.0000, loss: 0.7966
2026-10-06 21:47:44,193 - mmdet - INFO - Saving checkpoint at 4 epochs
2026-10-06 21:48:12,532 - mmdet - INFO - Epoch [5][50/4741]	lr: 1.000e-04, eta: 0:47:27, time: 0.561, data_time: 0.254, memory: 13344, loss_cls: 0.4026, loss_bbox: 0.3868, loss_kps: 0.0000, loss: 0.7894
2026-10-06 21:48:27,659 - mmdet - INFO - Epoch [5][100/4741]	lr: 1.000e-04, eta: 0:47:12, time: 0.303, data_time: 0.020, memory: 13344, loss_cls: 0.4075, loss_bbox: 0.3771, loss_kps: 0.0000, loss: 0.7846
2026-10-06 21:48:42,497 - mmdet - INFO - Epoch [5][150/4741]	lr: 1.000e-04, eta: 0:46:56, time: 0.297, data_time: 0.020, memory: 13344, loss_cls: 0.4056, loss_bbox: 0.3804, loss_kps: 0.0000, loss: 0.7860
2026-10-06 21:48:57,474 - mmdet - INFO - Epoch [5][200/4741]	lr: 1.000e-04, eta: 0:46:41, time: 0.300, data_time: 0.021, memory: 13344, loss_cls: 0.4057, loss_bbox: 0.3680, loss_kps: 0.0000, loss: 0.7737
2026-10-06 21:49:12,396 - mmdet - INFO - Epoch [5][250/4741]	lr: 1.000e-04, eta: 0:46:26, time: 0.298, data_time: 0.019, memory: 13344, loss_cls: 0.4183, loss_bbox: 0.3816, loss_kps: 0.0000, loss: 0.7999
2026-10-06 21:49:27,569 - mmdet - INFO - Epoch [5][300/4741]	lr: 1.000e-04, eta: 0:46:11, time: 0.303, data_time: 0.020, memory: 13344, loss_cls: 0.4156, loss_bbox: 0.3985, loss_kps: 0.0000, loss: 0.8141
2026-10-06 21:49:42,558 - mmdet - INFO - Epoch [5][350/4741]	lr: 1.000e-04, eta: 0:45:56, time: 0.300, data_time: 0.020, memory: 13344, loss_cls: 0.4160, loss_bbox: 0.3856, loss_kps: 0.0000, loss: 0.8016
2026-10-06 21:49:57,513 - mmdet - INFO - Epoch [5][400/4741]	lr: 1.000e-04, eta: 0:45:41, time: 0.299, data_time: 0.019, memory: 13344, loss_cls: 0.3974, loss_bbox: 0.3937, loss_kps: 0.0000, loss: 0.7912
2026-10-06 21:50:12,903 - mmdet - INFO - Epoch [5][450/4741]	lr: 1.000e-04, eta: 0:45:26, time: 0.308, data_time: 0.019, memory: 13344, loss_cls: 0.4073, loss_bbox: 0.3908, loss_kps: 0.0000, loss: 0.7981
2026-10-06 21:50:27,923 - mmdet - INFO - Epoch [5][500/4741]	lr: 1.000e-04, eta: 0:45:11, time: 0.300, data_time: 0.019, memory: 13344, loss_cls: 0.4182, loss_bbox: 0.3963, loss_kps: 0.0000, loss: 0.8145
2026-10-06 21:50:42,817 - mmdet - INFO - Epoch [5][550/4741]	lr: 1.000e-04, eta: 0:44:55, time: 0.298, data_time: 0.020, memory: 13344, loss_cls: 0.4179, loss_bbox: 0.3852, loss_kps: 0.0000, loss: 0.8032
2026-10-06 21:50:57,585 - mmdet - INFO - Epoch [5][600/4741]	lr: 1.000e-04, eta: 0:44:40, time: 0.295, data_time: 0.019, memory: 13344, loss_cls: 0.4045, loss_bbox: 0.3756, loss_kps: 0.0000, loss: 0.7801
2026-10-06 21:51:12,491 - mmdet - INFO - Epoch [5][650/4741]	lr: 1.000e-04, eta: 0:44:25, time: 0.298, data_time: 0.022, memory: 13344, loss_cls: 0.4221, loss_bbox: 0.3955, loss_kps: 0.0000, loss: 0.8176
2026-10-06 21:51:27,308 - mmdet - INFO - Epoch [5][700/4741]	lr: 1.000e-04, eta: 0:44:10, time: 0.296, data_time: 0.019, memory: 13344, loss_cls: 0.4236, loss_bbox: 0.3914, loss_kps: 0.0000, loss: 0.8149
2026-10-06 21:51:42,181 - mmdet - INFO - Epoch [5][750/4741]	lr: 1.000e-04, eta: 0:43:55, time: 0.297, data_time: 0.020, memory: 13344, loss_cls: 0.4234, loss_bbox: 0.3890, loss_kps: 0.0000, loss: 0.8124
2026-10-06 21:51:57,373 - mmdet - INFO - Epoch [5][800/4741]	lr: 1.000e-04, eta: 0:43:40, time: 0.304, data_time: 0.020, memory: 13344, loss_cls: 0.4128, loss_bbox: 0.3821, loss_kps: 0.0000, loss: 0.7949
2026-10-06 21:52:12,170 - mmdet - INFO - Epoch [5][850/4741]	lr: 1.000e-04, eta: 0:43:24, time: 0.296, data_time: 0.019, memory: 13344, loss_cls: 0.4148, loss_bbox: 0.3966, loss_kps: 0.0000, loss: 0.8114
2026-10-06 21:52:27,005 - mmdet - INFO - Epoch [5][900/4741]	lr: 1.000e-04, eta: 0:43:09, time: 0.297, data_time: 0.019, memory: 13344, loss_cls: 0.4079, loss_bbox: 0.3916, loss_kps: 0.0000, loss: 0.7996
2026-10-06 21:52:42,292 - mmdet - INFO - Epoch [5][950/4741]	lr: 1.000e-04, eta: 0:42:54, time: 0.306, data_time: 0.018, memory: 13344, loss_cls: 0.4205, loss_bbox: 0.3900, loss_kps: 0.0000, loss: 0.8105
2026-10-06 21:52:57,600 - mmdet - INFO - Epoch [5][1000/4741]	lr: 1.000e-04, eta: 0:42:39, time: 0.306, data_time: 0.018, memory: 13344, loss_cls: 0.4038, loss_bbox: 0.3884, loss_kps: 0.0000, loss: 0.7922
2026-10-06 21:53:13,475 - mmdet - INFO - Epoch [5][1050/4741]	lr: 1.000e-04, eta: 0:42:24, time: 0.318, data_time: 0.017, memory: 13344, loss_cls: 0.4305, loss_bbox: 0.3872, loss_kps: 0.0000, loss: 0.8177
2026-10-06 21:53:28,356 - mmdet - INFO - Epoch [5][1100/4741]	lr: 1.000e-04, eta: 0:42:09, time: 0.298, data_time: 0.019, memory: 13344, loss_cls: 0.4162, loss_bbox: 0.3940, loss_kps: 0.0000, loss: 0.8102
2026-10-06 21:53:43,301 - mmdet - INFO - Epoch [5][1150/4741]	lr: 1.000e-04, eta: 0:41:54, time: 0.299, data_time: 0.020, memory: 13344, loss_cls: 0.4184, loss_bbox: 0.3853, loss_kps: 0.0000, loss: 0.8037
2026-10-06 21:53:57,923 - mmdet - INFO - Epoch [5][1200/4741]	lr: 1.000e-04, eta: 0:41:39, time: 0.292, data_time: 0.018, memory: 13344, loss_cls: 0.4275, loss_bbox: 0.3901, loss_kps: 0.0000, loss: 0.8177
2026-10-06 21:54:13,156 - mmdet - INFO - Epoch [5][1250/4741]	lr: 1.000e-04, eta: 0:41:24, time: 0.305, data_time: 0.018, memory: 13344, loss_cls: 0.4080, loss_bbox: 0.3720, loss_kps: 0.0000, loss: 0.7800
2026-10-06 21:54:28,081 - mmdet - INFO - Epoch [5][1300/4741]	lr: 1.000e-04, eta: 0:41:09, time: 0.298, data_time: 0.019, memory: 13344, loss_cls: 0.3969, loss_bbox: 0.3776, loss_kps: 0.0000, loss: 0.7744
2026-10-06 21:54:43,192 - mmdet - INFO - Epoch [5][1350/4741]	lr: 1.000e-04, eta: 0:40:54, time: 0.302, data_time: 0.023, memory: 13344, loss_cls: 0.3996, loss_bbox: 0.3906, loss_kps: 0.0000, loss: 0.7902
2026-10-06 21:54:58,136 - mmdet - INFO - Epoch [5][1400/4741]	lr: 1.000e-04, eta: 0:40:38, time: 0.299, data_time: 0.019, memory: 13344, loss_cls: 0.3865, loss_bbox: 0.3837, loss_kps: 0.0000, loss: 0.7701
2026-10-06 21:55:13,090 - mmdet - INFO - Epoch [5][1450/4741]	lr: 1.000e-04, eta: 0:40:23, time: 0.299, data_time: 0.018, memory: 13344, loss_cls: 0.4307, loss_bbox: 0.3862, loss_kps: 0.0000, loss: 0.8169
2026-10-06 21:55:28,084 - mmdet - INFO - Epoch [5][1500/4741]	lr: 1.000e-04, eta: 0:40:08, time: 0.300, data_time: 0.018, memory: 13344, loss_cls: 0.4177, loss_bbox: 0.3878, loss_kps: 0.0000, loss: 0.8054
2026-10-06 21:55:42,989 - mmdet - INFO - Epoch [5][1550/4741]	lr: 1.000e-04, eta: 0:39:53, time: 0.298, data_time: 0.019, memory: 13344, loss_cls: 0.4200, loss_bbox: 0.3870, loss_kps: 0.0000, loss: 0.8070
2026-10-06 21:55:57,843 - mmdet - INFO - Epoch [5][1600/4741]	lr: 1.000e-04, eta: 0:39:38, time: 0.297, data_time: 0.019, memory: 13344, loss_cls: 0.4057, loss_bbox: 0.3902, loss_kps: 0.0000, loss: 0.7958
2026-10-06 21:56:12,678 - mmdet - INFO - Epoch [5][1650/4741]	lr: 1.000e-04, eta: 0:39:23, time: 0.297, data_time: 0.018, memory: 13344, loss_cls: 0.4134, loss_bbox: 0.3989, loss_kps: 0.0000, loss: 0.8123
2026-10-06 21:56:27,499 - mmdet - INFO - Epoch [5][1700/4741]	lr: 1.000e-04, eta: 0:39:07, time: 0.296, data_time: 0.021, memory: 13344, loss_cls: 0.4176, loss_bbox: 0.3912, loss_kps: 0.0000, loss: 0.8088
2026-10-06 21:56:42,540 - mmdet - INFO - Epoch [5][1750/4741]	lr: 1.000e-04, eta: 0:38:52, time: 0.301, data_time: 0.018, memory: 13344, loss_cls: 0.4124, loss_bbox: 0.3878, loss_kps: 0.0000, loss: 0.8002
2026-10-06 21:56:57,430 - mmdet - INFO - Epoch [5][1800/4741]	lr: 1.000e-04, eta: 0:38:37, time: 0.298, data_time: 0.018, memory: 13344, loss_cls: 0.3962, loss_bbox: 0.3848, loss_kps: 0.0000, loss: 0.7809
2026-10-06 21:57:12,564 - mmdet - INFO - Epoch [5][1850/4741]	lr: 1.000e-04, eta: 0:38:22, time: 0.303, data_time: 0.019, memory: 13344, loss_cls: 0.4045, loss_bbox: 0.3852, loss_kps: 0.0000, loss: 0.7897
2026-10-06 21:57:27,476 - mmdet - INFO - Epoch [5][1900/4741]	lr: 1.000e-04, eta: 0:38:07, time: 0.298, data_time: 0.018, memory: 13344, loss_cls: 0.4086, loss_bbox: 0.3818, loss_kps: 0.0000, loss: 0.7904
2026-10-06 21:57:42,348 - mmdet - INFO - Epoch [5][1950/4741]	lr: 1.000e-04, eta: 0:37:52, time: 0.297, data_time: 0.020, memory: 13344, loss_cls: 0.4190, loss_bbox: 0.3776, loss_kps: 0.0000, loss: 0.7966
2026-10-06 21:57:57,210 - mmdet - INFO - Epoch [5][2000/4741]	lr: 1.000e-04, eta: 0:37:37, time: 0.297, data_time: 0.019, memory: 13344, loss_cls: 0.4177, loss_bbox: 0.3924, loss_kps: 0.0000, loss: 0.8101
2026-10-06 21:58:12,167 - mmdet - INFO - Epoch [5][2050/4741]	lr: 1.000e-04, eta: 0:37:22, time: 0.299, data_time: 0.019, memory: 13344, loss_cls: 0.4048, loss_bbox: 0.3748, loss_kps: 0.0000, loss: 0.7795
2026-10-06 21:58:27,033 - mmdet - INFO - Epoch [5][2100/4741]	lr: 1.000e-04, eta: 0:37:06, time: 0.297, data_time: 0.019, memory: 13344, loss_cls: 0.4050, loss_bbox: 0.3945, loss_kps: 0.0000, loss: 0.7995
2026-10-06 21:58:42,367 - mmdet - INFO - Epoch [5][2150/4741]	lr: 1.000e-04, eta: 0:36:51, time: 0.307, data_time: 0.019, memory: 13344, loss_cls: 0.4050, loss_bbox: 0.3853, loss_kps: 0.0000, loss: 0.7904
2026-10-06 21:58:57,367 - mmdet - INFO - Epoch [5][2200/4741]	lr: 1.000e-04, eta: 0:36:36, time: 0.300, data_time: 0.018, memory: 13344, loss_cls: 0.4259, loss_bbox: 0.3960, loss_kps: 0.0000, loss: 0.8219
2026-10-06 21:59:12,205 - mmdet - INFO - Epoch [5][2250/4741]	lr: 1.000e-04, eta: 0:36:21, time: 0.297, data_time: 0.019, memory: 13344, loss_cls: 0.4291, loss_bbox: 0.3902, loss_kps: 0.0000, loss: 0.8193
2026-10-06 21:59:27,221 - mmdet - INFO - Epoch [5][2300/4741]	lr: 1.000e-04, eta: 0:36:06, time: 0.300, data_time: 0.021, memory: 13344, loss_cls: 0.4162, loss_bbox: 0.3918, loss_kps: 0.0000, loss: 0.8080
2026-10-06 21:59:42,025 - mmdet - INFO - Epoch [5][2350/4741]	lr: 1.000e-04, eta: 0:35:51, time: 0.296, data_time: 0.020, memory: 13344, loss_cls: 0.4108, loss_bbox: 0.3987, loss_kps: 0.0000, loss: 0.8094
2026-10-06 21:59:56,984 - mmdet - INFO - Epoch [5][2400/4741]	lr: 1.000e-04, eta: 0:35:36, time: 0.299, data_time: 0.019, memory: 13344, loss_cls: 0.4120, loss_bbox: 0.3893, loss_kps: 0.0000, loss: 0.8013
2026-10-06 22:00:11,733 - mmdet - INFO - Epoch [5][2450/4741]	lr: 1.000e-04, eta: 0:35:20, time: 0.295, data_time: 0.017, memory: 13344, loss_cls: 0.4298, loss_bbox: 0.4008, loss_kps: 0.0000, loss: 0.8306
2026-10-06 22:00:26,617 - mmdet - INFO - Epoch [5][2500/4741]	lr: 1.000e-04, eta: 0:35:05, time: 0.298, data_time: 0.019, memory: 13344, loss_cls: 0.4139, loss_bbox: 0.3857, loss_kps: 0.0000, loss: 0.7996
2026-10-06 22:00:41,528 - mmdet - INFO - Epoch [5][2550/4741]	lr: 1.000e-04, eta: 0:34:50, time: 0.298, data_time: 0.021, memory: 13344, loss_cls: 0.4198, loss_bbox: 0.3897, loss_kps: 0.0000, loss: 0.8095
2026-10-06 22:00:57,040 - mmdet - INFO - Epoch [5][2600/4741]	lr: 1.000e-04, eta: 0:34:35, time: 0.310, data_time: 0.018, memory: 13344, loss_cls: 0.4245, loss_bbox: 0.3957, loss_kps: 0.0000, loss: 0.8202
2026-10-06 22:01:11,612 - mmdet - INFO - Epoch [5][2650/4741]	lr: 1.000e-04, eta: 0:34:20, time: 0.291, data_time: 0.020, memory: 13344, loss_cls: 0.4196, loss_bbox: 0.3942, loss_kps: 0.0000, loss: 0.8138
2026-10-06 22:01:26,622 - mmdet - INFO - Epoch [5][2700/4741]	lr: 1.000e-04, eta: 0:34:05, time: 0.300, data_time: 0.018, memory: 13344, loss_cls: 0.4181, loss_bbox: 0.3949, loss_kps: 0.0000, loss: 0.8131
2026-10-06 22:01:42,121 - mmdet - INFO - Epoch [5][2750/4741]	lr: 1.000e-04, eta: 0:33:50, time: 0.310, data_time: 0.019, memory: 13344, loss_cls: 0.4077, loss_bbox: 0.3761, loss_kps: 0.0000, loss: 0.7838
2026-10-06 22:01:57,319 - mmdet - INFO - Epoch [5][2800/4741]	lr: 1.000e-04, eta: 0:33:35, time: 0.304, data_time: 0.020, memory: 13344, loss_cls: 0.4085, loss_bbox: 0.3978, loss_kps: 0.0000, loss: 0.8063
2026-10-06 22:02:12,267 - mmdet - INFO - Epoch [5][2850/4741]	lr: 1.000e-04, eta: 0:33:20, time: 0.299, data_time: 0.018, memory: 13344, loss_cls: 0.4136, loss_bbox: 0.3848, loss_kps: 0.0000, loss: 0.7983
2026-10-06 22:02:27,379 - mmdet - INFO - Epoch [5][2900/4741]	lr: 1.000e-04, eta: 0:33:05, time: 0.302, data_time: 0.018, memory: 13344, loss_cls: 0.4101, loss_bbox: 0.3784, loss_kps: 0.0000, loss: 0.7885
2026-10-06 22:02:42,342 - mmdet - INFO - Epoch [5][2950/4741]	lr: 1.000e-04, eta: 0:32:50, time: 0.299, data_time: 0.019, memory: 13344, loss_cls: 0.4051, loss_bbox: 0.3852, loss_kps: 0.0000, loss: 0.7903
2026-10-06 22:02:57,377 - mmdet - INFO - Epoch [5][3000/4741]	lr: 1.000e-04, eta: 0:32:35, time: 0.301, data_time: 0.020, memory: 13344, loss_cls: 0.3979, loss_bbox: 0.3892, loss_kps: 0.0000, loss: 0.7871
2026-10-06 22:03:12,271 - mmdet - INFO - Epoch [5][3050/4741]	lr: 1.000e-04, eta: 0:32:19, time: 0.298, data_time: 0.019, memory: 13344, loss_cls: 0.3960, loss_bbox: 0.3826, loss_kps: 0.0000, loss: 0.7786
2026-10-06 22:03:27,512 - mmdet - INFO - Epoch [5][3100/4741]	lr: 1.000e-04, eta: 0:32:04, time: 0.305, data_time: 0.018, memory: 13344, loss_cls: 0.4137, loss_bbox: 0.3915, loss_kps: 0.0000, loss: 0.8052
2026-10-06 22:03:42,255 - mmdet - INFO - Epoch [5][3150/4741]	lr: 1.000e-04, eta: 0:31:49, time: 0.295, data_time: 0.018, memory: 13344, loss_cls: 0.4096, loss_bbox: 0.3892, loss_kps: 0.0000, loss: 0.7988
2026-10-06 22:03:57,210 - mmdet - INFO - Epoch [5][3200/4741]	lr: 1.000e-04, eta: 0:31:34, time: 0.299, data_time: 0.021, memory: 13344, loss_cls: 0.4266, loss_bbox: 0.3967, loss_kps: 0.0000, loss: 0.8234
2026-10-06 22:04:12,143 - mmdet - INFO - Epoch [5][3250/4741]	lr: 1.000e-04, eta: 0:31:19, time: 0.299, data_time: 0.020, memory: 13344, loss_cls: 0.4071, loss_bbox: 0.3817, loss_kps: 0.0000, loss: 0.7887
2026-10-06 22:04:26,923 - mmdet - INFO - Epoch [5][3300/4741]	lr: 1.000e-04, eta: 0:31:04, time: 0.296, data_time: 0.019, memory: 13344, loss_cls: 0.4246, loss_bbox: 0.3886, loss_kps: 0.0000, loss: 0.8132
2026-10-06 22:04:41,809 - mmdet - INFO - Epoch [5][3350/4741]	lr: 1.000e-04, eta: 0:30:49, time: 0.298, data_time: 0.019, memory: 13344, loss_cls: 0.4133, loss_bbox: 0.3868, loss_kps: 0.0000, loss: 0.8001
2026-10-06 22:04:56,917 - mmdet - INFO - Epoch [5][3400/4741]	lr: 1.000e-04, eta: 0:30:34, time: 0.302, data_time: 0.020, memory: 13344, loss_cls: 0.4166, loss_bbox: 0.3857, loss_kps: 0.0000, loss: 0.8023
2026-10-06 22:05:11,743 - mmdet - INFO - Epoch [5][3450/4741]	lr: 1.000e-04, eta: 0:30:18, time: 0.297, data_time: 0.018, memory: 13344, loss_cls: 0.4240, loss_bbox: 0.3848, loss_kps: 0.0000, loss: 0.8088
2026-10-06 22:05:26,737 - mmdet - INFO - Epoch [5][3500/4741]	lr: 1.000e-04, eta: 0:30:03, time: 0.300, data_time: 0.019, memory: 13344, loss_cls: 0.4299, loss_bbox: 0.3892, loss_kps: 0.0000, loss: 0.8191
2026-10-06 22:05:41,642 - mmdet - INFO - Epoch [5][3550/4741]	lr: 1.000e-04, eta: 0:29:48, time: 0.298, data_time: 0.021, memory: 13344, loss_cls: 0.4036, loss_bbox: 0.3861, loss_kps: 0.0000, loss: 0.7897
2026-10-06 22:05:56,730 - mmdet - INFO - Epoch [5][3600/4741]	lr: 1.000e-04, eta: 0:29:33, time: 0.302, data_time: 0.021, memory: 13344, loss_cls: 0.4024, loss_bbox: 0.3793, loss_kps: 0.0000, loss: 0.7817
2026-10-06 22:06:11,736 - mmdet - INFO - Epoch [5][3650/4741]	lr: 1.000e-04, eta: 0:29:18, time: 0.300, data_time: 0.019, memory: 13344, loss_cls: 0.4182, loss_bbox: 0.3890, loss_kps: 0.0000, loss: 0.8072
2026-10-06 22:06:26,466 - mmdet - INFO - Epoch [5][3700/4741]	lr: 1.000e-04, eta: 0:29:03, time: 0.294, data_time: 0.020, memory: 13344, loss_cls: 0.4092, loss_bbox: 0.3793, loss_kps: 0.0000, loss: 0.7885
2026-10-06 22:06:41,137 - mmdet - INFO - Epoch [5][3750/4741]	lr: 1.000e-04, eta: 0:28:48, time: 0.293, data_time: 0.020, memory: 13344, loss_cls: 0.4383, loss_bbox: 0.4081, loss_kps: 0.0000, loss: 0.8464
2026-10-06 22:06:56,008 - mmdet - INFO - Epoch [5][3800/4741]	lr: 1.000e-04, eta: 0:28:33, time: 0.297, data_time: 0.021, memory: 13344, loss_cls: 0.4052, loss_bbox: 0.3822, loss_kps: 0.0000, loss: 0.7874
2026-10-06 22:07:10,827 - mmdet - INFO - Epoch [5][3850/4741]	lr: 1.000e-04, eta: 0:28:17, time: 0.296, data_time: 0.021, memory: 13344, loss_cls: 0.4132, loss_bbox: 0.3950, loss_kps: 0.0000, loss: 0.8083
2026-10-06 22:07:25,754 - mmdet - INFO - Epoch [5][3900/4741]	lr: 1.000e-04, eta: 0:28:02, time: 0.298, data_time: 0.021, memory: 13344, loss_cls: 0.4018, loss_bbox: 0.3845, loss_kps: 0.0000, loss: 0.7862
2026-10-06 22:07:40,881 - mmdet - INFO - Epoch [5][3950/4741]	lr: 1.000e-04, eta: 0:27:47, time: 0.303, data_time: 0.018, memory: 13344, loss_cls: 0.4115, loss_bbox: 0.3921, loss_kps: 0.0000, loss: 0.8035
2026-10-06 22:07:55,793 - mmdet - INFO - Epoch [5][4000/4741]	lr: 1.000e-04, eta: 0:27:32, time: 0.298, data_time: 0.021, memory: 13344, loss_cls: 0.3892, loss_bbox: 0.3734, loss_kps: 0.0000, loss: 0.7626
2026-10-06 22:08:10,846 - mmdet - INFO - Epoch [5][4050/4741]	lr: 1.000e-04, eta: 0:27:17, time: 0.301, data_time: 0.020, memory: 13344, loss_cls: 0.3973, loss_bbox: 0.3741, loss_kps: 0.0000, loss: 0.7714
2026-10-06 22:08:25,782 - mmdet - INFO - Epoch [5][4100/4741]	lr: 1.000e-04, eta: 0:27:02, time: 0.299, data_time: 0.020, memory: 13344, loss_cls: 0.4064, loss_bbox: 0.3921, loss_kps: 0.0000, loss: 0.7985
2026-10-06 22:08:40,778 - mmdet - INFO - Epoch [5][4150/4741]	lr: 1.000e-04, eta: 0:26:47, time: 0.300, data_time: 0.020, memory: 13344, loss_cls: 0.4310, loss_bbox: 0.3898, loss_kps: 0.0000, loss: 0.8209
2026-10-06 22:08:55,675 - mmdet - INFO - Epoch [5][4200/4741]	lr: 1.000e-04, eta: 0:26:32, time: 0.298, data_time: 0.019, memory: 13344, loss_cls: 0.4024, loss_bbox: 0.3790, loss_kps: 0.0000, loss: 0.7814
2026-10-06 22:09:10,609 - mmdet - INFO - Epoch [5][4250/4741]	lr: 1.000e-04, eta: 0:26:17, time: 0.299, data_time: 0.019, memory: 13344, loss_cls: 0.4113, loss_bbox: 0.3958, loss_kps: 0.0000, loss: 0.8071
2026-10-06 22:09:25,594 - mmdet - INFO - Epoch [5][4300/4741]	lr: 1.000e-04, eta: 0:26:02, time: 0.300, data_time: 0.019, memory: 13344, loss_cls: 0.4172, loss_bbox: 0.3830, loss_kps: 0.0000, loss: 0.8002
2026-10-06 22:09:40,430 - mmdet - INFO - Epoch [5][4350/4741]	lr: 1.000e-04, eta: 0:25:46, time: 0.297, data_time: 0.019, memory: 13344, loss_cls: 0.3950, loss_bbox: 0.3777, loss_kps: 0.0000, loss: 0.7727
2026-10-06 22:09:55,919 - mmdet - INFO - Epoch [5][4400/4741]	lr: 1.000e-04, eta: 0:25:31, time: 0.310, data_time: 0.018, memory: 13344, loss_cls: 0.4175, loss_bbox: 0.3898, loss_kps: 0.0000, loss: 0.8073
2026-10-06 22:10:10,828 - mmdet - INFO - Epoch [5][4450/4741]	lr: 1.000e-04, eta: 0:25:16, time: 0.298, data_time: 0.020, memory: 13344, loss_cls: 0.4091, loss_bbox: 0.3882, loss_kps: 0.0000, loss: 0.7973
2026-10-06 22:10:25,940 - mmdet - INFO - Epoch [5][4500/4741]	lr: 1.000e-04, eta: 0:25:01, time: 0.302, data_time: 0.020, memory: 13344, loss_cls: 0.4086, loss_bbox: 0.3867, loss_kps: 0.0000, loss: 0.7953
2026-10-06 22:10:41,043 - mmdet - INFO - Epoch [5][4550/4741]	lr: 1.000e-04, eta: 0:24:46, time: 0.302, data_time: 0.020, memory: 13344, loss_cls: 0.4133, loss_bbox: 0.3964, loss_kps: 0.0000, loss: 0.8097
2026-10-06 22:10:55,957 - mmdet - INFO - Epoch [5][4600/4741]	lr: 1.000e-04, eta: 0:24:31, time: 0.298, data_time: 0.020, memory: 13344, loss_cls: 0.3955, loss_bbox: 0.3809, loss_kps: 0.0000, loss: 0.7764
2026-10-06 22:11:11,626 - mmdet - INFO - Epoch [5][4650/4741]	lr: 1.000e-04, eta: 0:24:16, time: 0.313, data_time: 0.020, memory: 13344, loss_cls: 0.4036, loss_bbox: 0.3826, loss_kps: 0.0000, loss: 0.7862
2026-10-06 22:11:26,404 - mmdet - INFO - Epoch [5][4700/4741]	lr: 1.000e-04, eta: 0:24:01, time: 0.296, data_time: 0.019, memory: 13344, loss_cls: 0.4104, loss_bbox: 0.3938, loss_kps: 0.0000, loss: 0.8042
2026-10-06 22:11:35,160 - mmdet - INFO - Saving checkpoint at 5 epochs
2026-10-06 22:12:03,491 - mmdet - INFO - Epoch [6][50/4741]	lr: 1.000e-05, eta: 0:23:34, time: 0.561, data_time: 0.186, memory: 13344, loss_cls: 0.4205, loss_bbox: 0.3867, loss_kps: 0.0000, loss: 0.8071
2026-10-06 22:12:18,312 - mmdet - INFO - Epoch [6][100/4741]	lr: 1.000e-05, eta: 0:23:19, time: 0.296, data_time: 0.020, memory: 13344, loss_cls: 0.4093, loss_bbox: 0.3903, loss_kps: 0.0000, loss: 0.7996
2026-10-06 22:12:32,972 - mmdet - INFO - Epoch [6][150/4741]	lr: 1.000e-05, eta: 0:23:03, time: 0.293, data_time: 0.019, memory: 13344, loss_cls: 0.4095, loss_bbox: 0.3754, loss_kps: 0.0000, loss: 0.7849
2026-10-06 22:12:47,864 - mmdet - INFO - Epoch [6][200/4741]	lr: 1.000e-05, eta: 0:22:48, time: 0.298, data_time: 0.020, memory: 13344, loss_cls: 0.4151, loss_bbox: 0.3891, loss_kps: 0.0000, loss: 0.8042
2026-10-06 22:13:02,820 - mmdet - INFO - Epoch [6][250/4741]	lr: 1.000e-05, eta: 0:22:33, time: 0.299, data_time: 0.019, memory: 13344, loss_cls: 0.4124, loss_bbox: 0.3877, loss_kps: 0.0000, loss: 0.8001
2026-10-06 22:13:17,863 - mmdet - INFO - Epoch [6][300/4741]	lr: 1.000e-05, eta: 0:22:18, time: 0.301, data_time: 0.020, memory: 13344, loss_cls: 0.4102, loss_bbox: 0.3848, loss_kps: 0.0000, loss: 0.7950
2026-10-06 22:13:32,928 - mmdet - INFO - Epoch [6][350/4741]	lr: 1.000e-05, eta: 0:22:03, time: 0.301, data_time: 0.018, memory: 13344, loss_cls: 0.4036, loss_bbox: 0.3913, loss_kps: 0.0000, loss: 0.7949
2026-10-06 22:13:48,120 - mmdet - INFO - Epoch [6][400/4741]	lr: 1.000e-05, eta: 0:21:48, time: 0.304, data_time: 0.022, memory: 13344, loss_cls: 0.4020, loss_bbox: 0.3801, loss_kps: 0.0000, loss: 0.7822
2026-10-06 22:14:02,928 - mmdet - INFO - Epoch [6][450/4741]	lr: 1.000e-05, eta: 0:21:33, time: 0.296, data_time: 0.018, memory: 13344, loss_cls: 0.4075, loss_bbox: 0.3966, loss_kps: 0.0000, loss: 0.8041
2026-10-06 22:14:17,860 - mmdet - INFO - Epoch [6][500/4741]	lr: 1.000e-05, eta: 0:21:18, time: 0.299, data_time: 0.019, memory: 13344, loss_cls: 0.4147, loss_bbox: 0.3958, loss_kps: 0.0000, loss: 0.8106
2026-10-06 22:14:32,712 - mmdet - INFO - Epoch [6][550/4741]	lr: 1.000e-05, eta: 0:21:03, time: 0.297, data_time: 0.018, memory: 13344, loss_cls: 0.4244, loss_bbox: 0.3947, loss_kps: 0.0000, loss: 0.8191
2026-10-06 22:14:47,913 - mmdet - INFO - Epoch [6][600/4741]	lr: 1.000e-05, eta: 0:20:48, time: 0.304, data_time: 0.019, memory: 13344, loss_cls: 0.3982, loss_bbox: 0.3794, loss_kps: 0.0000, loss: 0.7776
2026-10-06 22:15:02,900 - mmdet - INFO - Epoch [6][650/4741]	lr: 1.000e-05, eta: 0:20:33, time: 0.300, data_time: 0.020, memory: 13344, loss_cls: 0.3971, loss_bbox: 0.3821, loss_kps: 0.0000, loss: 0.7792
2026-10-06 22:15:17,806 - mmdet - INFO - Epoch [6][700/4741]	lr: 1.000e-05, eta: 0:20:17, time: 0.298, data_time: 0.019, memory: 13344, loss_cls: 0.4203, loss_bbox: 0.3942, loss_kps: 0.0000, loss: 0.8145
2026-10-06 22:15:32,810 - mmdet - INFO - Epoch [6][750/4741]	lr: 1.000e-05, eta: 0:20:02, time: 0.300, data_time: 0.021, memory: 13344, loss_cls: 0.4126, loss_bbox: 0.3886, loss_kps: 0.0000, loss: 0.8012
2026-10-06 22:15:47,732 - mmdet - INFO - Epoch [6][800/4741]	lr: 1.000e-05, eta: 0:19:47, time: 0.298, data_time: 0.018, memory: 13344, loss_cls: 0.4138, loss_bbox: 0.3896, loss_kps: 0.0000, loss: 0.8034
2026-10-06 22:16:02,583 - mmdet - INFO - Epoch [6][850/4741]	lr: 1.000e-05, eta: 0:19:32, time: 0.297, data_time: 0.018, memory: 13344, loss_cls: 0.4273, loss_bbox: 0.3828, loss_kps: 0.0000, loss: 0.8101
2026-10-06 22:16:17,532 - mmdet - INFO - Epoch [6][900/4741]	lr: 1.000e-05, eta: 0:19:17, time: 0.299, data_time: 0.018, memory: 13344, loss_cls: 0.3969, loss_bbox: 0.3764, loss_kps: 0.0000, loss: 0.7733
2026-10-06 22:16:32,556 - mmdet - INFO - Epoch [6][950/4741]	lr: 1.000e-05, eta: 0:19:02, time: 0.300, data_time: 0.019, memory: 13344, loss_cls: 0.4001, loss_bbox: 0.3759, loss_kps: 0.0000, loss: 0.7760
2026-10-06 22:16:47,409 - mmdet - INFO - Epoch [6][1000/4741]	lr: 1.000e-05, eta: 0:18:47, time: 0.297, data_time: 0.018, memory: 13344, loss_cls: 0.4261, loss_bbox: 0.3993, loss_kps: 0.0000, loss: 0.8254
2026-10-06 22:17:02,237 - mmdet - INFO - Epoch [6][1050/4741]	lr: 1.000e-05, eta: 0:18:32, time: 0.297, data_time: 0.020, memory: 13344, loss_cls: 0.4083, loss_bbox: 0.3882, loss_kps: 0.0000, loss: 0.7965
2026-10-06 22:17:17,188 - mmdet - INFO - Epoch [6][1100/4741]	lr: 1.000e-05, eta: 0:18:17, time: 0.299, data_time: 0.019, memory: 13344, loss_cls: 0.4024, loss_bbox: 0.3964, loss_kps: 0.0000, loss: 0.7988
2026-10-06 22:17:32,617 - mmdet - INFO - Epoch [6][1150/4741]	lr: 1.000e-05, eta: 0:18:02, time: 0.309, data_time: 0.020, memory: 13344, loss_cls: 0.4009, loss_bbox: 0.3906, loss_kps: 0.0000, loss: 0.7915
2026-10-06 22:17:47,927 - mmdet - INFO - Epoch [6][1200/4741]	lr: 1.000e-05, eta: 0:17:47, time: 0.306, data_time: 0.019, memory: 13344, loss_cls: 0.4167, loss_bbox: 0.3982, loss_kps: 0.0000, loss: 0.8149
2026-10-06 22:18:02,937 - mmdet - INFO - Epoch [6][1250/4741]	lr: 1.000e-05, eta: 0:17:32, time: 0.300, data_time: 0.019, memory: 13344, loss_cls: 0.4095, loss_bbox: 0.3832, loss_kps: 0.0000, loss: 0.7927
2026-10-06 22:18:18,155 - mmdet - INFO - Epoch [6][1300/4741]	lr: 1.000e-05, eta: 0:17:17, time: 0.304, data_time: 0.019, memory: 13344, loss_cls: 0.4190, loss_bbox: 0.3856, loss_kps: 0.0000, loss: 0.8046
2026-10-06 22:18:33,071 - mmdet - INFO - Epoch [6][1350/4741]	lr: 1.000e-05, eta: 0:17:01, time: 0.298, data_time: 0.019, memory: 13344, loss_cls: 0.4181, loss_bbox: 0.3892, loss_kps: 0.0000, loss: 0.8073
2026-10-06 22:18:47,878 - mmdet - INFO - Epoch [6][1400/4741]	lr: 1.000e-05, eta: 0:16:46, time: 0.296, data_time: 0.020, memory: 13344, loss_cls: 0.4232, loss_bbox: 0.3873, loss_kps: 0.0000, loss: 0.8105
2026-10-06 22:19:03,010 - mmdet - INFO - Epoch [6][1450/4741]	lr: 1.000e-05, eta: 0:16:31, time: 0.303, data_time: 0.021, memory: 13344, loss_cls: 0.4118, loss_bbox: 0.3841, loss_kps: 0.0000, loss: 0.7959
2026-10-06 22:19:18,292 - mmdet - INFO - Epoch [6][1500/4741]	lr: 1.000e-05, eta: 0:16:16, time: 0.306, data_time: 0.018, memory: 13344, loss_cls: 0.3940, loss_bbox: 0.3746, loss_kps: 0.0000, loss: 0.7685
2026-10-06 22:19:33,280 - mmdet - INFO - Epoch [6][1550/4741]	lr: 1.000e-05, eta: 0:16:01, time: 0.300, data_time: 0.019, memory: 13344, loss_cls: 0.4041, loss_bbox: 0.3922, loss_kps: 0.0000, loss: 0.7964
2026-10-06 22:19:48,413 - mmdet - INFO - Epoch [6][1600/4741]	lr: 1.000e-05, eta: 0:15:46, time: 0.303, data_time: 0.019, memory: 13344, loss_cls: 0.4088, loss_bbox: 0.3844, loss_kps: 0.0000, loss: 0.7932
2026-10-06 22:20:03,351 - mmdet - INFO - Epoch [6][1650/4741]	lr: 1.000e-05, eta: 0:15:31, time: 0.299, data_time: 0.018, memory: 13344, loss_cls: 0.3821, loss_bbox: 0.3765, loss_kps: 0.0000, loss: 0.7587
2026-10-06 22:20:18,241 - mmdet - INFO - Epoch [6][1700/4741]	lr: 1.000e-05, eta: 0:15:16, time: 0.298, data_time: 0.018, memory: 13344, loss_cls: 0.4205, loss_bbox: 0.3854, loss_kps: 0.0000, loss: 0.8059
2026-10-06 22:20:33,064 - mmdet - INFO - Epoch [6][1750/4741]	lr: 1.000e-05, eta: 0:15:01, time: 0.296, data_time: 0.021, memory: 13344, loss_cls: 0.4062, loss_bbox: 0.3886, loss_kps: 0.0000, loss: 0.7948
2026-10-06 22:20:47,938 - mmdet - INFO - Epoch [6][1800/4741]	lr: 1.000e-05, eta: 0:14:46, time: 0.297, data_time: 0.018, memory: 13344, loss_cls: 0.3997, loss_bbox: 0.3824, loss_kps: 0.0000, loss: 0.7820
2026-10-06 22:21:03,505 - mmdet - INFO - Epoch [6][1850/4741]	lr: 1.000e-05, eta: 0:14:31, time: 0.311, data_time: 0.019, memory: 13344, loss_cls: 0.4166, loss_bbox: 0.3966, loss_kps: 0.0000, loss: 0.8132
2026-10-06 22:21:18,458 - mmdet - INFO - Epoch [6][1900/4741]	lr: 1.000e-05, eta: 0:14:16, time: 0.299, data_time: 0.017, memory: 13344, loss_cls: 0.4140, loss_bbox: 0.3866, loss_kps: 0.0000, loss: 0.8006
2026-10-06 22:21:33,167 - mmdet - INFO - Epoch [6][1950/4741]	lr: 1.000e-05, eta: 0:14:01, time: 0.294, data_time: 0.018, memory: 13344, loss_cls: 0.4164, loss_bbox: 0.3813, loss_kps: 0.0000, loss: 0.7977
2026-10-06 22:21:48,023 - mmdet - INFO - Epoch [6][2000/4741]	lr: 1.000e-05, eta: 0:13:45, time: 0.297, data_time: 0.018, memory: 13344, loss_cls: 0.4147, loss_bbox: 0.3814, loss_kps: 0.0000, loss: 0.7961
2026-10-06 22:22:02,955 - mmdet - INFO - Epoch [6][2050/4741]	lr: 1.000e-05, eta: 0:13:30, time: 0.299, data_time: 0.021, memory: 13344, loss_cls: 0.4181, loss_bbox: 0.3973, loss_kps: 0.0000, loss: 0.8154
2026-10-06 22:22:17,879 - mmdet - INFO - Epoch [6][2100/4741]	lr: 1.000e-05, eta: 0:13:15, time: 0.298, data_time: 0.020, memory: 13344, loss_cls: 0.4152, loss_bbox: 0.3838, loss_kps: 0.0000, loss: 0.7991
2026-10-06 22:22:32,811 - mmdet - INFO - Epoch [6][2150/4741]	lr: 1.000e-05, eta: 0:13:00, time: 0.299, data_time: 0.019, memory: 13344, loss_cls: 0.4187, loss_bbox: 0.3864, loss_kps: 0.0000, loss: 0.8051
2026-10-06 22:22:47,887 - mmdet - INFO - Epoch [6][2200/4741]	lr: 1.000e-05, eta: 0:12:45, time: 0.302, data_time: 0.020, memory: 13344, loss_cls: 0.3900, loss_bbox: 0.3832, loss_kps: 0.0000, loss: 0.7732
2026-10-06 22:23:02,662 - mmdet - INFO - Epoch [6][2250/4741]	lr: 1.000e-05, eta: 0:12:30, time: 0.295, data_time: 0.018, memory: 13344, loss_cls: 0.3987, loss_bbox: 0.3926, loss_kps: 0.0000, loss: 0.7914
2026-10-06 22:23:17,392 - mmdet - INFO - Epoch [6][2300/4741]	lr: 1.000e-05, eta: 0:12:15, time: 0.295, data_time: 0.019, memory: 13344, loss_cls: 0.4226, loss_bbox: 0.3936, loss_kps: 0.0000, loss: 0.8162
2026-10-06 22:23:32,216 - mmdet - INFO - Epoch [6][2350/4741]	lr: 1.000e-05, eta: 0:12:00, time: 0.296, data_time: 0.019, memory: 13344, loss_cls: 0.4009, loss_bbox: 0.3922, loss_kps: 0.0000, loss: 0.7931
2026-10-06 22:23:46,996 - mmdet - INFO - Epoch [6][2400/4741]	lr: 1.000e-05, eta: 0:11:45, time: 0.296, data_time: 0.018, memory: 13344, loss_cls: 0.3984, loss_bbox: 0.3879, loss_kps: 0.0000, loss: 0.7864
2026-10-06 22:24:01,860 - mmdet - INFO - Epoch [6][2450/4741]	lr: 1.000e-05, eta: 0:11:30, time: 0.297, data_time: 0.021, memory: 13344, loss_cls: 0.4276, loss_bbox: 0.3925, loss_kps: 0.0000, loss: 0.8202
2026-10-06 22:24:16,753 - mmdet - INFO - Epoch [6][2500/4741]	lr: 1.000e-05, eta: 0:11:15, time: 0.298, data_time: 0.019, memory: 13344, loss_cls: 0.4226, loss_bbox: 0.3905, loss_kps: 0.0000, loss: 0.8131
2026-10-06 22:24:31,701 - mmdet - INFO - Epoch [6][2550/4741]	lr: 1.000e-05, eta: 0:11:00, time: 0.299, data_time: 0.018, memory: 13344, loss_cls: 0.3872, loss_bbox: 0.3823, loss_kps: 0.0000, loss: 0.7695
2026-10-06 22:24:46,499 - mmdet - INFO - Epoch [6][2600/4741]	lr: 1.000e-05, eta: 0:10:44, time: 0.296, data_time: 0.018, memory: 13344, loss_cls: 0.4221, loss_bbox: 0.3875, loss_kps: 0.0000, loss: 0.8096
2026-10-06 22:25:01,520 - mmdet - INFO - Epoch [6][2650/4741]	lr: 1.000e-05, eta: 0:10:29, time: 0.300, data_time: 0.018, memory: 13344, loss_cls: 0.4030, loss_bbox: 0.3912, loss_kps: 0.0000, loss: 0.7942
2026-10-06 22:25:16,615 - mmdet - INFO - Epoch [6][2700/4741]	lr: 1.000e-05, eta: 0:10:14, time: 0.302, data_time: 0.019, memory: 13344, loss_cls: 0.4100, loss_bbox: 0.3873, loss_kps: 0.0000, loss: 0.7973
2026-10-06 22:25:31,533 - mmdet - INFO - Epoch [6][2750/4741]	lr: 1.000e-05, eta: 0:09:59, time: 0.298, data_time: 0.019, memory: 13344, loss_cls: 0.4150, loss_bbox: 0.3825, loss_kps: 0.0000, loss: 0.7975
2026-10-06 22:25:46,652 - mmdet - INFO - Epoch [6][2800/4741]	lr: 1.000e-05, eta: 0:09:44, time: 0.302, data_time: 0.019, memory: 13344, loss_cls: 0.4204, loss_bbox: 0.3872, loss_kps: 0.0000, loss: 0.8076
2026-10-06 22:26:01,790 - mmdet - INFO - Epoch [6][2850/4741]	lr: 1.000e-05, eta: 0:09:29, time: 0.303, data_time: 0.021, memory: 13344, loss_cls: 0.4121, loss_bbox: 0.3899, loss_kps: 0.0000, loss: 0.8021
2026-10-06 22:26:16,872 - mmdet - INFO - Epoch [6][2900/4741]	lr: 1.000e-05, eta: 0:09:14, time: 0.302, data_time: 0.019, memory: 13344, loss_cls: 0.4346, loss_bbox: 0.3988, loss_kps: 0.0000, loss: 0.8334
2026-10-06 22:26:31,863 - mmdet - INFO - Epoch [6][2950/4741]	lr: 1.000e-05, eta: 0:08:59, time: 0.300, data_time: 0.019, memory: 13344, loss_cls: 0.3980, loss_bbox: 0.3859, loss_kps: 0.0000, loss: 0.7839
2026-10-06 22:26:46,784 - mmdet - INFO - Epoch [6][3000/4741]	lr: 1.000e-05, eta: 0:08:44, time: 0.298, data_time: 0.019, memory: 13344, loss_cls: 0.4319, loss_bbox: 0.3832, loss_kps: 0.0000, loss: 0.8151
2026-10-06 22:27:01,612 - mmdet - INFO - Epoch [6][3050/4741]	lr: 1.000e-05, eta: 0:08:29, time: 0.297, data_time: 0.018, memory: 13344, loss_cls: 0.4141, loss_bbox: 0.3865, loss_kps: 0.0000, loss: 0.8007
2026-10-06 22:27:16,934 - mmdet - INFO - Epoch [6][3100/4741]	lr: 1.000e-05, eta: 0:08:14, time: 0.306, data_time: 0.019, memory: 13344, loss_cls: 0.4120, loss_bbox: 0.3930, loss_kps: 0.0000, loss: 0.8050
2026-10-06 22:27:31,845 - mmdet - INFO - Epoch [6][3150/4741]	lr: 1.000e-05, eta: 0:07:59, time: 0.298, data_time: 0.017, memory: 13344, loss_cls: 0.4130, loss_bbox: 0.3915, loss_kps: 0.0000, loss: 0.8045
2026-10-06 22:27:47,291 - mmdet - INFO - Epoch [6][3200/4741]	lr: 1.000e-05, eta: 0:07:44, time: 0.309, data_time: 0.018, memory: 13344, loss_cls: 0.4005, loss_bbox: 0.3771, loss_kps: 0.0000, loss: 0.7776
2026-10-06 22:28:02,266 - mmdet - INFO - Epoch [6][3250/4741]	lr: 1.000e-05, eta: 0:07:29, time: 0.299, data_time: 0.020, memory: 13344, loss_cls: 0.4029, loss_bbox: 0.3866, loss_kps: 0.0000, loss: 0.7894
2026-10-06 22:28:17,386 - mmdet - INFO - Epoch [6][3300/4741]	lr: 1.000e-05, eta: 0:07:14, time: 0.303, data_time: 0.019, memory: 13344, loss_cls: 0.4207, loss_bbox: 0.3975, loss_kps: 0.0000, loss: 0.8182
2026-10-06 22:28:32,333 - mmdet - INFO - Epoch [6][3350/4741]	lr: 1.000e-05, eta: 0:06:59, time: 0.299, data_time: 0.020, memory: 13344, loss_cls: 0.4200, loss_bbox: 0.3870, loss_kps: 0.0000, loss: 0.8071
2026-10-06 22:28:47,151 - mmdet - INFO - Epoch [6][3400/4741]	lr: 1.000e-05, eta: 0:06:43, time: 0.296, data_time: 0.020, memory: 13344, loss_cls: 0.4018, loss_bbox: 0.3825, loss_kps: 0.0000, loss: 0.7842
2026-10-06 22:29:02,190 - mmdet - INFO - Epoch [6][3450/4741]	lr: 1.000e-05, eta: 0:06:28, time: 0.301, data_time: 0.019, memory: 13344, loss_cls: 0.4285, loss_bbox: 0.3854, loss_kps: 0.0000, loss: 0.8140
2026-10-06 22:29:16,953 - mmdet - INFO - Epoch [6][3500/4741]	lr: 1.000e-05, eta: 0:06:13, time: 0.295, data_time: 0.019, memory: 13344, loss_cls: 0.4027, loss_bbox: 0.3830, loss_kps: 0.0000, loss: 0.7858
2026-10-06 22:29:31,937 - mmdet - INFO - Epoch [6][3550/4741]	lr: 1.000e-05, eta: 0:05:58, time: 0.300, data_time: 0.018, memory: 13344, loss_cls: 0.3970, loss_bbox: 0.3841, loss_kps: 0.0000, loss: 0.7811
2026-10-06 22:29:47,283 - mmdet - INFO - Epoch [6][3600/4741]	lr: 1.000e-05, eta: 0:05:43, time: 0.307, data_time: 0.019, memory: 13344, loss_cls: 0.4058, loss_bbox: 0.3836, loss_kps: 0.0000, loss: 0.7894
2026-10-06 22:30:02,380 - mmdet - INFO - Epoch [6][3650/4741]	lr: 1.000e-05, eta: 0:05:28, time: 0.302, data_time: 0.020, memory: 13344, loss_cls: 0.3984, loss_bbox: 0.3764, loss_kps: 0.0000, loss: 0.7748
2026-10-06 22:30:17,240 - mmdet - INFO - Epoch [6][3700/4741]	lr: 1.000e-05, eta: 0:05:13, time: 0.297, data_time: 0.020, memory: 13344, loss_cls: 0.3874, loss_bbox: 0.3766, loss_kps: 0.0000, loss: 0.7640
2026-10-06 22:30:32,495 - mmdet - INFO - Epoch [6][3750/4741]	lr: 1.000e-05, eta: 0:04:58, time: 0.305, data_time: 0.021, memory: 13344, loss_cls: 0.3963, loss_bbox: 0.3841, loss_kps: 0.0000, loss: 0.7804
2026-10-06 22:30:47,547 - mmdet - INFO - Epoch [6][3800/4741]	lr: 1.000e-05, eta: 0:04:43, time: 0.301, data_time: 0.019, memory: 13344, loss_cls: 0.4048, loss_bbox: 0.3834, loss_kps: 0.0000, loss: 0.7882
2026-10-06 22:31:02,476 - mmdet - INFO - Epoch [6][3850/4741]	lr: 1.000e-05, eta: 0:04:28, time: 0.299, data_time: 0.019, memory: 13344, loss_cls: 0.4118, loss_bbox: 0.3892, loss_kps: 0.0000, loss: 0.8010
2026-10-06 22:31:17,523 - mmdet - INFO - Epoch [6][3900/4741]	lr: 1.000e-05, eta: 0:04:13, time: 0.301, data_time: 0.020, memory: 13344, loss_cls: 0.3990, loss_bbox: 0.3748, loss_kps: 0.0000, loss: 0.7738
2026-10-06 22:31:32,429 - mmdet - INFO - Epoch [6][3950/4741]	lr: 1.000e-05, eta: 0:03:58, time: 0.298, data_time: 0.018, memory: 13344, loss_cls: 0.3995, loss_bbox: 0.4004, loss_kps: 0.0000, loss: 0.7998
2026-10-06 22:31:47,451 - mmdet - INFO - Epoch [6][4000/4741]	lr: 1.000e-05, eta: 0:03:43, time: 0.300, data_time: 0.019, memory: 13344, loss_cls: 0.4012, loss_bbox: 0.3912, loss_kps: 0.0000, loss: 0.7924
2026-10-06 22:32:02,221 - mmdet - INFO - Epoch [6][4050/4741]	lr: 1.000e-05, eta: 0:03:28, time: 0.295, data_time: 0.019, memory: 13344, loss_cls: 0.4005, loss_bbox: 0.3832, loss_kps: 0.0000, loss: 0.7837
2026-10-06 22:32:16,964 - mmdet - INFO - Epoch [6][4100/4741]	lr: 1.000e-05, eta: 0:03:13, time: 0.295, data_time: 0.020, memory: 13344, loss_cls: 0.4133, loss_bbox: 0.3807, loss_kps: 0.0000, loss: 0.7941
2026-10-06 22:32:31,861 - mmdet - INFO - Epoch [6][4150/4741]	lr: 1.000e-05, eta: 0:02:58, time: 0.298, data_time: 0.020, memory: 13344, loss_cls: 0.4079, loss_bbox: 0.3912, loss_kps: 0.0000, loss: 0.7991
2026-10-06 22:32:46,680 - mmdet - INFO - Epoch [6][4200/4741]	lr: 1.000e-05, eta: 0:02:42, time: 0.296, data_time: 0.020, memory: 13344, loss_cls: 0.4339, loss_bbox: 0.3899, loss_kps: 0.0000, loss: 0.8238
2026-10-06 22:33:01,431 - mmdet - INFO - Epoch [6][4250/4741]	lr: 1.000e-05, eta: 0:02:27, time: 0.295, data_time: 0.019, memory: 13344, loss_cls: 0.4110, loss_bbox: 0.3847, loss_kps: 0.0000, loss: 0.7957
2026-10-06 22:33:16,341 - mmdet - INFO - Epoch [6][4300/4741]	lr: 1.000e-05, eta: 0:02:12, time: 0.298, data_time: 0.019, memory: 13344, loss_cls: 0.4043, loss_bbox: 0.3741, loss_kps: 0.0000, loss: 0.7784
2026-10-06 22:33:31,313 - mmdet - INFO - Epoch [6][4350/4741]	lr: 1.000e-05, eta: 0:01:57, time: 0.299, data_time: 0.019, memory: 13344, loss_cls: 0.4070, loss_bbox: 0.3795, loss_kps: 0.0000, loss: 0.7865
2026-10-06 22:33:46,229 - mmdet - INFO - Epoch [6][4400/4741]	lr: 1.000e-05, eta: 0:01:42, time: 0.298, data_time: 0.019, memory: 13344, loss_cls: 0.4181, loss_bbox: 0.3922, loss_kps: 0.0000, loss: 0.8103
2026-10-06 22:34:01,155 - mmdet - INFO - Epoch [6][4450/4741]	lr: 1.000e-05, eta: 0:01:27, time: 0.299, data_time: 0.020, memory: 13344, loss_cls: 0.4285, loss_bbox: 0.3955, loss_kps: 0.0000, loss: 0.8240
2026-10-06 22:34:16,196 - mmdet - INFO - Epoch [6][4500/4741]	lr: 1.000e-05, eta: 0:01:12, time: 0.301, data_time: 0.018, memory: 13344, loss_cls: 0.4024, loss_bbox: 0.3805, loss_kps: 0.0000, loss: 0.7829
2026-10-06 22:34:30,888 - mmdet - INFO - Epoch [6][4550/4741]	lr: 1.000e-05, eta: 0:00:57, time: 0.294, data_time: 0.019, memory: 13344, loss_cls: 0.4108, loss_bbox: 0.3873, loss_kps: 0.0000, loss: 0.7981
2026-10-06 22:34:45,714 - mmdet - INFO - Epoch [6][4600/4741]	lr: 1.000e-05, eta: 0:00:42, time: 0.296, data_time: 0.019, memory: 13344, loss_cls: 0.4058, loss_bbox: 0.3733, loss_kps: 0.0000, loss: 0.7792
2026-10-06 22:35:00,485 - mmdet - INFO - Epoch [6][4650/4741]	lr: 1.000e-05, eta: 0:00:27, time: 0.295, data_time: 0.020, memory: 13344, loss_cls: 0.4036, loss_bbox: 0.3858, loss_kps: 0.0000, loss: 0.7894
2026-10-06 22:35:15,298 - mmdet - INFO - Epoch [6][4700/4741]	lr: 1.000e-05, eta: 0:00:12, time: 0.296, data_time: 0.020, memory: 13344, loss_cls: 0.4157, loss_bbox: 0.3950, loss_kps: 0.0000, loss: 0.8107
2026-10-06 22:35:23,980 - mmdet - INFO - Saving checkpoint at 6 epochs
