image,reviewed
20260515_080706_YPFFJB_007_f001070.jpg,1
20260515_080706_YPFFJB_007_f002985.jpg,1
20260515_080706_YPFFJB_007_f002990.jpg,1
20260515_080706_YPFFJB_007_f002995.jpg,1
20260515_080706_YPFFJB_007_f003000.jpg,1
20260515_080706_YPFFJB_007_f003005.jpg,1
20260515_080706_YPFFJB_007_f003010.jpg,1
20260515_080706_YPFFJB_007_f003015.jpg,1
20260515_080706_YPFFJB_007_f007765.jpg,1
20260515_080706_YPFFJB_007_f007770.jpg,1
20260515_080706_YPFFJB_007_f007775.jpg,1
20260515_080706_YPFFJB_007_f007780.jpg,1
20260515_080706_YPFFJB_007_f007785.jpg,1
20260515_080706_YPFFJB_007_f007790.jpg,1
20260515_080706_YPFFJB_007_f007795.jpg,1
20260515_080706_YPFFJB_007_f007800.jpg,1
20260515_080706_YPFFJB_007_f007805.jpg,1
20260515_080706_YPFFJB_007_f007810.jpg,1
20260515_080706_YPFFJB_007_f007815.jpg,1
20260515_080706_YPFFJB_007_f007820.jpg,1
20260515_080706_YPFFJB_007_f007825.jpg,1
20260515_080706_YPFFJB_007_f007830.jpg,1
20260515_080706_YPFFJB_007_f007835.jpg,1
20260515_080706_YPFFJB_007_f007840.jpg,1
20260515_080706_YPFFJB_007_f007850.jpg,1
20260515_080706_YPFFJB_007_f007855.jpg,1
20260515_080706_YPFFJB_007_f008535.jpg,1
20260515_081443_BUXVDW_011_f000000.jpg,1
20260515_081443_BUXVDW_011_f000005.jpg,1
20260515_081443_BUXVDW_011_f000010.jpg,1
20260515_081443_BUXVDW_011_f000015.jpg,1
20260515_081443_BUXVDW_011_f000020.jpg,1
20260515_081443_BUXVDW_011_f000025.jpg,1
20260515_081443_BUXVDW_011_f000030.jpg,1
20260515_081443_BUXVDW_011_f000035.jpg,1
20260515_081443_BUXVDW_011_f000040.jpg,1
20260515_081443_BUXVDW_011_f000045.jpg,1
20260515_081443_BUXVDW_011_f000050.jpg,1
20260515_081443_BUXVDW_011_f000055.jpg,1
20260515_081443_BUXVDW_011_f000060.jpg,1
20260515_081443_BUXVDW_011_f000065.jpg,1
20260515_081443_BUXVDW_011_f000070.jpg,1
20260515_081443_BUXVDW_011_f000075.jpg,1
20260515_081443_BUXVDW_011_f000080.jpg,1
20260515_081443_BUXVDW_011_f000085.jpg,1
20260515_081443_BUXVDW_011_f000090.jpg,1
20260515_081443_BUXVDW_011_f000095.jpg,1
20260515_081443_BUXVDW_011_f000100.jpg,1
20260515_081443_BUXVDW_011_f000105.jpg,1
20260515_081443_BUXVDW_011_f000110.jpg,1
20260515_081443_BUXVDW_011_f000115.jpg,1
20260515_081443_BUXVDW_011_f000120.jpg,1
20260515_081443_BUXVDW_011_f000125.jpg,1
20260515_081443_BUXVDW_011_f000130.jpg,1
20260515_081443_BUXVDW_011_f000135.jpg,1
20260515_081443_BUXVDW_011_f000140.jpg,1
20260515_081443_BUXVDW_011_f000145.jpg,1
20260515_081443_BUXVDW_011_f000150.jpg,1
20260515_081443_BUXVDW_011_f000155.jpg,1
20260515_081443_BUXVDW_011_f000160.jpg,1
20260515_081443_BUXVDW_011_f000165.jpg,1
20260515_081443_BUXVDW_011_f000170.jpg,1
20260515_081443_BUXVDW_011_f000175.jpg,1
20260515_081443_BUXVDW_011_f000180.jpg,1
20260515_081443_BUXVDW_011_f000185.jpg,1
20260515_081443_BUXVDW_011_f000190.jpg,1
20260515_081443_BUXVDW_011_f000195.jpg,1
20260515_081443_BUXVDW_011_f000200.jpg,1
20260515_081443_BUXVDW_011_f000205.jpg,1
20260515_081443_BUXVDW_011_f000210.jpg,1
20260515_081443_BUXVDW_011_f000215.jpg,1
20260515_081443_BUXVDW_011_f000220.jpg,1
20260515_081443_BUXVDW_011_f000225.jpg,1
20260515_081443_BUXVDW_011_f000230.jpg,1
20260515_081443_BUXVDW_011_f000235.jpg,1
20260515_081443_BUXVDW_011_f000240.jpg,1
20260515_081443_BUXVDW_011_f000245.jpg,1
20260515_081443_BUXVDW_011_f000250.jpg,1
20260515_081443_BUXVDW_011_f000255.jpg,1
20260515_081443_BUXVDW_011_f000260.jpg,1
20260515_081443_BUXVDW_011_f000265.jpg,1
20260515_081443_BUXVDW_011_f000270.jpg,1
20260515_081443_BUXVDW_011_f000275.jpg,1
20260515_081443_BUXVDW_011_f000280.jpg,1
20260515_081443_BUXVDW_011_f000285.jpg,1
20260515_081443_BUXVDW_011_f000290.jpg,1
20260515_081443_BUXVDW_011_f000295.jpg,1
20260515_081443_BUXVDW_011_f000300.jpg,1
20260515_081443_BUXVDW_011_f000305.jpg,1
20260515_081443_BUXVDW_011_f000310.jpg,1
20260515_081443_BUXVDW_011_f000315.jpg,1
20260515_081443_BUXVDW_011_f000320.jpg,1
20260515_081443_BUXVDW_011_f000325.jpg,1
20260515_081443_BUXVDW_011_f000330.jpg,1
20260515_081443_BUXVDW_011_f000335.jpg,1
20260515_081443_BUXVDW_011_f000340.jpg,1
20260515_081443_BUXVDW_011_f000345.jpg,1
20260515_081443_BUXVDW_011_f000350.jpg,1
20260515_081443_BUXVDW_011_f000355.jpg,1
20260515_081443_BUXVDW_011_f000360.jpg,1
20260515_081443_BUXVDW_011_f000365.jpg,1
20260515_081443_BUXVDW_011_f000370.jpg,1
20260515_081443_BUXVDW_011_f000375.jpg,1
20260515_081443_BUXVDW_011_f000380.jpg,1
20260515_081443_BUXVDW_011_f000385.jpg,1
20260515_081443_BUXVDW_011_f000390.jpg,1
20260515_081443_BUXVDW_011_f000395.jpg,1
20260515_081443_BUXVDW_011_f000400.jpg,1
20260515_081443_BUXVDW_011_f000405.jpg,1
20260515_081443_BUXVDW_011_f000410.jpg,1
20260515_081443_BUXVDW_011_f000415.jpg,1
20260515_081443_BUXVDW_011_f000420.jpg,1
20260515_081443_BUXVDW_011_f000425.jpg,1
20260515_081443_BUXVDW_011_f000430.jpg,1
20260515_081443_BUXVDW_011_f000435.jpg,1
20260515_081443_BUXVDW_011_f000440.jpg,1
20260515_081443_BUXVDW_011_f000445.jpg,1
20260515_081443_BUXVDW_011_f000450.jpg,1
20260515_081443_BUXVDW_011_f000455.jpg,1
20260515_081443_BUXVDW_011_f000460.jpg,1
20260515_081443_BUXVDW_011_f000465.jpg,1
20260515_081443_BUXVDW_011_f000470.jpg,1
20260515_081443_BUXVDW_011_f000475.jpg,1
20260515_081443_BUXVDW_011_f000480.jpg,1
20260515_081443_BUXVDW_011_f000485.jpg,1
20260515_081443_BUXVDW_011_f000490.jpg,1
20260515_081443_BUXVDW_011_f000495.jpg,1
20260515_081443_BUXVDW_011_f000500.jpg,1
20260515_081443_BUXVDW_011_f000505.jpg,1
20260515_081443_BUXVDW_011_f000510.jpg,1
20260515_081443_BUXVDW_011_f000515.jpg,1
20260515_081443_BUXVDW_011_f000520.jpg,1
20260515_081443_BUXVDW_011_f000525.jpg,1
20260515_081443_BUXVDW_011_f000530.jpg,1
20260515_081443_BUXVDW_011_f000535.jpg,1
20260515_081443_BUXVDW_011_f000540.jpg,1
20260515_081443_BUXVDW_011_f000545.jpg,1
20260515_081443_BUXVDW_011_f000550.jpg,1
20260515_081443_BUXVDW_011_f000555.jpg,1
20260515_081443_BUXVDW_011_f000560.jpg,1
20260515_081443_BUXVDW_011_f000565.jpg,1
20260515_081443_BUXVDW_011_f000570.jpg,1
20260515_081443_BUXVDW_011_f000575.jpg,1
20260515_081443_BUXVDW_011_f000580.jpg,1
20260515_081443_BUXVDW_011_f000585.jpg,1
20260515_081443_BUXVDW_011_f000590.jpg,1
20260515_081443_BUXVDW_011_f000595.jpg,1
20260515_081443_BUXVDW_011_f000600.jpg,1
20260515_081443_BUXVDW_011_f000605.jpg,1
20260515_081443_BUXVDW_011_f000610.jpg,1
20260515_081443_BUXVDW_011_f000615.jpg,1
20260515_081443_BUXVDW_011_f000620.jpg,1
20260515_081443_BUXVDW_011_f000625.jpg,1
20260515_081443_BUXVDW_011_f000630.jpg,1
20260515_081443_BUXVDW_011_f000635.jpg,1
20260515_081443_BUXVDW_011_f000640.jpg,1
20260515_081443_BUXVDW_011_f000645.jpg,1
20260515_081443_BUXVDW_011_f000650.jpg,1
20260515_081443_BUXVDW_011_f000655.jpg,1
20260515_081443_BUXVDW_011_f000660.jpg,1
20260515_081443_BUXVDW_011_f000665.jpg,1
20260515_081443_BUXVDW_011_f000670.jpg,1
20260515_081443_BUXVDW_011_f000675.jpg,1
20260515_081443_BUXVDW_011_f000680.jpg,1
20260515_081443_BUXVDW_011_f000685.jpg,1
20260515_081443_BUXVDW_011_f000690.jpg,1
20260515_081443_BUXVDW_011_f000695.jpg,1
20260515_081443_BUXVDW_011_f000700.jpg,1
20260515_081443_BUXVDW_011_f000705.jpg,1
20260515_081443_BUXVDW_011_f000710.jpg,1
20260515_081443_BUXVDW_011_f000715.jpg,1
20260515_081443_BUXVDW_011_f000720.jpg,1
20260515_081443_BUXVDW_011_f000725.jpg,1
20260515_081443_BUXVDW_011_f000730.jpg,1
20260515_081443_BUXVDW_011_f000735.jpg,1
20260515_081443_BUXVDW_011_f000740.jpg,1
20260515_081443_BUXVDW_011_f000745.jpg,1
20260515_081443_BUXVDW_011_f000750.jpg,1
20260515_081443_BUXVDW_011_f000755.jpg,1
20260515_081443_BUXVDW_011_f000760.jpg,1
20260515_081443_BUXVDW_011_f000765.jpg,1
20260515_081443_BUXVDW_011_f000770.jpg,1
20260515_081443_BUXVDW_011_f000775.jpg,1
20260515_081443_BUXVDW_011_f000780.jpg,1
20260515_081443_BUXVDW_011_f000785.jpg,1
20260515_081443_BUXVDW_011_f000790.jpg,1
20260515_081443_BUXVDW_011_f000795.jpg,1
20260515_081443_BUXVDW_011_f000800.jpg,1
20260515_081443_BUXVDW_011_f000805.jpg,1
20260515_081443_BUXVDW_011_f000810.jpg,1
20260515_081443_BUXVDW_011_f000815.jpg,1
20260515_081443_BUXVDW_011_f000820.jpg,1
20260515_081443_BUXVDW_011_f000825.jpg,1
20260515_081443_BUXVDW_011_f000830.jpg,1
20260515_081443_BUXVDW_011_f000835.jpg,1
20260515_081443_BUXVDW_011_f000840.jpg,1
20260515_081443_BUXVDW_011_f000845.jpg,1
20260515_081443_BUXVDW_011_f000850.jpg,1
20260515_081443_BUXVDW_011_f000855.jpg,1
20260515_081443_BUXVDW_011_f000860.jpg,1
20260515_081443_BUXVDW_011_f000865.jpg,1
20260515_081443_BUXVDW_011_f000870.jpg,1
20260515_081443_BUXVDW_011_f000875.jpg,1
20260515_081443_BUXVDW_011_f000880.jpg,1
20260515_081443_BUXVDW_011_f000885.jpg,1
20260515_081443_BUXVDW_011_f000890.jpg,1
20260515_081443_BUXVDW_011_f000895.jpg,1
20260515_081443_BUXVDW_011_f000900.jpg,1
20260515_081443_BUXVDW_011_f000905.jpg,1
20260515_081443_BUXVDW_011_f000910.jpg,1
20260515_081443_BUXVDW_011_f000915.jpg,1
20260515_081443_BUXVDW_011_f000920.jpg,1
20260515_081443_BUXVDW_011_f000925.jpg,1
20260515_081443_BUXVDW_011_f000930.jpg,1
20260515_081443_BUXVDW_011_f000935.jpg,1
20260515_081443_BUXVDW_011_f000940.jpg,1
20260515_081443_BUXVDW_011_f000945.jpg,1
20260515_081443_BUXVDW_011_f000950.jpg,1
20260515_081443_BUXVDW_011_f000955.jpg,1
20260515_081443_BUXVDW_011_f000960.jpg,1
20260515_081443_BUXVDW_011_f000965.jpg,1
20260515_081443_BUXVDW_011_f000970.jpg,1
20260515_081443_BUXVDW_011_f000975.jpg,1
20260515_081443_BUXVDW_011_f000980.jpg,1
20260515_081443_BUXVDW_011_f000985.jpg,1
20260515_081443_BUXVDW_011_f000990.jpg,1
20260515_081443_BUXVDW_011_f000995.jpg,1
20260515_081443_BUXVDW_011_f001000.jpg,1
20260515_081443_BUXVDW_011_f001005.jpg,1
20260515_081443_BUXVDW_011_f001010.jpg,1
20260515_081443_BUXVDW_011_f001015.jpg,1
20260515_081443_BUXVDW_011_f001020.jpg,1
20260515_081443_BUXVDW_011_f001025.jpg,1
20260515_081443_BUXVDW_011_f001030.jpg,1
20260515_081443_BUXVDW_011_f001035.jpg,1
20260515_081443_BUXVDW_011_f001040.jpg,1
20260515_081443_BUXVDW_011_f001045.jpg,1
20260515_081443_BUXVDW_011_f001050.jpg,1
20260515_081443_BUXVDW_011_f001055.jpg,1
20260515_081443_BUXVDW_011_f001060.jpg,1
20260515_081443_BUXVDW_011_f001065.jpg,1
20260515_081443_BUXVDW_011_f001070.jpg,1
20260515_081443_BUXVDW_011_f001075.jpg,1
20260515_081443_BUXVDW_011_f001080.jpg,1
20260515_081443_BUXVDW_011_f001085.jpg,1
20260515_081443_BUXVDW_011_f001090.jpg,1
20260515_081443_BUXVDW_011_f001095.jpg,1
20260515_081443_BUXVDW_011_f001100.jpg,1
20260515_081443_BUXVDW_011_f001105.jpg,1
20260515_081443_BUXVDW_011_f001110.jpg,1
20260515_081443_BUXVDW_011_f001115.jpg,1
20260515_081443_BUXVDW_011_f001120.jpg,1
20260515_081443_BUXVDW_011_f001125.jpg,1
20260515_081443_BUXVDW_011_f001130.jpg,1
20260515_081443_BUXVDW_011_f001135.jpg,1
20260515_081443_BUXVDW_011_f001140.jpg,1
20260515_081443_BUXVDW_011_f001145.jpg,1
20260515_081443_BUXVDW_011_f001150.jpg,1
20260515_081443_BUXVDW_011_f001155.jpg,1
20260515_081443_BUXVDW_011_f001160.jpg,1
20260515_081443_BUXVDW_011_f001165.jpg,1
20260515_081443_BUXVDW_011_f001170.jpg,1
20260515_081443_BUXVDW_011_f001175.jpg,1
20260515_081443_BUXVDW_011_f001180.jpg,1
20260515_081443_BUXVDW_011_f001190.jpg,1
20260515_081443_BUXVDW_011_f001275.jpg,1
20260515_081443_BUXVDW_011_f001280.jpg,1
20260515_081443_BUXVDW_011_f001500.jpg,1
20260515_081443_BUXVDW_011_f001505.jpg,1
20260515_081443_BUXVDW_011_f001510.jpg,1
20260515_081443_BUXVDW_011_f001615.jpg,1
20260515_081443_BUXVDW_011_f001620.jpg,1
20260515_081443_BUXVDW_011_f001625.jpg,1
20260515_081443_BUXVDW_011_f001630.jpg,1
20260515_081443_BUXVDW_011_f001635.jpg,1
20260515_081443_BUXVDW_011_f001640.jpg,1
20260515_081443_BUXVDW_011_f001645.jpg,1
20260515_081443_BUXVDW_011_f001715.jpg,1
20260515_081443_BUXVDW_011_f001725.jpg,1
20260515_081443_BUXVDW_011_f001730.jpg,1
20260515_081443_BUXVDW_011_f001775.jpg,1
20260515_081443_BUXVDW_011_f001780.jpg,1
20260515_081443_BUXVDW_011_f001785.jpg,1
20260515_081443_BUXVDW_011_f001790.jpg,1
20260515_081443_BUXVDW_011_f001795.jpg,1
20260515_081443_BUXVDW_011_f001800.jpg,1
20260515_081443_BUXVDW_011_f001805.jpg,1
20260515_081443_BUXVDW_011_f001810.jpg,1
20260515_081443_BUXVDW_011_f001815.jpg,1
20260515_081443_BUXVDW_011_f001820.jpg,1
20260515_081443_BUXVDW_011_f001825.jpg,1
20260515_081443_BUXVDW_011_f001830.jpg,1
20260515_081443_BUXVDW_011_f001835.jpg,1
20260515_081443_BUXVDW_011_f002385.jpg,1
20260515_081443_BUXVDW_011_f002390.jpg,1
20260515_081443_BUXVDW_011_f002395.jpg,1
20260515_081443_BUXVDW_011_f002520.jpg,1
20260515_081443_BUXVDW_011_f002525.jpg,1
20260515_081443_BUXVDW_011_f002530.jpg,1
20260515_081443_BUXVDW_011_f002555.jpg,1
20260515_081443_BUXVDW_011_f002590.jpg,1
20260515_081443_BUXVDW_011_f002595.jpg,1
20260515_081443_BUXVDW_011_f002605.jpg,1
20260515_081443_BUXVDW_011_f002610.jpg,1
20260515_081443_BUXVDW_011_f002615.jpg,1
20260515_081443_BUXVDW_011_f002620.jpg,1
20260515_081443_BUXVDW_011_f002625.jpg,1
20260515_081443_BUXVDW_011_f002630.jpg,1
20260515_081443_BUXVDW_011_f002635.jpg,1
20260515_081443_BUXVDW_011_f002640.jpg,1
20260515_081443_BUXVDW_011_f002645.jpg,1
20260515_081443_BUXVDW_011_f002650.jpg,1
20260515_081443_BUXVDW_011_f002655.jpg,1
20260515_081443_BUXVDW_011_f002660.jpg,1
20260515_081443_BUXVDW_011_f002665.jpg,1
20260515_081443_BUXVDW_011_f002670.jpg,1
20260515_081443_BUXVDW_011_f002675.jpg,1
20260515_081443_BUXVDW_011_f002680.jpg,1
20260515_081443_BUXVDW_011_f002685.jpg,1
20260515_081443_BUXVDW_011_f002690.jpg,1
20260515_081443_BUXVDW_011_f002695.jpg,1
20260515_081443_BUXVDW_011_f002700.jpg,1
20260515_081443_BUXVDW_011_f002705.jpg,1
20260515_081443_BUXVDW_011_f002715.jpg,1
20260515_081443_BUXVDW_011_f002720.jpg,1
20260515_081443_BUXVDW_011_f002725.jpg,1
20260515_081443_BUXVDW_011_f002730.jpg,1
20260515_081443_BUXVDW_011_f002735.jpg,1
20260515_081443_BUXVDW_011_f002740.jpg,1
20260515_081443_BUXVDW_011_f002745.jpg,1
20260515_081443_BUXVDW_011_f002750.jpg,1
20260515_081443_BUXVDW_011_f002755.jpg,1
20260515_081443_BUXVDW_011_f002760.jpg,1
20260515_081443_BUXVDW_011_f002765.jpg,1
20260515_081443_BUXVDW_011_f002770.jpg,1
20260515_081443_BUXVDW_011_f002775.jpg,1
20260515_081443_BUXVDW_011_f002780.jpg,1
20260515_081443_BUXVDW_011_f002785.jpg,1
20260515_081443_BUXVDW_011_f002790.jpg,1
20260515_081443_BUXVDW_011_f002795.jpg,1
20260515_081443_BUXVDW_011_f002800.jpg,1
20260515_081443_BUXVDW_011_f002805.jpg,1
20260515_081443_BUXVDW_011_f002810.jpg,1
20260515_081443_BUXVDW_011_f002815.jpg,1
20260515_081443_BUXVDW_011_f002820.jpg,1
20260515_081443_BUXVDW_011_f003780.jpg,1
20260515_081443_BUXVDW_011_f003785.jpg,1
20260515_081443_BUXVDW_011_f003790.jpg,1
20260515_081443_BUXVDW_011_f003795.jpg,1
20260515_081443_BUXVDW_011_f003800.jpg,1
20260515_081443_BUXVDW_011_f003815.jpg,1
20260515_081443_BUXVDW_011_f004005.jpg,1
20260515_081443_BUXVDW_011_f004010.jpg,1
20260515_081443_BUXVDW_011_f004015.jpg,1
20260515_081443_BUXVDW_011_f004020.jpg,1
20260515_081443_BUXVDW_011_f004025.jpg,1
20260515_081443_BUXVDW_011_f004030.jpg,1
20260515_081443_BUXVDW_011_f004035.jpg,1
20260515_081443_BUXVDW_011_f004045.jpg,1
20260515_081443_BUXVDW_011_f004055.jpg,1
20260515_081443_BUXVDW_011_f004060.jpg,1
20260515_081443_BUXVDW_011_f004065.jpg,1
20260515_081443_BUXVDW_011_f004070.jpg,1
20260515_081443_BUXVDW_011_f004075.jpg,1
20260515_081443_BUXVDW_011_f004225.jpg,1
20260515_081443_BUXVDW_011_f004230.jpg,1
20260515_081443_BUXVDW_011_f004235.jpg,1
20260515_081443_BUXVDW_011_f004240.jpg,1
20260515_081443_BUXVDW_011_f004245.jpg,1
20260515_081443_BUXVDW_011_f004250.jpg,1
20260515_081443_BUXVDW_011_f004255.jpg,1
20260515_081443_BUXVDW_011_f004260.jpg,1
20260515_081443_BUXVDW_011_f004265.jpg,1
20260515_081443_BUXVDW_011_f004270.jpg,1
20260515_081443_BUXVDW_011_f004275.jpg,1
20260515_081443_BUXVDW_011_f004280.jpg,1
20260515_081443_BUXVDW_011_f004285.jpg,1
20260515_081443_BUXVDW_011_f004290.jpg,1
20260515_081443_BUXVDW_011_f004295.jpg,1
20260515_081443_BUXVDW_011_f004300.jpg,1
20260515_081443_BUXVDW_011_f004305.jpg,1
20260515_081443_BUXVDW_011_f004310.jpg,1
20260515_081443_BUXVDW_011_f004315.jpg,1
20260515_081443_BUXVDW_011_f004320.jpg,1
20260515_081443_BUXVDW_011_f004325.jpg,1
20260515_081443_BUXVDW_011_f004330.jpg,1
20260515_081443_BUXVDW_011_f004335.jpg,1
20260515_081443_BUXVDW_011_f004360.jpg,1
20260515_081443_BUXVDW_011_f004365.jpg,1
20260515_081443_BUXVDW_011_f004370.jpg,1
20260515_081443_BUXVDW_011_f004490.jpg,1
20260515_081443_BUXVDW_011_f004495.jpg,1
20260515_081443_BUXVDW_011_f004510.jpg,1
20260515_081443_BUXVDW_011_f004515.jpg,1
20260515_081443_BUXVDW_011_f004520.jpg,1
20260515_081443_BUXVDW_011_f004580.jpg,1
20260515_081443_BUXVDW_011_f004585.jpg,1
20260515_081443_BUXVDW_011_f004590.jpg,1
20260515_081443_BUXVDW_011_f004595.jpg,1
20260515_081443_BUXVDW_011_f004600.jpg,1
20260515_081443_BUXVDW_011_f004605.jpg,1
20260515_081443_BUXVDW_011_f004615.jpg,1
20260515_081443_BUXVDW_011_f004620.jpg,1
20260515_081443_BUXVDW_011_f004625.jpg,1
20260515_081443_BUXVDW_011_f004630.jpg,1
20260515_081443_BUXVDW_011_f004640.jpg,1
20260515_081443_BUXVDW_011_f004645.jpg,1
20260515_081443_BUXVDW_011_f004650.jpg,1
20260515_081443_BUXVDW_011_f004655.jpg,1
20260515_081443_BUXVDW_011_f004660.jpg,1
20260515_081443_BUXVDW_011_f004785.jpg,1
20260515_081443_BUXVDW_011_f004790.jpg,1
20260515_081443_BUXVDW_011_f004795.jpg,1
20260515_081443_BUXVDW_011_f004800.jpg,1
20260515_081443_BUXVDW_011_f004805.jpg,1
20260515_081443_BUXVDW_011_f004810.jpg,1
20260515_081443_BUXVDW_011_f004815.jpg,1
20260515_081443_BUXVDW_011_f004820.jpg,1
20260515_081443_BUXVDW_011_f004825.jpg,1
20260515_081443_BUXVDW_011_f004830.jpg,1
20260515_081443_BUXVDW_011_f004835.jpg,1
20260515_081443_BUXVDW_011_f004840.jpg,1
20260515_081443_BUXVDW_011_f004845.jpg,1
20260515_081443_BUXVDW_011_f004850.jpg,1
20260515_081443_BUXVDW_011_f004855.jpg,1
20260515_081443_BUXVDW_011_f004860.jpg,1
20260515_081443_BUXVDW_011_f004865.jpg,1
20260515_081443_BUXVDW_011_f004870.jpg,1
20260515_081443_BUXVDW_011_f004875.jpg,1
20260515_081443_BUXVDW_011_f004880.jpg,1
20260515_081443_BUXVDW_011_f004885.jpg,1
20260515_081443_BUXVDW_011_f004890.jpg,1
20260515_081443_BUXVDW_011_f004895.jpg,1
20260515_081443_BUXVDW_011_f004900.jpg,1
20260515_081443_BUXVDW_011_f004905.jpg,1
20260515_081443_BUXVDW_011_f004910.jpg,1
20260515_081443_BUXVDW_011_f004915.jpg,1
20260515_081443_BUXVDW_011_f004920.jpg,1
20260515_081443_BUXVDW_011_f005125.jpg,1
20260515_081443_BUXVDW_011_f005130.jpg,1
20260515_081443_BUXVDW_011_f005135.jpg,1
20260515_081443_BUXVDW_011_f005140.jpg,1
20260515_081443_BUXVDW_011_f005145.jpg,1
20260515_081443_BUXVDW_011_f005150.jpg,1
20260515_081443_BUXVDW_011_f005155.jpg,1
20260515_081443_BUXVDW_011_f005175.jpg,1
20260515_081443_BUXVDW_011_f005180.jpg,1
20260515_081443_BUXVDW_011_f005185.jpg,1
20260515_081443_BUXVDW_011_f005190.jpg,1
20260515_081443_BUXVDW_011_f005195.jpg,1
20260515_081443_BUXVDW_011_f005355.jpg,1
20260515_081443_BUXVDW_011_f005360.jpg,1
20260515_081443_BUXVDW_011_f005370.jpg,1
20260515_081443_BUXVDW_011_f005375.jpg,1
20260515_081443_BUXVDW_011_f005380.jpg,1
20260515_081443_BUXVDW_011_f005385.jpg,1
20260515_081443_BUXVDW_011_f005390.jpg,1
20260515_081443_BUXVDW_011_f005395.jpg,1
20260515_081443_BUXVDW_011_f005400.jpg,1
20260515_081443_BUXVDW_011_f005405.jpg,1
20260515_081443_BUXVDW_011_f005410.jpg,1
20260515_081443_BUXVDW_011_f005415.jpg,1
20260515_081443_BUXVDW_011_f005420.jpg,1
20260515_081443_BUXVDW_011_f005425.jpg,1
20260515_081443_BUXVDW_011_f005430.jpg,1
20260515_081443_BUXVDW_011_f005435.jpg,1
20260515_081443_BUXVDW_011_f005440.jpg,1
20260515_081443_BUXVDW_011_f005445.jpg,1
20260515_081443_BUXVDW_011_f005450.jpg,1
20260515_081443_BUXVDW_011_f005455.jpg,1
20260515_081443_BUXVDW_011_f005460.jpg,1
20260515_081443_BUXVDW_011_f005465.jpg,1
20260515_081443_BUXVDW_011_f005470.jpg,1
20260515_081443_BUXVDW_011_f005475.jpg,1
20260515_081443_BUXVDW_011_f005480.jpg,1
20260515_081443_BUXVDW_011_f005485.jpg,1
20260515_081443_BUXVDW_011_f005635.jpg,1
20260515_081443_BUXVDW_011_f005640.jpg,1
20260515_081443_BUXVDW_011_f005645.jpg,1
20260515_081443_BUXVDW_011_f005650.jpg,1
20260515_081443_BUXVDW_011_f005655.jpg,1
20260515_081443_BUXVDW_011_f005660.jpg,1
20260515_081443_BUXVDW_011_f005670.jpg,1
20260515_081443_BUXVDW_011_f005675.jpg,1
20260515_081443_BUXVDW_011_f005730.jpg,1
20260515_081443_BUXVDW_011_f005735.jpg,1
20260515_081443_BUXVDW_011_f005740.jpg,1
20260515_081443_BUXVDW_011_f005745.jpg,1
20260515_081443_BUXVDW_011_f005750.jpg,1
20260515_081443_BUXVDW_011_f005755.jpg,1
20260515_081443_BUXVDW_011_f005760.jpg,1
20260515_081443_BUXVDW_011_f005765.jpg,1
20260515_081443_BUXVDW_011_f005770.jpg,1
20260515_081443_BUXVDW_011_f005775.jpg,1
20260515_081443_BUXVDW_011_f005780.jpg,1
20260515_081443_BUXVDW_011_f005785.jpg,1
20260515_081443_BUXVDW_011_f005790.jpg,1
20260515_081443_BUXVDW_011_f005795.jpg,1
20260515_081443_BUXVDW_011_f005800.jpg,1
20260515_081443_BUXVDW_011_f005805.jpg,1
20260515_081443_BUXVDW_011_f005810.jpg,1
20260515_081443_BUXVDW_011_f005815.jpg,1
20260515_081443_BUXVDW_011_f006955.jpg,1
20260515_081443_BUXVDW_011_f006960.jpg,1
20260515_081443_BUXVDW_011_f006965.jpg,1
20260515_081443_BUXVDW_011_f006970.jpg,1
20260515_081443_BUXVDW_011_f006995.jpg,1
20260515_081443_BUXVDW_011_f007055.jpg,1
20260515_081443_BUXVDW_011_f007060.jpg,1
20260515_081443_BUXVDW_011_f007065.jpg,1
20260515_081443_BUXVDW_011_f007070.jpg,1
20260515_081443_BUXVDW_011_f007075.jpg,1
20260515_081443_BUXVDW_011_f007080.jpg,1
20260515_081443_BUXVDW_011_f007085.jpg,1
20260515_081443_BUXVDW_011_f007090.jpg,1
20260515_081443_BUXVDW_011_f007095.jpg,1
20260515_081443_BUXVDW_011_f007100.jpg,1
20260515_081443_BUXVDW_011_f007105.jpg,1
20260515_081443_BUXVDW_011_f007110.jpg,1
20260515_081443_BUXVDW_011_f007115.jpg,1
20260515_081443_BUXVDW_011_f007135.jpg,1
20260515_081443_BUXVDW_011_f007140.jpg,1
20260515_081443_BUXVDW_011_f007145.jpg,1
20260515_081443_BUXVDW_011_f007170.jpg,1
20260515_081443_BUXVDW_011_f007175.jpg,1
20260515_081443_BUXVDW_011_f007180.jpg,1
20260515_081443_BUXVDW_011_f007185.jpg,1
20260515_081443_BUXVDW_011_f007190.jpg,1
20260515_081443_BUXVDW_011_f007195.jpg,1
20260515_081443_BUXVDW_011_f007725.jpg,1
20260515_081443_BUXVDW_011_f007730.jpg,1
20260515_081443_BUXVDW_011_f007735.jpg,1
20260515_081443_BUXVDW_011_f007740.jpg,1
20260515_081443_BUXVDW_011_f007745.jpg,1
20260515_081443_BUXVDW_011_f007750.jpg,1
20260515_081443_BUXVDW_011_f007755.jpg,1
20260515_081443_BUXVDW_011_f007760.jpg,1
20260515_081443_BUXVDW_011_f007765.jpg,1
20260515_081443_BUXVDW_011_f007770.jpg,1
20260515_081443_BUXVDW_011_f007775.jpg,1
20260515_081443_BUXVDW_011_f007780.jpg,1
20260515_081443_BUXVDW_011_f007785.jpg,1
20260515_081443_BUXVDW_011_f007790.jpg,1
20260515_081443_BUXVDW_011_f008115.jpg,1
20260515_081443_BUXVDW_011_f008120.jpg,1
20260515_081443_BUXVDW_011_f008125.jpg,1
20260515_081443_BUXVDW_011_f008130.jpg,1
20260515_081443_BUXVDW_011_f008135.jpg,1
20260515_081443_BUXVDW_011_f008140.jpg,1
20260515_081443_BUXVDW_011_f008145.jpg,1
20260515_081443_BUXVDW_011_f008150.jpg,1
20260515_081443_BUXVDW_011_f008155.jpg,1
20260515_081443_BUXVDW_011_f008160.jpg,1
20260515_081443_BUXVDW_011_f008165.jpg,1
20260515_081443_BUXVDW_011_f008170.jpg,1
20260515_081443_BUXVDW_011_f008175.jpg,1
20260515_081443_BUXVDW_011_f008180.jpg,1
20260515_081443_BUXVDW_011_f008185.jpg,1
20260515_081443_BUXVDW_011_f008190.jpg,1
20260515_081443_BUXVDW_011_f008195.jpg,1
20260515_081443_BUXVDW_011_f008200.jpg,1
20260515_081443_BUXVDW_011_f008205.jpg,1
20260515_081443_BUXVDW_011_f008210.jpg,1
20260515_081443_BUXVDW_011_f008215.jpg,1
20260515_081443_BUXVDW_011_f008220.jpg,1
20260515_081443_BUXVDW_011_f008225.jpg,1
20260515_081443_BUXVDW_011_f008230.jpg,1
20260515_081443_BUXVDW_011_f008235.jpg,1
20260515_081443_BUXVDW_011_f008240.jpg,1
20260515_081443_BUXVDW_011_f008245.jpg,1
20260515_081443_BUXVDW_011_f008250.jpg,1
20260515_081443_BUXVDW_011_f008255.jpg,1
20260515_081443_BUXVDW_011_f008260.jpg,1
20260515_081443_BUXVDW_011_f008690.jpg,1
20260515_081443_BUXVDW_011_f008695.jpg,1
20260515_081443_BUXVDW_011_f008700.jpg,1
20260515_081443_BUXVDW_011_f009495.jpg,1
20260515_081443_BUXVDW_011_f009500.jpg,1
20260515_081443_BUXVDW_011_f009505.jpg,1
20260515_081443_BUXVDW_011_f009510.jpg,1
20260515_081443_BUXVDW_011_f009515.jpg,1
20260515_081443_BUXVDW_011_f009520.jpg,1
20260515_081443_BUXVDW_011_f009525.jpg,1
20260515_081443_BUXVDW_011_f009530.jpg,1
20260515_081443_BUXVDW_011_f009535.jpg,1
20260515_081443_BUXVDW_011_f009540.jpg,1
20260515_081443_BUXVDW_011_f009545.jpg,1
20260515_081443_BUXVDW_011_f009550.jpg,1
20260515_081443_BUXVDW_011_f009555.jpg,1
20260515_081443_BUXVDW_011_f009560.jpg,1
20260515_081443_BUXVDW_011_f009590.jpg,1
20260515_081443_BUXVDW_011_f009595.jpg,1
20260515_081443_BUXVDW_011_f009600.jpg,1
20260515_081443_BUXVDW_011_f009605.jpg,1
20260515_081443_BUXVDW_011_f009610.jpg,1
20260515_081443_BUXVDW_011_f009615.jpg,1
20260515_081443_BUXVDW_011_f009630.jpg,1
20260515_081443_BUXVDW_011_f009635.jpg,1
20260515_081443_BUXVDW_011_f009640.jpg,1
20260515_081443_BUXVDW_011_f009645.jpg,1
20260515_081443_BUXVDW_011_f009650.jpg,1
20260515_081443_BUXVDW_011_f009655.jpg,1
20260515_081443_BUXVDW_011_f009660.jpg,1
20260515_081443_BUXVDW_011_f009665.jpg,1
20260515_081443_BUXVDW_011_f009670.jpg,1
20260515_081443_BUXVDW_011_f009675.jpg,1
20260515_081443_BUXVDW_011_f009680.jpg,1
20260515_081443_BUXVDW_011_f009685.jpg,1
20260515_081443_BUXVDW_011_f009690.jpg,1
20260515_081443_BUXVDW_011_f009695.jpg,1
20260515_081443_BUXVDW_011_f009700.jpg,1
20260515_081443_BUXVDW_011_f009705.jpg,1
20260515_081443_BUXVDW_011_f009710.jpg,1
20260515_081443_BUXVDW_011_f009715.jpg,1
20260515_081443_BUXVDW_011_f009720.jpg,1
20260515_081443_BUXVDW_011_f009725.jpg,1
20260515_081443_BUXVDW_011_f009730.jpg,1
20260515_081443_BUXVDW_011_f009735.jpg,1
20260515_081443_BUXVDW_011_f009740.jpg,1
20260515_081443_BUXVDW_011_f009745.jpg,1
20260515_081443_BUXVDW_011_f009750.jpg,1
20260515_081443_BUXVDW_011_f009755.jpg,1
20260515_081443_BUXVDW_011_f009760.jpg,1
20260515_081443_BUXVDW_011_f009765.jpg,1
20260515_081443_BUXVDW_011_f009770.jpg,1
20260515_081443_BUXVDW_011_f009775.jpg,1
20260515_081443_BUXVDW_011_f009780.jpg,1
20260515_081443_BUXVDW_011_f009785.jpg,1
20260515_081443_BUXVDW_011_f009790.jpg,1
20260515_081443_BUXVDW_011_f009960.jpg,1
20260515_081443_BUXVDW_011_f010210.jpg,1
20260515_081443_BUXVDW_011_f010215.jpg,1
20260515_081443_BUXVDW_011_f010220.jpg,1
20260515_081443_BUXVDW_011_f010370.jpg,1
20260515_081443_BUXVDW_011_f010375.jpg,1
20260515_081443_BUXVDW_011_f010380.jpg,1
20260515_081443_BUXVDW_011_f010385.jpg,1
20260515_081443_BUXVDW_011_f010390.jpg,1
20260515_081443_BUXVDW_011_f010395.jpg,1
20260515_081443_BUXVDW_011_f010480.jpg,1
20260515_081443_BUXVDW_011_f010485.jpg,1
20260515_081443_BUXVDW_011_f010490.jpg,1
20260515_081443_BUXVDW_011_f010495.jpg,1
20260515_081443_BUXVDW_011_f010500.jpg,1
20260515_081443_BUXVDW_011_f010505.jpg,1
20260515_081443_BUXVDW_011_f010510.jpg,1
20260515_081443_BUXVDW_011_f010515.jpg,1
20260515_081443_BUXVDW_011_f010520.jpg,1
20260515_081443_BUXVDW_011_f010525.jpg,1
20260515_081443_BUXVDW_011_f010530.jpg,1
20260515_081443_BUXVDW_011_f010535.jpg,1
20260515_081443_BUXVDW_011_f010540.jpg,1
20260515_081443_BUXVDW_011_f010545.jpg,1
20260515_081443_BUXVDW_011_f010685.jpg,1
20260515_081443_BUXVDW_011_f010690.jpg,1
20260515_081443_BUXVDW_011_f010750.jpg,1
20260515_081443_BUXVDW_011_f010755.jpg,1
20260515_081443_BUXVDW_011_f010760.jpg,1
20260515_081443_BUXVDW_011_f010765.jpg,1
20260515_081443_BUXVDW_011_f010770.jpg,1
20260515_081443_BUXVDW_011_f010775.jpg,1
20260515_081443_BUXVDW_011_f010780.jpg,1
20260515_081443_BUXVDW_011_f010785.jpg,1
20260515_081443_BUXVDW_011_f010790.jpg,1
20260515_081443_BUXVDW_011_f010795.jpg,1
20260515_081443_BUXVDW_011_f010800.jpg,1
20260515_081443_BUXVDW_011_f010805.jpg,1
20260515_081443_BUXVDW_011_f010810.jpg,1
20260515_081443_BUXVDW_011_f010815.jpg,1
20260515_081443_BUXVDW_011_f010820.jpg,1
20260515_081443_BUXVDW_011_f010825.jpg,1
20260515_081443_BUXVDW_011_f010830.jpg,1
20260515_081443_BUXVDW_011_f010835.jpg,1
20260515_081443_BUXVDW_011_f010840.jpg,1
20260515_081443_BUXVDW_011_f010845.jpg,1
20260515_081443_BUXVDW_011_f010855.jpg,1
20260515_081443_BUXVDW_011_f010860.jpg,1
20260515_081443_BUXVDW_011_f010865.jpg,1
20260515_081443_BUXVDW_011_f010870.jpg,1
20260515_081443_BUXVDW_011_f010875.jpg,1
20260515_081443_BUXVDW_011_f010880.jpg,1
20260515_081443_BUXVDW_011_f010885.jpg,1
20260515_081443_BUXVDW_011_f010890.jpg,1
20260515_081443_BUXVDW_011_f010895.jpg,1
20260515_081443_BUXVDW_011_f010900.jpg,1
20260515_081443_BUXVDW_011_f010905.jpg,1
20260515_081443_BUXVDW_011_f010910.jpg,1
20260515_081443_BUXVDW_011_f010915.jpg,1
20260515_081443_BUXVDW_011_f010920.jpg,1
20260515_081443_BUXVDW_011_f010925.jpg,1
20260515_081443_BUXVDW_011_f010930.jpg,1
20260515_081443_BUXVDW_011_f010935.jpg,1
20260515_081443_BUXVDW_011_f010990.jpg,1
20260515_081443_BUXVDW_011_f010995.jpg,1
20260515_081443_BUXVDW_011_f011000.jpg,1
20260515_081443_BUXVDW_011_f011005.jpg,1
20260515_081443_BUXVDW_011_f011010.jpg,1
20260515_081443_BUXVDW_011_f011015.jpg,1
20260515_081443_BUXVDW_011_f011020.jpg,1
20260515_081443_BUXVDW_011_f011025.jpg,1
20260515_081443_BUXVDW_011_f011030.jpg,1
20260515_081443_BUXVDW_011_f011035.jpg,1
20260515_081443_BUXVDW_011_f011040.jpg,1
20260515_081443_BUXVDW_011_f011045.jpg,1
20260515_081443_BUXVDW_011_f011050.jpg,1
20260515_081443_BUXVDW_011_f011055.jpg,1
20260515_081443_BUXVDW_011_f011060.jpg,1
20260515_081443_BUXVDW_011_f011065.jpg,1
20260515_081443_BUXVDW_011_f011070.jpg,1
20260515_081443_BUXVDW_011_f011075.jpg,1
20260515_081443_BUXVDW_011_f011080.jpg,1
20260515_081443_BUXVDW_011_f011085.jpg,1
20260515_081443_BUXVDW_011_f011090.jpg,1
20260515_081443_BUXVDW_011_f011095.jpg,1
20260515_081443_BUXVDW_011_f011100.jpg,1
20260515_081443_BUXVDW_011_f011105.jpg,1
20260515_081443_BUXVDW_011_f011110.jpg,1
20260515_081443_BUXVDW_011_f011115.jpg,1
20260515_081443_BUXVDW_011_f011120.jpg,1
20260515_081443_BUXVDW_011_f011125.jpg,1
20260515_081443_BUXVDW_011_f011130.jpg,1
20260515_081443_BUXVDW_011_f011135.jpg,1
20260515_081443_BUXVDW_011_f011140.jpg,1
20260515_081443_BUXVDW_011_f011145.jpg,1
20260515_081812_ANKVQE_002_f000000.jpg,1
20260515_081812_ANKVQE_002_f000005.jpg,1
20260515_081812_ANKVQE_002_f000010.jpg,1
20260515_081812_ANKVQE_002_f000015.jpg,1
20260515_081812_ANKVQE_002_f000020.jpg,1
20260515_081812_ANKVQE_002_f000025.jpg,1
20260515_081812_ANKVQE_002_f000030.jpg,1
20260515_081812_ANKVQE_002_f000035.jpg,1
20260515_081812_ANKVQE_002_f000040.jpg,1
20260515_081812_ANKVQE_002_f000045.jpg,1
20260515_081812_ANKVQE_002_f000050.jpg,1
20260515_081812_ANKVQE_002_f000055.jpg,1
20260515_081812_ANKVQE_002_f000060.jpg,1
20260515_081812_ANKVQE_002_f000065.jpg,1
20260515_081812_ANKVQE_002_f000070.jpg,1
20260515_081812_ANKVQE_002_f000075.jpg,1
20260515_081812_ANKVQE_002_f000080.jpg,1
20260515_081812_ANKVQE_002_f000085.jpg,1
20260515_081812_ANKVQE_002_f000090.jpg,1
20260515_081812_ANKVQE_002_f000095.jpg,1
20260515_081812_ANKVQE_002_f000100.jpg,1
20260515_081812_ANKVQE_002_f000105.jpg,1
20260515_081812_ANKVQE_002_f000110.jpg,1
20260515_081812_ANKVQE_002_f000115.jpg,1
20260515_081812_ANKVQE_002_f000120.jpg,1
20260515_081812_ANKVQE_002_f000125.jpg,1
20260515_081812_ANKVQE_002_f000130.jpg,1
20260515_081812_ANKVQE_002_f000135.jpg,1
20260515_081812_ANKVQE_002_f000140.jpg,1
20260515_081812_ANKVQE_002_f000145.jpg,1
20260515_081812_ANKVQE_002_f000150.jpg,1
20260515_081812_ANKVQE_002_f000155.jpg,1
20260515_081812_ANKVQE_002_f000160.jpg,1
20260515_081812_ANKVQE_002_f000165.jpg,1
20260515_081812_ANKVQE_002_f000170.jpg,1
20260515_081812_ANKVQE_002_f000175.jpg,1
20260515_081812_ANKVQE_002_f000180.jpg,1
20260515_081812_ANKVQE_002_f000185.jpg,1
20260515_081812_ANKVQE_002_f000190.jpg,1
20260515_081812_ANKVQE_002_f000195.jpg,1
20260515_081812_ANKVQE_002_f000200.jpg,1
20260515_081812_ANKVQE_002_f000205.jpg,1
20260515_081812_ANKVQE_002_f000210.jpg,1
20260515_081812_ANKVQE_002_f000215.jpg,1
20260515_081812_ANKVQE_002_f000220.jpg,1
20260515_081812_ANKVQE_002_f000225.jpg,1
20260515_081812_ANKVQE_002_f000230.jpg,1
20260515_081812_ANKVQE_002_f000235.jpg,1
20260515_081812_ANKVQE_002_f000240.jpg,1
20260515_081812_ANKVQE_002_f000245.jpg,1
20260515_081812_ANKVQE_002_f000250.jpg,1
20260515_081812_ANKVQE_002_f000255.jpg,1
20260515_081812_ANKVQE_002_f000260.jpg,1
20260515_081812_ANKVQE_002_f000265.jpg,1
20260515_081812_ANKVQE_002_f000270.jpg,1
20260515_081812_ANKVQE_002_f000275.jpg,1
20260515_081812_ANKVQE_002_f000280.jpg,1
20260515_081812_ANKVQE_002_f000285.jpg,1
20260515_081812_ANKVQE_002_f000290.jpg,1
20260515_081812_ANKVQE_002_f000295.jpg,1
20260515_081812_ANKVQE_002_f000300.jpg,1
20260515_081812_ANKVQE_002_f000305.jpg,1
20260515_081812_ANKVQE_002_f000310.jpg,1
20260515_081812_ANKVQE_002_f000315.jpg,1
20260515_081812_ANKVQE_002_f000320.jpg,1
20260515_081812_ANKVQE_002_f000325.jpg,1
20260515_081812_ANKVQE_002_f000330.jpg,1
20260515_081812_ANKVQE_002_f000335.jpg,1
20260515_081812_ANKVQE_002_f000340.jpg,1
20260515_081812_ANKVQE_002_f000345.jpg,1
20260515_081812_ANKVQE_002_f000350.jpg,1
20260515_081812_ANKVQE_002_f000355.jpg,1
20260515_081812_ANKVQE_002_f000360.jpg,1
20260515_081812_ANKVQE_002_f000365.jpg,1
20260515_081812_ANKVQE_002_f000370.jpg,1
20260515_081812_ANKVQE_002_f000375.jpg,1
20260515_081812_ANKVQE_002_f000380.jpg,1
20260515_081812_ANKVQE_002_f000385.jpg,1
20260515_081812_ANKVQE_002_f000390.jpg,1
20260515_081812_ANKVQE_002_f000395.jpg,1
20260515_081812_ANKVQE_002_f000400.jpg,1
20260515_081812_ANKVQE_002_f000405.jpg,1
20260515_081812_ANKVQE_002_f000410.jpg,1
20260515_081812_ANKVQE_002_f000415.jpg,1
20260515_081812_ANKVQE_002_f000420.jpg,1
20260515_081812_ANKVQE_002_f000425.jpg,1
20260515_081812_ANKVQE_002_f000430.jpg,1
20260515_081812_ANKVQE_002_f000435.jpg,1
20260515_081812_ANKVQE_002_f000440.jpg,1
20260515_081812_ANKVQE_002_f000445.jpg,1
20260515_081812_ANKVQE_002_f000450.jpg,1
20260515_081812_ANKVQE_002_f000455.jpg,1
20260515_081812_ANKVQE_002_f000460.jpg,1
20260515_081812_ANKVQE_002_f000465.jpg,1
20260515_081812_ANKVQE_002_f000470.jpg,1
20260515_081812_ANKVQE_002_f000475.jpg,1
20260515_081812_ANKVQE_002_f000480.jpg,1
20260515_081812_ANKVQE_002_f000485.jpg,1
20260515_081812_ANKVQE_002_f000490.jpg,1
20260515_081812_ANKVQE_002_f000495.jpg,1
20260515_081812_ANKVQE_002_f000500.jpg,1
20260515_081812_ANKVQE_002_f000505.jpg,1
20260515_081812_ANKVQE_002_f000510.jpg,1
20260515_081812_ANKVQE_002_f000515.jpg,1
20260515_081812_ANKVQE_002_f000520.jpg,1
20260515_081812_ANKVQE_002_f000525.jpg,1
20260515_081812_ANKVQE_002_f000530.jpg,1
20260515_081812_ANKVQE_002_f000535.jpg,1
20260515_081812_ANKVQE_002_f000540.jpg,1
20260515_081812_ANKVQE_002_f000545.jpg,1
20260515_081812_ANKVQE_002_f000550.jpg,1
20260515_081812_ANKVQE_002_f000555.jpg,1
20260515_081812_ANKVQE_002_f000560.jpg,1
20260515_081812_ANKVQE_002_f000565.jpg,1
20260515_081812_ANKVQE_002_f000570.jpg,1
20260515_081812_ANKVQE_002_f000575.jpg,1
20260515_081812_ANKVQE_002_f000580.jpg,1
20260515_081812_ANKVQE_002_f000585.jpg,1
20260515_081812_ANKVQE_002_f000590.jpg,1
20260515_081812_ANKVQE_002_f000595.jpg,1
20260515_081812_ANKVQE_002_f000600.jpg,1
20260515_081812_ANKVQE_002_f000605.jpg,1
20260515_081812_ANKVQE_002_f000610.jpg,1
20260515_081812_ANKVQE_002_f000615.jpg,1
20260515_081812_ANKVQE_002_f000620.jpg,1
20260515_081812_ANKVQE_002_f000625.jpg,1
20260515_081812_ANKVQE_002_f000630.jpg,1
20260515_081812_ANKVQE_002_f000635.jpg,1
20260515_081812_ANKVQE_002_f000640.jpg,1
20260515_081812_ANKVQE_002_f000645.jpg,1
20260515_081812_ANKVQE_002_f000650.jpg,1
20260515_081812_ANKVQE_002_f000655.jpg,1
20260515_081812_ANKVQE_002_f000660.jpg,1
20260515_081812_ANKVQE_002_f000665.jpg,1
20260515_081812_ANKVQE_002_f000670.jpg,1
20260515_081812_ANKVQE_002_f000675.jpg,1
20260515_081812_ANKVQE_002_f000680.jpg,1
20260515_081812_ANKVQE_002_f000685.jpg,1
20260515_081812_ANKVQE_002_f000690.jpg,1
20260515_081812_ANKVQE_002_f000695.jpg,1
20260515_081812_ANKVQE_002_f000700.jpg,1
20260515_081812_ANKVQE_002_f000705.jpg,1
20260515_081812_ANKVQE_002_f000710.jpg,1
20260515_081812_ANKVQE_002_f000715.jpg,1
20260515_081812_ANKVQE_002_f000720.jpg,1
20260515_081812_ANKVQE_002_f000725.jpg,1
20260515_081812_ANKVQE_002_f000730.jpg,1
20260515_081812_ANKVQE_002_f000735.jpg,1
20260515_081812_ANKVQE_002_f000740.jpg,1
20260515_081812_ANKVQE_002_f000745.jpg,1
20260515_081812_ANKVQE_002_f000750.jpg,1
20260515_081812_ANKVQE_002_f000755.jpg,1
20260515_081812_ANKVQE_002_f000760.jpg,1
20260515_081812_ANKVQE_002_f000765.jpg,1
20260515_081812_ANKVQE_002_f000770.jpg,1
20260515_081812_ANKVQE_002_f000775.jpg,1
20260515_081812_ANKVQE_002_f000780.jpg,1
20260515_081812_ANKVQE_002_f000785.jpg,1
20260515_081812_ANKVQE_002_f000790.jpg,1
20260515_081812_ANKVQE_002_f000795.jpg,1
20260515_081812_ANKVQE_002_f000800.jpg,1
20260515_081812_ANKVQE_002_f000805.jpg,1
20260515_081812_ANKVQE_002_f000810.jpg,1
20260515_081812_ANKVQE_002_f000815.jpg,1
20260515_081812_ANKVQE_002_f000820.jpg,1
20260515_081812_ANKVQE_002_f000825.jpg,1
20260515_081812_ANKVQE_002_f000830.jpg,1
20260515_081812_ANKVQE_002_f000835.jpg,1
20260515_081812_ANKVQE_002_f000840.jpg,1
20260515_081812_ANKVQE_002_f000845.jpg,1
20260515_081812_ANKVQE_002_f000850.jpg,1
20260515_081812_ANKVQE_002_f000855.jpg,1
20260515_081812_ANKVQE_002_f000860.jpg,1
20260515_081812_ANKVQE_002_f000865.jpg,1
20260515_081812_ANKVQE_002_f000870.jpg,1
20260515_081812_ANKVQE_002_f000875.jpg,1
20260515_081812_ANKVQE_002_f000880.jpg,1
20260515_081812_ANKVQE_002_f000885.jpg,1
20260515_081812_ANKVQE_002_f000890.jpg,1
20260515_081812_ANKVQE_002_f000895.jpg,1
20260515_081812_ANKVQE_002_f000900.jpg,1
20260515_081812_ANKVQE_002_f000905.jpg,1
20260515_081812_ANKVQE_002_f000910.jpg,1
20260515_081812_ANKVQE_002_f000915.jpg,1
20260515_081812_ANKVQE_002_f000920.jpg,1
20260515_081812_ANKVQE_002_f000925.jpg,1
20260515_081812_ANKVQE_002_f000930.jpg,1
20260515_081812_ANKVQE_002_f000935.jpg,1
20260515_081812_ANKVQE_002_f000940.jpg,1
20260515_081812_ANKVQE_002_f000945.jpg,1
20260515_081812_ANKVQE_002_f000950.jpg,1
20260515_081812_ANKVQE_002_f000955.jpg,1
20260515_081812_ANKVQE_002_f000960.jpg,1
20260515_081812_ANKVQE_002_f000965.jpg,1
20260515_081812_ANKVQE_002_f000970.jpg,1
20260515_081812_ANKVQE_002_f000975.jpg,1
20260515_081812_ANKVQE_002_f000980.jpg,1
20260515_081812_ANKVQE_002_f000985.jpg,1
20260515_081812_ANKVQE_002_f000990.jpg,1
20260515_081812_ANKVQE_002_f000995.jpg,1
20260515_081812_ANKVQE_002_f001000.jpg,1
20260515_081812_ANKVQE_002_f001005.jpg,1
20260515_081812_ANKVQE_002_f001010.jpg,1
20260515_081812_ANKVQE_002_f001015.jpg,1
20260515_081812_ANKVQE_002_f001020.jpg,1
20260515_081812_ANKVQE_002_f001025.jpg,1
20260515_081812_ANKVQE_002_f001030.jpg,1
20260515_081812_ANKVQE_002_f001035.jpg,1
20260515_081812_ANKVQE_002_f001040.jpg,1
20260515_081812_ANKVQE_002_f001045.jpg,1
20260515_081812_ANKVQE_002_f001050.jpg,1
20260515_081812_ANKVQE_002_f001055.jpg,1
20260515_081812_ANKVQE_002_f001060.jpg,1
20260515_081812_ANKVQE_002_f001065.jpg,1
20260515_081812_ANKVQE_002_f001070.jpg,1
20260515_081812_ANKVQE_002_f001075.jpg,1
20260515_081812_ANKVQE_002_f001080.jpg,1
20260515_081812_ANKVQE_002_f001085.jpg,1
20260515_081812_ANKVQE_002_f001090.jpg,1
20260515_081812_ANKVQE_002_f001095.jpg,1
20260515_081812_ANKVQE_002_f001100.jpg,1
20260515_081812_ANKVQE_002_f001105.jpg,1
20260515_081812_ANKVQE_002_f001110.jpg,1
20260515_081812_ANKVQE_002_f001115.jpg,1
20260515_081812_ANKVQE_002_f001120.jpg,1
20260515_081812_ANKVQE_002_f001125.jpg,1
20260515_081812_ANKVQE_002_f001130.jpg,1
20260515_081812_ANKVQE_002_f001135.jpg,1
20260515_081812_ANKVQE_002_f001140.jpg,1
20260515_081812_ANKVQE_002_f001145.jpg,1
20260515_081812_ANKVQE_002_f001150.jpg,1
20260515_081812_ANKVQE_002_f001155.jpg,1
20260515_081812_ANKVQE_002_f001160.jpg,1
20260515_081812_ANKVQE_002_f001165.jpg,1
20260515_081812_ANKVQE_002_f001170.jpg,1
20260515_081812_ANKVQE_002_f001175.jpg,1
20260515_081812_ANKVQE_002_f001180.jpg,1
20260515_081812_ANKVQE_002_f001185.jpg,1
20260515_081812_ANKVQE_002_f001190.jpg,1
20260515_081812_ANKVQE_002_f001195.jpg,1
20260515_081812_ANKVQE_002_f001200.jpg,1
20260515_081812_ANKVQE_002_f001205.jpg,1
20260515_081812_ANKVQE_002_f001210.jpg,1
20260515_081812_ANKVQE_002_f001215.jpg,1
20260515_081812_ANKVQE_002_f001220.jpg,1
20260515_081812_ANKVQE_002_f001225.jpg,1
20260515_081812_ANKVQE_002_f001230.jpg,1
20260515_081812_ANKVQE_002_f001235.jpg,1
20260515_081812_ANKVQE_002_f001240.jpg,1
20260515_081812_ANKVQE_002_f001245.jpg,1
20260515_081812_ANKVQE_002_f001250.jpg,1
20260515_081812_ANKVQE_002_f001255.jpg,1
20260515_081812_ANKVQE_002_f001260.jpg,1
20260515_081812_ANKVQE_002_f001265.jpg,1
20260515_081812_ANKVQE_002_f001270.jpg,1
20260515_081812_ANKVQE_002_f001275.jpg,1
20260515_081812_ANKVQE_002_f001280.jpg,1
20260515_081812_ANKVQE_002_f001285.jpg,1
20260515_081812_ANKVQE_002_f001290.jpg,1
20260515_081812_ANKVQE_002_f001295.jpg,1
20260515_081812_ANKVQE_002_f001300.jpg,1
20260515_081812_ANKVQE_002_f001305.jpg,1
20260515_081812_ANKVQE_002_f001310.jpg,1
20260515_081812_ANKVQE_002_f001315.jpg,1
20260515_081812_ANKVQE_002_f001320.jpg,1
20260515_081812_ANKVQE_002_f001325.jpg,1
20260515_081812_ANKVQE_002_f001330.jpg,1
20260515_081812_ANKVQE_002_f001335.jpg,1
20260515_081812_ANKVQE_002_f001340.jpg,1
20260515_081812_ANKVQE_002_f001345.jpg,1
20260515_081812_ANKVQE_002_f001350.jpg,1
20260515_081812_ANKVQE_002_f001355.jpg,1
20260515_081812_ANKVQE_002_f001360.jpg,1
20260515_081812_ANKVQE_002_f001365.jpg,1
20260515_081812_ANKVQE_002_f001370.jpg,1
20260515_081812_ANKVQE_002_f001375.jpg,1
20260515_081812_ANKVQE_002_f001380.jpg,1
20260515_081812_ANKVQE_002_f001385.jpg,1
20260515_081812_ANKVQE_002_f001390.jpg,1
20260515_081812_ANKVQE_002_f001395.jpg,1
20260515_081812_ANKVQE_002_f001400.jpg,1
20260515_081812_ANKVQE_002_f001405.jpg,1
20260515_081812_ANKVQE_002_f001410.jpg,1
20260515_081812_ANKVQE_002_f001415.jpg,1
20260515_081812_ANKVQE_002_f001420.jpg,1
20260515_081812_ANKVQE_002_f001425.jpg,1
20260515_081812_ANKVQE_002_f001430.jpg,1
20260515_081812_ANKVQE_002_f001435.jpg,1
20260515_081812_ANKVQE_002_f001440.jpg,1
20260515_081812_ANKVQE_002_f001445.jpg,1
20260515_081812_ANKVQE_002_f001450.jpg,1
20260515_081812_ANKVQE_002_f001455.jpg,1
20260515_081812_ANKVQE_002_f001460.jpg,1
20260515_081812_ANKVQE_002_f001465.jpg,1
20260515_081812_ANKVQE_002_f001470.jpg,1
20260515_081812_ANKVQE_002_f001475.jpg,1
20260515_081812_ANKVQE_002_f001480.jpg,1
20260515_081812_ANKVQE_002_f001485.jpg,1
20260515_081812_ANKVQE_002_f001490.jpg,1
20260515_081812_ANKVQE_002_f001495.jpg,1
20260515_081812_ANKVQE_002_f001500.jpg,1
20260515_081812_ANKVQE_002_f001505.jpg,1
20260515_081812_ANKVQE_002_f001510.jpg,1
20260515_081812_ANKVQE_002_f001515.jpg,1
20260515_081812_ANKVQE_002_f001520.jpg,1
20260515_081812_ANKVQE_002_f001525.jpg,1
20260515_081812_ANKVQE_002_f001530.jpg,1
20260515_081812_ANKVQE_002_f001535.jpg,1
20260515_081812_ANKVQE_002_f001540.jpg,1
20260515_081812_ANKVQE_002_f001545.jpg,1
20260515_081812_ANKVQE_002_f001550.jpg,1
20260515_081812_ANKVQE_002_f001555.jpg,1
20260515_081812_ANKVQE_002_f001560.jpg,1
20260515_081812_ANKVQE_002_f001565.jpg,1
20260515_081812_ANKVQE_002_f001570.jpg,1
20260515_081812_ANKVQE_002_f001575.jpg,1
20260515_081812_ANKVQE_002_f001580.jpg,1
20260515_081812_ANKVQE_002_f001585.jpg,1
20260515_081812_ANKVQE_002_f001590.jpg,1
20260515_081812_ANKVQE_002_f001595.jpg,1
20260515_081812_ANKVQE_002_f001600.jpg,1
20260515_081812_ANKVQE_002_f001605.jpg,1
20260515_081812_ANKVQE_002_f001610.jpg,1
20260515_081812_ANKVQE_002_f001615.jpg,1
20260515_081812_ANKVQE_002_f001620.jpg,1
20260515_081812_ANKVQE_002_f001625.jpg,1
20260515_081812_ANKVQE_002_f001630.jpg,1
20260515_081812_ANKVQE_002_f001635.jpg,1
20260515_081812_ANKVQE_002_f001640.jpg,1
20260515_081812_ANKVQE_002_f001645.jpg,1
20260515_081812_ANKVQE_002_f001650.jpg,1
20260515_081812_ANKVQE_002_f001655.jpg,1
20260515_081812_ANKVQE_002_f001660.jpg,1
20260515_081812_ANKVQE_002_f001665.jpg,1
20260515_081812_ANKVQE_002_f001670.jpg,1
20260515_081812_ANKVQE_002_f001675.jpg,1
20260515_081812_ANKVQE_002_f001680.jpg,1
20260515_081812_ANKVQE_002_f001685.jpg,1
20260515_081812_ANKVQE_002_f001690.jpg,1
20260515_081812_ANKVQE_002_f001695.jpg,1
20260515_081812_ANKVQE_002_f001700.jpg,1
20260515_081812_ANKVQE_002_f001705.jpg,1
20260515_081812_ANKVQE_002_f001710.jpg,1
20260515_081812_ANKVQE_002_f001715.jpg,1
20260515_081812_ANKVQE_002_f001720.jpg,1
20260515_081812_ANKVQE_002_f001725.jpg,1
20260515_081812_ANKVQE_002_f001730.jpg,1
20260515_081812_ANKVQE_002_f001735.jpg,1
20260515_081812_ANKVQE_002_f001740.jpg,1
20260515_081812_ANKVQE_002_f001745.jpg,1
20260515_081812_ANKVQE_002_f001750.jpg,1
20260515_081812_ANKVQE_002_f001755.jpg,1
20260515_081812_ANKVQE_002_f001760.jpg,1
20260515_081812_ANKVQE_002_f001765.jpg,1
20260515_081812_ANKVQE_002_f001770.jpg,1
20260515_081812_ANKVQE_002_f001775.jpg,1
20260515_081812_ANKVQE_002_f001780.jpg,1
20260515_081812_ANKVQE_002_f001785.jpg,1
20260515_081812_ANKVQE_002_f001790.jpg,1
20260515_081812_ANKVQE_002_f001795.jpg,1
20260515_081812_ANKVQE_002_f001800.jpg,1
20260515_081812_ANKVQE_002_f001805.jpg,1
20260515_081812_ANKVQE_002_f001810.jpg,1
20260515_081812_ANKVQE_002_f001815.jpg,1
20260515_081812_ANKVQE_002_f001820.jpg,1
20260515_081812_ANKVQE_002_f001825.jpg,1
20260515_081812_ANKVQE_002_f001830.jpg,1
20260515_081812_ANKVQE_002_f001835.jpg,1
20260515_081812_ANKVQE_002_f001840.jpg,1
20260515_081812_ANKVQE_002_f001845.jpg,1
20260515_081812_ANKVQE_002_f001850.jpg,1
20260515_081812_ANKVQE_002_f001855.jpg,1
20260515_081812_ANKVQE_002_f001860.jpg,1
20260515_081812_ANKVQE_002_f001865.jpg,1
20260515_081812_ANKVQE_002_f001870.jpg,1
20260515_081812_ANKVQE_002_f001875.jpg,1
20260515_081812_ANKVQE_002_f001880.jpg,1
20260515_081812_ANKVQE_002_f001885.jpg,1
20260515_081812_ANKVQE_002_f001890.jpg,1
20260515_081812_ANKVQE_002_f001895.jpg,1
20260515_081812_ANKVQE_002_f001900.jpg,1
20260515_081812_ANKVQE_002_f001905.jpg,1
20260515_081812_ANKVQE_002_f001910.jpg,1
20260515_081812_ANKVQE_002_f001915.jpg,1
20260515_081812_ANKVQE_002_f001920.jpg,1
20260515_081812_ANKVQE_002_f001925.jpg,1
20260515_081812_ANKVQE_002_f001930.jpg,1
20260515_081812_ANKVQE_002_f001935.jpg,1
20260515_081812_ANKVQE_002_f001940.jpg,1
20260515_081812_ANKVQE_002_f001945.jpg,1
20260515_081812_ANKVQE_002_f001950.jpg,1
20260515_081812_ANKVQE_002_f001955.jpg,1
20260515_081812_ANKVQE_002_f001960.jpg,1
20260515_081812_ANKVQE_002_f001965.jpg,1
20260515_081812_ANKVQE_002_f001970.jpg,1
20260515_081812_ANKVQE_002_f001975.jpg,1
20260515_081812_ANKVQE_002_f001980.jpg,1
20260515_081812_ANKVQE_002_f001985.jpg,1
20260515_081812_ANKVQE_002_f001990.jpg,1
20260515_081812_ANKVQE_002_f001995.jpg,1
20260515_081812_ANKVQE_002_f002000.jpg,1
20260515_081812_ANKVQE_002_f002005.jpg,1
20260515_081812_ANKVQE_002_f002010.jpg,1
20260515_081812_ANKVQE_002_f002015.jpg,1
20260515_081812_ANKVQE_002_f002020.jpg,1
20260515_081812_ANKVQE_002_f002025.jpg,1
20260515_081812_ANKVQE_002_f002030.jpg,1
20260515_081812_ANKVQE_002_f002035.jpg,1
20260515_081812_ANKVQE_002_f002040.jpg,1
20260515_081812_ANKVQE_002_f002045.jpg,1
20260515_081812_ANKVQE_002_f002050.jpg,1
20260515_081812_ANKVQE_002_f002055.jpg,1
20260515_081812_ANKVQE_002_f002060.jpg,1
20260515_081812_ANKVQE_002_f002065.jpg,1
20260515_081812_ANKVQE_002_f002070.jpg,1
20260515_081812_ANKVQE_002_f002075.jpg,1
20260515_081812_ANKVQE_002_f002080.jpg,1
20260515_081812_ANKVQE_002_f002085.jpg,1
20260515_081812_ANKVQE_002_f002090.jpg,1
20260515_081812_ANKVQE_002_f002095.jpg,1
20260515_081812_ANKVQE_002_f002100.jpg,1
20260515_081812_ANKVQE_002_f002105.jpg,1
20260515_081812_ANKVQE_002_f002110.jpg,1
20260515_081812_ANKVQE_002_f002115.jpg,1
20260515_081812_ANKVQE_002_f002120.jpg,1
20260515_081812_ANKVQE_002_f002125.jpg,1
20260515_081812_ANKVQE_002_f002130.jpg,1
20260515_081812_ANKVQE_002_f002135.jpg,1
20260515_081812_ANKVQE_002_f002140.jpg,1
20260515_081812_ANKVQE_002_f002145.jpg,1
20260515_081812_ANKVQE_002_f002150.jpg,1
20260515_081812_ANKVQE_002_f002155.jpg,1
20260515_081812_ANKVQE_002_f002160.jpg,1
20260515_081812_ANKVQE_002_f002165.jpg,1
20260515_081812_ANKVQE_002_f002170.jpg,1
20260515_081812_ANKVQE_002_f002175.jpg,1
20260515_081812_ANKVQE_002_f002180.jpg,1
20260515_081812_ANKVQE_002_f002185.jpg,1
20260515_081812_ANKVQE_002_f002190.jpg,1
20260515_081812_ANKVQE_002_f002195.jpg,1
20260515_081812_ANKVQE_002_f002200.jpg,1
20260515_081812_ANKVQE_002_f002205.jpg,1
20260515_081812_ANKVQE_002_f002210.jpg,1
20260515_081812_ANKVQE_002_f002215.jpg,1
20260515_081812_ANKVQE_002_f002220.jpg,1
20260515_081812_ANKVQE_002_f002225.jpg,1
20260515_081812_ANKVQE_002_f002230.jpg,1
20260515_081812_ANKVQE_002_f002235.jpg,1
20260515_081812_ANKVQE_002_f002240.jpg,1
20260515_081812_ANKVQE_002_f002245.jpg,1
20260515_081812_ANKVQE_002_f002250.jpg,1
20260515_081812_ANKVQE_002_f002255.jpg,1
20260515_081812_ANKVQE_002_f002260.jpg,1
20260515_081812_ANKVQE_002_f002265.jpg,1
20260515_081812_ANKVQE_002_f002270.jpg,1
20260515_081812_ANKVQE_002_f002275.jpg,1
20260515_081812_ANKVQE_002_f002280.jpg,1
20260515_081812_ANKVQE_002_f002285.jpg,1
20260515_081812_ANKVQE_002_f002290.jpg,1
20260515_081812_ANKVQE_002_f002295.jpg,1
20260515_081812_ANKVQE_002_f002300.jpg,1
20260515_081812_ANKVQE_002_f002305.jpg,1
20260515_081812_ANKVQE_002_f002310.jpg,1
20260515_081812_ANKVQE_002_f002315.jpg,1
20260515_081812_ANKVQE_002_f002320.jpg,1
20260515_081812_ANKVQE_002_f002325.jpg,1
20260515_081812_ANKVQE_002_f002330.jpg,1
20260515_081812_ANKVQE_002_f002335.jpg,1
20260515_081812_ANKVQE_002_f002340.jpg,1
20260515_081812_ANKVQE_002_f002345.jpg,1
20260515_081812_ANKVQE_002_f002350.jpg,1
20260515_081812_ANKVQE_002_f002355.jpg,1
20260515_081812_ANKVQE_002_f002360.jpg,1
20260515_081812_ANKVQE_002_f002365.jpg,1
20260515_081812_ANKVQE_002_f002370.jpg,1
20260515_081812_ANKVQE_002_f002375.jpg,1
20260515_081812_ANKVQE_002_f002380.jpg,1
20260515_081812_ANKVQE_002_f002385.jpg,1
20260515_081812_ANKVQE_002_f002390.jpg,1
20260515_081812_ANKVQE_002_f002395.jpg,1
20260515_081812_ANKVQE_002_f002400.jpg,1
20260515_081812_ANKVQE_002_f002405.jpg,1
20260515_081812_ANKVQE_002_f002410.jpg,1
20260515_081812_ANKVQE_002_f002415.jpg,1
20260515_081812_ANKVQE_002_f002420.jpg,1
20260515_081812_ANKVQE_002_f002425.jpg,1
20260515_081812_ANKVQE_002_f002430.jpg,1
20260515_081812_ANKVQE_002_f002435.jpg,1
20260515_081812_ANKVQE_002_f002440.jpg,1
20260515_081812_ANKVQE_002_f002445.jpg,1
20260515_081812_ANKVQE_002_f002450.jpg,1
20260515_081812_ANKVQE_002_f002455.jpg,1
20260515_081812_ANKVQE_002_f002460.jpg,1
20260515_081812_ANKVQE_002_f002465.jpg,1
20260515_081812_ANKVQE_002_f002470.jpg,1
20260515_081812_ANKVQE_002_f002475.jpg,1
20260515_081812_ANKVQE_002_f002480.jpg,1
20260515_081812_ANKVQE_002_f002485.jpg,1
20260515_081812_ANKVQE_002_f002490.jpg,1
20260515_081812_ANKVQE_002_f002495.jpg,1
20260515_081812_ANKVQE_002_f002500.jpg,1
20260515_081812_ANKVQE_002_f002505.jpg,1
20260515_081812_ANKVQE_002_f002510.jpg,1
20260515_081812_ANKVQE_002_f002515.jpg,1
20260515_081812_ANKVQE_002_f002520.jpg,1
20260515_081812_ANKVQE_002_f002525.jpg,1
20260515_081812_ANKVQE_002_f002530.jpg,1
20260515_081812_ANKVQE_002_f002535.jpg,1
20260515_081812_ANKVQE_002_f002540.jpg,1
20260515_081812_ANKVQE_002_f002545.jpg,1
20260515_081812_ANKVQE_002_f002550.jpg,1
20260515_081812_ANKVQE_002_f002555.jpg,1
20260515_081812_ANKVQE_002_f002560.jpg,1
20260515_081812_ANKVQE_002_f002565.jpg,1
20260515_081812_ANKVQE_002_f002570.jpg,1
20260515_081812_ANKVQE_002_f002575.jpg,1
20260515_081812_ANKVQE_002_f002580.jpg,1
20260515_081812_ANKVQE_002_f002585.jpg,1
20260515_081812_ANKVQE_002_f002590.jpg,1
20260515_081812_ANKVQE_002_f002595.jpg,1
20260515_081812_ANKVQE_002_f002600.jpg,1
20260515_081812_ANKVQE_002_f002605.jpg,1
20260515_081812_ANKVQE_002_f002610.jpg,1
20260515_081812_ANKVQE_002_f002615.jpg,1
20260515_081812_ANKVQE_002_f002620.jpg,1
20260515_081812_ANKVQE_002_f002625.jpg,1
20260515_081812_ANKVQE_002_f002630.jpg,1
20260515_081812_ANKVQE_002_f002635.jpg,1
20260515_081812_ANKVQE_002_f002640.jpg,1
20260515_081812_ANKVQE_002_f002645.jpg,1
20260515_081812_ANKVQE_002_f002650.jpg,1
20260515_081812_ANKVQE_002_f002655.jpg,1
20260515_081812_ANKVQE_002_f002660.jpg,1
20260515_081812_ANKVQE_002_f002665.jpg,1
20260515_081812_ANKVQE_002_f002670.jpg,1
20260515_081812_ANKVQE_002_f002675.jpg,1
20260515_081812_ANKVQE_002_f002680.jpg,1
20260515_081812_ANKVQE_002_f002685.jpg,1
20260515_081812_ANKVQE_002_f002690.jpg,1
20260515_081812_ANKVQE_002_f002695.jpg,1
20260515_081812_ANKVQE_002_f002700.jpg,1
20260515_081812_ANKVQE_002_f002705.jpg,1
20260515_081812_ANKVQE_002_f002710.jpg,1
20260515_081812_ANKVQE_002_f002715.jpg,1
20260515_081812_ANKVQE_002_f002720.jpg,1
20260515_081812_ANKVQE_002_f002725.jpg,1
20260515_081812_ANKVQE_002_f002730.jpg,1
20260515_081812_ANKVQE_002_f002735.jpg,1
20260515_081812_ANKVQE_002_f002740.jpg,1
20260515_081812_ANKVQE_002_f002745.jpg,1
20260515_081812_ANKVQE_002_f002750.jpg,1
20260515_081812_ANKVQE_002_f002755.jpg,1
20260515_081812_ANKVQE_002_f002760.jpg,1
20260515_081812_ANKVQE_002_f002765.jpg,1
20260515_081812_ANKVQE_002_f002770.jpg,1
20260515_081812_ANKVQE_002_f002775.jpg,1
20260515_081812_ANKVQE_002_f002780.jpg,1
20260515_081812_ANKVQE_002_f002785.jpg,1
20260515_081812_ANKVQE_002_f002790.jpg,1
20260515_081812_ANKVQE_002_f002795.jpg,1
20260515_081812_ANKVQE_002_f002800.jpg,1
20260515_081812_ANKVQE_002_f002805.jpg,1
20260515_081812_ANKVQE_002_f002810.jpg,1
20260515_081812_ANKVQE_002_f002815.jpg,1
20260515_081812_ANKVQE_002_f002820.jpg,1
20260515_081812_ANKVQE_002_f002825.jpg,1
20260515_081812_ANKVQE_002_f002830.jpg,1
20260515_081812_ANKVQE_002_f002835.jpg,1
20260515_081812_ANKVQE_002_f002840.jpg,1
20260515_081812_ANKVQE_002_f002845.jpg,1
20260515_081812_ANKVQE_002_f002850.jpg,1
20260515_081812_ANKVQE_002_f002855.jpg,1
20260515_081812_ANKVQE_002_f002860.jpg,1
20260515_081812_ANKVQE_002_f002865.jpg,1
20260515_081812_ANKVQE_002_f002870.jpg,1
20260515_081812_ANKVQE_002_f002875.jpg,1
20260515_081812_ANKVQE_002_f002880.jpg,1
20260515_081812_ANKVQE_002_f002885.jpg,1
20260515_081812_ANKVQE_002_f002890.jpg,1
20260515_081812_ANKVQE_002_f002895.jpg,1
20260515_081812_ANKVQE_002_f002900.jpg,1
20260515_081812_ANKVQE_002_f002905.jpg,1
20260515_081812_ANKVQE_002_f002910.jpg,1
20260515_081812_ANKVQE_002_f002915.jpg,1
20260515_081812_ANKVQE_002_f002920.jpg,1
20260515_081812_ANKVQE_002_f002925.jpg,1
20260515_081812_ANKVQE_002_f002930.jpg,1
20260515_081812_ANKVQE_002_f002935.jpg,1
20260515_081812_ANKVQE_002_f002940.jpg,1
20260515_081812_ANKVQE_002_f002945.jpg,1
20260515_081812_ANKVQE_002_f002950.jpg,1
20260515_081812_ANKVQE_002_f002955.jpg,1
20260515_081812_ANKVQE_002_f002960.jpg,1
20260515_081812_ANKVQE_002_f002965.jpg,1
20260515_081812_ANKVQE_002_f002970.jpg,1
20260515_081812_ANKVQE_002_f002975.jpg,1
20260515_081812_ANKVQE_002_f002980.jpg,1
20260515_081812_ANKVQE_002_f002985.jpg,1
20260515_081812_ANKVQE_002_f002990.jpg,1
20260515_081812_ANKVQE_002_f002995.jpg,1
20260515_081812_ANKVQE_002_f003000.jpg,1
20260515_081812_ANKVQE_002_f003005.jpg,1
20260515_081812_ANKVQE_002_f003010.jpg,1
20260515_081812_ANKVQE_002_f003015.jpg,1
20260515_081812_ANKVQE_002_f003020.jpg,1
20260515_081812_ANKVQE_002_f003025.jpg,1
20260515_081812_ANKVQE_002_f003030.jpg,1
20260515_081812_ANKVQE_002_f003035.jpg,1
20260515_081812_ANKVQE_002_f003040.jpg,1
20260515_081812_ANKVQE_002_f003045.jpg,1
20260515_081812_ANKVQE_002_f003050.jpg,1
20260515_081812_ANKVQE_002_f003055.jpg,1
20260515_081812_ANKVQE_002_f003060.jpg,1
20260515_081812_ANKVQE_002_f003065.jpg,1
20260515_081812_ANKVQE_002_f003070.jpg,1
20260515_081812_ANKVQE_002_f003075.jpg,1
20260515_081812_ANKVQE_002_f003080.jpg,1
20260515_081812_ANKVQE_002_f003085.jpg,1
20260515_081812_ANKVQE_002_f003090.jpg,1
20260515_081812_ANKVQE_002_f003095.jpg,1
20260515_081812_ANKVQE_002_f003100.jpg,1
20260515_081812_ANKVQE_002_f003105.jpg,1
20260515_081812_ANKVQE_002_f003110.jpg,1
20260515_081812_ANKVQE_002_f003115.jpg,1
20260515_081812_ANKVQE_002_f003120.jpg,1
20260515_081812_ANKVQE_002_f003125.jpg,1
20260515_081812_ANKVQE_002_f003130.jpg,1
20260515_081812_ANKVQE_002_f003135.jpg,1
20260515_081812_ANKVQE_002_f003140.jpg,1
20260515_081812_ANKVQE_002_f003145.jpg,1
20260515_081812_ANKVQE_002_f003150.jpg,1
20260515_081812_ANKVQE_002_f003155.jpg,1
20260515_081812_ANKVQE_002_f003160.jpg,1
20260515_081812_ANKVQE_002_f003165.jpg,1
20260515_081812_ANKVQE_002_f003170.jpg,1
20260515_081812_ANKVQE_002_f003175.jpg,1
20260515_081812_ANKVQE_002_f003180.jpg,1
20260515_081812_ANKVQE_002_f003185.jpg,1
20260515_081812_ANKVQE_002_f003190.jpg,1
20260515_081812_ANKVQE_002_f003195.jpg,1
20260515_081812_ANKVQE_002_f003200.jpg,1
20260515_081812_ANKVQE_002_f003205.jpg,1
20260515_081812_ANKVQE_002_f003210.jpg,1
20260515_081812_ANKVQE_002_f003215.jpg,1
20260515_081812_ANKVQE_002_f003220.jpg,1
20260515_081812_ANKVQE_002_f003225.jpg,1
20260515_081812_ANKVQE_002_f003230.jpg,1
20260515_081812_ANKVQE_002_f003235.jpg,1
20260515_081812_ANKVQE_002_f003240.jpg,1
20260515_081812_ANKVQE_002_f003245.jpg,1
20260515_081812_ANKVQE_002_f003250.jpg,1
20260515_081812_ANKVQE_002_f003255.jpg,1
20260515_081812_ANKVQE_002_f003260.jpg,1
20260515_081812_ANKVQE_002_f003265.jpg,1
20260515_081812_ANKVQE_002_f003270.jpg,1
20260515_081812_ANKVQE_002_f003275.jpg,1
20260515_081812_ANKVQE_002_f003280.jpg,1
20260515_081812_ANKVQE_002_f003285.jpg,1
20260515_081812_ANKVQE_002_f003290.jpg,1
20260515_081812_ANKVQE_002_f003295.jpg,1
20260515_081812_ANKVQE_002_f003300.jpg,1
20260515_081812_ANKVQE_002_f003305.jpg,1
20260515_081812_ANKVQE_002_f003310.jpg,1
20260515_081812_ANKVQE_002_f003315.jpg,1
20260515_081812_ANKVQE_002_f003320.jpg,1
20260515_081812_ANKVQE_002_f003325.jpg,1
20260515_081812_ANKVQE_002_f003330.jpg,1
20260515_081812_ANKVQE_002_f003335.jpg,1
20260515_081812_ANKVQE_002_f003340.jpg,1
20260515_081812_ANKVQE_002_f003345.jpg,1
20260515_081812_ANKVQE_002_f003350.jpg,1
20260515_081812_ANKVQE_002_f003355.jpg,1
20260515_081812_ANKVQE_002_f003360.jpg,1
20260515_081812_ANKVQE_002_f003365.jpg,1
20260515_081812_ANKVQE_002_f003370.jpg,1
20260515_081812_ANKVQE_002_f003375.jpg,1
20260515_081812_ANKVQE_002_f003380.jpg,1
20260515_081812_ANKVQE_002_f003385.jpg,1
20260515_081812_ANKVQE_002_f003390.jpg,1
20260515_081812_ANKVQE_002_f003395.jpg,1
20260515_081812_ANKVQE_002_f003400.jpg,1
20260515_081812_ANKVQE_002_f003405.jpg,1
20260515_081812_ANKVQE_002_f003410.jpg,1
20260515_081812_ANKVQE_002_f003415.jpg,1
20260515_081812_ANKVQE_002_f003420.jpg,1
20260515_081812_ANKVQE_002_f003425.jpg,1
20260515_081812_ANKVQE_002_f003430.jpg,1
20260515_081812_ANKVQE_002_f003435.jpg,1
20260515_081812_ANKVQE_002_f003440.jpg,1
20260515_081812_ANKVQE_002_f003445.jpg,1
20260515_081812_ANKVQE_002_f003450.jpg,1
20260515_081812_ANKVQE_002_f003455.jpg,1
20260515_081812_ANKVQE_002_f003460.jpg,1
20260515_081812_ANKVQE_002_f003465.jpg,1
20260515_081812_ANKVQE_002_f003470.jpg,1
20260515_081812_ANKVQE_002_f003475.jpg,1
20260515_081812_ANKVQE_002_f003480.jpg,1
20260515_081812_ANKVQE_002_f003485.jpg,1
20260515_081812_ANKVQE_002_f003490.jpg,1
20260515_081812_ANKVQE_002_f003495.jpg,1
20260515_081812_ANKVQE_002_f003500.jpg,1
20260515_081812_ANKVQE_002_f003505.jpg,1
20260515_081812_ANKVQE_002_f003510.jpg,1
20260515_081812_ANKVQE_002_f003515.jpg,1
20260515_081812_ANKVQE_002_f003520.jpg,1
20260515_081812_ANKVQE_002_f003525.jpg,1
20260515_081812_ANKVQE_002_f003530.jpg,1
20260515_081812_ANKVQE_002_f003535.jpg,1
20260515_081812_ANKVQE_002_f003540.jpg,1
20260515_081812_ANKVQE_002_f003545.jpg,1
20260515_081812_ANKVQE_002_f003550.jpg,1
20260515_081812_ANKVQE_002_f003555.jpg,1
20260515_081812_ANKVQE_002_f003560.jpg,1
20260515_081812_ANKVQE_002_f003565.jpg,1
20260515_081812_ANKVQE_002_f003570.jpg,1
20260515_081812_ANKVQE_002_f003575.jpg,1
20260515_081812_ANKVQE_002_f003580.jpg,1
20260515_081812_ANKVQE_002_f003585.jpg,1
20260515_081812_ANKVQE_002_f003590.jpg,1
20260515_081812_ANKVQE_002_f003595.jpg,1
20260515_081812_ANKVQE_002_f003600.jpg,1
20260515_081812_ANKVQE_002_f003605.jpg,1
20260515_081812_ANKVQE_002_f003610.jpg,1
20260515_081812_ANKVQE_002_f003615.jpg,1
20260515_081812_ANKVQE_002_f003620.jpg,1
20260515_081812_ANKVQE_002_f003625.jpg,1
20260515_081812_ANKVQE_002_f003630.jpg,1
20260515_081812_ANKVQE_002_f003635.jpg,1
20260515_081812_ANKVQE_002_f003640.jpg,1
20260515_081812_ANKVQE_002_f003645.jpg,1
20260515_081812_ANKVQE_002_f003650.jpg,1
20260515_081812_ANKVQE_002_f003655.jpg,1
20260515_081812_ANKVQE_002_f003660.jpg,1
20260515_081812_ANKVQE_002_f003665.jpg,1
20260515_081812_ANKVQE_002_f003670.jpg,1
20260515_081812_ANKVQE_002_f003675.jpg,1
20260515_081812_ANKVQE_002_f003680.jpg,1
20260515_081812_ANKVQE_002_f003685.jpg,1
20260515_081812_ANKVQE_002_f003690.jpg,1
20260515_081812_ANKVQE_002_f003695.jpg,1
20260515_081812_ANKVQE_002_f003700.jpg,1
20260515_081812_ANKVQE_002_f003705.jpg,1
20260515_081812_ANKVQE_002_f003710.jpg,1
20260515_081812_ANKVQE_002_f003715.jpg,1
20260515_081812_ANKVQE_002_f003720.jpg,1
20260515_081812_ANKVQE_002_f003725.jpg,1
20260515_081812_ANKVQE_002_f003730.jpg,1
20260515_081812_ANKVQE_002_f003735.jpg,1
20260515_081812_ANKVQE_002_f003740.jpg,1
20260515_081812_ANKVQE_002_f003745.jpg,1
20260515_081812_ANKVQE_002_f003750.jpg,1
20260515_081812_ANKVQE_002_f003755.jpg,1
20260515_081812_ANKVQE_002_f003760.jpg,1
20260515_081812_ANKVQE_002_f003765.jpg,1
20260515_081812_ANKVQE_002_f003770.jpg,1
20260515_081812_ANKVQE_002_f003775.jpg,1
20260515_081812_ANKVQE_002_f003780.jpg,1
20260515_081812_ANKVQE_002_f003785.jpg,1
20260515_081812_ANKVQE_002_f003790.jpg,1
20260515_081812_ANKVQE_002_f003795.jpg,1
20260515_081812_ANKVQE_002_f003800.jpg,1
20260515_081812_ANKVQE_002_f003805.jpg,1
20260515_081812_ANKVQE_002_f003810.jpg,1
20260515_081812_ANKVQE_002_f003815.jpg,1
20260515_081812_ANKVQE_002_f003820.jpg,1
20260515_081812_ANKVQE_002_f003825.jpg,1
20260515_081812_ANKVQE_002_f003830.jpg,1
20260515_081812_ANKVQE_002_f003835.jpg,1
20260515_081812_ANKVQE_002_f003840.jpg,1
20260515_081812_ANKVQE_002_f003845.jpg,1
20260515_081812_ANKVQE_002_f003850.jpg,1
20260515_081812_ANKVQE_002_f003855.jpg,1
20260515_081812_ANKVQE_002_f003860.jpg,1
20260515_081812_ANKVQE_002_f003865.jpg,1
20260515_081812_ANKVQE_002_f003870.jpg,1
20260515_081812_ANKVQE_002_f003875.jpg,1
20260515_081812_ANKVQE_002_f003880.jpg,1
20260515_081812_ANKVQE_002_f003885.jpg,1
20260515_081812_ANKVQE_002_f003890.jpg,1
20260515_081812_ANKVQE_002_f003895.jpg,1
20260515_081812_ANKVQE_002_f003900.jpg,1
20260515_081812_ANKVQE_002_f003905.jpg,1
20260515_081812_ANKVQE_002_f003910.jpg,1
20260515_081812_ANKVQE_002_f003915.jpg,1
20260515_081812_ANKVQE_002_f003920.jpg,1
20260515_081812_ANKVQE_002_f003925.jpg,1
20260515_081812_ANKVQE_002_f003930.jpg,1
20260515_081812_ANKVQE_002_f003935.jpg,1
20260515_081812_ANKVQE_002_f003940.jpg,1
20260515_081812_ANKVQE_002_f003945.jpg,1
20260515_081812_ANKVQE_002_f003950.jpg,1
20260515_081812_ANKVQE_002_f003955.jpg,1
20260515_081812_ANKVQE_002_f003960.jpg,1
20260515_081812_ANKVQE_002_f003965.jpg,1
20260515_081812_ANKVQE_002_f003970.jpg,1
20260515_081812_ANKVQE_002_f003975.jpg,1
20260515_081812_ANKVQE_002_f003980.jpg,1
20260515_081812_ANKVQE_002_f003985.jpg,1
20260515_081812_ANKVQE_002_f003990.jpg,1
20260515_081812_ANKVQE_002_f003995.jpg,1
20260515_081812_ANKVQE_002_f004000.jpg,1
20260515_081812_ANKVQE_002_f004005.jpg,1
20260515_081812_ANKVQE_002_f004010.jpg,1
20260515_081812_ANKVQE_002_f004015.jpg,1
20260515_081812_ANKVQE_002_f004020.jpg,1
20260515_081812_ANKVQE_002_f004025.jpg,1
20260515_081812_ANKVQE_002_f004030.jpg,1
20260515_081812_ANKVQE_002_f004035.jpg,1
20260515_081812_ANKVQE_002_f004040.jpg,1
20260515_081812_ANKVQE_002_f004045.jpg,1
20260515_081812_ANKVQE_002_f004050.jpg,1
20260515_081812_ANKVQE_002_f004055.jpg,1
20260515_081812_ANKVQE_002_f004060.jpg,1
20260515_081812_ANKVQE_002_f004065.jpg,1
20260515_081812_ANKVQE_002_f004070.jpg,1
20260515_081812_ANKVQE_002_f004075.jpg,1
20260515_081812_ANKVQE_002_f004080.jpg,1
20260515_081812_ANKVQE_002_f004085.jpg,1
20260515_081812_ANKVQE_002_f004090.jpg,1
20260515_081812_ANKVQE_002_f004095.jpg,1
20260515_081812_ANKVQE_002_f004100.jpg,1
20260515_081812_ANKVQE_002_f004105.jpg,1
20260515_081812_ANKVQE_002_f004110.jpg,1
20260515_081812_ANKVQE_002_f004115.jpg,1
20260515_081812_ANKVQE_002_f004120.jpg,1
20260515_081812_ANKVQE_002_f004125.jpg,1
20260515_081812_ANKVQE_002_f004130.jpg,1
20260515_081812_ANKVQE_002_f004135.jpg,1
20260515_081812_ANKVQE_002_f004140.jpg,1
20260515_081812_ANKVQE_002_f004145.jpg,1
20260515_081812_ANKVQE_002_f004150.jpg,1
20260515_081812_ANKVQE_002_f004155.jpg,1
20260515_081812_ANKVQE_002_f004160.jpg,1
20260515_081812_ANKVQE_002_f004165.jpg,1
20260515_081812_ANKVQE_002_f004170.jpg,1
20260515_081812_ANKVQE_002_f004175.jpg,1
20260515_081812_ANKVQE_002_f004180.jpg,1
20260515_081812_ANKVQE_002_f004185.jpg,1
20260515_081812_ANKVQE_002_f004190.jpg,1
20260515_081812_ANKVQE_002_f004195.jpg,1
20260515_081812_ANKVQE_002_f004200.jpg,1
20260515_081812_ANKVQE_002_f004205.jpg,1
20260515_081812_ANKVQE_002_f004210.jpg,1
20260515_081812_ANKVQE_002_f004215.jpg,1
20260515_081812_ANKVQE_002_f004220.jpg,1
20260515_081812_ANKVQE_002_f004225.jpg,1
20260515_081812_ANKVQE_002_f004230.jpg,1
20260515_081812_ANKVQE_002_f004235.jpg,1
20260515_081812_ANKVQE_002_f004240.jpg,1
20260515_081812_ANKVQE_002_f004245.jpg,1
20260515_081812_ANKVQE_002_f004250.jpg,1
20260515_081812_ANKVQE_002_f004255.jpg,1
20260515_081812_ANKVQE_002_f004260.jpg,1
20260515_081812_ANKVQE_002_f004265.jpg,1
20260515_081812_ANKVQE_002_f004270.jpg,1
20260515_081812_ANKVQE_002_f004275.jpg,1
20260515_081812_ANKVQE_002_f004280.jpg,1
20260515_081812_ANKVQE_002_f004285.jpg,1
20260515_081812_ANKVQE_002_f004290.jpg,1
20260515_081812_ANKVQE_002_f004295.jpg,1
20260515_081812_ANKVQE_002_f004300.jpg,1
20260515_081812_ANKVQE_002_f004305.jpg,1
20260515_081812_ANKVQE_002_f004310.jpg,1
20260515_081812_ANKVQE_002_f004315.jpg,1
20260515_081812_ANKVQE_002_f004320.jpg,1
20260515_081812_ANKVQE_002_f004325.jpg,1
20260515_081812_ANKVQE_002_f004330.jpg,1
20260515_081812_ANKVQE_002_f004335.jpg,1
20260515_081812_ANKVQE_002_f004340.jpg,1
20260515_081812_ANKVQE_002_f004345.jpg,1
20260515_081812_ANKVQE_002_f004350.jpg,1
20260515_081812_ANKVQE_002_f004355.jpg,1
20260515_081812_ANKVQE_002_f004360.jpg,1
20260515_081812_ANKVQE_002_f004365.jpg,1
20260515_081812_ANKVQE_002_f004370.jpg,1
20260515_081812_ANKVQE_002_f004375.jpg,1
20260515_081812_ANKVQE_002_f004380.jpg,1
20260515_081812_ANKVQE_002_f004385.jpg,1
20260515_081812_ANKVQE_002_f004390.jpg,1
20260515_081812_ANKVQE_002_f004395.jpg,1
20260515_081812_ANKVQE_002_f004400.jpg,1
20260515_081812_ANKVQE_002_f004405.jpg,1
20260515_081812_ANKVQE_002_f004410.jpg,1
20260515_081812_ANKVQE_002_f004415.jpg,1
20260515_081812_ANKVQE_002_f004420.jpg,1
20260515_081812_ANKVQE_002_f004425.jpg,1
20260515_081812_ANKVQE_002_f004430.jpg,1
20260515_081812_ANKVQE_002_f004435.jpg,1
20260515_081812_ANKVQE_002_f004440.jpg,1
20260515_081812_ANKVQE_002_f004445.jpg,1
20260515_081812_ANKVQE_002_f004450.jpg,1
20260515_081812_ANKVQE_002_f004455.jpg,1
20260515_081812_ANKVQE_002_f004460.jpg,1
20260515_081812_ANKVQE_002_f004465.jpg,1
20260515_081812_ANKVQE_002_f004470.jpg,1
20260515_081812_ANKVQE_002_f004475.jpg,1
20260515_081812_ANKVQE_002_f004480.jpg,1
20260515_081812_ANKVQE_002_f004485.jpg,1
20260515_081812_ANKVQE_002_f004490.jpg,1
20260515_081812_ANKVQE_002_f004495.jpg,1
20260515_081812_ANKVQE_002_f004500.jpg,1
20260515_081812_ANKVQE_002_f004505.jpg,1
20260515_081812_ANKVQE_002_f004510.jpg,1
20260515_081812_ANKVQE_002_f004515.jpg,1
20260515_081812_ANKVQE_002_f004520.jpg,1
20260515_081812_ANKVQE_002_f004525.jpg,1
20260515_081812_ANKVQE_002_f004530.jpg,1
20260515_081812_ANKVQE_002_f004535.jpg,1
20260515_081812_ANKVQE_002_f004540.jpg,1
20260515_081812_ANKVQE_002_f004545.jpg,1
20260515_081812_ANKVQE_002_f004550.jpg,1
20260515_081812_ANKVQE_002_f004555.jpg,1
20260515_081812_ANKVQE_002_f004560.jpg,1
20260515_081812_ANKVQE_002_f004565.jpg,1
20260515_081812_ANKVQE_002_f004570.jpg,1
20260515_081812_ANKVQE_002_f004575.jpg,1
20260515_081812_ANKVQE_002_f004580.jpg,1
20260515_081812_ANKVQE_002_f004585.jpg,1
20260515_081812_ANKVQE_002_f004590.jpg,1
20260515_081812_ANKVQE_002_f004595.jpg,1
20260515_081812_ANKVQE_002_f004600.jpg,1
20260515_081812_ANKVQE_002_f004605.jpg,1
20260515_081812_ANKVQE_002_f004610.jpg,1
20260515_081812_ANKVQE_002_f004615.jpg,1
20260515_081812_ANKVQE_002_f004620.jpg,1
20260515_081812_ANKVQE_002_f004625.jpg,1
20260515_081812_ANKVQE_002_f004630.jpg,1
20260515_081812_ANKVQE_002_f004635.jpg,1
20260515_081812_ANKVQE_002_f004640.jpg,1
20260515_081812_ANKVQE_002_f004645.jpg,1
20260515_081812_ANKVQE_002_f004650.jpg,1
20260515_081812_ANKVQE_002_f004655.jpg,1
20260515_081812_ANKVQE_002_f004660.jpg,1
20260515_081812_ANKVQE_002_f004665.jpg,1
20260515_081812_ANKVQE_002_f004670.jpg,1
20260515_081812_ANKVQE_002_f004675.jpg,1
20260515_081812_ANKVQE_002_f004680.jpg,1
20260515_081812_ANKVQE_002_f004685.jpg,1
20260515_081812_ANKVQE_002_f004690.jpg,1
20260515_081812_ANKVQE_002_f004695.jpg,1
20260515_081812_ANKVQE_002_f004700.jpg,1
20260515_081812_ANKVQE_002_f004705.jpg,1
20260515_081812_ANKVQE_002_f004710.jpg,1
20260515_081812_ANKVQE_002_f004715.jpg,1
20260515_081812_ANKVQE_002_f004720.jpg,1
20260515_081812_ANKVQE_002_f004725.jpg,1
20260515_081812_ANKVQE_002_f004730.jpg,1
20260515_081812_ANKVQE_002_f004735.jpg,1
20260515_081812_ANKVQE_002_f004740.jpg,1
20260515_081812_ANKVQE_002_f004745.jpg,1
20260515_081812_ANKVQE_002_f004750.jpg,1
20260515_081812_ANKVQE_002_f004755.jpg,1
20260515_081812_ANKVQE_002_f004760.jpg,1
20260515_081812_ANKVQE_002_f004765.jpg,1
20260515_081812_ANKVQE_002_f004770.jpg,1
20260515_081812_ANKVQE_002_f004775.jpg,1
20260515_081812_ANKVQE_002_f004780.jpg,1
20260515_081812_ANKVQE_002_f004785.jpg,1
20260515_081812_ANKVQE_002_f004790.jpg,1
20260515_081812_ANKVQE_002_f004795.jpg,1
20260515_081812_ANKVQE_002_f004800.jpg,1
20260515_081812_ANKVQE_002_f004805.jpg,1
20260515_081812_ANKVQE_002_f004810.jpg,1
20260515_081812_ANKVQE_002_f004815.jpg,1
20260515_081812_ANKVQE_002_f004820.jpg,1
20260515_081812_ANKVQE_002_f004825.jpg,1
20260515_081812_ANKVQE_002_f004830.jpg,1
20260515_081812_ANKVQE_002_f004835.jpg,1
20260515_081812_ANKVQE_002_f004840.jpg,1
20260515_081812_ANKVQE_002_f004845.jpg,1
20260515_081812_ANKVQE_002_f004850.jpg,1
20260515_081812_ANKVQE_002_f004855.jpg,1
20260515_081812_ANKVQE_002_f004860.jpg,1
20260515_081812_ANKVQE_002_f004865.jpg,1
20260515_081812_ANKVQE_002_f004870.jpg,1
20260515_081812_ANKVQE_002_f004875.jpg,1
20260515_081812_ANKVQE_002_f004880.jpg,1
20260515_081812_ANKVQE_002_f004885.jpg,1
20260515_081812_ANKVQE_002_f004890.jpg,1
20260515_081812_ANKVQE_002_f004895.jpg,1
20260515_081812_ANKVQE_002_f004900.jpg,1
20260515_081812_ANKVQE_002_f004905.jpg,1
20260515_081812_ANKVQE_002_f004910.jpg,1
20260515_081812_ANKVQE_002_f004915.jpg,1
20260515_081812_ANKVQE_002_f004920.jpg,1
20260515_081812_ANKVQE_002_f004925.jpg,1
20260515_081812_ANKVQE_002_f004930.jpg,1
20260515_081812_ANKVQE_002_f004935.jpg,1
20260515_081812_ANKVQE_002_f004940.jpg,1
20260515_081812_ANKVQE_002_f004945.jpg,1
20260515_081812_ANKVQE_002_f004950.jpg,1
20260515_081812_ANKVQE_002_f004955.jpg,1
20260515_081812_ANKVQE_002_f004960.jpg,1
20260515_081812_ANKVQE_002_f004965.jpg,1
20260515_081812_ANKVQE_002_f004970.jpg,1
20260515_081812_ANKVQE_002_f004975.jpg,1
20260515_081812_ANKVQE_002_f004980.jpg,1
20260515_081812_ANKVQE_002_f004985.jpg,1
20260515_081812_ANKVQE_002_f004990.jpg,1
20260515_081812_ANKVQE_002_f004995.jpg,1
20260515_081812_ANKVQE_002_f005000.jpg,1
20260515_081812_ANKVQE_002_f005005.jpg,1
20260515_081812_ANKVQE_002_f005010.jpg,1
20260515_081812_ANKVQE_002_f005015.jpg,1
20260515_081812_ANKVQE_002_f005020.jpg,1
20260515_081812_ANKVQE_002_f005025.jpg,1
20260515_081812_ANKVQE_002_f005030.jpg,1
20260515_081812_ANKVQE_002_f005035.jpg,1
20260515_081812_ANKVQE_002_f005040.jpg,1
20260515_081812_ANKVQE_002_f005045.jpg,1
20260515_081812_ANKVQE_002_f005050.jpg,1
20260515_081812_ANKVQE_002_f005055.jpg,1
20260515_081812_ANKVQE_002_f005060.jpg,1
20260515_081812_ANKVQE_002_f005065.jpg,1
20260515_081812_ANKVQE_002_f005070.jpg,1
20260515_081812_ANKVQE_002_f005075.jpg,1
20260515_081812_ANKVQE_002_f005080.jpg,1
20260515_081812_ANKVQE_002_f005085.jpg,1
20260515_081812_ANKVQE_002_f005090.jpg,1
20260515_081812_ANKVQE_002_f005095.jpg,1
20260515_081812_ANKVQE_002_f005100.jpg,1
20260515_081812_ANKVQE_002_f005105.jpg,1
20260515_081812_ANKVQE_002_f005110.jpg,1
20260515_081812_ANKVQE_002_f005115.jpg,1
20260515_081812_ANKVQE_002_f005120.jpg,1
20260515_081812_ANKVQE_002_f005125.jpg,1
20260515_081812_ANKVQE_002_f005130.jpg,1
20260515_081812_ANKVQE_002_f005135.jpg,1
20260515_081812_ANKVQE_002_f005140.jpg,1
20260515_081812_ANKVQE_002_f005145.jpg,1
20260515_081812_ANKVQE_002_f005150.jpg,1
20260515_081812_ANKVQE_002_f005155.jpg,1
20260515_081812_ANKVQE_002_f005160.jpg,1
20260515_081812_ANKVQE_002_f005165.jpg,1
20260515_081812_ANKVQE_002_f005170.jpg,1
20260515_081812_ANKVQE_002_f005175.jpg,1
20260515_081812_ANKVQE_002_f005180.jpg,1
20260515_081812_ANKVQE_002_f005185.jpg,1
20260515_081812_ANKVQE_002_f005190.jpg,1
20260515_081812_ANKVQE_002_f005195.jpg,1
20260515_081812_ANKVQE_002_f005200.jpg,1
20260515_081812_ANKVQE_002_f005205.jpg,1
20260515_081812_ANKVQE_002_f005210.jpg,1
20260515_081812_ANKVQE_002_f005215.jpg,1
20260515_081812_ANKVQE_002_f005220.jpg,1
20260515_081812_ANKVQE_002_f005225.jpg,1
20260515_081812_ANKVQE_002_f005230.jpg,1
20260515_081812_ANKVQE_002_f005235.jpg,1
20260515_081812_ANKVQE_002_f005240.jpg,1
20260515_081812_ANKVQE_002_f005245.jpg,1
20260515_081812_ANKVQE_002_f005250.jpg,1
20260515_081812_ANKVQE_002_f005255.jpg,1
20260515_081812_ANKVQE_002_f005260.jpg,1
20260515_081812_ANKVQE_002_f005265.jpg,1
20260515_081812_ANKVQE_002_f005270.jpg,1
20260515_081812_ANKVQE_002_f005275.jpg,1
20260515_081812_ANKVQE_002_f005280.jpg,1
20260515_081812_ANKVQE_002_f005285.jpg,1
20260515_081812_ANKVQE_002_f005290.jpg,1
20260515_081812_ANKVQE_002_f005295.jpg,1
20260515_081812_ANKVQE_002_f005300.jpg,1
20260515_081812_ANKVQE_002_f005305.jpg,1
20260515_081812_ANKVQE_002_f005310.jpg,1
20260515_081812_ANKVQE_002_f005315.jpg,1
20260515_081812_ANKVQE_002_f005320.jpg,1
20260515_081812_ANKVQE_002_f005325.jpg,1
20260515_081812_ANKVQE_002_f005330.jpg,1
20260515_081812_ANKVQE_002_f005335.jpg,1
20260515_081812_ANKVQE_002_f005340.jpg,1
20260515_081812_ANKVQE_002_f005345.jpg,1
20260515_081812_ANKVQE_002_f005350.jpg,1
20260515_081812_ANKVQE_002_f005355.jpg,1
20260515_081812_ANKVQE_002_f005360.jpg,1
20260515_081812_ANKVQE_002_f005365.jpg,1
20260515_081812_ANKVQE_002_f005370.jpg,1
20260515_081812_ANKVQE_002_f005375.jpg,1
20260515_081812_ANKVQE_002_f005380.jpg,1
20260515_081812_ANKVQE_002_f005385.jpg,1
20260515_081812_ANKVQE_002_f005390.jpg,1
20260515_081812_ANKVQE_002_f005395.jpg,1
20260515_081812_ANKVQE_002_f005400.jpg,1
20260515_081812_ANKVQE_002_f005405.jpg,1
20260515_081812_ANKVQE_002_f005410.jpg,1
20260515_081812_ANKVQE_002_f005415.jpg,1
20260515_081812_ANKVQE_002_f005420.jpg,1
20260515_081812_ANKVQE_002_f005425.jpg,1
20260515_081812_ANKVQE_002_f005430.jpg,1
20260515_081812_ANKVQE_002_f005435.jpg,1
20260515_081812_ANKVQE_002_f005440.jpg,1
20260515_081812_ANKVQE_002_f005445.jpg,1
20260515_081812_ANKVQE_002_f005450.jpg,1
20260515_081812_ANKVQE_002_f005455.jpg,1
20260515_081812_ANKVQE_002_f005460.jpg,1
20260515_081812_ANKVQE_002_f005465.jpg,1
20260515_081812_ANKVQE_002_f005470.jpg,1
20260515_081812_ANKVQE_002_f005475.jpg,1
20260515_081812_ANKVQE_002_f005480.jpg,1
20260515_081812_ANKVQE_002_f005485.jpg,1
20260515_081812_ANKVQE_002_f005490.jpg,1
20260515_081812_ANKVQE_002_f005495.jpg,1
20260515_081812_ANKVQE_002_f005500.jpg,1
20260515_081812_ANKVQE_002_f005505.jpg,1
20260515_081812_ANKVQE_002_f005510.jpg,1
20260515_081812_ANKVQE_002_f005515.jpg,1
20260515_081812_ANKVQE_002_f005520.jpg,1
20260515_081812_ANKVQE_002_f005525.jpg,1
20260515_081812_ANKVQE_002_f005530.jpg,1
20260515_081812_ANKVQE_002_f005535.jpg,1
20260515_081812_ANKVQE_002_f005540.jpg,1
20260515_081812_ANKVQE_002_f005545.jpg,1
20260515_081812_ANKVQE_002_f005550.jpg,1
20260515_081812_ANKVQE_002_f005555.jpg,1
20260515_081812_ANKVQE_002_f005560.jpg,1
20260515_081812_ANKVQE_002_f005565.jpg,1
20260515_081812_ANKVQE_002_f005570.jpg,1
20260515_081812_ANKVQE_002_f005575.jpg,1
20260515_081812_ANKVQE_002_f005580.jpg,1
20260515_081812_ANKVQE_002_f005585.jpg,1
20260515_081812_ANKVQE_002_f005590.jpg,1
20260515_081812_ANKVQE_002_f005595.jpg,1
20260515_081812_ANKVQE_002_f005600.jpg,1
20260515_081812_ANKVQE_002_f005605.jpg,1
20260515_081812_ANKVQE_002_f005610.jpg,1
20260515_081812_ANKVQE_002_f005615.jpg,1
20260515_081812_ANKVQE_002_f005620.jpg,1
20260515_081812_ANKVQE_002_f005625.jpg,1
20260515_081812_ANKVQE_002_f005630.jpg,1
20260515_081812_ANKVQE_002_f005635.jpg,1
20260515_081812_ANKVQE_002_f005640.jpg,1
20260515_081812_ANKVQE_002_f005645.jpg,1
20260515_081812_ANKVQE_002_f005650.jpg,1
20260515_081812_ANKVQE_002_f005655.jpg,1
20260515_081812_ANKVQE_002_f005660.jpg,1
20260515_081812_ANKVQE_002_f005665.jpg,1
20260515_081812_ANKVQE_002_f005670.jpg,1
20260515_081812_ANKVQE_002_f005675.jpg,1
20260515_081812_ANKVQE_002_f005680.jpg,1
20260515_081812_ANKVQE_002_f005685.jpg,1
20260515_081812_ANKVQE_002_f005690.jpg,1
20260515_081812_ANKVQE_002_f005695.jpg,1
20260515_081812_ANKVQE_002_f005700.jpg,1
20260515_081812_ANKVQE_002_f005705.jpg,1
20260515_081812_ANKVQE_002_f005710.jpg,1
20260515_081812_ANKVQE_002_f005715.jpg,1
20260515_081812_ANKVQE_002_f005720.jpg,1
20260515_081812_ANKVQE_002_f005725.jpg,1
20260515_081812_ANKVQE_002_f005730.jpg,1
20260515_081812_ANKVQE_002_f005735.jpg,1
20260515_081812_ANKVQE_002_f005740.jpg,1
20260515_081812_ANKVQE_002_f005745.jpg,1
20260515_081812_ANKVQE_002_f005750.jpg,1
20260515_081812_ANKVQE_002_f005755.jpg,1
20260515_081812_ANKVQE_002_f005760.jpg,1
20260515_081812_ANKVQE_002_f005765.jpg,1
20260515_081812_ANKVQE_002_f005770.jpg,1
20260515_081812_ANKVQE_002_f005775.jpg,1
20260515_081812_ANKVQE_002_f005780.jpg,1
20260515_081812_ANKVQE_002_f005785.jpg,1
20260515_081812_ANKVQE_002_f005790.jpg,1
20260515_081812_ANKVQE_002_f005795.jpg,1
20260515_081812_ANKVQE_002_f005800.jpg,1
20260515_081812_ANKVQE_002_f005805.jpg,1
20260515_081812_ANKVQE_002_f005810.jpg,1
20260515_081812_ANKVQE_002_f005815.jpg,1
20260515_081812_ANKVQE_002_f005820.jpg,1
20260515_081812_ANKVQE_002_f005825.jpg,1
20260515_081812_ANKVQE_002_f005830.jpg,1
20260515_081812_ANKVQE_002_f005835.jpg,1
20260515_081812_ANKVQE_002_f005840.jpg,1
20260515_081812_ANKVQE_002_f005845.jpg,1
20260515_081812_ANKVQE_002_f005850.jpg,1
20260515_081812_ANKVQE_002_f005855.jpg,1
20260515_081812_ANKVQE_002_f005860.jpg,1
20260515_081812_ANKVQE_002_f005865.jpg,1
20260515_081812_ANKVQE_002_f005870.jpg,1
20260515_081812_ANKVQE_002_f005875.jpg,1
20260515_081812_ANKVQE_002_f005880.jpg,1
20260515_081812_ANKVQE_002_f005885.jpg,1
20260515_081812_ANKVQE_002_f005890.jpg,1
20260515_081812_ANKVQE_002_f005895.jpg,1
20260515_081812_ANKVQE_002_f005900.jpg,1
20260515_081812_ANKVQE_002_f005905.jpg,1
20260515_081812_ANKVQE_002_f005910.jpg,1
20260515_081812_ANKVQE_002_f005915.jpg,1
20260515_081812_ANKVQE_002_f005920.jpg,1
20260515_081812_ANKVQE_002_f005925.jpg,1
20260515_081812_ANKVQE_002_f005930.jpg,1
20260515_081812_ANKVQE_002_f005935.jpg,1
20260515_081812_ANKVQE_002_f005940.jpg,1
20260515_081812_ANKVQE_002_f005945.jpg,1
20260515_081812_ANKVQE_002_f005950.jpg,1
20260515_081812_ANKVQE_002_f005955.jpg,1
20260515_081812_ANKVQE_002_f005960.jpg,1
20260515_081812_ANKVQE_002_f005965.jpg,1
20260515_081812_ANKVQE_002_f005970.jpg,1
20260515_081812_ANKVQE_002_f005975.jpg,1
20260515_081812_ANKVQE_002_f005980.jpg,1
20260515_081812_ANKVQE_002_f005985.jpg,1
20260515_081812_ANKVQE_002_f005990.jpg,1
20260515_081812_ANKVQE_002_f005995.jpg,1
20260515_081812_ANKVQE_002_f006000.jpg,1
20260515_081812_ANKVQE_002_f006005.jpg,1
20260515_081812_ANKVQE_002_f006010.jpg,1
20260515_081812_ANKVQE_002_f006015.jpg,1
20260515_081812_ANKVQE_002_f006020.jpg,1
20260515_081812_ANKVQE_002_f006025.jpg,1
20260515_081812_ANKVQE_002_f006030.jpg,1
20260515_081812_ANKVQE_002_f006035.jpg,1
20260515_081812_ANKVQE_002_f006040.jpg,1
20260515_081812_ANKVQE_002_f006045.jpg,1
20260515_081812_ANKVQE_002_f006050.jpg,1
20260515_081812_ANKVQE_002_f006055.jpg,1
20260515_081812_ANKVQE_002_f006060.jpg,1
20260515_081812_ANKVQE_002_f006065.jpg,1
20260515_081812_ANKVQE_002_f006070.jpg,1
20260515_081812_ANKVQE_002_f006075.jpg,1
20260515_081812_ANKVQE_002_f006080.jpg,1
20260515_081812_ANKVQE_002_f006085.jpg,1
20260515_081812_ANKVQE_002_f006090.jpg,1
20260515_081812_ANKVQE_002_f006095.jpg,1
20260515_081812_ANKVQE_002_f006100.jpg,1
20260515_081812_ANKVQE_002_f006105.jpg,1
20260515_081812_ANKVQE_002_f006110.jpg,1
20260515_081812_ANKVQE_002_f006115.jpg,1
20260515_081812_ANKVQE_002_f006120.jpg,1
20260515_081812_ANKVQE_002_f006125.jpg,1
20260515_081812_ANKVQE_002_f006130.jpg,1
20260515_081812_ANKVQE_002_f006135.jpg,1
20260515_081812_ANKVQE_002_f006140.jpg,1
20260515_081812_ANKVQE_002_f006145.jpg,1
20260515_081812_ANKVQE_002_f006150.jpg,1
20260515_081812_ANKVQE_002_f006155.jpg,1
20260515_081812_ANKVQE_002_f006160.jpg,1
20260515_081812_ANKVQE_002_f006165.jpg,1
20260515_081812_ANKVQE_002_f006170.jpg,1
20260515_081812_ANKVQE_002_f006175.jpg,1
20260515_081812_ANKVQE_002_f006180.jpg,1
20260515_081812_ANKVQE_002_f006185.jpg,1
20260515_081812_ANKVQE_002_f006190.jpg,1
20260515_081812_ANKVQE_002_f006195.jpg,1
20260515_081812_ANKVQE_002_f006200.jpg,1
20260515_081812_ANKVQE_002_f006205.jpg,1
20260515_081812_ANKVQE_002_f006210.jpg,1
20260515_081812_ANKVQE_002_f006215.jpg,1
20260515_081812_ANKVQE_002_f006220.jpg,1
20260515_081812_ANKVQE_002_f006225.jpg,1
20260515_081812_ANKVQE_002_f006230.jpg,1
20260515_081812_ANKVQE_002_f006235.jpg,1
20260515_081812_ANKVQE_002_f006240.jpg,1
20260515_081812_ANKVQE_002_f006245.jpg,1
20260515_081812_ANKVQE_002_f006250.jpg,1
20260515_081812_ANKVQE_002_f006255.jpg,1
20260515_081812_ANKVQE_002_f006260.jpg,1
20260515_081812_ANKVQE_002_f006265.jpg,1
20260515_081812_ANKVQE_002_f006270.jpg,1
20260515_081812_ANKVQE_002_f006275.jpg,1
20260515_081812_ANKVQE_002_f006280.jpg,1
20260515_081812_ANKVQE_002_f006285.jpg,1
20260515_081812_ANKVQE_002_f006290.jpg,1
20260515_081812_ANKVQE_002_f006295.jpg,1
20260515_081812_ANKVQE_002_f006300.jpg,1
20260515_081812_ANKVQE_002_f006305.jpg,1
20260515_081812_ANKVQE_002_f006310.jpg,1
20260515_081812_ANKVQE_002_f006315.jpg,1
20260515_081812_ANKVQE_002_f006320.jpg,1
20260515_081812_ANKVQE_002_f006325.jpg,1
20260515_081812_ANKVQE_002_f006330.jpg,1
20260515_081812_ANKVQE_002_f006335.jpg,1
20260515_081812_ANKVQE_002_f006340.jpg,1
20260515_081812_ANKVQE_002_f006345.jpg,1
20260515_081812_ANKVQE_002_f006350.jpg,1
20260515_081812_ANKVQE_002_f006355.jpg,1
20260515_081812_ANKVQE_002_f006360.jpg,1
20260515_081812_ANKVQE_002_f006365.jpg,1
20260515_081812_ANKVQE_002_f006370.jpg,1
20260515_081812_ANKVQE_002_f006375.jpg,1
20260515_081812_ANKVQE_002_f006380.jpg,1
20260515_081812_ANKVQE_002_f006385.jpg,1
20260515_081812_ANKVQE_002_f006390.jpg,1
20260515_081812_ANKVQE_002_f006395.jpg,1
20260515_081812_ANKVQE_002_f006400.jpg,1
20260515_081812_ANKVQE_002_f006405.jpg,1
20260515_081812_ANKVQE_002_f006410.jpg,1
20260515_081812_ANKVQE_002_f006415.jpg,1
20260515_081812_ANKVQE_002_f006420.jpg,1
20260515_081812_ANKVQE_002_f006425.jpg,1
20260515_081812_ANKVQE_002_f006430.jpg,1
20260515_081812_ANKVQE_002_f006435.jpg,1
20260515_081812_ANKVQE_002_f006440.jpg,1
20260515_081812_ANKVQE_002_f006445.jpg,1
20260515_081812_ANKVQE_002_f006450.jpg,1
20260515_081812_ANKVQE_002_f006455.jpg,1
20260515_081812_ANKVQE_002_f006460.jpg,1
20260515_081812_ANKVQE_002_f006465.jpg,1
20260515_081812_ANKVQE_002_f006470.jpg,1
20260515_081812_ANKVQE_002_f006475.jpg,1
20260515_081812_ANKVQE_002_f006480.jpg,1
20260515_081812_ANKVQE_002_f006485.jpg,1
20260515_081812_ANKVQE_002_f006490.jpg,1
20260515_081812_ANKVQE_002_f006495.jpg,1
20260515_081812_ANKVQE_002_f006500.jpg,1
20260515_081812_ANKVQE_002_f006505.jpg,1
20260515_081812_ANKVQE_002_f006510.jpg,1
20260515_081812_ANKVQE_002_f006515.jpg,1
20260515_081812_ANKVQE_002_f006520.jpg,1
20260515_081812_ANKVQE_002_f006525.jpg,1
20260515_081812_ANKVQE_002_f006530.jpg,1
20260515_081812_ANKVQE_002_f006535.jpg,1
20260515_081812_ANKVQE_002_f006540.jpg,1
20260515_081812_ANKVQE_002_f006545.jpg,1
20260515_081812_ANKVQE_002_f006550.jpg,1
20260515_081812_ANKVQE_002_f006555.jpg,1
20260515_081812_ANKVQE_002_f006560.jpg,1
20260515_081812_ANKVQE_002_f006565.jpg,1
20260515_081812_ANKVQE_002_f006570.jpg,1
20260515_081812_ANKVQE_002_f006575.jpg,1
20260515_081812_ANKVQE_002_f006580.jpg,1
20260515_081812_ANKVQE_002_f006585.jpg,1
20260515_081812_ANKVQE_002_f006590.jpg,1
20260515_081812_ANKVQE_002_f006595.jpg,1
20260515_081812_ANKVQE_002_f006600.jpg,1
20260515_081812_ANKVQE_002_f006605.jpg,1
20260515_081812_ANKVQE_002_f006610.jpg,1
20260515_081812_ANKVQE_002_f006615.jpg,1
20260515_081812_ANKVQE_002_f006620.jpg,1
20260515_081812_ANKVQE_002_f006625.jpg,1
20260515_081812_ANKVQE_002_f006630.jpg,1
20260515_081812_ANKVQE_002_f006635.jpg,1
20260515_081812_ANKVQE_002_f006640.jpg,1
20260515_081812_ANKVQE_002_f006645.jpg,1
20260515_081812_ANKVQE_002_f006650.jpg,1
20260515_081812_ANKVQE_002_f006655.jpg,1
20260515_081812_ANKVQE_002_f006660.jpg,1
20260515_081812_ANKVQE_002_f006665.jpg,1
20260515_081812_ANKVQE_002_f006670.jpg,1
20260515_081812_ANKVQE_002_f006675.jpg,1
20260515_081812_ANKVQE_002_f006680.jpg,1
20260515_081812_ANKVQE_002_f006685.jpg,1
20260515_081812_ANKVQE_002_f006690.jpg,1
20260515_081812_ANKVQE_002_f006695.jpg,1
20260515_081812_ANKVQE_002_f006700.jpg,1
20260515_081812_ANKVQE_002_f006705.jpg,1
20260515_081812_ANKVQE_002_f006710.jpg,1
20260515_081812_ANKVQE_002_f006715.jpg,1
20260515_081812_ANKVQE_002_f006720.jpg,1
20260515_081812_ANKVQE_002_f006725.jpg,1
20260515_081812_ANKVQE_002_f006730.jpg,1
20260515_081812_ANKVQE_002_f006735.jpg,1
20260515_081812_ANKVQE_002_f006740.jpg,1
20260515_081812_ANKVQE_002_f006745.jpg,1
20260515_081812_ANKVQE_002_f006750.jpg,1
20260515_081812_ANKVQE_002_f006755.jpg,1
20260515_081812_ANKVQE_002_f006760.jpg,1
20260515_081812_ANKVQE_002_f006765.jpg,1
20260515_081812_ANKVQE_002_f006770.jpg,1
20260515_081812_ANKVQE_002_f006775.jpg,1
20260515_081812_ANKVQE_002_f006780.jpg,1
20260515_081812_ANKVQE_002_f006785.jpg,1
20260515_081812_ANKVQE_002_f006790.jpg,1
20260515_081812_ANKVQE_002_f006795.jpg,1
20260515_081812_ANKVQE_002_f006800.jpg,1
20260515_081812_ANKVQE_002_f006805.jpg,1
20260515_081812_ANKVQE_002_f006810.jpg,1
20260515_081812_ANKVQE_002_f006815.jpg,1
20260515_081812_ANKVQE_002_f006820.jpg,1
20260515_081812_ANKVQE_002_f006825.jpg,1
20260515_081812_ANKVQE_002_f006830.jpg,1
20260515_081812_ANKVQE_002_f006835.jpg,1
20260515_081812_ANKVQE_002_f006840.jpg,1
20260515_081812_ANKVQE_002_f006845.jpg,1
20260515_081812_ANKVQE_002_f006850.jpg,1
20260515_081812_ANKVQE_002_f006855.jpg,1
20260515_081812_ANKVQE_002_f006860.jpg,1
20260515_081812_ANKVQE_002_f006865.jpg,1
20260515_081812_ANKVQE_002_f006870.jpg,1
20260515_081812_ANKVQE_002_f006875.jpg,1
20260515_081812_ANKVQE_002_f006880.jpg,1
20260515_081812_ANKVQE_002_f006885.jpg,1
20260515_081812_ANKVQE_002_f006890.jpg,1
20260515_081812_ANKVQE_002_f006895.jpg,1
20260515_081812_ANKVQE_002_f006900.jpg,1
20260515_081812_ANKVQE_002_f006905.jpg,1
20260515_081812_ANKVQE_002_f006910.jpg,1
20260515_081812_ANKVQE_002_f006915.jpg,1
20260515_081812_ANKVQE_002_f006920.jpg,1
20260515_081812_ANKVQE_002_f006925.jpg,1
20260515_081812_ANKVQE_002_f006930.jpg,1
20260515_081812_ANKVQE_002_f006935.jpg,1
20260515_081812_ANKVQE_002_f006940.jpg,1
20260515_081812_ANKVQE_002_f006945.jpg,1
20260515_081812_ANKVQE_002_f006950.jpg,1
20260515_081812_ANKVQE_002_f006955.jpg,1
20260515_081812_ANKVQE_002_f006960.jpg,1
20260515_081812_ANKVQE_002_f006965.jpg,1
20260515_081812_ANKVQE_002_f006970.jpg,1
20260515_081812_ANKVQE_002_f006975.jpg,1
20260515_081812_ANKVQE_002_f006980.jpg,1
20260515_081812_ANKVQE_002_f006985.jpg,1
20260515_081812_ANKVQE_002_f006990.jpg,1
20260515_081812_ANKVQE_002_f006995.jpg,1
20260515_081812_ANKVQE_002_f007000.jpg,1
20260515_081812_ANKVQE_002_f007005.jpg,1
20260515_081812_ANKVQE_002_f007010.jpg,1
20260515_081812_ANKVQE_002_f007015.jpg,1
20260515_081812_ANKVQE_002_f007020.jpg,1
20260515_081812_ANKVQE_002_f007025.jpg,1
20260515_081812_ANKVQE_002_f007030.jpg,1
20260515_081812_ANKVQE_002_f007035.jpg,1
20260515_081812_ANKVQE_002_f007040.jpg,1
20260515_081812_ANKVQE_002_f007045.jpg,1
20260515_081812_ANKVQE_002_f007050.jpg,1
20260515_081812_ANKVQE_002_f007055.jpg,1
20260515_081812_ANKVQE_002_f007060.jpg,1
20260515_081812_ANKVQE_002_f007065.jpg,1
20260515_081812_ANKVQE_002_f007070.jpg,1
20260515_081812_ANKVQE_002_f007075.jpg,1
20260515_081812_ANKVQE_002_f007080.jpg,1
20260515_081812_ANKVQE_002_f007085.jpg,1
20260515_081812_ANKVQE_002_f007090.jpg,1
20260515_081812_ANKVQE_002_f007095.jpg,1
20260515_081812_ANKVQE_002_f007100.jpg,1
20260515_081812_ANKVQE_002_f007105.jpg,1
20260515_081812_ANKVQE_002_f007110.jpg,1
20260515_081812_ANKVQE_002_f007115.jpg,1
20260515_081812_ANKVQE_002_f007120.jpg,1
20260515_081812_ANKVQE_002_f007125.jpg,1
20260515_081812_ANKVQE_002_f007130.jpg,1
20260515_081812_ANKVQE_002_f007135.jpg,1
20260515_081812_ANKVQE_002_f007140.jpg,1
20260515_081812_ANKVQE_002_f007145.jpg,1
20260515_081812_ANKVQE_002_f007150.jpg,1
20260515_081812_ANKVQE_002_f007155.jpg,1
20260515_081812_ANKVQE_002_f007160.jpg,1
20260515_081812_ANKVQE_002_f007165.jpg,1
20260515_081812_ANKVQE_002_f007170.jpg,1
20260515_081812_ANKVQE_002_f007175.jpg,1
20260515_081812_ANKVQE_002_f007180.jpg,1
20260515_081812_ANKVQE_002_f007185.jpg,1
20260515_081812_ANKVQE_002_f007190.jpg,1
20260515_081812_ANKVQE_002_f007195.jpg,1
20260515_081812_ANKVQE_002_f007200.jpg,1
20260515_081812_ANKVQE_002_f007205.jpg,1
20260515_081812_ANKVQE_002_f007210.jpg,1
20260515_081812_ANKVQE_002_f007215.jpg,1
20260515_081812_ANKVQE_002_f007220.jpg,1
20260515_081812_ANKVQE_002_f007225.jpg,1
20260515_081812_ANKVQE_002_f007230.jpg,1
20260515_081812_ANKVQE_002_f007235.jpg,1
20260515_081812_ANKVQE_002_f007240.jpg,1
20260515_081812_ANKVQE_002_f007245.jpg,1
20260515_081812_ANKVQE_002_f007250.jpg,1
20260515_081812_ANKVQE_002_f007255.jpg,1
20260515_081812_ANKVQE_002_f007260.jpg,1
20260515_081812_ANKVQE_002_f007265.jpg,1
20260515_081812_ANKVQE_002_f007270.jpg,1
20260515_081812_ANKVQE_002_f007275.jpg,1
20260515_081812_ANKVQE_002_f007280.jpg,1
20260515_081812_ANKVQE_002_f007285.jpg,1
20260515_081812_ANKVQE_002_f007290.jpg,1
20260515_081812_ANKVQE_002_f007295.jpg,1
20260515_081812_ANKVQE_002_f007300.jpg,1
20260515_081812_ANKVQE_002_f007305.jpg,1
20260515_081812_ANKVQE_002_f007310.jpg,1
20260515_081812_ANKVQE_002_f007315.jpg,1
20260515_081812_ANKVQE_002_f007320.jpg,1
20260515_081812_ANKVQE_002_f007325.jpg,1
20260515_081812_ANKVQE_002_f007330.jpg,1
20260515_081812_ANKVQE_002_f007335.jpg,1
20260515_081812_ANKVQE_002_f007340.jpg,1
20260515_081812_ANKVQE_002_f007345.jpg,1
20260515_081812_ANKVQE_002_f007350.jpg,1
20260515_081812_ANKVQE_002_f007355.jpg,1
20260515_081812_ANKVQE_002_f007360.jpg,1
20260515_081812_ANKVQE_002_f007365.jpg,1
20260515_081812_ANKVQE_002_f007370.jpg,1
20260515_081812_ANKVQE_002_f007375.jpg,1
20260515_081812_ANKVQE_002_f007380.jpg,1
20260515_081812_ANKVQE_002_f007385.jpg,1
20260515_081812_ANKVQE_002_f007390.jpg,1
20260515_081812_ANKVQE_002_f007395.jpg,1
20260515_081812_ANKVQE_002_f007400.jpg,1
20260515_081812_ANKVQE_002_f007405.jpg,1
20260515_081812_ANKVQE_002_f007410.jpg,1
20260515_081812_ANKVQE_002_f007415.jpg,1
20260515_081812_ANKVQE_002_f007420.jpg,1
20260515_081812_ANKVQE_002_f007425.jpg,1
20260515_081812_ANKVQE_002_f007430.jpg,1
20260515_081812_ANKVQE_002_f007435.jpg,1
20260515_081812_ANKVQE_002_f007440.jpg,1
20260515_081812_ANKVQE_002_f007445.jpg,1
20260515_081812_ANKVQE_002_f007450.jpg,1
20260515_081812_ANKVQE_002_f007455.jpg,1
20260515_081812_ANKVQE_002_f007460.jpg,1
20260515_081812_ANKVQE_002_f007465.jpg,1
20260515_081812_ANKVQE_002_f007470.jpg,1
20260515_081812_ANKVQE_002_f007475.jpg,1
20260515_081812_ANKVQE_002_f007480.jpg,1
20260515_081812_ANKVQE_002_f007485.jpg,1
20260515_081812_ANKVQE_002_f007490.jpg,1
20260515_081812_ANKVQE_002_f007495.jpg,1
20260515_081812_ANKVQE_002_f007500.jpg,1
20260515_081812_ANKVQE_002_f007505.jpg,1
20260515_081812_ANKVQE_002_f007510.jpg,1
20260515_081812_ANKVQE_002_f007515.jpg,1
20260515_081812_ANKVQE_002_f007520.jpg,1
20260515_081812_ANKVQE_002_f007525.jpg,1
20260515_081812_ANKVQE_002_f007530.jpg,1
20260515_081812_ANKVQE_002_f007535.jpg,1
20260515_081812_ANKVQE_002_f007540.jpg,1
20260515_081812_ANKVQE_002_f007545.jpg,1
20260515_081812_ANKVQE_002_f007550.jpg,1
20260515_081812_ANKVQE_002_f007555.jpg,1
20260515_081812_ANKVQE_002_f007560.jpg,1
20260515_081812_ANKVQE_002_f007565.jpg,1
20260515_081812_ANKVQE_002_f007570.jpg,1
20260515_081812_ANKVQE_002_f007575.jpg,1
20260515_081812_ANKVQE_002_f007580.jpg,1
20260515_081812_ANKVQE_002_f007585.jpg,1
20260515_081812_ANKVQE_002_f007590.jpg,1
20260515_081812_ANKVQE_002_f007595.jpg,1
20260515_081812_ANKVQE_002_f007600.jpg,1
20260515_081812_ANKVQE_002_f007605.jpg,1
20260515_081812_ANKVQE_002_f007610.jpg,1
20260515_081812_ANKVQE_002_f007615.jpg,1
20260515_081812_ANKVQE_002_f007620.jpg,1
20260515_081812_ANKVQE_002_f007625.jpg,1
20260515_081812_ANKVQE_002_f007630.jpg,1
20260515_081812_ANKVQE_002_f007635.jpg,1
20260515_081812_ANKVQE_002_f007640.jpg,1
20260515_081812_ANKVQE_002_f007645.jpg,1
20260515_081812_ANKVQE_002_f007650.jpg,1
20260515_081812_ANKVQE_002_f007655.jpg,1
20260515_081812_ANKVQE_002_f007660.jpg,1
20260515_081812_ANKVQE_002_f007665.jpg,1
20260515_081812_ANKVQE_002_f007670.jpg,1
20260515_081812_ANKVQE_002_f007675.jpg,1
20260515_081812_ANKVQE_002_f007680.jpg,1
20260515_081812_ANKVQE_002_f007685.jpg,1
20260515_081812_ANKVQE_002_f007690.jpg,1
20260515_081812_ANKVQE_002_f007695.jpg,1
20260515_081812_ANKVQE_002_f007700.jpg,1
20260515_081812_ANKVQE_002_f007705.jpg,1
20260515_081812_ANKVQE_002_f007710.jpg,1
20260515_081812_ANKVQE_002_f007715.jpg,1
20260515_081812_ANKVQE_002_f007720.jpg,1
20260515_081812_ANKVQE_002_f007725.jpg,1
20260515_081812_ANKVQE_002_f007730.jpg,1
20260515_081812_ANKVQE_002_f007735.jpg,1
20260515_081812_ANKVQE_002_f007740.jpg,1
20260515_081812_ANKVQE_002_f007745.jpg,1
20260515_081812_ANKVQE_002_f007750.jpg,1
20260515_081812_ANKVQE_002_f007755.jpg,1
20260515_081812_ANKVQE_002_f007760.jpg,1
20260515_081812_ANKVQE_002_f007765.jpg,1
20260515_081812_ANKVQE_002_f007770.jpg,1
20260515_081812_ANKVQE_002_f007775.jpg,1
20260515_081812_ANKVQE_002_f007780.jpg,1
20260515_081812_ANKVQE_002_f007785.jpg,1
20260515_081812_ANKVQE_002_f007790.jpg,1
20260515_081812_ANKVQE_002_f007795.jpg,1
20260515_081812_ANKVQE_002_f007800.jpg,1
20260515_081812_ANKVQE_002_f007805.jpg,1
20260515_081812_ANKVQE_002_f007810.jpg,1
20260515_081812_ANKVQE_002_f007815.jpg,1
20260515_081812_ANKVQE_002_f007820.jpg,1
20260515_081812_ANKVQE_002_f007825.jpg,1
20260515_081812_ANKVQE_002_f007830.jpg,1
20260515_081812_ANKVQE_002_f007835.jpg,1
20260515_081812_ANKVQE_002_f007840.jpg,1
20260515_081812_ANKVQE_002_f007845.jpg,1
20260515_081812_ANKVQE_002_f007850.jpg,1
20260515_081812_ANKVQE_002_f007855.jpg,1
20260515_081812_ANKVQE_002_f007860.jpg,1
20260515_081812_ANKVQE_002_f007865.jpg,1
20260515_081812_ANKVQE_002_f007870.jpg,1
20260515_081812_ANKVQE_002_f007875.jpg,1
20260515_081812_ANKVQE_002_f007880.jpg,1
20260515_081812_ANKVQE_002_f007885.jpg,1
20260515_081812_ANKVQE_002_f007890.jpg,1
20260515_081812_ANKVQE_002_f007895.jpg,1
20260515_081812_ANKVQE_002_f007900.jpg,1
20260515_081812_ANKVQE_002_f007905.jpg,1
20260515_081812_ANKVQE_002_f007910.jpg,1
20260515_081812_ANKVQE_002_f007915.jpg,1
20260515_081812_ANKVQE_002_f007920.jpg,1
20260515_081812_ANKVQE_002_f007925.jpg,1
20260515_081812_ANKVQE_002_f007930.jpg,1
20260515_081812_ANKVQE_002_f007935.jpg,1
20260515_081812_ANKVQE_002_f007940.jpg,1
20260515_081812_ANKVQE_002_f007945.jpg,1
20260515_081812_ANKVQE_002_f007950.jpg,1
20260515_081812_ANKVQE_002_f007955.jpg,1
20260515_081812_ANKVQE_002_f007960.jpg,1
20260515_081812_ANKVQE_002_f007965.jpg,1
20260515_081812_ANKVQE_002_f007970.jpg,1
20260515_081812_ANKVQE_002_f007975.jpg,1
20260515_081812_ANKVQE_002_f007980.jpg,1
20260515_081812_ANKVQE_002_f007985.jpg,1
20260515_081812_ANKVQE_002_f007990.jpg,1
20260515_081812_ANKVQE_002_f007995.jpg,1
20260515_081812_ANKVQE_002_f008000.jpg,1
20260515_081812_ANKVQE_002_f008005.jpg,1
20260515_081812_ANKVQE_002_f008010.jpg,1
20260515_081812_ANKVQE_002_f008015.jpg,1
20260515_081812_ANKVQE_002_f008020.jpg,1
20260515_081812_ANKVQE_002_f008025.jpg,1
20260515_081812_ANKVQE_002_f008030.jpg,1
20260515_081812_ANKVQE_002_f008035.jpg,1
20260515_081812_ANKVQE_002_f008040.jpg,1
20260515_081812_ANKVQE_002_f008045.jpg,1
20260515_081812_ANKVQE_002_f008050.jpg,1
20260515_081812_ANKVQE_002_f008055.jpg,1
20260515_081812_ANKVQE_002_f008060.jpg,1
20260515_081812_ANKVQE_002_f008065.jpg,1
20260515_081812_ANKVQE_002_f008070.jpg,1
20260515_081812_ANKVQE_002_f008075.jpg,1
20260515_081812_ANKVQE_002_f008080.jpg,1
20260515_081812_ANKVQE_002_f008085.jpg,1
20260515_081812_ANKVQE_002_f008090.jpg,1
20260515_081812_ANKVQE_002_f008095.jpg,1
20260515_081812_ANKVQE_002_f008100.jpg,1
20260515_081812_ANKVQE_002_f008105.jpg,1
20260515_081812_ANKVQE_002_f008110.jpg,1
20260515_081812_ANKVQE_002_f008115.jpg,1
20260515_081812_ANKVQE_002_f008120.jpg,1
20260515_081812_ANKVQE_002_f008125.jpg,1
20260515_081812_ANKVQE_002_f008130.jpg,1
20260515_081812_ANKVQE_002_f008135.jpg,1
20260515_081812_ANKVQE_002_f008140.jpg,1
20260515_081812_ANKVQE_002_f008145.jpg,1
20260515_081812_ANKVQE_002_f008150.jpg,1
20260515_081812_ANKVQE_002_f008155.jpg,1
20260515_081812_ANKVQE_002_f008160.jpg,1
20260515_081812_ANKVQE_002_f008165.jpg,1
20260515_081812_ANKVQE_002_f008170.jpg,1
20260515_081812_ANKVQE_002_f008175.jpg,1
20260515_081812_ANKVQE_002_f008180.jpg,1
20260515_081812_ANKVQE_002_f008185.jpg,1
20260515_081812_ANKVQE_002_f008190.jpg,1
20260515_081812_ANKVQE_002_f008195.jpg,1
20260515_081812_ANKVQE_002_f008200.jpg,1
20260515_081812_ANKVQE_002_f008205.jpg,1
20260515_081812_ANKVQE_002_f008210.jpg,1
20260515_081812_ANKVQE_002_f008215.jpg,1
20260515_081812_ANKVQE_002_f008220.jpg,1
20260515_081812_ANKVQE_002_f008225.jpg,1
20260515_081812_ANKVQE_002_f008230.jpg,1
20260515_081812_ANKVQE_002_f008235.jpg,1
20260515_081812_ANKVQE_002_f008240.jpg,1
20260515_081812_ANKVQE_002_f008245.jpg,1
20260515_081812_ANKVQE_002_f008250.jpg,1
20260515_081812_ANKVQE_002_f008255.jpg,1
20260515_081812_ANKVQE_002_f008260.jpg,1
20260515_081812_ANKVQE_002_f008265.jpg,1
20260515_081812_ANKVQE_002_f008270.jpg,1
20260515_081812_ANKVQE_002_f008275.jpg,1
20260515_081812_ANKVQE_002_f008280.jpg,1
20260515_081812_ANKVQE_002_f008285.jpg,1
20260515_081812_ANKVQE_002_f008290.jpg,1
20260515_081812_ANKVQE_002_f008295.jpg,1
20260515_081812_ANKVQE_002_f008300.jpg,1
20260515_081812_ANKVQE_002_f008305.jpg,1
20260515_081812_ANKVQE_002_f008310.jpg,1
20260515_081812_ANKVQE_002_f008315.jpg,1
20260515_081812_ANKVQE_002_f008320.jpg,1
20260515_081812_ANKVQE_002_f008325.jpg,1
20260515_081812_ANKVQE_002_f008330.jpg,1
20260515_081812_ANKVQE_002_f008335.jpg,1
20260515_081812_ANKVQE_002_f008340.jpg,1
20260515_081812_ANKVQE_002_f008345.jpg,1
20260515_081812_ANKVQE_002_f008350.jpg,1
20260515_081812_ANKVQE_002_f008355.jpg,1
20260515_081812_ANKVQE_002_f008360.jpg,1
20260515_081812_ANKVQE_002_f008365.jpg,1
20260515_081812_ANKVQE_002_f008370.jpg,1
20260515_081812_ANKVQE_002_f008375.jpg,1
20260515_081812_ANKVQE_002_f008380.jpg,1
20260515_081812_ANKVQE_002_f008385.jpg,1
20260515_081812_ANKVQE_002_f008390.jpg,1
20260515_081812_ANKVQE_002_f008395.jpg,1
20260515_081812_ANKVQE_002_f008400.jpg,1
20260515_081812_ANKVQE_002_f008405.jpg,1
20260515_081812_ANKVQE_002_f008410.jpg,1
20260515_081812_ANKVQE_002_f008415.jpg,1
20260515_081812_ANKVQE_002_f008420.jpg,1
20260515_081812_ANKVQE_002_f008425.jpg,1
20260515_081812_ANKVQE_002_f008430.jpg,1
20260515_081812_ANKVQE_002_f008435.jpg,1
20260515_081812_ANKVQE_002_f008440.jpg,1
20260515_081812_ANKVQE_002_f008445.jpg,1
20260515_081812_ANKVQE_002_f008450.jpg,1
20260515_081812_ANKVQE_002_f008455.jpg,1
20260515_081812_ANKVQE_002_f008460.jpg,1
20260515_081812_ANKVQE_002_f008465.jpg,1
20260515_081812_ANKVQE_002_f008470.jpg,1
20260515_081812_ANKVQE_002_f008475.jpg,1
20260515_081812_ANKVQE_002_f008480.jpg,1
20260515_081812_ANKVQE_002_f008485.jpg,1
20260515_081812_ANKVQE_002_f008490.jpg,1
20260515_081812_ANKVQE_002_f008495.jpg,1
20260515_081812_ANKVQE_002_f008500.jpg,1
20260515_081812_ANKVQE_002_f008505.jpg,1
20260515_081812_ANKVQE_002_f008510.jpg,1
20260515_081812_ANKVQE_002_f008515.jpg,1
20260515_081812_ANKVQE_002_f008520.jpg,1
20260515_081812_ANKVQE_002_f008525.jpg,1
20260515_081812_ANKVQE_002_f008530.jpg,1
20260515_081812_ANKVQE_002_f008535.jpg,1
20260515_081812_ANKVQE_002_f008540.jpg,1
20260515_081812_ANKVQE_002_f008545.jpg,1
20260515_081812_ANKVQE_002_f008550.jpg,1
20260515_081812_ANKVQE_002_f008555.jpg,1
20260515_081812_ANKVQE_002_f008560.jpg,1
20260515_081812_ANKVQE_002_f008565.jpg,1
20260515_081812_ANKVQE_002_f008570.jpg,1
20260515_081812_ANKVQE_002_f008575.jpg,1
20260515_081812_ANKVQE_002_f008580.jpg,1
20260515_081812_ANKVQE_002_f008585.jpg,1
20260515_081812_ANKVQE_002_f008590.jpg,1
20260515_081812_ANKVQE_002_f008595.jpg,1
20260515_081812_ANKVQE_002_f008600.jpg,1
20260515_081812_ANKVQE_002_f008605.jpg,1
20260515_081812_ANKVQE_002_f008610.jpg,1
20260515_081812_ANKVQE_002_f008615.jpg,1
20260515_081812_ANKVQE_002_f008620.jpg,1
20260515_081812_ANKVQE_002_f008625.jpg,1
20260515_081812_ANKVQE_002_f008630.jpg,1
20260515_081812_ANKVQE_002_f008635.jpg,1
20260515_081812_ANKVQE_002_f008640.jpg,1
20260515_081812_ANKVQE_002_f008645.jpg,1
20260515_081812_ANKVQE_002_f008650.jpg,1
20260515_081812_ANKVQE_002_f008655.jpg,1
20260515_081812_ANKVQE_002_f008660.jpg,1
20260515_081812_ANKVQE_002_f008665.jpg,1
20260515_081812_ANKVQE_002_f008670.jpg,1
20260515_081812_ANKVQE_002_f008675.jpg,1
20260515_081812_ANKVQE_002_f008680.jpg,1
20260515_081812_ANKVQE_002_f008685.jpg,1
20260515_081812_ANKVQE_002_f008690.jpg,1
20260515_081812_ANKVQE_002_f008695.jpg,1
20260515_081812_ANKVQE_002_f008700.jpg,1
20260515_081812_ANKVQE_002_f008705.jpg,1
20260515_081812_ANKVQE_002_f008710.jpg,1
20260515_081812_ANKVQE_002_f008715.jpg,1
20260515_081812_ANKVQE_002_f008720.jpg,1
20260515_081812_ANKVQE_002_f008725.jpg,1
20260515_081812_ANKVQE_002_f008730.jpg,1
20260515_081812_ANKVQE_002_f008735.jpg,1
20260515_081812_ANKVQE_002_f008740.jpg,1
20260515_081812_ANKVQE_002_f008745.jpg,1
20260515_081812_ANKVQE_002_f008750.jpg,1
20260515_081812_ANKVQE_002_f008755.jpg,1
20260515_081812_ANKVQE_002_f008760.jpg,1
20260515_081812_ANKVQE_002_f008765.jpg,1
20260515_081812_ANKVQE_002_f008770.jpg,1
20260515_081812_ANKVQE_002_f008775.jpg,1
20260515_081812_ANKVQE_002_f008780.jpg,1
20260515_081812_ANKVQE_002_f008785.jpg,1
20260515_081812_ANKVQE_002_f008790.jpg,1
20260515_081812_ANKVQE_002_f008795.jpg,1
20260515_081812_ANKVQE_002_f008800.jpg,1
20260515_081812_ANKVQE_002_f008805.jpg,1
20260515_081812_ANKVQE_002_f008810.jpg,1
20260515_081812_ANKVQE_002_f008815.jpg,1
20260515_081812_ANKVQE_002_f008820.jpg,1
20260515_081812_ANKVQE_002_f008825.jpg,1
20260515_081812_ANKVQE_002_f008830.jpg,1
20260515_081812_ANKVQE_002_f008835.jpg,1
20260515_081812_ANKVQE_002_f008840.jpg,1
20260515_081812_ANKVQE_002_f008845.jpg,1
20260515_081812_ANKVQE_002_f008850.jpg,1
20260515_081812_ANKVQE_002_f008855.jpg,1
20260515_081812_ANKVQE_002_f008860.jpg,1
20260515_081812_ANKVQE_002_f008865.jpg,1
20260515_081812_ANKVQE_002_f008870.jpg,1
20260515_081812_ANKVQE_002_f008875.jpg,1
20260515_081812_ANKVQE_002_f008880.jpg,1
20260515_081812_ANKVQE_002_f008885.jpg,1
20260515_081812_ANKVQE_002_f008890.jpg,1
20260515_081812_ANKVQE_002_f008895.jpg,1
20260515_081812_ANKVQE_002_f008900.jpg,1
20260515_081812_ANKVQE_002_f008905.jpg,1
20260515_081812_ANKVQE_002_f008910.jpg,1
20260515_081812_ANKVQE_002_f008955.jpg,1
20260515_081812_ANKVQE_002_f008960.jpg,1
20260515_081812_ANKVQE_002_f008965.jpg,1
20260515_081812_ANKVQE_002_f008970.jpg,1
20260515_081812_ANKVQE_002_f008980.jpg,1
20260515_081812_ANKVQE_002_f008985.jpg,1
20260515_081812_ANKVQE_002_f009060.jpg,1
20260515_081812_ANKVQE_002_f009065.jpg,1
20260515_081812_ANKVQE_002_f009070.jpg,1
20260515_081812_ANKVQE_002_f009075.jpg,1
20260515_081812_ANKVQE_002_f009080.jpg,1
20260515_081812_ANKVQE_002_f009085.jpg,1
20260515_081812_ANKVQE_002_f009090.jpg,1
20260515_081812_ANKVQE_002_f009095.jpg,1
20260515_081812_ANKVQE_002_f009100.jpg,1
20260515_081812_ANKVQE_002_f009105.jpg,1
20260515_081812_ANKVQE_002_f009110.jpg,1
20260515_081812_ANKVQE_002_f009115.jpg,1
20260515_081812_ANKVQE_002_f009120.jpg,1
20260515_081812_ANKVQE_002_f009125.jpg,1
20260515_081812_ANKVQE_002_f009130.jpg,1
20260515_081812_ANKVQE_002_f009135.jpg,1
20260515_081812_ANKVQE_002_f009140.jpg,1
20260515_081812_ANKVQE_002_f009145.jpg,1
20260515_081812_ANKVQE_002_f009150.jpg,1
20260515_081812_ANKVQE_002_f009155.jpg,1
20260515_081812_ANKVQE_002_f009160.jpg,1
20260515_081812_ANKVQE_002_f009165.jpg,1
20260515_081812_ANKVQE_002_f009170.jpg,1
20260515_081812_ANKVQE_002_f009175.jpg,1
20260515_081812_ANKVQE_002_f009180.jpg,1
20260515_081812_ANKVQE_002_f009185.jpg,1
20260515_081812_ANKVQE_002_f009190.jpg,1
20260515_081812_ANKVQE_002_f009195.jpg,1
20260515_081812_ANKVQE_002_f009200.jpg,1
20260515_081812_ANKVQE_002_f009205.jpg,1
20260515_081812_ANKVQE_002_f009210.jpg,1
20260515_081812_ANKVQE_002_f009215.jpg,1
20260515_081812_ANKVQE_002_f009220.jpg,1
20260515_081812_ANKVQE_002_f009225.jpg,1
20260515_081812_ANKVQE_002_f009230.jpg,1
20260515_081812_ANKVQE_002_f009235.jpg,1
20260515_081812_ANKVQE_002_f009240.jpg,1
20260515_081812_ANKVQE_002_f009245.jpg,1
20260515_081812_ANKVQE_002_f009250.jpg,1
20260515_081812_ANKVQE_002_f009255.jpg,1
20260515_081812_ANKVQE_002_f009260.jpg,1
20260515_081812_ANKVQE_002_f009265.jpg,1
20260515_081812_ANKVQE_002_f009270.jpg,1
20260515_081812_ANKVQE_002_f009275.jpg,1
20260515_081812_ANKVQE_002_f009280.jpg,1
20260515_081812_ANKVQE_002_f009285.jpg,1
20260515_081812_ANKVQE_002_f009290.jpg,1
20260515_081812_ANKVQE_002_f009295.jpg,1
20260515_081812_ANKVQE_002_f009300.jpg,1
20260515_081812_ANKVQE_002_f009305.jpg,1
20260515_081812_ANKVQE_002_f009310.jpg,1
20260515_081812_ANKVQE_002_f009315.jpg,1
20260515_081812_ANKVQE_002_f009320.jpg,1
20260515_081812_ANKVQE_002_f009325.jpg,1
20260515_081812_ANKVQE_002_f009330.jpg,1
20260515_081812_ANKVQE_002_f009335.jpg,1
20260515_081812_ANKVQE_002_f009340.jpg,1
20260515_081812_ANKVQE_002_f009345.jpg,1
20260515_081812_ANKVQE_002_f009350.jpg,1
20260515_081812_ANKVQE_002_f009355.jpg,1
20260515_081812_ANKVQE_002_f009360.jpg,1
20260515_081812_ANKVQE_002_f009365.jpg,1
20260515_081812_ANKVQE_002_f009370.jpg,1
20260515_081812_ANKVQE_002_f009375.jpg,1
20260515_081812_ANKVQE_002_f009380.jpg,1
20260515_081812_ANKVQE_002_f009385.jpg,1
20260515_081812_ANKVQE_002_f009390.jpg,1
20260515_081812_ANKVQE_002_f009395.jpg,1
20260515_081812_ANKVQE_002_f009400.jpg,1
20260515_081812_ANKVQE_002_f009405.jpg,1
20260515_081812_ANKVQE_002_f009410.jpg,1
20260515_081812_ANKVQE_002_f009415.jpg,1
20260515_081812_ANKVQE_002_f009420.jpg,1
20260515_081812_ANKVQE_002_f009425.jpg,1
20260515_081812_ANKVQE_002_f009430.jpg,1
20260515_081812_ANKVQE_002_f009435.jpg,1
20260515_081812_ANKVQE_002_f009440.jpg,1
20260515_081812_ANKVQE_002_f009445.jpg,1
20260515_081812_ANKVQE_002_f009450.jpg,1
20260515_081812_ANKVQE_002_f009455.jpg,1
20260515_081812_ANKVQE_002_f009460.jpg,1
20260515_081812_ANKVQE_002_f009465.jpg,1
20260515_081812_ANKVQE_002_f009470.jpg,1
20260515_081812_ANKVQE_002_f009475.jpg,1
20260515_081812_ANKVQE_002_f009480.jpg,1
20260515_081812_ANKVQE_002_f009485.jpg,1
20260515_081812_ANKVQE_002_f009490.jpg,1
20260515_081812_ANKVQE_002_f009495.jpg,1
20260515_081812_ANKVQE_002_f009500.jpg,1
20260515_081812_ANKVQE_002_f009505.jpg,1
20260515_081812_ANKVQE_002_f009510.jpg,1
20260515_081812_ANKVQE_002_f009515.jpg,1
20260515_081812_ANKVQE_002_f009520.jpg,1
20260515_081812_ANKVQE_002_f009525.jpg,1
20260515_081812_ANKVQE_002_f009530.jpg,1
20260515_081812_ANKVQE_002_f009535.jpg,1
20260515_081812_ANKVQE_002_f009540.jpg,1
20260515_081812_ANKVQE_002_f009545.jpg,1
20260515_081812_ANKVQE_002_f009550.jpg,1
20260515_081812_ANKVQE_002_f009555.jpg,1
20260515_081812_ANKVQE_002_f009560.jpg,1
20260515_081812_ANKVQE_002_f009565.jpg,1
20260515_081812_ANKVQE_002_f009570.jpg,1
20260515_081812_ANKVQE_002_f009575.jpg,1
20260515_081812_ANKVQE_002_f009580.jpg,1
20260515_081812_ANKVQE_002_f009585.jpg,1
20260515_081812_ANKVQE_002_f009590.jpg,1
20260515_081812_ANKVQE_002_f009595.jpg,1
20260515_081812_ANKVQE_002_f009600.jpg,1
20260515_081812_ANKVQE_002_f009605.jpg,1
20260515_081812_ANKVQE_002_f009610.jpg,1
20260515_081812_ANKVQE_002_f009615.jpg,1
20260515_081812_ANKVQE_002_f009620.jpg,1
20260515_081812_ANKVQE_002_f009625.jpg,1
20260515_081812_ANKVQE_002_f009630.jpg,1
20260515_081812_ANKVQE_002_f009635.jpg,1
20260515_081812_ANKVQE_002_f009640.jpg,1
20260515_081812_ANKVQE_002_f009645.jpg,1
20260515_081812_ANKVQE_002_f009650.jpg,1
20260515_081812_ANKVQE_002_f009655.jpg,1
20260515_081812_ANKVQE_002_f009660.jpg,1
20260515_081812_ANKVQE_002_f009665.jpg,1
20260515_081812_ANKVQE_002_f009670.jpg,1
20260515_081812_ANKVQE_002_f009675.jpg,1
20260515_081812_ANKVQE_002_f009680.jpg,1
20260515_081812_ANKVQE_002_f009685.jpg,1
20260515_081812_ANKVQE_002_f009690.jpg,1
20260515_081812_ANKVQE_002_f009695.jpg,1
20260515_081812_ANKVQE_002_f009700.jpg,1
20260515_081812_ANKVQE_002_f009705.jpg,1
20260515_081812_ANKVQE_002_f009710.jpg,1
20260515_081812_ANKVQE_002_f009715.jpg,1
20260515_081812_ANKVQE_002_f009720.jpg,1
20260515_081812_ANKVQE_002_f009725.jpg,1
20260515_081812_ANKVQE_002_f009730.jpg,1
20260515_081812_ANKVQE_002_f009735.jpg,1
20260515_081812_ANKVQE_002_f009740.jpg,1
20260515_081812_ANKVQE_002_f009745.jpg,1
20260515_081812_ANKVQE_002_f009750.jpg,1
20260515_081812_ANKVQE_002_f009755.jpg,1
20260515_081812_ANKVQE_002_f009760.jpg,1
20260515_081812_ANKVQE_002_f009765.jpg,1
20260515_081812_ANKVQE_002_f009770.jpg,1
20260515_081812_ANKVQE_002_f009775.jpg,1
20260515_081812_ANKVQE_002_f009780.jpg,1
20260515_081812_ANKVQE_002_f009785.jpg,1
20260515_081812_ANKVQE_002_f009790.jpg,1
20260515_081812_ANKVQE_002_f009795.jpg,1
20260515_081812_ANKVQE_002_f009800.jpg,1
20260515_081812_ANKVQE_002_f009805.jpg,1
20260515_081812_ANKVQE_002_f009810.jpg,1
20260515_081812_ANKVQE_002_f009815.jpg,1
20260515_081812_ANKVQE_002_f009820.jpg,1
20260515_081812_ANKVQE_002_f009825.jpg,1
20260515_081812_ANKVQE_002_f009830.jpg,1
20260515_081812_ANKVQE_002_f009835.jpg,1
20260515_081812_ANKVQE_002_f009840.jpg,1
20260515_081812_ANKVQE_002_f009845.jpg,1
20260515_081812_ANKVQE_002_f009850.jpg,1
20260515_081812_ANKVQE_002_f009855.jpg,1
20260515_081812_ANKVQE_002_f009860.jpg,1
20260515_081812_ANKVQE_002_f009865.jpg,1
20260515_081812_ANKVQE_002_f009870.jpg,1
20260515_081812_ANKVQE_002_f009875.jpg,1
20260515_081812_ANKVQE_002_f009880.jpg,1
20260515_081812_ANKVQE_002_f009885.jpg,1
20260515_081812_ANKVQE_002_f009890.jpg,1
20260515_081812_ANKVQE_002_f009895.jpg,1
20260515_081812_ANKVQE_002_f009900.jpg,1
20260515_081812_ANKVQE_002_f009905.jpg,1
20260515_081812_ANKVQE_002_f009910.jpg,1
20260515_081812_ANKVQE_002_f009915.jpg,1
20260515_081812_ANKVQE_002_f009920.jpg,1
20260515_081812_ANKVQE_002_f009925.jpg,1
20260515_081812_ANKVQE_002_f009930.jpg,1
20260515_081812_ANKVQE_002_f009935.jpg,1
20260515_081812_ANKVQE_002_f009940.jpg,1
20260515_081812_ANKVQE_002_f009945.jpg,1
20260515_081812_ANKVQE_002_f009950.jpg,1
20260515_081812_ANKVQE_002_f009955.jpg,1
20260515_081812_ANKVQE_002_f009960.jpg,1
20260515_081812_ANKVQE_002_f009965.jpg,1
20260515_081812_ANKVQE_002_f009970.jpg,1
20260515_081812_ANKVQE_002_f009975.jpg,1
20260515_081812_ANKVQE_002_f009980.jpg,1
20260515_081812_ANKVQE_002_f009985.jpg,1
20260515_081812_ANKVQE_002_f010020.jpg,1
20260515_081812_ANKVQE_002_f010025.jpg,1
20260515_081812_ANKVQE_002_f010030.jpg,1
20260515_081812_ANKVQE_002_f010035.jpg,1
20260515_081812_ANKVQE_002_f010040.jpg,1
20260515_081812_ANKVQE_002_f010045.jpg,1
20260515_081812_ANKVQE_002_f010050.jpg,1
20260515_081812_ANKVQE_002_f010055.jpg,1
20260515_081812_ANKVQE_002_f010060.jpg,1
20260515_081812_ANKVQE_002_f010065.jpg,1
20260515_081812_ANKVQE_002_f010070.jpg,1
20260515_081812_ANKVQE_002_f010075.jpg,1
20260515_081812_ANKVQE_002_f010080.jpg,1
20260515_081812_ANKVQE_002_f010085.jpg,1
20260515_081812_ANKVQE_002_f010090.jpg,1
20260515_081812_ANKVQE_002_f010095.jpg,1
20260515_081812_ANKVQE_002_f010100.jpg,1
20260515_081812_ANKVQE_002_f010105.jpg,1
20260515_081812_ANKVQE_002_f010110.jpg,1
20260515_081812_ANKVQE_002_f010115.jpg,1
20260515_081812_ANKVQE_002_f010120.jpg,1
20260515_081812_ANKVQE_002_f010125.jpg,1
20260515_081812_ANKVQE_002_f010130.jpg,1
20260515_081812_ANKVQE_002_f010135.jpg,1
20260515_081812_ANKVQE_002_f010140.jpg,1
20260515_081812_ANKVQE_002_f010145.jpg,1
20260515_081812_ANKVQE_002_f010150.jpg,1
20260515_081812_ANKVQE_002_f010155.jpg,1
20260515_081812_ANKVQE_002_f010160.jpg,1
20260515_081812_ANKVQE_002_f010165.jpg,1
20260515_081812_ANKVQE_002_f010170.jpg,1
20260515_081812_ANKVQE_002_f010175.jpg,1
20260515_081812_ANKVQE_002_f010180.jpg,1
20260515_081812_ANKVQE_002_f010185.jpg,1
20260515_081812_ANKVQE_002_f010190.jpg,1
20260515_081812_ANKVQE_002_f010195.jpg,1
20260515_081812_ANKVQE_002_f010200.jpg,1
20260515_081812_ANKVQE_002_f010205.jpg,1
20260515_081812_ANKVQE_002_f010210.jpg,1
20260515_081812_ANKVQE_002_f010215.jpg,1
20260515_081812_ANKVQE_002_f010220.jpg,1
20260515_081812_ANKVQE_002_f010225.jpg,1
20260515_081812_ANKVQE_002_f010230.jpg,1
20260515_081812_ANKVQE_002_f010235.jpg,1
20260515_081812_ANKVQE_002_f010240.jpg,1
20260515_081812_ANKVQE_002_f010245.jpg,1
20260515_081812_ANKVQE_002_f010250.jpg,1
20260515_081812_ANKVQE_002_f010255.jpg,1
20260515_081812_ANKVQE_002_f010260.jpg,1
20260515_081812_ANKVQE_002_f010265.jpg,1
20260515_081812_ANKVQE_002_f010270.jpg,1
20260515_081812_ANKVQE_002_f010275.jpg,1
20260515_081812_ANKVQE_002_f010280.jpg,1
20260515_081812_ANKVQE_002_f010285.jpg,1
20260515_081812_ANKVQE_002_f010290.jpg,1
20260515_081812_ANKVQE_002_f010295.jpg,1
20260515_081812_ANKVQE_002_f010300.jpg,1
20260515_081812_ANKVQE_002_f010305.jpg,1
20260515_081812_ANKVQE_002_f010310.jpg,1
20260515_081812_ANKVQE_002_f010315.jpg,1
20260515_081812_ANKVQE_002_f010320.jpg,1
20260515_081812_ANKVQE_002_f010325.jpg,1
20260515_081812_ANKVQE_002_f010330.jpg,1
20260515_081812_ANKVQE_002_f010335.jpg,1
20260515_081812_ANKVQE_002_f010340.jpg,1
20260515_081812_ANKVQE_002_f010345.jpg,1
20260515_081812_ANKVQE_002_f010350.jpg,1
20260515_081812_ANKVQE_002_f010355.jpg,1
20260515_081812_ANKVQE_002_f010360.jpg,1
20260515_081812_ANKVQE_002_f010365.jpg,1
20260515_081812_ANKVQE_002_f010370.jpg,1
20260515_081812_ANKVQE_002_f010375.jpg,1
20260515_081812_ANKVQE_002_f010380.jpg,1
20260515_081812_ANKVQE_002_f010385.jpg,1
20260515_081812_ANKVQE_002_f010390.jpg,1
20260515_081812_ANKVQE_002_f010395.jpg,1
20260515_081812_ANKVQE_002_f010400.jpg,1
20260515_081812_ANKVQE_002_f010405.jpg,1
20260515_081812_ANKVQE_002_f010410.jpg,1
20260515_081812_ANKVQE_002_f010415.jpg,1
20260515_081812_ANKVQE_002_f010420.jpg,1
20260515_081812_ANKVQE_002_f010425.jpg,1
20260515_081812_ANKVQE_002_f010590.jpg,1
20260515_081812_ANKVQE_002_f010595.jpg,1
20260515_081812_ANKVQE_002_f010600.jpg,1
20260515_081812_ANKVQE_002_f010605.jpg,1
20260515_081812_ANKVQE_002_f010610.jpg,1
20260515_081812_ANKVQE_002_f010615.jpg,1
20260515_081812_ANKVQE_002_f010620.jpg,1
20260515_081812_ANKVQE_002_f010625.jpg,1
20260515_081812_ANKVQE_002_f010630.jpg,1
20260515_081812_ANKVQE_002_f010635.jpg,1
20260515_081812_ANKVQE_002_f010640.jpg,1
20260515_081812_ANKVQE_002_f010645.jpg,1
20260515_081812_ANKVQE_002_f010650.jpg,1
20260515_081812_ANKVQE_002_f010655.jpg,1
20260515_081812_ANKVQE_002_f010660.jpg,1
20260515_081812_ANKVQE_002_f010665.jpg,1
20260515_081812_ANKVQE_002_f010670.jpg,1
20260515_081812_ANKVQE_002_f010675.jpg,1
20260515_081812_ANKVQE_002_f010680.jpg,1
20260515_081812_ANKVQE_002_f010685.jpg,1
20260515_081812_ANKVQE_002_f010690.jpg,1
20260515_081812_ANKVQE_002_f010695.jpg,1
20260515_081812_ANKVQE_002_f010700.jpg,1
20260515_081812_ANKVQE_002_f010705.jpg,1
20260515_081812_ANKVQE_002_f010710.jpg,1
20260515_081812_ANKVQE_002_f010715.jpg,1
20260515_081812_ANKVQE_002_f010720.jpg,1
20260515_081812_ANKVQE_002_f010725.jpg,1
20260515_081812_ANKVQE_002_f010730.jpg,1
20260515_081812_ANKVQE_002_f010735.jpg,1
20260515_081812_ANKVQE_002_f010740.jpg,1
20260515_081812_ANKVQE_002_f010745.jpg,1
20260515_081812_ANKVQE_002_f010750.jpg,1
20260515_081812_ANKVQE_002_f010755.jpg,1
20260515_081812_ANKVQE_002_f010760.jpg,1
20260515_081812_ANKVQE_002_f010765.jpg,1
20260515_081812_ANKVQE_002_f010770.jpg,1
20260515_081812_ANKVQE_002_f010775.jpg,1
20260515_081812_ANKVQE_002_f010780.jpg,1
20260515_081812_ANKVQE_002_f010785.jpg,1
20260515_081812_ANKVQE_002_f010790.jpg,1
20260515_081812_ANKVQE_002_f010795.jpg,1
20260515_081812_ANKVQE_002_f010800.jpg,1
20260515_081812_ANKVQE_002_f010805.jpg,1
20260515_081812_ANKVQE_002_f010810.jpg,1
20260515_081812_ANKVQE_002_f010815.jpg,1
20260515_081812_ANKVQE_002_f010820.jpg,1
20260515_081812_ANKVQE_002_f010825.jpg,1
20260515_081812_ANKVQE_002_f010830.jpg,1
20260515_081812_ANKVQE_002_f010835.jpg,1
20260515_081812_ANKVQE_002_f010840.jpg,1
20260515_081812_ANKVQE_002_f010845.jpg,1
20260515_081812_ANKVQE_002_f010850.jpg,1
20260515_081812_ANKVQE_002_f010855.jpg,1
20260515_081812_ANKVQE_002_f010860.jpg,1
20260515_081812_ANKVQE_002_f010865.jpg,1
20260515_081812_ANKVQE_002_f010870.jpg,1
20260515_081812_ANKVQE_002_f010875.jpg,1
20260515_081812_ANKVQE_002_f010880.jpg,1
20260515_081812_ANKVQE_002_f010885.jpg,1
20260515_081812_ANKVQE_002_f010890.jpg,1
20260515_081812_ANKVQE_002_f010895.jpg,1
20260515_081812_ANKVQE_002_f010900.jpg,1
20260515_081812_ANKVQE_002_f010905.jpg,1
20260515_081812_ANKVQE_002_f010910.jpg,1
20260515_081812_ANKVQE_002_f010915.jpg,1
20260515_081812_ANKVQE_002_f010920.jpg,1
20260515_081812_ANKVQE_002_f010925.jpg,1
20260515_081812_ANKVQE_002_f010930.jpg,1
20260515_081812_ANKVQE_002_f010935.jpg,1
20260515_081812_ANKVQE_002_f010940.jpg,1
20260515_081812_ANKVQE_002_f010945.jpg,1
20260515_081812_ANKVQE_002_f010950.jpg,1
20260515_081812_ANKVQE_002_f010955.jpg,1
20260515_081812_ANKVQE_002_f010960.jpg,1
20260515_081812_ANKVQE_002_f010965.jpg,1
20260515_081812_ANKVQE_002_f010970.jpg,1
20260515_081812_ANKVQE_002_f010975.jpg,1
20260515_081812_ANKVQE_002_f010980.jpg,1
20260515_081812_ANKVQE_002_f010985.jpg,1
20260515_081812_ANKVQE_002_f010990.jpg,1
20260515_081812_ANKVQE_002_f010995.jpg,1
20260515_081812_ANKVQE_002_f011000.jpg,1
20260515_081812_ANKVQE_002_f011005.jpg,1
20260515_081812_ANKVQE_002_f011010.jpg,1
20260515_081812_ANKVQE_002_f011015.jpg,1
20260515_081812_ANKVQE_002_f011020.jpg,1
20260515_081812_ANKVQE_002_f011025.jpg,1
20260515_081812_ANKVQE_002_f011030.jpg,1
20260515_081812_ANKVQE_002_f011035.jpg,1
20260515_081812_ANKVQE_002_f011040.jpg,1
20260515_081812_ANKVQE_002_f011045.jpg,1
20260515_081812_ANKVQE_002_f011050.jpg,1
20260515_081812_ANKVQE_002_f011055.jpg,1
20260515_081812_ANKVQE_002_f011060.jpg,1
20260515_081812_ANKVQE_002_f011065.jpg,1
20260515_081812_ANKVQE_002_f011070.jpg,1
20260515_081812_ANKVQE_002_f011075.jpg,1
20260515_081812_ANKVQE_002_f011080.jpg,1
20260515_081812_ANKVQE_002_f011085.jpg,1
20260515_081812_ANKVQE_002_f011090.jpg,1
20260515_081812_ANKVQE_002_f011095.jpg,1
20260515_081812_ANKVQE_002_f011100.jpg,1
20260515_081812_ANKVQE_002_f011105.jpg,1
20260515_081812_ANKVQE_002_f011110.jpg,1
20260515_081812_ANKVQE_002_f011115.jpg,1
20260515_081812_ANKVQE_002_f011120.jpg,1
20260515_081812_ANKVQE_002_f011125.jpg,1
20260515_081812_ANKVQE_002_f011130.jpg,1
20260515_081812_ANKVQE_002_f011135.jpg,1
20260515_081812_ANKVQE_002_f011140.jpg,1
20260515_081812_ANKVQE_002_f011145.jpg,1
20260525_003136_UEAUME_018_f000000.jpg,1
20260525_003136_UEAUME_018_f000005.jpg,1
20260525_003136_UEAUME_018_f000010.jpg,1
20260525_003136_UEAUME_018_f000015.jpg,1
20260525_003136_UEAUME_018_f000020.jpg,1
20260525_003136_UEAUME_018_f000025.jpg,1
20260525_003136_UEAUME_018_f000030.jpg,1
20260525_003136_UEAUME_018_f000035.jpg,1
20260525_003136_UEAUME_018_f000040.jpg,1
20260525_003136_UEAUME_018_f000045.jpg,1
20260525_003136_UEAUME_018_f000050.jpg,1
20260525_003136_UEAUME_018_f000055.jpg,1
20260525_003136_UEAUME_018_f000060.jpg,1
20260525_003136_UEAUME_018_f000065.jpg,1
20260525_003136_UEAUME_018_f000070.jpg,1
20260525_003136_UEAUME_018_f000075.jpg,1
20260525_003136_UEAUME_018_f000080.jpg,1
20260525_003136_UEAUME_018_f000085.jpg,1
20260525_003136_UEAUME_018_f000090.jpg,1
20260525_003136_UEAUME_018_f000095.jpg,1
20260525_003136_UEAUME_018_f000100.jpg,1
20260525_003136_UEAUME_018_f000105.jpg,1
20260525_003136_UEAUME_018_f000110.jpg,1
20260525_003136_UEAUME_018_f000115.jpg,1
20260525_003136_UEAUME_018_f000120.jpg,1
20260525_003136_UEAUME_018_f000125.jpg,1
20260525_003136_UEAUME_018_f000130.jpg,1
20260525_003136_UEAUME_018_f000135.jpg,1
20260525_003136_UEAUME_018_f000140.jpg,1
20260525_003136_UEAUME_018_f000145.jpg,1
20260525_003136_UEAUME_018_f000150.jpg,1
20260525_003136_UEAUME_018_f000155.jpg,1
20260525_003136_UEAUME_018_f000160.jpg,1
20260525_003136_UEAUME_018_f000165.jpg,1
20260525_003136_UEAUME_018_f000170.jpg,1
20260525_003136_UEAUME_018_f000175.jpg,1
20260525_003136_UEAUME_018_f000180.jpg,1
20260525_003136_UEAUME_018_f000185.jpg,1
20260525_003136_UEAUME_018_f000190.jpg,1
20260525_003136_UEAUME_018_f000195.jpg,1
20260525_003136_UEAUME_018_f000200.jpg,1
20260525_003136_UEAUME_018_f000205.jpg,1
20260525_003136_UEAUME_018_f000210.jpg,1
20260525_003136_UEAUME_018_f000215.jpg,1
20260525_003136_UEAUME_018_f000220.jpg,1
20260525_003136_UEAUME_018_f000225.jpg,1
20260525_003136_UEAUME_018_f000230.jpg,1
20260525_003136_UEAUME_018_f000235.jpg,1
20260525_003136_UEAUME_018_f000240.jpg,1
20260525_003136_UEAUME_018_f000245.jpg,1
20260525_003136_UEAUME_018_f000250.jpg,1
20260525_003136_UEAUME_018_f000255.jpg,1
20260525_003136_UEAUME_018_f000260.jpg,1
20260525_003136_UEAUME_018_f000265.jpg,1
20260525_003136_UEAUME_018_f000270.jpg,1
20260525_003136_UEAUME_018_f000275.jpg,1
20260525_003136_UEAUME_018_f000280.jpg,1
20260525_003136_UEAUME_018_f000285.jpg,1
20260525_003136_UEAUME_018_f000290.jpg,1
20260525_003136_UEAUME_018_f000295.jpg,1
20260525_003136_UEAUME_018_f000300.jpg,1
20260525_003136_UEAUME_018_f000305.jpg,1
20260525_003136_UEAUME_018_f000310.jpg,1
20260525_003136_UEAUME_018_f000315.jpg,1
20260525_003136_UEAUME_018_f000320.jpg,1
20260525_003136_UEAUME_018_f000325.jpg,1
20260525_003136_UEAUME_018_f000330.jpg,1
20260525_003136_UEAUME_018_f000335.jpg,1
20260525_003136_UEAUME_018_f000340.jpg,1
20260525_003136_UEAUME_018_f000345.jpg,1
20260525_003136_UEAUME_018_f000350.jpg,1
20260525_003136_UEAUME_018_f000355.jpg,1
20260525_003136_UEAUME_018_f000360.jpg,1
20260525_003136_UEAUME_018_f000365.jpg,1
20260525_003136_UEAUME_018_f000370.jpg,1
20260525_003136_UEAUME_018_f000375.jpg,1
20260525_003136_UEAUME_018_f000380.jpg,1
20260525_003136_UEAUME_018_f000385.jpg,1
20260525_003136_UEAUME_018_f000390.jpg,1
20260525_003136_UEAUME_018_f000395.jpg,1
20260525_003136_UEAUME_018_f000400.jpg,1
20260525_003136_UEAUME_018_f000405.jpg,1
20260525_003136_UEAUME_018_f000410.jpg,1
20260525_003136_UEAUME_018_f000415.jpg,1
20260525_003136_UEAUME_018_f000420.jpg,1
20260525_003136_UEAUME_018_f000425.jpg,1
20260525_003136_UEAUME_018_f000430.jpg,1
20260525_003136_UEAUME_018_f000435.jpg,1
20260525_003136_UEAUME_018_f000440.jpg,1
20260525_003136_UEAUME_018_f000445.jpg,1
20260525_003136_UEAUME_018_f000450.jpg,1
20260525_003136_UEAUME_018_f000455.jpg,1
20260525_003136_UEAUME_018_f000460.jpg,1
20260525_003136_UEAUME_018_f000465.jpg,1
20260525_003136_UEAUME_018_f000470.jpg,1
20260525_003136_UEAUME_018_f000475.jpg,1
20260525_003136_UEAUME_018_f000480.jpg,1
20260525_003136_UEAUME_018_f000485.jpg,1
20260525_003136_UEAUME_018_f000490.jpg,1
20260525_003136_UEAUME_018_f000495.jpg,1
20260525_003136_UEAUME_018_f000500.jpg,1
20260525_003136_UEAUME_018_f000505.jpg,1
20260525_003136_UEAUME_018_f000510.jpg,1
20260525_003136_UEAUME_018_f000515.jpg,1
20260525_003136_UEAUME_018_f000520.jpg,1
20260525_003136_UEAUME_018_f000525.jpg,1
20260525_003136_UEAUME_018_f000530.jpg,1
20260525_003136_UEAUME_018_f000535.jpg,1
20260525_003136_UEAUME_018_f000540.jpg,1
20260525_003136_UEAUME_018_f000545.jpg,1
20260525_003136_UEAUME_018_f000550.jpg,1
20260525_003136_UEAUME_018_f000555.jpg,1
20260525_003136_UEAUME_018_f000560.jpg,1
20260525_003136_UEAUME_018_f000565.jpg,1
20260525_003136_UEAUME_018_f000570.jpg,1
20260525_003136_UEAUME_018_f000575.jpg,1
20260525_003136_UEAUME_018_f000580.jpg,1
20260525_003136_UEAUME_018_f000585.jpg,1
20260525_003136_UEAUME_018_f000590.jpg,1
20260525_003136_UEAUME_018_f000595.jpg,1
20260525_003136_UEAUME_018_f000600.jpg,1
20260525_003136_UEAUME_018_f000605.jpg,1
20260525_003136_UEAUME_018_f000610.jpg,1
20260525_003136_UEAUME_018_f000615.jpg,1
20260525_003136_UEAUME_018_f000620.jpg,1
20260525_003136_UEAUME_018_f000625.jpg,1
20260525_003136_UEAUME_018_f000630.jpg,1
20260525_003136_UEAUME_018_f000635.jpg,1
20260525_003136_UEAUME_018_f000640.jpg,1
20260525_003136_UEAUME_018_f000645.jpg,1
20260525_003136_UEAUME_018_f000650.jpg,1
20260525_003136_UEAUME_018_f000655.jpg,1
20260525_003136_UEAUME_018_f000660.jpg,1
20260525_003136_UEAUME_018_f000665.jpg,1
20260525_003136_UEAUME_018_f000670.jpg,1
20260525_003136_UEAUME_018_f000675.jpg,1
20260525_003136_UEAUME_018_f000680.jpg,1
20260525_003136_UEAUME_018_f000685.jpg,1
20260525_003136_UEAUME_018_f000690.jpg,1
20260525_003136_UEAUME_018_f000695.jpg,1
20260525_003136_UEAUME_018_f000700.jpg,1
20260525_003136_UEAUME_018_f000705.jpg,1
20260525_003136_UEAUME_018_f000710.jpg,1
20260525_003136_UEAUME_018_f000715.jpg,1
20260525_003136_UEAUME_018_f000720.jpg,1
20260525_003136_UEAUME_018_f000725.jpg,1
20260525_003136_UEAUME_018_f000730.jpg,1
20260525_003136_UEAUME_018_f000735.jpg,1
20260525_003136_UEAUME_018_f000740.jpg,1
20260525_003136_UEAUME_018_f000745.jpg,1
20260525_003136_UEAUME_018_f000750.jpg,1
20260525_003136_UEAUME_018_f000755.jpg,1
20260525_003136_UEAUME_018_f000760.jpg,1
20260525_003136_UEAUME_018_f000765.jpg,1
20260525_003136_UEAUME_018_f000770.jpg,1
20260525_003136_UEAUME_018_f000775.jpg,1
20260525_003136_UEAUME_018_f000780.jpg,1
20260525_003136_UEAUME_018_f000785.jpg,1
20260525_003136_UEAUME_018_f000790.jpg,1
20260525_003136_UEAUME_018_f000795.jpg,1
20260525_003136_UEAUME_018_f000800.jpg,1
20260525_003136_UEAUME_018_f000805.jpg,1
20260525_003136_UEAUME_018_f000810.jpg,1
20260525_003136_UEAUME_018_f000815.jpg,1
20260525_003136_UEAUME_018_f000820.jpg,1
20260525_003136_UEAUME_018_f000825.jpg,1
20260525_003136_UEAUME_018_f000830.jpg,1
20260525_003136_UEAUME_018_f000835.jpg,1
20260525_003136_UEAUME_018_f000840.jpg,1
20260525_003136_UEAUME_018_f000845.jpg,1
20260525_003136_UEAUME_018_f000850.jpg,1
20260525_003136_UEAUME_018_f000855.jpg,1
20260525_003136_UEAUME_018_f000860.jpg,1
20260525_003136_UEAUME_018_f000865.jpg,1
20260525_003136_UEAUME_018_f000870.jpg,1
20260525_003136_UEAUME_018_f000875.jpg,1
20260525_003136_UEAUME_018_f000880.jpg,1
20260525_003136_UEAUME_018_f000885.jpg,1
20260525_003136_UEAUME_018_f000890.jpg,1
20260525_003136_UEAUME_018_f000895.jpg,1
20260525_003136_UEAUME_018_f000900.jpg,1
20260525_003136_UEAUME_018_f000905.jpg,1
20260525_003136_UEAUME_018_f000910.jpg,1
20260525_003136_UEAUME_018_f000915.jpg,1
20260525_003136_UEAUME_018_f000920.jpg,1
20260525_003136_UEAUME_018_f000925.jpg,1
20260525_003136_UEAUME_018_f000930.jpg,1
20260525_003136_UEAUME_018_f000935.jpg,1
20260525_003136_UEAUME_018_f000940.jpg,1
20260525_003136_UEAUME_018_f000945.jpg,1
20260525_003136_UEAUME_018_f000950.jpg,1
20260525_003136_UEAUME_018_f000955.jpg,1
20260525_003136_UEAUME_018_f000960.jpg,1
20260525_003136_UEAUME_018_f000965.jpg,1
20260525_003136_UEAUME_018_f000970.jpg,1
20260525_003136_UEAUME_018_f000975.jpg,1
20260525_003136_UEAUME_018_f000980.jpg,1
20260525_003136_UEAUME_018_f000985.jpg,1
20260525_003136_UEAUME_018_f000990.jpg,1
20260525_003136_UEAUME_018_f000995.jpg,1
20260525_003136_UEAUME_018_f001000.jpg,1
20260525_003136_UEAUME_018_f001005.jpg,1
20260525_003136_UEAUME_018_f001010.jpg,1
20260525_003136_UEAUME_018_f001015.jpg,1
20260525_003136_UEAUME_018_f001020.jpg,1
20260525_003136_UEAUME_018_f001025.jpg,1
20260525_003136_UEAUME_018_f001030.jpg,1
20260525_003136_UEAUME_018_f001035.jpg,1
20260525_003136_UEAUME_018_f001040.jpg,1
20260525_003136_UEAUME_018_f001045.jpg,1
20260525_003136_UEAUME_018_f001050.jpg,1
20260525_003136_UEAUME_018_f001055.jpg,1
20260525_003136_UEAUME_018_f001060.jpg,1
20260525_003136_UEAUME_018_f001065.jpg,1
20260525_003136_UEAUME_018_f001070.jpg,1
20260525_003136_UEAUME_018_f001075.jpg,1
20260525_003136_UEAUME_018_f001080.jpg,1
20260525_003136_UEAUME_018_f001085.jpg,1
20260525_003136_UEAUME_018_f001090.jpg,1
20260525_003136_UEAUME_018_f001095.jpg,1
20260525_003136_UEAUME_018_f001100.jpg,1
20260525_003136_UEAUME_018_f001105.jpg,1
20260525_003136_UEAUME_018_f001110.jpg,1
20260525_003136_UEAUME_018_f001115.jpg,1
20260525_003136_UEAUME_018_f001120.jpg,1
20260525_003136_UEAUME_018_f001125.jpg,1
20260525_003136_UEAUME_018_f001130.jpg,1
20260525_003136_UEAUME_018_f001135.jpg,1
20260525_003136_UEAUME_018_f001140.jpg,1
20260525_003136_UEAUME_018_f001145.jpg,1
20260525_003136_UEAUME_018_f001150.jpg,1
20260525_003136_UEAUME_018_f001155.jpg,1
20260525_003136_UEAUME_018_f001160.jpg,1
20260525_003136_UEAUME_018_f001165.jpg,1
20260525_003136_UEAUME_018_f001170.jpg,1
20260525_003136_UEAUME_018_f001175.jpg,1
20260525_003136_UEAUME_018_f001180.jpg,1
20260525_003136_UEAUME_018_f001185.jpg,1
20260525_003136_UEAUME_018_f001190.jpg,1
20260525_003136_UEAUME_018_f001195.jpg,1
20260525_003136_UEAUME_018_f001200.jpg,1
20260525_003136_UEAUME_018_f001205.jpg,1
20260525_003136_UEAUME_018_f001210.jpg,1
20260525_003136_UEAUME_018_f001215.jpg,1
20260525_003136_UEAUME_018_f001220.jpg,1
20260525_003136_UEAUME_018_f001225.jpg,1
20260525_003136_UEAUME_018_f001230.jpg,1
20260525_003136_UEAUME_018_f001235.jpg,1
20260525_003136_UEAUME_018_f001240.jpg,1
20260525_003136_UEAUME_018_f001245.jpg,1
20260525_003136_UEAUME_018_f001250.jpg,1
20260525_003136_UEAUME_018_f001255.jpg,1
20260525_003136_UEAUME_018_f001260.jpg,1
20260525_003136_UEAUME_018_f001265.jpg,1
20260525_003136_UEAUME_018_f001270.jpg,1
20260525_003136_UEAUME_018_f001275.jpg,1
20260525_003136_UEAUME_018_f001280.jpg,1
20260525_003136_UEAUME_018_f001285.jpg,1
20260525_003136_UEAUME_018_f001290.jpg,1
20260525_003136_UEAUME_018_f001295.jpg,1
20260525_003136_UEAUME_018_f001300.jpg,1
20260525_003136_UEAUME_018_f001305.jpg,1
20260525_003136_UEAUME_018_f001310.jpg,1
20260525_003136_UEAUME_018_f001315.jpg,1
20260525_003136_UEAUME_018_f001320.jpg,1
20260525_003136_UEAUME_018_f001325.jpg,1
20260525_003136_UEAUME_018_f001330.jpg,1
20260525_003136_UEAUME_018_f001335.jpg,1
20260525_003136_UEAUME_018_f001340.jpg,1
20260525_003136_UEAUME_018_f001345.jpg,1
20260525_003136_UEAUME_018_f001350.jpg,1
20260525_003136_UEAUME_018_f001355.jpg,1
20260525_003136_UEAUME_018_f001360.jpg,1
20260525_003136_UEAUME_018_f001365.jpg,1
20260525_003136_UEAUME_018_f001370.jpg,1
20260525_003136_UEAUME_018_f001375.jpg,1
20260525_003136_UEAUME_018_f001380.jpg,1
20260525_003136_UEAUME_018_f001385.jpg,1
20260525_003136_UEAUME_018_f001390.jpg,1
20260525_003136_UEAUME_018_f001395.jpg,1
20260525_003136_UEAUME_018_f001500.jpg,1
20260525_003136_UEAUME_018_f001505.jpg,1
20260525_003136_UEAUME_018_f001510.jpg,1
20260525_003136_UEAUME_018_f001515.jpg,1
20260525_003136_UEAUME_018_f001520.jpg,1
20260525_003136_UEAUME_018_f001525.jpg,1
20260525_003136_UEAUME_018_f001530.jpg,1
20260525_003136_UEAUME_018_f001535.jpg,1
20260525_003136_UEAUME_018_f001540.jpg,1
20260525_003136_UEAUME_018_f001545.jpg,1
20260525_003136_UEAUME_018_f001550.jpg,1
20260525_003136_UEAUME_018_f001555.jpg,1
20260525_003136_UEAUME_018_f001560.jpg,1
20260525_003136_UEAUME_018_f001565.jpg,1
20260525_003136_UEAUME_018_f001570.jpg,1
20260525_003136_UEAUME_018_f001575.jpg,1
20260525_003136_UEAUME_018_f001580.jpg,1
20260525_003136_UEAUME_018_f001585.jpg,1
20260525_003136_UEAUME_018_f001590.jpg,1
20260525_003136_UEAUME_018_f001595.jpg,1
20260525_003136_UEAUME_018_f001600.jpg,1
20260525_003136_UEAUME_018_f001605.jpg,1
20260525_003136_UEAUME_018_f001610.jpg,1
20260525_003136_UEAUME_018_f001615.jpg,1
20260525_003136_UEAUME_018_f001620.jpg,1
20260525_003136_UEAUME_018_f001625.jpg,1
20260525_003136_UEAUME_018_f001635.jpg,1
20260525_003136_UEAUME_018_f001640.jpg,1
20260525_003136_UEAUME_018_f001645.jpg,1
20260525_003136_UEAUME_018_f001650.jpg,1
20260525_003136_UEAUME_018_f001655.jpg,1
20260525_003136_UEAUME_018_f001660.jpg,1
20260525_003136_UEAUME_018_f001665.jpg,1
20260525_003136_UEAUME_018_f001670.jpg,1
20260525_003136_UEAUME_018_f001675.jpg,1
20260525_003136_UEAUME_018_f001680.jpg,1
20260525_003136_UEAUME_018_f001685.jpg,1
20260525_003136_UEAUME_018_f001695.jpg,1
20260525_003136_UEAUME_018_f001700.jpg,1
20260525_003136_UEAUME_018_f001705.jpg,1
20260525_003136_UEAUME_018_f001710.jpg,1
20260525_003136_UEAUME_018_f001715.jpg,1
20260525_003136_UEAUME_018_f001720.jpg,1
20260525_003136_UEAUME_018_f001725.jpg,1
20260525_003136_UEAUME_018_f001730.jpg,1
20260525_003136_UEAUME_018_f001735.jpg,1
20260525_003136_UEAUME_018_f001740.jpg,1
20260525_003136_UEAUME_018_f001745.jpg,1
20260525_003136_UEAUME_018_f001750.jpg,1
20260525_003136_UEAUME_018_f001755.jpg,1
20260525_003136_UEAUME_018_f001760.jpg,1
20260525_003136_UEAUME_018_f001765.jpg,1
20260525_003136_UEAUME_018_f001770.jpg,1
20260525_003136_UEAUME_018_f001775.jpg,1
20260525_003136_UEAUME_018_f001780.jpg,1
20260525_003136_UEAUME_018_f001785.jpg,1
20260525_003136_UEAUME_018_f001790.jpg,1
20260525_003136_UEAUME_018_f001795.jpg,1
20260525_003136_UEAUME_018_f001800.jpg,1
20260525_003136_UEAUME_018_f001805.jpg,1
20260525_003136_UEAUME_018_f001810.jpg,1
20260525_003136_UEAUME_018_f001815.jpg,1
20260525_003136_UEAUME_018_f001820.jpg,1
20260525_003136_UEAUME_018_f001825.jpg,1
20260525_003136_UEAUME_018_f001830.jpg,1
20260525_003136_UEAUME_018_f001835.jpg,1
20260525_003136_UEAUME_018_f001840.jpg,1
20260525_003136_UEAUME_018_f001845.jpg,1
20260525_003136_UEAUME_018_f001850.jpg,1
20260525_003136_UEAUME_018_f001855.jpg,1
20260525_003136_UEAUME_018_f001860.jpg,1
20260525_003136_UEAUME_018_f001865.jpg,1
20260525_003136_UEAUME_018_f001870.jpg,1
20260525_003136_UEAUME_018_f001875.jpg,1
20260525_003136_UEAUME_018_f001880.jpg,1
20260525_003136_UEAUME_018_f001885.jpg,1
20260525_003136_UEAUME_018_f001890.jpg,1
20260525_003136_UEAUME_018_f001895.jpg,1
20260525_003136_UEAUME_018_f001900.jpg,1
20260525_003136_UEAUME_018_f001905.jpg,1
20260525_003136_UEAUME_018_f001910.jpg,1
20260525_003136_UEAUME_018_f001915.jpg,1
20260525_003136_UEAUME_018_f001920.jpg,1
20260525_003136_UEAUME_018_f001925.jpg,1
20260525_003136_UEAUME_018_f001930.jpg,1
20260525_003136_UEAUME_018_f001935.jpg,1
20260525_003136_UEAUME_018_f001940.jpg,1
20260525_003136_UEAUME_018_f001945.jpg,1
20260525_003136_UEAUME_018_f001950.jpg,1
20260525_003136_UEAUME_018_f001955.jpg,1
20260525_003136_UEAUME_018_f001960.jpg,1
20260525_003136_UEAUME_018_f001965.jpg,1
20260525_003136_UEAUME_018_f001970.jpg,1
20260525_003136_UEAUME_018_f001975.jpg,1
20260525_003136_UEAUME_018_f001980.jpg,1
20260525_003136_UEAUME_018_f001985.jpg,1
20260525_003136_UEAUME_018_f001990.jpg,1
20260525_003136_UEAUME_018_f001995.jpg,1
20260525_003136_UEAUME_018_f002000.jpg,1
20260525_003136_UEAUME_018_f002005.jpg,1
20260525_003136_UEAUME_018_f002010.jpg,1
20260525_003136_UEAUME_018_f002015.jpg,1
20260525_003136_UEAUME_018_f002020.jpg,1
20260525_003136_UEAUME_018_f002025.jpg,1
20260525_003136_UEAUME_018_f002030.jpg,1
20260525_003136_UEAUME_018_f002035.jpg,1
20260525_003136_UEAUME_018_f002040.jpg,1
20260525_003136_UEAUME_018_f002045.jpg,1
20260525_003136_UEAUME_018_f002050.jpg,1
20260525_003136_UEAUME_018_f002055.jpg,1
20260525_003136_UEAUME_018_f002060.jpg,1
20260525_003136_UEAUME_018_f002065.jpg,1
20260525_003136_UEAUME_018_f002070.jpg,1
20260525_003136_UEAUME_018_f002075.jpg,1
20260525_003136_UEAUME_018_f002080.jpg,1
20260525_003136_UEAUME_018_f002085.jpg,1
20260525_003136_UEAUME_018_f002090.jpg,1
20260525_003136_UEAUME_018_f002095.jpg,1
20260525_003136_UEAUME_018_f002100.jpg,1
20260525_003136_UEAUME_018_f002105.jpg,1
20260525_003136_UEAUME_018_f002110.jpg,1
20260525_003136_UEAUME_018_f002115.jpg,1
20260525_003136_UEAUME_018_f002120.jpg,1
20260525_003136_UEAUME_018_f002125.jpg,1
20260525_003136_UEAUME_018_f002130.jpg,1
20260525_003136_UEAUME_018_f002135.jpg,1
20260525_003136_UEAUME_018_f002140.jpg,1
20260525_003136_UEAUME_018_f002145.jpg,1
20260525_003136_UEAUME_018_f002150.jpg,1
20260525_003136_UEAUME_018_f002165.jpg,1
20260525_003136_UEAUME_018_f002170.jpg,1
20260525_003136_UEAUME_018_f002175.jpg,1
20260525_003136_UEAUME_018_f002180.jpg,1
20260525_003136_UEAUME_018_f002185.jpg,1
20260525_003136_UEAUME_018_f002190.jpg,1
20260525_003136_UEAUME_018_f002195.jpg,1
20260525_003136_UEAUME_018_f002200.jpg,1
20260525_003136_UEAUME_018_f002205.jpg,1
20260525_003136_UEAUME_018_f002215.jpg,1
20260525_003136_UEAUME_018_f002220.jpg,1
20260525_003136_UEAUME_018_f002225.jpg,1
20260525_003136_UEAUME_018_f002230.jpg,1
20260525_003136_UEAUME_018_f002235.jpg,1
20260525_003136_UEAUME_018_f002240.jpg,1
20260525_003136_UEAUME_018_f002245.jpg,1
20260525_003136_UEAUME_018_f002250.jpg,1
20260525_003136_UEAUME_018_f002260.jpg,1
20260525_003136_UEAUME_018_f002265.jpg,1
20260525_003136_UEAUME_018_f002270.jpg,1
20260525_003136_UEAUME_018_f002275.jpg,1
20260525_003136_UEAUME_018_f002280.jpg,1
20260525_003136_UEAUME_018_f002285.jpg,1
20260525_003136_UEAUME_018_f002290.jpg,1
20260525_003136_UEAUME_018_f002295.jpg,1
20260525_003136_UEAUME_018_f002300.jpg,1
20260525_003136_UEAUME_018_f002305.jpg,1
20260525_003136_UEAUME_018_f002310.jpg,1
20260525_003136_UEAUME_018_f002315.jpg,1
20260525_003136_UEAUME_018_f002320.jpg,1
20260525_003136_UEAUME_018_f002325.jpg,1
20260525_003136_UEAUME_018_f002330.jpg,1
20260525_003136_UEAUME_018_f002335.jpg,1
20260525_003136_UEAUME_018_f002340.jpg,1
20260525_003136_UEAUME_018_f002345.jpg,1
20260525_003136_UEAUME_018_f002350.jpg,1
20260525_003136_UEAUME_018_f002355.jpg,1
20260525_003136_UEAUME_018_f002360.jpg,1
20260525_003136_UEAUME_018_f002365.jpg,1
20260525_003136_UEAUME_018_f002370.jpg,1
20260525_003136_UEAUME_018_f002375.jpg,1
20260525_003136_UEAUME_018_f002380.jpg,1
20260525_003136_UEAUME_018_f002385.jpg,1
20260525_003136_UEAUME_018_f002390.jpg,1
20260525_003136_UEAUME_018_f002395.jpg,1
20260525_003136_UEAUME_018_f002400.jpg,1
20260525_003136_UEAUME_018_f002405.jpg,1
20260525_003136_UEAUME_018_f002410.jpg,1
20260525_003136_UEAUME_018_f002415.jpg,1
20260525_003136_UEAUME_018_f002420.jpg,1
20260525_003136_UEAUME_018_f002425.jpg,1
20260525_003136_UEAUME_018_f002430.jpg,1
20260525_003136_UEAUME_018_f002435.jpg,1
20260525_003136_UEAUME_018_f002440.jpg,1
20260525_003136_UEAUME_018_f002445.jpg,1
20260525_003136_UEAUME_018_f002450.jpg,1
20260525_003136_UEAUME_018_f002455.jpg,1
20260525_003136_UEAUME_018_f002460.jpg,1
20260525_003136_UEAUME_018_f002465.jpg,1
20260525_003136_UEAUME_018_f002470.jpg,1
20260525_003136_UEAUME_018_f002475.jpg,1
20260525_003136_UEAUME_018_f002480.jpg,1
20260525_003136_UEAUME_018_f002485.jpg,1
20260525_003136_UEAUME_018_f002490.jpg,1
20260525_003136_UEAUME_018_f002495.jpg,1
20260525_003136_UEAUME_018_f002500.jpg,1
20260525_003136_UEAUME_018_f002505.jpg,1
20260525_003136_UEAUME_018_f002510.jpg,1
20260525_003136_UEAUME_018_f002515.jpg,1
20260525_003136_UEAUME_018_f002520.jpg,1
20260525_003136_UEAUME_018_f002525.jpg,1
20260525_003136_UEAUME_018_f002530.jpg,1
20260525_003136_UEAUME_018_f002535.jpg,1
20260525_003136_UEAUME_018_f002540.jpg,1
20260525_003136_UEAUME_018_f002545.jpg,1
20260525_003136_UEAUME_018_f002550.jpg,1
20260525_003136_UEAUME_018_f002555.jpg,1
20260525_003136_UEAUME_018_f002560.jpg,1
20260525_003136_UEAUME_018_f002565.jpg,1
20260525_003136_UEAUME_018_f002570.jpg,1
20260525_003136_UEAUME_018_f002575.jpg,1
20260525_003136_UEAUME_018_f002580.jpg,1
20260525_003136_UEAUME_018_f002585.jpg,1
20260525_003136_UEAUME_018_f002590.jpg,1
20260525_003136_UEAUME_018_f002595.jpg,1
20260525_003136_UEAUME_018_f002600.jpg,1
20260525_003136_UEAUME_018_f002605.jpg,1
20260525_003136_UEAUME_018_f002610.jpg,1
20260525_003136_UEAUME_018_f002615.jpg,1
20260525_003136_UEAUME_018_f002620.jpg,1
20260525_003136_UEAUME_018_f002625.jpg,1
20260525_003136_UEAUME_018_f002630.jpg,1
20260525_003136_UEAUME_018_f002635.jpg,1
20260525_003136_UEAUME_018_f002640.jpg,1
20260525_003136_UEAUME_018_f002645.jpg,1
20260525_003136_UEAUME_018_f002650.jpg,1
20260525_003136_UEAUME_018_f002655.jpg,1
20260525_003136_UEAUME_018_f002660.jpg,1
20260525_003136_UEAUME_018_f002665.jpg,1
20260525_003136_UEAUME_018_f002670.jpg,1
20260525_003136_UEAUME_018_f002675.jpg,1
20260525_003136_UEAUME_018_f002680.jpg,1
20260525_003136_UEAUME_018_f002685.jpg,1
20260525_003136_UEAUME_018_f002690.jpg,1
20260525_003136_UEAUME_018_f002695.jpg,1
20260525_003136_UEAUME_018_f002700.jpg,1
20260525_003136_UEAUME_018_f002705.jpg,1
20260525_003136_UEAUME_018_f002710.jpg,1
20260525_003136_UEAUME_018_f002715.jpg,1
20260525_003136_UEAUME_018_f002720.jpg,1
20260525_003136_UEAUME_018_f002725.jpg,1
20260525_003136_UEAUME_018_f002730.jpg,1
20260525_003136_UEAUME_018_f002735.jpg,1
20260525_003136_UEAUME_018_f002740.jpg,1
20260525_003136_UEAUME_018_f002745.jpg,1
20260525_003136_UEAUME_018_f002750.jpg,1
20260525_003136_UEAUME_018_f002755.jpg,1
20260525_003136_UEAUME_018_f002760.jpg,1
20260525_003136_UEAUME_018_f002765.jpg,1
20260525_003136_UEAUME_018_f002770.jpg,1
20260525_003136_UEAUME_018_f002775.jpg,1
20260525_003136_UEAUME_018_f002780.jpg,1
20260525_003136_UEAUME_018_f002785.jpg,1
20260525_003136_UEAUME_018_f002790.jpg,1
20260525_003136_UEAUME_018_f002795.jpg,1
20260525_003136_UEAUME_018_f002800.jpg,1
20260525_003136_UEAUME_018_f002805.jpg,1
20260525_003136_UEAUME_018_f002810.jpg,1
20260525_003136_UEAUME_018_f002815.jpg,1
20260525_003136_UEAUME_018_f002820.jpg,1
20260525_003136_UEAUME_018_f002825.jpg,1
20260525_003136_UEAUME_018_f002830.jpg,1
20260525_003136_UEAUME_018_f002835.jpg,1
20260525_003136_UEAUME_018_f002840.jpg,1
20260525_003136_UEAUME_018_f002845.jpg,1
20260525_003136_UEAUME_018_f002850.jpg,1
20260525_003136_UEAUME_018_f002855.jpg,1
20260525_003136_UEAUME_018_f002860.jpg,1
20260525_003136_UEAUME_018_f002865.jpg,1
20260525_003136_UEAUME_018_f002870.jpg,1
20260525_003136_UEAUME_018_f002875.jpg,1
20260525_003136_UEAUME_018_f002880.jpg,1
20260525_003136_UEAUME_018_f002885.jpg,1
20260525_003136_UEAUME_018_f002890.jpg,1
20260525_003136_UEAUME_018_f002895.jpg,1
20260525_003136_UEAUME_018_f002900.jpg,1
20260525_003136_UEAUME_018_f002905.jpg,1
20260525_003136_UEAUME_018_f002910.jpg,1
20260525_003136_UEAUME_018_f002915.jpg,1
20260525_003136_UEAUME_018_f002920.jpg,1
20260525_003136_UEAUME_018_f002925.jpg,1
20260525_003136_UEAUME_018_f002930.jpg,1
20260525_003136_UEAUME_018_f002935.jpg,1
20260525_003136_UEAUME_018_f002940.jpg,1
20260525_003136_UEAUME_018_f002945.jpg,1
20260525_003136_UEAUME_018_f002950.jpg,1
20260525_003136_UEAUME_018_f002955.jpg,1
20260525_003136_UEAUME_018_f002960.jpg,1
20260525_003136_UEAUME_018_f002965.jpg,1
20260525_003136_UEAUME_018_f002970.jpg,1
20260525_003136_UEAUME_018_f002975.jpg,1
20260525_003136_UEAUME_018_f002980.jpg,1
20260525_003136_UEAUME_018_f002985.jpg,1
20260525_003136_UEAUME_018_f002990.jpg,1
20260525_003136_UEAUME_018_f002995.jpg,1
20260525_003136_UEAUME_018_f003000.jpg,1
20260525_003136_UEAUME_018_f003005.jpg,1
20260525_003136_UEAUME_018_f003010.jpg,1
20260525_003136_UEAUME_018_f003015.jpg,1
20260525_003136_UEAUME_018_f003020.jpg,1
20260525_003136_UEAUME_018_f003025.jpg,1
20260525_003136_UEAUME_018_f003030.jpg,1
20260525_003136_UEAUME_018_f003035.jpg,1
20260525_003136_UEAUME_018_f003040.jpg,1
20260525_003136_UEAUME_018_f003045.jpg,1
20260525_003136_UEAUME_018_f003050.jpg,1
20260525_003136_UEAUME_018_f003055.jpg,1
20260525_003136_UEAUME_018_f003060.jpg,1
20260525_003136_UEAUME_018_f003065.jpg,1
20260525_003136_UEAUME_018_f003070.jpg,1
20260525_003136_UEAUME_018_f003075.jpg,1
20260525_003136_UEAUME_018_f003080.jpg,1
20260525_003136_UEAUME_018_f003085.jpg,1
20260525_003136_UEAUME_018_f003090.jpg,1
20260525_003136_UEAUME_018_f003095.jpg,1
20260525_003136_UEAUME_018_f003100.jpg,1
20260525_003136_UEAUME_018_f003105.jpg,1
20260525_003136_UEAUME_018_f003110.jpg,1
20260525_003136_UEAUME_018_f003115.jpg,1
20260525_003136_UEAUME_018_f003120.jpg,1
20260525_003136_UEAUME_018_f003125.jpg,1
20260525_003136_UEAUME_018_f003130.jpg,1
20260525_003136_UEAUME_018_f003135.jpg,1
20260525_003136_UEAUME_018_f003140.jpg,1
20260525_003136_UEAUME_018_f003145.jpg,1
20260525_003136_UEAUME_018_f003150.jpg,1
20260525_003136_UEAUME_018_f003155.jpg,1
20260525_003136_UEAUME_018_f003160.jpg,1
20260525_003136_UEAUME_018_f003165.jpg,1
20260525_003136_UEAUME_018_f003170.jpg,1
20260525_003136_UEAUME_018_f003175.jpg,1
20260525_003136_UEAUME_018_f003180.jpg,1
20260525_003136_UEAUME_018_f003185.jpg,1
20260525_003136_UEAUME_018_f003190.jpg,1
20260525_003136_UEAUME_018_f003195.jpg,1
20260525_003136_UEAUME_018_f003200.jpg,1
20260525_003136_UEAUME_018_f003205.jpg,1
20260525_003136_UEAUME_018_f003210.jpg,1
20260525_003136_UEAUME_018_f003215.jpg,1
20260525_003136_UEAUME_018_f003220.jpg,1
20260525_003136_UEAUME_018_f003225.jpg,1
20260525_003136_UEAUME_018_f003230.jpg,1
20260525_003136_UEAUME_018_f003240.jpg,1
20260525_003136_UEAUME_018_f003245.jpg,1
20260525_003136_UEAUME_018_f003250.jpg,1
20260525_003136_UEAUME_018_f003255.jpg,1
20260525_003136_UEAUME_018_f003260.jpg,1
20260525_003136_UEAUME_018_f003265.jpg,1
20260525_003136_UEAUME_018_f003270.jpg,1
20260525_003136_UEAUME_018_f003275.jpg,1
20260525_003136_UEAUME_018_f003280.jpg,1
20260525_003136_UEAUME_018_f003285.jpg,1
20260525_003136_UEAUME_018_f003290.jpg,1
20260525_003136_UEAUME_018_f003295.jpg,1
20260525_003136_UEAUME_018_f003300.jpg,1
20260525_003136_UEAUME_018_f003305.jpg,1
20260525_003136_UEAUME_018_f003310.jpg,1
20260525_003136_UEAUME_018_f003315.jpg,1
20260525_003136_UEAUME_018_f003320.jpg,1
20260525_003136_UEAUME_018_f003325.jpg,1
20260525_003136_UEAUME_018_f003330.jpg,1
20260525_003136_UEAUME_018_f003335.jpg,1
20260525_003136_UEAUME_018_f003340.jpg,1
20260525_003136_UEAUME_018_f003345.jpg,1
20260525_003136_UEAUME_018_f003350.jpg,1
20260525_003136_UEAUME_018_f003355.jpg,1
20260525_003136_UEAUME_018_f003360.jpg,1
20260525_003136_UEAUME_018_f003365.jpg,1
20260525_003136_UEAUME_018_f003370.jpg,1
20260525_003136_UEAUME_018_f003375.jpg,1
20260525_003136_UEAUME_018_f003380.jpg,1
20260525_003136_UEAUME_018_f003385.jpg,1
20260525_003136_UEAUME_018_f003390.jpg,1
20260525_003136_UEAUME_018_f003395.jpg,1
20260525_003136_UEAUME_018_f003400.jpg,1
20260525_003136_UEAUME_018_f003405.jpg,1
20260525_003136_UEAUME_018_f003410.jpg,1
20260525_003136_UEAUME_018_f003415.jpg,1
20260525_003136_UEAUME_018_f003420.jpg,1
20260525_003136_UEAUME_018_f003425.jpg,1
20260525_003136_UEAUME_018_f003430.jpg,1
20260525_003136_UEAUME_018_f003435.jpg,1
20260525_003136_UEAUME_018_f003440.jpg,1
20260525_003136_UEAUME_018_f003445.jpg,1
20260525_003136_UEAUME_018_f003450.jpg,1
20260525_003136_UEAUME_018_f003455.jpg,1
20260525_003136_UEAUME_018_f003460.jpg,1
20260525_003136_UEAUME_018_f003465.jpg,1
20260525_003136_UEAUME_018_f003470.jpg,1
20260525_003136_UEAUME_018_f003475.jpg,1
20260525_003136_UEAUME_018_f003480.jpg,1
20260525_003136_UEAUME_018_f003485.jpg,1
20260525_003136_UEAUME_018_f003490.jpg,1
20260525_003136_UEAUME_018_f003495.jpg,1
20260525_003136_UEAUME_018_f003500.jpg,1
20260525_003136_UEAUME_018_f003505.jpg,1
20260525_003136_UEAUME_018_f003510.jpg,1
20260525_003136_UEAUME_018_f003515.jpg,1
20260525_003136_UEAUME_018_f003520.jpg,1
20260525_003136_UEAUME_018_f003525.jpg,1
20260525_003136_UEAUME_018_f003530.jpg,1
20260525_003136_UEAUME_018_f003535.jpg,1
20260525_003136_UEAUME_018_f003540.jpg,1
20260525_003136_UEAUME_018_f003545.jpg,1
20260525_003136_UEAUME_018_f003550.jpg,1
20260525_003136_UEAUME_018_f003555.jpg,1
20260525_003136_UEAUME_018_f003560.jpg,1
20260525_003136_UEAUME_018_f003565.jpg,1
20260525_003136_UEAUME_018_f003570.jpg,1
20260525_003136_UEAUME_018_f003575.jpg,1
20260525_003136_UEAUME_018_f003580.jpg,1
20260525_003136_UEAUME_018_f003585.jpg,1
20260525_003136_UEAUME_018_f003590.jpg,1
20260525_003136_UEAUME_018_f003595.jpg,1
20260525_003136_UEAUME_018_f003600.jpg,1
20260525_003136_UEAUME_018_f003605.jpg,1
20260525_003136_UEAUME_018_f003610.jpg,1
20260525_003136_UEAUME_018_f003615.jpg,1
20260525_003136_UEAUME_018_f003620.jpg,1
20260525_003136_UEAUME_018_f003625.jpg,1
20260525_003136_UEAUME_018_f003630.jpg,1
20260525_003136_UEAUME_018_f003635.jpg,1
20260525_003136_UEAUME_018_f003640.jpg,1
20260525_003136_UEAUME_018_f003645.jpg,1
20260525_003136_UEAUME_018_f003650.jpg,1
20260525_003136_UEAUME_018_f003655.jpg,1
20260525_003136_UEAUME_018_f003660.jpg,1
20260525_003136_UEAUME_018_f003665.jpg,1
20260525_003136_UEAUME_018_f003670.jpg,1
20260525_003136_UEAUME_018_f003675.jpg,1
20260525_003136_UEAUME_018_f003680.jpg,1
20260525_003136_UEAUME_018_f003685.jpg,1
20260525_003136_UEAUME_018_f003690.jpg,1
20260525_003136_UEAUME_018_f003695.jpg,1
20260525_003136_UEAUME_018_f003700.jpg,1
20260525_003136_UEAUME_018_f003705.jpg,1
20260525_003136_UEAUME_018_f003710.jpg,1
20260525_003136_UEAUME_018_f003715.jpg,1
20260525_003136_UEAUME_018_f003720.jpg,1
20260525_003136_UEAUME_018_f003725.jpg,1
20260525_003136_UEAUME_018_f003730.jpg,1
20260525_003136_UEAUME_018_f003735.jpg,1
20260525_003136_UEAUME_018_f003740.jpg,1
20260525_003136_UEAUME_018_f003745.jpg,1
20260525_003136_UEAUME_018_f003750.jpg,1
20260525_003136_UEAUME_018_f003755.jpg,1
20260525_003136_UEAUME_018_f003760.jpg,1
20260525_003136_UEAUME_018_f003765.jpg,1
20260525_003136_UEAUME_018_f003770.jpg,1
20260525_003136_UEAUME_018_f003775.jpg,1
20260525_003136_UEAUME_018_f003780.jpg,1
20260525_003136_UEAUME_018_f003785.jpg,1
20260525_003136_UEAUME_018_f003790.jpg,1
20260525_003136_UEAUME_018_f003795.jpg,1
20260525_003136_UEAUME_018_f003800.jpg,1
20260525_003136_UEAUME_018_f003805.jpg,1
20260525_003136_UEAUME_018_f003810.jpg,1
20260525_003136_UEAUME_018_f003815.jpg,1
20260525_003136_UEAUME_018_f003820.jpg,1
20260525_003136_UEAUME_018_f003825.jpg,1
20260525_003136_UEAUME_018_f003830.jpg,1
20260525_003136_UEAUME_018_f003835.jpg,1
20260525_003136_UEAUME_018_f003840.jpg,1
20260525_003136_UEAUME_018_f003845.jpg,1
20260525_003136_UEAUME_018_f003850.jpg,1
20260525_003136_UEAUME_018_f003855.jpg,1
20260525_003136_UEAUME_018_f003860.jpg,1
20260525_003136_UEAUME_018_f003865.jpg,1
20260525_003136_UEAUME_018_f003870.jpg,1
20260525_003136_UEAUME_018_f003875.jpg,1
20260525_003136_UEAUME_018_f003880.jpg,1
20260525_003136_UEAUME_018_f003885.jpg,1
20260525_003136_UEAUME_018_f003890.jpg,1
20260525_003136_UEAUME_018_f003895.jpg,1
20260525_003136_UEAUME_018_f003900.jpg,1
20260525_003136_UEAUME_018_f003905.jpg,1
20260525_003136_UEAUME_018_f003910.jpg,1
20260525_003136_UEAUME_018_f003915.jpg,1
20260525_003136_UEAUME_018_f003920.jpg,1
20260525_003136_UEAUME_018_f003925.jpg,1
20260525_003136_UEAUME_018_f003930.jpg,1
20260525_003136_UEAUME_018_f003935.jpg,1
20260525_003136_UEAUME_018_f003940.jpg,1
20260525_003136_UEAUME_018_f003945.jpg,1
20260525_003136_UEAUME_018_f003950.jpg,1
20260525_003136_UEAUME_018_f003955.jpg,1
20260525_003136_UEAUME_018_f003960.jpg,1
20260525_003136_UEAUME_018_f003965.jpg,1
20260525_003136_UEAUME_018_f003970.jpg,1
20260525_003136_UEAUME_018_f003975.jpg,1
20260525_003136_UEAUME_018_f003980.jpg,1
20260525_003136_UEAUME_018_f003985.jpg,1
20260525_003136_UEAUME_018_f003990.jpg,1
20260525_003136_UEAUME_018_f003995.jpg,1
20260525_003136_UEAUME_018_f004000.jpg,1
20260525_003136_UEAUME_018_f004005.jpg,1
20260525_003136_UEAUME_018_f004010.jpg,1
20260525_003136_UEAUME_018_f004015.jpg,1
20260525_003136_UEAUME_018_f004020.jpg,1
20260525_003136_UEAUME_018_f004025.jpg,1
20260525_003136_UEAUME_018_f004030.jpg,1
20260525_003136_UEAUME_018_f004035.jpg,1
20260525_003136_UEAUME_018_f004040.jpg,1
20260525_003136_UEAUME_018_f004045.jpg,1
20260525_003136_UEAUME_018_f004050.jpg,1
20260525_003136_UEAUME_018_f004055.jpg,1
20260525_003136_UEAUME_018_f004060.jpg,1
20260525_003136_UEAUME_018_f004065.jpg,1
20260525_003136_UEAUME_018_f004070.jpg,1
20260525_003136_UEAUME_018_f004075.jpg,1
20260525_003136_UEAUME_018_f004080.jpg,1
20260525_003136_UEAUME_018_f004085.jpg,1
20260525_003136_UEAUME_018_f004090.jpg,1
20260525_003136_UEAUME_018_f004095.jpg,1
20260525_003136_UEAUME_018_f004100.jpg,1
20260525_003136_UEAUME_018_f004105.jpg,1
20260525_003136_UEAUME_018_f004110.jpg,1
20260525_003136_UEAUME_018_f004115.jpg,1
20260525_003136_UEAUME_018_f004120.jpg,1
20260525_003136_UEAUME_018_f004125.jpg,1
20260525_003136_UEAUME_018_f004130.jpg,1
20260525_003136_UEAUME_018_f004135.jpg,1
20260525_003136_UEAUME_018_f004140.jpg,1
20260525_003136_UEAUME_018_f004145.jpg,1
20260525_003136_UEAUME_018_f004150.jpg,1
20260525_003136_UEAUME_018_f004155.jpg,1
20260525_003136_UEAUME_018_f004160.jpg,1
20260525_003136_UEAUME_018_f004165.jpg,1
20260525_003136_UEAUME_018_f004170.jpg,1
20260525_003136_UEAUME_018_f004175.jpg,1
20260525_003136_UEAUME_018_f004180.jpg,1
20260525_003136_UEAUME_018_f004185.jpg,1
20260525_003136_UEAUME_018_f004190.jpg,1
20260525_003136_UEAUME_018_f004195.jpg,1
20260525_003136_UEAUME_018_f004200.jpg,1
20260525_003136_UEAUME_018_f004205.jpg,1
20260525_003136_UEAUME_018_f004210.jpg,1
20260525_003136_UEAUME_018_f004215.jpg,1
20260525_003136_UEAUME_018_f004220.jpg,1
20260525_003136_UEAUME_018_f004225.jpg,1
20260525_003136_UEAUME_018_f004230.jpg,1
20260525_003136_UEAUME_018_f004235.jpg,1
20260525_003136_UEAUME_018_f004240.jpg,1
20260525_003136_UEAUME_018_f004245.jpg,1
20260525_003136_UEAUME_018_f004250.jpg,1
20260525_003136_UEAUME_018_f004255.jpg,1
20260525_003136_UEAUME_018_f004260.jpg,1
20260525_003136_UEAUME_018_f004265.jpg,1
20260525_003136_UEAUME_018_f004270.jpg,1
20260525_003136_UEAUME_018_f004275.jpg,1
20260525_003136_UEAUME_018_f004280.jpg,1
20260525_003136_UEAUME_018_f004285.jpg,1
20260525_003136_UEAUME_018_f004290.jpg,1
20260525_003136_UEAUME_018_f004295.jpg,1
20260525_003136_UEAUME_018_f004300.jpg,1
20260525_003136_UEAUME_018_f004305.jpg,1
20260525_003136_UEAUME_018_f004310.jpg,1
20260525_003136_UEAUME_018_f004315.jpg,1
20260525_003136_UEAUME_018_f004320.jpg,1
20260525_003136_UEAUME_018_f004325.jpg,1
20260525_003136_UEAUME_018_f004330.jpg,1
20260525_003136_UEAUME_018_f004335.jpg,1
20260525_003136_UEAUME_018_f004340.jpg,1
20260525_003136_UEAUME_018_f004345.jpg,1
20260525_003136_UEAUME_018_f004350.jpg,1
20260525_003136_UEAUME_018_f004355.jpg,1
20260525_003136_UEAUME_018_f004360.jpg,1
20260525_003136_UEAUME_018_f004365.jpg,1
20260525_003136_UEAUME_018_f004370.jpg,1
20260525_003136_UEAUME_018_f004375.jpg,1
20260525_003136_UEAUME_018_f004380.jpg,1
20260525_003136_UEAUME_018_f004385.jpg,1
20260525_003136_UEAUME_018_f004390.jpg,1
20260525_003136_UEAUME_018_f004395.jpg,1
20260525_003136_UEAUME_018_f004400.jpg,1
20260525_003136_UEAUME_018_f004405.jpg,1
20260525_003136_UEAUME_018_f004410.jpg,1
20260525_003136_UEAUME_018_f004415.jpg,1
20260525_003136_UEAUME_018_f004420.jpg,1
20260525_003136_UEAUME_018_f004425.jpg,1
20260525_003136_UEAUME_018_f004430.jpg,1
20260525_003136_UEAUME_018_f004435.jpg,1
20260525_003136_UEAUME_018_f004440.jpg,1
20260525_003136_UEAUME_018_f004445.jpg,1
20260525_003136_UEAUME_018_f004450.jpg,1
20260525_003136_UEAUME_018_f004455.jpg,1
20260525_003136_UEAUME_018_f004460.jpg,1
20260525_003136_UEAUME_018_f004465.jpg,1
20260525_003136_UEAUME_018_f004470.jpg,1
20260525_003136_UEAUME_018_f004475.jpg,1
20260525_003136_UEAUME_018_f004480.jpg,1
20260525_003136_UEAUME_018_f004485.jpg,1
20260525_003136_UEAUME_018_f004490.jpg,1
20260525_003136_UEAUME_018_f004495.jpg,1
20260525_003136_UEAUME_018_f004500.jpg,1
20260525_003136_UEAUME_018_f004505.jpg,1
20260525_003136_UEAUME_018_f004510.jpg,1
20260525_003136_UEAUME_018_f004515.jpg,1
20260525_003136_UEAUME_018_f004520.jpg,1
20260525_003136_UEAUME_018_f004525.jpg,1
20260525_003136_UEAUME_018_f004530.jpg,1
20260525_003136_UEAUME_018_f004535.jpg,1
20260525_003136_UEAUME_018_f004540.jpg,1
20260525_003136_UEAUME_018_f004545.jpg,1
20260525_003136_UEAUME_018_f004550.jpg,1
20260525_003136_UEAUME_018_f004555.jpg,1
20260525_003136_UEAUME_018_f004560.jpg,1
20260525_003136_UEAUME_018_f004565.jpg,1
20260525_003136_UEAUME_018_f004570.jpg,1
20260525_003136_UEAUME_018_f004575.jpg,1
20260525_003136_UEAUME_018_f004580.jpg,1
20260525_003136_UEAUME_018_f004585.jpg,1
20260525_003136_UEAUME_018_f004590.jpg,1
20260525_003136_UEAUME_018_f004595.jpg,1
20260525_003136_UEAUME_018_f004600.jpg,1
20260525_003136_UEAUME_018_f004605.jpg,1
20260525_003136_UEAUME_018_f004610.jpg,1
20260525_003136_UEAUME_018_f004615.jpg,1
20260525_003136_UEAUME_018_f004620.jpg,1
20260525_003136_UEAUME_018_f004625.jpg,1
20260525_003136_UEAUME_018_f004630.jpg,1
20260525_003136_UEAUME_018_f004635.jpg,1
20260525_003136_UEAUME_018_f004640.jpg,1
20260525_003136_UEAUME_018_f004645.jpg,1
20260525_003136_UEAUME_018_f004650.jpg,1
20260525_003136_UEAUME_018_f004655.jpg,1
20260525_003136_UEAUME_018_f004660.jpg,1
20260525_003136_UEAUME_018_f004665.jpg,1
20260525_003136_UEAUME_018_f004670.jpg,1
20260525_003136_UEAUME_018_f004675.jpg,1
20260525_003136_UEAUME_018_f004680.jpg,1
20260525_003136_UEAUME_018_f004685.jpg,1
20260525_003136_UEAUME_018_f004690.jpg,1
20260525_003136_UEAUME_018_f004695.jpg,1
20260525_003136_UEAUME_018_f004700.jpg,1
20260525_003136_UEAUME_018_f004705.jpg,1
20260525_003136_UEAUME_018_f004710.jpg,1
20260525_003136_UEAUME_018_f004715.jpg,1
20260525_003136_UEAUME_018_f004720.jpg,1
20260525_003136_UEAUME_018_f004725.jpg,1
20260525_003136_UEAUME_018_f004730.jpg,1
20260525_003136_UEAUME_018_f004735.jpg,1
20260525_003136_UEAUME_018_f004740.jpg,1
20260525_003136_UEAUME_018_f004745.jpg,1
20260525_003136_UEAUME_018_f004750.jpg,1
20260525_003136_UEAUME_018_f004755.jpg,1
20260525_003136_UEAUME_018_f004760.jpg,1
20260525_003136_UEAUME_018_f004765.jpg,1
20260525_003136_UEAUME_018_f004770.jpg,1
20260525_003136_UEAUME_018_f004775.jpg,1
20260525_003136_UEAUME_018_f004780.jpg,1
20260525_003136_UEAUME_018_f004785.jpg,1
20260525_003136_UEAUME_018_f004790.jpg,1
20260525_003136_UEAUME_018_f004795.jpg,1
20260525_003136_UEAUME_018_f004800.jpg,1
20260525_003136_UEAUME_018_f004805.jpg,1
20260525_003136_UEAUME_018_f004810.jpg,1
20260525_003136_UEAUME_018_f004815.jpg,1
20260525_003136_UEAUME_018_f004820.jpg,1
20260525_003136_UEAUME_018_f004825.jpg,1
20260525_003136_UEAUME_018_f004830.jpg,1
20260525_003136_UEAUME_018_f004835.jpg,1
20260525_003136_UEAUME_018_f004840.jpg,1
20260525_003136_UEAUME_018_f004845.jpg,1
20260525_003136_UEAUME_018_f004850.jpg,1
20260525_003136_UEAUME_018_f004855.jpg,1
20260525_003136_UEAUME_018_f004860.jpg,1
20260525_003136_UEAUME_018_f004865.jpg,1
20260525_003136_UEAUME_018_f004870.jpg,1
20260525_003136_UEAUME_018_f004875.jpg,1
20260525_003136_UEAUME_018_f004880.jpg,1
20260525_003136_UEAUME_018_f004885.jpg,1
20260525_003136_UEAUME_018_f004890.jpg,1
20260525_003136_UEAUME_018_f004895.jpg,1
20260525_003136_UEAUME_018_f004900.jpg,1
20260525_003136_UEAUME_018_f004905.jpg,1
20260525_003136_UEAUME_018_f004910.jpg,1
20260525_003136_UEAUME_018_f004915.jpg,1
20260525_003136_UEAUME_018_f004920.jpg,1
20260525_003136_UEAUME_018_f004925.jpg,1
20260525_003136_UEAUME_018_f004930.jpg,1
20260525_003136_UEAUME_018_f004935.jpg,1
20260525_003136_UEAUME_018_f004940.jpg,1
20260525_003136_UEAUME_018_f004945.jpg,1
20260525_003136_UEAUME_018_f004950.jpg,1
20260525_003136_UEAUME_018_f004955.jpg,1
20260525_003136_UEAUME_018_f004960.jpg,1
20260525_003136_UEAUME_018_f004965.jpg,1
20260525_003136_UEAUME_018_f004970.jpg,1
20260525_003136_UEAUME_018_f004975.jpg,1
20260525_003136_UEAUME_018_f004980.jpg,1
20260525_003136_UEAUME_018_f004985.jpg,1
20260525_003136_UEAUME_018_f004990.jpg,1
20260525_003136_UEAUME_018_f004995.jpg,1
20260525_003136_UEAUME_018_f005000.jpg,1
20260525_003136_UEAUME_018_f005005.jpg,1
20260525_003136_UEAUME_018_f005010.jpg,1
20260525_003136_UEAUME_018_f005015.jpg,1
20260525_003136_UEAUME_018_f005020.jpg,1
20260525_003136_UEAUME_018_f005025.jpg,1
20260525_003136_UEAUME_018_f005030.jpg,1
20260525_003136_UEAUME_018_f005035.jpg,1
20260525_003136_UEAUME_018_f005040.jpg,1
20260525_003136_UEAUME_018_f005045.jpg,1
20260525_003136_UEAUME_018_f005050.jpg,1
20260525_003136_UEAUME_018_f005055.jpg,1
20260525_003136_UEAUME_018_f005060.jpg,1
20260525_003136_UEAUME_018_f005065.jpg,1
20260525_003136_UEAUME_018_f005070.jpg,1
20260525_003136_UEAUME_018_f005075.jpg,1
20260525_003136_UEAUME_018_f005080.jpg,1
20260525_003136_UEAUME_018_f005085.jpg,1
20260525_003136_UEAUME_018_f005090.jpg,1
20260525_003136_UEAUME_018_f005095.jpg,1
20260525_003136_UEAUME_018_f005100.jpg,1
20260525_003136_UEAUME_018_f005105.jpg,1
20260525_003136_UEAUME_018_f005110.jpg,1
20260525_003136_UEAUME_018_f005115.jpg,1
20260525_003136_UEAUME_018_f005120.jpg,1
20260525_003136_UEAUME_018_f005125.jpg,1
20260525_003136_UEAUME_018_f005130.jpg,1
20260525_003136_UEAUME_018_f005135.jpg,1
20260525_003136_UEAUME_018_f005140.jpg,1
20260525_003136_UEAUME_018_f005145.jpg,1
20260525_003136_UEAUME_018_f005150.jpg,1
20260525_003136_UEAUME_018_f005155.jpg,1
20260525_003136_UEAUME_018_f005160.jpg,1
20260525_003136_UEAUME_018_f005165.jpg,1
20260525_003136_UEAUME_018_f005170.jpg,1
20260525_003136_UEAUME_018_f005175.jpg,1
20260525_003136_UEAUME_018_f005180.jpg,1
20260525_003136_UEAUME_018_f005185.jpg,1
20260525_003136_UEAUME_018_f005190.jpg,1
20260525_003136_UEAUME_018_f005195.jpg,1
20260525_003136_UEAUME_018_f005200.jpg,1
20260525_003136_UEAUME_018_f005205.jpg,1
20260525_003136_UEAUME_018_f005210.jpg,1
20260525_003136_UEAUME_018_f005215.jpg,1
20260525_003136_UEAUME_018_f005220.jpg,1
20260525_003136_UEAUME_018_f005225.jpg,1
20260525_003136_UEAUME_018_f005230.jpg,1
20260525_003136_UEAUME_018_f005235.jpg,1
20260525_003136_UEAUME_018_f005240.jpg,1
20260525_003136_UEAUME_018_f005245.jpg,1
20260525_003136_UEAUME_018_f005250.jpg,1
20260525_003136_UEAUME_018_f005255.jpg,1
20260525_003136_UEAUME_018_f005260.jpg,1
20260525_003136_UEAUME_018_f005265.jpg,1
20260525_003136_UEAUME_018_f005270.jpg,1
20260525_003136_UEAUME_018_f005275.jpg,1
20260525_003136_UEAUME_018_f005280.jpg,1
20260525_003136_UEAUME_018_f005285.jpg,1
20260525_003136_UEAUME_018_f005290.jpg,1
20260525_003136_UEAUME_018_f005295.jpg,1
20260525_003136_UEAUME_018_f005300.jpg,1
20260525_003136_UEAUME_018_f005305.jpg,1
20260525_003136_UEAUME_018_f005310.jpg,1
20260525_003136_UEAUME_018_f005315.jpg,1
20260525_003136_UEAUME_018_f005320.jpg,1
20260525_003136_UEAUME_018_f005325.jpg,1
20260525_003136_UEAUME_018_f005330.jpg,1
20260525_003136_UEAUME_018_f005335.jpg,1
20260525_003136_UEAUME_018_f005340.jpg,1
20260525_003136_UEAUME_018_f005345.jpg,1
20260525_003136_UEAUME_018_f005350.jpg,1
20260525_003136_UEAUME_018_f005355.jpg,1
20260525_003136_UEAUME_018_f005360.jpg,1
20260525_003136_UEAUME_018_f005365.jpg,1
20260525_003136_UEAUME_018_f005370.jpg,1
20260525_003136_UEAUME_018_f005375.jpg,1
20260525_003136_UEAUME_018_f005380.jpg,1
20260525_003136_UEAUME_018_f005385.jpg,1
20260525_003136_UEAUME_018_f005390.jpg,1
20260525_003136_UEAUME_018_f005395.jpg,1
20260525_003136_UEAUME_018_f005400.jpg,1
20260525_003136_UEAUME_018_f005405.jpg,1
20260525_003136_UEAUME_018_f005410.jpg,1
20260525_003136_UEAUME_018_f005415.jpg,1
20260525_003136_UEAUME_018_f005420.jpg,1
20260525_003136_UEAUME_018_f005425.jpg,1
20260525_003136_UEAUME_018_f005430.jpg,1
20260525_003136_UEAUME_018_f005435.jpg,1
20260525_003136_UEAUME_018_f005440.jpg,1
20260525_003136_UEAUME_018_f005445.jpg,1
20260525_003136_UEAUME_018_f005450.jpg,1
20260525_003136_UEAUME_018_f005455.jpg,1
20260525_003136_UEAUME_018_f005460.jpg,1
20260525_003136_UEAUME_018_f005465.jpg,1
20260525_003136_UEAUME_018_f005470.jpg,1
20260525_003136_UEAUME_018_f005475.jpg,1
20260525_003136_UEAUME_018_f005480.jpg,1
20260525_003136_UEAUME_018_f005485.jpg,1
20260525_003136_UEAUME_018_f005490.jpg,1
20260525_003136_UEAUME_018_f005495.jpg,1
20260525_003136_UEAUME_018_f005500.jpg,1
20260525_003136_UEAUME_018_f005505.jpg,1
20260525_003136_UEAUME_018_f005510.jpg,1
20260525_003136_UEAUME_018_f005515.jpg,1
20260525_003136_UEAUME_018_f005520.jpg,1
20260525_003136_UEAUME_018_f005525.jpg,1
20260525_003136_UEAUME_018_f005530.jpg,1
20260525_003136_UEAUME_018_f005535.jpg,1
20260525_003136_UEAUME_018_f005540.jpg,1
20260525_003136_UEAUME_018_f005545.jpg,1
20260525_003136_UEAUME_018_f005550.jpg,1
20260525_003136_UEAUME_018_f005555.jpg,1
20260525_003136_UEAUME_018_f005560.jpg,1
20260525_003136_UEAUME_018_f005565.jpg,1
20260525_003136_UEAUME_018_f005570.jpg,1
20260525_003136_UEAUME_018_f005575.jpg,1
20260525_003136_UEAUME_018_f005580.jpg,1
20260525_003136_UEAUME_018_f005585.jpg,1
20260525_003136_UEAUME_018_f005590.jpg,1
20260525_003136_UEAUME_018_f005595.jpg,1
20260525_003136_UEAUME_018_f005600.jpg,1
20260525_003136_UEAUME_018_f005605.jpg,1
20260525_003136_UEAUME_018_f005610.jpg,1
20260525_003136_UEAUME_018_f005615.jpg,1
20260525_003136_UEAUME_018_f005620.jpg,1
20260525_003136_UEAUME_018_f005625.jpg,1
20260525_003136_UEAUME_018_f005630.jpg,1
20260525_003136_UEAUME_018_f005635.jpg,1
20260525_003136_UEAUME_018_f005640.jpg,1
20260525_003136_UEAUME_018_f005645.jpg,1
20260525_003136_UEAUME_018_f005650.jpg,1
20260525_003136_UEAUME_018_f005655.jpg,1
20260525_003136_UEAUME_018_f005660.jpg,1
20260525_003136_UEAUME_018_f005665.jpg,1
20260525_003136_UEAUME_018_f005670.jpg,1
20260525_003136_UEAUME_018_f005675.jpg,1
20260525_003136_UEAUME_018_f005680.jpg,1
20260525_003136_UEAUME_018_f005685.jpg,1
20260525_003136_UEAUME_018_f005690.jpg,1
20260525_003136_UEAUME_018_f005695.jpg,1
20260525_003136_UEAUME_018_f005700.jpg,1
20260525_003136_UEAUME_018_f005705.jpg,1
20260525_003136_UEAUME_018_f005710.jpg,1
20260525_003136_UEAUME_018_f005715.jpg,1
20260525_003136_UEAUME_018_f005720.jpg,1
20260525_003136_UEAUME_018_f005725.jpg,1
20260525_003136_UEAUME_018_f005730.jpg,1
20260525_003136_UEAUME_018_f005735.jpg,1
20260525_003136_UEAUME_018_f005740.jpg,1
20260525_003136_UEAUME_018_f005745.jpg,1
20260525_003136_UEAUME_018_f005750.jpg,1
20260525_003136_UEAUME_018_f005755.jpg,1
20260525_003136_UEAUME_018_f005760.jpg,1
20260525_003136_UEAUME_018_f005765.jpg,1
20260525_003136_UEAUME_018_f005770.jpg,1
20260525_003136_UEAUME_018_f005775.jpg,1
20260525_003136_UEAUME_018_f005780.jpg,1
20260525_003136_UEAUME_018_f005785.jpg,1
20260525_003136_UEAUME_018_f005790.jpg,1
20260525_003136_UEAUME_018_f005795.jpg,1
20260525_003136_UEAUME_018_f005800.jpg,1
20260525_003136_UEAUME_018_f005805.jpg,1
20260525_003136_UEAUME_018_f005810.jpg,1
20260525_003136_UEAUME_018_f005815.jpg,1
20260525_003136_UEAUME_018_f005820.jpg,1
20260525_003136_UEAUME_018_f005825.jpg,1
20260525_003136_UEAUME_018_f005830.jpg,1
20260525_003136_UEAUME_018_f005835.jpg,1
20260525_003136_UEAUME_018_f005840.jpg,1
20260525_003136_UEAUME_018_f005845.jpg,1
20260525_003136_UEAUME_018_f005850.jpg,1
20260525_003136_UEAUME_018_f005855.jpg,1
20260525_003136_UEAUME_018_f005860.jpg,1
20260525_003136_UEAUME_018_f005865.jpg,1
20260525_003136_UEAUME_018_f005870.jpg,1
20260525_003136_UEAUME_018_f005875.jpg,1
20260525_003136_UEAUME_018_f005880.jpg,1
20260525_003136_UEAUME_018_f005885.jpg,1
20260525_003136_UEAUME_018_f005890.jpg,1
20260525_003136_UEAUME_018_f005895.jpg,1
20260525_003136_UEAUME_018_f005900.jpg,1
20260525_003136_UEAUME_018_f005905.jpg,1
20260525_003136_UEAUME_018_f005910.jpg,1
20260525_003136_UEAUME_018_f005915.jpg,1
20260525_003136_UEAUME_018_f005920.jpg,1
20260525_003136_UEAUME_018_f005925.jpg,1
20260525_003136_UEAUME_018_f005930.jpg,1
20260525_003136_UEAUME_018_f005935.jpg,1
20260525_003136_UEAUME_018_f005940.jpg,1
20260525_003136_UEAUME_018_f005945.jpg,1
20260525_003136_UEAUME_018_f005950.jpg,1
20260525_003136_UEAUME_018_f005955.jpg,1
20260525_003136_UEAUME_018_f005960.jpg,1
20260525_003136_UEAUME_018_f005965.jpg,1
20260525_003136_UEAUME_018_f005970.jpg,1
20260525_003136_UEAUME_018_f005975.jpg,1
20260525_003136_UEAUME_018_f005980.jpg,1
20260525_003136_UEAUME_018_f005985.jpg,1
20260525_003136_UEAUME_018_f005990.jpg,1
20260525_003136_UEAUME_018_f005995.jpg,1
20260525_003136_UEAUME_018_f006000.jpg,1
20260525_003136_UEAUME_018_f006005.jpg,1
20260525_003136_UEAUME_018_f006010.jpg,1
20260525_003136_UEAUME_018_f006015.jpg,1
20260525_003136_UEAUME_018_f006020.jpg,1
20260525_003136_UEAUME_018_f006025.jpg,1
20260525_003136_UEAUME_018_f006030.jpg,1
20260525_003136_UEAUME_018_f006035.jpg,1
20260525_003136_UEAUME_018_f006040.jpg,1
20260525_003136_UEAUME_018_f006045.jpg,1
20260525_003136_UEAUME_018_f006050.jpg,1
20260525_003136_UEAUME_018_f006055.jpg,1
20260525_003136_UEAUME_018_f006060.jpg,1
20260525_003136_UEAUME_018_f006065.jpg,1
20260525_003136_UEAUME_018_f006070.jpg,1
20260525_003136_UEAUME_018_f006075.jpg,1
20260525_003136_UEAUME_018_f006080.jpg,1
20260525_003136_UEAUME_018_f006085.jpg,1
20260525_003136_UEAUME_018_f006090.jpg,1
20260525_003136_UEAUME_018_f006095.jpg,1
20260525_003136_UEAUME_018_f006100.jpg,1
20260525_003136_UEAUME_018_f006105.jpg,1
20260525_003136_UEAUME_018_f006110.jpg,1
20260525_003136_UEAUME_018_f006115.jpg,1
20260525_003136_UEAUME_018_f006120.jpg,1
20260525_003136_UEAUME_018_f006125.jpg,1
20260525_003136_UEAUME_018_f006130.jpg,1
20260525_003136_UEAUME_018_f006135.jpg,1
20260525_003136_UEAUME_018_f006140.jpg,1
20260525_003136_UEAUME_018_f006145.jpg,1
20260525_003136_UEAUME_018_f006150.jpg,1
20260525_003136_UEAUME_018_f006155.jpg,1
20260525_003136_UEAUME_018_f006160.jpg,1
20260525_003136_UEAUME_018_f006165.jpg,1
20260525_003136_UEAUME_018_f006170.jpg,1
20260525_003136_UEAUME_018_f006175.jpg,1
20260525_003136_UEAUME_018_f006180.jpg,1
20260525_003136_UEAUME_018_f006185.jpg,1
20260525_003136_UEAUME_018_f006190.jpg,1
20260525_003136_UEAUME_018_f006195.jpg,1
20260525_003136_UEAUME_018_f006200.jpg,1
20260525_003136_UEAUME_018_f006205.jpg,1
20260525_003136_UEAUME_018_f006210.jpg,1
20260525_003136_UEAUME_018_f006215.jpg,1
20260525_003136_UEAUME_018_f006220.jpg,1
20260525_003136_UEAUME_018_f006225.jpg,1
20260525_003136_UEAUME_018_f006230.jpg,1
20260525_003136_UEAUME_018_f006235.jpg,1
20260525_003136_UEAUME_018_f006240.jpg,1
20260525_003136_UEAUME_018_f006245.jpg,1
20260525_003136_UEAUME_018_f006250.jpg,1
20260525_003136_UEAUME_018_f006255.jpg,1
20260525_003136_UEAUME_018_f006260.jpg,1
20260525_003136_UEAUME_018_f006265.jpg,1
20260525_003136_UEAUME_018_f006270.jpg,1
20260525_003136_UEAUME_018_f006275.jpg,1
20260525_003136_UEAUME_018_f006280.jpg,1
20260525_003136_UEAUME_018_f006285.jpg,1
20260525_003136_UEAUME_018_f006290.jpg,1
20260525_003136_UEAUME_018_f006295.jpg,1
20260525_003136_UEAUME_018_f006300.jpg,1
20260525_003136_UEAUME_018_f006305.jpg,1
20260525_003136_UEAUME_018_f006310.jpg,1
20260525_003136_UEAUME_018_f006315.jpg,1
20260525_003136_UEAUME_018_f006320.jpg,1
20260525_003136_UEAUME_018_f006325.jpg,1
20260525_003136_UEAUME_018_f006330.jpg,1
20260525_003136_UEAUME_018_f006335.jpg,1
20260525_003136_UEAUME_018_f006340.jpg,1
20260525_003136_UEAUME_018_f006345.jpg,1
20260525_003136_UEAUME_018_f006350.jpg,1
20260525_003136_UEAUME_018_f006355.jpg,1
20260525_003136_UEAUME_018_f006360.jpg,1
20260525_003136_UEAUME_018_f006365.jpg,1
20260525_003136_UEAUME_018_f006370.jpg,1
20260525_003136_UEAUME_018_f006375.jpg,1
20260525_003136_UEAUME_018_f006380.jpg,1
20260525_003136_UEAUME_018_f006385.jpg,1
20260525_003136_UEAUME_018_f006390.jpg,1
20260525_003136_UEAUME_018_f006395.jpg,1
20260525_003136_UEAUME_018_f006400.jpg,1
20260525_003136_UEAUME_018_f006405.jpg,1
20260525_003136_UEAUME_018_f006410.jpg,1
20260525_003136_UEAUME_018_f006415.jpg,1
20260525_003136_UEAUME_018_f006420.jpg,1
20260525_003136_UEAUME_018_f006425.jpg,1
20260525_003136_UEAUME_018_f006430.jpg,1
20260525_003136_UEAUME_018_f006435.jpg,1
20260525_003136_UEAUME_018_f006440.jpg,1
20260525_003136_UEAUME_018_f006445.jpg,1
20260525_003136_UEAUME_018_f006450.jpg,1
20260525_003136_UEAUME_018_f006455.jpg,1
20260525_003136_UEAUME_018_f006460.jpg,1
20260525_003136_UEAUME_018_f006465.jpg,1
20260525_003136_UEAUME_018_f006470.jpg,1
20260525_003136_UEAUME_018_f006475.jpg,1
20260525_003136_UEAUME_018_f006480.jpg,1
20260525_003136_UEAUME_018_f006485.jpg,1
20260525_003136_UEAUME_018_f006490.jpg,1
20260525_003136_UEAUME_018_f006495.jpg,1
20260525_003136_UEAUME_018_f006500.jpg,1
20260525_003136_UEAUME_018_f006505.jpg,1
20260525_003136_UEAUME_018_f006510.jpg,1
20260525_003136_UEAUME_018_f006515.jpg,1
20260525_003136_UEAUME_018_f006520.jpg,1
20260525_003136_UEAUME_018_f006525.jpg,1
20260525_003136_UEAUME_018_f006530.jpg,1
20260525_003136_UEAUME_018_f006535.jpg,1
20260525_003136_UEAUME_018_f006540.jpg,1
20260525_003136_UEAUME_018_f006545.jpg,1
20260525_003136_UEAUME_018_f006550.jpg,1
20260525_003136_UEAUME_018_f006555.jpg,1
20260525_003136_UEAUME_018_f006560.jpg,1
20260525_003136_UEAUME_018_f006565.jpg,1
20260525_003136_UEAUME_018_f006570.jpg,1
20260525_003136_UEAUME_018_f006575.jpg,1
20260525_003136_UEAUME_018_f006580.jpg,1
20260525_003136_UEAUME_018_f006585.jpg,1
20260525_003136_UEAUME_018_f006590.jpg,1
20260525_003136_UEAUME_018_f006595.jpg,1
20260525_003136_UEAUME_018_f006600.jpg,1
20260525_003136_UEAUME_018_f006605.jpg,1
20260525_003136_UEAUME_018_f006610.jpg,1
20260525_003136_UEAUME_018_f006615.jpg,1
20260525_003136_UEAUME_018_f006620.jpg,1
20260525_003136_UEAUME_018_f006625.jpg,1
20260525_003136_UEAUME_018_f006630.jpg,1
20260525_003136_UEAUME_018_f006635.jpg,1
20260525_003136_UEAUME_018_f006640.jpg,1
20260525_003136_UEAUME_018_f006645.jpg,1
20260525_003136_UEAUME_018_f006650.jpg,1
20260525_003136_UEAUME_018_f006655.jpg,1
20260525_003136_UEAUME_018_f006660.jpg,1
20260525_003136_UEAUME_018_f006665.jpg,1
20260525_003136_UEAUME_018_f006670.jpg,1
20260525_003136_UEAUME_018_f006675.jpg,1
20260525_003136_UEAUME_018_f006680.jpg,1
20260525_003136_UEAUME_018_f006685.jpg,1
20260525_003136_UEAUME_018_f006690.jpg,1
20260525_003136_UEAUME_018_f006695.jpg,1
20260525_003136_UEAUME_018_f006700.jpg,1
20260525_003136_UEAUME_018_f006705.jpg,1
20260525_003136_UEAUME_018_f006710.jpg,1
20260525_003136_UEAUME_018_f006715.jpg,1
20260525_003136_UEAUME_018_f006720.jpg,1
20260525_003136_UEAUME_018_f006725.jpg,1
20260525_003136_UEAUME_018_f006730.jpg,1
20260525_003136_UEAUME_018_f006735.jpg,1
20260525_003136_UEAUME_018_f006740.jpg,1
20260525_003136_UEAUME_018_f006745.jpg,1
20260525_003136_UEAUME_018_f006750.jpg,1
20260525_003136_UEAUME_018_f006755.jpg,1
20260525_003136_UEAUME_018_f006760.jpg,1
20260525_003136_UEAUME_018_f006765.jpg,1
20260525_003136_UEAUME_018_f006770.jpg,1
20260525_003136_UEAUME_018_f006775.jpg,1
20260525_003136_UEAUME_018_f006780.jpg,1
20260525_003136_UEAUME_018_f006785.jpg,1
20260525_003136_UEAUME_018_f006790.jpg,1
20260525_003136_UEAUME_018_f006795.jpg,1
20260525_003136_UEAUME_018_f006800.jpg,1
20260525_003136_UEAUME_018_f006805.jpg,1
20260525_003136_UEAUME_018_f006810.jpg,1
20260525_003136_UEAUME_018_f006815.jpg,1
20260525_003136_UEAUME_018_f006820.jpg,1
20260525_003136_UEAUME_018_f006825.jpg,1
20260525_003136_UEAUME_018_f006830.jpg,1
20260525_003136_UEAUME_018_f006835.jpg,1
20260525_003136_UEAUME_018_f006840.jpg,1
20260525_003136_UEAUME_018_f006845.jpg,1
20260525_003136_UEAUME_018_f006850.jpg,1
20260525_003136_UEAUME_018_f006855.jpg,1
20260525_003136_UEAUME_018_f006860.jpg,1
20260525_003136_UEAUME_018_f006865.jpg,1
20260525_003136_UEAUME_018_f006870.jpg,1
20260525_003136_UEAUME_018_f006875.jpg,1
20260525_003136_UEAUME_018_f006880.jpg,1
20260525_003136_UEAUME_018_f006885.jpg,1
20260525_003136_UEAUME_018_f006890.jpg,1
20260525_003136_UEAUME_018_f006895.jpg,1
20260525_003136_UEAUME_018_f006900.jpg,1
20260525_003136_UEAUME_018_f006905.jpg,1
20260525_003136_UEAUME_018_f006910.jpg,1
20260525_003136_UEAUME_018_f006915.jpg,1
20260525_003136_UEAUME_018_f006920.jpg,1
20260525_003136_UEAUME_018_f006925.jpg,1
20260525_003136_UEAUME_018_f006930.jpg,1
20260525_003136_UEAUME_018_f006935.jpg,1
20260525_003136_UEAUME_018_f006940.jpg,1
20260525_003136_UEAUME_018_f006945.jpg,1
20260525_003136_UEAUME_018_f006950.jpg,1
20260525_003136_UEAUME_018_f006955.jpg,1
20260525_003136_UEAUME_018_f006960.jpg,1
20260525_003136_UEAUME_018_f006965.jpg,1
20260525_003136_UEAUME_018_f006970.jpg,1
20260525_003136_UEAUME_018_f006975.jpg,1
20260525_003136_UEAUME_018_f006980.jpg,1
20260525_003136_UEAUME_018_f006985.jpg,1
20260525_003136_UEAUME_018_f006990.jpg,1
20260525_003136_UEAUME_018_f006995.jpg,1
20260525_003136_UEAUME_018_f007000.jpg,1
20260525_003136_UEAUME_018_f007005.jpg,1
20260525_003136_UEAUME_018_f007010.jpg,1
20260525_003136_UEAUME_018_f007015.jpg,1
20260525_003136_UEAUME_018_f007020.jpg,1
20260525_003136_UEAUME_018_f007025.jpg,1
20260525_003136_UEAUME_018_f007030.jpg,1
20260525_003136_UEAUME_018_f007035.jpg,1
20260525_003136_UEAUME_018_f007040.jpg,1
20260525_003136_UEAUME_018_f007045.jpg,1
20260525_003136_UEAUME_018_f007050.jpg,1
20260525_003136_UEAUME_018_f007055.jpg,1
20260525_003136_UEAUME_018_f007060.jpg,1
20260525_003136_UEAUME_018_f007065.jpg,1
20260525_003136_UEAUME_018_f007070.jpg,1
20260525_003136_UEAUME_018_f007075.jpg,1
20260525_003136_UEAUME_018_f007080.jpg,1
20260525_003136_UEAUME_018_f007085.jpg,1
20260525_003136_UEAUME_018_f007090.jpg,1
20260525_003136_UEAUME_018_f007095.jpg,1
20260525_003136_UEAUME_018_f007100.jpg,1
20260525_003136_UEAUME_018_f007105.jpg,1
20260525_003136_UEAUME_018_f007110.jpg,1
20260525_003136_UEAUME_018_f007115.jpg,1
20260525_003136_UEAUME_018_f007120.jpg,1
20260525_003136_UEAUME_018_f007125.jpg,1
20260525_003136_UEAUME_018_f007130.jpg,1
20260525_003136_UEAUME_018_f007135.jpg,1
20260525_003136_UEAUME_018_f007140.jpg,1
20260525_003136_UEAUME_018_f007145.jpg,1
20260525_003136_UEAUME_018_f007150.jpg,1
20260525_003136_UEAUME_018_f007155.jpg,1
20260525_003136_UEAUME_018_f007160.jpg,1
20260525_003136_UEAUME_018_f007165.jpg,1
20260525_003136_UEAUME_018_f007170.jpg,1
20260525_003136_UEAUME_018_f007175.jpg,1
20260525_003136_UEAUME_018_f007180.jpg,1
20260525_003136_UEAUME_018_f007185.jpg,1
20260525_003136_UEAUME_018_f007190.jpg,1
20260525_003136_UEAUME_018_f007195.jpg,1
20260525_003136_UEAUME_018_f007200.jpg,1
20260525_003136_UEAUME_018_f007205.jpg,1
20260525_003136_UEAUME_018_f007210.jpg,1
20260525_003136_UEAUME_018_f007215.jpg,1
20260525_003136_UEAUME_018_f007220.jpg,1
20260525_003136_UEAUME_018_f007225.jpg,1
20260525_003136_UEAUME_018_f007230.jpg,1
20260525_003136_UEAUME_018_f007235.jpg,1
20260525_003136_UEAUME_018_f007240.jpg,1
20260525_003136_UEAUME_018_f007245.jpg,1
20260525_003136_UEAUME_018_f007250.jpg,1
20260525_003136_UEAUME_018_f007255.jpg,1
20260525_003136_UEAUME_018_f007260.jpg,1
20260525_003136_UEAUME_018_f007265.jpg,1
20260525_003136_UEAUME_018_f007270.jpg,1
20260525_003136_UEAUME_018_f007275.jpg,1
20260525_003136_UEAUME_018_f007280.jpg,1
20260525_003136_UEAUME_018_f007285.jpg,1
20260525_003136_UEAUME_018_f007290.jpg,1
20260525_003136_UEAUME_018_f007295.jpg,1
20260525_003136_UEAUME_018_f007300.jpg,1
20260525_003136_UEAUME_018_f007305.jpg,1
20260525_003136_UEAUME_018_f007310.jpg,1
20260525_003136_UEAUME_018_f007315.jpg,1
20260525_003136_UEAUME_018_f007320.jpg,1
20260525_003136_UEAUME_018_f007325.jpg,1
20260525_003136_UEAUME_018_f007330.jpg,1
20260525_003136_UEAUME_018_f007335.jpg,1
20260525_003136_UEAUME_018_f007340.jpg,1
20260525_003136_UEAUME_018_f007345.jpg,1
20260525_003136_UEAUME_018_f007350.jpg,1
20260525_003136_UEAUME_018_f007355.jpg,1
20260525_003136_UEAUME_018_f007360.jpg,1
20260525_003136_UEAUME_018_f007365.jpg,1
20260525_003136_UEAUME_018_f007370.jpg,1
20260525_003136_UEAUME_018_f007375.jpg,1
20260525_003136_UEAUME_018_f007380.jpg,1
20260525_003136_UEAUME_018_f007385.jpg,1
20260525_003136_UEAUME_018_f007390.jpg,1
20260525_003136_UEAUME_018_f007395.jpg,1
20260525_003136_UEAUME_018_f007400.jpg,1
20260525_003136_UEAUME_018_f007405.jpg,1
20260525_003136_UEAUME_018_f007410.jpg,1
20260525_003136_UEAUME_018_f007415.jpg,1
20260525_003136_UEAUME_018_f007420.jpg,1
20260525_003136_UEAUME_018_f007425.jpg,1
20260525_003136_UEAUME_018_f007430.jpg,1
20260525_003136_UEAUME_018_f007435.jpg,1
20260525_003136_UEAUME_018_f007440.jpg,1
20260525_003136_UEAUME_018_f007445.jpg,1
20260525_003136_UEAUME_018_f007450.jpg,1
20260525_003136_UEAUME_018_f007455.jpg,1
20260525_003136_UEAUME_018_f007460.jpg,1
20260525_003136_UEAUME_018_f007465.jpg,1
20260525_003136_UEAUME_018_f007470.jpg,1
20260525_003136_UEAUME_018_f007475.jpg,1
20260525_003136_UEAUME_018_f007480.jpg,1
20260525_003136_UEAUME_018_f007485.jpg,1
20260525_003136_UEAUME_018_f007490.jpg,1
20260525_003136_UEAUME_018_f007495.jpg,1
20260525_003136_UEAUME_018_f007500.jpg,1
20260525_003136_UEAUME_018_f007505.jpg,1
20260525_003136_UEAUME_018_f007510.jpg,1
20260525_003136_UEAUME_018_f007515.jpg,1
20260525_003136_UEAUME_018_f007520.jpg,1
20260525_003136_UEAUME_018_f007525.jpg,1
20260525_003136_UEAUME_018_f007530.jpg,1
20260525_003136_UEAUME_018_f007535.jpg,1
20260525_003136_UEAUME_018_f007540.jpg,1
20260525_003136_UEAUME_018_f007545.jpg,1
20260525_003136_UEAUME_018_f007550.jpg,1
20260525_003136_UEAUME_018_f007555.jpg,1
20260525_003136_UEAUME_018_f007560.jpg,1
20260525_003136_UEAUME_018_f007565.jpg,1
20260525_003136_UEAUME_018_f007570.jpg,1
20260525_003136_UEAUME_018_f007575.jpg,1
20260525_003136_UEAUME_018_f007580.jpg,1
20260525_003136_UEAUME_018_f007585.jpg,1
20260525_003136_UEAUME_018_f007590.jpg,1
20260525_003136_UEAUME_018_f007595.jpg,1
20260525_003136_UEAUME_018_f007600.jpg,1
20260525_003136_UEAUME_018_f007605.jpg,1
20260525_003136_UEAUME_018_f007610.jpg,1
20260525_003136_UEAUME_018_f007615.jpg,1
20260525_003136_UEAUME_018_f007620.jpg,1
20260525_003136_UEAUME_018_f007625.jpg,1
20260525_003136_UEAUME_018_f007630.jpg,1
20260525_003136_UEAUME_018_f007635.jpg,1
20260525_003136_UEAUME_018_f007640.jpg,1
20260525_003136_UEAUME_018_f007645.jpg,1
20260525_003136_UEAUME_018_f007650.jpg,1
20260525_003136_UEAUME_018_f007655.jpg,1
20260525_003136_UEAUME_018_f007660.jpg,1
20260525_003136_UEAUME_018_f007665.jpg,1
20260525_003136_UEAUME_018_f007670.jpg,1
20260525_003136_UEAUME_018_f007675.jpg,1
20260525_003136_UEAUME_018_f007680.jpg,1
20260525_003136_UEAUME_018_f007685.jpg,1
20260525_003136_UEAUME_018_f007690.jpg,1
20260525_003136_UEAUME_018_f007695.jpg,1
20260525_003136_UEAUME_018_f007700.jpg,1
20260525_003136_UEAUME_018_f007705.jpg,1
20260525_003136_UEAUME_018_f007710.jpg,1
20260525_003136_UEAUME_018_f007715.jpg,1
20260525_003136_UEAUME_018_f007720.jpg,1
20260525_003136_UEAUME_018_f007725.jpg,1
20260525_003136_UEAUME_018_f007730.jpg,1
20260525_003136_UEAUME_018_f007735.jpg,1
20260525_003136_UEAUME_018_f007740.jpg,1
20260525_003136_UEAUME_018_f007745.jpg,1
20260525_003136_UEAUME_018_f007750.jpg,1
20260525_003136_UEAUME_018_f007755.jpg,1
20260525_003136_UEAUME_018_f007760.jpg,1
20260525_003136_UEAUME_018_f007765.jpg,1
20260525_003136_UEAUME_018_f007770.jpg,1
20260525_003136_UEAUME_018_f007775.jpg,1
20260525_003136_UEAUME_018_f007780.jpg,1
20260525_003136_UEAUME_018_f007785.jpg,1
20260525_003136_UEAUME_018_f007790.jpg,1
20260525_003136_UEAUME_018_f007795.jpg,1
20260525_003136_UEAUME_018_f007800.jpg,1
20260525_003136_UEAUME_018_f007805.jpg,1
20260525_003136_UEAUME_018_f007810.jpg,1
20260525_003136_UEAUME_018_f007815.jpg,1
20260525_003136_UEAUME_018_f007820.jpg,1
20260525_003136_UEAUME_018_f007825.jpg,1
20260525_003136_UEAUME_018_f007830.jpg,1
20260525_003136_UEAUME_018_f007835.jpg,1
20260525_003136_UEAUME_018_f007840.jpg,1
20260525_003136_UEAUME_018_f007845.jpg,1
20260525_003136_UEAUME_018_f007850.jpg,1
20260525_003136_UEAUME_018_f007855.jpg,1
20260525_003136_UEAUME_018_f007860.jpg,1
20260525_003136_UEAUME_018_f007865.jpg,1
20260525_003136_UEAUME_018_f007870.jpg,1
20260525_003136_UEAUME_018_f007875.jpg,1
20260525_003136_UEAUME_018_f007880.jpg,1
20260525_003136_UEAUME_018_f007885.jpg,1
20260525_003136_UEAUME_018_f007890.jpg,1
20260525_003136_UEAUME_018_f007895.jpg,1
20260525_003136_UEAUME_018_f007900.jpg,1
20260525_003136_UEAUME_018_f007905.jpg,1
20260525_003136_UEAUME_018_f007910.jpg,1
20260525_003136_UEAUME_018_f007915.jpg,1
20260525_003136_UEAUME_018_f007920.jpg,1
20260525_003136_UEAUME_018_f007925.jpg,1
20260525_003136_UEAUME_018_f007930.jpg,1
20260525_003136_UEAUME_018_f007935.jpg,1
20260525_003136_UEAUME_018_f007940.jpg,1
20260525_003136_UEAUME_018_f007945.jpg,1
20260525_003136_UEAUME_018_f007950.jpg,1
20260525_003136_UEAUME_018_f007955.jpg,1
20260525_003136_UEAUME_018_f007960.jpg,1
20260525_003136_UEAUME_018_f007965.jpg,1
20260525_003136_UEAUME_018_f007970.jpg,1
20260525_003136_UEAUME_018_f007975.jpg,1
20260525_003136_UEAUME_018_f007980.jpg,1
20260525_003136_UEAUME_018_f007985.jpg,1
20260525_003136_UEAUME_018_f007990.jpg,1
20260525_003136_UEAUME_018_f007995.jpg,1
20260525_003136_UEAUME_018_f008000.jpg,1
20260525_003136_UEAUME_018_f008005.jpg,1
20260525_003136_UEAUME_018_f008010.jpg,1
20260525_003136_UEAUME_018_f008015.jpg,1
20260525_003136_UEAUME_018_f008020.jpg,1
20260525_003136_UEAUME_018_f008025.jpg,1
20260525_003136_UEAUME_018_f008030.jpg,1
20260525_003136_UEAUME_018_f008035.jpg,1
20260525_003136_UEAUME_018_f008040.jpg,1
20260525_003136_UEAUME_018_f008045.jpg,1
20260525_003136_UEAUME_018_f008050.jpg,1
20260525_003136_UEAUME_018_f008055.jpg,1
20260525_003136_UEAUME_018_f008060.jpg,1
20260525_003136_UEAUME_018_f008065.jpg,1
20260525_003136_UEAUME_018_f008070.jpg,1
20260525_003136_UEAUME_018_f008075.jpg,1
20260525_003136_UEAUME_018_f008080.jpg,1
20260525_003136_UEAUME_018_f008085.jpg,1
20260525_003136_UEAUME_018_f008090.jpg,1
20260525_003136_UEAUME_018_f008095.jpg,1
20260525_003136_UEAUME_018_f008100.jpg,1
20260525_003136_UEAUME_018_f008105.jpg,1
20260525_003136_UEAUME_018_f008110.jpg,1
20260525_003136_UEAUME_018_f008115.jpg,1
20260525_003136_UEAUME_018_f008120.jpg,1
20260525_003136_UEAUME_018_f008125.jpg,1
20260525_003136_UEAUME_018_f008130.jpg,1
20260525_003136_UEAUME_018_f008135.jpg,1
20260525_003136_UEAUME_018_f008140.jpg,1
20260525_003136_UEAUME_018_f008145.jpg,1
20260525_003136_UEAUME_018_f008150.jpg,1
20260525_003136_UEAUME_018_f008155.jpg,1
20260525_003136_UEAUME_018_f008160.jpg,1
20260525_003136_UEAUME_018_f008165.jpg,1
20260525_003136_UEAUME_018_f008170.jpg,1
20260525_003136_UEAUME_018_f008175.jpg,1
20260525_003136_UEAUME_018_f008180.jpg,1
20260525_003136_UEAUME_018_f008185.jpg,1
20260525_003136_UEAUME_018_f008190.jpg,1
20260525_003136_UEAUME_018_f008195.jpg,1
20260525_003136_UEAUME_018_f008200.jpg,1
20260525_003136_UEAUME_018_f008205.jpg,1
20260525_003136_UEAUME_018_f008210.jpg,1
20260525_003136_UEAUME_018_f008215.jpg,1
20260525_003136_UEAUME_018_f008220.jpg,1
20260525_003136_UEAUME_018_f008225.jpg,1
20260525_003136_UEAUME_018_f008230.jpg,1
20260525_003136_UEAUME_018_f008235.jpg,1
20260525_003136_UEAUME_018_f008240.jpg,1
20260525_003136_UEAUME_018_f008245.jpg,1
20260525_003136_UEAUME_018_f008250.jpg,1
20260525_003136_UEAUME_018_f008255.jpg,1
20260525_003136_UEAUME_018_f008260.jpg,1
20260525_003136_UEAUME_018_f008265.jpg,1
20260525_003136_UEAUME_018_f008270.jpg,1
20260525_003136_UEAUME_018_f008275.jpg,1
20260525_003136_UEAUME_018_f008280.jpg,1
20260525_003136_UEAUME_018_f008285.jpg,1
20260525_003136_UEAUME_018_f008290.jpg,1
20260525_003136_UEAUME_018_f008295.jpg,1
20260525_003136_UEAUME_018_f008300.jpg,1
20260525_003136_UEAUME_018_f008305.jpg,1
20260525_003136_UEAUME_018_f008310.jpg,1
20260525_003136_UEAUME_018_f008315.jpg,1
20260525_003136_UEAUME_018_f008320.jpg,1
20260525_003136_UEAUME_018_f008325.jpg,1
20260525_003136_UEAUME_018_f008330.jpg,1
20260525_003136_UEAUME_018_f008335.jpg,1
20260525_003136_UEAUME_018_f008340.jpg,1
20260525_003136_UEAUME_018_f008345.jpg,1
20260525_003136_UEAUME_018_f008350.jpg,1
20260525_003136_UEAUME_018_f008355.jpg,1
20260525_003136_UEAUME_018_f008360.jpg,1
20260525_003136_UEAUME_018_f008365.jpg,1
20260525_003136_UEAUME_018_f008370.jpg,1
20260525_003136_UEAUME_018_f008375.jpg,1
20260525_003136_UEAUME_018_f008380.jpg,1
20260525_003136_UEAUME_018_f008385.jpg,1
20260525_003136_UEAUME_018_f008390.jpg,1
20260525_003136_UEAUME_018_f008395.jpg,1
20260525_003136_UEAUME_018_f008400.jpg,1
20260525_003136_UEAUME_018_f008405.jpg,1
20260525_003136_UEAUME_018_f008410.jpg,1
20260525_003136_UEAUME_018_f008415.jpg,1
20260525_003136_UEAUME_018_f008420.jpg,1
20260525_003136_UEAUME_018_f008425.jpg,1
20260525_003136_UEAUME_018_f008430.jpg,1
20260525_003136_UEAUME_018_f008435.jpg,1
20260525_003136_UEAUME_018_f008440.jpg,1
20260525_003136_UEAUME_018_f008445.jpg,1
20260525_003136_UEAUME_018_f008450.jpg,1
20260525_003136_UEAUME_018_f008455.jpg,1
20260525_003136_UEAUME_018_f008460.jpg,1
20260525_003136_UEAUME_018_f008465.jpg,1
20260525_003136_UEAUME_018_f008470.jpg,1
20260525_003136_UEAUME_018_f008475.jpg,1
20260525_003136_UEAUME_018_f008480.jpg,1
20260525_003136_UEAUME_018_f008485.jpg,1
20260525_003136_UEAUME_018_f008490.jpg,1
20260525_003136_UEAUME_018_f008495.jpg,1
20260525_003136_UEAUME_018_f008500.jpg,1
20260525_003136_UEAUME_018_f008505.jpg,1
20260525_003136_UEAUME_018_f008510.jpg,1
20260525_003136_UEAUME_018_f008515.jpg,1
20260525_003136_UEAUME_018_f008520.jpg,1
20260525_003136_UEAUME_018_f008525.jpg,1
20260525_003136_UEAUME_018_f008530.jpg,1
20260525_003136_UEAUME_018_f008535.jpg,1
20260525_003136_UEAUME_018_f008540.jpg,1
20260525_003136_UEAUME_018_f008545.jpg,1
20260525_003136_UEAUME_018_f008550.jpg,1
20260525_003136_UEAUME_018_f008555.jpg,1
20260525_003136_UEAUME_018_f008560.jpg,1
20260525_003136_UEAUME_018_f008565.jpg,1
20260525_003136_UEAUME_018_f008570.jpg,1
20260525_003136_UEAUME_018_f008575.jpg,1
20260525_003136_UEAUME_018_f008580.jpg,1
20260525_003136_UEAUME_018_f008585.jpg,1
20260525_003136_UEAUME_018_f008590.jpg,1
20260525_003136_UEAUME_018_f008595.jpg,1
20260525_003136_UEAUME_018_f008600.jpg,1
20260525_003136_UEAUME_018_f008605.jpg,1
20260525_003136_UEAUME_018_f008610.jpg,1
20260525_003136_UEAUME_018_f008615.jpg,1
20260525_003136_UEAUME_018_f008620.jpg,1
20260525_003136_UEAUME_018_f008625.jpg,1
20260525_003136_UEAUME_018_f008630.jpg,1
20260525_003136_UEAUME_018_f008635.jpg,1
20260525_003136_UEAUME_018_f008640.jpg,1
20260525_003136_UEAUME_018_f008645.jpg,1
20260525_003136_UEAUME_018_f008650.jpg,1
20260525_003136_UEAUME_018_f008655.jpg,1
20260525_003136_UEAUME_018_f008660.jpg,1
20260525_003136_UEAUME_018_f008665.jpg,1
20260525_003136_UEAUME_018_f008670.jpg,1
20260525_003136_UEAUME_018_f008675.jpg,1
20260525_003136_UEAUME_018_f008680.jpg,1
20260525_003136_UEAUME_018_f008685.jpg,1
20260525_003136_UEAUME_018_f008690.jpg,1
20260525_003136_UEAUME_018_f008695.jpg,1
20260525_003136_UEAUME_018_f008700.jpg,1
20260525_003136_UEAUME_018_f008705.jpg,1
20260525_003136_UEAUME_018_f008710.jpg,1
20260525_003136_UEAUME_018_f008715.jpg,1
20260525_003136_UEAUME_018_f008720.jpg,1
20260525_003136_UEAUME_018_f008725.jpg,1
20260525_003136_UEAUME_018_f008730.jpg,1
20260525_003136_UEAUME_018_f008735.jpg,1
20260525_003136_UEAUME_018_f008740.jpg,1
20260525_003136_UEAUME_018_f008745.jpg,1
20260525_003136_UEAUME_018_f008750.jpg,1
20260525_003136_UEAUME_018_f008755.jpg,1
20260525_003136_UEAUME_018_f008760.jpg,1
20260525_003136_UEAUME_018_f008765.jpg,1
20260525_003136_UEAUME_018_f008770.jpg,1
20260525_003136_UEAUME_018_f008775.jpg,1
20260525_003136_UEAUME_018_f008780.jpg,1
20260525_003136_UEAUME_018_f008785.jpg,1
20260525_003136_UEAUME_018_f008790.jpg,1
20260525_003136_UEAUME_018_f008795.jpg,1
20260525_003136_UEAUME_018_f008800.jpg,1
20260525_003136_UEAUME_018_f008805.jpg,1
20260525_003136_UEAUME_018_f008810.jpg,1
20260525_003136_UEAUME_018_f008815.jpg,1
20260525_003136_UEAUME_018_f008820.jpg,1
20260525_003136_UEAUME_018_f008825.jpg,1
20260525_003136_UEAUME_018_f008830.jpg,1
20260525_003136_UEAUME_018_f008835.jpg,1
20260525_003136_UEAUME_018_f008840.jpg,1
20260525_003136_UEAUME_018_f008845.jpg,1
20260525_003136_UEAUME_018_f008850.jpg,1
20260525_003136_UEAUME_018_f008855.jpg,1
20260525_003136_UEAUME_018_f008860.jpg,1
20260525_003136_UEAUME_018_f008865.jpg,1
20260525_003136_UEAUME_018_f008870.jpg,1
20260525_003136_UEAUME_018_f008880.jpg,1
20260525_003136_UEAUME_018_f008885.jpg,1
20260525_003136_UEAUME_018_f008890.jpg,1
20260525_003136_UEAUME_018_f008895.jpg,1
20260525_003136_UEAUME_018_f008900.jpg,1
20260525_003136_UEAUME_018_f008905.jpg,1
20260525_003136_UEAUME_018_f008910.jpg,1
20260525_003136_UEAUME_018_f008915.jpg,1
20260525_003136_UEAUME_018_f008920.jpg,1
20260525_003136_UEAUME_018_f008925.jpg,1
20260525_003136_UEAUME_018_f008930.jpg,1
20260525_003136_UEAUME_018_f008935.jpg,1
20260525_003136_UEAUME_018_f008940.jpg,1
20260525_003136_UEAUME_018_f008945.jpg,1
20260525_003136_UEAUME_018_f008950.jpg,1
20260525_003136_UEAUME_018_f008955.jpg,1
20260525_003136_UEAUME_018_f008960.jpg,1
20260525_003136_UEAUME_018_f008965.jpg,1
20260525_003136_UEAUME_018_f008970.jpg,1
20260525_003136_UEAUME_018_f008975.jpg,1
20260525_003136_UEAUME_018_f008980.jpg,1
20260525_003136_UEAUME_018_f008985.jpg,1
20260525_003136_UEAUME_018_f008990.jpg,1
20260525_003136_UEAUME_018_f008995.jpg,1
20260525_003136_UEAUME_018_f009000.jpg,1
20260525_003136_UEAUME_018_f009005.jpg,1
20260525_003136_UEAUME_018_f009010.jpg,1
20260525_003136_UEAUME_018_f009015.jpg,1
20260525_003136_UEAUME_018_f009020.jpg,1
20260525_003136_UEAUME_018_f009025.jpg,1
20260525_003136_UEAUME_018_f009030.jpg,1
20260525_003136_UEAUME_018_f009035.jpg,1
20260525_003136_UEAUME_018_f009040.jpg,1
20260525_003136_UEAUME_018_f009045.jpg,1
20260525_003136_UEAUME_018_f009050.jpg,1
20260525_003136_UEAUME_018_f009055.jpg,1
20260525_003136_UEAUME_018_f009060.jpg,1
20260525_003136_UEAUME_018_f009065.jpg,1
20260525_003136_UEAUME_018_f009070.jpg,1
20260525_003136_UEAUME_018_f009075.jpg,1
20260525_003136_UEAUME_018_f009080.jpg,1
20260525_003136_UEAUME_018_f009085.jpg,1
20260525_003136_UEAUME_018_f009090.jpg,1
20260525_003136_UEAUME_018_f009095.jpg,1
20260525_003136_UEAUME_018_f009100.jpg,1
20260525_003136_UEAUME_018_f009105.jpg,1
20260525_003136_UEAUME_018_f009110.jpg,1
20260525_003136_UEAUME_018_f009115.jpg,1
20260525_003136_UEAUME_018_f009120.jpg,1
20260525_003136_UEAUME_018_f009125.jpg,1
20260525_003136_UEAUME_018_f009130.jpg,1
20260525_003136_UEAUME_018_f009135.jpg,1
20260525_003136_UEAUME_018_f009140.jpg,1
20260525_003136_UEAUME_018_f009145.jpg,1
20260525_003136_UEAUME_018_f009150.jpg,1
20260525_003136_UEAUME_018_f009155.jpg,1
20260525_003136_UEAUME_018_f009160.jpg,1
20260525_003136_UEAUME_018_f009165.jpg,1
20260525_003136_UEAUME_018_f009170.jpg,1
20260525_003136_UEAUME_018_f009175.jpg,1
20260525_003136_UEAUME_018_f009180.jpg,1
20260525_003136_UEAUME_018_f009185.jpg,1
20260525_003136_UEAUME_018_f009190.jpg,1
20260525_003136_UEAUME_018_f009195.jpg,1
20260525_003136_UEAUME_018_f009200.jpg,1
20260525_003136_UEAUME_018_f009205.jpg,1
20260525_003136_UEAUME_018_f009210.jpg,1
20260525_003136_UEAUME_018_f009215.jpg,1
20260525_003136_UEAUME_018_f009220.jpg,1
20260525_003136_UEAUME_018_f009225.jpg,1
20260525_003136_UEAUME_018_f009230.jpg,1
20260525_003136_UEAUME_018_f009235.jpg,1
20260525_003136_UEAUME_018_f009240.jpg,1
20260525_003136_UEAUME_018_f009245.jpg,1
20260525_003136_UEAUME_018_f009250.jpg,1
20260525_003136_UEAUME_018_f009255.jpg,1
20260525_003136_UEAUME_018_f009260.jpg,1
20260525_003136_UEAUME_018_f009265.jpg,1
20260525_003136_UEAUME_018_f009270.jpg,1
20260525_003136_UEAUME_018_f009275.jpg,1
20260525_003136_UEAUME_018_f009280.jpg,1
20260525_003136_UEAUME_018_f009285.jpg,1
20260525_003136_UEAUME_018_f009290.jpg,1
20260525_003136_UEAUME_018_f009295.jpg,1
20260525_003136_UEAUME_018_f009300.jpg,1
20260525_003136_UEAUME_018_f009305.jpg,1
20260525_003136_UEAUME_018_f009310.jpg,1
20260525_003136_UEAUME_018_f009315.jpg,1
20260525_003136_UEAUME_018_f009320.jpg,1
20260525_003136_UEAUME_018_f009325.jpg,1
20260525_003136_UEAUME_018_f009330.jpg,1
20260525_003136_UEAUME_018_f009335.jpg,1
20260525_003136_UEAUME_018_f009340.jpg,1
20260525_003136_UEAUME_018_f009345.jpg,1
20260525_003136_UEAUME_018_f009350.jpg,1
20260525_003136_UEAUME_018_f009355.jpg,1
20260525_003136_UEAUME_018_f009360.jpg,1
20260525_003136_UEAUME_018_f009365.jpg,1
20260525_003136_UEAUME_018_f009370.jpg,1
20260525_003136_UEAUME_018_f009375.jpg,1
20260525_003136_UEAUME_018_f009380.jpg,1
20260525_003136_UEAUME_018_f009385.jpg,1
20260525_003136_UEAUME_018_f009390.jpg,1
20260525_003136_UEAUME_018_f009395.jpg,1
20260525_003136_UEAUME_018_f009400.jpg,1
20260525_003136_UEAUME_018_f009405.jpg,1
20260525_003136_UEAUME_018_f009410.jpg,1
20260525_003136_UEAUME_018_f009415.jpg,1
20260525_003136_UEAUME_018_f009420.jpg,1
20260525_003136_UEAUME_018_f009425.jpg,1
20260525_003136_UEAUME_018_f009430.jpg,1
20260525_003136_UEAUME_018_f009435.jpg,1
20260525_003136_UEAUME_018_f009440.jpg,1
20260525_003136_UEAUME_018_f009445.jpg,1
20260525_003136_UEAUME_018_f009450.jpg,1
20260525_003136_UEAUME_018_f009455.jpg,1
20260525_003136_UEAUME_018_f009460.jpg,1
20260525_003136_UEAUME_018_f009465.jpg,1
20260525_003136_UEAUME_018_f009470.jpg,1
20260525_003136_UEAUME_018_f009475.jpg,1
20260525_003136_UEAUME_018_f009480.jpg,1
20260525_003136_UEAUME_018_f009485.jpg,1
20260525_003136_UEAUME_018_f009490.jpg,1
20260525_003136_UEAUME_018_f009495.jpg,1
20260525_003136_UEAUME_018_f009500.jpg,1
20260525_003136_UEAUME_018_f009505.jpg,1
20260525_003136_UEAUME_018_f009510.jpg,1
20260525_003136_UEAUME_018_f009515.jpg,1
20260525_003136_UEAUME_018_f009520.jpg,1
20260525_003136_UEAUME_018_f009525.jpg,1
20260525_003136_UEAUME_018_f009530.jpg,1
20260525_003136_UEAUME_018_f009535.jpg,1
20260525_003136_UEAUME_018_f009540.jpg,1
20260525_003136_UEAUME_018_f009545.jpg,1
20260525_003136_UEAUME_018_f009550.jpg,1
20260525_003136_UEAUME_018_f009555.jpg,1
20260525_003136_UEAUME_018_f009560.jpg,1
20260525_003136_UEAUME_018_f009565.jpg,1
20260525_003136_UEAUME_018_f009570.jpg,1
20260525_003136_UEAUME_018_f009575.jpg,1
20260525_003136_UEAUME_018_f009580.jpg,1
20260525_003136_UEAUME_018_f009585.jpg,1
20260525_003136_UEAUME_018_f009590.jpg,1
20260525_003136_UEAUME_018_f009595.jpg,1
20260525_003136_UEAUME_018_f009600.jpg,1
20260525_003136_UEAUME_018_f009605.jpg,1
20260525_003136_UEAUME_018_f009610.jpg,1
20260525_003136_UEAUME_018_f009615.jpg,1
20260525_003136_UEAUME_018_f009620.jpg,1
20260525_003136_UEAUME_018_f009625.jpg,1
20260525_003136_UEAUME_018_f009630.jpg,1
20260525_003136_UEAUME_018_f009635.jpg,1
20260525_003136_UEAUME_018_f009640.jpg,1
20260525_003136_UEAUME_018_f009645.jpg,1
20260525_003136_UEAUME_018_f009650.jpg,1
20260525_003136_UEAUME_018_f009655.jpg,1
20260525_003136_UEAUME_018_f009660.jpg,1
20260525_003136_UEAUME_018_f009665.jpg,1
20260525_003136_UEAUME_018_f009670.jpg,1
20260525_003136_UEAUME_018_f009675.jpg,1
20260525_003136_UEAUME_018_f009680.jpg,1
20260525_003136_UEAUME_018_f009685.jpg,1
20260525_003136_UEAUME_018_f009690.jpg,1
20260525_003136_UEAUME_018_f009695.jpg,1
20260525_003136_UEAUME_018_f009700.jpg,1
20260525_003136_UEAUME_018_f009705.jpg,1
20260525_003136_UEAUME_018_f009710.jpg,1
20260525_003136_UEAUME_018_f009715.jpg,1
20260525_003136_UEAUME_018_f009720.jpg,1
20260525_003136_UEAUME_018_f009725.jpg,1
20260525_003136_UEAUME_018_f009730.jpg,1
20260525_003136_UEAUME_018_f009735.jpg,1
20260525_003136_UEAUME_018_f009740.jpg,1
20260525_003136_UEAUME_018_f009745.jpg,1
20260525_003136_UEAUME_018_f009750.jpg,1
20260525_003136_UEAUME_018_f009755.jpg,1
20260525_003136_UEAUME_018_f009760.jpg,1
20260525_003136_UEAUME_018_f009765.jpg,1
20260525_003136_UEAUME_018_f009770.jpg,1
20260525_003136_UEAUME_018_f009775.jpg,1
20260525_003136_UEAUME_018_f009780.jpg,1
20260525_003136_UEAUME_018_f009785.jpg,1
20260525_003136_UEAUME_018_f009790.jpg,1
20260525_003136_UEAUME_018_f009795.jpg,1
20260525_003136_UEAUME_018_f009800.jpg,1
20260525_003136_UEAUME_018_f009805.jpg,1
20260525_003136_UEAUME_018_f009810.jpg,1
20260525_003136_UEAUME_018_f009815.jpg,1
20260525_003136_UEAUME_018_f009820.jpg,1
20260525_003136_UEAUME_018_f009825.jpg,1
20260525_003136_UEAUME_018_f009830.jpg,1
20260525_003136_UEAUME_018_f009835.jpg,1
20260525_003136_UEAUME_018_f009840.jpg,1
20260525_003136_UEAUME_018_f009845.jpg,1
20260525_003136_UEAUME_018_f009850.jpg,1
20260525_003136_UEAUME_018_f009855.jpg,1
20260525_003136_UEAUME_018_f009860.jpg,1
20260525_003136_UEAUME_018_f009865.jpg,1
20260525_003136_UEAUME_018_f009870.jpg,1
20260525_003136_UEAUME_018_f009875.jpg,1
20260525_003136_UEAUME_018_f009880.jpg,1
20260525_003136_UEAUME_018_f009885.jpg,1
20260525_003136_UEAUME_018_f009890.jpg,1
20260525_003136_UEAUME_018_f009895.jpg,1
20260525_003136_UEAUME_018_f009900.jpg,1
20260525_003136_UEAUME_018_f009905.jpg,1
20260525_003136_UEAUME_018_f009910.jpg,1
20260525_003136_UEAUME_018_f009915.jpg,1
20260525_003136_UEAUME_018_f009920.jpg,1
20260525_003136_UEAUME_018_f009925.jpg,1
20260525_003136_UEAUME_018_f009930.jpg,1
20260525_003136_UEAUME_018_f009935.jpg,1
20260525_003136_UEAUME_018_f009940.jpg,1
20260525_003136_UEAUME_018_f009945.jpg,1
20260525_003136_UEAUME_018_f009950.jpg,1
20260525_003136_UEAUME_018_f009955.jpg,1
20260525_003136_UEAUME_018_f009960.jpg,1
20260525_003136_UEAUME_018_f009965.jpg,1
20260525_003136_UEAUME_018_f009970.jpg,1
20260525_003136_UEAUME_018_f009975.jpg,1
20260525_003136_UEAUME_018_f009980.jpg,1
20260525_003136_UEAUME_018_f009985.jpg,1
20260525_003136_UEAUME_018_f009990.jpg,1
20260525_003136_UEAUME_018_f009995.jpg,1
20260525_003136_UEAUME_018_f010000.jpg,1
20260525_003136_UEAUME_018_f010005.jpg,1
20260525_003136_UEAUME_018_f010010.jpg,1
20260525_003136_UEAUME_018_f010015.jpg,1
20260525_003136_UEAUME_018_f010020.jpg,1
20260525_003136_UEAUME_018_f010025.jpg,1
20260525_003136_UEAUME_018_f010030.jpg,1
20260525_003136_UEAUME_018_f010035.jpg,1
20260525_003136_UEAUME_018_f010040.jpg,1
20260525_003136_UEAUME_018_f010045.jpg,1
20260525_003136_UEAUME_018_f010050.jpg,1
20260525_003136_UEAUME_018_f010055.jpg,1
20260525_003136_UEAUME_018_f010060.jpg,1
20260525_003136_UEAUME_018_f010065.jpg,1
20260525_003136_UEAUME_018_f010070.jpg,1
20260525_003136_UEAUME_018_f010075.jpg,1
20260525_003136_UEAUME_018_f010080.jpg,1
20260525_003136_UEAUME_018_f010085.jpg,1
20260525_003136_UEAUME_018_f010090.jpg,1
20260525_003136_UEAUME_018_f010095.jpg,1
20260525_003136_UEAUME_018_f010100.jpg,1
20260525_003136_UEAUME_018_f010105.jpg,1
20260525_003136_UEAUME_018_f010110.jpg,1
20260525_003136_UEAUME_018_f010115.jpg,1
20260525_003136_UEAUME_018_f010120.jpg,1
20260525_003136_UEAUME_018_f010125.jpg,1
20260525_003136_UEAUME_018_f010130.jpg,1
20260525_003136_UEAUME_018_f010135.jpg,1
20260525_003136_UEAUME_018_f010140.jpg,1
20260525_003136_UEAUME_018_f010145.jpg,1
20260525_003136_UEAUME_018_f010150.jpg,1
20260525_003136_UEAUME_018_f010155.jpg,1
20260525_003136_UEAUME_018_f010160.jpg,1
20260525_003136_UEAUME_018_f010165.jpg,1
20260525_003136_UEAUME_018_f010170.jpg,1
20260525_003136_UEAUME_018_f010175.jpg,1
20260525_003136_UEAUME_018_f010180.jpg,1
20260525_003136_UEAUME_018_f010185.jpg,1
20260525_003136_UEAUME_018_f010190.jpg,1
20260525_003136_UEAUME_018_f010195.jpg,1
20260525_003136_UEAUME_018_f010200.jpg,1
20260525_003136_UEAUME_018_f010205.jpg,1
20260525_003136_UEAUME_018_f010210.jpg,1
20260525_003136_UEAUME_018_f010215.jpg,1
20260525_003136_UEAUME_018_f010220.jpg,1
20260525_003136_UEAUME_018_f010225.jpg,1
20260525_003136_UEAUME_018_f010230.jpg,1
20260525_003136_UEAUME_018_f010235.jpg,1
20260525_003136_UEAUME_018_f010240.jpg,1
20260525_003136_UEAUME_018_f010245.jpg,1
20260525_003136_UEAUME_018_f010250.jpg,1
20260525_003136_UEAUME_018_f010255.jpg,1
20260525_003136_UEAUME_018_f010260.jpg,1
20260525_003136_UEAUME_018_f010265.jpg,1
20260525_003136_UEAUME_018_f010270.jpg,1
20260525_003136_UEAUME_018_f010275.jpg,1
20260525_003136_UEAUME_018_f010280.jpg,1
20260525_003136_UEAUME_018_f010285.jpg,1
20260525_003136_UEAUME_018_f010290.jpg,1
20260525_003136_UEAUME_018_f010295.jpg,1
20260525_003136_UEAUME_018_f010300.jpg,1
20260525_003136_UEAUME_018_f010305.jpg,1
20260525_003136_UEAUME_018_f010310.jpg,1
20260525_003136_UEAUME_018_f010315.jpg,1
20260525_003136_UEAUME_018_f010320.jpg,1
20260525_003136_UEAUME_018_f010325.jpg,1
20260525_003136_UEAUME_018_f010330.jpg,1
20260525_003136_UEAUME_018_f010335.jpg,1
20260525_003136_UEAUME_018_f010340.jpg,1
20260525_003136_UEAUME_018_f010345.jpg,1
20260525_003136_UEAUME_018_f010350.jpg,1
20260525_003136_UEAUME_018_f010355.jpg,1
20260525_003136_UEAUME_018_f010360.jpg,1
20260525_003136_UEAUME_018_f010365.jpg,1
20260525_003136_UEAUME_018_f010370.jpg,1
20260525_003136_UEAUME_018_f010375.jpg,1
20260525_003136_UEAUME_018_f010380.jpg,1
20260525_003136_UEAUME_018_f010385.jpg,1
20260525_003136_UEAUME_018_f010390.jpg,1
20260525_003136_UEAUME_018_f010395.jpg,1
20260525_003136_UEAUME_018_f010400.jpg,1
20260525_003136_UEAUME_018_f010405.jpg,1
20260525_003136_UEAUME_018_f010410.jpg,1
20260525_003136_UEAUME_018_f010415.jpg,1
20260525_003136_UEAUME_018_f010420.jpg,1
20260525_003136_UEAUME_018_f010425.jpg,1
20260525_003136_UEAUME_018_f010430.jpg,1
20260525_003136_UEAUME_018_f010435.jpg,1
20260525_003136_UEAUME_018_f010440.jpg,1
20260525_003136_UEAUME_018_f010445.jpg,1
20260525_003136_UEAUME_018_f010450.jpg,1
20260525_003136_UEAUME_018_f010455.jpg,1
20260525_003136_UEAUME_018_f010460.jpg,1
20260525_003136_UEAUME_018_f010465.jpg,1
20260525_003136_UEAUME_018_f010470.jpg,1
20260525_003136_UEAUME_018_f010475.jpg,1
20260525_003136_UEAUME_018_f010480.jpg,1
20260525_003136_UEAUME_018_f010485.jpg,1
20260525_003136_UEAUME_018_f010490.jpg,1
20260525_003136_UEAUME_018_f010495.jpg,1
20260525_003136_UEAUME_018_f010500.jpg,1
20260525_003136_UEAUME_018_f010505.jpg,1
20260525_003136_UEAUME_018_f010510.jpg,1
20260525_003136_UEAUME_018_f010515.jpg,1
20260525_003136_UEAUME_018_f010520.jpg,1
20260525_003136_UEAUME_018_f010525.jpg,1
20260525_003136_UEAUME_018_f010530.jpg,1
20260525_003136_UEAUME_018_f010535.jpg,1
20260525_003136_UEAUME_018_f010540.jpg,1
20260525_003136_UEAUME_018_f010545.jpg,1
20260525_003136_UEAUME_018_f010550.jpg,1
20260525_003136_UEAUME_018_f010555.jpg,1
20260525_003136_UEAUME_018_f010560.jpg,1
20260525_003136_UEAUME_018_f010565.jpg,1
20260525_003136_UEAUME_018_f010570.jpg,1
20260525_003136_UEAUME_018_f010575.jpg,1
20260525_003136_UEAUME_018_f010580.jpg,1
20260525_003136_UEAUME_018_f010585.jpg,1
20260525_003136_UEAUME_018_f010590.jpg,1
20260525_003136_UEAUME_018_f010595.jpg,1
20260525_003136_UEAUME_018_f010600.jpg,1
20260525_003136_UEAUME_018_f010605.jpg,1
20260525_003136_UEAUME_018_f010610.jpg,1
20260525_003136_UEAUME_018_f010615.jpg,1
20260525_003136_UEAUME_018_f010620.jpg,1
20260525_003136_UEAUME_018_f010625.jpg,1
20260525_003136_UEAUME_018_f010630.jpg,1
20260525_003136_UEAUME_018_f010635.jpg,1
20260525_003136_UEAUME_018_f010640.jpg,1
20260525_003136_UEAUME_018_f010645.jpg,1
20260525_003136_UEAUME_018_f010650.jpg,1
20260525_003136_UEAUME_018_f010655.jpg,1
20260525_003136_UEAUME_018_f010660.jpg,1
20260525_003136_UEAUME_018_f010665.jpg,1
20260525_003136_UEAUME_018_f010670.jpg,1
20260525_003136_UEAUME_018_f010675.jpg,1
20260525_003136_UEAUME_018_f010680.jpg,1
20260525_003136_UEAUME_018_f010685.jpg,1
20260525_003136_UEAUME_018_f010690.jpg,1
20260525_003136_UEAUME_018_f010695.jpg,1
20260525_003136_UEAUME_018_f010700.jpg,1
20260525_003136_UEAUME_018_f010705.jpg,1
20260525_003136_UEAUME_018_f010710.jpg,1
20260525_003136_UEAUME_018_f010715.jpg,1
20260525_003136_UEAUME_018_f010720.jpg,1
20260525_003136_UEAUME_018_f010725.jpg,1
20260525_003136_UEAUME_018_f010730.jpg,1
20260525_003136_UEAUME_018_f010735.jpg,1
20260525_003136_UEAUME_018_f010740.jpg,1
20260525_003136_UEAUME_018_f010745.jpg,1
20260525_003136_UEAUME_018_f010750.jpg,1
20260525_003136_UEAUME_018_f010755.jpg,1
20260525_003136_UEAUME_018_f010760.jpg,1
20260525_003136_UEAUME_018_f010765.jpg,1
20260525_003136_UEAUME_018_f010770.jpg,1
20260525_003136_UEAUME_018_f010775.jpg,1
20260525_003136_UEAUME_018_f010780.jpg,1
20260525_003136_UEAUME_018_f010785.jpg,1
20260525_003136_UEAUME_018_f010790.jpg,1
20260525_003136_UEAUME_018_f010795.jpg,1
20260525_003136_UEAUME_018_f010800.jpg,1
20260525_003136_UEAUME_018_f010805.jpg,1
20260525_003136_UEAUME_018_f010810.jpg,1
20260525_003136_UEAUME_018_f010815.jpg,1
20260525_003136_UEAUME_018_f010820.jpg,1
20260525_003136_UEAUME_018_f010825.jpg,1
20260525_003136_UEAUME_018_f010830.jpg,1
20260525_003136_UEAUME_018_f010835.jpg,1
20260525_003136_UEAUME_018_f010840.jpg,1
20260525_003136_UEAUME_018_f010845.jpg,1
20260525_003136_UEAUME_018_f010850.jpg,1
20260525_003136_UEAUME_018_f010855.jpg,1
20260525_003136_UEAUME_018_f010860.jpg,1
20260525_003136_UEAUME_018_f010865.jpg,1
20260525_003136_UEAUME_018_f010870.jpg,1
20260525_003136_UEAUME_018_f010875.jpg,1
20260525_003136_UEAUME_018_f010880.jpg,1
20260525_003136_UEAUME_018_f010885.jpg,1
20260525_003136_UEAUME_018_f010890.jpg,1
20260525_003136_UEAUME_018_f010895.jpg,1
20260525_003136_UEAUME_018_f010900.jpg,1
20260525_003136_UEAUME_018_f010905.jpg,1
20260525_003136_UEAUME_018_f010910.jpg,1
20260525_003136_UEAUME_018_f010915.jpg,1
20260525_003136_UEAUME_018_f010920.jpg,1
20260525_003136_UEAUME_018_f010925.jpg,1
20260525_003136_UEAUME_018_f010930.jpg,1
20260525_003136_UEAUME_018_f010935.jpg,1
20260525_003136_UEAUME_018_f010940.jpg,1
20260525_003136_UEAUME_018_f010945.jpg,1
20260525_003136_UEAUME_018_f010950.jpg,1
20260525_003136_UEAUME_018_f010955.jpg,1
20260525_003136_UEAUME_018_f010960.jpg,1
20260525_003136_UEAUME_018_f010965.jpg,1
20260525_003136_UEAUME_018_f010970.jpg,1
20260525_003136_UEAUME_018_f010975.jpg,1
20260525_003136_UEAUME_018_f010980.jpg,1
20260525_003136_UEAUME_018_f010985.jpg,1
20260525_003136_UEAUME_018_f010990.jpg,1
20260525_003136_UEAUME_018_f010995.jpg,1
20260525_003136_UEAUME_018_f011000.jpg,1
20260525_003136_UEAUME_018_f011005.jpg,1
20260525_003136_UEAUME_018_f011010.jpg,1
20260525_003136_UEAUME_018_f011015.jpg,1
20260525_003136_UEAUME_018_f011020.jpg,1
20260525_003136_UEAUME_018_f011025.jpg,1
20260525_003136_UEAUME_018_f011030.jpg,1
20260525_003136_UEAUME_018_f011035.jpg,1
20260525_003136_UEAUME_018_f011040.jpg,1
20260525_003136_UEAUME_018_f011045.jpg,1
20260525_003136_UEAUME_018_f011050.jpg,1
20260525_003136_UEAUME_018_f011055.jpg,1
20260525_003136_UEAUME_018_f011060.jpg,1
20260525_003136_UEAUME_018_f011065.jpg,1
20260525_003136_UEAUME_018_f011070.jpg,1
20260525_003136_UEAUME_018_f011075.jpg,1
20260525_003136_UEAUME_018_f011080.jpg,1
20260525_003136_UEAUME_018_f011085.jpg,1
20260525_003136_UEAUME_018_f011090.jpg,1
20260525_003136_UEAUME_018_f011095.jpg,1
20260525_003136_UEAUME_018_f011100.jpg,1
20260525_003136_UEAUME_018_f011105.jpg,1
20260525_003136_UEAUME_018_f011110.jpg,1
20260525_003136_UEAUME_018_f011115.jpg,1
20260525_003136_UEAUME_018_f011120.jpg,1
20260525_003136_UEAUME_018_f011125.jpg,1
20260525_003136_UEAUME_018_f011130.jpg,1
20260525_003136_UEAUME_018_f011135.jpg,1
20260525_003136_UEAUME_018_f011140.jpg,1
20260525_070046_WKKNGQ_007_f000060.jpg,1
20260525_070046_WKKNGQ_007_f000065.jpg,1
20260525_070046_WKKNGQ_007_f000070.jpg,1
20260525_070046_WKKNGQ_007_f000075.jpg,1
20260525_070046_WKKNGQ_007_f000080.jpg,1
20260525_070046_WKKNGQ_007_f000085.jpg,1
20260525_070046_WKKNGQ_007_f000090.jpg,1
20260525_070046_WKKNGQ_007_f000095.jpg,1
20260525_070046_WKKNGQ_007_f000100.jpg,1
20260525_070046_WKKNGQ_007_f000105.jpg,1
20260525_070046_WKKNGQ_007_f000110.jpg,1
20260525_070046_WKKNGQ_007_f000115.jpg,1
20260525_070046_WKKNGQ_007_f001555.jpg,1
20260525_070046_WKKNGQ_007_f001560.jpg,1
20260525_070046_WKKNGQ_007_f001565.jpg,1
20260525_070046_WKKNGQ_007_f001570.jpg,1
20260525_070046_WKKNGQ_007_f001690.jpg,1
20260525_070046_WKKNGQ_007_f001695.jpg,1
20260525_070046_WKKNGQ_007_f001700.jpg,1
20260525_070046_WKKNGQ_007_f001705.jpg,1
20260525_070046_WKKNGQ_007_f001710.jpg,1
20260525_070046_WKKNGQ_007_f001715.jpg,1
20260525_070046_WKKNGQ_007_f001720.jpg,1
20260525_070046_WKKNGQ_007_f001725.jpg,1
20260525_070046_WKKNGQ_007_f001730.jpg,1
20260525_070046_WKKNGQ_007_f001735.jpg,1
20260525_070046_WKKNGQ_007_f001740.jpg,1
20260525_070046_WKKNGQ_007_f001770.jpg,1
20260525_070046_WKKNGQ_007_f001775.jpg,1
20260525_070046_WKKNGQ_007_f001780.jpg,1
20260525_070046_WKKNGQ_007_f001785.jpg,1
20260525_070046_WKKNGQ_007_f001790.jpg,1
20260525_070046_WKKNGQ_007_f001795.jpg,1
20260525_070046_WKKNGQ_007_f001800.jpg,1
20260525_070046_WKKNGQ_007_f001805.jpg,1
20260525_070046_WKKNGQ_007_f001810.jpg,1
20260525_070046_WKKNGQ_007_f001815.jpg,1
20260525_070046_WKKNGQ_007_f001825.jpg,1
20260525_070046_WKKNGQ_007_f001830.jpg,1
20260525_070046_WKKNGQ_007_f001835.jpg,1
20260525_070046_WKKNGQ_007_f001840.jpg,1
20260525_070046_WKKNGQ_007_f001845.jpg,1
20260525_070046_WKKNGQ_007_f001850.jpg,1
20260525_070046_WKKNGQ_007_f002625.jpg,1
20260525_070046_WKKNGQ_007_f002630.jpg,1
20260525_070046_WKKNGQ_007_f002635.jpg,1
20260525_070046_WKKNGQ_007_f002640.jpg,1
20260525_070046_WKKNGQ_007_f002645.jpg,1
20260525_070046_WKKNGQ_007_f002650.jpg,1
20260525_070046_WKKNGQ_007_f002730.jpg,1
20260525_070046_WKKNGQ_007_f003120.jpg,1
20260525_070046_WKKNGQ_007_f005035.jpg,1
20260525_070046_WKKNGQ_007_f005050.jpg,1
20260525_070046_WKKNGQ_007_f005055.jpg,1
20260525_070046_WKKNGQ_007_f005060.jpg,1
20260525_070046_WKKNGQ_007_f005065.jpg,1
20260525_070046_WKKNGQ_007_f005105.jpg,1
20260525_070046_WKKNGQ_007_f005110.jpg,1
20260525_070046_WKKNGQ_007_f005115.jpg,1
20260525_070046_WKKNGQ_007_f005120.jpg,1
20260525_070046_WKKNGQ_007_f005225.jpg,1
20260525_070046_WKKNGQ_007_f005230.jpg,1
20260525_070046_WKKNGQ_007_f005235.jpg,1
20260525_070046_WKKNGQ_007_f005240.jpg,1
20260525_070046_WKKNGQ_007_f005245.jpg,1
20260525_070046_WKKNGQ_007_f005250.jpg,1
20260525_070046_WKKNGQ_007_f005255.jpg,1
20260525_070046_WKKNGQ_007_f005260.jpg,1
20260525_070046_WKKNGQ_007_f005265.jpg,1
20260525_070046_WKKNGQ_007_f005270.jpg,1
20260525_070046_WKKNGQ_007_f005275.jpg,1
20260525_070046_WKKNGQ_007_f005280.jpg,1
20260525_070046_WKKNGQ_007_f005285.jpg,1
20260525_070046_WKKNGQ_007_f005290.jpg,1
20260525_070046_WKKNGQ_007_f005295.jpg,1
20260525_070046_WKKNGQ_007_f007505.jpg,1
20260525_070046_WKKNGQ_007_f007645.jpg,1
20260525_070046_WKKNGQ_007_f007660.jpg,1
20260525_070046_WKKNGQ_007_f007665.jpg,1
20260525_070046_WKKNGQ_007_f007670.jpg,1
20260525_070046_WKKNGQ_007_f007720.jpg,1
20260525_070046_WKKNGQ_007_f007845.jpg,1
20260525_070046_WKKNGQ_007_f007850.jpg,1
20260525_070046_WKKNGQ_007_f007855.jpg,1
20260525_070046_WKKNGQ_007_f007860.jpg,1
20260525_070046_WKKNGQ_007_f007865.jpg,1
20260525_070046_WKKNGQ_007_f007870.jpg,1
20260525_070046_WKKNGQ_007_f007875.jpg,1
20260525_070046_WKKNGQ_007_f007885.jpg,1
20260525_070046_WKKNGQ_007_f007890.jpg,1
20260525_070046_WKKNGQ_007_f007895.jpg,1
20260525_070046_WKKNGQ_007_f007900.jpg,1
20260525_070046_WKKNGQ_007_f007905.jpg,1
20260525_070046_WKKNGQ_007_f007910.jpg,1
20260525_070046_WKKNGQ_007_f007915.jpg,1
20260525_070046_WKKNGQ_007_f007920.jpg,1
20260525_070046_WKKNGQ_007_f007925.jpg,1
20260525_070046_WKKNGQ_007_f007930.jpg,1
20260525_070046_WKKNGQ_007_f007935.jpg,1
20260525_070046_WKKNGQ_007_f007940.jpg,1
20260525_070046_WKKNGQ_007_f007945.jpg,1
20260525_070046_WKKNGQ_007_f007950.jpg,1
20260525_070046_WKKNGQ_007_f007955.jpg,1
20260525_070046_WKKNGQ_007_f007960.jpg,1
20260525_070046_WKKNGQ_007_f007965.jpg,1
20260525_070046_WKKNGQ_007_f007970.jpg,1
20260525_070046_WKKNGQ_007_f007975.jpg,1
20260525_070046_WKKNGQ_007_f007980.jpg,1
20260525_070046_WKKNGQ_007_f007985.jpg,1
20260525_070046_WKKNGQ_007_f007990.jpg,1
20260525_070046_WKKNGQ_007_f007995.jpg,1
20260525_070046_WKKNGQ_007_f008000.jpg,1
20260525_070046_WKKNGQ_007_f008005.jpg,1
20260525_070046_WKKNGQ_007_f008010.jpg,1
20260525_070046_WKKNGQ_007_f008015.jpg,1
20260525_070046_WKKNGQ_007_f008020.jpg,1
20260525_070046_WKKNGQ_007_f008025.jpg,1
20260525_070046_WKKNGQ_007_f008030.jpg,1
20260525_070046_WKKNGQ_007_f008035.jpg,1
20260525_070046_WKKNGQ_007_f008040.jpg,1
20260525_070046_WKKNGQ_007_f008045.jpg,1
20260525_070046_WKKNGQ_007_f008050.jpg,1
20260525_070046_WKKNGQ_007_f008055.jpg,1
20260525_070046_WKKNGQ_007_f008060.jpg,1
20260525_070046_WKKNGQ_007_f008065.jpg,1
20260525_070046_WKKNGQ_007_f008075.jpg,1
20260525_070046_WKKNGQ_007_f008080.jpg,1
20260525_070046_WKKNGQ_007_f008085.jpg,1
20260525_070046_WKKNGQ_007_f008090.jpg,1
20260525_070046_WKKNGQ_007_f008095.jpg,1
20260525_070046_WKKNGQ_007_f008100.jpg,1
20260525_070046_WKKNGQ_007_f008105.jpg,1
20260525_070046_WKKNGQ_007_f008110.jpg,1
20260525_070046_WKKNGQ_007_f008115.jpg,1
20260525_070046_WKKNGQ_007_f008120.jpg,1
20260525_070046_WKKNGQ_007_f008125.jpg,1
20260525_070046_WKKNGQ_007_f008130.jpg,1
20260525_070046_WKKNGQ_007_f008135.jpg,1
20260525_070046_WKKNGQ_007_f008140.jpg,1
20260525_070046_WKKNGQ_007_f008145.jpg,1
20260525_070046_WKKNGQ_007_f008150.jpg,1
20260525_070046_WKKNGQ_007_f008155.jpg,1
20260525_070046_WKKNGQ_007_f008160.jpg,1
20260525_070046_WKKNGQ_007_f008165.jpg,1
20260525_070046_WKKNGQ_007_f008170.jpg,1
20260525_070046_WKKNGQ_007_f008175.jpg,1
20260525_070046_WKKNGQ_007_f008180.jpg,1
20260525_070046_WKKNGQ_007_f008185.jpg,1
20260525_070046_WKKNGQ_007_f008190.jpg,1
20260525_070046_WKKNGQ_007_f008195.jpg,1
20260525_070046_WKKNGQ_007_f008200.jpg,1
20260525_070046_WKKNGQ_007_f008205.jpg,1
20260525_070046_WKKNGQ_007_f008210.jpg,1
20260525_070046_WKKNGQ_007_f008215.jpg,1
20260525_070046_WKKNGQ_007_f008220.jpg,1
20260525_070046_WKKNGQ_007_f008225.jpg,1
20260525_070046_WKKNGQ_007_f008230.jpg,1
20260525_070046_WKKNGQ_007_f008235.jpg,1
20260525_070046_WKKNGQ_007_f008240.jpg,1
20260525_070046_WKKNGQ_007_f008245.jpg,1
20260525_070046_WKKNGQ_007_f008250.jpg,1
20260525_070046_WKKNGQ_007_f008255.jpg,1
20260525_070046_WKKNGQ_007_f008260.jpg,1
20260525_070046_WKKNGQ_007_f008265.jpg,1
20260525_070046_WKKNGQ_007_f008270.jpg,1
20260525_070046_WKKNGQ_007_f008275.jpg,1
20260525_070046_WKKNGQ_007_f008280.jpg,1
20260525_070046_WKKNGQ_007_f008285.jpg,1
20260525_070046_WKKNGQ_007_f008290.jpg,1
20260525_070046_WKKNGQ_007_f008295.jpg,1
20260525_070046_WKKNGQ_007_f008300.jpg,1
20260525_070046_WKKNGQ_007_f008305.jpg,1
20260525_070046_WKKNGQ_007_f008310.jpg,1
20260525_070046_WKKNGQ_007_f008315.jpg,1
20260525_070046_WKKNGQ_007_f008320.jpg,1
20260525_070046_WKKNGQ_007_f008325.jpg,1
20260525_070046_WKKNGQ_007_f008330.jpg,1
20260525_070046_WKKNGQ_007_f008335.jpg,1
20260525_070046_WKKNGQ_007_f008340.jpg,1
20260525_070046_WKKNGQ_007_f008345.jpg,1
20260527_053115_CAHMSV_006_f000000.jpg,1
20260527_053115_CAHMSV_006_f000005.jpg,1
20260527_053115_CAHMSV_006_f000010.jpg,1
20260527_053115_CAHMSV_006_f000015.jpg,1
20260527_053115_CAHMSV_006_f000020.jpg,1
20260527_053115_CAHMSV_006_f000025.jpg,1
20260527_053115_CAHMSV_006_f000030.jpg,1
20260527_053115_CAHMSV_006_f000035.jpg,1
20260527_053115_CAHMSV_006_f000040.jpg,1
20260527_053115_CAHMSV_006_f000045.jpg,1
20260527_053115_CAHMSV_006_f000050.jpg,1
20260527_053115_CAHMSV_006_f000055.jpg,1
20260527_053115_CAHMSV_006_f000060.jpg,1
20260527_053115_CAHMSV_006_f000065.jpg,1
20260527_053115_CAHMSV_006_f000070.jpg,1
20260527_053115_CAHMSV_006_f000075.jpg,1
20260527_053115_CAHMSV_006_f000080.jpg,1
20260527_053115_CAHMSV_006_f000085.jpg,1
20260527_053115_CAHMSV_006_f000090.jpg,1
20260527_053115_CAHMSV_006_f000095.jpg,1
20260527_053115_CAHMSV_006_f000100.jpg,1
20260527_053115_CAHMSV_006_f000105.jpg,1
20260527_053115_CAHMSV_006_f000110.jpg,1
20260527_053115_CAHMSV_006_f000115.jpg,1
20260527_053115_CAHMSV_006_f000120.jpg,1
20260527_053115_CAHMSV_006_f000125.jpg,1
20260527_053115_CAHMSV_006_f000130.jpg,1
20260527_053115_CAHMSV_006_f000135.jpg,1
20260527_053115_CAHMSV_006_f000140.jpg,1
20260527_053115_CAHMSV_006_f000145.jpg,1
20260527_053115_CAHMSV_006_f000150.jpg,1
20260527_053115_CAHMSV_006_f000155.jpg,1
20260527_053115_CAHMSV_006_f000160.jpg,1
20260527_053115_CAHMSV_006_f000165.jpg,1
20260527_053115_CAHMSV_006_f000170.jpg,1
20260527_053115_CAHMSV_006_f000175.jpg,1
20260527_053115_CAHMSV_006_f000180.jpg,1
20260527_053115_CAHMSV_006_f000185.jpg,1
20260527_053115_CAHMSV_006_f000190.jpg,1
20260527_053115_CAHMSV_006_f000195.jpg,1
20260527_053115_CAHMSV_006_f000200.jpg,1
20260527_053115_CAHMSV_006_f000205.jpg,1
20260527_053115_CAHMSV_006_f000210.jpg,1
20260527_053115_CAHMSV_006_f000215.jpg,1
20260527_053115_CAHMSV_006_f000220.jpg,1
20260527_053115_CAHMSV_006_f000225.jpg,1
20260527_053115_CAHMSV_006_f000230.jpg,1
20260527_053115_CAHMSV_006_f000235.jpg,1
20260527_053115_CAHMSV_006_f000240.jpg,1
20260527_053115_CAHMSV_006_f000245.jpg,1
20260527_053115_CAHMSV_006_f000250.jpg,1
20260527_053115_CAHMSV_006_f000255.jpg,1
20260527_053115_CAHMSV_006_f000260.jpg,1
20260527_053115_CAHMSV_006_f000265.jpg,1
20260527_053115_CAHMSV_006_f000270.jpg,1
20260527_053115_CAHMSV_006_f000275.jpg,1
20260527_053115_CAHMSV_006_f000280.jpg,1
20260527_053115_CAHMSV_006_f000285.jpg,1
20260527_053115_CAHMSV_006_f000290.jpg,1
20260527_053115_CAHMSV_006_f000295.jpg,1
20260527_053115_CAHMSV_006_f000300.jpg,1
20260527_053115_CAHMSV_006_f000305.jpg,1
20260527_053115_CAHMSV_006_f000310.jpg,1
20260527_053115_CAHMSV_006_f000315.jpg,1
20260527_053115_CAHMSV_006_f000320.jpg,1
20260527_053115_CAHMSV_006_f000325.jpg,1
20260527_053115_CAHMSV_006_f000330.jpg,1
20260527_053115_CAHMSV_006_f000335.jpg,1
20260527_053115_CAHMSV_006_f000340.jpg,1
20260527_053115_CAHMSV_006_f000345.jpg,1
20260527_053115_CAHMSV_006_f000350.jpg,1
20260527_053115_CAHMSV_006_f000355.jpg,1
20260527_053115_CAHMSV_006_f000360.jpg,1
20260527_053115_CAHMSV_006_f000365.jpg,1
20260527_053115_CAHMSV_006_f000370.jpg,1
20260527_053115_CAHMSV_006_f000375.jpg,1
20260527_053115_CAHMSV_006_f000380.jpg,1
20260527_053115_CAHMSV_006_f000385.jpg,1
20260527_053115_CAHMSV_006_f000390.jpg,1
20260527_053115_CAHMSV_006_f000395.jpg,1
20260527_053115_CAHMSV_006_f000400.jpg,1
20260527_053115_CAHMSV_006_f000405.jpg,1
20260527_053115_CAHMSV_006_f000410.jpg,1
20260527_053115_CAHMSV_006_f000415.jpg,1
20260527_053115_CAHMSV_006_f000420.jpg,1
20260527_053115_CAHMSV_006_f000425.jpg,1
20260527_053115_CAHMSV_006_f000430.jpg,1
20260527_053115_CAHMSV_006_f000435.jpg,1
20260527_053115_CAHMSV_006_f000440.jpg,1
20260527_053115_CAHMSV_006_f000445.jpg,1
20260527_053115_CAHMSV_006_f000450.jpg,1
20260527_053115_CAHMSV_006_f000455.jpg,1
20260527_053115_CAHMSV_006_f000460.jpg,1
20260527_053115_CAHMSV_006_f000465.jpg,1
20260527_053115_CAHMSV_006_f000470.jpg,1
20260527_053115_CAHMSV_006_f000475.jpg,1
20260527_053115_CAHMSV_006_f000480.jpg,1
20260527_053115_CAHMSV_006_f000485.jpg,1
20260527_053115_CAHMSV_006_f000490.jpg,1
20260527_053115_CAHMSV_006_f000495.jpg,1
20260527_053115_CAHMSV_006_f000500.jpg,1
20260527_053115_CAHMSV_006_f000505.jpg,1
20260527_053115_CAHMSV_006_f000510.jpg,1
20260527_053115_CAHMSV_006_f000515.jpg,1
20260527_053115_CAHMSV_006_f000520.jpg,1
20260527_053115_CAHMSV_006_f000525.jpg,1
20260527_053115_CAHMSV_006_f000530.jpg,1
20260527_053115_CAHMSV_006_f000535.jpg,1
20260527_053115_CAHMSV_006_f000540.jpg,1
20260527_053115_CAHMSV_006_f000545.jpg,1
20260527_053115_CAHMSV_006_f000550.jpg,1
20260527_053115_CAHMSV_006_f000555.jpg,1
20260527_053115_CAHMSV_006_f000560.jpg,1
20260527_053115_CAHMSV_006_f000565.jpg,1
20260527_053115_CAHMSV_006_f000570.jpg,1
20260527_053115_CAHMSV_006_f000575.jpg,1
20260527_053115_CAHMSV_006_f000580.jpg,1
20260527_053115_CAHMSV_006_f000585.jpg,1
20260527_053115_CAHMSV_006_f000590.jpg,1
20260527_053115_CAHMSV_006_f000595.jpg,1
20260527_053115_CAHMSV_006_f000600.jpg,1
20260527_053115_CAHMSV_006_f000605.jpg,1
20260527_053115_CAHMSV_006_f000610.jpg,1
20260527_053115_CAHMSV_006_f000615.jpg,1
20260527_053115_CAHMSV_006_f000620.jpg,1
20260527_053115_CAHMSV_006_f000625.jpg,1
20260527_053115_CAHMSV_006_f000630.jpg,1
20260527_053115_CAHMSV_006_f000635.jpg,1
20260527_053115_CAHMSV_006_f000640.jpg,1
20260527_053115_CAHMSV_006_f000645.jpg,1
20260527_053115_CAHMSV_006_f000650.jpg,1
20260527_053115_CAHMSV_006_f000655.jpg,1
20260527_053115_CAHMSV_006_f000660.jpg,1
20260527_053115_CAHMSV_006_f000665.jpg,1
20260527_053115_CAHMSV_006_f000670.jpg,1
20260527_053115_CAHMSV_006_f000675.jpg,1
20260527_053115_CAHMSV_006_f000680.jpg,1
20260527_053115_CAHMSV_006_f000685.jpg,1
20260527_053115_CAHMSV_006_f000690.jpg,1
20260527_053115_CAHMSV_006_f000695.jpg,1
20260527_053115_CAHMSV_006_f000700.jpg,1
20260527_053115_CAHMSV_006_f000705.jpg,1
20260527_053115_CAHMSV_006_f000710.jpg,1
20260527_053115_CAHMSV_006_f000715.jpg,1
20260527_053115_CAHMSV_006_f000720.jpg,1
20260527_053115_CAHMSV_006_f000725.jpg,1
20260527_053115_CAHMSV_006_f000730.jpg,1
20260527_053115_CAHMSV_006_f000735.jpg,1
20260527_053115_CAHMSV_006_f000740.jpg,1
20260527_053115_CAHMSV_006_f000745.jpg,1
20260527_053115_CAHMSV_006_f000750.jpg,1
20260527_053115_CAHMSV_006_f000755.jpg,1
20260527_053115_CAHMSV_006_f000760.jpg,1
20260527_053115_CAHMSV_006_f000765.jpg,1
20260527_053115_CAHMSV_006_f000770.jpg,1
20260527_053115_CAHMSV_006_f000775.jpg,1
20260527_053115_CAHMSV_006_f000780.jpg,1
20260527_053115_CAHMSV_006_f000785.jpg,1
20260527_053115_CAHMSV_006_f000790.jpg,1
20260527_053115_CAHMSV_006_f000795.jpg,1
20260527_053115_CAHMSV_006_f000800.jpg,1
20260527_053115_CAHMSV_006_f000805.jpg,1
20260527_053115_CAHMSV_006_f000810.jpg,1
20260527_053115_CAHMSV_006_f000815.jpg,1
20260527_053115_CAHMSV_006_f000820.jpg,1
20260527_053115_CAHMSV_006_f000825.jpg,1
20260527_053115_CAHMSV_006_f000830.jpg,1
20260527_053115_CAHMSV_006_f000835.jpg,1
20260527_053115_CAHMSV_006_f000840.jpg,1
20260527_053115_CAHMSV_006_f000845.jpg,1
20260527_053115_CAHMSV_006_f000850.jpg,1
20260527_053115_CAHMSV_006_f000855.jpg,1
20260527_053115_CAHMSV_006_f000860.jpg,1
20260527_053115_CAHMSV_006_f000865.jpg,1
20260527_053115_CAHMSV_006_f000870.jpg,1
20260527_053115_CAHMSV_006_f000875.jpg,1
20260527_053115_CAHMSV_006_f000880.jpg,1
20260527_053115_CAHMSV_006_f000885.jpg,1
20260527_053115_CAHMSV_006_f000890.jpg,1
20260527_053115_CAHMSV_006_f000895.jpg,1
20260527_053115_CAHMSV_006_f000900.jpg,1
20260527_053115_CAHMSV_006_f000905.jpg,1
20260527_053115_CAHMSV_006_f000910.jpg,1
20260527_053115_CAHMSV_006_f000915.jpg,1
20260527_053115_CAHMSV_006_f000920.jpg,1
20260527_053115_CAHMSV_006_f000925.jpg,1
20260527_053115_CAHMSV_006_f000930.jpg,1
20260527_053115_CAHMSV_006_f000935.jpg,1
20260527_053115_CAHMSV_006_f000940.jpg,1
20260527_053115_CAHMSV_006_f000945.jpg,1
20260527_053115_CAHMSV_006_f000950.jpg,1
20260527_053115_CAHMSV_006_f000955.jpg,1
20260527_053115_CAHMSV_006_f000960.jpg,1
20260527_053115_CAHMSV_006_f000965.jpg,1
20260527_053115_CAHMSV_006_f000970.jpg,1
20260527_053115_CAHMSV_006_f000975.jpg,1
20260527_053115_CAHMSV_006_f000980.jpg,1
20260527_053115_CAHMSV_006_f000985.jpg,1
20260527_053115_CAHMSV_006_f000990.jpg,1
20260527_053115_CAHMSV_006_f000995.jpg,1
20260527_053115_CAHMSV_006_f001000.jpg,1
20260527_053115_CAHMSV_006_f001005.jpg,1
20260527_053115_CAHMSV_006_f001010.jpg,1
20260527_053115_CAHMSV_006_f001015.jpg,1
20260527_053115_CAHMSV_006_f001020.jpg,1
20260527_053115_CAHMSV_006_f001025.jpg,1
20260527_053115_CAHMSV_006_f001030.jpg,1
20260527_053115_CAHMSV_006_f001035.jpg,1
20260527_053115_CAHMSV_006_f001040.jpg,1
20260527_053115_CAHMSV_006_f001045.jpg,1
20260527_053115_CAHMSV_006_f001050.jpg,1
20260527_053115_CAHMSV_006_f001055.jpg,1
20260527_053115_CAHMSV_006_f001060.jpg,1
20260527_053115_CAHMSV_006_f001065.jpg,1
20260527_053115_CAHMSV_006_f001070.jpg,1
20260527_053115_CAHMSV_006_f001075.jpg,1
20260527_053115_CAHMSV_006_f001080.jpg,1
20260527_053115_CAHMSV_006_f001085.jpg,1
20260527_053115_CAHMSV_006_f001090.jpg,1
20260527_053115_CAHMSV_006_f001095.jpg,1
20260527_053115_CAHMSV_006_f001100.jpg,1
20260527_053115_CAHMSV_006_f001105.jpg,1
20260527_053115_CAHMSV_006_f001110.jpg,1
20260527_053115_CAHMSV_006_f001115.jpg,1
20260527_053115_CAHMSV_006_f001120.jpg,1
20260527_053115_CAHMSV_006_f001125.jpg,1
20260527_053115_CAHMSV_006_f001130.jpg,1
20260527_053115_CAHMSV_006_f001135.jpg,1
20260527_053115_CAHMSV_006_f001140.jpg,1
20260527_053115_CAHMSV_006_f001145.jpg,1
20260527_053115_CAHMSV_006_f001150.jpg,1
20260527_053115_CAHMSV_006_f001155.jpg,1
20260527_053115_CAHMSV_006_f001160.jpg,1
20260527_053115_CAHMSV_006_f001165.jpg,1
20260527_053115_CAHMSV_006_f001170.jpg,1
20260527_053115_CAHMSV_006_f001175.jpg,1
20260527_053115_CAHMSV_006_f001180.jpg,1
20260527_053115_CAHMSV_006_f001185.jpg,1
20260527_053115_CAHMSV_006_f001190.jpg,1
20260527_053115_CAHMSV_006_f001195.jpg,1
20260527_053115_CAHMSV_006_f001200.jpg,1
20260527_053115_CAHMSV_006_f001205.jpg,1
20260527_053115_CAHMSV_006_f001210.jpg,1
20260527_053115_CAHMSV_006_f001215.jpg,1
20260527_053115_CAHMSV_006_f001220.jpg,1
20260527_053115_CAHMSV_006_f001225.jpg,1
20260527_053115_CAHMSV_006_f001230.jpg,1
20260527_053115_CAHMSV_006_f001235.jpg,1
20260527_053115_CAHMSV_006_f001240.jpg,1
20260527_053115_CAHMSV_006_f001245.jpg,1
20260527_053115_CAHMSV_006_f001250.jpg,1
20260527_053115_CAHMSV_006_f001255.jpg,1
20260527_053115_CAHMSV_006_f001260.jpg,1
20260527_053115_CAHMSV_006_f001265.jpg,1
20260527_053115_CAHMSV_006_f001270.jpg,1
20260527_053115_CAHMSV_006_f001275.jpg,1
20260527_053115_CAHMSV_006_f001280.jpg,1
20260527_053115_CAHMSV_006_f001285.jpg,1
20260527_053115_CAHMSV_006_f001290.jpg,1
20260527_053115_CAHMSV_006_f001295.jpg,1
20260527_053115_CAHMSV_006_f001300.jpg,1
20260527_053115_CAHMSV_006_f001305.jpg,1
20260527_053115_CAHMSV_006_f001310.jpg,1
20260527_053115_CAHMSV_006_f001315.jpg,1
20260527_053115_CAHMSV_006_f001320.jpg,1
20260527_053115_CAHMSV_006_f001325.jpg,1
20260527_053115_CAHMSV_006_f001330.jpg,1
20260527_053115_CAHMSV_006_f001335.jpg,1
20260527_053115_CAHMSV_006_f001340.jpg,1
20260527_053115_CAHMSV_006_f001345.jpg,1
20260527_053115_CAHMSV_006_f001350.jpg,1
20260527_053115_CAHMSV_006_f001355.jpg,1
20260527_053115_CAHMSV_006_f001360.jpg,1
20260527_053115_CAHMSV_006_f001365.jpg,1
20260527_053115_CAHMSV_006_f001370.jpg,1
20260527_053115_CAHMSV_006_f001375.jpg,1
20260527_053115_CAHMSV_006_f001380.jpg,1
20260527_053115_CAHMSV_006_f001385.jpg,1
20260527_053115_CAHMSV_006_f001390.jpg,1
20260527_053115_CAHMSV_006_f001395.jpg,1
20260527_053115_CAHMSV_006_f001400.jpg,1
20260527_053115_CAHMSV_006_f001405.jpg,1
20260527_053115_CAHMSV_006_f001410.jpg,1
20260527_053115_CAHMSV_006_f001415.jpg,1
20260527_053115_CAHMSV_006_f001420.jpg,1
20260527_053115_CAHMSV_006_f001425.jpg,1
20260527_053115_CAHMSV_006_f001430.jpg,1
20260527_053115_CAHMSV_006_f001435.jpg,1
20260527_053115_CAHMSV_006_f001440.jpg,1
20260527_053115_CAHMSV_006_f001445.jpg,1
20260527_053115_CAHMSV_006_f001450.jpg,1
20260527_053115_CAHMSV_006_f001455.jpg,1
20260527_053115_CAHMSV_006_f001460.jpg,1
20260527_053115_CAHMSV_006_f001465.jpg,1
20260527_053115_CAHMSV_006_f001470.jpg,1
20260527_053115_CAHMSV_006_f001475.jpg,1
20260527_053115_CAHMSV_006_f001480.jpg,1
20260527_053115_CAHMSV_006_f001485.jpg,1
20260527_053115_CAHMSV_006_f001490.jpg,1
20260527_053115_CAHMSV_006_f001495.jpg,1
20260527_053115_CAHMSV_006_f001500.jpg,1
20260527_053115_CAHMSV_006_f001505.jpg,1
20260527_053115_CAHMSV_006_f001510.jpg,1
20260527_053115_CAHMSV_006_f001515.jpg,1
20260527_053115_CAHMSV_006_f001520.jpg,1
20260527_053115_CAHMSV_006_f001525.jpg,1
20260527_053115_CAHMSV_006_f001530.jpg,1
20260527_053115_CAHMSV_006_f001535.jpg,1
20260527_053115_CAHMSV_006_f001540.jpg,1
20260527_053115_CAHMSV_006_f001545.jpg,1
20260527_053115_CAHMSV_006_f001550.jpg,1
20260527_053115_CAHMSV_006_f001555.jpg,1
20260527_053115_CAHMSV_006_f001560.jpg,1
20260527_053115_CAHMSV_006_f001565.jpg,1
20260527_053115_CAHMSV_006_f001570.jpg,1
20260527_053115_CAHMSV_006_f001575.jpg,1
20260527_053115_CAHMSV_006_f001580.jpg,1
20260527_053115_CAHMSV_006_f001585.jpg,1
20260527_053115_CAHMSV_006_f001590.jpg,1
20260527_053115_CAHMSV_006_f001595.jpg,1
20260527_053115_CAHMSV_006_f001600.jpg,1
20260527_053115_CAHMSV_006_f001605.jpg,1
20260527_053115_CAHMSV_006_f001610.jpg,1
20260527_053115_CAHMSV_006_f001615.jpg,1
20260527_053115_CAHMSV_006_f001620.jpg,1
20260527_053115_CAHMSV_006_f001625.jpg,1
20260527_053115_CAHMSV_006_f001630.jpg,1
20260527_053115_CAHMSV_006_f001635.jpg,1
20260527_053115_CAHMSV_006_f001640.jpg,1
20260527_053115_CAHMSV_006_f001645.jpg,1
20260527_053115_CAHMSV_006_f001650.jpg,1
20260527_053115_CAHMSV_006_f001655.jpg,1
20260527_053115_CAHMSV_006_f001660.jpg,1
20260527_053115_CAHMSV_006_f001665.jpg,1
20260527_053115_CAHMSV_006_f001670.jpg,1
20260527_053115_CAHMSV_006_f001675.jpg,1
20260527_053115_CAHMSV_006_f001680.jpg,1
20260527_053115_CAHMSV_006_f001685.jpg,1
20260527_053115_CAHMSV_006_f001690.jpg,1
20260527_053115_CAHMSV_006_f001695.jpg,1
20260527_053115_CAHMSV_006_f001700.jpg,1
20260527_053115_CAHMSV_006_f001705.jpg,1
20260527_053115_CAHMSV_006_f001710.jpg,1
20260527_053115_CAHMSV_006_f001715.jpg,1
20260527_053115_CAHMSV_006_f001720.jpg,1
20260527_053115_CAHMSV_006_f001725.jpg,1
20260527_053115_CAHMSV_006_f001730.jpg,1
20260527_053115_CAHMSV_006_f001735.jpg,1
20260527_053115_CAHMSV_006_f001740.jpg,1
20260527_053115_CAHMSV_006_f001745.jpg,1
20260527_053115_CAHMSV_006_f001750.jpg,1
20260527_053115_CAHMSV_006_f001755.jpg,1
20260527_053115_CAHMSV_006_f001760.jpg,1
20260527_053115_CAHMSV_006_f001765.jpg,1
20260527_053115_CAHMSV_006_f001770.jpg,1
20260527_053115_CAHMSV_006_f001775.jpg,1
20260527_053115_CAHMSV_006_f001780.jpg,1
20260527_053115_CAHMSV_006_f001785.jpg,1
20260527_053115_CAHMSV_006_f001790.jpg,1
20260527_053115_CAHMSV_006_f001795.jpg,1
20260527_053115_CAHMSV_006_f001800.jpg,1
20260527_053115_CAHMSV_006_f001805.jpg,1
20260527_053115_CAHMSV_006_f001810.jpg,1
20260527_053115_CAHMSV_006_f001815.jpg,1
20260527_053115_CAHMSV_006_f001820.jpg,1
20260527_053115_CAHMSV_006_f001825.jpg,1
20260527_053115_CAHMSV_006_f001830.jpg,1
20260527_053115_CAHMSV_006_f001835.jpg,1
20260527_053115_CAHMSV_006_f001840.jpg,1
20260527_053115_CAHMSV_006_f001845.jpg,1
20260527_053115_CAHMSV_006_f001850.jpg,1
20260527_053115_CAHMSV_006_f001855.jpg,1
20260527_053115_CAHMSV_006_f001860.jpg,1
20260527_053115_CAHMSV_006_f001865.jpg,1
20260527_053115_CAHMSV_006_f001870.jpg,1
20260527_053115_CAHMSV_006_f001875.jpg,1
20260527_053115_CAHMSV_006_f001880.jpg,1
20260527_053115_CAHMSV_006_f001885.jpg,1
20260527_053115_CAHMSV_006_f001890.jpg,1
20260527_053115_CAHMSV_006_f001895.jpg,1
20260527_053115_CAHMSV_006_f001900.jpg,1
20260527_053115_CAHMSV_006_f001905.jpg,1
20260527_053115_CAHMSV_006_f001910.jpg,1
20260527_053115_CAHMSV_006_f001915.jpg,1
20260527_053115_CAHMSV_006_f001920.jpg,1
20260527_053115_CAHMSV_006_f001925.jpg,1
20260527_053115_CAHMSV_006_f001930.jpg,1
20260527_053115_CAHMSV_006_f001935.jpg,1
20260527_053115_CAHMSV_006_f001940.jpg,1
20260527_053115_CAHMSV_006_f001945.jpg,1
20260527_053115_CAHMSV_006_f001950.jpg,1
20260527_053115_CAHMSV_006_f001955.jpg,1
20260527_053115_CAHMSV_006_f001960.jpg,1
20260527_053115_CAHMSV_006_f001965.jpg,1
20260527_053115_CAHMSV_006_f001970.jpg,1
20260527_053115_CAHMSV_006_f001975.jpg,1
20260527_053115_CAHMSV_006_f001980.jpg,1
20260527_053115_CAHMSV_006_f001985.jpg,1
20260527_053115_CAHMSV_006_f001990.jpg,1
20260527_053115_CAHMSV_006_f001995.jpg,1
20260527_053115_CAHMSV_006_f002000.jpg,1
20260527_053115_CAHMSV_006_f002005.jpg,1
20260527_053115_CAHMSV_006_f002010.jpg,1
20260527_053115_CAHMSV_006_f002015.jpg,1
20260527_053115_CAHMSV_006_f002020.jpg,1
20260527_053115_CAHMSV_006_f002025.jpg,1
20260527_053115_CAHMSV_006_f002030.jpg,1
20260527_053115_CAHMSV_006_f002035.jpg,1
20260527_053115_CAHMSV_006_f002040.jpg,1
20260527_053115_CAHMSV_006_f002045.jpg,1
20260527_053115_CAHMSV_006_f002050.jpg,1
20260527_053115_CAHMSV_006_f002055.jpg,1
20260527_053115_CAHMSV_006_f002060.jpg,1
20260527_053115_CAHMSV_006_f002065.jpg,1
20260527_053115_CAHMSV_006_f002070.jpg,1
20260527_053115_CAHMSV_006_f002075.jpg,1
20260527_053115_CAHMSV_006_f002080.jpg,1
20260527_053115_CAHMSV_006_f002085.jpg,1
20260527_053115_CAHMSV_006_f002090.jpg,1
20260527_053115_CAHMSV_006_f002095.jpg,1
20260527_053115_CAHMSV_006_f002100.jpg,1
20260527_053115_CAHMSV_006_f002105.jpg,1
20260527_053115_CAHMSV_006_f002110.jpg,1
20260527_053115_CAHMSV_006_f002115.jpg,1
20260527_053115_CAHMSV_006_f002120.jpg,1
20260527_053115_CAHMSV_006_f002125.jpg,1
20260527_053115_CAHMSV_006_f002130.jpg,1
20260527_053115_CAHMSV_006_f002135.jpg,1
20260527_053115_CAHMSV_006_f002140.jpg,1
20260527_053115_CAHMSV_006_f002145.jpg,1
20260527_053115_CAHMSV_006_f002150.jpg,1
20260527_053115_CAHMSV_006_f002155.jpg,1
20260527_053115_CAHMSV_006_f002160.jpg,1
20260527_053115_CAHMSV_006_f002165.jpg,1
20260527_053115_CAHMSV_006_f002170.jpg,1
20260527_053115_CAHMSV_006_f002175.jpg,1
20260527_053115_CAHMSV_006_f002180.jpg,1
20260527_053115_CAHMSV_006_f002185.jpg,1
20260527_053115_CAHMSV_006_f002190.jpg,1
20260527_053115_CAHMSV_006_f002195.jpg,1
20260527_053115_CAHMSV_006_f002200.jpg,1
20260527_053115_CAHMSV_006_f002205.jpg,1
20260527_053115_CAHMSV_006_f002210.jpg,1
20260527_053115_CAHMSV_006_f002215.jpg,1
20260527_053115_CAHMSV_006_f002220.jpg,1
20260527_053115_CAHMSV_006_f002225.jpg,1
20260527_053115_CAHMSV_006_f002230.jpg,1
20260527_053115_CAHMSV_006_f002235.jpg,1
20260527_053115_CAHMSV_006_f002240.jpg,1
20260527_053115_CAHMSV_006_f002245.jpg,1
20260527_053115_CAHMSV_006_f002250.jpg,1
20260527_053115_CAHMSV_006_f002255.jpg,1
20260527_053115_CAHMSV_006_f002260.jpg,1
20260527_053115_CAHMSV_006_f002265.jpg,1
20260527_053115_CAHMSV_006_f002270.jpg,1
20260527_053115_CAHMSV_006_f002275.jpg,1
20260527_053115_CAHMSV_006_f002280.jpg,1
20260527_053115_CAHMSV_006_f002285.jpg,1
20260527_053115_CAHMSV_006_f002290.jpg,1
20260527_053115_CAHMSV_006_f002295.jpg,1
20260527_053115_CAHMSV_006_f002300.jpg,1
20260527_053115_CAHMSV_006_f002305.jpg,1
20260527_053115_CAHMSV_006_f002310.jpg,1
20260527_053115_CAHMSV_006_f002315.jpg,1
20260527_053115_CAHMSV_006_f002320.jpg,1
20260527_053115_CAHMSV_006_f002325.jpg,1
20260527_053115_CAHMSV_006_f002330.jpg,1
20260527_053115_CAHMSV_006_f002335.jpg,1
20260527_053115_CAHMSV_006_f002340.jpg,1
20260527_053115_CAHMSV_006_f002345.jpg,1
20260527_053115_CAHMSV_006_f002350.jpg,1
20260527_053115_CAHMSV_006_f002355.jpg,1
20260527_053115_CAHMSV_006_f002360.jpg,1
20260527_053115_CAHMSV_006_f002365.jpg,1
20260527_053115_CAHMSV_006_f002370.jpg,1
20260527_053115_CAHMSV_006_f002375.jpg,1
20260527_053115_CAHMSV_006_f002380.jpg,1
20260527_053115_CAHMSV_006_f002385.jpg,1
20260527_053115_CAHMSV_006_f002390.jpg,1
20260527_053115_CAHMSV_006_f002395.jpg,1
20260527_053115_CAHMSV_006_f002400.jpg,1
20260527_053115_CAHMSV_006_f002405.jpg,1
20260527_053115_CAHMSV_006_f002410.jpg,1
20260527_053115_CAHMSV_006_f002415.jpg,1
20260527_053115_CAHMSV_006_f002420.jpg,1
20260527_053115_CAHMSV_006_f002425.jpg,1
20260527_053115_CAHMSV_006_f002430.jpg,1
20260527_053115_CAHMSV_006_f002435.jpg,1
20260527_053115_CAHMSV_006_f002440.jpg,1
20260527_053115_CAHMSV_006_f002445.jpg,1
20260527_053115_CAHMSV_006_f002450.jpg,1
20260527_053115_CAHMSV_006_f002455.jpg,1
20260527_053115_CAHMSV_006_f002460.jpg,1
20260527_053115_CAHMSV_006_f002465.jpg,1
20260527_053115_CAHMSV_006_f002470.jpg,1
20260527_053115_CAHMSV_006_f002475.jpg,1
20260527_053115_CAHMSV_006_f002480.jpg,1
20260527_053115_CAHMSV_006_f002485.jpg,1
20260527_053115_CAHMSV_006_f002490.jpg,1
20260527_053115_CAHMSV_006_f002495.jpg,1
20260527_053115_CAHMSV_006_f002500.jpg,1
20260527_053115_CAHMSV_006_f002505.jpg,1
20260527_053115_CAHMSV_006_f002510.jpg,1
20260527_053115_CAHMSV_006_f002515.jpg,1
20260527_053115_CAHMSV_006_f002520.jpg,1
20260527_053115_CAHMSV_006_f002525.jpg,1
20260527_053115_CAHMSV_006_f002530.jpg,1
20260527_053115_CAHMSV_006_f002535.jpg,1
20260527_053115_CAHMSV_006_f002540.jpg,1
20260527_053115_CAHMSV_006_f002545.jpg,1
20260527_053115_CAHMSV_006_f002550.jpg,1
20260527_053115_CAHMSV_006_f002555.jpg,1
20260527_053115_CAHMSV_006_f002560.jpg,1
20260527_053115_CAHMSV_006_f002565.jpg,1
20260527_053115_CAHMSV_006_f002570.jpg,1
20260527_053115_CAHMSV_006_f002575.jpg,1
20260527_053115_CAHMSV_006_f002580.jpg,1
20260527_053115_CAHMSV_006_f002585.jpg,1
20260527_053115_CAHMSV_006_f002590.jpg,1
20260527_053115_CAHMSV_006_f002595.jpg,1
20260527_053115_CAHMSV_006_f002600.jpg,1
20260527_053115_CAHMSV_006_f002605.jpg,1
20260527_053115_CAHMSV_006_f002610.jpg,1
20260527_053115_CAHMSV_006_f002615.jpg,1
20260527_053115_CAHMSV_006_f002620.jpg,1
20260527_053115_CAHMSV_006_f002625.jpg,1
20260527_053115_CAHMSV_006_f002630.jpg,1
20260527_053115_CAHMSV_006_f002635.jpg,1
20260527_053115_CAHMSV_006_f002640.jpg,1
20260527_053115_CAHMSV_006_f002645.jpg,1
20260527_053115_CAHMSV_006_f002650.jpg,1
20260527_053115_CAHMSV_006_f002655.jpg,1
20260527_053115_CAHMSV_006_f002660.jpg,1
20260527_053115_CAHMSV_006_f002665.jpg,1
20260527_053115_CAHMSV_006_f002670.jpg,1
20260527_053115_CAHMSV_006_f002675.jpg,1
20260527_053115_CAHMSV_006_f002680.jpg,1
20260527_053115_CAHMSV_006_f002685.jpg,1
20260527_053115_CAHMSV_006_f002690.jpg,1
20260527_053115_CAHMSV_006_f002695.jpg,1
20260527_053115_CAHMSV_006_f002700.jpg,1
20260527_053115_CAHMSV_006_f002705.jpg,1
20260527_053115_CAHMSV_006_f002710.jpg,1
20260527_053115_CAHMSV_006_f002715.jpg,1
20260527_053115_CAHMSV_006_f002720.jpg,1
20260527_053115_CAHMSV_006_f002725.jpg,1
20260527_053115_CAHMSV_006_f002730.jpg,1
20260527_053115_CAHMSV_006_f002735.jpg,1
20260527_053115_CAHMSV_006_f002740.jpg,1
20260527_053115_CAHMSV_006_f002745.jpg,1
20260527_053115_CAHMSV_006_f002750.jpg,1
20260527_053115_CAHMSV_006_f002755.jpg,1
20260527_053115_CAHMSV_006_f002760.jpg,1
20260527_053115_CAHMSV_006_f002765.jpg,1
20260527_053115_CAHMSV_006_f002770.jpg,1
20260527_053115_CAHMSV_006_f002775.jpg,1
20260527_053115_CAHMSV_006_f002780.jpg,1
20260527_053115_CAHMSV_006_f002785.jpg,1
20260527_053115_CAHMSV_006_f002790.jpg,1
20260527_053115_CAHMSV_006_f002795.jpg,1
20260527_053115_CAHMSV_006_f002800.jpg,1
20260527_053115_CAHMSV_006_f002805.jpg,1
20260527_053115_CAHMSV_006_f002810.jpg,1
20260527_053115_CAHMSV_006_f002815.jpg,1
20260527_053115_CAHMSV_006_f002820.jpg,1
20260527_053115_CAHMSV_006_f002825.jpg,1
20260527_053115_CAHMSV_006_f002830.jpg,1
20260527_053115_CAHMSV_006_f002835.jpg,1
20260527_053115_CAHMSV_006_f002840.jpg,1
20260527_053115_CAHMSV_006_f002845.jpg,1
20260527_053115_CAHMSV_006_f002850.jpg,1
20260527_053115_CAHMSV_006_f002855.jpg,1
20260527_053115_CAHMSV_006_f002860.jpg,1
20260527_053115_CAHMSV_006_f002865.jpg,1
20260527_053115_CAHMSV_006_f002870.jpg,1
20260527_053115_CAHMSV_006_f002875.jpg,1
20260527_053115_CAHMSV_006_f002880.jpg,1
20260527_053115_CAHMSV_006_f002885.jpg,1
20260527_053115_CAHMSV_006_f002890.jpg,1
20260527_053115_CAHMSV_006_f002895.jpg,1
20260527_053115_CAHMSV_006_f002900.jpg,1
20260527_053115_CAHMSV_006_f002905.jpg,1
20260527_053115_CAHMSV_006_f002910.jpg,1
20260527_053115_CAHMSV_006_f002915.jpg,1
20260527_053115_CAHMSV_006_f002920.jpg,1
20260527_053115_CAHMSV_006_f002925.jpg,1
20260527_053115_CAHMSV_006_f002930.jpg,1
20260527_053115_CAHMSV_006_f002935.jpg,1
20260527_053115_CAHMSV_006_f002940.jpg,1
20260527_053115_CAHMSV_006_f002945.jpg,1
20260527_053115_CAHMSV_006_f002950.jpg,1
20260527_053115_CAHMSV_006_f002955.jpg,1
20260527_053115_CAHMSV_006_f002960.jpg,1
20260527_053115_CAHMSV_006_f002965.jpg,1
20260527_053115_CAHMSV_006_f002970.jpg,1
20260527_053115_CAHMSV_006_f002975.jpg,1
20260527_053115_CAHMSV_006_f002980.jpg,1
20260527_053115_CAHMSV_006_f002985.jpg,1
20260527_053115_CAHMSV_006_f002990.jpg,1
20260527_053115_CAHMSV_006_f002995.jpg,1
20260527_053115_CAHMSV_006_f003000.jpg,1
20260527_053115_CAHMSV_006_f003005.jpg,1
20260527_053115_CAHMSV_006_f003010.jpg,1
20260527_053115_CAHMSV_006_f003015.jpg,1
20260527_053115_CAHMSV_006_f003020.jpg,1
20260527_053115_CAHMSV_006_f003025.jpg,1
20260527_053115_CAHMSV_006_f003030.jpg,1
20260527_053115_CAHMSV_006_f003035.jpg,1
20260527_053115_CAHMSV_006_f003040.jpg,1
20260527_053115_CAHMSV_006_f003045.jpg,1
20260527_053115_CAHMSV_006_f003050.jpg,1
20260527_053115_CAHMSV_006_f003055.jpg,1
20260527_053115_CAHMSV_006_f003060.jpg,1
20260527_053115_CAHMSV_006_f003065.jpg,1
20260527_053115_CAHMSV_006_f003070.jpg,1
20260527_053115_CAHMSV_006_f003075.jpg,1
20260527_053115_CAHMSV_006_f003080.jpg,1
20260527_053115_CAHMSV_006_f003085.jpg,1
20260527_053115_CAHMSV_006_f003090.jpg,1
20260527_053115_CAHMSV_006_f003095.jpg,1
20260527_053115_CAHMSV_006_f003100.jpg,1
20260527_053115_CAHMSV_006_f003105.jpg,1
20260527_053115_CAHMSV_006_f003110.jpg,1
20260527_053115_CAHMSV_006_f003115.jpg,1
20260527_053115_CAHMSV_006_f003120.jpg,1
20260527_053115_CAHMSV_006_f003125.jpg,1
20260527_053115_CAHMSV_006_f003130.jpg,1
20260527_053115_CAHMSV_006_f003135.jpg,1
20260527_053115_CAHMSV_006_f003140.jpg,1
20260527_053115_CAHMSV_006_f003145.jpg,1
20260527_053115_CAHMSV_006_f003150.jpg,1
20260527_053115_CAHMSV_006_f003155.jpg,1
20260527_053115_CAHMSV_006_f003160.jpg,1
20260527_053115_CAHMSV_006_f003165.jpg,1
20260527_053115_CAHMSV_006_f003170.jpg,1
20260527_053115_CAHMSV_006_f003175.jpg,1
20260527_053115_CAHMSV_006_f003180.jpg,1
20260527_053115_CAHMSV_006_f003185.jpg,1
20260527_053115_CAHMSV_006_f003190.jpg,1
20260527_053115_CAHMSV_006_f003195.jpg,1
20260527_053115_CAHMSV_006_f003200.jpg,1
20260527_053115_CAHMSV_006_f003205.jpg,1
20260527_053115_CAHMSV_006_f003210.jpg,1
20260527_053115_CAHMSV_006_f003215.jpg,1
20260527_053115_CAHMSV_006_f003220.jpg,1
20260527_053115_CAHMSV_006_f003225.jpg,1
20260527_053115_CAHMSV_006_f003230.jpg,1
20260527_053115_CAHMSV_006_f003235.jpg,1
20260527_053115_CAHMSV_006_f003240.jpg,1
20260527_053115_CAHMSV_006_f003245.jpg,1
20260527_053115_CAHMSV_006_f003250.jpg,1
20260527_053115_CAHMSV_006_f003255.jpg,1
20260527_053115_CAHMSV_006_f003260.jpg,1
20260527_053115_CAHMSV_006_f003265.jpg,1
20260527_053115_CAHMSV_006_f003270.jpg,1
20260527_053115_CAHMSV_006_f003275.jpg,1
20260527_053115_CAHMSV_006_f003280.jpg,1
20260527_053115_CAHMSV_006_f003285.jpg,1
20260527_053115_CAHMSV_006_f003290.jpg,1
20260527_053115_CAHMSV_006_f003295.jpg,1
20260527_053115_CAHMSV_006_f003300.jpg,1
20260527_053115_CAHMSV_006_f003305.jpg,1
20260527_053115_CAHMSV_006_f003310.jpg,1
20260527_053115_CAHMSV_006_f003315.jpg,1
20260527_053115_CAHMSV_006_f003320.jpg,1
20260527_053115_CAHMSV_006_f003325.jpg,1
20260527_053115_CAHMSV_006_f003330.jpg,1
20260527_053115_CAHMSV_006_f003335.jpg,1
20260527_053115_CAHMSV_006_f003340.jpg,1
20260527_053115_CAHMSV_006_f003345.jpg,1
20260527_053115_CAHMSV_006_f003350.jpg,1
20260527_053115_CAHMSV_006_f003355.jpg,1
20260527_053115_CAHMSV_006_f003360.jpg,1
20260527_053115_CAHMSV_006_f003365.jpg,1
20260527_053115_CAHMSV_006_f003370.jpg,1
20260527_053115_CAHMSV_006_f003375.jpg,1
20260527_053115_CAHMSV_006_f003380.jpg,1
20260527_053115_CAHMSV_006_f003385.jpg,1
20260527_053115_CAHMSV_006_f003390.jpg,1
20260527_053115_CAHMSV_006_f003395.jpg,1
20260527_053115_CAHMSV_006_f003400.jpg,1
20260527_053115_CAHMSV_006_f003405.jpg,1
20260527_053115_CAHMSV_006_f003410.jpg,1
20260527_053115_CAHMSV_006_f003415.jpg,1
20260527_053115_CAHMSV_006_f003420.jpg,1
20260527_053115_CAHMSV_006_f003425.jpg,1
20260527_053115_CAHMSV_006_f003430.jpg,1
20260527_053115_CAHMSV_006_f003435.jpg,1
20260527_053115_CAHMSV_006_f003440.jpg,1
20260527_053115_CAHMSV_006_f003445.jpg,1
20260527_053115_CAHMSV_006_f003450.jpg,1
20260527_053115_CAHMSV_006_f003455.jpg,1
20260527_053115_CAHMSV_006_f003460.jpg,1
20260527_053115_CAHMSV_006_f003465.jpg,1
20260527_053115_CAHMSV_006_f003470.jpg,1
20260527_053115_CAHMSV_006_f003475.jpg,1
20260527_053115_CAHMSV_006_f003480.jpg,1
20260527_053115_CAHMSV_006_f003485.jpg,1
20260527_053115_CAHMSV_006_f003490.jpg,1
20260527_053115_CAHMSV_006_f003495.jpg,1
20260527_053115_CAHMSV_006_f003500.jpg,1
20260527_053115_CAHMSV_006_f003505.jpg,1
20260527_053115_CAHMSV_006_f003510.jpg,1
20260527_053115_CAHMSV_006_f003515.jpg,1
20260527_053115_CAHMSV_006_f003520.jpg,1
20260527_053115_CAHMSV_006_f003525.jpg,1
20260527_053115_CAHMSV_006_f003530.jpg,1
20260527_053115_CAHMSV_006_f003535.jpg,1
20260527_053115_CAHMSV_006_f003540.jpg,1
20260527_053115_CAHMSV_006_f003545.jpg,1
20260527_053115_CAHMSV_006_f003550.jpg,1
20260527_053115_CAHMSV_006_f003555.jpg,1
20260527_053115_CAHMSV_006_f003560.jpg,1
20260527_053115_CAHMSV_006_f003565.jpg,1
20260527_053115_CAHMSV_006_f003570.jpg,1
20260527_053115_CAHMSV_006_f003575.jpg,1
20260527_053115_CAHMSV_006_f003580.jpg,1
20260527_053115_CAHMSV_006_f003585.jpg,1
20260527_053115_CAHMSV_006_f003590.jpg,1
20260527_053115_CAHMSV_006_f003595.jpg,1
20260527_053115_CAHMSV_006_f003600.jpg,1
20260527_053115_CAHMSV_006_f003605.jpg,1
20260527_053115_CAHMSV_006_f003610.jpg,1
20260527_053115_CAHMSV_006_f003615.jpg,1
20260527_053115_CAHMSV_006_f003620.jpg,1
20260527_053115_CAHMSV_006_f003625.jpg,1
20260527_053115_CAHMSV_006_f003630.jpg,1
20260527_053115_CAHMSV_006_f003635.jpg,1
20260527_053115_CAHMSV_006_f003640.jpg,1
20260527_053115_CAHMSV_006_f003645.jpg,1
20260527_053115_CAHMSV_006_f003650.jpg,1
20260527_053115_CAHMSV_006_f003655.jpg,1
20260527_053115_CAHMSV_006_f003660.jpg,1
20260527_053115_CAHMSV_006_f003665.jpg,1
20260527_053115_CAHMSV_006_f003670.jpg,1
20260527_053115_CAHMSV_006_f003675.jpg,1
20260527_053115_CAHMSV_006_f003680.jpg,1
20260527_053115_CAHMSV_006_f003685.jpg,1
20260527_053115_CAHMSV_006_f003690.jpg,1
20260527_053115_CAHMSV_006_f003695.jpg,1
20260527_053115_CAHMSV_006_f003700.jpg,1
20260527_053115_CAHMSV_006_f003705.jpg,1
20260527_053115_CAHMSV_006_f003710.jpg,1
20260527_053115_CAHMSV_006_f003715.jpg,1
20260527_053115_CAHMSV_006_f003720.jpg,1
20260527_053115_CAHMSV_006_f003725.jpg,1
20260527_053115_CAHMSV_006_f003730.jpg,1
20260527_053115_CAHMSV_006_f003735.jpg,1
20260527_053115_CAHMSV_006_f003740.jpg,1
20260527_053115_CAHMSV_006_f003745.jpg,1
20260527_053115_CAHMSV_006_f003750.jpg,1
20260527_053115_CAHMSV_006_f003755.jpg,1
20260527_053115_CAHMSV_006_f003760.jpg,1
20260527_053115_CAHMSV_006_f003765.jpg,1
20260527_053115_CAHMSV_006_f003770.jpg,1
20260527_053115_CAHMSV_006_f003775.jpg,1
20260527_053115_CAHMSV_006_f003780.jpg,1
20260527_053115_CAHMSV_006_f003785.jpg,1
20260527_053115_CAHMSV_006_f003790.jpg,1
20260527_053115_CAHMSV_006_f003795.jpg,1
20260527_053115_CAHMSV_006_f003800.jpg,1
20260527_053115_CAHMSV_006_f003805.jpg,1
20260527_053115_CAHMSV_006_f003810.jpg,1
20260527_053115_CAHMSV_006_f003815.jpg,1
20260527_053115_CAHMSV_006_f003820.jpg,1
20260527_053115_CAHMSV_006_f003825.jpg,1
20260527_053115_CAHMSV_006_f003830.jpg,1
20260527_053115_CAHMSV_006_f003835.jpg,1
20260527_053115_CAHMSV_006_f003840.jpg,1
20260527_053115_CAHMSV_006_f003845.jpg,1
20260527_053115_CAHMSV_006_f003850.jpg,1
20260527_053115_CAHMSV_006_f003855.jpg,1
20260527_053115_CAHMSV_006_f003860.jpg,1
20260527_053115_CAHMSV_006_f003865.jpg,1
20260527_053115_CAHMSV_006_f003870.jpg,1
20260527_053115_CAHMSV_006_f003875.jpg,1
20260527_053115_CAHMSV_006_f003880.jpg,1
20260527_053115_CAHMSV_006_f003885.jpg,1
20260527_053115_CAHMSV_006_f003890.jpg,1
20260527_053115_CAHMSV_006_f003895.jpg,1
20260527_053115_CAHMSV_006_f003900.jpg,1
20260527_053115_CAHMSV_006_f003905.jpg,1
20260527_053115_CAHMSV_006_f003910.jpg,1
20260527_053115_CAHMSV_006_f003915.jpg,1
20260527_053115_CAHMSV_006_f003920.jpg,1
20260527_053115_CAHMSV_006_f003925.jpg,1
20260527_053115_CAHMSV_006_f003930.jpg,1
20260527_053115_CAHMSV_006_f003935.jpg,1
20260527_053115_CAHMSV_006_f003940.jpg,1
20260527_053115_CAHMSV_006_f003945.jpg,1
20260527_053115_CAHMSV_006_f003950.jpg,1
20260527_053115_CAHMSV_006_f003955.jpg,1
20260527_053115_CAHMSV_006_f003960.jpg,1
20260527_053115_CAHMSV_006_f003965.jpg,1
20260527_053115_CAHMSV_006_f003970.jpg,1
20260527_053115_CAHMSV_006_f003975.jpg,1
20260527_053115_CAHMSV_006_f003980.jpg,1
20260527_053115_CAHMSV_006_f003985.jpg,1
20260527_053115_CAHMSV_006_f003990.jpg,1
20260527_053115_CAHMSV_006_f003995.jpg,1
20260527_053115_CAHMSV_006_f004000.jpg,1
20260527_053115_CAHMSV_006_f004005.jpg,1
20260527_053115_CAHMSV_006_f004010.jpg,1
20260527_053115_CAHMSV_006_f004015.jpg,1
20260527_053115_CAHMSV_006_f004020.jpg,1
20260527_053115_CAHMSV_006_f004025.jpg,1
20260527_053115_CAHMSV_006_f004030.jpg,1
20260527_053115_CAHMSV_006_f004035.jpg,1
20260527_053115_CAHMSV_006_f004040.jpg,1
20260527_053115_CAHMSV_006_f004045.jpg,1
20260527_053115_CAHMSV_006_f004050.jpg,1
20260527_053115_CAHMSV_006_f004055.jpg,1
20260527_053115_CAHMSV_006_f004060.jpg,1
20260527_053115_CAHMSV_006_f004065.jpg,1
20260527_053115_CAHMSV_006_f004070.jpg,1
20260527_053115_CAHMSV_006_f004075.jpg,1
20260527_053115_CAHMSV_006_f004080.jpg,1
20260527_053115_CAHMSV_006_f004085.jpg,1
20260527_053115_CAHMSV_006_f004090.jpg,1
20260527_053115_CAHMSV_006_f004095.jpg,1
20260527_053115_CAHMSV_006_f004100.jpg,1
20260527_053115_CAHMSV_006_f004105.jpg,1
20260527_053115_CAHMSV_006_f004110.jpg,1
20260527_053115_CAHMSV_006_f004115.jpg,1
20260527_053115_CAHMSV_006_f004120.jpg,1
20260527_053115_CAHMSV_006_f004125.jpg,1
20260527_053115_CAHMSV_006_f004130.jpg,1
20260527_053115_CAHMSV_006_f004135.jpg,1
20260527_053115_CAHMSV_006_f004140.jpg,1
20260527_053115_CAHMSV_006_f004145.jpg,1
20260527_053115_CAHMSV_006_f004150.jpg,1
20260527_053115_CAHMSV_006_f004155.jpg,1
20260527_053115_CAHMSV_006_f004160.jpg,1
20260527_053115_CAHMSV_006_f004165.jpg,1
20260527_053115_CAHMSV_006_f004170.jpg,1
20260527_053115_CAHMSV_006_f004175.jpg,1
20260527_053115_CAHMSV_006_f004180.jpg,1
20260527_053115_CAHMSV_006_f004185.jpg,1
20260527_053115_CAHMSV_006_f004190.jpg,1
20260527_053115_CAHMSV_006_f004195.jpg,1
20260527_053115_CAHMSV_006_f004200.jpg,1
20260527_053115_CAHMSV_006_f004205.jpg,1
20260527_053115_CAHMSV_006_f004210.jpg,1
20260527_053115_CAHMSV_006_f004215.jpg,1
20260527_053115_CAHMSV_006_f004220.jpg,1
20260527_053115_CAHMSV_006_f004225.jpg,1
20260527_053115_CAHMSV_006_f004230.jpg,1
20260527_053115_CAHMSV_006_f004235.jpg,1
20260527_053115_CAHMSV_006_f004240.jpg,1
20260527_053115_CAHMSV_006_f004245.jpg,1
20260527_053115_CAHMSV_006_f004250.jpg,1
20260527_053115_CAHMSV_006_f004255.jpg,1
20260527_053115_CAHMSV_006_f004260.jpg,1
20260527_053115_CAHMSV_006_f004265.jpg,1
20260527_053115_CAHMSV_006_f004270.jpg,1
20260527_053115_CAHMSV_006_f004275.jpg,1
20260527_053115_CAHMSV_006_f004280.jpg,1
20260527_053115_CAHMSV_006_f004285.jpg,1
20260527_053115_CAHMSV_006_f004290.jpg,1
20260527_053115_CAHMSV_006_f004295.jpg,1
20260527_053115_CAHMSV_006_f004300.jpg,1
20260527_053115_CAHMSV_006_f004305.jpg,1
20260527_053115_CAHMSV_006_f004310.jpg,1
20260527_053115_CAHMSV_006_f004315.jpg,1
20260527_053115_CAHMSV_006_f004320.jpg,1
20260527_053115_CAHMSV_006_f004325.jpg,1
20260527_053115_CAHMSV_006_f004330.jpg,1
20260527_053115_CAHMSV_006_f004335.jpg,1
20260527_053115_CAHMSV_006_f004340.jpg,1
20260527_053115_CAHMSV_006_f004345.jpg,1
20260527_053115_CAHMSV_006_f004350.jpg,1
20260527_053115_CAHMSV_006_f004355.jpg,1
20260527_053115_CAHMSV_006_f004360.jpg,1
20260527_053115_CAHMSV_006_f004365.jpg,1
20260527_053115_CAHMSV_006_f004370.jpg,1
20260527_053115_CAHMSV_006_f004375.jpg,1
20260527_053115_CAHMSV_006_f004380.jpg,1
20260527_053115_CAHMSV_006_f004385.jpg,1
20260527_053115_CAHMSV_006_f004390.jpg,1
20260527_053115_CAHMSV_006_f004395.jpg,1
20260527_053115_CAHMSV_006_f004400.jpg,1
20260527_053115_CAHMSV_006_f004405.jpg,1
20260527_053115_CAHMSV_006_f004410.jpg,1
20260527_053115_CAHMSV_006_f004415.jpg,1
20260527_053115_CAHMSV_006_f004420.jpg,1
20260527_053115_CAHMSV_006_f004425.jpg,1
20260527_053115_CAHMSV_006_f004430.jpg,1
20260527_053115_CAHMSV_006_f004435.jpg,1
20260527_053115_CAHMSV_006_f004440.jpg,1
20260527_053115_CAHMSV_006_f004445.jpg,1
20260527_053115_CAHMSV_006_f004450.jpg,1
20260527_053115_CAHMSV_006_f004455.jpg,1
20260527_053115_CAHMSV_006_f004460.jpg,1
20260527_053115_CAHMSV_006_f004465.jpg,1
20260527_053115_CAHMSV_006_f004470.jpg,1
20260527_053115_CAHMSV_006_f004475.jpg,1
20260527_053115_CAHMSV_006_f004480.jpg,1
20260527_053115_CAHMSV_006_f004485.jpg,1
20260527_053115_CAHMSV_006_f004490.jpg,1
20260527_053115_CAHMSV_006_f004495.jpg,1
20260527_053115_CAHMSV_006_f004500.jpg,1
20260527_053115_CAHMSV_006_f004505.jpg,1
20260527_053115_CAHMSV_006_f004510.jpg,1
20260527_053115_CAHMSV_006_f004515.jpg,1
20260527_053115_CAHMSV_006_f004520.jpg,1
20260527_053115_CAHMSV_006_f004525.jpg,1
20260527_053115_CAHMSV_006_f004530.jpg,1
20260527_053115_CAHMSV_006_f004535.jpg,1
20260527_053115_CAHMSV_006_f004540.jpg,1
20260527_053115_CAHMSV_006_f004545.jpg,1
20260527_053115_CAHMSV_006_f004550.jpg,1
20260527_053115_CAHMSV_006_f004555.jpg,1
20260527_053115_CAHMSV_006_f004560.jpg,1
20260527_053115_CAHMSV_006_f004565.jpg,1
20260527_053115_CAHMSV_006_f004570.jpg,1
20260527_053115_CAHMSV_006_f004575.jpg,1
20260527_053115_CAHMSV_006_f004580.jpg,1
20260527_053115_CAHMSV_006_f004585.jpg,1
20260527_053115_CAHMSV_006_f004590.jpg,1
20260527_053115_CAHMSV_006_f004595.jpg,1
20260527_053115_CAHMSV_006_f004600.jpg,1
20260527_053115_CAHMSV_006_f004605.jpg,1
20260527_053115_CAHMSV_006_f004610.jpg,1
20260527_053115_CAHMSV_006_f004615.jpg,1
20260527_053115_CAHMSV_006_f004620.jpg,1
20260527_053115_CAHMSV_006_f004625.jpg,1
20260527_053115_CAHMSV_006_f004630.jpg,1
20260527_053115_CAHMSV_006_f004635.jpg,1
20260527_053115_CAHMSV_006_f004640.jpg,1
20260527_053115_CAHMSV_006_f004645.jpg,1
20260527_053115_CAHMSV_006_f004650.jpg,1
20260527_053115_CAHMSV_006_f004655.jpg,1
20260527_053115_CAHMSV_006_f004660.jpg,1
20260527_053115_CAHMSV_006_f004665.jpg,1
20260527_053115_CAHMSV_006_f004670.jpg,1
20260527_053115_CAHMSV_006_f004675.jpg,1
20260527_053115_CAHMSV_006_f004680.jpg,1
20260527_053115_CAHMSV_006_f004685.jpg,1
20260527_053115_CAHMSV_006_f004690.jpg,1
20260527_053115_CAHMSV_006_f004695.jpg,1
20260527_053115_CAHMSV_006_f004700.jpg,1
20260527_053115_CAHMSV_006_f004705.jpg,1
20260527_053115_CAHMSV_006_f004710.jpg,1
20260527_053115_CAHMSV_006_f004715.jpg,1
20260527_053115_CAHMSV_006_f004720.jpg,1
20260527_053115_CAHMSV_006_f004725.jpg,1
20260527_053115_CAHMSV_006_f004730.jpg,1
20260527_053115_CAHMSV_006_f004735.jpg,1
20260527_053115_CAHMSV_006_f004740.jpg,1
20260527_053115_CAHMSV_006_f004745.jpg,1
20260527_053115_CAHMSV_006_f004750.jpg,1
20260527_053115_CAHMSV_006_f004755.jpg,1
20260527_053115_CAHMSV_006_f004760.jpg,1
20260527_053115_CAHMSV_006_f004765.jpg,1
20260527_053115_CAHMSV_006_f004770.jpg,1
20260527_053115_CAHMSV_006_f004775.jpg,1
20260527_053115_CAHMSV_006_f004780.jpg,1
20260527_053115_CAHMSV_006_f004785.jpg,1
20260527_053115_CAHMSV_006_f004790.jpg,1
20260527_053115_CAHMSV_006_f004795.jpg,1
20260527_053115_CAHMSV_006_f004800.jpg,1
20260527_053115_CAHMSV_006_f004805.jpg,1
20260527_053115_CAHMSV_006_f004810.jpg,1
20260527_053115_CAHMSV_006_f004815.jpg,1
20260527_053115_CAHMSV_006_f004820.jpg,1
20260527_053115_CAHMSV_006_f004825.jpg,1
20260527_053115_CAHMSV_006_f004830.jpg,1
20260527_053115_CAHMSV_006_f004835.jpg,1
20260527_053115_CAHMSV_006_f004840.jpg,1
20260527_053115_CAHMSV_006_f004845.jpg,1
20260527_053115_CAHMSV_006_f004850.jpg,1
20260527_053115_CAHMSV_006_f004855.jpg,1
20260527_053115_CAHMSV_006_f004860.jpg,1
20260527_053115_CAHMSV_006_f004865.jpg,1
20260527_053115_CAHMSV_006_f004870.jpg,1
20260527_053115_CAHMSV_006_f004875.jpg,1
20260527_053115_CAHMSV_006_f004880.jpg,1
20260527_053115_CAHMSV_006_f004885.jpg,1
20260527_053115_CAHMSV_006_f004890.jpg,1
20260527_053115_CAHMSV_006_f004895.jpg,1
20260527_053115_CAHMSV_006_f004900.jpg,1
20260527_053115_CAHMSV_006_f004905.jpg,1
20260527_053115_CAHMSV_006_f004910.jpg,1
20260527_053115_CAHMSV_006_f004915.jpg,1
20260527_053115_CAHMSV_006_f004920.jpg,1
20260527_053115_CAHMSV_006_f004925.jpg,1
20260527_053115_CAHMSV_006_f004930.jpg,1
20260527_053115_CAHMSV_006_f004935.jpg,1
20260527_053115_CAHMSV_006_f004940.jpg,1
20260527_053115_CAHMSV_006_f004945.jpg,1
20260527_053115_CAHMSV_006_f004950.jpg,1
20260527_053115_CAHMSV_006_f004955.jpg,1
20260527_053115_CAHMSV_006_f004960.jpg,1
20260527_053115_CAHMSV_006_f004965.jpg,1
20260527_053115_CAHMSV_006_f004970.jpg,1
20260527_053115_CAHMSV_006_f004975.jpg,1
20260527_053115_CAHMSV_006_f004980.jpg,1
20260527_053115_CAHMSV_006_f004985.jpg,1
20260527_053115_CAHMSV_006_f004990.jpg,1
20260527_053115_CAHMSV_006_f004995.jpg,1
20260527_053115_CAHMSV_006_f005000.jpg,1
20260527_053115_CAHMSV_006_f005005.jpg,1
20260527_053115_CAHMSV_006_f005010.jpg,1
20260527_053115_CAHMSV_006_f005015.jpg,1
20260527_053115_CAHMSV_006_f005020.jpg,1
20260527_053115_CAHMSV_006_f005025.jpg,1
20260527_053115_CAHMSV_006_f005030.jpg,1
20260527_053115_CAHMSV_006_f005035.jpg,1
20260527_053115_CAHMSV_006_f005040.jpg,1
20260527_053115_CAHMSV_006_f005045.jpg,1
20260527_053115_CAHMSV_006_f005050.jpg,1
20260527_053115_CAHMSV_006_f005055.jpg,1
20260527_053115_CAHMSV_006_f005060.jpg,1
20260527_053115_CAHMSV_006_f005065.jpg,1
20260527_053115_CAHMSV_006_f005070.jpg,1
20260527_053115_CAHMSV_006_f005075.jpg,1
20260527_053115_CAHMSV_006_f005080.jpg,1
20260527_053115_CAHMSV_006_f005085.jpg,1
20260527_053115_CAHMSV_006_f005090.jpg,1
20260527_053115_CAHMSV_006_f005095.jpg,1
20260527_053115_CAHMSV_006_f005100.jpg,1
20260527_053115_CAHMSV_006_f005105.jpg,1
20260527_053115_CAHMSV_006_f005110.jpg,1
20260527_053115_CAHMSV_006_f005115.jpg,1
20260527_053115_CAHMSV_006_f005120.jpg,1
20260527_053115_CAHMSV_006_f005125.jpg,1
20260527_053115_CAHMSV_006_f005130.jpg,1
20260527_053115_CAHMSV_006_f005135.jpg,1
20260527_053115_CAHMSV_006_f005140.jpg,1
20260527_053115_CAHMSV_006_f005145.jpg,1
20260527_053115_CAHMSV_006_f005150.jpg,1
20260527_053115_CAHMSV_006_f005155.jpg,1
20260527_053115_CAHMSV_006_f005160.jpg,1
20260527_053115_CAHMSV_006_f005165.jpg,1
20260527_053115_CAHMSV_006_f005170.jpg,1
20260527_053115_CAHMSV_006_f005175.jpg,1
20260527_053115_CAHMSV_006_f005180.jpg,1
20260527_053115_CAHMSV_006_f005185.jpg,1
20260527_053115_CAHMSV_006_f005190.jpg,1
20260527_053115_CAHMSV_006_f005195.jpg,1
20260527_053115_CAHMSV_006_f005200.jpg,1
20260527_053115_CAHMSV_006_f005205.jpg,1
20260527_053115_CAHMSV_006_f005210.jpg,1
20260527_053115_CAHMSV_006_f005215.jpg,1
20260527_053115_CAHMSV_006_f005220.jpg,1
20260527_053115_CAHMSV_006_f005225.jpg,1
20260527_053115_CAHMSV_006_f005230.jpg,1
20260527_053115_CAHMSV_006_f005235.jpg,1
20260527_053115_CAHMSV_006_f005240.jpg,1
20260527_053115_CAHMSV_006_f005245.jpg,1
20260527_053115_CAHMSV_006_f005250.jpg,1
20260527_053115_CAHMSV_006_f005255.jpg,1
20260527_053115_CAHMSV_006_f005260.jpg,1
20260527_053115_CAHMSV_006_f005265.jpg,1
20260527_053115_CAHMSV_006_f005270.jpg,1
20260527_053115_CAHMSV_006_f005275.jpg,1
20260527_053115_CAHMSV_006_f005280.jpg,1
20260527_053115_CAHMSV_006_f005285.jpg,1
20260527_053115_CAHMSV_006_f005290.jpg,1
20260527_053115_CAHMSV_006_f005295.jpg,1
20260527_053115_CAHMSV_006_f005300.jpg,1
20260527_053115_CAHMSV_006_f005305.jpg,1
20260527_053115_CAHMSV_006_f005310.jpg,1
20260527_053115_CAHMSV_006_f005315.jpg,1
20260527_053115_CAHMSV_006_f005320.jpg,1
20260527_053115_CAHMSV_006_f005325.jpg,1
20260527_053115_CAHMSV_006_f005330.jpg,1
20260527_053115_CAHMSV_006_f005335.jpg,1
20260527_053115_CAHMSV_006_f005340.jpg,1
20260527_053115_CAHMSV_006_f005345.jpg,1
20260527_053115_CAHMSV_006_f005350.jpg,1
20260527_053115_CAHMSV_006_f005355.jpg,1
20260527_053115_CAHMSV_006_f005360.jpg,1
20260527_053115_CAHMSV_006_f005365.jpg,1
20260527_053115_CAHMSV_006_f005370.jpg,1
20260527_053115_CAHMSV_006_f005375.jpg,1
20260527_053115_CAHMSV_006_f005380.jpg,1
20260527_053115_CAHMSV_006_f005385.jpg,1
20260527_053115_CAHMSV_006_f005390.jpg,1
20260527_053115_CAHMSV_006_f005395.jpg,1
20260527_053115_CAHMSV_006_f005400.jpg,1
20260527_053115_CAHMSV_006_f005405.jpg,1
20260527_053115_CAHMSV_006_f005410.jpg,1
20260527_053115_CAHMSV_006_f005415.jpg,1
20260527_053115_CAHMSV_006_f005420.jpg,1
20260527_053115_CAHMSV_006_f005425.jpg,1
20260527_053115_CAHMSV_006_f005430.jpg,1
20260527_053115_CAHMSV_006_f005435.jpg,1
20260527_053115_CAHMSV_006_f005440.jpg,1
20260527_053115_CAHMSV_006_f005445.jpg,1
20260527_053115_CAHMSV_006_f005450.jpg,1
20260527_053115_CAHMSV_006_f005455.jpg,1
20260527_053115_CAHMSV_006_f005460.jpg,1
20260527_053115_CAHMSV_006_f005465.jpg,1
20260527_053115_CAHMSV_006_f005470.jpg,1
20260527_053115_CAHMSV_006_f005475.jpg,1
20260527_053115_CAHMSV_006_f005480.jpg,1
20260527_053115_CAHMSV_006_f005485.jpg,1
20260527_053115_CAHMSV_006_f005490.jpg,1
20260527_053115_CAHMSV_006_f005495.jpg,1
20260527_053115_CAHMSV_006_f005500.jpg,1
20260527_053115_CAHMSV_006_f005505.jpg,1
20260527_053115_CAHMSV_006_f005510.jpg,1
20260527_053115_CAHMSV_006_f005515.jpg,1
20260527_053115_CAHMSV_006_f005520.jpg,1
20260527_053115_CAHMSV_006_f005525.jpg,1
20260527_053115_CAHMSV_006_f005530.jpg,1
20260527_053115_CAHMSV_006_f005535.jpg,1
20260527_053115_CAHMSV_006_f005540.jpg,1
20260527_053115_CAHMSV_006_f005545.jpg,1
20260527_053115_CAHMSV_006_f005550.jpg,1
20260527_053115_CAHMSV_006_f005555.jpg,1
20260527_053115_CAHMSV_006_f005560.jpg,1
20260527_053115_CAHMSV_006_f005565.jpg,1
20260527_053115_CAHMSV_006_f005570.jpg,1
20260527_053115_CAHMSV_006_f005575.jpg,1
20260527_053115_CAHMSV_006_f005580.jpg,1
20260527_053115_CAHMSV_006_f005585.jpg,1
20260527_053115_CAHMSV_006_f005590.jpg,1
20260527_053115_CAHMSV_006_f005595.jpg,1
20260527_053115_CAHMSV_006_f005600.jpg,1
20260527_053115_CAHMSV_006_f005605.jpg,1
20260527_053115_CAHMSV_006_f005610.jpg,1
20260527_053115_CAHMSV_006_f005615.jpg,1
20260527_053115_CAHMSV_006_f005620.jpg,1
20260527_053115_CAHMSV_006_f005625.jpg,1
20260527_053115_CAHMSV_006_f005630.jpg,1
20260527_053115_CAHMSV_006_f005635.jpg,1
20260527_053115_CAHMSV_006_f005640.jpg,1
20260527_053115_CAHMSV_006_f005645.jpg,1
20260527_053115_CAHMSV_006_f005650.jpg,1
20260527_053115_CAHMSV_006_f005655.jpg,1
20260527_053115_CAHMSV_006_f005660.jpg,1
20260527_053115_CAHMSV_006_f005665.jpg,1
20260527_053115_CAHMSV_006_f005670.jpg,1
20260527_053115_CAHMSV_006_f005675.jpg,1
20260527_053115_CAHMSV_006_f005680.jpg,1
20260527_053115_CAHMSV_006_f005685.jpg,1
20260527_053115_CAHMSV_006_f005690.jpg,1
20260527_053115_CAHMSV_006_f005695.jpg,1
20260527_053115_CAHMSV_006_f005700.jpg,1
20260527_053115_CAHMSV_006_f005705.jpg,1
20260527_053115_CAHMSV_006_f005710.jpg,1
20260527_053115_CAHMSV_006_f005715.jpg,1
20260527_053115_CAHMSV_006_f005720.jpg,1
20260527_053115_CAHMSV_006_f005725.jpg,1
20260527_053115_CAHMSV_006_f005730.jpg,1
20260527_053115_CAHMSV_006_f005735.jpg,1
20260527_053115_CAHMSV_006_f005740.jpg,1
20260527_053115_CAHMSV_006_f005745.jpg,1
20260527_053115_CAHMSV_006_f005750.jpg,1
20260527_053115_CAHMSV_006_f005755.jpg,1
20260527_053115_CAHMSV_006_f005760.jpg,1
20260527_053115_CAHMSV_006_f005765.jpg,1
20260527_053115_CAHMSV_006_f005770.jpg,1
20260527_053115_CAHMSV_006_f005775.jpg,1
20260527_053115_CAHMSV_006_f005780.jpg,1
20260527_053115_CAHMSV_006_f005785.jpg,1
20260527_053115_CAHMSV_006_f005790.jpg,1
20260527_053115_CAHMSV_006_f005795.jpg,1
20260527_053115_CAHMSV_006_f005800.jpg,1
20260527_053115_CAHMSV_006_f005805.jpg,1
20260527_053115_CAHMSV_006_f005810.jpg,1
20260527_053115_CAHMSV_006_f005815.jpg,1
20260527_053115_CAHMSV_006_f005820.jpg,1
20260527_053115_CAHMSV_006_f005825.jpg,1
20260527_053115_CAHMSV_006_f005830.jpg,1
20260527_053115_CAHMSV_006_f005835.jpg,1
20260527_053115_CAHMSV_006_f005840.jpg,1
20260527_053115_CAHMSV_006_f005845.jpg,1
20260527_053115_CAHMSV_006_f005850.jpg,1
20260527_053115_CAHMSV_006_f005855.jpg,1
20260527_053115_CAHMSV_006_f005860.jpg,1
20260527_053115_CAHMSV_006_f005865.jpg,1
20260527_053115_CAHMSV_006_f005870.jpg,1
20260527_053115_CAHMSV_006_f005875.jpg,1
20260527_053115_CAHMSV_006_f005880.jpg,1
20260527_053115_CAHMSV_006_f005885.jpg,1
20260527_053115_CAHMSV_006_f005890.jpg,1
20260527_053115_CAHMSV_006_f005895.jpg,1
20260527_053115_CAHMSV_006_f005900.jpg,1
20260527_053115_CAHMSV_006_f005905.jpg,1
20260527_053115_CAHMSV_006_f005910.jpg,1
20260527_053115_CAHMSV_006_f005915.jpg,1
20260527_053115_CAHMSV_006_f005920.jpg,1
20260527_053115_CAHMSV_006_f005925.jpg,1
20260527_053115_CAHMSV_006_f005930.jpg,1
20260527_053115_CAHMSV_006_f005935.jpg,1
20260527_053115_CAHMSV_006_f005940.jpg,1
20260527_053115_CAHMSV_006_f005945.jpg,1
20260527_053115_CAHMSV_006_f005950.jpg,1
20260527_053115_CAHMSV_006_f005955.jpg,1
20260527_053115_CAHMSV_006_f005960.jpg,1
20260527_053115_CAHMSV_006_f005965.jpg,1
20260527_053115_CAHMSV_006_f005970.jpg,1
20260527_053115_CAHMSV_006_f005975.jpg,1
20260527_053115_CAHMSV_006_f005980.jpg,1
20260527_053115_CAHMSV_006_f005985.jpg,1
20260527_053115_CAHMSV_006_f005990.jpg,1
20260527_053115_CAHMSV_006_f005995.jpg,1
20260527_053115_CAHMSV_006_f006000.jpg,1
20260527_053115_CAHMSV_006_f006005.jpg,1
20260527_053115_CAHMSV_006_f006010.jpg,1
20260527_053115_CAHMSV_006_f006015.jpg,1
20260527_053115_CAHMSV_006_f006020.jpg,1
20260527_053115_CAHMSV_006_f006025.jpg,1
20260527_053115_CAHMSV_006_f006030.jpg,1
20260527_053115_CAHMSV_006_f006035.jpg,1
20260527_053115_CAHMSV_006_f006040.jpg,1
20260527_053115_CAHMSV_006_f006045.jpg,1
20260527_053115_CAHMSV_006_f006050.jpg,1
20260527_053115_CAHMSV_006_f006055.jpg,1
20260527_053115_CAHMSV_006_f006060.jpg,1
20260527_053115_CAHMSV_006_f006065.jpg,1
20260527_053115_CAHMSV_006_f006070.jpg,1
20260527_053115_CAHMSV_006_f006075.jpg,1
20260527_053115_CAHMSV_006_f006080.jpg,1
20260527_053115_CAHMSV_006_f006085.jpg,1
20260527_053115_CAHMSV_006_f006090.jpg,1
20260527_053115_CAHMSV_006_f006095.jpg,1
20260527_053115_CAHMSV_006_f006100.jpg,1
20260527_053115_CAHMSV_006_f006105.jpg,1
20260527_053115_CAHMSV_006_f006110.jpg,1
20260527_053115_CAHMSV_006_f006115.jpg,1
20260527_053115_CAHMSV_006_f006120.jpg,1
20260527_053115_CAHMSV_006_f006125.jpg,1
20260527_053115_CAHMSV_006_f006130.jpg,1
20260527_053115_CAHMSV_006_f006135.jpg,1
20260527_053115_CAHMSV_006_f006140.jpg,1
20260527_053115_CAHMSV_006_f006145.jpg,1
20260527_053115_CAHMSV_006_f006150.jpg,1
20260527_053115_CAHMSV_006_f006155.jpg,1
20260527_053115_CAHMSV_006_f006160.jpg,1
20260527_053115_CAHMSV_006_f006165.jpg,1
20260527_053115_CAHMSV_006_f006170.jpg,1
20260527_053115_CAHMSV_006_f006175.jpg,1
20260527_053115_CAHMSV_006_f006180.jpg,1
20260527_053115_CAHMSV_006_f006185.jpg,1
20260527_053115_CAHMSV_006_f006190.jpg,1
20260527_053115_CAHMSV_006_f006195.jpg,1
20260527_053115_CAHMSV_006_f006200.jpg,1
20260527_053115_CAHMSV_006_f006205.jpg,1
20260527_053115_CAHMSV_006_f006210.jpg,1
20260527_053115_CAHMSV_006_f006215.jpg,1
20260527_053115_CAHMSV_006_f006220.jpg,1
20260527_053115_CAHMSV_006_f006225.jpg,1
20260527_053115_CAHMSV_006_f006230.jpg,1
20260527_053115_CAHMSV_006_f006235.jpg,1
20260527_053115_CAHMSV_006_f006240.jpg,1
20260527_053115_CAHMSV_006_f006245.jpg,1
20260527_053115_CAHMSV_006_f006250.jpg,1
20260527_053115_CAHMSV_006_f006255.jpg,1
20260527_053115_CAHMSV_006_f006260.jpg,1
20260527_053115_CAHMSV_006_f006265.jpg,1
20260527_053115_CAHMSV_006_f006270.jpg,1
20260527_053115_CAHMSV_006_f006275.jpg,1
20260527_053115_CAHMSV_006_f006280.jpg,1
20260527_053115_CAHMSV_006_f006285.jpg,1
20260527_053115_CAHMSV_006_f006290.jpg,1
20260527_053115_CAHMSV_006_f006295.jpg,1
20260527_053115_CAHMSV_006_f006300.jpg,1
20260527_053115_CAHMSV_006_f006305.jpg,1
20260527_053115_CAHMSV_006_f006310.jpg,1
20260527_053115_CAHMSV_006_f006315.jpg,1
20260527_053115_CAHMSV_006_f006320.jpg,1
20260527_053115_CAHMSV_006_f006325.jpg,1
20260527_053115_CAHMSV_006_f006330.jpg,1
20260527_053115_CAHMSV_006_f006335.jpg,1
20260527_053115_CAHMSV_006_f006340.jpg,1
20260527_053115_CAHMSV_006_f006345.jpg,1
20260527_053115_CAHMSV_006_f006350.jpg,1
20260527_053115_CAHMSV_006_f006355.jpg,1
20260527_053115_CAHMSV_006_f006360.jpg,1
20260527_053115_CAHMSV_006_f006365.jpg,1
20260527_053115_CAHMSV_006_f006370.jpg,1
20260527_053115_CAHMSV_006_f006375.jpg,1
20260527_053115_CAHMSV_006_f006380.jpg,1
20260527_053115_CAHMSV_006_f006385.jpg,1
20260527_053115_CAHMSV_006_f006390.jpg,1
20260527_053115_CAHMSV_006_f006395.jpg,1
20260527_053115_CAHMSV_006_f006400.jpg,1
20260527_053115_CAHMSV_006_f006405.jpg,1
20260527_053115_CAHMSV_006_f006410.jpg,1
20260527_053115_CAHMSV_006_f006415.jpg,1
20260527_053115_CAHMSV_006_f006420.jpg,1
20260527_053115_CAHMSV_006_f006425.jpg,1
20260527_053115_CAHMSV_006_f006430.jpg,1
20260527_053115_CAHMSV_006_f006435.jpg,1
20260527_053115_CAHMSV_006_f006440.jpg,1
20260527_053115_CAHMSV_006_f006445.jpg,1
20260527_053115_CAHMSV_006_f006450.jpg,1
20260527_053115_CAHMSV_006_f006455.jpg,1
20260527_053115_CAHMSV_006_f006460.jpg,1
20260527_053115_CAHMSV_006_f006465.jpg,1
20260527_053115_CAHMSV_006_f006470.jpg,1
20260527_053115_CAHMSV_006_f006475.jpg,1
20260527_053115_CAHMSV_006_f006480.jpg,1
20260527_053115_CAHMSV_006_f006485.jpg,1
20260527_053115_CAHMSV_006_f006490.jpg,1
20260527_053115_CAHMSV_006_f006495.jpg,1
20260527_053115_CAHMSV_006_f006500.jpg,1
20260527_053115_CAHMSV_006_f006505.jpg,1
20260527_053115_CAHMSV_006_f006510.jpg,1
20260527_053115_CAHMSV_006_f006515.jpg,1
20260527_053115_CAHMSV_006_f006520.jpg,1
20260527_053115_CAHMSV_006_f006525.jpg,1
20260527_053115_CAHMSV_006_f006530.jpg,1
20260527_053115_CAHMSV_006_f006535.jpg,1
20260527_053115_CAHMSV_006_f006540.jpg,1
20260527_053115_CAHMSV_006_f006545.jpg,1
20260527_053115_CAHMSV_006_f006550.jpg,1
20260527_053115_CAHMSV_006_f006555.jpg,1
20260527_053115_CAHMSV_006_f006560.jpg,1
20260527_053115_CAHMSV_006_f006565.jpg,1
20260527_053115_CAHMSV_006_f006570.jpg,1
20260527_053115_CAHMSV_006_f006575.jpg,1
20260527_053115_CAHMSV_006_f006580.jpg,1
20260527_053115_CAHMSV_006_f006585.jpg,1
20260527_053115_CAHMSV_006_f006590.jpg,1
20260527_053115_CAHMSV_006_f006595.jpg,1
20260527_053115_CAHMSV_006_f006600.jpg,1
20260527_053115_CAHMSV_006_f006605.jpg,1
20260527_053115_CAHMSV_006_f006610.jpg,1
20260527_053115_CAHMSV_006_f006615.jpg,1
20260527_053115_CAHMSV_006_f006620.jpg,1
20260527_053115_CAHMSV_006_f006625.jpg,1
20260527_053115_CAHMSV_006_f006630.jpg,1
20260527_053115_CAHMSV_006_f006635.jpg,1
20260527_053115_CAHMSV_006_f006640.jpg,1
20260527_053115_CAHMSV_006_f006645.jpg,1
20260527_053115_CAHMSV_006_f006650.jpg,1
20260527_053115_CAHMSV_006_f006655.jpg,1
20260527_053115_CAHMSV_006_f006660.jpg,1
20260527_053115_CAHMSV_006_f006665.jpg,1
20260527_053115_CAHMSV_006_f006670.jpg,1
20260527_053115_CAHMSV_006_f006675.jpg,1
20260527_053115_CAHMSV_006_f006680.jpg,1
20260527_053115_CAHMSV_006_f006685.jpg,1
20260527_053115_CAHMSV_006_f006690.jpg,1
20260527_053115_CAHMSV_006_f006695.jpg,1
20260527_053115_CAHMSV_006_f006700.jpg,1
20260527_053115_CAHMSV_006_f006705.jpg,1
20260527_053115_CAHMSV_006_f006710.jpg,1
20260527_053115_CAHMSV_006_f006715.jpg,1
20260527_053115_CAHMSV_006_f006720.jpg,1
20260527_053115_CAHMSV_006_f006725.jpg,1
20260527_053115_CAHMSV_006_f006730.jpg,1
20260527_053115_CAHMSV_006_f006735.jpg,1
20260527_053115_CAHMSV_006_f006740.jpg,1
20260527_053115_CAHMSV_006_f006745.jpg,1
20260527_053115_CAHMSV_006_f006750.jpg,1
20260527_053115_CAHMSV_006_f006755.jpg,1
20260527_053115_CAHMSV_006_f006760.jpg,1
20260527_053115_CAHMSV_006_f006765.jpg,1
20260527_053115_CAHMSV_006_f006770.jpg,1
20260527_053115_CAHMSV_006_f006775.jpg,1
20260527_053115_CAHMSV_006_f006780.jpg,1
20260527_053115_CAHMSV_006_f006785.jpg,1
20260527_053115_CAHMSV_006_f006790.jpg,1
20260527_053115_CAHMSV_006_f006795.jpg,1
20260527_053115_CAHMSV_006_f006800.jpg,1
20260527_053115_CAHMSV_006_f006805.jpg,1
20260527_053115_CAHMSV_006_f006810.jpg,1
20260527_053115_CAHMSV_006_f006815.jpg,1
20260527_053115_CAHMSV_006_f006820.jpg,1
20260527_053115_CAHMSV_006_f006825.jpg,1
20260527_053115_CAHMSV_006_f006830.jpg,1
20260527_053115_CAHMSV_006_f006835.jpg,1
20260527_053115_CAHMSV_006_f006840.jpg,1
20260527_053115_CAHMSV_006_f006845.jpg,1
20260527_053115_CAHMSV_006_f006850.jpg,1
20260527_053115_CAHMSV_006_f006855.jpg,1
20260527_053115_CAHMSV_006_f006860.jpg,1
20260527_053115_CAHMSV_006_f006865.jpg,1
20260527_053115_CAHMSV_006_f006870.jpg,1
20260527_053115_CAHMSV_006_f006875.jpg,1
20260527_053115_CAHMSV_006_f006880.jpg,1
20260527_053115_CAHMSV_006_f006885.jpg,1
20260527_053115_CAHMSV_006_f006890.jpg,1
20260527_053115_CAHMSV_006_f006895.jpg,1
20260527_053115_CAHMSV_006_f006900.jpg,1
20260527_053115_CAHMSV_006_f006905.jpg,1
20260527_053115_CAHMSV_006_f006910.jpg,1
20260527_053115_CAHMSV_006_f006915.jpg,1
20260527_053115_CAHMSV_006_f006920.jpg,1
20260527_053115_CAHMSV_006_f006925.jpg,1
20260527_053115_CAHMSV_006_f006930.jpg,1
20260527_053115_CAHMSV_006_f006935.jpg,1
20260527_053115_CAHMSV_006_f006940.jpg,1
20260527_053115_CAHMSV_006_f006945.jpg,1
20260527_053115_CAHMSV_006_f006950.jpg,1
20260527_053115_CAHMSV_006_f006955.jpg,1
20260527_053115_CAHMSV_006_f006960.jpg,1
20260527_053115_CAHMSV_006_f006965.jpg,1
20260527_053115_CAHMSV_006_f006970.jpg,1
20260527_053115_CAHMSV_006_f006975.jpg,1
20260527_053115_CAHMSV_006_f006980.jpg,1
20260527_053115_CAHMSV_006_f006985.jpg,1
20260527_053115_CAHMSV_006_f006990.jpg,1
20260527_053115_CAHMSV_006_f006995.jpg,1
20260527_053115_CAHMSV_006_f007000.jpg,1
20260527_053115_CAHMSV_006_f007005.jpg,1
20260527_053115_CAHMSV_006_f007010.jpg,1
20260527_053115_CAHMSV_006_f007015.jpg,1
20260527_053115_CAHMSV_006_f007020.jpg,1
20260527_053115_CAHMSV_006_f007025.jpg,1
20260527_053115_CAHMSV_006_f007030.jpg,1
20260527_053115_CAHMSV_006_f007035.jpg,1
20260527_053115_CAHMSV_006_f007040.jpg,1
20260527_053115_CAHMSV_006_f007045.jpg,1
20260527_053115_CAHMSV_006_f007050.jpg,1
20260527_053115_CAHMSV_006_f007055.jpg,1
20260527_053115_CAHMSV_006_f007060.jpg,1
20260527_053115_CAHMSV_006_f007065.jpg,1
20260527_053115_CAHMSV_006_f007070.jpg,1
20260527_053115_CAHMSV_006_f007075.jpg,1
20260527_053115_CAHMSV_006_f007080.jpg,1
20260527_053115_CAHMSV_006_f007085.jpg,1
20260527_053115_CAHMSV_006_f007090.jpg,1
20260527_053115_CAHMSV_006_f007095.jpg,1
20260527_053115_CAHMSV_006_f007100.jpg,1
20260527_053115_CAHMSV_006_f007105.jpg,1
20260527_053115_CAHMSV_006_f007110.jpg,1
20260527_053115_CAHMSV_006_f007115.jpg,1
20260527_053115_CAHMSV_006_f007120.jpg,1
20260527_053115_CAHMSV_006_f007125.jpg,1
20260527_053115_CAHMSV_006_f007130.jpg,1
20260527_053115_CAHMSV_006_f007135.jpg,1
20260527_053115_CAHMSV_006_f007140.jpg,1
20260527_053115_CAHMSV_006_f007145.jpg,1
20260527_053115_CAHMSV_006_f007150.jpg,1
20260527_053115_CAHMSV_006_f007155.jpg,1
20260527_053115_CAHMSV_006_f007160.jpg,1
20260527_053115_CAHMSV_006_f007165.jpg,1
20260527_053115_CAHMSV_006_f007170.jpg,1
20260527_053115_CAHMSV_006_f007175.jpg,1
20260527_053115_CAHMSV_006_f007180.jpg,1
20260527_053115_CAHMSV_006_f007185.jpg,1
20260527_053115_CAHMSV_006_f007190.jpg,1
20260527_053115_CAHMSV_006_f007195.jpg,1
20260527_053115_CAHMSV_006_f007200.jpg,1
20260527_053115_CAHMSV_006_f007205.jpg,1
20260527_053115_CAHMSV_006_f007210.jpg,1
20260527_053115_CAHMSV_006_f007215.jpg,1
20260527_053115_CAHMSV_006_f007220.jpg,1
20260527_053115_CAHMSV_006_f007225.jpg,1
20260527_053115_CAHMSV_006_f007230.jpg,1
20260527_053115_CAHMSV_006_f007235.jpg,1
20260527_053115_CAHMSV_006_f007240.jpg,1
20260527_053115_CAHMSV_006_f007245.jpg,1
20260527_053115_CAHMSV_006_f007250.jpg,1
20260527_053115_CAHMSV_006_f007255.jpg,1
20260527_053115_CAHMSV_006_f007260.jpg,1
20260527_053115_CAHMSV_006_f007265.jpg,1
20260527_053115_CAHMSV_006_f007270.jpg,1
20260527_053115_CAHMSV_006_f007275.jpg,1
20260527_053115_CAHMSV_006_f007280.jpg,1
20260527_053115_CAHMSV_006_f007285.jpg,1
20260527_053115_CAHMSV_006_f007290.jpg,1
20260527_053115_CAHMSV_006_f007295.jpg,1
20260527_053115_CAHMSV_006_f007300.jpg,1
20260527_053115_CAHMSV_006_f007305.jpg,1
20260527_053115_CAHMSV_006_f007310.jpg,1
20260527_053115_CAHMSV_006_f007315.jpg,1
20260527_053115_CAHMSV_006_f007320.jpg,1
20260527_053115_CAHMSV_006_f007325.jpg,1
20260527_053115_CAHMSV_006_f007330.jpg,1
20260527_053115_CAHMSV_006_f007335.jpg,1
20260527_053115_CAHMSV_006_f007340.jpg,1
20260527_053115_CAHMSV_006_f007345.jpg,1
20260527_053115_CAHMSV_006_f007350.jpg,1
20260527_053115_CAHMSV_006_f007355.jpg,1
20260527_053115_CAHMSV_006_f007360.jpg,1
20260527_053115_CAHMSV_006_f007365.jpg,1
20260527_053115_CAHMSV_006_f007370.jpg,1
20260527_053115_CAHMSV_006_f007375.jpg,1
20260527_053115_CAHMSV_006_f007380.jpg,1
20260527_053115_CAHMSV_006_f007385.jpg,1
20260527_053115_CAHMSV_006_f007390.jpg,1
20260527_053115_CAHMSV_006_f007395.jpg,1
20260527_053115_CAHMSV_006_f007400.jpg,1
20260527_053115_CAHMSV_006_f007405.jpg,1
20260527_053115_CAHMSV_006_f007410.jpg,1
20260527_053115_CAHMSV_006_f007415.jpg,1
20260527_053115_CAHMSV_006_f007420.jpg,1
20260527_053115_CAHMSV_006_f007425.jpg,1
20260527_053115_CAHMSV_006_f007430.jpg,1
20260527_053115_CAHMSV_006_f007435.jpg,1
20260527_053115_CAHMSV_006_f007440.jpg,1
20260527_053115_CAHMSV_006_f007445.jpg,1
20260527_053115_CAHMSV_006_f007450.jpg,1
20260527_053115_CAHMSV_006_f007455.jpg,1
20260527_053115_CAHMSV_006_f007460.jpg,1
20260527_053115_CAHMSV_006_f007465.jpg,1
20260527_053115_CAHMSV_006_f007470.jpg,1
20260527_053115_CAHMSV_006_f007475.jpg,1
20260527_053115_CAHMSV_006_f007480.jpg,1
20260527_053115_CAHMSV_006_f007485.jpg,1
20260527_053115_CAHMSV_006_f007490.jpg,1
20260527_053115_CAHMSV_006_f007495.jpg,1
20260527_053115_CAHMSV_006_f007500.jpg,1
20260527_053115_CAHMSV_006_f007505.jpg,1
20260527_053115_CAHMSV_006_f007510.jpg,1
20260527_053115_CAHMSV_006_f007515.jpg,1
20260527_053115_CAHMSV_006_f007520.jpg,1
20260527_053115_CAHMSV_006_f007525.jpg,1
20260527_053115_CAHMSV_006_f007530.jpg,1
20260527_053115_CAHMSV_006_f007535.jpg,1
20260527_053115_CAHMSV_006_f007540.jpg,1
20260527_053115_CAHMSV_006_f007545.jpg,1
20260527_053115_CAHMSV_006_f007550.jpg,1
20260527_053115_CAHMSV_006_f007555.jpg,1
20260527_053115_CAHMSV_006_f007560.jpg,1
20260527_053115_CAHMSV_006_f007565.jpg,1
20260527_053115_CAHMSV_006_f007570.jpg,1
20260527_053115_CAHMSV_006_f007575.jpg,1
20260527_053115_CAHMSV_006_f007580.jpg,1
20260527_053115_CAHMSV_006_f007585.jpg,1
20260527_053115_CAHMSV_006_f007590.jpg,1
20260527_053115_CAHMSV_006_f007595.jpg,1
20260527_053115_CAHMSV_006_f007600.jpg,1
20260527_053115_CAHMSV_006_f007605.jpg,1
20260527_053115_CAHMSV_006_f007610.jpg,1
20260527_053115_CAHMSV_006_f007615.jpg,1
20260527_053115_CAHMSV_006_f007620.jpg,1
20260527_053115_CAHMSV_006_f007625.jpg,1
20260527_053115_CAHMSV_006_f007630.jpg,1
20260527_053115_CAHMSV_006_f007635.jpg,1
20260527_053115_CAHMSV_006_f007640.jpg,1
20260527_053115_CAHMSV_006_f007645.jpg,1
20260527_053115_CAHMSV_006_f007650.jpg,1
20260527_053115_CAHMSV_006_f007655.jpg,1
20260527_053115_CAHMSV_006_f007660.jpg,1
20260527_053115_CAHMSV_006_f007665.jpg,1
20260527_053115_CAHMSV_006_f007670.jpg,1
20260527_053115_CAHMSV_006_f007675.jpg,1
20260527_053115_CAHMSV_006_f007680.jpg,1
20260527_053115_CAHMSV_006_f007685.jpg,1
20260527_053115_CAHMSV_006_f007690.jpg,1
20260527_053115_CAHMSV_006_f007695.jpg,1
20260527_053115_CAHMSV_006_f007700.jpg,1
20260527_053115_CAHMSV_006_f007705.jpg,1
20260527_053115_CAHMSV_006_f007710.jpg,1
20260527_053115_CAHMSV_006_f007715.jpg,1
20260527_053115_CAHMSV_006_f007720.jpg,1
20260527_053115_CAHMSV_006_f007725.jpg,1
20260527_053115_CAHMSV_006_f007730.jpg,1
20260527_053115_CAHMSV_006_f007735.jpg,1
20260527_053115_CAHMSV_006_f007740.jpg,1
20260527_053115_CAHMSV_006_f007745.jpg,1
20260527_053115_CAHMSV_006_f007750.jpg,1
20260527_053115_CAHMSV_006_f007755.jpg,1
20260527_053115_CAHMSV_006_f007760.jpg,1
20260527_053115_CAHMSV_006_f007765.jpg,1
20260527_053115_CAHMSV_006_f007770.jpg,1
20260527_053115_CAHMSV_006_f007775.jpg,1
20260527_053115_CAHMSV_006_f007780.jpg,1
20260527_053115_CAHMSV_006_f007785.jpg,1
20260527_053115_CAHMSV_006_f007790.jpg,1
20260527_053115_CAHMSV_006_f007795.jpg,1
20260527_053115_CAHMSV_006_f007800.jpg,1
20260527_053115_CAHMSV_006_f007805.jpg,1
20260527_053115_CAHMSV_006_f007810.jpg,1
20260527_053115_CAHMSV_006_f007815.jpg,1
20260527_053115_CAHMSV_006_f007820.jpg,1
20260527_053115_CAHMSV_006_f007825.jpg,1
20260527_053115_CAHMSV_006_f007830.jpg,1
20260527_053115_CAHMSV_006_f007835.jpg,1
20260527_053115_CAHMSV_006_f007840.jpg,1
20260527_053115_CAHMSV_006_f007845.jpg,1
20260527_053115_CAHMSV_006_f007850.jpg,1
20260527_053115_CAHMSV_006_f007855.jpg,1
20260527_053115_CAHMSV_006_f007860.jpg,1
20260527_053115_CAHMSV_006_f007865.jpg,1
20260527_053115_CAHMSV_006_f007870.jpg,1
20260527_053115_CAHMSV_006_f007875.jpg,1
20260527_053115_CAHMSV_006_f007880.jpg,1
20260527_053115_CAHMSV_006_f007885.jpg,1
20260527_053115_CAHMSV_006_f007890.jpg,1
20260527_053115_CAHMSV_006_f007895.jpg,1
20260527_053115_CAHMSV_006_f007900.jpg,1
20260527_053115_CAHMSV_006_f007905.jpg,1
20260527_053115_CAHMSV_006_f007910.jpg,1
20260527_053115_CAHMSV_006_f007915.jpg,1
20260527_053115_CAHMSV_006_f007920.jpg,1
20260527_053115_CAHMSV_006_f007925.jpg,1
20260527_053115_CAHMSV_006_f007930.jpg,1
20260527_053115_CAHMSV_006_f007935.jpg,1
20260527_053115_CAHMSV_006_f007940.jpg,1
20260527_053115_CAHMSV_006_f007945.jpg,1
20260527_053115_CAHMSV_006_f007950.jpg,1
20260527_053115_CAHMSV_006_f007955.jpg,1
20260527_053115_CAHMSV_006_f007960.jpg,1
20260527_053115_CAHMSV_006_f007965.jpg,1
20260527_053115_CAHMSV_006_f007970.jpg,1
20260527_053115_CAHMSV_006_f007975.jpg,1
20260527_053115_CAHMSV_006_f007980.jpg,1
20260527_053115_CAHMSV_006_f007985.jpg,1
20260527_053115_CAHMSV_006_f007990.jpg,1
20260527_053115_CAHMSV_006_f007995.jpg,1
20260527_053115_CAHMSV_006_f008000.jpg,1
20260527_053115_CAHMSV_006_f008005.jpg,1
20260527_053115_CAHMSV_006_f008010.jpg,1
20260527_053115_CAHMSV_006_f008015.jpg,1
20260527_053115_CAHMSV_006_f008020.jpg,1
20260527_053115_CAHMSV_006_f008025.jpg,1
20260527_053115_CAHMSV_006_f008030.jpg,1
20260527_053115_CAHMSV_006_f008035.jpg,1
20260527_053115_CAHMSV_006_f008040.jpg,1
20260527_053115_CAHMSV_006_f008045.jpg,1
20260527_053115_CAHMSV_006_f008050.jpg,1
20260527_053115_CAHMSV_006_f008055.jpg,1
20260527_053115_CAHMSV_006_f008060.jpg,1
20260527_053115_CAHMSV_006_f008065.jpg,1
20260527_053115_CAHMSV_006_f008070.jpg,1
20260527_053115_CAHMSV_006_f008075.jpg,1
20260527_053115_CAHMSV_006_f008080.jpg,1
20260527_053115_CAHMSV_006_f008085.jpg,1
20260527_053115_CAHMSV_006_f008090.jpg,1
20260527_053115_CAHMSV_006_f008095.jpg,1
20260527_053115_CAHMSV_006_f008100.jpg,1
20260527_053115_CAHMSV_006_f008105.jpg,1
20260527_053115_CAHMSV_006_f008110.jpg,1
20260527_053115_CAHMSV_006_f008115.jpg,1
20260527_053115_CAHMSV_006_f008120.jpg,1
20260527_053115_CAHMSV_006_f008125.jpg,1
20260527_053115_CAHMSV_006_f008130.jpg,1
20260527_053115_CAHMSV_006_f008135.jpg,1
20260527_053115_CAHMSV_006_f008140.jpg,1
20260527_053115_CAHMSV_006_f008145.jpg,1
20260527_053115_CAHMSV_006_f008150.jpg,1
20260527_053115_CAHMSV_006_f008155.jpg,1
20260527_053115_CAHMSV_006_f008160.jpg,1
20260527_053115_CAHMSV_006_f008165.jpg,1
20260527_053115_CAHMSV_006_f008170.jpg,1
20260527_053115_CAHMSV_006_f008175.jpg,1
20260527_053115_CAHMSV_006_f008180.jpg,1
20260527_053115_CAHMSV_006_f008185.jpg,1
20260527_053115_CAHMSV_006_f008190.jpg,1
20260527_053115_CAHMSV_006_f008195.jpg,1
20260527_053115_CAHMSV_006_f008200.jpg,1
20260527_053115_CAHMSV_006_f008205.jpg,1
20260527_053115_CAHMSV_006_f008210.jpg,1
20260527_053115_CAHMSV_006_f008215.jpg,1
20260527_053115_CAHMSV_006_f008220.jpg,1
20260527_053115_CAHMSV_006_f008225.jpg,1
20260527_053115_CAHMSV_006_f008230.jpg,1
20260527_053115_CAHMSV_006_f008235.jpg,1
20260527_053115_CAHMSV_006_f008240.jpg,1
20260527_053115_CAHMSV_006_f008245.jpg,1
20260527_053115_CAHMSV_006_f008250.jpg,1
20260527_053115_CAHMSV_006_f008255.jpg,1
20260527_053115_CAHMSV_006_f008260.jpg,1
20260527_053115_CAHMSV_006_f008265.jpg,1
20260527_053115_CAHMSV_006_f008270.jpg,1
20260527_053115_CAHMSV_006_f008275.jpg,1
20260527_053115_CAHMSV_006_f008280.jpg,1
20260527_053115_CAHMSV_006_f008285.jpg,1
20260527_053115_CAHMSV_006_f008290.jpg,1
20260527_053115_CAHMSV_006_f008295.jpg,1
20260527_053115_CAHMSV_006_f008300.jpg,1
20260527_053115_CAHMSV_006_f008305.jpg,1
20260527_053115_CAHMSV_006_f008310.jpg,1
20260527_053115_CAHMSV_006_f008315.jpg,1
20260527_053115_CAHMSV_006_f008320.jpg,1
20260527_053115_CAHMSV_006_f008325.jpg,1
20260527_053115_CAHMSV_006_f008330.jpg,1
20260527_053115_CAHMSV_006_f008335.jpg,1
20260527_053115_CAHMSV_006_f008340.jpg,1
20260527_053115_CAHMSV_006_f008345.jpg,1
20260527_053115_CAHMSV_006_f008350.jpg,1
20260527_053115_CAHMSV_006_f008355.jpg,1
20260527_053115_CAHMSV_006_f008360.jpg,1
20260527_053115_CAHMSV_006_f008365.jpg,1
20260527_053115_CAHMSV_006_f008370.jpg,1
20260527_053115_CAHMSV_006_f008375.jpg,1
20260527_053115_CAHMSV_006_f008380.jpg,1
20260527_053115_CAHMSV_006_f008385.jpg,1
20260527_053115_CAHMSV_006_f008390.jpg,1
20260527_053115_CAHMSV_006_f008395.jpg,1
20260527_053115_CAHMSV_006_f008400.jpg,1
20260527_053115_CAHMSV_006_f008405.jpg,1
20260527_053115_CAHMSV_006_f008410.jpg,1
20260527_053115_CAHMSV_006_f008415.jpg,1
20260527_053115_CAHMSV_006_f008420.jpg,1
20260527_053115_CAHMSV_006_f008425.jpg,1
20260527_053115_CAHMSV_006_f008430.jpg,1
20260527_053115_CAHMSV_006_f008435.jpg,1
20260527_053115_CAHMSV_006_f008440.jpg,1
20260527_053115_CAHMSV_006_f008445.jpg,1
20260527_053115_CAHMSV_006_f008450.jpg,1
20260527_053115_CAHMSV_006_f008455.jpg,1
20260527_053115_CAHMSV_006_f008460.jpg,1
20260527_053115_CAHMSV_006_f008465.jpg,1
20260527_053115_CAHMSV_006_f008470.jpg,1
20260527_053115_CAHMSV_006_f008475.jpg,1
20260527_053115_CAHMSV_006_f008480.jpg,1
20260527_053115_CAHMSV_006_f008485.jpg,1
20260527_053115_CAHMSV_006_f008490.jpg,1
20260527_053115_CAHMSV_006_f008495.jpg,1
20260527_053115_CAHMSV_006_f008500.jpg,1
20260527_053115_CAHMSV_006_f008505.jpg,1
20260527_053115_CAHMSV_006_f008510.jpg,1
20260527_053115_CAHMSV_006_f008515.jpg,1
20260527_053115_CAHMSV_006_f008520.jpg,1
20260527_053115_CAHMSV_006_f008525.jpg,1
20260527_053115_CAHMSV_006_f008530.jpg,1
20260527_053115_CAHMSV_006_f008535.jpg,1
20260527_053115_CAHMSV_006_f008540.jpg,1
20260527_053115_CAHMSV_006_f008545.jpg,1
20260527_053115_CAHMSV_006_f008550.jpg,1
20260527_053115_CAHMSV_006_f008555.jpg,1
20260527_053115_CAHMSV_006_f008560.jpg,1
20260527_053115_CAHMSV_006_f008565.jpg,1
20260527_053115_CAHMSV_006_f008570.jpg,1
20260527_053115_CAHMSV_006_f008575.jpg,1
20260527_053115_CAHMSV_006_f008580.jpg,1
20260527_053115_CAHMSV_006_f008585.jpg,1
20260527_053115_CAHMSV_006_f008590.jpg,1
20260527_053115_CAHMSV_006_f008595.jpg,1
20260527_053115_CAHMSV_006_f008600.jpg,1
20260527_053115_CAHMSV_006_f008605.jpg,1
20260527_053115_CAHMSV_006_f008610.jpg,1
20260527_053115_CAHMSV_006_f008615.jpg,1
20260527_053115_CAHMSV_006_f008620.jpg,1
20260527_053115_CAHMSV_006_f008625.jpg,1
20260527_053115_CAHMSV_006_f008630.jpg,1
20260527_053115_CAHMSV_006_f008635.jpg,1
20260527_053115_CAHMSV_006_f008640.jpg,1
20260527_053115_CAHMSV_006_f008645.jpg,1
20260527_053115_CAHMSV_006_f008650.jpg,1
20260527_053115_CAHMSV_006_f008655.jpg,1
20260527_053115_CAHMSV_006_f008660.jpg,1
20260527_053115_CAHMSV_006_f008665.jpg,1
20260527_053115_CAHMSV_006_f008670.jpg,1
20260527_053115_CAHMSV_006_f008675.jpg,1
20260527_053115_CAHMSV_006_f008680.jpg,1
20260527_053115_CAHMSV_006_f008685.jpg,1
20260527_053115_CAHMSV_006_f008690.jpg,1
20260527_053115_CAHMSV_006_f008695.jpg,1
20260527_053115_CAHMSV_006_f008700.jpg,1
20260527_053115_CAHMSV_006_f008705.jpg,1
20260527_053115_CAHMSV_006_f008710.jpg,1
20260527_053115_CAHMSV_006_f008715.jpg,1
20260527_053115_CAHMSV_006_f008720.jpg,1
20260527_053115_CAHMSV_006_f008725.jpg,1
20260527_053115_CAHMSV_006_f008730.jpg,1
20260527_053115_CAHMSV_006_f008735.jpg,1
20260527_053115_CAHMSV_006_f008740.jpg,1
20260527_053115_CAHMSV_006_f008745.jpg,1
20260527_053115_CAHMSV_006_f008750.jpg,1
20260527_053115_CAHMSV_006_f008755.jpg,1
20260527_053115_CAHMSV_006_f008760.jpg,1
20260527_053115_CAHMSV_006_f008765.jpg,1
20260527_053115_CAHMSV_006_f008770.jpg,1
20260527_053115_CAHMSV_006_f008775.jpg,1
20260527_053115_CAHMSV_006_f008780.jpg,1
20260527_053115_CAHMSV_006_f008785.jpg,1
20260527_053115_CAHMSV_006_f008790.jpg,1
20260527_053115_CAHMSV_006_f008795.jpg,1
20260527_053115_CAHMSV_006_f008800.jpg,1
20260527_053115_CAHMSV_006_f008805.jpg,1
20260527_053115_CAHMSV_006_f008810.jpg,1
20260527_053115_CAHMSV_006_f008815.jpg,1
20260527_053115_CAHMSV_006_f008820.jpg,1
20260527_053115_CAHMSV_006_f008825.jpg,1
20260527_053115_CAHMSV_006_f008830.jpg,1
20260527_053115_CAHMSV_006_f008835.jpg,1
20260527_053115_CAHMSV_006_f008840.jpg,1
20260527_053115_CAHMSV_006_f008845.jpg,1
20260527_053115_CAHMSV_006_f008850.jpg,1
20260527_053115_CAHMSV_006_f008855.jpg,1
20260527_053115_CAHMSV_006_f008860.jpg,1
20260527_053115_CAHMSV_006_f008865.jpg,1
20260527_053115_CAHMSV_006_f008870.jpg,1
20260527_053115_CAHMSV_006_f008875.jpg,1
20260527_053115_CAHMSV_006_f008880.jpg,1
20260527_053115_CAHMSV_006_f008885.jpg,1
20260527_053115_CAHMSV_006_f008890.jpg,1
20260527_053115_CAHMSV_006_f008895.jpg,1
20260527_053115_CAHMSV_006_f008900.jpg,1
20260527_053115_CAHMSV_006_f008905.jpg,1
20260527_053115_CAHMSV_006_f008910.jpg,1
20260527_053115_CAHMSV_006_f008915.jpg,1
20260527_053115_CAHMSV_006_f008920.jpg,1
20260527_053115_CAHMSV_006_f008925.jpg,1
20260527_053115_CAHMSV_006_f008930.jpg,1
20260527_053115_CAHMSV_006_f008935.jpg,1
20260527_053115_CAHMSV_006_f008940.jpg,1
20260527_053115_CAHMSV_006_f008945.jpg,1
20260527_053115_CAHMSV_006_f008950.jpg,1
20260527_053115_CAHMSV_006_f008955.jpg,1
20260527_053115_CAHMSV_006_f008960.jpg,1
20260527_053115_CAHMSV_006_f008965.jpg,1
20260527_053115_CAHMSV_006_f008970.jpg,1
20260527_053115_CAHMSV_006_f008975.jpg,1
20260527_053115_CAHMSV_006_f008980.jpg,1
20260527_053115_CAHMSV_006_f008985.jpg,1
20260527_053115_CAHMSV_006_f008990.jpg,1
20260527_053115_CAHMSV_006_f008995.jpg,1
20260527_053115_CAHMSV_006_f009000.jpg,1
20260527_053115_CAHMSV_006_f009005.jpg,1
20260527_053115_CAHMSV_006_f009010.jpg,1
20260527_053115_CAHMSV_006_f009015.jpg,1
20260527_053115_CAHMSV_006_f009020.jpg,1
20260527_053115_CAHMSV_006_f009025.jpg,1
20260527_053115_CAHMSV_006_f009030.jpg,1
20260527_053115_CAHMSV_006_f009035.jpg,1
20260527_053115_CAHMSV_006_f009040.jpg,1
20260527_053115_CAHMSV_006_f009045.jpg,1
20260527_053115_CAHMSV_006_f009050.jpg,1
20260527_053115_CAHMSV_006_f009055.jpg,1
20260527_053115_CAHMSV_006_f009060.jpg,1
20260527_053115_CAHMSV_006_f009065.jpg,1
20260527_053115_CAHMSV_006_f009070.jpg,1
20260527_053115_CAHMSV_006_f009075.jpg,1
20260527_053115_CAHMSV_006_f009080.jpg,1
20260527_053115_CAHMSV_006_f009085.jpg,1
20260527_053115_CAHMSV_006_f009090.jpg,1
20260527_053115_CAHMSV_006_f009095.jpg,1
20260527_053115_CAHMSV_006_f009100.jpg,1
20260527_053115_CAHMSV_006_f009105.jpg,1
20260527_053115_CAHMSV_006_f009110.jpg,1
20260527_053115_CAHMSV_006_f009115.jpg,1
20260527_053115_CAHMSV_006_f009120.jpg,1
20260527_053115_CAHMSV_006_f009125.jpg,1
20260527_053115_CAHMSV_006_f009130.jpg,1
20260527_053115_CAHMSV_006_f009135.jpg,1
20260527_053115_CAHMSV_006_f009140.jpg,1
20260527_053115_CAHMSV_006_f009145.jpg,1
20260527_053115_CAHMSV_006_f009150.jpg,1
20260527_053115_CAHMSV_006_f009155.jpg,1
20260527_053115_CAHMSV_006_f009160.jpg,1
20260527_053115_CAHMSV_006_f009165.jpg,1
20260527_053115_CAHMSV_006_f009170.jpg,1
20260527_053115_CAHMSV_006_f009175.jpg,1
20260527_053115_CAHMSV_006_f009180.jpg,1
20260527_053115_CAHMSV_006_f009185.jpg,1
20260527_053115_CAHMSV_006_f009190.jpg,1
20260527_053115_CAHMSV_006_f009195.jpg,1
20260527_053115_CAHMSV_006_f009200.jpg,1
20260527_053115_CAHMSV_006_f009205.jpg,1
20260527_053115_CAHMSV_006_f009210.jpg,1
20260527_053115_CAHMSV_006_f009215.jpg,1
20260527_053115_CAHMSV_006_f009220.jpg,1
20260527_053115_CAHMSV_006_f009225.jpg,1
20260527_053115_CAHMSV_006_f009230.jpg,1
20260527_053115_CAHMSV_006_f009235.jpg,1
20260527_053115_CAHMSV_006_f009240.jpg,1
20260527_053115_CAHMSV_006_f009245.jpg,1
20260527_053115_CAHMSV_006_f009250.jpg,1
20260527_053115_CAHMSV_006_f009255.jpg,1
20260527_053115_CAHMSV_006_f009260.jpg,1
20260527_053115_CAHMSV_006_f009265.jpg,1
20260527_053115_CAHMSV_006_f009270.jpg,1
20260527_053115_CAHMSV_006_f009275.jpg,1
20260527_053115_CAHMSV_006_f009280.jpg,1
20260527_053115_CAHMSV_006_f009285.jpg,1
20260527_053115_CAHMSV_006_f009290.jpg,1
20260527_053115_CAHMSV_006_f009295.jpg,1
20260527_053115_CAHMSV_006_f009300.jpg,1
20260527_053115_CAHMSV_006_f009305.jpg,1
20260527_053115_CAHMSV_006_f009310.jpg,1
20260527_053115_CAHMSV_006_f009315.jpg,1
20260527_053115_CAHMSV_006_f009320.jpg,1
20260527_053115_CAHMSV_006_f009325.jpg,1
20260527_053115_CAHMSV_006_f009330.jpg,1
20260527_053115_CAHMSV_006_f009335.jpg,1
20260527_053115_CAHMSV_006_f009340.jpg,1
20260527_053115_CAHMSV_006_f009345.jpg,1
20260527_053115_CAHMSV_006_f009350.jpg,1
20260527_053115_CAHMSV_006_f009355.jpg,1
20260527_053115_CAHMSV_006_f009360.jpg,1
20260527_053115_CAHMSV_006_f009365.jpg,1
20260527_053115_CAHMSV_006_f009370.jpg,1
20260527_053115_CAHMSV_006_f009375.jpg,1
20260527_053115_CAHMSV_006_f009380.jpg,1
20260527_053115_CAHMSV_006_f009385.jpg,1
20260527_053115_CAHMSV_006_f009390.jpg,1
20260527_053115_CAHMSV_006_f009395.jpg,1
20260527_053115_CAHMSV_006_f009400.jpg,1
20260527_053115_CAHMSV_006_f009405.jpg,1
20260527_053115_CAHMSV_006_f009410.jpg,1
20260527_053115_CAHMSV_006_f009415.jpg,1
20260527_053115_CAHMSV_006_f009420.jpg,1
20260527_053115_CAHMSV_006_f009425.jpg,1
20260527_053115_CAHMSV_006_f009430.jpg,1
20260527_053115_CAHMSV_006_f009435.jpg,1
20260527_053115_CAHMSV_006_f009440.jpg,1
20260527_053115_CAHMSV_006_f009445.jpg,1
20260527_053115_CAHMSV_006_f009450.jpg,1
20260527_053115_CAHMSV_006_f009455.jpg,1
20260527_053115_CAHMSV_006_f009460.jpg,1
20260527_053115_CAHMSV_006_f009465.jpg,1
20260527_053115_CAHMSV_006_f009470.jpg,1
20260527_053115_CAHMSV_006_f009475.jpg,1
20260527_053115_CAHMSV_006_f009480.jpg,1
20260527_053115_CAHMSV_006_f009485.jpg,1
20260527_053115_CAHMSV_006_f009490.jpg,1
20260527_053115_CAHMSV_006_f009495.jpg,1
20260527_053115_CAHMSV_006_f009500.jpg,1
20260527_053115_CAHMSV_006_f009505.jpg,1
20260527_053115_CAHMSV_006_f009510.jpg,1
20260527_053115_CAHMSV_006_f009515.jpg,1
20260527_053115_CAHMSV_006_f009520.jpg,1
20260527_053115_CAHMSV_006_f009525.jpg,1
20260527_053115_CAHMSV_006_f009530.jpg,1
20260527_053115_CAHMSV_006_f009535.jpg,1
20260527_053115_CAHMSV_006_f009540.jpg,1
20260527_053115_CAHMSV_006_f009545.jpg,1
20260527_053115_CAHMSV_006_f009550.jpg,1
20260527_053115_CAHMSV_006_f009555.jpg,1
20260527_053115_CAHMSV_006_f009560.jpg,1
20260527_053115_CAHMSV_006_f009565.jpg,1
20260527_053115_CAHMSV_006_f009570.jpg,1
20260527_053115_CAHMSV_006_f009575.jpg,1
20260527_053115_CAHMSV_006_f009580.jpg,1
20260527_053115_CAHMSV_006_f009585.jpg,1
20260527_053115_CAHMSV_006_f009590.jpg,1
20260527_053115_CAHMSV_006_f009595.jpg,1
20260527_053115_CAHMSV_006_f009600.jpg,1
20260527_053115_CAHMSV_006_f009605.jpg,1
20260527_053115_CAHMSV_006_f009610.jpg,1
20260527_053115_CAHMSV_006_f009615.jpg,1
20260527_053115_CAHMSV_006_f009620.jpg,1
20260527_053115_CAHMSV_006_f009625.jpg,1
20260527_053115_CAHMSV_006_f009630.jpg,1
20260527_053115_CAHMSV_006_f009635.jpg,1
20260527_053115_CAHMSV_006_f009640.jpg,1
20260527_053115_CAHMSV_006_f009645.jpg,1
20260527_053115_CAHMSV_006_f009650.jpg,1
20260527_053115_CAHMSV_006_f009655.jpg,1
20260527_053115_CAHMSV_006_f009660.jpg,1
20260527_053115_CAHMSV_006_f009665.jpg,1
20260527_053115_CAHMSV_006_f009670.jpg,1
20260527_053115_CAHMSV_006_f009675.jpg,1
20260527_053115_CAHMSV_006_f009680.jpg,1
20260527_053115_CAHMSV_006_f009685.jpg,1
20260527_053115_CAHMSV_006_f009690.jpg,1
20260527_053115_CAHMSV_006_f009695.jpg,1
20260527_053115_CAHMSV_006_f009700.jpg,1
20260527_053115_CAHMSV_006_f009705.jpg,1
20260527_053115_CAHMSV_006_f009710.jpg,1
20260527_053115_CAHMSV_006_f009715.jpg,1
20260527_053115_CAHMSV_006_f009720.jpg,1
20260527_053115_CAHMSV_006_f009725.jpg,1
20260527_053115_CAHMSV_006_f009730.jpg,1
20260527_053115_CAHMSV_006_f009735.jpg,1
20260527_053115_CAHMSV_006_f009740.jpg,1
20260527_053115_CAHMSV_006_f009745.jpg,1
20260527_053115_CAHMSV_006_f009750.jpg,1
20260527_053115_CAHMSV_006_f009755.jpg,1
20260527_053115_CAHMSV_006_f009760.jpg,1
20260527_053115_CAHMSV_006_f009765.jpg,1
20260527_053115_CAHMSV_006_f009770.jpg,1
20260527_053115_CAHMSV_006_f009775.jpg,1
20260527_053115_CAHMSV_006_f009780.jpg,1
20260527_053115_CAHMSV_006_f009785.jpg,1
20260527_053115_CAHMSV_006_f009790.jpg,1
20260527_053115_CAHMSV_006_f009795.jpg,1
20260527_053115_CAHMSV_006_f009800.jpg,1
20260527_053115_CAHMSV_006_f009805.jpg,1
20260527_053115_CAHMSV_006_f009810.jpg,1
20260527_053115_CAHMSV_006_f009815.jpg,1
20260527_053115_CAHMSV_006_f009820.jpg,1
20260527_053115_CAHMSV_006_f009825.jpg,1
20260527_053115_CAHMSV_006_f009830.jpg,1
20260527_053115_CAHMSV_006_f009835.jpg,1
20260527_053115_CAHMSV_006_f009840.jpg,1
20260527_053115_CAHMSV_006_f009845.jpg,1
20260527_053115_CAHMSV_006_f009850.jpg,1
20260527_053115_CAHMSV_006_f009855.jpg,1
20260527_053115_CAHMSV_006_f009860.jpg,1
20260527_053115_CAHMSV_006_f009865.jpg,1
20260527_053115_CAHMSV_006_f009870.jpg,1
20260527_053115_CAHMSV_006_f009875.jpg,1
20260527_053115_CAHMSV_006_f009880.jpg,1
20260527_053115_CAHMSV_006_f009885.jpg,1
20260527_053115_CAHMSV_006_f009890.jpg,1
20260527_053115_CAHMSV_006_f009895.jpg,1
20260527_053115_CAHMSV_006_f009900.jpg,1
20260527_053115_CAHMSV_006_f009905.jpg,1
20260527_053115_CAHMSV_006_f009910.jpg,1
20260527_053115_CAHMSV_006_f009915.jpg,1
20260527_053115_CAHMSV_006_f009920.jpg,1
20260527_053115_CAHMSV_006_f009925.jpg,1
20260527_053115_CAHMSV_006_f009930.jpg,1
20260527_053115_CAHMSV_006_f009935.jpg,1
20260527_053115_CAHMSV_006_f009940.jpg,1
20260527_053115_CAHMSV_006_f009945.jpg,1
20260527_053115_CAHMSV_006_f009950.jpg,1
20260527_053115_CAHMSV_006_f009955.jpg,1
20260527_053115_CAHMSV_006_f009960.jpg,1
20260527_053115_CAHMSV_006_f009965.jpg,1
20260527_053115_CAHMSV_006_f009970.jpg,1
20260527_053115_CAHMSV_006_f009975.jpg,1
20260527_053115_CAHMSV_006_f009980.jpg,1
20260527_053115_CAHMSV_006_f009985.jpg,1
20260527_053115_CAHMSV_006_f009990.jpg,1
20260527_053115_CAHMSV_006_f009995.jpg,1
20260527_053115_CAHMSV_006_f010000.jpg,1
20260527_053115_CAHMSV_006_f010005.jpg,1
20260527_053115_CAHMSV_006_f010010.jpg,1
20260527_053115_CAHMSV_006_f010015.jpg,1
20260527_053115_CAHMSV_006_f010020.jpg,1
20260527_053115_CAHMSV_006_f010025.jpg,1
20260527_053115_CAHMSV_006_f010030.jpg,1
20260527_053115_CAHMSV_006_f010035.jpg,1
20260527_053115_CAHMSV_006_f010040.jpg,1
20260527_053115_CAHMSV_006_f010045.jpg,1
20260527_053115_CAHMSV_006_f010050.jpg,1
20260527_053115_CAHMSV_006_f010055.jpg,1
20260527_053115_CAHMSV_006_f010060.jpg,1
20260527_053115_CAHMSV_006_f010065.jpg,1
20260527_053115_CAHMSV_006_f010070.jpg,1
20260527_053115_CAHMSV_006_f010075.jpg,1
20260527_053115_CAHMSV_006_f010080.jpg,1
20260527_053115_CAHMSV_006_f010085.jpg,1
20260527_053115_CAHMSV_006_f010090.jpg,1
20260527_053115_CAHMSV_006_f010095.jpg,1
20260527_053115_CAHMSV_006_f010100.jpg,1
20260527_053115_CAHMSV_006_f010105.jpg,1
20260527_053115_CAHMSV_006_f010110.jpg,1
20260527_053115_CAHMSV_006_f010115.jpg,1
20260527_053115_CAHMSV_006_f010120.jpg,1
20260527_053115_CAHMSV_006_f010125.jpg,1
20260527_053115_CAHMSV_006_f010130.jpg,1
20260527_053115_CAHMSV_006_f010135.jpg,1
20260527_053115_CAHMSV_006_f010140.jpg,1
20260527_053115_CAHMSV_006_f010145.jpg,1
20260527_053115_CAHMSV_006_f010150.jpg,1
20260527_053115_CAHMSV_006_f010155.jpg,1
20260527_053115_CAHMSV_006_f010160.jpg,1
20260527_053115_CAHMSV_006_f010165.jpg,1
20260527_053115_CAHMSV_006_f010170.jpg,1
20260527_053115_CAHMSV_006_f010175.jpg,1
20260527_053115_CAHMSV_006_f010180.jpg,1
20260527_053115_CAHMSV_006_f010185.jpg,1
20260527_053115_CAHMSV_006_f010190.jpg,1
20260527_053115_CAHMSV_006_f010195.jpg,1
20260527_053115_CAHMSV_006_f010200.jpg,1
20260527_053115_CAHMSV_006_f010205.jpg,1
20260527_053115_CAHMSV_006_f010210.jpg,1
20260527_053115_CAHMSV_006_f010215.jpg,1
20260527_053115_CAHMSV_006_f010220.jpg,1
20260527_053115_CAHMSV_006_f010225.jpg,1
20260527_053115_CAHMSV_006_f010230.jpg,1
20260527_053115_CAHMSV_006_f010235.jpg,1
20260527_053115_CAHMSV_006_f010240.jpg,1
20260527_053115_CAHMSV_006_f010245.jpg,1
20260527_053115_CAHMSV_006_f010250.jpg,1
20260527_053115_CAHMSV_006_f010255.jpg,1
20260527_053115_CAHMSV_006_f010260.jpg,1
20260527_053115_CAHMSV_006_f010265.jpg,1
20260527_053115_CAHMSV_006_f010270.jpg,1
20260527_053115_CAHMSV_006_f010275.jpg,1
20260527_053115_CAHMSV_006_f010280.jpg,1
20260527_053115_CAHMSV_006_f010285.jpg,1
20260527_053115_CAHMSV_006_f010290.jpg,1
20260527_053115_CAHMSV_006_f010295.jpg,1
20260527_053115_CAHMSV_006_f010300.jpg,1
20260527_053115_CAHMSV_006_f010305.jpg,1
20260527_053115_CAHMSV_006_f010310.jpg,1
20260527_053115_CAHMSV_006_f010315.jpg,1
20260527_053115_CAHMSV_006_f010320.jpg,1
20260527_053115_CAHMSV_006_f010325.jpg,1
20260527_053115_CAHMSV_006_f010330.jpg,1
20260527_053115_CAHMSV_006_f010335.jpg,1
20260527_053115_CAHMSV_006_f010340.jpg,1
20260527_053115_CAHMSV_006_f010345.jpg,1
20260527_053115_CAHMSV_006_f010350.jpg,1
20260527_053115_CAHMSV_006_f010355.jpg,1
20260527_053115_CAHMSV_006_f010360.jpg,1
20260527_053115_CAHMSV_006_f010365.jpg,1
20260527_053115_CAHMSV_006_f010370.jpg,1
20260527_053115_CAHMSV_006_f010375.jpg,1
20260527_053115_CAHMSV_006_f010380.jpg,1
20260527_053115_CAHMSV_006_f010385.jpg,1
20260527_053115_CAHMSV_006_f010390.jpg,1
20260527_053115_CAHMSV_006_f010395.jpg,1
20260527_053115_CAHMSV_006_f010400.jpg,1
20260527_053115_CAHMSV_006_f010405.jpg,1
20260527_053115_CAHMSV_006_f010410.jpg,1
20260527_053115_CAHMSV_006_f010415.jpg,1
20260527_053115_CAHMSV_006_f010420.jpg,1
20260527_053115_CAHMSV_006_f010425.jpg,1
20260527_053115_CAHMSV_006_f010430.jpg,1
20260527_053115_CAHMSV_006_f010435.jpg,1
20260527_053115_CAHMSV_006_f010440.jpg,1
20260527_053115_CAHMSV_006_f010445.jpg,1
20260527_053115_CAHMSV_006_f010450.jpg,1
20260527_053115_CAHMSV_006_f010455.jpg,1
20260527_053115_CAHMSV_006_f010460.jpg,1
20260527_053115_CAHMSV_006_f010465.jpg,1
20260527_053115_CAHMSV_006_f010470.jpg,1
20260527_053115_CAHMSV_006_f010475.jpg,1
20260527_053115_CAHMSV_006_f010480.jpg,1
20260527_053115_CAHMSV_006_f010485.jpg,1
20260527_053115_CAHMSV_006_f010490.jpg,1
20260527_053115_CAHMSV_006_f010495.jpg,1
20260527_053115_CAHMSV_006_f010500.jpg,1
20260527_053115_CAHMSV_006_f010505.jpg,1
20260527_053115_CAHMSV_006_f010510.jpg,1
20260527_053115_CAHMSV_006_f010515.jpg,1
20260527_053115_CAHMSV_006_f010520.jpg,1
20260527_053115_CAHMSV_006_f010525.jpg,1
20260527_053115_CAHMSV_006_f010530.jpg,1
20260527_053115_CAHMSV_006_f010535.jpg,1
20260527_053115_CAHMSV_006_f010540.jpg,1
20260527_053115_CAHMSV_006_f010545.jpg,1
20260527_053115_CAHMSV_006_f010550.jpg,1
20260527_053115_CAHMSV_006_f010555.jpg,1
20260527_053115_CAHMSV_006_f010560.jpg,1
20260527_053115_CAHMSV_006_f010565.jpg,1
20260527_053115_CAHMSV_006_f010570.jpg,1
20260527_053115_CAHMSV_006_f010575.jpg,1
20260527_053115_CAHMSV_006_f010580.jpg,1
20260527_053115_CAHMSV_006_f010585.jpg,1
20260527_053115_CAHMSV_006_f010590.jpg,1
20260527_053115_CAHMSV_006_f010595.jpg,1
20260527_053115_CAHMSV_006_f010600.jpg,1
20260527_053115_CAHMSV_006_f010605.jpg,1
20260527_053115_CAHMSV_006_f010610.jpg,1
20260527_053115_CAHMSV_006_f010615.jpg,1
20260527_053115_CAHMSV_006_f010620.jpg,1
20260527_053115_CAHMSV_006_f010625.jpg,1
20260527_053115_CAHMSV_006_f010630.jpg,1
20260527_053115_CAHMSV_006_f010635.jpg,1
20260527_053115_CAHMSV_006_f010640.jpg,1
20260527_053115_CAHMSV_006_f010645.jpg,1
20260527_053115_CAHMSV_006_f010650.jpg,1
20260527_053115_CAHMSV_006_f010655.jpg,1
20260527_053115_CAHMSV_006_f010660.jpg,1
20260527_053115_CAHMSV_006_f010665.jpg,1
20260527_053115_CAHMSV_006_f010670.jpg,1
20260527_053115_CAHMSV_006_f010675.jpg,1
20260527_053115_CAHMSV_006_f010680.jpg,1
20260527_053115_CAHMSV_006_f010685.jpg,1
20260527_053115_CAHMSV_006_f010690.jpg,1
20260527_053115_CAHMSV_006_f010695.jpg,1
20260527_053115_CAHMSV_006_f010700.jpg,1
20260527_053115_CAHMSV_006_f010705.jpg,1
20260527_053115_CAHMSV_006_f010710.jpg,1
20260527_053115_CAHMSV_006_f010715.jpg,1
20260527_053115_CAHMSV_006_f010720.jpg,1
20260527_053115_CAHMSV_006_f010725.jpg,1
20260527_053115_CAHMSV_006_f010730.jpg,1
20260527_053115_CAHMSV_006_f010735.jpg,1
20260527_053115_CAHMSV_006_f010740.jpg,1
20260527_053115_CAHMSV_006_f010745.jpg,1
20260527_053115_CAHMSV_006_f010750.jpg,1
20260527_053115_CAHMSV_006_f010755.jpg,1
20260527_053115_CAHMSV_006_f010760.jpg,1
20260527_053115_CAHMSV_006_f010765.jpg,1
20260527_053115_CAHMSV_006_f010770.jpg,1
20260527_053115_CAHMSV_006_f010775.jpg,1
20260527_053115_CAHMSV_006_f010780.jpg,1
20260527_053115_CAHMSV_006_f010785.jpg,1
20260527_053115_CAHMSV_006_f010790.jpg,1
20260527_053115_CAHMSV_006_f010795.jpg,1
20260527_053115_CAHMSV_006_f010800.jpg,1
20260527_053115_CAHMSV_006_f010805.jpg,1
20260527_053115_CAHMSV_006_f010810.jpg,1
20260527_053115_CAHMSV_006_f010815.jpg,1
20260527_053115_CAHMSV_006_f010820.jpg,1
20260527_053115_CAHMSV_006_f010825.jpg,1
20260527_053115_CAHMSV_006_f010830.jpg,1
20260527_053115_CAHMSV_006_f010835.jpg,1
20260527_053115_CAHMSV_006_f010840.jpg,1
20260527_053115_CAHMSV_006_f010845.jpg,1
20260527_053115_CAHMSV_006_f010850.jpg,1
20260527_053115_CAHMSV_006_f010855.jpg,1
20260527_053115_CAHMSV_006_f010860.jpg,1
20260527_053115_CAHMSV_006_f010865.jpg,1
20260527_053115_CAHMSV_006_f010870.jpg,1
20260527_053115_CAHMSV_006_f010875.jpg,1
20260527_053115_CAHMSV_006_f010880.jpg,1
20260527_053115_CAHMSV_006_f010885.jpg,1
20260527_053115_CAHMSV_006_f010890.jpg,1
20260527_053115_CAHMSV_006_f010895.jpg,1
20260527_053115_CAHMSV_006_f010900.jpg,1
20260527_053115_CAHMSV_006_f010905.jpg,1
20260527_053115_CAHMSV_006_f010910.jpg,1
20260527_053115_CAHMSV_006_f010915.jpg,1
20260527_053115_CAHMSV_006_f010920.jpg,1
20260527_053115_CAHMSV_006_f010925.jpg,1
20260527_053115_CAHMSV_006_f010930.jpg,1
20260527_053115_CAHMSV_006_f010935.jpg,1
20260527_053115_CAHMSV_006_f010940.jpg,1
20260527_053115_CAHMSV_006_f010945.jpg,1
20260527_053115_CAHMSV_006_f010950.jpg,1
20260527_053115_CAHMSV_006_f010955.jpg,1
20260527_053115_CAHMSV_006_f010960.jpg,1
20260527_053115_CAHMSV_006_f010965.jpg,1
20260527_053115_CAHMSV_006_f010970.jpg,1
20260527_053115_CAHMSV_006_f010975.jpg,1
20260527_053115_CAHMSV_006_f010980.jpg,1
20260527_053115_CAHMSV_006_f010985.jpg,1
20260527_053115_CAHMSV_006_f010990.jpg,1
20260527_053115_CAHMSV_006_f010995.jpg,1
20260527_053115_CAHMSV_006_f011000.jpg,1
20260527_053115_CAHMSV_006_f011005.jpg,1
20260527_053115_CAHMSV_006_f011010.jpg,1
20260527_053115_CAHMSV_006_f011015.jpg,1
20260527_053115_CAHMSV_006_f011020.jpg,1
20260527_053115_CAHMSV_006_f011025.jpg,1
20260527_053115_CAHMSV_006_f011030.jpg,1
20260527_053115_CAHMSV_006_f011035.jpg,1
20260527_053115_CAHMSV_006_f011040.jpg,1
20260527_053115_CAHMSV_006_f011045.jpg,1
20260527_053115_CAHMSV_006_f011050.jpg,1
20260527_053115_CAHMSV_006_f011055.jpg,1
20260527_053115_CAHMSV_006_f011060.jpg,1
20260527_053115_CAHMSV_006_f011065.jpg,1
20260527_053115_CAHMSV_006_f011070.jpg,1
20260527_053115_CAHMSV_006_f011075.jpg,1
20260527_053115_CAHMSV_006_f011080.jpg,1
20260527_053115_CAHMSV_006_f011085.jpg,1
20260527_053115_CAHMSV_006_f011090.jpg,1
20260527_053115_CAHMSV_006_f011095.jpg,1
20260527_053115_CAHMSV_006_f011100.jpg,1
20260527_053115_CAHMSV_006_f011105.jpg,1
20260527_053115_CAHMSV_006_f011110.jpg,1
20260527_053115_CAHMSV_006_f011115.jpg,1
20260527_053115_CAHMSV_006_f011120.jpg,1
20260527_053115_CAHMSV_006_f011125.jpg,1
20260527_053115_CAHMSV_006_f011130.jpg,1
20260527_053115_CAHMSV_006_f011135.jpg,1
20260527_053115_CAHMSV_006_f011140.jpg,1
20260527_053115_CAHMSV_006_f011145.jpg,1
20260527_080636_VVMVWX_001_f000000.jpg,1
20260527_080636_VVMVWX_001_f000005.jpg,1
20260527_080636_VVMVWX_001_f000010.jpg,1
20260527_080636_VVMVWX_001_f000015.jpg,1
20260527_080636_VVMVWX_001_f000020.jpg,1
20260527_080636_VVMVWX_001_f000025.jpg,1
20260527_080636_VVMVWX_001_f000030.jpg,1
20260527_080636_VVMVWX_001_f000035.jpg,1
20260527_080636_VVMVWX_001_f000040.jpg,1
20260527_080636_VVMVWX_001_f000045.jpg,1
20260527_080636_VVMVWX_001_f000050.jpg,1
20260527_080636_VVMVWX_001_f000055.jpg,1
20260527_080636_VVMVWX_001_f000060.jpg,1
20260527_080636_VVMVWX_001_f000065.jpg,1
20260527_080636_VVMVWX_001_f000070.jpg,1
20260527_080636_VVMVWX_001_f000075.jpg,1
20260527_080636_VVMVWX_001_f000080.jpg,1
20260527_080636_VVMVWX_001_f000085.jpg,1
20260527_080636_VVMVWX_001_f000090.jpg,1
20260527_080636_VVMVWX_001_f000095.jpg,1
20260527_080636_VVMVWX_001_f000100.jpg,1
20260527_080636_VVMVWX_001_f000105.jpg,1
20260527_080636_VVMVWX_001_f000110.jpg,1
20260527_080636_VVMVWX_001_f000115.jpg,1
20260527_080636_VVMVWX_001_f000120.jpg,1
20260527_080636_VVMVWX_001_f000125.jpg,1
20260527_080636_VVMVWX_001_f000130.jpg,1
20260527_080636_VVMVWX_001_f000135.jpg,1
20260527_080636_VVMVWX_001_f000140.jpg,1
20260527_080636_VVMVWX_001_f000145.jpg,1
20260527_080636_VVMVWX_001_f000150.jpg,1
20260527_080636_VVMVWX_001_f000155.jpg,1
20260527_080636_VVMVWX_001_f000160.jpg,1
20260527_080636_VVMVWX_001_f000165.jpg,1
20260527_080636_VVMVWX_001_f000180.jpg,1
20260527_080636_VVMVWX_001_f000185.jpg,1
20260527_080636_VVMVWX_001_f000190.jpg,1
20260527_080636_VVMVWX_001_f000195.jpg,1
20260527_080636_VVMVWX_001_f000200.jpg,1
20260527_080636_VVMVWX_001_f000205.jpg,1
20260527_080636_VVMVWX_001_f000210.jpg,1
20260527_080636_VVMVWX_001_f000215.jpg,1
20260527_080636_VVMVWX_001_f000220.jpg,1
20260527_080636_VVMVWX_001_f000225.jpg,1
20260527_080636_VVMVWX_001_f000230.jpg,1
20260527_080636_VVMVWX_001_f000235.jpg,1
20260527_080636_VVMVWX_001_f000240.jpg,1
20260527_080636_VVMVWX_001_f000245.jpg,1
20260527_080636_VVMVWX_001_f000250.jpg,1
20260527_080636_VVMVWX_001_f000255.jpg,1
20260527_080636_VVMVWX_001_f000260.jpg,1
20260527_080636_VVMVWX_001_f000265.jpg,1
20260527_080636_VVMVWX_001_f000270.jpg,1
20260527_080636_VVMVWX_001_f000275.jpg,1
20260527_080636_VVMVWX_001_f000280.jpg,1
20260527_080636_VVMVWX_001_f000285.jpg,1
20260527_080636_VVMVWX_001_f000290.jpg,1
20260527_080636_VVMVWX_001_f000295.jpg,1
20260527_080636_VVMVWX_001_f000300.jpg,1
20260527_080636_VVMVWX_001_f000305.jpg,1
20260527_080636_VVMVWX_001_f000310.jpg,1
20260527_080636_VVMVWX_001_f000315.jpg,1
20260527_080636_VVMVWX_001_f000320.jpg,1
20260527_080636_VVMVWX_001_f000325.jpg,1
20260527_080636_VVMVWX_001_f000330.jpg,1
20260527_080636_VVMVWX_001_f000335.jpg,1
20260527_080636_VVMVWX_001_f000340.jpg,1
20260527_080636_VVMVWX_001_f000345.jpg,1
20260527_080636_VVMVWX_001_f000350.jpg,1
20260527_080636_VVMVWX_001_f000355.jpg,1
20260527_080636_VVMVWX_001_f000360.jpg,1
20260527_080636_VVMVWX_001_f000365.jpg,1
20260527_080636_VVMVWX_001_f000370.jpg,1
20260527_080636_VVMVWX_001_f000375.jpg,1
20260527_080636_VVMVWX_001_f000380.jpg,1
20260527_080636_VVMVWX_001_f000385.jpg,1
20260527_080636_VVMVWX_001_f000400.jpg,1
20260527_080636_VVMVWX_001_f000405.jpg,1
20260527_080636_VVMVWX_001_f000410.jpg,1
20260527_080636_VVMVWX_001_f000415.jpg,1
20260527_080636_VVMVWX_001_f000420.jpg,1
20260527_080636_VVMVWX_001_f000425.jpg,1
20260527_080636_VVMVWX_001_f000430.jpg,1
20260527_080636_VVMVWX_001_f000435.jpg,1
20260527_080636_VVMVWX_001_f000440.jpg,1
20260527_080636_VVMVWX_001_f000445.jpg,1
20260527_080636_VVMVWX_001_f000450.jpg,1
20260527_080636_VVMVWX_001_f006410.jpg,1
20260527_080636_VVMVWX_001_f006415.jpg,1
20260527_080636_VVMVWX_001_f006420.jpg,1
20260527_080636_VVMVWX_001_f006425.jpg,1
20260527_080636_VVMVWX_001_f006430.jpg,1
20260527_080636_VVMVWX_001_f006590.jpg,1
20260527_080636_VVMVWX_001_f006595.jpg,1
20260527_080636_VVMVWX_001_f006600.jpg,1
20260527_080636_VVMVWX_001_f006605.jpg,1
20260527_080636_VVMVWX_001_f006610.jpg,1
20260527_080636_VVMVWX_001_f006615.jpg,1
20260527_080636_VVMVWX_001_f006620.jpg,1
20260527_080636_VVMVWX_001_f006625.jpg,1
20260527_080636_VVMVWX_001_f006630.jpg,1
20260527_080636_VVMVWX_001_f006640.jpg,1
20260527_080636_VVMVWX_001_f006645.jpg,1
20260527_080636_VVMVWX_001_f006650.jpg,1
20260527_080636_VVMVWX_001_f006655.jpg,1
20260527_080636_VVMVWX_001_f006660.jpg,1
20260527_080636_VVMVWX_001_f006665.jpg,1
20260527_080636_VVMVWX_001_f006670.jpg,1
20260527_080636_VVMVWX_001_f006675.jpg,1
20260527_080636_VVMVWX_001_f006680.jpg,1
20260527_080636_VVMVWX_001_f006685.jpg,1
20260527_080636_VVMVWX_001_f006690.jpg,1
20260527_080636_VVMVWX_001_f006695.jpg,1
20260527_080636_VVMVWX_001_f006700.jpg,1
20260527_080636_VVMVWX_001_f007195.jpg,1
20260527_080636_VVMVWX_001_f007205.jpg,1
20260527_080636_VVMVWX_001_f007210.jpg,1
20260527_080636_VVMVWX_001_f007215.jpg,1
20260527_080636_VVMVWX_001_f007220.jpg,1
20260527_080636_VVMVWX_001_f007225.jpg,1
20260527_080636_VVMVWX_001_f007700.jpg,1
20260527_080636_VVMVWX_001_f007705.jpg,1
20260527_080636_VVMVWX_001_f007710.jpg,1
20260527_080636_VVMVWX_001_f007715.jpg,1
20260527_080636_VVMVWX_001_f007720.jpg,1
20260527_080636_VVMVWX_001_f007725.jpg,1
20260527_080636_VVMVWX_001_f007730.jpg,1
20260527_080636_VVMVWX_001_f007735.jpg,1
20260527_080636_VVMVWX_001_f007745.jpg,1
20260527_080636_VVMVWX_001_f008025.jpg,1
20260527_080636_VVMVWX_001_f008035.jpg,1
20260527_080636_VVMVWX_001_f008040.jpg,1
20260527_080636_VVMVWX_001_f008045.jpg,1
20260527_080636_VVMVWX_001_f008050.jpg,1
20260527_080636_VVMVWX_001_f008060.jpg,1
20260527_080636_VVMVWX_001_f008065.jpg,1
20260527_080636_VVMVWX_001_f008280.jpg,1
20260527_080636_VVMVWX_001_f008285.jpg,1
20260527_080636_VVMVWX_001_f008290.jpg,1
20260527_080636_VVMVWX_001_f008295.jpg,1
20260527_080636_VVMVWX_001_f008300.jpg,1
20260527_080636_VVMVWX_001_f008305.jpg,1
20260527_080636_VVMVWX_001_f008310.jpg,1
20260527_080636_VVMVWX_001_f008315.jpg,1
20260527_080636_VVMVWX_001_f008320.jpg,1
20260527_080636_VVMVWX_001_f008325.jpg,1
20260527_080636_VVMVWX_001_f008330.jpg,1
20260527_080636_VVMVWX_001_f008335.jpg,1
20260527_080636_VVMVWX_001_f008340.jpg,1
20260527_080636_VVMVWX_001_f008345.jpg,1
20260527_080636_VVMVWX_001_f008350.jpg,1
20260527_080636_VVMVWX_001_f008355.jpg,1
20260527_080636_VVMVWX_001_f008360.jpg,1
20260527_080636_VVMVWX_001_f008365.jpg,1
20260527_080636_VVMVWX_001_f008370.jpg,1
20260527_080636_VVMVWX_001_f008375.jpg,1
20260527_080636_VVMVWX_001_f008380.jpg,1
20260527_080636_VVMVWX_001_f008385.jpg,1
20260527_080636_VVMVWX_001_f008390.jpg,1
20260527_080636_VVMVWX_001_f008395.jpg,1
20260527_080636_VVMVWX_001_f008400.jpg,1
20260527_080636_VVMVWX_001_f008405.jpg,1
20260527_080636_VVMVWX_001_f008410.jpg,1
20260527_080636_VVMVWX_001_f008415.jpg,1
20260527_080636_VVMVWX_001_f008420.jpg,1
20260527_080636_VVMVWX_001_f008425.jpg,1
20260527_080636_VVMVWX_001_f008430.jpg,1
20260527_080636_VVMVWX_001_f008435.jpg,1
20260527_080636_VVMVWX_001_f008440.jpg,1
20260527_080636_VVMVWX_001_f008445.jpg,1
20260527_080636_VVMVWX_001_f008450.jpg,1
20260527_080636_VVMVWX_001_f008455.jpg,1
20260527_080636_VVMVWX_001_f008460.jpg,1
20260527_080636_VVMVWX_001_f008465.jpg,1
20260527_080636_VVMVWX_001_f008470.jpg,1
20260527_080636_VVMVWX_001_f008475.jpg,1
20260527_080636_VVMVWX_001_f008480.jpg,1
20260527_080636_VVMVWX_001_f008485.jpg,1
20260527_080636_VVMVWX_001_f008490.jpg,1
20260527_080636_VVMVWX_001_f008495.jpg,1
20260527_080636_VVMVWX_001_f008500.jpg,1
20260527_080636_VVMVWX_001_f008505.jpg,1
20260527_080636_VVMVWX_001_f008510.jpg,1
20260527_080636_VVMVWX_001_f008515.jpg,1
20260527_080636_VVMVWX_001_f008520.jpg,1
20260527_080636_VVMVWX_001_f008525.jpg,1
20260527_080636_VVMVWX_001_f008530.jpg,1
20260527_080636_VVMVWX_001_f008535.jpg,1
20260527_080636_VVMVWX_001_f008540.jpg,1
20260527_080636_VVMVWX_001_f008545.jpg,1
20260527_080636_VVMVWX_001_f008550.jpg,1
20260527_080636_VVMVWX_001_f008555.jpg,1
20260527_080636_VVMVWX_001_f008560.jpg,1
20260527_080636_VVMVWX_001_f008565.jpg,1
20260527_080636_VVMVWX_001_f008570.jpg,1
20260527_080636_VVMVWX_001_f008575.jpg,1
20260527_080636_VVMVWX_001_f008580.jpg,1
20260527_080636_VVMVWX_001_f008585.jpg,1
20260527_080636_VVMVWX_001_f008590.jpg,1
20260527_080636_VVMVWX_001_f008595.jpg,1
20260527_080636_VVMVWX_001_f008600.jpg,1
20260527_080636_VVMVWX_001_f008605.jpg,1
20260527_080636_VVMVWX_001_f008610.jpg,1
20260527_080636_VVMVWX_001_f008615.jpg,1
20260527_080636_VVMVWX_001_f008620.jpg,1
20260527_080636_VVMVWX_001_f008625.jpg,1
20260527_080636_VVMVWX_001_f008630.jpg,1
20260527_080636_VVMVWX_001_f008635.jpg,1
20260527_080636_VVMVWX_001_f008640.jpg,1
20260527_080636_VVMVWX_001_f008645.jpg,1
20260527_080636_VVMVWX_001_f008650.jpg,1
20260527_080636_VVMVWX_001_f008655.jpg,1
20260527_080636_VVMVWX_001_f008660.jpg,1
20260527_080636_VVMVWX_001_f008665.jpg,1
20260527_080636_VVMVWX_001_f008670.jpg,1
20260527_080636_VVMVWX_001_f008675.jpg,1
20260527_080636_VVMVWX_001_f008755.jpg,1
20260527_080636_VVMVWX_001_f009010.jpg,1
20260527_080636_VVMVWX_001_f009015.jpg,1
20260527_080636_VVMVWX_001_f009020.jpg,1
20260527_080636_VVMVWX_001_f009025.jpg,1
20260527_080636_VVMVWX_001_f009030.jpg,1
20260527_080636_VVMVWX_001_f009035.jpg,1
20260527_080636_VVMVWX_001_f009040.jpg,1
20260527_080636_VVMVWX_001_f009045.jpg,1
20260527_080636_VVMVWX_001_f009445.jpg,1
20260527_080636_VVMVWX_001_f009450.jpg,1
20260527_080636_VVMVWX_001_f009455.jpg,1
20260527_080636_VVMVWX_001_f009460.jpg,1
20260527_080636_VVMVWX_001_f009465.jpg,1
20260527_080636_VVMVWX_001_f009660.jpg,1
20260527_080636_VVMVWX_001_f009665.jpg,1
20260527_080636_VVMVWX_001_f009670.jpg,1
20260527_080636_VVMVWX_001_f009675.jpg,1
20260527_080636_VVMVWX_001_f009680.jpg,1
20260527_080636_VVMVWX_001_f009685.jpg,1
20260527_080636_VVMVWX_001_f009690.jpg,1
20260527_080636_VVMVWX_001_f009695.jpg,1
20260527_080636_VVMVWX_001_f009700.jpg,1
20260527_080636_VVMVWX_001_f009705.jpg,1
20260527_080636_VVMVWX_001_f009710.jpg,1
20260527_080636_VVMVWX_001_f009715.jpg,1
20260527_080636_VVMVWX_001_f009720.jpg,1
20260527_080636_VVMVWX_001_f009725.jpg,1
20260527_080636_VVMVWX_001_f009785.jpg,1
20260527_080636_VVMVWX_001_f009790.jpg,1
20260527_080636_VVMVWX_001_f009795.jpg,1
20260527_080636_VVMVWX_001_f009810.jpg,1
20260527_080636_VVMVWX_001_f009815.jpg,1
20260527_080636_VVMVWX_001_f009820.jpg,1
20260527_080636_VVMVWX_001_f009825.jpg,1
20260527_080636_VVMVWX_001_f009830.jpg,1
20260527_080636_VVMVWX_001_f009835.jpg,1
20260527_080636_VVMVWX_001_f009840.jpg,1
20260527_080636_VVMVWX_001_f009845.jpg,1
20260527_080636_VVMVWX_001_f009850.jpg,1
20260527_080636_VVMVWX_001_f009855.jpg,1
20260527_080636_VVMVWX_001_f009860.jpg,1
20260527_080636_VVMVWX_001_f009865.jpg,1
20260527_080636_VVMVWX_001_f009870.jpg,1
20260527_080636_VVMVWX_001_f009930.jpg,1
20260527_080636_VVMVWX_001_f009935.jpg,1
20260527_080636_VVMVWX_001_f009945.jpg,1
20260527_080636_VVMVWX_001_f009950.jpg,1
20260527_080636_VVMVWX_001_f009955.jpg,1
20260527_080636_VVMVWX_001_f009960.jpg,1
20260527_080636_VVMVWX_001_f009965.jpg,1
20260527_080636_VVMVWX_001_f010195.jpg,1
20260527_080636_VVMVWX_001_f010200.jpg,1
20260527_080636_VVMVWX_001_f010205.jpg,1
20260527_080636_VVMVWX_001_f010210.jpg,1
20260527_080636_VVMVWX_001_f010290.jpg,1
20260527_080636_VVMVWX_001_f010320.jpg,1
20260527_080636_VVMVWX_001_f010325.jpg,1
20260527_080636_VVMVWX_001_f010330.jpg,1
20260527_080636_VVMVWX_001_f010335.jpg,1
20260527_080636_VVMVWX_001_f010340.jpg,1
20260527_080636_VVMVWX_001_f010345.jpg,1
20260527_080636_VVMVWX_001_f010350.jpg,1
20260527_080636_VVMVWX_001_f010355.jpg,1
20260527_080636_VVMVWX_001_f010425.jpg,1
20260527_080636_VVMVWX_001_f010430.jpg,1
20260527_080636_VVMVWX_001_f010435.jpg,1
20260527_080636_VVMVWX_001_f010440.jpg,1
20260527_080636_VVMVWX_001_f010445.jpg,1
20260527_080636_VVMVWX_001_f010450.jpg,1
20260527_080636_VVMVWX_001_f010525.jpg,1
20260527_080636_VVMVWX_001_f010735.jpg,1
20260527_080636_VVMVWX_001_f010740.jpg,1
20260527_080636_VVMVWX_001_f010745.jpg,1
20260527_080636_VVMVWX_001_f010750.jpg,1
20260527_080636_VVMVWX_001_f010755.jpg,1
20260527_080636_VVMVWX_001_f010760.jpg,1
20260527_080636_VVMVWX_001_f010765.jpg,1
20260527_080636_VVMVWX_001_f010770.jpg,1
20260527_080636_VVMVWX_001_f010775.jpg,1
20260527_080636_VVMVWX_001_f010780.jpg,1
20260527_080636_VVMVWX_001_f010785.jpg,1
20260527_080636_VVMVWX_001_f010790.jpg,1
20260527_080636_VVMVWX_001_f010795.jpg,1
20260527_080636_VVMVWX_001_f010800.jpg,1
20260527_080636_VVMVWX_001_f010805.jpg,1
20260527_080636_VVMVWX_001_f010810.jpg,1
20260527_080636_VVMVWX_001_f010815.jpg,1
20260527_080636_VVMVWX_001_f010820.jpg,1
20260527_080636_VVMVWX_001_f010825.jpg,1
20260527_080636_VVMVWX_001_f010830.jpg,1
20260527_080636_VVMVWX_001_f010880.jpg,1
20260527_080636_VVMVWX_001_f010885.jpg,1
20260527_082739_BQRAWE_002_f000000.jpg,1
20260527_082739_BQRAWE_002_f000005.jpg,1
20260527_082739_BQRAWE_002_f000010.jpg,1
20260527_082739_BQRAWE_002_f000025.jpg,1
20260527_082739_BQRAWE_002_f000030.jpg,1
20260527_082739_BQRAWE_002_f000035.jpg,1
20260527_082739_BQRAWE_002_f000040.jpg,1
20260527_082739_BQRAWE_002_f000045.jpg,1
20260527_082739_BQRAWE_002_f000050.jpg,1
20260527_082739_BQRAWE_002_f000055.jpg,1
20260527_082739_BQRAWE_002_f000060.jpg,1
20260527_082739_BQRAWE_002_f000065.jpg,1
20260527_082739_BQRAWE_002_f000070.jpg,1
20260527_082739_BQRAWE_002_f000075.jpg,1
20260527_082739_BQRAWE_002_f000080.jpg,1
20260527_082739_BQRAWE_002_f000085.jpg,1
20260527_082739_BQRAWE_002_f000090.jpg,1
20260527_082739_BQRAWE_002_f000095.jpg,1
20260527_082739_BQRAWE_002_f000100.jpg,1
20260527_082739_BQRAWE_002_f000105.jpg,1
20260527_082739_BQRAWE_002_f000110.jpg,1
20260527_082739_BQRAWE_002_f000115.jpg,1
20260527_082739_BQRAWE_002_f000120.jpg,1
20260527_082739_BQRAWE_002_f000125.jpg,1
20260527_082739_BQRAWE_002_f000130.jpg,1
20260527_082739_BQRAWE_002_f000135.jpg,1
20260527_082739_BQRAWE_002_f000140.jpg,1
20260527_082739_BQRAWE_002_f000145.jpg,1
20260527_082739_BQRAWE_002_f000150.jpg,1
20260527_082739_BQRAWE_002_f000155.jpg,1
20260527_082739_BQRAWE_002_f000160.jpg,1
20260527_082739_BQRAWE_002_f000165.jpg,1
20260527_082739_BQRAWE_002_f000170.jpg,1
20260527_082739_BQRAWE_002_f000175.jpg,1
20260527_082739_BQRAWE_002_f000180.jpg,1
20260527_082739_BQRAWE_002_f000185.jpg,1
20260527_082739_BQRAWE_002_f000190.jpg,1
20260527_082739_BQRAWE_002_f000195.jpg,1
20260527_082739_BQRAWE_002_f000200.jpg,1
20260527_082739_BQRAWE_002_f000205.jpg,1
20260527_082739_BQRAWE_002_f000210.jpg,1
20260527_082739_BQRAWE_002_f000215.jpg,1
20260527_082739_BQRAWE_002_f000220.jpg,1
20260527_082739_BQRAWE_002_f000225.jpg,1
20260527_082739_BQRAWE_002_f000230.jpg,1
20260527_082739_BQRAWE_002_f000235.jpg,1
20260527_082739_BQRAWE_002_f000240.jpg,1
20260527_082739_BQRAWE_002_f000245.jpg,1
20260527_082739_BQRAWE_002_f000250.jpg,1
20260527_082739_BQRAWE_002_f000255.jpg,1
20260527_082739_BQRAWE_002_f000260.jpg,1
20260527_082739_BQRAWE_002_f000265.jpg,1
20260527_082739_BQRAWE_002_f000270.jpg,1
20260527_082739_BQRAWE_002_f000275.jpg,1
20260527_082739_BQRAWE_002_f000280.jpg,1
20260527_082739_BQRAWE_002_f000285.jpg,1
20260527_082739_BQRAWE_002_f000290.jpg,1
20260527_082739_BQRAWE_002_f000295.jpg,1
20260527_082739_BQRAWE_002_f000300.jpg,1
20260527_082739_BQRAWE_002_f000305.jpg,1
20260527_082739_BQRAWE_002_f000310.jpg,1
20260527_082739_BQRAWE_002_f000315.jpg,1
20260527_082739_BQRAWE_002_f000320.jpg,1
20260527_082739_BQRAWE_002_f000325.jpg,1
20260527_082739_BQRAWE_002_f000330.jpg,1
20260527_082739_BQRAWE_002_f000335.jpg,1
20260527_082739_BQRAWE_002_f000365.jpg,1
20260527_082739_BQRAWE_002_f000375.jpg,1
20260527_082739_BQRAWE_002_f000380.jpg,1
20260527_082739_BQRAWE_002_f000385.jpg,1
20260527_082739_BQRAWE_002_f000390.jpg,1
20260527_082739_BQRAWE_002_f000395.jpg,1
20260527_082739_BQRAWE_002_f000400.jpg,1
20260527_082739_BQRAWE_002_f000405.jpg,1
20260527_082739_BQRAWE_002_f000410.jpg,1
20260527_082739_BQRAWE_002_f000415.jpg,1
20260527_082739_BQRAWE_002_f000435.jpg,1
20260527_082739_BQRAWE_002_f000440.jpg,1
20260527_082739_BQRAWE_002_f000445.jpg,1
20260527_082739_BQRAWE_002_f000450.jpg,1
20260527_082739_BQRAWE_002_f000455.jpg,1
20260527_082739_BQRAWE_002_f000460.jpg,1
20260527_082739_BQRAWE_002_f000465.jpg,1
20260527_082739_BQRAWE_002_f000470.jpg,1
20260527_082739_BQRAWE_002_f000485.jpg,1
20260527_082739_BQRAWE_002_f000490.jpg,1
20260527_082739_BQRAWE_002_f000495.jpg,1
20260527_082739_BQRAWE_002_f000500.jpg,1
20260527_082739_BQRAWE_002_f000505.jpg,1
20260527_082739_BQRAWE_002_f000510.jpg,1
20260527_082739_BQRAWE_002_f000515.jpg,1
20260527_082739_BQRAWE_002_f000520.jpg,1
20260527_082739_BQRAWE_002_f000525.jpg,1
20260527_082739_BQRAWE_002_f000530.jpg,1
20260527_082739_BQRAWE_002_f000535.jpg,1
20260527_082739_BQRAWE_002_f000540.jpg,1
20260527_082739_BQRAWE_002_f000545.jpg,1
20260527_082739_BQRAWE_002_f000550.jpg,1
20260527_082739_BQRAWE_002_f000555.jpg,1
20260527_082739_BQRAWE_002_f000560.jpg,1
20260527_082739_BQRAWE_002_f000565.jpg,1
20260527_082739_BQRAWE_002_f000570.jpg,1
20260527_082739_BQRAWE_002_f000575.jpg,1
20260527_082739_BQRAWE_002_f000580.jpg,1
20260527_082739_BQRAWE_002_f000585.jpg,1
20260527_082739_BQRAWE_002_f000615.jpg,1
20260527_082739_BQRAWE_002_f000620.jpg,1
20260527_082739_BQRAWE_002_f000625.jpg,1
20260527_082739_BQRAWE_002_f000630.jpg,1
20260527_082739_BQRAWE_002_f000635.jpg,1
20260527_082739_BQRAWE_002_f000640.jpg,1
20260527_082739_BQRAWE_002_f000645.jpg,1
20260527_082739_BQRAWE_002_f000650.jpg,1
20260527_082739_BQRAWE_002_f000655.jpg,1
20260527_082739_BQRAWE_002_f000660.jpg,1
20260527_082739_BQRAWE_002_f000665.jpg,1
20260527_082739_BQRAWE_002_f000670.jpg,1
20260527_082739_BQRAWE_002_f000675.jpg,1
20260527_082739_BQRAWE_002_f000680.jpg,1
20260527_082739_BQRAWE_002_f000685.jpg,1
20260527_082739_BQRAWE_002_f000690.jpg,1
20260527_082739_BQRAWE_002_f000695.jpg,1
20260527_082739_BQRAWE_002_f000700.jpg,1
20260527_082739_BQRAWE_002_f000705.jpg,1
20260527_082739_BQRAWE_002_f000710.jpg,1
20260527_082739_BQRAWE_002_f000715.jpg,1
20260527_082739_BQRAWE_002_f000720.jpg,1
20260527_082739_BQRAWE_002_f000725.jpg,1
20260527_082739_BQRAWE_002_f000730.jpg,1
20260527_082739_BQRAWE_002_f000735.jpg,1
20260527_082739_BQRAWE_002_f000740.jpg,1
20260527_082739_BQRAWE_002_f000745.jpg,1
20260527_082739_BQRAWE_002_f000750.jpg,1
20260527_082739_BQRAWE_002_f000755.jpg,1
20260527_082739_BQRAWE_002_f000760.jpg,1
20260527_082739_BQRAWE_002_f000765.jpg,1
20260527_082739_BQRAWE_002_f000770.jpg,1
20260527_082739_BQRAWE_002_f000775.jpg,1
20260527_082739_BQRAWE_002_f000780.jpg,1
20260527_082739_BQRAWE_002_f000785.jpg,1
20260527_082739_BQRAWE_002_f000790.jpg,1
20260527_082739_BQRAWE_002_f000795.jpg,1
20260527_082739_BQRAWE_002_f000800.jpg,1
20260527_082739_BQRAWE_002_f000805.jpg,1
20260527_082739_BQRAWE_002_f000820.jpg,1
20260527_082739_BQRAWE_002_f000825.jpg,1
20260527_082739_BQRAWE_002_f000830.jpg,1
20260527_082739_BQRAWE_002_f000835.jpg,1
20260527_082739_BQRAWE_002_f000840.jpg,1
20260527_082739_BQRAWE_002_f000845.jpg,1
20260527_082739_BQRAWE_002_f000850.jpg,1
20260527_082739_BQRAWE_002_f000855.jpg,1
20260527_082739_BQRAWE_002_f000860.jpg,1
20260527_082739_BQRAWE_002_f000865.jpg,1
20260527_082739_BQRAWE_002_f000870.jpg,1
20260527_082739_BQRAWE_002_f000875.jpg,1
20260527_082739_BQRAWE_002_f000880.jpg,1
20260527_082739_BQRAWE_002_f000885.jpg,1
20260527_082739_BQRAWE_002_f000890.jpg,1
20260527_082739_BQRAWE_002_f000895.jpg,1
20260527_082739_BQRAWE_002_f000900.jpg,1
20260527_082739_BQRAWE_002_f000905.jpg,1
20260527_082739_BQRAWE_002_f000910.jpg,1
20260527_082739_BQRAWE_002_f000915.jpg,1
20260527_082739_BQRAWE_002_f000920.jpg,1
20260527_082739_BQRAWE_002_f000925.jpg,1
20260527_082739_BQRAWE_002_f000930.jpg,1
20260527_082739_BQRAWE_002_f000935.jpg,1
20260527_082739_BQRAWE_002_f000940.jpg,1
20260527_082739_BQRAWE_002_f000945.jpg,1
20260527_082739_BQRAWE_002_f000950.jpg,1
20260527_082739_BQRAWE_002_f000955.jpg,1
20260527_082739_BQRAWE_002_f000960.jpg,1
20260527_082739_BQRAWE_002_f000965.jpg,1
20260527_082739_BQRAWE_002_f000970.jpg,1
20260527_082739_BQRAWE_002_f000975.jpg,1
20260527_082739_BQRAWE_002_f000980.jpg,1
20260527_082739_BQRAWE_002_f000985.jpg,1
20260527_082739_BQRAWE_002_f000990.jpg,1
20260527_082739_BQRAWE_002_f001030.jpg,1
20260527_082739_BQRAWE_002_f001035.jpg,1
20260527_082739_BQRAWE_002_f001040.jpg,1
20260527_082739_BQRAWE_002_f001045.jpg,1
20260527_082739_BQRAWE_002_f001050.jpg,1
20260527_082739_BQRAWE_002_f001055.jpg,1
20260527_082739_BQRAWE_002_f001060.jpg,1
20260527_082739_BQRAWE_002_f001065.jpg,1
20260527_082739_BQRAWE_002_f001070.jpg,1
20260527_082739_BQRAWE_002_f001075.jpg,1
20260527_082739_BQRAWE_002_f001080.jpg,1
20260527_082739_BQRAWE_002_f001085.jpg,1
20260527_082739_BQRAWE_002_f001090.jpg,1
20260527_082739_BQRAWE_002_f001095.jpg,1
20260527_082739_BQRAWE_002_f001100.jpg,1
20260527_082739_BQRAWE_002_f001105.jpg,1
20260527_082739_BQRAWE_002_f001110.jpg,1
20260527_082739_BQRAWE_002_f001135.jpg,1
20260527_082739_BQRAWE_002_f001140.jpg,1
20260527_082739_BQRAWE_002_f001145.jpg,1
20260527_082739_BQRAWE_002_f001150.jpg,1
20260527_082739_BQRAWE_002_f001155.jpg,1
20260527_082739_BQRAWE_002_f001160.jpg,1
20260527_082739_BQRAWE_002_f001165.jpg,1
20260527_082739_BQRAWE_002_f001170.jpg,1
20260527_082739_BQRAWE_002_f001175.jpg,1
20260527_082739_BQRAWE_002_f001180.jpg,1
20260527_082739_BQRAWE_002_f001185.jpg,1
20260527_082739_BQRAWE_002_f001190.jpg,1
20260527_082739_BQRAWE_002_f001195.jpg,1
20260527_082739_BQRAWE_002_f001200.jpg,1
20260527_082739_BQRAWE_002_f001205.jpg,1
20260527_082739_BQRAWE_002_f001210.jpg,1
20260527_082739_BQRAWE_002_f001215.jpg,1
20260527_082739_BQRAWE_002_f001220.jpg,1
20260527_082739_BQRAWE_002_f001225.jpg,1
20260527_082739_BQRAWE_002_f001230.jpg,1
20260527_082739_BQRAWE_002_f001235.jpg,1
20260527_082739_BQRAWE_002_f001240.jpg,1
20260527_082739_BQRAWE_002_f001245.jpg,1
20260527_082739_BQRAWE_002_f001250.jpg,1
20260527_082739_BQRAWE_002_f001255.jpg,1
20260527_082739_BQRAWE_002_f001260.jpg,1
20260527_082739_BQRAWE_002_f001265.jpg,1
20260527_082739_BQRAWE_002_f001270.jpg,1
20260527_082739_BQRAWE_002_f001275.jpg,1
20260527_082739_BQRAWE_002_f001280.jpg,1
20260527_082739_BQRAWE_002_f001285.jpg,1
20260527_082739_BQRAWE_002_f001290.jpg,1
20260527_082739_BQRAWE_002_f001295.jpg,1
20260527_082739_BQRAWE_002_f001300.jpg,1
20260527_082739_BQRAWE_002_f001305.jpg,1
20260527_082739_BQRAWE_002_f001310.jpg,1
20260527_082739_BQRAWE_002_f001315.jpg,1
20260527_082739_BQRAWE_002_f001320.jpg,1
20260527_082739_BQRAWE_002_f001325.jpg,1
20260527_082739_BQRAWE_002_f001330.jpg,1
20260527_082739_BQRAWE_002_f001335.jpg,1
20260527_082739_BQRAWE_002_f001340.jpg,1
20260527_082739_BQRAWE_002_f001345.jpg,1
20260527_082739_BQRAWE_002_f001350.jpg,1
20260527_082739_BQRAWE_002_f001355.jpg,1
20260527_082739_BQRAWE_002_f001360.jpg,1
20260527_082739_BQRAWE_002_f001365.jpg,1
20260527_082739_BQRAWE_002_f001370.jpg,1
20260527_082739_BQRAWE_002_f001375.jpg,1
20260527_082739_BQRAWE_002_f001380.jpg,1
20260527_082739_BQRAWE_002_f001385.jpg,1
20260527_082739_BQRAWE_002_f001390.jpg,1
20260527_082739_BQRAWE_002_f001395.jpg,1
20260527_082739_BQRAWE_002_f001400.jpg,1
20260527_082739_BQRAWE_002_f001405.jpg,1
20260527_082739_BQRAWE_002_f001410.jpg,1
20260527_082739_BQRAWE_002_f001415.jpg,1
20260527_082739_BQRAWE_002_f001420.jpg,1
20260527_082739_BQRAWE_002_f001425.jpg,1
20260527_082739_BQRAWE_002_f001430.jpg,1
20260527_082739_BQRAWE_002_f001435.jpg,1
20260527_082739_BQRAWE_002_f001440.jpg,1
20260527_082739_BQRAWE_002_f001445.jpg,1
20260527_082739_BQRAWE_002_f001450.jpg,1
20260527_082739_BQRAWE_002_f001455.jpg,1
20260527_082739_BQRAWE_002_f001460.jpg,1
20260527_082739_BQRAWE_002_f001465.jpg,1
20260527_082739_BQRAWE_002_f001470.jpg,1
20260527_082739_BQRAWE_002_f001475.jpg,1
20260527_082739_BQRAWE_002_f001480.jpg,1
20260527_082739_BQRAWE_002_f001485.jpg,1
20260527_082739_BQRAWE_002_f001490.jpg,1
20260527_082739_BQRAWE_002_f001495.jpg,1
20260527_082739_BQRAWE_002_f001500.jpg,1
20260527_082739_BQRAWE_002_f001505.jpg,1
20260527_082739_BQRAWE_002_f001510.jpg,1
20260527_082739_BQRAWE_002_f001515.jpg,1
20260527_082739_BQRAWE_002_f001520.jpg,1
20260527_082739_BQRAWE_002_f001525.jpg,1
20260527_082739_BQRAWE_002_f001530.jpg,1
20260527_082739_BQRAWE_002_f001535.jpg,1
20260527_082739_BQRAWE_002_f001560.jpg,1
20260527_082739_BQRAWE_002_f001565.jpg,1
20260527_082739_BQRAWE_002_f001570.jpg,1
20260527_082739_BQRAWE_002_f001575.jpg,1
20260527_082739_BQRAWE_002_f001580.jpg,1
20260527_082739_BQRAWE_002_f001585.jpg,1
20260527_082739_BQRAWE_002_f001590.jpg,1
20260527_082739_BQRAWE_002_f001595.jpg,1
20260527_082739_BQRAWE_002_f001600.jpg,1
20260527_082739_BQRAWE_002_f001605.jpg,1
20260527_082739_BQRAWE_002_f001610.jpg,1
20260527_082739_BQRAWE_002_f001615.jpg,1
20260527_082739_BQRAWE_002_f001650.jpg,1
20260527_082739_BQRAWE_002_f001660.jpg,1
20260527_082739_BQRAWE_002_f001665.jpg,1
20260527_082739_BQRAWE_002_f001670.jpg,1
20260527_082739_BQRAWE_002_f001675.jpg,1
20260527_082739_BQRAWE_002_f001680.jpg,1
20260527_082739_BQRAWE_002_f001685.jpg,1
20260527_082739_BQRAWE_002_f001690.jpg,1
20260527_082739_BQRAWE_002_f001695.jpg,1
20260527_082739_BQRAWE_002_f001700.jpg,1
20260527_082739_BQRAWE_002_f001705.jpg,1
20260527_082739_BQRAWE_002_f001710.jpg,1
20260527_082739_BQRAWE_002_f001715.jpg,1
20260527_082739_BQRAWE_002_f001720.jpg,1
20260527_082739_BQRAWE_002_f001725.jpg,1
20260527_082739_BQRAWE_002_f001730.jpg,1
20260527_082739_BQRAWE_002_f001735.jpg,1
20260527_082739_BQRAWE_002_f001825.jpg,1
20260527_082739_BQRAWE_002_f001830.jpg,1
20260527_082739_BQRAWE_002_f001835.jpg,1
20260527_082739_BQRAWE_002_f001840.jpg,1
20260527_082739_BQRAWE_002_f001905.jpg,1
20260527_082739_BQRAWE_002_f001910.jpg,1
20260527_082739_BQRAWE_002_f001915.jpg,1
20260527_082739_BQRAWE_002_f001920.jpg,1
20260527_082739_BQRAWE_002_f001925.jpg,1
20260527_082739_BQRAWE_002_f001930.jpg,1
20260527_082739_BQRAWE_002_f001935.jpg,1
20260527_082739_BQRAWE_002_f001940.jpg,1
20260527_082739_BQRAWE_002_f001945.jpg,1
20260527_082739_BQRAWE_002_f001950.jpg,1
20260527_082739_BQRAWE_002_f001955.jpg,1
20260527_082739_BQRAWE_002_f001960.jpg,1
20260527_082739_BQRAWE_002_f001965.jpg,1
20260527_082739_BQRAWE_002_f001970.jpg,1
20260527_082739_BQRAWE_002_f001975.jpg,1
20260527_082739_BQRAWE_002_f001980.jpg,1
20260527_082739_BQRAWE_002_f002005.jpg,1
20260527_082739_BQRAWE_002_f002010.jpg,1
20260527_082739_BQRAWE_002_f002015.jpg,1
20260527_082739_BQRAWE_002_f002020.jpg,1
20260527_082739_BQRAWE_002_f002025.jpg,1
20260527_082739_BQRAWE_002_f002030.jpg,1
20260527_082739_BQRAWE_002_f002035.jpg,1
20260527_082739_BQRAWE_002_f002040.jpg,1
20260527_082739_BQRAWE_002_f002045.jpg,1
20260527_082739_BQRAWE_002_f002050.jpg,1
20260527_082739_BQRAWE_002_f002055.jpg,1
20260527_082739_BQRAWE_002_f002060.jpg,1
20260527_082739_BQRAWE_002_f002065.jpg,1
20260527_082739_BQRAWE_002_f002070.jpg,1
20260527_082739_BQRAWE_002_f002075.jpg,1
20260527_082739_BQRAWE_002_f002080.jpg,1
20260527_082739_BQRAWE_002_f002085.jpg,1
20260527_082739_BQRAWE_002_f002090.jpg,1
20260527_082739_BQRAWE_002_f002095.jpg,1
20260527_082739_BQRAWE_002_f002100.jpg,1
20260527_082739_BQRAWE_002_f002105.jpg,1
20260527_082739_BQRAWE_002_f002110.jpg,1
20260527_082739_BQRAWE_002_f002115.jpg,1
20260527_082739_BQRAWE_002_f002120.jpg,1
20260527_082739_BQRAWE_002_f002135.jpg,1
20260527_082739_BQRAWE_002_f002140.jpg,1
20260527_082739_BQRAWE_002_f002145.jpg,1
20260527_082739_BQRAWE_002_f002165.jpg,1
20260527_082739_BQRAWE_002_f002170.jpg,1
20260527_082739_BQRAWE_002_f002175.jpg,1
20260527_082739_BQRAWE_002_f002180.jpg,1
20260527_082739_BQRAWE_002_f002185.jpg,1
20260527_082739_BQRAWE_002_f002190.jpg,1
20260527_082739_BQRAWE_002_f002195.jpg,1
20260527_082739_BQRAWE_002_f002200.jpg,1
20260527_082739_BQRAWE_002_f002205.jpg,1
20260527_082739_BQRAWE_002_f002210.jpg,1
20260527_082739_BQRAWE_002_f002215.jpg,1
20260527_082739_BQRAWE_002_f002220.jpg,1
20260527_082739_BQRAWE_002_f002225.jpg,1
20260527_082739_BQRAWE_002_f002230.jpg,1
20260527_082739_BQRAWE_002_f002235.jpg,1
20260527_082739_BQRAWE_002_f002240.jpg,1
20260527_082739_BQRAWE_002_f002245.jpg,1
20260527_082739_BQRAWE_002_f002250.jpg,1
20260527_082739_BQRAWE_002_f002255.jpg,1
20260527_082739_BQRAWE_002_f002260.jpg,1
20260527_082739_BQRAWE_002_f002265.jpg,1
20260527_082739_BQRAWE_002_f002270.jpg,1
20260527_082739_BQRAWE_002_f002275.jpg,1
20260527_082739_BQRAWE_002_f002280.jpg,1
20260527_082739_BQRAWE_002_f002285.jpg,1
20260527_082739_BQRAWE_002_f002290.jpg,1
20260527_082739_BQRAWE_002_f002295.jpg,1
20260527_082739_BQRAWE_002_f002300.jpg,1
20260527_082739_BQRAWE_002_f002305.jpg,1
20260527_082739_BQRAWE_002_f002310.jpg,1
20260527_082739_BQRAWE_002_f002315.jpg,1
20260527_082739_BQRAWE_002_f002320.jpg,1
20260527_082739_BQRAWE_002_f002325.jpg,1
20260527_082739_BQRAWE_002_f002330.jpg,1
20260527_082739_BQRAWE_002_f002335.jpg,1
20260527_082739_BQRAWE_002_f002340.jpg,1
20260527_082739_BQRAWE_002_f002345.jpg,1
20260527_082739_BQRAWE_002_f002350.jpg,1
20260527_082739_BQRAWE_002_f002355.jpg,1
20260527_082739_BQRAWE_002_f002360.jpg,1
20260527_082739_BQRAWE_002_f002365.jpg,1
20260527_082739_BQRAWE_002_f002370.jpg,1
20260527_082739_BQRAWE_002_f002375.jpg,1
20260527_082739_BQRAWE_002_f002380.jpg,1
20260527_082739_BQRAWE_002_f002385.jpg,1
20260527_082739_BQRAWE_002_f002390.jpg,1
20260527_082739_BQRAWE_002_f002395.jpg,1
20260527_082739_BQRAWE_002_f002400.jpg,1
20260527_082739_BQRAWE_002_f002405.jpg,1
20260527_082739_BQRAWE_002_f002410.jpg,1
20260527_082739_BQRAWE_002_f002415.jpg,1
20260527_082739_BQRAWE_002_f002420.jpg,1
20260527_082739_BQRAWE_002_f002425.jpg,1
20260527_082739_BQRAWE_002_f002430.jpg,1
20260527_082739_BQRAWE_002_f002435.jpg,1
20260527_082739_BQRAWE_002_f002440.jpg,1
20260527_082739_BQRAWE_002_f002445.jpg,1
20260527_082739_BQRAWE_002_f002450.jpg,1
20260527_082739_BQRAWE_002_f002455.jpg,1
20260527_082739_BQRAWE_002_f002460.jpg,1
20260527_082739_BQRAWE_002_f002465.jpg,1
20260527_082739_BQRAWE_002_f002470.jpg,1
20260527_082739_BQRAWE_002_f002475.jpg,1
20260527_082739_BQRAWE_002_f002480.jpg,1
20260527_082739_BQRAWE_002_f002485.jpg,1
20260527_082739_BQRAWE_002_f002490.jpg,1
20260527_082739_BQRAWE_002_f002495.jpg,1
20260527_082739_BQRAWE_002_f002500.jpg,1
20260527_082739_BQRAWE_002_f002505.jpg,1
20260527_082739_BQRAWE_002_f002510.jpg,1
20260527_082739_BQRAWE_002_f002515.jpg,1
20260527_082739_BQRAWE_002_f002520.jpg,1
20260527_082739_BQRAWE_002_f002525.jpg,1
20260527_082739_BQRAWE_002_f002530.jpg,1
20260527_082739_BQRAWE_002_f002535.jpg,1
20260527_082739_BQRAWE_002_f002540.jpg,1
20260527_082739_BQRAWE_002_f002545.jpg,1
20260527_082739_BQRAWE_002_f002550.jpg,1
20260527_082739_BQRAWE_002_f002555.jpg,1
20260527_082739_BQRAWE_002_f002560.jpg,1
20260527_082739_BQRAWE_002_f002565.jpg,1
20260527_082739_BQRAWE_002_f002570.jpg,1
20260527_082739_BQRAWE_002_f002575.jpg,1
20260527_082739_BQRAWE_002_f002580.jpg,1
20260527_082739_BQRAWE_002_f002585.jpg,1
20260527_082739_BQRAWE_002_f002590.jpg,1
20260527_082739_BQRAWE_002_f002595.jpg,1
20260527_082739_BQRAWE_002_f002600.jpg,1
20260527_082739_BQRAWE_002_f002605.jpg,1
20260527_082739_BQRAWE_002_f002610.jpg,1
20260527_082739_BQRAWE_002_f002615.jpg,1
20260527_082739_BQRAWE_002_f002620.jpg,1
20260527_082739_BQRAWE_002_f002640.jpg,1
20260527_082739_BQRAWE_002_f002645.jpg,1
20260527_082739_BQRAWE_002_f002650.jpg,1
20260527_082739_BQRAWE_002_f002655.jpg,1
20260527_082739_BQRAWE_002_f002660.jpg,1
20260527_082739_BQRAWE_002_f002665.jpg,1
20260527_082739_BQRAWE_002_f002670.jpg,1
20260527_082739_BQRAWE_002_f002675.jpg,1
20260527_082739_BQRAWE_002_f002680.jpg,1
20260527_082739_BQRAWE_002_f002685.jpg,1
20260527_082739_BQRAWE_002_f002690.jpg,1
20260527_082739_BQRAWE_002_f002710.jpg,1
20260527_082739_BQRAWE_002_f002715.jpg,1
20260527_082739_BQRAWE_002_f002720.jpg,1
20260527_082739_BQRAWE_002_f002725.jpg,1
20260527_082739_BQRAWE_002_f002730.jpg,1
20260527_082739_BQRAWE_002_f002735.jpg,1
20260527_082739_BQRAWE_002_f002740.jpg,1
20260527_082739_BQRAWE_002_f002745.jpg,1
20260527_082739_BQRAWE_002_f002750.jpg,1
20260527_082739_BQRAWE_002_f002755.jpg,1
20260527_082739_BQRAWE_002_f002760.jpg,1
20260527_082739_BQRAWE_002_f002765.jpg,1
20260527_082739_BQRAWE_002_f002770.jpg,1
20260527_082739_BQRAWE_002_f002775.jpg,1
20260527_082739_BQRAWE_002_f002780.jpg,1
20260527_082739_BQRAWE_002_f002785.jpg,1
20260527_082739_BQRAWE_002_f002790.jpg,1
20260527_082739_BQRAWE_002_f002795.jpg,1
20260527_082739_BQRAWE_002_f002800.jpg,1
20260527_082739_BQRAWE_002_f002805.jpg,1
20260527_082739_BQRAWE_002_f002810.jpg,1
20260527_082739_BQRAWE_002_f002815.jpg,1
20260527_082739_BQRAWE_002_f002820.jpg,1
20260527_082739_BQRAWE_002_f002825.jpg,1
20260527_082739_BQRAWE_002_f002830.jpg,1
20260527_082739_BQRAWE_002_f002835.jpg,1
20260527_082739_BQRAWE_002_f002840.jpg,1
20260527_082739_BQRAWE_002_f002845.jpg,1
20260527_082739_BQRAWE_002_f002850.jpg,1
20260527_082739_BQRAWE_002_f002855.jpg,1
20260527_082739_BQRAWE_002_f002860.jpg,1
20260527_082739_BQRAWE_002_f002865.jpg,1
20260527_082739_BQRAWE_002_f002870.jpg,1
20260527_082739_BQRAWE_002_f002875.jpg,1
20260527_082739_BQRAWE_002_f002880.jpg,1
20260527_082739_BQRAWE_002_f002885.jpg,1
20260527_082739_BQRAWE_002_f002890.jpg,1
20260527_082739_BQRAWE_002_f002895.jpg,1
20260527_082739_BQRAWE_002_f002900.jpg,1
20260527_082739_BQRAWE_002_f002905.jpg,1
20260527_082739_BQRAWE_002_f002910.jpg,1
20260527_082739_BQRAWE_002_f002915.jpg,1
20260527_082739_BQRAWE_002_f002920.jpg,1
20260527_082739_BQRAWE_002_f002925.jpg,1
20260527_082739_BQRAWE_002_f002930.jpg,1
20260527_082739_BQRAWE_002_f002935.jpg,1
20260527_082739_BQRAWE_002_f002940.jpg,1
20260527_082739_BQRAWE_002_f002945.jpg,1
20260527_082739_BQRAWE_002_f002950.jpg,1
20260527_082739_BQRAWE_002_f002955.jpg,1
20260527_082739_BQRAWE_002_f002960.jpg,1
20260527_082739_BQRAWE_002_f002965.jpg,1
20260527_082739_BQRAWE_002_f002970.jpg,1
20260527_082739_BQRAWE_002_f002975.jpg,1
20260527_082739_BQRAWE_002_f002980.jpg,1
20260527_082739_BQRAWE_002_f002985.jpg,1
20260527_082739_BQRAWE_002_f002990.jpg,1
20260527_082739_BQRAWE_002_f002995.jpg,1
20260527_082739_BQRAWE_002_f003000.jpg,1
20260527_082739_BQRAWE_002_f003005.jpg,1
20260527_082739_BQRAWE_002_f003010.jpg,1
20260527_082739_BQRAWE_002_f003015.jpg,1
20260527_082739_BQRAWE_002_f003020.jpg,1
20260527_082739_BQRAWE_002_f003025.jpg,1
20260527_082739_BQRAWE_002_f003030.jpg,1
20260527_082739_BQRAWE_002_f003035.jpg,1
20260527_082739_BQRAWE_002_f003040.jpg,1
20260527_082739_BQRAWE_002_f003045.jpg,1
20260527_082739_BQRAWE_002_f003050.jpg,1
20260527_082739_BQRAWE_002_f003055.jpg,1
20260527_082739_BQRAWE_002_f003060.jpg,1
20260527_082739_BQRAWE_002_f003065.jpg,1
20260527_082739_BQRAWE_002_f003070.jpg,1
20260527_082739_BQRAWE_002_f003075.jpg,1
20260527_082739_BQRAWE_002_f003080.jpg,1
20260527_082739_BQRAWE_002_f003085.jpg,1
20260527_082739_BQRAWE_002_f003090.jpg,1
20260527_082739_BQRAWE_002_f003095.jpg,1
20260527_082739_BQRAWE_002_f003100.jpg,1
20260527_082739_BQRAWE_002_f003105.jpg,1
20260527_082739_BQRAWE_002_f003110.jpg,1
20260527_082739_BQRAWE_002_f003115.jpg,1
20260527_082739_BQRAWE_002_f003120.jpg,1
20260527_082739_BQRAWE_002_f003125.jpg,1
20260527_082739_BQRAWE_002_f003130.jpg,1
20260527_082739_BQRAWE_002_f003135.jpg,1
20260527_082739_BQRAWE_002_f003140.jpg,1
20260527_082739_BQRAWE_002_f003145.jpg,1
20260527_082739_BQRAWE_002_f003150.jpg,1
20260527_082739_BQRAWE_002_f003155.jpg,1
20260527_082739_BQRAWE_002_f003160.jpg,1
20260527_082739_BQRAWE_002_f003165.jpg,1
20260527_082739_BQRAWE_002_f003170.jpg,1
20260527_082739_BQRAWE_002_f003175.jpg,1
20260527_082739_BQRAWE_002_f003180.jpg,1
20260527_082739_BQRAWE_002_f003185.jpg,1
20260527_082739_BQRAWE_002_f003190.jpg,1
20260527_082739_BQRAWE_002_f003195.jpg,1
20260527_082739_BQRAWE_002_f003200.jpg,1
20260527_082739_BQRAWE_002_f003205.jpg,1
20260527_082739_BQRAWE_002_f003210.jpg,1
20260527_082739_BQRAWE_002_f003215.jpg,1
20260527_082739_BQRAWE_002_f003220.jpg,1
20260527_082739_BQRAWE_002_f003225.jpg,1
20260527_082739_BQRAWE_002_f003230.jpg,1
20260527_082739_BQRAWE_002_f003235.jpg,1
20260527_082739_BQRAWE_002_f003240.jpg,1
20260527_082739_BQRAWE_002_f003245.jpg,1
20260527_082739_BQRAWE_002_f003250.jpg,1
20260527_082739_BQRAWE_002_f003255.jpg,1
20260527_082739_BQRAWE_002_f003260.jpg,1
20260527_082739_BQRAWE_002_f003265.jpg,1
20260527_082739_BQRAWE_002_f003270.jpg,1
20260527_082739_BQRAWE_002_f003275.jpg,1
20260527_082739_BQRAWE_002_f003280.jpg,1
20260527_082739_BQRAWE_002_f003285.jpg,1
20260527_082739_BQRAWE_002_f003290.jpg,1
20260527_082739_BQRAWE_002_f003295.jpg,1
20260527_082739_BQRAWE_002_f003300.jpg,1
20260527_082739_BQRAWE_002_f003305.jpg,1
20260527_082739_BQRAWE_002_f003310.jpg,1
20260527_082739_BQRAWE_002_f003315.jpg,1
20260527_082739_BQRAWE_002_f003320.jpg,1
20260527_082739_BQRAWE_002_f003325.jpg,1
20260527_082739_BQRAWE_002_f003330.jpg,1
20260527_082739_BQRAWE_002_f003335.jpg,1
20260527_082739_BQRAWE_002_f003340.jpg,1
20260527_082739_BQRAWE_002_f003345.jpg,1
20260527_082739_BQRAWE_002_f003350.jpg,1
20260527_082739_BQRAWE_002_f003355.jpg,1
20260527_082739_BQRAWE_002_f003360.jpg,1
20260527_082739_BQRAWE_002_f003365.jpg,1
20260527_082739_BQRAWE_002_f003370.jpg,1
20260527_082739_BQRAWE_002_f003375.jpg,1
20260527_082739_BQRAWE_002_f003380.jpg,1
20260527_082739_BQRAWE_002_f003385.jpg,1
20260527_082739_BQRAWE_002_f003390.jpg,1
20260527_082739_BQRAWE_002_f003395.jpg,1
20260527_082739_BQRAWE_002_f003400.jpg,1
20260527_082739_BQRAWE_002_f003405.jpg,1
20260527_082739_BQRAWE_002_f003415.jpg,1
20260527_082739_BQRAWE_002_f003420.jpg,1
20260527_082739_BQRAWE_002_f003425.jpg,1
20260527_082739_BQRAWE_002_f003430.jpg,1
20260527_082739_BQRAWE_002_f003435.jpg,1
20260527_082739_BQRAWE_002_f003455.jpg,1
20260527_082739_BQRAWE_002_f003460.jpg,1
20260527_082739_BQRAWE_002_f003465.jpg,1
20260527_082739_BQRAWE_002_f003470.jpg,1
20260527_082739_BQRAWE_002_f003475.jpg,1
20260527_082739_BQRAWE_002_f003480.jpg,1
20260527_082739_BQRAWE_002_f003485.jpg,1
20260527_082739_BQRAWE_002_f003490.jpg,1
20260527_082739_BQRAWE_002_f003495.jpg,1
20260527_082739_BQRAWE_002_f003500.jpg,1
20260527_082739_BQRAWE_002_f003515.jpg,1
20260527_082739_BQRAWE_002_f003520.jpg,1
20260527_082739_BQRAWE_002_f003525.jpg,1
20260527_082739_BQRAWE_002_f003530.jpg,1
20260527_082739_BQRAWE_002_f003535.jpg,1
20260527_082739_BQRAWE_002_f003540.jpg,1
20260527_082739_BQRAWE_002_f003545.jpg,1
20260527_082739_BQRAWE_002_f003550.jpg,1
20260527_082739_BQRAWE_002_f003555.jpg,1
20260527_082739_BQRAWE_002_f003560.jpg,1
20260527_082739_BQRAWE_002_f003565.jpg,1
20260527_082739_BQRAWE_002_f003570.jpg,1
20260527_082739_BQRAWE_002_f003575.jpg,1
20260527_082739_BQRAWE_002_f003580.jpg,1
20260527_082739_BQRAWE_002_f003585.jpg,1
20260527_082739_BQRAWE_002_f003590.jpg,1
20260527_082739_BQRAWE_002_f003595.jpg,1
20260527_082739_BQRAWE_002_f003600.jpg,1
20260527_082739_BQRAWE_002_f003605.jpg,1
20260527_082739_BQRAWE_002_f003610.jpg,1
20260527_082739_BQRAWE_002_f003615.jpg,1
20260527_082739_BQRAWE_002_f003620.jpg,1
20260527_082739_BQRAWE_002_f003625.jpg,1
20260527_082739_BQRAWE_002_f003630.jpg,1
20260527_082739_BQRAWE_002_f003635.jpg,1
20260527_082739_BQRAWE_002_f003640.jpg,1
20260527_082739_BQRAWE_002_f003645.jpg,1
20260527_082739_BQRAWE_002_f003650.jpg,1
20260527_082739_BQRAWE_002_f003655.jpg,1
20260527_082739_BQRAWE_002_f003660.jpg,1
20260527_082739_BQRAWE_002_f003665.jpg,1
20260527_082739_BQRAWE_002_f003670.jpg,1
20260527_082739_BQRAWE_002_f003675.jpg,1
20260527_082739_BQRAWE_002_f003680.jpg,1
20260527_082739_BQRAWE_002_f003685.jpg,1
20260527_082739_BQRAWE_002_f003690.jpg,1
20260527_082739_BQRAWE_002_f003695.jpg,1
20260527_082739_BQRAWE_002_f003700.jpg,1
20260527_082739_BQRAWE_002_f003705.jpg,1
20260527_082739_BQRAWE_002_f003710.jpg,1
20260527_082739_BQRAWE_002_f003715.jpg,1
20260527_082739_BQRAWE_002_f003720.jpg,1
20260527_082739_BQRAWE_002_f003725.jpg,1
20260527_082739_BQRAWE_002_f003730.jpg,1
20260527_082739_BQRAWE_002_f003735.jpg,1
20260527_082739_BQRAWE_002_f003740.jpg,1
20260527_082739_BQRAWE_002_f003745.jpg,1
20260527_082739_BQRAWE_002_f003750.jpg,1
20260527_082739_BQRAWE_002_f003755.jpg,1
20260527_082739_BQRAWE_002_f003760.jpg,1
20260527_082739_BQRAWE_002_f003765.jpg,1
20260527_082739_BQRAWE_002_f003770.jpg,1
20260527_082739_BQRAWE_002_f003775.jpg,1
20260527_082739_BQRAWE_002_f003780.jpg,1
20260527_082739_BQRAWE_002_f003785.jpg,1
20260527_082739_BQRAWE_002_f003790.jpg,1
20260527_082739_BQRAWE_002_f003795.jpg,1
20260527_082739_BQRAWE_002_f003800.jpg,1
20260527_082739_BQRAWE_002_f003805.jpg,1
20260527_082739_BQRAWE_002_f003810.jpg,1
20260527_082739_BQRAWE_002_f003815.jpg,1
20260527_082739_BQRAWE_002_f003820.jpg,1
20260527_082739_BQRAWE_002_f003825.jpg,1
20260527_082739_BQRAWE_002_f003830.jpg,1
20260527_082739_BQRAWE_002_f003835.jpg,1
20260527_082739_BQRAWE_002_f003840.jpg,1
20260527_082739_BQRAWE_002_f003845.jpg,1
20260527_082739_BQRAWE_002_f003850.jpg,1
20260527_082739_BQRAWE_002_f003855.jpg,1
20260527_082739_BQRAWE_002_f003860.jpg,1
20260527_082739_BQRAWE_002_f003865.jpg,1
20260527_082739_BQRAWE_002_f003870.jpg,1
20260527_082739_BQRAWE_002_f003875.jpg,1
20260527_082739_BQRAWE_002_f003880.jpg,1
20260527_082739_BQRAWE_002_f003885.jpg,1
20260527_082739_BQRAWE_002_f003890.jpg,1
20260527_082739_BQRAWE_002_f003895.jpg,1
20260527_082739_BQRAWE_002_f003900.jpg,1
20260527_082739_BQRAWE_002_f003905.jpg,1
20260527_082739_BQRAWE_002_f003910.jpg,1
20260527_082739_BQRAWE_002_f003915.jpg,1
20260527_082739_BQRAWE_002_f003920.jpg,1
20260527_082739_BQRAWE_002_f003925.jpg,1
20260527_082739_BQRAWE_002_f003930.jpg,1
20260527_082739_BQRAWE_002_f003935.jpg,1
20260527_082739_BQRAWE_002_f003940.jpg,1
20260527_082739_BQRAWE_002_f003945.jpg,1
20260527_082739_BQRAWE_002_f003950.jpg,1
20260527_082739_BQRAWE_002_f003955.jpg,1
20260527_082739_BQRAWE_002_f003960.jpg,1
20260527_082739_BQRAWE_002_f003965.jpg,1
20260527_082739_BQRAWE_002_f003970.jpg,1
20260527_082739_BQRAWE_002_f003975.jpg,1
20260527_082739_BQRAWE_002_f003980.jpg,1
20260527_082739_BQRAWE_002_f003985.jpg,1
20260527_082739_BQRAWE_002_f003990.jpg,1
20260527_082739_BQRAWE_002_f003995.jpg,1
20260527_082739_BQRAWE_002_f004000.jpg,1
20260527_082739_BQRAWE_002_f004005.jpg,1
20260527_082739_BQRAWE_002_f004010.jpg,1
20260527_082739_BQRAWE_002_f004015.jpg,1
20260527_082739_BQRAWE_002_f004020.jpg,1
20260527_082739_BQRAWE_002_f004025.jpg,1
20260527_082739_BQRAWE_002_f004030.jpg,1
20260527_082739_BQRAWE_002_f004035.jpg,1
20260527_082739_BQRAWE_002_f004040.jpg,1
20260527_082739_BQRAWE_002_f004045.jpg,1
20260527_082739_BQRAWE_002_f004050.jpg,1
20260527_082739_BQRAWE_002_f004055.jpg,1
20260527_082739_BQRAWE_002_f004060.jpg,1
20260527_082739_BQRAWE_002_f004065.jpg,1
20260527_082739_BQRAWE_002_f004070.jpg,1
20260527_082739_BQRAWE_002_f004075.jpg,1
20260527_082739_BQRAWE_002_f004080.jpg,1
20260527_082739_BQRAWE_002_f004085.jpg,1
20260527_082739_BQRAWE_002_f004090.jpg,1
20260527_082739_BQRAWE_002_f004095.jpg,1
20260527_082739_BQRAWE_002_f004100.jpg,1
20260527_082739_BQRAWE_002_f004105.jpg,1
20260527_082739_BQRAWE_002_f004110.jpg,1
20260527_082739_BQRAWE_002_f004115.jpg,1
20260527_082739_BQRAWE_002_f004120.jpg,1
20260527_082739_BQRAWE_002_f004125.jpg,1
20260527_082739_BQRAWE_002_f004130.jpg,1
20260527_082739_BQRAWE_002_f004135.jpg,1
20260527_082739_BQRAWE_002_f004140.jpg,1
20260527_082739_BQRAWE_002_f004145.jpg,1
20260527_082739_BQRAWE_002_f004150.jpg,1
20260527_082739_BQRAWE_002_f004155.jpg,1
20260527_082739_BQRAWE_002_f004160.jpg,1
20260527_082739_BQRAWE_002_f004165.jpg,1
20260527_082739_BQRAWE_002_f004170.jpg,1
20260527_082739_BQRAWE_002_f004175.jpg,1
20260527_082739_BQRAWE_002_f004180.jpg,1
20260527_082739_BQRAWE_002_f004185.jpg,1
20260527_082739_BQRAWE_002_f004190.jpg,1
20260527_082739_BQRAWE_002_f004195.jpg,1
20260527_082739_BQRAWE_002_f004200.jpg,1
20260527_082739_BQRAWE_002_f004205.jpg,1
20260527_082739_BQRAWE_002_f004210.jpg,1
20260527_082739_BQRAWE_002_f004215.jpg,1
20260527_082739_BQRAWE_002_f004220.jpg,1
20260527_082739_BQRAWE_002_f004225.jpg,1
20260527_082739_BQRAWE_002_f004230.jpg,1
20260527_082739_BQRAWE_002_f004235.jpg,1
20260527_082739_BQRAWE_002_f004240.jpg,1
20260527_082739_BQRAWE_002_f004245.jpg,1
20260527_082739_BQRAWE_002_f004250.jpg,1
20260527_082739_BQRAWE_002_f004255.jpg,1
20260527_082739_BQRAWE_002_f004260.jpg,1
20260527_082739_BQRAWE_002_f004265.jpg,1
20260527_082739_BQRAWE_002_f004270.jpg,1
20260527_082739_BQRAWE_002_f004275.jpg,1
20260527_082739_BQRAWE_002_f004280.jpg,1
20260527_082739_BQRAWE_002_f004285.jpg,1
20260527_082739_BQRAWE_002_f004290.jpg,1
20260527_082739_BQRAWE_002_f004295.jpg,1
20260527_082739_BQRAWE_002_f004300.jpg,1
20260527_082739_BQRAWE_002_f004305.jpg,1
20260527_082739_BQRAWE_002_f004310.jpg,1
20260527_082739_BQRAWE_002_f004315.jpg,1
20260527_082739_BQRAWE_002_f004320.jpg,1
20260527_082739_BQRAWE_002_f004325.jpg,1
20260527_082739_BQRAWE_002_f004330.jpg,1
20260527_082739_BQRAWE_002_f004335.jpg,1
20260527_082739_BQRAWE_002_f004340.jpg,1
20260527_082739_BQRAWE_002_f004345.jpg,1
20260527_082739_BQRAWE_002_f004350.jpg,1
20260527_082739_BQRAWE_002_f004355.jpg,1
20260527_082739_BQRAWE_002_f004360.jpg,1
20260527_082739_BQRAWE_002_f004365.jpg,1
20260527_082739_BQRAWE_002_f004370.jpg,1
20260527_082739_BQRAWE_002_f004375.jpg,1
20260527_082739_BQRAWE_002_f004380.jpg,1
20260527_082739_BQRAWE_002_f004385.jpg,1
20260527_082739_BQRAWE_002_f004390.jpg,1
20260527_082739_BQRAWE_002_f004395.jpg,1
20260527_082739_BQRAWE_002_f004400.jpg,1
20260527_082739_BQRAWE_002_f004405.jpg,1
20260527_082739_BQRAWE_002_f004410.jpg,1
20260527_082739_BQRAWE_002_f004415.jpg,1
20260527_082739_BQRAWE_002_f004420.jpg,1
20260527_082739_BQRAWE_002_f004425.jpg,1
20260527_082739_BQRAWE_002_f004430.jpg,1
20260527_082739_BQRAWE_002_f004435.jpg,1
20260527_082739_BQRAWE_002_f004440.jpg,1
20260527_082739_BQRAWE_002_f004445.jpg,1
20260527_082739_BQRAWE_002_f004450.jpg,1
20260527_082739_BQRAWE_002_f004455.jpg,1
20260527_082739_BQRAWE_002_f004460.jpg,1
20260527_082739_BQRAWE_002_f004465.jpg,1
20260527_082739_BQRAWE_002_f004485.jpg,1
20260527_082739_BQRAWE_002_f004490.jpg,1
20260527_082739_BQRAWE_002_f004495.jpg,1
20260527_082739_BQRAWE_002_f004500.jpg,1
20260527_082739_BQRAWE_002_f004505.jpg,1
20260527_082739_BQRAWE_002_f004510.jpg,1
20260527_082739_BQRAWE_002_f004515.jpg,1
20260527_082739_BQRAWE_002_f004520.jpg,1
20260527_082739_BQRAWE_002_f004525.jpg,1
20260527_082739_BQRAWE_002_f004530.jpg,1
20260527_082739_BQRAWE_002_f004535.jpg,1
20260527_082739_BQRAWE_002_f004540.jpg,1
20260527_082739_BQRAWE_002_f004545.jpg,1
20260527_082739_BQRAWE_002_f004550.jpg,1
20260527_082739_BQRAWE_002_f004555.jpg,1
20260527_082739_BQRAWE_002_f004560.jpg,1
20260527_082739_BQRAWE_002_f004565.jpg,1
20260527_082739_BQRAWE_002_f004570.jpg,1
20260527_082739_BQRAWE_002_f004575.jpg,1
20260527_082739_BQRAWE_002_f004580.jpg,1
20260527_082739_BQRAWE_002_f004585.jpg,1
20260527_082739_BQRAWE_002_f004590.jpg,1
20260527_082739_BQRAWE_002_f004595.jpg,1
20260527_082739_BQRAWE_002_f004600.jpg,1
20260527_082739_BQRAWE_002_f004605.jpg,1
20260527_082739_BQRAWE_002_f004610.jpg,1
20260527_082739_BQRAWE_002_f004615.jpg,1
20260527_082739_BQRAWE_002_f004620.jpg,1
20260527_082739_BQRAWE_002_f004625.jpg,1
20260527_082739_BQRAWE_002_f004630.jpg,1
20260527_082739_BQRAWE_002_f004635.jpg,1
20260527_082739_BQRAWE_002_f004640.jpg,1
20260527_082739_BQRAWE_002_f004645.jpg,1
20260527_082739_BQRAWE_002_f004650.jpg,1
20260527_082739_BQRAWE_002_f004655.jpg,1
20260527_082739_BQRAWE_002_f004660.jpg,1
20260527_082739_BQRAWE_002_f004665.jpg,1
20260527_082739_BQRAWE_002_f004670.jpg,1
20260527_082739_BQRAWE_002_f004675.jpg,1
20260527_082739_BQRAWE_002_f004680.jpg,1
20260527_082739_BQRAWE_002_f004685.jpg,1
20260527_082739_BQRAWE_002_f004690.jpg,1
20260527_082739_BQRAWE_002_f004695.jpg,1
20260527_082739_BQRAWE_002_f004700.jpg,1
20260527_082739_BQRAWE_002_f004705.jpg,1
20260527_082739_BQRAWE_002_f004710.jpg,1
20260527_082739_BQRAWE_002_f004715.jpg,1
20260527_082739_BQRAWE_002_f004720.jpg,1
20260527_082739_BQRAWE_002_f004725.jpg,1
20260527_082739_BQRAWE_002_f004730.jpg,1
20260527_082739_BQRAWE_002_f004735.jpg,1
20260527_082739_BQRAWE_002_f004740.jpg,1
20260527_082739_BQRAWE_002_f004745.jpg,1
20260527_082739_BQRAWE_002_f004750.jpg,1
20260527_082739_BQRAWE_002_f004755.jpg,1
20260527_082739_BQRAWE_002_f004760.jpg,1
20260527_082739_BQRAWE_002_f004765.jpg,1
20260527_082739_BQRAWE_002_f004770.jpg,1
20260527_082739_BQRAWE_002_f004775.jpg,1
20260527_082739_BQRAWE_002_f004820.jpg,1
20260527_082739_BQRAWE_002_f004825.jpg,1
20260527_082739_BQRAWE_002_f004830.jpg,1
20260527_082739_BQRAWE_002_f004835.jpg,1
20260527_082739_BQRAWE_002_f004840.jpg,1
20260527_082739_BQRAWE_002_f004845.jpg,1
20260527_082739_BQRAWE_002_f004850.jpg,1
20260527_082739_BQRAWE_002_f004855.jpg,1
20260527_082739_BQRAWE_002_f004860.jpg,1
20260527_082739_BQRAWE_002_f004865.jpg,1
20260527_082739_BQRAWE_002_f004870.jpg,1
20260527_082739_BQRAWE_002_f004875.jpg,1
20260527_082739_BQRAWE_002_f004880.jpg,1
20260527_082739_BQRAWE_002_f004885.jpg,1
20260527_082739_BQRAWE_002_f004890.jpg,1
20260527_082739_BQRAWE_002_f004895.jpg,1
20260527_082739_BQRAWE_002_f004900.jpg,1
20260527_082739_BQRAWE_002_f004905.jpg,1
20260527_082739_BQRAWE_002_f004910.jpg,1
20260527_082739_BQRAWE_002_f004915.jpg,1
20260527_082739_BQRAWE_002_f004920.jpg,1
20260527_082739_BQRAWE_002_f004925.jpg,1
20260527_082739_BQRAWE_002_f004930.jpg,1
20260527_082739_BQRAWE_002_f004935.jpg,1
20260527_082739_BQRAWE_002_f004940.jpg,1
20260527_082739_BQRAWE_002_f004945.jpg,1
20260527_082739_BQRAWE_002_f004950.jpg,1
20260527_082739_BQRAWE_002_f004955.jpg,1
20260527_082739_BQRAWE_002_f004960.jpg,1
20260527_082739_BQRAWE_002_f004965.jpg,1
20260527_082739_BQRAWE_002_f004970.jpg,1
20260527_082739_BQRAWE_002_f004975.jpg,1
20260527_082739_BQRAWE_002_f004980.jpg,1
20260527_082739_BQRAWE_002_f004985.jpg,1
20260527_082739_BQRAWE_002_f004990.jpg,1
20260527_082739_BQRAWE_002_f004995.jpg,1
20260527_082739_BQRAWE_002_f005000.jpg,1
20260527_082739_BQRAWE_002_f005005.jpg,1
20260527_082739_BQRAWE_002_f005010.jpg,1
20260527_082739_BQRAWE_002_f005015.jpg,1
20260527_082739_BQRAWE_002_f005020.jpg,1
20260527_082739_BQRAWE_002_f005025.jpg,1
20260527_082739_BQRAWE_002_f005030.jpg,1
20260527_082739_BQRAWE_002_f005035.jpg,1
20260527_082739_BQRAWE_002_f005040.jpg,1
20260527_082739_BQRAWE_002_f005045.jpg,1
20260527_082739_BQRAWE_002_f005050.jpg,1
20260527_082739_BQRAWE_002_f005055.jpg,1
20260527_082739_BQRAWE_002_f005060.jpg,1
20260527_082739_BQRAWE_002_f005065.jpg,1
20260527_082739_BQRAWE_002_f005070.jpg,1
20260527_082739_BQRAWE_002_f005075.jpg,1
20260527_082739_BQRAWE_002_f005080.jpg,1
20260527_082739_BQRAWE_002_f005085.jpg,1
20260527_082739_BQRAWE_002_f005090.jpg,1
20260527_082739_BQRAWE_002_f005095.jpg,1
20260527_082739_BQRAWE_002_f005100.jpg,1
20260527_082739_BQRAWE_002_f005105.jpg,1
20260527_082739_BQRAWE_002_f005110.jpg,1
20260527_082739_BQRAWE_002_f005115.jpg,1
20260527_082739_BQRAWE_002_f005120.jpg,1
20260527_082739_BQRAWE_002_f005125.jpg,1
20260527_082739_BQRAWE_002_f005130.jpg,1
20260527_082739_BQRAWE_002_f005135.jpg,1
20260527_082739_BQRAWE_002_f005140.jpg,1
20260527_082739_BQRAWE_002_f005145.jpg,1
20260527_082739_BQRAWE_002_f005150.jpg,1
20260527_082739_BQRAWE_002_f005155.jpg,1
20260527_082739_BQRAWE_002_f005160.jpg,1
20260527_082739_BQRAWE_002_f005165.jpg,1
20260527_082739_BQRAWE_002_f005170.jpg,1
20260527_082739_BQRAWE_002_f005175.jpg,1
20260527_082739_BQRAWE_002_f005180.jpg,1
20260527_082739_BQRAWE_002_f005185.jpg,1
20260527_082739_BQRAWE_002_f005190.jpg,1
20260527_082739_BQRAWE_002_f005195.jpg,1
20260527_082739_BQRAWE_002_f005200.jpg,1
20260527_082739_BQRAWE_002_f005205.jpg,1
20260527_082739_BQRAWE_002_f005210.jpg,1
20260527_082739_BQRAWE_002_f005215.jpg,1
20260527_082739_BQRAWE_002_f005220.jpg,1
20260527_082739_BQRAWE_002_f005225.jpg,1
20260527_082739_BQRAWE_002_f005230.jpg,1
20260527_082739_BQRAWE_002_f005235.jpg,1
20260527_082739_BQRAWE_002_f005240.jpg,1
20260527_082739_BQRAWE_002_f005255.jpg,1
20260527_082739_BQRAWE_002_f005260.jpg,1
20260527_082739_BQRAWE_002_f005265.jpg,1
20260527_082739_BQRAWE_002_f005270.jpg,1
20260527_082739_BQRAWE_002_f005275.jpg,1
20260527_082739_BQRAWE_002_f005280.jpg,1
20260527_082739_BQRAWE_002_f005285.jpg,1
20260527_082739_BQRAWE_002_f005290.jpg,1
20260527_082739_BQRAWE_002_f005295.jpg,1
20260527_082739_BQRAWE_002_f005305.jpg,1
20260527_082739_BQRAWE_002_f005310.jpg,1
20260527_082739_BQRAWE_002_f005315.jpg,1
20260527_082739_BQRAWE_002_f005330.jpg,1
20260527_082739_BQRAWE_002_f005335.jpg,1
20260527_082739_BQRAWE_002_f005340.jpg,1
20260527_082739_BQRAWE_002_f005345.jpg,1
20260527_082739_BQRAWE_002_f005350.jpg,1
20260527_082739_BQRAWE_002_f005355.jpg,1
20260527_082739_BQRAWE_002_f005360.jpg,1
20260527_082739_BQRAWE_002_f005365.jpg,1
20260527_082739_BQRAWE_002_f005370.jpg,1
20260527_082739_BQRAWE_002_f005375.jpg,1
20260527_082739_BQRAWE_002_f005380.jpg,1
20260527_082739_BQRAWE_002_f005385.jpg,1
20260527_082739_BQRAWE_002_f005390.jpg,1
20260527_082739_BQRAWE_002_f005395.jpg,1
20260527_082739_BQRAWE_002_f005400.jpg,1
20260527_082739_BQRAWE_002_f005405.jpg,1
20260527_082739_BQRAWE_002_f005410.jpg,1
20260527_082739_BQRAWE_002_f005415.jpg,1
20260527_082739_BQRAWE_002_f005420.jpg,1
20260527_082739_BQRAWE_002_f005425.jpg,1
20260527_082739_BQRAWE_002_f005430.jpg,1
20260527_082739_BQRAWE_002_f005435.jpg,1
20260527_082739_BQRAWE_002_f005440.jpg,1
20260527_082739_BQRAWE_002_f005445.jpg,1
20260527_082739_BQRAWE_002_f005465.jpg,1
20260527_082739_BQRAWE_002_f005470.jpg,1
20260527_082739_BQRAWE_002_f005475.jpg,1
20260527_082739_BQRAWE_002_f005480.jpg,1
20260527_082739_BQRAWE_002_f005485.jpg,1
20260527_082739_BQRAWE_002_f005490.jpg,1
20260527_082739_BQRAWE_002_f005495.jpg,1
20260527_082739_BQRAWE_002_f005500.jpg,1
20260527_082739_BQRAWE_002_f005505.jpg,1
20260527_082739_BQRAWE_002_f005510.jpg,1
20260527_082739_BQRAWE_002_f005515.jpg,1
20260527_082739_BQRAWE_002_f005520.jpg,1
20260527_082739_BQRAWE_002_f005525.jpg,1
20260527_082739_BQRAWE_002_f005530.jpg,1
20260527_082739_BQRAWE_002_f005545.jpg,1
20260527_082739_BQRAWE_002_f005550.jpg,1
20260527_082739_BQRAWE_002_f005555.jpg,1
20260527_082739_BQRAWE_002_f005560.jpg,1
20260527_082739_BQRAWE_002_f005565.jpg,1
20260527_082739_BQRAWE_002_f005570.jpg,1
20260527_082739_BQRAWE_002_f005575.jpg,1
20260527_082739_BQRAWE_002_f005580.jpg,1
20260527_082739_BQRAWE_002_f005585.jpg,1
20260527_082739_BQRAWE_002_f005590.jpg,1
20260527_082739_BQRAWE_002_f005595.jpg,1
20260527_082739_BQRAWE_002_f005600.jpg,1
20260527_082739_BQRAWE_002_f005605.jpg,1
20260527_082739_BQRAWE_002_f005610.jpg,1
20260527_082739_BQRAWE_002_f005615.jpg,1
20260527_082739_BQRAWE_002_f005620.jpg,1
20260527_082739_BQRAWE_002_f005625.jpg,1
20260527_082739_BQRAWE_002_f005630.jpg,1
20260527_082739_BQRAWE_002_f005635.jpg,1
20260527_082739_BQRAWE_002_f005640.jpg,1
20260527_082739_BQRAWE_002_f005670.jpg,1
20260527_082739_BQRAWE_002_f005675.jpg,1
20260527_082739_BQRAWE_002_f005680.jpg,1
20260527_082739_BQRAWE_002_f005685.jpg,1
20260527_082739_BQRAWE_002_f005690.jpg,1
20260527_082739_BQRAWE_002_f005695.jpg,1
20260527_082739_BQRAWE_002_f005700.jpg,1
20260527_082739_BQRAWE_002_f005705.jpg,1
20260527_082739_BQRAWE_002_f005710.jpg,1
20260527_082739_BQRAWE_002_f005715.jpg,1
20260527_082739_BQRAWE_002_f005720.jpg,1
20260527_082739_BQRAWE_002_f005725.jpg,1
20260527_082739_BQRAWE_002_f005730.jpg,1
20260527_082739_BQRAWE_002_f005735.jpg,1
20260527_082739_BQRAWE_002_f005740.jpg,1
20260527_082739_BQRAWE_002_f005745.jpg,1
20260527_082739_BQRAWE_002_f005750.jpg,1
20260527_082739_BQRAWE_002_f005755.jpg,1
20260527_082739_BQRAWE_002_f005760.jpg,1
20260527_082739_BQRAWE_002_f005765.jpg,1
20260527_082739_BQRAWE_002_f005770.jpg,1
20260527_082739_BQRAWE_002_f005775.jpg,1
20260527_082739_BQRAWE_002_f005780.jpg,1
20260527_082739_BQRAWE_002_f005785.jpg,1
20260527_082739_BQRAWE_002_f005790.jpg,1
20260527_082739_BQRAWE_002_f005795.jpg,1
20260527_082739_BQRAWE_002_f005800.jpg,1
20260527_082739_BQRAWE_002_f005805.jpg,1
20260527_082739_BQRAWE_002_f005810.jpg,1
20260527_082739_BQRAWE_002_f005815.jpg,1
20260527_082739_BQRAWE_002_f005820.jpg,1
20260527_082739_BQRAWE_002_f005825.jpg,1
20260527_082739_BQRAWE_002_f005830.jpg,1
20260527_082739_BQRAWE_002_f005835.jpg,1
20260527_082739_BQRAWE_002_f005840.jpg,1
20260527_082739_BQRAWE_002_f005845.jpg,1
20260527_082739_BQRAWE_002_f005850.jpg,1
20260527_082739_BQRAWE_002_f005855.jpg,1
20260527_082739_BQRAWE_002_f005860.jpg,1
20260527_082739_BQRAWE_002_f005865.jpg,1
20260527_082739_BQRAWE_002_f005870.jpg,1
20260527_082739_BQRAWE_002_f005875.jpg,1
20260527_082739_BQRAWE_002_f005880.jpg,1
20260527_082739_BQRAWE_002_f005885.jpg,1
20260527_082739_BQRAWE_002_f005890.jpg,1
20260527_082739_BQRAWE_002_f005895.jpg,1
20260527_082739_BQRAWE_002_f005900.jpg,1
20260527_082739_BQRAWE_002_f005905.jpg,1
20260527_082739_BQRAWE_002_f005910.jpg,1
20260527_082739_BQRAWE_002_f005915.jpg,1
20260527_082739_BQRAWE_002_f005920.jpg,1
20260527_082739_BQRAWE_002_f005925.jpg,1
20260527_082739_BQRAWE_002_f005930.jpg,1
20260527_082739_BQRAWE_002_f005935.jpg,1
20260527_082739_BQRAWE_002_f005940.jpg,1
20260527_082739_BQRAWE_002_f005945.jpg,1
20260527_082739_BQRAWE_002_f005950.jpg,1
20260527_082739_BQRAWE_002_f005955.jpg,1
20260527_082739_BQRAWE_002_f005960.jpg,1
20260527_082739_BQRAWE_002_f005965.jpg,1
20260527_082739_BQRAWE_002_f005970.jpg,1
20260527_082739_BQRAWE_002_f005975.jpg,1
20260527_082739_BQRAWE_002_f005980.jpg,1
20260527_082739_BQRAWE_002_f005985.jpg,1
20260527_082739_BQRAWE_002_f005990.jpg,1
20260527_082739_BQRAWE_002_f005995.jpg,1
20260527_082739_BQRAWE_002_f006000.jpg,1
20260527_082739_BQRAWE_002_f006005.jpg,1
20260527_082739_BQRAWE_002_f006010.jpg,1
20260527_082739_BQRAWE_002_f006015.jpg,1
20260527_082739_BQRAWE_002_f006020.jpg,1
20260527_082739_BQRAWE_002_f006025.jpg,1
20260527_082739_BQRAWE_002_f006030.jpg,1
20260527_082739_BQRAWE_002_f006035.jpg,1
20260527_082739_BQRAWE_002_f006040.jpg,1
20260527_082739_BQRAWE_002_f006045.jpg,1
20260527_082739_BQRAWE_002_f006050.jpg,1
20260527_082739_BQRAWE_002_f006055.jpg,1
20260527_082739_BQRAWE_002_f006060.jpg,1
20260527_082739_BQRAWE_002_f006065.jpg,1
20260527_082739_BQRAWE_002_f006070.jpg,1
20260527_082739_BQRAWE_002_f006075.jpg,1
20260527_082739_BQRAWE_002_f006080.jpg,1
20260527_082739_BQRAWE_002_f006085.jpg,1
20260527_082739_BQRAWE_002_f006090.jpg,1
20260527_082739_BQRAWE_002_f006095.jpg,1
20260527_082739_BQRAWE_002_f006100.jpg,1
20260527_082739_BQRAWE_002_f006105.jpg,1
20260527_082739_BQRAWE_002_f006110.jpg,1
20260527_082739_BQRAWE_002_f006115.jpg,1
20260527_082739_BQRAWE_002_f006120.jpg,1
20260527_082739_BQRAWE_002_f006125.jpg,1
20260527_082739_BQRAWE_002_f006130.jpg,1
20260527_082739_BQRAWE_002_f006135.jpg,1
20260527_082739_BQRAWE_002_f006140.jpg,1
20260527_082739_BQRAWE_002_f006145.jpg,1
20260527_082739_BQRAWE_002_f006150.jpg,1
20260527_082739_BQRAWE_002_f006155.jpg,1
20260527_082739_BQRAWE_002_f006160.jpg,1
20260527_082739_BQRAWE_002_f006165.jpg,1
20260527_082739_BQRAWE_002_f006170.jpg,1
20260527_082739_BQRAWE_002_f006175.jpg,1
20260527_082739_BQRAWE_002_f006180.jpg,1
20260527_082739_BQRAWE_002_f006185.jpg,1
20260527_082739_BQRAWE_002_f006190.jpg,1
20260527_082739_BQRAWE_002_f006195.jpg,1
20260527_082739_BQRAWE_002_f006200.jpg,1
20260527_082739_BQRAWE_002_f006205.jpg,1
20260527_082739_BQRAWE_002_f006210.jpg,1
20260527_082739_BQRAWE_002_f006215.jpg,1
20260527_082739_BQRAWE_002_f006220.jpg,1
20260527_082739_BQRAWE_002_f006225.jpg,1
20260527_082739_BQRAWE_002_f006230.jpg,1
20260527_082739_BQRAWE_002_f006235.jpg,1
20260527_082739_BQRAWE_002_f006240.jpg,1
20260527_082739_BQRAWE_002_f006245.jpg,1
20260527_082739_BQRAWE_002_f006250.jpg,1
20260527_082739_BQRAWE_002_f006255.jpg,1
20260527_082739_BQRAWE_002_f006260.jpg,1
20260527_082739_BQRAWE_002_f006265.jpg,1
20260527_082739_BQRAWE_002_f006270.jpg,1
20260527_082739_BQRAWE_002_f006275.jpg,1
20260527_082739_BQRAWE_002_f006280.jpg,1
20260527_082739_BQRAWE_002_f006285.jpg,1
20260527_082739_BQRAWE_002_f006290.jpg,1
20260527_082739_BQRAWE_002_f006295.jpg,1
20260527_082739_BQRAWE_002_f006300.jpg,1
20260527_082739_BQRAWE_002_f006305.jpg,1
20260527_082739_BQRAWE_002_f006310.jpg,1
20260527_082739_BQRAWE_002_f006315.jpg,1
20260527_082739_BQRAWE_002_f006320.jpg,1
20260527_082739_BQRAWE_002_f006325.jpg,1
20260527_082739_BQRAWE_002_f006330.jpg,1
20260527_082739_BQRAWE_002_f006335.jpg,1
20260527_082739_BQRAWE_002_f006340.jpg,1
20260527_082739_BQRAWE_002_f006345.jpg,1
20260527_082739_BQRAWE_002_f006350.jpg,1
20260527_082739_BQRAWE_002_f006355.jpg,1
20260527_082739_BQRAWE_002_f006360.jpg,1
20260527_082739_BQRAWE_002_f006365.jpg,1
20260527_082739_BQRAWE_002_f006370.jpg,1
20260527_082739_BQRAWE_002_f006375.jpg,1
20260527_082739_BQRAWE_002_f006380.jpg,1
20260527_082739_BQRAWE_002_f006385.jpg,1
20260527_082739_BQRAWE_002_f006390.jpg,1
20260527_082739_BQRAWE_002_f006395.jpg,1
20260527_082739_BQRAWE_002_f006400.jpg,1
20260527_082739_BQRAWE_002_f006405.jpg,1
20260527_082739_BQRAWE_002_f006410.jpg,1
20260527_082739_BQRAWE_002_f006415.jpg,1
20260527_082739_BQRAWE_002_f006420.jpg,1
20260527_082739_BQRAWE_002_f006425.jpg,1
20260527_082739_BQRAWE_002_f006430.jpg,1
20260527_082739_BQRAWE_002_f006435.jpg,1
20260527_082739_BQRAWE_002_f006440.jpg,1
20260527_082739_BQRAWE_002_f006445.jpg,1
20260527_082739_BQRAWE_002_f006450.jpg,1
20260527_082739_BQRAWE_002_f006455.jpg,1
20260527_082739_BQRAWE_002_f006460.jpg,1
20260527_082739_BQRAWE_002_f006465.jpg,1
20260527_082739_BQRAWE_002_f006470.jpg,1
20260527_082739_BQRAWE_002_f006475.jpg,1
20260527_082739_BQRAWE_002_f006480.jpg,1
20260527_082739_BQRAWE_002_f006485.jpg,1
20260527_082739_BQRAWE_002_f006490.jpg,1
20260527_082739_BQRAWE_002_f006495.jpg,1
20260527_082739_BQRAWE_002_f006500.jpg,1
20260527_082739_BQRAWE_002_f006505.jpg,1
20260527_082739_BQRAWE_002_f006510.jpg,1
20260527_082739_BQRAWE_002_f006515.jpg,1
20260527_082739_BQRAWE_002_f006520.jpg,1
20260527_082739_BQRAWE_002_f006525.jpg,1
20260527_082739_BQRAWE_002_f006530.jpg,1
20260527_082739_BQRAWE_002_f006535.jpg,1
20260527_082739_BQRAWE_002_f006540.jpg,1
20260527_082739_BQRAWE_002_f006545.jpg,1
20260527_082739_BQRAWE_002_f006550.jpg,1
20260527_082739_BQRAWE_002_f006555.jpg,1
20260527_082739_BQRAWE_002_f006560.jpg,1
20260527_082739_BQRAWE_002_f006565.jpg,1
20260527_082739_BQRAWE_002_f006570.jpg,1
20260527_082739_BQRAWE_002_f006575.jpg,1
20260527_082739_BQRAWE_002_f006580.jpg,1
20260527_082739_BQRAWE_002_f006585.jpg,1
20260527_082739_BQRAWE_002_f006590.jpg,1
20260527_082739_BQRAWE_002_f006595.jpg,1
20260527_082739_BQRAWE_002_f006600.jpg,1
20260527_082739_BQRAWE_002_f006605.jpg,1
20260527_082739_BQRAWE_002_f006610.jpg,1
20260527_082739_BQRAWE_002_f006615.jpg,1
20260527_082739_BQRAWE_002_f006620.jpg,1
20260527_082739_BQRAWE_002_f006625.jpg,1
20260527_082739_BQRAWE_002_f006630.jpg,1
20260527_082739_BQRAWE_002_f006635.jpg,1
20260527_082739_BQRAWE_002_f006640.jpg,1
20260527_082739_BQRAWE_002_f006645.jpg,1
20260527_082739_BQRAWE_002_f006650.jpg,1
20260527_082739_BQRAWE_002_f006655.jpg,1
20260527_082739_BQRAWE_002_f006660.jpg,1
20260527_082739_BQRAWE_002_f006665.jpg,1
20260527_082739_BQRAWE_002_f006670.jpg,1
20260527_082739_BQRAWE_002_f006675.jpg,1
20260527_082739_BQRAWE_002_f006680.jpg,1
20260527_082739_BQRAWE_002_f006685.jpg,1
20260527_082739_BQRAWE_002_f006690.jpg,1
20260527_082739_BQRAWE_002_f006695.jpg,1
20260527_082739_BQRAWE_002_f006700.jpg,1
20260527_082739_BQRAWE_002_f006705.jpg,1
20260527_082739_BQRAWE_002_f006710.jpg,1
20260527_082739_BQRAWE_002_f006715.jpg,1
20260527_082739_BQRAWE_002_f006720.jpg,1
20260527_082739_BQRAWE_002_f006725.jpg,1
20260527_082739_BQRAWE_002_f006730.jpg,1
20260527_082739_BQRAWE_002_f006735.jpg,1
20260527_082739_BQRAWE_002_f006740.jpg,1
20260527_082739_BQRAWE_002_f006745.jpg,1
20260527_082739_BQRAWE_002_f006750.jpg,1
20260527_082739_BQRAWE_002_f006755.jpg,1
20260527_082739_BQRAWE_002_f006760.jpg,1
20260527_082739_BQRAWE_002_f006770.jpg,1
20260527_082739_BQRAWE_002_f006775.jpg,1
20260527_082739_BQRAWE_002_f006780.jpg,1
20260527_082739_BQRAWE_002_f006785.jpg,1
20260527_082739_BQRAWE_002_f006790.jpg,1
20260527_082739_BQRAWE_002_f006795.jpg,1
20260527_082739_BQRAWE_002_f006800.jpg,1
20260527_082739_BQRAWE_002_f006805.jpg,1
20260527_082739_BQRAWE_002_f006810.jpg,1
20260527_082739_BQRAWE_002_f006815.jpg,1
20260527_082739_BQRAWE_002_f006830.jpg,1
20260527_082739_BQRAWE_002_f006835.jpg,1
20260527_082739_BQRAWE_002_f006840.jpg,1
20260527_082739_BQRAWE_002_f006845.jpg,1
20260527_082739_BQRAWE_002_f006850.jpg,1
20260527_082739_BQRAWE_002_f006855.jpg,1
20260527_082739_BQRAWE_002_f006860.jpg,1
20260527_082739_BQRAWE_002_f006865.jpg,1
20260527_082739_BQRAWE_002_f006870.jpg,1
20260527_082739_BQRAWE_002_f006875.jpg,1
20260527_082739_BQRAWE_002_f006880.jpg,1
20260527_082739_BQRAWE_002_f006885.jpg,1
20260527_082739_BQRAWE_002_f006890.jpg,1
20260527_082739_BQRAWE_002_f006895.jpg,1
20260527_082739_BQRAWE_002_f006900.jpg,1
20260527_082739_BQRAWE_002_f006905.jpg,1
20260527_082739_BQRAWE_002_f006910.jpg,1
20260527_082739_BQRAWE_002_f006915.jpg,1
20260527_082739_BQRAWE_002_f006920.jpg,1
20260527_082739_BQRAWE_002_f006925.jpg,1
20260527_082739_BQRAWE_002_f006930.jpg,1
20260527_082739_BQRAWE_002_f006935.jpg,1
20260527_082739_BQRAWE_002_f006940.jpg,1
20260527_082739_BQRAWE_002_f006945.jpg,1
20260527_082739_BQRAWE_002_f006950.jpg,1
20260527_082739_BQRAWE_002_f006955.jpg,1
20260527_082739_BQRAWE_002_f006960.jpg,1
20260527_082739_BQRAWE_002_f006965.jpg,1
20260527_082739_BQRAWE_002_f006970.jpg,1
20260527_082739_BQRAWE_002_f006975.jpg,1
20260527_082739_BQRAWE_002_f006980.jpg,1
20260527_082739_BQRAWE_002_f006985.jpg,1
20260527_082739_BQRAWE_002_f006990.jpg,1
20260527_082739_BQRAWE_002_f006995.jpg,1
20260527_082739_BQRAWE_002_f007000.jpg,1
20260527_082739_BQRAWE_002_f007005.jpg,1
20260527_082739_BQRAWE_002_f007010.jpg,1
20260527_082739_BQRAWE_002_f007015.jpg,1
20260527_082739_BQRAWE_002_f007020.jpg,1
20260527_082739_BQRAWE_002_f007025.jpg,1
20260527_082739_BQRAWE_002_f007030.jpg,1
20260527_082739_BQRAWE_002_f007035.jpg,1
20260527_082739_BQRAWE_002_f007040.jpg,1
20260527_082739_BQRAWE_002_f007045.jpg,1
20260527_082739_BQRAWE_002_f007050.jpg,1
20260527_082739_BQRAWE_002_f007055.jpg,1
20260527_082739_BQRAWE_002_f007060.jpg,1
20260527_082739_BQRAWE_002_f007065.jpg,1
20260527_082739_BQRAWE_002_f007070.jpg,1
20260527_082739_BQRAWE_002_f007075.jpg,1
20260527_082739_BQRAWE_002_f007080.jpg,1
20260527_082739_BQRAWE_002_f007085.jpg,1
20260527_082739_BQRAWE_002_f007090.jpg,1
20260527_082739_BQRAWE_002_f007095.jpg,1
20260527_082739_BQRAWE_002_f007100.jpg,1
20260527_082739_BQRAWE_002_f007105.jpg,1
20260527_082739_BQRAWE_002_f007110.jpg,1
20260527_082739_BQRAWE_002_f007115.jpg,1
20260527_082739_BQRAWE_002_f007120.jpg,1
20260527_082739_BQRAWE_002_f007125.jpg,1
20260527_082739_BQRAWE_002_f007130.jpg,1
20260527_082739_BQRAWE_002_f007135.jpg,1
20260527_082739_BQRAWE_002_f007140.jpg,1
20260527_082739_BQRAWE_002_f007145.jpg,1
20260527_082739_BQRAWE_002_f007150.jpg,1
20260527_082739_BQRAWE_002_f007155.jpg,1
20260527_082739_BQRAWE_002_f007160.jpg,1
20260527_082739_BQRAWE_002_f007165.jpg,1
20260527_082739_BQRAWE_002_f007170.jpg,1
20260527_082739_BQRAWE_002_f007175.jpg,1
20260527_082739_BQRAWE_002_f007180.jpg,1
20260527_082739_BQRAWE_002_f007185.jpg,1
20260527_082739_BQRAWE_002_f007190.jpg,1
20260527_082739_BQRAWE_002_f007195.jpg,1
20260527_082739_BQRAWE_002_f007200.jpg,1
20260527_082739_BQRAWE_002_f007205.jpg,1
20260527_082739_BQRAWE_002_f007210.jpg,1
20260527_082739_BQRAWE_002_f007215.jpg,1
20260527_082739_BQRAWE_002_f007220.jpg,1
20260527_082739_BQRAWE_002_f007225.jpg,1
20260527_082739_BQRAWE_002_f007230.jpg,1
20260527_082739_BQRAWE_002_f007235.jpg,1
20260527_082739_BQRAWE_002_f007240.jpg,1
20260527_082739_BQRAWE_002_f007245.jpg,1
20260527_082739_BQRAWE_002_f007250.jpg,1
20260527_082739_BQRAWE_002_f007255.jpg,1
20260527_082739_BQRAWE_002_f007260.jpg,1
20260527_082739_BQRAWE_002_f007265.jpg,1
20260527_082739_BQRAWE_002_f007270.jpg,1
20260527_082739_BQRAWE_002_f007275.jpg,1
20260527_082739_BQRAWE_002_f007280.jpg,1
20260527_082739_BQRAWE_002_f007285.jpg,1
20260527_082739_BQRAWE_002_f007290.jpg,1
20260527_082739_BQRAWE_002_f007295.jpg,1
20260527_082739_BQRAWE_002_f007300.jpg,1
20260527_082739_BQRAWE_002_f007305.jpg,1
20260527_082739_BQRAWE_002_f007310.jpg,1
20260527_082739_BQRAWE_002_f007315.jpg,1
20260527_082739_BQRAWE_002_f007320.jpg,1
20260527_082739_BQRAWE_002_f007325.jpg,1
20260527_082739_BQRAWE_002_f007330.jpg,1
20260527_082739_BQRAWE_002_f007335.jpg,1
20260527_082739_BQRAWE_002_f007340.jpg,1
20260527_082739_BQRAWE_002_f007345.jpg,1
20260527_082739_BQRAWE_002_f007350.jpg,1
20260527_082739_BQRAWE_002_f007355.jpg,1
20260527_082739_BQRAWE_002_f007360.jpg,1
20260527_082739_BQRAWE_002_f007365.jpg,1
20260527_082739_BQRAWE_002_f007370.jpg,1
20260527_082739_BQRAWE_002_f007375.jpg,1
20260527_082739_BQRAWE_002_f007380.jpg,1
20260527_082739_BQRAWE_002_f007385.jpg,1
20260527_082739_BQRAWE_002_f007390.jpg,1
20260527_082739_BQRAWE_002_f007395.jpg,1
20260527_082739_BQRAWE_002_f007400.jpg,1
20260527_082739_BQRAWE_002_f007405.jpg,1
20260527_082739_BQRAWE_002_f007410.jpg,1
20260527_082739_BQRAWE_002_f007415.jpg,1
20260527_082739_BQRAWE_002_f007420.jpg,1
20260527_082739_BQRAWE_002_f007425.jpg,1
20260527_082739_BQRAWE_002_f007430.jpg,1
20260527_082739_BQRAWE_002_f007435.jpg,1
20260527_082739_BQRAWE_002_f007440.jpg,1
20260527_082739_BQRAWE_002_f007445.jpg,1
20260527_082739_BQRAWE_002_f007450.jpg,1
20260527_082739_BQRAWE_002_f007455.jpg,1
20260527_082739_BQRAWE_002_f007460.jpg,1
20260527_082739_BQRAWE_002_f007465.jpg,1
20260527_082739_BQRAWE_002_f007470.jpg,1
20260527_082739_BQRAWE_002_f007475.jpg,1
20260527_082739_BQRAWE_002_f007480.jpg,1
20260527_082739_BQRAWE_002_f007485.jpg,1
20260527_082739_BQRAWE_002_f007490.jpg,1
20260527_082739_BQRAWE_002_f007495.jpg,1
20260527_082739_BQRAWE_002_f007500.jpg,1
20260527_082739_BQRAWE_002_f007505.jpg,1
20260527_082739_BQRAWE_002_f007510.jpg,1
20260527_082739_BQRAWE_002_f007515.jpg,1
20260527_082739_BQRAWE_002_f007520.jpg,1
20260527_082739_BQRAWE_002_f007525.jpg,1
20260527_082739_BQRAWE_002_f007530.jpg,1
20260527_082739_BQRAWE_002_f007535.jpg,1
20260527_082739_BQRAWE_002_f007540.jpg,1
20260527_082739_BQRAWE_002_f007545.jpg,1
20260527_082739_BQRAWE_002_f007550.jpg,1
20260527_082739_BQRAWE_002_f007555.jpg,1
20260527_082739_BQRAWE_002_f007560.jpg,1
20260527_082739_BQRAWE_002_f007565.jpg,1
20260527_082739_BQRAWE_002_f007570.jpg,1
20260527_082739_BQRAWE_002_f007575.jpg,1
20260527_082739_BQRAWE_002_f007580.jpg,1
20260527_082739_BQRAWE_002_f007585.jpg,1
20260527_082739_BQRAWE_002_f007590.jpg,1
20260527_082739_BQRAWE_002_f007595.jpg,1
20260527_082739_BQRAWE_002_f007600.jpg,1
20260527_082739_BQRAWE_002_f007605.jpg,1
20260527_082739_BQRAWE_002_f007610.jpg,1
20260527_082739_BQRAWE_002_f007615.jpg,1
20260527_082739_BQRAWE_002_f007620.jpg,1
20260527_082739_BQRAWE_002_f007625.jpg,1
20260527_082739_BQRAWE_002_f007630.jpg,1
20260527_082739_BQRAWE_002_f007635.jpg,1
20260527_082739_BQRAWE_002_f007640.jpg,1
20260527_082739_BQRAWE_002_f007645.jpg,1
20260527_082739_BQRAWE_002_f007650.jpg,1
20260527_082739_BQRAWE_002_f007655.jpg,1
20260527_082739_BQRAWE_002_f007660.jpg,1
20260527_082739_BQRAWE_002_f007665.jpg,1
20260527_082739_BQRAWE_002_f007670.jpg,1
20260527_082739_BQRAWE_002_f007675.jpg,1
20260527_082739_BQRAWE_002_f007680.jpg,1
20260527_082739_BQRAWE_002_f007685.jpg,1
20260527_082739_BQRAWE_002_f007690.jpg,1
20260527_082739_BQRAWE_002_f007695.jpg,1
20260527_082739_BQRAWE_002_f007700.jpg,1
20260527_082739_BQRAWE_002_f007705.jpg,1
20260527_082739_BQRAWE_002_f007710.jpg,1
20260527_082739_BQRAWE_002_f007715.jpg,1
20260527_082739_BQRAWE_002_f007720.jpg,1
20260527_082739_BQRAWE_002_f007725.jpg,1
20260527_082739_BQRAWE_002_f007730.jpg,1
20260527_082739_BQRAWE_002_f007735.jpg,1
20260527_082739_BQRAWE_002_f007740.jpg,1
20260527_082739_BQRAWE_002_f007745.jpg,1
20260527_082739_BQRAWE_002_f007750.jpg,1
20260527_082739_BQRAWE_002_f007755.jpg,1
20260527_082739_BQRAWE_002_f007760.jpg,1
20260527_082739_BQRAWE_002_f007765.jpg,1
20260527_082739_BQRAWE_002_f007770.jpg,1
20260527_082739_BQRAWE_002_f007775.jpg,1
20260527_082739_BQRAWE_002_f007780.jpg,1
20260527_082739_BQRAWE_002_f007785.jpg,1
20260527_082739_BQRAWE_002_f007790.jpg,1
20260527_082739_BQRAWE_002_f007795.jpg,1
20260527_082739_BQRAWE_002_f007800.jpg,1
20260527_082739_BQRAWE_002_f007805.jpg,1
20260527_082739_BQRAWE_002_f007810.jpg,1
20260527_082739_BQRAWE_002_f007815.jpg,1
20260527_082739_BQRAWE_002_f007820.jpg,1
20260527_082739_BQRAWE_002_f007825.jpg,1
20260527_082739_BQRAWE_002_f007830.jpg,1
20260527_082739_BQRAWE_002_f007835.jpg,1
20260527_082739_BQRAWE_002_f007840.jpg,1
20260527_082739_BQRAWE_002_f007845.jpg,1
20260527_082739_BQRAWE_002_f007850.jpg,1
20260527_082739_BQRAWE_002_f007855.jpg,1
20260527_082739_BQRAWE_002_f007860.jpg,1
20260527_082739_BQRAWE_002_f007865.jpg,1
20260527_082739_BQRAWE_002_f007870.jpg,1
20260527_082739_BQRAWE_002_f007875.jpg,1
20260527_082739_BQRAWE_002_f007880.jpg,1
20260527_082739_BQRAWE_002_f007885.jpg,1
20260527_082739_BQRAWE_002_f007890.jpg,1
20260527_082739_BQRAWE_002_f007895.jpg,1
20260527_082739_BQRAWE_002_f007900.jpg,1
20260527_082739_BQRAWE_002_f007905.jpg,1
20260527_082739_BQRAWE_002_f007910.jpg,1
20260527_082739_BQRAWE_002_f007915.jpg,1
20260527_082739_BQRAWE_002_f007920.jpg,1
20260527_082739_BQRAWE_002_f007925.jpg,1
20260527_082739_BQRAWE_002_f007930.jpg,1
20260527_082739_BQRAWE_002_f007935.jpg,1
20260527_082739_BQRAWE_002_f007940.jpg,1
20260527_082739_BQRAWE_002_f007945.jpg,1
20260527_082739_BQRAWE_002_f007950.jpg,1
20260527_082739_BQRAWE_002_f007955.jpg,1
20260527_082739_BQRAWE_002_f007960.jpg,1
20260527_082739_BQRAWE_002_f007965.jpg,1
20260527_082739_BQRAWE_002_f007970.jpg,1
20260527_082739_BQRAWE_002_f007975.jpg,1
20260527_082739_BQRAWE_002_f007980.jpg,1
20260527_082739_BQRAWE_002_f007985.jpg,1
20260527_082739_BQRAWE_002_f007990.jpg,1
20260527_082739_BQRAWE_002_f007995.jpg,1
20260527_082739_BQRAWE_002_f008000.jpg,1
20260527_082739_BQRAWE_002_f008005.jpg,1
20260527_082739_BQRAWE_002_f008010.jpg,1
20260527_082739_BQRAWE_002_f008015.jpg,1
20260527_082739_BQRAWE_002_f008020.jpg,1
20260527_082739_BQRAWE_002_f008025.jpg,1
20260527_082739_BQRAWE_002_f008030.jpg,1
20260527_082739_BQRAWE_002_f008035.jpg,1
20260527_082739_BQRAWE_002_f008040.jpg,1
20260527_082739_BQRAWE_002_f008045.jpg,1
20260527_082739_BQRAWE_002_f008050.jpg,1
20260527_082739_BQRAWE_002_f008055.jpg,1
20260527_082739_BQRAWE_002_f008060.jpg,1
20260527_082739_BQRAWE_002_f008065.jpg,1
20260527_082739_BQRAWE_002_f008070.jpg,1
20260527_082739_BQRAWE_002_f008075.jpg,1
20260527_082739_BQRAWE_002_f008080.jpg,1
20260527_082739_BQRAWE_002_f008085.jpg,1
20260527_082739_BQRAWE_002_f008090.jpg,1
20260527_082739_BQRAWE_002_f008095.jpg,1
20260527_082739_BQRAWE_002_f008100.jpg,1
20260527_082739_BQRAWE_002_f008105.jpg,1
20260527_082739_BQRAWE_002_f008110.jpg,1
20260527_082739_BQRAWE_002_f008115.jpg,1
20260527_082739_BQRAWE_002_f008120.jpg,1
20260527_082739_BQRAWE_002_f008125.jpg,1
20260527_082739_BQRAWE_002_f008130.jpg,1
20260527_082739_BQRAWE_002_f008135.jpg,1
20260527_082739_BQRAWE_002_f008140.jpg,1
20260527_082739_BQRAWE_002_f008145.jpg,1
20260527_082739_BQRAWE_002_f008150.jpg,1
20260527_082739_BQRAWE_002_f008155.jpg,1
20260527_082739_BQRAWE_002_f008160.jpg,1
20260527_082739_BQRAWE_002_f008165.jpg,1
20260527_082739_BQRAWE_002_f008170.jpg,1
20260527_082739_BQRAWE_002_f008175.jpg,1
20260527_082739_BQRAWE_002_f008180.jpg,1
20260527_082739_BQRAWE_002_f008185.jpg,1
20260527_082739_BQRAWE_002_f008190.jpg,1
20260527_082739_BQRAWE_002_f008195.jpg,1
20260527_082739_BQRAWE_002_f008200.jpg,1
20260527_082739_BQRAWE_002_f008205.jpg,1
20260527_082739_BQRAWE_002_f008210.jpg,1
20260527_082739_BQRAWE_002_f008215.jpg,1
20260527_082739_BQRAWE_002_f008220.jpg,1
20260527_082739_BQRAWE_002_f008225.jpg,1
20260527_082739_BQRAWE_002_f008230.jpg,1
20260527_082739_BQRAWE_002_f008235.jpg,1
20260527_082739_BQRAWE_002_f008240.jpg,1
20260527_082739_BQRAWE_002_f008245.jpg,1
20260527_082739_BQRAWE_002_f008250.jpg,1
20260527_082739_BQRAWE_002_f008255.jpg,1
20260527_082739_BQRAWE_002_f008260.jpg,1
20260527_082739_BQRAWE_002_f008265.jpg,1
20260527_082739_BQRAWE_002_f008270.jpg,1
20260527_082739_BQRAWE_002_f008275.jpg,1
20260527_082739_BQRAWE_002_f008280.jpg,1
20260527_082739_BQRAWE_002_f008285.jpg,1
20260527_082739_BQRAWE_002_f008290.jpg,1
20260527_082739_BQRAWE_002_f008295.jpg,1
20260527_082739_BQRAWE_002_f008300.jpg,1
20260527_082739_BQRAWE_002_f008305.jpg,1
20260527_082739_BQRAWE_002_f008310.jpg,1
20260527_082739_BQRAWE_002_f008315.jpg,1
20260527_082739_BQRAWE_002_f008320.jpg,1
20260527_082739_BQRAWE_002_f008325.jpg,1
20260527_082739_BQRAWE_002_f008330.jpg,1
20260527_082739_BQRAWE_002_f008335.jpg,1
20260527_082739_BQRAWE_002_f008340.jpg,1
20260527_082739_BQRAWE_002_f008345.jpg,1
20260527_082739_BQRAWE_002_f008350.jpg,1
20260527_082739_BQRAWE_002_f008355.jpg,1
20260527_082739_BQRAWE_002_f008360.jpg,1
20260527_082739_BQRAWE_002_f008365.jpg,1
20260527_082739_BQRAWE_002_f008370.jpg,1
20260527_082739_BQRAWE_002_f008375.jpg,1
20260527_082739_BQRAWE_002_f008380.jpg,1
20260527_082739_BQRAWE_002_f008385.jpg,1
20260527_082739_BQRAWE_002_f008390.jpg,1
20260527_082739_BQRAWE_002_f008395.jpg,1
20260527_082739_BQRAWE_002_f008400.jpg,1
20260527_082739_BQRAWE_002_f008405.jpg,1
20260527_082739_BQRAWE_002_f008410.jpg,1
20260527_082739_BQRAWE_002_f008415.jpg,1
20260527_082739_BQRAWE_002_f008420.jpg,1
20260527_082739_BQRAWE_002_f008425.jpg,1
20260527_082739_BQRAWE_002_f008430.jpg,1
20260527_082739_BQRAWE_002_f008435.jpg,1
20260527_082739_BQRAWE_002_f008440.jpg,1
20260527_082739_BQRAWE_002_f008445.jpg,1
20260527_082739_BQRAWE_002_f008450.jpg,1
20260527_082739_BQRAWE_002_f008455.jpg,1
20260527_082739_BQRAWE_002_f008460.jpg,1
20260527_082739_BQRAWE_002_f008465.jpg,1
20260527_082739_BQRAWE_002_f008470.jpg,1
20260527_082739_BQRAWE_002_f008475.jpg,1
20260527_082739_BQRAWE_002_f008480.jpg,1
20260527_082739_BQRAWE_002_f008485.jpg,1
20260527_082739_BQRAWE_002_f008490.jpg,1
20260527_082739_BQRAWE_002_f008495.jpg,1
20260527_082739_BQRAWE_002_f008500.jpg,1
20260527_082739_BQRAWE_002_f008505.jpg,1
20260527_082739_BQRAWE_002_f008510.jpg,1
20260527_082739_BQRAWE_002_f008515.jpg,1
20260527_082739_BQRAWE_002_f008520.jpg,1
20260527_082739_BQRAWE_002_f008525.jpg,1
20260527_082739_BQRAWE_002_f008530.jpg,1
20260527_082739_BQRAWE_002_f008535.jpg,1
20260527_082739_BQRAWE_002_f008540.jpg,1
20260527_082739_BQRAWE_002_f008545.jpg,1
20260527_082739_BQRAWE_002_f008550.jpg,1
20260527_082739_BQRAWE_002_f008555.jpg,1
20260527_082739_BQRAWE_002_f008560.jpg,1
20260527_082739_BQRAWE_002_f008565.jpg,1
20260527_082739_BQRAWE_002_f008570.jpg,1
20260527_082739_BQRAWE_002_f008575.jpg,1
20260527_082739_BQRAWE_002_f008580.jpg,1
20260527_082739_BQRAWE_002_f008585.jpg,1
20260527_082739_BQRAWE_002_f008590.jpg,1
20260527_082739_BQRAWE_002_f008595.jpg,1
20260527_082739_BQRAWE_002_f008600.jpg,1
20260527_082739_BQRAWE_002_f008605.jpg,1
20260527_082739_BQRAWE_002_f008610.jpg,1
20260527_082739_BQRAWE_002_f008615.jpg,1
20260527_082739_BQRAWE_002_f008620.jpg,1
20260527_082739_BQRAWE_002_f008625.jpg,1
20260527_082739_BQRAWE_002_f008630.jpg,1
20260527_082739_BQRAWE_002_f008635.jpg,1
20260527_082739_BQRAWE_002_f008640.jpg,1
20260527_082739_BQRAWE_002_f008645.jpg,1
20260527_082739_BQRAWE_002_f008650.jpg,1
20260527_082739_BQRAWE_002_f008655.jpg,1
20260527_082739_BQRAWE_002_f008660.jpg,1
20260527_082739_BQRAWE_002_f008665.jpg,1
20260527_082739_BQRAWE_002_f008670.jpg,1
20260527_082739_BQRAWE_002_f008675.jpg,1
20260527_082739_BQRAWE_002_f008680.jpg,1
20260527_082739_BQRAWE_002_f008685.jpg,1
20260527_082739_BQRAWE_002_f008690.jpg,1
20260527_082739_BQRAWE_002_f008695.jpg,1
20260527_082739_BQRAWE_002_f008700.jpg,1
20260527_082739_BQRAWE_002_f008705.jpg,1
20260527_082739_BQRAWE_002_f008710.jpg,1
20260527_082739_BQRAWE_002_f008715.jpg,1
20260527_082739_BQRAWE_002_f008720.jpg,1
20260527_082739_BQRAWE_002_f008725.jpg,1
20260527_082739_BQRAWE_002_f008730.jpg,1
20260527_082739_BQRAWE_002_f008735.jpg,1
20260527_082739_BQRAWE_002_f008740.jpg,1
20260527_082739_BQRAWE_002_f008745.jpg,1
20260527_082739_BQRAWE_002_f008750.jpg,1
20260527_082739_BQRAWE_002_f008755.jpg,1
20260527_082739_BQRAWE_002_f008760.jpg,1
20260527_082739_BQRAWE_002_f008765.jpg,1
20260527_082739_BQRAWE_002_f008770.jpg,1
20260527_082739_BQRAWE_002_f008775.jpg,1
20260527_082739_BQRAWE_002_f008780.jpg,1
20260527_082739_BQRAWE_002_f008785.jpg,1
20260527_082739_BQRAWE_002_f008790.jpg,1
20260527_082739_BQRAWE_002_f008795.jpg,1
20260527_082739_BQRAWE_002_f008800.jpg,1
20260527_082739_BQRAWE_002_f008805.jpg,1
20260527_082739_BQRAWE_002_f008810.jpg,1
20260527_082739_BQRAWE_002_f008815.jpg,1
20260527_082739_BQRAWE_002_f008820.jpg,1
20260527_082739_BQRAWE_002_f008825.jpg,1
20260527_082739_BQRAWE_002_f008830.jpg,1
20260527_082739_BQRAWE_002_f008835.jpg,1
20260527_082739_BQRAWE_002_f008840.jpg,1
20260527_082739_BQRAWE_002_f008845.jpg,1
20260527_082739_BQRAWE_002_f008850.jpg,1
20260527_082739_BQRAWE_002_f008855.jpg,1
20260527_082739_BQRAWE_002_f008860.jpg,1
20260527_082739_BQRAWE_002_f008865.jpg,1
20260527_082739_BQRAWE_002_f008870.jpg,1
20260527_082739_BQRAWE_002_f008875.jpg,1
20260527_082739_BQRAWE_002_f008880.jpg,1
20260527_082739_BQRAWE_002_f008885.jpg,1
20260527_082739_BQRAWE_002_f008890.jpg,1
20260527_082739_BQRAWE_002_f008895.jpg,1
20260527_082739_BQRAWE_002_f008900.jpg,1
20260527_082739_BQRAWE_002_f008905.jpg,1
20260527_082739_BQRAWE_002_f008910.jpg,1
20260527_082739_BQRAWE_002_f008915.jpg,1
20260527_082739_BQRAWE_002_f008920.jpg,1
20260527_082739_BQRAWE_002_f008925.jpg,1
20260527_082739_BQRAWE_002_f008930.jpg,1
20260527_082739_BQRAWE_002_f008935.jpg,1
20260527_082739_BQRAWE_002_f008940.jpg,1
20260527_082739_BQRAWE_002_f008945.jpg,1
20260527_082739_BQRAWE_002_f008950.jpg,1
20260527_082739_BQRAWE_002_f008955.jpg,1
20260527_082739_BQRAWE_002_f008960.jpg,1
20260527_082739_BQRAWE_002_f008965.jpg,1
20260527_082739_BQRAWE_002_f008970.jpg,1
20260527_082739_BQRAWE_002_f008975.jpg,1
20260527_082739_BQRAWE_002_f008980.jpg,1
20260527_082739_BQRAWE_002_f008985.jpg,1
20260527_082739_BQRAWE_002_f008990.jpg,1
20260527_082739_BQRAWE_002_f008995.jpg,1
20260527_082739_BQRAWE_002_f009000.jpg,1
20260527_082739_BQRAWE_002_f009005.jpg,1
20260527_082739_BQRAWE_002_f009010.jpg,1
20260527_082739_BQRAWE_002_f009015.jpg,1
20260527_082739_BQRAWE_002_f009020.jpg,1
20260527_082739_BQRAWE_002_f009025.jpg,1
20260527_082739_BQRAWE_002_f009030.jpg,1
20260527_082739_BQRAWE_002_f009035.jpg,1
20260527_082739_BQRAWE_002_f009040.jpg,1
20260527_082739_BQRAWE_002_f009045.jpg,1
20260527_082739_BQRAWE_002_f009050.jpg,1
20260527_082739_BQRAWE_002_f009055.jpg,1
20260527_082739_BQRAWE_002_f009060.jpg,1
20260527_082739_BQRAWE_002_f009065.jpg,1
20260527_082739_BQRAWE_002_f009070.jpg,1
20260527_082739_BQRAWE_002_f009075.jpg,1
20260527_082739_BQRAWE_002_f009080.jpg,1
20260527_082739_BQRAWE_002_f009085.jpg,1
20260527_082739_BQRAWE_002_f009090.jpg,1
20260527_082739_BQRAWE_002_f009095.jpg,1
20260527_082739_BQRAWE_002_f009100.jpg,1
20260527_082739_BQRAWE_002_f009105.jpg,1
20260527_082739_BQRAWE_002_f009110.jpg,1
20260527_082739_BQRAWE_002_f009115.jpg,1
20260527_082739_BQRAWE_002_f009120.jpg,1
20260527_082739_BQRAWE_002_f009125.jpg,1
20260527_082739_BQRAWE_002_f009130.jpg,1
20260527_082739_BQRAWE_002_f009135.jpg,1
20260527_082739_BQRAWE_002_f009140.jpg,1
20260527_082739_BQRAWE_002_f009145.jpg,1
20260527_082739_BQRAWE_002_f009150.jpg,1
20260527_082739_BQRAWE_002_f009155.jpg,1
20260527_082739_BQRAWE_002_f009160.jpg,1
20260527_082739_BQRAWE_002_f009165.jpg,1
20260527_082739_BQRAWE_002_f009170.jpg,1
20260527_082739_BQRAWE_002_f009175.jpg,1
20260527_082739_BQRAWE_002_f009180.jpg,1
20260527_082739_BQRAWE_002_f009185.jpg,1
20260527_082739_BQRAWE_002_f009190.jpg,1
20260527_082739_BQRAWE_002_f009195.jpg,1
20260527_082739_BQRAWE_002_f009200.jpg,1
20260527_082739_BQRAWE_002_f009205.jpg,1
20260527_082739_BQRAWE_002_f009210.jpg,1
20260527_082739_BQRAWE_002_f009215.jpg,1
20260527_082739_BQRAWE_002_f009220.jpg,1
20260527_082739_BQRAWE_002_f009225.jpg,1
20260527_082739_BQRAWE_002_f009230.jpg,1
20260527_082739_BQRAWE_002_f009235.jpg,1
20260527_082739_BQRAWE_002_f009240.jpg,1
20260527_082739_BQRAWE_002_f009245.jpg,1
20260527_082739_BQRAWE_002_f009250.jpg,1
20260527_082739_BQRAWE_002_f009255.jpg,1
20260527_082739_BQRAWE_002_f009260.jpg,1
20260527_082739_BQRAWE_002_f009265.jpg,1
20260527_082739_BQRAWE_002_f009270.jpg,1
20260527_082739_BQRAWE_002_f009275.jpg,1
20260527_082739_BQRAWE_002_f009280.jpg,1
20260527_082739_BQRAWE_002_f009285.jpg,1
20260527_082739_BQRAWE_002_f009290.jpg,1
20260527_082739_BQRAWE_002_f009295.jpg,1
20260527_082739_BQRAWE_002_f009300.jpg,1
20260527_082739_BQRAWE_002_f009305.jpg,1
20260527_082739_BQRAWE_002_f009310.jpg,1
20260527_082739_BQRAWE_002_f009315.jpg,1
20260527_082739_BQRAWE_002_f009320.jpg,1
20260527_082739_BQRAWE_002_f009325.jpg,1
20260527_082739_BQRAWE_002_f009330.jpg,1
20260527_082739_BQRAWE_002_f009335.jpg,1
20260527_082739_BQRAWE_002_f009340.jpg,1
20260527_082739_BQRAWE_002_f009345.jpg,1
20260527_082739_BQRAWE_002_f009350.jpg,1
20260527_082739_BQRAWE_002_f009355.jpg,1
20260527_082739_BQRAWE_002_f009360.jpg,1
20260527_082739_BQRAWE_002_f009365.jpg,1
20260527_082739_BQRAWE_002_f009370.jpg,1
20260527_082739_BQRAWE_002_f009375.jpg,1
20260527_082739_BQRAWE_002_f009380.jpg,1
20260527_082739_BQRAWE_002_f009385.jpg,1
20260527_082739_BQRAWE_002_f009390.jpg,1
20260527_082739_BQRAWE_002_f009395.jpg,1
20260527_082739_BQRAWE_002_f009400.jpg,1
20260527_082739_BQRAWE_002_f009405.jpg,1
20260527_082739_BQRAWE_002_f009410.jpg,1
20260527_082739_BQRAWE_002_f009415.jpg,1
20260527_082739_BQRAWE_002_f009420.jpg,1
20260527_082739_BQRAWE_002_f009425.jpg,1
20260527_082739_BQRAWE_002_f009430.jpg,1
20260527_082739_BQRAWE_002_f009435.jpg,1
20260527_082739_BQRAWE_002_f009440.jpg,1
20260527_082739_BQRAWE_002_f009445.jpg,1
20260527_082739_BQRAWE_002_f009450.jpg,1
20260527_082739_BQRAWE_002_f009455.jpg,1
20260527_082739_BQRAWE_002_f009460.jpg,1
20260527_082739_BQRAWE_002_f009465.jpg,1
20260527_082739_BQRAWE_002_f009470.jpg,1
20260527_082739_BQRAWE_002_f009475.jpg,1
20260527_082739_BQRAWE_002_f009480.jpg,1
20260527_082739_BQRAWE_002_f009485.jpg,1
20260527_082739_BQRAWE_002_f009490.jpg,1
20260527_082739_BQRAWE_002_f009495.jpg,1
20260527_082739_BQRAWE_002_f009500.jpg,1
20260527_082739_BQRAWE_002_f009505.jpg,1
20260527_082739_BQRAWE_002_f009510.jpg,1
20260527_082739_BQRAWE_002_f009515.jpg,1
20260527_082739_BQRAWE_002_f009520.jpg,1
20260527_082739_BQRAWE_002_f009525.jpg,1
20260527_082739_BQRAWE_002_f009530.jpg,1
20260527_082739_BQRAWE_002_f009535.jpg,1
20260527_082739_BQRAWE_002_f009540.jpg,1
20260527_082739_BQRAWE_002_f009545.jpg,1
20260527_082739_BQRAWE_002_f009550.jpg,1
20260527_082739_BQRAWE_002_f009555.jpg,1
20260527_082739_BQRAWE_002_f009560.jpg,1
20260527_082739_BQRAWE_002_f009565.jpg,1
20260527_082739_BQRAWE_002_f009570.jpg,1
20260527_082739_BQRAWE_002_f009575.jpg,1
20260527_082739_BQRAWE_002_f009580.jpg,1
20260527_082739_BQRAWE_002_f009585.jpg,1
20260527_082739_BQRAWE_002_f009590.jpg,1
20260527_082739_BQRAWE_002_f009595.jpg,1
20260527_082739_BQRAWE_002_f009600.jpg,1
20260527_082739_BQRAWE_002_f009605.jpg,1
20260528_004951_MXZWPD_004_f004735.jpg,1
20260528_004951_MXZWPD_004_f004740.jpg,1
20260528_004951_MXZWPD_004_f004745.jpg,1
20260528_004951_MXZWPD_004_f004750.jpg,1
20260528_004951_MXZWPD_004_f004755.jpg,1
20260528_004951_MXZWPD_004_f004760.jpg,1
20260528_004951_MXZWPD_004_f004765.jpg,1
20260528_004951_MXZWPD_004_f005780.jpg,1
20260528_004951_MXZWPD_004_f005785.jpg,1
20260528_004951_MXZWPD_004_f005790.jpg,1
20260528_004951_MXZWPD_004_f005795.jpg,1
20260528_004951_MXZWPD_004_f005880.jpg,1
20260528_004951_MXZWPD_004_f005885.jpg,1
20260528_004951_MXZWPD_004_f005890.jpg,1
20260528_004951_MXZWPD_004_f005895.jpg,1
20260528_004951_MXZWPD_004_f005900.jpg,1
20260528_004951_MXZWPD_004_f005905.jpg,1
20260528_004951_MXZWPD_004_f005915.jpg,1
20260528_004951_MXZWPD_004_f007385.jpg,1
20260528_004951_MXZWPD_004_f007390.jpg,1
20260528_004951_MXZWPD_004_f007395.jpg,1
20260528_004951_MXZWPD_004_f007400.jpg,1
