2026-09-18 11:14:36,347 - mmdet - INFO - Environment info:
------------------------------------------------------------
sys.platform: linux
Python: 3.12.13 (main, Jun 11 2026, 04:03:26) [Clang 22.1.3 ]
CUDA available: True
GPU 0,1,2,3,4,5: NVIDIA RTX 6000 Ada Generation
CUDA_HOME: /usr/local/cuda
NVCC: Build cuda_13.0.r13.0/compiler.36424714_0
GCC: gcc (Ubuntu 11.4.0-1ubuntu1~22.04.3) 11.4.0
PyTorch: 2.13.0+cu130
PyTorch compiling details: PyTorch built with:
  - GCC 13.3
  - C++ Version: 202002
  - Intel(R) oneAPI Math Kernel Library Version 2024.2-Product Build 20240605 for Intel(R) 64 architecture applications
  - Intel(R) MKL-DNN v3.12.0 (Git Hash 80afa71049cd69a3df32adcccb623b12cd7baa22)
  - OpenMP 201511 (a.k.a. OpenMP 4.5)
  - LAPACK is enabled (usually provided by MKL)
  - NNPACK is enabled
  - CPU capability usage: AVX2
  - CUDA Runtime 13.0
  - NVCC architecture flags: -gencode;arch=compute_75,code=sm_75;-gencode;arch=compute_80,code=sm_80;-gencode;arch=compute_86,code=sm_86;-gencode;arch=compute_90,code=sm_90;-gencode;arch=compute_100,code=sm_100;-gencode;arch=compute_120,code=sm_120
  - CuDNN 92.0  (built against CUDA 13.2)
  - Magma 2.6.1
  - Build settings: BLAS_INFO=mkl, BUILD_TYPE=Release, COMMIT_SHA=cf30153c4c131c8164ee7798e5022d810682e2cb, CUDA_FLAGS= -DLIBCUDACXX_ENABLE_SIMPLIFIED_COMPLEX_OPERATIONS -Xfatbin -compress-all -DONNX_NAMESPACE=onnx_torch -gencode arch=compute_75,code=sm_75 -gencode arch=compute_80,code=sm_80 -gencode arch=compute_86,code=sm_86 -gencode arch=compute_90,code=sm_90 -gencode arch=compute_100,code=sm_100 -gencode arch=compute_120,code=sm_120 -Xcudafe --diag_suppress=cc_clobber_ignored,--diag_suppress=field_without_dll_interface,--diag_suppress=base_class_has_different_dll_interface,--diag_suppress=dll_interface_conflict_none_assumed,--diag_suppress=dll_interface_conflict_dllexport_assumed,--diag_suppress=bad_friend_decl --expt-relaxed-constexpr --expt-extended-lambda -Xfatbin -compress-all --threads 2 -compress-mode=size -Wno-deprecated-gpu-targets --expt-extended-lambda -DCUB_WRAPPED_NAMESPACE=at_cuda_detail -DDISABLE_CUSPARSE_DEPRECATED -DCUDA_HAS_FP16=1 -D__CUDA_NO_HALF_OPERATORS__ -D__CUDA_NO_HALF_CONVERSIONS__ -D__CUDA_NO_HALF2_OPERATORS__ -D__CUDA_NO_BFLOAT16_CONVERSIONS__ -DC10_NODEPRECATED, CUDA_VERSION=13.0, CUDNN_VERSION=9.20.0, CXX_COMPILER=/opt/rh/gcc-toolset-13/root/usr/bin/c++, CXX_FLAGS= -fvisibility-inlines-hidden -DUSE_PTHREADPOOL -DNDEBUG -DUSE_KINETO -DHAS_CUPTI -DUSE_FBGEMM -DUSE_MSLK -DUSE_PYTORCH_QNNPACK -DSYMBOLICATE_MOBILE_DEBUG_HANDLE -O2 -fPIC -DC10_NODEPRECATED -Wall -Wextra -Werror=return-type -Werror=non-virtual-dtor -Werror=range-loop-construct -Werror=bool-operation -Wnarrowing -Wno-missing-field-initializers -Wno-unknown-pragmas -Wno-unused-parameter -Wno-strict-overflow -Wno-strict-aliasing -Wno-stringop-overflow -Wsuggest-override -Wno-psabi -Wno-error=old-style-cast -faligned-new -Wno-maybe-uninitialized -fno-math-errno -fno-trapping-math -Werror=format -Wno-dangling-reference -Wno-error=dangling-reference -Wno-stringop-overflow, LAPACK_INFO=mkl, PERF_WITH_AVX=1, PERF_WITH_AVX2=1, TORCH_VERSION=2.13.0, USE_CUDA=1, USE_CUDNN=ON, USE_CUSPARSELT=1, USE_GFLAGS=OFF, USE_GLOG=OFF, USE_GLOO=ON, USE_MKL=ON, USE_MKLDNN=ON, USE_MPI=OFF, USE_NCCL=ON, USE_NNPACK=ON, USE_OPENMP=ON, USE_ROCM=OFF, USE_ROCM_KERNEL_ASSERT=OFF, USE_XCCL=OFF, USE_XPU=OFF, 

TorchVision: 0.28.0+cu130
OpenCV: 4.11.0
MMCV: 1.4.0
MMCV Compiler: n/a (scrfd_shim: mmcv compiled without ops)
MMCV CUDA Compiler: n/a (scrfd_shim: mmcv compiled without ops)
MMDetection: 2.7.0+7fadd42
------------------------------------------------------------

2026-09-18 11:14:36,625 - mmdet - INFO - Distributed training: True
2026-09-18 11:14:36,741 - mmdet - INFO - Config:
optimizer = dict(type='SGD', lr=0.0015, momentum=0.9, weight_decay=0.0005)
optimizer_config = dict(
    type='GradientCumulativeOptimizerHook', cumulative_iters=2, grad_clip=None)
lr_config = dict(
    policy='step',
    warmup='linear',
    warmup_iters=500,
    warmup_ratio=0.001,
    step=[14, 18])
total_epochs = 20
checkpoint_config = dict(interval=1)
log_config = dict(interval=50, hooks=[dict(type='TextLoggerHook')])
dist_params = dict(backend='nccl')
log_level = 'INFO'
load_from = '/data/esteban/pii/weights/SCRFD_34G_official.pth'
work_dir = '/data/esteban/pii/runs/train/wd_armAG34'
resume_from = None
workflow = [('train', 1)]
dataset_type = 'RetinaFaceDataset'
data_root = 'data/retinaface/'
train_root = 'data/retinaface/train/'
val_root = 'data/retinaface/val/'
img_norm_cfg = dict(
    mean=[127.5, 127.5, 127.5], std=[128.0, 128.0, 128.0], to_rgb=True)
train_pipeline = [
    dict(type='LoadImageFromFile', to_float32=True),
    dict(type='LoadAnnotations', with_bbox=True, with_keypoints=True),
    dict(
        type='RandomSquareCrop',
        crop_choice=[0.3, 0.45, 0.6, 0.8, 1.0, 1.2, 1.4, 1.6, 1.8, 2.0],
        bbox_clip_border=False),
    dict(
        type='Resize',
        img_scale=(640, 640),
        keep_ratio=False,
        bbox_clip_border=False),
    dict(type='RandomFlip', flip_ratio=0.5),
    dict(
        type='PhotoMetricDistortion',
        brightness_delta=32,
        contrast_range=(0.5, 1.5),
        saturation_range=(0.5, 1.5),
        hue_delta=18),
    dict(
        type='Normalize',
        mean=[127.5, 127.5, 127.5],
        std=[128.0, 128.0, 128.0],
        to_rgb=True),
    dict(type='DefaultFormatBundle'),
    dict(
        type='Collect',
        keys=[
            'img', 'gt_bboxes', 'gt_labels', 'gt_bboxes_ignore',
            'gt_keypointss'
        ])
]
test_pipeline = [
    dict(type='LoadImageFromFile'),
    dict(
        type='MultiScaleFlipAug',
        img_scale=(640, 640),
        flip=False,
        transforms=[
            dict(type='Resize', keep_ratio=True),
            dict(type='RandomFlip', flip_ratio=0.0),
            dict(
                type='Normalize',
                mean=[127.5, 127.5, 127.5],
                std=[128.0, 128.0, 128.0],
                to_rgb=True),
            dict(type='Pad', size=(640, 640), pad_val=0),
            dict(type='ImageToTensor', keys=['img']),
            dict(type='Collect', keys=['img'])
        ])
]
data = dict(
    samples_per_gpu=8,
    workers_per_gpu=16,
    train=dict(
        type='RetinaFaceDataset',
        ann_file='data/mix_ds/train_Z4.txt',
        img_prefix='data/mix_ds/images/',
        pipeline=[
            dict(type='LoadImageFromFile', to_float32=True),
            dict(type='LoadAnnotations', with_bbox=True, with_keypoints=True),
            dict(
                type='RandomSquareCrop',
                crop_choice=[
                    0.3, 0.45, 0.6, 0.8, 1.0, 1.2, 1.4, 1.6, 1.8, 2.0
                ],
                bbox_clip_border=False),
            dict(
                type='Resize',
                img_scale=(640, 640),
                keep_ratio=False,
                bbox_clip_border=False),
            dict(type='RandomFlip', flip_ratio=0.5),
            dict(
                type='PhotoMetricDistortion',
                brightness_delta=32,
                contrast_range=(0.5, 1.5),
                saturation_range=(0.5, 1.5),
                hue_delta=18),
            dict(
                type='Normalize',
                mean=[127.5, 127.5, 127.5],
                std=[128.0, 128.0, 128.0],
                to_rgb=True),
            dict(type='DefaultFormatBundle'),
            dict(
                type='Collect',
                keys=[
                    'img', 'gt_bboxes', 'gt_labels', 'gt_bboxes_ignore',
                    'gt_keypointss'
                ])
        ]),
    val=dict(
        type='RetinaFaceDataset',
        ann_file='/data/liangzhenghao/face_pii/raw_ds/val/labelv2.txt',
        img_prefix='/data/liangzhenghao/face_pii/raw_ds/images/',
        pipeline=[
            dict(type='LoadImageFromFile'),
            dict(
                type='MultiScaleFlipAug',
                img_scale=(640, 640),
                flip=False,
                transforms=[
                    dict(type='Resize', keep_ratio=True),
                    dict(type='RandomFlip', flip_ratio=0.0),
                    dict(
                        type='Normalize',
                        mean=[127.5, 127.5, 127.5],
                        std=[128.0, 128.0, 128.0],
                        to_rgb=True),
                    dict(type='Pad', size=(640, 640), pad_val=0),
                    dict(type='ImageToTensor', keys=['img']),
                    dict(type='Collect', keys=['img'])
                ])
        ]),
    test=dict(
        type='RetinaFaceDataset',
        ann_file='/data/liangzhenghao/face_pii/raw_ds/val/labelv2.txt',
        img_prefix='/data/liangzhenghao/face_pii/raw_ds/images/',
        pipeline=[
            dict(type='LoadImageFromFile'),
            dict(
                type='MultiScaleFlipAug',
                img_scale=(640, 640),
                flip=False,
                transforms=[
                    dict(type='Resize', keep_ratio=True),
                    dict(type='RandomFlip', flip_ratio=0.0),
                    dict(
                        type='Normalize',
                        mean=[127.5, 127.5, 127.5],
                        std=[128.0, 128.0, 128.0],
                        to_rgb=True),
                    dict(type='Pad', size=(640, 640), pad_val=0),
                    dict(type='ImageToTensor', keys=['img']),
                    dict(type='Collect', keys=['img'])
                ])
        ]))
train_cfg = dict(
    assigner=dict(type='ATSSAssigner', topk=9, ignore_iof_thr=0.5),
    allowed_border=-1,
    pos_weight=-1,
    debug=False,
    neg_weight_zero_prefix='/pii',
    neg_weight_full_substrings=['BTJPSP', 'NQYJPB'],
    neg_weight_pii=0.5,
    qscore='one')
test_cfg = dict(
    nms_pre=-1,
    min_bbox_size=0,
    score_thr=0.02,
    nms=dict(type='nms', iou_threshold=0.45),
    max_per_img=-1)
model = dict(
    type='SCRFD',
    backbone=dict(
        type='ResNetV1e',
        depth=0,
        block_cfg=dict(
            block='Bottleneck',
            stage_blocks=(17, 16, 2, 8),
            stage_planes=[56, 56, 144, 184]),
        base_channels=56,
        num_stages=4,
        out_indices=(0, 1, 2, 3),
        norm_cfg=dict(type='BN', requires_grad=True),
        norm_eval=False,
        style='pytorch'),
    neck=dict(
        type='PAFPN',
        in_channels=[224, 224, 576, 736],
        out_channels=128,
        start_level=1,
        add_extra_convs='on_output',
        num_outs=3),
    bbox_head=dict(
        type='SCRFDHead',
        num_classes=1,
        in_channels=128,
        stacked_convs=2,
        feat_channels=256,
        norm_cfg=dict(type='GN', num_groups=32, requires_grad=True),
        cls_reg_share=True,
        strides_share=True,
        scale_mode=2,
        anchor_generator=dict(
            type='AnchorGenerator',
            ratios=[1.0],
            scales=[1, 2],
            base_sizes=[16, 64, 256],
            strides=[8, 16, 32]),
        loss_cls=dict(
            type='QualityFocalLoss',
            use_sigmoid=True,
            beta=2.0,
            loss_weight=1.0),
        loss_dfl=False,
        reg_max=8,
        loss_bbox=dict(type='DIoULoss', loss_weight=2.0),
        use_kps=True,
        loss_kps=dict(
            type='SmoothL1Loss', beta=0.1111111111111111, loss_weight=0.1),
        train_cfg=dict(
            assigner=dict(type='ATSSAssigner', topk=9, ignore_iof_thr=0.5),
            allowed_border=-1,
            pos_weight=-1,
            debug=False,
            neg_weight_zero_prefix='/pii',
            neg_weight_full_substrings=['BTJPSP', 'NQYJPB'],
            neg_weight_pii=0.5,
            qscore='one'),
        test_cfg=dict(
            nms_pre=-1,
            min_bbox_size=0,
            score_thr=0.02,
            nms=dict(type='nms', iou_threshold=0.45),
            max_per_img=-1)))
evaluation = dict(interval=10000, metric='mAP')
custom_hooks = [
    dict(
        type='EMAHook', momentum=0.0001, interval=1, warm_up=100, priority=49)
]
gpu_ids = range(0, 6)

2026-09-18 11:14:42,214 - mmdet - INFO - load checkpoint from local path: /data/esteban/pii/weights/SCRFD_34G_official.pth
2026-09-18 11:14:42,350 - mmdet - WARNING - The model and loaded state dict do not match exactly

missing keys in source state_dict: bbox_head.stride_kps.0.weight, bbox_head.stride_kps.0.bias

2026-09-18 11:14:42,351 - mmdet - INFO - Start running, host: esteban@gpu-002.sjc.worldengine.ai, work_dir: /data/esteban/pii/runs/train/wd_armAG34
2026-09-18 11:14:42,351 - mmdet - INFO - Hooks will be executed in the following order:
before_run:
(VERY_HIGH   ) StepLrUpdaterHook                  
(49          ) EMAHook                            
(NORMAL      ) CheckpointHook                     
(VERY_LOW    ) TextLoggerHook                     
 -------------------- 
before_train_epoch:
(VERY_HIGH   ) StepLrUpdaterHook                  
(49          ) EMAHook                            
(NORMAL      ) DistSamplerSeedHook                
(LOW         ) IterTimerHook                      
(VERY_LOW    ) TextLoggerHook                     
 -------------------- 
before_train_iter:
(VERY_HIGH   ) StepLrUpdaterHook                  
(LOW         ) IterTimerHook                      
 -------------------- 
after_train_iter:
(ABOVE_NORMAL) GradientCumulativeOptimizerHook    
(49          ) EMAHook                            
(NORMAL      ) CheckpointHook                     
(LOW         ) IterTimerHook                      
(VERY_LOW    ) TextLoggerHook                     
 -------------------- 
after_train_epoch:
(49          ) EMAHook                            
(NORMAL      ) CheckpointHook                     
(VERY_LOW    ) TextLoggerHook                     
 -------------------- 
before_val_epoch:
(NORMAL      ) DistSamplerSeedHook                
(LOW         ) IterTimerHook                      
(VERY_LOW    ) TextLoggerHook                     
 -------------------- 
before_val_iter:
(LOW         ) IterTimerHook                      
 -------------------- 
after_val_iter:
(LOW         ) IterTimerHook                      
 -------------------- 
after_val_epoch:
(VERY_LOW    ) TextLoggerHook                     
 -------------------- 
after_run:
(VERY_LOW    ) TextLoggerHook                     
 -------------------- 
2026-09-18 11:14:42,351 - mmdet - INFO - workflow: [('train', 1)], max: 20 epochs
2026-09-18 11:14:42,365 - mmdet - INFO - Checkpoints will be saved to /data/esteban/pii/runs/train/wd_armAG34 by HardDiskBackend.
2026-09-18 11:15:04,827 - mmdet - WARNING - GradientCumulativeOptimizerHook may slightly decrease performance if the model has BatchNorm layers.
2026-09-18 11:15:23,044 - mmdet - INFO - Epoch [1][50/2577]	lr: 1.484e-04, eta: 11:37:14, time: 0.812, data_time: 0.316, memory: 13382, loss_cls: 0.8084, loss_bbox: 0.4268, loss_kps: 0.0000, loss: 1.2353
2026-09-18 11:15:41,591 - mmdet - INFO - Epoch [1][100/2577]	lr: 2.982e-04, eta: 8:27:38, time: 0.372, data_time: 0.019, memory: 13382, loss_cls: 0.6237, loss_bbox: 0.4447, loss_kps: 0.0000, loss: 1.0684
2026-09-18 11:15:59,712 - mmdet - INFO - Epoch [1][150/2577]	lr: 4.481e-04, eta: 7:21:34, time: 0.362, data_time: 0.017, memory: 13382, loss_cls: 0.5978, loss_bbox: 0.4428, loss_kps: 0.0000, loss: 1.0406
2026-09-18 11:16:17,767 - mmdet - INFO - Epoch [1][200/2577]	lr: 5.979e-04, eta: 6:48:05, time: 0.361, data_time: 0.017, memory: 13382, loss_cls: 0.5735, loss_bbox: 0.4471, loss_kps: 0.0000, loss: 1.0207
2026-09-18 11:16:35,193 - mmdet - INFO - Epoch [1][250/2577]	lr: 7.478e-04, eta: 6:25:44, time: 0.349, data_time: 0.016, memory: 13382, loss_cls: 0.5613, loss_bbox: 0.4418, loss_kps: 0.0000, loss: 1.0031
2026-09-18 11:16:52,707 - mmdet - INFO - Epoch [1][300/2577]	lr: 8.976e-04, eta: 6:10:59, time: 0.350, data_time: 0.016, memory: 13382, loss_cls: 0.5516, loss_bbox: 0.4307, loss_kps: 0.0000, loss: 0.9823
2026-09-18 11:17:10,301 - mmdet - INFO - Epoch [1][350/2577]	lr: 1.047e-03, eta: 6:00:34, time: 0.352, data_time: 0.016, memory: 13382, loss_cls: 0.5409, loss_bbox: 0.4465, loss_kps: 0.0000, loss: 0.9874
2026-09-18 11:17:28,304 - mmdet - INFO - Epoch [1][400/2577]	lr: 1.197e-03, eta: 5:53:33, time: 0.360, data_time: 0.017, memory: 13382, loss_cls: 0.5387, loss_bbox: 0.4389, loss_kps: 0.0000, loss: 0.9776
2026-09-18 11:17:46,192 - mmdet - INFO - Epoch [1][450/2577]	lr: 1.347e-03, eta: 5:47:48, time: 0.358, data_time: 0.017, memory: 13382, loss_cls: 0.5256, loss_bbox: 0.4264, loss_kps: 0.0000, loss: 0.9520
2026-09-18 11:18:04,399 - mmdet - INFO - Epoch [1][500/2577]	lr: 1.497e-03, eta: 5:43:41, time: 0.364, data_time: 0.016, memory: 13382, loss_cls: 0.5183, loss_bbox: 0.4261, loss_kps: 0.0000, loss: 0.9444
2026-09-18 11:18:22,271 - mmdet - INFO - Epoch [1][550/2577]	lr: 1.500e-03, eta: 5:39:45, time: 0.357, data_time: 0.016, memory: 13382, loss_cls: 0.5481, loss_bbox: 0.4430, loss_kps: 0.0000, loss: 0.9911
2026-09-18 11:18:39,851 - mmdet - INFO - Epoch [1][600/2577]	lr: 1.500e-03, eta: 5:36:01, time: 0.352, data_time: 0.017, memory: 13382, loss_cls: 0.5294, loss_bbox: 0.4366, loss_kps: 0.0000, loss: 0.9660
2026-09-18 11:18:57,329 - mmdet - INFO - Epoch [1][650/2577]	lr: 1.500e-03, eta: 5:32:40, time: 0.350, data_time: 0.016, memory: 13382, loss_cls: 0.5358, loss_bbox: 0.4350, loss_kps: 0.0000, loss: 0.9708
2026-09-18 11:19:15,082 - mmdet - INFO - Epoch [1][700/2577]	lr: 1.500e-03, eta: 5:30:05, time: 0.355, data_time: 0.016, memory: 13382, loss_cls: 0.5105, loss_bbox: 0.4187, loss_kps: 0.0000, loss: 0.9293
2026-09-18 11:19:32,775 - mmdet - INFO - Epoch [1][750/2577]	lr: 1.500e-03, eta: 5:27:45, time: 0.354, data_time: 0.017, memory: 13382, loss_cls: 0.4924, loss_bbox: 0.4218, loss_kps: 0.0000, loss: 0.9142
2026-09-18 11:19:50,813 - mmdet - INFO - Epoch [1][800/2577]	lr: 1.500e-03, eta: 5:26:02, time: 0.361, data_time: 0.017, memory: 13382, loss_cls: 0.4934, loss_bbox: 0.4212, loss_kps: 0.0000, loss: 0.9146
2026-09-18 11:20:08,424 - mmdet - INFO - Epoch [1][850/2577]	lr: 1.500e-03, eta: 5:24:03, time: 0.352, data_time: 0.017, memory: 13382, loss_cls: 0.5159, loss_bbox: 0.4267, loss_kps: 0.0000, loss: 0.9426
2026-09-18 11:20:26,156 - mmdet - INFO - Epoch [1][900/2577]	lr: 1.500e-03, eta: 5:22:22, time: 0.355, data_time: 0.016, memory: 13382, loss_cls: 0.5204, loss_bbox: 0.4325, loss_kps: 0.0000, loss: 0.9529
2026-09-18 11:20:43,919 - mmdet - INFO - Epoch [1][950/2577]	lr: 1.500e-03, eta: 5:20:52, time: 0.355, data_time: 0.017, memory: 13382, loss_cls: 0.4858, loss_bbox: 0.4188, loss_kps: 0.0000, loss: 0.9046
2026-09-18 11:21:01,712 - mmdet - INFO - Exp name: scrfd_armAG34.py
2026-09-18 11:21:01,712 - mmdet - INFO - Epoch [1][1000/2577]	lr: 1.500e-03, eta: 5:19:31, time: 0.356, data_time: 0.017, memory: 13382, loss_cls: 0.5153, loss_bbox: 0.4197, loss_kps: 0.0000, loss: 0.9350
2026-09-18 11:21:19,572 - mmdet - INFO - Epoch [1][1050/2577]	lr: 1.500e-03, eta: 5:18:18, time: 0.357, data_time: 0.016, memory: 13382, loss_cls: 0.4797, loss_bbox: 0.4243, loss_kps: 0.0000, loss: 0.9040
2026-09-18 11:21:37,309 - mmdet - INFO - Epoch [1][1100/2577]	lr: 1.500e-03, eta: 5:17:06, time: 0.355, data_time: 0.017, memory: 13382, loss_cls: 0.5148, loss_bbox: 0.4192, loss_kps: 0.0000, loss: 0.9340
2026-09-18 11:21:55,324 - mmdet - INFO - Epoch [1][1150/2577]	lr: 1.500e-03, eta: 5:16:10, time: 0.360, data_time: 0.018, memory: 13382, loss_cls: 0.5220, loss_bbox: 0.4219, loss_kps: 0.0000, loss: 0.9438
2026-09-18 11:22:13,055 - mmdet - INFO - Epoch [1][1200/2577]	lr: 1.500e-03, eta: 5:15:05, time: 0.355, data_time: 0.016, memory: 13382, loss_cls: 0.4782, loss_bbox: 0.4054, loss_kps: 0.0000, loss: 0.8836
2026-09-18 11:22:31,092 - mmdet - INFO - Epoch [1][1250/2577]	lr: 1.500e-03, eta: 5:14:16, time: 0.361, data_time: 0.017, memory: 13382, loss_cls: 0.4973, loss_bbox: 0.4143, loss_kps: 0.0000, loss: 0.9115
2026-09-18 11:22:49,173 - mmdet - INFO - Epoch [1][1300/2577]	lr: 1.500e-03, eta: 5:13:32, time: 0.362, data_time: 0.016, memory: 13382, loss_cls: 0.4978, loss_bbox: 0.4106, loss_kps: 0.0000, loss: 0.9084
2026-09-18 11:23:06,832 - mmdet - INFO - Epoch [1][1350/2577]	lr: 1.500e-03, eta: 5:12:34, time: 0.353, data_time: 0.016, memory: 13382, loss_cls: 0.5153, loss_bbox: 0.4219, loss_kps: 0.0000, loss: 0.9373
2026-09-18 11:23:24,522 - mmdet - INFO - Epoch [1][1400/2577]	lr: 1.500e-03, eta: 5:11:39, time: 0.354, data_time: 0.016, memory: 13382, loss_cls: 0.4713, loss_bbox: 0.4218, loss_kps: 0.0000, loss: 0.8931
2026-09-18 11:23:42,330 - mmdet - INFO - Epoch [1][1450/2577]	lr: 1.500e-03, eta: 5:10:52, time: 0.356, data_time: 0.017, memory: 13382, loss_cls: 0.4769, loss_bbox: 0.4106, loss_kps: 0.0000, loss: 0.8875
2026-09-18 11:24:00,144 - mmdet - INFO - Epoch [1][1500/2577]	lr: 1.500e-03, eta: 5:10:06, time: 0.356, data_time: 0.016, memory: 13382, loss_cls: 0.4712, loss_bbox: 0.4194, loss_kps: 0.0000, loss: 0.8906
2026-09-18 11:24:17,960 - mmdet - INFO - Epoch [1][1550/2577]	lr: 1.500e-03, eta: 5:09:23, time: 0.356, data_time: 0.017, memory: 13382, loss_cls: 0.4551, loss_bbox: 0.4088, loss_kps: 0.0000, loss: 0.8639
2026-09-18 11:24:35,533 - mmdet - INFO - Epoch [1][1600/2577]	lr: 1.500e-03, eta: 5:08:33, time: 0.351, data_time: 0.016, memory: 13382, loss_cls: 0.4754, loss_bbox: 0.4178, loss_kps: 0.0000, loss: 0.8932
2026-09-18 11:24:52,948 - mmdet - INFO - Epoch [1][1650/2577]	lr: 1.500e-03, eta: 5:07:40, time: 0.348, data_time: 0.016, memory: 13382, loss_cls: 0.5113, loss_bbox: 0.4070, loss_kps: 0.0000, loss: 0.9183
2026-09-18 11:25:10,292 - mmdet - INFO - Epoch [1][1700/2577]	lr: 1.500e-03, eta: 5:06:48, time: 0.347, data_time: 0.016, memory: 13382, loss_cls: 0.4616, loss_bbox: 0.4047, loss_kps: 0.0000, loss: 0.8663
2026-09-18 11:25:27,793 - mmdet - INFO - Epoch [1][1750/2577]	lr: 1.500e-03, eta: 5:06:02, time: 0.350, data_time: 0.016, memory: 13382, loss_cls: 0.4670, loss_bbox: 0.4140, loss_kps: 0.0000, loss: 0.8810
2026-09-18 11:25:45,593 - mmdet - INFO - Epoch [1][1800/2577]	lr: 1.500e-03, eta: 5:05:26, time: 0.356, data_time: 0.016, memory: 13382, loss_cls: 0.4789, loss_bbox: 0.4084, loss_kps: 0.0000, loss: 0.8873
2026-09-18 11:26:03,246 - mmdet - INFO - Epoch [1][1850/2577]	lr: 1.500e-03, eta: 5:04:47, time: 0.353, data_time: 0.016, memory: 13382, loss_cls: 0.4562, loss_bbox: 0.4062, loss_kps: 0.0000, loss: 0.8624
2026-09-18 11:26:21,115 - mmdet - INFO - Epoch [1][1900/2577]	lr: 1.500e-03, eta: 5:04:15, time: 0.357, data_time: 0.017, memory: 13382, loss_cls: 0.4413, loss_bbox: 0.3920, loss_kps: 0.0000, loss: 0.8333
2026-09-18 11:26:39,032 - mmdet - INFO - Epoch [1][1950/2577]	lr: 1.500e-03, eta: 5:03:44, time: 0.358, data_time: 0.017, memory: 13382, loss_cls: 0.4757, loss_bbox: 0.4134, loss_kps: 0.0000, loss: 0.8891
2026-09-18 11:26:57,183 - mmdet - INFO - Exp name: scrfd_armAG34.py
2026-09-18 11:26:57,183 - mmdet - INFO - Epoch [1][2000/2577]	lr: 1.500e-03, eta: 5:03:20, time: 0.363, data_time: 0.017, memory: 13382, loss_cls: 0.4630, loss_bbox: 0.4063, loss_kps: 0.0000, loss: 0.8694
2026-09-18 11:27:15,303 - mmdet - INFO - Epoch [1][2050/2577]	lr: 1.500e-03, eta: 5:02:56, time: 0.362, data_time: 0.016, memory: 13382, loss_cls: 0.4618, loss_bbox: 0.4137, loss_kps: 0.0000, loss: 0.8755
2026-09-18 11:27:33,360 - mmdet - INFO - Epoch [1][2100/2577]	lr: 1.500e-03, eta: 5:02:30, time: 0.361, data_time: 0.016, memory: 13382, loss_cls: 0.4585, loss_bbox: 0.3982, loss_kps: 0.0000, loss: 0.8567
2026-09-18 11:27:51,208 - mmdet - INFO - Epoch [1][2150/2577]	lr: 1.500e-03, eta: 5:02:00, time: 0.357, data_time: 0.016, memory: 13382, loss_cls: 0.4378, loss_bbox: 0.3938, loss_kps: 0.0000, loss: 0.8316
2026-09-18 11:28:09,495 - mmdet - INFO - Epoch [1][2200/2577]	lr: 1.500e-03, eta: 5:01:41, time: 0.366, data_time: 0.016, memory: 13382, loss_cls: 0.4891, loss_bbox: 0.4124, loss_kps: 0.0000, loss: 0.9014
2026-09-18 11:28:27,431 - mmdet - INFO - Epoch [1][2250/2577]	lr: 1.500e-03, eta: 5:01:13, time: 0.359, data_time: 0.016, memory: 13382, loss_cls: 0.4997, loss_bbox: 0.4426, loss_kps: 0.0000, loss: 0.9423
2026-09-18 11:28:45,320 - mmdet - INFO - Epoch [1][2300/2577]	lr: 1.500e-03, eta: 5:00:45, time: 0.358, data_time: 0.016, memory: 13382, loss_cls: 0.4844, loss_bbox: 0.4203, loss_kps: 0.0000, loss: 0.9046
2026-09-18 11:29:03,483 - mmdet - INFO - Epoch [1][2350/2577]	lr: 1.500e-03, eta: 5:00:24, time: 0.363, data_time: 0.017, memory: 13382, loss_cls: 0.4738, loss_bbox: 0.4248, loss_kps: 0.0000, loss: 0.8986
2026-09-18 11:29:21,219 - mmdet - INFO - Epoch [1][2400/2577]	lr: 1.500e-03, eta: 4:59:53, time: 0.355, data_time: 0.016, memory: 13382, loss_cls: 0.4590, loss_bbox: 0.4051, loss_kps: 0.0000, loss: 0.8640
2026-09-18 11:29:38,946 - mmdet - INFO - Epoch [1][2450/2577]	lr: 1.500e-03, eta: 4:59:23, time: 0.354, data_time: 0.016, memory: 13382, loss_cls: 0.4763, loss_bbox: 0.4068, loss_kps: 0.0000, loss: 0.8831
2026-09-18 11:29:56,675 - mmdet - INFO - Epoch [1][2500/2577]	lr: 1.500e-03, eta: 4:58:54, time: 0.355, data_time: 0.017, memory: 13382, loss_cls: 0.4644, loss_bbox: 0.4105, loss_kps: 0.0000, loss: 0.8749
2026-09-18 11:30:14,579 - mmdet - INFO - Epoch [1][2550/2577]	lr: 1.500e-03, eta: 4:58:28, time: 0.358, data_time: 0.016, memory: 13382, loss_cls: 0.4603, loss_bbox: 0.4006, loss_kps: 0.0000, loss: 0.8609
2026-09-18 11:30:24,478 - mmdet - INFO - Saving checkpoint at 1 epochs
2026-09-18 11:30:50,643 - mmdet - INFO - Epoch [2][50/2577]	lr: 1.500e-03, eta: 4:57:13, time: 0.512, data_time: 0.117, memory: 13382, loss_cls: 0.4448, loss_bbox: 0.4008, loss_kps: 0.0000, loss: 0.8457
2026-09-18 11:31:08,386 - mmdet - INFO - Epoch [2][100/2577]	lr: 1.500e-03, eta: 4:56:46, time: 0.355, data_time: 0.016, memory: 13382, loss_cls: 0.4495, loss_bbox: 0.4068, loss_kps: 0.0000, loss: 0.8562
2026-09-18 11:31:26,390 - mmdet - INFO - Epoch [2][150/2577]	lr: 1.500e-03, eta: 4:56:24, time: 0.360, data_time: 0.016, memory: 13382, loss_cls: 0.4504, loss_bbox: 0.3963, loss_kps: 0.0000, loss: 0.8467
2026-09-18 11:31:43,139 - mmdet - INFO - Epoch [2][200/2577]	lr: 1.500e-03, eta: 4:55:40, time: 0.335, data_time: 0.016, memory: 13382, loss_cls: 0.4633, loss_bbox: 0.4130, loss_kps: 0.0000, loss: 0.8764
2026-09-18 11:32:00,220 - mmdet - INFO - Epoch [2][250/2577]	lr: 1.500e-03, eta: 4:55:03, time: 0.342, data_time: 0.016, memory: 13382, loss_cls: 0.4494, loss_bbox: 0.3983, loss_kps: 0.0000, loss: 0.8477
2026-09-18 11:32:17,179 - mmdet - INFO - Epoch [2][300/2577]	lr: 1.500e-03, eta: 4:54:24, time: 0.339, data_time: 0.016, memory: 13382, loss_cls: 0.4649, loss_bbox: 0.4145, loss_kps: 0.0000, loss: 0.8794
2026-09-18 11:32:34,706 - mmdet - INFO - Epoch [2][350/2577]	lr: 1.500e-03, eta: 4:53:55, time: 0.351, data_time: 0.022, memory: 13382, loss_cls: 0.4541, loss_bbox: 0.4060, loss_kps: 0.0000, loss: 0.8601
2026-09-18 11:32:51,791 - mmdet - INFO - Epoch [2][400/2577]	lr: 1.500e-03, eta: 4:53:20, time: 0.342, data_time: 0.017, memory: 13382, loss_cls: 0.4561, loss_bbox: 0.4044, loss_kps: 0.0000, loss: 0.8605
2026-09-18 11:33:08,798 - mmdet - INFO - Epoch [2][450/2577]	lr: 1.500e-03, eta: 4:52:44, time: 0.340, data_time: 0.017, memory: 13382, loss_cls: 0.4620, loss_bbox: 0.3993, loss_kps: 0.0000, loss: 0.8613
2026-09-18 11:33:26,530 - mmdet - INFO - Epoch [2][500/2577]	lr: 1.500e-03, eta: 4:52:20, time: 0.355, data_time: 0.018, memory: 13382, loss_cls: 0.4502, loss_bbox: 0.3920, loss_kps: 0.0000, loss: 0.8422
2026-09-18 11:33:43,426 - mmdet - INFO - Epoch [2][550/2577]	lr: 1.500e-03, eta: 4:51:43, time: 0.338, data_time: 0.015, memory: 13382, loss_cls: 0.4627, loss_bbox: 0.4020, loss_kps: 0.0000, loss: 0.8647
2026-09-18 11:34:00,851 - mmdet - INFO - Epoch [2][600/2577]	lr: 1.500e-03, eta: 4:51:15, time: 0.349, data_time: 0.016, memory: 13382, loss_cls: 0.4839, loss_bbox: 0.4147, loss_kps: 0.0000, loss: 0.8986
2026-09-18 11:34:17,755 - mmdet - INFO - Epoch [2][650/2577]	lr: 1.500e-03, eta: 4:50:40, time: 0.338, data_time: 0.014, memory: 13382, loss_cls: 0.4854, loss_bbox: 0.4055, loss_kps: 0.0000, loss: 0.8909
2026-09-18 11:34:34,934 - mmdet - INFO - Epoch [2][700/2577]	lr: 1.500e-03, eta: 4:50:09, time: 0.344, data_time: 0.014, memory: 13382, loss_cls: 0.4617, loss_bbox: 0.4116, loss_kps: 0.0000, loss: 0.8733
2026-09-18 11:34:51,987 - mmdet - INFO - Epoch [2][750/2577]	lr: 1.500e-03, eta: 4:49:37, time: 0.341, data_time: 0.015, memory: 13382, loss_cls: 0.4247, loss_bbox: 0.3924, loss_kps: 0.0000, loss: 0.8171
2026-09-18 11:35:08,948 - mmdet - INFO - Epoch [2][800/2577]	lr: 1.500e-03, eta: 4:49:04, time: 0.339, data_time: 0.015, memory: 13382, loss_cls: 0.4909, loss_bbox: 0.4113, loss_kps: 0.0000, loss: 0.9022
2026-09-18 11:35:25,943 - mmdet - INFO - Epoch [2][850/2577]	lr: 1.500e-03, eta: 4:48:31, time: 0.340, data_time: 0.015, memory: 13382, loss_cls: 0.4581, loss_bbox: 0.4016, loss_kps: 0.0000, loss: 0.8597
2026-09-18 11:35:42,962 - mmdet - INFO - Epoch [2][900/2577]	lr: 1.500e-03, eta: 4:48:00, time: 0.340, data_time: 0.016, memory: 13382, loss_cls: 0.4320, loss_bbox: 0.3880, loss_kps: 0.0000, loss: 0.8199
2026-09-18 11:36:00,085 - mmdet - INFO - Epoch [2][950/2577]	lr: 1.500e-03, eta: 4:47:30, time: 0.343, data_time: 0.016, memory: 13382, loss_cls: 0.4635, loss_bbox: 0.4072, loss_kps: 0.0000, loss: 0.8707
2026-09-18 11:36:17,279 - mmdet - INFO - Epoch [2][1000/2577]	lr: 1.500e-03, eta: 4:47:02, time: 0.344, data_time: 0.015, memory: 13382, loss_cls: 0.4247, loss_bbox: 0.3892, loss_kps: 0.0000, loss: 0.8139
2026-09-18 11:36:34,332 - mmdet - INFO - Epoch [2][1050/2577]	lr: 1.500e-03, eta: 4:46:32, time: 0.341, data_time: 0.016, memory: 13382, loss_cls: 0.4679, loss_bbox: 0.4113, loss_kps: 0.0000, loss: 0.8792
2026-09-18 11:36:51,394 - mmdet - INFO - Epoch [2][1100/2577]	lr: 1.500e-03, eta: 4:46:03, time: 0.341, data_time: 0.016, memory: 13382, loss_cls: 0.4512, loss_bbox: 0.4002, loss_kps: 0.0000, loss: 0.8514
2026-09-18 11:37:08,561 - mmdet - INFO - Epoch [2][1150/2577]	lr: 1.500e-03, eta: 4:45:35, time: 0.343, data_time: 0.016, memory: 13382, loss_cls: 0.4320, loss_bbox: 0.3955, loss_kps: 0.0000, loss: 0.8275
2026-09-18 11:37:25,973 - mmdet - INFO - Epoch [2][1200/2577]	lr: 1.500e-03, eta: 4:45:11, time: 0.348, data_time: 0.016, memory: 13382, loss_cls: 0.4546, loss_bbox: 0.3940, loss_kps: 0.0000, loss: 0.8486
2026-09-18 11:37:43,284 - mmdet - INFO - Epoch [2][1250/2577]	lr: 1.500e-03, eta: 4:44:45, time: 0.346, data_time: 0.014, memory: 13382, loss_cls: 0.4561, loss_bbox: 0.4039, loss_kps: 0.0000, loss: 0.8599
2026-09-18 11:38:00,428 - mmdet - INFO - Epoch [2][1300/2577]	lr: 1.500e-03, eta: 4:44:18, time: 0.343, data_time: 0.016, memory: 13382, loss_cls: 0.4636, loss_bbox: 0.4009, loss_kps: 0.0000, loss: 0.8645
2026-09-18 11:38:17,714 - mmdet - INFO - Epoch [2][1350/2577]	lr: 1.500e-03, eta: 4:43:53, time: 0.346, data_time: 0.017, memory: 13382, loss_cls: 0.4419, loss_bbox: 0.3895, loss_kps: 0.0000, loss: 0.8314
2026-09-18 11:38:35,359 - mmdet - INFO - Epoch [2][1400/2577]	lr: 1.500e-03, eta: 4:43:32, time: 0.353, data_time: 0.017, memory: 13382, loss_cls: 0.4494, loss_bbox: 0.3987, loss_kps: 0.0000, loss: 0.8481
2026-09-18 11:38:52,828 - mmdet - INFO - Epoch [2][1450/2577]	lr: 1.500e-03, eta: 4:43:09, time: 0.349, data_time: 0.017, memory: 13382, loss_cls: 0.4388, loss_bbox: 0.3997, loss_kps: 0.0000, loss: 0.8386
2026-09-18 11:39:09,973 - mmdet - INFO - Epoch [2][1500/2577]	lr: 1.500e-03, eta: 4:42:43, time: 0.343, data_time: 0.017, memory: 13382, loss_cls: 0.4624, loss_bbox: 0.4048, loss_kps: 0.0000, loss: 0.8673
2026-09-18 11:39:27,116 - mmdet - INFO - Epoch [2][1550/2577]	lr: 1.500e-03, eta: 4:42:17, time: 0.343, data_time: 0.017, memory: 13382, loss_cls: 0.4401, loss_bbox: 0.4037, loss_kps: 0.0000, loss: 0.8437
2026-09-18 11:39:44,409 - mmdet - INFO - Epoch [2][1600/2577]	lr: 1.500e-03, eta: 4:41:52, time: 0.346, data_time: 0.017, memory: 13382, loss_cls: 0.4511, loss_bbox: 0.3904, loss_kps: 0.0000, loss: 0.8415
2026-09-18 11:40:01,503 - mmdet - INFO - Epoch [2][1650/2577]	lr: 1.500e-03, eta: 4:41:26, time: 0.342, data_time: 0.017, memory: 13382, loss_cls: 0.4569, loss_bbox: 0.4098, loss_kps: 0.0000, loss: 0.8667
2026-09-18 11:40:18,668 - mmdet - INFO - Epoch [2][1700/2577]	lr: 1.500e-03, eta: 4:41:01, time: 0.343, data_time: 0.017, memory: 13382, loss_cls: 0.4529, loss_bbox: 0.3897, loss_kps: 0.0000, loss: 0.8426
2026-09-18 11:40:35,644 - mmdet - INFO - Epoch [2][1750/2577]	lr: 1.500e-03, eta: 4:40:33, time: 0.340, data_time: 0.017, memory: 13382, loss_cls: 0.4502, loss_bbox: 0.4026, loss_kps: 0.0000, loss: 0.8527
2026-09-18 11:40:52,928 - mmdet - INFO - Epoch [2][1800/2577]	lr: 1.500e-03, eta: 4:40:10, time: 0.346, data_time: 0.017, memory: 13382, loss_cls: 0.4566, loss_bbox: 0.4012, loss_kps: 0.0000, loss: 0.8578
2026-09-18 11:41:10,086 - mmdet - INFO - Epoch [2][1850/2577]	lr: 1.500e-03, eta: 4:39:45, time: 0.343, data_time: 0.016, memory: 13382, loss_cls: 0.4333, loss_bbox: 0.4037, loss_kps: 0.0000, loss: 0.8370
2026-09-18 11:41:26,990 - mmdet - INFO - Epoch [2][1900/2577]	lr: 1.500e-03, eta: 4:39:17, time: 0.338, data_time: 0.016, memory: 13382, loss_cls: 0.4475, loss_bbox: 0.3875, loss_kps: 0.0000, loss: 0.8350
2026-09-18 11:41:44,317 - mmdet - INFO - Epoch [2][1950/2577]	lr: 1.500e-03, eta: 4:38:55, time: 0.347, data_time: 0.016, memory: 13382, loss_cls: 0.4362, loss_bbox: 0.3939, loss_kps: 0.0000, loss: 0.8300
2026-09-18 11:42:01,630 - mmdet - INFO - Epoch [2][2000/2577]	lr: 1.500e-03, eta: 4:38:32, time: 0.346, data_time: 0.016, memory: 13382, loss_cls: 0.4263, loss_bbox: 0.3867, loss_kps: 0.0000, loss: 0.8130
2026-09-18 11:42:18,746 - mmdet - INFO - Epoch [2][2050/2577]	lr: 1.500e-03, eta: 4:38:07, time: 0.342, data_time: 0.016, memory: 13382, loss_cls: 0.4313, loss_bbox: 0.3873, loss_kps: 0.0000, loss: 0.8186
2026-09-18 11:42:35,962 - mmdet - INFO - Epoch [2][2100/2577]	lr: 1.500e-03, eta: 4:37:44, time: 0.344, data_time: 0.017, memory: 13382, loss_cls: 0.4469, loss_bbox: 0.4117, loss_kps: 0.0000, loss: 0.8587
2026-09-18 11:42:53,193 - mmdet - INFO - Epoch [2][2150/2577]	lr: 1.500e-03, eta: 4:37:20, time: 0.345, data_time: 0.016, memory: 13382, loss_cls: 0.4364, loss_bbox: 0.3919, loss_kps: 0.0000, loss: 0.8284
2026-09-18 11:43:10,524 - mmdet - INFO - Epoch [2][2200/2577]	lr: 1.500e-03, eta: 4:36:58, time: 0.347, data_time: 0.016, memory: 13382, loss_cls: 0.4543, loss_bbox: 0.4011, loss_kps: 0.0000, loss: 0.8554
2026-09-18 11:43:27,584 - mmdet - INFO - Epoch [2][2250/2577]	lr: 1.500e-03, eta: 4:36:34, time: 0.341, data_time: 0.017, memory: 13382, loss_cls: 0.4491, loss_bbox: 0.3901, loss_kps: 0.0000, loss: 0.8392
2026-09-18 11:43:44,501 - mmdet - INFO - Epoch [2][2300/2577]	lr: 1.500e-03, eta: 4:36:08, time: 0.338, data_time: 0.016, memory: 13382, loss_cls: 0.4343, loss_bbox: 0.3999, loss_kps: 0.0000, loss: 0.8342
2026-09-18 11:44:01,525 - mmdet - INFO - Epoch [2][2350/2577]	lr: 1.500e-03, eta: 4:35:43, time: 0.340, data_time: 0.016, memory: 13382, loss_cls: 0.4482, loss_bbox: 0.4031, loss_kps: 0.0000, loss: 0.8514
2026-09-18 11:44:18,854 - mmdet - INFO - Epoch [2][2400/2577]	lr: 1.500e-03, eta: 4:35:22, time: 0.347, data_time: 0.017, memory: 13382, loss_cls: 0.4412, loss_bbox: 0.3949, loss_kps: 0.0000, loss: 0.8361
2026-09-18 11:44:36,400 - mmdet - INFO - Epoch [2][2450/2577]	lr: 1.500e-03, eta: 4:35:02, time: 0.351, data_time: 0.016, memory: 13382, loss_cls: 0.4719, loss_bbox: 0.4129, loss_kps: 0.0000, loss: 0.8848
2026-09-18 11:44:53,945 - mmdet - INFO - Epoch [2][2500/2577]	lr: 1.500e-03, eta: 4:34:42, time: 0.351, data_time: 0.017, memory: 13382, loss_cls: 0.4380, loss_bbox: 0.3985, loss_kps: 0.0000, loss: 0.8365
2026-09-18 11:45:11,306 - mmdet - INFO - Epoch [2][2550/2577]	lr: 1.500e-03, eta: 4:34:21, time: 0.347, data_time: 0.017, memory: 13382, loss_cls: 0.4405, loss_bbox: 0.3833, loss_kps: 0.0000, loss: 0.8238
2026-09-18 11:45:20,553 - mmdet - INFO - Saving checkpoint at 2 epochs
2026-09-18 11:45:45,385 - mmdet - INFO - Epoch [3][50/2577]	lr: 1.500e-03, eta: 4:33:28, time: 0.488, data_time: 0.106, memory: 13382, loss_cls: 0.4417, loss_bbox: 0.3920, loss_kps: 0.0000, loss: 0.8337
2026-09-18 11:46:03,822 - mmdet - INFO - Epoch [3][100/2577]	lr: 1.500e-03, eta: 4:33:17, time: 0.369, data_time: 0.016, memory: 13382, loss_cls: 0.4289, loss_bbox: 0.4012, loss_kps: 0.0000, loss: 0.8301
2026-09-18 11:46:21,219 - mmdet - INFO - Epoch [3][150/2577]	lr: 1.500e-03, eta: 4:32:56, time: 0.348, data_time: 0.016, memory: 13382, loss_cls: 0.4395, loss_bbox: 0.4048, loss_kps: 0.0000, loss: 0.8444
2026-09-18 11:46:38,480 - mmdet - INFO - Epoch [3][200/2577]	lr: 1.500e-03, eta: 4:32:35, time: 0.345, data_time: 0.016, memory: 13382, loss_cls: 0.4325, loss_bbox: 0.3961, loss_kps: 0.0000, loss: 0.8286
2026-09-18 11:46:55,405 - mmdet - INFO - Epoch [3][250/2577]	lr: 1.500e-03, eta: 4:32:10, time: 0.338, data_time: 0.016, memory: 13382, loss_cls: 0.4472, loss_bbox: 0.3991, loss_kps: 0.0000, loss: 0.8463
2026-09-18 11:47:12,516 - mmdet - INFO - Epoch [3][300/2577]	lr: 1.500e-03, eta: 4:31:47, time: 0.342, data_time: 0.016, memory: 13382, loss_cls: 0.4243, loss_bbox: 0.4013, loss_kps: 0.0000, loss: 0.8255
2026-09-18 11:47:29,943 - mmdet - INFO - Epoch [3][350/2577]	lr: 1.500e-03, eta: 4:31:28, time: 0.349, data_time: 0.016, memory: 13382, loss_cls: 0.4378, loss_bbox: 0.3948, loss_kps: 0.0000, loss: 0.8326
2026-09-18 11:47:47,029 - mmdet - INFO - Epoch [3][400/2577]	lr: 1.500e-03, eta: 4:31:05, time: 0.342, data_time: 0.016, memory: 13382, loss_cls: 0.4365, loss_bbox: 0.3887, loss_kps: 0.0000, loss: 0.8252
2026-09-18 11:48:04,233 - mmdet - INFO - Epoch [3][450/2577]	lr: 1.500e-03, eta: 4:30:43, time: 0.344, data_time: 0.016, memory: 13382, loss_cls: 0.4470, loss_bbox: 0.3990, loss_kps: 0.0000, loss: 0.8460
2026-09-18 11:48:21,177 - mmdet - INFO - Epoch [3][500/2577]	lr: 1.500e-03, eta: 4:30:20, time: 0.339, data_time: 0.016, memory: 13382, loss_cls: 0.4622, loss_bbox: 0.3933, loss_kps: 0.0000, loss: 0.8555
2026-09-18 11:48:38,667 - mmdet - INFO - Epoch [3][550/2577]	lr: 1.500e-03, eta: 4:30:00, time: 0.350, data_time: 0.016, memory: 13382, loss_cls: 0.4149, loss_bbox: 0.3858, loss_kps: 0.0000, loss: 0.8006
2026-09-18 11:48:55,844 - mmdet - INFO - Epoch [3][600/2577]	lr: 1.500e-03, eta: 4:29:39, time: 0.343, data_time: 0.016, memory: 13382, loss_cls: 0.4437, loss_bbox: 0.3981, loss_kps: 0.0000, loss: 0.8418
2026-09-18 11:49:12,710 - mmdet - INFO - Epoch [3][650/2577]	lr: 1.500e-03, eta: 4:29:15, time: 0.337, data_time: 0.016, memory: 13382, loss_cls: 0.4326, loss_bbox: 0.3871, loss_kps: 0.0000, loss: 0.8197
2026-09-18 11:49:29,695 - mmdet - INFO - Epoch [3][700/2577]	lr: 1.500e-03, eta: 4:28:52, time: 0.340, data_time: 0.016, memory: 13382, loss_cls: 0.4287, loss_bbox: 0.3779, loss_kps: 0.0000, loss: 0.8066
2026-09-18 11:49:47,171 - mmdet - INFO - Epoch [3][750/2577]	lr: 1.500e-03, eta: 4:28:33, time: 0.350, data_time: 0.016, memory: 13382, loss_cls: 0.4601, loss_bbox: 0.4108, loss_kps: 0.0000, loss: 0.8709
2026-09-18 11:50:04,608 - mmdet - INFO - Epoch [3][800/2577]	lr: 1.500e-03, eta: 4:28:13, time: 0.349, data_time: 0.024, memory: 13382, loss_cls: 0.4274, loss_bbox: 0.3960, loss_kps: 0.0000, loss: 0.8234
2026-09-18 11:50:21,581 - mmdet - INFO - Epoch [3][850/2577]	lr: 1.500e-03, eta: 4:27:51, time: 0.339, data_time: 0.015, memory: 13382, loss_cls: 0.4360, loss_bbox: 0.3939, loss_kps: 0.0000, loss: 0.8299
2026-09-18 11:50:38,735 - mmdet - INFO - Epoch [3][900/2577]	lr: 1.500e-03, eta: 4:27:29, time: 0.343, data_time: 0.017, memory: 13382, loss_cls: 0.4488, loss_bbox: 0.4131, loss_kps: 0.0000, loss: 0.8619
2026-09-18 11:50:56,123 - mmdet - INFO - Epoch [3][950/2577]	lr: 1.500e-03, eta: 4:27:10, time: 0.348, data_time: 0.016, memory: 13382, loss_cls: 0.4418, loss_bbox: 0.3960, loss_kps: 0.0000, loss: 0.8379
2026-09-18 11:51:13,756 - mmdet - INFO - Epoch [3][1000/2577]	lr: 1.500e-03, eta: 4:26:52, time: 0.353, data_time: 0.016, memory: 13382, loss_cls: 0.4360, loss_bbox: 0.3897, loss_kps: 0.0000, loss: 0.8258
2026-09-18 11:51:30,820 - mmdet - INFO - Epoch [3][1050/2577]	lr: 1.500e-03, eta: 4:26:30, time: 0.341, data_time: 0.016, memory: 13382, loss_cls: 0.4339, loss_bbox: 0.3915, loss_kps: 0.0000, loss: 0.8254
2026-09-18 11:51:48,214 - mmdet - INFO - Epoch [3][1100/2577]	lr: 1.500e-03, eta: 4:26:11, time: 0.348, data_time: 0.016, memory: 13382, loss_cls: 0.4293, loss_bbox: 0.4001, loss_kps: 0.0000, loss: 0.8294
2026-09-18 11:52:05,726 - mmdet - INFO - Epoch [3][1150/2577]	lr: 1.500e-03, eta: 4:25:52, time: 0.350, data_time: 0.016, memory: 13382, loss_cls: 0.4447, loss_bbox: 0.4064, loss_kps: 0.0000, loss: 0.8512
2026-09-18 11:52:22,861 - mmdet - INFO - Epoch [3][1200/2577]	lr: 1.500e-03, eta: 4:25:31, time: 0.343, data_time: 0.017, memory: 13382, loss_cls: 0.4452, loss_bbox: 0.3876, loss_kps: 0.0000, loss: 0.8328
2026-09-18 11:52:40,277 - mmdet - INFO - Epoch [3][1250/2577]	lr: 1.500e-03, eta: 4:25:12, time: 0.348, data_time: 0.016, memory: 13382, loss_cls: 0.4348, loss_bbox: 0.4047, loss_kps: 0.0000, loss: 0.8395
2026-09-18 11:52:57,513 - mmdet - INFO - Epoch [3][1300/2577]	lr: 1.500e-03, eta: 4:24:52, time: 0.345, data_time: 0.016, memory: 13382, loss_cls: 0.4372, loss_bbox: 0.4055, loss_kps: 0.0000, loss: 0.8426
2026-09-18 11:53:14,908 - mmdet - INFO - Epoch [3][1350/2577]	lr: 1.500e-03, eta: 4:24:32, time: 0.348, data_time: 0.016, memory: 13382, loss_cls: 0.4398, loss_bbox: 0.4030, loss_kps: 0.0000, loss: 0.8427
2026-09-18 11:53:32,058 - mmdet - INFO - Epoch [3][1400/2577]	lr: 1.500e-03, eta: 4:24:12, time: 0.343, data_time: 0.016, memory: 13382, loss_cls: 0.4417, loss_bbox: 0.3987, loss_kps: 0.0000, loss: 0.8405
2026-09-18 11:53:49,393 - mmdet - INFO - Epoch [3][1450/2577]	lr: 1.500e-03, eta: 4:23:52, time: 0.347, data_time: 0.016, memory: 13382, loss_cls: 0.4477, loss_bbox: 0.3884, loss_kps: 0.0000, loss: 0.8361
2026-09-18 11:54:06,574 - mmdet - INFO - Epoch [3][1500/2577]	lr: 1.500e-03, eta: 4:23:31, time: 0.344, data_time: 0.016, memory: 13382, loss_cls: 0.4336, loss_bbox: 0.3957, loss_kps: 0.0000, loss: 0.8293
2026-09-18 11:54:23,774 - mmdet - INFO - Epoch [3][1550/2577]	lr: 1.500e-03, eta: 4:23:11, time: 0.344, data_time: 0.017, memory: 13382, loss_cls: 0.4253, loss_bbox: 0.3775, loss_kps: 0.0000, loss: 0.8028
2026-09-18 11:54:40,864 - mmdet - INFO - Epoch [3][1600/2577]	lr: 1.500e-03, eta: 4:22:50, time: 0.342, data_time: 0.016, memory: 13382, loss_cls: 0.4323, loss_bbox: 0.4013, loss_kps: 0.0000, loss: 0.8336
2026-09-18 11:54:57,866 - mmdet - INFO - Epoch [3][1650/2577]	lr: 1.500e-03, eta: 4:22:28, time: 0.340, data_time: 0.016, memory: 13382, loss_cls: 0.4416, loss_bbox: 0.3977, loss_kps: 0.0000, loss: 0.8393
2026-09-18 11:55:15,045 - mmdet - INFO - Epoch [3][1700/2577]	lr: 1.500e-03, eta: 4:22:08, time: 0.344, data_time: 0.016, memory: 13382, loss_cls: 0.4313, loss_bbox: 0.4032, loss_kps: 0.0000, loss: 0.8345
2026-09-18 11:55:32,204 - mmdet - INFO - Epoch [3][1750/2577]	lr: 1.500e-03, eta: 4:21:48, time: 0.343, data_time: 0.016, memory: 13382, loss_cls: 0.4400, loss_bbox: 0.3887, loss_kps: 0.0000, loss: 0.8287
2026-09-18 11:55:49,372 - mmdet - INFO - Epoch [3][1800/2577]	lr: 1.500e-03, eta: 4:21:27, time: 0.343, data_time: 0.016, memory: 13382, loss_cls: 0.4403, loss_bbox: 0.4007, loss_kps: 0.0000, loss: 0.8410
2026-09-18 11:56:06,782 - mmdet - INFO - Epoch [3][1850/2577]	lr: 1.500e-03, eta: 4:21:09, time: 0.348, data_time: 0.016, memory: 13382, loss_cls: 0.4236, loss_bbox: 0.3889, loss_kps: 0.0000, loss: 0.8126
2026-09-18 11:56:23,959 - mmdet - INFO - Epoch [3][1900/2577]	lr: 1.500e-03, eta: 4:20:48, time: 0.344, data_time: 0.016, memory: 13382, loss_cls: 0.4295, loss_bbox: 0.3807, loss_kps: 0.0000, loss: 0.8101
2026-09-18 11:56:41,577 - mmdet - INFO - Epoch [3][1950/2577]	lr: 1.500e-03, eta: 4:20:31, time: 0.352, data_time: 0.017, memory: 13382, loss_cls: 0.4308, loss_bbox: 0.3864, loss_kps: 0.0000, loss: 0.8172
2026-09-18 11:56:58,882 - mmdet - INFO - Epoch [3][2000/2577]	lr: 1.500e-03, eta: 4:20:12, time: 0.346, data_time: 0.016, memory: 13382, loss_cls: 0.4378, loss_bbox: 0.3987, loss_kps: 0.0000, loss: 0.8365
2026-09-18 11:57:16,285 - mmdet - INFO - Epoch [3][2050/2577]	lr: 1.500e-03, eta: 4:19:53, time: 0.348, data_time: 0.016, memory: 13382, loss_cls: 0.4188, loss_bbox: 0.3921, loss_kps: 0.0000, loss: 0.8109
2026-09-18 11:57:33,500 - mmdet - INFO - Epoch [3][2100/2577]	lr: 1.500e-03, eta: 4:19:33, time: 0.344, data_time: 0.016, memory: 13382, loss_cls: 0.4158, loss_bbox: 0.3950, loss_kps: 0.0000, loss: 0.8108
2026-09-18 11:57:50,423 - mmdet - INFO - Epoch [3][2150/2577]	lr: 1.500e-03, eta: 4:19:11, time: 0.338, data_time: 0.016, memory: 13382, loss_cls: 0.4403, loss_bbox: 0.3898, loss_kps: 0.0000, loss: 0.8301
2026-09-18 11:58:07,596 - mmdet - INFO - Epoch [3][2200/2577]	lr: 1.500e-03, eta: 4:18:51, time: 0.343, data_time: 0.016, memory: 13382, loss_cls: 0.4369, loss_bbox: 0.3923, loss_kps: 0.0000, loss: 0.8292
2026-09-18 11:58:24,743 - mmdet - INFO - Epoch [3][2250/2577]	lr: 1.500e-03, eta: 4:18:31, time: 0.343, data_time: 0.017, memory: 13382, loss_cls: 0.4371, loss_bbox: 0.3845, loss_kps: 0.0000, loss: 0.8216
2026-09-18 11:58:41,887 - mmdet - INFO - Epoch [3][2300/2577]	lr: 1.500e-03, eta: 4:18:11, time: 0.343, data_time: 0.016, memory: 13382, loss_cls: 0.4045, loss_bbox: 0.3732, loss_kps: 0.0000, loss: 0.7778
2026-09-18 11:58:59,672 - mmdet - INFO - Epoch [3][2350/2577]	lr: 1.500e-03, eta: 4:17:55, time: 0.356, data_time: 0.016, memory: 13382, loss_cls: 0.4350, loss_bbox: 0.3857, loss_kps: 0.0000, loss: 0.8207
2026-09-18 11:59:17,308 - mmdet - INFO - Epoch [3][2400/2577]	lr: 1.500e-03, eta: 4:17:38, time: 0.353, data_time: 0.017, memory: 13382, loss_cls: 0.4349, loss_bbox: 0.4049, loss_kps: 0.0000, loss: 0.8399
2026-09-18 11:59:34,821 - mmdet - INFO - Epoch [3][2450/2577]	lr: 1.500e-03, eta: 4:17:20, time: 0.350, data_time: 0.016, memory: 13382, loss_cls: 0.4495, loss_bbox: 0.4012, loss_kps: 0.0000, loss: 0.8507
2026-09-18 11:59:52,412 - mmdet - INFO - Epoch [3][2500/2577]	lr: 1.500e-03, eta: 4:17:02, time: 0.352, data_time: 0.016, memory: 13382, loss_cls: 0.4461, loss_bbox: 0.3961, loss_kps: 0.0000, loss: 0.8422
2026-09-18 12:00:09,942 - mmdet - INFO - Epoch [3][2550/2577]	lr: 1.500e-03, eta: 4:16:44, time: 0.351, data_time: 0.015, memory: 13382, loss_cls: 0.4286, loss_bbox: 0.3847, loss_kps: 0.0000, loss: 0.8133
2026-09-18 12:00:19,755 - mmdet - INFO - Saving checkpoint at 3 epochs
2026-09-18 12:00:44,588 - mmdet - INFO - Epoch [4][50/2577]	lr: 1.500e-03, eta: 4:16:02, time: 0.487, data_time: 0.113, memory: 13382, loss_cls: 0.4253, loss_bbox: 0.3988, loss_kps: 0.0000, loss: 0.8241
2026-09-18 12:01:02,435 - mmdet - INFO - Epoch [4][100/2577]	lr: 1.500e-03, eta: 4:15:46, time: 0.357, data_time: 0.015, memory: 13382, loss_cls: 0.4322, loss_bbox: 0.3861, loss_kps: 0.0000, loss: 0.8182
2026-09-18 12:01:19,922 - mmdet - INFO - Epoch [4][150/2577]	lr: 1.500e-03, eta: 4:15:28, time: 0.350, data_time: 0.016, memory: 13382, loss_cls: 0.4391, loss_bbox: 0.3931, loss_kps: 0.0000, loss: 0.8323
2026-09-18 12:01:36,881 - mmdet - INFO - Epoch [4][200/2577]	lr: 1.500e-03, eta: 4:15:08, time: 0.339, data_time: 0.017, memory: 13382, loss_cls: 0.4201, loss_bbox: 0.3876, loss_kps: 0.0000, loss: 0.8077
2026-09-18 12:01:54,123 - mmdet - INFO - Epoch [4][250/2577]	lr: 1.500e-03, eta: 4:14:48, time: 0.345, data_time: 0.017, memory: 13382, loss_cls: 0.4204, loss_bbox: 0.3972, loss_kps: 0.0000, loss: 0.8176
2026-09-18 12:02:11,412 - mmdet - INFO - Epoch [4][300/2577]	lr: 1.500e-03, eta: 4:14:29, time: 0.346, data_time: 0.017, memory: 13382, loss_cls: 0.4477, loss_bbox: 0.3991, loss_kps: 0.0000, loss: 0.8468
2026-09-18 12:02:28,524 - mmdet - INFO - Epoch [4][350/2577]	lr: 1.500e-03, eta: 4:14:09, time: 0.342, data_time: 0.017, memory: 13382, loss_cls: 0.4296, loss_bbox: 0.4015, loss_kps: 0.0000, loss: 0.8312
2026-09-18 12:02:47,699 - mmdet - INFO - Epoch [4][400/2577]	lr: 1.500e-03, eta: 4:14:01, time: 0.383, data_time: 0.021, memory: 13382, loss_cls: 0.4248, loss_bbox: 0.3877, loss_kps: 0.0000, loss: 0.8125
2026-09-18 12:03:04,672 - mmdet - INFO - Epoch [4][450/2577]	lr: 1.500e-03, eta: 4:13:40, time: 0.339, data_time: 0.016, memory: 13382, loss_cls: 0.4283, loss_bbox: 0.3922, loss_kps: 0.0000, loss: 0.8205
2026-09-18 12:03:21,833 - mmdet - INFO - Epoch [4][500/2577]	lr: 1.500e-03, eta: 4:13:20, time: 0.343, data_time: 0.017, memory: 13382, loss_cls: 0.4501, loss_bbox: 0.4015, loss_kps: 0.0000, loss: 0.8516
2026-09-18 12:03:39,211 - mmdet - INFO - Epoch [4][550/2577]	lr: 1.500e-03, eta: 4:13:02, time: 0.348, data_time: 0.016, memory: 13382, loss_cls: 0.4249, loss_bbox: 0.3818, loss_kps: 0.0000, loss: 0.8067
2026-09-18 12:03:56,354 - mmdet - INFO - Epoch [4][600/2577]	lr: 1.500e-03, eta: 4:12:42, time: 0.343, data_time: 0.016, memory: 13382, loss_cls: 0.4095, loss_bbox: 0.3803, loss_kps: 0.0000, loss: 0.7899
2026-09-18 12:04:13,214 - mmdet - INFO - Epoch [4][650/2577]	lr: 1.500e-03, eta: 4:12:21, time: 0.337, data_time: 0.016, memory: 13382, loss_cls: 0.4126, loss_bbox: 0.3876, loss_kps: 0.0000, loss: 0.8002
2026-09-18 12:04:30,221 - mmdet - INFO - Epoch [4][700/2577]	lr: 1.500e-03, eta: 4:12:01, time: 0.340, data_time: 0.016, memory: 13382, loss_cls: 0.4242, loss_bbox: 0.3946, loss_kps: 0.0000, loss: 0.8188
2026-09-18 12:04:47,221 - mmdet - INFO - Epoch [4][750/2577]	lr: 1.500e-03, eta: 4:11:41, time: 0.340, data_time: 0.016, memory: 13382, loss_cls: 0.4420, loss_bbox: 0.4011, loss_kps: 0.0000, loss: 0.8431
2026-09-18 12:05:04,237 - mmdet - INFO - Epoch [4][800/2577]	lr: 1.500e-03, eta: 4:11:20, time: 0.340, data_time: 0.016, memory: 13382, loss_cls: 0.4068, loss_bbox: 0.4016, loss_kps: 0.0000, loss: 0.8084
2026-09-18 12:05:21,122 - mmdet - INFO - Epoch [4][850/2577]	lr: 1.500e-03, eta: 4:11:00, time: 0.338, data_time: 0.016, memory: 13382, loss_cls: 0.4370, loss_bbox: 0.3963, loss_kps: 0.0000, loss: 0.8333
2026-09-18 12:05:38,033 - mmdet - INFO - Epoch [4][900/2577]	lr: 1.500e-03, eta: 4:10:39, time: 0.338, data_time: 0.016, memory: 13382, loss_cls: 0.4155, loss_bbox: 0.3886, loss_kps: 0.0000, loss: 0.8041
2026-09-18 12:05:55,291 - mmdet - INFO - Epoch [4][950/2577]	lr: 1.500e-03, eta: 4:10:20, time: 0.345, data_time: 0.016, memory: 13382, loss_cls: 0.4345, loss_bbox: 0.3839, loss_kps: 0.0000, loss: 0.8185
2026-09-18 12:06:12,281 - mmdet - INFO - Epoch [4][1000/2577]	lr: 1.500e-03, eta: 4:10:00, time: 0.340, data_time: 0.016, memory: 13382, loss_cls: 0.4274, loss_bbox: 0.3884, loss_kps: 0.0000, loss: 0.8159
2026-09-18 12:06:29,434 - mmdet - INFO - Epoch [4][1050/2577]	lr: 1.500e-03, eta: 4:09:41, time: 0.343, data_time: 0.016, memory: 13382, loss_cls: 0.4393, loss_bbox: 0.3942, loss_kps: 0.0000, loss: 0.8335
2026-09-18 12:06:46,591 - mmdet - INFO - Epoch [4][1100/2577]	lr: 1.500e-03, eta: 4:09:22, time: 0.343, data_time: 0.016, memory: 13382, loss_cls: 0.4243, loss_bbox: 0.3918, loss_kps: 0.0000, loss: 0.8161
2026-09-18 12:07:03,707 - mmdet - INFO - Epoch [4][1150/2577]	lr: 1.500e-03, eta: 4:09:02, time: 0.342, data_time: 0.017, memory: 13382, loss_cls: 0.4457, loss_bbox: 0.4007, loss_kps: 0.0000, loss: 0.8464
2026-09-18 12:07:20,843 - mmdet - INFO - Epoch [4][1200/2577]	lr: 1.500e-03, eta: 4:08:43, time: 0.343, data_time: 0.016, memory: 13382, loss_cls: 0.4384, loss_bbox: 0.3900, loss_kps: 0.0000, loss: 0.8283
2026-09-18 12:07:37,940 - mmdet - INFO - Epoch [4][1250/2577]	lr: 1.500e-03, eta: 4:08:23, time: 0.342, data_time: 0.016, memory: 13382, loss_cls: 0.4282, loss_bbox: 0.3893, loss_kps: 0.0000, loss: 0.8175
2026-09-18 12:07:55,100 - mmdet - INFO - Epoch [4][1300/2577]	lr: 1.500e-03, eta: 4:08:04, time: 0.343, data_time: 0.017, memory: 13382, loss_cls: 0.4093, loss_bbox: 0.3900, loss_kps: 0.0000, loss: 0.7993
2026-09-18 12:08:12,171 - mmdet - INFO - Epoch [4][1350/2577]	lr: 1.500e-03, eta: 4:07:45, time: 0.341, data_time: 0.016, memory: 13382, loss_cls: 0.4101, loss_bbox: 0.3969, loss_kps: 0.0000, loss: 0.8070
2026-09-18 12:08:29,099 - mmdet - INFO - Epoch [4][1400/2577]	lr: 1.500e-03, eta: 4:07:24, time: 0.339, data_time: 0.016, memory: 13382, loss_cls: 0.4293, loss_bbox: 0.3802, loss_kps: 0.0000, loss: 0.8095
2026-09-18 12:08:46,135 - mmdet - INFO - Epoch [4][1450/2577]	lr: 1.500e-03, eta: 4:07:05, time: 0.341, data_time: 0.016, memory: 13382, loss_cls: 0.4379, loss_bbox: 0.4011, loss_kps: 0.0000, loss: 0.8390
2026-09-18 12:09:03,509 - mmdet - INFO - Epoch [4][1500/2577]	lr: 1.500e-03, eta: 4:06:47, time: 0.347, data_time: 0.016, memory: 13382, loss_cls: 0.4320, loss_bbox: 0.3890, loss_kps: 0.0000, loss: 0.8210
2026-09-18 12:09:20,858 - mmdet - INFO - Epoch [4][1550/2577]	lr: 1.500e-03, eta: 4:06:28, time: 0.347, data_time: 0.024, memory: 13382, loss_cls: 0.4294, loss_bbox: 0.3899, loss_kps: 0.0000, loss: 0.8193
2026-09-18 12:09:37,951 - mmdet - INFO - Epoch [4][1600/2577]	lr: 1.500e-03, eta: 4:06:09, time: 0.342, data_time: 0.016, memory: 13382, loss_cls: 0.4158, loss_bbox: 0.3918, loss_kps: 0.0000, loss: 0.8076
2026-09-18 12:09:54,941 - mmdet - INFO - Epoch [4][1650/2577]	lr: 1.500e-03, eta: 4:05:49, time: 0.340, data_time: 0.016, memory: 13382, loss_cls: 0.4162, loss_bbox: 0.3884, loss_kps: 0.0000, loss: 0.8046
2026-09-18 12:10:12,416 - mmdet - INFO - Epoch [4][1700/2577]	lr: 1.500e-03, eta: 4:05:32, time: 0.349, data_time: 0.016, memory: 13382, loss_cls: 0.4184, loss_bbox: 0.3921, loss_kps: 0.0000, loss: 0.8104
2026-09-18 12:10:29,659 - mmdet - INFO - Epoch [4][1750/2577]	lr: 1.500e-03, eta: 4:05:13, time: 0.345, data_time: 0.016, memory: 13382, loss_cls: 0.4144, loss_bbox: 0.3890, loss_kps: 0.0000, loss: 0.8034
2026-09-18 12:10:46,760 - mmdet - INFO - Epoch [4][1800/2577]	lr: 1.500e-03, eta: 4:04:54, time: 0.342, data_time: 0.016, memory: 13382, loss_cls: 0.4093, loss_bbox: 0.3797, loss_kps: 0.0000, loss: 0.7891
2026-09-18 12:11:03,652 - mmdet - INFO - Epoch [4][1850/2577]	lr: 1.500e-03, eta: 4:04:34, time: 0.338, data_time: 0.016, memory: 13382, loss_cls: 0.4192, loss_bbox: 0.3944, loss_kps: 0.0000, loss: 0.8137
2026-09-18 12:11:20,688 - mmdet - INFO - Epoch [4][1900/2577]	lr: 1.500e-03, eta: 4:04:14, time: 0.341, data_time: 0.016, memory: 13382, loss_cls: 0.4115, loss_bbox: 0.3851, loss_kps: 0.0000, loss: 0.7965
2026-09-18 12:11:37,681 - mmdet - INFO - Epoch [4][1950/2577]	lr: 1.500e-03, eta: 4:03:55, time: 0.340, data_time: 0.017, memory: 13382, loss_cls: 0.4426, loss_bbox: 0.3978, loss_kps: 0.0000, loss: 0.8404
2026-09-18 12:11:54,614 - mmdet - INFO - Epoch [4][2000/2577]	lr: 1.500e-03, eta: 4:03:35, time: 0.339, data_time: 0.016, memory: 13382, loss_cls: 0.4143, loss_bbox: 0.3816, loss_kps: 0.0000, loss: 0.7959
2026-09-18 12:12:11,777 - mmdet - INFO - Epoch [4][2050/2577]	lr: 1.500e-03, eta: 4:03:16, time: 0.343, data_time: 0.016, memory: 13382, loss_cls: 0.4289, loss_bbox: 0.3954, loss_kps: 0.0000, loss: 0.8243
2026-09-18 12:12:28,617 - mmdet - INFO - Epoch [4][2100/2577]	lr: 1.500e-03, eta: 4:02:56, time: 0.337, data_time: 0.016, memory: 13382, loss_cls: 0.4438, loss_bbox: 0.3975, loss_kps: 0.0000, loss: 0.8413
2026-09-18 12:12:45,630 - mmdet - INFO - Epoch [4][2150/2577]	lr: 1.500e-03, eta: 4:02:37, time: 0.340, data_time: 0.016, memory: 13382, loss_cls: 0.4254, loss_bbox: 0.3827, loss_kps: 0.0000, loss: 0.8081
2026-09-18 12:13:02,711 - mmdet - INFO - Epoch [4][2200/2577]	lr: 1.500e-03, eta: 4:02:17, time: 0.342, data_time: 0.016, memory: 13382, loss_cls: 0.4446, loss_bbox: 0.3998, loss_kps: 0.0000, loss: 0.8443
2026-09-18 12:13:19,798 - mmdet - INFO - Epoch [4][2250/2577]	lr: 1.500e-03, eta: 4:01:58, time: 0.342, data_time: 0.016, memory: 13382, loss_cls: 0.4203, loss_bbox: 0.3940, loss_kps: 0.0000, loss: 0.8143
2026-09-18 12:13:36,857 - mmdet - INFO - Epoch [4][2300/2577]	lr: 1.500e-03, eta: 4:01:39, time: 0.341, data_time: 0.016, memory: 13382, loss_cls: 0.4305, loss_bbox: 0.3971, loss_kps: 0.0000, loss: 0.8275
2026-09-18 12:13:53,836 - mmdet - INFO - Epoch [4][2350/2577]	lr: 1.500e-03, eta: 4:01:20, time: 0.340, data_time: 0.017, memory: 13382, loss_cls: 0.4126, loss_bbox: 0.3865, loss_kps: 0.0000, loss: 0.7991
2026-09-18 12:14:10,741 - mmdet - INFO - Epoch [4][2400/2577]	lr: 1.500e-03, eta: 4:01:00, time: 0.338, data_time: 0.016, memory: 13382, loss_cls: 0.4307, loss_bbox: 0.3928, loss_kps: 0.0000, loss: 0.8235
2026-09-18 12:14:27,896 - mmdet - INFO - Epoch [4][2450/2577]	lr: 1.500e-03, eta: 4:00:41, time: 0.343, data_time: 0.016, memory: 13382, loss_cls: 0.4263, loss_bbox: 0.3879, loss_kps: 0.0000, loss: 0.8141
2026-09-18 12:14:44,896 - mmdet - INFO - Epoch [4][2500/2577]	lr: 1.500e-03, eta: 4:00:22, time: 0.340, data_time: 0.016, memory: 13382, loss_cls: 0.4139, loss_bbox: 0.3636, loss_kps: 0.0000, loss: 0.7774
2026-09-18 12:15:02,065 - mmdet - INFO - Epoch [4][2550/2577]	lr: 1.500e-03, eta: 4:00:03, time: 0.343, data_time: 0.016, memory: 13382, loss_cls: 0.4142, loss_bbox: 0.3752, loss_kps: 0.0000, loss: 0.7894
2026-09-18 12:15:11,888 - mmdet - INFO - Saving checkpoint at 4 epochs
2026-09-18 12:15:37,426 - mmdet - INFO - Epoch [5][50/2577]	lr: 1.500e-03, eta: 3:59:29, time: 0.502, data_time: 0.111, memory: 13382, loss_cls: 0.4108, loss_bbox: 0.3905, loss_kps: 0.0000, loss: 0.8013
2026-09-18 12:15:55,659 - mmdet - INFO - Epoch [5][100/2577]	lr: 1.500e-03, eta: 3:59:15, time: 0.365, data_time: 0.016, memory: 13382, loss_cls: 0.3961, loss_bbox: 0.3785, loss_kps: 0.0000, loss: 0.7746
2026-09-18 12:16:13,929 - mmdet - INFO - Epoch [5][150/2577]	lr: 1.500e-03, eta: 3:59:01, time: 0.365, data_time: 0.016, memory: 13382, loss_cls: 0.4115, loss_bbox: 0.3795, loss_kps: 0.0000, loss: 0.7911
2026-09-18 12:16:32,100 - mmdet - INFO - Epoch [5][200/2577]	lr: 1.500e-03, eta: 3:58:46, time: 0.363, data_time: 0.016, memory: 13382, loss_cls: 0.4147, loss_bbox: 0.3960, loss_kps: 0.0000, loss: 0.8107
2026-09-18 12:16:49,368 - mmdet - INFO - Epoch [5][250/2577]	lr: 1.500e-03, eta: 3:58:28, time: 0.345, data_time: 0.018, memory: 13382, loss_cls: 0.4227, loss_bbox: 0.3829, loss_kps: 0.0000, loss: 0.8056
2026-09-18 12:17:06,302 - mmdet - INFO - Epoch [5][300/2577]	lr: 1.500e-03, eta: 3:58:08, time: 0.339, data_time: 0.016, memory: 13382, loss_cls: 0.4383, loss_bbox: 0.3903, loss_kps: 0.0000, loss: 0.8286
2026-09-18 12:17:23,212 - mmdet - INFO - Epoch [5][350/2577]	lr: 1.500e-03, eta: 3:57:49, time: 0.338, data_time: 0.016, memory: 13382, loss_cls: 0.4165, loss_bbox: 0.3961, loss_kps: 0.0000, loss: 0.8126
2026-09-18 12:17:40,146 - mmdet - INFO - Epoch [5][400/2577]	lr: 1.500e-03, eta: 3:57:29, time: 0.339, data_time: 0.016, memory: 13382, loss_cls: 0.4119, loss_bbox: 0.3778, loss_kps: 0.0000, loss: 0.7897
2026-09-18 12:17:57,530 - mmdet - INFO - Epoch [5][450/2577]	lr: 1.500e-03, eta: 3:57:12, time: 0.348, data_time: 0.017, memory: 13382, loss_cls: 0.4281, loss_bbox: 0.3830, loss_kps: 0.0000, loss: 0.8112
2026-09-18 12:18:14,894 - mmdet - INFO - Epoch [5][500/2577]	lr: 1.500e-03, eta: 3:56:54, time: 0.347, data_time: 0.016, memory: 13382, loss_cls: 0.4057, loss_bbox: 0.3872, loss_kps: 0.0000, loss: 0.7929
2026-09-18 12:18:31,910 - mmdet - INFO - Epoch [5][550/2577]	lr: 1.500e-03, eta: 3:56:35, time: 0.340, data_time: 0.016, memory: 13382, loss_cls: 0.4208, loss_bbox: 0.3965, loss_kps: 0.0000, loss: 0.8173
2026-09-18 12:18:48,858 - mmdet - INFO - Epoch [5][600/2577]	lr: 1.500e-03, eta: 3:56:16, time: 0.339, data_time: 0.016, memory: 13382, loss_cls: 0.4309, loss_bbox: 0.4048, loss_kps: 0.0000, loss: 0.8357
2026-09-18 12:19:06,045 - mmdet - INFO - Epoch [5][650/2577]	lr: 1.500e-03, eta: 3:55:57, time: 0.344, data_time: 0.017, memory: 13382, loss_cls: 0.4052, loss_bbox: 0.3934, loss_kps: 0.0000, loss: 0.7986
2026-09-18 12:19:23,138 - mmdet - INFO - Epoch [5][700/2577]	lr: 1.500e-03, eta: 3:55:38, time: 0.342, data_time: 0.017, memory: 13382, loss_cls: 0.4044, loss_bbox: 0.3849, loss_kps: 0.0000, loss: 0.7893
2026-09-18 12:19:40,475 - mmdet - INFO - Epoch [5][750/2577]	lr: 1.500e-03, eta: 3:55:21, time: 0.347, data_time: 0.015, memory: 13382, loss_cls: 0.4395, loss_bbox: 0.3909, loss_kps: 0.0000, loss: 0.8304
2026-09-18 12:19:57,453 - mmdet - INFO - Epoch [5][800/2577]	lr: 1.500e-03, eta: 3:55:02, time: 0.340, data_time: 0.015, memory: 13382, loss_cls: 0.4171, loss_bbox: 0.3940, loss_kps: 0.0000, loss: 0.8111
2026-09-18 12:20:14,388 - mmdet - INFO - Epoch [5][850/2577]	lr: 1.500e-03, eta: 3:54:42, time: 0.339, data_time: 0.015, memory: 13382, loss_cls: 0.4344, loss_bbox: 0.4044, loss_kps: 0.0000, loss: 0.8388
2026-09-18 12:20:31,418 - mmdet - INFO - Epoch [5][900/2577]	lr: 1.500e-03, eta: 3:54:23, time: 0.341, data_time: 0.016, memory: 13382, loss_cls: 0.4247, loss_bbox: 0.3849, loss_kps: 0.0000, loss: 0.8096
2026-09-18 12:20:48,385 - mmdet - INFO - Epoch [5][950/2577]	lr: 1.500e-03, eta: 3:54:04, time: 0.339, data_time: 0.015, memory: 13382, loss_cls: 0.4163, loss_bbox: 0.3767, loss_kps: 0.0000, loss: 0.7930
2026-09-18 12:21:05,194 - mmdet - INFO - Epoch [5][1000/2577]	lr: 1.500e-03, eta: 3:53:45, time: 0.336, data_time: 0.016, memory: 13382, loss_cls: 0.4344, loss_bbox: 0.3920, loss_kps: 0.0000, loss: 0.8263
2026-09-18 12:21:22,173 - mmdet - INFO - Epoch [5][1050/2577]	lr: 1.500e-03, eta: 3:53:26, time: 0.340, data_time: 0.016, memory: 13382, loss_cls: 0.4166, loss_bbox: 0.3912, loss_kps: 0.0000, loss: 0.8078
2026-09-18 12:21:39,353 - mmdet - INFO - Epoch [5][1100/2577]	lr: 1.500e-03, eta: 3:53:07, time: 0.344, data_time: 0.017, memory: 13382, loss_cls: 0.4220, loss_bbox: 0.3803, loss_kps: 0.0000, loss: 0.8023
2026-09-18 12:21:56,211 - mmdet - INFO - Epoch [5][1150/2577]	lr: 1.500e-03, eta: 3:52:48, time: 0.337, data_time: 0.016, memory: 13382, loss_cls: 0.4161, loss_bbox: 0.3858, loss_kps: 0.0000, loss: 0.8020
2026-09-18 12:22:13,341 - mmdet - INFO - Epoch [5][1200/2577]	lr: 1.500e-03, eta: 3:52:29, time: 0.343, data_time: 0.016, memory: 13382, loss_cls: 0.4377, loss_bbox: 0.3939, loss_kps: 0.0000, loss: 0.8316
2026-09-18 12:22:30,124 - mmdet - INFO - Epoch [5][1250/2577]	lr: 1.500e-03, eta: 3:52:10, time: 0.336, data_time: 0.016, memory: 13382, loss_cls: 0.4361, loss_bbox: 0.3939, loss_kps: 0.0000, loss: 0.8300
2026-09-18 12:22:47,204 - mmdet - INFO - Epoch [5][1300/2577]	lr: 1.500e-03, eta: 3:51:51, time: 0.342, data_time: 0.016, memory: 13382, loss_cls: 0.4117, loss_bbox: 0.3811, loss_kps: 0.0000, loss: 0.7928
2026-09-18 12:23:04,581 - mmdet - INFO - Epoch [5][1350/2577]	lr: 1.500e-03, eta: 3:51:34, time: 0.348, data_time: 0.016, memory: 13382, loss_cls: 0.4448, loss_bbox: 0.4030, loss_kps: 0.0000, loss: 0.8477
2026-09-18 12:23:21,520 - mmdet - INFO - Epoch [5][1400/2577]	lr: 1.500e-03, eta: 3:51:15, time: 0.339, data_time: 0.016, memory: 13382, loss_cls: 0.4049, loss_bbox: 0.3760, loss_kps: 0.0000, loss: 0.7809
2026-09-18 12:23:38,625 - mmdet - INFO - Epoch [5][1450/2577]	lr: 1.500e-03, eta: 3:50:56, time: 0.342, data_time: 0.016, memory: 13382, loss_cls: 0.4274, loss_bbox: 0.3922, loss_kps: 0.0000, loss: 0.8196
2026-09-18 12:23:55,639 - mmdet - INFO - Epoch [5][1500/2577]	lr: 1.500e-03, eta: 3:50:37, time: 0.340, data_time: 0.016, memory: 13382, loss_cls: 0.4260, loss_bbox: 0.3848, loss_kps: 0.0000, loss: 0.8108
2026-09-18 12:24:12,582 - mmdet - INFO - Epoch [5][1550/2577]	lr: 1.500e-03, eta: 3:50:18, time: 0.339, data_time: 0.016, memory: 13382, loss_cls: 0.4091, loss_bbox: 0.3944, loss_kps: 0.0000, loss: 0.8035
2026-09-18 12:24:29,601 - mmdet - INFO - Epoch [5][1600/2577]	lr: 1.500e-03, eta: 3:50:00, time: 0.340, data_time: 0.016, memory: 13382, loss_cls: 0.4078, loss_bbox: 0.3864, loss_kps: 0.0000, loss: 0.7942
2026-09-18 12:24:46,798 - mmdet - INFO - Epoch [5][1650/2577]	lr: 1.500e-03, eta: 3:49:41, time: 0.344, data_time: 0.017, memory: 13382, loss_cls: 0.4269, loss_bbox: 0.3937, loss_kps: 0.0000, loss: 0.8206
2026-09-18 12:25:03,937 - mmdet - INFO - Epoch [5][1700/2577]	lr: 1.500e-03, eta: 3:49:23, time: 0.343, data_time: 0.016, memory: 13382, loss_cls: 0.4430, loss_bbox: 0.3896, loss_kps: 0.0000, loss: 0.8327
2026-09-18 12:25:20,893 - mmdet - INFO - Epoch [5][1750/2577]	lr: 1.500e-03, eta: 3:49:04, time: 0.339, data_time: 0.017, memory: 13382, loss_cls: 0.4011, loss_bbox: 0.3798, loss_kps: 0.0000, loss: 0.7809
2026-09-18 12:25:37,807 - mmdet - INFO - Epoch [5][1800/2577]	lr: 1.500e-03, eta: 3:48:45, time: 0.338, data_time: 0.017, memory: 13382, loss_cls: 0.4124, loss_bbox: 0.3878, loss_kps: 0.0000, loss: 0.8002
2026-09-18 12:25:54,715 - mmdet - INFO - Epoch [5][1850/2577]	lr: 1.500e-03, eta: 3:48:26, time: 0.338, data_time: 0.017, memory: 13382, loss_cls: 0.4277, loss_bbox: 0.3935, loss_kps: 0.0000, loss: 0.8212
2026-09-18 12:26:11,866 - mmdet - INFO - Epoch [5][1900/2577]	lr: 1.500e-03, eta: 3:48:08, time: 0.343, data_time: 0.017, memory: 13382, loss_cls: 0.4071, loss_bbox: 0.3816, loss_kps: 0.0000, loss: 0.7887
2026-09-18 12:26:28,722 - mmdet - INFO - Epoch [5][1950/2577]	lr: 1.500e-03, eta: 3:47:49, time: 0.337, data_time: 0.016, memory: 13382, loss_cls: 0.4115, loss_bbox: 0.3937, loss_kps: 0.0000, loss: 0.8052
2026-09-18 12:26:45,794 - mmdet - INFO - Epoch [5][2000/2577]	lr: 1.500e-03, eta: 3:47:30, time: 0.341, data_time: 0.017, memory: 13382, loss_cls: 0.4189, loss_bbox: 0.3949, loss_kps: 0.0000, loss: 0.8138
2026-09-18 12:27:02,819 - mmdet - INFO - Epoch [5][2050/2577]	lr: 1.500e-03, eta: 3:47:12, time: 0.340, data_time: 0.017, memory: 13382, loss_cls: 0.4319, loss_bbox: 0.3921, loss_kps: 0.0000, loss: 0.8240
2026-09-18 12:27:19,818 - mmdet - INFO - Epoch [5][2100/2577]	lr: 1.500e-03, eta: 3:46:53, time: 0.340, data_time: 0.017, memory: 13382, loss_cls: 0.4353, loss_bbox: 0.3997, loss_kps: 0.0000, loss: 0.8351
2026-09-18 12:27:36,982 - mmdet - INFO - Epoch [5][2150/2577]	lr: 1.500e-03, eta: 3:46:35, time: 0.343, data_time: 0.017, memory: 13382, loss_cls: 0.4190, loss_bbox: 0.3918, loss_kps: 0.0000, loss: 0.8109
2026-09-18 12:27:54,093 - mmdet - INFO - Epoch [5][2200/2577]	lr: 1.500e-03, eta: 3:46:17, time: 0.342, data_time: 0.016, memory: 13382, loss_cls: 0.4080, loss_bbox: 0.3845, loss_kps: 0.0000, loss: 0.7925
2026-09-18 12:28:11,435 - mmdet - INFO - Epoch [5][2250/2577]	lr: 1.500e-03, eta: 3:45:59, time: 0.347, data_time: 0.016, memory: 13382, loss_cls: 0.4321, loss_bbox: 0.3843, loss_kps: 0.0000, loss: 0.8164
2026-09-18 12:28:28,317 - mmdet - INFO - Epoch [5][2300/2577]	lr: 1.500e-03, eta: 3:45:40, time: 0.338, data_time: 0.016, memory: 13382, loss_cls: 0.4201, loss_bbox: 0.3889, loss_kps: 0.0000, loss: 0.8090
2026-09-18 12:28:45,246 - mmdet - INFO - Epoch [5][2350/2577]	lr: 1.500e-03, eta: 3:45:22, time: 0.339, data_time: 0.016, memory: 13382, loss_cls: 0.4025, loss_bbox: 0.3715, loss_kps: 0.0000, loss: 0.7740
2026-09-18 12:29:02,229 - mmdet - INFO - Epoch [5][2400/2577]	lr: 1.500e-03, eta: 3:45:03, time: 0.340, data_time: 0.016, memory: 13382, loss_cls: 0.4083, loss_bbox: 0.3836, loss_kps: 0.0000, loss: 0.7918
2026-09-18 12:29:19,470 - mmdet - INFO - Epoch [5][2450/2577]	lr: 1.500e-03, eta: 3:44:45, time: 0.345, data_time: 0.017, memory: 13382, loss_cls: 0.4172, loss_bbox: 0.3792, loss_kps: 0.0000, loss: 0.7964
2026-09-18 12:29:36,502 - mmdet - INFO - Epoch [5][2500/2577]	lr: 1.500e-03, eta: 3:44:27, time: 0.341, data_time: 0.016, memory: 13382, loss_cls: 0.3919, loss_bbox: 0.3649, loss_kps: 0.0000, loss: 0.7569
2026-09-18 12:29:53,970 - mmdet - INFO - Epoch [5][2550/2577]	lr: 1.500e-03, eta: 3:44:09, time: 0.349, data_time: 0.016, memory: 13382, loss_cls: 0.4227, loss_bbox: 0.3790, loss_kps: 0.0000, loss: 0.8017
2026-09-18 12:30:03,890 - mmdet - INFO - Saving checkpoint at 5 epochs
2026-09-18 12:30:29,087 - mmdet - INFO - Epoch [6][50/2577]	lr: 1.500e-03, eta: 3:43:37, time: 0.494, data_time: 0.114, memory: 13382, loss_cls: 0.4246, loss_bbox: 0.3839, loss_kps: 0.0000, loss: 0.8085
2026-09-18 12:30:47,230 - mmdet - INFO - Epoch [6][100/2577]	lr: 1.500e-03, eta: 3:43:21, time: 0.363, data_time: 0.016, memory: 13382, loss_cls: 0.4012, loss_bbox: 0.3794, loss_kps: 0.0000, loss: 0.7806
2026-09-18 12:31:05,112 - mmdet - INFO - Epoch [6][150/2577]	lr: 1.500e-03, eta: 3:43:06, time: 0.358, data_time: 0.016, memory: 13382, loss_cls: 0.4188, loss_bbox: 0.3862, loss_kps: 0.0000, loss: 0.8050
2026-09-18 12:31:22,707 - mmdet - INFO - Epoch [6][200/2577]	lr: 1.500e-03, eta: 3:42:49, time: 0.352, data_time: 0.017, memory: 13382, loss_cls: 0.4110, loss_bbox: 0.4019, loss_kps: 0.0000, loss: 0.8129
2026-09-18 12:31:40,007 - mmdet - INFO - Epoch [6][250/2577]	lr: 1.500e-03, eta: 3:42:31, time: 0.346, data_time: 0.017, memory: 13382, loss_cls: 0.4185, loss_bbox: 0.3801, loss_kps: 0.0000, loss: 0.7986
2026-09-18 12:31:57,461 - mmdet - INFO - Epoch [6][300/2577]	lr: 1.500e-03, eta: 3:42:14, time: 0.349, data_time: 0.016, memory: 13382, loss_cls: 0.4262, loss_bbox: 0.4012, loss_kps: 0.0000, loss: 0.8275
2026-09-18 12:32:14,554 - mmdet - INFO - Epoch [6][350/2577]	lr: 1.500e-03, eta: 3:41:56, time: 0.342, data_time: 0.017, memory: 13382, loss_cls: 0.4071, loss_bbox: 0.3917, loss_kps: 0.0000, loss: 0.7987
2026-09-18 12:32:31,506 - mmdet - INFO - Epoch [6][400/2577]	lr: 1.500e-03, eta: 3:41:37, time: 0.339, data_time: 0.016, memory: 13382, loss_cls: 0.4158, loss_bbox: 0.3828, loss_kps: 0.0000, loss: 0.7986
2026-09-18 12:32:49,160 - mmdet - INFO - Epoch [6][450/2577]	lr: 1.500e-03, eta: 3:41:21, time: 0.353, data_time: 0.016, memory: 13382, loss_cls: 0.4169, loss_bbox: 0.3768, loss_kps: 0.0000, loss: 0.7937
2026-09-18 12:33:06,128 - mmdet - INFO - Epoch [6][500/2577]	lr: 1.500e-03, eta: 3:41:02, time: 0.339, data_time: 0.016, memory: 13382, loss_cls: 0.3921, loss_bbox: 0.3740, loss_kps: 0.0000, loss: 0.7661
2026-09-18 12:33:23,065 - mmdet - INFO - Epoch [6][550/2577]	lr: 1.500e-03, eta: 3:40:43, time: 0.339, data_time: 0.016, memory: 13382, loss_cls: 0.3958, loss_bbox: 0.3787, loss_kps: 0.0000, loss: 0.7745
2026-09-18 12:33:40,145 - mmdet - INFO - Epoch [6][600/2577]	lr: 1.500e-03, eta: 3:40:25, time: 0.342, data_time: 0.016, memory: 13382, loss_cls: 0.4262, loss_bbox: 0.3847, loss_kps: 0.0000, loss: 0.8110
2026-09-18 12:33:57,438 - mmdet - INFO - Epoch [6][650/2577]	lr: 1.500e-03, eta: 3:40:08, time: 0.346, data_time: 0.016, memory: 13382, loss_cls: 0.4105, loss_bbox: 0.3880, loss_kps: 0.0000, loss: 0.7985
2026-09-18 12:34:14,410 - mmdet - INFO - Epoch [6][700/2577]	lr: 1.500e-03, eta: 3:39:49, time: 0.339, data_time: 0.016, memory: 13382, loss_cls: 0.4119, loss_bbox: 0.3836, loss_kps: 0.0000, loss: 0.7955
2026-09-18 12:34:31,372 - mmdet - INFO - Epoch [6][750/2577]	lr: 1.500e-03, eta: 3:39:30, time: 0.339, data_time: 0.016, memory: 13382, loss_cls: 0.4216, loss_bbox: 0.3973, loss_kps: 0.0000, loss: 0.8189
2026-09-18 12:34:48,418 - mmdet - INFO - Epoch [6][800/2577]	lr: 1.500e-03, eta: 3:39:12, time: 0.341, data_time: 0.017, memory: 13382, loss_cls: 0.4519, loss_bbox: 0.3911, loss_kps: 0.0000, loss: 0.8430
2026-09-18 12:35:05,237 - mmdet - INFO - Epoch [6][850/2577]	lr: 1.500e-03, eta: 3:38:53, time: 0.336, data_time: 0.017, memory: 13382, loss_cls: 0.4158, loss_bbox: 0.3667, loss_kps: 0.0000, loss: 0.7825
2026-09-18 12:35:22,645 - mmdet - INFO - Epoch [6][900/2577]	lr: 1.500e-03, eta: 3:38:36, time: 0.348, data_time: 0.017, memory: 13382, loss_cls: 0.4224, loss_bbox: 0.3735, loss_kps: 0.0000, loss: 0.7959
2026-09-18 12:35:39,445 - mmdet - INFO - Epoch [6][950/2577]	lr: 1.500e-03, eta: 3:38:17, time: 0.336, data_time: 0.017, memory: 13382, loss_cls: 0.4063, loss_bbox: 0.3866, loss_kps: 0.0000, loss: 0.7929
2026-09-18 12:35:56,444 - mmdet - INFO - Epoch [6][1000/2577]	lr: 1.500e-03, eta: 3:37:59, time: 0.340, data_time: 0.017, memory: 13382, loss_cls: 0.4297, loss_bbox: 0.3789, loss_kps: 0.0000, loss: 0.8086
2026-09-18 12:36:13,461 - mmdet - INFO - Epoch [6][1050/2577]	lr: 1.500e-03, eta: 3:37:40, time: 0.340, data_time: 0.017, memory: 13382, loss_cls: 0.4271, loss_bbox: 0.4002, loss_kps: 0.0000, loss: 0.8273
2026-09-18 12:36:30,402 - mmdet - INFO - Epoch [6][1100/2577]	lr: 1.500e-03, eta: 3:37:22, time: 0.339, data_time: 0.016, memory: 13382, loss_cls: 0.4168, loss_bbox: 0.3983, loss_kps: 0.0000, loss: 0.8151
2026-09-18 12:36:47,279 - mmdet - INFO - Epoch [6][1150/2577]	lr: 1.500e-03, eta: 3:37:03, time: 0.338, data_time: 0.017, memory: 13382, loss_cls: 0.3880, loss_bbox: 0.3841, loss_kps: 0.0000, loss: 0.7720
2026-09-18 12:37:04,294 - mmdet - INFO - Epoch [6][1200/2577]	lr: 1.500e-03, eta: 3:36:45, time: 0.340, data_time: 0.016, memory: 13382, loss_cls: 0.3959, loss_bbox: 0.3908, loss_kps: 0.0000, loss: 0.7867
2026-09-18 12:37:21,439 - mmdet - INFO - Epoch [6][1250/2577]	lr: 1.500e-03, eta: 3:36:27, time: 0.343, data_time: 0.017, memory: 13382, loss_cls: 0.4245, loss_bbox: 0.3778, loss_kps: 0.0000, loss: 0.8022
2026-09-18 12:37:38,447 - mmdet - INFO - Epoch [6][1300/2577]	lr: 1.500e-03, eta: 3:36:09, time: 0.340, data_time: 0.016, memory: 13382, loss_cls: 0.4060, loss_bbox: 0.3997, loss_kps: 0.0000, loss: 0.8057
2026-09-18 12:37:55,503 - mmdet - INFO - Epoch [6][1350/2577]	lr: 1.500e-03, eta: 3:35:51, time: 0.341, data_time: 0.016, memory: 13382, loss_cls: 0.4213, loss_bbox: 0.3797, loss_kps: 0.0000, loss: 0.8009
2026-09-18 12:38:12,678 - mmdet - INFO - Epoch [6][1400/2577]	lr: 1.500e-03, eta: 3:35:33, time: 0.343, data_time: 0.016, memory: 13382, loss_cls: 0.4260, loss_bbox: 0.3829, loss_kps: 0.0000, loss: 0.8089
2026-09-18 12:38:29,841 - mmdet - INFO - Epoch [6][1450/2577]	lr: 1.500e-03, eta: 3:35:15, time: 0.343, data_time: 0.016, memory: 13382, loss_cls: 0.4366, loss_bbox: 0.3924, loss_kps: 0.0000, loss: 0.8289
2026-09-18 12:38:47,368 - mmdet - INFO - Epoch [6][1500/2577]	lr: 1.500e-03, eta: 3:34:58, time: 0.351, data_time: 0.023, memory: 13382, loss_cls: 0.4135, loss_bbox: 0.3932, loss_kps: 0.0000, loss: 0.8068
2026-09-18 12:39:04,369 - mmdet - INFO - Epoch [6][1550/2577]	lr: 1.500e-03, eta: 3:34:40, time: 0.340, data_time: 0.017, memory: 13382, loss_cls: 0.4055, loss_bbox: 0.3878, loss_kps: 0.0000, loss: 0.7932
2026-09-18 12:39:21,524 - mmdet - INFO - Epoch [6][1600/2577]	lr: 1.500e-03, eta: 3:34:22, time: 0.343, data_time: 0.017, memory: 13382, loss_cls: 0.4048, loss_bbox: 0.3871, loss_kps: 0.0000, loss: 0.7919
2026-09-18 12:39:38,542 - mmdet - INFO - Epoch [6][1650/2577]	lr: 1.500e-03, eta: 3:34:04, time: 0.340, data_time: 0.017, memory: 13382, loss_cls: 0.4067, loss_bbox: 0.3744, loss_kps: 0.0000, loss: 0.7811
2026-09-18 12:39:55,461 - mmdet - INFO - Epoch [6][1700/2577]	lr: 1.500e-03, eta: 3:33:45, time: 0.338, data_time: 0.016, memory: 13382, loss_cls: 0.4121, loss_bbox: 0.3835, loss_kps: 0.0000, loss: 0.7956
2026-09-18 12:40:12,245 - mmdet - INFO - Epoch [6][1750/2577]	lr: 1.500e-03, eta: 3:33:26, time: 0.336, data_time: 0.016, memory: 13382, loss_cls: 0.4241, loss_bbox: 0.3851, loss_kps: 0.0000, loss: 0.8093
2026-09-18 12:40:29,385 - mmdet - INFO - Epoch [6][1800/2577]	lr: 1.500e-03, eta: 3:33:08, time: 0.343, data_time: 0.016, memory: 13382, loss_cls: 0.4011, loss_bbox: 0.3819, loss_kps: 0.0000, loss: 0.7830
2026-09-18 12:40:46,520 - mmdet - INFO - Epoch [6][1850/2577]	lr: 1.500e-03, eta: 3:32:51, time: 0.343, data_time: 0.016, memory: 13382, loss_cls: 0.4283, loss_bbox: 0.3930, loss_kps: 0.0000, loss: 0.8213
2026-09-18 12:41:03,525 - mmdet - INFO - Epoch [6][1900/2577]	lr: 1.500e-03, eta: 3:32:32, time: 0.340, data_time: 0.016, memory: 13382, loss_cls: 0.4196, loss_bbox: 0.3865, loss_kps: 0.0000, loss: 0.8061
2026-09-18 12:41:20,471 - mmdet - INFO - Epoch [6][1950/2577]	lr: 1.500e-03, eta: 3:32:14, time: 0.339, data_time: 0.017, memory: 13382, loss_cls: 0.3956, loss_bbox: 0.3849, loss_kps: 0.0000, loss: 0.7805
2026-09-18 12:41:37,581 - mmdet - INFO - Epoch [6][2000/2577]	lr: 1.500e-03, eta: 3:31:56, time: 0.342, data_time: 0.017, memory: 13382, loss_cls: 0.4185, loss_bbox: 0.3834, loss_kps: 0.0000, loss: 0.8018
2026-09-18 12:41:54,702 - mmdet - INFO - Epoch [6][2050/2577]	lr: 1.500e-03, eta: 3:31:38, time: 0.342, data_time: 0.016, memory: 13382, loss_cls: 0.4331, loss_bbox: 0.3840, loss_kps: 0.0000, loss: 0.8171
2026-09-18 12:42:11,999 - mmdet - INFO - Epoch [6][2100/2577]	lr: 1.500e-03, eta: 3:31:21, time: 0.346, data_time: 0.016, memory: 13382, loss_cls: 0.4387, loss_bbox: 0.3834, loss_kps: 0.0000, loss: 0.8221
2026-09-18 12:42:29,402 - mmdet - INFO - Epoch [6][2150/2577]	lr: 1.500e-03, eta: 3:31:04, time: 0.348, data_time: 0.016, memory: 13382, loss_cls: 0.4103, loss_bbox: 0.3774, loss_kps: 0.0000, loss: 0.7877
2026-09-18 12:42:46,705 - mmdet - INFO - Epoch [6][2200/2577]	lr: 1.500e-03, eta: 3:30:46, time: 0.346, data_time: 0.016, memory: 13382, loss_cls: 0.4000, loss_bbox: 0.3780, loss_kps: 0.0000, loss: 0.7780
2026-09-18 12:43:04,061 - mmdet - INFO - Epoch [6][2250/2577]	lr: 1.500e-03, eta: 3:30:29, time: 0.347, data_time: 0.017, memory: 13382, loss_cls: 0.3946, loss_bbox: 0.3789, loss_kps: 0.0000, loss: 0.7734
2026-09-18 12:43:21,409 - mmdet - INFO - Epoch [6][2300/2577]	lr: 1.500e-03, eta: 3:30:11, time: 0.347, data_time: 0.016, memory: 13382, loss_cls: 0.4146, loss_bbox: 0.3799, loss_kps: 0.0000, loss: 0.7945
2026-09-18 12:43:38,694 - mmdet - INFO - Epoch [6][2350/2577]	lr: 1.500e-03, eta: 3:29:54, time: 0.346, data_time: 0.017, memory: 13382, loss_cls: 0.4052, loss_bbox: 0.3829, loss_kps: 0.0000, loss: 0.7881
2026-09-18 12:43:55,965 - mmdet - INFO - Epoch [6][2400/2577]	lr: 1.500e-03, eta: 3:29:36, time: 0.345, data_time: 0.016, memory: 13382, loss_cls: 0.4089, loss_bbox: 0.3808, loss_kps: 0.0000, loss: 0.7897
2026-09-18 12:44:13,245 - mmdet - INFO - Epoch [6][2450/2577]	lr: 1.500e-03, eta: 3:29:19, time: 0.346, data_time: 0.016, memory: 13382, loss_cls: 0.4007, loss_bbox: 0.3755, loss_kps: 0.0000, loss: 0.7762
2026-09-18 12:44:30,378 - mmdet - INFO - Epoch [6][2500/2577]	lr: 1.500e-03, eta: 3:29:01, time: 0.343, data_time: 0.016, memory: 13382, loss_cls: 0.4045, loss_bbox: 0.3731, loss_kps: 0.0000, loss: 0.7775
2026-09-18 12:44:47,459 - mmdet - INFO - Epoch [6][2550/2577]	lr: 1.500e-03, eta: 3:28:43, time: 0.342, data_time: 0.016, memory: 13382, loss_cls: 0.4044, loss_bbox: 0.3670, loss_kps: 0.0000, loss: 0.7714
2026-09-18 12:44:56,722 - mmdet - INFO - Saving checkpoint at 6 epochs
2026-09-18 12:45:22,037 - mmdet - INFO - Epoch [7][50/2577]	lr: 1.500e-03, eta: 3:28:12, time: 0.498, data_time: 0.115, memory: 13382, loss_cls: 0.4056, loss_bbox: 0.3903, loss_kps: 0.0000, loss: 0.7959
2026-09-18 12:45:39,961 - mmdet - INFO - Epoch [7][100/2577]	lr: 1.500e-03, eta: 3:27:56, time: 0.358, data_time: 0.016, memory: 13382, loss_cls: 0.4143, loss_bbox: 0.3935, loss_kps: 0.0000, loss: 0.8078
2026-09-18 12:45:57,694 - mmdet - INFO - Epoch [7][150/2577]	lr: 1.500e-03, eta: 3:27:40, time: 0.355, data_time: 0.016, memory: 13382, loss_cls: 0.4131, loss_bbox: 0.3853, loss_kps: 0.0000, loss: 0.7984
2026-09-18 12:46:15,251 - mmdet - INFO - Epoch [7][200/2577]	lr: 1.500e-03, eta: 3:27:23, time: 0.351, data_time: 0.016, memory: 13382, loss_cls: 0.4065, loss_bbox: 0.3873, loss_kps: 0.0000, loss: 0.7938
2026-09-18 12:46:32,420 - mmdet - INFO - Epoch [7][250/2577]	lr: 1.500e-03, eta: 3:27:05, time: 0.343, data_time: 0.016, memory: 13382, loss_cls: 0.3895, loss_bbox: 0.3865, loss_kps: 0.0000, loss: 0.7760
2026-09-18 12:46:49,591 - mmdet - INFO - Epoch [7][300/2577]	lr: 1.500e-03, eta: 3:26:47, time: 0.343, data_time: 0.016, memory: 13382, loss_cls: 0.4122, loss_bbox: 0.3812, loss_kps: 0.0000, loss: 0.7934
2026-09-18 12:47:06,544 - mmdet - INFO - Epoch [7][350/2577]	lr: 1.500e-03, eta: 3:26:29, time: 0.339, data_time: 0.016, memory: 13382, loss_cls: 0.4181, loss_bbox: 0.3854, loss_kps: 0.0000, loss: 0.8035
2026-09-18 12:47:23,534 - mmdet - INFO - Epoch [7][400/2577]	lr: 1.500e-03, eta: 3:26:11, time: 0.340, data_time: 0.016, memory: 13382, loss_cls: 0.4079, loss_bbox: 0.3930, loss_kps: 0.0000, loss: 0.8009
2026-09-18 12:47:40,617 - mmdet - INFO - Epoch [7][450/2577]	lr: 1.500e-03, eta: 3:25:53, time: 0.342, data_time: 0.017, memory: 13382, loss_cls: 0.4203, loss_bbox: 0.3817, loss_kps: 0.0000, loss: 0.8020
2026-09-18 12:47:58,036 - mmdet - INFO - Epoch [7][500/2577]	lr: 1.500e-03, eta: 3:25:36, time: 0.348, data_time: 0.016, memory: 13382, loss_cls: 0.4242, loss_bbox: 0.3823, loss_kps: 0.0000, loss: 0.8065
2026-09-18 12:48:15,055 - mmdet - INFO - Epoch [7][550/2577]	lr: 1.500e-03, eta: 3:25:18, time: 0.340, data_time: 0.016, memory: 13382, loss_cls: 0.3891, loss_bbox: 0.3738, loss_kps: 0.0000, loss: 0.7629
2026-09-18 12:48:32,197 - mmdet - INFO - Epoch [7][600/2577]	lr: 1.500e-03, eta: 3:25:00, time: 0.343, data_time: 0.016, memory: 13382, loss_cls: 0.4062, loss_bbox: 0.3778, loss_kps: 0.0000, loss: 0.7840
2026-09-18 12:48:49,323 - mmdet - INFO - Epoch [7][650/2577]	lr: 1.500e-03, eta: 3:24:42, time: 0.343, data_time: 0.017, memory: 13382, loss_cls: 0.4114, loss_bbox: 0.3814, loss_kps: 0.0000, loss: 0.7929
2026-09-18 12:49:06,486 - mmdet - INFO - Epoch [7][700/2577]	lr: 1.500e-03, eta: 3:24:25, time: 0.343, data_time: 0.016, memory: 13382, loss_cls: 0.4326, loss_bbox: 0.3871, loss_kps: 0.0000, loss: 0.8197
2026-09-18 12:49:23,749 - mmdet - INFO - Epoch [7][750/2577]	lr: 1.500e-03, eta: 3:24:07, time: 0.345, data_time: 0.017, memory: 13382, loss_cls: 0.4247, loss_bbox: 0.3852, loss_kps: 0.0000, loss: 0.8099
2026-09-18 12:49:40,826 - mmdet - INFO - Epoch [7][800/2577]	lr: 1.500e-03, eta: 3:23:49, time: 0.342, data_time: 0.016, memory: 13382, loss_cls: 0.4050, loss_bbox: 0.3816, loss_kps: 0.0000, loss: 0.7866
2026-09-18 12:49:57,829 - mmdet - INFO - Epoch [7][850/2577]	lr: 1.500e-03, eta: 3:23:31, time: 0.340, data_time: 0.017, memory: 13382, loss_cls: 0.3924, loss_bbox: 0.3764, loss_kps: 0.0000, loss: 0.7688
2026-09-18 12:50:14,992 - mmdet - INFO - Epoch [7][900/2577]	lr: 1.500e-03, eta: 3:23:14, time: 0.343, data_time: 0.016, memory: 13382, loss_cls: 0.4229, loss_bbox: 0.3913, loss_kps: 0.0000, loss: 0.8141
2026-09-18 12:50:32,543 - mmdet - INFO - Epoch [7][950/2577]	lr: 1.500e-03, eta: 3:22:57, time: 0.351, data_time: 0.016, memory: 13382, loss_cls: 0.3925, loss_bbox: 0.3834, loss_kps: 0.0000, loss: 0.7759
2026-09-18 12:50:49,569 - mmdet - INFO - Epoch [7][1000/2577]	lr: 1.500e-03, eta: 3:22:39, time: 0.340, data_time: 0.016, memory: 13382, loss_cls: 0.4158, loss_bbox: 0.3977, loss_kps: 0.0000, loss: 0.8135
2026-09-18 12:51:06,563 - mmdet - INFO - Epoch [7][1050/2577]	lr: 1.500e-03, eta: 3:22:21, time: 0.340, data_time: 0.016, memory: 13382, loss_cls: 0.4264, loss_bbox: 0.3962, loss_kps: 0.0000, loss: 0.8226
2026-09-18 12:51:23,450 - mmdet - INFO - Epoch [7][1100/2577]	lr: 1.500e-03, eta: 3:22:02, time: 0.338, data_time: 0.016, memory: 13382, loss_cls: 0.4101, loss_bbox: 0.3855, loss_kps: 0.0000, loss: 0.7956
2026-09-18 12:51:40,461 - mmdet - INFO - Epoch [7][1150/2577]	lr: 1.500e-03, eta: 3:21:44, time: 0.340, data_time: 0.016, memory: 13382, loss_cls: 0.3846, loss_bbox: 0.3734, loss_kps: 0.0000, loss: 0.7580
2026-09-18 12:51:57,417 - mmdet - INFO - Epoch [7][1200/2577]	lr: 1.500e-03, eta: 3:21:26, time: 0.339, data_time: 0.017, memory: 13382, loss_cls: 0.3958, loss_bbox: 0.3844, loss_kps: 0.0000, loss: 0.7802
2026-09-18 12:52:14,851 - mmdet - INFO - Epoch [7][1250/2577]	lr: 1.500e-03, eta: 3:21:09, time: 0.349, data_time: 0.016, memory: 13382, loss_cls: 0.4014, loss_bbox: 0.3762, loss_kps: 0.0000, loss: 0.7776
2026-09-18 12:52:31,968 - mmdet - INFO - Epoch [7][1300/2577]	lr: 1.500e-03, eta: 3:20:51, time: 0.342, data_time: 0.015, memory: 13382, loss_cls: 0.3857, loss_bbox: 0.3713, loss_kps: 0.0000, loss: 0.7570
2026-09-18 12:52:49,051 - mmdet - INFO - Epoch [7][1350/2577]	lr: 1.500e-03, eta: 3:20:34, time: 0.342, data_time: 0.016, memory: 13382, loss_cls: 0.4110, loss_bbox: 0.3816, loss_kps: 0.0000, loss: 0.7927
2026-09-18 12:53:06,117 - mmdet - INFO - Epoch [7][1400/2577]	lr: 1.500e-03, eta: 3:20:16, time: 0.341, data_time: 0.016, memory: 13382, loss_cls: 0.4106, loss_bbox: 0.3734, loss_kps: 0.0000, loss: 0.7839
2026-09-18 12:53:23,107 - mmdet - INFO - Epoch [7][1450/2577]	lr: 1.500e-03, eta: 3:19:58, time: 0.340, data_time: 0.016, memory: 13382, loss_cls: 0.4319, loss_bbox: 0.3842, loss_kps: 0.0000, loss: 0.8161
2026-09-18 12:53:40,408 - mmdet - INFO - Epoch [7][1500/2577]	lr: 1.500e-03, eta: 3:19:40, time: 0.346, data_time: 0.017, memory: 13382, loss_cls: 0.4221, loss_bbox: 0.3893, loss_kps: 0.0000, loss: 0.8114
2026-09-18 12:53:57,405 - mmdet - INFO - Epoch [7][1550/2577]	lr: 1.500e-03, eta: 3:19:22, time: 0.340, data_time: 0.016, memory: 13382, loss_cls: 0.3973, loss_bbox: 0.3773, loss_kps: 0.0000, loss: 0.7747
2026-09-18 12:54:14,517 - mmdet - INFO - Epoch [7][1600/2577]	lr: 1.500e-03, eta: 3:19:05, time: 0.342, data_time: 0.016, memory: 13382, loss_cls: 0.4062, loss_bbox: 0.3810, loss_kps: 0.0000, loss: 0.7872
2026-09-18 12:54:31,823 - mmdet - INFO - Epoch [7][1650/2577]	lr: 1.500e-03, eta: 3:18:47, time: 0.346, data_time: 0.017, memory: 13382, loss_cls: 0.3996, loss_bbox: 0.3755, loss_kps: 0.0000, loss: 0.7751
2026-09-18 12:54:48,845 - mmdet - INFO - Epoch [7][1700/2577]	lr: 1.500e-03, eta: 3:18:29, time: 0.340, data_time: 0.016, memory: 13382, loss_cls: 0.3951, loss_bbox: 0.3794, loss_kps: 0.0000, loss: 0.7745
2026-09-18 12:55:06,155 - mmdet - INFO - Epoch [7][1750/2577]	lr: 1.500e-03, eta: 3:18:12, time: 0.346, data_time: 0.017, memory: 13382, loss_cls: 0.4407, loss_bbox: 0.3812, loss_kps: 0.0000, loss: 0.8218
2026-09-18 12:55:23,650 - mmdet - INFO - Epoch [7][1800/2577]	lr: 1.500e-03, eta: 3:17:55, time: 0.350, data_time: 0.017, memory: 13382, loss_cls: 0.4194, loss_bbox: 0.3865, loss_kps: 0.0000, loss: 0.8060
2026-09-18 12:55:40,634 - mmdet - INFO - Epoch [7][1850/2577]	lr: 1.500e-03, eta: 3:17:37, time: 0.340, data_time: 0.016, memory: 13382, loss_cls: 0.4184, loss_bbox: 0.3857, loss_kps: 0.0000, loss: 0.8041
2026-09-18 12:55:57,973 - mmdet - INFO - Epoch [7][1900/2577]	lr: 1.500e-03, eta: 3:17:20, time: 0.347, data_time: 0.017, memory: 13382, loss_cls: 0.3920, loss_bbox: 0.3652, loss_kps: 0.0000, loss: 0.7572
2026-09-18 12:56:15,153 - mmdet - INFO - Epoch [7][1950/2577]	lr: 1.500e-03, eta: 3:17:02, time: 0.344, data_time: 0.017, memory: 13382, loss_cls: 0.4198, loss_bbox: 0.3799, loss_kps: 0.0000, loss: 0.7997
2026-09-18 12:56:32,430 - mmdet - INFO - Epoch [7][2000/2577]	lr: 1.500e-03, eta: 3:16:45, time: 0.346, data_time: 0.016, memory: 13382, loss_cls: 0.4280, loss_bbox: 0.4001, loss_kps: 0.0000, loss: 0.8281
2026-09-18 12:56:49,450 - mmdet - INFO - Epoch [7][2050/2577]	lr: 1.500e-03, eta: 3:16:27, time: 0.340, data_time: 0.017, memory: 13382, loss_cls: 0.4195, loss_bbox: 0.3951, loss_kps: 0.0000, loss: 0.8146
2026-09-18 12:57:06,509 - mmdet - INFO - Epoch [7][2100/2577]	lr: 1.500e-03, eta: 3:16:09, time: 0.341, data_time: 0.017, memory: 13382, loss_cls: 0.4004, loss_bbox: 0.3927, loss_kps: 0.0000, loss: 0.7931
2026-09-18 12:57:23,594 - mmdet - INFO - Epoch [7][2150/2577]	lr: 1.500e-03, eta: 3:15:51, time: 0.342, data_time: 0.016, memory: 13382, loss_cls: 0.4255, loss_bbox: 0.3948, loss_kps: 0.0000, loss: 0.8203
2026-09-18 12:57:40,898 - mmdet - INFO - Epoch [7][2200/2577]	lr: 1.500e-03, eta: 3:15:34, time: 0.346, data_time: 0.016, memory: 13382, loss_cls: 0.3928, loss_bbox: 0.3885, loss_kps: 0.0000, loss: 0.7814
2026-09-18 12:57:58,164 - mmdet - INFO - Epoch [7][2250/2577]	lr: 1.500e-03, eta: 3:15:16, time: 0.345, data_time: 0.017, memory: 13382, loss_cls: 0.4165, loss_bbox: 0.3871, loss_kps: 0.0000, loss: 0.8036
2026-09-18 12:58:15,850 - mmdet - INFO - Epoch [7][2300/2577]	lr: 1.500e-03, eta: 3:15:00, time: 0.354, data_time: 0.017, memory: 13382, loss_cls: 0.3869, loss_bbox: 0.3705, loss_kps: 0.0000, loss: 0.7575
2026-09-18 12:58:32,880 - mmdet - INFO - Epoch [7][2350/2577]	lr: 1.500e-03, eta: 3:14:42, time: 0.341, data_time: 0.017, memory: 13382, loss_cls: 0.4157, loss_bbox: 0.3802, loss_kps: 0.0000, loss: 0.7959
2026-09-18 12:58:50,105 - mmdet - INFO - Epoch [7][2400/2577]	lr: 1.500e-03, eta: 3:14:24, time: 0.345, data_time: 0.016, memory: 13382, loss_cls: 0.4088, loss_bbox: 0.3678, loss_kps: 0.0000, loss: 0.7765
2026-09-18 12:59:07,257 - mmdet - INFO - Epoch [7][2450/2577]	lr: 1.500e-03, eta: 3:14:07, time: 0.343, data_time: 0.016, memory: 13382, loss_cls: 0.3977, loss_bbox: 0.3643, loss_kps: 0.0000, loss: 0.7620
2026-09-18 12:59:24,324 - mmdet - INFO - Epoch [7][2500/2577]	lr: 1.500e-03, eta: 3:13:49, time: 0.341, data_time: 0.016, memory: 13382, loss_cls: 0.3998, loss_bbox: 0.3799, loss_kps: 0.0000, loss: 0.7797
2026-09-18 12:59:41,471 - mmdet - INFO - Epoch [7][2550/2577]	lr: 1.500e-03, eta: 3:13:31, time: 0.343, data_time: 0.016, memory: 13382, loss_cls: 0.3997, loss_bbox: 0.3746, loss_kps: 0.0000, loss: 0.7742
2026-09-18 12:59:51,266 - mmdet - INFO - Saving checkpoint at 7 epochs
2026-09-18 13:00:17,100 - mmdet - INFO - Epoch [8][50/2577]	lr: 1.500e-03, eta: 3:13:02, time: 0.507, data_time: 0.104, memory: 13382, loss_cls: 0.3862, loss_bbox: 0.3724, loss_kps: 0.0000, loss: 0.7586
2026-09-18 13:00:35,518 - mmdet - INFO - Epoch [8][100/2577]	lr: 1.500e-03, eta: 3:12:47, time: 0.368, data_time: 0.016, memory: 13382, loss_cls: 0.4057, loss_bbox: 0.3846, loss_kps: 0.0000, loss: 0.7903
2026-09-18 13:00:53,470 - mmdet - INFO - Epoch [8][150/2577]	lr: 1.500e-03, eta: 3:12:31, time: 0.359, data_time: 0.016, memory: 13382, loss_cls: 0.3799, loss_bbox: 0.3725, loss_kps: 0.0000, loss: 0.7524
2026-09-18 13:01:10,762 - mmdet - INFO - Epoch [8][200/2577]	lr: 1.500e-03, eta: 3:12:14, time: 0.346, data_time: 0.017, memory: 13382, loss_cls: 0.4053, loss_bbox: 0.3812, loss_kps: 0.0000, loss: 0.7865
2026-09-18 13:01:28,070 - mmdet - INFO - Epoch [8][250/2577]	lr: 1.500e-03, eta: 3:11:56, time: 0.346, data_time: 0.016, memory: 13382, loss_cls: 0.3934, loss_bbox: 0.3644, loss_kps: 0.0000, loss: 0.7578
2026-09-18 13:01:45,221 - mmdet - INFO - Epoch [8][300/2577]	lr: 1.500e-03, eta: 3:11:39, time: 0.343, data_time: 0.016, memory: 13382, loss_cls: 0.4125, loss_bbox: 0.3804, loss_kps: 0.0000, loss: 0.7929
2026-09-18 13:02:02,573 - mmdet - INFO - Epoch [8][350/2577]	lr: 1.500e-03, eta: 3:11:21, time: 0.347, data_time: 0.016, memory: 13382, loss_cls: 0.4056, loss_bbox: 0.3850, loss_kps: 0.0000, loss: 0.7906
2026-09-18 13:02:19,912 - mmdet - INFO - Epoch [8][400/2577]	lr: 1.500e-03, eta: 3:11:04, time: 0.347, data_time: 0.016, memory: 13382, loss_cls: 0.3968, loss_bbox: 0.3790, loss_kps: 0.0000, loss: 0.7758
2026-09-18 13:02:37,249 - mmdet - INFO - Epoch [8][450/2577]	lr: 1.500e-03, eta: 3:10:47, time: 0.347, data_time: 0.016, memory: 13382, loss_cls: 0.4074, loss_bbox: 0.3899, loss_kps: 0.0000, loss: 0.7973
2026-09-18 13:02:54,408 - mmdet - INFO - Epoch [8][500/2577]	lr: 1.500e-03, eta: 3:10:29, time: 0.343, data_time: 0.017, memory: 13382, loss_cls: 0.4100, loss_bbox: 0.3993, loss_kps: 0.0000, loss: 0.8093
2026-09-18 13:03:11,561 - mmdet - INFO - Epoch [8][550/2577]	lr: 1.500e-03, eta: 3:10:12, time: 0.343, data_time: 0.016, memory: 13382, loss_cls: 0.3940, loss_bbox: 0.3769, loss_kps: 0.0000, loss: 0.7709
2026-09-18 13:03:28,820 - mmdet - INFO - Epoch [8][600/2577]	lr: 1.500e-03, eta: 3:09:54, time: 0.345, data_time: 0.016, memory: 13382, loss_cls: 0.3884, loss_bbox: 0.3846, loss_kps: 0.0000, loss: 0.7730
2026-09-18 13:03:45,767 - mmdet - INFO - Epoch [8][650/2577]	lr: 1.500e-03, eta: 3:09:36, time: 0.339, data_time: 0.016, memory: 13382, loss_cls: 0.4248, loss_bbox: 0.4041, loss_kps: 0.0000, loss: 0.8289
2026-09-18 13:04:02,893 - mmdet - INFO - Epoch [8][700/2577]	lr: 1.500e-03, eta: 3:09:18, time: 0.342, data_time: 0.016, memory: 13382, loss_cls: 0.4031, loss_bbox: 0.3684, loss_kps: 0.0000, loss: 0.7715
2026-09-18 13:04:19,860 - mmdet - INFO - Epoch [8][750/2577]	lr: 1.500e-03, eta: 3:09:01, time: 0.339, data_time: 0.017, memory: 13382, loss_cls: 0.3963, loss_bbox: 0.3944, loss_kps: 0.0000, loss: 0.7907
2026-09-18 13:04:37,074 - mmdet - INFO - Epoch [8][800/2577]	lr: 1.500e-03, eta: 3:08:43, time: 0.344, data_time: 0.016, memory: 13382, loss_cls: 0.4247, loss_bbox: 0.3861, loss_kps: 0.0000, loss: 0.8108
2026-09-18 13:04:54,260 - mmdet - INFO - Epoch [8][850/2577]	lr: 1.500e-03, eta: 3:08:26, time: 0.344, data_time: 0.016, memory: 13382, loss_cls: 0.4060, loss_bbox: 0.3871, loss_kps: 0.0000, loss: 0.7931
2026-09-18 13:05:11,340 - mmdet - INFO - Epoch [8][900/2577]	lr: 1.500e-03, eta: 3:08:08, time: 0.342, data_time: 0.017, memory: 13382, loss_cls: 0.3956, loss_bbox: 0.3727, loss_kps: 0.0000, loss: 0.7683
2026-09-18 13:05:28,218 - mmdet - INFO - Epoch [8][950/2577]	lr: 1.500e-03, eta: 3:07:50, time: 0.338, data_time: 0.016, memory: 13382, loss_cls: 0.4040, loss_bbox: 0.3760, loss_kps: 0.0000, loss: 0.7800
2026-09-18 13:05:45,361 - mmdet - INFO - Epoch [8][1000/2577]	lr: 1.500e-03, eta: 3:07:32, time: 0.343, data_time: 0.016, memory: 13382, loss_cls: 0.4094, loss_bbox: 0.3856, loss_kps: 0.0000, loss: 0.7950
2026-09-18 13:06:02,529 - mmdet - INFO - Epoch [8][1050/2577]	lr: 1.500e-03, eta: 3:07:15, time: 0.343, data_time: 0.016, memory: 13382, loss_cls: 0.4104, loss_bbox: 0.3729, loss_kps: 0.0000, loss: 0.7833
2026-09-18 13:06:19,528 - mmdet - INFO - Epoch [8][1100/2577]	lr: 1.500e-03, eta: 3:06:57, time: 0.340, data_time: 0.016, memory: 13382, loss_cls: 0.4215, loss_bbox: 0.3894, loss_kps: 0.0000, loss: 0.8109
2026-09-18 13:06:36,455 - mmdet - INFO - Epoch [8][1150/2577]	lr: 1.500e-03, eta: 3:06:39, time: 0.339, data_time: 0.016, memory: 13382, loss_cls: 0.4181, loss_bbox: 0.3818, loss_kps: 0.0000, loss: 0.7999
2026-09-18 13:06:53,517 - mmdet - INFO - Epoch [8][1200/2577]	lr: 1.500e-03, eta: 3:06:21, time: 0.341, data_time: 0.017, memory: 13382, loss_cls: 0.4013, loss_bbox: 0.3789, loss_kps: 0.0000, loss: 0.7802
2026-09-18 13:07:10,649 - mmdet - INFO - Epoch [8][1250/2577]	lr: 1.500e-03, eta: 3:06:03, time: 0.343, data_time: 0.016, memory: 13382, loss_cls: 0.4116, loss_bbox: 0.3899, loss_kps: 0.0000, loss: 0.8015
2026-09-18 13:07:27,918 - mmdet - INFO - Epoch [8][1300/2577]	lr: 1.500e-03, eta: 3:05:46, time: 0.345, data_time: 0.016, memory: 13382, loss_cls: 0.3978, loss_bbox: 0.3879, loss_kps: 0.0000, loss: 0.7858
2026-09-18 13:07:45,057 - mmdet - INFO - Epoch [8][1350/2577]	lr: 1.500e-03, eta: 3:05:29, time: 0.343, data_time: 0.016, memory: 13382, loss_cls: 0.3985, loss_bbox: 0.3790, loss_kps: 0.0000, loss: 0.7775
2026-09-18 13:08:02,350 - mmdet - INFO - Epoch [8][1400/2577]	lr: 1.500e-03, eta: 3:05:11, time: 0.346, data_time: 0.017, memory: 13382, loss_cls: 0.4433, loss_bbox: 0.3882, loss_kps: 0.0000, loss: 0.8315
2026-09-18 13:08:19,305 - mmdet - INFO - Epoch [8][1450/2577]	lr: 1.500e-03, eta: 3:04:53, time: 0.339, data_time: 0.016, memory: 13382, loss_cls: 0.4069, loss_bbox: 0.3840, loss_kps: 0.0000, loss: 0.7909
2026-09-18 13:08:36,306 - mmdet - INFO - Epoch [8][1500/2577]	lr: 1.500e-03, eta: 3:04:36, time: 0.340, data_time: 0.016, memory: 13382, loss_cls: 0.4099, loss_bbox: 0.3882, loss_kps: 0.0000, loss: 0.7981
2026-09-18 13:08:53,671 - mmdet - INFO - Epoch [8][1550/2577]	lr: 1.500e-03, eta: 3:04:18, time: 0.347, data_time: 0.017, memory: 13382, loss_cls: 0.4105, loss_bbox: 0.3767, loss_kps: 0.0000, loss: 0.7872
2026-09-18 13:09:10,774 - mmdet - INFO - Epoch [8][1600/2577]	lr: 1.500e-03, eta: 3:04:01, time: 0.342, data_time: 0.017, memory: 13382, loss_cls: 0.4105, loss_bbox: 0.3928, loss_kps: 0.0000, loss: 0.8032
2026-09-18 13:09:27,889 - mmdet - INFO - Epoch [8][1650/2577]	lr: 1.500e-03, eta: 3:03:43, time: 0.342, data_time: 0.016, memory: 13382, loss_cls: 0.4068, loss_bbox: 0.3824, loss_kps: 0.0000, loss: 0.7892
2026-09-18 13:09:44,862 - mmdet - INFO - Epoch [8][1700/2577]	lr: 1.500e-03, eta: 3:03:25, time: 0.339, data_time: 0.016, memory: 13382, loss_cls: 0.4216, loss_bbox: 0.3702, loss_kps: 0.0000, loss: 0.7918
2026-09-18 13:10:01,974 - mmdet - INFO - Epoch [8][1750/2577]	lr: 1.500e-03, eta: 3:03:08, time: 0.342, data_time: 0.016, memory: 13382, loss_cls: 0.3934, loss_bbox: 0.3661, loss_kps: 0.0000, loss: 0.7595
2026-09-18 13:10:19,050 - mmdet - INFO - Epoch [8][1800/2577]	lr: 1.500e-03, eta: 3:02:50, time: 0.341, data_time: 0.016, memory: 13382, loss_cls: 0.4133, loss_bbox: 0.3890, loss_kps: 0.0000, loss: 0.8023
2026-09-18 13:10:36,035 - mmdet - INFO - Epoch [8][1850/2577]	lr: 1.500e-03, eta: 3:02:32, time: 0.340, data_time: 0.016, memory: 13382, loss_cls: 0.4118, loss_bbox: 0.3792, loss_kps: 0.0000, loss: 0.7910
2026-09-18 13:10:53,086 - mmdet - INFO - Epoch [8][1900/2577]	lr: 1.500e-03, eta: 3:02:14, time: 0.341, data_time: 0.016, memory: 13382, loss_cls: 0.4014, loss_bbox: 0.3877, loss_kps: 0.0000, loss: 0.7890
2026-09-18 13:11:10,269 - mmdet - INFO - Epoch [8][1950/2577]	lr: 1.500e-03, eta: 3:01:57, time: 0.344, data_time: 0.017, memory: 13382, loss_cls: 0.4064, loss_bbox: 0.3929, loss_kps: 0.0000, loss: 0.7992
2026-09-18 13:11:29,397 - mmdet - INFO - Epoch [8][2000/2577]	lr: 1.500e-03, eta: 3:01:42, time: 0.383, data_time: 0.023, memory: 13382, loss_cls: 0.4133, loss_bbox: 0.3849, loss_kps: 0.0000, loss: 0.7982
2026-09-18 13:11:48,418 - mmdet - INFO - Epoch [8][2050/2577]	lr: 1.500e-03, eta: 3:01:28, time: 0.380, data_time: 0.019, memory: 13382, loss_cls: 0.4313, loss_bbox: 0.3822, loss_kps: 0.0000, loss: 0.8135
2026-09-18 13:12:05,464 - mmdet - INFO - Epoch [8][2100/2577]	lr: 1.500e-03, eta: 3:01:10, time: 0.341, data_time: 0.016, memory: 13382, loss_cls: 0.3998, loss_bbox: 0.3674, loss_kps: 0.0000, loss: 0.7672
2026-09-18 13:12:22,628 - mmdet - INFO - Epoch [8][2150/2577]	lr: 1.500e-03, eta: 3:00:53, time: 0.343, data_time: 0.017, memory: 13382, loss_cls: 0.4023, loss_bbox: 0.3747, loss_kps: 0.0000, loss: 0.7770
2026-09-18 13:12:39,913 - mmdet - INFO - Epoch [8][2200/2577]	lr: 1.500e-03, eta: 3:00:35, time: 0.346, data_time: 0.016, memory: 13382, loss_cls: 0.4150, loss_bbox: 0.3887, loss_kps: 0.0000, loss: 0.8036
2026-09-18 13:12:56,948 - mmdet - INFO - Epoch [8][2250/2577]	lr: 1.500e-03, eta: 3:00:18, time: 0.341, data_time: 0.015, memory: 13382, loss_cls: 0.4207, loss_bbox: 0.3905, loss_kps: 0.0000, loss: 0.8112
2026-09-18 13:13:14,078 - mmdet - INFO - Epoch [8][2300/2577]	lr: 1.500e-03, eta: 3:00:00, time: 0.343, data_time: 0.015, memory: 13382, loss_cls: 0.4161, loss_bbox: 0.3827, loss_kps: 0.0000, loss: 0.7988
2026-09-18 13:13:31,068 - mmdet - INFO - Epoch [8][2350/2577]	lr: 1.500e-03, eta: 2:59:42, time: 0.340, data_time: 0.015, memory: 13382, loss_cls: 0.4094, loss_bbox: 0.3842, loss_kps: 0.0000, loss: 0.7936
2026-09-18 13:13:48,030 - mmdet - INFO - Epoch [8][2400/2577]	lr: 1.500e-03, eta: 2:59:24, time: 0.339, data_time: 0.015, memory: 13382, loss_cls: 0.4039, loss_bbox: 0.3973, loss_kps: 0.0000, loss: 0.8012
2026-09-18 13:14:05,500 - mmdet - INFO - Epoch [8][2450/2577]	lr: 1.500e-03, eta: 2:59:07, time: 0.349, data_time: 0.015, memory: 13382, loss_cls: 0.4128, loss_bbox: 0.3757, loss_kps: 0.0000, loss: 0.7885
2026-09-18 13:14:23,038 - mmdet - INFO - Epoch [8][2500/2577]	lr: 1.500e-03, eta: 2:58:50, time: 0.351, data_time: 0.015, memory: 13382, loss_cls: 0.4056, loss_bbox: 0.3850, loss_kps: 0.0000, loss: 0.7906
2026-09-18 13:14:39,960 - mmdet - INFO - Epoch [8][2550/2577]	lr: 1.500e-03, eta: 2:58:32, time: 0.338, data_time: 0.016, memory: 13382, loss_cls: 0.4002, loss_bbox: 0.3813, loss_kps: 0.0000, loss: 0.7815
2026-09-18 13:14:49,587 - mmdet - INFO - Saving checkpoint at 8 epochs
2026-09-18 13:15:14,960 - mmdet - INFO - Epoch [9][50/2577]	lr: 1.500e-03, eta: 2:58:03, time: 0.498, data_time: 0.110, memory: 13382, loss_cls: 0.4021, loss_bbox: 0.3809, loss_kps: 0.0000, loss: 0.7830
2026-09-18 13:15:32,650 - mmdet - INFO - Epoch [9][100/2577]	lr: 1.500e-03, eta: 2:57:46, time: 0.354, data_time: 0.016, memory: 13382, loss_cls: 0.3884, loss_bbox: 0.3733, loss_kps: 0.0000, loss: 0.7617
2026-09-18 13:15:50,170 - mmdet - INFO - Epoch [9][150/2577]	lr: 1.500e-03, eta: 2:57:29, time: 0.350, data_time: 0.018, memory: 13382, loss_cls: 0.3962, loss_bbox: 0.3737, loss_kps: 0.0000, loss: 0.7699
2026-09-18 13:16:07,831 - mmdet - INFO - Epoch [9][200/2577]	lr: 1.500e-03, eta: 2:57:13, time: 0.353, data_time: 0.016, memory: 13382, loss_cls: 0.3934, loss_bbox: 0.3762, loss_kps: 0.0000, loss: 0.7695
2026-09-18 13:16:24,916 - mmdet - INFO - Epoch [9][250/2577]	lr: 1.500e-03, eta: 2:56:55, time: 0.342, data_time: 0.016, memory: 13382, loss_cls: 0.3995, loss_bbox: 0.3768, loss_kps: 0.0000, loss: 0.7763
2026-09-18 13:16:41,846 - mmdet - INFO - Epoch [9][300/2577]	lr: 1.500e-03, eta: 2:56:37, time: 0.339, data_time: 0.016, memory: 13382, loss_cls: 0.4268, loss_bbox: 0.3779, loss_kps: 0.0000, loss: 0.8047
2026-09-18 13:16:59,250 - mmdet - INFO - Epoch [9][350/2577]	lr: 1.500e-03, eta: 2:56:20, time: 0.348, data_time: 0.015, memory: 13382, loss_cls: 0.4077, loss_bbox: 0.3833, loss_kps: 0.0000, loss: 0.7910
2026-09-18 13:17:16,083 - mmdet - INFO - Epoch [9][400/2577]	lr: 1.500e-03, eta: 2:56:02, time: 0.337, data_time: 0.017, memory: 13382, loss_cls: 0.4049, loss_bbox: 0.3759, loss_kps: 0.0000, loss: 0.7808
2026-09-18 13:17:33,572 - mmdet - INFO - Epoch [9][450/2577]	lr: 1.500e-03, eta: 2:55:45, time: 0.350, data_time: 0.018, memory: 13382, loss_cls: 0.3907, loss_bbox: 0.3672, loss_kps: 0.0000, loss: 0.7579
2026-09-18 13:17:50,732 - mmdet - INFO - Epoch [9][500/2577]	lr: 1.500e-03, eta: 2:55:28, time: 0.343, data_time: 0.017, memory: 13382, loss_cls: 0.4151, loss_bbox: 0.3855, loss_kps: 0.0000, loss: 0.8005
2026-09-18 13:18:07,996 - mmdet - INFO - Epoch [9][550/2577]	lr: 1.500e-03, eta: 2:55:10, time: 0.345, data_time: 0.016, memory: 13382, loss_cls: 0.3896, loss_bbox: 0.3801, loss_kps: 0.0000, loss: 0.7697
2026-09-18 13:18:25,054 - mmdet - INFO - Epoch [9][600/2577]	lr: 1.500e-03, eta: 2:54:53, time: 0.341, data_time: 0.017, memory: 13382, loss_cls: 0.4110, loss_bbox: 0.3879, loss_kps: 0.0000, loss: 0.7989
2026-09-18 13:18:42,084 - mmdet - INFO - Epoch [9][650/2577]	lr: 1.500e-03, eta: 2:54:35, time: 0.341, data_time: 0.017, memory: 13382, loss_cls: 0.4049, loss_bbox: 0.3753, loss_kps: 0.0000, loss: 0.7802
2026-09-18 13:18:59,080 - mmdet - INFO - Epoch [9][700/2577]	lr: 1.500e-03, eta: 2:54:17, time: 0.340, data_time: 0.016, memory: 13382, loss_cls: 0.4114, loss_bbox: 0.3723, loss_kps: 0.0000, loss: 0.7838
2026-09-18 13:19:16,135 - mmdet - INFO - Epoch [9][750/2577]	lr: 1.500e-03, eta: 2:53:59, time: 0.341, data_time: 0.016, memory: 13382, loss_cls: 0.3797, loss_bbox: 0.3698, loss_kps: 0.0000, loss: 0.7495
2026-09-18 13:19:33,247 - mmdet - INFO - Epoch [9][800/2577]	lr: 1.500e-03, eta: 2:53:42, time: 0.342, data_time: 0.016, memory: 13382, loss_cls: 0.3999, loss_bbox: 0.3766, loss_kps: 0.0000, loss: 0.7764
2026-09-18 13:19:50,587 - mmdet - INFO - Epoch [9][850/2577]	lr: 1.500e-03, eta: 2:53:25, time: 0.347, data_time: 0.016, memory: 13382, loss_cls: 0.4105, loss_bbox: 0.3903, loss_kps: 0.0000, loss: 0.8009
2026-09-18 13:20:07,772 - mmdet - INFO - Epoch [9][900/2577]	lr: 1.500e-03, eta: 2:53:07, time: 0.344, data_time: 0.016, memory: 13382, loss_cls: 0.4030, loss_bbox: 0.3825, loss_kps: 0.0000, loss: 0.7855
2026-09-18 13:20:24,747 - mmdet - INFO - Epoch [9][950/2577]	lr: 1.500e-03, eta: 2:52:49, time: 0.339, data_time: 0.017, memory: 13382, loss_cls: 0.4057, loss_bbox: 0.3992, loss_kps: 0.0000, loss: 0.8049
2026-09-18 13:20:42,173 - mmdet - INFO - Epoch [9][1000/2577]	lr: 1.500e-03, eta: 2:52:32, time: 0.349, data_time: 0.017, memory: 13382, loss_cls: 0.4088, loss_bbox: 0.3809, loss_kps: 0.0000, loss: 0.7897
2026-09-18 13:20:59,252 - mmdet - INFO - Epoch [9][1050/2577]	lr: 1.500e-03, eta: 2:52:15, time: 0.342, data_time: 0.016, memory: 13382, loss_cls: 0.4033, loss_bbox: 0.3791, loss_kps: 0.0000, loss: 0.7823
2026-09-18 13:21:16,371 - mmdet - INFO - Epoch [9][1100/2577]	lr: 1.500e-03, eta: 2:51:57, time: 0.342, data_time: 0.017, memory: 13382, loss_cls: 0.3947, loss_bbox: 0.3785, loss_kps: 0.0000, loss: 0.7732
2026-09-18 13:21:33,700 - mmdet - INFO - Epoch [9][1150/2577]	lr: 1.500e-03, eta: 2:51:40, time: 0.347, data_time: 0.016, memory: 13382, loss_cls: 0.4052, loss_bbox: 0.3849, loss_kps: 0.0000, loss: 0.7901
2026-09-18 13:21:50,814 - mmdet - INFO - Epoch [9][1200/2577]	lr: 1.500e-03, eta: 2:51:22, time: 0.342, data_time: 0.015, memory: 13382, loss_cls: 0.3881, loss_bbox: 0.3777, loss_kps: 0.0000, loss: 0.7658
2026-09-18 13:22:07,677 - mmdet - INFO - Epoch [9][1250/2577]	lr: 1.500e-03, eta: 2:51:04, time: 0.337, data_time: 0.016, memory: 13382, loss_cls: 0.4082, loss_bbox: 0.3814, loss_kps: 0.0000, loss: 0.7896
2026-09-18 13:22:24,591 - mmdet - INFO - Epoch [9][1300/2577]	lr: 1.500e-03, eta: 2:50:47, time: 0.338, data_time: 0.015, memory: 13382, loss_cls: 0.3973, loss_bbox: 0.3851, loss_kps: 0.0000, loss: 0.7824
2026-09-18 13:22:41,456 - mmdet - INFO - Epoch [9][1350/2577]	lr: 1.500e-03, eta: 2:50:29, time: 0.337, data_time: 0.015, memory: 13382, loss_cls: 0.4092, loss_bbox: 0.3814, loss_kps: 0.0000, loss: 0.7907
2026-09-18 13:22:58,277 - mmdet - INFO - Epoch [9][1400/2577]	lr: 1.500e-03, eta: 2:50:11, time: 0.336, data_time: 0.015, memory: 13382, loss_cls: 0.4245, loss_bbox: 0.3844, loss_kps: 0.0000, loss: 0.8088
2026-09-18 13:23:15,270 - mmdet - INFO - Epoch [9][1450/2577]	lr: 1.500e-03, eta: 2:49:53, time: 0.340, data_time: 0.017, memory: 13382, loss_cls: 0.4196, loss_bbox: 0.3794, loss_kps: 0.0000, loss: 0.7990
2026-09-18 13:23:32,132 - mmdet - INFO - Epoch [9][1500/2577]	lr: 1.500e-03, eta: 2:49:35, time: 0.337, data_time: 0.016, memory: 13382, loss_cls: 0.3877, loss_bbox: 0.3758, loss_kps: 0.0000, loss: 0.7635
2026-09-18 13:23:49,231 - mmdet - INFO - Epoch [9][1550/2577]	lr: 1.500e-03, eta: 2:49:18, time: 0.342, data_time: 0.016, memory: 13382, loss_cls: 0.3895, loss_bbox: 0.3717, loss_kps: 0.0000, loss: 0.7612
2026-09-18 13:24:06,426 - mmdet - INFO - Epoch [9][1600/2577]	lr: 1.500e-03, eta: 2:49:00, time: 0.344, data_time: 0.016, memory: 13382, loss_cls: 0.3884, loss_bbox: 0.3785, loss_kps: 0.0000, loss: 0.7669
2026-09-18 13:24:23,335 - mmdet - INFO - Epoch [9][1650/2577]	lr: 1.500e-03, eta: 2:48:43, time: 0.338, data_time: 0.016, memory: 13382, loss_cls: 0.3982, loss_bbox: 0.3844, loss_kps: 0.0000, loss: 0.7826
2026-09-18 13:24:40,160 - mmdet - INFO - Epoch [9][1700/2577]	lr: 1.500e-03, eta: 2:48:25, time: 0.336, data_time: 0.016, memory: 13382, loss_cls: 0.4108, loss_bbox: 0.3830, loss_kps: 0.0000, loss: 0.7937
2026-09-18 13:24:56,927 - mmdet - INFO - Epoch [9][1750/2577]	lr: 1.500e-03, eta: 2:48:07, time: 0.335, data_time: 0.016, memory: 13382, loss_cls: 0.3910, loss_bbox: 0.3783, loss_kps: 0.0000, loss: 0.7693
2026-09-18 13:25:13,804 - mmdet - INFO - Epoch [9][1800/2577]	lr: 1.500e-03, eta: 2:47:49, time: 0.338, data_time: 0.016, memory: 13382, loss_cls: 0.4067, loss_bbox: 0.3959, loss_kps: 0.0000, loss: 0.8026
2026-09-18 13:25:30,891 - mmdet - INFO - Epoch [9][1850/2577]	lr: 1.500e-03, eta: 2:47:31, time: 0.342, data_time: 0.017, memory: 13382, loss_cls: 0.4227, loss_bbox: 0.3891, loss_kps: 0.0000, loss: 0.8117
2026-09-18 13:25:48,029 - mmdet - INFO - Epoch [9][1900/2577]	lr: 1.500e-03, eta: 2:47:14, time: 0.343, data_time: 0.016, memory: 13382, loss_cls: 0.4275, loss_bbox: 0.4006, loss_kps: 0.0000, loss: 0.8281
2026-09-18 13:26:04,990 - mmdet - INFO - Epoch [9][1950/2577]	lr: 1.500e-03, eta: 2:46:56, time: 0.339, data_time: 0.016, memory: 13382, loss_cls: 0.3798, loss_bbox: 0.3587, loss_kps: 0.0000, loss: 0.7385
2026-09-18 13:26:22,080 - mmdet - INFO - Epoch [9][2000/2577]	lr: 1.500e-03, eta: 2:46:39, time: 0.342, data_time: 0.016, memory: 13382, loss_cls: 0.4050, loss_bbox: 0.3715, loss_kps: 0.0000, loss: 0.7765
2026-09-18 13:26:39,208 - mmdet - INFO - Epoch [9][2050/2577]	lr: 1.500e-03, eta: 2:46:21, time: 0.343, data_time: 0.016, memory: 13382, loss_cls: 0.4069, loss_bbox: 0.3812, loss_kps: 0.0000, loss: 0.7881
2026-09-18 13:26:56,166 - mmdet - INFO - Epoch [9][2100/2577]	lr: 1.500e-03, eta: 2:46:03, time: 0.339, data_time: 0.016, memory: 13382, loss_cls: 0.3932, loss_bbox: 0.3724, loss_kps: 0.0000, loss: 0.7657
2026-09-18 13:27:13,602 - mmdet - INFO - Epoch [9][2150/2577]	lr: 1.500e-03, eta: 2:45:46, time: 0.349, data_time: 0.016, memory: 13382, loss_cls: 0.4106, loss_bbox: 0.3783, loss_kps: 0.0000, loss: 0.7890
2026-09-18 13:27:30,851 - mmdet - INFO - Epoch [9][2200/2577]	lr: 1.500e-03, eta: 2:45:29, time: 0.345, data_time: 0.017, memory: 13382, loss_cls: 0.3837, loss_bbox: 0.3752, loss_kps: 0.0000, loss: 0.7589
2026-09-18 13:27:47,965 - mmdet - INFO - Epoch [9][2250/2577]	lr: 1.500e-03, eta: 2:45:11, time: 0.342, data_time: 0.016, memory: 13382, loss_cls: 0.3999, loss_bbox: 0.3803, loss_kps: 0.0000, loss: 0.7802
2026-09-18 13:28:05,086 - mmdet - INFO - Epoch [9][2300/2577]	lr: 1.500e-03, eta: 2:44:54, time: 0.342, data_time: 0.016, memory: 13382, loss_cls: 0.3876, loss_bbox: 0.3804, loss_kps: 0.0000, loss: 0.7680
2026-09-18 13:28:21,996 - mmdet - INFO - Epoch [9][2350/2577]	lr: 1.500e-03, eta: 2:44:36, time: 0.338, data_time: 0.014, memory: 13382, loss_cls: 0.4227, loss_bbox: 0.3859, loss_kps: 0.0000, loss: 0.8086
2026-09-18 13:28:39,161 - mmdet - INFO - Epoch [9][2400/2577]	lr: 1.500e-03, eta: 2:44:19, time: 0.343, data_time: 0.016, memory: 13382, loss_cls: 0.4076, loss_bbox: 0.3646, loss_kps: 0.0000, loss: 0.7722
2026-09-18 13:28:56,297 - mmdet - INFO - Epoch [9][2450/2577]	lr: 1.500e-03, eta: 2:44:01, time: 0.343, data_time: 0.017, memory: 13382, loss_cls: 0.4156, loss_bbox: 0.3918, loss_kps: 0.0000, loss: 0.8074
2026-09-18 13:29:13,205 - mmdet - INFO - Epoch [9][2500/2577]	lr: 1.500e-03, eta: 2:43:44, time: 0.338, data_time: 0.016, memory: 13382, loss_cls: 0.4023, loss_bbox: 0.3740, loss_kps: 0.0000, loss: 0.7763
2026-09-18 13:29:30,225 - mmdet - INFO - Epoch [9][2550/2577]	lr: 1.500e-03, eta: 2:43:26, time: 0.340, data_time: 0.017, memory: 13382, loss_cls: 0.3969, loss_bbox: 0.3829, loss_kps: 0.0000, loss: 0.7798
2026-09-18 13:29:39,985 - mmdet - INFO - Saving checkpoint at 9 epochs
2026-09-18 13:30:05,386 - mmdet - INFO - Epoch [10][50/2577]	lr: 1.500e-03, eta: 2:42:57, time: 0.499, data_time: 0.109, memory: 13382, loss_cls: 0.3912, loss_bbox: 0.3740, loss_kps: 0.0000, loss: 0.7651
2026-09-18 13:30:23,517 - mmdet - INFO - Epoch [10][100/2577]	lr: 1.500e-03, eta: 2:42:41, time: 0.363, data_time: 0.016, memory: 13382, loss_cls: 0.3934, loss_bbox: 0.3822, loss_kps: 0.0000, loss: 0.7756
2026-09-18 13:30:41,138 - mmdet - INFO - Epoch [10][150/2577]	lr: 1.500e-03, eta: 2:42:24, time: 0.352, data_time: 0.017, memory: 13382, loss_cls: 0.4084, loss_bbox: 0.3952, loss_kps: 0.0000, loss: 0.8036
2026-09-18 13:30:58,867 - mmdet - INFO - Epoch [10][200/2577]	lr: 1.500e-03, eta: 2:42:07, time: 0.355, data_time: 0.016, memory: 13382, loss_cls: 0.3916, loss_bbox: 0.3797, loss_kps: 0.0000, loss: 0.7714
2026-09-18 13:31:16,001 - mmdet - INFO - Epoch [10][250/2577]	lr: 1.500e-03, eta: 2:41:50, time: 0.343, data_time: 0.016, memory: 13382, loss_cls: 0.3997, loss_bbox: 0.3776, loss_kps: 0.0000, loss: 0.7773
2026-09-18 13:31:32,999 - mmdet - INFO - Epoch [10][300/2577]	lr: 1.500e-03, eta: 2:41:32, time: 0.340, data_time: 0.016, memory: 13382, loss_cls: 0.4048, loss_bbox: 0.3810, loss_kps: 0.0000, loss: 0.7858
2026-09-18 13:31:49,940 - mmdet - INFO - Epoch [10][350/2577]	lr: 1.500e-03, eta: 2:41:15, time: 0.339, data_time: 0.016, memory: 13382, loss_cls: 0.4212, loss_bbox: 0.3882, loss_kps: 0.0000, loss: 0.8094
2026-09-18 13:32:07,044 - mmdet - INFO - Epoch [10][400/2577]	lr: 1.500e-03, eta: 2:40:57, time: 0.342, data_time: 0.017, memory: 13382, loss_cls: 0.3918, loss_bbox: 0.3715, loss_kps: 0.0000, loss: 0.7633
2026-09-18 13:32:24,249 - mmdet - INFO - Epoch [10][450/2577]	lr: 1.500e-03, eta: 2:40:40, time: 0.344, data_time: 0.017, memory: 13382, loss_cls: 0.4201, loss_bbox: 0.3841, loss_kps: 0.0000, loss: 0.8042
2026-09-18 13:32:41,209 - mmdet - INFO - Epoch [10][500/2577]	lr: 1.500e-03, eta: 2:40:22, time: 0.339, data_time: 0.016, memory: 13382, loss_cls: 0.3915, loss_bbox: 0.3830, loss_kps: 0.0000, loss: 0.7745
2026-09-18 13:32:58,041 - mmdet - INFO - Epoch [10][550/2577]	lr: 1.500e-03, eta: 2:40:04, time: 0.337, data_time: 0.016, memory: 13382, loss_cls: 0.4085, loss_bbox: 0.3826, loss_kps: 0.0000, loss: 0.7911
2026-09-18 13:33:15,238 - mmdet - INFO - Epoch [10][600/2577]	lr: 1.500e-03, eta: 2:39:47, time: 0.344, data_time: 0.016, memory: 13382, loss_cls: 0.3808, loss_bbox: 0.3772, loss_kps: 0.0000, loss: 0.7580
2026-09-18 13:33:32,271 - mmdet - INFO - Epoch [10][650/2577]	lr: 1.500e-03, eta: 2:39:29, time: 0.341, data_time: 0.017, memory: 13382, loss_cls: 0.3964, loss_bbox: 0.3747, loss_kps: 0.0000, loss: 0.7711
2026-09-18 13:33:49,119 - mmdet - INFO - Epoch [10][700/2577]	lr: 1.500e-03, eta: 2:39:12, time: 0.337, data_time: 0.016, memory: 13382, loss_cls: 0.4137, loss_bbox: 0.3877, loss_kps: 0.0000, loss: 0.8015
2026-09-18 13:34:05,880 - mmdet - INFO - Epoch [10][750/2577]	lr: 1.500e-03, eta: 2:38:54, time: 0.335, data_time: 0.016, memory: 13382, loss_cls: 0.4198, loss_bbox: 0.3703, loss_kps: 0.0000, loss: 0.7901
2026-09-18 13:34:22,689 - mmdet - INFO - Epoch [10][800/2577]	lr: 1.500e-03, eta: 2:38:36, time: 0.336, data_time: 0.016, memory: 13382, loss_cls: 0.3882, loss_bbox: 0.3791, loss_kps: 0.0000, loss: 0.7673
2026-09-18 13:34:39,955 - mmdet - INFO - Epoch [10][850/2577]	lr: 1.500e-03, eta: 2:38:19, time: 0.345, data_time: 0.017, memory: 13382, loss_cls: 0.4053, loss_bbox: 0.3743, loss_kps: 0.0000, loss: 0.7796
2026-09-18 13:34:56,783 - mmdet - INFO - Epoch [10][900/2577]	lr: 1.500e-03, eta: 2:38:01, time: 0.337, data_time: 0.017, memory: 13382, loss_cls: 0.3879, loss_bbox: 0.3764, loss_kps: 0.0000, loss: 0.7643
2026-09-18 13:35:13,661 - mmdet - INFO - Epoch [10][950/2577]	lr: 1.500e-03, eta: 2:37:43, time: 0.338, data_time: 0.016, memory: 13382, loss_cls: 0.3824, loss_bbox: 0.3702, loss_kps: 0.0000, loss: 0.7526
2026-09-18 13:35:30,606 - mmdet - INFO - Epoch [10][1000/2577]	lr: 1.500e-03, eta: 2:37:26, time: 0.339, data_time: 0.016, memory: 13382, loss_cls: 0.3885, loss_bbox: 0.3724, loss_kps: 0.0000, loss: 0.7609
2026-09-18 13:35:47,583 - mmdet - INFO - Epoch [10][1050/2577]	lr: 1.500e-03, eta: 2:37:08, time: 0.340, data_time: 0.017, memory: 13382, loss_cls: 0.4112, loss_bbox: 0.3871, loss_kps: 0.0000, loss: 0.7984
2026-09-18 13:36:04,523 - mmdet - INFO - Epoch [10][1100/2577]	lr: 1.500e-03, eta: 2:36:50, time: 0.339, data_time: 0.016, memory: 13382, loss_cls: 0.3907, loss_bbox: 0.3698, loss_kps: 0.0000, loss: 0.7605
2026-09-18 13:36:21,410 - mmdet - INFO - Epoch [10][1150/2577]	lr: 1.500e-03, eta: 2:36:33, time: 0.338, data_time: 0.016, memory: 13382, loss_cls: 0.4211, loss_bbox: 0.3903, loss_kps: 0.0000, loss: 0.8114
2026-09-18 13:36:38,182 - mmdet - INFO - Epoch [10][1200/2577]	lr: 1.500e-03, eta: 2:36:15, time: 0.335, data_time: 0.016, memory: 13382, loss_cls: 0.3983, loss_bbox: 0.3680, loss_kps: 0.0000, loss: 0.7663
2026-09-18 13:36:55,737 - mmdet - INFO - Epoch [10][1250/2577]	lr: 1.500e-03, eta: 2:35:58, time: 0.351, data_time: 0.017, memory: 13382, loss_cls: 0.3991, loss_bbox: 0.3810, loss_kps: 0.0000, loss: 0.7801
2026-09-18 13:37:12,661 - mmdet - INFO - Epoch [10][1300/2577]	lr: 1.500e-03, eta: 2:35:40, time: 0.338, data_time: 0.017, memory: 13382, loss_cls: 0.3978, loss_bbox: 0.3784, loss_kps: 0.0000, loss: 0.7761
2026-09-18 13:37:29,396 - mmdet - INFO - Epoch [10][1350/2577]	lr: 1.500e-03, eta: 2:35:22, time: 0.335, data_time: 0.017, memory: 13382, loss_cls: 0.3862, loss_bbox: 0.3595, loss_kps: 0.0000, loss: 0.7457
2026-09-18 13:37:46,652 - mmdet - INFO - Epoch [10][1400/2577]	lr: 1.500e-03, eta: 2:35:05, time: 0.345, data_time: 0.017, memory: 13382, loss_cls: 0.3857, loss_bbox: 0.3765, loss_kps: 0.0000, loss: 0.7621
2026-09-18 13:38:03,514 - mmdet - INFO - Epoch [10][1450/2577]	lr: 1.500e-03, eta: 2:34:47, time: 0.337, data_time: 0.017, memory: 13382, loss_cls: 0.4247, loss_bbox: 0.3963, loss_kps: 0.0000, loss: 0.8210
2026-09-18 13:38:20,730 - mmdet - INFO - Epoch [10][1500/2577]	lr: 1.500e-03, eta: 2:34:30, time: 0.344, data_time: 0.016, memory: 13382, loss_cls: 0.4084, loss_bbox: 0.3873, loss_kps: 0.0000, loss: 0.7957
2026-09-18 13:38:38,082 - mmdet - INFO - Epoch [10][1550/2577]	lr: 1.500e-03, eta: 2:34:13, time: 0.347, data_time: 0.017, memory: 13382, loss_cls: 0.4072, loss_bbox: 0.3778, loss_kps: 0.0000, loss: 0.7850
2026-09-18 13:38:55,262 - mmdet - INFO - Epoch [10][1600/2577]	lr: 1.500e-03, eta: 2:33:56, time: 0.344, data_time: 0.017, memory: 13382, loss_cls: 0.3700, loss_bbox: 0.3588, loss_kps: 0.0000, loss: 0.7288
2026-09-18 13:39:12,426 - mmdet - INFO - Epoch [10][1650/2577]	lr: 1.500e-03, eta: 2:33:38, time: 0.343, data_time: 0.016, memory: 13382, loss_cls: 0.4109, loss_bbox: 0.3794, loss_kps: 0.0000, loss: 0.7903
2026-09-18 13:39:29,574 - mmdet - INFO - Epoch [10][1700/2577]	lr: 1.500e-03, eta: 2:33:21, time: 0.343, data_time: 0.017, memory: 13382, loss_cls: 0.3870, loss_bbox: 0.3688, loss_kps: 0.0000, loss: 0.7557
2026-09-18 13:39:46,465 - mmdet - INFO - Epoch [10][1750/2577]	lr: 1.500e-03, eta: 2:33:03, time: 0.338, data_time: 0.017, memory: 13382, loss_cls: 0.4057, loss_bbox: 0.3851, loss_kps: 0.0000, loss: 0.7907
2026-09-18 13:40:03,779 - mmdet - INFO - Epoch [10][1800/2577]	lr: 1.500e-03, eta: 2:32:46, time: 0.346, data_time: 0.016, memory: 13382, loss_cls: 0.4112, loss_bbox: 0.3792, loss_kps: 0.0000, loss: 0.7903
2026-09-18 13:40:20,871 - mmdet - INFO - Epoch [10][1850/2577]	lr: 1.500e-03, eta: 2:32:28, time: 0.342, data_time: 0.016, memory: 13382, loss_cls: 0.4081, loss_bbox: 0.3804, loss_kps: 0.0000, loss: 0.7885
2026-09-18 13:40:37,793 - mmdet - INFO - Epoch [10][1900/2577]	lr: 1.500e-03, eta: 2:32:11, time: 0.338, data_time: 0.016, memory: 13382, loss_cls: 0.3957, loss_bbox: 0.3691, loss_kps: 0.0000, loss: 0.7648
2026-09-18 13:40:54,832 - mmdet - INFO - Epoch [10][1950/2577]	lr: 1.500e-03, eta: 2:31:53, time: 0.341, data_time: 0.016, memory: 13382, loss_cls: 0.4195, loss_bbox: 0.3721, loss_kps: 0.0000, loss: 0.7917
2026-09-18 13:41:12,144 - mmdet - INFO - Epoch [10][2000/2577]	lr: 1.500e-03, eta: 2:31:36, time: 0.346, data_time: 0.017, memory: 13382, loss_cls: 0.4075, loss_bbox: 0.3806, loss_kps: 0.0000, loss: 0.7881
2026-09-18 13:41:29,265 - mmdet - INFO - Epoch [10][2050/2577]	lr: 1.500e-03, eta: 2:31:19, time: 0.342, data_time: 0.016, memory: 13382, loss_cls: 0.3978, loss_bbox: 0.3809, loss_kps: 0.0000, loss: 0.7787
2026-09-18 13:41:46,472 - mmdet - INFO - Epoch [10][2100/2577]	lr: 1.500e-03, eta: 2:31:01, time: 0.344, data_time: 0.017, memory: 13382, loss_cls: 0.4089, loss_bbox: 0.3916, loss_kps: 0.0000, loss: 0.8005
2026-09-18 13:42:03,557 - mmdet - INFO - Epoch [10][2150/2577]	lr: 1.500e-03, eta: 2:30:44, time: 0.342, data_time: 0.016, memory: 13382, loss_cls: 0.3765, loss_bbox: 0.3768, loss_kps: 0.0000, loss: 0.7534
2026-09-18 13:42:20,578 - mmdet - INFO - Epoch [10][2200/2577]	lr: 1.500e-03, eta: 2:30:26, time: 0.340, data_time: 0.016, memory: 13382, loss_cls: 0.4023, loss_bbox: 0.3828, loss_kps: 0.0000, loss: 0.7851
2026-09-18 13:42:38,272 - mmdet - INFO - Epoch [10][2250/2577]	lr: 1.500e-03, eta: 2:30:10, time: 0.354, data_time: 0.017, memory: 13382, loss_cls: 0.4001, loss_bbox: 0.3882, loss_kps: 0.0000, loss: 0.7882
2026-09-18 13:42:58,508 - mmdet - INFO - Epoch [10][2300/2577]	lr: 1.500e-03, eta: 2:29:55, time: 0.405, data_time: 0.020, memory: 13382, loss_cls: 0.3998, loss_bbox: 0.3757, loss_kps: 0.0000, loss: 0.7755
2026-09-18 13:43:15,228 - mmdet - INFO - Epoch [10][2350/2577]	lr: 1.500e-03, eta: 2:29:38, time: 0.334, data_time: 0.015, memory: 13382, loss_cls: 0.4055, loss_bbox: 0.3838, loss_kps: 0.0000, loss: 0.7893
2026-09-18 13:43:32,214 - mmdet - INFO - Epoch [10][2400/2577]	lr: 1.500e-03, eta: 2:29:20, time: 0.340, data_time: 0.016, memory: 13382, loss_cls: 0.3867, loss_bbox: 0.3709, loss_kps: 0.0000, loss: 0.7576
2026-09-18 13:43:49,124 - mmdet - INFO - Epoch [10][2450/2577]	lr: 1.500e-03, eta: 2:29:02, time: 0.338, data_time: 0.017, memory: 13382, loss_cls: 0.4045, loss_bbox: 0.3864, loss_kps: 0.0000, loss: 0.7908
2026-09-18 13:44:05,897 - mmdet - INFO - Epoch [10][2500/2577]	lr: 1.500e-03, eta: 2:28:45, time: 0.335, data_time: 0.016, memory: 13382, loss_cls: 0.3946, loss_bbox: 0.3726, loss_kps: 0.0000, loss: 0.7672
2026-09-18 13:44:22,671 - mmdet - INFO - Epoch [10][2550/2577]	lr: 1.500e-03, eta: 2:28:27, time: 0.335, data_time: 0.016, memory: 13382, loss_cls: 0.4028, loss_bbox: 0.3705, loss_kps: 0.0000, loss: 0.7733
2026-09-18 13:44:32,428 - mmdet - INFO - Saving checkpoint at 10 epochs
2026-09-18 13:44:57,117 - mmdet - INFO - Epoch [11][50/2577]	lr: 1.500e-03, eta: 2:27:58, time: 0.485, data_time: 0.108, memory: 13382, loss_cls: 0.3791, loss_bbox: 0.3753, loss_kps: 0.0000, loss: 0.7544
2026-09-18 13:45:14,200 - mmdet - INFO - Epoch [11][100/2577]	lr: 1.500e-03, eta: 2:27:41, time: 0.342, data_time: 0.016, memory: 13382, loss_cls: 0.3842, loss_bbox: 0.3700, loss_kps: 0.0000, loss: 0.7542
2026-09-18 13:45:31,836 - mmdet - INFO - Epoch [11][150/2577]	lr: 1.500e-03, eta: 2:27:24, time: 0.353, data_time: 0.016, memory: 13382, loss_cls: 0.3842, loss_bbox: 0.3547, loss_kps: 0.0000, loss: 0.7389
2026-09-18 13:45:49,594 - mmdet - INFO - Epoch [11][200/2577]	lr: 1.500e-03, eta: 2:27:07, time: 0.355, data_time: 0.016, memory: 13382, loss_cls: 0.4067, loss_bbox: 0.3889, loss_kps: 0.0000, loss: 0.7956
2026-09-18 13:46:07,373 - mmdet - INFO - Epoch [11][250/2577]	lr: 1.500e-03, eta: 2:26:50, time: 0.356, data_time: 0.017, memory: 13382, loss_cls: 0.4185, loss_bbox: 0.3842, loss_kps: 0.0000, loss: 0.8028
2026-09-18 13:46:25,032 - mmdet - INFO - Epoch [11][300/2577]	lr: 1.500e-03, eta: 2:26:33, time: 0.353, data_time: 0.016, memory: 13382, loss_cls: 0.3956, loss_bbox: 0.3705, loss_kps: 0.0000, loss: 0.7661
2026-09-18 13:46:41,686 - mmdet - INFO - Epoch [11][350/2577]	lr: 1.500e-03, eta: 2:26:15, time: 0.333, data_time: 0.016, memory: 13382, loss_cls: 0.3857, loss_bbox: 0.3642, loss_kps: 0.0000, loss: 0.7499
2026-09-18 13:46:59,081 - mmdet - INFO - Epoch [11][400/2577]	lr: 1.500e-03, eta: 2:25:58, time: 0.348, data_time: 0.018, memory: 13382, loss_cls: 0.3964, loss_bbox: 0.3771, loss_kps: 0.0000, loss: 0.7734
2026-09-18 13:47:16,184 - mmdet - INFO - Epoch [11][450/2577]	lr: 1.500e-03, eta: 2:25:41, time: 0.342, data_time: 0.016, memory: 13382, loss_cls: 0.3944, loss_bbox: 0.3725, loss_kps: 0.0000, loss: 0.7669
2026-09-18 13:47:33,152 - mmdet - INFO - Epoch [11][500/2577]	lr: 1.500e-03, eta: 2:25:23, time: 0.339, data_time: 0.016, memory: 13382, loss_cls: 0.4013, loss_bbox: 0.3754, loss_kps: 0.0000, loss: 0.7767
2026-09-18 13:47:50,948 - mmdet - INFO - Epoch [11][550/2577]	lr: 1.500e-03, eta: 2:25:07, time: 0.356, data_time: 0.017, memory: 13382, loss_cls: 0.3824, loss_bbox: 0.3742, loss_kps: 0.0000, loss: 0.7566
2026-09-18 13:48:08,943 - mmdet - INFO - Epoch [11][600/2577]	lr: 1.500e-03, eta: 2:24:50, time: 0.360, data_time: 0.017, memory: 13382, loss_cls: 0.4063, loss_bbox: 0.3737, loss_kps: 0.0000, loss: 0.7800
2026-09-18 13:48:26,021 - mmdet - INFO - Epoch [11][650/2577]	lr: 1.500e-03, eta: 2:24:33, time: 0.342, data_time: 0.016, memory: 13382, loss_cls: 0.4108, loss_bbox: 0.3750, loss_kps: 0.0000, loss: 0.7858
2026-09-18 13:48:43,063 - mmdet - INFO - Epoch [11][700/2577]	lr: 1.500e-03, eta: 2:24:15, time: 0.341, data_time: 0.016, memory: 13382, loss_cls: 0.3950, loss_bbox: 0.3876, loss_kps: 0.0000, loss: 0.7826
2026-09-18 13:49:00,155 - mmdet - INFO - Epoch [11][750/2577]	lr: 1.500e-03, eta: 2:23:58, time: 0.342, data_time: 0.017, memory: 13382, loss_cls: 0.3937, loss_bbox: 0.3736, loss_kps: 0.0000, loss: 0.7673
2026-09-18 13:49:17,143 - mmdet - INFO - Epoch [11][800/2577]	lr: 1.500e-03, eta: 2:23:40, time: 0.340, data_time: 0.016, memory: 13382, loss_cls: 0.4066, loss_bbox: 0.3846, loss_kps: 0.0000, loss: 0.7913
2026-09-18 13:49:34,467 - mmdet - INFO - Epoch [11][850/2577]	lr: 1.500e-03, eta: 2:23:23, time: 0.342, data_time: 0.016, memory: 13382, loss_cls: 0.3975, loss_bbox: 0.3765, loss_kps: 0.0000, loss: 0.7740
2026-09-18 13:49:51,335 - mmdet - INFO - Epoch [11][900/2577]	lr: 1.500e-03, eta: 2:23:05, time: 0.342, data_time: 0.021, memory: 13382, loss_cls: 0.4061, loss_bbox: 0.3743, loss_kps: 0.0000, loss: 0.7804
2026-09-18 13:50:08,416 - mmdet - INFO - Epoch [11][950/2577]	lr: 1.500e-03, eta: 2:22:48, time: 0.342, data_time: 0.016, memory: 13382, loss_cls: 0.4003, loss_bbox: 0.3785, loss_kps: 0.0000, loss: 0.7787
2026-09-18 13:50:25,275 - mmdet - INFO - Epoch [11][1000/2577]	lr: 1.500e-03, eta: 2:22:30, time: 0.337, data_time: 0.016, memory: 13382, loss_cls: 0.3968, loss_bbox: 0.3753, loss_kps: 0.0000, loss: 0.7721
2026-09-18 13:50:42,473 - mmdet - INFO - Epoch [11][1050/2577]	lr: 1.500e-03, eta: 2:22:13, time: 0.344, data_time: 0.016, memory: 13382, loss_cls: 0.3856, loss_bbox: 0.3756, loss_kps: 0.0000, loss: 0.7612
2026-09-18 13:50:59,419 - mmdet - INFO - Epoch [11][1100/2577]	lr: 1.500e-03, eta: 2:21:55, time: 0.339, data_time: 0.016, memory: 13382, loss_cls: 0.3861, loss_bbox: 0.3858, loss_kps: 0.0000, loss: 0.7719
2026-09-18 13:51:16,539 - mmdet - INFO - Epoch [11][1150/2577]	lr: 1.500e-03, eta: 2:21:38, time: 0.342, data_time: 0.016, memory: 13382, loss_cls: 0.3947, loss_bbox: 0.3817, loss_kps: 0.0000, loss: 0.7764
2026-09-18 13:51:33,365 - mmdet - INFO - Epoch [11][1200/2577]	lr: 1.500e-03, eta: 2:21:20, time: 0.337, data_time: 0.016, memory: 13382, loss_cls: 0.3999, loss_bbox: 0.3822, loss_kps: 0.0000, loss: 0.7821
2026-09-18 13:51:50,389 - mmdet - INFO - Epoch [11][1250/2577]	lr: 1.500e-03, eta: 2:21:03, time: 0.340, data_time: 0.016, memory: 13382, loss_cls: 0.3912, loss_bbox: 0.3682, loss_kps: 0.0000, loss: 0.7594
2026-09-18 13:52:07,386 - mmdet - INFO - Epoch [11][1300/2577]	lr: 1.500e-03, eta: 2:20:45, time: 0.340, data_time: 0.016, memory: 13382, loss_cls: 0.3882, loss_bbox: 0.3813, loss_kps: 0.0000, loss: 0.7695
2026-09-18 13:52:24,096 - mmdet - INFO - Epoch [11][1350/2577]	lr: 1.500e-03, eta: 2:20:28, time: 0.334, data_time: 0.016, memory: 13382, loss_cls: 0.3914, loss_bbox: 0.3880, loss_kps: 0.0000, loss: 0.7794
2026-09-18 13:52:40,867 - mmdet - INFO - Epoch [11][1400/2577]	lr: 1.500e-03, eta: 2:20:10, time: 0.335, data_time: 0.016, memory: 13382, loss_cls: 0.3989, loss_bbox: 0.3791, loss_kps: 0.0000, loss: 0.7780
2026-09-18 13:52:57,731 - mmdet - INFO - Epoch [11][1450/2577]	lr: 1.500e-03, eta: 2:19:52, time: 0.337, data_time: 0.016, memory: 13382, loss_cls: 0.4069, loss_bbox: 0.3774, loss_kps: 0.0000, loss: 0.7843
2026-09-18 13:53:14,719 - mmdet - INFO - Epoch [11][1500/2577]	lr: 1.500e-03, eta: 2:19:35, time: 0.340, data_time: 0.016, memory: 13382, loss_cls: 0.3926, loss_bbox: 0.3856, loss_kps: 0.0000, loss: 0.7782
2026-09-18 13:53:31,957 - mmdet - INFO - Epoch [11][1550/2577]	lr: 1.500e-03, eta: 2:19:18, time: 0.345, data_time: 0.016, memory: 13382, loss_cls: 0.3934, loss_bbox: 0.3808, loss_kps: 0.0000, loss: 0.7742
2026-09-18 13:53:48,918 - mmdet - INFO - Epoch [11][1600/2577]	lr: 1.500e-03, eta: 2:19:00, time: 0.339, data_time: 0.016, memory: 13382, loss_cls: 0.3840, loss_bbox: 0.3734, loss_kps: 0.0000, loss: 0.7574
2026-09-18 13:54:06,071 - mmdet - INFO - Epoch [11][1650/2577]	lr: 1.500e-03, eta: 2:18:43, time: 0.343, data_time: 0.017, memory: 13382, loss_cls: 0.3747, loss_bbox: 0.3742, loss_kps: 0.0000, loss: 0.7489
2026-09-18 13:54:23,184 - mmdet - INFO - Epoch [11][1700/2577]	lr: 1.500e-03, eta: 2:18:25, time: 0.342, data_time: 0.016, memory: 13382, loss_cls: 0.3902, loss_bbox: 0.3713, loss_kps: 0.0000, loss: 0.7615
2026-09-18 13:54:40,289 - mmdet - INFO - Epoch [11][1750/2577]	lr: 1.500e-03, eta: 2:18:08, time: 0.342, data_time: 0.016, memory: 13382, loss_cls: 0.4164, loss_bbox: 0.3713, loss_kps: 0.0000, loss: 0.7877
2026-09-18 13:54:57,409 - mmdet - INFO - Epoch [11][1800/2577]	lr: 1.500e-03, eta: 2:17:51, time: 0.342, data_time: 0.017, memory: 13382, loss_cls: 0.4105, loss_bbox: 0.3807, loss_kps: 0.0000, loss: 0.7913
2026-09-18 13:55:14,570 - mmdet - INFO - Epoch [11][1850/2577]	lr: 1.500e-03, eta: 2:17:33, time: 0.343, data_time: 0.016, memory: 13382, loss_cls: 0.3744, loss_bbox: 0.3695, loss_kps: 0.0000, loss: 0.7439
2026-09-18 13:55:31,758 - mmdet - INFO - Epoch [11][1900/2577]	lr: 1.500e-03, eta: 2:17:16, time: 0.344, data_time: 0.016, memory: 13382, loss_cls: 0.4171, loss_bbox: 0.3988, loss_kps: 0.0000, loss: 0.8159
2026-09-18 13:55:48,634 - mmdet - INFO - Epoch [11][1950/2577]	lr: 1.500e-03, eta: 2:16:58, time: 0.338, data_time: 0.016, memory: 13382, loss_cls: 0.3958, loss_bbox: 0.3761, loss_kps: 0.0000, loss: 0.7719
2026-09-18 13:56:05,719 - mmdet - INFO - Epoch [11][2000/2577]	lr: 1.500e-03, eta: 2:16:41, time: 0.342, data_time: 0.016, memory: 13382, loss_cls: 0.3875, loss_bbox: 0.3836, loss_kps: 0.0000, loss: 0.7712
2026-09-18 13:56:22,694 - mmdet - INFO - Epoch [11][2050/2577]	lr: 1.500e-03, eta: 2:16:23, time: 0.339, data_time: 0.016, memory: 13382, loss_cls: 0.3956, loss_bbox: 0.3759, loss_kps: 0.0000, loss: 0.7715
2026-09-18 13:56:40,203 - mmdet - INFO - Epoch [11][2100/2577]	lr: 1.500e-03, eta: 2:16:06, time: 0.350, data_time: 0.016, memory: 13382, loss_cls: 0.4109, loss_bbox: 0.3859, loss_kps: 0.0000, loss: 0.7968
2026-09-18 13:56:57,134 - mmdet - INFO - Epoch [11][2150/2577]	lr: 1.500e-03, eta: 2:15:49, time: 0.339, data_time: 0.016, memory: 13382, loss_cls: 0.4126, loss_bbox: 0.3919, loss_kps: 0.0000, loss: 0.8044
2026-09-18 13:57:14,017 - mmdet - INFO - Epoch [11][2200/2577]	lr: 1.500e-03, eta: 2:15:31, time: 0.338, data_time: 0.017, memory: 13382, loss_cls: 0.3823, loss_bbox: 0.3754, loss_kps: 0.0000, loss: 0.7578
2026-09-18 13:57:30,862 - mmdet - INFO - Epoch [11][2250/2577]	lr: 1.500e-03, eta: 2:15:14, time: 0.337, data_time: 0.015, memory: 13382, loss_cls: 0.4012, loss_bbox: 0.3748, loss_kps: 0.0000, loss: 0.7761
2026-09-18 13:57:47,794 - mmdet - INFO - Epoch [11][2300/2577]	lr: 1.500e-03, eta: 2:14:56, time: 0.339, data_time: 0.016, memory: 13382, loss_cls: 0.3987, loss_bbox: 0.3838, loss_kps: 0.0000, loss: 0.7824
2026-09-18 13:58:04,514 - mmdet - INFO - Epoch [11][2350/2577]	lr: 1.500e-03, eta: 2:14:39, time: 0.334, data_time: 0.017, memory: 13382, loss_cls: 0.4020, loss_bbox: 0.3897, loss_kps: 0.0000, loss: 0.7917
2026-09-18 13:58:21,417 - mmdet - INFO - Epoch [11][2400/2577]	lr: 1.500e-03, eta: 2:14:21, time: 0.338, data_time: 0.017, memory: 13382, loss_cls: 0.4011, loss_bbox: 0.3856, loss_kps: 0.0000, loss: 0.7867
2026-09-18 13:58:38,341 - mmdet - INFO - Epoch [11][2450/2577]	lr: 1.500e-03, eta: 2:14:03, time: 0.338, data_time: 0.017, memory: 13382, loss_cls: 0.3979, loss_bbox: 0.3703, loss_kps: 0.0000, loss: 0.7682
2026-09-18 13:58:55,348 - mmdet - INFO - Epoch [11][2500/2577]	lr: 1.500e-03, eta: 2:13:46, time: 0.340, data_time: 0.017, memory: 13382, loss_cls: 0.3909, loss_bbox: 0.3753, loss_kps: 0.0000, loss: 0.7662
2026-09-18 13:59:12,620 - mmdet - INFO - Epoch [11][2550/2577]	lr: 1.500e-03, eta: 2:13:29, time: 0.345, data_time: 0.016, memory: 13382, loss_cls: 0.3918, loss_bbox: 0.3780, loss_kps: 0.0000, loss: 0.7698
2026-09-18 13:59:22,425 - mmdet - INFO - Saving checkpoint at 11 epochs
2026-09-18 13:59:47,817 - mmdet - INFO - Epoch [12][50/2577]	lr: 1.500e-03, eta: 2:13:01, time: 0.499, data_time: 0.112, memory: 13382, loss_cls: 0.3733, loss_bbox: 0.3717, loss_kps: 0.0000, loss: 0.7450
2026-09-18 14:00:06,102 - mmdet - INFO - Epoch [12][100/2577]	lr: 1.500e-03, eta: 2:12:45, time: 0.366, data_time: 0.016, memory: 13382, loss_cls: 0.4073, loss_bbox: 0.3801, loss_kps: 0.0000, loss: 0.7873
2026-09-18 14:00:23,678 - mmdet - INFO - Epoch [12][150/2577]	lr: 1.500e-03, eta: 2:12:28, time: 0.352, data_time: 0.016, memory: 13382, loss_cls: 0.3994, loss_bbox: 0.3729, loss_kps: 0.0000, loss: 0.7723
2026-09-18 14:00:41,989 - mmdet - INFO - Epoch [12][200/2577]	lr: 1.500e-03, eta: 2:12:11, time: 0.366, data_time: 0.016, memory: 13382, loss_cls: 0.4018, loss_bbox: 0.3734, loss_kps: 0.0000, loss: 0.7752
2026-09-18 14:01:00,281 - mmdet - INFO - Epoch [12][250/2577]	lr: 1.500e-03, eta: 2:11:55, time: 0.366, data_time: 0.016, memory: 13382, loss_cls: 0.3855, loss_bbox: 0.3718, loss_kps: 0.0000, loss: 0.7573
2026-09-18 14:01:18,158 - mmdet - INFO - Epoch [12][300/2577]	lr: 1.500e-03, eta: 2:11:38, time: 0.358, data_time: 0.016, memory: 13382, loss_cls: 0.3911, loss_bbox: 0.3668, loss_kps: 0.0000, loss: 0.7579
2026-09-18 14:01:35,480 - mmdet - INFO - Epoch [12][350/2577]	lr: 1.500e-03, eta: 2:11:21, time: 0.346, data_time: 0.016, memory: 13382, loss_cls: 0.3938, loss_bbox: 0.3777, loss_kps: 0.0000, loss: 0.7716
2026-09-18 14:01:52,692 - mmdet - INFO - Epoch [12][400/2577]	lr: 1.500e-03, eta: 2:11:04, time: 0.344, data_time: 0.017, memory: 13382, loss_cls: 0.4043, loss_bbox: 0.3828, loss_kps: 0.0000, loss: 0.7871
2026-09-18 14:02:09,749 - mmdet - INFO - Epoch [12][450/2577]	lr: 1.500e-03, eta: 2:10:46, time: 0.341, data_time: 0.016, memory: 13382, loss_cls: 0.3965, loss_bbox: 0.3742, loss_kps: 0.0000, loss: 0.7707
2026-09-18 14:02:26,611 - mmdet - INFO - Epoch [12][500/2577]	lr: 1.500e-03, eta: 2:10:29, time: 0.337, data_time: 0.016, memory: 13382, loss_cls: 0.4141, loss_bbox: 0.3876, loss_kps: 0.0000, loss: 0.8016
2026-09-18 14:02:43,762 - mmdet - INFO - Epoch [12][550/2577]	lr: 1.500e-03, eta: 2:10:11, time: 0.343, data_time: 0.016, memory: 13382, loss_cls: 0.3841, loss_bbox: 0.3746, loss_kps: 0.0000, loss: 0.7588
2026-09-18 14:03:00,856 - mmdet - INFO - Epoch [12][600/2577]	lr: 1.500e-03, eta: 2:09:54, time: 0.342, data_time: 0.016, memory: 13382, loss_cls: 0.3946, loss_bbox: 0.3739, loss_kps: 0.0000, loss: 0.7685
2026-09-18 14:03:17,758 - mmdet - INFO - Epoch [12][650/2577]	lr: 1.500e-03, eta: 2:09:36, time: 0.338, data_time: 0.016, memory: 13382, loss_cls: 0.3968, loss_bbox: 0.3768, loss_kps: 0.0000, loss: 0.7737
2026-09-18 14:03:34,593 - mmdet - INFO - Epoch [12][700/2577]	lr: 1.500e-03, eta: 2:09:19, time: 0.337, data_time: 0.016, memory: 13382, loss_cls: 0.4026, loss_bbox: 0.3858, loss_kps: 0.0000, loss: 0.7884
2026-09-18 14:03:51,597 - mmdet - INFO - Epoch [12][750/2577]	lr: 1.500e-03, eta: 2:09:01, time: 0.340, data_time: 0.017, memory: 13382, loss_cls: 0.4099, loss_bbox: 0.3771, loss_kps: 0.0000, loss: 0.7869
2026-09-18 14:04:08,662 - mmdet - INFO - Epoch [12][800/2577]	lr: 1.500e-03, eta: 2:08:44, time: 0.341, data_time: 0.017, memory: 13382, loss_cls: 0.3834, loss_bbox: 0.3713, loss_kps: 0.0000, loss: 0.7546
2026-09-18 14:04:25,596 - mmdet - INFO - Epoch [12][850/2577]	lr: 1.500e-03, eta: 2:08:26, time: 0.339, data_time: 0.017, memory: 13382, loss_cls: 0.4058, loss_bbox: 0.3717, loss_kps: 0.0000, loss: 0.7775
2026-09-18 14:04:42,882 - mmdet - INFO - Epoch [12][900/2577]	lr: 1.500e-03, eta: 2:08:09, time: 0.346, data_time: 0.017, memory: 13382, loss_cls: 0.3987, loss_bbox: 0.3721, loss_kps: 0.0000, loss: 0.7707
2026-09-18 14:04:59,937 - mmdet - INFO - Epoch [12][950/2577]	lr: 1.500e-03, eta: 2:07:52, time: 0.341, data_time: 0.018, memory: 13382, loss_cls: 0.3947, loss_bbox: 0.3800, loss_kps: 0.0000, loss: 0.7747
2026-09-18 14:05:17,103 - mmdet - INFO - Epoch [12][1000/2577]	lr: 1.500e-03, eta: 2:07:35, time: 0.343, data_time: 0.017, memory: 13382, loss_cls: 0.4099, loss_bbox: 0.3939, loss_kps: 0.0000, loss: 0.8039
2026-09-18 14:05:34,010 - mmdet - INFO - Epoch [12][1050/2577]	lr: 1.500e-03, eta: 2:07:17, time: 0.338, data_time: 0.017, memory: 13382, loss_cls: 0.4045, loss_bbox: 0.3759, loss_kps: 0.0000, loss: 0.7803
2026-09-18 14:05:50,949 - mmdet - INFO - Epoch [12][1100/2577]	lr: 1.500e-03, eta: 2:07:00, time: 0.339, data_time: 0.016, memory: 13382, loss_cls: 0.4007, loss_bbox: 0.3825, loss_kps: 0.0000, loss: 0.7832
2026-09-18 14:06:08,071 - mmdet - INFO - Epoch [12][1150/2577]	lr: 1.500e-03, eta: 2:06:42, time: 0.342, data_time: 0.016, memory: 13382, loss_cls: 0.3962, loss_bbox: 0.3818, loss_kps: 0.0000, loss: 0.7780
2026-09-18 14:06:25,237 - mmdet - INFO - Epoch [12][1200/2577]	lr: 1.500e-03, eta: 2:06:25, time: 0.343, data_time: 0.016, memory: 13382, loss_cls: 0.3948, loss_bbox: 0.3840, loss_kps: 0.0000, loss: 0.7789
2026-09-18 14:06:42,211 - mmdet - INFO - Epoch [12][1250/2577]	lr: 1.500e-03, eta: 2:06:07, time: 0.339, data_time: 0.016, memory: 13382, loss_cls: 0.3820, loss_bbox: 0.3546, loss_kps: 0.0000, loss: 0.7367
2026-09-18 14:06:59,431 - mmdet - INFO - Epoch [12][1300/2577]	lr: 1.500e-03, eta: 2:05:50, time: 0.344, data_time: 0.016, memory: 13382, loss_cls: 0.3891, loss_bbox: 0.3754, loss_kps: 0.0000, loss: 0.7645
2026-09-18 14:07:16,283 - mmdet - INFO - Epoch [12][1350/2577]	lr: 1.500e-03, eta: 2:05:33, time: 0.337, data_time: 0.016, memory: 13382, loss_cls: 0.4016, loss_bbox: 0.3826, loss_kps: 0.0000, loss: 0.7842
2026-09-18 14:07:33,214 - mmdet - INFO - Epoch [12][1400/2577]	lr: 1.500e-03, eta: 2:05:15, time: 0.339, data_time: 0.016, memory: 13382, loss_cls: 0.3898, loss_bbox: 0.3715, loss_kps: 0.0000, loss: 0.7613
2026-09-18 14:07:50,199 - mmdet - INFO - Epoch [12][1450/2577]	lr: 1.500e-03, eta: 2:04:58, time: 0.340, data_time: 0.016, memory: 13382, loss_cls: 0.3823, loss_bbox: 0.3612, loss_kps: 0.0000, loss: 0.7434
2026-09-18 14:08:07,432 - mmdet - INFO - Epoch [12][1500/2577]	lr: 1.500e-03, eta: 2:04:41, time: 0.345, data_time: 0.016, memory: 13382, loss_cls: 0.3815, loss_bbox: 0.3621, loss_kps: 0.0000, loss: 0.7436
2026-09-18 14:08:24,345 - mmdet - INFO - Epoch [12][1550/2577]	lr: 1.500e-03, eta: 2:04:23, time: 0.338, data_time: 0.016, memory: 13382, loss_cls: 0.3888, loss_bbox: 0.3795, loss_kps: 0.0000, loss: 0.7682
2026-09-18 14:08:41,261 - mmdet - INFO - Epoch [12][1600/2577]	lr: 1.500e-03, eta: 2:04:06, time: 0.338, data_time: 0.016, memory: 13382, loss_cls: 0.3929, loss_bbox: 0.3794, loss_kps: 0.0000, loss: 0.7723
2026-09-18 14:08:58,111 - mmdet - INFO - Epoch [12][1650/2577]	lr: 1.500e-03, eta: 2:03:48, time: 0.337, data_time: 0.016, memory: 13382, loss_cls: 0.3857, loss_bbox: 0.3719, loss_kps: 0.0000, loss: 0.7577
2026-09-18 14:09:15,139 - mmdet - INFO - Epoch [12][1700/2577]	lr: 1.500e-03, eta: 2:03:31, time: 0.341, data_time: 0.016, memory: 13382, loss_cls: 0.3894, loss_bbox: 0.3694, loss_kps: 0.0000, loss: 0.7588
2026-09-18 14:09:32,244 - mmdet - INFO - Epoch [12][1750/2577]	lr: 1.500e-03, eta: 2:03:13, time: 0.342, data_time: 0.017, memory: 13382, loss_cls: 0.3927, loss_bbox: 0.3741, loss_kps: 0.0000, loss: 0.7668
2026-09-18 14:09:49,153 - mmdet - INFO - Epoch [12][1800/2577]	lr: 1.500e-03, eta: 2:02:56, time: 0.338, data_time: 0.016, memory: 13382, loss_cls: 0.4011, loss_bbox: 0.3891, loss_kps: 0.0000, loss: 0.7902
2026-09-18 14:10:06,107 - mmdet - INFO - Epoch [12][1850/2577]	lr: 1.500e-03, eta: 2:02:38, time: 0.339, data_time: 0.016, memory: 13382, loss_cls: 0.4134, loss_bbox: 0.3935, loss_kps: 0.0000, loss: 0.8068
2026-09-18 14:10:23,197 - mmdet - INFO - Epoch [12][1900/2577]	lr: 1.500e-03, eta: 2:02:21, time: 0.342, data_time: 0.017, memory: 13382, loss_cls: 0.3914, loss_bbox: 0.3784, loss_kps: 0.0000, loss: 0.7697
2026-09-18 14:10:40,324 - mmdet - INFO - Epoch [12][1950/2577]	lr: 1.500e-03, eta: 2:02:04, time: 0.343, data_time: 0.016, memory: 13382, loss_cls: 0.4195, loss_bbox: 0.3861, loss_kps: 0.0000, loss: 0.8056
2026-09-18 14:10:57,960 - mmdet - INFO - Epoch [12][2000/2577]	lr: 1.500e-03, eta: 2:01:47, time: 0.353, data_time: 0.016, memory: 13382, loss_cls: 0.4019, loss_bbox: 0.3718, loss_kps: 0.0000, loss: 0.7737
2026-09-18 14:11:14,800 - mmdet - INFO - Epoch [12][2050/2577]	lr: 1.500e-03, eta: 2:01:29, time: 0.337, data_time: 0.016, memory: 13382, loss_cls: 0.3857, loss_bbox: 0.3762, loss_kps: 0.0000, loss: 0.7619
2026-09-18 14:11:31,866 - mmdet - INFO - Epoch [12][2100/2577]	lr: 1.500e-03, eta: 2:01:12, time: 0.341, data_time: 0.015, memory: 13382, loss_cls: 0.3920, loss_bbox: 0.4002, loss_kps: 0.0000, loss: 0.7923
2026-09-18 14:11:48,788 - mmdet - INFO - Epoch [12][2150/2577]	lr: 1.500e-03, eta: 2:00:54, time: 0.338, data_time: 0.017, memory: 13382, loss_cls: 0.3875, loss_bbox: 0.3787, loss_kps: 0.0000, loss: 0.7663
2026-09-18 14:12:05,763 - mmdet - INFO - Epoch [12][2200/2577]	lr: 1.500e-03, eta: 2:00:37, time: 0.339, data_time: 0.016, memory: 13382, loss_cls: 0.4170, loss_bbox: 0.3884, loss_kps: 0.0000, loss: 0.8054
2026-09-18 14:12:22,520 - mmdet - INFO - Epoch [12][2250/2577]	lr: 1.500e-03, eta: 2:00:19, time: 0.335, data_time: 0.016, memory: 13382, loss_cls: 0.3783, loss_bbox: 0.3683, loss_kps: 0.0000, loss: 0.7466
2026-09-18 14:12:39,535 - mmdet - INFO - Epoch [12][2300/2577]	lr: 1.500e-03, eta: 2:00:02, time: 0.340, data_time: 0.016, memory: 13382, loss_cls: 0.3954, loss_bbox: 0.3661, loss_kps: 0.0000, loss: 0.7615
2026-09-18 14:12:56,563 - mmdet - INFO - Epoch [12][2350/2577]	lr: 1.500e-03, eta: 1:59:45, time: 0.341, data_time: 0.016, memory: 13382, loss_cls: 0.4083, loss_bbox: 0.3831, loss_kps: 0.0000, loss: 0.7914
2026-09-18 14:13:13,294 - mmdet - INFO - Epoch [12][2400/2577]	lr: 1.500e-03, eta: 1:59:27, time: 0.335, data_time: 0.016, memory: 13382, loss_cls: 0.3839, loss_bbox: 0.3755, loss_kps: 0.0000, loss: 0.7594
2026-09-18 14:13:30,444 - mmdet - INFO - Epoch [12][2450/2577]	lr: 1.500e-03, eta: 1:59:10, time: 0.343, data_time: 0.016, memory: 13382, loss_cls: 0.3910, loss_bbox: 0.3794, loss_kps: 0.0000, loss: 0.7704
2026-09-18 14:13:47,776 - mmdet - INFO - Epoch [12][2500/2577]	lr: 1.500e-03, eta: 1:58:53, time: 0.347, data_time: 0.017, memory: 13382, loss_cls: 0.3995, loss_bbox: 0.3718, loss_kps: 0.0000, loss: 0.7713
2026-09-18 14:14:05,236 - mmdet - INFO - Epoch [12][2550/2577]	lr: 1.500e-03, eta: 1:58:36, time: 0.349, data_time: 0.016, memory: 13382, loss_cls: 0.3791, loss_bbox: 0.3670, loss_kps: 0.0000, loss: 0.7461
2026-09-18 14:14:14,937 - mmdet - INFO - Saving checkpoint at 12 epochs
2026-09-18 14:14:39,026 - mmdet - INFO - Epoch [13][50/2577]	lr: 1.500e-03, eta: 1:58:07, time: 0.473, data_time: 0.111, memory: 13382, loss_cls: 0.3879, loss_bbox: 0.3797, loss_kps: 0.0000, loss: 0.7675
2026-09-18 14:14:56,658 - mmdet - INFO - Epoch [13][100/2577]	lr: 1.500e-03, eta: 1:57:50, time: 0.353, data_time: 0.017, memory: 13382, loss_cls: 0.3825, loss_bbox: 0.3633, loss_kps: 0.0000, loss: 0.7458
2026-09-18 14:15:14,287 - mmdet - INFO - Epoch [13][150/2577]	lr: 1.500e-03, eta: 1:57:33, time: 0.353, data_time: 0.017, memory: 13382, loss_cls: 0.3782, loss_bbox: 0.3576, loss_kps: 0.0000, loss: 0.7358
2026-09-18 14:15:31,551 - mmdet - INFO - Epoch [13][200/2577]	lr: 1.500e-03, eta: 1:57:16, time: 0.345, data_time: 0.016, memory: 13382, loss_cls: 0.3871, loss_bbox: 0.3751, loss_kps: 0.0000, loss: 0.7622
2026-09-18 14:15:48,585 - mmdet - INFO - Epoch [13][250/2577]	lr: 1.500e-03, eta: 1:56:59, time: 0.341, data_time: 0.016, memory: 13382, loss_cls: 0.3982, loss_bbox: 0.3821, loss_kps: 0.0000, loss: 0.7803
2026-09-18 14:16:05,719 - mmdet - INFO - Epoch [13][300/2577]	lr: 1.500e-03, eta: 1:56:41, time: 0.343, data_time: 0.016, memory: 13382, loss_cls: 0.3694, loss_bbox: 0.3585, loss_kps: 0.0000, loss: 0.7279
2026-09-18 14:16:22,643 - mmdet - INFO - Epoch [13][350/2577]	lr: 1.500e-03, eta: 1:56:24, time: 0.338, data_time: 0.017, memory: 13382, loss_cls: 0.3774, loss_bbox: 0.3721, loss_kps: 0.0000, loss: 0.7495
2026-09-18 14:16:39,927 - mmdet - INFO - Epoch [13][400/2577]	lr: 1.500e-03, eta: 1:56:07, time: 0.346, data_time: 0.016, memory: 13382, loss_cls: 0.3897, loss_bbox: 0.3803, loss_kps: 0.0000, loss: 0.7699
2026-09-18 14:16:56,850 - mmdet - INFO - Epoch [13][450/2577]	lr: 1.500e-03, eta: 1:55:49, time: 0.338, data_time: 0.016, memory: 13382, loss_cls: 0.3722, loss_bbox: 0.3768, loss_kps: 0.0000, loss: 0.7490
2026-09-18 14:17:13,738 - mmdet - INFO - Epoch [13][500/2577]	lr: 1.500e-03, eta: 1:55:32, time: 0.338, data_time: 0.017, memory: 13382, loss_cls: 0.4066, loss_bbox: 0.3825, loss_kps: 0.0000, loss: 0.7892
2026-09-18 14:17:30,939 - mmdet - INFO - Epoch [13][550/2577]	lr: 1.500e-03, eta: 1:55:14, time: 0.344, data_time: 0.018, memory: 13382, loss_cls: 0.3845, loss_bbox: 0.3694, loss_kps: 0.0000, loss: 0.7540
2026-09-18 14:17:47,905 - mmdet - INFO - Epoch [13][600/2577]	lr: 1.500e-03, eta: 1:54:57, time: 0.339, data_time: 0.017, memory: 13382, loss_cls: 0.3892, loss_bbox: 0.3736, loss_kps: 0.0000, loss: 0.7628
2026-09-18 14:18:04,864 - mmdet - INFO - Epoch [13][650/2577]	lr: 1.500e-03, eta: 1:54:40, time: 0.339, data_time: 0.017, memory: 13382, loss_cls: 0.4002, loss_bbox: 0.3826, loss_kps: 0.0000, loss: 0.7828
2026-09-18 14:18:21,960 - mmdet - INFO - Epoch [13][700/2577]	lr: 1.500e-03, eta: 1:54:22, time: 0.342, data_time: 0.017, memory: 13382, loss_cls: 0.3925, loss_bbox: 0.3797, loss_kps: 0.0000, loss: 0.7722
2026-09-18 14:18:39,250 - mmdet - INFO - Epoch [13][750/2577]	lr: 1.500e-03, eta: 1:54:05, time: 0.346, data_time: 0.017, memory: 13382, loss_cls: 0.3889, loss_bbox: 0.3690, loss_kps: 0.0000, loss: 0.7579
2026-09-18 14:18:56,393 - mmdet - INFO - Epoch [13][800/2577]	lr: 1.500e-03, eta: 1:53:48, time: 0.343, data_time: 0.017, memory: 13382, loss_cls: 0.3696, loss_bbox: 0.3679, loss_kps: 0.0000, loss: 0.7375
2026-09-18 14:19:13,738 - mmdet - INFO - Epoch [13][850/2577]	lr: 1.500e-03, eta: 1:53:31, time: 0.347, data_time: 0.017, memory: 13382, loss_cls: 0.3969, loss_bbox: 0.3675, loss_kps: 0.0000, loss: 0.7644
2026-09-18 14:19:30,576 - mmdet - INFO - Epoch [13][900/2577]	lr: 1.500e-03, eta: 1:53:13, time: 0.337, data_time: 0.016, memory: 13382, loss_cls: 0.3961, loss_bbox: 0.3901, loss_kps: 0.0000, loss: 0.7863
2026-09-18 14:19:48,137 - mmdet - INFO - Epoch [13][950/2577]	lr: 1.500e-03, eta: 1:52:56, time: 0.351, data_time: 0.018, memory: 13382, loss_cls: 0.4037, loss_bbox: 0.3854, loss_kps: 0.0000, loss: 0.7891
2026-09-18 14:20:05,204 - mmdet - INFO - Epoch [13][1000/2577]	lr: 1.500e-03, eta: 1:52:39, time: 0.341, data_time: 0.016, memory: 13382, loss_cls: 0.4084, loss_bbox: 0.3800, loss_kps: 0.0000, loss: 0.7884
2026-09-18 14:20:22,210 - mmdet - INFO - Epoch [13][1050/2577]	lr: 1.500e-03, eta: 1:52:22, time: 0.340, data_time: 0.017, memory: 13382, loss_cls: 0.3908, loss_bbox: 0.3646, loss_kps: 0.0000, loss: 0.7554
2026-09-18 14:20:39,296 - mmdet - INFO - Epoch [13][1100/2577]	lr: 1.500e-03, eta: 1:52:04, time: 0.342, data_time: 0.017, memory: 13382, loss_cls: 0.3893, loss_bbox: 0.3842, loss_kps: 0.0000, loss: 0.7735
2026-09-18 14:20:56,181 - mmdet - INFO - Epoch [13][1150/2577]	lr: 1.500e-03, eta: 1:51:47, time: 0.338, data_time: 0.017, memory: 13382, loss_cls: 0.3858, loss_bbox: 0.3780, loss_kps: 0.0000, loss: 0.7638
2026-09-18 14:21:13,448 - mmdet - INFO - Epoch [13][1200/2577]	lr: 1.500e-03, eta: 1:51:30, time: 0.345, data_time: 0.017, memory: 13382, loss_cls: 0.3942, loss_bbox: 0.3708, loss_kps: 0.0000, loss: 0.7651
2026-09-18 14:21:31,128 - mmdet - INFO - Epoch [13][1250/2577]	lr: 1.500e-03, eta: 1:51:13, time: 0.354, data_time: 0.018, memory: 13382, loss_cls: 0.3798, loss_bbox: 0.3711, loss_kps: 0.0000, loss: 0.7509
2026-09-18 14:21:48,137 - mmdet - INFO - Epoch [13][1300/2577]	lr: 1.500e-03, eta: 1:50:55, time: 0.340, data_time: 0.017, memory: 13382, loss_cls: 0.3946, loss_bbox: 0.3676, loss_kps: 0.0000, loss: 0.7622
2026-09-18 14:22:05,236 - mmdet - INFO - Epoch [13][1350/2577]	lr: 1.500e-03, eta: 1:50:38, time: 0.342, data_time: 0.017, memory: 13382, loss_cls: 0.4086, loss_bbox: 0.3706, loss_kps: 0.0000, loss: 0.7792
2026-09-18 14:22:22,272 - mmdet - INFO - Epoch [13][1400/2577]	lr: 1.500e-03, eta: 1:50:21, time: 0.341, data_time: 0.017, memory: 13382, loss_cls: 0.3940, loss_bbox: 0.3662, loss_kps: 0.0000, loss: 0.7601
2026-09-18 14:22:39,598 - mmdet - INFO - Epoch [13][1450/2577]	lr: 1.500e-03, eta: 1:50:03, time: 0.346, data_time: 0.018, memory: 13382, loss_cls: 0.3866, loss_bbox: 0.3645, loss_kps: 0.0000, loss: 0.7510
2026-09-18 14:22:56,721 - mmdet - INFO - Epoch [13][1500/2577]	lr: 1.500e-03, eta: 1:49:46, time: 0.342, data_time: 0.016, memory: 13382, loss_cls: 0.3956, loss_bbox: 0.3807, loss_kps: 0.0000, loss: 0.7763
2026-09-18 14:23:13,848 - mmdet - INFO - Epoch [13][1550/2577]	lr: 1.500e-03, eta: 1:49:29, time: 0.343, data_time: 0.018, memory: 13382, loss_cls: 0.4060, loss_bbox: 0.3933, loss_kps: 0.0000, loss: 0.7993
2026-09-18 14:23:31,381 - mmdet - INFO - Epoch [13][1600/2577]	lr: 1.500e-03, eta: 1:49:12, time: 0.351, data_time: 0.018, memory: 13382, loss_cls: 0.3806, loss_bbox: 0.3640, loss_kps: 0.0000, loss: 0.7446
2026-09-18 14:23:48,264 - mmdet - INFO - Epoch [13][1650/2577]	lr: 1.500e-03, eta: 1:48:54, time: 0.338, data_time: 0.017, memory: 13382, loss_cls: 0.3981, loss_bbox: 0.3757, loss_kps: 0.0000, loss: 0.7738
2026-09-18 14:24:05,702 - mmdet - INFO - Epoch [13][1700/2577]	lr: 1.500e-03, eta: 1:48:37, time: 0.349, data_time: 0.017, memory: 13382, loss_cls: 0.3914, loss_bbox: 0.3765, loss_kps: 0.0000, loss: 0.7679
2026-09-18 14:24:23,227 - mmdet - INFO - Epoch [13][1750/2577]	lr: 1.500e-03, eta: 1:48:20, time: 0.351, data_time: 0.018, memory: 13382, loss_cls: 0.3962, loss_bbox: 0.3826, loss_kps: 0.0000, loss: 0.7787
2026-09-18 14:24:40,998 - mmdet - INFO - Epoch [13][1800/2577]	lr: 1.500e-03, eta: 1:48:03, time: 0.355, data_time: 0.018, memory: 13382, loss_cls: 0.3818, loss_bbox: 0.3800, loss_kps: 0.0000, loss: 0.7617
2026-09-18 14:24:58,800 - mmdet - INFO - Epoch [13][1850/2577]	lr: 1.500e-03, eta: 1:47:46, time: 0.356, data_time: 0.017, memory: 13382, loss_cls: 0.3787, loss_bbox: 0.3760, loss_kps: 0.0000, loss: 0.7547
2026-09-18 14:25:16,000 - mmdet - INFO - Epoch [13][1900/2577]	lr: 1.500e-03, eta: 1:47:29, time: 0.344, data_time: 0.017, memory: 13382, loss_cls: 0.4007, loss_bbox: 0.3693, loss_kps: 0.0000, loss: 0.7701
2026-09-18 14:25:33,114 - mmdet - INFO - Epoch [13][1950/2577]	lr: 1.500e-03, eta: 1:47:12, time: 0.342, data_time: 0.017, memory: 13382, loss_cls: 0.3932, loss_bbox: 0.3829, loss_kps: 0.0000, loss: 0.7761
2026-09-18 14:25:50,431 - mmdet - INFO - Epoch [13][2000/2577]	lr: 1.500e-03, eta: 1:46:55, time: 0.346, data_time: 0.018, memory: 13382, loss_cls: 0.3954, loss_bbox: 0.3720, loss_kps: 0.0000, loss: 0.7674
2026-09-18 14:26:08,030 - mmdet - INFO - Epoch [13][2050/2577]	lr: 1.500e-03, eta: 1:46:38, time: 0.352, data_time: 0.017, memory: 13382, loss_cls: 0.4113, loss_bbox: 0.3671, loss_kps: 0.0000, loss: 0.7784
2026-09-18 14:26:25,266 - mmdet - INFO - Epoch [13][2100/2577]	lr: 1.500e-03, eta: 1:46:20, time: 0.345, data_time: 0.017, memory: 13382, loss_cls: 0.3789, loss_bbox: 0.3746, loss_kps: 0.0000, loss: 0.7535
2026-09-18 14:26:42,911 - mmdet - INFO - Epoch [13][2150/2577]	lr: 1.500e-03, eta: 1:46:03, time: 0.353, data_time: 0.017, memory: 13382, loss_cls: 0.3883, loss_bbox: 0.3832, loss_kps: 0.0000, loss: 0.7715
2026-09-18 14:26:59,636 - mmdet - INFO - Epoch [13][2200/2577]	lr: 1.500e-03, eta: 1:45:46, time: 0.334, data_time: 0.017, memory: 13382, loss_cls: 0.3846, loss_bbox: 0.3685, loss_kps: 0.0000, loss: 0.7531
2026-09-18 14:27:16,668 - mmdet - INFO - Epoch [13][2250/2577]	lr: 1.500e-03, eta: 1:45:29, time: 0.341, data_time: 0.017, memory: 13382, loss_cls: 0.3980, loss_bbox: 0.3727, loss_kps: 0.0000, loss: 0.7707
2026-09-18 14:27:33,783 - mmdet - INFO - Epoch [13][2300/2577]	lr: 1.500e-03, eta: 1:45:11, time: 0.342, data_time: 0.016, memory: 13382, loss_cls: 0.3923, loss_bbox: 0.3662, loss_kps: 0.0000, loss: 0.7585
2026-09-18 14:27:50,773 - mmdet - INFO - Epoch [13][2350/2577]	lr: 1.500e-03, eta: 1:44:54, time: 0.340, data_time: 0.017, memory: 13382, loss_cls: 0.3938, loss_bbox: 0.3810, loss_kps: 0.0000, loss: 0.7748
2026-09-18 14:28:07,737 - mmdet - INFO - Epoch [13][2400/2577]	lr: 1.500e-03, eta: 1:44:37, time: 0.339, data_time: 0.016, memory: 13382, loss_cls: 0.4071, loss_bbox: 0.3824, loss_kps: 0.0000, loss: 0.7895
2026-09-18 14:28:24,612 - mmdet - INFO - Epoch [13][2450/2577]	lr: 1.500e-03, eta: 1:44:19, time: 0.337, data_time: 0.016, memory: 13382, loss_cls: 0.3871, loss_bbox: 0.3679, loss_kps: 0.0000, loss: 0.7549
2026-09-18 14:28:41,735 - mmdet - INFO - Epoch [13][2500/2577]	lr: 1.500e-03, eta: 1:44:02, time: 0.342, data_time: 0.016, memory: 13382, loss_cls: 0.4017, loss_bbox: 0.3883, loss_kps: 0.0000, loss: 0.7900
2026-09-18 14:28:58,974 - mmdet - INFO - Epoch [13][2550/2577]	lr: 1.500e-03, eta: 1:43:45, time: 0.345, data_time: 0.017, memory: 13382, loss_cls: 0.4236, loss_bbox: 0.3924, loss_kps: 0.0000, loss: 0.8160
2026-09-18 14:29:08,584 - mmdet - INFO - Saving checkpoint at 13 epochs
2026-09-18 14:29:32,639 - mmdet - INFO - Epoch [14][50/2577]	lr: 1.500e-03, eta: 1:43:17, time: 0.472, data_time: 0.110, memory: 13382, loss_cls: 0.3830, loss_bbox: 0.3685, loss_kps: 0.0000, loss: 0.7515
2026-09-18 14:29:49,633 - mmdet - INFO - Epoch [14][100/2577]	lr: 1.500e-03, eta: 1:42:59, time: 0.340, data_time: 0.017, memory: 13382, loss_cls: 0.3950, loss_bbox: 0.3687, loss_kps: 0.0000, loss: 0.7638
2026-09-18 14:30:06,519 - mmdet - INFO - Epoch [14][150/2577]	lr: 1.500e-03, eta: 1:42:42, time: 0.338, data_time: 0.016, memory: 13382, loss_cls: 0.3843, loss_bbox: 0.3762, loss_kps: 0.0000, loss: 0.7605
2026-09-18 14:30:23,517 - mmdet - INFO - Epoch [14][200/2577]	lr: 1.500e-03, eta: 1:42:24, time: 0.340, data_time: 0.016, memory: 13382, loss_cls: 0.3910, loss_bbox: 0.3783, loss_kps: 0.0000, loss: 0.7693
2026-09-18 14:30:40,517 - mmdet - INFO - Epoch [14][250/2577]	lr: 1.500e-03, eta: 1:42:07, time: 0.340, data_time: 0.017, memory: 13382, loss_cls: 0.3839, loss_bbox: 0.3753, loss_kps: 0.0000, loss: 0.7592
2026-09-18 14:30:57,792 - mmdet - INFO - Epoch [14][300/2577]	lr: 1.500e-03, eta: 1:41:50, time: 0.345, data_time: 0.017, memory: 13382, loss_cls: 0.3842, loss_bbox: 0.3688, loss_kps: 0.0000, loss: 0.7530
2026-09-18 14:31:15,303 - mmdet - INFO - Epoch [14][350/2577]	lr: 1.500e-03, eta: 1:41:33, time: 0.350, data_time: 0.017, memory: 13382, loss_cls: 0.3772, loss_bbox: 0.3734, loss_kps: 0.0000, loss: 0.7506
2026-09-18 14:31:32,416 - mmdet - INFO - Epoch [14][400/2577]	lr: 1.500e-03, eta: 1:41:16, time: 0.342, data_time: 0.016, memory: 13382, loss_cls: 0.4005, loss_bbox: 0.3657, loss_kps: 0.0000, loss: 0.7661
2026-09-18 14:31:49,472 - mmdet - INFO - Epoch [14][450/2577]	lr: 1.500e-03, eta: 1:40:58, time: 0.341, data_time: 0.017, memory: 13382, loss_cls: 0.4019, loss_bbox: 0.3852, loss_kps: 0.0000, loss: 0.7872
2026-09-18 14:32:06,637 - mmdet - INFO - Epoch [14][500/2577]	lr: 1.500e-03, eta: 1:40:41, time: 0.343, data_time: 0.017, memory: 13382, loss_cls: 0.4090, loss_bbox: 0.3793, loss_kps: 0.0000, loss: 0.7882
2026-09-18 14:32:24,179 - mmdet - INFO - Epoch [14][550/2577]	lr: 1.500e-03, eta: 1:40:24, time: 0.351, data_time: 0.016, memory: 13382, loss_cls: 0.3997, loss_bbox: 0.3766, loss_kps: 0.0000, loss: 0.7763
2026-09-18 14:32:41,437 - mmdet - INFO - Epoch [14][600/2577]	lr: 1.500e-03, eta: 1:40:07, time: 0.345, data_time: 0.016, memory: 13382, loss_cls: 0.3754, loss_bbox: 0.3706, loss_kps: 0.0000, loss: 0.7459
2026-09-18 14:32:58,754 - mmdet - INFO - Epoch [14][650/2577]	lr: 1.500e-03, eta: 1:39:50, time: 0.346, data_time: 0.016, memory: 13382, loss_cls: 0.3810, loss_bbox: 0.3725, loss_kps: 0.0000, loss: 0.7535
2026-09-18 14:33:16,229 - mmdet - INFO - Epoch [14][700/2577]	lr: 1.500e-03, eta: 1:39:32, time: 0.349, data_time: 0.017, memory: 13382, loss_cls: 0.3808, loss_bbox: 0.3659, loss_kps: 0.0000, loss: 0.7467
2026-09-18 14:33:33,376 - mmdet - INFO - Epoch [14][750/2577]	lr: 1.500e-03, eta: 1:39:15, time: 0.343, data_time: 0.017, memory: 13382, loss_cls: 0.3820, loss_bbox: 0.3787, loss_kps: 0.0000, loss: 0.7607
2026-09-18 14:33:50,648 - mmdet - INFO - Epoch [14][800/2577]	lr: 1.500e-03, eta: 1:38:58, time: 0.345, data_time: 0.016, memory: 13382, loss_cls: 0.3907, loss_bbox: 0.3636, loss_kps: 0.0000, loss: 0.7543
2026-09-18 14:34:07,918 - mmdet - INFO - Epoch [14][850/2577]	lr: 1.500e-03, eta: 1:38:41, time: 0.345, data_time: 0.016, memory: 13382, loss_cls: 0.3809, loss_bbox: 0.3750, loss_kps: 0.0000, loss: 0.7559
2026-09-18 14:34:25,052 - mmdet - INFO - Epoch [14][900/2577]	lr: 1.500e-03, eta: 1:38:23, time: 0.343, data_time: 0.016, memory: 13382, loss_cls: 0.3687, loss_bbox: 0.3657, loss_kps: 0.0000, loss: 0.7344
2026-09-18 14:34:42,350 - mmdet - INFO - Epoch [14][950/2577]	lr: 1.500e-03, eta: 1:38:06, time: 0.346, data_time: 0.016, memory: 13382, loss_cls: 0.4205, loss_bbox: 0.3736, loss_kps: 0.0000, loss: 0.7942
2026-09-18 14:34:59,463 - mmdet - INFO - Epoch [14][1000/2577]	lr: 1.500e-03, eta: 1:37:49, time: 0.342, data_time: 0.016, memory: 13382, loss_cls: 0.3870, loss_bbox: 0.3637, loss_kps: 0.0000, loss: 0.7507
2026-09-18 14:35:16,646 - mmdet - INFO - Epoch [14][1050/2577]	lr: 1.500e-03, eta: 1:37:32, time: 0.344, data_time: 0.016, memory: 13382, loss_cls: 0.3842, loss_bbox: 0.3717, loss_kps: 0.0000, loss: 0.7559
2026-09-18 14:35:33,801 - mmdet - INFO - Epoch [14][1100/2577]	lr: 1.500e-03, eta: 1:37:15, time: 0.343, data_time: 0.016, memory: 13382, loss_cls: 0.3973, loss_bbox: 0.3689, loss_kps: 0.0000, loss: 0.7662
2026-09-18 14:35:50,985 - mmdet - INFO - Epoch [14][1150/2577]	lr: 1.500e-03, eta: 1:36:57, time: 0.344, data_time: 0.017, memory: 13382, loss_cls: 0.3998, loss_bbox: 0.3736, loss_kps: 0.0000, loss: 0.7734
2026-09-18 14:36:08,119 - mmdet - INFO - Epoch [14][1200/2577]	lr: 1.500e-03, eta: 1:36:40, time: 0.343, data_time: 0.016, memory: 13382, loss_cls: 0.3921, loss_bbox: 0.3687, loss_kps: 0.0000, loss: 0.7608
2026-09-18 14:36:25,216 - mmdet - INFO - Epoch [14][1250/2577]	lr: 1.500e-03, eta: 1:36:23, time: 0.342, data_time: 0.016, memory: 13382, loss_cls: 0.3821, loss_bbox: 0.3777, loss_kps: 0.0000, loss: 0.7598
2026-09-18 14:36:42,573 - mmdet - INFO - Epoch [14][1300/2577]	lr: 1.500e-03, eta: 1:36:06, time: 0.347, data_time: 0.017, memory: 13382, loss_cls: 0.3866, loss_bbox: 0.3763, loss_kps: 0.0000, loss: 0.7629
2026-09-18 14:36:59,747 - mmdet - INFO - Epoch [14][1350/2577]	lr: 1.500e-03, eta: 1:35:48, time: 0.343, data_time: 0.016, memory: 13382, loss_cls: 0.3700, loss_bbox: 0.3678, loss_kps: 0.0000, loss: 0.7378
2026-09-18 14:37:16,922 - mmdet - INFO - Epoch [14][1400/2577]	lr: 1.500e-03, eta: 1:35:31, time: 0.343, data_time: 0.016, memory: 13382, loss_cls: 0.3963, loss_bbox: 0.3786, loss_kps: 0.0000, loss: 0.7749
2026-09-18 14:37:34,129 - mmdet - INFO - Epoch [14][1450/2577]	lr: 1.500e-03, eta: 1:35:14, time: 0.344, data_time: 0.016, memory: 13382, loss_cls: 0.3996, loss_bbox: 0.3863, loss_kps: 0.0000, loss: 0.7859
2026-09-18 14:37:51,122 - mmdet - INFO - Epoch [14][1500/2577]	lr: 1.500e-03, eta: 1:34:57, time: 0.340, data_time: 0.017, memory: 13382, loss_cls: 0.4027, loss_bbox: 0.3897, loss_kps: 0.0000, loss: 0.7923
2026-09-18 14:38:08,393 - mmdet - INFO - Epoch [14][1550/2577]	lr: 1.500e-03, eta: 1:34:39, time: 0.345, data_time: 0.016, memory: 13382, loss_cls: 0.4056, loss_bbox: 0.3760, loss_kps: 0.0000, loss: 0.7816
2026-09-18 14:38:25,714 - mmdet - INFO - Epoch [14][1600/2577]	lr: 1.500e-03, eta: 1:34:22, time: 0.346, data_time: 0.016, memory: 13382, loss_cls: 0.3823, loss_bbox: 0.3708, loss_kps: 0.0000, loss: 0.7530
2026-09-18 14:38:42,839 - mmdet - INFO - Epoch [14][1650/2577]	lr: 1.500e-03, eta: 1:34:05, time: 0.342, data_time: 0.016, memory: 13382, loss_cls: 0.4096, loss_bbox: 0.3804, loss_kps: 0.0000, loss: 0.7900
2026-09-18 14:39:00,024 - mmdet - INFO - Epoch [14][1700/2577]	lr: 1.500e-03, eta: 1:33:48, time: 0.344, data_time: 0.016, memory: 13382, loss_cls: 0.3752, loss_bbox: 0.3666, loss_kps: 0.0000, loss: 0.7419
2026-09-18 14:39:16,963 - mmdet - INFO - Epoch [14][1750/2577]	lr: 1.500e-03, eta: 1:33:30, time: 0.339, data_time: 0.016, memory: 13382, loss_cls: 0.3786, loss_bbox: 0.3590, loss_kps: 0.0000, loss: 0.7376
2026-09-18 14:39:34,137 - mmdet - INFO - Epoch [14][1800/2577]	lr: 1.500e-03, eta: 1:33:13, time: 0.343, data_time: 0.016, memory: 13382, loss_cls: 0.3931, loss_bbox: 0.3728, loss_kps: 0.0000, loss: 0.7659
2026-09-18 14:39:51,437 - mmdet - INFO - Epoch [14][1850/2577]	lr: 1.500e-03, eta: 1:32:56, time: 0.346, data_time: 0.017, memory: 13382, loss_cls: 0.4121, loss_bbox: 0.3792, loss_kps: 0.0000, loss: 0.7913
2026-09-18 14:40:08,440 - mmdet - INFO - Epoch [14][1900/2577]	lr: 1.500e-03, eta: 1:32:39, time: 0.340, data_time: 0.016, memory: 13382, loss_cls: 0.3902, loss_bbox: 0.3689, loss_kps: 0.0000, loss: 0.7591
2026-09-18 14:40:25,458 - mmdet - INFO - Epoch [14][1950/2577]	lr: 1.500e-03, eta: 1:32:21, time: 0.340, data_time: 0.016, memory: 13382, loss_cls: 0.4016, loss_bbox: 0.3910, loss_kps: 0.0000, loss: 0.7926
2026-09-18 14:40:42,694 - mmdet - INFO - Epoch [14][2000/2577]	lr: 1.500e-03, eta: 1:32:04, time: 0.345, data_time: 0.016, memory: 13382, loss_cls: 0.3836, loss_bbox: 0.3552, loss_kps: 0.0000, loss: 0.7388
2026-09-18 14:40:59,797 - mmdet - INFO - Epoch [14][2050/2577]	lr: 1.500e-03, eta: 1:31:47, time: 0.342, data_time: 0.016, memory: 13382, loss_cls: 0.3948, loss_bbox: 0.3790, loss_kps: 0.0000, loss: 0.7739
2026-09-18 14:41:16,900 - mmdet - INFO - Epoch [14][2100/2577]	lr: 1.500e-03, eta: 1:31:29, time: 0.342, data_time: 0.016, memory: 13382, loss_cls: 0.3778, loss_bbox: 0.3653, loss_kps: 0.0000, loss: 0.7431
2026-09-18 14:41:33,985 - mmdet - INFO - Epoch [14][2150/2577]	lr: 1.500e-03, eta: 1:31:12, time: 0.342, data_time: 0.016, memory: 13382, loss_cls: 0.3758, loss_bbox: 0.3682, loss_kps: 0.0000, loss: 0.7441
2026-09-18 14:41:51,027 - mmdet - INFO - Epoch [14][2200/2577]	lr: 1.500e-03, eta: 1:30:55, time: 0.341, data_time: 0.016, memory: 13382, loss_cls: 0.3855, loss_bbox: 0.3735, loss_kps: 0.0000, loss: 0.7590
2026-09-18 14:42:08,167 - mmdet - INFO - Epoch [14][2250/2577]	lr: 1.500e-03, eta: 1:30:38, time: 0.343, data_time: 0.017, memory: 13382, loss_cls: 0.4096, loss_bbox: 0.3824, loss_kps: 0.0000, loss: 0.7920
2026-09-18 14:42:25,300 - mmdet - INFO - Epoch [14][2300/2577]	lr: 1.500e-03, eta: 1:30:20, time: 0.343, data_time: 0.016, memory: 13382, loss_cls: 0.4000, loss_bbox: 0.3784, loss_kps: 0.0000, loss: 0.7785
2026-09-18 14:42:42,429 - mmdet - INFO - Epoch [14][2350/2577]	lr: 1.500e-03, eta: 1:30:03, time: 0.343, data_time: 0.016, memory: 13382, loss_cls: 0.3854, loss_bbox: 0.3648, loss_kps: 0.0000, loss: 0.7502
2026-09-18 14:42:59,844 - mmdet - INFO - Epoch [14][2400/2577]	lr: 1.500e-03, eta: 1:29:46, time: 0.348, data_time: 0.016, memory: 13382, loss_cls: 0.4155, loss_bbox: 0.3879, loss_kps: 0.0000, loss: 0.8034
2026-09-18 14:43:17,414 - mmdet - INFO - Epoch [14][2450/2577]	lr: 1.500e-03, eta: 1:29:29, time: 0.351, data_time: 0.016, memory: 13382, loss_cls: 0.4039, loss_bbox: 0.3831, loss_kps: 0.0000, loss: 0.7869
2026-09-18 14:43:34,355 - mmdet - INFO - Epoch [14][2500/2577]	lr: 1.500e-03, eta: 1:29:12, time: 0.339, data_time: 0.016, memory: 13382, loss_cls: 0.3929, loss_bbox: 0.3719, loss_kps: 0.0000, loss: 0.7648
2026-09-18 14:43:51,534 - mmdet - INFO - Epoch [14][2550/2577]	lr: 1.500e-03, eta: 1:28:54, time: 0.344, data_time: 0.016, memory: 13382, loss_cls: 0.3724, loss_bbox: 0.3640, loss_kps: 0.0000, loss: 0.7364
2026-09-18 14:44:01,238 - mmdet - INFO - Saving checkpoint at 14 epochs
2026-09-18 14:44:25,689 - mmdet - INFO - Epoch [15][50/2577]	lr: 1.500e-04, eta: 1:28:27, time: 0.480, data_time: 0.116, memory: 13382, loss_cls: 0.3720, loss_bbox: 0.3667, loss_kps: 0.0000, loss: 0.7387
2026-09-18 14:44:43,067 - mmdet - INFO - Epoch [15][100/2577]	lr: 1.500e-04, eta: 1:28:10, time: 0.348, data_time: 0.016, memory: 13382, loss_cls: 0.3714, loss_bbox: 0.3606, loss_kps: 0.0000, loss: 0.7320
2026-09-18 14:45:00,286 - mmdet - INFO - Epoch [15][150/2577]	lr: 1.500e-04, eta: 1:27:52, time: 0.344, data_time: 0.016, memory: 13382, loss_cls: 0.3737, loss_bbox: 0.3634, loss_kps: 0.0000, loss: 0.7371
2026-09-18 14:45:17,474 - mmdet - INFO - Epoch [15][200/2577]	lr: 1.500e-04, eta: 1:27:35, time: 0.344, data_time: 0.016, memory: 13382, loss_cls: 0.3919, loss_bbox: 0.3662, loss_kps: 0.0000, loss: 0.7582
2026-09-18 14:45:34,661 - mmdet - INFO - Epoch [15][250/2577]	lr: 1.500e-04, eta: 1:27:18, time: 0.344, data_time: 0.016, memory: 13382, loss_cls: 0.3719, loss_bbox: 0.3648, loss_kps: 0.0000, loss: 0.7367
2026-09-18 14:45:51,924 - mmdet - INFO - Epoch [15][300/2577]	lr: 1.500e-04, eta: 1:27:01, time: 0.345, data_time: 0.016, memory: 13382, loss_cls: 0.3709, loss_bbox: 0.3732, loss_kps: 0.0000, loss: 0.7441
2026-09-18 14:46:09,327 - mmdet - INFO - Epoch [15][350/2577]	lr: 1.500e-04, eta: 1:26:44, time: 0.348, data_time: 0.016, memory: 13382, loss_cls: 0.3684, loss_bbox: 0.3677, loss_kps: 0.0000, loss: 0.7362
2026-09-18 14:46:26,582 - mmdet - INFO - Epoch [15][400/2577]	lr: 1.500e-04, eta: 1:26:26, time: 0.345, data_time: 0.016, memory: 13382, loss_cls: 0.3592, loss_bbox: 0.3640, loss_kps: 0.0000, loss: 0.7232
2026-09-18 14:46:43,812 - mmdet - INFO - Epoch [15][450/2577]	lr: 1.500e-04, eta: 1:26:09, time: 0.345, data_time: 0.018, memory: 13382, loss_cls: 0.3638, loss_bbox: 0.3615, loss_kps: 0.0000, loss: 0.7253
2026-09-18 14:47:00,879 - mmdet - INFO - Epoch [15][500/2577]	lr: 1.500e-04, eta: 1:25:52, time: 0.341, data_time: 0.016, memory: 13382, loss_cls: 0.3793, loss_bbox: 0.3681, loss_kps: 0.0000, loss: 0.7474
2026-09-18 14:47:17,992 - mmdet - INFO - Epoch [15][550/2577]	lr: 1.500e-04, eta: 1:25:35, time: 0.342, data_time: 0.016, memory: 13382, loss_cls: 0.3794, loss_bbox: 0.3654, loss_kps: 0.0000, loss: 0.7448
2026-09-18 14:47:35,400 - mmdet - INFO - Epoch [15][600/2577]	lr: 1.500e-04, eta: 1:25:17, time: 0.348, data_time: 0.016, memory: 13382, loss_cls: 0.3665, loss_bbox: 0.3686, loss_kps: 0.0000, loss: 0.7351
2026-09-18 14:47:52,611 - mmdet - INFO - Epoch [15][650/2577]	lr: 1.500e-04, eta: 1:25:00, time: 0.344, data_time: 0.016, memory: 13382, loss_cls: 0.3718, loss_bbox: 0.3718, loss_kps: 0.0000, loss: 0.7436
2026-09-18 14:48:09,738 - mmdet - INFO - Epoch [15][700/2577]	lr: 1.500e-04, eta: 1:24:43, time: 0.343, data_time: 0.017, memory: 13382, loss_cls: 0.3780, loss_bbox: 0.3659, loss_kps: 0.0000, loss: 0.7438
2026-09-18 14:48:27,009 - mmdet - INFO - Epoch [15][750/2577]	lr: 1.500e-04, eta: 1:24:26, time: 0.345, data_time: 0.016, memory: 13382, loss_cls: 0.3563, loss_bbox: 0.3544, loss_kps: 0.0000, loss: 0.7107
2026-09-18 14:48:44,102 - mmdet - INFO - Epoch [15][800/2577]	lr: 1.500e-04, eta: 1:24:08, time: 0.342, data_time: 0.016, memory: 13382, loss_cls: 0.3629, loss_bbox: 0.3613, loss_kps: 0.0000, loss: 0.7242
2026-09-18 14:49:01,125 - mmdet - INFO - Epoch [15][850/2577]	lr: 1.500e-04, eta: 1:23:51, time: 0.340, data_time: 0.017, memory: 13382, loss_cls: 0.4021, loss_bbox: 0.3775, loss_kps: 0.0000, loss: 0.7796
2026-09-18 14:49:18,347 - mmdet - INFO - Epoch [15][900/2577]	lr: 1.500e-04, eta: 1:23:34, time: 0.344, data_time: 0.016, memory: 13382, loss_cls: 0.3631, loss_bbox: 0.3691, loss_kps: 0.0000, loss: 0.7322
2026-09-18 14:49:35,182 - mmdet - INFO - Epoch [15][950/2577]	lr: 1.500e-04, eta: 1:23:17, time: 0.337, data_time: 0.016, memory: 13382, loss_cls: 0.3644, loss_bbox: 0.3492, loss_kps: 0.0000, loss: 0.7136
2026-09-18 14:49:52,374 - mmdet - INFO - Epoch [15][1000/2577]	lr: 1.500e-04, eta: 1:22:59, time: 0.344, data_time: 0.016, memory: 13382, loss_cls: 0.3851, loss_bbox: 0.3742, loss_kps: 0.0000, loss: 0.7593
2026-09-18 14:50:09,424 - mmdet - INFO - Epoch [15][1050/2577]	lr: 1.500e-04, eta: 1:22:42, time: 0.341, data_time: 0.015, memory: 13382, loss_cls: 0.3538, loss_bbox: 0.3611, loss_kps: 0.0000, loss: 0.7149
2026-09-18 14:50:26,560 - mmdet - INFO - Epoch [15][1100/2577]	lr: 1.500e-04, eta: 1:22:25, time: 0.343, data_time: 0.016, memory: 13382, loss_cls: 0.3837, loss_bbox: 0.3685, loss_kps: 0.0000, loss: 0.7522
2026-09-18 14:50:43,557 - mmdet - INFO - Epoch [15][1150/2577]	lr: 1.500e-04, eta: 1:22:08, time: 0.340, data_time: 0.016, memory: 13382, loss_cls: 0.3671, loss_bbox: 0.3556, loss_kps: 0.0000, loss: 0.7228
2026-09-18 14:51:00,750 - mmdet - INFO - Epoch [15][1200/2577]	lr: 1.500e-04, eta: 1:21:50, time: 0.344, data_time: 0.016, memory: 13382, loss_cls: 0.3848, loss_bbox: 0.3645, loss_kps: 0.0000, loss: 0.7493
2026-09-18 14:51:17,939 - mmdet - INFO - Epoch [15][1250/2577]	lr: 1.500e-04, eta: 1:21:33, time: 0.344, data_time: 0.017, memory: 13382, loss_cls: 0.3769, loss_bbox: 0.3614, loss_kps: 0.0000, loss: 0.7383
2026-09-18 14:51:35,289 - mmdet - INFO - Epoch [15][1300/2577]	lr: 1.500e-04, eta: 1:21:16, time: 0.347, data_time: 0.016, memory: 13382, loss_cls: 0.3899, loss_bbox: 0.3735, loss_kps: 0.0000, loss: 0.7635
2026-09-18 14:51:52,254 - mmdet - INFO - Epoch [15][1350/2577]	lr: 1.500e-04, eta: 1:20:59, time: 0.339, data_time: 0.017, memory: 13382, loss_cls: 0.3716, loss_bbox: 0.3643, loss_kps: 0.0000, loss: 0.7359
2026-09-18 14:52:09,131 - mmdet - INFO - Epoch [15][1400/2577]	lr: 1.500e-04, eta: 1:20:41, time: 0.338, data_time: 0.017, memory: 13382, loss_cls: 0.3735, loss_bbox: 0.3689, loss_kps: 0.0000, loss: 0.7423
2026-09-18 14:52:26,594 - mmdet - INFO - Epoch [15][1450/2577]	lr: 1.500e-04, eta: 1:20:24, time: 0.349, data_time: 0.017, memory: 13382, loss_cls: 0.3625, loss_bbox: 0.3500, loss_kps: 0.0000, loss: 0.7125
2026-09-18 14:52:43,879 - mmdet - INFO - Epoch [15][1500/2577]	lr: 1.500e-04, eta: 1:20:07, time: 0.346, data_time: 0.017, memory: 13382, loss_cls: 0.3460, loss_bbox: 0.3543, loss_kps: 0.0000, loss: 0.7003
2026-09-18 14:53:01,018 - mmdet - INFO - Epoch [15][1550/2577]	lr: 1.500e-04, eta: 1:19:50, time: 0.343, data_time: 0.017, memory: 13382, loss_cls: 0.3701, loss_bbox: 0.3632, loss_kps: 0.0000, loss: 0.7333
2026-09-18 14:53:18,179 - mmdet - INFO - Epoch [15][1600/2577]	lr: 1.500e-04, eta: 1:19:32, time: 0.343, data_time: 0.017, memory: 13382, loss_cls: 0.3723, loss_bbox: 0.3733, loss_kps: 0.0000, loss: 0.7456
2026-09-18 14:53:35,257 - mmdet - INFO - Epoch [15][1650/2577]	lr: 1.500e-04, eta: 1:19:15, time: 0.342, data_time: 0.017, memory: 13382, loss_cls: 0.3782, loss_bbox: 0.3554, loss_kps: 0.0000, loss: 0.7337
2026-09-18 14:53:52,482 - mmdet - INFO - Epoch [15][1700/2577]	lr: 1.500e-04, eta: 1:18:58, time: 0.345, data_time: 0.018, memory: 13382, loss_cls: 0.3604, loss_bbox: 0.3520, loss_kps: 0.0000, loss: 0.7124
2026-09-18 14:54:09,527 - mmdet - INFO - Epoch [15][1750/2577]	lr: 1.500e-04, eta: 1:18:41, time: 0.341, data_time: 0.017, memory: 13382, loss_cls: 0.3661, loss_bbox: 0.3632, loss_kps: 0.0000, loss: 0.7292
2026-09-18 14:54:26,764 - mmdet - INFO - Epoch [15][1800/2577]	lr: 1.500e-04, eta: 1:18:24, time: 0.345, data_time: 0.017, memory: 13382, loss_cls: 0.3748, loss_bbox: 0.3680, loss_kps: 0.0000, loss: 0.7428
2026-09-18 14:54:43,882 - mmdet - INFO - Epoch [15][1850/2577]	lr: 1.500e-04, eta: 1:18:06, time: 0.342, data_time: 0.017, memory: 13382, loss_cls: 0.3745, loss_bbox: 0.3605, loss_kps: 0.0000, loss: 0.7350
2026-09-18 14:55:00,898 - mmdet - INFO - Epoch [15][1900/2577]	lr: 1.500e-04, eta: 1:17:49, time: 0.340, data_time: 0.017, memory: 13382, loss_cls: 0.3659, loss_bbox: 0.3718, loss_kps: 0.0000, loss: 0.7376
2026-09-18 14:55:18,218 - mmdet - INFO - Epoch [15][1950/2577]	lr: 1.500e-04, eta: 1:17:32, time: 0.346, data_time: 0.017, memory: 13382, loss_cls: 0.3746, loss_bbox: 0.3695, loss_kps: 0.0000, loss: 0.7440
2026-09-18 14:55:35,452 - mmdet - INFO - Epoch [15][2000/2577]	lr: 1.500e-04, eta: 1:17:15, time: 0.345, data_time: 0.017, memory: 13382, loss_cls: 0.3695, loss_bbox: 0.3573, loss_kps: 0.0000, loss: 0.7268
2026-09-18 14:55:52,792 - mmdet - INFO - Epoch [15][2050/2577]	lr: 1.500e-04, eta: 1:16:57, time: 0.347, data_time: 0.017, memory: 13382, loss_cls: 0.3618, loss_bbox: 0.3704, loss_kps: 0.0000, loss: 0.7322
2026-09-18 14:56:09,833 - mmdet - INFO - Epoch [15][2100/2577]	lr: 1.500e-04, eta: 1:16:40, time: 0.341, data_time: 0.017, memory: 13382, loss_cls: 0.3620, loss_bbox: 0.3503, loss_kps: 0.0000, loss: 0.7124
2026-09-18 14:56:26,907 - mmdet - INFO - Epoch [15][2150/2577]	lr: 1.500e-04, eta: 1:16:23, time: 0.341, data_time: 0.017, memory: 13382, loss_cls: 0.3622, loss_bbox: 0.3530, loss_kps: 0.0000, loss: 0.7152
2026-09-18 14:56:44,136 - mmdet - INFO - Epoch [15][2200/2577]	lr: 1.500e-04, eta: 1:16:06, time: 0.345, data_time: 0.017, memory: 13382, loss_cls: 0.3728, loss_bbox: 0.3585, loss_kps: 0.0000, loss: 0.7313
2026-09-18 14:57:01,549 - mmdet - INFO - Epoch [15][2250/2577]	lr: 1.500e-04, eta: 1:15:49, time: 0.348, data_time: 0.017, memory: 13382, loss_cls: 0.3574, loss_bbox: 0.3630, loss_kps: 0.0000, loss: 0.7204
2026-09-18 14:57:18,843 - mmdet - INFO - Epoch [15][2300/2577]	lr: 1.500e-04, eta: 1:15:31, time: 0.346, data_time: 0.017, memory: 13382, loss_cls: 0.3544, loss_bbox: 0.3594, loss_kps: 0.0000, loss: 0.7137
2026-09-18 14:57:36,156 - mmdet - INFO - Epoch [15][2350/2577]	lr: 1.500e-04, eta: 1:15:14, time: 0.346, data_time: 0.017, memory: 13382, loss_cls: 0.3610, loss_bbox: 0.3684, loss_kps: 0.0000, loss: 0.7294
2026-09-18 14:57:53,055 - mmdet - INFO - Epoch [15][2400/2577]	lr: 1.500e-04, eta: 1:14:57, time: 0.338, data_time: 0.017, memory: 13382, loss_cls: 0.3644, loss_bbox: 0.3653, loss_kps: 0.0000, loss: 0.7297
2026-09-18 14:58:10,164 - mmdet - INFO - Epoch [15][2450/2577]	lr: 1.500e-04, eta: 1:14:40, time: 0.342, data_time: 0.018, memory: 13382, loss_cls: 0.3761, loss_bbox: 0.3634, loss_kps: 0.0000, loss: 0.7395
2026-09-18 14:58:27,359 - mmdet - INFO - Epoch [15][2500/2577]	lr: 1.500e-04, eta: 1:14:22, time: 0.344, data_time: 0.018, memory: 13382, loss_cls: 0.3542, loss_bbox: 0.3469, loss_kps: 0.0000, loss: 0.7010
2026-09-18 14:58:44,474 - mmdet - INFO - Epoch [15][2550/2577]	lr: 1.500e-04, eta: 1:14:05, time: 0.342, data_time: 0.017, memory: 13382, loss_cls: 0.3668, loss_bbox: 0.3587, loss_kps: 0.0000, loss: 0.7254
2026-09-18 14:58:54,169 - mmdet - INFO - Saving checkpoint at 15 epochs
2026-09-18 14:59:18,773 - mmdet - INFO - Epoch [16][50/2577]	lr: 1.500e-04, eta: 1:13:38, time: 0.483, data_time: 0.110, memory: 13382, loss_cls: 0.3538, loss_bbox: 0.3565, loss_kps: 0.0000, loss: 0.7102
2026-09-18 14:59:35,870 - mmdet - INFO - Epoch [16][100/2577]	lr: 1.500e-04, eta: 1:13:21, time: 0.342, data_time: 0.016, memory: 13382, loss_cls: 0.3368, loss_bbox: 0.3495, loss_kps: 0.0000, loss: 0.6862
2026-09-18 14:59:52,859 - mmdet - INFO - Epoch [16][150/2577]	lr: 1.500e-04, eta: 1:13:03, time: 0.340, data_time: 0.016, memory: 13382, loss_cls: 0.3463, loss_bbox: 0.3506, loss_kps: 0.0000, loss: 0.6968
2026-09-18 15:00:10,662 - mmdet - INFO - Epoch [16][200/2577]	lr: 1.500e-04, eta: 1:12:46, time: 0.356, data_time: 0.016, memory: 13382, loss_cls: 0.3657, loss_bbox: 0.3581, loss_kps: 0.0000, loss: 0.7238
2026-09-18 15:00:28,082 - mmdet - INFO - Epoch [16][250/2577]	lr: 1.500e-04, eta: 1:12:29, time: 0.348, data_time: 0.016, memory: 13382, loss_cls: 0.3578, loss_bbox: 0.3530, loss_kps: 0.0000, loss: 0.7107
2026-09-18 15:00:45,520 - mmdet - INFO - Epoch [16][300/2577]	lr: 1.500e-04, eta: 1:12:12, time: 0.349, data_time: 0.016, memory: 13382, loss_cls: 0.3631, loss_bbox: 0.3641, loss_kps: 0.0000, loss: 0.7272
2026-09-18 15:01:02,736 - mmdet - INFO - Epoch [16][350/2577]	lr: 1.500e-04, eta: 1:11:55, time: 0.344, data_time: 0.016, memory: 13382, loss_cls: 0.3737, loss_bbox: 0.3621, loss_kps: 0.0000, loss: 0.7359
2026-09-18 15:01:19,696 - mmdet - INFO - Epoch [16][400/2577]	lr: 1.500e-04, eta: 1:11:37, time: 0.339, data_time: 0.016, memory: 13382, loss_cls: 0.3544, loss_bbox: 0.3540, loss_kps: 0.0000, loss: 0.7084
2026-09-18 15:01:36,703 - mmdet - INFO - Epoch [16][450/2577]	lr: 1.500e-04, eta: 1:11:20, time: 0.340, data_time: 0.017, memory: 13382, loss_cls: 0.3662, loss_bbox: 0.3503, loss_kps: 0.0000, loss: 0.7165
2026-09-18 15:01:53,661 - mmdet - INFO - Epoch [16][500/2577]	lr: 1.500e-04, eta: 1:11:03, time: 0.339, data_time: 0.017, memory: 13382, loss_cls: 0.3739, loss_bbox: 0.3662, loss_kps: 0.0000, loss: 0.7401
2026-09-18 15:02:10,675 - mmdet - INFO - Epoch [16][550/2577]	lr: 1.500e-04, eta: 1:10:46, time: 0.340, data_time: 0.016, memory: 13382, loss_cls: 0.3488, loss_bbox: 0.3484, loss_kps: 0.0000, loss: 0.6972
2026-09-18 15:02:27,691 - mmdet - INFO - Epoch [16][600/2577]	lr: 1.500e-04, eta: 1:10:28, time: 0.340, data_time: 0.016, memory: 13382, loss_cls: 0.3779, loss_bbox: 0.3734, loss_kps: 0.0000, loss: 0.7513
2026-09-18 15:02:44,765 - mmdet - INFO - Epoch [16][650/2577]	lr: 1.500e-04, eta: 1:10:11, time: 0.341, data_time: 0.016, memory: 13382, loss_cls: 0.3561, loss_bbox: 0.3572, loss_kps: 0.0000, loss: 0.7133
2026-09-18 15:03:01,668 - mmdet - INFO - Epoch [16][700/2577]	lr: 1.500e-04, eta: 1:09:54, time: 0.338, data_time: 0.016, memory: 13382, loss_cls: 0.3483, loss_bbox: 0.3519, loss_kps: 0.0000, loss: 0.7001
2026-09-18 15:03:18,713 - mmdet - INFO - Epoch [16][750/2577]	lr: 1.500e-04, eta: 1:09:37, time: 0.341, data_time: 0.017, memory: 13382, loss_cls: 0.3722, loss_bbox: 0.3557, loss_kps: 0.0000, loss: 0.7279
2026-09-18 15:03:35,819 - mmdet - INFO - Epoch [16][800/2577]	lr: 1.500e-04, eta: 1:09:19, time: 0.342, data_time: 0.016, memory: 13382, loss_cls: 0.3777, loss_bbox: 0.3637, loss_kps: 0.0000, loss: 0.7414
2026-09-18 15:03:52,999 - mmdet - INFO - Epoch [16][850/2577]	lr: 1.500e-04, eta: 1:09:02, time: 0.344, data_time: 0.017, memory: 13382, loss_cls: 0.3682, loss_bbox: 0.3567, loss_kps: 0.0000, loss: 0.7249
2026-09-18 15:04:10,236 - mmdet - INFO - Epoch [16][900/2577]	lr: 1.500e-04, eta: 1:08:45, time: 0.345, data_time: 0.016, memory: 13382, loss_cls: 0.3695, loss_bbox: 0.3540, loss_kps: 0.0000, loss: 0.7235
2026-09-18 15:04:27,513 - mmdet - INFO - Epoch [16][950/2577]	lr: 1.500e-04, eta: 1:08:28, time: 0.346, data_time: 0.016, memory: 13382, loss_cls: 0.3522, loss_bbox: 0.3577, loss_kps: 0.0000, loss: 0.7099
2026-09-18 15:04:44,880 - mmdet - INFO - Epoch [16][1000/2577]	lr: 1.500e-04, eta: 1:08:10, time: 0.347, data_time: 0.016, memory: 13382, loss_cls: 0.3679, loss_bbox: 0.3686, loss_kps: 0.0000, loss: 0.7365
2026-09-18 15:05:01,986 - mmdet - INFO - Epoch [16][1050/2577]	lr: 1.500e-04, eta: 1:07:53, time: 0.342, data_time: 0.016, memory: 13382, loss_cls: 0.3555, loss_bbox: 0.3630, loss_kps: 0.0000, loss: 0.7185
2026-09-18 15:05:18,945 - mmdet - INFO - Epoch [16][1100/2577]	lr: 1.500e-04, eta: 1:07:36, time: 0.339, data_time: 0.016, memory: 13382, loss_cls: 0.3550, loss_bbox: 0.3581, loss_kps: 0.0000, loss: 0.7130
2026-09-18 15:05:36,011 - mmdet - INFO - Epoch [16][1150/2577]	lr: 1.500e-04, eta: 1:07:19, time: 0.341, data_time: 0.016, memory: 13382, loss_cls: 0.3721, loss_bbox: 0.3546, loss_kps: 0.0000, loss: 0.7267
2026-09-18 15:05:52,808 - mmdet - INFO - Epoch [16][1200/2577]	lr: 1.500e-04, eta: 1:07:01, time: 0.336, data_time: 0.016, memory: 13382, loss_cls: 0.3589, loss_bbox: 0.3653, loss_kps: 0.0000, loss: 0.7241
2026-09-18 15:06:09,789 - mmdet - INFO - Epoch [16][1250/2577]	lr: 1.500e-04, eta: 1:06:44, time: 0.340, data_time: 0.017, memory: 13382, loss_cls: 0.3695, loss_bbox: 0.3738, loss_kps: 0.0000, loss: 0.7432
2026-09-18 15:06:27,225 - mmdet - INFO - Epoch [16][1300/2577]	lr: 1.500e-04, eta: 1:06:27, time: 0.349, data_time: 0.017, memory: 13382, loss_cls: 0.3643, loss_bbox: 0.3573, loss_kps: 0.0000, loss: 0.7216
2026-09-18 15:06:44,489 - mmdet - INFO - Epoch [16][1350/2577]	lr: 1.500e-04, eta: 1:06:10, time: 0.345, data_time: 0.016, memory: 13382, loss_cls: 0.3766, loss_bbox: 0.3624, loss_kps: 0.0000, loss: 0.7390
2026-09-18 15:07:01,772 - mmdet - INFO - Epoch [16][1400/2577]	lr: 1.500e-04, eta: 1:05:53, time: 0.346, data_time: 0.016, memory: 13382, loss_cls: 0.3702, loss_bbox: 0.3668, loss_kps: 0.0000, loss: 0.7371
2026-09-18 15:07:19,297 - mmdet - INFO - Epoch [16][1450/2577]	lr: 1.500e-04, eta: 1:05:35, time: 0.350, data_time: 0.016, memory: 13382, loss_cls: 0.3681, loss_bbox: 0.3563, loss_kps: 0.0000, loss: 0.7244
2026-09-18 15:07:36,734 - mmdet - INFO - Epoch [16][1500/2577]	lr: 1.500e-04, eta: 1:05:18, time: 0.349, data_time: 0.016, memory: 13382, loss_cls: 0.3765, loss_bbox: 0.3495, loss_kps: 0.0000, loss: 0.7260
2026-09-18 15:07:54,048 - mmdet - INFO - Epoch [16][1550/2577]	lr: 1.500e-04, eta: 1:05:01, time: 0.346, data_time: 0.016, memory: 13382, loss_cls: 0.3727, loss_bbox: 0.3628, loss_kps: 0.0000, loss: 0.7355
2026-09-18 15:08:11,280 - mmdet - INFO - Epoch [16][1600/2577]	lr: 1.500e-04, eta: 1:04:44, time: 0.345, data_time: 0.016, memory: 13382, loss_cls: 0.3582, loss_bbox: 0.3602, loss_kps: 0.0000, loss: 0.7184
2026-09-18 15:08:28,686 - mmdet - INFO - Epoch [16][1650/2577]	lr: 1.500e-04, eta: 1:04:27, time: 0.348, data_time: 0.016, memory: 13382, loss_cls: 0.3796, loss_bbox: 0.3622, loss_kps: 0.0000, loss: 0.7419
2026-09-18 15:08:45,622 - mmdet - INFO - Epoch [16][1700/2577]	lr: 1.500e-04, eta: 1:04:09, time: 0.339, data_time: 0.016, memory: 13382, loss_cls: 0.3555, loss_bbox: 0.3600, loss_kps: 0.0000, loss: 0.7155
2026-09-18 15:09:02,787 - mmdet - INFO - Epoch [16][1750/2577]	lr: 1.500e-04, eta: 1:03:52, time: 0.343, data_time: 0.016, memory: 13382, loss_cls: 0.3841, loss_bbox: 0.3658, loss_kps: 0.0000, loss: 0.7499
2026-09-18 15:09:19,935 - mmdet - INFO - Epoch [16][1800/2577]	lr: 1.500e-04, eta: 1:03:35, time: 0.343, data_time: 0.016, memory: 13382, loss_cls: 0.3510, loss_bbox: 0.3552, loss_kps: 0.0000, loss: 0.7062
2026-09-18 15:09:36,896 - mmdet - INFO - Epoch [16][1850/2577]	lr: 1.500e-04, eta: 1:03:18, time: 0.339, data_time: 0.016, memory: 13382, loss_cls: 0.3538, loss_bbox: 0.3557, loss_kps: 0.0000, loss: 0.7095
2026-09-18 15:09:53,852 - mmdet - INFO - Epoch [16][1900/2577]	lr: 1.500e-04, eta: 1:03:00, time: 0.339, data_time: 0.016, memory: 13382, loss_cls: 0.3657, loss_bbox: 0.3502, loss_kps: 0.0000, loss: 0.7159
2026-09-18 15:10:10,857 - mmdet - INFO - Epoch [16][1950/2577]	lr: 1.500e-04, eta: 1:02:43, time: 0.340, data_time: 0.016, memory: 13382, loss_cls: 0.3657, loss_bbox: 0.3574, loss_kps: 0.0000, loss: 0.7231
2026-09-18 15:10:28,036 - mmdet - INFO - Epoch [16][2000/2577]	lr: 1.500e-04, eta: 1:02:26, time: 0.344, data_time: 0.017, memory: 13382, loss_cls: 0.3535, loss_bbox: 0.3491, loss_kps: 0.0000, loss: 0.7026
2026-09-18 15:10:45,072 - mmdet - INFO - Epoch [16][2050/2577]	lr: 1.500e-04, eta: 1:02:09, time: 0.341, data_time: 0.017, memory: 13382, loss_cls: 0.3761, loss_bbox: 0.3667, loss_kps: 0.0000, loss: 0.7428
2026-09-18 15:11:02,234 - mmdet - INFO - Epoch [16][2100/2577]	lr: 1.500e-04, eta: 1:01:52, time: 0.343, data_time: 0.017, memory: 13382, loss_cls: 0.3520, loss_bbox: 0.3632, loss_kps: 0.0000, loss: 0.7152
2026-09-18 15:11:19,284 - mmdet - INFO - Epoch [16][2150/2577]	lr: 1.500e-04, eta: 1:01:34, time: 0.341, data_time: 0.016, memory: 13382, loss_cls: 0.3669, loss_bbox: 0.3560, loss_kps: 0.0000, loss: 0.7229
2026-09-18 15:11:36,417 - mmdet - INFO - Epoch [16][2200/2577]	lr: 1.500e-04, eta: 1:01:17, time: 0.343, data_time: 0.017, memory: 13382, loss_cls: 0.3532, loss_bbox: 0.3438, loss_kps: 0.0000, loss: 0.6970
2026-09-18 15:11:53,573 - mmdet - INFO - Epoch [16][2250/2577]	lr: 1.500e-04, eta: 1:01:00, time: 0.343, data_time: 0.015, memory: 13382, loss_cls: 0.3435, loss_bbox: 0.3567, loss_kps: 0.0000, loss: 0.7002
2026-09-18 15:12:10,887 - mmdet - INFO - Epoch [16][2300/2577]	lr: 1.500e-04, eta: 1:00:43, time: 0.346, data_time: 0.016, memory: 13382, loss_cls: 0.3714, loss_bbox: 0.3561, loss_kps: 0.0000, loss: 0.7275
2026-09-18 15:12:28,108 - mmdet - INFO - Epoch [16][2350/2577]	lr: 1.500e-04, eta: 1:00:25, time: 0.344, data_time: 0.016, memory: 13382, loss_cls: 0.3619, loss_bbox: 0.3603, loss_kps: 0.0000, loss: 0.7222
2026-09-18 15:12:45,182 - mmdet - INFO - Epoch [16][2400/2577]	lr: 1.500e-04, eta: 1:00:08, time: 0.341, data_time: 0.016, memory: 13382, loss_cls: 0.3931, loss_bbox: 0.3636, loss_kps: 0.0000, loss: 0.7566
2026-09-18 15:13:02,283 - mmdet - INFO - Epoch [16][2450/2577]	lr: 1.500e-04, eta: 0:59:51, time: 0.342, data_time: 0.017, memory: 13382, loss_cls: 0.3576, loss_bbox: 0.3628, loss_kps: 0.0000, loss: 0.7204
2026-09-18 15:13:19,276 - mmdet - INFO - Epoch [16][2500/2577]	lr: 1.500e-04, eta: 0:59:34, time: 0.340, data_time: 0.017, memory: 13382, loss_cls: 0.3504, loss_bbox: 0.3603, loss_kps: 0.0000, loss: 0.7106
2026-09-18 15:13:36,216 - mmdet - INFO - Epoch [16][2550/2577]	lr: 1.500e-04, eta: 0:59:16, time: 0.339, data_time: 0.017, memory: 13382, loss_cls: 0.3619, loss_bbox: 0.3651, loss_kps: 0.0000, loss: 0.7270
2026-09-18 15:13:45,967 - mmdet - INFO - Saving checkpoint at 16 epochs
2026-09-18 15:14:11,090 - mmdet - INFO - Epoch [17][50/2577]	lr: 1.500e-04, eta: 0:58:49, time: 0.493, data_time: 0.114, memory: 13382, loss_cls: 0.3512, loss_bbox: 0.3595, loss_kps: 0.0000, loss: 0.7107
2026-09-18 15:14:28,375 - mmdet - INFO - Epoch [17][100/2577]	lr: 1.500e-04, eta: 0:58:32, time: 0.346, data_time: 0.016, memory: 13382, loss_cls: 0.3719, loss_bbox: 0.3626, loss_kps: 0.0000, loss: 0.7345
2026-09-18 15:14:45,689 - mmdet - INFO - Epoch [17][150/2577]	lr: 1.500e-04, eta: 0:58:15, time: 0.346, data_time: 0.016, memory: 13382, loss_cls: 0.3610, loss_bbox: 0.3501, loss_kps: 0.0000, loss: 0.7111
2026-09-18 15:15:02,734 - mmdet - INFO - Epoch [17][200/2577]	lr: 1.500e-04, eta: 0:57:58, time: 0.341, data_time: 0.016, memory: 13382, loss_cls: 0.3579, loss_bbox: 0.3479, loss_kps: 0.0000, loss: 0.7058
2026-09-18 15:15:20,153 - mmdet - INFO - Epoch [17][250/2577]	lr: 1.500e-04, eta: 0:57:41, time: 0.348, data_time: 0.016, memory: 13382, loss_cls: 0.3786, loss_bbox: 0.3702, loss_kps: 0.0000, loss: 0.7488
2026-09-18 15:15:37,065 - mmdet - INFO - Epoch [17][300/2577]	lr: 1.500e-04, eta: 0:57:23, time: 0.338, data_time: 0.016, memory: 13382, loss_cls: 0.3719, loss_bbox: 0.3560, loss_kps: 0.0000, loss: 0.7279
2026-09-18 15:15:54,307 - mmdet - INFO - Epoch [17][350/2577]	lr: 1.500e-04, eta: 0:57:06, time: 0.345, data_time: 0.018, memory: 13382, loss_cls: 0.3475, loss_bbox: 0.3496, loss_kps: 0.0000, loss: 0.6972
2026-09-18 15:16:11,643 - mmdet - INFO - Epoch [17][400/2577]	lr: 1.500e-04, eta: 0:56:49, time: 0.347, data_time: 0.015, memory: 13382, loss_cls: 0.3630, loss_bbox: 0.3548, loss_kps: 0.0000, loss: 0.7179
2026-09-18 15:16:28,623 - mmdet - INFO - Epoch [17][450/2577]	lr: 1.500e-04, eta: 0:56:32, time: 0.340, data_time: 0.016, memory: 13382, loss_cls: 0.3585, loss_bbox: 0.3543, loss_kps: 0.0000, loss: 0.7129
2026-09-18 15:16:45,611 - mmdet - INFO - Epoch [17][500/2577]	lr: 1.500e-04, eta: 0:56:15, time: 0.340, data_time: 0.016, memory: 13382, loss_cls: 0.3669, loss_bbox: 0.3708, loss_kps: 0.0000, loss: 0.7377
2026-09-18 15:17:02,859 - mmdet - INFO - Epoch [17][550/2577]	lr: 1.500e-04, eta: 0:55:57, time: 0.345, data_time: 0.016, memory: 13382, loss_cls: 0.3640, loss_bbox: 0.3655, loss_kps: 0.0000, loss: 0.7295
2026-09-18 15:17:19,914 - mmdet - INFO - Epoch [17][600/2577]	lr: 1.500e-04, eta: 0:55:40, time: 0.341, data_time: 0.016, memory: 13382, loss_cls: 0.3641, loss_bbox: 0.3535, loss_kps: 0.0000, loss: 0.7176
2026-09-18 15:17:37,010 - mmdet - INFO - Epoch [17][650/2577]	lr: 1.500e-04, eta: 0:55:23, time: 0.342, data_time: 0.016, memory: 13382, loss_cls: 0.3614, loss_bbox: 0.3526, loss_kps: 0.0000, loss: 0.7140
2026-09-18 15:17:54,251 - mmdet - INFO - Epoch [17][700/2577]	lr: 1.500e-04, eta: 0:55:06, time: 0.345, data_time: 0.016, memory: 13382, loss_cls: 0.3508, loss_bbox: 0.3601, loss_kps: 0.0000, loss: 0.7109
2026-09-18 15:18:11,266 - mmdet - INFO - Epoch [17][750/2577]	lr: 1.500e-04, eta: 0:54:48, time: 0.340, data_time: 0.017, memory: 13382, loss_cls: 0.3428, loss_bbox: 0.3618, loss_kps: 0.0000, loss: 0.7046
2026-09-18 15:18:28,345 - mmdet - INFO - Epoch [17][800/2577]	lr: 1.500e-04, eta: 0:54:31, time: 0.342, data_time: 0.016, memory: 13382, loss_cls: 0.3674, loss_bbox: 0.3529, loss_kps: 0.0000, loss: 0.7203
2026-09-18 15:18:45,819 - mmdet - INFO - Epoch [17][850/2577]	lr: 1.500e-04, eta: 0:54:14, time: 0.349, data_time: 0.016, memory: 13382, loss_cls: 0.3376, loss_bbox: 0.3565, loss_kps: 0.0000, loss: 0.6941
2026-09-18 15:19:03,013 - mmdet - INFO - Epoch [17][900/2577]	lr: 1.500e-04, eta: 0:53:57, time: 0.344, data_time: 0.016, memory: 13382, loss_cls: 0.3435, loss_bbox: 0.3550, loss_kps: 0.0000, loss: 0.6985
2026-09-18 15:19:20,273 - mmdet - INFO - Epoch [17][950/2577]	lr: 1.500e-04, eta: 0:53:40, time: 0.345, data_time: 0.016, memory: 13382, loss_cls: 0.3695, loss_bbox: 0.3596, loss_kps: 0.0000, loss: 0.7291
2026-09-18 15:19:37,388 - mmdet - INFO - Epoch [17][1000/2577]	lr: 1.500e-04, eta: 0:53:22, time: 0.342, data_time: 0.016, memory: 13382, loss_cls: 0.3667, loss_bbox: 0.3529, loss_kps: 0.0000, loss: 0.7195
2026-09-18 15:19:54,472 - mmdet - INFO - Epoch [17][1050/2577]	lr: 1.500e-04, eta: 0:53:05, time: 0.342, data_time: 0.016, memory: 13382, loss_cls: 0.3755, loss_bbox: 0.3709, loss_kps: 0.0000, loss: 0.7465
2026-09-18 15:20:11,471 - mmdet - INFO - Epoch [17][1100/2577]	lr: 1.500e-04, eta: 0:52:48, time: 0.340, data_time: 0.016, memory: 13382, loss_cls: 0.3896, loss_bbox: 0.3703, loss_kps: 0.0000, loss: 0.7599
2026-09-18 15:20:28,710 - mmdet - INFO - Epoch [17][1150/2577]	lr: 1.500e-04, eta: 0:52:31, time: 0.345, data_time: 0.017, memory: 13382, loss_cls: 0.3471, loss_bbox: 0.3502, loss_kps: 0.0000, loss: 0.6973
2026-09-18 15:20:45,828 - mmdet - INFO - Epoch [17][1200/2577]	lr: 1.500e-04, eta: 0:52:14, time: 0.342, data_time: 0.016, memory: 13382, loss_cls: 0.3726, loss_bbox: 0.3619, loss_kps: 0.0000, loss: 0.7346
2026-09-18 15:21:02,992 - mmdet - INFO - Epoch [17][1250/2577]	lr: 1.500e-04, eta: 0:51:56, time: 0.343, data_time: 0.016, memory: 13382, loss_cls: 0.3765, loss_bbox: 0.3618, loss_kps: 0.0000, loss: 0.7383
2026-09-18 15:21:20,292 - mmdet - INFO - Epoch [17][1300/2577]	lr: 1.500e-04, eta: 0:51:39, time: 0.346, data_time: 0.016, memory: 13382, loss_cls: 0.3581, loss_bbox: 0.3653, loss_kps: 0.0000, loss: 0.7234
2026-09-18 15:21:37,221 - mmdet - INFO - Epoch [17][1350/2577]	lr: 1.500e-04, eta: 0:51:22, time: 0.339, data_time: 0.016, memory: 13382, loss_cls: 0.3651, loss_bbox: 0.3615, loss_kps: 0.0000, loss: 0.7265
2026-09-18 15:21:54,269 - mmdet - INFO - Epoch [17][1400/2577]	lr: 1.500e-04, eta: 0:51:05, time: 0.341, data_time: 0.016, memory: 13382, loss_cls: 0.3501, loss_bbox: 0.3341, loss_kps: 0.0000, loss: 0.6842
2026-09-18 15:22:11,179 - mmdet - INFO - Epoch [17][1450/2577]	lr: 1.500e-04, eta: 0:50:47, time: 0.338, data_time: 0.017, memory: 13382, loss_cls: 0.3689, loss_bbox: 0.3606, loss_kps: 0.0000, loss: 0.7295
2026-09-18 15:22:28,400 - mmdet - INFO - Epoch [17][1500/2577]	lr: 1.500e-04, eta: 0:50:30, time: 0.344, data_time: 0.016, memory: 13382, loss_cls: 0.3716, loss_bbox: 0.3629, loss_kps: 0.0000, loss: 0.7345
2026-09-18 15:22:45,535 - mmdet - INFO - Epoch [17][1550/2577]	lr: 1.500e-04, eta: 0:50:13, time: 0.343, data_time: 0.016, memory: 13382, loss_cls: 0.3561, loss_bbox: 0.3462, loss_kps: 0.0000, loss: 0.7023
2026-09-18 15:23:02,681 - mmdet - INFO - Epoch [17][1600/2577]	lr: 1.500e-04, eta: 0:49:56, time: 0.343, data_time: 0.016, memory: 13382, loss_cls: 0.3583, loss_bbox: 0.3702, loss_kps: 0.0000, loss: 0.7286
2026-09-18 15:23:20,238 - mmdet - INFO - Epoch [17][1650/2577]	lr: 1.500e-04, eta: 0:49:39, time: 0.351, data_time: 0.016, memory: 13382, loss_cls: 0.3756, loss_bbox: 0.3648, loss_kps: 0.0000, loss: 0.7403
2026-09-18 15:23:37,517 - mmdet - INFO - Epoch [17][1700/2577]	lr: 1.500e-04, eta: 0:49:21, time: 0.346, data_time: 0.016, memory: 13382, loss_cls: 0.3474, loss_bbox: 0.3499, loss_kps: 0.0000, loss: 0.6974
2026-09-18 15:23:55,118 - mmdet - INFO - Epoch [17][1750/2577]	lr: 1.500e-04, eta: 0:49:04, time: 0.352, data_time: 0.016, memory: 13382, loss_cls: 0.3394, loss_bbox: 0.3431, loss_kps: 0.0000, loss: 0.6825
2026-09-18 15:24:12,502 - mmdet - INFO - Epoch [17][1800/2577]	lr: 1.500e-04, eta: 0:48:47, time: 0.348, data_time: 0.016, memory: 13382, loss_cls: 0.3672, loss_bbox: 0.3566, loss_kps: 0.0000, loss: 0.7238
2026-09-18 15:24:29,708 - mmdet - INFO - Epoch [17][1850/2577]	lr: 1.500e-04, eta: 0:48:30, time: 0.344, data_time: 0.017, memory: 13382, loss_cls: 0.3679, loss_bbox: 0.3564, loss_kps: 0.0000, loss: 0.7243
2026-09-18 15:24:46,728 - mmdet - INFO - Epoch [17][1900/2577]	lr: 1.500e-04, eta: 0:48:13, time: 0.340, data_time: 0.016, memory: 13382, loss_cls: 0.3596, loss_bbox: 0.3674, loss_kps: 0.0000, loss: 0.7270
2026-09-18 15:25:03,883 - mmdet - INFO - Epoch [17][1950/2577]	lr: 1.500e-04, eta: 0:47:55, time: 0.343, data_time: 0.016, memory: 13382, loss_cls: 0.3537, loss_bbox: 0.3612, loss_kps: 0.0000, loss: 0.7149
2026-09-18 15:25:21,111 - mmdet - INFO - Epoch [17][2000/2577]	lr: 1.500e-04, eta: 0:47:38, time: 0.345, data_time: 0.016, memory: 13382, loss_cls: 0.3546, loss_bbox: 0.3597, loss_kps: 0.0000, loss: 0.7144
2026-09-18 15:25:38,213 - mmdet - INFO - Epoch [17][2050/2577]	lr: 1.500e-04, eta: 0:47:21, time: 0.342, data_time: 0.016, memory: 13382, loss_cls: 0.3637, loss_bbox: 0.3652, loss_kps: 0.0000, loss: 0.7289
2026-09-18 15:25:55,557 - mmdet - INFO - Epoch [17][2100/2577]	lr: 1.500e-04, eta: 0:47:04, time: 0.347, data_time: 0.016, memory: 13382, loss_cls: 0.3609, loss_bbox: 0.3499, loss_kps: 0.0000, loss: 0.7108
2026-09-18 15:26:13,367 - mmdet - INFO - Epoch [17][2150/2577]	lr: 1.500e-04, eta: 0:46:47, time: 0.356, data_time: 0.016, memory: 13382, loss_cls: 0.3600, loss_bbox: 0.3564, loss_kps: 0.0000, loss: 0.7164
2026-09-18 15:26:30,398 - mmdet - INFO - Epoch [17][2200/2577]	lr: 1.500e-04, eta: 0:46:29, time: 0.341, data_time: 0.016, memory: 13382, loss_cls: 0.3643, loss_bbox: 0.3653, loss_kps: 0.0000, loss: 0.7295
2026-09-18 15:26:47,582 - mmdet - INFO - Epoch [17][2250/2577]	lr: 1.500e-04, eta: 0:46:12, time: 0.344, data_time: 0.017, memory: 13382, loss_cls: 0.3656, loss_bbox: 0.3596, loss_kps: 0.0000, loss: 0.7251
2026-09-18 15:27:04,910 - mmdet - INFO - Epoch [17][2300/2577]	lr: 1.500e-04, eta: 0:45:55, time: 0.347, data_time: 0.017, memory: 13382, loss_cls: 0.3737, loss_bbox: 0.3627, loss_kps: 0.0000, loss: 0.7365
2026-09-18 15:27:22,078 - mmdet - INFO - Epoch [17][2350/2577]	lr: 1.500e-04, eta: 0:45:38, time: 0.343, data_time: 0.016, memory: 13382, loss_cls: 0.3696, loss_bbox: 0.3569, loss_kps: 0.0000, loss: 0.7265
2026-09-18 15:27:39,329 - mmdet - INFO - Epoch [17][2400/2577]	lr: 1.500e-04, eta: 0:45:21, time: 0.345, data_time: 0.017, memory: 13382, loss_cls: 0.3718, loss_bbox: 0.3727, loss_kps: 0.0000, loss: 0.7445
2026-09-18 15:27:56,558 - mmdet - INFO - Epoch [17][2450/2577]	lr: 1.500e-04, eta: 0:45:03, time: 0.345, data_time: 0.016, memory: 13382, loss_cls: 0.3419, loss_bbox: 0.3510, loss_kps: 0.0000, loss: 0.6929
2026-09-18 15:28:13,620 - mmdet - INFO - Epoch [17][2500/2577]	lr: 1.500e-04, eta: 0:44:46, time: 0.341, data_time: 0.016, memory: 13382, loss_cls: 0.3708, loss_bbox: 0.3652, loss_kps: 0.0000, loss: 0.7360
2026-09-18 15:28:31,025 - mmdet - INFO - Epoch [17][2550/2577]	lr: 1.500e-04, eta: 0:44:29, time: 0.348, data_time: 0.016, memory: 13382, loss_cls: 0.3548, loss_bbox: 0.3565, loss_kps: 0.0000, loss: 0.7113
2026-09-18 15:28:40,254 - mmdet - INFO - Saving checkpoint at 17 epochs
2026-09-18 15:29:04,558 - mmdet - INFO - Epoch [18][50/2577]	lr: 1.500e-04, eta: 0:44:02, time: 0.477, data_time: 0.112, memory: 13382, loss_cls: 0.3543, loss_bbox: 0.3615, loss_kps: 0.0000, loss: 0.7158
2026-09-18 15:29:21,505 - mmdet - INFO - Epoch [18][100/2577]	lr: 1.500e-04, eta: 0:43:45, time: 0.339, data_time: 0.016, memory: 13382, loss_cls: 0.3592, loss_bbox: 0.3614, loss_kps: 0.0000, loss: 0.7207
2026-09-18 15:29:38,652 - mmdet - INFO - Epoch [18][150/2577]	lr: 1.500e-04, eta: 0:43:28, time: 0.343, data_time: 0.016, memory: 13382, loss_cls: 0.3533, loss_bbox: 0.3494, loss_kps: 0.0000, loss: 0.7027
2026-09-18 15:29:55,321 - mmdet - INFO - Epoch [18][200/2577]	lr: 1.500e-04, eta: 0:43:10, time: 0.333, data_time: 0.016, memory: 13382, loss_cls: 0.3436, loss_bbox: 0.3547, loss_kps: 0.0000, loss: 0.6984
2026-09-18 15:30:12,112 - mmdet - INFO - Epoch [18][250/2577]	lr: 1.500e-04, eta: 0:42:53, time: 0.336, data_time: 0.016, memory: 13382, loss_cls: 0.3651, loss_bbox: 0.3542, loss_kps: 0.0000, loss: 0.7193
2026-09-18 15:30:28,905 - mmdet - INFO - Epoch [18][300/2577]	lr: 1.500e-04, eta: 0:42:36, time: 0.336, data_time: 0.016, memory: 13382, loss_cls: 0.3679, loss_bbox: 0.3611, loss_kps: 0.0000, loss: 0.7290
2026-09-18 15:30:45,794 - mmdet - INFO - Epoch [18][350/2577]	lr: 1.500e-04, eta: 0:42:19, time: 0.338, data_time: 0.016, memory: 13382, loss_cls: 0.3601, loss_bbox: 0.3606, loss_kps: 0.0000, loss: 0.7207
2026-09-18 15:31:02,832 - mmdet - INFO - Epoch [18][400/2577]	lr: 1.500e-04, eta: 0:42:01, time: 0.341, data_time: 0.015, memory: 13382, loss_cls: 0.3600, loss_bbox: 0.3605, loss_kps: 0.0000, loss: 0.7205
2026-09-18 15:31:19,937 - mmdet - INFO - Epoch [18][450/2577]	lr: 1.500e-04, eta: 0:41:44, time: 0.342, data_time: 0.017, memory: 13382, loss_cls: 0.3706, loss_bbox: 0.3632, loss_kps: 0.0000, loss: 0.7339
2026-09-18 15:31:37,267 - mmdet - INFO - Epoch [18][500/2577]	lr: 1.500e-04, eta: 0:41:27, time: 0.347, data_time: 0.017, memory: 13382, loss_cls: 0.3535, loss_bbox: 0.3643, loss_kps: 0.0000, loss: 0.7178
2026-09-18 15:31:54,185 - mmdet - INFO - Epoch [18][550/2577]	lr: 1.500e-04, eta: 0:41:10, time: 0.338, data_time: 0.016, memory: 13382, loss_cls: 0.3589, loss_bbox: 0.3560, loss_kps: 0.0000, loss: 0.7149
2026-09-18 15:32:11,128 - mmdet - INFO - Epoch [18][600/2577]	lr: 1.500e-04, eta: 0:40:52, time: 0.339, data_time: 0.016, memory: 13382, loss_cls: 0.3667, loss_bbox: 0.3653, loss_kps: 0.0000, loss: 0.7320
2026-09-18 15:32:28,331 - mmdet - INFO - Epoch [18][650/2577]	lr: 1.500e-04, eta: 0:40:35, time: 0.344, data_time: 0.017, memory: 13382, loss_cls: 0.3533, loss_bbox: 0.3520, loss_kps: 0.0000, loss: 0.7053
2026-09-18 15:32:45,284 - mmdet - INFO - Epoch [18][700/2577]	lr: 1.500e-04, eta: 0:40:18, time: 0.339, data_time: 0.016, memory: 13382, loss_cls: 0.3490, loss_bbox: 0.3443, loss_kps: 0.0000, loss: 0.6933
2026-09-18 15:33:02,467 - mmdet - INFO - Epoch [18][750/2577]	lr: 1.500e-04, eta: 0:40:01, time: 0.344, data_time: 0.017, memory: 13382, loss_cls: 0.3622, loss_bbox: 0.3597, loss_kps: 0.0000, loss: 0.7219
2026-09-18 15:33:19,906 - mmdet - INFO - Epoch [18][800/2577]	lr: 1.500e-04, eta: 0:39:44, time: 0.349, data_time: 0.017, memory: 13382, loss_cls: 0.3763, loss_bbox: 0.3513, loss_kps: 0.0000, loss: 0.7276
2026-09-18 15:33:36,871 - mmdet - INFO - Epoch [18][850/2577]	lr: 1.500e-04, eta: 0:39:26, time: 0.339, data_time: 0.016, memory: 13382, loss_cls: 0.3563, loss_bbox: 0.3536, loss_kps: 0.0000, loss: 0.7099
2026-09-18 15:33:54,016 - mmdet - INFO - Epoch [18][900/2577]	lr: 1.500e-04, eta: 0:39:09, time: 0.343, data_time: 0.016, memory: 13382, loss_cls: 0.3780, loss_bbox: 0.3635, loss_kps: 0.0000, loss: 0.7414
2026-09-18 15:34:10,946 - mmdet - INFO - Epoch [18][950/2577]	lr: 1.500e-04, eta: 0:38:52, time: 0.339, data_time: 0.017, memory: 13382, loss_cls: 0.3654, loss_bbox: 0.3600, loss_kps: 0.0000, loss: 0.7253
2026-09-18 15:34:27,867 - mmdet - INFO - Epoch [18][1000/2577]	lr: 1.500e-04, eta: 0:38:35, time: 0.338, data_time: 0.016, memory: 13382, loss_cls: 0.3499, loss_bbox: 0.3551, loss_kps: 0.0000, loss: 0.7050
2026-09-18 15:34:44,817 - mmdet - INFO - Epoch [18][1050/2577]	lr: 1.500e-04, eta: 0:38:18, time: 0.339, data_time: 0.016, memory: 13382, loss_cls: 0.3711, loss_bbox: 0.3598, loss_kps: 0.0000, loss: 0.7309
2026-09-18 15:35:01,815 - mmdet - INFO - Epoch [18][1100/2577]	lr: 1.500e-04, eta: 0:38:00, time: 0.340, data_time: 0.016, memory: 13382, loss_cls: 0.3660, loss_bbox: 0.3681, loss_kps: 0.0000, loss: 0.7342
2026-09-18 15:35:19,126 - mmdet - INFO - Epoch [18][1150/2577]	lr: 1.500e-04, eta: 0:37:43, time: 0.346, data_time: 0.017, memory: 13382, loss_cls: 0.3492, loss_bbox: 0.3599, loss_kps: 0.0000, loss: 0.7090
2026-09-18 15:35:36,561 - mmdet - INFO - Epoch [18][1200/2577]	lr: 1.500e-04, eta: 0:37:26, time: 0.349, data_time: 0.017, memory: 13382, loss_cls: 0.3650, loss_bbox: 0.3488, loss_kps: 0.0000, loss: 0.7138
2026-09-18 15:35:53,706 - mmdet - INFO - Epoch [18][1250/2577]	lr: 1.500e-04, eta: 0:37:09, time: 0.343, data_time: 0.016, memory: 13382, loss_cls: 0.3602, loss_bbox: 0.3566, loss_kps: 0.0000, loss: 0.7168
2026-09-18 15:36:10,731 - mmdet - INFO - Epoch [18][1300/2577]	lr: 1.500e-04, eta: 0:36:52, time: 0.341, data_time: 0.016, memory: 13382, loss_cls: 0.3610, loss_bbox: 0.3534, loss_kps: 0.0000, loss: 0.7144
2026-09-18 15:36:27,848 - mmdet - INFO - Epoch [18][1350/2577]	lr: 1.500e-04, eta: 0:36:34, time: 0.342, data_time: 0.016, memory: 13382, loss_cls: 0.3358, loss_bbox: 0.3451, loss_kps: 0.0000, loss: 0.6809
2026-09-18 15:36:45,179 - mmdet - INFO - Epoch [18][1400/2577]	lr: 1.500e-04, eta: 0:36:17, time: 0.347, data_time: 0.017, memory: 13382, loss_cls: 0.3559, loss_bbox: 0.3549, loss_kps: 0.0000, loss: 0.7108
2026-09-18 15:37:02,319 - mmdet - INFO - Epoch [18][1450/2577]	lr: 1.500e-04, eta: 0:36:00, time: 0.343, data_time: 0.016, memory: 13382, loss_cls: 0.3709, loss_bbox: 0.3662, loss_kps: 0.0000, loss: 0.7370
2026-09-18 15:37:19,267 - mmdet - INFO - Epoch [18][1500/2577]	lr: 1.500e-04, eta: 0:35:43, time: 0.339, data_time: 0.016, memory: 13382, loss_cls: 0.3651, loss_bbox: 0.3519, loss_kps: 0.0000, loss: 0.7170
2026-09-18 15:37:36,142 - mmdet - INFO - Epoch [18][1550/2577]	lr: 1.500e-04, eta: 0:35:25, time: 0.337, data_time: 0.016, memory: 13382, loss_cls: 0.3594, loss_bbox: 0.3580, loss_kps: 0.0000, loss: 0.7174
2026-09-18 15:37:53,185 - mmdet - INFO - Epoch [18][1600/2577]	lr: 1.500e-04, eta: 0:35:08, time: 0.341, data_time: 0.016, memory: 13382, loss_cls: 0.3697, loss_bbox: 0.3670, loss_kps: 0.0000, loss: 0.7367
2026-09-18 15:38:10,386 - mmdet - INFO - Epoch [18][1650/2577]	lr: 1.500e-04, eta: 0:34:51, time: 0.344, data_time: 0.016, memory: 13382, loss_cls: 0.3585, loss_bbox: 0.3487, loss_kps: 0.0000, loss: 0.7072
2026-09-18 15:38:27,307 - mmdet - INFO - Epoch [18][1700/2577]	lr: 1.500e-04, eta: 0:34:34, time: 0.338, data_time: 0.015, memory: 13382, loss_cls: 0.3608, loss_bbox: 0.3539, loss_kps: 0.0000, loss: 0.7147
2026-09-18 15:38:44,593 - mmdet - INFO - Epoch [18][1750/2577]	lr: 1.500e-04, eta: 0:34:17, time: 0.346, data_time: 0.016, memory: 13382, loss_cls: 0.3409, loss_bbox: 0.3525, loss_kps: 0.0000, loss: 0.6933
2026-09-18 15:39:02,168 - mmdet - INFO - Epoch [18][1800/2577]	lr: 1.500e-04, eta: 0:33:59, time: 0.351, data_time: 0.016, memory: 13382, loss_cls: 0.3654, loss_bbox: 0.3501, loss_kps: 0.0000, loss: 0.7155
2026-09-18 15:39:19,497 - mmdet - INFO - Epoch [18][1850/2577]	lr: 1.500e-04, eta: 0:33:42, time: 0.347, data_time: 0.016, memory: 13382, loss_cls: 0.3451, loss_bbox: 0.3506, loss_kps: 0.0000, loss: 0.6957
2026-09-18 15:39:36,727 - mmdet - INFO - Epoch [18][1900/2577]	lr: 1.500e-04, eta: 0:33:25, time: 0.345, data_time: 0.015, memory: 13382, loss_cls: 0.3400, loss_bbox: 0.3525, loss_kps: 0.0000, loss: 0.6925
2026-09-18 15:39:53,426 - mmdet - INFO - Epoch [18][1950/2577]	lr: 1.500e-04, eta: 0:33:08, time: 0.334, data_time: 0.016, memory: 13382, loss_cls: 0.3769, loss_bbox: 0.3680, loss_kps: 0.0000, loss: 0.7449
2026-09-18 15:40:10,504 - mmdet - INFO - Epoch [18][2000/2577]	lr: 1.500e-04, eta: 0:32:51, time: 0.342, data_time: 0.016, memory: 13382, loss_cls: 0.3525, loss_bbox: 0.3580, loss_kps: 0.0000, loss: 0.7105
2026-09-18 15:40:27,592 - mmdet - INFO - Epoch [18][2050/2577]	lr: 1.500e-04, eta: 0:32:33, time: 0.342, data_time: 0.016, memory: 13382, loss_cls: 0.3318, loss_bbox: 0.3423, loss_kps: 0.0000, loss: 0.6741
2026-09-18 15:40:44,871 - mmdet - INFO - Epoch [18][2100/2577]	lr: 1.500e-04, eta: 0:32:16, time: 0.346, data_time: 0.016, memory: 13382, loss_cls: 0.3529, loss_bbox: 0.3625, loss_kps: 0.0000, loss: 0.7154
2026-09-18 15:41:02,018 - mmdet - INFO - Epoch [18][2150/2577]	lr: 1.500e-04, eta: 0:31:59, time: 0.343, data_time: 0.016, memory: 13382, loss_cls: 0.3611, loss_bbox: 0.3548, loss_kps: 0.0000, loss: 0.7159
2026-09-18 15:41:19,063 - mmdet - INFO - Epoch [18][2200/2577]	lr: 1.500e-04, eta: 0:31:42, time: 0.341, data_time: 0.016, memory: 13382, loss_cls: 0.3533, loss_bbox: 0.3637, loss_kps: 0.0000, loss: 0.7170
2026-09-18 15:41:36,176 - mmdet - INFO - Epoch [18][2250/2577]	lr: 1.500e-04, eta: 0:31:25, time: 0.342, data_time: 0.017, memory: 13382, loss_cls: 0.3572, loss_bbox: 0.3558, loss_kps: 0.0000, loss: 0.7130
2026-09-18 15:41:53,158 - mmdet - INFO - Epoch [18][2300/2577]	lr: 1.500e-04, eta: 0:31:07, time: 0.340, data_time: 0.016, memory: 13382, loss_cls: 0.3663, loss_bbox: 0.3639, loss_kps: 0.0000, loss: 0.7302
2026-09-18 15:42:10,008 - mmdet - INFO - Epoch [18][2350/2577]	lr: 1.500e-04, eta: 0:30:50, time: 0.337, data_time: 0.016, memory: 13382, loss_cls: 0.3613, loss_bbox: 0.3678, loss_kps: 0.0000, loss: 0.7291
2026-09-18 15:42:26,979 - mmdet - INFO - Epoch [18][2400/2577]	lr: 1.500e-04, eta: 0:30:33, time: 0.339, data_time: 0.016, memory: 13382, loss_cls: 0.3525, loss_bbox: 0.3576, loss_kps: 0.0000, loss: 0.7101
2026-09-18 15:42:44,036 - mmdet - INFO - Epoch [18][2450/2577]	lr: 1.500e-04, eta: 0:30:16, time: 0.341, data_time: 0.016, memory: 13382, loss_cls: 0.3463, loss_bbox: 0.3494, loss_kps: 0.0000, loss: 0.6957
2026-09-18 15:43:01,424 - mmdet - INFO - Epoch [18][2500/2577]	lr: 1.500e-04, eta: 0:29:59, time: 0.348, data_time: 0.016, memory: 13382, loss_cls: 0.3895, loss_bbox: 0.3610, loss_kps: 0.0000, loss: 0.7505
2026-09-18 15:43:18,782 - mmdet - INFO - Epoch [18][2550/2577]	lr: 1.500e-04, eta: 0:29:41, time: 0.347, data_time: 0.017, memory: 13382, loss_cls: 0.3601, loss_bbox: 0.3573, loss_kps: 0.0000, loss: 0.7174
2026-09-18 15:43:28,585 - mmdet - INFO - Saving checkpoint at 18 epochs
2026-09-18 15:43:53,009 - mmdet - INFO - Epoch [19][50/2577]	lr: 1.500e-05, eta: 0:29:15, time: 0.480, data_time: 0.111, memory: 13382, loss_cls: 0.3675, loss_bbox: 0.3602, loss_kps: 0.0000, loss: 0.7277
2026-09-18 15:44:10,331 - mmdet - INFO - Epoch [19][100/2577]	lr: 1.500e-05, eta: 0:28:57, time: 0.346, data_time: 0.016, memory: 13382, loss_cls: 0.3616, loss_bbox: 0.3643, loss_kps: 0.0000, loss: 0.7259
2026-09-18 15:44:27,693 - mmdet - INFO - Epoch [19][150/2577]	lr: 1.500e-05, eta: 0:28:40, time: 0.347, data_time: 0.016, memory: 13382, loss_cls: 0.3715, loss_bbox: 0.3561, loss_kps: 0.0000, loss: 0.7276
2026-09-18 15:44:45,359 - mmdet - INFO - Epoch [19][200/2577]	lr: 1.500e-05, eta: 0:28:23, time: 0.353, data_time: 0.016, memory: 13382, loss_cls: 0.3573, loss_bbox: 0.3497, loss_kps: 0.0000, loss: 0.7070
2026-09-18 15:45:02,570 - mmdet - INFO - Epoch [19][250/2577]	lr: 1.500e-05, eta: 0:28:06, time: 0.344, data_time: 0.016, memory: 13382, loss_cls: 0.3780, loss_bbox: 0.3624, loss_kps: 0.0000, loss: 0.7404
2026-09-18 15:45:19,617 - mmdet - INFO - Epoch [19][300/2577]	lr: 1.500e-05, eta: 0:27:49, time: 0.341, data_time: 0.016, memory: 13382, loss_cls: 0.3633, loss_bbox: 0.3531, loss_kps: 0.0000, loss: 0.7165
2026-09-18 15:45:36,823 - mmdet - INFO - Epoch [19][350/2577]	lr: 1.500e-05, eta: 0:27:32, time: 0.344, data_time: 0.016, memory: 13382, loss_cls: 0.3455, loss_bbox: 0.3598, loss_kps: 0.0000, loss: 0.7053
2026-09-18 15:45:53,908 - mmdet - INFO - Epoch [19][400/2577]	lr: 1.500e-05, eta: 0:27:14, time: 0.342, data_time: 0.016, memory: 13382, loss_cls: 0.3654, loss_bbox: 0.3540, loss_kps: 0.0000, loss: 0.7193
2026-09-18 15:46:11,486 - mmdet - INFO - Epoch [19][450/2577]	lr: 1.500e-05, eta: 0:26:57, time: 0.352, data_time: 0.017, memory: 13382, loss_cls: 0.3452, loss_bbox: 0.3492, loss_kps: 0.0000, loss: 0.6943
2026-09-18 15:46:28,712 - mmdet - INFO - Epoch [19][500/2577]	lr: 1.500e-05, eta: 0:26:40, time: 0.345, data_time: 0.016, memory: 13382, loss_cls: 0.3768, loss_bbox: 0.3577, loss_kps: 0.0000, loss: 0.7345
2026-09-18 15:46:46,022 - mmdet - INFO - Epoch [19][550/2577]	lr: 1.500e-05, eta: 0:26:23, time: 0.346, data_time: 0.016, memory: 13382, loss_cls: 0.3520, loss_bbox: 0.3607, loss_kps: 0.0000, loss: 0.7126
2026-09-18 15:47:02,870 - mmdet - INFO - Epoch [19][600/2577]	lr: 1.500e-05, eta: 0:26:06, time: 0.337, data_time: 0.016, memory: 13382, loss_cls: 0.3552, loss_bbox: 0.3501, loss_kps: 0.0000, loss: 0.7053
2026-09-18 15:47:19,732 - mmdet - INFO - Epoch [19][650/2577]	lr: 1.500e-05, eta: 0:25:48, time: 0.337, data_time: 0.016, memory: 13382, loss_cls: 0.3584, loss_bbox: 0.3546, loss_kps: 0.0000, loss: 0.7130
2026-09-18 15:47:36,826 - mmdet - INFO - Epoch [19][700/2577]	lr: 1.500e-05, eta: 0:25:31, time: 0.342, data_time: 0.016, memory: 13382, loss_cls: 0.3523, loss_bbox: 0.3486, loss_kps: 0.0000, loss: 0.7009
2026-09-18 15:47:53,735 - mmdet - INFO - Epoch [19][750/2577]	lr: 1.500e-05, eta: 0:25:14, time: 0.338, data_time: 0.016, memory: 13382, loss_cls: 0.3539, loss_bbox: 0.3577, loss_kps: 0.0000, loss: 0.7117
2026-09-18 15:48:10,675 - mmdet - INFO - Epoch [19][800/2577]	lr: 1.500e-05, eta: 0:24:57, time: 0.339, data_time: 0.016, memory: 13382, loss_cls: 0.3602, loss_bbox: 0.3480, loss_kps: 0.0000, loss: 0.7081
2026-09-18 15:48:27,762 - mmdet - INFO - Epoch [19][850/2577]	lr: 1.500e-05, eta: 0:24:39, time: 0.342, data_time: 0.017, memory: 13382, loss_cls: 0.3515, loss_bbox: 0.3565, loss_kps: 0.0000, loss: 0.7079
2026-09-18 15:48:44,586 - mmdet - INFO - Epoch [19][900/2577]	lr: 1.500e-05, eta: 0:24:22, time: 0.336, data_time: 0.016, memory: 13382, loss_cls: 0.3539, loss_bbox: 0.3566, loss_kps: 0.0000, loss: 0.7104
2026-09-18 15:49:01,671 - mmdet - INFO - Epoch [19][950/2577]	lr: 1.500e-05, eta: 0:24:05, time: 0.342, data_time: 0.015, memory: 13382, loss_cls: 0.3510, loss_bbox: 0.3449, loss_kps: 0.0000, loss: 0.6960
2026-09-18 15:49:18,582 - mmdet - INFO - Epoch [19][1000/2577]	lr: 1.500e-05, eta: 0:23:48, time: 0.338, data_time: 0.016, memory: 13382, loss_cls: 0.3558, loss_bbox: 0.3515, loss_kps: 0.0000, loss: 0.7072
2026-09-18 15:49:35,838 - mmdet - INFO - Epoch [19][1050/2577]	lr: 1.500e-05, eta: 0:23:31, time: 0.345, data_time: 0.016, memory: 13382, loss_cls: 0.3394, loss_bbox: 0.3582, loss_kps: 0.0000, loss: 0.6976
2026-09-18 15:49:53,029 - mmdet - INFO - Epoch [19][1100/2577]	lr: 1.500e-05, eta: 0:23:13, time: 0.344, data_time: 0.016, memory: 13382, loss_cls: 0.3434, loss_bbox: 0.3562, loss_kps: 0.0000, loss: 0.6996
2026-09-18 15:50:10,294 - mmdet - INFO - Epoch [19][1150/2577]	lr: 1.500e-05, eta: 0:22:56, time: 0.345, data_time: 0.016, memory: 13382, loss_cls: 0.3724, loss_bbox: 0.3537, loss_kps: 0.0000, loss: 0.7260
2026-09-18 15:50:27,437 - mmdet - INFO - Epoch [19][1200/2577]	lr: 1.500e-05, eta: 0:22:39, time: 0.343, data_time: 0.016, memory: 13382, loss_cls: 0.3680, loss_bbox: 0.3630, loss_kps: 0.0000, loss: 0.7310
2026-09-18 15:50:44,752 - mmdet - INFO - Epoch [19][1250/2577]	lr: 1.500e-05, eta: 0:22:22, time: 0.346, data_time: 0.018, memory: 13382, loss_cls: 0.3583, loss_bbox: 0.3610, loss_kps: 0.0000, loss: 0.7193
2026-09-18 15:51:02,072 - mmdet - INFO - Epoch [19][1300/2577]	lr: 1.500e-05, eta: 0:22:05, time: 0.346, data_time: 0.016, memory: 13382, loss_cls: 0.3448, loss_bbox: 0.3546, loss_kps: 0.0000, loss: 0.6994
2026-09-18 15:51:19,252 - mmdet - INFO - Epoch [19][1350/2577]	lr: 1.500e-05, eta: 0:21:48, time: 0.344, data_time: 0.016, memory: 13382, loss_cls: 0.3568, loss_bbox: 0.3545, loss_kps: 0.0000, loss: 0.7113
2026-09-18 15:51:36,313 - mmdet - INFO - Epoch [19][1400/2577]	lr: 1.500e-05, eta: 0:21:30, time: 0.341, data_time: 0.016, memory: 13382, loss_cls: 0.3444, loss_bbox: 0.3482, loss_kps: 0.0000, loss: 0.6927
2026-09-18 15:51:53,534 - mmdet - INFO - Epoch [19][1450/2577]	lr: 1.500e-05, eta: 0:21:13, time: 0.344, data_time: 0.016, memory: 13382, loss_cls: 0.3531, loss_bbox: 0.3463, loss_kps: 0.0000, loss: 0.6994
2026-09-18 15:52:10,800 - mmdet - INFO - Epoch [19][1500/2577]	lr: 1.500e-05, eta: 0:20:56, time: 0.345, data_time: 0.016, memory: 13382, loss_cls: 0.3503, loss_bbox: 0.3518, loss_kps: 0.0000, loss: 0.7021
2026-09-18 15:52:27,940 - mmdet - INFO - Epoch [19][1550/2577]	lr: 1.500e-05, eta: 0:20:39, time: 0.343, data_time: 0.016, memory: 13382, loss_cls: 0.3527, loss_bbox: 0.3528, loss_kps: 0.0000, loss: 0.7056
2026-09-18 15:52:45,232 - mmdet - INFO - Epoch [19][1600/2577]	lr: 1.500e-05, eta: 0:20:22, time: 0.346, data_time: 0.016, memory: 13382, loss_cls: 0.3644, loss_bbox: 0.3622, loss_kps: 0.0000, loss: 0.7265
2026-09-18 15:53:02,477 - mmdet - INFO - Epoch [19][1650/2577]	lr: 1.500e-05, eta: 0:20:04, time: 0.345, data_time: 0.017, memory: 13382, loss_cls: 0.3653, loss_bbox: 0.3618, loss_kps: 0.0000, loss: 0.7271
2026-09-18 15:53:19,973 - mmdet - INFO - Epoch [19][1700/2577]	lr: 1.500e-05, eta: 0:19:47, time: 0.350, data_time: 0.016, memory: 13382, loss_cls: 0.3577, loss_bbox: 0.3598, loss_kps: 0.0000, loss: 0.7175
2026-09-18 15:53:37,228 - mmdet - INFO - Epoch [19][1750/2577]	lr: 1.500e-05, eta: 0:19:30, time: 0.345, data_time: 0.016, memory: 13382, loss_cls: 0.3403, loss_bbox: 0.3509, loss_kps: 0.0000, loss: 0.6912
2026-09-18 15:53:54,270 - mmdet - INFO - Epoch [19][1800/2577]	lr: 1.500e-05, eta: 0:19:13, time: 0.341, data_time: 0.017, memory: 13382, loss_cls: 0.3626, loss_bbox: 0.3623, loss_kps: 0.0000, loss: 0.7249
2026-09-18 15:54:11,517 - mmdet - INFO - Epoch [19][1850/2577]	lr: 1.500e-05, eta: 0:18:56, time: 0.345, data_time: 0.018, memory: 13382, loss_cls: 0.3645, loss_bbox: 0.3565, loss_kps: 0.0000, loss: 0.7210
2026-09-18 15:54:29,066 - mmdet - INFO - Epoch [19][1900/2577]	lr: 1.500e-05, eta: 0:18:38, time: 0.351, data_time: 0.016, memory: 13382, loss_cls: 0.3724, loss_bbox: 0.3674, loss_kps: 0.0000, loss: 0.7397
2026-09-18 15:54:46,716 - mmdet - INFO - Epoch [19][1950/2577]	lr: 1.500e-05, eta: 0:18:21, time: 0.353, data_time: 0.017, memory: 13382, loss_cls: 0.3476, loss_bbox: 0.3539, loss_kps: 0.0000, loss: 0.7015
2026-09-18 15:55:03,996 - mmdet - INFO - Epoch [19][2000/2577]	lr: 1.500e-05, eta: 0:18:04, time: 0.346, data_time: 0.017, memory: 13382, loss_cls: 0.3455, loss_bbox: 0.3525, loss_kps: 0.0000, loss: 0.6980
2026-09-18 15:55:21,704 - mmdet - INFO - Epoch [19][2050/2577]	lr: 1.500e-05, eta: 0:17:47, time: 0.354, data_time: 0.016, memory: 13382, loss_cls: 0.3554, loss_bbox: 0.3523, loss_kps: 0.0000, loss: 0.7078
2026-09-18 15:55:39,148 - mmdet - INFO - Epoch [19][2100/2577]	lr: 1.500e-05, eta: 0:17:30, time: 0.349, data_time: 0.016, memory: 13382, loss_cls: 0.3716, loss_bbox: 0.3600, loss_kps: 0.0000, loss: 0.7317
2026-09-18 15:55:56,621 - mmdet - INFO - Epoch [19][2150/2577]	lr: 1.500e-05, eta: 0:17:13, time: 0.349, data_time: 0.016, memory: 13382, loss_cls: 0.3395, loss_bbox: 0.3531, loss_kps: 0.0000, loss: 0.6926
2026-09-18 15:56:13,925 - mmdet - INFO - Epoch [19][2200/2577]	lr: 1.500e-05, eta: 0:16:55, time: 0.346, data_time: 0.016, memory: 13382, loss_cls: 0.3499, loss_bbox: 0.3517, loss_kps: 0.0000, loss: 0.7017
2026-09-18 15:56:31,464 - mmdet - INFO - Epoch [19][2250/2577]	lr: 1.500e-05, eta: 0:16:38, time: 0.351, data_time: 0.017, memory: 13382, loss_cls: 0.3509, loss_bbox: 0.3543, loss_kps: 0.0000, loss: 0.7051
2026-09-18 15:56:48,695 - mmdet - INFO - Epoch [19][2300/2577]	lr: 1.500e-05, eta: 0:16:21, time: 0.345, data_time: 0.016, memory: 13382, loss_cls: 0.3595, loss_bbox: 0.3523, loss_kps: 0.0000, loss: 0.7118
2026-09-18 15:57:06,268 - mmdet - INFO - Epoch [19][2350/2577]	lr: 1.500e-05, eta: 0:16:04, time: 0.351, data_time: 0.016, memory: 13382, loss_cls: 0.3603, loss_bbox: 0.3499, loss_kps: 0.0000, loss: 0.7103
2026-09-18 15:57:23,815 - mmdet - INFO - Epoch [19][2400/2577]	lr: 1.500e-05, eta: 0:15:47, time: 0.351, data_time: 0.016, memory: 13382, loss_cls: 0.3537, loss_bbox: 0.3535, loss_kps: 0.0000, loss: 0.7072
2026-09-18 15:57:41,345 - mmdet - INFO - Epoch [19][2450/2577]	lr: 1.500e-05, eta: 0:15:29, time: 0.351, data_time: 0.016, memory: 13382, loss_cls: 0.3345, loss_bbox: 0.3478, loss_kps: 0.0000, loss: 0.6823
2026-09-18 15:57:58,625 - mmdet - INFO - Epoch [19][2500/2577]	lr: 1.500e-05, eta: 0:15:12, time: 0.346, data_time: 0.016, memory: 13382, loss_cls: 0.3579, loss_bbox: 0.3591, loss_kps: 0.0000, loss: 0.7169
2026-09-18 15:58:15,834 - mmdet - INFO - Epoch [19][2550/2577]	lr: 1.500e-05, eta: 0:14:55, time: 0.344, data_time: 0.016, memory: 13382, loss_cls: 0.3546, loss_bbox: 0.3441, loss_kps: 0.0000, loss: 0.6987
2026-09-18 15:58:25,668 - mmdet - INFO - Saving checkpoint at 19 epochs
2026-09-18 15:58:50,155 - mmdet - INFO - Epoch [20][50/2577]	lr: 1.500e-05, eta: 0:14:28, time: 0.481, data_time: 0.116, memory: 13382, loss_cls: 0.3642, loss_bbox: 0.3525, loss_kps: 0.0000, loss: 0.7166
2026-09-18 15:59:07,219 - mmdet - INFO - Epoch [20][100/2577]	lr: 1.500e-05, eta: 0:14:11, time: 0.341, data_time: 0.016, memory: 13382, loss_cls: 0.3857, loss_bbox: 0.3603, loss_kps: 0.0000, loss: 0.7460
2026-09-18 15:59:24,489 - mmdet - INFO - Epoch [20][150/2577]	lr: 1.500e-05, eta: 0:13:54, time: 0.345, data_time: 0.016, memory: 13382, loss_cls: 0.3518, loss_bbox: 0.3453, loss_kps: 0.0000, loss: 0.6971
2026-09-18 15:59:41,963 - mmdet - INFO - Epoch [20][200/2577]	lr: 1.500e-05, eta: 0:13:37, time: 0.349, data_time: 0.016, memory: 13382, loss_cls: 0.3395, loss_bbox: 0.3439, loss_kps: 0.0000, loss: 0.6834
2026-09-18 15:59:59,066 - mmdet - INFO - Epoch [20][250/2577]	lr: 1.500e-05, eta: 0:13:20, time: 0.342, data_time: 0.016, memory: 13382, loss_cls: 0.3535, loss_bbox: 0.3577, loss_kps: 0.0000, loss: 0.7112
2026-09-18 16:00:16,391 - mmdet - INFO - Epoch [20][300/2577]	lr: 1.500e-05, eta: 0:13:03, time: 0.346, data_time: 0.017, memory: 13382, loss_cls: 0.3643, loss_bbox: 0.3542, loss_kps: 0.0000, loss: 0.7184
2026-09-18 16:00:33,614 - mmdet - INFO - Epoch [20][350/2577]	lr: 1.500e-05, eta: 0:12:45, time: 0.344, data_time: 0.016, memory: 13382, loss_cls: 0.3616, loss_bbox: 0.3613, loss_kps: 0.0000, loss: 0.7229
2026-09-18 16:00:50,674 - mmdet - INFO - Epoch [20][400/2577]	lr: 1.500e-05, eta: 0:12:28, time: 0.341, data_time: 0.016, memory: 13382, loss_cls: 0.3524, loss_bbox: 0.3546, loss_kps: 0.0000, loss: 0.7071
2026-09-18 16:01:07,903 - mmdet - INFO - Epoch [20][450/2577]	lr: 1.500e-05, eta: 0:12:11, time: 0.345, data_time: 0.017, memory: 13382, loss_cls: 0.3683, loss_bbox: 0.3624, loss_kps: 0.0000, loss: 0.7307
2026-09-18 16:01:25,127 - mmdet - INFO - Epoch [20][500/2577]	lr: 1.500e-05, eta: 0:11:54, time: 0.344, data_time: 0.016, memory: 13382, loss_cls: 0.3612, loss_bbox: 0.3570, loss_kps: 0.0000, loss: 0.7183
2026-09-18 16:01:42,296 - mmdet - INFO - Epoch [20][550/2577]	lr: 1.500e-05, eta: 0:11:37, time: 0.343, data_time: 0.016, memory: 13382, loss_cls: 0.3468, loss_bbox: 0.3573, loss_kps: 0.0000, loss: 0.7042
2026-09-18 16:01:59,179 - mmdet - INFO - Epoch [20][600/2577]	lr: 1.500e-05, eta: 0:11:19, time: 0.338, data_time: 0.016, memory: 13382, loss_cls: 0.3543, loss_bbox: 0.3583, loss_kps: 0.0000, loss: 0.7125
2026-09-18 16:02:16,446 - mmdet - INFO - Epoch [20][650/2577]	lr: 1.500e-05, eta: 0:11:02, time: 0.345, data_time: 0.016, memory: 13382, loss_cls: 0.3492, loss_bbox: 0.3553, loss_kps: 0.0000, loss: 0.7045
2026-09-18 16:02:33,643 - mmdet - INFO - Epoch [20][700/2577]	lr: 1.500e-05, eta: 0:10:45, time: 0.344, data_time: 0.017, memory: 13382, loss_cls: 0.3575, loss_bbox: 0.3545, loss_kps: 0.0000, loss: 0.7119
2026-09-18 16:02:50,839 - mmdet - INFO - Epoch [20][750/2577]	lr: 1.500e-05, eta: 0:10:28, time: 0.344, data_time: 0.016, memory: 13382, loss_cls: 0.3464, loss_bbox: 0.3538, loss_kps: 0.0000, loss: 0.7001
2026-09-18 16:03:08,466 - mmdet - INFO - Epoch [20][800/2577]	lr: 1.500e-05, eta: 0:10:11, time: 0.353, data_time: 0.017, memory: 13382, loss_cls: 0.3581, loss_bbox: 0.3470, loss_kps: 0.0000, loss: 0.7051
2026-09-18 16:03:26,205 - mmdet - INFO - Epoch [20][850/2577]	lr: 1.500e-05, eta: 0:09:53, time: 0.355, data_time: 0.017, memory: 13382, loss_cls: 0.3643, loss_bbox: 0.3598, loss_kps: 0.0000, loss: 0.7242
2026-09-18 16:03:43,857 - mmdet - INFO - Epoch [20][900/2577]	lr: 1.500e-05, eta: 0:09:36, time: 0.353, data_time: 0.016, memory: 13382, loss_cls: 0.3565, loss_bbox: 0.3569, loss_kps: 0.0000, loss: 0.7134
2026-09-18 16:04:00,950 - mmdet - INFO - Epoch [20][950/2577]	lr: 1.500e-05, eta: 0:09:19, time: 0.342, data_time: 0.016, memory: 13382, loss_cls: 0.3439, loss_bbox: 0.3491, loss_kps: 0.0000, loss: 0.6930
2026-09-18 16:04:17,912 - mmdet - INFO - Epoch [20][1000/2577]	lr: 1.500e-05, eta: 0:09:02, time: 0.339, data_time: 0.016, memory: 13382, loss_cls: 0.3466, loss_bbox: 0.3488, loss_kps: 0.0000, loss: 0.6954
2026-09-18 16:04:34,966 - mmdet - INFO - Epoch [20][1050/2577]	lr: 1.500e-05, eta: 0:08:45, time: 0.341, data_time: 0.016, memory: 13382, loss_cls: 0.3371, loss_bbox: 0.3430, loss_kps: 0.0000, loss: 0.6801
2026-09-18 16:04:52,175 - mmdet - INFO - Epoch [20][1100/2577]	lr: 1.500e-05, eta: 0:08:27, time: 0.344, data_time: 0.017, memory: 13382, loss_cls: 0.3533, loss_bbox: 0.3602, loss_kps: 0.0000, loss: 0.7135
2026-09-18 16:05:08,902 - mmdet - INFO - Epoch [20][1150/2577]	lr: 1.500e-05, eta: 0:08:10, time: 0.335, data_time: 0.016, memory: 13382, loss_cls: 0.3518, loss_bbox: 0.3631, loss_kps: 0.0000, loss: 0.7149
2026-09-18 16:05:25,984 - mmdet - INFO - Epoch [20][1200/2577]	lr: 1.500e-05, eta: 0:07:53, time: 0.342, data_time: 0.016, memory: 13382, loss_cls: 0.3608, loss_bbox: 0.3653, loss_kps: 0.0000, loss: 0.7260
2026-09-18 16:05:43,483 - mmdet - INFO - Epoch [20][1250/2577]	lr: 1.500e-05, eta: 0:07:36, time: 0.350, data_time: 0.017, memory: 13382, loss_cls: 0.3684, loss_bbox: 0.3636, loss_kps: 0.0000, loss: 0.7320
2026-09-18 16:06:00,416 - mmdet - INFO - Epoch [20][1300/2577]	lr: 1.500e-05, eta: 0:07:19, time: 0.339, data_time: 0.016, memory: 13382, loss_cls: 0.3612, loss_bbox: 0.3643, loss_kps: 0.0000, loss: 0.7255
2026-09-18 16:06:17,536 - mmdet - INFO - Epoch [20][1350/2577]	lr: 1.500e-05, eta: 0:07:01, time: 0.342, data_time: 0.017, memory: 13382, loss_cls: 0.3527, loss_bbox: 0.3592, loss_kps: 0.0000, loss: 0.7119
2026-09-18 16:06:35,043 - mmdet - INFO - Epoch [20][1400/2577]	lr: 1.500e-05, eta: 0:06:44, time: 0.350, data_time: 0.016, memory: 13382, loss_cls: 0.3535, loss_bbox: 0.3574, loss_kps: 0.0000, loss: 0.7109
2026-09-18 16:06:52,137 - mmdet - INFO - Epoch [20][1450/2577]	lr: 1.500e-05, eta: 0:06:27, time: 0.342, data_time: 0.017, memory: 13382, loss_cls: 0.3521, loss_bbox: 0.3446, loss_kps: 0.0000, loss: 0.6967
2026-09-18 16:07:09,108 - mmdet - INFO - Epoch [20][1500/2577]	lr: 1.500e-05, eta: 0:06:10, time: 0.339, data_time: 0.017, memory: 13382, loss_cls: 0.3521, loss_bbox: 0.3546, loss_kps: 0.0000, loss: 0.7067
2026-09-18 16:07:25,911 - mmdet - INFO - Epoch [20][1550/2577]	lr: 1.500e-05, eta: 0:05:53, time: 0.336, data_time: 0.017, memory: 13382, loss_cls: 0.3557, loss_bbox: 0.3581, loss_kps: 0.0000, loss: 0.7138
2026-09-18 16:07:42,793 - mmdet - INFO - Epoch [20][1600/2577]	lr: 1.500e-05, eta: 0:05:35, time: 0.338, data_time: 0.017, memory: 13382, loss_cls: 0.3544, loss_bbox: 0.3556, loss_kps: 0.0000, loss: 0.7100
2026-09-18 16:07:59,656 - mmdet - INFO - Epoch [20][1650/2577]	lr: 1.500e-05, eta: 0:05:18, time: 0.337, data_time: 0.017, memory: 13382, loss_cls: 0.3589, loss_bbox: 0.3512, loss_kps: 0.0000, loss: 0.7101
2026-09-18 16:08:16,557 - mmdet - INFO - Epoch [20][1700/2577]	lr: 1.500e-05, eta: 0:05:01, time: 0.338, data_time: 0.017, memory: 13382, loss_cls: 0.3595, loss_bbox: 0.3508, loss_kps: 0.0000, loss: 0.7103
2026-09-18 16:08:33,314 - mmdet - INFO - Epoch [20][1750/2577]	lr: 1.500e-05, eta: 0:04:44, time: 0.335, data_time: 0.017, memory: 13382, loss_cls: 0.3597, loss_bbox: 0.3593, loss_kps: 0.0000, loss: 0.7190
2026-09-18 16:08:50,330 - mmdet - INFO - Epoch [20][1800/2577]	lr: 1.500e-05, eta: 0:04:27, time: 0.340, data_time: 0.017, memory: 13382, loss_cls: 0.3585, loss_bbox: 0.3543, loss_kps: 0.0000, loss: 0.7128
2026-09-18 16:09:07,545 - mmdet - INFO - Epoch [20][1850/2577]	lr: 1.500e-05, eta: 0:04:09, time: 0.344, data_time: 0.017, memory: 13382, loss_cls: 0.3523, loss_bbox: 0.3544, loss_kps: 0.0000, loss: 0.7067
2026-09-18 16:09:24,501 - mmdet - INFO - Epoch [20][1900/2577]	lr: 1.500e-05, eta: 0:03:52, time: 0.339, data_time: 0.017, memory: 13382, loss_cls: 0.3509, loss_bbox: 0.3524, loss_kps: 0.0000, loss: 0.7033
2026-09-18 16:09:41,547 - mmdet - INFO - Epoch [20][1950/2577]	lr: 1.500e-05, eta: 0:03:35, time: 0.341, data_time: 0.017, memory: 13382, loss_cls: 0.3572, loss_bbox: 0.3614, loss_kps: 0.0000, loss: 0.7186
2026-09-18 16:09:58,541 - mmdet - INFO - Epoch [20][2000/2577]	lr: 1.500e-05, eta: 0:03:18, time: 0.340, data_time: 0.017, memory: 13382, loss_cls: 0.3471, loss_bbox: 0.3559, loss_kps: 0.0000, loss: 0.7030
2026-09-18 16:10:15,405 - mmdet - INFO - Epoch [20][2050/2577]	lr: 1.500e-05, eta: 0:03:01, time: 0.337, data_time: 0.017, memory: 13382, loss_cls: 0.3447, loss_bbox: 0.3496, loss_kps: 0.0000, loss: 0.6943
2026-09-18 16:10:32,332 - mmdet - INFO - Epoch [20][2100/2577]	lr: 1.500e-05, eta: 0:02:44, time: 0.339, data_time: 0.017, memory: 13382, loss_cls: 0.3486, loss_bbox: 0.3558, loss_kps: 0.0000, loss: 0.7044
2026-09-18 16:10:49,364 - mmdet - INFO - Epoch [20][2150/2577]	lr: 1.500e-05, eta: 0:02:26, time: 0.341, data_time: 0.017, memory: 13382, loss_cls: 0.3615, loss_bbox: 0.3645, loss_kps: 0.0000, loss: 0.7260
2026-09-18 16:11:06,543 - mmdet - INFO - Epoch [20][2200/2577]	lr: 1.500e-05, eta: 0:02:09, time: 0.344, data_time: 0.017, memory: 13382, loss_cls: 0.3514, loss_bbox: 0.3557, loss_kps: 0.0000, loss: 0.7071
2026-09-18 16:11:23,653 - mmdet - INFO - Epoch [20][2250/2577]	lr: 1.500e-05, eta: 0:01:52, time: 0.342, data_time: 0.017, memory: 13382, loss_cls: 0.3541, loss_bbox: 0.3495, loss_kps: 0.0000, loss: 0.7036
2026-09-18 16:11:40,646 - mmdet - INFO - Epoch [20][2300/2577]	lr: 1.500e-05, eta: 0:01:35, time: 0.340, data_time: 0.017, memory: 13382, loss_cls: 0.3334, loss_bbox: 0.3497, loss_kps: 0.0000, loss: 0.6831
2026-09-18 16:11:57,507 - mmdet - INFO - Epoch [20][2350/2577]	lr: 1.500e-05, eta: 0:01:18, time: 0.337, data_time: 0.017, memory: 13382, loss_cls: 0.3465, loss_bbox: 0.3487, loss_kps: 0.0000, loss: 0.6952
2026-09-18 16:12:14,337 - mmdet - INFO - Epoch [20][2400/2577]	lr: 1.500e-05, eta: 0:01:00, time: 0.337, data_time: 0.017, memory: 13382, loss_cls: 0.3632, loss_bbox: 0.3603, loss_kps: 0.0000, loss: 0.7235
2026-09-18 16:12:31,101 - mmdet - INFO - Epoch [20][2450/2577]	lr: 1.500e-05, eta: 0:00:43, time: 0.335, data_time: 0.017, memory: 13382, loss_cls: 0.3357, loss_bbox: 0.3554, loss_kps: 0.0000, loss: 0.6911
2026-09-18 16:12:48,401 - mmdet - INFO - Epoch [20][2500/2577]	lr: 1.500e-05, eta: 0:00:26, time: 0.346, data_time: 0.018, memory: 13382, loss_cls: 0.3479, loss_bbox: 0.3497, loss_kps: 0.0000, loss: 0.6976
2026-09-18 16:13:05,585 - mmdet - INFO - Epoch [20][2550/2577]	lr: 1.500e-05, eta: 0:00:09, time: 0.344, data_time: 0.017, memory: 13382, loss_cls: 0.3669, loss_bbox: 0.3676, loss_kps: 0.0000, loss: 0.7345
2026-09-18 16:13:15,221 - mmdet - INFO - Saving checkpoint at 20 epochs
