session,role
20260414_055719_ZUNSUJ,train
20260414_060914_NVZEQS,eval
20260415_033403_EYFSAT,eval
20260415_061902_ERLADM,train
20260415_073827_ERJBXC,train
20260415_080854_JXWABC,train
20260416_051345_YDAZRL,train
20260416_054500_MPYLSE,train
20260416_091341_WMAVJB,train
20260417_073530_RMCRLU,train
20260417_075140_YJFCAD,train
20260418_003331_BGDZXM,train
20260418_013407_GUAUAH,train
20260418_072746_FZXEJB,eval
20260419_005122_WRTECC,eval
20260419_025608_XSESLT,train
20260419_060338_DXGPGB,eval
20260420_011737_QCGWEY,eval
20260420_014052_CLDNFY,train
20260420_023732_TYLHUA,train
20260420_031748_AWFLAE,train
20260420_040427_WUCUCV,train
20260420_050329_PTDBDB,eval
20260420_050516_FPVCPD,train
20260420_052406_CAAZGU,eval
20260420_052744_YSUXMC,train
20260420_055907_YKHWQL,train
20260420_060645_VPWYQG,train
20260420_062609_FWHRQZ,train
20260420_064106_FCLHVG,train
20260420_065216_XJBSDJ,train
20260420_065430_LZYMZP,train
20260420_070024_WZSSPP,train
20260420_071515_ZGUXVJ,train
20260420_074723_HPHRGK,train
20260420_082759_EPSYXD,train
20260420_091418_LMERMK,train
20260420_092036_GZHCSQ,train
20260420_092104_PDHECN,train
20260420_093613_JTTZBH,train
20260421_023212_PWUXWJ,eval
20260421_025701_AAVNYW,eval
20260421_031446_DXJETT,train
20260421_045025_CNXZED,eval
20260421_045305_GXLEKQ,train
20260421_055302_YYSRFS,train
20260421_062329_CLTMVZ,train
20260421_062815_XXBUHH,train
20260421_070810_UKWNBB,train
20260421_070814_ZEALKP,train
20260421_072148_YQRPBD,train
20260421_073238_QNCRLH,train
20260421_074843_GDBCPE,train
20260421_075545_WXTGHN,train
20260421_083640_DHMZQD,train
20260421_090926_ALKBDW,train
20260421_095810_PZSPVH,train
20260422_015611_CVYNNY,train
20260422_023819_NBJCWY,train
20260422_030505_HRUFJK,eval
20260422_031147_QSZURW,train
20260422_031939_GASBBY,train
20260422_032414_HCTHQK,train
20260422_033957_SGCDCS,train
20260422_041545_XKMSMP,train
20260422_042300_BRWERV,eval
20260422_053416_VGXLZD,train
20260422_062528_FNAJBL,train
20260422_063504_XVKJQA,train
20260422_072724_MQNLLS,train
20260422_084548_RHRJJT,eval
20260422_091208_BHGRXN,train
20260422_091403_DQMUTY,train
20260422_093524_TWDCMU,train
20260422_102821_PPPGJM,train
20260422_104650_KNLMZG,train
20260423_023251_WCXFTN,train
20260423_032603_JJBZNQ,train
20260423_041605_VJVWPF,train
20260423_050905_UEDFVX,train
20260423_054145_PTKJFA,train
20260423_055504_MELPMK,train
20260423_060809_LTRXVW,eval
20260423_062044_LBUHMF,eval
20260423_073004_WHZSLB,train
20260423_081653_MZZNNQ,train
20260423_082758_GSNRNG,train
20260423_082926_CRWHFH,train
20260423_093240_MMWMMG,train
20260423_103354_JHQVPE,train
20260424_015655_AFNEAW,train
20260424_021210_UPEBZN,train
20260424_023834_ZZFYCJ,train
20260424_031815_NAWWWY,train
20260424_035951_FWKHFG,eval
20260424_040124_NTBDZQ,train
20260424_043446_EWNSNB,train
20260424_051855_ETRKYW,eval
20260424_055708_JRGCDH,eval
20260424_065456_YXXCPY,train
20260424_073623_GKUKCB,train
20260424_074719_PCFGJY,eval
20260424_081203_RHZETE,train
20260424_081313_ZZWZWR,train
20260424_081622_GDDVHJ,train
20260424_085027_PBLSAW,train
20260424_090839_PFEMER,eval
20260424_092604_UFKMKR,eval
20260424_092625_BPPQLW,train
20260424_101727_FYRRAG,train
20260425_005841_NRMTLX,eval
20260425_024906_XFUEXU,train
20260425_030040_ZYFBNU,train
20260425_064522_HHUSFK,train
20260425_065800_YTBVEN,train
20260425_072952_DHEVPA,eval
20260425_075424_KCDVET,train
20260425_081522_WZBPEH,train
20260425_082002_WJREPX,eval
20260425_083336_HZZNDD,eval
20260425_090206_ZTGSLX,train
20260425_110223_CGYJGU,train
20260425_111616_YQUCRM,train
20260426_003724_USCMGV,eval
20260426_024816_JDSNNM,train
20260426_055844_PRPTWP,train
20260426_071953_HPYWGC,eval
20260426_093102_MXMPSF,eval
20260426_095840_XDGNUB,eval
20260427_014754_UPGGZU,train
20260427_022106_HMKGBR,train
20260427_022114_CAZGUM,train
20260427_022121_LMCMEL,train
20260427_023026_RCHLVA,train
20260427_024905_XPREGS,eval
20260427_030408_QCSVVR,train
20260427_041849_XEPCDG,train
20260427_043808_LLCZXX,train
20260427_052716_AGZTFG,eval
20260427_052929_QDWGYD,train
20260427_053852_ZQNRXB,eval
20260427_064937_DPMRBC,eval
20260427_070618_PUPMBB,train
20260427_074733_KUSRBS,train
20260427_090606_FQFQWN,train
20260427_090831_FQYQUB,eval
20260427_092850_WMYBSB,eval
20260427_093526_VJBRGT,train
20260427_094040_HKZFUC,eval
20260427_094427_FWQUBD,eval
20260427_103722_VDWZPC,train
20260427_104212_SUEGWB,train
20260428_020107_EEBESA,train
20260428_020644_XPPKGT,train
20260428_020927_MTCVNA,eval
20260428_021304_MBDKKE,train
20260428_030452_MEPSXQ,train
20260428_031020_JNNFEF,train
20260428_031441_NTZRTR,eval
20260428_033343_DBVBMP,train
20260428_034547_ULJCDQ,eval
20260428_041623_KXDFTV,train
20260428_044926_KKGZWF,eval
20260428_054545_FVPFLG,train
20260428_061818_GDSUTY,train
20260428_062106_QLXDPU,train
20260428_072738_ZWLMWK,train
20260428_073240_EASSYH,train
20260428_073604_CVQEXV,train
20260428_074615_QSZJTY,train
20260428_074856_AAWWNC,train
20260428_084315_FKMWFF,train
20260428_084414_BMJPLA,train
20260428_084657_HVSWAX,eval
20260428_091919_ZDAHEF,train
20260428_093827_ZLEEWL,eval
20260428_102614_AWRQTA,eval
20260428_110115_MYFMCG,train
20260429_011153_YQKETD,train
20260429_014439_TXYDYW,train
20260429_025604_GAZFLC,train
20260429_030949_ELSAMH,eval
20260429_034610_TTWAJT,train
20260429_034627_RXREXK,train
20260429_041501_DPUSNZ,train
20260429_045109_WZNGLA,train
20260429_045340_GYCUWH,train
20260429_052108_MRBTWY,train
20260429_054114_WWNHGV,train
20260429_062628_VJLFLT,train
20260429_062715_PPQYVD,train
20260429_064207_AMWYEY,train
20260429_065008_JXDSXQ,train
20260429_075419_PQEKKV,train
20260429_080807_TZFQKY,train
20260429_081304_DMRWHM,train
20260429_091321_FNAHSL,train
20260429_094856_KGXMLQ,eval
20260429_114235_GSJAJN,train
20260430_011259_MDBUFK,train
20260430_020942_XQQNJD,eval
20260430_024300_YMCKPG,train
20260430_030713_XWMHSB,train
20260430_033453_FCNXEM,eval
20260430_040524_VUPZDB,train
20260430_042546_RSWFRW,train
20260430_044937_SWGXSG,train
20260430_045133_VHRFXF,train
20260430_051310_RPQJGJ,eval
20260430_053528_UQASGZ,train
20260430_054507_PBMVZD,train
20260430_072345_BXJFBM,train
20260430_073732_CAVXDL,train
20260430_075351_GRRMPG,train
20260430_080854_UUAAZW,train
20260430_100115_JCTCZT,train
20260430_101209_ZRHWVH,train
20260501_050255_WFWUCH,train
20260501_060231_WKKVMG,eval
20260501_072357_MBJDDF,train
20260501_080139_DNUSQS,train
20260501_080344_FQCPXU,train
20260501_080900_URLQZF,train
20260501_093136_WNJRVE,train
20260502_011005_YSVQYZ,train
20260502_025030_EBBJDU,train
20260502_033907_VXXBTJ,eval
20260502_050645_UVUWDD,train
20260502_053503_WYYPCE,train
20260502_061614_MQYDUZ,train
20260502_082434_QQVVQL,train
20260502_084827_ULEPGC,train
20260502_092505_ZJCYQG,train
20260502_094826_WPYQCD,train
20260502_235510_KJGMQZ,train
20260503_032026_FAEKJN,eval
20260503_055146_KSMJSW,train
20260503_092835_QWJHMG,eval
20260504_012015_SERHZY,train
20260504_025259_JWYJMD,train
20260504_034319_MZNREE,train
20260504_041214_HFXGEA,train
20260504_043539_BSDPRR,train
20260504_061252_GGUXVC,train
20260506_011748_PKHPKX,train
20260506_012617_WWDBUJ,train
20260506_023855_KAAVFH,train
20260506_030420_PZLSTT,eval
20260506_031230_CNLXYY,train
20260506_031815_PVFHMH,train
20260506_032502_STHCAT,train
20260506_051112_BECXHJ,train
20260506_052652_MKFGLL,eval
20260506_055438_UMXQJP,eval
20260506_061033_KGQPZL,eval
20260506_064805_SYNMQU,eval
20260506_070433_ZKJPJZ,eval
20260506_073149_RWXPUU,train
20260506_073405_RREPUR,train
20260506_074106_BQADZY,train
20260506_085204_KWZPKJ,train
20260506_085639_YPDNFF,train
20260506_101002_DWKQWG,train
20260506_102209_QYTSXV,train
20260506_105018_FRXBPE,train
20260507_023329_KCADCN,train
20260507_024806_RGGXZA,train
20260507_024949_FQXZHV,eval
20260507_032428_VSAWNN,train
20260507_034137_JPVNUW,train
20260507_044957_SJLGXT,train
20260507_050539_VTVVWE,eval
20260507_050922_EJVBKU,eval
20260507_052722_SQJTRD,train
20260507_061059_RFGZAS,train
20260507_061520_MAUDHM,eval
20260507_063651_VUCGCN,train
20260507_065446_TZDETU,train
20260507_065731_TSABZE,eval
20260507_065940_RPQREJ,train
20260507_070002_HPXZFP,train
20260507_070817_NAPJVT,train
20260507_071615_QTZBGU,train
20260507_090052_YAXTAH,train
20260508_012742_PSNBJP,train
20260508_014919_RMBUFW,train
20260508_023501_YBRDDU,train
20260508_024828_CNTZST,train
20260508_025124_WJCAZX,eval
20260508_030842_CFYGER,train
20260508_032934_UWTTVA,train
20260508_034252_VQYLXF,eval
20260508_045510_HULZMU,eval
20260508_051555_WDTZYN,train
20260508_052900_WXNKQK,train
20260508_054315_QXHYFC,train
20260508_054323_FJFNVB,train
20260508_055233_HZVDKF,eval
20260508_062924_RFVHXV,train
20260508_064232_UVJTMW,train
20260508_065226_JDWVLA,train
20260508_070350_NJGJQH,train
20260508_073940_PTDYMF,eval
20260508_074514_CBCEUH,train
20260508_080310_VMJPMH,train
20260508_083453_TFSPFB,train
20260508_090029_LXKSKZ,train
20260508_091210_GLHQVC,train
20260508_091944_VFLXPW,train
20260509_003125_CVRRKY,train
20260509_005200_TVJVWA,train
20260509_005940_VJQKVX,train
20260509_011524_EASRAL,train
20260509_011548_RZEASF,train
20260509_011553_WLAYGU,eval
20260509_012002_RRUMPS,train
20260509_012050_GMUQKQ,train
20260509_012229_VBRLUD,train
20260509_015659_MMESPS,train
20260509_022752_ZHNWJJ,train
20260509_022822_NDYZYX,train
20260509_030242_BSHZYH,eval
20260509_030313_UDVZLP,train
20260509_032500_BYMPPS,train
20260509_033114_QTPMRX,eval
20260509_033908_XGREHW,eval
20260509_035114_GRYTRP,train
20260509_043513_HPHYQS,train
20260509_043817_HUDUNK,train
20260509_045038_RZWABG,train
20260509_051551_FVLFKJ,train
20260509_051750_XNDTHG,train
20260509_052424_NBMDFH,eval
20260509_052755_RVREDS,eval
20260509_054550_LCSPGT,train
20260509_054835_HURBHD,train
20260509_060402_WWPAFZ,train
20260509_060733_ELJRLT,eval
20260509_061225_HLZBZL,eval
20260509_062625_AHDNUL,train
20260509_065807_YYLMCY,train
20260509_070237_NMZYWT,eval
20260509_071612_PLUCGZ,train
20260509_073831_WCGZSC,train
20260509_082454_QJVCFV,train
20260509_083510_VJLKKR,train
20260509_083516_DWYSJC,train
20260509_091238_DGPNQH,train
20260509_091330_MXNSWS,train
20260509_091334_ZPWEYD,eval
20260509_091709_ZJFPNN,train
20260509_091830_HSYRQL,train
20260509_111516_MELNMY,eval
20260510_004016_PZJPPJ,train
20260510_004532_HPLQMS,train
20260510_005150_LEJYMV,train
20260510_010512_KBEMYT,train
20260510_010642_KTXDEV,train
20260510_011203_SHUJVK,train
20260510_011404_ZEUSNP,train
20260510_012855_HXKVDE,eval
20260510_013315_AYEKBH,train
20260510_020216_RJNQQM,train
20260510_021908_MRQRXP,train
20260510_023032_FFWJBA,train
20260510_032509_MYQDWV,eval
20260510_032636_NEVHUL,eval
20260510_064022_YBDUYC,train
20260510_064402_VUSXNJ,eval
20260510_071450_RLCUER,train
20260510_071504_SDBSCL,train
20260510_073518_UXAQGE,train
20260510_073641_EQEUVV,train
20260510_074634_MKBDCC,train
20260510_080431_TMRAAJ,eval
20260510_080918_SAMPLT,train
20260510_081036_TUPKYV,train
20260510_082449_GLJKEB,train
20260510_082705_AXSANX,eval
20260510_084824_HRZQUJ,train
20260510_100227_BWTQCM,train
20260511_001953_TAZKEM,train
20260511_002451_GLTTAD,train
20260511_002731_ALTHVJ,train
20260511_003141_PBYKPK,train
20260511_003224_XDBCPQ,train
20260511_003403_RHZNKE,train
20260511_003509_TMWJMS,train
20260511_003526_GTCVKV,train
20260511_004907_CUYKTE,train
20260511_005358_GYMKHE,train
20260511_005436_YTFWSZ,train
20260511_005917_FPGUWR,train
20260511_010038_UBETCP,train
20260511_010606_JUNFXB,eval
20260511_011224_JUZPFK,train
20260511_011618_JFKYQM,train
20260511_012719_WXYBSQ,train
20260511_013642_LLUDVC,eval
20260511_013958_ZTUNPM,eval
20260511_014251_RBMHHR,train
20260511_015054_BKUWWF,train
20260511_015241_SETXYK,train
20260511_021211_EJEXQL,train
20260511_022056_CTDPBM,train
20260511_024330_MHMEWS,train
20260511_030615_DNXBZK,train
20260511_032828_CWEKJM,eval
20260511_043422_VACEZH,eval
20260511_045342_HNHHWT,train
20260511_051356_VASAZA,eval
20260511_052008_ZRYWEC,train
20260511_052226_BXCHVE,train
20260511_055043_SNCFEQ,eval
20260511_055850_CQAPYW,train
20260511_061234_UJKNQZ,train
20260511_061528_BFMNJG,train
20260511_061837_CCSYTH,train
20260511_063143_STMLWB,train
20260511_064009_QURFGS,train
20260511_064043_AJRPRW,train
20260511_064417_MZCLLS,train
20260511_071709_NUXHDL,train
20260511_071951_SJRLYM,train
20260511_072452_LBLHNA,eval
20260511_074003_MRBSFR,train
20260511_075207_HYAZYG,eval
20260511_075231_GWUNZG,train
20260511_075329_ALANSK,train
20260511_075600_WKPBNV,train
20260511_075743_TETLWS,train
20260511_075807_HYXBEQ,train
20260511_080110_LWBSQE,train
20260511_082013_FUXCGP,train
20260511_082647_EMQRCU,train
20260511_084034_MVCLFX,train
20260511_091507_JASZWT,train
20260512_001502_YEKAQG,eval
20260512_002947_UYMTEV,train
20260512_003026_JRNJQH,train
20260512_003402_DYXNVB,eval
20260512_004033_MFFXNQ,train
20260512_004440_MNURCA,eval
20260512_004617_LTNRQZ,train
20260512_010247_MXFUYQ,train
20260512_010438_VGXSHR,train
20260512_011035_TVNCWS,train
20260512_011452_HBFZTP,train
20260512_012552_UGVFAM,train
20260512_012735_EWBWGH,eval
20260512_014722_XEAWDB,train
20260512_021925_MYGMAD,train
20260512_023700_TTWGRQ,eval
20260512_025403_RKAKCT,train
20260512_030948_ANXFZZ,train
20260512_032046_UFWUUT,train
20260512_032654_DMNPHD,train
20260512_044150_SFHEKG,train
20260512_050824_VLKSNY,eval
20260512_051306_EXPKYV,train
20260512_051313_MZXVYE,train
20260512_052013_TJHZJM,train
20260512_052446_TMHKLT,train
20260512_052515_HVPLJR,train
20260512_052925_JPHYUQ,train
20260512_053253_FYFUTM,train
20260512_053908_QGAMCQ,eval
20260512_053921_ZWXXAY,train
20260512_055303_GMCQYZ,train
20260512_060352_UUNYPF,eval
20260512_060630_BEMHBZ,train
20260512_061139_BUUKQW,train
20260512_061548_BFRASY,eval
20260512_062029_JWEETE,train
20260512_062840_AAVLUL,train
20260512_063835_UZWPXQ,train
20260512_070222_ZVFCLV,train
20260512_070648_DFYZYK,train
20260512_071606_HAEXKK,train
20260512_071854_JGFSWF,train
20260512_072536_LJYPVA,train
20260512_073114_GKCQUR,train
20260512_075521_GARMPP,train
20260512_075528_ELFSMP,train
20260512_075722_TTCZRD,train
20260512_075834_KTQLTA,train
20260512_080104_PMUKJZ,train
20260512_080147_QDBFLK,eval
20260512_080412_PJKWZT,train
20260512_080830_EQWTQQ,train
20260512_081658_TGYZLP,eval
20260512_082849_CXTEBW,train
20260512_083147_CLZXMH,train
20260512_083440_HJBYPD,train
20260512_083842_DJAVRK,train
20260512_085553_HEBJEV,train
20260512_090916_WMWBED,eval
20260512_101402_CFTHUV,train
20260512_235129_EKUJJC,train
20260513_000123_JSBPVW,eval
20260513_002211_MVCRBP,train
20260513_002301_AXQTPX,eval
20260513_002931_NLSHCF,train
20260513_003116_CUQZMM,train
20260513_003408_PPGQUV,train
20260513_003545_AHQTHP,train
20260513_003736_DVNTYM,train
20260513_003748_TCHMMB,eval
20260513_004353_LSLGAL,train
20260513_005001_EBPWTP,train
20260513_010216_QWCGWK,train
20260513_012358_DXHJHM,train
20260513_012528_TAUMDW,train
20260513_013148_CLLYSB,train
20260513_014736_DQJCLQ,train
20260513_021519_PNSEWE,train
20260513_021702_SWANHL,eval
20260513_022256_VHWVUG,train
20260513_024619_RESGPU,eval
20260513_025609_CKTJZW,train
20260513_031944_KJGCSA,train
20260513_032604_NHTJNN,train
20260513_035035_ZUYCQY,train
20260513_043451_HKFWUX,train
20260513_051312_GFMWYL,train
20260513_052016_JNEHWV,train
20260513_052234_PRDCKP,train
20260513_052333_NGNUFQ,train
20260513_052855_TCZEYA,train
20260513_053405_DQEKUN,train
20260513_055644_MGQFNF,eval
20260513_055738_HPVKET,train
20260513_060323_SSVZXV,train
20260513_060522_TRFVNM,eval
20260513_061122_RWRGFL,train
20260513_061145_ZUKSZL,train
20260513_063045_EMRMBE,train
20260513_064526_SWTJHD,train
20260513_064731_ZJAQFQ,train
20260513_065515_EZQKFK,train
20260513_065902_EQECUA,eval
20260513_073019_HABNNU,eval
20260513_074407_SPYFVS,train
20260513_080347_MZQMAM,train
20260513_080413_XUMQXU,train
20260513_081805_VJDPDD,train
20260513_082147_ZCPYYX,train
20260513_082342_ECJWDY,train
20260513_082737_TSBVFB,eval
20260513_083124_KNUBUS,train
20260513_090328_PFRQXK,train
20260513_091929_UMWVHT,eval
20260513_094323_JZRHBQ,train
20260513_105600_RBCKDX,train
20260513_114859_TLSXDF,train
20260513_193715_MJYNVA,train
20260513_200047_TXYFJK,train
20260513_224809_TJAPZW,train
20260514_003633_FUKJHV,eval
20260514_003913_CARPNV,eval
20260514_004045_GPFRQB,train
20260514_004053_ECLAYG,train
20260514_004142_ZCDTTR,train
20260514_004143_REGGLU,train
20260514_004303_CZVFNB,train
20260514_010209_KZSVDU,train
20260514_010440_XKFZFS,train
20260514_011258_ERHZBN,train
20260514_011349_RRBKCJ,train
20260514_013230_MHMQNS,train
20260514_014416_TXUSXC,train
20260514_014645_MMRKQD,train
20260514_021139_HRCYCV,eval
20260514_021352_GXFUFK,eval
20260514_022159_BSEUMZ,train
20260514_023451_ZKRXQD,train
20260514_025412_RCYCWU,train
20260514_030102_LQVZDC,train
20260514_030329_YNPXKP,train
20260514_031414_LTGWTS,train
20260514_032155_VTKLRE,train
20260514_034916_KNUAVE,train
20260514_044406_ULXCZQ,eval
20260514_050004_PNKKAF,train
20260514_050154_LFDQDL,train
20260514_050216_EEFUPG,train
20260514_050927_RADXBV,train
20260514_051057_WWMZQX,train
20260514_051316_VSTGLJ,train
20260514_051347_NEYFNU,train
20260514_051803_WNHHNK,train
20260514_051828_HGXVQK,train
20260514_055833_CXQSDA,train
20260514_060036_USSAHH,train
20260514_060300_KQPBJQ,train
20260514_061730_NMRWAA,train
20260514_061739_SMBXXK,train
20260514_062000_GRZBBB,train
20260514_062842_JQQMNM,eval
20260514_063303_JTJHMG,train
20260514_063639_VTYFYH,train
20260514_063810_CYALCV,train
20260514_064038_UMAYSM,eval
20260514_064259_TNJPAF,train
20260514_064535_KCWUCY,train
20260514_064847_QPUPHY,train
20260514_065614_KXJXGH,train
20260514_070615_YYNADB,train
20260514_070852_YTHXAQ,eval
20260514_071205_TDPLXX,train
20260514_073148_GBLERL,train
20260514_075804_ULXKHS,eval
20260514_080018_BTWBPJ,train
20260514_080417_GCJKJQ,train
20260514_080712_XJEEUW,train
20260514_080956_CVFSLN,train
20260514_081224_DXKJCH,train
20260514_082352_UDWXGM,eval
20260514_082450_ZVFWMQ,train
20260514_083821_ZABBGG,train
20260514_083925_YHCGJW,train
20260514_091120_FLSHBS,train
20260514_122456_ETWETA,train
20260514_133747_FSYUCP,train
20260514_141207_SRLTJS,train
20260514_151440_ELFVFR,train
20260514_161826_UNGWLP,train
20260514_162753_ZTNNKW,train
20260514_165446_WCRBEF,train
20260514_175259_KTABBL,train
20260514_180256_NTDRQN,train
20260514_193438_ZVGPAH,train
20260514_223203_ZVENGW,train
20260514_232558_PGPEKP,eval
20260514_234721_YTQXEW,eval
20260515_002327_LPDCRN,train
20260515_002846_ZHMLWT,train
20260515_002901_UTHKZX,train
20260515_002927_MGLLXG,eval
20260515_003451_VRKZKX,eval
20260515_003713_RJAXBK,eval
20260515_004553_VKZKJY,eval
20260515_005945_DVGMJP,eval
20260515_010122_HGDZLA,eval
20260515_010217_WESGQA,eval
20260515_010441_XLFYSS,eval
20260515_010531_WMSRWK,eval
20260515_011013_DPRJGW,train
20260515_015026_HSJLCZ,train
20260515_015950_SSAKDF,train
20260515_022515_CAYRDJ,eval
20260515_023649_TWVJWM,train
20260515_024730_LSPHXT,train
20260515_032332_MDUBUY,train
20260515_033940_ZEFXBC,train
20260515_041914_SNZDCS,eval
20260515_044520_TLVZLL,train
20260515_045111_YJAQNZ,eval
20260515_050221_SKUHHR,train
20260515_050433_SVKTWD,train
20260515_050614_CCUSPU,train
20260515_051234_BBLKYG,train
20260515_051604_ZRWHDW,train
20260515_051910_XDRTRR,train
20260515_051957_MYKKBQ,train
20260515_052045_DXVNUJ,eval
20260515_053014_RCCPMP,train
20260515_053110_QBNSBY,train
20260515_053744_QNYZTY,eval
20260515_060005_VPPPAS,train
20260515_060018_QEYLAN,eval
20260515_060614_SCJSJN,eval
20260515_061306_LQAKZF,train
20260515_062036_AEXJQY,eval
20260515_062158_KWQSQN,train
20260515_062341_NXUSQS,eval
20260515_063836_YVRPSQ,train
20260515_064105_SPAVDG,train
20260515_065249_FCVDMT,eval
20260515_065439_LEJSRA,train
20260515_065525_JNDVVQ,train
20260515_065806_VJCKWS,train
20260515_070820_XBLNLQ,train
20260515_071051_EYPTAV,train
20260515_073412_FPTDZJ,train
20260515_073543_EDUVRP,train
20260515_080918_WMNYTB,train
20260515_081124_HMJMCK,train
20260515_082032_HZYTSS,train
20260515_082533_ZVLKLN,train
20260515_082947_NWUMYH,train
20260515_083100_YGMDEL,train
20260515_083552_AAJYHN,train
20260515_084822_LQHYRZ,train
20260515_085317_KHKSUK,train
20260515_085715_VWKPCQ,train
20260515_085750_YHNHNC,train
20260515_091222_BSMHYZ,train
20260515_092057_YQRARD,train
20260515_095918_ABSHSR,train
20260515_102509_BXAQAZ,eval
20260515_103019_XCTXFE,train
20260515_113701_ZQWBJZ,eval
20260515_120842_DVGAHV,train
20260515_125426_EEXLWV,eval
20260515_192155_VWEZBK,eval
20260515_214623_RABHUL,eval
20260515_220111_FTDPLX,train
20260515_234439_KZYBXR,train
20260516_002648_JXPLSS,eval
20260516_002828_JHJJBN,train
20260516_004257_LSNSLH,train
20260516_004459_HSKDQV,eval
20260516_004707_PSZPJJ,train
20260516_004915_CMUHCT,train
20260516_005023_PANGBY,train
20260516_005539_NVWRMV,train
20260516_005718_DBAVSU,train
20260516_010753_CGLPRW,eval
20260516_012318_ZJASQQ,train
20260516_012453_GPHCAC,train
20260516_014556_ELBGVN,train
20260516_015214_KLRBFY,train
20260516_015937_HVVXHV,train
20260516_020055_LAKBSC,train
20260516_022057_SHYAEX,eval
20260516_022902_CJSZDP,train
20260516_023156_ULKRXK,train
20260516_023449_HYBYYX,train
20260516_030645_PPAJKN,train
20260516_030942_EGQWNH,train
20260516_031337_TJCNJE,train
20260516_032640_QSCYVC,train
20260516_040801_XTUEJU,train
20260516_043952_AGKUPM,train
20260516_044505_BFMCTJ,train
20260516_044947_APJMJG,eval
20260516_045334_RTUJGR,train
20260516_045711_DRDXPA,train
20260516_051638_BHDUAK,train
20260516_052000_DMNXBU,eval
20260516_052412_LLMVDP,train
20260516_052600_EFBNKK,train
20260516_052642_XZBCYJ,train
20260516_052842_DNPFQS,train
20260516_053513_WBWXDZ,eval
20260516_054424_JJRXPM,train
20260516_063548_JCJJUH,eval
20260516_064215_ZVADTJ,train
20260516_064356_BUZNYS,train
20260516_065250_VTYFME,train
20260516_070601_YTVZXQ,train
20260516_071255_VTFPES,train
20260516_071941_EMJDQB,train
20260516_072316_EVHAZJ,train
20260516_072318_TJBEPL,train
20260516_080305_SWHVCG,train
20260516_080704_ZRHMMH,train
20260516_081118_BQDCBV,train
20260516_081223_XHCVTP,train
20260516_083134_VRNYMQ,train
20260516_083708_LKGCQV,train
20260516_085727_MFFKXF,eval
20260516_085812_XXFKFU,train
20260516_095746_LGMWBQ,train
20260516_120000_ZJSPQR,train
20260516_233213_VKWPLQ,train
20260516_234012_RRDMFX,eval
20260517_002937_PDDPUX,train
20260517_003023_RXBRCV,train
20260517_003423_WAWDRN,train
20260517_003924_UTCJJB,eval
20260517_004051_UUDASA,train
20260517_004122_PSLLWM,eval
20260517_005103_UAVBPB,train
20260517_012931_ESGCUV,train
20260517_014043_QGLHWM,train
20260517_022315_GVJVCB,train
20260517_025324_TNTBLR,train
20260517_025918_WLCGNS,train
20260517_042300_GKVALF,train
20260517_045836_VEUDVD,train
20260517_050540_ELRAZF,train
20260517_051552_MVHDHH,train
20260517_051558_AFKLLK,train
20260517_052021_NUKVJY,eval
20260517_053149_WZJREK,eval
20260517_053248_ZSMXUW,train
20260517_053701_LYQUAC,train
20260517_053816_WCWELH,train
20260517_054310_GGJAPW,train
20260517_054532_HPKAPD,train
20260517_054833_MLWBLZ,train
20260517_055247_EHFBLT,eval
20260517_062616_BUVMMB,train
20260517_063427_TYASET,eval
20260517_065024_YACNUC,train
20260517_070841_NLZNKU,train
20260517_070956_PSFJDP,train
20260517_071036_HMTWCP,train
20260517_072146_HTXNGM,train
20260517_080255_JENYHD,train
20260517_080459_MSKLKN,train
20260517_080817_TQFLGQ,train
20260517_080918_TZJBGS,train
20260517_081626_LMPFQH,train
20260517_081918_QDQKAF,train
20260517_081939_BENBYG,train
20260517_081953_UCBVVR,train
20260517_083125_AVALXH,eval
20260517_083146_NCKEBW,train
20260517_083315_VYHXKK,train
20260517_083623_TRZMUB,train
20260517_084403_RDJJKA,train
20260517_085010_VVENLX,train
20260517_095948_KMNMJS,train
20260517_101348_RTKFES,eval
20260517_101828_EFGCVD,train
20260517_103140_XRWGWC,train
20260517_114158_JBAXVV,eval
20260517_122901_NTJEGE,train
20260518_003930_PKBPDB,train
20260518_004014_EJWHXS,eval
20260518_004204_SUPNTU,train
20260518_004515_PCQBZZ,train
20260518_004550_GLCECR,eval
20260518_004815_HZZRCB,train
20260518_005323_HMVUTT,train
20260518_011810_QECFUE,train
20260518_012453_NRXXYL,eval
20260518_013041_UDNMEL,train
20260518_014343_HKGFAL,train
20260518_020203_EREPJN,train
20260518_021219_UCVDAX,eval
20260518_024330_KZKNJA,train
20260518_030149_PNTLDC,train
20260518_030452_PEXPCE,eval
20260518_032557_PWMTXQ,train
20260518_035111_UZTMUM,eval
20260518_040124_SYAKEQ,eval
20260518_040657_DXMADA,train
20260518_042605_YGYKHM,train
20260518_045619_TYVQXP,train
20260518_045644_LQCKTU,train
20260518_050308_SNYDRT,train
20260518_050832_SGEFFG,eval
20260518_050914_UERQCD,train
20260518_051307_EQLHQC,train
20260518_051309_ARSTBH,train
20260518_051636_CQNBNZ,train
20260518_051648_HUZUJG,train
20260518_051730_XDUFHP,train
20260518_051738_KXZVHC,train
20260518_055031_EFMTNW,train
20260518_055049_JHFBLY,train
20260518_055510_PCVMEN,train
20260518_061722_XHYRAH,train
20260518_062708_VKDZSC,train
20260518_062935_LYKNYH,train
20260518_064041_GDNFPD,train
20260518_064408_PXDFPU,train
20260518_070002_YCZQAK,train
20260518_071259_WXAUWU,train
20260518_071929_FTWPPS,train
20260518_073700_XYBCQY,eval
20260518_073927_ACECHP,train
20260518_074506_EHANYM,train
20260518_075633_DHFEQJ,train
20260518_080409_DYQBEE,train
20260518_081319_JCXXRZ,train
20260518_081603_ZHREBT,train
20260518_081605_YFAAYQ,train
20260518_081826_LTLCES,train
20260518_081942_WKJDAJ,train
20260518_081948_WPLDNC,train
20260518_082217_KCTGLM,train
20260518_082348_RWRAWU,train
20260518_082751_NGFBJF,eval
20260518_083620_TCMMNV,train
20260518_083643_VQXVCN,train
20260518_084233_PGZAFY,train
20260518_085623_SNWDAB,train
20260518_091426_EYWTXH,train
20260518_093646_PXWEDB,train
20260518_112509_AECZPJ,train
20260518_114302_LEBWAC,eval
20260518_142156_UNRLWN,train
20260518_175418_FXKJPV,train
20260519_003425_KQLFDM,eval
20260519_003636_CCHEXB,train
20260519_003713_JHLVJZ,eval
20260519_004022_FJJTUF,eval
20260519_004206_ZRRAVC,train
20260519_004445_EDFGHR,train
20260519_005448_NRMRPY,train
20260519_011932_GBVPTZ,train
20260519_012018_PNZGKY,train
20260519_013336_XUEQMQ,train
20260519_013404_DGJZHX,eval
20260519_013532_GFXFJM,train
20260519_015018_QKGRJZ,train
20260519_015137_QPQRCB,train
20260519_022449_XJWKUP,train
20260519_023212_NHPCGA,train
20260519_030033_YUDWFJ,train
20260519_033049_GUMDFB,eval
20260519_034305_ZTQXQT,train
20260519_043038_KJLDWG,train
20260519_045252_YNFLRQ,train
20260519_045258_DEGQCV,train
20260519_050003_METVJC,train
20260519_050114_FTKKYF,train
20260519_050533_VGFQCQ,train
20260519_050734_JVCLUM,train
20260519_051109_NSGEYG,train
20260519_051212_UEULAM,train
20260519_051325_RAZYNT,train
20260519_051457_CWVGCW,train
20260519_051650_BJKCRG,train
20260519_051809_XAREVM,train
20260519_052103_KFJRYJ,eval
20260519_052520_XEAEPS,train
20260519_052958_TUNJHY,train
20260519_053432_BTENPJ,train
20260519_053525_DLZFCT,train
20260519_054148_MZJWDH,train
20260519_055551_LUZQVB,train
20260519_060157_KRYNNH,train
20260519_061134_YLPVFW,eval
20260519_061724_RBURVB,train
20260519_062336_QJXEXK,train
20260519_062855_JMLRAW,train
20260519_062900_PLVHKU,train
20260519_064207_QQEAGE,eval
20260519_064645_ANYRWF,train
20260519_073200_ZHXZDY,train
20260519_074047_TTUQES,train
20260519_074657_DPVGBB,eval
20260519_080442_QEMJPF,eval
20260519_080617_HPSSVL,eval
20260519_080748_AWTDNZ,train
20260519_083041_AKZGXT,train
20260519_083935_UGUEQQ,train
20260519_084134_ZECWEC,train
20260519_090647_HFYCST,train
20260519_090653_RLYADQ,eval
20260519_095814_HSXQSX,train
20260519_101144_VWKJES,train
20260519_105238_EZXGTM,eval
20260519_111934_CFEZCC,train
20260519_151149_ERTQKZ,train
20260519_164123_XKKTMN,train
20260519_165922_QLLAGY,train
20260519_213940_RBLCGP,train
20260519_215657_FTMHSK,train
20260519_220227_VFVMFE,eval
20260519_220839_NXAYTQ,train
20260519_221826_AXVJVZ,train
20260520_003437_ZZCYLM,train
20260520_003733_LJLGZZ,train
20260520_004100_BEKTBA,train
20260520_004424_HWZHDJ,train
20260520_004454_BPDKRP,train
20260520_004726_QNXGTA,train
20260520_005155_WFSTWN,eval
20260520_005232_VAUCHP,train
20260520_005942_PRAGZN,train
20260520_010145_PGRRSW,train
20260520_010608_KVNYRS,train
20260520_011230_GNVNUT,eval
20260520_011254_RURRQV,train
20260520_012103_AADGYL,train
20260520_013521_CUGENG,train
20260520_020426_KRMUEL,eval
20260520_020638_KCWQXH,train
20260520_020859_DVBETY,train
20260520_020953_NQCGPA,eval
20260520_021343_WQEUGP,train
20260520_025507_NEJUSZ,train
20260520_031724_VVUDJV,train
20260520_032158_CZTXSM,train
20260520_033704_EQMSSZ,train
20260520_041141_CPTTFD,train
20260520_050151_BCVAZA,train
20260520_050312_ZXJPHH,train
20260520_051926_BVTQPS,train
20260520_052755_NZNLLY,train
20260520_052831_VNGZLH,train
20260520_052921_EHZWFV,train
20260520_053031_GDHYMR,train
20260520_053250_KVWKQR,train
20260520_053816_TLZGSE,train
20260520_053901_FWDPHJ,train
20260520_055148_WDLZCZ,train
20260520_055223_XRXPCK,train
20260520_055607_JTQXFD,train
20260520_060550_CQYCKP,eval
20260520_061051_FBALXJ,train
20260520_063224_QNSQWU,eval
20260520_064246_YJTLJE,train
20260520_070510_MKFHNW,eval
20260520_071012_EPRRQL,train
20260520_072920_SXHUKT,train
20260520_073521_SVDPZH,train
20260520_080000_KDRLAZ,train
20260520_080132_NASRJH,train
20260520_080615_RWVVJC,eval
20260520_081658_WGHAGA,eval
20260520_081737_GZSMRD,train
20260520_083123_QSGECE,train
20260520_083800_FMGSZW,train
20260520_090845_TYSALV,train
20260520_091326_NVCGYS,train
20260520_092428_UUSSAB,train
20260520_095355_FYLUJC,train
20260520_101823_HSAEBH,train
20260520_124510_GPTENV,train
20260520_143140_TXDDHF,train
20260520_164953_EQVXCM,eval
20260520_181827_JCUDMB,train
20260520_203005_AMHARX,eval
20260520_203210_FJJXTS,train
20260520_210015_VFLKQL,train
20260520_211533_KUGRVB,train
20260520_213928_CUTZST,train
20260520_231205_JQCPWN,train
20260520_233127_MXBCDN,train
20260521_002659_RATTGH,train
20260521_003121_FWZTAH,train
20260521_003247_JUUPMU,train
20260521_004135_RLCSUQ,train
20260521_005303_PXAFFJ,train
20260521_005554_DSYPSU,eval
20260521_011539_NSSZKJ,train
20260521_014055_FNVLLF,train
20260521_015648_LMEQMB,train
20260521_020804_AKUQPP,train
20260521_020921_AFYARR,train
20260521_021506_FFEZNT,train
20260521_023618_YFGPKH,train
20260521_030350_EAHFFU,eval
20260521_031212_TEYGQB,train
20260521_031346_LMAVUN,train
20260521_032926_GQMRLG,train
20260521_035704_DKVNCC,train
20260521_043916_RWXKQQ,train
20260521_045821_XWUDGV,train
20260521_050004_YHSNZA,eval
20260521_051424_MFUPRW,eval
20260521_052051_UPAMFQ,eval
20260521_052236_VBCHWE,train
20260521_052418_RYHXXV,train
20260521_054236_JQWUPF,train
20260521_061424_FXCTRQ,train
20260521_063057_UWRKBZ,train
20260521_065144_VFGMSP,eval
20260521_065508_DQDAHH,train
20260521_065630_WTLXUC,train
20260521_070148_ZUDYGZ,train
20260521_071057_HHBWTC,train
20260521_071123_TXDLEC,train
20260521_071909_XLYCZM,train
20260521_072547_APGDZZ,train
20260521_073530_XUTQPW,train
20260521_074103_NTXYVP,train
20260521_075621_WPYNEU,train
20260521_080229_VZAMQA,train
20260521_080906_TPDXAF,train
20260521_081505_UYGQCE,eval
20260521_082005_UGGSYJ,train
20260521_082028_SDWEST,train
20260521_082644_PLUTET,eval
20260521_083127_WMRHXL,train
20260521_092513_XGCHGU,train
20260521_092958_DRNWZP,eval
20260521_093500_XAERDT,train
20260521_101823_VVHGYX,eval
20260521_103920_JGGQNV,eval
20260521_105214_QWZAAR,train
20260521_135535_FNJYJL,train
20260521_143022_WKQYMY,train
20260521_144031_NEEEUB,train
20260521_165017_TTPPLB,train
20260521_165623_XPLNBP,train
20260521_173552_NWQKWX,eval
20260521_183826_VBSJDH,train
20260521_194020_GVJNBC,train
20260521_203528_PZJFFQ,train
20260521_204718_CNQQLE,eval
20260521_205312_AMWESQ,train
20260521_212242_XYXSUU,train
20260521_212633_LNTPYL,train
20260521_223352_JYXNTX,train
20260521_235912_SQSRSY,eval
20260522_001533_YJZSFW,train
20260522_002239_NVVCRH,eval
20260522_003210_ZAPEBD,train
20260522_003227_BHCBSA,train
20260522_003507_FNLRGC,train
20260522_005813_UGWUZP,train
20260522_010235_MNGBCV,train
20260522_010406_TVJLYY,train
20260522_010717_ZDCJQH,eval
20260522_011645_HVLZVN,train
20260522_014554_AYNKDT,train
20260522_015724_UEURWK,eval
20260522_020247_CHBYFV,eval
20260522_020534_NLGTTU,train
20260522_020547_WTZWDN,train
20260522_022426_LTQBWH,train
20260522_022611_FVVAUN,train
20260522_023227_LYYAXE,train
20260522_024320_PFMFJB,train
20260522_025110_PTALEV,train
20260522_030611_RNYZUS,train
20260522_030716_STMMKX,train
20260522_032252_ZYRCZW,train
20260522_032701_CNUNMH,train
20260522_034429_WLWQKB,train
20260522_045839_XDAVYP,train
20260522_050627_VHGGNL,train
20260522_050839_REYDYU,train
20260522_050844_HALRUA,train
20260522_051738_HDSXMQ,eval
20260522_051953_GTFULC,train
20260522_052258_QFESWV,train
20260522_053645_ZNLFYA,train
20260522_055605_NDPDME,train
20260522_055831_GKXXNB,train
20260522_055928_SNKHKV,eval
20260522_060445_NGXRYM,train
20260522_061340_MCHCKB,train
20260522_061410_QEBUCW,eval
20260522_070002_QGAAGC,train
20260522_070513_AUPSMH,train
20260522_070728_EVVVCN,train
20260522_070733_MMYCAJ,train
20260522_071913_DJRXDQ,train
20260522_072245_AFFNME,train
20260522_073900_HLZLYU,train
20260522_080035_UBATAY,train
20260522_080355_ZQFQPN,eval
20260522_080730_JXHGAD,train
20260522_081719_KEHRWE,train
20260522_082048_MVFVTU,train
20260522_083945_JJSFNJ,train
20260522_085309_NGJMRH,train
20260522_090144_QZTRSD,train
20260522_090301_AEVBNZ,eval
20260522_092324_PVBWTP,train
20260522_092723_DFKVQA,train
20260522_100705_DPKCYZ,train
20260522_103252_PVDCRU,train
20260522_132537_FBMFKL,train
20260522_133325_CLMFGQ,train
20260522_151509_CASPLB,train
20260522_163515_KKWUTD,train
20260522_173745_DPRQBP,eval
20260522_181632_SQXLEX,train
20260522_203457_TGKFVE,train
20260522_222351_HKGVXQ,train
20260522_223142_EXGGZJ,train
20260522_224107_XSCCCT,train
20260523_000032_RMLFJV,train
20260523_001020_VLLYGR,train
20260523_001035_VNXYGU,eval
20260523_001604_TVERTZ,train
20260523_002246_NUYCMF,eval
20260523_002843_VKLQPT,train
20260523_003449_LMHTLR,eval
20260523_003456_LZAEPJ,train
20260523_004200_BUVPBJ,train
20260523_010156_LSSNRR,train
20260523_010547_MQWWQQ,eval
20260523_012250_RBPDXY,train
20260523_014223_VKALGF,eval
20260523_015425_SFEJQA,train
20260523_020740_PRAQMW,train
20260523_021436_PNBXTY,train
20260523_022404_KJLAXV,train
20260523_023112_JXCCDK,eval
20260523_023520_LMGNXH,train
20260523_025314_WRVACQ,train
20260523_030646_QUZVHB,train
20260523_032040_THKUQT,train
20260523_034034_XHBYDD,train
20260523_034432_HUAJTC,train
20260523_035307_XZJRSL,eval
20260523_045028_ZGPUTS,train
20260523_045456_HLSQNH,eval
20260523_050235_TCAPJK,train
20260523_051322_MHGZRA,train
20260523_051715_ANKELW,train
20260523_052437_HDRQQT,train
20260523_052517_SDFHZT,eval
20260523_052612_LNZLKT,eval
20260523_053213_RESHXH,train
20260523_054141_MNXMZJ,train
20260523_055218_QZCTTP,eval
20260523_060348_WRJPLY,eval
20260523_060620_MZLCDJ,train
20260523_060730_YVEBXD,train
20260523_061328_FFXARZ,eval
20260523_062749_TYQQQW,train
20260523_065852_QRSVVF,train
20260523_071448_ALFGMF,train
20260523_072117_KLHCUH,eval
20260523_073714_VGAJHV,train
20260523_081154_BTTXTB,train
20260523_081518_ARBZBR,train
20260523_081552_YBUYRT,train
20260523_081710_TLLJBH,train
20260523_081751_EDPSVX,train
20260523_082006_USGRUB,train
20260523_082239_BJGJAL,train
20260523_082602_JRYSRN,eval
20260523_083148_QDLLHS,eval
20260523_083420_HLNTDR,train
20260523_084344_UZVHBL,train
20260523_084438_DPJNJU,train
20260523_084758_TMEQPZ,eval
20260523_084812_NJDNZQ,eval
20260523_091108_ZTDMHD,eval
20260523_091221_HHBYDA,train
20260523_091222_UNCTNL,train
20260523_092907_NQNTCH,train
20260523_094619_RSFXWX,eval
20260523_101633_ALBNDC,train
20260523_102216_SJFCKD,eval
20260523_103427_LESAZA,eval
20260523_111550_ZPAWJW,train
20260523_112812_WAHPAX,train
20260523_113832_TUMVPE,train
20260523_145105_SZGWJE,train
20260523_182044_QFRBPP,train
20260523_191402_JRZSKY,train
20260523_191703_XJXHKX,train
20260523_201540_VYQRZF,eval
20260523_213644_TVMMPH,train
20260523_215030_GDBXPJ,eval
20260523_231836_MVCPSE,train
20260524_002220_FXMPNG,train
20260524_002257_QTHPQL,eval
20260524_002655_VKCUNW,eval
20260524_002753_HDXCRM,train
20260524_002757_YBYRVG,train
20260524_003335_MZNVJY,train
20260524_010116_WJHXSV,train
20260524_010639_QMVUJA,train
20260524_010928_ZBUNMW,eval
20260524_012737_TLQHML,train
20260524_014234_VTBDEF,train
20260524_020754_RFRNGG,train
20260524_022432_GGTRGF,train
20260524_025954_MVMYGQ,train
20260524_033036_RGTUUP,train
20260524_033446_LBRBRF,train
20260524_034543_ZKVPNU,train
20260524_045344_BERWDT,train
20260524_050323_UUXFAN,train
20260524_052504_GEVDRW,train
20260524_052506_JEQWJP,train
20260524_052734_MWNELV,train
20260524_052912_KDDPGJ,train
20260524_053118_SYDFTT,train
20260524_053332_LSEADR,train
20260524_054352_GUERLF,train
20260524_055947_RTRXFH,train
20260524_062821_ZXDYUK,train
20260524_063437_GYHUKL,train
20260524_070106_SMMKQJ,train
20260524_070248_UUBNWB,train
20260524_070328_YJFZZJ,train
20260524_071224_RWMWKQ,train
20260524_072820_WRBUSE,train
20260524_073915_YHAGLG,eval
20260524_074155_EEBYEV,train
20260524_074159_KRVEHU,eval
20260524_074358_XSSSPM,train
20260524_074654_GDDYSS,train
20260524_080737_EADFUR,train
20260524_081605_VGMMVP,train
20260524_081614_RERBSZ,train
20260524_082520_WXBHPM,train
20260524_083314_VCQKPN,train
20260524_083513_VBPBPD,eval
20260524_084054_RKMBLS,train
20260524_084333_VYCPDR,train
20260524_085614_XLTJVN,train
20260524_091454_MKCTSG,train
20260524_092604_KBSEZB,train
20260524_100719_RACPLR,eval
20260524_144703_LNVVFE,train
20260524_165000_CVTTAU,train
20260524_235956_UDMFPV,eval
20260525_000838_ZGCADP,train
20260525_002555_PPJDEM,train
20260525_004047_XHKBJJ,train
20260525_004512_MTCYLK,train
20260525_004523_XWXGAV,train
20260525_005400_JBYDDN,eval
20260525_005818_NWHGVZ,train
20260525_010426_BRHDJD,train
20260525_012308_FVCMMZ,train
20260525_012636_MVTXHN,train
20260525_013715_THMGFT,train
20260525_015334_YTQRXR,eval
20260525_015559_MEBXBU,train
20260525_020939_HWLRQE,train
20260525_022436_RXCTSH,train
20260525_023101_GYZSSE,train
20260525_023112_BLPXDN,train
20260525_024405_KRKXVX,train
20260525_025722_TAMTEZ,train
20260525_031349_RBGZAR,eval
20260525_032755_VQQCUC,train
20260525_033907_DFYXYQ,train
20260525_034021_ZZBWDH,eval
20260525_042952_WEYFGF,train
20260525_044809_BCQNYL,train
20260525_045930_DKHVNZ,train
20260525_050457_DBLHCG,train
20260525_052652_UNUHYS,train
20260525_053647_ACFHJS,train
20260525_054710_QADJAK,eval
20260525_055842_PFCLQF,train
20260525_060107_MJSRFS,train
20260525_062435_RUKZNC,train
20260525_063147_CSRKUP,train
20260525_064533_CQJEPA,train
20260525_064921_NSDHWW,train
20260525_070407_JXXWWB,eval
20260525_071500_SLUZDK,train
20260525_073147_RZLBRG,eval
20260525_073331_BWEHZU,eval
20260525_075623_CRFPBX,train
20260525_075831_ULTBJJ,train
20260525_081007_VZNJCQ,train
20260525_081302_DSJLGK,train
20260525_082630_WRTEUU,train
20260525_083646_JYTQAH,train
20260525_083718_BLDHYL,train
20260525_083936_AHDHYA,eval
20260525_092321_PUCLGD,train
20260525_093900_RXMFPY,train
20260525_095709_FPFZTT,eval
20260525_132333_TNKMRS,eval
20260525_141233_BKEGAB,train
20260525_142958_ELZLLA,train
20260525_165536_ASRWFN,train
20260525_183004_RJEWUY,train
20260525_191505_TPFWQN,train
20260525_192610_GMFQGY,eval
20260525_200353_CEHXYR,eval
20260525_201239_PTZLLP,train
20260526_002058_LMZTKT,train
20260526_003055_FBGPRN,train
20260526_003157_YFGVGN,train
20260526_003614_DAPJUD,train
20260526_004721_CKYXZL,train
20260526_010234_UXDMBV,eval
20260526_015427_LJSAPR,train
20260526_020232_KCVUNC,eval
20260526_020642_PVNRDY,train
20260526_021108_AYTBXX,eval
20260526_021310_UKAKRB,train
20260526_021912_YJDSKU,train
20260526_023053_BETUYE,train
20260526_023416_BWBGRT,train
20260526_024112_ANJNDW,train
20260526_030353_FWBKBD,eval
20260526_030440_DYFMVG,train
20260526_030515_FEHAZV,train
20260526_045244_SSRZBE,train
20260526_050200_QPXRDK,eval
20260526_050406_HDMEWY,train
20260526_050601_FAJYKM,train
20260526_052633_GNCSND,eval
20260526_052637_DHFXVF,train
20260526_053028_RQSMWU,eval
20260526_053128_GKMJEH,train
20260526_053224_DFSXBH,train
20260526_053537_RYWRAM,train
20260526_053810_WTMBDC,train
20260526_053819_XVAPTS,train
20260526_053831_YYBGZR,train
20260526_055256_DSAQFU,train
20260526_055939_ABDERC,train
20260526_060541_LHCUEL,train
20260526_062540_RRASED,train
20260526_063222_DFNUPD,train
20260526_064224_WMZBMP,train
20260526_065815_RUJRWS,train
20260526_065955_BEHZCW,train
20260526_070037_RXAFES,train
20260526_070720_ASHFTE,train
20260526_072211_SXVYZK,train
20260526_072345_WLGBJW,eval
20260526_075923_YAQNHV,train
20260526_081009_MKNBPW,train
20260526_083314_EMVQUS,train
20260526_083356_KRGXBK,train
20260526_083720_VDFJFZ,train
20260526_084119_RTZLFY,eval
20260526_084333_ZMFLFD,train
20260526_084511_PCWAYR,train
20260526_084515_HQGHPH,train
20260526_084616_YGVVSR,train
20260526_090323_YKCUGG,train
20260526_090633_JLLJUD,train
20260526_092330_NPFNAG,train
20260526_092846_RKNJNV,train
20260526_102659_KBJLJZ,train
20260526_105255_LBKXJY,eval
20260526_105448_RFHTQF,train
20260526_110025_VGKSJV,eval
20260526_112831_QTDGRJ,train
20260526_113121_VAPVPT,train
20260526_140411_CKGCFJ,train
20260526_144039_SCZAUU,train
20260526_150817_DVPXXG,train
20260526_152752_JNHVUG,train
20260526_153310_XZANTR,train
20260526_155739_STQLMT,train
20260526_160237_PQCYTM,eval
20260526_161513_XAXASZ,train
20260526_170552_TNHQCQ,eval
20260526_172335_FQSMZY,train
20260526_200841_QLYKWC,eval
20260526_230027_KWXSDU,train
20260526_231048_HUBYUG,train
20260527_002254_MFEBZE,train
20260527_002555_HAAATG,train
20260527_003226_HWHEPP,train
20260527_003308_JKDKCT,train
20260527_004003_LPPFRA,train
20260527_005327_RQRLJP,train
20260527_005446_VEXWZE,train
20260527_005650_AECMSX,train
20260527_010352_RPVWNM,eval
20260527_010530_VJEBBX,train
20260527_012714_VDGFLY,train
20260527_012909_ZFHUUL,train
20260527_013545_BRPEEL,train
20260527_014917_VWTTJJ,train
20260527_015005_JHEGJB,train
20260527_015421_TNKETJ,train
20260527_020401_MCFQBG,train
20260527_021312_XDYMSS,eval
20260527_023052_FELCVX,eval
20260527_024735_MYLMVR,train
20260527_024747_VXFDNZ,eval
20260527_025105_NNWDXQ,train
20260527_030425_RSNYME,train
20260527_035122_USJLQN,train
20260527_035125_UBFDQM,train
20260527_041429_EYBKMU,train
20260527_042614_RUHURF,train
20260527_043706_KGPPZE,train
20260527_050905_LFVNZV,train
20260527_052150_TMAVEZ,train
20260527_052248_BJFPYX,train
20260527_052732_QLLALV,train
20260527_053254_JSZUYY,train
20260527_053619_HJMJUZ,train
20260527_054902_MYFVXU,train
20260527_061305_HUGKAD,train
20260527_064456_ULPMLW,eval
20260527_065444_MUHJJQ,train
20260527_065926_KMSKAG,train
20260527_071100_ERTMSS,train
20260527_074403_CSRPLP,train
20260527_074449_ZZFGWY,train
20260527_080741_YYDLUF,train
20260527_080913_VVTEWT,train
20260527_081230_STEAHP,train
20260527_081325_QZVGNY,eval
20260527_081919_MTGXKG,train
20260527_082111_NKKXLY,train
20260527_082248_ZFGHFN,eval
20260527_082547_DYPKQS,train
20260527_083856_UZCGEU,train
20260527_083957_MCMWYH,train
20260527_091250_FQWWEA,train
20260527_101038_HGJZXR,train
20260527_102400_HXKLZU,train
20260527_103950_NELGKE,train
20260527_124043_JTLBPA,train
20260527_135202_CZEWJB,train
20260527_151057_VYQPKV,train
20260527_160027_CJDUYP,train
20260527_163036_LNWALM,train
20260527_164135_NURCAG,train
20260527_165552_AXRURY,train
20260527_175220_WFYZVS,eval
20260527_182918_QMTFRS,train
20260527_190538_LHATRZ,eval
20260527_191932_CECKXS,train
20260527_212535_SLDLAV,train
20260527_233639_WXWPMG,eval
20260528_001632_GNUQKN,train
20260528_002833_WMEYNB,train
20260528_003626_PWLNLM,train
20260528_003744_VSFGAM,train
20260528_004231_UKUEVE,train
20260528_004542_MNTLGT,train
20260528_005227_LZUWEX,eval
20260528_010649_LSJYCX,train
20260528_011428_JMVJQD,train
20260528_011919_GUMFZS,eval
20260528_011926_FXXKQT,train
20260528_011958_RGCWDM,train
20260528_012244_ANFHSN,train
20260528_012525_QBMJQV,train
20260528_013803_GSHPAG,train
20260528_014244_SGQHML,train
20260528_020708_KTVVVL,train
20260528_021602_NCZRXM,train
20260528_030125_XKJAZE,train
20260528_030923_FGYCUH,train
20260528_031143_BXXGTX,train
20260528_031641_VAEULN,train
20260528_032216_JWJFYY,train
20260528_032741_KLMEUD,train
20260528_033028_KRCPWV,train
20260528_033917_PEFJTS,train
20260528_034055_GJHMNQ,train
20260528_044854_RBGGPW,train
20260528_045739_NGLTML,train
20260528_051106_HPBEVB,train
20260528_051330_FYMATR,train
20260528_051549_UVDDQM,train
20260528_052138_JYRZYH,train
20260528_052311_PVVVRY,train
20260528_053421_NTHVLY,eval
20260528_053426_JLKTCP,train
20260528_054050_YHXWYS,train
20260528_054931_LPPFRV,train
20260528_055535_WKVAKG,train
20260528_060951_KPJJYS,train
20260528_061446_AZXNDB,eval
20260528_063640_TXUZCP,train
20260528_063935_GTBJFX,eval
20260528_070342_ZZFXMY,train
20260528_070641_KUBVCD,train
20260528_070828_ARQATT,train
20260528_071057_GMXXQX,eval
20260528_071148_YZQMQJ,train
20260528_071437_WXSTMG,train
20260528_071604_GEBUFX,eval
20260528_071738_CSRXZE,train
20260528_072450_YJNDDZ,train
20260528_074209_NYNJLJ,train
20260528_082030_RNPZWJ,train
20260528_082057_UKDTLT,train
20260528_082543_LRMAEQ,eval
20260528_082558_EDAMVK,train
20260528_090559_RUUHJZ,train
20260528_091122_LYMLEY,train
20260528_102050_KCRNFB,train
20260528_121244_XZUASV,train
20260528_123259_PWYYRU,eval
20260528_133212_GJFJPB,train
20260528_153606_AMQUPT,train
20260528_154700_MCLVRM,train
20260528_182024_ELBRNS,train
20260528_190102_MWKVTJ,train
20260528_200510_JWWURQ,train
20260528_205626_KVDLMC,train
20260528_210510_MHSFSH,train
20260528_221023_JXWJQZ,train
20260528_224707_KGBFPP,train
20260528_231308_BAVTWG,eval
20260528_234051_QZWPKQ,eval
20260528_235158_ANMNXQ,train
20260529_001733_FTHVMB,eval
20260529_002938_FFCPVX,train
20260529_003228_UWVDFS,train
20260529_003945_RQMQXQ,eval
20260529_004012_YKECCH,train
20260529_004709_GUCFGF,eval
20260529_004740_KLVNEZ,eval
20260529_004925_LVUKZH,train
20260529_005055_WSKAMA,train
20260529_005105_RMFSRG,eval
20260529_010809_FTQFDR,eval
20260529_011322_EDGJDH,eval
20260529_012116_BZGLZW,train
20260529_012527_ZSAWKU,train
20260529_012618_HZTSPL,train
20260529_012817_WMNYNW,train
20260529_014955_DPGPEA,train
20260529_015909_MADPAQ,train
20260529_020255_EFHDKC,eval
20260529_020314_MGCCRT,train
20260529_020707_XCBRGC,eval
20260529_020851_EMWGZL,train
20260529_021756_XSWNKB,train
20260529_023138_CSLPCH,train
20260529_023355_WRRFMD,train
20260529_024206_ZJHRWL,train
20260529_025212_AGZXDJ,train
20260529_031544_LZHGYT,train
20260529_031734_FAVTQK,train
20260529_035243_DVAKFA,train
20260529_041754_GTDFAS,train
20260529_045043_BKXJWS,train
20260529_051948_AZMQHU,train
20260529_052156_AHAACS,train
20260529_052343_MEZSMW,train
20260529_052444_ABUHSM,train
20260529_052503_SQZSBS,train
20260529_052737_VDDFQA,train
20260529_052924_GBLHFJ,eval
20260529_053135_MHDSKH,train
20260529_053433_YMMWMR,eval
20260529_053933_MAJELW,eval
20260529_054650_NBVGJC,eval
20260529_061305_DDDSPE,train
20260529_063518_RZPQKK,train
20260529_064502_GHYLRZ,train
20260529_072040_CBGXVC,train
20260529_073102_VJKYJS,train
20260529_073446_AKYCYJ,eval
20260529_074706_SSAMWC,train
20260529_081340_ASULGD,train
20260529_081444_VVULBR,train
20260529_081716_FWLMFF,eval
20260529_082404_WGQEHN,train
20260529_084112_MPCGZV,train
20260529_084651_QUQDEK,train
20260529_084813_SFLCSV,train
20260529_084931_PHFFTK,train
20260529_091013_JMKWND,train
20260529_092028_GXSXHA,train
20260529_093641_ZNEHKD,eval
20260529_094025_HYPWQJ,train
20260529_095313_TZVFAK,train
20260529_100832_KYJXMD,eval
20260529_105859_CBEMKP,train
20260529_110854_BVSFUC,train
20260529_112627_FXTDHA,train
20260529_130311_XVTEJE,train
20260529_140115_YCHPVB,train
20260529_143206_PCEBUR,train
20260529_143731_MHSPNJ,eval
20260529_143733_RSSXRD,eval
20260529_154005_AJJBVF,train
20260529_193346_ABBDNL,train
20260529_204711_QEPUYQ,eval
20260530_002455_CJXXYY,train
20260530_002744_KMAVAK,eval
20260530_005216_TZFHWD,train
20260530_005708_RSHPWD,train
20260530_005751_JYBFZK,train
20260530_010120_MEPZPY,train
20260530_010624_WCFWWN,train
20260530_011531_AFBLBS,train
20260530_012025_WKNLMZ,train
20260530_014054_UTZRGU,train
20260530_014630_ASQBBJ,train
20260530_015028_YLEGVS,train
20260530_015516_YBSPDX,train
20260530_020315_PLXZCS,eval
20260530_020755_RRZZBW,eval
20260530_021332_PWJPXQ,train
20260530_022749_HJMNAD,train
20260530_022929_WWLSGL,train
20260530_023234_GEZRBA,train
20260530_023346_UHMXJZ,eval
20260530_024322_FRHQJK,train
20260530_025747_ARZENR,eval
20260530_031452_LDFLVQ,eval
20260530_032214_UTFQHT,train
20260530_032953_DMBQHP,train
20260530_034406_SJNGHX,train
20260530_034717_SSVHQZ,eval
20260530_041701_HACAGW,train
20260530_043715_LTSTSN,train
20260530_050732_TWBZYU,train
20260530_051918_SNQAHK,train
20260530_052725_BAEVFJ,train
20260530_052752_AZCHQP,train
20260530_052835_YLHZBP,train
20260530_053004_TWTSKT,eval
20260530_053833_UJJCMJ,train
20260530_054808_KLQCHF,train
20260530_054932_YLUMMW,train
20260530_055132_LNATQS,train
20260530_062357_KAYSFY,train
20260530_063003_AWJPBG,train
20260530_064028_BVVFPA,train
20260530_065011_PHXFEF,train
20260530_070149_GHDHTZ,eval
20260530_070448_RMARPM,train
20260530_070731_LTCVNY,train
20260530_070844_FYWMSW,eval
20260530_071427_RFWSCG,eval
20260530_075340_SHSVHV,train
20260530_082059_GWSYSN,train
20260530_082523_PPYGSV,train
20260530_082619_HYNDBZ,train
20260530_082647_YCQUCU,train
20260530_082842_JMKUFS,eval
20260530_085137_QFHJUD,train
20260530_085512_ENDYTJ,train
20260530_093551_JRJKRW,train
20260530_093814_FYMTES,train
20260530_104614_JCGZDR,train
20260530_132406_DZPXXF,train
20260530_143956_GLRFVS,train
20260530_160828_TBFPCH,train
20260530_171855_VBXPZF,train
20260530_194021_LVCMTL,train
20260530_201139_DGYWFP,train
20260530_203028_RZSVGZ,eval
20260530_205604_TVMFZN,train
20260530_225553_ZUCDAJ,eval
20260531_003426_CEBQXK,train
20260531_003802_MVAPAF,eval
20260531_005705_ZWLRYV,eval
20260531_010406_SHTANK,train
20260531_011233_XLNAQM,train
20260531_012605_VWQDJD,train
20260531_012735_MHCRWT,eval
20260531_013314_XUDFBB,eval
20260531_014417_DJUSRD,train
20260531_015154_ATZFHT,train
20260531_015855_BUVXGR,train
20260531_021536_JSXFDE,train
20260531_021609_CEGCMJ,train
20260531_022042_YLERDC,train
20260531_022302_ZBVXGT,eval
20260531_022658_GBUBHD,train
20260531_023657_WJCRKH,train
20260531_035630_JLUPXJ,train
20260531_050426_JQGSCP,train
20260531_050650_XLAEHS,train
20260531_050917_KWWXZZ,train
20260531_051228_YCGJGF,train
20260531_051649_BYMUPB,train
20260531_051824_CYALTK,train
20260531_052357_GZKJUC,train
20260531_052426_YVGUJN,train
20260531_052734_PMFJLW,train
20260531_052839_PVHDYR,train
20260531_053807_YMGWFL,train
20260531_054855_NUGDZP,train
20260531_060926_SKQYDP,eval
20260531_062120_RZXLQQ,train
20260531_063536_NDZSHW,eval
20260531_064542_SRERLQ,train
20260531_064808_SXSYVQ,train
20260531_064947_AHHUQW,eval
20260531_070919_ZJLDWG,train
20260531_075102_DLNKLW,eval
20260531_075603_ZFKQQP,train
20260531_080408_BKCEQQ,train
20260531_081429_NHRUUF,train
20260531_081507_TGWDTN,train
20260531_081851_GRWXAJ,train
20260531_081854_JKQPPX,train
20260531_082505_PKPXJX,train
20260531_085253_BRAHML,train
20260531_095631_VTATKB,train
20260531_102817_DWTKCZ,eval
20260531_113028_YLVNVK,train
20260531_130514_TAMPYV,train
20260531_185123_TQWVBT,train
20260531_192833_URUVYU,train
20260531_221218_UJWSTC,train
20260531_230357_VCTWDU,eval
20260601_001934_XGPYBQ,eval
20260601_003321_SYEWEA,train
20260601_004530_NXGNEE,eval
20260601_004847_VULACQ,train
20260601_005844_GEPEZE,eval
20260601_013848_NCJEFM,train
20260601_015354_VFHMXF,train
20260601_015739_TUWDUS,train
20260601_022021_XHTJFQ,train
20260601_022750_ZYRHAR,train
20260601_024037_HUCBYD,eval
20260601_024241_CEACAD,train
20260601_025256_UZSMSJ,train
20260601_030843_JRLXKL,train
20260601_030929_UEVURQ,train
20260601_033423_EFMLEF,eval
20260601_034337_VPYPFB,eval
20260601_034448_FXRBKN,train
20260601_044818_ZFFZNA,train
20260601_045415_BUELXB,train
20260601_045906_BMEVSL,train
20260601_052200_PHBWGZ,train
20260601_053059_XYACGD,eval
20260601_053854_VDGKVF,train
20260601_055118_XCHEEQ,train
20260601_060006_NWYKNR,train
20260601_060142_DPHPDC,train
20260601_064621_GVLHRA,train
20260601_065236_DSWQXB,train
20260601_065436_ZASNWN,train
20260601_065610_AKNRWB,train
20260601_071133_WKJPEH,train
20260601_075025_GPKGMR,train
20260601_080424_ZZSACF,train
20260601_080601_VFHJUT,train
20260601_081124_LBAXEV,eval
20260601_081358_FXFXTM,eval
20260601_081906_CEFQNH,train
20260601_081956_XNRTUE,train
20260601_083026_UNNVVU,train
20260601_083704_RUYLVP,eval
20260601_084720_DNUFNK,train
20260601_092116_MLVBRP,train
20260601_092225_VKXYGZ,train
20260601_094708_XYBLAL,train
20260601_103156_LMWTPQ,train
20260601_111442_LRMGHE,train
20260601_134349_KTKRMM,eval
20260601_165914_RZBLRL,train
20260601_170810_TCDZNM,train
20260601_181833_SRAHSZ,train
20260601_182540_QTTHXG,train
20260601_191259_XRCQMP,train
20260601_192922_VJLHFA,train
20260601_194319_PSXZDZ,train
20260601_195814_TFWJDA,train
20260601_210408_EEMHSZ,train
20260601_210452_XXWRNG,train
20260601_211043_MHCHWH,train
20260601_215047_XBCWKM,eval
20260601_220527_HVTNXH,train
20260601_225604_DJWKYD,train
20260601_234250_DGUZTT,train
20260602_001552_KMBWRM,eval
20260602_003256_SECZYV,train
20260602_013429_LSQGED,train
20260602_015420_XMHBDL,eval
20260602_015613_SKKEER,eval
20260602_020554_NPUSGL,eval
20260602_023619_DKMMZF,eval
20260602_024459_TBRZAS,train
20260602_024902_KTSGKQ,train
20260602_025459_MQPKPC,train
20260602_030750_SFULYD,train
20260602_031024_DWTTLR,train
20260602_033251_TLAVAQ,eval
20260602_033703_BYKQTS,train
20260602_034356_ACDYAP,eval
20260602_040700_AJYWZR,eval
20260602_041022_MUESPW,train
20260602_050752_CHQMTJ,train
20260602_051147_NQKBYW,train
20260602_051522_HFARGM,train
20260602_051714_ZUWSGZ,train
20260602_052733_TYKWYX,train
20260602_053020_RJRETN,train
20260602_053151_YNQJHW,eval
20260602_053334_RLRYAN,eval
20260602_054439_KTCKNP,train
20260602_060326_QPMJCG,eval
20260602_061328_NJTVJB,train
20260602_061822_NMYKHN,train
20260602_062914_SACNCF,eval
20260602_063451_NPLSGA,train
20260602_064426_NDWJRV,train
20260602_070357_ZSCQKX,train
20260602_073612_QRCKPR,train
20260602_074845_YMBFCT,train
20260602_075118_ZCLDHR,eval
20260602_090350_GPDXEF,eval
20260602_090909_DLYKMN,eval
20260602_093232_QXUAYX,train
20260602_095924_MMNKBQ,train
20260602_104823_HDKGKP,eval
20260602_114843_QUMFSU,train
20260602_122255_XBYFMS,train
20260602_134806_QJFHRD,train
20260602_142229_JKSREF,train
20260602_142752_YMDNKV,train
20260602_185902_KKLSRC,train
20260602_194814_XXCVXZ,train
20260602_194952_TRWXGP,train
20260602_204028_CNRPYC,train
20260602_205359_QHWNLQ,eval
20260602_232325_QPHYCF,train
20260603_000200_JKRMXZ,train
20260603_001434_KPLWVM,train
20260603_004237_PXHBGG,train
20260603_004357_XLUGXT,train
20260603_005156_ZLJNYC,train
20260603_005444_HFDJKH,train
20260603_013637_TPLVZU,train
20260603_015949_CGZBLY,train
20260603_020642_KETZTK,train
20260603_020825_GKEYVJ,train
20260603_021024_PSFHZA,train
20260603_021355_JYZWNG,eval
20260603_024629_XJWURA,train
20260603_025254_GCMCTC,train
20260603_030137_QYCNAK,train
20260603_031518_DMLGDN,eval
20260603_033826_HJQAGV,eval
20260603_034242_XXFZGZ,train
20260603_040315_ZJRLQV,train
20260603_043257_VPCPCW,train
20260603_043900_LAUNRB,train
20260603_043945_RSAECC,eval
20260603_045142_NWHKME,train
20260603_050003_JKCUHW,eval
20260603_050021_FPZUYF,train
20260603_054658_KQSKRD,train
20260603_055946_SDFVRY,train
20260603_062049_LHECJV,eval
20260603_062757_XDZCQV,train
20260603_063923_KVWBDT,eval
20260603_064751_EVFMNC,eval
20260603_071150_MSGVAL,eval
20260603_073933_BAZEDU,train
20260603_073944_VTWCNE,train
20260603_080401_BJCVVJ,train
20260603_081241_TJHVKE,train
20260603_081336_AJGTPL,train
20260603_081425_WZUUMS,train
20260603_081502_DMEEZW,train
20260603_081807_SYKXBM,eval
20260603_082009_TSAWEL,eval
20260603_083945_PMTWGU,train
20260603_084746_WMJHMT,train
20260603_085417_DVULJN,train
20260603_091452_MDMTSL,eval
20260603_091945_BBXAST,train
20260603_103801_USXKUA,train
20260603_114002_BTKDMM,train
20260603_132543_NSFAGN,train
20260603_164720_WFVFGQ,train
20260603_204000_BLJNSF,eval
20260603_223922_PHPVZT,eval
20260603_234142_YYEKPQ,eval
20260604_001020_BAGNVC,train
20260604_001335_KJBXHV,train
20260604_002637_TKDQMR,eval
20260604_003014_YREEYG,train
20260604_005008_AZEUCT,train
20260604_005019_UDGHKS,train
20260604_010302_UNSZXW,train
20260604_011532_HUPGJS,train
20260604_011753_UTBNCB,eval
20260604_011909_CNZXCQ,train
20260604_012228_HRAPGA,train
20260604_013019_QZWNMM,eval
20260604_013829_UWYVJS,eval
20260604_014057_USGSQD,train
20260604_014316_CMSFTK,train
20260604_020250_EDXCLA,train
20260604_020420_PZMNCW,eval
20260604_020457_YVSEQM,train
20260604_021100_MUMDXG,train
20260604_022123_TZXGJA,train
20260604_022256_WRXDRJ,train
20260604_024412_LJCKXA,train
20260604_025916_MAGCLR,eval
20260604_031131_LBMRTB,train
20260604_031507_QGGSJL,eval
20260604_031609_KNGSRT,train
20260604_031838_BQLSXY,train
20260604_040500_LVXZVV,train
20260604_043610_XJFLUR,train
20260604_044545_MUTYTP,train
20260604_045511_FKUWXV,train
20260604_051135_NQPFBB,train
20260604_051339_FWPHUR,train
20260604_051647_HXXLUY,train
20260604_051803_YCFHFG,train
20260604_052401_XSZRJN,train
20260604_053025_EVSBTA,train
20260604_053113_LFUQNY,train
20260604_054634_JEASHC,eval
20260604_055528_JHQLUN,train
20260604_060955_PSJSWK,train
20260604_061208_YLFJBZ,train
20260604_061259_GRSGHR,train
20260604_061457_LKLDCH,train
20260604_063738_AKUZWJ,train
20260604_063812_PJCTTF,train
20260604_064507_BSPHCD,train
20260604_064551_TDPAJH,eval
20260604_075134_ZNLDQX,train
20260604_075235_HPWBFH,train
20260604_080834_YLUPXM,train
20260604_080943_PDTNBV,train
20260604_081713_NCZGZL,train
20260604_082545_YLAERP,train
20260604_083659_TVFDYL,train
20260604_092244_XMMHDJ,train
20260604_102128_FPWSUA,train
20260604_110019_QZUQSL,train
20260604_112840_HLSPGY,train
20260604_150025_HGDRPR,train
20260604_171608_LWNLVW,train
20260604_185658_HHWSJH,train
20260604_232203_MGZHRC,train
20260604_233029_MMPYGT,train
20260604_235857_GDGQGJ,train
20260605_001202_VAVGJA,train
20260605_011001_GRTUQR,train
20260605_011421_WATMRZ,train
20260605_011904_UFPZUH,train
20260605_015656_EUAQAQ,train
20260605_021938_ZRMPCS,train
20260605_022335_DBAXHE,train
20260605_024020_HKECMM,train
20260605_024218_KPPTPF,train
20260605_025540_DSBBXG,train
20260605_025954_LSEEET,train
20260605_032939_JZMSWS,train
20260605_033038_DFZATB,train
20260605_033346_VSWZSC,train
20260605_033443_QVVTPN,train
20260605_034315_VMBQHX,train
20260605_040204_QCBNFJ,train
20260605_041353_LTWRGK,train
20260605_045802_VFKMRX,train
20260605_050555_YFGWAE,train
20260605_051843_FHMGEA,train
20260605_053412_DMHNXS,train
20260605_054415_WRLHXG,train
20260605_055929_KCELPT,train
20260605_061952_RLMMRJ,train
20260605_062316_KQKJCD,train
20260605_063454_KPGWPP,train
20260605_064517_WAFTBD,train
20260605_065305_UXYECM,train
20260605_070246_CALHAR,eval
20260605_070503_ZMWCCG,train
20260605_073105_PRCPGR,train
20260605_073421_DZFNTZ,train
20260605_080519_VHDBTP,train
20260605_080845_SGGDTH,eval
20260605_081750_CCPZSL,eval
20260605_082425_EZMTMD,train
20260605_082903_FVNDMT,train
20260605_085510_PQCWHR,train
20260605_094412_DCMEVY,train
20260605_104810_ZCQBHM,train
20260605_110200_DCSUMN,eval
20260605_134235_CYNCPV,train
20260605_143655_GSCHRK,train
20260605_160949_ZWXCUR,train
20260605_194623_TMJGTQ,eval
20260605_235100_VNQEJJ,train
20260605_235806_ZWAPUF,train
20260606_005442_DFTZQZ,eval
20260606_005745_PALLRL,train
20260606_010715_QJYFPR,train
20260606_010724_NMKCNB,train
20260606_013353_WJUAKV,train
20260606_013513_TMPKNU,train
20260606_020418_XQQYLE,train
20260606_021655_MYGTKP,train
20260606_022524_FGWQLJ,train
20260606_024242_SSSHGL,train
20260606_031037_MYBQBL,train
20260606_032631_HRVFQH,train
20260606_032859_XAKPCF,train
20260606_035828_XRLEFZ,train
20260606_042531_KWMJUF,train
20260606_042755_YEBPZU,train
20260606_043547_MULRAU,train
20260606_043915_DPYREN,train
20260606_044709_CLYZNC,eval
20260606_050635_XEAMAM,eval
20260606_050820_QFLKRL,eval
20260606_052943_TLYUXQ,train
20260606_053219_FCFHNH,eval
20260606_060135_UWPFZH,eval
20260606_065206_RQNDAL,train
20260606_070307_ZSULGR,train
20260606_070724_MRBRMW,train
20260606_072033_UAPASG,eval
20260606_080459_KRYRHT,train
20260606_090938_NJFBKJ,train
20260606_091313_QURZRM,train
20260606_094038_AYCTLY,train
20260606_112603_GUTFMZ,train
20260606_142555_PDQHEN,train
20260606_144141_SPPJQM,eval
20260606_173921_NUUUZP,eval
20260606_192849_JTLXYV,train
20260606_230432_VUHYHL,train
20260606_234942_PAMHCY,train
20260607_001646_NRKGHU,train
20260607_003139_YGRGPJ,eval
20260607_004232_KFGRMA,train
20260607_010633_YNTDKL,train
20260607_013815_DGSLFA,train
20260607_015528_FGBEYM,train
20260607_015914_DGJBKL,eval
20260607_023245_UUVPFC,train
20260607_023254_KAVUNE,train
20260607_034014_VNUEDL,train
20260607_034016_RWRUTU,eval
20260607_050223_WEJKDU,train
20260607_050646_AZMYWQ,train
20260607_050808_YFDLBM,train
20260607_052839_TGHCKU,train
20260607_060344_WHAQST,train
20260607_061151_XMSXRD,train
20260607_065000_PUZJPL,train
20260607_065555_QTMREC,train
20260607_074951_ULMBCU,train
20260607_082833_SEBWMM,train
20260607_085201_BWGQUX,eval
20260607_092231_VMBGGY,train
20260607_093342_HZSXHC,train
20260607_103121_LHNFMR,train
20260607_104138_SFVKPX,eval
20260607_110737_PVPLPW,train
20260607_132617_KSUYFP,eval
20260607_150350_TEZPFR,train
20260607_152438_ATDYWQ,train
20260607_210427_SMQZZB,eval
20260608_002457_KQGSFK,eval
20260608_004315_HEKQKH,eval
20260608_004444_JQUPQK,train
20260608_005241_FBNWUD,train
20260608_005258_ZGQHBF,eval
20260608_010212_AGTKYS,train
20260608_011354_PSCZPK,train
20260608_011648_HFAYRX,train
20260608_012149_SEHSMR,train
20260608_012710_GXESAQ,train
20260608_013656_TYKBKV,train
20260608_014456_RTSPPA,train
20260608_022922_NXHZJN,train
20260608_024307_RFMLDC,train
20260608_025116_NDYCAJ,train
20260608_030046_MPKAXP,eval
20260608_030332_VFQBZR,train
20260608_031942_FQYKEZ,train
20260608_033152_YWJBKL,train
20260608_041546_ULESGG,train
20260608_041614_HSEZYM,train
20260608_044309_QKJLPB,train
20260608_044442_UAAVKV,train
20260608_045056_UKUZWL,train
20260608_045854_FZXTHR,train
20260608_050248_GVQWEG,train
20260608_050524_BJWGBE,train
20260608_052339_WHRZFG,train
20260608_053100_UNYUCV,train
20260608_053522_QGJHDS,train
20260608_062039_KBETJA,eval
20260608_065905_FXTKLN,train
20260608_071850_ZGLDEF,train
20260608_074117_PXVFFH,train
20260608_074431_KYQCHF,train
20260608_075958_NRUFAV,train
20260608_083110_CGEZKB,eval
20260608_083228_YCRSQY,eval
20260608_084546_LWRRXJ,eval
20260608_085434_NDAZZR,train
20260608_090014_PBGXVE,eval
20260608_093148_HWPRKD,train
20260608_093543_DHQZZK,train
20260608_093701_PMQGTR,train
20260608_094558_XHAQSH,eval
20260608_104941_RAHWSF,train
20260608_111529_FSXQLT,train
20260608_113057_FWMKQL,train
20260608_122608_TVGYRC,train
20260608_124642_XSTTQQ,train
20260608_130516_KVTSJF,train
20260608_133426_DFDSJJ,train
20260608_135406_NNSXXA,train
20260608_144801_YXWRUY,train
20260608_154529_DXURCF,train
20260608_214121_ULNTGP,train
20260608_225204_LWGCBN,train
20260608_233602_DYUMMX,train
20260609_001002_CTDURA,train
20260609_002429_XWNNAH,train
20260609_002829_TGGWYQ,train
20260609_002838_UTACJL,train
20260609_003054_QGKQWP,train
20260609_004428_UTXVXH,train
20260609_010118_PCEJLX,train
20260609_014223_PQGJHF,train
20260609_020924_FLYYNQ,train
20260609_023557_HGEHFG,train
20260609_030057_SLKALY,train
20260609_030854_NPQQAL,train
20260609_031407_EQCUNU,eval
20260609_031934_JTBTMN,train
20260609_033403_KYBSQQ,train
20260609_034758_UPGERD,train
20260609_040325_YPZWFQ,train
20260609_041536_NFGRTM,train
20260609_043323_KFEDZP,train
20260609_044928_WWPNDP,train
20260609_050739_VLSFJF,train
20260609_051341_LKUCAJ,eval
20260609_052937_YQCYAF,train
20260609_053317_RCFFYJ,train
20260609_054007_UDMJKM,train
20260609_054410_TWTMUC,train
20260609_054950_MQZHVT,train
20260609_055723_UQKLHG,train
20260609_062353_PJRYLZ,eval
20260609_062948_BFHHHZ,train
20260609_063956_MHRYGU,train
20260609_064231_UHVDKY,train
20260609_065513_NRENFY,train
20260609_070120_HJDAFV,train
20260609_070921_WZBCHF,train
20260609_071751_JYXHMC,train
20260609_073108_YENHSX,train
20260609_073214_LQYGRF,train
20260609_073433_LRBPED,train
20260609_074025_VYHDAG,train
20260609_074118_TJBRJY,train
20260609_080106_VBCRJL,train
20260609_080832_VQVGTM,train
20260609_084548_RHJDBW,train
20260609_085019_BLZKUU,train
20260609_085031_TNNZMR,train
20260609_090113_YBLXMU,train
20260609_090717_NZSYES,train
20260609_091201_PLGNBC,train
20260609_091806_GHYUWT,train
20260609_103524_EXEJKX,train
20260609_111845_FXEAKK,train
20260609_113131_AJTGMD,train
20260609_113609_XCMVWW,eval
20260609_121544_RXUJLB,train
20260609_124604_PHWEJV,train
20260609_130825_LRXEET,train
20260609_144713_XNFSLU,train
20260609_155822_JNXGPQ,train
20260609_171457_DQCJPG,train
20260609_172909_JEEBJP,train
20260609_180338_MMFGCW,train
20260609_181644_LZLFMK,train
20260609_194240_KWJGCS,train
20260609_210603_CDKEVD,train
20260610_000629_MRTSNE,train
20260610_002229_XLTEYE,train
20260610_002250_YYYQLG,train
20260610_004534_DAEJYL,train
20260610_005245_GURSZR,train
20260610_011159_EWLWVF,train
20260610_012208_UEUTXW,eval
20260610_020627_CCLVYP,train
20260610_021934_SBFLYY,train
20260610_023701_WXNKEY,train
20260610_024259_FGUJDZ,train
20260610_032051_HMRZNE,train
20260610_033035_WRYPAC,train
20260610_034024_FRLPKW,eval
20260610_035624_LREGFX,eval
20260610_035859_LULCTA,train
20260610_040257_VDWBXF,train
20260610_043034_GJXFJR,train
20260610_044938_MXCCGU,train
20260610_045531_UWHLXJ,eval
20260610_045955_EFJPQA,eval
20260610_050440_VYPFRB,train
20260610_050653_YKRLMJ,train
20260610_051704_UCUUYV,train
20260610_051803_PYRXPW,train
20260610_052149_JXMQDX,train
20260610_054607_NAZRAV,train
20260610_061651_MLUXBW,train
20260610_061905_CNEKMR,train
20260610_065127_MXSSLV,train
20260610_065949_WZBMGB,train
20260610_070840_TAFYNZ,train
20260610_073524_LQGFDU,eval
20260610_073832_FMGZMM,train
20260610_080518_SEEBHX,train
20260610_083448_VWCKGH,train
20260610_084713_NHSYJW,train
20260610_092153_LFYRUS,eval
20260610_101948_RDXTBA,train
20260610_103112_RUTSUV,eval
20260610_103923_YXHGXT,train
20260610_110400_JVJNPZ,train
20260610_110527_TSTXGL,train
20260610_120038_SFMDXK,eval
20260610_120310_QLYPCE,train
20260610_120913_JCVYCX,train
20260610_124715_ZDNAEM,train
20260610_132340_TXKWVL,train
20260610_132401_BLAMMV,train
20260610_142626_KYLVDR,train
20260610_155714_TUJZEC,train
20260610_171915_SBPVRF,train
20260610_231409_ARXQXR,train
20260610_232837_FPWEEX,train
20260610_235001_FBNMVW,train
20260611_002759_TUTXXC,train
20260611_004643_PFJSWH,train
20260611_010750_SSVKDZ,train
20260611_012554_HDNLGS,train
20260611_015831_DWMGJQ,eval
20260611_020131_JWPXKS,train
20260611_020705_EJXBJW,train
20260611_021829_DMRHJM,train
20260611_023559_LXVJCR,eval
20260611_024324_ENVLUN,train
20260611_031457_PCKCGE,train
20260611_031612_QYAGVA,train
20260611_032752_HLTYWU,train
20260611_041116_PBBDWU,train
20260611_041447_WVXFUV,eval
20260611_043240_WCMFFQ,train
20260611_044621_GBGWFU,train
20260611_044648_SAGBLG,train
20260611_045324_ZSPFSY,train
20260611_045631_JKRSYR,train
20260611_050008_QUVSJJ,train
20260611_050754_MHNZKM,train
20260611_051319_YKZPEP,train
20260611_051543_GXNQGU,train
20260611_051822_UBRMHT,train
20260611_054636_FNNXWH,eval
20260611_055335_UCLMJK,train
20260611_055630_ERTACQ,train
20260611_060128_STMWGL,train
20260611_060231_RLVPXF,train
20260611_063350_JEEBJA,train
20260611_064028_FLXSTJ,train
20260611_065410_SPKQVX,train
20260611_070228_JPVPDH,train
20260611_071134_BNPCYS,train
20260611_074000_DGFCRX,train
20260611_075113_GEPPPM,train
20260611_080206_WMKEDH,train
20260611_080633_KYXWVT,train
20260611_083808_VTZYHN,eval
20260611_090102_CNSYPH,train
20260611_090954_QCCWHS,train
20260611_091413_MALCAH,train
20260611_105137_UFYYCL,train
20260611_112509_KHFYLV,eval
20260611_112606_EKUXQZ,train
20260611_114709_HEMTGW,train
20260611_121448_XLCRHN,train
20260611_123726_MRGFNP,train
20260611_125342_CVFFKS,eval
20260611_125701_YZQYVE,eval
20260611_130928_LNHCWK,train
20260611_150155_ZUYPDK,train
20260611_193048_BFLXDU,train
20260611_195613_LMBZER,train
20260612_003045_KJLZWL,train
20260612_010758_ENZUFW,train
20260612_012235_NXNPXY,train
20260612_013623_DWBEEU,eval
20260612_013710_DBXTXP,train
20260612_013931_PVTKBB,train
20260612_013932_KZSLMX,train
20260612_014614_CSNWGZ,eval
20260612_015027_SZCFJB,eval
20260612_015201_FAPVSY,eval
20260612_015935_ETXSLP,train
20260612_020212_TPSHVR,eval
20260612_020658_FDHUCP,train
20260612_020810_CMKAZZ,train
20260612_021845_UJACUQ,eval
20260612_023103_RKGZDH,train
20260612_025832_ZMARNL,train
20260612_031018_CPNXPZ,train
20260612_034107_UKLHMX,train
20260612_042251_NSRJUD,train
20260612_043038_TDNYET,train
20260612_043603_GQNJLH,train
20260612_044221_QQHPAM,train
20260612_045329_WHAYQE,train
20260612_045514_WBNAXQ,train
20260612_050137_PTCHDJ,train
20260612_050620_HWCCEJ,train
20260612_052650_RCBDUS,train
20260612_052748_VLNYKK,train
20260612_060317_FLMPXH,train
20260612_060457_MGTATZ,train
20260612_061153_YJJEDL,train
20260612_062049_DZCFZH,train
20260612_063903_LPQMKZ,train
20260612_064347_SHQWWB,eval
20260612_064601_ZJQBHL,eval
20260612_065620_TPTXUF,train
20260612_072529_SBYUYU,train
20260612_072836_YWMUCP,train
20260612_073018_BFQTMR,train
20260612_073216_NUZDMD,train
20260612_073307_PEBTTA,train
20260612_073738_ATKKYV,eval
20260612_075941_DTCCFQ,train
20260612_080332_UZFFTW,train
20260612_081231_MXRPTL,train
20260612_082153_NYDZFK,train
20260612_082903_WMPJXE,eval
20260612_083146_TCELKU,eval
20260612_084354_YCNCKB,train
20260612_091043_RBASNV,eval
20260612_092155_LKFUGA,train
20260612_092239_BGQYBQ,train
20260612_092415_XWRZXA,train
20260612_093150_BVCCGG,train
20260612_095142_MXZXXC,train
20260612_100403_HMTMGF,eval
20260612_101612_MZAUWN,train
20260612_102444_YEYNMJ,eval
20260612_105521_VWJASK,train
20260612_111022_KXTTLE,train
20260612_111106_BDXXTB,train
20260612_113446_XGGJMT,eval
20260612_122339_JREHEW,train
20260612_155458_WUGPJX,train
20260612_194815_RYJKRZ,train
20260612_211133_WNSTJD,train
20260612_220349_YPNPLN,eval
20260612_233215_AFYSRC,eval
20260613_001552_JPHEWD,train
20260613_002253_LLFLLQ,train
20260613_002409_VHDVRV,eval
20260613_003906_EUACNC,train
20260613_004930_UDAZQC,train
20260613_005600_FFXQPQ,train
20260613_010829_WMTPAV,train
20260613_011017_CEXWCB,train
20260613_011132_KGLBTH,train
20260613_011149_EFWAEV,eval
20260613_014337_WMUDNF,train
20260613_020136_NFXXBJ,eval
20260613_022114_WCUADS,train
20260613_023401_ELDHUC,train
20260613_025045_XSNRGZ,train
20260613_031524_GVMHGF,train
20260613_032235_CFGLRP,train
20260613_032612_JXZUJW,train
20260613_044312_FWRSPF,train
20260613_044336_FRGNYR,eval
20260613_050444_YGQQVP,train
20260613_050450_SGYSTY,train
20260613_050535_PLEKBU,train
20260613_050732_QAVDJY,eval
20260613_051903_VKZTRU,train
20260613_052206_KWHEDH,train
20260613_052937_QVTSFF,eval
20260613_054427_WMPQTF,train
20260613_060450_BEFBGB,train
20260613_060453_DGGQDP,train
20260613_061210_PPZRDW,train
20260613_062009_VEXSFX,train
20260613_062917_EWXTTE,eval
20260613_063459_EEAXTB,train
20260613_071132_GGPZJU,eval
20260613_071814_UREYBR,train
20260613_071825_YKGVQB,train
20260613_071932_USMXTR,train
20260613_072125_AFPELK,eval
20260613_072609_JVBEBR,eval
20260613_073604_HCMFAC,train
20260613_073756_YEQTJY,train
20260613_074610_GSJLAG,eval
20260613_075059_YQXPWR,train
20260613_081154_GDTHHZ,train
20260613_092124_NTMRWZ,train
20260613_101015_QGDBBR,train
20260613_131050_BZAKAU,train
20260613_150505_NQCCDN,train
20260613_151900_EZZDCS,train
20260613_194340_REHBQG,train
20260613_195617_JNQYVM,train
20260614_001000_SLVTZN,train
20260614_002024_TDFSVR,train
20260614_002108_THYMCQ,train
20260614_002938_QKPWAP,train
20260614_004419_FHUYVR,train
20260614_005221_XJCSLF,train
20260614_005617_GCNHGP,train
20260614_010516_RSEALX,train
20260614_010731_WJWGCN,train
20260614_010857_YXVLHD,train
20260614_011819_DZZQQN,eval
20260614_013526_TSGYQW,eval
20260614_014328_JNBPFK,eval
20260614_014509_JQQPNP,train
20260614_020638_WYWGZN,train
20260614_022628_WFXELB,train
20260614_025144_EKWBRE,train
20260614_030717_WLYYDR,train
20260614_032154_XKEYXW,train
20260614_033815_TZMVWF,train
20260614_041448_JMZTUE,train
20260614_044839_BHGZVX,train
20260614_045233_EBQEQC,train
20260614_050639_EWUZXM,eval
20260614_051125_FSXRGS,eval
20260614_052222_PXCVNA,eval
20260614_052925_JDNWZX,eval
20260614_054958_XHRCNZ,train
20260614_061044_WMEJFD,train
20260614_061621_PWTRNB,eval
20260614_061953_AACNAF,train
20260614_065026_UEQFRE,eval
20260614_070513_EYQUSN,train
20260614_072027_DWLYPZ,eval
20260614_072145_DFXZBV,eval
20260614_073912_BRTXJU,train
20260614_074253_PPZUDA,train
20260614_075008_MTBFDU,train
20260614_080419_WSXRQP,train
20260614_081157_YHHKSW,eval
20260614_081238_TTSDXW,eval
20260614_090507_PRHWZC,train
20260614_105554_SQRYUX,train
20260614_110838_TGSDUC,train
20260614_145950_UTRCFT,train
20260614_161012_MSXPNQ,train
20260614_172159_PUEPVK,train
20260614_172327_DFTVQG,train
20260614_190302_FWVRGP,train
20260614_191033_MTGFZB,train
20260614_200420_DTBQZM,eval
20260614_220130_GUPTYQ,train
20260614_220658_JVPPHF,train
20260614_225841_RRNJVF,train
20260614_231633_UDSYLU,train
20260615_002455_EFQQBZ,train
20260615_002711_RNSBMP,train
20260615_002759_AKVFDE,train
20260615_003116_MRQMXF,train
20260615_003735_JAMUQS,train
20260615_004018_GWTNPG,train
20260615_004100_YAHJDH,train
20260615_005539_ZKEFBT,train
20260615_005823_JZPCDX,train
20260615_005857_EYPZYX,train
20260615_010309_CCQXNF,train
20260615_010640_CQYSMT,eval
20260615_012357_GXGAJY,train
20260615_012916_VDHUXF,eval
20260615_015213_WBSHNP,train
20260615_023127_AHYHVK,train
20260615_023341_DQZGKS,train
20260615_025406_JYLZAY,train
20260615_030247_TVCJEY,train
20260615_030623_ZLQFAX,eval
20260615_031549_TRAQMR,eval
20260615_031916_FKQRET,train
20260615_033951_WQCDEQ,train
20260615_035229_NPNFKZ,train
20260615_035258_LZHDTQ,eval
20260615_035501_XXBHGV,train
20260615_035659_LSBDZV,train
20260615_035946_FRJEUZ,eval
20260615_044021_FKNJDJ,train
20260615_044801_CGLCPP,train
20260615_045239_EHRZPM,train
20260615_045526_EVXGBX,eval
20260615_051457_PZNZDE,train
20260615_051744_SVGEHZ,train
20260615_051751_MBHRVW,train
20260615_052139_RXFVER,train
20260615_052437_ZWXUYF,train
20260615_052441_WXWJTC,train
20260615_052557_VBYCLP,train
20260615_052719_AKRPMS,train
20260615_053337_SXVCGG,train
20260615_053942_XMTCVN,train
20260615_054120_GDJLUL,train
20260615_054942_JGRPQT,train
20260615_060128_FKTFUL,train
20260615_060818_PZKBVX,train
20260615_060938_HCRUYJ,eval
20260615_061045_VFWNGV,eval
20260615_061131_ZCSQED,train
20260615_061344_KHBFMJ,train
20260615_061733_CDYVED,train
20260615_064424_YCHEXT,train
20260615_065721_RUSUJZ,train
20260615_072444_UNTTDX,train
20260615_072521_PFGJWX,train
20260615_072907_WBFESE,train
20260615_074115_PYCFUL,train
20260615_074136_CGSDBK,train
20260615_074614_VHDGFA,train
20260615_075300_MKSNCR,train
20260615_075319_VDGJHY,train
20260615_080524_WVPUNV,train
20260615_080835_BVPZSW,eval
20260615_080923_KTUSNQ,train
20260615_081537_UEXPLM,train
20260615_083201_PSJNTK,train
20260615_083735_WDNTJC,train
20260615_085437_TFRESF,train
20260615_095735_BHTYWU,train
20260615_105919_ZADHBF,train
20260615_113431_DAZWWU,train
20260615_114316_HHZFRP,train
20260615_114719_XUSYKV,train
20260615_121442_HHTZYS,train
20260615_123630_SKDLJZ,train
20260615_134107_YYLDSR,train
20260615_144543_FYRRGY,train
20260615_145421_DLFTCY,train
20260615_185552_SFGWMG,train
20260615_204901_VUNPNB,train
20260615_214652_CMNCPW,eval
20260615_221919_JXECLU,train
20260615_221954_QJYPMN,train
20260615_233256_QUCUDA,train
20260615_233257_AWZTNW,train
20260615_235056_GAUSET,train
20260615_235956_NAEPKU,train
20260616_001251_CZYZRE,train
20260616_001321_JMCFXF,eval
20260616_003335_PXEURF,train
20260616_004414_TRTBSS,train
20260616_004707_WAWFEZ,train
20260616_005104_YCCDUV,train
20260616_005218_RSYYSW,train
20260616_005222_UFQJYN,train
20260616_005228_ZZKMTB,eval
20260616_005523_JYKPER,train
20260616_010611_CHFNRF,train
20260616_010733_RZREWV,train
20260616_010954_PLMULL,train
20260616_011055_UBEMJW,train
20260616_011811_GBYHRG,train
20260616_012211_NRJJQA,train
20260616_012955_CRPPHR,train
20260616_014536_VTJRVT,train
20260616_014628_DKMJKS,train
20260616_020102_UADRYZ,train
20260616_020337_FDFWGJ,train
20260616_020604_ZUMBJM,train
20260616_023951_DUYVWS,train
20260616_024505_XVGZSJ,train
20260616_025437_HAJUXH,train
20260616_030125_RCYTSQ,train
20260616_030813_QUKLMB,train
20260616_031528_ECQKCP,train
20260616_032701_WBUTCG,train
20260616_035039_FWGAGZ,train
20260616_042456_QEJWKK,train
20260616_042753_WESGGF,train
20260616_050525_MGXSHB,train
20260616_050802_ZMMCKR,train
20260616_050815_SCBQAH,eval
20260616_051109_SWFWSY,eval
20260616_051525_ZZFUGK,train
20260616_051745_FYNHQP,train
20260616_052127_GCCLNY,train
20260616_052613_VRNNTM,train
20260616_053216_WBXSHA,train
20260616_053217_GLNHME,train
20260616_053357_BRJTJB,train
20260616_053403_YZLYLF,train
20260616_053442_MPLCQV,train
20260616_053519_VDBHVE,train
20260616_055444_MFHUZW,train
20260616_060349_TJKQKZ,train
20260616_060700_MPCULM,train
20260616_060832_YZXCMC,train
20260616_061103_HNLUWD,train
20260616_061804_VEANLN,train
20260616_063419_MPRBMA,train
20260616_063459_MVEPJY,train
20260616_064027_XMDKAV,train
20260616_065915_EFJGDY,train
20260616_070619_YREMSY,train
20260616_071827_NRZGTD,train
20260616_072531_DMEYBV,train
20260616_073403_QXLRTD,train
20260616_073931_MWBMWS,train
20260616_073950_QQNHGR,train
20260616_074103_ESXJBA,train
20260616_074245_XYMWGM,eval
20260616_074414_HPYTWH,train
20260616_074444_JXNXCS,eval
20260616_074557_GEWFSN,train
20260616_074659_ERCPMV,train
20260616_075736_WTXEZG,eval
20260616_080307_NUHAVK,eval
20260616_080929_CRDMCQ,train
20260616_081531_KAPZUV,train
20260616_084138_SVBYGY,train
20260616_084632_CLTBCG,train
20260616_084746_EQPSMP,train
20260616_090241_DSDWJS,train
20260616_093607_SPMNBJ,train
20260616_095558_WMFXRF,train
20260616_095723_DXYXMM,train
20260616_100739_SUCFMS,train
20260616_102042_DQMPBQ,eval
20260616_102336_NWVUUU,train
20260616_102600_TEHFNY,eval
20260616_103444_JUDSDN,eval
20260616_113721_SNMZTN,eval
20260616_115549_KHJRZK,train
20260616_120316_APSFVN,eval
20260616_131008_LRENLY,eval
20260616_132644_FLFTYG,eval
20260616_134956_XPSPTB,eval
20260616_135857_HFGPYF,train
20260616_135955_XPUZFA,train
20260616_140700_CFNHEM,eval
20260616_142207_WUNLST,eval
20260616_144419_NDVDAW,train
20260617_000429_LUBMLK,train
20260617_002922_KCHPXT,eval
20260617_003923_FTUHPP,train
20260617_004540_VDELUH,train
20260617_004710_MZLYXS,train
20260617_004920_CHHDLR,train
20260617_005406_JJMDME,train
20260617_005456_VPNDDN,eval
20260617_005626_NLWECQ,train
20260617_005851_PNBWNN,train
20260617_010024_YXGMMF,train
20260617_011103_LZBTYT,train
20260617_012729_JUGKWZ,train
20260617_012730_PDKTED,train
20260617_013709_MSWUEP,eval
20260617_015147_JEWWNX,train
20260617_021517_SUTHQB,train
20260617_023347_DCSPYM,train
20260617_023522_SZHUBZ,eval
20260617_024024_NPELCF,train
20260617_024837_PEEBHY,train
20260617_025106_MECXYR,train
20260617_025741_QNPVUW,train
20260617_030345_ASAWKC,train
20260617_032217_RKZYEJ,train
20260617_032727_JTWPWC,train
20260617_033420_FREMUM,train
20260617_034715_RXEYAF,train
20260617_034801_VRUEWR,train
20260617_041156_LBUVUJ,train
20260617_042132_NEXYWS,train
20260617_043345_PFFRMR,eval
20260617_043745_SBSGDN,train
20260617_043849_VBBCAA,train
20260617_045411_QTGHBW,train
20260617_045501_AGLCKB,train
20260617_050024_VWEHMW,train
20260617_051352_JQWHGP,train
20260617_052316_FHQVEM,eval
20260617_052424_FSLYFF,train
20260617_052645_FBBKDK,train
20260617_052934_SNHUWF,train
20260617_053346_TQHDZA,train
20260617_053407_FRYUEQ,train
20260617_053418_CTCXQU,train
20260617_054606_STANCK,eval
20260617_055004_TKKPRS,train
20260617_055424_JPFBDC,train
20260617_060155_TADVHR,train
20260617_060449_RYTUMQ,train
20260617_060656_FBARDK,eval
20260617_061028_AYNSFJ,train
20260617_061103_QXMHPL,train
20260617_061153_QDDNBM,train
20260617_061317_XZEAJS,eval
20260617_062027_LWSSLS,eval
20260617_062757_YPQSEY,train
20260617_062918_PDLAXH,train
20260617_063304_FSUAAJ,train
20260617_064401_WUYHSV,eval
20260617_071806_SRMELG,train
20260617_072336_DBKFZV,train
20260617_072431_ZCVBBY,eval
20260617_073553_YWZYWD,train
20260617_074241_FMDSSM,train
20260617_074258_TGPJHG,eval
20260617_074358_KUXAQB,train
20260617_074643_NZWLNZ,train
20260617_074735_XRSARZ,eval
20260617_075806_PHFLTR,train
20260617_081504_VUEHTZ,train
20260617_081605_XREZAA,train
20260617_083657_XMJCUJ,eval
20260617_084025_QYTFKS,train
20260617_084300_KDRKMG,train
20260617_090056_HNPEFX,train
20260617_092741_VTKXBY,eval
20260617_095003_DSUVME,train
20260617_101134_RLNGRU,train
20260617_101213_MSJDBY,train
20260617_103407_QYZYCD,train
20260617_104422_NNZRTT,train
20260617_110242_CTGUYB,train
20260617_110308_TCSKEY,train
20260617_112221_AZGYUY,train
20260617_123603_BDWEJP,train
20260617_125800_CJQGZT,train
20260617_133145_UTVUNG,train
20260617_135125_SDAATF,train
20260617_143521_ATAVPR,train
20260617_145432_FCMDWY,train
20260617_150021_RVJAUN,train
20260617_151201_LWQAFZ,train
20260617_153021_ZCLGYL,train
20260617_160254_NVNCXH,train
20260617_224558_YGWTXE,train
20260617_225320_HJCVWU,train
20260618_000816_SMHNMH,train
20260618_000906_VSFXQE,train
20260618_001025_PYGCXJ,train
20260618_001342_NEGZSR,eval
20260618_002342_BRKQJP,train
20260618_002449_GRJSLU,train
20260618_002527_HHAZKL,train
20260618_002710_EAYDXJ,train
20260618_003109_MSEREH,train
20260618_003627_ABFXWW,train
20260618_004150_VNGQKX,train
20260618_004348_PCFCXS,train
20260618_004348_RFMDPS,train
20260618_004412_QTHXJW,train
20260618_004542_WJADFR,train
20260618_004543_QYWLJC,train
20260618_004830_MUVUMY,train
20260618_004856_VHZAYS,train
20260618_005137_AJYMKD,train
20260618_005323_SGWGQJ,train
20260618_005520_CZQDVQ,train
20260618_005550_PGEXMR,train
20260618_005757_HQKWFZ,eval
20260618_005838_NTXDBK,train
20260618_011013_TYYLLZ,train
20260618_011303_YNVMZA,train
20260618_011644_DXRUHR,train
20260618_011931_RKUEPM,train
20260618_013856_YPYGFU,train
20260618_014758_MRDWCN,train
20260618_015515_LEXKGS,train
20260618_020142_PKYAKS,eval
20260618_022228_CXUTNH,train
20260618_025909_VHNDYL,train
20260618_030910_KXGWWP,eval
20260618_033755_WTXZCT,eval
20260618_034105_GKCTVE,train
20260618_035946_NMMMYQ,eval
20260618_040513_PMAWSA,eval
20260618_041251_JTCHZZ,train
20260618_043116_EYVZMY,train
20260618_043125_ZXWFUG,train
20260618_044326_UPPKYH,train
20260618_044415_LSYCBH,eval
20260618_045031_AHAQNR,train
20260618_051454_KXALNC,train
20260618_053326_ZBBFUZ,eval
20260618_053905_LKAJFS,train
20260618_054405_CGYMAN,train
20260618_054433_QDVXZB,train
20260618_055109_MGFMPK,train
20260618_055849_ABMHVU,train
20260618_055948_ZEPBGM,eval
20260618_060359_MBGLSQ,train
20260618_061757_WZSHAQ,train
20260618_062945_JWQGSC,train
20260618_063015_KJJEQN,train
20260618_063032_MATEHY,eval
20260618_063254_XYPTJG,train
20260618_063611_QUXGBW,train
20260618_063813_ANMRLW,train
20260618_065540_WXJNQS,train
20260618_070043_PUSCPL,train
20260618_071313_SLRQDD,eval
20260618_072042_BWNCYQ,train
20260618_074611_YTNAUY,train
20260618_074727_XDLKZK,train
20260618_074751_TTHRJR,train
20260618_075450_NCDZFU,train
20260618_075545_ERYLKD,train
20260618_075728_FCSFUZ,train
20260618_080319_JXKSDL,train
20260618_080519_HJPDAY,train
20260618_080802_ESGNQN,eval
20260618_081529_TLUHZD,train
20260618_082132_NEYPBA,train
20260618_084712_JSTHUH,train
20260618_084955_VYSZDW,train
20260618_085050_NYQQUG,eval
20260618_090932_PJYWYE,train
20260618_091036_LVDSDR,train
20260618_091426_GLYGQL,train
20260618_093036_HEXCTZ,train
20260618_094158_ANXGVN,train
20260618_100910_GWFPCR,train
20260618_101818_XKSUMA,train
20260618_102821_YDHVFC,train
20260618_103040_MLFRNB,train
20260618_104919_HXUGYC,train
20260618_111822_AXNJDN,train
20260618_113629_HUUYNF,train
20260618_114307_WFYYWU,train
20260618_115701_PUPQEF,eval
20260618_122219_KVEEBJ,train
20260618_125425_QHVATD,eval
20260618_131038_EVMRAK,train
20260618_132831_QAFTSB,train
20260618_134524_YVCFRE,train
20260618_140159_UYWXRF,eval
20260618_141315_YAAKPE,train
20260618_141615_GAWYFT,train
20260618_145657_KEREDK,train
20260618_151900_BQDKPU,eval
20260618_163412_FWUDBF,train
20260618_225413_DEFDSC,train
20260618_231314_BFKTBU,train
20260619_000316_RMXKRS,train
20260619_001324_KKYYUR,train
20260619_003135_QYAYMJ,eval
20260619_004401_ZPHNZJ,train
20260619_005354_TVLYEE,train
20260619_005543_WRPCTU,train
20260619_005842_BGQYZB,train
20260619_012606_YRYTYA,eval
20260619_022746_VHZSWJ,train
20260619_040902_VRJWMC,train
20260619_042726_CTUBZD,train
20260619_044554_LCBWWV,eval
20260619_045247_LQREML,train
20260619_052433_BYBFPB,train
20260619_055518_JPKKUJ,eval
20260619_062139_DFBBDT,eval
20260619_062410_QAYGHM,train
20260619_064900_ZRJAWU,train
20260619_070917_AZPZNH,train
20260619_100037_LGHEMH,train
20260619_105244_AQUYXV,train
20260619_133113_ZJUREH,train
20260619_161142_LPTCFV,train
20260619_185239_BUTHCH,eval
20260619_233957_HWQXEF,train
20260620_001602_WWENWQ,train
20260620_002311_HMKRHG,train
20260620_003858_YEVPYJ,train
20260620_004503_YZPBDZ,train
20260620_005503_USUSMH,train
20260620_005622_LACTXH,eval
20260620_010654_LSFMCF,eval
20260620_015216_EDTQHV,train
20260620_020159_QTFVXD,train
20260620_021909_SHNWWQ,train
20260620_024139_EWPGKU,train
20260620_025303_MRBLCM,train
20260620_025649_SRTSUX,train
20260620_031955_HEMGKK,train
20260620_035103_TLBFBZ,train
20260620_035137_DZJCUR,train
20260620_035825_PYKLMG,train
20260620_040505_YPAYTH,eval
20260620_042556_JRDYZD,eval
20260620_044035_UGJVJW,train
20260620_044237_RMWAQX,train
20260620_045749_ZTUPKD,train
20260620_050750_YZTPKP,eval
20260620_051507_RVNFAH,train
20260620_051941_SZVEFK,train
20260620_052940_LQRRKW,train
20260620_053203_JDBJCW,train
20260620_053332_GPFAAV,eval
20260620_055121_BXCCSZ,train
20260620_061313_GLDXEG,train
20260620_062946_MWCDYM,train
20260620_063606_WPTQUS,train
20260620_064235_EXSXET,eval
20260620_065829_PKSBCA,train
20260620_071322_QHRKET,train
20260620_073255_RXPATV,train
20260620_073809_JTBCBD,train
20260620_073850_JJKZCW,train
20260620_074113_RQTVFY,eval
20260620_074930_KYFEZS,train
20260620_075728_TXJFMP,train
20260620_075958_SMCQGL,train
20260620_080756_DUNMUH,train
20260620_090311_RFWHMK,eval
20260620_091733_ZKRRRZ,train
20260620_103127_BHBJKY,eval
20260620_103551_EFJGLX,train
20260620_114539_JEAWMJ,train
20260620_125741_MFHWYK,train
20260620_151318_ADAQXN,eval
20260620_221522_EKCUTR,train
20260620_231623_AZKYHD,train
20260621_000712_LHYCFN,train
20260621_004041_PJBFAF,eval
20260621_004512_RUKLZV,train
20260621_005632_UCHAVK,eval
20260621_010825_KQEVFL,train
20260621_012530_FQZLMW,train
20260621_020822_SNZQFM,train
20260621_021312_UYMBCU,train
20260621_024035_QZRRCC,train
20260621_024620_BAKPPC,train
20260621_025607_HRJAFW,train
20260621_033722_UMYLBL,eval
20260621_042149_EFQZLG,train
20260621_050208_PRYDEC,train
20260621_050703_VDKVBS,eval
20260621_051324_JTSACD,train
20260621_051848_UNCWRC,train
20260621_054241_VPMYRC,train
20260621_054529_YZKXCJ,train
20260621_060344_QRZMHW,eval
20260621_063517_HZRZFH,train
20260621_070953_BSCLQT,train
20260621_072601_VLUYEK,train
20260621_073229_EMPYRZ,train
20260621_073333_YMBHYQ,train
20260621_074323_WRUHAB,train
20260621_074413_GSRPNT,train
20260621_074515_EBGYZN,train
20260621_074810_PLRRPV,train
20260621_074913_AAALPY,train
20260621_075535_YNHYRB,train
20260621_080120_HQMSHT,train
20260621_080208_QJTJJK,train
20260621_080641_AZZFAC,train
20260621_084843_ASJEXU,train
20260621_090140_LYMSEV,train
20260621_092854_FQLDFF,train
20260621_123253_TVNUZR,train
20260621_133135_JSQHNF,eval
20260621_154712_UVTGNV,train
20260621_162204_TWPPGA,train
20260621_181059_ZGAJMP,train
20260621_223220_XMFKNQ,train
20260621_233959_JSCGVW,train
20260621_235833_TDJXGR,train
20260622_000748_XRMHYS,train
20260622_001352_PGCZPV,train
20260622_001403_XYAZPD,train
20260622_001549_YSCXZE,train
20260622_002209_DJEKFF,train
20260622_002533_KTSJAS,eval
20260622_003344_CADQMW,train
20260622_003425_MCACMQ,train
20260622_003856_SAWGVT,train
20260622_004234_FVYSTT,train
20260622_004725_VYDREK,train
20260622_005242_BQRAUY,train
20260622_005300_VBGUHU,train
20260622_005328_GEUZBJ,train
20260622_005751_HTCGZT,eval
20260622_010025_ZYTZTH,train
20260622_010558_SAQFXQ,train
20260622_010702_FXQBZG,train
20260622_010905_HDUWCH,eval
20260622_012202_XQKRCQ,train
20260622_013015_JGVWGQ,eval
20260622_014445_XTGAVZ,train
20260622_014826_PCQQCL,train
20260622_015241_NLPMCU,train
20260622_020724_CHFSCM,train
20260622_020851_CHDFEE,train
20260622_022144_TPUYTS,train
20260622_022454_SCZSBN,eval
20260622_024626_YYYLDK,train
20260622_024659_XYFCTZ,train
20260622_024938_ZNVJJA,train
20260622_025323_ZBCWBH,train
20260622_034207_LVPYTA,eval
20260622_034534_VPGNJM,eval
20260622_035323_ASLCRP,train
20260622_043023_YJZYSP,train
20260622_044725_KVAAQA,train
20260622_045540_AWLYGH,train
20260622_045928_LBGYYF,train
20260622_050426_BCUULJ,train
20260622_050540_MZTNNH,train
20260622_051407_FPLVCA,train
20260622_051607_UZDEUD,train
20260622_051948_NYZAAL,train
20260622_052200_DJMLBX,train
20260622_052642_NYDWRC,train
20260622_052732_KHDJDW,eval
20260622_052843_UDRQJP,eval
20260622_053455_VQKMFB,train
20260622_054648_PBVJXH,eval
20260622_055200_GHHZJH,eval
20260622_055513_FNVWMF,eval
20260622_055738_EZPDND,eval
20260622_055820_NHVNPT,train
20260622_060842_RZRBHU,train
20260622_060912_CHAQLU,train
20260622_061146_MKJLAP,eval
20260622_061917_QZKUNS,eval
20260622_062229_RARVBV,eval
20260622_062821_SNQTRT,train
20260622_064335_SHARTZ,eval
20260622_064429_JHAWLQ,train
20260622_070043_NQYJPB,train
20260622_071418_VZGELG,train
20260622_073202_NQLUDW,train
20260622_080627_KPMNDL,train
20260622_080641_DWTALS,train
20260622_081345_HRAHTS,train
20260622_081516_AZJEUF,train
20260622_082603_KQVYYC,train
20260622_083806_QDZWWA,train
20260622_084708_NCAKEJ,train
20260622_092401_AMGYLY,train
20260622_093047_LGCWQH,train
20260622_093151_CBWDFA,eval
20260622_093557_LQCDQY,train
20260622_094202_WFTJSP,train
20260622_094632_LJHLGZ,train
20260622_094752_BBXNAL,eval
20260622_100232_FDEMMA,eval
20260622_100515_DQLYEV,train
20260622_101724_CHJWPB,train
20260622_102506_YVHHXS,train
20260622_103906_HHGUTL,train
20260622_104228_HBTPJR,train
20260622_105533_QUTQSV,train
20260622_110026_DWNXVH,train
20260622_110436_XKPSLL,train
20260622_112224_VUZBCX,train
20260622_112232_HDZUHN,train
20260622_114128_HAQUXS,train
20260622_123422_CXBSSG,eval
20260622_125200_EBERSZ,train
20260622_130542_CAGHRW,train
20260622_132217_HDBDHX,train
20260622_134140_GABNWC,eval
20260622_134345_XMWZCJ,train
20260622_134355_ZQCXUY,train
20260622_135820_HUKUHW,train
20260622_140620_NTVHYH,eval
20260622_150232_YWUVDV,train
20260622_152423_KZLYTH,train
20260622_160025_ACMTRF,train
20260622_163225_NXHBSD,train
20260622_175335_GVCAPY,train
20260622_181038_MGVRQP,eval
20260622_183341_XPPPYV,eval
20260622_224907_GKVNFQ,train
20260623_000352_FWEVES,train
20260623_000951_WCBVAN,train
20260623_001050_PKJQVY,train
20260623_001258_BHUHZZ,train
20260623_001438_NVHYZV,train
20260623_001754_LKDKBG,eval
20260623_002250_VDNXUL,train
20260623_002335_JFHHRV,train
20260623_002404_SAJWNZ,train
20260623_002455_NTSYPR,train
20260623_003329_KPPWJS,train
20260623_004311_BVAYFV,eval
20260623_004514_BJAYBG,train
20260623_004815_NEUJHF,eval
20260623_004917_ZZJTEK,train
20260623_005118_VTREYU,train
20260623_005344_EBCQZW,train
20260623_005526_CVJYGR,train
20260623_010147_DBZMFL,train
20260623_010204_ZRZNKN,eval
20260623_010623_XNNUAJ,train
20260623_011202_HJCHAH,train
20260623_012339_TSKWMX,train
20260623_012348_STZZNW,eval
20260623_012753_QQKCFT,train
20260623_014517_FYAGQL,train
20260623_015217_SPEUWG,eval
20260623_020620_TESDZD,eval
20260623_021528_KYRZUW,train
20260623_022120_QMNHMV,train
20260623_023306_XRDPHD,train
20260623_025801_WJGUUG,train
20260623_031634_TVAVCU,eval
20260623_032310_RCSXNL,train
20260623_032647_LTLXZF,eval
20260623_032836_JFQPQK,train
20260623_034854_FWLEBL,train
20260623_035212_NJJYVP,train
20260623_041523_KWDFES,train
20260623_041556_NGGHHM,train
20260623_042915_KACYWR,train
20260623_042935_EEZGSS,train
20260623_045827_TNLZYK,eval
20260623_050644_XBEQHB,eval
20260623_051039_ADPNNZ,train
20260623_051059_CAGBHL,train
20260623_051338_RKMAVA,train
20260623_052118_FUTPRS,train
20260623_052125_DXKEEJ,train
20260623_053412_XPDNCU,train
20260623_054030_ZJMABM,train
20260623_054521_YKQEPQ,train
20260623_055353_ZDHTTC,eval
20260623_055508_WQXMTF,eval
20260623_060402_TGYLRL,eval
20260623_060535_FWECSR,train
20260623_061407_GSEZSP,train
20260623_063451_HPZPQQ,train
20260623_063708_KUGYPD,train
20260623_064923_YBGEDS,train
20260623_071454_CMEGFF,train
20260623_072310_USDSGZ,train
20260623_072531_SYKXKF,train
20260623_073631_PGLLWW,eval
20260623_073726_VAGGZL,train
20260623_074334_XAPLDX,train
20260623_074408_WBZSEB,train
20260623_074508_GSWFLC,train
20260623_075121_QDEPVW,train
20260623_075748_PVRGRT,eval
20260623_080427_NXQLJL,eval
20260623_080726_EYTWVR,train
20260623_082047_YGLPQN,train
20260623_082959_UHNLHS,train
20260623_083822_VFKMGU,train
20260623_084236_QBNRSM,train
20260623_085446_SCUCGK,train
20260623_091734_JRLDRP,train
20260623_092336_CEZBHV,train
20260623_092708_AQWPVQ,train
20260623_094206_EMYMXY,train
20260623_094233_LFXPXS,train
20260623_094435_NANKRZ,eval
20260623_095522_CDVNVL,train
20260623_101935_YHYRLK,train
20260623_103842_TSYJTN,eval
20260623_105012_GGQJXN,train
20260623_105458_PVJZLN,train
20260623_110411_SZCNMP,eval
20260623_110958_YLCDSQ,train
20260623_112015_NFSUZL,train
20260623_112103_JXVKAP,train
20260623_113919_UFQVRY,train
20260623_114159_ENUDGV,train
20260623_114839_QLHDWF,train
20260623_120324_XDSMGE,eval
20260623_122901_CHWTSA,train
20260623_123650_PKQKBQ,train
20260623_130248_FXEFHU,eval
20260623_131739_GGPYTJ,train
20260623_131806_VJDADX,train
20260623_132919_MBXYWY,train
20260623_133630_YEUKKB,eval
20260623_135238_VRNJAK,train
20260623_141231_GCRHCE,train
20260623_144022_TARJWM,eval
20260623_152338_QQXNXE,train
20260623_161429_KZBFHF,train
20260623_171720_ZHBDSH,train
20260623_174653_FSMLVZ,train
20260623_220416_MHMJTE,train
20260623_234141_ZUDDRP,train
20260624_000153_PWCBAK,eval
20260624_001604_LPBWLG,train
20260624_002233_GSJHQP,train
20260624_002531_WEHBCE,train
20260624_002800_QYGSDA,train
20260624_003109_MAULUJ,eval
20260624_003358_PWUFGL,train
20260624_004542_SENPCE,train
20260624_004614_PXUQWP,eval
20260624_005052_LDTJJT,train
20260624_010455_SYUXDE,eval
20260624_011445_XMVDCB,train
20260624_014821_HEPKWV,train
20260624_015640_WURBWM,train
20260624_020510_PPLFBY,train
20260624_021022_WWRQXR,train
20260624_021736_CRCRTJ,train
20260624_022329_YEPLUU,train
20260624_022706_UYQLGM,train
20260624_030228_RJSWTA,train
20260624_033743_CCRAHG,train
20260624_043526_TDGJNC,train
20260624_045154_SXAAKG,train
20260624_045925_UBEGTA,eval
20260624_050307_FTNEHH,train
20260624_050350_DREUZG,train
20260624_050452_THLBJF,train
20260624_050532_NMHGZS,train
20260624_051509_ZFCMXD,train
20260624_051738_SBNBTV,eval
20260624_051837_JVZWVC,train
20260624_052338_TVXMHE,train
20260624_052616_LNXBMU,train
20260624_053241_QGMNUW,train
20260624_054517_YXMGMV,train
20260624_060105_GDYLRE,train
20260624_061647_QMMSSA,train
20260624_062755_MNCKZK,train
20260624_063227_GXRQLN,train
20260624_064859_JMWYWY,train
20260624_073047_VDTYQE,eval
20260624_073639_HKVEJR,train
20260624_074503_PWSWFS,train
20260624_074559_VQVSRM,train
20260624_074714_JHNQFB,train
20260624_074918_KXAYXG,train
20260624_075131_JQXEAD,train
20260624_075435_KGGVEP,train
20260624_075505_EGBYLY,train
20260624_075549_HCWTXC,eval
20260624_080134_DAYFUK,eval
20260624_081644_GQQYZW,train
20260624_082032_LYGQAD,train
20260624_082306_MUMGLS,train
20260624_084149_TBLDZF,train
20260624_084332_PVETJG,eval
20260624_090211_VXTXRF,train
20260624_091811_TZNFJM,train
20260624_093952_DHEEMS,eval
20260624_094827_ZSKSJD,train
20260624_095421_FRPBHM,train
20260624_100441_EERSVX,train
20260624_102409_JCVNEF,train
20260624_103138_EAYYSP,train
20260624_110737_CYVEJH,train
20260624_120658_FLCEYQ,train
20260624_123011_UUNTVV,train
20260624_124120_MPYFHH,train
20260624_133526_VSRNAV,train
20260624_134716_GQDKHE,train
20260624_140301_DFQQUZ,train
20260624_141435_AVTFLG,eval
20260624_143735_YJXAXX,eval
20260624_143750_CUAXNB,train
20260624_161530_LMYWSD,train
20260624_200111_QBSPSP,train
20260624_235726_TRZFMW,train
20260625_001155_PFKFWZ,train
20260625_004032_SASKHJ,eval
20260625_005126_AXHNDQ,eval
20260625_005349_EXMAZP,train
20260625_005635_LZYQBP,train
20260625_005852_LPEXQX,eval
20260625_010531_GYANSS,train
20260625_010558_AVTPQQ,train
20260625_011647_MFJLQN,train
20260625_011903_ZMGPTT,train
20260625_014841_RNHTNN,train
20260625_014847_TFCGJX,train
20260625_015051_BPUXUM,train
20260625_021409_WWYGUQ,train
20260625_023244_RLHXZH,train
20260625_023257_LCQZQA,train
20260625_023558_TWDZCG,eval
20260625_025147_GQQUVT,train
20260625_025250_KKEFGT,eval
20260625_031430_KUEYBS,eval
20260625_031812_PUEFAX,train
20260625_032931_XXXYAK,train
20260625_041524_PDJJCG,train
20260625_042408_VWVEBV,eval
20260625_043457_KWXGUQ,train
20260625_043822_GYAQZE,train
20260625_044121_YYVAJV,train
20260625_050320_TNQVVX,train
20260625_051020_NMDRTR,train
20260625_051141_UPUDEE,train
20260625_051217_QLEANE,eval
20260625_051645_DBYBCL,train
20260625_053314_KCTGHS,train
20260625_053635_JCEXBX,train
20260625_054106_TVHRFG,train
20260625_054110_FZLMST,train
20260625_054843_SKTRPF,train
20260625_060621_RCXKZH,train
20260625_061548_KWNYPR,eval
20260625_061916_LRDBWG,train
20260625_062435_TKLSHP,train
20260625_062746_KFVQYG,train
20260625_063328_KNCGPL,train
20260625_064821_NPCBUD,train
20260625_065339_FHTYTW,train
20260625_065916_VXJPWW,train
20260625_065918_KZJDJB,train
20260625_071802_VGPXGS,train
20260625_073432_BRJSVV,train
20260625_073913_FEELYM,eval
20260625_074017_RXAYKB,train
20260625_074605_DRLTQU,train
20260625_080625_PLHMDR,train
20260625_081920_LQBXRG,eval
20260625_083307_XWYJYH,train
20260625_084227_JXNQYC,train
20260625_084813_QGHDVY,train
20260625_085602_WMHSLS,train
20260625_090052_UXUWEE,train
20260625_090507_XMMJSR,train
20260625_092256_QQXQEX,train
20260625_092522_MVXZQG,eval
20260625_092535_DBGCFM,train
20260625_093053_SHPQLM,train
20260625_094149_ZWZSAY,train
20260625_095058_JJHJDC,eval
20260625_100907_MPFCZR,train
20260625_101246_BJDTKD,train
20260625_101311_KTKGTP,train
20260625_110149_WRTUPW,train
20260625_112229_CYKCWB,train
20260625_123320_UWPJCT,train
20260625_124005_RNTNHH,train
20260625_124012_FKTSCE,train
20260625_124814_UBXTPV,train
20260625_133855_PYEMDN,eval
20260625_145717_SHZAFV,train
20260625_153001_JQRFUE,eval
20260625_162630_YESKYS,train
20260625_191833_LKSFSL,train
20260625_215730_BAAXJB,train
20260625_234247_PDUVBV,train
20260625_234726_BPFSSQ,train
20260625_235701_UCPEUY,train
20260626_001052_XJZYEE,train
20260626_003041_SBHYDA,train
20260626_004147_RXRPHA,train
20260626_004305_BFMLKJ,train
20260626_004429_SQBDBS,eval
20260626_004611_CAMLWM,train
20260626_004835_BZJYQJ,eval
20260626_005027_HYLSJG,eval
20260626_005344_EYMVJP,train
20260626_005446_KPVXSY,train
20260626_005824_VUERPX,train
20260626_013902_WBALKT,train
20260626_015007_XRHLJP,train
20260626_015240_GMDATH,train
20260626_020329_GNMQRW,train
20260626_020812_GHCEUY,train
20260626_020835_RHVBSC,train
20260626_021636_TZPLBA,train
20260626_022412_DKQYAJ,train
20260626_023215_SPPZZM,eval
20260626_025836_MQSEGA,train
20260626_025956_BULAWW,train
20260626_030935_UAJNNN,train
20260626_031651_KYERSM,train
20260626_034704_BZTDDS,train
20260626_034935_UHDKFE,train
20260626_041643_WFVMME,train
20260626_042900_ZMCPBH,train
20260626_043446_YUPTKV,eval
20260626_044037_HTSMLF,train
20260626_051115_ZCRHBB,train
20260626_051601_NMEQPN,train
20260626_051629_DYLHCK,eval
20260626_052151_VTBVLD,eval
20260626_052543_HVYKEE,train
20260626_053028_HCHSBC,train
20260626_053539_RWNQPH,train
20260626_054311_LRNTZC,train
20260626_055740_BQSFRG,train
20260626_060456_YKKAXG,train
20260626_061207_YPRUTF,train
20260626_063559_XEDCJG,train
20260626_064019_BWUDCB,train
20260626_065841_THRTCU,train
20260626_070506_VBNDDU,train
20260626_070533_WEYVJP,eval
20260626_072639_XFJKAN,eval
20260626_072641_TZAMZE,train
20260626_072822_KRKRLU,eval
20260626_073749_BENQLD,train
20260626_073831_GPFFYY,train
20260626_073943_NCDVQR,train
20260626_074235_EPHGSR,train
20260626_074404_DZXBUA,eval
20260626_074549_BZNFQL,train
20260626_074634_UZTFFU,train
20260626_074752_GJMUHH,train
20260626_075449_TXWWHM,train
20260626_080252_RUUFFP,train
20260626_080317_EQCTRQ,train
20260626_080524_AUYLMK,eval
20260626_083533_WTPQYQ,eval
20260626_083730_NTSBJU,train
20260626_084309_KZGAPC,train
20260626_090221_YJVATA,eval
20260626_090730_JKULUS,eval
20260626_091148_XUKHFU,train
20260626_091421_TXDJFT,train
20260626_095106_RKEWZN,train
20260626_100954_FCSVBQ,train
20260626_101724_UBURMW,train
20260626_104703_NQYBCR,train
20260626_124216_RSMPGJ,train
20260626_130908_JGUVSS,train
20260626_132203_MSQBCG,eval
20260626_133338_BNUEPH,train
20260626_134115_WZGNZH,train
20260626_140431_WDAJME,train
20260626_141602_VDTYSE,train
20260626_143642_PLGDNV,eval
20260626_151822_YKECAJ,train
20260626_162151_FUYNJP,train
20260626_171141_RDVTSZ,train
20260626_192418_BAAXZD,train
20260626_195033_TQXGMV,train
20260626_195304_HEGXTP,train
20260626_214517_VNQEAK,train
20260627_000641_WLJXPN,train
20260627_001611_EKRXDY,train
20260627_001752_GJPZMV,eval
20260627_001914_KENQVF,train
20260627_002254_CCHBYA,train
20260627_002410_YZWDQG,train
20260627_002514_LFQZJP,train
20260627_003047_KWUXVQ,train
20260627_004040_MULDGU,train
20260627_004430_SWNCNY,train
20260627_004836_KUGSCM,eval
20260627_004918_LHQKDM,train
20260627_005033_ALAEBG,train
20260627_005109_NGSBJT,train
20260627_005515_FPTBUF,train
20260627_010615_FGLCCT,train
20260627_010725_EMEQUX,train
20260627_011416_JWZJLL,eval
20260627_012054_GPCFVY,train
20260627_012115_JMMZWG,train
20260627_012523_YMNQMF,train
20260627_014530_XAMCDN,train
20260627_014856_FMXUZU,eval
20260627_015532_LYDSST,train
20260627_015712_MLDMNM,train
20260627_021931_LVQSRD,train
20260627_021952_WQUEJF,train
20260627_022742_FKCDNS,train
20260627_022821_VGWNCN,train
20260627_025039_WRQZZV,train
20260627_025434_HXJZAT,train
20260627_025713_VRWXDR,train
20260627_030100_NXLAUX,train
20260627_030544_ZTNDBP,train
20260627_030617_QLFXWJ,eval
20260627_031431_GWSMKE,train
20260627_032233_WKVVSV,train
20260627_033509_KWRDHD,train
20260627_033948_JRFZUC,train
20260627_034900_TPSGXS,train
20260627_035053_AJBPFR,train
20260627_041837_BPJYCM,train
20260627_042902_MWCJUU,train
20260627_043028_LCHGTP,train
20260627_043849_DGTKVD,eval
20260627_045007_TSCNYK,train
20260627_050104_YRNWBF,train
20260627_050339_QHWHHR,train
20260627_050339_WTJKEP,train
20260627_051723_FPUKQT,train
20260627_051934_MNNLNQ,train
20260627_051944_LQJJUH,train
20260627_052223_LSHANB,train
20260627_052524_YVAVPT,train
20260627_053042_GAEJVS,train
20260627_053133_ECRGZL,train
20260627_053621_KRNBTJ,train
20260627_062414_LNRMRF,train
20260627_063339_DRDCAC,train
20260627_064504_DJQNZZ,train
20260627_064547_RGLJWB,train
20260627_065219_XXCRMX,train
20260627_065621_HWXAQB,train
20260627_065648_LYNULP,train
20260627_071039_KKUPVD,train
20260627_071410_HUCMLD,eval
20260627_073314_SBMCHQ,train
20260627_073814_QGNQDV,train
20260627_074156_GXYYGL,eval
20260627_074509_WBQDYX,eval
20260627_074723_AYKTJH,train
20260627_074832_RQDECM,eval
20260627_074924_LMBPMD,train
20260627_080148_VYHPTA,train
20260627_080457_RQPEUB,train
20260627_081108_RQPSML,eval
20260627_081244_NTTFGQ,eval
20260627_084215_TSSDDW,eval
20260627_084955_DDBFNJ,train
20260627_091034_QEBNQZ,eval
20260627_091228_DDKYQY,eval
20260627_091427_GLYWJM,train
20260627_103412_KFKKTZ,train
20260627_103618_YYZMCK,train
20260627_103800_YCQNQJ,train
20260627_111938_YDMBXQ,eval
20260627_112155_LTWSRQ,train
20260627_124747_LNZAUG,train
20260627_154319_QETAXZ,train
20260627_163222_HGDXKC,train
20260627_203137_KLMQUT,train
20260627_225054_LFNAEG,train
20260627_230604_DCDSJX,train
20260627_232707_RHCFEC,train
20260627_234331_JEYFAD,eval
20260627_234619_RDHCVZ,train
20260628_000135_DHVGAB,train
20260628_001038_WLTSZE,train
20260628_002422_TLVFUE,train
20260628_002621_DCMRLQ,train
20260628_003037_ZXWFDX,train
20260628_004844_MWABNS,train
20260628_005011_YSGSGH,train
20260628_005035_TALPSY,train
20260628_005207_AYUEAP,eval
20260628_005355_YJNLVK,train
20260628_005358_QMVKTC,train
20260628_005400_JSZSWV,train
20260628_005912_FHVKLU,train
20260628_010805_HXJSND,train
20260628_010834_ZXNZDP,train
20260628_011236_HHRUKQ,train
20260628_011414_NHDVNZ,train
20260628_011640_RJMVUF,train
20260628_013558_ZEPDYP,train
20260628_014315_CKPLWQ,train
20260628_015648_VCGRYB,train
20260628_021914_NEMKDP,train
20260628_022935_EWKTJM,train
20260628_023016_HUXWQB,train
20260628_024524_NTULFT,train
20260628_025716_GPDQYB,train
20260628_030438_HQNSCF,train
20260628_035722_LPXZGQ,eval
20260628_041113_CFRUUN,train
20260628_043915_SNEBSY,train
20260628_050043_VJXVCS,train
20260628_050123_CTRUDB,train
20260628_050800_QZCKRE,train
20260628_052208_XRLKWN,train
20260628_052658_TBKLND,train
20260628_055047_AGLUAP,train
20260628_055322_QBYBKU,eval
20260628_060656_RRCJWP,train
20260628_064334_XGVTKF,eval
20260628_064749_LAQPUG,train
20260628_065238_CFSQER,train
20260628_065805_EELCVU,eval
20260628_070750_QHMWYD,train
20260628_072347_NBBFXH,eval
20260628_073453_RTEHER,train
20260628_074209_FXQZCJ,train
20260628_080348_ZEHKGU,train
20260628_081752_HYMAWR,train
20260628_082049_TLHDZG,train
20260628_084630_YEFAVC,train
20260628_085822_EZZHSG,eval
20260628_123223_HVMBFR,train
20260628_140728_WTFZZF,train
20260628_144911_PAUFCL,train
20260628_151057_GPDNNL,train
20260628_154826_XNSESF,eval
20260628_191907_PCTAKY,train
20260628_193844_YLXVLX,train
20260628_201632_LNHYXJ,train
20260628_220354_MEXKUS,train
20260628_221633_XKACUR,train
20260628_232132_DWYRYX,train
20260628_233040_AXDVST,eval
20260628_235210_GHEYAW,eval
20260628_235327_GTZNFL,train
20260629_000111_DDSSYU,eval
20260629_000907_HZFUTY,train
20260629_001728_JMJJCC,train
20260629_001734_AUAYQE,train
20260629_003244_WTBFNT,train
20260629_004001_PNLCRF,train
20260629_004159_SHVZHW,eval
20260629_004340_QYQHCU,eval
20260629_004451_GJLPMH,train
20260629_005438_MRCGYL,train
20260629_010013_AWYTED,train
20260629_010959_LVSTHP,train
20260629_012035_KNUXRM,train
20260629_012239_SFGPLZ,train
20260629_013419_QJQGSV,train
20260629_013632_PCXHKG,eval
20260629_015621_WPBSTP,eval
20260629_020358_JEAUYQ,train
20260629_020943_DNFTCL,train
20260629_021044_BTXSUN,train
20260629_021054_YMSSVK,eval
20260629_021131_UVWJRY,eval
20260629_021241_ELGVZU,train
20260629_021249_GJMJCW,train
20260629_021836_MXUNBZ,train
20260629_023729_KPZELS,train
20260629_030136_DSUFFV,train
20260629_030456_WZPFHT,train
20260629_030800_YNCZMN,train
20260629_031402_SWNLKE,eval
20260629_032358_GCTTUZ,eval
20260629_032647_KMYQYR,train
20260629_032803_CEYJET,train
20260629_041520_PJYJXQ,train
20260629_042126_AFLBLZ,train
20260629_044056_BPVZGU,train
20260629_044209_FULCVU,train
20260629_044529_JFLLCZ,train
20260629_044537_NWYNVJ,eval
20260629_044539_BYRYJP,train
20260629_050012_SNLWHT,eval
20260629_050029_TEWALK,train
20260629_051832_NPCHFY,train
20260629_053034_DDKCJD,train
20260629_053226_HAAEBV,train
20260629_053700_VLWHUC,eval
20260629_053719_HXMSZZ,train
20260629_053809_YSPHUM,eval
20260629_054037_DUZFNF,train
20260629_054444_RWYKAY,train
20260629_054539_FLQJUB,train
20260629_060608_VXDDXR,eval
20260629_061703_XCQQLE,train
20260629_062551_XTBDNU,train
20260629_062839_RHUQEJ,train
20260629_063247_KGXZGL,eval
20260629_065247_FVHUCR,eval
20260629_070935_YVLRVH,eval
20260629_071321_YHDQFZ,train
20260629_071741_RNUJJP,train
20260629_072647_LXFQXB,train
20260629_072801_AQZSJX,eval
20260629_073311_CGVVMC,train
20260629_075102_DANZLM,train
20260629_075949_TNGXSG,train
20260629_081539_SQEBWY,train
20260629_082158_GXPYLN,train
20260629_082300_LPQFYV,train
20260629_082845_CZLNMJ,train
20260629_085151_ELWMXV,eval
20260629_095236_XBBYEK,eval
20260629_100110_XJHJHX,train
20260629_100302_SKJFCF,train
20260629_102401_ESAYPS,train
20260629_103337_LZBCPV,train
20260629_103731_TZQRSG,eval
20260629_111059_HLQUGV,train
20260629_123659_KMRGXG,train
20260629_125832_JKGDBH,train
20260629_144947_YHAXKK,eval
20260629_154249_GZFZVL,train
20260629_160157_PQMUUT,train
20260629_220949_JRZCVW,train
20260629_235701_QSMRKS,train
20260629_235744_BWMWZS,train
20260630_000014_AFHYRA,train
20260630_000312_ETPUEJ,train
20260630_001825_PEXLTM,train
20260630_001919_NWLUWW,train
20260630_004015_WEVSDD,train
20260630_004434_DLPRKL,eval
20260630_004837_NUYXRJ,eval
20260630_004902_PTGLZN,eval
20260630_010030_KNZBCM,train
20260630_010555_AJRYEQ,train
20260630_010722_APTVSA,eval
20260630_011704_RLVBXN,train
20260630_012648_JMKCJJ,train
20260630_013358_ZTNGRG,train
20260630_014123_AMFDWA,train
20260630_014947_LBPBYK,train
20260630_015016_BTDEDU,train
20260630_015025_NBLGMW,train
20260630_020016_MXKJHV,train
20260630_020557_RMYJLC,train
20260630_020641_LJLFMX,train
20260630_021546_XHTXJP,eval
20260630_022131_QMGRLV,train
20260630_022247_JEVYZU,train
20260630_022814_UNTELZ,train
20260630_022936_KLBBPF,train
20260630_023545_UJFPQG,train
20260630_024210_SZBSYV,train
20260630_024843_CWPPWB,eval
20260630_025307_EVAPDX,train
20260630_025719_MEVUHW,eval
20260630_030648_RPPZTU,train
20260630_032159_GLKYWX,train
20260630_032331_MSELVF,train
20260630_034615_UERJJF,train
20260630_035139_DRDWYP,eval
20260630_041548_TLMTLT,train
20260630_042541_NMQQRV,eval
20260630_043322_CEMAEP,train
20260630_051032_LESMLH,train
20260630_051127_YADUCD,train
20260630_051238_ZGPYKT,train
20260630_051348_WWRVNH,train
20260630_051428_WGGPWG,eval
20260630_051531_XUXPVU,train
20260630_052111_WEPXYD,train
20260630_052258_CVMLES,train
20260630_052750_VUPXEC,eval
20260630_053033_XLJXVX,eval
20260630_053407_PPSAQN,train
20260630_053741_ZRSVNE,eval
20260630_054905_NFNFRJ,train
20260630_054931_TFGNES,train
20260630_055023_KXSTPT,train
20260630_055714_BWHAFB,train
20260630_060027_PXGBNC,train
20260630_060507_CHBJVF,train
20260630_060658_NZRBDF,train
20260630_061047_DNWMJY,eval
20260630_061400_EBYHBZ,train
20260630_062201_RFUYLV,train
20260630_063026_GVZUQK,train
20260630_063547_QYBKXF,train
20260630_063805_EXJXLQ,train
20260630_070125_DYTSBA,eval
20260630_070217_XDRUGR,train
20260630_070439_ZRHKYU,eval
20260630_070805_GLGJFU,train
20260630_071109_TFBBMA,train
20260630_071212_RFYPKJ,train
20260630_071215_PSGCML,train
20260630_071821_KAJMJK,train
20260630_073415_UNAJLJ,train
20260630_074049_UWHQHP,train
20260630_074256_SUEEWK,train
20260630_075625_XRKEVW,eval
20260630_080828_FRDKEM,train
20260630_080913_MJBKLF,train
20260630_081107_UWZLRC,train
20260630_081147_LQUUYP,eval
20260630_081211_ASSNRM,train
20260630_082939_KHFEFQ,train
20260630_084515_YEMYLX,train
20260630_091702_RLVTZP,train
20260630_093337_QMBUYU,train
20260630_112632_RHRNNF,eval
20260630_113207_JYZKUM,train
20260630_114128_NVWURX,eval
20260630_114226_DPKGMG,eval
20260630_132031_BRVCKS,train
20260630_135851_QEEYJJ,eval
20260630_144734_QVLPPL,train
20260630_153147_KCCTNY,train
20260630_154754_LTAQHD,eval
20260630_160823_QEAFEN,eval
20260630_200329_ZSYGGB,train
20260630_200448_XMXQJN,train
20260630_232600_QJJZHE,train
20260630_235752_ZKVTKA,train
20260701_000156_RZKBHG,train
20260701_000319_NFEQXK,train
20260701_001118_UAQKVZ,eval
20260701_001235_YSMXVH,eval
20260701_001322_WVBYPG,train
20260701_001436_GNLBEN,train
20260701_001712_WCSYCH,train
20260701_004626_VRZWQC,train
20260701_005115_MKSGLZ,train
20260701_011605_MDDKMV,train
20260701_011932_ENGFJE,train
20260701_012110_VJZWHC,train
20260701_012417_HHAPGK,train
20260701_012642_HNCNVA,train
20260701_014554_BJHYBZ,train
20260701_020332_CBTGVS,train
20260701_020750_QWJYRT,train
20260701_021154_SKTLWN,train
20260701_021219_JNTQCW,train
20260701_021807_KSHDVJ,eval
20260701_023236_GAWXEP,train
20260701_023602_MFHFVJ,train
20260701_024013_DZEDNZ,train
20260701_024245_MMWEMF,train
20260701_025309_KKZESC,train
20260701_025830_TAKKTD,eval
20260701_030308_EFLKGD,eval
20260701_031244_VFVJVN,eval
20260701_032019_AVLTGX,train
20260701_033718_LARHVP,eval
20260701_040139_AQZDYE,train
20260701_042937_FXYRLJ,train
20260701_043751_WUGURU,train
20260701_045827_LSPXCW,train
20260701_051330_HYLPWL,train
20260701_051747_QRMLXD,eval
20260701_053113_NXMNJG,eval
20260701_053315_SZEPYS,train
20260701_053646_DWTXTL,train
20260701_053849_LEGXQP,train
20260701_054535_VAEVUN,train
20260701_055411_GVZXBC,eval
20260701_055606_BKVPJC,train
20260701_060524_YJVVQY,train
20260701_061005_SPAUBH,train
20260701_061539_SWKBWF,train
20260701_062133_LRMFYD,train
20260701_064228_RVWVAG,train
20260701_065340_KMXPUF,train
20260701_065624_YTDHUZ,train
20260701_065633_SUPXPH,train
20260701_070748_BAYRCV,train
20260701_070948_AMYHMY,train
20260701_072659_JYZZGP,train
20260701_081323_YJMPFE,train
20260701_082440_ADNJNV,train
20260701_082551_GKUZDV,train
20260701_084243_WMXBRQ,eval
20260701_090544_EHAHEY,train
20260701_090730_GRHVUX,train
20260701_102015_HEQAHW,eval
20260701_104110_FFWRLW,train
20260701_105324_ZKSVML,train
20260701_110740_DLPECW,train
20260701_114159_NZVJBM,train
20260701_120457_WVKUVV,eval
20260701_121701_QABCYE,eval
20260701_122619_CEDTMF,train
20260701_124947_BHZZFT,eval
20260701_133057_MPGMKK,train
20260701_141630_MFSTAK,train
20260701_142900_UVVUMD,train
20260701_150728_JMHZFD,eval
20260701_193448_FUSUDX,train
20260701_233647_WBHQFM,eval
20260702_000547_KYESMN,train
20260702_000954_JYBUZP,eval
20260702_001420_LKXNXF,train
20260702_002118_NPDEDD,eval
20260702_002548_AKGYVB,train
20260702_002806_ZBAJHM,train
20260702_003158_VLVVVV,train
20260702_004343_HMXBHP,train
20260702_004415_WWGDFG,train
20260702_005413_EXDATQ,train
20260702_005749_EDGEJP,train
20260702_005806_NNVNQV,train
20260702_010621_NNWPJA,train
20260702_010715_NTCTFZ,train
20260702_010724_ASGMXV,train
20260702_020142_KARDLZ,train
20260702_021004_QCDMQF,eval
20260702_021359_NWKPZB,train
20260702_022010_LHJJUF,eval
20260702_034403_FPRHMU,train
20260702_034726_CKBBQQ,train
20260702_035526_YJCDSY,train
20260702_040149_CVPNGE,train
20260702_040513_LRJEGD,train
20260702_050132_CGDUAD,train
20260702_050708_PFUKPM,eval
20260702_051214_RKJLUQ,train
20260702_051319_UMEFKL,eval
20260702_052709_LQXPJY,train
20260702_052927_EBEWAA,train
20260702_053403_BVZGUD,train
20260702_053448_ZCEKXE,train
20260702_054336_TBXYDP,train
20260702_054649_KRQRNR,eval
20260702_060058_JDMMFJ,train
20260702_060709_LRCLDE,train
20260702_061029_MBFZDC,train
20260702_061237_ZACSTX,train
20260702_061353_MMGAKK,eval
20260702_062710_BCQWMX,train
20260702_063534_VKNUDC,train
20260702_063640_XAHNHZ,train
20260702_063902_NAWDTA,train
20260702_065053_PXWZLC,train
20260702_065742_JSPXHT,train
20260702_070220_DNXDDK,eval
20260702_071317_CKCBAK,train
20260702_071737_JVDHVS,train
20260702_074231_BVXBNX,train
20260702_080421_RDBFJD,eval
20260702_080739_JGXWJB,train
20260702_082838_KSMGGZ,train
20260702_084509_LCWFUQ,train
20260702_084738_GPYZBG,train
20260702_085417_ZJCTJZ,train
20260702_085607_UHHKSE,train
20260702_090136_KSDKHD,eval
20260702_091537_TBANNP,train
20260702_091553_EALGDC,train
20260702_092037_TXARCW,train
20260702_093849_MPTEJL,eval
20260702_101116_TMHJCM,eval
20260702_102121_LQMQMD,train
20260702_102213_YLVMUH,train
20260702_104432_WYFSGH,train
20260702_112739_ASRTUA,train
20260702_114701_WSSTQR,train
20260702_130321_HZTLNE,train
20260702_133301_TATKYT,eval
20260702_133655_DCQKTV,train
20260702_140137_MGHVSA,train
20260702_140649_CGNXDR,train
20260702_143900_MTDJKD,train
20260702_152406_UYBTQU,eval
20260702_163015_NUVCYM,train
20260702_164212_QPBXUC,train
20260702_171942_SUHYKV,train
20260702_203402_PTJWFE,eval
20260702_204053_BXQLPR,train
20260702_220032_DHPYDC,eval
20260702_232952_TNVZAP,eval
20260702_233824_AYEFTW,train
20260702_234033_USTVBX,train
20260702_234206_MZSLNV,train
20260703_001009_PUWGJY,train
20260703_001618_JQZAJC,train
20260703_001628_XAYETL,train
20260703_001643_HEUZQJ,train
20260703_003255_JSSSPQ,train
20260703_003335_EHNLEZ,eval
20260703_003939_CFUSZJ,train
20260703_004347_RZLGRH,train
20260703_005509_UKTUUK,eval
20260703_010050_TVQPZY,train
20260703_012015_FNGRRA,eval
20260703_012315_ZJZLZH,eval
20260703_012418_SFDCHU,train
20260703_012538_MKANFT,train
20260703_013719_MYKHUV,train
20260703_015100_PZTZAU,train
20260703_015219_LEVZKW,train
20260703_020357_VXZHHR,train
20260703_020520_FDFLLM,train
20260703_020840_GPSWCY,train
20260703_022659_PUVPRR,train
20260703_023414_CCUYLE,eval
20260703_023750_TBDHND,train
20260703_024056_CJVKCX,train
20260703_030107_ZRZTLB,train
20260703_030617_GZZJSW,eval
20260703_030641_TWGBXN,train
20260703_031006_QBLDKE,train
20260703_031417_XXDSMG,train
20260703_032440_SYJEYE,train
20260703_043218_QHLTQF,train
20260703_043412_KJALVY,train
20260703_045017_SLAFWR,train
20260703_050334_ZVKKEE,train
20260703_051037_ERYCLN,train
20260703_051153_ESXYWH,eval
20260703_051415_KAXBRU,eval
20260703_052934_FWGNQX,train
20260703_053137_KAQAKD,train
20260703_054145_PNWKUU,train
20260703_054225_PELZSL,train
20260703_054709_GNALGR,eval
20260703_054718_MDSZJZ,train
20260703_054754_JAHYCS,train
20260703_055231_MVZWQU,train
20260703_055534_DXLJMA,train
20260703_060011_WFHJEE,train
20260703_061011_FXSRHN,train
20260703_061821_SRNYJM,train
20260703_061855_LRHCTF,eval
20260703_062316_XLBDNR,train
20260703_062835_ZUNXMQ,train
20260703_064327_VGKMVP,train
20260703_064925_TBEKPF,train
20260703_065628_ZXKUYX,eval
20260703_071003_PLPWFA,train
20260703_071627_EJCTTY,train
20260703_072409_CANEPG,eval
20260703_072429_TMZLAB,eval
20260703_073833_VKEGVD,train
20260703_073848_ZMELZL,eval
20260703_074758_QNBBEL,train
20260703_074845_UAPPZE,train
20260703_080414_TAJVDG,train
20260703_080432_MGGHPR,eval
20260703_081431_JKPQPZ,train
20260703_082238_MCGMPX,train
20260703_084112_BBFZBD,eval
20260703_085552_SRBMNX,train
20260703_091642_HMNYSK,train
20260703_091836_EYMPST,train
20260703_092819_MQZQPK,train
20260703_093113_TRVQGC,train
20260703_093218_EXZXEN,eval
20260703_095127_DSGNXP,eval
20260703_095228_UEBMKT,train
20260703_095848_ZSPMWB,train
20260703_095922_XEWBGB,train
20260703_100609_GMAUBH,train
20260703_103303_EWVXNZ,eval
20260703_103333_LTPCXQ,train
20260703_103336_MEFWQH,train
20260703_103549_BHYBDT,train
20260703_104504_TJQVGL,train
20260703_110027_HMUKYA,eval
20260703_113426_UEMYGY,train
20260703_115637_YUAKSY,train
20260703_132800_MXHSJR,train
20260703_140814_TNZXVX,train
20260703_161003_TRMPAY,train
20260703_203653_LDJSXZ,eval
20260704_000324_XBAJXE,train
20260704_001258_NMJCYV,train
20260704_001529_ZYJHXX,train
20260704_002046_DJKUPJ,train
20260704_002144_NKQNAC,train
20260704_003834_TNFNMC,train
20260704_005106_QXHJMS,train
20260704_010026_NPLHMS,eval
20260704_010431_JVXCTZ,train
20260704_010557_HGFMHF,train
20260704_011717_VNHLAK,train
20260704_012223_NMLKKT,eval
20260704_012605_AGCRTT,train
20260704_014035_LRNXKS,train
20260704_014817_TYALWX,train
20260704_015947_PWHBQZ,train
20260704_015952_KZUHDV,train
20260704_021912_AQHRHY,train
20260704_022127_ESKUYR,train
20260704_022844_GJSKJW,eval
20260704_023015_AENECV,train
20260704_024222_VHSFZA,train
20260704_024856_KFARQZ,train
20260704_030916_SLRRUU,train
20260704_033150_CATUUN,eval
20260704_034602_YRDCAD,train
20260704_035413_NCTDQR,train
20260704_040035_KPALUT,eval
20260704_041910_SRRFEF,train
20260704_050724_YGVLHS,train
20260704_050913_GZCMCW,eval
20260704_052120_BBDKXF,eval
20260704_052742_GWPALY,train
20260704_052935_WBHFPN,train
20260704_053105_XFUJBS,train
20260704_053448_XSXYZQ,train
20260704_053505_DMRMAE,train
20260704_053636_BNCVCH,eval
20260704_055746_DFHBYP,train
20260704_060225_XLWEZR,train
20260704_063503_CYRMFN,train
20260704_063834_AVBWBY,eval
20260704_063845_HMZZDY,train
20260704_063857_BBKJHB,train
20260704_070853_AUDSMG,train
20260704_073518_JMMRVW,train
20260704_074401_GDPXMS,train
20260704_075538_ZALRYM,train
20260704_075832_EWBMZP,train
20260704_082503_KYKWPT,eval
20260704_083630_GCWYXC,train
20260704_084652_HGUAUS,train
20260704_093235_VASEPV,train
20260704_094327_SBZASL,train
20260704_100640_LFGXDT,train
20260704_101541_VEYBJG,eval
20260704_103825_EVTXVC,train
20260704_103934_WBAAXB,eval
20260704_121414_DTLQNL,train
20260704_170640_JRFRTB,train
20260704_174934_PDPYNQ,train
20260704_183404_PZXPHH,eval
20260704_190154_XNYABZ,eval
20260704_191610_KFLCZQ,eval
20260704_231116_EARXHR,train
20260704_232038_CBERLQ,train
20260704_232953_BSLYUQ,train
20260704_235155_HRKDXY,train
20260704_235943_ZBCEPW,train
20260705_000545_FXFPYS,train
20260705_000657_VCXBCE,train
20260705_001054_NQAKGT,eval
20260705_003230_QJBWYX,train
20260705_003533_BYMSPA,train
20260705_003608_GPNDJM,eval
20260705_004432_YHNMGH,train
20260705_005706_KDNUDX,train
20260705_005959_BGRGLV,eval
20260705_010007_GQKFPS,eval
20260705_010120_XLHHUH,eval
20260705_012034_XLXPFQ,eval
20260705_025649_QNDCWD,train
20260705_031059_EGNCAM,train
20260705_042337_NCWRQB,train
20260705_042823_GHPNLK,eval
20260705_045822_CDFZBZ,train
20260705_050148_JQVKUJ,train
20260705_050625_QRTKFL,eval
20260705_051041_BERBMM,eval
20260705_051226_PJMPNR,train
20260705_052417_LAAYBX,train
20260705_053056_TMVEDP,eval
20260705_053631_XSKPBC,train
20260705_061952_HKQJDP,eval
20260705_065201_TMKDKR,eval
20260705_065204_XRTWMX,train
20260705_065324_XMCZAZ,train
20260705_065438_HLKMKS,eval
20260705_071236_JVPYDV,train
20260705_072006_RQPLWH,train
20260705_072238_JUCGJP,train
20260705_072518_XHQQWZ,train
20260705_074250_NSUFPX,train
20260705_080119_NEQUWY,eval
20260705_081900_VZHJFL,eval
20260705_083517_MYACXD,train
20260705_103723_ARPPDP,train
20260705_103832_MGFRBK,train
20260705_224853_RQKXCX,train
20260705_225215_PRDDGY,train
20260705_231553_AXPLVQ,eval
20260705_232747_FTXMRR,train
20260705_233637_YVKFUX,eval
20260705_235137_UNBXBV,train
20260705_235507_PVJCWS,train
20260706_000240_AYLNUY,eval
20260706_000718_YRNCSY,eval
20260706_000822_KTBWGH,eval
20260706_000842_VDYTQB,train
20260706_001304_DKLLNK,eval
20260706_001801_VPYQCW,train
20260706_002046_GULMVZ,train
20260706_002629_BFKJBG,train
20260706_002823_LQJGBG,eval
20260706_002824_ZTKXAN,train
20260706_002912_NRTEJG,train
20260706_003159_FSDFED,eval
20260706_003314_WQSXVA,train
20260706_003411_YPDYQM,train
20260706_004601_EKUAEC,train
20260706_004631_DEKDEE,train
20260706_004812_XFBNFU,train
20260706_010146_KNMWCB,eval
20260706_010208_GFZYXU,train
20260706_010409_PQLNTU,train
20260706_012906_LSPLLG,eval
20260706_012943_WTWYVR,eval
20260706_013741_QVZYMR,train
20260706_015438_WXYKKD,train
20260706_020018_CJLXND,train
20260706_020124_CJFQZN,train
20260706_020453_ALLCFR,train
20260706_021210_QXCXXB,train
20260706_021535_YRFGCN,train
20260706_021652_DZSULY,train
20260706_021657_STRAFB,train
20260706_021829_MNTDWE,train
20260706_022504_YEAQHD,train
20260706_023519_BMCKXJ,train
20260706_023535_DNNHZM,train
20260706_023553_RCXDNS,train
20260706_024648_UUPFYU,train
20260706_025521_GSEQWA,train
20260706_025638_KNVNUF,train
20260706_030233_UCHFBE,train
20260706_030352_RQRYLL,train
20260706_030355_GHGPXP,eval
20260706_030413_XZHEAG,train
20260706_031944_WQPWSU,eval
20260706_033512_QPRZEX,eval
20260706_033637_KWDHPT,eval
20260706_033740_TLVDWJ,eval
20260706_034201_LLXCBF,train
20260706_034310_HRLKUY,eval
20260706_034312_KLMKQM,train
20260706_034540_AKPYZS,train
20260706_040308_AQNQBS,train
20260706_042656_GUBGNC,eval
20260706_043639_HVTGDG,train
20260706_043642_PPHRLJ,train
20260706_043647_EFKRZV,eval
20260706_043951_VQVAUN,train
20260706_044333_QELSVN,train
20260706_045516_FMBRNG,train
20260706_045809_ZJFKAU,train
20260706_045920_NQPYLK,train
20260706_050500_VTNDJR,train
20260706_050607_NQNNCM,train
20260706_050745_UTAYLQ,train
20260706_051450_HSLKFD,train
20260706_052138_UCZHYQ,train
20260706_052433_GQYFWV,train
20260706_053143_EDZVHN,train
20260706_053314_CMBMRW,eval
20260706_053406_RCGBPD,train
20260706_053532_CETPLB,train
20260706_054216_YVNKFS,train
20260706_054440_RWBHZV,train
20260706_054640_TMXUDH,train
20260706_060827_UANXTR,train
20260706_061345_MMSBEF,train
20260706_061526_NNHAUK,train
20260706_061545_EKUHES,train
20260706_062020_WNXSEC,train
20260706_062532_NFSRMZ,train
20260706_062836_UZSMXA,train
20260706_062944_RLUPME,train
20260706_062947_UFBWFH,train
20260706_063725_VFFUVE,eval
20260706_065242_QEQVTN,eval
20260706_070346_KQAKPS,train
20260706_070425_KYYTTV,train
20260706_070426_WUHTNT,train
20260706_070641_PUEKGS,eval
20260706_070853_XBMVEX,train
20260706_070928_ZXTERD,eval
20260706_071243_DHFLKV,train
20260706_071905_RPBXRL,eval
20260706_071951_RRXZUE,train
20260706_072334_YNFBHL,eval
20260706_072359_GHHXYZ,train
20260706_074215_MSRKYJ,train
20260706_075229_FLDLAV,train
20260706_075524_UFFUJU,train
20260706_075530_RVYHXC,eval
20260706_080128_QSCEHV,train
20260706_081539_NJYUER,train
20260706_082824_MEGYCK,eval
20260706_083046_HWWXZT,train
20260706_084037_FHSRVU,train
20260706_084053_SCQFFA,train
20260706_084653_SVTPNX,train
20260706_090612_ZDGGMG,train
20260706_091205_CGRLUP,eval
20260706_091436_CMWSNB,train
20260706_092327_TXQSKH,train
20260706_093716_KYCWVJ,train
20260706_100109_UMSGVJ,train
20260706_101023_DBDAVW,train
20260706_101053_TLKCJN,train
20260706_103640_ETBHCK,train
20260706_110140_GYDQCY,train
20260706_112634_XYLPZL,eval
20260706_122947_GVJDLH,train
20260706_134107_JAGUHY,eval
20260706_140940_AHNGFE,train
20260706_151259_BQNNGD,train
20260706_153526_SXSUAC,train
20260706_154117_SFPQDE,train
20260706_154747_LMDMMK,train
20260706_175845_KQQGGV,train
20260706_193842_VLKHBE,train
20260706_224609_RGGKEQ,train
20260706_230045_PTGSJG,train
20260706_232702_MLHMRK,train
20260706_233820_LLDLCL,train
20260706_234234_FPDENT,train
20260706_234536_ZPDNBB,eval
20260706_235445_LMMGUM,train
20260707_000007_ACCJEC,train
20260707_000238_LNMHPB,train
20260707_000335_SFNNPZ,eval
20260707_000852_VCLUWE,train
20260707_001527_ETTKCY,train
20260707_001929_TLESVC,train
20260707_002540_MZQLYK,train
20260707_003135_QPAZXV,train
20260707_003808_NTHMJV,train
20260707_003920_KMCBRB,train
20260707_004324_JZKZAS,train
20260707_004526_MJULRC,train
20260707_004611_CKQDXB,train
20260707_005236_RGEPRM,train
20260707_005249_RZRVCD,train
20260707_005726_WHEDUA,eval
20260707_005957_LTVBNB,eval
20260707_010035_JEHMDU,train
20260707_010405_ZXDECQ,train
20260707_010446_LDEHZF,train
20260707_010648_BTBSJJ,eval
20260707_010743_KJCGXH,train
20260707_010958_WWESWP,train
20260707_011509_DPUVZN,train
20260707_011758_DYTVRB,train
20260707_012110_CDRANL,train
20260707_012522_FPXYCX,train
20260707_013725_VXVQEJ,train
20260707_014551_LMCWUC,eval
20260707_014943_PKMKJV,train
20260707_015751_QSQSKC,train
20260707_021157_PWMDDW,eval
20260707_022242_ECKUEY,train
20260707_022501_UXTPHK,train
20260707_023045_CJNLFW,eval
20260707_024259_PVYVXZ,train
20260707_024903_VZNHDQ,train
20260707_025112_RUPKZQ,train
20260707_025126_LWRRRQ,train
20260707_025139_FNXZZK,train
20260707_025238_ZGRTUF,train
20260707_025318_CZMXBY,eval
20260707_025523_YHTMPD,train
20260707_025634_WEHMKE,train
20260707_025718_KHZANN,train
20260707_030148_KEJSLV,train
20260707_030418_BKYKXX,train
20260707_030453_HKSVHQ,train
20260707_030631_RFNDWG,eval
20260707_031004_CFCNUQ,train
20260707_031307_LXNUWF,train
20260707_033453_QMNKNK,train
20260707_033458_NEETMC,train
20260707_033641_TDMCJS,eval
20260707_033734_TJTSKW,train
20260707_033830_DTFAUR,train
20260707_040055_EFDBUW,eval
20260707_040546_KHHCDA,train
20260707_042333_HXPBBB,train
20260707_042425_PWUVNT,train
20260707_044037_KTPBYK,eval
20260707_045931_WAFRZF,eval
20260707_050256_FLRYPM,train
20260707_050911_UJVPRP,train
20260707_051022_NNXBBW,train
20260707_051131_AMEMCT,eval
20260707_052106_GPVHJR,train
20260707_052331_TAGZMJ,train
20260707_052539_HAKYCS,train
20260707_052809_RULSVM,train
20260707_054021_NEWRUP,train
20260707_055022_BYTRTT,train
20260707_055100_KRJZBU,train
20260707_055722_ZWJRPT,train
20260707_060130_REHDSL,eval
20260707_060431_PVFWGQ,train
20260707_061327_RBACRP,train
20260707_062508_QWTRWU,eval
20260707_062533_AFMXJX,eval
20260707_063934_DWTWRD,eval
20260707_065724_BWPAGN,eval
20260707_065842_PZXPBG,train
20260707_070419_TTGVBL,train
20260707_071129_SPXLNM,train
20260707_071142_JTCQMH,train
20260707_071659_YLDCHN,train
20260707_071902_CKGHCZ,eval
20260707_071928_LZDZUG,train
20260707_072344_PZKUHX,train
20260707_073618_USQQXJ,train
20260707_074319_KWLPEV,train
20260707_074442_GVGQQJ,train
20260707_075031_LHVRTY,eval
20260707_075048_HZWNLW,train
20260707_075457_YRVGCW,train
20260707_080638_MVWEHL,train
20260707_080845_BSJBRN,train
20260707_081657_AQFZPZ,eval
20260707_082629_FCYHQT,train
20260707_083917_KFTMLH,eval
20260707_085157_VYPPSP,train
20260707_085239_JKHHPC,eval
20260707_085900_NHGFQB,train
20260707_090022_PGYGLJ,train
20260707_090100_AZKRBN,train
20260707_091157_SAHWFK,train
20260707_093505_YBJJCZ,train
20260707_093716_LQRYRM,train
20260707_093817_AJSADG,train
20260707_094543_RBPSER,eval
20260707_094650_GDXEAB,train
20260707_095642_XXJXCG,train
20260707_101801_ARNQXE,train
20260707_110135_TWZHJZ,eval
20260707_110139_KFFCAL,train
20260707_113634_GFFCBC,train
20260707_115740_DMQGDV,eval
20260707_115751_CYHFPU,train
20260707_121044_ENFJAM,train
20260707_130112_LZPEWZ,train
20260707_142643_CSLKYX,train
20260707_152815_BWDWDJ,train
20260707_181541_DAFQRD,train
20260707_233130_GDHABF,train
20260707_233709_KQWUKM,train
20260707_235017_YEMFMF,train
20260708_001421_JBAJES,train
20260708_001908_FKWYCF,train
20260708_003012_DUSYCY,eval
20260708_003025_QGEUTJ,train
20260708_003129_KBJLYL,train
20260708_003307_XGTDHZ,train
20260708_003925_EXPYCN,train
20260708_004045_PSYFNJ,eval
20260708_004159_TKQYSV,train
20260708_004534_CSMRST,eval
20260708_005242_RGQGKT,train
20260708_005719_KCDQRU,train
20260708_010653_ZZZXLB,train
20260708_010730_YBMQDG,train
20260708_013300_JGSDNE,train
20260708_013837_ELRYTW,train
20260708_014815_AHPFUR,train
20260708_015122_EVVTJV,train
20260708_015140_VEBXTU,train
20260708_015414_MNZSEZ,train
20260708_015452_WKQCDE,train
20260708_015904_HLWBVG,train
20260708_020312_KERGMF,train
20260708_020723_EEUDHJ,train
20260708_021059_WVNQMR,train
20260708_021224_HAAXSG,train
20260708_022705_HSWMDC,eval
20260708_023212_XNFWTQ,train
20260708_023410_SLNWAG,train
20260708_023637_HRMQEB,train
20260708_023716_UMTUVQ,train
20260708_030942_AEKKYD,train
20260708_032536_ZCXDYK,train
20260708_033555_VJUTHD,train
20260708_040317_JXFDDH,train
20260708_041601_NVUSKA,train
20260708_042136_AWUWAP,train
20260708_042147_ZKBKJN,eval
20260708_042844_KJNSHY,train
20260708_042919_CPHSEU,eval
20260708_043321_SBZWXC,train
20260708_043349_ZRSMPA,train
20260708_043419_STFVAB,eval
20260708_043939_FPTCBQ,train
20260708_044744_THPBQQ,train
20260708_045555_JDBBJZ,train
20260708_050316_JMJVZP,train
20260708_050323_WEWWWV,train
20260708_050416_JHEXKE,train
20260708_051019_NFBMRF,eval
20260708_051501_AECAKK,train
20260708_051638_SNGNLK,train
20260708_051846_XGDCKC,train
20260708_052231_SEVGLZ,train
20260708_052727_ZECMDX,train
20260708_053138_SUZEZT,eval
20260708_053539_UMMEXY,train
20260708_054323_LBYCJQ,eval
20260708_054602_PCGFWJ,train
20260708_054638_SZHUZP,eval
20260708_055005_EAAESN,train
20260708_055317_CCPEMF,eval
20260708_055537_KQBFRZ,train
20260708_055739_WXVPBV,train
20260708_055834_NMEYNT,train
20260708_060353_VJKXDE,eval
20260708_060358_BXALDD,train
20260708_060445_MBBTTH,train
20260708_060850_FXHRYH,train
20260708_060946_JSUMLJ,train
20260708_061208_QPYEKB,train
20260708_061557_UNNETZ,train
20260708_062153_TBRWAT,train
20260708_062323_FCPERE,train
20260708_062658_MDAGHL,train
20260708_062753_TKHKFW,train
20260708_063022_XLBUZJ,train
20260708_063614_HACUPW,train
20260708_064339_ZSRXAP,train
20260708_064740_AUAUCH,eval
20260708_064834_SMNXWM,eval
20260708_065450_EVZLJZ,eval
20260708_065648_GLXFDM,train
20260708_065809_AZYNXL,train
20260708_065847_JUQGYK,eval
20260708_065911_CYWHFP,train
20260708_070014_WENCTR,train
20260708_070727_HQXXND,train
20260708_070845_VFWWUC,eval
20260708_071011_GWLRCX,train
20260708_071635_HPPAKJ,eval
20260708_073810_UXZHCA,train
20260708_074544_DHKUKR,eval
20260708_074622_ENKSAS,eval
20260708_074744_FEJPVC,train
20260708_075731_WMCSEG,train
20260708_075822_NBGQLL,train
20260708_080007_FTKDCG,train
20260708_080040_CUMMRA,train
20260708_080430_HDNNCL,train
20260708_081250_BUKUUD,eval
20260708_081737_RKHXYH,train
20260708_081933_TUMFUR,train
20260708_082537_YGKHEU,train
20260708_083942_XWRYMM,eval
20260708_085014_NYHTJV,train
20260708_085232_PLNAQM,train
20260708_085734_CDTXDB,train
20260708_090109_QKJNXS,train
20260708_090550_EUZYFQ,train
20260708_091647_MWXXQD,eval
20260708_092419_DHFTSG,train
20260708_093107_CUYSZA,eval
20260708_093816_PYUQAV,eval
20260708_094229_WVWLMQ,eval
20260708_094701_ZQPGBF,train
20260708_094837_NQDNUM,train
20260708_095159_HMANGD,train
20260708_095845_FZWAHX,eval
20260708_100911_YPDPZP,eval
20260708_102754_MHFSKS,eval
20260708_103917_AFQTEP,train
20260708_104158_XCFTUG,eval
20260708_104557_KFKEZU,eval
20260708_105535_WJGXXN,train
20260708_110008_UAREHV,train
20260708_110339_VSZPYT,eval
20260708_115716_NKMEFA,train
20260708_120640_MAMXVA,train
20260708_122548_FWDMST,eval
20260708_124455_UYSFER,train
20260708_125317_JGNUCP,train
20260708_130822_ZTFAJG,train
20260708_131518_PUUMYB,train
20260708_132741_DPUGFZ,train
20260708_144607_SYNQKS,train
20260708_145103_KJJQLH,train
20260708_162454_XYVWFS,train
20260708_170700_ALXUTL,eval
20260708_173628_QAQMAB,train
20260708_174133_RKQMMT,train
20260708_224847_YUTPNV,train
20260708_225756_RRRYCC,train
20260708_230402_MGYKRN,train
20260708_232501_YRCBNV,train
20260708_232617_DFQRQM,train
20260708_233030_YCURJG,train
20260708_234415_PEMHLQ,train
20260708_235341_YERUNY,train
20260708_235948_SYYBPG,train
20260709_000236_QQJBFC,train
20260709_000543_BBLSFX,train
20260709_001115_VVCNHQ,train
20260709_002225_QKZXRE,train
20260709_002227_NBZPKQ,eval
20260709_002746_DNZRKV,train
20260709_002751_AWDRHA,train
20260709_002920_FZAHGD,train
20260709_003241_JRVJEG,train
20260709_003357_GDGZTV,train
20260709_003417_WMQCVY,train
20260709_003430_ZGNBVX,train
20260709_003826_EFVYLE,train
20260709_003947_FFGXES,train
20260709_004544_VGBYDP,train
20260709_004550_KXLSPK,train
20260709_004616_DBRMLQ,train
20260709_005100_FDKGEL,train
20260709_010405_RRXZEF,train
20260709_010508_EFXTEC,eval
20260709_012113_KGZXCM,train
20260709_012256_QCSZYH,train
20260709_013006_UPYUBU,train
20260709_013226_GNJMJW,eval
20260709_013911_KCWGTS,train
20260709_014230_QKAPVC,train
20260709_014833_PCXCHY,train
20260709_015017_EZAQKF,eval
20260709_020031_DHUCYK,train
20260709_020442_QSKJJT,train
20260709_020655_FQXFCS,train
20260709_020706_PYXGBD,train
20260709_021303_SVVKZZ,train
20260709_022030_BFTRXB,train
20260709_022048_HAPDZQ,train
20260709_022515_SYNBNK,train
20260709_022912_ZVJSXU,eval
20260709_023443_HWXEYH,train
20260709_023543_CWEHCF,train
20260709_024630_VJJERK,eval
20260709_024706_MURTCC,train
20260709_025858_BEYJQN,train
20260709_025951_DFCZUD,train
20260709_025959_HUXPHS,train
20260709_030058_BWETJB,train
20260709_031120_WYMPCW,train
20260709_031534_BJDHWB,train
20260709_032456_JLJLBB,train
20260709_032932_JBBJPN,train
20260709_034630_SJNTCM,eval
20260709_034916_VUNAFC,eval
20260709_042450_ZUMDCU,train
20260709_042559_SRGKSJ,train
20260709_042753_PRLAJT,train
20260709_043316_GLSHUG,train
20260709_044020_DTQLFG,train
20260709_050626_NWMEHX,train
20260709_052153_HTZAMD,train
20260709_052406_UFWESW,train
20260709_052423_PBKMNT,train
20260709_052500_NYAVFM,eval
20260709_052743_AKXXSL,train
20260709_053743_HJXWTV,train
20260709_053810_HSEWTZ,eval
20260709_054013_CVULTH,train
20260709_054020_VZEYFM,eval
20260709_054759_DTUFCX,train
20260709_055144_YKBXKX,train
20260709_055502_DCDXAM,train
20260709_060330_LUSDYN,train
20260709_060457_LNKGPB,eval
20260709_060623_DDSWTS,train
20260709_061034_WZTVWK,train
20260709_061557_FGDHHC,eval
20260709_061732_BQUDEG,eval
20260709_062113_KBTXDP,eval
20260709_062506_XAFFYJ,train
20260709_062629_WXYWKP,train
20260709_063010_BFLYZL,train
20260709_063518_RXRGSW,train
20260709_063804_ELUCCX,train
20260709_064249_VWLTHJ,train
20260709_064925_DQTEUZ,eval
20260709_065806_UNFHRK,train
20260709_065844_GMNVEZ,train
20260709_070424_VDWVNC,train
20260709_070544_VUKKQW,train
20260709_070933_YUWJFQ,train
20260709_073039_QARXXA,train
20260709_073256_EZTFKA,eval
20260709_073709_MXYZHY,train
20260709_074311_QDEHAF,train
20260709_074523_DMUNDY,train
20260709_074532_SMUUTK,train
20260709_074727_PRBRQQ,eval
20260709_080446_VWCTXD,train
20260709_080925_TFSFSJ,eval
20260709_081459_SWSZMW,train
20260709_081611_UDYRPJ,train
20260709_081656_WCUWAD,train
20260709_081859_FNXVWV,train
20260709_083013_YWRQWN,train
20260709_084818_XKATJN,train
20260709_084913_PDRMPX,train
20260709_085911_HZFYSF,train
20260709_090031_MXFDYU,train
20260709_091339_GCGFLX,train
20260709_091349_YCHUKQ,train
20260709_091830_YWVAZU,train
20260709_092102_EMASDH,train
20260709_092927_YHWNVJ,train
20260709_093226_VBASPH,train
20260709_093751_CAVPYU,train
20260709_094609_AVURWP,eval
20260709_095337_NKYCBU,train
20260709_095416_VHZNVB,train
20260709_095447_YZBDVT,train
20260709_100120_ZMJNZH,eval
20260709_100230_ACWPCX,train
20260709_100442_GNMQVM,train
20260709_100946_CMEKUK,train
20260709_101351_JDXSQJ,train
20260709_102404_FFLHLU,eval
20260709_102956_QLGCAY,train
20260709_103139_QRLFSY,train
20260709_103334_UPJVTL,train
20260709_104901_DBCNAB,train
20260709_110805_NULSFV,train
20260709_110816_GZLAZV,train
20260709_110946_GCEZJM,train
20260709_112044_NVLUHC,eval
20260709_115103_DRFASX,train
20260709_123415_QRJRUV,train
20260709_123911_SRQDWS,train
20260709_124346_QMRFFY,train
20260709_125919_CASHYY,train
20260709_141941_GWAJWQ,train
20260709_142247_MJZJKL,train
20260709_142359_CSQNGV,train
20260709_143613_DMEKZV,train
20260709_145740_ZUUMFY,train
20260709_154104_GPEBZF,train
20260709_221634_XWXHJV,eval
20260709_230924_DLCYTM,train
20260709_233506_MMTABG,train
20260709_234048_WHVCLG,eval
20260709_235500_EUMZAN,eval
20260710_000039_PSZSSU,train
20260710_000718_BWXAER,train
20260710_000912_VHCCJT,train
20260710_001647_RCAPQV,train
20260710_002101_JFNLLL,train
20260710_002439_YBQXUZ,train
20260710_002701_EUCELT,train
20260710_004641_QFGEFL,train
20260710_004717_LJAZXZ,train
20260710_004838_HJNRKN,train
20260710_005120_ANKCPK,train
20260710_005426_FANASF,train
20260710_005504_XBYNGD,train
20260710_010006_PJUEXG,train
20260710_010029_ZDTNJK,train
20260710_010651_USTPFW,train
20260710_011447_AFPATK,train
20260710_011720_YNLHKL,train
20260710_011728_PAYBKW,train
20260710_012711_LLDKGA,eval
20260710_013231_ZEHPNQ,train
20260710_013728_SRWCJU,train
20260710_014804_UHDAMU,train
20260710_014952_LUHKRP,train
20260710_015816_KFCKDP,train
20260710_020113_FJDRKJ,train
20260710_020137_HALYLL,train
20260710_020435_FHCRXV,train
20260710_020623_KVVJVP,train
20260710_020905_DLHKTK,train
20260710_021139_JLTECM,eval
20260710_021243_RXWWLC,eval
20260710_021246_VUGCKS,train
20260710_021814_FBGYWQ,train
20260710_021835_MCHHJP,train
20260710_022431_VQLXYC,train
20260710_023957_AEWJZY,train
20260710_024841_SQEJNN,train
20260710_030229_GTLFCU,train
20260710_030329_BCMBJB,train
20260710_031101_NTKXGG,train
20260710_031519_TPHKLF,train
20260710_031621_QCEEPR,eval
20260710_031752_RLNBHK,train
20260710_031953_YMDHFQ,train
20260710_032052_TVRVNL,train
20260710_032100_LDLPHT,train
20260710_032907_RGLDKM,train
20260710_032957_VTNCZX,eval
20260710_033215_TJAFVG,train
20260710_033237_MDWTZJ,train
20260710_033821_MLTZLF,eval
20260710_034025_RAHBWR,train
20260710_034131_KEHVRX,train
20260710_034305_KBMSVJ,train
20260710_034725_GBRRXR,train
20260710_035816_XEJYQM,eval
20260710_035829_BJGNKN,train
20260710_041034_KXGCWG,train
20260710_041134_YKJNUK,train
20260710_041419_TTDCDN,eval
20260710_041635_NTHLKP,train
20260710_043326_UQPCZF,train
20260710_044026_WAAKFL,train
20260710_044123_NDHSXM,train
20260710_044135_QLMBYN,train
20260710_045709_EJRPXX,train
20260710_045854_TGPWMV,eval
20260710_050032_DHDMQF,eval
20260710_050224_HYUFKR,train
20260710_050604_TWAGGE,train
20260710_050931_NVTVTY,eval
20260710_050938_SESGXL,train
20260710_050942_QUGXHQ,train
20260710_050958_BWFBGE,eval
20260710_051113_HVSLEE,train
20260710_051145_DQVZDL,train
20260710_051342_KYRCBE,train
20260710_051347_ACLFXN,train
20260710_051928_QZVMNS,train
20260710_052026_ZVMBVC,train
20260710_053723_ZMPJKU,eval
20260710_053753_NJQPPV,train
20260710_053755_UKXCBE,train
20260710_054011_MSPXCW,train
20260710_054020_RLGUDK,train
20260710_054408_HDZJRH,train
20260710_054855_ADBKVX,train
20260710_055828_NJGPBD,train
20260710_060219_KFLMEG,train
20260710_060400_QTJDGD,train
20260710_060556_EDRXRT,eval
20260710_060921_EHDRGC,train
20260710_061035_RYKANV,train
20260710_061335_YZCAPB,train
20260710_061606_WTZLUC,train
20260710_061729_VNUHJS,eval
20260710_061803_JMYEKC,eval
20260710_061811_QLRBSY,train
20260710_062658_BTVFYG,train
20260710_063156_BZYYLH,eval
20260710_063329_JNMSGY,train
20260710_063641_GDUHJW,train
20260710_064318_FADXYL,train
20260710_064600_CFAHPH,train
20260710_064905_LYWRZF,train
20260710_064917_RCVZEC,train
20260710_065122_AHDUVR,train
20260710_065832_WFJMMW,train
20260710_065851_PFDJBE,train
20260710_065908_HHHDQP,train
20260710_070310_BKSRFU,train
20260710_070610_YKWWUL,train
20260710_072443_QGZTSF,train
20260710_072922_ZECKQT,train
20260710_073056_CWPGMA,train
20260710_073057_MPCMLP,train
20260710_073430_BDNZRV,train
20260710_074049_FRNBFL,train
20260710_074236_BAWMVB,train
20260710_074429_CADEPQ,train
20260710_074847_EVHFKT,train
20260710_075254_NEAVGC,eval
20260710_080332_QUYAZN,eval
20260710_080744_HCKQLA,train
20260710_080911_PRVWGV,train
20260710_081343_YDHWLJ,train
20260710_081621_QHFBQF,eval
20260710_082423_SDEPNN,train
20260710_082549_QJCYSR,train
20260710_082833_CCLJJK,train
20260710_083139_XJDYSD,eval
20260710_083306_QQXHGW,eval
20260710_083816_NSTWRV,train
20260710_084921_SSPQPF,train
20260710_090455_GCSRGY,train
20260710_091156_FSMHEW,train
20260710_091400_VFQJWT,train
20260710_092220_SCRNMT,train
20260710_092303_KKKMHW,train
20260710_093006_MPWFXB,train
20260710_093016_LRVDBF,train
20260710_093554_MBLBLS,train
20260710_095059_TBLZSY,train
20260710_100500_KVWARB,train
20260710_100523_EUKWMG,eval
20260710_100820_XDGWWH,train
20260710_101009_AEMYXV,train
20260710_101306_EWMGLN,train
20260710_101609_GMHCWF,train
20260710_103237_TLLNCZ,train
20260710_104259_ZLMQKG,train
20260710_105035_RDGRNX,train
20260710_105527_RWSAKX,train
20260710_110430_NGKPKW,train
20260710_110448_YTWNBG,train
20260710_110705_GDYFGW,train
20260710_111016_UCWMNR,train
20260710_111757_EXQRSA,train
20260710_113022_YYJYHQ,eval
20260710_113221_CRZCUN,train
20260710_113248_KDVLJV,train
20260710_114405_AWJXDQ,eval
20260710_114936_TXFVSH,train
20260710_115451_JSZSBJ,eval
20260710_121424_VYARFY,train
20260710_121743_NUHAKT,train
20260710_122529_UXFMHQ,train
20260710_123355_RRMGHA,train
20260710_130058_YPGUEP,train
20260710_134523_KQWYPF,train
20260710_134715_JSHJQQ,eval
20260710_134935_YYTTNP,eval
20260710_151704_JDNPWG,train
20260710_161109_GMJYTS,train
20260710_161619_VFERFQ,train
20260710_161641_VSTANK,train
20260710_170947_QVHUKN,train
20260710_225750_YLBPXB,train
20260710_232101_XTYUPW,train
20260711_000910_EHMSAQ,train
20260711_001709_JPJBRA,train
20260711_002454_DLCCFB,train
20260711_002727_HLFQWZ,eval
20260711_002922_LSVUCS,train
20260711_003724_CBARWL,eval
20260711_003831_LCGVHL,train
20260711_004201_NGKPEL,train
20260711_004701_EUCYRF,train
20260711_004708_ERJUAC,eval
20260711_005054_TDQTXE,train
20260711_005314_PRCYKJ,train
20260711_005720_UBRYXZ,eval
20260711_010144_LRDLSX,train
20260711_010553_UXQRHE,train
20260711_011226_BFEDND,train
20260711_012427_WRJHZL,train
20260711_012940_YCVTTK,train
20260711_013227_MDHUWA,train
20260711_014115_YFLJAJ,train
20260711_014616_ZRCLKQ,train
20260711_014911_YSHZHF,train
20260711_015004_LWWPDD,eval
20260711_015052_APGSFY,train
20260711_020950_PWYXUV,train
20260711_021331_CJJYSW,eval
20260711_021523_PJZGPX,train
20260711_021719_AJRCYB,train
20260711_021755_TGQLJL,train
20260711_021927_GJZNEQ,train
20260711_022359_XHJDSN,train
20260711_023055_KTUWSY,train
20260711_023116_AUUEDN,train
20260711_023830_APYDSR,eval
20260711_024727_RNGKYM,train
20260711_025117_QFBEYX,train
20260711_025136_HNDPVU,eval
20260711_025537_ZGSBSZ,train
20260711_030412_LWQWXZ,train
20260711_030854_QNVYTC,train
20260711_030940_ZNHPQN,train
20260711_032213_QRNLPW,train
20260711_033056_HAXMDT,train
20260711_033230_VVUADG,train
20260711_035849_RKNYWF,train
20260711_041354_RRWTAD,eval
20260711_042256_LXVMXY,train
20260711_042515_NZZYJY,train
20260711_043732_BPZXRE,train
20260711_045557_LJLRST,train
20260711_050217_REZVPT,eval
20260711_050220_KPBVRJ,train
20260711_050350_XUMWKV,train
20260711_050747_ENCXHR,train
20260711_051309_FCBVBX,train
20260711_051456_RBKLEZ,train
20260711_051707_ZNGNEU,train
20260711_051925_PNWPDN,eval
20260711_052111_XDGYCN,train
20260711_052847_GPGNEL,train
20260711_053143_DDFXFR,train
20260711_053317_GANGXL,train
20260711_053341_VDDKFL,train
20260711_053732_GURWFX,train
20260711_054022_BQDEQG,eval
20260711_054309_DELAXH,train
20260711_055318_GKBASL,train
20260711_055338_GUUHRR,eval
20260711_055836_FNURDD,train
20260711_060404_JLGCJG,train
20260711_060511_WYULWV,train
20260711_060515_PNRPRL,train
20260711_060536_MFJYZP,eval
20260711_060541_TSHCUA,train
20260711_060612_RPGEDT,train
20260711_061713_RFFWKR,train
20260711_062202_EVPEWR,train
20260711_062331_QHXJCS,train
20260711_062543_CSEADX,train
20260711_062547_HUYKGN,train
20260711_062846_BZPBAF,train
20260711_063405_GQBGMN,train
20260711_065523_BEYYSL,train
20260711_070250_HXWAEL,train
20260711_071311_XLCXNN,train
20260711_071410_YAMNYQ,train
20260711_071434_NPFZMY,train
20260711_071706_CJSNXX,train
20260711_071725_NLMCSW,train
20260711_071917_NWKYGS,train
20260711_072222_PCBEAT,eval
20260711_072519_MTCQBF,eval
20260711_072856_SSGTBT,eval
20260711_073310_VCSVYR,train
20260711_074224_UNXQCB,train
20260711_074610_XPLSZA,train
20260711_074720_MYYYZL,train
20260711_075016_CFVPZK,train
20260711_075117_SHRTLV,train
20260711_075847_PJADXP,train
20260711_080252_AUXKYE,train
20260711_081317_DGAHLC,train
20260711_082956_DCJNDU,train
20260711_083113_MMSWDB,train
20260711_083115_ZFCFBG,train
20260711_085021_VPAPZY,train
20260711_085713_XJSUVR,eval
20260711_085739_LFJBAH,train
20260711_090033_JCYXFJ,train
20260711_090508_YJXWTA,train
20260711_091546_SHFHYD,eval
20260711_092051_UNTPRH,train
20260711_093434_RKSTRM,train
20260711_093447_KACUVB,train
20260711_093526_SHZESQ,eval
20260711_093742_CEURKL,train
20260711_093817_HWJAJN,train
20260711_094747_BWJZAP,train
20260711_094941_HZQETZ,train
20260711_095528_XZBCBR,eval
20260711_100653_AJSTEJ,train
20260711_101309_WFFYBJ,train
20260711_102848_AXDJGX,train
20260711_103130_ALQAGU,train
20260711_104637_GVZVQT,train
20260711_110001_BTGARS,eval
20260711_111113_FRTLFE,train
20260711_113954_GXHXSC,train
20260711_114018_QGMFRQ,train
20260711_120352_VAHFSS,train
20260711_121533_LHUAQY,train
20260711_122207_GLSHGH,train
20260711_125542_HNTBBZ,train
20260711_130204_JQTKCL,eval
20260711_131735_UQPRFV,train
20260711_133557_SJERYV,train
20260711_135209_SEDGCY,train
20260711_160140_DCVPHS,train
20260711_164916_NHBVXN,train
20260711_205256_YFSHCJ,train
20260711_222112_WXTKAX,train
20260711_230010_XXTFCR,train
20260711_234354_QBVMGW,eval
20260711_235823_BXLJKQ,train
20260712_000123_LYTZUD,train
20260712_000749_YHEBZU,train
20260712_001433_MVEALT,train
20260712_001456_KMTJSB,train
20260712_002557_NXAMMK,train
20260712_003407_ELFNGZ,train
20260712_004002_SAHUUM,train
20260712_004325_KPJJYZ,train
20260712_004657_QSLJZX,train
20260712_005027_RFRBXY,eval
20260712_011908_CEALJZ,eval
20260712_013018_NVAZTZ,train
20260712_013358_CQJDWR,eval
20260712_013513_QRRXQJ,train
20260712_013942_SZJUNC,eval
20260712_014633_ZMNBBG,train
20260712_015250_RETKFR,train
20260712_021113_AAGBTR,train
20260712_021200_ZFGFLN,train
20260712_021239_DYWYRL,train
20260712_022224_CFWRRY,train
20260712_023907_RHHFEX,train
20260712_024227_FRJKEH,train
20260712_025508_URSDWG,train
20260712_031222_GVXAGV,eval
20260712_033119_QKJVMQ,train
20260712_034146_XJVHUR,train
20260712_034635_UDHKFG,train
20260712_040651_YECZXQ,eval
20260712_042256_UWPWTJ,train
20260712_042935_UBHZNP,train
20260712_042944_AXETJU,eval
20260712_044011_RYZCPZ,train
20260712_045838_KSJHJZ,train
20260712_045912_LBNNPF,eval
20260712_050106_ARMTGF,train
20260712_050132_KVNYBX,train
20260712_050230_LZGHMS,train
20260712_050347_KDKBSX,train
20260712_050450_TNELCK,train
20260712_051626_VUYBLL,eval
20260712_053920_SVDNLU,eval
20260712_054528_AYJSNU,train
20260712_054842_BXCAWM,train
20260712_055604_AREZTA,eval
20260712_060937_PSXEVS,train
20260712_061156_PLPBYX,eval
20260712_061548_ARKKSG,train
20260712_063243_GRVEJZ,train
20260712_063946_PZLNNV,train
20260712_071125_MSYNCR,train
20260712_071535_PJMDTT,train
20260712_072100_MJPRFJ,train
20260712_073953_XKEJCX,train
20260712_074039_HMHNRA,train
20260712_074733_XWQTTH,train
20260712_081059_SWKTFC,train
20260712_081345_ZTUFLY,train
20260712_082258_ASQYTY,train
20260712_082846_NJLGUH,eval
20260712_084402_AHBZRC,train
20260712_085624_DTEVCW,train
20260712_085937_USDUGX,eval
20260712_090301_VLEEAN,train
20260712_091652_SZLSWP,eval
20260712_092013_MMDCVF,train
20260712_092958_XXCBPS,train
20260712_093234_GQRJGM,train
20260712_093850_AWDEPM,train
20260712_100327_UBPPTT,eval
20260712_103001_LCRQYJ,train
20260712_110200_GWXCYW,train
20260712_114531_YQYWZW,train
20260712_120513_JXTKDF,train
20260712_121923_BRWFAG,train
20260712_122746_SKZUYU,train
20260712_123604_GQHXRE,eval
20260712_132929_YJMLCF,train
20260712_142102_GMXCZN,train
20260712_150310_SGZKGR,train
20260712_154134_REBJVZ,train
20260712_224511_LEEQJD,eval
20260712_230554_ZQNNUM,train
20260712_231938_KLAPXT,train
20260712_231945_QKVNJZ,train
20260712_234536_SBTZQC,train
20260713_000217_JBSRMD,train
20260713_000412_KVDJCY,train
20260713_000436_GWMTRB,train
20260713_000932_KALPWX,train
20260713_001415_SNUSZT,train
20260713_001450_NSGFWF,train
20260713_001503_YANYAL,train
20260713_001846_VJWFLB,train
20260713_002153_DQEQUP,train
20260713_003247_UVWRPR,train
20260713_003328_JFUMGK,train
20260713_003328_LLWMDP,train
20260713_003333_SYVGFS,eval
20260713_003827_WABEVL,train
20260713_004359_XTYLZR,train
20260713_005310_VUNPQK,eval
20260713_005610_ZTJNJH,eval
20260713_010144_PARSHW,train
20260713_010426_JSXCCP,train
20260713_010954_GVHXVW,train
20260713_011321_TSZHEZ,train
20260713_011458_VVLNGN,train
20260713_011610_PNHUAP,train
20260713_011627_PWJPQQ,eval
20260713_011742_SBFNLS,train
20260713_012533_EJXEVZ,train
20260713_012900_NDWABY,eval
20260713_013242_YXXUJE,train
20260713_013342_CVZMGV,train
20260713_013820_DADTAB,train
20260713_014654_DHWDGK,train
20260713_015155_GSDRHM,train
20260713_015435_HLVRRL,train
20260713_015614_LCZVRU,train
20260713_015825_DTKRUZ,train
20260713_015849_HKZZSZ,eval
20260713_020001_FPVMAS,train
20260713_020007_UAHWLB,eval
20260713_020913_NPFWWD,train
20260713_020915_DXHMQZ,train
20260713_021124_DJSUVJ,train
20260713_021203_UCHMVF,train
20260713_021512_JRLXAE,eval
20260713_022420_BNCFWR,train
20260713_023006_CJABJZ,eval
20260713_023116_NRLZCP,train
20260713_023357_GTHXHB,eval
20260713_023436_KSSARA,train
20260713_023821_GRAEBK,train
20260713_023850_ZBDMCN,train
20260713_024018_MUNZMJ,train
20260713_024019_EUVVYJ,train
20260713_024157_UKEJPW,train
20260713_024439_WAHMSJ,train
20260713_024511_HJGSGQ,train
20260713_024648_UBDVDV,train
20260713_025216_ZLTVCJ,train
20260713_025627_YYFSTX,train
20260713_025655_MYLYKL,train
20260713_025822_YBQECR,train
20260713_030840_MTHFKF,train
20260713_031945_EWYPJG,eval
20260713_032136_QPVDXD,train
20260713_032920_NHHWNH,train
20260713_033221_VXDGYT,eval
20260713_033602_AFSLRG,train
20260713_033945_ULTKMC,train
20260713_034020_AULNXX,train
20260713_034300_FNSXCU,train
20260713_034322_LPURPQ,train
20260713_034552_VEJKDB,train
20260713_034958_ZYLHRC,train
20260713_035308_KJWZFC,train
20260713_035624_AFVHYD,train
20260713_035847_MKAGUK,train
20260713_035914_WCLFXK,eval
20260713_040107_VEALVE,train
20260713_040327_HJBFZU,train
20260713_040634_VFEWCF,train
20260713_040749_STHMUH,train
20260713_040952_SDPURW,eval
20260713_041006_CXDVRT,train
20260713_041933_JCLYNL,train
20260713_042250_MJZHTT,train
20260713_044448_ZCNLCK,train
20260713_044707_KCHCFR,train
20260713_045210_HJFYFM,train
20260713_045420_RWWEZA,train
20260713_045647_WYDLDG,eval
20260713_050001_XXRAFT,train
20260713_050025_MLUYXS,train
20260713_050249_ASYYCB,train
20260713_050322_NBBZLF,eval
20260713_050926_NERPCW,train
20260713_051328_UKTLYF,train
20260713_051756_MDJNTB,eval
20260713_051929_VPENJH,train
20260713_052401_MWDKNA,eval
20260713_052708_RMWFQD,train
20260713_052936_TXYQTL,train
20260713_053004_PVQVSK,eval
20260713_053120_LTJXCG,train
20260713_053348_GPDHBQ,train
20260713_053458_LYDGAH,eval
20260713_053716_ZLGGTJ,train
20260713_054111_PWQDYU,train
20260713_054142_CVSDXE,train
20260713_054633_DNKCXP,train
20260713_055157_SPRRZQ,train
20260713_055339_GXKCMB,train
20260713_061139_FGBJUV,train
20260713_061218_ZBAPNY,train
20260713_061301_AXDLNN,eval
20260713_061323_YANDPS,train
20260713_061342_MNXWNA,eval
20260713_061405_GRATQH,eval
20260713_062705_JAUDPG,train
20260713_062948_CFVVWN,eval
20260713_063021_DXVFDC,train
20260713_063053_NXYSJY,train
20260713_063130_RRBUQN,train
20260713_063259_KKEFYB,train
20260713_063310_UULZBJ,train
20260713_063413_QAYHHM,train
20260713_063538_ZTCSLD,train
20260713_063926_HEPFNZ,train
20260713_064055_HEMYMR,train
20260713_064703_CAXXCL,train
20260713_065157_PBTNVY,train
20260713_065850_DGWVJR,train
20260713_065913_WYYZJU,eval
20260713_065957_EWVZQN,train
20260713_070044_SVGSZZ,train
20260713_070329_XAKNCB,train
20260713_070656_HDJZEQ,train
20260713_070708_XJRPFY,eval
20260713_070723_RHKQWX,train
20260713_070750_EXNVUX,eval
20260713_072136_QXNFLZ,train
20260713_072301_XEXYEX,train
20260713_072550_EBBFWQ,train
20260713_072639_RMYFGF,eval
20260713_074042_XQHPMR,train
20260713_074251_XZTGNR,eval
20260713_074541_DVVZBH,eval
20260713_075721_ANVTLK,train
20260713_075800_MNUAEM,train
20260713_080018_KYVPXX,train
20260713_080223_KARLSN,train
20260713_080352_UNKANP,train
20260713_080820_PUZVWR,train
20260713_081031_RWZWJW,train
20260713_081306_QTZSEL,train
20260713_081520_JFXTLX,train
20260713_081713_KYSRHT,eval
20260713_081909_UUYVQD,eval
20260713_082006_DYPPFZ,eval
20260713_082602_AQPUKH,train
20260713_082619_PSMRMH,train
20260713_083052_UDZWSZ,train
20260713_083054_CMGNUE,train
20260713_083311_VXVEFB,train
20260713_085551_JCAFTZ,train
20260713_090000_SEHTND,eval
20260713_090800_KNHHYW,train
20260713_091233_YUFMQV,train
20260713_091439_GYHXHS,train
20260713_091857_QXKEED,train
20260713_092246_VYAXLU,train
20260713_092301_KLJYED,eval
20260713_093230_RHJTHK,train
20260713_093358_XFNWAD,train
20260713_093757_ZYKYMT,train
20260713_093759_KCKGNQ,train
20260713_093818_LZRTPX,train
20260713_094643_UANSKP,train
20260713_094712_FDKZPD,train
20260713_094927_ALRFQL,train
20260713_094938_JTUUJT,train
20260713_095055_MQPARY,train
20260713_095414_DFDNSE,train
20260713_101014_WMZHSF,train
20260713_101247_WPZDVR,train
20260713_102231_VSUJSK,train
20260713_102511_MSKLXQ,train
20260713_104435_BCQAFG,train
20260713_104444_XWTZFA,eval
20260713_105042_SEEWEQ,train
20260713_111307_GYJLZN,train
20260713_111933_MTZHQV,train
20260713_112314_MSNKKT,train
20260713_113217_UURJTZ,train
20260713_113546_BFFJRG,train
20260713_114714_BFPVJM,train
20260713_122705_ERCRUY,train
20260713_123403_DZBGNZ,train
20260713_125624_HKBSED,train
20260713_132921_LTEFHJ,train
20260713_142610_MARDNQ,eval
20260713_142959_YFENUB,train
20260713_143943_PTNQKG,train
20260713_145013_VCEWNV,train
20260713_154141_JEEHEW,eval
20260713_232309_KUHWSK,train
20260713_233231_RFTQPQ,train
20260713_233624_RBNRDD,train
20260713_235534_DBFDLY,train
20260713_235608_EPUESW,train
20260714_000850_BGRWCN,train
20260714_001334_FRCTHE,train
20260714_001535_FYWTMD,train
20260714_001850_RVHCNE,train
20260714_002157_SXSDLZ,eval
20260714_002308_MLCSZS,train
20260714_002553_LJWNZY,train
20260714_003045_FEJBNL,train
20260714_003124_KYFLWE,eval
20260714_003243_RGQLLG,train
20260714_003737_QPCZJC,train
20260714_003816_VSTWAE,train
20260714_003836_RZHQPR,train
20260714_003900_KWQNUH,train
20260714_003941_ERKWTN,train
20260714_004116_MKTCGH,eval
20260714_004132_ZRKKMP,train
20260714_004224_UXPPGC,train
20260714_004445_NTZBMG,train
20260714_004649_CZHADS,train
20260714_004713_XKTQQV,train
20260714_005807_JPENDN,eval
20260714_005919_XQGPMQ,eval
20260714_010942_KVUSBY,train
20260714_011439_PDCGQL,train
20260714_011822_CDYAVT,train
20260714_011949_VTJKRG,train
20260714_012037_ULEECN,eval
20260714_012637_AZMXWT,train
20260714_012811_EUHPUH,train
20260714_014021_NCHVQJ,train
20260714_014351_DXBWRE,train
20260714_014527_JBKXXL,eval
20260714_015055_QGWQEV,train
20260714_015320_CJEQWZ,eval
20260714_015420_ZBYMZN,eval
20260714_015603_JWUZCV,train
20260714_015621_HLXSJC,train
20260714_015631_DVJCLJ,train
20260714_020139_FPSZDA,train
20260714_020657_TZKPMG,eval
20260714_020721_YRGBGF,train
20260714_021126_CCMMCD,train
20260714_021534_KNLENM,train
20260714_021719_BDPPTV,train
20260714_021752_PWUYPM,train
20260714_023430_VAHGRB,eval
20260714_024130_KHBFCE,train
20260714_024615_QFRGUW,train
20260714_025155_QHTDPP,train
20260714_025514_JDPGRJ,train
20260714_025703_YCWMVN,train
20260714_025706_QYDNLU,train
20260714_025911_UXEQLN,train
20260714_025952_FYJYEH,train
20260714_030106_KZNQVQ,train
20260714_030247_WXJHCK,eval
20260714_030947_ZSXDES,train
20260714_031236_PGQRJB,train
20260714_031354_LVULNT,train
20260714_032639_JLWNGK,train
20260714_034005_PMZAAH,train
20260714_034740_MLUZLE,train
20260714_035714_UTZWDW,eval
20260714_041545_WTGGJB,train
20260714_042236_TDRXBD,eval
20260714_043059_FXBDSF,train
20260714_044442_ZATQMG,eval
20260714_044650_KHBJQV,train
20260714_045422_SUUBFK,train
20260714_045522_BZMDXR,eval
20260714_045850_KZLDMT,train
20260714_050454_HVMRFW,train
20260714_050623_UYWWQF,eval
20260714_051046_ENQVSZ,train
20260714_051058_WUZPAT,train
20260714_051450_YYBZGG,eval
20260714_052046_LGAGCE,train
20260714_052548_NCDAAB,train
20260714_052842_CAWBSW,train
20260714_052939_NQZNTA,train
20260714_053055_MMAHYJ,train
20260714_053133_EBADWD,train
20260714_053400_ZVZKAW,eval
20260714_053449_HBRBMC,train
20260714_053550_YRSLXR,train
20260714_053750_TDWYGQ,eval
20260714_054309_QHMTSY,train
20260714_054740_FJYTTL,train
20260714_055136_QZNATS,eval
20260714_055721_ADSCPX,train
20260714_055930_BLHPRF,train
20260714_060225_GZDXTF,train
20260714_060452_XZSMXF,train
20260714_060831_HDYKLL,train
20260714_062058_LJNDML,train
20260714_062106_XEUJMT,train
20260714_062157_XNYQKF,train
20260714_062322_UHFVFV,train
20260714_062350_RRVUAG,train
20260714_062948_RLLDCH,eval
20260714_063618_VHBQAS,eval
20260714_063957_LDDEDW,train
20260714_064016_PBAMHB,train
20260714_064513_QZMWQF,train
20260714_064643_KKGTPN,eval
20260714_065527_AQSTHZ,train
20260714_065713_MLADCM,eval
20260714_065822_HTTPRE,train
20260714_070842_QVFUMC,train
20260714_070853_HJCDEZ,eval
20260714_071753_KCRBLZ,train
20260714_071754_XWEAJL,train
20260714_071933_RNSSCW,train
20260714_072450_XQRQWL,train
20260714_072627_WRZMWF,train
20260714_072731_UYGQLD,train
20260714_073632_SQLVFH,train
20260714_073745_YSZVTV,eval
20260714_074004_GUTEFF,train
20260714_074205_JSMEFS,train
20260714_074554_GNAWWN,train
20260714_075245_RJTUPJ,train
20260714_075757_EZEMSP,train
20260714_075812_XJHCZG,train
20260714_080219_NBTNHH,train
20260714_080407_HTLBQX,train
20260714_080541_CZETLW,train
20260714_080552_EJZUVV,train
20260714_082325_RJJQZW,train
20260714_082326_BXHMQN,train
20260714_082655_LTNGRC,train
20260714_082755_QEFCFB,train
20260714_083134_VXGKTK,train
20260714_083453_XTFAMU,train
20260714_083548_HXLJDW,train
20260714_084232_BFLKVF,train
20260714_084909_PFBUQE,eval
20260714_084922_FKWTTH,train
20260714_085017_QMPWXN,eval
20260714_085206_JDULHB,eval
20260714_085519_FURAVX,train
20260714_090404_PSARVJ,train
20260714_090648_KYYZBE,train
20260714_090857_HPLGFU,train
20260714_091114_JRFWXT,train
20260714_091339_UVGGFD,eval
20260714_091644_GRNEDK,train
20260714_091645_VBRNRF,train
20260714_091908_ZRPNLS,train
20260714_092553_FHALJX,train
20260714_093348_CAMQBM,train
20260714_093355_BZQRFK,train
20260714_093638_BHCKLK,train
20260714_094039_RDBVFV,train
20260714_094313_TQMHGH,train
20260714_095607_VVMVGC,train
20260714_095958_BJRGGL,train
20260714_100828_FDZHBU,train
20260714_101155_XRDEXU,train
20260714_101236_WYSUBD,train
20260714_101525_HYSJZU,train
20260714_101718_ZMLUPE,train
20260714_101758_FMDHJH,train
20260714_102337_ZMXFWV,train
20260714_102613_PZBAJE,train
20260714_102942_GTEQJY,train
20260714_102959_MHCSMM,train
20260714_103138_KCXTMB,eval
20260714_103621_XEGXCH,train
20260714_104241_WASBVW,train
20260714_104457_KXSXTD,eval
20260714_104814_ETNTWH,train
20260714_110011_DHLQYQ,train
20260714_112525_WNMHTS,train
20260714_114948_UWUEZD,eval
20260714_121855_MHTZZR,eval
20260714_123119_WFRPQF,train
20260714_123851_UZHEFL,eval
20260714_124327_PAUQGG,train
20260714_125726_JCNXLP,train
20260714_131124_YSLSNY,train
20260714_131305_QHEQCP,train
20260714_131408_GZPHSP,eval
20260714_132511_JUQYDX,train
20260714_140143_TYBXNW,train
20260714_140846_JZHCRB,train
20260714_141137_NSKLRK,train
20260714_143805_DMDCBF,eval
20260714_152346_QEXSEU,train
20260714_160722_QXADBP,train
20260714_161640_HKSGMY,train
20260714_164152_WMQLNU,train
20260714_175539_RXZECP,eval
20260714_184803_URWXHT,train
20260714_234205_DGVNJR,train
20260714_234442_JCTSYT,eval
20260715_000715_XBENUH,train
20260715_001027_PGDLHQ,train
20260715_001240_XZKUTJ,train
20260715_001511_LSHHLP,train
20260715_002034_MLEWDS,eval
20260715_002239_EMCHAK,train
20260715_002524_ENQUWP,eval
20260715_002657_VEXUFW,train
20260715_003119_JYFQPN,eval
20260715_003252_RUVKER,train
20260715_003401_SSZHQF,eval
20260715_003559_FWTHBM,eval
20260715_003620_YZTLZA,train
20260715_003731_MEYYFL,eval
20260715_003739_CFLBWY,train
20260715_004104_WVFZNK,train
20260715_004109_YZZYLR,train
20260715_004137_MAURHK,eval
20260715_004322_ALDJMK,train
20260715_004338_ZPCRQG,eval
20260715_004419_QTNEQQ,train
20260715_004656_HDUHZE,train
20260715_004814_UGVYKF,train
20260715_005049_FUQCUM,train
20260715_005501_WEYLNT,train
20260715_005506_EUTCLN,eval
20260715_005508_GKTEQN,train
20260715_010216_UKFSMN,train
20260715_010447_MSJLHQ,eval
20260715_010709_CJSHKW,train
20260715_010942_XNPWMW,train
20260715_011027_TDNWDB,train
20260715_011139_TWUXDJ,eval
20260715_011551_KAGAED,eval
20260715_011552_SPPWMT,eval
20260715_011908_NHXVMU,train
20260715_011957_QRYLGR,train
20260715_012445_EDBTBA,train
20260715_013451_BSVPNE,train
20260715_013712_HASFVQ,train
20260715_014555_DMEKYE,eval
20260715_015202_KMCTGX,train
20260715_015334_JKXPPN,train
20260715_020051_FEDBZH,train
20260715_020148_XKBNEF,train
20260715_020343_ENQFTX,train
20260715_020843_EZXAJP,train
20260715_021148_JEAYCY,train
20260715_021326_HFKTJC,train
20260715_021419_RVZLHE,train
20260715_021429_KWCNTG,train
20260715_021430_ZLLUCR,train
20260715_022736_ANRCPC,eval
20260715_023429_WXNEEL,train
20260715_023641_GAFCEJ,train
20260715_024426_BDKRRQ,eval
20260715_025152_DAJPBL,train
20260715_030550_GHWJRM,eval
20260715_031907_SRAAPV,train
20260715_032019_WWEEAQ,train
20260715_032329_NQEKRV,train
20260715_032638_HRPQDL,train
20260715_032704_KNWXQD,train
20260715_032707_EUVWKD,train
20260715_034443_JMJLHS,train
20260715_035148_LBMCML,train
20260715_035216_WRLJSX,train
20260715_035401_DDHYHM,train
20260715_041549_PHTYGW,train
20260715_043033_XTNSPV,train
20260715_043143_SXSPRW,eval
20260715_045028_ZBLTGE,train
20260715_045202_XPBKVL,train
20260715_045726_SVZDYJ,train
20260715_045911_FTYDQA,train
20260715_050438_KTJAKL,eval
20260715_050459_FRXFVU,train
20260715_050619_WVUUPY,train
20260715_051136_YUTDQX,train
20260715_051222_LWPTNG,train
20260715_051945_NZYSRG,train
20260715_052505_PXMAHN,train
20260715_052547_KMQAXB,train
20260715_052959_KNTAXR,train
20260715_053213_MYRYFX,train
20260715_053219_JJWPMZ,train
20260715_053246_LHLFZX,eval
20260715_054001_AJERYY,train
20260715_054107_JTPAXD,eval
20260715_054152_VNHRBG,train
20260715_054247_VYFEXF,train
20260715_054304_KKXTRF,train
20260715_054533_KMSQEV,eval
20260715_054959_LEWPDA,train
20260715_055116_WTANJG,train
20260715_055145_LCZSVJ,train
20260715_055341_DTLYNN,train
20260715_055342_DHZTGZ,train
20260715_055535_GUNKYH,train
20260715_055732_UMAWUY,train
20260715_055913_YCZYTS,train
20260715_060558_KMXAKQ,eval
20260715_060620_BGCGBK,train
20260715_061007_RKCTHH,train
20260715_061414_GPPPFA,train
20260715_061525_PZLRPF,train
20260715_061527_MTLZLR,train
20260715_061658_SSKVBP,train
20260715_061939_AVCLTQ,train
20260715_062128_AAGJFW,train
20260715_062220_UVARSR,train
20260715_062612_HDVJAT,train
20260715_062636_JQQDBV,train
20260715_062855_RFFXKJ,train
20260715_063040_DEKPKT,eval
20260715_063306_VYVLVP,eval
20260715_063330_WHYNKK,train
20260715_063444_HAQQYW,train
20260715_063806_PZTBAC,train
20260715_064115_ZQAUXQ,train
20260715_065232_AHTFYP,train
20260715_065522_XKJQSJ,train
20260715_065556_RYFHSU,eval
20260715_065805_KFNZFU,train
20260715_065905_UDZRUL,train
20260715_065941_ZDLJZE,train
20260715_065959_DLZUDW,train
20260715_070042_XLMRQM,train
20260715_070427_NMTVPL,train
20260715_071144_VXMFVF,train
20260715_071228_JQJRBM,eval
20260715_071309_CQWYKH,train
20260715_071351_UWMXLF,train
20260715_071545_UQLPFU,train
20260715_071721_MNQZTQ,train
20260715_072210_BBECJA,eval
20260715_072221_BDCUVQ,train
20260715_073056_JJDTEU,train
20260715_073105_BGWDES,train
20260715_073118_EVBLGB,eval
20260715_073153_QUJGAZ,train
20260715_073436_KWSKCE,eval
20260715_074049_JFBRRM,train
20260715_074647_PRCYQR,train
20260715_075736_CHZCYP,train
20260715_080658_NWAXHB,train
20260715_081102_FTQYYE,train
20260715_081221_DEPKFQ,train
20260715_081840_AXTLBW,train
20260715_082003_CMEDTR,eval
20260715_082224_LSVUDG,train
20260715_082717_KLZKRF,eval
20260715_083753_AQBUDK,train
20260715_083907_YSPPAS,eval
20260715_085339_PYPULR,train
20260715_090125_TDDEZP,eval
20260715_090344_KAMLZZ,train
20260715_090947_FLJCXC,eval
20260715_091525_FEDLZT,train
20260715_091716_ZATFBB,eval
20260715_091733_CFGDTX,train
20260715_091824_GMTSCM,train
20260715_091830_RANGEQ,train
20260715_092756_NASVBY,train
20260715_092815_CFMHZA,train
20260715_092954_XGBNPT,eval
20260715_093020_EPPPJJ,eval
20260715_093040_ZZWBTJ,train
20260715_093203_QVYCSW,eval
20260715_093229_JVEMWB,train
20260715_093315_XGJBQL,train
20260715_093321_BLHUDY,train
20260715_093549_KBUXCF,train
20260715_093650_NLWUWG,train
20260715_094005_HEVHTY,train
20260715_094025_BVLGFR,train
20260715_094153_LDLEGM,train
20260715_095212_BJDWRJ,train
20260715_095613_XGNLWY,train
20260715_095740_PTVGVN,train
20260715_101136_ZAQPUF,train
20260715_101208_ZUYXUM,train
20260715_101259_GBAHDE,train
20260715_101518_VMUMRQ,train
20260715_102059_RCCZNL,eval
20260715_102311_HQSXPM,eval
20260715_102653_PJRBZT,train
20260715_102953_XBGQTS,train
20260715_103841_AYURQH,train
20260715_103949_UKYYJL,train
20260715_104508_CGCSWK,train
20260715_104609_BWBPAF,train
20260715_104622_AAVZEU,train
20260715_105050_SKRJBX,train
20260715_105111_TQLUNF,train
20260715_105119_RGNDAW,train
20260715_110002_SGJSPK,train
20260715_110125_MAKDZQ,train
20260715_111101_YYUTKS,train
20260715_111944_YLPKKH,train
20260715_112953_TDJNZY,train
20260715_113411_XXJPXW,eval
20260715_113632_EZRFUQ,eval
20260715_115403_DKQWHQ,train
20260715_115605_LZZBZX,train
20260715_122108_RGTJER,train
20260715_123520_APQMZG,eval
20260715_123921_LDSHWU,train
20260715_124218_NQQGWZ,train
20260715_125732_LGEWJZ,train
20260715_125836_VWNPWL,train
20260715_130146_TEGBSK,train
20260715_131123_KZNCRP,train
20260715_131613_UKDLHV,train
20260715_134254_FYJQTE,train
20260715_134957_LHWQSS,train
20260715_135851_GEWZHX,eval
20260715_140633_AGAEWS,train
20260715_140634_QGAEHD,train
20260715_140931_FYWRFJ,train
20260715_141617_SKYWBC,eval
20260715_141711_AFWFEM,train
20260715_141834_HALVSJ,train
20260715_142008_GZHHTD,eval
20260715_142327_XNYBSH,train
20260715_143140_TQAMVN,train
20260715_143437_JSSGBK,train
20260715_144042_PNNSZB,train
20260715_144221_XNZXVU,eval
20260715_144619_QPPWGQ,train
20260715_145748_YNNHFW,train
20260715_152013_QTKFEC,eval
20260715_152142_DDQMEU,train
20260715_152308_RYCHTV,train
20260715_152503_WVKCYY,eval
20260715_152734_ZQRMYX,eval
20260715_155924_LKWRAH,train
20260715_225947_AGSCNM,eval
20260716_000210_TUNJKS,train
20260716_000311_ZTQQHD,train
20260716_000801_MHDHCS,train
20260716_001247_PVSHKQ,eval
20260716_002534_DTLXBK,train
20260716_002745_SXWCKE,eval
20260716_002806_MWCWMS,train
20260716_003137_GXFCJN,train
20260716_003202_QHSTRN,train
20260716_003203_RQFXXF,train
20260716_003207_WDZCVK,train
20260716_003809_VFJLSP,train
20260716_003938_TQDZPQ,eval
20260716_004132_ZZLVHW,train
20260716_004231_NSTGXH,train
20260716_004522_KCPRKD,train
20260716_004615_KUXJUZ,train
20260716_005236_CWZYVV,train
20260716_005241_SRLUQM,train
20260716_005443_RPVQDX,train
20260716_005453_JVDJRW,train
20260716_005615_WABCWN,train
20260716_005648_JLVFWN,eval
20260716_010054_TMYSDD,train
20260716_010359_WGGDYA,train
20260716_010435_RRREZR,train
20260716_010509_SNVNJM,train
20260716_010716_KJVDBZ,eval
20260716_011004_LACEWV,train
20260716_011527_QXSJLK,train
20260716_011741_FNDMMT,eval
20260716_011853_KEHXQJ,train
20260716_012543_CFDSXW,train
20260716_012611_GAEQCK,train
20260716_013326_UBSAGJ,train
20260716_013451_QFZACR,train
20260716_013531_FGHPJR,eval
20260716_013638_XYDWNQ,train
20260716_013721_EVPKQV,eval
20260716_014000_HPUJFD,train
20260716_014258_AECTGA,eval
20260716_014316_PPZHAB,train
20260716_015607_KYJZLQ,eval
20260716_015949_MVWTBD,train
20260716_020154_CSSSAK,train
20260716_020746_XWKBCH,train
20260716_020933_PVVPFE,train
20260716_021019_TPBLAH,train
20260716_021041_YJKYHQ,eval
20260716_021048_KRDVJP,train
20260716_021103_XJYDPW,train
20260716_021147_KNKKUW,train
20260716_021430_KCXPEL,train
20260716_021626_TKWTAW,eval
20260716_021655_ARPSQE,train
20260716_021826_CKKNRA,train
20260716_021837_QEDSYC,train
20260716_022858_KETUQX,eval
20260716_023810_XPESPA,train
20260716_023841_XYKSHK,train
20260716_023907_HLWLZW,train
20260716_023951_CZBKGA,eval
20260716_024527_EQCJQE,eval
20260716_024708_FQCPDG,train
20260716_024814_CDRVTG,train
20260716_025953_FBAVYG,train
20260716_030314_BRTQDC,eval
20260716_030324_MLGZWP,train
20260716_030403_HGNGXV,train
20260716_030504_CGLHVV,train
20260716_030809_UCMUAY,train
20260716_031205_HHQXSH,train
20260716_031325_LXCAEQ,train
20260716_032127_BPYFLN,eval
20260716_033424_AEPCZM,eval
20260716_034405_ULKNPG,train
20260716_034726_MJGTPX,train
20260716_035313_LNKTEY,train
20260716_035922_SEZYGA,train
20260716_040232_DXDMWH,train
20260716_040426_VRAPFG,train
20260716_042837_MLAPPU,eval
20260716_042848_NXSGFH,train
20260716_043327_HJNHVF,train
20260716_044836_LKJJLR,train
20260716_045527_VNBNAD,eval
20260716_045531_AYTANY,train
20260716_050026_NCGTPN,train
20260716_050119_SRFYZX,eval
20260716_050234_ULZMQJ,train
20260716_050613_LTADZB,train
20260716_050724_KWNKGN,train
20260716_050904_ZJCRQM,train
20260716_051030_GGEWAW,train
20260716_051515_DFYEGJ,train
20260716_052719_YYNNSW,train
20260716_052811_TSZQYN,train
20260716_053010_QZWBCG,train
20260716_053350_RKWGFW,train
20260716_053408_MSZJBX,eval
20260716_053715_NPHYKU,train
20260716_053825_DZAYCG,train
20260716_054056_ZACLAU,eval
20260716_054154_UXHQVX,eval
20260716_054831_LFJQJH,train
20260716_055422_DTWDFW,train
20260716_055907_ZKUSWH,eval
20260716_055932_HCZHRL,train
20260716_060111_LLGLWM,eval
20260716_060359_JQDHXS,train
20260716_060408_TZNXLX,train
20260716_060434_NCYJNM,train
20260716_060823_MGRRJM,train
20260716_061321_YVAUPH,train
20260716_061659_VPLVCL,eval
20260716_061901_BWFRDP,eval
20260716_062511_VWKMBW,eval
20260716_063240_FKZFAP,train
20260716_064527_CCYVYU,train
20260716_064748_DBDJRU,train
20260716_064859_QTXSVY,train
20260716_065214_FFFURN,eval
20260716_065458_EJWLDY,train
20260716_070727_BFLZQN,train
20260716_070904_XMPPED,train
20260716_070957_DWDFRK,eval
20260716_071123_MURTCJ,train
20260716_071224_PQJFLG,train
20260716_071305_WUYDKQ,eval
20260716_071758_XPCPPZ,train
20260716_072759_EYJVTG,eval
20260716_073420_KTTVCF,train
20260716_073858_VNPULU,train
20260716_073935_ARMUPF,train
20260716_074241_QPWQHB,train
20260716_075241_JDXKTH,train
20260716_075300_WKQQLG,train
20260716_075318_LWEUYS,train
20260716_075652_PDSFMG,train
20260716_075938_MSLSLU,train
20260716_075943_ZUWKQK,train
20260716_080144_AHSAZQ,train
20260716_080856_LTBPLA,eval
20260716_081306_HRZYEE,eval
20260716_081358_ACFXUX,train
20260716_081858_TJGVTR,train
20260716_082032_RRBEKZ,train
20260716_082205_QFJCWA,train
20260716_082548_DCHJYA,eval
20260716_082736_CVDWYZ,train
20260716_083004_KLRKAD,train
20260716_083055_ZUUXZW,train
20260716_083825_FUKVHX,train
20260716_083912_RWFXCG,eval
20260716_083929_JTWKST,eval
20260716_084431_LWESYQ,train
20260716_085315_ZUFGWB,train
20260716_085709_NYDCBT,train
20260716_085923_PQKKQU,eval
20260716_090227_HBQKXV,train
20260716_091354_DFEWCX,train
20260716_092022_DDZKSR,train
20260716_092912_DSZUFW,train
20260716_092919_SBUJEG,train
20260716_093046_AVZBTJ,train
20260716_093057_VQYXYD,train
20260716_093343_JABRWB,train
20260716_093405_JXREAZ,train
20260716_093406_SFBXMU,train
20260716_093720_KRFKUT,train
20260716_093729_TPWASV,train
20260716_095013_UVLFPD,train
20260716_095023_TZXMAG,train
20260716_095031_YDXDRP,train
20260716_095207_AGEJAE,train
20260716_095420_GMSUVC,train
20260716_095455_GLFJUU,train
20260716_095701_KADLYD,train
20260716_100222_NJFWDS,train
20260716_100848_VSPZDS,train
20260716_101146_KBPKCF,train
20260716_101636_ETKTQJ,train
20260716_102309_QABEAZ,train
20260716_102638_TZCYCW,train
20260716_103210_SZXVVB,train
20260716_103940_KJSHXY,train
20260716_104646_DWFATE,train
20260716_105245_DVRRNP,eval
20260716_105704_PXCKKR,train
20260716_110459_GZNNDY,train
20260716_110633_XYHKGW,train
20260716_110633_YYGVTS,train
20260716_113705_RQQEEB,train
20260716_114057_XEQUWV,train
20260716_114102_DKMLLH,train
20260716_114143_ZVSXJQ,train
20260716_114229_VYWDHL,train
20260716_114619_TXMYBV,train
20260716_120120_TDFQYN,train
20260716_120630_HNPRFM,train
20260716_121057_YPSZUB,train
20260716_122104_HGAQWH,train
20260716_123600_NZUGQS,train
20260716_123852_UTWJSW,train
20260716_124012_AGCXXN,train
20260716_124144_UAGRGG,eval
20260716_130046_GVDERW,train
20260716_130047_HJAUXJ,train
20260716_130226_CJGFEL,train
20260716_130312_HGAUMP,train
20260716_131254_QFWDZX,train
20260716_132900_ZYSQMV,train
20260716_133304_TNJABW,train
20260716_133412_EPMZTJ,train
20260716_134057_VLSJDG,train
20260716_135343_YBQLHX,train
20260716_141239_EEYVLV,eval
20260716_141314_JEBGMY,train
20260716_144013_SZECMJ,eval
20260716_144911_DTMUBJ,train
20260716_150709_TYTJCJ,train
20260716_151633_BHWDLQ,train
20260716_153225_VGPXRD,train
20260716_172409_UHYZVR,eval
20260716_233832_NSQNEY,train
20260717_000541_QVEUMB,eval
20260717_000652_DPPTBP,train
20260717_000739_VHNLUC,train
20260717_000859_CHMLWS,train
20260717_000920_WYCTKQ,train
20260717_001106_RCMDRF,train
20260717_001249_QZQAFA,eval
20260717_001316_KUKRKG,eval
20260717_001416_ALLYBN,train
20260717_001832_MVCLGH,eval
20260717_001918_VVTLKP,train
20260717_002351_ARDVZQ,train
20260717_003000_NNTZJP,train
20260717_003029_UWWYAL,train
20260717_003202_VHJHPT,train
20260717_003307_DKSKCZ,train
20260717_003409_HBZNCK,train
20260717_003453_FECZQL,eval
20260717_004031_UCNFQZ,train
20260717_004624_NVEBJZ,eval
20260717_004806_USTRWJ,eval
20260717_004931_FBJVST,train
20260717_005222_JLJFBM,train
20260717_005419_SNWVXS,train
20260717_005504_WCWRRC,eval
20260717_010023_VMPMVQ,train
20260717_011429_CKNNQX,train
20260717_011429_THHVRW,train
20260717_011522_ZZQVQL,train
20260717_012505_KCYFZE,train
20260717_013115_WNXLWK,eval
20260717_013338_NAQFKV,train
20260717_014011_TPVXPR,train
20260717_014353_TFRTXV,eval
20260717_014559_UCCZZB,train
20260717_014847_VQUWJF,train
20260717_014917_HPVHSL,train
20260717_015039_FJXNQD,eval
20260717_020439_ALRZJR,train
20260717_020923_BTMRZV,train
20260717_021147_ZTWDGJ,eval
20260717_021232_KQYZZP,eval
20260717_021624_DPJEKC,train
20260717_021929_FVSJSP,train
20260717_021941_UQWYXH,train
20260717_022425_APCMTC,train
20260717_022549_EPGAGJ,eval
20260717_023056_XUWQTU,train
20260717_023228_NMHLJP,train
20260717_023352_LTFLNK,eval
20260717_023500_FWTSKN,train
20260717_023705_PDEQGT,eval
20260717_024506_RFDCWY,train
20260717_024643_UUCHZP,train
20260717_025425_SXTNGG,eval
20260717_030143_FFJLQH,train
20260717_030322_NVZVLN,train
20260717_030405_VVGZQY,train
20260717_031036_MHWSZD,train
20260717_031144_PVEGKY,train
20260717_031526_AHCWWF,train
20260717_031800_KUYVJW,train
20260717_031843_FJFLBP,train
20260717_032153_SZLRHZ,train
20260717_032707_TLXPKT,train
20260717_032744_VTLWLH,eval
20260717_033551_AFQXVY,train
20260717_033943_URGYTC,train
20260717_034100_TANRTY,train
20260717_034101_KFBCKH,train
20260717_034357_CPDGKY,eval
20260717_034640_MDQEDZ,eval
20260717_035215_VANGDX,eval
20260717_035422_MCYPEA,train
20260717_035851_YVWDYW,train
20260717_040301_APHNVG,eval
20260717_041526_YNRWUX,train
20260717_041956_EXRZLW,eval
20260717_042553_ZECNST,train
20260717_044606_BDYCAW,train
20260717_044658_ABJRWX,eval
20260717_044810_MPDXDF,train
20260717_045014_BGVSWT,eval
20260717_045038_AWGAVH,train
20260717_045421_GHEFSS,eval
20260717_045844_SJKMCC,train
20260717_050006_JHURVF,train
20260717_050031_ARTAFJ,train
20260717_050317_EAFDJC,eval
20260717_050344_BAWJAV,train
20260717_050458_YNYVPU,train
20260717_050609_MRKYQK,eval
20260717_050718_CTAZLN,train
20260717_050936_RJACPF,train
20260717_051017_FGADTW,train
20260717_051118_TFRRRF,train
20260717_051148_RMMKBN,train
20260717_051445_QKBDFD,train
20260717_051535_BLLCMJ,train
20260717_051617_FNWSRD,eval
20260717_052152_WQYDJA,train
20260717_053213_UAZVAR,train
20260717_053610_TWJUUU,train
20260717_054126_DSJBMQ,train
20260717_054200_NWUDYK,train
20260717_054203_MLUWRH,train
20260717_054310_ATJVWJ,train
20260717_054444_MBKGZJ,eval
20260717_054602_AFTFWY,train
20260717_054901_NBYUCT,eval
20260717_054913_GKDWED,train
20260717_055419_WYSAZG,train
20260717_055656_LZVVMX,train
20260717_060539_NHRYTX,train
20260717_060639_TWXZCD,train
20260717_060712_FTEGSU,eval
20260717_060810_RKGQEK,train
20260717_061900_YWPPWX,train
20260717_062712_XBGEXA,train
20260717_062725_MNJJVR,eval
20260717_062742_MPVJEF,train
20260717_062748_WFTFYD,train
20260717_063652_HMBPXY,train
20260717_063954_AEMUNR,eval
20260717_064042_QYBRHF,train
20260717_064411_ETVUTC,train
20260717_064411_NWTCAC,train
20260717_064435_TYCAEM,train
20260717_065625_YMQQYD,train
20260717_065808_BXGALD,train
20260717_065835_SDPAQP,train
20260717_070424_NTZNMZ,train
20260717_071027_KNFJZV,train
20260717_071123_CMANWF,train
20260717_071234_ZZCSLX,eval
20260717_071444_QFHKKC,eval
20260717_071627_LTBXZA,train
20260717_072223_GXVPMX,train
20260717_072231_GUCHPE,train
20260717_072327_KUKKNM,eval
20260717_072915_GBVGTQ,train
20260717_072919_CHFQDN,train
20260717_073008_SHEBMN,train
20260717_073238_KTFVRV,eval
20260717_073651_XCLCKW,train
20260717_074019_FWCHAQ,train
20260717_074403_UKNGAG,train
20260717_074532_MDCJSU,eval
20260717_074631_DHQKJQ,train
20260717_074839_HWLVMT,train
20260717_075022_XGQZFF,eval
20260717_075204_LASLHQ,train
20260717_075552_EYZHJQ,train
20260717_075644_DMVEAX,train
20260717_075846_NUMHBY,train
20260717_075911_YEYLND,train
20260717_081353_XULSDB,train
20260717_081523_LVQNGF,eval
20260717_081544_BZUYYG,train
20260717_081641_MCJNRU,train
20260717_081850_SKYCAT,train
20260717_082055_XQAPHP,eval
20260717_083151_VVPRUB,train
20260717_083348_YKYTZX,train
20260717_083415_VXAUYF,train
20260717_083706_ZHAABC,train
20260717_083924_QWPWQW,train
20260717_084312_LUGUQX,train
20260717_084539_ULLBQV,train
20260717_084637_NJATJR,eval
20260717_084955_PMJNDH,eval
20260717_091058_FCVBUY,eval
20260717_091315_DFPRMC,train
20260717_091807_YSQYNB,train
20260717_092219_RDTKGR,train
20260717_092753_VXPMKB,train
20260717_093258_JXLAVX,train
20260717_093339_HAMKUH,train
20260717_093404_GVHZCV,train
20260717_094231_SQUZBZ,train
20260717_094345_ZWBJBG,train
20260717_095017_KWBPJV,train
20260717_095343_HQTHNK,train
20260717_095650_QNYAJD,train
20260717_095824_UEYMUK,train
20260717_095950_XSGMCQ,train
20260717_095954_UFSLVE,train
20260717_100140_YVQZYF,train
20260717_100447_LEMVBS,train
20260717_100919_XWYYLU,train
20260717_101104_XXDHJP,train
20260717_101134_SPBXND,eval
20260717_101318_ATQUFP,train
20260717_101508_JVUFJF,eval
20260717_102307_XLAALJ,eval
20260717_102312_YPWMGR,eval
20260717_102348_ARXLBD,train
20260717_102617_AKMRHZ,train
20260717_102850_PCTDJT,train
20260717_103005_QHKVEL,train
20260717_103648_YLXMWH,train
20260717_103825_NPXPNS,train
20260717_111048_AKZKKR,train
20260717_112231_VBGAWH,train
20260717_112533_JTHBEV,eval
20260717_113102_BZUPVF,train
20260717_113817_PNFXXE,train
20260717_113955_SZRYVJ,train
20260717_114831_CLTYQU,train
20260717_114904_QWYQGB,eval
20260717_115051_WNVXKX,train
20260717_115345_SBBYBB,train
20260717_115805_VYTPMY,train
20260717_120326_WDCMNT,train
20260717_120725_NYNZXG,train
20260717_121447_PCDCVK,train
20260717_121830_TXLYKK,train
20260717_123416_JTKNWP,train
20260717_124401_MZWQUA,train
20260717_124931_QAYRXJ,train
20260717_125541_BKEDEX,train
20260717_130036_VLKWXP,eval
20260717_130642_YTVGCH,train
20260717_131336_SLQDAZ,train
20260717_133435_KPBZBF,train
20260717_133604_QTXFTE,train
20260717_141153_YVQQWL,train
20260717_144029_WKKABY,train
20260717_150749_LZWAQA,eval
20260717_160406_XGSUND,train
20260717_214625_SQUGPP,train
20260717_225523_BYFANT,train
20260717_235646_ZKFVKL,eval
20260717_235658_HWKZNA,train
20260717_235952_JJJBER,train
20260718_000041_NNBHZJ,train
20260718_000613_UAKMDM,train
20260718_000716_WYJLQJ,train
20260718_000755_FGEEPW,train
20260718_000831_MDTVQA,train
20260718_000900_LNGAQM,train
20260718_000947_VTAVNT,train
20260718_001005_FXUSZH,train
20260718_001122_NSYHUB,train
20260718_001213_BNZKMW,train
20260718_001705_SGMEUN,train
20260718_002154_NTYFDV,eval
20260718_002305_PQWSFM,train
20260718_002750_KTLBVY,train
20260718_002902_MTGTPW,train
20260718_003138_XUFSDW,train
20260718_003236_AFSZGP,train
20260718_003553_VDXCCK,train
20260718_003606_QRUYKP,train
20260718_003708_YXKHSA,train
20260718_004120_ZKYPUF,train
20260718_004253_AMZYEW,train
20260718_004737_WWUUNY,train
20260718_004758_TXTVUD,train
20260718_005042_WTHKJC,train
20260718_005044_XKQLYZ,eval
20260718_005736_JKSKKM,train
20260718_005905_FSXEYB,train
20260718_010137_PBXGWS,train
20260718_010238_FJDHDC,train
20260718_011059_RUSFPV,train
20260718_011155_ASSKVM,eval
20260718_011305_VYVMJU,eval
20260718_011406_PWBLQJ,train
20260718_012259_LSLPWU,train
20260718_012414_RRKQYS,train
20260718_012436_LMMVDH,eval
20260718_012723_ZKDBCG,train
20260718_012913_GRWVYE,train
20260718_012916_VALGDP,eval
20260718_013300_FCCLQW,train
20260718_013901_TPEQPD,train
20260718_014917_GWBPAU,train
20260718_015000_WHKEWM,train
20260718_015044_ERABVD,train
20260718_015246_SMTEAJ,train
20260718_015438_DKVPZU,train
20260718_015505_MWQCWR,train
20260718_015807_UUULGB,train
20260718_020159_VRQSRW,train
20260718_020719_DBKAZB,train
20260718_021342_RLSHQY,train
20260718_021350_WPZZXT,train
20260718_021449_ZYVDYE,train
20260718_021834_JUABLG,eval
20260718_021839_NRJCJF,train
20260718_022156_TVLCLQ,train
20260718_022218_KLFRQP,train
20260718_022437_LFQHEF,eval
20260718_023054_WKZZBU,train
20260718_023515_YDVWKG,eval
20260718_023702_YTWJWN,train
20260718_023758_TAWRJW,train
20260718_023810_GCBTAF,train
20260718_024203_QCURRA,train
20260718_024245_TUPLPU,train
20260718_024411_KUNQQV,train
20260718_024514_BWWYDC,train
20260718_024931_CXNZSA,train
20260718_024938_NMVMJP,train
20260718_024951_CPMCEA,train
20260718_025008_ZMQXAQ,train
20260718_025213_BYNNQD,train
20260718_025314_LYSMER,eval
20260718_025414_ADYQCY,train
20260718_030209_RNMCDM,train
20260718_030648_UJSLER,train
20260718_030702_QBCCQZ,train
20260718_031747_PRRCTB,train
20260718_031748_CCWJJF,train
20260718_031918_ZHHMTM,train
20260718_032402_QXPBZC,train
20260718_032656_QCYCJY,train
20260718_032701_WFTGNP,train
20260718_032839_CZAVKD,train
20260718_034343_GLXWRG,train
20260718_041536_GEBVUK,train
20260718_042755_THBCDW,train
20260718_043035_KKKMJP,eval
20260718_043300_UYHGDZ,train
20260718_043739_QEWZQS,train
20260718_044505_MRLLUH,train
20260718_044800_EMRXYW,train
20260718_045232_VNYKBQ,train
20260718_045245_HKUGEH,train
20260718_050002_ZESNPM,train
20260718_050225_UYYWQR,eval
20260718_050700_UDXSAY,train
20260718_050837_EQKQEV,train
20260718_051416_FECPWM,train
20260718_051635_RHRFSH,train
20260718_051718_BEPMJU,train
20260718_052414_TEWXWF,eval
20260718_053150_VBXGNN,train
20260718_053318_NGBLWC,train
20260718_053558_NVEGCG,train
20260718_053700_GGDQAU,train
20260718_054528_KYQPRY,train
20260718_054636_CLEDYU,train
20260718_054715_EBFLYT,train
20260718_054723_USHMXP,train
20260718_054956_SAHVVG,train
20260718_055250_GHYVWQ,train
20260718_055432_ESACZS,train
20260718_055700_PREFKT,train
20260718_060033_MNNVPW,eval
20260718_061238_UDEGQU,train
20260718_061731_TQBWBV,train
20260718_061934_MCPEJL,eval
20260718_062224_HNCBPE,train
20260718_062225_ELYHNF,train
20260718_062236_GQPQPJ,eval
20260718_062236_ZPFFUS,train
20260718_062338_QDLZNY,train
20260718_062535_EFPCGH,train
20260718_063700_UTKPJT,train
20260718_063712_YFRTDE,train
20260718_064216_DUSPQK,train
20260718_065300_VSBDAN,train
20260718_065402_VWQKSN,train
20260718_065845_PBQVRN,train
20260718_070725_ATVGPQ,train
20260718_071017_AGZXEF,train
20260718_071224_TGNKEA,train
20260718_071325_BLRGSZ,train
20260718_072315_XYYBCL,train
20260718_072422_LVTKRG,train
20260718_073008_XMLBKA,train
20260718_073313_YLYFCL,train
20260718_073528_DZZUUD,train
20260718_074129_VMZGGM,train
20260718_075334_QLLWLB,train
20260718_075738_QCWTYP,train
20260718_080611_SKKGMT,eval
20260718_081015_KEYQRF,train
20260718_081407_CEKLDR,train
20260718_082345_FGXNMP,train
20260718_082433_DWDWZV,eval
20260718_083146_UWTQVM,train
20260718_083147_SYSSAG,train
20260718_083835_TRVGZH,train
20260718_084222_YRYQEX,train
20260718_084300_WNKGMY,train
20260718_084752_BSVQGR,train
20260718_090156_AGHXPQ,train
20260718_090201_RHGLHT,train
20260718_092323_QMYZKP,train
20260718_092554_ETMJFU,train
20260718_093009_EQAUKX,train
20260718_094624_JDRZRU,train
20260718_094855_ADDADC,train
20260718_095054_PKXUYA,train
20260718_100101_YWJYKP,eval
20260718_100939_NDCGHM,train
20260718_101515_FYYLDC,train
20260718_102528_STYYQU,eval
20260718_102731_NBLBRM,train
20260718_103144_ZHSMNX,train
20260718_104427_KTSZNN,train
20260718_104649_ZQWZUP,train
20260718_105829_CGBJJG,train
20260718_110110_TMQXSQ,train
20260718_110625_ZTQRBM,train
20260718_111750_LUDEFN,train
20260718_112455_JTZQFF,train
20260718_113700_VUMVQH,eval
20260718_115001_ZDNYAV,train
20260718_120121_HWSNCY,train
20260718_120203_AWHAAM,train
20260718_123234_BKAVWW,eval
20260718_125845_RURBSR,train
20260718_130601_YMVRDK,train
20260718_130948_ZTFYZE,train
20260718_131354_BSXBZL,train
20260718_132901_ZNXSBR,train
20260718_135108_SZPWMT,train
20260718_140853_DSNFQS,train
20260718_141858_DNUGVJ,train
20260718_142744_DEEKDX,eval
20260718_145059_MAWKNC,eval
20260718_150838_EJJWWL,train
20260718_214601_GYLSNS,train
20260718_223125_KWPQAG,train
20260718_230955_BMPSET,eval
20260718_232951_ZMUTEV,train
20260718_233443_YEYXTL,eval
20260719_000139_CKRCHV,train
20260719_000308_SESTHN,train
20260719_001315_HJKAUV,train
20260719_001315_HRNTHU,train
20260719_001724_QEMSWQ,train
20260719_001726_AHXSKD,train
20260719_002101_KVUAVL,train
20260719_002720_UAQLVB,train
20260719_002915_TMXEFH,train
20260719_003058_VMTUPD,train
20260719_003256_ZPUBNV,train
20260719_003757_EHKDDL,train
20260719_003906_MTWQZT,train
20260719_004017_RWFDTP,train
20260719_004026_NFHNHS,eval
20260719_004115_KZCKYB,train
20260719_004202_QUPFLK,train
20260719_005030_BPYNNB,train
20260719_005511_KNEFVC,train
20260719_010259_EJDEYR,train
20260719_010635_SZUMLJ,train
20260719_011316_JUYAYU,train
20260719_011409_XVZEKN,eval
20260719_011734_MPHPDB,train
20260719_011819_JELXHN,train
20260719_012329_QEHRVS,train
20260719_013236_FDHUMH,train
20260719_014323_AAGBTP,eval
20260719_021000_BKNSHD,eval
20260719_021004_LTJZJT,train
20260719_021005_UWKNDR,train
20260719_021106_PNFAHQ,train
20260719_021223_THMGWD,train
20260719_021351_BLYSGD,eval
20260719_021615_FWLFTV,train
20260719_022227_FPALSC,train
20260719_022321_ASVBXZ,train
20260719_022329_XHWXUT,train
20260719_022425_ZKXJEQ,eval
20260719_022736_GESKKP,eval
20260719_023824_EXEWJY,eval
20260719_024004_GKSQKR,train
20260719_024456_BUEQJB,train
20260719_025634_CZXVAX,eval
20260719_030230_CQNFLM,train
20260719_030424_DNRMBR,train
20260719_030839_TQCATD,train
20260719_031427_XCCXQT,train
20260719_031434_GWEHFE,train
20260719_032029_FRYVXX,train
20260719_032439_JYECPV,train
20260719_032732_FDLNEA,eval
20260719_033518_JYBHGU,train
20260719_034024_FYHZSE,train
20260719_034346_RSRNGP,eval
20260719_034427_CZFHWS,train
20260719_040016_EDMHHB,train
20260719_040546_UGWRRJ,eval
20260719_044230_ZQNVCV,eval
20260719_044715_NLBYNZ,eval
20260719_045934_MLALKT,eval
20260719_045936_FBBTQE,train
20260719_045949_EXRQDW,train
20260719_050125_JZUKZQ,train
20260719_051100_ESNYEF,train
20260719_051630_VEVZKA,train
20260719_051647_XXHNVQ,train
20260719_053107_BXKXKB,train
20260719_053636_EQEJAS,train
20260719_054204_KQMRQJ,train
20260719_054407_LRDYQB,train
20260719_054757_TLANTW,train
20260719_055337_BEZLDP,train
20260719_055703_GVRBCR,train
20260719_060135_SLSRRP,eval
20260719_060238_APNFAW,train
20260719_060320_GPDQMS,train
20260719_061013_RLDFEU,train
20260719_061136_SDLNVB,train
20260719_061139_PUGWEW,eval
20260719_061607_WKGBKE,train
20260719_061659_VSGXVW,train
20260719_061708_DYPBQL,train
20260719_062333_GPZPDM,train
20260719_064526_YGWGXE,train
20260719_064838_PFHYEK,train
20260719_070417_SZSDHY,train
20260719_070942_TVNSVP,train
20260719_071021_AGDATA,train
20260719_071156_MXNRXU,train
20260719_071301_DDNMLN,eval
20260719_071544_GWYUTJ,eval
20260719_071700_PETZZX,eval
20260719_072311_VRDDSB,train
20260719_072353_EPXXZX,train
20260719_072643_ECCSQN,train
20260719_072657_FHVTKU,train
20260719_073516_KEBTXE,train
20260719_074108_UPBRTP,train
20260719_074316_NAQUFW,train
20260719_075303_DBGVRR,eval
20260719_075439_ZRNEUN,train
20260719_080624_RMZTMX,eval
20260719_081057_XWVAZW,train
20260719_081818_JBDLWH,train
20260719_082331_XMXHVN,eval
20260719_083033_QMKYGA,train
20260719_083551_TBGQYE,train
20260719_084013_AQZGPE,train
20260719_084519_RBPHNZ,eval
20260719_090046_GRVLLE,train
20260719_091638_NDEMHT,train
20260719_091921_BJSYSG,train
20260719_092257_BQWCLC,train
20260719_094126_XSZLAL,train
20260719_094403_YTYYCJ,train
20260719_094743_KDKKNR,train
20260719_095612_PYEHQQ,train
20260719_095653_ADMBTL,train
20260719_100225_LJHAXL,train
20260719_100824_QBRQCA,train
20260719_100912_HTNMLX,train
20260719_101908_MKZHHG,eval
20260719_103913_KSLNCL,eval
20260719_110349_MFAVNV,train
20260719_113209_JUWFXJ,train
20260719_113248_EXWTJN,eval
20260719_113359_DWQNQA,train
20260719_114008_GBQFKD,train
20260719_114654_HFFBUS,train
20260719_120639_CHKAWU,train
20260719_123224_PYPGCW,train
20260719_131455_DANGHD,train
20260719_132102_BFPWGJ,train
20260719_141033_AQERHJ,train
20260719_144239_EEJHUT,train
20260719_153143_JKBKMC,train
20260719_171930_SLCCJU,train
20260719_182019_DGTNCW,train
20260719_182509_HMEMUG,train
20260719_193908_UNZFYY,train
20260719_200849_BHQLTA,train
20260719_215217_LTFBYQ,train
20260719_224417_RKPUKZ,train
20260719_225026_ZXYMXQ,train
20260719_230221_NWNQAW,eval
20260719_233739_GJYHZX,train
20260719_234654_FFLJVB,train
20260719_234814_VZVXDW,train
20260719_235609_DPBNLL,train
20260719_235617_REVPLP,train
20260720_000649_NBZLKH,train
20260720_000652_NNQZDK,train
20260720_000746_LFAHTU,train
20260720_000852_RBPGAR,eval
20260720_001249_UGVJWP,train
20260720_001756_KYDMYT,train
20260720_002706_GKYYDT,train
20260720_002756_PQLPQX,train
20260720_002832_MJSETY,train
20260720_002919_TJBKWX,train
20260720_003003_ZYXCRN,train
20260720_003354_BZRTYX,train
20260720_003653_KFKYNF,train
20260720_003758_UUNZLS,eval
20260720_003837_FQCWXH,train
20260720_003900_UNSGQV,eval
20260720_004053_WCTCUH,train
20260720_004817_MHBFPU,train
20260720_005144_FGFTGJ,eval
20260720_005517_DZPLAN,train
20260720_005614_HLSFGZ,train
20260720_005857_BPQPDK,train
20260720_010139_EACMPM,train
20260720_010217_DMBUFV,train
20260720_010300_UQEDXU,train
20260720_010305_ZDKTDE,train
20260720_010328_RRZWRL,train
20260720_010353_NFFDYT,train
20260720_011157_WJSPGS,train
20260720_011338_BHJSSX,train
20260720_011408_GZYZWB,train
20260720_011902_XEMGPR,eval
20260720_012206_DWDUKX,train
20260720_012244_SPDACQ,train
20260720_012702_FUUFSE,train
20260720_012724_SPZRSB,train
20260720_012837_PKPZFP,train
20260720_013010_QVFEBA,eval
20260720_013453_HZPGGF,train
20260720_013914_XAHHWD,train
20260720_014005_LDRCUN,train
20260720_014020_JJHBLT,train
20260720_014627_AXHXGB,train
20260720_020033_NHZDDC,train
20260720_020303_PRJXDH,train
20260720_020556_MFXBMU,train
20260720_020859_DPKSRA,train
20260720_021036_VYRJTB,eval
20260720_021303_NZBWKT,eval
20260720_021333_YHFZCK,train
20260720_021928_TWEJFX,train
20260720_022052_JNDUSP,eval
20260720_022303_BJRSNW,eval
20260720_022638_AZLDXP,train
20260720_022816_JNSRFU,train
20260720_022839_ZVLFVD,train
20260720_023127_TMTUAC,train
20260720_023130_UYMHFT,eval
20260720_023633_SCESNV,train
20260720_024136_YWENKE,train
20260720_024437_WWUNKA,train
20260720_024812_YXBFMD,train
20260720_025020_JNRFLP,train
20260720_025212_GFBWBX,train
20260720_031024_VZXBNG,train
20260720_031046_MLHDFT,eval
20260720_031230_XUQGHL,train
20260720_031233_ZGWLFB,eval
20260720_031959_VUWRVV,train
20260720_032432_VGKDLT,train
20260720_032728_VANWCP,train
20260720_033009_GARKHP,train
20260720_033852_RKBMAJ,train
20260720_033858_YKBLFZ,eval
20260720_035135_USZBRM,train
20260720_035625_SLZZEP,train
20260720_035959_WJZGUC,train
20260720_040126_YEHBNR,train
20260720_040147_FHXLST,train
20260720_040748_FRQANE,train
20260720_041906_EGUSFT,train
20260720_043130_NTSDZG,train
20260720_043136_DVTJUC,train
20260720_043617_JKGNKC,train
20260720_044131_FLNXRS,eval
20260720_044426_CRGRSA,eval
20260720_044913_TVDBBS,train
20260720_045037_BXJYUD,eval
20260720_045507_YNJTQD,train
20260720_045552_RDVBPA,train
20260720_045618_GRGKMC,train
20260720_045701_JFKWHC,eval
20260720_045910_TUAPMB,eval
20260720_050332_PYZVWW,train
20260720_050622_BAPJKW,train
20260720_050949_BMJTKJ,train
20260720_051047_NFZAXB,train
20260720_051112_ZVEWHN,train
20260720_051805_JKRKCK,eval
20260720_052713_RCGMXQ,train
20260720_052938_QRDVHP,train
20260720_053153_PXJFMM,train
20260720_053439_FAKVQU,train
20260720_053719_RJSXLS,train
20260720_053805_VMCTYT,train
20260720_054115_FTNCVE,train
20260720_054210_LDHZWK,train
20260720_054920_GZLHGN,train
20260720_055042_BMAUQW,train
20260720_055246_MVGXLZ,train
20260720_055701_TZHMEU,train
20260720_055949_JCLQAQ,train
20260720_060041_WQBSAC,train
20260720_060044_GPNLAM,train
20260720_060126_QWFKTH,train
20260720_060155_JCLHMA,train
20260720_060503_XGRPPP,train
20260720_060543_QPEDQQ,train
20260720_060818_SGUXEN,train
20260720_061203_CYTFSR,train
20260720_061434_VCKCKN,eval
20260720_061703_AXJBWA,train
20260720_061735_SXETQU,train
20260720_062210_GQMZQM,eval
20260720_062309_ZJTKMF,eval
20260720_063306_ZUTGPW,train
20260720_063429_BPYSKC,train
20260720_063933_TDCQJY,eval
20260720_063935_BHAZTY,train
20260720_064026_QLBMQN,train
20260720_064811_JABZRL,train
20260720_064940_AWLSQD,train
20260720_065149_AJVXZH,eval
20260720_065202_SLVFVX,train
20260720_065853_HWGEDU,eval
20260720_070024_HLFHHC,train
20260720_070507_DQZGQN,train
20260720_070644_BQDQGA,train
20260720_070817_SYHHEC,train
20260720_071211_RNQRPN,eval
20260720_071541_SQSSYL,train
20260720_071641_YSTMDE,train
20260720_072119_LZADUB,train
20260720_072235_PXYNGR,train
20260720_072908_BSDPNG,train
20260720_073754_HQTLVR,eval
20260720_073829_NSLEQT,train
20260720_074545_SLHKRH,train
20260720_074845_PVRVUD,train
20260720_075603_MCSQAH,train
20260720_075648_PEYXHC,eval
20260720_075727_XANWCA,train
20260720_080245_BBKGHQ,train
20260720_081148_TCABUV,train
20260720_081439_CXDBLY,train
20260720_081855_DNQVGT,train
20260720_082259_PNPGKP,train
20260720_082709_HBQSAK,train
20260720_083450_ATAJTR,eval
20260720_083657_SUDNVS,train
20260720_084015_VBHMQJ,train
20260720_084940_BAPVLU,train
20260720_085824_BHWUHG,train
20260720_090149_GDJQZQ,train
20260720_090758_QKWKFF,train
20260720_090901_DNMEXK,train
20260720_091145_MDTBGX,eval
20260720_091610_NHWNPZ,train
20260720_091752_VWVRUD,train
20260720_091938_KXJEQH,train
20260720_092322_SNBPPW,eval
20260720_092934_TVYAUW,train
20260720_093449_YATGBJ,train
20260720_093606_SZBSPT,train
20260720_094643_KBXAWM,train
20260720_094729_QJFRQT,train
20260720_095217_PVMNLP,train
20260720_095502_QHGLDK,train
20260720_095911_HFFEKY,eval
20260720_100504_SRBPDJ,eval
20260720_100937_VVBFHC,train
20260720_101004_PRFPUA,eval
20260720_101106_DTJEUU,train
20260720_101135_YWWZQW,train
20260720_101937_GYTAXT,train
20260720_102257_CDXNVY,train
20260720_102843_CGKTBM,train
20260720_102858_PVQGZT,train
20260720_103301_SCGSKS,train
20260720_103503_TDJNDQ,train
20260720_111614_TKLVNN,train
20260720_113501_UKSWVN,train
20260720_114142_JSRHDS,eval
20260720_120108_ASGTBT,train
20260720_123224_QMRGHT,train
20260720_125218_JFXNPM,train
20260720_125221_LURHXX,eval
20260720_125607_LSFSYU,train
20260720_130150_WYHNJL,train
20260720_130242_XJZEWV,train
20260720_131009_BQHFLL,train
20260720_132209_ABLTBM,eval
20260720_133123_TCFDSH,train
20260720_134309_UYSTGH,train
20260720_135010_TBEHZT,train
20260720_140402_MEVGZZ,train
20260720_141144_QKFCWL,eval
20260720_141613_VNCFJU,train
20260720_142050_CDJHJD,eval
20260720_142228_AYNYWD,train
20260720_142617_EKDYGC,train
20260720_143737_NRBFZC,train
20260720_144235_CAUEMC,train
20260720_150613_ZDFTDW,train
20260720_162648_CKEAXR,train
20260720_171710_EVRNZG,train
20260720_224516_JZKGYM,train
20260720_225446_EYEULX,train
20260720_231119_BXJFEB,train
20260720_232109_JGWVJZ,train
20260720_233011_DFCPHA,train
20260720_235101_AVJQUC,train
20260720_235443_CALTGV,train
20260721_000018_VEZXWT,train
20260721_000257_ZNSRYZ,train
20260721_000431_SNFCSJ,train
20260721_000902_XVKHCM,train
20260721_001306_XMJVKP,train
20260721_001411_DFLEPJ,train
20260721_001742_SFERVE,eval
20260721_001912_FSHERN,train
20260721_002022_FUVMHD,train
20260721_002536_ZTKQSJ,train
20260721_002658_FNTZTH,eval
20260721_003619_JQFSTY,train
20260721_003706_JCGCPD,train
20260721_005255_QABAAG,train
20260721_005832_VSXZKC,train
20260721_010000_MANCKQ,eval
20260721_010156_XYRQUC,train
20260721_011603_RXSYRA,train
20260721_012045_YRSNLV,train
20260721_013009_QMYDKD,eval
20260721_013049_MCKUUB,train
20260721_013422_EYAVVV,train
20260721_013826_BCNDFF,train
20260721_013925_AJPSUM,train
20260721_013938_LRFWHY,train
20260721_014311_JENKDN,eval
20260721_015347_ARGUTC,eval
20260721_015758_MUXRYF,train
20260721_015814_NKSTVR,train
20260721_020129_FJAKSA,train
20260721_020131_ABHACD,train
20260721_020424_CDMWMR,train
20260721_020829_UNVJJV,train
20260721_020925_VERRHV,train
20260721_021035_PSFHEL,train
20260721_021132_SMBHWF,train
20260721_021315_KSEPEA,train
20260721_021337_EZTFCE,train
20260721_021624_EDDXGD,train
20260721_021626_XYCTGU,train
20260721_021653_TXBEYZ,train
20260721_021901_LSDMSN,train
20260721_021920_YGTJZC,train
20260721_022117_VYJXVD,train
20260721_022213_UQNYCL,train
20260721_022303_XLBCNT,train
20260721_022518_QQJYVE,train
20260721_022636_DCDMED,train
20260721_022752_WRNKMF,train
20260721_023559_BPEABC,train
20260721_024043_EKTUZT,train
20260721_024228_NHDXUF,train
20260721_025448_NBCFWM,eval
20260721_030027_WRCAPV,eval
20260721_030240_RWBEVS,eval
20260721_030908_PLWKAH,train
20260721_031045_HZSHDH,train
20260721_031138_JUFJDR,train
20260721_031213_AHUPMD,train
20260721_031321_RLKHKJ,train
20260721_031354_ACXQSJ,train
20260721_031502_NXRMWK,eval
20260721_031515_HELKBG,train
20260721_031607_YRKGAG,train
20260721_031612_BHXVMJ,train
20260721_031934_BKWKQB,train
20260721_031949_RQHJXG,train
20260721_032211_EFHDGB,train
20260721_032353_PWPARP,train
20260721_032357_PGUAEX,train
20260721_032622_CWBZSR,train
20260721_032701_RALGDY,train
20260721_032907_WWWWQH,train
20260721_033433_RPMSUD,train
20260721_033604_TXVRFD,train
20260721_033940_UFAQQH,train
20260721_034408_AVHDAZ,train
20260721_034808_YGGNYB,train
20260721_035122_SPPYWE,train
20260721_035655_YDYNWB,train
20260721_040059_XCWSCF,train
20260721_040144_LSVZCV,train
20260721_040729_ZSPADY,train
20260721_040919_SMVVUG,train
20260721_041511_NELETD,eval
20260721_043004_BMMSKJ,train
20260721_043122_PVUMAK,eval
20260721_043413_DGNAVE,train
20260721_044352_NNRYUH,train
20260721_045312_JPCTPH,eval
20260721_045318_MLMPWK,eval
20260721_045320_TCGFCJ,eval
20260721_045934_CGKRFV,train
20260721_050042_MWVRBH,train
20260721_050221_YJEJAB,train
20260721_050500_RCTPKR,train
20260721_050606_HWXNFT,eval
20260721_050737_GHWVRC,train
20260721_051127_EDPARJ,train
20260721_051152_UCYGLZ,eval
20260721_051242_VBJXDC,train
20260721_051409_MXTNUD,train
20260721_052144_QWALLY,train
20260721_052217_XCYMZG,train
20260721_052342_EJPLDM,train
20260721_052647_HUEEXS,train
20260721_052912_UFDPSS,train
20260721_053009_PXTCAM,train
20260721_053404_HZJMXP,train
20260721_053426_PNREDK,train
20260721_053844_FVLKQB,train
20260721_054053_ZRHPXD,train
20260721_054116_HLNWFB,train
20260721_054212_YQEYRQ,train
20260721_054307_JNDUCD,train
20260721_054431_HSZLFS,train
20260721_054511_PTKQRW,train
20260721_054641_UFTMUV,train
20260721_054917_TRLQQV,train
20260721_054936_HCXLXX,train
20260721_055121_RHXZDS,train
20260721_060000_BYKEUY,train
20260721_060002_ZXFEZQ,eval
20260721_061403_BAZMDP,train
20260721_061719_ABSXZT,eval
20260721_061821_TCEFCR,train
20260721_062727_SMHLGR,train
20260721_063109_XWQMZM,eval
20260721_063116_UNKNPG,train
20260721_063135_ZKGHTJ,train
20260721_063226_QGGPLQ,eval
20260721_064813_VTMSFR,train
20260721_064939_LFWYUJ,train
20260721_064944_XVABZZ,train
20260721_065206_KXSTGR,train
20260721_065257_HHMYVX,eval
20260721_065428_RHWSAR,train
20260721_065652_TGZTPD,eval
20260721_070438_FUXTBW,train
20260721_070721_MZXBNH,train
20260721_070903_VRTQAM,train
20260721_070930_APHDDV,train
20260721_071200_YBJMTY,train
20260721_071313_TJXNGQ,train
20260721_072339_JMGJVW,train
20260721_072751_MZCRTZ,eval
20260721_073117_RFDSGJ,train
20260721_073243_TAGXSH,train
20260721_073411_WXCWHG,train
20260721_073506_TMXWAH,eval
20260721_073814_GXNGQB,train
20260721_073843_YGDTKA,train
20260721_074400_TCCUNS,train
20260721_074452_NMXKLE,train
20260721_074545_VWCSND,train
20260721_074549_SSZUNS,train
20260721_074735_UZBAWT,eval
20260721_074950_AAJWXA,train
20260721_075228_XBAZKD,eval
20260721_075247_PVMLCR,train
20260721_075649_BMHAMS,eval
20260721_075850_ZUFSZR,eval
20260721_080045_QFMZVC,eval
20260721_080338_BEYCVA,train
20260721_080357_AFJAQG,train
20260721_080415_VMDGCA,train
20260721_080558_MSYGQA,train
20260721_080638_JMNTHN,eval
20260721_080648_URFFTC,train
20260721_080946_KUMNPZ,train
20260721_081323_AYGALY,train
20260721_081323_YPLGZJ,train
20260721_081456_NWDAHR,train
20260721_081843_CRSRBK,train
20260721_082901_GLYYNY,train
20260721_083112_LLUSRR,train
20260721_083726_KQTYYS,train
20260721_083753_FMKAQZ,train
20260721_084055_HNXQZR,train
20260721_084539_ENTHKV,eval
20260721_084550_BDCERU,train
20260721_084822_ZGEEXP,eval
20260721_085023_NTHURG,train
20260721_085743_CJYGEG,train
20260721_085919_BJNVKW,train
20260721_090242_GSDDFG,train
20260721_090518_LBHTPM,train
20260721_090759_BDSZLW,eval
20260721_090806_GHQKHM,train
20260721_090835_EBUWXY,eval
20260721_091923_TSKUZF,eval
20260721_092047_NGTGWE,train
20260721_092301_ZSKRPE,train
20260721_092423_LKPALH,train
20260721_093057_EMUJTT,train
20260721_093917_ZMLXFE,eval
20260721_094428_ALLLCH,train
20260721_094615_YZGRVX,train
20260721_094727_CQARVV,train
20260721_095138_SVLFLF,eval
20260721_095710_ZHKRBK,train
20260721_095903_RAWNNB,eval
20260721_100855_HLKSWL,train
20260721_102307_VDGXAQ,train
20260721_102651_CZBWQK,train
20260721_102925_WPHGCL,train
20260721_103005_WWCZXZ,train
20260721_103921_RPXWMD,train
20260721_105154_UZUCUE,train
20260721_105253_JVYSLU,train
20260721_105304_TYJLLG,train
20260721_113157_PNWBAP,train
20260721_114850_SEVVVC,train
20260721_120431_BECSTV,train
20260721_120537_UVZKDX,eval
20260721_120842_FDECCN,train
20260721_120935_QXTUGW,eval
20260721_121059_QJUVQW,train
20260721_123001_SSKBSP,train
20260721_131633_YLHBMD,train
20260721_132848_ASNUMG,train
20260721_134720_GNAKZV,eval
20260721_141510_QAUNTM,train
20260721_142637_FBCTRN,eval
20260721_151948_VWPDLP,train
20260721_152405_XGUFQC,train
20260721_153021_VCPDXE,train
20260721_154408_CJPXDR,train
20260721_180919_JCUVEP,train
20260721_185519_EYGHPA,train
20260721_210919_VURHHY,train
20260721_214539_CMVMAC,train
20260721_221312_PXQUBG,train
20260721_223321_LAWSQD,train
20260721_223402_PWQRQY,train
20260721_224745_HQRZFG,train
20260721_230958_YBGRZZ,train
20260721_233122_HAUEWC,train
20260721_233949_BXWFXE,eval
20260721_234317_SJQLTW,train
20260721_235722_HRZWXK,train
20260721_235801_XYGKHF,train
20260722_000026_HQULSD,train
20260722_000414_JWLDEG,train
20260722_000427_TSRDSJ,train
20260722_000617_AFSPEK,train
20260722_000805_NEDGSZ,eval
20260722_000835_RLFXZC,train
20260722_000955_PCQBFT,train
20260722_001103_XJZURD,train
20260722_001209_QFUHTD,train
20260722_001253_CUQKDP,train
20260722_001603_NVECDZ,train
20260722_001722_NALEFZ,train
20260722_001831_VLVXKZ,train
20260722_001911_QJHYBG,train
20260722_001922_TMKKVY,eval
20260722_002006_RRWBKK,train
20260722_002011_FTDPWN,eval
20260722_002029_DJGMSJ,train
20260722_002145_YEZDMA,train
20260722_002158_LTBYHD,train
20260722_002207_JBCJAU,train
20260722_002212_ZVPFEK,train
20260722_002501_MBMVRU,train
20260722_002615_TBRQXN,eval
20260722_002716_QYTZGF,train
20260722_003114_BFLLDT,train
20260722_003336_VEDECV,eval
20260722_003513_LUNLDV,train
20260722_003825_ZXNMXB,train
20260722_004007_JCUMDB,train
20260722_004055_DDUVLE,train
20260722_004121_VXGCJU,train
20260722_004237_FPBHDM,train
20260722_004556_VPDWGM,train
20260722_005210_TNSMWC,train
20260722_005437_MRKGRM,train
20260722_005536_YEWWZM,train
20260722_010618_KZQRZB,eval
20260722_010631_UWDMGY,train
20260722_010736_BBWMPZ,train
20260722_010738_YTPNXU,train
20260722_011031_UQGMBS,eval
20260722_011631_KAXSKZ,eval
20260722_012050_KFLBPQ,eval
20260722_012129_FKMKSB,train
20260722_012220_KQKHXL,train
20260722_012550_AXGJRF,train
20260722_012823_GCHNKG,train
20260722_013228_XVFQKT,train
20260722_013558_XPKGPT,eval
20260722_013659_AXTPFD,train
20260722_013913_VYXJRN,train
20260722_014216_ATEUWV,eval
20260722_014636_ULTKDV,train
20260722_014917_QVVGPC,eval
20260722_015243_TFJNUE,train
20260722_015346_FTVHJF,train
20260722_015438_RTFDVE,train
20260722_020032_SHQJMQ,train
20260722_020207_XACYBN,train
20260722_020351_HQQUJW,train
20260722_020708_ALPHSJ,train
20260722_020737_KDADEC,train
20260722_021156_XCDZXZ,train
20260722_021204_MUEZPQ,train
20260722_021710_LHBDZW,train
20260722_022433_YKRPNE,train
20260722_022520_BDNVAX,eval
20260722_022609_BVRCYF,eval
20260722_022809_DYKRDG,train
20260722_023253_AELFUK,train
20260722_023307_TZSKCA,train
20260722_023415_MTCEAG,train
20260722_023830_UWMEGS,train
20260722_024101_KRBYCU,eval
20260722_024927_DVDCCK,train
20260722_025430_RNUJTN,eval
20260722_025512_BFGPGQ,train
20260722_025606_EERZQN,train
20260722_025850_KNYEGG,train
20260722_025918_TQELNK,train
20260722_025940_FDGZDP,train
20260722_025949_FZGUPH,train
20260722_030149_KRNGTX,train
20260722_030526_ZLJUAD,eval
20260722_030832_MENNQU,train
20260722_031211_BEQVHG,train
20260722_032216_TRJRSG,train
20260722_032549_JTBBVG,eval
20260722_033222_DKGYVE,train
20260722_033415_JYLCLJ,train
20260722_034442_YJQUZM,eval
20260722_035001_KGCGJE,eval
20260722_035502_VMGQZC,train
20260722_041220_DSJFHX,eval
20260722_043206_FGLNRG,train
20260722_043619_AMKPPE,eval
20260722_043847_UGDYNT,eval
20260722_044048_UTARLF,train
20260722_044235_BAXMZQ,eval
20260722_044758_LWTCXG,train
20260722_045133_JYKXCK,train
20260722_050245_YXDMVK,train
20260722_050519_LFTVXB,train
20260722_050627_DWNRWA,eval
20260722_050728_JENYNN,train
20260722_050746_UYRLXK,eval
20260722_050838_QAMNBE,train
20260722_051058_NPMSLM,eval
20260722_051102_NXKLJA,eval
20260722_051123_TTLPJD,train
20260722_051241_TUAQBL,train
20260722_051427_NJLCPP,eval
20260722_051720_YGVBYE,eval
20260722_052057_CTXUEX,train
20260722_052438_LATNQP,train
20260722_052713_DQTAGR,train
20260722_052930_HFUJJA,train
20260722_053319_JGHLEG,train
20260722_053525_HKWCVE,train
20260722_053924_VLBGKF,train
20260722_053933_QQPYDR,train
20260722_054025_BYLGHL,train
20260722_054257_KAAJTS,eval
20260722_054349_NCLMUM,train
20260722_054356_BGBNJR,eval
20260722_054636_UDTQTV,train
20260722_054911_REPQWE,train
20260722_055105_ZYGHYV,train
20260722_055503_AJBXEV,train
20260722_055503_DVYGWX,train
20260722_055545_TBPNPH,train
20260722_055604_MZNQSW,train
20260722_055625_AKTAKW,train
20260722_055636_CDZLUY,train
20260722_055736_XMFFNX,train
20260722_055921_QXFDHJ,train
20260722_060056_CDZCNZ,train
20260722_060113_ETDJYJ,train
20260722_060218_NKCGFX,train
20260722_060244_PAJSXG,train
20260722_060255_CJFHKS,train
20260722_060720_PRKUTF,train
20260722_060735_CHCTJT,train
20260722_060747_YUSQTC,eval
20260722_060857_GVHDUV,eval
20260722_061125_HXRABF,train
20260722_061410_NCSCPD,train
20260722_061802_REURNN,train
20260722_062118_XNANFG,train
20260722_062203_DFSVRB,train
20260722_062721_JLWWBP,train
20260722_062735_UMAAEQ,train
20260722_062935_BXJNPH,train
20260722_063102_KXKEKN,train
20260722_063507_UXTMKQ,train
20260722_063817_GDFXRS,eval
20260722_064121_SVXQXQ,train
20260722_064244_KSZDAM,train
20260722_064409_ULCGVH,train
20260722_064803_VBXKHM,train
20260722_064951_KRSTEW,train
20260722_065000_PVFZQT,train
20260722_065138_DXPBXH,train
20260722_065234_FWBTVN,eval
20260722_065527_PBLSXR,train
20260722_070113_DSPYYA,train
20260722_070734_BJNQPB,train
20260722_070819_KBWWLB,train
20260722_070840_ZXGEBJ,eval
20260722_071854_QYGPHF,train
20260722_071902_QKXCPQ,train
20260722_072143_GKWULB,train
20260722_072409_BYXQBE,train
20260722_072711_RELMED,train
20260722_072753_CMNSXU,eval
20260722_073237_NMNVED,train
20260722_073237_SQWXSH,train
20260722_073400_ZULELC,train
20260722_073416_VVRGJF,train
20260722_073425_KYBNWW,train
20260722_073846_RUCVVM,train
20260722_074809_EVZSEK,train
20260722_074953_BJXQVK,train
20260722_074959_BNWDFT,train
20260722_075257_WNAMJG,train
20260722_075319_NBTASU,train
20260722_075341_YZDTEH,train
20260722_075617_LSWDQV,train
20260722_075839_GXZXWP,train
20260722_075909_LGNVKM,eval
20260722_080136_QHECDY,train
20260722_080754_EJZVPA,train
20260722_081231_WGEQSY,train
20260722_081802_BGCRBJ,eval
20260722_081929_AEXGHP,train
20260722_083016_MMCXWR,train
20260722_083240_PHDUNR,train
20260722_083809_YQRJVU,train
20260722_083843_QJMLCG,train
20260722_084335_SXUWAW,train
20260722_084400_KTRYPC,train
20260722_084726_TGCDPE,train
20260722_090147_VBAMFX,train
20260722_090323_PRVTXB,train
20260722_090351_ZVMSSM,train
20260722_090545_XMVCTX,train
20260722_090600_YQMDDZ,train
20260722_090611_VKFGVW,train
20260722_090643_REZNND,train
20260722_092249_DMPBJP,train
20260722_092451_EQJZCZ,train
20260722_092923_TBYSCN,train
20260722_093352_TSSDMN,train
20260722_093420_TENFXP,train
20260722_093600_PJBLDJ,train
20260722_094131_NHBSLF,train
20260722_094709_RTRDDK,train
20260722_094739_SKEDYU,eval
20260722_095000_QXWUWQ,train
20260722_095230_HHXKAJ,train
20260722_095252_SEZAFJ,eval
20260722_095430_UPKXAJ,train
20260722_095822_GDFXVJ,train
20260722_095825_GZFGXB,train
20260722_100106_UQDMNY,eval
20260722_100325_NEZAHG,train
20260722_100339_TJRKSG,train
20260722_101322_RVRVFX,eval
20260722_101817_DUCVBH,eval
20260722_101908_FZKXWJ,train
20260722_101934_BSDJKG,train
20260722_102202_DAQPYK,train
20260722_103017_ZQHFZW,train
20260722_103201_DHRFLQ,eval
20260722_103810_SACXJD,eval
20260722_103831_CKHSCY,eval
20260722_104210_QEBSSM,eval
20260722_104212_QDGKJZ,train
20260722_104335_HZECEH,train
20260722_104409_YPUKJE,train
20260722_104543_JGJPMC,train
20260722_104819_QFRNEE,train
20260722_104900_XMFZJS,train
20260722_104945_LSDWFR,train
20260722_105019_QAHHCV,train
20260722_105310_ERQJQG,eval
20260722_105604_VTYDGE,train
20260722_105829_UQYRUQ,train
20260722_110110_DGGQEP,train
20260722_110137_BYTRYM,train
20260722_110831_FEYVDE,train
20260722_111022_XWBGLN,train
20260722_111340_UGSZPE,train
20260722_111424_DNZXMF,eval
20260722_111633_HWWQRX,train
20260722_112235_UVBXPJ,eval
20260722_112933_QHYTVG,eval
20260722_113017_JYMHPX,train
20260722_113228_LTTBWM,train
20260722_113811_VEELCE,train
20260722_114755_QMCWMF,train
20260722_121208_WSNGUC,train
20260722_121452_GFSEAV,train
20260722_130414_VETFPB,train
20260722_132011_FDPPPT,train
20260722_132029_NWVDKB,eval
20260722_134228_TCXKLZ,train
20260722_141706_ZRWRXC,train
20260722_142629_HTJPBP,train
20260722_143411_VZPESV,train
20260722_150826_FXXUPX,eval
20260722_160133_BASTWT,train
20260722_172525_RUGMQU,train
20260722_232148_RBZCWU,train
20260722_233631_RVRMGS,eval
20260722_234355_QZSPAU,train
20260722_234901_CWRTQT,train
20260722_234912_GBJSJB,train
20260722_235101_YXJKPK,eval
20260722_235626_BHVMWC,train
20260723_000012_MQDQJM,train
20260723_000300_VQFBFA,train
20260723_000330_FNBEWE,train
20260723_000425_RFGTCG,train
20260723_000431_XEPZZH,train
20260723_000738_MXYZJT,train
20260723_000757_HVYCKN,eval
20260723_000805_NPRXFU,eval
20260723_001236_CRKYAG,eval
20260723_001716_JJBFRU,eval
20260723_001720_MSTVBR,train
20260723_001754_SANBJL,train
20260723_002355_CHBLGU,train
20260723_002404_JVHPYW,train
20260723_002431_KMEWFB,train
20260723_002658_VNMRRS,train
20260723_002802_YRQGPP,train
20260723_002812_UZVCHK,train
20260723_002821_MJWTRS,train
20260723_003021_CEECBD,train
20260723_003339_XKMAJL,train
20260723_003500_UDMMVF,train
20260723_003545_NHSCZS,eval
20260723_003636_CWGLWW,train
20260723_003657_RGRUCA,train
20260723_003658_NCFQVE,train
20260723_003704_BSZWLC,eval
20260723_004146_FGNLYP,train
20260723_004427_GAFRMB,eval
20260723_004548_GSVZGZ,train
20260723_005047_CNJNKC,train
20260723_005121_SYDTCA,train
20260723_005144_YBETLH,eval
20260723_005344_MQWUEF,train
20260723_005514_TLSXPC,eval
20260723_005551_ZBHQXP,train
20260723_005616_NCSAYN,train
20260723_005917_TMWPGN,train
20260723_010213_CZGBTL,train
20260723_010342_HKUMLY,train
20260723_010824_UYDZSV,train
20260723_011152_UZJWAA,train
20260723_011451_RUNDES,train
20260723_011604_VSJPZY,train
20260723_011957_WUSGGV,train
20260723_012151_PQNNWY,train
20260723_012529_NWTJRG,train
20260723_012652_WVYHER,train
20260723_012956_XRBXCG,train
20260723_013155_AXYSXC,train
20260723_013215_GUBCXT,train
20260723_013316_VYGMQS,train
20260723_014548_XDFLSP,train
20260723_014748_GCWCMX,train
20260723_014920_HMHSAK,eval
20260723_014957_VSBULM,train
20260723_015306_QCXUND,train
20260723_015636_WDXGAF,train
20260723_020006_DGFHGK,train
20260723_020258_PQEKYS,train
20260723_020323_MCJECB,train
20260723_020557_GBZRLH,train
20260723_021018_FHVAQP,train
20260723_021033_AGMKZU,eval
20260723_021626_BJAVDA,train
20260723_021813_CXSMCK,train
20260723_021921_XXSJYL,train
20260723_021925_TNKWLE,eval
20260723_022223_MMLTSX,train
20260723_022344_MUKYGE,train
20260723_022603_QAGDZF,eval
20260723_022734_KQTXKW,train
20260723_023557_BMLPMM,train
20260723_023614_YMEDYG,train
20260723_024156_SCDGNW,eval
20260723_024209_WFUFCT,train
20260723_024509_TYGFAJ,eval
20260723_024740_EHNKEV,train
20260723_024904_FZPWWK,eval
20260723_025439_BMFXJG,train
20260723_025921_AUNBCB,train
20260723_030027_VAKQPB,train
20260723_030248_KWURPU,train
20260723_030608_SPDCZW,train
20260723_030808_BQEEVX,train
20260723_031126_FUCERZ,train
20260723_032144_DGBATY,eval
20260723_032322_LJVGGD,train
20260723_032659_AASGBZ,eval
20260723_033028_FEEZNY,eval
20260723_033058_ZNWSJS,train
20260723_033943_DSVFPW,train
20260723_034541_NDAADH,train
20260723_034551_YNASZL,train
20260723_034707_SFELQT,train
20260723_034949_AKCNNP,train
20260723_035334_CHYXYG,eval
20260723_041701_NBUVNW,eval
20260723_041757_CFYMDV,eval
20260723_042049_RAHRDQ,train
20260723_045532_MCGYHG,train
20260723_050556_TEZJWQ,train
20260723_050910_SVPWXY,train
20260723_050940_PNGGUC,eval
20260723_050954_ASNPKR,train
20260723_051153_BVSWUX,train
20260723_051224_HZKUTD,train
20260723_051421_GHZSYG,train
20260723_051549_YXQGSB,train
20260723_051559_BRFDVS,train
20260723_051605_LHEJSN,train
20260723_052218_DKCYFA,train
20260723_052554_LMFGSG,eval
20260723_053702_MKYZHP,train
20260723_053911_CAEDBP,train
20260723_054919_JKSVPM,train
20260723_055329_ZCLESE,train
20260723_055528_BSPTUH,train
20260723_060346_RDXJDT,eval
20260723_060526_CAWHAE,train
20260723_060534_WJPWAU,train
20260723_060659_ZWGHRR,train
20260723_060817_GYWAZG,train
20260723_060817_PNAUPN,eval
20260723_060836_NAFBRK,train
20260723_060929_DJRGLZ,train
20260723_061004_BEYJYU,train
20260723_061126_GYFRKA,train
20260723_061302_JSXWQJ,train
20260723_061313_ZWPKRH,eval
20260723_061332_DZGPWD,train
20260723_061527_DYZPWG,train
20260723_062115_CAXCVA,train
20260723_062206_FSEXDE,train
20260723_062550_LGXQWV,train
20260723_062704_UUECAN,train
20260723_062838_BQBPAB,train
20260723_063243_DTVWLF,train
20260723_064039_FKCEFN,eval
20260723_064127_SJCSGE,train
20260723_064506_ZCFKJC,eval
20260723_064701_NSCUNY,train
20260723_065150_QZNAGZ,train
20260723_065451_PERDBE,train
20260723_065525_RRWJAJ,train
20260723_065758_EHUDNH,train
20260723_070106_ABRTZK,train
20260723_070421_FYWMVU,train
20260723_071316_WKZPHP,train
20260723_071333_KXYREB,train
20260723_071406_QJENAJ,train
20260723_072350_FWKPMM,train
20260723_072412_RVVRTW,train
20260723_072501_DRKZNM,eval
20260723_073223_WZTKSL,eval
20260723_073641_BTDTDA,train
20260723_074142_NZJFVJ,eval
20260723_074240_WQCWHN,train
20260723_074343_CNDLKY,train
20260723_075756_WMKQPP,train
20260723_075838_UKRGTN,train
20260723_075959_VRZMEM,train
20260723_080054_NFKMEU,train
20260723_081002_ULLNPF,train
20260723_081158_XNVFDL,train
20260723_081323_AKNQVM,train
20260723_081756_ZVPESB,train
20260723_082123_XSYADK,eval
20260723_082437_JNGZYF,train
20260723_083735_DPTQGT,train
20260723_083857_JAPUDK,eval
20260723_083922_DVVZRS,train
20260723_083955_NPSSAW,train
20260723_084116_WCDXBU,train
20260723_084144_TCZTRR,train
20260723_084215_TPNENA,train
20260723_084553_JDHTTS,train
20260723_084645_HCPTFC,train
20260723_085508_LWPKFW,eval
20260723_091153_TZAKGX,train
20260723_091507_ZRGMWQ,eval
20260723_091725_XCHZQT,train
20260723_091737_MYBYQH,train
20260723_092403_UGZHXL,train
20260723_092452_ABBGJG,eval
20260723_092628_KXVJGG,train
20260723_092711_UWTCED,eval
20260723_092741_LCAUDT,train
20260723_092848_CTVRLQ,train
20260723_093048_DCDXAT,train
20260723_093150_DELSJY,train
20260723_093555_AXDPGG,eval
20260723_094605_UADVKC,train
20260723_094803_NBTFDV,train
20260723_095332_PCCUVP,train
20260723_095534_HYKAZQ,eval
20260723_095554_ANHQSN,eval
20260723_095939_RQXUHF,train
20260723_100059_KKKESR,train
20260723_100125_BVYTRY,train
20260723_100255_FZYMLH,eval
20260723_100446_XPUSBK,train
20260723_101414_ZFYUGG,train
20260723_101517_LGBVTT,train
20260723_101956_JSAKAM,train
20260723_103303_WNMUCT,train
20260723_103937_HTVFHY,train
20260723_104608_EAYEJQ,train
20260723_105552_WZDXDJ,train
20260723_105912_XYNJRQ,train
20260723_110426_HQUWNJ,train
20260723_111019_EAUFJR,train
20260723_121545_QNHNVW,train
20260723_123820_PJFNTF,train
20260723_123848_MVETLD,train
20260723_124030_SZNJVV,train
20260723_124303_QKPSME,train
20260723_125959_LRSCMM,train
20260723_130149_BEBMMY,train
20260723_130321_WYMYCT,eval
20260723_133047_WHDXAC,train
20260723_134917_BSEGBH,train
20260723_134945_CMUPZP,train
20260723_135855_JLPEEJ,train
20260723_140419_HGFHNF,eval
20260723_141245_TWVCAY,train
20260723_142042_HYDGMA,train
20260723_143043_NHHZGJ,train
20260723_144817_RWCQVM,train
20260723_150115_WLZHZG,train
20260723_151731_AKCKUJ,train
20260723_224941_YUCRWW,train
20260723_233418_CKMZKK,train
20260723_234114_HKLDGV,train
20260723_235237_CRWEYY,train
20260724_000423_BARZNC,train
20260724_000449_JHRKXR,eval
20260724_000524_XPDRHV,train
20260724_000700_NTSCWD,train
20260724_001217_XZLNVM,train
20260724_001350_GXMEPE,train
20260724_001601_FXQRAN,train
20260724_001654_SZDJGL,train
20260724_002154_MBHEMM,train
20260724_002311_VTGAQP,train
20260724_002429_KUVZDQ,train
20260724_002447_FLWVLQ,eval
20260724_002605_CZNQHN,train
20260724_002614_DKWLRL,train
20260724_002703_NUKXKT,train
20260724_003017_HHQBKX,eval
20260724_003630_KAZLWL,train
20260724_003755_GCKRBZ,train
20260724_003817_BRBSRR,train
20260724_003953_DAZPSL,train
20260724_004027_UYEZUR,train
20260724_004603_FPXFAT,eval
20260724_004700_QARBYK,eval
20260724_005124_YZHSKZ,train
20260724_005135_WEDCNE,eval
20260724_005502_UVBGWC,eval
20260724_005729_ACFHXQ,train
20260724_005801_NAAAYH,train
20260724_010148_RYEFQF,eval
20260724_010603_XUWZBE,train
20260724_010801_VGDMAZ,eval
20260724_010956_NWVFAJ,train
20260724_011729_FDYFPL,train
20260724_012335_LRJSSW,train
20260724_012912_GLDLBN,train
20260724_012939_JVKASP,eval
20260724_013516_KEXTLT,train
20260724_013728_PMYLED,train
20260724_014030_QBEXPW,train
20260724_014155_SMZHDC,train
20260724_015025_QCXVRL,train
20260724_015213_FEDENK,train
20260724_015744_SQRVLN,train
20260724_020428_WRMBUN,train
20260724_020909_HUBYEE,train
20260724_021228_AESKJF,train
20260724_021229_DUUDEJ,train
20260724_021321_DDXVCM,train
20260724_021453_UGHEUJ,train
20260724_022037_WWCCRN,train
20260724_022236_GWZYRB,train
20260724_022253_XBRGUM,train
20260724_022337_HYJJXG,train
20260724_022652_AMLWFY,train
20260724_022853_PDUMKS,train
20260724_023013_PDDGVH,train
20260724_023244_DGJTPU,eval
20260724_023628_SSJKEQ,train
20260724_023847_SLPVTQ,train
20260724_023954_PTXXRT,train
20260724_024154_BBVWQN,train
20260724_025021_GDZZBN,train
20260724_025532_YHGPYH,eval
20260724_025554_GCMPGQ,train
20260724_025822_GYEJUF,eval
20260724_030137_TTVRNG,train
20260724_030216_UHLZYE,eval
20260724_030736_TYDVQK,train
20260724_030945_YCFFZW,train
20260724_031031_TGBPPK,train
20260724_031844_YAWVLQ,eval
20260724_032244_SHACEW,train
20260724_032317_LJBXWX,train
20260724_032610_UKMZAB,eval
20260724_032627_JBQMTY,train
20260724_033312_WSXRCR,train
20260724_033315_VNBEWX,train
20260724_033526_MTRRNE,train
20260724_034216_GBZTJL,train
20260724_034820_SZRKNP,train
20260724_035156_EHURKH,train
20260724_040311_DCUNMA,train
20260724_040427_HYXBAQ,train
20260724_043253_TGHPHS,eval
20260724_043323_ZLQSGJ,train
20260724_043444_LNDNVK,train
20260724_043732_UQASXU,train
20260724_043748_KZSPML,train
20260724_044343_AFGXBB,train
20260724_044531_RHFZUK,train
20260724_044714_KENRCW,train
20260724_044723_SHSZJJ,train
20260724_045012_WPESFF,train
20260724_045124_JZEDXZ,eval
20260724_045154_UKJHJK,train
20260724_045215_SVTEZH,train
20260724_045603_PVKBWH,train
20260724_045920_SZFGAW,train
20260724_050133_DTQMXA,train
20260724_051029_DGRGFS,eval
20260724_051350_GXXLJU,eval
20260724_051655_ETRQZQ,train
20260724_051706_LNUSLH,train
20260724_051957_BJFVBL,train
20260724_052045_CQANQK,train
20260724_052150_MFJDAR,train
20260724_052342_VYQNLD,train
20260724_052557_AXXYJY,train
20260724_052751_RTRKTM,train
20260724_052907_ZDWFXG,eval
20260724_053227_QDZYDV,train
20260724_053324_RNMKUY,train
20260724_053329_QUWJFB,train
20260724_053414_UWFAVB,train
20260724_053531_ESAHBM,train
20260724_053653_MQMNVU,train
20260724_053802_NPSBHH,train
20260724_054237_GRMSHU,train
20260724_054522_GUQXUF,train
20260724_054636_LWDRER,eval
20260724_054636_TPQCDG,train
20260724_054705_AUJKHU,train
20260724_054913_XYJFXM,train
20260724_055042_APBFXP,train
20260724_055128_SQWSLJ,train
20260724_055608_STRCYF,train
20260724_055721_HRDLKN,train
20260724_055910_WSSFSF,train
20260724_060129_PPYNVQ,eval
20260724_060225_YVZUNE,train
20260724_060341_WVYHAG,train
20260724_060531_ZMULRP,train
20260724_060958_KECYEZ,train
20260724_061019_JXULZM,train
20260724_061412_ZJMUYT,train
20260724_061550_YTEDRG,train
20260724_061559_YLVAED,train
20260724_061645_NNSQQP,train
20260724_061655_DGMDWJ,train
20260724_061835_UTQFFP,train
20260724_062158_ADKELW,train
20260724_062236_DZWDKZ,train
20260724_062333_ZNJQSN,train
20260724_062916_DECKJK,train
20260724_063057_ZQMGGQ,eval
20260724_063238_UBCCMT,train
20260724_063342_GCKEGY,train
20260724_063637_SCECLC,train
20260724_063841_YLHNPG,eval
20260724_064013_CMGXWH,eval
20260724_064056_FMBVHA,train
20260724_064625_NRPAPW,train
20260724_064944_GBZJSA,eval
20260724_065039_DDCAZY,train
20260724_070044_HRFWCS,train
20260724_070124_YHWWUT,train
20260724_070428_MBQPAJ,train
20260724_070609_TTJRPC,train
20260724_070726_RLQSFD,train
20260724_071206_KLETZP,train
20260724_071345_KJKWKB,train
20260724_071646_YPLMLN,train
20260724_072650_WGHKVK,train
20260724_072812_AAMCZV,train
20260724_072910_UAJKWA,train
20260724_073641_AYJPZY,train
20260724_073646_HWKYBT,train
20260724_074214_NYTXLF,eval
20260724_074519_KMKFVX,train
20260724_074716_PWQUHE,train
20260724_074933_ZTGMZP,train
20260724_074952_UEAWZB,eval
20260724_075949_RFKGWT,eval
20260724_080048_QLZCMF,train
20260724_080139_XPVTNN,train
20260724_080259_MTRBZA,train
20260724_080520_ZNJDBH,eval
20260724_080540_GRFALM,train
20260724_081026_GPKUBL,train
20260724_081105_WDGJLP,train
20260724_081313_XKEBQJ,train
20260724_081316_FXVFYV,train
20260724_082307_WFLZTX,eval
20260724_082734_EKKNLT,train
20260724_083141_HCQYWG,eval
20260724_083152_XAFZZZ,train
20260724_083307_EPBBPG,train
20260724_083722_CQGXGJ,train
20260724_084907_HLXLCN,train
20260724_090452_PGVNSW,eval
20260724_090503_LVSXTK,train
20260724_091217_QJMEPG,train
20260724_091655_UPVMGL,train
20260724_092644_RRGFHN,train
20260724_093030_HPPPEC,train
20260724_093134_XXMQFC,eval
20260724_093340_KNVJXH,train
20260724_093921_WPPVMT,train
20260724_094122_JEXYJX,train
20260724_094635_KEVSRN,train
20260724_095015_RBVYXB,train
20260724_095255_WUGNKH,train
20260724_100033_SXSNPH,train
20260724_100459_PQQAJK,eval
20260724_100711_JESXZY,eval
20260724_101037_BYGKND,train
20260724_101205_TTGQWN,train
20260724_101725_LRJQEZ,train
20260724_102354_LAYKPY,eval
20260724_102403_MUZDKW,train
20260724_102725_DKXLJP,train
20260724_103324_WSDGPS,train
20260724_104111_CNUHST,train
20260724_104248_BCWGRR,train
20260724_104308_PMVUZU,train
20260724_104526_SQPSMW,train
20260724_104923_CDRLWS,train
20260724_105054_EHQWAV,train
20260724_105913_DJQUHD,eval
20260724_110823_GVWKXW,train
20260724_111017_VQRCLD,train
20260724_111532_QCUJKN,train
20260724_112052_QSCZKQ,eval
20260724_113711_PEBLYT,train
20260724_114425_SWUPGZ,train
20260724_115259_DLNBWZ,eval
20260724_115609_GUZDDK,train
20260724_120214_UAQKBL,train
20260724_120759_RHXPKZ,train
20260724_121317_GZWEXL,train
20260724_121846_KAXXNX,train
20260724_122857_MJSLYX,train
20260724_123405_SWAKLT,train
20260724_124357_GCUPPC,train
20260724_130927_RKYRMX,train
20260724_131330_HWPJAS,train
20260724_132339_PDTXLL,eval
20260724_132944_LMWDYC,train
20260724_133324_BTBRCG,train
20260724_134916_LHJRFR,train
20260724_135020_BPSYXD,eval
20260724_135334_YBNQYW,train
20260724_141051_EWBFYQ,eval
20260724_142242_EAFBLE,train
20260724_142617_JCCFPG,train
20260724_143704_SSAHWX,train
20260724_143810_CCUGFV,train
20260724_145847_UVTRLZ,train
20260724_150040_QNHLPG,train
20260724_150834_ENMVDS,train
20260724_152102_SSBUKM,train
20260724_152143_HCCDXK,train
20260724_152244_FHRWAP,train
20260724_153333_YEKDRJ,eval
20260724_155848_FHVGKK,train
20260724_185316_DTLLHK,train
20260724_222329_UAFXXX,train
20260724_222519_AKNFTT,eval
20260724_230637_ZVMXYT,train
20260724_234102_RPEFUV,train
20260724_234536_REETBB,train
20260725_000053_TKDZBM,train
20260725_000408_FNGMKE,train
20260725_000509_HSZQTP,train
20260725_000711_QZUHJZ,train
20260725_000934_UVRKRG,train
20260725_001126_VSHPMQ,train
20260725_001407_ZGEWQL,train
20260725_001743_SGZBWV,eval
20260725_001809_BQFWFT,train
20260725_001933_CNMHLB,eval
20260725_002424_RDULTY,train
20260725_002438_CBCTMK,eval
20260725_002708_JMHVED,train
20260725_003152_APHGDK,train
20260725_003159_UBQWJV,train
20260725_003427_LFZYEJ,eval
20260725_003456_DASCHU,train
20260725_003711_CYLWJH,train
20260725_003739_RXMAKE,train
20260725_003741_DJRFPY,train
20260725_003742_NYELMV,train
20260725_003843_DVXEAD,train
20260725_004012_UDSAHM,train
20260725_004037_LQNQFM,train
20260725_004123_BUZTEC,train
20260725_004256_MYSYDQ,eval
20260725_004355_PLTKDC,train
20260725_004552_VJMWHW,train
20260725_004555_ESKPNT,train
20260725_004558_CXTDLG,eval
20260725_004839_BKDRQA,eval
20260725_004924_XCWCDM,train
20260725_005049_QHSGYS,train
20260725_005143_FASJYZ,train
20260725_005226_ZENCCQ,eval
20260725_005335_RFKXLU,train
20260725_005522_FEQMCX,eval
20260725_005827_NWGPCA,train
20260725_005833_UTMJQB,eval
20260725_010218_HNYJFS,train
20260725_010357_HHPSWZ,train
20260725_010416_LPXPXU,train
20260725_010643_DENKQJ,train
20260725_010828_QQJHBS,train
20260725_010852_FBAXAP,train
20260725_011032_AHTHHQ,train
20260725_011309_LTNTAX,train
20260725_011711_ENDMCG,train
20260725_012100_CUTFYQ,train
20260725_012211_HLNGWK,train
20260725_012307_VXLEFX,eval
20260725_012722_GWTZDC,train
20260725_012911_HUEJDJ,train
20260725_013044_PLADZY,train
20260725_013133_PXQSRM,train
20260725_013313_UGUTEQ,train
20260725_013422_BQEDPU,train
20260725_013724_BQRZBY,eval
20260725_014141_JRYRAC,train
20260725_014657_CPSEGG,train
20260725_015156_TRCGME,train
20260725_015718_MWPMWJ,train
20260725_020639_JGGTMP,train
20260725_020654_VZSHRC,train
20260725_020907_KMNVVH,train
20260725_020951_JRCXXE,train
20260725_022117_RCFLEM,train
20260725_022442_ZQKCJH,train
20260725_023252_HYVACV,train
20260725_023600_VDRQCF,train
20260725_023728_STHQRT,train
20260725_024011_RZFZLA,train
20260725_024354_DKNWZE,eval
20260725_024549_DVRAAC,eval
20260725_024625_RUPNUY,train
20260725_024647_EAPPKQ,train
20260725_024802_BCDHVU,train
20260725_025154_RJWAJQ,train
20260725_025536_JFWBQK,eval
20260725_025653_GXVNWH,train
20260725_025735_BUNGRM,train
20260725_030006_QEEKHW,train
20260725_030035_YAPJNT,eval
20260725_030304_NKMLHU,train
20260725_030458_QWLLDV,train
20260725_030705_PQPXVH,train
20260725_030830_MZMTYL,eval
20260725_031103_JPWDQW,eval
20260725_031218_TBFJRZ,train
20260725_031502_BJBQDY,train
20260725_031721_BFFMRD,train
20260725_032425_WCMJPH,eval
20260725_032456_QEULML,train
20260725_033512_SDKQAY,train
20260725_033526_WABUNB,eval
20260725_033625_MVLPYY,train
20260725_033742_BJUUCS,eval
20260725_033812_HDELQY,train
20260725_034129_XGDSRE,train
20260725_034627_XLDDVJ,train
20260725_040313_HWPQZG,train
20260725_041214_DZTYHT,train
20260725_041600_SCBSHH,train
20260725_041956_BXHMRD,train
20260725_042028_WCPAJJ,train
20260725_042406_YVTAAG,train
20260725_042947_EWNMFN,train
20260725_043210_WBGNZA,train
20260725_043523_ZERNZU,train
20260725_044123_LABYAG,train
20260725_044226_CMCJRH,train
20260725_044421_YXPKQS,eval
20260725_044615_TFSMZM,train
20260725_044643_ZRWDUL,train
20260725_044809_ASEYFZ,eval
20260725_045159_JYSMRR,train
20260725_045348_LUCLES,train
20260725_045408_EQQCHV,train
20260725_045419_CFASGU,eval
20260725_045503_FBETVK,eval
20260725_045906_ERFSVR,eval
20260725_050024_HEWNAR,train
20260725_050029_EYNCEY,train
20260725_050235_FGNPLX,train
20260725_050955_ALGXHJ,train
20260725_051235_UKZZDP,train
20260725_051524_DYXCHT,eval
20260725_053146_CMMCXT,eval
20260725_053427_HEYFKT,train
20260725_053531_HUFHAC,train
20260725_053612_KGLWAK,train
20260725_053842_XSGPYJ,train
20260725_054037_ULDVAW,train
20260725_054120_QTEMEE,train
20260725_054150_SPAYHW,train
20260725_054253_REXTCE,eval
20260725_054421_DBVDQF,eval
20260725_054707_TFCSEC,eval
20260725_054722_AKUGPP,train
20260725_054950_LLCTGE,train
20260725_055227_ZXCNLG,train
20260725_055234_TNSCUR,train
20260725_055316_FWXCPG,train
20260725_055405_STFKRW,train
20260725_055419_ZBLYFF,eval
20260725_060027_UAEWMH,train
20260725_060044_NXRKAY,train
20260725_060527_UGHXWZ,train
20260725_060537_WAFXXN,train
20260725_060620_KNUCBW,train
20260725_060642_LQWDDP,eval
20260725_060709_CRRASF,train
20260725_061032_NNZSTQ,eval
20260725_061145_KWTJVM,train
20260725_061236_HMXRKF,eval
20260725_061545_DBDZBC,train
20260725_062031_BBGLFQ,eval
20260725_062159_LWMJHU,train
20260725_062323_FUSHYL,train
20260725_062357_JHAGDQ,train
20260725_062952_YTBPMB,train
20260725_063410_CMNHKT,train
20260725_063428_CVVGLZ,train
20260725_063643_WLGQSD,train
20260725_063650_MPMZAF,train
20260725_063849_VUWVHG,train
20260725_064628_EWNZXX,eval
20260725_064932_KURRMP,eval
20260725_065032_RLETFF,train
20260725_065240_NAVCAM,train
20260725_065618_XKJNPC,train
20260725_065815_BRHBYB,eval
20260725_070049_VGCTDL,train
20260725_070202_RVSLDQ,train
20260725_070416_MBZCMZ,train
20260725_070533_TZMVFX,train
20260725_070956_NFDQXG,eval
20260725_071255_HQEHJX,train
20260725_071635_LVZJAL,eval
20260725_071708_SHJFQX,train
20260725_071712_GUVRHS,train
20260725_072526_CVSCLJ,train
20260725_072630_RZHHVE,train
20260725_072743_RBPTUY,train
20260725_072758_HQUTHJ,train
20260725_073109_BWAXUM,train
20260725_073158_UHQLYQ,train
20260725_073429_LBRAMY,train
20260725_073502_VERYRR,train
20260725_073754_SQULEX,train
20260725_074039_KSDQTS,eval
20260725_074130_TNEMWY,eval
20260725_074325_BZYGSW,eval
20260725_074513_HLHQYN,train
20260725_074701_DQKQJF,train
20260725_074731_FKVLHK,train
20260725_074859_RYCXDW,eval
20260725_075033_QSTAZN,eval
20260725_075634_SBGYTC,train
20260725_080133_JRZEDQ,train
20260725_080300_FTSEUM,train
20260725_080844_XJUBZG,train
20260725_081040_GQKGQZ,train
20260725_081123_PASLZZ,train
20260725_081309_HSBSNU,train
20260725_081920_CVBNDK,train
20260725_082404_FRQHCJ,train
20260725_082738_BPGCKV,train
20260725_083711_NUPJPN,train
20260725_083725_KUYJMD,train
20260725_083742_USHCYL,train
20260725_084143_FLCNQX,train
20260725_084348_LZWQCB,train
20260725_085049_TEPLMJ,train
20260725_085137_UEVTJD,train
20260725_085141_JCTPCH,train
20260725_085750_SJBUHE,eval
20260725_085802_XMMRJA,train
20260725_090050_UBFHNQ,train
20260725_091006_FNRPRR,train
20260725_091015_KBQBPL,train
20260725_091041_PZUTCP,train
20260725_091229_FGFHDM,train
20260725_091352_CHGRFV,train
20260725_092837_GDJWAM,eval
20260725_093105_UNRGTM,eval
20260725_093329_RXLBMH,train
20260725_093559_KMVCZE,train
20260725_093729_UPMHXC,train
20260725_094142_MHJAAQ,train
20260725_094301_BCHAAW,train
20260725_094336_LHPFCS,train
20260725_094641_ULZHAJ,eval
20260725_094841_NJWCHC,train
20260725_095031_CVVXVL,train
20260725_095803_WZRVKY,train
20260725_100041_QXJTXT,train
20260725_100609_BEBSCD,eval
20260725_100842_QNRXZW,train
20260725_100923_EKCATZ,train
20260725_101543_SCQVUJ,train
20260725_102143_AGYMNW,train
20260725_102150_ADSHUP,eval
20260725_102753_TPNFVL,eval
20260725_102940_MZTFPR,eval
20260725_103351_CTLAAB,train
20260725_103501_JSXJSW,train
20260725_103626_KYPDEP,eval
20260725_104244_MCRRCH,train
20260725_104421_KEGQDU,eval
20260725_105203_UEQSKH,train
20260725_105733_VYPMBP,train
20260725_110206_NWPUYN,train
20260725_110246_TBKGVH,train
20260725_111429_VLTEGT,train
20260725_111439_TUDTMY,train
20260725_112440_WQBGRV,train
20260725_113031_DMBYJB,train
20260725_120409_ZBRURD,train
20260725_121318_PSLAGQ,eval
20260725_121756_HPFDSS,train
20260725_121818_RFNFGZ,train
20260725_122002_KDJATZ,train
20260725_122425_YTWUUJ,train
20260725_122717_SUSWVJ,eval
20260725_130814_RAMGZB,train
20260725_134433_QAXHXB,train
20260725_150258_AUYXWE,eval
20260725_150529_BHMRHZ,train
20260725_155504_UHEGWQ,train
20260725_161532_JDMCMB,train
20260725_182829_WGHMLT,eval
20260725_202923_TGMMCG,train
20260725_222751_UZLYUR,train
20260725_225017_XQMSGL,train
20260725_225405_XXVLAY,train
20260725_225659_XYZUGB,train
20260725_230200_SGBDJP,train
20260725_232301_TCTDXH,train
20260726_000513_SLXECZ,train
20260726_000541_NUPWVR,train
20260726_000551_CSXDZQ,train
20260726_001103_JXXBDV,train
20260726_001122_RLERYS,train
20260726_001216_ZQQAWX,eval
20260726_002309_TSJAJW,eval
20260726_003256_CRUXPN,train
20260726_003306_PUHCGY,train
20260726_003741_HSXZGU,train
20260726_003834_KXKSLF,train
20260726_003950_RZFNPR,train
20260726_004654_WMZCSV,train
20260726_004736_GJQRFF,train
20260726_004953_NTANQE,train
20260726_005052_FYWLEF,eval
20260726_005126_TQFDTE,train
20260726_005504_LQYYYL,eval
20260726_005949_BQAHLS,train
20260726_010101_EDNAND,eval
20260726_010130_MLRCPU,eval
20260726_011452_FMQPBT,train
20260726_011511_ZFSBJE,train
20260726_011904_VSTXWP,train
20260726_012431_VSHFMB,eval
20260726_012524_UFJYFH,train
20260726_013015_PMUXFK,train
20260726_013312_FWWTNQ,train
20260726_013420_MQFBQF,eval
20260726_013505_AEPSEU,eval
20260726_014009_UFZWNT,train
20260726_014334_RVSLEW,train
20260726_015350_VXTJSX,train
20260726_015536_XGGTKW,train
20260726_020303_EXCWHU,train
20260726_021251_MJLZPU,train
20260726_021831_XHRGYH,train
20260726_021943_YDNFEU,train
20260726_022303_NVHHLY,train
20260726_022337_PGTASG,eval
20260726_022412_NCCYEJ,train
20260726_023020_GZUYKU,train
20260726_023536_QLCKFS,train
20260726_023821_HSMGPW,train
20260726_024101_LFPVWZ,train
20260726_024210_DNLCZB,train
20260726_024229_SWBWNN,eval
20260726_030507_EHKKYG,eval
20260726_030536_QEYDBS,train
20260726_030613_YFBEWL,train
20260726_031013_QEFKLG,train
20260726_031501_USXRRN,eval
20260726_032328_ABRLYS,eval
20260726_032740_DRGKHX,eval
20260726_033515_ZGKYHQ,train
20260726_033702_MXATGR,train
20260726_034540_KQDHJQ,train
20260726_035050_BXKHGL,train
20260726_035210_APFDSK,train
20260726_041148_HKPUET,eval
20260726_041446_JDFKGX,eval
20260726_041635_CZPXWQ,train
20260726_044955_UYQJGU,train
20260726_045005_HPSENK,train
20260726_045323_JQHNUG,train
20260726_045711_NRSLAF,train
20260726_050527_WCECSU,eval
20260726_050700_FCHVHZ,train
20260726_050800_CLDWHH,train
20260726_051122_KFTMCA,train
20260726_051443_KJMHDS,train
20260726_052049_VTQTFW,train
20260726_052251_JENHCQ,train
20260726_053046_KDVNNJ,train
20260726_053511_XLWGSU,train
20260726_053558_WNHLTC,train
20260726_053625_RAYVMA,train
20260726_053732_LDYKDX,train
20260726_054155_PCWZTA,train
20260726_054311_ZUAEKL,train
20260726_054710_HMRQMP,train
20260726_055054_MLBGBM,train
20260726_055224_GDQLNB,eval
20260726_055720_XWQFMD,train
20260726_061702_ACQQSL,train
20260726_061927_RAWMES,train
20260726_062202_KPEWUW,train
20260726_062635_HRUCHX,train
20260726_063310_SQKUZR,train
20260726_063521_VWALPR,train
20260726_063846_UDNYQQ,train
20260726_064235_JAVYCL,eval
20260726_064627_RJLYBK,train
20260726_065244_KCPEGV,train
20260726_070007_FYKXDA,train
20260726_070915_YNULGT,train
20260726_071154_TUHURD,train
20260726_071452_FFQZEY,train
20260726_072123_EMKYFA,train
20260726_072419_KNBFPF,train
20260726_073112_HQDMZF,train
20260726_073112_YCBEMY,train
20260726_073202_XRUTPL,train
20260726_073627_ENWLXG,eval
20260726_073928_FTVUFY,eval
20260726_075623_UXZLYC,train
20260726_075632_TAXVSJ,train
20260726_080218_ELHLXG,train
20260726_081158_XGFQED,train
20260726_081912_NSXWJC,train
20260726_082452_TMYXPU,train
20260726_082842_JQCMLW,train
20260726_083411_GFRHYF,train
20260726_083714_EZTKER,eval
20260726_084605_SSGPUQ,eval
20260726_084607_CGECER,train
20260726_090200_AYVSDJ,train
20260726_091253_WJKBLP,train
20260726_091512_TLFFFD,train
20260726_093042_ZJTNAH,train
20260726_093121_GDDSUA,train
20260726_093750_MBCSKY,train
20260726_093822_GLWCYX,train
20260726_093934_JNRHMF,train
20260726_094102_CABXFA,train
20260726_094652_BYZZAZ,train
20260726_095628_LSJKUK,train
20260726_095638_YJWVQN,train
20260726_100300_SUZZBR,eval
20260726_100346_CRVAUS,train
20260726_101147_FRVLXJ,train
20260726_102230_LLJLFN,eval
20260726_102954_FPNJJH,train
20260726_103433_JUQXTF,eval
20260726_103626_BEBSZN,train
20260726_103811_VTKNKX,train
20260726_104441_MLSVKF,train
20260726_110253_FJJYJV,train
20260726_111103_ZJEZZN,train
20260726_112637_CFCWKS,train
20260726_113734_EYYLWC,train
20260726_115222_BRAEHV,train
20260726_120517_WHAUEU,train
20260726_121006_HUJFJJ,train
20260726_121650_YHSNDM,train
20260726_122027_LQMHZT,eval
20260726_125416_AFBJCP,train
20260726_141345_GBLMBF,train
20260726_152333_VEGECS,train
20260726_153309_MATLUN,train
20260726_172251_YUKDSR,train
20260726_221222_DXWUYN,train
20260726_221956_BNTRFG,train
20260726_223219_SKEALX,eval
20260726_223520_XJXWNS,train
20260726_224250_FDGYQG,train
20260726_225245_ADBBGZ,train
20260726_233204_LZUPNZ,train
20260726_233701_RQZNUJ,train
20260726_233946_DWLTQW,train
20260726_235053_DGNHNQ,train
20260726_235421_APNTZZ,train
20260726_235654_DEBRXF,train
20260726_235754_FXFVQA,train
20260726_235910_FPPJZH,train
20260727_000545_EFRXVR,eval
20260727_000708_SZTTLY,train
20260727_001214_LJBWRE,train
20260727_001242_RHEBEX,train
20260727_001433_FABMSP,train
20260727_001619_PPWJSW,train
20260727_001628_ZRPCDP,train
20260727_002103_CNSTEN,train
20260727_002218_JDHZTL,train
20260727_002425_RSHHCZ,train
20260727_002520_ULKHMU,eval
20260727_002548_HYSYYL,eval
20260727_002700_MCAMYT,train
20260727_002719_KCTZVR,train
20260727_002918_VWXUEC,train
20260727_002944_UWMLJF,eval
20260727_003112_PLQQWV,eval
20260727_003142_HDEDCV,train
20260727_003330_KPJQVH,train
20260727_003621_FNBTBR,train
20260727_003828_UFQCAV,train
20260727_004225_QARTYJ,train
20260727_004239_ZMNSBY,train
20260727_004315_MWFJGU,eval
20260727_004436_LLFQZC,train
20260727_004454_VRJFEA,train
20260727_004905_JXLFPY,train
20260727_005051_NAKARK,train
20260727_005237_NHNNQB,train
20260727_005343_UQUYKB,eval
20260727_005756_SUVNDM,eval
20260727_010104_ELYBML,train
20260727_010740_DCMJXV,eval
20260727_010937_CRWCSP,train
20260727_010940_YMMCXA,eval
20260727_011034_SGUCKM,train
20260727_011119_BURWBS,train
20260727_011207_XNQYBT,train
20260727_011358_XBQRAT,eval
20260727_011917_GADGJS,train
20260727_011919_LBMCQX,eval
20260727_011925_WMRKNE,train
20260727_012036_BSHHHQ,train
20260727_012315_UQFWGB,train
20260727_012437_DZATXP,train
20260727_012640_BZLWQX,eval
20260727_012851_USTCQW,train
20260727_013323_TZKQTW,eval
20260727_013346_YAXQEE,train
20260727_013526_CNQUXE,train
20260727_014038_SCMZAF,train
20260727_014110_DSVHLH,train
20260727_014158_DGRJQH,train
20260727_014403_YZPJSV,eval
20260727_015033_AAEPLW,train
20260727_015150_MVSWKN,train
20260727_015422_QQGKWT,train
20260727_015854_AKAYQB,train
20260727_015933_RXBDJC,train
20260727_020434_FEXFEC,train
20260727_020453_SBCNJS,train
20260727_020532_CKQHNH,train
20260727_020754_AYUPEC,train
20260727_020855_ALUACK,train
20260727_020901_HFTZDF,train
20260727_020910_DMVYVB,train
20260727_021127_DFTEPC,train
20260727_021422_GYHCUL,train
20260727_021457_YEFLHT,eval
20260727_021605_TYHJGX,train
20260727_022634_PSFYVJ,train
20260727_022843_PXHNTB,train
20260727_023018_NFVZDK,train
20260727_023750_PPTAHX,train
20260727_023938_HPUNZY,train
20260727_024338_TZUQXC,eval
20260727_025055_NGTKKS,train
20260727_025152_PRZMMG,train
20260727_025317_FVFMMY,eval
20260727_025406_MDSFFD,train
20260727_025613_AZNCZV,train
20260727_025614_NSHDWL,train
20260727_030016_WSMQNW,train
20260727_030550_XMNVDL,train
20260727_030642_ZMMVXG,train
20260727_030705_QNUXLN,train
20260727_031117_EKKLDF,train
20260727_031435_UEYKHC,eval
20260727_031442_DSYTZL,eval
20260727_031444_TMCKNC,train
20260727_031854_ACJKJA,train
20260727_031932_ZFHJWW,eval
20260727_032543_ZTKLQC,train
20260727_032552_GKVYHM,train
20260727_032624_BVWWNL,train
20260727_032647_APEWVW,train
20260727_032950_RLQVJN,train
20260727_033026_QHGBLN,train
20260727_033154_DFPCTD,train
20260727_033156_QFYNMH,train
20260727_034059_YXCDMT,train
20260727_034505_XKNCET,train
20260727_035316_GZVAMD,eval
20260727_040417_JLSKVE,train
20260727_040531_HMVWLB,train
20260727_040555_UHXXVZ,train
20260727_040634_MRZHJX,eval
20260727_043154_MYHGVR,train
20260727_043711_CWURNC,train
20260727_044412_HSEKFK,train
20260727_044544_EGSDPM,train
20260727_044547_YZUNBS,train
20260727_044854_QSYXWC,train
20260727_044958_LXUETP,train
20260727_045001_YBZFXV,train
20260727_045232_RVTCVW,eval
20260727_045624_VFBAFU,train
20260727_045639_EMBKMK,train
20260727_045720_PPLWFP,train
20260727_045916_JUTRAS,train
20260727_050158_EUVSTS,eval
20260727_050532_NQWMXL,eval
20260727_050619_MQXACE,train
20260727_051046_WYPUSE,train
20260727_051219_WAJUKS,train
20260727_051528_XUKYXE,train
20260727_051855_PJHADD,eval
20260727_051921_ZJSGJD,eval
20260727_052141_HLLCBV,eval
20260727_052521_HXRZZJ,train
20260727_052858_LTZAHS,eval
20260727_052959_QDDZMY,eval
20260727_053019_WZALBC,eval
20260727_053408_DAWQWW,train
20260727_053437_GBUNZF,eval
20260727_053523_NJTKEM,train
20260727_053558_LKMNRM,train
20260727_053633_MWJLSE,train
20260727_053641_GWUKEZ,eval
20260727_053705_BBSJTA,train
20260727_053709_XWQEWS,train
20260727_053812_KSPWSZ,train
20260727_053907_ZVWGFQ,train
20260727_054349_GMABWC,eval
20260727_054702_MSBYWB,train
20260727_054717_AERKTM,train
20260727_054920_CBFVPN,train
20260727_054924_VSWXHF,eval
20260727_054942_LENCWJ,train
20260727_055232_KYAUQA,train
20260727_055248_RZSCSS,train
20260727_055748_NULYFR,train
20260727_055759_NRFMXL,eval
20260727_055848_HSMLWU,train
20260727_060049_XSNVDN,train
20260727_060143_ZLRGTX,train
20260727_060149_PSVXHB,train
20260727_060251_EDJAZF,train
20260727_060342_GQWZXP,train
20260727_060505_JHYZRA,train
20260727_060640_LENHWK,train
20260727_060823_QMRZRZ,train
20260727_060953_QMGBCM,train
20260727_061334_XSKMZP,train
20260727_062239_TNSJTM,train
20260727_062245_TNWUTQ,train
20260727_062408_PRNHCR,train
20260727_062623_WDSAFE,train
20260727_062849_VLMEWG,train
20260727_063045_GPXEZN,train
20260727_063124_KZAJDT,train
20260727_063351_ZJTRUV,train
20260727_063542_HTLUAH,train
20260727_064122_JPFLMD,train
20260727_064455_PFHKFA,train
20260727_064923_QBJNBP,eval
20260727_065831_FWFHTX,train
20260727_070115_PNKQWG,train
20260727_070134_GRBWEY,train
20260727_070429_GKSQGM,train
20260727_070551_ZVFYZS,train
20260727_070712_KKABWJ,train
20260727_071101_NKLVFC,train
20260727_071951_XVHEEN,eval
20260727_072113_MQZBZP,train
20260727_072914_VDGDKJ,train
20260727_073210_SFFHRY,train
20260727_073242_JRDMNM,train
20260727_073356_LYNCMG,train
20260727_073458_AGYWCR,train
20260727_073820_EAETLG,train
20260727_074022_EAVZHD,train
20260727_074029_DPPVSX,train
20260727_074034_TNWETH,eval
20260727_074041_EBSWLW,train
20260727_074316_USHCKP,eval
20260727_074715_RYFRPR,train
20260727_074913_PKGWNS,train
20260727_075548_KUBYEV,train
20260727_075857_AZVFSD,train
20260727_075928_JKWXPA,train
20260727_080208_EQZADC,train
20260727_080239_CKPGML,train
20260727_080530_EYXEBK,train
20260727_080707_MRWTUB,train
20260727_080953_WFSRDU,eval
20260727_080955_LRJYDS,eval
20260727_081112_HWGRCK,train
20260727_082902_ENHZLX,train
20260727_083307_RSNARR,train
20260727_083531_GPYSQH,train
20260727_084003_HYNQHT,train
20260727_084452_UZFWVV,train
20260727_084619_RDHYFF,train
20260727_085125_PFTUPE,train
20260727_085157_MNWTEB,eval
20260727_085440_JHRRXQ,train
20260727_085859_JHYLDF,train
20260727_085910_JLUHAV,train
20260727_085916_WTLWMP,train
20260727_090128_CUMTGJ,train
20260727_090425_XYHSCG,train
20260727_090500_CRZJSW,train
20260727_091019_GFRPCG,train
20260727_091119_CLMXQL,train
20260727_091234_LSUKAA,train
20260727_091410_VYSBLM,train
20260727_091430_AUQGWF,train
20260727_092116_WYTFQD,train
20260727_092119_DRUGXG,train
20260727_093248_PHLQZE,train
20260727_093300_SMEEMB,train
20260727_094038_QWTNYW,eval
20260727_094240_HCZZTK,train
20260727_095032_WNDHZX,eval
20260727_095122_EXYCWL,eval
20260727_100052_WEFETF,train
20260727_100908_ENUSYJ,train
20260727_101016_NQVAYL,train
20260727_101235_KPVJDD,train
20260727_101513_GKHBXZ,train
20260727_101723_WTUSPZ,train
20260727_102058_LPEFVU,eval
20260727_102224_RNHXMT,train
20260727_103053_BLGVQJ,train
20260727_104713_MTPGXS,train
20260727_105027_GAUFBL,train
20260727_105100_KQXCZV,train
20260727_105731_MKMHBE,train
20260727_110025_KAGDMG,train
20260727_111414_UJCQXJ,train
20260727_111707_DCJREB,train
20260727_113405_LWWCDD,train
20260727_124332_EDPRYB,train
20260727_131408_WTSYYP,train
20260727_134222_YDKJJR,train
20260727_135850_EQHSTF,train
20260727_141519_LVEBTC,eval
20260727_141816_ZZLYZV,train
20260727_142419_KFAPXZ,train
20260727_143945_BSXYNR,train
20260727_222724_WXXLCS,eval
20260727_223450_VZUFVG,eval
20260727_225808_YPFNKA,train
20260727_233301_FTRBAF,train
20260727_233603_ZUKVQU,eval
20260727_235623_PNFBAH,eval
20260727_235858_SAEPNJ,eval
20260728_000110_AEQCBV,train
20260728_000138_HUSGLD,eval
20260728_000228_KFURCT,train
20260728_000336_TWVVRS,eval
20260728_000612_WXKUAJ,train
20260728_000620_ASFQNS,train
20260728_000624_EMSBTP,train
20260728_001138_VLKGEL,train
20260728_001348_BRPMPY,train
20260728_001501_PMTZXF,train
20260728_002001_WRBSTX,train
20260728_002147_MTTASS,eval
20260728_002223_HYNTLE,train
20260728_002429_EMTTMX,train
20260728_002431_VSDCMQ,train
20260728_002518_FBQYUE,train
20260728_002658_AXYPEU,train
20260728_002948_KTVYKB,eval
20260728_003130_LCAKDM,train
20260728_003145_EWYGPR,train
20260728_003225_CFUHNC,train
20260728_003243_WMLVRP,eval
20260728_003340_RUYUDP,train
20260728_003545_RZSAVF,train
20260728_003619_KSDZYN,train
20260728_003732_XQTBKC,eval
20260728_003855_EQCAUD,train
20260728_004016_LXANDT,train
20260728_004244_HQSTYX,train
20260728_004317_EPMQRM,eval
20260728_004318_UCZCVV,eval
20260728_004937_TRFTEW,eval
20260728_005105_TLYHRJ,eval
20260728_005131_XPWPKH,train
20260728_005331_JXZKHU,train
20260728_005440_UTCWGP,train
20260728_005518_DNPYJE,train
20260728_005921_ASWADX,train
20260728_010022_WGQJXN,eval
20260728_010056_BUYYPJ,train
20260728_010305_WQUGWP,train
20260728_011125_HUUSRC,train
20260728_011155_EJNWLP,eval
20260728_011627_LLFPSA,train
20260728_011628_AMCXEY,train
20260728_011740_MBLVYQ,eval
20260728_011856_FMLXHR,train
20260728_012051_ZKSHPH,eval
20260728_012702_NVCPMC,train
20260728_012758_ZAXFCY,train
20260728_012826_FAHYSL,train
20260728_012832_TQLRGW,train
20260728_013042_GESNTX,train
20260728_013438_NKYRXG,train
20260728_013718_ETRXQX,train
20260728_013730_NWPEXS,train
20260728_013802_ABSKCN,train
20260728_013942_ZWJSFE,train
20260728_014011_PWUYYE,train
20260728_014129_GRFXWK,eval
20260728_014647_TQCTLR,train
20260728_015034_QSNLZB,train
20260728_015130_TDUZHG,train
20260728_015212_EKUUNK,eval
20260728_015312_GHQJBT,train
20260728_015639_CNPEWL,eval
20260728_020057_HRMEBP,train
20260728_020324_FSSZZK,train
20260728_020523_QADSVP,eval
20260728_020605_UNUGJX,train
20260728_020627_KTPKPT,train
20260728_020757_SQXHTR,eval
20260728_021034_EGWZQN,train
20260728_021311_SQFDVZ,train
20260728_021312_BMMGXU,train
20260728_021643_SYRCJU,train
20260728_022159_MDNUJK,train
20260728_022242_TUJLBH,train
20260728_022550_SMHTYL,eval
20260728_022654_XEQDVZ,train
20260728_022941_ZKBJEU,train
20260728_023033_THMZFU,eval
20260728_023157_JUHKZA,eval
20260728_023223_SAWAFF,train
20260728_023311_EJENZQ,eval
20260728_023855_XCSZKZ,train
20260728_023917_FKNRVU,train
20260728_024038_CSFGQS,train
20260728_024113_JTKAVV,eval
20260728_024120_SBTYJY,train
20260728_024121_CALCEJ,train
20260728_024452_BHYYQM,train
20260728_024534_JTWNEU,eval
20260728_024552_PRZKFL,train
20260728_024732_GNLWUE,train
20260728_024845_DEBZZV,train
20260728_025149_RPEDTY,train
20260728_025223_JPWZDA,eval
20260728_025458_PNMWFV,train
20260728_025642_JVNQWS,train
20260728_025716_LQCKGH,train
20260728_030037_PJPZYB,train
20260728_030445_PGKCBF,train
20260728_030450_WZSEDW,train
20260728_030534_DLWAPX,train
20260728_030607_DZCBUK,train
20260728_030714_CFPGNM,eval
20260728_031006_ATXBLG,eval
20260728_031035_RHWUCG,train
20260728_031101_ZLSSLU,train
20260728_031242_MAYWHH,eval
20260728_032404_NVAKGE,train
20260728_032606_VAYAEL,eval
20260728_032928_EKEASR,train
20260728_033655_TJUBYN,eval
20260728_033837_GXBBRZ,train
20260728_034010_YFKYUM,train
20260728_034307_XHLWZR,train
20260728_034322_UYQHFM,train
20260728_035226_CLCKGC,train
20260728_035416_EZVYLQ,train
20260728_035747_ZFXSYC,train
20260728_040345_JDTHGM,eval
20260728_041030_WKMMUY,train
20260728_041654_BJKNDG,eval
20260728_043241_AVSKQL,train
20260728_043435_TPSHKJ,train
20260728_044003_ARJPAR,eval
20260728_044230_AGAVRC,eval
20260728_044355_NGBLHH,train
20260728_044627_LKXFSE,train
20260728_044857_AHSXQY,train
20260728_044950_HSECJE,eval
20260728_045849_HPQSQP,train
20260728_050111_PCEKLW,train
20260728_050115_UCMKVU,train
20260728_050225_EFHDNZ,train
20260728_050420_CSGUBF,train
20260728_050442_AGAATL,train
20260728_050708_WXFQGW,train
20260728_050829_VVRJWF,train
20260728_050919_KHLRCT,train
20260728_051034_RQHULY,train
20260728_051115_BKKKSV,train
20260728_051401_LCMGXM,train
20260728_051733_QFSULP,eval
20260728_051735_GMHZGN,eval
20260728_051817_YEMTGU,train
20260728_051841_TCUFPK,train
20260728_051911_JNKLYB,eval
20260728_052116_CSQUVG,eval
20260728_052118_GTUVCY,train
20260728_052148_NSSRJW,train
20260728_052232_EZRAMP,train
20260728_052534_XBSWFE,train
20260728_052825_BBNHQN,train
20260728_053006_FYFMLT,train
20260728_053016_WVEBSD,train
20260728_053419_LJVJBF,eval
20260728_053419_PLESSX,train
20260728_053514_PVBFXG,train
20260728_053715_GMKJGT,train
20260728_053929_HYBYLP,train
20260728_053938_GUBTHC,train
20260728_054002_ZJEKEX,train
20260728_054132_AJMZXS,eval
20260728_054140_BEZEVN,train
20260728_054242_BSZSQH,train
20260728_054432_ESPJLQ,train
20260728_054443_MBDWXH,train
20260728_054710_EZXLJU,train
20260728_054730_FERTDK,train
20260728_054808_FNVTVL,train
20260728_054933_LHCZBQ,train
20260728_055039_VFJHRZ,train
20260728_055232_AXRQYR,train
20260728_055232_USLANA,train
20260728_055430_RJSBGM,train
20260728_055517_YXMPCD,train
20260728_055551_MBCKCT,train
20260728_055804_KRXSUQ,train
20260728_055836_FWBBSG,train
20260728_055915_LFMQKV,train
20260728_055933_CMJAVV,train
20260728_060057_XJAGSU,train
20260728_060309_VKTCML,train
20260728_060556_JUVMXD,train
20260728_060704_KMJMBN,train
20260728_060708_QSPWDW,train
20260728_060843_SABVCS,train
20260728_060851_ETUWLP,eval
20260728_061006_RAFMNP,train
20260728_061019_KSESKC,train
20260728_061323_NQJNXU,train
20260728_061525_XZHULL,train
20260728_061649_KTQXSZ,train
20260728_061832_VXNJGZ,train
20260728_061933_USKNBH,eval
20260728_062005_ACJNSL,train
20260728_062036_EVAENM,train
20260728_062236_DAFRLZ,eval
20260728_062318_TTDPNN,train
20260728_062339_JCTBWY,train
20260728_062350_EKCWPP,eval
20260728_062408_QZCYKU,train
20260728_062416_FHZHLX,train
20260728_062455_NQABAG,train
20260728_063024_DRKSJM,train
20260728_063027_HPYZKU,train
20260728_063135_KCXLVJ,train
20260728_063252_JYHECJ,train
20260728_063323_PNJAMF,train
20260728_063455_CBTERQ,train
20260728_063553_PMKBPT,train
20260728_063701_HKWPFQ,train
20260728_063907_MFZVFL,train
20260728_064009_HBYLDF,eval
20260728_064050_VKWBYR,train
20260728_064210_AAFJXA,train
20260728_064227_LLBSCC,train
20260728_064505_WCSCPP,eval
20260728_064700_GUWVWR,train
20260728_064800_LHKTRK,train
20260728_064854_GHSZQU,eval
20260728_064934_YSNYAJ,train
20260728_065557_LYRZMF,train
20260728_065641_WEGBVH,eval
20260728_065917_DBKLHE,train
20260728_070002_THYWSG,train
20260728_070039_ZAMDAN,eval
20260728_070229_DPJSRW,train
20260728_070425_HLJSMC,train
20260728_070505_QZSXVN,eval
20260728_071045_QBRRJM,eval
20260728_071106_TKYXLW,train
20260728_071125_SEHKEV,train
20260728_071203_AVZCYU,train
20260728_071413_RERNUV,train
20260728_071501_DCFFKK,train
20260728_071503_TENPEX,eval
20260728_071507_BXNAVA,eval
20260728_071640_GWDMCB,train
20260728_071803_SNQGTS,train
20260728_072042_XGKXSX,train
20260728_072205_XVEYDN,train
20260728_072227_UWUVBA,train
20260728_072246_STNWZS,train
20260728_072305_FBVKFS,train
20260728_072324_FUPLMA,train
20260728_072347_LGKDPF,train
20260728_072940_UAFJGX,train
20260728_073021_NUPQDG,train
20260728_073450_QEJQNM,train
20260728_073734_YNQSVS,eval
20260728_073959_CUCBVQ,eval
20260728_074029_EZHGJF,train
20260728_074113_AYQPBG,train
20260728_074206_CEYZEZ,train
20260728_074235_ESBDRR,train
20260728_074423_RTMDAK,train
20260728_075107_JQZQAD,train
20260728_075153_HXEEXH,train
20260728_075850_RLGZNC,eval
20260728_075944_PSLAYK,eval
20260728_080434_WRKUYC,train
20260728_080454_KTMWQN,train
20260728_080524_WJEBQP,train
20260728_080723_YGNNEM,train
20260728_081209_CLLEMA,eval
20260728_081258_LKBMSU,train
20260728_081357_KXKMFB,train
20260728_081417_YPNWNA,train
20260728_081421_BWPVKY,train
20260728_081502_SVQSGJ,train
20260728_081518_WJDRTH,train
20260728_081913_RRZAYN,eval
20260728_082030_SVGZWP,train
20260728_082120_NHKMTQ,eval
20260728_082343_DGBDPU,train
20260728_082611_VUTLVX,eval
20260728_082852_QZMJRD,train
20260728_082953_VESUZU,train
20260728_083212_SRAXGE,train
20260728_084731_LARCLH,train
20260728_084824_HQRYZU,train
20260728_084855_HZTNTJ,train
20260728_085342_FDNPTM,train
20260728_085416_PKJGXJ,train
20260728_085803_HUTKPA,train
20260728_085828_XTCJSC,train
20260728_085937_PZACMC,train
20260728_090142_LFYYSS,train
20260728_090249_DWMSUZ,train
20260728_090337_LFNVCP,train
20260728_090740_UKCTBS,train
20260728_090751_SNZKPD,train
20260728_090809_BYPHMA,train
20260728_090952_SNTRWJ,train
20260728_091030_VSUYEP,train
20260728_091226_UPHWEH,train
20260728_091450_WQSAPF,train
20260728_091539_FQNATZ,train
20260728_091850_NNWQEM,train
20260728_092010_CQLZSJ,train
20260728_092252_MSCZJP,train
20260728_092319_KDABPT,train
20260728_092447_JNWAQJ,eval
20260728_092612_JDQYJF,train
20260728_092627_VBWHBU,train
20260728_092756_FATQSH,train
20260728_093441_ZCWFWG,train
20260728_093642_JAVSFD,train
20260728_093946_VWZMCT,eval
20260728_094239_ELYCRM,eval
20260728_095239_ZUGMLU,train
20260728_095823_HBVBYR,eval
20260728_100555_VFZJEY,train
20260728_100743_FRKDCR,train
20260728_100859_CUBHUG,train
20260728_102305_NXYFCU,train
20260728_102827_XTMPSD,train
20260728_103235_SETHUT,train
20260728_103611_FJCSUY,train
20260728_104509_LQQGTF,train
20260728_105223_QJXEEW,train
20260728_105334_UYXVQV,train
20260728_110425_ZPQLWU,train
20260728_111211_JADZAC,train
20260728_111509_QCNCYL,eval
20260728_113500_RJDALG,train
20260728_115604_LWDCVU,train
20260728_115636_GXZMZV,train
20260728_115731_YNBSUG,eval
20260728_120307_XNNBFV,eval
20260728_120759_ZRQPES,train
20260728_122921_QDTRSJ,train
20260728_124742_VSUUJB,train
20260728_125023_FBQLLY,eval
20260728_130944_UTRQKF,eval
20260728_131650_BRVCQT,train
20260728_132416_GTNUPB,train
20260728_133319_FYEHYE,eval
20260728_134258_DYNCUY,train
20260728_134413_CZQTHN,eval
20260728_140018_YKEHLV,train
20260728_140229_DMFTPL,train
20260728_140555_LZSGVY,train
20260728_141154_DFRNDV,train
20260728_141909_ANFNNM,train
20260728_143048_EPZBGH,train
20260728_153938_NJCQVQ,train
20260728_160403_HSBSZW,train
20260728_162948_JDJPUW,train
20260728_184240_UDVAFA,train
20260728_185221_GGQPSZ,eval
20260728_210746_USYXMA,eval
20260728_215726_FVJNJU,train
20260728_222949_SVZHRE,train
20260728_224557_EPPAKA,eval
20260728_225801_DGZYYM,train
20260728_233645_YGVAXJ,train
20260728_234835_ZQWPND,train
20260728_234837_WRAQJB,train
20260729_000408_CCHDPK,train
20260729_000442_KAMAAD,train
20260729_000530_ZERZQP,train
20260729_001214_MMQCJZ,train
20260729_001333_EUNJBR,train
20260729_001537_YKUEJL,eval
20260729_001737_KXACEY,train
20260729_001748_LYNRLR,train
20260729_001752_NBDWRA,train
20260729_001809_AVLDHR,train
20260729_001823_LFDJFF,train
20260729_001955_JEAYAQ,train
20260729_002140_AMGRFY,train
20260729_003048_TPEBAL,eval
20260729_003412_UCDEXE,eval
20260729_003458_TSSHRK,train
20260729_003819_LYAUCD,train
20260729_004257_ELHBXS,train
20260729_004607_EFDFPQ,train
20260729_004658_QDEASQ,eval
20260729_004819_ALWFEZ,train
20260729_004933_EEXPFU,train
20260729_005010_TGMPFK,train
20260729_005107_URDAWF,train
20260729_005544_EXMQAH,train
20260729_005920_WNDPJL,train
20260729_010555_YSNQXY,eval
20260729_010556_ACTERH,train
20260729_011038_CFQWPR,eval
20260729_011210_HSUHJK,train
20260729_011252_THGXVZ,train
20260729_011327_NNWSWB,train
20260729_011613_DSTFYW,train
20260729_011634_FQTFPR,train
20260729_011753_SLNCDH,train
20260729_011818_FRHQQY,eval
20260729_011843_RYSRMP,eval
20260729_012139_RXPHBW,eval
20260729_012255_UNZQAU,eval
20260729_012510_KWRYFX,eval
20260729_012545_TKXKFX,train
20260729_012725_AURTCB,train
20260729_012731_FAPKKG,eval
20260729_013106_RRVQZX,train
20260729_013254_LHCULE,train
20260729_013925_WAYQES,train
20260729_013959_QCQRDM,train
20260729_014012_UNEGFX,train
20260729_014244_WQQUGY,train
20260729_015430_EWFWGP,train
20260729_015430_FAJXXA,train
20260729_015520_FBFRCV,train
20260729_015722_SKQCRA,train
20260729_020027_XNWPCZ,train
20260729_020056_DVPLSX,eval
20260729_020111_UBRGDT,train
20260729_020136_TKAXKA,train
20260729_020437_WLAJTY,eval
20260729_020452_XVGXBX,train
20260729_020712_HKPSBM,train
20260729_020847_TSGLAV,train
20260729_020913_UVVULR,train
20260729_020932_FPCCBP,train
20260729_021126_ANKRMW,train
20260729_021151_RYVVMB,train
20260729_021403_JVQMXM,train
20260729_021406_JNGFCE,train
20260729_021412_WDMARE,train
20260729_021854_UQSZPR,train
20260729_021917_ZYFRZQ,train
20260729_022156_SKRJXQ,train
20260729_022547_UCBWCH,eval
20260729_023003_VLXRWU,train
20260729_023019_FFNFDS,train
20260729_023211_ACXULR,train
20260729_023315_LZHLZF,train
20260729_023326_ZRGTRN,train
20260729_023726_VMEBBG,train
20260729_023846_ZYYPXD,train
20260729_024215_EHTXUB,eval
20260729_024936_WHDZBT,train
20260729_025220_EKSMDG,train
20260729_025651_NYLWCR,train
20260729_030108_GFQPAM,train
20260729_030542_BCFCNL,train
20260729_031158_AKMWSM,train
20260729_031225_WYULDK,train
20260729_031654_QLDYMR,train
20260729_031717_ZCEDNH,eval
20260729_031936_GBQLNF,train
20260729_031938_SFKSGR,train
20260729_031958_ENNQGR,train
20260729_032127_EUYYLB,eval
20260729_032448_LFDVJX,train
20260729_032605_PRDJRW,train
20260729_032816_FXEWMK,eval
20260729_033225_NTDGYT,eval
20260729_033308_KYZPUZ,train
20260729_033339_AYKZXG,train
20260729_033652_GSVKJL,train
20260729_033813_BTLTAB,train
20260729_034050_WCWDEG,train
20260729_034540_VRSNAR,eval
20260729_034847_KJXNKB,train
20260729_035212_ZPZDVN,train
20260729_035226_GCCRHY,train
20260729_035736_DPSRAR,train
20260729_035808_PYTBFU,train
20260729_040056_NKTEQM,train
20260729_041238_PQHQQY,train
20260729_041259_NZKCXW,train
20260729_041544_KRESMQ,train
20260729_041721_FGGFFA,train
20260729_042125_BGLTUG,train
20260729_042658_FGVQCG,train
20260729_042845_QUWLZK,train
20260729_042921_UYXUWN,train
20260729_042950_UBFHRZ,train
20260729_042957_XELUZC,eval
20260729_043406_BLBWXR,train
20260729_043628_XKXRRQ,train
20260729_043906_LGZTAZ,train
20260729_044109_TKVBXB,eval
20260729_044301_GGUKCL,train
20260729_045214_QLAHZE,train
20260729_045643_ABCHLW,eval
20260729_045931_LYYWBQ,train
20260729_050058_XWEPND,train
20260729_050110_AGQYSA,train
20260729_050115_DZQFGC,train
20260729_050257_UALAWL,train
20260729_050343_LPJMWY,train
20260729_050702_CESEQH,train
20260729_050704_XWCKSE,train
20260729_050712_EWJNET,train
20260729_050716_EHEYZN,train
20260729_050813_NKPYCW,train
20260729_050854_MNVNWH,eval
20260729_051002_BUEXYN,train
20260729_051223_SXMBJP,train
20260729_051259_DDEETV,eval
20260729_051823_YJKBBB,train
20260729_052318_XYPGST,train
20260729_052637_KKANJH,train
20260729_052718_WAUWEY,eval
20260729_052929_WDPZKH,train
20260729_053117_MQERWS,train
20260729_053559_NBFBCN,eval
20260729_053833_WJTUXM,train
20260729_054004_CPLXCB,train
20260729_054056_EMFRLK,eval
20260729_054429_AYQSMP,train
20260729_054635_RGNMFN,train
20260729_054708_JNNXHJ,train
20260729_054825_LLJDRQ,train
20260729_054841_GJBCXB,eval
20260729_055222_ZHEYHX,train
20260729_055228_QDMTNR,train
20260729_055551_VXWKZB,train
20260729_060020_HKTFFH,train
20260729_060133_HLDGBL,train
20260729_060332_TVJDTL,train
20260729_060513_UNUQHW,train
20260729_060536_YZEFWE,train
20260729_060635_RRHTVE,train
20260729_060656_KEXDZY,eval
20260729_060918_RMEZWK,train
20260729_061018_RGPPGQ,eval
20260729_061116_XNCYND,train
20260729_061224_BZGWVF,train
20260729_061226_YHEKZN,train
20260729_061503_PRLQSC,eval
20260729_061548_GYPDGT,train
20260729_061702_UFGWJV,eval
20260729_061730_TJUBCX,train
20260729_061850_WZKZQG,train
20260729_062015_RTHNYE,train
20260729_062245_AZCFTZ,eval
20260729_062248_NDAJWT,train
20260729_062320_EECWRQ,eval
20260729_062447_FYZNRA,train
20260729_062804_SGDZAN,train
20260729_062910_YXFPGV,train
20260729_063300_MUZJTU,train
20260729_063355_CERUFD,train
20260729_063528_XCKKRB,eval
20260729_064114_TMRETC,train
20260729_064756_QNUKNX,train
20260729_064818_QNQLJC,train
20260729_064913_BRAHFK,train
20260729_065547_RLSRYQ,eval
20260729_070135_VQJVHU,train
20260729_070351_YQEQLY,train
20260729_071048_GWQLWU,train
20260729_071128_VJFCXX,train
20260729_071312_NCWZDS,eval
20260729_071423_WBSGMT,train
20260729_071453_NTWFML,train
20260729_071925_QRWVMC,eval
20260729_072044_RHHVAG,train
20260729_072118_KQAVXG,train
20260729_072122_DYWPJE,eval
20260729_072412_EUCQKQ,train
20260729_073139_ZPHYNQ,train
20260729_073205_MCPXFU,train
20260729_073209_NMUXQU,train
20260729_073247_ZDEXFN,train
20260729_074540_KYHHMQ,train
20260729_074633_WUJJGR,train
20260729_074812_XBXLVU,train
20260729_075033_YMTCVL,train
20260729_075050_JYZVRA,train
20260729_075200_HERPDU,train
20260729_075353_UZWJZY,train
20260729_075450_JRYTTT,eval
20260729_075535_EZASDN,train
20260729_080415_JPPMAK,train
20260729_080459_GAPUHG,train
20260729_081557_GDRPSQ,train
20260729_081823_NUKEPF,train
20260729_081857_SGHBSQ,train
20260729_081933_BGPGJU,train
20260729_082640_AQKWNZ,eval
20260729_082654_DNRDFV,train
20260729_082714_XGYNRT,eval
20260729_083058_PQSPLW,train
20260729_083251_KEDQNG,train
20260729_083450_VMEEKG,train
20260729_083544_XHSYVM,train
20260729_084246_NYTNFC,train
20260729_090003_KWUFTX,train
20260729_090126_YWAYGJ,train
20260729_090314_RQTETQ,train
20260729_090831_QBKREY,train
20260729_091046_YTWJXV,train
20260729_091109_TQLWXM,train
20260729_091735_KTVGZD,train
20260729_091746_DSHDGU,train
20260729_092212_BVCBVL,eval
20260729_093417_GNQPHS,eval
20260729_093638_PRGGYZ,eval
20260729_094213_TSKTPH,train
20260729_094610_PHDNSY,train
20260729_095313_BBEWAR,train
20260729_095511_TVRKPQ,train
20260729_100402_QRJYFA,train
20260729_100751_BFJLUM,train
20260729_101204_BDMMGQ,train
20260729_101446_QJSVAU,eval
20260729_101840_EUPAEF,train
20260729_102040_ANFKJX,train
20260729_102127_LEPYHC,train
20260729_102603_JSEFJC,eval
20260729_102628_SCVBPG,train
20260729_102645_NGCRQA,train
20260729_103243_XKMFSJ,eval
20260729_104759_YWJZFL,train
20260729_110607_CEXVXM,eval
20260729_111004_ZRXUJX,train
20260729_113308_WRVRQP,train
20260729_113318_TTXDFX,train
20260729_113536_UHUVDA,train
20260729_114015_EDNMZF,eval
20260729_114538_PJTBJN,train
20260729_120305_CVKSUZ,eval
20260729_120959_MBNTXH,eval
20260729_130144_TXFMDY,eval
20260729_130924_THALSH,train
20260729_131418_NCHNTP,train
20260729_133133_PNVXME,eval
20260729_133313_WJKPFE,train
20260729_142813_QZPJUT,train
20260729_150136_FAVBTZ,train
20260729_153138_WYETCC,train
20260729_153507_WXRGVZ,train
20260729_163519_DTTEWK,train
20260729_190508_BCKGRZ,train
20260729_223900_VGYRRN,train
20260729_225710_XMXTDB,train
20260729_234222_GQJSNY,eval
20260729_234423_FHAAYF,train
20260729_235247_PPNRZN,train
20260729_235400_NNGJNQ,train
20260729_235812_QFHHJV,train
20260730_000005_EGCZYL,train
20260730_000317_KUBSQF,eval
20260730_000426_EDTKAK,train
20260730_000804_KNYVRF,eval
20260730_001234_QYRLMH,train
20260730_001548_BZEKFL,train
20260730_001640_JZMMRA,train
20260730_002014_VGYKML,train
20260730_002210_TBDWRR,train
20260730_002455_EUSFHX,train
20260730_002558_CTJLES,train
20260730_002853_XLRSLT,train
20260730_003046_JJUZNV,eval
20260730_003224_DDLZGD,train
20260730_003426_QCVFCR,train
20260730_003608_DALRPL,train
20260730_003652_NLHCTM,train
20260730_003656_HZXKHL,train
20260730_003753_WUJVFS,train
20260730_003849_YQDMRE,train
20260730_003916_VCBYTL,train
20260730_004029_VBKAGD,train
20260730_004139_VGSFDE,train
20260730_004339_GMMFPN,train
20260730_004352_QDHBRQ,train
20260730_004355_UQVCZF,train
20260730_004407_XFRVKE,train
20260730_004434_NCYAWX,eval
20260730_004439_SMZFXG,train
20260730_004615_ESUDGX,train
20260730_004702_BTNXQC,eval
20260730_004718_CCMGFS,train
20260730_005044_WJLMGL,train
20260730_005459_ESXYXR,train
20260730_005522_MVSLCB,train
20260730_005736_LPWARB,train
20260730_010502_WZFRSU,train
20260730_010612_BFEYVC,train
20260730_010917_KUSKKF,train
20260730_011122_DPRYCN,eval
20260730_011134_SRCBLX,eval
20260730_011245_KDAZLV,train
20260730_011322_NKYRSH,train
20260730_011504_HUNTPZ,eval
20260730_011520_JSHYLF,train
20260730_011555_NLLEZJ,train
20260730_011629_PWBYYM,train
20260730_011852_VAQAAA,train
20260730_012247_REAHXY,train
20260730_012415_RYNJSX,eval
20260730_013117_QZYMGE,train
20260730_013145_YJLUQZ,train
20260730_013626_LZPYZD,eval
20260730_013824_QHSMJJ,train
20260730_013848_WDVYER,train
20260730_014157_YYPASU,train
20260730_014629_GFLULL,train
20260730_014652_KLWWNJ,train
20260730_014831_LZEKXX,train
20260730_014922_PQWCCB,train
20260730_015557_FFMBXQ,train
20260730_015625_CJGWAP,train
20260730_015736_FYNVEX,train
20260730_015805_RMCGQV,train
20260730_020058_GXSDDY,train
20260730_020113_HGSZPW,train
20260730_020407_ESWFMV,train
20260730_020556_FCLZQY,train
20260730_020641_GLYWDS,train
20260730_020757_QDUKMF,train
20260730_020914_AGSCFX,train
20260730_021245_SMBKLJ,train
20260730_021329_CTWSPX,train
20260730_021417_CRKNJY,train
20260730_021425_PTHLTX,eval
20260730_021629_JCTTJT,train
20260730_021648_YCUMGU,train
20260730_021707_LAVMXW,train
20260730_022300_HGLZNY,train
20260730_022424_HDKEHL,train
20260730_022428_JZPBHP,train
20260730_022437_XSTJSL,train
20260730_022841_MNLWFQ,eval
20260730_022948_PEMKHT,train
20260730_023418_BLSAGD,train
20260730_023528_RBWMRQ,eval
20260730_023558_MFTZJE,train
20260730_024025_LNRGVQ,train
20260730_024045_TTHBSC,train
20260730_024141_EAWGTY,train
20260730_024445_QRFXMW,eval
20260730_024527_HCLAUR,train
20260730_024818_THGNHF,train
20260730_024924_RTKTUN,train
20260730_025429_SZXCBH,train
20260730_025835_CZEPTC,train
20260730_025913_AJNCJR,eval
20260730_030118_HSDHUF,train
20260730_030449_TPJMGR,train
20260730_030833_XRZEMY,train
20260730_031516_TBYBAQ,train
20260730_031517_XCEHCP,train
20260730_031757_PVYWTR,train
20260730_031759_TBNTUQ,eval
20260730_031828_BXZGCZ,train
20260730_032030_ANANEX,train
20260730_032229_DVEBPH,train
20260730_032306_AYPGRB,train
20260730_032357_EPTMSK,eval
20260730_033152_KTBCWV,train
20260730_033604_MMWZFF,train
20260730_033643_XPRFHX,train
20260730_033655_ESTSVA,train
20260730_033739_YZGJYA,train
20260730_033830_EGVFLV,train
20260730_033924_CXRETZ,eval
20260730_033956_WGHWWJ,train
20260730_034104_FPDSRL,eval
20260730_034230_ZALDQE,eval
20260730_035158_WXQNKH,train
20260730_035335_JAHTAK,train
20260730_035343_ATFHDB,train
20260730_035526_PJZJBP,eval
20260730_035901_YTMMZB,train
20260730_040112_QLZZKZ,train
20260730_040147_HYNPVL,train
20260730_040239_SKNKMC,train
20260730_041730_TCCBBZ,train
20260730_043021_ZUPXVH,train
20260730_043306_ZRRYXN,train
20260730_043432_AZQNFQ,train
20260730_043810_QFQGQD,train
20260730_044535_HHREXP,train
20260730_044544_AGCZPX,train
20260730_044619_SYZTFY,train
20260730_044640_WFSVWW,train
20260730_044647_WCXFCM,train
20260730_044851_WMMVEB,train
20260730_044919_PKJNRU,train
20260730_044937_VNABQQ,train
20260730_044956_LRUBSU,train
20260730_045254_KTBRAF,train
20260730_045346_SUCYHN,eval
20260730_045632_CXNSVK,train
20260730_045844_BMKTBG,train
20260730_045955_QVBYTD,eval
20260730_050112_JWYHWD,train
20260730_050308_VBXRFY,train
20260730_050347_NXUMSB,train
20260730_050407_MMSHLA,eval
20260730_050620_DPUPYY,train
20260730_050655_KPYJUH,train
20260730_050759_HJXVLM,train
20260730_050828_PWRVAS,eval
20260730_051101_ZMPRWE,eval
20260730_051206_NWTTDC,train
20260730_051226_HSPGUX,train
20260730_051721_KQCXTQ,eval
20260730_051818_SFUGVK,train
20260730_051852_DPKKJG,eval
20260730_051903_XRQTAV,train
20260730_052131_KFFQRJ,train
20260730_052144_TDRYUV,train
20260730_052210_KJRJWG,train
20260730_052217_BFVWJT,eval
20260730_052229_CZKZZJ,eval
20260730_052230_NDDHAT,train
20260730_052437_BLYJPA,train
20260730_052639_RMVXGZ,eval
20260730_052653_DJEZHJ,train
20260730_052729_HARHXW,train
20260730_053112_CQDBLZ,train
20260730_053201_UKNBAC,train
20260730_053443_KECFTA,eval
20260730_053703_KTBAFD,train
20260730_053750_LLFVWF,train
20260730_053756_FDDJJS,train
20260730_053846_HKHMGY,train
20260730_053950_HQLWEP,train
20260730_054330_APHKVC,train
20260730_054351_KKYVUK,train
20260730_054507_ZBJNAB,train
20260730_054545_YAMNFE,train
20260730_054558_YDACTV,train
20260730_054703_VPKCCW,eval
20260730_054827_DBGMYM,eval
20260730_054906_JVMYJT,train
20260730_055046_ZXEEVR,train
20260730_055328_AYEWKS,train
20260730_055450_TNNRDZ,eval
20260730_055759_PQJLGS,train
20260730_055811_NZAJKW,train
20260730_055850_SZFGPG,train
20260730_055937_CNHXFV,train
20260730_060134_FSVHRF,train
20260730_060221_FVMBPW,train
20260730_060253_CAEQVD,train
20260730_060409_ZWEVGB,train
20260730_060507_SKRMWD,train
20260730_060708_YHMRMM,train
20260730_061019_XBQRSP,train
20260730_061207_GNXSCN,train
20260730_061926_EAJACH,train
20260730_062028_FLQDDF,train
20260730_062713_KNYLMA,train
20260730_062715_MPJJBW,eval
20260730_062910_XCAJGP,eval
20260730_063157_MSSTUS,train
20260730_063340_XZMQQH,eval
20260730_063751_DYHAAF,train
20260730_063900_TFLZHB,train
20260730_064403_BWJKKL,train
20260730_064519_BKEQLU,train
20260730_064538_AZCSRK,eval
20260730_064630_GEKFKR,train
20260730_065228_PPMUBA,train
20260730_065656_HMBANZ,eval
20260730_070847_PZQUKM,train
20260730_070923_HBXCJR,train
20260730_071404_AJPKBP,train
20260730_071914_RSYLEG,train
20260730_072336_SDQXRM,train
20260730_072451_TFJUPD,train
20260730_072928_EEZLJJ,train
20260730_073308_HTFGJB,train
20260730_073310_UQGGRX,train
20260730_073321_AGSFPF,train
20260730_073517_WCKGCF,train
20260730_073552_PESZYJ,train
20260730_073738_CGCHLY,train
20260730_073811_TSEENE,train
20260730_074001_ZAXSGU,train
20260730_074258_ALXFFN,train
20260730_074420_RNMCSM,eval
20260730_074614_KWTPAE,train
20260730_075357_GRURFF,eval
20260730_080034_YCFSPZ,train
20260730_080156_WVDGMW,train
20260730_080416_EJSHBQ,train
20260730_080446_QJYBRZ,train
20260730_080627_BULNQM,train
20260730_080710_VMYJHX,train
20260730_081201_YATPDR,train
20260730_081229_YPEDRZ,train
20260730_081807_LFALYR,eval
20260730_081907_AKNRNP,train
20260730_081912_ZFBZMK,train
20260730_082623_ANWYJG,train
20260730_082641_TAWYXE,train
20260730_082727_TQEQSB,train
20260730_083647_PZJSWM,train
20260730_083802_JPMHQR,train
20260730_084136_VYDPUV,train
20260730_084250_PMDBFM,train
20260730_084333_QAHTVX,train
20260730_084452_PPFQYP,train
20260730_084738_VESBAM,train
20260730_084805_RPNYGM,train
20260730_084911_HGLPRZ,train
20260730_084946_MXQQBP,train
20260730_085104_PAHYCS,train
20260730_085651_GJEYKH,train
20260730_085954_BXEVLC,train
20260730_090006_FVFFKQ,train
20260730_090233_RAKYQY,train
20260730_090905_LBMZXM,train
20260730_090953_DBUFYE,train
20260730_091411_BAKKRA,train
20260730_091542_DVRXDF,train
20260730_091616_WJVUPU,train
20260730_091705_HPBJLP,eval
20260730_091921_LESJQT,train
20260730_092004_XCZTZB,train
20260730_092147_YGWFVY,train
20260730_092207_NAFSUY,train
20260730_092346_CFFMNQ,train
20260730_092402_HTPNAL,eval
20260730_092456_SRCZVZ,train
20260730_092744_RGSMXX,train
20260730_092845_GERQLD,train
20260730_092941_LEZEST,train
20260730_093019_TNZZAR,train
20260730_093708_YZHFJZ,train
20260730_094310_AHKJHF,train
20260730_094836_RXBQQP,train
20260730_100043_PUTXUM,train
20260730_100354_TULPCL,train
20260730_100532_TXYQMR,train
20260730_100624_GXLZYX,train
20260730_101948_KGNAEG,train
20260730_102905_KUMKKZ,train
20260730_103412_GRXHWY,train
20260730_105808_SQCZBN,train
20260730_110459_JAXZUC,train
20260730_112359_PQQLDY,train
20260730_112916_SDTVEP,train
20260730_113657_HQYZNU,train
20260730_114237_CPVLVZ,train
20260730_114250_YWNPWZ,eval
20260730_120323_VRSMSS,eval
20260730_131000_FTVAPP,train
20260730_132731_NWUTSN,train
20260730_134910_GPPZTV,train
20260730_135114_VJJNHW,eval
20260730_142508_EXCNJQ,train
20260730_142955_CWWVQV,train
20260730_151332_ZMRWDP,train
20260730_153416_NTRJAQ,eval
20260730_153703_SLGKZT,train
20260730_154721_MMMPKG,eval
20260730_170028_AJJEWT,train
20260730_170956_QSTVMB,train
20260730_190554_CUHRLX,eval
20260730_215131_GVJTTL,eval
20260730_223742_SPSVLB,train
20260730_224528_MGQFED,train
20260730_224643_YMVKWB,train
20260730_225523_FZNTTG,train
20260730_231042_JZUPPH,train
20260730_232315_LJVUST,train
20260730_232629_LXEYJF,train
20260730_233434_ETLXEX,train
20260730_234717_LGSCUN,train
20260730_235451_FCKHXT,train
20260730_235737_AKTZPY,train
20260730_235828_NAAHKM,eval
20260731_000443_EDYJMJ,train
20260731_000718_FLHFGC,eval
20260731_000733_QBRXCW,eval
20260731_000818_MWDUCN,train
20260731_000833_YRNJWG,train
20260731_000850_EWCLND,train
20260731_001414_KHJCNZ,train
20260731_001547_NPTPZQ,train
20260731_001709_TGREAK,train
20260731_001831_DLADWF,train
20260731_002109_XHTXCS,train
20260731_002134_DNJDCV,train
20260731_002142_GDRNZK,train
20260731_002359_LWSNZR,train
20260731_002649_VZWHLT,train
20260731_002910_ABRWQE,eval
20260731_002955_BLVSVE,train
20260731_003131_PHDNQV,train
20260731_003139_FNANLZ,train
20260731_003217_RHUPZK,eval
20260731_003300_XKQSBZ,train
20260731_003307_HHWFSX,train
20260731_003310_MHPJPX,train
20260731_003616_LXSNCY,train
20260731_003735_UTNDVN,train
20260731_003823_LGUKZL,train
20260731_003911_CBJFTT,train
20260731_004413_BGUWMH,eval
20260731_004417_XREWHP,train
20260731_004506_GQKCTH,train
20260731_004622_HGSQYU,eval
20260731_004733_ZVUBAC,train
20260731_004821_ESQSRW,train
20260731_005133_KEEUDF,train
20260731_005345_AXBYJR,train
20260731_005600_CJNQTR,eval
20260731_005758_KEBYVG,train
20260731_005852_DMECTN,train
20260731_005945_WFMCZM,eval
20260731_010024_RHGRYX,train
20260731_010314_YGPBKC,train
20260731_010317_PKFZFU,train
20260731_010814_FLMTCN,train
20260731_010931_BWYMUQ,train
20260731_011446_MJGHLD,train
20260731_011505_HCUZUD,train
20260731_011515_FTQTAH,train
20260731_011614_JDFUAA,train
20260731_012007_GFYZZU,eval
20260731_012024_KEFHVU,eval
20260731_012305_PCMRAW,train
20260731_012308_BULJTE,train
20260731_012613_AFFPJZ,train
20260731_012903_JPGJJW,train
20260731_012944_XWBYXQ,train
20260731_013141_JGYMPT,eval
20260731_013224_EVUXPW,train
20260731_013553_TKEEWN,train
20260731_013631_YCPXLP,eval
20260731_014038_DYXLYW,train
20260731_014100_MXKXLX,eval
20260731_014142_JEERQW,train
20260731_014147_YELUPB,train
20260731_014357_VRJSJA,train
20260731_014722_LFEWRV,eval
20260731_014738_FHMGXB,eval
20260731_015001_ZLLVEK,eval
20260731_015156_HQTRZD,train
20260731_015322_SQYAAE,train
20260731_015331_NGDRAA,train
20260731_015854_QHEQHN,eval
20260731_015918_CCQVWU,train
20260731_020016_KQYPBC,train
20260731_020259_DPPCXZ,train
20260731_020425_CQPCGD,train
20260731_020448_CMADNA,train
20260731_020456_NGFMAC,train
20260731_020539_BLRZBN,train
20260731_020700_HREFHG,train
20260731_020851_UQCUPN,train
20260731_020924_MNMEQZ,train
20260731_021226_MLBGZH,train
20260731_021307_QVKHMC,eval
20260731_021641_BYAZSX,train
20260731_021710_GYKBYW,train
20260731_021819_DDPVZS,train
20260731_021951_VQVALA,train
20260731_022316_XTTZRZ,eval
20260731_022521_UUQRSW,train
20260731_022523_YQGUZZ,train
20260731_022652_DKRAMH,eval
20260731_023526_JEEEBW,train
20260731_023942_AQNLCT,train
20260731_024024_RWNHBK,train
20260731_024259_TZHDSS,eval
20260731_024646_TENZJZ,eval
20260731_025139_YGAMYU,train
20260731_025144_HMPQHJ,eval
20260731_025212_HTALUM,train
20260731_025344_XDSPJL,eval
20260731_025359_WZKAKZ,train
20260731_025541_AZTEWH,train
20260731_025753_VHTFEX,train
20260731_030048_QFKUUF,train
20260731_030434_CEAVXD,train
20260731_030555_SMZSHE,train
20260731_030602_SCPSBR,train
20260731_030742_ZJTEJT,train
20260731_030806_KAAWKF,train
20260731_030925_ZUJFCZ,train
20260731_030947_GRJZHL,train
20260731_030949_TSGDKV,train
20260731_030958_BGECJS,train
20260731_031311_QEARZZ,eval
20260731_031607_VSHFMC,train
20260731_031826_TRGSFX,train
20260731_031942_SAVLZD,train
20260731_032219_BPQBRC,eval
20260731_032401_EFWEVD,train
20260731_032506_VZHFMC,eval
20260731_032523_KJBALR,train
20260731_032750_ASHXKM,eval
20260731_032859_AGMSVT,train
20260731_033227_JRHGCQ,train
20260731_033239_DBKDLN,train
20260731_033306_LJBQFG,train
20260731_033345_PENVHT,train
20260731_033542_ENWGLK,train
20260731_033843_KSHUNC,train
20260731_033931_JKPWTV,train
20260731_034016_ZGXCCV,train
20260731_034256_SSZFKN,train
20260731_034724_VGDTLS,eval
20260731_035448_ATXFNM,eval
20260731_035627_RRLNBS,train
20260731_041151_MDVGKH,train
20260731_041642_ECXCFN,train
20260731_041816_TMHXHE,train
20260731_042656_FZZPTY,train
20260731_042941_SUUFGW,train
20260731_043117_MKQNVQ,train
20260731_043702_HVXXVF,train
20260731_043811_EVHDHG,eval
20260731_043936_NEAPHM,train
20260731_044406_TTAMND,train
20260731_044421_JPNDTP,train
20260731_044512_JCBNYX,train
20260731_044642_PQBJKL,train
20260731_045323_HUKMEN,train
20260731_045330_AZUVVN,train
20260731_045346_FNCGAX,eval
20260731_045525_DWGCDT,train
20260731_045643_FJDQWQ,train
20260731_050357_HJLGRL,train
20260731_050748_WSGNSJ,eval
20260731_051009_JUSUBL,train
20260731_051102_DNWTJT,train
20260731_051102_QMDDDF,train
20260731_051330_CTFUYS,train
20260731_051751_NFJVBT,eval
20260731_051911_FNSGYW,train
20260731_051936_PMHDRX,train
20260731_052632_SLYSHD,train
20260731_052720_FPNVLN,train
20260731_052855_NAPZGJ,train
20260731_053452_AJUXVC,train
20260731_053454_ZTNDXE,train
20260731_053555_XDRCVJ,train
20260731_053659_KWDHNK,eval
20260731_053903_VCVKTF,eval
20260731_053904_RQPYUH,train
20260731_054002_LJKEAA,train
20260731_054517_ELQWSY,train
20260731_054547_VJHYQS,train
20260731_054715_PTHAEM,train
20260731_054719_ZRSZQT,eval
20260731_054727_YPTPVY,train
20260731_054801_DCKRGH,train
20260731_054924_EZNRBS,train
20260731_054947_KJMJLY,train
20260731_055008_DRGKPH,train
20260731_055015_PUJQHK,train
20260731_055047_WYXRWN,train
20260731_055550_HTYNTK,train
20260731_060202_ZCAYNS,train
20260731_060330_WRXGHG,eval
20260731_060357_DSYGQG,train
20260731_060715_NCETAS,train
20260731_060737_AHQGYV,train
20260731_060854_XSWZSV,train
20260731_060918_FXQRMV,train
20260731_060926_KHGYRH,eval
20260731_060947_NSSHAU,train
20260731_061118_TWVMAQ,train
20260731_061222_KZDNBA,eval
20260731_061537_KBFEUH,train
20260731_061602_RKVNTF,train
20260731_061657_LUAJFT,train
20260731_061851_VUHYMZ,train
20260731_061959_UGXSYV,train
20260731_062225_APLXKU,train
20260731_062248_YCGCFS,train
20260731_062622_MJHRBA,eval
20260731_062847_JHRHTQ,train
20260731_062956_DSBKET,eval
20260731_063006_QERDSU,train
20260731_063027_MELGXG,train
20260731_063252_WHLDDX,train
20260731_063325_ERDCKY,train
20260731_063435_YWTCRJ,train
20260731_063436_LVXNGR,train
20260731_063928_EZZJNM,train
20260731_063940_VFGSLX,eval
20260731_064142_LAJQXW,train
20260731_064205_KXYRVH,eval
20260731_064401_GWBJKD,train
20260731_064532_THXUDK,train
20260731_064655_BSNKYF,train
20260731_064929_ZTTQPQ,eval
20260731_064959_VHEXMP,train
20260731_065412_BAZBYJ,train
20260731_065445_KGDJSR,train
20260731_070105_KWAMVB,train
20260731_070137_XBWQYF,train
20260731_070325_HWWQWC,train
20260731_070609_RXYFVR,eval
20260731_070624_TPMNDP,train
20260731_070650_YHSLHA,train
20260731_070931_BCGRHE,eval
20260731_070945_BAQLJP,train
20260731_070953_DCDMLR,train
20260731_071234_FWZUVS,eval
20260731_071308_FWKWHE,train
20260731_071906_ZLLGPD,train
20260731_072144_WBAQNL,eval
20260731_072411_PSEZSZ,train
20260731_072731_CRMGBR,train
20260731_072839_DVSLLF,train
20260731_073422_GZZBRV,eval
20260731_073628_QSCXHE,train
20260731_073751_BNRJFX,train
20260731_073811_LVUGYT,eval
20260731_074021_YYCFSR,train
20260731_074030_PMBMWS,train
20260731_074059_SHCZBY,eval
20260731_074110_XHGFJJ,eval
20260731_074129_MHJTGM,train
20260731_074206_FHHCWM,train
20260731_075142_TFDQEN,eval
20260731_075326_QDMMMR,eval
20260731_075457_WKNWGD,eval
20260731_075533_DWKSMF,train
20260731_075533_QMUKMY,train
20260731_075555_SSWXMF,train
20260731_075633_DWYUWV,train
20260731_080035_QWAKEH,eval
20260731_080510_DSZFAP,train
20260731_080829_LAVVFT,eval
20260731_081048_BPDAJL,train
20260731_081801_QRJUGK,train
20260731_082036_PLAKPS,train
20260731_082357_UFJMXB,eval
20260731_082439_BZWLSK,train
20260731_083104_MYMYAB,train
20260731_083239_QEYMYM,train
20260731_083729_JLBQZN,eval
20260731_084038_QDLAQB,train
20260731_084039_UXRGCC,train
20260731_084206_RXUTWA,train
20260731_084249_WLDKKG,train
20260731_084514_RJFSFL,train
20260731_084633_PFMNUQ,eval
20260731_084717_RHSJAZ,train
20260731_084909_VWSZZE,train
20260731_085005_DFTUZY,train
20260731_085225_XJSLTG,train
20260731_085319_UKPEVS,train
20260731_085353_RXMANS,train
20260731_090041_CMFCXN,eval
20260731_090221_JNCYDG,train
20260731_090228_SFXCVV,train
20260731_090401_ZYDUKZ,train
20260731_090427_ZXMNTU,eval
20260731_090602_GWKFVW,train
20260731_090913_QNBJPC,eval
20260731_091410_NGPGBT,eval
20260731_091430_CKYZMV,train
20260731_091537_WKKKUQ,train
20260731_092501_LQMVLJ,train
20260731_093128_LYUBDT,eval
20260731_093319_XDYHDP,train
20260731_093449_WWDCYK,train
20260731_093559_ZQNXEP,train
20260731_094103_LUJPGT,train
20260731_094153_FMJWAC,train
20260731_094352_UNPVLY,eval
20260731_094702_GBQTRK,train
20260731_094721_ACCDUC,train
20260731_094955_BAUCSV,train
20260731_095147_SDSDDT,train
20260731_095504_JBAKRS,eval
20260731_095822_PNARLG,train
20260731_095838_BEFGDZ,train
20260731_100908_DNRKBV,train
20260731_101146_YTKFRG,train
20260731_101447_HLAQMQ,train
20260731_101904_LABSWP,eval
20260731_102913_DSANTC,eval
20260731_102924_KTVVUF,train
20260731_103214_MDKZMU,train
20260731_103554_KHYAKS,train
20260731_104143_GFEZGN,train
20260731_104853_CFNZRN,train
20260731_105332_MYGMZX,train
20260731_105517_VHLJTB,train
20260731_105641_TPDNEU,eval
20260731_110302_GYPAXE,eval
20260731_111356_PKEUKX,eval
20260731_111827_SJPKYX,train
20260731_112256_RPRKPE,train
20260731_113139_VPCSLG,train
20260731_113157_RZMRQH,train
20260731_113230_CJZSTN,train
20260731_114837_WRXLEB,eval
20260731_115302_QQRHTF,train
20260731_115303_RMPRUC,eval
20260731_115836_KXDHLU,train
20260731_120728_VAYJCX,train
20260731_121039_PKKWZV,train
20260731_124804_SSBAWC,eval
20260731_131725_ZZJDQS,train
20260731_132140_BYMRHT,train
20260731_135623_LNWDPV,train
20260731_143527_ZPCWNL,train
20260731_145129_SAEQSW,train
20260731_152943_YLEYVE,train
20260731_164802_BMWPCJ,train
20260731_171246_PTTYPU,train
20260731_174634_NPTYWC,train
20260731_221151_JZYGBN,eval
20260731_231134_MXCJYC,train
20260731_231500_SPLJLW,train
20260731_232726_GHYNZN,train
20260731_234048_RKHZZD,train
20260731_234127_DRMPXT,train
20260731_234155_QSJWRZ,train
20260731_234806_XNCXKY,train
20260731_234831_NCZDMT,train
20260731_235008_BMJFGA,eval
20260731_235810_NJXYYT,train
20260801_000207_NEQVVG,train
20260801_000303_MQYYTY,train
20260801_000502_YQCBCD,train
20260801_000518_QCYEWH,train
20260801_000547_LRGUWQ,eval
20260801_000728_AVVQYH,train
20260801_001048_UZQMJL,train
20260801_001319_LCXTPN,train
20260801_001417_FEGHFM,eval
20260801_001809_QLPUWL,train
20260801_002024_YTSTCJ,eval
20260801_002816_KGKVWE,eval
20260801_002917_DYJNVJ,train
20260801_003313_FNBKNY,train
20260801_003343_CQNLDX,eval
20260801_003448_ZDYNSR,train
20260801_003509_HSEHYB,train
20260801_003515_BXVXVD,train
20260801_003756_BPHPMW,train
20260801_003811_CPNSQN,train
20260801_003826_BJBUZZ,eval
20260801_003937_GTJZTB,train
20260801_003955_WYXSUA,train
20260801_004519_QUMRKH,eval
20260801_004555_WKGPBP,train
20260801_004615_NVVAUE,eval
20260801_004649_NMVTFD,eval
20260801_004724_WUBEJE,train
20260801_004956_QFNRTR,train
20260801_005254_SZZUCP,train
20260801_005340_JDGCCF,train
20260801_005446_BXQHGQ,train
20260801_005510_ECWCXU,train
20260801_005718_LHCZMN,train
20260801_010118_QQJDER,train
20260801_010232_NTGTYU,eval
20260801_010652_JHPEXP,eval
20260801_011033_UYCXFB,train
20260801_011040_QJGHGC,train
20260801_011216_HWDFPC,train
20260801_011429_FNHFGK,eval
20260801_011531_JDLMXC,train
20260801_011649_DSTYTV,train
20260801_011728_DPXGAS,train
20260801_011901_RGZSFW,train
20260801_012051_APVPNV,train
20260801_012158_SDNWXL,train
20260801_012224_CPPRDX,train
20260801_012231_LWTLXG,train
20260801_012416_TKJANN,train
20260801_012721_SVHEMM,train
20260801_012733_EBUAVB,train
20260801_013028_GZFYST,train
20260801_013153_AHWNXD,eval
20260801_013340_URJGFN,train
20260801_014025_PQGGCC,train
20260801_014359_NUXVLA,eval
20260801_014535_ELTVBR,train
20260801_015045_YNAJEM,train
20260801_015317_NBWRME,train
20260801_020135_ASMUVT,eval
20260801_020239_EXAAMJ,train
20260801_020519_FDQNBR,train
20260801_021025_XVDKKF,train
20260801_021224_HFJKLX,eval
20260801_021429_LGEPZQ,train
20260801_021613_XDBQYL,eval
20260801_022046_SHZLFA,train
20260801_022402_SLDSSM,train
20260801_023013_BNQYRM,train
20260801_023444_SCDPQC,train
20260801_023616_ZANQFX,train
20260801_023817_ETQZVH,train
20260801_024453_DLUJFT,train
20260801_024611_NFJKKD,train
20260801_024752_TBMMEY,train
20260801_024859_RXXMHF,eval
20260801_025205_VTQWCN,train
20260801_025346_ZBZXFD,train
20260801_025548_RRDBEB,train
20260801_030018_AUHNPP,train
20260801_030133_EVAEPL,train
20260801_030519_HFTSAS,train
20260801_030543_WRXEPZ,train
20260801_030600_AXYFJL,eval
20260801_030835_KSVJGQ,train
20260801_030848_VDGBYN,eval
20260801_031114_CUBEGA,train
20260801_031131_UDYUPA,train
20260801_031542_TAPUEL,train
20260801_031826_ELPFUJ,train
20260801_032159_TNQHKW,train
20260801_033933_ZJLHFJ,train
20260801_034213_MKHRJW,train
20260801_034313_PDYQXE,train
20260801_034843_DREFWD,train
20260801_035057_YBHNMM,train
20260801_035320_YBQPZY,train
20260801_041116_RNYGDL,train
20260801_041734_JLRRPU,train
20260801_043200_XKUVQC,train
20260801_044338_FJLTLB,train
20260801_044533_NQUXBB,eval
20260801_044923_CTLZKW,train
20260801_045513_SESDBM,eval
20260801_045629_VQMKZW,eval
20260801_045857_EJJMNF,train
20260801_050050_CSQAMM,train
20260801_050223_BGQKEB,train
20260801_050437_NTMSDT,train
20260801_050520_XNXQRP,train
20260801_050727_SYLPPQ,train
20260801_050911_GCAEJQ,train
20260801_051040_NUVJPZ,train
20260801_051203_JMTZCK,train
20260801_051231_JHMQXE,train
20260801_051257_WBYHVH,train
20260801_051316_QGDGHU,train
20260801_051415_KSYSQE,train
20260801_051518_HKGFTN,eval
20260801_051543_SRLZZU,eval
20260801_051848_GAGQTD,train
20260801_051849_WNJGYS,train
20260801_052406_JGNLTR,train
20260801_052440_BGMPLJ,train
20260801_052653_XGSKBJ,train
20260801_053314_BEHYGU,train
20260801_053543_AVSSLB,train
20260801_053807_GYJHSM,train
20260801_053855_YCRTKV,train
20260801_053946_YZCHJR,train
20260801_054007_FUCTZL,train
20260801_054409_MDKFTN,train
20260801_054747_GMBHHN,eval
20260801_055001_AVHRWM,train
20260801_055023_QNCLBW,train
20260801_055139_WFKAFC,train
20260801_055754_GQBTRK,train
20260801_055804_UNCJCP,train
20260801_060248_CUJTPD,train
20260801_060336_CKCTCA,eval
20260801_060903_TRBMNJ,train
20260801_061337_QRRUMA,train
20260801_061343_AMCCKW,train
20260801_061504_SFMJFM,train
20260801_061922_QVPRPD,eval
20260801_062313_TRXXTH,eval
20260801_062410_SVUWEJ,train
20260801_062630_EJGSCF,train
20260801_062914_FCFTHF,train
20260801_062955_XHEHHN,train
20260801_063143_ZJCQDJ,train
20260801_063248_WEMERF,eval
20260801_063338_KHPYWW,train
20260801_063648_AFFQFA,train
20260801_064022_CCDDBS,train
20260801_064907_PYVMVT,eval
20260801_065223_NGYHBQ,train
20260801_065719_GVPKCE,train
20260801_070137_GTPMED,train
20260801_070319_SLXHYH,train
20260801_070734_ZFMJBD,train
20260801_070800_ZXZGJP,train
20260801_070957_JGZHYW,train
20260801_071105_LTGWDP,train
20260801_071414_QNFVBE,train
20260801_071516_DMQKUS,train
20260801_071859_ZUZZNC,train
20260801_071916_JZVZQS,train
20260801_072205_QHQYAT,train
20260801_072403_PBXYKC,train
20260801_072604_RCEUPW,train
20260801_073233_VFTSFX,eval
20260801_073521_CBJXAX,train
20260801_073806_VFURZR,train
20260801_073907_QJFVWV,train
20260801_073916_CZKLGV,train
20260801_074151_HYXQZP,train
20260801_074258_KFJCHQ,eval
20260801_074333_JXXWJS,train
20260801_074439_SBZXJF,train
20260801_074756_SDHDMN,train
20260801_074900_YHHRCK,train
20260801_075111_TJKUJA,train
20260801_075122_PRGRJE,eval
20260801_080216_JUBUKE,train
20260801_080242_MBUXTR,train
20260801_080318_UNGAXU,train
20260801_080329_TEHXLP,train
20260801_080546_JJZHYD,eval
20260801_080547_XXPFHB,train
20260801_080807_ZGXCNM,train
20260801_080932_FFMFSV,train
20260801_081422_FNSRWQ,train
20260801_081633_CRPRWC,train
20260801_081754_PXRPXU,train
20260801_082313_LXBPPK,train
20260801_082932_PJLCGX,eval
20260801_083328_NKPVHU,eval
20260801_083611_NFPLTD,eval
20260801_083811_SSENMZ,train
20260801_083820_DVPKQQ,eval
20260801_084424_FRCCZP,train
20260801_084520_VHQNKS,train
20260801_084735_UQELAQ,train
20260801_084932_KSBFUV,train
20260801_085317_QBZARJ,train
20260801_085536_VRBMEB,train
20260801_090330_HCQRTV,train
20260801_090336_ZSVRZC,train
20260801_091216_PGQEWU,train
20260801_091852_FMPVNX,train
20260801_093954_MKDBHG,train
20260801_095542_MYXYLJ,train
20260801_101514_BWHKDA,train
20260801_102425_TXPMYG,train
20260801_102449_AYTUCH,train
20260801_103707_VNNTCD,train
20260801_103758_LHQSUW,train
20260801_103929_GYZTDL,eval
20260801_105435_JWTLZM,eval
20260801_105703_JTEACR,eval
20260801_105735_KUXSGQ,eval
20260801_111234_XFETRE,train
20260801_112647_LPVPLM,train
20260801_112926_DCUWKG,eval
20260801_114347_MBAUJE,eval
20260801_124842_RFNLBR,train
20260801_125824_LCQFVY,train
20260801_130225_ZSHLDD,train
20260801_130513_BYXJSA,train
20260801_130740_HYKDAP,train
20260801_133001_UFTREF,train
20260801_133258_NYULDF,train
20260801_133607_UXQRQK,train
20260801_134844_ASLKVH,eval
20260801_142141_KUQHNB,train
20260801_142244_YYFQZP,train
20260801_143930_KYHSSM,eval
20260801_151106_SAKCWZ,train
20260801_155435_HEZEWM,eval
20260801_161517_LGFLWB,train
20260801_162802_NNLKDQ,eval
20260801_174413_SKEDWM,train
20260801_192712_URTMTU,train
20260801_235138_SXLJDY,train
20260801_235343_AMJKMQ,train
20260801_235727_VBMJUE,eval
20260802_000344_URNQEK,train
20260802_000411_XNTPBH,train
20260802_000738_TPLUPL,train
20260802_001459_CBGYSJ,train
20260802_001507_EUYRTQ,train
20260802_001800_FJVLDK,train
20260802_002319_CBKLCN,train
20260802_002344_CPUZTT,train
20260802_003034_NELQDM,train
20260802_003412_YXBKEA,train
20260802_003600_BDACVF,train
20260802_004217_RZLMAL,train
20260802_004406_KGWSNS,train
20260802_004641_HBKWLC,train
20260802_010611_NMBSSR,train
20260802_011043_JNKNYD,eval
20260802_011619_BMSRSS,train
20260802_012320_VBTKQL,train
20260802_013340_GQAMJS,train
20260802_013549_AXUQHT,eval
20260802_014333_UPYAYL,train
20260802_014923_WNVLPQ,train
20260802_020700_YWUHYT,train
20260802_021241_PJGWWA,train
20260802_021351_TXLASZ,eval
20260802_022538_RTSTLU,train
20260802_023110_PDGCPD,train
20260802_023415_DXBTTH,train
20260802_023704_DDTLHA,train
20260802_024307_MRCPQV,train
20260802_024338_FKSCXJ,eval
20260802_024857_PLWBYE,train
20260802_024913_APRSGA,eval
20260802_025006_HLNEAB,train
20260802_025407_SVRSFK,train
20260802_025636_HSWXAN,train
20260802_030951_JPEWAS,train
20260802_032628_MJRHNN,train
20260802_040101_ZBNUHL,eval
20260802_040127_FSZAHF,eval
20260802_040826_WVQSAF,train
20260802_041731_KHWZJD,eval
20260802_043559_DPRFEP,train
20260802_043851_LPBLZU,train
20260802_044334_ZXKAEL,train
20260802_045649_WQHSPK,train
20260802_050156_HJZQQF,train
20260802_050256_SNEDBN,eval
20260802_050840_TXMLHM,train
20260802_051139_GAKNPQ,train
20260802_051309_HLVKUF,train
20260802_051708_AQKMMP,eval
20260802_051915_FQQEUA,eval
20260802_052411_ZUCDKK,train
20260802_052422_WBUGNZ,train
20260802_052611_XJWRQA,train
20260802_052808_WUDAWW,train
20260802_054002_TXQSNL,train
20260802_054425_MGHVKS,eval
20260802_054426_FBCDBM,eval
20260802_060214_WSDWUQ,train
20260802_060311_RBWKWP,train
20260802_060504_SWSFBB,eval
20260802_061927_JNCZVN,train
20260802_063005_RDPRJK,train
20260802_063046_CYDUDB,train
20260802_064309_CJSDTX,train
20260802_064711_VSANQV,train
20260802_070047_BQJDPJ,train
20260802_070543_JQDFSC,train
20260802_071239_URHXRU,eval
20260802_071931_AVDZYD,train
20260802_071950_DXRUMX,train
20260802_072310_UVSNLH,train
20260802_072640_ZWQHUD,train
20260802_073514_ELPQMP,train
20260802_073726_XWEFMJ,train
20260802_074924_MSZCEF,train
20260802_075022_DRHRUY,train
20260802_075958_XZLSGZ,train
20260802_080628_NURWFF,train
20260802_080720_EQFAQG,eval
20260802_080826_HUGWZZ,train
20260802_082904_BKXNUX,train
20260802_083601_KTVZEY,train
20260802_083606_PRDLEB,train
20260802_083639_YHMUWB,eval
20260802_083859_BYTGFT,train
20260802_084538_WNCUEF,train
20260802_085336_KMXLTP,train
20260802_085817_VAQMRN,train
20260802_090039_PJVLQA,train
20260802_090338_FSJZTE,train
20260802_090705_UBLGTV,eval
20260802_091039_AJATBA,train
20260802_093313_JPEGND,train
20260802_095345_MRSSJK,eval
20260802_102003_UNCXMD,train
20260802_105351_MNKLNM,train
20260802_110709_GTBTPS,train
20260802_110718_APPDZJ,eval
20260802_110812_FLUAAA,eval
20260802_111132_BQTQEN,train
20260802_112713_GZKFTP,eval
20260802_114527_HKYLPJ,train
20260802_114959_MMQRBT,train
20260802_115231_VHRQCH,train
20260802_115409_YLSLFF,eval
20260802_120218_TBVUPJ,train
20260802_122740_HTLXYB,train
20260802_132328_SSYFRW,eval
20260802_134300_TLZQPB,train
20260802_141629_PDNKQK,eval
20260802_142906_TWLWBH,train
20260802_152142_NQXMGX,train
20260802_160634_AQKZPE,train
20260802_203444_HRZYEN,train
20260802_234555_SSYYLU,eval
20260802_234617_RKCGBD,train
20260802_234719_UVJGHU,train
20260802_234751_ZJMYRV,train
20260802_234813_UXDRRM,train
20260803_000250_RQBKDF,train
20260803_000321_PJLWHM,train
20260803_000501_UEFFFA,train
20260803_000533_PAZTLZ,train
20260803_000709_PLXKHC,train
20260803_000754_CLXVLJ,eval
20260803_000824_TFZZCC,train
20260803_000830_ZWQDXU,train
20260803_000846_DGFWBN,train
20260803_000933_VEBDKJ,train
20260803_001110_NPWCZT,eval
20260803_001419_SXCWTS,train
20260803_001707_TCVDSX,train
20260803_002205_TKFEDV,train
20260803_002504_FMAVBN,eval
20260803_002602_JZXMLZ,eval
20260803_002909_QQTMTP,train
20260803_003023_LLYMKK,train
20260803_003103_XYEZGW,eval
20260803_003151_MARWMP,train
20260803_003222_FSMQBT,train
20260803_003311_GQWNHM,train
20260803_003315_LANWHT,train
20260803_003405_GRFNHQ,train
20260803_003418_GGNPXS,train
20260803_003516_GLQGGY,train
20260803_003906_FHCVNY,train
20260803_003912_MWFYBG,eval
20260803_004432_AEYAQK,train
20260803_004605_KDRZKE,train
20260803_004633_KWKRFS,train
20260803_004750_NQEDXB,train
20260803_004840_BNZGKS,train
20260803_005241_CKHPUQ,train
20260803_005538_GKFXVX,train
20260803_005621_HFPUYA,train
20260803_010215_XKZRKM,eval
20260803_010704_EDMVGP,train
20260803_010756_RHSJXK,eval
20260803_011612_FRHTTF,train
20260803_011629_UZKQHG,train
20260803_011933_FDZUYG,train
20260803_011938_YEQEYT,eval
20260803_012042_ZATKAH,train
20260803_012047_DEZLMC,train
20260803_012052_LTTNUQ,eval
20260803_012307_HGWFEB,train
20260803_012310_GCWFNR,train
20260803_012356_XZDCMT,train
20260803_012614_HARVLM,train
20260803_012635_VWKQDQ,train
20260803_012755_AKDYLH,train
20260803_012841_LQZJMB,eval
20260803_013031_MRVKXB,train
20260803_013055_KWHYTY,train
20260803_013104_ZYNZHX,eval
20260803_013144_XGCJNX,train
20260803_014125_FPLAKZ,train
20260803_014350_SZXGAF,train
20260803_014552_GBCKBQ,train
20260803_014750_ENXLNS,train
20260803_015131_RCLMAX,train
20260803_015333_CKDKBU,train
20260803_015503_NWNATD,eval
20260803_020235_HPSWCE,train
20260803_020253_TTWNYX,train
20260803_020419_USUAVF,train
20260803_020647_RQMQJD,train
20260803_020728_KQJTQH,train
20260803_020812_NSJVGW,train
20260803_021031_WMQBEY,train
20260803_021056_SDKBLT,eval
20260803_021233_RNHBZT,train
20260803_021243_DXQSUS,train
20260803_021500_ZBKDCV,train
20260803_021609_KAVQHA,eval
20260803_021756_SYRATS,train
20260803_022224_FPHEJS,eval
20260803_023311_DCSHNH,eval
20260803_023704_LQUDQX,eval
20260803_024013_GQXRJB,train
20260803_024129_QGVKST,train
20260803_024646_GYNFEN,train
20260803_024845_REYAUE,train
20260803_025053_SLBMUQ,train
20260803_025236_MEBDDS,eval
20260803_025243_RQYZDL,eval
20260803_025741_EUHCSL,train
20260803_030123_RLBCWD,train
20260803_030418_YJHLDB,eval
20260803_030935_QHRYTS,train
20260803_031318_JLSUAB,train
20260803_031330_DKSSAX,eval
20260803_031342_HCDRUG,train
20260803_031606_MVHASA,train
20260803_031709_AVSFXX,train
20260803_031828_HTWBXF,train
20260803_031904_DQGNTK,eval
20260803_032039_ZSXZMA,train
20260803_032118_KLWKHG,eval
20260803_033025_ESYHUP,train
20260803_033037_TFPQDD,eval
20260803_033241_CQHCBN,train
20260803_034309_UGCHJJ,train
20260803_035247_LBVHWX,train
20260803_035853_SDTARK,train
20260803_040537_HUCDVS,train
20260803_041159_RVHKKH,train
20260803_041457_QCFWEW,eval
20260803_042514_GMPFEA,train
20260803_043311_BUQTRW,train
20260803_044547_JYLFLW,train
20260803_044952_FVYRMA,train
20260803_045151_GWWQRB,train
20260803_050124_DEMJYM,train
20260803_050240_ULYBEF,train
20260803_050549_WFHZKP,train
20260803_050611_QQUYWA,eval
20260803_050655_WALDSM,train
20260803_050947_YKDWWR,train
20260803_051316_RTBACD,train
20260803_051345_NCPMVG,eval
20260803_051353_RKRJYK,train
20260803_051446_KPQDXY,eval
20260803_051449_NJPTTU,train
20260803_051813_LDBVRA,train
20260803_051925_XVRXSB,train
20260803_052040_WABHNK,train
20260803_052155_KAMPQM,train
20260803_052259_ZUZPWE,train
20260803_052338_ECYTWV,train
20260803_052457_LMHBXT,train
20260803_052501_EXXHCQ,train
20260803_052614_KHJQFP,train
20260803_052709_XSVHNG,train
20260803_052857_AWLDAV,train
20260803_052925_XEDSAW,train
20260803_053025_JNHWLM,eval
20260803_053128_MGGNZV,train
20260803_053138_QBSFYM,train
20260803_053141_MGUMAR,train
20260803_053303_SZRSSR,train
20260803_053401_YSNEEB,train
20260803_053543_MNBBKU,train
20260803_053546_PNRAFH,train
20260803_053631_REEDZZ,train
20260803_053725_YAELJT,train
20260803_053931_UDWUSV,train
20260803_054021_HDPWNZ,train
20260803_054117_WMLBVQ,train
20260803_054132_KYGBRZ,train
20260803_054236_GPMDPC,train
20260803_054321_ZDAEKH,train
20260803_054348_VPGAET,train
20260803_054442_WKDVCW,train
20260803_054519_DAAZBN,eval
20260803_054705_FNWBEE,train
20260803_054809_ABDWCY,train
20260803_054921_GQNVWH,train
20260803_054930_LPRTWT,train
20260803_054930_PFKVZC,train
20260803_055434_LQHHLA,train
20260803_055906_FKQQLB,train
20260803_055940_RPFXCJ,train
20260803_060731_YNKZVM,eval
20260803_061127_SRAJCS,train
20260803_061214_FYBLWR,train
20260803_061216_WPCYNJ,train
20260803_061557_SGFTXP,eval
20260803_061630_DWAXVK,train
20260803_062105_QBRNJR,eval
20260803_062702_THFXYV,train
20260803_063040_NWJGBR,train
20260803_063902_WZLTQG,train
20260803_064133_JAYMSF,train
20260803_064133_PTDBXS,train
20260803_064210_MQVNSR,eval
20260803_064251_BMPKTW,train
20260803_064459_DDCHLS,train
20260803_064846_RGTZCR,eval
20260803_065021_YMZGLV,train
20260803_065741_BHZNQB,train
20260803_065828_GGRZBP,train
20260803_065937_KQZKDH,train
20260803_065948_JTFYGP,train
20260803_070003_DXAYCD,eval
20260803_070014_ZQKAET,train
20260803_070117_GJGNWP,train
20260803_070128_VDYKVF,train
20260803_070150_LXNCDR,train
20260803_070228_UZTEUS,eval
20260803_070322_XQRREU,eval
20260803_070333_XEYJSH,train
20260803_071246_QAKUFL,train
20260803_071726_GUFHFP,train
20260803_071726_WLZLPP,eval
20260803_071734_GKTVWD,eval
20260803_071744_YSSSGF,eval
20260803_072337_EUVWPG,eval
20260803_072433_WTPYER,train
20260803_072515_VSNWTK,train
20260803_072653_CFLNYW,train
20260803_072827_NZXSZV,train
20260803_072941_KCLRMT,train
20260803_073232_FJBFRA,train
20260803_073305_RXKVBU,train
20260803_073311_SGPKGQ,train
20260803_073350_ERCMEP,train
20260803_073352_FGEGCA,train
20260803_073429_ZYAAWR,train
20260803_073540_RVAUEG,train
20260803_073739_QKBDEH,train
20260803_073811_MZYBGB,train
20260803_073903_BVGYDB,eval
20260803_074045_BRAUTK,eval
20260803_074213_LNZBUW,eval
20260803_074417_QYDETB,train
20260803_074636_JSYAQS,train
20260803_074739_QTLGPP,train
20260803_074829_CBVBZQ,train
20260803_075516_JZTFQG,eval
20260803_080051_AJTTNB,train
20260803_080111_PNTPKY,eval
20260803_080140_CVPKBD,eval
20260803_080240_BMDJVR,train
20260803_080301_UAEBLC,train
20260803_080335_CBCGDL,train
20260803_080807_QJBYCL,train
20260803_080946_TXRMQQ,eval
20260803_081157_JQYVQJ,train
20260803_081215_LRBMAU,train
20260803_081529_MGVHNS,train
20260803_081619_WUSEVN,train
20260803_082119_MKLHPA,train
20260803_082552_HQGRRM,train
20260803_082641_PCASEN,train
20260803_082739_AATWER,eval
20260803_083233_WZGGTU,train
20260803_083558_NYJQKV,train
20260803_083736_YKLHCF,train
20260803_083836_ASWQUL,train
20260803_084514_HBCJMP,train
20260803_085059_YLTJCN,train
20260803_085147_ZDFYAE,eval
20260803_085316_VHYSJT,train
20260803_085436_CEBBRK,train
20260803_085448_YQCMCZ,train
20260803_085555_VBHUSZ,train
20260803_085724_UZKYLU,eval
20260803_085804_CUVFEK,train
20260803_090315_BHQFPR,train
20260803_090506_AYUHVY,eval
20260803_091447_WKMTHK,train
20260803_091550_HMVTQC,train
20260803_092043_SCGDYE,train
20260803_092218_KXVEUV,train
20260803_092411_GGSEAU,train
20260803_092913_GLWGUT,train
20260803_093328_TELMTE,train
20260803_093518_GQNVQK,eval
20260803_093922_AWGCEH,eval
20260803_094102_QLRKPN,train
20260803_094402_TQWJJV,train
20260803_094451_RAPPTG,train
20260803_094605_RCLAGF,train
20260803_094916_FCYTAV,train
20260803_095236_RXMKEX,train
20260803_095719_KYKHJZ,eval
20260803_095724_SJRKSS,train
20260803_095754_XLWBZM,train
20260803_095900_DLZLQT,train
20260803_100303_AZNYUN,train
20260803_100401_NDEJKW,train
20260803_101728_KUYCMT,train
20260803_101827_AQXFGJ,eval
20260803_102649_JFPTTD,train
20260803_102701_MYRVEN,eval
20260803_102810_YXPAZC,train
20260803_102901_XSCABP,eval
20260803_103724_ELEQET,train
20260803_104734_FRZSHT,train
20260803_104911_NMJNSY,train
20260803_105648_CCTYDN,train
20260803_112740_XZADWX,train
20260803_112856_YFJZCS,train
20260803_113018_UFKNQE,train
20260803_113124_WBYRTF,train
20260803_113308_LXGDZR,train
20260803_113859_ETYLMW,train
20260803_114144_YFVJAL,train
20260803_120232_DULCMS,eval
20260803_123811_LDTGET,train
20260803_124849_SBCVWL,train
20260803_124854_NFBECT,train
20260803_130825_FWVWTC,train
20260803_131938_FGJHEU,train
20260803_132806_CZKLYU,train
20260803_133655_GPKUCD,eval
20260803_134115_CRYDKY,train
20260803_134849_DEHGVB,train
20260803_141623_PNWLMM,train
20260803_143336_EYQGDJ,train
20260803_160406_CJUZAD,eval
20260803_160503_KBTCWE,eval
20260803_162319_UPEANQ,eval
20260803_170030_UJNRNB,eval
20260803_221218_ZQELPQ,eval
20260803_223031_SQHYNG,train
20260803_225939_FXCBEU,train
20260803_230451_SCKGCE,train
20260803_231017_TXJLSD,train
20260803_231339_VJJZHW,train
20260803_231501_KLMYVD,train
20260803_233552_WXKQYJ,train
20260803_234253_TVZDBJ,train
20260803_235444_DVLHTF,eval
20260803_235612_UACLJE,eval
20260803_235746_MCYETG,train
20260804_000159_VXETTH,train
20260804_000700_ZEAFMH,train
20260804_000727_DWZCZU,train
20260804_000905_RBFDZZ,train
20260804_000951_YZFJQE,eval
20260804_001210_JNGPHM,train
20260804_001214_XTJDLA,train
20260804_001215_PDYMCW,train
20260804_001218_CFGLGN,train
20260804_001553_GMAFMV,train
20260804_002346_SRAQKZ,eval
20260804_002429_WXSJSX,train
20260804_002843_WVSDGM,train
20260804_003110_GLRNKS,train
20260804_003142_SMEVUD,eval
20260804_003219_LXYZCL,train
20260804_003406_DREJGE,train
20260804_003410_QQPTUB,train
20260804_003440_DZAEBM,train
20260804_003511_QVSFTJ,train
20260804_003707_KBJAZP,train
20260804_003829_AUGRPQ,train
20260804_003942_YYRWSF,train
20260804_004304_ZDMWSQ,train
20260804_004418_QUWUCK,train
20260804_004641_BQVRJC,train
20260804_004750_AKXANG,train
20260804_005049_BFZTMZ,train
20260804_005241_ZQJYSY,train
20260804_005309_NFGZHU,train
20260804_005418_BGKBGP,train
20260804_005614_UUSALB,train
20260804_005735_HCEBWL,train
20260804_005751_RGWKCB,eval
20260804_005955_QSYGAT,train
20260804_010120_LBFKAT,train
20260804_010218_ZKQWDA,train
20260804_010238_YHKZXY,eval
20260804_010243_RGKRES,train
20260804_010310_NBDZUP,train
20260804_010315_HURUFJ,eval
20260804_010604_RAGZGV,train
20260804_011111_KYYJMH,train
20260804_011133_HDBSSS,train
20260804_011233_AVECCF,train
20260804_011342_VVTGZN,eval
20260804_011517_XPPKTH,train
20260804_011559_LLVMSU,train
20260804_011732_EMMDDL,train
20260804_012040_LYWZDU,train
20260804_012046_VPNFUZ,train
20260804_012333_XETZRH,train
20260804_012535_JABGKK,train
20260804_012712_QHWKSZ,train
20260804_012842_DFNNVM,train
20260804_012857_YHSREK,eval
20260804_013131_PRPQQN,train
20260804_013524_ARYCXV,eval
20260804_013541_JYWUTS,train
20260804_013622_BNESTR,train
20260804_013648_HUWPKX,train
20260804_013648_SCQYHQ,train
20260804_013758_UPNMSG,train
20260804_013850_YJCKSD,train
20260804_014629_KHTPAF,train
20260804_014637_ECQDSR,train
20260804_014729_ZYXDPR,eval
20260804_014815_JBJZFB,train
20260804_015105_LXPEYT,train
20260804_015444_JCTBDG,train
20260804_015600_JGEJDN,train
20260804_015826_RCVNVF,train
20260804_015849_EFUXRG,train
20260804_015904_JWWWMY,train
20260804_015929_AVVMKA,eval
20260804_020230_GAMAML,train
20260804_020634_LBPGCP,train
20260804_020830_XKWVWA,train
20260804_020938_PFHUZN,train
20260804_021001_BAMZUR,train
20260804_021051_XUWRYX,train
20260804_021346_SMMEEC,train
20260804_021403_PVPKKK,train
20260804_021521_SVXETW,train
20260804_021522_DSDAMZ,train
20260804_021704_SWKWWR,train
20260804_021745_TWYRZW,train
20260804_022400_TMFWPU,train
20260804_022504_GMNWGM,eval
20260804_022546_VQTLZR,train
20260804_022603_JMHJAK,eval
20260804_022654_AHEWSX,train
20260804_023527_AAPGHF,train
20260804_023534_URRJSX,train
20260804_024020_WDEWVY,train
20260804_024100_RECNUP,train
20260804_024117_HMEQGQ,train
20260804_024250_SNYRMP,train
20260804_024450_QHMJHX,train
20260804_025013_UZERDD,train
20260804_025630_WKXYJM,train
20260804_025807_YNNRMN,train
20260804_025904_FQMEZY,train
20260804_030025_VRCYVR,eval
20260804_030400_TDDASX,train
20260804_030407_UDEWUM,train
20260804_030610_DFYBQX,train
20260804_030648_ESECEK,train
20260804_030650_RLKZNL,train
20260804_030709_MPYWZV,train
20260804_030720_VKFNMZ,train
20260804_031408_KFPFLW,train
20260804_031619_RVAVLB,train
20260804_031641_MFNBMB,eval
20260804_031925_YXQAGJ,train
20260804_032314_ZJCLYC,train
20260804_032336_QTTTNJ,train
20260804_032414_WLXJRN,train
20260804_032429_TUTTFR,eval
20260804_032911_AMYUTX,eval
20260804_033012_QSEWAP,train
20260804_033655_ZPMJKJ,train
20260804_033929_UCGDZW,train
20260804_034116_BGRBMP,train
20260804_034532_KLNMHM,train
20260804_034555_QDXJFH,train
20260804_035628_DXTAWX,train
20260804_035640_TVGNHG,eval
20260804_035957_SQWJTS,train
20260804_040824_ZWFVAC,train
20260804_042659_YYPWKY,eval
20260804_043001_JMFXSY,train
20260804_043707_RVCZHR,eval
20260804_043713_SBKYWM,train
20260804_044125_WDFVJH,train
20260804_044344_FLVULJ,train
20260804_044411_SJRVMY,train
20260804_044607_UNGZSV,train
20260804_044847_AARMKX,train
20260804_044939_WLXJZY,train
20260804_045222_WLFLHJ,train
20260804_045251_CADQUB,train
20260804_045508_MBMCHJ,train
20260804_050056_NKSXKV,train
20260804_050112_TLZTXT,train
20260804_050228_CLDRRZ,train
20260804_050646_HUEZDU,train
20260804_051156_ENJWUM,train
20260804_051157_VSHFXU,train
20260804_051217_UEZBTD,eval
20260804_051225_MFKARK,train
20260804_051354_EAKKXB,eval
20260804_051719_DZTTND,train
20260804_051957_MDTRHZ,train
20260804_052008_WNMWNK,train
20260804_052136_BHMWXY,train
20260804_052156_RHTJXX,train
20260804_052246_BZQFZP,train
20260804_052459_YXHXST,train
20260804_052509_WFPHMS,train
20260804_052756_RHCRFL,train
20260804_053010_MXNAFQ,train
20260804_053056_HGMGQZ,train
20260804_053059_MWZRRW,train
20260804_053214_LKDYWF,eval
20260804_053227_TKCHQK,train
20260804_053410_JRHEBM,train
20260804_053516_TDQJPH,eval
20260804_053732_BFQBVS,train
20260804_053843_URYFGR,train
20260804_053856_LXSHCJ,eval
20260804_053924_YQJQVU,train
20260804_053958_WKBUPY,train
20260804_054031_BWVRYZ,train
20260804_054132_GKMFCT,train
20260804_054218_SGFZNA,train
20260804_054219_ZEXCWX,train
20260804_054434_GEVARX,train
20260804_054504_SYQEPE,eval
20260804_054513_TYLQJS,eval
20260804_054517_XZAZNF,train
20260804_054523_AQZQDM,train
20260804_054609_GUNGFK,eval
20260804_055532_ULBBGQ,train
20260804_055628_SVBWEN,train
20260804_055810_BDNTGG,train
20260804_055837_JVEBWC,train
20260804_055912_MGKKTA,train
20260804_055950_YURHCZ,train
20260804_060005_UPKMPP,train
20260804_060047_KJJCJC,eval
20260804_060459_KHNHNP,train
20260804_060519_BZDLMC,train
20260804_060721_ZKCGGK,train
20260804_061114_GXMZAT,train
20260804_061200_BDXNPT,train
20260804_061834_SGEBDL,train
20260804_062352_EXYLPN,eval
20260804_062512_SYWWKC,train
20260804_062553_MFTKQC,train
20260804_062654_DUDNLH,eval
20260804_063114_TEXYJJ,train
20260804_063132_DHBPXM,eval
20260804_063516_DZEGAP,train
20260804_063525_EAJTKE,train
20260804_064226_RBGZCH,train
20260804_064430_XGRXFL,train
20260804_064613_ZGZVYB,train
20260804_064826_NBRHAM,train
20260804_064934_GGHWRH,train
20260804_065054_KWSYRT,train
20260804_065556_KYXCWC,train
20260804_065604_KNXXAG,train
20260804_065653_DRMRWV,train
20260804_065701_WBPZFC,train
20260804_065752_MFALHN,train
20260804_065756_JBSPWU,train
20260804_065802_SWGNDN,train
20260804_065955_CDESSB,train
20260804_070209_CGNPCZ,train
20260804_070240_KYXGKU,train
20260804_070814_WJFAUM,train
20260804_071112_KKQCKC,train
20260804_071118_WRFNSM,train
20260804_071252_EEEBTC,train
20260804_071713_BHJXEX,train
20260804_071715_HFGKAC,train
20260804_072431_DTYSMU,train
20260804_072512_NVMAQU,train
20260804_072713_FPCLYZ,train
20260804_073233_WBYMCD,train
20260804_073958_MBUPQL,train
20260804_074016_QHWPGQ,train
20260804_074251_JENGBB,train
20260804_074254_FXMUVQ,train
20260804_074308_CKUXFV,eval
20260804_074755_PVYZMC,train
20260804_074903_DHSDCJ,eval
20260804_075019_WNMXNV,eval
20260804_075029_UDXCMK,eval
20260804_075108_DUDXAM,train
20260804_075123_ZNTCYW,train
20260804_075310_QESQLX,train
20260804_075438_LFSKBQ,train
20260804_075507_KUYGFQ,train
20260804_075509_BCEZSC,train
20260804_075557_TSWEEP,train
20260804_075832_WQCCTW,train
20260804_075836_ZFRNLJ,train
20260804_075928_UXZYJM,train
20260804_080053_YQAMMS,train
20260804_080202_JATFGE,eval
20260804_080637_NXHDLZ,train
20260804_080829_KAVYED,train
20260804_081410_KGRHDZ,train
20260804_081411_CEBTEZ,train
20260804_081534_RYJQNZ,train
20260804_081846_FGKZDZ,eval
20260804_082028_BQBALM,eval
20260804_082109_SSELRX,eval
20260804_082119_QNJVCH,train
20260804_082209_EGMTWZ,train
20260804_082305_YQSNTV,train
20260804_082355_LKYVPE,train
20260804_082458_YRAAFM,train
20260804_082555_KCMESJ,eval
20260804_082944_QUVTYA,train
20260804_083212_CFVNFK,train
20260804_083216_VNLQQU,train
20260804_083421_PMHGTR,eval
20260804_083804_WRSYBV,train
20260804_084025_GEKSMU,train
20260804_084029_SLFCFW,train
20260804_084059_HPHTPS,train
20260804_084147_WGFMCC,train
20260804_084259_GTKKBZ,train
20260804_084305_JGXTKP,eval
20260804_084316_JBRWKA,eval
20260804_084412_GFDGEA,eval
20260804_085226_MSFXKV,train
20260804_085557_FZJGAH,train
20260804_085704_YCWTRG,train
20260804_085705_SXBQUW,train
20260804_085751_CVXXBR,train
20260804_085820_LKFKFH,eval
20260804_090117_NAFPLL,train
20260804_090355_CHXREX,train
20260804_090421_PFSZVT,train
20260804_090754_WTTKPZ,train
20260804_091340_KVXPRW,eval
20260804_091527_BFZHMG,train
20260804_092708_NZABNL,train
20260804_092919_YFNXDP,train
20260804_092947_HYEPZX,eval
20260804_093328_SWRYKX,train
20260804_093349_FDNHSB,train
20260804_093459_AQBRRU,eval
20260804_093958_MKLUHP,train
20260804_094118_QWHHMD,train
20260804_094534_YXWUMW,train
20260804_094604_CHMJMU,train
20260804_094638_DYEJWB,train
20260804_095302_TBWLST,train
20260804_095517_DQCVHY,eval
20260804_095534_RZUHDU,eval
20260804_095942_UZGZTN,train
20260804_100231_DLKDEX,train
20260804_100425_FKUFRP,train
20260804_100425_QBJDSM,train
20260804_100948_GZGNFA,train
20260804_101618_JPKEQR,train
20260804_101859_LLQSKN,train
20260804_101927_CFLFUY,train
20260804_102113_BWFLQV,train
20260804_103153_TADJPP,train
20260804_103236_WEWYNF,train
20260804_104027_FWZKYA,train
20260804_104101_FTWERS,train
20260804_104917_GTXPZS,train
20260804_105635_PTXNXD,train
20260804_110040_NSNJLH,train
20260804_110103_NLAXLC,train
20260804_111405_MVMSBW,train
20260804_111719_RAXSRX,train
20260804_112050_WKDDJV,train
20260804_112133_PZNXFE,train
20260804_112359_SMAEZQ,eval
20260804_112956_UGSJML,train
20260804_114848_LWFYXS,train
20260804_115044_LZEBCH,train
20260804_115100_LTSACS,train
20260804_120544_EHVRAD,train
20260804_124521_UEKYFK,train
20260804_124840_TFDKAB,train
20260804_130838_QHZQEQ,train
20260804_131036_WENJFN,train
20260804_131330_SEHUZB,eval
20260804_132630_MEZPPN,train
20260804_140902_FRYFMW,train
20260804_143222_VXMCAH,train
20260804_143324_NRNXWV,train
20260804_143512_MRQBHK,train
20260804_144737_BNPQAS,train
20260804_154133_VRPEFU,eval
20260804_162540_VAQDNF,train
20260804_172408_UZQUVA,train
20260804_181249_MYZLDL,train
20260804_190037_CCUSXA,train
20260804_190258_GTDVZJ,train
20260804_224149_VWLNQV,train
20260804_234826_SDNSMQ,train
20260804_235026_AERJMK,train
20260804_235545_FBQFAJ,train
20260804_235745_TKEUJL,train
20260805_000232_DVUXCA,train
20260805_000619_PKMEWY,train
20260805_000846_TUWMTE,train
20260805_000908_LAAGLG,eval
20260805_001316_KUQCLA,train
20260805_001552_WFHBBD,train
20260805_001553_WEAWGH,train
20260805_001627_XPXDMF,train
20260805_001745_EXSCBG,train
20260805_001906_QYLJGH,train
20260805_001908_DWBGJY,train
20260805_002032_JPAQER,eval
20260805_002104_CPPXRE,train
20260805_002115_EFWACC,train
20260805_002152_UPAUSD,train
20260805_002233_AHDFQN,train
20260805_002306_QZCXET,train
20260805_002345_RYXVZZ,train
20260805_002447_FUYBXW,eval
20260805_002520_TAYPZG,train
20260805_002953_HTVQFT,train
20260805_002958_YETWKJ,train
20260805_003008_MABQFB,eval
20260805_003131_FPTCXE,train
20260805_003415_PYHEAB,train
20260805_003625_RVLXRU,train
20260805_004002_GGQCMP,train
20260805_004023_AVVLMG,eval
20260805_004220_ZXGSLY,eval
20260805_004306_PXRNGB,train
20260805_004430_DNZSYU,train
20260805_004750_PVYPKW,train
20260805_004930_ZVRXDC,train
20260805_005154_NVANVM,train
20260805_005413_PMVPGG,train
20260805_005628_NGPCKT,train
20260805_005637_BVRGEE,train
20260805_005728_JJNELP,train
20260805_010219_SFPWLX,train
20260805_010427_JTRQPL,train
20260805_010518_MNWLTQ,train
20260805_010553_HSPANZ,train
20260805_010644_MSCWAJ,eval
20260805_010942_XGRLZC,train
20260805_010950_LLPHRB,train
20260805_011016_JPYDUK,train
20260805_011149_YRZQWG,train
20260805_011216_XXRSKA,eval
20260805_011552_PKACXU,train
20260805_011645_MXZPMQ,eval
20260805_011652_QKKSLG,train
20260805_011835_LVRGQD,train
20260805_012002_LXCAVN,train
20260805_012042_FGVJJE,eval
20260805_012055_QYJEUC,eval
20260805_012253_FPWGHU,train
20260805_012350_GAAHLT,eval
20260805_012404_FTZKKH,train
20260805_012429_RKHLXW,train
20260805_012854_PAMUPQ,eval
20260805_012941_KPDUNW,train
20260805_013125_WXHDAQ,train
20260805_014214_FHVCPC,train
20260805_014327_AHHYJD,train
20260805_014921_XVEEQC,train
20260805_015008_CEKLTD,train
20260805_015052_QYYURP,train
20260805_020353_KTNWXL,train
20260805_020558_HMVAGJ,eval
20260805_020607_GYQPEU,train
20260805_021018_JHCSWU,train
20260805_021239_NTBCZY,train
20260805_021354_GPSARY,eval
20260805_021431_RABJLW,train
20260805_021633_FGEDAR,train
20260805_021727_RNPLJD,train
20260805_021815_ZSARDP,train
20260805_021820_EAQMPP,eval
20260805_022024_ACSWPQ,eval
20260805_022546_QNLDLR,train
20260805_022635_SNVVTU,train
20260805_023014_NZCDRN,train
20260805_023015_DVFCSC,train
20260805_023337_QDHFTX,train
20260805_023539_YQDHLY,train
20260805_023709_FVBRVR,train
20260805_023954_UFVLVC,eval
20260805_024304_QLTZHZ,eval
20260805_024403_PTVHDQ,train
20260805_024422_ZDSXJN,eval
20260805_024803_KFCHZN,train
20260805_024818_YBXLKM,eval
20260805_024955_TZCMMT,eval
20260805_025131_NYKNHY,eval
20260805_025511_DGYDUT,train
20260805_025816_KWZMTF,train
20260805_025822_SMADDY,eval
20260805_025830_FYBHEQ,train
20260805_030114_JUNEYA,train
20260805_030117_JYHVVD,train
20260805_030333_JXRNDQ,train
20260805_030747_PLAEWG,train
20260805_030752_TMRHPG,train
20260805_030803_TBMWGL,train
20260805_030951_VXKXNE,train
20260805_031014_YEQYFG,train
20260805_031025_NRBQNZ,train
20260805_031033_WFSGRR,train
20260805_031725_HLQTUA,train
20260805_031918_MYYYXS,train
20260805_031924_WPJVSV,train
20260805_032240_ESRMJK,train
20260805_032400_PNUUWC,train
20260805_033014_UBUEZX,train
20260805_033025_EAWXYM,train
20260805_033140_GWUTLQ,eval
20260805_033606_HNQKXT,train
20260805_033917_DQBLXE,eval
20260805_034123_RXTRNR,train
20260805_034210_LPXAEZ,train
20260805_034219_MBJMWA,eval
20260805_034436_PYDXBK,eval
20260805_034933_CNYFAK,train
20260805_035210_CDBDSU,eval
20260805_035816_EKFNUH,train
20260805_040135_JUEQVH,eval
20260805_040807_QNNLAW,eval
20260805_041731_MDFTXS,train
20260805_041803_HTCLKT,train
20260805_042113_SULEEA,eval
20260805_042800_BZVPLZ,train
20260805_042954_BQYRXM,train
20260805_043034_DBJFBG,train
20260805_043509_ZTDCXQ,train
20260805_043829_RRAXEZ,train
20260805_043955_MTKDYP,eval
20260805_044123_HZZKWG,train
20260805_044603_WAFAJL,eval
20260805_044616_EMUSWX,train
20260805_044757_PDAQGP,train
20260805_044920_ESVHYX,train
20260805_045018_BYEKCB,train
20260805_045240_KYMRBP,eval
20260805_045345_GMBULF,train
20260805_045415_ZJWBSU,eval
20260805_045422_SDRXJK,train
20260805_045750_WVWHDM,train
20260805_050040_YKMWDT,train
20260805_050056_JKBUVS,train
20260805_050220_GTLSXK,train
20260805_050406_YWXRJA,train
20260805_050614_PFTDWH,train
20260805_050639_RQKHWZ,train
20260805_050700_QRRFAC,train
20260805_050701_GLFXNH,eval
20260805_050748_SBPPXJ,train
20260805_050830_GGBAWZ,train
20260805_050830_TCMZVQ,train
20260805_050842_NETRKG,eval
20260805_050845_BEXHLX,eval
20260805_050909_GUMEGV,train
20260805_051207_FFTFBT,train
20260805_051458_KHGLHJ,eval
20260805_051558_SNJLJJ,train
20260805_051715_ENRHLD,train
20260805_051750_MTGNUD,train
20260805_051905_SQEXNV,eval
20260805_052206_DFTQTY,train
20260805_052246_AYMQZE,train
20260805_052249_ABGEHV,train
20260805_052605_FZNPLS,eval
20260805_052759_FQBTZD,eval
20260805_053123_JRTPFH,eval
20260805_053154_CSQWCY,eval
20260805_053314_LZSZHZ,train
20260805_053316_NBLFSF,train
20260805_053600_BUGWCS,train
20260805_053633_PCZFXJ,eval
20260805_053657_CTKRMM,train
20260805_053733_BCJRZV,train
20260805_054412_FZDCRR,eval
20260805_054435_PZHHKK,eval
20260805_054809_QGNABZ,eval
20260805_054922_RALSGQ,train
20260805_055003_LFEEDW,train
20260805_055309_WJNJVT,train
20260805_055350_TNRTQG,train
20260805_055401_XNEXTS,train
20260805_055506_BCFPKC,train
20260805_055939_RBJAMH,train
20260805_055940_YVUSTT,eval
20260805_060025_QRUAPF,train
20260805_060059_XJPMXR,train
20260805_060238_YNBPNL,train
20260805_060337_TDVRCP,train
20260805_060358_BEAYRY,train
20260805_060543_XMPRKR,eval
20260805_060557_XJSCWC,train
20260805_060557_YNUQBQ,train
20260805_060700_VEEBRF,eval
20260805_060927_BUCPCT,eval
20260805_060940_JNZPHJ,train
20260805_061108_USZQCN,train
20260805_061116_RTMPSL,eval
20260805_061152_WGGZNZ,eval
20260805_061316_WESTVT,train
20260805_061714_DVWAXV,eval
20260805_062201_XGKXDL,train
20260805_062453_LFQBQD,eval
20260805_062611_JHSSTE,train
20260805_063343_VKJTDM,eval
20260805_063403_ALRZPC,eval
20260805_063432_HZVVLT,train
20260805_063432_RAGZUF,train
20260805_063606_ATUJRF,train
20260805_063947_CFGVVA,train
20260805_064014_DTYHRT,eval
20260805_064228_EJMUXH,train
20260805_064332_UMFUJY,train
20260805_064447_SRPEBX,eval
20260805_065018_JAKCWB,train
20260805_065212_SKHVAP,train
20260805_065239_HYWPFV,train
20260805_065601_UHGKPG,train
20260805_065709_NPXJQR,eval
20260805_072210_PGKVWH,train
20260805_072248_GVPYZR,train
20260805_072325_LBCDBQ,train
20260805_072809_JQGAKB,train
20260805_072956_MAJMMX,train
20260805_073153_LDAGRJ,eval
20260805_073827_VZDMKD,eval
20260805_073854_DNTHFZ,train
20260805_073926_ATCHVA,train
20260805_074012_CAJHHX,train
20260805_074117_TWEHVH,train
20260805_074405_WZKAEB,train
20260805_074446_GNVAHW,train
20260805_074612_JSQWVS,train
20260805_074617_SEFVYC,train
20260805_074756_VMDKSX,eval
20260805_074818_GVMVFJ,train
20260805_074923_XCTHLY,train
20260805_074955_JNCGAU,train
20260805_075421_ASSDPA,eval
20260805_080248_FVYUGT,train
20260805_080413_HUKKHX,train
20260805_080522_VCWTDL,train
20260805_080534_DUGFXD,train
20260805_081047_XTMLQK,eval
20260805_081141_GYNESF,train
20260805_081210_FJZLHY,train
20260805_081509_LXDRWH,train
20260805_081539_WAJPCH,train
20260805_081609_KBBABV,train
20260805_081622_BJJWTR,train
20260805_082016_RGKMTD,train
20260805_082835_CSGSXD,train
20260805_083047_TLTGLF,train
20260805_083323_JJCHNY,train
20260805_083655_KKUMDL,train
20260805_084041_CYLZEL,eval
20260805_084125_BNBDXG,train
20260805_084515_AJSTEK,eval
20260805_084807_QMVFSY,train
20260805_084848_WMTNVY,train
20260805_085021_AMYJJJ,train
20260805_085418_PDWPAM,train
20260805_085943_FKBDDC,eval
20260805_090038_ARUYWG,train
20260805_090114_QRPVED,train
20260805_090201_ADRHCX,eval
20260805_090236_RDBKKK,train
20260805_091057_PASMVC,eval
20260805_091225_HCUAKL,train
20260805_091233_MSLUBY,train
20260805_091322_QGDCCH,train
20260805_091402_SGQYLE,train
20260805_091758_AZQQLP,train
20260805_091849_QKWNXA,train
20260805_092025_ENJSQX,eval
20260805_092250_KUWSMP,train
20260805_092319_PHPFUB,train
20260805_092643_UDJFTW,train
20260805_092721_GRZUAB,train
20260805_092910_GDYBYG,train
20260805_093001_RKNWDM,train
20260805_093335_NLMDXL,eval
20260805_093424_NFFCSC,train
20260805_094108_WVXWHR,train
20260805_094532_FNJUJA,train
20260805_094733_ZUNXFD,train
20260805_094915_DSADTG,eval
20260805_095145_HDBWPU,train
20260805_095332_LMDMDZ,train
20260805_095543_YSBFZR,train
20260805_095844_VNHRJH,eval
20260805_100011_VCBMAJ,train
20260805_100204_WYZUBE,train
20260805_100446_MEYHWY,train
20260805_100448_KNQWES,train
20260805_100731_LKCDDU,train
20260805_101103_EDVQGC,train
20260805_101356_GXQNKS,train
20260805_101613_WQJDBX,train
20260805_102613_WBTAUQ,train
20260805_103231_CABTRE,train
20260805_103755_XUYMQS,train
20260805_104019_MLQAFN,train
20260805_105250_KAMEAH,train
20260805_105450_WXULRW,train
20260805_105538_KHRRPZ,train
20260805_110112_NNZWPP,train
20260805_110200_HKZRJQ,eval
20260805_110738_UHAYTF,train
20260805_111721_SKQGBS,train
20260805_113757_ZNRYFV,train
20260805_114954_ESRVQQ,train
20260805_123121_PRCGUZ,train
20260805_123242_QTTEKJ,train
20260805_123648_GTZNXH,eval
20260805_123715_CULESJ,train
20260805_123747_CUEGHU,train
20260805_124038_WAHSVZ,train
20260805_131157_UQDGMU,train
20260805_132452_UDUAQA,train
20260805_134533_ENCSZQ,train
20260805_135310_YEELXW,train
20260805_141643_HWUXKR,train
20260805_144213_TGYTLS,train
20260805_151821_AYJHJK,train
20260805_234437_VXTFFN,train
20260805_235539_HTPMBG,train
20260806_001014_DZEZQF,eval
20260806_001458_WHNCAG,train
20260806_001547_HDEKQE,train
20260806_002949_DLUMTF,train
20260806_003051_TMTQTW,train
20260806_003054_XKMMUM,train
20260806_003134_FFUJWB,train
20260806_003234_UBPKJY,eval
20260806_003410_NTLBCU,train
20260806_003817_JSDXPL,train
20260806_004020_LCLRGB,train
20260806_004042_XNTVTH,train
20260806_004046_GVSXQQ,train
20260806_004057_HBBQCQ,train
20260806_004104_QTFAAR,train
20260806_004132_JFGEEH,train
20260806_004204_RJEWUA,train
20260806_004210_CPRTZF,train
20260806_004232_NVACRF,train
20260806_004612_CCAMBY,train
20260806_004630_SDYHXV,train
20260806_004709_SHTTYS,train
20260806_004710_PCJMXW,train
20260806_004816_BWALHS,train
20260806_004912_XRFPLL,train
20260806_005246_GMHTYP,train
20260806_005440_QBAUVZ,train
20260806_005652_SLXZUB,train
20260806_005900_EMHAXQ,train
20260806_005951_UMTBUF,train
20260806_010019_VMDWHT,eval
20260806_010510_XBDAFU,train
20260806_010631_NLPPRP,train
20260806_010640_FGSJBV,train
20260806_010835_CKVKYX,train
20260806_010850_GFNLGZ,train
20260806_010947_AMAAVW,train
20260806_011136_NFTQYC,train
20260806_011232_RPJGMD,train
20260806_012024_YCPPYD,train
20260806_012215_XKYWRD,train
20260806_012224_HZQHQF,train
20260806_012941_BNEXXF,eval
20260806_013021_MBACHY,train
20260806_013258_GVENPK,train
20260806_013413_BALECM,train
20260806_013511_ETWXFU,train
20260806_013952_ERDRMD,eval
20260806_014042_TGBKXX,train
20260806_014438_SUPARQ,train
20260806_014536_RJBUKA,eval
20260806_014629_REWBGA,train
20260806_014809_KSGGAX,train
20260806_014953_AJBWNZ,eval
20260806_015113_JNRGDG,eval
20260806_015413_JWGKNM,train
20260806_015457_VMJMQB,eval
20260806_015620_VUQVGT,train
20260806_015627_PHPPZR,train
20260806_015655_MCSJLR,train
20260806_020149_VJRBFE,train
20260806_020630_WESSRK,train
20260806_020758_VFZGXU,train
20260806_021101_KXGRGH,train
20260806_021218_VBGGYB,train
20260806_021233_LXSZWD,train
20260806_021737_BMFSHM,eval
20260806_022017_ZLEHGM,train
20260806_022200_WGAVQF,train
20260806_022339_QWYJBB,train
20260806_022510_JLVGFH,train
20260806_022741_YFKMNG,train
20260806_022753_GCMWQP,train
20260806_023140_RMUNBK,train
20260806_023209_VSRVVK,eval
20260806_023327_RUYHFP,train
20260806_023656_MSKLMV,train
20260806_023718_GSTEXM,train
20260806_023841_BPYMYN,train
20260806_024205_VAPKWK,train
20260806_024503_MHQACL,train
20260806_024729_GKNYQU,train
20260806_025007_HSYQPU,train
20260806_025615_EDFQZK,train
20260806_025953_UKVLXH,eval
20260806_030034_QSNQDA,eval
20260806_030255_ZNNZFY,train
20260806_030514_FZDJUE,train
20260806_030601_TBSCJM,train
20260806_031307_KVKVVR,train
20260806_031541_BMPFDC,train
20260806_031905_TQRYMS,train
20260806_031907_AWGWHD,train
20260806_032657_PHDLLA,eval
20260806_032711_KYXXME,train
20260806_032832_DMLJQN,train
20260806_032857_ELURLZ,train
20260806_033301_HYKPEC,train
20260806_033742_WJSSZX,train
20260806_033900_BGWESA,train
20260806_034024_GENQNC,train
20260806_034318_JELWXS,train
20260806_034347_UCQZQD,train
20260806_034457_HCPVHT,eval
20260806_034708_DCYMVY,train
20260806_035419_QXUMFH,train
20260806_035500_EAJXRA,eval
20260806_040939_CBYTEA,train
20260806_041202_PHXQYE,train
20260806_042322_HPBRAB,eval
20260806_042812_QNBGEG,train
20260806_042907_KBNHNB,train
20260806_042949_TYAKNU,train
20260806_043313_KDHXWS,train
20260806_043710_WBAPKH,train
20260806_043855_WBQAQF,train
20260806_044506_TQALWH,train
20260806_045048_EDZUZW,eval
20260806_045058_GBARMV,train
20260806_045133_PFXYLV,train
20260806_045149_MQJDQX,train
20260806_045716_LWAEQU,train
20260806_045847_NUYWGB,train
20260806_050205_ZFSHQB,train
20260806_050214_KHCTBG,train
20260806_050356_NZHVKS,train
20260806_050412_YRRUBD,train
20260806_050446_ATFXHP,train
20260806_050528_KCFCRY,train
20260806_050552_QYMZGC,train
20260806_050702_QLASNL,train
20260806_051211_AXMHJE,train
20260806_051328_KVAPCS,train
20260806_051551_ADZLBP,eval
20260806_051843_KWBAHX,train
20260806_052212_MDSXEZ,train
20260806_052404_JZLFBV,train
20260806_052610_GVUTGQ,train
20260806_052629_TATZSR,train
20260806_052949_NMDJBF,eval
20260806_053034_DGRTQK,train
20260806_053051_DRWZAX,train
20260806_053054_FKFZCG,eval
20260806_053057_VUZLEK,eval
20260806_053112_EEQHJP,train
20260806_053117_GBZLHE,train
20260806_053306_ACJVQS,train
20260806_053342_WVLKRM,eval
20260806_053924_UPXBRF,train
20260806_054116_ZJFZVV,train
20260806_054129_JFKVCM,train
20260806_054247_FDHUVM,train
20260806_054307_JAGGWC,train
20260806_054427_GBBPKR,train
20260806_054627_GGMBWL,train
20260806_054800_YEKLTH,train
20260806_055054_WRKSXG,eval
20260806_055103_QDMZGB,eval
20260806_055104_DYVAUJ,eval
20260806_055319_BZKBLQ,eval
20260806_055421_MPNHMP,eval
20260806_055633_BWDWPT,train
20260806_055724_YRNEBD,train
20260806_055916_FAGJML,train
20260806_055922_CAMVDB,train
20260806_055934_WYHLJX,train
20260806_060042_VVHDTW,train
20260806_060135_SDJEUD,train
20260806_060254_XZPCLC,train
20260806_060402_YQZLFG,train
20260806_060528_UFYNRZ,train
20260806_060555_HGKWQY,train
20260806_060705_YTPFKN,eval
20260806_060739_NGKVDQ,eval
20260806_060929_UDAZEG,train
20260806_061034_QKKRNU,train
20260806_061057_ZPETMB,train
20260806_061152_FDEQWN,eval
20260806_061239_RMJWEX,train
20260806_061508_TVTPZW,train
20260806_061951_MRNYKA,train
20260806_062205_RLUSBS,eval
20260806_062314_VJDKBA,train
20260806_062519_GEUEYM,train
20260806_062606_EBYQLD,train
20260806_063103_RKRXCZ,train
20260806_063345_WCQMXH,train
20260806_063730_YAXFHB,eval
20260806_064102_WKYJQC,train
20260806_065028_HKYWHP,train
20260806_065141_EBBNZJ,train
20260806_065235_KEDUTW,train
20260806_065243_JTKGPQ,eval
20260806_065406_UQKDLP,train
20260806_065503_JXFATX,train
20260806_070129_URXNDV,eval
20260806_070208_JDQKTD,train
20260806_070340_EUTUKM,train
20260806_070423_LJATFF,train
20260806_070445_LMZSDL,train
20260806_070726_BKKUCU,train
20260806_070755_SQXYHT,eval
20260806_071302_XDUWLD,train
20260806_071705_ZGWMRX,eval
20260806_072150_FNJGGH,eval
20260806_072211_WFQMHJ,train
20260806_072420_LSQPFZ,train
20260806_072713_DDTWNE,eval
20260806_073224_BNKKMZ,train
20260806_073955_HZDJWV,train
20260806_074152_KDPHKF,train
20260806_074239_QREBXV,train
20260806_074403_KMHUSE,train
20260806_074533_BQJRLX,train
20260806_074801_GEZWYM,eval
20260806_074921_VPWPQV,train
20260806_075108_KDQJUZ,train
20260806_075148_SWRCLA,train
20260806_075428_DKJEDF,train
20260806_075852_RABRTK,train
20260806_080014_NMLTQS,train
20260806_080400_ACWQZT,train
20260806_080648_HGWYPK,train
20260806_080706_KXNVHP,train
20260806_080806_VSCVPW,train
20260806_081348_QQYMGF,train
20260806_081632_FDBXWT,train
20260806_081632_UEXWSD,train
20260806_081701_NMTNFT,train
20260806_082326_SQALSN,train
20260806_082345_YKTLLG,train
20260806_083034_TTLBZM,train
20260806_083156_DJEEHJ,train
20260806_083236_HYFAQN,train
20260806_083314_NYVJAB,train
20260806_083451_GHPRUN,train
20260806_083509_SJJVYZ,train
20260806_084006_VNEDYC,train
20260806_084059_ECJAEL,train
20260806_084409_LMMTMF,eval
20260806_084441_WVJREQ,train
20260806_084629_MRATGJ,train
20260806_084727_VNFWDR,train
20260806_084809_QJCQPQ,eval
20260806_084933_LYUSND,train
20260806_085259_ARERKZ,train
20260806_085514_LLKSZU,train
20260806_085859_PCRVTN,train
20260806_085912_NQMGKS,eval
20260806_090113_AZYDTS,train
20260806_090745_BBCYPC,eval
20260806_090932_MCZDHF,train
20260806_092114_EKMYTY,eval
20260806_092225_CEJJAR,eval
20260806_092240_QULMSU,eval
20260806_092405_RPBTAK,train
20260806_092730_DSMKJQ,train
20260806_092914_CREURW,eval
20260806_093013_FJZENA,eval
20260806_093520_DHNLTC,train
20260806_093525_UEQZMK,train
20260806_094327_LGJVXK,train
20260806_094647_WZSTZW,train
20260806_094904_QWQYKA,train
20260806_100254_LSJGRB,train
20260806_101029_AGMWDF,train
20260806_101250_BBKQLS,train
20260806_101849_SPZREL,train
20260806_102129_XUWGCY,train
20260806_102609_TRZBXA,train
20260806_103118_ZBJPSP,train
20260806_103237_UVNCMH,train
20260806_104012_EQLHZJ,train
20260806_104252_QNZRDK,train
20260806_104505_BRWWYM,train
20260806_105055_FRTTNX,train
20260806_105111_DPEMUD,train
20260806_105217_YTWLBE,train
20260806_105226_GADBYD,train
20260806_110025_BFMVMC,train
20260806_110320_AUKZYE,train
20260806_110935_ADYTHN,train
20260806_112005_JLAKXL,train
20260806_112318_QUPFXS,train
20260806_112528_QBXTED,train
20260806_112622_GJWMXE,eval
20260806_112624_KJZZES,train
20260806_112920_DEXMUQ,train
20260806_113739_SBKULK,train
20260806_114137_KLHMGJ,eval
20260806_114433_FPQZWX,eval
20260806_115133_VLPUHV,train
20260806_121709_RWSTBJ,train
20260806_123938_QXADLQ,train
20260806_125038_ZTCHUB,eval
20260806_130010_ZXZPZR,train
20260806_131721_UTXNZM,train
20260806_132506_EHTZFJ,eval
20260806_132537_SFZDVK,train
20260806_133902_PEABCE,train
20260806_134629_XSKDYT,train
20260806_142020_MSBGBM,train
20260806_144756_NETDXY,train
20260806_155834_TUVNPM,train
20260806_155913_FGVHWP,train
20260806_163338_PGQNNM,train
20260806_212127_RCRXFS,eval
20260806_222145_CPBTFB,train
20260806_231324_QTSQXU,eval
20260806_232247_LGGBPM,train
20260806_232348_QCLMVH,train
20260806_232633_YNVUAF,train
20260806_233201_YUUQXA,train
20260806_233733_LZCUBJ,train
20260806_234853_XDKHFX,train
20260806_235150_HKUENZ,train
20260806_235724_UZSTRY,train
20260807_000306_SNKEPQ,train
20260807_000401_YMYHCT,eval
20260807_000555_JCPJZE,eval
20260807_000735_UHAYYY,train
20260807_000859_CSUJSJ,train
20260807_000959_PFAQVV,train
20260807_001016_JCVEWG,train
20260807_001257_QPXMJW,train
20260807_001452_CCUKPY,train
20260807_001502_MSELVZ,train
20260807_001633_NGGBTU,eval
20260807_001848_PJVQWY,train
20260807_001956_FEBYLW,eval
20260807_001959_PAXPJQ,train
20260807_002212_PPDSZU,train
20260807_002332_CGLUDR,train
20260807_002449_NAPXBU,train
20260807_002653_FUSJDX,eval
20260807_003002_VBSMGW,train
20260807_003124_EYHHHZ,eval
20260807_003221_LGNFXS,train
20260807_003255_UCHFAG,train
20260807_003438_BLTJCM,train
20260807_003439_DRDCRJ,train
20260807_003608_YPZFMK,eval
20260807_003747_SKUXZP,train
20260807_003926_GPUQLE,train
20260807_003942_NTPXDT,train
20260807_003957_WNAPSD,train
20260807_004217_HXKGXW,train
20260807_004512_UFTCDR,train
20260807_004533_ZFDEGE,train
20260807_004554_ALDJRT,eval
20260807_004743_FXWQBN,eval
20260807_004905_EXPXRN,train
20260807_004928_JNZPGF,train
20260807_005009_ZTUERX,train
20260807_005038_GCAMPR,train
20260807_005154_HDQWHR,train
20260807_005251_HNRFCU,train
20260807_005440_RJNKDT,train
20260807_005704_DCPAXY,train
20260807_005820_SGWEYQ,eval
20260807_005842_KXVXRC,train
20260807_010123_LHKYHJ,eval
20260807_010158_RLBZCF,train
20260807_010233_FAWXQG,train
20260807_010332_ZVQKVP,train
20260807_010544_DNTNEE,train
20260807_010637_QSYQVY,train
20260807_010807_AVCQXL,train
20260807_010903_TLPGJY,eval
20260807_011023_MRGSJG,train
20260807_011216_JGJSEV,train
20260807_011441_JVAZCV,train
20260807_011451_JYTVQM,train
20260807_011459_ASJQMW,train
20260807_011730_FSYEBJ,train
20260807_011941_CELHNE,train
20260807_012135_LFMZUX,train
20260807_012235_CQQLUA,train
20260807_012242_LSEMBF,train
20260807_012313_ZZGWJY,train
20260807_012401_JDMTXT,train
20260807_013224_ZJRWMF,eval
20260807_013257_CXLNNN,train
20260807_013417_UXJDYH,train
20260807_013437_HANVSD,train
20260807_013557_UCCUJH,train
20260807_014111_DAVBEY,train
20260807_014457_GAWAQR,train
20260807_014934_BKHUTY,train
20260807_015052_WDRHDR,train
20260807_015239_XPGRME,eval
20260807_015308_VSPFVV,train
20260807_015451_AQKWYA,train
20260807_021014_VBUNEU,train
20260807_021118_EMZGPQ,eval
20260807_021224_LCSXPW,train
20260807_021445_UMNJCN,eval
20260807_021527_JCBCKL,eval
20260807_021536_SKJPTC,train
20260807_021640_WPTFPU,eval
20260807_021654_RCKCZR,train
20260807_021738_KACVZF,train
20260807_021903_FBPLMC,eval
20260807_022114_DNHCEG,eval
20260807_022238_YWQZDS,eval
20260807_022303_HKXKFL,train
20260807_022306_UTUCDG,train
20260807_022703_YUPHKD,train
20260807_022829_CCVLTV,train
20260807_022839_PRDFFV,train
20260807_022858_BYHEYK,eval
20260807_023056_DKYBYP,train
20260807_023116_MJWZQY,train
20260807_023232_RSWUUH,train
20260807_023434_AFRLSG,train
20260807_023659_UKYJVZ,train
20260807_023810_EKACPC,train
20260807_024855_DQTMVK,train
20260807_025336_SUXHYR,train
20260807_025346_PFZAWS,train
20260807_025829_LQUYPQ,train
20260807_025916_MPTGBW,train
20260807_030007_JHFTFZ,train
20260807_030119_FLPLFW,train
20260807_030146_HNFYUS,eval
20260807_030209_DQRMGD,eval
20260807_030655_RQHXQQ,eval
20260807_030856_NLNZAD,train
20260807_031201_EZHYCA,train
20260807_031847_TVYNMP,train
20260807_032707_HRLNKV,train
20260807_033128_RRUBVS,train
20260807_033732_RMCRHQ,train
20260807_033738_GGNFZW,eval
20260807_033916_KJEMKJ,train
20260807_033942_NZVVEU,train
20260807_034113_DACZXC,train
20260807_034609_NQTTWM,train
20260807_035125_VHPGMY,eval
20260807_035453_EWDZDL,train
20260807_035507_PPQRUW,train
20260807_035645_XRZHLM,train
20260807_040639_ATTMFB,eval
20260807_040704_WANMDG,train
20260807_040838_PDBEQD,train
20260807_041120_SLFWTJ,eval
20260807_042057_EFBBDC,train
20260807_042305_ULTZMF,train
20260807_042610_MQSFBV,train
20260807_042831_YPRJPV,eval
20260807_043006_ERVJBG,train
20260807_043224_PWDNSR,train
20260807_043228_AQDSMW,train
20260807_043718_BUCJSZ,train
20260807_044330_BFWDRW,eval
20260807_044438_QDLUZR,train
20260807_044532_TDUHTU,train
20260807_044533_ZMDTLU,train
20260807_044534_YWMDJY,train
20260807_044736_ADEYUK,train
20260807_044802_UZLBLY,train
20260807_045029_HQJGKH,train
20260807_045250_VYKSFB,train
20260807_045414_JWZSLG,train
20260807_045959_RXJGDK,train
20260807_050055_GDYDNV,train
20260807_050118_ATWKJF,train
20260807_050231_JCBHSN,train
20260807_050305_UHZFXP,train
20260807_050424_VNMCJR,train
20260807_050725_MAEKKN,train
20260807_050826_LZTSED,train
20260807_050901_YHNETC,eval
20260807_051401_JRLCQQ,train
20260807_051705_LAKVLM,train
20260807_051954_RMASVD,train
20260807_052549_RYBJVP,train
20260807_052606_LUEECR,train
20260807_052647_DYAEFJ,train
20260807_052719_ZSDKLG,eval
20260807_053227_XTCTVK,train
20260807_053355_LVZHSN,eval
20260807_053425_ULBXAK,eval
20260807_053726_XKMQTV,train
20260807_053818_TBKXWC,train
20260807_053901_BCFTKF,train
20260807_053909_MBQGCA,train
20260807_053947_DBYFZE,eval
20260807_054127_MDKRUW,train
20260807_054130_PTHRWW,train
20260807_054236_AYLFZC,train
20260807_054330_HJBPYH,train
20260807_054420_HRJTSD,train
20260807_054545_KCCKYF,train
20260807_054700_XXNDBG,train
20260807_055011_LVDZQG,train
20260807_055048_SZANNF,eval
20260807_055422_QQVAFM,train
20260807_055658_UBURKB,train
20260807_055906_VSGLBE,train
20260807_060029_ZRZLDT,train
20260807_060430_SZFQEG,train
20260807_060544_RULWKJ,train
20260807_060550_CVMRWF,train
20260807_060551_MXVWBH,train
20260807_060716_YZJVZL,train
20260807_060743_AZCWJW,train
20260807_060950_ECCCCX,train
20260807_061202_SMUVRR,eval
20260807_061211_MDEAER,train
20260807_061214_VLVHNP,train
20260807_061238_FSKHRX,train
20260807_061240_AYFJYN,eval
20260807_061856_BBWQXE,train
20260807_061949_QKEBAS,train
20260807_062023_TFCCFY,train
20260807_062217_QADVWD,train
20260807_062506_KFGRHT,train
20260807_062559_EAAHGK,train
20260807_062601_UHVXJS,eval
20260807_062635_NHYFRC,train
20260807_062947_ERTLBX,train
20260807_063008_SYSAAV,train
20260807_063025_GPTMKJ,eval
20260807_063409_DXTKTN,train
20260807_063648_SZCLRJ,train
20260807_063954_ZGHXVB,train
20260807_064027_HWNLPQ,train
20260807_064134_AMYVZK,train
20260807_064258_YLZEKQ,eval
20260807_064530_FYLQNG,train
20260807_064829_SRBGGF,train
20260807_064837_VPZBNK,train
20260807_065121_HJYVGR,train
20260807_065239_TPNUSN,train
20260807_065613_QNNTNH,eval
20260807_065622_XKLMNF,train
20260807_065826_TJYFUT,train
20260807_065926_CYFKJM,train
20260807_070159_PTRHEC,train
20260807_070336_FGRYZJ,train
20260807_070544_CDBGKU,train
20260807_070748_YBHQHM,train
20260807_070850_JUCAWA,train
20260807_071024_MNDLKE,train
20260807_071359_TUGYHM,train
20260807_071433_UJQQBN,eval
20260807_071918_WBZFTN,train
20260807_072015_HLKDWS,train
20260807_072031_BZALZM,train
20260807_072037_SQHZKB,train
20260807_072202_BBVEQY,eval
20260807_072211_JJRHBP,eval
20260807_072227_QTGCQF,train
20260807_072414_PSGYZS,train
20260807_072613_ZRAFEV,train
20260807_072721_SBRPHY,train
20260807_073221_LZGDLN,train
20260807_073253_CADQWV,train
20260807_073640_FDMGTM,train
20260807_074041_HXFYGF,train
20260807_074240_XMTZAE,train
20260807_074353_JCDBKF,train
20260807_074517_QZBRFM,train
20260807_074652_JBSQTQ,train
20260807_074846_ZHSELY,train
20260807_075148_BDHABE,train
20260807_075148_MMJDGS,train
20260807_080116_KLLLGE,train
20260807_080148_HCHYFQ,train
20260807_080302_NNNHSQ,train
20260807_080637_DETJCH,train
20260807_080718_NZSSED,train
20260807_080821_RVYTUR,train
20260807_081108_WUBSZB,train
20260807_082418_HMQDAH,train
20260807_082445_XCRSAS,train
20260807_082911_FVABQV,train
20260807_083136_JWLQFF,train
20260807_083237_GLPEKN,train
20260807_083517_HJBLBC,train
20260807_084109_FSFQME,train
20260807_084423_VJZXUF,train
20260807_084833_RGHRJD,train
20260807_085126_MCJBTW,train
20260807_090159_VNWHDN,train
20260807_090242_GXWCLJ,train
20260807_090504_VFJPQB,train
20260807_090516_LHSKJF,eval
20260807_090651_JVJRHN,eval
20260807_091114_HNNPEH,train
20260807_091148_DSRUYJ,train
20260807_091157_ACGCKA,train
20260807_091528_XEMPNW,train
20260807_092408_ZCZTGF,train
20260807_092445_VJKNSM,train
20260807_092658_BATQQJ,train
20260807_092810_DQKEJS,train
20260807_093024_ZBLRCW,eval
20260807_093230_UFRDNR,eval
20260807_093809_HJUFVA,train
20260807_093916_HGVRMT,train
20260807_095019_QZJVSZ,eval
20260807_101543_MPKWEK,train
20260807_101755_XPJNGX,train
20260807_102128_XTUMDR,train
20260807_102318_UDBPSW,train
20260807_102531_ZEBJYX,train
20260807_103135_RVMFTV,eval
20260807_103345_BFAYNT,train
20260807_104334_MKABDE,eval
20260807_104447_HXNRYP,train
20260807_104526_DJVNGT,train
20260807_104924_SHXSMV,train
20260807_105032_FDRHBG,train
20260807_105913_UFSFWB,train
20260807_111036_GRNZBE,train
20260807_111100_ZDMYCK,eval
20260807_111448_REUWRC,train
20260807_111619_LJPENM,train
20260807_111752_ESUCVF,train
20260807_111951_CEBXPM,train
20260807_112201_STYSRF,eval
20260807_112306_FESSRP,eval
20260807_113123_RFWTEW,train
20260807_113524_LHVJPW,train
20260807_114614_VKJZYK,train
20260807_114726_GQKWCE,train
20260807_115928_PRLPXV,train
20260807_122134_XZLBQT,train
20260807_124103_YANNLT,train
20260807_125003_HNCARC,train
20260807_130430_FBXLXR,train
20260807_134316_YBKKBU,train
20260807_142849_PGTLBF,train
20260807_162117_TLXHCM,eval
20260807_225430_YRWQBY,eval
20260807_230007_TBMLTT,train
20260807_230720_KBNFCZ,train
20260807_232912_DNMNMD,train
20260807_233922_TMCTRA,train
20260807_234741_FGDZLW,train
20260807_235055_KUTBPM,train
20260807_235214_FJMERQ,eval
20260807_235440_MGBPEC,train
20260807_235513_AJDHPB,train
20260807_235756_ABAYAA,train
20260808_000124_QXCYHV,train
20260808_000431_ZDHSRH,train
20260808_000532_KZPCKC,eval
20260808_000818_RJTJKB,train
20260808_000915_DZZPHL,train
20260808_000918_UVEPDQ,train
20260808_001014_BWJJTG,eval
20260808_001209_ZVXMCV,train
20260808_001434_PKCBSC,train
20260808_001518_CAPHUH,train
20260808_001637_ASZKHM,train
20260808_002118_FCHYHA,train
20260808_002248_GEQWVW,train
20260808_002353_NZPSVW,train
20260808_002946_CSVVCM,train
20260808_002946_FHKDFF,train
20260808_003205_GSNGKZ,train
20260808_003552_FMXBLX,train
20260808_003718_VLKQGZ,train
20260808_004224_UJQBTY,train
20260808_004231_RVEVSR,train
20260808_004737_CDGRFV,train
20260808_004749_ZCUYTH,train
20260808_004934_ZHHYTR,train
20260808_005137_VHSKJE,eval
20260808_005520_KWEYKY,train
20260808_005524_PPBFNN,eval
20260808_005847_AUMXMW,eval
20260808_010655_WNCJLP,train
20260808_010842_YEKJBY,eval
20260808_010936_PKMYXQ,eval
20260808_011112_RQLPSN,eval
20260808_011113_AEFSTZ,train
20260808_011338_SQVACT,train
20260808_011646_XEWYPV,train
20260808_011850_CEQPXE,eval
20260808_012210_WYXGJB,train
20260808_012429_JLQGKX,train
20260808_012504_SMSADU,eval
20260808_012728_VARTCY,train
20260808_012759_HAAPWW,eval
20260808_013147_RPBFHR,train
20260808_013220_TYHYJQ,train
20260808_013405_CMXMPJ,eval
20260808_013617_GDPMAP,train
20260808_013900_WQLAPC,train
20260808_014211_DGHLHW,train
20260808_014259_UGFDDK,train
20260808_014450_LBPJUA,train
20260808_014512_TTNHDK,train
20260808_014755_NTRTLU,train
20260808_014844_VGSNVN,eval
20260808_015025_BUWWYX,train
20260808_015350_UDGRKM,eval
20260808_015534_PPNLSW,train
20260808_020642_AKECHH,train
20260808_020932_WYEXBX,train
20260808_021024_LFNUWG,train
20260808_021200_JEQFHQ,train
20260808_021231_JKMEJD,train
20260808_021412_NMRJXQ,eval
20260808_021649_ABUBQE,train
20260808_022552_BZHBVJ,eval
20260808_022704_VPGLXX,train
20260808_022959_QZRUFY,train
20260808_023635_NKDHSF,eval
20260808_023910_KQXENL,eval
20260808_023937_MDSACY,eval
20260808_023940_JPDSSG,train
20260808_024021_CDNTBE,train
20260808_024026_GSSGUU,train
20260808_024353_XCMTPL,eval
20260808_024449_QJAFZC,eval
20260808_024453_QHZUHJ,train
20260808_024453_ZKELPQ,train
20260808_024646_XTKMPJ,train
20260808_024902_KWVLUV,eval
20260808_025111_EUHBWL,train
20260808_025118_SSQZEY,eval
20260808_025130_PCEVLM,eval
20260808_025425_PTCFQJ,eval
20260808_030421_MDQNFX,train
20260808_030829_SXNQPN,train
20260808_030832_XJQZSG,train
20260808_030844_SXLWAF,train
20260808_031151_XXSGEG,train
20260808_031453_XXLELK,train
20260808_031524_HRCXDV,train
20260808_031653_JZQPQC,train
20260808_032322_FGJCBL,train
20260808_032805_YZAJTA,train
20260808_033217_ZYFZVC,train
20260808_033409_UWALPT,train
20260808_033917_EUZDZX,train
20260808_034136_SEMQYS,train
20260808_040645_HLUTFF,train
20260808_040956_ENSEZL,train
20260808_041022_GURPES,train
20260808_041819_YNGVCH,train
20260808_041914_CPGVBU,train
20260808_042208_WEHNPG,train
20260808_042407_TZBFGV,train
20260808_042550_JPZQKG,train
20260808_044436_KMFYKK,eval
20260808_044451_HVUAHX,train
20260808_044533_ACBHHX,eval
20260808_044533_XNJKXQ,eval
20260808_044837_UPRYJX,train
20260808_045145_ZQNNVW,train
20260808_050133_ZDBUNE,train
20260808_050338_HTWTGU,train
20260808_050343_FKSYZF,train
20260808_050636_MZZLZJ,train
20260808_050810_DHEFTV,train
20260808_050816_HEWMRQ,train
20260808_051123_SFMKYS,train
20260808_051242_FSMXTP,train
20260808_052516_AXCUVA,eval
20260808_052547_LBHESY,train
20260808_052720_SNDMRT,train
20260808_053001_ZRTVTT,train
20260808_053108_SKHHHZ,train
20260808_053227_EYWRPL,train
20260808_053326_GKPMNB,eval
20260808_053328_ZVVSPT,train
20260808_053535_RMRKMG,train
20260808_053910_PGBTEU,eval
20260808_053931_XAHCZY,eval
20260808_054356_PQEBQT,eval
20260808_054403_CKYWAZ,eval
20260808_054604_MTHKWS,train
20260808_054741_TVPPKL,train
20260808_055119_PUPWKB,train
20260808_055123_JCKLZG,train
20260808_055123_KGTFQU,train
20260808_055218_RUKHDT,eval
20260808_055530_CYERDV,train
20260808_055533_CKDZMS,train
20260808_055706_JDPSJX,train
20260808_055940_EUUJXL,eval
20260808_055951_KMENQH,train
20260808_060048_TRBKGT,train
20260808_060345_ANTSMV,train
20260808_060414_MJBXKE,train
20260808_060500_NNBEYT,train
20260808_060630_MTBJEJ,train
20260808_060940_HPTVYJ,train
20260808_061316_JRXHNV,eval
20260808_061327_ZSHTYV,train
20260808_061423_BMHJAY,train
20260808_061426_NWAKVS,eval
20260808_061500_NJULTB,train
20260808_061822_MUUXNC,eval
20260808_061908_XPYNXZ,train
20260808_061931_BHUYKD,train
20260808_062539_BHNVUG,train
20260808_063152_AWLHPD,train
20260808_063426_ECUZKF,train
20260808_063517_JGRRUZ,train
20260808_063605_RGUNJL,eval
20260808_063924_MPMCJD,train
20260808_064044_PTGYAN,train
20260808_064153_HFHBAA,train
20260808_064508_BACHPX,train
20260808_064804_JPSLYH,train
20260808_065000_MBUPCK,train
20260808_065531_CHABNW,train
20260808_065915_SBRDXJ,train
20260808_065920_VBBUAE,train
20260808_070202_ZMLFLY,eval
20260808_070219_XSSTVW,train
20260808_070340_HKEACT,train
20260808_070539_BGMGGL,train
20260808_070616_MYPKSS,train
20260808_070702_KFNGMT,train
20260808_071049_EZVGRH,train
20260808_071241_DQSGZN,train
20260808_071553_ELZFMV,train
20260808_071658_HLAWCZ,train
20260808_071927_UMXDTE,train
20260808_072706_DDHDFK,train
20260808_072744_VAEMUS,train
20260808_072841_RHMACN,train
20260808_073523_QSZCHM,train
20260808_073619_XULVGN,eval
20260808_073918_KJGDXR,train
20260808_074254_YXJGWS,train
20260808_074346_HRCFSA,eval
20260808_074448_NWNMTR,eval
20260808_074629_YTKKJR,train
20260808_074913_UBWYFN,train
20260808_075048_GLXQER,train
20260808_075151_HWAJJT,eval
20260808_080030_CXVFZG,train
20260808_080359_VWQTMN,train
20260808_080937_AKAAEZ,train
20260808_081322_XGKPBX,train
20260808_081854_ZBXAXD,train
20260808_081915_BSPMZQ,train
20260808_082151_BZTUBT,train
20260808_082457_DSFMAW,eval
20260808_082547_UXDZZQ,train
20260808_082700_UTSRGU,eval
20260808_082736_LYMVEE,train
20260808_082745_ZYLFCP,eval
20260808_083303_ERQUKY,train
20260808_083458_HVMLER,eval
20260808_083459_BNZGZU,train
20260808_083721_QHDFJZ,train
20260808_083722_AUCWHD,train
20260808_083922_TCYWSD,train
20260808_084026_AYFDNQ,train
20260808_084847_RUFSVS,train
20260808_085024_XWJHSF,train
20260808_085357_GYVWNW,train
20260808_085827_HKZHFN,train
20260808_090149_JRJCST,eval
20260808_090347_VYGVSQ,train
20260808_090443_LWPTBK,train
20260808_091135_JEEDAL,train
20260808_091153_WTSCFD,train
20260808_092256_MPVSZY,train
20260808_092358_YWUZSN,eval
20260808_093747_YDKFGT,train
20260808_093907_YZNRHK,train
20260808_093913_MKUHUF,train
20260808_094644_GLDSXG,train
20260808_095040_LCTFYV,train
20260808_095453_NNPBDP,train
20260808_095535_CRYDDN,train
20260808_095636_ENXECY,train
20260808_095900_VXARWR,train
20260808_095959_EWTJKU,train
20260808_100058_PQNAZU,train
20260808_100238_NAHXJG,train
20260808_101354_EWYWTB,train
20260808_101440_BYBZBU,train
20260808_103811_VXUAFC,train
20260808_104231_QQGBLQ,train
20260808_104755_HJDHNU,train
20260808_105008_ZHSBFQ,train
20260808_105127_SVYQZW,train
20260808_105254_NUMPVQ,train
20260808_105438_DHLVDB,train
20260808_105748_BGALTF,train
20260808_105907_ZAHKZK,eval
20260808_110438_HRSYGC,train
20260808_112810_FAXLNG,train
20260808_114805_HPTVUY,eval
20260808_120130_CSEAGV,train
20260808_132427_EPVCCT,train
20260808_133723_HWZHFG,train
20260808_133757_VEZNKP,eval
20260808_134804_FKFDPR,eval
20260808_140346_FQKCJR,eval
20260808_144617_URZWAR,eval
20260808_152235_JWXRUX,train
20260808_223321_NCHFDN,train
20260808_230421_YUHSQH,train
20260808_234719_TSGEQF,train
20260808_234742_NKDXZZ,train
20260808_235238_DNEJRR,train
20260808_235620_KKEMKJ,train
20260808_235650_LQEXKD,train
20260808_235927_TQSUZP,train
20260809_000156_TYCYNA,train
20260809_000432_FXNMTK,train
20260809_000508_EPYAGM,train
20260809_000732_WCJBCD,train
20260809_000923_RFZZDA,train
20260809_000932_JHEAEC,train
20260809_001234_RCFTYR,eval
20260809_002004_JBSKPD,eval
20260809_002451_LBVWPD,train
20260809_002738_DEDCBA,train
20260809_003651_DXALXM,train
20260809_004751_WBUYTE,train
20260809_004826_DLSEMK,train
20260809_010201_TLAXST,train
20260809_010311_CKMVSR,train
20260809_010322_TGSCKV,train
20260809_010347_TDSYAX,eval
20260809_010347_VVUWTA,train
20260809_010520_YDMKMF,train
20260809_010832_PYYPVS,train
20260809_010858_NGDWZB,train
20260809_011135_FSJCQZ,train
20260809_011200_VLEUAE,train
20260809_012007_KKWEHG,train
20260809_012015_THCXPK,train
20260809_012027_UNBMGU,train
20260809_012034_TMTSSL,eval
20260809_013402_JDLMWN,train
20260809_013941_FEXANU,train
20260809_014114_UYBQMJ,eval
20260809_014127_FUEPRP,train
20260809_014649_HHFBTZ,eval
20260809_015114_ECPFKL,train
20260809_015643_LAGCWK,train
20260809_020958_XJTKCP,train
20260809_021116_ZCQTRY,train
20260809_021446_PDCPUK,train
20260809_021446_YEXFXE,train
20260809_021453_VFNGQX,train
20260809_021533_GHGEDM,train
20260809_021811_WCHGLS,eval
20260809_022209_TBVHFS,train
20260809_022234_LBJLAB,eval
20260809_023849_UPUJAV,train
20260809_024141_CUHLMY,train
20260809_024922_LNABKS,train
20260809_025704_ZKYCCL,train
20260809_025927_HGCPEP,train
20260809_030053_AJPFGU,train
20260809_030626_LCYXNK,eval
20260809_030705_VRDLCP,eval
20260809_032333_WYCRWL,train
20260809_032836_UZLLVL,eval
20260809_032936_YJWZRW,train
20260809_033312_RNUNNA,train
20260809_033326_BUWVJZ,train
20260809_040119_DCPGAN,train
20260809_040659_YDRFHC,train
20260809_041058_ZRXHDS,train
20260809_043909_FBQPTT,train
20260809_044002_MCDUUZ,train
20260809_044526_JDQMYA,train
20260809_044553_YJZHJR,train
20260809_044839_YRQFEK,train
20260809_045440_NXJYWT,train
20260809_045627_AFBLLK,eval
20260809_050032_JHNAHB,train
20260809_050041_TUWUUM,eval
20260809_050147_GSSDEW,train
20260809_050601_FPKBTQ,eval
20260809_051601_FFSRTN,train
20260809_052314_RDBALA,train
20260809_052442_VKWRZN,train
20260809_052707_NNUKCW,eval
20260809_052715_WUNLSX,train
20260809_053023_JZAHUP,train
20260809_053115_NSCEZC,train
20260809_053356_XRVWMD,train
20260809_053410_RUNNSM,train
20260809_054616_YQNTBN,eval
20260809_054741_MTHMTD,train
20260809_055809_HBAXWV,train
20260809_060048_AUTWAY,train
20260809_060404_BTUWTS,train
20260809_060638_TPYGQG,train
20260809_061005_PKLSKS,train
20260809_061037_NDWPET,train
20260809_061439_HPFHYW,eval
20260809_061908_ACGTYF,train
20260809_062403_ZJRKUY,train
20260809_062506_ZNTNGM,eval
20260809_063116_KSHBAV,train
20260809_065037_KKMPNW,train
20260809_065932_FCBJCW,eval
20260809_065939_KMZVHW,train
20260809_070948_WWYWYR,train
20260809_073010_PJWGTS,train
20260809_073301_ELYNFJ,train
20260809_075933_XGWNKL,train
20260809_080558_YTCCXC,eval
20260809_080925_EPHVNE,train
20260809_080949_VUPTRN,train
20260809_081055_QFKNXQ,train
20260809_081339_SKHTWC,train
20260809_083141_CKCUVC,train
20260809_083505_GCYHSW,train
20260809_084017_AZJQRC,train
20260809_084050_QAAPFN,train
20260809_084458_KVWJSY,eval
20260809_084701_LMYWUV,train
20260809_090254_RUABGQ,train
20260809_090636_EHQDYY,train
20260809_091115_ALKJTK,train
20260809_091239_XCASTF,train
20260809_091813_VNGHUB,train
20260809_094017_DNTSTY,train
20260809_095031_HVJZKD,train
20260809_095314_FSVECP,train
20260809_100354_XYSXFR,train
20260809_103005_WWGNBB,train
20260809_105747_PPMZWU,eval
20260809_232658_XTDFHZ,train
20260809_233832_JQFXJX,train
20260809_234858_KHBWNJ,eval
20260809_235512_EBNJLN,train
20260809_235909_HSKQLX,train
20260809_235924_SDXBUU,train
20260810_000000_MAFQSM,eval
20260810_000142_AJWHYA,train
20260810_000907_GVTDSQ,train
20260810_001103_ZFLWJX,eval
20260810_001635_CUAXRA,train
20260810_001728_JXNJWC,train
20260810_001955_XUTENP,eval
20260810_002007_GULNUY,train
20260810_002244_YGHASP,eval
20260810_002437_TXCNKU,train
20260810_002510_XCCXHJ,eval
20260810_002542_RJHEYR,train
20260810_002650_RYXUTQ,train
20260810_002713_FULBEC,train
20260810_002740_MAXFZK,train
20260810_002740_YTYCSC,eval
20260810_002907_QHURAF,train
20260810_002958_DFVGBE,train
20260810_003110_EASCMG,eval
20260810_003132_NAHCCT,train
20260810_003321_BTTKMM,train
20260810_003335_AHZZRA,train
20260810_003547_GQTNME,train
20260810_003632_AWUUVQ,train
20260810_003727_NBDQNH,train
20260810_004031_KYSDNG,train
20260810_004144_JNTLDA,train
20260810_004416_MPYYVK,train
20260810_004520_MGPZNE,eval
20260810_004705_VMPEFY,train
20260810_004714_SWFKSQ,train
20260810_004800_VWAEUX,train
20260810_004900_FWNDFS,train
20260810_004914_GFEYQB,train
20260810_005007_JWQDBE,train
20260810_005015_GMACZS,eval
20260810_005057_ACMFVU,train
20260810_005151_ZSSCQA,train
20260810_005213_MTUFKT,train
20260810_005222_CBCVCC,train
20260810_005303_NJGGWH,eval
20260810_005818_HHUFEH,train
20260810_005824_LGGTCT,train
20260810_005858_BFEHRC,train
20260810_010215_DYKMPE,train
20260810_010349_JBRXYF,train
20260810_010642_SAUFLK,eval
20260810_011102_EHLUJD,train
20260810_011145_PRDRMU,train
20260810_011606_HEWRFZ,train
20260810_011625_WVZLHV,eval
20260810_011723_XZJUQL,train
20260810_012210_XJSTGJ,train
20260810_012227_FJSEYK,train
20260810_012304_QWHDCF,train
20260810_012502_FKSMPY,train
20260810_012905_QBPSCP,train
20260810_013305_HDAGRF,train
20260810_013512_REAUJJ,train
20260810_013710_DQKFMQ,train
20260810_013900_ELQVKS,train
20260810_013918_CSESTG,train
20260810_014811_CVVUYD,train
20260810_014850_PLNPBP,train
20260810_014853_SZQBGM,eval
20260810_014939_LPMEMS,train
20260810_015008_KCBHFQ,train
20260810_015254_LVRNAD,train
20260810_015335_GLHEJC,train
20260810_015521_LLQVKW,train
20260810_015805_CPBFKC,eval
20260810_020040_GFQAVD,train
20260810_020149_KWDSTA,eval
20260810_020844_YBEQUD,train
20260810_020957_MERTEF,train
20260810_021053_YSWFZS,train
20260810_021510_DSKUJA,eval
20260810_021852_GHSKXL,train
20260810_022148_XMAVNB,train
20260810_022328_NVTXER,eval
20260810_022547_PLAGZQ,eval
20260810_022742_NTQGHA,train
20260810_022832_VUUAQV,train
20260810_022913_TULHFD,eval
20260810_023113_RCFKKM,train
20260810_023233_TJLUEY,train
20260810_023441_KTQTPE,train
20260810_023645_YSJLYP,train
20260810_023855_SFATMH,eval
20260810_024131_MJTHAH,train
20260810_024147_CKAHHV,train
20260810_024315_RURBNS,train
20260810_024502_RFFUFU,eval
20260810_024557_HRCFAB,train
20260810_024642_KCZPWL,train
20260810_024848_NQGSJP,train
20260810_024925_VLGKSB,train
20260810_024946_BXQUUD,eval
20260810_025032_XLPHKA,train
20260810_025635_LLBBLD,train
20260810_025702_CQMBSS,train
20260810_025942_ZSDYXX,train
20260810_025951_HHNPFH,eval
20260810_030609_XQCLPG,eval
20260810_031141_LGSTRM,eval
20260810_031243_BKUWVB,train
20260810_031428_LVSMSH,train
20260810_031936_GNEQCA,train
20260810_032346_RSERXR,eval
20260810_032457_GSHKGX,train
20260810_032623_LSVLDB,train
20260810_033802_VXGBPH,train
20260810_034131_REZNPE,train
20260810_034137_YZBMCN,train
20260810_034325_RJBSZX,train
20260810_034608_WMWNKE,train
20260810_035719_FDNZKS,train
20260810_035813_CEANTP,eval
20260810_040337_XLQFHH,eval
20260810_041701_DHPHAJ,eval
20260810_041718_YPKAVR,train
20260810_041749_VNEBSL,eval
20260810_042123_QGXYLW,train
20260810_042339_HHGTRX,train
20260810_042731_ZACRWD,train
20260810_043448_XWCWST,train
20260810_043603_AJZKCE,eval
20260810_043635_CFKHPY,train
20260810_043708_LBVSJJ,train
20260810_043732_GSDTTC,eval
20260810_043841_SZBDST,train
20260810_043947_PNKXTR,train
20260810_044033_UKQJER,eval
20260810_044313_FCYGFC,train
20260810_044629_ASDXYT,train
20260810_045050_HPTHED,train
20260810_045157_RXLSSG,train
20260810_045211_FPWSER,train
20260810_045217_LRAWQZ,train
20260810_045236_FCCVSD,train
20260810_045511_PUPKRL,train
20260810_045916_VFJZGR,train
20260810_050411_VBMFDG,train
20260810_050808_ZQHPUU,train
20260810_050830_UKBMKG,train
20260810_050857_YUUENV,eval
20260810_051031_SLUXFJ,train
20260810_051519_YGBGYC,train
20260810_051653_XCLBKJ,eval
20260810_051726_MGGZMZ,train
20260810_051737_AVVAMN,train
20260810_051958_VTBCQE,train
20260810_052752_DEPWTQ,train
20260810_053217_BCJRLV,train
20260810_053628_KLLNAV,train
20260810_053824_MPAFHU,train
20260810_053950_ZPATDQ,eval
20260810_054003_BCALLW,train
20260810_054016_CRPLHM,train
20260810_054044_VZXARM,train
20260810_054111_MPMBMT,train
20260810_054241_NBXRAT,train
20260810_054251_BEAVPR,eval
20260810_054448_YFNLPA,train
20260810_054451_AUPSLU,train
20260810_054722_MVZHLK,eval
20260810_054832_AHQSCK,train
20260810_054943_GRLUAD,train
20260810_055101_BQBUVM,eval
20260810_055120_LLSCKC,eval
20260810_055140_SUXVUZ,eval
20260810_055304_EWVEUW,train
20260810_060317_VUHPSB,train
20260810_060517_HVKFDH,eval
20260810_061023_DXSATU,train
20260810_061023_HCHFTZ,train
20260810_061150_HKVRCU,train
20260810_061228_TYGHVB,train
20260810_061605_MXZZND,train
20260810_061846_JGVSPD,eval
20260810_061901_RXVLUK,train
20260810_061927_ULVEDU,train
20260810_062115_UYPHXB,train
20260810_062441_QNPNDX,train
20260810_062521_NCJNMH,eval
20260810_063428_ENZEMM,train
20260810_063540_NGHDHZ,train
20260810_063642_UJVJKF,eval
20260810_063916_RWVRZW,train
20260810_064057_QBFHUH,eval
20260810_065055_MWDFBM,train
20260810_065304_PKMVVA,eval
20260810_065507_HRULPV,train
20260810_070033_HXBXGT,train
20260810_070040_VHDWPL,train
20260810_070128_HWCVZJ,eval
20260810_070238_XMLSTD,eval
20260810_070331_DDLDUT,eval
20260810_070652_GPRQVG,train
20260810_070726_TPKTDJ,train
20260810_070921_MBGTJS,train
20260810_071049_FZNHKX,train
20260810_071256_AGMXBD,train
20260810_071319_SCSCXK,train
20260810_072109_SYYKZY,train
20260810_072241_EPYWAY,train
20260810_072242_BJABGM,train
20260810_072359_NKNFVQ,eval
20260810_072643_VXFXPQ,train
20260810_072726_CBJRBD,eval
20260810_072802_KSRLFW,train
20260810_072850_JGXRQT,train
20260810_072957_ZNGPUC,train
20260810_073204_TCBLLS,train
20260810_073409_ENUWAN,eval
20260810_073415_ZADAYN,train
20260810_073513_BCTNHK,train
20260810_073555_HSTHNZ,train
20260810_073632_NDUWVU,eval
20260810_074008_EHBSJY,eval
20260810_074029_HLRHVV,eval
20260810_074416_TABUWN,eval
20260810_075007_CYGSUG,train
20260810_075149_SDGYKM,train
20260810_075416_BZRSZU,train
20260810_075944_EFZTTK,train
20260810_080348_MJMAHU,train
20260810_080455_RYAGEQ,train
20260810_080756_ZLEJQJ,eval
20260810_080901_ZRAVQR,train
20260810_081209_SMRRHR,eval
20260810_081409_WWLMWP,train
20260810_081438_GTDVEF,train
20260810_081536_CFJTTY,train
20260810_081628_QHDYAQ,train
20260810_082306_YYZNTN,train
20260810_082546_GGJDCA,train
20260810_084238_HCPBHN,train
20260810_084502_DGVNZA,train
20260810_085253_BSAPUC,train
20260810_090027_LKUKMF,train
20260810_090405_SBYDQU,train
20260810_090750_PDPCHK,train
20260810_090919_AVRENR,train
20260810_091347_QVDYYQ,train
20260810_091558_DCSPXK,train
20260810_092817_DNCRYU,train
20260810_093305_MCMXVN,train
20260810_100054_GLUQAA,train
20260810_100547_FNREWV,eval
20260810_101339_HKVJHG,train
20260810_101351_LKMYHZ,train
20260810_101723_NVSTUR,train
20260810_101843_FFYDBH,train
20260810_102641_YCYGDN,train
20260810_103305_SXHWUT,train
20260810_103400_QUBRYW,eval
20260810_103429_MQCPHK,train
20260810_103441_SKVJXT,train
20260810_105229_MXCTLR,train
20260810_105300_ATFMSU,train
20260810_110037_ZDACBP,eval
20260810_110355_YVBQKS,train
20260810_110604_BZPGKA,train
20260810_111012_WLZRQD,train
20260810_111245_KTHAAJ,train
20260810_111611_CVUEVX,train
20260810_111728_EGHREM,train
20260810_111732_VHQAFQ,train
20260810_115513_UGLSSP,eval
20260810_120407_RRZJES,eval
20260810_123018_LZWQTF,train
20260810_123420_UADTHV,train
20260810_125247_CXPDTC,train
20260810_130518_VXDHNK,train
20260810_133100_GPTQBM,train
20260810_134439_REHLUJ,train
20260810_140018_LSPLEG,train
20260810_140212_LAKDSS,train
20260810_154130_GQYTSM,train
20260810_154313_CXZPJL,train
20260810_160916_QGTUTS,train
20260810_164804_DFETNU,train
20260810_224847_PCYMYP,train
20260810_224853_YNEUUY,train
20260810_230259_RTJHZJ,train
20260810_231436_QYLSPZ,train
20260810_231506_WRWVDB,train
20260810_232818_JNFFRQ,train
20260810_234251_CGACNJ,train
20260810_235120_RADFXC,train
20260810_235719_FTDTBX,train
20260810_235759_GJTJSD,eval
20260811_000018_KEPVHQ,train
20260811_000233_BHNQYM,train
20260811_000405_BCRMBL,eval
20260811_001038_YDXPEY,train
20260811_001143_VRGXDU,train
20260811_001547_QWQPAW,eval
20260811_001549_TDWYRA,train
20260811_001600_FWNJDQ,train
20260811_001741_RFTDXS,eval
20260811_002156_BGDVHT,train
20260811_002208_PRMUHZ,train
20260811_002442_FKFFMN,train
20260811_002517_XDLJSD,train
20260811_002858_LGQMPF,eval
20260811_002935_TVBQYC,train
20260811_002940_QQGAEN,eval
20260811_002954_JAMWEY,eval
20260811_003452_RJBMYY,train
20260811_003721_UPPYPV,train
20260811_003750_WZKWXN,train
20260811_003831_LCEJKM,train
20260811_004025_WVJUHX,train
20260811_004140_XTNQYH,train
20260811_004523_MRCRVE,train
20260811_004559_SFJACA,train
20260811_004930_NZLLVS,eval
20260811_005025_MRMWHA,train
20260811_005406_SFGFNC,eval
20260811_005634_KMPBLM,train
20260811_005653_NTZCSB,train
20260811_005705_EAJUDX,eval
20260811_005750_ZBGVXQ,eval
20260811_010116_CFHVQE,train
20260811_010227_KXFZPL,train
20260811_010553_NPFJNS,train
20260811_010620_JUBVDY,train
20260811_010748_MSVXDS,train
20260811_010838_QFCRAY,train
20260811_011051_SKLUVB,train
20260811_011332_PWCXXD,train
20260811_011334_WCHSSW,train
20260811_011458_DQLEYP,train
20260811_011734_SLWLMK,train
20260811_011926_ERXMXU,eval
20260811_012021_EZMKXX,train
20260811_012128_YWMSLB,train
20260811_012133_AHEHFN,train
20260811_012220_VUFWRL,train
20260811_012421_VFMRMR,train
20260811_013042_RWGEJQ,train
20260811_013226_FQVRLD,train
20260811_013233_GMAXHH,train
20260811_013353_HSWBHC,train
20260811_013449_UNBEKC,train
20260811_013808_YMADRH,train
20260811_013852_ESLCXD,eval
20260811_013930_PZHMUX,train
20260811_014014_MSDAEX,train
20260811_014550_MLYWVG,train
20260811_014617_WMDCEP,eval
20260811_014638_AXGLZU,train
20260811_014654_RBDXYH,train
20260811_014837_LHZCUX,train
20260811_015135_MJDVJW,train
20260811_015137_JLMCGK,eval
20260811_015434_PNYHTK,train
20260811_015711_SVYWAD,train
20260811_015847_RBCYYV,train
20260811_020613_ZBFSMN,train
20260811_020658_UFWKPS,train
20260811_021238_BMFWVX,train
20260811_021517_TSWBQH,train
20260811_021800_ZDZMPY,train
20260811_022142_GHVSWL,train
20260811_022228_HREHLA,train
20260811_022254_LDRPFY,train
20260811_022520_ASBEWH,train
20260811_022612_LNMHDB,train
20260811_022702_DVADDJ,eval
20260811_022713_KZJNZS,train
20260811_022901_JHRLCW,train
20260811_023240_MFSXPQ,train
20260811_023417_YURVQR,train
20260811_023644_KCBWAX,train
20260811_023925_XLQFKX,eval
20260811_024021_PCPNVC,train
20260811_024056_FRYPDW,train
20260811_024117_RPULWS,eval
20260811_024847_UVCGKB,train
20260811_025141_DMFCNG,eval
20260811_025202_XCJMQW,eval
20260811_030014_STUHLH,train
20260811_030408_EVVAZW,train
20260811_030817_DVVDCB,train
20260811_030847_TGLSMN,eval
20260811_031119_BRRCSP,train
20260811_031310_XQUPRY,train
20260811_031551_QURSQE,train
20260811_032529_NEJYCQ,train
20260811_032647_ZPYKNS,train
20260811_033227_GZLRQC,eval
20260811_033341_QEEZJA,train
20260811_034329_DNBKAE,train
20260811_034335_CRAREF,train
20260811_034545_VNEBDY,train
20260811_035116_WQRRRV,train
20260811_040010_XAPAHW,train
20260811_040334_CDXQHE,train
20260811_040353_XMPHYS,train
20260811_040504_AGYVJM,train
20260811_040922_YAXQFK,eval
20260811_041013_ZUWQMN,train
20260811_041330_CJRCPJ,train
20260811_042146_TBQPUY,train
20260811_042437_EPSDHT,train
20260811_042458_MWYUEU,train
20260811_042817_ZVPUDF,train
20260811_042853_UEKZKK,train
20260811_043819_KLHUEG,train
20260811_043824_RGJEVK,train
20260811_044353_GKMAVQ,train
20260811_044957_RLQYLN,train
20260811_045155_XSSBEJ,train
20260811_045814_LCLXBN,eval
20260811_050039_UTFVWF,eval
20260811_050131_WDSSXX,train
20260811_050420_QRRJBJ,train
20260811_050514_KULGDG,train
20260811_050556_QGDFFY,train
20260811_050624_WQCPAU,eval
20260811_050730_LQMDFT,train
20260811_050813_ASHZGF,train
20260811_051354_HQDPAA,train
20260811_051519_JAFNXP,train
20260811_051627_WLZCWD,train
20260811_051656_EQFCHB,train
20260811_051745_QBERHQ,train
20260811_052710_VQLMSK,eval
20260811_052737_KWSHDX,train
20260811_053046_AEAEMU,train
20260811_053109_JQLWZX,train
20260811_053212_FCZUQN,train
20260811_053220_ZTYYZB,train
20260811_053423_XHFGVX,train
20260811_053653_DYSWUN,train
20260811_053702_XPBQLH,eval
20260811_053856_PHWFBM,train
20260811_053906_RTWJXN,train
20260811_053909_WPRZPZ,train
20260811_053924_MEGVHZ,train
20260811_054054_LVXVMB,train
20260811_054235_GPNGSC,train
20260811_054308_GQANZN,train
20260811_054308_LEPVSB,train
20260811_054634_VDYFME,train
20260811_054635_EYMTMP,train
20260811_054701_DSHLME,train
20260811_054729_HXAREJ,train
20260811_055036_YMHYSP,train
20260811_055101_APSKXE,train
20260811_055120_UBBHKD,train
20260811_055128_PTKYWM,train
20260811_055419_RJADBH,train
20260811_055448_MZTBHE,train
20260811_055507_DJDLLU,train
20260811_055520_KLQPNL,train
20260811_055616_RLEDBW,train
20260811_055849_BYADWZ,train
20260811_055929_YFYDGG,train
20260811_060400_CAYEXR,train
20260811_060447_GMVHSX,train
20260811_060540_PMGWAD,train
20260811_060937_VKCRNE,train
20260811_060944_EWLXRU,train
20260811_061026_APZHVR,train
20260811_061115_WKBEMK,eval
20260811_061325_VPWVWP,train
20260811_061538_WWUSDC,eval
20260811_061813_XCKQKU,train
20260811_061847_RHQTGJ,eval
20260811_062537_REYAJJ,train
20260811_062744_SRTZRR,eval
20260811_063216_WJKJQV,train
20260811_063345_TPZWCF,train
20260811_063346_CVGNDE,train
20260811_063433_HXWJJM,train
20260811_063556_NYXNMG,train
20260811_063813_QASMCW,train
20260811_063825_DCCDHK,train
20260811_063950_QYMBWV,train
20260811_064025_SPPPPP,eval
20260811_064438_KLDUEC,eval
20260811_065412_XWRADB,train
20260811_065511_EHHPHV,train
20260811_065609_XSUPRJ,train
20260811_065642_PTGXHQ,train
20260811_065850_BZANWK,train
20260811_070106_PREHYU,train
20260811_070209_YXBNUB,train
20260811_070228_BGLTMU,eval
20260811_070417_PGCUNN,train
20260811_070813_VREBXF,eval
20260811_070935_VUAVRQ,train
20260811_071054_MHQQYR,eval
20260811_071151_CQBBTV,eval
20260811_071219_TAKFBD,eval
20260811_071316_CHEDLV,train
20260811_071759_AHZWQS,train
20260811_072046_DAWWXQ,eval
20260811_072213_NEBBKX,train
20260811_072515_UGTFEA,train
20260811_072541_SENVMV,eval
20260811_073142_VJYNKF,train
20260811_073441_XWZPAY,train
20260811_073604_JZKDFP,train
20260811_073702_UMSJNP,train
20260811_073747_GECWEU,train
20260811_074033_HNGEEL,train
20260811_074059_FWNJDK,train
20260811_074242_QPZMKG,eval
20260811_074912_XJSMHV,train
20260811_075131_JSGHSJ,train
20260811_075140_KUWKDP,train
20260811_075233_KUSMTW,train
20260811_075524_BEPWRG,train
20260811_075547_BJDBEC,train
20260811_075910_DAZXNN,train
20260811_080236_NQEAFN,eval
20260811_080604_AQQWWA,eval
20260811_080612_AMSZZB,train
20260811_080824_TMZKRT,train
20260811_082503_HSWMVY,train
20260811_082551_NVQNTL,train
20260811_082956_DELBFT,train
20260811_083120_MFRCLB,eval
20260811_083406_YMGNRT,eval
20260811_084629_TATGZQ,train
20260811_085322_XPTDMX,eval
20260811_085351_EJQRFT,train
20260811_085601_XUFFKB,eval
20260811_091032_TLSSZH,train
20260811_091044_WLWJQL,train
20260811_091555_UNFBYQ,train
20260811_091817_BHFSKU,train
20260811_091938_ZBWPGN,train
20260811_092128_MBPTKT,train
20260811_092525_VECTMC,train
20260811_092534_FMEDRN,train
20260811_092554_ANSRJR,eval
20260811_092633_XWTCZJ,train
20260811_093322_MUSADH,eval
20260811_093724_HPFMEA,train
20260811_094233_HJLWAE,train
20260811_094741_DGVZCB,eval
20260811_094829_GRFMGK,train
20260811_094910_GRVMSR,eval
20260811_100242_ENYPWF,train
20260811_101037_VJFDGT,train
20260811_101436_QSCSDL,train
20260811_101845_LYEJNU,train
20260811_102222_XRYNYT,train
20260811_102449_HQTUPL,train
20260811_102505_GLVLSG,train
20260811_103132_WRPKXC,train
20260811_103327_TJQTRG,eval
20260811_103951_DNELKX,train
20260811_104412_XCSASL,eval
20260811_104941_MEPRVR,train
20260811_111255_WWTJZF,train
20260811_111555_FXGWRX,eval
20260811_112009_VQZPAW,train
20260811_112208_SYLXLC,train
20260811_112301_MDGEWC,train
20260811_112442_XVAFCU,train
20260811_112910_DCCNCU,eval
20260811_114844_DRTGUN,train
20260811_115243_ZNDUMF,train
20260811_115310_YDTQVM,train
20260811_115507_TTPPZV,eval
20260811_115536_ZAHYQE,train
20260811_120137_KPNHMP,train
20260811_121310_HKGWSB,train
20260811_122000_CLLBTL,train
20260811_122657_PZZWGY,train
20260811_123606_TEQSJG,train
20260811_124445_TTKVHR,train
20260811_125117_SBSPTA,train
20260811_130325_BMDYNY,train
20260811_130735_PRQDET,train
20260811_131655_VZHLBM,train
20260811_132010_FNAJDS,train
20260811_132453_ZKCPSV,train
20260811_133408_HAYVPM,train
20260811_133419_DTCHAG,eval
20260811_133421_ECDXRQ,train
20260811_133610_DWZVKA,train
20260811_134922_LVRZRP,train
20260811_140047_FXSDND,eval
20260811_141357_LUPZGP,train
20260811_142243_RNKGRC,train
20260811_142839_WTQAZM,train
20260811_143034_AJLAPB,eval
20260811_144104_RKXHYC,train
20260811_144554_UTWHYK,train
20260811_145445_JKBNJP,train
20260811_150345_QTJJJQ,train
20260811_155010_CZBLHC,train
20260811_155339_HCSDXH,train
20260811_232701_AESJYF,eval
20260811_234220_FBWKRD,train
20260811_234617_DGKXGH,train
20260811_235926_LJZXHS,eval
20260812_000229_TMMAHB,eval
20260812_000622_VTSUKU,eval
20260812_000840_TTQUBS,train
20260812_000929_FWRWGM,train
20260812_001007_LTAJLE,train
20260812_001150_JGNXUV,eval
20260812_001734_MTHBAG,train
20260812_002013_VEFASL,eval
20260812_002039_HSVESY,train
20260812_002525_KBYESN,train
20260812_002652_NENJVF,train
20260812_002715_RTMAXY,eval
20260812_002852_VSFABT,eval
20260812_002936_JCGXWM,train
20260812_003043_CDPMZU,train
20260812_003050_PERUMS,eval
20260812_003556_TGSBYX,train
20260812_003651_UEHFKW,train
20260812_003652_KMMQFF,train
20260812_003756_UCZCVK,train
20260812_003816_XRCJTQ,train
20260812_003825_VGGQKU,train
20260812_003915_XKFSBE,train
20260812_004104_RALPWQ,train
20260812_004232_PYHTGY,eval
20260812_004322_YLGTBB,train
20260812_004710_NEHABJ,train
20260812_004744_RPDYGL,train
20260812_005133_VVKNPR,eval
20260812_005157_FPFUUJ,train
20260812_005256_BMZBFG,train
20260812_005412_RLDZYR,eval
20260812_005454_XLHYRV,eval
20260812_005519_BNUCCF,eval
20260812_005552_EZHBAA,train
20260812_005722_TPHFEN,train
20260812_005821_XWQSGF,train
20260812_005834_SZJBNF,train
20260812_005923_ENBBZC,train
20260812_010105_AUPDHN,train
20260812_010111_FDPHMV,train
20260812_010153_KKVPJN,train
20260812_010414_ULYJCV,train
20260812_010629_PJPZUW,eval
20260812_011007_UCKMDC,eval
20260812_011024_DBAECX,train
20260812_011450_EQFZKE,train
20260812_011556_DNQUSA,train
20260812_011648_DYSBQY,train
20260812_011749_PZQAPU,train
20260812_011802_XDFHPF,train
20260812_012135_SPRUTX,train
20260812_012338_TVJZVP,train
20260812_012604_FZJLFJ,train
20260812_012658_CFYKMX,train
20260812_012809_EHSLLA,eval
20260812_012942_PBWWRC,train
20260812_013250_QSEUSZ,train
20260812_013444_LCUEBH,train
20260812_013447_XNBHEX,train
20260812_013741_MNERMQ,train
20260812_013811_SWVFDX,eval
20260812_013844_UDZFUN,train
20260812_014035_KYNUZJ,train
20260812_014053_YERAAB,train
20260812_014301_GRPPGE,eval
20260812_014452_VGSYSV,train
20260812_015346_PJGRAN,train
20260812_015351_KNTCRS,train
20260812_015913_XFHTDF,eval
20260812_015915_GRGFGZ,eval
20260812_020024_YJYQMY,train
20260812_020217_LKQBJQ,train
20260812_020311_AWQFQG,train
20260812_020450_WFBGAL,train
20260812_020510_KCDNWY,train
20260812_020628_FNFTYC,train
20260812_020659_VDAQXH,train
20260812_020823_MRFTQM,train
20260812_020915_ZJLVTV,train
20260812_021054_RPPPTL,eval
20260812_021137_UKWXSE,eval
20260812_021750_MYLZFD,train
20260812_021822_TLFPVB,train
20260812_021828_PSGEVA,eval
20260812_022308_HEKUEK,eval
20260812_022404_RNJWTQ,train
20260812_022722_MXUYNN,train
20260812_023153_ALFXLS,train
20260812_023251_EXTMRA,eval
20260812_023336_NYCMDA,train
20260812_023600_YJQVEG,train
20260812_023835_ABNXSR,train
20260812_023919_WLEUWE,train
20260812_024013_RJUPAX,train
20260812_024114_GYMQGW,train
20260812_024254_UGHDMB,train
20260812_024335_LVLZUY,train
20260812_024649_NPHWZS,train
20260812_024653_JFPRNZ,train
20260812_024715_DKQQBA,train
20260812_024949_CQHAKD,train
20260812_025106_GZCPDN,train
20260812_025139_ZFXBFA,train
20260812_025249_KHQLXX,train
20260812_025351_ACDASR,eval
20260812_025430_JAPGHK,train
20260812_025543_CVFRMU,train
20260812_025558_CRTZCH,eval
20260812_030310_NDXMZP,train
20260812_030447_VBAQKF,train
20260812_030533_YYQBRQ,train
20260812_030557_GLGRZH,train
20260812_030831_FFJYFT,train
20260812_031206_WBRGAV,train
20260812_031235_LXXYGU,train
20260812_031442_SXKUTQ,train
20260812_031554_ACBNPT,train
20260812_031625_TWSEEE,train
20260812_032042_JADKTV,train
20260812_032729_GJPUAB,train
20260812_032816_BAJYQA,train
20260812_032841_JTAGZC,train
20260812_033123_CJCNCV,eval
20260812_033258_LGJSRR,train
20260812_033348_VZJXPD,train
20260812_033721_LXWTSN,eval
20260812_034327_XNTSHM,train
20260812_034431_YZXXJJ,train
20260812_040134_NHHCUV,train
20260812_040240_PYRHJE,train
20260812_040421_FNTMTD,train
20260812_041121_LLCETM,eval
20260812_041428_YPGHQM,train
20260812_041731_HWAKNH,train
20260812_041735_RDQXUR,train
20260812_041905_MSLRHG,train
20260812_042024_TWBCUH,train
20260812_042210_MATKLB,train
20260812_042435_LZELVH,eval
20260812_042626_VVCYBH,train
20260812_043443_HJPJHT,train
20260812_043547_RMTTZH,eval
20260812_043635_SUJLFZ,train
20260812_043738_CVDHDD,train
20260812_044256_VGVYGL,train
20260812_044430_DWRPZX,train
20260812_044452_QBMLGA,train
20260812_044651_HMGEDE,eval
20260812_045250_PEKTHM,train
20260812_045335_GUGHYB,eval
20260812_045430_VLCQQT,train
20260812_045910_ZXSVAG,train
20260812_045918_MYJULS,train
20260812_050443_PSCDQF,eval
20260812_050537_THTXRU,eval
20260812_050548_SDWGNS,train
20260812_050601_PUYNDC,eval
20260812_050734_XDSZGZ,train
20260812_050935_UQEFGF,train
20260812_051114_XBXFKP,train
20260812_051607_NZDUHD,train
20260812_051808_VHQXQD,train
20260812_051952_NCLRSY,eval
20260812_052239_KVHWXF,eval
20260812_052317_SYQUHC,eval
20260812_052429_ASYXXW,train
20260812_053229_QQFFCH,train
20260812_053435_GKKALZ,train
20260812_053612_GRRBVF,train
20260812_053639_HUZBUC,train
20260812_053649_JRRNBU,train
20260812_053720_CVUBSH,eval
20260812_053808_ZRKAJH,train
20260812_053819_KLCZCS,eval
20260812_053950_KDJYQF,train
20260812_054025_KYHQBL,train
20260812_054348_CVRAKS,train
20260812_054420_QBBPAQ,train
20260812_054423_QMHLTU,train
20260812_054451_GEBMYN,train
20260812_054535_ZKDARA,train
20260812_054752_QRYWZL,train
20260812_055048_TUYAUL,train
20260812_055112_HULFPK,train
20260812_055146_DLRPSQ,train
20260812_055147_NTZJRF,train
20260812_055251_CXHUBZ,train
20260812_055341_VHVEQS,train
20260812_055408_KRPWVH,train
20260812_055753_FWSJBW,train
20260812_060156_VYYWAY,train
20260812_060209_YJVDZR,train
20260812_060349_UPXFRV,train
20260812_060757_TPDHKW,train
20260812_060853_QCRPPV,train
20260812_060925_KEDXEN,eval
20260812_061000_KGWLAD,train
20260812_061026_KHAZTX,train
20260812_061201_SPUUGH,train
20260812_061442_JGLXSE,train
20260812_061555_CAATUR,train
20260812_061845_ZRMMTZ,train
20260812_062034_SCPTNC,train
20260812_062057_VYGNTW,train
20260812_062507_TFVPKT,eval
20260812_062632_PQUJZH,eval
20260812_062642_ZFPYDY,train
20260812_062643_GGKGDR,train
20260812_062809_SFQWVH,train
20260812_063116_VJFDQE,train
20260812_063253_UDWPMG,eval
20260812_063256_EDNDQR,train
20260812_063737_XPHMZK,train
20260812_063951_FWRMTC,train
20260812_064049_XYQVWH,train
20260812_064558_RDXSRG,eval
20260812_064746_UWCHWG,eval
20260812_064750_XNYJAE,eval
20260812_065205_QLHNYC,train
20260812_065216_CJVPSK,eval
20260812_065539_NBYRUH,train
20260812_070046_ENBQGB,train
20260812_070058_LNNXJX,eval
20260812_070326_VPNMPP,eval
20260812_070419_MMSXYZ,train
20260812_071015_ADPTFB,train
20260812_071050_YJKJZN,train
20260812_071742_LHLHCV,train
20260812_071754_QFFYHC,train
20260812_072019_DPVGRH,train
20260812_072129_ABFQEM,eval
20260812_072140_MXJNVC,train
20260812_072218_NWHRWB,train
20260812_072325_HCWRXJ,train
20260812_072452_GYGPLD,train
20260812_072657_WWJAMG,train
20260812_072758_GZTEUP,train
20260812_072851_DLRDRG,eval
20260812_073104_RHVXNS,train
20260812_073235_JFFUZW,train
20260812_073325_LFPZMG,train
20260812_073456_BMWHTF,train
20260812_073500_GPPNSD,train
20260812_073514_XYJNJB,train
20260812_073642_PCHVQR,train
20260812_074052_YEQPBN,train
20260812_074054_GBHELD,eval
20260812_074345_ARSXKA,train
20260812_074408_FYBVNP,eval
20260812_074538_YCRBGC,train
20260812_074612_KUPEYB,train
20260812_075622_SGBCFR,eval
20260812_075656_RNHKZG,train
20260812_081017_JKCTJN,train
20260812_081148_SDVUUD,eval
20260812_081251_HVVBBM,train
20260812_081505_PWKCAK,train
20260812_081509_FQJAUZ,train
20260812_081611_XMYVUD,train
20260812_081756_HSKUGF,train
20260812_081852_PRSPGE,train
20260812_081901_NUAGPN,train
20260812_082112_SBYDQC,train
20260812_082303_ZGQGYJ,train
20260812_082444_XETYJT,train
20260812_082934_GNTRKV,train
20260812_083057_TDJAWG,train
20260812_083058_KLVTSJ,train
20260812_084029_HHREKH,train
20260812_084842_BFYYGX,train
20260812_084957_EAUYWM,train
20260812_085013_WHQZPN,train
20260812_085322_CZRBGZ,train
20260812_090337_ENWCSZ,train
20260812_090959_FQRBWV,train
20260812_091152_HZZMXJ,train
20260812_091443_DWQACW,eval
20260812_091459_YSMEYU,train
20260812_091613_CBYHSE,train
20260812_091918_FWJGAH,train
20260812_092233_RKUXNB,train
20260812_092455_MVBJBN,eval
20260812_092643_JDWJZR,train
20260812_093036_UEAXWW,train
20260812_093854_YUJTGJ,train
20260812_095613_SZSULL,train
20260812_102944_FEJBRP,train
20260812_103601_JQGAJP,eval
20260812_103949_SLXVYB,train
20260812_104104_GAFUAR,train
20260812_105607_LYCQMJ,train
20260812_112502_AABKTY,eval
20260812_112616_LDQMLF,eval
20260812_114517_YDDTCH,train
20260812_120848_KGQSAZ,train
20260812_122050_NNEAKR,eval
20260812_122318_XDFDNT,eval
20260812_122353_SPMLEC,train
20260812_125006_DRTKWC,train
20260812_140841_MMLMZN,train
20260812_150247_TJLFVZ,train
20260812_220219_PSBTCB,train
20260812_222059_GUCMDC,train
20260812_224918_VASWTF,train
20260812_225817_BNGXEM,train
20260812_230746_AUEQSU,train
20260812_231322_FMRUGU,train
20260812_234003_LGFRMF,eval
20260812_234522_KQUBJR,train
20260812_234657_BYNEDG,train
20260813_000541_ADKWMQ,eval
20260813_000600_KJVMZH,train
20260813_000630_MSSEAV,train
20260813_000633_UBRDYT,train
20260813_000703_BXMXCQ,eval
20260813_001141_CDBRAR,eval
20260813_001718_AJGSBV,train
20260813_001730_ZMVCJK,train
20260813_001948_YWHQUK,train
20260813_002241_UBJZVN,train
20260813_002259_SJEXWT,train
20260813_002456_JLTNDU,train
20260813_002607_GHFUUP,eval
20260813_002656_VWBQEG,eval
20260813_002718_DBFBUA,train
20260813_003051_URXBQF,train
20260813_003224_KHUCCU,eval
20260813_003336_NXKGAK,train
20260813_003350_NRUCTQ,train
20260813_003351_UQWBKV,eval
20260813_003425_LLSGNS,eval
20260813_003744_JWGXUX,train
20260813_003913_AMXEXL,eval
20260813_003948_SAPPXJ,train
20260813_004034_YLXCEM,eval
20260813_004512_PTXJVX,train
20260813_004719_KADSXD,train
20260813_005348_SHBVNY,train
20260813_005418_WDDBQY,train
20260813_005540_MENCPX,train
20260813_005543_SFTPJT,train
20260813_005622_CVSLVS,train
20260813_005935_TNSLHN,train
20260813_010352_SEDHYC,train
20260813_010525_RTCUUG,train
20260813_010530_PWGVXZ,train
20260813_010654_WCMLUQ,train
20260813_010937_QJYEFD,eval
20260813_011124_MTEYRR,train
20260813_011649_KDMCBR,train
20260813_011928_QRJUZA,train
20260813_012206_FDQVBF,eval
20260813_012418_HCGFFV,train
20260813_012931_KFBZTN,eval
20260813_013018_UAAWZS,train
20260813_013847_ZGQTZJ,eval
20260813_013856_TGAHGR,eval
20260813_014032_JZKLNY,train
20260813_014036_VVCNMZ,train
20260813_014638_SMQGLA,train
20260813_014909_RMEJTJ,eval
20260813_015048_WTGBVD,eval
20260813_015227_EZDCXV,eval
20260813_020018_MZKHTZ,train
20260813_020106_QNPSLJ,train
20260813_020326_EVSFGP,train
20260813_020922_PAEYNN,train
20260813_020948_QHTQQA,train
20260813_021132_ZCEEXY,train
20260813_021300_KNEPRY,train
20260813_021303_NRJLRJ,train
20260813_021451_VRJWFP,train
20260813_021608_YNJBPN,train
20260813_021814_HWZKNY,train
20260813_022003_JWRLZZ,train
20260813_022324_FWRCTA,train
20260813_022352_UYCMEY,train
20260813_022603_KFNKUE,train
20260813_022954_DKLGVY,train
20260813_023015_ESNCHN,train
20260813_023258_JTEEFY,train
20260813_024059_FSTYNB,eval
20260813_024741_DMGGEW,eval
20260813_024822_YYPWHL,eval
20260813_025604_ZEKATJ,train
20260813_025934_DXSFMB,train
20260813_025946_CUPRJW,eval
20260813_030521_UBGPLZ,eval
20260813_030835_ACAJUU,eval
20260813_031126_BHXHCN,eval
20260813_031229_GAQHSN,eval
20260813_031249_TBAZAJ,train
20260813_031250_LBGTSJ,train
20260813_031342_PXNHTH,eval
20260813_032212_LXABPD,train
20260813_032626_GEKVRW,train
20260813_033153_DLEDST,train
20260813_033325_PYCUEH,train
20260813_033402_DXYTQC,train
20260813_033851_GCBNGM,train
20260813_033914_MQDPCP,eval
20260813_034155_WVCUMV,train
20260813_035646_NVHMLD,train
20260813_041034_UZZAXV,eval
20260813_041816_VLJEUQ,eval
20260813_042146_XTVFQT,eval
20260813_042633_BTQQUB,eval
20260813_042729_GMBUAU,train
20260813_042957_HTFNCE,eval
20260813_043127_AXAZNA,train
20260813_043348_CPDYJB,train
20260813_043434_ZECCRC,eval
20260813_043745_GMJUBP,train
20260813_044343_SPLNCK,train
20260813_044430_FFUVDS,train
20260813_045207_ZCFEGH,train
20260813_045420_MGRXTU,train
20260813_045612_FKYAFD,train
20260813_045636_APZPGE,train
20260813_045711_MJVBWY,train
20260813_045747_PFMHVE,train
20260813_050418_JPHLAH,train
20260813_050447_QNHVML,train
20260813_050551_LNQBYW,eval
20260813_050714_MBBPAR,train
20260813_050814_HFNJNX,eval
20260813_051313_FYNUEW,train
20260813_051509_SMVEHJ,eval
20260813_051512_DJJWLG,train
20260813_051808_HBJNDJ,train
20260813_051830_BDLATN,train
20260813_052239_NJLBUC,train
20260813_052308_TXCQZQ,train
20260813_052428_YBBSKA,train
20260813_052510_WNCFTC,train
20260813_052837_NSEHKP,train
20260813_053032_MBWZRQ,train
20260813_053220_KAGFYS,eval
20260813_053320_EUQKXT,train
20260813_053339_YSYLCK,train
20260813_053519_RZJELU,eval
20260813_053620_ESRSGP,train
20260813_053634_WQBVLJ,train
20260813_054227_BFNFME,train
20260813_054245_TJJMJR,eval
20260813_054337_ACCMVY,train
20260813_054354_DCKVFZ,train
20260813_055038_SUYFRD,train
20260813_055041_CRFTKD,train
20260813_055111_SWBREG,train
20260813_055134_ZWXYRJ,train
20260813_055342_QAKPRK,eval
20260813_055455_HULFNK,train
20260813_055559_TWVPTL,train
20260813_055832_RCHHGD,train
20260813_060103_DHWNGM,train
20260813_060309_BEXMFH,train
20260813_060316_RETLZW,eval
20260813_060320_GNQJQP,train
20260813_060516_WHJBKQ,eval
20260813_060747_SKMVZW,train
20260813_060756_CMFUXM,train
20260813_060915_HXQHGQ,eval
20260813_060938_TEVLRX,train
20260813_061735_AYDQJB,train
20260813_061818_ZCSEPN,train
20260813_062053_ZECQZR,eval
20260813_062412_TXTYWE,train
20260813_063031_QZNZWN,train
20260813_063119_RBBKTX,eval
20260813_063455_UPQLTU,eval
20260813_063623_TRAAUE,eval
20260813_063711_DQCFCJ,eval
20260813_064157_AUVTAM,train
20260813_064520_MFEAFJ,eval
20260813_064618_DRFGFF,train
20260813_064656_EMSWCB,train
20260813_064835_QVJHKM,eval
20260813_065102_XKABRP,train
20260813_065152_NHKBDX,eval
20260813_065155_GCPJZT,train
20260813_065215_BYLNRR,train
20260813_065415_NHVWTW,train
20260813_065523_VTFEMB,eval
20260813_065656_VDMBDK,train
20260813_065754_CBVTUD,train
20260813_065948_KXMJAP,train
20260813_070030_BRWNED,train
20260813_070335_VHPQAQ,eval
20260813_070628_DZUGEJ,train
20260813_071428_HJUTPA,train
20260813_071654_EZLRNH,train
20260813_071710_XEZKRW,train
20260813_071804_GNQNFC,eval
20260813_072119_LEZCZR,train
20260813_072128_QHCLUF,train
20260813_072457_MPEFAR,train
20260813_073216_FTVBKM,train
20260813_073408_JUPMGF,train
20260813_073751_CDYGLB,train
20260813_073758_UZPHBX,train
20260813_074016_UNFUJQ,train
20260813_074021_VJPHEM,train
20260813_074228_UMQEPT,train
20260813_074636_QUKYJM,train
20260813_074938_LECZGE,train
20260813_075217_XFRGXD,train
20260813_075346_KHAZRY,train
20260813_075500_GKHLHG,eval
20260813_075812_YTGHUJ,train
20260813_075934_MDHPPD,eval
20260813_080212_AHSTNC,train
20260813_080815_CHPGPM,train
20260813_081008_GVXAUB,train
20260813_081111_QMWTCA,train
20260813_081407_JDUZMV,train
20260813_081459_SAPNFS,train
20260813_082517_QKMYZR,train
20260813_083103_GVXZZU,train
20260813_083215_BCDURE,train
20260813_083458_TWZRRU,eval
20260813_083631_FLYVLX,train
20260813_084014_HQGJLZ,train
20260813_084703_HJWTPZ,eval
20260813_084815_JRTBEP,train
20260813_085029_CMLRVP,train
20260813_085314_FRWYEP,eval
20260813_085650_RERBSN,train
20260813_085742_DLHULH,eval
20260813_085754_XDGEMJ,train
20260813_090654_QUXSHN,train
20260813_091322_HLBQCJ,eval
20260813_091351_KLGTGU,train
20260813_091807_SXHXHM,train
20260813_091820_ZHFHZC,train
20260813_091919_CCXGUU,train
20260813_091925_MMEXLH,train
20260813_092050_GBHMWC,train
20260813_093023_BHAAWR,train
20260813_093232_ZPZAEG,train
20260813_093933_WZGTNB,eval
20260813_094146_GAUYUE,train
20260813_094352_YNWJUF,eval
20260813_094535_EASKGQ,train
20260813_095309_NPZFHD,train
20260813_095339_JTZNXB,eval
20260813_095955_NYMFCT,train
20260813_100009_DDQRWJ,train
20260813_100318_ULANFX,eval
20260813_101147_SHFGEH,train
20260813_101505_JRAGRL,train
20260813_101533_BGSUYX,train
20260813_101635_LDMKBM,eval
20260813_102513_TLAJHY,eval
20260813_103233_NWBYED,train
20260813_103546_UKMBGZ,train
20260813_103635_EJKLJK,train
20260813_104001_MGRRZK,train
20260813_104030_FCTDKJ,train
20260813_104046_ULLYRZ,train
20260813_104302_TNGTPE,eval
20260813_104931_XACYWL,train
20260813_113228_XNZQQU,train
20260813_113319_FNUZKQ,train
20260813_113703_KGXCKA,train
20260813_114826_CGFQMT,train
20260813_115646_AXRVEK,eval
20260813_115938_FHHVMN,train
20260813_120701_QPYARG,train
20260813_122614_RBSEEX,train
20260813_125013_YXYZKW,train
20260813_125350_AUQNVQ,eval
20260813_133823_FDJVFD,eval
20260813_144248_ADCPQY,train
20260813_151253_PWKUWP,train
20260813_152507_VKCDUH,train
20260813_154308_SPBBAP,train
20260813_161830_DANLLF,train
20260813_223850_NFEUAP,train
20260813_224923_UFMSAD,train
20260813_230626_RFCLFT,train
20260813_231100_JBTDXY,train
20260813_234158_UREAVW,eval
20260813_234954_TUJYNV,train
20260813_235533_KGZXTZ,train
20260813_235656_RHGSCV,eval
20260814_000148_HXXZZH,train
20260814_000258_YZQLVF,train
20260814_000448_ZPAWQK,train
20260814_000952_CSMRTD,eval
20260814_001411_FULGLT,train
20260814_001544_MDBKEC,train
20260814_001658_PZLYKV,eval
20260814_002302_ECCNBN,train
20260814_002309_RAJQYM,train
20260814_002350_WCGGXJ,train
20260814_002436_GDTUTZ,train
20260814_002604_HPAVTS,train
20260814_002628_JXUGAM,train
20260814_002646_SEUSMJ,train
20260814_002710_MQPGUD,train
20260814_002830_XKPFPU,train
20260814_003210_ESJWBS,eval
20260814_003321_JBRHUR,train
20260814_003324_TYXGEF,eval
20260814_003443_XVRXUM,train
20260814_003457_NRQFHV,train
20260814_003737_DHEYHM,train
20260814_003830_NTLJUB,train
20260814_003849_ATYHMC,train
20260814_004001_MHXDUG,train
20260814_004033_SDPQPF,train
20260814_004349_PLQQBX,train
20260814_004423_TXYKQY,eval
20260814_004559_JQZHSE,train
20260814_005459_WGDDUA,train
20260814_005510_LDHRVH,train
20260814_005706_DFEBHV,train
20260814_005746_CSFBSC,eval
20260814_005843_CJAAHL,eval
20260814_005919_XLRGKH,train
20260814_005952_WMWJWU,train
20260814_010108_ELRPCD,train
20260814_010418_YYZBJP,train
20260814_010523_CKJFWX,train
20260814_010840_UYGYHH,train
20260814_010920_GHSQUC,train
20260814_011556_YJBRGX,eval
20260814_011804_VWZCYW,train
20260814_011858_NBCRUW,eval
20260814_011907_ZTCLXY,eval
20260814_012915_DZPCQV,train
20260814_013214_QEDEGF,train
20260814_013239_VTCANQ,train
20260814_013925_SNVVRS,train
20260814_014006_BXWJBF,train
20260814_014341_GWKHWK,train
20260814_014412_WREXQC,train
20260814_014721_XXBQCS,train
20260814_015227_TPDNTM,eval
20260814_015251_RVNGTJ,train
20260814_015758_QFUPHZ,eval
20260814_015817_BNMVAA,train
20260814_020223_JQBQSL,train
20260814_020459_DHASJF,train
20260814_020543_LTZYRD,eval
20260814_020638_XLHJVC,train
20260814_020745_SBUYDF,eval
20260814_021222_LVFCVC,eval
20260814_021315_EBEVNV,eval
20260814_021546_YPQMWW,train
20260814_021831_QHFEPS,eval
20260814_021928_LYKZYC,eval
20260814_022629_WNJDSZ,train
20260814_022715_TSXZBZ,train
20260814_022757_WMAHRY,train
20260814_022903_RTCCAT,train
20260814_023148_BABWJL,train
20260814_023212_QVYGAX,train
20260814_023230_KASVUY,eval
20260814_023316_BMUTJS,train
20260814_023656_REKNVH,train
20260814_023820_AQNLVU,train
20260814_024302_SNXHWZ,train
20260814_025103_LGACHB,train
20260814_025219_TCYPNH,train
20260814_030140_GLMQDY,eval
20260814_030759_PYLVLE,train
20260814_031359_KSLLBK,train
20260814_031451_GEKMFR,train
20260814_031451_UAWGAD,train
20260814_032150_ZTYTQF,eval
20260814_032318_LFSXJU,train
20260814_032608_HKLUHC,train
20260814_033103_JEMCFU,train
20260814_033323_ELXDGB,eval
20260814_033350_UPMRFM,train
20260814_033507_SSYTLH,train
20260814_034154_ASFGKS,train
20260814_040344_VSYGFE,eval
20260814_041017_WBSEFR,train
20260814_041130_YLSUCF,train
20260814_042314_HLRQMM,train
20260814_043755_LZJBCX,train
20260814_044017_LKZMDX,eval
20260814_044551_DLMYUV,train
20260814_045205_CVCPAC,train
20260814_045449_GFUEBF,train
20260814_045641_NDPRJZ,train
20260814_045941_SHCZDP,train
20260814_050003_CBTVJC,train
20260814_050833_VXDRYY,train
20260814_051053_HNVBDC,train
20260814_051612_NLAGXJ,train
20260814_051635_YLDCVA,train
20260814_051725_VUWYTV,train
20260814_051807_WJKAQR,train
20260814_051830_JJEPHS,train
20260814_052202_KCRKFG,train
20260814_052315_HUKAPM,train
20260814_052704_HCNZVU,train
20260814_053021_BXWXFW,train
20260814_053245_KLZBGG,eval
20260814_053256_GTGGSU,train
20260814_053404_VKSUZU,eval
20260814_053548_YQYZRT,eval
20260814_053556_RKCPZU,train
20260814_053607_MXRAUZ,eval
20260814_053815_BJZJGD,eval
20260814_054105_BMQMHS,train
20260814_054117_XTQSCQ,train
20260814_054131_PLNZUJ,train
20260814_054414_QCQPTV,train
20260814_054632_MLZNNJ,eval
20260814_054743_KYSUMS,train
20260814_054914_MYNTQS,train
20260814_054916_EKDAUH,train
20260814_054958_KCRFBA,train
20260814_055010_QWUFKC,train
20260814_055118_BEWPVA,train
20260814_055429_UKCAUN,eval
20260814_055440_QRBAQG,train
20260814_055622_PJHTMQ,train
20260814_055729_KNYLQV,train
20260814_055819_PHFASH,eval
20260814_055911_MUSEWF,eval
20260814_060003_GAAFXM,train
20260814_060052_MKPLYH,train
20260814_060104_NJVPRJ,eval
20260814_060151_GNPLTG,eval
20260814_060206_UKVGZR,train
20260814_060312_WAENEC,train
20260814_060319_TUBKWU,train
20260814_060501_HNFTDS,train
20260814_060632_PUYJGH,train
20260814_060651_KHQDSF,train
20260814_060706_JSCQDL,train
20260814_060726_KGRTAP,train
20260814_060802_SKNLLB,eval
20260814_061035_BXJKBH,train
20260814_061042_HQXEHT,train
20260814_061110_TBDPJB,train
20260814_061453_QUQEYG,train
20260814_061752_QULJBV,train
20260814_061753_MQCVJX,train
20260814_062034_NNPHBB,train
20260814_062303_BXXQMG,train
20260814_062453_EBQGWJ,eval
20260814_063026_YUHGXJ,train
20260814_063208_GCAUDW,train
20260814_063439_LLVXGQ,train
20260814_063529_CGXBEU,train
20260814_063734_LXFWHB,train
20260814_063735_GTWULN,train
20260814_064312_VBVWNB,train
20260814_064407_EXYCGT,train
20260814_064623_FQRSJQ,train
20260814_065209_GZBCBY,eval
20260814_065437_VLXDKW,eval
20260814_070148_SAZXKQ,eval
20260814_070307_ZECVPL,train
20260814_070644_CWYNVN,train
20260814_070857_HNSWTZ,train
20260814_070937_TAVTYV,train
20260814_072146_YUJMUJ,eval
20260814_072246_ADTKTQ,eval
20260814_072946_QFBWKU,train
20260814_073028_ZJGBAL,eval
20260814_073243_LDSQQE,train
20260814_073352_QCFYHT,train
20260814_073411_HDAHBG,train
20260814_073444_LABFDP,train
20260814_073833_NGHTSM,train
20260814_074115_EACCYF,train
20260814_074239_GRQNLA,train
20260814_074413_THZGLA,train
20260814_074613_JHHDGA,train
20260814_074916_VZBKHE,eval
20260814_075317_LRAFMN,train
20260814_075612_DSNJGG,train
20260814_075651_RBKTCU,train
20260814_075711_PANQNM,train
20260814_080243_PUAYBW,eval
20260814_080249_QFWWCV,train
20260814_080537_PZJNNE,eval
20260814_080737_DQFFAW,eval
20260814_080919_CVYJFH,eval
20260814_080937_WWDADD,train
20260814_081053_UBDBFY,train
20260814_081146_BRPNGD,train
20260814_081302_BCZSDE,train
20260814_081459_JFBQQR,train
20260814_081526_KBCQEE,train
20260814_081652_WACVBE,train
20260814_082225_QAJTET,train
20260814_082311_CPMSXA,train
20260814_082325_KDNDSE,train
20260814_082609_ARXNAM,train
20260814_082730_KXBVLG,train
20260814_083048_XMNBUX,train
20260814_083101_YARRXG,eval
20260814_083507_SYRGLH,train
20260814_083725_JRMBYY,train
20260814_085357_NKTYBK,train
20260814_085429_TJXHAS,train
20260814_090208_FXHFNQ,train
20260814_090457_XXNAVC,train
20260814_090920_LLQLPQ,train
20260814_091441_DZFRLJ,train
20260814_091557_MDDFXP,train
20260814_093239_UPLXVP,train
20260814_093812_YADCYQ,train
20260814_094003_PVSYNP,train
20260814_094205_JKFGLJ,eval
20260814_094216_TYHXJA,train
20260814_094734_WZFDXX,train
20260814_095552_NQQYVW,train
20260814_095803_CYTDLT,eval
20260814_100338_LUJAMS,train
20260814_100339_GBDQGS,train
20260814_100521_ZHRBBP,train
20260814_100715_XWXVVK,eval
20260814_101125_VKJTQG,train
20260814_101215_RKNCHU,train
20260814_101708_SUDLKZ,train
20260814_102240_KXEFNK,train
20260814_104051_QUULPE,train
20260814_104629_KYNWTG,train
20260814_105040_FFVNLS,train
20260814_105433_SRRZQU,eval
20260814_110308_VGXTRX,train
20260814_112400_ZAMJYJ,train
20260814_114136_CHSWDE,eval
20260814_115315_JQCDDV,train
20260814_115458_QFSLTS,train
20260814_120011_JGZPUN,train
20260814_121151_UJEAJJ,train
20260814_122321_WDMTVS,eval
20260814_123401_MXDRDG,train
20260814_131033_DSNMGG,train
20260814_131450_XVKEFA,train
20260814_133853_EEVSND,train
20260814_134355_ZERWJH,train
20260814_134540_WFWBWL,train
20260814_141021_GBFDXZ,eval
20260814_143431_KWMDMC,train
20260814_153929_QKZQNP,eval
20260814_230347_AMUUPB,train
20260814_231034_XBGYTH,train
20260814_231653_ZBHZMC,train
20260814_232049_CQSMRW,eval
20260814_233105_RMMTGJ,eval
20260814_234029_UPXYGY,eval
20260814_234444_YLDVCN,eval
20260814_235322_LSEWZW,train
20260814_235325_KLYVJD,train
20260814_235649_QCFUSL,eval
20260814_235724_JZDDPF,eval
20260814_235822_NUMTDK,train
20260815_000017_SUMVAP,eval
20260815_000527_SPFMQS,train
20260815_000553_CTZTWF,eval
20260815_000843_REAVAX,train
20260815_001321_FMSEPY,train
20260815_002016_QLXSPN,train
20260815_002055_AFWXRN,train
20260815_002100_UTXABN,train
20260815_002409_NCYGXZ,train
20260815_002722_ETMTTK,train
20260815_003014_VHQQCF,train
20260815_003029_XBBWVQ,train
20260815_003104_VVUVLS,train
20260815_003146_FGCJJX,train
20260815_003419_VMNYSJ,train
20260815_003555_QRNPLA,train
20260815_004104_ZXERBF,train
20260815_004232_ETFGXX,train
20260815_004445_PWJWKG,train
20260815_004648_RPVVEY,train
20260815_004716_TWUJCQ,train
20260815_005250_GHXNXZ,eval
20260815_005307_JGNSNY,train
20260815_005747_ZXNXCH,train
20260815_005946_PTSEAZ,train
20260815_010059_FPRBHF,train
20260815_010203_HJPHLJ,train
20260815_010458_DJNXNZ,train
20260815_010522_DXYFVK,eval
20260815_011039_JMDMSP,train
20260815_011215_WGLXEY,train
20260815_011249_SPBSRK,train
20260815_011301_QGRHNM,train
20260815_011425_BHNMCP,train
20260815_011605_QJYPZX,train
20260815_011930_ZSNSLW,train
20260815_011941_KSUCJB,eval
20260815_012421_CMNLGQ,train
20260815_012851_FJBJRE,train
20260815_013200_QSPMMQ,train
20260815_013358_KEBXHJ,train
20260815_013400_DQKSNH,train
20260815_013557_CEGHKP,train
20260815_014031_SUGCXV,train
20260815_014143_ZLEZXK,train
20260815_014454_LCAEAY,train
20260815_014611_EABLJR,train
20260815_014728_GUZBDS,train
20260815_014808_CUTWNG,train
20260815_015043_HGGDHA,train
20260815_015840_VNPHAP,train
20260815_020021_PWQDKJ,train
20260815_020712_RKEABC,train
20260815_020844_HVQTDD,eval
20260815_021107_TMVLKD,eval
20260815_021606_BCEVSG,train
20260815_021903_TBSTRH,train
20260815_022020_KYXLWP,eval
20260815_022340_FUXMCX,train
20260815_022453_QXMRLT,train
20260815_022548_ZZXCWQ,train
20260815_023004_LXUNRK,train
20260815_023023_NSLWSQ,eval
20260815_023253_DMRAHX,eval
20260815_023415_MXVSVQ,train
20260815_023449_LMJZRZ,train
20260815_024125_JRFHWZ,eval
20260815_024130_FCKFAY,eval
20260815_024614_UECWLN,train
20260815_025131_LNVWTX,train
20260815_025805_LRWBZV,train
20260815_030026_AMBMGP,train
20260815_031322_QJFGDV,train
20260815_031456_ECDBWM,train
20260815_032349_TCJEXH,train
20260815_032726_VPNNKH,train
20260815_033334_REJBUF,train
20260815_033342_PHXBKG,eval
20260815_034355_WSDPPZ,train
20260815_034817_SNGHYX,train
20260815_035003_RKUCMS,train
20260815_035050_SNQFPK,train
20260815_035209_USRTWC,train
20260815_040109_QHXGNH,train
20260815_041522_JUSZFM,train
20260815_041602_YQYPHQ,train
20260815_042238_JAWECK,train
20260815_043027_MNDZLM,train
20260815_043437_EEDNQP,train
20260815_044234_BMEYPH,train
20260815_044432_LZVXLF,train
20260815_045104_XWQWSF,train
20260815_045257_APSSRM,train
20260815_045347_SYUHJG,train
20260815_045404_MMTGWH,train
20260815_045945_TKWBAV,train
20260815_050902_FPXYVX,train
20260815_050935_UHQLNM,train
20260815_051126_PLUCHW,train
20260815_051143_DNWXCW,train
20260815_051438_JUMSAH,train
20260815_051528_SUPZTC,train
20260815_051708_ABFGVM,train
20260815_051720_BUCJSY,train
20260815_052154_KKKQGT,train
20260815_052226_JXJCDY,train
20260815_052521_YVVZNL,train
20260815_052753_WSWURS,train
20260815_052819_TVNCQV,train
20260815_053039_CXXWQA,train
20260815_053048_TGEEZU,train
20260815_053058_UTYTXM,train
20260815_053110_XUDYVC,train
20260815_053125_WYRLAK,train
20260815_053134_NJKWTX,train
20260815_053202_KAWVME,train
20260815_053212_DFJWPN,train
20260815_053223_RHBBXV,eval
20260815_053315_WYEFBQ,train
20260815_053401_PZVWTS,train
20260815_053432_ZUWQLQ,train
20260815_053842_YTZGUY,train
20260815_054002_NLSBNY,train
20260815_054103_MAYZFG,train
20260815_054254_CSFNPQ,train
20260815_054359_HQHPSH,train
20260815_054611_ZTJCEB,train
20260815_054615_PGMWEZ,eval
20260815_054734_QTDSGL,train
20260815_054806_XEXLRL,train
20260815_055508_AMPRWR,train
20260815_055514_HTPRPG,train
20260815_055628_RDYNZY,train
20260815_055733_MRFQDZ,train
20260815_055949_VZJLZJ,train
20260815_060211_YFLWBF,train
20260815_060714_CLDRLF,eval
20260815_060820_ACELXY,train
20260815_060908_BEKCNY,train
20260815_060924_NLSZNU,train
20260815_060937_PJSBDH,train
20260815_060938_CXUWGA,train
20260815_061006_RHCBUL,train
20260815_061018_NBZZKD,train
20260815_061109_BRXZVP,train
20260815_061226_HWAVCP,eval
20260815_061517_GEXKNB,eval
20260815_061911_RKSNAQ,train
20260815_062715_HHDDUZ,train
20260815_063130_ANQNTV,train
20260815_063755_TXWZTN,train
20260815_063817_UXQFYH,train
20260815_064349_WACXQU,eval
20260815_064556_KKHPLY,train
20260815_064806_XYMPWL,train
20260815_065124_PDNHDS,train
20260815_070032_FSLZTB,eval
20260815_070232_ASLBFW,train
20260815_070306_VLBZEX,train
20260815_071045_PEYCCR,train
20260815_071218_TCKPJY,train
20260815_071257_UEWPXE,eval
20260815_071340_BHNXLP,train
20260815_071714_FHDVCA,eval
20260815_071810_YUMYUP,train
20260815_072358_AUBFZK,train
20260815_074518_QQLTQB,train
20260815_074656_GRGHMD,train
20260815_075009_LASBCE,train
20260815_075135_HTWEMV,train
20260815_075426_TYUMUB,train
20260815_080011_LJFNAL,train
20260815_080303_ZGHUBJ,train
20260815_080440_JPVKUF,train
20260815_081120_BZRYUV,eval
20260815_081528_XNXJUN,train
20260815_081945_WQPASE,train
20260815_082002_PKMSVN,train
20260815_082536_XWKEZV,train
20260815_083854_HUPTZW,eval
20260815_084832_MHCBBH,train
20260815_085510_FTBMNP,train
20260815_085712_VCBEHM,train
20260815_085849_RMGQTR,eval
20260815_090550_PMCJRH,train
20260815_090920_TPSMAB,train
20260815_091232_UTVUGJ,train
20260815_091709_YNFEJU,train
20260815_093516_VPPCQN,train
20260815_095954_YTCWMK,train
20260815_100709_PBUGJP,train
20260815_100731_LFRAYC,train
20260815_101021_BXAJHE,train
20260815_101553_CFMFQW,train
20260815_103014_RNLMKH,train
20260815_103520_AKEJXS,train
20260815_103818_UWVSQX,train
20260815_104104_FXDYWT,train
20260815_105219_FKWQXQ,train
20260815_105346_TJZRLX,train
20260815_105535_EFMXTE,train
20260815_110012_ZHAJDR,train
20260815_112540_DZKYRW,train
20260815_120831_JSGFAD,eval
20260815_120938_TXNHWV,train
20260815_124403_MCXVNK,train
20260815_132313_PHKPMC,eval
20260815_133947_AJPRBN,train
20260815_141326_DZQVTK,eval
20260815_162431_NTRQSH,train
20260815_184557_BSQEZE,train
20260815_223055_ZDPGFM,train
20260815_231305_UJGDTN,train
20260815_233247_XWCSYY,eval
20260815_233806_XGNSFW,eval
20260815_234146_JPXRPS,train
20260815_234435_EVLLCA,train
20260815_235214_JQRFZF,train
20260815_235251_SJPPZS,eval
20260816_000252_UJREDG,train
20260816_000430_MBKDEH,train
20260816_000527_JLSGGJ,train
20260816_000544_JPTMUB,train
20260816_000732_RFTTGJ,train
20260816_001308_WDMKTN,train
20260816_001618_BXGXXE,train
20260816_002126_FPDPAQ,train
20260816_004255_YEZFGS,train
20260816_004335_BNXQJH,train
20260816_010231_XYKAVQ,train
20260816_010322_SSVPAX,train
20260816_010923_RWTEQE,eval
20260816_011449_UDMXFM,train
20260816_011601_NNDNAW,train
20260816_012641_JJKNNM,train
20260816_013010_FUAZEJ,train
20260816_013725_DUMCMZ,train
20260816_013933_SCCZJJ,train
20260816_014837_RYBQLY,train
20260816_015251_MJBZCN,eval
20260816_015528_MJJERH,train
20260816_020514_JCWUWN,train
20260816_020554_YXYKLY,eval
20260816_021619_RXRPSP,train
20260816_022407_DJRNZY,train
20260816_022724_NCEAKQ,train
20260816_023535_UERVDT,train
20260816_024047_SGMUWG,train
20260816_024859_JPPVFJ,train
20260816_025522_YCCBXA,eval
20260816_025721_FJUCTS,train
20260816_030140_BACPNE,eval
20260816_030247_EVQHQH,eval
20260816_031157_ENDWHQ,train
20260816_031642_KRXRBY,train
20260816_032622_SGVLGP,train
20260816_033156_JEAGVG,train
20260816_035118_RNLSQU,eval
20260816_040449_MLZRFU,train
20260816_041048_PLNGGL,train
20260816_041242_PWDMFM,eval
20260816_043224_RHBBCJ,eval
20260816_045509_NFCJQW,train
20260816_050654_ZRAQUU,train
20260816_050657_HYFYKC,eval
20260816_050715_ZRJDHN,eval
20260816_052604_XQBFNP,train
20260816_052731_WQEWUY,eval
20260816_052808_URCXTC,train
20260816_053440_KYLRVP,train
20260816_053448_VAJJXP,train
20260816_053744_EJSTGX,train
20260816_053900_TBHZAT,train
20260816_054324_NCMPCV,train
20260816_054721_FQCEBV,train
20260816_054933_UJBVCQ,train
20260816_060132_ZDURVJ,train
20260816_060336_EKYJHV,train
20260816_061232_SJFBSS,train
20260816_061600_SZXLJX,train
20260816_061922_JWHPPB,train
20260816_062433_QYAXKN,train
20260816_062501_XKLFZB,train
20260816_063245_WAWYKD,train
20260816_063640_KVULRY,eval
20260816_065906_FLRDLW,train
20260816_070139_ERJCZG,train
20260816_070656_LGWCBK,train
20260816_071109_KSKSDZ,train
20260816_071653_SMUKJZ,train
20260816_071941_BAWBMR,train
20260816_073248_CYVFNR,train
20260816_074506_KDAXPD,train
20260816_075404_TKPMTK,train
20260816_080029_HXAUWV,train
20260816_080515_ZGKDAE,train
20260816_081405_CUUUKH,train
20260816_082909_FNGGGM,eval
20260816_083353_BMVZWF,train
20260816_083354_JLTNQJ,train
20260816_083700_JYTNBW,train
20260816_084850_EUTHHJ,train
20260816_085704_QMRFPJ,train
20260816_085705_MKJGQX,train
20260816_090739_WNRBLW,train
20260816_093144_DFCRKJ,train
20260816_095537_ERWDPP,train
20260816_101045_JHMCMK,train
20260816_102318_HFYGVF,train
20260816_114002_FFCDXD,train
20260816_121542_LFTHWW,eval
20260816_121636_SRJLMU,train
20260816_125135_PWWYAA,train
20260816_224250_MJVCAT,train
20260816_230024_BLUECU,train
20260816_230559_AXGGDR,train
20260816_230903_UUHQSS,train
20260816_232038_SVMKNY,train
20260816_234942_PCGGNN,train
20260817_000304_ALFAKG,train
20260817_000308_RJBVEW,train
20260817_000310_KCBMDU,train
20260817_000745_MHPKVF,train
20260817_000747_CFADTB,train
20260817_000945_QZCJGB,train
20260817_001401_STMGKR,train
20260817_001409_WETHLP,train
20260817_002006_RDYMJN,train
20260817_002038_JQENHQ,train
20260817_002222_BNJRYR,train
20260817_002427_XFLEBB,train
20260817_002441_TYWMFG,train
20260817_002545_CXFUFU,eval
20260817_002624_ETYRKM,train
20260817_002651_ZDRBFU,train
20260817_002704_GFEEGG,train
20260817_002939_EURBMS,eval
20260817_003414_DSXUNS,train
20260817_003727_GZRCXF,eval
20260817_004035_FUUPFV,train
20260817_004121_EHTHAF,train
20260817_004152_BJPMMW,train
20260817_004212_PFWTSS,train
20260817_004221_WVPPUP,train
20260817_004242_FLQVZW,train
20260817_004345_BEWUST,train
20260817_004415_UHGMPD,train
20260817_004427_SYSQDX,eval
20260817_004441_FUZARW,train
20260817_004514_TFTDGW,train
20260817_004628_WEQUUQ,train
20260817_004649_FSLTFZ,train
20260817_004750_UBNPTB,train
20260817_004838_NYNUFF,eval
20260817_004842_CWREAW,eval
20260817_004848_LKXLPR,train
20260817_004903_VRTSMC,train
20260817_004923_RSSSQA,eval
20260817_005011_HSWHKK,train
20260817_005033_RNVKDT,train
20260817_005153_TUQEJY,eval
20260817_005409_RZZBBV,train
20260817_005838_QTQLKK,train
20260817_005848_FXBHCV,train
20260817_005931_BWVJGS,train
20260817_010122_NUPQZE,train
20260817_010328_YYUNFT,train
20260817_010335_YMSUAA,train
20260817_010412_VJEYEF,train
20260817_010624_BQRSUB,train
20260817_011621_GAGKFY,train
20260817_011948_QABWLD,eval
20260817_011956_QGNQFU,train
20260817_012120_CKQFWZ,train
20260817_012207_TAZTBH,train
20260817_012537_SXBDFM,eval
20260817_012947_ETNNPS,train
20260817_013228_YEYVHY,eval
20260817_013435_CHAFWM,train
20260817_013633_MZADUN,train
20260817_013916_ATFVVJ,eval
20260817_014010_RYNDVG,eval
20260817_014607_BYLHVG,eval
20260817_014619_QMQDVQ,train
20260817_014730_GBLDMG,train
20260817_014745_XLYKXJ,train
20260817_015102_HEVPKR,train
20260817_015412_XBYQXD,train
20260817_015532_KCTCZY,train
20260817_015549_FBQVBZ,train
20260817_015615_ZSTKQF,train
20260817_015724_XZQWNX,train
20260817_015743_DJSMKX,train
20260817_015801_KRXLTX,train
20260817_015812_AGEUHB,train
20260817_020553_UDTBFD,train
20260817_020623_VPNHEN,train
20260817_020726_SLJFNA,train
20260817_021143_FWRFLQ,eval
20260817_021246_HQGSCD,train
20260817_021458_WBWTWD,train
20260817_021649_AKDYGV,train
20260817_021806_MPRHSB,train
20260817_022551_FSAFBY,eval
20260817_022605_VAYCHC,train
20260817_022758_MSVHNS,train
20260817_023256_FPYERR,train
20260817_023356_WSRFSF,train
20260817_023456_YYRVUD,eval
20260817_023610_ZCACCV,train
20260817_023826_EKZLAK,train
20260817_024048_AFQPVB,train
20260817_024224_KDRMAN,eval
20260817_024229_CDUWTH,train
20260817_024425_BUJDVZ,train
20260817_024640_SSBXQJ,train
20260817_024729_HSFYTH,eval
20260817_025218_UUAAWZ,train
20260817_025327_ZDFKUY,train
20260817_025415_HPMRGE,eval
20260817_025826_LEWAGP,train
20260817_025856_KKZVNS,train
20260817_025927_VSYBMB,eval
20260817_030004_MYUSQH,train
20260817_030532_VRLHYN,train
20260817_030615_DFDAKF,train
20260817_030749_MCXYWC,train
20260817_030940_NGVKBU,eval
20260817_031233_CFRPRA,train
20260817_031250_ZNSCQL,train
20260817_031355_FXPXLF,train
20260817_031543_ABJZTA,train
20260817_031956_MMVTWG,train
20260817_032215_XPVYCY,train
20260817_032427_LGBHSV,train
20260817_032505_KQYKBS,train
20260817_032521_QSCCNP,train
20260817_032934_VTMXXK,train
20260817_033113_BJDVWT,eval
20260817_033125_JLQZYZ,train
20260817_033357_ZUMGGY,eval
20260817_033510_PZGRKG,train
20260817_033717_LVMBEE,eval
20260817_033834_LRXDAQ,eval
20260817_033929_LHRVZH,eval
20260817_034023_XWYTKS,train
20260817_034835_CVYDPN,eval
20260817_034913_STPQJP,train
20260817_035129_HPCTDM,eval
20260817_035355_HDGRLF,train
20260817_040047_YYGSXL,train
20260817_040112_ZBRQXY,train
20260817_040235_YEDRWZ,train
20260817_040532_BPBSYC,train
20260817_040620_QYAZUP,train
20260817_040810_UFAFZN,train
20260817_040938_KPFPHG,train
20260817_041126_TPFUSC,train
20260817_041149_YKWHSR,eval
20260817_041251_CSZFFC,eval
20260817_041312_RWXYKF,train
20260817_041730_HSAZSN,train
20260817_042437_MRYYRD,train
20260817_042857_UUACCH,train
20260817_043049_SAEJVE,eval
20260817_043240_PBJADL,train
20260817_043321_PUZQPN,train
20260817_043517_STQCNQ,train
20260817_043611_XAFNFU,eval
20260817_043812_JYRXAH,train
20260817_043908_URMHTN,eval
20260817_044325_RSBZFL,eval
20260817_044425_PZTABF,train
20260817_044837_QRJCBE,train
20260817_044939_RBEKJF,train
20260817_045133_QPTEGC,train
20260817_045448_FUMVDF,train
20260817_045942_TJHWBB,train
20260817_050049_NVKZJD,train
20260817_050143_XERHZE,train
20260817_050520_QSETMM,train
20260817_050629_GPLVUR,train
20260817_050925_RXKWWD,train
20260817_050949_ANNRQE,eval
20260817_051015_JNZEKT,train
20260817_051145_UQKZNN,train
20260817_051347_CKRZQK,eval
20260817_051511_JFCJMC,train
20260817_051530_NFKDQA,train
20260817_051551_GUJQRL,train
20260817_051748_SABUJD,train
20260817_051943_JQMXDV,train
20260817_052248_DEJXAA,train
20260817_052442_NGCLKH,train
20260817_052452_JLMHXY,eval
20260817_052510_KLGCKM,eval
20260817_053257_CTUZNZ,train
20260817_053314_CMTHHM,train
20260817_053506_XSHEKT,train
20260817_053617_TSHVKK,train
20260817_053742_EVJUGJ,train
20260817_053925_NGMJGC,train
20260817_054038_KZUWCP,eval
20260817_054209_CCDZYN,train
20260817_054717_WSCKSV,eval
20260817_054940_VPFYQY,eval
20260817_055046_QJVTJU,train
20260817_055144_RSUHXW,train
20260817_055200_NNNVTP,train
20260817_055403_KTCAXC,train
20260817_055602_XDGEXR,train
20260817_055737_NTVYPS,train
20260817_055738_BGMPJK,train
20260817_055823_FFMWSJ,train
20260817_055859_GEFZSF,train
20260817_060428_EKJHLG,train
20260817_060502_JGYBLQ,train
20260817_060737_AMBCHT,train
20260817_060839_AFJSVG,train
20260817_060852_SUVCFV,train
20260817_060954_CSRUUD,eval
20260817_061005_GPDSZU,train
20260817_061015_STHETA,eval
20260817_061103_RNZTJV,train
20260817_061228_TMNKNH,eval
20260817_061325_BVDKZC,train
20260817_061558_CZFURS,train
20260817_061843_ECVJZN,train
20260817_062121_RYFZGL,eval
20260817_062141_TMDHMH,train
20260817_062330_KXBREC,train
20260817_062430_RSNTJJ,train
20260817_062604_SFDUGH,train
20260817_062639_KPTVFA,train
20260817_062939_YDUBYN,train
20260817_063004_KFCXJN,eval
20260817_063053_ZLDGMW,train
20260817_063056_VYCRCK,eval
20260817_063143_VZNUML,train
20260817_063209_TEWYRZ,train
20260817_063214_DEWFEG,train
20260817_063240_EDDKNU,eval
20260817_063247_HRZPXH,train
20260817_063315_FWDDXY,train
20260817_063342_ERWLSZ,eval
20260817_063417_ZFFMEX,train
20260817_063624_ZWMAUY,train
20260817_063945_BNLVNL,train
20260817_064057_DSUQFK,train
20260817_064140_NBPYKQ,train
20260817_065101_BLUJFQ,train
20260817_065102_UAVJLN,train
20260817_065548_NCYCRP,train
20260817_065554_NMQVEH,train
20260817_065622_YHDHBM,train
20260817_065644_HLCEFT,train
20260817_065817_WSJBED,train
20260817_070040_VLBZJE,train
20260817_070422_EFXDGP,train
20260817_070932_EXQEPY,train
20260817_071246_CWDJCG,train
20260817_071559_QDHAGB,train
20260817_071730_AXZZFQ,train
20260817_071809_MASVGF,train
20260817_072412_VWYKZE,eval
20260817_073023_YMAZYB,train
20260817_073025_XUEQMK,train
20260817_073243_DXVURQ,train
20260817_073545_XGLRYX,train
20260817_074107_QCNMTH,train
20260817_074133_HQALKV,eval
20260817_074141_DZEVVC,train
20260817_074152_TTWVAE,train
20260817_074427_CNGQFZ,eval
20260817_074745_TAJKFZ,train
20260817_074915_VMNSYD,train
20260817_074938_GRLGAM,eval
20260817_075044_FWVQHZ,train
20260817_075125_CSVGPR,train
20260817_075248_XWUQDP,train
20260817_075314_UKELMD,eval
20260817_075342_WPJRAM,train
20260817_075813_ERGTGW,eval
20260817_080131_VWBNKA,train
20260817_080212_CCWFUA,train
20260817_080422_JDCNYJ,train
20260817_080458_GVXMNA,train
20260817_080744_PVMTCH,train
20260817_080826_WUHWJM,train
20260817_081439_XTXTRK,train
20260817_082020_FZJZTT,train
20260817_082240_SWYVUE,eval
20260817_082600_XKRJKR,train
20260817_082616_MVNGGP,train
20260817_083545_FWBDPW,train
20260817_084012_FUJGTS,train
20260817_084104_DUDPNS,eval
20260817_084211_RTVGBT,train
20260817_084324_BLYLMJ,train
20260817_084352_QYNHDS,train
20260817_084508_ATFBJD,train
20260817_084833_XVKBSP,eval
20260817_085331_KDDKXM,train
20260817_085356_SXKTQN,train
20260817_085443_ZPSFLX,eval
20260817_085935_LUEWFG,train
20260817_090134_VKXZMB,eval
20260817_090356_YGQDNU,train
20260817_090702_CBWARL,train
20260817_091035_ZGTTQS,eval
20260817_091041_XHYQTY,eval
20260817_091131_UFBWTT,eval
20260817_091207_AHWENB,train
20260817_091309_JLNNQH,train
20260817_091515_BVXHXN,train
20260817_091531_GTEJGM,train
20260817_091947_WCJLMC,train
20260817_092122_GVQJTD,train
20260817_092201_MUCCFR,train
20260817_093204_PXZYWY,train
20260817_093727_JCSART,train
20260817_093854_HMEHPR,train
20260817_094752_JSCXJH,train
20260817_095405_XPNJLQ,eval
20260817_095451_MQLVTE,train
20260817_095854_WLSTQG,train
20260817_100251_LDCNJL,train
20260817_100510_PYZNPA,train
20260817_100802_NCNPLD,train
20260817_100841_CJAASZ,train
20260817_101114_QRRSWC,eval
20260817_101306_BXXNLH,train
20260817_101409_HAZZLY,train
20260817_101426_QAHBJT,train
20260817_101739_KMUETA,train
20260817_101953_JLWSNU,train
20260817_102114_JDXBRE,train
20260817_102425_VXUBNH,train
20260817_102537_YGMJLT,eval
20260817_102555_YVNQRE,eval
20260817_103121_AXSQBY,train
20260817_104158_KUYNJY,train
20260817_104531_NFLURN,train
20260817_110129_UCHDQP,eval
20260817_111312_QVHPSZ,train
20260817_112524_PRQMXR,train
20260817_112610_DZWQAZ,train
20260817_114456_SRXLKR,train
20260817_114823_GWRSYB,train
20260817_114903_BFEPRP,train
20260817_121123_ZFFYUD,train
20260817_121234_YPUBFB,train
20260817_121533_WFLAVQ,eval
20260817_122433_BTHQUP,eval
20260817_123119_BKLDKG,train
20260817_125624_RJLKYV,train
20260817_130108_TFWZFC,train
20260817_130152_KMNCGA,train
20260817_130427_PWSCEH,train
20260817_130547_YZXTMD,eval
20260817_134914_AAGVNZ,train
20260817_135008_EDEAYL,train
20260817_135308_DXSRRV,train
20260817_151534_NWNFDX,eval
20260817_223015_TCJXHQ,train
20260817_230919_XNRUHZ,train
20260817_232023_KMGGSB,train
20260817_233422_LAZPGR,train
20260817_233730_QMVEDV,eval
20260817_233919_KLRCRH,train
20260817_234437_SMMWWD,eval
20260817_234910_VECBLB,train
20260817_235922_PQKNGF,train
20260818_000102_AENJXW,train
20260818_000315_ZTEXDM,train
20260818_000548_VGLKDQ,train
20260818_001055_SGUMRT,train
20260818_001157_KPRTHJ,train
20260818_001306_CVKSJR,eval
20260818_001339_NBEBMB,train
20260818_001341_UQYVYT,train
20260818_001900_RAFTCS,train
20260818_002032_WZVUDV,train
20260818_002308_JUHPWG,train
20260818_002343_JHDTME,train
20260818_002730_WRCGMM,train
20260818_002833_PNMLBG,train
20260818_002919_RZZCQL,eval
20260818_003003_LXMGUT,train
20260818_003040_TKNRLD,train
20260818_003447_TLGXMW,train
20260818_003456_QSHDNL,train
20260818_003757_HCVECY,train
20260818_003805_WYLYHY,eval
20260818_003953_QGZHJM,train
20260818_004104_CFDJTC,train
20260818_004109_FZNGYZ,eval
20260818_004140_JCHVZF,train
20260818_004326_SZRRCQ,eval
20260818_004503_LBPCRH,train
20260818_004600_CFETKK,train
20260818_004622_SJESUF,train
20260818_004659_XKZVVV,eval
20260818_004738_DTUYUW,train
20260818_004809_SVBMFA,train
20260818_005303_QTSUXH,train
20260818_005338_BVUVBM,train
20260818_005500_ZVGHKX,train
20260818_005503_RQPSPJ,train
20260818_010032_RXQCJX,eval
20260818_010307_PKPMCS,eval
20260818_010316_WQPJVM,train
20260818_011312_FWXRQD,train
20260818_011620_YPFSBG,train
20260818_011730_LPBTCM,train
20260818_012048_ZAZPAW,train
20260818_012133_ZPNPDG,train
20260818_012402_RZRDSW,train
20260818_012905_RXCRDS,eval
20260818_012944_AGVDWL,train
20260818_013154_VHBRKZ,train
20260818_013244_JLQKRW,train
20260818_013338_UCZEVN,train
20260818_013401_AHCMXC,train
20260818_013509_CBKTAL,eval
20260818_013742_WEUNUW,eval
20260818_013837_CFEQEC,train
20260818_013940_QPFLHA,train
20260818_013946_NEHBSQ,train
20260818_014136_ETYBZW,train
20260818_014227_RDZXQX,train
20260818_014825_CHVCXZ,train
20260818_014902_PPQWRC,train
20260818_015402_SRQDLY,eval
20260818_015611_BCPTTN,train
20260818_020055_ZRTRHN,train
20260818_020107_BPVWVB,train
20260818_020128_SZUFAF,train
20260818_020454_XXKDXV,train
20260818_020504_MZQFHK,train
20260818_020504_WHVTLC,train
20260818_020715_EUWZJK,train
20260818_020906_AJQBSK,train
20260818_021002_DUKRYB,train
20260818_021227_HLARAL,train
20260818_021658_BMCGHT,train
20260818_022316_MXTVZQ,train
20260818_022449_VQURFP,train
20260818_022523_PMZCXM,train
20260818_022533_ZZHNJA,train
20260818_022537_UKWGEP,eval
20260818_022623_RGFVBJ,train
20260818_022817_UCHPRW,train
20260818_023317_WGCMTB,train
20260818_023555_MTHPVD,train
20260818_023613_ZJSSYM,train
20260818_023650_HCCJKX,train
20260818_023929_QSMXTL,train
20260818_024042_PGTEKV,train
20260818_024059_XBJRED,eval
20260818_024156_JYEVYN,train
20260818_024208_ABWBJK,eval
20260818_024231_PRTNRX,eval
20260818_024409_ASVGRV,train
20260818_024415_HMKGMJ,eval
20260818_024502_JWDPQA,train
20260818_024511_SATWUP,train
20260818_024556_HMHKLM,train
20260818_025119_GLQQKY,train
20260818_025136_MWVXXK,train
20260818_025153_SDSRDJ,eval
20260818_025158_GUPAJF,train
20260818_025858_KHHTCZ,eval
20260818_025955_DHUGWD,train
20260818_030428_PKGBAH,train
20260818_030651_CAVQCL,train
20260818_030802_CQENXE,train
20260818_030829_JWSEZS,train
20260818_030829_NVDDFN,eval
20260818_031203_VBVPPC,train
20260818_031216_TGFCEG,train
20260818_031319_AYKRPB,train
20260818_031718_TQVFXH,train
20260818_031900_FKYXVZ,train
20260818_032113_ZCSDZC,train
20260818_032347_VPVYNT,eval
20260818_032626_JDBJVH,train
20260818_033024_XKMDMB,train
20260818_033506_FJKXHT,train
20260818_034017_KGBMLM,train
20260818_034052_CFXLLD,eval
20260818_034107_GJZBXM,train
20260818_034658_MEAFLY,train
20260818_035543_QQYEYS,train
20260818_040750_PPHTMJ,train
20260818_040900_QNJYSX,train
20260818_040957_SVLXGU,train
20260818_041227_MSSDDE,train
20260818_041340_XVQLJU,train
20260818_041422_YBPVUC,train
20260818_041840_EVBSMB,eval
20260818_042500_ACHMYK,eval
20260818_042506_BSFGCW,eval
20260818_042708_BPASHB,train
20260818_042721_TJATHA,train
20260818_042818_AZRMMG,train
20260818_042916_PJYPFE,train
20260818_043656_LVYMQL,train
20260818_043755_HBRRVG,train
20260818_043758_YKCFMC,train
20260818_044521_VCPMXS,train
20260818_044635_SVVMGD,eval
20260818_044810_DTAEDZ,train
20260818_044919_JTCBNK,train
20260818_045429_HZMFZP,train
20260818_045826_CACGGH,train
20260818_050059_DVKLPV,train
20260818_050252_THKABU,train
20260818_050452_RCHNEH,eval
20260818_051831_WRETJR,train
20260818_052246_LUBXAH,train
20260818_052539_KRJHFA,train
20260818_052657_LPWYCW,train
20260818_052658_LALWDS,train
20260818_052713_JRUKLY,train
20260818_052938_GMSJZU,eval
20260818_053015_PULJXG,train
20260818_053034_UFXBKK,train
20260818_053108_QVBJVB,train
20260818_053142_KHAVGE,train
20260818_053305_XJPHUA,train
20260818_053415_CUPRRY,train
20260818_053528_BCKJKD,train
20260818_053753_WYBDPS,train
20260818_053838_MSWLGH,train
20260818_053917_BXURSZ,eval
20260818_054208_FTNQUG,eval
20260818_054351_AKCJVY,eval
20260818_054534_DKTGTR,eval
20260818_054626_FCRQTS,train
20260818_054644_XKEVBH,eval
20260818_054655_FSCBSH,eval
20260818_054710_BWJAGZ,train
20260818_054716_LDUVZH,train
20260818_054952_LMVSYN,train
20260818_055154_HMXDKU,train
20260818_055158_UZLDVM,train
20260818_055214_XLTSZL,train
20260818_055218_DVSNFG,train
20260818_055303_TSJHED,eval
20260818_055338_EJGTJH,train
20260818_055355_CKLJTH,train
20260818_055358_WFGXQV,train
20260818_055412_ZQFRJR,train
20260818_055631_YKCLFX,eval
20260818_055710_SXZMNB,eval
20260818_055809_ZLUHJX,eval
20260818_055830_VSJAKT,train
20260818_055911_NUUARV,train
20260818_055917_ZBXFQE,train
20260818_055943_TJARAJ,train
20260818_060656_PPLHKU,eval
20260818_060717_QQDSVD,eval
20260818_060914_ECFMNF,train
20260818_061106_JURZBR,train
20260818_061153_GXPWDY,train
20260818_061158_JWSESB,train
20260818_061207_ESTTGX,train
20260818_061218_GDVXFY,train
20260818_061223_DQMSHZ,train
20260818_061231_AJYCSA,train
20260818_061306_LJWZBB,train
20260818_061319_CECGCS,train
20260818_061335_WYZYZU,train
20260818_061345_CQCSRW,train
20260818_061508_DQLDEB,train
20260818_061848_YJBLVK,train
20260818_062022_YCXLYS,train
20260818_062102_XEWMWL,train
20260818_062214_EVBDCZ,train
20260818_062232_EZZMNE,train
20260818_062319_TDZATF,train
20260818_062353_ZDWCUH,train
20260818_062515_SGPJGZ,train
20260818_062547_SBHEKX,train
20260818_062619_XTMHKP,train
20260818_062653_VMSPDN,train
20260818_062734_VJFPHB,train
20260818_062814_HMEFGT,train
20260818_062854_ABPRTM,eval
20260818_062927_EWTPXM,train
20260818_063017_UDCPLT,train
20260818_063150_PAALTU,eval
20260818_063229_BYLNRA,eval
20260818_063427_GTMMQY,train
20260818_063636_NFHJTX,train
20260818_063844_AZKTDK,train
20260818_064216_HSCDTA,train
20260818_064410_ALUZHA,train
20260818_064529_LVEYPX,train
20260818_064559_VNRXMK,train
20260818_064912_XZUNZC,train
20260818_065257_YEQWXL,train
20260818_065407_GKHLHC,train
20260818_065436_WCGYXP,train
20260818_065606_XDEPKV,train
20260818_065628_TKYZVV,train
20260818_065628_ZCEWDM,train
20260818_065658_PJXRWE,train
20260818_070058_ZCSRZG,train
20260818_070201_LPQDUM,train
20260818_070707_WFTVFS,train
20260818_070924_WFHJCK,train
20260818_071114_WNXDXU,train
20260818_071207_DFELWK,train
20260818_071303_MZSFAM,train
20260818_071313_YBRRTW,eval
20260818_071430_TAPTGW,eval
20260818_072102_JLTDDR,train
20260818_072346_NHXVZV,eval
20260818_072824_CZXGJB,eval
20260818_073011_HKKYGW,train
20260818_073124_TLDVBK,train
20260818_074015_PDHUGH,eval
20260818_074322_CCDQSN,train
20260818_074520_EWEYMX,train
20260818_074612_CGARAM,train
20260818_074623_JMCJMK,train
20260818_074907_UVYCJW,train
20260818_074924_EGSHWD,train
20260818_074952_KUPLLF,train
20260818_075130_PBBFEX,train
20260818_075213_RRGDWJ,eval
20260818_075556_UKWLRG,eval
20260818_075840_GQFAWU,train
20260818_080206_DXSXWL,train
20260818_080634_NCXDAU,train
20260818_080952_LARSQR,train
20260818_081229_VAYQCH,train
20260818_081515_VQWCPY,train
20260818_082030_NRZTPT,train
20260818_082424_QJLDMJ,train
20260818_082619_SCXZRB,train
20260818_083854_JKNAXP,train
20260818_084227_SZUVBS,train
20260818_084255_FPPAWB,eval
20260818_084817_XAKBQW,eval
20260818_085227_CJYKEU,train
20260818_085233_ECQRMM,eval
20260818_085319_NSUJCH,train
20260818_085330_XTHXDX,train
20260818_085632_CBVUSR,train
20260818_085710_SJJLUH,train
20260818_085849_VEXUEA,train
20260818_085941_TSWJCE,eval
20260818_091002_ELQYJB,train
20260818_091046_ASNRLZ,train
20260818_091506_FZRSDE,train
20260818_091545_SGYBZL,train
20260818_091637_AQYULM,train
20260818_092529_NNNZSH,train
20260818_092711_MQBHRE,train
20260818_092847_BRMVGT,train
20260818_092944_ZXWVJD,train
20260818_094027_DCBPVC,train
20260818_094102_DPPGLW,train
20260818_094155_YFNYZR,train
20260818_094404_PKAKNC,train
20260818_094425_UHVVYM,train
20260818_094533_ZPAYCF,train
20260818_094540_NKDQPP,train
20260818_094754_NAWDVY,train
20260818_095029_EQUQDB,eval
20260818_095052_XSAUAJ,train
20260818_095914_QWPVCL,train
20260818_100345_HRCTPX,train
20260818_100457_FJQQAK,train
20260818_100807_BBLRBR,train
20260818_100933_SCQWQC,train
20260818_100947_YTLFWL,train
20260818_101010_FMZCVW,eval
20260818_101546_XJVGFX,train
20260818_102047_LLLXZT,train
20260818_102342_JDCPZP,train
20260818_102416_YLWMKA,eval
20260818_102548_TZWUPG,train
20260818_102814_CSVLTX,train
20260818_102955_BVJCGA,train
20260818_103203_SASRZW,train
20260818_103305_GLSYPB,train
20260818_103414_UUUMJB,eval
20260818_103633_MQCGZT,train
20260818_103658_FUWAZY,train
20260818_103803_BZEHPJ,train
20260818_104202_TRFNKU,train
20260818_104955_TEKFEX,eval
20260818_105122_MUTSAE,eval
20260818_105447_MJQVRV,eval
20260818_110946_RHERCR,train
20260818_111902_EDXSQH,train
20260818_112948_AADVTG,train
20260818_113020_MKHBSP,eval
20260818_114852_PLLWSQ,train
20260818_120927_XSGCDJ,train
20260818_121501_SVZZMU,train
20260818_123046_FGWKVP,train
20260818_124243_JTHCJZ,train
20260818_130600_LRKPVE,train
20260818_131919_CRTHKB,train
20260818_132118_VHVQPV,train
20260818_132425_DRWUMY,train
20260818_132605_TTVADG,train
20260818_132641_HHEVUL,train
20260818_134459_EGAVCJ,train
20260818_134510_GXLAEC,train
20260818_135745_WTCHXN,train
20260818_141334_FMJXQL,train
20260818_141552_TAWMKC,eval
20260818_143039_NZJCJL,train
20260818_143930_LKJTGK,train
20260818_145806_UVWVEN,train
20260818_145956_KJJYEN,train
20260818_150653_FDNMJJ,train
20260818_151002_HSQECR,train
20260818_154008_ZFRKJE,train
20260818_161639_TCTESK,eval
20260818_162032_ZAZYYN,train
20260818_162539_MGGXVE,train
20260818_163855_DJXZPX,train
20260818_164005_CYKRQB,train
20260818_165849_CRNXYB,train
20260818_211505_VFYDVG,train
20260818_211851_MQLKVH,train
20260818_220139_CLEPVU,train
20260818_221017_WNSRKD,train
20260818_223410_CESZPW,train
20260818_230210_RRNUBF,eval
20260818_231123_CBFVHF,eval
20260818_231417_NVRSMA,train
20260818_232446_KJJPDG,train
20260818_233014_XHPFEB,train
20260818_233710_JJQFWB,eval
20260818_234505_HJNKTM,train
20260818_234622_KFFBJU,train
20260818_234831_SSCPMB,train
20260818_235444_CFTXXF,eval
20260818_235609_DCWWTC,eval
20260819_000228_SFDYLB,train
20260819_000422_RTCMNF,train
20260819_000645_QXEZSE,train
20260819_000705_CNNJVP,train
20260819_000711_KXHWQJ,train
20260819_000733_QXQGGU,train
20260819_000808_CHGSCD,train
20260819_000829_FXMDGG,train
20260819_000903_XXRRAP,train
20260819_001031_FRNQEP,train
20260819_001208_GCBHMJ,train
20260819_001328_PVYWHF,train
20260819_001548_ZLPSMS,train
20260819_001715_KTMUXY,train
20260819_001924_BQRJQP,train
20260819_002010_KDHAZE,train
20260819_002127_LPTRFM,train
20260819_002634_AVZURZ,train
20260819_002706_AKEDXH,train
20260819_002732_YBGRQL,train
20260819_002820_BYQCRE,eval
20260819_002823_FWBVUF,train
20260819_002831_UWWTGJ,train
20260819_002948_EWRACS,eval
20260819_003047_YFDRRR,eval
20260819_003123_JPXCNF,train
20260819_003150_DBRPMM,eval
20260819_003214_DHEWUU,train
20260819_003221_MCCZXX,train
20260819_003433_DBXRRJ,train
20260819_003457_STZPPQ,train
20260819_003700_JUFRCW,train
20260819_003916_CCSSQM,eval
20260819_003917_QPQBUJ,train
20260819_004111_VTUKXZ,eval
20260819_004219_RDBLJP,train
20260819_004245_EYUBNM,train
20260819_004259_SHTBFV,train
20260819_004429_XJAFYV,train
20260819_004835_TBHBTG,train
20260819_005045_DFULMJ,train
20260819_005322_QBVVMJ,train
20260819_005333_ZPYFSY,train
20260819_005502_VVAMEE,train
20260819_005944_JKSFTH,train
20260819_005948_LBGVME,train
20260819_010017_UNUATV,train
20260819_010115_WZWTAM,train
20260819_010405_EJCJVR,eval
20260819_010451_VTCADG,train
20260819_010806_YKDBUT,train
20260819_010913_XQGHDK,train
20260819_011030_XLSYEE,train
20260819_011356_WSKBMU,train
20260819_011756_TZGVQT,train
20260819_011911_DRYCBW,train
20260819_011922_CQKSNS,train
20260819_012038_GJQLNR,train
20260819_012146_GMVQUC,train
20260819_012157_GCNFXY,eval
20260819_012341_WHDPBM,train
20260819_012522_KWCKCC,train
20260819_012610_LGHSTS,train
20260819_012932_XCFPUA,train
20260819_013004_EDEJYG,train
20260819_013010_ZPUMQM,train
20260819_013113_AWDLZL,train
20260819_013209_HLJRCJ,eval
20260819_013415_SQKRYP,train
20260819_013648_KYWDCL,train
20260819_013835_RFWBTL,train
20260819_013900_WCDVNJ,train
20260819_014148_CJHNFU,train
20260819_014158_ZALUPR,eval
20260819_014316_YSWQPS,train
20260819_014443_AWUQMJ,train
20260819_014503_XXFKYD,eval
20260819_015050_SAWCLX,train
20260819_015235_NDSJYQ,train
20260819_015313_GSYBMR,train
20260819_015336_ASHMWU,train
20260819_015749_YDDKBP,train
20260819_015755_YTHSZW,eval
20260819_015838_MPHHBW,train
20260819_015954_RZLKTU,train
20260819_020052_GDRLZX,train
20260819_020122_GZRQLQ,train
20260819_020436_KTRTMS,train
20260819_020819_NREQPJ,train
20260819_021025_JVXBDQ,train
20260819_021148_FSZWMP,eval
20260819_021252_LTAQXX,train
20260819_021337_KNTJTX,train
20260819_021623_STEYYV,train
20260819_021704_FKVFZA,train
20260819_021829_SJDMZN,train
20260819_022130_QPCAWA,train
20260819_022548_TZUTZC,train
20260819_022606_JGLSPA,train
20260819_022621_TSNXXN,train
20260819_022856_RMYFXW,train
20260819_023404_BTLNHA,train
20260819_023828_EGWLCX,train
20260819_023936_UBKSFF,train
20260819_023958_LGJLFT,train
20260819_024306_HETDQA,train
20260819_024306_QDZJAR,eval
20260819_024352_KEEZQQ,train
20260819_024612_JHBJBC,train
20260819_025123_ACVVVD,train
20260819_025243_DDWMQR,train
20260819_025452_JJHFMW,train
20260819_025506_KEWNMA,train
20260819_025613_XXFPEW,train
20260819_025703_HAWHPA,train
20260819_025954_KUENVR,train
20260819_030148_RBKPLE,train
20260819_030158_GQCYJX,eval
20260819_030333_WJYBXU,train
20260819_030507_UDVPZR,train
20260819_030513_JJEGME,eval
20260819_030708_QWPHLY,train
20260819_030732_QHPCXS,train
20260819_031429_GGGQXC,train
20260819_032207_NYVWNP,train
20260819_032558_KMMAKU,train
20260819_032602_NTCCES,train
20260819_032747_KWXNFT,train
20260819_032907_YNCDNT,train
20260819_032953_AUQXJL,train
20260819_033019_KMPMVT,train
20260819_033046_LMHPRF,train
20260819_033541_XNZJCY,train
20260819_033557_FXGTYB,train
20260819_033846_RMKFWQ,eval
20260819_033851_LYVGVD,train
20260819_033853_BRAFFZ,train
20260819_034125_PFEQQR,eval
20260819_034637_SXFRFR,eval
20260819_035301_XQKGHP,eval
20260819_035404_BACGNP,train
20260819_035849_MYDAAM,train
20260819_040026_UYEPZF,eval
20260819_040210_EPFCYK,train
20260819_040259_UXRQSW,train
20260819_040353_HPDNBL,train
20260819_040525_TLERTS,train
20260819_040556_QWCDZK,train
20260819_040658_ADAMVJ,train
20260819_041055_GSLEUR,train
20260819_041934_DFFTHV,train
20260819_041944_GVTGGE,eval
20260819_042533_NMUKUQ,train
20260819_043304_LRWVQT,train
20260819_043309_LFGKZC,train
20260819_043429_PEPULD,eval
20260819_043521_NHNAEV,train
20260819_043647_JFLUKZ,eval
20260819_044031_DKUTCW,train
20260819_044541_NKWAYS,train
20260819_044618_LQYZLQ,train
20260819_044720_AYENRG,train
20260819_044811_GYZWWU,train
20260819_045008_QZDBAB,train
20260819_045211_TNMUXN,train
20260819_045523_CMXBBA,train
20260819_050246_RBRRSR,train
20260819_050817_RSTRYE,train
20260819_050906_FVDLNV,train
20260819_051004_ZZDLQN,train
20260819_051228_ESNMYC,train
20260819_051354_LKZPBX,train
20260819_051429_ZEXXAA,train
20260819_051450_EYHWBE,train
20260819_051947_FWZPWG,eval
20260819_052121_WXPQDN,train
20260819_052345_NDNGEN,eval
20260819_052714_XXDLPZ,train
20260819_052715_JTBQNB,train
20260819_052805_MPKZZE,train
20260819_052840_MKBEPC,train
20260819_052858_GEHLFU,eval
20260819_053010_HXDNNW,train
20260819_053022_BHLBJR,train
20260819_053054_MTQTAF,train
20260819_053137_KXCDZY,train
20260819_053142_YHRRVF,eval
20260819_053202_AVBCGQ,train
20260819_053218_MNDUVL,train
20260819_053224_TXHDHD,train
20260819_053316_MYVERK,train
20260819_053553_MZGYVG,train
20260819_053707_FWZYZX,train
20260819_053752_BPELAN,eval
20260819_053835_RGCZAP,eval
20260819_053903_GEJMGS,train
20260819_053929_NNHGXJ,eval
20260819_054044_BKBJMM,train
20260819_054130_KVKDWW,eval
20260819_054350_DELSTS,train
20260819_054445_RMVVCJ,train
20260819_054522_DYELGM,train
20260819_054559_LFBYQB,train
20260819_054622_BDEPRN,train
20260819_054756_VJCSQH,train
20260819_054758_XXSWKS,train
20260819_054844_GDDZJL,train
20260819_054916_YHQYCA,eval
20260819_054931_TGWYKL,train
20260819_054938_ARKUTA,train
20260819_055006_PQSYZT,train
20260819_055342_DBTSMY,train
20260819_055516_BFSCLH,train
20260819_055608_MMTZSX,eval
20260819_055724_PKZHHC,train
20260819_060030_HNNHAG,train
20260819_060030_WUBVSG,train
20260819_060107_EJKDMS,train
20260819_060148_LAUNSF,eval
20260819_060335_KEHPAR,train
20260819_060356_CCANQK,eval
20260819_060404_PYRVNU,train
20260819_060505_LQVWRT,train
20260819_060506_RYNQVB,train
20260819_060714_RDMBYF,train
20260819_060758_KJMKBV,train
20260819_060829_AWTYEL,eval
20260819_061113_MCQPTC,train
20260819_061258_FEXELD,eval
20260819_061551_SFGLVY,train
20260819_061632_QRVWCQ,train
20260819_061649_WXNTVR,train
20260819_061718_LSSKTL,train
20260819_061722_PQJRVG,train
20260819_061828_ZMANQN,train
20260819_062555_NTLDZP,train
20260819_062654_PZCKTK,train
20260819_062858_MPWDEC,train
20260819_063002_EQGDDG,train
20260819_063022_ZVGSGR,train
20260819_063322_XMEQMP,train
20260819_063356_AZZHMQ,train
20260819_063420_CWPZMW,train
20260819_063421_GEKJVH,train
20260819_063636_YJXGEU,train
20260819_064048_QQREGE,train
20260819_064531_SQKHMM,train
20260819_064713_FTBBXL,train
20260819_064904_QJMYNG,eval
20260819_064944_PPXRWD,train
20260819_065046_HFAZVM,eval
20260819_065127_NVDUJE,eval
20260819_065443_QDUYQG,train
20260819_065513_GZYCQP,eval
20260819_065531_DGFANK,train
20260819_065541_FUZEHH,train
20260819_065553_PMYFSH,train
20260819_065619_ZLYPCL,train
20260819_065745_QWKZTL,train
20260819_065810_VTAWJN,eval
20260819_070235_UFQSGB,train
20260819_070327_ZGEQPP,train
20260819_070356_PCHKTU,train
20260819_070454_ACQMWH,train
20260819_070532_WXDBTH,train
20260819_070655_TJUNEV,eval
20260819_070716_LLDGJZ,train
20260819_070759_RUQNES,train
20260819_071415_CNVKNZ,train
20260819_071623_TSSNCY,eval
20260819_071654_DEGSQV,train
20260819_072151_MESKTL,train
20260819_072200_HMVMXJ,train
20260819_072407_RKUQHL,eval
20260819_072533_FNKYJD,eval
20260819_072708_QLJWZQ,train
20260819_072945_JJKFVJ,eval
20260819_073016_YYCEFN,train
20260819_073130_FVYKCQ,train
20260819_073321_AYURFE,train
20260819_073624_YNLBLN,eval
20260819_073731_PCLRTX,train
20260819_074702_PDMVNQ,train
20260819_074921_RUJMVJ,eval
20260819_074943_GEGCXB,train
20260819_075125_RWFNRM,train
20260819_075416_RBTCNQ,train
20260819_075430_SRBEQE,train
20260819_075604_DFPVGM,train
20260819_075911_YFAFEX,eval
20260819_080512_TBKTVU,train
20260819_080704_LRCTDD,train
20260819_081215_KPHURC,train
20260819_081329_SSBMFV,eval
20260819_081405_RCGFFX,train
20260819_081621_ZLKEYT,train
20260819_082145_BPBUVC,train
20260819_082213_XJKMEX,train
20260819_082602_FQYGBJ,train
20260819_082810_SBUQZY,train
20260819_083019_VKTPKZ,train
20260819_083156_GMXJUQ,train
20260819_083650_XTGYXN,eval
20260819_083720_LYCJZN,train
20260819_084056_YTXLQS,train
20260819_084237_PBQXNK,train
20260819_084409_CAGUPB,train
20260819_084431_QZGRMF,train
20260819_084534_EANAND,train
20260819_085203_GNAWBY,train
20260819_085644_JRNJTP,train
20260819_085906_CYLRHB,train
20260819_090208_AYCJSV,eval
20260819_090412_QWHRXM,eval
20260819_091156_NPPJAN,train
20260819_091559_CCKQYL,train
20260819_091704_AWZZPA,train
20260819_093436_PWDKMA,eval
20260819_093759_UARXSW,train
20260819_093805_NYYHRR,eval
20260819_093857_KLKJFS,train
20260819_093914_QUNDWP,train
20260819_094146_APDNES,train
20260819_094150_CYEXVP,eval
20260819_095323_FBMRRL,train
20260819_095356_WRYRJC,train
20260819_095402_HCNNYY,train
20260819_095714_LKYJBK,train
20260819_100228_BKBBLG,train
20260819_100953_CFWDZL,train
20260819_101028_ZLQUKR,train
20260819_101448_SYRAQG,train
20260819_101620_CZJUGL,train
20260819_102553_LLQWKS,eval
20260819_103046_HVRMDX,train
20260819_104437_QXFLUT,train
20260819_104545_WTCJQV,train
20260819_104716_BDBXEA,eval
20260819_105116_QJCRAS,train
20260819_105319_AZKWML,train
20260819_110153_YDENTZ,train
20260819_110912_DSZCMJ,train
20260819_111202_QRQEDM,train
20260819_111626_SRJYNR,train
20260819_112013_FXGXBH,train
20260819_112341_EXLPUS,train
20260819_113957_NVZTYX,train
20260819_120102_PGVFPV,train
20260819_120128_JXSHNS,train
20260819_121102_PAMBFD,train
20260819_122601_XSNHNG,train
20260819_122851_NASGEQ,train
20260819_123013_ZTFGFW,train
20260819_124636_MSAEXW,train
20260819_125105_EBUFBH,train
20260819_125951_UNCHRP,train
20260819_130226_BVGEKN,train
20260819_131249_PQFRTS,train
20260819_131301_EFQGQR,train
20260819_135005_FPMZTZ,train
20260819_135754_DBGZTJ,train
20260819_140934_FHYULP,train
20260819_142025_PCVQJD,eval
20260819_142707_SHQRGP,eval
20260819_142744_XLWTWG,train
20260819_143532_UUUFAA,eval
20260819_144519_UWFXYK,train
20260819_153304_XUWJVV,train
20260819_154505_EUKXWF,eval
20260819_161623_ARAHFX,train
20260819_162612_KNDPHA,train
20260819_223010_ADADKR,eval
20260819_232319_QFKVYU,train
20260819_232453_MCSLBP,train
20260819_233528_QNLQNB,eval
20260819_233604_EMZAWQ,train
20260819_233649_XPLXWM,train
20260819_233952_WENJKY,eval
20260819_233957_AJMYQU,train
20260819_234555_YLUXPH,train
20260819_234625_TSWQGX,train
20260819_235621_CJKFAB,eval
20260820_000156_PXJTKQ,train
20260820_000407_TDCUGL,train
20260820_000742_TVJPLK,train
20260820_001024_FPTUNZ,train
20260820_001046_AMRRPW,train
20260820_001139_UNQUZC,train
20260820_001209_ZGPBEZ,train
20260820_001318_PKVWNL,train
20260820_001327_MBFUAB,train
20260820_001600_AQLJSD,train
20260820_001759_VVXPTC,train
20260820_002047_LBLYLX,train
20260820_002121_WJAGMY,train
20260820_002420_RBYDXK,train
20260820_002738_XJQGMK,train
20260820_002820_NFLNCZ,train
20260820_003009_RAPLSW,train
20260820_003015_JEMEEH,eval
20260820_003017_CMUREH,train
20260820_003038_KELMDF,train
20260820_003046_AKDJAD,train
20260820_003257_WCKZHT,train
20260820_003305_PLEHWL,eval
20260820_003449_KQQQZH,train
20260820_003459_EVPXDA,train
20260820_003459_ZZWZAD,train
20260820_003704_FTGPEW,eval
20260820_003728_NXSWNX,train
20260820_003817_XUFZVQ,train
20260820_004454_CTQXPZ,train
20260820_004632_NZWWUH,train
20260820_004943_TSBQLQ,train
20260820_005035_SHUMBX,eval
20260820_005048_ENVYSM,train
20260820_005114_AFDQHM,train
20260820_005129_EMEEEX,train
20260820_005218_NNYMYK,train
20260820_005232_FSEBXX,train
20260820_005232_KRRREE,train
20260820_005308_GNWZZM,train
20260820_005425_DAYXEE,train
20260820_005710_XPNGJH,train
20260820_005712_LGWCSE,eval
20260820_005856_ZACGVW,train
20260820_005901_JMVJDH,train
20260820_005921_QJJQCK,train
20260820_005954_VMMFZW,train
20260820_010033_QSZLGW,eval
20260820_010158_SCMWHG,train
20260820_010618_EFFYXL,train
20260820_010643_LPZHMH,train
20260820_010814_BJEZNZ,train
20260820_010818_ELDUZH,eval
20260820_010821_GYZMGV,train
20260820_010856_KRUXAT,eval
20260820_011042_NYWHHC,train
20260820_011059_QKUABC,train
20260820_011244_KZZLKL,train
20260820_011328_YZNZGV,train
20260820_011504_YSXTZX,train
20260820_011545_ERCFYC,eval
20260820_011846_EUMTDF,train
20260820_012014_AWUFES,train
20260820_012206_NSQGQP,eval
20260820_012234_HUBWJB,eval
20260820_012604_FSFBAS,eval
20260820_012704_EVCYWK,train
20260820_012737_MKHQQV,train
20260820_014031_BUHLKM,eval
20260820_014129_VWGCEQ,train
20260820_014420_FEEAVF,train
20260820_014444_SWZTYP,train
20260820_014629_FKAJEE,train
20260820_014721_NXBBDV,eval
20260820_015102_PAUYXK,eval
20260820_015106_KYMESB,train
20260820_015109_LLZSKT,eval
20260820_015420_GEGXJR,train
20260820_015858_NRFSFE,train
20260820_015914_REQLQT,train
20260820_020323_NCQSHA,train
20260820_020647_ZGZTXE,train
20260820_020737_TQTPSZ,train
20260820_020854_GFVSBB,train
20260820_020920_JNCUWY,eval
20260820_021440_SCSCXR,train
20260820_021459_NMKWLY,train
20260820_021500_VBVSQA,train
20260820_021544_BDDFZK,train
20260820_022218_CYXEJQ,train
20260820_022554_UFKCRE,train
20260820_022749_LFKCFW,train
20260820_022827_CUFGXZ,train
20260820_022912_XYJCUW,eval
20260820_022940_CGCBUG,train
20260820_023307_GXYBPR,eval
20260820_023354_EFPTFJ,train
20260820_023547_DTZHSB,train
20260820_023946_RUKFLD,train
20260820_024124_GCGPEE,train
20260820_024357_AJWWZZ,train
20260820_024414_URSSWU,train
20260820_024627_GDBQQH,train
20260820_024714_LWCXNN,train
20260820_024851_NAAMQK,train
20260820_024859_ENNGNV,eval
20260820_025101_PCGBVY,train
20260820_025152_WVQPAF,train
20260820_025239_BXXCHC,train
20260820_025802_NFUUJN,train
20260820_030531_DYASNY,train
20260820_030956_YJVHUL,train
20260820_031036_QYQAGJ,train
20260820_031245_LDPYVJ,train
20260820_032313_ZAWWBM,eval
20260820_032629_FUQAVY,eval
20260820_033359_PMGYXB,train
20260820_033407_GSMKFM,train
20260820_033537_MJAZUA,train
20260820_034640_HNKXJW,train
20260820_034907_REFYXZ,eval
20260820_035633_NQMTAF,train
20260820_035803_TJQRNZ,train
20260820_035910_NTNCSG,train
20260820_040112_QYVWSV,train
20260820_040250_MRSRMW,train
20260820_040256_LHEHNP,eval
20260820_040456_GGWWVR,train
20260820_040812_KZHRNL,train
20260820_040829_BWLHDU,train
20260820_041010_KPAFGP,train
20260820_041220_TYNXLB,train
20260820_041319_CLNBLK,train
20260820_041337_GABKAT,train
20260820_041528_ZCWYBM,train
20260820_042042_JZFGRE,train
20260820_042237_WDMUDD,train
20260820_042358_BYWUUN,eval
20260820_042625_PWBWYM,train
20260820_042708_YBYDCT,train
20260820_043656_JJAZFU,train
20260820_043736_VTMBVF,eval
20260820_043743_ZGPLUZ,train
20260820_043823_PSCHZD,train
20260820_043857_TEJTAY,train
20260820_044645_HYRKNB,train
20260820_045439_QRNBGW,train
20260820_045551_AVDAED,train
20260820_045611_AJCTAF,train
20260820_050118_FELGTX,train
20260820_050127_UTJFGQ,train
20260820_050142_CTPTQW,train
20260820_050414_ADRLUL,train
20260820_050933_UDJSFM,train
20260820_051033_MMTRQN,train
20260820_051045_TXNPMD,eval
20260820_051139_AJKPDW,eval
20260820_051149_MMLDRT,train
20260820_051150_FFVMKG,train
20260820_051251_TPZAMV,eval
20260820_051603_VCMXZE,train
20260820_052042_DFYUAH,train
20260820_052052_VRPJJN,train
20260820_052217_DWSBSB,train
20260820_052225_HXNRHE,train
20260820_052255_DBFVXM,train
20260820_052538_GCFTCC,train
20260820_052805_JXTMNK,eval
20260820_053149_JYHLCV,train
20260820_053201_TXLFME,train
20260820_053430_PLGFKR,train
20260820_053449_LLEAQL,train
20260820_053616_QMGWDG,train
20260820_053626_CHWHUR,train
20260820_053703_CKUEFZ,train
20260820_053803_VTMUKG,train
20260820_053809_CUPXLU,eval
20260820_053840_RQYKDF,train
20260820_054105_DQJKYV,train
20260820_054448_HELEWD,eval
20260820_054548_NWFVFE,train
20260820_054611_XWDJBJ,train
20260820_054735_DBNXVH,train
20260820_054802_HHWKYB,train
20260820_054828_WHLTJT,train
20260820_055110_LSNCAE,train
20260820_055130_YGNALD,train
20260820_055455_XPBHLH,train
20260820_055908_HBZZEH,train
20260820_055917_QXTTUA,train
20260820_060023_CPAPHN,train
20260820_060228_ACGYZR,train
20260820_060403_JYYGTB,train
20260820_060633_TBPRER,train
20260820_060832_VPAVPL,eval
20260820_060930_YZCAET,eval
20260820_061153_GGDVTK,eval
20260820_061556_DDCMUJ,eval
20260820_062341_NLVQJU,eval
20260820_062701_NRXNRT,train
20260820_062714_HENGXY,train
20260820_062717_CHBLHY,train
20260820_062726_KDTCQN,train
20260820_062811_JSCJAR,train
20260820_062824_HNJMLR,train
20260820_063003_HKWBQS,train
20260820_063132_KNUULK,train
20260820_063211_MGRKPS,eval
20260820_063310_KWEJPZ,train
20260820_063458_VULUBL,train
20260820_063751_KHAGGF,eval
20260820_064033_YMUMYJ,train
20260820_064332_DUVFZD,train
20260820_064426_CDQPTQ,train
20260820_064548_VSYCPM,eval
20260820_064955_FSPYBY,train
20260820_065515_CVAPEL,train
20260820_065542_VSDZLS,eval
20260820_065808_UBTBTR,train
20260820_065958_FHFCBZ,train
20260820_070107_AZYYBJ,eval
20260820_070319_PUDKYX,train
20260820_070412_FDZUUB,train
20260820_070743_HPYAUL,train
20260820_071403_KLKQZN,train
20260820_072234_TTCDFR,train
20260820_072721_QHDDFU,train
20260820_072949_QFRMZX,train
20260820_073031_WMYRRY,train
20260820_073202_VAPTHY,train
20260820_074300_GFUCTM,train
20260820_075338_NCRHKZ,train
20260820_075654_CRQEPX,train
20260820_075700_RACRSW,train
20260820_075756_GSQAGT,train
20260820_075941_RWXVKG,train
20260820_075957_QBCTXR,train
20260820_080009_WAHBBV,eval
20260820_080058_RJXHCH,train
20260820_080159_NLGUPM,eval
20260820_080304_SWFMRP,train
20260820_080329_VYDSNA,eval
20260820_080336_LMNAWS,train
20260820_080339_RKVQLH,train
20260820_080531_YEBFTQ,train
20260820_080536_SGXNZD,eval
20260820_081310_UAMBXY,train
20260820_081329_JLAMRQ,train
20260820_081341_YYGUUD,train
20260820_081432_UHDVCB,train
20260820_081618_CKGHVY,train
20260820_081626_ZLVHDX,train
20260820_081639_ULFGVP,train
20260820_081951_XUPWEC,eval
20260820_082027_QTYSQY,train
20260820_082158_JTVHNR,train
20260820_082411_TCXXDK,eval
20260820_082553_NSRYFB,train
20260820_082914_BXRUKD,train
20260820_083325_FMVXGD,train
20260820_083422_EFAJJM,train
20260820_083642_ZXDLLK,train
20260820_083658_LZYKMY,train
20260820_083826_QPPQLQ,eval
20260820_083909_VDVHSN,eval
20260820_084113_LWUMCV,train
20260820_084202_DBDKAA,train
20260820_084312_NZQECG,train
20260820_084703_DSHKUJ,train
20260820_084806_MXTJTE,train
20260820_084833_TRQZFW,eval
20260820_085554_HYFHAX,train
20260820_085916_JESCUS,train
20260820_090052_FSBKVD,train
20260820_090454_DBUQLH,train
20260820_090619_JNJWUM,train
20260820_090718_EMEXVK,eval
20260820_090728_PJJDNH,train
20260820_091044_XSKJRT,train
20260820_091427_VWFVGV,train
20260820_091635_ZBVHFW,train
20260820_091856_LFRDFA,train
20260820_092100_SRMEMB,train
20260820_092139_ULAELE,eval
20260820_093234_TXPNCR,train
20260820_093635_EDNKKL,train
20260820_093651_VELYQL,eval
20260820_094436_XFLGNL,train
20260820_095028_WBYKGG,eval
20260820_095652_HCYFAZ,eval
20260820_095759_YDKSXH,train
20260820_095905_YFYVQG,train
20260820_100141_SKJBXF,eval
20260820_100459_ATAQVP,train
20260820_100527_RGDXZT,train
20260820_100607_DZKAJT,train
20260820_100739_VTDHDV,train
20260820_100849_QWXKUE,train
20260820_101047_JZQZWW,train
20260820_101228_QPYHPU,train
20260820_102103_XRRMBK,eval
20260820_102815_ALANXT,train
20260820_103153_THKCVH,eval
20260820_103314_MJCJGG,train
20260820_103417_MGHGXB,train
20260820_104100_NTPUXG,train
20260820_104236_MTXWTP,eval
20260820_104739_FFJQBS,eval
20260820_105155_WMGNJS,train
20260820_105309_MVDDAF,train
20260820_110235_RNVZXV,train
20260820_110633_XRDUZH,train
20260820_111137_GPTADE,train
20260820_111852_RXMYTD,train
20260820_112406_KNQCXL,train
20260820_112609_MRVESW,train
20260820_112833_SLAUBG,train
20260820_113230_LYCMNQ,train
20260820_113240_RXYZHR,eval
20260820_113501_BPUKTJ,train
20260820_114357_AALYDU,train
20260820_115139_EWVNHS,train
20260820_115755_JGKDQX,eval
20260820_120039_ZYVNMA,train
20260820_120556_YZLYTY,train
20260820_121858_UPSNJD,eval
20260820_121958_RBXWVY,train
20260820_122414_LHJGDF,eval
20260820_122925_TRHHAQ,eval
20260820_123437_HXYJKA,train
20260820_124618_NZHDPH,train
20260820_125733_DRLMAX,train
20260820_134415_QSLWBD,train
20260820_135940_PLXVQD,train
20260820_140949_XPXJPF,train
20260820_141436_KZRPMW,eval
20260820_144405_XJFDWA,train
20260820_150255_TLDCDZ,train
20260820_150427_WVAWMN,train
20260820_151233_FFAJUJ,train
20260820_153044_LDWMYH,train
20260820_155046_THGJFV,eval
20260820_163848_RDNEAY,train
20260820_221454_ARMLVV,train
20260820_225125_MCEEYR,train
20260820_231159_WTLVWY,train
20260820_231816_RJNLEW,train
20260820_232457_AFNZCY,train
20260820_232551_VCNGCM,train
20260820_233819_GNBMQJ,train
20260820_234034_EFCMHN,eval
20260820_234801_LRPTJC,train
20260820_235004_LHZELY,train
20260820_235121_TBNJZV,eval
20260820_235217_JMZDHM,train
20260820_235443_AHLGDA,train
20260820_235701_JWEBAE,train
20260820_235747_WQBCCB,train
20260821_000218_WRHTZM,train
20260821_000334_BXDRPG,train
20260821_000414_QZRCGM,train
20260821_000439_DAQQPU,train
20260821_000443_XYVGBJ,train
20260821_000450_CARNND,train
20260821_000618_KDRWYX,eval
20260821_000714_WLFFNM,train
20260821_000956_HQVFXD,train
20260821_001011_KFFKPE,train
20260821_001106_GWAJHL,train
20260821_001517_PHUMYG,train
20260821_001604_WSAZVW,eval
20260821_001728_XJPCJA,train
20260821_001731_LAPHVA,train
20260821_002121_SXVGVW,eval
20260821_002438_EBDCDJ,train
20260821_002509_KRHKCK,train
20260821_002634_JVFGEF,eval
20260821_002651_XBKHUL,train
20260821_002841_NAVZMU,train
20260821_002912_MCWYGJ,train
20260821_003009_JFNNDN,train
20260821_003121_YKPLYE,train
20260821_003131_XNFAMZ,eval
20260821_003142_ZKCGEP,eval
20260821_003324_PJCLLL,eval
20260821_003419_VPFKPE,train
20260821_003430_VFZAVM,train
20260821_003458_BFBPKK,train
20260821_003525_BZJUMQ,train
20260821_003602_JZWVHQ,train
20260821_003642_EHRMNC,train
20260821_003658_XRHMEP,train
20260821_003711_TYWJVE,train
20260821_004101_LLKRYQ,train
20260821_004250_JBNTFP,train
20260821_004301_AZJNVZ,train
20260821_004340_GHKREU,train
20260821_004341_UCNFHN,train
20260821_004437_JXUECT,eval
20260821_004558_DUGTTY,eval
20260821_004850_DQMXUG,train
20260821_004918_DUZQBH,train
20260821_005120_REDKQP,train
20260821_005839_KQKLPE,train
20260821_005900_WVHTJE,train
20260821_005932_XMYDNC,train
20260821_010123_UWQQSJ,train
20260821_010154_UZJDVD,train
20260821_010203_FWGCNY,train
20260821_010327_XQPATG,train
20260821_010416_LQSNZX,train
20260821_010518_TMFCAX,train
20260821_010527_QZTAZH,train
20260821_010607_GNNLMX,train
20260821_010707_GWTCLE,train
20260821_010915_DVRBTR,train
20260821_011233_CGHTQS,eval
20260821_011339_FSVBMN,eval
20260821_011450_SXNXWD,eval
20260821_011455_HMBRPE,train
20260821_011620_HZYSHE,train
20260821_011640_ZYHMYH,eval
20260821_011834_TUMCNT,train
20260821_011849_TXHQTR,train
20260821_011919_BZELCH,eval
20260821_012004_DYGPRS,eval
20260821_012059_YWYFBL,eval
20260821_012142_NAZVEJ,eval
20260821_012201_TXMJRJ,train
20260821_012327_TRQMGK,train
20260821_012333_EFSHAZ,train
20260821_012721_TRPWRP,train
20260821_012824_VXGKYD,train
20260821_013507_KLWGUL,train
20260821_013757_GTBEGE,train
20260821_013914_UASZVS,train
20260821_014116_WSZWKL,train
20260821_014124_YWYSWF,train
20260821_014612_CZJAEM,train
20260821_014640_HLFFWB,train
20260821_014747_AXGYCM,eval
20260821_014800_VSNGSU,train
20260821_014843_DPLZWL,eval
20260821_015121_QYTMVK,eval
20260821_015643_GTTEBB,train
20260821_015831_PUUMHD,eval
20260821_020055_XJBVTD,eval
20260821_020205_YWFUBM,train
20260821_020218_JCSUYT,train
20260821_020421_TGXAJP,eval
20260821_020548_YZUXAT,train
20260821_020931_AVYJBE,train
20260821_021209_CZXVZV,eval
20260821_021443_VXHKAG,train
20260821_021529_MNZKLM,train
20260821_021643_JMCRBG,train
20260821_021733_EQHLHB,train
20260821_021734_TDJYWM,eval
20260821_021932_AENGSF,train
20260821_022049_BGNLDB,eval
20260821_022049_WKDABP,train
20260821_022056_TGJWSV,eval
20260821_022214_WXXFHE,train
20260821_022334_KGJZEE,eval
20260821_022351_VMJRNG,eval
20260821_023024_DMGXNS,train
20260821_023348_KDUQNP,train
20260821_023507_VQDQDH,train
20260821_023513_EBKTBM,eval
20260821_023612_DWSLLU,train
20260821_023823_FPUTDU,train
20260821_023938_GZTPFV,train
20260821_024248_DXDBFK,train
20260821_024310_FNVXTV,eval
20260821_024343_ZZKMRB,train
20260821_024526_NSTBJM,train
20260821_024550_QTARNJ,train
20260821_024607_BVSVNX,train
20260821_025001_VARTRF,train
20260821_025201_WZATLC,train
20260821_025518_GHWQYM,train
20260821_025559_STQFHT,train
20260821_030706_BMLDYF,train
20260821_030905_WZFXKF,train
20260821_031154_WLPXJY,train
20260821_031534_AKZBNW,train
20260821_031623_CRFWTK,train
20260821_032650_ZJETLE,train
20260821_032852_ZPEMFZ,train
20260821_033228_ADYWFV,train
20260821_033234_BAJBUS,eval
20260821_033311_BDFJVD,train
20260821_033417_RCBWWG,eval
20260821_033616_VRYKGD,train
20260821_034124_DQMUSD,train
20260821_034516_LBQZAL,train
20260821_034650_RRQKVY,eval
20260821_035003_KACPVP,train
20260821_035338_SRPNEQ,train
20260821_035544_KBSMQY,train
20260821_035819_CUVXKK,train
20260821_035914_UQTNDD,train
20260821_040037_QPKHDU,train
20260821_040524_QSCKAL,eval
20260821_040847_CTYFGP,train
20260821_040951_HYYTTH,train
20260821_041012_BUQRPW,train
20260821_041442_ATAXUQ,train
20260821_041907_HMMPQY,train
20260821_042046_EPPAZY,train
20260821_043059_NHLKPQ,train
20260821_043220_VSEFBJ,train
20260821_043758_QBNZTF,train
20260821_044311_SYTKKZ,train
20260821_044353_JEWBTZ,eval
20260821_044556_JMRYNT,train
20260821_044630_GEMAYV,train
20260821_045047_TBYSLE,train
20260821_045813_YWSKQX,eval
20260821_045946_YUHBFH,eval
20260821_050151_NFJJCS,train
20260821_050225_ZZFULJ,train
20260821_050232_WVRNGS,train
20260821_050310_JENBQN,train
20260821_050411_ARUWTJ,train
20260821_050745_GZXQSL,train
20260821_050817_XMMHYH,train
20260821_050839_BSVMQS,eval
20260821_050943_AXLPPU,train
20260821_051008_JXLPYB,train
20260821_051438_HQPLKS,eval
20260821_051629_QKLRLA,train
20260821_051723_DZXPWY,train
20260821_051940_SLCYSG,train
20260821_051949_EWLVMR,train
20260821_052006_MWXNJR,train
20260821_052030_PGQNMJ,train
20260821_052133_SSVRMA,train
20260821_052203_AFYYHY,train
20260821_052316_SBWRZE,train
20260821_052650_CNDHVC,eval
20260821_052711_CWRJDR,train
20260821_052827_EVRARW,train
20260821_052905_PQMYSB,train
20260821_053019_LEYVMB,train
20260821_053042_NUHXFN,train
20260821_053221_BGYQBV,train
20260821_053321_JJLQDL,train
20260821_053501_JPKMMY,train
20260821_053519_HMDBNN,train
20260821_053621_HGBZZA,train
20260821_053716_YLYRLU,train
20260821_053738_MTEHMX,train
20260821_053815_SDCAWY,train
20260821_053836_KPPRZJ,train
20260821_054108_NXVMGR,train
20260821_054209_UTNEMZ,eval
20260821_054303_YNLBPK,eval
20260821_054426_MVSVXU,train
20260821_054428_BWLCKG,train
20260821_054549_GLMFCY,train
20260821_054650_NPDEQX,train
20260821_054706_HEMXZH,eval
20260821_054723_EJEGWR,train
20260821_054834_UMVXWQ,eval
20260821_054849_DERJVL,eval
20260821_054936_HRRLNH,train
20260821_054938_KVYCQE,train
20260821_055008_SYYXAJ,train
20260821_055036_VKXEWM,train
20260821_055148_QZSNRK,train
20260821_055228_GURPRP,train
20260821_055234_JERAZM,train
20260821_055344_TVEVUW,train
20260821_055404_TLYCYW,train
20260821_055406_GTHRCW,train
20260821_055427_CYDPLU,eval
20260821_055438_NGJZAQ,eval
20260821_055620_YNLYQZ,train
20260821_055722_NQDDUZ,train
20260821_055739_TBGNGP,train
20260821_055746_NKNMVZ,train
20260821_055758_ABXTSX,train
20260821_055916_LZJNWB,train
20260821_055919_QLYTZY,eval
20260821_055938_NMTGXZ,train
20260821_060110_YMMUJD,train
20260821_060229_NLJNCJ,train
20260821_060353_ATPLWD,train
20260821_060458_ALTAUF,train
20260821_060502_KCGTSH,train
20260821_060509_HLDTUP,train
20260821_060553_LNBETF,train
20260821_060639_URARAJ,train
20260821_060655_ZWNVVV,eval
20260821_061118_BEQENF,train
20260821_061223_MSNRPD,train
20260821_061454_HLXQNA,train
20260821_061526_XXXXKT,train
20260821_062238_MJUTXM,eval
20260821_062320_DSNRXF,eval
20260821_062326_RYYTHP,train
20260821_062414_JPFENK,train
20260821_062524_NGRCCF,train
20260821_062639_CTBBZB,train
20260821_063252_QETSMS,train
20260821_063304_VYSMPW,train
20260821_063534_BVMUCH,train
20260821_063538_EGLBYS,train
20260821_063909_FRJYWF,train
20260821_063937_UGHNHH,train
20260821_063950_CEPFCM,eval
20260821_064046_RXVPNU,train
20260821_064332_YAPBTM,train
20260821_064444_NFVNKW,train
20260821_064536_YVUULK,train
20260821_064844_YPSEJB,train
20260821_064853_PAZKXA,train
20260821_065008_VPAKHS,train
20260821_065012_RHARPG,train
20260821_065028_SEGBWU,train
20260821_065342_FJDRGU,train
20260821_065346_SQTCJV,train
20260821_065418_RUFWPV,train
20260821_065516_TZLTCG,eval
20260821_065551_GSEAUU,train
20260821_065630_QFGCRJ,train
20260821_065750_CAWZEA,eval
20260821_065856_BJNPFU,train
20260821_065955_XUCJPE,train
20260821_070052_JQFZSN,train
20260821_070111_UVMNLY,train
20260821_070602_MZSXTJ,train
20260821_070709_PMTVYP,eval
20260821_070909_LSLHFR,train
20260821_071023_UBHJYJ,train
20260821_071140_HTSMVW,train
20260821_071730_TVMJVA,eval
20260821_071842_FZQMVF,train
20260821_071914_VHLYVN,train
20260821_072144_AYGQXR,train
20260821_072425_CCFLNR,train
20260821_072932_DEUEVY,train
20260821_072939_KLNCMZ,train
20260821_073236_CCFZHA,train
20260821_073447_ASPTZL,eval
20260821_073552_GMYMQC,train
20260821_073733_CTBWDK,train
20260821_074125_DEMTTA,train
20260821_074132_CCDLJB,train
20260821_074327_URPBHF,train
20260821_074629_RYQUHG,train
20260821_074630_UPCMJH,train
20260821_074641_BVTXPZ,train
20260821_074908_LARUFM,train
20260821_075356_FXRBBY,train
20260821_075500_SCGCMG,train
20260821_075553_ZQMVAJ,eval
20260821_075613_NHTHNA,train
20260821_075642_XDZSAV,train
20260821_075812_BKEJXR,train
20260821_080009_LUQLCZ,train
20260821_080702_WYESAG,train
20260821_080815_ENHGJA,train
20260821_081012_UHSVGT,train
20260821_081443_ZRKPMA,train
20260821_081519_GTRCJM,train
20260821_082124_HSTDZW,train
20260821_082929_SSWVYE,eval
20260821_083010_AUMSAU,train
20260821_083156_WTQRLJ,train
20260821_083246_HNKHPZ,train
20260821_083403_SQYTGT,train
20260821_083732_DYQPJD,train
20260821_084121_DGGAYX,train
20260821_084658_LFELNC,eval
20260821_084701_WWZHVU,eval
20260821_085052_AWJYLL,train
20260821_085856_APFUBK,train
20260821_090423_TLZNZL,train
20260821_090502_GSXWDT,train
20260821_090638_UATBGP,train
20260821_091828_PYNSVB,train
20260821_091834_FZWLMH,eval
20260821_091944_GWFWVT,train
20260821_092228_YFDSJU,train
20260821_092644_USZTDD,train
20260821_093439_EJMPAZ,train
20260821_094834_YDLFRZ,train
20260821_095926_TUEHVJ,eval
20260821_100922_QNKUTG,eval
20260821_102355_MASSUS,train
20260821_102925_LXFYJR,eval
20260821_103116_HKRDFJ,train
20260821_103724_ASUMTS,eval
20260821_104003_KZPHXQ,eval
20260821_104106_TUSHJG,train
20260821_104257_XLVGZJ,eval
20260821_105339_NNXQMM,train
20260821_105429_UVPUJG,train
20260821_111449_CYMHGW,train
20260821_111629_CLTBLG,train
20260821_111959_BTTYWA,train
20260821_112035_YZUHXS,eval
20260821_112515_SWNLDJ,train
20260821_112950_WKLJZX,eval
20260821_113109_UYLXKT,eval
20260821_113153_XPBPJC,train
20260821_113831_FSZSRZ,eval
20260821_114132_QCBBMA,train
20260821_122445_PRTUXN,train
20260821_122506_DVHHBS,train
20260821_122643_DTMXCK,eval
20260821_123112_BSNBBB,train
20260821_123543_CBPASB,train
20260821_130112_AJALER,eval
20260821_130725_HGDUVC,train
20260821_130730_YHEMZE,train
20260821_131845_UDPUKE,train
20260821_132853_EHAGKM,train
20260821_133342_PBVTZL,eval
20260821_134323_VWJRDH,train
20260821_140921_ANRVUL,train
20260821_141259_GMAVKJ,train
20260821_141954_JZNTNH,train
20260821_143211_WFNPQH,train
20260821_143656_CRXZJF,eval
20260821_145533_WYMRNY,eval
20260821_151821_KZVFCH,train
20260821_151834_EHJLUW,train
20260821_230135_RNDCFZ,eval
20260821_232959_LFDVXS,train
20260821_233134_MKZFZR,train
20260821_233611_MDCRMW,train
20260821_233820_ADMSZV,train
20260821_234944_YJSTFB,eval
20260821_235127_RNNFXD,train
20260821_235213_MQAUXP,train
20260821_235233_AWTQDE,train
20260821_235302_SWSYYE,train
20260821_235712_CNJZPJ,train
20260822_000300_JUECJG,train
20260822_000331_YQYGCZ,train
20260822_000533_TSNRXM,train
20260822_000734_ACPLSE,eval
20260822_000843_MRBCVK,train
20260822_000935_UYMPMV,train
20260822_001451_EBTSYK,train
20260822_001730_YMRRKZ,train
20260822_001930_LGNPHS,train
20260822_002011_UHUTLL,train
20260822_002238_KWXPNQ,eval
20260822_002534_FJFBWS,train
20260822_002544_BAFJFJ,train
20260822_002552_SWUJCV,eval
20260822_002713_VYCLKJ,train
20260822_003149_UWWLSB,train
20260822_003232_JBELYK,eval
20260822_003403_JEUJGZ,train
20260822_003416_QGATXJ,train
20260822_003458_MCAJJH,train
20260822_003615_BSQDQV,eval
20260822_003643_FNVJCG,train
20260822_003648_RJNNXX,train
20260822_003649_VMYNQG,train
20260822_003800_PJDBPU,train
20260822_003848_QRHKAP,train
20260822_003954_FJBVDT,train
20260822_004001_PZXXEB,train
20260822_004116_YPUVZD,train
20260822_004319_WNXCRG,eval
20260822_004447_PWPFLD,train
20260822_004737_HKRSFN,train
20260822_004923_ABHQUE,train
20260822_005158_QAWBYN,train
20260822_005205_BMAJRH,train
20260822_005242_WUAFCW,train
20260822_005808_KGAJDN,train
20260822_005911_RGAALT,train
20260822_010123_PUEZTE,train
20260822_010256_YPJKYT,train
20260822_010516_NXZZXP,train
20260822_010658_VTMREM,train
20260822_010734_BCYFKU,train
20260822_010958_UDXKHE,train
20260822_011348_YULNCR,train
20260822_011521_CJLNLE,train
20260822_011946_PMSYXV,train
20260822_012104_GLCEGS,train
20260822_012148_DPPCYC,train
20260822_012444_VUHYLX,train
20260822_012458_AZTBUX,eval
20260822_012608_MMQMSG,train
20260822_012842_DKDPDC,train
20260822_012905_HLEJVA,train
20260822_012913_CVNTJW,train
20260822_013009_FLHZLN,train
20260822_013245_HHMCMS,train
20260822_013314_SADXWM,train
20260822_013324_NEDYAL,train
20260822_013424_CUDFRZ,train
20260822_013625_QPHATR,train
20260822_013904_AKVPBD,eval
20260822_014006_NBWQJB,train
20260822_014035_TDHZBK,train
20260822_014124_MBPVAT,eval
20260822_014320_AZHSXR,train
20260822_014323_LUSGXH,train
20260822_014406_BDHCTB,train
20260822_014815_MPHZSA,train
20260822_014857_KAWRPY,train
20260822_015044_CNDSUT,train
20260822_015253_JZKGTK,eval
20260822_015533_VYDAQA,eval
20260822_015628_MRZNUT,train
20260822_015734_ZVWMLU,train
20260822_020231_MEJLSV,train
20260822_020631_UURCPC,train
20260822_020841_NHGSYU,eval
20260822_020919_XZYAJK,train
20260822_021452_FJYTFA,eval
20260822_021648_LJLMFU,train
20260822_021902_QQATEB,train
20260822_022201_AFXBTW,eval
20260822_022237_YZHXZX,train
20260822_022337_ANKQRB,train
20260822_023118_GSZFRG,train
20260822_023259_HSRQNT,train
20260822_023618_PLVAWC,train
20260822_024004_BZKMKN,train
20260822_024138_CCCUEQ,train
20260822_024326_XAGXPE,train
20260822_024510_HSVMCT,eval
20260822_024551_GVCPZN,train
20260822_024553_UHGSNQ,train
20260822_024707_QZXLGJ,train
20260822_025016_TRQMAW,train
20260822_025036_TUPGBM,train
20260822_025123_YDGJTN,train
20260822_025256_HBFUWE,train
20260822_025456_KCXADB,train
20260822_025511_NEUBTD,train
20260822_025512_ABDRCT,eval
20260822_025739_CPNFQT,eval
20260822_025919_RWDQPE,eval
20260822_030052_NFWATV,train
20260822_030210_QUFJPR,eval
20260822_030425_ECPTKG,train
20260822_030504_JURBMD,eval
20260822_030509_UKXTRM,train
20260822_030609_ZNEEFN,eval
20260822_031807_XBUPLA,train
20260822_032029_WRCNXL,eval
20260822_032339_KYBHBR,train
20260822_032701_SSWZCU,train
20260822_032749_TZHNCD,eval
20260822_032927_MURCGY,train
20260822_033131_CKBSYX,train
20260822_033539_PWMUAW,eval
20260822_033808_CXUHYF,train
20260822_033916_GYPUGJ,train
20260822_033925_XGVUSD,train
20260822_034119_YCJSSN,eval
20260822_034128_HJVNMM,train
20260822_034752_PPQWQK,train
20260822_034831_LTEJGF,eval
20260822_035130_ECVZEC,train
20260822_040233_DBAGUT,train
20260822_040438_QSWMRQ,eval
20260822_040449_AUASGP,train
20260822_040931_VDAAWT,train
20260822_041040_NRMGRD,train
20260822_041145_QJVXTR,train
20260822_041146_ZKPTDU,train
20260822_041345_BGJHCL,train
20260822_041427_UHLKSH,train
20260822_041646_RZVZCA,train
20260822_041840_WJPXHA,train
20260822_041900_RBCTSB,train
20260822_043225_GQTTMF,train
20260822_044143_FHPFAF,train
20260822_044204_DWSFBV,eval
20260822_044211_AEVXND,eval
20260822_044321_WEXVGB,train
20260822_044804_GBZFJY,train
20260822_045434_BFATJA,train
20260822_045542_MPPLSV,train
20260822_045804_BFAEKF,train
20260822_045805_FRNWXZ,train
20260822_045928_KPSABX,train
20260822_050014_WPJRZH,train
20260822_050143_WKGAAG,train
20260822_050441_JPLLZT,eval
20260822_050448_TMQMPH,eval
20260822_050652_RZJFTG,train
20260822_050700_NMLAYV,train
20260822_050711_NGDRSU,train
20260822_050715_VHZUTA,train
20260822_050816_ZVKHDJ,train
20260822_050820_XKYFYP,train
20260822_051101_CUJVGF,train
20260822_051222_QJKMXX,train
20260822_051437_XBFMGW,train
20260822_051559_EEJUQV,train
20260822_051648_XLGJPM,eval
20260822_051753_QQLCTD,train
20260822_051812_FLRBDV,eval
20260822_051817_UQYWHV,train
20260822_051925_MVBSNX,train
20260822_052135_KWRZUT,train
20260822_052448_ZMYPPH,eval
20260822_052622_SFWFEN,train
20260822_052825_GREGCJ,train
20260822_053027_EBBTZZ,train
20260822_053323_PELLHV,train
20260822_053430_TNUMDX,train
20260822_053440_ZLKQQW,train
20260822_053527_RWWEMU,train
20260822_053739_GNMYDW,train
20260822_053743_DLRMDJ,train
20260822_053834_KNGTDB,train
20260822_054000_AJYYJF,eval
20260822_054023_LYCRSB,train
20260822_054311_SYRUQW,train
20260822_055028_VUQHKM,train
20260822_055112_WVSWAY,train
20260822_055137_LDUJKZ,train
20260822_055148_XLJAUP,train
20260822_055304_GZEKGT,train
20260822_055643_GHLFXE,train
20260822_055759_FXCARL,train
20260822_055827_KZTZDT,train
20260822_060216_KDRAXH,train
20260822_060332_SELNVJ,eval
20260822_060357_VNGGQX,eval
20260822_060426_ATRPVM,train
20260822_060512_UDVSPK,train
20260822_060525_VKULNC,train
20260822_061441_KUTMVF,train
20260822_061447_VRGVUY,train
20260822_061531_XFJEPH,eval
20260822_061543_JAUMED,train
20260822_061648_PWNAAL,train
20260822_061852_RCWVKJ,train
20260822_061953_MYULAR,train
20260822_062106_PYNFWS,train
20260822_062140_WMKWQP,train
20260822_062523_QSBYCE,train
20260822_062608_CZQNJY,train
20260822_062636_VABFCU,train
20260822_062703_CHDNYV,train
20260822_062820_FUJJCY,eval
20260822_063312_FNEEAR,train
20260822_063411_AXQEKZ,train
20260822_063718_GUPVAR,train
20260822_063718_WEWDPA,train
20260822_063911_SAUDJS,train
20260822_063934_KVLHQU,train
20260822_065228_HZKLWL,train
20260822_065530_HMWFBD,train
20260822_065532_KWLNDP,train
20260822_065659_PNJKBC,train
20260822_065808_ZHZJWZ,eval
20260822_065835_KRUSKD,train
20260822_070227_YDPEKS,train
20260822_070309_YPEHJY,train
20260822_070346_HCAKXR,train
20260822_070438_UAKPDV,train
20260822_071014_HYNPAP,train
20260822_071016_SEWVQX,train
20260822_071043_GUJPKZ,train
20260822_071110_VVPDCX,train
20260822_071531_KXJZWB,train
20260822_071611_GLVQBN,train
20260822_071700_XVMKMS,train
20260822_072330_NWNCKT,train
20260822_072406_GUJDWR,train
20260822_072458_TKJLAW,train
20260822_073251_BJRWCT,train
20260822_073404_DMAHUR,train
20260822_073605_LZGDSQ,train
20260822_073652_CXJQUQ,eval
20260822_073848_KKJFWN,train
20260822_074254_ADZDRY,train
20260822_074739_URDWYQ,train
20260822_075237_UTHGXL,train
20260822_075303_LFGPMU,eval
20260822_075310_KRRYKA,train
20260822_075418_UAXUWQ,train
20260822_075437_NLUMMT,train
20260822_075438_VVTWDU,train
20260822_075523_TKFQZY,train
20260822_075715_UTXHWV,train
20260822_080006_BHPEZU,train
20260822_080634_QHKCFP,eval
20260822_081018_XMMSPN,train
20260822_081131_KXSAZM,train
20260822_081703_JGREPJ,train
20260822_082017_XTLDTE,train
20260822_082237_XSVMUV,train
20260822_083000_FMFYXK,eval
20260822_083136_GQWBRH,train
20260822_083413_CLSZZV,train
20260822_083524_CHJAPT,train
20260822_083743_WGWHVE,train
20260822_084535_RCXNVH,train
20260822_084741_KMHMRV,eval
20260822_084939_VAXVYX,train
20260822_085202_LBBDHK,train
20260822_085512_AXSBBJ,eval
20260822_085551_KQAPGZ,train
20260822_090048_XXMXBA,eval
20260822_090054_QNEFDY,train
20260822_090238_FHWYAZ,train
20260822_090907_GMYTDY,eval
20260822_091100_MKSSHV,train
20260822_091550_VAVYKV,eval
20260822_091658_ULYHCR,train
20260822_091825_EMVGGN,train
20260822_091947_RJMDBR,train
20260822_092139_EARATX,train
20260822_092142_WWHURQ,train
20260822_092147_KKPNEP,train
20260822_092348_FFGPLD,train
20260822_093213_QQQMZU,eval
20260822_093217_CETFEE,train
20260822_093949_UQGVCQ,train
20260822_094220_RNQSEJ,train
20260822_094648_NXGWFT,eval
20260822_094951_NBLHTV,train
20260822_095302_ACXVZW,train
20260822_102007_PWQZRF,train
20260822_102150_KWPFRM,eval
20260822_102915_NHTFBF,train
20260822_103743_SKBAZW,train
20260822_104005_XTNRPT,train
20260822_104327_CXSUPM,train
20260822_104518_NTGYPP,train
20260822_104534_XGPJHX,train
20260822_104718_GYSCXJ,eval
20260822_105012_YWYMPE,train
20260822_111232_EGSJMK,train
20260822_111651_GFKQHP,train
20260822_112229_QAQHJQ,eval
20260822_112718_NZVSLZ,train
20260822_112848_VSNPQK,train
20260822_113553_LFHDRG,train
20260822_115548_SLVHTW,eval
20260822_115755_KFTNGP,eval
20260822_121158_KHSRXZ,train
20260822_121319_LXNZMC,train
20260822_121745_UZFKSW,train
20260822_121914_KDLMEB,train
20260822_122811_TLTWSB,eval
20260822_123246_SLQQQU,train
20260822_124449_NJJSSG,train
20260822_130212_VENTKQ,train
20260822_131633_EYFKUN,train
20260822_133646_WJVTRP,train
20260822_134555_UFYLYV,train
20260822_134748_XCZHGA,train
20260822_135815_GNTHAC,eval
20260822_141803_MARLAP,train
20260822_142232_BDZVRW,train
20260822_150252_HLJPQU,train
20260822_151002_QFGXQK,eval
20260822_151647_ZVMEQQ,train
20260822_155922_WMLGTE,train
20260822_162818_XDDDBJ,train
20260822_170401_JCUEWJ,eval
20260822_231453_DELDJR,train
20260822_231734_MZNCYL,train
20260822_231750_FATTSH,train
20260822_233512_HJUNYD,train
20260822_233643_BTJEAR,train
20260822_234603_WTPFUF,train
20260822_234921_CZHPTU,train
20260822_235250_QLJQAD,train
20260822_235954_MFATTK,eval
20260823_000449_ZDQQQL,train
20260823_000451_JHMCKJ,train
20260823_000516_LUQUDC,train
20260823_000532_QRUFDR,train
20260823_000635_SGYGHK,train
20260823_000851_DAUWNH,train
20260823_002842_CNEEHB,train
20260823_003045_CFSMUY,train
20260823_003045_MEDHED,train
20260823_003057_UGBECY,eval
20260823_003242_UVEZNQ,eval
20260823_003639_NXRAHD,train
20260823_003734_PWALLE,train
20260823_003803_TXFBNU,train
20260823_004201_CGKNYS,train
20260823_004250_QDTQBJ,train
20260823_004400_XUCSFS,train
20260823_004439_VJKLMU,eval
20260823_004943_LADXRU,train
20260823_005036_GFLPUM,eval
20260823_005406_LWRKKC,train
20260823_005805_LUYZAB,eval
20260823_005957_XSXRFC,train
20260823_010148_FGAXZV,eval
20260823_010418_LPBMVA,train
20260823_010913_GLCTVM,train
20260823_011026_JHYBMP,train
20260823_011039_JHQEFB,train
20260823_011532_YFXBYC,train
20260823_012003_UFSABR,eval
20260823_012637_YRTEYQ,eval
20260823_012706_YDYHDW,eval
20260823_013031_NFZRBU,eval
20260823_013546_BPLGME,train
20260823_013855_BJKVNG,train
20260823_014713_FJBDAT,train
20260823_015545_TAUFKS,train
20260823_015621_AURWTD,train
20260823_015701_EDNMAU,train
20260823_020235_CCUKNM,train
20260823_020423_XMJTPY,train
20260823_020541_ALQYPY,train
20260823_020650_UXMUSL,train
20260823_020746_BCAAKS,train
20260823_020945_SALZMF,eval
20260823_021416_GKGDNU,eval
20260823_021512_ZZWXGA,train
20260823_021548_UHPSJL,train
20260823_021732_ZGRUCJ,train
20260823_022826_PBMWAF,train
20260823_023927_GUYBFM,train
20260823_024205_LGYQBW,train
20260823_025440_KJKWYH,eval
20260823_030247_PENCQS,train
20260823_030456_JBFEMY,train
20260823_031247_XFUGJV,eval
20260823_031407_PKUJYQ,eval
20260823_031600_LLESBH,train
20260823_031734_JTGWRY,train
20260823_033100_XFJBGS,eval
20260823_033406_VKUUWY,train
20260823_040818_ZLLCGS,train
20260823_040955_ZNTZYN,train
20260823_041009_BEAQAN,train
20260823_041110_WABCHQ,eval
20260823_041809_BMEADV,train
20260823_042033_DZYSXW,train
20260823_050128_RBLZSN,train
20260823_050202_KPSEEB,train
20260823_050357_BSFDXD,train
20260823_050635_YHQRHC,train
20260823_050805_QDRQAS,train
20260823_051137_EWNTKL,train
20260823_052545_LSTRVM,train
20260823_052612_NSZQQB,eval
20260823_053037_DELXPL,train
20260823_053509_PYSLHK,eval
20260823_053630_QWYAKB,train
20260823_053830_DKRJNC,train
20260823_054509_GHDNDT,eval
20260823_055044_WYXEAK,train
20260823_055059_UHYVLQ,train
20260823_055355_ZLXUKN,train
20260823_055813_RGFWMP,train
20260823_055845_FKEFSN,train
20260823_060110_TSTGZZ,train
20260823_060159_WLJWBZ,train
20260823_060216_QMVGWM,eval
20260823_060615_QMBPLB,train
20260823_060929_LQYHZD,train
20260823_060944_ZMSTKW,train
20260823_061105_XJPHNJ,train
20260823_061448_CKBJUA,train
20260823_061802_STEUYU,train
20260823_061906_KPLQUM,eval
20260823_062303_XQEUGW,train
20260823_062505_AGQRDZ,eval
20260823_063403_WHRDJA,train
20260823_064430_FPYMUF,train
20260823_064937_SWUPRR,train
20260823_065555_LZLPRN,train
20260823_065641_JSDXTC,train
20260823_065716_BURYXE,train
20260823_065911_DJCKMR,train
20260823_065914_KJZTWR,train
20260823_070210_USXDAG,train
20260823_070530_ZTLPYJ,train
20260823_070913_CYTJUX,train
20260823_071709_EWFAHV,train
20260823_071848_RZZHCW,train
20260823_072344_PVVCRA,train
20260823_072707_GNDJBD,train
20260823_072910_UDQDWZ,train
20260823_073231_UDXJAH,train
20260823_073708_MYUXMN,train
20260823_074019_ULTRCV,train
20260823_074703_TRTPNN,train
20260823_075717_BACSPC,eval
20260823_080627_MCDXBT,train
20260823_081235_ALAHNS,train
20260823_081429_BNLFPL,train
20260823_082056_XVKNCW,train
20260823_082656_ENBPRY,train
20260823_083128_GYLBCM,eval
20260823_083554_ZLKADV,train
20260823_083613_HNHMMQ,train
20260823_083916_YTGQBZ,train
20260823_084117_WUECLX,eval
20260823_085141_EQQMWQ,train
20260823_091245_NPTHEY,train
20260823_091906_HRJRGS,train
20260823_092950_ZXQZLL,train
20260823_094137_KNMYVQ,train
20260823_095417_JQJKYG,train
20260823_095601_UKGJHZ,train
20260823_100454_CWUSWX,eval
20260823_100642_ZRXDEK,eval
20260823_100914_PFVQCP,train
20260823_101520_ZPDVUK,train
20260823_101623_CGASSC,eval
20260823_101858_VXLATX,train
20260823_102006_TABZSF,train
20260823_103253_AGQPZV,train
20260823_103421_CUKBZB,train
20260823_105222_VXJTSN,eval
20260823_111610_GPGUUE,train
20260823_120241_GAVHSC,train
20260823_121728_SPDCAH,train
20260823_122210_HRSMQZ,eval
20260823_122546_KPKPZM,train
20260823_123607_VQEMFJ,eval
20260823_123659_DUPLSU,train
20260823_130308_PTWFKA,eval
20260823_132136_SNYAPH,train
20260823_132434_LUQYMR,train
20260823_133530_TWZYRU,train
20260823_140054_SGFUFA,train
20260823_140153_FSJGMF,train
20260823_143556_ZXUNHY,train
20260823_145830_YXKPGY,train
20260823_151713_XLYHMC,train
20260823_195622_ZNUKYS,train
20260823_220205_LPVXPC,train
20260823_222223_GHFUCU,train
20260823_224946_CYGMLM,train
20260823_232115_XRPXGZ,train
20260823_232209_FJTQBJ,train
20260823_232922_YPKMCK,train
20260823_232938_VNWMTT,eval
20260823_234336_SXRPCB,train
20260823_235531_GJURVV,train
20260823_235831_ZCTAVD,train
20260823_235947_RZDJQN,train
20260824_000112_HPGEFA,train
20260824_000453_KFUNLC,train
20260824_000627_NBVXHX,train
20260824_000818_AHNTXW,train
20260824_001059_SJJAKP,eval
20260824_001232_KLSBYN,train
20260824_001438_NZQFCV,train
20260824_001444_TYGKRW,train
20260824_001715_WBCUXS,train
20260824_001906_QDKXVW,eval
20260824_002026_UWQVNF,train
20260824_002046_TKEXTU,eval
20260824_002050_THMFQA,train
20260824_002055_QAAUTL,train
20260824_002107_AZJKTY,train
20260824_002305_EPXBBD,train
20260824_002332_BPGEKG,train
20260824_002753_TQXXBB,train
20260824_002921_EKEECC,eval
20260824_002926_WVTWQM,train
20260824_003027_SVJJZT,train
20260824_003511_LFSNWZ,train
20260824_003610_EAJVBH,train
20260824_003616_FJLLFE,train
20260824_003638_EDLSFP,eval
20260824_003647_FZCNMN,train
20260824_003702_CVMSZW,train
20260824_003821_CPBRSU,eval
20260824_003953_QRURKT,train
20260824_003957_HZZUHA,train
20260824_004004_XEWGPM,train
20260824_004008_UGJYXA,eval
20260824_004019_AGUSXZ,train
20260824_004022_SQANUR,eval
20260824_004124_ACGYBQ,train
20260824_004155_XVQUDU,train
20260824_004235_GGDWZW,train
20260824_004426_QYMNNJ,train
20260824_004427_UQVCPX,train
20260824_004503_VWJXBT,train
20260824_004522_XYZNQM,train
20260824_004607_LZSRLG,train
20260824_004657_ZSXCSG,train
20260824_004723_DBCTER,train
20260824_004950_KGECJT,eval
20260824_005048_NXRAPC,train
20260824_005115_ZSKVBQ,train
20260824_005128_BXYJQU,train
20260824_005314_ZEGYWV,train
20260824_005543_GVYWZK,train
20260824_005743_NGSJWU,train
20260824_005909_JBQNXP,eval
20260824_005939_DNCMTP,train
20260824_010000_VQTAYJ,eval
20260824_010417_KTGPLN,train
20260824_010609_DMXBPK,train
20260824_010705_ASMBVH,train
20260824_011241_VYXBUW,train
20260824_011435_YYSFLZ,train
20260824_011651_ZJPTCK,train
20260824_011723_RVWGKK,train
20260824_011841_FTNCPW,train
20260824_012024_LNTKMT,train
20260824_012258_ETBKGD,train
20260824_012504_PQNWUG,train
20260824_012545_PDCBFD,train
20260824_012728_DNDLXN,train
20260824_012819_ZZAAMF,train
20260824_013029_ZHWTKM,train
20260824_013241_ECYMAV,train
20260824_013341_WBPVVF,train
20260824_013358_VNLXQD,train
20260824_013429_UJLAHC,train
20260824_013521_CWJUUQ,train
20260824_013535_ACDMGP,eval
20260824_013732_ZVTQVL,train
20260824_013841_UCZLWA,train
20260824_013908_QAPRTT,train
20260824_014011_AQLYLZ,train
20260824_014151_FRMHAC,train
20260824_014205_GBNKBG,train
20260824_014250_NUTZXQ,train
20260824_014522_WLRQZT,eval
20260824_014529_UNUEAF,eval
20260824_014606_UEWMMZ,train
20260824_014725_PEPJDG,train
20260824_014756_XHSYXV,train
20260824_015117_MUTCQB,eval
20260824_015151_DTMWAR,train
20260824_015547_WBAPAR,train
20260824_015647_XCXBSW,train
20260824_015916_NZZWUD,train
20260824_020015_ELNPLX,eval
20260824_020105_VCBXYC,eval
20260824_020348_QGJHDD,train
20260824_020959_MTFATH,train
20260824_021241_CJVSYM,train
20260824_021311_CVQKYN,eval
20260824_021602_JJGDCQ,train
20260824_021654_DMWTLK,train
20260824_021710_UDKEDG,eval
20260824_021737_BUDPLU,train
20260824_021940_LRMXFQ,train
20260824_022056_FNKGJB,train
20260824_022127_MRXTHH,train
20260824_022434_DMJQDQ,train
20260824_022529_GKGWVC,train
20260824_023100_VXRJXM,train
20260824_023547_FHPTWC,eval
20260824_024514_TEDWVB,train
20260824_024620_PEJACV,train
20260824_024716_HMNCBZ,train
20260824_025032_CGZADB,eval
20260824_025158_JTKWHL,train
20260824_025327_QGJKBR,train
20260824_025756_NSHAGL,train
20260824_025933_CTEPUE,train
20260824_025947_MQZJJX,train
20260824_030202_JAYTAT,train
20260824_030241_EMPBGZ,eval
20260824_030353_DYAUXZ,train
20260824_030800_KKFTBF,train
20260824_031119_ZXNCJW,train
20260824_031143_DNSBJP,train
20260824_031414_HVXHJT,eval
20260824_031415_XXFDZT,train
20260824_031620_SFXASV,train
20260824_031623_TQZLJP,train
20260824_031944_CZJCRD,train
20260824_032115_FBERUJ,eval
20260824_032928_NHBWHV,train
20260824_033525_AMUTBA,train
20260824_034134_AMDSJX,train
20260824_034304_YMTNXM,train
20260824_034318_CAERAY,train
20260824_034935_KQFHFB,eval
20260824_040435_ETBJWD,train
20260824_040519_TUPKJR,eval
20260824_040944_LQCFYS,train
20260824_041049_QTQCHV,train
20260824_041134_UWYQNK,train
20260824_041351_EGJMZP,train
20260824_041806_ATWYAA,train
20260824_042305_QMCFUE,train
20260824_042440_BMFCRA,train
20260824_043213_CTQBBT,train
20260824_043427_SHMRGA,eval
20260824_044059_RPRATL,train
20260824_044412_QVNBAN,train
20260824_044537_ZRTHGV,train
20260824_044631_LADTUE,train
20260824_045235_ZDVDJH,train
20260824_045319_DCRDMS,train
20260824_045642_HNUPMP,train
20260824_045645_BPSGPL,train
20260824_045658_PGUJCH,train
20260824_045749_ZPWWJJ,train
20260824_045752_JMHZRC,train
20260824_050151_JEHEDR,train
20260824_050224_VPTHKN,train
20260824_050331_CGVJXE,train
20260824_050332_FBGSYT,train
20260824_050658_EFGCPS,train
20260824_051352_XGWHVH,train
20260824_051532_ZDAGBN,train
20260824_052528_FLFDFR,train
20260824_052801_UWBKJX,train
20260824_052927_CRHUDK,eval
20260824_053013_MSLMWN,train
20260824_053034_QXSAHR,train
20260824_053152_DSRJKN,train
20260824_053309_PAHEXG,train
20260824_053344_KRHVDL,train
20260824_053805_RMQNGH,train
20260824_053821_JBHUFD,train
20260824_054033_DAUUZL,eval
20260824_054216_XFTXNT,eval
20260824_054240_GZAXHJ,train
20260824_054411_TBZWLY,train
20260824_054541_TYASVK,train
20260824_054647_NNAYRA,train
20260824_054656_GKENYY,train
20260824_055008_QBDUNJ,train
20260824_055049_XPBPCG,eval
20260824_055053_ZNLBPY,train
20260824_055141_MESLGW,train
20260824_055341_RKZUMB,train
20260824_055433_VFEAGG,train
20260824_055617_JXURUG,eval
20260824_055654_LUCXBH,train
20260824_055743_GBYXSB,eval
20260824_055836_QVYFBM,train
20260824_060111_WHRAQZ,train
20260824_060333_HNPUTD,eval
20260824_060344_WEGWMY,train
20260824_060457_SFTCTQ,train
20260824_060501_HXWCZC,train
20260824_060528_XRGFLH,train
20260824_060613_YEELEP,train
20260824_060719_RPBKXA,train
20260824_060723_CACDFZ,eval
20260824_060821_PAEUSR,train
20260824_060842_FSKNRJ,eval
20260824_060924_PGVEGQ,train
20260824_061235_NGTBVT,train
20260824_061324_AASMUJ,train
20260824_061714_BWDUYQ,train
20260824_061813_XRVHKP,train
20260824_061838_PSHMMJ,train
20260824_061920_QBEPYD,eval
20260824_061957_EENJRZ,train
20260824_062026_XKBXBZ,train
20260824_062347_YVSNBE,train
20260824_062457_SYVADG,train
20260824_062701_MTAUXY,train
20260824_062757_YCHRPK,train
20260824_063024_AVBLHN,train
20260824_063111_HELGVJ,train
20260824_063337_FUBUDQ,train
20260824_063404_KCKRVZ,train
20260824_063639_BJZLDN,train
20260824_063902_XLLCZH,train
20260824_063920_YQXJPA,train
20260824_064016_BPZDZM,train
20260824_064031_MXGJDS,train
20260824_064252_PSVMSB,train
20260824_064318_FRNSZT,train
20260824_064433_XBKQTS,train
20260824_064911_XWNNZU,train
20260824_065337_FWDMVP,train
20260824_065416_CNMLWV,train
20260824_065631_ZCWXQR,train
20260824_070030_AEJQWP,train
20260824_070406_CDYDCR,train
20260824_070412_MYUXDD,train
20260824_070433_PCSBUF,train
20260824_070946_MPLKST,train
20260824_071129_EJKJGJ,train
20260824_071415_KWXWPC,train
20260824_071451_MWQVXM,train
20260824_071634_PDURDV,train
20260824_072039_WBBMKF,train
20260824_072232_EKDKHT,train
20260824_072430_VUYFXU,train
20260824_072452_NELFLV,train
20260824_072517_UWYHZF,train
20260824_072530_ERSBJW,train
20260824_073053_ZCTXYM,train
20260824_073242_SCQYMR,train
20260824_073304_ELFAHW,train
20260824_073309_QTLFDL,train
20260824_073519_BSRUCH,train
20260824_073855_BDEJVA,train
20260824_073943_ACZRTP,train
20260824_074247_JNYMRT,eval
20260824_075119_ZMCDCD,train
20260824_075503_VGUNYT,train
20260824_075510_WTWDRV,train
20260824_075736_LXPZFG,train
20260824_080055_RNLDEM,train
20260824_080121_WMRMML,eval
20260824_080344_VQQGVS,train
20260824_080621_CYKNRK,train
20260824_080828_ULFPEW,train
20260824_080858_ESTYXX,train
20260824_081001_XKKQUA,train
20260824_081854_ZYUDWE,train
20260824_082044_TUZPFX,train
20260824_082442_SFEXLA,eval
20260824_082635_WWYDMT,train
20260824_082947_YLTXPT,train
20260824_083141_GBUJGC,train
20260824_084218_DRNWXB,train
20260824_085642_ACWGHW,train
20260824_085805_MADUQT,train
20260824_090036_QMLTGN,train
20260824_090124_VHETAC,train
20260824_090445_HXPHTY,train
20260824_091933_SFXACL,train
20260824_092000_LFMWRA,train
20260824_092006_NSXFHS,train
20260824_092402_NJQUSZ,train
20260824_092411_FUVCBZ,train
20260824_092446_VGZCYX,eval
20260824_092457_JTDUAD,train
20260824_092558_YCBBVJ,train
20260824_092851_HPWPRZ,train
20260824_093104_UYEJGL,train
20260824_093311_AZFJDR,eval
20260824_094403_KRBXVJ,train
20260824_094522_QYTBXD,train
20260824_095359_ZVCRYG,eval
20260824_095958_BKWUBE,train
20260824_100128_JEVJCT,train
20260824_100753_ZGPJFX,train
20260824_101100_HNRCZL,train
20260824_101114_STHUPH,eval
20260824_101133_HKRBYR,eval
20260824_101528_SBWWWV,train
20260824_101759_LTEVKZ,train
20260824_102614_UUVSPP,eval
20260824_103045_TNXWZX,eval
20260824_103621_WYFBWC,train
20260824_104006_ZPVPLJ,eval
20260824_105215_SWCCPY,train
20260824_111215_HXYHJA,train
20260824_111245_JPGLTE,train
20260824_111842_BNPSCV,eval
20260824_113144_TLMYHR,train
20260824_113204_WQVSPY,train
20260824_113414_LZNDDT,train
20260824_113713_DHNJMV,train
20260824_114214_MNZCAD,train
20260824_114537_BTMCRH,train
20260824_114627_YDYRXQ,train
20260824_124252_LCAPCM,train
20260824_130442_SGFWFG,eval
20260824_130650_GNSCKY,train
20260824_132101_MGGQLJ,train
20260824_134838_TEZKKW,train
20260824_140626_CRPBHM,eval
20260824_141751_SBDJLW,train
20260824_142739_VWDFXQ,train
20260824_143215_YSKTLZ,train
20260824_145402_GXQZHB,train
20260824_150942_PPHLTS,train
20260824_154132_JSHYNR,train
20260824_155119_CRFCDN,eval
20260824_161614_AHXHRD,train
20260824_162922_KQCFVE,train
20260824_172703_LUTFEQ,eval
20260824_175808_HBWZEG,train
20260824_224832_HFSDKD,train
20260824_230423_ZPVHXQ,eval
20260824_230847_FTFXXN,train
20260824_231252_QVAXZL,train
20260824_231625_RGMJNQ,train
20260824_231707_CNRHHD,train
20260824_232625_AJCELP,train
20260824_232632_BPWPKW,train
20260824_233252_ERGTQC,train
20260824_233932_SFNSLC,eval
20260824_234415_KSEAMG,train
20260824_234510_SJGTJS,eval
20260824_235718_HBZHKZ,train
20260825_000317_DRQGDQ,train
20260825_000329_YYWKEG,train
20260825_000429_CSDVEP,eval
20260825_000536_WMKQTA,train
20260825_000603_WTBABQ,eval
20260825_000605_LMQZBB,train
20260825_000658_VXHDYL,train
20260825_000749_TPFTQA,train
20260825_000932_TYWRCT,eval
20260825_001057_LCUDDX,eval
20260825_001216_RVDUBR,train
20260825_001237_SRFEUH,train
20260825_001249_SFCUTP,train
20260825_001304_SLNSQV,eval
20260825_001823_TZNXAU,eval
20260825_001900_ZWYHNG,eval
20260825_001930_TFMQNH,train
20260825_001941_NMKTJY,eval
20260825_002013_PYKRJL,train
20260825_002016_HYAYWY,eval
20260825_002226_WDAZZV,train
20260825_002347_DVAQMC,train
20260825_002432_ABZJSR,train
20260825_002610_TGCFBC,eval
20260825_003004_WGFYZR,train
20260825_003210_MJRUVB,eval
20260825_003328_DTZKAA,train
20260825_003412_YZVGLH,train
20260825_003445_JTKAGK,eval
20260825_003546_RRDNSP,train
20260825_003655_NKFBKA,train
20260825_003721_BPASKU,eval
20260825_003807_THMLUC,train
20260825_003838_KEUEMJ,train
20260825_003858_UFHGAK,eval
20260825_004054_KBWWZT,eval
20260825_004140_VNVGHR,train
20260825_004155_DZVTLC,train
20260825_004316_WFVUKF,train
20260825_004409_FPNHJM,train
20260825_004413_PJSXAX,train
20260825_004514_LWNTNQ,train
20260825_004518_NMLCTY,train
20260825_004540_BTFEBY,train
20260825_004635_KHNAEY,train
20260825_004816_LQLLXU,train
20260825_004819_KLVKTJ,eval
20260825_004904_AKVNQW,train
20260825_005016_TSDFWA,train
20260825_005116_BYBFZM,train
20260825_005218_AZLGJM,train
20260825_005333_MQQAWH,train
20260825_005620_AGQSPE,train
20260825_010236_DRPBTD,train
20260825_010255_GQXATE,eval
20260825_010301_JGXSDP,train
20260825_010558_NKJQNP,train
20260825_010838_FUUWNK,train
20260825_011242_XZXWNF,train
20260825_011423_EMJZJF,train
20260825_011500_QGZGNM,eval
20260825_011610_ZRWHGQ,train
20260825_011719_MPZWVR,train
20260825_011959_WWMGHM,eval
20260825_012315_RDHRWS,train
20260825_012512_VTBZKE,train
20260825_012717_FCGMPA,train
20260825_012818_VWDFPR,train
20260825_012906_FRUBZK,train
20260825_013138_WSJRXP,eval
20260825_013158_MTPHKE,train
20260825_013235_VBEHBY,train
20260825_013256_LTUMAH,train
20260825_013827_JZJYRB,train
20260825_013953_UVUKQJ,train
20260825_014246_AHNXNN,train
20260825_014258_PHSKWW,train
20260825_014311_MQLVWJ,train
20260825_014501_JMMJLJ,eval
20260825_014604_JRNVGH,train
20260825_014836_ABLTTQ,train
20260825_014846_SMDWYX,train
20260825_014955_GJHRGD,train
20260825_015151_PKFJTN,train
20260825_015429_ZRWGKY,train
20260825_015535_RSZFZS,train
20260825_015625_NGUXKW,train
20260825_015753_QXVQTG,train
20260825_015849_YNNQSC,train
20260825_015957_BTAUFR,train
20260825_020043_KQUYLG,train
20260825_020559_SPLYRS,train
20260825_020903_PDEPKM,train
20260825_020918_QNYUDA,train
20260825_021111_XADUPN,train
20260825_021216_KBUACT,train
20260825_021305_KAPASY,train
20260825_021523_LJUZKU,eval
20260825_021524_BMNYFN,train
20260825_021728_FTZGVA,train
20260825_022239_ZGKTAY,train
20260825_022244_JMYNCY,train
20260825_022336_HCYUMP,train
20260825_022451_ZBUVTC,train
20260825_022537_URUSPN,train
20260825_022816_GXDVWB,train
20260825_023025_TLPHDP,train
20260825_023235_PXKGDF,train
20260825_023321_YKSBXZ,train
20260825_023824_XGUBJY,train
20260825_024055_JKSRET,train
20260825_024304_JKKCDJ,train
20260825_024444_ZVVGQX,eval
20260825_025225_WUSKPF,train
20260825_025538_JAGVEF,train
20260825_030008_FMYHHX,train
20260825_030043_GASSKJ,train
20260825_030059_XQPERA,train
20260825_030124_VADCNH,train
20260825_030204_NTZKMK,train
20260825_030506_URGQPX,eval
20260825_030959_ZNMMQJ,eval
20260825_031026_TWRLSD,train
20260825_031049_HJHCTH,eval
20260825_031301_MNDSUV,eval
20260825_031310_LKMXDR,train
20260825_031319_JWKUUB,eval
20260825_031411_KGAMTZ,eval
20260825_031946_XBTDJG,eval
20260825_032056_UQJEAT,train
20260825_032117_MKJURH,train
20260825_032850_VQVRVL,eval
20260825_033024_NSJGKC,train
20260825_033444_PYZFKS,train
20260825_033943_XLCQXT,train
20260825_034002_KHQLZT,train
20260825_034009_UFMCDA,train
20260825_034204_JMQDAZ,train
20260825_034223_FFACTC,train
20260825_034252_QCFJTY,eval
20260825_034321_ZSHARB,eval
20260825_034825_FPJYHD,eval
20260825_034951_DXDHTC,train
20260825_035021_NJPRHU,train
20260825_035246_GSYVED,train
20260825_035434_MHBJDY,train
20260825_040101_HQQGJY,eval
20260825_040524_GAJLCQ,eval
20260825_040542_PELAGN,train
20260825_040657_MTNKVR,train
20260825_041031_GDJRNG,train
20260825_041749_LFVACJ,train
20260825_042011_HFZBPR,train
20260825_042049_ZEFSCB,train
20260825_042116_QYHFQV,train
20260825_042940_JXMUVJ,train
20260825_043044_LSJPAM,train
20260825_043053_SGVNJJ,train
20260825_043745_EVMMFB,eval
20260825_043758_QAUCXD,train
20260825_043918_XANLQJ,train
20260825_044012_DGLRQP,train
20260825_044147_PBWYDC,train
20260825_044151_ZJHNMK,train
20260825_044237_RTSHTK,train
20260825_044250_GRBZEP,train
20260825_044356_CFYFYV,eval
20260825_044514_BHLYYB,eval
20260825_044932_DYEYAR,train
20260825_045328_EBGNVL,train
20260825_045531_XDWJKS,train
20260825_045613_SGFECT,train
20260825_045808_XGDSDS,train
20260825_045918_YGRARF,train
20260825_045931_LZDRAA,train
20260825_050202_YGCKJZ,train
20260825_050203_VYXNRM,train
20260825_050208_WRRTNA,train
20260825_050303_DVASSF,train
20260825_050309_WZAFVZ,train
20260825_050709_QAVJUS,eval
20260825_050730_QBMWGL,train
20260825_050844_JCNSFV,eval
20260825_050857_LKCAZP,train
20260825_051030_MFYMQG,train
20260825_051303_PKYVDQ,train
20260825_051440_XSSUGG,eval
20260825_051449_MYKHLZ,train
20260825_051558_WEBPMT,train
20260825_051608_AMPKRQ,train
20260825_051616_GBGMPQ,train
20260825_051844_LNSPKC,train
20260825_051913_RKSXPL,train
20260825_052251_HNYZCF,train
20260825_052255_FVJYBX,train
20260825_052347_BPHRDY,train
20260825_052358_PYHHLZ,train
20260825_052512_LCZVPX,train
20260825_052805_WCTXUV,eval
20260825_053226_BGHMJC,train
20260825_053301_NRHGMV,train
20260825_053320_QNPMBJ,train
20260825_053538_DLZVMR,train
20260825_053548_SJAGGS,train
20260825_053633_DKZEUD,train
20260825_053752_BRJURU,train
20260825_053832_FBZWBQ,eval
20260825_053859_YGWYSS,train
20260825_053904_TTPCFM,train
20260825_053930_QKWVQW,train
20260825_054218_PFXGGS,eval
20260825_054318_SXXKJH,train
20260825_054413_KKJPWG,eval
20260825_054415_UMJVNC,train
20260825_054422_PUAAHK,eval
20260825_054508_FRAYRV,train
20260825_054538_PKEKGZ,train
20260825_054802_VNHVPV,train
20260825_054828_QMAGHT,eval
20260825_054937_KYEUBC,train
20260825_055051_KSUYCD,train
20260825_055141_VMFRVR,train
20260825_055149_VQXQBE,eval
20260825_055416_CVUCKK,eval
20260825_055526_ASVGPA,train
20260825_055735_PCNQAU,train
20260825_055753_TSRWGN,train
20260825_055834_AHNUGZ,train
20260825_055851_TLATTH,train
20260825_060242_ZHYCKW,train
20260825_060255_TTQACD,train
20260825_060322_JUJABV,train
20260825_060336_HDDYLA,train
20260825_060340_LECBGK,train
20260825_060507_WZNJVP,train
20260825_060609_UJVJAQ,train
20260825_060704_GVDZRE,eval
20260825_060732_UNDEDL,train
20260825_060810_YSBARP,train
20260825_061010_UDSFLX,train
20260825_061118_HBWPKC,train
20260825_061129_SJKGGG,eval
20260825_061153_UYRLZX,eval
20260825_061302_ANJRTB,train
20260825_061900_AAJEGT,train
20260825_062002_BTWMRK,train
20260825_062137_CBGDTT,train
20260825_062251_TTYJHH,train
20260825_062451_ANHARE,train
20260825_062916_CTVWPU,train
20260825_063116_VQJFHX,train
20260825_063540_JDYAMM,train
20260825_063623_RRQBCW,train
20260825_064141_QTNXGK,train
20260825_064153_ESBUVY,train
20260825_064349_NLLDRH,train
20260825_064650_RFMUPN,train
20260825_064749_CQYMPG,train
20260825_065144_JAZHNG,train
20260825_065215_LEEKDN,eval
20260825_065415_BSUPTZ,eval
20260825_065445_AMUAZR,train
20260825_065638_DHYHUK,train
20260825_065718_XZBRFG,train
20260825_070011_EYEBPZ,eval
20260825_070434_VAVKAW,train
20260825_071004_LWKCWX,train
20260825_071009_UMHFHQ,train
20260825_071317_BTZCZD,eval
20260825_071333_AZKTVJ,train
20260825_071553_YQFRLE,eval
20260825_071627_JLALVH,train
20260825_071819_YBPZZR,train
20260825_071911_QCLHZE,train
20260825_072105_CYCSAX,train
20260825_072329_WSBYQQ,eval
20260825_072350_WFQTBU,eval
20260825_072541_QXCTJD,train
20260825_072745_VHRASM,train
20260825_072804_JHJTAL,train
20260825_072852_KECPVQ,train
20260825_073507_GFHUEC,train
20260825_073705_CCLYVW,train
20260825_074339_RZYCGZ,train
20260825_074339_WWUTSV,train
20260825_074349_ZWYLDA,eval
20260825_074447_WHYUZC,train
20260825_074755_ABYRKY,train
20260825_074908_FEMUXR,train
20260825_074927_LDRJJG,train
20260825_075023_EAGDED,train
20260825_075745_KSAXVH,train
20260825_075819_TMMMMG,train
20260825_080124_SXLNMQ,train
20260825_080202_ZXXYCF,eval
20260825_080334_PMJRLK,train
20260825_080356_UQERMS,train
20260825_080454_XWTDTY,train
20260825_080754_BWPQYQ,eval
20260825_080817_QTRCHP,train
20260825_081209_KNNMEN,eval
20260825_081247_DQPAEW,train
20260825_081543_AWCWCC,train
20260825_081627_BEPDBQ,train
20260825_081944_ANQHZE,train
20260825_082128_MPPCTY,train
20260825_082637_YPSDHC,train
20260825_083322_VAJWAU,train
20260825_083329_YLRBSF,train
20260825_083351_XAGPEC,train
20260825_083904_ASTGNE,train
20260825_084052_ZNNFBF,train
20260825_084242_BZZUWQ,train
20260825_084354_NZPLVW,train
20260825_084358_YZJMAG,train
20260825_084443_ESXEJA,train
20260825_084641_HLFARM,train
20260825_084825_JZDGLN,train
20260825_084845_YUHFTD,train
20260825_085224_UMYACF,eval
20260825_085512_ZSPDKX,train
20260825_085521_PXARFT,train
20260825_085550_NRGVUF,train
20260825_090222_PCKSZG,eval
20260825_091011_KEXYVS,train
20260825_091501_VCYWAK,eval
20260825_091906_GCLUEB,eval
20260825_092028_ZBDELM,train
20260825_092403_QGLFFP,eval
20260825_092837_KPXSYY,train
20260825_093121_LYXCDE,train
20260825_093540_WGQYMW,train
20260825_094013_NCQZDY,train
20260825_094502_JJHLGW,train
20260825_095410_RPPSYN,train
20260825_100056_ESERNJ,eval
20260825_100205_XNEMRQ,eval
20260825_100327_LTPKFS,train
20260825_100416_QCHXHQ,train
20260825_100459_XAVTDR,train
20260825_100506_FFSHTN,train
20260825_100641_EWRDWF,train
20260825_100656_FCZNZK,train
20260825_101139_FSMGMT,train
20260825_101653_NKXRRK,eval
20260825_101704_WEENGW,train
20260825_102529_YPNFQR,eval
20260825_102732_JDHCYK,train
20260825_103325_ASKWMJ,eval
20260825_103348_PGEMSP,train
20260825_103538_UCRXAY,train
20260825_103640_LNZDWW,train
20260825_103809_QEPUMY,train
20260825_103939_WKTBWG,eval
20260825_104834_JKWFLM,eval
20260825_104907_NQGXLM,train
20260825_105209_NTVKFA,train
20260825_105317_FXGDZU,eval
20260825_110227_UTPRPA,train
20260825_110234_JJHVHE,train
20260825_110704_LLCBGG,eval
20260825_111018_FKDVCX,train
20260825_112040_CRUFEW,train
20260825_112312_WNWWCB,train
20260825_114315_XPMPFE,train
20260825_115320_PDRGWZ,train
20260825_115917_SGSZJG,train
20260825_120844_BZQFBF,train
20260825_123253_MAYEYW,train
20260825_125633_SJDWZZ,eval
20260825_132621_QKSKUV,eval
20260825_134650_JHTNRH,train
20260825_135634_KVTZTD,train
20260825_135935_PQQLVK,train
20260825_140000_NRDWLP,eval
20260825_141039_JEKAHA,train
20260825_141229_FEYKPD,train
20260825_143038_FJPVLL,train
20260825_143338_PUKZPE,train
20260825_152230_KRUWCC,train
20260825_152518_PCPWJL,train
20260825_160142_ZGKTYE,eval
20260825_160936_TCRAKC,eval
20260825_162249_JKZJBK,train
20260825_170305_CGSLUL,train
20260825_220652_FYWFJH,train
20260825_222132_PNWXYB,train
20260825_225143_JVPVYH,eval
20260825_225652_PWSNJQ,eval
20260825_230310_RCXUUX,eval
20260825_231743_KVFRNC,train
20260825_232220_PWGHSW,train
20260825_233746_GNJNPN,train
20260825_234128_SEBPUJ,train
20260825_234945_NNUAQD,train
20260826_000235_ECAQTZ,train
20260826_000652_MCEHLJ,train
20260826_000808_SYPQAR,train
20260826_000921_AWTLAK,train
20260826_001021_YYHGLK,train
20260826_001127_LEFUKL,eval
20260826_001234_STQDYT,eval
20260826_001404_VBLGMG,train
20260826_001442_UFCQWX,train
20260826_001728_FNJPNU,train
20260826_001751_GXLZHS,eval
20260826_001824_ZTPCFJ,eval
20260826_001957_USQLLY,train
20260826_002042_GHKXXK,train
20260826_002205_XNVKFK,train
20260826_002520_EHJQWP,train
20260826_002551_HWBLCL,train
20260826_002600_NQMRFR,train
20260826_002840_FBGLMZ,eval
20260826_002845_TWPPLR,train
20260826_002911_ATWHJF,train
20260826_002913_EMTMTD,train
20260826_002932_CFZAFL,train
20260826_003134_KQXQQQ,train
20260826_003153_GBEELC,eval
20260826_003334_GUHBSF,train
20260826_003437_VLKCZX,train
20260826_003451_GVNGDH,eval
20260826_003633_ZPLZZU,eval
20260826_003708_BTXAAQ,eval
20260826_003913_MPWAGG,train
20260826_004130_MPDQYQ,train
20260826_004407_SPTJLC,train
20260826_004647_TYEGQS,train
20260826_004657_SQYABN,train
20260826_004826_PZRBKL,train
20260826_004939_BLDFBJ,train
20260826_005201_BZHEQM,eval
20260826_005210_ZTSPTU,train
20260826_005221_PFBCMD,train
20260826_005313_SRAZUF,train
20260826_005331_LEBTBL,eval
20260826_005350_CRWKYP,train
20260826_005522_SMZPHJ,eval
20260826_005628_RVHTUQ,eval
20260826_005644_TEAPKX,train
20260826_005827_ZDDYUM,train
20260826_005855_HCSXND,eval
20260826_010352_MSCPLZ,train
20260826_010604_RFQLLL,eval
20260826_010634_EPGSJY,train
20260826_011031_CKRJJY,train
20260826_011213_KUDHLB,train
20260826_011309_MXCHBT,train
20260826_011440_FHLHAN,train
20260826_011453_FWJZNK,train
20260826_011521_YWTVMQ,train
20260826_011526_LPDYEU,eval
20260826_011711_XFALRE,train
20260826_011748_WQUDJX,train
20260826_011852_LXDEHB,eval
20260826_012058_TFBBHJ,eval
20260826_012154_PZNYRC,train
20260826_012233_MWJSPP,eval
20260826_012355_RHEAPY,train
20260826_012418_HNNGEZ,train
20260826_012736_VNGCPW,train
20260826_012756_VZEPCW,train
20260826_012913_SQAAVF,train
20260826_013318_JFDBGC,eval
20260826_013437_RQQATT,train
20260826_013525_AVLGJL,train
20260826_013707_TBMFRH,train
20260826_013731_GWCHQP,train
20260826_013751_MTLCUZ,train
20260826_013934_MTJFGA,train
20260826_014056_CHQDTR,train
20260826_014151_DXTEAW,eval
20260826_014242_VXTHJH,eval
20260826_014401_ZUZDQD,train
20260826_014414_CDHNRZ,eval
20260826_014428_VYVUQP,train
20260826_014643_JPHANA,eval
20260826_014645_BPQLCW,eval
20260826_014711_KADZXP,eval
20260826_014848_HTLGXN,train
20260826_014933_UTBCFS,train
20260826_015251_DGBUXT,train
20260826_015454_YNMXEZ,train
20260826_015504_TTTKAY,train
20260826_015526_AHPXKR,train
20260826_015708_NKPWXB,eval
20260826_015811_MWNTYK,train
20260826_020047_EHPDBC,train
20260826_020608_GSYWZF,train
20260826_020609_WWNKCE,eval
20260826_020649_QVDDGU,train
20260826_021134_RDFAZK,train
20260826_021225_NRNVHU,eval
20260826_021231_KHXXFX,eval
20260826_021312_DMWLXA,eval
20260826_021514_VMFECK,train
20260826_021550_EBUGNF,train
20260826_021621_ABGFUR,train
20260826_021842_UQYBDW,eval
20260826_022047_CEZUZJ,eval
20260826_022214_YDBCZP,eval
20260826_022225_YGKPXR,eval
20260826_022719_ZSSMYM,eval
20260826_022856_DXAKSH,train
20260826_022955_WMVKEA,train
20260826_023357_HPRKFP,train
20260826_023509_CYHLRV,eval
20260826_024039_GQPQYA,train
20260826_024344_PJHQXR,train
20260826_024417_DYLXKD,train
20260826_024447_LZUXGM,train
20260826_024524_FSUFAV,train
20260826_025000_MSCPWA,train
20260826_025413_TQQGCN,train
20260826_025423_QRLMNS,train
20260826_025629_WJSFZJ,train
20260826_025717_PGSGKL,train
20260826_025838_QFUCPQ,train
20260826_025907_ZMLWAU,train
20260826_030000_XYTFDM,train
20260826_030035_NGHKNK,train
20260826_030036_ZYFCBK,eval
20260826_030039_JTWRWH,eval
20260826_030554_JCSWVR,train
20260826_030831_XYHCFD,train
20260826_030903_NHBFMB,train
20260826_031145_QCGTKE,train
20260826_031153_RHLWNE,train
20260826_031437_NWZPKQ,train
20260826_031454_VVVXAF,eval
20260826_031541_AADSYJ,train
20260826_031628_FKJPUC,train
20260826_031852_RMUWSJ,train
20260826_032237_EZEXGU,train
20260826_032401_VXWZHK,train
20260826_032453_MNBWNJ,train
20260826_032615_RTGLJB,train
20260826_032635_MUSHCG,eval
20260826_033315_CEKBBH,train
20260826_033402_BTEXGN,eval
20260826_033714_EDNPSJ,train
20260826_034706_CGHLLU,train
20260826_035050_LGPKFA,eval
20260826_035359_CHABTV,eval
20260826_035440_ZVEXFE,train
20260826_035731_MKKMSC,eval
20260826_035817_QSZCYR,eval
20260826_040049_BXMXDQ,eval
20260826_040249_BMQPYR,train
20260826_040259_ZNFUDM,train
20260826_040339_TJELWU,train
20260826_040706_GZGUBH,train
20260826_041517_NGVELC,train
20260826_042349_QVFCUG,train
20260826_042416_NKKYHJ,train
20260826_042458_PXVYBD,train
20260826_042819_HFWTPS,train
20260826_043035_AVBBJD,eval
20260826_043319_LFWLSP,train
20260826_043344_FKDEDJ,train
20260826_043442_YQZTBM,eval
20260826_043447_KSDUYB,train
20260826_043624_RXRARF,eval
20260826_043626_EPEQRG,eval
20260826_043731_JADTSA,train
20260826_043957_SACTCL,train
20260826_044023_PUSVUZ,train
20260826_044451_JDRDRA,train
20260826_044524_KDMGQD,train
20260826_044555_XSGUMF,train
20260826_044642_QFRAPZ,eval
20260826_044716_DLRLCT,eval
20260826_044804_NJYQDU,train
20260826_044847_NGYKYK,train
20260826_045620_DPAVFD,eval
20260826_045817_UMLFWA,train
20260826_045901_GJVTDC,train
20260826_045955_ERQUUZ,train
20260826_050322_BWUGZE,train
20260826_050334_UTZYWC,eval
20260826_050614_SLYXEL,train
20260826_050635_LSYBZQ,train
20260826_050642_VTVHWN,train
20260826_050756_GFJBPT,train
20260826_051212_QAPBSH,train
20260826_051339_MBKDWZ,eval
20260826_051359_DVVJLK,eval
20260826_051400_YVSHAF,train
20260826_051458_NGLCSY,train
20260826_051629_NPDPWQ,train
20260826_052130_PBZATV,train
20260826_052331_YXBEUB,train
20260826_052345_HKATEW,train
20260826_052645_GLXBPK,train
20260826_052751_CVYRLW,train
20260826_052826_ZSNHEF,train
20260826_052851_WTGFXP,train
20260826_052932_TEJJZK,train
20260826_053057_BMQYMY,train
20260826_053332_KBTPMP,train
20260826_053435_PWQJDD,eval
20260826_053751_CMSMRY,train
20260826_053751_NPUZAA,train
20260826_053905_JZXXUF,train
20260826_053947_RGKYBZ,eval
20260826_054211_GNAFEE,train
20260826_054250_SPCNGH,train
20260826_054340_KGHVTK,train
20260826_054448_HGMMQN,train
20260826_054527_WAEHYW,train
20260826_054603_ZJSKUW,train
20260826_054709_RUKPWJ,train
20260826_054759_FNNPEA,train
20260826_054814_MFAMLR,train
20260826_054851_EUNDNK,train
20260826_054907_ZWAZNP,eval
20260826_054923_GNCCEL,eval
20260826_055050_AACMKN,train
20260826_055413_MSRARZ,train
20260826_055528_CMLHEG,train
20260826_055532_AUZPRR,train
20260826_055711_GASQTJ,train
20260826_055750_GLTPRM,train
20260826_055810_WGBJKJ,train
20260826_060024_UEXTDV,train
20260826_060213_MQMAQM,train
20260826_060247_JLJNRV,train
20260826_060443_BRJBVS,eval
20260826_060451_UCTZVG,train
20260826_060705_KSXMXM,train
20260826_060741_GCDMGW,train
20260826_060845_GJJNDY,eval
20260826_061059_QQWCZD,train
20260826_061121_NNEKXG,train
20260826_061416_XTRMDF,train
20260826_061507_QWSZBG,train
20260826_061516_YEVQYJ,eval
20260826_061640_MJNSCC,train
20260826_061921_QEXFAL,train
20260826_062052_SQEYCR,train
20260826_062116_XWAECY,train
20260826_062127_ZARPJN,train
20260826_062142_TETQMW,eval
20260826_062236_EYVHSJ,train
20260826_062457_BNTGHB,train
20260826_063053_PQSDYD,train
20260826_063524_STZUNC,train
20260826_064025_NNCUYZ,train
20260826_064311_PLKCGC,eval
20260826_064344_PXUAFH,train
20260826_064915_UCRWZP,train
20260826_064921_RGMLFG,eval
20260826_065027_LMWSKA,train
20260826_065313_WVFXTH,eval
20260826_065523_HTSTUR,train
20260826_070010_TFKXPU,train
20260826_070232_NMMPQU,train
20260826_070346_AWNDPY,eval
20260826_070945_ZGPVRL,train
20260826_071244_FEZWGZ,eval
20260826_071334_HHDHMH,train
20260826_071616_RCCBKD,train
20260826_071903_WRJCMK,train
20260826_071958_VQVLGX,eval
20260826_072033_WVMNNL,train
20260826_072733_APZFRR,eval
20260826_072800_MVCRFX,eval
20260826_072854_MXHNJR,train
20260826_072909_TZYPRF,train
20260826_072947_KHFHPA,train
20260826_073025_WMYNYC,eval
20260826_073233_GRWFKJ,train
20260826_073451_UFLVBL,train
20260826_073624_UTHZRC,eval
20260826_074017_EPXFPH,train
20260826_074210_FDFPQM,train
20260826_074347_KMWZXU,eval
20260826_074447_UGSUSE,train
20260826_074532_GLRDQM,eval
20260826_074701_VETDXG,train
20260826_075200_AADVSB,train
20260826_075240_URDLTN,train
20260826_075327_ALYSBD,train
20260826_075439_KCNKDH,train
20260826_075653_WJYZPH,train
20260826_075705_VBSGPS,train
20260826_075736_RCTKXH,train
20260826_080046_LEVEQZ,train
20260826_080231_KGGRSR,eval
20260826_080309_WQYRDU,train
20260826_080429_PHDHHR,train
20260826_080455_HLDJXQ,train
20260826_080538_HQKAUJ,train
20260826_080610_AUNJQC,train
20260826_080719_JWKSCT,train
20260826_080846_EYVENA,train
20260826_080927_UXMYWA,train
20260826_081013_NCEZHR,train
20260826_081141_ZXANYP,train
20260826_081255_WKHLXS,train
20260826_081552_ZHQUBF,train
20260826_081602_XVEYHN,train
20260826_081638_EWZALP,train
20260826_081754_MSSXJR,train
20260826_082001_FUQCRS,train
20260826_082353_VUQDCL,train
20260826_082700_SJXSEH,train
20260826_082944_PSUSEN,train
20260826_083108_EUAQPY,train
20260826_083235_TECEDN,train
20260826_083409_WTYJYW,train
20260826_083509_KXYSEG,train
20260826_083556_EFBKXD,train
20260826_083616_JUYBYR,train
20260826_083916_NHTAQY,train
20260826_084504_HQVACP,train
20260826_084758_TJRAZK,train
20260826_085101_WCQRZZ,train
20260826_085504_YGNKDW,train
20260826_085635_ZMARLH,train
20260826_090228_XRPUMK,train
20260826_090430_SQUFMX,train
20260826_090514_XGLWVE,train
20260826_090707_KNZTAK,train
20260826_090849_ZNJQMN,eval
20260826_090908_BQDBSE,train
20260826_091459_LKQFUF,train
20260826_091511_SYZXRR,train
20260826_091542_XZGQZE,eval
20260826_091742_HDZZEF,train
20260826_091753_FHUXEZ,train
20260826_092501_WNKWXU,train
20260826_092558_XSVVPX,eval
20260826_093145_DZNZER,eval
20260826_093146_CBPKFA,train
20260826_093345_XEKMRY,eval
20260826_093401_HSTBCY,eval
20260826_093824_UASHTP,eval
20260826_094022_QNPYDD,train
20260826_094047_RJUNHZ,train
20260826_094552_XAZSMF,train
20260826_094622_KYKTLN,train
20260826_095244_GAGYPS,eval
20260826_095336_QYULEZ,train
20260826_101201_CQBUAX,train
20260826_101244_AMVXGH,train
20260826_101353_JPNYDL,eval
20260826_101810_EAGBLH,eval
20260826_102552_UXMGSA,train
20260826_103412_CAFCJT,train
20260826_104022_TSSBML,train
20260826_104034_CBVBUR,train
20260826_104253_NPNTBK,train
20260826_104541_ASWGXZ,eval
20260826_104811_XUMLQU,train
20260826_105607_BSZFJT,train
20260826_105650_GTVDWA,train
20260826_105707_CVXATF,train
20260826_110556_ERSGNC,train
20260826_110631_DLVSQC,eval
20260826_111319_KDDDXR,eval
20260826_111732_XLBWQB,train
20260826_111947_BRHNRA,train
20260826_112159_MPVMGP,train
20260826_112353_YQEAQN,eval
20260826_112601_YMKNWD,train
20260826_112637_PXUXFY,eval
20260826_113452_TCSKTV,train
20260826_113501_EDRURD,train
20260826_113525_YAWDFY,eval
20260826_113809_DJRWCC,train
20260826_114440_HWQJZV,train
20260826_114716_QMZKKS,train
20260826_114845_XWEDQW,train
20260826_115647_EKGWUC,eval
20260826_120639_EQHTQB,eval
20260826_120644_ANQLVN,train
20260826_122053_FJYFNT,eval
20260826_123422_DSFXEE,eval
20260826_124133_UDPSRR,train
20260826_125152_BDAXKM,train
20260826_125408_KJMZVX,train
20260826_125616_WLFEDY,train
20260826_130634_LCEBPU,eval
20260826_132844_AWBVGU,eval
20260826_133518_RYHDTX,eval
20260826_135440_SDQGVV,train
20260826_140926_NSYFFJ,train
20260826_142341_MHWBER,train
20260826_144551_LDDQMB,train
20260826_145526_WUQUGH,eval
20260826_150404_EEXSNZ,train
20260826_151121_JFCGNQ,train
20260826_152442_YRSFXA,train
20260826_152738_BMUKGH,train
20260826_155332_ZKFBBP,eval
20260826_161041_HVXNZL,train
20260826_163100_ATNHZN,train
20260826_164152_KPUHDB,eval
20260826_165723_CMHDAF,train
20260826_170839_JWXREB,eval
20260826_184455_FPCZTT,train
20260826_231443_ZRXMCG,train
20260826_231544_YEYLEL,eval
20260826_232055_RYDULF,train
20260826_234542_PFCKKF,train
20260826_234950_MMUCNS,train
20260826_235013_QKWVGH,train
20260826_235251_ATCSJT,train
20260826_235639_XKTZMY,train
20260826_235646_QUTXWL,train
20260827_000152_UGTXUW,train
20260827_000302_KERKCP,train
20260827_000543_RNZZVN,eval
20260827_000603_LZNPQK,train
20260827_000829_KTYYHL,train
20260827_001017_TFULGC,train
20260827_001424_JWUVNG,train
20260827_001545_QXHCEY,train
20260827_001616_DEJMNJ,train
20260827_001622_VKFJBY,train
20260827_001808_UXLJPD,train
20260827_002344_GFBLMC,train
20260827_002506_NNCVFH,train
20260827_002513_XVWUSJ,eval
20260827_002731_LKEVTJ,train
20260827_002925_RRNDPB,train
20260827_003251_QBWFBH,train
20260827_003543_RUJBZY,train
20260827_003917_BYFRAU,eval
20260827_004138_NAZKYJ,eval
20260827_004331_ZSVBRV,train
20260827_004545_ULKGTL,train
20260827_004706_SFZTQE,train
20260827_004727_VQCKLZ,train
20260827_004738_NKBQZW,train
20260827_004901_SSLXTT,eval
20260827_004929_LBFPAJ,eval
20260827_005005_DYTLTG,train
20260827_005143_EUYNGJ,train
20260827_005235_FZAEGD,train
20260827_005503_BTCBDZ,eval
20260827_005715_ABLUBL,train
20260827_005843_ZBRQRN,train
20260827_005959_UMFBDU,train
20260827_010227_QYUZFG,train
20260827_010236_PBYVUP,train
20260827_010347_AGGFFX,eval
20260827_010353_TUTVTU,train
20260827_010358_MVMPLQ,train
20260827_010512_MKTNUC,train
20260827_010528_WSRAPV,train
20260827_010627_LQWUKP,train
20260827_010954_FZYAXA,train
20260827_011212_RFDMCE,train
20260827_011341_VHXARV,train
20260827_011502_JMEDYJ,train
20260827_011716_PETQWS,train
20260827_011848_LGVBZB,train
20260827_012029_NCMNQR,train
20260827_012049_YDGFHR,train
20260827_012145_WJZYBD,eval
20260827_012310_PDXQSW,train
20260827_012713_MQADSY,train
20260827_012715_QLGHHK,eval
20260827_012934_USLHUU,train
20260827_013337_KQZSGL,train
20260827_013831_PTNWZW,train
20260827_014344_TDWZLZ,train
20260827_014637_PSKNWY,eval
20260827_014830_YDUJWD,eval
20260827_014833_YGQSRP,eval
20260827_014918_KVAALV,train
20260827_015027_PKTDEU,train
20260827_015044_JVYYPX,train
20260827_015159_SWLRXJ,train
20260827_015427_CQTGNT,train
20260827_015719_BAVJSW,train
20260827_020107_BXNDDC,train
20260827_020119_EEPVQJ,train
20260827_020424_AKNBEA,eval
20260827_020554_FDRDPK,train
20260827_020556_AATQJM,train
20260827_020821_TUVZZJ,train
20260827_020907_YBGPHY,train
20260827_021249_WSDXWM,eval
20260827_021504_BEERMA,eval
20260827_021705_TGEZJQ,train
20260827_021838_YFFNVN,train
20260827_021934_VEDANH,train
20260827_022034_PWCDPH,train
20260827_022100_GYTRFP,train
20260827_022305_GWLJZL,train
20260827_022527_KBZKTA,eval
20260827_022752_KCXGQJ,train
20260827_024005_CXTFPW,train
20260827_024049_KGEKQY,eval
20260827_024208_HZVYUX,train
20260827_024406_MFTUHF,train
20260827_024915_YRHQLY,eval
20260827_025008_MAYYRQ,eval
20260827_025252_RDYMVJ,train
20260827_025326_GALEAL,train
20260827_025343_FMNLYH,train
20260827_025636_VDMFKF,train
20260827_025741_NJDPRW,eval
20260827_030120_TDXAKN,train
20260827_030140_HQPWQA,train
20260827_030253_PQRFLB,train
20260827_031318_HRWGRA,eval
20260827_031355_SRPHXH,train
20260827_031423_ZNGFLU,eval
20260827_031428_PKAXCE,eval
20260827_031741_UPCCZV,train
20260827_031823_FADYQR,train
20260827_032109_NGDAPE,eval
20260827_032347_EMNKQR,train
20260827_033353_VCKSZP,train
20260827_033831_FLTHPC,eval
20260827_034105_JXKNLQ,train
20260827_034346_MBXRAF,eval
20260827_034501_FSULPJ,train
20260827_034616_WSGWPW,train
20260827_034744_UVZMCV,train
20260827_034812_FZRTSV,train
20260827_035417_EBDQTQ,train
20260827_035456_ANGUSL,train
20260827_035507_HDRWAJ,train
20260827_035755_TGQJHR,train
20260827_040343_JZKTBP,train
20260827_041031_PQZQVC,train
20260827_041148_DGSZTL,train
20260827_041842_TXAXCF,train
20260827_042232_QRAFVA,train
20260827_042257_PVBZCY,train
20260827_042407_NHTXAY,train
20260827_042652_ULFUYM,train
20260827_042725_EJGNHL,train
20260827_042753_CEXCQY,eval
20260827_042940_LLCTCS,train
20260827_044914_UJDDKE,train
20260827_045026_SGRXPS,train
20260827_045027_FYHPXM,eval
20260827_045339_GRHSPV,eval
20260827_045941_QJDNFF,train
20260827_045948_XWZLJV,train
20260827_050140_RUGFQB,train
20260827_050338_XWFSGM,train
20260827_050353_NQVCAH,train
20260827_050628_GHKKBN,eval
20260827_050752_HMEUQF,train
20260827_051001_RZCUTJ,eval
20260827_051119_JHWYGT,train
20260827_051124_AKLLDB,train
20260827_051125_ZBVHEX,train
20260827_051316_LNLWWT,train
20260827_051636_BWLERV,train
20260827_051757_VEBLYE,train
20260827_052230_AZWCYU,eval
20260827_052304_DKKVVP,train
20260827_052602_QECZBT,train
20260827_052603_PNTZJJ,train
20260827_053029_PAUBRH,train
20260827_053037_FRUHDE,train
20260827_053301_ANHDYM,train
20260827_053327_TENRNW,train
20260827_053340_XLPEBS,train
20260827_053425_QKKBLK,train
20260827_053911_YFDMVE,eval
20260827_054005_EUGQLB,train
20260827_054032_ZRXYBG,train
20260827_054104_PJRQBZ,train
20260827_054107_TXAYYY,train
20260827_054132_LVDTTP,eval
20260827_054451_BPAXJA,train
20260827_054647_BAHPDF,train
20260827_054751_VGCTYM,train
20260827_054822_RDEYMB,train
20260827_054915_WNMKCU,train
20260827_055019_XEWVPS,train
20260827_055102_MKXQMM,train
20260827_055124_DUHPMH,train
20260827_055245_ZQNWGP,train
20260827_055403_HRXNFE,train
20260827_055512_QETFCH,train
20260827_055519_CLTWCL,train
20260827_055724_VBHAUZ,train
20260827_055858_CTWAPS,train
20260827_055949_UVNKBX,train
20260827_060013_YUAMDZ,train
20260827_060143_ENDBED,train
20260827_060227_TJMZAD,train
20260827_060348_HRHVNA,eval
20260827_060352_RQXAXG,train
20260827_060507_YDGRUW,train
20260827_060517_CEKCDX,train
20260827_060702_VQNWGZ,train
20260827_061032_JZBRKL,train
20260827_061051_ZGDQRD,train
20260827_061108_EKZRYM,train
20260827_061322_XWWGNF,train
20260827_061357_CQRLLP,eval
20260827_061425_MGJDCR,eval
20260827_061439_EVYPUA,train
20260827_061525_WCZYBD,train
20260827_061526_CKCGPG,train
20260827_061622_HJMAUF,train
20260827_061705_BWMRCM,eval
20260827_061735_UQKEMB,train
20260827_061904_CMFCXE,eval
20260827_061907_WAPYHS,train
20260827_062016_FXSDDV,train
20260827_062127_VRSHBC,train
20260827_062222_EXBUHD,eval
20260827_062404_GWVACX,eval
20260827_062639_FUPKMW,train
20260827_062733_QHDRRA,eval
20260827_062950_FZKASE,train
20260827_063013_YUEBUK,eval
20260827_063116_HFTVRP,train
20260827_063235_CHXJPD,train
20260827_063421_TSWTGB,train
20260827_063522_GTFAAV,train
20260827_063608_PWXMPM,train
20260827_063648_JKMRYA,train
20260827_063802_ZNWJHU,train
20260827_063804_DLPYGG,train
20260827_063828_ZVLNZN,eval
20260827_063934_HZRQRS,train
20260827_064109_PSPBTQ,train
20260827_064134_BCQSCW,train
20260827_064355_SGNNXV,train
20260827_064452_MVRVJW,train
20260827_064702_CVKZAX,eval
20260827_064811_HMQKND,train
20260827_065013_KSMCDZ,train
20260827_065021_YVXDYL,eval
20260827_065524_PKVBKB,eval
20260827_065826_BPQNMB,train
20260827_070102_BUVUVQ,train
20260827_070119_CCJMZG,train
20260827_070411_FXNGQZ,train
20260827_070413_XMRBFH,train
20260827_070436_MZKNFQ,train
20260827_070503_YNKTXM,train
20260827_070723_KAQVWZ,eval
20260827_070806_XJVXVH,train
20260827_070850_MPGKRE,train
20260827_071248_MJTKHF,train
20260827_071340_BFAUYA,train
20260827_071602_SGBENX,train
20260827_071613_PKUCYB,train
20260827_071634_NHHLHH,train
20260827_071821_PZHFKD,train
20260827_071839_FADVKP,eval
20260827_071856_EATXCR,eval
20260827_072141_HDWMBH,eval
20260827_072448_TFNLKE,train
20260827_072522_YDQNUN,eval
20260827_072605_RASGYP,train
20260827_072620_GWBGJK,train
20260827_072944_EQVREL,train
20260827_073115_GBUQRQ,eval
20260827_073204_DMZRSK,train
20260827_073617_KXWRSZ,train
20260827_073734_MPKFGS,train
20260827_073852_EYGBGN,train
20260827_074936_VAKKST,train
20260827_075222_AUEXLY,train
20260827_075704_JUGKGU,train
20260827_075950_FEAWYM,eval
20260827_075954_YCEFEY,train
20260827_075959_MEAQYP,train
20260827_080236_RLVSVF,train
20260827_080428_DVUYYU,train
20260827_080442_BMNYCE,train
20260827_080701_RDDMDP,train
20260827_081310_SNAMYQ,train
20260827_081338_YAPCAP,train
20260827_081607_YMFELN,train
20260827_081624_KEABLH,train
20260827_081926_NCCQEZ,train
20260827_081955_RSQTUV,train
20260827_082140_UEVCPY,train
20260827_082153_GMBNQB,train
20260827_082226_AWWXUK,train
20260827_083050_TWMQHT,eval
20260827_083118_CYYSJH,train
20260827_083526_TBUMQD,train
20260827_083615_WQAUPT,eval
20260827_084147_TYYJPF,train
20260827_084300_YZVFUT,train
20260827_084556_YHFMSX,train
20260827_084640_SSRJBF,train
20260827_085314_VAZLNU,train
20260827_085351_WBEZRU,train
20260827_085913_VRLHZS,train
20260827_085943_BBGKEM,train
20260827_091110_TEQMFY,train
20260827_091943_FGJBMS,eval
20260827_092122_ZKKVYP,train
20260827_092302_NGUNXY,train
20260827_092324_SYRKVH,train
20260827_093255_NJBUTP,train
20260827_093305_FHRVUF,train
20260827_093801_GFSJSE,train
20260827_093845_NUJFXM,train
20260827_094007_UZYZQZ,eval
20260827_094028_WETKNU,eval
20260827_094214_NJZAZS,train
20260827_094524_PMXACJ,train
20260827_095358_WVSTXC,eval
20260827_095448_TDVQQF,eval
20260827_095601_FFBEAV,train
20260827_095621_CYVXPJ,eval
20260827_095745_LQPFHJ,train
20260827_095759_JZGFCC,train
20260827_095922_CRWJTT,train
20260827_100701_YGSCNF,train
20260827_100805_WZVATY,train
20260827_100936_XYNWMA,train
20260827_100941_JQDPHW,train
20260827_101224_WEMYCX,eval
20260827_101352_CZXUAG,train
20260827_101534_NXTHKH,train
20260827_101608_ZHJBBG,train
20260827_101913_WLMAEX,eval
20260827_101925_VBVKLS,train
20260827_102620_SHJRMP,train
20260827_103240_ANCPGF,train
20260827_103347_MASXSY,train
20260827_103426_KTYDLQ,train
20260827_103558_JWFRPD,eval
20260827_103811_CTETUE,eval
20260827_103953_WZZEAD,train
20260827_104250_VWRUPZ,train
20260827_104420_JRSZSH,train
20260827_104508_MUSUVK,eval
20260827_104548_UYXMED,train
20260827_104901_TGFJZC,train
20260827_105300_TAKEBK,eval
20260827_105441_PGWENL,train
20260827_105920_KAPQJH,train
20260827_110942_EXJQND,eval
20260827_111137_VZMUZP,eval
20260827_111227_SHNYAT,train
20260827_111421_DSTQAY,train
20260827_113301_RUTPPZ,eval
20260827_115402_LPDVRA,train
20260827_122029_DHNBET,eval
20260827_122230_EXMNJA,train
20260827_125143_WMYMWT,eval
20260827_125254_CKEQGR,eval
20260827_130219_RXSJAM,train
20260827_131442_LEDVEL,train
20260827_131605_HFHMXD,train
20260827_132616_RPNUAR,train
20260827_133442_RXJMDK,train
20260827_133508_JNGJJX,train
20260827_133633_MMAWBB,train
20260827_140449_XFJEDC,train
20260827_142534_KSUYLC,train
20260827_142721_DSGJRH,eval
20260827_144104_KBFVCZ,train
20260827_145514_MPURET,train
20260827_150111_RTMXSV,train
20260827_150216_PKLWNV,train
20260827_150730_SLEBRU,train
20260827_151259_HACGDP,train
20260827_151707_ULFLBR,eval
20260827_154632_BGKKXR,train
20260827_154816_BQEEAY,train
20260827_163118_RMJRJK,eval
20260827_164953_DPDPTB,train
20260827_221355_LPBTCT,train
20260827_221617_RCJPBA,train
20260827_222134_NPPJDG,train
20260827_223014_TJTHTL,train
20260827_225320_HRAPRS,eval
20260827_230106_CJEPLB,train
20260827_230217_DKKWXX,train
20260827_231504_KCSPRN,train
20260827_231924_RTGDDJ,train
20260827_232102_XLTLVJ,train
20260827_233314_PSMSBA,train
20260827_233954_TKGCDB,train
20260827_234425_GSGJZY,train
20260827_234642_NZGRAF,train
20260827_234936_YJEQBX,train
20260827_235416_YGNFWD,train
20260827_235738_JJEJMM,train
20260828_000056_EMGYFH,eval
20260828_000418_KQRRSP,train
20260828_000509_RFMUSW,train
20260828_000549_EPXYSS,train
20260828_000741_ZAYPBW,eval
20260828_000742_QNJKBV,train
20260828_001028_BJVJJY,eval
20260828_001157_QCJSKZ,train
20260828_001339_CCDYZY,train
20260828_001408_MQNNXH,train
20260828_001806_EKDDMW,train
20260828_001813_DPVSDT,train
20260828_002040_THRTUB,train
20260828_002243_FGYHWH,train
20260828_002335_XJGBCX,train
20260828_002525_PLHPCF,train
20260828_002801_JXPSBD,train
20260828_002859_EXPKCC,train
20260828_003102_PDBUGJ,train
20260828_003137_BRXGHA,train
20260828_003145_HPJXNC,eval
20260828_003249_LCGPNW,train
20260828_003257_UFBMRE,train
20260828_003558_XGGADT,train
20260828_003853_JWNWJL,train
20260828_004212_AGBGHZ,eval
20260828_004252_RNPJBY,train
20260828_004548_PQQUEM,eval
20260828_005230_CBBLHR,train
20260828_005246_RVSCXH,train
20260828_005352_FUTWWS,train
20260828_005448_UEDCHS,eval
20260828_005856_DCJUUM,train
20260828_010055_NBGLVH,eval
20260828_010248_NXUGVU,train
20260828_010332_WFKDKP,train
20260828_010411_SQVPQD,train
20260828_010458_WPXXHW,train
20260828_010504_ECADUW,train
20260828_010620_CAJAKK,train
20260828_010748_FEXFBP,train
20260828_010758_ZMECHU,train
20260828_010806_NLYJCB,train
20260828_011119_SKKWJY,train
20260828_011348_DXAWVA,eval
20260828_011433_GBAUHB,train
20260828_012144_BENSHG,train
20260828_012202_CQVCUY,train
20260828_012448_WLVZXC,train
20260828_012651_VYJTXJ,train
20260828_013040_RMNLUZ,train
20260828_013343_QFHYRA,eval
20260828_013540_AWCKAR,eval
20260828_013603_AUFLYA,train
20260828_013805_QVHHVU,eval
20260828_013932_EQQJNY,train
20260828_014223_LEMNMD,train
20260828_014326_NRLGGY,train
20260828_014423_CMEXSN,eval
20260828_015023_KWYKGA,train
20260828_015353_YUFWGJ,train
20260828_015444_MTQLNH,train
20260828_015514_PFPGVS,train
20260828_015639_AKKZSM,train
20260828_015643_BGDXAT,train
20260828_015645_PMBSAJ,train
20260828_015712_MQYCNB,train
20260828_015734_HUWYPC,train
20260828_020651_VUJBSD,train
20260828_020654_XDFLAR,train
20260828_021035_JGFPJL,train
20260828_021128_QYPSWF,train
20260828_021206_RLBZYT,train
20260828_021233_GGRZYT,train
20260828_021832_BAXKXM,train
20260828_021846_QDSMAV,train
20260828_021936_RXWZHB,eval
20260828_022132_AHUUZR,train
20260828_022421_CFGKJH,train
20260828_022513_TKUXFU,train
20260828_023134_JPGEUU,train
20260828_023223_BWVKJV,train
20260828_023642_KAMWSE,eval
20260828_023835_SYJCKS,eval
20260828_024144_WTJGGS,train
20260828_024618_NTXDFL,eval
20260828_024630_XYYNVR,train
20260828_025224_PQPFKZ,train
20260828_025400_QDGAKR,train
20260828_025749_DEMAAE,train
20260828_025803_SKQKQA,train
20260828_025956_CVCTLD,eval
20260828_030013_MGXLNS,train
20260828_030537_XCXRJX,eval
20260828_030742_VYDQDK,train
20260828_030903_MLBLCH,train
20260828_030955_HDDXES,train
20260828_031234_AUMMZV,train
20260828_032142_KHZQMV,train
20260828_032626_EEXWMY,train
20260828_032643_JEDYRV,train
20260828_032821_GRYAMC,train
20260828_032828_KGGXAZ,train
20260828_033801_NNYLAQ,train
20260828_034734_KUBNNS,eval
20260828_035139_MWWYDX,train
20260828_040038_DNKCJA,train
20260828_040446_DXHXAJ,eval
20260828_040725_CCSVVK,train
20260828_041044_SVLVSU,train
20260828_041408_GPDEXH,train
20260828_041457_WFXMCZ,train
20260828_041600_HHSXUG,train
20260828_041943_VWUYYN,eval
20260828_042047_HYRDRB,train
20260828_042331_HVJCCQ,train
20260828_042903_YJQPRG,train
20260828_042908_LCYGGY,train
20260828_043029_ZGJQLK,train
20260828_043358_JNGCRM,train
20260828_043407_LKSHDE,train
20260828_043949_REDQTC,eval
20260828_044001_NSEQGB,eval
20260828_044603_JYTPUA,train
20260828_044626_DLKYLZ,train
20260828_045046_KMJFXX,eval
20260828_045156_GCXEQT,train
20260828_045725_KPLEXV,train
20260828_050126_SXXYMX,eval
20260828_050227_PWVNJB,train
20260828_050230_DZRECE,train
20260828_050437_BBPKUE,train
20260828_050623_VZLGHD,train
20260828_050639_UECAVT,train
20260828_050829_SYNGAG,train
20260828_050912_HEWGMV,eval
20260828_051113_PLYFBR,train
20260828_051113_YDKGQQ,eval
20260828_051445_BCGQLS,train
20260828_051658_QNFBAQ,eval
20260828_051659_VRYJFB,train
20260828_051843_SYYNHV,train
20260828_051959_KGHBNP,train
20260828_052343_BELKMQ,train
20260828_052541_UJRAPR,train
20260828_052555_JXARCT,train
20260828_052626_LQDLWN,train
20260828_052817_PPEXKY,eval
20260828_052958_UTJTLT,train
20260828_053053_KJYJJK,train
20260828_053102_PDUMMT,train
20260828_053113_KFVYWP,train
20260828_053217_GYGWKG,train
20260828_053332_MRVBWU,train
20260828_053352_FYWHBS,train
20260828_053430_HSSVTS,train
20260828_053525_JDTHYT,train
20260828_053546_RXYNME,train
20260828_053638_GSDQPQ,train
20260828_053642_YNMZBX,eval
20260828_053657_PRABME,train
20260828_053705_KKCUSH,train
20260828_053744_TSMBDU,eval
20260828_053753_GKPRPC,train
20260828_053754_HJGZHM,train
20260828_053758_MSQEXC,train
20260828_053815_TKZNHX,train
20260828_053831_MVBJYL,eval
20260828_053832_NXZSLJ,eval
20260828_054004_GBYCYD,train
20260828_054024_QJXEXE,train
20260828_054147_WVHJWK,eval
20260828_054323_KBTJAJ,eval
20260828_054601_SHXHTD,train
20260828_054718_HFJGJU,eval
20260828_054905_YJWAZW,train
20260828_054920_PZMUKT,train
20260828_054955_PWMQKF,train
20260828_055210_TTZGXQ,train
20260828_055612_UZTSPP,train
20260828_055630_TCLRDH,train
20260828_055749_ARGNLN,train
20260828_055922_CATNQU,train
20260828_055928_GJRMNL,train
20260828_055929_DUESYB,train
20260828_060011_PLRUAQ,train
20260828_060407_SDGCNJ,train
20260828_060439_BRJWJG,train
20260828_060503_HSZMQZ,train
20260828_060513_CNNMSS,train
20260828_060645_HRGLKB,train
20260828_060847_ZSMZJH,train
20260828_061102_HVQFPM,eval
20260828_061222_MRUVKV,train
20260828_061231_ZQMXJK,train
20260828_061329_VVJVCP,train
20260828_061505_ULPPRR,train
20260828_062404_LVDKRD,train
20260828_062415_JZQDEJ,train
20260828_062534_KJYHHB,train
20260828_062802_EFKMGF,train
20260828_062846_QLSKYM,train
20260828_062946_QGHDFW,train
20260828_063102_AYZHPL,train
20260828_063116_FHRANB,train
20260828_063241_WTWBCD,eval
20260828_063259_XTYBJX,train
20260828_063406_EKUMPB,train
20260828_063515_ZNBNDC,train
20260828_063517_VVGZVQ,train
20260828_063615_TMHWBW,train
20260828_063858_FHELSJ,eval
20260828_064014_ZVPJBT,train
20260828_064159_FENUWN,eval
20260828_064314_EYTDWQ,train
20260828_064407_CTBTKK,train
20260828_064440_BAZNWQ,eval
20260828_064656_SLFVWS,eval
20260828_064824_KMGLKD,train
20260828_064830_JSVUPZ,train
20260828_065259_RCRDQX,train
20260828_065509_VSACUU,train
20260828_065538_ZXLHTM,train
20260828_065925_EHKEFJ,train
20260828_065942_RMGGXH,train
20260828_070056_TQSBVX,eval
20260828_070059_FETWHY,train
20260828_070157_NEUTBQ,train
20260828_070602_SBZDQX,eval
20260828_070628_WUHYLE,eval
20260828_070706_WVKUBJ,train
20260828_070821_XACTEP,eval
20260828_071033_LFDCYP,eval
20260828_071539_GKMSHL,train
20260828_071925_FFFWHY,train
20260828_072051_JWKESD,train
20260828_072101_GRBQEB,train
20260828_072124_FKVBAT,eval
20260828_072431_NSUMPH,train
20260828_072609_NFTEWA,eval
20260828_072630_PHEMFL,train
20260828_072835_XNMDQW,train
20260828_072932_FJCPTY,train
20260828_073010_JZRGPJ,train
20260828_073214_HXUKDU,train
20260828_073331_CEKZAX,train
20260828_073456_UPFEZV,train
20260828_073648_PNPHMS,train
20260828_073911_GWRWKU,train
20260828_073915_AFULUB,train
20260828_074404_HBPNTK,train
20260828_074507_YLGSCZ,train
20260828_075116_AZGRCY,eval
20260828_075658_KQVLSP,train
20260828_075758_YKAQJR,train
20260828_075800_GRHYMW,train
20260828_075841_YYSUUQ,train
20260828_075915_LEQGRK,train
20260828_080051_XMXQWS,eval
20260828_080101_PBUQSH,eval
20260828_080141_SBBHTP,train
20260828_080352_UCJHQN,train
20260828_080518_DJRQRH,train
20260828_080518_VWCZFT,train
20260828_080552_BFNXBD,train
20260828_080733_MUFZMU,train
20260828_080734_ESKRAN,train
20260828_080753_CPLTTG,train
20260828_081002_VPDZZB,train
20260828_081518_UJRDWD,train
20260828_081614_CTYZQJ,train
20260828_081708_NMVSJY,eval
20260828_082054_YFRYXY,train
20260828_082259_XLZNXJ,train
20260828_082422_LWZCJJ,eval
20260828_082502_TZBDXP,eval
20260828_082803_XDSXMA,train
20260828_082912_GUSBYH,train
20260828_082941_SUGJWE,eval
20260828_082944_DCDFLS,train
20260828_083158_YJAMMZ,train
20260828_083214_CXZMUV,train
20260828_083249_QNVXYC,train
20260828_083259_UZTULX,eval
20260828_083310_UXMMBC,train
20260828_083420_GTEVAQ,train
20260828_083857_AVHWFG,train
20260828_084309_UWHDTW,train
20260828_084603_ZHQAGF,train
20260828_084604_WBBYMD,train
20260828_084918_HPAKWX,train
20260828_085020_YCUEEG,train
20260828_085140_FTWVQY,train
20260828_085353_PWPBLR,eval
20260828_085506_QUJTKQ,train
20260828_085558_JHXXQK,train
20260828_085751_YNXELU,eval
20260828_085921_ZEVLVX,train
20260828_085958_HPQAHU,train
20260828_091132_EEXNRU,train
20260828_091547_TTTGSH,eval
20260828_092004_AUVFWD,train
20260828_092011_HCKGEX,train
20260828_092124_GQCTYK,train
20260828_092538_KWTZLB,train
20260828_092900_SRCFSS,train
20260828_093226_DHMSEJ,train
20260828_093300_NSGVXF,train
20260828_093349_DZNQSW,train
20260828_093507_FKFXCY,train
20260828_093754_NNVSHL,train
20260828_093800_KEBTHW,train
20260828_093845_VMPVQP,train
20260828_094124_KZSLXT,train
20260828_094151_LQUNYD,train
20260828_094252_AGXVRQ,train
20260828_094333_CGHLDE,train
20260828_094420_YSPSBM,train
20260828_094537_JWSMSJ,train
20260828_094548_FQLLMM,train
20260828_094923_GUCCRH,eval
20260828_095251_RDHANZ,train
20260828_095532_CXREYG,train
20260828_095728_PHBXXG,train
20260828_095750_EZKSEQ,train
20260828_095757_XHZMXB,eval
20260828_095920_KGKHGA,train
20260828_100141_EJDENM,train
20260828_101059_DEZXBB,train
20260828_101105_JQCJTN,eval
20260828_101142_VFRBCH,train
20260828_101337_PWWJTM,eval
20260828_101421_VRWMCW,train
20260828_101630_GALMYC,train
20260828_101948_VDFJNE,eval
20260828_102045_CNBEHK,train
20260828_102046_WBXWXB,eval
20260828_102429_FMGQYD,train
20260828_103102_HECELE,train
20260828_103204_SRVQAB,train
20260828_103216_ZCBMPS,train
20260828_103230_EHACPR,eval
20260828_103412_EUEPZZ,train
20260828_104353_LYWCLV,eval
20260828_105255_XFJPSP,train
20260828_105405_AQQQGY,eval
20260828_105439_FSHVVS,train
20260828_105749_ZWDVEA,train
20260828_110549_ABZMPE,train
20260828_111842_CXPQEC,train
20260828_112016_PTLZLA,train
20260828_113358_NUAEMN,train
20260828_113551_DYRLDC,eval
20260828_113605_HUGARW,train
20260828_115156_VSNULV,train
20260828_115353_ADWQAN,train
20260828_120239_XYUWEU,train
20260828_121644_LRTRJD,eval
20260828_122659_CWJZMJ,train
20260828_124841_BUFHMX,train
20260828_124907_XWYJYA,train
20260828_125919_SFQRWH,train
20260828_130435_DFVWDY,train
20260828_131012_KWAZXL,train
20260828_132926_SDLJYC,train
20260828_141238_VBTFQH,train
20260828_143715_DZDAZG,eval
20260828_144303_STXDKR,train
20260828_144620_SKXPKC,train
20260828_145342_ELTGUU,train
20260828_145448_DWCBNW,train
20260828_150423_UTHQUM,train
20260828_151530_HSETWA,train
20260828_152624_YKHXGN,train
20260828_152637_UJBNJU,train
20260828_223958_LNCCHR,train
20260828_224310_YWJLMP,train
20260828_230822_SJLWWH,train
20260828_231902_BRKDZZ,train
20260828_232233_FWSYZN,train
20260828_233218_YQJBVT,train
20260828_234049_RTABYB,train
20260828_234357_XBEJCP,train
20260828_234452_RKWDQX,train
20260828_234615_KEZKMD,train
20260828_235523_RVKMUC,train
20260828_235800_UZTYJG,eval
20260829_000538_CENFUY,train
20260829_000916_BCRHEG,train
20260829_001222_HLEWUY,eval
20260829_001354_GSTEBD,train
20260829_001436_VZRMMW,train
20260829_001442_ZNXDAP,train
20260829_001521_BNPASG,train
20260829_001529_KEWCEL,train
20260829_001656_RUKWDC,train
20260829_001740_WXSABS,train
20260829_001910_QWBGXA,train
20260829_002751_AFXPKF,eval
20260829_002901_VWSRWW,train
20260829_003214_TRVHBE,eval
20260829_003236_DZSBHR,train
20260829_003503_YSKUAK,eval
20260829_003730_NBRBQT,eval
20260829_003838_UGNHTN,train
20260829_003932_VRUVET,train
20260829_004215_LPZPXR,train
20260829_004310_CQGCGQ,train
20260829_004338_PAPWLM,train
20260829_004805_EUMQMC,eval
20260829_004933_RRGGAY,train
20260829_005205_RLNEEC,train
20260829_005518_GLYPST,train
20260829_005519_EKPRJA,eval
20260829_005547_TGXYPD,train
20260829_005555_CALTVP,train
20260829_005954_PTFTMZ,train
20260829_010219_QVBYYW,eval
20260829_010344_HRVUZJ,train
20260829_010837_XZTYYW,train
20260829_011338_WNHCZQ,train
20260829_011732_RLVTVE,eval
20260829_011804_DRJQAQ,train
20260829_012033_DULNJN,train
20260829_012140_TWBZUE,train
20260829_013319_JGNNYU,train
20260829_013430_NKWBHL,train
20260829_013856_EEEMVE,train
20260829_014056_YGJHWA,train
20260829_014514_NEUZCF,train
20260829_014549_NXBZNK,train
20260829_014657_NPNJCS,train
20260829_014823_VVUQDA,train
20260829_014827_GQUJPY,train
20260829_014913_RMSFPG,eval
20260829_015027_SXWEHU,eval
20260829_015051_PUAYNR,train
20260829_015659_ADQHJS,train
20260829_015704_WLQNJP,eval
20260829_015752_TNTLJM,train
20260829_020018_NZGMJY,train
20260829_020204_LDZZAG,train
20260829_020311_UMYJPT,eval
20260829_020355_MZYPGN,train
20260829_020618_QHMBBN,train
20260829_021025_USZLCH,train
20260829_021130_GCQXJB,train
20260829_021239_VNPMLK,train
20260829_021307_MRRFQZ,train
20260829_021653_YUMTBJ,train
20260829_022717_YELRWY,eval
20260829_022952_VMHFWT,eval
20260829_023234_CMXUWH,eval
20260829_023234_UGYAMZ,train
20260829_023554_JREEWL,eval
20260829_023701_EWVAFB,eval
20260829_023702_SSEJCM,train
20260829_023743_DEURSY,train
20260829_024027_TQSSBG,eval
20260829_024140_TDQHAE,eval
20260829_024201_UDYLSN,train
20260829_024317_HQEPRB,train
20260829_024520_EMZSFQ,train
20260829_024635_YYAFTU,train
20260829_024705_VLUUWU,eval
20260829_025041_DXLWFZ,train
20260829_025553_KTDESY,eval
20260829_025706_XPRQVN,eval
20260829_025733_GJMDQQ,train
20260829_030049_VKTCND,train
20260829_030428_BLWFTA,eval
20260829_030557_LUWSNT,train
20260829_031059_SKXGYV,train
20260829_031925_MBUYCE,train
20260829_033533_WGBEKR,train
20260829_033612_DNNTST,train
20260829_034044_SNVMUW,train
20260829_034310_QDVWDC,train
20260829_034408_VJDTJM,train
20260829_034906_GKXATR,eval
20260829_040012_HGHPKK,eval
20260829_040203_DXZTWZ,train
20260829_040340_WGNCHT,train
20260829_040924_UDHDEE,train
20260829_041138_ZLXDQG,train
20260829_041139_RXLBCL,eval
20260829_041336_JNZUJG,train
20260829_041413_FEYQED,eval
20260829_041537_XFQPWH,train
20260829_041928_ZYXXUS,eval
20260829_042638_JGZWSF,eval
20260829_042820_FUZGCG,eval
20260829_042944_RTTANK,train
20260829_043634_BNNCRY,train
20260829_043732_GURHGW,train
20260829_044318_PUPDPR,train
20260829_045817_VCQTRB,train
20260829_045955_URESWK,train
20260829_050003_ZQUFHT,train
20260829_050221_ZLHPPA,train
20260829_050241_CUCRFD,eval
20260829_050315_QWLFLE,train
20260829_050411_CFYQVS,train
20260829_050436_WFWGGD,train
20260829_050506_JAXCRZ,train
20260829_050828_REDTVU,train
20260829_050909_ZGEBGE,train
20260829_050940_RWFFYB,train
20260829_051026_FQDMBS,train
20260829_051240_NPXSGB,eval
20260829_051324_LQWUGC,train
20260829_051435_ZLBPDN,train
20260829_051559_UNTURP,train
20260829_051638_HJNVHL,train
20260829_052059_JPFAJV,train
20260829_052307_LGZNND,train
20260829_052311_QKSMUF,train
20260829_052423_JNJESS,train
20260829_052912_GQHFCN,train
20260829_053159_BXZMPK,train
20260829_053206_VWULSP,eval
20260829_053213_BZLRWP,train
20260829_053213_MKUEKV,train
20260829_053300_QABTUA,train
20260829_053356_ZRBBEZ,train
20260829_053449_DYQDVR,train
20260829_053556_KNPMLT,train
20260829_053557_SRXZRE,train
20260829_053615_MYFMXM,train
20260829_053627_TGBVCF,train
20260829_053734_UFRBTF,eval
20260829_053945_RRZKYL,train
20260829_054131_AFDFPL,eval
20260829_054334_LBGRTQ,train
20260829_054458_AXSXCK,train
20260829_054458_AZPDXX,train
20260829_054543_NWXWEU,eval
20260829_054640_SSJKHF,train
20260829_054641_RYEPJS,train
20260829_054712_DTWAGP,train
20260829_054757_DHCZAJ,eval
20260829_054859_SHGZKW,train
20260829_054902_KQVDEV,train
20260829_055126_BSQJNQ,train
20260829_055423_THTGNJ,train
20260829_055728_NXHUEV,train
20260829_060104_LUFPKL,eval
20260829_060248_LRTZAB,train
20260829_060252_ZZHZRD,train
20260829_060628_LAEVWB,train
20260829_060840_QDPPYU,train
20260829_061516_MDPLLD,train
20260829_061518_AVQZNU,eval
20260829_061713_TDJAJT,train
20260829_061750_NHAYYH,train
20260829_061758_PBYDEE,train
20260829_062014_LZAHTF,train
20260829_062250_AQPZNU,eval
20260829_062337_GCMJAZ,train
20260829_062910_GZKPNR,train
20260829_062926_RLMTGQ,train
20260829_062928_XRJQWL,train
20260829_062938_XHRBMF,train
20260829_063726_QGWUNC,train
20260829_063835_GZVQTV,train
20260829_064217_ALAQYZ,train
20260829_064439_JXUFQE,train
20260829_064456_HSLGPM,train
20260829_065457_VWFMMV,train
20260829_070217_UDNLHL,train
20260829_070223_EQZZEC,eval
20260829_070638_JALNSE,train
20260829_070706_ZTJXEU,eval
20260829_070810_MXXKFS,train
20260829_072647_NNRTAG,train
20260829_073105_SXQMDX,train
20260829_073203_SPBPTW,eval
20260829_073502_SHHPAN,eval
20260829_073504_CEVZEM,train
20260829_073607_QCFDQM,train
20260829_074317_PZKXJX,train
20260829_074756_ELHBVY,train
20260829_074916_CEGPUL,train
20260829_075006_SPFAHU,train
20260829_075048_FGLFKU,train
20260829_075234_LDHKXK,train
20260829_075551_MTPSRH,train
20260829_075639_NCSESQ,eval
20260829_075759_KBZGVN,train
20260829_080251_SFUBYP,train
20260829_080310_WQCLHT,train
20260829_080618_ASCRJX,train
20260829_080740_AWGANR,train
20260829_081018_DGXTGF,train
20260829_082206_NNDEDT,train
20260829_082600_FVVFYD,eval
20260829_082648_MSVJXL,eval
20260829_083607_SMLVBZ,train
20260829_084219_ZHLFUB,train
20260829_085858_KDSAAP,train
20260829_090814_LSJSTQ,eval
20260829_090837_MBLRBC,train
20260829_091144_GQZPTH,train
20260829_091246_KUTLWU,train
20260829_091703_PMTKVB,train
20260829_091831_VFBUMG,eval
20260829_091949_YFXGWF,eval
20260829_092125_MTDWKP,eval
20260829_092255_CCPUGJ,train
20260829_093139_HXCHVT,train
20260829_093546_BAWXWL,eval
20260829_094148_QMKDJT,train
20260829_094434_PSQMYS,train
20260829_094501_CKHNQH,train
20260829_094755_ZKMXXC,train
20260829_094830_GCCLVN,train
20260829_094909_ASZUEY,train
20260829_100250_MULUXC,train
20260829_100354_LBCDDA,train
20260829_100431_UEKBAX,train
20260829_100537_TZPZWT,train
20260829_100705_TVPEKG,train
20260829_100839_RZRDPJ,train
20260829_100914_KZNYKA,train
20260829_101659_PDWFZE,train
20260829_102128_TCNNFM,train
20260829_102226_EAKCXJ,train
20260829_102320_BVJQVE,eval
20260829_102434_QUZXRN,train
20260829_102821_XXMFFP,train
20260829_103038_GRSRBK,train
20260829_103142_GKJZDL,train
20260829_103255_VRRUQN,eval
20260829_103327_PPNTDM,eval
20260829_103531_SHHCNS,train
20260829_104211_VTWAAV,train
20260829_104513_FSVRRF,train
20260829_104532_VDUMWF,train
20260829_105517_PEPHXL,train
20260829_105752_FXUSDP,train
20260829_110740_UJAHSR,train
20260829_111312_MCSPYL,train
20260829_112618_VHSDJK,train
20260829_113106_WACAXV,train
20260829_114316_DGNLFU,train
20260829_114539_RAGZUT,train
20260829_122314_GWXBWE,train
20260829_124254_LXWLWD,train
20260829_125449_PFDFYK,train
20260829_133447_GVHLXQ,train
20260829_133449_MPXDVH,train
20260829_134314_CMYCPH,train
20260829_134821_ZGFHCK,train
20260829_134932_XRZYKH,train
20260829_140213_CEPSGD,train
20260829_141354_USQBRX,train
20260829_142455_QWPBJW,train
20260829_143015_HZJBAU,train
20260829_144648_ZSZCJX,train
20260829_144822_AKKTRE,train
20260829_154542_ZBQHSX,train
20260829_164518_NUCFMW,train
20260829_171103_HGJDWJ,eval
20260829_224603_WLGGVN,eval
20260829_230644_PZHZRZ,train
20260829_231247_GYBXKN,train
20260829_231434_FCDBYV,train
20260829_233002_SFDGBE,train
20260829_233111_PBNXRB,eval
20260829_233320_BSYYSF,train
20260829_233641_GCYWYS,train
20260829_234156_SJQPAX,train
20260829_234241_XTSBWX,train
20260829_234316_GQTYHX,train
20260829_234424_ZKGGZD,train
20260829_234752_KHBKNC,train
20260829_235412_EMKUCC,eval
20260829_235435_PXPRXU,train
20260830_000005_HQWVHA,train
20260830_000508_NGYRXZ,eval
20260830_000739_TMTUPM,eval
20260830_000840_XDCKWR,train
20260830_000930_PLHYFZ,train
20260830_001420_QKFUYB,train
20260830_002332_WHGGPE,train
20260830_002845_HUMWYR,train
20260830_003215_BCDFJB,train
20260830_003722_BTQZMP,train
20260830_003924_MPLDLZ,train
20260830_005325_WBXZHK,train
20260830_005831_UKCYXB,train
20260830_005837_PEGMUR,train
20260830_010053_QABXLM,train
20260830_010137_TLHPFG,eval
20260830_010211_SCRTDF,eval
20260830_010609_PVEYDK,train
20260830_011036_ETKTST,train
20260830_011203_CYWTBR,train
20260830_011222_DJPYRV,eval
20260830_011632_YTXUUF,train
20260830_011937_LMRRUK,eval
20260830_012138_QMFWBC,train
20260830_012441_ARPVGD,train
20260830_012505_UKTKWM,train
20260830_012654_FSGCFK,eval
20260830_012956_FLLLDK,train
20260830_013018_ADBNMP,train
20260830_013458_ECCVSF,train
20260830_013603_VULBQY,train
20260830_013627_GJFLNZ,train
20260830_014029_WFJEAB,train
20260830_015441_BPFQBK,train
20260830_015746_SRAXNN,train
20260830_015958_ZSNJXX,train
20260830_020048_FYQLHE,train
20260830_020200_GCFTLY,train
20260830_020336_HCGUYX,train
20260830_020354_ZXVTTK,train
20260830_020520_FMQXFV,train
20260830_020525_AFBKLT,train
20260830_020614_DYZDJJ,eval
20260830_020931_XBFXSN,train
20260830_021531_GYBQAV,train
20260830_021615_EVXTHP,train
20260830_021651_CCVAFE,train
20260830_022329_PYVUVZ,eval
20260830_022534_XTWSEM,train
20260830_022758_WKMDPD,train
20260830_022925_HMKLXQ,eval
20260830_023534_VNVXEQ,train
20260830_024142_TTHDUK,train
20260830_024146_TDRMJN,train
20260830_024506_KFQBPG,train
20260830_025034_TDUPLY,train
20260830_025913_DPJYZA,train
20260830_030004_LRVTXJ,eval
20260830_030408_DGDNBU,train
20260830_031422_BJQYRK,train
20260830_031854_EBZHFW,train
20260830_031856_ACATJM,train
20260830_032300_SSXKGN,train
20260830_032907_QUAPJG,train
20260830_034213_ETFCQE,train
20260830_034805_VQJHSU,train
20260830_040153_CATKNQ,train
20260830_040215_CSWUCW,train
20260830_040707_FQMJWV,train
20260830_040833_CWHWRU,train
20260830_041718_YTBZKU,eval
20260830_041901_SRCQCJ,train
20260830_042339_ZKFKAU,train
20260830_042627_DZVVVZ,train
20260830_043549_MUKQYF,train
20260830_044227_FNTDUF,train
20260830_050709_JZFVPV,train
20260830_051019_MVEYQW,train
20260830_051129_RRNTTC,eval
20260830_051857_ENSNUR,train
20260830_051928_RNEVHC,eval
20260830_052608_SPPQMY,train
20260830_052632_DSPLWZ,eval
20260830_052939_YUTGTM,train
20260830_053032_CKJWBV,train
20260830_053120_WVLJCB,eval
20260830_053235_AAYXLG,eval
20260830_053307_PPYMXZ,train
20260830_053335_EHWSGN,train
20260830_053452_CBHVLG,train
20260830_053523_MRCGHU,train
20260830_053651_MZMFXL,train
20260830_053659_WFCFWC,train
20260830_053859_TKCMAP,train
20260830_054229_RCYLFZ,train
20260830_054237_SHGJJV,train
20260830_054545_VCNRQB,train
20260830_054813_ZQCMVD,train
20260830_055055_UFVAUL,eval
20260830_055206_VCRMEZ,train
20260830_055553_ATRASB,train
20260830_055624_QWNLCL,train
20260830_055942_PAZPLX,eval
20260830_060047_ULAHLT,train
20260830_060242_UDJATU,train
20260830_061406_YFYKUH,train
20260830_061457_QXWVVL,train
20260830_061638_PHQSXP,train
20260830_062357_LSPADQ,train
20260830_062947_MJEZFH,train
20260830_063314_HACKEX,train
20260830_063555_KHFTMZ,train
20260830_063718_LGGPTP,train
20260830_063833_MUXRQU,train
20260830_063931_GQWZRD,eval
20260830_064234_KWZGJN,train
20260830_064525_VJWDMN,train
20260830_064910_GHVZDC,eval
20260830_065012_HLJVPP,train
20260830_065502_JJRKHB,eval
20260830_065908_GBDWAK,train
20260830_071150_KQHELM,train
20260830_071625_CKLVVB,train
20260830_071638_WNMUBB,train
20260830_072040_BMGNRZ,train
20260830_073136_CNBGCB,train
20260830_073254_EFUEHL,eval
20260830_074117_BUMVSE,train
20260830_074206_LVJJVH,eval
20260830_074254_RBXFUH,train
20260830_074649_CKCBUT,train
20260830_074829_LDVYYL,train
20260830_075311_WWWRKM,train
20260830_075729_YSJNTT,train
20260830_080044_YBQFBS,eval
20260830_080044_YNQVTZ,eval
20260830_080156_BSMRPU,train
20260830_080254_JBPXDQ,train
20260830_080424_LYJSVJ,train
20260830_080507_VWFWWY,train
20260830_081529_KPCDJR,train
20260830_081611_RBEBBQ,train
20260830_081658_RXEUAH,train
20260830_082551_SHLSZG,train
20260830_082947_ULSSSV,train
20260830_082958_BWLZTL,train
20260830_083641_DBHYMG,eval
20260830_084214_KJCAVU,train
20260830_091639_LTTKGX,train
20260830_092021_EHHULS,eval
20260830_093124_TYALDZ,eval
20260830_093330_UVQXLB,train
20260830_094356_CDVKJQ,train
20260830_095348_PRSENQ,eval
20260830_095723_EVJLMT,train
20260830_095729_TQMAXN,train
20260830_095921_VCYCMF,eval
20260830_100211_UNBAAT,eval
20260830_100518_DKHCGU,eval
20260830_103545_SSVPCC,train
20260830_104109_NTKJGS,train
20260830_105519_PARRCS,train
20260830_112609_RXHKCJ,train
20260830_120054_BQKYQZ,train
20260830_124405_NVDPHT,eval
20260830_125154_XJESBQ,train
20260830_130337_FFPHUW,train
20260830_130756_AHLACU,eval
20260830_130909_JFJHUY,train
20260830_133932_QXCFVB,train
20260830_135214_SVHYAL,eval
20260830_135750_XFJHVB,eval
20260830_140229_RTMSRP,train
20260830_143728_YKJVUH,eval
20260830_144228_XQTDLV,train
20260830_150726_YHNHCU,train
20260830_151941_XQUUYH,eval
20260830_153004_AFVPJD,train
20260830_153042_NBTGWW,train
20260830_162943_YPHLGB,train
20260830_215527_MBASRT,eval
20260830_231154_KWHWXC,train
20260830_232234_CCLFNF,eval
20260830_232244_RSGDZZ,train
20260830_232535_QYRXYK,train
20260830_232746_HHKFLP,train
20260830_232845_BQCFGS,train
20260830_233548_AVEFZP,eval
20260830_235104_GPCSLE,train
20260830_235213_YGRFUT,train
20260830_235505_NAQJPV,train
20260830_235624_ABFSTL,eval
20260831_000142_ZURSYQ,train
20260831_000211_XAMJGG,eval
20260831_000516_YDDLCW,train
20260831_000525_FAULDU,eval
20260831_000532_KFKSGP,train
20260831_000552_HGBQCD,train
20260831_000625_QJFLHK,train
20260831_000658_SUGTAS,train
20260831_000718_ZHWYBY,train
20260831_000826_SHEAEY,train
20260831_000851_YZVAUU,eval
20260831_000937_PGSFCN,train
20260831_001123_NSXWUP,train
20260831_001319_BEAERN,eval
20260831_001355_HNJMBV,train
20260831_001447_BZSPHD,eval
20260831_001550_DDTQVP,train
20260831_001637_GSVWPT,train
20260831_001745_KGFGGX,eval
20260831_002404_ZVKKSE,eval
20260831_002743_BPGZJC,train
20260831_002754_GHAKGV,train
20260831_002938_LQRSNW,train
20260831_003208_XCWAYV,eval
20260831_003252_LFKMYM,train
20260831_003519_BRGHMK,eval
20260831_003650_THEGBA,train
20260831_003707_XRYSXC,train
20260831_003745_AWKKMR,train
20260831_004023_XJSTZH,train
20260831_004027_VBQTMJ,train
20260831_004205_VYSJDA,eval
20260831_004208_GKCUJA,eval
20260831_004253_THTSRD,eval
20260831_004347_KNTPXD,train
20260831_004536_APXFQA,train
20260831_004819_XMPVQB,train
20260831_005442_BHBYEA,train
20260831_005618_TWBHEY,eval
20260831_005634_DDKRYR,train
20260831_005702_JCZVFX,train
20260831_010131_HWAWDC,eval
20260831_010352_PTWKJW,train
20260831_010400_MHNTSA,train
20260831_010456_ZSXQQP,train
20260831_010609_PTVABZ,train
20260831_011220_TAWPJN,eval
20260831_011300_YDQEHE,train
20260831_011333_BBURNQ,train
20260831_011737_XYPQLZ,train
20260831_011910_VUWJVF,train
20260831_012204_UVAGDN,eval
20260831_012216_UBETTS,train
20260831_012221_ULSVJX,train
20260831_012409_MJKPWH,train
20260831_012442_JJUJSG,train
20260831_012809_WCCDZN,train
20260831_012811_YAULZT,train
20260831_012909_NESCPQ,train
20260831_012912_YTCWKV,train
20260831_013158_SDJCFQ,train
20260831_013535_WAABMQ,train
20260831_013747_QEYVAH,train
20260831_013824_LPVVBV,train
20260831_013827_WEEMDG,eval
20260831_014032_RBJGEQ,train
20260831_014121_GLUDSJ,train
20260831_014125_KELZJV,train
20260831_014352_LMAHGZ,train
20260831_014357_CPGYJJ,train
20260831_014527_TRMVSC,train
20260831_014623_BNAVAT,train
20260831_015217_FHLLLD,train
20260831_015320_REBFHP,eval
20260831_015619_QFCLTM,train
20260831_015655_BQRUYL,train
20260831_020115_MYJSAD,eval
20260831_021633_VXLBCW,train
20260831_021858_VBYCZB,train
20260831_021914_THSMYN,train
20260831_022025_VHFTRZ,train
20260831_022201_NYPHHQ,train
20260831_022244_KCFPUR,eval
20260831_022349_VZHVYE,train
20260831_022746_KDCWQW,train
20260831_022815_HXGEMV,eval
20260831_022951_MFLNKV,train
20260831_022959_SYLPBT,eval
20260831_023251_ELBZCG,train
20260831_023425_JVKNDP,train
20260831_023629_XNYELE,eval
20260831_023651_VCMGTQ,train
20260831_023817_TJCDGZ,train
20260831_023848_VGXUBH,train
20260831_024617_LENHFQ,train
20260831_024952_XSDSCV,train
20260831_025401_BNMGUJ,train
20260831_025626_WMFSNC,train
20260831_025654_LEVTNV,train
20260831_025655_YHMJTJ,train
20260831_030048_APSZGB,train
20260831_030104_NJNXVS,train
20260831_030219_QRXCZN,train
20260831_030340_SMDMVH,eval
20260831_030714_MBMFTG,train
20260831_030730_KWLNNA,train
20260831_030823_XRYCPN,eval
20260831_031001_NLEUDH,eval
20260831_031112_TDXPRC,train
20260831_031145_UEYLNE,train
20260831_031310_CAANFE,eval
20260831_031855_BZWWVL,train
20260831_032326_GKRBHQ,train
20260831_032806_SKAXPP,train
20260831_033009_HXCPNT,train
20260831_033054_WPBSSN,train
20260831_033338_VUNPZB,train
20260831_033401_KSEDMK,train
20260831_033515_PLFSEB,train
20260831_033946_VHWCQA,eval
20260831_034946_KKDUBQ,train
20260831_035132_DAMCZR,eval
20260831_035339_KNHMUF,train
20260831_035611_EPTUDB,eval
20260831_035846_HCSNMJ,train
20260831_040554_PGWQPQ,train
20260831_040659_LGAAUD,eval
20260831_040720_CBJXUT,train
20260831_041239_ZARAUA,train
20260831_041551_SWRFFY,eval
20260831_041756_ZZKANC,train
20260831_041904_RUWXAN,eval
20260831_042008_KWAUNZ,train
20260831_042159_VVVPFT,train
20260831_042345_EECDQQ,train
20260831_042607_PXEWFQ,train
20260831_042629_KCMGJG,train
20260831_042738_KUHTYX,eval
20260831_042954_YALDLE,train
20260831_043157_KQLQDX,train
20260831_043205_BQQGAK,eval
20260831_043211_LHARHE,eval
20260831_043247_KFYQDU,train
20260831_043313_SWNGSC,train
20260831_043429_HDMMNJ,train
20260831_043806_PYEPXJ,train
20260831_043850_BUATFA,train
20260831_044118_BQNSYL,train
20260831_044503_HSVANN,train
20260831_044528_QRWCPY,eval
20260831_044804_QCATBL,train
20260831_044916_CEDYKJ,eval
20260831_045338_VYVCMM,train
20260831_045614_KSDQAD,train
20260831_045830_LHLVLS,train
20260831_045915_XBMBVK,train
20260831_050548_WPPEPS,train
20260831_050635_LAZCRC,train
20260831_050654_SWSZEG,train
20260831_050809_RJAEXJ,train
20260831_050813_GWYQXE,eval
20260831_051114_VLJDTQ,eval
20260831_051135_XMLBHV,train
20260831_051207_YRRBPT,train
20260831_051247_TWNHZU,train
20260831_051356_ETTYRB,eval
20260831_051514_QYYUHQ,train
20260831_051646_XMFSZX,train
20260831_051711_EWVVSG,eval
20260831_051831_WTAZBE,train
20260831_052053_JLUDNL,train
20260831_052128_PNCBSY,train
20260831_052451_VLQGMB,train
20260831_052608_XQVMTB,train
20260831_052615_FRRSWY,train
20260831_052652_XTKLNA,train
20260831_052913_ZMUPYX,train
20260831_053150_DDYKNK,train
20260831_053410_MVXDGB,train
20260831_053415_BPZREQ,train
20260831_053421_DAWDNT,eval
20260831_053436_HDANAK,eval
20260831_053614_ZSXJPQ,train
20260831_053707_LLGTVT,train
20260831_053837_WARZPK,train
20260831_054018_HYMVWV,train
20260831_054233_NWEEJZ,train
20260831_054258_WRLMSZ,train
20260831_054321_YRZHCS,eval
20260831_054323_BQXVZL,train
20260831_054337_NQXNPY,train
20260831_054530_UMYFSH,train
20260831_054552_HXNBDM,eval
20260831_054729_QKCYCS,eval
20260831_054733_BWJWEJ,train
20260831_054841_MDXGNJ,train
20260831_054841_NAGHLF,train
20260831_054858_CZEUVY,train
20260831_055107_STVYRD,train
20260831_055221_CCWBPQ,train
20260831_055417_VHFCBZ,train
20260831_055523_BTMPSM,train
20260831_055648_XDWCEW,train
20260831_060052_CAKSFQ,train
20260831_060206_DPCJVA,train
20260831_060208_PFKNXV,train
20260831_060431_ZUTXWP,train
20260831_060543_DQZSRZ,train
20260831_060710_BLAARE,train
20260831_060723_YVCNLB,train
20260831_060904_UGZYDL,train
20260831_060916_JNYLTZ,eval
20260831_061022_ZPPZAT,train
20260831_061156_WCARWP,train
20260831_061231_DJKFFV,train
20260831_061516_AEKQTS,train
20260831_061545_QEFMDM,train
20260831_061612_GWZYCD,train
20260831_061725_SWXDFC,train
20260831_062032_SRPWCA,train
20260831_062045_HYXHNL,eval
20260831_062155_FGADPB,eval
20260831_062303_YDHKEF,eval
20260831_062558_NFECUP,train
20260831_063115_GAUFKF,eval
20260831_063313_TYAKJU,train
20260831_063528_VFLBDX,train
20260831_063550_RRLBVP,train
20260831_063904_YYAXDX,train
20260831_064112_MHBBKY,train
20260831_064255_CDJXNG,train
20260831_064641_MXMVAJ,train
20260831_064953_BYBPSG,train
20260831_065021_MSPZVC,train
20260831_065205_RUCZMR,train
20260831_065426_ALYTEU,train
20260831_065445_NBDPEZ,eval
20260831_065558_RLSBLG,eval
20260831_065720_TFHKXD,eval
20260831_070111_GQTZZR,train
20260831_070150_GJRCNL,train
20260831_070239_WZWKNP,train
20260831_070334_CXJWBQ,train
20260831_070348_BAVXFS,train
20260831_070739_ZSLTNL,train
20260831_070922_GMWDBF,train
20260831_070958_HKHXRN,train
20260831_071058_AJSWYY,eval
20260831_071535_MKKEDF,eval
20260831_071831_TMYTLE,eval
20260831_072239_CZATZP,train
20260831_072444_GFALWN,train
20260831_072552_NEWQYH,train
20260831_072602_FKTXCQ,eval
20260831_072603_ZNMNVU,eval
20260831_072824_AXQRZZ,train
20260831_072926_FWWXFA,eval
20260831_073857_MKMSSW,train
20260831_074310_LTVMPH,eval
20260831_074431_LTHNPX,eval
20260831_074443_QBQNNA,eval
20260831_074717_WXJVYT,train
20260831_074828_DZUYHB,train
20260831_074858_FHBPRF,train
20260831_075539_MDFKHP,train
20260831_080128_VVUKYC,train
20260831_080242_SVPAND,train
20260831_080312_WCBEXN,train
20260831_080319_XEZTZH,train
20260831_080424_UTVZPU,train
20260831_080454_EYZCZC,train
20260831_080955_MBPBWS,train
20260831_081647_ZMUPZZ,train
20260831_081654_FQQFFP,train
20260831_081901_TCYKUN,train
20260831_081921_SBLERC,train
20260831_082148_TBNJLP,eval
20260831_082822_ECEWBK,train
20260831_083050_PEFLYU,train
20260831_083227_VTFFVB,train
20260831_083241_QQNMKG,train
20260831_083309_KXZMXA,train
20260831_083539_ZUPGAN,train
20260831_083655_STAWRD,train
20260831_083925_EXRVMS,train
20260831_084838_QSRYYQ,train
20260831_085339_YUSFXR,eval
20260831_085403_PWDUXN,eval
20260831_085435_VLVEFL,train
20260831_085654_UYJWEX,train
20260831_085708_TAXTJR,train
20260831_090240_ASVUPT,train
20260831_090720_TUKKMA,eval
20260831_091642_FELHUU,eval
20260831_091909_FQAGAK,eval
20260831_091927_CDZHTT,train
20260831_091939_RETKKV,train
20260831_092627_ZEPXGA,train
20260831_092636_RMPTJT,train
20260831_092659_ZDDAJJ,eval
20260831_093120_TVQFPU,eval
20260831_093224_DAVKPV,train
20260831_093711_FUDABY,train
20260831_093930_ZLWZFN,train
20260831_093950_TMGAPP,train
20260831_094039_VDJHHY,train
20260831_094117_REAHYD,train
20260831_094228_HRKLYG,eval
20260831_094559_TNFBEP,train
20260831_094621_YJXSXB,eval
20260831_094717_AELCST,train
20260831_095011_JCADQF,train
20260831_095133_PJXJMS,train
20260831_100204_NKZPCE,eval
20260831_101545_KKLBJH,train
20260831_102007_CFZJRC,train
20260831_102222_CUJNBS,train
20260831_102414_HXGELE,train
20260831_102504_HWQGBE,train
20260831_102539_LPGGJK,train
20260831_103407_GLGJXL,train
20260831_103751_DHQNTW,train
20260831_103933_NYRSJW,train
20260831_104020_QQTLDB,train
20260831_110627_QCRMRB,train
20260831_115058_WUPJKW,train
20260831_115539_GRZTRJ,eval
20260831_125805_ENZGZG,train
20260831_130611_XSPYHM,train
20260831_132608_RTUZCX,train
20260831_133633_DFVAMZ,train
20260831_134429_WWXVPS,train
20260831_135231_AUHACU,train
20260831_135713_RGCHCA,eval
20260831_140440_UHURVX,train
20260831_143802_NBEYUE,train
20260831_144719_QJQBJC,train
20260831_161112_MMDCXX,train
20260831_164530_TDJZUK,train
20260831_164710_JCCMAL,eval
20260831_165701_MAANPJ,eval
20260831_170941_HQLEWJ,eval
20260831_172306_ETZBFT,train
20260831_215918_FBDDQS,eval
20260831_224139_CUHKVX,train
20260831_232208_FABJMV,eval
20260831_232649_GVXEMN,eval
20260831_232735_MTHAGF,train
20260831_232806_SRFWWQ,eval
20260831_233238_JNMQSZ,train
20260831_235312_PBLTYE,eval
20260831_235512_NGQGUD,train
20260901_000134_JZJNXW,train
20260901_000551_UETSXV,eval
20260901_000648_KBDMBF,eval
20260901_001654_RWHBWC,train
20260901_001759_KBYCBF,train
20260901_001834_URBTEQ,train
20260901_002058_SKBLKR,train
20260901_002315_LKGCKQ,eval
20260901_002516_ALYNVZ,eval
20260901_002619_BCTWBA,train
20260901_002634_HTMYWX,train
20260901_002706_HZQVJJ,train
20260901_002717_EUWDHB,train
20260901_002737_DLJQKB,train
20260901_002746_LHZFAX,train
20260901_002814_XURLAH,train
20260901_002827_PPVMXJ,train
20260901_003126_NBFVGU,train
20260901_003548_DGHZTL,eval
20260901_003802_FQLRRX,train
20260901_004008_FDGSEW,train
20260901_004219_VQCGKA,train
20260901_004329_YBFQJA,train
20260901_004354_ZWJYWA,train
20260901_004431_PBXBPE,train
20260901_004504_ULJKWX,train
20260901_004738_RJKUEM,train
20260901_004739_DWQENM,train
20260901_004818_SDTYAG,train
20260901_004846_WXXURE,eval
20260901_004900_HKALDF,train
20260901_005201_VQWBTW,eval
20260901_005553_XXGLYT,train
20260901_010038_XTFEBE,train
20260901_010201_TPXYJX,train
20260901_010214_ESFXNZ,train
20260901_010625_HEMUSD,train
20260901_010737_ZNBJXW,eval
20260901_011036_AFQAQB,train
20260901_011545_AXVHEK,train
20260901_011556_TNRCGM,train
20260901_011722_PVHKZT,train
20260901_011911_LUEUCE,train
20260901_011950_HVBUMY,train
20260901_012203_PCQEXZ,train
20260901_012230_ENMXLE,eval
20260901_012257_CYTZYT,train
20260901_012322_YBHCWR,train
20260901_012338_MLEZUF,train
20260901_012405_RVUELB,train
20260901_012519_SFDMPN,train
20260901_012743_VMRYZP,eval
20260901_012843_STTCDJ,eval
20260901_013149_HUVDWX,train
20260901_013502_RUPYXN,train
20260901_013800_XUPPBS,train
20260901_014213_SMVPAD,train
20260901_014255_UJACPA,train
20260901_014311_PQAJAR,train
20260901_014530_KNWMJT,eval
20260901_014823_VVLRKS,train
20260901_014940_BQFFGY,train
20260901_015110_UBLYLX,train
20260901_015519_XYMWLJ,train
20260901_015734_LQJHCM,train
20260901_020035_CCTZKY,train
20260901_020503_HDNEUW,train
20260901_020537_PDZNAP,train
20260901_020619_YJSUPB,train
20260901_020659_KGEXMB,train
20260901_020909_RHGFPL,eval
20260901_021029_EHZMQM,train
20260901_021119_MJAQCL,train
20260901_021220_NUKBGW,eval
20260901_021241_PHGHEH,train
20260901_021423_DXACKU,eval
20260901_021510_MMPGMC,train
20260901_021618_AWWHEZ,train
20260901_021722_AZUSJZ,train
20260901_021730_QAJFQZ,train
20260901_022034_NGKTAE,train
20260901_022211_PXZTFP,train
20260901_022416_KGCWDE,train
20260901_022507_LUXEZX,eval
20260901_022907_BQHDJN,train
20260901_022912_XBENJR,eval
20260901_023322_WCNKEA,train
20260901_023336_XBSQBK,train
20260901_023437_AAEAKG,eval
20260901_023959_HHEKPH,train
20260901_024032_HDHWZC,train
20260901_024101_ZSEEHX,train
20260901_024106_GCWKMG,eval
20260901_024123_DHJPKY,train
20260901_024315_YAVWZN,eval
20260901_024552_RUQTWD,train
20260901_024724_BJPZFM,train
20260901_024744_ECSGAJ,train
20260901_024858_PBFJRT,train
20260901_025032_PYKMNR,train
20260901_025239_FAFYFG,train
20260901_025339_ESGBXB,train
20260901_025518_BTQCTB,train
20260901_025711_UXLZVS,eval
20260901_025729_UWUBVC,train
20260901_025908_WNJJTJ,train
20260901_030412_MHMKQR,train
20260901_030422_BAAKTA,eval
20260901_030428_XGYVGS,train
20260901_030443_TTHENF,train
20260901_030628_NRDMHD,train
20260901_030643_UTZFVM,train
20260901_030822_PVTZCX,train
20260901_031106_KRGAMG,train
20260901_031609_ZNZEDC,train
20260901_031623_CJPQGH,train
20260901_031801_YAJZRQ,train
20260901_031945_KPJGAB,train
20260901_032237_DDTHHJ,train
20260901_032343_RXNBBH,train
20260901_032803_FCNYFS,train
20260901_032858_RYMCDJ,train
20260901_033142_HABATP,train
20260901_033715_EKLFWW,train
20260901_033806_TJGTCR,train
20260901_033917_JMDKJJ,train
20260901_034808_DBBWPM,train
20260901_035242_NKWECE,train
20260901_035622_NZJXRL,train
20260901_035851_CDYMJB,eval
20260901_040045_KGJNTH,eval
20260901_040057_XDWPCS,train
20260901_040150_ECFYSV,train
20260901_040410_CDTMBT,train
20260901_040634_FCNRPC,train
20260901_040635_UHMFQX,train
20260901_041058_MTEUJK,train
20260901_041134_FBRHEC,train
20260901_041330_TBSMDH,train
20260901_042108_WNEAFL,train
20260901_042758_XDDHYR,train
20260901_043641_MDKAUY,train
20260901_043727_RFPMVD,train
20260901_043832_NXDEUH,train
20260901_044211_GQEVEF,train
20260901_044306_KFCEAJ,train
20260901_044707_MWANEH,train
20260901_044730_BWKNMB,train
20260901_045002_HTFNVA,train
20260901_045154_ESCFZP,eval
20260901_045411_VJTEBW,train
20260901_045600_PMSUMB,train
20260901_045648_CSFCSE,eval
20260901_045753_HLXBHD,eval
20260901_045819_GQQZWU,train
20260901_045949_YYHUFP,eval
20260901_050019_KEENEB,eval
20260901_050133_CQNGYE,train
20260901_050147_YSYEYY,train
20260901_050303_PFUCUH,train
20260901_051102_JEYXWW,train
20260901_051420_PRXNJY,train
20260901_051440_AMXKGG,train
20260901_051442_YSEWWK,train
20260901_051627_JVGAWZ,train
20260901_051730_NWHMTU,train
20260901_051804_UBQMEX,train
20260901_051924_VHSARB,eval
20260901_052337_PWBBMS,train
20260901_052349_ZYDTSZ,train
20260901_052530_ZYUYBH,train
20260901_052534_QGTELA,train
20260901_053003_RTKWNK,eval
20260901_053120_YZLEDJ,train
20260901_053136_JDZYWT,train
20260901_053432_YNCUCA,train
20260901_053507_CJWWXS,eval
20260901_053714_PTRDGU,eval
20260901_053714_UQBQZB,train
20260901_053939_RJUCYW,train
20260901_054322_MZTJHQ,train
20260901_054348_RGHHDL,eval
20260901_054439_YLSWQE,train
20260901_054800_XRDALZ,eval
20260901_054905_PMVRLD,train
20260901_055021_NZYRSA,train
20260901_055300_ANQZUJ,train
20260901_055316_SZPFZE,train
20260901_055646_KSCGKN,eval
20260901_055744_TTMZHP,train
20260901_060409_NATDRU,train
20260901_060518_GQZXPU,eval
20260901_060610_WKBJNZ,train
20260901_060646_JDNPXG,train
20260901_060816_TUJXXA,train
20260901_060831_DDJGHB,train
20260901_060831_NQBGFX,eval
20260901_060836_SMTQVX,train
20260901_061026_ETUSYT,eval
20260901_061107_AHQZUG,train
20260901_061141_KUJMFB,eval
20260901_061155_KJRQYQ,eval
20260901_061426_QPPGFF,train
20260901_061634_EFCWHL,train
20260901_061655_JDNCBW,train
20260901_061711_KMVRSU,train
20260901_061748_LEMPTU,train
20260901_061853_BDARRF,train
20260901_062313_DLMPHS,train
20260901_062352_GWDHMP,train
20260901_062436_EJBHSX,train
20260901_062459_SWWUKG,train
20260901_062511_LUKKJD,eval
20260901_062526_DMNARP,train
20260901_062550_VBDBJE,train
20260901_062813_NCYYBX,eval
20260901_062908_NYZUTU,train
20260901_063050_YXBNYJ,train
20260901_063438_WDVPCW,train
20260901_063451_MFALPV,eval
20260901_063609_MGATNY,train
20260901_063624_PPAHCV,train
20260901_063802_FEHBDY,train
20260901_063814_UGHJHJ,train
20260901_064330_ZCBUMH,train
20260901_064925_EDSUMV,train
20260901_065051_DVVEVD,train
20260901_065115_DHKFMT,train
20260901_065657_VBLKKR,train
20260901_065754_LUACEU,train
20260901_065809_UXLPAP,train
20260901_065831_AGSKCY,train
20260901_070111_GSNBYQ,eval
20260901_070414_RLYNQX,eval
20260901_070655_SMRDWG,train
20260901_070822_CNYKGN,train
20260901_070830_DLCSGL,eval
20260901_070941_CVAZNQ,train
20260901_071036_VMXGVC,eval
20260901_071249_WYABPP,eval
20260901_071554_ZXYDKU,train
20260901_072019_QFPQMM,train
20260901_072025_WUQVYR,train
20260901_072334_XTBEJJ,train
20260901_072413_WARCPH,train
20260901_072608_CSAXEZ,train
20260901_072627_EVQBBV,train
20260901_072702_EYXCPR,train
20260901_072813_LHTGUJ,train
20260901_073443_RPAPWD,train
20260901_073659_SJAYBB,eval
20260901_073817_QWZYJH,train
20260901_073959_SKCWAK,train
20260901_074153_KZKUDH,eval
20260901_074543_MXHMFA,train
20260901_074956_EFVXML,eval
20260901_080030_TGUPKE,train
20260901_081154_ZFWWEZ,train
20260901_081413_TQKMQS,eval
20260901_081537_UDEGQL,train
20260901_081626_FMLEWW,train
20260901_081652_HAQUKS,train
20260901_081744_RGKGQN,train
20260901_082058_GCUNHQ,eval
20260901_082202_GPDUZP,train
20260901_082214_PCGWLL,train
20260901_082226_BUDLNL,train
20260901_082437_NUTBKE,train
20260901_082444_HUNYQA,train
20260901_082521_ERLZDE,train
20260901_082542_YFDZVS,train
20260901_083117_PLMFMR,train
20260901_083556_EFFKFJ,train
20260901_084403_SBHTRZ,train
20260901_084548_JLGCKY,train
20260901_084950_WECCAE,train
20260901_090601_YXYNDP,eval
20260901_091025_KMCGFS,train
20260901_091236_EJHTDN,train
20260901_091252_DJWBBA,train
20260901_091323_BJGKGY,train
20260901_091340_QDLPPY,train
20260901_092509_ZAYMPA,train
20260901_093017_UEFGCZ,train
20260901_093229_NMCKBM,train
20260901_095510_DSJRQK,train
20260901_095715_LLTJYU,train
20260901_095939_LLPZXW,eval
20260901_100153_ACSQLS,train
20260901_100330_MWKLVT,train
20260901_100854_VMVWHS,train
20260901_100916_HMPTGK,train
20260901_101028_LCKNVZ,eval
20260901_101251_LYVTFA,train
20260901_101527_KVXXUP,train
20260901_101842_LHJPCZ,train
20260901_102034_QADZSQ,train
20260901_102259_WNKRHQ,train
20260901_103018_MTWMWP,train
20260901_103041_VXUMJZ,train
20260901_103501_KFYBPD,train
20260901_103615_ZKTRFA,train
20260901_103917_JLNCDT,train
20260901_104823_ZQJRNA,train
20260901_105043_AHBDGQ,eval
20260901_105324_MJKLTK,eval
20260901_110341_NGUKPU,train
20260901_111254_VSTPLB,eval
20260901_114211_JGFSAA,train
20260901_114830_RLLASC,train
20260901_120349_CSEPJB,train
20260901_121935_LWKNNK,train
20260901_124206_LSXRCF,train
20260901_124501_SNJKAE,train
20260901_124635_VJGCFT,train
20260901_125441_LPLRRW,train
20260901_134522_LJVUUL,train
20260901_141543_QFNKQY,train
20260901_143428_NTWZQL,train
20260901_144025_KKDEGF,train
20260901_151812_CHMFPA,train
20260901_153547_MHABNS,train
20260901_153954_SLTAGW,train
20260901_160909_RENRGB,train
20260901_161029_YTNSZB,train
20260901_161039_GXRPMD,train
20260901_161843_ABYZLQ,train
20260901_165930_UWRQJF,eval
20260901_232650_REBNPB,train
20260901_232811_GSXQMK,train
20260901_232833_BHPDXH,eval
20260901_233758_PBVTRW,train
20260901_234403_DBQSML,eval
20260901_235033_UJHUGQ,train
20260902_000025_RZGQCQ,train
20260902_000050_JBBUJJ,train
20260902_000516_UTHHWX,eval
20260902_000639_HWPHGE,train
20260902_000718_GSYWXB,train
20260902_000811_DCYQQP,train
20260902_001053_SFSHSG,train
20260902_001302_YVDXDH,eval
20260902_001540_HJAEWA,train
20260902_001653_GZBCYW,train
20260902_001927_MMFVVB,eval
20260902_002222_GATCAX,train
20260902_002426_CVUYMN,train
20260902_002532_JPARLC,train
20260902_003353_QAEFAB,train
20260902_003715_RNUHJP,train
20260902_003946_EWRZJP,train
20260902_004635_DEDMWX,train
20260902_005207_QGWVCX,train
20260902_005633_VYSEPU,train
20260902_010028_BXHXXK,eval
20260902_010357_BVXPMF,train
20260902_010411_WFQEDD,train
20260902_010520_VRAGWW,train
20260902_010546_JZRQXW,train
20260902_010613_YZBDQS,eval
20260902_010859_HSVCQY,train
20260902_011009_XNHCZJ,train
20260902_011506_ESMZSP,eval
20260902_011848_YYUWCE,train
20260902_012133_EBBCVF,train
20260902_012534_WUACQT,train
20260902_013615_FGPTBX,eval
20260902_013753_NXGPCZ,train
20260902_013806_SGAQHQ,eval
20260902_014146_USRPEX,eval
20260902_014735_YGCGVT,train
20260902_015713_MWNEFJ,eval
20260902_020115_ZUXKKH,train
20260902_020543_FLLDHK,train
20260902_020839_GGFFMB,train
20260902_021312_KDRHMH,train
20260902_021440_VFYTVT,eval
20260902_021753_QXUCQN,eval
20260902_021835_NPYUAC,train
20260902_021923_NHYUHT,train
20260902_022231_TJBVEF,train
20260902_022345_QJAYBK,train
20260902_022508_GSCDNH,train
20260902_022558_KCWSKT,train
20260902_022619_FWRYWJ,eval
20260902_023154_EEMXVQ,train
20260902_023421_UJRPTB,train
20260902_023955_VPKDEW,train
20260902_024010_RBMUZX,train
20260902_024724_HRPUJN,train
20260902_024916_QYDWMS,train
20260902_025131_YTLLBX,train
20260902_025404_WLFYKM,train
20260902_025535_YBGJRH,train
20260902_025848_JAECGA,train
20260902_030104_SGWKTE,train
20260902_030107_MLNBMR,eval
20260902_030128_YLSUEJ,train
20260902_030343_YVZNYC,train
20260902_030725_UKRKDV,train
20260902_031319_TJHXDY,train
20260902_031831_MXVYMZ,train
20260902_032235_LHKVTP,eval
20260902_032650_QETQCY,train
20260902_032715_RDASQS,train
20260902_033722_NNJBEQ,train
20260902_033732_DQFEQZ,train
20260902_033744_CLDBLC,eval
20260902_041153_QDXHCL,eval
20260902_041236_TDJYMA,eval
20260902_041849_KRQSWH,eval
20260902_042703_QEKVJB,train
20260902_042752_KCHRPE,train
20260902_042836_BHYNNZ,train
20260902_043638_HLDKJJ,train
20260902_043639_QNHSJP,train
20260902_043832_BUBCMH,eval
20260902_043953_LECTCC,train
20260902_044231_BRPHTM,train
20260902_044937_UKSUBT,train
20260902_045031_ZQBZNR,train
20260902_045116_KJKFPV,eval
20260902_045144_NAELFW,train
20260902_045257_SFMULX,train
20260902_045518_NUDEZU,train
20260902_045644_FKXWHD,train
20260902_045941_CNFSRT,eval
20260902_050221_ZXRYFE,train
20260902_050847_ZCKXVV,train
20260902_051127_CEZUJM,train
20260902_051745_XLZURP,train
20260902_051805_RYVUXD,train
20260902_051946_ZYBRPV,train
20260902_052156_AYPKNV,train
20260902_052409_LZBMHF,train
20260902_052631_JMKLUB,train
20260902_052747_XPECFS,eval
20260902_052804_MDLMUX,train
20260902_053207_PPSLFD,train
20260902_053718_TNYHLA,eval
20260902_053809_YFRQDD,train
20260902_053819_UMWNPK,train
20260902_053837_PLBSDT,train
20260902_054116_NCFFPS,train
20260902_054129_DCXUQG,eval
20260902_054248_WHAMPD,train
20260902_054559_YXFQCT,train
20260902_055134_VKDVDK,train
20260902_055657_QUDQZV,train
20260902_055813_DJXCYE,train
20260902_060003_DMTXLT,train
20260902_060347_PDFLVQ,train
20260902_060551_TBMTMU,train
20260902_060616_UWSYUE,eval
20260902_060655_XLTNTN,train
20260902_060752_KQSSWE,train
20260902_061318_THFMJL,train
20260902_061357_NSBTEJ,train
20260902_061650_SANYGH,train
20260902_061750_HUHRDJ,train
20260902_062032_WDQKYJ,train
20260902_062237_WPZBTT,eval
20260902_062831_PFDCJY,train
20260902_063638_CXSDRJ,train
20260902_063900_SVXNZK,train
20260902_064215_KQYCEP,train
20260902_064318_HSEDNG,eval
20260902_064447_HZYKHC,train
20260902_064548_CLBMJF,train
20260902_064706_NGTCZY,train
20260902_065225_MAWCNQ,train
20260902_065423_AVDMPE,eval
20260902_065635_QJVLUP,train
20260902_070232_CRJCPK,train
20260902_070303_NNHNCZ,train
20260902_070326_USETBV,eval
20260902_070636_JNDEGA,train
20260902_070814_YWYQGY,eval
20260902_070853_UVZKTU,train
20260902_071007_LKDDZZ,train
20260902_071035_HYRHHH,train
20260902_071415_GCCMCW,train
20260902_071604_KWRZKP,train
20260902_071739_ZLGGZN,train
20260902_072219_AAXKSP,train
20260902_072348_WXGCGZ,eval
20260902_073315_RNSRTQ,train
20260902_073340_AVXJBM,train
20260902_074425_FMEFMM,train
20260902_074607_AMEBYE,train
20260902_075406_SRPHER,train
20260902_075631_YEATXE,train
20260902_075802_NHBQZL,train
20260902_080001_LXSRSZ,eval
20260902_080202_PBDEEL,train
20260902_080637_GHPVVV,eval
20260902_081231_RTLFEN,train
20260902_081300_CHRCJV,train
20260902_082036_QXKFRL,train
20260902_082131_HGPTPX,train
20260902_083545_AEUCJF,train
20260902_083724_GGBFQK,train
20260902_084341_YLSAFK,train
20260902_084527_VPPFUL,train
20260902_084726_WFRGEK,train
20260902_084739_WBZGTH,eval
20260902_084940_UHMMJM,eval
20260902_085802_KDWMQC,eval
20260902_090051_BHQJLF,eval
20260902_090138_QGXWDA,eval
20260902_090203_HXPANL,train
20260902_091835_VEGVNP,train
20260902_093214_AFHPPE,train
20260902_093245_AQKSSJ,eval
20260902_093259_HKWSBN,train
20260902_093721_VSQWHY,train
20260902_094106_THRPPV,train
20260902_094139_VVCWAH,train
20260902_094837_WLVMEU,train
20260902_100232_BGJFYP,train
20260902_100410_CHLMBB,train
20260902_101031_HMQSSF,train
20260902_102850_XNJJCT,train
20260902_103045_SZFGGE,train
20260902_103201_EWCWCE,eval
20260902_103249_HFKZXU,eval
20260902_103714_MSUEVE,train
20260902_103943_JMTASU,eval
20260902_104953_MXDKHW,train
20260902_105704_LWJRUC,train
20260902_120840_XKYEVY,train
20260903_011556_WJZFDT,train
20260903_031237_NHNCGS,train
20260913_225959_UMGKME,train
20260924_001517_CJXCFY,train
20261017_194925_BQRZZW,train
20261030_110537_TRLGFT,train
20261030_115712_BYZBMF,train
20261101_120444_XCZKCX,train
20261101_133544_DHKUQJ,train
20261101_135415_MHRQEK,train
20261103_185137_ZHJTQQ,train
20261107_115831_VLSFUD,train
20261107_130555_ZLPUFF,train
20261115_104422_LLQFKF,eval
20261123_163919_NHGEFA,train
20261125_165845_VSPDPC,train
20261128_203220_XCPLQB,eval
20261129_020258_DWKMZH,eval
20261208_082544_JPLJHP,train
20261209_113127_BCKRLC,train
20261209_163202_AFPWET,train
20261214_235319_TBPHEW,train
