2026-09-03 10:18:04,219 - mmdet - INFO - Environment info:
------------------------------------------------------------
sys.platform: linux
Python: 3.12.13 (main, Jun 11 2026, 04:03:26) [Clang 22.1.3 ]
CUDA available: True
GPU 0: NVIDIA RTX 6000 Ada Generation
CUDA_HOME: /usr/local/cuda
NVCC: Build cuda_13.0.r13.0/compiler.36424714_0
GCC: gcc (Ubuntu 11.4.0-1ubuntu1~22.04.3) 11.4.0
PyTorch: 2.13.0+cu130
PyTorch compiling details: PyTorch built with:
  - GCC 13.3
  - C++ Version: 202002
  - Intel(R) oneAPI Math Kernel Library Version 2024.2-Product Build 20240605 for Intel(R) 64 architecture applications
  - Intel(R) MKL-DNN v3.12.0 (Git Hash 80afa71049cd69a3df32adcccb623b12cd7baa22)
  - OpenMP 201511 (a.k.a. OpenMP 4.5)
  - LAPACK is enabled (usually provided by MKL)
  - NNPACK is enabled
  - CPU capability usage: AVX2
  - CUDA Runtime 13.0
  - NVCC architecture flags: -gencode;arch=compute_75,code=sm_75;-gencode;arch=compute_80,code=sm_80;-gencode;arch=compute_86,code=sm_86;-gencode;arch=compute_90,code=sm_90;-gencode;arch=compute_100,code=sm_100;-gencode;arch=compute_120,code=sm_120
  - CuDNN 92.0  (built against CUDA 13.2)
  - Magma 2.6.1
  - Build settings: BLAS_INFO=mkl, BUILD_TYPE=Release, COMMIT_SHA=cf30153c4c131c8164ee7798e5022d810682e2cb, CUDA_FLAGS= -DLIBCUDACXX_ENABLE_SIMPLIFIED_COMPLEX_OPERATIONS -Xfatbin -compress-all -DONNX_NAMESPACE=onnx_torch -gencode arch=compute_75,code=sm_75 -gencode arch=compute_80,code=sm_80 -gencode arch=compute_86,code=sm_86 -gencode arch=compute_90,code=sm_90 -gencode arch=compute_100,code=sm_100 -gencode arch=compute_120,code=sm_120 -Xcudafe --diag_suppress=cc_clobber_ignored,--diag_suppress=field_without_dll_interface,--diag_suppress=base_class_has_different_dll_interface,--diag_suppress=dll_interface_conflict_none_assumed,--diag_suppress=dll_interface_conflict_dllexport_assumed,--diag_suppress=bad_friend_decl --expt-relaxed-constexpr --expt-extended-lambda -Xfatbin -compress-all --threads 2 -compress-mode=size -Wno-deprecated-gpu-targets --expt-extended-lambda -DCUB_WRAPPED_NAMESPACE=at_cuda_detail -DDISABLE_CUSPARSE_DEPRECATED -DCUDA_HAS_FP16=1 -D__CUDA_NO_HALF_OPERATORS__ -D__CUDA_NO_HALF_CONVERSIONS__ -D__CUDA_NO_HALF2_OPERATORS__ -D__CUDA_NO_BFLOAT16_CONVERSIONS__ -DC10_NODEPRECATED, CUDA_VERSION=13.0, CUDNN_VERSION=9.20.0, CXX_COMPILER=/opt/rh/gcc-toolset-13/root/usr/bin/c++, CXX_FLAGS= -fvisibility-inlines-hidden -DUSE_PTHREADPOOL -DNDEBUG -DUSE_KINETO -DHAS_CUPTI -DUSE_FBGEMM -DUSE_MSLK -DUSE_PYTORCH_QNNPACK -DSYMBOLICATE_MOBILE_DEBUG_HANDLE -O2 -fPIC -DC10_NODEPRECATED -Wall -Wextra -Werror=return-type -Werror=non-virtual-dtor -Werror=range-loop-construct -Werror=bool-operation -Wnarrowing -Wno-missing-field-initializers -Wno-unknown-pragmas -Wno-unused-parameter -Wno-strict-overflow -Wno-strict-aliasing -Wno-stringop-overflow -Wsuggest-override -Wno-psabi -Wno-error=old-style-cast -faligned-new -Wno-maybe-uninitialized -fno-math-errno -fno-trapping-math -Werror=format -Wno-dangling-reference -Wno-error=dangling-reference -Wno-stringop-overflow, LAPACK_INFO=mkl, PERF_WITH_AVX=1, PERF_WITH_AVX2=1, TORCH_VERSION=2.13.0, USE_CUDA=1, USE_CUDNN=ON, USE_CUSPARSELT=1, USE_GFLAGS=OFF, USE_GLOG=OFF, USE_GLOO=ON, USE_MKL=ON, USE_MKLDNN=ON, USE_MPI=OFF, USE_NCCL=ON, USE_NNPACK=ON, USE_OPENMP=ON, USE_ROCM=OFF, USE_ROCM_KERNEL_ASSERT=OFF, USE_XCCL=OFF, USE_XPU=OFF, 

TorchVision: 0.28.0+cu130
OpenCV: 4.11.0
MMCV: 1.4.0
MMCV Compiler: n/a (scrfd_shim: mmcv compiled without ops)
MMCV CUDA Compiler: n/a (scrfd_shim: mmcv compiled without ops)
MMDetection: 2.7.0+7fadd42
------------------------------------------------------------

2026-09-03 10:18:04,340 - mmdet - INFO - Distributed training: True
2026-09-03 10:18:04,696 - mmdet - INFO - Config:
optimizer = dict(type='SGD', lr=0.001, momentum=0.9, weight_decay=0.0005)
optimizer_config = dict(grad_clip=None)
lr_mult = 8
lr_config = dict(
    policy='step',
    warmup='linear',
    warmup_iters=500,
    warmup_ratio=0.001,
    step=[14, 18])
total_epochs = 20
checkpoint_config = dict(interval=1)
log_config = dict(interval=50, hooks=[dict(type='TextLoggerHook')])
dist_params = dict(backend='nccl')
log_level = 'INFO'
load_from = '/data/esteban/pii/weights/SCRFD_10G_KPS_official.pth'
resume_from = None
workflow = [('train', 1)]
dataset_type = 'RetinaFaceDataset'
data_root = 'data/retinaface/'
train_root = 'data/retinaface/train/'
val_root = 'data/retinaface/val/'
img_norm_cfg = dict(
    mean=[127.5, 127.5, 127.5], std=[128.0, 128.0, 128.0], to_rgb=True)
train_pipeline = [
    dict(type='LoadImageFromFile', to_float32=True),
    dict(type='LoadAnnotations', with_bbox=True, with_keypoints=True),
    dict(
        type='RandomSquareCrop',
        crop_choice=[0.3, 0.45, 0.6, 0.8, 1.0, 1.2, 1.4, 1.6, 1.8, 2.0],
        bbox_clip_border=False),
    dict(
        type='Resize',
        img_scale=(640, 640),
        keep_ratio=False,
        bbox_clip_border=False),
    dict(type='RandomFlip', flip_ratio=0.5),
    dict(
        type='PhotoMetricDistortion',
        brightness_delta=32,
        contrast_range=(0.5, 1.5),
        saturation_range=(0.5, 1.5),
        hue_delta=18),
    dict(
        type='Normalize',
        mean=[127.5, 127.5, 127.5],
        std=[128.0, 128.0, 128.0],
        to_rgb=True),
    dict(type='DefaultFormatBundle'),
    dict(
        type='Collect',
        keys=[
            'img', 'gt_bboxes', 'gt_labels', 'gt_bboxes_ignore',
            'gt_keypointss'
        ])
]
test_pipeline = [
    dict(type='LoadImageFromFile'),
    dict(
        type='MultiScaleFlipAug',
        img_scale=(640, 640),
        flip=False,
        transforms=[
            dict(type='Resize', keep_ratio=True),
            dict(type='RandomFlip', flip_ratio=0.0),
            dict(
                type='Normalize',
                mean=[127.5, 127.5, 127.5],
                std=[128.0, 128.0, 128.0],
                to_rgb=True),
            dict(type='Pad', size=(640, 640), pad_val=0),
            dict(type='ImageToTensor', keys=['img']),
            dict(type='Collect', keys=['img'])
        ])
]
data = dict(
    samples_per_gpu=64,
    workers_per_gpu=16,
    train=dict(
        type='RetinaFaceDataset',
        ann_file='data/mix_ds/train_X.txt',
        img_prefix='data/mix_ds/images/',
        pipeline=[
            dict(type='LoadImageFromFile', to_float32=True),
            dict(type='LoadAnnotations', with_bbox=True, with_keypoints=True),
            dict(
                type='RandomSquareCrop',
                crop_choice=[
                    0.3, 0.45, 0.6, 0.8, 1.0, 1.2, 1.4, 1.6, 1.8, 2.0
                ],
                bbox_clip_border=False),
            dict(
                type='Resize',
                img_scale=(640, 640),
                keep_ratio=False,
                bbox_clip_border=False),
            dict(type='RandomFlip', flip_ratio=0.5),
            dict(
                type='PhotoMetricDistortion',
                brightness_delta=32,
                contrast_range=(0.5, 1.5),
                saturation_range=(0.5, 1.5),
                hue_delta=18),
            dict(
                type='Normalize',
                mean=[127.5, 127.5, 127.5],
                std=[128.0, 128.0, 128.0],
                to_rgb=True),
            dict(type='DefaultFormatBundle'),
            dict(
                type='Collect',
                keys=[
                    'img', 'gt_bboxes', 'gt_labels', 'gt_bboxes_ignore',
                    'gt_keypointss'
                ])
        ]),
    val=dict(
        type='RetinaFaceDataset',
        ann_file='/data/liangzhenghao/face_pii/raw_ds/val/labelv2.txt',
        img_prefix='/data/liangzhenghao/face_pii/raw_ds/images/',
        pipeline=[
            dict(type='LoadImageFromFile'),
            dict(
                type='MultiScaleFlipAug',
                img_scale=(640, 640),
                flip=False,
                transforms=[
                    dict(type='Resize', keep_ratio=True),
                    dict(type='RandomFlip', flip_ratio=0.0),
                    dict(
                        type='Normalize',
                        mean=[127.5, 127.5, 127.5],
                        std=[128.0, 128.0, 128.0],
                        to_rgb=True),
                    dict(type='Pad', size=(640, 640), pad_val=0),
                    dict(type='ImageToTensor', keys=['img']),
                    dict(type='Collect', keys=['img'])
                ])
        ]),
    test=dict(
        type='RetinaFaceDataset',
        ann_file='/data/liangzhenghao/face_pii/raw_ds/val/labelv2.txt',
        img_prefix='/data/liangzhenghao/face_pii/raw_ds/images/',
        pipeline=[
            dict(type='LoadImageFromFile'),
            dict(
                type='MultiScaleFlipAug',
                img_scale=(640, 640),
                flip=False,
                transforms=[
                    dict(type='Resize', keep_ratio=True),
                    dict(type='RandomFlip', flip_ratio=0.0),
                    dict(
                        type='Normalize',
                        mean=[127.5, 127.5, 127.5],
                        std=[128.0, 128.0, 128.0],
                        to_rgb=True),
                    dict(type='Pad', size=(640, 640), pad_val=0),
                    dict(type='ImageToTensor', keys=['img']),
                    dict(type='Collect', keys=['img'])
                ])
        ]))
model = dict(
    type='SCRFD',
    backbone=dict(
        type='ResNetV1e',
        depth=0,
        block_cfg=dict(
            block='BasicBlock',
            stage_blocks=(3, 4, 2, 3),
            stage_planes=[56, 88, 88, 224]),
        base_channels=56,
        num_stages=4,
        out_indices=(0, 1, 2, 3),
        norm_cfg=dict(type='BN', requires_grad=True),
        norm_eval=False,
        style='pytorch'),
    neck=dict(
        type='PAFPN',
        in_channels=[56, 88, 88, 224],
        out_channels=56,
        start_level=1,
        add_extra_convs='on_output',
        num_outs=3),
    bbox_head=dict(
        type='SCRFDHead',
        num_classes=1,
        in_channels=56,
        stacked_convs=3,
        feat_channels=80,
        norm_cfg=dict(type='BN', requires_grad=True),
        cls_reg_share=True,
        strides_share=False,
        scale_mode=2,
        anchor_generator=dict(
            type='AnchorGenerator',
            ratios=[1.0],
            scales=[1, 2],
            base_sizes=[16, 64, 256],
            strides=[8, 16, 32]),
        loss_cls=dict(
            type='QualityFocalLoss',
            use_sigmoid=True,
            beta=2.0,
            loss_weight=1.0),
        loss_dfl=False,
        reg_max=8,
        loss_bbox=dict(type='DIoULoss', loss_weight=2.0),
        use_kps=True,
        loss_kps=dict(
            type='SmoothL1Loss', beta=0.1111111111111111, loss_weight=0.1),
        train_cfg=dict(
            assigner=dict(type='ATSSAssigner', topk=9, ignore_iof_thr=0.5),
            allowed_border=-1,
            pos_weight=-1,
            debug=False,
            neg_weight_zero_prefix='/pii',
            neg_weight_full_substrings=['BTJPSP', 'NQYJPB'],
            neg_weight_pii=0.5,
            qscore='one'),
        test_cfg=dict(
            nms_pre=-1,
            min_bbox_size=0,
            score_thr=0.02,
            nms=dict(type='nms', iou_threshold=0.45),
            max_per_img=-1)))
train_cfg = dict(
    assigner=dict(type='ATSSAssigner', topk=9, ignore_iof_thr=0.5),
    allowed_border=-1,
    pos_weight=-1,
    debug=False,
    neg_weight_zero_prefix='/pii',
    neg_weight_full_substrings=['BTJPSP', 'NQYJPB'],
    neg_weight_pii=0.5,
    qscore='one')
test_cfg = dict(
    nms_pre=-1,
    min_bbox_size=0,
    score_thr=0.02,
    nms=dict(type='nms', iou_threshold=0.45),
    max_per_img=-1)
epoch_multi = 1
evaluation = dict(interval=10000, metric='mAP')
_r = '/data/liangzhenghao/face_pii/raw_ds/'
_m = 'data/mix_ds/'
_assigner = dict(type='ATSSAssigner', topk=9, ignore_iof_thr=0.5)
work_dir = '/data/esteban/pii/runs/train/wd_armX'
gpu_ids = range(0, 1)

2026-09-03 10:18:11,976 - mmdet - INFO - load checkpoint from local path: /data/esteban/pii/weights/SCRFD_10G_KPS_official.pth
2026-09-03 10:18:12,036 - mmdet - INFO - Start running, host: esteban@gpu-002.sjc.worldengine.ai, work_dir: /data/esteban/pii/runs/train/wd_armX
2026-09-03 10:18:12,036 - mmdet - INFO - Hooks will be executed in the following order:
before_run:
(VERY_HIGH   ) StepLrUpdaterHook                  
(NORMAL      ) CheckpointHook                     
(VERY_LOW    ) TextLoggerHook                     
 -------------------- 
before_train_epoch:
(VERY_HIGH   ) StepLrUpdaterHook                  
(NORMAL      ) DistSamplerSeedHook                
(LOW         ) IterTimerHook                      
(VERY_LOW    ) TextLoggerHook                     
 -------------------- 
before_train_iter:
(VERY_HIGH   ) StepLrUpdaterHook                  
(LOW         ) IterTimerHook                      
 -------------------- 
after_train_iter:
(ABOVE_NORMAL) OptimizerHook                      
(NORMAL      ) CheckpointHook                     
(LOW         ) IterTimerHook                      
(VERY_LOW    ) TextLoggerHook                     
 -------------------- 
after_train_epoch:
(NORMAL      ) CheckpointHook                     
(VERY_LOW    ) TextLoggerHook                     
 -------------------- 
before_val_epoch:
(NORMAL      ) DistSamplerSeedHook                
(LOW         ) IterTimerHook                      
(VERY_LOW    ) TextLoggerHook                     
 -------------------- 
before_val_iter:
(LOW         ) IterTimerHook                      
 -------------------- 
after_val_iter:
(LOW         ) IterTimerHook                      
 -------------------- 
after_val_epoch:
(VERY_LOW    ) TextLoggerHook                     
 -------------------- 
after_run:
(VERY_LOW    ) TextLoggerHook                     
 -------------------- 
2026-09-03 10:18:12,036 - mmdet - INFO - workflow: [('train', 1)], max: 20 epochs
2026-09-03 10:18:12,036 - mmdet - INFO - Checkpoints will be saved to /data/esteban/pii/runs/train/wd_armX by HardDiskBackend.
2026-09-03 10:19:07,662 - mmdet - INFO - Epoch [1][50/1320]	lr: 9.890e-05, eta: 8:06:29, time: 1.108, data_time: 0.474, memory: 16010, loss_cls: 0.6629, loss_bbox: 0.4117, loss_kps: 0.0000, loss: 1.0746
2026-09-03 10:19:41,925 - mmdet - INFO - Epoch [1][100/1320]	lr: 1.988e-04, eta: 6:32:55, time: 0.685, data_time: 0.150, memory: 16010, loss_cls: 0.5814, loss_bbox: 0.3961, loss_kps: 0.0000, loss: 0.9775
2026-09-03 10:20:15,723 - mmdet - INFO - Epoch [1][150/1320]	lr: 2.987e-04, eta: 6:00:03, time: 0.676, data_time: 0.149, memory: 16010, loss_cls: 0.5370, loss_bbox: 0.4010, loss_kps: 0.0000, loss: 0.9380
2026-09-03 10:23:40,906 - mmdet - INFO - Epoch [1][200/1320]	lr: 3.986e-04, eta: 11:57:30, time: 4.104, data_time: 3.566, memory: 16010, loss_cls: 0.5128, loss_bbox: 0.4017, loss_kps: 0.0000, loss: 0.9146
2026-09-03 10:24:26,692 - mmdet - INFO - Epoch [1][250/1320]	lr: 4.985e-04, eta: 10:52:43, time: 0.916, data_time: 0.368, memory: 16010, loss_cls: 0.5253, loss_bbox: 0.4143, loss_kps: 0.0000, loss: 0.9396
2026-09-03 10:25:01,454 - mmdet - INFO - Epoch [1][300/1320]	lr: 5.984e-04, eta: 9:53:18, time: 0.695, data_time: 0.150, memory: 16010, loss_cls: 0.5156, loss_bbox: 0.4035, loss_kps: 0.0000, loss: 0.9190
2026-09-03 10:25:36,349 - mmdet - INFO - Epoch [1][350/1320]	lr: 6.983e-04, eta: 9:10:51, time: 0.698, data_time: 0.167, memory: 16010, loss_cls: 0.4938, loss_bbox: 0.4049, loss_kps: 0.0000, loss: 0.8987
2026-09-03 10:26:12,828 - mmdet - INFO - Epoch [1][400/1320]	lr: 7.982e-04, eta: 8:40:35, time: 0.730, data_time: 0.187, memory: 16010, loss_cls: 0.4774, loss_bbox: 0.4105, loss_kps: 0.0000, loss: 0.8879
2026-09-03 10:26:47,938 - mmdet - INFO - Epoch [1][450/1320]	lr: 8.981e-04, eta: 8:15:35, time: 0.702, data_time: 0.164, memory: 16010, loss_cls: 0.5050, loss_bbox: 0.4025, loss_kps: 0.0000, loss: 0.9075
2026-09-03 10:27:22,794 - mmdet - INFO - Epoch [1][500/1320]	lr: 9.980e-04, eta: 7:55:16, time: 0.697, data_time: 0.175, memory: 16010, loss_cls: 0.4781, loss_bbox: 0.4098, loss_kps: 0.0000, loss: 0.8879
2026-09-03 10:28:00,488 - mmdet - INFO - Epoch [1][550/1320]	lr: 1.000e-03, eta: 7:40:45, time: 0.754, data_time: 0.208, memory: 16230, loss_cls: 0.5446, loss_bbox: 0.4296, loss_kps: 0.0000, loss: 0.9742
2026-09-03 10:28:36,400 - mmdet - INFO - Epoch [1][600/1320]	lr: 1.000e-03, eta: 7:27:17, time: 0.718, data_time: 0.181, memory: 16230, loss_cls: 0.4834, loss_bbox: 0.4165, loss_kps: 0.0000, loss: 0.8999
2026-09-03 10:29:11,632 - mmdet - INFO - Epoch [1][650/1320]	lr: 1.000e-03, eta: 7:15:20, time: 0.705, data_time: 0.171, memory: 16499, loss_cls: 0.4866, loss_bbox: 0.4279, loss_kps: 0.0000, loss: 0.9144
2026-09-03 10:29:46,553 - mmdet - INFO - Epoch [1][700/1320]	lr: 1.000e-03, eta: 7:04:49, time: 0.699, data_time: 0.157, memory: 16499, loss_cls: 0.4794, loss_bbox: 0.4210, loss_kps: 0.0000, loss: 0.9003
2026-09-03 10:30:26,228 - mmdet - INFO - Epoch [1][750/1320]	lr: 1.000e-03, eta: 6:58:20, time: 0.793, data_time: 0.245, memory: 16499, loss_cls: 0.4902, loss_bbox: 0.4147, loss_kps: 0.0000, loss: 0.9048
2026-09-03 10:31:07,134 - mmdet - INFO - Epoch [1][800/1320]	lr: 1.000e-03, eta: 6:53:15, time: 0.818, data_time: 0.263, memory: 16499, loss_cls: 0.4978, loss_bbox: 0.4161, loss_kps: 0.0000, loss: 0.9139
2026-09-03 10:31:55,955 - mmdet - INFO - Epoch [1][850/1320]	lr: 1.000e-03, eta: 6:52:38, time: 0.976, data_time: 0.445, memory: 16499, loss_cls: 0.4863, loss_bbox: 0.4150, loss_kps: 0.0000, loss: 0.9013
2026-09-03 10:32:46,918 - mmdet - INFO - Epoch [1][900/1320]	lr: 1.000e-03, eta: 6:53:01, time: 1.019, data_time: 0.483, memory: 16499, loss_cls: 0.4770, loss_bbox: 0.4261, loss_kps: 0.0000, loss: 0.9032
2026-09-03 10:33:37,731 - mmdet - INFO - Epoch [1][950/1320]	lr: 1.000e-03, eta: 6:53:12, time: 1.016, data_time: 0.483, memory: 16499, loss_cls: 0.4866, loss_bbox: 0.4148, loss_kps: 0.0000, loss: 0.9015
2026-09-03 10:34:25,733 - mmdet - INFO - Exp name: scrfd_armX.py
2026-09-03 10:34:25,737 - mmdet - INFO - Epoch [1][1000/1320]	lr: 1.000e-03, eta: 6:52:05, time: 0.960, data_time: 0.417, memory: 16499, loss_cls: 0.4888, loss_bbox: 0.4316, loss_kps: 0.0000, loss: 0.9204
2026-09-03 10:35:20,226 - mmdet - INFO - Epoch [1][1050/1320]	lr: 1.000e-03, eta: 6:53:37, time: 1.090, data_time: 0.551, memory: 16499, loss_cls: 0.4682, loss_bbox: 0.4162, loss_kps: 0.0000, loss: 0.8844
2026-09-03 10:36:05,457 - mmdet - INFO - Epoch [1][1100/1320]	lr: 1.000e-03, eta: 6:51:23, time: 0.905, data_time: 0.338, memory: 16499, loss_cls: 0.4949, loss_bbox: 0.4218, loss_kps: 0.0000, loss: 0.9167
2026-09-03 10:36:44,465 - mmdet - INFO - Epoch [1][1150/1320]	lr: 1.000e-03, eta: 6:46:59, time: 0.780, data_time: 0.225, memory: 16499, loss_cls: 0.4815, loss_bbox: 0.4140, loss_kps: 0.0000, loss: 0.8954
2026-09-03 10:37:40,473 - mmdet - INFO - Epoch [1][1200/1320]	lr: 1.000e-03, eta: 6:48:51, time: 1.120, data_time: 0.598, memory: 16499, loss_cls: 0.4758, loss_bbox: 0.4230, loss_kps: 0.0000, loss: 0.8987
2026-09-03 10:38:33,569 - mmdet - INFO - Epoch [1][1250/1320]	lr: 1.000e-03, eta: 6:49:32, time: 1.062, data_time: 0.519, memory: 16499, loss_cls: 0.4669, loss_bbox: 0.4121, loss_kps: 0.0000, loss: 0.8790
2026-09-03 10:39:07,813 - mmdet - INFO - Epoch [1][1300/1320]	lr: 1.000e-03, eta: 6:44:01, time: 0.685, data_time: 0.157, memory: 16499, loss_cls: 0.5149, loss_bbox: 0.4214, loss_kps: 0.0000, loss: 0.9363
2026-09-03 10:39:20,776 - mmdet - INFO - Saving checkpoint at 1 epochs
2026-09-03 10:49:10,251 - mmdet - INFO - Epoch [2][50/1320]	lr: 1.000e-03, eta: 9:21:39, time: 11.780, data_time: 11.250, memory: 16499, loss_cls: 0.4851, loss_bbox: 0.4179, loss_kps: 0.0000, loss: 0.9030
2026-09-03 10:49:44,670 - mmdet - INFO - Epoch [2][100/1320]	lr: 1.000e-03, eta: 9:10:54, time: 0.689, data_time: 0.172, memory: 16499, loss_cls: 0.4573, loss_bbox: 0.4206, loss_kps: 0.0000, loss: 0.8779
2026-09-03 10:50:17,334 - mmdet - INFO - Epoch [2][150/1320]	lr: 1.000e-03, eta: 9:00:19, time: 0.653, data_time: 0.146, memory: 16499, loss_cls: 0.4724, loss_bbox: 0.4211, loss_kps: 0.0000, loss: 0.8935
2026-09-03 10:50:49,075 - mmdet - INFO - Epoch [2][200/1320]	lr: 1.000e-03, eta: 8:50:09, time: 0.635, data_time: 0.141, memory: 16499, loss_cls: 0.4858, loss_bbox: 0.4123, loss_kps: 0.0000, loss: 0.8982
2026-09-03 10:51:21,783 - mmdet - INFO - Epoch [2][250/1320]	lr: 1.000e-03, eta: 8:40:52, time: 0.654, data_time: 0.148, memory: 16499, loss_cls: 0.4608, loss_bbox: 0.4155, loss_kps: 0.0000, loss: 0.8764
2026-09-03 10:51:54,017 - mmdet - INFO - Epoch [2][300/1320]	lr: 1.000e-03, eta: 8:31:59, time: 0.645, data_time: 0.149, memory: 16499, loss_cls: 0.4539, loss_bbox: 0.4188, loss_kps: 0.0000, loss: 0.8727
2026-09-03 10:52:26,168 - mmdet - INFO - Epoch [2][350/1320]	lr: 1.000e-03, eta: 8:23:36, time: 0.643, data_time: 0.149, memory: 16499, loss_cls: 0.4639, loss_bbox: 0.4198, loss_kps: 0.0000, loss: 0.8837
2026-09-03 10:52:58,640 - mmdet - INFO - Epoch [2][400/1320]	lr: 1.000e-03, eta: 8:15:44, time: 0.650, data_time: 0.143, memory: 16499, loss_cls: 0.4646, loss_bbox: 0.4103, loss_kps: 0.0000, loss: 0.8749
2026-09-03 10:53:30,614 - mmdet - INFO - Epoch [2][450/1320]	lr: 1.000e-03, eta: 8:08:10, time: 0.639, data_time: 0.145, memory: 16499, loss_cls: 0.4453, loss_bbox: 0.4142, loss_kps: 0.0000, loss: 0.8595
2026-09-03 10:54:03,204 - mmdet - INFO - Epoch [2][500/1320]	lr: 1.000e-03, eta: 8:01:08, time: 0.652, data_time: 0.152, memory: 16499, loss_cls: 0.4614, loss_bbox: 0.4003, loss_kps: 0.0000, loss: 0.8617
2026-09-03 10:54:35,596 - mmdet - INFO - Epoch [2][550/1320]	lr: 1.000e-03, eta: 7:54:23, time: 0.648, data_time: 0.142, memory: 16499, loss_cls: 0.4711, loss_bbox: 0.4165, loss_kps: 0.0000, loss: 0.8876
2026-09-03 10:55:07,886 - mmdet - INFO - Epoch [2][600/1320]	lr: 1.000e-03, eta: 7:47:57, time: 0.646, data_time: 0.143, memory: 16499, loss_cls: 0.4460, loss_bbox: 0.4209, loss_kps: 0.0000, loss: 0.8669
2026-09-03 10:55:39,625 - mmdet - INFO - Epoch [2][650/1320]	lr: 1.000e-03, eta: 7:41:42, time: 0.635, data_time: 0.135, memory: 16499, loss_cls: 0.4469, loss_bbox: 0.4039, loss_kps: 0.0000, loss: 0.8508
2026-09-03 10:56:11,992 - mmdet - INFO - Epoch [2][700/1320]	lr: 1.000e-03, eta: 7:35:52, time: 0.647, data_time: 0.141, memory: 16499, loss_cls: 0.4539, loss_bbox: 0.4082, loss_kps: 0.0000, loss: 0.8622
2026-09-03 10:59:49,368 - mmdet - INFO - Epoch [2][750/1320]	lr: 1.000e-03, eta: 8:06:32, time: 4.348, data_time: 3.849, memory: 16499, loss_cls: 0.4669, loss_bbox: 0.4155, loss_kps: 0.0000, loss: 0.8823
2026-09-03 11:00:21,352 - mmdet - INFO - Epoch [2][800/1320]	lr: 1.000e-03, eta: 8:00:11, time: 0.639, data_time: 0.131, memory: 16499, loss_cls: 0.4771, loss_bbox: 0.4098, loss_kps: 0.0000, loss: 0.8870
2026-09-03 11:00:54,798 - mmdet - INFO - Epoch [2][850/1320]	lr: 1.000e-03, eta: 7:54:23, time: 0.669, data_time: 0.162, memory: 16499, loss_cls: 0.4825, loss_bbox: 0.4224, loss_kps: 0.0000, loss: 0.9048
2026-09-03 11:01:26,663 - mmdet - INFO - Epoch [2][900/1320]	lr: 1.000e-03, eta: 7:48:31, time: 0.637, data_time: 0.133, memory: 16499, loss_cls: 0.4471, loss_bbox: 0.4021, loss_kps: 0.0000, loss: 0.8492
2026-09-03 11:01:58,798 - mmdet - INFO - Epoch [2][950/1320]	lr: 1.000e-03, eta: 7:42:57, time: 0.643, data_time: 0.138, memory: 16499, loss_cls: 0.4562, loss_bbox: 0.4191, loss_kps: 0.0000, loss: 0.8753
2026-09-03 11:02:31,539 - mmdet - INFO - Epoch [2][1000/1320]	lr: 1.000e-03, eta: 7:37:42, time: 0.655, data_time: 0.136, memory: 16499, loss_cls: 0.4370, loss_bbox: 0.4036, loss_kps: 0.0000, loss: 0.8406
2026-09-03 11:03:04,166 - mmdet - INFO - Epoch [2][1050/1320]	lr: 1.000e-03, eta: 7:32:37, time: 0.652, data_time: 0.138, memory: 16499, loss_cls: 0.4657, loss_bbox: 0.4159, loss_kps: 0.0000, loss: 0.8816
2026-09-03 11:03:53,438 - mmdet - INFO - Epoch [2][1100/1320]	lr: 1.000e-03, eta: 7:30:29, time: 0.985, data_time: 0.485, memory: 16727, loss_cls: 0.4324, loss_bbox: 0.4145, loss_kps: 0.0000, loss: 0.8469
2026-09-03 11:04:25,286 - mmdet - INFO - Epoch [2][1150/1320]	lr: 1.000e-03, eta: 7:25:35, time: 0.637, data_time: 0.138, memory: 16727, loss_cls: 0.4694, loss_bbox: 0.4075, loss_kps: 0.0000, loss: 0.8770
2026-09-03 11:04:57,338 - mmdet - INFO - Epoch [2][1200/1320]	lr: 1.000e-03, eta: 7:20:54, time: 0.641, data_time: 0.147, memory: 16727, loss_cls: 0.4593, loss_bbox: 0.4169, loss_kps: 0.0000, loss: 0.8762
2026-09-03 11:05:30,525 - mmdet - INFO - Epoch [2][1250/1320]	lr: 1.000e-03, eta: 7:16:32, time: 0.664, data_time: 0.153, memory: 16727, loss_cls: 0.4468, loss_bbox: 0.4154, loss_kps: 0.0000, loss: 0.8623
2026-09-03 11:06:03,025 - mmdet - INFO - Epoch [2][1300/1320]	lr: 1.000e-03, eta: 7:12:14, time: 0.650, data_time: 0.144, memory: 16727, loss_cls: 0.4667, loss_bbox: 0.4176, loss_kps: 0.0000, loss: 0.8842
2026-09-03 11:08:23,367 - mmdet - INFO - Saving checkpoint at 2 epochs
2026-09-03 11:09:11,123 - mmdet - INFO - Epoch [3][50/1320]	lr: 1.000e-03, eta: 7:06:41, time: 0.945, data_time: 0.414, memory: 16727, loss_cls: 0.4511, loss_bbox: 0.4066, loss_kps: 0.0000, loss: 0.8576
2026-09-03 11:09:44,509 - mmdet - INFO - Epoch [3][100/1320]	lr: 1.000e-03, eta: 7:02:49, time: 0.668, data_time: 0.145, memory: 16727, loss_cls: 0.4582, loss_bbox: 0.4107, loss_kps: 0.0000, loss: 0.8689
2026-09-03 11:10:18,561 - mmdet - INFO - Epoch [3][150/1320]	lr: 1.000e-03, eta: 6:59:10, time: 0.681, data_time: 0.153, memory: 16727, loss_cls: 0.4436, loss_bbox: 0.4067, loss_kps: 0.0000, loss: 0.8503
2026-09-03 11:10:51,765 - mmdet - INFO - Epoch [3][200/1320]	lr: 1.000e-03, eta: 6:55:30, time: 0.664, data_time: 0.158, memory: 16727, loss_cls: 0.4321, loss_bbox: 0.4028, loss_kps: 0.0000, loss: 0.8349
2026-09-03 11:11:24,544 - mmdet - INFO - Epoch [3][250/1320]	lr: 1.000e-03, eta: 6:51:53, time: 0.656, data_time: 0.146, memory: 16727, loss_cls: 0.4525, loss_bbox: 0.4007, loss_kps: 0.0000, loss: 0.8532
2026-09-03 11:11:57,920 - mmdet - INFO - Epoch [3][300/1320]	lr: 1.000e-03, eta: 6:48:28, time: 0.667, data_time: 0.148, memory: 16727, loss_cls: 0.4356, loss_bbox: 0.4039, loss_kps: 0.0000, loss: 0.8395
2026-09-03 11:12:33,700 - mmdet - INFO - Epoch [3][350/1320]	lr: 1.000e-03, eta: 6:45:27, time: 0.716, data_time: 0.156, memory: 16727, loss_cls: 0.4581, loss_bbox: 0.4126, loss_kps: 0.0000, loss: 0.8707
2026-09-03 11:14:31,515 - mmdet - INFO - Epoch [3][400/1320]	lr: 1.000e-03, eta: 6:53:01, time: 2.356, data_time: 1.853, memory: 16727, loss_cls: 0.4368, loss_bbox: 0.4183, loss_kps: 0.0000, loss: 0.8551
2026-09-03 11:15:03,948 - mmdet - INFO - Epoch [3][450/1320]	lr: 1.000e-03, eta: 6:49:32, time: 0.649, data_time: 0.146, memory: 16727, loss_cls: 0.4526, loss_bbox: 0.4109, loss_kps: 0.0000, loss: 0.8635
2026-09-03 11:15:36,252 - mmdet - INFO - Epoch [3][500/1320]	lr: 1.000e-03, eta: 6:46:08, time: 0.646, data_time: 0.151, memory: 16727, loss_cls: 0.4656, loss_bbox: 0.4150, loss_kps: 0.0000, loss: 0.8806
2026-09-03 11:16:10,469 - mmdet - INFO - Epoch [3][550/1320]	lr: 1.000e-03, eta: 6:43:04, time: 0.684, data_time: 0.162, memory: 16727, loss_cls: 0.4526, loss_bbox: 0.4109, loss_kps: 0.0000, loss: 0.8635
2026-09-03 11:16:43,891 - mmdet - INFO - Epoch [3][600/1320]	lr: 1.000e-03, eta: 6:39:58, time: 0.669, data_time: 0.156, memory: 16727, loss_cls: 0.4407, loss_bbox: 0.4161, loss_kps: 0.0000, loss: 0.8568
2026-09-03 11:17:17,385 - mmdet - INFO - Epoch [3][650/1320]	lr: 1.000e-03, eta: 6:36:58, time: 0.670, data_time: 0.150, memory: 16727, loss_cls: 0.4508, loss_bbox: 0.4098, loss_kps: 0.0000, loss: 0.8605
2026-09-03 11:17:51,258 - mmdet - INFO - Epoch [3][700/1320]	lr: 1.000e-03, eta: 6:34:04, time: 0.677, data_time: 0.159, memory: 16727, loss_cls: 0.4376, loss_bbox: 0.4185, loss_kps: 0.0000, loss: 0.8561
2026-09-03 11:18:24,068 - mmdet - INFO - Epoch [3][750/1320]	lr: 1.000e-03, eta: 6:31:08, time: 0.656, data_time: 0.142, memory: 16727, loss_cls: 0.4345, loss_bbox: 0.4102, loss_kps: 0.0000, loss: 0.8447
2026-09-03 11:18:57,292 - mmdet - INFO - Epoch [3][800/1320]	lr: 1.000e-03, eta: 6:28:18, time: 0.664, data_time: 0.147, memory: 16727, loss_cls: 0.4567, loss_bbox: 0.4185, loss_kps: 0.0000, loss: 0.8752
2026-09-03 11:19:30,749 - mmdet - INFO - Epoch [3][850/1320]	lr: 1.000e-03, eta: 6:25:34, time: 0.669, data_time: 0.150, memory: 16727, loss_cls: 0.4438, loss_bbox: 0.4104, loss_kps: 0.0000, loss: 0.8542
2026-09-03 11:20:02,951 - mmdet - INFO - Epoch [3][900/1320]	lr: 1.000e-03, eta: 6:22:45, time: 0.644, data_time: 0.128, memory: 16727, loss_cls: 0.4502, loss_bbox: 0.4058, loss_kps: 0.0000, loss: 0.8559
2026-09-03 11:22:44,951 - mmdet - INFO - Epoch [3][950/1320]	lr: 1.000e-03, eta: 6:33:45, time: 3.240, data_time: 2.724, memory: 16727, loss_cls: 0.4483, loss_bbox: 0.4019, loss_kps: 0.0000, loss: 0.8502
2026-09-03 11:24:46,564 - mmdet - INFO - Epoch [3][1000/1320]	lr: 1.000e-03, eta: 6:40:10, time: 2.432, data_time: 1.913, memory: 16727, loss_cls: 0.4522, loss_bbox: 0.4085, loss_kps: 0.0000, loss: 0.8607
2026-09-03 11:25:21,144 - mmdet - INFO - Epoch [3][1050/1320]	lr: 1.000e-03, eta: 6:37:26, time: 0.692, data_time: 0.169, memory: 16727, loss_cls: 0.4611, loss_bbox: 0.4203, loss_kps: 0.0000, loss: 0.8814
2026-09-03 11:25:53,658 - mmdet - INFO - Epoch [3][1100/1320]	lr: 1.000e-03, eta: 6:34:32, time: 0.650, data_time: 0.151, memory: 16727, loss_cls: 0.4432, loss_bbox: 0.4111, loss_kps: 0.0000, loss: 0.8543
2026-09-03 11:26:26,042 - mmdet - INFO - Epoch [3][1150/1320]	lr: 1.000e-03, eta: 6:31:41, time: 0.648, data_time: 0.143, memory: 16727, loss_cls: 0.4363, loss_bbox: 0.4071, loss_kps: 0.0000, loss: 0.8434
2026-09-03 11:27:32,766 - mmdet - INFO - Epoch [3][1200/1320]	lr: 1.000e-03, eta: 6:32:16, time: 1.335, data_time: 0.819, memory: 16727, loss_cls: 0.4349, loss_bbox: 0.4075, loss_kps: 0.0000, loss: 0.8424
2026-09-03 11:28:05,830 - mmdet - INFO - Epoch [3][1250/1320]	lr: 1.000e-03, eta: 6:29:33, time: 0.661, data_time: 0.148, memory: 16727, loss_cls: 0.4505, loss_bbox: 0.4062, loss_kps: 0.0000, loss: 0.8566
2026-09-03 11:28:37,697 - mmdet - INFO - Epoch [3][1300/1320]	lr: 1.000e-03, eta: 6:26:47, time: 0.637, data_time: 0.135, memory: 16727, loss_cls: 0.4597, loss_bbox: 0.4209, loss_kps: 0.0000, loss: 0.8806
2026-09-03 11:29:42,941 - mmdet - INFO - Saving checkpoint at 3 epochs
2026-09-03 11:30:28,761 - mmdet - INFO - Epoch [4][50/1320]	lr: 1.000e-03, eta: 6:23:04, time: 0.908, data_time: 0.385, memory: 16727, loss_cls: 0.4336, loss_bbox: 0.4083, loss_kps: 0.0000, loss: 0.8419
2026-09-03 11:31:00,405 - mmdet - INFO - Epoch [4][100/1320]	lr: 1.000e-03, eta: 6:20:25, time: 0.633, data_time: 0.135, memory: 16727, loss_cls: 0.4289, loss_bbox: 0.4110, loss_kps: 0.0000, loss: 0.8399
2026-09-03 11:32:59,956 - mmdet - INFO - Epoch [4][150/1320]	lr: 1.000e-03, eta: 6:25:45, time: 2.391, data_time: 1.880, memory: 16727, loss_cls: 0.4198, loss_bbox: 0.4045, loss_kps: 0.0000, loss: 0.8243
2026-09-03 11:33:33,686 - mmdet - INFO - Epoch [4][200/1320]	lr: 1.000e-03, eta: 6:23:16, time: 0.675, data_time: 0.158, memory: 16727, loss_cls: 0.4448, loss_bbox: 0.4123, loss_kps: 0.0000, loss: 0.8571
2026-09-03 11:34:44,821 - mmdet - INFO - Epoch [4][250/1320]	lr: 1.000e-03, eta: 6:24:06, time: 1.423, data_time: 0.914, memory: 16727, loss_cls: 0.4305, loss_bbox: 0.4048, loss_kps: 0.0000, loss: 0.8353
2026-09-03 11:35:21,767 - mmdet - INFO - Epoch [4][300/1320]	lr: 1.000e-03, eta: 6:21:57, time: 0.739, data_time: 0.183, memory: 16727, loss_cls: 0.4220, loss_bbox: 0.4006, loss_kps: 0.0000, loss: 0.8226
2026-09-03 11:35:55,123 - mmdet - INFO - Epoch [4][350/1320]	lr: 1.000e-03, eta: 6:19:31, time: 0.667, data_time: 0.153, memory: 16727, loss_cls: 0.4460, loss_bbox: 0.4120, loss_kps: 0.0000, loss: 0.8580
2026-09-03 11:36:29,529 - mmdet - INFO - Epoch [4][400/1320]	lr: 1.000e-03, eta: 6:17:12, time: 0.688, data_time: 0.162, memory: 16727, loss_cls: 0.4281, loss_bbox: 0.4132, loss_kps: 0.0000, loss: 0.8413
2026-09-03 11:37:04,812 - mmdet - INFO - Epoch [4][450/1320]	lr: 1.000e-03, eta: 6:15:01, time: 0.706, data_time: 0.189, memory: 16727, loss_cls: 0.4388, loss_bbox: 0.4044, loss_kps: 0.0000, loss: 0.8432
2026-09-03 11:38:55,404 - mmdet - INFO - Epoch [4][500/1320]	lr: 1.000e-03, eta: 6:19:02, time: 2.212, data_time: 1.703, memory: 16727, loss_cls: 0.4586, loss_bbox: 0.4171, loss_kps: 0.0000, loss: 0.8756
2026-09-03 11:42:02,090 - mmdet - INFO - Epoch [4][550/1320]	lr: 1.000e-03, eta: 6:29:05, time: 3.734, data_time: 3.228, memory: 16727, loss_cls: 0.4365, loss_bbox: 0.3929, loss_kps: 0.0000, loss: 0.8294
2026-09-03 11:42:35,831 - mmdet - INFO - Epoch [4][600/1320]	lr: 1.000e-03, eta: 6:26:38, time: 0.675, data_time: 0.143, memory: 16727, loss_cls: 0.4352, loss_bbox: 0.4117, loss_kps: 0.0000, loss: 0.8469
2026-09-03 11:45:28,463 - mmdet - INFO - Epoch [4][650/1320]	lr: 1.000e-03, eta: 6:35:10, time: 3.453, data_time: 2.934, memory: 16727, loss_cls: 0.4264, loss_bbox: 0.3971, loss_kps: 0.0000, loss: 0.8235
2026-09-03 11:46:01,858 - mmdet - INFO - Epoch [4][700/1320]	lr: 1.000e-03, eta: 6:32:37, time: 0.668, data_time: 0.147, memory: 16727, loss_cls: 0.4404, loss_bbox: 0.4091, loss_kps: 0.0000, loss: 0.8495
2026-09-03 11:46:33,833 - mmdet - INFO - Epoch [4][750/1320]	lr: 1.000e-03, eta: 6:30:01, time: 0.639, data_time: 0.144, memory: 16727, loss_cls: 0.4366, loss_bbox: 0.4086, loss_kps: 0.0000, loss: 0.8452
2026-09-03 11:48:23,137 - mmdet - INFO - Epoch [4][800/1320]	lr: 1.000e-03, eta: 6:33:18, time: 2.186, data_time: 1.667, memory: 16727, loss_cls: 0.4217, loss_bbox: 0.4082, loss_kps: 0.0000, loss: 0.8299
2026-09-03 11:50:14,878 - mmdet - INFO - Epoch [4][850/1320]	lr: 1.000e-03, eta: 6:36:41, time: 2.235, data_time: 1.707, memory: 16727, loss_cls: 0.4420, loss_bbox: 0.4136, loss_kps: 0.0000, loss: 0.8556
2026-09-03 11:51:19,490 - mmdet - INFO - Epoch [4][900/1320]	lr: 1.000e-03, eta: 6:36:28, time: 1.292, data_time: 0.778, memory: 16727, loss_cls: 0.4394, loss_bbox: 0.4166, loss_kps: 0.0000, loss: 0.8560
2026-09-03 11:51:53,390 - mmdet - INFO - Epoch [4][950/1320]	lr: 1.000e-03, eta: 6:33:59, time: 0.678, data_time: 0.160, memory: 16727, loss_cls: 0.4354, loss_bbox: 0.4075, loss_kps: 0.0000, loss: 0.8429
2026-09-03 11:52:27,028 - mmdet - INFO - Epoch [4][1000/1320]	lr: 1.000e-03, eta: 6:31:32, time: 0.673, data_time: 0.158, memory: 16727, loss_cls: 0.4358, loss_bbox: 0.4187, loss_kps: 0.0000, loss: 0.8545
2026-09-03 11:54:07,689 - mmdet - INFO - Epoch [4][1050/1320]	lr: 1.000e-03, eta: 6:33:53, time: 2.013, data_time: 1.508, memory: 16727, loss_cls: 0.4618, loss_bbox: 0.4099, loss_kps: 0.0000, loss: 0.8717
2026-09-03 11:54:40,541 - mmdet - INFO - Epoch [4][1100/1320]	lr: 1.000e-03, eta: 6:31:23, time: 0.657, data_time: 0.143, memory: 16727, loss_cls: 0.4468, loss_bbox: 0.4125, loss_kps: 0.0000, loss: 0.8593
2026-09-03 11:58:28,173 - mmdet - INFO - Epoch [4][1150/1320]	lr: 1.000e-03, eta: 6:42:27, time: 4.553, data_time: 4.037, memory: 16727, loss_cls: 0.4349, loss_bbox: 0.4089, loss_kps: 0.0000, loss: 0.8438
2026-09-03 11:59:59,102 - mmdet - INFO - Epoch [4][1200/1320]	lr: 1.000e-03, eta: 6:43:51, time: 1.819, data_time: 1.271, memory: 16727, loss_cls: 0.4331, loss_bbox: 0.4189, loss_kps: 0.0000, loss: 0.8520
2026-09-03 12:00:32,195 - mmdet - INFO - Epoch [4][1250/1320]	lr: 1.000e-03, eta: 6:41:17, time: 0.662, data_time: 0.156, memory: 16727, loss_cls: 0.4448, loss_bbox: 0.4137, loss_kps: 0.0000, loss: 0.8585
2026-09-03 12:01:04,802 - mmdet - INFO - Epoch [4][1300/1320]	lr: 1.000e-03, eta: 6:38:43, time: 0.652, data_time: 0.156, memory: 16727, loss_cls: 0.4370, loss_bbox: 0.4149, loss_kps: 0.0000, loss: 0.8519
2026-09-03 12:01:30,763 - mmdet - INFO - Saving checkpoint at 4 epochs
2026-09-03 12:04:49,892 - mmdet - INFO - Epoch [5][50/1320]	lr: 1.000e-03, eta: 6:45:16, time: 3.974, data_time: 3.461, memory: 16727, loss_cls: 0.4263, loss_bbox: 0.4024, loss_kps: 0.0000, loss: 0.8287
2026-09-03 12:05:21,106 - mmdet - INFO - Epoch [5][100/1320]	lr: 1.000e-03, eta: 6:42:35, time: 0.624, data_time: 0.140, memory: 16727, loss_cls: 0.4273, loss_bbox: 0.4027, loss_kps: 0.0000, loss: 0.8300
2026-09-03 12:05:53,141 - mmdet - INFO - Epoch [5][150/1320]	lr: 1.000e-03, eta: 6:39:59, time: 0.641, data_time: 0.143, memory: 16727, loss_cls: 0.4275, loss_bbox: 0.4000, loss_kps: 0.0000, loss: 0.8274
2026-09-03 12:06:25,875 - mmdet - INFO - Epoch [5][200/1320]	lr: 1.000e-03, eta: 6:37:28, time: 0.655, data_time: 0.150, memory: 16727, loss_cls: 0.4353, loss_bbox: 0.4172, loss_kps: 0.0000, loss: 0.8526
2026-09-03 12:07:10,308 - mmdet - INFO - Epoch [5][250/1320]	lr: 1.000e-03, eta: 6:35:44, time: 0.889, data_time: 0.377, memory: 16727, loss_cls: 0.4194, loss_bbox: 0.3991, loss_kps: 0.0000, loss: 0.8184
2026-09-03 12:07:43,946 - mmdet - INFO - Epoch [5][300/1320]	lr: 1.000e-03, eta: 6:33:20, time: 0.673, data_time: 0.162, memory: 16727, loss_cls: 0.4299, loss_bbox: 0.4008, loss_kps: 0.0000, loss: 0.8308
2026-09-03 12:08:16,343 - mmdet - INFO - Epoch [5][350/1320]	lr: 1.000e-03, eta: 6:30:54, time: 0.648, data_time: 0.147, memory: 16727, loss_cls: 0.4436, loss_bbox: 0.4120, loss_kps: 0.0000, loss: 0.8556
2026-09-03 12:08:49,350 - mmdet - INFO - Epoch [5][400/1320]	lr: 1.000e-03, eta: 6:28:32, time: 0.660, data_time: 0.153, memory: 16727, loss_cls: 0.4429, loss_bbox: 0.4128, loss_kps: 0.0000, loss: 0.8557
2026-09-03 12:09:21,764 - mmdet - INFO - Epoch [5][450/1320]	lr: 1.000e-03, eta: 6:26:10, time: 0.648, data_time: 0.142, memory: 16727, loss_cls: 0.4332, loss_bbox: 0.4008, loss_kps: 0.0000, loss: 0.8340
2026-09-03 12:10:11,682 - mmdet - INFO - Epoch [5][500/1320]	lr: 1.000e-03, eta: 6:24:52, time: 0.998, data_time: 0.492, memory: 16727, loss_cls: 0.4292, loss_bbox: 0.4223, loss_kps: 0.0000, loss: 0.8515
2026-09-03 12:10:44,607 - mmdet - INFO - Epoch [5][550/1320]	lr: 1.000e-03, eta: 6:22:34, time: 0.659, data_time: 0.152, memory: 16727, loss_cls: 0.4252, loss_bbox: 0.4010, loss_kps: 0.0000, loss: 0.8262
2026-09-03 12:11:36,045 - mmdet - INFO - Epoch [5][600/1320]	lr: 1.000e-03, eta: 6:21:23, time: 1.029, data_time: 0.515, memory: 16727, loss_cls: 0.4223, loss_bbox: 0.4035, loss_kps: 0.0000, loss: 0.8258
2026-09-03 12:15:26,988 - mmdet - INFO - Epoch [5][650/1320]	lr: 1.000e-03, eta: 6:30:32, time: 4.619, data_time: 4.115, memory: 16727, loss_cls: 0.4439, loss_bbox: 0.4107, loss_kps: 0.0000, loss: 0.8546
2026-09-03 12:15:59,797 - mmdet - INFO - Epoch [5][700/1320]	lr: 1.000e-03, eta: 6:28:12, time: 0.656, data_time: 0.144, memory: 16727, loss_cls: 0.4296, loss_bbox: 0.4032, loss_kps: 0.0000, loss: 0.8327
2026-09-03 12:16:32,669 - mmdet - INFO - Epoch [5][750/1320]	lr: 1.000e-03, eta: 6:25:53, time: 0.657, data_time: 0.150, memory: 16727, loss_cls: 0.4336, loss_bbox: 0.3988, loss_kps: 0.0000, loss: 0.8324
2026-09-03 12:20:13,909 - mmdet - INFO - Epoch [5][800/1320]	lr: 1.000e-03, eta: 6:34:06, time: 4.425, data_time: 3.924, memory: 16727, loss_cls: 0.4412, loss_bbox: 0.4014, loss_kps: 0.0000, loss: 0.8426
2026-09-03 12:21:09,351 - mmdet - INFO - Epoch [5][850/1320]	lr: 1.000e-03, eta: 6:32:58, time: 1.109, data_time: 0.608, memory: 16727, loss_cls: 0.4356, loss_bbox: 0.4133, loss_kps: 0.0000, loss: 0.8489
2026-09-03 12:23:50,943 - mmdet - INFO - Epoch [5][900/1320]	lr: 1.000e-03, eta: 6:37:39, time: 3.232, data_time: 2.729, memory: 16727, loss_cls: 0.4304, loss_bbox: 0.4068, loss_kps: 0.0000, loss: 0.8373
2026-09-03 12:25:57,235 - mmdet - INFO - Epoch [5][950/1320]	lr: 1.000e-03, eta: 6:40:18, time: 2.526, data_time: 2.018, memory: 16727, loss_cls: 0.4369, loss_bbox: 0.4113, loss_kps: 0.0000, loss: 0.8482
2026-09-03 12:30:16,818 - mmdet - INFO - Epoch [5][1000/1320]	lr: 1.000e-03, eta: 6:49:59, time: 5.192, data_time: 4.694, memory: 16727, loss_cls: 0.4507, loss_bbox: 0.4015, loss_kps: 0.0000, loss: 0.8523
2026-09-03 12:31:49,602 - mmdet - INFO - Epoch [5][1050/1320]	lr: 1.000e-03, eta: 6:50:38, time: 1.856, data_time: 1.356, memory: 16727, loss_cls: 0.4523, loss_bbox: 0.4114, loss_kps: 0.0000, loss: 0.8637
2026-09-03 12:34:14,023 - mmdet - INFO - Epoch [5][1100/1320]	lr: 1.000e-03, eta: 6:53:57, time: 2.889, data_time: 2.391, memory: 16727, loss_cls: 0.4496, loss_bbox: 0.4163, loss_kps: 0.0000, loss: 0.8659
2026-09-03 12:34:46,219 - mmdet - INFO - Epoch [5][1150/1320]	lr: 1.000e-03, eta: 6:51:23, time: 0.644, data_time: 0.144, memory: 16727, loss_cls: 0.4190, loss_bbox: 0.4043, loss_kps: 0.0000, loss: 0.8233
2026-09-03 12:37:18,662 - mmdet - INFO - Epoch [5][1200/1320]	lr: 1.000e-03, eta: 6:55:00, time: 3.049, data_time: 2.551, memory: 16727, loss_cls: 0.4327, loss_bbox: 0.4114, loss_kps: 0.0000, loss: 0.8441
2026-09-03 12:37:55,851 - mmdet - INFO - Epoch [5][1250/1320]	lr: 1.000e-03, eta: 6:52:40, time: 0.744, data_time: 0.246, memory: 16727, loss_cls: 0.4400, loss_bbox: 0.4091, loss_kps: 0.0000, loss: 0.8491
2026-09-03 12:38:27,298 - mmdet - INFO - Epoch [5][1300/1320]	lr: 1.000e-03, eta: 6:50:05, time: 0.629, data_time: 0.133, memory: 16727, loss_cls: 0.4387, loss_bbox: 0.4077, loss_kps: 0.0000, loss: 0.8464
2026-09-03 12:38:39,683 - mmdet - INFO - Saving checkpoint at 5 epochs
2026-09-03 12:39:25,312 - mmdet - INFO - Epoch [6][50/1320]	lr: 1.000e-03, eta: 6:46:34, time: 0.904, data_time: 0.387, memory: 16727, loss_cls: 0.4093, loss_bbox: 0.4023, loss_kps: 0.0000, loss: 0.8116
2026-09-03 12:39:57,942 - mmdet - INFO - Epoch [6][100/1320]	lr: 1.000e-03, eta: 6:44:06, time: 0.653, data_time: 0.153, memory: 16727, loss_cls: 0.4205, loss_bbox: 0.4007, loss_kps: 0.0000, loss: 0.8212
2026-09-03 12:40:30,430 - mmdet - INFO - Epoch [6][150/1320]	lr: 1.000e-03, eta: 6:41:40, time: 0.650, data_time: 0.159, memory: 16727, loss_cls: 0.4230, loss_bbox: 0.4066, loss_kps: 0.0000, loss: 0.8296
2026-09-03 12:41:02,280 - mmdet - INFO - Epoch [6][200/1320]	lr: 1.000e-03, eta: 6:39:14, time: 0.637, data_time: 0.140, memory: 16727, loss_cls: 0.4358, loss_bbox: 0.4056, loss_kps: 0.0000, loss: 0.8414
2026-09-03 12:41:34,786 - mmdet - INFO - Epoch [6][250/1320]	lr: 1.000e-03, eta: 6:36:51, time: 0.650, data_time: 0.152, memory: 16727, loss_cls: 0.4271, loss_bbox: 0.4117, loss_kps: 0.0000, loss: 0.8388
2026-09-03 12:42:08,410 - mmdet - INFO - Epoch [6][300/1320]	lr: 1.000e-03, eta: 6:34:33, time: 0.673, data_time: 0.152, memory: 16727, loss_cls: 0.4331, loss_bbox: 0.4061, loss_kps: 0.0000, loss: 0.8392
2026-09-03 12:42:42,326 - mmdet - INFO - Epoch [6][350/1320]	lr: 1.000e-03, eta: 6:32:18, time: 0.678, data_time: 0.162, memory: 16727, loss_cls: 0.4316, loss_bbox: 0.4148, loss_kps: 0.0000, loss: 0.8465
2026-09-03 12:43:15,396 - mmdet - INFO - Exp name: scrfd_armX.py
2026-09-03 12:43:15,396 - mmdet - INFO - Epoch [6][400/1320]	lr: 1.000e-03, eta: 6:30:01, time: 0.661, data_time: 0.148, memory: 16727, loss_cls: 0.4442, loss_bbox: 0.4092, loss_kps: 0.0000, loss: 0.8534
2026-09-03 12:44:22,349 - mmdet - INFO - Epoch [6][450/1320]	lr: 1.000e-03, eta: 6:29:19, time: 1.339, data_time: 0.813, memory: 16727, loss_cls: 0.4410, loss_bbox: 0.4003, loss_kps: 0.0000, loss: 0.8414
2026-09-03 12:44:55,635 - mmdet - INFO - Epoch [6][500/1320]	lr: 1.000e-03, eta: 6:27:05, time: 0.665, data_time: 0.162, memory: 16727, loss_cls: 0.4387, loss_bbox: 0.4125, loss_kps: 0.0000, loss: 0.8513
2026-09-03 12:45:30,154 - mmdet - INFO - Epoch [6][550/1320]	lr: 1.000e-03, eta: 6:24:56, time: 0.690, data_time: 0.168, memory: 16727, loss_cls: 0.4285, loss_bbox: 0.4042, loss_kps: 0.0000, loss: 0.8328
2026-09-03 12:46:03,246 - mmdet - INFO - Epoch [6][600/1320]	lr: 1.000e-03, eta: 6:22:44, time: 0.662, data_time: 0.147, memory: 16727, loss_cls: 0.4287, loss_bbox: 0.4024, loss_kps: 0.0000, loss: 0.8310
2026-09-03 12:48:15,506 - mmdet - INFO - Epoch [6][650/1320]	lr: 1.000e-03, eta: 6:24:56, time: 2.645, data_time: 2.144, memory: 16727, loss_cls: 0.4261, loss_bbox: 0.4137, loss_kps: 0.0000, loss: 0.8398
2026-09-03 12:48:47,536 - mmdet - INFO - Epoch [6][700/1320]	lr: 1.000e-03, eta: 6:22:41, time: 0.641, data_time: 0.147, memory: 16727, loss_cls: 0.4680, loss_bbox: 0.4180, loss_kps: 0.0000, loss: 0.8860
2026-09-03 12:50:36,740 - mmdet - INFO - Epoch [6][750/1320]	lr: 1.000e-03, eta: 6:23:49, time: 2.184, data_time: 1.645, memory: 16727, loss_cls: 0.4513, loss_bbox: 0.4080, loss_kps: 0.0000, loss: 0.8593
2026-09-03 12:51:10,913 - mmdet - INFO - Epoch [6][800/1320]	lr: 1.000e-03, eta: 6:21:41, time: 0.684, data_time: 0.163, memory: 16727, loss_cls: 0.4473, loss_bbox: 0.4132, loss_kps: 0.0000, loss: 0.8605
2026-09-03 12:52:13,246 - mmdet - INFO - Epoch [6][850/1320]	lr: 1.000e-03, eta: 6:20:46, time: 1.247, data_time: 0.728, memory: 16727, loss_cls: 0.4344, loss_bbox: 0.4062, loss_kps: 0.0000, loss: 0.8405
2026-09-03 12:52:47,497 - mmdet - INFO - Epoch [6][900/1320]	lr: 1.000e-03, eta: 6:18:40, time: 0.685, data_time: 0.162, memory: 16727, loss_cls: 0.4451, loss_bbox: 0.4010, loss_kps: 0.0000, loss: 0.8462
2026-09-03 12:53:21,216 - mmdet - INFO - Epoch [6][950/1320]	lr: 1.000e-03, eta: 6:16:34, time: 0.674, data_time: 0.162, memory: 16727, loss_cls: 0.4368, loss_bbox: 0.4109, loss_kps: 0.0000, loss: 0.8477
2026-09-03 12:53:58,924 - mmdet - INFO - Epoch [6][1000/1320]	lr: 1.000e-03, eta: 6:14:39, time: 0.754, data_time: 0.193, memory: 16727, loss_cls: 0.4466, loss_bbox: 0.4152, loss_kps: 0.0000, loss: 0.8618
2026-09-03 12:54:35,156 - mmdet - INFO - Epoch [6][1050/1320]	lr: 1.000e-03, eta: 6:12:41, time: 0.725, data_time: 0.180, memory: 16727, loss_cls: 0.4374, loss_bbox: 0.4018, loss_kps: 0.0000, loss: 0.8392
2026-09-03 12:55:44,192 - mmdet - INFO - Epoch [6][1100/1320]	lr: 1.000e-03, eta: 6:12:05, time: 1.381, data_time: 0.846, memory: 16727, loss_cls: 0.4348, loss_bbox: 0.4100, loss_kps: 0.0000, loss: 0.8448
2026-09-03 12:56:17,578 - mmdet - INFO - Epoch [6][1150/1320]	lr: 1.000e-03, eta: 6:10:02, time: 0.668, data_time: 0.154, memory: 16727, loss_cls: 0.4355, loss_bbox: 0.4194, loss_kps: 0.0000, loss: 0.8549
2026-09-03 12:56:49,717 - mmdet - INFO - Epoch [6][1200/1320]	lr: 1.000e-03, eta: 6:07:57, time: 0.643, data_time: 0.145, memory: 16727, loss_cls: 0.4088, loss_bbox: 0.4048, loss_kps: 0.0000, loss: 0.8136
2026-09-03 12:57:22,340 - mmdet - INFO - Epoch [6][1250/1320]	lr: 1.000e-03, eta: 6:05:54, time: 0.652, data_time: 0.149, memory: 16727, loss_cls: 0.4330, loss_bbox: 0.4071, loss_kps: 0.0000, loss: 0.8402
2026-09-03 12:57:54,843 - mmdet - INFO - Epoch [6][1300/1320]	lr: 1.000e-03, eta: 6:03:53, time: 0.650, data_time: 0.148, memory: 16727, loss_cls: 0.4066, loss_bbox: 0.3987, loss_kps: 0.0000, loss: 0.8053
2026-09-03 12:58:07,544 - mmdet - INFO - Saving checkpoint at 6 epochs
2026-09-03 12:59:29,852 - mmdet - INFO - Epoch [7][50/1320]	lr: 1.000e-03, eta: 6:02:28, time: 1.637, data_time: 1.130, memory: 16727, loss_cls: 0.4106, loss_bbox: 0.4011, loss_kps: 0.0000, loss: 0.8117
2026-09-03 13:00:03,460 - mmdet - INFO - Epoch [7][100/1320]	lr: 1.000e-03, eta: 6:00:31, time: 0.672, data_time: 0.165, memory: 16727, loss_cls: 0.4379, loss_bbox: 0.4182, loss_kps: 0.0000, loss: 0.8561
2026-09-03 13:00:40,093 - mmdet - INFO - Epoch [7][150/1320]	lr: 1.000e-03, eta: 5:58:42, time: 0.733, data_time: 0.183, memory: 16727, loss_cls: 0.4268, loss_bbox: 0.4052, loss_kps: 0.0000, loss: 0.8319
2026-09-03 13:01:22,314 - mmdet - INFO - Epoch [7][200/1320]	lr: 1.000e-03, eta: 5:57:06, time: 0.844, data_time: 0.215, memory: 16727, loss_cls: 0.4114, loss_bbox: 0.4108, loss_kps: 0.0000, loss: 0.8222
2026-09-03 13:12:40,651 - mmdet - INFO - Epoch [7][250/1320]	lr: 1.000e-03, eta: 6:19:10, time: 13.567, data_time: 12.971, memory: 16727, loss_cls: 0.4916, loss_bbox: 0.4163, loss_kps: 0.0000, loss: 0.9080
2026-09-03 13:13:25,607 - mmdet - INFO - Epoch [7][300/1320]	lr: 1.000e-03, eta: 6:17:29, time: 0.899, data_time: 0.224, memory: 16727, loss_cls: 0.4480, loss_bbox: 0.4004, loss_kps: 0.0000, loss: 0.8484
2026-09-03 13:14:07,671 - mmdet - INFO - Epoch [7][350/1320]	lr: 1.000e-03, eta: 6:15:43, time: 0.841, data_time: 0.226, memory: 16727, loss_cls: 0.4586, loss_bbox: 0.4124, loss_kps: 0.0000, loss: 0.8710
2026-09-03 13:14:47,430 - mmdet - INFO - Epoch [7][400/1320]	lr: 1.000e-03, eta: 6:13:52, time: 0.795, data_time: 0.202, memory: 16765, loss_cls: 0.4249, loss_bbox: 0.4198, loss_kps: 0.0000, loss: 0.8447
2026-09-03 13:15:23,940 - mmdet - INFO - Epoch [7][450/1320]	lr: 1.000e-03, eta: 6:11:55, time: 0.730, data_time: 0.182, memory: 16765, loss_cls: 0.4280, loss_bbox: 0.4116, loss_kps: 0.0000, loss: 0.8396
2026-09-03 13:16:00,704 - mmdet - INFO - Epoch [7][500/1320]	lr: 1.000e-03, eta: 6:09:59, time: 0.735, data_time: 0.188, memory: 16765, loss_cls: 0.4310, loss_bbox: 0.4046, loss_kps: 0.0000, loss: 0.8356
2026-09-03 13:16:37,911 - mmdet - INFO - Epoch [7][550/1320]	lr: 1.000e-03, eta: 6:08:05, time: 0.744, data_time: 0.176, memory: 16765, loss_cls: 0.4178, loss_bbox: 0.4034, loss_kps: 0.0000, loss: 0.8212
2026-09-03 13:17:14,019 - mmdet - INFO - Epoch [7][600/1320]	lr: 1.000e-03, eta: 6:06:10, time: 0.722, data_time: 0.174, memory: 16765, loss_cls: 0.4444, loss_bbox: 0.4169, loss_kps: 0.0000, loss: 0.8612
2026-09-03 13:17:48,875 - mmdet - INFO - Epoch [7][650/1320]	lr: 1.000e-03, eta: 6:04:14, time: 0.697, data_time: 0.158, memory: 16765, loss_cls: 0.4400, loss_bbox: 0.4081, loss_kps: 0.0000, loss: 0.8481
2026-09-03 13:18:23,259 - mmdet - INFO - Epoch [7][700/1320]	lr: 1.000e-03, eta: 6:02:17, time: 0.688, data_time: 0.157, memory: 16765, loss_cls: 0.4210, loss_bbox: 0.4136, loss_kps: 0.0000, loss: 0.8347
2026-09-03 13:18:57,834 - mmdet - INFO - Epoch [7][750/1320]	lr: 1.000e-03, eta: 6:00:21, time: 0.692, data_time: 0.167, memory: 16765, loss_cls: 0.4249, loss_bbox: 0.3977, loss_kps: 0.0000, loss: 0.8226
2026-09-03 13:19:31,877 - mmdet - INFO - Epoch [7][800/1320]	lr: 1.000e-03, eta: 5:58:26, time: 0.681, data_time: 0.165, memory: 16765, loss_cls: 0.4234, loss_bbox: 0.3997, loss_kps: 0.0000, loss: 0.8231
2026-09-03 13:20:06,172 - mmdet - INFO - Epoch [7][850/1320]	lr: 1.000e-03, eta: 5:56:32, time: 0.686, data_time: 0.162, memory: 16765, loss_cls: 0.4314, loss_bbox: 0.4078, loss_kps: 0.0000, loss: 0.8392
2026-09-03 13:20:40,526 - mmdet - INFO - Epoch [7][900/1320]	lr: 1.000e-03, eta: 5:54:39, time: 0.687, data_time: 0.169, memory: 16765, loss_cls: 0.4397, loss_bbox: 0.4090, loss_kps: 0.0000, loss: 0.8487
2026-09-03 13:21:16,961 - mmdet - INFO - Epoch [7][950/1320]	lr: 1.000e-03, eta: 5:52:50, time: 0.729, data_time: 0.180, memory: 16765, loss_cls: 0.4313, loss_bbox: 0.4102, loss_kps: 0.0000, loss: 0.8415
2026-09-03 13:21:51,078 - mmdet - INFO - Epoch [7][1000/1320]	lr: 1.000e-03, eta: 5:50:59, time: 0.682, data_time: 0.159, memory: 16765, loss_cls: 0.4104, loss_bbox: 0.3957, loss_kps: 0.0000, loss: 0.8062
2026-09-03 13:22:24,443 - mmdet - INFO - Epoch [7][1050/1320]	lr: 1.000e-03, eta: 5:49:06, time: 0.667, data_time: 0.150, memory: 16765, loss_cls: 0.4255, loss_bbox: 0.4025, loss_kps: 0.0000, loss: 0.8280
2026-09-03 13:22:57,492 - mmdet - INFO - Epoch [7][1100/1320]	lr: 1.000e-03, eta: 5:47:14, time: 0.661, data_time: 0.151, memory: 16765, loss_cls: 0.4265, loss_bbox: 0.4120, loss_kps: 0.0000, loss: 0.8385
2026-09-03 13:23:30,602 - mmdet - INFO - Epoch [7][1150/1320]	lr: 1.000e-03, eta: 5:45:23, time: 0.662, data_time: 0.152, memory: 16765, loss_cls: 0.4262, loss_bbox: 0.4008, loss_kps: 0.0000, loss: 0.8270
2026-09-03 13:24:03,632 - mmdet - INFO - Epoch [7][1200/1320]	lr: 1.000e-03, eta: 5:43:32, time: 0.661, data_time: 0.154, memory: 16765, loss_cls: 0.4120, loss_bbox: 0.3971, loss_kps: 0.0000, loss: 0.8091
2026-09-03 13:24:35,638 - mmdet - INFO - Epoch [7][1250/1320]	lr: 1.000e-03, eta: 5:41:41, time: 0.640, data_time: 0.143, memory: 16765, loss_cls: 0.4128, loss_bbox: 0.3979, loss_kps: 0.0000, loss: 0.8107
2026-09-03 13:25:09,987 - mmdet - INFO - Epoch [7][1300/1320]	lr: 1.000e-03, eta: 5:39:54, time: 0.687, data_time: 0.155, memory: 16765, loss_cls: 0.4310, loss_bbox: 0.4132, loss_kps: 0.0000, loss: 0.8441
2026-09-03 13:26:07,047 - mmdet - INFO - Saving checkpoint at 7 epochs
2026-09-03 13:27:26,169 - mmdet - INFO - Epoch [8][50/1320]	lr: 1.000e-03, eta: 5:38:23, time: 1.573, data_time: 0.969, memory: 16765, loss_cls: 0.4151, loss_bbox: 0.4109, loss_kps: 0.0000, loss: 0.8260
2026-09-03 13:28:05,371 - mmdet - INFO - Epoch [8][100/1320]	lr: 1.000e-03, eta: 5:36:47, time: 0.784, data_time: 0.192, memory: 16765, loss_cls: 0.4298, loss_bbox: 0.4072, loss_kps: 0.0000, loss: 0.8370
2026-09-03 13:28:46,847 - mmdet - INFO - Epoch [8][150/1320]	lr: 1.000e-03, eta: 5:35:16, time: 0.830, data_time: 0.200, memory: 16765, loss_cls: 0.4338, loss_bbox: 0.4099, loss_kps: 0.0000, loss: 0.8438
2026-09-03 13:29:25,715 - mmdet - INFO - Epoch [8][200/1320]	lr: 1.000e-03, eta: 5:33:40, time: 0.777, data_time: 0.186, memory: 16765, loss_cls: 0.4260, loss_bbox: 0.3977, loss_kps: 0.0000, loss: 0.8237
2026-09-03 13:30:07,834 - mmdet - INFO - Epoch [8][250/1320]	lr: 1.000e-03, eta: 5:32:11, time: 0.843, data_time: 0.214, memory: 16765, loss_cls: 0.4251, loss_bbox: 0.4074, loss_kps: 0.0000, loss: 0.8325
2026-09-03 13:30:43,660 - mmdet - INFO - Epoch [8][300/1320]	lr: 1.000e-03, eta: 5:30:31, time: 0.716, data_time: 0.171, memory: 16765, loss_cls: 0.4256, loss_bbox: 0.4015, loss_kps: 0.0000, loss: 0.8271
2026-09-03 13:31:15,255 - mmdet - INFO - Epoch [8][350/1320]	lr: 1.000e-03, eta: 5:28:45, time: 0.632, data_time: 0.139, memory: 16765, loss_cls: 0.4400, loss_bbox: 0.4094, loss_kps: 0.0000, loss: 0.8494
2026-09-03 13:31:47,888 - mmdet - INFO - Epoch [8][400/1320]	lr: 1.000e-03, eta: 5:27:01, time: 0.653, data_time: 0.154, memory: 16765, loss_cls: 0.4205, loss_bbox: 0.3955, loss_kps: 0.0000, loss: 0.8160
2026-09-03 13:35:29,280 - mmdet - INFO - Epoch [8][450/1320]	lr: 1.000e-03, eta: 5:30:43, time: 4.428, data_time: 3.831, memory: 16765, loss_cls: 0.4220, loss_bbox: 0.4077, loss_kps: 0.0000, loss: 0.8297
2026-09-03 13:36:04,815 - mmdet - INFO - Epoch [8][500/1320]	lr: 1.000e-03, eta: 5:29:03, time: 0.711, data_time: 0.172, memory: 16765, loss_cls: 0.4207, loss_bbox: 0.3990, loss_kps: 0.0000, loss: 0.8197
2026-09-03 13:36:40,088 - mmdet - INFO - Epoch [8][550/1320]	lr: 1.000e-03, eta: 5:27:23, time: 0.705, data_time: 0.179, memory: 16765, loss_cls: 0.4160, loss_bbox: 0.4077, loss_kps: 0.0000, loss: 0.8237
2026-09-03 13:37:12,739 - mmdet - INFO - Epoch [8][600/1320]	lr: 1.000e-03, eta: 5:25:39, time: 0.653, data_time: 0.160, memory: 16765, loss_cls: 0.4390, loss_bbox: 0.4087, loss_kps: 0.0000, loss: 0.8477
2026-09-03 13:39:58,560 - mmdet - INFO - Epoch [8][650/1320]	lr: 1.000e-03, eta: 5:27:39, time: 3.316, data_time: 2.744, memory: 16765, loss_cls: 0.4161, loss_bbox: 0.3940, loss_kps: 0.0000, loss: 0.8101
2026-09-03 13:42:07,203 - mmdet - INFO - Epoch [8][700/1320]	lr: 1.000e-03, eta: 5:28:33, time: 2.573, data_time: 1.992, memory: 16765, loss_cls: 0.4264, loss_bbox: 0.4208, loss_kps: 0.0000, loss: 0.8472
2026-09-03 13:42:47,819 - mmdet - INFO - Epoch [8][750/1320]	lr: 1.000e-03, eta: 5:27:02, time: 0.812, data_time: 0.209, memory: 16765, loss_cls: 0.4361, loss_bbox: 0.4070, loss_kps: 0.0000, loss: 0.8431
2026-09-03 13:43:25,630 - mmdet - INFO - Epoch [8][800/1320]	lr: 1.000e-03, eta: 5:25:26, time: 0.756, data_time: 0.184, memory: 16765, loss_cls: 0.4312, loss_bbox: 0.4006, loss_kps: 0.0000, loss: 0.8318
2026-09-03 13:43:59,987 - mmdet - INFO - Epoch [8][850/1320]	lr: 1.000e-03, eta: 5:23:46, time: 0.687, data_time: 0.164, memory: 16765, loss_cls: 0.4288, loss_bbox: 0.3947, loss_kps: 0.0000, loss: 0.8235
2026-09-03 13:44:32,050 - mmdet - INFO - Epoch [8][900/1320]	lr: 1.000e-03, eta: 5:22:02, time: 0.641, data_time: 0.143, memory: 16765, loss_cls: 0.4093, loss_bbox: 0.4001, loss_kps: 0.0000, loss: 0.8094
2026-09-03 13:45:04,163 - mmdet - INFO - Epoch [8][950/1320]	lr: 1.000e-03, eta: 5:20:19, time: 0.642, data_time: 0.145, memory: 16795, loss_cls: 0.4265, loss_bbox: 0.4176, loss_kps: 0.0000, loss: 0.8440
2026-09-03 13:45:35,862 - mmdet - INFO - Epoch [8][1000/1320]	lr: 1.000e-03, eta: 5:18:36, time: 0.634, data_time: 0.138, memory: 16795, loss_cls: 0.4276, loss_bbox: 0.4136, loss_kps: 0.0000, loss: 0.8412
2026-09-03 13:46:07,653 - mmdet - INFO - Epoch [8][1050/1320]	lr: 1.000e-03, eta: 5:16:54, time: 0.636, data_time: 0.142, memory: 16795, loss_cls: 0.4087, loss_bbox: 0.4091, loss_kps: 0.0000, loss: 0.8178
2026-09-03 13:46:39,661 - mmdet - INFO - Epoch [8][1100/1320]	lr: 1.000e-03, eta: 5:15:13, time: 0.640, data_time: 0.142, memory: 16795, loss_cls: 0.4305, loss_bbox: 0.4072, loss_kps: 0.0000, loss: 0.8378
2026-09-03 13:47:11,457 - mmdet - INFO - Epoch [8][1150/1320]	lr: 1.000e-03, eta: 5:13:33, time: 0.636, data_time: 0.135, memory: 16795, loss_cls: 0.4102, loss_bbox: 0.3950, loss_kps: 0.0000, loss: 0.8052
2026-09-03 13:47:43,236 - mmdet - INFO - Epoch [8][1200/1320]	lr: 1.000e-03, eta: 5:11:53, time: 0.636, data_time: 0.141, memory: 16795, loss_cls: 0.4263, loss_bbox: 0.4048, loss_kps: 0.0000, loss: 0.8311
2026-09-03 13:48:14,461 - mmdet - INFO - Epoch [8][1250/1320]	lr: 1.000e-03, eta: 5:10:13, time: 0.625, data_time: 0.134, memory: 16795, loss_cls: 0.4184, loss_bbox: 0.3921, loss_kps: 0.0000, loss: 0.8105
2026-09-03 13:48:45,673 - mmdet - INFO - Epoch [8][1300/1320]	lr: 1.000e-03, eta: 5:08:33, time: 0.624, data_time: 0.132, memory: 16795, loss_cls: 0.4321, loss_bbox: 0.4141, loss_kps: 0.0000, loss: 0.8462
2026-09-03 13:48:58,020 - mmdet - INFO - Saving checkpoint at 8 epochs
2026-09-03 13:49:41,497 - mmdet - INFO - Epoch [9][50/1320]	lr: 1.000e-03, eta: 5:06:14, time: 0.861, data_time: 0.356, memory: 16795, loss_cls: 0.4178, loss_bbox: 0.4005, loss_kps: 0.0000, loss: 0.8183
2026-09-03 13:50:13,332 - mmdet - INFO - Epoch [9][100/1320]	lr: 1.000e-03, eta: 5:04:37, time: 0.637, data_time: 0.142, memory: 16795, loss_cls: 0.4001, loss_bbox: 0.4027, loss_kps: 0.0000, loss: 0.8028
2026-09-03 13:50:44,619 - mmdet - INFO - Epoch [9][150/1320]	lr: 1.000e-03, eta: 5:02:59, time: 0.626, data_time: 0.130, memory: 16795, loss_cls: 0.4092, loss_bbox: 0.3974, loss_kps: 0.0000, loss: 0.8066
2026-09-03 13:51:16,235 - mmdet - INFO - Epoch [9][200/1320]	lr: 1.000e-03, eta: 5:01:23, time: 0.633, data_time: 0.133, memory: 16795, loss_cls: 0.4107, loss_bbox: 0.4072, loss_kps: 0.0000, loss: 0.8179
2026-09-03 13:51:47,787 - mmdet - INFO - Epoch [9][250/1320]	lr: 1.000e-03, eta: 4:59:48, time: 0.631, data_time: 0.135, memory: 16795, loss_cls: 0.4213, loss_bbox: 0.4094, loss_kps: 0.0000, loss: 0.8307
2026-09-03 13:52:19,692 - mmdet - INFO - Epoch [9][300/1320]	lr: 1.000e-03, eta: 4:58:13, time: 0.638, data_time: 0.137, memory: 16795, loss_cls: 0.4158, loss_bbox: 0.3925, loss_kps: 0.0000, loss: 0.8083
2026-09-03 13:52:51,621 - mmdet - INFO - Epoch [9][350/1320]	lr: 1.000e-03, eta: 4:56:39, time: 0.639, data_time: 0.139, memory: 16795, loss_cls: 0.4338, loss_bbox: 0.4092, loss_kps: 0.0000, loss: 0.8430
2026-09-03 13:53:23,845 - mmdet - INFO - Epoch [9][400/1320]	lr: 1.000e-03, eta: 4:55:06, time: 0.644, data_time: 0.135, memory: 16795, loss_cls: 0.4273, loss_bbox: 0.3944, loss_kps: 0.0000, loss: 0.8217
2026-09-03 13:53:58,628 - mmdet - INFO - Epoch [9][450/1320]	lr: 1.000e-03, eta: 4:53:37, time: 0.696, data_time: 0.176, memory: 16795, loss_cls: 0.4225, loss_bbox: 0.4028, loss_kps: 0.0000, loss: 0.8254
2026-09-03 13:54:32,480 - mmdet - INFO - Epoch [9][500/1320]	lr: 1.000e-03, eta: 4:52:07, time: 0.677, data_time: 0.160, memory: 16795, loss_cls: 0.4447, loss_bbox: 0.4087, loss_kps: 0.0000, loss: 0.8534
2026-09-03 13:55:30,889 - mmdet - INFO - Epoch [9][550/1320]	lr: 1.000e-03, eta: 4:51:12, time: 1.168, data_time: 0.614, memory: 16795, loss_cls: 0.4283, loss_bbox: 0.4120, loss_kps: 0.0000, loss: 0.8403
2026-09-03 13:56:56,364 - mmdet - INFO - Epoch [9][600/1320]	lr: 1.000e-03, eta: 4:50:54, time: 1.710, data_time: 1.175, memory: 16795, loss_cls: 0.4291, loss_bbox: 0.4091, loss_kps: 0.0000, loss: 0.8381
2026-09-03 13:58:04,211 - mmdet - INFO - Epoch [9][650/1320]	lr: 1.000e-03, eta: 4:50:11, time: 1.357, data_time: 0.756, memory: 16795, loss_cls: 0.4266, loss_bbox: 0.4094, loss_kps: 0.0000, loss: 0.8360
2026-09-03 13:58:48,988 - mmdet - INFO - Epoch [9][700/1320]	lr: 1.000e-03, eta: 4:48:57, time: 0.896, data_time: 0.229, memory: 16795, loss_cls: 0.4279, loss_bbox: 0.4089, loss_kps: 0.0000, loss: 0.8368
2026-09-03 13:59:23,997 - mmdet - INFO - Epoch [9][750/1320]	lr: 1.000e-03, eta: 4:47:30, time: 0.700, data_time: 0.162, memory: 16795, loss_cls: 0.4040, loss_bbox: 0.3953, loss_kps: 0.0000, loss: 0.7993
2026-09-03 14:01:23,265 - mmdet - INFO - Epoch [9][800/1320]	lr: 1.000e-03, eta: 4:47:55, time: 2.385, data_time: 1.777, memory: 16795, loss_cls: 0.4157, loss_bbox: 0.3991, loss_kps: 0.0000, loss: 0.8147
2026-09-03 14:02:06,537 - mmdet - INFO - Epoch [9][850/1320]	lr: 1.000e-03, eta: 4:46:39, time: 0.865, data_time: 0.227, memory: 16795, loss_cls: 0.4182, loss_bbox: 0.4034, loss_kps: 0.0000, loss: 0.8217
2026-09-03 14:02:45,192 - mmdet - INFO - Epoch [9][900/1320]	lr: 1.000e-03, eta: 4:45:17, time: 0.773, data_time: 0.183, memory: 16795, loss_cls: 0.4138, loss_bbox: 0.4080, loss_kps: 0.0000, loss: 0.8218
2026-09-03 14:05:27,863 - mmdet - INFO - Epoch [9][950/1320]	lr: 1.000e-03, eta: 4:46:36, time: 3.253, data_time: 2.740, memory: 16795, loss_cls: 0.4186, loss_bbox: 0.4087, loss_kps: 0.0000, loss: 0.8274
2026-09-03 14:06:06,762 - mmdet - INFO - Epoch [9][1000/1320]	lr: 1.000e-03, eta: 4:45:14, time: 0.778, data_time: 0.192, memory: 16795, loss_cls: 0.4096, loss_bbox: 0.4054, loss_kps: 0.0000, loss: 0.8150
2026-09-03 14:06:42,095 - mmdet - INFO - Epoch [9][1050/1320]	lr: 1.000e-03, eta: 4:43:48, time: 0.707, data_time: 0.173, memory: 16795, loss_cls: 0.4242, loss_bbox: 0.4179, loss_kps: 0.0000, loss: 0.8421
2026-09-03 14:07:16,472 - mmdet - INFO - Epoch [9][1100/1320]	lr: 1.000e-03, eta: 4:42:21, time: 0.688, data_time: 0.161, memory: 16795, loss_cls: 0.4129, loss_bbox: 0.4080, loss_kps: 0.0000, loss: 0.8209
2026-09-03 14:09:24,868 - mmdet - INFO - Epoch [9][1150/1320]	lr: 1.000e-03, eta: 4:42:53, time: 2.568, data_time: 2.047, memory: 16795, loss_cls: 0.4210, loss_bbox: 0.4119, loss_kps: 0.0000, loss: 0.8329
2026-09-03 14:12:24,317 - mmdet - INFO - Epoch [9][1200/1320]	lr: 1.000e-03, eta: 4:44:26, time: 3.589, data_time: 2.980, memory: 16795, loss_cls: 0.4355, loss_bbox: 0.4053, loss_kps: 0.0000, loss: 0.8408
2026-09-03 14:13:02,409 - mmdet - INFO - Epoch [9][1250/1320]	lr: 1.000e-03, eta: 4:43:03, time: 0.762, data_time: 0.192, memory: 16795, loss_cls: 0.4115, loss_bbox: 0.4082, loss_kps: 0.0000, loss: 0.8197
2026-09-03 14:13:36,784 - mmdet - INFO - Epoch [9][1300/1320]	lr: 1.000e-03, eta: 4:41:36, time: 0.687, data_time: 0.161, memory: 16795, loss_cls: 0.4296, loss_bbox: 0.4139, loss_kps: 0.0000, loss: 0.8435
2026-09-03 14:13:49,956 - mmdet - INFO - Saving checkpoint at 9 epochs
2026-09-03 14:14:39,694 - mmdet - INFO - Epoch [10][50/1320]	lr: 1.000e-03, eta: 4:39:35, time: 0.986, data_time: 0.432, memory: 16795, loss_cls: 0.4168, loss_bbox: 0.3967, loss_kps: 0.0000, loss: 0.8135
2026-09-03 14:15:14,502 - mmdet - INFO - Epoch [10][100/1320]	lr: 1.000e-03, eta: 4:38:10, time: 0.696, data_time: 0.167, memory: 16795, loss_cls: 0.4088, loss_bbox: 0.4044, loss_kps: 0.0000, loss: 0.8132
2026-09-03 14:15:48,396 - mmdet - INFO - Epoch [10][150/1320]	lr: 1.000e-03, eta: 4:36:43, time: 0.678, data_time: 0.160, memory: 16795, loss_cls: 0.4098, loss_bbox: 0.4010, loss_kps: 0.0000, loss: 0.8108
2026-09-03 14:16:23,014 - mmdet - INFO - Epoch [10][200/1320]	lr: 1.000e-03, eta: 4:35:18, time: 0.692, data_time: 0.170, memory: 16795, loss_cls: 0.4250, loss_bbox: 0.4085, loss_kps: 0.0000, loss: 0.8335
2026-09-03 14:17:01,572 - mmdet - INFO - Epoch [10][250/1320]	lr: 1.000e-03, eta: 4:33:58, time: 0.771, data_time: 0.197, memory: 16795, loss_cls: 0.4155, loss_bbox: 0.4077, loss_kps: 0.0000, loss: 0.8232
2026-09-03 14:17:39,507 - mmdet - INFO - Epoch [10][300/1320]	lr: 1.000e-03, eta: 4:32:37, time: 0.759, data_time: 0.248, memory: 16795, loss_cls: 0.4265, loss_bbox: 0.3944, loss_kps: 0.0000, loss: 0.8208
2026-09-03 14:21:55,668 - mmdet - INFO - Epoch [10][350/1320]	lr: 1.000e-03, eta: 4:35:30, time: 5.123, data_time: 4.620, memory: 16795, loss_cls: 0.4166, loss_bbox: 0.3987, loss_kps: 0.0000, loss: 0.8152
2026-09-03 14:25:24,620 - mmdet - INFO - Epoch [10][400/1320]	lr: 1.000e-03, eta: 4:37:25, time: 4.179, data_time: 3.595, memory: 16795, loss_cls: 0.4080, loss_bbox: 0.3969, loss_kps: 0.0000, loss: 0.8049
2026-09-03 14:26:04,475 - mmdet - INFO - Epoch [10][450/1320]	lr: 1.000e-03, eta: 4:36:04, time: 0.797, data_time: 0.206, memory: 16795, loss_cls: 0.4167, loss_bbox: 0.4149, loss_kps: 0.0000, loss: 0.8316
2026-09-03 14:26:39,584 - mmdet - INFO - Epoch [10][500/1320]	lr: 1.000e-03, eta: 4:34:38, time: 0.702, data_time: 0.171, memory: 16795, loss_cls: 0.4062, loss_bbox: 0.3906, loss_kps: 0.0000, loss: 0.7969
2026-09-03 14:27:15,428 - mmdet - INFO - Epoch [10][550/1320]	lr: 1.000e-03, eta: 4:33:14, time: 0.717, data_time: 0.170, memory: 16795, loss_cls: 0.4214, loss_bbox: 0.4117, loss_kps: 0.0000, loss: 0.8332
2026-09-03 14:27:50,245 - mmdet - INFO - Epoch [10][600/1320]	lr: 1.000e-03, eta: 4:31:48, time: 0.696, data_time: 0.167, memory: 16795, loss_cls: 0.4324, loss_bbox: 0.4137, loss_kps: 0.0000, loss: 0.8461
2026-09-03 14:28:23,643 - mmdet - INFO - Epoch [10][650/1320]	lr: 1.000e-03, eta: 4:30:22, time: 0.668, data_time: 0.154, memory: 16795, loss_cls: 0.4212, loss_bbox: 0.4144, loss_kps: 0.0000, loss: 0.8356
2026-09-03 14:29:41,654 - mmdet - INFO - Epoch [10][700/1320]	lr: 1.000e-03, eta: 4:29:45, time: 1.560, data_time: 0.989, memory: 16795, loss_cls: 0.4194, loss_bbox: 0.4006, loss_kps: 0.0000, loss: 0.8200
2026-09-03 14:30:15,570 - mmdet - INFO - Epoch [10][750/1320]	lr: 1.000e-03, eta: 4:28:19, time: 0.678, data_time: 0.160, memory: 16795, loss_cls: 0.4164, loss_bbox: 0.4101, loss_kps: 0.0000, loss: 0.8265
2026-09-03 14:30:48,446 - mmdet - INFO - Epoch [10][800/1320]	lr: 1.000e-03, eta: 4:26:53, time: 0.658, data_time: 0.161, memory: 16795, loss_cls: 0.4120, loss_bbox: 0.3980, loss_kps: 0.0000, loss: 0.8100
2026-09-03 14:31:22,290 - mmdet - INFO - Epoch [10][850/1320]	lr: 1.000e-03, eta: 4:25:29, time: 0.677, data_time: 0.167, memory: 16795, loss_cls: 0.4164, loss_bbox: 0.4034, loss_kps: 0.0000, loss: 0.8198
2026-09-03 14:31:56,764 - mmdet - INFO - Epoch [10][900/1320]	lr: 1.000e-03, eta: 4:24:05, time: 0.689, data_time: 0.163, memory: 16795, loss_cls: 0.4273, loss_bbox: 0.4073, loss_kps: 0.0000, loss: 0.8345
2026-09-03 14:32:34,426 - mmdet - INFO - Epoch [10][950/1320]	lr: 1.000e-03, eta: 4:22:45, time: 0.753, data_time: 0.185, memory: 16795, loss_cls: 0.4236, loss_bbox: 0.4035, loss_kps: 0.0000, loss: 0.8271
2026-09-03 14:33:12,859 - mmdet - INFO - Epoch [10][1000/1320]	lr: 1.000e-03, eta: 4:21:26, time: 0.769, data_time: 0.204, memory: 16795, loss_cls: 0.4228, loss_bbox: 0.4084, loss_kps: 0.0000, loss: 0.8312
2026-09-03 14:33:49,325 - mmdet - INFO - Epoch [10][1050/1320]	lr: 1.000e-03, eta: 4:20:06, time: 0.729, data_time: 0.175, memory: 16795, loss_cls: 0.4191, loss_bbox: 0.4033, loss_kps: 0.0000, loss: 0.8223
2026-09-03 14:39:40,616 - mmdet - INFO - Epoch [10][1100/1320]	lr: 1.000e-03, eta: 4:24:11, time: 7.026, data_time: 6.484, memory: 16795, loss_cls: 0.3988, loss_bbox: 0.3965, loss_kps: 0.0000, loss: 0.7952
2026-09-03 14:40:29,834 - mmdet - INFO - Epoch [10][1150/1320]	lr: 1.000e-03, eta: 4:23:02, time: 0.985, data_time: 0.239, memory: 16795, loss_cls: 0.4460, loss_bbox: 0.4144, loss_kps: 0.0000, loss: 0.8604
2026-09-03 14:41:13,051 - mmdet - INFO - Epoch [10][1200/1320]	lr: 1.000e-03, eta: 4:21:47, time: 0.864, data_time: 0.234, memory: 16795, loss_cls: 0.4382, loss_bbox: 0.4157, loss_kps: 0.0000, loss: 0.8539
2026-09-03 14:41:53,334 - mmdet - INFO - Epoch [10][1250/1320]	lr: 1.000e-03, eta: 4:20:29, time: 0.806, data_time: 0.201, memory: 16795, loss_cls: 0.4190, loss_bbox: 0.3998, loss_kps: 0.0000, loss: 0.8187
2026-09-03 14:42:32,718 - mmdet - INFO - Epoch [10][1300/1320]	lr: 1.000e-03, eta: 4:19:11, time: 0.788, data_time: 0.200, memory: 16795, loss_cls: 0.4052, loss_bbox: 0.3961, loss_kps: 0.0000, loss: 0.8013
2026-09-03 14:42:45,446 - mmdet - INFO - Saving checkpoint at 10 epochs
2026-09-03 14:44:14,264 - mmdet - INFO - Epoch [11][50/1320]	lr: 1.000e-03, eta: 4:17:54, time: 1.767, data_time: 1.147, memory: 16795, loss_cls: 0.4122, loss_bbox: 0.4017, loss_kps: 0.0000, loss: 0.8138
2026-09-03 14:44:52,749 - mmdet - INFO - Epoch [11][100/1320]	lr: 1.000e-03, eta: 4:16:35, time: 0.770, data_time: 0.187, memory: 16795, loss_cls: 0.4188, loss_bbox: 0.4040, loss_kps: 0.0000, loss: 0.8229
2026-09-03 14:45:27,769 - mmdet - INFO - Epoch [11][150/1320]	lr: 1.000e-03, eta: 4:15:13, time: 0.700, data_time: 0.172, memory: 16795, loss_cls: 0.4231, loss_bbox: 0.4040, loss_kps: 0.0000, loss: 0.8271
2026-09-03 14:46:01,305 - mmdet - INFO - Epoch [11][200/1320]	lr: 1.000e-03, eta: 4:13:50, time: 0.671, data_time: 0.165, memory: 16795, loss_cls: 0.4197, loss_bbox: 0.4000, loss_kps: 0.0000, loss: 0.8198
2026-09-03 14:46:32,776 - mmdet - INFO - Epoch [11][250/1320]	lr: 1.000e-03, eta: 4:12:26, time: 0.629, data_time: 0.140, memory: 16795, loss_cls: 0.4119, loss_bbox: 0.3976, loss_kps: 0.0000, loss: 0.8095
2026-09-03 14:47:04,406 - mmdet - INFO - Epoch [11][300/1320]	lr: 1.000e-03, eta: 4:11:02, time: 0.633, data_time: 0.140, memory: 16795, loss_cls: 0.4205, loss_bbox: 0.3957, loss_kps: 0.0000, loss: 0.8163
2026-09-03 14:47:36,142 - mmdet - INFO - Epoch [11][350/1320]	lr: 1.000e-03, eta: 4:09:38, time: 0.635, data_time: 0.142, memory: 16795, loss_cls: 0.4104, loss_bbox: 0.4024, loss_kps: 0.0000, loss: 0.8128
2026-09-03 14:48:08,217 - mmdet - INFO - Epoch [11][400/1320]	lr: 1.000e-03, eta: 4:08:15, time: 0.641, data_time: 0.142, memory: 16795, loss_cls: 0.4131, loss_bbox: 0.4083, loss_kps: 0.0000, loss: 0.8214
2026-09-03 14:48:41,512 - mmdet - INFO - Epoch [11][450/1320]	lr: 1.000e-03, eta: 4:06:54, time: 0.666, data_time: 0.153, memory: 16795, loss_cls: 0.4093, loss_bbox: 0.4039, loss_kps: 0.0000, loss: 0.8132
2026-09-03 14:49:13,308 - mmdet - INFO - Epoch [11][500/1320]	lr: 1.000e-03, eta: 4:05:31, time: 0.636, data_time: 0.135, memory: 16795, loss_cls: 0.3989, loss_bbox: 0.3975, loss_kps: 0.0000, loss: 0.7964
2026-09-03 14:49:46,348 - mmdet - INFO - Epoch [11][550/1320]	lr: 1.000e-03, eta: 4:04:10, time: 0.661, data_time: 0.146, memory: 16795, loss_cls: 0.4189, loss_bbox: 0.4060, loss_kps: 0.0000, loss: 0.8249
2026-09-03 14:50:24,206 - mmdet - INFO - Epoch [11][600/1320]	lr: 1.000e-03, eta: 4:02:54, time: 0.757, data_time: 0.187, memory: 16795, loss_cls: 0.4222, loss_bbox: 0.4174, loss_kps: 0.0000, loss: 0.8396
2026-09-03 15:00:12,533 - mmdet - INFO - Epoch [11][650/1320]	lr: 1.000e-03, eta: 4:09:57, time: 11.767, data_time: 11.148, memory: 16795, loss_cls: 0.4137, loss_bbox: 0.4009, loss_kps: 0.0000, loss: 0.8146
2026-09-03 15:04:54,728 - mmdet - INFO - Epoch [11][700/1320]	lr: 1.000e-03, eta: 4:12:17, time: 5.644, data_time: 5.048, memory: 16795, loss_cls: 0.4038, loss_bbox: 0.3961, loss_kps: 0.0000, loss: 0.7999
2026-09-03 15:05:30,298 - mmdet - INFO - Epoch [11][750/1320]	lr: 1.000e-03, eta: 4:10:54, time: 0.711, data_time: 0.181, memory: 16795, loss_cls: 0.4187, loss_bbox: 0.4053, loss_kps: 0.0000, loss: 0.8240
2026-09-03 15:06:04,634 - mmdet - INFO - Exp name: scrfd_armX.py
2026-09-03 15:06:04,635 - mmdet - INFO - Epoch [11][800/1320]	lr: 1.000e-03, eta: 4:09:31, time: 0.687, data_time: 0.165, memory: 16795, loss_cls: 0.4076, loss_bbox: 0.4010, loss_kps: 0.0000, loss: 0.8085
2026-09-03 15:06:36,771 - mmdet - INFO - Epoch [11][850/1320]	lr: 1.000e-03, eta: 4:08:05, time: 0.643, data_time: 0.149, memory: 16795, loss_cls: 0.4203, loss_bbox: 0.4001, loss_kps: 0.0000, loss: 0.8204
2026-09-03 15:07:10,417 - mmdet - INFO - Epoch [11][900/1320]	lr: 1.000e-03, eta: 4:06:42, time: 0.673, data_time: 0.164, memory: 16795, loss_cls: 0.4153, loss_bbox: 0.4061, loss_kps: 0.0000, loss: 0.8215
2026-09-03 15:07:42,667 - mmdet - INFO - Epoch [11][950/1320]	lr: 1.000e-03, eta: 4:05:18, time: 0.645, data_time: 0.153, memory: 16795, loss_cls: 0.4152, loss_bbox: 0.4011, loss_kps: 0.0000, loss: 0.8163
2026-09-03 15:08:14,055 - mmdet - INFO - Epoch [11][1000/1320]	lr: 1.000e-03, eta: 4:03:53, time: 0.628, data_time: 0.140, memory: 16795, loss_cls: 0.4167, loss_bbox: 0.4009, loss_kps: 0.0000, loss: 0.8176
2026-09-03 15:08:45,668 - mmdet - INFO - Epoch [11][1050/1320]	lr: 1.000e-03, eta: 4:02:29, time: 0.632, data_time: 0.145, memory: 16795, loss_cls: 0.4197, loss_bbox: 0.4110, loss_kps: 0.0000, loss: 0.8308
2026-09-03 15:09:17,603 - mmdet - INFO - Epoch [11][1100/1320]	lr: 1.000e-03, eta: 4:01:05, time: 0.639, data_time: 0.148, memory: 16795, loss_cls: 0.4068, loss_bbox: 0.4004, loss_kps: 0.0000, loss: 0.8072
2026-09-03 15:09:50,417 - mmdet - INFO - Epoch [11][1150/1320]	lr: 1.000e-03, eta: 3:59:43, time: 0.656, data_time: 0.154, memory: 16795, loss_cls: 0.4127, loss_bbox: 0.3989, loss_kps: 0.0000, loss: 0.8116
2026-09-03 15:10:24,995 - mmdet - INFO - Epoch [11][1200/1320]	lr: 1.000e-03, eta: 3:58:22, time: 0.692, data_time: 0.167, memory: 16795, loss_cls: 0.4217, loss_bbox: 0.4070, loss_kps: 0.0000, loss: 0.8287
2026-09-03 15:10:59,582 - mmdet - INFO - Epoch [11][1250/1320]	lr: 1.000e-03, eta: 3:57:02, time: 0.692, data_time: 0.161, memory: 16795, loss_cls: 0.4194, loss_bbox: 0.3988, loss_kps: 0.0000, loss: 0.8183
2026-09-03 15:11:33,932 - mmdet - INFO - Epoch [11][1300/1320]	lr: 1.000e-03, eta: 3:55:42, time: 0.687, data_time: 0.176, memory: 16795, loss_cls: 0.4265, loss_bbox: 0.4012, loss_kps: 0.0000, loss: 0.8276
2026-09-03 15:11:47,711 - mmdet - INFO - Saving checkpoint at 11 epochs
2026-09-03 15:12:43,653 - mmdet - INFO - Epoch [12][50/1320]	lr: 1.000e-03, eta: 3:53:56, time: 1.110, data_time: 0.460, memory: 16873, loss_cls: 0.4324, loss_bbox: 0.4032, loss_kps: 0.0000, loss: 0.8357
2026-09-03 15:13:20,371 - mmdet - INFO - Epoch [12][100/1320]	lr: 1.000e-03, eta: 3:52:38, time: 0.735, data_time: 0.186, memory: 16873, loss_cls: 0.4529, loss_bbox: 0.4215, loss_kps: 0.0000, loss: 0.8744
2026-09-03 15:13:55,651 - mmdet - INFO - Epoch [12][150/1320]	lr: 1.000e-03, eta: 3:51:20, time: 0.705, data_time: 0.171, memory: 16873, loss_cls: 0.4259, loss_bbox: 0.4071, loss_kps: 0.0000, loss: 0.8331
2026-09-03 15:14:34,540 - mmdet - INFO - Epoch [12][200/1320]	lr: 1.000e-03, eta: 3:50:05, time: 0.778, data_time: 0.222, memory: 16873, loss_cls: 0.4035, loss_bbox: 0.4117, loss_kps: 0.0000, loss: 0.8153
2026-09-03 15:15:13,403 - mmdet - INFO - Epoch [12][250/1320]	lr: 1.000e-03, eta: 3:48:50, time: 0.777, data_time: 0.200, memory: 16873, loss_cls: 0.4201, loss_bbox: 0.4027, loss_kps: 0.0000, loss: 0.8228
2026-09-03 15:18:07,223 - mmdet - INFO - Epoch [12][300/1320]	lr: 1.000e-03, eta: 3:49:20, time: 3.477, data_time: 2.953, memory: 16873, loss_cls: 0.4243, loss_bbox: 0.4023, loss_kps: 0.0000, loss: 0.8266
2026-09-03 15:18:41,537 - mmdet - INFO - Epoch [12][350/1320]	lr: 1.000e-03, eta: 3:48:02, time: 0.686, data_time: 0.176, memory: 16873, loss_cls: 0.4249, loss_bbox: 0.4057, loss_kps: 0.0000, loss: 0.8306
2026-09-03 15:19:13,613 - mmdet - INFO - Epoch [12][400/1320]	lr: 1.000e-03, eta: 3:46:41, time: 0.641, data_time: 0.146, memory: 16873, loss_cls: 0.4452, loss_bbox: 0.4085, loss_kps: 0.0000, loss: 0.8537
2026-09-03 15:19:46,603 - mmdet - INFO - Epoch [12][450/1320]	lr: 1.000e-03, eta: 3:45:22, time: 0.660, data_time: 0.152, memory: 16873, loss_cls: 0.4126, loss_bbox: 0.3991, loss_kps: 0.0000, loss: 0.8116
2026-09-03 15:20:18,958 - mmdet - INFO - Epoch [12][500/1320]	lr: 1.000e-03, eta: 3:44:03, time: 0.647, data_time: 0.147, memory: 16873, loss_cls: 0.4259, loss_bbox: 0.4035, loss_kps: 0.0000, loss: 0.8294
2026-09-03 15:20:50,872 - mmdet - INFO - Epoch [12][550/1320]	lr: 1.000e-03, eta: 3:42:43, time: 0.638, data_time: 0.141, memory: 16873, loss_cls: 0.4394, loss_bbox: 0.4049, loss_kps: 0.0000, loss: 0.8443
2026-09-03 15:21:22,875 - mmdet - INFO - Epoch [12][600/1320]	lr: 1.000e-03, eta: 3:41:24, time: 0.640, data_time: 0.141, memory: 16873, loss_cls: 0.4136, loss_bbox: 0.4052, loss_kps: 0.0000, loss: 0.8188
2026-09-03 15:21:55,712 - mmdet - INFO - Epoch [12][650/1320]	lr: 1.000e-03, eta: 3:40:06, time: 0.657, data_time: 0.153, memory: 16873, loss_cls: 0.4150, loss_bbox: 0.4048, loss_kps: 0.0000, loss: 0.8198
2026-09-03 15:22:27,889 - mmdet - INFO - Epoch [12][700/1320]	lr: 1.000e-03, eta: 3:38:47, time: 0.643, data_time: 0.143, memory: 16873, loss_cls: 0.4345, loss_bbox: 0.4139, loss_kps: 0.0000, loss: 0.8484
2026-09-03 15:23:00,143 - mmdet - INFO - Epoch [12][750/1320]	lr: 1.000e-03, eta: 3:37:29, time: 0.645, data_time: 0.146, memory: 16873, loss_cls: 0.4283, loss_bbox: 0.4127, loss_kps: 0.0000, loss: 0.8410
2026-09-03 15:23:32,219 - mmdet - INFO - Epoch [12][800/1320]	lr: 1.000e-03, eta: 3:36:12, time: 0.641, data_time: 0.143, memory: 16873, loss_cls: 0.4256, loss_bbox: 0.4031, loss_kps: 0.0000, loss: 0.8287
2026-09-03 15:24:03,883 - mmdet - INFO - Epoch [12][850/1320]	lr: 1.000e-03, eta: 3:34:54, time: 0.633, data_time: 0.138, memory: 16873, loss_cls: 0.4023, loss_bbox: 0.3946, loss_kps: 0.0000, loss: 0.7968
2026-09-03 15:24:36,694 - mmdet - INFO - Epoch [12][900/1320]	lr: 1.000e-03, eta: 3:33:37, time: 0.656, data_time: 0.149, memory: 16873, loss_cls: 0.4085, loss_bbox: 0.3998, loss_kps: 0.0000, loss: 0.8083
2026-09-03 15:25:09,639 - mmdet - INFO - Epoch [12][950/1320]	lr: 1.000e-03, eta: 3:32:21, time: 0.659, data_time: 0.148, memory: 16873, loss_cls: 0.4102, loss_bbox: 0.4075, loss_kps: 0.0000, loss: 0.8178
2026-09-03 15:25:42,551 - mmdet - INFO - Epoch [12][1000/1320]	lr: 1.000e-03, eta: 3:31:05, time: 0.658, data_time: 0.149, memory: 16873, loss_cls: 0.4141, loss_bbox: 0.4058, loss_kps: 0.0000, loss: 0.8200
2026-09-03 15:26:14,613 - mmdet - INFO - Epoch [12][1050/1320]	lr: 1.000e-03, eta: 3:29:48, time: 0.641, data_time: 0.146, memory: 16873, loss_cls: 0.4075, loss_bbox: 0.3949, loss_kps: 0.0000, loss: 0.8024
2026-09-03 15:26:46,825 - mmdet - INFO - Epoch [12][1100/1320]	lr: 1.000e-03, eta: 3:28:32, time: 0.644, data_time: 0.147, memory: 16873, loss_cls: 0.4284, loss_bbox: 0.4079, loss_kps: 0.0000, loss: 0.8363
2026-09-03 15:27:18,752 - mmdet - INFO - Epoch [12][1150/1320]	lr: 1.000e-03, eta: 3:27:16, time: 0.639, data_time: 0.142, memory: 16873, loss_cls: 0.4342, loss_bbox: 0.4002, loss_kps: 0.0000, loss: 0.8345
2026-09-03 15:27:51,448 - mmdet - INFO - Epoch [12][1200/1320]	lr: 1.000e-03, eta: 3:26:01, time: 0.654, data_time: 0.140, memory: 16873, loss_cls: 0.4140, loss_bbox: 0.4021, loss_kps: 0.0000, loss: 0.8161
2026-09-03 15:28:25,546 - mmdet - INFO - Epoch [12][1250/1320]	lr: 1.000e-03, eta: 3:24:47, time: 0.682, data_time: 0.160, memory: 16873, loss_cls: 0.4248, loss_bbox: 0.4019, loss_kps: 0.0000, loss: 0.8266
2026-09-03 15:28:58,722 - mmdet - INFO - Epoch [12][1300/1320]	lr: 1.000e-03, eta: 3:23:33, time: 0.663, data_time: 0.144, memory: 16873, loss_cls: 0.4227, loss_bbox: 0.3951, loss_kps: 0.0000, loss: 0.8178
2026-09-03 15:29:11,409 - mmdet - INFO - Saving checkpoint at 12 epochs
2026-09-03 15:30:02,086 - mmdet - INFO - Epoch [13][50/1320]	lr: 1.000e-03, eta: 3:21:52, time: 1.004, data_time: 0.471, memory: 16873, loss_cls: 0.4058, loss_bbox: 0.4039, loss_kps: 0.0000, loss: 0.8097
2026-09-03 15:30:36,562 - mmdet - INFO - Epoch [13][100/1320]	lr: 1.000e-03, eta: 3:20:39, time: 0.689, data_time: 0.170, memory: 16873, loss_cls: 0.4234, loss_bbox: 0.4016, loss_kps: 0.0000, loss: 0.8249
2026-09-03 15:31:09,441 - mmdet - INFO - Epoch [13][150/1320]	lr: 1.000e-03, eta: 3:19:26, time: 0.658, data_time: 0.155, memory: 16873, loss_cls: 0.4116, loss_bbox: 0.4013, loss_kps: 0.0000, loss: 0.8129
2026-09-03 15:35:28,812 - mmdet - INFO - Epoch [13][200/1320]	lr: 1.000e-03, eta: 3:20:39, time: 5.188, data_time: 4.643, memory: 16873, loss_cls: 0.4198, loss_bbox: 0.4089, loss_kps: 0.0000, loss: 0.8287
2026-09-03 15:36:08,309 - mmdet - INFO - Epoch [13][250/1320]	lr: 1.000e-03, eta: 3:19:29, time: 0.790, data_time: 0.195, memory: 16873, loss_cls: 0.4148, loss_bbox: 0.3914, loss_kps: 0.0000, loss: 0.8062
2026-09-03 15:38:46,956 - mmdet - INFO - Epoch [13][300/1320]	lr: 1.000e-03, eta: 3:19:34, time: 3.173, data_time: 2.523, memory: 16873, loss_cls: 0.4224, loss_bbox: 0.3988, loss_kps: 0.0000, loss: 0.8212
2026-09-03 15:39:29,183 - mmdet - INFO - Epoch [13][350/1320]	lr: 1.000e-03, eta: 3:18:26, time: 0.844, data_time: 0.217, memory: 16873, loss_cls: 0.4205, loss_bbox: 0.3966, loss_kps: 0.0000, loss: 0.8170
2026-09-03 15:40:05,261 - mmdet - INFO - Epoch [13][400/1320]	lr: 1.000e-03, eta: 3:17:14, time: 0.722, data_time: 0.178, memory: 16873, loss_cls: 0.4198, loss_bbox: 0.4009, loss_kps: 0.0000, loss: 0.8207
2026-09-03 15:40:40,265 - mmdet - INFO - Epoch [13][450/1320]	lr: 1.000e-03, eta: 3:16:01, time: 0.700, data_time: 0.174, memory: 16873, loss_cls: 0.4182, loss_bbox: 0.4068, loss_kps: 0.0000, loss: 0.8250
2026-09-03 15:41:14,805 - mmdet - INFO - Epoch [13][500/1320]	lr: 1.000e-03, eta: 3:14:48, time: 0.691, data_time: 0.168, memory: 16873, loss_cls: 0.4118, loss_bbox: 0.4092, loss_kps: 0.0000, loss: 0.8209
2026-09-03 15:41:47,429 - mmdet - INFO - Epoch [13][550/1320]	lr: 1.000e-03, eta: 3:13:35, time: 0.653, data_time: 0.151, memory: 16873, loss_cls: 0.4016, loss_bbox: 0.3954, loss_kps: 0.0000, loss: 0.7970
2026-09-03 15:42:21,012 - mmdet - INFO - Epoch [13][600/1320]	lr: 1.000e-03, eta: 3:12:22, time: 0.671, data_time: 0.165, memory: 16873, loss_cls: 0.4207, loss_bbox: 0.4135, loss_kps: 0.0000, loss: 0.8342
2026-09-03 15:42:53,930 - mmdet - INFO - Epoch [13][650/1320]	lr: 1.000e-03, eta: 3:11:09, time: 0.658, data_time: 0.160, memory: 16873, loss_cls: 0.4561, loss_bbox: 0.4106, loss_kps: 0.0000, loss: 0.8666
2026-09-03 15:43:26,282 - mmdet - INFO - Epoch [13][700/1320]	lr: 1.000e-03, eta: 3:09:56, time: 0.647, data_time: 0.150, memory: 16873, loss_cls: 0.4261, loss_bbox: 0.4057, loss_kps: 0.0000, loss: 0.8318
2026-09-03 15:43:57,850 - mmdet - INFO - Epoch [13][750/1320]	lr: 1.000e-03, eta: 3:08:42, time: 0.631, data_time: 0.140, memory: 16873, loss_cls: 0.4256, loss_bbox: 0.4022, loss_kps: 0.0000, loss: 0.8278
2026-09-03 15:44:29,420 - mmdet - INFO - Epoch [13][800/1320]	lr: 1.000e-03, eta: 3:07:29, time: 0.631, data_time: 0.139, memory: 16873, loss_cls: 0.4368, loss_bbox: 0.4104, loss_kps: 0.0000, loss: 0.8472
2026-09-03 15:45:01,394 - mmdet - INFO - Epoch [13][850/1320]	lr: 1.000e-03, eta: 3:06:17, time: 0.640, data_time: 0.144, memory: 16873, loss_cls: 0.4469, loss_bbox: 0.4036, loss_kps: 0.0000, loss: 0.8506
2026-09-03 15:45:32,913 - mmdet - INFO - Epoch [13][900/1320]	lr: 1.000e-03, eta: 3:05:04, time: 0.630, data_time: 0.139, memory: 16873, loss_cls: 0.4221, loss_bbox: 0.4059, loss_kps: 0.0000, loss: 0.8280
2026-09-03 15:46:04,707 - mmdet - INFO - Epoch [13][950/1320]	lr: 1.000e-03, eta: 3:03:52, time: 0.636, data_time: 0.142, memory: 16873, loss_cls: 0.4183, loss_bbox: 0.4019, loss_kps: 0.0000, loss: 0.8201
2026-09-03 15:46:37,575 - mmdet - INFO - Epoch [13][1000/1320]	lr: 1.000e-03, eta: 3:02:41, time: 0.657, data_time: 0.148, memory: 16873, loss_cls: 0.4165, loss_bbox: 0.4033, loss_kps: 0.0000, loss: 0.8198
2026-09-03 15:47:12,848 - mmdet - INFO - Epoch [13][1050/1320]	lr: 1.000e-03, eta: 3:01:31, time: 0.706, data_time: 0.172, memory: 16873, loss_cls: 0.4516, loss_bbox: 0.4133, loss_kps: 0.0000, loss: 0.8649
2026-09-03 15:47:45,642 - mmdet - INFO - Epoch [13][1100/1320]	lr: 1.000e-03, eta: 3:00:20, time: 0.656, data_time: 0.145, memory: 16873, loss_cls: 0.4054, loss_bbox: 0.3937, loss_kps: 0.0000, loss: 0.7991
2026-09-03 15:48:18,230 - mmdet - INFO - Epoch [13][1150/1320]	lr: 1.000e-03, eta: 2:59:09, time: 0.652, data_time: 0.136, memory: 16873, loss_cls: 0.4172, loss_bbox: 0.4052, loss_kps: 0.0000, loss: 0.8225
2026-09-03 15:48:51,182 - mmdet - INFO - Epoch [13][1200/1320]	lr: 1.000e-03, eta: 2:57:59, time: 0.659, data_time: 0.151, memory: 16873, loss_cls: 0.4141, loss_bbox: 0.4085, loss_kps: 0.0000, loss: 0.8226
2026-09-03 15:49:23,117 - mmdet - INFO - Epoch [13][1250/1320]	lr: 1.000e-03, eta: 2:56:48, time: 0.639, data_time: 0.137, memory: 16873, loss_cls: 0.4163, loss_bbox: 0.4056, loss_kps: 0.0000, loss: 0.8220
2026-09-03 15:49:55,306 - mmdet - INFO - Epoch [13][1300/1320]	lr: 1.000e-03, eta: 2:55:38, time: 0.644, data_time: 0.138, memory: 16873, loss_cls: 0.4137, loss_bbox: 0.4059, loss_kps: 0.0000, loss: 0.8196
2026-09-03 15:50:07,775 - mmdet - INFO - Saving checkpoint at 13 epochs
2026-09-03 15:51:05,581 - mmdet - INFO - Epoch [14][50/1320]	lr: 1.000e-03, eta: 2:54:06, time: 1.147, data_time: 0.604, memory: 16873, loss_cls: 0.4050, loss_bbox: 0.3978, loss_kps: 0.0000, loss: 0.8028
2026-09-03 15:51:39,487 - mmdet - INFO - Epoch [14][100/1320]	lr: 1.000e-03, eta: 2:52:57, time: 0.678, data_time: 0.151, memory: 16873, loss_cls: 0.4103, loss_bbox: 0.3945, loss_kps: 0.0000, loss: 0.8048
2026-09-03 15:52:14,929 - mmdet - INFO - Epoch [14][150/1320]	lr: 1.000e-03, eta: 2:51:49, time: 0.709, data_time: 0.164, memory: 16873, loss_cls: 0.3860, loss_bbox: 0.3915, loss_kps: 0.0000, loss: 0.7775
2026-09-03 15:52:53,782 - mmdet - INFO - Epoch [14][200/1320]	lr: 1.000e-03, eta: 2:50:43, time: 0.777, data_time: 0.191, memory: 16873, loss_cls: 0.4211, loss_bbox: 0.4176, loss_kps: 0.0000, loss: 0.8388
2026-09-03 15:53:32,836 - mmdet - INFO - Epoch [14][250/1320]	lr: 1.000e-03, eta: 2:49:38, time: 0.781, data_time: 0.193, memory: 16873, loss_cls: 0.4077, loss_bbox: 0.4059, loss_kps: 0.0000, loss: 0.8136
2026-09-03 15:54:13,257 - mmdet - INFO - Epoch [14][300/1320]	lr: 1.000e-03, eta: 2:48:33, time: 0.809, data_time: 0.206, memory: 16873, loss_cls: 0.4081, loss_bbox: 0.4052, loss_kps: 0.0000, loss: 0.8133
2026-09-03 15:54:51,454 - mmdet - INFO - Epoch [14][350/1320]	lr: 1.000e-03, eta: 2:47:27, time: 0.764, data_time: 0.189, memory: 16873, loss_cls: 0.4158, loss_bbox: 0.3982, loss_kps: 0.0000, loss: 0.8139
2026-09-03 15:55:40,647 - mmdet - INFO - Epoch [14][400/1320]	lr: 1.000e-03, eta: 2:46:27, time: 0.984, data_time: 0.384, memory: 16873, loss_cls: 0.4102, loss_bbox: 0.3987, loss_kps: 0.0000, loss: 0.8089
2026-09-03 15:56:50,989 - mmdet - INFO - Epoch [14][450/1320]	lr: 1.000e-03, eta: 2:45:37, time: 1.407, data_time: 0.868, memory: 16873, loss_cls: 0.4142, loss_bbox: 0.4021, loss_kps: 0.0000, loss: 0.8163
2026-09-03 15:57:25,800 - mmdet - INFO - Epoch [14][500/1320]	lr: 1.000e-03, eta: 2:44:30, time: 0.696, data_time: 0.169, memory: 16873, loss_cls: 0.4296, loss_bbox: 0.4135, loss_kps: 0.0000, loss: 0.8431
2026-09-03 15:58:03,241 - mmdet - INFO - Epoch [14][550/1320]	lr: 1.000e-03, eta: 2:43:24, time: 0.749, data_time: 0.181, memory: 16873, loss_cls: 0.4115, loss_bbox: 0.3954, loss_kps: 0.0000, loss: 0.8069
2026-09-03 15:58:37,494 - mmdet - INFO - Epoch [14][600/1320]	lr: 1.000e-03, eta: 2:42:17, time: 0.685, data_time: 0.159, memory: 16873, loss_cls: 0.4114, loss_bbox: 0.4106, loss_kps: 0.0000, loss: 0.8220
2026-09-03 15:59:13,721 - mmdet - INFO - Epoch [14][650/1320]	lr: 1.000e-03, eta: 2:41:11, time: 0.725, data_time: 0.178, memory: 16873, loss_cls: 0.3925, loss_bbox: 0.3938, loss_kps: 0.0000, loss: 0.7863
2026-09-03 15:59:55,276 - mmdet - INFO - Epoch [14][700/1320]	lr: 1.000e-03, eta: 2:40:07, time: 0.831, data_time: 0.218, memory: 16873, loss_cls: 0.4168, loss_bbox: 0.4133, loss_kps: 0.0000, loss: 0.8301
2026-09-03 16:00:34,361 - mmdet - INFO - Epoch [14][750/1320]	lr: 1.000e-03, eta: 2:39:03, time: 0.782, data_time: 0.197, memory: 16873, loss_cls: 0.4254, loss_bbox: 0.4080, loss_kps: 0.0000, loss: 0.8333
2026-09-03 16:01:13,118 - mmdet - INFO - Epoch [14][800/1320]	lr: 1.000e-03, eta: 2:37:59, time: 0.775, data_time: 0.213, memory: 16873, loss_cls: 0.4106, loss_bbox: 0.4023, loss_kps: 0.0000, loss: 0.8129
2026-09-03 16:01:49,928 - mmdet - INFO - Epoch [14][850/1320]	lr: 1.000e-03, eta: 2:36:53, time: 0.736, data_time: 0.181, memory: 16873, loss_cls: 0.4109, loss_bbox: 0.4030, loss_kps: 0.0000, loss: 0.8139
2026-09-03 16:02:25,678 - mmdet - INFO - Epoch [14][900/1320]	lr: 1.000e-03, eta: 2:35:48, time: 0.716, data_time: 0.177, memory: 16873, loss_cls: 0.4297, loss_bbox: 0.3963, loss_kps: 0.0000, loss: 0.8261
2026-09-03 16:02:59,229 - mmdet - INFO - Epoch [14][950/1320]	lr: 1.000e-03, eta: 2:34:42, time: 0.671, data_time: 0.152, memory: 16873, loss_cls: 0.4294, loss_bbox: 0.4083, loss_kps: 0.0000, loss: 0.8376
2026-09-03 16:03:34,088 - mmdet - INFO - Epoch [14][1000/1320]	lr: 1.000e-03, eta: 2:33:36, time: 0.697, data_time: 0.167, memory: 16873, loss_cls: 0.3944, loss_bbox: 0.4006, loss_kps: 0.0000, loss: 0.7951
2026-09-03 16:04:08,349 - mmdet - INFO - Epoch [14][1050/1320]	lr: 1.000e-03, eta: 2:32:30, time: 0.685, data_time: 0.159, memory: 16873, loss_cls: 0.4072, loss_bbox: 0.3998, loss_kps: 0.0000, loss: 0.8070
2026-09-03 16:04:42,324 - mmdet - INFO - Epoch [14][1100/1320]	lr: 1.000e-03, eta: 2:31:25, time: 0.680, data_time: 0.147, memory: 16873, loss_cls: 0.4100, loss_bbox: 0.4044, loss_kps: 0.0000, loss: 0.8144
2026-09-03 16:05:17,707 - mmdet - INFO - Epoch [14][1150/1320]	lr: 1.000e-03, eta: 2:30:20, time: 0.708, data_time: 0.165, memory: 16873, loss_cls: 0.4125, loss_bbox: 0.3975, loss_kps: 0.0000, loss: 0.8099
2026-09-03 16:05:51,043 - mmdet - INFO - Epoch [14][1200/1320]	lr: 1.000e-03, eta: 2:29:14, time: 0.667, data_time: 0.151, memory: 16873, loss_cls: 0.4149, loss_bbox: 0.3952, loss_kps: 0.0000, loss: 0.8101
2026-09-03 16:06:23,666 - mmdet - INFO - Epoch [14][1250/1320]	lr: 1.000e-03, eta: 2:28:09, time: 0.652, data_time: 0.139, memory: 16873, loss_cls: 0.4177, loss_bbox: 0.4092, loss_kps: 0.0000, loss: 0.8269
2026-09-03 16:06:55,697 - mmdet - INFO - Epoch [14][1300/1320]	lr: 1.000e-03, eta: 2:27:03, time: 0.641, data_time: 0.137, memory: 16873, loss_cls: 0.4163, loss_bbox: 0.3950, loss_kps: 0.0000, loss: 0.8113
2026-09-03 16:07:08,207 - mmdet - INFO - Saving checkpoint at 14 epochs
2026-09-03 16:07:52,670 - mmdet - INFO - Epoch [15][50/1320]	lr: 1.000e-04, eta: 2:25:31, time: 0.881, data_time: 0.364, memory: 16873, loss_cls: 0.4168, loss_bbox: 0.4041, loss_kps: 0.0000, loss: 0.8209
2026-09-03 16:08:27,969 - mmdet - INFO - Epoch [15][100/1320]	lr: 1.000e-04, eta: 2:24:27, time: 0.706, data_time: 0.170, memory: 16873, loss_cls: 0.4152, loss_bbox: 0.4047, loss_kps: 0.0000, loss: 0.8199
2026-09-03 16:09:06,986 - mmdet - INFO - Epoch [15][150/1320]	lr: 1.000e-04, eta: 2:23:24, time: 0.780, data_time: 0.196, memory: 16873, loss_cls: 0.4015, loss_bbox: 0.4004, loss_kps: 0.0000, loss: 0.8019
2026-09-03 16:14:12,737 - mmdet - INFO - Epoch [15][200/1320]	lr: 1.000e-04, eta: 2:24:13, time: 6.115, data_time: 5.538, memory: 16873, loss_cls: 0.4077, loss_bbox: 0.4052, loss_kps: 0.0000, loss: 0.8130
2026-09-03 16:14:54,741 - mmdet - INFO - Epoch [15][250/1320]	lr: 1.000e-04, eta: 2:23:11, time: 0.840, data_time: 0.216, memory: 16873, loss_cls: 0.4047, loss_bbox: 0.4027, loss_kps: 0.0000, loss: 0.8074
2026-09-03 16:15:29,671 - mmdet - INFO - Epoch [15][300/1320]	lr: 1.000e-04, eta: 2:22:06, time: 0.699, data_time: 0.177, memory: 16873, loss_cls: 0.4043, loss_bbox: 0.3925, loss_kps: 0.0000, loss: 0.7968
2026-09-03 16:16:08,389 - mmdet - INFO - Epoch [15][350/1320]	lr: 1.000e-04, eta: 2:21:03, time: 0.774, data_time: 0.191, memory: 16873, loss_cls: 0.4044, loss_bbox: 0.3958, loss_kps: 0.0000, loss: 0.8002
2026-09-03 16:16:46,853 - mmdet - INFO - Epoch [15][400/1320]	lr: 1.000e-04, eta: 2:20:00, time: 0.769, data_time: 0.201, memory: 16873, loss_cls: 0.4015, loss_bbox: 0.3902, loss_kps: 0.0000, loss: 0.7917
2026-09-03 16:17:23,208 - mmdet - INFO - Epoch [15][450/1320]	lr: 1.000e-04, eta: 2:18:57, time: 0.727, data_time: 0.183, memory: 16873, loss_cls: 0.4123, loss_bbox: 0.3972, loss_kps: 0.0000, loss: 0.8095
2026-09-03 16:18:00,072 - mmdet - INFO - Epoch [15][500/1320]	lr: 1.000e-04, eta: 2:17:54, time: 0.737, data_time: 0.201, memory: 16873, loss_cls: 0.4026, loss_bbox: 0.3916, loss_kps: 0.0000, loss: 0.7942
2026-09-03 16:18:33,667 - mmdet - INFO - Epoch [15][550/1320]	lr: 1.000e-04, eta: 2:16:49, time: 0.672, data_time: 0.153, memory: 16873, loss_cls: 0.4017, loss_bbox: 0.3948, loss_kps: 0.0000, loss: 0.7964
2026-09-03 16:19:06,857 - mmdet - INFO - Epoch [15][600/1320]	lr: 1.000e-04, eta: 2:15:45, time: 0.664, data_time: 0.152, memory: 16873, loss_cls: 0.3904, loss_bbox: 0.3920, loss_kps: 0.0000, loss: 0.7824
2026-09-03 16:19:40,158 - mmdet - INFO - Epoch [15][650/1320]	lr: 1.000e-04, eta: 2:14:41, time: 0.666, data_time: 0.155, memory: 16873, loss_cls: 0.3716, loss_bbox: 0.3899, loss_kps: 0.0000, loss: 0.7615
2026-09-03 16:20:15,805 - mmdet - INFO - Epoch [15][700/1320]	lr: 1.000e-04, eta: 2:13:38, time: 0.713, data_time: 0.177, memory: 16873, loss_cls: 0.3848, loss_bbox: 0.3883, loss_kps: 0.0000, loss: 0.7731
2026-09-03 16:20:52,155 - mmdet - INFO - Epoch [15][750/1320]	lr: 1.000e-04, eta: 2:12:35, time: 0.727, data_time: 0.164, memory: 16873, loss_cls: 0.3917, loss_bbox: 0.4014, loss_kps: 0.0000, loss: 0.7930
2026-09-03 16:21:24,953 - mmdet - INFO - Epoch [15][800/1320]	lr: 1.000e-04, eta: 2:11:31, time: 0.656, data_time: 0.149, memory: 16873, loss_cls: 0.3950, loss_bbox: 0.3921, loss_kps: 0.0000, loss: 0.7870
2026-09-03 16:21:58,786 - mmdet - INFO - Epoch [15][850/1320]	lr: 1.000e-04, eta: 2:10:28, time: 0.677, data_time: 0.156, memory: 16873, loss_cls: 0.3842, loss_bbox: 0.3876, loss_kps: 0.0000, loss: 0.7718
2026-09-03 16:22:33,173 - mmdet - INFO - Epoch [15][900/1320]	lr: 1.000e-04, eta: 2:09:25, time: 0.688, data_time: 0.167, memory: 16873, loss_cls: 0.3922, loss_bbox: 0.3898, loss_kps: 0.0000, loss: 0.7820
2026-09-03 16:23:08,434 - mmdet - INFO - Epoch [15][950/1320]	lr: 1.000e-04, eta: 2:08:22, time: 0.705, data_time: 0.154, memory: 16873, loss_cls: 0.3945, loss_bbox: 0.3886, loss_kps: 0.0000, loss: 0.7831
2026-09-03 16:23:43,272 - mmdet - INFO - Epoch [15][1000/1320]	lr: 1.000e-04, eta: 2:07:20, time: 0.697, data_time: 0.157, memory: 16873, loss_cls: 0.3963, loss_bbox: 0.3973, loss_kps: 0.0000, loss: 0.7936
2026-09-03 16:24:18,487 - mmdet - INFO - Epoch [15][1050/1320]	lr: 1.000e-04, eta: 2:06:18, time: 0.704, data_time: 0.172, memory: 16873, loss_cls: 0.4014, loss_bbox: 0.3971, loss_kps: 0.0000, loss: 0.7985
2026-09-03 16:24:54,167 - mmdet - INFO - Epoch [15][1100/1320]	lr: 1.000e-04, eta: 2:05:16, time: 0.714, data_time: 0.176, memory: 16873, loss_cls: 0.3808, loss_bbox: 0.3829, loss_kps: 0.0000, loss: 0.7637
2026-09-03 16:25:26,808 - mmdet - INFO - Epoch [15][1150/1320]	lr: 1.000e-04, eta: 2:04:13, time: 0.653, data_time: 0.144, memory: 16873, loss_cls: 0.3758, loss_bbox: 0.3891, loss_kps: 0.0000, loss: 0.7649
2026-09-03 16:25:58,775 - mmdet - INFO - Epoch [15][1200/1320]	lr: 1.000e-04, eta: 2:03:10, time: 0.639, data_time: 0.141, memory: 16873, loss_cls: 0.3920, loss_bbox: 0.3939, loss_kps: 0.0000, loss: 0.7858
2026-09-03 16:26:30,132 - mmdet - INFO - Epoch [15][1250/1320]	lr: 1.000e-04, eta: 2:02:07, time: 0.627, data_time: 0.135, memory: 16873, loss_cls: 0.3878, loss_bbox: 0.3901, loss_kps: 0.0000, loss: 0.7779
2026-09-03 16:27:02,960 - mmdet - INFO - Epoch [15][1300/1320]	lr: 1.000e-04, eta: 2:01:05, time: 0.657, data_time: 0.144, memory: 16873, loss_cls: 0.4066, loss_bbox: 0.3986, loss_kps: 0.0000, loss: 0.8052
2026-09-03 16:27:16,185 - mmdet - INFO - Saving checkpoint at 15 epochs
2026-09-03 16:29:17,060 - mmdet - INFO - Epoch [16][50/1320]	lr: 1.000e-04, eta: 2:00:02, time: 2.408, data_time: 1.749, memory: 16873, loss_cls: 0.3774, loss_bbox: 0.3748, loss_kps: 0.0000, loss: 0.7522
2026-09-03 16:29:56,684 - mmdet - INFO - Epoch [16][100/1320]	lr: 1.000e-04, eta: 1:59:02, time: 0.792, data_time: 0.194, memory: 16873, loss_cls: 0.3826, loss_bbox: 0.4000, loss_kps: 0.0000, loss: 0.7825
2026-09-03 16:30:35,268 - mmdet - INFO - Epoch [16][150/1320]	lr: 1.000e-04, eta: 1:58:02, time: 0.772, data_time: 0.183, memory: 16873, loss_cls: 0.3988, loss_bbox: 0.3926, loss_kps: 0.0000, loss: 0.7914
2026-09-03 16:31:59,719 - mmdet - INFO - Exp name: scrfd_armX.py
2026-09-03 16:31:59,720 - mmdet - INFO - Epoch [16][200/1320]	lr: 1.000e-04, eta: 1:57:17, time: 1.689, data_time: 1.123, memory: 16873, loss_cls: 0.3958, loss_bbox: 0.3895, loss_kps: 0.0000, loss: 0.7853
2026-09-03 16:33:48,789 - mmdet - INFO - Epoch [16][250/1320]	lr: 1.000e-04, eta: 1:56:39, time: 2.181, data_time: 1.623, memory: 16873, loss_cls: 0.3840, loss_bbox: 0.3845, loss_kps: 0.0000, loss: 0.7685
2026-09-03 16:34:24,182 - mmdet - INFO - Epoch [16][300/1320]	lr: 1.000e-04, eta: 1:55:37, time: 0.708, data_time: 0.164, memory: 16873, loss_cls: 0.3799, loss_bbox: 0.3856, loss_kps: 0.0000, loss: 0.7656
2026-09-03 16:35:56,921 - mmdet - INFO - Epoch [16][350/1320]	lr: 1.000e-04, eta: 1:54:54, time: 1.855, data_time: 1.329, memory: 16873, loss_cls: 0.4046, loss_bbox: 0.3983, loss_kps: 0.0000, loss: 0.8029
2026-09-03 16:36:31,333 - mmdet - INFO - Epoch [16][400/1320]	lr: 1.000e-04, eta: 1:53:53, time: 0.688, data_time: 0.175, memory: 16873, loss_cls: 0.3882, loss_bbox: 0.3967, loss_kps: 0.0000, loss: 0.7849
2026-09-03 16:37:03,432 - mmdet - INFO - Epoch [16][450/1320]	lr: 1.000e-04, eta: 1:52:50, time: 0.642, data_time: 0.151, memory: 16873, loss_cls: 0.3843, loss_bbox: 0.3899, loss_kps: 0.0000, loss: 0.7741
2026-09-03 16:37:35,409 - mmdet - INFO - Epoch [16][500/1320]	lr: 1.000e-04, eta: 1:51:48, time: 0.640, data_time: 0.151, memory: 16873, loss_cls: 0.3899, loss_bbox: 0.3957, loss_kps: 0.0000, loss: 0.7856
2026-09-03 16:38:07,817 - mmdet - INFO - Epoch [16][550/1320]	lr: 1.000e-04, eta: 1:50:47, time: 0.648, data_time: 0.162, memory: 16873, loss_cls: 0.3887, loss_bbox: 0.3910, loss_kps: 0.0000, loss: 0.7797
2026-09-03 16:38:40,530 - mmdet - INFO - Epoch [16][600/1320]	lr: 1.000e-04, eta: 1:49:45, time: 0.654, data_time: 0.152, memory: 16873, loss_cls: 0.3768, loss_bbox: 0.3919, loss_kps: 0.0000, loss: 0.7687
2026-09-03 16:39:12,200 - mmdet - INFO - Epoch [16][650/1320]	lr: 1.000e-04, eta: 1:48:44, time: 0.633, data_time: 0.147, memory: 16873, loss_cls: 0.4071, loss_bbox: 0.3871, loss_kps: 0.0000, loss: 0.7942
2026-09-03 16:39:44,441 - mmdet - INFO - Epoch [16][700/1320]	lr: 1.000e-04, eta: 1:47:42, time: 0.645, data_time: 0.155, memory: 16873, loss_cls: 0.3928, loss_bbox: 0.3994, loss_kps: 0.0000, loss: 0.7922
2026-09-03 16:40:16,358 - mmdet - INFO - Epoch [16][750/1320]	lr: 1.000e-04, eta: 1:46:41, time: 0.638, data_time: 0.150, memory: 16873, loss_cls: 0.3800, loss_bbox: 0.3865, loss_kps: 0.0000, loss: 0.7665
2026-09-03 16:40:47,920 - mmdet - INFO - Epoch [16][800/1320]	lr: 1.000e-04, eta: 1:45:40, time: 0.631, data_time: 0.148, memory: 16873, loss_cls: 0.3810, loss_bbox: 0.3860, loss_kps: 0.0000, loss: 0.7670
2026-09-03 16:41:19,445 - mmdet - INFO - Epoch [16][850/1320]	lr: 1.000e-04, eta: 1:44:39, time: 0.630, data_time: 0.140, memory: 16873, loss_cls: 0.3989, loss_bbox: 0.3943, loss_kps: 0.0000, loss: 0.7932
2026-09-03 16:41:51,788 - mmdet - INFO - Epoch [16][900/1320]	lr: 1.000e-04, eta: 1:43:38, time: 0.647, data_time: 0.145, memory: 16873, loss_cls: 0.4011, loss_bbox: 0.3906, loss_kps: 0.0000, loss: 0.7917
2026-09-03 16:42:27,093 - mmdet - INFO - Epoch [16][950/1320]	lr: 1.000e-04, eta: 1:42:38, time: 0.706, data_time: 0.186, memory: 16873, loss_cls: 0.3953, loss_bbox: 0.3947, loss_kps: 0.0000, loss: 0.7900
2026-09-03 16:43:05,841 - mmdet - INFO - Epoch [16][1000/1320]	lr: 1.000e-04, eta: 1:41:39, time: 0.775, data_time: 0.182, memory: 16873, loss_cls: 0.3803, loss_bbox: 0.3871, loss_kps: 0.0000, loss: 0.7674
2026-09-03 16:43:41,401 - mmdet - INFO - Epoch [16][1050/1320]	lr: 1.000e-04, eta: 1:40:40, time: 0.711, data_time: 0.168, memory: 16873, loss_cls: 0.3987, loss_bbox: 0.4039, loss_kps: 0.0000, loss: 0.8026
2026-09-03 16:44:17,998 - mmdet - INFO - Epoch [16][1100/1320]	lr: 1.000e-04, eta: 1:39:41, time: 0.732, data_time: 0.189, memory: 16873, loss_cls: 0.3952, loss_bbox: 0.3931, loss_kps: 0.0000, loss: 0.7883
2026-09-03 16:44:54,207 - mmdet - INFO - Epoch [16][1150/1320]	lr: 1.000e-04, eta: 1:38:42, time: 0.724, data_time: 0.175, memory: 16873, loss_cls: 0.3982, loss_bbox: 0.3875, loss_kps: 0.0000, loss: 0.7857
2026-09-03 16:45:27,533 - mmdet - INFO - Exp name: scrfd_armX.py
2026-09-03 16:45:27,533 - mmdet - INFO - Epoch [16][1200/1320]	lr: 1.000e-04, eta: 1:37:42, time: 0.666, data_time: 0.160, memory: 16873, loss_cls: 0.3742, loss_bbox: 0.3930, loss_kps: 0.0000, loss: 0.7673
2026-09-03 16:46:00,118 - mmdet - INFO - Epoch [16][1250/1320]	lr: 1.000e-04, eta: 1:36:42, time: 0.652, data_time: 0.147, memory: 16873, loss_cls: 0.3913, loss_bbox: 0.3948, loss_kps: 0.0000, loss: 0.7861
2026-09-03 16:46:31,460 - mmdet - INFO - Epoch [16][1300/1320]	lr: 1.000e-04, eta: 1:35:42, time: 0.627, data_time: 0.138, memory: 16873, loss_cls: 0.3804, loss_bbox: 0.3869, loss_kps: 0.0000, loss: 0.7673
2026-09-03 16:46:43,926 - mmdet - INFO - Saving checkpoint at 16 epochs
2026-09-03 16:48:37,141 - mmdet - INFO - Epoch [17][50/1320]	lr: 1.000e-04, eta: 1:34:36, time: 2.256, data_time: 1.762, memory: 16873, loss_cls: 0.3803, loss_bbox: 0.3782, loss_kps: 0.0000, loss: 0.7585
2026-09-03 16:49:10,635 - mmdet - INFO - Epoch [17][100/1320]	lr: 1.000e-04, eta: 1:33:36, time: 0.670, data_time: 0.157, memory: 16873, loss_cls: 0.3981, loss_bbox: 0.3889, loss_kps: 0.0000, loss: 0.7869
2026-09-03 16:49:43,426 - mmdet - INFO - Epoch [17][150/1320]	lr: 1.000e-04, eta: 1:32:37, time: 0.656, data_time: 0.146, memory: 16873, loss_cls: 0.4070, loss_bbox: 0.3994, loss_kps: 0.0000, loss: 0.8064
2026-09-03 16:50:16,827 - mmdet - INFO - Epoch [17][200/1320]	lr: 1.000e-04, eta: 1:31:38, time: 0.668, data_time: 0.151, memory: 16873, loss_cls: 0.3879, loss_bbox: 0.3929, loss_kps: 0.0000, loss: 0.7808
2026-09-03 16:50:48,619 - mmdet - INFO - Epoch [17][250/1320]	lr: 1.000e-04, eta: 1:30:38, time: 0.636, data_time: 0.137, memory: 16873, loss_cls: 0.4088, loss_bbox: 0.4007, loss_kps: 0.0000, loss: 0.8094
2026-09-03 16:51:21,428 - mmdet - INFO - Epoch [17][300/1320]	lr: 1.000e-04, eta: 1:29:39, time: 0.656, data_time: 0.145, memory: 16873, loss_cls: 0.3787, loss_bbox: 0.3889, loss_kps: 0.0000, loss: 0.7676
2026-09-03 16:51:54,222 - mmdet - INFO - Epoch [17][350/1320]	lr: 1.000e-04, eta: 1:28:40, time: 0.656, data_time: 0.157, memory: 16873, loss_cls: 0.3889, loss_bbox: 0.3860, loss_kps: 0.0000, loss: 0.7749
2026-09-03 16:52:26,965 - mmdet - INFO - Epoch [17][400/1320]	lr: 1.000e-04, eta: 1:27:42, time: 0.655, data_time: 0.149, memory: 16873, loss_cls: 0.3871, loss_bbox: 0.3892, loss_kps: 0.0000, loss: 0.7763
2026-09-03 16:57:35,026 - mmdet - INFO - Epoch [17][450/1320]	lr: 1.000e-04, eta: 1:27:45, time: 6.161, data_time: 5.653, memory: 16873, loss_cls: 0.3850, loss_bbox: 0.3898, loss_kps: 0.0000, loss: 0.7748
2026-09-03 16:58:07,564 - mmdet - INFO - Epoch [17][500/1320]	lr: 1.000e-04, eta: 1:26:45, time: 0.651, data_time: 0.140, memory: 16873, loss_cls: 0.3817, loss_bbox: 0.3874, loss_kps: 0.0000, loss: 0.7691
2026-09-03 16:59:40,935 - mmdet - INFO - Epoch [17][550/1320]	lr: 1.000e-04, eta: 1:25:59, time: 1.867, data_time: 1.362, memory: 16873, loss_cls: 0.3835, loss_bbox: 0.3906, loss_kps: 0.0000, loss: 0.7741
2026-09-03 17:02:27,060 - mmdet - INFO - Epoch [17][600/1320]	lr: 1.000e-04, eta: 1:25:29, time: 3.322, data_time: 2.804, memory: 16873, loss_cls: 0.3791, loss_bbox: 0.3818, loss_kps: 0.0000, loss: 0.7610
2026-09-03 17:03:02,212 - mmdet - INFO - Epoch [17][650/1320]	lr: 1.000e-04, eta: 1:24:30, time: 0.703, data_time: 0.165, memory: 16873, loss_cls: 0.3839, loss_bbox: 0.3945, loss_kps: 0.0000, loss: 0.7784
2026-09-03 17:04:40,328 - mmdet - INFO - Epoch [17][700/1320]	lr: 1.000e-04, eta: 1:23:44, time: 1.962, data_time: 1.462, memory: 16873, loss_cls: 0.3810, loss_bbox: 0.3808, loss_kps: 0.0000, loss: 0.7618
2026-09-03 17:05:12,767 - mmdet - INFO - Epoch [17][750/1320]	lr: 1.000e-04, eta: 1:22:45, time: 0.649, data_time: 0.146, memory: 16873, loss_cls: 0.3820, loss_bbox: 0.4081, loss_kps: 0.0000, loss: 0.7900
2026-09-03 17:05:45,491 - mmdet - INFO - Epoch [17][800/1320]	lr: 1.000e-04, eta: 1:21:45, time: 0.655, data_time: 0.154, memory: 16873, loss_cls: 0.3848, loss_bbox: 0.3881, loss_kps: 0.0000, loss: 0.7729
2026-09-03 17:06:18,981 - mmdet - INFO - Epoch [17][850/1320]	lr: 1.000e-04, eta: 1:20:46, time: 0.670, data_time: 0.156, memory: 16873, loss_cls: 0.3810, loss_bbox: 0.3821, loss_kps: 0.0000, loss: 0.7631
2026-09-03 17:06:52,800 - mmdet - INFO - Epoch [17][900/1320]	lr: 1.000e-04, eta: 1:19:47, time: 0.676, data_time: 0.162, memory: 16873, loss_cls: 0.3758, loss_bbox: 0.3926, loss_kps: 0.0000, loss: 0.7684
2026-09-03 17:07:25,115 - mmdet - INFO - Epoch [17][950/1320]	lr: 1.000e-04, eta: 1:18:48, time: 0.646, data_time: 0.150, memory: 16873, loss_cls: 0.4002, loss_bbox: 0.3930, loss_kps: 0.0000, loss: 0.7931
2026-09-03 17:07:56,274 - mmdet - INFO - Epoch [17][1000/1320]	lr: 1.000e-04, eta: 1:17:49, time: 0.623, data_time: 0.137, memory: 16873, loss_cls: 0.3928, loss_bbox: 0.3932, loss_kps: 0.0000, loss: 0.7860
2026-09-03 17:08:27,361 - mmdet - INFO - Epoch [17][1050/1320]	lr: 1.000e-04, eta: 1:16:50, time: 0.622, data_time: 0.136, memory: 16873, loss_cls: 0.3928, loss_bbox: 0.3936, loss_kps: 0.0000, loss: 0.7864
2026-09-03 17:08:59,207 - mmdet - INFO - Epoch [17][1100/1320]	lr: 1.000e-04, eta: 1:15:52, time: 0.637, data_time: 0.148, memory: 16873, loss_cls: 0.3888, loss_bbox: 0.3909, loss_kps: 0.0000, loss: 0.7798
2026-09-03 17:09:30,146 - mmdet - INFO - Epoch [17][1150/1320]	lr: 1.000e-04, eta: 1:14:53, time: 0.619, data_time: 0.134, memory: 16873, loss_cls: 0.4006, loss_bbox: 0.3962, loss_kps: 0.0000, loss: 0.7968
2026-09-03 17:10:01,914 - mmdet - INFO - Epoch [17][1200/1320]	lr: 1.000e-04, eta: 1:13:54, time: 0.635, data_time: 0.134, memory: 16873, loss_cls: 0.3874, loss_bbox: 0.3917, loss_kps: 0.0000, loss: 0.7791
2026-09-03 17:10:33,036 - mmdet - INFO - Epoch [17][1250/1320]	lr: 1.000e-04, eta: 1:12:56, time: 0.622, data_time: 0.133, memory: 16873, loss_cls: 0.3930, loss_bbox: 0.4002, loss_kps: 0.0000, loss: 0.7933
2026-09-03 17:11:04,143 - mmdet - INFO - Epoch [17][1300/1320]	lr: 1.000e-04, eta: 1:11:57, time: 0.622, data_time: 0.134, memory: 16873, loss_cls: 0.3854, loss_bbox: 0.3953, loss_kps: 0.0000, loss: 0.7807
2026-09-03 17:11:16,211 - mmdet - INFO - Saving checkpoint at 17 epochs
2026-09-03 17:13:02,919 - mmdet - INFO - Epoch [18][50/1320]	lr: 1.000e-04, eta: 1:10:47, time: 2.125, data_time: 1.622, memory: 16873, loss_cls: 0.3734, loss_bbox: 0.3978, loss_kps: 0.0000, loss: 0.7712
2026-09-03 17:13:34,635 - mmdet - INFO - Epoch [18][100/1320]	lr: 1.000e-04, eta: 1:09:48, time: 0.634, data_time: 0.139, memory: 16873, loss_cls: 0.3779, loss_bbox: 0.3918, loss_kps: 0.0000, loss: 0.7697
2026-09-03 17:14:06,077 - mmdet - INFO - Epoch [18][150/1320]	lr: 1.000e-04, eta: 1:08:50, time: 0.629, data_time: 0.135, memory: 16873, loss_cls: 0.3761, loss_bbox: 0.3850, loss_kps: 0.0000, loss: 0.7611
2026-09-03 17:14:37,715 - mmdet - INFO - Epoch [18][200/1320]	lr: 1.000e-04, eta: 1:07:52, time: 0.633, data_time: 0.137, memory: 16873, loss_cls: 0.3721, loss_bbox: 0.3838, loss_kps: 0.0000, loss: 0.7559
2026-09-03 17:15:09,204 - mmdet - INFO - Epoch [18][250/1320]	lr: 1.000e-04, eta: 1:06:54, time: 0.630, data_time: 0.133, memory: 16873, loss_cls: 0.3815, loss_bbox: 0.3895, loss_kps: 0.0000, loss: 0.7710
2026-09-03 17:15:40,692 - mmdet - INFO - Epoch [18][300/1320]	lr: 1.000e-04, eta: 1:05:57, time: 0.630, data_time: 0.129, memory: 16873, loss_cls: 0.3892, loss_bbox: 0.4050, loss_kps: 0.0000, loss: 0.7942
2026-09-03 17:16:12,239 - mmdet - INFO - Epoch [18][350/1320]	lr: 1.000e-04, eta: 1:04:59, time: 0.631, data_time: 0.137, memory: 16873, loss_cls: 0.4033, loss_bbox: 0.4072, loss_kps: 0.0000, loss: 0.8105
2026-09-03 17:16:43,529 - mmdet - INFO - Epoch [18][400/1320]	lr: 1.000e-04, eta: 1:04:02, time: 0.626, data_time: 0.132, memory: 16873, loss_cls: 0.3679, loss_bbox: 0.3852, loss_kps: 0.0000, loss: 0.7531
2026-09-03 17:17:14,926 - mmdet - INFO - Epoch [18][450/1320]	lr: 1.000e-04, eta: 1:03:04, time: 0.628, data_time: 0.136, memory: 16873, loss_cls: 0.3869, loss_bbox: 0.3902, loss_kps: 0.0000, loss: 0.7771
2026-09-03 17:17:46,879 - mmdet - INFO - Epoch [18][500/1320]	lr: 1.000e-04, eta: 1:02:07, time: 0.639, data_time: 0.136, memory: 16873, loss_cls: 0.3733, loss_bbox: 0.3858, loss_kps: 0.0000, loss: 0.7590
2026-09-03 17:18:19,747 - mmdet - INFO - Epoch [18][550/1320]	lr: 1.000e-04, eta: 1:01:10, time: 0.657, data_time: 0.150, memory: 16873, loss_cls: 0.3829, loss_bbox: 0.3893, loss_kps: 0.0000, loss: 0.7722
2026-09-03 17:18:52,846 - mmdet - INFO - Epoch [18][600/1320]	lr: 1.000e-04, eta: 1:00:13, time: 0.662, data_time: 0.149, memory: 16873, loss_cls: 0.3928, loss_bbox: 0.3923, loss_kps: 0.0000, loss: 0.7850
2026-09-03 17:31:24,688 - mmdet - INFO - Epoch [18][650/1320]	lr: 1.000e-04, eta: 1:00:59, time: 15.037, data_time: 14.498, memory: 16873, loss_cls: 0.3864, loss_bbox: 0.3883, loss_kps: 0.0000, loss: 0.7747
2026-09-03 17:32:02,916 - mmdet - INFO - Epoch [18][700/1320]	lr: 1.000e-04, eta: 1:00:02, time: 0.764, data_time: 0.182, memory: 16873, loss_cls: 0.3941, loss_bbox: 0.3957, loss_kps: 0.0000, loss: 0.7898
2026-09-03 17:32:37,606 - mmdet - INFO - Epoch [18][750/1320]	lr: 1.000e-04, eta: 0:59:04, time: 0.694, data_time: 0.169, memory: 16873, loss_cls: 0.3854, loss_bbox: 0.3884, loss_kps: 0.0000, loss: 0.7738
2026-09-03 17:33:12,297 - mmdet - INFO - Epoch [18][800/1320]	lr: 1.000e-04, eta: 0:58:06, time: 0.694, data_time: 0.170, memory: 16873, loss_cls: 0.3958, loss_bbox: 0.3908, loss_kps: 0.0000, loss: 0.7866
2026-09-03 17:33:50,631 - mmdet - INFO - Epoch [18][850/1320]	lr: 1.000e-04, eta: 0:57:08, time: 0.767, data_time: 0.203, memory: 16873, loss_cls: 0.3854, loss_bbox: 0.3826, loss_kps: 0.0000, loss: 0.7680
2026-09-03 17:36:50,974 - mmdet - INFO - Epoch [18][900/1320]	lr: 1.000e-04, eta: 0:56:29, time: 3.607, data_time: 3.095, memory: 16873, loss_cls: 0.3896, loss_bbox: 0.3854, loss_kps: 0.0000, loss: 0.7750
2026-09-03 17:38:10,068 - mmdet - INFO - Epoch [18][950/1320]	lr: 1.000e-04, eta: 0:55:37, time: 1.582, data_time: 1.028, memory: 16873, loss_cls: 0.3810, loss_bbox: 0.3996, loss_kps: 0.0000, loss: 0.7806
2026-09-03 17:38:46,360 - mmdet - INFO - Epoch [18][1000/1320]	lr: 1.000e-04, eta: 0:54:39, time: 0.726, data_time: 0.177, memory: 16873, loss_cls: 0.3840, loss_bbox: 0.3870, loss_kps: 0.0000, loss: 0.7710
2026-09-03 17:39:20,679 - mmdet - INFO - Epoch [18][1050/1320]	lr: 1.000e-04, eta: 0:53:41, time: 0.687, data_time: 0.167, memory: 16873, loss_cls: 0.3830, loss_bbox: 0.3841, loss_kps: 0.0000, loss: 0.7672
2026-09-03 17:39:52,196 - mmdet - INFO - Epoch [18][1100/1320]	lr: 1.000e-04, eta: 0:52:43, time: 0.630, data_time: 0.138, memory: 16873, loss_cls: 0.3778, loss_bbox: 0.3904, loss_kps: 0.0000, loss: 0.7682
2026-09-03 17:40:23,184 - mmdet - INFO - Epoch [18][1150/1320]	lr: 1.000e-04, eta: 0:51:45, time: 0.620, data_time: 0.133, memory: 16873, loss_cls: 0.3865, loss_bbox: 0.3995, loss_kps: 0.0000, loss: 0.7860
2026-09-03 17:40:55,695 - mmdet - INFO - Epoch [18][1200/1320]	lr: 1.000e-04, eta: 0:50:47, time: 0.650, data_time: 0.150, memory: 16873, loss_cls: 0.3850, loss_bbox: 0.3969, loss_kps: 0.0000, loss: 0.7818
2026-09-03 17:41:27,972 - mmdet - INFO - Epoch [18][1250/1320]	lr: 1.000e-04, eta: 0:49:49, time: 0.646, data_time: 0.149, memory: 16873, loss_cls: 0.3877, loss_bbox: 0.3920, loss_kps: 0.0000, loss: 0.7797
2026-09-03 17:41:59,569 - mmdet - INFO - Epoch [18][1300/1320]	lr: 1.000e-04, eta: 0:48:51, time: 0.632, data_time: 0.139, memory: 16873, loss_cls: 0.3859, loss_bbox: 0.3940, loss_kps: 0.0000, loss: 0.7799
2026-09-03 17:42:12,190 - mmdet - INFO - Saving checkpoint at 18 epochs
2026-09-03 17:42:57,186 - mmdet - INFO - Epoch [19][50/1320]	lr: 1.000e-05, eta: 0:47:31, time: 0.890, data_time: 0.366, memory: 16873, loss_cls: 0.3616, loss_bbox: 0.3785, loss_kps: 0.0000, loss: 0.7400
2026-09-03 17:43:33,145 - mmdet - INFO - Epoch [19][100/1320]	lr: 1.000e-05, eta: 0:46:33, time: 0.719, data_time: 0.172, memory: 16873, loss_cls: 0.3954, loss_bbox: 0.3865, loss_kps: 0.0000, loss: 0.7819
2026-09-03 17:44:10,309 - mmdet - INFO - Epoch [19][150/1320]	lr: 1.000e-05, eta: 0:45:37, time: 0.743, data_time: 0.194, memory: 16873, loss_cls: 0.3763, loss_bbox: 0.3862, loss_kps: 0.0000, loss: 0.7625
2026-09-03 17:44:46,451 - mmdet - INFO - Epoch [19][200/1320]	lr: 1.000e-05, eta: 0:44:40, time: 0.723, data_time: 0.174, memory: 16873, loss_cls: 0.3722, loss_bbox: 0.3768, loss_kps: 0.0000, loss: 0.7491
2026-09-03 17:45:22,590 - mmdet - INFO - Epoch [19][250/1320]	lr: 1.000e-05, eta: 0:43:43, time: 0.723, data_time: 0.174, memory: 16873, loss_cls: 0.3784, loss_bbox: 0.3908, loss_kps: 0.0000, loss: 0.7692
2026-09-03 17:45:59,167 - mmdet - INFO - Epoch [19][300/1320]	lr: 1.000e-05, eta: 0:42:46, time: 0.732, data_time: 0.176, memory: 16873, loss_cls: 0.3970, loss_bbox: 0.3967, loss_kps: 0.0000, loss: 0.7937
2026-09-03 17:46:35,444 - mmdet - INFO - Epoch [19][350/1320]	lr: 1.000e-05, eta: 0:41:50, time: 0.725, data_time: 0.169, memory: 16873, loss_cls: 0.3845, loss_bbox: 0.3772, loss_kps: 0.0000, loss: 0.7618
2026-09-03 17:47:13,895 - mmdet - INFO - Epoch [19][400/1320]	lr: 1.000e-05, eta: 0:40:53, time: 0.769, data_time: 0.180, memory: 16873, loss_cls: 0.3820, loss_bbox: 0.3877, loss_kps: 0.0000, loss: 0.7697
2026-09-03 17:47:49,386 - mmdet - INFO - Epoch [19][450/1320]	lr: 1.000e-05, eta: 0:39:57, time: 0.710, data_time: 0.165, memory: 16873, loss_cls: 0.3830, loss_bbox: 0.3867, loss_kps: 0.0000, loss: 0.7697
2026-09-03 17:48:21,386 - mmdet - INFO - Epoch [19][500/1320]	lr: 1.000e-05, eta: 0:39:00, time: 0.640, data_time: 0.137, memory: 16873, loss_cls: 0.3854, loss_bbox: 0.3871, loss_kps: 0.0000, loss: 0.7725
2026-09-03 17:48:53,778 - mmdet - INFO - Epoch [19][550/1320]	lr: 1.000e-05, eta: 0:38:03, time: 0.648, data_time: 0.146, memory: 16873, loss_cls: 0.3736, loss_bbox: 0.3898, loss_kps: 0.0000, loss: 0.7633
2026-09-03 17:49:26,654 - mmdet - INFO - Epoch [19][600/1320]	lr: 1.000e-05, eta: 0:37:07, time: 0.658, data_time: 0.149, memory: 16873, loss_cls: 0.3796, loss_bbox: 0.3812, loss_kps: 0.0000, loss: 0.7608
2026-09-03 17:49:58,922 - mmdet - INFO - Epoch [19][650/1320]	lr: 1.000e-05, eta: 0:36:11, time: 0.645, data_time: 0.137, memory: 16873, loss_cls: 0.3920, loss_bbox: 0.3924, loss_kps: 0.0000, loss: 0.7844
2026-09-03 17:50:30,980 - mmdet - INFO - Epoch [19][700/1320]	lr: 1.000e-05, eta: 0:35:14, time: 0.641, data_time: 0.137, memory: 16873, loss_cls: 0.3899, loss_bbox: 0.3876, loss_kps: 0.0000, loss: 0.7775
2026-09-03 17:51:05,975 - mmdet - INFO - Epoch [19][750/1320]	lr: 1.000e-05, eta: 0:34:18, time: 0.700, data_time: 0.162, memory: 16873, loss_cls: 0.3886, loss_bbox: 0.3862, loss_kps: 0.0000, loss: 0.7748
2026-09-03 17:51:38,468 - mmdet - INFO - Epoch [19][800/1320]	lr: 1.000e-05, eta: 0:33:22, time: 0.650, data_time: 0.138, memory: 16873, loss_cls: 0.3940, loss_bbox: 0.3889, loss_kps: 0.0000, loss: 0.7829
2026-09-03 18:05:03,961 - mmdet - INFO - Epoch [19][850/1320]	lr: 1.000e-05, eta: 0:33:22, time: 16.110, data_time: 15.589, memory: 16873, loss_cls: 0.3888, loss_bbox: 0.3879, loss_kps: 0.0000, loss: 0.7767
2026-09-03 18:05:36,414 - mmdet - INFO - Epoch [19][900/1320]	lr: 1.000e-05, eta: 0:32:25, time: 0.649, data_time: 0.139, memory: 16873, loss_cls: 0.3791, loss_bbox: 0.3877, loss_kps: 0.0000, loss: 0.7669
2026-09-03 18:06:07,912 - mmdet - INFO - Epoch [19][950/1320]	lr: 1.000e-05, eta: 0:31:27, time: 0.630, data_time: 0.135, memory: 16873, loss_cls: 0.3811, loss_bbox: 0.3951, loss_kps: 0.0000, loss: 0.7762
2026-09-03 18:06:39,609 - mmdet - INFO - Epoch [19][1000/1320]	lr: 1.000e-05, eta: 0:30:30, time: 0.634, data_time: 0.139, memory: 16873, loss_cls: 0.3776, loss_bbox: 0.3868, loss_kps: 0.0000, loss: 0.7644
2026-09-03 18:07:11,986 - mmdet - INFO - Epoch [19][1050/1320]	lr: 1.000e-05, eta: 0:29:32, time: 0.647, data_time: 0.150, memory: 16873, loss_cls: 0.3923, loss_bbox: 0.3976, loss_kps: 0.0000, loss: 0.7898
2026-09-03 18:07:44,379 - mmdet - INFO - Epoch [19][1100/1320]	lr: 1.000e-05, eta: 0:28:35, time: 0.648, data_time: 0.150, memory: 16873, loss_cls: 0.3852, loss_bbox: 0.3946, loss_kps: 0.0000, loss: 0.7798
2026-09-03 18:08:16,153 - mmdet - INFO - Epoch [19][1150/1320]	lr: 1.000e-05, eta: 0:27:38, time: 0.635, data_time: 0.136, memory: 16873, loss_cls: 0.3850, loss_bbox: 0.3928, loss_kps: 0.0000, loss: 0.7779
2026-09-03 18:08:48,614 - mmdet - INFO - Epoch [19][1200/1320]	lr: 1.000e-05, eta: 0:26:41, time: 0.649, data_time: 0.143, memory: 16873, loss_cls: 0.3833, loss_bbox: 0.3890, loss_kps: 0.0000, loss: 0.7723
2026-09-03 18:09:20,267 - mmdet - INFO - Epoch [19][1250/1320]	lr: 1.000e-05, eta: 0:25:44, time: 0.633, data_time: 0.134, memory: 16873, loss_cls: 0.3871, loss_bbox: 0.3939, loss_kps: 0.0000, loss: 0.7809
2026-09-03 18:09:52,548 - mmdet - INFO - Epoch [19][1300/1320]	lr: 1.000e-05, eta: 0:24:47, time: 0.646, data_time: 0.141, memory: 16873, loss_cls: 0.3923, loss_bbox: 0.4090, loss_kps: 0.0000, loss: 0.8013
2026-09-03 18:10:05,434 - mmdet - INFO - Saving checkpoint at 19 epochs
2026-09-03 18:10:52,121 - mmdet - INFO - Epoch [20][50/1320]	lr: 1.000e-05, eta: 0:23:28, time: 0.925, data_time: 0.387, memory: 16873, loss_cls: 0.3970, loss_bbox: 0.3958, loss_kps: 0.0000, loss: 0.7928
2026-09-03 18:11:26,211 - mmdet - INFO - Epoch [20][100/1320]	lr: 1.000e-05, eta: 0:22:32, time: 0.681, data_time: 0.156, memory: 16873, loss_cls: 0.3645, loss_bbox: 0.3796, loss_kps: 0.0000, loss: 0.7441
2026-09-03 18:12:01,669 - mmdet - INFO - Epoch [20][150/1320]	lr: 1.000e-05, eta: 0:21:35, time: 0.709, data_time: 0.157, memory: 16873, loss_cls: 0.3811, loss_bbox: 0.3854, loss_kps: 0.0000, loss: 0.7666
2026-09-03 18:12:35,196 - mmdet - INFO - Epoch [20][200/1320]	lr: 1.000e-05, eta: 0:20:39, time: 0.671, data_time: 0.152, memory: 16873, loss_cls: 0.4079, loss_bbox: 0.3906, loss_kps: 0.0000, loss: 0.7985
2026-09-03 18:13:09,473 - mmdet - INFO - Epoch [20][250/1320]	lr: 1.000e-05, eta: 0:19:43, time: 0.685, data_time: 0.168, memory: 16873, loss_cls: 0.3814, loss_bbox: 0.3960, loss_kps: 0.0000, loss: 0.7774
2026-09-03 18:13:42,822 - mmdet - INFO - Epoch [20][300/1320]	lr: 1.000e-05, eta: 0:18:46, time: 0.667, data_time: 0.152, memory: 16873, loss_cls: 0.3949, loss_bbox: 0.3949, loss_kps: 0.0000, loss: 0.7898
2026-09-03 18:14:17,170 - mmdet - INFO - Epoch [20][350/1320]	lr: 1.000e-05, eta: 0:17:50, time: 0.687, data_time: 0.154, memory: 16873, loss_cls: 0.3770, loss_bbox: 0.3918, loss_kps: 0.0000, loss: 0.7688
2026-09-03 18:14:51,638 - mmdet - INFO - Epoch [20][400/1320]	lr: 1.000e-05, eta: 0:16:54, time: 0.689, data_time: 0.164, memory: 16873, loss_cls: 0.3801, loss_bbox: 0.3882, loss_kps: 0.0000, loss: 0.7683
2026-09-03 18:15:34,553 - mmdet - INFO - Epoch [20][450/1320]	lr: 1.000e-05, eta: 0:15:59, time: 0.858, data_time: 0.331, memory: 16873, loss_cls: 0.3742, loss_bbox: 0.3827, loss_kps: 0.0000, loss: 0.7569
2026-09-03 18:17:11,456 - mmdet - INFO - Epoch [20][500/1320]	lr: 1.000e-05, eta: 0:15:05, time: 1.938, data_time: 1.361, memory: 16873, loss_cls: 0.4007, loss_bbox: 0.3907, loss_kps: 0.0000, loss: 0.7914
2026-09-03 18:18:06,265 - mmdet - INFO - Epoch [20][550/1320]	lr: 1.000e-05, eta: 0:14:10, time: 1.096, data_time: 0.566, memory: 16873, loss_cls: 0.3748, loss_bbox: 0.3948, loss_kps: 0.0000, loss: 0.7696
2026-09-03 18:19:03,631 - mmdet - INFO - Epoch [20][600/1320]	lr: 1.000e-05, eta: 0:13:15, time: 1.147, data_time: 0.631, memory: 16873, loss_cls: 0.3711, loss_bbox: 0.3788, loss_kps: 0.0000, loss: 0.7498
2026-09-03 18:19:42,585 - mmdet - INFO - Epoch [20][650/1320]	lr: 1.000e-05, eta: 0:12:19, time: 0.779, data_time: 0.194, memory: 16873, loss_cls: 0.3915, loss_bbox: 0.3824, loss_kps: 0.0000, loss: 0.7738
2026-09-03 18:20:17,633 - mmdet - INFO - Epoch [20][700/1320]	lr: 1.000e-05, eta: 0:11:23, time: 0.701, data_time: 0.169, memory: 16873, loss_cls: 0.3872, loss_bbox: 0.3845, loss_kps: 0.0000, loss: 0.7717
2026-09-03 18:20:51,819 - mmdet - INFO - Epoch [20][750/1320]	lr: 1.000e-05, eta: 0:10:28, time: 0.684, data_time: 0.158, memory: 16873, loss_cls: 0.3957, loss_bbox: 0.3840, loss_kps: 0.0000, loss: 0.7797
2026-09-03 18:21:26,464 - mmdet - INFO - Epoch [20][800/1320]	lr: 1.000e-05, eta: 0:09:32, time: 0.693, data_time: 0.166, memory: 16873, loss_cls: 0.3762, loss_bbox: 0.3959, loss_kps: 0.0000, loss: 0.7722
2026-09-03 18:22:01,231 - mmdet - INFO - Epoch [20][850/1320]	lr: 1.000e-05, eta: 0:08:37, time: 0.695, data_time: 0.174, memory: 16873, loss_cls: 0.3834, loss_bbox: 0.3930, loss_kps: 0.0000, loss: 0.7764
2026-09-03 18:22:35,484 - mmdet - INFO - Epoch [20][900/1320]	lr: 1.000e-05, eta: 0:07:41, time: 0.685, data_time: 0.165, memory: 16873, loss_cls: 0.3803, loss_bbox: 0.3871, loss_kps: 0.0000, loss: 0.7674
2026-09-03 18:23:12,340 - mmdet - INFO - Epoch [20][950/1320]	lr: 1.000e-05, eta: 0:06:46, time: 0.737, data_time: 0.180, memory: 16873, loss_cls: 0.3801, loss_bbox: 0.3850, loss_kps: 0.0000, loss: 0.7651
2026-09-03 18:26:39,871 - mmdet - INFO - Epoch [20][1000/1320]	lr: 1.000e-05, eta: 0:05:53, time: 4.151, data_time: 3.617, memory: 16873, loss_cls: 0.3797, loss_bbox: 0.3900, loss_kps: 0.0000, loss: 0.7698
2026-09-03 18:27:15,221 - mmdet - INFO - Epoch [20][1050/1320]	lr: 1.000e-05, eta: 0:04:58, time: 0.707, data_time: 0.160, memory: 16873, loss_cls: 0.3853, loss_bbox: 0.3868, loss_kps: 0.0000, loss: 0.7721
2026-09-03 18:27:49,188 - mmdet - INFO - Epoch [20][1100/1320]	lr: 1.000e-05, eta: 0:04:02, time: 0.679, data_time: 0.167, memory: 16873, loss_cls: 0.3878, loss_bbox: 0.3918, loss_kps: 0.0000, loss: 0.7797
2026-09-03 18:28:22,011 - mmdet - INFO - Epoch [20][1150/1320]	lr: 1.000e-05, eta: 0:03:07, time: 0.656, data_time: 0.144, memory: 16873, loss_cls: 0.3809, loss_bbox: 0.3909, loss_kps: 0.0000, loss: 0.7717
2026-09-03 18:28:55,348 - mmdet - INFO - Epoch [20][1200/1320]	lr: 1.000e-05, eta: 0:02:12, time: 0.667, data_time: 0.155, memory: 16873, loss_cls: 0.3812, loss_bbox: 0.3874, loss_kps: 0.0000, loss: 0.7686
2026-09-03 18:29:28,294 - mmdet - INFO - Epoch [20][1250/1320]	lr: 1.000e-05, eta: 0:01:17, time: 0.659, data_time: 0.156, memory: 16873, loss_cls: 0.3687, loss_bbox: 0.3965, loss_kps: 0.0000, loss: 0.7652
2026-09-03 18:30:02,933 - mmdet - INFO - Epoch [20][1300/1320]	lr: 1.000e-05, eta: 0:00:22, time: 0.693, data_time: 0.161, memory: 16873, loss_cls: 0.4012, loss_bbox: 0.3957, loss_kps: 0.0000, loss: 0.7969
2026-09-03 18:30:15,688 - mmdet - INFO - Saving checkpoint at 20 epochs
