2026-09-22 07:46:26,655 - mmdet - INFO - Environment info:
------------------------------------------------------------
sys.platform: linux
Python: 3.12.3 (main, Aug 31 2026, 10:18:26) [GCC 13.3.0]
CUDA available: True
GPU 0,1: NVIDIA GeForce RTX 5090
CUDA_HOME: /usr/local/cuda
NVCC: Build cuda_13.0.r13.0/compiler.36424714_0
GCC: gcc (Ubuntu 13.3.0-6ubuntu2~24.04.1) 13.3.0
PyTorch: 2.13.0+cu130
PyTorch compiling details: PyTorch built with:
  - GCC 13.3
  - C++ Version: 202002
  - Intel(R) oneAPI Math Kernel Library Version 2024.2-Product Build 20240605 for Intel(R) 64 architecture applications
  - Intel(R) MKL-DNN v3.12.0 (Git Hash 80afa71049cd69a3df32adcccb623b12cd7baa22)
  - OpenMP 201511 (a.k.a. OpenMP 4.5)
  - LAPACK is enabled (usually provided by MKL)
  - NNPACK is enabled
  - CPU capability usage: AVX512
  - CUDA Runtime 13.0
  - NVCC architecture flags: -gencode;arch=compute_75,code=sm_75;-gencode;arch=compute_80,code=sm_80;-gencode;arch=compute_86,code=sm_86;-gencode;arch=compute_90,code=sm_90;-gencode;arch=compute_100,code=sm_100;-gencode;arch=compute_120,code=sm_120
  - CuDNN 92.0  (built against CUDA 13.2)
  - Magma 2.6.1
  - Build settings: BLAS_INFO=mkl, BUILD_TYPE=Release, COMMIT_SHA=cf30153c4c131c8164ee7798e5022d810682e2cb, CUDA_FLAGS= -DLIBCUDACXX_ENABLE_SIMPLIFIED_COMPLEX_OPERATIONS -Xfatbin -compress-all -DONNX_NAMESPACE=onnx_torch -gencode arch=compute_75,code=sm_75 -gencode arch=compute_80,code=sm_80 -gencode arch=compute_86,code=sm_86 -gencode arch=compute_90,code=sm_90 -gencode arch=compute_100,code=sm_100 -gencode arch=compute_120,code=sm_120 -Xcudafe --diag_suppress=cc_clobber_ignored,--diag_suppress=field_without_dll_interface,--diag_suppress=base_class_has_different_dll_interface,--diag_suppress=dll_interface_conflict_none_assumed,--diag_suppress=dll_interface_conflict_dllexport_assumed,--diag_suppress=bad_friend_decl --expt-relaxed-constexpr --expt-extended-lambda -Xfatbin -compress-all --threads 2 -compress-mode=size -Wno-deprecated-gpu-targets --expt-extended-lambda -DCUB_WRAPPED_NAMESPACE=at_cuda_detail -DDISABLE_CUSPARSE_DEPRECATED -DCUDA_HAS_FP16=1 -D__CUDA_NO_HALF_OPERATORS__ -D__CUDA_NO_HALF_CONVERSIONS__ -D__CUDA_NO_HALF2_OPERATORS__ -D__CUDA_NO_BFLOAT16_CONVERSIONS__ -DC10_NODEPRECATED, CUDA_VERSION=13.0, CUDNN_VERSION=9.20.0, CXX_COMPILER=/opt/rh/gcc-toolset-13/root/usr/bin/c++, CXX_FLAGS= -fvisibility-inlines-hidden -DUSE_PTHREADPOOL -DNDEBUG -DUSE_KINETO -DHAS_CUPTI -DUSE_FBGEMM -DUSE_MSLK -DUSE_PYTORCH_QNNPACK -DSYMBOLICATE_MOBILE_DEBUG_HANDLE -O2 -fPIC -DC10_NODEPRECATED -Wall -Wextra -Werror=return-type -Werror=non-virtual-dtor -Werror=range-loop-construct -Werror=bool-operation -Wnarrowing -Wno-missing-field-initializers -Wno-unknown-pragmas -Wno-unused-parameter -Wno-strict-overflow -Wno-strict-aliasing -Wno-stringop-overflow -Wsuggest-override -Wno-psabi -Wno-error=old-style-cast -faligned-new -Wno-maybe-uninitialized -fno-math-errno -fno-trapping-math -Werror=format -Wno-dangling-reference -Wno-error=dangling-reference -Wno-stringop-overflow, LAPACK_INFO=mkl, PERF_WITH_AVX=1, PERF_WITH_AVX2=1, TORCH_VERSION=2.13.0, USE_CUDA=1, USE_CUDNN=ON, USE_CUSPARSELT=1, USE_GFLAGS=OFF, USE_GLOG=OFF, USE_GLOO=ON, USE_MKL=ON, USE_MKLDNN=ON, USE_MPI=OFF, USE_NCCL=ON, USE_NNPACK=ON, USE_OPENMP=ON, USE_ROCM=OFF, USE_ROCM_KERNEL_ASSERT=OFF, USE_XCCL=OFF, USE_XPU=OFF, 

TorchVision: 0.28.0+cu130
OpenCV: 4.11.0
MMCV: 1.4.0
MMCV Compiler: n/a (scrfd_shim: mmcv compiled without ops)
MMCV CUDA Compiler: n/a (scrfd_shim: mmcv compiled without ops)
MMDetection: 2.7.0+
------------------------------------------------------------

2026-09-22 07:46:26,929 - mmdet - INFO - Distributed training: True
2026-09-22 07:46:27,029 - mmdet - INFO - Config:
optimizer = dict(type='SGD', lr=0.001, momentum=0.9, weight_decay=0.0005)
optimizer_config = dict(grad_clip=None)
lr_mult = 8
lr_config = dict(
    policy='step',
    warmup='linear',
    warmup_iters=500,
    warmup_ratio=0.001,
    step=[21, 27])
total_epochs = 30
checkpoint_config = dict(interval=1)
log_config = dict(interval=50, hooks=[dict(type='TextLoggerHook')])
dist_params = dict(backend='nccl')
log_level = 'INFO'
load_from = '/data/esteban/pii/weights/armW_epoch_20.pth'
resume_from = None
workflow = [('train', 1)]
dataset_type = 'RetinaFaceDataset'
data_root = 'data/retinaface/'
train_root = 'data/retinaface/train/'
val_root = 'data/retinaface/val/'
img_norm_cfg = dict(
    mean=[127.5, 127.5, 127.5], std=[128.0, 128.0, 128.0], to_rgb=True)
train_pipeline = [
    dict(type='LoadImageFromFile', to_float32=True),
    dict(type='LoadAnnotations', with_bbox=True, with_keypoints=True),
    dict(
        type='RandomSquareCrop',
        crop_choice=[0.3, 0.45, 0.6, 0.8, 1.0, 1.2, 1.4, 1.6, 1.8, 2.0],
        bbox_clip_border=False),
    dict(
        type='Resize',
        img_scale=(640, 640),
        keep_ratio=False,
        bbox_clip_border=False),
    dict(type='RandomFlip', flip_ratio=0.5),
    dict(
        type='PhotoMetricDistortion',
        brightness_delta=32,
        contrast_range=(0.5, 1.5),
        saturation_range=(0.5, 1.5),
        hue_delta=18),
    dict(
        type='Normalize',
        mean=[127.5, 127.5, 127.5],
        std=[128.0, 128.0, 128.0],
        to_rgb=True),
    dict(type='DefaultFormatBundle'),
    dict(
        type='Collect',
        keys=[
            'img', 'gt_bboxes', 'gt_labels', 'gt_bboxes_ignore',
            'gt_keypointss'
        ])
]
test_pipeline = [
    dict(type='LoadImageFromFile'),
    dict(
        type='MultiScaleFlipAug',
        img_scale=(640, 640),
        flip=False,
        transforms=[
            dict(type='Resize', keep_ratio=True),
            dict(type='RandomFlip', flip_ratio=0.0),
            dict(
                type='Normalize',
                mean=[127.5, 127.5, 127.5],
                std=[128.0, 128.0, 128.0],
                to_rgb=True),
            dict(type='Pad', size=(640, 640), pad_val=0),
            dict(type='ImageToTensor', keys=['img']),
            dict(type='Collect', keys=['img'])
        ])
]
data = dict(
    samples_per_gpu=32,
    workers_per_gpu=16,
    train=dict(
        type='RetinaFaceDataset',
        ann_file='data/mix_ds/train_Z3.txt',
        img_prefix='data/mix_ds/images/',
        pipeline=[
            dict(type='LoadImageFromFile', to_float32=True),
            dict(type='LoadAnnotations', with_bbox=True, with_keypoints=True),
            dict(
                type='RandomSquareCrop',
                crop_choice=[
                    0.3, 0.45, 0.6, 0.8, 1.0, 1.2, 1.4, 1.6, 1.8, 2.0
                ],
                bbox_clip_border=False),
            dict(
                type='Resize',
                img_scale=(640, 640),
                keep_ratio=False,
                bbox_clip_border=False),
            dict(type='RandomFlip', flip_ratio=0.5),
            dict(
                type='PhotoMetricDistortion',
                brightness_delta=32,
                contrast_range=(0.5, 1.5),
                saturation_range=(0.5, 1.5),
                hue_delta=18),
            dict(
                type='Normalize',
                mean=[127.5, 127.5, 127.5],
                std=[128.0, 128.0, 128.0],
                to_rgb=True),
            dict(type='DefaultFormatBundle'),
            dict(
                type='Collect',
                keys=[
                    'img', 'gt_bboxes', 'gt_labels', 'gt_bboxes_ignore',
                    'gt_keypointss'
                ])
        ]),
    val=dict(
        type='RetinaFaceDataset',
        ann_file='/data/liangzhenghao/face_pii/raw_ds/val/labelv2.txt',
        img_prefix='/data/liangzhenghao/face_pii/raw_ds/images/',
        pipeline=[
            dict(type='LoadImageFromFile'),
            dict(
                type='MultiScaleFlipAug',
                img_scale=(640, 640),
                flip=False,
                transforms=[
                    dict(type='Resize', keep_ratio=True),
                    dict(type='RandomFlip', flip_ratio=0.0),
                    dict(
                        type='Normalize',
                        mean=[127.5, 127.5, 127.5],
                        std=[128.0, 128.0, 128.0],
                        to_rgb=True),
                    dict(type='Pad', size=(640, 640), pad_val=0),
                    dict(type='ImageToTensor', keys=['img']),
                    dict(type='Collect', keys=['img'])
                ])
        ]),
    test=dict(
        type='RetinaFaceDataset',
        ann_file='/data/liangzhenghao/face_pii/raw_ds/val/labelv2.txt',
        img_prefix='/data/liangzhenghao/face_pii/raw_ds/images/',
        pipeline=[
            dict(type='LoadImageFromFile'),
            dict(
                type='MultiScaleFlipAug',
                img_scale=(640, 640),
                flip=False,
                transforms=[
                    dict(type='Resize', keep_ratio=True),
                    dict(type='RandomFlip', flip_ratio=0.0),
                    dict(
                        type='Normalize',
                        mean=[127.5, 127.5, 127.5],
                        std=[128.0, 128.0, 128.0],
                        to_rgb=True),
                    dict(type='Pad', size=(640, 640), pad_val=0),
                    dict(type='ImageToTensor', keys=['img']),
                    dict(type='Collect', keys=['img'])
                ])
        ]))
model = dict(
    type='SCRFD',
    backbone=dict(
        type='ResNetV1e',
        depth=0,
        block_cfg=dict(
            block='BasicBlock',
            stage_blocks=(3, 4, 2, 3),
            stage_planes=[56, 88, 88, 224]),
        base_channels=56,
        num_stages=4,
        out_indices=(0, 1, 2, 3),
        norm_cfg=dict(type='BN', requires_grad=True),
        norm_eval=False,
        style='pytorch'),
    neck=dict(
        type='PAFPN',
        in_channels=[56, 88, 88, 224],
        out_channels=56,
        start_level=1,
        add_extra_convs='on_output',
        num_outs=3),
    bbox_head=dict(
        type='SCRFDHead',
        num_classes=1,
        in_channels=56,
        stacked_convs=3,
        feat_channels=80,
        norm_cfg=dict(type='BN', requires_grad=True),
        cls_reg_share=True,
        strides_share=False,
        scale_mode=2,
        anchor_generator=dict(
            type='AnchorGenerator',
            ratios=[1.0],
            scales=[1, 2],
            base_sizes=[16, 64, 256],
            strides=[8, 16, 32]),
        loss_cls=dict(
            type='QualityFocalLoss',
            use_sigmoid=True,
            beta=2.0,
            loss_weight=1.0),
        loss_dfl=False,
        reg_max=8,
        loss_bbox=dict(type='DIoULoss', loss_weight=2.0),
        use_kps=True,
        loss_kps=dict(
            type='SmoothL1Loss', beta=0.1111111111111111, loss_weight=0.1),
        train_cfg=dict(
            assigner=dict(type='ATSSAssigner', topk=9, ignore_iof_thr=0.5),
            allowed_border=-1,
            pos_weight=-1,
            debug=False,
            neg_weight_zero_prefix='/pii',
            neg_weight_full_substrings=['BTJPSP', 'NQYJPB'],
            neg_weight_pii=0.5,
            qscore='one'),
        test_cfg=dict(
            nms_pre=-1,
            min_bbox_size=0,
            score_thr=0.02,
            nms=dict(type='nms', iou_threshold=0.45),
            max_per_img=-1)))
train_cfg = dict(
    assigner=dict(type='ATSSAssigner', topk=9, ignore_iof_thr=0.5),
    allowed_border=-1,
    pos_weight=-1,
    debug=False,
    neg_weight_zero_prefix='/pii',
    neg_weight_full_substrings=['BTJPSP', 'NQYJPB'],
    neg_weight_pii=0.5,
    qscore='one')
test_cfg = dict(
    nms_pre=-1,
    min_bbox_size=0,
    score_thr=0.02,
    nms=dict(type='nms', iou_threshold=0.45),
    max_per_img=-1)
epoch_multi = 1
evaluation = dict(interval=10000, metric='mAP')
_r = '/data/liangzhenghao/face_pii/raw_ds/'
_m = 'data/mix_ds/'
_assigner = dict(type='ATSSAssigner', topk=9, ignore_iof_thr=0.5)
work_dir = '/data/esteban/pii/runs/train/wd_armAJ'
custom_hooks = [
    dict(
        type='EMAHook', momentum=0.0002, interval=1, warm_up=100, priority=49)
]
gpu_ids = range(0, 2)

2026-09-22 07:46:34,021 - mmdet - INFO - load checkpoint from local path: /data/esteban/pii/weights/armW_epoch_20.pth
2026-09-22 07:46:34,100 - mmdet - INFO - Start running, host: root@iZuf68ekjca1catfdkq4g9Z, work_dir: /data/esteban/pii/runs/train/wd_armAJ
2026-09-22 07:46:34,100 - mmdet - INFO - Hooks will be executed in the following order:
before_run:
(VERY_HIGH   ) StepLrUpdaterHook                  
(49          ) EMAHook                            
(NORMAL      ) CheckpointHook                     
(VERY_LOW    ) TextLoggerHook                     
 -------------------- 
before_train_epoch:
(VERY_HIGH   ) StepLrUpdaterHook                  
(49          ) EMAHook                            
(NORMAL      ) DistSamplerSeedHook                
(LOW         ) IterTimerHook                      
(VERY_LOW    ) TextLoggerHook                     
 -------------------- 
before_train_iter:
(VERY_HIGH   ) StepLrUpdaterHook                  
(LOW         ) IterTimerHook                      
 -------------------- 
after_train_iter:
(ABOVE_NORMAL) OptimizerHook                      
(49          ) EMAHook                            
(NORMAL      ) CheckpointHook                     
(LOW         ) IterTimerHook                      
(VERY_LOW    ) TextLoggerHook                     
 -------------------- 
after_train_epoch:
(49          ) EMAHook                            
(NORMAL      ) CheckpointHook                     
(VERY_LOW    ) TextLoggerHook                     
 -------------------- 
before_val_epoch:
(NORMAL      ) DistSamplerSeedHook                
(LOW         ) IterTimerHook                      
(VERY_LOW    ) TextLoggerHook                     
 -------------------- 
before_val_iter:
(LOW         ) IterTimerHook                      
 -------------------- 
after_val_iter:
(LOW         ) IterTimerHook                      
 -------------------- 
after_val_epoch:
(VERY_LOW    ) TextLoggerHook                     
 -------------------- 
after_run:
(VERY_LOW    ) TextLoggerHook                     
 -------------------- 
2026-09-22 07:46:34,101 - mmdet - INFO - workflow: [('train', 1)], max: 30 epochs
2026-09-22 07:46:34,105 - mmdet - INFO - Checkpoints will be saved to /data/esteban/pii/runs/train/wd_armAJ by HardDiskBackend.
2026-09-22 07:46:54,098 - mmdet - INFO - Epoch [1][50/3488]	lr: 9.890e-05, eta: 11:34:29, time: 0.398, data_time: 0.152, memory: 8019, loss_cls: 0.5255, loss_bbox: 0.3899, loss_kps: 0.0000, loss: 0.9155
2026-09-22 07:47:06,481 - mmdet - INFO - Epoch [1][100/3488]	lr: 1.988e-04, eta: 9:22:56, time: 0.248, data_time: 0.037, memory: 8019, loss_cls: 0.5685, loss_bbox: 0.3997, loss_kps: 0.0000, loss: 0.9682
2026-09-22 07:47:18,932 - mmdet - INFO - Epoch [1][150/3488]	lr: 2.987e-04, eta: 8:39:43, time: 0.249, data_time: 0.036, memory: 8019, loss_cls: 0.5218, loss_bbox: 0.4072, loss_kps: 0.0000, loss: 0.9290
2026-09-22 07:47:31,187 - mmdet - INFO - Epoch [1][200/3488]	lr: 3.986e-04, eta: 8:16:10, time: 0.245, data_time: 0.038, memory: 8019, loss_cls: 0.5138, loss_bbox: 0.4043, loss_kps: 0.0000, loss: 0.9182
2026-09-22 07:47:47,887 - mmdet - INFO - Epoch [1][250/3488]	lr: 4.985e-04, eta: 8:32:38, time: 0.333, data_time: 0.038, memory: 8019, loss_cls: 0.5466, loss_bbox: 0.4154, loss_kps: 0.0000, loss: 0.9620
2026-09-22 07:48:26,691 - mmdet - INFO - Epoch [1][300/3488]	lr: 5.984e-04, eta: 10:52:10, time: 0.777, data_time: 0.035, memory: 8019, loss_cls: 0.5103, loss_bbox: 0.3957, loss_kps: 0.0000, loss: 0.9061
2026-09-22 07:48:58,314 - mmdet - INFO - Epoch [1][350/3488]	lr: 6.983e-04, eta: 11:55:30, time: 0.631, data_time: 0.040, memory: 8019, loss_cls: 0.5151, loss_bbox: 0.3991, loss_kps: 0.0000, loss: 0.9143
2026-09-22 07:49:23,098 - mmdet - INFO - Epoch [1][400/3488]	lr: 7.982e-04, eta: 12:13:40, time: 0.497, data_time: 0.050, memory: 8019, loss_cls: 0.5054, loss_bbox: 0.4055, loss_kps: 0.0000, loss: 0.9108
2026-09-22 07:49:42,833 - mmdet - INFO - Epoch [1][450/3488]	lr: 8.981e-04, eta: 12:07:46, time: 0.393, data_time: 0.047, memory: 8019, loss_cls: 0.5092, loss_bbox: 0.4173, loss_kps: 0.0000, loss: 0.9265
2026-09-22 07:50:21,176 - mmdet - INFO - Epoch [1][500/3488]	lr: 9.980e-04, eta: 13:07:45, time: 0.767, data_time: 0.038, memory: 8019, loss_cls: 0.5057, loss_bbox: 0.4085, loss_kps: 0.0000, loss: 0.9142
2026-09-22 07:51:02,758 - mmdet - INFO - Epoch [1][550/3488]	lr: 1.000e-03, eta: 14:06:58, time: 0.832, data_time: 0.050, memory: 8019, loss_cls: 0.5199, loss_bbox: 0.4131, loss_kps: 0.0000, loss: 0.9330
2026-09-22 07:51:32,699 - mmdet - INFO - Epoch [1][600/3488]	lr: 1.000e-03, eta: 14:22:42, time: 0.600, data_time: 0.079, memory: 8019, loss_cls: 0.5115, loss_bbox: 0.3998, loss_kps: 0.0000, loss: 0.9113
2026-09-22 07:51:55,812 - mmdet - INFO - Epoch [1][650/3488]	lr: 1.000e-03, eta: 14:17:26, time: 0.461, data_time: 0.043, memory: 8019, loss_cls: 0.4948, loss_bbox: 0.4019, loss_kps: 0.0000, loss: 0.8967
2026-09-22 07:52:32,430 - mmdet - INFO - Epoch [1][700/3488]	lr: 1.000e-03, eta: 14:46:26, time: 0.732, data_time: 0.059, memory: 8019, loss_cls: 0.5048, loss_bbox: 0.4149, loss_kps: 0.0000, loss: 0.9197
2026-09-22 07:53:11,578 - mmdet - INFO - Epoch [1][750/3488]	lr: 1.000e-03, eta: 15:17:21, time: 0.783, data_time: 0.080, memory: 8019, loss_cls: 0.5066, loss_bbox: 0.4010, loss_kps: 0.0000, loss: 0.9076
2026-09-22 07:53:38,180 - mmdet - INFO - Epoch [1][800/3488]	lr: 1.000e-03, eta: 15:17:15, time: 0.533, data_time: 0.074, memory: 8019, loss_cls: 0.5066, loss_bbox: 0.4089, loss_kps: 0.0000, loss: 0.9154
2026-09-22 07:53:55,111 - mmdet - INFO - Epoch [1][850/3488]	lr: 1.000e-03, eta: 14:57:22, time: 0.339, data_time: 0.051, memory: 8019, loss_cls: 0.5035, loss_bbox: 0.4085, loss_kps: 0.0000, loss: 0.9120
2026-09-22 07:54:13,835 - mmdet - INFO - Epoch [1][900/3488]	lr: 1.000e-03, eta: 14:43:03, time: 0.374, data_time: 0.062, memory: 8019, loss_cls: 0.5110, loss_bbox: 0.4077, loss_kps: 0.0000, loss: 0.9187
2026-09-22 07:54:30,234 - mmdet - INFO - Epoch [1][950/3488]	lr: 1.000e-03, eta: 14:26:01, time: 0.328, data_time: 0.056, memory: 8019, loss_cls: 0.4918, loss_bbox: 0.4112, loss_kps: 0.0000, loss: 0.9031
2026-09-22 07:55:17,118 - mmdet - INFO - Exp name: scrfd_armAJ.py
2026-09-22 07:55:17,118 - mmdet - INFO - Epoch [1][1000/3488]	lr: 1.000e-03, eta: 15:03:08, time: 0.936, data_time: 0.077, memory: 8019, loss_cls: 0.5022, loss_bbox: 0.4034, loss_kps: 0.0000, loss: 0.9056
2026-09-22 07:56:06,364 - mmdet - INFO - Epoch [1][1050/3488]	lr: 1.000e-03, eta: 15:40:43, time: 0.985, data_time: 0.079, memory: 8019, loss_cls: 0.4741, loss_bbox: 0.4043, loss_kps: 0.0000, loss: 0.8783
2026-09-22 07:56:50,120 - mmdet - INFO - Epoch [1][1100/3488]	lr: 1.000e-03, eta: 16:06:16, time: 0.876, data_time: 0.069, memory: 8019, loss_cls: 0.4774, loss_bbox: 0.4043, loss_kps: 0.0000, loss: 0.8817
2026-09-22 07:57:20,814 - mmdet - INFO - Epoch [1][1150/3488]	lr: 1.000e-03, eta: 16:09:39, time: 0.611, data_time: 0.082, memory: 8019, loss_cls: 0.4973, loss_bbox: 0.4060, loss_kps: 0.0000, loss: 0.9032
2026-09-22 07:58:17,284 - mmdet - INFO - Epoch [1][1200/3488]	lr: 1.000e-03, eta: 16:50:02, time: 1.131, data_time: 0.081, memory: 8019, loss_cls: 0.4975, loss_bbox: 0.4144, loss_kps: 0.0000, loss: 0.9119
2026-09-22 07:59:16,520 - mmdet - INFO - Epoch [1][1250/3488]	lr: 1.000e-03, eta: 17:30:53, time: 1.186, data_time: 0.087, memory: 8019, loss_cls: 0.4850, loss_bbox: 0.4171, loss_kps: 0.0000, loss: 0.9021
2026-09-22 07:59:34,588 - mmdet - INFO - Epoch [1][1300/3488]	lr: 1.000e-03, eta: 17:13:56, time: 0.362, data_time: 0.056, memory: 8019, loss_cls: 0.5042, loss_bbox: 0.4191, loss_kps: 0.0000, loss: 0.9233
2026-09-22 08:00:29,485 - mmdet - INFO - Epoch [1][1350/3488]	lr: 1.000e-03, eta: 17:45:07, time: 1.097, data_time: 0.074, memory: 8019, loss_cls: 0.5073, loss_bbox: 0.4126, loss_kps: 0.0000, loss: 0.9199
2026-09-22 08:01:16,898 - mmdet - INFO - Epoch [1][1400/3488]	lr: 1.000e-03, eta: 18:04:46, time: 0.947, data_time: 0.085, memory: 8019, loss_cls: 0.5076, loss_bbox: 0.4029, loss_kps: 0.0000, loss: 0.9105
2026-09-22 08:02:10,053 - mmdet - INFO - Epoch [1][1450/3488]	lr: 1.000e-03, eta: 18:30:02, time: 1.065, data_time: 0.075, memory: 8019, loss_cls: 0.5045, loss_bbox: 0.4072, loss_kps: 0.0000, loss: 0.9117
2026-09-22 08:02:44,152 - mmdet - INFO - Epoch [1][1500/3488]	lr: 1.000e-03, eta: 18:31:29, time: 0.680, data_time: 0.088, memory: 8019, loss_cls: 0.4788, loss_bbox: 0.4061, loss_kps: 0.0000, loss: 0.8848
2026-09-22 08:03:34,822 - mmdet - INFO - Epoch [1][1550/3488]	lr: 1.000e-03, eta: 18:51:17, time: 1.014, data_time: 0.044, memory: 8019, loss_cls: 0.5061, loss_bbox: 0.4043, loss_kps: 0.0000, loss: 0.9104
2026-09-22 08:04:17,179 - mmdet - INFO - Epoch [1][1600/3488]	lr: 1.000e-03, eta: 19:00:50, time: 0.847, data_time: 0.029, memory: 8019, loss_cls: 0.5013, loss_bbox: 0.4156, loss_kps: 0.0000, loss: 0.9169
2026-09-22 08:04:59,953 - mmdet - INFO - Epoch [1][1650/3488]	lr: 1.000e-03, eta: 19:10:16, time: 0.856, data_time: 0.031, memory: 8019, loss_cls: 0.5090, loss_bbox: 0.4106, loss_kps: 0.0000, loss: 0.9196
2026-09-22 08:05:14,373 - mmdet - INFO - Epoch [1][1700/3488]	lr: 1.000e-03, eta: 18:50:30, time: 0.290, data_time: 0.037, memory: 8019, loss_cls: 0.4855, loss_bbox: 0.4085, loss_kps: 0.0000, loss: 0.8940
2026-09-22 08:05:27,152 - mmdet - INFO - Epoch [1][1750/3488]	lr: 1.000e-03, eta: 18:30:11, time: 0.256, data_time: 0.038, memory: 8019, loss_cls: 0.4954, loss_bbox: 0.4172, loss_kps: 0.0000, loss: 0.9126
2026-09-22 08:06:12,128 - mmdet - INFO - Epoch [1][1800/3488]	lr: 1.000e-03, eta: 18:41:34, time: 0.898, data_time: 0.030, memory: 8019, loss_cls: 0.4959, loss_bbox: 0.4126, loss_kps: 0.0000, loss: 0.9085
2026-09-22 08:06:48,956 - mmdet - INFO - Epoch [1][1850/3488]	lr: 1.000e-03, eta: 18:44:50, time: 0.737, data_time: 0.033, memory: 8019, loss_cls: 0.4982, loss_bbox: 0.4021, loss_kps: 0.0000, loss: 0.9002
2026-09-22 08:07:35,112 - mmdet - INFO - Epoch [1][1900/3488]	lr: 1.000e-03, eta: 18:56:18, time: 0.923, data_time: 0.032, memory: 8019, loss_cls: 0.4997, loss_bbox: 0.4088, loss_kps: 0.0000, loss: 0.9085
2026-09-22 08:08:04,564 - mmdet - INFO - Epoch [1][1950/3488]	lr: 1.000e-03, eta: 18:52:33, time: 0.591, data_time: 0.034, memory: 8019, loss_cls: 0.4813, loss_bbox: 0.4010, loss_kps: 0.0000, loss: 0.8822
2026-09-22 08:08:17,368 - mmdet - INFO - Exp name: scrfd_armAJ.py
2026-09-22 08:08:17,368 - mmdet - INFO - Epoch [1][2000/3488]	lr: 1.000e-03, eta: 18:34:39, time: 0.256, data_time: 0.039, memory: 8019, loss_cls: 0.4803, loss_bbox: 0.3979, loss_kps: 0.0000, loss: 0.8782
2026-09-22 08:08:44,024 - mmdet - INFO - Epoch [1][2050/3488]	lr: 1.000e-03, eta: 18:29:05, time: 0.531, data_time: 0.035, memory: 8019, loss_cls: 0.4763, loss_bbox: 0.3973, loss_kps: 0.0000, loss: 0.8736
2026-09-22 08:09:35,352 - mmdet - INFO - Epoch [1][2100/3488]	lr: 1.000e-03, eta: 18:43:55, time: 1.026, data_time: 0.030, memory: 8019, loss_cls: 0.4857, loss_bbox: 0.4062, loss_kps: 0.0000, loss: 0.8919
2026-09-22 08:10:19,071 - mmdet - INFO - Epoch [1][2150/3488]	lr: 1.000e-03, eta: 18:52:00, time: 0.875, data_time: 0.039, memory: 8019, loss_cls: 0.4716, loss_bbox: 0.4010, loss_kps: 0.0000, loss: 0.8726
2026-09-22 08:10:56,718 - mmdet - INFO - Epoch [1][2200/3488]	lr: 1.000e-03, eta: 18:55:00, time: 0.754, data_time: 0.031, memory: 8019, loss_cls: 0.4799, loss_bbox: 0.4018, loss_kps: 0.0000, loss: 0.8816
2026-09-22 08:11:09,551 - mmdet - INFO - Epoch [1][2250/3488]	lr: 1.000e-03, eta: 18:38:59, time: 0.257, data_time: 0.037, memory: 8019, loss_cls: 0.4886, loss_bbox: 0.4097, loss_kps: 0.0000, loss: 0.8983
2026-09-22 08:11:22,346 - mmdet - INFO - Epoch [1][2300/3488]	lr: 1.000e-03, eta: 18:23:36, time: 0.256, data_time: 0.038, memory: 8019, loss_cls: 0.4975, loss_bbox: 0.4166, loss_kps: 0.0000, loss: 0.9141
2026-09-22 08:12:08,989 - mmdet - INFO - Epoch [1][2350/3488]	lr: 1.000e-03, eta: 18:33:23, time: 0.931, data_time: 0.031, memory: 8019, loss_cls: 0.4973, loss_bbox: 0.4057, loss_kps: 0.0000, loss: 0.9030
2026-09-22 08:12:52,711 - mmdet - INFO - Epoch [1][2400/3488]	lr: 1.000e-03, eta: 18:40:45, time: 0.876, data_time: 0.031, memory: 8019, loss_cls: 0.4773, loss_bbox: 0.4104, loss_kps: 0.0000, loss: 0.8878
2026-09-22 08:13:42,050 - mmdet - INFO - Epoch [1][2450/3488]	lr: 1.000e-03, eta: 18:51:34, time: 0.985, data_time: 0.031, memory: 8019, loss_cls: 0.4887, loss_bbox: 0.4017, loss_kps: 0.0000, loss: 0.8904
2026-09-22 08:14:24,947 - mmdet - INFO - Epoch [1][2500/3488]	lr: 1.000e-03, eta: 18:57:40, time: 0.860, data_time: 0.032, memory: 8019, loss_cls: 0.4743, loss_bbox: 0.4145, loss_kps: 0.0000, loss: 0.8889
2026-09-22 08:14:37,768 - mmdet - INFO - Epoch [1][2550/3488]	lr: 1.000e-03, eta: 18:43:22, time: 0.257, data_time: 0.038, memory: 8019, loss_cls: 0.4848, loss_bbox: 0.4094, loss_kps: 0.0000, loss: 0.8942
2026-09-22 08:14:51,270 - mmdet - INFO - Epoch [1][2600/3488]	lr: 1.000e-03, eta: 18:30:03, time: 0.270, data_time: 0.040, memory: 8019, loss_cls: 0.4750, loss_bbox: 0.3987, loss_kps: 0.0000, loss: 0.8737
2026-09-22 08:15:27,566 - mmdet - INFO - Epoch [1][2650/3488]	lr: 1.000e-03, eta: 18:31:49, time: 0.724, data_time: 0.034, memory: 8019, loss_cls: 0.5023, loss_bbox: 0.4184, loss_kps: 0.0000, loss: 0.9207
2026-09-22 08:16:23,588 - mmdet - INFO - Epoch [1][2700/3488]	lr: 1.000e-03, eta: 18:45:59, time: 1.122, data_time: 0.031, memory: 8019, loss_cls: 0.4880, loss_bbox: 0.4118, loss_kps: 0.0000, loss: 0.8999
2026-09-22 08:17:08,905 - mmdet - INFO - Epoch [1][2750/3488]	lr: 1.000e-03, eta: 18:52:54, time: 0.904, data_time: 0.029, memory: 8019, loss_cls: 0.4821, loss_bbox: 0.4027, loss_kps: 0.0000, loss: 0.8849
2026-09-22 08:17:55,850 - mmdet - INFO - Epoch [1][2800/3488]	lr: 1.000e-03, eta: 19:00:38, time: 0.941, data_time: 0.029, memory: 8019, loss_cls: 0.4651, loss_bbox: 0.3873, loss_kps: 0.0000, loss: 0.8524
2026-09-22 08:18:08,769 - mmdet - INFO - Epoch [1][2850/3488]	lr: 1.000e-03, eta: 18:47:46, time: 0.258, data_time: 0.036, memory: 8019, loss_cls: 0.4694, loss_bbox: 0.4073, loss_kps: 0.0000, loss: 0.8767
2026-09-22 08:18:21,798 - mmdet - INFO - Epoch [1][2900/3488]	lr: 1.000e-03, eta: 18:35:24, time: 0.261, data_time: 0.040, memory: 8019, loss_cls: 0.4958, loss_bbox: 0.4111, loss_kps: 0.0000, loss: 0.9069
2026-09-22 08:18:34,591 - mmdet - INFO - Epoch [1][2950/3488]	lr: 1.000e-03, eta: 18:23:18, time: 0.256, data_time: 0.037, memory: 8019, loss_cls: 0.4714, loss_bbox: 0.3909, loss_kps: 0.0000, loss: 0.8622
2026-09-22 08:18:47,516 - mmdet - INFO - Exp name: scrfd_armAJ.py
2026-09-22 08:18:47,516 - mmdet - INFO - Epoch [1][3000/3488]	lr: 1.000e-03, eta: 18:11:41, time: 0.258, data_time: 0.037, memory: 8019, loss_cls: 0.5090, loss_bbox: 0.4147, loss_kps: 0.0000, loss: 0.9237
2026-09-22 08:19:00,404 - mmdet - INFO - Epoch [1][3050/3488]	lr: 1.000e-03, eta: 18:00:24, time: 0.258, data_time: 0.039, memory: 8019, loss_cls: 0.4986, loss_bbox: 0.4123, loss_kps: 0.0000, loss: 0.9109
2026-09-22 08:19:13,729 - mmdet - INFO - Epoch [1][3100/3488]	lr: 1.000e-03, eta: 17:49:44, time: 0.267, data_time: 0.039, memory: 8019, loss_cls: 0.4574, loss_bbox: 0.4011, loss_kps: 0.0000, loss: 0.8585
2026-09-22 08:19:26,642 - mmdet - INFO - Epoch [1][3150/3488]	lr: 1.000e-03, eta: 17:39:10, time: 0.258, data_time: 0.038, memory: 8019, loss_cls: 0.4799, loss_bbox: 0.4100, loss_kps: 0.0000, loss: 0.8898
2026-09-22 08:19:39,696 - mmdet - INFO - Epoch [1][3200/3488]	lr: 1.000e-03, eta: 17:29:00, time: 0.261, data_time: 0.048, memory: 8019, loss_cls: 0.4546, loss_bbox: 0.3892, loss_kps: 0.0000, loss: 0.8438
2026-09-22 08:19:52,588 - mmdet - INFO - Epoch [1][3250/3488]	lr: 1.000e-03, eta: 17:19:03, time: 0.258, data_time: 0.040, memory: 8019, loss_cls: 0.4765, loss_bbox: 0.4063, loss_kps: 0.0000, loss: 0.8828
2026-09-22 08:20:05,352 - mmdet - INFO - Epoch [1][3300/3488]	lr: 1.000e-03, eta: 17:09:20, time: 0.255, data_time: 0.040, memory: 8019, loss_cls: 0.4890, loss_bbox: 0.4012, loss_kps: 0.0000, loss: 0.8902
2026-09-22 08:20:18,252 - mmdet - INFO - Epoch [1][3350/3488]	lr: 1.000e-03, eta: 16:59:59, time: 0.258, data_time: 0.039, memory: 8019, loss_cls: 0.4555, loss_bbox: 0.4020, loss_kps: 0.0000, loss: 0.8575
2026-09-22 08:20:31,509 - mmdet - INFO - Epoch [1][3400/3488]	lr: 1.000e-03, eta: 16:51:04, time: 0.265, data_time: 0.041, memory: 8019, loss_cls: 0.4701, loss_bbox: 0.4084, loss_kps: 0.0000, loss: 0.8785
2026-09-22 08:21:11,173 - mmdet - INFO - Epoch [1][3450/3488]	lr: 1.000e-03, eta: 16:55:16, time: 0.792, data_time: 0.032, memory: 8019, loss_cls: 0.4863, loss_bbox: 0.4015, loss_kps: 0.0000, loss: 0.8877
2026-09-22 08:21:46,009 - mmdet - INFO - Saving checkpoint at 1 epochs
2026-09-22 08:22:31,565 - mmdet - INFO - Epoch [2][50/3488]	lr: 1.000e-03, eta: 16:50:42, time: 0.905, data_time: 0.161, memory: 8019, loss_cls: 0.4919, loss_bbox: 0.4159, loss_kps: 0.0000, loss: 0.9078
2026-09-22 08:23:16,986 - mmdet - INFO - Epoch [2][100/3488]	lr: 1.000e-03, eta: 16:57:27, time: 0.909, data_time: 0.030, memory: 8019, loss_cls: 0.4701, loss_bbox: 0.4042, loss_kps: 0.0000, loss: 0.8743
2026-09-22 08:24:02,545 - mmdet - INFO - Epoch [2][150/3488]	lr: 1.000e-03, eta: 17:04:03, time: 0.911, data_time: 0.029, memory: 8019, loss_cls: 0.4612, loss_bbox: 0.3994, loss_kps: 0.0000, loss: 0.8606
2026-09-22 08:24:39,103 - mmdet - INFO - Epoch [2][200/3488]	lr: 1.000e-03, eta: 17:06:23, time: 0.733, data_time: 0.030, memory: 8019, loss_cls: 0.4836, loss_bbox: 0.4064, loss_kps: 0.0000, loss: 0.8900
2026-09-22 08:24:51,892 - mmdet - INFO - Epoch [2][250/3488]	lr: 1.000e-03, eta: 16:57:54, time: 0.256, data_time: 0.036, memory: 8019, loss_cls: 0.4758, loss_bbox: 0.4049, loss_kps: 0.0000, loss: 0.8808
2026-09-22 08:25:11,956 - mmdet - INFO - Epoch [2][300/3488]	lr: 1.000e-03, eta: 16:52:51, time: 0.400, data_time: 0.037, memory: 8019, loss_cls: 0.4804, loss_bbox: 0.4132, loss_kps: 0.0000, loss: 0.8936
2026-09-22 08:26:03,943 - mmdet - INFO - Epoch [2][350/3488]	lr: 1.000e-03, eta: 17:01:54, time: 1.039, data_time: 0.030, memory: 8019, loss_cls: 0.4825, loss_bbox: 0.3977, loss_kps: 0.0000, loss: 0.8801
2026-09-22 08:26:30,982 - mmdet - INFO - Epoch [2][400/3488]	lr: 1.000e-03, eta: 16:59:56, time: 0.541, data_time: 0.033, memory: 8019, loss_cls: 0.4723, loss_bbox: 0.3998, loss_kps: 0.0000, loss: 0.8722
2026-09-22 08:27:17,087 - mmdet - INFO - Epoch [2][450/3488]	lr: 1.000e-03, eta: 17:06:10, time: 0.924, data_time: 0.030, memory: 8019, loss_cls: 0.4758, loss_bbox: 0.4062, loss_kps: 0.0000, loss: 0.8821
2026-09-22 08:27:29,586 - mmdet - INFO - Epoch [2][500/3488]	lr: 1.000e-03, eta: 16:58:04, time: 0.250, data_time: 0.034, memory: 8019, loss_cls: 0.4600, loss_bbox: 0.3984, loss_kps: 0.0000, loss: 0.8584
2026-09-22 08:27:42,505 - mmdet - INFO - Epoch [2][550/3488]	lr: 1.000e-03, eta: 16:50:19, time: 0.258, data_time: 0.037, memory: 8019, loss_cls: 0.4538, loss_bbox: 0.3952, loss_kps: 0.0000, loss: 0.8490
2026-09-22 08:28:01,968 - mmdet - INFO - Epoch [2][600/3488]	lr: 1.000e-03, eta: 16:45:25, time: 0.388, data_time: 0.036, memory: 8019, loss_cls: 0.4627, loss_bbox: 0.3973, loss_kps: 0.0000, loss: 0.8600
2026-09-22 08:28:54,933 - mmdet - INFO - Epoch [2][650/3488]	lr: 1.000e-03, eta: 16:54:15, time: 1.061, data_time: 0.037, memory: 8019, loss_cls: 0.4635, loss_bbox: 0.3979, loss_kps: 0.0000, loss: 0.8614
2026-09-22 08:29:24,558 - mmdet - INFO - Epoch [2][700/3488]	lr: 1.000e-03, eta: 16:53:27, time: 0.591, data_time: 0.032, memory: 8019, loss_cls: 0.4542, loss_bbox: 0.4058, loss_kps: 0.0000, loss: 0.8600
2026-09-22 08:30:07,066 - mmdet - INFO - Epoch [2][750/3488]	lr: 1.000e-03, eta: 16:57:48, time: 0.852, data_time: 0.030, memory: 8019, loss_cls: 0.4893, loss_bbox: 0.4014, loss_kps: 0.0000, loss: 0.8907
2026-09-22 08:30:19,885 - mmdet - INFO - Epoch [2][800/3488]	lr: 1.000e-03, eta: 16:50:26, time: 0.256, data_time: 0.037, memory: 8019, loss_cls: 0.4589, loss_bbox: 0.3995, loss_kps: 0.0000, loss: 0.8584
2026-09-22 08:30:32,639 - mmdet - INFO - Epoch [2][850/3488]	lr: 1.000e-03, eta: 16:43:13, time: 0.255, data_time: 0.038, memory: 8019, loss_cls: 0.4821, loss_bbox: 0.4132, loss_kps: 0.0000, loss: 0.8953
2026-09-22 08:30:45,664 - mmdet - INFO - Epoch [2][900/3488]	lr: 1.000e-03, eta: 16:36:15, time: 0.260, data_time: 0.038, memory: 8019, loss_cls: 0.4619, loss_bbox: 0.4031, loss_kps: 0.0000, loss: 0.8650
2026-09-22 08:30:58,384 - mmdet - INFO - Epoch [2][950/3488]	lr: 1.000e-03, eta: 16:29:19, time: 0.254, data_time: 0.037, memory: 8019, loss_cls: 0.4645, loss_bbox: 0.4069, loss_kps: 0.0000, loss: 0.8714
2026-09-22 08:31:11,195 - mmdet - INFO - Epoch [2][1000/3488]	lr: 1.000e-03, eta: 16:22:34, time: 0.256, data_time: 0.038, memory: 8019, loss_cls: 0.4688, loss_bbox: 0.4012, loss_kps: 0.0000, loss: 0.8700
2026-09-22 08:31:24,016 - mmdet - INFO - Epoch [2][1050/3488]	lr: 1.000e-03, eta: 16:15:58, time: 0.256, data_time: 0.039, memory: 8019, loss_cls: 0.4729, loss_bbox: 0.4132, loss_kps: 0.0000, loss: 0.8860
2026-09-22 08:31:36,687 - mmdet - INFO - Epoch [2][1100/3488]	lr: 1.000e-03, eta: 16:09:27, time: 0.253, data_time: 0.039, memory: 8019, loss_cls: 0.4807, loss_bbox: 0.4034, loss_kps: 0.0000, loss: 0.8841
2026-09-22 08:31:49,551 - mmdet - INFO - Epoch [2][1150/3488]	lr: 1.000e-03, eta: 16:03:09, time: 0.257, data_time: 0.037, memory: 8019, loss_cls: 0.4754, loss_bbox: 0.3995, loss_kps: 0.0000, loss: 0.8749
2026-09-22 08:32:02,328 - mmdet - INFO - Epoch [2][1200/3488]	lr: 1.000e-03, eta: 15:56:56, time: 0.256, data_time: 0.038, memory: 8019, loss_cls: 0.4525, loss_bbox: 0.4043, loss_kps: 0.0000, loss: 0.8568
2026-09-22 08:32:14,763 - mmdet - INFO - Epoch [2][1250/3488]	lr: 1.000e-03, eta: 15:50:44, time: 0.249, data_time: 0.037, memory: 8019, loss_cls: 0.4712, loss_bbox: 0.4056, loss_kps: 0.0000, loss: 0.8769
2026-09-22 08:32:27,349 - mmdet - INFO - Epoch [2][1300/3488]	lr: 1.000e-03, eta: 15:44:43, time: 0.252, data_time: 0.036, memory: 8019, loss_cls: 0.4724, loss_bbox: 0.4040, loss_kps: 0.0000, loss: 0.8764
2026-09-22 08:32:39,736 - mmdet - INFO - Epoch [2][1350/3488]	lr: 1.000e-03, eta: 15:38:44, time: 0.248, data_time: 0.036, memory: 8019, loss_cls: 0.4914, loss_bbox: 0.4080, loss_kps: 0.0000, loss: 0.8994
2026-09-22 08:32:52,496 - mmdet - INFO - Epoch [2][1400/3488]	lr: 1.000e-03, eta: 15:33:01, time: 0.255, data_time: 0.037, memory: 8019, loss_cls: 0.4751, loss_bbox: 0.3953, loss_kps: 0.0000, loss: 0.8704
2026-09-22 08:33:05,464 - mmdet - INFO - Epoch [2][1450/3488]	lr: 1.000e-03, eta: 15:27:28, time: 0.259, data_time: 0.036, memory: 8019, loss_cls: 0.4789, loss_bbox: 0.4093, loss_kps: 0.0000, loss: 0.8882
2026-09-22 08:33:18,091 - mmdet - INFO - Epoch [2][1500/3488]	lr: 1.000e-03, eta: 15:21:55, time: 0.253, data_time: 0.037, memory: 8019, loss_cls: 0.4539, loss_bbox: 0.4043, loss_kps: 0.0000, loss: 0.8582
2026-09-22 08:33:30,818 - mmdet - INFO - Epoch [2][1550/3488]	lr: 1.000e-03, eta: 15:16:30, time: 0.255, data_time: 0.035, memory: 8019, loss_cls: 0.4461, loss_bbox: 0.3818, loss_kps: 0.0000, loss: 0.8278
2026-09-22 08:33:43,251 - mmdet - INFO - Epoch [2][1600/3488]	lr: 1.000e-03, eta: 15:11:06, time: 0.249, data_time: 0.036, memory: 8019, loss_cls: 0.4645, loss_bbox: 0.3902, loss_kps: 0.0000, loss: 0.8546
2026-09-22 08:33:56,056 - mmdet - INFO - Epoch [2][1650/3488]	lr: 1.000e-03, eta: 15:05:54, time: 0.256, data_time: 0.035, memory: 8019, loss_cls: 0.4662, loss_bbox: 0.3988, loss_kps: 0.0000, loss: 0.8650
2026-09-22 08:34:08,493 - mmdet - INFO - Epoch [2][1700/3488]	lr: 1.000e-03, eta: 15:00:42, time: 0.249, data_time: 0.038, memory: 8019, loss_cls: 0.4568, loss_bbox: 0.3981, loss_kps: 0.0000, loss: 0.8549
2026-09-22 08:34:21,354 - mmdet - INFO - Epoch [2][1750/3488]	lr: 1.000e-03, eta: 14:55:43, time: 0.257, data_time: 0.037, memory: 8019, loss_cls: 0.4759, loss_bbox: 0.4056, loss_kps: 0.0000, loss: 0.8815
2026-09-22 08:34:34,013 - mmdet - INFO - Epoch [2][1800/3488]	lr: 1.000e-03, eta: 14:50:46, time: 0.253, data_time: 0.037, memory: 8019, loss_cls: 0.4661, loss_bbox: 0.3921, loss_kps: 0.0000, loss: 0.8581
2026-09-22 08:34:46,975 - mmdet - INFO - Epoch [2][1850/3488]	lr: 1.000e-03, eta: 14:46:00, time: 0.259, data_time: 0.045, memory: 8019, loss_cls: 0.4582, loss_bbox: 0.3960, loss_kps: 0.0000, loss: 0.8542
2026-09-22 08:34:59,445 - mmdet - INFO - Epoch [2][1900/3488]	lr: 1.000e-03, eta: 14:41:10, time: 0.249, data_time: 0.037, memory: 8019, loss_cls: 0.4699, loss_bbox: 0.4073, loss_kps: 0.0000, loss: 0.8773
2026-09-22 08:35:12,062 - mmdet - INFO - Epoch [2][1950/3488]	lr: 1.000e-03, eta: 14:36:27, time: 0.252, data_time: 0.037, memory: 8019, loss_cls: 0.4749, loss_bbox: 0.3999, loss_kps: 0.0000, loss: 0.8748
2026-09-22 08:35:24,547 - mmdet - INFO - Epoch [2][2000/3488]	lr: 1.000e-03, eta: 14:31:48, time: 0.250, data_time: 0.038, memory: 8019, loss_cls: 0.4528, loss_bbox: 0.3944, loss_kps: 0.0000, loss: 0.8472
2026-09-22 08:35:37,390 - mmdet - INFO - Epoch [2][2050/3488]	lr: 1.000e-03, eta: 14:27:19, time: 0.257, data_time: 0.035, memory: 8019, loss_cls: 0.4650, loss_bbox: 0.3960, loss_kps: 0.0000, loss: 0.8610
2026-09-22 08:35:49,999 - mmdet - INFO - Epoch [2][2100/3488]	lr: 1.000e-03, eta: 14:22:51, time: 0.252, data_time: 0.036, memory: 8019, loss_cls: 0.4753, loss_bbox: 0.3954, loss_kps: 0.0000, loss: 0.8707
2026-09-22 08:36:02,675 - mmdet - INFO - Epoch [2][2150/3488]	lr: 1.000e-03, eta: 14:18:28, time: 0.254, data_time: 0.040, memory: 8019, loss_cls: 0.4763, loss_bbox: 0.4049, loss_kps: 0.0000, loss: 0.8811
2026-09-22 08:36:15,450 - mmdet - INFO - Epoch [2][2200/3488]	lr: 1.000e-03, eta: 14:14:12, time: 0.256, data_time: 0.037, memory: 8019, loss_cls: 0.4578, loss_bbox: 0.3956, loss_kps: 0.0000, loss: 0.8534
2026-09-22 08:36:28,221 - mmdet - INFO - Epoch [2][2250/3488]	lr: 1.000e-03, eta: 14:10:00, time: 0.255, data_time: 0.037, memory: 8019, loss_cls: 0.4582, loss_bbox: 0.4048, loss_kps: 0.0000, loss: 0.8629
2026-09-22 08:36:40,908 - mmdet - INFO - Epoch [2][2300/3488]	lr: 1.000e-03, eta: 14:05:50, time: 0.254, data_time: 0.035, memory: 8019, loss_cls: 0.4654, loss_bbox: 0.3956, loss_kps: 0.0000, loss: 0.8611
2026-09-22 08:36:53,799 - mmdet - INFO - Epoch [2][2350/3488]	lr: 1.000e-03, eta: 14:01:48, time: 0.258, data_time: 0.038, memory: 8019, loss_cls: 0.4592, loss_bbox: 0.3912, loss_kps: 0.0000, loss: 0.8504
2026-09-22 08:37:06,577 - mmdet - INFO - Epoch [2][2400/3488]	lr: 1.000e-03, eta: 13:57:48, time: 0.256, data_time: 0.035, memory: 8019, loss_cls: 0.4646, loss_bbox: 0.4025, loss_kps: 0.0000, loss: 0.8671
2026-09-22 08:37:19,784 - mmdet - INFO - Epoch [2][2450/3488]	lr: 1.000e-03, eta: 13:53:59, time: 0.264, data_time: 0.036, memory: 8019, loss_cls: 0.4516, loss_bbox: 0.3991, loss_kps: 0.0000, loss: 0.8507
2026-09-22 08:37:32,414 - mmdet - INFO - Epoch [2][2500/3488]	lr: 1.000e-03, eta: 13:50:05, time: 0.253, data_time: 0.035, memory: 8019, loss_cls: 0.4491, loss_bbox: 0.3967, loss_kps: 0.0000, loss: 0.8458
2026-09-22 08:37:45,091 - mmdet - INFO - Epoch [2][2550/3488]	lr: 1.000e-03, eta: 13:46:14, time: 0.253, data_time: 0.035, memory: 8019, loss_cls: 0.4634, loss_bbox: 0.3927, loss_kps: 0.0000, loss: 0.8560
2026-09-22 08:37:57,754 - mmdet - INFO - Epoch [2][2600/3488]	lr: 1.000e-03, eta: 13:42:27, time: 0.253, data_time: 0.036, memory: 8019, loss_cls: 0.4611, loss_bbox: 0.3975, loss_kps: 0.0000, loss: 0.8587
2026-09-22 08:38:10,401 - mmdet - INFO - Epoch [2][2650/3488]	lr: 1.000e-03, eta: 13:38:43, time: 0.253, data_time: 0.037, memory: 8019, loss_cls: 0.4407, loss_bbox: 0.3851, loss_kps: 0.0000, loss: 0.8258
2026-09-22 08:38:22,835 - mmdet - INFO - Epoch [2][2700/3488]	lr: 1.000e-03, eta: 13:34:59, time: 0.249, data_time: 0.036, memory: 8019, loss_cls: 0.4709, loss_bbox: 0.4075, loss_kps: 0.0000, loss: 0.8784
2026-09-22 08:38:35,507 - mmdet - INFO - Epoch [2][2750/3488]	lr: 1.000e-03, eta: 13:31:23, time: 0.253, data_time: 0.037, memory: 8019, loss_cls: 0.4591, loss_bbox: 0.3920, loss_kps: 0.0000, loss: 0.8510
2026-09-22 08:38:48,192 - mmdet - INFO - Epoch [2][2800/3488]	lr: 1.000e-03, eta: 13:27:49, time: 0.254, data_time: 0.035, memory: 8019, loss_cls: 0.4641, loss_bbox: 0.4032, loss_kps: 0.0000, loss: 0.8674
2026-09-22 08:39:00,774 - mmdet - INFO - Epoch [2][2850/3488]	lr: 1.000e-03, eta: 13:24:18, time: 0.252, data_time: 0.036, memory: 8019, loss_cls: 0.4699, loss_bbox: 0.3890, loss_kps: 0.0000, loss: 0.8589
2026-09-22 08:39:13,274 - mmdet - INFO - Epoch [2][2900/3488]	lr: 1.000e-03, eta: 13:20:48, time: 0.250, data_time: 0.036, memory: 8019, loss_cls: 0.4596, loss_bbox: 0.3950, loss_kps: 0.0000, loss: 0.8546
2026-09-22 08:39:26,097 - mmdet - INFO - Epoch [2][2950/3488]	lr: 1.000e-03, eta: 13:17:26, time: 0.256, data_time: 0.036, memory: 8019, loss_cls: 0.4598, loss_bbox: 0.3895, loss_kps: 0.0000, loss: 0.8493
2026-09-22 08:39:39,096 - mmdet - INFO - Epoch [2][3000/3488]	lr: 1.000e-03, eta: 13:14:10, time: 0.260, data_time: 0.044, memory: 8019, loss_cls: 0.4766, loss_bbox: 0.4041, loss_kps: 0.0000, loss: 0.8807
2026-09-22 08:39:51,834 - mmdet - INFO - Epoch [2][3050/3488]	lr: 1.000e-03, eta: 13:10:52, time: 0.255, data_time: 0.037, memory: 8019, loss_cls: 0.4501, loss_bbox: 0.3895, loss_kps: 0.0000, loss: 0.8396
2026-09-22 08:40:04,400 - mmdet - INFO - Epoch [2][3100/3488]	lr: 1.000e-03, eta: 13:07:35, time: 0.252, data_time: 0.036, memory: 8019, loss_cls: 0.4579, loss_bbox: 0.3920, loss_kps: 0.0000, loss: 0.8500
2026-09-22 08:40:17,326 - mmdet - INFO - Epoch [2][3150/3488]	lr: 1.000e-03, eta: 13:04:26, time: 0.258, data_time: 0.038, memory: 8019, loss_cls: 0.4525, loss_bbox: 0.3988, loss_kps: 0.0000, loss: 0.8513
2026-09-22 08:40:30,021 - mmdet - INFO - Epoch [2][3200/3488]	lr: 1.000e-03, eta: 13:01:16, time: 0.254, data_time: 0.034, memory: 8019, loss_cls: 0.4597, loss_bbox: 0.3971, loss_kps: 0.0000, loss: 0.8568
2026-09-22 08:40:42,826 - mmdet - INFO - Epoch [2][3250/3488]	lr: 1.000e-03, eta: 12:58:11, time: 0.256, data_time: 0.037, memory: 8019, loss_cls: 0.4769, loss_bbox: 0.4008, loss_kps: 0.0000, loss: 0.8777
2026-09-22 08:40:55,664 - mmdet - INFO - Epoch [2][3300/3488]	lr: 1.000e-03, eta: 12:55:08, time: 0.257, data_time: 0.039, memory: 8019, loss_cls: 0.4480, loss_bbox: 0.3939, loss_kps: 0.0000, loss: 0.8419
2026-09-22 08:41:08,103 - mmdet - INFO - Epoch [2][3350/3488]	lr: 1.000e-03, eta: 12:52:03, time: 0.249, data_time: 0.036, memory: 8019, loss_cls: 0.4522, loss_bbox: 0.4095, loss_kps: 0.0000, loss: 0.8617
2026-09-22 08:41:21,160 - mmdet - INFO - Epoch [2][3400/3488]	lr: 1.000e-03, eta: 12:49:08, time: 0.261, data_time: 0.036, memory: 8019, loss_cls: 0.4518, loss_bbox: 0.3993, loss_kps: 0.0000, loss: 0.8511
2026-09-22 08:41:33,815 - mmdet - INFO - Epoch [2][3450/3488]	lr: 1.000e-03, eta: 12:46:10, time: 0.253, data_time: 0.037, memory: 8019, loss_cls: 0.4584, loss_bbox: 0.4014, loss_kps: 0.0000, loss: 0.8598
2026-09-22 08:41:42,771 - mmdet - INFO - Saving checkpoint at 2 epochs
2026-09-22 08:42:02,964 - mmdet - INFO - Epoch [3][50/3488]	lr: 1.000e-03, eta: 12:40:31, time: 0.400, data_time: 0.160, memory: 8019, loss_cls: 0.4342, loss_bbox: 0.3864, loss_kps: 0.0000, loss: 0.8206
2026-09-22 08:42:15,620 - mmdet - INFO - Epoch [3][100/3488]	lr: 1.000e-03, eta: 12:37:40, time: 0.253, data_time: 0.037, memory: 8019, loss_cls: 0.4485, loss_bbox: 0.3936, loss_kps: 0.0000, loss: 0.8421
2026-09-22 08:42:28,521 - mmdet - INFO - Epoch [3][150/3488]	lr: 1.000e-03, eta: 12:34:55, time: 0.258, data_time: 0.035, memory: 8019, loss_cls: 0.4452, loss_bbox: 0.3955, loss_kps: 0.0000, loss: 0.8407
2026-09-22 08:42:41,184 - mmdet - INFO - Epoch [3][200/3488]	lr: 1.000e-03, eta: 12:32:08, time: 0.253, data_time: 0.038, memory: 8019, loss_cls: 0.4659, loss_bbox: 0.3959, loss_kps: 0.0000, loss: 0.8619
2026-09-22 08:42:53,783 - mmdet - INFO - Epoch [3][250/3488]	lr: 1.000e-03, eta: 12:29:22, time: 0.252, data_time: 0.034, memory: 8019, loss_cls: 0.4515, loss_bbox: 0.3885, loss_kps: 0.0000, loss: 0.8400
2026-09-22 08:43:06,463 - mmdet - INFO - Epoch [3][300/3488]	lr: 1.000e-03, eta: 12:26:40, time: 0.254, data_time: 0.037, memory: 8019, loss_cls: 0.4429, loss_bbox: 0.3934, loss_kps: 0.0000, loss: 0.8363
2026-09-22 08:43:19,117 - mmdet - INFO - Epoch [3][350/3488]	lr: 1.000e-03, eta: 12:24:00, time: 0.253, data_time: 0.037, memory: 8019, loss_cls: 0.4626, loss_bbox: 0.3989, loss_kps: 0.0000, loss: 0.8616
2026-09-22 08:43:32,006 - mmdet - INFO - Epoch [3][400/3488]	lr: 1.000e-03, eta: 12:21:24, time: 0.258, data_time: 0.037, memory: 8019, loss_cls: 0.4369, loss_bbox: 0.3944, loss_kps: 0.0000, loss: 0.8313
2026-09-22 08:43:44,752 - mmdet - INFO - Epoch [3][450/3488]	lr: 1.000e-03, eta: 12:18:49, time: 0.255, data_time: 0.039, memory: 8019, loss_cls: 0.4404, loss_bbox: 0.4062, loss_kps: 0.0000, loss: 0.8467
2026-09-22 08:43:57,763 - mmdet - INFO - Epoch [3][500/3488]	lr: 1.000e-03, eta: 12:16:19, time: 0.260, data_time: 0.047, memory: 8019, loss_cls: 0.4467, loss_bbox: 0.3903, loss_kps: 0.0000, loss: 0.8370
2026-09-22 08:44:10,453 - mmdet - INFO - Epoch [3][550/3488]	lr: 1.000e-03, eta: 12:13:47, time: 0.254, data_time: 0.035, memory: 8019, loss_cls: 0.4451, loss_bbox: 0.3921, loss_kps: 0.0000, loss: 0.8372
2026-09-22 08:44:22,954 - mmdet - INFO - Epoch [3][600/3488]	lr: 1.000e-03, eta: 12:11:14, time: 0.250, data_time: 0.035, memory: 8019, loss_cls: 0.4580, loss_bbox: 0.3992, loss_kps: 0.0000, loss: 0.8572
2026-09-22 08:44:35,365 - mmdet - INFO - Epoch [3][650/3488]	lr: 1.000e-03, eta: 12:08:41, time: 0.248, data_time: 0.036, memory: 8019, loss_cls: 0.4527, loss_bbox: 0.4000, loss_kps: 0.0000, loss: 0.8527
2026-09-22 08:44:48,190 - mmdet - INFO - Epoch [3][700/3488]	lr: 1.000e-03, eta: 12:06:16, time: 0.257, data_time: 0.034, memory: 8019, loss_cls: 0.4575, loss_bbox: 0.3992, loss_kps: 0.0000, loss: 0.8567
2026-09-22 08:45:00,823 - mmdet - INFO - Epoch [3][750/3488]	lr: 1.000e-03, eta: 12:03:50, time: 0.253, data_time: 0.036, memory: 8019, loss_cls: 0.4725, loss_bbox: 0.4014, loss_kps: 0.0000, loss: 0.8740
2026-09-22 08:45:13,586 - mmdet - INFO - Epoch [3][800/3488]	lr: 1.000e-03, eta: 12:01:28, time: 0.255, data_time: 0.036, memory: 8019, loss_cls: 0.4788, loss_bbox: 0.4045, loss_kps: 0.0000, loss: 0.8833
2026-09-22 08:45:26,682 - mmdet - INFO - Epoch [3][850/3488]	lr: 1.000e-03, eta: 11:59:11, time: 0.262, data_time: 0.037, memory: 8019, loss_cls: 0.4663, loss_bbox: 0.4000, loss_kps: 0.0000, loss: 0.8663
2026-09-22 08:45:39,239 - mmdet - INFO - Epoch [3][900/3488]	lr: 1.000e-03, eta: 11:56:49, time: 0.251, data_time: 0.036, memory: 8019, loss_cls: 0.4475, loss_bbox: 0.3862, loss_kps: 0.0000, loss: 0.8338
2026-09-22 08:45:51,917 - mmdet - INFO - Epoch [3][950/3488]	lr: 1.000e-03, eta: 11:54:30, time: 0.254, data_time: 0.037, memory: 8019, loss_cls: 0.4567, loss_bbox: 0.3948, loss_kps: 0.0000, loss: 0.8515
2026-09-22 08:46:04,410 - mmdet - INFO - Epoch [3][1000/3488]	lr: 1.000e-03, eta: 11:52:11, time: 0.250, data_time: 0.036, memory: 8019, loss_cls: 0.4426, loss_bbox: 0.3912, loss_kps: 0.0000, loss: 0.8338
2026-09-22 08:46:17,435 - mmdet - INFO - Epoch [3][1050/3488]	lr: 1.000e-03, eta: 11:50:00, time: 0.260, data_time: 0.036, memory: 8019, loss_cls: 0.4757, loss_bbox: 0.3966, loss_kps: 0.0000, loss: 0.8723
2026-09-22 08:46:29,914 - mmdet - INFO - Epoch [3][1100/3488]	lr: 1.000e-03, eta: 11:47:43, time: 0.250, data_time: 0.035, memory: 8019, loss_cls: 0.4518, loss_bbox: 0.3928, loss_kps: 0.0000, loss: 0.8446
2026-09-22 08:46:42,393 - mmdet - INFO - Epoch [3][1150/3488]	lr: 1.000e-03, eta: 11:45:28, time: 0.250, data_time: 0.037, memory: 8019, loss_cls: 0.4426, loss_bbox: 0.3971, loss_kps: 0.0000, loss: 0.8398
2026-09-22 08:46:55,010 - mmdet - INFO - Epoch [3][1200/3488]	lr: 1.000e-03, eta: 11:43:17, time: 0.252, data_time: 0.036, memory: 8019, loss_cls: 0.4600, loss_bbox: 0.3925, loss_kps: 0.0000, loss: 0.8526
2026-09-22 08:47:07,586 - mmdet - INFO - Epoch [3][1250/3488]	lr: 1.000e-03, eta: 11:41:06, time: 0.252, data_time: 0.037, memory: 8019, loss_cls: 0.4564, loss_bbox: 0.3882, loss_kps: 0.0000, loss: 0.8446
2026-09-22 08:47:20,240 - mmdet - INFO - Epoch [3][1300/3488]	lr: 1.000e-03, eta: 11:38:57, time: 0.253, data_time: 0.036, memory: 8019, loss_cls: 0.4682, loss_bbox: 0.3911, loss_kps: 0.0000, loss: 0.8594
2026-09-22 08:47:32,743 - mmdet - INFO - Epoch [3][1350/3488]	lr: 1.000e-03, eta: 11:36:48, time: 0.250, data_time: 0.036, memory: 8019, loss_cls: 0.4632, loss_bbox: 0.3931, loss_kps: 0.0000, loss: 0.8563
2026-09-22 08:47:45,290 - mmdet - INFO - Epoch [3][1400/3488]	lr: 1.000e-03, eta: 11:34:41, time: 0.251, data_time: 0.036, memory: 8019, loss_cls: 0.4737, loss_bbox: 0.4079, loss_kps: 0.0000, loss: 0.8817
2026-09-22 08:47:57,801 - mmdet - INFO - Epoch [3][1450/3488]	lr: 1.000e-03, eta: 11:32:35, time: 0.250, data_time: 0.037, memory: 8019, loss_cls: 0.4471, loss_bbox: 0.3971, loss_kps: 0.0000, loss: 0.8442
2026-09-22 08:48:10,401 - mmdet - INFO - Epoch [3][1500/3488]	lr: 1.000e-03, eta: 11:30:32, time: 0.252, data_time: 0.037, memory: 8019, loss_cls: 0.4559, loss_bbox: 0.4059, loss_kps: 0.0000, loss: 0.8618
2026-09-22 08:48:23,031 - mmdet - INFO - Epoch [3][1550/3488]	lr: 1.000e-03, eta: 11:28:30, time: 0.252, data_time: 0.036, memory: 8019, loss_cls: 0.4310, loss_bbox: 0.3931, loss_kps: 0.0000, loss: 0.8240
2026-09-22 08:48:35,768 - mmdet - INFO - Epoch [3][1600/3488]	lr: 1.000e-03, eta: 11:26:30, time: 0.255, data_time: 0.038, memory: 8019, loss_cls: 0.4435, loss_bbox: 0.3909, loss_kps: 0.0000, loss: 0.8344
2026-09-22 08:48:48,968 - mmdet - INFO - Epoch [3][1650/3488]	lr: 1.000e-03, eta: 11:24:37, time: 0.264, data_time: 0.047, memory: 8019, loss_cls: 0.4615, loss_bbox: 0.3908, loss_kps: 0.0000, loss: 0.8522
2026-09-22 08:49:01,717 - mmdet - INFO - Epoch [3][1700/3488]	lr: 1.000e-03, eta: 11:22:40, time: 0.255, data_time: 0.035, memory: 8019, loss_cls: 0.4544, loss_bbox: 0.3949, loss_kps: 0.0000, loss: 0.8493
2026-09-22 08:49:14,242 - mmdet - INFO - Epoch [3][1750/3488]	lr: 1.000e-03, eta: 11:20:42, time: 0.250, data_time: 0.037, memory: 8019, loss_cls: 0.4425, loss_bbox: 0.4018, loss_kps: 0.0000, loss: 0.8442
2026-09-22 08:49:26,795 - mmdet - INFO - Epoch [3][1800/3488]	lr: 1.000e-03, eta: 11:18:45, time: 0.251, data_time: 0.036, memory: 8019, loss_cls: 0.4604, loss_bbox: 0.3901, loss_kps: 0.0000, loss: 0.8505
2026-09-22 08:49:39,510 - mmdet - INFO - Epoch [3][1850/3488]	lr: 1.000e-03, eta: 11:16:51, time: 0.254, data_time: 0.041, memory: 8019, loss_cls: 0.4592, loss_bbox: 0.3951, loss_kps: 0.0000, loss: 0.8543
2026-09-22 08:49:51,787 - mmdet - INFO - Epoch [3][1900/3488]	lr: 1.000e-03, eta: 11:14:54, time: 0.246, data_time: 0.033, memory: 8019, loss_cls: 0.4433, loss_bbox: 0.3920, loss_kps: 0.0000, loss: 0.8353
2026-09-22 08:50:04,618 - mmdet - INFO - Epoch [3][1950/3488]	lr: 1.000e-03, eta: 11:13:04, time: 0.257, data_time: 0.036, memory: 8019, loss_cls: 0.4723, loss_bbox: 0.4048, loss_kps: 0.0000, loss: 0.8770
2026-09-22 08:50:17,120 - mmdet - INFO - Epoch [3][2000/3488]	lr: 1.000e-03, eta: 11:11:11, time: 0.250, data_time: 0.037, memory: 8019, loss_cls: 0.4550, loss_bbox: 0.4043, loss_kps: 0.0000, loss: 0.8593
2026-09-22 08:50:29,447 - mmdet - INFO - Epoch [3][2050/3488]	lr: 1.000e-03, eta: 11:09:17, time: 0.247, data_time: 0.038, memory: 8019, loss_cls: 0.4622, loss_bbox: 0.3995, loss_kps: 0.0000, loss: 0.8618
2026-09-22 08:50:42,005 - mmdet - INFO - Epoch [3][2100/3488]	lr: 1.000e-03, eta: 11:07:28, time: 0.251, data_time: 0.037, memory: 8019, loss_cls: 0.4772, loss_bbox: 0.4022, loss_kps: 0.0000, loss: 0.8794
2026-09-22 08:50:54,524 - mmdet - INFO - Epoch [3][2150/3488]	lr: 1.000e-03, eta: 11:05:38, time: 0.250, data_time: 0.034, memory: 8019, loss_cls: 0.4469, loss_bbox: 0.3959, loss_kps: 0.0000, loss: 0.8429
2026-09-22 08:51:07,086 - mmdet - INFO - Epoch [3][2200/3488]	lr: 1.000e-03, eta: 11:03:51, time: 0.251, data_time: 0.036, memory: 8019, loss_cls: 0.4526, loss_bbox: 0.3938, loss_kps: 0.0000, loss: 0.8464
2026-09-22 08:51:19,907 - mmdet - INFO - Epoch [3][2250/3488]	lr: 1.000e-03, eta: 11:02:07, time: 0.256, data_time: 0.038, memory: 8019, loss_cls: 0.4437, loss_bbox: 0.3845, loss_kps: 0.0000, loss: 0.8282
2026-09-22 08:51:32,457 - mmdet - INFO - Epoch [3][2300/3488]	lr: 1.000e-03, eta: 11:00:21, time: 0.251, data_time: 0.038, memory: 8019, loss_cls: 0.4627, loss_bbox: 0.4067, loss_kps: 0.0000, loss: 0.8695
2026-09-22 08:51:45,198 - mmdet - INFO - Epoch [3][2350/3488]	lr: 1.000e-03, eta: 10:58:38, time: 0.255, data_time: 0.038, memory: 8019, loss_cls: 0.4375, loss_bbox: 0.3907, loss_kps: 0.0000, loss: 0.8282
2026-09-22 08:51:57,762 - mmdet - INFO - Epoch [3][2400/3488]	lr: 1.000e-03, eta: 10:56:54, time: 0.251, data_time: 0.037, memory: 8019, loss_cls: 0.4601, loss_bbox: 0.3922, loss_kps: 0.0000, loss: 0.8523
2026-09-22 08:52:10,514 - mmdet - INFO - Epoch [3][2450/3488]	lr: 1.000e-03, eta: 10:55:13, time: 0.255, data_time: 0.039, memory: 8019, loss_cls: 0.4421, loss_bbox: 0.3978, loss_kps: 0.0000, loss: 0.8400
2026-09-22 08:52:23,071 - mmdet - INFO - Epoch [3][2500/3488]	lr: 1.000e-03, eta: 10:53:32, time: 0.251, data_time: 0.036, memory: 8019, loss_cls: 0.4671, loss_bbox: 0.3928, loss_kps: 0.0000, loss: 0.8600
2026-09-22 08:52:35,867 - mmdet - INFO - Epoch [3][2550/3488]	lr: 1.000e-03, eta: 10:51:53, time: 0.256, data_time: 0.037, memory: 8019, loss_cls: 0.4427, loss_bbox: 0.3919, loss_kps: 0.0000, loss: 0.8346
2026-09-22 08:53:10,120 - mmdet - INFO - Epoch [3][2600/3488]	lr: 1.000e-03, eta: 10:53:48, time: 0.684, data_time: 0.033, memory: 8019, loss_cls: 0.4343, loss_bbox: 0.3947, loss_kps: 0.0000, loss: 0.8291
2026-09-22 08:53:55,924 - mmdet - INFO - Epoch [3][2650/3488]	lr: 1.000e-03, eta: 10:57:35, time: 0.916, data_time: 0.036, memory: 8019, loss_cls: 0.4547, loss_bbox: 0.3923, loss_kps: 0.0000, loss: 0.8470
2026-09-22 08:54:39,010 - mmdet - INFO - Epoch [3][2700/3488]	lr: 1.000e-03, eta: 11:00:54, time: 0.862, data_time: 0.030, memory: 8019, loss_cls: 0.4664, loss_bbox: 0.3995, loss_kps: 0.0000, loss: 0.8659
2026-09-22 08:55:20,260 - mmdet - INFO - Epoch [3][2750/3488]	lr: 1.000e-03, eta: 11:03:52, time: 0.825, data_time: 0.029, memory: 8019, loss_cls: 0.4393, loss_bbox: 0.3999, loss_kps: 0.0000, loss: 0.8391
2026-09-22 08:56:06,846 - mmdet - INFO - Epoch [3][2800/3488]	lr: 1.000e-03, eta: 11:07:39, time: 0.931, data_time: 0.028, memory: 8019, loss_cls: 0.4557, loss_bbox: 0.4035, loss_kps: 0.0000, loss: 0.8592
2026-09-22 08:56:52,822 - mmdet - INFO - Epoch [3][2850/3488]	lr: 1.000e-03, eta: 11:11:18, time: 0.919, data_time: 0.032, memory: 8019, loss_cls: 0.4351, loss_bbox: 0.3864, loss_kps: 0.0000, loss: 0.8215
2026-09-22 08:57:35,774 - mmdet - INFO - Epoch [3][2900/3488]	lr: 1.000e-03, eta: 11:14:25, time: 0.859, data_time: 0.029, memory: 8019, loss_cls: 0.4474, loss_bbox: 0.4000, loss_kps: 0.0000, loss: 0.8473
2026-09-22 08:57:58,087 - mmdet - INFO - Epoch [3][2950/3488]	lr: 1.000e-03, eta: 11:14:13, time: 0.448, data_time: 0.032, memory: 8019, loss_cls: 0.4555, loss_bbox: 0.3981, loss_kps: 0.0000, loss: 0.8536
2026-09-22 08:58:10,620 - mmdet - INFO - Epoch [3][3000/3488]	lr: 1.000e-03, eta: 11:12:28, time: 0.251, data_time: 0.036, memory: 8019, loss_cls: 0.4708, loss_bbox: 0.3960, loss_kps: 0.0000, loss: 0.8669
2026-09-22 08:58:38,860 - mmdet - INFO - Epoch [3][3050/3488]	lr: 1.000e-03, eta: 11:13:12, time: 0.564, data_time: 0.035, memory: 8019, loss_cls: 0.4350, loss_bbox: 0.3899, loss_kps: 0.0000, loss: 0.8249
2026-09-22 08:59:31,409 - mmdet - INFO - Epoch [3][3100/3488]	lr: 1.000e-03, eta: 11:17:43, time: 1.050, data_time: 0.029, memory: 8019, loss_cls: 0.4653, loss_bbox: 0.3982, loss_kps: 0.0000, loss: 0.8635
2026-09-22 09:00:00,255 - mmdet - INFO - Epoch [3][3150/3488]	lr: 1.000e-03, eta: 11:18:30, time: 0.577, data_time: 0.036, memory: 8019, loss_cls: 0.4581, loss_bbox: 0.4028, loss_kps: 0.0000, loss: 0.8608
2026-09-22 09:00:51,965 - mmdet - INFO - Epoch [3][3200/3488]	lr: 1.000e-03, eta: 11:22:49, time: 1.034, data_time: 0.031, memory: 8019, loss_cls: 0.4612, loss_bbox: 0.4020, loss_kps: 0.0000, loss: 0.8632
2026-09-22 09:01:18,967 - mmdet - INFO - Epoch [3][3250/3488]	lr: 1.000e-03, eta: 11:23:17, time: 0.541, data_time: 0.036, memory: 8019, loss_cls: 0.4450, loss_bbox: 0.4027, loss_kps: 0.0000, loss: 0.8476
2026-09-22 09:01:31,587 - mmdet - INFO - Epoch [3][3300/3488]	lr: 1.000e-03, eta: 11:21:32, time: 0.252, data_time: 0.036, memory: 8019, loss_cls: 0.4486, loss_bbox: 0.3858, loss_kps: 0.0000, loss: 0.8344
2026-09-22 09:01:44,636 - mmdet - INFO - Epoch [3][3350/3488]	lr: 1.000e-03, eta: 11:19:51, time: 0.261, data_time: 0.037, memory: 8019, loss_cls: 0.4811, loss_bbox: 0.3921, loss_kps: 0.0000, loss: 0.8732
2026-09-22 09:02:30,530 - mmdet - INFO - Epoch [3][3400/3488]	lr: 1.000e-03, eta: 11:23:09, time: 0.916, data_time: 0.037, memory: 8019, loss_cls: 0.4465, loss_bbox: 0.3967, loss_kps: 0.0000, loss: 0.8432
2026-09-22 09:03:11,743 - mmdet - INFO - Epoch [3][3450/3488]	lr: 1.000e-03, eta: 11:25:44, time: 0.826, data_time: 0.034, memory: 8019, loss_cls: 0.4542, loss_bbox: 0.3940, loss_kps: 0.0000, loss: 0.8483
2026-09-22 09:03:41,730 - mmdet - INFO - Saving checkpoint at 3 epochs
2026-09-22 09:04:36,496 - mmdet - INFO - Epoch [4][50/3488]	lr: 1.000e-03, eta: 11:27:30, time: 1.091, data_time: 0.159, memory: 8019, loss_cls: 0.4602, loss_bbox: 0.3956, loss_kps: 0.0000, loss: 0.8558
2026-09-22 09:04:49,019 - mmdet - INFO - Epoch [4][100/3488]	lr: 1.000e-03, eta: 11:25:45, time: 0.250, data_time: 0.036, memory: 8019, loss_cls: 0.4452, loss_bbox: 0.3891, loss_kps: 0.0000, loss: 0.8343
2026-09-22 09:05:01,574 - mmdet - INFO - Epoch [4][150/3488]	lr: 1.000e-03, eta: 11:24:00, time: 0.251, data_time: 0.037, memory: 8019, loss_cls: 0.4451, loss_bbox: 0.3936, loss_kps: 0.0000, loss: 0.8387
2026-09-22 09:05:14,237 - mmdet - INFO - Epoch [4][200/3488]	lr: 1.000e-03, eta: 11:22:18, time: 0.254, data_time: 0.036, memory: 8019, loss_cls: 0.4581, loss_bbox: 0.3949, loss_kps: 0.0000, loss: 0.8531
2026-09-22 09:05:26,742 - mmdet - INFO - Epoch [4][250/3488]	lr: 1.000e-03, eta: 11:20:35, time: 0.250, data_time: 0.036, memory: 8019, loss_cls: 0.4520, loss_bbox: 0.4018, loss_kps: 0.0000, loss: 0.8538
2026-09-22 09:05:39,424 - mmdet - INFO - Epoch [4][300/3488]	lr: 1.000e-03, eta: 11:18:54, time: 0.254, data_time: 0.037, memory: 8019, loss_cls: 0.4498, loss_bbox: 0.3934, loss_kps: 0.0000, loss: 0.8432
2026-09-22 09:05:52,129 - mmdet - INFO - Epoch [4][350/3488]	lr: 1.000e-03, eta: 11:17:14, time: 0.254, data_time: 0.037, memory: 8019, loss_cls: 0.4587, loss_bbox: 0.3881, loss_kps: 0.0000, loss: 0.8469
2026-09-22 09:06:04,814 - mmdet - INFO - Epoch [4][400/3488]	lr: 1.000e-03, eta: 11:15:35, time: 0.254, data_time: 0.036, memory: 8019, loss_cls: 0.4348, loss_bbox: 0.3946, loss_kps: 0.0000, loss: 0.8294
2026-09-22 09:06:17,542 - mmdet - INFO - Epoch [4][450/3488]	lr: 1.000e-03, eta: 11:13:57, time: 0.255, data_time: 0.038, memory: 8019, loss_cls: 0.4509, loss_bbox: 0.4080, loss_kps: 0.0000, loss: 0.8590
2026-09-22 09:06:30,286 - mmdet - INFO - Epoch [4][500/3488]	lr: 1.000e-03, eta: 11:12:20, time: 0.255, data_time: 0.037, memory: 8019, loss_cls: 0.4576, loss_bbox: 0.3867, loss_kps: 0.0000, loss: 0.8444
2026-09-22 09:06:42,825 - mmdet - INFO - Epoch [4][550/3488]	lr: 1.000e-03, eta: 11:10:42, time: 0.251, data_time: 0.037, memory: 8019, loss_cls: 0.4515, loss_bbox: 0.3887, loss_kps: 0.0000, loss: 0.8401
2026-09-22 09:06:55,237 - mmdet - INFO - Epoch [4][600/3488]	lr: 1.000e-03, eta: 11:09:04, time: 0.248, data_time: 0.036, memory: 8019, loss_cls: 0.4503, loss_bbox: 0.3884, loss_kps: 0.0000, loss: 0.8387
2026-09-22 09:07:08,143 - mmdet - INFO - Epoch [4][650/3488]	lr: 1.000e-03, eta: 11:07:31, time: 0.258, data_time: 0.036, memory: 8019, loss_cls: 0.4556, loss_bbox: 0.3947, loss_kps: 0.0000, loss: 0.8503
2026-09-22 09:07:20,879 - mmdet - INFO - Epoch [4][700/3488]	lr: 1.000e-03, eta: 11:05:57, time: 0.255, data_time: 0.037, memory: 8019, loss_cls: 0.4454, loss_bbox: 0.3910, loss_kps: 0.0000, loss: 0.8365
2026-09-22 09:07:33,493 - mmdet - INFO - Epoch [4][750/3488]	lr: 1.000e-03, eta: 11:04:22, time: 0.252, data_time: 0.039, memory: 8019, loss_cls: 0.4420, loss_bbox: 0.3870, loss_kps: 0.0000, loss: 0.8290
2026-09-22 09:07:46,368 - mmdet - INFO - Epoch [4][800/3488]	lr: 1.000e-03, eta: 11:02:51, time: 0.257, data_time: 0.046, memory: 8019, loss_cls: 0.4639, loss_bbox: 0.4073, loss_kps: 0.0000, loss: 0.8712
2026-09-22 09:07:59,260 - mmdet - INFO - Epoch [4][850/3488]	lr: 1.000e-03, eta: 11:01:20, time: 0.258, data_time: 0.040, memory: 8019, loss_cls: 0.4541, loss_bbox: 0.3936, loss_kps: 0.0000, loss: 0.8477
2026-09-22 09:08:12,260 - mmdet - INFO - Epoch [4][900/3488]	lr: 1.000e-03, eta: 10:59:51, time: 0.260, data_time: 0.036, memory: 8019, loss_cls: 0.4412, loss_bbox: 0.3904, loss_kps: 0.0000, loss: 0.8316
2026-09-22 09:08:24,653 - mmdet - INFO - Epoch [4][950/3488]	lr: 1.000e-03, eta: 10:58:18, time: 0.248, data_time: 0.035, memory: 8019, loss_cls: 0.4417, loss_bbox: 0.3958, loss_kps: 0.0000, loss: 0.8375
2026-09-22 09:08:37,326 - mmdet - INFO - Epoch [4][1000/3488]	lr: 1.000e-03, eta: 10:56:47, time: 0.253, data_time: 0.038, memory: 8019, loss_cls: 0.4689, loss_bbox: 0.3901, loss_kps: 0.0000, loss: 0.8589
2026-09-22 09:08:49,763 - mmdet - INFO - Epoch [4][1050/3488]	lr: 1.000e-03, eta: 10:55:16, time: 0.249, data_time: 0.037, memory: 8019, loss_cls: 0.4429, loss_bbox: 0.3876, loss_kps: 0.0000, loss: 0.8305
2026-09-22 09:09:02,477 - mmdet - INFO - Epoch [4][1100/3488]	lr: 1.000e-03, eta: 10:53:47, time: 0.254, data_time: 0.037, memory: 8019, loss_cls: 0.4519, loss_bbox: 0.3899, loss_kps: 0.0000, loss: 0.8419
2026-09-22 09:09:15,139 - mmdet - INFO - Epoch [4][1150/3488]	lr: 1.000e-03, eta: 10:52:19, time: 0.253, data_time: 0.037, memory: 8019, loss_cls: 0.4515, loss_bbox: 0.4037, loss_kps: 0.0000, loss: 0.8551
2026-09-22 09:09:27,720 - mmdet - INFO - Epoch [4][1200/3488]	lr: 1.000e-03, eta: 10:50:50, time: 0.252, data_time: 0.037, memory: 8019, loss_cls: 0.4578, loss_bbox: 0.3964, loss_kps: 0.0000, loss: 0.8541
2026-09-22 09:09:40,641 - mmdet - INFO - Epoch [4][1250/3488]	lr: 1.000e-03, eta: 10:49:25, time: 0.258, data_time: 0.039, memory: 8019, loss_cls: 0.4580, loss_bbox: 0.3949, loss_kps: 0.0000, loss: 0.8529
2026-09-22 09:09:53,106 - mmdet - INFO - Epoch [4][1300/3488]	lr: 1.000e-03, eta: 10:47:57, time: 0.249, data_time: 0.036, memory: 8019, loss_cls: 0.4471, loss_bbox: 0.3850, loss_kps: 0.0000, loss: 0.8321
2026-09-22 09:10:05,748 - mmdet - INFO - Epoch [4][1350/3488]	lr: 1.000e-03, eta: 10:46:31, time: 0.253, data_time: 0.037, memory: 8019, loss_cls: 0.4483, loss_bbox: 0.3912, loss_kps: 0.0000, loss: 0.8395
2026-09-22 09:10:18,385 - mmdet - INFO - Epoch [4][1400/3488]	lr: 1.000e-03, eta: 10:45:06, time: 0.253, data_time: 0.039, memory: 8019, loss_cls: 0.4651, loss_bbox: 0.3999, loss_kps: 0.0000, loss: 0.8650
2026-09-22 09:10:31,109 - mmdet - INFO - Epoch [4][1450/3488]	lr: 1.000e-03, eta: 10:43:41, time: 0.254, data_time: 0.039, memory: 8019, loss_cls: 0.4388, loss_bbox: 0.3775, loss_kps: 0.0000, loss: 0.8163
2026-09-22 09:10:44,006 - mmdet - INFO - Epoch [4][1500/3488]	lr: 1.000e-03, eta: 10:42:19, time: 0.258, data_time: 0.037, memory: 8019, loss_cls: 0.4510, loss_bbox: 0.3963, loss_kps: 0.0000, loss: 0.8473
2026-09-22 09:10:56,708 - mmdet - INFO - Epoch [4][1550/3488]	lr: 1.000e-03, eta: 10:40:56, time: 0.254, data_time: 0.037, memory: 8019, loss_cls: 0.4352, loss_bbox: 0.3933, loss_kps: 0.0000, loss: 0.8285
2026-09-22 09:11:09,352 - mmdet - INFO - Epoch [4][1600/3488]	lr: 1.000e-03, eta: 10:39:33, time: 0.253, data_time: 0.037, memory: 8019, loss_cls: 0.4557, loss_bbox: 0.3954, loss_kps: 0.0000, loss: 0.8510
2026-09-22 09:11:22,225 - mmdet - INFO - Epoch [4][1650/3488]	lr: 1.000e-03, eta: 10:38:12, time: 0.257, data_time: 0.039, memory: 8019, loss_cls: 0.4561, loss_bbox: 0.3921, loss_kps: 0.0000, loss: 0.8482
2026-09-22 09:11:34,804 - mmdet - INFO - Epoch [4][1700/3488]	lr: 1.000e-03, eta: 10:36:50, time: 0.251, data_time: 0.036, memory: 8019, loss_cls: 0.4652, loss_bbox: 0.4078, loss_kps: 0.0000, loss: 0.8730
2026-09-22 09:11:47,432 - mmdet - INFO - Epoch [4][1750/3488]	lr: 1.000e-03, eta: 10:35:28, time: 0.253, data_time: 0.036, memory: 8019, loss_cls: 0.4306, loss_bbox: 0.3982, loss_kps: 0.0000, loss: 0.8288
2026-09-22 09:12:00,022 - mmdet - INFO - Epoch [4][1800/3488]	lr: 1.000e-03, eta: 10:34:07, time: 0.252, data_time: 0.037, memory: 8019, loss_cls: 0.4411, loss_bbox: 0.4013, loss_kps: 0.0000, loss: 0.8425
2026-09-22 09:12:12,887 - mmdet - INFO - Epoch [4][1850/3488]	lr: 1.000e-03, eta: 10:32:49, time: 0.257, data_time: 0.037, memory: 8019, loss_cls: 0.4385, loss_bbox: 0.3982, loss_kps: 0.0000, loss: 0.8367
2026-09-22 09:12:25,990 - mmdet - INFO - Epoch [4][1900/3488]	lr: 1.000e-03, eta: 10:31:32, time: 0.262, data_time: 0.044, memory: 8019, loss_cls: 0.4620, loss_bbox: 0.3994, loss_kps: 0.0000, loss: 0.8614
2026-09-22 09:12:38,441 - mmdet - INFO - Epoch [4][1950/3488]	lr: 1.000e-03, eta: 10:30:12, time: 0.249, data_time: 0.035, memory: 8019, loss_cls: 0.4677, loss_bbox: 0.3852, loss_kps: 0.0000, loss: 0.8529
2026-09-22 09:12:51,586 - mmdet - INFO - Epoch [4][2000/3488]	lr: 1.000e-03, eta: 10:28:57, time: 0.263, data_time: 0.036, memory: 8019, loss_cls: 0.4558, loss_bbox: 0.3901, loss_kps: 0.0000, loss: 0.8460
2026-09-22 09:13:04,339 - mmdet - INFO - Epoch [4][2050/3488]	lr: 1.000e-03, eta: 10:27:40, time: 0.255, data_time: 0.038, memory: 8019, loss_cls: 0.4388, loss_bbox: 0.3917, loss_kps: 0.0000, loss: 0.8305
2026-09-22 09:13:17,069 - mmdet - INFO - Epoch [4][2100/3488]	lr: 1.000e-03, eta: 10:26:23, time: 0.255, data_time: 0.036, memory: 8019, loss_cls: 0.4530, loss_bbox: 0.3992, loss_kps: 0.0000, loss: 0.8522
2026-09-22 09:13:29,671 - mmdet - INFO - Epoch [4][2150/3488]	lr: 1.000e-03, eta: 10:25:05, time: 0.252, data_time: 0.035, memory: 8019, loss_cls: 0.4593, loss_bbox: 0.3903, loss_kps: 0.0000, loss: 0.8496
2026-09-22 09:13:42,409 - mmdet - INFO - Epoch [4][2200/3488]	lr: 1.000e-03, eta: 10:23:49, time: 0.255, data_time: 0.036, memory: 8019, loss_cls: 0.4290, loss_bbox: 0.3920, loss_kps: 0.0000, loss: 0.8210
2026-09-22 09:13:55,125 - mmdet - INFO - Epoch [4][2250/3488]	lr: 1.000e-03, eta: 10:22:34, time: 0.254, data_time: 0.036, memory: 8019, loss_cls: 0.4284, loss_bbox: 0.3735, loss_kps: 0.0000, loss: 0.8019
2026-09-22 09:14:07,823 - mmdet - INFO - Epoch [4][2300/3488]	lr: 1.000e-03, eta: 10:21:19, time: 0.254, data_time: 0.036, memory: 8019, loss_cls: 0.4476, loss_bbox: 0.4034, loss_kps: 0.0000, loss: 0.8510
2026-09-22 09:14:20,649 - mmdet - INFO - Epoch [4][2350/3488]	lr: 1.000e-03, eta: 10:20:05, time: 0.256, data_time: 0.036, memory: 8019, loss_cls: 0.4577, loss_bbox: 0.3965, loss_kps: 0.0000, loss: 0.8542
2026-09-22 09:14:33,289 - mmdet - INFO - Epoch [4][2400/3488]	lr: 1.000e-03, eta: 10:18:50, time: 0.253, data_time: 0.035, memory: 8019, loss_cls: 0.4402, loss_bbox: 0.4000, loss_kps: 0.0000, loss: 0.8402
2026-09-22 09:14:45,938 - mmdet - INFO - Epoch [4][2450/3488]	lr: 1.000e-03, eta: 10:17:36, time: 0.253, data_time: 0.036, memory: 8019, loss_cls: 0.4450, loss_bbox: 0.3806, loss_kps: 0.0000, loss: 0.8257
2026-09-22 09:14:58,625 - mmdet - INFO - Epoch [4][2500/3488]	lr: 1.000e-03, eta: 10:16:23, time: 0.254, data_time: 0.037, memory: 8019, loss_cls: 0.4635, loss_bbox: 0.3942, loss_kps: 0.0000, loss: 0.8576
2026-09-22 09:15:11,269 - mmdet - INFO - Epoch [4][2550/3488]	lr: 1.000e-03, eta: 10:15:10, time: 0.253, data_time: 0.035, memory: 8019, loss_cls: 0.4609, loss_bbox: 0.3954, loss_kps: 0.0000, loss: 0.8563
2026-09-22 09:15:23,982 - mmdet - INFO - Epoch [4][2600/3488]	lr: 1.000e-03, eta: 10:13:58, time: 0.254, data_time: 0.038, memory: 8019, loss_cls: 0.4414, loss_bbox: 0.3892, loss_kps: 0.0000, loss: 0.8307
2026-09-22 09:15:36,685 - mmdet - INFO - Epoch [4][2650/3488]	lr: 1.000e-03, eta: 10:12:46, time: 0.254, data_time: 0.039, memory: 8019, loss_cls: 0.4380, loss_bbox: 0.3966, loss_kps: 0.0000, loss: 0.8346
2026-09-22 09:15:49,408 - mmdet - INFO - Epoch [4][2700/3488]	lr: 1.000e-03, eta: 10:11:35, time: 0.254, data_time: 0.037, memory: 8019, loss_cls: 0.4377, loss_bbox: 0.3864, loss_kps: 0.0000, loss: 0.8242
2026-09-22 09:16:02,308 - mmdet - INFO - Epoch [4][2750/3488]	lr: 1.000e-03, eta: 10:10:25, time: 0.258, data_time: 0.037, memory: 8019, loss_cls: 0.4374, loss_bbox: 0.3901, loss_kps: 0.0000, loss: 0.8275
2026-09-22 09:16:14,952 - mmdet - INFO - Epoch [4][2800/3488]	lr: 1.000e-03, eta: 10:09:14, time: 0.253, data_time: 0.037, memory: 8019, loss_cls: 0.4328, loss_bbox: 0.3973, loss_kps: 0.0000, loss: 0.8301
2026-09-22 09:16:27,686 - mmdet - INFO - Epoch [4][2850/3488]	lr: 1.000e-03, eta: 10:08:04, time: 0.255, data_time: 0.037, memory: 8019, loss_cls: 0.4258, loss_bbox: 0.3811, loss_kps: 0.0000, loss: 0.8068
2026-09-22 09:16:40,698 - mmdet - INFO - Epoch [4][2900/3488]	lr: 1.000e-03, eta: 10:06:57, time: 0.260, data_time: 0.045, memory: 8019, loss_cls: 0.4523, loss_bbox: 0.3899, loss_kps: 0.0000, loss: 0.8422
2026-09-22 09:16:53,320 - mmdet - INFO - Epoch [4][2950/3488]	lr: 1.000e-03, eta: 10:05:47, time: 0.252, data_time: 0.037, memory: 8019, loss_cls: 0.4414, loss_bbox: 0.3898, loss_kps: 0.0000, loss: 0.8312
2026-09-22 09:17:06,329 - mmdet - INFO - Epoch [4][3000/3488]	lr: 1.000e-03, eta: 10:04:40, time: 0.260, data_time: 0.036, memory: 8019, loss_cls: 0.4399, loss_bbox: 0.3924, loss_kps: 0.0000, loss: 0.8322
2026-09-22 09:17:18,981 - mmdet - INFO - Epoch [4][3050/3488]	lr: 1.000e-03, eta: 10:03:31, time: 0.253, data_time: 0.039, memory: 8019, loss_cls: 0.4630, loss_bbox: 0.3955, loss_kps: 0.0000, loss: 0.8585
2026-09-22 09:17:31,285 - mmdet - INFO - Epoch [4][3100/3488]	lr: 1.000e-03, eta: 10:02:21, time: 0.246, data_time: 0.035, memory: 8019, loss_cls: 0.4354, loss_bbox: 0.3906, loss_kps: 0.0000, loss: 0.8260
2026-09-22 09:17:43,863 - mmdet - INFO - Epoch [4][3150/3488]	lr: 1.000e-03, eta: 10:01:12, time: 0.252, data_time: 0.037, memory: 8019, loss_cls: 0.4470, loss_bbox: 0.3957, loss_kps: 0.0000, loss: 0.8428
2026-09-22 09:17:56,529 - mmdet - INFO - Epoch [4][3200/3488]	lr: 1.000e-03, eta: 10:00:05, time: 0.253, data_time: 0.037, memory: 8019, loss_cls: 0.4477, loss_bbox: 0.3928, loss_kps: 0.0000, loss: 0.8406
2026-09-22 09:18:09,084 - mmdet - INFO - Epoch [4][3250/3488]	lr: 1.000e-03, eta: 9:58:57, time: 0.251, data_time: 0.035, memory: 8019, loss_cls: 0.4506, loss_bbox: 0.3901, loss_kps: 0.0000, loss: 0.8406
2026-09-22 09:18:21,814 - mmdet - INFO - Epoch [4][3300/3488]	lr: 1.000e-03, eta: 9:57:51, time: 0.255, data_time: 0.037, memory: 8019, loss_cls: 0.4522, loss_bbox: 0.3943, loss_kps: 0.0000, loss: 0.8464
2026-09-22 09:18:34,487 - mmdet - INFO - Epoch [4][3350/3488]	lr: 1.000e-03, eta: 9:56:45, time: 0.253, data_time: 0.037, memory: 8019, loss_cls: 0.4288, loss_bbox: 0.3832, loss_kps: 0.0000, loss: 0.8121
2026-09-22 09:18:47,093 - mmdet - INFO - Epoch [4][3400/3488]	lr: 1.000e-03, eta: 9:55:39, time: 0.252, data_time: 0.038, memory: 8019, loss_cls: 0.4543, loss_bbox: 0.3968, loss_kps: 0.0000, loss: 0.8511
2026-09-22 09:18:59,887 - mmdet - INFO - Epoch [4][3450/3488]	lr: 1.000e-03, eta: 9:54:34, time: 0.256, data_time: 0.038, memory: 8019, loss_cls: 0.4281, loss_bbox: 0.3862, loss_kps: 0.0000, loss: 0.8144
2026-09-22 09:19:08,732 - mmdet - INFO - Saving checkpoint at 4 epochs
2026-09-22 09:19:28,870 - mmdet - INFO - Epoch [5][50/3488]	lr: 1.000e-03, eta: 9:52:24, time: 0.399, data_time: 0.165, memory: 8019, loss_cls: 0.4259, loss_bbox: 0.3901, loss_kps: 0.0000, loss: 0.8160
2026-09-22 09:19:41,479 - mmdet - INFO - Epoch [5][100/3488]	lr: 1.000e-03, eta: 9:51:20, time: 0.252, data_time: 0.036, memory: 8019, loss_cls: 0.4266, loss_bbox: 0.3853, loss_kps: 0.0000, loss: 0.8120
2026-09-22 09:19:54,020 - mmdet - INFO - Epoch [5][150/3488]	lr: 1.000e-03, eta: 9:50:15, time: 0.251, data_time: 0.039, memory: 8019, loss_cls: 0.4394, loss_bbox: 0.3901, loss_kps: 0.0000, loss: 0.8295
2026-09-22 09:20:06,524 - mmdet - INFO - Epoch [5][200/3488]	lr: 1.000e-03, eta: 9:49:10, time: 0.250, data_time: 0.037, memory: 8019, loss_cls: 0.4523, loss_bbox: 0.3975, loss_kps: 0.0000, loss: 0.8498
2026-09-22 09:20:19,385 - mmdet - INFO - Epoch [5][250/3488]	lr: 1.000e-03, eta: 9:48:08, time: 0.257, data_time: 0.039, memory: 8019, loss_cls: 0.4346, loss_bbox: 0.3851, loss_kps: 0.0000, loss: 0.8197
2026-09-22 09:20:32,118 - mmdet - INFO - Epoch [5][300/3488]	lr: 1.000e-03, eta: 9:47:06, time: 0.254, data_time: 0.038, memory: 8019, loss_cls: 0.4245, loss_bbox: 0.3872, loss_kps: 0.0000, loss: 0.8117
2026-09-22 09:20:44,576 - mmdet - INFO - Epoch [5][350/3488]	lr: 1.000e-03, eta: 9:46:02, time: 0.249, data_time: 0.037, memory: 8019, loss_cls: 0.4539, loss_bbox: 0.4016, loss_kps: 0.0000, loss: 0.8555
2026-09-22 09:20:57,291 - mmdet - INFO - Epoch [5][400/3488]	lr: 1.000e-03, eta: 9:45:00, time: 0.254, data_time: 0.036, memory: 8019, loss_cls: 0.4329, loss_bbox: 0.3879, loss_kps: 0.0000, loss: 0.8208
2026-09-22 09:21:10,001 - mmdet - INFO - Epoch [5][450/3488]	lr: 1.000e-03, eta: 9:43:58, time: 0.254, data_time: 0.039, memory: 8019, loss_cls: 0.4441, loss_bbox: 0.3986, loss_kps: 0.0000, loss: 0.8427
2026-09-22 09:21:22,650 - mmdet - INFO - Epoch [5][500/3488]	lr: 1.000e-03, eta: 9:42:57, time: 0.253, data_time: 0.039, memory: 8019, loss_cls: 0.4249, loss_bbox: 0.3915, loss_kps: 0.0000, loss: 0.8163
2026-09-22 09:21:35,780 - mmdet - INFO - Epoch [5][550/3488]	lr: 1.000e-03, eta: 9:41:58, time: 0.262, data_time: 0.050, memory: 8019, loss_cls: 0.4701, loss_bbox: 0.4142, loss_kps: 0.0000, loss: 0.8843
2026-09-22 09:21:48,801 - mmdet - INFO - Epoch [5][600/3488]	lr: 1.000e-03, eta: 9:41:00, time: 0.260, data_time: 0.034, memory: 8019, loss_cls: 0.4412, loss_bbox: 0.3976, loss_kps: 0.0000, loss: 0.8388
2026-09-22 09:22:01,249 - mmdet - INFO - Epoch [5][650/3488]	lr: 1.000e-03, eta: 9:39:58, time: 0.249, data_time: 0.036, memory: 8019, loss_cls: 0.4418, loss_bbox: 0.3920, loss_kps: 0.0000, loss: 0.8338
2026-09-22 09:22:13,994 - mmdet - INFO - Epoch [5][700/3488]	lr: 1.000e-03, eta: 9:38:58, time: 0.255, data_time: 0.039, memory: 8019, loss_cls: 0.4315, loss_bbox: 0.3943, loss_kps: 0.0000, loss: 0.8258
2026-09-22 09:22:26,544 - mmdet - INFO - Epoch [5][750/3488]	lr: 1.000e-03, eta: 9:37:57, time: 0.251, data_time: 0.039, memory: 8019, loss_cls: 0.4317, loss_bbox: 0.3845, loss_kps: 0.0000, loss: 0.8162
2026-09-22 09:22:39,465 - mmdet - INFO - Epoch [5][800/3488]	lr: 1.000e-03, eta: 9:36:59, time: 0.258, data_time: 0.038, memory: 8019, loss_cls: 0.4500, loss_bbox: 0.3879, loss_kps: 0.0000, loss: 0.8379
2026-09-22 09:22:52,078 - mmdet - INFO - Epoch [5][850/3488]	lr: 1.000e-03, eta: 9:36:00, time: 0.252, data_time: 0.036, memory: 8019, loss_cls: 0.4453, loss_bbox: 0.3968, loss_kps: 0.0000, loss: 0.8421
2026-09-22 09:23:04,729 - mmdet - INFO - Epoch [5][900/3488]	lr: 1.000e-03, eta: 9:35:01, time: 0.253, data_time: 0.036, memory: 8019, loss_cls: 0.4608, loss_bbox: 0.4021, loss_kps: 0.0000, loss: 0.8629
2026-09-22 09:23:17,123 - mmdet - INFO - Epoch [5][950/3488]	lr: 1.000e-03, eta: 9:34:00, time: 0.248, data_time: 0.036, memory: 8019, loss_cls: 0.4344, loss_bbox: 0.3895, loss_kps: 0.0000, loss: 0.8239
2026-09-22 09:23:29,643 - mmdet - INFO - Epoch [5][1000/3488]	lr: 1.000e-03, eta: 9:33:01, time: 0.250, data_time: 0.035, memory: 8019, loss_cls: 0.4365, loss_bbox: 0.3854, loss_kps: 0.0000, loss: 0.8219
2026-09-22 09:23:42,295 - mmdet - INFO - Epoch [5][1050/3488]	lr: 1.000e-03, eta: 9:32:03, time: 0.253, data_time: 0.037, memory: 8019, loss_cls: 0.4492, loss_bbox: 0.3839, loss_kps: 0.0000, loss: 0.8331
2026-09-22 09:23:54,811 - mmdet - INFO - Epoch [5][1100/3488]	lr: 1.000e-03, eta: 9:31:05, time: 0.250, data_time: 0.038, memory: 8019, loss_cls: 0.4461, loss_bbox: 0.3939, loss_kps: 0.0000, loss: 0.8400
2026-09-22 09:24:07,309 - mmdet - INFO - Epoch [5][1150/3488]	lr: 1.000e-03, eta: 9:30:06, time: 0.250, data_time: 0.037, memory: 8019, loss_cls: 0.4406, loss_bbox: 0.3912, loss_kps: 0.0000, loss: 0.8318
2026-09-22 09:24:19,926 - mmdet - INFO - Epoch [5][1200/3488]	lr: 1.000e-03, eta: 9:29:09, time: 0.252, data_time: 0.039, memory: 8019, loss_cls: 0.4324, loss_bbox: 0.3895, loss_kps: 0.0000, loss: 0.8219
2026-09-22 09:24:32,576 - mmdet - INFO - Epoch [5][1250/3488]	lr: 1.000e-03, eta: 9:28:12, time: 0.253, data_time: 0.036, memory: 8019, loss_cls: 0.4383, loss_bbox: 0.3947, loss_kps: 0.0000, loss: 0.8330
2026-09-22 09:24:45,114 - mmdet - INFO - Epoch [5][1300/3488]	lr: 1.000e-03, eta: 9:27:15, time: 0.251, data_time: 0.037, memory: 8019, loss_cls: 0.4410, loss_bbox: 0.3861, loss_kps: 0.0000, loss: 0.8271
2026-09-22 09:24:57,594 - mmdet - INFO - Epoch [5][1350/3488]	lr: 1.000e-03, eta: 9:26:17, time: 0.250, data_time: 0.036, memory: 8019, loss_cls: 0.4447, loss_bbox: 0.3862, loss_kps: 0.0000, loss: 0.8308
2026-09-22 09:25:10,276 - mmdet - INFO - Epoch [5][1400/3488]	lr: 1.000e-03, eta: 9:25:21, time: 0.254, data_time: 0.038, memory: 8019, loss_cls: 0.4536, loss_bbox: 0.3924, loss_kps: 0.0000, loss: 0.8460
2026-09-22 09:25:22,747 - mmdet - INFO - Epoch [5][1450/3488]	lr: 1.000e-03, eta: 9:24:25, time: 0.249, data_time: 0.036, memory: 8019, loss_cls: 0.4277, loss_bbox: 0.3895, loss_kps: 0.0000, loss: 0.8172
2026-09-22 09:25:35,210 - mmdet - INFO - Epoch [5][1500/3488]	lr: 1.000e-03, eta: 9:23:28, time: 0.249, data_time: 0.037, memory: 8019, loss_cls: 0.4558, loss_bbox: 0.4010, loss_kps: 0.0000, loss: 0.8568
2026-09-22 09:25:47,559 - mmdet - INFO - Epoch [5][1550/3488]	lr: 1.000e-03, eta: 9:22:31, time: 0.247, data_time: 0.037, memory: 8019, loss_cls: 0.4320, loss_bbox: 0.3893, loss_kps: 0.0000, loss: 0.8213
2026-09-22 09:25:59,948 - mmdet - INFO - Epoch [5][1600/3488]	lr: 1.000e-03, eta: 9:21:35, time: 0.248, data_time: 0.038, memory: 8019, loss_cls: 0.4302, loss_bbox: 0.3865, loss_kps: 0.0000, loss: 0.8166
2026-09-22 09:26:12,738 - mmdet - INFO - Epoch [5][1650/3488]	lr: 1.000e-03, eta: 9:20:41, time: 0.256, data_time: 0.038, memory: 8019, loss_cls: 0.4402, loss_bbox: 0.3906, loss_kps: 0.0000, loss: 0.8308
2026-09-22 09:26:25,650 - mmdet - INFO - Epoch [5][1700/3488]	lr: 1.000e-03, eta: 9:19:48, time: 0.258, data_time: 0.044, memory: 8019, loss_cls: 0.4396, loss_bbox: 0.3910, loss_kps: 0.0000, loss: 0.8306
2026-09-22 09:26:38,087 - mmdet - INFO - Epoch [5][1750/3488]	lr: 1.000e-03, eta: 9:18:53, time: 0.249, data_time: 0.035, memory: 8019, loss_cls: 0.4409, loss_bbox: 0.3955, loss_kps: 0.0000, loss: 0.8364
2026-09-22 09:26:50,510 - mmdet - INFO - Epoch [5][1800/3488]	lr: 1.000e-03, eta: 9:17:57, time: 0.248, data_time: 0.037, memory: 8019, loss_cls: 0.4321, loss_bbox: 0.3848, loss_kps: 0.0000, loss: 0.8169
2026-09-22 09:27:03,256 - mmdet - INFO - Epoch [5][1850/3488]	lr: 1.000e-03, eta: 9:17:04, time: 0.255, data_time: 0.037, memory: 8019, loss_cls: 0.4371, loss_bbox: 0.3911, loss_kps: 0.0000, loss: 0.8282
2026-09-22 09:27:15,732 - mmdet - INFO - Epoch [5][1900/3488]	lr: 1.000e-03, eta: 9:16:10, time: 0.250, data_time: 0.036, memory: 8019, loss_cls: 0.4559, loss_bbox: 0.3891, loss_kps: 0.0000, loss: 0.8450
2026-09-22 09:27:28,280 - mmdet - INFO - Epoch [5][1950/3488]	lr: 1.000e-03, eta: 9:15:16, time: 0.251, data_time: 0.036, memory: 8019, loss_cls: 0.4399, loss_bbox: 0.3884, loss_kps: 0.0000, loss: 0.8283
2026-09-22 09:27:40,931 - mmdet - INFO - Epoch [5][2000/3488]	lr: 1.000e-03, eta: 9:14:24, time: 0.253, data_time: 0.038, memory: 8019, loss_cls: 0.4351, loss_bbox: 0.3941, loss_kps: 0.0000, loss: 0.8292
2026-09-22 09:27:53,311 - mmdet - INFO - Epoch [5][2050/3488]	lr: 1.000e-03, eta: 9:13:30, time: 0.247, data_time: 0.037, memory: 8019, loss_cls: 0.4399, loss_bbox: 0.3901, loss_kps: 0.0000, loss: 0.8301
2026-09-22 09:28:05,805 - mmdet - INFO - Epoch [5][2100/3488]	lr: 1.000e-03, eta: 9:12:36, time: 0.250, data_time: 0.037, memory: 8019, loss_cls: 0.4385, loss_bbox: 0.3867, loss_kps: 0.0000, loss: 0.8252
2026-09-22 09:28:18,225 - mmdet - INFO - Epoch [5][2150/3488]	lr: 1.000e-03, eta: 9:11:43, time: 0.249, data_time: 0.037, memory: 8019, loss_cls: 0.4399, loss_bbox: 0.3873, loss_kps: 0.0000, loss: 0.8272
2026-09-22 09:28:30,839 - mmdet - INFO - Epoch [5][2200/3488]	lr: 1.000e-03, eta: 9:10:51, time: 0.252, data_time: 0.037, memory: 8019, loss_cls: 0.4516, loss_bbox: 0.3884, loss_kps: 0.0000, loss: 0.8400
2026-09-22 09:28:43,262 - mmdet - INFO - Epoch [5][2250/3488]	lr: 1.000e-03, eta: 9:09:58, time: 0.249, data_time: 0.037, memory: 8019, loss_cls: 0.4295, loss_bbox: 0.3878, loss_kps: 0.0000, loss: 0.8174
2026-09-22 09:28:55,815 - mmdet - INFO - Epoch [5][2300/3488]	lr: 1.000e-03, eta: 9:09:06, time: 0.251, data_time: 0.036, memory: 8019, loss_cls: 0.4533, loss_bbox: 0.3929, loss_kps: 0.0000, loss: 0.8462
2026-09-22 09:29:08,525 - mmdet - INFO - Epoch [5][2350/3488]	lr: 1.000e-03, eta: 9:08:16, time: 0.254, data_time: 0.038, memory: 8019, loss_cls: 0.4312, loss_bbox: 0.3856, loss_kps: 0.0000, loss: 0.8168
2026-09-22 09:29:21,109 - mmdet - INFO - Epoch [5][2400/3488]	lr: 1.000e-03, eta: 9:07:25, time: 0.252, data_time: 0.036, memory: 8019, loss_cls: 0.4208, loss_bbox: 0.3861, loss_kps: 0.0000, loss: 0.8069
2026-09-22 09:29:33,467 - mmdet - INFO - Epoch [5][2450/3488]	lr: 1.000e-03, eta: 9:06:32, time: 0.247, data_time: 0.036, memory: 8019, loss_cls: 0.4353, loss_bbox: 0.3835, loss_kps: 0.0000, loss: 0.8188
2026-09-22 09:29:45,961 - mmdet - INFO - Epoch [5][2500/3488]	lr: 1.000e-03, eta: 9:05:41, time: 0.250, data_time: 0.038, memory: 8019, loss_cls: 0.4241, loss_bbox: 0.3890, loss_kps: 0.0000, loss: 0.8131
2026-09-22 09:29:58,519 - mmdet - INFO - Epoch [5][2550/3488]	lr: 1.000e-03, eta: 9:04:50, time: 0.251, data_time: 0.037, memory: 8019, loss_cls: 0.4239, loss_bbox: 0.3815, loss_kps: 0.0000, loss: 0.8054
2026-09-22 09:30:11,170 - mmdet - INFO - Epoch [5][2600/3488]	lr: 1.000e-03, eta: 9:04:01, time: 0.253, data_time: 0.037, memory: 8019, loss_cls: 0.4346, loss_bbox: 0.3906, loss_kps: 0.0000, loss: 0.8252
2026-09-22 09:30:23,837 - mmdet - INFO - Epoch [5][2650/3488]	lr: 1.000e-03, eta: 9:03:11, time: 0.253, data_time: 0.037, memory: 8019, loss_cls: 0.4514, loss_bbox: 0.4010, loss_kps: 0.0000, loss: 0.8524
2026-09-22 09:30:36,361 - mmdet - INFO - Epoch [5][2700/3488]	lr: 1.000e-03, eta: 9:02:21, time: 0.250, data_time: 0.036, memory: 8019, loss_cls: 0.4316, loss_bbox: 0.3923, loss_kps: 0.0000, loss: 0.8239
2026-09-22 09:30:48,848 - mmdet - INFO - Epoch [5][2750/3488]	lr: 1.000e-03, eta: 9:01:31, time: 0.250, data_time: 0.035, memory: 8019, loss_cls: 0.4465, loss_bbox: 0.3802, loss_kps: 0.0000, loss: 0.8267
2026-09-22 09:31:01,413 - mmdet - INFO - Epoch [5][2800/3488]	lr: 1.000e-03, eta: 9:00:41, time: 0.251, data_time: 0.037, memory: 8019, loss_cls: 0.4272, loss_bbox: 0.3822, loss_kps: 0.0000, loss: 0.8094
2026-09-22 09:31:14,878 - mmdet - INFO - Epoch [5][2850/3488]	lr: 1.000e-03, eta: 8:59:57, time: 0.269, data_time: 0.045, memory: 8019, loss_cls: 0.4363, loss_bbox: 0.3843, loss_kps: 0.0000, loss: 0.8206
2026-09-22 09:31:27,395 - mmdet - INFO - Epoch [5][2900/3488]	lr: 1.000e-03, eta: 8:59:07, time: 0.250, data_time: 0.037, memory: 8019, loss_cls: 0.4549, loss_bbox: 0.3970, loss_kps: 0.0000, loss: 0.8520
2026-09-22 09:31:39,855 - mmdet - INFO - Epoch [5][2950/3488]	lr: 1.000e-03, eta: 8:58:18, time: 0.249, data_time: 0.035, memory: 8019, loss_cls: 0.4461, loss_bbox: 0.3897, loss_kps: 0.0000, loss: 0.8358
2026-09-22 09:31:52,430 - mmdet - INFO - Epoch [5][3000/3488]	lr: 1.000e-03, eta: 8:57:29, time: 0.251, data_time: 0.037, memory: 8019, loss_cls: 0.4203, loss_bbox: 0.3830, loss_kps: 0.0000, loss: 0.8033
2026-09-22 09:32:04,959 - mmdet - INFO - Epoch [5][3050/3488]	lr: 1.000e-03, eta: 8:56:41, time: 0.251, data_time: 0.036, memory: 8019, loss_cls: 0.4412, loss_bbox: 0.3842, loss_kps: 0.0000, loss: 0.8254
2026-09-22 09:32:17,767 - mmdet - INFO - Epoch [5][3100/3488]	lr: 1.000e-03, eta: 8:55:54, time: 0.256, data_time: 0.038, memory: 8019, loss_cls: 0.4288, loss_bbox: 0.3908, loss_kps: 0.0000, loss: 0.8196
2026-09-22 09:32:30,501 - mmdet - INFO - Epoch [5][3150/3488]	lr: 1.000e-03, eta: 8:55:07, time: 0.255, data_time: 0.038, memory: 8019, loss_cls: 0.4472, loss_bbox: 0.4024, loss_kps: 0.0000, loss: 0.8496
2026-09-22 09:32:43,209 - mmdet - INFO - Epoch [5][3200/3488]	lr: 1.000e-03, eta: 8:54:20, time: 0.254, data_time: 0.037, memory: 8019, loss_cls: 0.4402, loss_bbox: 0.3949, loss_kps: 0.0000, loss: 0.8351
2026-09-22 09:32:55,891 - mmdet - INFO - Epoch [5][3250/3488]	lr: 1.000e-03, eta: 8:53:33, time: 0.254, data_time: 0.039, memory: 8019, loss_cls: 0.4426, loss_bbox: 0.3930, loss_kps: 0.0000, loss: 0.8356
2026-09-22 09:33:08,578 - mmdet - INFO - Epoch [5][3300/3488]	lr: 1.000e-03, eta: 8:52:46, time: 0.254, data_time: 0.037, memory: 8019, loss_cls: 0.4395, loss_bbox: 0.3894, loss_kps: 0.0000, loss: 0.8290
2026-09-22 09:33:21,045 - mmdet - INFO - Epoch [5][3350/3488]	lr: 1.000e-03, eta: 8:51:58, time: 0.249, data_time: 0.038, memory: 8019, loss_cls: 0.4469, loss_bbox: 0.4026, loss_kps: 0.0000, loss: 0.8495
2026-09-22 09:33:33,651 - mmdet - INFO - Epoch [5][3400/3488]	lr: 1.000e-03, eta: 8:51:11, time: 0.252, data_time: 0.037, memory: 8019, loss_cls: 0.4556, loss_bbox: 0.3883, loss_kps: 0.0000, loss: 0.8440
2026-09-22 09:33:46,178 - mmdet - INFO - Epoch [5][3450/3488]	lr: 1.000e-03, eta: 8:50:24, time: 0.250, data_time: 0.037, memory: 8019, loss_cls: 0.4283, loss_bbox: 0.3858, loss_kps: 0.0000, loss: 0.8140
2026-09-22 09:33:55,092 - mmdet - INFO - Saving checkpoint at 5 epochs
2026-09-22 09:34:15,520 - mmdet - INFO - Epoch [6][50/3488]	lr: 1.000e-03, eta: 8:48:53, time: 0.404, data_time: 0.166, memory: 8019, loss_cls: 0.4389, loss_bbox: 0.3829, loss_kps: 0.0000, loss: 0.8218
2026-09-22 09:34:28,130 - mmdet - INFO - Epoch [6][100/3488]	lr: 1.000e-03, eta: 8:48:07, time: 0.252, data_time: 0.036, memory: 8019, loss_cls: 0.4428, loss_bbox: 0.3879, loss_kps: 0.0000, loss: 0.8307
2026-09-22 09:34:40,804 - mmdet - INFO - Epoch [6][150/3488]	lr: 1.000e-03, eta: 8:47:22, time: 0.254, data_time: 0.036, memory: 8019, loss_cls: 0.4249, loss_bbox: 0.3932, loss_kps: 0.0000, loss: 0.8181
2026-09-22 09:34:53,698 - mmdet - INFO - Epoch [6][200/3488]	lr: 1.000e-03, eta: 8:46:37, time: 0.258, data_time: 0.036, memory: 8019, loss_cls: 0.4165, loss_bbox: 0.3842, loss_kps: 0.0000, loss: 0.8007
2026-09-22 09:35:06,228 - mmdet - INFO - Epoch [6][250/3488]	lr: 1.000e-03, eta: 8:45:52, time: 0.251, data_time: 0.036, memory: 8019, loss_cls: 0.4324, loss_bbox: 0.3967, loss_kps: 0.0000, loss: 0.8291
2026-09-22 09:35:19,006 - mmdet - INFO - Epoch [6][300/3488]	lr: 1.000e-03, eta: 8:45:07, time: 0.256, data_time: 0.036, memory: 8019, loss_cls: 0.4238, loss_bbox: 0.3912, loss_kps: 0.0000, loss: 0.8151
2026-09-22 09:35:32,069 - mmdet - INFO - Epoch [6][350/3488]	lr: 1.000e-03, eta: 8:44:24, time: 0.261, data_time: 0.046, memory: 8019, loss_cls: 0.4248, loss_bbox: 0.3872, loss_kps: 0.0000, loss: 0.8120
2026-09-22 09:35:45,385 - mmdet - INFO - Epoch [6][400/3488]	lr: 1.000e-03, eta: 8:43:43, time: 0.266, data_time: 0.037, memory: 8019, loss_cls: 0.4509, loss_bbox: 0.3974, loss_kps: 0.0000, loss: 0.8484
2026-09-22 09:35:58,128 - mmdet - INFO - Epoch [6][450/3488]	lr: 1.000e-03, eta: 8:42:59, time: 0.255, data_time: 0.036, memory: 8019, loss_cls: 0.4416, loss_bbox: 0.3898, loss_kps: 0.0000, loss: 0.8314
2026-09-22 09:36:10,630 - mmdet - INFO - Epoch [6][500/3488]	lr: 1.000e-03, eta: 8:42:14, time: 0.250, data_time: 0.035, memory: 8019, loss_cls: 0.4401, loss_bbox: 0.4025, loss_kps: 0.0000, loss: 0.8426
2026-09-22 09:36:23,436 - mmdet - INFO - Epoch [6][550/3488]	lr: 1.000e-03, eta: 8:41:30, time: 0.256, data_time: 0.038, memory: 8019, loss_cls: 0.4429, loss_bbox: 0.3897, loss_kps: 0.0000, loss: 0.8326
2026-09-22 09:36:36,056 - mmdet - INFO - Epoch [6][600/3488]	lr: 1.000e-03, eta: 8:40:46, time: 0.252, data_time: 0.038, memory: 8019, loss_cls: 0.4235, loss_bbox: 0.3908, loss_kps: 0.0000, loss: 0.8143
2026-09-22 09:36:48,869 - mmdet - INFO - Epoch [6][650/3488]	lr: 1.000e-03, eta: 8:40:03, time: 0.256, data_time: 0.036, memory: 8019, loss_cls: 0.4355, loss_bbox: 0.3861, loss_kps: 0.0000, loss: 0.8215
2026-09-22 09:37:01,291 - mmdet - INFO - Epoch [6][700/3488]	lr: 1.000e-03, eta: 8:39:18, time: 0.248, data_time: 0.036, memory: 8019, loss_cls: 0.4423, loss_bbox: 0.3859, loss_kps: 0.0000, loss: 0.8282
2026-09-22 09:37:13,838 - mmdet - INFO - Epoch [6][750/3488]	lr: 1.000e-03, eta: 8:38:34, time: 0.251, data_time: 0.036, memory: 8019, loss_cls: 0.4338, loss_bbox: 0.3809, loss_kps: 0.0000, loss: 0.8147
2026-09-22 09:37:26,516 - mmdet - INFO - Epoch [6][800/3488]	lr: 1.000e-03, eta: 8:37:51, time: 0.254, data_time: 0.037, memory: 8019, loss_cls: 0.4502, loss_bbox: 0.3950, loss_kps: 0.0000, loss: 0.8452
2026-09-22 09:37:39,266 - mmdet - INFO - Epoch [6][850/3488]	lr: 1.000e-03, eta: 8:37:08, time: 0.255, data_time: 0.036, memory: 8019, loss_cls: 0.4227, loss_bbox: 0.3881, loss_kps: 0.0000, loss: 0.8109
2026-09-22 09:37:51,832 - mmdet - INFO - Epoch [6][900/3488]	lr: 1.000e-03, eta: 8:36:25, time: 0.251, data_time: 0.037, memory: 8019, loss_cls: 0.4502, loss_bbox: 0.4047, loss_kps: 0.0000, loss: 0.8549
2026-09-22 09:38:04,506 - mmdet - INFO - Epoch [6][950/3488]	lr: 1.000e-03, eta: 8:35:42, time: 0.253, data_time: 0.036, memory: 8019, loss_cls: 0.4375, loss_bbox: 0.3927, loss_kps: 0.0000, loss: 0.8302
2026-09-22 09:38:17,131 - mmdet - INFO - Epoch [6][1000/3488]	lr: 1.000e-03, eta: 8:35:00, time: 0.253, data_time: 0.038, memory: 8019, loss_cls: 0.4305, loss_bbox: 0.3829, loss_kps: 0.0000, loss: 0.8133
2026-09-22 09:38:29,778 - mmdet - INFO - Epoch [6][1050/3488]	lr: 1.000e-03, eta: 8:34:17, time: 0.253, data_time: 0.036, memory: 8019, loss_cls: 0.4462, loss_bbox: 0.4045, loss_kps: 0.0000, loss: 0.8507
2026-09-22 09:38:42,412 - mmdet - INFO - Epoch [6][1100/3488]	lr: 1.000e-03, eta: 8:33:35, time: 0.253, data_time: 0.036, memory: 8019, loss_cls: 0.4404, loss_bbox: 0.3931, loss_kps: 0.0000, loss: 0.8335
2026-09-22 09:38:55,113 - mmdet - INFO - Epoch [6][1150/3488]	lr: 1.000e-03, eta: 8:32:53, time: 0.254, data_time: 0.036, memory: 8019, loss_cls: 0.4445, loss_bbox: 0.3958, loss_kps: 0.0000, loss: 0.8402
2026-09-22 09:39:07,617 - mmdet - INFO - Epoch [6][1200/3488]	lr: 1.000e-03, eta: 8:32:10, time: 0.250, data_time: 0.036, memory: 8019, loss_cls: 0.4425, loss_bbox: 0.3912, loss_kps: 0.0000, loss: 0.8336
2026-09-22 09:39:19,957 - mmdet - INFO - Epoch [6][1250/3488]	lr: 1.000e-03, eta: 8:31:27, time: 0.247, data_time: 0.036, memory: 8019, loss_cls: 0.4334, loss_bbox: 0.3894, loss_kps: 0.0000, loss: 0.8228
2026-09-22 09:39:32,782 - mmdet - INFO - Epoch [6][1300/3488]	lr: 1.000e-03, eta: 8:30:46, time: 0.257, data_time: 0.037, memory: 8019, loss_cls: 0.4438, loss_bbox: 0.3923, loss_kps: 0.0000, loss: 0.8360
2026-09-22 09:39:45,458 - mmdet - INFO - Epoch [6][1350/3488]	lr: 1.000e-03, eta: 8:30:04, time: 0.254, data_time: 0.037, memory: 8019, loss_cls: 0.4408, loss_bbox: 0.3954, loss_kps: 0.0000, loss: 0.8363
2026-09-22 09:39:58,023 - mmdet - INFO - Epoch [6][1400/3488]	lr: 1.000e-03, eta: 8:29:23, time: 0.251, data_time: 0.038, memory: 8019, loss_cls: 0.4380, loss_bbox: 0.3868, loss_kps: 0.0000, loss: 0.8249
2026-09-22 09:40:10,930 - mmdet - INFO - Epoch [6][1450/3488]	lr: 1.000e-03, eta: 8:28:43, time: 0.258, data_time: 0.044, memory: 8019, loss_cls: 0.4393, loss_bbox: 0.3820, loss_kps: 0.0000, loss: 0.8213
2026-09-22 09:40:23,326 - mmdet - INFO - Epoch [6][1500/3488]	lr: 1.000e-03, eta: 8:28:00, time: 0.248, data_time: 0.036, memory: 8019, loss_cls: 0.4407, loss_bbox: 0.3841, loss_kps: 0.0000, loss: 0.8247
2026-09-22 09:40:35,935 - mmdet - INFO - Epoch [6][1550/3488]	lr: 1.000e-03, eta: 8:27:19, time: 0.252, data_time: 0.037, memory: 8019, loss_cls: 0.4420, loss_bbox: 0.3880, loss_kps: 0.0000, loss: 0.8300
2026-09-22 09:40:48,871 - mmdet - INFO - Epoch [6][1600/3488]	lr: 1.000e-03, eta: 8:26:40, time: 0.259, data_time: 0.036, memory: 8019, loss_cls: 0.4369, loss_bbox: 0.3917, loss_kps: 0.0000, loss: 0.8286
2026-09-22 09:41:01,615 - mmdet - INFO - Epoch [6][1650/3488]	lr: 1.000e-03, eta: 8:25:59, time: 0.255, data_time: 0.038, memory: 8019, loss_cls: 0.4466, loss_bbox: 0.3919, loss_kps: 0.0000, loss: 0.8385
2026-09-22 09:41:14,317 - mmdet - INFO - Epoch [6][1700/3488]	lr: 1.000e-03, eta: 8:25:19, time: 0.254, data_time: 0.036, memory: 8019, loss_cls: 0.4468, loss_bbox: 0.3926, loss_kps: 0.0000, loss: 0.8394
2026-09-22 09:41:26,887 - mmdet - INFO - Epoch [6][1750/3488]	lr: 1.000e-03, eta: 8:24:38, time: 0.251, data_time: 0.036, memory: 8019, loss_cls: 0.4431, loss_bbox: 0.4007, loss_kps: 0.0000, loss: 0.8438
2026-09-22 09:41:39,614 - mmdet - INFO - Epoch [6][1800/3488]	lr: 1.000e-03, eta: 8:23:59, time: 0.255, data_time: 0.038, memory: 8019, loss_cls: 0.4399, loss_bbox: 0.3986, loss_kps: 0.0000, loss: 0.8386
2026-09-22 09:41:52,258 - mmdet - INFO - Epoch [6][1850/3488]	lr: 1.000e-03, eta: 8:23:19, time: 0.253, data_time: 0.037, memory: 8019, loss_cls: 0.4314, loss_bbox: 0.3858, loss_kps: 0.0000, loss: 0.8171
2026-09-22 09:42:04,831 - mmdet - INFO - Epoch [6][1900/3488]	lr: 1.000e-03, eta: 8:22:38, time: 0.251, data_time: 0.035, memory: 8019, loss_cls: 0.4291, loss_bbox: 0.3928, loss_kps: 0.0000, loss: 0.8219
2026-09-22 09:42:17,490 - mmdet - INFO - Epoch [6][1950/3488]	lr: 1.000e-03, eta: 8:21:59, time: 0.253, data_time: 0.036, memory: 8019, loss_cls: 0.4363, loss_bbox: 0.3919, loss_kps: 0.0000, loss: 0.8282
2026-09-22 09:42:30,098 - mmdet - INFO - Epoch [6][2000/3488]	lr: 1.000e-03, eta: 8:21:19, time: 0.252, data_time: 0.037, memory: 8019, loss_cls: 0.4375, loss_bbox: 0.3872, loss_kps: 0.0000, loss: 0.8247
2026-09-22 09:42:42,761 - mmdet - INFO - Epoch [6][2050/3488]	lr: 1.000e-03, eta: 8:20:39, time: 0.253, data_time: 0.035, memory: 8019, loss_cls: 0.4360, loss_bbox: 0.3876, loss_kps: 0.0000, loss: 0.8236
2026-09-22 09:42:55,563 - mmdet - INFO - Epoch [6][2100/3488]	lr: 1.000e-03, eta: 8:20:01, time: 0.256, data_time: 0.037, memory: 8019, loss_cls: 0.4291, loss_bbox: 0.3785, loss_kps: 0.0000, loss: 0.8077
2026-09-22 09:43:07,995 - mmdet - INFO - Epoch [6][2150/3488]	lr: 1.000e-03, eta: 8:19:20, time: 0.249, data_time: 0.037, memory: 8019, loss_cls: 0.4336, loss_bbox: 0.4021, loss_kps: 0.0000, loss: 0.8357
2026-09-22 09:43:20,762 - mmdet - INFO - Epoch [6][2200/3488]	lr: 1.000e-03, eta: 8:18:42, time: 0.255, data_time: 0.038, memory: 8019, loss_cls: 0.4222, loss_bbox: 0.3823, loss_kps: 0.0000, loss: 0.8045
2026-09-22 09:43:33,429 - mmdet - INFO - Epoch [6][2250/3488]	lr: 1.000e-03, eta: 8:18:03, time: 0.253, data_time: 0.035, memory: 8019, loss_cls: 0.4394, loss_bbox: 0.3896, loss_kps: 0.0000, loss: 0.8290
2026-09-22 09:43:46,072 - mmdet - INFO - Epoch [6][2300/3488]	lr: 1.000e-03, eta: 8:17:24, time: 0.253, data_time: 0.036, memory: 8019, loss_cls: 0.4380, loss_bbox: 0.3840, loss_kps: 0.0000, loss: 0.8221
2026-09-22 09:43:58,641 - mmdet - INFO - Epoch [6][2350/3488]	lr: 1.000e-03, eta: 8:16:45, time: 0.251, data_time: 0.038, memory: 8019, loss_cls: 0.4353, loss_bbox: 0.3849, loss_kps: 0.0000, loss: 0.8202
2026-09-22 09:44:11,460 - mmdet - INFO - Epoch [6][2400/3488]	lr: 1.000e-03, eta: 8:16:07, time: 0.256, data_time: 0.037, memory: 8019, loss_cls: 0.4263, loss_bbox: 0.3884, loss_kps: 0.0000, loss: 0.8147
2026-09-22 09:44:24,206 - mmdet - INFO - Epoch [6][2450/3488]	lr: 1.000e-03, eta: 8:15:29, time: 0.255, data_time: 0.036, memory: 8019, loss_cls: 0.4430, loss_bbox: 0.3925, loss_kps: 0.0000, loss: 0.8354
2026-09-22 09:44:37,164 - mmdet - INFO - Epoch [6][2500/3488]	lr: 1.000e-03, eta: 8:14:52, time: 0.259, data_time: 0.046, memory: 8019, loss_cls: 0.4247, loss_bbox: 0.3778, loss_kps: 0.0000, loss: 0.8025
2026-09-22 09:44:49,751 - mmdet - INFO - Epoch [6][2550/3488]	lr: 1.000e-03, eta: 8:14:14, time: 0.252, data_time: 0.035, memory: 8019, loss_cls: 0.4327, loss_bbox: 0.3876, loss_kps: 0.0000, loss: 0.8203
2026-09-22 09:45:02,474 - mmdet - INFO - Epoch [6][2600/3488]	lr: 1.000e-03, eta: 8:13:36, time: 0.255, data_time: 0.037, memory: 8019, loss_cls: 0.4419, loss_bbox: 0.3899, loss_kps: 0.0000, loss: 0.8318
2026-09-22 09:45:15,271 - mmdet - INFO - Epoch [6][2650/3488]	lr: 1.000e-03, eta: 8:12:59, time: 0.256, data_time: 0.038, memory: 8019, loss_cls: 0.4374, loss_bbox: 0.3889, loss_kps: 0.0000, loss: 0.8262
2026-09-22 09:45:27,901 - mmdet - INFO - Epoch [6][2700/3488]	lr: 1.000e-03, eta: 8:12:21, time: 0.252, data_time: 0.037, memory: 8019, loss_cls: 0.4358, loss_bbox: 0.3907, loss_kps: 0.0000, loss: 0.8265
2026-09-22 09:45:40,561 - mmdet - INFO - Epoch [6][2750/3488]	lr: 1.000e-03, eta: 8:11:43, time: 0.253, data_time: 0.040, memory: 8019, loss_cls: 0.4393, loss_bbox: 0.3925, loss_kps: 0.0000, loss: 0.8318
2026-09-22 09:45:53,872 - mmdet - INFO - Epoch [6][2800/3488]	lr: 1.000e-03, eta: 8:11:08, time: 0.266, data_time: 0.036, memory: 8019, loss_cls: 0.4121, loss_bbox: 0.3747, loss_kps: 0.0000, loss: 0.7868
2026-09-22 09:46:06,438 - mmdet - INFO - Epoch [6][2850/3488]	lr: 1.000e-03, eta: 8:10:30, time: 0.251, data_time: 0.035, memory: 8019, loss_cls: 0.4473, loss_bbox: 0.3978, loss_kps: 0.0000, loss: 0.8451
2026-09-22 09:46:18,966 - mmdet - INFO - Epoch [6][2900/3488]	lr: 1.000e-03, eta: 8:09:53, time: 0.250, data_time: 0.036, memory: 8019, loss_cls: 0.4310, loss_bbox: 0.3915, loss_kps: 0.0000, loss: 0.8225
2026-09-22 09:46:31,448 - mmdet - INFO - Epoch [6][2950/3488]	lr: 1.000e-03, eta: 8:09:15, time: 0.250, data_time: 0.036, memory: 8019, loss_cls: 0.4370, loss_bbox: 0.3918, loss_kps: 0.0000, loss: 0.8288
2026-09-22 09:46:44,301 - mmdet - INFO - Epoch [6][3000/3488]	lr: 1.000e-03, eta: 8:08:38, time: 0.257, data_time: 0.037, memory: 8019, loss_cls: 0.4257, loss_bbox: 0.3806, loss_kps: 0.0000, loss: 0.8064
2026-09-22 09:46:57,020 - mmdet - INFO - Epoch [6][3050/3488]	lr: 1.000e-03, eta: 8:08:02, time: 0.254, data_time: 0.037, memory: 8019, loss_cls: 0.4314, loss_bbox: 0.3854, loss_kps: 0.0000, loss: 0.8168
2026-09-22 09:47:09,543 - mmdet - INFO - Epoch [6][3100/3488]	lr: 1.000e-03, eta: 8:07:24, time: 0.250, data_time: 0.035, memory: 8019, loss_cls: 0.4468, loss_bbox: 0.3889, loss_kps: 0.0000, loss: 0.8357
2026-09-22 09:47:22,229 - mmdet - INFO - Epoch [6][3150/3488]	lr: 1.000e-03, eta: 8:06:48, time: 0.254, data_time: 0.038, memory: 8019, loss_cls: 0.4143, loss_bbox: 0.3882, loss_kps: 0.0000, loss: 0.8024
2026-09-22 09:47:35,083 - mmdet - INFO - Epoch [6][3200/3488]	lr: 1.000e-03, eta: 8:06:12, time: 0.257, data_time: 0.037, memory: 8019, loss_cls: 0.4483, loss_bbox: 0.3960, loss_kps: 0.0000, loss: 0.8443
2026-09-22 09:47:47,792 - mmdet - INFO - Epoch [6][3250/3488]	lr: 1.000e-03, eta: 8:05:36, time: 0.254, data_time: 0.036, memory: 8019, loss_cls: 0.4280, loss_bbox: 0.3945, loss_kps: 0.0000, loss: 0.8225
2026-09-22 09:48:00,412 - mmdet - INFO - Epoch [6][3300/3488]	lr: 1.000e-03, eta: 8:04:59, time: 0.252, data_time: 0.037, memory: 8019, loss_cls: 0.4287, loss_bbox: 0.3786, loss_kps: 0.0000, loss: 0.8073
2026-09-22 09:48:13,016 - mmdet - INFO - Epoch [6][3350/3488]	lr: 1.000e-03, eta: 8:04:23, time: 0.252, data_time: 0.036, memory: 8019, loss_cls: 0.4351, loss_bbox: 0.3879, loss_kps: 0.0000, loss: 0.8229
2026-09-22 09:48:25,675 - mmdet - INFO - Epoch [6][3400/3488]	lr: 1.000e-03, eta: 8:03:47, time: 0.253, data_time: 0.036, memory: 8019, loss_cls: 0.4491, loss_bbox: 0.3983, loss_kps: 0.0000, loss: 0.8473
2026-09-22 09:48:38,320 - mmdet - INFO - Epoch [6][3450/3488]	lr: 1.000e-03, eta: 8:03:11, time: 0.253, data_time: 0.036, memory: 8019, loss_cls: 0.4578, loss_bbox: 0.4041, loss_kps: 0.0000, loss: 0.8619
2026-09-22 09:48:47,250 - mmdet - INFO - Saving checkpoint at 6 epochs
2026-09-22 09:49:07,537 - mmdet - INFO - Epoch [7][50/3488]	lr: 1.000e-03, eta: 8:01:59, time: 0.402, data_time: 0.176, memory: 8019, loss_cls: 0.4510, loss_bbox: 0.3919, loss_kps: 0.0000, loss: 0.8428
2026-09-22 09:49:20,316 - mmdet - INFO - Epoch [7][100/3488]	lr: 1.000e-03, eta: 8:01:24, time: 0.256, data_time: 0.037, memory: 8019, loss_cls: 0.4287, loss_bbox: 0.3925, loss_kps: 0.0000, loss: 0.8211
2026-09-22 09:49:32,974 - mmdet - INFO - Epoch [7][150/3488]	lr: 1.000e-03, eta: 8:00:48, time: 0.253, data_time: 0.037, memory: 8019, loss_cls: 0.4461, loss_bbox: 0.3900, loss_kps: 0.0000, loss: 0.8361
2026-09-22 09:49:45,709 - mmdet - INFO - Epoch [7][200/3488]	lr: 1.000e-03, eta: 8:00:13, time: 0.255, data_time: 0.037, memory: 8019, loss_cls: 0.4276, loss_bbox: 0.3850, loss_kps: 0.0000, loss: 0.8126
2026-09-22 09:49:58,756 - mmdet - INFO - Epoch [7][250/3488]	lr: 1.000e-03, eta: 7:59:39, time: 0.261, data_time: 0.037, memory: 8019, loss_cls: 0.4281, loss_bbox: 0.3909, loss_kps: 0.0000, loss: 0.8190
2026-09-22 09:50:11,322 - mmdet - INFO - Epoch [7][300/3488]	lr: 1.000e-03, eta: 7:59:03, time: 0.251, data_time: 0.035, memory: 8019, loss_cls: 0.4229, loss_bbox: 0.3793, loss_kps: 0.0000, loss: 0.8022
2026-09-22 09:50:23,921 - mmdet - INFO - Epoch [7][350/3488]	lr: 1.000e-03, eta: 7:58:28, time: 0.252, data_time: 0.035, memory: 8019, loss_cls: 0.4257, loss_bbox: 0.3835, loss_kps: 0.0000, loss: 0.8092
2026-09-22 09:50:36,288 - mmdet - INFO - Epoch [7][400/3488]	lr: 1.000e-03, eta: 7:57:52, time: 0.247, data_time: 0.036, memory: 8019, loss_cls: 0.4228, loss_bbox: 0.3899, loss_kps: 0.0000, loss: 0.8128
2026-09-22 09:50:48,842 - mmdet - INFO - Epoch [7][450/3488]	lr: 1.000e-03, eta: 7:57:17, time: 0.251, data_time: 0.036, memory: 8019, loss_cls: 0.4252, loss_bbox: 0.3870, loss_kps: 0.0000, loss: 0.8122
2026-09-22 09:51:01,384 - mmdet - INFO - Epoch [7][500/3488]	lr: 1.000e-03, eta: 7:56:41, time: 0.251, data_time: 0.035, memory: 8019, loss_cls: 0.4212, loss_bbox: 0.3922, loss_kps: 0.0000, loss: 0.8134
2026-09-22 09:51:13,986 - mmdet - INFO - Epoch [7][550/3488]	lr: 1.000e-03, eta: 7:56:06, time: 0.252, data_time: 0.035, memory: 8019, loss_cls: 0.4395, loss_bbox: 0.3993, loss_kps: 0.0000, loss: 0.8388
2026-09-22 09:51:26,747 - mmdet - INFO - Epoch [7][600/3488]	lr: 1.000e-03, eta: 7:55:32, time: 0.255, data_time: 0.037, memory: 8019, loss_cls: 0.4261, loss_bbox: 0.3855, loss_kps: 0.0000, loss: 0.8116
2026-09-22 09:51:39,384 - mmdet - INFO - Epoch [7][650/3488]	lr: 1.000e-03, eta: 7:54:58, time: 0.253, data_time: 0.037, memory: 8019, loss_cls: 0.4441, loss_bbox: 0.3993, loss_kps: 0.0000, loss: 0.8435
2026-09-22 09:51:51,896 - mmdet - INFO - Epoch [7][700/3488]	lr: 1.000e-03, eta: 7:54:23, time: 0.250, data_time: 0.036, memory: 8019, loss_cls: 0.4333, loss_bbox: 0.3853, loss_kps: 0.0000, loss: 0.8186
2026-09-22 09:52:04,906 - mmdet - INFO - Epoch [7][750/3488]	lr: 1.000e-03, eta: 7:53:50, time: 0.260, data_time: 0.045, memory: 8019, loss_cls: 0.4447, loss_bbox: 0.3849, loss_kps: 0.0000, loss: 0.8296
2026-09-22 09:52:17,615 - mmdet - INFO - Epoch [7][800/3488]	lr: 1.000e-03, eta: 7:53:16, time: 0.254, data_time: 0.035, memory: 8019, loss_cls: 0.4312, loss_bbox: 0.3751, loss_kps: 0.0000, loss: 0.8063
2026-09-22 09:52:30,357 - mmdet - INFO - Epoch [7][850/3488]	lr: 1.000e-03, eta: 7:52:42, time: 0.255, data_time: 0.038, memory: 8019, loss_cls: 0.4321, loss_bbox: 0.3926, loss_kps: 0.0000, loss: 0.8247
2026-09-22 09:52:43,156 - mmdet - INFO - Epoch [7][900/3488]	lr: 1.000e-03, eta: 7:52:08, time: 0.256, data_time: 0.035, memory: 8019, loss_cls: 0.4252, loss_bbox: 0.4007, loss_kps: 0.0000, loss: 0.8260
2026-09-22 09:52:55,705 - mmdet - INFO - Epoch [7][950/3488]	lr: 1.000e-03, eta: 7:51:34, time: 0.251, data_time: 0.036, memory: 8019, loss_cls: 0.4436, loss_bbox: 0.3926, loss_kps: 0.0000, loss: 0.8362
2026-09-22 09:53:08,810 - mmdet - INFO - Epoch [7][1000/3488]	lr: 1.000e-03, eta: 7:51:02, time: 0.262, data_time: 0.045, memory: 8019, loss_cls: 0.4182, loss_bbox: 0.3741, loss_kps: 0.0000, loss: 0.7923
2026-09-22 09:53:22,423 - mmdet - INFO - Epoch [7][1050/3488]	lr: 1.000e-03, eta: 7:50:32, time: 0.272, data_time: 0.054, memory: 8019, loss_cls: 0.4219, loss_bbox: 0.3820, loss_kps: 0.0000, loss: 0.8039
2026-09-22 09:53:35,885 - mmdet - INFO - Epoch [7][1100/3488]	lr: 1.000e-03, eta: 7:50:01, time: 0.269, data_time: 0.056, memory: 8019, loss_cls: 0.4500, loss_bbox: 0.3944, loss_kps: 0.0000, loss: 0.8444
2026-09-22 09:53:48,791 - mmdet - INFO - Epoch [7][1150/3488]	lr: 1.000e-03, eta: 7:49:28, time: 0.258, data_time: 0.044, memory: 8019, loss_cls: 0.4507, loss_bbox: 0.3934, loss_kps: 0.0000, loss: 0.8441
2026-09-22 09:54:01,275 - mmdet - INFO - Epoch [7][1200/3488]	lr: 1.000e-03, eta: 7:48:54, time: 0.250, data_time: 0.036, memory: 8019, loss_cls: 0.4320, loss_bbox: 0.4007, loss_kps: 0.0000, loss: 0.8327
2026-09-22 09:54:14,489 - mmdet - INFO - Epoch [7][1250/3488]	lr: 1.000e-03, eta: 7:48:23, time: 0.264, data_time: 0.035, memory: 8019, loss_cls: 0.4353, loss_bbox: 0.3867, loss_kps: 0.0000, loss: 0.8221
2026-09-22 09:54:27,056 - mmdet - INFO - Epoch [7][1300/3488]	lr: 1.000e-03, eta: 7:47:49, time: 0.251, data_time: 0.034, memory: 8019, loss_cls: 0.4212, loss_bbox: 0.3823, loss_kps: 0.0000, loss: 0.8034
2026-09-22 09:54:39,883 - mmdet - INFO - Epoch [7][1350/3488]	lr: 1.000e-03, eta: 7:47:17, time: 0.257, data_time: 0.036, memory: 8019, loss_cls: 0.4404, loss_bbox: 0.3862, loss_kps: 0.0000, loss: 0.8265
2026-09-22 09:54:52,548 - mmdet - INFO - Epoch [7][1400/3488]	lr: 1.000e-03, eta: 7:46:44, time: 0.253, data_time: 0.037, memory: 8019, loss_cls: 0.4590, loss_bbox: 0.3983, loss_kps: 0.0000, loss: 0.8573
2026-09-22 09:55:05,100 - mmdet - INFO - Epoch [7][1450/3488]	lr: 1.000e-03, eta: 7:46:10, time: 0.251, data_time: 0.035, memory: 8019, loss_cls: 0.4272, loss_bbox: 0.3880, loss_kps: 0.0000, loss: 0.8152
2026-09-22 09:55:17,714 - mmdet - INFO - Epoch [7][1500/3488]	lr: 1.000e-03, eta: 7:45:37, time: 0.252, data_time: 0.035, memory: 8019, loss_cls: 0.4311, loss_bbox: 0.3782, loss_kps: 0.0000, loss: 0.8093
2026-09-22 09:55:30,168 - mmdet - INFO - Epoch [7][1550/3488]	lr: 1.000e-03, eta: 7:45:04, time: 0.249, data_time: 0.035, memory: 8019, loss_cls: 0.4112, loss_bbox: 0.3853, loss_kps: 0.0000, loss: 0.7965
2026-09-22 09:55:42,976 - mmdet - INFO - Epoch [7][1600/3488]	lr: 1.000e-03, eta: 7:44:31, time: 0.256, data_time: 0.034, memory: 8019, loss_cls: 0.4267, loss_bbox: 0.3926, loss_kps: 0.0000, loss: 0.8194
2026-09-22 09:55:55,711 - mmdet - INFO - Epoch [7][1650/3488]	lr: 1.000e-03, eta: 7:43:59, time: 0.255, data_time: 0.035, memory: 8019, loss_cls: 0.4215, loss_bbox: 0.3800, loss_kps: 0.0000, loss: 0.8015
2026-09-22 09:56:08,560 - mmdet - INFO - Epoch [7][1700/3488]	lr: 1.000e-03, eta: 7:43:27, time: 0.257, data_time: 0.037, memory: 8019, loss_cls: 0.4228, loss_bbox: 0.3888, loss_kps: 0.0000, loss: 0.8116
2026-09-22 09:56:21,368 - mmdet - INFO - Epoch [7][1750/3488]	lr: 1.000e-03, eta: 7:42:55, time: 0.256, data_time: 0.034, memory: 8019, loss_cls: 0.4281, loss_bbox: 0.3759, loss_kps: 0.0000, loss: 0.8040
2026-09-22 09:56:34,099 - mmdet - INFO - Epoch [7][1800/3488]	lr: 1.000e-03, eta: 7:42:23, time: 0.255, data_time: 0.039, memory: 8019, loss_cls: 0.4193, loss_bbox: 0.3807, loss_kps: 0.0000, loss: 0.8000
2026-09-22 09:56:46,833 - mmdet - INFO - Epoch [7][1850/3488]	lr: 1.000e-03, eta: 7:41:51, time: 0.255, data_time: 0.034, memory: 8019, loss_cls: 0.4316, loss_bbox: 0.3886, loss_kps: 0.0000, loss: 0.8202
2026-09-22 09:56:59,292 - mmdet - INFO - Epoch [7][1900/3488]	lr: 1.000e-03, eta: 7:41:18, time: 0.249, data_time: 0.035, memory: 8019, loss_cls: 0.4443, loss_bbox: 0.3858, loss_kps: 0.0000, loss: 0.8301
2026-09-22 09:57:11,807 - mmdet - INFO - Epoch [7][1950/3488]	lr: 1.000e-03, eta: 7:40:45, time: 0.250, data_time: 0.037, memory: 8019, loss_cls: 0.4433, loss_bbox: 0.3897, loss_kps: 0.0000, loss: 0.8330
2026-09-22 09:57:24,504 - mmdet - INFO - Epoch [7][2000/3488]	lr: 1.000e-03, eta: 7:40:14, time: 0.254, data_time: 0.044, memory: 8019, loss_cls: 0.4359, loss_bbox: 0.3966, loss_kps: 0.0000, loss: 0.8325
2026-09-22 09:57:37,084 - mmdet - INFO - Epoch [7][2050/3488]	lr: 1.000e-03, eta: 7:39:41, time: 0.252, data_time: 0.037, memory: 8019, loss_cls: 0.4428, loss_bbox: 0.3905, loss_kps: 0.0000, loss: 0.8333
2026-09-22 09:57:49,815 - mmdet - INFO - Epoch [7][2100/3488]	lr: 1.000e-03, eta: 7:39:10, time: 0.255, data_time: 0.036, memory: 8019, loss_cls: 0.4215, loss_bbox: 0.3794, loss_kps: 0.0000, loss: 0.8009
2026-09-22 09:58:02,197 - mmdet - INFO - Epoch [7][2150/3488]	lr: 1.000e-03, eta: 7:38:37, time: 0.248, data_time: 0.035, memory: 8019, loss_cls: 0.4349, loss_bbox: 0.3876, loss_kps: 0.0000, loss: 0.8224
2026-09-22 09:58:14,855 - mmdet - INFO - Epoch [7][2200/3488]	lr: 1.000e-03, eta: 7:38:05, time: 0.253, data_time: 0.036, memory: 8019, loss_cls: 0.4371, loss_bbox: 0.3856, loss_kps: 0.0000, loss: 0.8226
2026-09-22 09:58:27,609 - mmdet - INFO - Epoch [7][2250/3488]	lr: 1.000e-03, eta: 7:37:34, time: 0.255, data_time: 0.035, memory: 8019, loss_cls: 0.4234, loss_bbox: 0.3891, loss_kps: 0.0000, loss: 0.8125
2026-09-22 09:58:40,285 - mmdet - INFO - Epoch [7][2300/3488]	lr: 1.000e-03, eta: 7:37:02, time: 0.254, data_time: 0.037, memory: 8019, loss_cls: 0.4198, loss_bbox: 0.3843, loss_kps: 0.0000, loss: 0.8041
2026-09-22 09:58:52,843 - mmdet - INFO - Epoch [7][2350/3488]	lr: 1.000e-03, eta: 7:36:31, time: 0.251, data_time: 0.039, memory: 8019, loss_cls: 0.4420, loss_bbox: 0.3832, loss_kps: 0.0000, loss: 0.8252
2026-09-22 09:59:05,453 - mmdet - INFO - Epoch [7][2400/3488]	lr: 1.000e-03, eta: 7:35:59, time: 0.252, data_time: 0.037, memory: 8019, loss_cls: 0.4191, loss_bbox: 0.3842, loss_kps: 0.0000, loss: 0.8032
2026-09-22 09:59:17,948 - mmdet - INFO - Epoch [7][2450/3488]	lr: 1.000e-03, eta: 7:35:27, time: 0.250, data_time: 0.037, memory: 8019, loss_cls: 0.4412, loss_bbox: 0.3912, loss_kps: 0.0000, loss: 0.8324
2026-09-22 09:59:30,622 - mmdet - INFO - Epoch [7][2500/3488]	lr: 1.000e-03, eta: 7:34:56, time: 0.253, data_time: 0.038, memory: 8019, loss_cls: 0.4315, loss_bbox: 0.3824, loss_kps: 0.0000, loss: 0.8139
2026-09-22 09:59:43,055 - mmdet - INFO - Epoch [7][2550/3488]	lr: 1.000e-03, eta: 7:34:24, time: 0.249, data_time: 0.035, memory: 8019, loss_cls: 0.4433, loss_bbox: 0.4062, loss_kps: 0.0000, loss: 0.8495
2026-09-22 09:59:55,421 - mmdet - INFO - Epoch [7][2600/3488]	lr: 1.000e-03, eta: 7:33:52, time: 0.247, data_time: 0.036, memory: 8019, loss_cls: 0.4283, loss_bbox: 0.3833, loss_kps: 0.0000, loss: 0.8116
2026-09-22 10:00:08,196 - mmdet - INFO - Epoch [7][2650/3488]	lr: 1.000e-03, eta: 7:33:21, time: 0.255, data_time: 0.037, memory: 8019, loss_cls: 0.4294, loss_bbox: 0.3796, loss_kps: 0.0000, loss: 0.8090
2026-09-22 10:00:20,960 - mmdet - INFO - Epoch [7][2700/3488]	lr: 1.000e-03, eta: 7:32:51, time: 0.255, data_time: 0.035, memory: 8019, loss_cls: 0.4416, loss_bbox: 0.3909, loss_kps: 0.0000, loss: 0.8325
2026-09-22 10:00:33,609 - mmdet - INFO - Epoch [7][2750/3488]	lr: 1.000e-03, eta: 7:32:20, time: 0.253, data_time: 0.035, memory: 8019, loss_cls: 0.4387, loss_bbox: 0.3909, loss_kps: 0.0000, loss: 0.8296
2026-09-22 10:00:46,010 - mmdet - INFO - Epoch [7][2800/3488]	lr: 1.000e-03, eta: 7:31:48, time: 0.248, data_time: 0.038, memory: 8019, loss_cls: 0.4347, loss_bbox: 0.3836, loss_kps: 0.0000, loss: 0.8183
2026-09-22 10:00:58,418 - mmdet - INFO - Epoch [7][2850/3488]	lr: 1.000e-03, eta: 7:31:17, time: 0.248, data_time: 0.035, memory: 8019, loss_cls: 0.4451, loss_bbox: 0.3917, loss_kps: 0.0000, loss: 0.8368
2026-09-22 10:01:10,954 - mmdet - INFO - Epoch [7][2900/3488]	lr: 1.000e-03, eta: 7:30:46, time: 0.251, data_time: 0.036, memory: 8019, loss_cls: 0.4297, loss_bbox: 0.3818, loss_kps: 0.0000, loss: 0.8115
2026-09-22 10:01:23,596 - mmdet - INFO - Epoch [7][2950/3488]	lr: 1.000e-03, eta: 7:30:15, time: 0.253, data_time: 0.038, memory: 8019, loss_cls: 0.4381, loss_bbox: 0.3922, loss_kps: 0.0000, loss: 0.8304
2026-09-22 10:01:36,286 - mmdet - INFO - Epoch [7][3000/3488]	lr: 1.000e-03, eta: 7:29:45, time: 0.254, data_time: 0.035, memory: 8019, loss_cls: 0.4376, loss_bbox: 0.3907, loss_kps: 0.0000, loss: 0.8283
2026-09-22 10:01:48,603 - mmdet - INFO - Epoch [7][3050/3488]	lr: 1.000e-03, eta: 7:29:13, time: 0.246, data_time: 0.036, memory: 8019, loss_cls: 0.4323, loss_bbox: 0.3864, loss_kps: 0.0000, loss: 0.8187
2026-09-22 10:02:00,966 - mmdet - INFO - Epoch [7][3100/3488]	lr: 1.000e-03, eta: 7:28:42, time: 0.247, data_time: 0.035, memory: 8019, loss_cls: 0.4381, loss_bbox: 0.3890, loss_kps: 0.0000, loss: 0.8271
2026-09-22 10:02:13,703 - mmdet - INFO - Epoch [7][3150/3488]	lr: 1.000e-03, eta: 7:28:12, time: 0.255, data_time: 0.045, memory: 8019, loss_cls: 0.4515, loss_bbox: 0.3851, loss_kps: 0.0000, loss: 0.8365
2026-09-22 10:02:26,415 - mmdet - INFO - Epoch [7][3200/3488]	lr: 1.000e-03, eta: 7:27:42, time: 0.254, data_time: 0.037, memory: 8019, loss_cls: 0.4416, loss_bbox: 0.3833, loss_kps: 0.0000, loss: 0.8248
2026-09-22 10:02:38,883 - mmdet - INFO - Epoch [7][3250/3488]	lr: 1.000e-03, eta: 7:27:12, time: 0.249, data_time: 0.036, memory: 8019, loss_cls: 0.4246, loss_bbox: 0.3771, loss_kps: 0.0000, loss: 0.8017
2026-09-22 10:02:51,370 - mmdet - INFO - Epoch [7][3300/3488]	lr: 1.000e-03, eta: 7:26:41, time: 0.250, data_time: 0.038, memory: 8019, loss_cls: 0.4595, loss_bbox: 0.3998, loss_kps: 0.0000, loss: 0.8593
2026-09-22 10:03:03,654 - mmdet - INFO - Epoch [7][3350/3488]	lr: 1.000e-03, eta: 7:26:10, time: 0.246, data_time: 0.036, memory: 8019, loss_cls: 0.4250, loss_bbox: 0.3818, loss_kps: 0.0000, loss: 0.8068
2026-09-22 10:03:16,331 - mmdet - INFO - Epoch [7][3400/3488]	lr: 1.000e-03, eta: 7:25:40, time: 0.254, data_time: 0.038, memory: 8019, loss_cls: 0.4350, loss_bbox: 0.3878, loss_kps: 0.0000, loss: 0.8228
2026-09-22 10:03:28,918 - mmdet - INFO - Epoch [7][3450/3488]	lr: 1.000e-03, eta: 7:25:10, time: 0.252, data_time: 0.037, memory: 8019, loss_cls: 0.4255, loss_bbox: 0.3849, loss_kps: 0.0000, loss: 0.8104
2026-09-22 10:03:37,940 - mmdet - INFO - Saving checkpoint at 7 epochs
2026-09-22 10:03:58,139 - mmdet - INFO - Epoch [8][50/3488]	lr: 1.000e-03, eta: 7:24:10, time: 0.400, data_time: 0.166, memory: 8019, loss_cls: 0.4153, loss_bbox: 0.3808, loss_kps: 0.0000, loss: 0.7960
2026-09-22 10:04:10,918 - mmdet - INFO - Epoch [8][100/3488]	lr: 1.000e-03, eta: 7:23:41, time: 0.256, data_time: 0.038, memory: 8019, loss_cls: 0.4151, loss_bbox: 0.3883, loss_kps: 0.0000, loss: 0.8034
2026-09-22 10:04:23,539 - mmdet - INFO - Epoch [8][150/3488]	lr: 1.000e-03, eta: 7:23:11, time: 0.252, data_time: 0.037, memory: 8019, loss_cls: 0.4229, loss_bbox: 0.3829, loss_kps: 0.0000, loss: 0.8058
2026-09-22 10:04:36,387 - mmdet - INFO - Epoch [8][200/3488]	lr: 1.000e-03, eta: 7:22:43, time: 0.257, data_time: 0.035, memory: 8019, loss_cls: 0.4365, loss_bbox: 0.3849, loss_kps: 0.0000, loss: 0.8214
2026-09-22 10:04:48,975 - mmdet - INFO - Epoch [8][250/3488]	lr: 1.000e-03, eta: 7:22:13, time: 0.252, data_time: 0.038, memory: 8019, loss_cls: 0.4105, loss_bbox: 0.3849, loss_kps: 0.0000, loss: 0.7954
2026-09-22 10:05:01,666 - mmdet - INFO - Epoch [8][300/3488]	lr: 1.000e-03, eta: 7:21:44, time: 0.254, data_time: 0.038, memory: 8019, loss_cls: 0.4362, loss_bbox: 0.3949, loss_kps: 0.0000, loss: 0.8312
2026-09-22 10:05:14,205 - mmdet - INFO - Epoch [8][350/3488]	lr: 1.000e-03, eta: 7:21:14, time: 0.251, data_time: 0.036, memory: 8019, loss_cls: 0.4113, loss_bbox: 0.3710, loss_kps: 0.0000, loss: 0.7823
2026-09-22 10:05:26,616 - mmdet - INFO - Epoch [8][400/3488]	lr: 1.000e-03, eta: 7:20:44, time: 0.248, data_time: 0.037, memory: 8019, loss_cls: 0.4302, loss_bbox: 0.3952, loss_kps: 0.0000, loss: 0.8254
2026-09-22 10:05:39,406 - mmdet - INFO - Epoch [8][450/3488]	lr: 1.000e-03, eta: 7:20:16, time: 0.256, data_time: 0.038, memory: 8019, loss_cls: 0.4442, loss_bbox: 0.3848, loss_kps: 0.0000, loss: 0.8290
2026-09-22 10:05:52,071 - mmdet - INFO - Epoch [8][500/3488]	lr: 1.000e-03, eta: 7:19:47, time: 0.253, data_time: 0.038, memory: 8019, loss_cls: 0.4327, loss_bbox: 0.3912, loss_kps: 0.0000, loss: 0.8239
2026-09-22 10:06:04,542 - mmdet - INFO - Epoch [8][550/3488]	lr: 1.000e-03, eta: 7:19:17, time: 0.249, data_time: 0.037, memory: 8019, loss_cls: 0.4377, loss_bbox: 0.3889, loss_kps: 0.0000, loss: 0.8266
2026-09-22 10:06:17,065 - mmdet - INFO - Epoch [8][600/3488]	lr: 1.000e-03, eta: 7:18:48, time: 0.250, data_time: 0.036, memory: 8019, loss_cls: 0.4297, loss_bbox: 0.3820, loss_kps: 0.0000, loss: 0.8117
2026-09-22 10:06:29,688 - mmdet - INFO - Epoch [8][650/3488]	lr: 1.000e-03, eta: 7:18:19, time: 0.252, data_time: 0.037, memory: 8019, loss_cls: 0.4400, loss_bbox: 0.3865, loss_kps: 0.0000, loss: 0.8265
2026-09-22 10:06:42,671 - mmdet - INFO - Epoch [8][700/3488]	lr: 1.000e-03, eta: 7:17:51, time: 0.260, data_time: 0.044, memory: 8019, loss_cls: 0.4191, loss_bbox: 0.3870, loss_kps: 0.0000, loss: 0.8061
2026-09-22 10:06:55,387 - mmdet - INFO - Epoch [8][750/3488]	lr: 1.000e-03, eta: 7:17:22, time: 0.254, data_time: 0.038, memory: 8019, loss_cls: 0.4349, loss_bbox: 0.3944, loss_kps: 0.0000, loss: 0.8293
2026-09-22 10:07:07,880 - mmdet - INFO - Epoch [8][800/3488]	lr: 1.000e-03, eta: 7:16:53, time: 0.250, data_time: 0.038, memory: 8019, loss_cls: 0.4373, loss_bbox: 0.3855, loss_kps: 0.0000, loss: 0.8228
2026-09-22 10:07:20,273 - mmdet - INFO - Epoch [8][850/3488]	lr: 1.000e-03, eta: 7:16:24, time: 0.248, data_time: 0.038, memory: 8019, loss_cls: 0.4387, loss_bbox: 0.3986, loss_kps: 0.0000, loss: 0.8373
2026-09-22 10:07:32,986 - mmdet - INFO - Epoch [8][900/3488]	lr: 1.000e-03, eta: 7:15:56, time: 0.254, data_time: 0.036, memory: 8019, loss_cls: 0.4260, loss_bbox: 0.3844, loss_kps: 0.0000, loss: 0.8105
2026-09-22 10:07:45,620 - mmdet - INFO - Epoch [8][950/3488]	lr: 1.000e-03, eta: 7:15:27, time: 0.252, data_time: 0.037, memory: 8019, loss_cls: 0.4457, loss_bbox: 0.3911, loss_kps: 0.0000, loss: 0.8368
2026-09-22 10:07:58,336 - mmdet - INFO - Epoch [8][1000/3488]	lr: 1.000e-03, eta: 7:14:59, time: 0.254, data_time: 0.038, memory: 8019, loss_cls: 0.4238, loss_bbox: 0.3879, loss_kps: 0.0000, loss: 0.8117
2026-09-22 10:08:10,730 - mmdet - INFO - Epoch [8][1050/3488]	lr: 1.000e-03, eta: 7:14:30, time: 0.248, data_time: 0.037, memory: 8019, loss_cls: 0.4461, loss_bbox: 0.3861, loss_kps: 0.0000, loss: 0.8322
2026-09-22 10:08:23,165 - mmdet - INFO - Epoch [8][1100/3488]	lr: 1.000e-03, eta: 7:14:01, time: 0.249, data_time: 0.036, memory: 8019, loss_cls: 0.4410, loss_bbox: 0.3880, loss_kps: 0.0000, loss: 0.8290
2026-09-22 10:08:35,679 - mmdet - INFO - Epoch [8][1150/3488]	lr: 1.000e-03, eta: 7:13:32, time: 0.250, data_time: 0.037, memory: 8019, loss_cls: 0.4181, loss_bbox: 0.3847, loss_kps: 0.0000, loss: 0.8028
2026-09-22 10:08:48,028 - mmdet - INFO - Epoch [8][1200/3488]	lr: 1.000e-03, eta: 7:13:03, time: 0.247, data_time: 0.036, memory: 8019, loss_cls: 0.4335, loss_bbox: 0.3887, loss_kps: 0.0000, loss: 0.8222
2026-09-22 10:09:00,916 - mmdet - INFO - Epoch [8][1250/3488]	lr: 1.000e-03, eta: 7:12:36, time: 0.258, data_time: 0.035, memory: 8019, loss_cls: 0.4177, loss_bbox: 0.3867, loss_kps: 0.0000, loss: 0.8044
2026-09-22 10:09:13,289 - mmdet - INFO - Epoch [8][1300/3488]	lr: 1.000e-03, eta: 7:12:07, time: 0.247, data_time: 0.037, memory: 8019, loss_cls: 0.4290, loss_bbox: 0.3842, loss_kps: 0.0000, loss: 0.8132
2026-09-22 10:09:25,881 - mmdet - INFO - Epoch [8][1350/3488]	lr: 1.000e-03, eta: 7:11:38, time: 0.252, data_time: 0.036, memory: 8019, loss_cls: 0.4281, loss_bbox: 0.3958, loss_kps: 0.0000, loss: 0.8240
2026-09-22 10:09:38,492 - mmdet - INFO - Epoch [8][1400/3488]	lr: 1.000e-03, eta: 7:11:10, time: 0.252, data_time: 0.038, memory: 8019, loss_cls: 0.4528, loss_bbox: 0.3914, loss_kps: 0.0000, loss: 0.8442
2026-09-22 10:09:50,976 - mmdet - INFO - Epoch [8][1450/3488]	lr: 1.000e-03, eta: 7:10:42, time: 0.250, data_time: 0.037, memory: 8019, loss_cls: 0.4384, loss_bbox: 0.3903, loss_kps: 0.0000, loss: 0.8286
2026-09-22 10:10:03,827 - mmdet - INFO - Epoch [8][1500/3488]	lr: 1.000e-03, eta: 7:10:15, time: 0.257, data_time: 0.040, memory: 8019, loss_cls: 0.4351, loss_bbox: 0.3867, loss_kps: 0.0000, loss: 0.8217
2026-09-22 10:10:16,373 - mmdet - INFO - Epoch [8][1550/3488]	lr: 1.000e-03, eta: 7:09:47, time: 0.251, data_time: 0.034, memory: 8019, loss_cls: 0.4233, loss_bbox: 0.3916, loss_kps: 0.0000, loss: 0.8149
2026-09-22 10:10:29,028 - mmdet - INFO - Epoch [8][1600/3488]	lr: 1.000e-03, eta: 7:09:19, time: 0.253, data_time: 0.037, memory: 8019, loss_cls: 0.4219, loss_bbox: 0.3825, loss_kps: 0.0000, loss: 0.8044
2026-09-22 10:10:41,794 - mmdet - INFO - Epoch [8][1650/3488]	lr: 1.000e-03, eta: 7:08:52, time: 0.255, data_time: 0.038, memory: 8019, loss_cls: 0.4318, loss_bbox: 0.3919, loss_kps: 0.0000, loss: 0.8237
2026-09-22 10:10:54,470 - mmdet - INFO - Epoch [8][1700/3488]	lr: 1.000e-03, eta: 7:08:24, time: 0.254, data_time: 0.037, memory: 8019, loss_cls: 0.4162, loss_bbox: 0.3749, loss_kps: 0.0000, loss: 0.7910
2026-09-22 10:11:07,582 - mmdet - INFO - Epoch [8][1750/3488]	lr: 1.000e-03, eta: 7:07:58, time: 0.262, data_time: 0.047, memory: 8019, loss_cls: 0.4245, loss_bbox: 0.3914, loss_kps: 0.0000, loss: 0.8159
2026-09-22 10:11:20,176 - mmdet - INFO - Epoch [8][1800/3488]	lr: 1.000e-03, eta: 7:07:31, time: 0.252, data_time: 0.036, memory: 8019, loss_cls: 0.4334, loss_bbox: 0.3887, loss_kps: 0.0000, loss: 0.8221
2026-09-22 10:11:32,704 - mmdet - INFO - Epoch [8][1850/3488]	lr: 1.000e-03, eta: 7:07:03, time: 0.251, data_time: 0.035, memory: 8019, loss_cls: 0.4218, loss_bbox: 0.3875, loss_kps: 0.0000, loss: 0.8093
2026-09-22 10:11:45,147 - mmdet - INFO - Epoch [8][1900/3488]	lr: 1.000e-03, eta: 7:06:35, time: 0.249, data_time: 0.036, memory: 8019, loss_cls: 0.4082, loss_bbox: 0.3736, loss_kps: 0.0000, loss: 0.7819
2026-09-22 10:11:57,796 - mmdet - INFO - Epoch [8][1950/3488]	lr: 1.000e-03, eta: 7:06:08, time: 0.253, data_time: 0.037, memory: 8019, loss_cls: 0.4323, loss_bbox: 0.3979, loss_kps: 0.0000, loss: 0.8302
2026-09-22 10:12:10,576 - mmdet - INFO - Epoch [8][2000/3488]	lr: 1.000e-03, eta: 7:05:41, time: 0.256, data_time: 0.038, memory: 8019, loss_cls: 0.4303, loss_bbox: 0.3845, loss_kps: 0.0000, loss: 0.8148
2026-09-22 10:12:23,235 - mmdet - INFO - Epoch [8][2050/3488]	lr: 1.000e-03, eta: 7:05:14, time: 0.253, data_time: 0.035, memory: 8019, loss_cls: 0.4333, loss_bbox: 0.3789, loss_kps: 0.0000, loss: 0.8122
2026-09-22 10:12:35,870 - mmdet - INFO - Epoch [8][2100/3488]	lr: 1.000e-03, eta: 7:04:46, time: 0.253, data_time: 0.037, memory: 8019, loss_cls: 0.4305, loss_bbox: 0.3938, loss_kps: 0.0000, loss: 0.8243
2026-09-22 10:12:48,426 - mmdet - INFO - Epoch [8][2150/3488]	lr: 1.000e-03, eta: 7:04:19, time: 0.251, data_time: 0.036, memory: 8019, loss_cls: 0.4393, loss_bbox: 0.3886, loss_kps: 0.0000, loss: 0.8279
2026-09-22 10:13:01,022 - mmdet - INFO - Epoch [8][2200/3488]	lr: 1.000e-03, eta: 7:03:52, time: 0.252, data_time: 0.037, memory: 8019, loss_cls: 0.4291, loss_bbox: 0.3968, loss_kps: 0.0000, loss: 0.8259
2026-09-22 10:13:13,518 - mmdet - INFO - Epoch [8][2250/3488]	lr: 1.000e-03, eta: 7:03:24, time: 0.250, data_time: 0.038, memory: 8019, loss_cls: 0.4470, loss_bbox: 0.3964, loss_kps: 0.0000, loss: 0.8433
2026-09-22 10:13:26,461 - mmdet - INFO - Epoch [8][2300/3488]	lr: 1.000e-03, eta: 7:02:58, time: 0.259, data_time: 0.036, memory: 8019, loss_cls: 0.4227, loss_bbox: 0.3891, loss_kps: 0.0000, loss: 0.8118
2026-09-22 10:13:38,850 - mmdet - INFO - Epoch [8][2350/3488]	lr: 1.000e-03, eta: 7:02:31, time: 0.248, data_time: 0.036, memory: 8019, loss_cls: 0.4310, loss_bbox: 0.3803, loss_kps: 0.0000, loss: 0.8113
2026-09-22 10:13:51,399 - mmdet - INFO - Epoch [8][2400/3488]	lr: 1.000e-03, eta: 7:02:04, time: 0.251, data_time: 0.037, memory: 8019, loss_cls: 0.4293, loss_bbox: 0.3774, loss_kps: 0.0000, loss: 0.8067
2026-09-22 10:14:04,010 - mmdet - INFO - Epoch [8][2450/3488]	lr: 1.000e-03, eta: 7:01:37, time: 0.252, data_time: 0.036, memory: 8019, loss_cls: 0.4283, loss_bbox: 0.3818, loss_kps: 0.0000, loss: 0.8100
2026-09-22 10:14:16,801 - mmdet - INFO - Epoch [8][2500/3488]	lr: 1.000e-03, eta: 7:01:11, time: 0.256, data_time: 0.038, memory: 8019, loss_cls: 0.4406, loss_bbox: 0.3889, loss_kps: 0.0000, loss: 0.8295
2026-09-22 10:14:29,388 - mmdet - INFO - Epoch [8][2550/3488]	lr: 1.000e-03, eta: 7:00:44, time: 0.252, data_time: 0.037, memory: 8019, loss_cls: 0.4267, loss_bbox: 0.3795, loss_kps: 0.0000, loss: 0.8062
2026-09-22 10:14:41,768 - mmdet - INFO - Epoch [8][2600/3488]	lr: 1.000e-03, eta: 7:00:16, time: 0.248, data_time: 0.036, memory: 8019, loss_cls: 0.4314, loss_bbox: 0.3923, loss_kps: 0.0000, loss: 0.8237
2026-09-22 10:14:54,382 - mmdet - INFO - Epoch [8][2650/3488]	lr: 1.000e-03, eta: 6:59:50, time: 0.252, data_time: 0.037, memory: 8019, loss_cls: 0.4062, loss_bbox: 0.3752, loss_kps: 0.0000, loss: 0.7814
2026-09-22 10:15:06,915 - mmdet - INFO - Epoch [8][2700/3488]	lr: 1.000e-03, eta: 6:59:23, time: 0.251, data_time: 0.037, memory: 8019, loss_cls: 0.4461, loss_bbox: 0.3936, loss_kps: 0.0000, loss: 0.8397
2026-09-22 10:15:19,506 - mmdet - INFO - Epoch [8][2750/3488]	lr: 1.000e-03, eta: 6:58:56, time: 0.252, data_time: 0.037, memory: 8019, loss_cls: 0.4454, loss_bbox: 0.3907, loss_kps: 0.0000, loss: 0.8361
2026-09-22 10:15:31,874 - mmdet - INFO - Epoch [8][2800/3488]	lr: 1.000e-03, eta: 6:58:29, time: 0.248, data_time: 0.038, memory: 8019, loss_cls: 0.4273, loss_bbox: 0.3805, loss_kps: 0.0000, loss: 0.8078
2026-09-22 10:15:44,605 - mmdet - INFO - Epoch [8][2850/3488]	lr: 1.000e-03, eta: 6:58:03, time: 0.255, data_time: 0.037, memory: 8019, loss_cls: 0.4262, loss_bbox: 0.3792, loss_kps: 0.0000, loss: 0.8054
2026-09-22 10:15:57,214 - mmdet - INFO - Epoch [8][2900/3488]	lr: 1.000e-03, eta: 6:57:37, time: 0.252, data_time: 0.037, memory: 8019, loss_cls: 0.4255, loss_bbox: 0.3923, loss_kps: 0.0000, loss: 0.8178
2026-09-22 10:16:09,872 - mmdet - INFO - Epoch [8][2950/3488]	lr: 1.000e-03, eta: 6:57:10, time: 0.253, data_time: 0.037, memory: 8019, loss_cls: 0.4237, loss_bbox: 0.3937, loss_kps: 0.0000, loss: 0.8174
2026-09-22 10:16:22,489 - mmdet - INFO - Epoch [8][3000/3488]	lr: 1.000e-03, eta: 6:56:44, time: 0.252, data_time: 0.036, memory: 8019, loss_cls: 0.4147, loss_bbox: 0.3792, loss_kps: 0.0000, loss: 0.7939
2026-09-22 10:16:35,290 - mmdet - INFO - Epoch [8][3050/3488]	lr: 1.000e-03, eta: 6:56:18, time: 0.256, data_time: 0.038, memory: 8019, loss_cls: 0.4333, loss_bbox: 0.3884, loss_kps: 0.0000, loss: 0.8217
2026-09-22 10:16:47,938 - mmdet - INFO - Epoch [8][3100/3488]	lr: 1.000e-03, eta: 6:55:52, time: 0.253, data_time: 0.038, memory: 8019, loss_cls: 0.4312, loss_bbox: 0.3839, loss_kps: 0.0000, loss: 0.8151
2026-09-22 10:17:00,486 - mmdet - INFO - Epoch [8][3150/3488]	lr: 1.000e-03, eta: 6:55:26, time: 0.251, data_time: 0.036, memory: 8019, loss_cls: 0.4312, loss_bbox: 0.3797, loss_kps: 0.0000, loss: 0.8108
2026-09-22 10:17:13,122 - mmdet - INFO - Epoch [8][3200/3488]	lr: 1.000e-03, eta: 6:55:00, time: 0.253, data_time: 0.037, memory: 8019, loss_cls: 0.4381, loss_bbox: 0.3874, loss_kps: 0.0000, loss: 0.8255
2026-09-22 10:17:26,100 - mmdet - INFO - Epoch [8][3250/3488]	lr: 1.000e-03, eta: 6:54:35, time: 0.260, data_time: 0.045, memory: 8019, loss_cls: 0.4233, loss_bbox: 0.3747, loss_kps: 0.0000, loss: 0.7979
2026-09-22 10:17:38,584 - mmdet - INFO - Epoch [8][3300/3488]	lr: 1.000e-03, eta: 6:54:09, time: 0.250, data_time: 0.036, memory: 8019, loss_cls: 0.4395, loss_bbox: 0.3884, loss_kps: 0.0000, loss: 0.8279
2026-09-22 10:17:51,411 - mmdet - INFO - Epoch [8][3350/3488]	lr: 1.000e-03, eta: 6:53:43, time: 0.257, data_time: 0.036, memory: 8019, loss_cls: 0.4227, loss_bbox: 0.3881, loss_kps: 0.0000, loss: 0.8109
2026-09-22 10:18:04,135 - mmdet - INFO - Epoch [8][3400/3488]	lr: 1.000e-03, eta: 6:53:18, time: 0.254, data_time: 0.036, memory: 8019, loss_cls: 0.4210, loss_bbox: 0.3897, loss_kps: 0.0000, loss: 0.8107
2026-09-22 10:18:16,836 - mmdet - INFO - Epoch [8][3450/3488]	lr: 1.000e-03, eta: 6:52:52, time: 0.254, data_time: 0.037, memory: 8019, loss_cls: 0.4329, loss_bbox: 0.3859, loss_kps: 0.0000, loss: 0.8188
2026-09-22 10:18:25,665 - mmdet - INFO - Saving checkpoint at 8 epochs
2026-09-22 10:18:45,757 - mmdet - INFO - Epoch [9][50/3488]	lr: 1.000e-03, eta: 6:52:00, time: 0.398, data_time: 0.165, memory: 8019, loss_cls: 0.4425, loss_bbox: 0.3981, loss_kps: 0.0000, loss: 0.8406
2026-09-22 10:18:58,403 - mmdet - INFO - Epoch [9][100/3488]	lr: 1.000e-03, eta: 6:51:35, time: 0.253, data_time: 0.038, memory: 8019, loss_cls: 0.4319, loss_bbox: 0.3996, loss_kps: 0.0000, loss: 0.8315
2026-09-22 10:19:10,945 - mmdet - INFO - Epoch [9][150/3488]	lr: 1.000e-03, eta: 6:51:09, time: 0.251, data_time: 0.036, memory: 8019, loss_cls: 0.4302, loss_bbox: 0.3762, loss_kps: 0.0000, loss: 0.8064
2026-09-22 10:19:23,508 - mmdet - INFO - Epoch [9][200/3488]	lr: 1.000e-03, eta: 6:50:43, time: 0.251, data_time: 0.038, memory: 8019, loss_cls: 0.4338, loss_bbox: 0.3862, loss_kps: 0.0000, loss: 0.8199
2026-09-22 10:19:36,306 - mmdet - INFO - Epoch [9][250/3488]	lr: 1.000e-03, eta: 6:50:18, time: 0.256, data_time: 0.036, memory: 8019, loss_cls: 0.4419, loss_bbox: 0.3930, loss_kps: 0.0000, loss: 0.8349
2026-09-22 10:19:48,745 - mmdet - INFO - Epoch [9][300/3488]	lr: 1.000e-03, eta: 6:49:52, time: 0.249, data_time: 0.036, memory: 8019, loss_cls: 0.4424, loss_bbox: 0.3909, loss_kps: 0.0000, loss: 0.8333
2026-09-22 10:20:01,317 - mmdet - INFO - Epoch [9][350/3488]	lr: 1.000e-03, eta: 6:49:26, time: 0.251, data_time: 0.037, memory: 8019, loss_cls: 0.4233, loss_bbox: 0.3853, loss_kps: 0.0000, loss: 0.8086
2026-09-22 10:20:13,876 - mmdet - INFO - Epoch [9][400/3488]	lr: 1.000e-03, eta: 6:49:01, time: 0.251, data_time: 0.037, memory: 8019, loss_cls: 0.4294, loss_bbox: 0.3932, loss_kps: 0.0000, loss: 0.8226
2026-09-22 10:20:26,544 - mmdet - INFO - Epoch [9][450/3488]	lr: 1.000e-03, eta: 6:48:35, time: 0.253, data_time: 0.038, memory: 8019, loss_cls: 0.4395, loss_bbox: 0.3924, loss_kps: 0.0000, loss: 0.8320
2026-09-22 10:20:39,016 - mmdet - INFO - Epoch [9][500/3488]	lr: 1.000e-03, eta: 6:48:10, time: 0.249, data_time: 0.036, memory: 8019, loss_cls: 0.4202, loss_bbox: 0.3813, loss_kps: 0.0000, loss: 0.8015
2026-09-22 10:20:51,509 - mmdet - INFO - Epoch [9][550/3488]	lr: 1.000e-03, eta: 6:47:44, time: 0.250, data_time: 0.038, memory: 8019, loss_cls: 0.4337, loss_bbox: 0.3934, loss_kps: 0.0000, loss: 0.8272
2026-09-22 10:21:04,153 - mmdet - INFO - Epoch [9][600/3488]	lr: 1.000e-03, eta: 6:47:19, time: 0.253, data_time: 0.038, memory: 8019, loss_cls: 0.4253, loss_bbox: 0.3854, loss_kps: 0.0000, loss: 0.8107
2026-09-22 10:21:16,618 - mmdet - INFO - Epoch [9][650/3488]	lr: 1.000e-03, eta: 6:46:53, time: 0.249, data_time: 0.037, memory: 8019, loss_cls: 0.4267, loss_bbox: 0.3875, loss_kps: 0.0000, loss: 0.8142
2026-09-22 10:21:29,452 - mmdet - INFO - Epoch [9][700/3488]	lr: 1.000e-03, eta: 6:46:29, time: 0.257, data_time: 0.038, memory: 8019, loss_cls: 0.4191, loss_bbox: 0.3890, loss_kps: 0.0000, loss: 0.8081
2026-09-22 10:21:42,134 - mmdet - INFO - Epoch [9][750/3488]	lr: 1.000e-03, eta: 6:46:04, time: 0.254, data_time: 0.037, memory: 8019, loss_cls: 0.4531, loss_bbox: 0.3800, loss_kps: 0.0000, loss: 0.8331
2026-09-22 10:21:54,831 - mmdet - INFO - Epoch [9][800/3488]	lr: 1.000e-03, eta: 6:45:39, time: 0.254, data_time: 0.036, memory: 8019, loss_cls: 0.4404, loss_bbox: 0.3931, loss_kps: 0.0000, loss: 0.8335
2026-09-22 10:22:07,860 - mmdet - INFO - Epoch [9][850/3488]	lr: 1.000e-03, eta: 6:45:15, time: 0.261, data_time: 0.045, memory: 8019, loss_cls: 0.4190, loss_bbox: 0.3829, loss_kps: 0.0000, loss: 0.8019
2026-09-22 10:22:21,087 - mmdet - INFO - Epoch [9][900/3488]	lr: 1.000e-03, eta: 6:44:52, time: 0.265, data_time: 0.037, memory: 8019, loss_cls: 0.4170, loss_bbox: 0.3787, loss_kps: 0.0000, loss: 0.7956
2026-09-22 10:22:33,433 - mmdet - INFO - Epoch [9][950/3488]	lr: 1.000e-03, eta: 6:44:26, time: 0.247, data_time: 0.034, memory: 8019, loss_cls: 0.4349, loss_bbox: 0.3884, loss_kps: 0.0000, loss: 0.8233
2026-09-22 10:22:46,266 - mmdet - INFO - Epoch [9][1000/3488]	lr: 1.000e-03, eta: 6:44:02, time: 0.257, data_time: 0.038, memory: 8019, loss_cls: 0.4230, loss_bbox: 0.3874, loss_kps: 0.0000, loss: 0.8104
2026-09-22 10:22:58,756 - mmdet - INFO - Epoch [9][1050/3488]	lr: 1.000e-03, eta: 6:43:37, time: 0.250, data_time: 0.035, memory: 8019, loss_cls: 0.4084, loss_bbox: 0.3774, loss_kps: 0.0000, loss: 0.7858
2026-09-22 10:23:11,570 - mmdet - INFO - Epoch [9][1100/3488]	lr: 1.000e-03, eta: 6:43:12, time: 0.256, data_time: 0.035, memory: 8019, loss_cls: 0.4167, loss_bbox: 0.3784, loss_kps: 0.0000, loss: 0.7951
2026-09-22 10:23:24,069 - mmdet - INFO - Epoch [9][1150/3488]	lr: 1.000e-03, eta: 6:42:47, time: 0.250, data_time: 0.036, memory: 8019, loss_cls: 0.4334, loss_bbox: 0.3946, loss_kps: 0.0000, loss: 0.8280
2026-09-22 10:23:36,771 - mmdet - INFO - Epoch [9][1200/3488]	lr: 1.000e-03, eta: 6:42:23, time: 0.254, data_time: 0.036, memory: 8019, loss_cls: 0.4175, loss_bbox: 0.3794, loss_kps: 0.0000, loss: 0.7969
2026-09-22 10:23:49,268 - mmdet - INFO - Epoch [9][1250/3488]	lr: 1.000e-03, eta: 6:41:58, time: 0.250, data_time: 0.036, memory: 8019, loss_cls: 0.4258, loss_bbox: 0.3878, loss_kps: 0.0000, loss: 0.8136
2026-09-22 10:24:01,852 - mmdet - INFO - Epoch [9][1300/3488]	lr: 1.000e-03, eta: 6:41:33, time: 0.252, data_time: 0.037, memory: 8019, loss_cls: 0.4336, loss_bbox: 0.3805, loss_kps: 0.0000, loss: 0.8141
2026-09-22 10:24:14,474 - mmdet - INFO - Epoch [9][1350/3488]	lr: 1.000e-03, eta: 6:41:08, time: 0.252, data_time: 0.036, memory: 8019, loss_cls: 0.3945, loss_bbox: 0.3720, loss_kps: 0.0000, loss: 0.7664
2026-09-22 10:24:27,118 - mmdet - INFO - Epoch [9][1400/3488]	lr: 1.000e-03, eta: 6:40:44, time: 0.253, data_time: 0.037, memory: 8019, loss_cls: 0.4431, loss_bbox: 0.3906, loss_kps: 0.0000, loss: 0.8337
2026-09-22 10:24:40,010 - mmdet - INFO - Epoch [9][1450/3488]	lr: 1.000e-03, eta: 6:40:20, time: 0.258, data_time: 0.037, memory: 8019, loss_cls: 0.4377, loss_bbox: 0.3880, loss_kps: 0.0000, loss: 0.8256
2026-09-22 10:24:52,623 - mmdet - INFO - Epoch [9][1500/3488]	lr: 1.000e-03, eta: 6:39:55, time: 0.252, data_time: 0.038, memory: 8019, loss_cls: 0.4190, loss_bbox: 0.3923, loss_kps: 0.0000, loss: 0.8113
2026-09-22 10:25:05,320 - mmdet - INFO - Epoch [9][1550/3488]	lr: 1.000e-03, eta: 6:39:31, time: 0.254, data_time: 0.035, memory: 8019, loss_cls: 0.4268, loss_bbox: 0.3904, loss_kps: 0.0000, loss: 0.8171
2026-09-22 10:25:17,833 - mmdet - INFO - Epoch [9][1600/3488]	lr: 1.000e-03, eta: 6:39:07, time: 0.250, data_time: 0.037, memory: 8019, loss_cls: 0.4259, loss_bbox: 0.3861, loss_kps: 0.0000, loss: 0.8120
2026-09-22 10:25:30,329 - mmdet - INFO - Epoch [9][1650/3488]	lr: 1.000e-03, eta: 6:38:42, time: 0.250, data_time: 0.039, memory: 8019, loss_cls: 0.4259, loss_bbox: 0.3809, loss_kps: 0.0000, loss: 0.8068
2026-09-22 10:25:42,817 - mmdet - INFO - Epoch [9][1700/3488]	lr: 1.000e-03, eta: 6:38:17, time: 0.250, data_time: 0.037, memory: 8019, loss_cls: 0.4176, loss_bbox: 0.3853, loss_kps: 0.0000, loss: 0.8029
2026-09-22 10:25:55,399 - mmdet - INFO - Epoch [9][1750/3488]	lr: 1.000e-03, eta: 6:37:53, time: 0.252, data_time: 0.035, memory: 8019, loss_cls: 0.4267, loss_bbox: 0.3892, loss_kps: 0.0000, loss: 0.8159
2026-09-22 10:26:08,145 - mmdet - INFO - Epoch [9][1800/3488]	lr: 1.000e-03, eta: 6:37:29, time: 0.255, data_time: 0.038, memory: 8019, loss_cls: 0.4283, loss_bbox: 0.3782, loss_kps: 0.0000, loss: 0.8065
2026-09-22 10:26:20,889 - mmdet - INFO - Epoch [9][1850/3488]	lr: 1.000e-03, eta: 6:37:05, time: 0.255, data_time: 0.036, memory: 8019, loss_cls: 0.4236, loss_bbox: 0.3945, loss_kps: 0.0000, loss: 0.8181
2026-09-22 10:26:34,615 - mmdet - INFO - Epoch [9][1900/3488]	lr: 1.000e-03, eta: 6:36:44, time: 0.274, data_time: 0.050, memory: 8019, loss_cls: 0.4143, loss_bbox: 0.3814, loss_kps: 0.0000, loss: 0.7957
2026-09-22 10:26:47,921 - mmdet - INFO - Epoch [9][1950/3488]	lr: 1.000e-03, eta: 6:36:21, time: 0.266, data_time: 0.039, memory: 8019, loss_cls: 0.4133, loss_bbox: 0.3797, loss_kps: 0.0000, loss: 0.7930
2026-09-22 10:27:00,944 - mmdet - INFO - Epoch [9][2000/3488]	lr: 1.000e-03, eta: 6:35:58, time: 0.260, data_time: 0.038, memory: 8019, loss_cls: 0.4343, loss_bbox: 0.3843, loss_kps: 0.0000, loss: 0.8185
2026-09-22 10:27:14,448 - mmdet - INFO - Epoch [9][2050/3488]	lr: 1.000e-03, eta: 6:35:36, time: 0.270, data_time: 0.038, memory: 8019, loss_cls: 0.4070, loss_bbox: 0.3771, loss_kps: 0.0000, loss: 0.7840
2026-09-22 10:27:27,525 - mmdet - INFO - Epoch [9][2100/3488]	lr: 1.000e-03, eta: 6:35:13, time: 0.261, data_time: 0.038, memory: 8019, loss_cls: 0.4214, loss_bbox: 0.3894, loss_kps: 0.0000, loss: 0.8109
2026-09-22 10:27:40,871 - mmdet - INFO - Epoch [9][2150/3488]	lr: 1.000e-03, eta: 6:34:51, time: 0.267, data_time: 0.038, memory: 8019, loss_cls: 0.4185, loss_bbox: 0.3833, loss_kps: 0.0000, loss: 0.8018
2026-09-22 10:27:54,382 - mmdet - INFO - Epoch [9][2200/3488]	lr: 1.000e-03, eta: 6:34:29, time: 0.270, data_time: 0.040, memory: 8019, loss_cls: 0.4279, loss_bbox: 0.3799, loss_kps: 0.0000, loss: 0.8078
2026-09-22 10:28:07,595 - mmdet - INFO - Epoch [9][2250/3488]	lr: 1.000e-03, eta: 6:34:07, time: 0.264, data_time: 0.038, memory: 8019, loss_cls: 0.4299, loss_bbox: 0.3988, loss_kps: 0.0000, loss: 0.8287
2026-09-22 10:28:20,660 - mmdet - INFO - Epoch [9][2300/3488]	lr: 1.000e-03, eta: 6:33:44, time: 0.261, data_time: 0.036, memory: 8019, loss_cls: 0.4330, loss_bbox: 0.3792, loss_kps: 0.0000, loss: 0.8123
2026-09-22 10:28:33,978 - mmdet - INFO - Epoch [9][2350/3488]	lr: 1.000e-03, eta: 6:33:22, time: 0.266, data_time: 0.038, memory: 8019, loss_cls: 0.4330, loss_bbox: 0.3886, loss_kps: 0.0000, loss: 0.8216
2026-09-22 10:28:47,310 - mmdet - INFO - Epoch [9][2400/3488]	lr: 1.000e-03, eta: 6:33:00, time: 0.267, data_time: 0.039, memory: 8019, loss_cls: 0.4111, loss_bbox: 0.3813, loss_kps: 0.0000, loss: 0.7924
2026-09-22 10:29:00,679 - mmdet - INFO - Epoch [9][2450/3488]	lr: 1.000e-03, eta: 6:32:38, time: 0.267, data_time: 0.037, memory: 8019, loss_cls: 0.4205, loss_bbox: 0.3838, loss_kps: 0.0000, loss: 0.8042
2026-09-22 10:29:13,857 - mmdet - INFO - Epoch [9][2500/3488]	lr: 1.000e-03, eta: 6:32:16, time: 0.264, data_time: 0.037, memory: 8019, loss_cls: 0.4185, loss_bbox: 0.3820, loss_kps: 0.0000, loss: 0.8005
2026-09-22 10:29:26,832 - mmdet - INFO - Epoch [9][2550/3488]	lr: 1.000e-03, eta: 6:31:53, time: 0.259, data_time: 0.037, memory: 8019, loss_cls: 0.4362, loss_bbox: 0.3795, loss_kps: 0.0000, loss: 0.8157
2026-09-22 10:29:40,180 - mmdet - INFO - Epoch [9][2600/3488]	lr: 1.000e-03, eta: 6:31:31, time: 0.267, data_time: 0.042, memory: 8019, loss_cls: 0.4310, loss_bbox: 0.3850, loss_kps: 0.0000, loss: 0.8160
2026-09-22 10:29:52,948 - mmdet - INFO - Epoch [9][2650/3488]	lr: 1.000e-03, eta: 6:31:08, time: 0.255, data_time: 0.035, memory: 8019, loss_cls: 0.4426, loss_bbox: 0.4063, loss_kps: 0.0000, loss: 0.8489
2026-09-22 10:30:05,883 - mmdet - INFO - Epoch [9][2700/3488]	lr: 1.000e-03, eta: 6:30:45, time: 0.259, data_time: 0.036, memory: 8019, loss_cls: 0.4157, loss_bbox: 0.3906, loss_kps: 0.0000, loss: 0.8064
2026-09-22 10:30:18,479 - mmdet - INFO - Epoch [9][2750/3488]	lr: 1.000e-03, eta: 6:30:21, time: 0.252, data_time: 0.035, memory: 8019, loss_cls: 0.4169, loss_bbox: 0.3859, loss_kps: 0.0000, loss: 0.8028
2026-09-22 10:30:31,364 - mmdet - INFO - Epoch [9][2800/3488]	lr: 1.000e-03, eta: 6:29:58, time: 0.258, data_time: 0.037, memory: 8019, loss_cls: 0.4355, loss_bbox: 0.3958, loss_kps: 0.0000, loss: 0.8313
2026-09-22 10:30:44,120 - mmdet - INFO - Epoch [9][2850/3488]	lr: 1.000e-03, eta: 6:29:35, time: 0.255, data_time: 0.037, memory: 8019, loss_cls: 0.4178, loss_bbox: 0.3807, loss_kps: 0.0000, loss: 0.7985
2026-09-22 10:30:57,723 - mmdet - INFO - Epoch [9][2900/3488]	lr: 1.000e-03, eta: 6:29:14, time: 0.272, data_time: 0.046, memory: 8019, loss_cls: 0.4143, loss_bbox: 0.3801, loss_kps: 0.0000, loss: 0.7945
2026-09-22 10:31:10,615 - mmdet - INFO - Epoch [9][2950/3488]	lr: 1.000e-03, eta: 6:28:51, time: 0.258, data_time: 0.036, memory: 8019, loss_cls: 0.4308, loss_bbox: 0.3862, loss_kps: 0.0000, loss: 0.8170
2026-09-22 10:31:24,077 - mmdet - INFO - Epoch [9][3000/3488]	lr: 1.000e-03, eta: 6:28:30, time: 0.269, data_time: 0.041, memory: 8019, loss_cls: 0.4442, loss_bbox: 0.3840, loss_kps: 0.0000, loss: 0.8282
2026-09-22 10:31:37,529 - mmdet - INFO - Epoch [9][3050/3488]	lr: 1.000e-03, eta: 6:28:08, time: 0.269, data_time: 0.038, memory: 8019, loss_cls: 0.4111, loss_bbox: 0.3783, loss_kps: 0.0000, loss: 0.7894
2026-09-22 10:31:51,050 - mmdet - INFO - Epoch [9][3100/3488]	lr: 1.000e-03, eta: 6:27:47, time: 0.270, data_time: 0.036, memory: 8019, loss_cls: 0.4303, loss_bbox: 0.3884, loss_kps: 0.0000, loss: 0.8187
2026-09-22 10:32:04,496 - mmdet - INFO - Epoch [9][3150/3488]	lr: 1.000e-03, eta: 6:27:26, time: 0.269, data_time: 0.039, memory: 8019, loss_cls: 0.4383, loss_bbox: 0.3961, loss_kps: 0.0000, loss: 0.8344
2026-09-22 10:32:17,448 - mmdet - INFO - Epoch [9][3200/3488]	lr: 1.000e-03, eta: 6:27:03, time: 0.259, data_time: 0.038, memory: 8019, loss_cls: 0.4298, loss_bbox: 0.3800, loss_kps: 0.0000, loss: 0.8098
2026-09-22 10:32:30,996 - mmdet - INFO - Epoch [9][3250/3488]	lr: 1.000e-03, eta: 6:26:42, time: 0.271, data_time: 0.040, memory: 8019, loss_cls: 0.4221, loss_bbox: 0.3840, loss_kps: 0.0000, loss: 0.8061
2026-09-22 10:32:44,267 - mmdet - INFO - Epoch [9][3300/3488]	lr: 1.000e-03, eta: 6:26:20, time: 0.265, data_time: 0.038, memory: 8019, loss_cls: 0.4292, loss_bbox: 0.3978, loss_kps: 0.0000, loss: 0.8270
2026-09-22 10:32:58,017 - mmdet - INFO - Epoch [9][3350/3488]	lr: 1.000e-03, eta: 6:26:00, time: 0.275, data_time: 0.040, memory: 8019, loss_cls: 0.4130, loss_bbox: 0.3812, loss_kps: 0.0000, loss: 0.7942
2026-09-22 10:33:11,223 - mmdet - INFO - Epoch [9][3400/3488]	lr: 1.000e-03, eta: 6:25:38, time: 0.264, data_time: 0.039, memory: 8019, loss_cls: 0.4368, loss_bbox: 0.3901, loss_kps: 0.0000, loss: 0.8269
2026-09-22 10:33:24,451 - mmdet - INFO - Epoch [9][3450/3488]	lr: 1.000e-03, eta: 6:25:16, time: 0.264, data_time: 0.039, memory: 8019, loss_cls: 0.4176, loss_bbox: 0.3818, loss_kps: 0.0000, loss: 0.7994
2026-09-22 10:33:33,488 - mmdet - INFO - Saving checkpoint at 9 epochs
2026-09-22 10:33:55,079 - mmdet - INFO - Epoch [10][50/3488]	lr: 1.000e-03, eta: 6:24:33, time: 0.428, data_time: 0.175, memory: 8019, loss_cls: 0.4190, loss_bbox: 0.3831, loss_kps: 0.0000, loss: 0.8021
2026-09-22 10:34:08,169 - mmdet - INFO - Epoch [10][100/3488]	lr: 1.000e-03, eta: 6:24:12, time: 0.262, data_time: 0.039, memory: 8019, loss_cls: 0.4356, loss_bbox: 0.3883, loss_kps: 0.0000, loss: 0.8239
2026-09-22 10:34:21,281 - mmdet - INFO - Epoch [10][150/3488]	lr: 1.000e-03, eta: 6:23:50, time: 0.262, data_time: 0.039, memory: 8019, loss_cls: 0.4363, loss_bbox: 0.3904, loss_kps: 0.0000, loss: 0.8267
2026-09-22 10:34:34,520 - mmdet - INFO - Epoch [10][200/3488]	lr: 1.000e-03, eta: 6:23:28, time: 0.265, data_time: 0.039, memory: 8019, loss_cls: 0.4233, loss_bbox: 0.3833, loss_kps: 0.0000, loss: 0.8066
2026-09-22 10:34:47,658 - mmdet - INFO - Epoch [10][250/3488]	lr: 1.000e-03, eta: 6:23:06, time: 0.263, data_time: 0.040, memory: 8019, loss_cls: 0.4269, loss_bbox: 0.3781, loss_kps: 0.0000, loss: 0.8049
2026-09-22 10:35:00,771 - mmdet - INFO - Epoch [10][300/3488]	lr: 1.000e-03, eta: 6:22:44, time: 0.262, data_time: 0.039, memory: 8019, loss_cls: 0.4186, loss_bbox: 0.3865, loss_kps: 0.0000, loss: 0.8051
2026-09-22 10:35:14,367 - mmdet - INFO - Epoch [10][350/3488]	lr: 1.000e-03, eta: 6:22:24, time: 0.272, data_time: 0.041, memory: 8019, loss_cls: 0.4300, loss_bbox: 0.3800, loss_kps: 0.0000, loss: 0.8100
2026-09-22 10:35:28,426 - mmdet - INFO - Epoch [10][400/3488]	lr: 1.000e-03, eta: 6:22:04, time: 0.281, data_time: 0.044, memory: 8019, loss_cls: 0.4389, loss_bbox: 0.3923, loss_kps: 0.0000, loss: 0.8312
2026-09-22 10:35:43,002 - mmdet - INFO - Epoch [10][450/3488]	lr: 1.000e-03, eta: 6:21:46, time: 0.291, data_time: 0.053, memory: 8019, loss_cls: 0.4207, loss_bbox: 0.3821, loss_kps: 0.0000, loss: 0.8028
2026-09-22 10:35:56,334 - mmdet - INFO - Epoch [10][500/3488]	lr: 1.000e-03, eta: 6:21:25, time: 0.267, data_time: 0.040, memory: 8019, loss_cls: 0.4327, loss_bbox: 0.3799, loss_kps: 0.0000, loss: 0.8126
2026-09-22 10:36:09,412 - mmdet - INFO - Epoch [10][550/3488]	lr: 1.000e-03, eta: 6:21:03, time: 0.262, data_time: 0.041, memory: 8019, loss_cls: 0.4165, loss_bbox: 0.3771, loss_kps: 0.0000, loss: 0.7936
2026-09-22 10:36:23,080 - mmdet - INFO - Epoch [10][600/3488]	lr: 1.000e-03, eta: 6:20:43, time: 0.274, data_time: 0.039, memory: 8019, loss_cls: 0.4140, loss_bbox: 0.3751, loss_kps: 0.0000, loss: 0.7892
2026-09-22 10:36:36,497 - mmdet - INFO - Epoch [10][650/3488]	lr: 1.000e-03, eta: 6:20:22, time: 0.268, data_time: 0.041, memory: 8019, loss_cls: 0.4130, loss_bbox: 0.3871, loss_kps: 0.0000, loss: 0.8001
2026-09-22 10:36:49,606 - mmdet - INFO - Epoch [10][700/3488]	lr: 1.000e-03, eta: 6:20:00, time: 0.262, data_time: 0.039, memory: 8019, loss_cls: 0.4100, loss_bbox: 0.3882, loss_kps: 0.0000, loss: 0.7982
2026-09-22 10:37:03,896 - mmdet - INFO - Epoch [10][750/3488]	lr: 1.000e-03, eta: 6:19:41, time: 0.286, data_time: 0.045, memory: 8019, loss_cls: 0.4323, loss_bbox: 0.3954, loss_kps: 0.0000, loss: 0.8277
2026-09-22 10:37:17,813 - mmdet - INFO - Epoch [10][800/3488]	lr: 1.000e-03, eta: 6:19:21, time: 0.278, data_time: 0.043, memory: 8019, loss_cls: 0.4051, loss_bbox: 0.3731, loss_kps: 0.0000, loss: 0.7782
2026-09-22 10:37:31,440 - mmdet - INFO - Epoch [10][850/3488]	lr: 1.000e-03, eta: 6:19:01, time: 0.273, data_time: 0.045, memory: 8019, loss_cls: 0.4201, loss_bbox: 0.3808, loss_kps: 0.0000, loss: 0.8009
2026-09-22 10:37:45,166 - mmdet - INFO - Epoch [10][900/3488]	lr: 1.000e-03, eta: 6:18:41, time: 0.275, data_time: 0.044, memory: 8019, loss_cls: 0.4285, loss_bbox: 0.3827, loss_kps: 0.0000, loss: 0.8112
2026-09-22 10:37:59,797 - mmdet - INFO - Epoch [10][950/3488]	lr: 1.000e-03, eta: 6:18:23, time: 0.292, data_time: 0.043, memory: 8019, loss_cls: 0.4196, loss_bbox: 0.3810, loss_kps: 0.0000, loss: 0.8006
2026-09-22 10:38:14,635 - mmdet - INFO - Epoch [10][1000/3488]	lr: 1.000e-03, eta: 6:18:05, time: 0.297, data_time: 0.043, memory: 8019, loss_cls: 0.4178, loss_bbox: 0.3863, loss_kps: 0.0000, loss: 0.8041
2026-09-22 10:38:28,656 - mmdet - INFO - Epoch [10][1050/3488]	lr: 1.000e-03, eta: 6:17:46, time: 0.281, data_time: 0.042, memory: 8019, loss_cls: 0.4243, loss_bbox: 0.3823, loss_kps: 0.0000, loss: 0.8066
2026-09-22 10:38:42,417 - mmdet - INFO - Epoch [10][1100/3488]	lr: 1.000e-03, eta: 6:17:26, time: 0.275, data_time: 0.042, memory: 8019, loss_cls: 0.4172, loss_bbox: 0.3784, loss_kps: 0.0000, loss: 0.7956
2026-09-22 10:38:56,269 - mmdet - INFO - Epoch [10][1150/3488]	lr: 1.000e-03, eta: 6:17:06, time: 0.277, data_time: 0.042, memory: 8019, loss_cls: 0.4167, loss_bbox: 0.3868, loss_kps: 0.0000, loss: 0.8035
2026-09-22 10:39:10,151 - mmdet - INFO - Epoch [10][1200/3488]	lr: 1.000e-03, eta: 6:16:46, time: 0.278, data_time: 0.042, memory: 8019, loss_cls: 0.4223, loss_bbox: 0.3964, loss_kps: 0.0000, loss: 0.8186
2026-09-22 10:39:24,288 - mmdet - INFO - Epoch [10][1250/3488]	lr: 1.000e-03, eta: 6:16:27, time: 0.283, data_time: 0.042, memory: 8019, loss_cls: 0.4401, loss_bbox: 0.3877, loss_kps: 0.0000, loss: 0.8277
2026-09-22 10:39:38,513 - mmdet - INFO - Epoch [10][1300/3488]	lr: 1.000e-03, eta: 6:16:08, time: 0.284, data_time: 0.043, memory: 8019, loss_cls: 0.4310, loss_bbox: 0.3951, loss_kps: 0.0000, loss: 0.8261
2026-09-22 10:39:52,578 - mmdet - INFO - Epoch [10][1350/3488]	lr: 1.000e-03, eta: 6:15:49, time: 0.281, data_time: 0.044, memory: 8019, loss_cls: 0.4087, loss_bbox: 0.3784, loss_kps: 0.0000, loss: 0.7871
2026-09-22 10:40:06,503 - mmdet - INFO - Epoch [10][1400/3488]	lr: 1.000e-03, eta: 6:15:29, time: 0.278, data_time: 0.046, memory: 8019, loss_cls: 0.4038, loss_bbox: 0.3763, loss_kps: 0.0000, loss: 0.7801
2026-09-22 10:40:20,141 - mmdet - INFO - Epoch [10][1450/3488]	lr: 1.000e-03, eta: 6:15:09, time: 0.273, data_time: 0.042, memory: 8019, loss_cls: 0.4143, loss_bbox: 0.3837, loss_kps: 0.0000, loss: 0.7979
2026-09-22 10:40:33,884 - mmdet - INFO - Epoch [10][1500/3488]	lr: 1.000e-03, eta: 6:14:49, time: 0.275, data_time: 0.041, memory: 8019, loss_cls: 0.4238, loss_bbox: 0.3808, loss_kps: 0.0000, loss: 0.8046
2026-09-22 10:40:48,827 - mmdet - INFO - Epoch [10][1550/3488]	lr: 1.000e-03, eta: 6:14:32, time: 0.299, data_time: 0.051, memory: 8019, loss_cls: 0.4200, loss_bbox: 0.3846, loss_kps: 0.0000, loss: 0.8046
2026-09-22 10:41:02,124 - mmdet - INFO - Epoch [10][1600/3488]	lr: 1.000e-03, eta: 6:14:11, time: 0.266, data_time: 0.039, memory: 8019, loss_cls: 0.4249, loss_bbox: 0.3858, loss_kps: 0.0000, loss: 0.8107
2026-09-22 10:41:15,924 - mmdet - INFO - Epoch [10][1650/3488]	lr: 1.000e-03, eta: 6:13:51, time: 0.276, data_time: 0.042, memory: 8019, loss_cls: 0.4216, loss_bbox: 0.3857, loss_kps: 0.0000, loss: 0.8072
2026-09-22 10:41:30,125 - mmdet - INFO - Epoch [10][1700/3488]	lr: 1.000e-03, eta: 6:13:33, time: 0.284, data_time: 0.043, memory: 8019, loss_cls: 0.4240, loss_bbox: 0.3876, loss_kps: 0.0000, loss: 0.8117
2026-09-22 10:41:44,515 - mmdet - INFO - Epoch [10][1750/3488]	lr: 1.000e-03, eta: 6:13:14, time: 0.288, data_time: 0.043, memory: 8019, loss_cls: 0.4287, loss_bbox: 0.3815, loss_kps: 0.0000, loss: 0.8102
2026-09-22 10:41:59,238 - mmdet - INFO - Epoch [10][1800/3488]	lr: 1.000e-03, eta: 6:12:57, time: 0.294, data_time: 0.044, memory: 8019, loss_cls: 0.4206, loss_bbox: 0.3856, loss_kps: 0.0000, loss: 0.8062
2026-09-22 10:42:13,095 - mmdet - INFO - Epoch [10][1850/3488]	lr: 1.000e-03, eta: 6:12:37, time: 0.277, data_time: 0.043, memory: 8019, loss_cls: 0.4279, loss_bbox: 0.3899, loss_kps: 0.0000, loss: 0.8178
2026-09-22 10:42:27,362 - mmdet - INFO - Epoch [10][1900/3488]	lr: 1.000e-03, eta: 6:12:18, time: 0.285, data_time: 0.044, memory: 8019, loss_cls: 0.4206, loss_bbox: 0.3824, loss_kps: 0.0000, loss: 0.8030
2026-09-22 10:42:41,364 - mmdet - INFO - Epoch [10][1950/3488]	lr: 1.000e-03, eta: 6:11:59, time: 0.280, data_time: 0.040, memory: 8019, loss_cls: 0.4392, loss_bbox: 0.3873, loss_kps: 0.0000, loss: 0.8266
2026-09-22 10:42:55,324 - mmdet - INFO - Epoch [10][2000/3488]	lr: 1.000e-03, eta: 6:11:40, time: 0.279, data_time: 0.041, memory: 8019, loss_cls: 0.4142, loss_bbox: 0.3899, loss_kps: 0.0000, loss: 0.8041
2026-09-22 10:43:09,263 - mmdet - INFO - Epoch [10][2050/3488]	lr: 1.000e-03, eta: 6:11:21, time: 0.279, data_time: 0.043, memory: 8019, loss_cls: 0.4129, loss_bbox: 0.3932, loss_kps: 0.0000, loss: 0.8061
2026-09-22 10:43:23,421 - mmdet - INFO - Epoch [10][2100/3488]	lr: 1.000e-03, eta: 6:11:02, time: 0.283, data_time: 0.041, memory: 8019, loss_cls: 0.4336, loss_bbox: 0.3904, loss_kps: 0.0000, loss: 0.8240
2026-09-22 10:43:37,205 - mmdet - INFO - Epoch [10][2150/3488]	lr: 1.000e-03, eta: 6:10:42, time: 0.276, data_time: 0.040, memory: 8019, loss_cls: 0.4154, loss_bbox: 0.3811, loss_kps: 0.0000, loss: 0.7965
2026-09-22 10:43:51,134 - mmdet - INFO - Epoch [10][2200/3488]	lr: 1.000e-03, eta: 6:10:23, time: 0.279, data_time: 0.041, memory: 8019, loss_cls: 0.4170, loss_bbox: 0.3832, loss_kps: 0.0000, loss: 0.8002
2026-09-22 10:44:05,477 - mmdet - INFO - Epoch [10][2250/3488]	lr: 1.000e-03, eta: 6:10:05, time: 0.287, data_time: 0.045, memory: 8019, loss_cls: 0.4392, loss_bbox: 0.3936, loss_kps: 0.0000, loss: 0.8328
2026-09-22 10:44:19,505 - mmdet - INFO - Epoch [10][2300/3488]	lr: 1.000e-03, eta: 6:09:46, time: 0.281, data_time: 0.041, memory: 8019, loss_cls: 0.4191, loss_bbox: 0.3872, loss_kps: 0.0000, loss: 0.8062
2026-09-22 10:44:33,070 - mmdet - INFO - Epoch [10][2350/3488]	lr: 1.000e-03, eta: 6:09:26, time: 0.271, data_time: 0.040, memory: 8019, loss_cls: 0.4143, loss_bbox: 0.3777, loss_kps: 0.0000, loss: 0.7920
2026-09-22 10:44:47,119 - mmdet - INFO - Epoch [10][2400/3488]	lr: 1.000e-03, eta: 6:09:07, time: 0.281, data_time: 0.041, memory: 8019, loss_cls: 0.4237, loss_bbox: 0.3820, loss_kps: 0.0000, loss: 0.8056
2026-09-22 10:45:01,213 - mmdet - INFO - Epoch [10][2450/3488]	lr: 1.000e-03, eta: 6:08:48, time: 0.282, data_time: 0.043, memory: 8019, loss_cls: 0.4284, loss_bbox: 0.3923, loss_kps: 0.0000, loss: 0.8207
2026-09-22 10:45:15,648 - mmdet - INFO - Epoch [10][2500/3488]	lr: 1.000e-03, eta: 6:08:30, time: 0.289, data_time: 0.043, memory: 8019, loss_cls: 0.4375, loss_bbox: 0.3922, loss_kps: 0.0000, loss: 0.8297
2026-09-22 10:45:29,946 - mmdet - INFO - Epoch [10][2550/3488]	lr: 1.000e-03, eta: 6:08:11, time: 0.286, data_time: 0.044, memory: 8019, loss_cls: 0.4213, loss_bbox: 0.3724, loss_kps: 0.0000, loss: 0.7937
2026-09-22 10:45:44,053 - mmdet - INFO - Epoch [10][2600/3488]	lr: 1.000e-03, eta: 6:07:52, time: 0.282, data_time: 0.052, memory: 8019, loss_cls: 0.4269, loss_bbox: 0.3890, loss_kps: 0.0000, loss: 0.8159
2026-09-22 10:45:58,117 - mmdet - INFO - Epoch [10][2650/3488]	lr: 1.000e-03, eta: 6:07:34, time: 0.281, data_time: 0.042, memory: 8019, loss_cls: 0.4383, loss_bbox: 0.3915, loss_kps: 0.0000, loss: 0.8299
2026-09-22 10:46:12,174 - mmdet - INFO - Epoch [10][2700/3488]	lr: 1.000e-03, eta: 6:07:15, time: 0.281, data_time: 0.045, memory: 8019, loss_cls: 0.4320, loss_bbox: 0.3828, loss_kps: 0.0000, loss: 0.8149
2026-09-22 10:46:26,278 - mmdet - INFO - Epoch [10][2750/3488]	lr: 1.000e-03, eta: 6:06:56, time: 0.282, data_time: 0.043, memory: 8019, loss_cls: 0.4322, loss_bbox: 0.3948, loss_kps: 0.0000, loss: 0.8270
2026-09-22 10:46:40,425 - mmdet - INFO - Epoch [10][2800/3488]	lr: 1.000e-03, eta: 6:06:37, time: 0.283, data_time: 0.041, memory: 8019, loss_cls: 0.4425, loss_bbox: 0.3987, loss_kps: 0.0000, loss: 0.8412
2026-09-22 10:46:55,220 - mmdet - INFO - Epoch [10][2850/3488]	lr: 1.000e-03, eta: 6:06:20, time: 0.296, data_time: 0.049, memory: 8019, loss_cls: 0.4313, loss_bbox: 0.3849, loss_kps: 0.0000, loss: 0.8162
2026-09-22 10:47:11,313 - mmdet - INFO - Epoch [10][2900/3488]	lr: 1.000e-03, eta: 6:06:05, time: 0.322, data_time: 0.052, memory: 8019, loss_cls: 0.4289, loss_bbox: 0.3853, loss_kps: 0.0000, loss: 0.8142
2026-09-22 10:47:24,980 - mmdet - INFO - Epoch [10][2950/3488]	lr: 1.000e-03, eta: 6:05:46, time: 0.273, data_time: 0.041, memory: 8019, loss_cls: 0.4341, loss_bbox: 0.3814, loss_kps: 0.0000, loss: 0.8154
2026-09-22 10:47:38,978 - mmdet - INFO - Epoch [10][3000/3488]	lr: 1.000e-03, eta: 6:05:27, time: 0.280, data_time: 0.041, memory: 8019, loss_cls: 0.4360, loss_bbox: 0.3851, loss_kps: 0.0000, loss: 0.8211
2026-09-22 10:47:52,244 - mmdet - INFO - Epoch [10][3050/3488]	lr: 1.000e-03, eta: 6:05:07, time: 0.265, data_time: 0.040, memory: 8019, loss_cls: 0.4143, loss_bbox: 0.3818, loss_kps: 0.0000, loss: 0.7962
2026-09-22 10:48:06,107 - mmdet - INFO - Epoch [10][3100/3488]	lr: 1.000e-03, eta: 6:04:47, time: 0.277, data_time: 0.041, memory: 8019, loss_cls: 0.4280, loss_bbox: 0.3821, loss_kps: 0.0000, loss: 0.8100
2026-09-22 10:48:20,012 - mmdet - INFO - Epoch [10][3150/3488]	lr: 1.000e-03, eta: 6:04:28, time: 0.278, data_time: 0.043, memory: 8019, loss_cls: 0.4304, loss_bbox: 0.3919, loss_kps: 0.0000, loss: 0.8223
2026-09-22 10:48:33,469 - mmdet - INFO - Epoch [10][3200/3488]	lr: 1.000e-03, eta: 6:04:08, time: 0.269, data_time: 0.042, memory: 8019, loss_cls: 0.4335, loss_bbox: 0.3835, loss_kps: 0.0000, loss: 0.8169
2026-09-22 10:48:47,137 - mmdet - INFO - Epoch [10][3250/3488]	lr: 1.000e-03, eta: 6:03:49, time: 0.273, data_time: 0.042, memory: 8019, loss_cls: 0.4210, loss_bbox: 0.3769, loss_kps: 0.0000, loss: 0.7979
2026-09-22 10:49:01,033 - mmdet - INFO - Epoch [10][3300/3488]	lr: 1.000e-03, eta: 6:03:30, time: 0.278, data_time: 0.041, memory: 8019, loss_cls: 0.4305, loss_bbox: 0.3904, loss_kps: 0.0000, loss: 0.8209
2026-09-22 10:49:14,934 - mmdet - INFO - Epoch [10][3350/3488]	lr: 1.000e-03, eta: 6:03:11, time: 0.278, data_time: 0.041, memory: 8019, loss_cls: 0.4290, loss_bbox: 0.3940, loss_kps: 0.0000, loss: 0.8229
2026-09-22 10:49:28,036 - mmdet - INFO - Epoch [10][3400/3488]	lr: 1.000e-03, eta: 6:02:50, time: 0.262, data_time: 0.040, memory: 8019, loss_cls: 0.4121, loss_bbox: 0.3868, loss_kps: 0.0000, loss: 0.7989
2026-09-22 10:49:42,007 - mmdet - INFO - Epoch [10][3450/3488]	lr: 1.000e-03, eta: 6:02:32, time: 0.279, data_time: 0.042, memory: 8019, loss_cls: 0.4304, loss_bbox: 0.3770, loss_kps: 0.0000, loss: 0.8075
2026-09-22 10:49:52,476 - mmdet - INFO - Saving checkpoint at 10 epochs
2026-09-22 10:50:14,003 - mmdet - INFO - Epoch [11][50/3488]	lr: 1.000e-03, eta: 6:01:52, time: 0.426, data_time: 0.175, memory: 8019, loss_cls: 0.4354, loss_bbox: 0.4003, loss_kps: 0.0000, loss: 0.8357
2026-09-22 10:50:27,724 - mmdet - INFO - Epoch [11][100/3488]	lr: 1.000e-03, eta: 6:01:33, time: 0.274, data_time: 0.043, memory: 8019, loss_cls: 0.4124, loss_bbox: 0.3866, loss_kps: 0.0000, loss: 0.7990
2026-09-22 10:50:41,554 - mmdet - INFO - Epoch [11][150/3488]	lr: 1.000e-03, eta: 6:01:14, time: 0.277, data_time: 0.040, memory: 8019, loss_cls: 0.4115, loss_bbox: 0.3812, loss_kps: 0.0000, loss: 0.7927
2026-09-22 10:50:56,127 - mmdet - INFO - Epoch [11][200/3488]	lr: 1.000e-03, eta: 6:00:56, time: 0.291, data_time: 0.052, memory: 8019, loss_cls: 0.4192, loss_bbox: 0.3844, loss_kps: 0.0000, loss: 0.8036
2026-09-22 10:51:09,910 - mmdet - INFO - Epoch [11][250/3488]	lr: 1.000e-03, eta: 6:00:37, time: 0.276, data_time: 0.038, memory: 8019, loss_cls: 0.4259, loss_bbox: 0.3865, loss_kps: 0.0000, loss: 0.8124
2026-09-22 10:51:23,792 - mmdet - INFO - Epoch [11][300/3488]	lr: 1.000e-03, eta: 6:00:18, time: 0.278, data_time: 0.041, memory: 8019, loss_cls: 0.4403, loss_bbox: 0.3920, loss_kps: 0.0000, loss: 0.8323
2026-09-22 10:51:37,262 - mmdet - INFO - Epoch [11][350/3488]	lr: 1.000e-03, eta: 5:59:58, time: 0.269, data_time: 0.039, memory: 8019, loss_cls: 0.4220, loss_bbox: 0.3815, loss_kps: 0.0000, loss: 0.8034
2026-09-22 10:51:51,371 - mmdet - INFO - Epoch [11][400/3488]	lr: 1.000e-03, eta: 5:59:40, time: 0.282, data_time: 0.041, memory: 8019, loss_cls: 0.4129, loss_bbox: 0.3819, loss_kps: 0.0000, loss: 0.7948
2026-09-22 10:52:05,099 - mmdet - INFO - Epoch [11][450/3488]	lr: 1.000e-03, eta: 5:59:21, time: 0.275, data_time: 0.040, memory: 8019, loss_cls: 0.4318, loss_bbox: 0.3987, loss_kps: 0.0000, loss: 0.8305
2026-09-22 10:52:18,916 - mmdet - INFO - Epoch [11][500/3488]	lr: 1.000e-03, eta: 5:59:02, time: 0.276, data_time: 0.039, memory: 8019, loss_cls: 0.4304, loss_bbox: 0.3929, loss_kps: 0.0000, loss: 0.8233
2026-09-22 10:52:31,803 - mmdet - INFO - Epoch [11][550/3488]	lr: 1.000e-03, eta: 5:58:41, time: 0.258, data_time: 0.035, memory: 8019, loss_cls: 0.4224, loss_bbox: 0.3847, loss_kps: 0.0000, loss: 0.8071
2026-09-22 10:52:45,894 - mmdet - INFO - Epoch [11][600/3488]	lr: 1.000e-03, eta: 5:58:23, time: 0.282, data_time: 0.042, memory: 8019, loss_cls: 0.4435, loss_bbox: 0.3927, loss_kps: 0.0000, loss: 0.8362
2026-09-22 10:52:58,983 - mmdet - INFO - Epoch [11][650/3488]	lr: 1.000e-03, eta: 5:58:02, time: 0.262, data_time: 0.039, memory: 8019, loss_cls: 0.4195, loss_bbox: 0.3793, loss_kps: 0.0000, loss: 0.7988
2026-09-22 10:53:11,953 - mmdet - INFO - Epoch [11][700/3488]	lr: 1.000e-03, eta: 5:57:42, time: 0.259, data_time: 0.036, memory: 8019, loss_cls: 0.4137, loss_bbox: 0.3691, loss_kps: 0.0000, loss: 0.7828
2026-09-22 10:53:24,765 - mmdet - INFO - Epoch [11][750/3488]	lr: 1.000e-03, eta: 5:57:21, time: 0.256, data_time: 0.036, memory: 8019, loss_cls: 0.4589, loss_bbox: 0.3852, loss_kps: 0.0000, loss: 0.8441
2026-09-22 10:53:37,484 - mmdet - INFO - Epoch [11][800/3488]	lr: 1.000e-03, eta: 5:57:00, time: 0.254, data_time: 0.036, memory: 8019, loss_cls: 0.4245, loss_bbox: 0.3860, loss_kps: 0.0000, loss: 0.8106
2026-09-22 10:53:50,230 - mmdet - INFO - Epoch [11][850/3488]	lr: 1.000e-03, eta: 5:56:39, time: 0.255, data_time: 0.038, memory: 8019, loss_cls: 0.4238, loss_bbox: 0.3818, loss_kps: 0.0000, loss: 0.8056
2026-09-22 10:54:03,220 - mmdet - INFO - Epoch [11][900/3488]	lr: 1.000e-03, eta: 5:56:19, time: 0.260, data_time: 0.036, memory: 8019, loss_cls: 0.4288, loss_bbox: 0.3776, loss_kps: 0.0000, loss: 0.8065
2026-09-22 10:54:15,905 - mmdet - INFO - Epoch [11][950/3488]	lr: 1.000e-03, eta: 5:55:58, time: 0.254, data_time: 0.036, memory: 8019, loss_cls: 0.4127, loss_bbox: 0.3777, loss_kps: 0.0000, loss: 0.7904
2026-09-22 10:54:28,665 - mmdet - INFO - Epoch [11][1000/3488]	lr: 1.000e-03, eta: 5:55:37, time: 0.255, data_time: 0.036, memory: 8019, loss_cls: 0.4240, loss_bbox: 0.3824, loss_kps: 0.0000, loss: 0.8064
2026-09-22 10:54:41,800 - mmdet - INFO - Epoch [11][1050/3488]	lr: 1.000e-03, eta: 5:55:17, time: 0.263, data_time: 0.046, memory: 8019, loss_cls: 0.4034, loss_bbox: 0.3720, loss_kps: 0.0000, loss: 0.7754
2026-09-22 10:54:54,759 - mmdet - INFO - Epoch [11][1100/3488]	lr: 1.000e-03, eta: 5:54:57, time: 0.259, data_time: 0.037, memory: 8019, loss_cls: 0.4216, loss_bbox: 0.3877, loss_kps: 0.0000, loss: 0.8092
2026-09-22 10:55:07,355 - mmdet - INFO - Epoch [11][1150/3488]	lr: 1.000e-03, eta: 5:54:36, time: 0.252, data_time: 0.035, memory: 8019, loss_cls: 0.4195, loss_bbox: 0.3897, loss_kps: 0.0000, loss: 0.8092
2026-09-22 10:55:20,116 - mmdet - INFO - Epoch [11][1200/3488]	lr: 1.000e-03, eta: 5:54:15, time: 0.255, data_time: 0.037, memory: 8019, loss_cls: 0.4325, loss_bbox: 0.3857, loss_kps: 0.0000, loss: 0.8183
2026-09-22 10:55:32,899 - mmdet - INFO - Epoch [11][1250/3488]	lr: 1.000e-03, eta: 5:53:54, time: 0.256, data_time: 0.037, memory: 8019, loss_cls: 0.3941, loss_bbox: 0.3775, loss_kps: 0.0000, loss: 0.7717
2026-09-22 10:55:45,576 - mmdet - INFO - Epoch [11][1300/3488]	lr: 1.000e-03, eta: 5:53:33, time: 0.254, data_time: 0.036, memory: 8019, loss_cls: 0.4140, loss_bbox: 0.3791, loss_kps: 0.0000, loss: 0.7931
2026-09-22 10:55:58,208 - mmdet - INFO - Epoch [11][1350/3488]	lr: 1.000e-03, eta: 5:53:12, time: 0.253, data_time: 0.038, memory: 8019, loss_cls: 0.4304, loss_bbox: 0.3860, loss_kps: 0.0000, loss: 0.8164
2026-09-22 10:56:11,097 - mmdet - INFO - Epoch [11][1400/3488]	lr: 1.000e-03, eta: 5:52:52, time: 0.258, data_time: 0.038, memory: 8019, loss_cls: 0.4208, loss_bbox: 0.3844, loss_kps: 0.0000, loss: 0.8052
2026-09-22 10:56:24,536 - mmdet - INFO - Epoch [11][1450/3488]	lr: 1.000e-03, eta: 5:52:33, time: 0.269, data_time: 0.039, memory: 8019, loss_cls: 0.4136, loss_bbox: 0.3854, loss_kps: 0.0000, loss: 0.7990
2026-09-22 10:56:39,259 - mmdet - INFO - Epoch [11][1500/3488]	lr: 1.000e-03, eta: 5:52:16, time: 0.294, data_time: 0.041, memory: 8019, loss_cls: 0.4281, loss_bbox: 0.3832, loss_kps: 0.0000, loss: 0.8113
2026-09-22 10:56:54,310 - mmdet - INFO - Epoch [11][1550/3488]	lr: 1.000e-03, eta: 5:51:59, time: 0.301, data_time: 0.043, memory: 8019, loss_cls: 0.4201, loss_bbox: 0.3893, loss_kps: 0.0000, loss: 0.8094
2026-09-22 10:57:09,328 - mmdet - INFO - Epoch [11][1600/3488]	lr: 1.000e-03, eta: 5:51:43, time: 0.301, data_time: 0.043, memory: 8019, loss_cls: 0.4460, loss_bbox: 0.3899, loss_kps: 0.0000, loss: 0.8358
2026-09-22 10:57:24,487 - mmdet - INFO - Epoch [11][1650/3488]	lr: 1.000e-03, eta: 5:51:27, time: 0.303, data_time: 0.044, memory: 8019, loss_cls: 0.4075, loss_bbox: 0.3629, loss_kps: 0.0000, loss: 0.7705
2026-09-22 10:57:37,756 - mmdet - INFO - Epoch [11][1700/3488]	lr: 1.000e-03, eta: 5:51:07, time: 0.265, data_time: 0.038, memory: 8019, loss_cls: 0.4089, loss_bbox: 0.3775, loss_kps: 0.0000, loss: 0.7864
2026-09-22 10:57:50,951 - mmdet - INFO - Epoch [11][1750/3488]	lr: 1.000e-03, eta: 5:50:48, time: 0.264, data_time: 0.039, memory: 8019, loss_cls: 0.4137, loss_bbox: 0.3810, loss_kps: 0.0000, loss: 0.7947
2026-09-22 10:58:04,346 - mmdet - INFO - Epoch [11][1800/3488]	lr: 1.000e-03, eta: 5:50:28, time: 0.268, data_time: 0.039, memory: 8019, loss_cls: 0.4096, loss_bbox: 0.3757, loss_kps: 0.0000, loss: 0.7852
2026-09-22 10:58:17,540 - mmdet - INFO - Epoch [11][1850/3488]	lr: 1.000e-03, eta: 5:50:09, time: 0.264, data_time: 0.039, memory: 8019, loss_cls: 0.4272, loss_bbox: 0.3816, loss_kps: 0.0000, loss: 0.8088
2026-09-22 10:58:33,045 - mmdet - INFO - Epoch [11][1900/3488]	lr: 1.000e-03, eta: 5:49:53, time: 0.310, data_time: 0.043, memory: 8019, loss_cls: 0.4012, loss_bbox: 0.3796, loss_kps: 0.0000, loss: 0.7809
2026-09-22 10:58:45,785 - mmdet - INFO - Epoch [11][1950/3488]	lr: 1.000e-03, eta: 5:49:33, time: 0.255, data_time: 0.035, memory: 8019, loss_cls: 0.4056, loss_bbox: 0.3850, loss_kps: 0.0000, loss: 0.7907
2026-09-22 10:58:58,655 - mmdet - INFO - Epoch [11][2000/3488]	lr: 1.000e-03, eta: 5:49:13, time: 0.258, data_time: 0.038, memory: 8019, loss_cls: 0.4253, loss_bbox: 0.3818, loss_kps: 0.0000, loss: 0.8071
2026-09-22 10:59:12,316 - mmdet - INFO - Epoch [11][2050/3488]	lr: 1.000e-03, eta: 5:48:54, time: 0.273, data_time: 0.049, memory: 8019, loss_cls: 0.4436, loss_bbox: 0.3905, loss_kps: 0.0000, loss: 0.8341
2026-09-22 10:59:25,422 - mmdet - INFO - Epoch [11][2100/3488]	lr: 1.000e-03, eta: 5:48:34, time: 0.262, data_time: 0.036, memory: 8019, loss_cls: 0.4333, loss_bbox: 0.3952, loss_kps: 0.0000, loss: 0.8285
2026-09-22 10:59:38,964 - mmdet - INFO - Epoch [11][2150/3488]	lr: 1.000e-03, eta: 5:48:15, time: 0.271, data_time: 0.043, memory: 8019, loss_cls: 0.4304, loss_bbox: 0.3796, loss_kps: 0.0000, loss: 0.8100
2026-09-22 10:59:52,478 - mmdet - INFO - Epoch [11][2200/3488]	lr: 1.000e-03, eta: 5:47:56, time: 0.270, data_time: 0.039, memory: 8019, loss_cls: 0.4128, loss_bbox: 0.3802, loss_kps: 0.0000, loss: 0.7930
2026-09-22 11:00:05,280 - mmdet - INFO - Epoch [11][2250/3488]	lr: 1.000e-03, eta: 5:47:36, time: 0.256, data_time: 0.037, memory: 8019, loss_cls: 0.4379, loss_bbox: 0.3899, loss_kps: 0.0000, loss: 0.8278
2026-09-22 11:00:18,197 - mmdet - INFO - Epoch [11][2300/3488]	lr: 1.000e-03, eta: 5:47:16, time: 0.258, data_time: 0.039, memory: 8019, loss_cls: 0.4149, loss_bbox: 0.3779, loss_kps: 0.0000, loss: 0.7928
2026-09-22 11:00:31,195 - mmdet - INFO - Epoch [11][2350/3488]	lr: 1.000e-03, eta: 5:46:56, time: 0.260, data_time: 0.038, memory: 8019, loss_cls: 0.4145, loss_bbox: 0.3904, loss_kps: 0.0000, loss: 0.8050
2026-09-22 11:00:44,080 - mmdet - INFO - Epoch [11][2400/3488]	lr: 1.000e-03, eta: 5:46:36, time: 0.258, data_time: 0.040, memory: 8019, loss_cls: 0.4354, loss_bbox: 0.3896, loss_kps: 0.0000, loss: 0.8250
2026-09-22 11:00:56,776 - mmdet - INFO - Epoch [11][2450/3488]	lr: 1.000e-03, eta: 5:46:16, time: 0.254, data_time: 0.035, memory: 8019, loss_cls: 0.4388, loss_bbox: 0.3951, loss_kps: 0.0000, loss: 0.8339
2026-09-22 11:01:09,595 - mmdet - INFO - Epoch [11][2500/3488]	lr: 1.000e-03, eta: 5:45:55, time: 0.256, data_time: 0.036, memory: 8019, loss_cls: 0.4383, loss_bbox: 0.3865, loss_kps: 0.0000, loss: 0.8248
2026-09-22 11:01:22,355 - mmdet - INFO - Epoch [11][2550/3488]	lr: 1.000e-03, eta: 5:45:35, time: 0.255, data_time: 0.038, memory: 8019, loss_cls: 0.4252, loss_bbox: 0.3860, loss_kps: 0.0000, loss: 0.8112
2026-09-22 11:01:35,361 - mmdet - INFO - Epoch [11][2600/3488]	lr: 1.000e-03, eta: 5:45:15, time: 0.260, data_time: 0.039, memory: 8019, loss_cls: 0.4123, loss_bbox: 0.3787, loss_kps: 0.0000, loss: 0.7910
2026-09-22 11:01:48,220 - mmdet - INFO - Epoch [11][2650/3488]	lr: 1.000e-03, eta: 5:44:55, time: 0.257, data_time: 0.039, memory: 8019, loss_cls: 0.4165, loss_bbox: 0.3800, loss_kps: 0.0000, loss: 0.7965
2026-09-22 11:02:01,042 - mmdet - INFO - Epoch [11][2700/3488]	lr: 1.000e-03, eta: 5:44:35, time: 0.256, data_time: 0.038, memory: 8019, loss_cls: 0.4200, loss_bbox: 0.3913, loss_kps: 0.0000, loss: 0.8113
2026-09-22 11:02:13,931 - mmdet - INFO - Epoch [11][2750/3488]	lr: 1.000e-03, eta: 5:44:15, time: 0.258, data_time: 0.039, memory: 8019, loss_cls: 0.4379, loss_bbox: 0.3969, loss_kps: 0.0000, loss: 0.8348
2026-09-22 11:02:26,643 - mmdet - INFO - Epoch [11][2800/3488]	lr: 1.000e-03, eta: 5:43:55, time: 0.254, data_time: 0.038, memory: 8019, loss_cls: 0.4177, loss_bbox: 0.3818, loss_kps: 0.0000, loss: 0.7994
2026-09-22 11:02:39,768 - mmdet - INFO - Epoch [11][2850/3488]	lr: 1.000e-03, eta: 5:43:36, time: 0.262, data_time: 0.037, memory: 8019, loss_cls: 0.4180, loss_bbox: 0.3824, loss_kps: 0.0000, loss: 0.8004
2026-09-22 11:02:52,595 - mmdet - INFO - Epoch [11][2900/3488]	lr: 1.000e-03, eta: 5:43:16, time: 0.257, data_time: 0.037, memory: 8019, loss_cls: 0.4390, loss_bbox: 0.3898, loss_kps: 0.0000, loss: 0.8289
2026-09-22 11:03:05,482 - mmdet - INFO - Epoch [11][2950/3488]	lr: 1.000e-03, eta: 5:42:56, time: 0.258, data_time: 0.037, memory: 8019, loss_cls: 0.4074, loss_bbox: 0.3813, loss_kps: 0.0000, loss: 0.7887
2026-09-22 11:03:19,076 - mmdet - INFO - Epoch [11][3000/3488]	lr: 1.000e-03, eta: 5:42:37, time: 0.272, data_time: 0.044, memory: 8019, loss_cls: 0.4279, loss_bbox: 0.3902, loss_kps: 0.0000, loss: 0.8181
2026-09-22 11:03:31,943 - mmdet - INFO - Epoch [11][3050/3488]	lr: 1.000e-03, eta: 5:42:17, time: 0.257, data_time: 0.037, memory: 8019, loss_cls: 0.4140, loss_bbox: 0.3870, loss_kps: 0.0000, loss: 0.8011
2026-09-22 11:03:44,874 - mmdet - INFO - Epoch [11][3100/3488]	lr: 1.000e-03, eta: 5:41:58, time: 0.259, data_time: 0.039, memory: 8019, loss_cls: 0.4104, loss_bbox: 0.3764, loss_kps: 0.0000, loss: 0.7868
2026-09-22 11:03:57,588 - mmdet - INFO - Epoch [11][3150/3488]	lr: 1.000e-03, eta: 5:41:38, time: 0.254, data_time: 0.039, memory: 8019, loss_cls: 0.4209, loss_bbox: 0.3799, loss_kps: 0.0000, loss: 0.8008
2026-09-22 11:04:10,359 - mmdet - INFO - Epoch [11][3200/3488]	lr: 1.000e-03, eta: 5:41:18, time: 0.255, data_time: 0.037, memory: 8019, loss_cls: 0.4274, loss_bbox: 0.3949, loss_kps: 0.0000, loss: 0.8223
2026-09-22 11:04:23,089 - mmdet - INFO - Epoch [11][3250/3488]	lr: 1.000e-03, eta: 5:40:58, time: 0.255, data_time: 0.037, memory: 8019, loss_cls: 0.4199, loss_bbox: 0.3827, loss_kps: 0.0000, loss: 0.8026
2026-09-22 11:04:35,855 - mmdet - INFO - Epoch [11][3300/3488]	lr: 1.000e-03, eta: 5:40:38, time: 0.255, data_time: 0.037, memory: 8019, loss_cls: 0.4200, loss_bbox: 0.3800, loss_kps: 0.0000, loss: 0.8000
2026-09-22 11:04:48,794 - mmdet - INFO - Epoch [11][3350/3488]	lr: 1.000e-03, eta: 5:40:18, time: 0.259, data_time: 0.038, memory: 8019, loss_cls: 0.4221, loss_bbox: 0.3882, loss_kps: 0.0000, loss: 0.8103
2026-09-22 11:05:01,736 - mmdet - INFO - Epoch [11][3400/3488]	lr: 1.000e-03, eta: 5:39:59, time: 0.259, data_time: 0.040, memory: 8019, loss_cls: 0.4222, loss_bbox: 0.3747, loss_kps: 0.0000, loss: 0.7969
2026-09-22 11:05:14,305 - mmdet - INFO - Epoch [11][3450/3488]	lr: 1.000e-03, eta: 5:39:38, time: 0.251, data_time: 0.036, memory: 8019, loss_cls: 0.4127, loss_bbox: 0.3827, loss_kps: 0.0000, loss: 0.7954
2026-09-22 11:05:23,349 - mmdet - INFO - Saving checkpoint at 11 epochs
2026-09-22 11:05:43,891 - mmdet - INFO - Epoch [12][50/3488]	lr: 1.000e-03, eta: 5:39:00, time: 0.407, data_time: 0.171, memory: 8019, loss_cls: 0.4224, loss_bbox: 0.3757, loss_kps: 0.0000, loss: 0.7981
2026-09-22 11:05:56,492 - mmdet - INFO - Epoch [12][100/3488]	lr: 1.000e-03, eta: 5:38:40, time: 0.252, data_time: 0.037, memory: 8019, loss_cls: 0.4066, loss_bbox: 0.3772, loss_kps: 0.0000, loss: 0.7838
2026-09-22 11:06:09,206 - mmdet - INFO - Epoch [12][150/3488]	lr: 1.000e-03, eta: 5:38:20, time: 0.254, data_time: 0.038, memory: 8019, loss_cls: 0.4243, loss_bbox: 0.3807, loss_kps: 0.0000, loss: 0.8049
2026-09-22 11:06:21,831 - mmdet - INFO - Epoch [12][200/3488]	lr: 1.000e-03, eta: 5:38:00, time: 0.252, data_time: 0.038, memory: 8019, loss_cls: 0.4261, loss_bbox: 0.3898, loss_kps: 0.0000, loss: 0.8159
2026-09-22 11:06:34,773 - mmdet - INFO - Epoch [12][250/3488]	lr: 1.000e-03, eta: 5:37:40, time: 0.259, data_time: 0.038, memory: 8019, loss_cls: 0.4129, loss_bbox: 0.3703, loss_kps: 0.0000, loss: 0.7832
2026-09-22 11:06:47,583 - mmdet - INFO - Epoch [12][300/3488]	lr: 1.000e-03, eta: 5:37:21, time: 0.256, data_time: 0.038, memory: 8019, loss_cls: 0.4128, loss_bbox: 0.3892, loss_kps: 0.0000, loss: 0.8020
2026-09-22 11:07:00,561 - mmdet - INFO - Epoch [12][350/3488]	lr: 1.000e-03, eta: 5:37:01, time: 0.260, data_time: 0.040, memory: 8019, loss_cls: 0.4220, loss_bbox: 0.3858, loss_kps: 0.0000, loss: 0.8078
2026-09-22 11:07:13,391 - mmdet - INFO - Epoch [12][400/3488]	lr: 1.000e-03, eta: 5:36:42, time: 0.256, data_time: 0.039, memory: 8019, loss_cls: 0.4168, loss_bbox: 0.3906, loss_kps: 0.0000, loss: 0.8074
2026-09-22 11:07:26,275 - mmdet - INFO - Epoch [12][450/3488]	lr: 1.000e-03, eta: 5:36:22, time: 0.258, data_time: 0.039, memory: 8019, loss_cls: 0.4383, loss_bbox: 0.3872, loss_kps: 0.0000, loss: 0.8255
2026-09-22 11:07:39,065 - mmdet - INFO - Epoch [12][500/3488]	lr: 1.000e-03, eta: 5:36:03, time: 0.256, data_time: 0.038, memory: 8019, loss_cls: 0.4212, loss_bbox: 0.3874, loss_kps: 0.0000, loss: 0.8086
2026-09-22 11:07:52,406 - mmdet - INFO - Epoch [12][550/3488]	lr: 1.000e-03, eta: 5:35:44, time: 0.267, data_time: 0.037, memory: 8019, loss_cls: 0.4214, loss_bbox: 0.3768, loss_kps: 0.0000, loss: 0.7982
2026-09-22 11:08:05,212 - mmdet - INFO - Epoch [12][600/3488]	lr: 1.000e-03, eta: 5:35:24, time: 0.256, data_time: 0.039, memory: 8019, loss_cls: 0.4208, loss_bbox: 0.3836, loss_kps: 0.0000, loss: 0.8045
2026-09-22 11:08:18,030 - mmdet - INFO - Epoch [12][650/3488]	lr: 1.000e-03, eta: 5:35:05, time: 0.256, data_time: 0.037, memory: 8019, loss_cls: 0.4188, loss_bbox: 0.3879, loss_kps: 0.0000, loss: 0.8067
2026-09-22 11:08:31,215 - mmdet - INFO - Epoch [12][700/3488]	lr: 1.000e-03, eta: 5:34:46, time: 0.264, data_time: 0.045, memory: 8019, loss_cls: 0.4256, loss_bbox: 0.3798, loss_kps: 0.0000, loss: 0.8054
2026-09-22 11:08:44,014 - mmdet - INFO - Epoch [12][750/3488]	lr: 1.000e-03, eta: 5:34:26, time: 0.256, data_time: 0.037, memory: 8019, loss_cls: 0.4145, loss_bbox: 0.3813, loss_kps: 0.0000, loss: 0.7958
2026-09-22 11:08:56,822 - mmdet - INFO - Epoch [12][800/3488]	lr: 1.000e-03, eta: 5:34:07, time: 0.256, data_time: 0.038, memory: 8019, loss_cls: 0.4142, loss_bbox: 0.3884, loss_kps: 0.0000, loss: 0.8025
2026-09-22 11:09:09,872 - mmdet - INFO - Epoch [12][850/3488]	lr: 1.000e-03, eta: 5:33:48, time: 0.261, data_time: 0.038, memory: 8019, loss_cls: 0.4049, loss_bbox: 0.3805, loss_kps: 0.0000, loss: 0.7854
2026-09-22 11:09:22,584 - mmdet - INFO - Epoch [12][900/3488]	lr: 1.000e-03, eta: 5:33:28, time: 0.254, data_time: 0.036, memory: 8019, loss_cls: 0.4281, loss_bbox: 0.3915, loss_kps: 0.0000, loss: 0.8197
2026-09-22 11:09:35,366 - mmdet - INFO - Epoch [12][950/3488]	lr: 1.000e-03, eta: 5:33:09, time: 0.256, data_time: 0.038, memory: 8019, loss_cls: 0.4045, loss_bbox: 0.3786, loss_kps: 0.0000, loss: 0.7831
2026-09-22 11:09:48,295 - mmdet - INFO - Epoch [12][1000/3488]	lr: 1.000e-03, eta: 5:32:49, time: 0.259, data_time: 0.038, memory: 8019, loss_cls: 0.4191, loss_bbox: 0.3944, loss_kps: 0.0000, loss: 0.8136
2026-09-22 11:10:01,151 - mmdet - INFO - Epoch [12][1050/3488]	lr: 1.000e-03, eta: 5:32:30, time: 0.257, data_time: 0.037, memory: 8019, loss_cls: 0.4295, loss_bbox: 0.3897, loss_kps: 0.0000, loss: 0.8192
2026-09-22 11:10:14,166 - mmdet - INFO - Epoch [12][1100/3488]	lr: 1.000e-03, eta: 5:32:11, time: 0.260, data_time: 0.035, memory: 8019, loss_cls: 0.4235, loss_bbox: 0.3925, loss_kps: 0.0000, loss: 0.8161
2026-09-22 11:10:26,962 - mmdet - INFO - Epoch [12][1150/3488]	lr: 1.000e-03, eta: 5:31:52, time: 0.256, data_time: 0.037, memory: 8019, loss_cls: 0.4184, loss_bbox: 0.3863, loss_kps: 0.0000, loss: 0.8047
2026-09-22 11:10:40,341 - mmdet - INFO - Epoch [12][1200/3488]	lr: 1.000e-03, eta: 5:31:33, time: 0.267, data_time: 0.038, memory: 8019, loss_cls: 0.4257, loss_bbox: 0.3889, loss_kps: 0.0000, loss: 0.8147
2026-09-22 11:10:53,923 - mmdet - INFO - Epoch [12][1250/3488]	lr: 1.000e-03, eta: 5:31:15, time: 0.272, data_time: 0.038, memory: 8019, loss_cls: 0.4176, loss_bbox: 0.3793, loss_kps: 0.0000, loss: 0.7968
2026-09-22 11:11:07,688 - mmdet - INFO - Epoch [12][1300/3488]	lr: 1.000e-03, eta: 5:30:57, time: 0.275, data_time: 0.038, memory: 8019, loss_cls: 0.4080, loss_bbox: 0.3728, loss_kps: 0.0000, loss: 0.7808
2026-09-22 11:11:21,154 - mmdet - INFO - Epoch [12][1350/3488]	lr: 1.000e-03, eta: 5:30:39, time: 0.269, data_time: 0.038, memory: 8019, loss_cls: 0.4250, loss_bbox: 0.3929, loss_kps: 0.0000, loss: 0.8179
2026-09-22 11:11:34,197 - mmdet - INFO - Epoch [12][1400/3488]	lr: 1.000e-03, eta: 5:30:20, time: 0.261, data_time: 0.038, memory: 8019, loss_cls: 0.4196, loss_bbox: 0.3827, loss_kps: 0.0000, loss: 0.8023
2026-09-22 11:11:47,312 - mmdet - INFO - Epoch [12][1450/3488]	lr: 1.000e-03, eta: 5:30:01, time: 0.262, data_time: 0.037, memory: 8019, loss_cls: 0.4169, loss_bbox: 0.3797, loss_kps: 0.0000, loss: 0.7966
2026-09-22 11:12:00,393 - mmdet - INFO - Epoch [12][1500/3488]	lr: 1.000e-03, eta: 5:29:42, time: 0.261, data_time: 0.036, memory: 8019, loss_cls: 0.4293, loss_bbox: 0.3869, loss_kps: 0.0000, loss: 0.8162
2026-09-22 11:12:13,284 - mmdet - INFO - Epoch [12][1550/3488]	lr: 1.000e-03, eta: 5:29:23, time: 0.258, data_time: 0.035, memory: 8019, loss_cls: 0.4137, loss_bbox: 0.3840, loss_kps: 0.0000, loss: 0.7977
2026-09-22 11:12:26,129 - mmdet - INFO - Epoch [12][1600/3488]	lr: 1.000e-03, eta: 5:29:04, time: 0.257, data_time: 0.034, memory: 8019, loss_cls: 0.4238, loss_bbox: 0.3857, loss_kps: 0.0000, loss: 0.8095
2026-09-22 11:12:38,891 - mmdet - INFO - Epoch [12][1650/3488]	lr: 1.000e-03, eta: 5:28:45, time: 0.255, data_time: 0.036, memory: 8019, loss_cls: 0.4264, loss_bbox: 0.3839, loss_kps: 0.0000, loss: 0.8103
2026-09-22 11:12:52,418 - mmdet - INFO - Epoch [12][1700/3488]	lr: 1.000e-03, eta: 5:28:27, time: 0.270, data_time: 0.037, memory: 8019, loss_cls: 0.4297, loss_bbox: 0.3800, loss_kps: 0.0000, loss: 0.8097
2026-09-22 11:13:05,482 - mmdet - INFO - Epoch [12][1750/3488]	lr: 1.000e-03, eta: 5:28:08, time: 0.261, data_time: 0.036, memory: 8019, loss_cls: 0.4088, loss_bbox: 0.3752, loss_kps: 0.0000, loss: 0.7841
2026-09-22 11:13:18,836 - mmdet - INFO - Epoch [12][1800/3488]	lr: 1.000e-03, eta: 5:27:50, time: 0.267, data_time: 0.045, memory: 8019, loss_cls: 0.4234, loss_bbox: 0.3774, loss_kps: 0.0000, loss: 0.8008
2026-09-22 11:13:31,533 - mmdet - INFO - Epoch [12][1850/3488]	lr: 1.000e-03, eta: 5:27:30, time: 0.254, data_time: 0.035, memory: 8019, loss_cls: 0.4095, loss_bbox: 0.3881, loss_kps: 0.0000, loss: 0.7976
2026-09-22 11:13:44,332 - mmdet - INFO - Epoch [12][1900/3488]	lr: 1.000e-03, eta: 5:27:11, time: 0.256, data_time: 0.034, memory: 8019, loss_cls: 0.4225, loss_bbox: 0.3791, loss_kps: 0.0000, loss: 0.8016
2026-09-22 11:13:57,483 - mmdet - INFO - Epoch [12][1950/3488]	lr: 1.000e-03, eta: 5:26:53, time: 0.263, data_time: 0.037, memory: 8019, loss_cls: 0.4144, loss_bbox: 0.3874, loss_kps: 0.0000, loss: 0.8017
2026-09-22 11:14:10,481 - mmdet - INFO - Epoch [12][2000/3488]	lr: 1.000e-03, eta: 5:26:34, time: 0.260, data_time: 0.035, memory: 8019, loss_cls: 0.4223, loss_bbox: 0.3835, loss_kps: 0.0000, loss: 0.8058
2026-09-22 11:14:23,576 - mmdet - INFO - Epoch [12][2050/3488]	lr: 1.000e-03, eta: 5:26:15, time: 0.262, data_time: 0.034, memory: 8019, loss_cls: 0.4333, loss_bbox: 0.3847, loss_kps: 0.0000, loss: 0.8180
2026-09-22 11:14:36,542 - mmdet - INFO - Epoch [12][2100/3488]	lr: 1.000e-03, eta: 5:25:56, time: 0.259, data_time: 0.036, memory: 8019, loss_cls: 0.4434, loss_bbox: 0.3957, loss_kps: 0.0000, loss: 0.8391
2026-09-22 11:14:49,201 - mmdet - INFO - Epoch [12][2150/3488]	lr: 1.000e-03, eta: 5:25:37, time: 0.253, data_time: 0.034, memory: 8019, loss_cls: 0.4142, loss_bbox: 0.3836, loss_kps: 0.0000, loss: 0.7978
2026-09-22 11:15:02,401 - mmdet - INFO - Epoch [12][2200/3488]	lr: 1.000e-03, eta: 5:25:18, time: 0.264, data_time: 0.036, memory: 8019, loss_cls: 0.4243, loss_bbox: 0.3740, loss_kps: 0.0000, loss: 0.7983
2026-09-22 11:15:15,296 - mmdet - INFO - Epoch [12][2250/3488]	lr: 1.000e-03, eta: 5:25:00, time: 0.258, data_time: 0.035, memory: 8019, loss_cls: 0.4133, loss_bbox: 0.3882, loss_kps: 0.0000, loss: 0.8014
2026-09-22 11:15:28,601 - mmdet - INFO - Epoch [12][2300/3488]	lr: 1.000e-03, eta: 5:24:41, time: 0.266, data_time: 0.037, memory: 8019, loss_cls: 0.4056, loss_bbox: 0.3820, loss_kps: 0.0000, loss: 0.7876
2026-09-22 11:15:41,500 - mmdet - INFO - Epoch [12][2350/3488]	lr: 1.000e-03, eta: 5:24:22, time: 0.258, data_time: 0.035, memory: 8019, loss_cls: 0.4236, loss_bbox: 0.3874, loss_kps: 0.0000, loss: 0.8110
2026-09-22 11:15:54,698 - mmdet - INFO - Epoch [12][2400/3488]	lr: 1.000e-03, eta: 5:24:04, time: 0.264, data_time: 0.038, memory: 8019, loss_cls: 0.4353, loss_bbox: 0.3828, loss_kps: 0.0000, loss: 0.8182
2026-09-22 11:16:07,824 - mmdet - INFO - Epoch [12][2450/3488]	lr: 1.000e-03, eta: 5:23:46, time: 0.262, data_time: 0.037, memory: 8019, loss_cls: 0.4223, loss_bbox: 0.3812, loss_kps: 0.0000, loss: 0.8035
2026-09-22 11:16:20,764 - mmdet - INFO - Epoch [12][2500/3488]	lr: 1.000e-03, eta: 5:23:27, time: 0.259, data_time: 0.037, memory: 8019, loss_cls: 0.4169, loss_bbox: 0.3783, loss_kps: 0.0000, loss: 0.7952
2026-09-22 11:16:33,263 - mmdet - INFO - Epoch [12][2550/3488]	lr: 1.000e-03, eta: 5:23:07, time: 0.250, data_time: 0.035, memory: 8019, loss_cls: 0.4204, loss_bbox: 0.3829, loss_kps: 0.0000, loss: 0.8033
2026-09-22 11:16:46,282 - mmdet - INFO - Epoch [12][2600/3488]	lr: 1.000e-03, eta: 5:22:49, time: 0.261, data_time: 0.037, memory: 8019, loss_cls: 0.4031, loss_bbox: 0.3855, loss_kps: 0.0000, loss: 0.7886
2026-09-22 11:16:59,065 - mmdet - INFO - Epoch [12][2650/3488]	lr: 1.000e-03, eta: 5:22:30, time: 0.256, data_time: 0.034, memory: 8019, loss_cls: 0.4117, loss_bbox: 0.3806, loss_kps: 0.0000, loss: 0.7923
2026-09-22 11:17:12,332 - mmdet - INFO - Epoch [12][2700/3488]	lr: 1.000e-03, eta: 5:22:11, time: 0.265, data_time: 0.040, memory: 8019, loss_cls: 0.4043, loss_bbox: 0.3850, loss_kps: 0.0000, loss: 0.7893
2026-09-22 11:17:25,652 - mmdet - INFO - Epoch [12][2750/3488]	lr: 1.000e-03, eta: 5:21:53, time: 0.266, data_time: 0.034, memory: 8019, loss_cls: 0.4360, loss_bbox: 0.3903, loss_kps: 0.0000, loss: 0.8263
2026-09-22 11:17:38,903 - mmdet - INFO - Epoch [12][2800/3488]	lr: 1.000e-03, eta: 5:21:35, time: 0.265, data_time: 0.035, memory: 8019, loss_cls: 0.4150, loss_bbox: 0.3706, loss_kps: 0.0000, loss: 0.7857
2026-09-22 11:17:51,937 - mmdet - INFO - Epoch [12][2850/3488]	lr: 1.000e-03, eta: 5:21:17, time: 0.261, data_time: 0.035, memory: 8019, loss_cls: 0.4196, loss_bbox: 0.3792, loss_kps: 0.0000, loss: 0.7989
2026-09-22 11:18:05,430 - mmdet - INFO - Epoch [12][2900/3488]	lr: 1.000e-03, eta: 5:20:59, time: 0.270, data_time: 0.043, memory: 8019, loss_cls: 0.4121, loss_bbox: 0.3836, loss_kps: 0.0000, loss: 0.7956
2026-09-22 11:18:18,334 - mmdet - INFO - Epoch [12][2950/3488]	lr: 1.000e-03, eta: 5:20:40, time: 0.258, data_time: 0.036, memory: 8019, loss_cls: 0.4058, loss_bbox: 0.3747, loss_kps: 0.0000, loss: 0.7804
2026-09-22 11:18:31,646 - mmdet - INFO - Epoch [12][3000/3488]	lr: 1.000e-03, eta: 5:20:22, time: 0.266, data_time: 0.037, memory: 8019, loss_cls: 0.4172, loss_bbox: 0.3814, loss_kps: 0.0000, loss: 0.7986
2026-09-22 11:18:44,560 - mmdet - INFO - Epoch [12][3050/3488]	lr: 1.000e-03, eta: 5:20:03, time: 0.258, data_time: 0.037, memory: 8019, loss_cls: 0.4138, loss_bbox: 0.3782, loss_kps: 0.0000, loss: 0.7920
2026-09-22 11:18:57,521 - mmdet - INFO - Epoch [12][3100/3488]	lr: 1.000e-03, eta: 5:19:45, time: 0.259, data_time: 0.037, memory: 8019, loss_cls: 0.4390, loss_bbox: 0.3832, loss_kps: 0.0000, loss: 0.8221
2026-09-22 11:19:10,962 - mmdet - INFO - Epoch [12][3150/3488]	lr: 1.000e-03, eta: 5:19:27, time: 0.269, data_time: 0.038, memory: 8019, loss_cls: 0.4271, loss_bbox: 0.3855, loss_kps: 0.0000, loss: 0.8126
2026-09-22 11:19:24,797 - mmdet - INFO - Epoch [12][3200/3488]	lr: 1.000e-03, eta: 5:19:10, time: 0.277, data_time: 0.040, memory: 8019, loss_cls: 0.4167, loss_bbox: 0.3859, loss_kps: 0.0000, loss: 0.8026
2026-09-22 11:19:37,776 - mmdet - INFO - Epoch [12][3250/3488]	lr: 1.000e-03, eta: 5:18:51, time: 0.260, data_time: 0.036, memory: 8019, loss_cls: 0.4234, loss_bbox: 0.3971, loss_kps: 0.0000, loss: 0.8205
2026-09-22 11:19:50,448 - mmdet - INFO - Epoch [12][3300/3488]	lr: 1.000e-03, eta: 5:18:32, time: 0.253, data_time: 0.037, memory: 8019, loss_cls: 0.4118, loss_bbox: 0.3807, loss_kps: 0.0000, loss: 0.7925
2026-09-22 11:20:03,332 - mmdet - INFO - Epoch [12][3350/3488]	lr: 1.000e-03, eta: 5:18:14, time: 0.258, data_time: 0.037, memory: 8019, loss_cls: 0.4219, loss_bbox: 0.3814, loss_kps: 0.0000, loss: 0.8033
2026-09-22 11:20:16,513 - mmdet - INFO - Epoch [12][3400/3488]	lr: 1.000e-03, eta: 5:17:55, time: 0.264, data_time: 0.039, memory: 8019, loss_cls: 0.4431, loss_bbox: 0.3805, loss_kps: 0.0000, loss: 0.8236
2026-09-22 11:20:29,427 - mmdet - INFO - Epoch [12][3450/3488]	lr: 1.000e-03, eta: 5:17:37, time: 0.258, data_time: 0.037, memory: 8019, loss_cls: 0.4124, loss_bbox: 0.3888, loss_kps: 0.0000, loss: 0.8012
2026-09-22 11:20:38,413 - mmdet - INFO - Saving checkpoint at 12 epochs
2026-09-22 11:20:58,804 - mmdet - INFO - Epoch [13][50/3488]	lr: 1.000e-03, eta: 5:17:00, time: 0.404, data_time: 0.168, memory: 8019, loss_cls: 0.4244, loss_bbox: 0.3829, loss_kps: 0.0000, loss: 0.8073
2026-09-22 11:21:11,985 - mmdet - INFO - Epoch [13][100/3488]	lr: 1.000e-03, eta: 5:16:42, time: 0.263, data_time: 0.037, memory: 8019, loss_cls: 0.4179, loss_bbox: 0.3833, loss_kps: 0.0000, loss: 0.8012
2026-09-22 11:21:25,006 - mmdet - INFO - Epoch [13][150/3488]	lr: 1.000e-03, eta: 5:16:24, time: 0.260, data_time: 0.037, memory: 8019, loss_cls: 0.4199, loss_bbox: 0.3850, loss_kps: 0.0000, loss: 0.8049
2026-09-22 11:21:38,098 - mmdet - INFO - Epoch [13][200/3488]	lr: 1.000e-03, eta: 5:16:06, time: 0.262, data_time: 0.039, memory: 8019, loss_cls: 0.4254, loss_bbox: 0.3796, loss_kps: 0.0000, loss: 0.8050
2026-09-22 11:21:51,577 - mmdet - INFO - Epoch [13][250/3488]	lr: 1.000e-03, eta: 5:15:48, time: 0.270, data_time: 0.039, memory: 8019, loss_cls: 0.4322, loss_bbox: 0.3856, loss_kps: 0.0000, loss: 0.8178
2026-09-22 11:22:04,200 - mmdet - INFO - Epoch [13][300/3488]	lr: 1.000e-03, eta: 5:15:29, time: 0.252, data_time: 0.037, memory: 8019, loss_cls: 0.4112, loss_bbox: 0.3858, loss_kps: 0.0000, loss: 0.7970
2026-09-22 11:22:16,900 - mmdet - INFO - Epoch [13][350/3488]	lr: 1.000e-03, eta: 5:15:10, time: 0.254, data_time: 0.038, memory: 8019, loss_cls: 0.4162, loss_bbox: 0.3807, loss_kps: 0.0000, loss: 0.7969
2026-09-22 11:22:29,536 - mmdet - INFO - Epoch [13][400/3488]	lr: 1.000e-03, eta: 5:14:52, time: 0.253, data_time: 0.036, memory: 8019, loss_cls: 0.4086, loss_bbox: 0.3779, loss_kps: 0.0000, loss: 0.7865
2026-09-22 11:22:42,633 - mmdet - INFO - Epoch [13][450/3488]	lr: 1.000e-03, eta: 5:14:33, time: 0.262, data_time: 0.047, memory: 8019, loss_cls: 0.4143, loss_bbox: 0.3845, loss_kps: 0.0000, loss: 0.7988
2026-09-22 11:22:55,445 - mmdet - INFO - Epoch [13][500/3488]	lr: 1.000e-03, eta: 5:14:15, time: 0.256, data_time: 0.039, memory: 8019, loss_cls: 0.4289, loss_bbox: 0.3875, loss_kps: 0.0000, loss: 0.8164
2026-09-22 11:23:08,104 - mmdet - INFO - Epoch [13][550/3488]	lr: 1.000e-03, eta: 5:13:56, time: 0.253, data_time: 0.037, memory: 8019, loss_cls: 0.4264, loss_bbox: 0.3881, loss_kps: 0.0000, loss: 0.8145
2026-09-22 11:23:20,454 - mmdet - INFO - Epoch [13][600/3488]	lr: 1.000e-03, eta: 5:13:37, time: 0.247, data_time: 0.035, memory: 8019, loss_cls: 0.4381, loss_bbox: 0.3880, loss_kps: 0.0000, loss: 0.8260
2026-09-22 11:23:33,099 - mmdet - INFO - Epoch [13][650/3488]	lr: 1.000e-03, eta: 5:13:18, time: 0.253, data_time: 0.037, memory: 8019, loss_cls: 0.4140, loss_bbox: 0.3910, loss_kps: 0.0000, loss: 0.8050
2026-09-22 11:23:45,623 - mmdet - INFO - Epoch [13][700/3488]	lr: 1.000e-03, eta: 5:12:59, time: 0.251, data_time: 0.037, memory: 8019, loss_cls: 0.4218, loss_bbox: 0.3820, loss_kps: 0.0000, loss: 0.8038
2026-09-22 11:23:57,931 - mmdet - INFO - Epoch [13][750/3488]	lr: 1.000e-03, eta: 5:12:40, time: 0.246, data_time: 0.035, memory: 8019, loss_cls: 0.4109, loss_bbox: 0.3813, loss_kps: 0.0000, loss: 0.7923
2026-09-22 11:24:10,629 - mmdet - INFO - Epoch [13][800/3488]	lr: 1.000e-03, eta: 5:12:21, time: 0.254, data_time: 0.037, memory: 8019, loss_cls: 0.3970, loss_bbox: 0.3774, loss_kps: 0.0000, loss: 0.7744
2026-09-22 11:24:23,232 - mmdet - INFO - Epoch [13][850/3488]	lr: 1.000e-03, eta: 5:12:03, time: 0.252, data_time: 0.038, memory: 8019, loss_cls: 0.4112, loss_bbox: 0.3772, loss_kps: 0.0000, loss: 0.7884
2026-09-22 11:24:35,900 - mmdet - INFO - Epoch [13][900/3488]	lr: 1.000e-03, eta: 5:11:44, time: 0.253, data_time: 0.038, memory: 8019, loss_cls: 0.4385, loss_bbox: 0.3896, loss_kps: 0.0000, loss: 0.8280
2026-09-22 11:24:48,508 - mmdet - INFO - Epoch [13][950/3488]	lr: 1.000e-03, eta: 5:11:25, time: 0.252, data_time: 0.037, memory: 8019, loss_cls: 0.4299, loss_bbox: 0.3853, loss_kps: 0.0000, loss: 0.8151
2026-09-22 11:25:01,111 - mmdet - INFO - Epoch [13][1000/3488]	lr: 1.000e-03, eta: 5:11:06, time: 0.252, data_time: 0.036, memory: 8019, loss_cls: 0.4270, loss_bbox: 0.3792, loss_kps: 0.0000, loss: 0.8062
2026-09-22 11:25:13,990 - mmdet - INFO - Epoch [13][1050/3488]	lr: 1.000e-03, eta: 5:10:48, time: 0.257, data_time: 0.037, memory: 8019, loss_cls: 0.4276, loss_bbox: 0.3904, loss_kps: 0.0000, loss: 0.8180
2026-09-22 11:25:26,897 - mmdet - INFO - Epoch [13][1100/3488]	lr: 1.000e-03, eta: 5:10:30, time: 0.258, data_time: 0.036, memory: 8019, loss_cls: 0.4046, loss_bbox: 0.3835, loss_kps: 0.0000, loss: 0.7882
2026-09-22 11:25:39,563 - mmdet - INFO - Epoch [13][1150/3488]	lr: 1.000e-03, eta: 5:10:11, time: 0.253, data_time: 0.037, memory: 8019, loss_cls: 0.4261, loss_bbox: 0.3852, loss_kps: 0.0000, loss: 0.8113
2026-09-22 11:25:52,234 - mmdet - INFO - Epoch [13][1200/3488]	lr: 1.000e-03, eta: 5:09:53, time: 0.253, data_time: 0.037, memory: 8019, loss_cls: 0.4324, loss_bbox: 0.3798, loss_kps: 0.0000, loss: 0.8122
2026-09-22 11:26:05,156 - mmdet - INFO - Epoch [13][1250/3488]	lr: 1.000e-03, eta: 5:09:35, time: 0.258, data_time: 0.035, memory: 8019, loss_cls: 0.4301, loss_bbox: 0.3876, loss_kps: 0.0000, loss: 0.8177
2026-09-22 11:26:17,727 - mmdet - INFO - Epoch [13][1300/3488]	lr: 1.000e-03, eta: 5:09:16, time: 0.251, data_time: 0.036, memory: 8019, loss_cls: 0.4149, loss_bbox: 0.3780, loss_kps: 0.0000, loss: 0.7930
2026-09-22 11:26:30,498 - mmdet - INFO - Epoch [13][1350/3488]	lr: 1.000e-03, eta: 5:08:57, time: 0.255, data_time: 0.036, memory: 8019, loss_cls: 0.4241, loss_bbox: 0.3771, loss_kps: 0.0000, loss: 0.8012
2026-09-22 11:26:43,332 - mmdet - INFO - Epoch [13][1400/3488]	lr: 1.000e-03, eta: 5:08:39, time: 0.257, data_time: 0.036, memory: 8019, loss_cls: 0.4331, loss_bbox: 0.3857, loss_kps: 0.0000, loss: 0.8187
2026-09-22 11:26:56,115 - mmdet - INFO - Epoch [13][1450/3488]	lr: 1.000e-03, eta: 5:08:21, time: 0.255, data_time: 0.039, memory: 8019, loss_cls: 0.4262, loss_bbox: 0.3884, loss_kps: 0.0000, loss: 0.8146
2026-09-22 11:27:09,115 - mmdet - INFO - Epoch [13][1500/3488]	lr: 1.000e-03, eta: 5:08:03, time: 0.260, data_time: 0.045, memory: 8019, loss_cls: 0.3963, loss_bbox: 0.3660, loss_kps: 0.0000, loss: 0.7623
2026-09-22 11:27:21,685 - mmdet - INFO - Epoch [13][1550/3488]	lr: 1.000e-03, eta: 5:07:44, time: 0.251, data_time: 0.036, memory: 8019, loss_cls: 0.4044, loss_bbox: 0.3677, loss_kps: 0.0000, loss: 0.7722
2026-09-22 11:27:34,413 - mmdet - INFO - Epoch [13][1600/3488]	lr: 1.000e-03, eta: 5:07:26, time: 0.255, data_time: 0.037, memory: 8019, loss_cls: 0.4343, loss_bbox: 0.3960, loss_kps: 0.0000, loss: 0.8302
2026-09-22 11:27:47,119 - mmdet - INFO - Epoch [13][1650/3488]	lr: 1.000e-03, eta: 5:07:07, time: 0.254, data_time: 0.037, memory: 8019, loss_cls: 0.4253, loss_bbox: 0.3791, loss_kps: 0.0000, loss: 0.8044
2026-09-22 11:27:59,649 - mmdet - INFO - Epoch [13][1700/3488]	lr: 1.000e-03, eta: 5:06:49, time: 0.251, data_time: 0.034, memory: 8019, loss_cls: 0.4373, loss_bbox: 0.3955, loss_kps: 0.0000, loss: 0.8328
2026-09-22 11:28:12,518 - mmdet - INFO - Epoch [13][1750/3488]	lr: 1.000e-03, eta: 5:06:31, time: 0.257, data_time: 0.036, memory: 8019, loss_cls: 0.4297, loss_bbox: 0.3840, loss_kps: 0.0000, loss: 0.8137
2026-09-22 11:28:25,064 - mmdet - INFO - Epoch [13][1800/3488]	lr: 1.000e-03, eta: 5:06:12, time: 0.251, data_time: 0.035, memory: 8019, loss_cls: 0.4242, loss_bbox: 0.3773, loss_kps: 0.0000, loss: 0.8015
2026-09-22 11:28:37,671 - mmdet - INFO - Epoch [13][1850/3488]	lr: 1.000e-03, eta: 5:05:54, time: 0.252, data_time: 0.036, memory: 8019, loss_cls: 0.4303, loss_bbox: 0.3832, loss_kps: 0.0000, loss: 0.8135
2026-09-22 11:28:50,488 - mmdet - INFO - Epoch [13][1900/3488]	lr: 1.000e-03, eta: 5:05:35, time: 0.256, data_time: 0.037, memory: 8019, loss_cls: 0.4143, loss_bbox: 0.3876, loss_kps: 0.0000, loss: 0.8019
2026-09-22 11:29:03,075 - mmdet - INFO - Epoch [13][1950/3488]	lr: 1.000e-03, eta: 5:05:17, time: 0.252, data_time: 0.036, memory: 8019, loss_cls: 0.4002, loss_bbox: 0.3745, loss_kps: 0.0000, loss: 0.7748
2026-09-22 11:29:16,001 - mmdet - INFO - Epoch [13][2000/3488]	lr: 1.000e-03, eta: 5:04:59, time: 0.258, data_time: 0.038, memory: 8019, loss_cls: 0.4153, loss_bbox: 0.3821, loss_kps: 0.0000, loss: 0.7974
2026-09-22 11:29:28,899 - mmdet - INFO - Epoch [13][2050/3488]	lr: 1.000e-03, eta: 5:04:41, time: 0.258, data_time: 0.036, memory: 8019, loss_cls: 0.4191, loss_bbox: 0.3810, loss_kps: 0.0000, loss: 0.8001
2026-09-22 11:29:41,340 - mmdet - INFO - Epoch [13][2100/3488]	lr: 1.000e-03, eta: 5:04:22, time: 0.249, data_time: 0.036, memory: 8019, loss_cls: 0.4287, loss_bbox: 0.3872, loss_kps: 0.0000, loss: 0.8159
2026-09-22 11:29:54,326 - mmdet - INFO - Epoch [13][2150/3488]	lr: 1.000e-03, eta: 5:04:04, time: 0.260, data_time: 0.037, memory: 8019, loss_cls: 0.4165, loss_bbox: 0.3742, loss_kps: 0.0000, loss: 0.7907
2026-09-22 11:30:06,827 - mmdet - INFO - Epoch [13][2200/3488]	lr: 1.000e-03, eta: 5:03:46, time: 0.250, data_time: 0.037, memory: 8019, loss_cls: 0.4347, loss_bbox: 0.3818, loss_kps: 0.0000, loss: 0.8165
2026-09-22 11:30:19,769 - mmdet - INFO - Epoch [13][2250/3488]	lr: 1.000e-03, eta: 5:03:28, time: 0.259, data_time: 0.037, memory: 8019, loss_cls: 0.3999, loss_bbox: 0.3744, loss_kps: 0.0000, loss: 0.7743
2026-09-22 11:30:33,051 - mmdet - INFO - Epoch [13][2300/3488]	lr: 1.000e-03, eta: 5:03:10, time: 0.265, data_time: 0.040, memory: 8019, loss_cls: 0.4067, loss_bbox: 0.3783, loss_kps: 0.0000, loss: 0.7849
2026-09-22 11:30:46,030 - mmdet - INFO - Epoch [13][2350/3488]	lr: 1.000e-03, eta: 5:02:52, time: 0.260, data_time: 0.038, memory: 8019, loss_cls: 0.4160, loss_bbox: 0.3793, loss_kps: 0.0000, loss: 0.7953
2026-09-22 11:30:59,134 - mmdet - INFO - Epoch [13][2400/3488]	lr: 1.000e-03, eta: 5:02:35, time: 0.262, data_time: 0.039, memory: 8019, loss_cls: 0.4147, loss_bbox: 0.3716, loss_kps: 0.0000, loss: 0.7863
2026-09-22 11:31:12,172 - mmdet - INFO - Epoch [13][2450/3488]	lr: 1.000e-03, eta: 5:02:17, time: 0.261, data_time: 0.037, memory: 8019, loss_cls: 0.4147, loss_bbox: 0.3864, loss_kps: 0.0000, loss: 0.8011
2026-09-22 11:31:24,518 - mmdet - INFO - Epoch [13][2500/3488]	lr: 1.000e-03, eta: 5:01:58, time: 0.247, data_time: 0.036, memory: 8019, loss_cls: 0.4257, loss_bbox: 0.3849, loss_kps: 0.0000, loss: 0.8106
2026-09-22 11:31:37,295 - mmdet - INFO - Epoch [13][2550/3488]	lr: 1.000e-03, eta: 5:01:40, time: 0.256, data_time: 0.045, memory: 8019, loss_cls: 0.4107, loss_bbox: 0.3821, loss_kps: 0.0000, loss: 0.7928
2026-09-22 11:31:50,345 - mmdet - INFO - Epoch [13][2600/3488]	lr: 1.000e-03, eta: 5:01:23, time: 0.261, data_time: 0.039, memory: 8019, loss_cls: 0.4231, loss_bbox: 0.3861, loss_kps: 0.0000, loss: 0.8092
2026-09-22 11:32:02,955 - mmdet - INFO - Epoch [13][2650/3488]	lr: 1.000e-03, eta: 5:01:04, time: 0.252, data_time: 0.036, memory: 8019, loss_cls: 0.3966, loss_bbox: 0.3726, loss_kps: 0.0000, loss: 0.7692
2026-09-22 11:32:15,607 - mmdet - INFO - Epoch [13][2700/3488]	lr: 1.000e-03, eta: 5:00:46, time: 0.253, data_time: 0.038, memory: 8019, loss_cls: 0.4220, loss_bbox: 0.3762, loss_kps: 0.0000, loss: 0.7982
2026-09-22 11:32:28,070 - mmdet - INFO - Epoch [13][2750/3488]	lr: 1.000e-03, eta: 5:00:28, time: 0.249, data_time: 0.036, memory: 8019, loss_cls: 0.4106, loss_bbox: 0.3939, loss_kps: 0.0000, loss: 0.8044
2026-09-22 11:32:40,711 - mmdet - INFO - Epoch [13][2800/3488]	lr: 1.000e-03, eta: 5:00:09, time: 0.253, data_time: 0.038, memory: 8019, loss_cls: 0.4251, loss_bbox: 0.3873, loss_kps: 0.0000, loss: 0.8123
2026-09-22 11:32:53,369 - mmdet - INFO - Epoch [13][2850/3488]	lr: 1.000e-03, eta: 4:59:51, time: 0.253, data_time: 0.037, memory: 8019, loss_cls: 0.3988, loss_bbox: 0.3726, loss_kps: 0.0000, loss: 0.7714
2026-09-22 11:33:06,429 - mmdet - INFO - Epoch [13][2900/3488]	lr: 1.000e-03, eta: 4:59:34, time: 0.261, data_time: 0.039, memory: 8019, loss_cls: 0.4084, loss_bbox: 0.3869, loss_kps: 0.0000, loss: 0.7952
2026-09-22 11:33:19,229 - mmdet - INFO - Epoch [13][2950/3488]	lr: 1.000e-03, eta: 4:59:16, time: 0.256, data_time: 0.039, memory: 8019, loss_cls: 0.4198, loss_bbox: 0.3948, loss_kps: 0.0000, loss: 0.8146
2026-09-22 11:33:31,683 - mmdet - INFO - Epoch [13][3000/3488]	lr: 1.000e-03, eta: 4:58:57, time: 0.249, data_time: 0.038, memory: 8019, loss_cls: 0.4295, loss_bbox: 0.3843, loss_kps: 0.0000, loss: 0.8138
2026-09-22 11:33:44,010 - mmdet - INFO - Epoch [13][3050/3488]	lr: 1.000e-03, eta: 4:58:39, time: 0.247, data_time: 0.037, memory: 8019, loss_cls: 0.4237, loss_bbox: 0.3779, loss_kps: 0.0000, loss: 0.8016
2026-09-22 11:33:56,526 - mmdet - INFO - Epoch [13][3100/3488]	lr: 1.000e-03, eta: 4:58:20, time: 0.250, data_time: 0.038, memory: 8019, loss_cls: 0.4156, loss_bbox: 0.3858, loss_kps: 0.0000, loss: 0.8014
2026-09-22 11:34:08,934 - mmdet - INFO - Epoch [13][3150/3488]	lr: 1.000e-03, eta: 4:58:02, time: 0.248, data_time: 0.038, memory: 8019, loss_cls: 0.4086, loss_bbox: 0.3784, loss_kps: 0.0000, loss: 0.7869
2026-09-22 11:34:21,578 - mmdet - INFO - Epoch [13][3200/3488]	lr: 1.000e-03, eta: 4:57:44, time: 0.253, data_time: 0.036, memory: 8019, loss_cls: 0.4200, loss_bbox: 0.3859, loss_kps: 0.0000, loss: 0.8059
2026-09-22 11:34:34,175 - mmdet - INFO - Epoch [13][3250/3488]	lr: 1.000e-03, eta: 4:57:26, time: 0.252, data_time: 0.037, memory: 8019, loss_cls: 0.4138, loss_bbox: 0.3774, loss_kps: 0.0000, loss: 0.7912
2026-09-22 11:34:46,514 - mmdet - INFO - Epoch [13][3300/3488]	lr: 1.000e-03, eta: 4:57:07, time: 0.247, data_time: 0.037, memory: 8019, loss_cls: 0.4072, loss_bbox: 0.3758, loss_kps: 0.0000, loss: 0.7830
2026-09-22 11:34:59,088 - mmdet - INFO - Epoch [13][3350/3488]	lr: 1.000e-03, eta: 4:56:49, time: 0.251, data_time: 0.037, memory: 8019, loss_cls: 0.4017, loss_bbox: 0.3713, loss_kps: 0.0000, loss: 0.7730
2026-09-22 11:35:11,817 - mmdet - INFO - Epoch [13][3400/3488]	lr: 1.000e-03, eta: 4:56:31, time: 0.255, data_time: 0.039, memory: 8019, loss_cls: 0.4404, loss_bbox: 0.3801, loss_kps: 0.0000, loss: 0.8206
2026-09-22 11:35:24,622 - mmdet - INFO - Epoch [13][3450/3488]	lr: 1.000e-03, eta: 4:56:13, time: 0.256, data_time: 0.037, memory: 8019, loss_cls: 0.4300, loss_bbox: 0.3753, loss_kps: 0.0000, loss: 0.8053
2026-09-22 11:35:33,543 - mmdet - INFO - Saving checkpoint at 13 epochs
2026-09-22 11:35:54,809 - mmdet - INFO - Epoch [14][50/3488]	lr: 1.000e-03, eta: 4:55:40, time: 0.421, data_time: 0.167, memory: 8019, loss_cls: 0.4205, loss_bbox: 0.3830, loss_kps: 0.0000, loss: 0.8035
2026-09-22 11:36:08,128 - mmdet - INFO - Epoch [14][100/3488]	lr: 1.000e-03, eta: 4:55:23, time: 0.266, data_time: 0.047, memory: 8019, loss_cls: 0.4140, loss_bbox: 0.3765, loss_kps: 0.0000, loss: 0.7904
2026-09-22 11:36:21,034 - mmdet - INFO - Epoch [14][150/3488]	lr: 1.000e-03, eta: 4:55:05, time: 0.258, data_time: 0.039, memory: 8019, loss_cls: 0.4172, loss_bbox: 0.3709, loss_kps: 0.0000, loss: 0.7881
2026-09-22 11:36:33,836 - mmdet - INFO - Epoch [14][200/3488]	lr: 1.000e-03, eta: 4:54:48, time: 0.256, data_time: 0.037, memory: 8019, loss_cls: 0.4027, loss_bbox: 0.3720, loss_kps: 0.0000, loss: 0.7747
2026-09-22 11:36:46,357 - mmdet - INFO - Epoch [14][250/3488]	lr: 1.000e-03, eta: 4:54:29, time: 0.250, data_time: 0.034, memory: 8019, loss_cls: 0.4189, loss_bbox: 0.3842, loss_kps: 0.0000, loss: 0.8031
2026-09-22 11:36:58,954 - mmdet - INFO - Epoch [14][300/3488]	lr: 1.000e-03, eta: 4:54:11, time: 0.252, data_time: 0.035, memory: 8019, loss_cls: 0.4342, loss_bbox: 0.3940, loss_kps: 0.0000, loss: 0.8282
2026-09-22 11:37:11,581 - mmdet - INFO - Epoch [14][350/3488]	lr: 1.000e-03, eta: 4:53:53, time: 0.253, data_time: 0.036, memory: 8019, loss_cls: 0.4065, loss_bbox: 0.3804, loss_kps: 0.0000, loss: 0.7869
2026-09-22 11:37:24,396 - mmdet - INFO - Epoch [14][400/3488]	lr: 1.000e-03, eta: 4:53:36, time: 0.256, data_time: 0.036, memory: 8019, loss_cls: 0.4134, loss_bbox: 0.3894, loss_kps: 0.0000, loss: 0.8028
2026-09-22 11:37:37,068 - mmdet - INFO - Epoch [14][450/3488]	lr: 1.000e-03, eta: 4:53:18, time: 0.253, data_time: 0.036, memory: 8019, loss_cls: 0.4235, loss_bbox: 0.3830, loss_kps: 0.0000, loss: 0.8064
2026-09-22 11:37:49,783 - mmdet - INFO - Epoch [14][500/3488]	lr: 1.000e-03, eta: 4:53:00, time: 0.254, data_time: 0.037, memory: 8019, loss_cls: 0.4171, loss_bbox: 0.3782, loss_kps: 0.0000, loss: 0.7952
2026-09-22 11:38:02,389 - mmdet - INFO - Epoch [14][550/3488]	lr: 1.000e-03, eta: 4:52:42, time: 0.252, data_time: 0.036, memory: 8019, loss_cls: 0.4167, loss_bbox: 0.3768, loss_kps: 0.0000, loss: 0.7935
2026-09-22 11:38:15,253 - mmdet - INFO - Epoch [14][600/3488]	lr: 1.000e-03, eta: 4:52:24, time: 0.257, data_time: 0.035, memory: 8019, loss_cls: 0.4080, loss_bbox: 0.3701, loss_kps: 0.0000, loss: 0.7781
2026-09-22 11:38:27,964 - mmdet - INFO - Epoch [14][650/3488]	lr: 1.000e-03, eta: 4:52:07, time: 0.254, data_time: 0.037, memory: 8019, loss_cls: 0.4077, loss_bbox: 0.3804, loss_kps: 0.0000, loss: 0.7881
2026-09-22 11:38:40,823 - mmdet - INFO - Epoch [14][700/3488]	lr: 1.000e-03, eta: 4:51:49, time: 0.257, data_time: 0.037, memory: 8019, loss_cls: 0.4087, loss_bbox: 0.3690, loss_kps: 0.0000, loss: 0.7778
2026-09-22 11:38:53,637 - mmdet - INFO - Epoch [14][750/3488]	lr: 1.000e-03, eta: 4:51:31, time: 0.256, data_time: 0.036, memory: 8019, loss_cls: 0.4159, loss_bbox: 0.3849, loss_kps: 0.0000, loss: 0.8008
2026-09-22 11:39:06,342 - mmdet - INFO - Epoch [14][800/3488]	lr: 1.000e-03, eta: 4:51:14, time: 0.254, data_time: 0.036, memory: 8019, loss_cls: 0.4183, loss_bbox: 0.3806, loss_kps: 0.0000, loss: 0.7989
2026-09-22 11:39:19,123 - mmdet - INFO - Epoch [14][850/3488]	lr: 1.000e-03, eta: 4:50:56, time: 0.256, data_time: 0.037, memory: 8019, loss_cls: 0.3994, loss_bbox: 0.3773, loss_kps: 0.0000, loss: 0.7767
2026-09-22 11:39:31,643 - mmdet - INFO - Epoch [14][900/3488]	lr: 1.000e-03, eta: 4:50:38, time: 0.250, data_time: 0.033, memory: 8019, loss_cls: 0.4211, loss_bbox: 0.3805, loss_kps: 0.0000, loss: 0.8016
2026-09-22 11:39:44,213 - mmdet - INFO - Epoch [14][950/3488]	lr: 1.000e-03, eta: 4:50:20, time: 0.251, data_time: 0.037, memory: 8019, loss_cls: 0.4129, loss_bbox: 0.3789, loss_kps: 0.0000, loss: 0.7919
2026-09-22 11:39:56,956 - mmdet - INFO - Epoch [14][1000/3488]	lr: 1.000e-03, eta: 4:50:02, time: 0.255, data_time: 0.036, memory: 8019, loss_cls: 0.4423, loss_bbox: 0.3855, loss_kps: 0.0000, loss: 0.8279
2026-09-22 11:40:09,513 - mmdet - INFO - Epoch [14][1050/3488]	lr: 1.000e-03, eta: 4:49:44, time: 0.251, data_time: 0.037, memory: 8019, loss_cls: 0.4096, loss_bbox: 0.3747, loss_kps: 0.0000, loss: 0.7843
2026-09-22 11:40:22,167 - mmdet - INFO - Epoch [14][1100/3488]	lr: 1.000e-03, eta: 4:49:27, time: 0.253, data_time: 0.036, memory: 8019, loss_cls: 0.4137, loss_bbox: 0.3752, loss_kps: 0.0000, loss: 0.7889
2026-09-22 11:40:34,989 - mmdet - INFO - Epoch [14][1150/3488]	lr: 1.000e-03, eta: 4:49:09, time: 0.256, data_time: 0.035, memory: 8019, loss_cls: 0.4317, loss_bbox: 0.3856, loss_kps: 0.0000, loss: 0.8173
2026-09-22 11:40:47,922 - mmdet - INFO - Epoch [14][1200/3488]	lr: 1.000e-03, eta: 4:48:52, time: 0.259, data_time: 0.045, memory: 8019, loss_cls: 0.4133, loss_bbox: 0.3871, loss_kps: 0.0000, loss: 0.8004
2026-09-22 11:41:00,440 - mmdet - INFO - Epoch [14][1250/3488]	lr: 1.000e-03, eta: 4:48:34, time: 0.250, data_time: 0.035, memory: 8019, loss_cls: 0.4136, loss_bbox: 0.3689, loss_kps: 0.0000, loss: 0.7825
2026-09-22 11:41:13,002 - mmdet - INFO - Epoch [14][1300/3488]	lr: 1.000e-03, eta: 4:48:16, time: 0.251, data_time: 0.036, memory: 8019, loss_cls: 0.4284, loss_bbox: 0.3800, loss_kps: 0.0000, loss: 0.8084
2026-09-22 11:41:25,608 - mmdet - INFO - Epoch [14][1350/3488]	lr: 1.000e-03, eta: 4:47:58, time: 0.252, data_time: 0.036, memory: 8019, loss_cls: 0.3921, loss_bbox: 0.3685, loss_kps: 0.0000, loss: 0.7605
2026-09-22 11:41:38,225 - mmdet - INFO - Epoch [14][1400/3488]	lr: 1.000e-03, eta: 4:47:40, time: 0.252, data_time: 0.035, memory: 8019, loss_cls: 0.4329, loss_bbox: 0.3781, loss_kps: 0.0000, loss: 0.8110
2026-09-22 11:41:50,935 - mmdet - INFO - Epoch [14][1450/3488]	lr: 1.000e-03, eta: 4:47:23, time: 0.254, data_time: 0.035, memory: 8019, loss_cls: 0.4211, loss_bbox: 0.3840, loss_kps: 0.0000, loss: 0.8051
2026-09-22 11:42:03,525 - mmdet - INFO - Epoch [14][1500/3488]	lr: 1.000e-03, eta: 4:47:05, time: 0.252, data_time: 0.035, memory: 8019, loss_cls: 0.4088, loss_bbox: 0.3841, loss_kps: 0.0000, loss: 0.7929
2026-09-22 11:42:16,173 - mmdet - INFO - Epoch [14][1550/3488]	lr: 1.000e-03, eta: 4:46:47, time: 0.253, data_time: 0.034, memory: 8019, loss_cls: 0.4270, loss_bbox: 0.3852, loss_kps: 0.0000, loss: 0.8122
2026-09-22 11:42:28,772 - mmdet - INFO - Epoch [14][1600/3488]	lr: 1.000e-03, eta: 4:46:30, time: 0.252, data_time: 0.035, memory: 8019, loss_cls: 0.4092, loss_bbox: 0.3773, loss_kps: 0.0000, loss: 0.7864
2026-09-22 11:42:41,404 - mmdet - INFO - Epoch [14][1650/3488]	lr: 1.000e-03, eta: 4:46:12, time: 0.253, data_time: 0.036, memory: 8019, loss_cls: 0.4183, loss_bbox: 0.3735, loss_kps: 0.0000, loss: 0.7918
2026-09-22 11:42:53,880 - mmdet - INFO - Epoch [14][1700/3488]	lr: 1.000e-03, eta: 4:45:54, time: 0.250, data_time: 0.035, memory: 8019, loss_cls: 0.4166, loss_bbox: 0.3797, loss_kps: 0.0000, loss: 0.7963
2026-09-22 11:43:06,418 - mmdet - INFO - Epoch [14][1750/3488]	lr: 1.000e-03, eta: 4:45:36, time: 0.251, data_time: 0.035, memory: 8019, loss_cls: 0.4275, loss_bbox: 0.3868, loss_kps: 0.0000, loss: 0.8143
2026-09-22 11:43:19,031 - mmdet - INFO - Epoch [14][1800/3488]	lr: 1.000e-03, eta: 4:45:19, time: 0.252, data_time: 0.035, memory: 8019, loss_cls: 0.4299, loss_bbox: 0.3911, loss_kps: 0.0000, loss: 0.8211
2026-09-22 11:43:31,527 - mmdet - INFO - Epoch [14][1850/3488]	lr: 1.000e-03, eta: 4:45:01, time: 0.250, data_time: 0.035, memory: 8019, loss_cls: 0.4279, loss_bbox: 0.3944, loss_kps: 0.0000, loss: 0.8223
2026-09-22 11:43:43,880 - mmdet - INFO - Epoch [14][1900/3488]	lr: 1.000e-03, eta: 4:44:43, time: 0.247, data_time: 0.033, memory: 8019, loss_cls: 0.4190, loss_bbox: 0.3759, loss_kps: 0.0000, loss: 0.7949
2026-09-22 11:43:56,337 - mmdet - INFO - Epoch [14][1950/3488]	lr: 1.000e-03, eta: 4:44:25, time: 0.249, data_time: 0.033, memory: 8019, loss_cls: 0.4044, loss_bbox: 0.3776, loss_kps: 0.0000, loss: 0.7819
2026-09-22 11:44:08,901 - mmdet - INFO - Epoch [14][2000/3488]	lr: 1.000e-03, eta: 4:44:07, time: 0.251, data_time: 0.035, memory: 8019, loss_cls: 0.4164, loss_bbox: 0.3864, loss_kps: 0.0000, loss: 0.8027
2026-09-22 11:44:21,623 - mmdet - INFO - Epoch [14][2050/3488]	lr: 1.000e-03, eta: 4:43:50, time: 0.254, data_time: 0.034, memory: 8019, loss_cls: 0.4242, loss_bbox: 0.3842, loss_kps: 0.0000, loss: 0.8084
2026-09-22 11:44:34,227 - mmdet - INFO - Epoch [14][2100/3488]	lr: 1.000e-03, eta: 4:43:32, time: 0.252, data_time: 0.035, memory: 8019, loss_cls: 0.4170, loss_bbox: 0.3880, loss_kps: 0.0000, loss: 0.8050
2026-09-22 11:44:46,922 - mmdet - INFO - Epoch [14][2150/3488]	lr: 1.000e-03, eta: 4:43:15, time: 0.254, data_time: 0.034, memory: 8019, loss_cls: 0.4279, loss_bbox: 0.3831, loss_kps: 0.0000, loss: 0.8110
2026-09-22 11:44:59,922 - mmdet - INFO - Epoch [14][2200/3488]	lr: 1.000e-03, eta: 4:42:58, time: 0.260, data_time: 0.042, memory: 8019, loss_cls: 0.4134, loss_bbox: 0.3810, loss_kps: 0.0000, loss: 0.7944
2026-09-22 11:45:12,405 - mmdet - INFO - Epoch [14][2250/3488]	lr: 1.000e-03, eta: 4:42:40, time: 0.250, data_time: 0.034, memory: 8019, loss_cls: 0.3918, loss_bbox: 0.3628, loss_kps: 0.0000, loss: 0.7546
2026-09-22 11:45:25,463 - mmdet - INFO - Epoch [14][2300/3488]	lr: 1.000e-03, eta: 4:42:23, time: 0.261, data_time: 0.034, memory: 8019, loss_cls: 0.4100, loss_bbox: 0.3853, loss_kps: 0.0000, loss: 0.7953
2026-09-22 11:45:38,244 - mmdet - INFO - Epoch [14][2350/3488]	lr: 1.000e-03, eta: 4:42:06, time: 0.256, data_time: 0.035, memory: 8019, loss_cls: 0.4333, loss_bbox: 0.3847, loss_kps: 0.0000, loss: 0.8180
2026-09-22 11:45:50,815 - mmdet - INFO - Epoch [14][2400/3488]	lr: 1.000e-03, eta: 4:41:48, time: 0.251, data_time: 0.035, memory: 8019, loss_cls: 0.4236, loss_bbox: 0.3884, loss_kps: 0.0000, loss: 0.8120
2026-09-22 11:46:03,766 - mmdet - INFO - Epoch [14][2450/3488]	lr: 1.000e-03, eta: 4:41:31, time: 0.259, data_time: 0.034, memory: 8019, loss_cls: 0.4110, loss_bbox: 0.3832, loss_kps: 0.0000, loss: 0.7942
2026-09-22 11:46:16,229 - mmdet - INFO - Epoch [14][2500/3488]	lr: 1.000e-03, eta: 4:41:13, time: 0.249, data_time: 0.034, memory: 8019, loss_cls: 0.4256, loss_bbox: 0.3822, loss_kps: 0.0000, loss: 0.8078
2026-09-22 11:46:28,811 - mmdet - INFO - Epoch [14][2550/3488]	lr: 1.000e-03, eta: 4:40:56, time: 0.252, data_time: 0.033, memory: 8019, loss_cls: 0.4172, loss_bbox: 0.3792, loss_kps: 0.0000, loss: 0.7964
2026-09-22 11:46:41,720 - mmdet - INFO - Epoch [14][2600/3488]	lr: 1.000e-03, eta: 4:40:39, time: 0.258, data_time: 0.036, memory: 8019, loss_cls: 0.4021, loss_bbox: 0.3743, loss_kps: 0.0000, loss: 0.7764
2026-09-22 11:46:54,237 - mmdet - INFO - Epoch [14][2650/3488]	lr: 1.000e-03, eta: 4:40:21, time: 0.250, data_time: 0.034, memory: 8019, loss_cls: 0.4172, loss_bbox: 0.3791, loss_kps: 0.0000, loss: 0.7963
2026-09-22 11:47:06,775 - mmdet - INFO - Epoch [14][2700/3488]	lr: 1.000e-03, eta: 4:40:03, time: 0.251, data_time: 0.034, memory: 8019, loss_cls: 0.4216, loss_bbox: 0.3892, loss_kps: 0.0000, loss: 0.8108
2026-09-22 11:47:19,147 - mmdet - INFO - Epoch [14][2750/3488]	lr: 1.000e-03, eta: 4:39:46, time: 0.248, data_time: 0.035, memory: 8019, loss_cls: 0.4043, loss_bbox: 0.3770, loss_kps: 0.0000, loss: 0.7813
2026-09-22 11:47:31,808 - mmdet - INFO - Epoch [14][2800/3488]	lr: 1.000e-03, eta: 4:39:28, time: 0.253, data_time: 0.037, memory: 8019, loss_cls: 0.4252, loss_bbox: 0.3874, loss_kps: 0.0000, loss: 0.8126
2026-09-22 11:47:44,588 - mmdet - INFO - Epoch [14][2850/3488]	lr: 1.000e-03, eta: 4:39:11, time: 0.256, data_time: 0.035, memory: 8019, loss_cls: 0.4308, loss_bbox: 0.3890, loss_kps: 0.0000, loss: 0.8197
2026-09-22 11:47:57,312 - mmdet - INFO - Epoch [14][2900/3488]	lr: 1.000e-03, eta: 4:38:54, time: 0.254, data_time: 0.035, memory: 8019, loss_cls: 0.4072, loss_bbox: 0.3771, loss_kps: 0.0000, loss: 0.7843
2026-09-22 11:48:10,058 - mmdet - INFO - Epoch [14][2950/3488]	lr: 1.000e-03, eta: 4:38:36, time: 0.255, data_time: 0.035, memory: 8019, loss_cls: 0.4421, loss_bbox: 0.3906, loss_kps: 0.0000, loss: 0.8327
2026-09-22 11:48:22,565 - mmdet - INFO - Epoch [14][3000/3488]	lr: 1.000e-03, eta: 4:38:19, time: 0.250, data_time: 0.035, memory: 8019, loss_cls: 0.4172, loss_bbox: 0.3779, loss_kps: 0.0000, loss: 0.7951
2026-09-22 11:48:35,776 - mmdet - INFO - Epoch [14][3050/3488]	lr: 1.000e-03, eta: 4:38:02, time: 0.264, data_time: 0.045, memory: 8019, loss_cls: 0.4162, loss_bbox: 0.3767, loss_kps: 0.0000, loss: 0.7929
2026-09-22 11:48:48,739 - mmdet - INFO - Epoch [14][3100/3488]	lr: 1.000e-03, eta: 4:37:45, time: 0.259, data_time: 0.043, memory: 8019, loss_cls: 0.4310, loss_bbox: 0.3802, loss_kps: 0.0000, loss: 0.8111
2026-09-22 11:49:01,464 - mmdet - INFO - Epoch [14][3150/3488]	lr: 1.000e-03, eta: 4:37:28, time: 0.255, data_time: 0.032, memory: 8019, loss_cls: 0.4102, loss_bbox: 0.3880, loss_kps: 0.0000, loss: 0.7981
2026-09-22 11:49:13,872 - mmdet - INFO - Epoch [14][3200/3488]	lr: 1.000e-03, eta: 4:37:10, time: 0.248, data_time: 0.031, memory: 8019, loss_cls: 0.4133, loss_bbox: 0.3947, loss_kps: 0.0000, loss: 0.8080
2026-09-22 11:49:26,344 - mmdet - INFO - Epoch [14][3250/3488]	lr: 1.000e-03, eta: 4:36:53, time: 0.249, data_time: 0.028, memory: 8019, loss_cls: 0.4230, loss_bbox: 0.3848, loss_kps: 0.0000, loss: 0.8078
2026-09-22 11:49:39,572 - mmdet - INFO - Epoch [14][3300/3488]	lr: 1.000e-03, eta: 4:36:36, time: 0.265, data_time: 0.040, memory: 8019, loss_cls: 0.4022, loss_bbox: 0.3648, loss_kps: 0.0000, loss: 0.7670
2026-09-22 11:49:52,365 - mmdet - INFO - Epoch [14][3350/3488]	lr: 1.000e-03, eta: 4:36:19, time: 0.256, data_time: 0.039, memory: 8019, loss_cls: 0.4269, loss_bbox: 0.3905, loss_kps: 0.0000, loss: 0.8174
2026-09-22 11:50:05,207 - mmdet - INFO - Epoch [14][3400/3488]	lr: 1.000e-03, eta: 4:36:02, time: 0.257, data_time: 0.031, memory: 8019, loss_cls: 0.4447, loss_bbox: 0.4022, loss_kps: 0.0000, loss: 0.8468
2026-09-22 11:50:18,329 - mmdet - INFO - Epoch [14][3450/3488]	lr: 1.000e-03, eta: 4:35:45, time: 0.262, data_time: 0.035, memory: 8019, loss_cls: 0.4245, loss_bbox: 0.3763, loss_kps: 0.0000, loss: 0.8008
2026-09-22 11:50:27,472 - mmdet - INFO - Saving checkpoint at 14 epochs
2026-09-22 11:50:48,957 - mmdet - INFO - Epoch [15][50/3488]	lr: 1.000e-03, eta: 4:35:13, time: 0.425, data_time: 0.181, memory: 8019, loss_cls: 0.4050, loss_bbox: 0.3806, loss_kps: 0.0000, loss: 0.7856
2026-09-22 11:51:01,884 - mmdet - INFO - Epoch [15][100/3488]	lr: 1.000e-03, eta: 4:34:57, time: 0.259, data_time: 0.036, memory: 8019, loss_cls: 0.4094, loss_bbox: 0.3818, loss_kps: 0.0000, loss: 0.7912
2026-09-22 11:51:15,004 - mmdet - INFO - Epoch [15][150/3488]	lr: 1.000e-03, eta: 4:34:40, time: 0.263, data_time: 0.035, memory: 8019, loss_cls: 0.4159, loss_bbox: 0.3750, loss_kps: 0.0000, loss: 0.7909
2026-09-22 11:51:28,195 - mmdet - INFO - Epoch [15][200/3488]	lr: 1.000e-03, eta: 4:34:23, time: 0.264, data_time: 0.035, memory: 8019, loss_cls: 0.4233, loss_bbox: 0.3930, loss_kps: 0.0000, loss: 0.8163
2026-09-22 11:51:41,094 - mmdet - INFO - Epoch [15][250/3488]	lr: 1.000e-03, eta: 4:34:06, time: 0.258, data_time: 0.032, memory: 8019, loss_cls: 0.4225, loss_bbox: 0.3795, loss_kps: 0.0000, loss: 0.8020
2026-09-22 11:51:54,252 - mmdet - INFO - Epoch [15][300/3488]	lr: 1.000e-03, eta: 4:33:50, time: 0.263, data_time: 0.036, memory: 8019, loss_cls: 0.4093, loss_bbox: 0.3817, loss_kps: 0.0000, loss: 0.7910
2026-09-22 11:52:07,574 - mmdet - INFO - Epoch [15][350/3488]	lr: 1.000e-03, eta: 4:33:33, time: 0.267, data_time: 0.039, memory: 8019, loss_cls: 0.4194, loss_bbox: 0.3768, loss_kps: 0.0000, loss: 0.7961
2026-09-22 11:52:20,437 - mmdet - INFO - Epoch [15][400/3488]	lr: 1.000e-03, eta: 4:33:16, time: 0.257, data_time: 0.036, memory: 8019, loss_cls: 0.4272, loss_bbox: 0.3914, loss_kps: 0.0000, loss: 0.8186
2026-09-22 11:52:33,730 - mmdet - INFO - Epoch [15][450/3488]	lr: 1.000e-03, eta: 4:33:00, time: 0.266, data_time: 0.040, memory: 8019, loss_cls: 0.4012, loss_bbox: 0.3761, loss_kps: 0.0000, loss: 0.7773
2026-09-22 11:52:46,906 - mmdet - INFO - Epoch [15][500/3488]	lr: 1.000e-03, eta: 4:32:43, time: 0.263, data_time: 0.036, memory: 8019, loss_cls: 0.4178, loss_bbox: 0.3785, loss_kps: 0.0000, loss: 0.7962
2026-09-22 11:53:00,079 - mmdet - INFO - Epoch [15][550/3488]	lr: 1.000e-03, eta: 4:32:26, time: 0.263, data_time: 0.038, memory: 8019, loss_cls: 0.4321, loss_bbox: 0.3867, loss_kps: 0.0000, loss: 0.8187
2026-09-22 11:53:13,408 - mmdet - INFO - Epoch [15][600/3488]	lr: 1.000e-03, eta: 4:32:10, time: 0.267, data_time: 0.039, memory: 8019, loss_cls: 0.4069, loss_bbox: 0.3736, loss_kps: 0.0000, loss: 0.7805
2026-09-22 11:53:26,964 - mmdet - INFO - Epoch [15][650/3488]	lr: 1.000e-03, eta: 4:31:54, time: 0.271, data_time: 0.043, memory: 8019, loss_cls: 0.4073, loss_bbox: 0.3812, loss_kps: 0.0000, loss: 0.7885
2026-09-22 11:53:40,271 - mmdet - INFO - Epoch [15][700/3488]	lr: 1.000e-03, eta: 4:31:37, time: 0.266, data_time: 0.040, memory: 8019, loss_cls: 0.3950, loss_bbox: 0.3754, loss_kps: 0.0000, loss: 0.7703
2026-09-22 11:53:53,728 - mmdet - INFO - Epoch [15][750/3488]	lr: 1.000e-03, eta: 4:31:21, time: 0.269, data_time: 0.043, memory: 8019, loss_cls: 0.4062, loss_bbox: 0.3732, loss_kps: 0.0000, loss: 0.7794
2026-09-22 11:54:06,996 - mmdet - INFO - Epoch [15][800/3488]	lr: 1.000e-03, eta: 4:31:05, time: 0.265, data_time: 0.039, memory: 8019, loss_cls: 0.4004, loss_bbox: 0.3699, loss_kps: 0.0000, loss: 0.7702
2026-09-22 11:54:21,091 - mmdet - INFO - Epoch [15][850/3488]	lr: 1.000e-03, eta: 4:30:49, time: 0.282, data_time: 0.044, memory: 8019, loss_cls: 0.4108, loss_bbox: 0.3876, loss_kps: 0.0000, loss: 0.7984
2026-09-22 11:54:34,336 - mmdet - INFO - Epoch [15][900/3488]	lr: 1.000e-03, eta: 4:30:33, time: 0.265, data_time: 0.042, memory: 8019, loss_cls: 0.4222, loss_bbox: 0.3803, loss_kps: 0.0000, loss: 0.8025
2026-09-22 11:54:47,413 - mmdet - INFO - Epoch [15][950/3488]	lr: 1.000e-03, eta: 4:30:16, time: 0.262, data_time: 0.039, memory: 8019, loss_cls: 0.4032, loss_bbox: 0.3732, loss_kps: 0.0000, loss: 0.7763
2026-09-22 11:55:02,023 - mmdet - INFO - Epoch [15][1000/3488]	lr: 1.000e-03, eta: 4:30:01, time: 0.292, data_time: 0.053, memory: 8019, loss_cls: 0.4233, loss_bbox: 0.3821, loss_kps: 0.0000, loss: 0.8053
2026-09-22 11:55:15,223 - mmdet - INFO - Epoch [15][1050/3488]	lr: 1.000e-03, eta: 4:29:44, time: 0.264, data_time: 0.040, memory: 8019, loss_cls: 0.4252, loss_bbox: 0.3779, loss_kps: 0.0000, loss: 0.8030
2026-09-22 11:55:28,742 - mmdet - INFO - Epoch [15][1100/3488]	lr: 1.000e-03, eta: 4:29:28, time: 0.270, data_time: 0.041, memory: 8019, loss_cls: 0.4098, loss_bbox: 0.3926, loss_kps: 0.0000, loss: 0.8024
2026-09-22 11:55:41,594 - mmdet - INFO - Epoch [15][1150/3488]	lr: 1.000e-03, eta: 4:29:11, time: 0.257, data_time: 0.038, memory: 8019, loss_cls: 0.4082, loss_bbox: 0.3815, loss_kps: 0.0000, loss: 0.7897
2026-09-22 11:55:54,245 - mmdet - INFO - Epoch [15][1200/3488]	lr: 1.000e-03, eta: 4:28:54, time: 0.253, data_time: 0.036, memory: 8019, loss_cls: 0.4182, loss_bbox: 0.3850, loss_kps: 0.0000, loss: 0.8032
2026-09-22 11:56:07,776 - mmdet - INFO - Epoch [15][1250/3488]	lr: 1.000e-03, eta: 4:28:38, time: 0.270, data_time: 0.041, memory: 8019, loss_cls: 0.4392, loss_bbox: 0.3866, loss_kps: 0.0000, loss: 0.8258
2026-09-22 11:56:20,558 - mmdet - INFO - Epoch [15][1300/3488]	lr: 1.000e-03, eta: 4:28:21, time: 0.255, data_time: 0.035, memory: 8019, loss_cls: 0.3923, loss_bbox: 0.3649, loss_kps: 0.0000, loss: 0.7573
2026-09-22 11:56:33,941 - mmdet - INFO - Epoch [15][1350/3488]	lr: 1.000e-03, eta: 4:28:05, time: 0.268, data_time: 0.041, memory: 8019, loss_cls: 0.4121, loss_bbox: 0.3788, loss_kps: 0.0000, loss: 0.7909
2026-09-22 11:56:48,639 - mmdet - INFO - Epoch [15][1400/3488]	lr: 1.000e-03, eta: 4:27:50, time: 0.294, data_time: 0.042, memory: 8019, loss_cls: 0.4186, loss_bbox: 0.3727, loss_kps: 0.0000, loss: 0.7913
2026-09-22 11:57:02,152 - mmdet - INFO - Epoch [15][1450/3488]	lr: 1.000e-03, eta: 4:27:34, time: 0.270, data_time: 0.042, memory: 8019, loss_cls: 0.4122, loss_bbox: 0.3827, loss_kps: 0.0000, loss: 0.7949
2026-09-22 11:57:15,797 - mmdet - INFO - Epoch [15][1500/3488]	lr: 1.000e-03, eta: 4:27:18, time: 0.273, data_time: 0.042, memory: 8019, loss_cls: 0.4059, loss_bbox: 0.3894, loss_kps: 0.0000, loss: 0.7953
2026-09-22 11:57:30,029 - mmdet - INFO - Epoch [15][1550/3488]	lr: 1.000e-03, eta: 4:27:03, time: 0.285, data_time: 0.041, memory: 8019, loss_cls: 0.4345, loss_bbox: 0.3873, loss_kps: 0.0000, loss: 0.8218
2026-09-22 11:57:44,245 - mmdet - INFO - Epoch [15][1600/3488]	lr: 1.000e-03, eta: 4:26:47, time: 0.284, data_time: 0.044, memory: 8019, loss_cls: 0.4187, loss_bbox: 0.3900, loss_kps: 0.0000, loss: 0.8088
2026-09-22 11:57:57,633 - mmdet - INFO - Epoch [15][1650/3488]	lr: 1.000e-03, eta: 4:26:31, time: 0.268, data_time: 0.039, memory: 8019, loss_cls: 0.4050, loss_bbox: 0.3767, loss_kps: 0.0000, loss: 0.7816
2026-09-22 11:58:11,745 - mmdet - INFO - Epoch [15][1700/3488]	lr: 1.000e-03, eta: 4:26:16, time: 0.282, data_time: 0.043, memory: 8019, loss_cls: 0.4230, loss_bbox: 0.3882, loss_kps: 0.0000, loss: 0.8112
2026-09-22 11:58:24,896 - mmdet - INFO - Epoch [15][1750/3488]	lr: 1.000e-03, eta: 4:25:59, time: 0.263, data_time: 0.038, memory: 8019, loss_cls: 0.4115, loss_bbox: 0.3812, loss_kps: 0.0000, loss: 0.7926
2026-09-22 11:58:39,241 - mmdet - INFO - Epoch [15][1800/3488]	lr: 1.000e-03, eta: 4:25:44, time: 0.287, data_time: 0.044, memory: 8019, loss_cls: 0.4232, loss_bbox: 0.3743, loss_kps: 0.0000, loss: 0.7975
2026-09-22 11:58:52,931 - mmdet - INFO - Epoch [15][1850/3488]	lr: 1.000e-03, eta: 4:25:28, time: 0.274, data_time: 0.037, memory: 8019, loss_cls: 0.4300, loss_bbox: 0.3869, loss_kps: 0.0000, loss: 0.8169
2026-09-22 11:59:06,041 - mmdet - INFO - Epoch [15][1900/3488]	lr: 1.000e-03, eta: 4:25:12, time: 0.262, data_time: 0.037, memory: 8019, loss_cls: 0.4250, loss_bbox: 0.3786, loss_kps: 0.0000, loss: 0.8036
2026-09-22 11:59:19,361 - mmdet - INFO - Epoch [15][1950/3488]	lr: 1.000e-03, eta: 4:24:55, time: 0.266, data_time: 0.039, memory: 8019, loss_cls: 0.4091, loss_bbox: 0.3711, loss_kps: 0.0000, loss: 0.7802
2026-09-22 11:59:33,375 - mmdet - INFO - Epoch [15][2000/3488]	lr: 1.000e-03, eta: 4:24:40, time: 0.280, data_time: 0.042, memory: 8019, loss_cls: 0.4166, loss_bbox: 0.3896, loss_kps: 0.0000, loss: 0.8063
2026-09-22 11:59:46,383 - mmdet - INFO - Epoch [15][2050/3488]	lr: 1.000e-03, eta: 4:24:23, time: 0.260, data_time: 0.036, memory: 8019, loss_cls: 0.4226, loss_bbox: 0.3820, loss_kps: 0.0000, loss: 0.8046
2026-09-22 12:00:01,112 - mmdet - INFO - Epoch [15][2100/3488]	lr: 1.000e-03, eta: 4:24:08, time: 0.295, data_time: 0.047, memory: 8019, loss_cls: 0.4234, loss_bbox: 0.3894, loss_kps: 0.0000, loss: 0.8129
2026-09-22 12:00:15,098 - mmdet - INFO - Epoch [15][2150/3488]	lr: 1.000e-03, eta: 4:23:53, time: 0.280, data_time: 0.043, memory: 8019, loss_cls: 0.4280, loss_bbox: 0.3889, loss_kps: 0.0000, loss: 0.8169
2026-09-22 12:00:28,293 - mmdet - INFO - Epoch [15][2200/3488]	lr: 1.000e-03, eta: 4:23:36, time: 0.264, data_time: 0.032, memory: 8019, loss_cls: 0.4043, loss_bbox: 0.3819, loss_kps: 0.0000, loss: 0.7863
2026-09-22 12:00:41,890 - mmdet - INFO - Epoch [15][2250/3488]	lr: 1.000e-03, eta: 4:23:20, time: 0.272, data_time: 0.042, memory: 8019, loss_cls: 0.4273, loss_bbox: 0.3910, loss_kps: 0.0000, loss: 0.8183
2026-09-22 12:00:55,049 - mmdet - INFO - Epoch [15][2300/3488]	lr: 1.000e-03, eta: 4:23:04, time: 0.263, data_time: 0.038, memory: 8019, loss_cls: 0.4064, loss_bbox: 0.3769, loss_kps: 0.0000, loss: 0.7833
2026-09-22 12:01:08,930 - mmdet - INFO - Epoch [15][2350/3488]	lr: 1.000e-03, eta: 4:22:48, time: 0.278, data_time: 0.044, memory: 8019, loss_cls: 0.4115, loss_bbox: 0.3754, loss_kps: 0.0000, loss: 0.7868
2026-09-22 12:01:22,000 - mmdet - INFO - Epoch [15][2400/3488]	lr: 1.000e-03, eta: 4:22:32, time: 0.261, data_time: 0.039, memory: 8019, loss_cls: 0.4086, loss_bbox: 0.3803, loss_kps: 0.0000, loss: 0.7889
2026-09-22 12:01:35,897 - mmdet - INFO - Epoch [15][2450/3488]	lr: 1.000e-03, eta: 4:22:16, time: 0.278, data_time: 0.042, memory: 8019, loss_cls: 0.4248, loss_bbox: 0.3953, loss_kps: 0.0000, loss: 0.8201
2026-09-22 12:01:49,254 - mmdet - INFO - Epoch [15][2500/3488]	lr: 1.000e-03, eta: 4:22:00, time: 0.267, data_time: 0.038, memory: 8019, loss_cls: 0.4147, loss_bbox: 0.3807, loss_kps: 0.0000, loss: 0.7954
2026-09-22 12:02:02,595 - mmdet - INFO - Epoch [15][2550/3488]	lr: 1.000e-03, eta: 4:21:44, time: 0.267, data_time: 0.038, memory: 8019, loss_cls: 0.4245, loss_bbox: 0.3806, loss_kps: 0.0000, loss: 0.8051
2026-09-22 12:02:15,333 - mmdet - INFO - Epoch [15][2600/3488]	lr: 1.000e-03, eta: 4:21:27, time: 0.255, data_time: 0.034, memory: 8019, loss_cls: 0.4079, loss_bbox: 0.3793, loss_kps: 0.0000, loss: 0.7872
2026-09-22 12:02:28,062 - mmdet - INFO - Epoch [15][2650/3488]	lr: 1.000e-03, eta: 4:21:10, time: 0.255, data_time: 0.036, memory: 8019, loss_cls: 0.4110, loss_bbox: 0.3725, loss_kps: 0.0000, loss: 0.7835
2026-09-22 12:02:40,810 - mmdet - INFO - Epoch [15][2700/3488]	lr: 1.000e-03, eta: 4:20:53, time: 0.255, data_time: 0.035, memory: 8019, loss_cls: 0.4211, loss_bbox: 0.3885, loss_kps: 0.0000, loss: 0.8095
2026-09-22 12:02:53,686 - mmdet - INFO - Epoch [15][2750/3488]	lr: 1.000e-03, eta: 4:20:37, time: 0.258, data_time: 0.037, memory: 8019, loss_cls: 0.4065, loss_bbox: 0.3673, loss_kps: 0.0000, loss: 0.7738
2026-09-22 12:03:06,491 - mmdet - INFO - Epoch [15][2800/3488]	lr: 1.000e-03, eta: 4:20:20, time: 0.256, data_time: 0.040, memory: 8019, loss_cls: 0.4019, loss_bbox: 0.3755, loss_kps: 0.0000, loss: 0.7775
2026-09-22 12:03:19,148 - mmdet - INFO - Epoch [15][2850/3488]	lr: 1.000e-03, eta: 4:20:03, time: 0.253, data_time: 0.035, memory: 8019, loss_cls: 0.3872, loss_bbox: 0.3783, loss_kps: 0.0000, loss: 0.7655
2026-09-22 12:03:31,790 - mmdet - INFO - Epoch [15][2900/3488]	lr: 1.000e-03, eta: 4:19:46, time: 0.253, data_time: 0.036, memory: 8019, loss_cls: 0.4033, loss_bbox: 0.3765, loss_kps: 0.0000, loss: 0.7798
2026-09-22 12:03:44,501 - mmdet - INFO - Epoch [15][2950/3488]	lr: 1.000e-03, eta: 4:19:29, time: 0.254, data_time: 0.036, memory: 8019, loss_cls: 0.4148, loss_bbox: 0.3795, loss_kps: 0.0000, loss: 0.7944
2026-09-22 12:03:57,212 - mmdet - INFO - Epoch [15][3000/3488]	lr: 1.000e-03, eta: 4:19:13, time: 0.254, data_time: 0.037, memory: 8019, loss_cls: 0.4219, loss_bbox: 0.3810, loss_kps: 0.0000, loss: 0.8030
2026-09-22 12:04:10,087 - mmdet - INFO - Epoch [15][3050/3488]	lr: 1.000e-03, eta: 4:18:56, time: 0.257, data_time: 0.037, memory: 8019, loss_cls: 0.4304, loss_bbox: 0.3856, loss_kps: 0.0000, loss: 0.8160
2026-09-22 12:04:22,766 - mmdet - INFO - Epoch [15][3100/3488]	lr: 1.000e-03, eta: 4:18:39, time: 0.254, data_time: 0.036, memory: 8019, loss_cls: 0.4196, loss_bbox: 0.3806, loss_kps: 0.0000, loss: 0.8003
2026-09-22 12:04:35,407 - mmdet - INFO - Epoch [15][3150/3488]	lr: 1.000e-03, eta: 4:18:22, time: 0.253, data_time: 0.037, memory: 8019, loss_cls: 0.4217, loss_bbox: 0.3816, loss_kps: 0.0000, loss: 0.8033
2026-09-22 12:04:48,368 - mmdet - INFO - Epoch [15][3200/3488]	lr: 1.000e-03, eta: 4:18:06, time: 0.259, data_time: 0.045, memory: 8019, loss_cls: 0.4307, loss_bbox: 0.3736, loss_kps: 0.0000, loss: 0.8043
2026-09-22 12:05:01,061 - mmdet - INFO - Epoch [15][3250/3488]	lr: 1.000e-03, eta: 4:17:49, time: 0.254, data_time: 0.036, memory: 8019, loss_cls: 0.4195, loss_bbox: 0.3787, loss_kps: 0.0000, loss: 0.7981
2026-09-22 12:05:13,710 - mmdet - INFO - Epoch [15][3300/3488]	lr: 1.000e-03, eta: 4:17:32, time: 0.253, data_time: 0.036, memory: 8019, loss_cls: 0.4263, loss_bbox: 0.3869, loss_kps: 0.0000, loss: 0.8132
2026-09-22 12:05:26,417 - mmdet - INFO - Epoch [15][3350/3488]	lr: 1.000e-03, eta: 4:17:16, time: 0.254, data_time: 0.036, memory: 8019, loss_cls: 0.4188, loss_bbox: 0.3951, loss_kps: 0.0000, loss: 0.8139
2026-09-22 12:05:39,265 - mmdet - INFO - Epoch [15][3400/3488]	lr: 1.000e-03, eta: 4:16:59, time: 0.257, data_time: 0.038, memory: 8019, loss_cls: 0.4055, loss_bbox: 0.3843, loss_kps: 0.0000, loss: 0.7897
2026-09-22 12:05:52,092 - mmdet - INFO - Epoch [15][3450/3488]	lr: 1.000e-03, eta: 4:16:42, time: 0.257, data_time: 0.036, memory: 8019, loss_cls: 0.4220, loss_bbox: 0.3854, loss_kps: 0.0000, loss: 0.8074
2026-09-22 12:06:01,179 - mmdet - INFO - Saving checkpoint at 15 epochs
2026-09-22 12:06:21,604 - mmdet - INFO - Epoch [16][50/3488]	lr: 1.000e-03, eta: 4:16:11, time: 0.404, data_time: 0.166, memory: 8019, loss_cls: 0.4216, loss_bbox: 0.3747, loss_kps: 0.0000, loss: 0.7962
2026-09-22 12:06:34,229 - mmdet - INFO - Epoch [16][100/3488]	lr: 1.000e-03, eta: 4:15:54, time: 0.252, data_time: 0.038, memory: 8019, loss_cls: 0.4164, loss_bbox: 0.3762, loss_kps: 0.0000, loss: 0.7926
2026-09-22 12:06:47,059 - mmdet - INFO - Epoch [16][150/3488]	lr: 1.000e-03, eta: 4:15:38, time: 0.257, data_time: 0.038, memory: 8019, loss_cls: 0.4223, loss_bbox: 0.3771, loss_kps: 0.0000, loss: 0.7994
2026-09-22 12:06:59,867 - mmdet - INFO - Epoch [16][200/3488]	lr: 1.000e-03, eta: 4:15:21, time: 0.256, data_time: 0.035, memory: 8019, loss_cls: 0.4052, loss_bbox: 0.3773, loss_kps: 0.0000, loss: 0.7825
2026-09-22 12:07:12,382 - mmdet - INFO - Epoch [16][250/3488]	lr: 1.000e-03, eta: 4:15:04, time: 0.250, data_time: 0.036, memory: 8019, loss_cls: 0.4154, loss_bbox: 0.3806, loss_kps: 0.0000, loss: 0.7960
2026-09-22 12:07:25,237 - mmdet - INFO - Epoch [16][300/3488]	lr: 1.000e-03, eta: 4:14:48, time: 0.257, data_time: 0.038, memory: 8019, loss_cls: 0.4183, loss_bbox: 0.3891, loss_kps: 0.0000, loss: 0.8073
2026-09-22 12:07:37,643 - mmdet - INFO - Epoch [16][350/3488]	lr: 1.000e-03, eta: 4:14:31, time: 0.248, data_time: 0.035, memory: 8019, loss_cls: 0.4455, loss_bbox: 0.3896, loss_kps: 0.0000, loss: 0.8351
2026-09-22 12:07:50,245 - mmdet - INFO - Epoch [16][400/3488]	lr: 1.000e-03, eta: 4:14:14, time: 0.252, data_time: 0.033, memory: 8019, loss_cls: 0.4291, loss_bbox: 0.3817, loss_kps: 0.0000, loss: 0.8108
2026-09-22 12:08:02,943 - mmdet - INFO - Epoch [16][450/3488]	lr: 1.000e-03, eta: 4:13:57, time: 0.254, data_time: 0.035, memory: 8019, loss_cls: 0.4166, loss_bbox: 0.3822, loss_kps: 0.0000, loss: 0.7988
2026-09-22 12:08:15,463 - mmdet - INFO - Epoch [16][500/3488]	lr: 1.000e-03, eta: 4:13:40, time: 0.250, data_time: 0.036, memory: 8019, loss_cls: 0.4056, loss_bbox: 0.3763, loss_kps: 0.0000, loss: 0.7818
2026-09-22 12:08:28,039 - mmdet - INFO - Epoch [16][550/3488]	lr: 1.000e-03, eta: 4:13:24, time: 0.251, data_time: 0.035, memory: 8019, loss_cls: 0.4213, loss_bbox: 0.3902, loss_kps: 0.0000, loss: 0.8115
2026-09-22 12:08:40,757 - mmdet - INFO - Epoch [16][600/3488]	lr: 1.000e-03, eta: 4:13:07, time: 0.254, data_time: 0.036, memory: 8019, loss_cls: 0.4154, loss_bbox: 0.3903, loss_kps: 0.0000, loss: 0.8057
2026-09-22 12:08:53,677 - mmdet - INFO - Epoch [16][650/3488]	lr: 1.000e-03, eta: 4:12:51, time: 0.258, data_time: 0.044, memory: 8019, loss_cls: 0.4137, loss_bbox: 0.3883, loss_kps: 0.0000, loss: 0.8020
2026-09-22 12:09:06,379 - mmdet - INFO - Epoch [16][700/3488]	lr: 1.000e-03, eta: 4:12:34, time: 0.254, data_time: 0.036, memory: 8019, loss_cls: 0.4055, loss_bbox: 0.3717, loss_kps: 0.0000, loss: 0.7772
2026-09-22 12:09:19,508 - mmdet - INFO - Epoch [16][750/3488]	lr: 1.000e-03, eta: 4:12:18, time: 0.263, data_time: 0.035, memory: 8019, loss_cls: 0.3981, loss_bbox: 0.3752, loss_kps: 0.0000, loss: 0.7733
2026-09-22 12:09:32,122 - mmdet - INFO - Epoch [16][800/3488]	lr: 1.000e-03, eta: 4:12:01, time: 0.252, data_time: 0.035, memory: 8019, loss_cls: 0.4189, loss_bbox: 0.3791, loss_kps: 0.0000, loss: 0.7980
2026-09-22 12:09:44,635 - mmdet - INFO - Epoch [16][850/3488]	lr: 1.000e-03, eta: 4:11:44, time: 0.250, data_time: 0.035, memory: 8019, loss_cls: 0.4013, loss_bbox: 0.3821, loss_kps: 0.0000, loss: 0.7835
2026-09-22 12:09:57,290 - mmdet - INFO - Epoch [16][900/3488]	lr: 1.000e-03, eta: 4:11:28, time: 0.253, data_time: 0.035, memory: 8019, loss_cls: 0.4090, loss_bbox: 0.3838, loss_kps: 0.0000, loss: 0.7928
2026-09-22 12:10:09,616 - mmdet - INFO - Epoch [16][950/3488]	lr: 1.000e-03, eta: 4:11:11, time: 0.247, data_time: 0.034, memory: 8019, loss_cls: 0.4148, loss_bbox: 0.3849, loss_kps: 0.0000, loss: 0.7997
2026-09-22 12:10:22,035 - mmdet - INFO - Epoch [16][1000/3488]	lr: 1.000e-03, eta: 4:10:54, time: 0.248, data_time: 0.036, memory: 8019, loss_cls: 0.4110, loss_bbox: 0.3864, loss_kps: 0.0000, loss: 0.7973
2026-09-22 12:10:34,802 - mmdet - INFO - Epoch [16][1050/3488]	lr: 1.000e-03, eta: 4:10:38, time: 0.255, data_time: 0.034, memory: 8019, loss_cls: 0.4079, loss_bbox: 0.3792, loss_kps: 0.0000, loss: 0.7871
2026-09-22 12:10:47,370 - mmdet - INFO - Epoch [16][1100/3488]	lr: 1.000e-03, eta: 4:10:21, time: 0.251, data_time: 0.036, memory: 8019, loss_cls: 0.4298, loss_bbox: 0.3846, loss_kps: 0.0000, loss: 0.8145
2026-09-22 12:10:59,918 - mmdet - INFO - Epoch [16][1150/3488]	lr: 1.000e-03, eta: 4:10:04, time: 0.251, data_time: 0.035, memory: 8019, loss_cls: 0.4275, loss_bbox: 0.3827, loss_kps: 0.0000, loss: 0.8102
2026-09-22 12:11:12,542 - mmdet - INFO - Epoch [16][1200/3488]	lr: 1.000e-03, eta: 4:09:48, time: 0.252, data_time: 0.037, memory: 8019, loss_cls: 0.4167, loss_bbox: 0.3841, loss_kps: 0.0000, loss: 0.8008
2026-09-22 12:11:25,074 - mmdet - INFO - Epoch [16][1250/3488]	lr: 1.000e-03, eta: 4:09:31, time: 0.251, data_time: 0.034, memory: 8019, loss_cls: 0.4164, loss_bbox: 0.3800, loss_kps: 0.0000, loss: 0.7963
2026-09-22 12:11:37,846 - mmdet - INFO - Epoch [16][1300/3488]	lr: 1.000e-03, eta: 4:09:14, time: 0.255, data_time: 0.033, memory: 8019, loss_cls: 0.4076, loss_bbox: 0.3736, loss_kps: 0.0000, loss: 0.7812
2026-09-22 12:11:50,506 - mmdet - INFO - Epoch [16][1350/3488]	lr: 1.000e-03, eta: 4:08:58, time: 0.253, data_time: 0.038, memory: 8019, loss_cls: 0.4012, loss_bbox: 0.3769, loss_kps: 0.0000, loss: 0.7781
2026-09-22 12:12:02,979 - mmdet - INFO - Epoch [16][1400/3488]	lr: 1.000e-03, eta: 4:08:41, time: 0.249, data_time: 0.034, memory: 8019, loss_cls: 0.4217, loss_bbox: 0.3781, loss_kps: 0.0000, loss: 0.7998
2026-09-22 12:12:15,673 - mmdet - INFO - Epoch [16][1450/3488]	lr: 1.000e-03, eta: 4:08:25, time: 0.254, data_time: 0.036, memory: 8019, loss_cls: 0.4238, loss_bbox: 0.3837, loss_kps: 0.0000, loss: 0.8075
2026-09-22 12:12:28,212 - mmdet - INFO - Epoch [16][1500/3488]	lr: 1.000e-03, eta: 4:08:08, time: 0.251, data_time: 0.035, memory: 8019, loss_cls: 0.4267, loss_bbox: 0.3804, loss_kps: 0.0000, loss: 0.8071
2026-09-22 12:12:40,688 - mmdet - INFO - Epoch [16][1550/3488]	lr: 1.000e-03, eta: 4:07:51, time: 0.250, data_time: 0.035, memory: 8019, loss_cls: 0.4011, loss_bbox: 0.3752, loss_kps: 0.0000, loss: 0.7762
2026-09-22 12:12:53,499 - mmdet - INFO - Epoch [16][1600/3488]	lr: 1.000e-03, eta: 4:07:35, time: 0.256, data_time: 0.036, memory: 8019, loss_cls: 0.4074, loss_bbox: 0.3730, loss_kps: 0.0000, loss: 0.7804
2026-09-22 12:13:06,311 - mmdet - INFO - Epoch [16][1650/3488]	lr: 1.000e-03, eta: 4:07:19, time: 0.256, data_time: 0.036, memory: 8019, loss_cls: 0.4142, loss_bbox: 0.3786, loss_kps: 0.0000, loss: 0.7928
2026-09-22 12:13:18,834 - mmdet - INFO - Epoch [16][1700/3488]	lr: 1.000e-03, eta: 4:07:02, time: 0.250, data_time: 0.035, memory: 8019, loss_cls: 0.4323, loss_bbox: 0.3932, loss_kps: 0.0000, loss: 0.8255
2026-09-22 12:13:31,862 - mmdet - INFO - Epoch [16][1750/3488]	lr: 1.000e-03, eta: 4:06:46, time: 0.261, data_time: 0.045, memory: 8019, loss_cls: 0.4193, loss_bbox: 0.3794, loss_kps: 0.0000, loss: 0.7988
2026-09-22 12:13:44,254 - mmdet - INFO - Epoch [16][1800/3488]	lr: 1.000e-03, eta: 4:06:29, time: 0.248, data_time: 0.034, memory: 8019, loss_cls: 0.4144, loss_bbox: 0.3737, loss_kps: 0.0000, loss: 0.7881
2026-09-22 12:13:57,330 - mmdet - INFO - Epoch [16][1850/3488]	lr: 1.000e-03, eta: 4:06:13, time: 0.261, data_time: 0.033, memory: 8019, loss_cls: 0.4142, loss_bbox: 0.3811, loss_kps: 0.0000, loss: 0.7953
2026-09-22 12:14:09,969 - mmdet - INFO - Epoch [16][1900/3488]	lr: 1.000e-03, eta: 4:05:56, time: 0.253, data_time: 0.035, memory: 8019, loss_cls: 0.4099, loss_bbox: 0.3719, loss_kps: 0.0000, loss: 0.7818
2026-09-22 12:14:22,658 - mmdet - INFO - Epoch [16][1950/3488]	lr: 1.000e-03, eta: 4:05:40, time: 0.254, data_time: 0.036, memory: 8019, loss_cls: 0.4076, loss_bbox: 0.3689, loss_kps: 0.0000, loss: 0.7765
2026-09-22 12:14:35,430 - mmdet - INFO - Epoch [16][2000/3488]	lr: 1.000e-03, eta: 4:05:24, time: 0.256, data_time: 0.036, memory: 8019, loss_cls: 0.4109, loss_bbox: 0.3904, loss_kps: 0.0000, loss: 0.8013
2026-09-22 12:14:48,029 - mmdet - INFO - Epoch [16][2050/3488]	lr: 1.000e-03, eta: 4:05:07, time: 0.252, data_time: 0.034, memory: 8019, loss_cls: 0.4234, loss_bbox: 0.3881, loss_kps: 0.0000, loss: 0.8116
2026-09-22 12:15:00,667 - mmdet - INFO - Epoch [16][2100/3488]	lr: 1.000e-03, eta: 4:04:51, time: 0.253, data_time: 0.034, memory: 8019, loss_cls: 0.4331, loss_bbox: 0.3914, loss_kps: 0.0000, loss: 0.8245
2026-09-22 12:15:13,195 - mmdet - INFO - Epoch [16][2150/3488]	lr: 1.000e-03, eta: 4:04:34, time: 0.251, data_time: 0.035, memory: 8019, loss_cls: 0.4389, loss_bbox: 0.3943, loss_kps: 0.0000, loss: 0.8332
2026-09-22 12:15:25,738 - mmdet - INFO - Epoch [16][2200/3488]	lr: 1.000e-03, eta: 4:04:18, time: 0.251, data_time: 0.035, memory: 8019, loss_cls: 0.4200, loss_bbox: 0.3831, loss_kps: 0.0000, loss: 0.8031
2026-09-22 12:15:38,419 - mmdet - INFO - Epoch [16][2250/3488]	lr: 1.000e-03, eta: 4:04:01, time: 0.254, data_time: 0.034, memory: 8019, loss_cls: 0.4205, loss_bbox: 0.3820, loss_kps: 0.0000, loss: 0.8025
2026-09-22 12:15:51,034 - mmdet - INFO - Epoch [16][2300/3488]	lr: 1.000e-03, eta: 4:03:45, time: 0.252, data_time: 0.036, memory: 8019, loss_cls: 0.4242, loss_bbox: 0.3791, loss_kps: 0.0000, loss: 0.8034
2026-09-22 12:16:03,515 - mmdet - INFO - Epoch [16][2350/3488]	lr: 1.000e-03, eta: 4:03:28, time: 0.250, data_time: 0.036, memory: 8019, loss_cls: 0.4095, loss_bbox: 0.3829, loss_kps: 0.0000, loss: 0.7924
2026-09-22 12:16:16,023 - mmdet - INFO - Epoch [16][2400/3488]	lr: 1.000e-03, eta: 4:03:12, time: 0.250, data_time: 0.033, memory: 8019, loss_cls: 0.4273, loss_bbox: 0.3810, loss_kps: 0.0000, loss: 0.8083
2026-09-22 12:16:28,453 - mmdet - INFO - Epoch [16][2450/3488]	lr: 1.000e-03, eta: 4:02:55, time: 0.248, data_time: 0.033, memory: 8019, loss_cls: 0.4348, loss_bbox: 0.3899, loss_kps: 0.0000, loss: 0.8247
2026-09-22 12:16:41,166 - mmdet - INFO - Epoch [16][2500/3488]	lr: 1.000e-03, eta: 4:02:39, time: 0.254, data_time: 0.033, memory: 8019, loss_cls: 0.4147, loss_bbox: 0.3784, loss_kps: 0.0000, loss: 0.7931
2026-09-22 12:16:53,590 - mmdet - INFO - Epoch [16][2550/3488]	lr: 1.000e-03, eta: 4:02:22, time: 0.248, data_time: 0.034, memory: 8019, loss_cls: 0.4065, loss_bbox: 0.3762, loss_kps: 0.0000, loss: 0.7827
2026-09-22 12:17:06,066 - mmdet - INFO - Epoch [16][2600/3488]	lr: 1.000e-03, eta: 4:02:06, time: 0.250, data_time: 0.035, memory: 8019, loss_cls: 0.4281, loss_bbox: 0.3860, loss_kps: 0.0000, loss: 0.8141
2026-09-22 12:17:18,711 - mmdet - INFO - Epoch [16][2650/3488]	lr: 1.000e-03, eta: 4:01:49, time: 0.253, data_time: 0.034, memory: 8019, loss_cls: 0.4148, loss_bbox: 0.3858, loss_kps: 0.0000, loss: 0.8006
2026-09-22 12:17:31,197 - mmdet - INFO - Epoch [16][2700/3488]	lr: 1.000e-03, eta: 4:01:33, time: 0.250, data_time: 0.032, memory: 8019, loss_cls: 0.4018, loss_bbox: 0.3762, loss_kps: 0.0000, loss: 0.7781
2026-09-22 12:17:43,829 - mmdet - INFO - Epoch [16][2750/3488]	lr: 1.000e-03, eta: 4:01:16, time: 0.253, data_time: 0.037, memory: 8019, loss_cls: 0.3983, loss_bbox: 0.3772, loss_kps: 0.0000, loss: 0.7755
2026-09-22 12:17:57,004 - mmdet - INFO - Epoch [16][2800/3488]	lr: 1.000e-03, eta: 4:01:00, time: 0.264, data_time: 0.045, memory: 8019, loss_cls: 0.4051, loss_bbox: 0.3816, loss_kps: 0.0000, loss: 0.7867
2026-09-22 12:18:09,661 - mmdet - INFO - Epoch [16][2850/3488]	lr: 1.000e-03, eta: 4:00:44, time: 0.253, data_time: 0.034, memory: 8019, loss_cls: 0.4297, loss_bbox: 0.3835, loss_kps: 0.0000, loss: 0.8133
2026-09-22 12:18:22,543 - mmdet - INFO - Epoch [16][2900/3488]	lr: 1.000e-03, eta: 4:00:28, time: 0.258, data_time: 0.034, memory: 8019, loss_cls: 0.4150, loss_bbox: 0.3740, loss_kps: 0.0000, loss: 0.7890
2026-09-22 12:18:35,047 - mmdet - INFO - Epoch [16][2950/3488]	lr: 1.000e-03, eta: 4:00:11, time: 0.250, data_time: 0.034, memory: 8019, loss_cls: 0.4088, loss_bbox: 0.3888, loss_kps: 0.0000, loss: 0.7975
2026-09-22 12:18:47,614 - mmdet - INFO - Epoch [16][3000/3488]	lr: 1.000e-03, eta: 3:59:55, time: 0.251, data_time: 0.035, memory: 8019, loss_cls: 0.3980, loss_bbox: 0.3645, loss_kps: 0.0000, loss: 0.7625
2026-09-22 12:19:00,075 - mmdet - INFO - Epoch [16][3050/3488]	lr: 1.000e-03, eta: 3:59:39, time: 0.250, data_time: 0.035, memory: 8019, loss_cls: 0.4238, loss_bbox: 0.3927, loss_kps: 0.0000, loss: 0.8165
2026-09-22 12:19:12,994 - mmdet - INFO - Epoch [16][3100/3488]	lr: 1.000e-03, eta: 3:59:22, time: 0.258, data_time: 0.035, memory: 8019, loss_cls: 0.4075, loss_bbox: 0.3781, loss_kps: 0.0000, loss: 0.7856
2026-09-22 12:19:25,465 - mmdet - INFO - Epoch [16][3150/3488]	lr: 1.000e-03, eta: 3:59:06, time: 0.249, data_time: 0.034, memory: 8019, loss_cls: 0.4056, loss_bbox: 0.3651, loss_kps: 0.0000, loss: 0.7707
2026-09-22 12:19:38,066 - mmdet - INFO - Epoch [16][3200/3488]	lr: 1.000e-03, eta: 3:58:50, time: 0.252, data_time: 0.034, memory: 8019, loss_cls: 0.4170, loss_bbox: 0.3879, loss_kps: 0.0000, loss: 0.8050
2026-09-22 12:19:50,674 - mmdet - INFO - Epoch [16][3250/3488]	lr: 1.000e-03, eta: 3:58:33, time: 0.252, data_time: 0.035, memory: 8019, loss_cls: 0.4067, loss_bbox: 0.3910, loss_kps: 0.0000, loss: 0.7977
2026-09-22 12:20:03,309 - mmdet - INFO - Epoch [16][3300/3488]	lr: 1.000e-03, eta: 3:58:17, time: 0.253, data_time: 0.034, memory: 8019, loss_cls: 0.4116, loss_bbox: 0.3742, loss_kps: 0.0000, loss: 0.7858
2026-09-22 12:20:15,849 - mmdet - INFO - Epoch [16][3350/3488]	lr: 1.000e-03, eta: 3:58:01, time: 0.251, data_time: 0.036, memory: 8019, loss_cls: 0.4072, loss_bbox: 0.3883, loss_kps: 0.0000, loss: 0.7955
2026-09-22 12:20:28,344 - mmdet - INFO - Epoch [16][3400/3488]	lr: 1.000e-03, eta: 3:57:44, time: 0.250, data_time: 0.035, memory: 8019, loss_cls: 0.4047, loss_bbox: 0.3742, loss_kps: 0.0000, loss: 0.7788
2026-09-22 12:20:40,796 - mmdet - INFO - Epoch [16][3450/3488]	lr: 1.000e-03, eta: 3:57:28, time: 0.249, data_time: 0.034, memory: 8019, loss_cls: 0.4190, loss_bbox: 0.3746, loss_kps: 0.0000, loss: 0.7937
2026-09-22 12:20:49,667 - mmdet - INFO - Saving checkpoint at 16 epochs
2026-09-22 12:21:09,768 - mmdet - INFO - Epoch [17][50/3488]	lr: 1.000e-03, eta: 3:56:57, time: 0.398, data_time: 0.167, memory: 8019, loss_cls: 0.4261, loss_bbox: 0.3846, loss_kps: 0.0000, loss: 0.8107
2026-09-22 12:21:22,427 - mmdet - INFO - Epoch [17][100/3488]	lr: 1.000e-03, eta: 3:56:41, time: 0.253, data_time: 0.038, memory: 8019, loss_cls: 0.4255, loss_bbox: 0.3791, loss_kps: 0.0000, loss: 0.8045
2026-09-22 12:21:34,944 - mmdet - INFO - Epoch [17][150/3488]	lr: 1.000e-03, eta: 3:56:24, time: 0.251, data_time: 0.036, memory: 8019, loss_cls: 0.4049, loss_bbox: 0.3632, loss_kps: 0.0000, loss: 0.7680
2026-09-22 12:21:47,738 - mmdet - INFO - Epoch [17][200/3488]	lr: 1.000e-03, eta: 3:56:08, time: 0.256, data_time: 0.037, memory: 8019, loss_cls: 0.4260, loss_bbox: 0.3853, loss_kps: 0.0000, loss: 0.8113
2026-09-22 12:22:00,196 - mmdet - INFO - Epoch [17][250/3488]	lr: 1.000e-03, eta: 3:55:52, time: 0.249, data_time: 0.035, memory: 8019, loss_cls: 0.4069, loss_bbox: 0.3777, loss_kps: 0.0000, loss: 0.7846
2026-09-22 12:22:12,789 - mmdet - INFO - Epoch [17][300/3488]	lr: 1.000e-03, eta: 3:55:36, time: 0.252, data_time: 0.036, memory: 8019, loss_cls: 0.4266, loss_bbox: 0.3830, loss_kps: 0.0000, loss: 0.8096
2026-09-22 12:22:25,618 - mmdet - INFO - Epoch [17][350/3488]	lr: 1.000e-03, eta: 3:55:20, time: 0.257, data_time: 0.044, memory: 8019, loss_cls: 0.4285, loss_bbox: 0.3938, loss_kps: 0.0000, loss: 0.8223
2026-09-22 12:22:38,243 - mmdet - INFO - Epoch [17][400/3488]	lr: 1.000e-03, eta: 3:55:03, time: 0.253, data_time: 0.035, memory: 8019, loss_cls: 0.4099, loss_bbox: 0.3886, loss_kps: 0.0000, loss: 0.7986
2026-09-22 12:22:51,130 - mmdet - INFO - Epoch [17][450/3488]	lr: 1.000e-03, eta: 3:54:47, time: 0.258, data_time: 0.034, memory: 8019, loss_cls: 0.4223, loss_bbox: 0.3936, loss_kps: 0.0000, loss: 0.8159
2026-09-22 12:23:04,011 - mmdet - INFO - Epoch [17][500/3488]	lr: 1.000e-03, eta: 3:54:31, time: 0.257, data_time: 0.034, memory: 8019, loss_cls: 0.4152, loss_bbox: 0.3835, loss_kps: 0.0000, loss: 0.7988
2026-09-22 12:23:16,609 - mmdet - INFO - Epoch [17][550/3488]	lr: 1.000e-03, eta: 3:54:15, time: 0.252, data_time: 0.034, memory: 8019, loss_cls: 0.3975, loss_bbox: 0.3853, loss_kps: 0.0000, loss: 0.7828
2026-09-22 12:23:29,080 - mmdet - INFO - Epoch [17][600/3488]	lr: 1.000e-03, eta: 3:53:59, time: 0.249, data_time: 0.033, memory: 8019, loss_cls: 0.4123, loss_bbox: 0.3828, loss_kps: 0.0000, loss: 0.7952
2026-09-22 12:23:41,680 - mmdet - INFO - Epoch [17][650/3488]	lr: 1.000e-03, eta: 3:53:43, time: 0.252, data_time: 0.034, memory: 8019, loss_cls: 0.4043, loss_bbox: 0.3747, loss_kps: 0.0000, loss: 0.7790
2026-09-22 12:23:54,279 - mmdet - INFO - Epoch [17][700/3488]	lr: 1.000e-03, eta: 3:53:26, time: 0.252, data_time: 0.035, memory: 8019, loss_cls: 0.4265, loss_bbox: 0.3936, loss_kps: 0.0000, loss: 0.8201
2026-09-22 12:24:06,977 - mmdet - INFO - Epoch [17][750/3488]	lr: 1.000e-03, eta: 3:53:10, time: 0.254, data_time: 0.037, memory: 8019, loss_cls: 0.4056, loss_bbox: 0.3660, loss_kps: 0.0000, loss: 0.7717
2026-09-22 12:24:19,523 - mmdet - INFO - Epoch [17][800/3488]	lr: 1.000e-03, eta: 3:52:54, time: 0.251, data_time: 0.036, memory: 8019, loss_cls: 0.4161, loss_bbox: 0.3808, loss_kps: 0.0000, loss: 0.7969
2026-09-22 12:24:32,122 - mmdet - INFO - Epoch [17][850/3488]	lr: 1.000e-03, eta: 3:52:38, time: 0.252, data_time: 0.034, memory: 8019, loss_cls: 0.4187, loss_bbox: 0.3817, loss_kps: 0.0000, loss: 0.8005
2026-09-22 12:24:44,776 - mmdet - INFO - Epoch [17][900/3488]	lr: 1.000e-03, eta: 3:52:22, time: 0.253, data_time: 0.034, memory: 8019, loss_cls: 0.3979, loss_bbox: 0.3802, loss_kps: 0.0000, loss: 0.7780
2026-09-22 12:24:57,243 - mmdet - INFO - Epoch [17][950/3488]	lr: 1.000e-03, eta: 3:52:05, time: 0.249, data_time: 0.035, memory: 8019, loss_cls: 0.4100, loss_bbox: 0.3721, loss_kps: 0.0000, loss: 0.7821
2026-09-22 12:25:09,772 - mmdet - INFO - Epoch [17][1000/3488]	lr: 1.000e-03, eta: 3:51:49, time: 0.251, data_time: 0.034, memory: 8019, loss_cls: 0.4026, loss_bbox: 0.3760, loss_kps: 0.0000, loss: 0.7786
2026-09-22 12:25:22,562 - mmdet - INFO - Epoch [17][1050/3488]	lr: 1.000e-03, eta: 3:51:33, time: 0.256, data_time: 0.034, memory: 8019, loss_cls: 0.4375, loss_bbox: 0.3889, loss_kps: 0.0000, loss: 0.8264
2026-09-22 12:25:35,075 - mmdet - INFO - Epoch [17][1100/3488]	lr: 1.000e-03, eta: 3:51:17, time: 0.250, data_time: 0.033, memory: 8019, loss_cls: 0.4167, loss_bbox: 0.3750, loss_kps: 0.0000, loss: 0.7917
2026-09-22 12:25:47,735 - mmdet - INFO - Epoch [17][1150/3488]	lr: 1.000e-03, eta: 3:51:01, time: 0.253, data_time: 0.036, memory: 8019, loss_cls: 0.4085, loss_bbox: 0.3843, loss_kps: 0.0000, loss: 0.7928
2026-09-22 12:26:00,484 - mmdet - INFO - Epoch [17][1200/3488]	lr: 1.000e-03, eta: 3:50:45, time: 0.255, data_time: 0.035, memory: 8019, loss_cls: 0.3954, loss_bbox: 0.3772, loss_kps: 0.0000, loss: 0.7726
2026-09-22 12:26:13,103 - mmdet - INFO - Epoch [17][1250/3488]	lr: 1.000e-03, eta: 3:50:29, time: 0.252, data_time: 0.032, memory: 8019, loss_cls: 0.3887, loss_bbox: 0.3786, loss_kps: 0.0000, loss: 0.7673
2026-09-22 12:26:25,746 - mmdet - INFO - Epoch [17][1300/3488]	lr: 1.000e-03, eta: 3:50:13, time: 0.253, data_time: 0.033, memory: 8019, loss_cls: 0.4065, loss_bbox: 0.3702, loss_kps: 0.0000, loss: 0.7767
2026-09-22 12:26:38,459 - mmdet - INFO - Epoch [17][1350/3488]	lr: 1.000e-03, eta: 3:49:56, time: 0.254, data_time: 0.042, memory: 8019, loss_cls: 0.4167, loss_bbox: 0.3649, loss_kps: 0.0000, loss: 0.7815
2026-09-22 12:26:51,129 - mmdet - INFO - Epoch [17][1400/3488]	lr: 1.000e-03, eta: 3:49:40, time: 0.253, data_time: 0.033, memory: 8019, loss_cls: 0.4368, loss_bbox: 0.3889, loss_kps: 0.0000, loss: 0.8256
2026-09-22 12:27:03,640 - mmdet - INFO - Epoch [17][1450/3488]	lr: 1.000e-03, eta: 3:49:24, time: 0.250, data_time: 0.034, memory: 8019, loss_cls: 0.4112, loss_bbox: 0.3804, loss_kps: 0.0000, loss: 0.7916
2026-09-22 12:27:16,170 - mmdet - INFO - Epoch [17][1500/3488]	lr: 1.000e-03, eta: 3:49:08, time: 0.251, data_time: 0.035, memory: 8019, loss_cls: 0.4131, loss_bbox: 0.3783, loss_kps: 0.0000, loss: 0.7914
2026-09-22 12:27:29,203 - mmdet - INFO - Epoch [17][1550/3488]	lr: 1.000e-03, eta: 3:48:52, time: 0.261, data_time: 0.035, memory: 8019, loss_cls: 0.4396, loss_bbox: 0.3901, loss_kps: 0.0000, loss: 0.8297
2026-09-22 12:27:41,684 - mmdet - INFO - Epoch [17][1600/3488]	lr: 1.000e-03, eta: 3:48:36, time: 0.250, data_time: 0.034, memory: 8019, loss_cls: 0.4277, loss_bbox: 0.3839, loss_kps: 0.0000, loss: 0.8116
2026-09-22 12:27:53,945 - mmdet - INFO - Epoch [17][1650/3488]	lr: 1.000e-03, eta: 3:48:20, time: 0.245, data_time: 0.034, memory: 8019, loss_cls: 0.4203, loss_bbox: 0.3868, loss_kps: 0.0000, loss: 0.8071
2026-09-22 12:28:06,478 - mmdet - INFO - Epoch [17][1700/3488]	lr: 1.000e-03, eta: 3:48:04, time: 0.251, data_time: 0.034, memory: 8019, loss_cls: 0.4112, loss_bbox: 0.3808, loss_kps: 0.0000, loss: 0.7920
2026-09-22 12:28:19,206 - mmdet - INFO - Epoch [17][1750/3488]	lr: 1.000e-03, eta: 3:47:48, time: 0.255, data_time: 0.036, memory: 8019, loss_cls: 0.4219, loss_bbox: 0.3908, loss_kps: 0.0000, loss: 0.8127
2026-09-22 12:28:31,853 - mmdet - INFO - Epoch [17][1800/3488]	lr: 1.000e-03, eta: 3:47:32, time: 0.253, data_time: 0.033, memory: 8019, loss_cls: 0.4134, loss_bbox: 0.3662, loss_kps: 0.0000, loss: 0.7795
2026-09-22 12:28:44,418 - mmdet - INFO - Epoch [17][1850/3488]	lr: 1.000e-03, eta: 3:47:15, time: 0.252, data_time: 0.033, memory: 8019, loss_cls: 0.4023, loss_bbox: 0.3739, loss_kps: 0.0000, loss: 0.7762
2026-09-22 12:28:57,108 - mmdet - INFO - Epoch [17][1900/3488]	lr: 1.000e-03, eta: 3:46:59, time: 0.254, data_time: 0.036, memory: 8019, loss_cls: 0.4298, loss_bbox: 0.3874, loss_kps: 0.0000, loss: 0.8171
2026-09-22 12:29:09,923 - mmdet - INFO - Epoch [17][1950/3488]	lr: 1.000e-03, eta: 3:46:44, time: 0.256, data_time: 0.035, memory: 8019, loss_cls: 0.4249, loss_bbox: 0.3798, loss_kps: 0.0000, loss: 0.8047
2026-09-22 12:29:22,346 - mmdet - INFO - Epoch [17][2000/3488]	lr: 1.000e-03, eta: 3:46:27, time: 0.248, data_time: 0.034, memory: 8019, loss_cls: 0.4105, loss_bbox: 0.3728, loss_kps: 0.0000, loss: 0.7834
2026-09-22 12:29:34,760 - mmdet - INFO - Epoch [17][2050/3488]	lr: 1.000e-03, eta: 3:46:11, time: 0.248, data_time: 0.035, memory: 8019, loss_cls: 0.4095, loss_bbox: 0.3842, loss_kps: 0.0000, loss: 0.7937
2026-09-22 12:29:47,171 - mmdet - INFO - Epoch [17][2100/3488]	lr: 1.000e-03, eta: 3:45:55, time: 0.248, data_time: 0.033, memory: 8019, loss_cls: 0.4194, loss_bbox: 0.3774, loss_kps: 0.0000, loss: 0.7969
2026-09-22 12:29:59,726 - mmdet - INFO - Epoch [17][2150/3488]	lr: 1.000e-03, eta: 3:45:39, time: 0.251, data_time: 0.036, memory: 8019, loss_cls: 0.4169, loss_bbox: 0.3771, loss_kps: 0.0000, loss: 0.7941
2026-09-22 12:30:12,260 - mmdet - INFO - Epoch [17][2200/3488]	lr: 1.000e-03, eta: 3:45:23, time: 0.251, data_time: 0.034, memory: 8019, loss_cls: 0.4164, loss_bbox: 0.3818, loss_kps: 0.0000, loss: 0.7982
2026-09-22 12:30:24,776 - mmdet - INFO - Epoch [17][2250/3488]	lr: 1.000e-03, eta: 3:45:07, time: 0.250, data_time: 0.035, memory: 8019, loss_cls: 0.3960, loss_bbox: 0.3721, loss_kps: 0.0000, loss: 0.7681
2026-09-22 12:30:37,443 - mmdet - INFO - Epoch [17][2300/3488]	lr: 1.000e-03, eta: 3:44:51, time: 0.253, data_time: 0.037, memory: 8019, loss_cls: 0.3970, loss_bbox: 0.3782, loss_kps: 0.0000, loss: 0.7752
2026-09-22 12:30:49,960 - mmdet - INFO - Epoch [17][2350/3488]	lr: 1.000e-03, eta: 3:44:35, time: 0.250, data_time: 0.033, memory: 8019, loss_cls: 0.4112, loss_bbox: 0.3757, loss_kps: 0.0000, loss: 0.7869
2026-09-22 12:31:03,037 - mmdet - INFO - Epoch [17][2400/3488]	lr: 1.000e-03, eta: 3:44:19, time: 0.262, data_time: 0.047, memory: 8019, loss_cls: 0.4202, loss_bbox: 0.3832, loss_kps: 0.0000, loss: 0.8035
2026-09-22 12:31:15,484 - mmdet - INFO - Epoch [17][2450/3488]	lr: 1.000e-03, eta: 3:44:03, time: 0.249, data_time: 0.031, memory: 8019, loss_cls: 0.4037, loss_bbox: 0.3752, loss_kps: 0.0000, loss: 0.7789
2026-09-22 12:31:28,090 - mmdet - INFO - Epoch [17][2500/3488]	lr: 1.000e-03, eta: 3:43:47, time: 0.252, data_time: 0.034, memory: 8019, loss_cls: 0.4204, loss_bbox: 0.3887, loss_kps: 0.0000, loss: 0.8091
2026-09-22 12:31:40,691 - mmdet - INFO - Epoch [17][2550/3488]	lr: 1.000e-03, eta: 3:43:31, time: 0.252, data_time: 0.034, memory: 8019, loss_cls: 0.4057, loss_bbox: 0.3698, loss_kps: 0.0000, loss: 0.7756
2026-09-22 12:31:53,201 - mmdet - INFO - Epoch [17][2600/3488]	lr: 1.000e-03, eta: 3:43:15, time: 0.250, data_time: 0.034, memory: 8019, loss_cls: 0.4093, loss_bbox: 0.3705, loss_kps: 0.0000, loss: 0.7798
2026-09-22 12:32:05,656 - mmdet - INFO - Epoch [17][2650/3488]	lr: 1.000e-03, eta: 3:42:59, time: 0.249, data_time: 0.034, memory: 8019, loss_cls: 0.4087, loss_bbox: 0.3877, loss_kps: 0.0000, loss: 0.7964
2026-09-22 12:32:18,197 - mmdet - INFO - Epoch [17][2700/3488]	lr: 1.000e-03, eta: 3:42:43, time: 0.251, data_time: 0.035, memory: 8019, loss_cls: 0.4151, loss_bbox: 0.3879, loss_kps: 0.0000, loss: 0.8031
2026-09-22 12:32:30,920 - mmdet - INFO - Epoch [17][2750/3488]	lr: 1.000e-03, eta: 3:42:27, time: 0.254, data_time: 0.036, memory: 8019, loss_cls: 0.4082, loss_bbox: 0.3796, loss_kps: 0.0000, loss: 0.7878
2026-09-22 12:32:43,406 - mmdet - INFO - Epoch [17][2800/3488]	lr: 1.000e-03, eta: 3:42:11, time: 0.250, data_time: 0.032, memory: 8019, loss_cls: 0.4007, loss_bbox: 0.3787, loss_kps: 0.0000, loss: 0.7794
2026-09-22 12:32:56,194 - mmdet - INFO - Epoch [17][2850/3488]	lr: 1.000e-03, eta: 3:41:55, time: 0.256, data_time: 0.035, memory: 8019, loss_cls: 0.4162, loss_bbox: 0.3732, loss_kps: 0.0000, loss: 0.7895
2026-09-22 12:33:08,732 - mmdet - INFO - Epoch [17][2900/3488]	lr: 1.000e-03, eta: 3:41:39, time: 0.251, data_time: 0.035, memory: 8019, loss_cls: 0.4211, loss_bbox: 0.3788, loss_kps: 0.0000, loss: 0.7999
2026-09-22 12:33:21,430 - mmdet - INFO - Epoch [17][2950/3488]	lr: 1.000e-03, eta: 3:41:23, time: 0.254, data_time: 0.035, memory: 8019, loss_cls: 0.4131, loss_bbox: 0.3816, loss_kps: 0.0000, loss: 0.7947
2026-09-22 12:33:34,022 - mmdet - INFO - Epoch [17][3000/3488]	lr: 1.000e-03, eta: 3:41:07, time: 0.252, data_time: 0.035, memory: 8019, loss_cls: 0.4258, loss_bbox: 0.3939, loss_kps: 0.0000, loss: 0.8197
2026-09-22 12:33:46,451 - mmdet - INFO - Epoch [17][3050/3488]	lr: 1.000e-03, eta: 3:40:51, time: 0.249, data_time: 0.035, memory: 8019, loss_cls: 0.4141, loss_bbox: 0.3709, loss_kps: 0.0000, loss: 0.7850
2026-09-22 12:33:59,196 - mmdet - INFO - Epoch [17][3100/3488]	lr: 1.000e-03, eta: 3:40:35, time: 0.255, data_time: 0.036, memory: 8019, loss_cls: 0.4152, loss_bbox: 0.3809, loss_kps: 0.0000, loss: 0.7961
2026-09-22 12:34:11,776 - mmdet - INFO - Epoch [17][3150/3488]	lr: 1.000e-03, eta: 3:40:19, time: 0.252, data_time: 0.035, memory: 8019, loss_cls: 0.3958, loss_bbox: 0.3820, loss_kps: 0.0000, loss: 0.7778
2026-09-22 12:34:24,285 - mmdet - INFO - Epoch [17][3200/3488]	lr: 1.000e-03, eta: 3:40:03, time: 0.250, data_time: 0.034, memory: 8019, loss_cls: 0.4339, loss_bbox: 0.3868, loss_kps: 0.0000, loss: 0.8207
2026-09-22 12:34:36,802 - mmdet - INFO - Epoch [17][3250/3488]	lr: 1.000e-03, eta: 3:39:47, time: 0.250, data_time: 0.034, memory: 8019, loss_cls: 0.4126, loss_bbox: 0.3827, loss_kps: 0.0000, loss: 0.7953
2026-09-22 12:34:49,262 - mmdet - INFO - Epoch [17][3300/3488]	lr: 1.000e-03, eta: 3:39:31, time: 0.249, data_time: 0.034, memory: 8019, loss_cls: 0.4025, loss_bbox: 0.3861, loss_kps: 0.0000, loss: 0.7886
2026-09-22 12:35:01,633 - mmdet - INFO - Epoch [17][3350/3488]	lr: 1.000e-03, eta: 3:39:15, time: 0.247, data_time: 0.034, memory: 8019, loss_cls: 0.4240, loss_bbox: 0.3871, loss_kps: 0.0000, loss: 0.8111
2026-09-22 12:35:14,346 - mmdet - INFO - Epoch [17][3400/3488]	lr: 1.000e-03, eta: 3:39:00, time: 0.254, data_time: 0.036, memory: 8019, loss_cls: 0.4059, loss_bbox: 0.3824, loss_kps: 0.0000, loss: 0.7883
2026-09-22 12:35:27,325 - mmdet - INFO - Epoch [17][3450/3488]	lr: 1.000e-03, eta: 3:38:44, time: 0.260, data_time: 0.044, memory: 8019, loss_cls: 0.4090, loss_bbox: 0.3724, loss_kps: 0.0000, loss: 0.7814
2026-09-22 12:35:36,255 - mmdet - INFO - Saving checkpoint at 17 epochs
2026-09-22 12:35:56,823 - mmdet - INFO - Epoch [18][50/3488]	lr: 1.000e-03, eta: 3:38:15, time: 0.407, data_time: 0.171, memory: 8019, loss_cls: 0.4096, loss_bbox: 0.3743, loss_kps: 0.0000, loss: 0.7839
2026-09-22 12:36:10,025 - mmdet - INFO - Epoch [18][100/3488]	lr: 1.000e-03, eta: 3:37:59, time: 0.264, data_time: 0.034, memory: 8019, loss_cls: 0.4019, loss_bbox: 0.3713, loss_kps: 0.0000, loss: 0.7733
2026-09-22 12:36:22,722 - mmdet - INFO - Epoch [18][150/3488]	lr: 1.000e-03, eta: 3:37:43, time: 0.254, data_time: 0.034, memory: 8019, loss_cls: 0.4055, loss_bbox: 0.3845, loss_kps: 0.0000, loss: 0.7899
2026-09-22 12:36:35,050 - mmdet - INFO - Epoch [18][200/3488]	lr: 1.000e-03, eta: 3:37:27, time: 0.246, data_time: 0.033, memory: 8019, loss_cls: 0.4221, loss_bbox: 0.3797, loss_kps: 0.0000, loss: 0.8018
2026-09-22 12:36:47,609 - mmdet - INFO - Epoch [18][250/3488]	lr: 1.000e-03, eta: 3:37:11, time: 0.251, data_time: 0.034, memory: 8019, loss_cls: 0.4063, loss_bbox: 0.3790, loss_kps: 0.0000, loss: 0.7853
2026-09-22 12:37:00,079 - mmdet - INFO - Epoch [18][300/3488]	lr: 1.000e-03, eta: 3:36:56, time: 0.249, data_time: 0.033, memory: 8019, loss_cls: 0.4155, loss_bbox: 0.3816, loss_kps: 0.0000, loss: 0.7971
2026-09-22 12:37:12,622 - mmdet - INFO - Epoch [18][350/3488]	lr: 1.000e-03, eta: 3:36:40, time: 0.251, data_time: 0.034, memory: 8019, loss_cls: 0.4030, loss_bbox: 0.3883, loss_kps: 0.0000, loss: 0.7914
2026-09-22 12:37:25,062 - mmdet - INFO - Epoch [18][400/3488]	lr: 1.000e-03, eta: 3:36:24, time: 0.249, data_time: 0.034, memory: 8019, loss_cls: 0.4269, loss_bbox: 0.3891, loss_kps: 0.0000, loss: 0.8160
2026-09-22 12:37:37,415 - mmdet - INFO - Epoch [18][450/3488]	lr: 1.000e-03, eta: 3:36:08, time: 0.247, data_time: 0.034, memory: 8019, loss_cls: 0.4087, loss_bbox: 0.3817, loss_kps: 0.0000, loss: 0.7904
2026-09-22 12:37:49,756 - mmdet - INFO - Epoch [18][500/3488]	lr: 1.000e-03, eta: 3:35:52, time: 0.247, data_time: 0.034, memory: 8019, loss_cls: 0.4249, loss_bbox: 0.3804, loss_kps: 0.0000, loss: 0.8053
2026-09-22 12:38:02,033 - mmdet - INFO - Epoch [18][550/3488]	lr: 1.000e-03, eta: 3:35:36, time: 0.246, data_time: 0.034, memory: 8019, loss_cls: 0.3900, loss_bbox: 0.3683, loss_kps: 0.0000, loss: 0.7583
2026-09-22 12:38:14,501 - mmdet - INFO - Epoch [18][600/3488]	lr: 1.000e-03, eta: 3:35:20, time: 0.249, data_time: 0.033, memory: 8019, loss_cls: 0.3963, loss_bbox: 0.3742, loss_kps: 0.0000, loss: 0.7705
2026-09-22 12:38:27,253 - mmdet - INFO - Epoch [18][650/3488]	lr: 1.000e-03, eta: 3:35:04, time: 0.255, data_time: 0.035, memory: 8019, loss_cls: 0.4156, loss_bbox: 0.3775, loss_kps: 0.0000, loss: 0.7930
2026-09-22 12:38:39,578 - mmdet - INFO - Epoch [18][700/3488]	lr: 1.000e-03, eta: 3:34:48, time: 0.246, data_time: 0.034, memory: 8019, loss_cls: 0.4080, loss_bbox: 0.3832, loss_kps: 0.0000, loss: 0.7912
2026-09-22 12:38:52,029 - mmdet - INFO - Epoch [18][750/3488]	lr: 1.000e-03, eta: 3:34:32, time: 0.249, data_time: 0.033, memory: 8019, loss_cls: 0.4233, loss_bbox: 0.3847, loss_kps: 0.0000, loss: 0.8080
2026-09-22 12:39:04,491 - mmdet - INFO - Epoch [18][800/3488]	lr: 1.000e-03, eta: 3:34:16, time: 0.249, data_time: 0.034, memory: 8019, loss_cls: 0.3915, loss_bbox: 0.3771, loss_kps: 0.0000, loss: 0.7686
2026-09-22 12:39:16,986 - mmdet - INFO - Epoch [18][850/3488]	lr: 1.000e-03, eta: 3:34:00, time: 0.250, data_time: 0.035, memory: 8019, loss_cls: 0.4171, loss_bbox: 0.3886, loss_kps: 0.0000, loss: 0.8057
2026-09-22 12:39:29,502 - mmdet - INFO - Epoch [18][900/3488]	lr: 1.000e-03, eta: 3:33:44, time: 0.251, data_time: 0.034, memory: 8019, loss_cls: 0.4125, loss_bbox: 0.3856, loss_kps: 0.0000, loss: 0.7982
2026-09-22 12:39:41,856 - mmdet - INFO - Epoch [18][950/3488]	lr: 1.000e-03, eta: 3:33:29, time: 0.247, data_time: 0.033, memory: 8019, loss_cls: 0.4106, loss_bbox: 0.3850, loss_kps: 0.0000, loss: 0.7956
2026-09-22 12:39:54,299 - mmdet - INFO - Epoch [18][1000/3488]	lr: 1.000e-03, eta: 3:33:13, time: 0.249, data_time: 0.034, memory: 8019, loss_cls: 0.4232, loss_bbox: 0.3865, loss_kps: 0.0000, loss: 0.8097
2026-09-22 12:40:07,177 - mmdet - INFO - Epoch [18][1050/3488]	lr: 1.000e-03, eta: 3:32:57, time: 0.258, data_time: 0.043, memory: 8019, loss_cls: 0.3922, loss_bbox: 0.3723, loss_kps: 0.0000, loss: 0.7644
2026-09-22 12:40:19,545 - mmdet - INFO - Epoch [18][1100/3488]	lr: 1.000e-03, eta: 3:32:41, time: 0.247, data_time: 0.033, memory: 8019, loss_cls: 0.4097, loss_bbox: 0.3784, loss_kps: 0.0000, loss: 0.7881
2026-09-22 12:40:31,882 - mmdet - INFO - Epoch [18][1150/3488]	lr: 1.000e-03, eta: 3:32:25, time: 0.247, data_time: 0.033, memory: 8019, loss_cls: 0.4065, loss_bbox: 0.3731, loss_kps: 0.0000, loss: 0.7795
2026-09-22 12:40:44,819 - mmdet - INFO - Epoch [18][1200/3488]	lr: 1.000e-03, eta: 3:32:10, time: 0.259, data_time: 0.035, memory: 8019, loss_cls: 0.4076, loss_bbox: 0.3782, loss_kps: 0.0000, loss: 0.7859
2026-09-22 12:40:57,272 - mmdet - INFO - Epoch [18][1250/3488]	lr: 1.000e-03, eta: 3:31:54, time: 0.249, data_time: 0.035, memory: 8019, loss_cls: 0.4175, loss_bbox: 0.3832, loss_kps: 0.0000, loss: 0.8007
2026-09-22 12:41:09,774 - mmdet - INFO - Epoch [18][1300/3488]	lr: 1.000e-03, eta: 3:31:38, time: 0.250, data_time: 0.035, memory: 8019, loss_cls: 0.4106, loss_bbox: 0.3827, loss_kps: 0.0000, loss: 0.7934
2026-09-22 12:41:22,380 - mmdet - INFO - Epoch [18][1350/3488]	lr: 1.000e-03, eta: 3:31:22, time: 0.252, data_time: 0.034, memory: 8019, loss_cls: 0.4429, loss_bbox: 0.3828, loss_kps: 0.0000, loss: 0.8257
2026-09-22 12:41:35,123 - mmdet - INFO - Epoch [18][1400/3488]	lr: 1.000e-03, eta: 3:31:07, time: 0.255, data_time: 0.037, memory: 8019, loss_cls: 0.4000, loss_bbox: 0.3799, loss_kps: 0.0000, loss: 0.7798
2026-09-22 12:41:47,541 - mmdet - INFO - Epoch [18][1450/3488]	lr: 1.000e-03, eta: 3:30:51, time: 0.248, data_time: 0.034, memory: 8019, loss_cls: 0.4172, loss_bbox: 0.3795, loss_kps: 0.0000, loss: 0.7967
2026-09-22 12:42:00,068 - mmdet - INFO - Epoch [18][1500/3488]	lr: 1.000e-03, eta: 3:30:35, time: 0.251, data_time: 0.033, memory: 8019, loss_cls: 0.4205, loss_bbox: 0.3894, loss_kps: 0.0000, loss: 0.8099
2026-09-22 12:42:12,639 - mmdet - INFO - Epoch [18][1550/3488]	lr: 1.000e-03, eta: 3:30:19, time: 0.251, data_time: 0.033, memory: 8019, loss_cls: 0.4045, loss_bbox: 0.3690, loss_kps: 0.0000, loss: 0.7735
2026-09-22 12:42:25,165 - mmdet - INFO - Epoch [18][1600/3488]	lr: 1.000e-03, eta: 3:30:04, time: 0.251, data_time: 0.034, memory: 8019, loss_cls: 0.4221, loss_bbox: 0.3803, loss_kps: 0.0000, loss: 0.8024
2026-09-22 12:42:37,580 - mmdet - INFO - Epoch [18][1650/3488]	lr: 1.000e-03, eta: 3:29:48, time: 0.248, data_time: 0.034, memory: 8019, loss_cls: 0.4123, loss_bbox: 0.3711, loss_kps: 0.0000, loss: 0.7834
2026-09-22 12:42:50,226 - mmdet - INFO - Epoch [18][1700/3488]	lr: 1.000e-03, eta: 3:29:32, time: 0.253, data_time: 0.033, memory: 8019, loss_cls: 0.3902, loss_bbox: 0.3700, loss_kps: 0.0000, loss: 0.7602
2026-09-22 12:43:02,561 - mmdet - INFO - Epoch [18][1750/3488]	lr: 1.000e-03, eta: 3:29:16, time: 0.247, data_time: 0.032, memory: 8019, loss_cls: 0.4028, loss_bbox: 0.3739, loss_kps: 0.0000, loss: 0.7767
2026-09-22 12:43:15,269 - mmdet - INFO - Epoch [18][1800/3488]	lr: 1.000e-03, eta: 3:29:01, time: 0.254, data_time: 0.035, memory: 8019, loss_cls: 0.4224, loss_bbox: 0.3920, loss_kps: 0.0000, loss: 0.8144
2026-09-22 12:43:27,824 - mmdet - INFO - Epoch [18][1850/3488]	lr: 1.000e-03, eta: 3:28:45, time: 0.251, data_time: 0.031, memory: 8019, loss_cls: 0.4189, loss_bbox: 0.3872, loss_kps: 0.0000, loss: 0.8061
2026-09-22 12:43:40,466 - mmdet - INFO - Epoch [18][1900/3488]	lr: 1.000e-03, eta: 3:28:29, time: 0.253, data_time: 0.033, memory: 8019, loss_cls: 0.4084, loss_bbox: 0.3836, loss_kps: 0.0000, loss: 0.7920
2026-09-22 12:43:53,014 - mmdet - INFO - Epoch [18][1950/3488]	lr: 1.000e-03, eta: 3:28:14, time: 0.251, data_time: 0.032, memory: 8019, loss_cls: 0.4073, loss_bbox: 0.3774, loss_kps: 0.0000, loss: 0.7848
2026-09-22 12:44:05,567 - mmdet - INFO - Epoch [18][2000/3488]	lr: 1.000e-03, eta: 3:27:58, time: 0.251, data_time: 0.033, memory: 8019, loss_cls: 0.4015, loss_bbox: 0.3762, loss_kps: 0.0000, loss: 0.7777
2026-09-22 12:44:18,094 - mmdet - INFO - Epoch [18][2050/3488]	lr: 1.000e-03, eta: 3:27:42, time: 0.251, data_time: 0.032, memory: 8019, loss_cls: 0.4283, loss_bbox: 0.3938, loss_kps: 0.0000, loss: 0.8222
2026-09-22 12:44:30,601 - mmdet - INFO - Epoch [18][2100/3488]	lr: 1.000e-03, eta: 3:27:26, time: 0.250, data_time: 0.034, memory: 8019, loss_cls: 0.4248, loss_bbox: 0.3875, loss_kps: 0.0000, loss: 0.8123
2026-09-22 12:44:43,174 - mmdet - INFO - Epoch [18][2150/3488]	lr: 1.000e-03, eta: 3:27:11, time: 0.251, data_time: 0.033, memory: 8019, loss_cls: 0.3945, loss_bbox: 0.3749, loss_kps: 0.0000, loss: 0.7694
2026-09-22 12:44:56,428 - mmdet - INFO - Epoch [18][2200/3488]	lr: 1.000e-03, eta: 3:26:56, time: 0.265, data_time: 0.044, memory: 8019, loss_cls: 0.4085, loss_bbox: 0.3905, loss_kps: 0.0000, loss: 0.7990
2026-09-22 12:45:09,394 - mmdet - INFO - Epoch [18][2250/3488]	lr: 1.000e-03, eta: 3:26:40, time: 0.259, data_time: 0.033, memory: 8019, loss_cls: 0.4235, loss_bbox: 0.3824, loss_kps: 0.0000, loss: 0.8059
2026-09-22 12:45:21,905 - mmdet - INFO - Epoch [18][2300/3488]	lr: 1.000e-03, eta: 3:26:24, time: 0.250, data_time: 0.034, memory: 8019, loss_cls: 0.4013, loss_bbox: 0.3666, loss_kps: 0.0000, loss: 0.7679
2026-09-22 12:45:34,440 - mmdet - INFO - Epoch [18][2350/3488]	lr: 1.000e-03, eta: 3:26:09, time: 0.251, data_time: 0.032, memory: 8019, loss_cls: 0.4097, loss_bbox: 0.3669, loss_kps: 0.0000, loss: 0.7766
2026-09-22 12:45:47,033 - mmdet - INFO - Epoch [18][2400/3488]	lr: 1.000e-03, eta: 3:25:53, time: 0.252, data_time: 0.033, memory: 8019, loss_cls: 0.4111, loss_bbox: 0.3801, loss_kps: 0.0000, loss: 0.7912
2026-09-22 12:45:59,529 - mmdet - INFO - Epoch [18][2450/3488]	lr: 1.000e-03, eta: 3:25:37, time: 0.250, data_time: 0.033, memory: 8019, loss_cls: 0.3998, loss_bbox: 0.3823, loss_kps: 0.0000, loss: 0.7821
2026-09-22 12:46:12,192 - mmdet - INFO - Epoch [18][2500/3488]	lr: 1.000e-03, eta: 3:25:22, time: 0.253, data_time: 0.034, memory: 8019, loss_cls: 0.4152, loss_bbox: 0.3756, loss_kps: 0.0000, loss: 0.7908
2026-09-22 12:46:24,719 - mmdet - INFO - Epoch [18][2550/3488]	lr: 1.000e-03, eta: 3:25:06, time: 0.250, data_time: 0.035, memory: 8019, loss_cls: 0.4072, loss_bbox: 0.3765, loss_kps: 0.0000, loss: 0.7837
2026-09-22 12:46:37,400 - mmdet - INFO - Epoch [18][2600/3488]	lr: 1.000e-03, eta: 3:24:51, time: 0.254, data_time: 0.034, memory: 8019, loss_cls: 0.4056, loss_bbox: 0.3892, loss_kps: 0.0000, loss: 0.7948
2026-09-22 12:46:49,703 - mmdet - INFO - Epoch [18][2650/3488]	lr: 1.000e-03, eta: 3:24:35, time: 0.246, data_time: 0.033, memory: 8019, loss_cls: 0.4252, loss_bbox: 0.3775, loss_kps: 0.0000, loss: 0.8028
2026-09-22 12:47:02,077 - mmdet - INFO - Epoch [18][2700/3488]	lr: 1.000e-03, eta: 3:24:19, time: 0.247, data_time: 0.032, memory: 8019, loss_cls: 0.3942, loss_bbox: 0.3704, loss_kps: 0.0000, loss: 0.7646
2026-09-22 12:47:14,704 - mmdet - INFO - Epoch [18][2750/3488]	lr: 1.000e-03, eta: 3:24:04, time: 0.253, data_time: 0.035, memory: 8019, loss_cls: 0.4061, loss_bbox: 0.3730, loss_kps: 0.0000, loss: 0.7791
2026-09-22 12:47:28,055 - mmdet - INFO - Epoch [18][2800/3488]	lr: 1.000e-03, eta: 3:23:48, time: 0.267, data_time: 0.030, memory: 8019, loss_cls: 0.3996, loss_bbox: 0.3769, loss_kps: 0.0000, loss: 0.7764
2026-09-22 12:47:40,636 - mmdet - INFO - Epoch [18][2850/3488]	lr: 1.000e-03, eta: 3:23:33, time: 0.252, data_time: 0.031, memory: 8019, loss_cls: 0.4077, loss_bbox: 0.3829, loss_kps: 0.0000, loss: 0.7907
2026-09-22 12:47:53,716 - mmdet - INFO - Epoch [18][2900/3488]	lr: 1.000e-03, eta: 3:23:18, time: 0.262, data_time: 0.033, memory: 8019, loss_cls: 0.4279, loss_bbox: 0.3795, loss_kps: 0.0000, loss: 0.8074
2026-09-22 12:48:06,287 - mmdet - INFO - Epoch [18][2950/3488]	lr: 1.000e-03, eta: 3:23:02, time: 0.251, data_time: 0.031, memory: 8019, loss_cls: 0.4066, loss_bbox: 0.3816, loss_kps: 0.0000, loss: 0.7883
2026-09-22 12:48:19,021 - mmdet - INFO - Epoch [18][3000/3488]	lr: 1.000e-03, eta: 3:22:47, time: 0.255, data_time: 0.033, memory: 8019, loss_cls: 0.4135, loss_bbox: 0.3775, loss_kps: 0.0000, loss: 0.7910
2026-09-22 12:48:31,539 - mmdet - INFO - Epoch [18][3050/3488]	lr: 1.000e-03, eta: 3:22:31, time: 0.250, data_time: 0.034, memory: 8019, loss_cls: 0.4279, loss_bbox: 0.3731, loss_kps: 0.0000, loss: 0.8010
2026-09-22 12:48:44,256 - mmdet - INFO - Epoch [18][3100/3488]	lr: 1.000e-03, eta: 3:22:15, time: 0.254, data_time: 0.035, memory: 8019, loss_cls: 0.4003, loss_bbox: 0.3661, loss_kps: 0.0000, loss: 0.7663
2026-09-22 12:48:57,120 - mmdet - INFO - Epoch [18][3150/3488]	lr: 1.000e-03, eta: 3:22:00, time: 0.257, data_time: 0.044, memory: 8019, loss_cls: 0.4230, loss_bbox: 0.3788, loss_kps: 0.0000, loss: 0.8018
2026-09-22 12:49:09,731 - mmdet - INFO - Epoch [18][3200/3488]	lr: 1.000e-03, eta: 3:21:44, time: 0.252, data_time: 0.033, memory: 8019, loss_cls: 0.4143, loss_bbox: 0.3883, loss_kps: 0.0000, loss: 0.8026
2026-09-22 12:49:22,146 - mmdet - INFO - Epoch [18][3250/3488]	lr: 1.000e-03, eta: 3:21:29, time: 0.248, data_time: 0.033, memory: 8019, loss_cls: 0.4044, loss_bbox: 0.3722, loss_kps: 0.0000, loss: 0.7766
2026-09-22 12:49:34,735 - mmdet - INFO - Epoch [18][3300/3488]	lr: 1.000e-03, eta: 3:21:13, time: 0.252, data_time: 0.035, memory: 8019, loss_cls: 0.4106, loss_bbox: 0.3908, loss_kps: 0.0000, loss: 0.8013
2026-09-22 12:49:47,342 - mmdet - INFO - Epoch [18][3350/3488]	lr: 1.000e-03, eta: 3:20:58, time: 0.252, data_time: 0.034, memory: 8019, loss_cls: 0.4269, loss_bbox: 0.3744, loss_kps: 0.0000, loss: 0.8013
2026-09-22 12:49:59,654 - mmdet - INFO - Epoch [18][3400/3488]	lr: 1.000e-03, eta: 3:20:42, time: 0.246, data_time: 0.034, memory: 8019, loss_cls: 0.4054, loss_bbox: 0.3794, loss_kps: 0.0000, loss: 0.7848
2026-09-22 12:50:12,256 - mmdet - INFO - Epoch [18][3450/3488]	lr: 1.000e-03, eta: 3:20:26, time: 0.252, data_time: 0.035, memory: 8019, loss_cls: 0.4263, loss_bbox: 0.3871, loss_kps: 0.0000, loss: 0.8134
2026-09-22 12:50:21,451 - mmdet - INFO - Saving checkpoint at 18 epochs
2026-09-22 12:50:41,474 - mmdet - INFO - Epoch [19][50/3488]	lr: 1.000e-03, eta: 3:19:58, time: 0.396, data_time: 0.168, memory: 8019, loss_cls: 0.3999, loss_bbox: 0.3800, loss_kps: 0.0000, loss: 0.7799
2026-09-22 12:50:53,858 - mmdet - INFO - Epoch [19][100/3488]	lr: 1.000e-03, eta: 3:19:42, time: 0.248, data_time: 0.034, memory: 8019, loss_cls: 0.4062, loss_bbox: 0.3856, loss_kps: 0.0000, loss: 0.7918
2026-09-22 12:51:06,527 - mmdet - INFO - Epoch [19][150/3488]	lr: 1.000e-03, eta: 3:19:26, time: 0.253, data_time: 0.037, memory: 8019, loss_cls: 0.3988, loss_bbox: 0.3690, loss_kps: 0.0000, loss: 0.7678
2026-09-22 12:51:18,965 - mmdet - INFO - Epoch [19][200/3488]	lr: 1.000e-03, eta: 3:19:11, time: 0.249, data_time: 0.035, memory: 8019, loss_cls: 0.4163, loss_bbox: 0.3835, loss_kps: 0.0000, loss: 0.7998
2026-09-22 12:51:31,678 - mmdet - INFO - Epoch [19][250/3488]	lr: 1.000e-03, eta: 3:18:55, time: 0.254, data_time: 0.035, memory: 8019, loss_cls: 0.4209, loss_bbox: 0.3934, loss_kps: 0.0000, loss: 0.8143
2026-09-22 12:51:44,117 - mmdet - INFO - Epoch [19][300/3488]	lr: 1.000e-03, eta: 3:18:40, time: 0.249, data_time: 0.034, memory: 8019, loss_cls: 0.4109, loss_bbox: 0.3932, loss_kps: 0.0000, loss: 0.8041
2026-09-22 12:51:56,507 - mmdet - INFO - Epoch [19][350/3488]	lr: 1.000e-03, eta: 3:18:24, time: 0.248, data_time: 0.034, memory: 8019, loss_cls: 0.4172, loss_bbox: 0.3875, loss_kps: 0.0000, loss: 0.8047
2026-09-22 12:52:08,946 - mmdet - INFO - Epoch [19][400/3488]	lr: 1.000e-03, eta: 3:18:09, time: 0.249, data_time: 0.033, memory: 8019, loss_cls: 0.3970, loss_bbox: 0.3751, loss_kps: 0.0000, loss: 0.7721
2026-09-22 12:52:21,556 - mmdet - INFO - Epoch [19][450/3488]	lr: 1.000e-03, eta: 3:17:53, time: 0.252, data_time: 0.035, memory: 8019, loss_cls: 0.3997, loss_bbox: 0.3733, loss_kps: 0.0000, loss: 0.7729
2026-09-22 12:52:33,974 - mmdet - INFO - Epoch [19][500/3488]	lr: 1.000e-03, eta: 3:17:38, time: 0.248, data_time: 0.036, memory: 8019, loss_cls: 0.4069, loss_bbox: 0.3720, loss_kps: 0.0000, loss: 0.7789
2026-09-22 12:52:46,699 - mmdet - INFO - Epoch [19][550/3488]	lr: 1.000e-03, eta: 3:17:22, time: 0.255, data_time: 0.044, memory: 8019, loss_cls: 0.4022, loss_bbox: 0.3691, loss_kps: 0.0000, loss: 0.7713
2026-09-22 12:52:59,161 - mmdet - INFO - Epoch [19][600/3488]	lr: 1.000e-03, eta: 3:17:07, time: 0.249, data_time: 0.035, memory: 8019, loss_cls: 0.4263, loss_bbox: 0.3790, loss_kps: 0.0000, loss: 0.8052
2026-09-22 12:53:11,502 - mmdet - INFO - Epoch [19][650/3488]	lr: 1.000e-03, eta: 3:16:51, time: 0.247, data_time: 0.033, memory: 8019, loss_cls: 0.4157, loss_bbox: 0.3840, loss_kps: 0.0000, loss: 0.7997
2026-09-22 12:53:23,879 - mmdet - INFO - Epoch [19][700/3488]	lr: 1.000e-03, eta: 3:16:35, time: 0.248, data_time: 0.035, memory: 8019, loss_cls: 0.4046, loss_bbox: 0.3722, loss_kps: 0.0000, loss: 0.7768
2026-09-22 12:53:36,403 - mmdet - INFO - Epoch [19][750/3488]	lr: 1.000e-03, eta: 3:16:20, time: 0.250, data_time: 0.033, memory: 8019, loss_cls: 0.4089, loss_bbox: 0.3783, loss_kps: 0.0000, loss: 0.7872
2026-09-22 12:53:48,823 - mmdet - INFO - Epoch [19][800/3488]	lr: 1.000e-03, eta: 3:16:04, time: 0.249, data_time: 0.034, memory: 8019, loss_cls: 0.4082, loss_bbox: 0.3739, loss_kps: 0.0000, loss: 0.7822
2026-09-22 12:54:01,114 - mmdet - INFO - Epoch [19][850/3488]	lr: 1.000e-03, eta: 3:15:49, time: 0.246, data_time: 0.034, memory: 8019, loss_cls: 0.4160, loss_bbox: 0.3813, loss_kps: 0.0000, loss: 0.7973
2026-09-22 12:54:13,684 - mmdet - INFO - Epoch [19][900/3488]	lr: 1.000e-03, eta: 3:15:33, time: 0.251, data_time: 0.034, memory: 8019, loss_cls: 0.4300, loss_bbox: 0.3874, loss_kps: 0.0000, loss: 0.8175
2026-09-22 12:54:26,036 - mmdet - INFO - Epoch [19][950/3488]	lr: 1.000e-03, eta: 3:15:18, time: 0.247, data_time: 0.034, memory: 8019, loss_cls: 0.4336, loss_bbox: 0.3846, loss_kps: 0.0000, loss: 0.8182
2026-09-22 12:54:38,420 - mmdet - INFO - Epoch [19][1000/3488]	lr: 1.000e-03, eta: 3:15:02, time: 0.247, data_time: 0.035, memory: 8019, loss_cls: 0.4094, loss_bbox: 0.3857, loss_kps: 0.0000, loss: 0.7952
2026-09-22 12:54:50,931 - mmdet - INFO - Epoch [19][1050/3488]	lr: 1.000e-03, eta: 3:14:47, time: 0.250, data_time: 0.034, memory: 8019, loss_cls: 0.4187, loss_bbox: 0.3876, loss_kps: 0.0000, loss: 0.8063
2026-09-22 12:55:03,605 - mmdet - INFO - Epoch [19][1100/3488]	lr: 1.000e-03, eta: 3:14:31, time: 0.254, data_time: 0.034, memory: 8019, loss_cls: 0.4459, loss_bbox: 0.3983, loss_kps: 0.0000, loss: 0.8442
2026-09-22 12:55:16,037 - mmdet - INFO - Epoch [19][1150/3488]	lr: 1.000e-03, eta: 3:14:16, time: 0.249, data_time: 0.033, memory: 8019, loss_cls: 0.4070, loss_bbox: 0.3780, loss_kps: 0.0000, loss: 0.7850
2026-09-22 12:55:28,448 - mmdet - INFO - Epoch [19][1200/3488]	lr: 1.000e-03, eta: 3:14:00, time: 0.248, data_time: 0.033, memory: 8019, loss_cls: 0.3989, loss_bbox: 0.3668, loss_kps: 0.0000, loss: 0.7657
2026-09-22 12:55:41,233 - mmdet - INFO - Epoch [19][1250/3488]	lr: 1.000e-03, eta: 3:13:45, time: 0.256, data_time: 0.034, memory: 8019, loss_cls: 0.4024, loss_bbox: 0.3779, loss_kps: 0.0000, loss: 0.7804
2026-09-22 12:55:53,693 - mmdet - INFO - Epoch [19][1300/3488]	lr: 1.000e-03, eta: 3:13:29, time: 0.249, data_time: 0.033, memory: 8019, loss_cls: 0.4129, loss_bbox: 0.3846, loss_kps: 0.0000, loss: 0.7975
2026-09-22 12:56:06,239 - mmdet - INFO - Epoch [19][1350/3488]	lr: 1.000e-03, eta: 3:13:14, time: 0.251, data_time: 0.035, memory: 8019, loss_cls: 0.4112, loss_bbox: 0.3797, loss_kps: 0.0000, loss: 0.7909
2026-09-22 12:56:18,778 - mmdet - INFO - Epoch [19][1400/3488]	lr: 1.000e-03, eta: 3:12:59, time: 0.251, data_time: 0.033, memory: 8019, loss_cls: 0.4232, loss_bbox: 0.3836, loss_kps: 0.0000, loss: 0.8068
2026-09-22 12:56:31,062 - mmdet - INFO - Epoch [19][1450/3488]	lr: 1.000e-03, eta: 3:12:43, time: 0.246, data_time: 0.033, memory: 8019, loss_cls: 0.4027, loss_bbox: 0.3679, loss_kps: 0.0000, loss: 0.7707
2026-09-22 12:56:43,280 - mmdet - INFO - Epoch [19][1500/3488]	lr: 1.000e-03, eta: 3:12:27, time: 0.244, data_time: 0.033, memory: 8019, loss_cls: 0.3987, loss_bbox: 0.3876, loss_kps: 0.0000, loss: 0.7863
2026-09-22 12:56:56,033 - mmdet - INFO - Epoch [19][1550/3488]	lr: 1.000e-03, eta: 3:12:12, time: 0.255, data_time: 0.042, memory: 8019, loss_cls: 0.4071, loss_bbox: 0.3812, loss_kps: 0.0000, loss: 0.7883
2026-09-22 12:57:08,661 - mmdet - INFO - Epoch [19][1600/3488]	lr: 1.000e-03, eta: 3:11:57, time: 0.253, data_time: 0.033, memory: 8019, loss_cls: 0.3992, loss_bbox: 0.3725, loss_kps: 0.0000, loss: 0.7717
2026-09-22 12:57:21,254 - mmdet - INFO - Epoch [19][1650/3488]	lr: 1.000e-03, eta: 3:11:41, time: 0.252, data_time: 0.035, memory: 8019, loss_cls: 0.4055, loss_bbox: 0.3750, loss_kps: 0.0000, loss: 0.7804
2026-09-22 12:57:33,848 - mmdet - INFO - Epoch [19][1700/3488]	lr: 1.000e-03, eta: 3:11:26, time: 0.252, data_time: 0.035, memory: 8019, loss_cls: 0.4230, loss_bbox: 0.3797, loss_kps: 0.0000, loss: 0.8027
2026-09-22 12:57:46,260 - mmdet - INFO - Epoch [19][1750/3488]	lr: 1.000e-03, eta: 3:11:10, time: 0.248, data_time: 0.033, memory: 8019, loss_cls: 0.3973, loss_bbox: 0.3784, loss_kps: 0.0000, loss: 0.7757
2026-09-22 12:57:58,884 - mmdet - INFO - Epoch [19][1800/3488]	lr: 1.000e-03, eta: 3:10:55, time: 0.252, data_time: 0.033, memory: 8019, loss_cls: 0.4213, loss_bbox: 0.3775, loss_kps: 0.0000, loss: 0.7988
2026-09-22 12:58:11,352 - mmdet - INFO - Epoch [19][1850/3488]	lr: 1.000e-03, eta: 3:10:40, time: 0.249, data_time: 0.035, memory: 8019, loss_cls: 0.4196, loss_bbox: 0.3827, loss_kps: 0.0000, loss: 0.8023
2026-09-22 12:58:24,019 - mmdet - INFO - Epoch [19][1900/3488]	lr: 1.000e-03, eta: 3:10:24, time: 0.253, data_time: 0.035, memory: 8019, loss_cls: 0.4061, loss_bbox: 0.3679, loss_kps: 0.0000, loss: 0.7740
2026-09-22 12:58:36,437 - mmdet - INFO - Epoch [19][1950/3488]	lr: 1.000e-03, eta: 3:10:09, time: 0.248, data_time: 0.034, memory: 8019, loss_cls: 0.4002, loss_bbox: 0.3710, loss_kps: 0.0000, loss: 0.7713
2026-09-22 12:58:49,132 - mmdet - INFO - Epoch [19][2000/3488]	lr: 1.000e-03, eta: 3:09:54, time: 0.254, data_time: 0.035, memory: 8019, loss_cls: 0.3902, loss_bbox: 0.3798, loss_kps: 0.0000, loss: 0.7700
2026-09-22 12:59:01,707 - mmdet - INFO - Epoch [19][2050/3488]	lr: 1.000e-03, eta: 3:09:38, time: 0.252, data_time: 0.036, memory: 8019, loss_cls: 0.4284, loss_bbox: 0.3871, loss_kps: 0.0000, loss: 0.8155
2026-09-22 12:59:14,295 - mmdet - INFO - Epoch [19][2100/3488]	lr: 1.000e-03, eta: 3:09:23, time: 0.252, data_time: 0.032, memory: 8019, loss_cls: 0.4250, loss_bbox: 0.3859, loss_kps: 0.0000, loss: 0.8109
2026-09-22 12:59:26,637 - mmdet - INFO - Epoch [19][2150/3488]	lr: 1.000e-03, eta: 3:09:07, time: 0.247, data_time: 0.034, memory: 8019, loss_cls: 0.4065, loss_bbox: 0.3815, loss_kps: 0.0000, loss: 0.7880
2026-09-22 12:59:39,339 - mmdet - INFO - Epoch [19][2200/3488]	lr: 1.000e-03, eta: 3:08:52, time: 0.254, data_time: 0.036, memory: 8019, loss_cls: 0.4088, loss_bbox: 0.3859, loss_kps: 0.0000, loss: 0.7948
2026-09-22 12:59:51,863 - mmdet - INFO - Epoch [19][2250/3488]	lr: 1.000e-03, eta: 3:08:37, time: 0.251, data_time: 0.035, memory: 8019, loss_cls: 0.4211, loss_bbox: 0.3869, loss_kps: 0.0000, loss: 0.8080
2026-09-22 13:00:04,477 - mmdet - INFO - Epoch [19][2300/3488]	lr: 1.000e-03, eta: 3:08:22, time: 0.252, data_time: 0.035, memory: 8019, loss_cls: 0.4146, loss_bbox: 0.3772, loss_kps: 0.0000, loss: 0.7919
2026-09-22 13:00:17,393 - mmdet - INFO - Epoch [19][2350/3488]	lr: 1.000e-03, eta: 3:08:06, time: 0.258, data_time: 0.033, memory: 8019, loss_cls: 0.3991, loss_bbox: 0.3771, loss_kps: 0.0000, loss: 0.7762
2026-09-22 13:00:29,810 - mmdet - INFO - Epoch [19][2400/3488]	lr: 1.000e-03, eta: 3:07:51, time: 0.249, data_time: 0.034, memory: 8019, loss_cls: 0.4251, loss_bbox: 0.3925, loss_kps: 0.0000, loss: 0.8176
2026-09-22 13:00:42,316 - mmdet - INFO - Epoch [19][2450/3488]	lr: 1.000e-03, eta: 3:07:36, time: 0.250, data_time: 0.034, memory: 8019, loss_cls: 0.4051, loss_bbox: 0.3717, loss_kps: 0.0000, loss: 0.7768
2026-09-22 13:00:54,776 - mmdet - INFO - Epoch [19][2500/3488]	lr: 1.000e-03, eta: 3:07:20, time: 0.249, data_time: 0.035, memory: 8019, loss_cls: 0.4027, loss_bbox: 0.3870, loss_kps: 0.0000, loss: 0.7897
2026-09-22 13:01:06,993 - mmdet - INFO - Epoch [19][2550/3488]	lr: 1.000e-03, eta: 3:07:05, time: 0.244, data_time: 0.034, memory: 8019, loss_cls: 0.4116, loss_bbox: 0.3729, loss_kps: 0.0000, loss: 0.7845
2026-09-22 13:01:19,810 - mmdet - INFO - Epoch [19][2600/3488]	lr: 1.000e-03, eta: 3:06:50, time: 0.256, data_time: 0.034, memory: 8019, loss_cls: 0.4096, loss_bbox: 0.3808, loss_kps: 0.0000, loss: 0.7904
2026-09-22 13:01:32,626 - mmdet - INFO - Epoch [19][2650/3488]	lr: 1.000e-03, eta: 3:06:34, time: 0.256, data_time: 0.043, memory: 8019, loss_cls: 0.4230, loss_bbox: 0.3838, loss_kps: 0.0000, loss: 0.8068
2026-09-22 13:01:45,229 - mmdet - INFO - Epoch [19][2700/3488]	lr: 1.000e-03, eta: 3:06:19, time: 0.252, data_time: 0.034, memory: 8019, loss_cls: 0.4075, loss_bbox: 0.3707, loss_kps: 0.0000, loss: 0.7783
2026-09-22 13:01:57,599 - mmdet - INFO - Epoch [19][2750/3488]	lr: 1.000e-03, eta: 3:06:04, time: 0.247, data_time: 0.034, memory: 8019, loss_cls: 0.4076, loss_bbox: 0.3806, loss_kps: 0.0000, loss: 0.7881
2026-09-22 13:02:10,134 - mmdet - INFO - Epoch [19][2800/3488]	lr: 1.000e-03, eta: 3:05:48, time: 0.251, data_time: 0.034, memory: 8019, loss_cls: 0.3993, loss_bbox: 0.3909, loss_kps: 0.0000, loss: 0.7902
2026-09-22 13:02:23,028 - mmdet - INFO - Epoch [19][2850/3488]	lr: 1.000e-03, eta: 3:05:33, time: 0.258, data_time: 0.035, memory: 8019, loss_cls: 0.4118, loss_bbox: 0.3891, loss_kps: 0.0000, loss: 0.8009
2026-09-22 13:02:35,562 - mmdet - INFO - Epoch [19][2900/3488]	lr: 1.000e-03, eta: 3:05:18, time: 0.251, data_time: 0.034, memory: 8019, loss_cls: 0.4103, loss_bbox: 0.3775, loss_kps: 0.0000, loss: 0.7878
2026-09-22 13:02:48,197 - mmdet - INFO - Epoch [19][2950/3488]	lr: 1.000e-03, eta: 3:05:03, time: 0.253, data_time: 0.034, memory: 8019, loss_cls: 0.4152, loss_bbox: 0.3859, loss_kps: 0.0000, loss: 0.8011
2026-09-22 13:03:00,829 - mmdet - INFO - Epoch [19][3000/3488]	lr: 1.000e-03, eta: 3:04:48, time: 0.253, data_time: 0.034, memory: 8019, loss_cls: 0.4237, loss_bbox: 0.3774, loss_kps: 0.0000, loss: 0.8011
2026-09-22 13:03:13,333 - mmdet - INFO - Epoch [19][3050/3488]	lr: 1.000e-03, eta: 3:04:32, time: 0.250, data_time: 0.035, memory: 8019, loss_cls: 0.4128, loss_bbox: 0.3840, loss_kps: 0.0000, loss: 0.7968
2026-09-22 13:03:25,658 - mmdet - INFO - Epoch [19][3100/3488]	lr: 1.000e-03, eta: 3:04:17, time: 0.246, data_time: 0.032, memory: 8019, loss_cls: 0.4094, loss_bbox: 0.3713, loss_kps: 0.0000, loss: 0.7808
2026-09-22 13:03:38,173 - mmdet - INFO - Epoch [19][3150/3488]	lr: 1.000e-03, eta: 3:04:02, time: 0.250, data_time: 0.035, memory: 8019, loss_cls: 0.4229, loss_bbox: 0.3814, loss_kps: 0.0000, loss: 0.8043
2026-09-22 13:03:50,719 - mmdet - INFO - Epoch [19][3200/3488]	lr: 1.000e-03, eta: 3:03:46, time: 0.251, data_time: 0.034, memory: 8019, loss_cls: 0.4244, loss_bbox: 0.3856, loss_kps: 0.0000, loss: 0.8100
2026-09-22 13:04:03,287 - mmdet - INFO - Epoch [19][3250/3488]	lr: 1.000e-03, eta: 3:03:31, time: 0.251, data_time: 0.034, memory: 8019, loss_cls: 0.4152, loss_bbox: 0.3896, loss_kps: 0.0000, loss: 0.8048
2026-09-22 13:04:15,749 - mmdet - INFO - Epoch [19][3300/3488]	lr: 1.000e-03, eta: 3:03:16, time: 0.249, data_time: 0.032, memory: 8019, loss_cls: 0.3938, loss_bbox: 0.3699, loss_kps: 0.0000, loss: 0.7637
2026-09-22 13:04:28,315 - mmdet - INFO - Epoch [19][3350/3488]	lr: 1.000e-03, eta: 3:03:00, time: 0.251, data_time: 0.032, memory: 8019, loss_cls: 0.3992, loss_bbox: 0.3724, loss_kps: 0.0000, loss: 0.7716
2026-09-22 13:04:41,288 - mmdet - INFO - Epoch [19][3400/3488]	lr: 1.000e-03, eta: 3:02:45, time: 0.259, data_time: 0.032, memory: 8019, loss_cls: 0.4055, loss_bbox: 0.3786, loss_kps: 0.0000, loss: 0.7842
2026-09-22 13:04:54,058 - mmdet - INFO - Epoch [19][3450/3488]	lr: 1.000e-03, eta: 3:02:30, time: 0.255, data_time: 0.036, memory: 8019, loss_cls: 0.4134, loss_bbox: 0.3860, loss_kps: 0.0000, loss: 0.7994
2026-09-22 13:05:02,971 - mmdet - INFO - Saving checkpoint at 19 epochs
2026-09-22 13:05:23,347 - mmdet - INFO - Epoch [20][50/3488]	lr: 1.000e-03, eta: 3:02:02, time: 0.403, data_time: 0.173, memory: 8019, loss_cls: 0.4111, loss_bbox: 0.3854, loss_kps: 0.0000, loss: 0.7965
2026-09-22 13:05:35,895 - mmdet - INFO - Epoch [20][100/3488]	lr: 1.000e-03, eta: 3:01:47, time: 0.251, data_time: 0.036, memory: 8019, loss_cls: 0.4192, loss_bbox: 0.3819, loss_kps: 0.0000, loss: 0.8011
2026-09-22 13:05:48,483 - mmdet - INFO - Epoch [20][150/3488]	lr: 1.000e-03, eta: 3:01:32, time: 0.252, data_time: 0.035, memory: 8019, loss_cls: 0.4395, loss_bbox: 0.3775, loss_kps: 0.0000, loss: 0.8170
2026-09-22 13:06:01,419 - mmdet - INFO - Epoch [20][200/3488]	lr: 1.000e-03, eta: 3:01:17, time: 0.259, data_time: 0.045, memory: 8019, loss_cls: 0.4020, loss_bbox: 0.3751, loss_kps: 0.0000, loss: 0.7771
2026-09-22 13:06:14,064 - mmdet - INFO - Epoch [20][250/3488]	lr: 1.000e-03, eta: 3:01:02, time: 0.253, data_time: 0.037, memory: 8019, loss_cls: 0.4014, loss_bbox: 0.3684, loss_kps: 0.0000, loss: 0.7698
2026-09-22 13:06:26,719 - mmdet - INFO - Epoch [20][300/3488]	lr: 1.000e-03, eta: 3:00:47, time: 0.253, data_time: 0.033, memory: 8019, loss_cls: 0.4114, loss_bbox: 0.3857, loss_kps: 0.0000, loss: 0.7970
2026-09-22 13:06:39,377 - mmdet - INFO - Epoch [20][350/3488]	lr: 1.000e-03, eta: 3:00:31, time: 0.253, data_time: 0.037, memory: 8019, loss_cls: 0.4166, loss_bbox: 0.3823, loss_kps: 0.0000, loss: 0.7989
2026-09-22 13:06:51,833 - mmdet - INFO - Epoch [20][400/3488]	lr: 1.000e-03, eta: 3:00:16, time: 0.249, data_time: 0.034, memory: 8019, loss_cls: 0.3997, loss_bbox: 0.3753, loss_kps: 0.0000, loss: 0.7750
2026-09-22 13:07:04,158 - mmdet - INFO - Epoch [20][450/3488]	lr: 1.000e-03, eta: 3:00:01, time: 0.246, data_time: 0.036, memory: 8019, loss_cls: 0.4162, loss_bbox: 0.3841, loss_kps: 0.0000, loss: 0.8003
2026-09-22 13:07:16,743 - mmdet - INFO - Epoch [20][500/3488]	lr: 1.000e-03, eta: 2:59:46, time: 0.252, data_time: 0.035, memory: 8019, loss_cls: 0.4224, loss_bbox: 0.3808, loss_kps: 0.0000, loss: 0.8031
2026-09-22 13:07:29,120 - mmdet - INFO - Epoch [20][550/3488]	lr: 1.000e-03, eta: 2:59:30, time: 0.248, data_time: 0.034, memory: 8019, loss_cls: 0.3929, loss_bbox: 0.3671, loss_kps: 0.0000, loss: 0.7600
2026-09-22 13:07:41,716 - mmdet - INFO - Epoch [20][600/3488]	lr: 1.000e-03, eta: 2:59:15, time: 0.252, data_time: 0.035, memory: 8019, loss_cls: 0.4011, loss_bbox: 0.3838, loss_kps: 0.0000, loss: 0.7849
2026-09-22 13:07:54,112 - mmdet - INFO - Epoch [20][650/3488]	lr: 1.000e-03, eta: 2:59:00, time: 0.248, data_time: 0.036, memory: 8019, loss_cls: 0.4098, loss_bbox: 0.3808, loss_kps: 0.0000, loss: 0.7906
2026-09-22 13:08:06,644 - mmdet - INFO - Epoch [20][700/3488]	lr: 1.000e-03, eta: 2:58:45, time: 0.251, data_time: 0.036, memory: 8019, loss_cls: 0.4224, loss_bbox: 0.3828, loss_kps: 0.0000, loss: 0.8052
2026-09-22 13:08:19,160 - mmdet - INFO - Epoch [20][750/3488]	lr: 1.000e-03, eta: 2:58:30, time: 0.250, data_time: 0.035, memory: 8019, loss_cls: 0.4031, loss_bbox: 0.3729, loss_kps: 0.0000, loss: 0.7760
2026-09-22 13:08:31,907 - mmdet - INFO - Epoch [20][800/3488]	lr: 1.000e-03, eta: 2:58:14, time: 0.255, data_time: 0.039, memory: 8019, loss_cls: 0.4067, loss_bbox: 0.3782, loss_kps: 0.0000, loss: 0.7849
2026-09-22 13:08:44,521 - mmdet - INFO - Epoch [20][850/3488]	lr: 1.000e-03, eta: 2:57:59, time: 0.252, data_time: 0.032, memory: 8019, loss_cls: 0.4082, loss_bbox: 0.3843, loss_kps: 0.0000, loss: 0.7925
2026-09-22 13:08:57,421 - mmdet - INFO - Epoch [20][900/3488]	lr: 1.000e-03, eta: 2:57:44, time: 0.258, data_time: 0.034, memory: 8019, loss_cls: 0.4284, loss_bbox: 0.3872, loss_kps: 0.0000, loss: 0.8156
2026-09-22 13:09:10,142 - mmdet - INFO - Epoch [20][950/3488]	lr: 1.000e-03, eta: 2:57:29, time: 0.254, data_time: 0.039, memory: 8019, loss_cls: 0.4046, loss_bbox: 0.3775, loss_kps: 0.0000, loss: 0.7821
2026-09-22 13:09:22,816 - mmdet - INFO - Epoch [20][1000/3488]	lr: 1.000e-03, eta: 2:57:14, time: 0.254, data_time: 0.033, memory: 8019, loss_cls: 0.4173, loss_bbox: 0.3796, loss_kps: 0.0000, loss: 0.7968
2026-09-22 13:09:35,210 - mmdet - INFO - Epoch [20][1050/3488]	lr: 1.000e-03, eta: 2:56:59, time: 0.248, data_time: 0.033, memory: 8019, loss_cls: 0.4123, loss_bbox: 0.3730, loss_kps: 0.0000, loss: 0.7852
2026-09-22 13:09:47,706 - mmdet - INFO - Epoch [20][1100/3488]	lr: 1.000e-03, eta: 2:56:44, time: 0.250, data_time: 0.034, memory: 8019, loss_cls: 0.4133, loss_bbox: 0.3832, loss_kps: 0.0000, loss: 0.7966
2026-09-22 13:10:00,368 - mmdet - INFO - Epoch [20][1150/3488]	lr: 1.000e-03, eta: 2:56:29, time: 0.253, data_time: 0.037, memory: 8019, loss_cls: 0.3944, loss_bbox: 0.3721, loss_kps: 0.0000, loss: 0.7665
2026-09-22 13:10:13,161 - mmdet - INFO - Epoch [20][1200/3488]	lr: 1.000e-03, eta: 2:56:14, time: 0.256, data_time: 0.036, memory: 8019, loss_cls: 0.4041, loss_bbox: 0.3797, loss_kps: 0.0000, loss: 0.7838
2026-09-22 13:10:26,105 - mmdet - INFO - Epoch [20][1250/3488]	lr: 1.000e-03, eta: 2:55:59, time: 0.259, data_time: 0.044, memory: 8019, loss_cls: 0.3927, loss_bbox: 0.3656, loss_kps: 0.0000, loss: 0.7583
2026-09-22 13:10:38,759 - mmdet - INFO - Epoch [20][1300/3488]	lr: 1.000e-03, eta: 2:55:44, time: 0.253, data_time: 0.035, memory: 8019, loss_cls: 0.4105, loss_bbox: 0.3691, loss_kps: 0.0000, loss: 0.7796
2026-09-22 13:10:51,419 - mmdet - INFO - Epoch [20][1350/3488]	lr: 1.000e-03, eta: 2:55:29, time: 0.253, data_time: 0.036, memory: 8019, loss_cls: 0.4061, loss_bbox: 0.3835, loss_kps: 0.0000, loss: 0.7897
2026-09-22 13:11:03,947 - mmdet - INFO - Epoch [20][1400/3488]	lr: 1.000e-03, eta: 2:55:13, time: 0.250, data_time: 0.033, memory: 8019, loss_cls: 0.4117, loss_bbox: 0.3816, loss_kps: 0.0000, loss: 0.7933
2026-09-22 13:11:16,382 - mmdet - INFO - Epoch [20][1450/3488]	lr: 1.000e-03, eta: 2:54:58, time: 0.249, data_time: 0.034, memory: 8019, loss_cls: 0.3957, loss_bbox: 0.3600, loss_kps: 0.0000, loss: 0.7557
2026-09-22 13:11:29,037 - mmdet - INFO - Epoch [20][1500/3488]	lr: 1.000e-03, eta: 2:54:43, time: 0.253, data_time: 0.035, memory: 8019, loss_cls: 0.3975, loss_bbox: 0.3773, loss_kps: 0.0000, loss: 0.7747
2026-09-22 13:11:41,463 - mmdet - INFO - Epoch [20][1550/3488]	lr: 1.000e-03, eta: 2:54:28, time: 0.248, data_time: 0.034, memory: 8019, loss_cls: 0.4295, loss_bbox: 0.3822, loss_kps: 0.0000, loss: 0.8117
2026-09-22 13:11:54,229 - mmdet - INFO - Epoch [20][1600/3488]	lr: 1.000e-03, eta: 2:54:13, time: 0.255, data_time: 0.034, memory: 8019, loss_cls: 0.3985, loss_bbox: 0.3748, loss_kps: 0.0000, loss: 0.7733
2026-09-22 13:12:06,895 - mmdet - INFO - Epoch [20][1650/3488]	lr: 1.000e-03, eta: 2:53:58, time: 0.253, data_time: 0.035, memory: 8019, loss_cls: 0.4163, loss_bbox: 0.3776, loss_kps: 0.0000, loss: 0.7938
2026-09-22 13:12:19,647 - mmdet - INFO - Epoch [20][1700/3488]	lr: 1.000e-03, eta: 2:53:43, time: 0.255, data_time: 0.033, memory: 8019, loss_cls: 0.4052, loss_bbox: 0.3773, loss_kps: 0.0000, loss: 0.7826
2026-09-22 13:12:32,248 - mmdet - INFO - Epoch [20][1750/3488]	lr: 1.000e-03, eta: 2:53:28, time: 0.252, data_time: 0.034, memory: 8019, loss_cls: 0.4128, loss_bbox: 0.3868, loss_kps: 0.0000, loss: 0.7996
2026-09-22 13:12:44,907 - mmdet - INFO - Epoch [20][1800/3488]	lr: 1.000e-03, eta: 2:53:13, time: 0.253, data_time: 0.033, memory: 8019, loss_cls: 0.4193, loss_bbox: 0.3842, loss_kps: 0.0000, loss: 0.8035
2026-09-22 13:12:57,430 - mmdet - INFO - Epoch [20][1850/3488]	lr: 1.000e-03, eta: 2:52:58, time: 0.250, data_time: 0.037, memory: 8019, loss_cls: 0.4211, loss_bbox: 0.3757, loss_kps: 0.0000, loss: 0.7968
2026-09-22 13:13:10,104 - mmdet - INFO - Epoch [20][1900/3488]	lr: 1.000e-03, eta: 2:52:43, time: 0.253, data_time: 0.035, memory: 8019, loss_cls: 0.4189, loss_bbox: 0.3837, loss_kps: 0.0000, loss: 0.8026
2026-09-22 13:13:22,575 - mmdet - INFO - Epoch [20][1950/3488]	lr: 1.000e-03, eta: 2:52:27, time: 0.250, data_time: 0.034, memory: 8019, loss_cls: 0.4020, loss_bbox: 0.3775, loss_kps: 0.0000, loss: 0.7795
2026-09-22 13:13:35,663 - mmdet - INFO - Epoch [20][2000/3488]	lr: 1.000e-03, eta: 2:52:13, time: 0.262, data_time: 0.035, memory: 8019, loss_cls: 0.4161, loss_bbox: 0.3915, loss_kps: 0.0000, loss: 0.8076
2026-09-22 13:13:48,294 - mmdet - INFO - Epoch [20][2050/3488]	lr: 1.000e-03, eta: 2:51:58, time: 0.253, data_time: 0.036, memory: 8019, loss_cls: 0.4075, loss_bbox: 0.3912, loss_kps: 0.0000, loss: 0.7987
2026-09-22 13:14:00,794 - mmdet - INFO - Epoch [20][2100/3488]	lr: 1.000e-03, eta: 2:51:43, time: 0.250, data_time: 0.033, memory: 8019, loss_cls: 0.4059, loss_bbox: 0.3735, loss_kps: 0.0000, loss: 0.7794
2026-09-22 13:14:13,364 - mmdet - INFO - Epoch [20][2150/3488]	lr: 1.000e-03, eta: 2:51:27, time: 0.251, data_time: 0.033, memory: 8019, loss_cls: 0.4075, loss_bbox: 0.3762, loss_kps: 0.0000, loss: 0.7837
2026-09-22 13:14:25,964 - mmdet - INFO - Epoch [20][2200/3488]	lr: 1.000e-03, eta: 2:51:12, time: 0.252, data_time: 0.035, memory: 8019, loss_cls: 0.4150, loss_bbox: 0.3774, loss_kps: 0.0000, loss: 0.7925
2026-09-22 13:14:38,907 - mmdet - INFO - Epoch [20][2250/3488]	lr: 1.000e-03, eta: 2:50:58, time: 0.259, data_time: 0.043, memory: 8019, loss_cls: 0.4034, loss_bbox: 0.3870, loss_kps: 0.0000, loss: 0.7903
2026-09-22 13:14:51,433 - mmdet - INFO - Epoch [20][2300/3488]	lr: 1.000e-03, eta: 2:50:42, time: 0.251, data_time: 0.034, memory: 8019, loss_cls: 0.4193, loss_bbox: 0.3750, loss_kps: 0.0000, loss: 0.7943
2026-09-22 13:15:04,084 - mmdet - INFO - Epoch [20][2350/3488]	lr: 1.000e-03, eta: 2:50:27, time: 0.253, data_time: 0.034, memory: 8019, loss_cls: 0.4212, loss_bbox: 0.3873, loss_kps: 0.0000, loss: 0.8085
2026-09-22 13:15:16,713 - mmdet - INFO - Epoch [20][2400/3488]	lr: 1.000e-03, eta: 2:50:12, time: 0.253, data_time: 0.034, memory: 8019, loss_cls: 0.4115, loss_bbox: 0.3801, loss_kps: 0.0000, loss: 0.7916
2026-09-22 13:15:29,318 - mmdet - INFO - Epoch [20][2450/3488]	lr: 1.000e-03, eta: 2:49:57, time: 0.252, data_time: 0.035, memory: 8019, loss_cls: 0.3972, loss_bbox: 0.3733, loss_kps: 0.0000, loss: 0.7704
2026-09-22 13:15:41,832 - mmdet - INFO - Epoch [20][2500/3488]	lr: 1.000e-03, eta: 2:49:42, time: 0.250, data_time: 0.035, memory: 8019, loss_cls: 0.4075, loss_bbox: 0.3838, loss_kps: 0.0000, loss: 0.7914
2026-09-22 13:15:54,555 - mmdet - INFO - Epoch [20][2550/3488]	lr: 1.000e-03, eta: 2:49:27, time: 0.254, data_time: 0.035, memory: 8019, loss_cls: 0.4085, loss_bbox: 0.3745, loss_kps: 0.0000, loss: 0.7830
2026-09-22 13:16:07,359 - mmdet - INFO - Epoch [20][2600/3488]	lr: 1.000e-03, eta: 2:49:12, time: 0.256, data_time: 0.037, memory: 8019, loss_cls: 0.3953, loss_bbox: 0.3774, loss_kps: 0.0000, loss: 0.7727
2026-09-22 13:16:19,984 - mmdet - INFO - Epoch [20][2650/3488]	lr: 1.000e-03, eta: 2:48:57, time: 0.252, data_time: 0.035, memory: 8019, loss_cls: 0.4080, loss_bbox: 0.3765, loss_kps: 0.0000, loss: 0.7846
2026-09-22 13:16:32,353 - mmdet - INFO - Epoch [20][2700/3488]	lr: 1.000e-03, eta: 2:48:42, time: 0.247, data_time: 0.034, memory: 8019, loss_cls: 0.4286, loss_bbox: 0.3828, loss_kps: 0.0000, loss: 0.8114
2026-09-22 13:16:44,917 - mmdet - INFO - Epoch [20][2750/3488]	lr: 1.000e-03, eta: 2:48:27, time: 0.251, data_time: 0.034, memory: 8019, loss_cls: 0.4163, loss_bbox: 0.3801, loss_kps: 0.0000, loss: 0.7964
2026-09-22 13:16:57,449 - mmdet - INFO - Epoch [20][2800/3488]	lr: 1.000e-03, eta: 2:48:12, time: 0.251, data_time: 0.036, memory: 8019, loss_cls: 0.4162, loss_bbox: 0.3746, loss_kps: 0.0000, loss: 0.7909
2026-09-22 13:17:09,887 - mmdet - INFO - Epoch [20][2850/3488]	lr: 1.000e-03, eta: 2:47:57, time: 0.249, data_time: 0.035, memory: 8019, loss_cls: 0.3978, loss_bbox: 0.3755, loss_kps: 0.0000, loss: 0.7732
2026-09-22 13:17:22,591 - mmdet - INFO - Epoch [20][2900/3488]	lr: 1.000e-03, eta: 2:47:42, time: 0.254, data_time: 0.034, memory: 8019, loss_cls: 0.4096, loss_bbox: 0.3739, loss_kps: 0.0000, loss: 0.7834
2026-09-22 13:17:35,225 - mmdet - INFO - Epoch [20][2950/3488]	lr: 1.000e-03, eta: 2:47:27, time: 0.253, data_time: 0.034, memory: 8019, loss_cls: 0.4127, loss_bbox: 0.3845, loss_kps: 0.0000, loss: 0.7973
2026-09-22 13:17:48,134 - mmdet - INFO - Epoch [20][3000/3488]	lr: 1.000e-03, eta: 2:47:12, time: 0.258, data_time: 0.035, memory: 8019, loss_cls: 0.4133, loss_bbox: 0.3888, loss_kps: 0.0000, loss: 0.8021
2026-09-22 13:18:00,573 - mmdet - INFO - Epoch [20][3050/3488]	lr: 1.000e-03, eta: 2:46:57, time: 0.249, data_time: 0.034, memory: 8019, loss_cls: 0.3926, loss_bbox: 0.3694, loss_kps: 0.0000, loss: 0.7620
2026-09-22 13:18:13,179 - mmdet - INFO - Epoch [20][3100/3488]	lr: 1.000e-03, eta: 2:46:42, time: 0.252, data_time: 0.035, memory: 8019, loss_cls: 0.4180, loss_bbox: 0.3795, loss_kps: 0.0000, loss: 0.7975
2026-09-22 13:18:25,757 - mmdet - INFO - Epoch [20][3150/3488]	lr: 1.000e-03, eta: 2:46:27, time: 0.252, data_time: 0.034, memory: 8019, loss_cls: 0.4157, loss_bbox: 0.3851, loss_kps: 0.0000, loss: 0.8007
2026-09-22 13:18:38,330 - mmdet - INFO - Epoch [20][3200/3488]	lr: 1.000e-03, eta: 2:46:12, time: 0.251, data_time: 0.035, memory: 8019, loss_cls: 0.4062, loss_bbox: 0.3764, loss_kps: 0.0000, loss: 0.7825
2026-09-22 13:18:51,280 - mmdet - INFO - Epoch [20][3250/3488]	lr: 1.000e-03, eta: 2:45:58, time: 0.259, data_time: 0.043, memory: 8019, loss_cls: 0.4163, loss_bbox: 0.3807, loss_kps: 0.0000, loss: 0.7970
2026-09-22 13:19:03,706 - mmdet - INFO - Epoch [20][3300/3488]	lr: 1.000e-03, eta: 2:45:42, time: 0.249, data_time: 0.035, memory: 8019, loss_cls: 0.4099, loss_bbox: 0.3851, loss_kps: 0.0000, loss: 0.7951
2026-09-22 13:19:16,523 - mmdet - INFO - Epoch [20][3350/3488]	lr: 1.000e-03, eta: 2:45:28, time: 0.256, data_time: 0.038, memory: 8019, loss_cls: 0.3963, loss_bbox: 0.3620, loss_kps: 0.0000, loss: 0.7583
2026-09-22 13:19:29,104 - mmdet - INFO - Epoch [20][3400/3488]	lr: 1.000e-03, eta: 2:45:13, time: 0.252, data_time: 0.036, memory: 8019, loss_cls: 0.4147, loss_bbox: 0.3790, loss_kps: 0.0000, loss: 0.7937
2026-09-22 13:19:41,640 - mmdet - INFO - Epoch [20][3450/3488]	lr: 1.000e-03, eta: 2:44:58, time: 0.251, data_time: 0.035, memory: 8019, loss_cls: 0.3945, loss_bbox: 0.3732, loss_kps: 0.0000, loss: 0.7678
2026-09-22 13:19:50,656 - mmdet - INFO - Saving checkpoint at 20 epochs
2026-09-22 13:20:10,878 - mmdet - INFO - Epoch [21][50/3488]	lr: 1.000e-03, eta: 2:44:30, time: 0.400, data_time: 0.169, memory: 8019, loss_cls: 0.3979, loss_bbox: 0.3674, loss_kps: 0.0000, loss: 0.7654
2026-09-22 13:20:23,443 - mmdet - INFO - Epoch [21][100/3488]	lr: 1.000e-03, eta: 2:44:15, time: 0.251, data_time: 0.036, memory: 8019, loss_cls: 0.3894, loss_bbox: 0.3694, loss_kps: 0.0000, loss: 0.7588
2026-09-22 13:20:35,994 - mmdet - INFO - Epoch [21][150/3488]	lr: 1.000e-03, eta: 2:44:00, time: 0.251, data_time: 0.037, memory: 8019, loss_cls: 0.4045, loss_bbox: 0.3764, loss_kps: 0.0000, loss: 0.7809
2026-09-22 13:20:48,516 - mmdet - INFO - Epoch [21][200/3488]	lr: 1.000e-03, eta: 2:43:45, time: 0.251, data_time: 0.036, memory: 8019, loss_cls: 0.4150, loss_bbox: 0.3811, loss_kps: 0.0000, loss: 0.7961
2026-09-22 13:21:00,995 - mmdet - INFO - Epoch [21][250/3488]	lr: 1.000e-03, eta: 2:43:30, time: 0.250, data_time: 0.037, memory: 8019, loss_cls: 0.4168, loss_bbox: 0.3840, loss_kps: 0.0000, loss: 0.8008
2026-09-22 13:21:13,668 - mmdet - INFO - Epoch [21][300/3488]	lr: 1.000e-03, eta: 2:43:15, time: 0.253, data_time: 0.036, memory: 8019, loss_cls: 0.4100, loss_bbox: 0.3912, loss_kps: 0.0000, loss: 0.8012
2026-09-22 13:21:26,300 - mmdet - INFO - Epoch [21][350/3488]	lr: 1.000e-03, eta: 2:43:01, time: 0.253, data_time: 0.036, memory: 8019, loss_cls: 0.4066, loss_bbox: 0.3714, loss_kps: 0.0000, loss: 0.7780
2026-09-22 13:21:39,099 - mmdet - INFO - Epoch [21][400/3488]	lr: 1.000e-03, eta: 2:42:46, time: 0.256, data_time: 0.037, memory: 8019, loss_cls: 0.4342, loss_bbox: 0.3721, loss_kps: 0.0000, loss: 0.8064
2026-09-22 13:21:51,865 - mmdet - INFO - Epoch [21][450/3488]	lr: 1.000e-03, eta: 2:42:31, time: 0.255, data_time: 0.035, memory: 8019, loss_cls: 0.3993, loss_bbox: 0.3747, loss_kps: 0.0000, loss: 0.7740
2026-09-22 13:22:04,913 - mmdet - INFO - Epoch [21][500/3488]	lr: 1.000e-03, eta: 2:42:16, time: 0.261, data_time: 0.034, memory: 8019, loss_cls: 0.4179, loss_bbox: 0.3811, loss_kps: 0.0000, loss: 0.7990
2026-09-22 13:22:17,536 - mmdet - INFO - Epoch [21][550/3488]	lr: 1.000e-03, eta: 2:42:01, time: 0.252, data_time: 0.037, memory: 8019, loss_cls: 0.4055, loss_bbox: 0.3701, loss_kps: 0.0000, loss: 0.7756
2026-09-22 13:22:30,060 - mmdet - INFO - Epoch [21][600/3488]	lr: 1.000e-03, eta: 2:41:46, time: 0.250, data_time: 0.036, memory: 8019, loss_cls: 0.4059, loss_bbox: 0.3803, loss_kps: 0.0000, loss: 0.7862
2026-09-22 13:22:42,550 - mmdet - INFO - Epoch [21][650/3488]	lr: 1.000e-03, eta: 2:41:31, time: 0.250, data_time: 0.036, memory: 8019, loss_cls: 0.4058, loss_bbox: 0.3731, loss_kps: 0.0000, loss: 0.7789
2026-09-22 13:22:55,125 - mmdet - INFO - Epoch [21][700/3488]	lr: 1.000e-03, eta: 2:41:16, time: 0.251, data_time: 0.035, memory: 8019, loss_cls: 0.4053, loss_bbox: 0.3871, loss_kps: 0.0000, loss: 0.7924
2026-09-22 13:23:07,520 - mmdet - INFO - Epoch [21][750/3488]	lr: 1.000e-03, eta: 2:41:01, time: 0.248, data_time: 0.034, memory: 8019, loss_cls: 0.3995, loss_bbox: 0.3641, loss_kps: 0.0000, loss: 0.7636
2026-09-22 13:23:20,261 - mmdet - INFO - Epoch [21][800/3488]	lr: 1.000e-03, eta: 2:40:47, time: 0.255, data_time: 0.035, memory: 8019, loss_cls: 0.4192, loss_bbox: 0.3837, loss_kps: 0.0000, loss: 0.8029
2026-09-22 13:23:33,348 - mmdet - INFO - Epoch [21][850/3488]	lr: 1.000e-03, eta: 2:40:32, time: 0.262, data_time: 0.044, memory: 8019, loss_cls: 0.4025, loss_bbox: 0.3691, loss_kps: 0.0000, loss: 0.7716
2026-09-22 13:23:46,047 - mmdet - INFO - Epoch [21][900/3488]	lr: 1.000e-03, eta: 2:40:17, time: 0.254, data_time: 0.037, memory: 8019, loss_cls: 0.3789, loss_bbox: 0.3635, loss_kps: 0.0000, loss: 0.7424
2026-09-22 13:23:58,774 - mmdet - INFO - Epoch [21][950/3488]	lr: 1.000e-03, eta: 2:40:02, time: 0.255, data_time: 0.035, memory: 8019, loss_cls: 0.4140, loss_bbox: 0.3833, loss_kps: 0.0000, loss: 0.7974
2026-09-22 13:24:11,437 - mmdet - INFO - Epoch [21][1000/3488]	lr: 1.000e-03, eta: 2:39:47, time: 0.253, data_time: 0.036, memory: 8019, loss_cls: 0.4134, loss_bbox: 0.3800, loss_kps: 0.0000, loss: 0.7934
2026-09-22 13:24:24,309 - mmdet - INFO - Epoch [21][1050/3488]	lr: 1.000e-03, eta: 2:39:33, time: 0.257, data_time: 0.037, memory: 8019, loss_cls: 0.4270, loss_bbox: 0.3771, loss_kps: 0.0000, loss: 0.8041
2026-09-22 13:24:37,119 - mmdet - INFO - Epoch [21][1100/3488]	lr: 1.000e-03, eta: 2:39:18, time: 0.256, data_time: 0.036, memory: 8019, loss_cls: 0.4121, loss_bbox: 0.3779, loss_kps: 0.0000, loss: 0.7900
2026-09-22 13:24:49,586 - mmdet - INFO - Epoch [21][1150/3488]	lr: 1.000e-03, eta: 2:39:03, time: 0.249, data_time: 0.036, memory: 8019, loss_cls: 0.4172, loss_bbox: 0.3827, loss_kps: 0.0000, loss: 0.7999
2026-09-22 13:25:02,039 - mmdet - INFO - Epoch [21][1200/3488]	lr: 1.000e-03, eta: 2:38:48, time: 0.249, data_time: 0.035, memory: 8019, loss_cls: 0.4099, loss_bbox: 0.3716, loss_kps: 0.0000, loss: 0.7815
2026-09-22 13:25:14,574 - mmdet - INFO - Epoch [21][1250/3488]	lr: 1.000e-03, eta: 2:38:33, time: 0.251, data_time: 0.034, memory: 8019, loss_cls: 0.4135, loss_bbox: 0.3769, loss_kps: 0.0000, loss: 0.7904
2026-09-22 13:25:27,332 - mmdet - INFO - Epoch [21][1300/3488]	lr: 1.000e-03, eta: 2:38:18, time: 0.255, data_time: 0.037, memory: 8019, loss_cls: 0.4089, loss_bbox: 0.3781, loss_kps: 0.0000, loss: 0.7870
2026-09-22 13:25:39,762 - mmdet - INFO - Epoch [21][1350/3488]	lr: 1.000e-03, eta: 2:38:03, time: 0.249, data_time: 0.032, memory: 8019, loss_cls: 0.4020, loss_bbox: 0.3891, loss_kps: 0.0000, loss: 0.7911
2026-09-22 13:25:52,565 - mmdet - INFO - Epoch [21][1400/3488]	lr: 1.000e-03, eta: 2:37:48, time: 0.256, data_time: 0.037, memory: 8019, loss_cls: 0.4034, loss_bbox: 0.3776, loss_kps: 0.0000, loss: 0.7810
2026-09-22 13:26:05,199 - mmdet - INFO - Epoch [21][1450/3488]	lr: 1.000e-03, eta: 2:37:34, time: 0.253, data_time: 0.035, memory: 8019, loss_cls: 0.4211, loss_bbox: 0.3847, loss_kps: 0.0000, loss: 0.8058
2026-09-22 13:26:18,063 - mmdet - INFO - Epoch [21][1500/3488]	lr: 1.000e-03, eta: 2:37:19, time: 0.257, data_time: 0.033, memory: 8019, loss_cls: 0.4121, loss_bbox: 0.3770, loss_kps: 0.0000, loss: 0.7891
2026-09-22 13:26:30,625 - mmdet - INFO - Epoch [21][1550/3488]	lr: 1.000e-03, eta: 2:37:04, time: 0.251, data_time: 0.034, memory: 8019, loss_cls: 0.4077, loss_bbox: 0.3805, loss_kps: 0.0000, loss: 0.7882
2026-09-22 13:26:43,248 - mmdet - INFO - Epoch [21][1600/3488]	lr: 1.000e-03, eta: 2:36:49, time: 0.252, data_time: 0.036, memory: 8019, loss_cls: 0.4175, loss_bbox: 0.3829, loss_kps: 0.0000, loss: 0.8005
2026-09-22 13:26:55,867 - mmdet - INFO - Epoch [21][1650/3488]	lr: 1.000e-03, eta: 2:36:34, time: 0.252, data_time: 0.035, memory: 8019, loss_cls: 0.4028, loss_bbox: 0.3713, loss_kps: 0.0000, loss: 0.7742
2026-09-22 13:27:08,328 - mmdet - INFO - Epoch [21][1700/3488]	lr: 1.000e-03, eta: 2:36:19, time: 0.249, data_time: 0.034, memory: 8019, loss_cls: 0.3989, loss_bbox: 0.3762, loss_kps: 0.0000, loss: 0.7750
2026-09-22 13:27:20,967 - mmdet - INFO - Epoch [21][1750/3488]	lr: 1.000e-03, eta: 2:36:05, time: 0.253, data_time: 0.035, memory: 8019, loss_cls: 0.3982, loss_bbox: 0.3641, loss_kps: 0.0000, loss: 0.7623
2026-09-22 13:27:33,717 - mmdet - INFO - Epoch [21][1800/3488]	lr: 1.000e-03, eta: 2:35:50, time: 0.255, data_time: 0.037, memory: 8019, loss_cls: 0.4182, loss_bbox: 0.3877, loss_kps: 0.0000, loss: 0.8058
2026-09-22 13:27:46,249 - mmdet - INFO - Epoch [21][1850/3488]	lr: 1.000e-03, eta: 2:35:35, time: 0.251, data_time: 0.033, memory: 8019, loss_cls: 0.4008, loss_bbox: 0.3676, loss_kps: 0.0000, loss: 0.7684
2026-09-22 13:27:58,838 - mmdet - INFO - Epoch [21][1900/3488]	lr: 1.000e-03, eta: 2:35:20, time: 0.252, data_time: 0.035, memory: 8019, loss_cls: 0.4110, loss_bbox: 0.3716, loss_kps: 0.0000, loss: 0.7826
2026-09-22 13:28:11,845 - mmdet - INFO - Epoch [21][1950/3488]	lr: 1.000e-03, eta: 2:35:05, time: 0.260, data_time: 0.046, memory: 8019, loss_cls: 0.4109, loss_bbox: 0.3867, loss_kps: 0.0000, loss: 0.7976
2026-09-22 13:28:24,307 - mmdet - INFO - Epoch [21][2000/3488]	lr: 1.000e-03, eta: 2:34:50, time: 0.249, data_time: 0.034, memory: 8019, loss_cls: 0.4394, loss_bbox: 0.3897, loss_kps: 0.0000, loss: 0.8291
2026-09-22 13:28:36,749 - mmdet - INFO - Epoch [21][2050/3488]	lr: 1.000e-03, eta: 2:34:36, time: 0.249, data_time: 0.035, memory: 8019, loss_cls: 0.4104, loss_bbox: 0.3683, loss_kps: 0.0000, loss: 0.7787
2026-09-22 13:28:49,413 - mmdet - INFO - Epoch [21][2100/3488]	lr: 1.000e-03, eta: 2:34:21, time: 0.253, data_time: 0.036, memory: 8019, loss_cls: 0.4197, loss_bbox: 0.3828, loss_kps: 0.0000, loss: 0.8025
2026-09-22 13:29:01,882 - mmdet - INFO - Epoch [21][2150/3488]	lr: 1.000e-03, eta: 2:34:06, time: 0.249, data_time: 0.035, memory: 8019, loss_cls: 0.4114, loss_bbox: 0.3835, loss_kps: 0.0000, loss: 0.7949
2026-09-22 13:29:14,326 - mmdet - INFO - Epoch [21][2200/3488]	lr: 1.000e-03, eta: 2:33:51, time: 0.249, data_time: 0.035, memory: 8019, loss_cls: 0.4029, loss_bbox: 0.3806, loss_kps: 0.0000, loss: 0.7835
2026-09-22 13:29:26,881 - mmdet - INFO - Epoch [21][2250/3488]	lr: 1.000e-03, eta: 2:33:36, time: 0.251, data_time: 0.036, memory: 8019, loss_cls: 0.4264, loss_bbox: 0.3849, loss_kps: 0.0000, loss: 0.8113
2026-09-22 13:29:39,482 - mmdet - INFO - Epoch [21][2300/3488]	lr: 1.000e-03, eta: 2:33:21, time: 0.252, data_time: 0.037, memory: 8019, loss_cls: 0.4131, loss_bbox: 0.3745, loss_kps: 0.0000, loss: 0.7876
2026-09-22 13:29:52,166 - mmdet - INFO - Epoch [21][2350/3488]	lr: 1.000e-03, eta: 2:33:07, time: 0.254, data_time: 0.036, memory: 8019, loss_cls: 0.3914, loss_bbox: 0.3600, loss_kps: 0.0000, loss: 0.7514
2026-09-22 13:30:04,718 - mmdet - INFO - Epoch [21][2400/3488]	lr: 1.000e-03, eta: 2:32:52, time: 0.251, data_time: 0.036, memory: 8019, loss_cls: 0.4231, loss_bbox: 0.3806, loss_kps: 0.0000, loss: 0.8037
2026-09-22 13:30:17,429 - mmdet - INFO - Epoch [21][2450/3488]	lr: 1.000e-03, eta: 2:32:37, time: 0.254, data_time: 0.035, memory: 8019, loss_cls: 0.4079, loss_bbox: 0.3863, loss_kps: 0.0000, loss: 0.7941
2026-09-22 13:30:30,477 - mmdet - INFO - Epoch [21][2500/3488]	lr: 1.000e-03, eta: 2:32:22, time: 0.261, data_time: 0.037, memory: 8019, loss_cls: 0.4053, loss_bbox: 0.3795, loss_kps: 0.0000, loss: 0.7848
2026-09-22 13:30:42,991 - mmdet - INFO - Epoch [21][2550/3488]	lr: 1.000e-03, eta: 2:32:08, time: 0.250, data_time: 0.035, memory: 8019, loss_cls: 0.4184, loss_bbox: 0.3796, loss_kps: 0.0000, loss: 0.7980
2026-09-22 13:30:55,592 - mmdet - INFO - Epoch [21][2600/3488]	lr: 1.000e-03, eta: 2:31:53, time: 0.252, data_time: 0.033, memory: 8019, loss_cls: 0.4146, loss_bbox: 0.3849, loss_kps: 0.0000, loss: 0.7995
2026-09-22 13:31:08,110 - mmdet - INFO - Epoch [21][2650/3488]	lr: 1.000e-03, eta: 2:31:38, time: 0.250, data_time: 0.036, memory: 8019, loss_cls: 0.4193, loss_bbox: 0.3854, loss_kps: 0.0000, loss: 0.8047
2026-09-22 13:31:20,601 - mmdet - INFO - Epoch [21][2700/3488]	lr: 1.000e-03, eta: 2:31:23, time: 0.250, data_time: 0.034, memory: 8019, loss_cls: 0.4225, loss_bbox: 0.3923, loss_kps: 0.0000, loss: 0.8147
2026-09-22 13:31:33,195 - mmdet - INFO - Epoch [21][2750/3488]	lr: 1.000e-03, eta: 2:31:08, time: 0.252, data_time: 0.035, memory: 8019, loss_cls: 0.4100, loss_bbox: 0.3814, loss_kps: 0.0000, loss: 0.7914
2026-09-22 13:31:45,756 - mmdet - INFO - Epoch [21][2800/3488]	lr: 1.000e-03, eta: 2:30:54, time: 0.251, data_time: 0.036, memory: 8019, loss_cls: 0.4088, loss_bbox: 0.3777, loss_kps: 0.0000, loss: 0.7865
2026-09-22 13:31:58,267 - mmdet - INFO - Epoch [21][2850/3488]	lr: 1.000e-03, eta: 2:30:39, time: 0.250, data_time: 0.035, memory: 8019, loss_cls: 0.3975, loss_bbox: 0.3756, loss_kps: 0.0000, loss: 0.7731
2026-09-22 13:32:10,894 - mmdet - INFO - Epoch [21][2900/3488]	lr: 1.000e-03, eta: 2:30:24, time: 0.253, data_time: 0.036, memory: 8019, loss_cls: 0.4251, loss_bbox: 0.3873, loss_kps: 0.0000, loss: 0.8124
2026-09-22 13:32:23,406 - mmdet - INFO - Epoch [21][2950/3488]	lr: 1.000e-03, eta: 2:30:09, time: 0.250, data_time: 0.034, memory: 8019, loss_cls: 0.3980, loss_bbox: 0.3704, loss_kps: 0.0000, loss: 0.7685
2026-09-22 13:32:36,408 - mmdet - INFO - Epoch [21][3000/3488]	lr: 1.000e-03, eta: 2:29:55, time: 0.260, data_time: 0.044, memory: 8019, loss_cls: 0.4070, loss_bbox: 0.3826, loss_kps: 0.0000, loss: 0.7896
2026-09-22 13:32:48,914 - mmdet - INFO - Epoch [21][3050/3488]	lr: 1.000e-03, eta: 2:29:40, time: 0.250, data_time: 0.034, memory: 8019, loss_cls: 0.3973, loss_bbox: 0.3815, loss_kps: 0.0000, loss: 0.7788
2026-09-22 13:33:01,478 - mmdet - INFO - Epoch [21][3100/3488]	lr: 1.000e-03, eta: 2:29:25, time: 0.251, data_time: 0.034, memory: 8019, loss_cls: 0.4107, loss_bbox: 0.3895, loss_kps: 0.0000, loss: 0.8002
2026-09-22 13:33:13,904 - mmdet - INFO - Epoch [21][3150/3488]	lr: 1.000e-03, eta: 2:29:10, time: 0.249, data_time: 0.037, memory: 8019, loss_cls: 0.4047, loss_bbox: 0.3759, loss_kps: 0.0000, loss: 0.7805
2026-09-22 13:33:26,472 - mmdet - INFO - Epoch [21][3200/3488]	lr: 1.000e-03, eta: 2:28:55, time: 0.252, data_time: 0.035, memory: 8019, loss_cls: 0.3892, loss_bbox: 0.3640, loss_kps: 0.0000, loss: 0.7532
2026-09-22 13:33:38,881 - mmdet - INFO - Epoch [21][3250/3488]	lr: 1.000e-03, eta: 2:28:41, time: 0.248, data_time: 0.035, memory: 8019, loss_cls: 0.3949, loss_bbox: 0.3623, loss_kps: 0.0000, loss: 0.7572
2026-09-22 13:33:51,501 - mmdet - INFO - Epoch [21][3300/3488]	lr: 1.000e-03, eta: 2:28:26, time: 0.252, data_time: 0.037, memory: 8019, loss_cls: 0.4117, loss_bbox: 0.3833, loss_kps: 0.0000, loss: 0.7950
2026-09-22 13:34:04,119 - mmdet - INFO - Epoch [21][3350/3488]	lr: 1.000e-03, eta: 2:28:11, time: 0.252, data_time: 0.035, memory: 8019, loss_cls: 0.4007, loss_bbox: 0.3722, loss_kps: 0.0000, loss: 0.7729
2026-09-22 13:34:16,562 - mmdet - INFO - Epoch [21][3400/3488]	lr: 1.000e-03, eta: 2:27:56, time: 0.249, data_time: 0.035, memory: 8019, loss_cls: 0.4052, loss_bbox: 0.3832, loss_kps: 0.0000, loss: 0.7884
2026-09-22 13:34:29,264 - mmdet - INFO - Epoch [21][3450/3488]	lr: 1.000e-03, eta: 2:27:42, time: 0.254, data_time: 0.034, memory: 8019, loss_cls: 0.4205, loss_bbox: 0.3825, loss_kps: 0.0000, loss: 0.8030
2026-09-22 13:34:38,122 - mmdet - INFO - Saving checkpoint at 21 epochs
2026-09-22 13:34:58,844 - mmdet - INFO - Epoch [22][50/3488]	lr: 1.000e-04, eta: 2:27:15, time: 0.410, data_time: 0.172, memory: 8019, loss_cls: 0.3918, loss_bbox: 0.3683, loss_kps: 0.0000, loss: 0.7600
2026-09-22 13:35:11,396 - mmdet - INFO - Epoch [22][100/3488]	lr: 1.000e-04, eta: 2:27:00, time: 0.251, data_time: 0.034, memory: 8019, loss_cls: 0.3956, loss_bbox: 0.3801, loss_kps: 0.0000, loss: 0.7758
2026-09-22 13:35:24,538 - mmdet - INFO - Epoch [22][150/3488]	lr: 1.000e-04, eta: 2:26:46, time: 0.263, data_time: 0.034, memory: 8019, loss_cls: 0.3882, loss_bbox: 0.3694, loss_kps: 0.0000, loss: 0.7575
2026-09-22 13:35:37,026 - mmdet - INFO - Epoch [22][200/3488]	lr: 1.000e-04, eta: 2:26:31, time: 0.250, data_time: 0.034, memory: 8019, loss_cls: 0.4002, loss_bbox: 0.3646, loss_kps: 0.0000, loss: 0.7648
2026-09-22 13:35:49,445 - mmdet - INFO - Epoch [22][250/3488]	lr: 1.000e-04, eta: 2:26:16, time: 0.248, data_time: 0.034, memory: 8019, loss_cls: 0.3887, loss_bbox: 0.3639, loss_kps: 0.0000, loss: 0.7526
2026-09-22 13:36:02,217 - mmdet - INFO - Epoch [22][300/3488]	lr: 1.000e-04, eta: 2:26:01, time: 0.255, data_time: 0.039, memory: 8019, loss_cls: 0.3998, loss_bbox: 0.3711, loss_kps: 0.0000, loss: 0.7709
2026-09-22 13:36:14,672 - mmdet - INFO - Epoch [22][350/3488]	lr: 1.000e-04, eta: 2:25:47, time: 0.249, data_time: 0.030, memory: 8019, loss_cls: 0.3964, loss_bbox: 0.3695, loss_kps: 0.0000, loss: 0.7658
2026-09-22 13:36:27,321 - mmdet - INFO - Epoch [22][400/3488]	lr: 1.000e-04, eta: 2:25:32, time: 0.253, data_time: 0.033, memory: 8019, loss_cls: 0.3983, loss_bbox: 0.3681, loss_kps: 0.0000, loss: 0.7664
2026-09-22 13:36:39,981 - mmdet - INFO - Epoch [22][450/3488]	lr: 1.000e-04, eta: 2:25:17, time: 0.253, data_time: 0.032, memory: 8019, loss_cls: 0.3986, loss_bbox: 0.3648, loss_kps: 0.0000, loss: 0.7634
2026-09-22 13:36:52,791 - mmdet - INFO - Epoch [22][500/3488]	lr: 1.000e-04, eta: 2:25:03, time: 0.256, data_time: 0.042, memory: 8019, loss_cls: 0.3918, loss_bbox: 0.3781, loss_kps: 0.0000, loss: 0.7698
2026-09-22 13:37:05,146 - mmdet - INFO - Epoch [22][550/3488]	lr: 1.000e-04, eta: 2:24:48, time: 0.247, data_time: 0.035, memory: 8019, loss_cls: 0.4016, loss_bbox: 0.3711, loss_kps: 0.0000, loss: 0.7726
2026-09-22 13:37:17,547 - mmdet - INFO - Epoch [22][600/3488]	lr: 1.000e-04, eta: 2:24:33, time: 0.248, data_time: 0.035, memory: 8019, loss_cls: 0.3851, loss_bbox: 0.3688, loss_kps: 0.0000, loss: 0.7539
2026-09-22 13:37:30,015 - mmdet - INFO - Epoch [22][650/3488]	lr: 1.000e-04, eta: 2:24:18, time: 0.249, data_time: 0.035, memory: 8019, loss_cls: 0.3855, loss_bbox: 0.3655, loss_kps: 0.0000, loss: 0.7510
2026-09-22 13:37:42,595 - mmdet - INFO - Epoch [22][700/3488]	lr: 1.000e-04, eta: 2:24:04, time: 0.252, data_time: 0.034, memory: 8019, loss_cls: 0.3917, loss_bbox: 0.3596, loss_kps: 0.0000, loss: 0.7513
2026-09-22 13:37:54,965 - mmdet - INFO - Epoch [22][750/3488]	lr: 1.000e-04, eta: 2:23:49, time: 0.247, data_time: 0.035, memory: 8019, loss_cls: 0.4038, loss_bbox: 0.3762, loss_kps: 0.0000, loss: 0.7800
2026-09-22 13:38:07,256 - mmdet - INFO - Epoch [22][800/3488]	lr: 1.000e-04, eta: 2:23:34, time: 0.246, data_time: 0.035, memory: 8019, loss_cls: 0.4043, loss_bbox: 0.3711, loss_kps: 0.0000, loss: 0.7754
2026-09-22 13:38:19,865 - mmdet - INFO - Epoch [22][850/3488]	lr: 1.000e-04, eta: 2:23:19, time: 0.252, data_time: 0.038, memory: 8019, loss_cls: 0.3958, loss_bbox: 0.3678, loss_kps: 0.0000, loss: 0.7637
2026-09-22 13:38:32,062 - mmdet - INFO - Epoch [22][900/3488]	lr: 1.000e-04, eta: 2:23:04, time: 0.244, data_time: 0.031, memory: 8019, loss_cls: 0.3889, loss_bbox: 0.3711, loss_kps: 0.0000, loss: 0.7600
2026-09-22 13:38:44,348 - mmdet - INFO - Epoch [22][950/3488]	lr: 1.000e-04, eta: 2:22:50, time: 0.246, data_time: 0.032, memory: 8019, loss_cls: 0.3818, loss_bbox: 0.3612, loss_kps: 0.0000, loss: 0.7430
2026-09-22 13:38:57,003 - mmdet - INFO - Epoch [22][1000/3488]	lr: 1.000e-04, eta: 2:22:35, time: 0.253, data_time: 0.035, memory: 8019, loss_cls: 0.3909, loss_bbox: 0.3658, loss_kps: 0.0000, loss: 0.7566
2026-09-22 13:39:09,466 - mmdet - INFO - Epoch [22][1050/3488]	lr: 1.000e-04, eta: 2:22:20, time: 0.249, data_time: 0.034, memory: 8019, loss_cls: 0.4001, loss_bbox: 0.3704, loss_kps: 0.0000, loss: 0.7705
2026-09-22 13:39:22,165 - mmdet - INFO - Epoch [22][1100/3488]	lr: 1.000e-04, eta: 2:22:06, time: 0.254, data_time: 0.035, memory: 8019, loss_cls: 0.3944, loss_bbox: 0.3752, loss_kps: 0.0000, loss: 0.7695
2026-09-22 13:39:34,431 - mmdet - INFO - Epoch [22][1150/3488]	lr: 1.000e-04, eta: 2:21:51, time: 0.245, data_time: 0.033, memory: 8019, loss_cls: 0.4041, loss_bbox: 0.3743, loss_kps: 0.0000, loss: 0.7784
2026-09-22 13:39:46,903 - mmdet - INFO - Epoch [22][1200/3488]	lr: 1.000e-04, eta: 2:21:36, time: 0.249, data_time: 0.032, memory: 8019, loss_cls: 0.3786, loss_bbox: 0.3660, loss_kps: 0.0000, loss: 0.7446
2026-09-22 13:39:59,314 - mmdet - INFO - Epoch [22][1250/3488]	lr: 1.000e-04, eta: 2:21:21, time: 0.248, data_time: 0.034, memory: 8019, loss_cls: 0.3920, loss_bbox: 0.3650, loss_kps: 0.0000, loss: 0.7570
2026-09-22 13:40:11,860 - mmdet - INFO - Epoch [22][1300/3488]	lr: 1.000e-04, eta: 2:21:07, time: 0.251, data_time: 0.032, memory: 8019, loss_cls: 0.3983, loss_bbox: 0.3677, loss_kps: 0.0000, loss: 0.7660
2026-09-22 13:40:24,633 - mmdet - INFO - Epoch [22][1350/3488]	lr: 1.000e-04, eta: 2:20:52, time: 0.255, data_time: 0.032, memory: 8019, loss_cls: 0.3983, loss_bbox: 0.3611, loss_kps: 0.0000, loss: 0.7594
2026-09-22 13:40:36,860 - mmdet - INFO - Epoch [22][1400/3488]	lr: 1.000e-04, eta: 2:20:37, time: 0.245, data_time: 0.032, memory: 8019, loss_cls: 0.3928, loss_bbox: 0.3678, loss_kps: 0.0000, loss: 0.7606
2026-09-22 13:40:49,588 - mmdet - INFO - Epoch [22][1450/3488]	lr: 1.000e-04, eta: 2:20:23, time: 0.255, data_time: 0.042, memory: 8019, loss_cls: 0.3806, loss_bbox: 0.3702, loss_kps: 0.0000, loss: 0.7508
2026-09-22 13:41:02,144 - mmdet - INFO - Epoch [22][1500/3488]	lr: 1.000e-04, eta: 2:20:08, time: 0.251, data_time: 0.035, memory: 8019, loss_cls: 0.3997, loss_bbox: 0.3676, loss_kps: 0.0000, loss: 0.7672
2026-09-22 13:41:14,726 - mmdet - INFO - Epoch [22][1550/3488]	lr: 1.000e-04, eta: 2:19:53, time: 0.252, data_time: 0.036, memory: 8019, loss_cls: 0.3961, loss_bbox: 0.3705, loss_kps: 0.0000, loss: 0.7665
2026-09-22 13:41:27,096 - mmdet - INFO - Epoch [22][1600/3488]	lr: 1.000e-04, eta: 2:19:39, time: 0.247, data_time: 0.032, memory: 8019, loss_cls: 0.3849, loss_bbox: 0.3582, loss_kps: 0.0000, loss: 0.7431
2026-09-22 13:41:39,995 - mmdet - INFO - Epoch [22][1650/3488]	lr: 1.000e-04, eta: 2:19:24, time: 0.258, data_time: 0.036, memory: 8019, loss_cls: 0.4002, loss_bbox: 0.3637, loss_kps: 0.0000, loss: 0.7640
2026-09-22 13:41:52,546 - mmdet - INFO - Epoch [22][1700/3488]	lr: 1.000e-04, eta: 2:19:09, time: 0.251, data_time: 0.034, memory: 8019, loss_cls: 0.3749, loss_bbox: 0.3531, loss_kps: 0.0000, loss: 0.7280
2026-09-22 13:42:05,058 - mmdet - INFO - Epoch [22][1750/3488]	lr: 1.000e-04, eta: 2:18:55, time: 0.250, data_time: 0.032, memory: 8019, loss_cls: 0.3817, loss_bbox: 0.3599, loss_kps: 0.0000, loss: 0.7417
2026-09-22 13:42:17,479 - mmdet - INFO - Epoch [22][1800/3488]	lr: 1.000e-04, eta: 2:18:40, time: 0.248, data_time: 0.033, memory: 8019, loss_cls: 0.3935, loss_bbox: 0.3677, loss_kps: 0.0000, loss: 0.7611
2026-09-22 13:42:29,915 - mmdet - INFO - Epoch [22][1850/3488]	lr: 1.000e-04, eta: 2:18:25, time: 0.249, data_time: 0.034, memory: 8019, loss_cls: 0.3857, loss_bbox: 0.3706, loss_kps: 0.0000, loss: 0.7563
2026-09-22 13:42:42,314 - mmdet - INFO - Epoch [22][1900/3488]	lr: 1.000e-04, eta: 2:18:11, time: 0.248, data_time: 0.034, memory: 8019, loss_cls: 0.3711, loss_bbox: 0.3591, loss_kps: 0.0000, loss: 0.7302
2026-09-22 13:42:54,777 - mmdet - INFO - Epoch [22][1950/3488]	lr: 1.000e-04, eta: 2:17:56, time: 0.249, data_time: 0.034, memory: 8019, loss_cls: 0.3979, loss_bbox: 0.3725, loss_kps: 0.0000, loss: 0.7703
2026-09-22 13:43:07,320 - mmdet - INFO - Epoch [22][2000/3488]	lr: 1.000e-04, eta: 2:17:41, time: 0.251, data_time: 0.035, memory: 8019, loss_cls: 0.3723, loss_bbox: 0.3608, loss_kps: 0.0000, loss: 0.7330
2026-09-22 13:43:19,897 - mmdet - INFO - Epoch [22][2050/3488]	lr: 1.000e-04, eta: 2:17:27, time: 0.252, data_time: 0.036, memory: 8019, loss_cls: 0.3756, loss_bbox: 0.3587, loss_kps: 0.0000, loss: 0.7343
2026-09-22 13:43:32,392 - mmdet - INFO - Epoch [22][2100/3488]	lr: 1.000e-04, eta: 2:17:12, time: 0.250, data_time: 0.033, memory: 8019, loss_cls: 0.3901, loss_bbox: 0.3672, loss_kps: 0.0000, loss: 0.7573
2026-09-22 13:43:44,857 - mmdet - INFO - Epoch [22][2150/3488]	lr: 1.000e-04, eta: 2:16:57, time: 0.249, data_time: 0.033, memory: 8019, loss_cls: 0.3964, loss_bbox: 0.3635, loss_kps: 0.0000, loss: 0.7600
2026-09-22 13:43:57,501 - mmdet - INFO - Epoch [22][2200/3488]	lr: 1.000e-04, eta: 2:16:43, time: 0.253, data_time: 0.033, memory: 8019, loss_cls: 0.3789, loss_bbox: 0.3677, loss_kps: 0.0000, loss: 0.7466
2026-09-22 13:44:10,210 - mmdet - INFO - Epoch [22][2250/3488]	lr: 1.000e-04, eta: 2:16:28, time: 0.254, data_time: 0.035, memory: 8019, loss_cls: 0.3883, loss_bbox: 0.3704, loss_kps: 0.0000, loss: 0.7587
2026-09-22 13:44:22,686 - mmdet - INFO - Epoch [22][2300/3488]	lr: 1.000e-04, eta: 2:16:13, time: 0.250, data_time: 0.034, memory: 8019, loss_cls: 0.3732, loss_bbox: 0.3583, loss_kps: 0.0000, loss: 0.7315
2026-09-22 13:44:35,268 - mmdet - INFO - Epoch [22][2350/3488]	lr: 1.000e-04, eta: 2:15:59, time: 0.252, data_time: 0.035, memory: 8019, loss_cls: 0.3775, loss_bbox: 0.3548, loss_kps: 0.0000, loss: 0.7323
2026-09-22 13:44:48,422 - mmdet - INFO - Epoch [22][2400/3488]	lr: 1.000e-04, eta: 2:15:44, time: 0.263, data_time: 0.034, memory: 8019, loss_cls: 0.3888, loss_bbox: 0.3605, loss_kps: 0.0000, loss: 0.7492
2026-09-22 13:45:00,885 - mmdet - INFO - Epoch [22][2450/3488]	lr: 1.000e-04, eta: 2:15:30, time: 0.249, data_time: 0.041, memory: 8019, loss_cls: 0.3961, loss_bbox: 0.3534, loss_kps: 0.0000, loss: 0.7496
2026-09-22 13:45:13,797 - mmdet - INFO - Epoch [22][2500/3488]	lr: 1.000e-04, eta: 2:15:15, time: 0.258, data_time: 0.039, memory: 8019, loss_cls: 0.3761, loss_bbox: 0.3580, loss_kps: 0.0000, loss: 0.7341
2026-09-22 13:45:26,381 - mmdet - INFO - Epoch [22][2550/3488]	lr: 1.000e-04, eta: 2:15:01, time: 0.252, data_time: 0.035, memory: 8019, loss_cls: 0.3908, loss_bbox: 0.3620, loss_kps: 0.0000, loss: 0.7528
2026-09-22 13:45:38,942 - mmdet - INFO - Epoch [22][2600/3488]	lr: 1.000e-04, eta: 2:14:46, time: 0.251, data_time: 0.034, memory: 8019, loss_cls: 0.4002, loss_bbox: 0.3733, loss_kps: 0.0000, loss: 0.7735
2026-09-22 13:45:51,485 - mmdet - INFO - Epoch [22][2650/3488]	lr: 1.000e-04, eta: 2:14:32, time: 0.251, data_time: 0.033, memory: 8019, loss_cls: 0.3926, loss_bbox: 0.3623, loss_kps: 0.0000, loss: 0.7549
2026-09-22 13:46:04,068 - mmdet - INFO - Epoch [22][2700/3488]	lr: 1.000e-04, eta: 2:14:17, time: 0.252, data_time: 0.036, memory: 8019, loss_cls: 0.3914, loss_bbox: 0.3734, loss_kps: 0.0000, loss: 0.7648
2026-09-22 13:46:16,590 - mmdet - INFO - Epoch [22][2750/3488]	lr: 1.000e-04, eta: 2:14:02, time: 0.250, data_time: 0.037, memory: 8019, loss_cls: 0.3826, loss_bbox: 0.3708, loss_kps: 0.0000, loss: 0.7533
2026-09-22 13:46:29,172 - mmdet - INFO - Epoch [22][2800/3488]	lr: 1.000e-04, eta: 2:13:48, time: 0.252, data_time: 0.037, memory: 8019, loss_cls: 0.3818, loss_bbox: 0.3573, loss_kps: 0.0000, loss: 0.7391
2026-09-22 13:46:42,585 - mmdet - INFO - Epoch [22][2850/3488]	lr: 1.000e-04, eta: 2:13:33, time: 0.268, data_time: 0.040, memory: 8019, loss_cls: 0.3883, loss_bbox: 0.3637, loss_kps: 0.0000, loss: 0.7520
2026-09-22 13:47:19,466 - mmdet - INFO - Epoch [22][2900/3488]	lr: 1.000e-04, eta: 2:13:28, time: 0.738, data_time: 0.029, memory: 8019, loss_cls: 0.3767, loss_bbox: 0.3667, loss_kps: 0.0000, loss: 0.7433
2026-09-22 13:47:50,842 - mmdet - INFO - Epoch [22][2950/3488]	lr: 1.000e-04, eta: 2:13:20, time: 0.626, data_time: 0.030, memory: 8019, loss_cls: 0.3914, loss_bbox: 0.3568, loss_kps: 0.0000, loss: 0.7482
2026-09-22 13:48:09,241 - mmdet - INFO - Epoch [22][3000/3488]	lr: 1.000e-04, eta: 2:13:08, time: 0.369, data_time: 0.033, memory: 8019, loss_cls: 0.3693, loss_bbox: 0.3558, loss_kps: 0.0000, loss: 0.7251
2026-09-22 13:48:32,849 - mmdet - INFO - Epoch [22][3050/3488]	lr: 1.000e-04, eta: 2:12:57, time: 0.471, data_time: 0.034, memory: 8019, loss_cls: 0.3806, loss_bbox: 0.3634, loss_kps: 0.0000, loss: 0.7440
2026-09-22 13:49:07,724 - mmdet - INFO - Epoch [22][3100/3488]	lr: 1.000e-04, eta: 2:12:51, time: 0.697, data_time: 0.030, memory: 8019, loss_cls: 0.3819, loss_bbox: 0.3658, loss_kps: 0.0000, loss: 0.7477
2026-09-22 13:49:37,052 - mmdet - INFO - Epoch [22][3150/3488]	lr: 1.000e-04, eta: 2:12:43, time: 0.588, data_time: 0.032, memory: 8019, loss_cls: 0.3938, loss_bbox: 0.3682, loss_kps: 0.0000, loss: 0.7620
2026-09-22 13:49:49,596 - mmdet - INFO - Epoch [22][3200/3488]	lr: 1.000e-04, eta: 2:12:28, time: 0.251, data_time: 0.035, memory: 8019, loss_cls: 0.3994, loss_bbox: 0.3671, loss_kps: 0.0000, loss: 0.7664
2026-09-22 13:50:02,094 - mmdet - INFO - Epoch [22][3250/3488]	lr: 1.000e-04, eta: 2:12:13, time: 0.250, data_time: 0.038, memory: 8019, loss_cls: 0.4042, loss_bbox: 0.3686, loss_kps: 0.0000, loss: 0.7728
2026-09-22 13:50:14,733 - mmdet - INFO - Epoch [22][3300/3488]	lr: 1.000e-04, eta: 2:11:59, time: 0.253, data_time: 0.035, memory: 8019, loss_cls: 0.3741, loss_bbox: 0.3564, loss_kps: 0.0000, loss: 0.7306
2026-09-22 13:50:27,535 - mmdet - INFO - Epoch [22][3350/3488]	lr: 1.000e-04, eta: 2:11:44, time: 0.256, data_time: 0.036, memory: 8019, loss_cls: 0.3707, loss_bbox: 0.3617, loss_kps: 0.0000, loss: 0.7323
2026-09-22 13:50:40,096 - mmdet - INFO - Epoch [22][3400/3488]	lr: 1.000e-04, eta: 2:11:29, time: 0.251, data_time: 0.039, memory: 8019, loss_cls: 0.3920, loss_bbox: 0.3595, loss_kps: 0.0000, loss: 0.7516
2026-09-22 13:50:53,013 - mmdet - INFO - Epoch [22][3450/3488]	lr: 1.000e-04, eta: 2:11:15, time: 0.258, data_time: 0.039, memory: 8019, loss_cls: 0.3807, loss_bbox: 0.3584, loss_kps: 0.0000, loss: 0.7391
2026-09-22 13:51:01,922 - mmdet - INFO - Saving checkpoint at 22 epochs
2026-09-22 13:51:22,481 - mmdet - INFO - Epoch [23][50/3488]	lr: 1.000e-04, eta: 2:10:48, time: 0.407, data_time: 0.168, memory: 8019, loss_cls: 0.4015, loss_bbox: 0.3728, loss_kps: 0.0000, loss: 0.7743
2026-09-22 13:51:35,692 - mmdet - INFO - Epoch [23][100/3488]	lr: 1.000e-04, eta: 2:10:34, time: 0.264, data_time: 0.036, memory: 8019, loss_cls: 0.3975, loss_bbox: 0.3716, loss_kps: 0.0000, loss: 0.7691
2026-09-22 13:51:48,917 - mmdet - INFO - Epoch [23][150/3488]	lr: 1.000e-04, eta: 2:10:20, time: 0.265, data_time: 0.046, memory: 8019, loss_cls: 0.3861, loss_bbox: 0.3717, loss_kps: 0.0000, loss: 0.7578
2026-09-22 13:52:01,566 - mmdet - INFO - Epoch [23][200/3488]	lr: 1.000e-04, eta: 2:10:05, time: 0.253, data_time: 0.036, memory: 8019, loss_cls: 0.3952, loss_bbox: 0.3674, loss_kps: 0.0000, loss: 0.7626
2026-09-22 13:52:14,388 - mmdet - INFO - Epoch [23][250/3488]	lr: 1.000e-04, eta: 2:09:50, time: 0.256, data_time: 0.037, memory: 8019, loss_cls: 0.3969, loss_bbox: 0.3637, loss_kps: 0.0000, loss: 0.7606
2026-09-22 13:52:27,021 - mmdet - INFO - Epoch [23][300/3488]	lr: 1.000e-04, eta: 2:09:36, time: 0.252, data_time: 0.037, memory: 8019, loss_cls: 0.3965, loss_bbox: 0.3770, loss_kps: 0.0000, loss: 0.7735
2026-09-22 13:52:39,548 - mmdet - INFO - Epoch [23][350/3488]	lr: 1.000e-04, eta: 2:09:21, time: 0.251, data_time: 0.036, memory: 8019, loss_cls: 0.3799, loss_bbox: 0.3562, loss_kps: 0.0000, loss: 0.7362
2026-09-22 13:52:52,034 - mmdet - INFO - Epoch [23][400/3488]	lr: 1.000e-04, eta: 2:09:07, time: 0.250, data_time: 0.035, memory: 8019, loss_cls: 0.3886, loss_bbox: 0.3690, loss_kps: 0.0000, loss: 0.7576
2026-09-22 13:53:04,909 - mmdet - INFO - Epoch [23][450/3488]	lr: 1.000e-04, eta: 2:08:52, time: 0.257, data_time: 0.037, memory: 8019, loss_cls: 0.3948, loss_bbox: 0.3680, loss_kps: 0.0000, loss: 0.7627
2026-09-22 13:53:17,385 - mmdet - INFO - Epoch [23][500/3488]	lr: 1.000e-04, eta: 2:08:37, time: 0.250, data_time: 0.034, memory: 8019, loss_cls: 0.3812, loss_bbox: 0.3745, loss_kps: 0.0000, loss: 0.7557
2026-09-22 13:53:30,118 - mmdet - INFO - Epoch [23][550/3488]	lr: 1.000e-04, eta: 2:08:23, time: 0.255, data_time: 0.035, memory: 8019, loss_cls: 0.3863, loss_bbox: 0.3629, loss_kps: 0.0000, loss: 0.7492
2026-09-22 13:53:42,719 - mmdet - INFO - Epoch [23][600/3488]	lr: 1.000e-04, eta: 2:08:08, time: 0.252, data_time: 0.036, memory: 8019, loss_cls: 0.3844, loss_bbox: 0.3554, loss_kps: 0.0000, loss: 0.7397
2026-09-22 13:53:55,256 - mmdet - INFO - Epoch [23][650/3488]	lr: 1.000e-04, eta: 2:07:54, time: 0.251, data_time: 0.037, memory: 8019, loss_cls: 0.3847, loss_bbox: 0.3673, loss_kps: 0.0000, loss: 0.7520
2026-09-22 13:54:07,935 - mmdet - INFO - Epoch [23][700/3488]	lr: 1.000e-04, eta: 2:07:39, time: 0.254, data_time: 0.035, memory: 8019, loss_cls: 0.3966, loss_bbox: 0.3591, loss_kps: 0.0000, loss: 0.7557
2026-09-22 13:54:20,653 - mmdet - INFO - Epoch [23][750/3488]	lr: 1.000e-04, eta: 2:07:24, time: 0.254, data_time: 0.037, memory: 8019, loss_cls: 0.3888, loss_bbox: 0.3596, loss_kps: 0.0000, loss: 0.7484
2026-09-22 13:54:56,700 - mmdet - INFO - Epoch [23][800/3488]	lr: 1.000e-04, eta: 2:07:18, time: 0.721, data_time: 0.028, memory: 8019, loss_cls: 0.3974, loss_bbox: 0.3734, loss_kps: 0.0000, loss: 0.7709
2026-09-22 13:55:24,546 - mmdet - INFO - Epoch [23][850/3488]	lr: 1.000e-04, eta: 2:07:09, time: 0.556, data_time: 0.030, memory: 8019, loss_cls: 0.3989, loss_bbox: 0.3582, loss_kps: 0.0000, loss: 0.7571
2026-09-22 13:55:45,599 - mmdet - INFO - Epoch [23][900/3488]	lr: 1.000e-04, eta: 2:06:57, time: 0.422, data_time: 0.033, memory: 8019, loss_cls: 0.3901, loss_bbox: 0.3666, loss_kps: 0.0000, loss: 0.7567
2026-09-22 13:57:00,934 - mmdet - INFO - Epoch [23][950/3488]	lr: 1.000e-04, eta: 2:07:04, time: 1.504, data_time: 0.029, memory: 8019, loss_cls: 0.3781, loss_bbox: 0.3634, loss_kps: 0.0000, loss: 0.7415
2026-09-22 13:57:45,595 - mmdet - INFO - Epoch [23][1000/3488]	lr: 1.000e-04, eta: 2:07:01, time: 0.896, data_time: 0.032, memory: 8019, loss_cls: 0.3884, loss_bbox: 0.3683, loss_kps: 0.0000, loss: 0.7568
2026-09-22 13:58:18,048 - mmdet - INFO - Epoch [23][1050/3488]	lr: 1.000e-04, eta: 2:06:53, time: 0.648, data_time: 0.031, memory: 8019, loss_cls: 0.3832, loss_bbox: 0.3669, loss_kps: 0.0000, loss: 0.7501
2026-09-22 13:58:48,240 - mmdet - INFO - Epoch [23][1100/3488]	lr: 1.000e-04, eta: 2:06:44, time: 0.604, data_time: 0.033, memory: 8019, loss_cls: 0.3628, loss_bbox: 0.3539, loss_kps: 0.0000, loss: 0.7167
2026-09-22 13:59:09,669 - mmdet - INFO - Epoch [23][1150/3488]	lr: 1.000e-04, eta: 2:06:32, time: 0.430, data_time: 0.043, memory: 8019, loss_cls: 0.3926, loss_bbox: 0.3642, loss_kps: 0.0000, loss: 0.7569
2026-09-22 13:59:22,453 - mmdet - INFO - Epoch [23][1200/3488]	lr: 1.000e-04, eta: 2:06:18, time: 0.256, data_time: 0.039, memory: 8019, loss_cls: 0.3917, loss_bbox: 0.3606, loss_kps: 0.0000, loss: 0.7524
2026-09-22 13:59:55,179 - mmdet - INFO - Epoch [23][1250/3488]	lr: 1.000e-04, eta: 2:06:10, time: 0.653, data_time: 0.029, memory: 8019, loss_cls: 0.3813, loss_bbox: 0.3642, loss_kps: 0.0000, loss: 0.7455
2026-09-22 14:00:21,960 - mmdet - INFO - Epoch [23][1300/3488]	lr: 1.000e-04, eta: 2:06:00, time: 0.535, data_time: 0.033, memory: 8019, loss_cls: 0.3851, loss_bbox: 0.3610, loss_kps: 0.0000, loss: 0.7461
2026-09-22 14:00:46,981 - mmdet - INFO - Epoch [23][1350/3488]	lr: 1.000e-04, eta: 2:05:49, time: 0.502, data_time: 0.031, memory: 8019, loss_cls: 0.3821, loss_bbox: 0.3608, loss_kps: 0.0000, loss: 0.7429
2026-09-22 14:00:59,492 - mmdet - INFO - Epoch [23][1400/3488]	lr: 1.000e-04, eta: 2:05:35, time: 0.249, data_time: 0.035, memory: 8019, loss_cls: 0.3883, loss_bbox: 0.3668, loss_kps: 0.0000, loss: 0.7551
2026-09-22 14:01:35,288 - mmdet - INFO - Epoch [23][1450/3488]	lr: 1.000e-04, eta: 2:05:28, time: 0.717, data_time: 0.030, memory: 8019, loss_cls: 0.3627, loss_bbox: 0.3554, loss_kps: 0.0000, loss: 0.7181
2026-09-22 14:02:04,619 - mmdet - INFO - Epoch [23][1500/3488]	lr: 1.000e-04, eta: 2:05:19, time: 0.586, data_time: 0.031, memory: 8019, loss_cls: 0.3890, loss_bbox: 0.3594, loss_kps: 0.0000, loss: 0.7484
2026-09-22 14:02:24,008 - mmdet - INFO - Epoch [23][1550/3488]	lr: 1.000e-04, eta: 2:05:06, time: 0.389, data_time: 0.036, memory: 8019, loss_cls: 0.3834, loss_bbox: 0.3624, loss_kps: 0.0000, loss: 0.7458
2026-09-22 14:02:37,023 - mmdet - INFO - Epoch [23][1600/3488]	lr: 1.000e-04, eta: 2:04:51, time: 0.260, data_time: 0.038, memory: 8019, loss_cls: 0.4003, loss_bbox: 0.3597, loss_kps: 0.0000, loss: 0.7599
2026-09-22 14:02:49,838 - mmdet - INFO - Epoch [23][1650/3488]	lr: 1.000e-04, eta: 2:04:37, time: 0.256, data_time: 0.037, memory: 8019, loss_cls: 0.3831, loss_bbox: 0.3660, loss_kps: 0.0000, loss: 0.7491
2026-09-22 14:03:02,641 - mmdet - INFO - Epoch [23][1700/3488]	lr: 1.000e-04, eta: 2:04:22, time: 0.256, data_time: 0.039, memory: 8019, loss_cls: 0.3982, loss_bbox: 0.3679, loss_kps: 0.0000, loss: 0.7660
2026-09-22 14:03:15,594 - mmdet - INFO - Epoch [23][1750/3488]	lr: 1.000e-04, eta: 2:04:07, time: 0.259, data_time: 0.036, memory: 8019, loss_cls: 0.3856, loss_bbox: 0.3686, loss_kps: 0.0000, loss: 0.7542
2026-09-22 14:03:28,297 - mmdet - INFO - Epoch [23][1800/3488]	lr: 1.000e-04, eta: 2:03:53, time: 0.254, data_time: 0.036, memory: 8019, loss_cls: 0.3738, loss_bbox: 0.3662, loss_kps: 0.0000, loss: 0.7400
2026-09-22 14:03:40,873 - mmdet - INFO - Epoch [23][1850/3488]	lr: 1.000e-04, eta: 2:03:38, time: 0.252, data_time: 0.039, memory: 8019, loss_cls: 0.3807, loss_bbox: 0.3617, loss_kps: 0.0000, loss: 0.7425
2026-09-22 14:03:53,473 - mmdet - INFO - Epoch [23][1900/3488]	lr: 1.000e-04, eta: 2:03:23, time: 0.252, data_time: 0.036, memory: 8019, loss_cls: 0.3780, loss_bbox: 0.3572, loss_kps: 0.0000, loss: 0.7351
2026-09-22 14:04:05,934 - mmdet - INFO - Epoch [23][1950/3488]	lr: 1.000e-04, eta: 2:03:08, time: 0.249, data_time: 0.037, memory: 8019, loss_cls: 0.3744, loss_bbox: 0.3551, loss_kps: 0.0000, loss: 0.7295
2026-09-22 14:04:18,994 - mmdet - INFO - Epoch [23][2000/3488]	lr: 1.000e-04, eta: 2:02:54, time: 0.261, data_time: 0.036, memory: 8019, loss_cls: 0.3840, loss_bbox: 0.3703, loss_kps: 0.0000, loss: 0.7543
2026-09-22 14:04:31,790 - mmdet - INFO - Epoch [23][2050/3488]	lr: 1.000e-04, eta: 2:02:39, time: 0.256, data_time: 0.038, memory: 8019, loss_cls: 0.4147, loss_bbox: 0.3774, loss_kps: 0.0000, loss: 0.7921
2026-09-22 14:04:44,633 - mmdet - INFO - Epoch [23][2100/3488]	lr: 1.000e-04, eta: 2:02:24, time: 0.257, data_time: 0.037, memory: 8019, loss_cls: 0.3738, loss_bbox: 0.3538, loss_kps: 0.0000, loss: 0.7276
2026-09-22 14:04:57,687 - mmdet - INFO - Epoch [23][2150/3488]	lr: 1.000e-04, eta: 2:02:10, time: 0.261, data_time: 0.047, memory: 8019, loss_cls: 0.3856, loss_bbox: 0.3700, loss_kps: 0.0000, loss: 0.7556
2026-09-22 14:05:10,505 - mmdet - INFO - Epoch [23][2200/3488]	lr: 1.000e-04, eta: 2:01:55, time: 0.256, data_time: 0.037, memory: 8019, loss_cls: 0.3956, loss_bbox: 0.3754, loss_kps: 0.0000, loss: 0.7710
2026-09-22 14:05:24,619 - mmdet - INFO - Epoch [23][2250/3488]	lr: 1.000e-04, eta: 2:01:41, time: 0.283, data_time: 0.045, memory: 8019, loss_cls: 0.3824, loss_bbox: 0.3552, loss_kps: 0.0000, loss: 0.7375
2026-09-22 14:05:59,713 - mmdet - INFO - Epoch [23][2300/3488]	lr: 1.000e-04, eta: 2:01:33, time: 0.701, data_time: 0.034, memory: 8019, loss_cls: 0.3739, loss_bbox: 0.3582, loss_kps: 0.0000, loss: 0.7321
2026-09-22 14:06:35,372 - mmdet - INFO - Epoch [23][2350/3488]	lr: 1.000e-04, eta: 2:01:26, time: 0.713, data_time: 0.030, memory: 8019, loss_cls: 0.3917, loss_bbox: 0.3632, loss_kps: 0.0000, loss: 0.7550
2026-09-22 14:06:53,763 - mmdet - INFO - Epoch [23][2400/3488]	lr: 1.000e-04, eta: 2:01:13, time: 0.369, data_time: 0.035, memory: 8019, loss_cls: 0.3718, loss_bbox: 0.3546, loss_kps: 0.0000, loss: 0.7264
2026-09-22 14:07:24,094 - mmdet - INFO - Epoch [23][2450/3488]	lr: 1.000e-04, eta: 2:01:04, time: 0.605, data_time: 0.033, memory: 8019, loss_cls: 0.3689, loss_bbox: 0.3505, loss_kps: 0.0000, loss: 0.7194
2026-09-22 14:07:52,256 - mmdet - INFO - Epoch [23][2500/3488]	lr: 1.000e-04, eta: 2:00:54, time: 0.563, data_time: 0.035, memory: 8019, loss_cls: 0.3967, loss_bbox: 0.3673, loss_kps: 0.0000, loss: 0.7640
2026-09-22 14:08:21,987 - mmdet - INFO - Epoch [23][2550/3488]	lr: 1.000e-04, eta: 2:00:45, time: 0.596, data_time: 0.032, memory: 8019, loss_cls: 0.3761, loss_bbox: 0.3576, loss_kps: 0.0000, loss: 0.7337
2026-09-22 14:08:34,946 - mmdet - INFO - Epoch [23][2600/3488]	lr: 1.000e-04, eta: 2:00:30, time: 0.259, data_time: 0.039, memory: 8019, loss_cls: 0.3800, loss_bbox: 0.3514, loss_kps: 0.0000, loss: 0.7315
2026-09-22 14:08:47,604 - mmdet - INFO - Epoch [23][2650/3488]	lr: 1.000e-04, eta: 2:00:15, time: 0.253, data_time: 0.038, memory: 8019, loss_cls: 0.3690, loss_bbox: 0.3584, loss_kps: 0.0000, loss: 0.7275
2026-09-22 14:09:00,374 - mmdet - INFO - Epoch [23][2700/3488]	lr: 1.000e-04, eta: 2:00:00, time: 0.255, data_time: 0.038, memory: 8019, loss_cls: 0.4039, loss_bbox: 0.3705, loss_kps: 0.0000, loss: 0.7744
2026-09-22 14:09:13,074 - mmdet - INFO - Epoch [23][2750/3488]	lr: 1.000e-04, eta: 1:59:46, time: 0.254, data_time: 0.038, memory: 8019, loss_cls: 0.3834, loss_bbox: 0.3639, loss_kps: 0.0000, loss: 0.7473
2026-09-22 14:09:25,844 - mmdet - INFO - Epoch [23][2800/3488]	lr: 1.000e-04, eta: 1:59:31, time: 0.255, data_time: 0.040, memory: 8019, loss_cls: 0.3912, loss_bbox: 0.3726, loss_kps: 0.0000, loss: 0.7638
2026-09-22 14:09:38,546 - mmdet - INFO - Epoch [23][2850/3488]	lr: 1.000e-04, eta: 1:59:16, time: 0.254, data_time: 0.038, memory: 8019, loss_cls: 0.3686, loss_bbox: 0.3441, loss_kps: 0.0000, loss: 0.7127
2026-09-22 14:09:51,816 - mmdet - INFO - Epoch [23][2900/3488]	lr: 1.000e-04, eta: 1:59:01, time: 0.265, data_time: 0.039, memory: 8019, loss_cls: 0.3807, loss_bbox: 0.3535, loss_kps: 0.0000, loss: 0.7343
2026-09-22 14:10:19,762 - mmdet - INFO - Epoch [23][2950/3488]	lr: 1.000e-04, eta: 1:58:51, time: 0.557, data_time: 0.037, memory: 8019, loss_cls: 0.3914, loss_bbox: 0.3621, loss_kps: 0.0000, loss: 0.7535
2026-09-22 14:11:04,535 - mmdet - INFO - Epoch [23][3000/3488]	lr: 1.000e-04, eta: 1:58:47, time: 0.896, data_time: 0.031, memory: 8019, loss_cls: 0.3832, loss_bbox: 0.3584, loss_kps: 0.0000, loss: 0.7416
2026-09-22 14:11:48,635 - mmdet - INFO - Epoch [23][3050/3488]	lr: 1.000e-04, eta: 1:58:42, time: 0.883, data_time: 0.031, memory: 8019, loss_cls: 0.3947, loss_bbox: 0.3639, loss_kps: 0.0000, loss: 0.7587
2026-09-22 14:12:24,981 - mmdet - INFO - Epoch [23][3100/3488]	lr: 1.000e-04, eta: 1:58:34, time: 0.725, data_time: 0.032, memory: 8019, loss_cls: 0.3732, loss_bbox: 0.3644, loss_kps: 0.0000, loss: 0.7376
2026-09-22 14:13:11,182 - mmdet - INFO - Epoch [23][3150/3488]	lr: 1.000e-04, eta: 1:58:30, time: 0.924, data_time: 0.032, memory: 8019, loss_cls: 0.3916, loss_bbox: 0.3537, loss_kps: 0.0000, loss: 0.7453
2026-09-22 14:13:56,569 - mmdet - INFO - Epoch [23][3200/3488]	lr: 1.000e-04, eta: 1:58:25, time: 0.908, data_time: 0.041, memory: 8019, loss_cls: 0.3733, loss_bbox: 0.3576, loss_kps: 0.0000, loss: 0.7309
2026-09-22 14:14:12,805 - mmdet - INFO - Epoch [23][3250/3488]	lr: 1.000e-04, eta: 1:58:11, time: 0.326, data_time: 0.037, memory: 8019, loss_cls: 0.3827, loss_bbox: 0.3641, loss_kps: 0.0000, loss: 0.7468
2026-09-22 14:14:26,172 - mmdet - INFO - Epoch [23][3300/3488]	lr: 1.000e-04, eta: 1:57:56, time: 0.267, data_time: 0.040, memory: 8019, loss_cls: 0.3694, loss_bbox: 0.3563, loss_kps: 0.0000, loss: 0.7257
2026-09-22 14:15:11,066 - mmdet - INFO - Epoch [23][3350/3488]	lr: 1.000e-04, eta: 1:57:51, time: 0.897, data_time: 0.034, memory: 8019, loss_cls: 0.3963, loss_bbox: 0.3704, loss_kps: 0.0000, loss: 0.7667
2026-09-22 14:15:39,310 - mmdet - INFO - Epoch [23][3400/3488]	lr: 1.000e-04, eta: 1:57:41, time: 0.564, data_time: 0.036, memory: 8019, loss_cls: 0.3591, loss_bbox: 0.3560, loss_kps: 0.0000, loss: 0.7152
2026-09-22 14:16:28,798 - mmdet - INFO - Epoch [23][3450/3488]	lr: 1.000e-04, eta: 1:57:38, time: 0.990, data_time: 0.034, memory: 8019, loss_cls: 0.3957, loss_bbox: 0.3703, loss_kps: 0.0000, loss: 0.7660
2026-09-22 14:16:48,557 - mmdet - INFO - Saving checkpoint at 23 epochs
2026-09-22 14:17:09,537 - mmdet - INFO - Epoch [24][50/3488]	lr: 1.000e-04, eta: 1:57:11, time: 0.415, data_time: 0.174, memory: 8019, loss_cls: 0.3816, loss_bbox: 0.3677, loss_kps: 0.0000, loss: 0.7494
2026-09-22 14:17:34,891 - mmdet - INFO - Epoch [24][100/3488]	lr: 1.000e-04, eta: 1:57:00, time: 0.505, data_time: 0.039, memory: 8019, loss_cls: 0.3823, loss_bbox: 0.3564, loss_kps: 0.0000, loss: 0.7387
2026-09-22 14:18:21,563 - mmdet - INFO - Epoch [24][150/3488]	lr: 1.000e-04, eta: 1:56:55, time: 0.935, data_time: 0.031, memory: 8019, loss_cls: 0.3757, loss_bbox: 0.3655, loss_kps: 0.0000, loss: 0.7412
2026-09-22 14:18:50,755 - mmdet - INFO - Epoch [24][200/3488]	lr: 1.000e-04, eta: 1:56:45, time: 0.582, data_time: 0.035, memory: 8019, loss_cls: 0.3928, loss_bbox: 0.3705, loss_kps: 0.0000, loss: 0.7633
2026-09-22 14:19:33,599 - mmdet - INFO - Epoch [24][250/3488]	lr: 1.000e-04, eta: 1:56:39, time: 0.859, data_time: 0.032, memory: 8019, loss_cls: 0.3851, loss_bbox: 0.3656, loss_kps: 0.0000, loss: 0.7506
2026-09-22 14:19:46,966 - mmdet - INFO - Epoch [24][300/3488]	lr: 1.000e-04, eta: 1:56:24, time: 0.268, data_time: 0.039, memory: 8019, loss_cls: 0.3820, loss_bbox: 0.3567, loss_kps: 0.0000, loss: 0.7387
2026-09-22 14:19:59,785 - mmdet - INFO - Epoch [24][350/3488]	lr: 1.000e-04, eta: 1:56:09, time: 0.256, data_time: 0.038, memory: 8019, loss_cls: 0.3928, loss_bbox: 0.3580, loss_kps: 0.0000, loss: 0.7509
2026-09-22 14:20:12,428 - mmdet - INFO - Epoch [24][400/3488]	lr: 1.000e-04, eta: 1:55:54, time: 0.253, data_time: 0.039, memory: 8019, loss_cls: 0.3690, loss_bbox: 0.3508, loss_kps: 0.0000, loss: 0.7198
2026-09-22 14:20:25,211 - mmdet - INFO - Epoch [24][450/3488]	lr: 1.000e-04, eta: 1:55:39, time: 0.256, data_time: 0.040, memory: 8019, loss_cls: 0.3868, loss_bbox: 0.3569, loss_kps: 0.0000, loss: 0.7437
2026-09-22 14:20:38,118 - mmdet - INFO - Epoch [24][500/3488]	lr: 1.000e-04, eta: 1:55:24, time: 0.258, data_time: 0.041, memory: 8019, loss_cls: 0.3739, loss_bbox: 0.3572, loss_kps: 0.0000, loss: 0.7312
2026-09-22 14:20:50,855 - mmdet - INFO - Epoch [24][550/3488]	lr: 1.000e-04, eta: 1:55:09, time: 0.255, data_time: 0.038, memory: 8019, loss_cls: 0.3742, loss_bbox: 0.3595, loss_kps: 0.0000, loss: 0.7337
2026-09-22 14:21:04,252 - mmdet - INFO - Epoch [24][600/3488]	lr: 1.000e-04, eta: 1:54:54, time: 0.268, data_time: 0.049, memory: 8019, loss_cls: 0.3668, loss_bbox: 0.3587, loss_kps: 0.0000, loss: 0.7255
2026-09-22 14:21:16,924 - mmdet - INFO - Epoch [24][650/3488]	lr: 1.000e-04, eta: 1:54:39, time: 0.253, data_time: 0.038, memory: 8019, loss_cls: 0.3914, loss_bbox: 0.3710, loss_kps: 0.0000, loss: 0.7624
2026-09-22 14:21:29,534 - mmdet - INFO - Epoch [24][700/3488]	lr: 1.000e-04, eta: 1:54:24, time: 0.252, data_time: 0.037, memory: 8019, loss_cls: 0.3851, loss_bbox: 0.3619, loss_kps: 0.0000, loss: 0.7470
2026-09-22 14:21:42,302 - mmdet - INFO - Epoch [24][750/3488]	lr: 1.000e-04, eta: 1:54:09, time: 0.255, data_time: 0.039, memory: 8019, loss_cls: 0.3872, loss_bbox: 0.3639, loss_kps: 0.0000, loss: 0.7510
2026-09-22 14:21:54,899 - mmdet - INFO - Epoch [24][800/3488]	lr: 1.000e-04, eta: 1:53:54, time: 0.252, data_time: 0.037, memory: 8019, loss_cls: 0.3684, loss_bbox: 0.3550, loss_kps: 0.0000, loss: 0.7235
2026-09-22 14:22:07,549 - mmdet - INFO - Epoch [24][850/3488]	lr: 1.000e-04, eta: 1:53:39, time: 0.253, data_time: 0.039, memory: 8019, loss_cls: 0.3842, loss_bbox: 0.3754, loss_kps: 0.0000, loss: 0.7596
2026-09-22 14:22:20,333 - mmdet - INFO - Epoch [24][900/3488]	lr: 1.000e-04, eta: 1:53:24, time: 0.256, data_time: 0.040, memory: 8019, loss_cls: 0.3902, loss_bbox: 0.3662, loss_kps: 0.0000, loss: 0.7565
2026-09-22 14:22:33,117 - mmdet - INFO - Epoch [24][950/3488]	lr: 1.000e-04, eta: 1:53:09, time: 0.255, data_time: 0.038, memory: 8019, loss_cls: 0.3825, loss_bbox: 0.3645, loss_kps: 0.0000, loss: 0.7470
2026-09-22 14:22:45,792 - mmdet - INFO - Epoch [24][1000/3488]	lr: 1.000e-04, eta: 1:52:54, time: 0.253, data_time: 0.039, memory: 8019, loss_cls: 0.3868, loss_bbox: 0.3695, loss_kps: 0.0000, loss: 0.7563
2026-09-22 14:22:58,810 - mmdet - INFO - Epoch [24][1050/3488]	lr: 1.000e-04, eta: 1:52:40, time: 0.260, data_time: 0.041, memory: 8019, loss_cls: 0.3922, loss_bbox: 0.3703, loss_kps: 0.0000, loss: 0.7626
2026-09-22 14:23:11,564 - mmdet - INFO - Epoch [24][1100/3488]	lr: 1.000e-04, eta: 1:52:25, time: 0.255, data_time: 0.039, memory: 8019, loss_cls: 0.3755, loss_bbox: 0.3578, loss_kps: 0.0000, loss: 0.7333
2026-09-22 14:23:24,266 - mmdet - INFO - Epoch [24][1150/3488]	lr: 1.000e-04, eta: 1:52:10, time: 0.254, data_time: 0.039, memory: 8019, loss_cls: 0.3826, loss_bbox: 0.3605, loss_kps: 0.0000, loss: 0.7431
2026-09-22 14:23:36,924 - mmdet - INFO - Epoch [24][1200/3488]	lr: 1.000e-04, eta: 1:51:55, time: 0.253, data_time: 0.038, memory: 8019, loss_cls: 0.3781, loss_bbox: 0.3572, loss_kps: 0.0000, loss: 0.7353
2026-09-22 14:23:49,587 - mmdet - INFO - Epoch [24][1250/3488]	lr: 1.000e-04, eta: 1:51:40, time: 0.253, data_time: 0.041, memory: 8019, loss_cls: 0.3641, loss_bbox: 0.3547, loss_kps: 0.0000, loss: 0.7189
2026-09-22 14:24:02,448 - mmdet - INFO - Epoch [24][1300/3488]	lr: 1.000e-04, eta: 1:51:25, time: 0.257, data_time: 0.041, memory: 8019, loss_cls: 0.3881, loss_bbox: 0.3648, loss_kps: 0.0000, loss: 0.7529
2026-09-22 14:24:15,171 - mmdet - INFO - Epoch [24][1350/3488]	lr: 1.000e-04, eta: 1:51:10, time: 0.254, data_time: 0.038, memory: 8019, loss_cls: 0.3795, loss_bbox: 0.3606, loss_kps: 0.0000, loss: 0.7401
2026-09-22 14:24:27,832 - mmdet - INFO - Epoch [24][1400/3488]	lr: 1.000e-04, eta: 1:50:55, time: 0.253, data_time: 0.038, memory: 8019, loss_cls: 0.3948, loss_bbox: 0.3704, loss_kps: 0.0000, loss: 0.7652
2026-09-22 14:24:41,029 - mmdet - INFO - Epoch [24][1450/3488]	lr: 1.000e-04, eta: 1:50:40, time: 0.264, data_time: 0.040, memory: 8019, loss_cls: 0.3867, loss_bbox: 0.3645, loss_kps: 0.0000, loss: 0.7513
2026-09-22 14:24:53,433 - mmdet - INFO - Epoch [24][1500/3488]	lr: 1.000e-04, eta: 1:50:25, time: 0.248, data_time: 0.039, memory: 8019, loss_cls: 0.3901, loss_bbox: 0.3597, loss_kps: 0.0000, loss: 0.7498
2026-09-22 14:25:06,343 - mmdet - INFO - Epoch [24][1550/3488]	lr: 1.000e-04, eta: 1:50:10, time: 0.258, data_time: 0.048, memory: 8019, loss_cls: 0.3705, loss_bbox: 0.3673, loss_kps: 0.0000, loss: 0.7378
2026-09-22 14:25:19,122 - mmdet - INFO - Epoch [24][1600/3488]	lr: 1.000e-04, eta: 1:49:55, time: 0.256, data_time: 0.040, memory: 8019, loss_cls: 0.3610, loss_bbox: 0.3581, loss_kps: 0.0000, loss: 0.7191
2026-09-22 14:25:31,999 - mmdet - INFO - Epoch [24][1650/3488]	lr: 1.000e-04, eta: 1:49:40, time: 0.258, data_time: 0.037, memory: 8019, loss_cls: 0.3842, loss_bbox: 0.3577, loss_kps: 0.0000, loss: 0.7419
2026-09-22 14:25:44,653 - mmdet - INFO - Epoch [24][1700/3488]	lr: 1.000e-04, eta: 1:49:25, time: 0.253, data_time: 0.038, memory: 8019, loss_cls: 0.3929, loss_bbox: 0.3651, loss_kps: 0.0000, loss: 0.7579
2026-09-22 14:25:57,568 - mmdet - INFO - Epoch [24][1750/3488]	lr: 1.000e-04, eta: 1:49:10, time: 0.258, data_time: 0.038, memory: 8019, loss_cls: 0.3804, loss_bbox: 0.3584, loss_kps: 0.0000, loss: 0.7388
2026-09-22 14:26:10,389 - mmdet - INFO - Epoch [24][1800/3488]	lr: 1.000e-04, eta: 1:48:56, time: 0.256, data_time: 0.039, memory: 8019, loss_cls: 0.3837, loss_bbox: 0.3588, loss_kps: 0.0000, loss: 0.7424
2026-09-22 14:26:23,203 - mmdet - INFO - Epoch [24][1850/3488]	lr: 1.000e-04, eta: 1:48:41, time: 0.256, data_time: 0.039, memory: 8019, loss_cls: 0.3828, loss_bbox: 0.3590, loss_kps: 0.0000, loss: 0.7418
2026-09-22 14:26:35,877 - mmdet - INFO - Epoch [24][1900/3488]	lr: 1.000e-04, eta: 1:48:26, time: 0.253, data_time: 0.037, memory: 8019, loss_cls: 0.3864, loss_bbox: 0.3569, loss_kps: 0.0000, loss: 0.7433
2026-09-22 14:26:48,755 - mmdet - INFO - Epoch [24][1950/3488]	lr: 1.000e-04, eta: 1:48:11, time: 0.258, data_time: 0.039, memory: 8019, loss_cls: 0.3794, loss_bbox: 0.3657, loss_kps: 0.0000, loss: 0.7451
2026-09-22 14:27:01,457 - mmdet - INFO - Epoch [24][2000/3488]	lr: 1.000e-04, eta: 1:47:56, time: 0.254, data_time: 0.037, memory: 8019, loss_cls: 0.3922, loss_bbox: 0.3627, loss_kps: 0.0000, loss: 0.7549
2026-09-22 14:27:13,948 - mmdet - INFO - Epoch [24][2050/3488]	lr: 1.000e-04, eta: 1:47:41, time: 0.250, data_time: 0.039, memory: 8019, loss_cls: 0.3980, loss_bbox: 0.3627, loss_kps: 0.0000, loss: 0.7607
2026-09-22 14:27:26,829 - mmdet - INFO - Epoch [24][2100/3488]	lr: 1.000e-04, eta: 1:47:26, time: 0.258, data_time: 0.039, memory: 8019, loss_cls: 0.4049, loss_bbox: 0.3680, loss_kps: 0.0000, loss: 0.7729
2026-09-22 14:27:39,581 - mmdet - INFO - Epoch [24][2150/3488]	lr: 1.000e-04, eta: 1:47:11, time: 0.255, data_time: 0.039, memory: 8019, loss_cls: 0.3864, loss_bbox: 0.3594, loss_kps: 0.0000, loss: 0.7458
2026-09-22 14:27:52,175 - mmdet - INFO - Epoch [24][2200/3488]	lr: 1.000e-04, eta: 1:46:56, time: 0.252, data_time: 0.041, memory: 8019, loss_cls: 0.3720, loss_bbox: 0.3544, loss_kps: 0.0000, loss: 0.7264
2026-09-22 14:28:04,891 - mmdet - INFO - Epoch [24][2250/3488]	lr: 1.000e-04, eta: 1:46:41, time: 0.254, data_time: 0.039, memory: 8019, loss_cls: 0.3616, loss_bbox: 0.3560, loss_kps: 0.0000, loss: 0.7176
2026-09-22 14:28:17,641 - mmdet - INFO - Epoch [24][2300/3488]	lr: 1.000e-04, eta: 1:46:26, time: 0.255, data_time: 0.041, memory: 8019, loss_cls: 0.3669, loss_bbox: 0.3560, loss_kps: 0.0000, loss: 0.7230
2026-09-22 14:28:30,347 - mmdet - INFO - Epoch [24][2350/3488]	lr: 1.000e-04, eta: 1:46:12, time: 0.254, data_time: 0.038, memory: 8019, loss_cls: 0.3854, loss_bbox: 0.3633, loss_kps: 0.0000, loss: 0.7488
2026-09-22 14:28:43,005 - mmdet - INFO - Epoch [24][2400/3488]	lr: 1.000e-04, eta: 1:45:57, time: 0.253, data_time: 0.039, memory: 8019, loss_cls: 0.3891, loss_bbox: 0.3557, loss_kps: 0.0000, loss: 0.7448
2026-09-22 14:28:55,738 - mmdet - INFO - Epoch [24][2450/3488]	lr: 1.000e-04, eta: 1:45:42, time: 0.255, data_time: 0.040, memory: 8019, loss_cls: 0.3828, loss_bbox: 0.3542, loss_kps: 0.0000, loss: 0.7370
2026-09-22 14:29:08,570 - mmdet - INFO - Epoch [24][2500/3488]	lr: 1.000e-04, eta: 1:45:27, time: 0.257, data_time: 0.038, memory: 8019, loss_cls: 0.3775, loss_bbox: 0.3578, loss_kps: 0.0000, loss: 0.7352
2026-09-22 14:29:21,360 - mmdet - INFO - Epoch [24][2550/3488]	lr: 1.000e-04, eta: 1:45:12, time: 0.256, data_time: 0.038, memory: 8019, loss_cls: 0.3928, loss_bbox: 0.3607, loss_kps: 0.0000, loss: 0.7535
2026-09-22 14:29:33,978 - mmdet - INFO - Epoch [24][2600/3488]	lr: 1.000e-04, eta: 1:44:57, time: 0.252, data_time: 0.040, memory: 8019, loss_cls: 0.3841, loss_bbox: 0.3537, loss_kps: 0.0000, loss: 0.7379
2026-09-22 14:29:46,924 - mmdet - INFO - Epoch [24][2650/3488]	lr: 1.000e-04, eta: 1:44:42, time: 0.259, data_time: 0.048, memory: 8019, loss_cls: 0.3843, loss_bbox: 0.3648, loss_kps: 0.0000, loss: 0.7491
2026-09-22 14:29:59,696 - mmdet - INFO - Epoch [24][2700/3488]	lr: 1.000e-04, eta: 1:44:27, time: 0.255, data_time: 0.041, memory: 8019, loss_cls: 0.3615, loss_bbox: 0.3535, loss_kps: 0.0000, loss: 0.7151
2026-09-22 14:30:12,425 - mmdet - INFO - Epoch [24][2750/3488]	lr: 1.000e-04, eta: 1:44:13, time: 0.255, data_time: 0.037, memory: 8019, loss_cls: 0.3946, loss_bbox: 0.3599, loss_kps: 0.0000, loss: 0.7546
2026-09-22 14:30:25,302 - mmdet - INFO - Epoch [24][2800/3488]	lr: 1.000e-04, eta: 1:43:58, time: 0.258, data_time: 0.039, memory: 8019, loss_cls: 0.3750, loss_bbox: 0.3546, loss_kps: 0.0000, loss: 0.7296
2026-09-22 14:30:38,096 - mmdet - INFO - Epoch [24][2850/3488]	lr: 1.000e-04, eta: 1:43:43, time: 0.256, data_time: 0.038, memory: 8019, loss_cls: 0.3767, loss_bbox: 0.3510, loss_kps: 0.0000, loss: 0.7278
2026-09-22 14:30:51,195 - mmdet - INFO - Epoch [24][2900/3488]	lr: 1.000e-04, eta: 1:43:28, time: 0.262, data_time: 0.040, memory: 8019, loss_cls: 0.4027, loss_bbox: 0.3746, loss_kps: 0.0000, loss: 0.7773
2026-09-22 14:31:03,893 - mmdet - INFO - Epoch [24][2950/3488]	lr: 1.000e-04, eta: 1:43:13, time: 0.254, data_time: 0.039, memory: 8019, loss_cls: 0.3778, loss_bbox: 0.3554, loss_kps: 0.0000, loss: 0.7332
2026-09-22 14:31:16,641 - mmdet - INFO - Epoch [24][3000/3488]	lr: 1.000e-04, eta: 1:42:58, time: 0.255, data_time: 0.038, memory: 8019, loss_cls: 0.3918, loss_bbox: 0.3618, loss_kps: 0.0000, loss: 0.7536
2026-09-22 14:31:29,391 - mmdet - INFO - Epoch [24][3050/3488]	lr: 1.000e-04, eta: 1:42:43, time: 0.255, data_time: 0.039, memory: 8019, loss_cls: 0.3866, loss_bbox: 0.3677, loss_kps: 0.0000, loss: 0.7543
2026-09-22 14:31:42,256 - mmdet - INFO - Epoch [24][3100/3488]	lr: 1.000e-04, eta: 1:42:29, time: 0.257, data_time: 0.040, memory: 8019, loss_cls: 0.3764, loss_bbox: 0.3566, loss_kps: 0.0000, loss: 0.7330
2026-09-22 14:31:54,985 - mmdet - INFO - Epoch [24][3150/3488]	lr: 1.000e-04, eta: 1:42:14, time: 0.255, data_time: 0.039, memory: 8019, loss_cls: 0.4012, loss_bbox: 0.3615, loss_kps: 0.0000, loss: 0.7628
2026-09-22 14:32:07,778 - mmdet - INFO - Epoch [24][3200/3488]	lr: 1.000e-04, eta: 1:41:59, time: 0.256, data_time: 0.037, memory: 8019, loss_cls: 0.3656, loss_bbox: 0.3392, loss_kps: 0.0000, loss: 0.7048
2026-09-22 14:32:20,503 - mmdet - INFO - Epoch [24][3250/3488]	lr: 1.000e-04, eta: 1:41:44, time: 0.254, data_time: 0.038, memory: 8019, loss_cls: 0.3715, loss_bbox: 0.3664, loss_kps: 0.0000, loss: 0.7379
2026-09-22 14:32:33,261 - mmdet - INFO - Epoch [24][3300/3488]	lr: 1.000e-04, eta: 1:41:29, time: 0.255, data_time: 0.039, memory: 8019, loss_cls: 0.3824, loss_bbox: 0.3653, loss_kps: 0.0000, loss: 0.7477
2026-09-22 14:32:46,092 - mmdet - INFO - Epoch [24][3350/3488]	lr: 1.000e-04, eta: 1:41:14, time: 0.257, data_time: 0.039, memory: 8019, loss_cls: 0.3765, loss_bbox: 0.3608, loss_kps: 0.0000, loss: 0.7373
2026-09-22 14:32:59,045 - mmdet - INFO - Epoch [24][3400/3488]	lr: 1.000e-04, eta: 1:41:00, time: 0.259, data_time: 0.042, memory: 8019, loss_cls: 0.3842, loss_bbox: 0.3571, loss_kps: 0.0000, loss: 0.7412
2026-09-22 14:33:11,931 - mmdet - INFO - Epoch [24][3450/3488]	lr: 1.000e-04, eta: 1:40:45, time: 0.258, data_time: 0.043, memory: 8019, loss_cls: 0.3903, loss_bbox: 0.3748, loss_kps: 0.0000, loss: 0.7651
2026-09-22 14:33:20,724 - mmdet - INFO - Saving checkpoint at 24 epochs
2026-09-22 14:33:40,947 - mmdet - INFO - Epoch [25][50/3488]	lr: 1.000e-04, eta: 1:40:18, time: 0.400, data_time: 0.170, memory: 8019, loss_cls: 0.3777, loss_bbox: 0.3649, loss_kps: 0.0000, loss: 0.7426
2026-09-22 14:33:53,977 - mmdet - INFO - Epoch [25][100/3488]	lr: 1.000e-04, eta: 1:40:03, time: 0.261, data_time: 0.038, memory: 8019, loss_cls: 0.3684, loss_bbox: 0.3545, loss_kps: 0.0000, loss: 0.7229
2026-09-22 14:34:07,062 - mmdet - INFO - Epoch [25][150/3488]	lr: 1.000e-04, eta: 1:39:49, time: 0.262, data_time: 0.047, memory: 8019, loss_cls: 0.3841, loss_bbox: 0.3521, loss_kps: 0.0000, loss: 0.7362
2026-09-22 14:34:19,750 - mmdet - INFO - Epoch [25][200/3488]	lr: 1.000e-04, eta: 1:39:34, time: 0.254, data_time: 0.039, memory: 8019, loss_cls: 0.3810, loss_bbox: 0.3607, loss_kps: 0.0000, loss: 0.7417
2026-09-22 14:34:32,418 - mmdet - INFO - Epoch [25][250/3488]	lr: 1.000e-04, eta: 1:39:19, time: 0.253, data_time: 0.039, memory: 8019, loss_cls: 0.4015, loss_bbox: 0.3648, loss_kps: 0.0000, loss: 0.7663
2026-09-22 14:34:45,109 - mmdet - INFO - Epoch [25][300/3488]	lr: 1.000e-04, eta: 1:39:04, time: 0.254, data_time: 0.038, memory: 8019, loss_cls: 0.3778, loss_bbox: 0.3538, loss_kps: 0.0000, loss: 0.7316
2026-09-22 14:34:58,000 - mmdet - INFO - Epoch [25][350/3488]	lr: 1.000e-04, eta: 1:38:49, time: 0.258, data_time: 0.041, memory: 8019, loss_cls: 0.3816, loss_bbox: 0.3598, loss_kps: 0.0000, loss: 0.7414
2026-09-22 14:35:10,645 - mmdet - INFO - Epoch [25][400/3488]	lr: 1.000e-04, eta: 1:38:35, time: 0.253, data_time: 0.039, memory: 8019, loss_cls: 0.3844, loss_bbox: 0.3552, loss_kps: 0.0000, loss: 0.7396
2026-09-22 14:35:23,378 - mmdet - INFO - Epoch [25][450/3488]	lr: 1.000e-04, eta: 1:38:20, time: 0.255, data_time: 0.039, memory: 8019, loss_cls: 0.3814, loss_bbox: 0.3597, loss_kps: 0.0000, loss: 0.7411
2026-09-22 14:35:36,200 - mmdet - INFO - Epoch [25][500/3488]	lr: 1.000e-04, eta: 1:38:05, time: 0.256, data_time: 0.039, memory: 8019, loss_cls: 0.3761, loss_bbox: 0.3623, loss_kps: 0.0000, loss: 0.7385
2026-09-22 14:35:49,158 - mmdet - INFO - Epoch [25][550/3488]	lr: 1.000e-04, eta: 1:37:50, time: 0.259, data_time: 0.041, memory: 8019, loss_cls: 0.3736, loss_bbox: 0.3640, loss_kps: 0.0000, loss: 0.7376
2026-09-22 14:36:01,976 - mmdet - INFO - Epoch [25][600/3488]	lr: 1.000e-04, eta: 1:37:35, time: 0.256, data_time: 0.039, memory: 8019, loss_cls: 0.3668, loss_bbox: 0.3561, loss_kps: 0.0000, loss: 0.7229
2026-09-22 14:36:14,720 - mmdet - INFO - Epoch [25][650/3488]	lr: 1.000e-04, eta: 1:37:21, time: 0.255, data_time: 0.039, memory: 8019, loss_cls: 0.3951, loss_bbox: 0.3710, loss_kps: 0.0000, loss: 0.7662
2026-09-22 14:36:27,404 - mmdet - INFO - Epoch [25][700/3488]	lr: 1.000e-04, eta: 1:37:06, time: 0.254, data_time: 0.037, memory: 8019, loss_cls: 0.3653, loss_bbox: 0.3527, loss_kps: 0.0000, loss: 0.7180
2026-09-22 14:36:40,454 - mmdet - INFO - Epoch [25][750/3488]	lr: 1.000e-04, eta: 1:36:51, time: 0.261, data_time: 0.039, memory: 8019, loss_cls: 0.3708, loss_bbox: 0.3633, loss_kps: 0.0000, loss: 0.7341
2026-09-22 14:36:53,403 - mmdet - INFO - Epoch [25][800/3488]	lr: 1.000e-04, eta: 1:36:36, time: 0.259, data_time: 0.039, memory: 8019, loss_cls: 0.3866, loss_bbox: 0.3570, loss_kps: 0.0000, loss: 0.7436
2026-09-22 14:37:06,229 - mmdet - INFO - Epoch [25][850/3488]	lr: 1.000e-04, eta: 1:36:22, time: 0.256, data_time: 0.039, memory: 8019, loss_cls: 0.3706, loss_bbox: 0.3566, loss_kps: 0.0000, loss: 0.7272
2026-09-22 14:37:19,021 - mmdet - INFO - Epoch [25][900/3488]	lr: 1.000e-04, eta: 1:36:07, time: 0.256, data_time: 0.038, memory: 8019, loss_cls: 0.3796, loss_bbox: 0.3532, loss_kps: 0.0000, loss: 0.7328
2026-09-22 14:37:32,027 - mmdet - INFO - Epoch [25][950/3488]	lr: 1.000e-04, eta: 1:35:52, time: 0.260, data_time: 0.040, memory: 8019, loss_cls: 0.3837, loss_bbox: 0.3587, loss_kps: 0.0000, loss: 0.7424
2026-09-22 14:37:44,800 - mmdet - INFO - Epoch [25][1000/3488]	lr: 1.000e-04, eta: 1:35:37, time: 0.255, data_time: 0.039, memory: 8019, loss_cls: 0.3740, loss_bbox: 0.3674, loss_kps: 0.0000, loss: 0.7414
2026-09-22 14:37:58,055 - mmdet - INFO - Epoch [25][1050/3488]	lr: 1.000e-04, eta: 1:35:23, time: 0.265, data_time: 0.039, memory: 8019, loss_cls: 0.3730, loss_bbox: 0.3523, loss_kps: 0.0000, loss: 0.7252
2026-09-22 14:38:10,656 - mmdet - INFO - Epoch [25][1100/3488]	lr: 1.000e-04, eta: 1:35:08, time: 0.252, data_time: 0.037, memory: 8019, loss_cls: 0.3810, loss_bbox: 0.3584, loss_kps: 0.0000, loss: 0.7394
2026-09-22 14:38:23,493 - mmdet - INFO - Epoch [25][1150/3488]	lr: 1.000e-04, eta: 1:34:53, time: 0.257, data_time: 0.039, memory: 8019, loss_cls: 0.3942, loss_bbox: 0.3596, loss_kps: 0.0000, loss: 0.7538
2026-09-22 14:38:36,158 - mmdet - INFO - Epoch [25][1200/3488]	lr: 1.000e-04, eta: 1:34:38, time: 0.253, data_time: 0.040, memory: 8019, loss_cls: 0.3721, loss_bbox: 0.3639, loss_kps: 0.0000, loss: 0.7360
2026-09-22 14:38:49,122 - mmdet - INFO - Epoch [25][1250/3488]	lr: 1.000e-04, eta: 1:34:23, time: 0.259, data_time: 0.040, memory: 8019, loss_cls: 0.3909, loss_bbox: 0.3712, loss_kps: 0.0000, loss: 0.7621
2026-09-22 14:39:01,844 - mmdet - INFO - Epoch [25][1300/3488]	lr: 1.000e-04, eta: 1:34:09, time: 0.254, data_time: 0.039, memory: 8019, loss_cls: 0.3759, loss_bbox: 0.3542, loss_kps: 0.0000, loss: 0.7301
2026-09-22 14:39:14,498 - mmdet - INFO - Epoch [25][1350/3488]	lr: 1.000e-04, eta: 1:33:54, time: 0.253, data_time: 0.040, memory: 8019, loss_cls: 0.3672, loss_bbox: 0.3610, loss_kps: 0.0000, loss: 0.7281
2026-09-22 14:39:27,530 - mmdet - INFO - Epoch [25][1400/3488]	lr: 1.000e-04, eta: 1:33:39, time: 0.260, data_time: 0.047, memory: 8019, loss_cls: 0.3989, loss_bbox: 0.3642, loss_kps: 0.0000, loss: 0.7631
2026-09-22 14:39:40,203 - mmdet - INFO - Epoch [25][1450/3488]	lr: 1.000e-04, eta: 1:33:24, time: 0.254, data_time: 0.039, memory: 8019, loss_cls: 0.3952, loss_bbox: 0.3528, loss_kps: 0.0000, loss: 0.7480
2026-09-22 14:39:53,073 - mmdet - INFO - Epoch [25][1500/3488]	lr: 1.000e-04, eta: 1:33:10, time: 0.257, data_time: 0.039, memory: 8019, loss_cls: 0.3683, loss_bbox: 0.3559, loss_kps: 0.0000, loss: 0.7242
2026-09-22 14:40:05,928 - mmdet - INFO - Epoch [25][1550/3488]	lr: 1.000e-04, eta: 1:32:55, time: 0.257, data_time: 0.039, memory: 8019, loss_cls: 0.3854, loss_bbox: 0.3650, loss_kps: 0.0000, loss: 0.7504
2026-09-22 14:40:18,681 - mmdet - INFO - Epoch [25][1600/3488]	lr: 1.000e-04, eta: 1:32:40, time: 0.255, data_time: 0.039, memory: 8019, loss_cls: 0.3801, loss_bbox: 0.3575, loss_kps: 0.0000, loss: 0.7377
2026-09-22 14:40:31,407 - mmdet - INFO - Epoch [25][1650/3488]	lr: 1.000e-04, eta: 1:32:25, time: 0.255, data_time: 0.039, memory: 8019, loss_cls: 0.3688, loss_bbox: 0.3551, loss_kps: 0.0000, loss: 0.7239
2026-09-22 14:40:43,944 - mmdet - INFO - Epoch [25][1700/3488]	lr: 1.000e-04, eta: 1:32:11, time: 0.251, data_time: 0.039, memory: 8019, loss_cls: 0.3889, loss_bbox: 0.3587, loss_kps: 0.0000, loss: 0.7476
2026-09-22 14:40:56,680 - mmdet - INFO - Epoch [25][1750/3488]	lr: 1.000e-04, eta: 1:31:56, time: 0.255, data_time: 0.037, memory: 8019, loss_cls: 0.3919, loss_bbox: 0.3613, loss_kps: 0.0000, loss: 0.7531
2026-09-22 14:41:09,468 - mmdet - INFO - Epoch [25][1800/3488]	lr: 1.000e-04, eta: 1:31:41, time: 0.256, data_time: 0.037, memory: 8019, loss_cls: 0.3903, loss_bbox: 0.3637, loss_kps: 0.0000, loss: 0.7541
2026-09-22 14:41:22,134 - mmdet - INFO - Epoch [25][1850/3488]	lr: 1.000e-04, eta: 1:31:26, time: 0.253, data_time: 0.037, memory: 8019, loss_cls: 0.3804, loss_bbox: 0.3694, loss_kps: 0.0000, loss: 0.7498
2026-09-22 14:41:34,883 - mmdet - INFO - Epoch [25][1900/3488]	lr: 1.000e-04, eta: 1:31:12, time: 0.255, data_time: 0.039, memory: 8019, loss_cls: 0.3730, loss_bbox: 0.3506, loss_kps: 0.0000, loss: 0.7236
2026-09-22 14:41:47,467 - mmdet - INFO - Epoch [25][1950/3488]	lr: 1.000e-04, eta: 1:30:57, time: 0.252, data_time: 0.039, memory: 8019, loss_cls: 0.3831, loss_bbox: 0.3592, loss_kps: 0.0000, loss: 0.7423
2026-09-22 14:42:00,723 - mmdet - INFO - Epoch [25][2000/3488]	lr: 1.000e-04, eta: 1:30:42, time: 0.265, data_time: 0.040, memory: 8019, loss_cls: 0.3792, loss_bbox: 0.3608, loss_kps: 0.0000, loss: 0.7399
2026-09-22 14:42:13,601 - mmdet - INFO - Epoch [25][2050/3488]	lr: 1.000e-04, eta: 1:30:28, time: 0.258, data_time: 0.041, memory: 8019, loss_cls: 0.3773, loss_bbox: 0.3671, loss_kps: 0.0000, loss: 0.7444
2026-09-22 14:42:26,776 - mmdet - INFO - Epoch [25][2100/3488]	lr: 1.000e-04, eta: 1:30:13, time: 0.263, data_time: 0.039, memory: 8019, loss_cls: 0.3842, loss_bbox: 0.3589, loss_kps: 0.0000, loss: 0.7431
2026-09-22 14:42:39,970 - mmdet - INFO - Epoch [25][2150/3488]	lr: 1.000e-04, eta: 1:29:58, time: 0.264, data_time: 0.040, memory: 8019, loss_cls: 0.3746, loss_bbox: 0.3576, loss_kps: 0.0000, loss: 0.7322
2026-09-22 14:42:53,171 - mmdet - INFO - Epoch [25][2200/3488]	lr: 1.000e-04, eta: 1:29:44, time: 0.264, data_time: 0.038, memory: 8019, loss_cls: 0.3733, loss_bbox: 0.3527, loss_kps: 0.0000, loss: 0.7260
2026-09-22 14:43:06,294 - mmdet - INFO - Epoch [25][2250/3488]	lr: 1.000e-04, eta: 1:29:29, time: 0.262, data_time: 0.038, memory: 8019, loss_cls: 0.3685, loss_bbox: 0.3574, loss_kps: 0.0000, loss: 0.7259
2026-09-22 14:43:18,847 - mmdet - INFO - Epoch [25][2300/3488]	lr: 1.000e-04, eta: 1:29:14, time: 0.251, data_time: 0.037, memory: 8019, loss_cls: 0.3687, loss_bbox: 0.3463, loss_kps: 0.0000, loss: 0.7150
2026-09-22 14:43:31,992 - mmdet - INFO - Epoch [25][2350/3488]	lr: 1.000e-04, eta: 1:29:00, time: 0.263, data_time: 0.047, memory: 8019, loss_cls: 0.3807, loss_bbox: 0.3568, loss_kps: 0.0000, loss: 0.7375
2026-09-22 14:43:44,594 - mmdet - INFO - Epoch [25][2400/3488]	lr: 1.000e-04, eta: 1:28:45, time: 0.252, data_time: 0.037, memory: 8019, loss_cls: 0.3753, loss_bbox: 0.3672, loss_kps: 0.0000, loss: 0.7425
2026-09-22 14:43:57,125 - mmdet - INFO - Epoch [25][2450/3488]	lr: 1.000e-04, eta: 1:28:30, time: 0.251, data_time: 0.041, memory: 8019, loss_cls: 0.3675, loss_bbox: 0.3521, loss_kps: 0.0000, loss: 0.7196
2026-09-22 14:44:09,839 - mmdet - INFO - Epoch [25][2500/3488]	lr: 1.000e-04, eta: 1:28:15, time: 0.254, data_time: 0.038, memory: 8019, loss_cls: 0.3902, loss_bbox: 0.3690, loss_kps: 0.0000, loss: 0.7591
2026-09-22 14:44:23,060 - mmdet - INFO - Epoch [25][2550/3488]	lr: 1.000e-04, eta: 1:28:01, time: 0.264, data_time: 0.040, memory: 8019, loss_cls: 0.3703, loss_bbox: 0.3552, loss_kps: 0.0000, loss: 0.7255
2026-09-22 14:45:00,668 - mmdet - INFO - Epoch [25][2600/3488]	lr: 1.000e-04, eta: 1:27:51, time: 0.751, data_time: 0.030, memory: 8019, loss_cls: 0.3703, loss_bbox: 0.3538, loss_kps: 0.0000, loss: 0.7242
2026-09-22 14:45:31,279 - mmdet - INFO - Epoch [25][2650/3488]	lr: 1.000e-04, eta: 1:27:40, time: 0.612, data_time: 0.033, memory: 8019, loss_cls: 0.3886, loss_bbox: 0.3691, loss_kps: 0.0000, loss: 0.7576
2026-09-22 14:46:06,606 - mmdet - INFO - Epoch [25][2700/3488]	lr: 1.000e-04, eta: 1:27:30, time: 0.708, data_time: 0.030, memory: 8019, loss_cls: 0.3834, loss_bbox: 0.3659, loss_kps: 0.0000, loss: 0.7494
2026-09-22 14:46:19,668 - mmdet - INFO - Epoch [25][2750/3488]	lr: 1.000e-04, eta: 1:27:16, time: 0.261, data_time: 0.040, memory: 8019, loss_cls: 0.3677, loss_bbox: 0.3595, loss_kps: 0.0000, loss: 0.7272
2026-09-22 14:46:49,947 - mmdet - INFO - Epoch [25][2800/3488]	lr: 1.000e-04, eta: 1:27:05, time: 0.604, data_time: 0.034, memory: 8019, loss_cls: 0.3777, loss_bbox: 0.3618, loss_kps: 0.0000, loss: 0.7395
2026-09-22 14:47:19,390 - mmdet - INFO - Epoch [25][2850/3488]	lr: 1.000e-04, eta: 1:26:53, time: 0.589, data_time: 0.033, memory: 8019, loss_cls: 0.3841, loss_bbox: 0.3612, loss_kps: 0.0000, loss: 0.7453
2026-09-22 14:47:56,503 - mmdet - INFO - Epoch [25][2900/3488]	lr: 1.000e-04, eta: 1:26:44, time: 0.742, data_time: 0.032, memory: 8019, loss_cls: 0.3697, loss_bbox: 0.3565, loss_kps: 0.0000, loss: 0.7261
2026-09-22 14:48:15,001 - mmdet - INFO - Epoch [25][2950/3488]	lr: 1.000e-04, eta: 1:26:30, time: 0.371, data_time: 0.036, memory: 8019, loss_cls: 0.3842, loss_bbox: 0.3611, loss_kps: 0.0000, loss: 0.7453
2026-09-22 14:48:27,667 - mmdet - INFO - Epoch [25][3000/3488]	lr: 1.000e-04, eta: 1:26:15, time: 0.253, data_time: 0.037, memory: 8019, loss_cls: 0.4036, loss_bbox: 0.3721, loss_kps: 0.0000, loss: 0.7757
2026-09-22 14:48:40,355 - mmdet - INFO - Epoch [25][3050/3488]	lr: 1.000e-04, eta: 1:26:00, time: 0.254, data_time: 0.037, memory: 8019, loss_cls: 0.3763, loss_bbox: 0.3611, loss_kps: 0.0000, loss: 0.7374
2026-09-22 14:48:53,183 - mmdet - INFO - Epoch [25][3100/3488]	lr: 1.000e-04, eta: 1:25:46, time: 0.257, data_time: 0.039, memory: 8019, loss_cls: 0.3640, loss_bbox: 0.3565, loss_kps: 0.0000, loss: 0.7204
2026-09-22 14:49:06,096 - mmdet - INFO - Epoch [25][3150/3488]	lr: 1.000e-04, eta: 1:25:31, time: 0.258, data_time: 0.039, memory: 8019, loss_cls: 0.3906, loss_bbox: 0.3615, loss_kps: 0.0000, loss: 0.7521
2026-09-22 14:49:18,875 - mmdet - INFO - Epoch [25][3200/3488]	lr: 1.000e-04, eta: 1:25:16, time: 0.256, data_time: 0.039, memory: 8019, loss_cls: 0.3812, loss_bbox: 0.3612, loss_kps: 0.0000, loss: 0.7423
2026-09-22 14:49:31,858 - mmdet - INFO - Epoch [25][3250/3488]	lr: 1.000e-04, eta: 1:25:01, time: 0.260, data_time: 0.041, memory: 8019, loss_cls: 0.3876, loss_bbox: 0.3701, loss_kps: 0.0000, loss: 0.7576
2026-09-22 14:49:44,631 - mmdet - INFO - Epoch [25][3300/3488]	lr: 1.000e-04, eta: 1:24:47, time: 0.255, data_time: 0.039, memory: 8019, loss_cls: 0.4178, loss_bbox: 0.3780, loss_kps: 0.0000, loss: 0.7957
2026-09-22 14:49:57,393 - mmdet - INFO - Epoch [25][3350/3488]	lr: 1.000e-04, eta: 1:24:32, time: 0.255, data_time: 0.037, memory: 8019, loss_cls: 0.3775, loss_bbox: 0.3559, loss_kps: 0.0000, loss: 0.7333
2026-09-22 14:50:10,223 - mmdet - INFO - Epoch [25][3400/3488]	lr: 1.000e-04, eta: 1:24:17, time: 0.256, data_time: 0.036, memory: 8019, loss_cls: 0.3726, loss_bbox: 0.3605, loss_kps: 0.0000, loss: 0.7331
2026-09-22 14:50:23,926 - mmdet - INFO - Epoch [25][3450/3488]	lr: 1.000e-04, eta: 1:24:03, time: 0.274, data_time: 0.057, memory: 8019, loss_cls: 0.3808, loss_bbox: 0.3711, loss_kps: 0.0000, loss: 0.7519
2026-09-22 14:50:32,806 - mmdet - INFO - Saving checkpoint at 25 epochs
2026-09-22 14:50:53,491 - mmdet - INFO - Epoch [26][50/3488]	lr: 1.000e-04, eta: 1:23:36, time: 0.409, data_time: 0.178, memory: 8019, loss_cls: 0.3673, loss_bbox: 0.3555, loss_kps: 0.0000, loss: 0.7228
2026-09-22 14:51:06,461 - mmdet - INFO - Epoch [26][100/3488]	lr: 1.000e-04, eta: 1:23:22, time: 0.259, data_time: 0.040, memory: 8019, loss_cls: 0.3617, loss_bbox: 0.3501, loss_kps: 0.0000, loss: 0.7118
2026-09-22 14:51:19,246 - mmdet - INFO - Epoch [26][150/3488]	lr: 1.000e-04, eta: 1:23:07, time: 0.256, data_time: 0.040, memory: 8019, loss_cls: 0.3756, loss_bbox: 0.3561, loss_kps: 0.0000, loss: 0.7317
2026-09-22 14:51:32,199 - mmdet - INFO - Epoch [26][200/3488]	lr: 1.000e-04, eta: 1:22:52, time: 0.259, data_time: 0.040, memory: 8019, loss_cls: 0.3756, loss_bbox: 0.3507, loss_kps: 0.0000, loss: 0.7262
2026-09-22 14:51:45,018 - mmdet - INFO - Epoch [26][250/3488]	lr: 1.000e-04, eta: 1:22:37, time: 0.256, data_time: 0.039, memory: 8019, loss_cls: 0.3683, loss_bbox: 0.3467, loss_kps: 0.0000, loss: 0.7151
2026-09-22 14:51:57,777 - mmdet - INFO - Epoch [26][300/3488]	lr: 1.000e-04, eta: 1:22:23, time: 0.255, data_time: 0.038, memory: 8019, loss_cls: 0.3798, loss_bbox: 0.3541, loss_kps: 0.0000, loss: 0.7339
2026-09-22 14:52:10,418 - mmdet - INFO - Epoch [26][350/3488]	lr: 1.000e-04, eta: 1:22:08, time: 0.253, data_time: 0.039, memory: 8019, loss_cls: 0.3726, loss_bbox: 0.3508, loss_kps: 0.0000, loss: 0.7233
2026-09-22 14:52:23,286 - mmdet - INFO - Epoch [26][400/3488]	lr: 1.000e-04, eta: 1:21:53, time: 0.257, data_time: 0.041, memory: 8019, loss_cls: 0.3821, loss_bbox: 0.3549, loss_kps: 0.0000, loss: 0.7370
2026-09-22 14:52:36,523 - mmdet - INFO - Epoch [26][450/3488]	lr: 1.000e-04, eta: 1:21:38, time: 0.265, data_time: 0.039, memory: 8019, loss_cls: 0.3620, loss_bbox: 0.3490, loss_kps: 0.0000, loss: 0.7109
2026-09-22 14:52:49,172 - mmdet - INFO - Epoch [26][500/3488]	lr: 1.000e-04, eta: 1:21:24, time: 0.253, data_time: 0.039, memory: 8019, loss_cls: 0.3673, loss_bbox: 0.3591, loss_kps: 0.0000, loss: 0.7265
2026-09-22 14:53:02,107 - mmdet - INFO - Epoch [26][550/3488]	lr: 1.000e-04, eta: 1:21:09, time: 0.259, data_time: 0.040, memory: 8019, loss_cls: 0.3798, loss_bbox: 0.3572, loss_kps: 0.0000, loss: 0.7370
2026-09-22 14:53:14,855 - mmdet - INFO - Epoch [26][600/3488]	lr: 1.000e-04, eta: 1:20:54, time: 0.255, data_time: 0.037, memory: 8019, loss_cls: 0.3867, loss_bbox: 0.3604, loss_kps: 0.0000, loss: 0.7470
2026-09-22 14:53:27,654 - mmdet - INFO - Epoch [26][650/3488]	lr: 1.000e-04, eta: 1:20:40, time: 0.256, data_time: 0.039, memory: 8019, loss_cls: 0.3834, loss_bbox: 0.3519, loss_kps: 0.0000, loss: 0.7353
2026-09-22 14:53:40,346 - mmdet - INFO - Epoch [26][700/3488]	lr: 1.000e-04, eta: 1:20:25, time: 0.254, data_time: 0.039, memory: 8019, loss_cls: 0.3854, loss_bbox: 0.3676, loss_kps: 0.0000, loss: 0.7529
2026-09-22 14:53:52,909 - mmdet - INFO - Epoch [26][750/3488]	lr: 1.000e-04, eta: 1:20:10, time: 0.251, data_time: 0.040, memory: 8019, loss_cls: 0.3722, loss_bbox: 0.3551, loss_kps: 0.0000, loss: 0.7273
2026-09-22 14:54:05,606 - mmdet - INFO - Exp name: scrfd_armAJ.py
2026-09-22 14:54:05,606 - mmdet - INFO - Epoch [26][800/3488]	lr: 1.000e-04, eta: 1:19:55, time: 0.254, data_time: 0.039, memory: 8019, loss_cls: 0.3879, loss_bbox: 0.3595, loss_kps: 0.0000, loss: 0.7474
2026-09-22 14:54:18,515 - mmdet - INFO - Epoch [26][850/3488]	lr: 1.000e-04, eta: 1:19:41, time: 0.258, data_time: 0.041, memory: 8019, loss_cls: 0.3917, loss_bbox: 0.3619, loss_kps: 0.0000, loss: 0.7536
2026-09-22 14:54:31,367 - mmdet - INFO - Epoch [26][900/3488]	lr: 1.000e-04, eta: 1:19:26, time: 0.257, data_time: 0.039, memory: 8019, loss_cls: 0.3753, loss_bbox: 0.3466, loss_kps: 0.0000, loss: 0.7219
2026-09-22 14:54:44,130 - mmdet - INFO - Epoch [26][950/3488]	lr: 1.000e-04, eta: 1:19:11, time: 0.255, data_time: 0.038, memory: 8019, loss_cls: 0.3781, loss_bbox: 0.3584, loss_kps: 0.0000, loss: 0.7364
2026-09-22 14:54:57,059 - mmdet - INFO - Epoch [26][1000/3488]	lr: 1.000e-04, eta: 1:18:56, time: 0.259, data_time: 0.038, memory: 8019, loss_cls: 0.4021, loss_bbox: 0.3686, loss_kps: 0.0000, loss: 0.7706
2026-09-22 14:55:10,275 - mmdet - INFO - Epoch [26][1050/3488]	lr: 1.000e-04, eta: 1:18:42, time: 0.264, data_time: 0.049, memory: 8019, loss_cls: 0.3875, loss_bbox: 0.3607, loss_kps: 0.0000, loss: 0.7483
2026-09-22 14:55:23,090 - mmdet - INFO - Epoch [26][1100/3488]	lr: 1.000e-04, eta: 1:18:27, time: 0.256, data_time: 0.038, memory: 8019, loss_cls: 0.3828, loss_bbox: 0.3660, loss_kps: 0.0000, loss: 0.7488
2026-09-22 14:55:35,711 - mmdet - INFO - Epoch [26][1150/3488]	lr: 1.000e-04, eta: 1:18:12, time: 0.252, data_time: 0.040, memory: 8019, loss_cls: 0.3732, loss_bbox: 0.3596, loss_kps: 0.0000, loss: 0.7328
2026-09-22 14:55:48,309 - mmdet - INFO - Epoch [26][1200/3488]	lr: 1.000e-04, eta: 1:17:58, time: 0.252, data_time: 0.039, memory: 8019, loss_cls: 0.3863, loss_bbox: 0.3573, loss_kps: 0.0000, loss: 0.7437
2026-09-22 14:56:00,674 - mmdet - INFO - Epoch [26][1250/3488]	lr: 1.000e-04, eta: 1:17:43, time: 0.247, data_time: 0.038, memory: 8019, loss_cls: 0.3816, loss_bbox: 0.3587, loss_kps: 0.0000, loss: 0.7402
2026-09-22 14:56:13,472 - mmdet - INFO - Epoch [26][1300/3488]	lr: 1.000e-04, eta: 1:17:28, time: 0.256, data_time: 0.038, memory: 8019, loss_cls: 0.3916, loss_bbox: 0.3608, loss_kps: 0.0000, loss: 0.7523
2026-09-22 14:56:26,086 - mmdet - INFO - Epoch [26][1350/3488]	lr: 1.000e-04, eta: 1:17:13, time: 0.252, data_time: 0.038, memory: 8019, loss_cls: 0.3801, loss_bbox: 0.3645, loss_kps: 0.0000, loss: 0.7446
2026-09-22 14:56:38,876 - mmdet - INFO - Epoch [26][1400/3488]	lr: 1.000e-04, eta: 1:16:59, time: 0.256, data_time: 0.038, memory: 8019, loss_cls: 0.3853, loss_bbox: 0.3559, loss_kps: 0.0000, loss: 0.7412
2026-09-22 14:56:51,472 - mmdet - INFO - Epoch [26][1450/3488]	lr: 1.000e-04, eta: 1:16:44, time: 0.252, data_time: 0.038, memory: 8019, loss_cls: 0.3658, loss_bbox: 0.3604, loss_kps: 0.0000, loss: 0.7262
2026-09-22 14:57:04,589 - mmdet - INFO - Epoch [26][1500/3488]	lr: 1.000e-04, eta: 1:16:29, time: 0.262, data_time: 0.038, memory: 8019, loss_cls: 0.3811, loss_bbox: 0.3669, loss_kps: 0.0000, loss: 0.7480
2026-09-22 14:57:17,456 - mmdet - INFO - Epoch [26][1550/3488]	lr: 1.000e-04, eta: 1:16:15, time: 0.257, data_time: 0.038, memory: 8019, loss_cls: 0.3778, loss_bbox: 0.3652, loss_kps: 0.0000, loss: 0.7430
2026-09-22 14:57:30,166 - mmdet - INFO - Epoch [26][1600/3488]	lr: 1.000e-04, eta: 1:16:00, time: 0.254, data_time: 0.039, memory: 8019, loss_cls: 0.3779, loss_bbox: 0.3610, loss_kps: 0.0000, loss: 0.7390
2026-09-22 14:57:42,966 - mmdet - INFO - Epoch [26][1650/3488]	lr: 1.000e-04, eta: 1:15:45, time: 0.256, data_time: 0.042, memory: 8019, loss_cls: 0.3852, loss_bbox: 0.3662, loss_kps: 0.0000, loss: 0.7514
2026-09-22 14:57:55,648 - mmdet - INFO - Epoch [26][1700/3488]	lr: 1.000e-04, eta: 1:15:31, time: 0.254, data_time: 0.038, memory: 8019, loss_cls: 0.3819, loss_bbox: 0.3674, loss_kps: 0.0000, loss: 0.7493
2026-09-22 14:58:08,246 - mmdet - INFO - Epoch [26][1750/3488]	lr: 1.000e-04, eta: 1:15:16, time: 0.252, data_time: 0.039, memory: 8019, loss_cls: 0.3772, loss_bbox: 0.3638, loss_kps: 0.0000, loss: 0.7410
2026-09-22 14:58:20,908 - mmdet - INFO - Exp name: scrfd_armAJ.py
2026-09-22 14:58:20,908 - mmdet - INFO - Epoch [26][1800/3488]	lr: 1.000e-04, eta: 1:15:01, time: 0.253, data_time: 0.039, memory: 8019, loss_cls: 0.3800, loss_bbox: 0.3637, loss_kps: 0.0000, loss: 0.7437
2026-09-22 14:58:33,798 - mmdet - INFO - Epoch [26][1850/3488]	lr: 1.000e-04, eta: 1:14:47, time: 0.258, data_time: 0.039, memory: 8019, loss_cls: 0.3616, loss_bbox: 0.3476, loss_kps: 0.0000, loss: 0.7092
2026-09-22 14:58:46,405 - mmdet - INFO - Epoch [26][1900/3488]	lr: 1.000e-04, eta: 1:14:32, time: 0.252, data_time: 0.038, memory: 8019, loss_cls: 0.3886, loss_bbox: 0.3749, loss_kps: 0.0000, loss: 0.7635
2026-09-22 14:58:59,405 - mmdet - INFO - Epoch [26][1950/3488]	lr: 1.000e-04, eta: 1:14:17, time: 0.260, data_time: 0.040, memory: 8019, loss_cls: 0.3899, loss_bbox: 0.3628, loss_kps: 0.0000, loss: 0.7527
2026-09-22 14:59:12,267 - mmdet - INFO - Epoch [26][2000/3488]	lr: 1.000e-04, eta: 1:14:03, time: 0.257, data_time: 0.040, memory: 8019, loss_cls: 0.3629, loss_bbox: 0.3556, loss_kps: 0.0000, loss: 0.7185
2026-09-22 14:59:25,739 - mmdet - INFO - Epoch [26][2050/3488]	lr: 1.000e-04, eta: 1:13:48, time: 0.269, data_time: 0.048, memory: 8019, loss_cls: 0.3694, loss_bbox: 0.3547, loss_kps: 0.0000, loss: 0.7241
2026-09-22 14:59:38,584 - mmdet - INFO - Epoch [26][2100/3488]	lr: 1.000e-04, eta: 1:13:33, time: 0.257, data_time: 0.040, memory: 8019, loss_cls: 0.3700, loss_bbox: 0.3577, loss_kps: 0.0000, loss: 0.7277
2026-09-22 14:59:51,649 - mmdet - INFO - Epoch [26][2150/3488]	lr: 1.000e-04, eta: 1:13:19, time: 0.261, data_time: 0.037, memory: 8019, loss_cls: 0.3766, loss_bbox: 0.3604, loss_kps: 0.0000, loss: 0.7370
2026-09-22 15:00:04,558 - mmdet - INFO - Epoch [26][2200/3488]	lr: 1.000e-04, eta: 1:13:04, time: 0.258, data_time: 0.038, memory: 8019, loss_cls: 0.3716, loss_bbox: 0.3580, loss_kps: 0.0000, loss: 0.7297
2026-09-22 15:00:17,390 - mmdet - INFO - Epoch [26][2250/3488]	lr: 1.000e-04, eta: 1:12:50, time: 0.257, data_time: 0.038, memory: 8019, loss_cls: 0.3813, loss_bbox: 0.3651, loss_kps: 0.0000, loss: 0.7465
2026-09-22 15:00:30,089 - mmdet - INFO - Epoch [26][2300/3488]	lr: 1.000e-04, eta: 1:12:35, time: 0.254, data_time: 0.039, memory: 8019, loss_cls: 0.3756, loss_bbox: 0.3541, loss_kps: 0.0000, loss: 0.7297
2026-09-22 15:00:42,890 - mmdet - INFO - Epoch [26][2350/3488]	lr: 1.000e-04, eta: 1:12:20, time: 0.256, data_time: 0.040, memory: 8019, loss_cls: 0.3736, loss_bbox: 0.3549, loss_kps: 0.0000, loss: 0.7285
2026-09-22 15:00:55,526 - mmdet - INFO - Epoch [26][2400/3488]	lr: 1.000e-04, eta: 1:12:06, time: 0.252, data_time: 0.038, memory: 8019, loss_cls: 0.3850, loss_bbox: 0.3611, loss_kps: 0.0000, loss: 0.7461
2026-09-22 15:01:08,474 - mmdet - INFO - Epoch [26][2450/3488]	lr: 1.000e-04, eta: 1:11:51, time: 0.259, data_time: 0.040, memory: 8019, loss_cls: 0.3836, loss_bbox: 0.3663, loss_kps: 0.0000, loss: 0.7499
2026-09-22 15:01:21,130 - mmdet - INFO - Epoch [26][2500/3488]	lr: 1.000e-04, eta: 1:11:36, time: 0.253, data_time: 0.039, memory: 8019, loss_cls: 0.3944, loss_bbox: 0.3675, loss_kps: 0.0000, loss: 0.7618
2026-09-22 15:01:34,443 - mmdet - INFO - Epoch [26][2550/3488]	lr: 1.000e-04, eta: 1:11:22, time: 0.266, data_time: 0.038, memory: 8019, loss_cls: 0.3736, loss_bbox: 0.3696, loss_kps: 0.0000, loss: 0.7431
2026-09-22 15:01:47,270 - mmdet - INFO - Epoch [26][2600/3488]	lr: 1.000e-04, eta: 1:11:07, time: 0.257, data_time: 0.039, memory: 8019, loss_cls: 0.3885, loss_bbox: 0.3621, loss_kps: 0.0000, loss: 0.7507
2026-09-22 15:02:00,117 - mmdet - INFO - Epoch [26][2650/3488]	lr: 1.000e-04, eta: 1:10:52, time: 0.257, data_time: 0.040, memory: 8019, loss_cls: 0.3721, loss_bbox: 0.3594, loss_kps: 0.0000, loss: 0.7314
2026-09-22 15:02:12,676 - mmdet - INFO - Epoch [26][2700/3488]	lr: 1.000e-04, eta: 1:10:38, time: 0.251, data_time: 0.037, memory: 8019, loss_cls: 0.3682, loss_bbox: 0.3535, loss_kps: 0.0000, loss: 0.7217
2026-09-22 15:02:25,521 - mmdet - INFO - Epoch [26][2750/3488]	lr: 1.000e-04, eta: 1:10:23, time: 0.257, data_time: 0.040, memory: 8019, loss_cls: 0.3835, loss_bbox: 0.3605, loss_kps: 0.0000, loss: 0.7440
2026-09-22 15:02:38,377 - mmdet - INFO - Exp name: scrfd_armAJ.py
2026-09-22 15:02:38,378 - mmdet - INFO - Epoch [26][2800/3488]	lr: 1.000e-04, eta: 1:10:09, time: 0.257, data_time: 0.039, memory: 8019, loss_cls: 0.3711, loss_bbox: 0.3560, loss_kps: 0.0000, loss: 0.7272
2026-09-22 15:02:51,045 - mmdet - INFO - Epoch [26][2850/3488]	lr: 1.000e-04, eta: 1:09:54, time: 0.253, data_time: 0.038, memory: 8019, loss_cls: 0.3721, loss_bbox: 0.3520, loss_kps: 0.0000, loss: 0.7240
2026-09-22 15:03:03,622 - mmdet - INFO - Epoch [26][2900/3488]	lr: 1.000e-04, eta: 1:09:39, time: 0.251, data_time: 0.039, memory: 8019, loss_cls: 0.3708, loss_bbox: 0.3574, loss_kps: 0.0000, loss: 0.7282
2026-09-22 15:03:16,335 - mmdet - INFO - Epoch [26][2950/3488]	lr: 1.000e-04, eta: 1:09:25, time: 0.254, data_time: 0.037, memory: 8019, loss_cls: 0.3812, loss_bbox: 0.3608, loss_kps: 0.0000, loss: 0.7420
2026-09-22 15:03:29,085 - mmdet - INFO - Epoch [26][3000/3488]	lr: 1.000e-04, eta: 1:09:10, time: 0.255, data_time: 0.038, memory: 8019, loss_cls: 0.3837, loss_bbox: 0.3710, loss_kps: 0.0000, loss: 0.7547
2026-09-22 15:03:41,834 - mmdet - INFO - Epoch [26][3050/3488]	lr: 1.000e-04, eta: 1:08:55, time: 0.255, data_time: 0.040, memory: 8019, loss_cls: 0.3650, loss_bbox: 0.3553, loss_kps: 0.0000, loss: 0.7203
2026-09-22 15:03:54,532 - mmdet - INFO - Epoch [26][3100/3488]	lr: 1.000e-04, eta: 1:08:41, time: 0.254, data_time: 0.039, memory: 8019, loss_cls: 0.3920, loss_bbox: 0.3656, loss_kps: 0.0000, loss: 0.7577
2026-09-22 15:04:07,333 - mmdet - INFO - Epoch [26][3150/3488]	lr: 1.000e-04, eta: 1:08:26, time: 0.256, data_time: 0.038, memory: 8019, loss_cls: 0.3840, loss_bbox: 0.3663, loss_kps: 0.0000, loss: 0.7503
2026-09-22 15:04:20,152 - mmdet - INFO - Epoch [26][3200/3488]	lr: 1.000e-04, eta: 1:08:11, time: 0.256, data_time: 0.040, memory: 8019, loss_cls: 0.3832, loss_bbox: 0.3621, loss_kps: 0.0000, loss: 0.7453
2026-09-22 15:04:33,286 - mmdet - INFO - Epoch [26][3250/3488]	lr: 1.000e-04, eta: 1:07:57, time: 0.263, data_time: 0.049, memory: 8019, loss_cls: 0.3753, loss_bbox: 0.3624, loss_kps: 0.0000, loss: 0.7377
2026-09-22 15:04:46,199 - mmdet - INFO - Epoch [26][3300/3488]	lr: 1.000e-04, eta: 1:07:42, time: 0.258, data_time: 0.039, memory: 8019, loss_cls: 0.3744, loss_bbox: 0.3505, loss_kps: 0.0000, loss: 0.7249
2026-09-22 15:04:59,115 - mmdet - INFO - Epoch [26][3350/3488]	lr: 1.000e-04, eta: 1:07:28, time: 0.258, data_time: 0.039, memory: 8019, loss_cls: 0.3671, loss_bbox: 0.3548, loss_kps: 0.0000, loss: 0.7219
2026-09-22 15:05:11,894 - mmdet - INFO - Epoch [26][3400/3488]	lr: 1.000e-04, eta: 1:07:13, time: 0.256, data_time: 0.038, memory: 8019, loss_cls: 0.3880, loss_bbox: 0.3581, loss_kps: 0.0000, loss: 0.7461
2026-09-22 15:05:24,536 - mmdet - INFO - Epoch [26][3450/3488]	lr: 1.000e-04, eta: 1:06:58, time: 0.253, data_time: 0.038, memory: 8019, loss_cls: 0.3823, loss_bbox: 0.3655, loss_kps: 0.0000, loss: 0.7478
2026-09-22 15:05:33,526 - mmdet - INFO - Saving checkpoint at 26 epochs
2026-09-22 15:05:54,528 - mmdet - INFO - Epoch [27][50/3488]	lr: 1.000e-04, eta: 1:06:32, time: 0.416, data_time: 0.168, memory: 8019, loss_cls: 0.3730, loss_bbox: 0.3647, loss_kps: 0.0000, loss: 0.7378
2026-09-22 15:06:07,165 - mmdet - INFO - Epoch [27][100/3488]	lr: 1.000e-04, eta: 1:06:18, time: 0.253, data_time: 0.039, memory: 8019, loss_cls: 0.3730, loss_bbox: 0.3668, loss_kps: 0.0000, loss: 0.7398
2026-09-22 15:06:19,974 - mmdet - INFO - Epoch [27][150/3488]	lr: 1.000e-04, eta: 1:06:03, time: 0.256, data_time: 0.039, memory: 8019, loss_cls: 0.3757, loss_bbox: 0.3631, loss_kps: 0.0000, loss: 0.7388
2026-09-22 15:06:32,921 - mmdet - INFO - Epoch [27][200/3488]	lr: 1.000e-04, eta: 1:05:49, time: 0.259, data_time: 0.040, memory: 8019, loss_cls: 0.3737, loss_bbox: 0.3601, loss_kps: 0.0000, loss: 0.7338
2026-09-22 15:06:45,744 - mmdet - INFO - Epoch [27][250/3488]	lr: 1.000e-04, eta: 1:05:34, time: 0.256, data_time: 0.039, memory: 8019, loss_cls: 0.3862, loss_bbox: 0.3729, loss_kps: 0.0000, loss: 0.7591
2026-09-22 15:06:58,773 - mmdet - INFO - Epoch [27][300/3488]	lr: 1.000e-04, eta: 1:05:20, time: 0.260, data_time: 0.040, memory: 8019, loss_cls: 0.3854, loss_bbox: 0.3580, loss_kps: 0.0000, loss: 0.7433
2026-09-22 15:07:11,504 - mmdet - INFO - Epoch [27][350/3488]	lr: 1.000e-04, eta: 1:05:05, time: 0.255, data_time: 0.040, memory: 8019, loss_cls: 0.3687, loss_bbox: 0.3459, loss_kps: 0.0000, loss: 0.7146
2026-09-22 15:07:24,162 - mmdet - INFO - Epoch [27][400/3488]	lr: 1.000e-04, eta: 1:04:50, time: 0.253, data_time: 0.040, memory: 8019, loss_cls: 0.3760, loss_bbox: 0.3633, loss_kps: 0.0000, loss: 0.7393
2026-09-22 15:07:36,865 - mmdet - INFO - Epoch [27][450/3488]	lr: 1.000e-04, eta: 1:04:36, time: 0.254, data_time: 0.038, memory: 8019, loss_cls: 0.3800, loss_bbox: 0.3649, loss_kps: 0.0000, loss: 0.7450
2026-09-22 15:07:49,600 - mmdet - INFO - Epoch [27][500/3488]	lr: 1.000e-04, eta: 1:04:21, time: 0.255, data_time: 0.040, memory: 8019, loss_cls: 0.3784, loss_bbox: 0.3594, loss_kps: 0.0000, loss: 0.7378
2026-09-22 15:08:02,471 - mmdet - INFO - Epoch [27][550/3488]	lr: 1.000e-04, eta: 1:04:07, time: 0.258, data_time: 0.040, memory: 8019, loss_cls: 0.3738, loss_bbox: 0.3607, loss_kps: 0.0000, loss: 0.7345
2026-09-22 15:08:15,325 - mmdet - INFO - Epoch [27][600/3488]	lr: 1.000e-04, eta: 1:03:52, time: 0.257, data_time: 0.039, memory: 8019, loss_cls: 0.3694, loss_bbox: 0.3568, loss_kps: 0.0000, loss: 0.7262
2026-09-22 15:08:28,312 - mmdet - INFO - Epoch [27][650/3488]	lr: 1.000e-04, eta: 1:03:37, time: 0.260, data_time: 0.041, memory: 8019, loss_cls: 0.3780, loss_bbox: 0.3485, loss_kps: 0.0000, loss: 0.7265
2026-09-22 15:08:41,248 - mmdet - INFO - Epoch [27][700/3488]	lr: 1.000e-04, eta: 1:03:23, time: 0.259, data_time: 0.037, memory: 8019, loss_cls: 0.3798, loss_bbox: 0.3664, loss_kps: 0.0000, loss: 0.7461
2026-09-22 15:08:54,031 - mmdet - INFO - Epoch [27][750/3488]	lr: 1.000e-04, eta: 1:03:08, time: 0.256, data_time: 0.038, memory: 8019, loss_cls: 0.3876, loss_bbox: 0.3630, loss_kps: 0.0000, loss: 0.7506
2026-09-22 15:09:07,190 - mmdet - INFO - Epoch [27][800/3488]	lr: 1.000e-04, eta: 1:02:54, time: 0.263, data_time: 0.048, memory: 8019, loss_cls: 0.3703, loss_bbox: 0.3639, loss_kps: 0.0000, loss: 0.7342
2026-09-22 15:09:19,985 - mmdet - INFO - Epoch [27][850/3488]	lr: 1.000e-04, eta: 1:02:39, time: 0.256, data_time: 0.040, memory: 8019, loss_cls: 0.3702, loss_bbox: 0.3520, loss_kps: 0.0000, loss: 0.7222
2026-09-22 15:09:32,815 - mmdet - INFO - Epoch [27][900/3488]	lr: 1.000e-04, eta: 1:02:25, time: 0.256, data_time: 0.040, memory: 8019, loss_cls: 0.3831, loss_bbox: 0.3609, loss_kps: 0.0000, loss: 0.7440
2026-09-22 15:09:45,631 - mmdet - INFO - Epoch [27][950/3488]	lr: 1.000e-04, eta: 1:02:10, time: 0.256, data_time: 0.037, memory: 8019, loss_cls: 0.3889, loss_bbox: 0.3638, loss_kps: 0.0000, loss: 0.7528
2026-09-22 15:09:58,331 - mmdet - INFO - Epoch [27][1000/3488]	lr: 1.000e-04, eta: 1:01:55, time: 0.254, data_time: 0.037, memory: 8019, loss_cls: 0.3675, loss_bbox: 0.3480, loss_kps: 0.0000, loss: 0.7155
2026-09-22 15:10:11,327 - mmdet - INFO - Epoch [27][1050/3488]	lr: 1.000e-04, eta: 1:01:41, time: 0.260, data_time: 0.037, memory: 8019, loss_cls: 0.3864, loss_bbox: 0.3619, loss_kps: 0.0000, loss: 0.7483
2026-09-22 15:10:24,471 - mmdet - INFO - Epoch [27][1100/3488]	lr: 1.000e-04, eta: 1:01:26, time: 0.263, data_time: 0.038, memory: 8019, loss_cls: 0.3739, loss_bbox: 0.3576, loss_kps: 0.0000, loss: 0.7316
2026-09-22 15:10:37,666 - mmdet - INFO - Epoch [27][1150/3488]	lr: 1.000e-04, eta: 1:01:12, time: 0.264, data_time: 0.039, memory: 8019, loss_cls: 0.3787, loss_bbox: 0.3588, loss_kps: 0.0000, loss: 0.7375
2026-09-22 15:10:50,430 - mmdet - INFO - Epoch [27][1200/3488]	lr: 1.000e-04, eta: 1:00:57, time: 0.255, data_time: 0.038, memory: 8019, loss_cls: 0.3842, loss_bbox: 0.3661, loss_kps: 0.0000, loss: 0.7504
2026-09-22 15:11:03,234 - mmdet - INFO - Epoch [27][1250/3488]	lr: 1.000e-04, eta: 1:00:43, time: 0.256, data_time: 0.038, memory: 8019, loss_cls: 0.3682, loss_bbox: 0.3583, loss_kps: 0.0000, loss: 0.7265
2026-09-22 15:11:17,052 - mmdet - INFO - Epoch [27][1300/3488]	lr: 1.000e-04, eta: 1:00:28, time: 0.276, data_time: 0.038, memory: 8019, loss_cls: 0.3810, loss_bbox: 0.3573, loss_kps: 0.0000, loss: 0.7384
2026-09-22 15:11:29,796 - mmdet - INFO - Epoch [27][1350/3488]	lr: 1.000e-04, eta: 1:00:14, time: 0.255, data_time: 0.037, memory: 8019, loss_cls: 0.4019, loss_bbox: 0.3578, loss_kps: 0.0000, loss: 0.7596
2026-09-22 15:11:42,703 - mmdet - INFO - Epoch [27][1400/3488]	lr: 1.000e-04, eta: 0:59:59, time: 0.258, data_time: 0.039, memory: 8019, loss_cls: 0.3833, loss_bbox: 0.3587, loss_kps: 0.0000, loss: 0.7420
2026-09-22 15:11:55,424 - mmdet - INFO - Epoch [27][1450/3488]	lr: 1.000e-04, eta: 0:59:45, time: 0.254, data_time: 0.037, memory: 8019, loss_cls: 0.3880, loss_bbox: 0.3670, loss_kps: 0.0000, loss: 0.7549
2026-09-22 15:12:08,235 - mmdet - INFO - Epoch [27][1500/3488]	lr: 1.000e-04, eta: 0:59:30, time: 0.256, data_time: 0.039, memory: 8019, loss_cls: 0.3777, loss_bbox: 0.3525, loss_kps: 0.0000, loss: 0.7302
2026-09-22 15:12:20,929 - mmdet - INFO - Epoch [27][1550/3488]	lr: 1.000e-04, eta: 0:59:16, time: 0.253, data_time: 0.038, memory: 8019, loss_cls: 0.3820, loss_bbox: 0.3584, loss_kps: 0.0000, loss: 0.7404
2026-09-22 15:12:33,469 - mmdet - INFO - Epoch [27][1600/3488]	lr: 1.000e-04, eta: 0:59:01, time: 0.251, data_time: 0.038, memory: 8019, loss_cls: 0.3734, loss_bbox: 0.3607, loss_kps: 0.0000, loss: 0.7341
2026-09-22 15:12:46,141 - mmdet - INFO - Epoch [27][1650/3488]	lr: 1.000e-04, eta: 0:58:47, time: 0.253, data_time: 0.037, memory: 8019, loss_cls: 0.3684, loss_bbox: 0.3591, loss_kps: 0.0000, loss: 0.7274
2026-09-22 15:12:58,785 - mmdet - INFO - Epoch [27][1700/3488]	lr: 1.000e-04, eta: 0:58:32, time: 0.253, data_time: 0.039, memory: 8019, loss_cls: 0.3855, loss_bbox: 0.3522, loss_kps: 0.0000, loss: 0.7377
2026-09-22 15:13:11,876 - mmdet - INFO - Epoch [27][1750/3488]	lr: 1.000e-04, eta: 0:58:17, time: 0.262, data_time: 0.045, memory: 8019, loss_cls: 0.3689, loss_bbox: 0.3566, loss_kps: 0.0000, loss: 0.7255
2026-09-22 15:13:24,676 - mmdet - INFO - Epoch [27][1800/3488]	lr: 1.000e-04, eta: 0:58:03, time: 0.256, data_time: 0.038, memory: 8019, loss_cls: 0.3734, loss_bbox: 0.3545, loss_kps: 0.0000, loss: 0.7279
2026-09-22 15:13:37,483 - mmdet - INFO - Epoch [27][1850/3488]	lr: 1.000e-04, eta: 0:57:48, time: 0.256, data_time: 0.039, memory: 8019, loss_cls: 0.3682, loss_bbox: 0.3544, loss_kps: 0.0000, loss: 0.7225
2026-09-22 15:13:50,009 - mmdet - INFO - Epoch [27][1900/3488]	lr: 1.000e-04, eta: 0:57:34, time: 0.251, data_time: 0.038, memory: 8019, loss_cls: 0.3836, loss_bbox: 0.3553, loss_kps: 0.0000, loss: 0.7389
2026-09-22 15:14:02,444 - mmdet - INFO - Epoch [27][1950/3488]	lr: 1.000e-04, eta: 0:57:19, time: 0.249, data_time: 0.038, memory: 8019, loss_cls: 0.3756, loss_bbox: 0.3611, loss_kps: 0.0000, loss: 0.7368
2026-09-22 15:14:15,187 - mmdet - INFO - Epoch [27][2000/3488]	lr: 1.000e-04, eta: 0:57:05, time: 0.255, data_time: 0.038, memory: 8019, loss_cls: 0.3830, loss_bbox: 0.3550, loss_kps: 0.0000, loss: 0.7379
2026-09-22 15:14:27,600 - mmdet - INFO - Epoch [27][2050/3488]	lr: 1.000e-04, eta: 0:56:50, time: 0.248, data_time: 0.038, memory: 8019, loss_cls: 0.3843, loss_bbox: 0.3677, loss_kps: 0.0000, loss: 0.7520
2026-09-22 15:14:39,989 - mmdet - INFO - Epoch [27][2100/3488]	lr: 1.000e-04, eta: 0:56:36, time: 0.248, data_time: 0.038, memory: 8019, loss_cls: 0.3857, loss_bbox: 0.3703, loss_kps: 0.0000, loss: 0.7559
2026-09-22 15:14:52,410 - mmdet - INFO - Epoch [27][2150/3488]	lr: 1.000e-04, eta: 0:56:21, time: 0.248, data_time: 0.036, memory: 8019, loss_cls: 0.3782, loss_bbox: 0.3543, loss_kps: 0.0000, loss: 0.7325
2026-09-22 15:15:05,065 - mmdet - INFO - Epoch [27][2200/3488]	lr: 1.000e-04, eta: 0:56:06, time: 0.253, data_time: 0.038, memory: 8019, loss_cls: 0.3744, loss_bbox: 0.3613, loss_kps: 0.0000, loss: 0.7358
2026-09-22 15:15:17,360 - mmdet - INFO - Epoch [27][2250/3488]	lr: 1.000e-04, eta: 0:55:52, time: 0.246, data_time: 0.038, memory: 8019, loss_cls: 0.3698, loss_bbox: 0.3625, loss_kps: 0.0000, loss: 0.7323
2026-09-22 15:15:29,882 - mmdet - INFO - Epoch [27][2300/3488]	lr: 1.000e-04, eta: 0:55:37, time: 0.251, data_time: 0.039, memory: 8019, loss_cls: 0.3724, loss_bbox: 0.3596, loss_kps: 0.0000, loss: 0.7320
2026-09-22 15:15:42,249 - mmdet - INFO - Epoch [27][2350/3488]	lr: 1.000e-04, eta: 0:55:23, time: 0.247, data_time: 0.037, memory: 8019, loss_cls: 0.3852, loss_bbox: 0.3645, loss_kps: 0.0000, loss: 0.7497
2026-09-22 15:15:54,892 - mmdet - INFO - Epoch [27][2400/3488]	lr: 1.000e-04, eta: 0:55:08, time: 0.253, data_time: 0.039, memory: 8019, loss_cls: 0.3731, loss_bbox: 0.3587, loss_kps: 0.0000, loss: 0.7318
2026-09-22 15:16:07,331 - mmdet - INFO - Epoch [27][2450/3488]	lr: 1.000e-04, eta: 0:54:54, time: 0.249, data_time: 0.037, memory: 8019, loss_cls: 0.3931, loss_bbox: 0.3679, loss_kps: 0.0000, loss: 0.7610
2026-09-22 15:16:19,911 - mmdet - INFO - Epoch [27][2500/3488]	lr: 1.000e-04, eta: 0:54:39, time: 0.252, data_time: 0.041, memory: 8019, loss_cls: 0.3730, loss_bbox: 0.3420, loss_kps: 0.0000, loss: 0.7150
2026-09-22 15:16:32,345 - mmdet - INFO - Epoch [27][2550/3488]	lr: 1.000e-04, eta: 0:54:25, time: 0.248, data_time: 0.038, memory: 8019, loss_cls: 0.3806, loss_bbox: 0.3650, loss_kps: 0.0000, loss: 0.7457
2026-09-22 15:16:44,718 - mmdet - INFO - Epoch [27][2600/3488]	lr: 1.000e-04, eta: 0:54:10, time: 0.247, data_time: 0.039, memory: 8019, loss_cls: 0.3759, loss_bbox: 0.3554, loss_kps: 0.0000, loss: 0.7312
2026-09-22 15:16:57,189 - mmdet - INFO - Epoch [27][2650/3488]	lr: 1.000e-04, eta: 0:53:55, time: 0.249, data_time: 0.037, memory: 8019, loss_cls: 0.3851, loss_bbox: 0.3716, loss_kps: 0.0000, loss: 0.7567
2026-09-22 15:17:09,621 - mmdet - INFO - Epoch [27][2700/3488]	lr: 1.000e-04, eta: 0:53:41, time: 0.249, data_time: 0.038, memory: 8019, loss_cls: 0.3764, loss_bbox: 0.3565, loss_kps: 0.0000, loss: 0.7328
2026-09-22 15:17:22,199 - mmdet - INFO - Epoch [27][2750/3488]	lr: 1.000e-04, eta: 0:53:26, time: 0.252, data_time: 0.041, memory: 8019, loss_cls: 0.3791, loss_bbox: 0.3625, loss_kps: 0.0000, loss: 0.7416
2026-09-22 15:17:35,012 - mmdet - INFO - Epoch [27][2800/3488]	lr: 1.000e-04, eta: 0:53:12, time: 0.256, data_time: 0.045, memory: 8019, loss_cls: 0.3624, loss_bbox: 0.3559, loss_kps: 0.0000, loss: 0.7183
2026-09-22 15:17:47,577 - mmdet - INFO - Epoch [27][2850/3488]	lr: 1.000e-04, eta: 0:52:57, time: 0.251, data_time: 0.040, memory: 8019, loss_cls: 0.3829, loss_bbox: 0.3706, loss_kps: 0.0000, loss: 0.7535
2026-09-22 15:18:00,378 - mmdet - INFO - Epoch [27][2900/3488]	lr: 1.000e-04, eta: 0:52:43, time: 0.256, data_time: 0.041, memory: 8019, loss_cls: 0.3822, loss_bbox: 0.3588, loss_kps: 0.0000, loss: 0.7411
2026-09-22 15:18:12,672 - mmdet - INFO - Epoch [27][2950/3488]	lr: 1.000e-04, eta: 0:52:28, time: 0.246, data_time: 0.038, memory: 8019, loss_cls: 0.3945, loss_bbox: 0.3599, loss_kps: 0.0000, loss: 0.7544
2026-09-22 15:18:25,164 - mmdet - INFO - Epoch [27][3000/3488]	lr: 1.000e-04, eta: 0:52:14, time: 0.250, data_time: 0.038, memory: 8019, loss_cls: 0.3828, loss_bbox: 0.3580, loss_kps: 0.0000, loss: 0.7408
2026-09-22 15:18:37,853 - mmdet - INFO - Epoch [27][3050/3488]	lr: 1.000e-04, eta: 0:51:59, time: 0.254, data_time: 0.039, memory: 8019, loss_cls: 0.3735, loss_bbox: 0.3538, loss_kps: 0.0000, loss: 0.7274
2026-09-22 15:18:50,412 - mmdet - INFO - Epoch [27][3100/3488]	lr: 1.000e-04, eta: 0:51:45, time: 0.251, data_time: 0.037, memory: 8019, loss_cls: 0.3767, loss_bbox: 0.3681, loss_kps: 0.0000, loss: 0.7448
2026-09-22 15:19:02,548 - mmdet - INFO - Epoch [27][3150/3488]	lr: 1.000e-04, eta: 0:51:30, time: 0.243, data_time: 0.038, memory: 8019, loss_cls: 0.3667, loss_bbox: 0.3513, loss_kps: 0.0000, loss: 0.7181
2026-09-22 15:19:15,157 - mmdet - INFO - Epoch [27][3200/3488]	lr: 1.000e-04, eta: 0:51:16, time: 0.252, data_time: 0.039, memory: 8019, loss_cls: 0.3812, loss_bbox: 0.3605, loss_kps: 0.0000, loss: 0.7417
2026-09-22 15:19:27,500 - mmdet - INFO - Epoch [27][3250/3488]	lr: 1.000e-04, eta: 0:51:01, time: 0.247, data_time: 0.038, memory: 8019, loss_cls: 0.3616, loss_bbox: 0.3569, loss_kps: 0.0000, loss: 0.7185
2026-09-22 15:19:39,955 - mmdet - INFO - Epoch [27][3300/3488]	lr: 1.000e-04, eta: 0:50:47, time: 0.249, data_time: 0.040, memory: 8019, loss_cls: 0.3656, loss_bbox: 0.3631, loss_kps: 0.0000, loss: 0.7287
2026-09-22 15:19:52,366 - mmdet - INFO - Epoch [27][3350/3488]	lr: 1.000e-04, eta: 0:50:32, time: 0.248, data_time: 0.038, memory: 8019, loss_cls: 0.3819, loss_bbox: 0.3601, loss_kps: 0.0000, loss: 0.7419
2026-09-22 15:20:04,723 - mmdet - INFO - Epoch [27][3400/3488]	lr: 1.000e-04, eta: 0:50:18, time: 0.247, data_time: 0.038, memory: 8019, loss_cls: 0.3781, loss_bbox: 0.3509, loss_kps: 0.0000, loss: 0.7290
2026-09-22 15:20:17,160 - mmdet - INFO - Epoch [27][3450/3488]	lr: 1.000e-04, eta: 0:50:03, time: 0.249, data_time: 0.038, memory: 8019, loss_cls: 0.3715, loss_bbox: 0.3591, loss_kps: 0.0000, loss: 0.7306
2026-09-22 15:20:25,963 - mmdet - INFO - Saving checkpoint at 27 epochs
2026-09-22 15:20:46,097 - mmdet - INFO - Epoch [28][50/3488]	lr: 1.000e-05, eta: 0:49:37, time: 0.398, data_time: 0.170, memory: 8019, loss_cls: 0.3797, loss_bbox: 0.3673, loss_kps: 0.0000, loss: 0.7471
2026-09-22 15:20:58,673 - mmdet - INFO - Epoch [28][100/3488]	lr: 1.000e-05, eta: 0:49:23, time: 0.252, data_time: 0.040, memory: 8019, loss_cls: 0.3932, loss_bbox: 0.3684, loss_kps: 0.0000, loss: 0.7616
2026-09-22 15:21:11,130 - mmdet - INFO - Epoch [28][150/3488]	lr: 1.000e-05, eta: 0:49:08, time: 0.249, data_time: 0.038, memory: 8019, loss_cls: 0.3849, loss_bbox: 0.3633, loss_kps: 0.0000, loss: 0.7481
2026-09-22 15:21:23,605 - mmdet - INFO - Epoch [28][200/3488]	lr: 1.000e-05, eta: 0:48:54, time: 0.249, data_time: 0.040, memory: 8019, loss_cls: 0.3633, loss_bbox: 0.3545, loss_kps: 0.0000, loss: 0.7177
2026-09-22 15:21:36,441 - mmdet - INFO - Epoch [28][250/3488]	lr: 1.000e-05, eta: 0:48:40, time: 0.257, data_time: 0.041, memory: 8019, loss_cls: 0.3841, loss_bbox: 0.3513, loss_kps: 0.0000, loss: 0.7354
2026-09-22 15:21:49,375 - mmdet - INFO - Epoch [28][300/3488]	lr: 1.000e-05, eta: 0:48:25, time: 0.259, data_time: 0.049, memory: 8019, loss_cls: 0.3747, loss_bbox: 0.3600, loss_kps: 0.0000, loss: 0.7347
2026-09-22 15:22:01,636 - mmdet - INFO - Epoch [28][350/3488]	lr: 1.000e-05, eta: 0:48:11, time: 0.245, data_time: 0.037, memory: 8019, loss_cls: 0.3771, loss_bbox: 0.3544, loss_kps: 0.0000, loss: 0.7315
2026-09-22 15:22:14,108 - mmdet - INFO - Epoch [28][400/3488]	lr: 1.000e-05, eta: 0:47:56, time: 0.250, data_time: 0.040, memory: 8019, loss_cls: 0.3728, loss_bbox: 0.3567, loss_kps: 0.0000, loss: 0.7296
2026-09-22 15:22:26,474 - mmdet - INFO - Epoch [28][450/3488]	lr: 1.000e-05, eta: 0:47:42, time: 0.247, data_time: 0.038, memory: 8019, loss_cls: 0.3603, loss_bbox: 0.3557, loss_kps: 0.0000, loss: 0.7160
2026-09-22 15:22:39,035 - mmdet - INFO - Epoch [28][500/3488]	lr: 1.000e-05, eta: 0:47:27, time: 0.251, data_time: 0.040, memory: 8019, loss_cls: 0.3754, loss_bbox: 0.3642, loss_kps: 0.0000, loss: 0.7396
2026-09-22 15:22:51,624 - mmdet - INFO - Epoch [28][550/3488]	lr: 1.000e-05, eta: 0:47:13, time: 0.252, data_time: 0.039, memory: 8019, loss_cls: 0.3785, loss_bbox: 0.3520, loss_kps: 0.0000, loss: 0.7306
2026-09-22 15:23:04,492 - mmdet - INFO - Epoch [28][600/3488]	lr: 1.000e-05, eta: 0:46:58, time: 0.258, data_time: 0.042, memory: 8019, loss_cls: 0.3778, loss_bbox: 0.3637, loss_kps: 0.0000, loss: 0.7416
2026-09-22 15:23:16,794 - mmdet - INFO - Epoch [28][650/3488]	lr: 1.000e-05, eta: 0:46:44, time: 0.246, data_time: 0.040, memory: 8019, loss_cls: 0.3802, loss_bbox: 0.3644, loss_kps: 0.0000, loss: 0.7445
2026-09-22 15:23:29,154 - mmdet - INFO - Epoch [28][700/3488]	lr: 1.000e-05, eta: 0:46:29, time: 0.247, data_time: 0.039, memory: 8019, loss_cls: 0.3690, loss_bbox: 0.3607, loss_kps: 0.0000, loss: 0.7297
2026-09-22 15:23:41,443 - mmdet - INFO - Epoch [28][750/3488]	lr: 1.000e-05, eta: 0:46:15, time: 0.246, data_time: 0.040, memory: 8019, loss_cls: 0.3759, loss_bbox: 0.3645, loss_kps: 0.0000, loss: 0.7404
2026-09-22 15:23:53,606 - mmdet - INFO - Epoch [28][800/3488]	lr: 1.000e-05, eta: 0:46:00, time: 0.243, data_time: 0.039, memory: 8019, loss_cls: 0.3727, loss_bbox: 0.3425, loss_kps: 0.0000, loss: 0.7152
2026-09-22 15:24:06,036 - mmdet - INFO - Epoch [28][850/3488]	lr: 1.000e-05, eta: 0:45:46, time: 0.249, data_time: 0.039, memory: 8019, loss_cls: 0.3756, loss_bbox: 0.3616, loss_kps: 0.0000, loss: 0.7372
2026-09-22 15:24:18,495 - mmdet - INFO - Epoch [28][900/3488]	lr: 1.000e-05, eta: 0:45:31, time: 0.249, data_time: 0.043, memory: 8019, loss_cls: 0.3610, loss_bbox: 0.3590, loss_kps: 0.0000, loss: 0.7200
2026-09-22 15:24:30,971 - mmdet - INFO - Epoch [28][950/3488]	lr: 1.000e-05, eta: 0:45:17, time: 0.250, data_time: 0.040, memory: 8019, loss_cls: 0.3628, loss_bbox: 0.3568, loss_kps: 0.0000, loss: 0.7196
2026-09-22 15:24:43,352 - mmdet - INFO - Epoch [28][1000/3488]	lr: 1.000e-05, eta: 0:45:02, time: 0.248, data_time: 0.040, memory: 8019, loss_cls: 0.3791, loss_bbox: 0.3656, loss_kps: 0.0000, loss: 0.7447
2026-09-22 15:24:55,593 - mmdet - INFO - Epoch [28][1050/3488]	lr: 1.000e-05, eta: 0:44:48, time: 0.245, data_time: 0.037, memory: 8019, loss_cls: 0.3854, loss_bbox: 0.3537, loss_kps: 0.0000, loss: 0.7391
2026-09-22 15:25:07,939 - mmdet - INFO - Epoch [28][1100/3488]	lr: 1.000e-05, eta: 0:44:33, time: 0.247, data_time: 0.039, memory: 8019, loss_cls: 0.3753, loss_bbox: 0.3536, loss_kps: 0.0000, loss: 0.7289
2026-09-22 15:25:20,252 - mmdet - INFO - Epoch [28][1150/3488]	lr: 1.000e-05, eta: 0:44:19, time: 0.246, data_time: 0.038, memory: 8019, loss_cls: 0.3743, loss_bbox: 0.3586, loss_kps: 0.0000, loss: 0.7329
2026-09-22 15:25:32,547 - mmdet - INFO - Epoch [28][1200/3488]	lr: 1.000e-05, eta: 0:44:04, time: 0.246, data_time: 0.039, memory: 8019, loss_cls: 0.3668, loss_bbox: 0.3562, loss_kps: 0.0000, loss: 0.7230
2026-09-22 15:25:44,941 - mmdet - INFO - Epoch [28][1250/3488]	lr: 1.000e-05, eta: 0:43:50, time: 0.248, data_time: 0.038, memory: 8019, loss_cls: 0.3750, loss_bbox: 0.3600, loss_kps: 0.0000, loss: 0.7350
2026-09-22 15:25:57,607 - mmdet - INFO - Epoch [28][1300/3488]	lr: 1.000e-05, eta: 0:43:36, time: 0.253, data_time: 0.046, memory: 8019, loss_cls: 0.3695, loss_bbox: 0.3546, loss_kps: 0.0000, loss: 0.7241
2026-09-22 15:26:10,176 - mmdet - INFO - Epoch [28][1350/3488]	lr: 1.000e-05, eta: 0:43:21, time: 0.251, data_time: 0.039, memory: 8019, loss_cls: 0.3791, loss_bbox: 0.3709, loss_kps: 0.0000, loss: 0.7500
2026-09-22 15:26:22,559 - mmdet - INFO - Epoch [28][1400/3488]	lr: 1.000e-05, eta: 0:43:07, time: 0.248, data_time: 0.041, memory: 8019, loss_cls: 0.3849, loss_bbox: 0.3691, loss_kps: 0.0000, loss: 0.7540
2026-09-22 15:26:34,822 - mmdet - INFO - Epoch [28][1450/3488]	lr: 1.000e-05, eta: 0:42:52, time: 0.245, data_time: 0.039, memory: 8019, loss_cls: 0.3948, loss_bbox: 0.3650, loss_kps: 0.0000, loss: 0.7598
2026-09-22 15:26:47,282 - mmdet - INFO - Epoch [28][1500/3488]	lr: 1.000e-05, eta: 0:42:38, time: 0.249, data_time: 0.039, memory: 8019, loss_cls: 0.3625, loss_bbox: 0.3590, loss_kps: 0.0000, loss: 0.7215
2026-09-22 15:26:59,680 - mmdet - INFO - Epoch [28][1550/3488]	lr: 1.000e-05, eta: 0:42:23, time: 0.248, data_time: 0.039, memory: 8019, loss_cls: 0.3711, loss_bbox: 0.3578, loss_kps: 0.0000, loss: 0.7289
2026-09-22 15:27:11,956 - mmdet - INFO - Epoch [28][1600/3488]	lr: 1.000e-05, eta: 0:42:09, time: 0.246, data_time: 0.039, memory: 8019, loss_cls: 0.3633, loss_bbox: 0.3519, loss_kps: 0.0000, loss: 0.7152
2026-09-22 15:27:24,161 - mmdet - INFO - Epoch [28][1650/3488]	lr: 1.000e-05, eta: 0:41:54, time: 0.244, data_time: 0.038, memory: 8019, loss_cls: 0.3547, loss_bbox: 0.3553, loss_kps: 0.0000, loss: 0.7100
2026-09-22 15:27:36,798 - mmdet - INFO - Epoch [28][1700/3488]	lr: 1.000e-05, eta: 0:41:40, time: 0.253, data_time: 0.038, memory: 8019, loss_cls: 0.3668, loss_bbox: 0.3558, loss_kps: 0.0000, loss: 0.7226
2026-09-22 15:27:49,184 - mmdet - INFO - Epoch [28][1750/3488]	lr: 1.000e-05, eta: 0:41:26, time: 0.248, data_time: 0.038, memory: 8019, loss_cls: 0.3475, loss_bbox: 0.3395, loss_kps: 0.0000, loss: 0.6870
2026-09-22 15:28:01,749 - mmdet - INFO - Epoch [28][1800/3488]	lr: 1.000e-05, eta: 0:41:11, time: 0.251, data_time: 0.042, memory: 8019, loss_cls: 0.3666, loss_bbox: 0.3525, loss_kps: 0.0000, loss: 0.7191
2026-09-22 15:28:13,993 - mmdet - INFO - Epoch [28][1850/3488]	lr: 1.000e-05, eta: 0:40:57, time: 0.245, data_time: 0.037, memory: 8019, loss_cls: 0.3677, loss_bbox: 0.3552, loss_kps: 0.0000, loss: 0.7229
2026-09-22 15:28:26,160 - mmdet - INFO - Epoch [28][1900/3488]	lr: 1.000e-05, eta: 0:40:42, time: 0.243, data_time: 0.037, memory: 8019, loss_cls: 0.3844, loss_bbox: 0.3610, loss_kps: 0.0000, loss: 0.7454
2026-09-22 15:28:38,631 - mmdet - INFO - Epoch [28][1950/3488]	lr: 1.000e-05, eta: 0:40:28, time: 0.249, data_time: 0.039, memory: 8019, loss_cls: 0.3659, loss_bbox: 0.3574, loss_kps: 0.0000, loss: 0.7233
2026-09-22 15:28:51,046 - mmdet - INFO - Epoch [28][2000/3488]	lr: 1.000e-05, eta: 0:40:13, time: 0.248, data_time: 0.038, memory: 8019, loss_cls: 0.3823, loss_bbox: 0.3667, loss_kps: 0.0000, loss: 0.7489
2026-09-22 15:29:03,525 - mmdet - INFO - Epoch [28][2050/3488]	lr: 1.000e-05, eta: 0:39:59, time: 0.250, data_time: 0.039, memory: 8019, loss_cls: 0.3843, loss_bbox: 0.3622, loss_kps: 0.0000, loss: 0.7465
2026-09-22 15:29:15,852 - mmdet - INFO - Epoch [28][2100/3488]	lr: 1.000e-05, eta: 0:39:45, time: 0.247, data_time: 0.039, memory: 8019, loss_cls: 0.3637, loss_bbox: 0.3534, loss_kps: 0.0000, loss: 0.7170
2026-09-22 15:29:28,133 - mmdet - INFO - Epoch [28][2150/3488]	lr: 1.000e-05, eta: 0:39:30, time: 0.246, data_time: 0.039, memory: 8019, loss_cls: 0.3732, loss_bbox: 0.3531, loss_kps: 0.0000, loss: 0.7262
2026-09-22 15:29:40,472 - mmdet - INFO - Epoch [28][2200/3488]	lr: 1.000e-05, eta: 0:39:16, time: 0.247, data_time: 0.040, memory: 8019, loss_cls: 0.3690, loss_bbox: 0.3584, loss_kps: 0.0000, loss: 0.7275
2026-09-22 15:29:52,792 - mmdet - INFO - Epoch [28][2250/3488]	lr: 1.000e-05, eta: 0:39:01, time: 0.246, data_time: 0.037, memory: 8019, loss_cls: 0.3684, loss_bbox: 0.3521, loss_kps: 0.0000, loss: 0.7206
2026-09-22 15:30:05,132 - mmdet - INFO - Epoch [28][2300/3488]	lr: 1.000e-05, eta: 0:38:47, time: 0.247, data_time: 0.039, memory: 8019, loss_cls: 0.3723, loss_bbox: 0.3543, loss_kps: 0.0000, loss: 0.7266
2026-09-22 15:30:17,460 - mmdet - INFO - Epoch [28][2350/3488]	lr: 1.000e-05, eta: 0:38:32, time: 0.247, data_time: 0.039, memory: 8019, loss_cls: 0.3825, loss_bbox: 0.3576, loss_kps: 0.0000, loss: 0.7401
2026-09-22 15:30:30,023 - mmdet - INFO - Epoch [28][2400/3488]	lr: 1.000e-05, eta: 0:38:18, time: 0.251, data_time: 0.047, memory: 8019, loss_cls: 0.3801, loss_bbox: 0.3515, loss_kps: 0.0000, loss: 0.7316
2026-09-22 15:30:42,104 - mmdet - INFO - Epoch [28][2450/3488]	lr: 1.000e-05, eta: 0:38:04, time: 0.242, data_time: 0.039, memory: 8019, loss_cls: 0.3925, loss_bbox: 0.3616, loss_kps: 0.0000, loss: 0.7542
2026-09-22 15:30:54,424 - mmdet - INFO - Epoch [28][2500/3488]	lr: 1.000e-05, eta: 0:37:49, time: 0.247, data_time: 0.039, memory: 8019, loss_cls: 0.3682, loss_bbox: 0.3537, loss_kps: 0.0000, loss: 0.7219
2026-09-22 15:31:06,660 - mmdet - INFO - Epoch [28][2550/3488]	lr: 1.000e-05, eta: 0:37:35, time: 0.245, data_time: 0.038, memory: 8019, loss_cls: 0.3758, loss_bbox: 0.3502, loss_kps: 0.0000, loss: 0.7261
2026-09-22 15:31:18,733 - mmdet - INFO - Epoch [28][2600/3488]	lr: 1.000e-05, eta: 0:37:20, time: 0.241, data_time: 0.038, memory: 8019, loss_cls: 0.3826, loss_bbox: 0.3569, loss_kps: 0.0000, loss: 0.7395
2026-09-22 15:31:30,991 - mmdet - INFO - Epoch [28][2650/3488]	lr: 1.000e-05, eta: 0:37:06, time: 0.245, data_time: 0.040, memory: 8019, loss_cls: 0.3793, loss_bbox: 0.3583, loss_kps: 0.0000, loss: 0.7376
2026-09-22 15:31:43,123 - mmdet - INFO - Epoch [28][2700/3488]	lr: 1.000e-05, eta: 0:36:52, time: 0.243, data_time: 0.040, memory: 8019, loss_cls: 0.3888, loss_bbox: 0.3609, loss_kps: 0.0000, loss: 0.7496
2026-09-22 15:31:55,292 - mmdet - INFO - Epoch [28][2750/3488]	lr: 1.000e-05, eta: 0:36:37, time: 0.243, data_time: 0.039, memory: 8019, loss_cls: 0.3749, loss_bbox: 0.3655, loss_kps: 0.0000, loss: 0.7404
2026-09-22 15:32:07,411 - mmdet - INFO - Epoch [28][2800/3488]	lr: 1.000e-05, eta: 0:36:23, time: 0.242, data_time: 0.040, memory: 8019, loss_cls: 0.3681, loss_bbox: 0.3557, loss_kps: 0.0000, loss: 0.7238
2026-09-22 15:32:20,041 - mmdet - INFO - Epoch [28][2850/3488]	lr: 1.000e-05, eta: 0:36:08, time: 0.253, data_time: 0.040, memory: 8019, loss_cls: 0.3778, loss_bbox: 0.3603, loss_kps: 0.0000, loss: 0.7382
2026-09-22 15:32:32,543 - mmdet - INFO - Epoch [28][2900/3488]	lr: 1.000e-05, eta: 0:35:54, time: 0.250, data_time: 0.039, memory: 8019, loss_cls: 0.3693, loss_bbox: 0.3582, loss_kps: 0.0000, loss: 0.7275
2026-09-22 15:32:45,115 - mmdet - INFO - Epoch [28][2950/3488]	lr: 1.000e-05, eta: 0:35:40, time: 0.251, data_time: 0.038, memory: 8019, loss_cls: 0.3786, loss_bbox: 0.3545, loss_kps: 0.0000, loss: 0.7331
2026-09-22 15:32:57,634 - mmdet - INFO - Epoch [28][3000/3488]	lr: 1.000e-05, eta: 0:35:25, time: 0.250, data_time: 0.039, memory: 8019, loss_cls: 0.4093, loss_bbox: 0.3615, loss_kps: 0.0000, loss: 0.7708
2026-09-22 15:33:26,605 - mmdet - INFO - Epoch [28][3050/3488]	lr: 1.000e-05, eta: 0:35:12, time: 0.578, data_time: 0.036, memory: 8019, loss_cls: 0.3634, loss_bbox: 0.3607, loss_kps: 0.0000, loss: 0.7242
2026-09-22 15:33:59,780 - mmdet - INFO - Epoch [28][3100/3488]	lr: 1.000e-05, eta: 0:34:59, time: 0.664, data_time: 0.033, memory: 8019, loss_cls: 0.3641, loss_bbox: 0.3551, loss_kps: 0.0000, loss: 0.7192
2026-09-22 15:34:38,878 - mmdet - INFO - Epoch [28][3150/3488]	lr: 1.000e-05, eta: 0:34:47, time: 0.782, data_time: 0.031, memory: 8019, loss_cls: 0.3665, loss_bbox: 0.3498, loss_kps: 0.0000, loss: 0.7163
2026-09-22 15:34:50,956 - mmdet - INFO - Epoch [28][3200/3488]	lr: 1.000e-05, eta: 0:34:33, time: 0.242, data_time: 0.038, memory: 8019, loss_cls: 0.3769, loss_bbox: 0.3552, loss_kps: 0.0000, loss: 0.7321
2026-09-22 15:35:24,408 - mmdet - INFO - Epoch [28][3250/3488]	lr: 1.000e-05, eta: 0:34:20, time: 0.668, data_time: 0.034, memory: 8019, loss_cls: 0.3679, loss_bbox: 0.3518, loss_kps: 0.0000, loss: 0.7197
2026-09-22 15:35:57,975 - mmdet - INFO - Epoch [28][3300/3488]	lr: 1.000e-05, eta: 0:34:07, time: 0.671, data_time: 0.035, memory: 8019, loss_cls: 0.3640, loss_bbox: 0.3482, loss_kps: 0.0000, loss: 0.7122
2026-09-22 15:36:32,928 - mmdet - INFO - Epoch [28][3350/3488]	lr: 1.000e-05, eta: 0:33:54, time: 0.701, data_time: 0.031, memory: 8019, loss_cls: 0.3731, loss_bbox: 0.3602, loss_kps: 0.0000, loss: 0.7333
2026-09-22 15:36:57,447 - mmdet - INFO - Epoch [28][3400/3488]	lr: 1.000e-05, eta: 0:33:40, time: 0.489, data_time: 0.046, memory: 8019, loss_cls: 0.3723, loss_bbox: 0.3545, loss_kps: 0.0000, loss: 0.7267
2026-09-22 15:37:33,560 - mmdet - INFO - Epoch [28][3450/3488]	lr: 1.000e-05, eta: 0:33:28, time: 0.722, data_time: 0.034, memory: 8019, loss_cls: 0.3929, loss_bbox: 0.3681, loss_kps: 0.0000, loss: 0.7609
2026-09-22 15:38:03,439 - mmdet - INFO - Saving checkpoint at 28 epochs
2026-09-22 15:38:26,384 - mmdet - INFO - Epoch [29][50/3488]	lr: 1.000e-05, eta: 0:33:02, time: 0.455, data_time: 0.165, memory: 8019, loss_cls: 0.3848, loss_bbox: 0.3531, loss_kps: 0.0000, loss: 0.7378
2026-09-22 15:38:58,499 - mmdet - INFO - Epoch [29][100/3488]	lr: 1.000e-05, eta: 0:32:49, time: 0.641, data_time: 0.033, memory: 8019, loss_cls: 0.3642, loss_bbox: 0.3556, loss_kps: 0.0000, loss: 0.7197
2026-09-22 15:39:35,569 - mmdet - INFO - Epoch [29][150/3488]	lr: 1.000e-05, eta: 0:32:37, time: 0.741, data_time: 0.032, memory: 8019, loss_cls: 0.3702, loss_bbox: 0.3606, loss_kps: 0.0000, loss: 0.7308
2026-09-22 15:40:09,773 - mmdet - INFO - Epoch [29][200/3488]	lr: 1.000e-05, eta: 0:32:24, time: 0.685, data_time: 0.032, memory: 8019, loss_cls: 0.3739, loss_bbox: 0.3563, loss_kps: 0.0000, loss: 0.7302
2026-09-22 15:40:22,059 - mmdet - INFO - Epoch [29][250/3488]	lr: 1.000e-05, eta: 0:32:09, time: 0.246, data_time: 0.038, memory: 8019, loss_cls: 0.3726, loss_bbox: 0.3532, loss_kps: 0.0000, loss: 0.7258
2026-09-22 15:40:34,713 - mmdet - INFO - Epoch [29][300/3488]	lr: 1.000e-05, eta: 0:31:55, time: 0.253, data_time: 0.041, memory: 8019, loss_cls: 0.3753, loss_bbox: 0.3526, loss_kps: 0.0000, loss: 0.7279
2026-09-22 15:40:47,123 - mmdet - INFO - Epoch [29][350/3488]	lr: 1.000e-05, eta: 0:31:40, time: 0.248, data_time: 0.040, memory: 8019, loss_cls: 0.3858, loss_bbox: 0.3588, loss_kps: 0.0000, loss: 0.7445
2026-09-22 15:41:15,721 - mmdet - INFO - Epoch [29][400/3488]	lr: 1.000e-05, eta: 0:31:27, time: 0.571, data_time: 0.034, memory: 8019, loss_cls: 0.3723, loss_bbox: 0.3662, loss_kps: 0.0000, loss: 0.7385
2026-09-22 15:41:50,959 - mmdet - INFO - Epoch [29][450/3488]	lr: 1.000e-05, eta: 0:31:14, time: 0.705, data_time: 0.033, memory: 8019, loss_cls: 0.3797, loss_bbox: 0.3596, loss_kps: 0.0000, loss: 0.7393
2026-09-22 15:42:30,035 - mmdet - INFO - Epoch [29][500/3488]	lr: 1.000e-05, eta: 0:31:01, time: 0.781, data_time: 0.030, memory: 8019, loss_cls: 0.3792, loss_bbox: 0.3608, loss_kps: 0.0000, loss: 0.7400
2026-09-22 15:42:42,318 - mmdet - INFO - Epoch [29][550/3488]	lr: 1.000e-05, eta: 0:30:47, time: 0.247, data_time: 0.041, memory: 8019, loss_cls: 0.3862, loss_bbox: 0.3615, loss_kps: 0.0000, loss: 0.7477
2026-09-22 15:43:18,805 - mmdet - INFO - Epoch [29][600/3488]	lr: 1.000e-05, eta: 0:30:34, time: 0.729, data_time: 0.033, memory: 8019, loss_cls: 0.3917, loss_bbox: 0.3675, loss_kps: 0.0000, loss: 0.7592
2026-09-22 15:43:55,949 - mmdet - INFO - Epoch [29][650/3488]	lr: 1.000e-05, eta: 0:30:21, time: 0.743, data_time: 0.031, memory: 8019, loss_cls: 0.3649, loss_bbox: 0.3549, loss_kps: 0.0000, loss: 0.7198
2026-09-22 15:44:26,457 - mmdet - INFO - Epoch [29][700/3488]	lr: 1.000e-05, eta: 0:30:07, time: 0.611, data_time: 0.033, memory: 8019, loss_cls: 0.3738, loss_bbox: 0.3609, loss_kps: 0.0000, loss: 0.7347
2026-09-22 15:44:39,249 - mmdet - INFO - Epoch [29][750/3488]	lr: 1.000e-05, eta: 0:29:53, time: 0.256, data_time: 0.048, memory: 8019, loss_cls: 0.3746, loss_bbox: 0.3576, loss_kps: 0.0000, loss: 0.7322
2026-09-22 15:44:51,734 - mmdet - INFO - Epoch [29][800/3488]	lr: 1.000e-05, eta: 0:29:38, time: 0.250, data_time: 0.039, memory: 8019, loss_cls: 0.3880, loss_bbox: 0.3729, loss_kps: 0.0000, loss: 0.7609
2026-09-22 15:45:04,230 - mmdet - INFO - Epoch [29][850/3488]	lr: 1.000e-05, eta: 0:29:24, time: 0.250, data_time: 0.040, memory: 8019, loss_cls: 0.3818, loss_bbox: 0.3687, loss_kps: 0.0000, loss: 0.7506
2026-09-22 15:45:16,912 - mmdet - INFO - Epoch [29][900/3488]	lr: 1.000e-05, eta: 0:29:09, time: 0.252, data_time: 0.039, memory: 8019, loss_cls: 0.3818, loss_bbox: 0.3547, loss_kps: 0.0000, loss: 0.7364
2026-09-22 15:46:00,882 - mmdet - INFO - Epoch [29][950/3488]	lr: 1.000e-05, eta: 0:28:57, time: 0.879, data_time: 0.031, memory: 8019, loss_cls: 0.3845, loss_bbox: 0.3591, loss_kps: 0.0000, loss: 0.7436
2026-09-22 15:46:44,943 - mmdet - INFO - Epoch [29][1000/3488]	lr: 1.000e-05, eta: 0:28:44, time: 0.881, data_time: 0.032, memory: 8019, loss_cls: 0.3669, loss_bbox: 0.3544, loss_kps: 0.0000, loss: 0.7213
2026-09-22 15:47:28,778 - mmdet - INFO - Epoch [29][1050/3488]	lr: 1.000e-05, eta: 0:28:31, time: 0.877, data_time: 0.031, memory: 8019, loss_cls: 0.3839, loss_bbox: 0.3706, loss_kps: 0.0000, loss: 0.7545
2026-09-22 15:48:12,105 - mmdet - INFO - Epoch [29][1100/3488]	lr: 1.000e-05, eta: 0:28:19, time: 0.867, data_time: 0.031, memory: 8019, loss_cls: 0.3614, loss_bbox: 0.3510, loss_kps: 0.0000, loss: 0.7124
2026-09-22 15:48:51,144 - mmdet - INFO - Epoch [29][1150/3488]	lr: 1.000e-05, eta: 0:28:06, time: 0.781, data_time: 0.031, memory: 8019, loss_cls: 0.3680, loss_bbox: 0.3558, loss_kps: 0.0000, loss: 0.7238
2026-09-22 15:50:19,467 - mmdet - INFO - Epoch [29][1200/3488]	lr: 1.000e-05, eta: 0:27:56, time: 1.766, data_time: 0.031, memory: 8019, loss_cls: 0.3530, loss_bbox: 0.3499, loss_kps: 0.0000, loss: 0.7029
2026-09-22 15:51:43,243 - mmdet - INFO - Epoch [29][1250/3488]	lr: 1.000e-05, eta: 0:27:45, time: 1.676, data_time: 0.031, memory: 8019, loss_cls: 0.3758, loss_bbox: 0.3547, loss_kps: 0.0000, loss: 0.7305
2026-09-22 15:53:15,845 - mmdet - INFO - Epoch [29][1300/3488]	lr: 1.000e-05, eta: 0:27:35, time: 1.851, data_time: 0.030, memory: 8019, loss_cls: 0.3703, loss_bbox: 0.3491, loss_kps: 0.0000, loss: 0.7195
2026-09-22 15:54:34,525 - mmdet - INFO - Epoch [29][1350/3488]	lr: 1.000e-05, eta: 0:27:24, time: 1.575, data_time: 0.032, memory: 8019, loss_cls: 0.3948, loss_bbox: 0.3638, loss_kps: 0.0000, loss: 0.7586
2026-09-22 15:55:16,984 - mmdet - INFO - Epoch [29][1400/3488]	lr: 1.000e-05, eta: 0:27:11, time: 0.849, data_time: 0.031, memory: 8019, loss_cls: 0.3864, loss_bbox: 0.3553, loss_kps: 0.0000, loss: 0.7417
2026-09-22 15:56:13,638 - mmdet - INFO - Epoch [29][1450/3488]	lr: 1.000e-05, eta: 0:26:59, time: 1.132, data_time: 0.031, memory: 8019, loss_cls: 0.3760, loss_bbox: 0.3642, loss_kps: 0.0000, loss: 0.7402
2026-09-22 15:57:39,537 - mmdet - INFO - Epoch [29][1500/3488]	lr: 1.000e-05, eta: 0:26:48, time: 1.719, data_time: 0.032, memory: 8019, loss_cls: 0.3797, loss_bbox: 0.3680, loss_kps: 0.0000, loss: 0.7477
2026-09-22 15:58:52,440 - mmdet - INFO - Epoch [29][1550/3488]	lr: 1.000e-05, eta: 0:26:36, time: 1.458, data_time: 0.032, memory: 8019, loss_cls: 0.3885, loss_bbox: 0.3692, loss_kps: 0.0000, loss: 0.7577
2026-09-22 16:00:18,924 - mmdet - INFO - Epoch [29][1600/3488]	lr: 1.000e-05, eta: 0:26:26, time: 1.731, data_time: 0.032, memory: 8019, loss_cls: 0.3671, loss_bbox: 0.3553, loss_kps: 0.0000, loss: 0.7225
2026-09-22 16:01:22,785 - mmdet - INFO - Epoch [29][1650/3488]	lr: 1.000e-05, eta: 0:26:14, time: 1.279, data_time: 0.031, memory: 8019, loss_cls: 0.3754, loss_bbox: 0.3561, loss_kps: 0.0000, loss: 0.7315
2026-09-22 16:01:35,032 - mmdet - INFO - Epoch [29][1700/3488]	lr: 1.000e-05, eta: 0:25:59, time: 0.245, data_time: 0.039, memory: 8019, loss_cls: 0.3772, loss_bbox: 0.3635, loss_kps: 0.0000, loss: 0.7407
2026-09-22 16:01:47,247 - mmdet - INFO - Epoch [29][1750/3488]	lr: 1.000e-05, eta: 0:25:44, time: 0.244, data_time: 0.039, memory: 8019, loss_cls: 0.3549, loss_bbox: 0.3519, loss_kps: 0.0000, loss: 0.7068
2026-09-22 16:01:59,572 - mmdet - INFO - Epoch [29][1800/3488]	lr: 1.000e-05, eta: 0:25:29, time: 0.246, data_time: 0.038, memory: 8019, loss_cls: 0.3839, loss_bbox: 0.3658, loss_kps: 0.0000, loss: 0.7497
2026-09-22 16:02:11,911 - mmdet - INFO - Epoch [29][1850/3488]	lr: 1.000e-05, eta: 0:25:14, time: 0.247, data_time: 0.040, memory: 8019, loss_cls: 0.3618, loss_bbox: 0.3505, loss_kps: 0.0000, loss: 0.7123
2026-09-22 16:02:24,258 - mmdet - INFO - Epoch [29][1900/3488]	lr: 1.000e-05, eta: 0:24:59, time: 0.247, data_time: 0.042, memory: 8019, loss_cls: 0.3745, loss_bbox: 0.3639, loss_kps: 0.0000, loss: 0.7384
2026-09-22 16:02:36,683 - mmdet - INFO - Epoch [29][1950/3488]	lr: 1.000e-05, eta: 0:24:44, time: 0.249, data_time: 0.040, memory: 8019, loss_cls: 0.3843, loss_bbox: 0.3673, loss_kps: 0.0000, loss: 0.7516
2026-09-22 16:02:49,050 - mmdet - INFO - Epoch [29][2000/3488]	lr: 1.000e-05, eta: 0:24:29, time: 0.248, data_time: 0.040, memory: 8019, loss_cls: 0.3749, loss_bbox: 0.3562, loss_kps: 0.0000, loss: 0.7310
2026-09-22 16:03:01,370 - mmdet - INFO - Epoch [29][2050/3488]	lr: 1.000e-05, eta: 0:24:14, time: 0.246, data_time: 0.039, memory: 8019, loss_cls: 0.3968, loss_bbox: 0.3663, loss_kps: 0.0000, loss: 0.7630
2026-09-22 16:03:13,798 - mmdet - INFO - Epoch [29][2100/3488]	lr: 1.000e-05, eta: 0:23:59, time: 0.249, data_time: 0.040, memory: 8019, loss_cls: 0.3753, loss_bbox: 0.3547, loss_kps: 0.0000, loss: 0.7300
2026-09-22 16:03:26,327 - mmdet - INFO - Epoch [29][2150/3488]	lr: 1.000e-05, eta: 0:23:45, time: 0.250, data_time: 0.048, memory: 8019, loss_cls: 0.3908, loss_bbox: 0.3523, loss_kps: 0.0000, loss: 0.7431
2026-09-22 16:03:38,676 - mmdet - INFO - Epoch [29][2200/3488]	lr: 1.000e-05, eta: 0:23:30, time: 0.247, data_time: 0.039, memory: 8019, loss_cls: 0.3617, loss_bbox: 0.3668, loss_kps: 0.0000, loss: 0.7285
2026-09-22 16:03:51,246 - mmdet - INFO - Epoch [29][2250/3488]	lr: 1.000e-05, eta: 0:23:15, time: 0.251, data_time: 0.039, memory: 8019, loss_cls: 0.3784, loss_bbox: 0.3550, loss_kps: 0.0000, loss: 0.7333
2026-09-22 16:04:03,500 - mmdet - INFO - Epoch [29][2300/3488]	lr: 1.000e-05, eta: 0:23:00, time: 0.245, data_time: 0.039, memory: 8019, loss_cls: 0.3764, loss_bbox: 0.3473, loss_kps: 0.0000, loss: 0.7237
2026-09-22 16:04:15,795 - mmdet - INFO - Epoch [29][2350/3488]	lr: 1.000e-05, eta: 0:22:45, time: 0.246, data_time: 0.039, memory: 8019, loss_cls: 0.3848, loss_bbox: 0.3554, loss_kps: 0.0000, loss: 0.7402
2026-09-22 16:04:28,143 - mmdet - INFO - Epoch [29][2400/3488]	lr: 1.000e-05, eta: 0:22:30, time: 0.247, data_time: 0.040, memory: 8019, loss_cls: 0.3724, loss_bbox: 0.3520, loss_kps: 0.0000, loss: 0.7244
2026-09-22 16:04:40,439 - mmdet - INFO - Epoch [29][2450/3488]	lr: 1.000e-05, eta: 0:22:15, time: 0.246, data_time: 0.039, memory: 8019, loss_cls: 0.3722, loss_bbox: 0.3478, loss_kps: 0.0000, loss: 0.7200
2026-09-22 16:04:52,813 - mmdet - INFO - Epoch [29][2500/3488]	lr: 1.000e-05, eta: 0:22:00, time: 0.247, data_time: 0.039, memory: 8019, loss_cls: 0.3814, loss_bbox: 0.3609, loss_kps: 0.0000, loss: 0.7423
2026-09-22 16:05:05,205 - mmdet - INFO - Epoch [29][2550/3488]	lr: 1.000e-05, eta: 0:21:46, time: 0.248, data_time: 0.039, memory: 8019, loss_cls: 0.3672, loss_bbox: 0.3481, loss_kps: 0.0000, loss: 0.7153
2026-09-22 16:05:17,873 - mmdet - INFO - Epoch [29][2600/3488]	lr: 1.000e-05, eta: 0:21:31, time: 0.253, data_time: 0.038, memory: 8019, loss_cls: 0.3645, loss_bbox: 0.3552, loss_kps: 0.0000, loss: 0.7197
2026-09-22 16:05:30,147 - mmdet - INFO - Epoch [29][2650/3488]	lr: 1.000e-05, eta: 0:21:16, time: 0.245, data_time: 0.039, memory: 8019, loss_cls: 0.3884, loss_bbox: 0.3715, loss_kps: 0.0000, loss: 0.7599
2026-09-22 16:05:42,618 - mmdet - INFO - Epoch [29][2700/3488]	lr: 1.000e-05, eta: 0:21:01, time: 0.249, data_time: 0.040, memory: 8019, loss_cls: 0.3668, loss_bbox: 0.3529, loss_kps: 0.0000, loss: 0.7197
2026-09-22 16:05:54,907 - mmdet - INFO - Epoch [29][2750/3488]	lr: 1.000e-05, eta: 0:20:46, time: 0.246, data_time: 0.043, memory: 8019, loss_cls: 0.3705, loss_bbox: 0.3596, loss_kps: 0.0000, loss: 0.7301
2026-09-22 16:06:07,353 - mmdet - INFO - Epoch [29][2800/3488]	lr: 1.000e-05, eta: 0:20:31, time: 0.249, data_time: 0.038, memory: 8019, loss_cls: 0.3660, loss_bbox: 0.3649, loss_kps: 0.0000, loss: 0.7309
2026-09-22 16:06:19,679 - mmdet - INFO - Epoch [29][2850/3488]	lr: 1.000e-05, eta: 0:20:17, time: 0.247, data_time: 0.039, memory: 8019, loss_cls: 0.3679, loss_bbox: 0.3535, loss_kps: 0.0000, loss: 0.7214
2026-09-22 16:06:31,900 - mmdet - INFO - Epoch [29][2900/3488]	lr: 1.000e-05, eta: 0:20:02, time: 0.244, data_time: 0.037, memory: 8019, loss_cls: 0.3731, loss_bbox: 0.3666, loss_kps: 0.0000, loss: 0.7397
2026-09-22 16:06:44,396 - mmdet - INFO - Epoch [29][2950/3488]	lr: 1.000e-05, eta: 0:19:47, time: 0.250, data_time: 0.039, memory: 8019, loss_cls: 0.3844, loss_bbox: 0.3620, loss_kps: 0.0000, loss: 0.7464
2026-09-22 16:06:56,769 - mmdet - INFO - Epoch [29][3000/3488]	lr: 1.000e-05, eta: 0:19:32, time: 0.247, data_time: 0.039, memory: 8019, loss_cls: 0.3867, loss_bbox: 0.3579, loss_kps: 0.0000, loss: 0.7447
2026-09-22 16:07:09,290 - mmdet - INFO - Epoch [29][3050/3488]	lr: 1.000e-05, eta: 0:19:17, time: 0.250, data_time: 0.040, memory: 8019, loss_cls: 0.3689, loss_bbox: 0.3540, loss_kps: 0.0000, loss: 0.7230
2026-09-22 16:07:21,701 - mmdet - INFO - Epoch [29][3100/3488]	lr: 1.000e-05, eta: 0:19:02, time: 0.248, data_time: 0.038, memory: 8019, loss_cls: 0.3627, loss_bbox: 0.3557, loss_kps: 0.0000, loss: 0.7184
2026-09-22 16:07:34,178 - mmdet - INFO - Epoch [29][3150/3488]	lr: 1.000e-05, eta: 0:18:47, time: 0.250, data_time: 0.039, memory: 8019, loss_cls: 0.3755, loss_bbox: 0.3550, loss_kps: 0.0000, loss: 0.7305
2026-09-22 16:07:46,635 - mmdet - INFO - Epoch [29][3200/3488]	lr: 1.000e-05, eta: 0:18:33, time: 0.249, data_time: 0.037, memory: 8019, loss_cls: 0.3816, loss_bbox: 0.3583, loss_kps: 0.0000, loss: 0.7399
2026-09-22 16:07:59,123 - mmdet - INFO - Epoch [29][3250/3488]	lr: 1.000e-05, eta: 0:18:18, time: 0.250, data_time: 0.039, memory: 8019, loss_cls: 0.3830, loss_bbox: 0.3647, loss_kps: 0.0000, loss: 0.7477
2026-09-22 16:08:11,742 - mmdet - INFO - Epoch [29][3300/3488]	lr: 1.000e-05, eta: 0:18:03, time: 0.252, data_time: 0.039, memory: 8019, loss_cls: 0.3719, loss_bbox: 0.3567, loss_kps: 0.0000, loss: 0.7286
2026-09-22 16:08:24,536 - mmdet - INFO - Epoch [29][3350/3488]	lr: 1.000e-05, eta: 0:17:48, time: 0.256, data_time: 0.047, memory: 8019, loss_cls: 0.3814, loss_bbox: 0.3672, loss_kps: 0.0000, loss: 0.7486
2026-09-22 16:08:37,122 - mmdet - INFO - Epoch [29][3400/3488]	lr: 1.000e-05, eta: 0:17:33, time: 0.251, data_time: 0.040, memory: 8019, loss_cls: 0.3820, loss_bbox: 0.3619, loss_kps: 0.0000, loss: 0.7439
2026-09-22 16:08:49,629 - mmdet - INFO - Epoch [29][3450/3488]	lr: 1.000e-05, eta: 0:17:19, time: 0.250, data_time: 0.038, memory: 8019, loss_cls: 0.3723, loss_bbox: 0.3555, loss_kps: 0.0000, loss: 0.7278
2026-09-22 16:08:58,363 - mmdet - INFO - Saving checkpoint at 29 epochs
2026-09-22 16:09:18,597 - mmdet - INFO - Epoch [30][50/3488]	lr: 1.000e-05, eta: 0:16:52, time: 0.400, data_time: 0.170, memory: 8019, loss_cls: 0.3718, loss_bbox: 0.3521, loss_kps: 0.0000, loss: 0.7239
2026-09-22 16:09:31,323 - mmdet - INFO - Epoch [30][100/3488]	lr: 1.000e-05, eta: 0:16:38, time: 0.255, data_time: 0.039, memory: 8019, loss_cls: 0.3796, loss_bbox: 0.3585, loss_kps: 0.0000, loss: 0.7382
2026-09-22 16:09:43,701 - mmdet - INFO - Epoch [30][150/3488]	lr: 1.000e-05, eta: 0:16:23, time: 0.248, data_time: 0.039, memory: 8019, loss_cls: 0.3591, loss_bbox: 0.3515, loss_kps: 0.0000, loss: 0.7107
2026-09-22 16:09:56,091 - mmdet - INFO - Epoch [30][200/3488]	lr: 1.000e-05, eta: 0:16:08, time: 0.248, data_time: 0.039, memory: 8019, loss_cls: 0.3818, loss_bbox: 0.3571, loss_kps: 0.0000, loss: 0.7389
2026-09-22 16:10:08,435 - mmdet - INFO - Epoch [30][250/3488]	lr: 1.000e-05, eta: 0:15:53, time: 0.247, data_time: 0.040, memory: 8019, loss_cls: 0.3896, loss_bbox: 0.3624, loss_kps: 0.0000, loss: 0.7520
2026-09-22 16:10:20,866 - mmdet - INFO - Epoch [30][300/3488]	lr: 1.000e-05, eta: 0:15:38, time: 0.249, data_time: 0.040, memory: 8019, loss_cls: 0.3723, loss_bbox: 0.3599, loss_kps: 0.0000, loss: 0.7322
2026-09-22 16:10:33,143 - mmdet - INFO - Epoch [30][350/3488]	lr: 1.000e-05, eta: 0:15:24, time: 0.246, data_time: 0.040, memory: 8019, loss_cls: 0.3632, loss_bbox: 0.3548, loss_kps: 0.0000, loss: 0.7179
2026-09-22 16:10:45,372 - mmdet - INFO - Epoch [30][400/3488]	lr: 1.000e-05, eta: 0:15:09, time: 0.245, data_time: 0.041, memory: 8019, loss_cls: 0.3595, loss_bbox: 0.3580, loss_kps: 0.0000, loss: 0.7175
2026-09-22 16:10:57,800 - mmdet - INFO - Epoch [30][450/3488]	lr: 1.000e-05, eta: 0:14:54, time: 0.249, data_time: 0.041, memory: 8019, loss_cls: 0.3670, loss_bbox: 0.3492, loss_kps: 0.0000, loss: 0.7161
2026-09-22 16:11:10,083 - mmdet - INFO - Epoch [30][500/3488]	lr: 1.000e-05, eta: 0:14:39, time: 0.245, data_time: 0.038, memory: 8019, loss_cls: 0.3693, loss_bbox: 0.3460, loss_kps: 0.0000, loss: 0.7153
2026-09-22 16:11:22,346 - mmdet - INFO - Epoch [30][550/3488]	lr: 1.000e-05, eta: 0:14:24, time: 0.245, data_time: 0.039, memory: 8019, loss_cls: 0.3891, loss_bbox: 0.3589, loss_kps: 0.0000, loss: 0.7480
2026-09-22 16:11:34,714 - mmdet - INFO - Epoch [30][600/3488]	lr: 1.000e-05, eta: 0:14:10, time: 0.247, data_time: 0.040, memory: 8019, loss_cls: 0.3784, loss_bbox: 0.3556, loss_kps: 0.0000, loss: 0.7340
2026-09-22 16:11:47,230 - mmdet - INFO - Epoch [30][650/3488]	lr: 1.000e-05, eta: 0:13:55, time: 0.250, data_time: 0.041, memory: 8019, loss_cls: 0.3822, loss_bbox: 0.3677, loss_kps: 0.0000, loss: 0.7500
2026-09-22 16:11:59,509 - mmdet - INFO - Epoch [30][700/3488]	lr: 1.000e-05, eta: 0:13:40, time: 0.246, data_time: 0.039, memory: 8019, loss_cls: 0.3834, loss_bbox: 0.3638, loss_kps: 0.0000, loss: 0.7472
2026-09-22 16:12:12,137 - mmdet - INFO - Epoch [30][750/3488]	lr: 1.000e-05, eta: 0:13:25, time: 0.253, data_time: 0.041, memory: 8019, loss_cls: 0.3865, loss_bbox: 0.3659, loss_kps: 0.0000, loss: 0.7523
2026-09-22 16:12:24,672 - mmdet - INFO - Epoch [30][800/3488]	lr: 1.000e-05, eta: 0:13:11, time: 0.251, data_time: 0.040, memory: 8019, loss_cls: 0.3650, loss_bbox: 0.3614, loss_kps: 0.0000, loss: 0.7264
2026-09-22 16:12:37,688 - mmdet - INFO - Epoch [30][850/3488]	lr: 1.000e-05, eta: 0:12:56, time: 0.260, data_time: 0.052, memory: 8019, loss_cls: 0.3915, loss_bbox: 0.3630, loss_kps: 0.0000, loss: 0.7546
2026-09-22 16:12:50,143 - mmdet - INFO - Epoch [30][900/3488]	lr: 1.000e-05, eta: 0:12:41, time: 0.249, data_time: 0.039, memory: 8019, loss_cls: 0.3713, loss_bbox: 0.3583, loss_kps: 0.0000, loss: 0.7297
2026-09-22 16:13:02,636 - mmdet - INFO - Epoch [30][950/3488]	lr: 1.000e-05, eta: 0:12:26, time: 0.250, data_time: 0.039, memory: 8019, loss_cls: 0.3783, loss_bbox: 0.3593, loss_kps: 0.0000, loss: 0.7377
2026-09-22 16:13:15,411 - mmdet - INFO - Epoch [30][1000/3488]	lr: 1.000e-05, eta: 0:12:12, time: 0.256, data_time: 0.044, memory: 8019, loss_cls: 0.3727, loss_bbox: 0.3557, loss_kps: 0.0000, loss: 0.7284
2026-09-22 16:13:52,089 - mmdet - INFO - Epoch [30][1050/3488]	lr: 1.000e-05, eta: 0:11:57, time: 0.732, data_time: 0.028, memory: 8019, loss_cls: 0.3820, loss_bbox: 0.3566, loss_kps: 0.0000, loss: 0.7386
2026-09-22 16:14:23,847 - mmdet - INFO - Epoch [30][1100/3488]	lr: 1.000e-05, eta: 0:11:43, time: 0.635, data_time: 0.033, memory: 8019, loss_cls: 0.3865, loss_bbox: 0.3590, loss_kps: 0.0000, loss: 0.7455
2026-09-22 16:14:56,905 - mmdet - INFO - Epoch [30][1150/3488]	lr: 1.000e-05, eta: 0:11:29, time: 0.662, data_time: 0.032, memory: 8019, loss_cls: 0.3628, loss_bbox: 0.3513, loss_kps: 0.0000, loss: 0.7141
2026-09-22 16:15:09,276 - mmdet - INFO - Epoch [30][1200/3488]	lr: 1.000e-05, eta: 0:11:14, time: 0.247, data_time: 0.038, memory: 8019, loss_cls: 0.3733, loss_bbox: 0.3562, loss_kps: 0.0000, loss: 0.7295
2026-09-22 16:15:45,382 - mmdet - INFO - Epoch [30][1250/3488]	lr: 1.000e-05, eta: 0:11:00, time: 0.721, data_time: 0.034, memory: 8019, loss_cls: 0.3509, loss_bbox: 0.3485, loss_kps: 0.0000, loss: 0.6995
2026-09-22 16:16:14,218 - mmdet - INFO - Epoch [30][1300/3488]	lr: 1.000e-05, eta: 0:10:45, time: 0.577, data_time: 0.035, memory: 8019, loss_cls: 0.3920, loss_bbox: 0.3671, loss_kps: 0.0000, loss: 0.7591
2026-09-22 16:16:50,358 - mmdet - INFO - Epoch [30][1350/3488]	lr: 1.000e-05, eta: 0:10:31, time: 0.724, data_time: 0.032, memory: 8019, loss_cls: 0.3757, loss_bbox: 0.3552, loss_kps: 0.0000, loss: 0.7309
2026-09-22 16:17:02,625 - mmdet - INFO - Epoch [30][1400/3488]	lr: 1.000e-05, eta: 0:10:16, time: 0.245, data_time: 0.038, memory: 8019, loss_cls: 0.3667, loss_bbox: 0.3674, loss_kps: 0.0000, loss: 0.7342
2026-09-22 16:17:15,009 - mmdet - INFO - Epoch [30][1450/3488]	lr: 1.000e-05, eta: 0:10:01, time: 0.248, data_time: 0.039, memory: 8019, loss_cls: 0.3798, loss_bbox: 0.3480, loss_kps: 0.0000, loss: 0.7279
2026-09-22 16:17:27,533 - mmdet - INFO - Epoch [30][1500/3488]	lr: 1.000e-05, eta: 0:09:46, time: 0.250, data_time: 0.039, memory: 8019, loss_cls: 0.3648, loss_bbox: 0.3530, loss_kps: 0.0000, loss: 0.7178
2026-09-22 16:17:39,808 - mmdet - INFO - Epoch [30][1550/3488]	lr: 1.000e-05, eta: 0:09:32, time: 0.245, data_time: 0.039, memory: 8019, loss_cls: 0.3600, loss_bbox: 0.3526, loss_kps: 0.0000, loss: 0.7127
2026-09-22 16:17:52,072 - mmdet - INFO - Epoch [30][1600/3488]	lr: 1.000e-05, eta: 0:09:17, time: 0.245, data_time: 0.040, memory: 8019, loss_cls: 0.3777, loss_bbox: 0.3565, loss_kps: 0.0000, loss: 0.7341
2026-09-22 16:18:11,255 - mmdet - INFO - Epoch [30][1650/3488]	lr: 1.000e-05, eta: 0:09:02, time: 0.383, data_time: 0.038, memory: 8019, loss_cls: 0.3713, loss_bbox: 0.3613, loss_kps: 0.0000, loss: 0.7325
2026-09-22 16:18:54,636 - mmdet - INFO - Epoch [30][1700/3488]	lr: 1.000e-05, eta: 0:08:48, time: 0.868, data_time: 0.031, memory: 8019, loss_cls: 0.3822, loss_bbox: 0.3597, loss_kps: 0.0000, loss: 0.7419
2026-09-22 16:19:35,092 - mmdet - INFO - Epoch [30][1750/3488]	lr: 1.000e-05, eta: 0:08:34, time: 0.809, data_time: 0.031, memory: 8019, loss_cls: 0.3738, loss_bbox: 0.3569, loss_kps: 0.0000, loss: 0.7306
2026-09-22 16:20:18,541 - mmdet - INFO - Epoch [30][1800/3488]	lr: 1.000e-05, eta: 0:08:19, time: 0.869, data_time: 0.031, memory: 8019, loss_cls: 0.3641, loss_bbox: 0.3495, loss_kps: 0.0000, loss: 0.7136
2026-09-22 16:20:50,527 - mmdet - INFO - Epoch [30][1850/3488]	lr: 1.000e-05, eta: 0:08:05, time: 0.640, data_time: 0.033, memory: 8019, loss_cls: 0.3839, loss_bbox: 0.3595, loss_kps: 0.0000, loss: 0.7434
2026-09-22 16:21:28,447 - mmdet - INFO - Epoch [30][1900/3488]	lr: 1.000e-05, eta: 0:07:50, time: 0.758, data_time: 0.030, memory: 8019, loss_cls: 0.3886, loss_bbox: 0.3621, loss_kps: 0.0000, loss: 0.7506
2026-09-22 16:21:40,726 - mmdet - INFO - Epoch [30][1950/3488]	lr: 1.000e-05, eta: 0:07:35, time: 0.246, data_time: 0.038, memory: 8019, loss_cls: 0.3701, loss_bbox: 0.3590, loss_kps: 0.0000, loss: 0.7291
2026-09-22 16:21:52,877 - mmdet - INFO - Epoch [30][2000/3488]	lr: 1.000e-05, eta: 0:07:21, time: 0.243, data_time: 0.040, memory: 8019, loss_cls: 0.3663, loss_bbox: 0.3592, loss_kps: 0.0000, loss: 0.7254
2026-09-22 16:22:05,126 - mmdet - INFO - Epoch [30][2050/3488]	lr: 1.000e-05, eta: 0:07:06, time: 0.245, data_time: 0.039, memory: 8019, loss_cls: 0.3739, loss_bbox: 0.3608, loss_kps: 0.0000, loss: 0.7347
2026-09-22 16:22:17,367 - mmdet - INFO - Epoch [30][2100/3488]	lr: 1.000e-05, eta: 0:06:51, time: 0.245, data_time: 0.038, memory: 8019, loss_cls: 0.3631, loss_bbox: 0.3469, loss_kps: 0.0000, loss: 0.7099
2026-09-22 16:22:59,565 - mmdet - INFO - Epoch [30][2150/3488]	lr: 1.000e-05, eta: 0:06:36, time: 0.843, data_time: 0.031, memory: 8019, loss_cls: 0.3631, loss_bbox: 0.3569, loss_kps: 0.0000, loss: 0.7201
2026-09-22 16:23:30,221 - mmdet - INFO - Epoch [30][2200/3488]	lr: 1.000e-05, eta: 0:06:22, time: 0.613, data_time: 0.034, memory: 8019, loss_cls: 0.3735, loss_bbox: 0.3633, loss_kps: 0.0000, loss: 0.7368
2026-09-22 16:24:00,549 - mmdet - INFO - Epoch [30][2250/3488]	lr: 1.000e-05, eta: 0:06:07, time: 0.608, data_time: 0.032, memory: 8019, loss_cls: 0.3940, loss_bbox: 0.3627, loss_kps: 0.0000, loss: 0.7567
2026-09-22 16:24:18,655 - mmdet - INFO - Epoch [30][2300/3488]	lr: 1.000e-05, eta: 0:05:52, time: 0.361, data_time: 0.047, memory: 8019, loss_cls: 0.3638, loss_bbox: 0.3493, loss_kps: 0.0000, loss: 0.7131
2026-09-22 16:25:02,176 - mmdet - INFO - Epoch [30][2350/3488]	lr: 1.000e-05, eta: 0:05:38, time: 0.871, data_time: 0.032, memory: 8019, loss_cls: 0.3869, loss_bbox: 0.3677, loss_kps: 0.0000, loss: 0.7546
2026-09-22 16:25:41,283 - mmdet - INFO - Epoch [30][2400/3488]	lr: 1.000e-05, eta: 0:05:23, time: 0.782, data_time: 0.031, memory: 8019, loss_cls: 0.3868, loss_bbox: 0.3557, loss_kps: 0.0000, loss: 0.7425
2026-09-22 16:26:26,819 - mmdet - INFO - Epoch [30][2450/3488]	lr: 1.000e-05, eta: 0:05:09, time: 0.911, data_time: 0.033, memory: 8019, loss_cls: 0.3887, loss_bbox: 0.3673, loss_kps: 0.0000, loss: 0.7560
2026-09-22 16:26:59,535 - mmdet - INFO - Epoch [30][2500/3488]	lr: 1.000e-05, eta: 0:04:54, time: 0.654, data_time: 0.033, memory: 8019, loss_cls: 0.3820, loss_bbox: 0.3646, loss_kps: 0.0000, loss: 0.7466
2026-09-22 16:27:33,057 - mmdet - INFO - Epoch [30][2550/3488]	lr: 1.000e-05, eta: 0:04:39, time: 0.672, data_time: 0.031, memory: 8019, loss_cls: 0.3709, loss_bbox: 0.3633, loss_kps: 0.0000, loss: 0.7343
2026-09-22 16:27:50,211 - mmdet - INFO - Epoch [30][2600/3488]	lr: 1.000e-05, eta: 0:04:24, time: 0.342, data_time: 0.038, memory: 8019, loss_cls: 0.3598, loss_bbox: 0.3511, loss_kps: 0.0000, loss: 0.7108
2026-09-22 16:28:31,980 - mmdet - INFO - Epoch [30][2650/3488]	lr: 1.000e-05, eta: 0:04:10, time: 0.836, data_time: 0.031, memory: 8019, loss_cls: 0.3678, loss_bbox: 0.3527, loss_kps: 0.0000, loss: 0.7205
2026-09-22 16:29:10,631 - mmdet - INFO - Epoch [30][2700/3488]	lr: 1.000e-05, eta: 0:03:55, time: 0.773, data_time: 0.030, memory: 8019, loss_cls: 0.3738, loss_bbox: 0.3566, loss_kps: 0.0000, loss: 0.7304
2026-09-22 16:29:38,093 - mmdet - INFO - Epoch [30][2750/3488]	lr: 1.000e-05, eta: 0:03:40, time: 0.550, data_time: 0.035, memory: 8019, loss_cls: 0.3678, loss_bbox: 0.3559, loss_kps: 0.0000, loss: 0.7237
2026-09-22 16:29:50,501 - mmdet - INFO - Epoch [30][2800/3488]	lr: 1.000e-05, eta: 0:03:25, time: 0.248, data_time: 0.041, memory: 8019, loss_cls: 0.3826, loss_bbox: 0.3656, loss_kps: 0.0000, loss: 0.7482
2026-09-22 16:30:02,856 - mmdet - INFO - Epoch [30][2850/3488]	lr: 1.000e-05, eta: 0:03:10, time: 0.247, data_time: 0.038, memory: 8019, loss_cls: 0.3748, loss_bbox: 0.3613, loss_kps: 0.0000, loss: 0.7361
2026-09-22 16:30:15,270 - mmdet - INFO - Epoch [30][2900/3488]	lr: 1.000e-05, eta: 0:02:55, time: 0.248, data_time: 0.041, memory: 8019, loss_cls: 0.3779, loss_bbox: 0.3627, loss_kps: 0.0000, loss: 0.7406
2026-09-22 16:30:27,501 - mmdet - INFO - Epoch [30][2950/3488]	lr: 1.000e-05, eta: 0:02:40, time: 0.245, data_time: 0.039, memory: 8019, loss_cls: 0.3644, loss_bbox: 0.3552, loss_kps: 0.0000, loss: 0.7195
2026-09-22 16:30:39,947 - mmdet - INFO - Epoch [30][3000/3488]	lr: 1.000e-05, eta: 0:02:25, time: 0.249, data_time: 0.040, memory: 8019, loss_cls: 0.3804, loss_bbox: 0.3603, loss_kps: 0.0000, loss: 0.7407
2026-09-22 16:30:52,276 - mmdet - INFO - Epoch [30][3050/3488]	lr: 1.000e-05, eta: 0:02:10, time: 0.247, data_time: 0.038, memory: 8019, loss_cls: 0.3756, loss_bbox: 0.3566, loss_kps: 0.0000, loss: 0.7323
2026-09-22 16:31:05,218 - mmdet - INFO - Epoch [30][3100/3488]	lr: 1.000e-05, eta: 0:01:55, time: 0.259, data_time: 0.041, memory: 8019, loss_cls: 0.3764, loss_bbox: 0.3606, loss_kps: 0.0000, loss: 0.7370
2026-09-22 16:31:30,552 - mmdet - INFO - Epoch [30][3150/3488]	lr: 1.000e-05, eta: 0:01:40, time: 0.506, data_time: 0.037, memory: 8019, loss_cls: 0.3721, loss_bbox: 0.3549, loss_kps: 0.0000, loss: 0.7271
2026-09-22 16:32:03,254 - mmdet - INFO - Epoch [30][3200/3488]	lr: 1.000e-05, eta: 0:01:26, time: 0.654, data_time: 0.033, memory: 8019, loss_cls: 0.3891, loss_bbox: 0.3648, loss_kps: 0.0000, loss: 0.7539
2026-09-22 16:32:42,656 - mmdet - INFO - Epoch [30][3250/3488]	lr: 1.000e-05, eta: 0:01:11, time: 0.788, data_time: 0.032, memory: 8019, loss_cls: 0.3621, loss_bbox: 0.3489, loss_kps: 0.0000, loss: 0.7110
2026-09-22 16:33:00,231 - mmdet - INFO - Epoch [30][3300/3488]	lr: 1.000e-05, eta: 0:00:56, time: 0.353, data_time: 0.038, memory: 8019, loss_cls: 0.3710, loss_bbox: 0.3584, loss_kps: 0.0000, loss: 0.7294
2026-09-22 16:33:27,770 - mmdet - INFO - Epoch [30][3350/3488]	lr: 1.000e-05, eta: 0:00:41, time: 0.550, data_time: 0.036, memory: 8019, loss_cls: 0.3666, loss_bbox: 0.3494, loss_kps: 0.0000, loss: 0.7160
2026-09-22 16:34:02,325 - mmdet - INFO - Epoch [30][3400/3488]	lr: 1.000e-05, eta: 0:00:26, time: 0.691, data_time: 0.031, memory: 8019, loss_cls: 0.3667, loss_bbox: 0.3510, loss_kps: 0.0000, loss: 0.7177
2026-09-22 16:34:42,079 - mmdet - INFO - Epoch [30][3450/3488]	lr: 1.000e-05, eta: 0:00:11, time: 0.795, data_time: 0.031, memory: 8019, loss_cls: 0.3619, loss_bbox: 0.3472, loss_kps: 0.0000, loss: 0.7091
2026-09-22 16:34:52,881 - mmdet - INFO - Saving checkpoint at 30 epochs
