image,reviewed
20260616_053528_BYEJKD_c035_lview_f000000.jpg,1
20260616_053528_BYEJKD_c035_lview_f000210.jpg,1
20260616_053528_BYEJKD_c035_lview_f000420.jpg,1
20260616_053528_BYEJKD_c035_lview_f000630.jpg,1
20260616_053528_BYEJKD_c035_lview_f000840.jpg,1
20260616_053528_BYEJKD_c035_lview_f001050.jpg,1
20260616_053528_BYEJKD_c035_lview_f001260.jpg,1
20260616_053528_BYEJKD_c035_lview_f001470.jpg,1
20260616_053528_BYEJKD_c035_lview_f001680.jpg,1
20260616_053528_BYEJKD_c035_lview_f001890.jpg,1
20260616_053528_BYEJKD_c035_lview_f002100.jpg,1
20260616_053528_BYEJKD_c035_lview_f002220.jpg,1
20260616_053528_BYEJKD_c035_lview_f002340.jpg,1
20260616_053528_BYEJKD_c035_lview_f002550.jpg,1
20260616_053528_BYEJKD_c035_lview_f002760.jpg,1
20260616_053528_BYEJKD_c035_lview_f002970.jpg,1
20260616_053528_BYEJKD_c035_lview_f003180.jpg,1
20260616_053528_BYEJKD_c035_lview_f003390.jpg,1
20260616_053528_BYEJKD_c035_lview_f003600.jpg,1
20260616_053528_BYEJKD_c035_lview_f003810.jpg,1
20260616_053528_BYEJKD_c035_lview_f004020.jpg,1
20260616_053528_BYEJKD_c035_lview_f004230.jpg,1
20260616_053528_BYEJKD_c035_lview_f004440.jpg,1
20260616_053528_BYEJKD_c035_lview_f004650.jpg,1
20260616_053528_BYEJKD_c035_lview_f004860.jpg,1
20260616_053528_BYEJKD_c035_lview_f005070.jpg,1
20260616_053528_BYEJKD_c035_lview_f005280.jpg,1
20260616_053528_BYEJKD_c035_lview_f005490.jpg,1
20260616_053528_BYEJKD_c035_lview_f005700.jpg,1
20260616_053528_BYEJKD_c035_lview_f005910.jpg,1
20260616_053528_BYEJKD_c035_lview_f006120.jpg,1
20260616_053528_BYEJKD_c035_lview_f006330.jpg,1
20260616_053528_BYEJKD_c035_lview_f006540.jpg,1
20260616_053528_BYEJKD_c035_lview_f006750.jpg,1
20260616_053528_BYEJKD_c035_lview_f006960.jpg,1
20260616_053528_BYEJKD_c035_lview_f007170.jpg,1
20260616_053528_BYEJKD_c035_lview_f007380.jpg,1
20260616_053528_BYEJKD_c035_lview_f007590.jpg,1
20260616_053528_BYEJKD_c035_lview_f007800.jpg,1
20260616_053528_BYEJKD_c035_lview_f008010.jpg,1
20260616_053528_BYEJKD_c035_lview_f008220.jpg,1
20260616_053528_BYEJKD_c035_lview_f008430.jpg,1
20260616_053528_BYEJKD_c035_lview_f008640.jpg,1
20260616_053528_BYEJKD_c035_lview_f008850.jpg,1
20260616_053528_BYEJKD_c035_lview_f009060.jpg,1
20260616_053528_BYEJKD_c035_lview_f009270.jpg,1
20260616_053528_BYEJKD_c035_lview_f009480.jpg,1
20260616_053528_BYEJKD_c035_lview_f009690.jpg,1
20260616_053528_BYEJKD_c035_lview_f009900.jpg,1
20260616_053528_BYEJKD_c035_lview_f010110.jpg,1
20260616_053528_BYEJKD_c035_lview_f010320.jpg,1
20260616_053528_BYEJKD_c035_lview_f010530.jpg,1
20260616_053528_BYEJKD_c035_lview_f010740.jpg,1
20260616_053528_BYEJKD_c035_rview_f000090.jpg,1
20260616_053528_BYEJKD_c035_rview_f000300.jpg,1
20260616_053528_BYEJKD_c035_rview_f000510.jpg,1
20260616_053528_BYEJKD_c035_rview_f000720.jpg,1
20260616_053528_BYEJKD_c035_rview_f000930.jpg,1
20260616_053528_BYEJKD_c035_rview_f001140.jpg,1
20260616_053528_BYEJKD_c035_rview_f001350.jpg,1
20260616_053528_BYEJKD_c035_rview_f001560.jpg,1
20260616_053528_BYEJKD_c035_rview_f001770.jpg,1
20260616_053528_BYEJKD_c035_rview_f001980.jpg,1
20260616_053528_BYEJKD_c035_rview_f002100.jpg,1
20260616_053528_BYEJKD_c035_rview_f002220.jpg,1
20260616_053528_BYEJKD_c035_rview_f002430.jpg,1
20260616_053528_BYEJKD_c035_rview_f002640.jpg,1
20260616_053528_BYEJKD_c035_rview_f002850.jpg,1
20260616_053528_BYEJKD_c035_rview_f003060.jpg,1
20260616_053528_BYEJKD_c035_rview_f003270.jpg,1
20260616_053528_BYEJKD_c035_rview_f003480.jpg,1
20260616_053528_BYEJKD_c035_rview_f003690.jpg,1
20260616_053528_BYEJKD_c035_rview_f003900.jpg,1
20260616_053528_BYEJKD_c035_rview_f004110.jpg,1
20260616_053528_BYEJKD_c035_rview_f004320.jpg,1
20260616_053528_BYEJKD_c035_rview_f004530.jpg,1
20260616_053528_BYEJKD_c035_rview_f004740.jpg,1
20260616_053528_BYEJKD_c035_rview_f004950.jpg,1
20260616_053528_BYEJKD_c035_rview_f005160.jpg,1
20260616_053528_BYEJKD_c035_rview_f005370.jpg,1
20260616_053528_BYEJKD_c035_rview_f005580.jpg,1
20260616_053528_BYEJKD_c035_rview_f005790.jpg,1
20260616_053528_BYEJKD_c035_rview_f006000.jpg,1
20260616_053528_BYEJKD_c035_rview_f006210.jpg,1
20260616_053528_BYEJKD_c035_rview_f006420.jpg,1
20260616_053528_BYEJKD_c035_rview_f006630.jpg,1
20260616_053528_BYEJKD_c035_rview_f006840.jpg,1
20260616_053528_BYEJKD_c035_rview_f007050.jpg,1
20260616_053528_BYEJKD_c035_rview_f007260.jpg,1
20260616_053528_BYEJKD_c035_rview_f007470.jpg,1
20260616_053528_BYEJKD_c035_rview_f007680.jpg,1
20260616_053528_BYEJKD_c035_rview_f007890.jpg,1
20260616_053528_BYEJKD_c035_rview_f008100.jpg,1
20260616_053528_BYEJKD_c035_rview_f008310.jpg,1
20260616_053528_BYEJKD_c035_rview_f008520.jpg,1
20260616_053528_BYEJKD_c035_rview_f008730.jpg,1
20260616_053528_BYEJKD_c035_rview_f008940.jpg,1
20260616_053528_BYEJKD_c035_rview_f009150.jpg,1
20260616_053528_BYEJKD_c035_rview_f009360.jpg,1
20260616_053528_BYEJKD_c035_rview_f009570.jpg,1
20260616_053528_BYEJKD_c035_rview_f009780.jpg,1
20260616_053528_BYEJKD_c035_rview_f009990.jpg,1
20260616_053528_BYEJKD_c035_rview_f010200.jpg,1
20260616_053528_BYEJKD_c035_rview_f010410.jpg,1
20260616_053528_BYEJKD_c035_rview_f010620.jpg,1
20260616_053611_AANSAG_c013_lview_f000150.jpg,1
20260616_053611_AANSAG_c013_lview_f000390.jpg,1
20260616_053611_AANSAG_c013_lview_f000600.jpg,1
20260616_053611_AANSAG_c013_lview_f000750.jpg,1
20260616_053611_AANSAG_c013_lview_f000780.jpg,1
20260616_053611_AANSAG_c013_lview_f000810.jpg,1
20260616_053611_AANSAG_c013_lview_f000870.jpg,1
20260616_053611_AANSAG_c013_lview_f000900.jpg,1
20260616_053611_AANSAG_c013_lview_f001110.jpg,1
20260616_053611_AANSAG_c013_lview_f001320.jpg,1
20260616_053611_AANSAG_c013_lview_f001530.jpg,1
20260616_053611_AANSAG_c013_lview_f001740.jpg,1
20260616_053611_AANSAG_c013_lview_f001980.jpg,1
20260616_053611_AANSAG_c013_lview_f002160.jpg,1
20260616_053611_AANSAG_c013_lview_f002370.jpg,1
20260616_053611_AANSAG_c013_lview_f002580.jpg,1
20260616_053611_AANSAG_c013_lview_f002790.jpg,1
20260616_053611_AANSAG_c013_lview_f003000.jpg,1
20260616_053611_AANSAG_c013_lview_f003150.jpg,1
20260616_053611_AANSAG_c013_lview_f003180.jpg,1
20260616_053611_AANSAG_c013_lview_f003210.jpg,1
20260616_053611_AANSAG_c013_lview_f003300.jpg,1
20260616_053611_AANSAG_c013_lview_f003420.jpg,1
20260616_053611_AANSAG_c013_lview_f003450.jpg,1
20260616_053611_AANSAG_c013_lview_f003510.jpg,1
20260616_053611_AANSAG_c013_lview_f003600.jpg,1
20260616_053611_AANSAG_c013_lview_f003810.jpg,1
20260616_053611_AANSAG_c013_lview_f004020.jpg,1
20260616_053611_AANSAG_c013_lview_f004230.jpg,1
20260616_053611_AANSAG_c013_lview_f004440.jpg,1
20260616_053611_AANSAG_c013_lview_f004650.jpg,1
20260616_053611_AANSAG_c013_lview_f004860.jpg,1
20260616_053611_AANSAG_c013_lview_f005070.jpg,1
20260616_053611_AANSAG_c013_lview_f005280.jpg,1
20260616_053611_AANSAG_c013_lview_f005490.jpg,1
20260616_053611_AANSAG_c013_lview_f005700.jpg,1
20260616_053611_AANSAG_c013_lview_f005910.jpg,1
20260616_053611_AANSAG_c013_lview_f006120.jpg,1
20260616_053611_AANSAG_c013_lview_f006330.jpg,1
20260616_053611_AANSAG_c013_lview_f006540.jpg,1
20260616_053611_AANSAG_c013_lview_f006750.jpg,1
20260616_053611_AANSAG_c013_lview_f006960.jpg,1
20260616_053611_AANSAG_c013_lview_f007170.jpg,1
20260616_053611_AANSAG_c013_lview_f007380.jpg,1
20260616_053611_AANSAG_c013_lview_f007590.jpg,1
20260616_053611_AANSAG_c013_lview_f007800.jpg,1
20260616_053611_AANSAG_c013_lview_f008010.jpg,1
20260616_053611_AANSAG_c013_lview_f008220.jpg,1
20260616_053611_AANSAG_c013_lview_f008430.jpg,1
20260616_053611_AANSAG_c013_lview_f008640.jpg,1
20260616_053611_AANSAG_c013_lview_f008850.jpg,1
20260616_053611_AANSAG_c013_lview_f009060.jpg,1
20260616_053611_AANSAG_c013_lview_f009270.jpg,1
20260616_053611_AANSAG_c013_lview_f009480.jpg,1
20260616_053611_AANSAG_c013_lview_f009600.jpg,1
20260616_053611_AANSAG_c013_lview_f009810.jpg,1
20260616_053611_AANSAG_c013_lview_f010020.jpg,1
20260616_053611_AANSAG_c013_lview_f010140.jpg,1
20260616_053611_AANSAG_c013_lview_f010350.jpg,1
20260616_053611_AANSAG_c013_lview_f010560.jpg,1
20260616_053611_AANSAG_c013_lview_f010770.jpg,1
20260616_053611_AANSAG_c013_rview_f000030.jpg,1
20260616_053611_AANSAG_c013_rview_f000150.jpg,1
20260616_053611_AANSAG_c013_rview_f000180.jpg,1
20260616_053611_AANSAG_c013_rview_f000270.jpg,1
20260616_053611_AANSAG_c013_rview_f000480.jpg,1
20260616_053611_AANSAG_c013_rview_f000660.jpg,1
20260616_053611_AANSAG_c013_rview_f000690.jpg,1
20260616_053611_AANSAG_c013_rview_f000720.jpg,1
20260616_053611_AANSAG_c013_rview_f000750.jpg,1
20260616_053611_AANSAG_c013_rview_f000780.jpg,1
20260616_053611_AANSAG_c013_rview_f000810.jpg,1
20260616_053611_AANSAG_c013_rview_f000840.jpg,1
20260616_053611_AANSAG_c013_rview_f000870.jpg,1
20260616_053611_AANSAG_c013_rview_f000900.jpg,1
20260616_053611_AANSAG_c013_rview_f000990.jpg,1
20260616_053611_AANSAG_c013_rview_f001200.jpg,1
20260616_053611_AANSAG_c013_rview_f001410.jpg,1
20260616_053611_AANSAG_c013_rview_f001620.jpg,1
20260616_053611_AANSAG_c013_rview_f001830.jpg,1
20260616_053611_AANSAG_c013_rview_f001920.jpg,1
20260616_053611_AANSAG_c013_rview_f001950.jpg,1
20260616_053611_AANSAG_c013_rview_f001980.jpg,1
20260616_053611_AANSAG_c013_rview_f002010.jpg,1
20260616_053611_AANSAG_c013_rview_f002040.jpg,1
20260616_053611_AANSAG_c013_rview_f002070.jpg,1
20260616_053611_AANSAG_c013_rview_f002100.jpg,1
20260616_053611_AANSAG_c013_rview_f002250.jpg,1
20260616_053611_AANSAG_c013_rview_f002460.jpg,1
20260616_053611_AANSAG_c013_rview_f002670.jpg,1
20260616_053611_AANSAG_c013_rview_f002880.jpg,1
20260616_053611_AANSAG_c013_rview_f003090.jpg,1
20260616_053611_AANSAG_c013_rview_f003150.jpg,1
20260616_053611_AANSAG_c013_rview_f003180.jpg,1
20260616_053611_AANSAG_c013_rview_f003210.jpg,1
20260616_053611_AANSAG_c013_rview_f003390.jpg,1
20260616_053611_AANSAG_c013_rview_f003420.jpg,1
20260616_053611_AANSAG_c013_rview_f003450.jpg,1
20260616_053611_AANSAG_c013_rview_f003510.jpg,1
20260616_053611_AANSAG_c013_rview_f003690.jpg,1
20260616_053611_AANSAG_c013_rview_f003900.jpg,1
20260616_053611_AANSAG_c013_rview_f004110.jpg,1
20260616_053611_AANSAG_c013_rview_f004320.jpg,1
20260616_053611_AANSAG_c013_rview_f004530.jpg,1
20260616_053611_AANSAG_c013_rview_f004740.jpg,1
20260616_053611_AANSAG_c013_rview_f004950.jpg,1
20260616_053611_AANSAG_c013_rview_f005160.jpg,1
20260616_053611_AANSAG_c013_rview_f005370.jpg,1
20260616_053611_AANSAG_c013_rview_f005580.jpg,1
20260616_053611_AANSAG_c013_rview_f005790.jpg,1
20260616_053611_AANSAG_c013_rview_f006000.jpg,1
20260616_053611_AANSAG_c013_rview_f006210.jpg,1
20260616_053611_AANSAG_c013_rview_f006420.jpg,1
20260616_053611_AANSAG_c013_rview_f006630.jpg,1
20260616_053611_AANSAG_c013_rview_f006840.jpg,1
20260616_053611_AANSAG_c013_rview_f007050.jpg,1
20260616_053611_AANSAG_c013_rview_f007260.jpg,1
20260616_053611_AANSAG_c013_rview_f007470.jpg,1
20260616_053611_AANSAG_c013_rview_f007680.jpg,1
20260616_053611_AANSAG_c013_rview_f007890.jpg,1
20260616_053611_AANSAG_c013_rview_f008100.jpg,1
20260616_053611_AANSAG_c013_rview_f008310.jpg,1
20260616_053611_AANSAG_c013_rview_f008520.jpg,1
20260616_053611_AANSAG_c013_rview_f008730.jpg,1
20260616_053611_AANSAG_c013_rview_f008940.jpg,1
20260616_053611_AANSAG_c013_rview_f009150.jpg,1
20260616_053611_AANSAG_c013_rview_f009360.jpg,1
20260616_053611_AANSAG_c013_rview_f009480.jpg,1
20260616_053611_AANSAG_c013_rview_f009690.jpg,1
20260616_053611_AANSAG_c013_rview_f009900.jpg,1
20260616_053611_AANSAG_c013_rview_f010020.jpg,1
20260616_053611_AANSAG_c013_rview_f010230.jpg,1
20260616_053611_AANSAG_c013_rview_f010440.jpg,1
20260616_053611_AANSAG_c013_rview_f010650.jpg,1
20260616_060031_VKJSJC_c020_lview_f000540.jpg,1
20260616_060031_VKJSJC_c020_lview_f000750.jpg,1
20260616_060031_VKJSJC_c020_lview_f000960.jpg,1
20260616_060031_VKJSJC_c020_lview_f000990.jpg,1
20260616_060031_VKJSJC_c020_lview_f001110.jpg,1
20260616_060031_VKJSJC_c020_lview_f001320.jpg,1
20260616_060031_VKJSJC_c020_lview_f001530.jpg,1
20260616_060031_VKJSJC_c020_lview_f001740.jpg,1
20260616_060031_VKJSJC_c020_lview_f001950.jpg,1
20260616_060031_VKJSJC_c020_lview_f002160.jpg,1
20260616_060031_VKJSJC_c020_lview_f002310.jpg,1
20260616_060031_VKJSJC_c020_lview_f002940.jpg,1
20260616_060031_VKJSJC_c020_lview_f003150.jpg,1
20260616_060031_VKJSJC_c020_lview_f003360.jpg,1
20260616_060031_VKJSJC_c020_lview_f003570.jpg,1
20260616_060031_VKJSJC_c020_lview_f003780.jpg,1
20260616_060031_VKJSJC_c020_lview_f003990.jpg,1
20260616_060031_VKJSJC_c020_lview_f004200.jpg,1
20260616_060031_VKJSJC_c020_lview_f004410.jpg,1
20260616_060031_VKJSJC_c020_lview_f004620.jpg,1
20260616_060031_VKJSJC_c020_lview_f004830.jpg,1
20260616_060031_VKJSJC_c020_lview_f005040.jpg,1
20260616_060031_VKJSJC_c020_lview_f005250.jpg,1
20260616_060031_VKJSJC_c020_lview_f005460.jpg,1
20260616_060031_VKJSJC_c020_lview_f005670.jpg,1
20260616_060031_VKJSJC_c020_lview_f005880.jpg,1
20260616_060031_VKJSJC_c020_lview_f006090.jpg,1
20260616_060031_VKJSJC_c020_lview_f006300.jpg,1
20260616_060031_VKJSJC_c020_lview_f006510.jpg,1
20260616_060031_VKJSJC_c020_lview_f006720.jpg,1
20260616_060031_VKJSJC_c020_lview_f006930.jpg,1
20260616_060031_VKJSJC_c020_lview_f007140.jpg,1
20260616_060031_VKJSJC_c020_lview_f007350.jpg,1
20260616_060031_VKJSJC_c020_lview_f007560.jpg,1
20260616_060031_VKJSJC_c020_lview_f007770.jpg,1
20260616_060031_VKJSJC_c020_lview_f007800.jpg,1
20260616_060031_VKJSJC_c020_lview_f007830.jpg,1
20260616_060031_VKJSJC_c020_lview_f008040.jpg,1
20260616_060031_VKJSJC_c020_lview_f008250.jpg,1
20260616_060031_VKJSJC_c020_lview_f008460.jpg,1
20260616_060031_VKJSJC_c020_lview_f008550.jpg,1
20260616_060031_VKJSJC_c020_lview_f008580.jpg,1
20260616_060031_VKJSJC_c020_lview_f008730.jpg,1
20260616_060031_VKJSJC_c020_lview_f008940.jpg,1
20260616_060031_VKJSJC_c020_lview_f009150.jpg,1
20260616_060031_VKJSJC_c020_lview_f009360.jpg,1
20260616_060031_VKJSJC_c020_lview_f009570.jpg,1
20260616_060031_VKJSJC_c020_lview_f009780.jpg,1
20260616_060031_VKJSJC_c020_lview_f009990.jpg,1
20260616_060031_VKJSJC_c020_lview_f010200.jpg,1
20260616_060031_VKJSJC_c020_lview_f010410.jpg,1
20260616_060031_VKJSJC_c020_lview_f010620.jpg,1
20260616_060031_VKJSJC_c020_rview_f000420.jpg,1
20260616_060031_VKJSJC_c020_rview_f000630.jpg,1
20260616_060031_VKJSJC_c020_rview_f000840.jpg,1
20260616_060031_VKJSJC_c020_rview_f000960.jpg,1
20260616_060031_VKJSJC_c020_rview_f000990.jpg,1
20260616_060031_VKJSJC_c020_rview_f001200.jpg,1
20260616_060031_VKJSJC_c020_rview_f001410.jpg,1
20260616_060031_VKJSJC_c020_rview_f001620.jpg,1
20260616_060031_VKJSJC_c020_rview_f001830.jpg,1
20260616_060031_VKJSJC_c020_rview_f002040.jpg,1
20260616_060031_VKJSJC_c020_rview_f002250.jpg,1
20260616_060031_VKJSJC_c020_rview_f002310.jpg,1
20260616_060031_VKJSJC_c020_rview_f003030.jpg,1
20260616_060031_VKJSJC_c020_rview_f003240.jpg,1
20260616_060031_VKJSJC_c020_rview_f003450.jpg,1
20260616_060031_VKJSJC_c020_rview_f003660.jpg,1
20260616_060031_VKJSJC_c020_rview_f003870.jpg,1
20260616_060031_VKJSJC_c020_rview_f004080.jpg,1
20260616_060031_VKJSJC_c020_rview_f004290.jpg,1
20260616_060031_VKJSJC_c020_rview_f004500.jpg,1
20260616_060031_VKJSJC_c020_rview_f004710.jpg,1
20260616_060031_VKJSJC_c020_rview_f004920.jpg,1
20260616_060031_VKJSJC_c020_rview_f005130.jpg,1
20260616_060031_VKJSJC_c020_rview_f005340.jpg,1
20260616_060031_VKJSJC_c020_rview_f005550.jpg,1
20260616_060031_VKJSJC_c020_rview_f005760.jpg,1
20260616_060031_VKJSJC_c020_rview_f005970.jpg,1
20260616_060031_VKJSJC_c020_rview_f006180.jpg,1
20260616_060031_VKJSJC_c020_rview_f006390.jpg,1
20260616_060031_VKJSJC_c020_rview_f006600.jpg,1
20260616_060031_VKJSJC_c020_rview_f006810.jpg,1
20260616_060031_VKJSJC_c020_rview_f007020.jpg,1
20260616_060031_VKJSJC_c020_rview_f007230.jpg,1
20260616_060031_VKJSJC_c020_rview_f007440.jpg,1
20260616_060031_VKJSJC_c020_rview_f007650.jpg,1
20260616_060031_VKJSJC_c020_rview_f007770.jpg,1
20260616_060031_VKJSJC_c020_rview_f007800.jpg,1
20260616_060031_VKJSJC_c020_rview_f007920.jpg,1
20260616_060031_VKJSJC_c020_rview_f008130.jpg,1
20260616_060031_VKJSJC_c020_rview_f008340.jpg,1
20260616_060031_VKJSJC_c020_rview_f008550.jpg,1
20260616_060031_VKJSJC_c020_rview_f008580.jpg,1
20260616_060031_VKJSJC_c020_rview_f008610.jpg,1
20260616_060031_VKJSJC_c020_rview_f008820.jpg,1
20260616_060031_VKJSJC_c020_rview_f009030.jpg,1
20260616_060031_VKJSJC_c020_rview_f009240.jpg,1
20260616_060031_VKJSJC_c020_rview_f009450.jpg,1
20260616_060031_VKJSJC_c020_rview_f009660.jpg,1
20260616_060031_VKJSJC_c020_rview_f009870.jpg,1
20260616_060031_VKJSJC_c020_rview_f010080.jpg,1
20260616_060031_VKJSJC_c020_rview_f010290.jpg,1
20260616_060031_VKJSJC_c020_rview_f010500.jpg,1
20260616_060320_GYKZXU_c010_lview_f000000.jpg,1
20260616_060320_GYKZXU_c010_lview_f000030.jpg,1
20260616_060320_GYKZXU_c010_lview_f000060.jpg,1
20260616_060320_GYKZXU_c010_lview_f000090.jpg,1
20260616_060320_GYKZXU_c010_lview_f000120.jpg,1
20260616_060320_GYKZXU_c010_lview_f000150.jpg,1
20260616_060320_GYKZXU_c010_lview_f000180.jpg,1
20260616_060320_GYKZXU_c010_lview_f000210.jpg,1
20260616_060320_GYKZXU_c010_lview_f000240.jpg,1
20260616_060320_GYKZXU_c010_lview_f000270.jpg,1
20260616_060320_GYKZXU_c010_lview_f000300.jpg,1
20260616_060320_GYKZXU_c010_lview_f000330.jpg,1
20260616_060320_GYKZXU_c010_lview_f000360.jpg,1
20260616_060320_GYKZXU_c010_lview_f000390.jpg,1
20260616_060320_GYKZXU_c010_lview_f000420.jpg,1
20260616_060320_GYKZXU_c010_lview_f000450.jpg,1
20260616_060320_GYKZXU_c010_lview_f000480.jpg,1
20260616_060320_GYKZXU_c010_lview_f000510.jpg,1
20260616_060320_GYKZXU_c010_lview_f000540.jpg,1
20260616_060320_GYKZXU_c010_lview_f000570.jpg,1
20260616_060320_GYKZXU_c010_lview_f000600.jpg,1
20260616_060320_GYKZXU_c010_lview_f000630.jpg,1
20260616_060320_GYKZXU_c010_lview_f000660.jpg,1
20260616_060320_GYKZXU_c010_lview_f000690.jpg,1
20260616_060320_GYKZXU_c010_lview_f000720.jpg,1
20260616_060320_GYKZXU_c010_lview_f000750.jpg,1
20260616_060320_GYKZXU_c010_lview_f000780.jpg,1
20260616_060320_GYKZXU_c010_lview_f000810.jpg,1
20260616_060320_GYKZXU_c010_lview_f000840.jpg,1
20260616_060320_GYKZXU_c010_lview_f000870.jpg,1
20260616_060320_GYKZXU_c010_lview_f000900.jpg,1
20260616_060320_GYKZXU_c010_lview_f000990.jpg,1
20260616_060320_GYKZXU_c010_lview_f001020.jpg,1
20260616_060320_GYKZXU_c010_lview_f001050.jpg,1
20260616_060320_GYKZXU_c010_lview_f001080.jpg,1
20260616_060320_GYKZXU_c010_lview_f001110.jpg,1
20260616_060320_GYKZXU_c010_lview_f001140.jpg,1
20260616_060320_GYKZXU_c010_lview_f001170.jpg,1
20260616_060320_GYKZXU_c010_lview_f001200.jpg,1
20260616_060320_GYKZXU_c010_lview_f001230.jpg,1
20260616_060320_GYKZXU_c010_lview_f001260.jpg,1
20260616_060320_GYKZXU_c010_lview_f001290.jpg,1
20260616_060320_GYKZXU_c010_lview_f001320.jpg,1
20260616_060320_GYKZXU_c010_lview_f001350.jpg,1
20260616_060320_GYKZXU_c010_lview_f001380.jpg,1
20260616_060320_GYKZXU_c010_lview_f001410.jpg,1
20260616_060320_GYKZXU_c010_lview_f001440.jpg,1
20260616_060320_GYKZXU_c010_lview_f001470.jpg,1
20260616_060320_GYKZXU_c010_lview_f001500.jpg,1
20260616_060320_GYKZXU_c010_lview_f001530.jpg,1
20260616_060320_GYKZXU_c010_lview_f001560.jpg,1
20260616_060320_GYKZXU_c010_lview_f001590.jpg,1
20260616_060320_GYKZXU_c010_lview_f001620.jpg,1
20260616_060320_GYKZXU_c010_lview_f001650.jpg,1
20260616_060320_GYKZXU_c010_lview_f001680.jpg,1
20260616_060320_GYKZXU_c010_lview_f001710.jpg,1
20260616_060320_GYKZXU_c010_lview_f001740.jpg,1
20260616_060320_GYKZXU_c010_lview_f001770.jpg,1
20260616_060320_GYKZXU_c010_lview_f001800.jpg,1
20260616_060320_GYKZXU_c010_lview_f001830.jpg,1
20260616_060320_GYKZXU_c010_lview_f001860.jpg,1
20260616_060320_GYKZXU_c010_lview_f001890.jpg,1
20260616_060320_GYKZXU_c010_lview_f001920.jpg,1
20260616_060320_GYKZXU_c010_lview_f001950.jpg,1
20260616_060320_GYKZXU_c010_lview_f001980.jpg,1
20260616_060320_GYKZXU_c010_lview_f002010.jpg,1
20260616_060320_GYKZXU_c010_lview_f002040.jpg,1
20260616_060320_GYKZXU_c010_lview_f002070.jpg,1
20260616_060320_GYKZXU_c010_lview_f002100.jpg,1
20260616_060320_GYKZXU_c010_lview_f002130.jpg,1
20260616_060320_GYKZXU_c010_lview_f002160.jpg,1
20260616_060320_GYKZXU_c010_lview_f002190.jpg,1
20260616_060320_GYKZXU_c010_lview_f002220.jpg,1
20260616_060320_GYKZXU_c010_lview_f002250.jpg,1
20260616_060320_GYKZXU_c010_lview_f002280.jpg,1
20260616_060320_GYKZXU_c010_lview_f002310.jpg,1
20260616_060320_GYKZXU_c010_lview_f002340.jpg,1
20260616_060320_GYKZXU_c010_lview_f002370.jpg,1
20260616_060320_GYKZXU_c010_lview_f002400.jpg,1
20260616_060320_GYKZXU_c010_lview_f002430.jpg,1
20260616_060320_GYKZXU_c010_lview_f002460.jpg,1
20260616_060320_GYKZXU_c010_lview_f002490.jpg,1
20260616_060320_GYKZXU_c010_lview_f002520.jpg,1
20260616_060320_GYKZXU_c010_lview_f002550.jpg,1
20260616_060320_GYKZXU_c010_lview_f002580.jpg,1
20260616_060320_GYKZXU_c010_lview_f002610.jpg,1
20260616_060320_GYKZXU_c010_lview_f002640.jpg,1
20260616_060320_GYKZXU_c010_lview_f002670.jpg,1
20260616_060320_GYKZXU_c010_lview_f002700.jpg,1
20260616_060320_GYKZXU_c010_lview_f002730.jpg,1
20260616_060320_GYKZXU_c010_lview_f002760.jpg,1
20260616_060320_GYKZXU_c010_lview_f002790.jpg,1
20260616_060320_GYKZXU_c010_lview_f002820.jpg,1
20260616_060320_GYKZXU_c010_lview_f002850.jpg,1
20260616_060320_GYKZXU_c010_lview_f002880.jpg,1
20260616_060320_GYKZXU_c010_lview_f002910.jpg,1
20260616_060320_GYKZXU_c010_lview_f002940.jpg,1
20260616_060320_GYKZXU_c010_lview_f002970.jpg,1
20260616_060320_GYKZXU_c010_lview_f003000.jpg,1
20260616_060320_GYKZXU_c010_lview_f003030.jpg,1
20260616_060320_GYKZXU_c010_lview_f003060.jpg,1
20260616_060320_GYKZXU_c010_lview_f003090.jpg,1
20260616_060320_GYKZXU_c010_lview_f003120.jpg,1
20260616_060320_GYKZXU_c010_lview_f003150.jpg,1
20260616_060320_GYKZXU_c010_lview_f003180.jpg,1
20260616_060320_GYKZXU_c010_lview_f003210.jpg,1
20260616_060320_GYKZXU_c010_lview_f003240.jpg,1
20260616_060320_GYKZXU_c010_lview_f003270.jpg,1
20260616_060320_GYKZXU_c010_lview_f003300.jpg,1
20260616_060320_GYKZXU_c010_lview_f003330.jpg,1
20260616_060320_GYKZXU_c010_lview_f003360.jpg,1
20260616_060320_GYKZXU_c010_lview_f003390.jpg,1
20260616_060320_GYKZXU_c010_lview_f003420.jpg,1
20260616_060320_GYKZXU_c010_lview_f003450.jpg,1
20260616_060320_GYKZXU_c010_lview_f003480.jpg,1
20260616_060320_GYKZXU_c010_lview_f003510.jpg,1
20260616_060320_GYKZXU_c010_lview_f003540.jpg,1
20260616_060320_GYKZXU_c010_lview_f003570.jpg,1
20260616_060320_GYKZXU_c010_lview_f003600.jpg,1
20260616_060320_GYKZXU_c010_lview_f003630.jpg,1
20260616_060320_GYKZXU_c010_lview_f003660.jpg,1
20260616_060320_GYKZXU_c010_lview_f003690.jpg,1
20260616_060320_GYKZXU_c010_lview_f003720.jpg,1
20260616_060320_GYKZXU_c010_lview_f003750.jpg,1
20260616_060320_GYKZXU_c010_lview_f003780.jpg,1
20260616_060320_GYKZXU_c010_lview_f003810.jpg,1
20260616_060320_GYKZXU_c010_lview_f003840.jpg,1
20260616_060320_GYKZXU_c010_lview_f003870.jpg,1
20260616_060320_GYKZXU_c010_lview_f003900.jpg,1
20260616_060320_GYKZXU_c010_lview_f003930.jpg,1
20260616_060320_GYKZXU_c010_lview_f003960.jpg,1
20260616_060320_GYKZXU_c010_lview_f003990.jpg,1
20260616_060320_GYKZXU_c010_lview_f004020.jpg,1
20260616_060320_GYKZXU_c010_lview_f004050.jpg,1
20260616_060320_GYKZXU_c010_lview_f004080.jpg,1
20260616_060320_GYKZXU_c010_lview_f004110.jpg,1
20260616_060320_GYKZXU_c010_lview_f004140.jpg,1
20260616_060320_GYKZXU_c010_lview_f004170.jpg,1
20260616_060320_GYKZXU_c010_lview_f004200.jpg,1
20260616_060320_GYKZXU_c010_lview_f004230.jpg,1
20260616_060320_GYKZXU_c010_lview_f004260.jpg,1
20260616_060320_GYKZXU_c010_lview_f004290.jpg,1
20260616_060320_GYKZXU_c010_lview_f004320.jpg,1
20260616_060320_GYKZXU_c010_lview_f004350.jpg,1
20260616_060320_GYKZXU_c010_lview_f004380.jpg,1
20260616_060320_GYKZXU_c010_lview_f004410.jpg,1
20260616_060320_GYKZXU_c010_lview_f004440.jpg,1
20260616_060320_GYKZXU_c010_lview_f004470.jpg,1
20260616_060320_GYKZXU_c010_lview_f004500.jpg,1
20260616_060320_GYKZXU_c010_lview_f004530.jpg,1
20260616_060320_GYKZXU_c010_lview_f004560.jpg,1
20260616_060320_GYKZXU_c010_lview_f004590.jpg,1
20260616_060320_GYKZXU_c010_lview_f004620.jpg,1
20260616_060320_GYKZXU_c010_lview_f004650.jpg,1
20260616_060320_GYKZXU_c010_lview_f004680.jpg,1
20260616_060320_GYKZXU_c010_lview_f004710.jpg,1
20260616_060320_GYKZXU_c010_lview_f004740.jpg,1
20260616_060320_GYKZXU_c010_lview_f004770.jpg,1
20260616_060320_GYKZXU_c010_lview_f004800.jpg,1
20260616_060320_GYKZXU_c010_lview_f004830.jpg,1
20260616_060320_GYKZXU_c010_lview_f004860.jpg,1
20260616_060320_GYKZXU_c010_lview_f004890.jpg,1
20260616_060320_GYKZXU_c010_lview_f004920.jpg,1
20260616_060320_GYKZXU_c010_lview_f004950.jpg,1
20260616_060320_GYKZXU_c010_lview_f004980.jpg,1
20260616_060320_GYKZXU_c010_lview_f005010.jpg,1
20260616_060320_GYKZXU_c010_lview_f005040.jpg,1
20260616_060320_GYKZXU_c010_lview_f005070.jpg,1
20260616_060320_GYKZXU_c010_lview_f005100.jpg,1
20260616_060320_GYKZXU_c010_lview_f005130.jpg,1
20260616_060320_GYKZXU_c010_lview_f005160.jpg,1
20260616_060320_GYKZXU_c010_lview_f005190.jpg,1
20260616_060320_GYKZXU_c010_lview_f005220.jpg,1
20260616_060320_GYKZXU_c010_lview_f005250.jpg,1
20260616_060320_GYKZXU_c010_lview_f005280.jpg,1
20260616_060320_GYKZXU_c010_lview_f005310.jpg,1
20260616_060320_GYKZXU_c010_lview_f005340.jpg,1
20260616_060320_GYKZXU_c010_lview_f005370.jpg,1
20260616_060320_GYKZXU_c010_lview_f005400.jpg,1
20260616_060320_GYKZXU_c010_lview_f005430.jpg,1
20260616_060320_GYKZXU_c010_lview_f005460.jpg,1
20260616_060320_GYKZXU_c010_lview_f005490.jpg,1
20260616_060320_GYKZXU_c010_lview_f005550.jpg,1
20260616_060320_GYKZXU_c010_lview_f005580.jpg,1
20260616_060320_GYKZXU_c010_lview_f005610.jpg,1
20260616_060320_GYKZXU_c010_lview_f005640.jpg,1
20260616_060320_GYKZXU_c010_lview_f005670.jpg,1
20260616_060320_GYKZXU_c010_lview_f005700.jpg,1
20260616_060320_GYKZXU_c010_lview_f005730.jpg,1
20260616_060320_GYKZXU_c010_lview_f005760.jpg,1
20260616_060320_GYKZXU_c010_lview_f005790.jpg,1
20260616_060320_GYKZXU_c010_lview_f005820.jpg,1
20260616_060320_GYKZXU_c010_lview_f005850.jpg,1
20260616_060320_GYKZXU_c010_lview_f005880.jpg,1
20260616_060320_GYKZXU_c010_lview_f005910.jpg,1
20260616_060320_GYKZXU_c010_lview_f005940.jpg,1
20260616_060320_GYKZXU_c010_lview_f005970.jpg,1
20260616_060320_GYKZXU_c010_lview_f006000.jpg,1
20260616_060320_GYKZXU_c010_lview_f006030.jpg,1
20260616_060320_GYKZXU_c010_lview_f006060.jpg,1
20260616_060320_GYKZXU_c010_lview_f006090.jpg,1
20260616_060320_GYKZXU_c010_lview_f006120.jpg,1
20260616_060320_GYKZXU_c010_lview_f006150.jpg,1
20260616_060320_GYKZXU_c010_lview_f006180.jpg,1
20260616_060320_GYKZXU_c010_lview_f006210.jpg,1
20260616_060320_GYKZXU_c010_lview_f006240.jpg,1
20260616_060320_GYKZXU_c010_lview_f006270.jpg,1
20260616_060320_GYKZXU_c010_lview_f006300.jpg,1
20260616_060320_GYKZXU_c010_lview_f006330.jpg,1
20260616_060320_GYKZXU_c010_lview_f006360.jpg,1
20260616_060320_GYKZXU_c010_lview_f006390.jpg,1
20260616_060320_GYKZXU_c010_lview_f006420.jpg,1
20260616_060320_GYKZXU_c010_lview_f006450.jpg,1
20260616_060320_GYKZXU_c010_lview_f006480.jpg,1
20260616_060320_GYKZXU_c010_lview_f006510.jpg,1
20260616_060320_GYKZXU_c010_lview_f006540.jpg,1
20260616_060320_GYKZXU_c010_lview_f006570.jpg,1
20260616_060320_GYKZXU_c010_lview_f006600.jpg,1
20260616_060320_GYKZXU_c010_lview_f006630.jpg,1
20260616_060320_GYKZXU_c010_lview_f006660.jpg,1
20260616_060320_GYKZXU_c010_lview_f006690.jpg,1
20260616_060320_GYKZXU_c010_lview_f006720.jpg,1
20260616_060320_GYKZXU_c010_lview_f006750.jpg,1
20260616_060320_GYKZXU_c010_lview_f006780.jpg,1
20260616_060320_GYKZXU_c010_lview_f006810.jpg,1
20260616_060320_GYKZXU_c010_lview_f006840.jpg,1
20260616_060320_GYKZXU_c010_lview_f006870.jpg,1
20260616_060320_GYKZXU_c010_lview_f006900.jpg,1
20260616_060320_GYKZXU_c010_lview_f006930.jpg,1
20260616_060320_GYKZXU_c010_lview_f006960.jpg,1
20260616_060320_GYKZXU_c010_lview_f006990.jpg,1
20260616_060320_GYKZXU_c010_lview_f007020.jpg,1
20260616_060320_GYKZXU_c010_lview_f007050.jpg,1
20260616_060320_GYKZXU_c010_lview_f007080.jpg,1
20260616_060320_GYKZXU_c010_lview_f007110.jpg,1
20260616_060320_GYKZXU_c010_lview_f007140.jpg,1
20260616_060320_GYKZXU_c010_lview_f007170.jpg,1
20260616_060320_GYKZXU_c010_lview_f007200.jpg,1
20260616_060320_GYKZXU_c010_lview_f007230.jpg,1
20260616_060320_GYKZXU_c010_lview_f007260.jpg,1
20260616_060320_GYKZXU_c010_lview_f007290.jpg,1
20260616_060320_GYKZXU_c010_lview_f007320.jpg,1
20260616_060320_GYKZXU_c010_lview_f007350.jpg,1
20260616_060320_GYKZXU_c010_lview_f007380.jpg,1
20260616_060320_GYKZXU_c010_lview_f007410.jpg,1
20260616_060320_GYKZXU_c010_lview_f007440.jpg,1
20260616_060320_GYKZXU_c010_lview_f007470.jpg,1
20260616_060320_GYKZXU_c010_lview_f007500.jpg,1
20260616_060320_GYKZXU_c010_lview_f007530.jpg,1
20260616_060320_GYKZXU_c010_lview_f007560.jpg,1
20260616_060320_GYKZXU_c010_lview_f007590.jpg,1
20260616_060320_GYKZXU_c010_lview_f007620.jpg,1
20260616_060320_GYKZXU_c010_lview_f007650.jpg,1
20260616_060320_GYKZXU_c010_lview_f007680.jpg,1
20260616_060320_GYKZXU_c010_lview_f007710.jpg,1
20260616_060320_GYKZXU_c010_lview_f007740.jpg,1
20260616_060320_GYKZXU_c010_lview_f007770.jpg,1
20260616_060320_GYKZXU_c010_lview_f007800.jpg,1
20260616_060320_GYKZXU_c010_lview_f007830.jpg,1
20260616_060320_GYKZXU_c010_lview_f007860.jpg,1
20260616_060320_GYKZXU_c010_lview_f007890.jpg,1
20260616_060320_GYKZXU_c010_lview_f007920.jpg,1
20260616_060320_GYKZXU_c010_lview_f007950.jpg,1
20260616_060320_GYKZXU_c010_lview_f007980.jpg,1
20260616_060320_GYKZXU_c010_lview_f008010.jpg,1
20260616_060320_GYKZXU_c010_lview_f008040.jpg,1
20260616_060320_GYKZXU_c010_lview_f008070.jpg,1
20260616_060320_GYKZXU_c010_lview_f008100.jpg,1
20260616_060320_GYKZXU_c010_lview_f008130.jpg,1
20260616_060320_GYKZXU_c010_lview_f008160.jpg,1
20260616_060320_GYKZXU_c010_lview_f008190.jpg,1
20260616_060320_GYKZXU_c010_lview_f008220.jpg,1
20260616_060320_GYKZXU_c010_lview_f008250.jpg,1
20260616_060320_GYKZXU_c010_lview_f008280.jpg,1
20260616_060320_GYKZXU_c010_lview_f008310.jpg,1
20260616_060320_GYKZXU_c010_lview_f008340.jpg,1
20260616_060320_GYKZXU_c010_lview_f008370.jpg,1
20260616_060320_GYKZXU_c010_lview_f008400.jpg,1
20260616_060320_GYKZXU_c010_lview_f008430.jpg,1
20260616_060320_GYKZXU_c010_lview_f008460.jpg,1
20260616_060320_GYKZXU_c010_lview_f008490.jpg,1
20260616_060320_GYKZXU_c010_lview_f008550.jpg,1
20260616_060320_GYKZXU_c010_lview_f008580.jpg,1
20260616_060320_GYKZXU_c010_lview_f008610.jpg,1
20260616_060320_GYKZXU_c010_lview_f008640.jpg,1
20260616_060320_GYKZXU_c010_lview_f008670.jpg,1
20260616_060320_GYKZXU_c010_lview_f008700.jpg,1
20260616_060320_GYKZXU_c010_lview_f008730.jpg,1
20260616_060320_GYKZXU_c010_lview_f008760.jpg,1
20260616_060320_GYKZXU_c010_lview_f008790.jpg,1
20260616_060320_GYKZXU_c010_lview_f008820.jpg,1
20260616_060320_GYKZXU_c010_lview_f008850.jpg,1
20260616_060320_GYKZXU_c010_lview_f008880.jpg,1
20260616_060320_GYKZXU_c010_lview_f008910.jpg,1
20260616_060320_GYKZXU_c010_lview_f008940.jpg,1
20260616_060320_GYKZXU_c010_lview_f008970.jpg,1
20260616_060320_GYKZXU_c010_lview_f009000.jpg,1
20260616_060320_GYKZXU_c010_lview_f009030.jpg,1
20260616_060320_GYKZXU_c010_lview_f009060.jpg,1
20260616_060320_GYKZXU_c010_lview_f009090.jpg,1
20260616_060320_GYKZXU_c010_lview_f009120.jpg,1
20260616_060320_GYKZXU_c010_lview_f009150.jpg,1
20260616_060320_GYKZXU_c010_lview_f009180.jpg,1
20260616_060320_GYKZXU_c010_lview_f009210.jpg,1
20260616_060320_GYKZXU_c010_lview_f009240.jpg,1
20260616_060320_GYKZXU_c010_lview_f009270.jpg,1
20260616_060320_GYKZXU_c010_lview_f009300.jpg,1
20260616_060320_GYKZXU_c010_lview_f009330.jpg,1
20260616_060320_GYKZXU_c010_lview_f009360.jpg,1
20260616_060320_GYKZXU_c010_lview_f009390.jpg,1
20260616_060320_GYKZXU_c010_lview_f009420.jpg,1
20260616_060320_GYKZXU_c010_lview_f009450.jpg,1
20260616_060320_GYKZXU_c010_lview_f009480.jpg,1
20260616_060320_GYKZXU_c010_lview_f009510.jpg,1
20260616_060320_GYKZXU_c010_lview_f009540.jpg,1
20260616_060320_GYKZXU_c010_lview_f009570.jpg,1
20260616_060320_GYKZXU_c010_lview_f009600.jpg,1
20260616_060320_GYKZXU_c010_lview_f009630.jpg,1
20260616_060320_GYKZXU_c010_lview_f009660.jpg,1
20260616_060320_GYKZXU_c010_lview_f009690.jpg,1
20260616_060320_GYKZXU_c010_lview_f009720.jpg,1
20260616_060320_GYKZXU_c010_lview_f009750.jpg,1
20260616_060320_GYKZXU_c010_lview_f009780.jpg,1
20260616_060320_GYKZXU_c010_lview_f009810.jpg,1
20260616_060320_GYKZXU_c010_lview_f009840.jpg,1
20260616_060320_GYKZXU_c010_lview_f009870.jpg,1
20260616_060320_GYKZXU_c010_lview_f009900.jpg,1
20260616_060320_GYKZXU_c010_lview_f009930.jpg,1
20260616_060320_GYKZXU_c010_lview_f009960.jpg,1
20260616_060320_GYKZXU_c010_lview_f009990.jpg,1
20260616_060320_GYKZXU_c010_lview_f010020.jpg,1
20260616_060320_GYKZXU_c010_lview_f010050.jpg,1
20260616_060320_GYKZXU_c010_lview_f010080.jpg,1
20260616_060320_GYKZXU_c010_lview_f010110.jpg,1
20260616_060320_GYKZXU_c010_lview_f010140.jpg,1
20260616_060320_GYKZXU_c010_lview_f010170.jpg,1
20260616_060320_GYKZXU_c010_lview_f010200.jpg,1
20260616_060320_GYKZXU_c010_lview_f010230.jpg,1
20260616_060320_GYKZXU_c010_lview_f010260.jpg,1
20260616_060320_GYKZXU_c010_lview_f010290.jpg,1
20260616_060320_GYKZXU_c010_lview_f010320.jpg,1
20260616_060320_GYKZXU_c010_lview_f010350.jpg,1
20260616_060320_GYKZXU_c010_lview_f010380.jpg,1
20260616_060320_GYKZXU_c010_lview_f010410.jpg,1
20260616_060320_GYKZXU_c010_lview_f010440.jpg,1
20260616_060320_GYKZXU_c010_lview_f010470.jpg,1
20260616_060320_GYKZXU_c010_lview_f010500.jpg,1
20260616_060320_GYKZXU_c010_lview_f010530.jpg,1
20260616_060320_GYKZXU_c010_lview_f010560.jpg,1
20260616_060320_GYKZXU_c010_lview_f010590.jpg,1
20260616_060320_GYKZXU_c010_lview_f010620.jpg,1
20260616_060320_GYKZXU_c010_lview_f010650.jpg,1
20260616_060320_GYKZXU_c010_lview_f010680.jpg,1
20260616_060320_GYKZXU_c010_lview_f010710.jpg,1
20260616_060320_GYKZXU_c010_lview_f010740.jpg,1
20260616_060320_GYKZXU_c010_lview_f010770.jpg,1
20260616_060320_GYKZXU_c010_rview_f000000.jpg,1
20260616_060320_GYKZXU_c010_rview_f000030.jpg,1
20260616_060320_GYKZXU_c010_rview_f000060.jpg,1
20260616_060320_GYKZXU_c010_rview_f000090.jpg,1
20260616_060320_GYKZXU_c010_rview_f000120.jpg,1
20260616_060320_GYKZXU_c010_rview_f000150.jpg,1
20260616_060320_GYKZXU_c010_rview_f000180.jpg,1
20260616_060320_GYKZXU_c010_rview_f000210.jpg,1
20260616_060320_GYKZXU_c010_rview_f000240.jpg,1
20260616_060320_GYKZXU_c010_rview_f000270.jpg,1
20260616_060320_GYKZXU_c010_rview_f000300.jpg,1
20260616_060320_GYKZXU_c010_rview_f000330.jpg,1
20260616_060320_GYKZXU_c010_rview_f000360.jpg,1
20260616_060320_GYKZXU_c010_rview_f000390.jpg,1
20260616_060320_GYKZXU_c010_rview_f000420.jpg,1
20260616_060320_GYKZXU_c010_rview_f000450.jpg,1
20260616_060320_GYKZXU_c010_rview_f000480.jpg,1
20260616_060320_GYKZXU_c010_rview_f000510.jpg,1
20260616_060320_GYKZXU_c010_rview_f000540.jpg,1
20260616_060320_GYKZXU_c010_rview_f000570.jpg,1
20260616_060320_GYKZXU_c010_rview_f000600.jpg,1
20260616_060320_GYKZXU_c010_rview_f000630.jpg,1
20260616_060320_GYKZXU_c010_rview_f000660.jpg,1
20260616_060320_GYKZXU_c010_rview_f000690.jpg,1
20260616_060320_GYKZXU_c010_rview_f000720.jpg,1
20260616_060320_GYKZXU_c010_rview_f000780.jpg,1
20260616_060320_GYKZXU_c010_rview_f000810.jpg,1
20260616_060320_GYKZXU_c010_rview_f000840.jpg,1
20260616_060320_GYKZXU_c010_rview_f000870.jpg,1
20260616_060320_GYKZXU_c010_rview_f000900.jpg,1
20260616_060320_GYKZXU_c010_rview_f000990.jpg,1
20260616_060320_GYKZXU_c010_rview_f001020.jpg,1
20260616_060320_GYKZXU_c010_rview_f001050.jpg,1
20260616_060320_GYKZXU_c010_rview_f001080.jpg,1
20260616_060320_GYKZXU_c010_rview_f001110.jpg,1
20260616_060320_GYKZXU_c010_rview_f001140.jpg,1
20260616_060320_GYKZXU_c010_rview_f001170.jpg,1
20260616_060320_GYKZXU_c010_rview_f001200.jpg,1
20260616_060320_GYKZXU_c010_rview_f001230.jpg,1
20260616_060320_GYKZXU_c010_rview_f001260.jpg,1
20260616_060320_GYKZXU_c010_rview_f001290.jpg,1
20260616_060320_GYKZXU_c010_rview_f001320.jpg,1
20260616_060320_GYKZXU_c010_rview_f001350.jpg,1
20260616_060320_GYKZXU_c010_rview_f001380.jpg,1
20260616_060320_GYKZXU_c010_rview_f001410.jpg,1
20260616_060320_GYKZXU_c010_rview_f001440.jpg,1
20260616_060320_GYKZXU_c010_rview_f001470.jpg,1
20260616_060320_GYKZXU_c010_rview_f001500.jpg,1
20260616_060320_GYKZXU_c010_rview_f001530.jpg,1
20260616_060320_GYKZXU_c010_rview_f001560.jpg,1
20260616_060320_GYKZXU_c010_rview_f001590.jpg,1
20260616_060320_GYKZXU_c010_rview_f001620.jpg,1
20260616_060320_GYKZXU_c010_rview_f001650.jpg,1
20260616_060320_GYKZXU_c010_rview_f001680.jpg,1
20260616_060320_GYKZXU_c010_rview_f001710.jpg,1
20260616_060320_GYKZXU_c010_rview_f001740.jpg,1
20260616_060320_GYKZXU_c010_rview_f001770.jpg,1
20260616_060320_GYKZXU_c010_rview_f001800.jpg,1
20260616_060320_GYKZXU_c010_rview_f001830.jpg,1
20260616_060320_GYKZXU_c010_rview_f001860.jpg,1
20260616_060320_GYKZXU_c010_rview_f001890.jpg,1
20260616_060320_GYKZXU_c010_rview_f001920.jpg,1
20260616_060320_GYKZXU_c010_rview_f001950.jpg,1
20260616_060320_GYKZXU_c010_rview_f001980.jpg,1
20260616_060320_GYKZXU_c010_rview_f002010.jpg,1
20260616_060320_GYKZXU_c010_rview_f002040.jpg,1
20260616_060320_GYKZXU_c010_rview_f002070.jpg,1
20260616_060320_GYKZXU_c010_rview_f002100.jpg,1
20260616_060320_GYKZXU_c010_rview_f002130.jpg,1
20260616_060320_GYKZXU_c010_rview_f002160.jpg,1
20260616_060320_GYKZXU_c010_rview_f002190.jpg,1
20260616_060320_GYKZXU_c010_rview_f002220.jpg,1
20260616_060320_GYKZXU_c010_rview_f002250.jpg,1
20260616_060320_GYKZXU_c010_rview_f002280.jpg,1
20260616_060320_GYKZXU_c010_rview_f002310.jpg,1
20260616_060320_GYKZXU_c010_rview_f002340.jpg,1
20260616_060320_GYKZXU_c010_rview_f002370.jpg,1
20260616_060320_GYKZXU_c010_rview_f002400.jpg,1
20260616_060320_GYKZXU_c010_rview_f002430.jpg,1
20260616_060320_GYKZXU_c010_rview_f002460.jpg,1
20260616_060320_GYKZXU_c010_rview_f002490.jpg,1
20260616_060320_GYKZXU_c010_rview_f002520.jpg,1
20260616_060320_GYKZXU_c010_rview_f002550.jpg,1
20260616_060320_GYKZXU_c010_rview_f002580.jpg,1
20260616_060320_GYKZXU_c010_rview_f002610.jpg,1
20260616_060320_GYKZXU_c010_rview_f002640.jpg,1
20260616_060320_GYKZXU_c010_rview_f002670.jpg,1
20260616_060320_GYKZXU_c010_rview_f002700.jpg,1
20260616_060320_GYKZXU_c010_rview_f002730.jpg,1
20260616_060320_GYKZXU_c010_rview_f002760.jpg,1
20260616_060320_GYKZXU_c010_rview_f002790.jpg,1
20260616_060320_GYKZXU_c010_rview_f002820.jpg,1
20260616_060320_GYKZXU_c010_rview_f002850.jpg,1
20260616_060320_GYKZXU_c010_rview_f002880.jpg,1
20260616_060320_GYKZXU_c010_rview_f002910.jpg,1
20260616_060320_GYKZXU_c010_rview_f002940.jpg,1
20260616_060320_GYKZXU_c010_rview_f002970.jpg,1
20260616_060320_GYKZXU_c010_rview_f003000.jpg,1
20260616_060320_GYKZXU_c010_rview_f003030.jpg,1
20260616_060320_GYKZXU_c010_rview_f003060.jpg,1
20260616_060320_GYKZXU_c010_rview_f003090.jpg,1
20260616_060320_GYKZXU_c010_rview_f003120.jpg,1
20260616_060320_GYKZXU_c010_rview_f003150.jpg,1
20260616_060320_GYKZXU_c010_rview_f003180.jpg,1
20260616_060320_GYKZXU_c010_rview_f003210.jpg,1
20260616_060320_GYKZXU_c010_rview_f003240.jpg,1
20260616_060320_GYKZXU_c010_rview_f003270.jpg,1
20260616_060320_GYKZXU_c010_rview_f003300.jpg,1
20260616_060320_GYKZXU_c010_rview_f003330.jpg,1
20260616_060320_GYKZXU_c010_rview_f003360.jpg,1
20260616_060320_GYKZXU_c010_rview_f003390.jpg,1
20260616_060320_GYKZXU_c010_rview_f003420.jpg,1
20260616_060320_GYKZXU_c010_rview_f003450.jpg,1
20260616_060320_GYKZXU_c010_rview_f003480.jpg,1
20260616_060320_GYKZXU_c010_rview_f003510.jpg,1
20260616_060320_GYKZXU_c010_rview_f003540.jpg,1
20260616_060320_GYKZXU_c010_rview_f003570.jpg,1
20260616_060320_GYKZXU_c010_rview_f003600.jpg,1
20260616_060320_GYKZXU_c010_rview_f003630.jpg,1
20260616_060320_GYKZXU_c010_rview_f003660.jpg,1
20260616_060320_GYKZXU_c010_rview_f003690.jpg,1
20260616_060320_GYKZXU_c010_rview_f003720.jpg,1
20260616_060320_GYKZXU_c010_rview_f003750.jpg,1
20260616_060320_GYKZXU_c010_rview_f003780.jpg,1
20260616_060320_GYKZXU_c010_rview_f003810.jpg,1
20260616_060320_GYKZXU_c010_rview_f003840.jpg,1
20260616_060320_GYKZXU_c010_rview_f003870.jpg,1
20260616_060320_GYKZXU_c010_rview_f003900.jpg,1
20260616_060320_GYKZXU_c010_rview_f003930.jpg,1
20260616_060320_GYKZXU_c010_rview_f003960.jpg,1
20260616_060320_GYKZXU_c010_rview_f003990.jpg,1
20260616_060320_GYKZXU_c010_rview_f004020.jpg,1
20260616_060320_GYKZXU_c010_rview_f004050.jpg,1
20260616_060320_GYKZXU_c010_rview_f004080.jpg,1
20260616_060320_GYKZXU_c010_rview_f004110.jpg,1
20260616_060320_GYKZXU_c010_rview_f004140.jpg,1
20260616_060320_GYKZXU_c010_rview_f004170.jpg,1
20260616_060320_GYKZXU_c010_rview_f004200.jpg,1
20260616_060320_GYKZXU_c010_rview_f004230.jpg,1
20260616_060320_GYKZXU_c010_rview_f004260.jpg,1
20260616_060320_GYKZXU_c010_rview_f004290.jpg,1
20260616_060320_GYKZXU_c010_rview_f004320.jpg,1
20260616_060320_GYKZXU_c010_rview_f004350.jpg,1
20260616_060320_GYKZXU_c010_rview_f004380.jpg,1
20260616_060320_GYKZXU_c010_rview_f004410.jpg,1
20260616_060320_GYKZXU_c010_rview_f004440.jpg,1
20260616_060320_GYKZXU_c010_rview_f004470.jpg,1
20260616_060320_GYKZXU_c010_rview_f004500.jpg,1
20260616_060320_GYKZXU_c010_rview_f004530.jpg,1
20260616_060320_GYKZXU_c010_rview_f004560.jpg,1
20260616_060320_GYKZXU_c010_rview_f004590.jpg,1
20260616_060320_GYKZXU_c010_rview_f004620.jpg,1
20260616_060320_GYKZXU_c010_rview_f004650.jpg,1
20260616_060320_GYKZXU_c010_rview_f004680.jpg,1
20260616_060320_GYKZXU_c010_rview_f004710.jpg,1
20260616_060320_GYKZXU_c010_rview_f004740.jpg,1
20260616_060320_GYKZXU_c010_rview_f004770.jpg,1
20260616_060320_GYKZXU_c010_rview_f004800.jpg,1
20260616_060320_GYKZXU_c010_rview_f004830.jpg,1
20260616_060320_GYKZXU_c010_rview_f004860.jpg,1
20260616_060320_GYKZXU_c010_rview_f004890.jpg,1
20260616_060320_GYKZXU_c010_rview_f004920.jpg,1
20260616_060320_GYKZXU_c010_rview_f004950.jpg,1
20260616_060320_GYKZXU_c010_rview_f004980.jpg,1
20260616_060320_GYKZXU_c010_rview_f005010.jpg,1
20260616_060320_GYKZXU_c010_rview_f005040.jpg,1
20260616_060320_GYKZXU_c010_rview_f005070.jpg,1
20260616_060320_GYKZXU_c010_rview_f005100.jpg,1
20260616_060320_GYKZXU_c010_rview_f005130.jpg,1
20260616_060320_GYKZXU_c010_rview_f005160.jpg,1
20260616_060320_GYKZXU_c010_rview_f005190.jpg,1
20260616_060320_GYKZXU_c010_rview_f005220.jpg,1
20260616_060320_GYKZXU_c010_rview_f005250.jpg,1
20260616_060320_GYKZXU_c010_rview_f005280.jpg,1
20260616_060320_GYKZXU_c010_rview_f005310.jpg,1
20260616_060320_GYKZXU_c010_rview_f005340.jpg,1
20260616_060320_GYKZXU_c010_rview_f005370.jpg,1
20260616_060320_GYKZXU_c010_rview_f005400.jpg,1
20260616_060320_GYKZXU_c010_rview_f005430.jpg,1
20260616_060320_GYKZXU_c010_rview_f005460.jpg,1
20260616_060320_GYKZXU_c010_rview_f005490.jpg,1
20260616_060320_GYKZXU_c010_rview_f005550.jpg,1
20260616_060320_GYKZXU_c010_rview_f005580.jpg,1
20260616_060320_GYKZXU_c010_rview_f005610.jpg,1
20260616_060320_GYKZXU_c010_rview_f005640.jpg,1
20260616_060320_GYKZXU_c010_rview_f005670.jpg,1
20260616_060320_GYKZXU_c010_rview_f005700.jpg,1
20260616_060320_GYKZXU_c010_rview_f005730.jpg,1
20260616_060320_GYKZXU_c010_rview_f005760.jpg,1
20260616_060320_GYKZXU_c010_rview_f005790.jpg,1
20260616_060320_GYKZXU_c010_rview_f005820.jpg,1
20260616_060320_GYKZXU_c010_rview_f005850.jpg,1
20260616_060320_GYKZXU_c010_rview_f005880.jpg,1
20260616_060320_GYKZXU_c010_rview_f005910.jpg,1
20260616_060320_GYKZXU_c010_rview_f005940.jpg,1
20260616_060320_GYKZXU_c010_rview_f005970.jpg,1
20260616_060320_GYKZXU_c010_rview_f006000.jpg,1
20260616_060320_GYKZXU_c010_rview_f006030.jpg,1
20260616_060320_GYKZXU_c010_rview_f006060.jpg,1
20260616_060320_GYKZXU_c010_rview_f006090.jpg,1
20260616_060320_GYKZXU_c010_rview_f006120.jpg,1
20260616_060320_GYKZXU_c010_rview_f006150.jpg,1
20260616_060320_GYKZXU_c010_rview_f006180.jpg,1
20260616_060320_GYKZXU_c010_rview_f006210.jpg,1
20260616_060320_GYKZXU_c010_rview_f006240.jpg,1
20260616_060320_GYKZXU_c010_rview_f006270.jpg,1
20260616_060320_GYKZXU_c010_rview_f006300.jpg,1
20260616_060320_GYKZXU_c010_rview_f006330.jpg,1
20260616_060320_GYKZXU_c010_rview_f006390.jpg,1
20260616_060320_GYKZXU_c010_rview_f006420.jpg,1
20260616_060320_GYKZXU_c010_rview_f006450.jpg,1
20260616_060320_GYKZXU_c010_rview_f006480.jpg,1
20260616_060320_GYKZXU_c010_rview_f006510.jpg,1
20260616_060320_GYKZXU_c010_rview_f006540.jpg,1
20260616_060320_GYKZXU_c010_rview_f006570.jpg,1
20260616_060320_GYKZXU_c010_rview_f006600.jpg,1
20260616_060320_GYKZXU_c010_rview_f006630.jpg,1
20260616_060320_GYKZXU_c010_rview_f006660.jpg,1
20260616_060320_GYKZXU_c010_rview_f006690.jpg,1
20260616_060320_GYKZXU_c010_rview_f006720.jpg,1
20260616_060320_GYKZXU_c010_rview_f006750.jpg,1
20260616_060320_GYKZXU_c010_rview_f006780.jpg,1
20260616_060320_GYKZXU_c010_rview_f006810.jpg,1
20260616_060320_GYKZXU_c010_rview_f006840.jpg,1
20260616_060320_GYKZXU_c010_rview_f006870.jpg,1
20260616_060320_GYKZXU_c010_rview_f006900.jpg,1
20260616_060320_GYKZXU_c010_rview_f006930.jpg,1
20260616_060320_GYKZXU_c010_rview_f006960.jpg,1
20260616_060320_GYKZXU_c010_rview_f006990.jpg,1
20260616_060320_GYKZXU_c010_rview_f007020.jpg,1
20260616_060320_GYKZXU_c010_rview_f007050.jpg,1
20260616_060320_GYKZXU_c010_rview_f007080.jpg,1
20260616_060320_GYKZXU_c010_rview_f007110.jpg,1
20260616_060320_GYKZXU_c010_rview_f007140.jpg,1
20260616_060320_GYKZXU_c010_rview_f007170.jpg,1
20260616_060320_GYKZXU_c010_rview_f007200.jpg,1
20260616_060320_GYKZXU_c010_rview_f007230.jpg,1
20260616_060320_GYKZXU_c010_rview_f007260.jpg,1
20260616_060320_GYKZXU_c010_rview_f007290.jpg,1
20260616_060320_GYKZXU_c010_rview_f007320.jpg,1
20260616_060320_GYKZXU_c010_rview_f007350.jpg,1
20260616_060320_GYKZXU_c010_rview_f007380.jpg,1
20260616_060320_GYKZXU_c010_rview_f007410.jpg,1
20260616_060320_GYKZXU_c010_rview_f007440.jpg,1
20260616_060320_GYKZXU_c010_rview_f007470.jpg,1
20260616_060320_GYKZXU_c010_rview_f007500.jpg,1
20260616_060320_GYKZXU_c010_rview_f007530.jpg,1
20260616_060320_GYKZXU_c010_rview_f007560.jpg,1
20260616_060320_GYKZXU_c010_rview_f007590.jpg,1
20260616_060320_GYKZXU_c010_rview_f007620.jpg,1
20260616_060320_GYKZXU_c010_rview_f007650.jpg,1
20260616_060320_GYKZXU_c010_rview_f007680.jpg,1
20260616_060320_GYKZXU_c010_rview_f007710.jpg,1
20260616_060320_GYKZXU_c010_rview_f007740.jpg,1
20260616_060320_GYKZXU_c010_rview_f007770.jpg,1
20260616_060320_GYKZXU_c010_rview_f007800.jpg,1
20260616_060320_GYKZXU_c010_rview_f007830.jpg,1
20260616_060320_GYKZXU_c010_rview_f007860.jpg,1
20260616_060320_GYKZXU_c010_rview_f007890.jpg,1
20260616_060320_GYKZXU_c010_rview_f007920.jpg,1
20260616_060320_GYKZXU_c010_rview_f007950.jpg,1
20260616_060320_GYKZXU_c010_rview_f007980.jpg,1
20260616_060320_GYKZXU_c010_rview_f008010.jpg,1
20260616_060320_GYKZXU_c010_rview_f008040.jpg,1
20260616_060320_GYKZXU_c010_rview_f008070.jpg,1
20260616_060320_GYKZXU_c010_rview_f008100.jpg,1
20260616_060320_GYKZXU_c010_rview_f008130.jpg,1
20260616_060320_GYKZXU_c010_rview_f008160.jpg,1
20260616_060320_GYKZXU_c010_rview_f008190.jpg,1
20260616_060320_GYKZXU_c010_rview_f008220.jpg,1
20260616_060320_GYKZXU_c010_rview_f008250.jpg,1
20260616_060320_GYKZXU_c010_rview_f008280.jpg,1
20260616_060320_GYKZXU_c010_rview_f008310.jpg,1
20260616_060320_GYKZXU_c010_rview_f008340.jpg,1
20260616_060320_GYKZXU_c010_rview_f008370.jpg,1
20260616_060320_GYKZXU_c010_rview_f008400.jpg,1
20260616_060320_GYKZXU_c010_rview_f008430.jpg,1
20260616_060320_GYKZXU_c010_rview_f008460.jpg,1
20260616_060320_GYKZXU_c010_rview_f008490.jpg,1
20260616_060320_GYKZXU_c010_rview_f008550.jpg,1
20260616_060320_GYKZXU_c010_rview_f008580.jpg,1
20260616_060320_GYKZXU_c010_rview_f008610.jpg,1
20260616_060320_GYKZXU_c010_rview_f008640.jpg,1
20260616_060320_GYKZXU_c010_rview_f008670.jpg,1
20260616_060320_GYKZXU_c010_rview_f008700.jpg,1
20260616_060320_GYKZXU_c010_rview_f008730.jpg,1
20260616_060320_GYKZXU_c010_rview_f008760.jpg,1
20260616_060320_GYKZXU_c010_rview_f008790.jpg,1
20260616_060320_GYKZXU_c010_rview_f008820.jpg,1
20260616_060320_GYKZXU_c010_rview_f008850.jpg,1
20260616_060320_GYKZXU_c010_rview_f008880.jpg,1
20260616_060320_GYKZXU_c010_rview_f008910.jpg,1
20260616_060320_GYKZXU_c010_rview_f008940.jpg,1
20260616_060320_GYKZXU_c010_rview_f008970.jpg,1
20260616_060320_GYKZXU_c010_rview_f009000.jpg,1
20260616_060320_GYKZXU_c010_rview_f009030.jpg,1
20260616_060320_GYKZXU_c010_rview_f009060.jpg,1
20260616_060320_GYKZXU_c010_rview_f009090.jpg,1
20260616_060320_GYKZXU_c010_rview_f009120.jpg,1
20260616_060320_GYKZXU_c010_rview_f009150.jpg,1
20260616_060320_GYKZXU_c010_rview_f009180.jpg,1
20260616_060320_GYKZXU_c010_rview_f009210.jpg,1
20260616_060320_GYKZXU_c010_rview_f009240.jpg,1
20260616_060320_GYKZXU_c010_rview_f009270.jpg,1
20260616_060320_GYKZXU_c010_rview_f009300.jpg,1
20260616_060320_GYKZXU_c010_rview_f009330.jpg,1
20260616_060320_GYKZXU_c010_rview_f009360.jpg,1
20260616_060320_GYKZXU_c010_rview_f009390.jpg,1
20260616_060320_GYKZXU_c010_rview_f009420.jpg,1
20260616_060320_GYKZXU_c010_rview_f009450.jpg,1
20260616_060320_GYKZXU_c010_rview_f009480.jpg,1
20260616_060320_GYKZXU_c010_rview_f009510.jpg,1
20260616_060320_GYKZXU_c010_rview_f009540.jpg,1
20260616_060320_GYKZXU_c010_rview_f009570.jpg,1
20260616_060320_GYKZXU_c010_rview_f009600.jpg,1
20260616_060320_GYKZXU_c010_rview_f009630.jpg,1
20260616_060320_GYKZXU_c010_rview_f009660.jpg,1
20260616_060320_GYKZXU_c010_rview_f009720.jpg,1
20260616_060320_GYKZXU_c010_rview_f009750.jpg,1
20260616_060320_GYKZXU_c010_rview_f009780.jpg,1
20260616_060320_GYKZXU_c010_rview_f009810.jpg,1
20260616_060320_GYKZXU_c010_rview_f009840.jpg,1
20260616_060320_GYKZXU_c010_rview_f009870.jpg,1
20260616_060320_GYKZXU_c010_rview_f009900.jpg,1
20260616_060320_GYKZXU_c010_rview_f009930.jpg,1
20260616_060320_GYKZXU_c010_rview_f009960.jpg,1
20260616_060320_GYKZXU_c010_rview_f009990.jpg,1
20260616_060320_GYKZXU_c010_rview_f010020.jpg,1
20260616_060320_GYKZXU_c010_rview_f010050.jpg,1
20260616_060320_GYKZXU_c010_rview_f010080.jpg,1
20260616_060320_GYKZXU_c010_rview_f010110.jpg,1
20260616_060320_GYKZXU_c010_rview_f010140.jpg,1
20260616_060320_GYKZXU_c010_rview_f010170.jpg,1
20260616_060320_GYKZXU_c010_rview_f010200.jpg,1
20260616_060320_GYKZXU_c010_rview_f010230.jpg,1
20260616_060320_GYKZXU_c010_rview_f010260.jpg,1
20260616_060320_GYKZXU_c010_rview_f010290.jpg,1
20260616_060320_GYKZXU_c010_rview_f010320.jpg,1
20260616_060320_GYKZXU_c010_rview_f010350.jpg,1
20260616_060320_GYKZXU_c010_rview_f010380.jpg,1
20260616_060320_GYKZXU_c010_rview_f010410.jpg,1
20260616_060320_GYKZXU_c010_rview_f010440.jpg,1
20260616_060320_GYKZXU_c010_rview_f010470.jpg,1
20260616_060320_GYKZXU_c010_rview_f010500.jpg,1
20260616_060320_GYKZXU_c010_rview_f010530.jpg,1
20260616_060320_GYKZXU_c010_rview_f010560.jpg,1
20260616_060320_GYKZXU_c010_rview_f010590.jpg,1
20260616_060320_GYKZXU_c010_rview_f010620.jpg,1
20260616_060320_GYKZXU_c010_rview_f010650.jpg,1
20260616_060320_GYKZXU_c010_rview_f010680.jpg,1
20260616_060320_GYKZXU_c010_rview_f010710.jpg,1
20260616_060320_GYKZXU_c010_rview_f010740.jpg,1
20260616_060320_GYKZXU_c010_rview_f010770.jpg,1
20260621_194844_BTJPSP_c007_lview_f000000.jpg,1
20260621_194844_BTJPSP_c007_lview_f000060.jpg,1
20260621_194844_BTJPSP_c007_lview_f000120.jpg,1
20260621_194844_BTJPSP_c007_lview_f000180.jpg,1
20260621_194844_BTJPSP_c007_lview_f000240.jpg,1
20260621_194844_BTJPSP_c007_lview_f000300.jpg,1
20260621_194844_BTJPSP_c007_lview_f000360.jpg,1
20260621_194844_BTJPSP_c007_lview_f000420.jpg,1
20260621_194844_BTJPSP_c007_lview_f000480.jpg,1
20260621_194844_BTJPSP_c007_lview_f000540.jpg,1
20260621_194844_BTJPSP_c007_lview_f000600.jpg,1
20260621_194844_BTJPSP_c007_lview_f000660.jpg,1
20260621_194844_BTJPSP_c007_lview_f000720.jpg,1
20260621_194844_BTJPSP_c007_lview_f000780.jpg,1
20260621_194844_BTJPSP_c007_lview_f000840.jpg,1
20260621_194844_BTJPSP_c007_lview_f000900.jpg,1
20260621_194844_BTJPSP_c007_lview_f000960.jpg,1
20260621_194844_BTJPSP_c007_lview_f001020.jpg,1
20260621_194844_BTJPSP_c007_lview_f001080.jpg,1
20260621_194844_BTJPSP_c007_lview_f001140.jpg,1
20260621_194844_BTJPSP_c007_lview_f001200.jpg,1
20260621_194844_BTJPSP_c007_lview_f001260.jpg,1
20260621_194844_BTJPSP_c007_lview_f001320.jpg,1
20260621_194844_BTJPSP_c007_lview_f001380.jpg,1
20260621_194844_BTJPSP_c007_lview_f001440.jpg,1
20260621_194844_BTJPSP_c007_lview_f001500.jpg,1
20260621_194844_BTJPSP_c007_lview_f001560.jpg,1
20260621_194844_BTJPSP_c007_lview_f001620.jpg,1
20260621_194844_BTJPSP_c007_lview_f001680.jpg,1
20260621_194844_BTJPSP_c007_lview_f001740.jpg,1
20260621_194844_BTJPSP_c007_lview_f001800.jpg,1
20260621_194844_BTJPSP_c007_lview_f001860.jpg,1
20260621_194844_BTJPSP_c007_lview_f001920.jpg,1
20260621_194844_BTJPSP_c007_lview_f001980.jpg,1
20260621_194844_BTJPSP_c007_lview_f002040.jpg,1
20260621_194844_BTJPSP_c007_lview_f002100.jpg,1
20260621_194844_BTJPSP_c007_lview_f002160.jpg,1
20260621_194844_BTJPSP_c007_lview_f002220.jpg,1
20260621_194844_BTJPSP_c007_lview_f002280.jpg,1
20260621_194844_BTJPSP_c007_lview_f002340.jpg,1
20260621_194844_BTJPSP_c007_lview_f002400.jpg,1
20260621_194844_BTJPSP_c007_lview_f002460.jpg,1
20260621_194844_BTJPSP_c007_lview_f002520.jpg,1
20260621_194844_BTJPSP_c007_lview_f002580.jpg,1
20260621_194844_BTJPSP_c007_lview_f002640.jpg,1
20260621_194844_BTJPSP_c007_lview_f002700.jpg,1
20260621_194844_BTJPSP_c007_lview_f002760.jpg,1
20260621_194844_BTJPSP_c007_lview_f002820.jpg,1
20260621_194844_BTJPSP_c007_lview_f002880.jpg,1
20260621_194844_BTJPSP_c007_lview_f002940.jpg,1
20260621_194844_BTJPSP_c007_lview_f003000.jpg,1
20260621_194844_BTJPSP_c007_lview_f003060.jpg,1
20260621_194844_BTJPSP_c007_lview_f003120.jpg,1
20260621_194844_BTJPSP_c007_lview_f003180.jpg,1
20260621_194844_BTJPSP_c007_lview_f003240.jpg,1
20260621_194844_BTJPSP_c007_lview_f003300.jpg,1
20260621_194844_BTJPSP_c007_lview_f003360.jpg,1
20260621_194844_BTJPSP_c007_lview_f003420.jpg,1
20260621_194844_BTJPSP_c007_lview_f003480.jpg,1
20260621_194844_BTJPSP_c007_lview_f003540.jpg,1
20260621_194844_BTJPSP_c007_lview_f003600.jpg,1
20260621_194844_BTJPSP_c007_lview_f003660.jpg,1
20260621_194844_BTJPSP_c007_lview_f003720.jpg,1
20260621_194844_BTJPSP_c007_lview_f003780.jpg,1
20260621_194844_BTJPSP_c007_lview_f003840.jpg,1
20260621_194844_BTJPSP_c007_lview_f003900.jpg,1
20260621_194844_BTJPSP_c007_lview_f003960.jpg,1
20260621_194844_BTJPSP_c007_lview_f004020.jpg,1
20260621_194844_BTJPSP_c007_lview_f004080.jpg,1
20260621_194844_BTJPSP_c007_lview_f004140.jpg,1
20260621_194844_BTJPSP_c007_lview_f004200.jpg,1
20260621_194844_BTJPSP_c007_lview_f004260.jpg,1
20260621_194844_BTJPSP_c007_lview_f004320.jpg,1
20260621_194844_BTJPSP_c007_lview_f004380.jpg,1
20260621_194844_BTJPSP_c007_lview_f004440.jpg,1
20260621_194844_BTJPSP_c007_lview_f004500.jpg,1
20260621_194844_BTJPSP_c007_lview_f004560.jpg,1
20260621_194844_BTJPSP_c007_lview_f004620.jpg,1
20260621_194844_BTJPSP_c007_lview_f004680.jpg,1
20260621_194844_BTJPSP_c007_lview_f004740.jpg,1
20260621_194844_BTJPSP_c007_lview_f004800.jpg,1
20260621_194844_BTJPSP_c007_lview_f004860.jpg,1
20260621_194844_BTJPSP_c007_lview_f004920.jpg,1
20260621_194844_BTJPSP_c007_lview_f004980.jpg,1
20260621_194844_BTJPSP_c007_lview_f005040.jpg,1
20260621_194844_BTJPSP_c007_lview_f005100.jpg,1
20260621_194844_BTJPSP_c007_lview_f005160.jpg,1
20260621_194844_BTJPSP_c007_lview_f005220.jpg,1
20260621_194844_BTJPSP_c007_lview_f005280.jpg,1
20260621_194844_BTJPSP_c007_lview_f005340.jpg,1
20260621_194844_BTJPSP_c007_lview_f005400.jpg,1
20260621_194844_BTJPSP_c007_lview_f005460.jpg,1
20260621_194844_BTJPSP_c007_lview_f005520.jpg,1
20260621_194844_BTJPSP_c007_lview_f005580.jpg,1
20260621_194844_BTJPSP_c007_lview_f005640.jpg,1
20260621_194844_BTJPSP_c007_lview_f005700.jpg,1
20260621_194844_BTJPSP_c007_lview_f005760.jpg,1
20260621_194844_BTJPSP_c007_lview_f005820.jpg,1
20260621_194844_BTJPSP_c007_lview_f005880.jpg,1
20260621_194844_BTJPSP_c007_lview_f005940.jpg,1
20260621_194844_BTJPSP_c007_lview_f006000.jpg,1
20260621_194844_BTJPSP_c007_lview_f006060.jpg,1
20260621_194844_BTJPSP_c007_lview_f006120.jpg,1
20260621_194844_BTJPSP_c007_lview_f006180.jpg,1
20260621_194844_BTJPSP_c007_lview_f006240.jpg,1
20260621_194844_BTJPSP_c007_lview_f006300.jpg,1
20260621_194844_BTJPSP_c007_lview_f006360.jpg,1
20260621_194844_BTJPSP_c007_lview_f006420.jpg,1
20260621_194844_BTJPSP_c007_lview_f006480.jpg,1
20260621_194844_BTJPSP_c007_lview_f006540.jpg,1
20260621_194844_BTJPSP_c007_lview_f006600.jpg,1
20260621_194844_BTJPSP_c007_lview_f006660.jpg,1
20260621_194844_BTJPSP_c007_lview_f006720.jpg,1
20260621_194844_BTJPSP_c007_lview_f006780.jpg,1
20260621_194844_BTJPSP_c007_lview_f006840.jpg,1
20260621_194844_BTJPSP_c007_lview_f006900.jpg,1
20260621_194844_BTJPSP_c007_lview_f006960.jpg,1
20260621_194844_BTJPSP_c007_lview_f007020.jpg,1
20260621_194844_BTJPSP_c007_lview_f007080.jpg,1
20260621_194844_BTJPSP_c007_lview_f007140.jpg,1
20260621_194844_BTJPSP_c007_lview_f007200.jpg,1
20260621_194844_BTJPSP_c007_lview_f007260.jpg,1
20260621_194844_BTJPSP_c007_lview_f007320.jpg,1
20260621_194844_BTJPSP_c007_lview_f007380.jpg,1
20260621_194844_BTJPSP_c007_lview_f007440.jpg,1
20260621_194844_BTJPSP_c007_lview_f007500.jpg,1
20260621_194844_BTJPSP_c007_lview_f007560.jpg,1
20260621_194844_BTJPSP_c007_lview_f007620.jpg,1
20260621_194844_BTJPSP_c007_lview_f007680.jpg,1
20260621_194844_BTJPSP_c007_lview_f007740.jpg,1
20260621_194844_BTJPSP_c007_lview_f007800.jpg,1
20260621_194844_BTJPSP_c007_lview_f007860.jpg,1
20260621_194844_BTJPSP_c007_lview_f007920.jpg,1
20260621_194844_BTJPSP_c007_lview_f007980.jpg,1
20260621_194844_BTJPSP_c007_lview_f008040.jpg,1
20260621_194844_BTJPSP_c007_lview_f008100.jpg,1
20260621_194844_BTJPSP_c007_lview_f008160.jpg,1
20260621_194844_BTJPSP_c007_lview_f008220.jpg,1
20260621_194844_BTJPSP_c007_lview_f008280.jpg,1
20260621_194844_BTJPSP_c007_lview_f008340.jpg,1
20260621_194844_BTJPSP_c007_lview_f008400.jpg,1
20260621_194844_BTJPSP_c007_lview_f008460.jpg,1
20260621_194844_BTJPSP_c007_lview_f008520.jpg,1
20260621_194844_BTJPSP_c007_lview_f008580.jpg,1
20260621_194844_BTJPSP_c007_lview_f008640.jpg,1
20260621_194844_BTJPSP_c007_lview_f008700.jpg,1
20260621_194844_BTJPSP_c007_lview_f008760.jpg,1
20260621_194844_BTJPSP_c007_lview_f008820.jpg,1
20260621_194844_BTJPSP_c007_lview_f008880.jpg,1
20260621_194844_BTJPSP_c007_lview_f008940.jpg,1
20260621_194844_BTJPSP_c007_lview_f009000.jpg,1
20260621_194844_BTJPSP_c007_lview_f009060.jpg,1
20260621_194844_BTJPSP_c007_lview_f009120.jpg,1
20260621_194844_BTJPSP_c007_lview_f009180.jpg,1
20260621_194844_BTJPSP_c007_lview_f009240.jpg,1
20260621_194844_BTJPSP_c007_lview_f009300.jpg,1
20260621_194844_BTJPSP_c007_lview_f009360.jpg,1
20260621_194844_BTJPSP_c007_lview_f009420.jpg,1
20260621_194844_BTJPSP_c007_lview_f009480.jpg,1
20260621_194844_BTJPSP_c007_lview_f009540.jpg,1
20260621_194844_BTJPSP_c007_lview_f009600.jpg,1
20260621_194844_BTJPSP_c007_lview_f009660.jpg,1
20260621_194844_BTJPSP_c007_lview_f009720.jpg,1
20260621_194844_BTJPSP_c007_lview_f009780.jpg,1
20260621_194844_BTJPSP_c007_lview_f009840.jpg,1
20260621_194844_BTJPSP_c007_lview_f009900.jpg,1
20260621_194844_BTJPSP_c007_lview_f009960.jpg,1
20260621_194844_BTJPSP_c007_lview_f010020.jpg,1
20260621_194844_BTJPSP_c007_lview_f010080.jpg,1
20260621_194844_BTJPSP_c007_lview_f010140.jpg,1
20260621_194844_BTJPSP_c007_lview_f010200.jpg,1
20260621_194844_BTJPSP_c007_lview_f010260.jpg,1
20260621_194844_BTJPSP_c007_lview_f010320.jpg,1
20260621_194844_BTJPSP_c007_lview_f010380.jpg,1
20260621_194844_BTJPSP_c007_lview_f010440.jpg,1
20260621_194844_BTJPSP_c007_lview_f010500.jpg,1
20260621_194844_BTJPSP_c007_lview_f010560.jpg,1
20260621_194844_BTJPSP_c007_lview_f010620.jpg,1
20260621_194844_BTJPSP_c007_lview_f010680.jpg,1
20260621_194844_BTJPSP_c007_lview_f010740.jpg,1
20260621_194844_BTJPSP_c007_lview_f010800.jpg,1
20260621_194844_BTJPSP_c007_lview_f010860.jpg,1
20260621_194844_BTJPSP_c007_lview_f010920.jpg,1
20260621_194844_BTJPSP_c007_lview_f010980.jpg,1
20260621_194844_BTJPSP_c007_lview_f011040.jpg,1
20260621_194844_BTJPSP_c007_lview_f011100.jpg,1
20260621_194844_BTJPSP_c025_lview_f000000.jpg,1
20260621_194844_BTJPSP_c025_lview_f000060.jpg,1
20260621_194844_BTJPSP_c025_lview_f000120.jpg,1
20260621_194844_BTJPSP_c025_lview_f000180.jpg,1
20260621_194844_BTJPSP_c025_lview_f000240.jpg,1
20260621_194844_BTJPSP_c025_lview_f000300.jpg,1
20260621_194844_BTJPSP_c025_lview_f000360.jpg,1
20260621_194844_BTJPSP_c025_lview_f000420.jpg,1
20260621_194844_BTJPSP_c025_lview_f000480.jpg,1
20260621_194844_BTJPSP_c025_lview_f000540.jpg,1
20260621_194844_BTJPSP_c025_lview_f000600.jpg,1
20260621_194844_BTJPSP_c025_lview_f000660.jpg,1
20260621_194844_BTJPSP_c025_lview_f000720.jpg,1
20260621_194844_BTJPSP_c025_lview_f000780.jpg,1
20260621_194844_BTJPSP_c025_lview_f000840.jpg,1
20260621_194844_BTJPSP_c025_lview_f000900.jpg,1
20260621_194844_BTJPSP_c025_lview_f000960.jpg,1
20260621_194844_BTJPSP_c025_lview_f001020.jpg,1
20260621_194844_BTJPSP_c025_lview_f001080.jpg,1
20260621_194844_BTJPSP_c025_lview_f001140.jpg,1
20260621_194844_BTJPSP_c025_lview_f001200.jpg,1
20260621_194844_BTJPSP_c025_lview_f001260.jpg,1
20260621_194844_BTJPSP_c025_lview_f001320.jpg,1
20260621_194844_BTJPSP_c025_lview_f001380.jpg,1
20260621_194844_BTJPSP_c025_lview_f001440.jpg,1
20260621_194844_BTJPSP_c025_lview_f001500.jpg,1
20260621_194844_BTJPSP_c025_lview_f001560.jpg,1
20260621_194844_BTJPSP_c025_lview_f001620.jpg,1
20260621_194844_BTJPSP_c025_lview_f001680.jpg,1
20260621_194844_BTJPSP_c025_lview_f001740.jpg,1
20260621_194844_BTJPSP_c025_lview_f001800.jpg,1
20260621_194844_BTJPSP_c025_lview_f001860.jpg,1
20260621_194844_BTJPSP_c025_lview_f001920.jpg,1
20260621_194844_BTJPSP_c025_lview_f001980.jpg,1
20260621_194844_BTJPSP_c025_lview_f002040.jpg,1
20260621_194844_BTJPSP_c025_lview_f002100.jpg,1
20260621_194844_BTJPSP_c025_lview_f002160.jpg,1
20260621_194844_BTJPSP_c025_lview_f002220.jpg,1
20260621_194844_BTJPSP_c025_lview_f002280.jpg,1
20260621_194844_BTJPSP_c025_lview_f002340.jpg,1
20260621_194844_BTJPSP_c025_lview_f002400.jpg,1
20260621_194844_BTJPSP_c025_lview_f002460.jpg,1
20260621_194844_BTJPSP_c025_lview_f002520.jpg,1
20260621_194844_BTJPSP_c025_lview_f002580.jpg,1
20260621_194844_BTJPSP_c025_lview_f002640.jpg,1
20260621_194844_BTJPSP_c025_lview_f002700.jpg,1
20260621_194844_BTJPSP_c025_lview_f002760.jpg,1
20260621_194844_BTJPSP_c025_lview_f002820.jpg,1
20260621_194844_BTJPSP_c025_lview_f002880.jpg,1
20260621_194844_BTJPSP_c025_lview_f002940.jpg,1
20260621_194844_BTJPSP_c025_lview_f003000.jpg,1
20260621_194844_BTJPSP_c025_lview_f003060.jpg,1
20260621_194844_BTJPSP_c025_lview_f003120.jpg,1
20260621_194844_BTJPSP_c025_lview_f003180.jpg,1
20260621_194844_BTJPSP_c025_lview_f003240.jpg,1
20260621_194844_BTJPSP_c025_lview_f003300.jpg,1
20260621_194844_BTJPSP_c025_lview_f003360.jpg,1
20260621_194844_BTJPSP_c025_lview_f003420.jpg,1
20260621_194844_BTJPSP_c025_lview_f003480.jpg,1
20260621_194844_BTJPSP_c025_lview_f003540.jpg,1
20260621_194844_BTJPSP_c025_lview_f003600.jpg,1
20260621_194844_BTJPSP_c025_lview_f003660.jpg,1
20260621_194844_BTJPSP_c025_lview_f003720.jpg,1
20260621_194844_BTJPSP_c025_lview_f003780.jpg,1
20260621_194844_BTJPSP_c025_lview_f003840.jpg,1
20260621_194844_BTJPSP_c025_lview_f003900.jpg,1
20260621_194844_BTJPSP_c025_lview_f003960.jpg,1
20260621_194844_BTJPSP_c025_lview_f004020.jpg,1
20260621_194844_BTJPSP_c025_lview_f004080.jpg,1
20260621_194844_BTJPSP_c025_lview_f004140.jpg,1
20260621_194844_BTJPSP_c025_lview_f004200.jpg,1
20260621_194844_BTJPSP_c025_lview_f004260.jpg,1
20260621_194844_BTJPSP_c025_lview_f004320.jpg,1
20260621_194844_BTJPSP_c025_lview_f004380.jpg,1
20260621_194844_BTJPSP_c025_lview_f004440.jpg,1
20260621_194844_BTJPSP_c025_lview_f004500.jpg,1
20260621_194844_BTJPSP_c025_lview_f004560.jpg,1
20260621_194844_BTJPSP_c025_lview_f004620.jpg,1
20260621_194844_BTJPSP_c025_lview_f004680.jpg,1
20260621_194844_BTJPSP_c025_lview_f004740.jpg,1
20260621_194844_BTJPSP_c025_lview_f004800.jpg,1
20260621_194844_BTJPSP_c025_lview_f004860.jpg,1
20260621_194844_BTJPSP_c025_lview_f004920.jpg,1
20260621_194844_BTJPSP_c025_lview_f004980.jpg,1
20260621_194844_BTJPSP_c025_lview_f005040.jpg,1
20260621_194844_BTJPSP_c025_lview_f005100.jpg,1
20260621_194844_BTJPSP_c025_lview_f005160.jpg,1
20260621_194844_BTJPSP_c025_lview_f005220.jpg,1
20260621_194844_BTJPSP_c025_lview_f005280.jpg,1
20260621_194844_BTJPSP_c025_lview_f005340.jpg,1
20260621_194844_BTJPSP_c025_lview_f005400.jpg,1
20260621_194844_BTJPSP_c025_lview_f005460.jpg,1
20260621_194844_BTJPSP_c025_lview_f005520.jpg,1
20260621_194844_BTJPSP_c025_lview_f005580.jpg,1
20260621_194844_BTJPSP_c025_lview_f005640.jpg,1
20260621_194844_BTJPSP_c025_lview_f005700.jpg,1
20260621_194844_BTJPSP_c025_lview_f005760.jpg,1
20260621_194844_BTJPSP_c025_lview_f005820.jpg,1
20260621_194844_BTJPSP_c025_lview_f005880.jpg,1
20260621_194844_BTJPSP_c025_lview_f005940.jpg,1
20260621_194844_BTJPSP_c025_lview_f006000.jpg,1
20260621_194844_BTJPSP_c025_lview_f006060.jpg,1
20260621_194844_BTJPSP_c025_lview_f006120.jpg,1
20260621_194844_BTJPSP_c025_lview_f006180.jpg,1
20260621_194844_BTJPSP_c025_lview_f006240.jpg,1
20260621_194844_BTJPSP_c025_lview_f006300.jpg,1
20260621_194844_BTJPSP_c025_lview_f006360.jpg,1
20260621_194844_BTJPSP_c025_lview_f006420.jpg,1
20260621_194844_BTJPSP_c025_lview_f006480.jpg,1
20260621_194844_BTJPSP_c025_lview_f006540.jpg,1
20260621_194844_BTJPSP_c025_lview_f006600.jpg,1
20260621_194844_BTJPSP_c025_lview_f006660.jpg,1
20260621_194844_BTJPSP_c025_lview_f006720.jpg,1
20260621_194844_BTJPSP_c025_lview_f006780.jpg,1
20260623_054943_KAMYUT_c026_lview_f000030.jpg,1
20260623_054943_KAMYUT_c026_lview_f000240.jpg,1
20260623_054943_KAMYUT_c026_lview_f000450.jpg,1
20260623_054943_KAMYUT_c026_lview_f000660.jpg,1
20260623_054943_KAMYUT_c026_lview_f000870.jpg,1
20260623_054943_KAMYUT_c026_lview_f001080.jpg,1
20260623_054943_KAMYUT_c026_lview_f001290.jpg,1
20260623_054943_KAMYUT_c026_lview_f001500.jpg,1
20260623_054943_KAMYUT_c026_lview_f001710.jpg,1
20260623_054943_KAMYUT_c026_lview_f001920.jpg,1
20260623_054943_KAMYUT_c026_lview_f002130.jpg,1
20260623_054943_KAMYUT_c026_lview_f002280.jpg,1
20260623_054943_KAMYUT_c026_lview_f002310.jpg,1
20260623_054943_KAMYUT_c026_lview_f002340.jpg,1
20260623_054943_KAMYUT_c026_lview_f002370.jpg,1
20260623_054943_KAMYUT_c026_lview_f002400.jpg,1
20260623_054943_KAMYUT_c026_lview_f002430.jpg,1
20260623_054943_KAMYUT_c026_lview_f002460.jpg,1
20260623_054943_KAMYUT_c026_lview_f002490.jpg,1
20260623_054943_KAMYUT_c026_lview_f002520.jpg,1
20260623_054943_KAMYUT_c026_lview_f002550.jpg,1
20260623_054943_KAMYUT_c026_lview_f002580.jpg,1
20260623_054943_KAMYUT_c026_lview_f002610.jpg,1
20260623_054943_KAMYUT_c026_lview_f002670.jpg,1
20260623_054943_KAMYUT_c026_lview_f002700.jpg,1
20260623_054943_KAMYUT_c026_lview_f002730.jpg,1
20260623_054943_KAMYUT_c026_lview_f002760.jpg,1
20260623_054943_KAMYUT_c026_lview_f002790.jpg,1
20260623_054943_KAMYUT_c026_lview_f002820.jpg,1
20260623_054943_KAMYUT_c026_lview_f002850.jpg,1
20260623_054943_KAMYUT_c026_lview_f002880.jpg,1
20260623_054943_KAMYUT_c026_lview_f002910.jpg,1
20260623_054943_KAMYUT_c026_lview_f002940.jpg,1
20260623_054943_KAMYUT_c026_lview_f002970.jpg,1
20260623_054943_KAMYUT_c026_lview_f003000.jpg,1
20260623_054943_KAMYUT_c026_lview_f003030.jpg,1
20260623_054943_KAMYUT_c026_lview_f003060.jpg,1
20260623_054943_KAMYUT_c026_lview_f003090.jpg,1
20260623_054943_KAMYUT_c026_lview_f003300.jpg,1
20260623_054943_KAMYUT_c026_lview_f003330.jpg,1
20260623_054943_KAMYUT_c026_lview_f003540.jpg,1
20260623_054943_KAMYUT_c026_lview_f003750.jpg,1
20260623_054943_KAMYUT_c026_lview_f003960.jpg,1
20260623_054943_KAMYUT_c026_lview_f004170.jpg,1
20260623_054943_KAMYUT_c026_lview_f004380.jpg,1
20260623_054943_KAMYUT_c026_lview_f004590.jpg,1
20260623_054943_KAMYUT_c026_lview_f004800.jpg,1
20260623_054943_KAMYUT_c026_lview_f005010.jpg,1
20260623_054943_KAMYUT_c026_lview_f005220.jpg,1
20260623_054943_KAMYUT_c026_lview_f005430.jpg,1
20260623_054943_KAMYUT_c026_lview_f005640.jpg,1
20260623_054943_KAMYUT_c026_lview_f005850.jpg,1
20260623_054943_KAMYUT_c026_lview_f006060.jpg,1
20260623_054943_KAMYUT_c026_lview_f006270.jpg,1
20260623_054943_KAMYUT_c026_lview_f006480.jpg,1
20260623_054943_KAMYUT_c026_lview_f006690.jpg,1
20260623_054943_KAMYUT_c026_lview_f006900.jpg,1
20260623_054943_KAMYUT_c026_lview_f007110.jpg,1
20260623_054943_KAMYUT_c026_lview_f007320.jpg,1
20260623_054943_KAMYUT_c026_lview_f007530.jpg,1
20260623_054943_KAMYUT_c026_lview_f007560.jpg,1
20260623_054943_KAMYUT_c026_lview_f007590.jpg,1
20260623_054943_KAMYUT_c026_lview_f007620.jpg,1
20260623_054943_KAMYUT_c026_lview_f007650.jpg,1
20260623_054943_KAMYUT_c026_lview_f007680.jpg,1
20260623_054943_KAMYUT_c026_lview_f007710.jpg,1
20260623_054943_KAMYUT_c026_lview_f007740.jpg,1
20260623_054943_KAMYUT_c026_lview_f007770.jpg,1
20260623_054943_KAMYUT_c026_lview_f007800.jpg,1
20260623_054943_KAMYUT_c026_lview_f007830.jpg,1
20260623_054943_KAMYUT_c026_lview_f007860.jpg,1
20260623_054943_KAMYUT_c026_lview_f007890.jpg,1
20260623_054943_KAMYUT_c026_lview_f007920.jpg,1
20260623_054943_KAMYUT_c026_lview_f007950.jpg,1
20260623_054943_KAMYUT_c026_lview_f007980.jpg,1
20260623_054943_KAMYUT_c026_lview_f008010.jpg,1
20260623_054943_KAMYUT_c026_lview_f008040.jpg,1
20260623_054943_KAMYUT_c026_lview_f008070.jpg,1
20260623_054943_KAMYUT_c026_lview_f008100.jpg,1
20260623_054943_KAMYUT_c026_lview_f008130.jpg,1
20260623_054943_KAMYUT_c026_lview_f008160.jpg,1
20260623_054943_KAMYUT_c026_lview_f008190.jpg,1
20260623_054943_KAMYUT_c026_lview_f008220.jpg,1
20260623_054943_KAMYUT_c026_lview_f008310.jpg,1
20260623_054943_KAMYUT_c026_lview_f008460.jpg,1
20260623_054943_KAMYUT_c026_lview_f008670.jpg,1
20260623_054943_KAMYUT_c026_lview_f008880.jpg,1
20260623_054943_KAMYUT_c026_lview_f008970.jpg,1
20260623_054943_KAMYUT_c026_lview_f009000.jpg,1
20260623_054943_KAMYUT_c026_lview_f009030.jpg,1
20260623_054943_KAMYUT_c026_lview_f009240.jpg,1
20260623_054943_KAMYUT_c026_lview_f009450.jpg,1
20260623_054943_KAMYUT_c026_lview_f009660.jpg,1
20260623_054943_KAMYUT_c026_lview_f009870.jpg,1
20260623_054943_KAMYUT_c026_lview_f010080.jpg,1
20260623_054943_KAMYUT_c026_lview_f010290.jpg,1
20260623_054943_KAMYUT_c026_lview_f010500.jpg,1
20260623_054943_KAMYUT_c026_lview_f010710.jpg,1
20260623_054943_KAMYUT_c026_rview_f000120.jpg,1
20260623_054943_KAMYUT_c026_rview_f000330.jpg,1
20260623_054943_KAMYUT_c026_rview_f000540.jpg,1
20260623_054943_KAMYUT_c026_rview_f000750.jpg,1
20260623_054943_KAMYUT_c026_rview_f000960.jpg,1
20260623_054943_KAMYUT_c026_rview_f001170.jpg,1
20260623_054943_KAMYUT_c026_rview_f001380.jpg,1
20260623_054943_KAMYUT_c026_rview_f001590.jpg,1
20260623_054943_KAMYUT_c026_rview_f001800.jpg,1
20260623_054943_KAMYUT_c026_rview_f002010.jpg,1
20260623_054943_KAMYUT_c026_rview_f002220.jpg,1
20260623_054943_KAMYUT_c026_rview_f002310.jpg,1
20260623_054943_KAMYUT_c026_rview_f002340.jpg,1
20260623_054943_KAMYUT_c026_rview_f002370.jpg,1
20260623_054943_KAMYUT_c026_rview_f002400.jpg,1
20260623_054943_KAMYUT_c026_rview_f002430.jpg,1
20260623_054943_KAMYUT_c026_rview_f002460.jpg,1
20260623_054943_KAMYUT_c026_rview_f002490.jpg,1
20260623_054943_KAMYUT_c026_rview_f002520.jpg,1
20260623_054943_KAMYUT_c026_rview_f002550.jpg,1
20260623_054943_KAMYUT_c026_rview_f002580.jpg,1
20260623_054943_KAMYUT_c026_rview_f002610.jpg,1
20260623_054943_KAMYUT_c026_rview_f002670.jpg,1
20260623_054943_KAMYUT_c026_rview_f002700.jpg,1
20260623_054943_KAMYUT_c026_rview_f002730.jpg,1
20260623_054943_KAMYUT_c026_rview_f002760.jpg,1
20260623_054943_KAMYUT_c026_rview_f002820.jpg,1
20260623_054943_KAMYUT_c026_rview_f002850.jpg,1
20260623_054943_KAMYUT_c026_rview_f002880.jpg,1
20260623_054943_KAMYUT_c026_rview_f002910.jpg,1
20260623_054943_KAMYUT_c026_rview_f002940.jpg,1
20260623_054943_KAMYUT_c026_rview_f002970.jpg,1
20260623_054943_KAMYUT_c026_rview_f003000.jpg,1
20260623_054943_KAMYUT_c026_rview_f003030.jpg,1
20260623_054943_KAMYUT_c026_rview_f003060.jpg,1
20260623_054943_KAMYUT_c026_rview_f003180.jpg,1
20260623_054943_KAMYUT_c026_rview_f003300.jpg,1
20260623_054943_KAMYUT_c026_rview_f003420.jpg,1
20260623_054943_KAMYUT_c026_rview_f003630.jpg,1
20260623_054943_KAMYUT_c026_rview_f003840.jpg,1
20260623_054943_KAMYUT_c026_rview_f004050.jpg,1
20260623_054943_KAMYUT_c026_rview_f004260.jpg,1
20260623_054943_KAMYUT_c026_rview_f004470.jpg,1
20260623_054943_KAMYUT_c026_rview_f004680.jpg,1
20260623_054943_KAMYUT_c026_rview_f004890.jpg,1
20260623_054943_KAMYUT_c026_rview_f005100.jpg,1
20260623_054943_KAMYUT_c026_rview_f005310.jpg,1
20260623_054943_KAMYUT_c026_rview_f005520.jpg,1
20260623_054943_KAMYUT_c026_rview_f005730.jpg,1
20260623_054943_KAMYUT_c026_rview_f005940.jpg,1
20260623_054943_KAMYUT_c026_rview_f006150.jpg,1
20260623_054943_KAMYUT_c026_rview_f006360.jpg,1
20260623_054943_KAMYUT_c026_rview_f006570.jpg,1
20260623_054943_KAMYUT_c026_rview_f006780.jpg,1
20260623_054943_KAMYUT_c026_rview_f006990.jpg,1
20260623_054943_KAMYUT_c026_rview_f007200.jpg,1
20260623_054943_KAMYUT_c026_rview_f007410.jpg,1
20260623_054943_KAMYUT_c026_rview_f007560.jpg,1
20260623_054943_KAMYUT_c026_rview_f007590.jpg,1
20260623_054943_KAMYUT_c026_rview_f007620.jpg,1
20260623_054943_KAMYUT_c026_rview_f007650.jpg,1
20260623_054943_KAMYUT_c026_rview_f007680.jpg,1
20260623_054943_KAMYUT_c026_rview_f007710.jpg,1
20260623_054943_KAMYUT_c026_rview_f007740.jpg,1
20260623_054943_KAMYUT_c026_rview_f007770.jpg,1
20260623_054943_KAMYUT_c026_rview_f007800.jpg,1
20260623_054943_KAMYUT_c026_rview_f007830.jpg,1
20260623_054943_KAMYUT_c026_rview_f007860.jpg,1
20260623_054943_KAMYUT_c026_rview_f007890.jpg,1
20260623_054943_KAMYUT_c026_rview_f007920.jpg,1
20260623_054943_KAMYUT_c026_rview_f007950.jpg,1
20260623_054943_KAMYUT_c026_rview_f007980.jpg,1
20260623_054943_KAMYUT_c026_rview_f008010.jpg,1
20260623_054943_KAMYUT_c026_rview_f008040.jpg,1
20260623_054943_KAMYUT_c026_rview_f008070.jpg,1
20260623_054943_KAMYUT_c026_rview_f008100.jpg,1
20260623_054943_KAMYUT_c026_rview_f008130.jpg,1
20260623_054943_KAMYUT_c026_rview_f008160.jpg,1
20260623_054943_KAMYUT_c026_rview_f008190.jpg,1
20260623_054943_KAMYUT_c026_rview_f008220.jpg,1
20260623_054943_KAMYUT_c026_rview_f008310.jpg,1
20260623_054943_KAMYUT_c026_rview_f008340.jpg,1
20260623_054943_KAMYUT_c026_rview_f008550.jpg,1
20260623_054943_KAMYUT_c026_rview_f008760.jpg,1
20260623_054943_KAMYUT_c026_rview_f009000.jpg,1
20260623_054943_KAMYUT_c026_rview_f009120.jpg,1
20260623_054943_KAMYUT_c026_rview_f009330.jpg,1
20260623_054943_KAMYUT_c026_rview_f009540.jpg,1
20260623_054943_KAMYUT_c026_rview_f009750.jpg,1
20260623_054943_KAMYUT_c026_rview_f009960.jpg,1
20260623_054943_KAMYUT_c026_rview_f010170.jpg,1
20260623_054943_KAMYUT_c026_rview_f010380.jpg,1
20260623_054943_KAMYUT_c026_rview_f010590.jpg,1
20260628_053521_ZNSDHD_c014_lview_f000120.jpg,1
20260628_053521_ZNSDHD_c014_lview_f000330.jpg,1
20260628_053521_ZNSDHD_c014_lview_f000540.jpg,1
20260628_053521_ZNSDHD_c014_lview_f000750.jpg,1
20260628_053521_ZNSDHD_c014_lview_f000960.jpg,1
20260628_053521_ZNSDHD_c014_lview_f001170.jpg,1
20260628_053521_ZNSDHD_c014_lview_f001350.jpg,1
20260628_053521_ZNSDHD_c014_lview_f001410.jpg,1
20260628_053521_ZNSDHD_c014_lview_f001440.jpg,1
20260628_053521_ZNSDHD_c014_lview_f001530.jpg,1
20260628_053521_ZNSDHD_c014_lview_f001740.jpg,1
20260628_053521_ZNSDHD_c014_lview_f001950.jpg,1
20260628_053521_ZNSDHD_c014_lview_f002160.jpg,1
20260628_053521_ZNSDHD_c014_lview_f002370.jpg,1
20260628_053521_ZNSDHD_c014_lview_f002580.jpg,1
20260628_053521_ZNSDHD_c014_lview_f002790.jpg,1
20260628_053521_ZNSDHD_c014_lview_f003000.jpg,1
20260628_053521_ZNSDHD_c014_lview_f003210.jpg,1
20260628_053521_ZNSDHD_c014_lview_f003420.jpg,1
20260628_053521_ZNSDHD_c014_lview_f003630.jpg,1
20260628_053521_ZNSDHD_c014_lview_f003840.jpg,1
20260628_053521_ZNSDHD_c014_lview_f004050.jpg,1
20260628_053521_ZNSDHD_c014_lview_f004260.jpg,1
20260628_053521_ZNSDHD_c014_lview_f004590.jpg,1
20260628_053521_ZNSDHD_c014_lview_f004620.jpg,1
20260628_053521_ZNSDHD_c014_lview_f004650.jpg,1
20260628_053521_ZNSDHD_c014_lview_f004860.jpg,1
20260628_053521_ZNSDHD_c014_lview_f005070.jpg,1
20260628_053521_ZNSDHD_c014_lview_f005280.jpg,1
20260628_053521_ZNSDHD_c014_lview_f005490.jpg,1
20260628_053521_ZNSDHD_c014_lview_f005700.jpg,1
20260628_053521_ZNSDHD_c014_lview_f005910.jpg,1
20260628_053521_ZNSDHD_c014_lview_f006120.jpg,1
20260628_053521_ZNSDHD_c014_lview_f006330.jpg,1
20260628_053521_ZNSDHD_c014_lview_f006540.jpg,1
20260628_053521_ZNSDHD_c014_lview_f006750.jpg,1
20260628_053521_ZNSDHD_c014_lview_f006960.jpg,1
20260628_053521_ZNSDHD_c014_lview_f007170.jpg,1
20260628_053521_ZNSDHD_c014_lview_f007380.jpg,1
20260628_053521_ZNSDHD_c014_lview_f007590.jpg,1
20260628_053521_ZNSDHD_c014_lview_f007770.jpg,1
20260628_053521_ZNSDHD_c014_lview_f007830.jpg,1
20260628_053521_ZNSDHD_c014_lview_f008040.jpg,1
20260628_053521_ZNSDHD_c014_lview_f008250.jpg,1
20260628_053521_ZNSDHD_c014_lview_f008460.jpg,1
20260628_053521_ZNSDHD_c014_lview_f008670.jpg,1
20260628_053521_ZNSDHD_c014_lview_f008880.jpg,1
20260628_053521_ZNSDHD_c014_lview_f009090.jpg,1
20260628_053521_ZNSDHD_c014_lview_f009300.jpg,1
20260628_053521_ZNSDHD_c014_lview_f009510.jpg,1
20260628_053521_ZNSDHD_c014_lview_f009720.jpg,1
20260628_053521_ZNSDHD_c014_lview_f009930.jpg,1
20260628_053521_ZNSDHD_c014_lview_f010140.jpg,1
20260628_053521_ZNSDHD_c014_lview_f010350.jpg,1
20260628_053521_ZNSDHD_c014_lview_f010560.jpg,1
20260628_053521_ZNSDHD_c014_lview_f010770.jpg,1
20260628_053521_ZNSDHD_c014_rview_f000000.jpg,1
20260628_053521_ZNSDHD_c014_rview_f000210.jpg,1
20260628_053521_ZNSDHD_c014_rview_f000420.jpg,1
20260628_053521_ZNSDHD_c014_rview_f000630.jpg,1
20260628_053521_ZNSDHD_c014_rview_f000840.jpg,1
20260628_053521_ZNSDHD_c014_rview_f001050.jpg,1
20260628_053521_ZNSDHD_c014_rview_f001260.jpg,1
20260628_053521_ZNSDHD_c014_rview_f001350.jpg,1
20260628_053521_ZNSDHD_c014_rview_f001620.jpg,1
20260628_053521_ZNSDHD_c014_rview_f001830.jpg,1
20260628_053521_ZNSDHD_c014_rview_f002040.jpg,1
20260628_053521_ZNSDHD_c014_rview_f002250.jpg,1
20260628_053521_ZNSDHD_c014_rview_f002460.jpg,1
20260628_053521_ZNSDHD_c014_rview_f002670.jpg,1
20260628_053521_ZNSDHD_c014_rview_f002880.jpg,1
20260628_053521_ZNSDHD_c014_rview_f003090.jpg,1
20260628_053521_ZNSDHD_c014_rview_f003300.jpg,1
20260628_053521_ZNSDHD_c014_rview_f003510.jpg,1
20260628_053521_ZNSDHD_c014_rview_f003720.jpg,1
20260628_053521_ZNSDHD_c014_rview_f003930.jpg,1
20260628_053521_ZNSDHD_c014_rview_f004140.jpg,1
20260628_053521_ZNSDHD_c014_rview_f004350.jpg,1
20260628_053521_ZNSDHD_c014_rview_f004440.jpg,1
20260628_053521_ZNSDHD_c014_rview_f004470.jpg,1
20260628_053521_ZNSDHD_c014_rview_f004590.jpg,1
20260628_053521_ZNSDHD_c014_rview_f004620.jpg,1
20260628_053521_ZNSDHD_c014_rview_f004740.jpg,1
20260628_053521_ZNSDHD_c014_rview_f004950.jpg,1
20260628_053521_ZNSDHD_c014_rview_f005160.jpg,1
20260628_053521_ZNSDHD_c014_rview_f005370.jpg,1
20260628_053521_ZNSDHD_c014_rview_f005580.jpg,1
20260628_053521_ZNSDHD_c014_rview_f005790.jpg,1
20260628_053521_ZNSDHD_c014_rview_f006000.jpg,1
20260628_053521_ZNSDHD_c014_rview_f006210.jpg,1
20260628_053521_ZNSDHD_c014_rview_f006420.jpg,1
20260628_053521_ZNSDHD_c014_rview_f006630.jpg,1
20260628_053521_ZNSDHD_c014_rview_f006840.jpg,1
20260628_053521_ZNSDHD_c014_rview_f007050.jpg,1
20260628_053521_ZNSDHD_c014_rview_f007260.jpg,1
20260628_053521_ZNSDHD_c014_rview_f007470.jpg,1
20260628_053521_ZNSDHD_c014_rview_f007680.jpg,1
20260628_053521_ZNSDHD_c014_rview_f007770.jpg,1
20260628_053521_ZNSDHD_c014_rview_f007920.jpg,1
20260628_053521_ZNSDHD_c014_rview_f008130.jpg,1
20260628_053521_ZNSDHD_c014_rview_f008340.jpg,1
20260628_053521_ZNSDHD_c014_rview_f008550.jpg,1
20260628_053521_ZNSDHD_c014_rview_f008760.jpg,1
20260628_053521_ZNSDHD_c014_rview_f008970.jpg,1
20260628_053521_ZNSDHD_c014_rview_f009180.jpg,1
20260628_053521_ZNSDHD_c014_rview_f009390.jpg,1
20260628_053521_ZNSDHD_c014_rview_f009600.jpg,1
20260628_053521_ZNSDHD_c014_rview_f009810.jpg,1
20260628_053521_ZNSDHD_c014_rview_f010020.jpg,1
20260628_053521_ZNSDHD_c014_rview_f010230.jpg,1
20260628_053521_ZNSDHD_c014_rview_f010440.jpg,1
20260628_053521_ZNSDHD_c014_rview_f010650.jpg,1
20260628_053521_ZNSDHD_c015_lview_f000180.jpg,1
20260628_053521_ZNSDHD_c015_lview_f000390.jpg,1
20260628_053521_ZNSDHD_c015_lview_f000600.jpg,1
20260628_053521_ZNSDHD_c015_lview_f000810.jpg,1
20260628_053521_ZNSDHD_c015_lview_f000840.jpg,1
20260628_053521_ZNSDHD_c015_lview_f000870.jpg,1
20260628_053521_ZNSDHD_c015_lview_f001080.jpg,1
20260628_053521_ZNSDHD_c015_lview_f001290.jpg,1
20260628_053521_ZNSDHD_c015_lview_f001500.jpg,1
20260628_053521_ZNSDHD_c015_lview_f001710.jpg,1
20260628_053521_ZNSDHD_c015_lview_f001920.jpg,1
20260628_053521_ZNSDHD_c015_lview_f002130.jpg,1
20260628_053521_ZNSDHD_c015_lview_f002220.jpg,1
20260628_053521_ZNSDHD_c015_lview_f002250.jpg,1
20260628_053521_ZNSDHD_c015_lview_f002400.jpg,1
20260628_053521_ZNSDHD_c015_lview_f002610.jpg,1
20260628_053521_ZNSDHD_c015_lview_f002820.jpg,1
20260628_053521_ZNSDHD_c015_lview_f003030.jpg,1
20260628_053521_ZNSDHD_c015_lview_f003240.jpg,1
20260628_053521_ZNSDHD_c015_lview_f003450.jpg,1
20260628_053521_ZNSDHD_c015_lview_f003660.jpg,1
20260628_053521_ZNSDHD_c015_lview_f003840.jpg,1
20260628_053521_ZNSDHD_c015_lview_f003870.jpg,1
20260628_053521_ZNSDHD_c015_lview_f003930.jpg,1
20260628_053521_ZNSDHD_c015_lview_f004140.jpg,1
20260628_053521_ZNSDHD_c015_lview_f004350.jpg,1
20260628_053521_ZNSDHD_c015_lview_f004560.jpg,1
20260628_053521_ZNSDHD_c015_lview_f004770.jpg,1
20260628_053521_ZNSDHD_c015_lview_f004980.jpg,1
20260628_053521_ZNSDHD_c015_lview_f005190.jpg,1
20260628_053521_ZNSDHD_c015_lview_f005400.jpg,1
20260628_053521_ZNSDHD_c015_lview_f005610.jpg,1
20260628_053521_ZNSDHD_c015_lview_f005820.jpg,1
20260628_053521_ZNSDHD_c015_lview_f006030.jpg,1
20260628_053521_ZNSDHD_c015_lview_f006090.jpg,1
20260628_053521_ZNSDHD_c015_lview_f006270.jpg,1
20260628_053521_ZNSDHD_c015_lview_f006480.jpg,1
20260628_053521_ZNSDHD_c015_lview_f006690.jpg,1
20260628_053521_ZNSDHD_c015_lview_f006900.jpg,1
20260628_053521_ZNSDHD_c015_lview_f007020.jpg,1
20260628_053521_ZNSDHD_c015_lview_f007260.jpg,1
20260628_053521_ZNSDHD_c015_lview_f007470.jpg,1
20260628_053521_ZNSDHD_c015_lview_f007680.jpg,1
20260628_053521_ZNSDHD_c015_lview_f007890.jpg,1
20260628_053521_ZNSDHD_c015_lview_f007950.jpg,1
20260628_053521_ZNSDHD_c015_lview_f007980.jpg,1
20260628_053521_ZNSDHD_c015_lview_f008010.jpg,1
20260628_053521_ZNSDHD_c015_lview_f008040.jpg,1
20260628_053521_ZNSDHD_c015_lview_f008220.jpg,1
20260628_053521_ZNSDHD_c015_lview_f008430.jpg,1
20260628_053521_ZNSDHD_c015_lview_f008640.jpg,1
20260628_053521_ZNSDHD_c015_lview_f008850.jpg,1
20260628_053521_ZNSDHD_c015_lview_f009060.jpg,1
20260628_053521_ZNSDHD_c015_lview_f009270.jpg,1
20260628_053521_ZNSDHD_c015_lview_f009480.jpg,1
20260628_053521_ZNSDHD_c015_lview_f009690.jpg,1
20260628_053521_ZNSDHD_c015_lview_f009900.jpg,1
20260628_053521_ZNSDHD_c015_lview_f009990.jpg,1
20260628_053521_ZNSDHD_c015_lview_f010020.jpg,1
20260628_053521_ZNSDHD_c015_lview_f010050.jpg,1
20260628_053521_ZNSDHD_c015_lview_f010080.jpg,1
20260628_053521_ZNSDHD_c015_lview_f010230.jpg,1
20260628_053521_ZNSDHD_c015_lview_f010440.jpg,1
20260628_053521_ZNSDHD_c015_lview_f010650.jpg,1
20260628_053521_ZNSDHD_c015_lview_f010680.jpg,1
20260628_053521_ZNSDHD_c015_rview_f000060.jpg,1
20260628_053521_ZNSDHD_c015_rview_f000270.jpg,1
20260628_053521_ZNSDHD_c015_rview_f000480.jpg,1
20260628_053521_ZNSDHD_c015_rview_f000690.jpg,1
20260628_053521_ZNSDHD_c015_rview_f000810.jpg,1
20260628_053521_ZNSDHD_c015_rview_f000840.jpg,1
20260628_053521_ZNSDHD_c015_rview_f000960.jpg,1
20260628_053521_ZNSDHD_c015_rview_f001170.jpg,1
20260628_053521_ZNSDHD_c015_rview_f001380.jpg,1
20260628_053521_ZNSDHD_c015_rview_f001590.jpg,1
20260628_053521_ZNSDHD_c015_rview_f001800.jpg,1
20260628_053521_ZNSDHD_c015_rview_f002010.jpg,1
20260628_053521_ZNSDHD_c015_rview_f002220.jpg,1
20260628_053521_ZNSDHD_c015_rview_f002250.jpg,1
20260628_053521_ZNSDHD_c015_rview_f002280.jpg,1
20260628_053521_ZNSDHD_c015_rview_f002490.jpg,1
20260628_053521_ZNSDHD_c015_rview_f002700.jpg,1
20260628_053521_ZNSDHD_c015_rview_f002910.jpg,1
20260628_053521_ZNSDHD_c015_rview_f003120.jpg,1
20260628_053521_ZNSDHD_c015_rview_f003330.jpg,1
20260628_053521_ZNSDHD_c015_rview_f003540.jpg,1
20260628_053521_ZNSDHD_c015_rview_f003750.jpg,1
20260628_053521_ZNSDHD_c015_rview_f003840.jpg,1
20260628_053521_ZNSDHD_c015_rview_f003870.jpg,1
20260628_053521_ZNSDHD_c015_rview_f004020.jpg,1
20260628_053521_ZNSDHD_c015_rview_f004230.jpg,1
20260628_053521_ZNSDHD_c015_rview_f004440.jpg,1
20260628_053521_ZNSDHD_c015_rview_f004650.jpg,1
20260628_053521_ZNSDHD_c015_rview_f004860.jpg,1
20260628_053521_ZNSDHD_c015_rview_f005070.jpg,1
20260628_053521_ZNSDHD_c015_rview_f005280.jpg,1
20260628_053521_ZNSDHD_c015_rview_f005490.jpg,1
20260628_053521_ZNSDHD_c015_rview_f005700.jpg,1
20260628_053521_ZNSDHD_c015_rview_f005910.jpg,1
20260628_053521_ZNSDHD_c015_rview_f006120.jpg,1
20260628_053521_ZNSDHD_c015_rview_f006150.jpg,1
20260628_053521_ZNSDHD_c015_rview_f006360.jpg,1
20260628_053521_ZNSDHD_c015_rview_f006570.jpg,1
20260628_053521_ZNSDHD_c015_rview_f006780.jpg,1
20260628_053521_ZNSDHD_c015_rview_f006990.jpg,1
20260628_053521_ZNSDHD_c015_rview_f007020.jpg,1
20260628_053521_ZNSDHD_c015_rview_f007050.jpg,1
20260628_053521_ZNSDHD_c015_rview_f007140.jpg,1
20260628_053521_ZNSDHD_c015_rview_f007350.jpg,1
20260628_053521_ZNSDHD_c015_rview_f007560.jpg,1
20260628_053521_ZNSDHD_c015_rview_f007770.jpg,1
20260628_053521_ZNSDHD_c015_rview_f007950.jpg,1
20260628_053521_ZNSDHD_c015_rview_f007980.jpg,1
20260628_053521_ZNSDHD_c015_rview_f008010.jpg,1
20260628_053521_ZNSDHD_c015_rview_f008040.jpg,1
20260628_053521_ZNSDHD_c015_rview_f008100.jpg,1
20260628_053521_ZNSDHD_c015_rview_f008310.jpg,1
20260628_053521_ZNSDHD_c015_rview_f008520.jpg,1
20260628_053521_ZNSDHD_c015_rview_f008730.jpg,1
20260628_053521_ZNSDHD_c015_rview_f008940.jpg,1
20260628_053521_ZNSDHD_c015_rview_f009150.jpg,1
20260628_053521_ZNSDHD_c015_rview_f009360.jpg,1
20260628_053521_ZNSDHD_c015_rview_f009570.jpg,1
20260628_053521_ZNSDHD_c015_rview_f009780.jpg,1
20260628_053521_ZNSDHD_c015_rview_f009990.jpg,1
20260628_053521_ZNSDHD_c015_rview_f010020.jpg,1
20260628_053521_ZNSDHD_c015_rview_f010050.jpg,1
20260628_053521_ZNSDHD_c015_rview_f010080.jpg,1
20260628_053521_ZNSDHD_c015_rview_f010110.jpg,1
20260628_053521_ZNSDHD_c015_rview_f010320.jpg,1
20260628_053521_ZNSDHD_c015_rview_f010530.jpg,1
20260628_053521_ZNSDHD_c015_rview_f010650.jpg,1
20260628_053521_ZNSDHD_c015_rview_f010770.jpg,1
20260704_002023_RKWCSZ_c017_lview_f000090.jpg,1
20260704_002023_RKWCSZ_c017_lview_f000300.jpg,1
20260704_002023_RKWCSZ_c017_lview_f000510.jpg,1
20260704_002023_RKWCSZ_c017_lview_f000540.jpg,1
20260704_002023_RKWCSZ_c017_lview_f000630.jpg,1
20260704_002023_RKWCSZ_c017_lview_f000840.jpg,1
20260704_002023_RKWCSZ_c017_lview_f001050.jpg,1
20260704_002023_RKWCSZ_c017_lview_f001080.jpg,1
20260704_002023_RKWCSZ_c017_lview_f001230.jpg,1
20260704_002023_RKWCSZ_c017_lview_f001320.jpg,1
20260704_002023_RKWCSZ_c017_lview_f001410.jpg,1
20260704_002023_RKWCSZ_c017_lview_f001470.jpg,1
20260704_002023_RKWCSZ_c017_lview_f001590.jpg,1
20260704_002023_RKWCSZ_c017_lview_f001710.jpg,1
20260704_002023_RKWCSZ_c017_lview_f001920.jpg,1
20260704_002023_RKWCSZ_c017_lview_f002040.jpg,1
20260704_002023_RKWCSZ_c017_lview_f002160.jpg,1
20260704_002023_RKWCSZ_c017_lview_f002370.jpg,1
20260704_002023_RKWCSZ_c017_lview_f002490.jpg,1
20260704_002023_RKWCSZ_c017_lview_f002520.jpg,1
20260704_002023_RKWCSZ_c017_lview_f002640.jpg,1
20260704_002023_RKWCSZ_c017_lview_f002730.jpg,1
20260704_002023_RKWCSZ_c017_lview_f002880.jpg,1
20260704_002023_RKWCSZ_c017_lview_f002910.jpg,1
20260704_002023_RKWCSZ_c017_lview_f003180.jpg,1
20260704_002023_RKWCSZ_c017_lview_f003210.jpg,1
20260704_002023_RKWCSZ_c017_lview_f003300.jpg,1
20260704_002023_RKWCSZ_c017_lview_f003420.jpg,1
20260704_002023_RKWCSZ_c017_lview_f003450.jpg,1
20260704_002023_RKWCSZ_c017_lview_f003570.jpg,1
20260704_002023_RKWCSZ_c017_lview_f003780.jpg,1
20260704_002023_RKWCSZ_c017_lview_f003810.jpg,1
20260704_002023_RKWCSZ_c017_lview_f003840.jpg,1
20260704_002023_RKWCSZ_c017_lview_f003900.jpg,1
20260704_002023_RKWCSZ_c017_lview_f004080.jpg,1
20260704_002023_RKWCSZ_c017_lview_f004110.jpg,1
20260704_002023_RKWCSZ_c017_lview_f004140.jpg,1
20260704_002023_RKWCSZ_c017_lview_f004350.jpg,1
20260704_002023_RKWCSZ_c017_lview_f004560.jpg,1
20260704_002023_RKWCSZ_c017_lview_f004770.jpg,1
20260704_002023_RKWCSZ_c017_lview_f004800.jpg,1
20260704_002023_RKWCSZ_c017_lview_f004860.jpg,1
20260704_002023_RKWCSZ_c017_lview_f005040.jpg,1
20260704_002023_RKWCSZ_c017_lview_f005070.jpg,1
20260704_002023_RKWCSZ_c017_lview_f005100.jpg,1
20260704_002023_RKWCSZ_c017_lview_f005190.jpg,1
20260704_002023_RKWCSZ_c017_lview_f005250.jpg,1
20260704_002023_RKWCSZ_c017_lview_f005310.jpg,1
20260704_002023_RKWCSZ_c017_lview_f005340.jpg,1
20260704_002023_RKWCSZ_c017_lview_f005400.jpg,1
20260704_002023_RKWCSZ_c017_lview_f005430.jpg,1
20260704_002023_RKWCSZ_c017_lview_f005460.jpg,1
20260704_002023_RKWCSZ_c017_lview_f005520.jpg,1
20260704_002023_RKWCSZ_c017_lview_f005550.jpg,1
20260704_002023_RKWCSZ_c017_lview_f005580.jpg,1
20260704_002023_RKWCSZ_c017_lview_f005610.jpg,1
20260704_002023_RKWCSZ_c017_lview_f005670.jpg,1
20260704_002023_RKWCSZ_c017_lview_f005700.jpg,1
20260704_002023_RKWCSZ_c017_lview_f005730.jpg,1
20260704_002023_RKWCSZ_c017_lview_f005760.jpg,1
20260704_002023_RKWCSZ_c017_lview_f005790.jpg,1
20260704_002023_RKWCSZ_c017_lview_f005850.jpg,1
20260704_002023_RKWCSZ_c017_lview_f005880.jpg,1
20260704_002023_RKWCSZ_c017_lview_f005940.jpg,1
20260704_002023_RKWCSZ_c017_lview_f006000.jpg,1
20260704_002023_RKWCSZ_c017_lview_f006090.jpg,1
20260704_002023_RKWCSZ_c017_lview_f006210.jpg,1
20260704_002023_RKWCSZ_c017_lview_f006330.jpg,1
20260704_002023_RKWCSZ_c017_lview_f006360.jpg,1
20260704_002023_RKWCSZ_c017_lview_f006420.jpg,1
20260704_002023_RKWCSZ_c017_lview_f006660.jpg,1
20260704_002023_RKWCSZ_c017_lview_f006690.jpg,1
20260704_002023_RKWCSZ_c017_lview_f006720.jpg,1
20260704_002023_RKWCSZ_c017_lview_f006930.jpg,1
20260704_002023_RKWCSZ_c017_lview_f006960.jpg,1
20260704_002023_RKWCSZ_c017_lview_f006990.jpg,1
20260704_002023_RKWCSZ_c017_lview_f007050.jpg,1
20260704_002023_RKWCSZ_c017_lview_f007140.jpg,1
20260704_002023_RKWCSZ_c017_lview_f007170.jpg,1
20260704_002023_RKWCSZ_c017_lview_f007230.jpg,1
20260704_002023_RKWCSZ_c017_lview_f007260.jpg,1
20260704_002023_RKWCSZ_c017_lview_f007350.jpg,1
20260704_002023_RKWCSZ_c017_lview_f007440.jpg,1
20260704_002023_RKWCSZ_c017_lview_f007470.jpg,1
20260704_002023_RKWCSZ_c017_lview_f007530.jpg,1
20260704_002023_RKWCSZ_c017_lview_f007590.jpg,1
20260704_002023_RKWCSZ_c017_lview_f007620.jpg,1
20260704_002023_RKWCSZ_c017_lview_f007650.jpg,1
20260704_002023_RKWCSZ_c017_lview_f007680.jpg,1
20260704_002023_RKWCSZ_c017_lview_f007770.jpg,1
20260704_002023_RKWCSZ_c017_lview_f007800.jpg,1
20260704_002023_RKWCSZ_c017_lview_f007830.jpg,1
20260704_002023_RKWCSZ_c017_lview_f007860.jpg,1
20260704_002023_RKWCSZ_c017_lview_f007920.jpg,1
20260704_002023_RKWCSZ_c017_lview_f007950.jpg,1
20260704_002023_RKWCSZ_c017_lview_f007980.jpg,1
20260704_002023_RKWCSZ_c017_lview_f008010.jpg,1
20260704_002023_RKWCSZ_c017_lview_f008040.jpg,1
20260704_002023_RKWCSZ_c017_lview_f008070.jpg,1
20260704_002023_RKWCSZ_c017_lview_f008100.jpg,1
20260704_002023_RKWCSZ_c017_lview_f008160.jpg,1
20260704_002023_RKWCSZ_c017_lview_f008220.jpg,1
20260704_002023_RKWCSZ_c017_lview_f008430.jpg,1
20260704_002023_RKWCSZ_c017_lview_f008490.jpg,1
20260704_002023_RKWCSZ_c017_lview_f008520.jpg,1
20260704_002023_RKWCSZ_c017_lview_f008550.jpg,1
20260704_002023_RKWCSZ_c017_lview_f008580.jpg,1
20260704_002023_RKWCSZ_c017_lview_f008610.jpg,1
20260704_002023_RKWCSZ_c017_lview_f008640.jpg,1
20260704_002023_RKWCSZ_c017_lview_f008670.jpg,1
20260704_002023_RKWCSZ_c017_lview_f008700.jpg,1
20260704_002023_RKWCSZ_c017_lview_f008760.jpg,1
20260704_002023_RKWCSZ_c017_lview_f008790.jpg,1
20260704_002023_RKWCSZ_c017_lview_f009000.jpg,1
20260704_002023_RKWCSZ_c017_lview_f009120.jpg,1
20260704_002023_RKWCSZ_c017_lview_f009150.jpg,1
20260704_002023_RKWCSZ_c017_lview_f009300.jpg,1
20260704_002023_RKWCSZ_c017_lview_f009360.jpg,1
20260704_002023_RKWCSZ_c017_lview_f009390.jpg,1
20260704_002023_RKWCSZ_c017_lview_f009420.jpg,1
20260704_002023_RKWCSZ_c017_lview_f009450.jpg,1
20260704_002023_RKWCSZ_c017_lview_f009510.jpg,1
20260704_002023_RKWCSZ_c017_lview_f009570.jpg,1
20260704_002023_RKWCSZ_c017_lview_f009600.jpg,1
20260704_002023_RKWCSZ_c017_lview_f009630.jpg,1
20260704_002023_RKWCSZ_c017_lview_f009660.jpg,1
20260704_002023_RKWCSZ_c017_lview_f009690.jpg,1
20260704_002023_RKWCSZ_c017_lview_f009780.jpg,1
20260704_002023_RKWCSZ_c017_lview_f009810.jpg,1
20260704_002023_RKWCSZ_c017_lview_f009840.jpg,1
20260704_002023_RKWCSZ_c017_lview_f009900.jpg,1
20260704_002023_RKWCSZ_c017_lview_f009990.jpg,1
20260704_002023_RKWCSZ_c017_lview_f010050.jpg,1
20260704_002023_RKWCSZ_c017_lview_f010260.jpg,1
20260704_002023_RKWCSZ_c017_lview_f010290.jpg,1
20260704_002023_RKWCSZ_c017_lview_f010410.jpg,1
20260704_002023_RKWCSZ_c017_lview_f010440.jpg,1
20260704_002023_RKWCSZ_c017_lview_f010500.jpg,1
20260704_002023_RKWCSZ_c017_lview_f010530.jpg,1
20260704_002023_RKWCSZ_c017_lview_f010590.jpg,1
20260704_002023_RKWCSZ_c017_lview_f010650.jpg,1
20260704_002023_RKWCSZ_c017_rview_f000180.jpg,1
20260704_002023_RKWCSZ_c017_rview_f000390.jpg,1
20260704_002023_RKWCSZ_c017_rview_f000720.jpg,1
20260704_002023_RKWCSZ_c017_rview_f000930.jpg,1
20260704_002023_RKWCSZ_c017_rview_f001050.jpg,1
20260704_002023_RKWCSZ_c017_rview_f001170.jpg,1
20260704_002023_RKWCSZ_c017_rview_f001230.jpg,1
20260704_002023_RKWCSZ_c017_rview_f001410.jpg,1
20260704_002023_RKWCSZ_c017_rview_f001440.jpg,1
20260704_002023_RKWCSZ_c017_rview_f001470.jpg,1
20260704_002023_RKWCSZ_c017_rview_f001650.jpg,1
20260704_002023_RKWCSZ_c017_rview_f001800.jpg,1
20260704_002023_RKWCSZ_c017_rview_f002010.jpg,1
20260704_002023_RKWCSZ_c017_rview_f002040.jpg,1
20260704_002023_RKWCSZ_c017_rview_f002250.jpg,1
20260704_002023_RKWCSZ_c017_rview_f002460.jpg,1
20260704_002023_RKWCSZ_c017_rview_f002490.jpg,1
20260704_002023_RKWCSZ_c017_rview_f002520.jpg,1
20260704_002023_RKWCSZ_c017_rview_f002730.jpg,1
20260704_002023_RKWCSZ_c017_rview_f002760.jpg,1
20260704_002023_RKWCSZ_c017_rview_f002910.jpg,1
20260704_002023_RKWCSZ_c017_rview_f003000.jpg,1
20260704_002023_RKWCSZ_c017_rview_f003090.jpg,1
20260704_002023_RKWCSZ_c017_rview_f003120.jpg,1
20260704_002023_RKWCSZ_c017_rview_f003180.jpg,1
20260704_002023_RKWCSZ_c017_rview_f003210.jpg,1
20260704_002023_RKWCSZ_c017_rview_f003390.jpg,1
20260704_002023_RKWCSZ_c017_rview_f003420.jpg,1
20260704_002023_RKWCSZ_c017_rview_f003450.jpg,1
20260704_002023_RKWCSZ_c017_rview_f003660.jpg,1
20260704_002023_RKWCSZ_c017_rview_f003810.jpg,1
20260704_002023_RKWCSZ_c017_rview_f003840.jpg,1
20260704_002023_RKWCSZ_c017_rview_f003900.jpg,1
20260704_002023_RKWCSZ_c017_rview_f003960.jpg,1
20260704_002023_RKWCSZ_c017_rview_f004080.jpg,1
20260704_002023_RKWCSZ_c017_rview_f004110.jpg,1
20260704_002023_RKWCSZ_c017_rview_f004230.jpg,1
20260704_002023_RKWCSZ_c017_rview_f004440.jpg,1
20260704_002023_RKWCSZ_c017_rview_f004650.jpg,1
20260704_002023_RKWCSZ_c017_rview_f004800.jpg,1
20260704_002023_RKWCSZ_c017_rview_f004860.jpg,1
20260704_002023_RKWCSZ_c017_rview_f004920.jpg,1
20260704_002023_RKWCSZ_c017_rview_f005040.jpg,1
20260704_002023_RKWCSZ_c017_rview_f005070.jpg,1
20260704_002023_RKWCSZ_c017_rview_f005100.jpg,1
20260704_002023_RKWCSZ_c017_rview_f005190.jpg,1
20260704_002023_RKWCSZ_c017_rview_f005310.jpg,1
20260704_002023_RKWCSZ_c017_rview_f005340.jpg,1
20260704_002023_RKWCSZ_c017_rview_f005400.jpg,1
20260704_002023_RKWCSZ_c017_rview_f005430.jpg,1
20260704_002023_RKWCSZ_c017_rview_f005460.jpg,1
20260704_002023_RKWCSZ_c017_rview_f005490.jpg,1
20260704_002023_RKWCSZ_c017_rview_f005520.jpg,1
20260704_002023_RKWCSZ_c017_rview_f005550.jpg,1
20260704_002023_RKWCSZ_c017_rview_f005580.jpg,1
20260704_002023_RKWCSZ_c017_rview_f005610.jpg,1
20260704_002023_RKWCSZ_c017_rview_f005670.jpg,1
20260704_002023_RKWCSZ_c017_rview_f005700.jpg,1
20260704_002023_RKWCSZ_c017_rview_f005730.jpg,1
20260704_002023_RKWCSZ_c017_rview_f005760.jpg,1
20260704_002023_RKWCSZ_c017_rview_f005790.jpg,1
20260704_002023_RKWCSZ_c017_rview_f005850.jpg,1
20260704_002023_RKWCSZ_c017_rview_f005880.jpg,1
20260704_002023_RKWCSZ_c017_rview_f006000.jpg,1
20260704_002023_RKWCSZ_c017_rview_f006030.jpg,1
20260704_002023_RKWCSZ_c017_rview_f006090.jpg,1
20260704_002023_RKWCSZ_c017_rview_f006300.jpg,1
20260704_002023_RKWCSZ_c017_rview_f006330.jpg,1
20260704_002023_RKWCSZ_c017_rview_f006360.jpg,1
20260704_002023_RKWCSZ_c017_rview_f006420.jpg,1
20260704_002023_RKWCSZ_c017_rview_f006450.jpg,1
20260704_002023_RKWCSZ_c017_rview_f006510.jpg,1
20260704_002023_RKWCSZ_c017_rview_f006540.jpg,1
20260704_002023_RKWCSZ_c017_rview_f006630.jpg,1
20260704_002023_RKWCSZ_c017_rview_f006690.jpg,1
20260704_002023_RKWCSZ_c017_rview_f006720.jpg,1
20260704_002023_RKWCSZ_c017_rview_f006810.jpg,1
20260704_002023_RKWCSZ_c017_rview_f006930.jpg,1
20260704_002023_RKWCSZ_c017_rview_f006960.jpg,1
20260704_002023_RKWCSZ_c017_rview_f007050.jpg,1
20260704_002023_RKWCSZ_c017_rview_f007110.jpg,1
20260704_002023_RKWCSZ_c017_rview_f007140.jpg,1
20260704_002023_RKWCSZ_c017_rview_f007170.jpg,1
20260704_002023_RKWCSZ_c017_rview_f007200.jpg,1
20260704_002023_RKWCSZ_c017_rview_f007260.jpg,1
20260704_002023_RKWCSZ_c017_rview_f007290.jpg,1
20260704_002023_RKWCSZ_c017_rview_f007350.jpg,1
20260704_002023_RKWCSZ_c017_rview_f007380.jpg,1
20260704_002023_RKWCSZ_c017_rview_f007410.jpg,1
20260704_002023_RKWCSZ_c017_rview_f007440.jpg,1
20260704_002023_RKWCSZ_c017_rview_f007470.jpg,1
20260704_002023_RKWCSZ_c017_rview_f007530.jpg,1
20260704_002023_RKWCSZ_c017_rview_f007590.jpg,1
20260704_002023_RKWCSZ_c017_rview_f007620.jpg,1
20260704_002023_RKWCSZ_c017_rview_f007650.jpg,1
20260704_002023_RKWCSZ_c017_rview_f007680.jpg,1
20260704_002023_RKWCSZ_c017_rview_f007710.jpg,1
20260704_002023_RKWCSZ_c017_rview_f007770.jpg,1
20260704_002023_RKWCSZ_c017_rview_f007800.jpg,1
20260704_002023_RKWCSZ_c017_rview_f007830.jpg,1
20260704_002023_RKWCSZ_c017_rview_f007860.jpg,1
20260704_002023_RKWCSZ_c017_rview_f007920.jpg,1
20260704_002023_RKWCSZ_c017_rview_f007950.jpg,1
20260704_002023_RKWCSZ_c017_rview_f007980.jpg,1
20260704_002023_RKWCSZ_c017_rview_f008010.jpg,1
20260704_002023_RKWCSZ_c017_rview_f008040.jpg,1
20260704_002023_RKWCSZ_c017_rview_f008070.jpg,1
20260704_002023_RKWCSZ_c017_rview_f008100.jpg,1
20260704_002023_RKWCSZ_c017_rview_f008220.jpg,1
20260704_002023_RKWCSZ_c017_rview_f008250.jpg,1
20260704_002023_RKWCSZ_c017_rview_f008280.jpg,1
20260704_002023_RKWCSZ_c017_rview_f008310.jpg,1
20260704_002023_RKWCSZ_c017_rview_f008400.jpg,1
20260704_002023_RKWCSZ_c017_rview_f008430.jpg,1
20260704_002023_RKWCSZ_c017_rview_f008460.jpg,1
20260704_002023_RKWCSZ_c017_rview_f008490.jpg,1
20260704_002023_RKWCSZ_c017_rview_f008520.jpg,1
20260704_002023_RKWCSZ_c017_rview_f008550.jpg,1
20260704_002023_RKWCSZ_c017_rview_f008580.jpg,1
20260704_002023_RKWCSZ_c017_rview_f008610.jpg,1
20260704_002023_RKWCSZ_c017_rview_f008640.jpg,1
20260704_002023_RKWCSZ_c017_rview_f008670.jpg,1
20260704_002023_RKWCSZ_c017_rview_f008700.jpg,1
20260704_002023_RKWCSZ_c017_rview_f008760.jpg,1
20260704_002023_RKWCSZ_c017_rview_f008790.jpg,1
20260704_002023_RKWCSZ_c017_rview_f008820.jpg,1
20260704_002023_RKWCSZ_c017_rview_f008880.jpg,1
20260704_002023_RKWCSZ_c017_rview_f008910.jpg,1
20260704_002023_RKWCSZ_c017_rview_f008940.jpg,1
20260704_002023_RKWCSZ_c017_rview_f008970.jpg,1
20260704_002023_RKWCSZ_c017_rview_f009000.jpg,1
20260704_002023_RKWCSZ_c017_rview_f009060.jpg,1
20260704_002023_RKWCSZ_c017_rview_f009090.jpg,1
20260704_002023_RKWCSZ_c017_rview_f009120.jpg,1
20260704_002023_RKWCSZ_c017_rview_f009150.jpg,1
20260704_002023_RKWCSZ_c017_rview_f009210.jpg,1
20260704_002023_RKWCSZ_c017_rview_f009240.jpg,1
20260704_002023_RKWCSZ_c017_rview_f009270.jpg,1
20260704_002023_RKWCSZ_c017_rview_f009300.jpg,1
20260704_002023_RKWCSZ_c017_rview_f009330.jpg,1
20260704_002023_RKWCSZ_c017_rview_f009360.jpg,1
20260704_002023_RKWCSZ_c017_rview_f009390.jpg,1
20260704_002023_RKWCSZ_c017_rview_f009420.jpg,1
20260704_002023_RKWCSZ_c017_rview_f009450.jpg,1
20260704_002023_RKWCSZ_c017_rview_f009600.jpg,1
20260704_002023_RKWCSZ_c017_rview_f009630.jpg,1
20260704_002023_RKWCSZ_c017_rview_f009660.jpg,1
20260704_002023_RKWCSZ_c017_rview_f009690.jpg,1
20260704_002023_RKWCSZ_c017_rview_f009780.jpg,1
20260704_002023_RKWCSZ_c017_rview_f009810.jpg,1
20260704_002023_RKWCSZ_c017_rview_f009840.jpg,1
20260704_002023_RKWCSZ_c017_rview_f009870.jpg,1
20260704_002023_RKWCSZ_c017_rview_f009900.jpg,1
20260704_002023_RKWCSZ_c017_rview_f009990.jpg,1
20260704_002023_RKWCSZ_c017_rview_f010140.jpg,1
20260704_002023_RKWCSZ_c017_rview_f010260.jpg,1
20260704_002023_RKWCSZ_c017_rview_f010290.jpg,1
20260704_002023_RKWCSZ_c017_rview_f010410.jpg,1
20260704_002023_RKWCSZ_c017_rview_f010500.jpg,1
20260704_002023_RKWCSZ_c017_rview_f010530.jpg,1
20260704_002023_RKWCSZ_c017_rview_f010560.jpg,1
20260704_002023_RKWCSZ_c017_rview_f010590.jpg,1
20260704_002023_RKWCSZ_c017_rview_f010650.jpg,1
20260704_002023_RKWCSZ_c017_rview_f010740.jpg,1
20260704_002023_RKWCSZ_c017_rview_f010770.jpg,1
20260705_063651_FZTJPK_c020_lview_f000000.jpg,1
20260705_063651_FZTJPK_c020_lview_f000030.jpg,1
20260705_063651_FZTJPK_c020_lview_f000060.jpg,1
20260705_063651_FZTJPK_c020_lview_f000090.jpg,1
20260705_063651_FZTJPK_c020_lview_f000120.jpg,1
20260705_063651_FZTJPK_c020_lview_f000150.jpg,1
20260705_063651_FZTJPK_c020_lview_f000180.jpg,1
20260705_063651_FZTJPK_c020_lview_f000210.jpg,1
20260705_063651_FZTJPK_c020_lview_f000240.jpg,1
20260705_063651_FZTJPK_c020_lview_f000270.jpg,1
20260705_063651_FZTJPK_c020_lview_f000390.jpg,1
20260705_063651_FZTJPK_c020_lview_f000480.jpg,1
20260705_063651_FZTJPK_c020_lview_f000510.jpg,1
20260705_063651_FZTJPK_c020_lview_f000540.jpg,1
20260705_063651_FZTJPK_c020_lview_f000570.jpg,1
20260705_063651_FZTJPK_c020_lview_f000600.jpg,1
20260705_063651_FZTJPK_c020_lview_f000630.jpg,1
20260705_063651_FZTJPK_c020_lview_f000660.jpg,1
20260705_063651_FZTJPK_c020_lview_f000690.jpg,1
20260705_063651_FZTJPK_c020_lview_f000720.jpg,1
20260705_063651_FZTJPK_c020_lview_f000750.jpg,1
20260705_063651_FZTJPK_c020_lview_f000780.jpg,1
20260705_063651_FZTJPK_c020_lview_f000810.jpg,1
20260705_063651_FZTJPK_c020_lview_f000840.jpg,1
20260705_063651_FZTJPK_c020_lview_f000870.jpg,1
20260705_063651_FZTJPK_c020_lview_f000900.jpg,1
20260705_063651_FZTJPK_c020_lview_f000930.jpg,1
20260705_063651_FZTJPK_c020_lview_f000960.jpg,1
20260705_063651_FZTJPK_c020_lview_f000990.jpg,1
20260705_063651_FZTJPK_c020_lview_f001020.jpg,1
20260705_063651_FZTJPK_c020_lview_f001080.jpg,1
20260705_063651_FZTJPK_c020_lview_f001200.jpg,1
20260705_063651_FZTJPK_c020_lview_f001230.jpg,1
20260705_063651_FZTJPK_c020_lview_f001260.jpg,1
20260705_063651_FZTJPK_c020_lview_f001290.jpg,1
20260705_063651_FZTJPK_c020_lview_f001320.jpg,1
20260705_063651_FZTJPK_c020_lview_f001350.jpg,1
20260705_063651_FZTJPK_c020_lview_f001380.jpg,1
20260705_063651_FZTJPK_c020_lview_f001410.jpg,1
20260705_063651_FZTJPK_c020_lview_f001440.jpg,1
20260705_063651_FZTJPK_c020_lview_f001470.jpg,1
20260705_063651_FZTJPK_c020_lview_f001500.jpg,1
20260705_063651_FZTJPK_c020_lview_f001530.jpg,1
20260705_063651_FZTJPK_c020_lview_f001560.jpg,1
20260705_063651_FZTJPK_c020_lview_f001590.jpg,1
20260705_063651_FZTJPK_c020_lview_f001620.jpg,1
20260705_063651_FZTJPK_c020_lview_f001650.jpg,1
20260705_063651_FZTJPK_c020_lview_f001680.jpg,1
20260705_063651_FZTJPK_c020_lview_f001710.jpg,1
20260705_063651_FZTJPK_c020_lview_f001740.jpg,1
20260705_063651_FZTJPK_c020_lview_f001770.jpg,1
20260705_063651_FZTJPK_c020_lview_f001800.jpg,1
20260705_063651_FZTJPK_c020_lview_f001830.jpg,1
20260705_063651_FZTJPK_c020_lview_f001860.jpg,1
20260705_063651_FZTJPK_c020_lview_f001890.jpg,1
20260705_063651_FZTJPK_c020_lview_f001920.jpg,1
20260705_063651_FZTJPK_c020_lview_f001950.jpg,1
20260705_063651_FZTJPK_c020_lview_f001980.jpg,1
20260705_063651_FZTJPK_c020_lview_f002010.jpg,1
20260705_063651_FZTJPK_c020_lview_f002040.jpg,1
20260705_063651_FZTJPK_c020_lview_f002070.jpg,1
20260705_063651_FZTJPK_c020_lview_f002190.jpg,1
20260705_063651_FZTJPK_c020_lview_f002250.jpg,1
20260705_063651_FZTJPK_c020_lview_f002280.jpg,1
20260705_063651_FZTJPK_c020_lview_f002310.jpg,1
20260705_063651_FZTJPK_c020_lview_f002340.jpg,1
20260705_063651_FZTJPK_c020_lview_f002370.jpg,1
20260705_063651_FZTJPK_c020_lview_f002400.jpg,1
20260705_063651_FZTJPK_c020_lview_f002430.jpg,1
20260705_063651_FZTJPK_c020_lview_f002460.jpg,1
20260705_063651_FZTJPK_c020_lview_f002490.jpg,1
20260705_063651_FZTJPK_c020_lview_f002520.jpg,1
20260705_063651_FZTJPK_c020_lview_f002550.jpg,1
20260705_063651_FZTJPK_c020_lview_f002580.jpg,1
20260705_063651_FZTJPK_c020_lview_f002610.jpg,1
20260705_063651_FZTJPK_c020_lview_f002640.jpg,1
20260705_063651_FZTJPK_c020_lview_f002670.jpg,1
20260705_063651_FZTJPK_c020_lview_f002700.jpg,1
20260705_063651_FZTJPK_c020_lview_f002730.jpg,1
20260705_063651_FZTJPK_c020_lview_f002760.jpg,1
20260705_063651_FZTJPK_c020_lview_f002790.jpg,1
20260705_063651_FZTJPK_c020_lview_f002820.jpg,1
20260705_063651_FZTJPK_c020_lview_f002850.jpg,1
20260705_063651_FZTJPK_c020_lview_f002880.jpg,1
20260705_063651_FZTJPK_c020_lview_f002910.jpg,1
20260705_063651_FZTJPK_c020_lview_f002940.jpg,1
20260705_063651_FZTJPK_c020_lview_f002970.jpg,1
20260705_063651_FZTJPK_c020_lview_f003000.jpg,1
20260705_063651_FZTJPK_c020_lview_f003030.jpg,1
20260705_063651_FZTJPK_c020_lview_f003210.jpg,1
20260705_063651_FZTJPK_c020_lview_f003240.jpg,1
20260705_063651_FZTJPK_c020_lview_f003270.jpg,1
20260705_063651_FZTJPK_c020_lview_f003300.jpg,1
20260705_063651_FZTJPK_c020_lview_f003330.jpg,1
20260705_063651_FZTJPK_c020_lview_f003360.jpg,1
20260705_063651_FZTJPK_c020_lview_f003390.jpg,1
20260705_063651_FZTJPK_c020_lview_f003420.jpg,1
20260705_063651_FZTJPK_c020_lview_f003450.jpg,1
20260705_063651_FZTJPK_c020_lview_f003480.jpg,1
20260705_063651_FZTJPK_c020_lview_f003510.jpg,1
20260705_063651_FZTJPK_c020_lview_f003540.jpg,1
20260705_063651_FZTJPK_c020_lview_f003570.jpg,1
20260705_063651_FZTJPK_c020_lview_f003600.jpg,1
20260705_063651_FZTJPK_c020_lview_f003630.jpg,1
20260705_063651_FZTJPK_c020_lview_f003660.jpg,1
20260705_063651_FZTJPK_c020_lview_f003690.jpg,1
20260705_063651_FZTJPK_c020_lview_f003720.jpg,1
20260705_063651_FZTJPK_c020_lview_f003750.jpg,1
20260705_063651_FZTJPK_c020_lview_f003780.jpg,1
20260705_063651_FZTJPK_c020_lview_f003810.jpg,1
20260705_063651_FZTJPK_c020_lview_f003840.jpg,1
20260705_063651_FZTJPK_c020_lview_f003870.jpg,1
20260705_063651_FZTJPK_c020_lview_f003900.jpg,1
20260705_063651_FZTJPK_c020_lview_f004020.jpg,1
20260705_063651_FZTJPK_c020_lview_f004050.jpg,1
20260705_063651_FZTJPK_c020_lview_f004080.jpg,1
20260705_063651_FZTJPK_c020_lview_f004110.jpg,1
20260705_063651_FZTJPK_c020_lview_f004140.jpg,1
20260705_063651_FZTJPK_c020_lview_f004170.jpg,1
20260705_063651_FZTJPK_c020_lview_f004200.jpg,1
20260705_063651_FZTJPK_c020_lview_f004230.jpg,1
20260705_063651_FZTJPK_c020_lview_f004260.jpg,1
20260705_063651_FZTJPK_c020_lview_f004290.jpg,1
20260705_063651_FZTJPK_c020_lview_f004320.jpg,1
20260705_063651_FZTJPK_c020_lview_f004350.jpg,1
20260705_063651_FZTJPK_c020_lview_f004380.jpg,1
20260705_063651_FZTJPK_c020_lview_f004410.jpg,1
20260705_063651_FZTJPK_c020_lview_f004440.jpg,1
20260705_063651_FZTJPK_c020_lview_f004470.jpg,1
20260705_063651_FZTJPK_c020_lview_f004500.jpg,1
20260705_063651_FZTJPK_c020_lview_f004530.jpg,1
20260705_063651_FZTJPK_c020_lview_f004560.jpg,1
20260705_063651_FZTJPK_c020_lview_f004590.jpg,1
20260705_063651_FZTJPK_c020_lview_f004620.jpg,1
20260705_063651_FZTJPK_c020_lview_f004650.jpg,1
20260705_063651_FZTJPK_c020_lview_f004680.jpg,1
20260705_063651_FZTJPK_c020_lview_f004710.jpg,1
20260705_063651_FZTJPK_c020_lview_f004860.jpg,1
20260705_063651_FZTJPK_c020_lview_f004890.jpg,1
20260705_063651_FZTJPK_c020_lview_f004920.jpg,1
20260705_063651_FZTJPK_c020_lview_f004950.jpg,1
20260705_063651_FZTJPK_c020_lview_f004980.jpg,1
20260705_063651_FZTJPK_c020_lview_f005010.jpg,1
20260705_063651_FZTJPK_c020_lview_f005040.jpg,1
20260705_063651_FZTJPK_c020_lview_f005070.jpg,1
20260705_063651_FZTJPK_c020_lview_f005100.jpg,1
20260705_063651_FZTJPK_c020_lview_f005130.jpg,1
20260705_063651_FZTJPK_c020_lview_f005160.jpg,1
20260705_063651_FZTJPK_c020_lview_f005190.jpg,1
20260705_063651_FZTJPK_c020_lview_f005220.jpg,1
20260705_063651_FZTJPK_c020_lview_f005250.jpg,1
20260705_063651_FZTJPK_c020_lview_f005280.jpg,1
20260705_063651_FZTJPK_c020_lview_f005310.jpg,1
20260705_063651_FZTJPK_c020_lview_f005340.jpg,1
20260705_063651_FZTJPK_c020_lview_f005370.jpg,1
20260705_063651_FZTJPK_c020_lview_f005400.jpg,1
20260705_063651_FZTJPK_c020_lview_f005430.jpg,1
20260705_063651_FZTJPK_c020_lview_f005460.jpg,1
20260705_063651_FZTJPK_c020_lview_f005490.jpg,1
20260705_063651_FZTJPK_c020_lview_f005520.jpg,1
20260705_063651_FZTJPK_c020_lview_f005550.jpg,1
20260705_063651_FZTJPK_c020_lview_f005580.jpg,1
20260705_063651_FZTJPK_c020_lview_f005610.jpg,1
20260705_063651_FZTJPK_c020_lview_f005640.jpg,1
20260705_063651_FZTJPK_c020_lview_f005670.jpg,1
20260705_063651_FZTJPK_c020_lview_f005700.jpg,1
20260705_063651_FZTJPK_c020_lview_f005730.jpg,1
20260705_063651_FZTJPK_c020_lview_f005760.jpg,1
20260705_063651_FZTJPK_c020_lview_f005790.jpg,1
20260705_063651_FZTJPK_c020_lview_f005820.jpg,1
20260705_063651_FZTJPK_c020_lview_f005850.jpg,1
20260705_063651_FZTJPK_c020_lview_f005880.jpg,1
20260705_063651_FZTJPK_c020_lview_f005910.jpg,1
20260705_063651_FZTJPK_c020_lview_f005940.jpg,1
20260705_063651_FZTJPK_c020_lview_f005970.jpg,1
20260705_063651_FZTJPK_c020_lview_f006000.jpg,1
20260705_063651_FZTJPK_c020_lview_f006030.jpg,1
20260705_063651_FZTJPK_c020_lview_f006060.jpg,1
20260705_063651_FZTJPK_c020_lview_f006090.jpg,1
20260705_063651_FZTJPK_c020_lview_f006120.jpg,1
20260705_063651_FZTJPK_c020_lview_f006150.jpg,1
20260705_063651_FZTJPK_c020_lview_f006210.jpg,1
20260705_063651_FZTJPK_c020_lview_f006240.jpg,1
20260705_063651_FZTJPK_c020_lview_f006270.jpg,1
20260705_063651_FZTJPK_c020_lview_f006300.jpg,1
20260705_063651_FZTJPK_c020_lview_f006330.jpg,1
20260705_063651_FZTJPK_c020_lview_f006360.jpg,1
20260705_063651_FZTJPK_c020_lview_f006390.jpg,1
20260705_063651_FZTJPK_c020_lview_f006420.jpg,1
20260705_063651_FZTJPK_c020_lview_f006450.jpg,1
20260705_063651_FZTJPK_c020_lview_f006480.jpg,1
20260705_063651_FZTJPK_c020_lview_f006510.jpg,1
20260705_063651_FZTJPK_c020_lview_f006540.jpg,1
20260705_063651_FZTJPK_c020_lview_f006570.jpg,1
20260705_063651_FZTJPK_c020_lview_f006600.jpg,1
20260705_063651_FZTJPK_c020_lview_f006630.jpg,1
20260705_063651_FZTJPK_c020_lview_f006690.jpg,1
20260705_063651_FZTJPK_c020_lview_f006930.jpg,1
20260705_063651_FZTJPK_c020_lview_f006960.jpg,1
20260705_063651_FZTJPK_c020_lview_f006990.jpg,1
20260705_063651_FZTJPK_c020_lview_f007020.jpg,1
20260705_063651_FZTJPK_c020_lview_f007050.jpg,1
20260705_063651_FZTJPK_c020_lview_f007080.jpg,1
20260705_063651_FZTJPK_c020_lview_f007110.jpg,1
20260705_063651_FZTJPK_c020_lview_f007140.jpg,1
20260705_063651_FZTJPK_c020_lview_f007170.jpg,1
20260705_063651_FZTJPK_c020_lview_f007200.jpg,1
20260705_063651_FZTJPK_c020_lview_f007230.jpg,1
20260705_063651_FZTJPK_c020_lview_f007260.jpg,1
20260705_063651_FZTJPK_c020_lview_f007290.jpg,1
20260705_063651_FZTJPK_c020_lview_f007320.jpg,1
20260705_063651_FZTJPK_c020_lview_f007350.jpg,1
20260705_063651_FZTJPK_c020_lview_f007380.jpg,1
20260705_063651_FZTJPK_c020_lview_f007410.jpg,1
20260705_063651_FZTJPK_c020_lview_f007440.jpg,1
20260705_063651_FZTJPK_c020_lview_f007470.jpg,1
20260705_063651_FZTJPK_c020_lview_f007590.jpg,1
20260705_063651_FZTJPK_c020_lview_f007740.jpg,1
20260705_063651_FZTJPK_c020_lview_f007770.jpg,1
20260705_063651_FZTJPK_c020_lview_f007800.jpg,1
20260705_063651_FZTJPK_c020_lview_f007830.jpg,1
20260705_063651_FZTJPK_c020_lview_f007860.jpg,1
20260705_063651_FZTJPK_c020_lview_f007890.jpg,1
20260705_063651_FZTJPK_c020_lview_f007920.jpg,1
20260705_063651_FZTJPK_c020_lview_f007950.jpg,1
20260705_063651_FZTJPK_c020_lview_f007980.jpg,1
20260705_063651_FZTJPK_c020_lview_f008010.jpg,1
20260705_063651_FZTJPK_c020_lview_f008040.jpg,1
20260705_063651_FZTJPK_c020_lview_f008070.jpg,1
20260705_063651_FZTJPK_c020_lview_f008100.jpg,1
20260705_063651_FZTJPK_c020_lview_f008130.jpg,1
20260705_063651_FZTJPK_c020_lview_f008160.jpg,1
20260705_063651_FZTJPK_c020_lview_f008190.jpg,1
20260705_063651_FZTJPK_c020_lview_f008220.jpg,1
20260705_063651_FZTJPK_c020_lview_f008250.jpg,1
20260705_063651_FZTJPK_c020_lview_f008280.jpg,1
20260705_063651_FZTJPK_c020_lview_f008310.jpg,1
20260705_063651_FZTJPK_c020_lview_f008340.jpg,1
20260705_063651_FZTJPK_c020_lview_f008370.jpg,1
20260705_063651_FZTJPK_c020_lview_f008400.jpg,1
20260705_063651_FZTJPK_c020_lview_f008430.jpg,1
20260705_063651_FZTJPK_c020_lview_f008460.jpg,1
20260705_063651_FZTJPK_c020_lview_f008490.jpg,1
20260705_063651_FZTJPK_c020_lview_f008520.jpg,1
20260705_063651_FZTJPK_c020_lview_f008550.jpg,1
20260705_063651_FZTJPK_c020_lview_f008580.jpg,1
20260705_063651_FZTJPK_c020_lview_f008610.jpg,1
20260705_063651_FZTJPK_c020_lview_f008640.jpg,1
20260705_063651_FZTJPK_c020_lview_f008670.jpg,1
20260705_063651_FZTJPK_c020_lview_f008700.jpg,1
20260705_063651_FZTJPK_c020_lview_f008730.jpg,1
20260705_063651_FZTJPK_c020_lview_f008760.jpg,1
20260705_063651_FZTJPK_c020_lview_f008790.jpg,1
20260705_063651_FZTJPK_c020_lview_f008880.jpg,1
20260705_063651_FZTJPK_c020_lview_f008970.jpg,1
20260705_063651_FZTJPK_c020_lview_f009000.jpg,1
20260705_063651_FZTJPK_c020_lview_f009030.jpg,1
20260705_063651_FZTJPK_c020_lview_f009060.jpg,1
20260705_063651_FZTJPK_c020_lview_f009090.jpg,1
20260705_063651_FZTJPK_c020_lview_f009120.jpg,1
20260705_063651_FZTJPK_c020_lview_f009150.jpg,1
20260705_063651_FZTJPK_c020_lview_f009180.jpg,1
20260705_063651_FZTJPK_c020_lview_f009210.jpg,1
20260705_063651_FZTJPK_c020_lview_f009240.jpg,1
20260705_063651_FZTJPK_c020_lview_f009270.jpg,1
20260705_063651_FZTJPK_c020_lview_f009300.jpg,1
20260705_063651_FZTJPK_c020_lview_f009330.jpg,1
20260705_063651_FZTJPK_c020_lview_f009360.jpg,1
20260705_063651_FZTJPK_c020_lview_f009390.jpg,1
20260705_063651_FZTJPK_c020_lview_f009450.jpg,1
20260705_063651_FZTJPK_c020_lview_f009480.jpg,1
20260705_063651_FZTJPK_c020_lview_f009510.jpg,1
20260705_063651_FZTJPK_c020_lview_f009540.jpg,1
20260705_063651_FZTJPK_c020_lview_f009570.jpg,1
20260705_063651_FZTJPK_c020_lview_f009600.jpg,1
20260705_063651_FZTJPK_c020_lview_f009630.jpg,1
20260705_063651_FZTJPK_c020_lview_f009780.jpg,1
20260705_063651_FZTJPK_c020_lview_f009810.jpg,1
20260705_063651_FZTJPK_c020_lview_f009840.jpg,1
20260705_063651_FZTJPK_c020_lview_f009870.jpg,1
20260705_063651_FZTJPK_c020_lview_f009900.jpg,1
20260705_063651_FZTJPK_c020_lview_f009930.jpg,1
20260705_063651_FZTJPK_c020_lview_f009960.jpg,1
20260705_063651_FZTJPK_c020_lview_f009990.jpg,1
20260705_063651_FZTJPK_c020_lview_f010020.jpg,1
20260705_063651_FZTJPK_c020_lview_f010050.jpg,1
20260705_063651_FZTJPK_c020_lview_f010080.jpg,1
20260705_063651_FZTJPK_c020_lview_f010110.jpg,1
20260705_063651_FZTJPK_c020_lview_f010140.jpg,1
20260705_063651_FZTJPK_c020_lview_f010170.jpg,1
20260705_063651_FZTJPK_c020_lview_f010200.jpg,1
20260705_063651_FZTJPK_c020_lview_f010230.jpg,1
20260705_063651_FZTJPK_c020_lview_f010260.jpg,1
20260705_063651_FZTJPK_c020_lview_f010290.jpg,1
20260705_063651_FZTJPK_c020_lview_f010320.jpg,1
20260705_063651_FZTJPK_c020_lview_f010350.jpg,1
20260705_063651_FZTJPK_c020_lview_f010380.jpg,1
20260705_063651_FZTJPK_c020_lview_f010410.jpg,1
20260705_063651_FZTJPK_c020_lview_f010440.jpg,1
20260705_063651_FZTJPK_c020_lview_f010470.jpg,1
20260705_063651_FZTJPK_c020_lview_f010500.jpg,1
20260705_063651_FZTJPK_c020_lview_f010530.jpg,1
20260705_063651_FZTJPK_c020_lview_f010560.jpg,1
20260705_063651_FZTJPK_c020_lview_f010590.jpg,1
20260705_063651_FZTJPK_c020_lview_f010620.jpg,1
20260705_063651_FZTJPK_c020_lview_f010650.jpg,1
20260705_063651_FZTJPK_c020_lview_f010680.jpg,1
20260705_063651_FZTJPK_c020_lview_f010710.jpg,1
20260705_063651_FZTJPK_c020_lview_f010740.jpg,1
20260705_063651_FZTJPK_c020_lview_f010770.jpg,1
20260705_063651_FZTJPK_c020_rview_f000000.jpg,1
20260705_063651_FZTJPK_c020_rview_f000030.jpg,1
20260705_063651_FZTJPK_c020_rview_f000060.jpg,1
20260705_063651_FZTJPK_c020_rview_f000090.jpg,1
20260705_063651_FZTJPK_c020_rview_f000120.jpg,1
20260705_063651_FZTJPK_c020_rview_f000150.jpg,1
20260705_063651_FZTJPK_c020_rview_f000180.jpg,1
20260705_063651_FZTJPK_c020_rview_f000210.jpg,1
20260705_063651_FZTJPK_c020_rview_f000240.jpg,1
20260705_063651_FZTJPK_c020_rview_f000270.jpg,1
20260705_063651_FZTJPK_c020_rview_f000480.jpg,1
20260705_063651_FZTJPK_c020_rview_f000510.jpg,1
20260705_063651_FZTJPK_c020_rview_f000540.jpg,1
20260705_063651_FZTJPK_c020_rview_f000570.jpg,1
20260705_063651_FZTJPK_c020_rview_f000600.jpg,1
20260705_063651_FZTJPK_c020_rview_f000630.jpg,1
20260705_063651_FZTJPK_c020_rview_f000660.jpg,1
20260705_063651_FZTJPK_c020_rview_f000690.jpg,1
20260705_063651_FZTJPK_c020_rview_f000720.jpg,1
20260705_063651_FZTJPK_c020_rview_f000750.jpg,1
20260705_063651_FZTJPK_c020_rview_f000780.jpg,1
20260705_063651_FZTJPK_c020_rview_f000810.jpg,1
20260705_063651_FZTJPK_c020_rview_f000840.jpg,1
20260705_063651_FZTJPK_c020_rview_f000870.jpg,1
20260705_063651_FZTJPK_c020_rview_f000900.jpg,1
20260705_063651_FZTJPK_c020_rview_f000930.jpg,1
20260705_063651_FZTJPK_c020_rview_f000960.jpg,1
20260705_063651_FZTJPK_c020_rview_f000990.jpg,1
20260705_063651_FZTJPK_c020_rview_f001020.jpg,1
20260705_063651_FZTJPK_c020_rview_f001050.jpg,1
20260705_063651_FZTJPK_c020_rview_f001170.jpg,1
20260705_063651_FZTJPK_c020_rview_f001200.jpg,1
20260705_063651_FZTJPK_c020_rview_f001230.jpg,1
20260705_063651_FZTJPK_c020_rview_f001260.jpg,1
20260705_063651_FZTJPK_c020_rview_f001290.jpg,1
20260705_063651_FZTJPK_c020_rview_f001320.jpg,1
20260705_063651_FZTJPK_c020_rview_f001350.jpg,1
20260705_063651_FZTJPK_c020_rview_f001380.jpg,1
20260705_063651_FZTJPK_c020_rview_f001410.jpg,1
20260705_063651_FZTJPK_c020_rview_f001440.jpg,1
20260705_063651_FZTJPK_c020_rview_f001470.jpg,1
20260705_063651_FZTJPK_c020_rview_f001500.jpg,1
20260705_063651_FZTJPK_c020_rview_f001530.jpg,1
20260705_063651_FZTJPK_c020_rview_f001560.jpg,1
20260705_063651_FZTJPK_c020_rview_f001590.jpg,1
20260705_063651_FZTJPK_c020_rview_f001620.jpg,1
20260705_063651_FZTJPK_c020_rview_f001650.jpg,1
20260705_063651_FZTJPK_c020_rview_f001680.jpg,1
20260705_063651_FZTJPK_c020_rview_f001710.jpg,1
20260705_063651_FZTJPK_c020_rview_f001740.jpg,1
20260705_063651_FZTJPK_c020_rview_f001770.jpg,1
20260705_063651_FZTJPK_c020_rview_f001800.jpg,1
20260705_063651_FZTJPK_c020_rview_f001830.jpg,1
20260705_063651_FZTJPK_c020_rview_f001860.jpg,1
20260705_063651_FZTJPK_c020_rview_f001890.jpg,1
20260705_063651_FZTJPK_c020_rview_f001920.jpg,1
20260705_063651_FZTJPK_c020_rview_f001950.jpg,1
20260705_063651_FZTJPK_c020_rview_f001980.jpg,1
20260705_063651_FZTJPK_c020_rview_f002010.jpg,1
20260705_063651_FZTJPK_c020_rview_f002040.jpg,1
20260705_063651_FZTJPK_c020_rview_f002070.jpg,1
20260705_063651_FZTJPK_c020_rview_f002250.jpg,1
20260705_063651_FZTJPK_c020_rview_f002280.jpg,1
20260705_063651_FZTJPK_c020_rview_f002310.jpg,1
20260705_063651_FZTJPK_c020_rview_f002340.jpg,1
20260705_063651_FZTJPK_c020_rview_f002370.jpg,1
20260705_063651_FZTJPK_c020_rview_f002400.jpg,1
20260705_063651_FZTJPK_c020_rview_f002430.jpg,1
20260705_063651_FZTJPK_c020_rview_f002460.jpg,1
20260705_063651_FZTJPK_c020_rview_f002490.jpg,1
20260705_063651_FZTJPK_c020_rview_f002520.jpg,1
20260705_063651_FZTJPK_c020_rview_f002550.jpg,1
20260705_063651_FZTJPK_c020_rview_f002580.jpg,1
20260705_063651_FZTJPK_c020_rview_f002610.jpg,1
20260705_063651_FZTJPK_c020_rview_f002640.jpg,1
20260705_063651_FZTJPK_c020_rview_f002670.jpg,1
20260705_063651_FZTJPK_c020_rview_f002700.jpg,1
20260705_063651_FZTJPK_c020_rview_f002730.jpg,1
20260705_063651_FZTJPK_c020_rview_f002760.jpg,1
20260705_063651_FZTJPK_c020_rview_f002790.jpg,1
20260705_063651_FZTJPK_c020_rview_f002820.jpg,1
20260705_063651_FZTJPK_c020_rview_f002850.jpg,1
20260705_063651_FZTJPK_c020_rview_f002880.jpg,1
20260705_063651_FZTJPK_c020_rview_f002910.jpg,1
20260705_063651_FZTJPK_c020_rview_f002940.jpg,1
20260705_063651_FZTJPK_c020_rview_f002970.jpg,1
20260705_063651_FZTJPK_c020_rview_f003000.jpg,1
20260705_063651_FZTJPK_c020_rview_f003030.jpg,1
20260705_063651_FZTJPK_c020_rview_f003090.jpg,1
20260705_063651_FZTJPK_c020_rview_f003210.jpg,1
20260705_063651_FZTJPK_c020_rview_f003240.jpg,1
20260705_063651_FZTJPK_c020_rview_f003270.jpg,1
20260705_063651_FZTJPK_c020_rview_f003300.jpg,1
20260705_063651_FZTJPK_c020_rview_f003330.jpg,1
20260705_063651_FZTJPK_c020_rview_f003360.jpg,1
20260705_063651_FZTJPK_c020_rview_f003390.jpg,1
20260705_063651_FZTJPK_c020_rview_f003420.jpg,1
20260705_063651_FZTJPK_c020_rview_f003450.jpg,1
20260705_063651_FZTJPK_c020_rview_f003480.jpg,1
20260705_063651_FZTJPK_c020_rview_f003510.jpg,1
20260705_063651_FZTJPK_c020_rview_f003540.jpg,1
20260705_063651_FZTJPK_c020_rview_f003570.jpg,1
20260705_063651_FZTJPK_c020_rview_f003600.jpg,1
20260705_063651_FZTJPK_c020_rview_f003630.jpg,1
20260705_063651_FZTJPK_c020_rview_f003660.jpg,1
20260705_063651_FZTJPK_c020_rview_f003690.jpg,1
20260705_063651_FZTJPK_c020_rview_f003720.jpg,1
20260705_063651_FZTJPK_c020_rview_f003750.jpg,1
20260705_063651_FZTJPK_c020_rview_f003780.jpg,1
20260705_063651_FZTJPK_c020_rview_f003810.jpg,1
20260705_063651_FZTJPK_c020_rview_f003840.jpg,1
20260705_063651_FZTJPK_c020_rview_f003870.jpg,1
20260705_063651_FZTJPK_c020_rview_f003900.jpg,1
20260705_063651_FZTJPK_c020_rview_f004050.jpg,1
20260705_063651_FZTJPK_c020_rview_f004080.jpg,1
20260705_063651_FZTJPK_c020_rview_f004110.jpg,1
20260705_063651_FZTJPK_c020_rview_f004140.jpg,1
20260705_063651_FZTJPK_c020_rview_f004170.jpg,1
20260705_063651_FZTJPK_c020_rview_f004200.jpg,1
20260705_063651_FZTJPK_c020_rview_f004230.jpg,1
20260705_063651_FZTJPK_c020_rview_f004260.jpg,1
20260705_063651_FZTJPK_c020_rview_f004290.jpg,1
20260705_063651_FZTJPK_c020_rview_f004320.jpg,1
20260705_063651_FZTJPK_c020_rview_f004350.jpg,1
20260705_063651_FZTJPK_c020_rview_f004380.jpg,1
20260705_063651_FZTJPK_c020_rview_f004410.jpg,1
20260705_063651_FZTJPK_c020_rview_f004440.jpg,1
20260705_063651_FZTJPK_c020_rview_f004470.jpg,1
20260705_063651_FZTJPK_c020_rview_f004500.jpg,1
20260705_063651_FZTJPK_c020_rview_f004530.jpg,1
20260705_063651_FZTJPK_c020_rview_f004560.jpg,1
20260705_063651_FZTJPK_c020_rview_f004590.jpg,1
20260705_063651_FZTJPK_c020_rview_f004620.jpg,1
20260705_063651_FZTJPK_c020_rview_f004650.jpg,1
20260705_063651_FZTJPK_c020_rview_f004680.jpg,1
20260705_063651_FZTJPK_c020_rview_f004710.jpg,1
20260705_063651_FZTJPK_c020_rview_f004800.jpg,1
20260705_063651_FZTJPK_c020_rview_f004860.jpg,1
20260705_063651_FZTJPK_c020_rview_f004890.jpg,1
20260705_063651_FZTJPK_c020_rview_f004920.jpg,1
20260705_063651_FZTJPK_c020_rview_f004950.jpg,1
20260705_063651_FZTJPK_c020_rview_f004980.jpg,1
20260705_063651_FZTJPK_c020_rview_f005010.jpg,1
20260705_063651_FZTJPK_c020_rview_f005040.jpg,1
20260705_063651_FZTJPK_c020_rview_f005070.jpg,1
20260705_063651_FZTJPK_c020_rview_f005100.jpg,1
20260705_063651_FZTJPK_c020_rview_f005130.jpg,1
20260705_063651_FZTJPK_c020_rview_f005160.jpg,1
20260705_063651_FZTJPK_c020_rview_f005190.jpg,1
20260705_063651_FZTJPK_c020_rview_f005220.jpg,1
20260705_063651_FZTJPK_c020_rview_f005250.jpg,1
20260705_063651_FZTJPK_c020_rview_f005280.jpg,1
20260705_063651_FZTJPK_c020_rview_f005310.jpg,1
20260705_063651_FZTJPK_c020_rview_f005340.jpg,1
20260705_063651_FZTJPK_c020_rview_f005370.jpg,1
20260705_063651_FZTJPK_c020_rview_f005400.jpg,1
20260705_063651_FZTJPK_c020_rview_f005430.jpg,1
20260705_063651_FZTJPK_c020_rview_f005460.jpg,1
20260705_063651_FZTJPK_c020_rview_f005490.jpg,1
20260705_063651_FZTJPK_c020_rview_f005520.jpg,1
20260705_063651_FZTJPK_c020_rview_f005550.jpg,1
20260705_063651_FZTJPK_c020_rview_f005580.jpg,1
20260705_063651_FZTJPK_c020_rview_f005610.jpg,1
20260705_063651_FZTJPK_c020_rview_f005640.jpg,1
20260705_063651_FZTJPK_c020_rview_f005670.jpg,1
20260705_063651_FZTJPK_c020_rview_f005700.jpg,1
20260705_063651_FZTJPK_c020_rview_f005730.jpg,1
20260705_063651_FZTJPK_c020_rview_f005760.jpg,1
20260705_063651_FZTJPK_c020_rview_f005790.jpg,1
20260705_063651_FZTJPK_c020_rview_f005820.jpg,1
20260705_063651_FZTJPK_c020_rview_f005850.jpg,1
20260705_063651_FZTJPK_c020_rview_f005880.jpg,1
20260705_063651_FZTJPK_c020_rview_f005910.jpg,1
20260705_063651_FZTJPK_c020_rview_f005940.jpg,1
20260705_063651_FZTJPK_c020_rview_f005970.jpg,1
20260705_063651_FZTJPK_c020_rview_f006000.jpg,1
20260705_063651_FZTJPK_c020_rview_f006030.jpg,1
20260705_063651_FZTJPK_c020_rview_f006060.jpg,1
20260705_063651_FZTJPK_c020_rview_f006090.jpg,1
20260705_063651_FZTJPK_c020_rview_f006120.jpg,1
20260705_063651_FZTJPK_c020_rview_f006150.jpg,1
20260705_063651_FZTJPK_c020_rview_f006210.jpg,1
20260705_063651_FZTJPK_c020_rview_f006240.jpg,1
20260705_063651_FZTJPK_c020_rview_f006270.jpg,1
20260705_063651_FZTJPK_c020_rview_f006300.jpg,1
20260705_063651_FZTJPK_c020_rview_f006330.jpg,1
20260705_063651_FZTJPK_c020_rview_f006360.jpg,1
20260705_063651_FZTJPK_c020_rview_f006390.jpg,1
20260705_063651_FZTJPK_c020_rview_f006420.jpg,1
20260705_063651_FZTJPK_c020_rview_f006450.jpg,1
20260705_063651_FZTJPK_c020_rview_f006480.jpg,1
20260705_063651_FZTJPK_c020_rview_f006510.jpg,1
20260705_063651_FZTJPK_c020_rview_f006540.jpg,1
20260705_063651_FZTJPK_c020_rview_f006570.jpg,1
20260705_063651_FZTJPK_c020_rview_f006600.jpg,1
20260705_063651_FZTJPK_c020_rview_f006630.jpg,1
20260705_063651_FZTJPK_c020_rview_f006780.jpg,1
20260705_063651_FZTJPK_c020_rview_f006840.jpg,1
20260705_063651_FZTJPK_c020_rview_f006900.jpg,1
20260705_063651_FZTJPK_c020_rview_f006930.jpg,1
20260705_063651_FZTJPK_c020_rview_f006960.jpg,1
20260705_063651_FZTJPK_c020_rview_f006990.jpg,1
20260705_063651_FZTJPK_c020_rview_f007020.jpg,1
20260705_063651_FZTJPK_c020_rview_f007050.jpg,1
20260705_063651_FZTJPK_c020_rview_f007080.jpg,1
20260705_063651_FZTJPK_c020_rview_f007110.jpg,1
20260705_063651_FZTJPK_c020_rview_f007140.jpg,1
20260705_063651_FZTJPK_c020_rview_f007170.jpg,1
20260705_063651_FZTJPK_c020_rview_f007200.jpg,1
20260705_063651_FZTJPK_c020_rview_f007230.jpg,1
20260705_063651_FZTJPK_c020_rview_f007260.jpg,1
20260705_063651_FZTJPK_c020_rview_f007290.jpg,1
20260705_063651_FZTJPK_c020_rview_f007320.jpg,1
20260705_063651_FZTJPK_c020_rview_f007350.jpg,1
20260705_063651_FZTJPK_c020_rview_f007380.jpg,1
20260705_063651_FZTJPK_c020_rview_f007410.jpg,1
20260705_063651_FZTJPK_c020_rview_f007440.jpg,1
20260705_063651_FZTJPK_c020_rview_f007470.jpg,1
20260705_063651_FZTJPK_c020_rview_f007680.jpg,1
20260705_063651_FZTJPK_c020_rview_f007740.jpg,1
20260705_063651_FZTJPK_c020_rview_f007770.jpg,1
20260705_063651_FZTJPK_c020_rview_f007800.jpg,1
20260705_063651_FZTJPK_c020_rview_f007830.jpg,1
20260705_063651_FZTJPK_c020_rview_f007860.jpg,1
20260705_063651_FZTJPK_c020_rview_f007890.jpg,1
20260705_063651_FZTJPK_c020_rview_f007920.jpg,1
20260705_063651_FZTJPK_c020_rview_f007950.jpg,1
20260705_063651_FZTJPK_c020_rview_f007980.jpg,1
20260705_063651_FZTJPK_c020_rview_f008010.jpg,1
20260705_063651_FZTJPK_c020_rview_f008040.jpg,1
20260705_063651_FZTJPK_c020_rview_f008070.jpg,1
20260705_063651_FZTJPK_c020_rview_f008100.jpg,1
20260705_063651_FZTJPK_c020_rview_f008130.jpg,1
20260705_063651_FZTJPK_c020_rview_f008160.jpg,1
20260705_063651_FZTJPK_c020_rview_f008190.jpg,1
20260705_063651_FZTJPK_c020_rview_f008220.jpg,1
20260705_063651_FZTJPK_c020_rview_f008250.jpg,1
20260705_063651_FZTJPK_c020_rview_f008280.jpg,1
20260705_063651_FZTJPK_c020_rview_f008310.jpg,1
20260705_063651_FZTJPK_c020_rview_f008340.jpg,1
20260705_063651_FZTJPK_c020_rview_f008370.jpg,1
20260705_063651_FZTJPK_c020_rview_f008400.jpg,1
20260705_063651_FZTJPK_c020_rview_f008430.jpg,1
20260705_063651_FZTJPK_c020_rview_f008460.jpg,1
20260705_063651_FZTJPK_c020_rview_f008490.jpg,1
20260705_063651_FZTJPK_c020_rview_f008520.jpg,1
20260705_063651_FZTJPK_c020_rview_f008550.jpg,1
20260705_063651_FZTJPK_c020_rview_f008580.jpg,1
20260705_063651_FZTJPK_c020_rview_f008610.jpg,1
20260705_063651_FZTJPK_c020_rview_f008640.jpg,1
20260705_063651_FZTJPK_c020_rview_f008670.jpg,1
20260705_063651_FZTJPK_c020_rview_f008700.jpg,1
20260705_063651_FZTJPK_c020_rview_f008730.jpg,1
20260705_063651_FZTJPK_c020_rview_f008760.jpg,1
20260705_063651_FZTJPK_c020_rview_f008790.jpg,1
20260705_063651_FZTJPK_c020_rview_f008970.jpg,1
20260705_063651_FZTJPK_c020_rview_f009000.jpg,1
20260705_063651_FZTJPK_c020_rview_f009030.jpg,1
20260705_063651_FZTJPK_c020_rview_f009060.jpg,1
20260705_063651_FZTJPK_c020_rview_f009090.jpg,1
20260705_063651_FZTJPK_c020_rview_f009120.jpg,1
20260705_063651_FZTJPK_c020_rview_f009150.jpg,1
20260705_063651_FZTJPK_c020_rview_f009180.jpg,1
20260705_063651_FZTJPK_c020_rview_f009210.jpg,1
20260705_063651_FZTJPK_c020_rview_f009240.jpg,1
20260705_063651_FZTJPK_c020_rview_f009270.jpg,1
20260705_063651_FZTJPK_c020_rview_f009300.jpg,1
20260705_063651_FZTJPK_c020_rview_f009330.jpg,1
20260705_063651_FZTJPK_c020_rview_f009360.jpg,1
20260705_063651_FZTJPK_c020_rview_f009390.jpg,1
20260705_063651_FZTJPK_c020_rview_f009420.jpg,1
20260705_063651_FZTJPK_c020_rview_f009450.jpg,1
20260705_063651_FZTJPK_c020_rview_f009480.jpg,1
20260705_063651_FZTJPK_c020_rview_f009510.jpg,1
20260705_063651_FZTJPK_c020_rview_f009540.jpg,1
20260705_063651_FZTJPK_c020_rview_f009570.jpg,1
20260705_063651_FZTJPK_c020_rview_f009600.jpg,1
20260705_063651_FZTJPK_c020_rview_f009720.jpg,1
20260705_063651_FZTJPK_c020_rview_f009750.jpg,1
20260705_063651_FZTJPK_c020_rview_f009780.jpg,1
20260705_063651_FZTJPK_c020_rview_f009810.jpg,1
20260705_063651_FZTJPK_c020_rview_f009840.jpg,1
20260705_063651_FZTJPK_c020_rview_f009870.jpg,1
20260705_063651_FZTJPK_c020_rview_f009900.jpg,1
20260705_063651_FZTJPK_c020_rview_f009930.jpg,1
20260705_063651_FZTJPK_c020_rview_f009960.jpg,1
20260705_063651_FZTJPK_c020_rview_f009990.jpg,1
20260705_063651_FZTJPK_c020_rview_f010020.jpg,1
20260705_063651_FZTJPK_c020_rview_f010050.jpg,1
20260705_063651_FZTJPK_c020_rview_f010080.jpg,1
20260705_063651_FZTJPK_c020_rview_f010110.jpg,1
20260705_063651_FZTJPK_c020_rview_f010140.jpg,1
20260705_063651_FZTJPK_c020_rview_f010170.jpg,1
20260705_063651_FZTJPK_c020_rview_f010200.jpg,1
20260705_063651_FZTJPK_c020_rview_f010230.jpg,1
20260705_063651_FZTJPK_c020_rview_f010260.jpg,1
20260705_063651_FZTJPK_c020_rview_f010290.jpg,1
20260705_063651_FZTJPK_c020_rview_f010320.jpg,1
20260705_063651_FZTJPK_c020_rview_f010350.jpg,1
20260705_063651_FZTJPK_c020_rview_f010380.jpg,1
20260705_063651_FZTJPK_c020_rview_f010410.jpg,1
20260705_063651_FZTJPK_c020_rview_f010440.jpg,1
20260705_063651_FZTJPK_c020_rview_f010470.jpg,1
20260705_063651_FZTJPK_c020_rview_f010500.jpg,1
20260705_063651_FZTJPK_c020_rview_f010530.jpg,1
20260705_063651_FZTJPK_c020_rview_f010560.jpg,1
20260705_063651_FZTJPK_c020_rview_f010590.jpg,1
20260705_063651_FZTJPK_c020_rview_f010620.jpg,1
20260705_063651_FZTJPK_c020_rview_f010650.jpg,1
20260705_063651_FZTJPK_c020_rview_f010680.jpg,1
20260705_063651_FZTJPK_c020_rview_f010710.jpg,1
20260705_063651_FZTJPK_c020_rview_f010740.jpg,1
20260705_063651_FZTJPK_c020_rview_f010770.jpg,1
20260707_053606_PWYWFX_c001_lview_f000000.jpg,1
20260707_053606_PWYWFX_c001_lview_f000030.jpg,1
20260707_053606_PWYWFX_c001_lview_f000060.jpg,1
20260707_053606_PWYWFX_c001_lview_f000090.jpg,1
20260707_053606_PWYWFX_c001_lview_f000120.jpg,1
20260707_053606_PWYWFX_c001_lview_f000150.jpg,1
20260707_053606_PWYWFX_c001_lview_f000180.jpg,1
20260707_053606_PWYWFX_c001_lview_f000210.jpg,1
20260707_053606_PWYWFX_c001_lview_f000240.jpg,1
20260707_053606_PWYWFX_c001_lview_f000270.jpg,1
20260707_053606_PWYWFX_c001_lview_f000300.jpg,1
20260707_053606_PWYWFX_c001_lview_f000330.jpg,1
20260707_053606_PWYWFX_c001_lview_f000360.jpg,1
20260707_053606_PWYWFX_c001_lview_f000390.jpg,1
20260707_053606_PWYWFX_c001_lview_f000420.jpg,1
20260707_053606_PWYWFX_c001_lview_f000450.jpg,1
20260707_053606_PWYWFX_c001_lview_f000480.jpg,1
20260707_053606_PWYWFX_c001_lview_f000510.jpg,1
20260707_053606_PWYWFX_c001_lview_f000540.jpg,1
20260707_053606_PWYWFX_c001_lview_f000570.jpg,1
20260707_053606_PWYWFX_c001_lview_f000600.jpg,1
20260707_053606_PWYWFX_c001_lview_f000630.jpg,1
20260707_053606_PWYWFX_c001_lview_f000660.jpg,1
20260707_053606_PWYWFX_c001_lview_f000690.jpg,1
20260707_053606_PWYWFX_c001_lview_f000720.jpg,1
20260707_053606_PWYWFX_c001_lview_f000750.jpg,1
20260707_053606_PWYWFX_c001_lview_f000780.jpg,1
20260707_053606_PWYWFX_c001_lview_f000810.jpg,1
20260707_053606_PWYWFX_c001_lview_f000840.jpg,1
20260707_053606_PWYWFX_c001_lview_f000870.jpg,1
20260707_053606_PWYWFX_c001_lview_f000900.jpg,1
20260707_053606_PWYWFX_c001_lview_f000930.jpg,1
20260707_053606_PWYWFX_c001_lview_f000960.jpg,1
20260707_053606_PWYWFX_c001_lview_f000990.jpg,1
20260707_053606_PWYWFX_c001_lview_f001020.jpg,1
20260707_053606_PWYWFX_c001_lview_f001050.jpg,1
20260707_053606_PWYWFX_c001_lview_f001080.jpg,1
20260707_053606_PWYWFX_c001_lview_f001110.jpg,1
20260707_053606_PWYWFX_c001_lview_f001140.jpg,1
20260707_053606_PWYWFX_c001_lview_f001170.jpg,1
20260707_053606_PWYWFX_c001_lview_f001200.jpg,1
20260707_053606_PWYWFX_c001_lview_f001230.jpg,1
20260707_053606_PWYWFX_c001_lview_f001260.jpg,1
20260707_053606_PWYWFX_c001_lview_f001290.jpg,1
20260707_053606_PWYWFX_c001_lview_f001320.jpg,1
20260707_053606_PWYWFX_c001_lview_f001350.jpg,1
20260707_053606_PWYWFX_c001_lview_f001380.jpg,1
20260707_053606_PWYWFX_c001_lview_f001410.jpg,1
20260707_053606_PWYWFX_c001_lview_f001440.jpg,1
20260707_053606_PWYWFX_c001_lview_f001470.jpg,1
20260707_053606_PWYWFX_c001_lview_f001500.jpg,1
20260707_053606_PWYWFX_c001_lview_f001530.jpg,1
20260707_053606_PWYWFX_c001_lview_f001560.jpg,1
20260707_053606_PWYWFX_c001_lview_f001590.jpg,1
20260707_053606_PWYWFX_c001_lview_f001620.jpg,1
20260707_053606_PWYWFX_c001_lview_f001650.jpg,1
20260707_053606_PWYWFX_c001_lview_f001680.jpg,1
20260707_053606_PWYWFX_c001_lview_f001710.jpg,1
20260707_053606_PWYWFX_c001_lview_f001740.jpg,1
20260707_053606_PWYWFX_c001_lview_f001770.jpg,1
20260707_053606_PWYWFX_c001_lview_f001800.jpg,1
20260707_053606_PWYWFX_c001_lview_f001830.jpg,1
20260707_053606_PWYWFX_c001_lview_f001860.jpg,1
20260707_053606_PWYWFX_c001_lview_f001890.jpg,1
20260707_053606_PWYWFX_c001_lview_f001920.jpg,1
20260707_053606_PWYWFX_c001_lview_f001950.jpg,1
20260707_053606_PWYWFX_c001_lview_f001980.jpg,1
20260707_053606_PWYWFX_c001_lview_f002010.jpg,1
20260707_053606_PWYWFX_c001_lview_f002040.jpg,1
20260707_053606_PWYWFX_c001_lview_f002070.jpg,1
20260707_053606_PWYWFX_c001_lview_f002100.jpg,1
20260707_053606_PWYWFX_c001_lview_f002130.jpg,1
20260707_053606_PWYWFX_c001_lview_f002160.jpg,1
20260707_053606_PWYWFX_c001_lview_f002190.jpg,1
20260707_053606_PWYWFX_c001_lview_f002220.jpg,1
20260707_053606_PWYWFX_c001_lview_f002250.jpg,1
20260707_053606_PWYWFX_c001_lview_f002280.jpg,1
20260707_053606_PWYWFX_c001_lview_f002310.jpg,1
20260707_053606_PWYWFX_c001_lview_f002340.jpg,1
20260707_053606_PWYWFX_c001_lview_f002370.jpg,1
20260707_053606_PWYWFX_c001_lview_f002400.jpg,1
20260707_053606_PWYWFX_c001_lview_f002430.jpg,1
20260707_053606_PWYWFX_c001_lview_f002460.jpg,1
20260707_053606_PWYWFX_c001_lview_f002490.jpg,1
20260707_053606_PWYWFX_c001_lview_f002520.jpg,1
20260707_053606_PWYWFX_c001_lview_f002550.jpg,1
20260707_053606_PWYWFX_c001_lview_f002580.jpg,1
20260707_053606_PWYWFX_c001_lview_f002610.jpg,1
20260707_053606_PWYWFX_c001_lview_f002640.jpg,1
20260707_053606_PWYWFX_c001_lview_f002670.jpg,1
20260707_053606_PWYWFX_c001_lview_f002700.jpg,1
20260707_053606_PWYWFX_c001_lview_f002730.jpg,1
20260707_053606_PWYWFX_c001_lview_f002760.jpg,1
20260707_053606_PWYWFX_c001_lview_f002790.jpg,1
20260707_053606_PWYWFX_c001_lview_f002820.jpg,1
20260707_053606_PWYWFX_c001_lview_f002850.jpg,1
20260707_053606_PWYWFX_c001_lview_f002880.jpg,1
20260707_053606_PWYWFX_c001_lview_f002910.jpg,1
20260707_053606_PWYWFX_c001_lview_f002940.jpg,1
20260707_053606_PWYWFX_c001_lview_f002970.jpg,1
20260707_053606_PWYWFX_c001_lview_f003000.jpg,1
20260707_053606_PWYWFX_c001_lview_f003030.jpg,1
20260707_053606_PWYWFX_c001_lview_f003060.jpg,1
20260707_053606_PWYWFX_c001_lview_f003090.jpg,1
20260707_053606_PWYWFX_c001_lview_f003120.jpg,1
20260707_053606_PWYWFX_c001_lview_f003150.jpg,1
20260707_053606_PWYWFX_c001_lview_f003180.jpg,1
20260707_053606_PWYWFX_c001_lview_f003210.jpg,1
20260707_053606_PWYWFX_c001_lview_f003240.jpg,1
20260707_053606_PWYWFX_c001_lview_f003270.jpg,1
20260707_053606_PWYWFX_c001_lview_f003300.jpg,1
20260707_053606_PWYWFX_c001_lview_f003330.jpg,1
20260707_053606_PWYWFX_c001_lview_f003360.jpg,1
20260707_053606_PWYWFX_c001_lview_f003390.jpg,1
20260707_053606_PWYWFX_c001_lview_f003420.jpg,1
20260707_053606_PWYWFX_c001_lview_f003450.jpg,1
20260707_053606_PWYWFX_c001_lview_f003480.jpg,1
20260707_053606_PWYWFX_c001_lview_f003510.jpg,1
20260707_053606_PWYWFX_c001_lview_f003540.jpg,1
20260707_053606_PWYWFX_c001_lview_f003570.jpg,1
20260707_053606_PWYWFX_c001_lview_f003600.jpg,1
20260707_053606_PWYWFX_c001_lview_f003630.jpg,1
20260707_053606_PWYWFX_c001_lview_f003660.jpg,1
20260707_053606_PWYWFX_c001_lview_f003690.jpg,1
20260707_053606_PWYWFX_c001_lview_f003720.jpg,1
20260707_053606_PWYWFX_c001_lview_f003750.jpg,1
20260707_053606_PWYWFX_c001_lview_f003780.jpg,1
20260707_053606_PWYWFX_c001_lview_f003810.jpg,1
20260707_053606_PWYWFX_c001_lview_f003840.jpg,1
20260707_053606_PWYWFX_c001_lview_f003870.jpg,1
20260707_053606_PWYWFX_c001_lview_f003900.jpg,1
20260707_053606_PWYWFX_c001_lview_f003930.jpg,1
20260707_053606_PWYWFX_c001_lview_f003960.jpg,1
20260707_053606_PWYWFX_c001_lview_f003990.jpg,1
20260707_053606_PWYWFX_c001_lview_f004020.jpg,1
20260707_053606_PWYWFX_c001_lview_f004050.jpg,1
20260707_053606_PWYWFX_c001_lview_f004080.jpg,1
20260707_053606_PWYWFX_c001_lview_f004110.jpg,1
20260707_053606_PWYWFX_c001_lview_f004140.jpg,1
20260707_053606_PWYWFX_c001_lview_f004170.jpg,1
20260707_053606_PWYWFX_c001_lview_f004200.jpg,1
20260707_053606_PWYWFX_c001_lview_f004230.jpg,1
20260707_053606_PWYWFX_c001_lview_f004260.jpg,1
20260707_053606_PWYWFX_c001_lview_f004290.jpg,1
20260707_053606_PWYWFX_c001_lview_f004320.jpg,1
20260707_053606_PWYWFX_c001_lview_f004350.jpg,1
20260707_053606_PWYWFX_c001_lview_f004380.jpg,1
20260707_053606_PWYWFX_c001_lview_f004410.jpg,1
20260707_053606_PWYWFX_c001_lview_f004440.jpg,1
20260707_053606_PWYWFX_c001_lview_f004470.jpg,1
20260707_053606_PWYWFX_c001_lview_f004500.jpg,1
20260707_053606_PWYWFX_c001_lview_f004530.jpg,1
20260707_053606_PWYWFX_c001_lview_f004560.jpg,1
20260707_053606_PWYWFX_c001_lview_f004590.jpg,1
20260707_053606_PWYWFX_c001_lview_f004620.jpg,1
20260707_053606_PWYWFX_c001_lview_f004650.jpg,1
20260707_053606_PWYWFX_c001_lview_f004680.jpg,1
20260707_053606_PWYWFX_c001_lview_f004710.jpg,1
20260707_053606_PWYWFX_c001_lview_f004740.jpg,1
20260707_053606_PWYWFX_c001_lview_f004770.jpg,1
20260707_053606_PWYWFX_c001_lview_f004800.jpg,1
20260707_053606_PWYWFX_c001_lview_f004830.jpg,1
20260707_053606_PWYWFX_c001_lview_f004860.jpg,1
20260707_053606_PWYWFX_c001_lview_f004890.jpg,1
20260707_053606_PWYWFX_c001_lview_f004920.jpg,1
20260707_053606_PWYWFX_c001_lview_f004950.jpg,1
20260707_053606_PWYWFX_c001_lview_f004980.jpg,1
20260707_053606_PWYWFX_c001_lview_f005010.jpg,1
20260707_053606_PWYWFX_c001_lview_f005040.jpg,1
20260707_053606_PWYWFX_c001_lview_f005070.jpg,1
20260707_053606_PWYWFX_c001_lview_f005100.jpg,1
20260707_053606_PWYWFX_c001_lview_f005130.jpg,1
20260707_053606_PWYWFX_c001_lview_f005160.jpg,1
20260707_053606_PWYWFX_c001_lview_f005190.jpg,1
20260707_053606_PWYWFX_c001_lview_f005220.jpg,1
20260707_053606_PWYWFX_c001_lview_f005250.jpg,1
20260707_053606_PWYWFX_c001_lview_f005280.jpg,1
20260707_053606_PWYWFX_c001_lview_f005310.jpg,1
20260707_053606_PWYWFX_c001_lview_f005340.jpg,1
20260707_053606_PWYWFX_c001_lview_f005370.jpg,1
20260707_053606_PWYWFX_c001_lview_f005400.jpg,1
20260707_053606_PWYWFX_c001_lview_f005430.jpg,1
20260707_053606_PWYWFX_c001_lview_f005460.jpg,1
20260707_053606_PWYWFX_c001_lview_f005490.jpg,1
20260707_053606_PWYWFX_c001_lview_f005520.jpg,1
20260707_053606_PWYWFX_c001_lview_f005550.jpg,1
20260707_053606_PWYWFX_c001_lview_f005580.jpg,1
20260707_053606_PWYWFX_c001_lview_f005610.jpg,1
20260707_053606_PWYWFX_c001_lview_f005640.jpg,1
20260707_053606_PWYWFX_c001_lview_f005670.jpg,1
20260707_053606_PWYWFX_c001_lview_f005700.jpg,1
20260707_053606_PWYWFX_c001_lview_f005730.jpg,1
20260707_053606_PWYWFX_c001_lview_f005760.jpg,1
20260707_053606_PWYWFX_c001_lview_f005790.jpg,1
20260707_053606_PWYWFX_c001_lview_f005820.jpg,1
20260707_053606_PWYWFX_c001_lview_f005850.jpg,1
20260707_053606_PWYWFX_c001_lview_f005880.jpg,1
20260707_053606_PWYWFX_c001_lview_f005910.jpg,1
20260707_053606_PWYWFX_c001_lview_f005940.jpg,1
20260707_053606_PWYWFX_c001_lview_f005970.jpg,1
20260707_053606_PWYWFX_c001_lview_f006000.jpg,1
20260707_053606_PWYWFX_c001_lview_f006030.jpg,1
20260707_053606_PWYWFX_c001_lview_f006060.jpg,1
20260707_053606_PWYWFX_c001_lview_f006090.jpg,1
20260707_053606_PWYWFX_c001_lview_f006120.jpg,1
20260707_053606_PWYWFX_c001_lview_f006150.jpg,1
20260707_053606_PWYWFX_c001_lview_f006180.jpg,1
20260707_053606_PWYWFX_c001_lview_f006210.jpg,1
20260707_053606_PWYWFX_c001_lview_f006240.jpg,1
20260707_053606_PWYWFX_c001_lview_f006270.jpg,1
20260707_053606_PWYWFX_c001_lview_f006300.jpg,1
20260707_053606_PWYWFX_c001_lview_f006330.jpg,1
20260707_053606_PWYWFX_c001_lview_f006360.jpg,1
20260707_053606_PWYWFX_c001_lview_f006390.jpg,1
20260707_053606_PWYWFX_c001_lview_f006420.jpg,1
20260707_053606_PWYWFX_c001_lview_f006450.jpg,1
20260707_053606_PWYWFX_c001_lview_f006480.jpg,1
20260707_053606_PWYWFX_c001_lview_f006510.jpg,1
20260707_053606_PWYWFX_c001_lview_f006540.jpg,1
20260707_053606_PWYWFX_c001_lview_f006570.jpg,1
20260707_053606_PWYWFX_c001_lview_f006600.jpg,1
20260707_053606_PWYWFX_c001_lview_f006630.jpg,1
20260707_053606_PWYWFX_c001_lview_f006660.jpg,1
20260707_053606_PWYWFX_c001_lview_f006690.jpg,1
20260707_053606_PWYWFX_c001_lview_f006720.jpg,1
20260707_053606_PWYWFX_c001_lview_f006750.jpg,1
20260707_053606_PWYWFX_c001_lview_f006780.jpg,1
20260707_053606_PWYWFX_c001_lview_f006810.jpg,1
20260707_053606_PWYWFX_c001_lview_f006840.jpg,1
20260707_053606_PWYWFX_c001_lview_f006870.jpg,1
20260707_053606_PWYWFX_c001_lview_f006900.jpg,1
20260707_053606_PWYWFX_c001_lview_f006930.jpg,1
20260707_053606_PWYWFX_c001_lview_f006960.jpg,1
20260707_053606_PWYWFX_c001_lview_f006990.jpg,1
20260707_053606_PWYWFX_c001_lview_f007020.jpg,1
20260707_053606_PWYWFX_c001_lview_f007050.jpg,1
20260707_053606_PWYWFX_c001_lview_f007080.jpg,1
20260707_053606_PWYWFX_c001_lview_f007110.jpg,1
20260707_053606_PWYWFX_c001_lview_f007140.jpg,1
20260707_053606_PWYWFX_c001_lview_f007170.jpg,1
20260707_053606_PWYWFX_c001_lview_f007200.jpg,1
20260707_053606_PWYWFX_c001_lview_f007230.jpg,1
20260707_053606_PWYWFX_c001_lview_f007260.jpg,1
20260707_053606_PWYWFX_c001_lview_f007290.jpg,1
20260707_053606_PWYWFX_c001_lview_f007320.jpg,1
20260707_053606_PWYWFX_c001_lview_f007350.jpg,1
20260707_053606_PWYWFX_c001_lview_f007380.jpg,1
20260707_053606_PWYWFX_c001_lview_f007410.jpg,1
20260707_053606_PWYWFX_c001_lview_f007440.jpg,1
20260707_053606_PWYWFX_c001_lview_f007470.jpg,1
20260707_053606_PWYWFX_c001_lview_f007500.jpg,1
20260707_053606_PWYWFX_c001_lview_f007530.jpg,1
20260707_053606_PWYWFX_c001_lview_f007560.jpg,1
20260707_053606_PWYWFX_c001_lview_f007590.jpg,1
20260707_053606_PWYWFX_c001_lview_f007620.jpg,1
20260707_053606_PWYWFX_c001_lview_f007650.jpg,1
20260707_053606_PWYWFX_c001_lview_f007680.jpg,1
20260707_053606_PWYWFX_c001_lview_f007710.jpg,1
20260707_053606_PWYWFX_c001_lview_f007740.jpg,1
20260707_053606_PWYWFX_c001_lview_f007770.jpg,1
20260707_053606_PWYWFX_c001_lview_f007800.jpg,1
20260707_053606_PWYWFX_c001_lview_f007830.jpg,1
20260707_053606_PWYWFX_c001_lview_f007860.jpg,1
20260707_053606_PWYWFX_c001_lview_f007890.jpg,1
20260707_053606_PWYWFX_c001_lview_f007920.jpg,1
20260707_053606_PWYWFX_c001_lview_f007950.jpg,1
20260707_053606_PWYWFX_c001_lview_f007980.jpg,1
20260707_053606_PWYWFX_c001_lview_f008010.jpg,1
20260707_053606_PWYWFX_c001_lview_f008040.jpg,1
20260707_053606_PWYWFX_c001_lview_f008070.jpg,1
20260707_053606_PWYWFX_c001_lview_f008100.jpg,1
20260707_053606_PWYWFX_c001_lview_f008130.jpg,1
20260707_053606_PWYWFX_c001_lview_f008160.jpg,1
20260707_053606_PWYWFX_c001_lview_f008190.jpg,1
20260707_053606_PWYWFX_c001_lview_f008220.jpg,1
20260707_053606_PWYWFX_c001_lview_f008250.jpg,1
20260707_053606_PWYWFX_c001_lview_f008280.jpg,1
20260707_053606_PWYWFX_c001_lview_f008310.jpg,1
20260707_053606_PWYWFX_c001_lview_f008340.jpg,1
20260707_053606_PWYWFX_c001_lview_f008370.jpg,1
20260707_053606_PWYWFX_c001_lview_f008400.jpg,1
20260707_053606_PWYWFX_c001_lview_f008430.jpg,1
20260707_053606_PWYWFX_c001_lview_f008460.jpg,1
20260707_053606_PWYWFX_c001_lview_f008490.jpg,1
20260707_053606_PWYWFX_c001_lview_f008520.jpg,1
20260707_053606_PWYWFX_c001_lview_f008550.jpg,1
20260707_053606_PWYWFX_c001_lview_f008580.jpg,1
20260707_053606_PWYWFX_c001_lview_f008610.jpg,1
20260707_053606_PWYWFX_c001_lview_f008640.jpg,1
20260707_053606_PWYWFX_c001_lview_f008670.jpg,1
20260707_053606_PWYWFX_c001_lview_f008700.jpg,1
20260707_053606_PWYWFX_c001_lview_f008730.jpg,1
20260707_053606_PWYWFX_c001_lview_f008760.jpg,1
20260707_053606_PWYWFX_c001_lview_f008790.jpg,1
20260707_053606_PWYWFX_c001_lview_f008820.jpg,1
20260707_053606_PWYWFX_c001_lview_f008850.jpg,1
20260707_053606_PWYWFX_c001_lview_f008880.jpg,1
20260707_053606_PWYWFX_c001_lview_f008910.jpg,1
20260707_053606_PWYWFX_c001_lview_f008940.jpg,1
20260707_053606_PWYWFX_c001_lview_f008970.jpg,1
20260707_053606_PWYWFX_c001_lview_f009000.jpg,1
20260707_053606_PWYWFX_c001_lview_f009030.jpg,1
20260707_053606_PWYWFX_c001_lview_f009060.jpg,1
20260707_053606_PWYWFX_c001_lview_f009090.jpg,1
20260707_053606_PWYWFX_c001_lview_f009120.jpg,1
20260707_053606_PWYWFX_c001_lview_f009150.jpg,1
20260707_053606_PWYWFX_c001_lview_f009180.jpg,1
20260707_053606_PWYWFX_c001_lview_f009210.jpg,1
20260707_053606_PWYWFX_c001_lview_f009240.jpg,1
20260707_053606_PWYWFX_c001_lview_f009270.jpg,1
20260707_053606_PWYWFX_c001_lview_f009300.jpg,1
20260707_053606_PWYWFX_c001_lview_f009330.jpg,1
20260707_053606_PWYWFX_c001_lview_f009360.jpg,1
20260707_053606_PWYWFX_c001_lview_f009390.jpg,1
20260707_053606_PWYWFX_c001_lview_f009420.jpg,1
20260707_053606_PWYWFX_c001_lview_f009450.jpg,1
20260707_053606_PWYWFX_c001_lview_f009480.jpg,1
20260707_053606_PWYWFX_c001_lview_f009510.jpg,1
20260707_053606_PWYWFX_c001_lview_f009540.jpg,1
20260707_053606_PWYWFX_c001_lview_f009570.jpg,1
20260707_053606_PWYWFX_c001_lview_f009600.jpg,1
20260707_053606_PWYWFX_c001_lview_f009630.jpg,1
20260707_053606_PWYWFX_c001_lview_f009660.jpg,1
20260707_053606_PWYWFX_c001_lview_f009690.jpg,1
20260707_053606_PWYWFX_c001_lview_f009720.jpg,1
20260707_053606_PWYWFX_c001_lview_f009750.jpg,1
20260707_053606_PWYWFX_c001_lview_f009780.jpg,1
20260707_053606_PWYWFX_c001_lview_f009810.jpg,1
20260707_053606_PWYWFX_c001_lview_f009840.jpg,1
20260707_053606_PWYWFX_c001_lview_f009870.jpg,1
20260707_053606_PWYWFX_c001_lview_f009900.jpg,1
20260707_053606_PWYWFX_c001_lview_f009930.jpg,1
20260707_053606_PWYWFX_c001_lview_f009960.jpg,1
20260707_053606_PWYWFX_c001_lview_f009990.jpg,1
20260707_053606_PWYWFX_c001_lview_f010020.jpg,1
20260707_053606_PWYWFX_c001_lview_f010050.jpg,1
20260707_053606_PWYWFX_c001_lview_f010080.jpg,1
20260707_053606_PWYWFX_c001_lview_f010110.jpg,1
20260707_053606_PWYWFX_c001_lview_f010140.jpg,1
20260707_053606_PWYWFX_c001_lview_f010170.jpg,1
20260707_053606_PWYWFX_c001_lview_f010200.jpg,1
20260707_053606_PWYWFX_c001_lview_f010230.jpg,1
20260707_053606_PWYWFX_c001_lview_f010260.jpg,1
20260707_053606_PWYWFX_c001_lview_f010290.jpg,1
20260707_053606_PWYWFX_c001_lview_f010320.jpg,1
20260707_053606_PWYWFX_c001_lview_f010350.jpg,1
20260707_053606_PWYWFX_c001_lview_f010380.jpg,1
20260707_053606_PWYWFX_c001_lview_f010410.jpg,1
20260707_053606_PWYWFX_c001_lview_f010440.jpg,1
20260707_053606_PWYWFX_c001_lview_f010470.jpg,1
20260707_053606_PWYWFX_c001_lview_f010500.jpg,1
20260707_053606_PWYWFX_c001_lview_f010530.jpg,1
20260707_053606_PWYWFX_c001_lview_f010560.jpg,1
20260707_053606_PWYWFX_c001_lview_f010590.jpg,1
20260707_053606_PWYWFX_c001_lview_f010620.jpg,1
20260707_053606_PWYWFX_c001_lview_f010650.jpg,1
20260707_053606_PWYWFX_c001_lview_f010680.jpg,1
20260707_053606_PWYWFX_c001_lview_f010710.jpg,1
20260707_053606_PWYWFX_c001_lview_f010740.jpg,1
20260707_053606_PWYWFX_c001_lview_f010770.jpg,1
20260707_053606_PWYWFX_c001_rview_f000000.jpg,1
20260707_053606_PWYWFX_c001_rview_f000030.jpg,1
20260707_053606_PWYWFX_c001_rview_f000060.jpg,1
20260707_053606_PWYWFX_c001_rview_f000090.jpg,1
20260707_053606_PWYWFX_c001_rview_f000120.jpg,1
20260707_053606_PWYWFX_c001_rview_f000150.jpg,1
20260707_053606_PWYWFX_c001_rview_f000180.jpg,1
20260707_053606_PWYWFX_c001_rview_f000210.jpg,1
20260707_053606_PWYWFX_c001_rview_f000240.jpg,1
20260707_053606_PWYWFX_c001_rview_f000270.jpg,1
20260707_053606_PWYWFX_c001_rview_f000300.jpg,1
20260707_053606_PWYWFX_c001_rview_f000330.jpg,1
20260707_053606_PWYWFX_c001_rview_f000360.jpg,1
20260707_053606_PWYWFX_c001_rview_f000390.jpg,1
20260707_053606_PWYWFX_c001_rview_f000420.jpg,1
20260707_053606_PWYWFX_c001_rview_f000450.jpg,1
20260707_053606_PWYWFX_c001_rview_f000480.jpg,1
20260707_053606_PWYWFX_c001_rview_f000510.jpg,1
20260707_053606_PWYWFX_c001_rview_f000540.jpg,1
20260707_053606_PWYWFX_c001_rview_f000570.jpg,1
20260707_053606_PWYWFX_c001_rview_f000600.jpg,1
20260707_053606_PWYWFX_c001_rview_f000630.jpg,1
20260707_053606_PWYWFX_c001_rview_f000660.jpg,1
20260707_053606_PWYWFX_c001_rview_f000690.jpg,1
20260707_053606_PWYWFX_c001_rview_f000720.jpg,1
20260707_053606_PWYWFX_c001_rview_f000750.jpg,1
20260707_053606_PWYWFX_c001_rview_f000780.jpg,1
20260707_053606_PWYWFX_c001_rview_f000810.jpg,1
20260707_053606_PWYWFX_c001_rview_f000840.jpg,1
20260707_053606_PWYWFX_c001_rview_f000870.jpg,1
20260707_053606_PWYWFX_c001_rview_f000900.jpg,1
20260707_053606_PWYWFX_c001_rview_f000930.jpg,1
20260707_053606_PWYWFX_c001_rview_f000960.jpg,1
20260707_053606_PWYWFX_c001_rview_f000990.jpg,1
20260707_053606_PWYWFX_c001_rview_f001020.jpg,1
20260707_053606_PWYWFX_c001_rview_f001050.jpg,1
20260707_053606_PWYWFX_c001_rview_f001080.jpg,1
20260707_053606_PWYWFX_c001_rview_f001110.jpg,1
20260707_053606_PWYWFX_c001_rview_f001140.jpg,1
20260707_053606_PWYWFX_c001_rview_f001170.jpg,1
20260707_053606_PWYWFX_c001_rview_f001200.jpg,1
20260707_053606_PWYWFX_c001_rview_f001230.jpg,1
20260707_053606_PWYWFX_c001_rview_f001260.jpg,1
20260707_053606_PWYWFX_c001_rview_f001290.jpg,1
20260707_053606_PWYWFX_c001_rview_f001320.jpg,1
20260707_053606_PWYWFX_c001_rview_f001350.jpg,1
20260707_053606_PWYWFX_c001_rview_f001380.jpg,1
20260707_053606_PWYWFX_c001_rview_f001410.jpg,1
20260707_053606_PWYWFX_c001_rview_f001440.jpg,1
20260707_053606_PWYWFX_c001_rview_f001470.jpg,1
20260707_053606_PWYWFX_c001_rview_f001500.jpg,1
20260707_053606_PWYWFX_c001_rview_f001530.jpg,1
20260707_053606_PWYWFX_c001_rview_f001560.jpg,1
20260707_053606_PWYWFX_c001_rview_f001590.jpg,1
20260707_053606_PWYWFX_c001_rview_f001620.jpg,1
20260707_053606_PWYWFX_c001_rview_f001650.jpg,1
20260707_053606_PWYWFX_c001_rview_f001680.jpg,1
20260707_053606_PWYWFX_c001_rview_f001710.jpg,1
20260707_053606_PWYWFX_c001_rview_f001740.jpg,1
20260707_053606_PWYWFX_c001_rview_f001770.jpg,1
20260707_053606_PWYWFX_c001_rview_f001800.jpg,1
20260707_053606_PWYWFX_c001_rview_f001830.jpg,1
20260707_053606_PWYWFX_c001_rview_f001860.jpg,1
20260707_053606_PWYWFX_c001_rview_f001890.jpg,1
20260707_053606_PWYWFX_c001_rview_f001920.jpg,1
20260707_053606_PWYWFX_c001_rview_f001950.jpg,1
20260707_053606_PWYWFX_c001_rview_f001980.jpg,1
20260707_053606_PWYWFX_c001_rview_f002010.jpg,1
20260707_053606_PWYWFX_c001_rview_f002040.jpg,1
20260707_053606_PWYWFX_c001_rview_f002070.jpg,1
20260707_053606_PWYWFX_c001_rview_f002100.jpg,1
20260707_053606_PWYWFX_c001_rview_f002130.jpg,1
20260707_053606_PWYWFX_c001_rview_f002160.jpg,1
20260707_053606_PWYWFX_c001_rview_f002190.jpg,1
20260707_053606_PWYWFX_c001_rview_f002220.jpg,1
20260707_053606_PWYWFX_c001_rview_f002250.jpg,1
20260707_053606_PWYWFX_c001_rview_f002280.jpg,1
20260707_053606_PWYWFX_c001_rview_f002310.jpg,1
20260707_053606_PWYWFX_c001_rview_f002340.jpg,1
20260707_053606_PWYWFX_c001_rview_f002370.jpg,1
20260707_053606_PWYWFX_c001_rview_f002400.jpg,1
20260707_053606_PWYWFX_c001_rview_f002430.jpg,1
20260707_053606_PWYWFX_c001_rview_f002460.jpg,1
20260707_053606_PWYWFX_c001_rview_f002490.jpg,1
20260707_053606_PWYWFX_c001_rview_f002520.jpg,1
20260707_053606_PWYWFX_c001_rview_f002550.jpg,1
20260707_053606_PWYWFX_c001_rview_f002580.jpg,1
20260707_053606_PWYWFX_c001_rview_f002610.jpg,1
20260707_053606_PWYWFX_c001_rview_f002640.jpg,1
20260707_053606_PWYWFX_c001_rview_f002670.jpg,1
20260707_053606_PWYWFX_c001_rview_f002700.jpg,1
20260707_053606_PWYWFX_c001_rview_f002730.jpg,1
20260707_053606_PWYWFX_c001_rview_f002760.jpg,1
20260707_053606_PWYWFX_c001_rview_f002790.jpg,1
20260707_053606_PWYWFX_c001_rview_f002820.jpg,1
20260707_053606_PWYWFX_c001_rview_f002850.jpg,1
20260707_053606_PWYWFX_c001_rview_f002880.jpg,1
20260707_053606_PWYWFX_c001_rview_f002910.jpg,1
20260707_053606_PWYWFX_c001_rview_f002940.jpg,1
20260707_053606_PWYWFX_c001_rview_f002970.jpg,1
20260707_053606_PWYWFX_c001_rview_f003000.jpg,1
20260707_053606_PWYWFX_c001_rview_f003030.jpg,1
20260707_053606_PWYWFX_c001_rview_f003060.jpg,1
20260707_053606_PWYWFX_c001_rview_f003090.jpg,1
20260707_053606_PWYWFX_c001_rview_f003120.jpg,1
20260707_053606_PWYWFX_c001_rview_f003150.jpg,1
20260707_053606_PWYWFX_c001_rview_f003180.jpg,1
20260707_053606_PWYWFX_c001_rview_f003210.jpg,1
20260707_053606_PWYWFX_c001_rview_f003240.jpg,1
20260707_053606_PWYWFX_c001_rview_f003270.jpg,1
20260707_053606_PWYWFX_c001_rview_f003300.jpg,1
20260707_053606_PWYWFX_c001_rview_f003330.jpg,1
20260707_053606_PWYWFX_c001_rview_f003360.jpg,1
20260707_053606_PWYWFX_c001_rview_f003390.jpg,1
20260707_053606_PWYWFX_c001_rview_f003420.jpg,1
20260707_053606_PWYWFX_c001_rview_f003450.jpg,1
20260707_053606_PWYWFX_c001_rview_f003480.jpg,1
20260707_053606_PWYWFX_c001_rview_f003510.jpg,1
20260707_053606_PWYWFX_c001_rview_f003540.jpg,1
20260707_053606_PWYWFX_c001_rview_f003570.jpg,1
20260707_053606_PWYWFX_c001_rview_f003600.jpg,1
20260707_053606_PWYWFX_c001_rview_f003630.jpg,1
20260707_053606_PWYWFX_c001_rview_f003660.jpg,1
20260707_053606_PWYWFX_c001_rview_f003690.jpg,1
20260707_053606_PWYWFX_c001_rview_f003720.jpg,1
20260707_053606_PWYWFX_c001_rview_f003750.jpg,1
20260707_053606_PWYWFX_c001_rview_f003780.jpg,1
20260707_053606_PWYWFX_c001_rview_f003810.jpg,1
20260707_053606_PWYWFX_c001_rview_f003840.jpg,1
20260707_053606_PWYWFX_c001_rview_f003870.jpg,1
20260707_053606_PWYWFX_c001_rview_f003900.jpg,1
20260707_053606_PWYWFX_c001_rview_f003930.jpg,1
20260707_053606_PWYWFX_c001_rview_f003960.jpg,1
20260707_053606_PWYWFX_c001_rview_f003990.jpg,1
20260707_053606_PWYWFX_c001_rview_f004020.jpg,1
20260707_053606_PWYWFX_c001_rview_f004050.jpg,1
20260707_053606_PWYWFX_c001_rview_f004080.jpg,1
20260707_053606_PWYWFX_c001_rview_f004110.jpg,1
20260707_053606_PWYWFX_c001_rview_f004140.jpg,1
20260707_053606_PWYWFX_c001_rview_f004170.jpg,1
20260707_053606_PWYWFX_c001_rview_f004200.jpg,1
20260707_053606_PWYWFX_c001_rview_f004230.jpg,1
20260707_053606_PWYWFX_c001_rview_f004260.jpg,1
20260707_053606_PWYWFX_c001_rview_f004290.jpg,1
20260707_053606_PWYWFX_c001_rview_f004320.jpg,1
20260707_053606_PWYWFX_c001_rview_f004350.jpg,1
20260707_053606_PWYWFX_c001_rview_f004380.jpg,1
20260707_053606_PWYWFX_c001_rview_f004410.jpg,1
20260707_053606_PWYWFX_c001_rview_f004440.jpg,1
20260707_053606_PWYWFX_c001_rview_f004470.jpg,1
20260707_053606_PWYWFX_c001_rview_f004500.jpg,1
20260707_053606_PWYWFX_c001_rview_f004530.jpg,1
20260707_053606_PWYWFX_c001_rview_f004560.jpg,1
20260707_053606_PWYWFX_c001_rview_f004590.jpg,1
20260707_053606_PWYWFX_c001_rview_f004620.jpg,1
20260707_053606_PWYWFX_c001_rview_f004650.jpg,1
20260707_053606_PWYWFX_c001_rview_f004680.jpg,1
20260707_053606_PWYWFX_c001_rview_f004710.jpg,1
20260707_053606_PWYWFX_c001_rview_f004740.jpg,1
20260707_053606_PWYWFX_c001_rview_f004770.jpg,1
20260707_053606_PWYWFX_c001_rview_f004800.jpg,1
20260707_053606_PWYWFX_c001_rview_f004830.jpg,1
20260707_053606_PWYWFX_c001_rview_f004860.jpg,1
20260707_053606_PWYWFX_c001_rview_f004890.jpg,1
20260707_053606_PWYWFX_c001_rview_f004920.jpg,1
20260707_053606_PWYWFX_c001_rview_f004950.jpg,1
20260707_053606_PWYWFX_c001_rview_f004980.jpg,1
20260707_053606_PWYWFX_c001_rview_f005010.jpg,1
20260707_053606_PWYWFX_c001_rview_f005040.jpg,1
20260707_053606_PWYWFX_c001_rview_f005070.jpg,1
20260707_053606_PWYWFX_c001_rview_f005100.jpg,1
20260707_053606_PWYWFX_c001_rview_f005130.jpg,1
20260707_053606_PWYWFX_c001_rview_f005160.jpg,1
20260707_053606_PWYWFX_c001_rview_f005190.jpg,1
20260707_053606_PWYWFX_c001_rview_f005220.jpg,1
20260707_053606_PWYWFX_c001_rview_f005250.jpg,1
20260707_053606_PWYWFX_c001_rview_f005280.jpg,1
20260707_053606_PWYWFX_c001_rview_f005310.jpg,1
20260707_053606_PWYWFX_c001_rview_f005340.jpg,1
20260707_053606_PWYWFX_c001_rview_f005370.jpg,1
20260707_053606_PWYWFX_c001_rview_f005400.jpg,1
20260707_053606_PWYWFX_c001_rview_f005430.jpg,1
20260707_053606_PWYWFX_c001_rview_f005460.jpg,1
20260707_053606_PWYWFX_c001_rview_f005490.jpg,1
20260707_053606_PWYWFX_c001_rview_f005520.jpg,1
20260707_053606_PWYWFX_c001_rview_f005550.jpg,1
20260707_053606_PWYWFX_c001_rview_f005580.jpg,1
20260707_053606_PWYWFX_c001_rview_f005610.jpg,1
20260707_053606_PWYWFX_c001_rview_f005640.jpg,1
20260707_053606_PWYWFX_c001_rview_f005670.jpg,1
20260707_053606_PWYWFX_c001_rview_f005700.jpg,1
20260707_053606_PWYWFX_c001_rview_f005730.jpg,1
20260707_053606_PWYWFX_c001_rview_f005760.jpg,1
20260707_053606_PWYWFX_c001_rview_f005790.jpg,1
20260707_053606_PWYWFX_c001_rview_f005820.jpg,1
20260707_053606_PWYWFX_c001_rview_f005850.jpg,1
20260707_053606_PWYWFX_c001_rview_f005880.jpg,1
20260707_053606_PWYWFX_c001_rview_f005910.jpg,1
20260707_053606_PWYWFX_c001_rview_f005940.jpg,1
20260707_053606_PWYWFX_c001_rview_f005970.jpg,1
20260707_053606_PWYWFX_c001_rview_f006000.jpg,1
20260707_053606_PWYWFX_c001_rview_f006030.jpg,1
20260707_053606_PWYWFX_c001_rview_f006060.jpg,1
20260707_053606_PWYWFX_c001_rview_f006090.jpg,1
20260707_053606_PWYWFX_c001_rview_f006120.jpg,1
20260707_053606_PWYWFX_c001_rview_f006150.jpg,1
20260707_053606_PWYWFX_c001_rview_f006180.jpg,1
20260707_053606_PWYWFX_c001_rview_f006210.jpg,1
20260707_053606_PWYWFX_c001_rview_f006240.jpg,1
20260707_053606_PWYWFX_c001_rview_f006270.jpg,1
20260707_053606_PWYWFX_c001_rview_f006300.jpg,1
20260707_053606_PWYWFX_c001_rview_f006330.jpg,1
20260707_053606_PWYWFX_c001_rview_f006360.jpg,1
20260707_053606_PWYWFX_c001_rview_f006390.jpg,1
20260707_053606_PWYWFX_c001_rview_f006420.jpg,1
20260707_053606_PWYWFX_c001_rview_f006450.jpg,1
20260707_053606_PWYWFX_c001_rview_f006480.jpg,1
20260707_053606_PWYWFX_c001_rview_f006510.jpg,1
20260707_053606_PWYWFX_c001_rview_f006540.jpg,1
20260707_053606_PWYWFX_c001_rview_f006570.jpg,1
20260707_053606_PWYWFX_c001_rview_f006600.jpg,1
20260707_053606_PWYWFX_c001_rview_f006630.jpg,1
20260707_053606_PWYWFX_c001_rview_f006660.jpg,1
20260707_053606_PWYWFX_c001_rview_f006690.jpg,1
20260707_053606_PWYWFX_c001_rview_f006720.jpg,1
20260707_053606_PWYWFX_c001_rview_f006750.jpg,1
20260707_053606_PWYWFX_c001_rview_f006780.jpg,1
20260707_053606_PWYWFX_c001_rview_f006810.jpg,1
20260707_053606_PWYWFX_c001_rview_f006840.jpg,1
20260707_053606_PWYWFX_c001_rview_f006870.jpg,1
20260707_053606_PWYWFX_c001_rview_f006900.jpg,1
20260707_053606_PWYWFX_c001_rview_f006930.jpg,1
20260707_053606_PWYWFX_c001_rview_f006960.jpg,1
20260707_053606_PWYWFX_c001_rview_f006990.jpg,1
20260707_053606_PWYWFX_c001_rview_f007020.jpg,1
20260707_053606_PWYWFX_c001_rview_f007050.jpg,1
20260707_053606_PWYWFX_c001_rview_f007080.jpg,1
20260707_053606_PWYWFX_c001_rview_f007110.jpg,1
20260707_053606_PWYWFX_c001_rview_f007140.jpg,1
20260707_053606_PWYWFX_c001_rview_f007170.jpg,1
20260707_053606_PWYWFX_c001_rview_f007200.jpg,1
20260707_053606_PWYWFX_c001_rview_f007230.jpg,1
20260707_053606_PWYWFX_c001_rview_f007260.jpg,1
20260707_053606_PWYWFX_c001_rview_f007290.jpg,1
20260707_053606_PWYWFX_c001_rview_f007320.jpg,1
20260707_053606_PWYWFX_c001_rview_f007350.jpg,1
20260707_053606_PWYWFX_c001_rview_f007380.jpg,1
20260707_053606_PWYWFX_c001_rview_f007410.jpg,1
20260707_053606_PWYWFX_c001_rview_f007440.jpg,1
20260707_053606_PWYWFX_c001_rview_f007470.jpg,1
20260707_053606_PWYWFX_c001_rview_f007500.jpg,1
20260707_053606_PWYWFX_c001_rview_f007530.jpg,1
20260707_053606_PWYWFX_c001_rview_f007560.jpg,1
20260707_053606_PWYWFX_c001_rview_f007590.jpg,1
20260707_053606_PWYWFX_c001_rview_f007620.jpg,1
20260707_053606_PWYWFX_c001_rview_f007650.jpg,1
20260707_053606_PWYWFX_c001_rview_f007680.jpg,1
20260707_053606_PWYWFX_c001_rview_f007710.jpg,1
20260707_053606_PWYWFX_c001_rview_f007740.jpg,1
20260707_053606_PWYWFX_c001_rview_f007770.jpg,1
20260707_053606_PWYWFX_c001_rview_f007800.jpg,1
20260707_053606_PWYWFX_c001_rview_f007830.jpg,1
20260707_053606_PWYWFX_c001_rview_f007860.jpg,1
20260707_053606_PWYWFX_c001_rview_f007890.jpg,1
20260707_053606_PWYWFX_c001_rview_f007920.jpg,1
20260707_053606_PWYWFX_c001_rview_f007950.jpg,1
20260707_053606_PWYWFX_c001_rview_f007980.jpg,1
20260707_053606_PWYWFX_c001_rview_f008010.jpg,1
20260707_053606_PWYWFX_c001_rview_f008040.jpg,1
20260707_053606_PWYWFX_c001_rview_f008070.jpg,1
20260707_053606_PWYWFX_c001_rview_f008100.jpg,1
20260707_053606_PWYWFX_c001_rview_f008130.jpg,1
20260707_053606_PWYWFX_c001_rview_f008160.jpg,1
20260707_053606_PWYWFX_c001_rview_f008190.jpg,1
20260707_053606_PWYWFX_c001_rview_f008220.jpg,1
20260707_053606_PWYWFX_c001_rview_f008250.jpg,1
20260707_053606_PWYWFX_c001_rview_f008280.jpg,1
20260707_053606_PWYWFX_c001_rview_f008310.jpg,1
20260707_053606_PWYWFX_c001_rview_f008340.jpg,1
20260707_053606_PWYWFX_c001_rview_f008370.jpg,1
20260707_053606_PWYWFX_c001_rview_f008400.jpg,1
20260707_053606_PWYWFX_c001_rview_f008430.jpg,1
20260707_053606_PWYWFX_c001_rview_f008460.jpg,1
20260707_053606_PWYWFX_c001_rview_f008490.jpg,1
20260707_053606_PWYWFX_c001_rview_f008520.jpg,1
20260707_053606_PWYWFX_c001_rview_f008550.jpg,1
20260707_053606_PWYWFX_c001_rview_f008580.jpg,1
20260707_053606_PWYWFX_c001_rview_f008610.jpg,1
20260707_053606_PWYWFX_c001_rview_f008640.jpg,1
20260707_053606_PWYWFX_c001_rview_f008670.jpg,1
20260707_053606_PWYWFX_c001_rview_f008700.jpg,1
20260707_053606_PWYWFX_c001_rview_f008730.jpg,1
20260707_053606_PWYWFX_c001_rview_f008760.jpg,1
20260707_053606_PWYWFX_c001_rview_f008790.jpg,1
20260707_053606_PWYWFX_c001_rview_f008820.jpg,1
20260707_053606_PWYWFX_c001_rview_f008850.jpg,1
20260707_053606_PWYWFX_c001_rview_f008880.jpg,1
20260707_053606_PWYWFX_c001_rview_f008910.jpg,1
20260707_053606_PWYWFX_c001_rview_f008940.jpg,1
20260707_053606_PWYWFX_c001_rview_f008970.jpg,1
20260707_053606_PWYWFX_c001_rview_f009000.jpg,1
20260707_053606_PWYWFX_c001_rview_f009030.jpg,1
20260707_053606_PWYWFX_c001_rview_f009060.jpg,1
20260707_053606_PWYWFX_c001_rview_f009090.jpg,1
20260707_053606_PWYWFX_c001_rview_f009120.jpg,1
20260707_053606_PWYWFX_c001_rview_f009150.jpg,1
20260707_053606_PWYWFX_c001_rview_f009180.jpg,1
20260707_053606_PWYWFX_c001_rview_f009210.jpg,1
20260707_053606_PWYWFX_c001_rview_f009240.jpg,1
20260707_053606_PWYWFX_c001_rview_f009270.jpg,1
20260707_053606_PWYWFX_c001_rview_f009300.jpg,1
20260707_053606_PWYWFX_c001_rview_f009330.jpg,1
20260707_053606_PWYWFX_c001_rview_f009360.jpg,1
20260707_053606_PWYWFX_c001_rview_f009390.jpg,1
20260707_053606_PWYWFX_c001_rview_f009420.jpg,1
20260707_053606_PWYWFX_c001_rview_f009450.jpg,1
20260707_053606_PWYWFX_c001_rview_f009480.jpg,1
20260707_053606_PWYWFX_c001_rview_f009510.jpg,1
20260707_053606_PWYWFX_c001_rview_f009540.jpg,1
20260707_053606_PWYWFX_c001_rview_f009570.jpg,1
20260707_053606_PWYWFX_c001_rview_f009600.jpg,1
20260707_053606_PWYWFX_c001_rview_f009630.jpg,1
20260707_053606_PWYWFX_c001_rview_f009660.jpg,1
20260707_053606_PWYWFX_c001_rview_f009690.jpg,1
20260707_053606_PWYWFX_c001_rview_f009720.jpg,1
20260707_053606_PWYWFX_c001_rview_f009750.jpg,1
20260707_053606_PWYWFX_c001_rview_f009780.jpg,1
20260707_053606_PWYWFX_c001_rview_f009810.jpg,1
20260707_053606_PWYWFX_c001_rview_f009840.jpg,1
20260707_053606_PWYWFX_c001_rview_f009870.jpg,1
20260707_053606_PWYWFX_c001_rview_f009900.jpg,1
20260707_053606_PWYWFX_c001_rview_f009930.jpg,1
20260707_053606_PWYWFX_c001_rview_f009960.jpg,1
20260707_053606_PWYWFX_c001_rview_f009990.jpg,1
20260707_053606_PWYWFX_c001_rview_f010020.jpg,1
20260707_053606_PWYWFX_c001_rview_f010050.jpg,1
20260707_053606_PWYWFX_c001_rview_f010080.jpg,1
20260707_053606_PWYWFX_c001_rview_f010110.jpg,1
20260707_053606_PWYWFX_c001_rview_f010140.jpg,1
20260707_053606_PWYWFX_c001_rview_f010170.jpg,1
20260707_053606_PWYWFX_c001_rview_f010200.jpg,1
20260707_053606_PWYWFX_c001_rview_f010230.jpg,1
20260707_053606_PWYWFX_c001_rview_f010260.jpg,1
20260707_053606_PWYWFX_c001_rview_f010290.jpg,1
20260707_053606_PWYWFX_c001_rview_f010320.jpg,1
20260707_053606_PWYWFX_c001_rview_f010350.jpg,1
20260707_053606_PWYWFX_c001_rview_f010380.jpg,1
20260707_053606_PWYWFX_c001_rview_f010410.jpg,1
20260707_053606_PWYWFX_c001_rview_f010440.jpg,1
20260707_053606_PWYWFX_c001_rview_f010470.jpg,1
20260707_053606_PWYWFX_c001_rview_f010500.jpg,1
20260707_053606_PWYWFX_c001_rview_f010530.jpg,1
20260707_053606_PWYWFX_c001_rview_f010560.jpg,1
20260707_053606_PWYWFX_c001_rview_f010590.jpg,1
20260707_053606_PWYWFX_c001_rview_f010620.jpg,1
20260707_053606_PWYWFX_c001_rview_f010650.jpg,1
20260707_053606_PWYWFX_c001_rview_f010680.jpg,1
20260707_053606_PWYWFX_c001_rview_f010710.jpg,1
20260707_053606_PWYWFX_c001_rview_f010740.jpg,1
20260707_053606_PWYWFX_c001_rview_f010770.jpg,1
20260709_053256_QSJMDU_c032_lview_f000030.jpg,1
20260709_053256_QSJMDU_c032_lview_f000120.jpg,1
20260709_053256_QSJMDU_c032_lview_f000240.jpg,1
20260709_053256_QSJMDU_c032_lview_f000270.jpg,1
20260709_053256_QSJMDU_c032_lview_f000390.jpg,1
20260709_053256_QSJMDU_c032_lview_f000600.jpg,1
20260709_053256_QSJMDU_c032_lview_f000690.jpg,1
20260709_053256_QSJMDU_c032_lview_f000840.jpg,1
20260709_053256_QSJMDU_c032_lview_f001050.jpg,1
20260709_053256_QSJMDU_c032_lview_f001140.jpg,1
20260709_053256_QSJMDU_c032_lview_f001170.jpg,1
20260709_053256_QSJMDU_c032_lview_f001320.jpg,1
20260709_053256_QSJMDU_c032_lview_f001410.jpg,1
20260709_053256_QSJMDU_c032_lview_f001560.jpg,1
20260709_053256_QSJMDU_c032_lview_f001710.jpg,1
20260709_053256_QSJMDU_c032_lview_f001740.jpg,1
20260709_053256_QSJMDU_c032_lview_f001770.jpg,1
20260709_053256_QSJMDU_c032_lview_f001800.jpg,1
20260709_053256_QSJMDU_c032_lview_f001980.jpg,1
20260709_053256_QSJMDU_c032_lview_f002040.jpg,1
20260709_053256_QSJMDU_c032_lview_f002220.jpg,1
20260709_053256_QSJMDU_c032_lview_f002310.jpg,1
20260709_053256_QSJMDU_c032_lview_f002460.jpg,1
20260709_053256_QSJMDU_c032_lview_f002670.jpg,1
20260709_053256_QSJMDU_c032_lview_f002820.jpg,1
20260709_053256_QSJMDU_c032_lview_f002850.jpg,1
20260709_053256_QSJMDU_c032_lview_f002880.jpg,1
20260709_053256_QSJMDU_c032_lview_f002970.jpg,1
20260709_053256_QSJMDU_c032_lview_f003000.jpg,1
20260709_053256_QSJMDU_c032_lview_f003030.jpg,1
20260709_053256_QSJMDU_c032_lview_f003060.jpg,1
20260709_053256_QSJMDU_c032_lview_f003090.jpg,1
20260709_053256_QSJMDU_c032_lview_f003120.jpg,1
20260709_053256_QSJMDU_c032_lview_f003150.jpg,1
20260709_053256_QSJMDU_c032_lview_f003180.jpg,1
20260709_053256_QSJMDU_c032_lview_f003270.jpg,1
20260709_053256_QSJMDU_c032_lview_f003480.jpg,1
20260709_053256_QSJMDU_c032_lview_f003690.jpg,1
20260709_053256_QSJMDU_c032_lview_f003900.jpg,1
20260709_053256_QSJMDU_c032_lview_f004080.jpg,1
20260709_053256_QSJMDU_c032_lview_f004140.jpg,1
20260709_053256_QSJMDU_c032_lview_f004200.jpg,1
20260709_053256_QSJMDU_c032_lview_f004260.jpg,1
20260709_053256_QSJMDU_c032_lview_f004320.jpg,1
20260709_053256_QSJMDU_c032_lview_f004350.jpg,1
20260709_053256_QSJMDU_c032_lview_f004380.jpg,1
20260709_053256_QSJMDU_c032_lview_f004500.jpg,1
20260709_053256_QSJMDU_c032_lview_f004710.jpg,1
20260709_053256_QSJMDU_c032_lview_f004920.jpg,1
20260709_053256_QSJMDU_c032_lview_f005130.jpg,1
20260709_053256_QSJMDU_c032_lview_f005310.jpg,1
20260709_053256_QSJMDU_c032_lview_f005370.jpg,1
20260709_053256_QSJMDU_c032_lview_f005400.jpg,1
20260709_053256_QSJMDU_c032_lview_f005430.jpg,1
20260709_053256_QSJMDU_c032_lview_f005460.jpg,1
20260709_053256_QSJMDU_c032_lview_f005670.jpg,1
20260709_053256_QSJMDU_c032_lview_f005730.jpg,1
20260709_053256_QSJMDU_c032_lview_f005760.jpg,1
20260709_053256_QSJMDU_c032_lview_f005940.jpg,1
20260709_053256_QSJMDU_c032_lview_f006150.jpg,1
20260709_053256_QSJMDU_c032_lview_f006360.jpg,1
20260709_053256_QSJMDU_c032_lview_f006390.jpg,1
20260709_053256_QSJMDU_c032_lview_f006480.jpg,1
20260709_053256_QSJMDU_c032_lview_f006510.jpg,1
20260709_053256_QSJMDU_c032_lview_f006540.jpg,1
20260709_053256_QSJMDU_c032_lview_f006630.jpg,1
20260709_053256_QSJMDU_c032_lview_f006660.jpg,1
20260709_053256_QSJMDU_c032_lview_f006690.jpg,1
20260709_053256_QSJMDU_c032_lview_f006720.jpg,1
20260709_053256_QSJMDU_c032_lview_f006750.jpg,1
20260709_053256_QSJMDU_c032_lview_f006840.jpg,1
20260709_053256_QSJMDU_c032_lview_f006930.jpg,1
20260709_053256_QSJMDU_c032_lview_f006960.jpg,1
20260709_053256_QSJMDU_c032_lview_f007050.jpg,1
20260709_053256_QSJMDU_c032_lview_f007080.jpg,1
20260709_053256_QSJMDU_c032_lview_f007140.jpg,1
20260709_053256_QSJMDU_c032_lview_f007170.jpg,1
20260709_053256_QSJMDU_c032_lview_f007200.jpg,1
20260709_053256_QSJMDU_c032_lview_f007230.jpg,1
20260709_053256_QSJMDU_c032_lview_f007260.jpg,1
20260709_053256_QSJMDU_c032_lview_f007350.jpg,1
20260709_053256_QSJMDU_c032_lview_f007380.jpg,1
20260709_053256_QSJMDU_c032_lview_f007410.jpg,1
20260709_053256_QSJMDU_c032_lview_f007440.jpg,1
20260709_053256_QSJMDU_c032_lview_f007470.jpg,1
20260709_053256_QSJMDU_c032_lview_f007500.jpg,1
20260709_053256_QSJMDU_c032_lview_f007530.jpg,1
20260709_053256_QSJMDU_c032_lview_f007560.jpg,1
20260709_053256_QSJMDU_c032_lview_f007590.jpg,1
20260709_053256_QSJMDU_c032_lview_f007620.jpg,1
20260709_053256_QSJMDU_c032_lview_f007650.jpg,1
20260709_053256_QSJMDU_c032_lview_f007680.jpg,1
20260709_053256_QSJMDU_c032_lview_f007710.jpg,1
20260709_053256_QSJMDU_c032_lview_f007740.jpg,1
20260709_053256_QSJMDU_c032_lview_f007800.jpg,1
20260709_053256_QSJMDU_c032_lview_f007830.jpg,1
20260709_053256_QSJMDU_c032_lview_f007860.jpg,1
20260709_053256_QSJMDU_c032_lview_f007890.jpg,1
20260709_053256_QSJMDU_c032_lview_f007920.jpg,1
20260709_053256_QSJMDU_c032_lview_f007950.jpg,1
20260709_053256_QSJMDU_c032_lview_f007980.jpg,1
20260709_053256_QSJMDU_c032_lview_f008010.jpg,1
20260709_053256_QSJMDU_c032_lview_f008040.jpg,1
20260709_053256_QSJMDU_c032_lview_f008070.jpg,1
20260709_053256_QSJMDU_c032_lview_f008130.jpg,1
20260709_053256_QSJMDU_c032_lview_f008160.jpg,1
20260709_053256_QSJMDU_c032_lview_f008190.jpg,1
20260709_053256_QSJMDU_c032_lview_f008220.jpg,1
20260709_053256_QSJMDU_c032_lview_f008250.jpg,1
20260709_053256_QSJMDU_c032_lview_f008280.jpg,1
20260709_053256_QSJMDU_c032_lview_f008310.jpg,1
20260709_053256_QSJMDU_c032_lview_f008340.jpg,1
20260709_053256_QSJMDU_c032_lview_f008370.jpg,1
20260709_053256_QSJMDU_c032_lview_f008400.jpg,1
20260709_053256_QSJMDU_c032_lview_f008430.jpg,1
20260709_053256_QSJMDU_c032_lview_f008460.jpg,1
20260709_053256_QSJMDU_c032_lview_f008490.jpg,1
20260709_053256_QSJMDU_c032_lview_f008520.jpg,1
20260709_053256_QSJMDU_c032_lview_f008550.jpg,1
20260709_053256_QSJMDU_c032_lview_f008580.jpg,1
20260709_053256_QSJMDU_c032_lview_f008610.jpg,1
20260709_053256_QSJMDU_c032_lview_f008640.jpg,1
20260709_053256_QSJMDU_c032_lview_f008670.jpg,1
20260709_053256_QSJMDU_c032_lview_f008700.jpg,1
20260709_053256_QSJMDU_c032_lview_f008730.jpg,1
20260709_053256_QSJMDU_c032_lview_f008760.jpg,1
20260709_053256_QSJMDU_c032_lview_f008790.jpg,1
20260709_053256_QSJMDU_c032_lview_f008820.jpg,1
20260709_053256_QSJMDU_c032_lview_f008850.jpg,1
20260709_053256_QSJMDU_c032_lview_f008880.jpg,1
20260709_053256_QSJMDU_c032_lview_f008910.jpg,1
20260709_053256_QSJMDU_c032_lview_f008940.jpg,1
20260709_053256_QSJMDU_c032_lview_f008970.jpg,1
20260709_053256_QSJMDU_c032_lview_f009000.jpg,1
20260709_053256_QSJMDU_c032_lview_f009030.jpg,1
20260709_053256_QSJMDU_c032_lview_f009060.jpg,1
20260709_053256_QSJMDU_c032_lview_f009090.jpg,1
20260709_053256_QSJMDU_c032_lview_f009120.jpg,1
20260709_053256_QSJMDU_c032_lview_f009150.jpg,1
20260709_053256_QSJMDU_c032_lview_f009180.jpg,1
20260709_053256_QSJMDU_c032_lview_f009210.jpg,1
20260709_053256_QSJMDU_c032_lview_f009240.jpg,1
20260709_053256_QSJMDU_c032_lview_f009270.jpg,1
20260709_053256_QSJMDU_c032_lview_f009300.jpg,1
20260709_053256_QSJMDU_c032_lview_f009330.jpg,1
20260709_053256_QSJMDU_c032_lview_f009360.jpg,1
20260709_053256_QSJMDU_c032_lview_f009390.jpg,1
20260709_053256_QSJMDU_c032_lview_f009420.jpg,1
20260709_053256_QSJMDU_c032_lview_f009450.jpg,1
20260709_053256_QSJMDU_c032_lview_f009480.jpg,1
20260709_053256_QSJMDU_c032_lview_f009510.jpg,1
20260709_053256_QSJMDU_c032_lview_f009540.jpg,1
20260709_053256_QSJMDU_c032_lview_f009570.jpg,1
20260709_053256_QSJMDU_c032_lview_f009600.jpg,1
20260709_053256_QSJMDU_c032_lview_f009630.jpg,1
20260709_053256_QSJMDU_c032_lview_f009660.jpg,1
20260709_053256_QSJMDU_c032_lview_f009690.jpg,1
20260709_053256_QSJMDU_c032_lview_f009720.jpg,1
20260709_053256_QSJMDU_c032_lview_f009750.jpg,1
20260709_053256_QSJMDU_c032_lview_f009780.jpg,1
20260709_053256_QSJMDU_c032_lview_f009810.jpg,1
20260709_053256_QSJMDU_c032_lview_f009840.jpg,1
20260709_053256_QSJMDU_c032_lview_f009870.jpg,1
20260709_053256_QSJMDU_c032_lview_f009900.jpg,1
20260709_053256_QSJMDU_c032_lview_f009930.jpg,1
20260709_053256_QSJMDU_c032_lview_f009960.jpg,1
20260709_053256_QSJMDU_c032_lview_f009990.jpg,1
20260709_053256_QSJMDU_c032_lview_f010020.jpg,1
20260709_053256_QSJMDU_c032_lview_f010050.jpg,1
20260709_053256_QSJMDU_c032_lview_f010080.jpg,1
20260709_053256_QSJMDU_c032_lview_f010110.jpg,1
20260709_053256_QSJMDU_c032_lview_f010140.jpg,1
20260709_053256_QSJMDU_c032_lview_f010170.jpg,1
20260709_053256_QSJMDU_c032_lview_f010200.jpg,1
20260709_053256_QSJMDU_c032_lview_f010230.jpg,1
20260709_053256_QSJMDU_c032_lview_f010260.jpg,1
20260709_053256_QSJMDU_c032_lview_f010290.jpg,1
20260709_053256_QSJMDU_c032_lview_f010320.jpg,1
20260709_053256_QSJMDU_c032_lview_f010350.jpg,1
20260709_053256_QSJMDU_c032_lview_f010380.jpg,1
20260709_053256_QSJMDU_c032_lview_f010410.jpg,1
20260709_053256_QSJMDU_c032_lview_f010440.jpg,1
20260709_053256_QSJMDU_c032_lview_f010470.jpg,1
20260709_053256_QSJMDU_c032_lview_f010500.jpg,1
20260709_053256_QSJMDU_c032_lview_f010530.jpg,1
20260709_053256_QSJMDU_c032_lview_f010560.jpg,1
20260709_053256_QSJMDU_c032_lview_f010590.jpg,1
20260709_053256_QSJMDU_c032_lview_f010620.jpg,1
20260709_053256_QSJMDU_c032_lview_f010650.jpg,1
20260709_053256_QSJMDU_c032_lview_f010680.jpg,1
20260709_053256_QSJMDU_c032_lview_f010710.jpg,1
20260709_053256_QSJMDU_c032_lview_f010740.jpg,1
20260709_053256_QSJMDU_c032_lview_f010770.jpg,1
20260709_053256_QSJMDU_c032_rview_f000030.jpg,1
20260709_053256_QSJMDU_c032_rview_f000090.jpg,1
20260709_053256_QSJMDU_c032_rview_f000210.jpg,1
20260709_053256_QSJMDU_c032_rview_f000240.jpg,1
20260709_053256_QSJMDU_c032_rview_f000270.jpg,1
20260709_053256_QSJMDU_c032_rview_f000480.jpg,1
20260709_053256_QSJMDU_c032_rview_f000690.jpg,1
20260709_053256_QSJMDU_c032_rview_f000720.jpg,1
20260709_053256_QSJMDU_c032_rview_f000930.jpg,1
20260709_053256_QSJMDU_c032_rview_f001140.jpg,1
20260709_053256_QSJMDU_c032_rview_f001170.jpg,1
20260709_053256_QSJMDU_c032_rview_f001200.jpg,1
20260709_053256_QSJMDU_c032_rview_f001410.jpg,1
20260709_053256_QSJMDU_c032_rview_f001440.jpg,1
20260709_053256_QSJMDU_c032_rview_f001650.jpg,1
20260709_053256_QSJMDU_c032_rview_f001740.jpg,1
20260709_053256_QSJMDU_c032_rview_f001770.jpg,1
20260709_053256_QSJMDU_c032_rview_f001800.jpg,1
20260709_053256_QSJMDU_c032_rview_f001860.jpg,1
20260709_053256_QSJMDU_c032_rview_f002040.jpg,1
20260709_053256_QSJMDU_c032_rview_f002100.jpg,1
20260709_053256_QSJMDU_c032_rview_f002310.jpg,1
20260709_053256_QSJMDU_c032_rview_f002340.jpg,1
20260709_053256_QSJMDU_c032_rview_f002550.jpg,1
20260709_053256_QSJMDU_c032_rview_f002760.jpg,1
20260709_053256_QSJMDU_c032_rview_f002820.jpg,1
20260709_053256_QSJMDU_c032_rview_f002850.jpg,1
20260709_053256_QSJMDU_c032_rview_f002880.jpg,1
20260709_053256_QSJMDU_c032_rview_f003000.jpg,1
20260709_053256_QSJMDU_c032_rview_f003030.jpg,1
20260709_053256_QSJMDU_c032_rview_f003060.jpg,1
20260709_053256_QSJMDU_c032_rview_f003120.jpg,1
20260709_053256_QSJMDU_c032_rview_f003150.jpg,1
20260709_053256_QSJMDU_c032_rview_f003180.jpg,1
20260709_053256_QSJMDU_c032_rview_f003360.jpg,1
20260709_053256_QSJMDU_c032_rview_f003570.jpg,1
20260709_053256_QSJMDU_c032_rview_f003780.jpg,1
20260709_053256_QSJMDU_c032_rview_f003990.jpg,1
20260709_053256_QSJMDU_c032_rview_f004080.jpg,1
20260709_053256_QSJMDU_c032_rview_f004200.jpg,1
20260709_053256_QSJMDU_c032_rview_f004260.jpg,1
20260709_053256_QSJMDU_c032_rview_f004290.jpg,1
20260709_053256_QSJMDU_c032_rview_f004320.jpg,1
20260709_053256_QSJMDU_c032_rview_f004350.jpg,1
20260709_053256_QSJMDU_c032_rview_f004380.jpg,1
20260709_053256_QSJMDU_c032_rview_f004590.jpg,1
20260709_053256_QSJMDU_c032_rview_f004800.jpg,1
20260709_053256_QSJMDU_c032_rview_f005010.jpg,1
20260709_053256_QSJMDU_c032_rview_f005220.jpg,1
20260709_053256_QSJMDU_c032_rview_f005310.jpg,1
20260709_053256_QSJMDU_c032_rview_f005370.jpg,1
20260709_053256_QSJMDU_c032_rview_f005400.jpg,1
20260709_053256_QSJMDU_c032_rview_f005430.jpg,1
20260709_053256_QSJMDU_c032_rview_f005550.jpg,1
20260709_053256_QSJMDU_c032_rview_f005730.jpg,1
20260709_053256_QSJMDU_c032_rview_f005760.jpg,1
20260709_053256_QSJMDU_c032_rview_f005820.jpg,1
20260709_053256_QSJMDU_c032_rview_f006030.jpg,1
20260709_053256_QSJMDU_c032_rview_f006240.jpg,1
20260709_053256_QSJMDU_c032_rview_f006390.jpg,1
20260709_053256_QSJMDU_c032_rview_f006510.jpg,1
20260709_053256_QSJMDU_c032_rview_f006630.jpg,1
20260709_053256_QSJMDU_c032_rview_f006660.jpg,1
20260709_053256_QSJMDU_c032_rview_f006690.jpg,1
20260709_053256_QSJMDU_c032_rview_f006720.jpg,1
20260709_053256_QSJMDU_c032_rview_f006750.jpg,1
20260709_053256_QSJMDU_c032_rview_f006780.jpg,1
20260709_053256_QSJMDU_c032_rview_f006840.jpg,1
20260709_053256_QSJMDU_c032_rview_f006930.jpg,1
20260709_053256_QSJMDU_c032_rview_f006960.jpg,1
20260709_053256_QSJMDU_c032_rview_f007050.jpg,1
20260709_053256_QSJMDU_c032_rview_f007080.jpg,1
20260709_053256_QSJMDU_c032_rview_f007200.jpg,1
20260709_053256_QSJMDU_c032_rview_f007230.jpg,1
20260709_053256_QSJMDU_c032_rview_f007260.jpg,1
20260709_053256_QSJMDU_c032_rview_f007290.jpg,1
20260709_053256_QSJMDU_c032_rview_f007350.jpg,1
20260709_053256_QSJMDU_c032_rview_f007410.jpg,1
20260709_053256_QSJMDU_c032_rview_f007440.jpg,1
20260709_053256_QSJMDU_c032_rview_f007470.jpg,1
20260709_053256_QSJMDU_c032_rview_f007500.jpg,1
20260709_053256_QSJMDU_c032_rview_f007530.jpg,1
20260709_053256_QSJMDU_c032_rview_f007560.jpg,1
20260709_053256_QSJMDU_c032_rview_f007590.jpg,1
20260709_053256_QSJMDU_c032_rview_f007620.jpg,1
20260709_053256_QSJMDU_c032_rview_f007650.jpg,1
20260709_053256_QSJMDU_c032_rview_f007680.jpg,1
20260709_053256_QSJMDU_c032_rview_f007830.jpg,1
20260709_053256_QSJMDU_c032_rview_f007860.jpg,1
20260709_053256_QSJMDU_c032_rview_f007890.jpg,1
20260709_053256_QSJMDU_c032_rview_f007980.jpg,1
20260709_053256_QSJMDU_c032_rview_f008010.jpg,1
20260709_053256_QSJMDU_c032_rview_f008040.jpg,1
20260709_053256_QSJMDU_c032_rview_f008130.jpg,1
20260709_053256_QSJMDU_c032_rview_f008160.jpg,1
20260709_053256_QSJMDU_c032_rview_f008220.jpg,1
20260709_053256_QSJMDU_c032_rview_f008250.jpg,1
20260709_053256_QSJMDU_c032_rview_f008280.jpg,1
20260709_053256_QSJMDU_c032_rview_f008310.jpg,1
20260709_053256_QSJMDU_c032_rview_f008340.jpg,1
20260709_053256_QSJMDU_c032_rview_f008370.jpg,1
20260709_053256_QSJMDU_c032_rview_f008400.jpg,1
20260709_053256_QSJMDU_c032_rview_f008430.jpg,1
20260709_053256_QSJMDU_c032_rview_f008460.jpg,1
20260709_053256_QSJMDU_c032_rview_f008490.jpg,1
20260709_053256_QSJMDU_c032_rview_f008520.jpg,1
20260709_053256_QSJMDU_c032_rview_f008550.jpg,1
20260709_053256_QSJMDU_c032_rview_f008580.jpg,1
20260709_053256_QSJMDU_c032_rview_f008610.jpg,1
20260709_053256_QSJMDU_c032_rview_f008670.jpg,1
20260709_053256_QSJMDU_c032_rview_f008700.jpg,1
20260709_053256_QSJMDU_c032_rview_f008760.jpg,1
20260709_053256_QSJMDU_c032_rview_f008790.jpg,1
20260709_053256_QSJMDU_c032_rview_f008820.jpg,1
20260709_053256_QSJMDU_c032_rview_f008850.jpg,1
20260709_053256_QSJMDU_c032_rview_f008880.jpg,1
20260709_053256_QSJMDU_c032_rview_f008910.jpg,1
20260709_053256_QSJMDU_c032_rview_f008940.jpg,1
20260709_053256_QSJMDU_c032_rview_f008970.jpg,1
20260709_053256_QSJMDU_c032_rview_f009000.jpg,1
20260709_053256_QSJMDU_c032_rview_f009030.jpg,1
20260709_053256_QSJMDU_c032_rview_f009060.jpg,1
20260709_053256_QSJMDU_c032_rview_f009090.jpg,1
20260709_053256_QSJMDU_c032_rview_f009120.jpg,1
20260709_053256_QSJMDU_c032_rview_f009150.jpg,1
20260709_053256_QSJMDU_c032_rview_f009180.jpg,1
20260709_053256_QSJMDU_c032_rview_f009210.jpg,1
20260709_053256_QSJMDU_c032_rview_f009240.jpg,1
20260709_053256_QSJMDU_c032_rview_f009270.jpg,1
20260709_053256_QSJMDU_c032_rview_f009300.jpg,1
20260709_053256_QSJMDU_c032_rview_f009330.jpg,1
20260709_053256_QSJMDU_c032_rview_f009360.jpg,1
20260709_053256_QSJMDU_c032_rview_f009390.jpg,1
20260709_053256_QSJMDU_c032_rview_f009420.jpg,1
20260709_053256_QSJMDU_c032_rview_f009450.jpg,1
20260709_053256_QSJMDU_c032_rview_f009480.jpg,1
20260709_053256_QSJMDU_c032_rview_f009510.jpg,1
20260709_053256_QSJMDU_c032_rview_f009540.jpg,1
20260709_053256_QSJMDU_c032_rview_f009570.jpg,1
20260709_053256_QSJMDU_c032_rview_f009600.jpg,1
20260709_053256_QSJMDU_c032_rview_f009630.jpg,1
20260709_053256_QSJMDU_c032_rview_f009660.jpg,1
20260709_053256_QSJMDU_c032_rview_f009690.jpg,1
20260709_053256_QSJMDU_c032_rview_f009720.jpg,1
20260709_053256_QSJMDU_c032_rview_f009750.jpg,1
20260709_053256_QSJMDU_c032_rview_f009780.jpg,1
20260709_053256_QSJMDU_c032_rview_f009810.jpg,1
20260709_053256_QSJMDU_c032_rview_f009840.jpg,1
20260709_053256_QSJMDU_c032_rview_f009870.jpg,1
20260709_053256_QSJMDU_c032_rview_f009900.jpg,1
20260709_053256_QSJMDU_c032_rview_f009930.jpg,1
20260709_053256_QSJMDU_c032_rview_f009960.jpg,1
20260709_053256_QSJMDU_c032_rview_f009990.jpg,1
20260709_053256_QSJMDU_c032_rview_f010020.jpg,1
20260709_053256_QSJMDU_c032_rview_f010050.jpg,1
20260709_053256_QSJMDU_c032_rview_f010080.jpg,1
20260709_053256_QSJMDU_c032_rview_f010110.jpg,1
20260709_053256_QSJMDU_c032_rview_f010140.jpg,1
20260709_053256_QSJMDU_c032_rview_f010170.jpg,1
20260709_053256_QSJMDU_c032_rview_f010200.jpg,1
20260709_053256_QSJMDU_c032_rview_f010230.jpg,1
20260709_053256_QSJMDU_c032_rview_f010260.jpg,1
20260709_053256_QSJMDU_c032_rview_f010290.jpg,1
20260709_053256_QSJMDU_c032_rview_f010320.jpg,1
20260709_053256_QSJMDU_c032_rview_f010350.jpg,1
20260709_053256_QSJMDU_c032_rview_f010380.jpg,1
20260709_053256_QSJMDU_c032_rview_f010410.jpg,1
20260709_053256_QSJMDU_c032_rview_f010440.jpg,1
20260709_053256_QSJMDU_c032_rview_f010470.jpg,1
20260709_053256_QSJMDU_c032_rview_f010500.jpg,1
20260709_053256_QSJMDU_c032_rview_f010530.jpg,1
20260709_053256_QSJMDU_c032_rview_f010560.jpg,1
20260709_053256_QSJMDU_c032_rview_f010590.jpg,1
20260709_053256_QSJMDU_c032_rview_f010620.jpg,1
20260709_053256_QSJMDU_c032_rview_f010650.jpg,1
20260709_053256_QSJMDU_c032_rview_f010680.jpg,1
20260709_053256_QSJMDU_c032_rview_f010710.jpg,1
20260709_053256_QSJMDU_c032_rview_f010740.jpg,1
20260709_053256_QSJMDU_c032_rview_f010770.jpg,1
20260709_084335_TYCPQN_c000_lview_f000180.jpg,1
20260709_084335_TYCPQN_c000_lview_f000390.jpg,1
20260709_084335_TYCPQN_c000_lview_f000600.jpg,1
20260709_084335_TYCPQN_c000_lview_f000930.jpg,1
20260709_084335_TYCPQN_c000_lview_f001140.jpg,1
20260709_084335_TYCPQN_c000_lview_f001350.jpg,1
20260709_084335_TYCPQN_c000_lview_f001560.jpg,1
20260709_084335_TYCPQN_c000_lview_f001800.jpg,1
20260709_084335_TYCPQN_c000_lview_f002010.jpg,1
20260709_084335_TYCPQN_c000_lview_f002220.jpg,1
20260709_084335_TYCPQN_c000_lview_f002430.jpg,1
20260709_084335_TYCPQN_c000_lview_f002670.jpg,1
20260709_084335_TYCPQN_c000_lview_f002880.jpg,1
20260709_084335_TYCPQN_c000_lview_f003090.jpg,1
20260709_084335_TYCPQN_c000_lview_f003300.jpg,1
20260709_084335_TYCPQN_c000_lview_f003510.jpg,1
20260709_084335_TYCPQN_c000_lview_f003720.jpg,1
20260709_084335_TYCPQN_c000_lview_f003930.jpg,1
20260709_084335_TYCPQN_c000_lview_f004080.jpg,1
20260709_084335_TYCPQN_c000_lview_f004170.jpg,1
20260709_084335_TYCPQN_c000_lview_f004380.jpg,1
20260709_084335_TYCPQN_c000_lview_f004590.jpg,1
20260709_084335_TYCPQN_c000_lview_f004800.jpg,1
20260709_084335_TYCPQN_c000_lview_f005010.jpg,1
20260709_084335_TYCPQN_c000_lview_f005220.jpg,1
20260709_084335_TYCPQN_c000_lview_f005430.jpg,1
20260709_084335_TYCPQN_c000_lview_f005640.jpg,1
20260709_084335_TYCPQN_c000_lview_f005850.jpg,1
20260709_084335_TYCPQN_c000_lview_f005910.jpg,1
20260709_084335_TYCPQN_c000_lview_f005940.jpg,1
20260709_084335_TYCPQN_c000_lview_f005970.jpg,1
20260709_084335_TYCPQN_c000_lview_f006000.jpg,1
20260709_084335_TYCPQN_c000_lview_f006030.jpg,1
20260709_084335_TYCPQN_c000_lview_f006210.jpg,1
20260709_084335_TYCPQN_c000_lview_f006420.jpg,1
20260709_084335_TYCPQN_c000_lview_f006630.jpg,1
20260709_084335_TYCPQN_c000_lview_f006840.jpg,1
20260709_084335_TYCPQN_c000_lview_f007050.jpg,1
20260709_084335_TYCPQN_c000_lview_f007260.jpg,1
20260709_084335_TYCPQN_c000_lview_f007500.jpg,1
20260709_084335_TYCPQN_c000_lview_f007710.jpg,1
20260709_084335_TYCPQN_c000_lview_f007830.jpg,1
20260709_084335_TYCPQN_c000_lview_f007860.jpg,1
20260709_084335_TYCPQN_c000_lview_f007890.jpg,1
20260709_084335_TYCPQN_c000_lview_f007920.jpg,1
20260709_084335_TYCPQN_c000_lview_f007980.jpg,1
20260709_084335_TYCPQN_c000_lview_f008070.jpg,1
20260709_084335_TYCPQN_c000_lview_f008190.jpg,1
20260709_084335_TYCPQN_c000_lview_f008280.jpg,1
20260709_084335_TYCPQN_c000_lview_f008460.jpg,1
20260709_084335_TYCPQN_c000_lview_f008670.jpg,1
20260709_084335_TYCPQN_c000_lview_f008790.jpg,1
20260709_084335_TYCPQN_c000_lview_f008820.jpg,1
20260709_084335_TYCPQN_c000_lview_f008850.jpg,1
20260709_084335_TYCPQN_c000_lview_f008880.jpg,1
20260709_084335_TYCPQN_c000_lview_f009030.jpg,1
20260709_084335_TYCPQN_c000_lview_f009240.jpg,1
20260709_084335_TYCPQN_c000_lview_f009330.jpg,1
20260709_084335_TYCPQN_c000_lview_f009480.jpg,1
20260709_084335_TYCPQN_c000_lview_f009690.jpg,1
20260709_084335_TYCPQN_c000_lview_f009810.jpg,1
20260709_084335_TYCPQN_c000_lview_f009840.jpg,1
20260709_084335_TYCPQN_c000_lview_f009900.jpg,1
20260709_084335_TYCPQN_c000_lview_f010050.jpg,1
20260709_084335_TYCPQN_c000_lview_f010260.jpg,1
20260709_084335_TYCPQN_c000_lview_f010470.jpg,1
20260709_084335_TYCPQN_c000_lview_f010680.jpg,1
20260709_084335_TYCPQN_c000_rview_f000060.jpg,1
20260709_084335_TYCPQN_c000_rview_f000270.jpg,1
20260709_084335_TYCPQN_c000_rview_f000480.jpg,1
20260709_084335_TYCPQN_c000_rview_f000690.jpg,1
20260709_084335_TYCPQN_c000_rview_f000780.jpg,1
20260709_084335_TYCPQN_c000_rview_f000810.jpg,1
20260709_084335_TYCPQN_c000_rview_f001020.jpg,1
20260709_084335_TYCPQN_c000_rview_f001230.jpg,1
20260709_084335_TYCPQN_c000_rview_f001440.jpg,1
20260709_084335_TYCPQN_c000_rview_f001650.jpg,1
20260709_084335_TYCPQN_c000_rview_f001710.jpg,1
20260709_084335_TYCPQN_c000_rview_f001740.jpg,1
20260709_084335_TYCPQN_c000_rview_f001890.jpg,1
20260709_084335_TYCPQN_c000_rview_f002100.jpg,1
20260709_084335_TYCPQN_c000_rview_f002310.jpg,1
20260709_084335_TYCPQN_c000_rview_f002520.jpg,1
20260709_084335_TYCPQN_c000_rview_f002580.jpg,1
20260709_084335_TYCPQN_c000_rview_f002610.jpg,1
20260709_084335_TYCPQN_c000_rview_f002760.jpg,1
20260709_084335_TYCPQN_c000_rview_f002970.jpg,1
20260709_084335_TYCPQN_c000_rview_f003180.jpg,1
20260709_084335_TYCPQN_c000_rview_f003390.jpg,1
20260709_084335_TYCPQN_c000_rview_f003600.jpg,1
20260709_084335_TYCPQN_c000_rview_f003810.jpg,1
20260709_084335_TYCPQN_c000_rview_f004020.jpg,1
20260709_084335_TYCPQN_c000_rview_f004080.jpg,1
20260709_084335_TYCPQN_c000_rview_f004260.jpg,1
20260709_084335_TYCPQN_c000_rview_f004470.jpg,1
20260709_084335_TYCPQN_c000_rview_f004680.jpg,1
20260709_084335_TYCPQN_c000_rview_f004890.jpg,1
20260709_084335_TYCPQN_c000_rview_f005100.jpg,1
20260709_084335_TYCPQN_c000_rview_f005310.jpg,1
20260709_084335_TYCPQN_c000_rview_f005520.jpg,1
20260709_084335_TYCPQN_c000_rview_f005730.jpg,1
20260709_084335_TYCPQN_c000_rview_f005910.jpg,1
20260709_084335_TYCPQN_c000_rview_f005940.jpg,1
20260709_084335_TYCPQN_c000_rview_f005970.jpg,1
20260709_084335_TYCPQN_c000_rview_f006000.jpg,1
20260709_084335_TYCPQN_c000_rview_f006030.jpg,1
20260709_084335_TYCPQN_c000_rview_f006090.jpg,1
20260709_084335_TYCPQN_c000_rview_f006300.jpg,1
20260709_084335_TYCPQN_c000_rview_f006510.jpg,1
20260709_084335_TYCPQN_c000_rview_f006720.jpg,1
20260709_084335_TYCPQN_c000_rview_f006930.jpg,1
20260709_084335_TYCPQN_c000_rview_f007140.jpg,1
20260709_084335_TYCPQN_c000_rview_f007350.jpg,1
20260709_084335_TYCPQN_c000_rview_f007440.jpg,1
20260709_084335_TYCPQN_c000_rview_f007470.jpg,1
20260709_084335_TYCPQN_c000_rview_f007590.jpg,1
20260709_084335_TYCPQN_c000_rview_f007800.jpg,1
20260709_084335_TYCPQN_c000_rview_f007830.jpg,1
20260709_084335_TYCPQN_c000_rview_f007860.jpg,1
20260709_084335_TYCPQN_c000_rview_f007890.jpg,1
20260709_084335_TYCPQN_c000_rview_f007920.jpg,1
20260709_084335_TYCPQN_c000_rview_f007950.jpg,1
20260709_084335_TYCPQN_c000_rview_f007980.jpg,1
20260709_084335_TYCPQN_c000_rview_f008010.jpg,1
20260709_084335_TYCPQN_c000_rview_f008040.jpg,1
20260709_084335_TYCPQN_c000_rview_f008070.jpg,1
20260709_084335_TYCPQN_c000_rview_f008100.jpg,1
20260709_084335_TYCPQN_c000_rview_f008130.jpg,1
20260709_084335_TYCPQN_c000_rview_f008160.jpg,1
20260709_084335_TYCPQN_c000_rview_f008190.jpg,1
20260709_084335_TYCPQN_c000_rview_f008250.jpg,1
20260709_084335_TYCPQN_c000_rview_f008280.jpg,1
20260709_084335_TYCPQN_c000_rview_f008340.jpg,1
20260709_084335_TYCPQN_c000_rview_f008550.jpg,1
20260709_084335_TYCPQN_c000_rview_f008700.jpg,1
20260709_084335_TYCPQN_c000_rview_f008730.jpg,1
20260709_084335_TYCPQN_c000_rview_f008790.jpg,1
20260709_084335_TYCPQN_c000_rview_f008820.jpg,1
20260709_084335_TYCPQN_c000_rview_f008850.jpg,1
20260709_084335_TYCPQN_c000_rview_f008880.jpg,1
20260709_084335_TYCPQN_c000_rview_f008910.jpg,1
20260709_084335_TYCPQN_c000_rview_f009120.jpg,1
20260709_084335_TYCPQN_c000_rview_f009330.jpg,1
20260709_084335_TYCPQN_c000_rview_f009360.jpg,1
20260709_084335_TYCPQN_c000_rview_f009570.jpg,1
20260709_084335_TYCPQN_c000_rview_f009780.jpg,1
20260709_084335_TYCPQN_c000_rview_f009930.jpg,1
20260709_084335_TYCPQN_c000_rview_f010140.jpg,1
20260709_084335_TYCPQN_c000_rview_f010350.jpg,1
20260709_084335_TYCPQN_c000_rview_f010560.jpg,1
20260709_084335_TYCPQN_c000_rview_f010770.jpg,1
20260710_062959_GPSRFB_c005_lview_f000060.jpg,1
20260710_062959_GPSRFB_c005_lview_f000270.jpg,1
20260710_062959_GPSRFB_c005_lview_f000480.jpg,1
20260710_062959_GPSRFB_c005_lview_f000690.jpg,1
20260710_062959_GPSRFB_c005_lview_f000900.jpg,1
20260710_062959_GPSRFB_c005_lview_f001110.jpg,1
20260710_062959_GPSRFB_c005_lview_f001320.jpg,1
20260710_062959_GPSRFB_c005_lview_f001530.jpg,1
20260710_062959_GPSRFB_c005_lview_f001740.jpg,1
20260710_062959_GPSRFB_c005_lview_f001950.jpg,1
20260710_062959_GPSRFB_c005_lview_f002160.jpg,1
20260710_062959_GPSRFB_c005_lview_f002370.jpg,1
20260710_062959_GPSRFB_c005_lview_f002580.jpg,1
20260710_062959_GPSRFB_c005_lview_f002790.jpg,1
20260710_062959_GPSRFB_c005_lview_f003000.jpg,1
20260710_062959_GPSRFB_c005_lview_f003210.jpg,1
20260710_062959_GPSRFB_c005_lview_f003300.jpg,1
20260710_062959_GPSRFB_c005_lview_f003330.jpg,1
20260710_062959_GPSRFB_c005_lview_f003480.jpg,1
20260710_062959_GPSRFB_c005_lview_f003690.jpg,1
20260710_062959_GPSRFB_c005_lview_f003900.jpg,1
20260710_062959_GPSRFB_c005_lview_f004110.jpg,1
20260710_062959_GPSRFB_c005_lview_f004320.jpg,1
20260710_062959_GPSRFB_c005_lview_f004530.jpg,1
20260710_062959_GPSRFB_c005_lview_f004740.jpg,1
20260710_062959_GPSRFB_c005_lview_f004950.jpg,1
20260710_062959_GPSRFB_c005_lview_f005160.jpg,1
20260710_062959_GPSRFB_c005_lview_f005370.jpg,1
20260710_062959_GPSRFB_c005_lview_f005580.jpg,1
20260710_062959_GPSRFB_c005_lview_f005790.jpg,1
20260710_062959_GPSRFB_c005_lview_f006000.jpg,1
20260710_062959_GPSRFB_c005_lview_f006210.jpg,1
20260710_062959_GPSRFB_c005_lview_f006420.jpg,1
20260710_062959_GPSRFB_c005_lview_f006630.jpg,1
20260710_062959_GPSRFB_c005_lview_f006840.jpg,1
20260710_062959_GPSRFB_c005_lview_f007050.jpg,1
20260710_062959_GPSRFB_c005_lview_f007260.jpg,1
20260710_062959_GPSRFB_c005_lview_f007470.jpg,1
20260710_062959_GPSRFB_c005_lview_f007680.jpg,1
20260710_062959_GPSRFB_c005_lview_f007890.jpg,1
20260710_062959_GPSRFB_c005_lview_f008100.jpg,1
20260710_062959_GPSRFB_c005_lview_f008310.jpg,1
20260710_062959_GPSRFB_c005_lview_f008520.jpg,1
20260710_062959_GPSRFB_c005_lview_f008730.jpg,1
20260710_062959_GPSRFB_c005_lview_f008940.jpg,1
20260710_062959_GPSRFB_c005_lview_f009150.jpg,1
20260710_062959_GPSRFB_c005_lview_f009360.jpg,1
20260710_062959_GPSRFB_c005_lview_f009570.jpg,1
20260710_062959_GPSRFB_c005_lview_f009780.jpg,1
20260710_062959_GPSRFB_c005_lview_f009990.jpg,1
20260710_062959_GPSRFB_c005_lview_f010200.jpg,1
20260710_062959_GPSRFB_c005_lview_f010410.jpg,1
20260710_062959_GPSRFB_c005_lview_f010620.jpg,1
20260710_062959_GPSRFB_c005_rview_f000150.jpg,1
20260710_062959_GPSRFB_c005_rview_f000360.jpg,1
20260710_062959_GPSRFB_c005_rview_f000570.jpg,1
20260710_062959_GPSRFB_c005_rview_f000780.jpg,1
20260710_062959_GPSRFB_c005_rview_f000990.jpg,1
20260710_062959_GPSRFB_c005_rview_f001200.jpg,1
20260710_062959_GPSRFB_c005_rview_f001410.jpg,1
20260710_062959_GPSRFB_c005_rview_f001620.jpg,1
20260710_062959_GPSRFB_c005_rview_f001830.jpg,1
20260710_062959_GPSRFB_c005_rview_f002040.jpg,1
20260710_062959_GPSRFB_c005_rview_f002250.jpg,1
20260710_062959_GPSRFB_c005_rview_f002460.jpg,1
20260710_062959_GPSRFB_c005_rview_f002670.jpg,1
20260710_062959_GPSRFB_c005_rview_f002880.jpg,1
20260710_062959_GPSRFB_c005_rview_f003090.jpg,1
20260710_062959_GPSRFB_c005_rview_f003300.jpg,1
20260710_062959_GPSRFB_c005_rview_f003330.jpg,1
20260710_062959_GPSRFB_c005_rview_f003360.jpg,1
20260710_062959_GPSRFB_c005_rview_f003570.jpg,1
20260710_062959_GPSRFB_c005_rview_f003780.jpg,1
20260710_062959_GPSRFB_c005_rview_f003990.jpg,1
20260710_062959_GPSRFB_c005_rview_f004200.jpg,1
20260710_062959_GPSRFB_c005_rview_f004410.jpg,1
20260710_062959_GPSRFB_c005_rview_f004620.jpg,1
20260710_062959_GPSRFB_c005_rview_f004830.jpg,1
20260710_062959_GPSRFB_c005_rview_f005040.jpg,1
20260710_062959_GPSRFB_c005_rview_f005250.jpg,1
20260710_062959_GPSRFB_c005_rview_f005460.jpg,1
20260710_062959_GPSRFB_c005_rview_f005670.jpg,1
20260710_062959_GPSRFB_c005_rview_f005880.jpg,1
20260710_062959_GPSRFB_c005_rview_f006090.jpg,1
20260710_062959_GPSRFB_c005_rview_f006300.jpg,1
20260710_062959_GPSRFB_c005_rview_f006510.jpg,1
20260710_062959_GPSRFB_c005_rview_f006720.jpg,1
20260710_062959_GPSRFB_c005_rview_f006930.jpg,1
20260710_062959_GPSRFB_c005_rview_f007140.jpg,1
20260710_062959_GPSRFB_c005_rview_f007350.jpg,1
20260710_062959_GPSRFB_c005_rview_f007560.jpg,1
20260710_062959_GPSRFB_c005_rview_f007770.jpg,1
20260710_062959_GPSRFB_c005_rview_f007980.jpg,1
20260710_062959_GPSRFB_c005_rview_f008190.jpg,1
20260710_062959_GPSRFB_c005_rview_f008400.jpg,1
20260710_062959_GPSRFB_c005_rview_f008610.jpg,1
20260710_062959_GPSRFB_c005_rview_f008820.jpg,1
20260710_062959_GPSRFB_c005_rview_f009030.jpg,1
20260710_062959_GPSRFB_c005_rview_f009240.jpg,1
20260710_062959_GPSRFB_c005_rview_f009450.jpg,1
20260710_062959_GPSRFB_c005_rview_f009660.jpg,1
20260710_062959_GPSRFB_c005_rview_f009870.jpg,1
20260710_062959_GPSRFB_c005_rview_f010080.jpg,1
20260710_062959_GPSRFB_c005_rview_f010290.jpg,1
20260710_062959_GPSRFB_c005_rview_f010500.jpg,1
20260710_062959_GPSRFB_c005_rview_f010710.jpg,1
20260710_081124_BFPKMU_c003_lview_f000030.jpg,1
20260710_081124_BFPKMU_c003_lview_f000090.jpg,1
20260710_081124_BFPKMU_c003_lview_f000120.jpg,1
20260710_081124_BFPKMU_c003_lview_f000150.jpg,1
20260710_081124_BFPKMU_c003_lview_f000180.jpg,1
20260710_081124_BFPKMU_c003_lview_f000210.jpg,1
20260710_081124_BFPKMU_c003_lview_f000240.jpg,1
20260710_081124_BFPKMU_c003_lview_f000270.jpg,1
20260710_081124_BFPKMU_c003_lview_f000450.jpg,1
20260710_081124_BFPKMU_c003_lview_f000660.jpg,1
20260710_081124_BFPKMU_c003_lview_f000870.jpg,1
20260710_081124_BFPKMU_c003_lview_f000900.jpg,1
20260710_081124_BFPKMU_c003_lview_f000930.jpg,1
20260710_081124_BFPKMU_c003_lview_f000960.jpg,1
20260710_081124_BFPKMU_c003_lview_f000990.jpg,1
20260710_081124_BFPKMU_c003_lview_f001020.jpg,1
20260710_081124_BFPKMU_c003_lview_f001230.jpg,1
20260710_081124_BFPKMU_c003_lview_f001860.jpg,1
20260710_081124_BFPKMU_c003_lview_f002070.jpg,1
20260710_081124_BFPKMU_c003_lview_f002280.jpg,1
20260710_081124_BFPKMU_c003_lview_f002490.jpg,1
20260710_081124_BFPKMU_c003_lview_f002700.jpg,1
20260710_081124_BFPKMU_c003_lview_f002760.jpg,1
20260710_081124_BFPKMU_c003_lview_f002940.jpg,1
20260710_081124_BFPKMU_c003_lview_f003150.jpg,1
20260710_081124_BFPKMU_c003_lview_f003360.jpg,1
20260710_081124_BFPKMU_c003_lview_f003570.jpg,1
20260710_081124_BFPKMU_c003_lview_f003780.jpg,1
20260710_081124_BFPKMU_c003_lview_f003990.jpg,1
20260710_081124_BFPKMU_c003_lview_f004200.jpg,1
20260710_081124_BFPKMU_c003_lview_f004410.jpg,1
20260710_081124_BFPKMU_c003_lview_f004470.jpg,1
20260710_081124_BFPKMU_c003_lview_f004650.jpg,1
20260710_081124_BFPKMU_c003_lview_f004860.jpg,1
20260710_081124_BFPKMU_c003_lview_f005070.jpg,1
20260710_081124_BFPKMU_c003_lview_f005280.jpg,1
20260710_081124_BFPKMU_c003_lview_f005490.jpg,1
20260710_081124_BFPKMU_c003_lview_f005700.jpg,1
20260710_081124_BFPKMU_c003_lview_f005910.jpg,1
20260710_081124_BFPKMU_c003_lview_f006120.jpg,1
20260710_081124_BFPKMU_c003_lview_f006150.jpg,1
20260710_081124_BFPKMU_c003_lview_f006300.jpg,1
20260710_081124_BFPKMU_c003_lview_f006330.jpg,1
20260710_081124_BFPKMU_c003_lview_f006420.jpg,1
20260710_081124_BFPKMU_c003_lview_f006630.jpg,1
20260710_081124_BFPKMU_c003_lview_f006840.jpg,1
20260710_081124_BFPKMU_c003_lview_f007050.jpg,1
20260710_081124_BFPKMU_c003_lview_f007260.jpg,1
20260710_081124_BFPKMU_c003_lview_f007470.jpg,1
20260710_081124_BFPKMU_c003_lview_f007680.jpg,1
20260710_081124_BFPKMU_c003_lview_f007890.jpg,1
20260710_081124_BFPKMU_c003_lview_f008100.jpg,1
20260710_081124_BFPKMU_c003_lview_f008310.jpg,1
20260710_081124_BFPKMU_c003_lview_f008520.jpg,1
20260710_081124_BFPKMU_c003_lview_f008730.jpg,1
20260710_081124_BFPKMU_c003_lview_f008940.jpg,1
20260710_081124_BFPKMU_c003_lview_f009060.jpg,1
20260710_081124_BFPKMU_c003_lview_f009180.jpg,1
20260710_081124_BFPKMU_c003_lview_f009390.jpg,1
20260710_081124_BFPKMU_c003_lview_f009600.jpg,1
20260710_081124_BFPKMU_c003_lview_f009810.jpg,1
20260710_081124_BFPKMU_c003_lview_f010020.jpg,1
20260710_081124_BFPKMU_c003_lview_f010230.jpg,1
20260710_081124_BFPKMU_c003_lview_f010440.jpg,1
20260710_081124_BFPKMU_c003_lview_f010650.jpg,1
20260710_081124_BFPKMU_c003_lview_f010710.jpg,1
20260710_081124_BFPKMU_c003_lview_f010740.jpg,1
20260710_081124_BFPKMU_c003_rview_f000090.jpg,1
20260710_081124_BFPKMU_c003_rview_f000120.jpg,1
20260710_081124_BFPKMU_c003_rview_f000150.jpg,1
20260710_081124_BFPKMU_c003_rview_f000180.jpg,1
20260710_081124_BFPKMU_c003_rview_f000210.jpg,1
20260710_081124_BFPKMU_c003_rview_f000240.jpg,1
20260710_081124_BFPKMU_c003_rview_f000270.jpg,1
20260710_081124_BFPKMU_c003_rview_f000330.jpg,1
20260710_081124_BFPKMU_c003_rview_f000540.jpg,1
20260710_081124_BFPKMU_c003_rview_f000750.jpg,1
20260710_081124_BFPKMU_c003_rview_f000870.jpg,1
20260710_081124_BFPKMU_c003_rview_f000900.jpg,1
20260710_081124_BFPKMU_c003_rview_f000930.jpg,1
20260710_081124_BFPKMU_c003_rview_f000960.jpg,1
20260710_081124_BFPKMU_c003_rview_f000990.jpg,1
20260710_081124_BFPKMU_c003_rview_f001110.jpg,1
20260710_081124_BFPKMU_c003_rview_f001320.jpg,1
20260710_081124_BFPKMU_c003_rview_f001950.jpg,1
20260710_081124_BFPKMU_c003_rview_f002160.jpg,1
20260710_081124_BFPKMU_c003_rview_f002370.jpg,1
20260710_081124_BFPKMU_c003_rview_f002580.jpg,1
20260710_081124_BFPKMU_c003_rview_f002760.jpg,1
20260710_081124_BFPKMU_c003_rview_f002820.jpg,1
20260710_081124_BFPKMU_c003_rview_f003030.jpg,1
20260710_081124_BFPKMU_c003_rview_f003240.jpg,1
20260710_081124_BFPKMU_c003_rview_f003450.jpg,1
20260710_081124_BFPKMU_c003_rview_f003660.jpg,1
20260710_081124_BFPKMU_c003_rview_f003870.jpg,1
20260710_081124_BFPKMU_c003_rview_f004080.jpg,1
20260710_081124_BFPKMU_c003_rview_f004290.jpg,1
20260710_081124_BFPKMU_c003_rview_f004470.jpg,1
20260710_081124_BFPKMU_c003_rview_f004530.jpg,1
20260710_081124_BFPKMU_c003_rview_f004740.jpg,1
20260710_081124_BFPKMU_c003_rview_f004950.jpg,1
20260710_081124_BFPKMU_c003_rview_f005160.jpg,1
20260710_081124_BFPKMU_c003_rview_f005370.jpg,1
20260710_081124_BFPKMU_c003_rview_f005580.jpg,1
20260710_081124_BFPKMU_c003_rview_f005790.jpg,1
20260710_081124_BFPKMU_c003_rview_f006000.jpg,1
20260710_081124_BFPKMU_c003_rview_f006150.jpg,1
20260710_081124_BFPKMU_c003_rview_f006240.jpg,1
20260710_081124_BFPKMU_c003_rview_f006300.jpg,1
20260710_081124_BFPKMU_c003_rview_f006330.jpg,1
20260710_081124_BFPKMU_c003_rview_f006510.jpg,1
20260710_081124_BFPKMU_c003_rview_f006720.jpg,1
20260710_081124_BFPKMU_c003_rview_f006930.jpg,1
20260710_081124_BFPKMU_c003_rview_f007140.jpg,1
20260710_081124_BFPKMU_c003_rview_f007350.jpg,1
20260710_081124_BFPKMU_c003_rview_f007560.jpg,1
20260710_081124_BFPKMU_c003_rview_f007770.jpg,1
20260710_081124_BFPKMU_c003_rview_f007980.jpg,1
20260710_081124_BFPKMU_c003_rview_f008190.jpg,1
20260710_081124_BFPKMU_c003_rview_f008400.jpg,1
20260710_081124_BFPKMU_c003_rview_f008610.jpg,1
20260710_081124_BFPKMU_c003_rview_f008820.jpg,1
20260710_081124_BFPKMU_c003_rview_f009030.jpg,1
20260710_081124_BFPKMU_c003_rview_f009060.jpg,1
20260710_081124_BFPKMU_c003_rview_f009270.jpg,1
20260710_081124_BFPKMU_c003_rview_f009480.jpg,1
20260710_081124_BFPKMU_c003_rview_f009690.jpg,1
20260710_081124_BFPKMU_c003_rview_f009900.jpg,1
20260710_081124_BFPKMU_c003_rview_f010110.jpg,1
20260710_081124_BFPKMU_c003_rview_f010320.jpg,1
20260710_081124_BFPKMU_c003_rview_f010530.jpg,1
20260710_081124_BFPKMU_c003_rview_f010710.jpg,1
20260714_054105_YWEEDD_c019_lview_f000000.jpg,1
20260714_054105_YWEEDD_c019_lview_f000030.jpg,1
20260714_054105_YWEEDD_c019_lview_f000060.jpg,1
20260714_054105_YWEEDD_c019_lview_f000090.jpg,1
20260714_054105_YWEEDD_c019_lview_f000120.jpg,1
20260714_054105_YWEEDD_c019_lview_f000150.jpg,1
20260714_054105_YWEEDD_c019_lview_f000180.jpg,1
20260714_054105_YWEEDD_c019_lview_f000210.jpg,1
20260714_054105_YWEEDD_c019_lview_f000240.jpg,1
20260714_054105_YWEEDD_c019_lview_f000270.jpg,1
20260714_054105_YWEEDD_c019_lview_f000300.jpg,1
20260714_054105_YWEEDD_c019_lview_f000330.jpg,1
20260714_054105_YWEEDD_c019_lview_f000360.jpg,1
20260714_054105_YWEEDD_c019_lview_f000390.jpg,1
20260714_054105_YWEEDD_c019_lview_f000420.jpg,1
20260714_054105_YWEEDD_c019_lview_f000450.jpg,1
20260714_054105_YWEEDD_c019_lview_f000480.jpg,1
20260714_054105_YWEEDD_c019_lview_f000510.jpg,1
20260714_054105_YWEEDD_c019_lview_f000540.jpg,1
20260714_054105_YWEEDD_c019_lview_f000570.jpg,1
20260714_054105_YWEEDD_c019_lview_f000600.jpg,1
20260714_054105_YWEEDD_c019_lview_f000630.jpg,1
20260714_054105_YWEEDD_c019_lview_f000660.jpg,1
20260714_054105_YWEEDD_c019_lview_f000690.jpg,1
20260714_054105_YWEEDD_c019_lview_f000720.jpg,1
20260714_054105_YWEEDD_c019_lview_f000750.jpg,1
20260714_054105_YWEEDD_c019_lview_f000780.jpg,1
20260714_054105_YWEEDD_c019_lview_f000810.jpg,1
20260714_054105_YWEEDD_c019_lview_f000840.jpg,1
20260714_054105_YWEEDD_c019_lview_f000870.jpg,1
20260714_054105_YWEEDD_c019_lview_f000900.jpg,1
20260714_054105_YWEEDD_c019_lview_f000930.jpg,1
20260714_054105_YWEEDD_c019_lview_f000960.jpg,1
20260714_054105_YWEEDD_c019_lview_f000990.jpg,1
20260714_054105_YWEEDD_c019_lview_f001020.jpg,1
20260714_054105_YWEEDD_c019_lview_f001050.jpg,1
20260714_054105_YWEEDD_c019_lview_f001080.jpg,1
20260714_054105_YWEEDD_c019_lview_f001110.jpg,1
20260714_054105_YWEEDD_c019_lview_f001140.jpg,1
20260714_054105_YWEEDD_c019_lview_f001170.jpg,1
20260714_054105_YWEEDD_c019_lview_f001200.jpg,1
20260714_054105_YWEEDD_c019_lview_f001230.jpg,1
20260714_054105_YWEEDD_c019_lview_f001260.jpg,1
20260714_054105_YWEEDD_c019_lview_f001290.jpg,1
20260714_054105_YWEEDD_c019_lview_f001320.jpg,1
20260714_054105_YWEEDD_c019_lview_f001350.jpg,1
20260714_054105_YWEEDD_c019_lview_f001380.jpg,1
20260714_054105_YWEEDD_c019_lview_f001410.jpg,1
20260714_054105_YWEEDD_c019_lview_f001440.jpg,1
20260714_054105_YWEEDD_c019_lview_f001470.jpg,1
20260714_054105_YWEEDD_c019_lview_f001500.jpg,1
20260714_054105_YWEEDD_c019_lview_f001530.jpg,1
20260714_054105_YWEEDD_c019_lview_f001560.jpg,1
20260714_054105_YWEEDD_c019_lview_f001590.jpg,1
20260714_054105_YWEEDD_c019_lview_f001620.jpg,1
20260714_054105_YWEEDD_c019_lview_f001650.jpg,1
20260714_054105_YWEEDD_c019_lview_f001680.jpg,1
20260714_054105_YWEEDD_c019_lview_f001710.jpg,1
20260714_054105_YWEEDD_c019_lview_f001740.jpg,1
20260714_054105_YWEEDD_c019_lview_f001770.jpg,1
20260714_054105_YWEEDD_c019_lview_f001800.jpg,1
20260714_054105_YWEEDD_c019_lview_f001830.jpg,1
20260714_054105_YWEEDD_c019_lview_f001860.jpg,1
20260714_054105_YWEEDD_c019_lview_f001890.jpg,1
20260714_054105_YWEEDD_c019_lview_f001920.jpg,1
20260714_054105_YWEEDD_c019_lview_f001950.jpg,1
20260714_054105_YWEEDD_c019_lview_f001980.jpg,1
20260714_054105_YWEEDD_c019_lview_f002010.jpg,1
20260714_054105_YWEEDD_c019_lview_f002040.jpg,1
20260714_054105_YWEEDD_c019_lview_f002070.jpg,1
20260714_054105_YWEEDD_c019_lview_f002100.jpg,1
20260714_054105_YWEEDD_c019_lview_f002130.jpg,1
20260714_054105_YWEEDD_c019_lview_f002160.jpg,1
20260714_054105_YWEEDD_c019_lview_f002190.jpg,1
20260714_054105_YWEEDD_c019_lview_f002220.jpg,1
20260714_054105_YWEEDD_c019_lview_f002250.jpg,1
20260714_054105_YWEEDD_c019_lview_f002280.jpg,1
20260714_054105_YWEEDD_c019_lview_f002310.jpg,1
20260714_054105_YWEEDD_c019_lview_f002340.jpg,1
20260714_054105_YWEEDD_c019_lview_f002370.jpg,1
20260714_054105_YWEEDD_c019_lview_f002400.jpg,1
20260714_054105_YWEEDD_c019_lview_f002430.jpg,1
20260714_054105_YWEEDD_c019_lview_f002460.jpg,1
20260714_054105_YWEEDD_c019_lview_f002490.jpg,1
20260714_054105_YWEEDD_c019_lview_f002520.jpg,1
20260714_054105_YWEEDD_c019_lview_f002550.jpg,1
20260714_054105_YWEEDD_c019_lview_f002580.jpg,1
20260714_054105_YWEEDD_c019_lview_f002610.jpg,1
20260714_054105_YWEEDD_c019_lview_f002640.jpg,1
20260714_054105_YWEEDD_c019_lview_f002670.jpg,1
20260714_054105_YWEEDD_c019_lview_f002700.jpg,1
20260714_054105_YWEEDD_c019_lview_f002730.jpg,1
20260714_054105_YWEEDD_c019_lview_f002760.jpg,1
20260714_054105_YWEEDD_c019_lview_f002790.jpg,1
20260714_054105_YWEEDD_c019_lview_f002820.jpg,1
20260714_054105_YWEEDD_c019_lview_f002850.jpg,1
20260714_054105_YWEEDD_c019_lview_f002880.jpg,1
20260714_054105_YWEEDD_c019_lview_f002910.jpg,1
20260714_054105_YWEEDD_c019_lview_f002940.jpg,1
20260714_054105_YWEEDD_c019_lview_f002970.jpg,1
20260714_054105_YWEEDD_c019_lview_f003000.jpg,1
20260714_054105_YWEEDD_c019_lview_f003030.jpg,1
20260714_054105_YWEEDD_c019_lview_f003060.jpg,1
20260714_054105_YWEEDD_c019_lview_f003090.jpg,1
20260714_054105_YWEEDD_c019_lview_f003120.jpg,1
20260714_054105_YWEEDD_c019_lview_f003150.jpg,1
20260714_054105_YWEEDD_c019_lview_f003180.jpg,1
20260714_054105_YWEEDD_c019_lview_f003210.jpg,1
20260714_054105_YWEEDD_c019_lview_f003240.jpg,1
20260714_054105_YWEEDD_c019_lview_f003270.jpg,1
20260714_054105_YWEEDD_c019_lview_f003300.jpg,1
20260714_054105_YWEEDD_c019_lview_f003330.jpg,1
20260714_054105_YWEEDD_c019_lview_f003360.jpg,1
20260714_054105_YWEEDD_c019_lview_f003390.jpg,1
20260714_054105_YWEEDD_c019_lview_f003420.jpg,1
20260714_054105_YWEEDD_c019_lview_f003450.jpg,1
20260714_054105_YWEEDD_c019_lview_f003480.jpg,1
20260714_054105_YWEEDD_c019_lview_f003510.jpg,1
20260714_054105_YWEEDD_c019_lview_f003540.jpg,1
20260714_054105_YWEEDD_c019_lview_f003570.jpg,1
20260714_054105_YWEEDD_c019_lview_f003600.jpg,1
20260714_054105_YWEEDD_c019_lview_f003630.jpg,1
20260714_054105_YWEEDD_c019_lview_f003660.jpg,1
20260714_054105_YWEEDD_c019_lview_f003690.jpg,1
20260714_054105_YWEEDD_c019_lview_f003720.jpg,1
20260714_054105_YWEEDD_c019_lview_f003750.jpg,1
20260714_054105_YWEEDD_c019_lview_f003780.jpg,1
20260714_054105_YWEEDD_c019_lview_f003810.jpg,1
20260714_054105_YWEEDD_c019_lview_f003840.jpg,1
20260714_054105_YWEEDD_c019_lview_f003870.jpg,1
20260714_054105_YWEEDD_c019_lview_f003900.jpg,1
20260714_054105_YWEEDD_c019_lview_f003930.jpg,1
20260714_054105_YWEEDD_c019_lview_f003960.jpg,1
20260714_054105_YWEEDD_c019_lview_f004050.jpg,1
20260714_054105_YWEEDD_c019_lview_f004080.jpg,1
20260714_054105_YWEEDD_c019_lview_f004110.jpg,1
20260714_054105_YWEEDD_c019_lview_f004140.jpg,1
20260714_054105_YWEEDD_c019_lview_f004170.jpg,1
20260714_054105_YWEEDD_c019_lview_f004200.jpg,1
20260714_054105_YWEEDD_c019_lview_f004230.jpg,1
20260714_054105_YWEEDD_c019_lview_f004260.jpg,1
20260714_054105_YWEEDD_c019_lview_f004290.jpg,1
20260714_054105_YWEEDD_c019_lview_f004320.jpg,1
20260714_054105_YWEEDD_c019_lview_f004350.jpg,1
20260714_054105_YWEEDD_c019_lview_f004380.jpg,1
20260714_054105_YWEEDD_c019_lview_f004410.jpg,1
20260714_054105_YWEEDD_c019_lview_f004440.jpg,1
20260714_054105_YWEEDD_c019_lview_f004470.jpg,1
20260714_054105_YWEEDD_c019_lview_f004500.jpg,1
20260714_054105_YWEEDD_c019_lview_f004530.jpg,1
20260714_054105_YWEEDD_c019_lview_f004560.jpg,1
20260714_054105_YWEEDD_c019_lview_f004590.jpg,1
20260714_054105_YWEEDD_c019_lview_f004620.jpg,1
20260714_054105_YWEEDD_c019_lview_f004650.jpg,1
20260714_054105_YWEEDD_c019_lview_f004680.jpg,1
20260714_054105_YWEEDD_c019_lview_f004710.jpg,1
20260714_054105_YWEEDD_c019_lview_f004740.jpg,1
20260714_054105_YWEEDD_c019_lview_f004770.jpg,1
20260714_054105_YWEEDD_c019_lview_f004800.jpg,1
20260714_054105_YWEEDD_c019_lview_f004830.jpg,1
20260714_054105_YWEEDD_c019_lview_f004860.jpg,1
20260714_054105_YWEEDD_c019_lview_f004890.jpg,1
20260714_054105_YWEEDD_c019_lview_f004920.jpg,1
20260714_054105_YWEEDD_c019_lview_f004950.jpg,1
20260714_054105_YWEEDD_c019_lview_f004980.jpg,1
20260714_054105_YWEEDD_c019_lview_f005010.jpg,1
20260714_054105_YWEEDD_c019_lview_f005040.jpg,1
20260714_054105_YWEEDD_c019_lview_f005070.jpg,1
20260714_054105_YWEEDD_c019_lview_f005100.jpg,1
20260714_054105_YWEEDD_c019_lview_f005130.jpg,1
20260714_054105_YWEEDD_c019_lview_f005160.jpg,1
20260714_054105_YWEEDD_c019_lview_f005190.jpg,1
20260714_054105_YWEEDD_c019_lview_f005220.jpg,1
20260714_054105_YWEEDD_c019_lview_f005250.jpg,1
20260714_054105_YWEEDD_c019_lview_f005280.jpg,1
20260714_054105_YWEEDD_c019_lview_f005310.jpg,1
20260714_054105_YWEEDD_c019_lview_f005340.jpg,1
20260714_054105_YWEEDD_c019_lview_f005370.jpg,1
20260714_054105_YWEEDD_c019_lview_f005400.jpg,1
20260714_054105_YWEEDD_c019_lview_f005430.jpg,1
20260714_054105_YWEEDD_c019_lview_f005460.jpg,1
20260714_054105_YWEEDD_c019_lview_f005490.jpg,1
20260714_054105_YWEEDD_c019_lview_f005520.jpg,1
20260714_054105_YWEEDD_c019_lview_f005550.jpg,1
20260714_054105_YWEEDD_c019_lview_f005580.jpg,1
20260714_054105_YWEEDD_c019_lview_f005610.jpg,1
20260714_054105_YWEEDD_c019_lview_f005640.jpg,1
20260714_054105_YWEEDD_c019_lview_f005670.jpg,1
20260714_054105_YWEEDD_c019_lview_f005700.jpg,1
20260714_054105_YWEEDD_c019_lview_f005730.jpg,1
20260714_054105_YWEEDD_c019_lview_f005760.jpg,1
20260714_054105_YWEEDD_c019_lview_f005790.jpg,1
20260714_054105_YWEEDD_c019_lview_f005820.jpg,1
20260714_054105_YWEEDD_c019_lview_f005850.jpg,1
20260714_054105_YWEEDD_c019_lview_f005880.jpg,1
20260714_054105_YWEEDD_c019_lview_f005910.jpg,1
20260714_054105_YWEEDD_c019_lview_f005940.jpg,1
20260714_054105_YWEEDD_c019_lview_f005970.jpg,1
20260714_054105_YWEEDD_c019_lview_f006000.jpg,1
20260714_054105_YWEEDD_c019_lview_f006030.jpg,1
20260714_054105_YWEEDD_c019_lview_f006060.jpg,1
20260714_054105_YWEEDD_c019_lview_f006090.jpg,1
20260714_054105_YWEEDD_c019_lview_f006120.jpg,1
20260714_054105_YWEEDD_c019_lview_f006150.jpg,1
20260714_054105_YWEEDD_c019_lview_f006180.jpg,1
20260714_054105_YWEEDD_c019_lview_f006210.jpg,1
20260714_054105_YWEEDD_c019_lview_f006240.jpg,1
20260714_054105_YWEEDD_c019_lview_f006270.jpg,1
20260714_054105_YWEEDD_c019_lview_f006300.jpg,1
20260714_054105_YWEEDD_c019_lview_f006330.jpg,1
20260714_054105_YWEEDD_c019_lview_f006360.jpg,1
20260714_054105_YWEEDD_c019_lview_f006390.jpg,1
20260714_054105_YWEEDD_c019_lview_f006420.jpg,1
20260714_054105_YWEEDD_c019_lview_f006450.jpg,1
20260714_054105_YWEEDD_c019_lview_f006480.jpg,1
20260714_054105_YWEEDD_c019_lview_f006510.jpg,1
20260714_054105_YWEEDD_c019_lview_f006540.jpg,1
20260714_054105_YWEEDD_c019_lview_f006570.jpg,1
20260714_054105_YWEEDD_c019_lview_f006600.jpg,1
20260714_054105_YWEEDD_c019_lview_f006630.jpg,1
20260714_054105_YWEEDD_c019_lview_f006660.jpg,1
20260714_054105_YWEEDD_c019_lview_f006690.jpg,1
20260714_054105_YWEEDD_c019_lview_f006720.jpg,1
20260714_054105_YWEEDD_c019_lview_f006750.jpg,1
20260714_054105_YWEEDD_c019_lview_f006780.jpg,1
20260714_054105_YWEEDD_c019_lview_f006810.jpg,1
20260714_054105_YWEEDD_c019_lview_f006840.jpg,1
20260714_054105_YWEEDD_c019_lview_f006870.jpg,1
20260714_054105_YWEEDD_c019_lview_f006900.jpg,1
20260714_054105_YWEEDD_c019_lview_f006930.jpg,1
20260714_054105_YWEEDD_c019_lview_f006960.jpg,1
20260714_054105_YWEEDD_c019_lview_f006990.jpg,1
20260714_054105_YWEEDD_c019_lview_f007020.jpg,1
20260714_054105_YWEEDD_c019_lview_f007050.jpg,1
20260714_054105_YWEEDD_c019_lview_f007080.jpg,1
20260714_054105_YWEEDD_c019_lview_f007110.jpg,1
20260714_054105_YWEEDD_c019_lview_f007140.jpg,1
20260714_054105_YWEEDD_c019_lview_f007170.jpg,1
20260714_054105_YWEEDD_c019_lview_f007200.jpg,1
20260714_054105_YWEEDD_c019_lview_f007230.jpg,1
20260714_054105_YWEEDD_c019_lview_f007260.jpg,1
20260714_054105_YWEEDD_c019_lview_f007290.jpg,1
20260714_054105_YWEEDD_c019_lview_f007320.jpg,1
20260714_054105_YWEEDD_c019_lview_f007350.jpg,1
20260714_054105_YWEEDD_c019_lview_f007380.jpg,1
20260714_054105_YWEEDD_c019_lview_f007410.jpg,1
20260714_054105_YWEEDD_c019_lview_f007440.jpg,1
20260714_054105_YWEEDD_c019_lview_f007470.jpg,1
20260714_054105_YWEEDD_c019_lview_f007500.jpg,1
20260714_054105_YWEEDD_c019_lview_f007530.jpg,1
20260714_054105_YWEEDD_c019_lview_f007560.jpg,1
20260714_054105_YWEEDD_c019_lview_f007590.jpg,1
20260714_054105_YWEEDD_c019_lview_f007620.jpg,1
20260714_054105_YWEEDD_c019_lview_f007650.jpg,1
20260714_054105_YWEEDD_c019_lview_f007680.jpg,1
20260714_054105_YWEEDD_c019_lview_f007710.jpg,1
20260714_054105_YWEEDD_c019_lview_f007740.jpg,1
20260714_054105_YWEEDD_c019_lview_f007770.jpg,1
20260714_054105_YWEEDD_c019_lview_f007800.jpg,1
20260714_054105_YWEEDD_c019_lview_f007830.jpg,1
20260714_054105_YWEEDD_c019_lview_f007860.jpg,1
20260714_054105_YWEEDD_c019_lview_f007890.jpg,1
20260714_054105_YWEEDD_c019_lview_f007920.jpg,1
20260714_054105_YWEEDD_c019_lview_f007950.jpg,1
20260714_054105_YWEEDD_c019_lview_f007980.jpg,1
20260714_054105_YWEEDD_c019_lview_f008010.jpg,1
20260714_054105_YWEEDD_c019_lview_f008040.jpg,1
20260714_054105_YWEEDD_c019_lview_f008070.jpg,1
20260714_054105_YWEEDD_c019_lview_f008100.jpg,1
20260714_054105_YWEEDD_c019_lview_f008130.jpg,1
20260714_054105_YWEEDD_c019_lview_f008160.jpg,1
20260714_054105_YWEEDD_c019_lview_f008190.jpg,1
20260714_054105_YWEEDD_c019_lview_f008220.jpg,1
20260714_054105_YWEEDD_c019_lview_f008250.jpg,1
20260714_054105_YWEEDD_c019_lview_f008280.jpg,1
20260714_054105_YWEEDD_c019_lview_f008310.jpg,1
20260714_054105_YWEEDD_c019_lview_f008340.jpg,1
20260714_054105_YWEEDD_c019_lview_f008370.jpg,1
20260714_054105_YWEEDD_c019_lview_f008400.jpg,1
20260714_054105_YWEEDD_c019_lview_f008430.jpg,1
20260714_054105_YWEEDD_c019_lview_f008460.jpg,1
20260714_054105_YWEEDD_c019_lview_f008490.jpg,1
20260714_054105_YWEEDD_c019_lview_f008520.jpg,1
20260714_054105_YWEEDD_c019_lview_f008550.jpg,1
20260714_054105_YWEEDD_c019_lview_f008580.jpg,1
20260714_054105_YWEEDD_c019_lview_f008610.jpg,1
20260714_054105_YWEEDD_c019_lview_f008640.jpg,1
20260714_054105_YWEEDD_c019_lview_f008670.jpg,1
20260714_054105_YWEEDD_c019_lview_f008700.jpg,1
20260714_054105_YWEEDD_c019_lview_f008730.jpg,1
20260714_054105_YWEEDD_c019_lview_f008760.jpg,1
20260714_054105_YWEEDD_c019_lview_f008790.jpg,1
20260714_054105_YWEEDD_c019_lview_f008820.jpg,1
20260714_054105_YWEEDD_c019_lview_f008850.jpg,1
20260714_054105_YWEEDD_c019_lview_f008880.jpg,1
20260714_054105_YWEEDD_c019_lview_f008910.jpg,1
20260714_054105_YWEEDD_c019_lview_f008940.jpg,1
20260714_054105_YWEEDD_c019_lview_f008970.jpg,1
20260714_054105_YWEEDD_c019_lview_f009000.jpg,1
20260714_054105_YWEEDD_c019_lview_f009030.jpg,1
20260714_054105_YWEEDD_c019_lview_f009060.jpg,1
20260714_054105_YWEEDD_c019_lview_f009090.jpg,1
20260714_054105_YWEEDD_c019_lview_f009120.jpg,1
20260714_054105_YWEEDD_c019_lview_f009150.jpg,1
20260714_054105_YWEEDD_c019_lview_f009180.jpg,1
20260714_054105_YWEEDD_c019_lview_f009210.jpg,1
20260714_054105_YWEEDD_c019_lview_f009240.jpg,1
20260714_054105_YWEEDD_c019_lview_f009270.jpg,1
20260714_054105_YWEEDD_c019_lview_f009300.jpg,1
20260714_054105_YWEEDD_c019_lview_f009330.jpg,1
20260714_054105_YWEEDD_c019_lview_f009360.jpg,1
20260714_054105_YWEEDD_c019_lview_f009390.jpg,1
20260714_054105_YWEEDD_c019_lview_f009420.jpg,1
20260714_054105_YWEEDD_c019_lview_f009450.jpg,1
20260714_054105_YWEEDD_c019_lview_f009480.jpg,1
20260714_054105_YWEEDD_c019_lview_f009510.jpg,1
20260714_054105_YWEEDD_c019_lview_f009540.jpg,1
20260714_054105_YWEEDD_c019_lview_f009570.jpg,1
20260714_054105_YWEEDD_c019_lview_f009600.jpg,1
20260714_054105_YWEEDD_c019_lview_f009630.jpg,1
20260714_054105_YWEEDD_c019_lview_f009660.jpg,1
20260714_054105_YWEEDD_c019_lview_f009690.jpg,1
20260714_054105_YWEEDD_c019_lview_f009720.jpg,1
20260714_054105_YWEEDD_c019_lview_f009750.jpg,1
20260714_054105_YWEEDD_c019_lview_f009780.jpg,1
20260714_054105_YWEEDD_c019_lview_f009810.jpg,1
20260714_054105_YWEEDD_c019_lview_f009840.jpg,1
20260714_054105_YWEEDD_c019_lview_f009870.jpg,1
20260714_054105_YWEEDD_c019_lview_f009900.jpg,1
20260714_054105_YWEEDD_c019_lview_f009930.jpg,1
20260714_054105_YWEEDD_c019_lview_f009960.jpg,1
20260714_054105_YWEEDD_c019_lview_f009990.jpg,1
20260714_054105_YWEEDD_c019_lview_f010020.jpg,1
20260714_054105_YWEEDD_c019_lview_f010050.jpg,1
20260714_054105_YWEEDD_c019_lview_f010080.jpg,1
20260714_054105_YWEEDD_c019_lview_f010110.jpg,1
20260714_054105_YWEEDD_c019_lview_f010170.jpg,1
20260714_054105_YWEEDD_c019_lview_f010200.jpg,1
20260714_054105_YWEEDD_c019_lview_f010230.jpg,1
20260714_054105_YWEEDD_c019_lview_f010260.jpg,1
20260714_054105_YWEEDD_c019_lview_f010290.jpg,1
20260714_054105_YWEEDD_c019_lview_f010320.jpg,1
20260714_054105_YWEEDD_c019_lview_f010350.jpg,1
20260714_054105_YWEEDD_c019_lview_f010380.jpg,1
20260714_054105_YWEEDD_c019_lview_f010410.jpg,1
20260714_054105_YWEEDD_c019_lview_f010440.jpg,1
20260714_054105_YWEEDD_c019_lview_f010470.jpg,1
20260714_054105_YWEEDD_c019_lview_f010500.jpg,1
20260714_054105_YWEEDD_c019_lview_f010530.jpg,1
20260714_054105_YWEEDD_c019_lview_f010560.jpg,1
20260714_054105_YWEEDD_c019_lview_f010590.jpg,1
20260714_054105_YWEEDD_c019_lview_f010620.jpg,1
20260714_054105_YWEEDD_c019_lview_f010650.jpg,1
20260714_054105_YWEEDD_c019_lview_f010680.jpg,1
20260714_054105_YWEEDD_c019_lview_f010710.jpg,1
20260714_054105_YWEEDD_c019_lview_f010740.jpg,1
20260714_054105_YWEEDD_c019_lview_f010770.jpg,1
20260714_054105_YWEEDD_c019_rview_f000000.jpg,1
20260714_054105_YWEEDD_c019_rview_f000030.jpg,1
20260714_054105_YWEEDD_c019_rview_f000060.jpg,1
20260714_054105_YWEEDD_c019_rview_f000090.jpg,1
20260714_054105_YWEEDD_c019_rview_f000120.jpg,1
20260714_054105_YWEEDD_c019_rview_f000150.jpg,1
20260714_054105_YWEEDD_c019_rview_f000180.jpg,1
20260714_054105_YWEEDD_c019_rview_f000210.jpg,1
20260714_054105_YWEEDD_c019_rview_f000240.jpg,1
20260714_054105_YWEEDD_c019_rview_f000270.jpg,1
20260714_054105_YWEEDD_c019_rview_f000300.jpg,1
20260714_054105_YWEEDD_c019_rview_f000330.jpg,1
20260714_054105_YWEEDD_c019_rview_f000360.jpg,1
20260714_054105_YWEEDD_c019_rview_f000390.jpg,1
20260714_054105_YWEEDD_c019_rview_f000420.jpg,1
20260714_054105_YWEEDD_c019_rview_f000450.jpg,1
20260714_054105_YWEEDD_c019_rview_f000480.jpg,1
20260714_054105_YWEEDD_c019_rview_f000510.jpg,1
20260714_054105_YWEEDD_c019_rview_f000540.jpg,1
20260714_054105_YWEEDD_c019_rview_f000570.jpg,1
20260714_054105_YWEEDD_c019_rview_f000600.jpg,1
20260714_054105_YWEEDD_c019_rview_f000630.jpg,1
20260714_054105_YWEEDD_c019_rview_f000660.jpg,1
20260714_054105_YWEEDD_c019_rview_f000690.jpg,1
20260714_054105_YWEEDD_c019_rview_f000720.jpg,1
20260714_054105_YWEEDD_c019_rview_f000750.jpg,1
20260714_054105_YWEEDD_c019_rview_f000780.jpg,1
20260714_054105_YWEEDD_c019_rview_f000810.jpg,1
20260714_054105_YWEEDD_c019_rview_f000840.jpg,1
20260714_054105_YWEEDD_c019_rview_f000870.jpg,1
20260714_054105_YWEEDD_c019_rview_f000900.jpg,1
20260714_054105_YWEEDD_c019_rview_f000930.jpg,1
20260714_054105_YWEEDD_c019_rview_f000960.jpg,1
20260714_054105_YWEEDD_c019_rview_f000990.jpg,1
20260714_054105_YWEEDD_c019_rview_f001020.jpg,1
20260714_054105_YWEEDD_c019_rview_f001050.jpg,1
20260714_054105_YWEEDD_c019_rview_f001080.jpg,1
20260714_054105_YWEEDD_c019_rview_f001110.jpg,1
20260714_054105_YWEEDD_c019_rview_f001140.jpg,1
20260714_054105_YWEEDD_c019_rview_f001170.jpg,1
20260714_054105_YWEEDD_c019_rview_f001200.jpg,1
20260714_054105_YWEEDD_c019_rview_f001230.jpg,1
20260714_054105_YWEEDD_c019_rview_f001260.jpg,1
20260714_054105_YWEEDD_c019_rview_f001290.jpg,1
20260714_054105_YWEEDD_c019_rview_f001320.jpg,1
20260714_054105_YWEEDD_c019_rview_f001350.jpg,1
20260714_054105_YWEEDD_c019_rview_f001380.jpg,1
20260714_054105_YWEEDD_c019_rview_f001410.jpg,1
20260714_054105_YWEEDD_c019_rview_f001440.jpg,1
20260714_054105_YWEEDD_c019_rview_f001470.jpg,1
20260714_054105_YWEEDD_c019_rview_f001500.jpg,1
20260714_054105_YWEEDD_c019_rview_f001530.jpg,1
20260714_054105_YWEEDD_c019_rview_f001560.jpg,1
20260714_054105_YWEEDD_c019_rview_f001590.jpg,1
20260714_054105_YWEEDD_c019_rview_f001620.jpg,1
20260714_054105_YWEEDD_c019_rview_f001650.jpg,1
20260714_054105_YWEEDD_c019_rview_f001680.jpg,1
20260714_054105_YWEEDD_c019_rview_f001710.jpg,1
20260714_054105_YWEEDD_c019_rview_f001740.jpg,1
20260714_054105_YWEEDD_c019_rview_f001770.jpg,1
20260714_054105_YWEEDD_c019_rview_f001800.jpg,1
20260714_054105_YWEEDD_c019_rview_f001830.jpg,1
20260714_054105_YWEEDD_c019_rview_f001860.jpg,1
20260714_054105_YWEEDD_c019_rview_f001890.jpg,1
20260714_054105_YWEEDD_c019_rview_f001920.jpg,1
20260714_054105_YWEEDD_c019_rview_f001950.jpg,1
20260714_054105_YWEEDD_c019_rview_f001980.jpg,1
20260714_054105_YWEEDD_c019_rview_f002010.jpg,1
20260714_054105_YWEEDD_c019_rview_f002040.jpg,1
20260714_054105_YWEEDD_c019_rview_f002070.jpg,1
20260714_054105_YWEEDD_c019_rview_f002100.jpg,1
20260714_054105_YWEEDD_c019_rview_f002130.jpg,1
20260714_054105_YWEEDD_c019_rview_f002160.jpg,1
20260714_054105_YWEEDD_c019_rview_f002190.jpg,1
20260714_054105_YWEEDD_c019_rview_f002220.jpg,1
20260714_054105_YWEEDD_c019_rview_f002250.jpg,1
20260714_054105_YWEEDD_c019_rview_f002280.jpg,1
20260714_054105_YWEEDD_c019_rview_f002310.jpg,1
20260714_054105_YWEEDD_c019_rview_f002340.jpg,1
20260714_054105_YWEEDD_c019_rview_f002370.jpg,1
20260714_054105_YWEEDD_c019_rview_f002400.jpg,1
20260714_054105_YWEEDD_c019_rview_f002430.jpg,1
20260714_054105_YWEEDD_c019_rview_f002460.jpg,1
20260714_054105_YWEEDD_c019_rview_f002490.jpg,1
20260714_054105_YWEEDD_c019_rview_f002520.jpg,1
20260714_054105_YWEEDD_c019_rview_f002550.jpg,1
20260714_054105_YWEEDD_c019_rview_f002580.jpg,1
20260714_054105_YWEEDD_c019_rview_f002610.jpg,1
20260714_054105_YWEEDD_c019_rview_f002640.jpg,1
20260714_054105_YWEEDD_c019_rview_f002670.jpg,1
20260714_054105_YWEEDD_c019_rview_f002700.jpg,1
20260714_054105_YWEEDD_c019_rview_f002730.jpg,1
20260714_054105_YWEEDD_c019_rview_f002760.jpg,1
20260714_054105_YWEEDD_c019_rview_f002790.jpg,1
20260714_054105_YWEEDD_c019_rview_f002820.jpg,1
20260714_054105_YWEEDD_c019_rview_f002850.jpg,1
20260714_054105_YWEEDD_c019_rview_f002880.jpg,1
20260714_054105_YWEEDD_c019_rview_f002910.jpg,1
20260714_054105_YWEEDD_c019_rview_f002940.jpg,1
20260714_054105_YWEEDD_c019_rview_f002970.jpg,1
20260714_054105_YWEEDD_c019_rview_f003000.jpg,1
20260714_054105_YWEEDD_c019_rview_f003030.jpg,1
20260714_054105_YWEEDD_c019_rview_f003060.jpg,1
20260714_054105_YWEEDD_c019_rview_f003090.jpg,1
20260714_054105_YWEEDD_c019_rview_f003120.jpg,1
20260714_054105_YWEEDD_c019_rview_f003150.jpg,1
20260714_054105_YWEEDD_c019_rview_f003180.jpg,1
20260714_054105_YWEEDD_c019_rview_f003210.jpg,1
20260714_054105_YWEEDD_c019_rview_f003240.jpg,1
20260714_054105_YWEEDD_c019_rview_f003270.jpg,1
20260714_054105_YWEEDD_c019_rview_f003300.jpg,1
20260714_054105_YWEEDD_c019_rview_f003330.jpg,1
20260714_054105_YWEEDD_c019_rview_f003360.jpg,1
20260714_054105_YWEEDD_c019_rview_f003390.jpg,1
20260714_054105_YWEEDD_c019_rview_f003420.jpg,1
20260714_054105_YWEEDD_c019_rview_f003450.jpg,1
20260714_054105_YWEEDD_c019_rview_f003480.jpg,1
20260714_054105_YWEEDD_c019_rview_f003510.jpg,1
20260714_054105_YWEEDD_c019_rview_f003540.jpg,1
20260714_054105_YWEEDD_c019_rview_f003570.jpg,1
20260714_054105_YWEEDD_c019_rview_f003600.jpg,1
20260714_054105_YWEEDD_c019_rview_f003630.jpg,1
20260714_054105_YWEEDD_c019_rview_f003660.jpg,1
20260714_054105_YWEEDD_c019_rview_f003720.jpg,1
20260714_054105_YWEEDD_c019_rview_f003750.jpg,1
20260714_054105_YWEEDD_c019_rview_f003780.jpg,1
20260714_054105_YWEEDD_c019_rview_f003810.jpg,1
20260714_054105_YWEEDD_c019_rview_f003840.jpg,1
20260714_054105_YWEEDD_c019_rview_f003870.jpg,1
20260714_054105_YWEEDD_c019_rview_f003900.jpg,1
20260714_054105_YWEEDD_c019_rview_f003930.jpg,1
20260714_054105_YWEEDD_c019_rview_f003960.jpg,1
20260714_054105_YWEEDD_c019_rview_f004050.jpg,1
20260714_054105_YWEEDD_c019_rview_f004080.jpg,1
20260714_054105_YWEEDD_c019_rview_f004110.jpg,1
20260714_054105_YWEEDD_c019_rview_f004140.jpg,1
20260714_054105_YWEEDD_c019_rview_f004170.jpg,1
20260714_054105_YWEEDD_c019_rview_f004200.jpg,1
20260714_054105_YWEEDD_c019_rview_f004230.jpg,1
20260714_054105_YWEEDD_c019_rview_f004260.jpg,1
20260714_054105_YWEEDD_c019_rview_f004290.jpg,1
20260714_054105_YWEEDD_c019_rview_f004320.jpg,1
20260714_054105_YWEEDD_c019_rview_f004350.jpg,1
20260714_054105_YWEEDD_c019_rview_f004380.jpg,1
20260714_054105_YWEEDD_c019_rview_f004410.jpg,1
20260714_054105_YWEEDD_c019_rview_f004440.jpg,1
20260714_054105_YWEEDD_c019_rview_f004470.jpg,1
20260714_054105_YWEEDD_c019_rview_f004500.jpg,1
20260714_054105_YWEEDD_c019_rview_f004530.jpg,1
20260714_054105_YWEEDD_c019_rview_f004560.jpg,1
20260714_054105_YWEEDD_c019_rview_f004590.jpg,1
20260714_054105_YWEEDD_c019_rview_f004620.jpg,1
20260714_054105_YWEEDD_c019_rview_f004650.jpg,1
20260714_054105_YWEEDD_c019_rview_f004680.jpg,1
20260714_054105_YWEEDD_c019_rview_f004710.jpg,1
20260714_054105_YWEEDD_c019_rview_f004740.jpg,1
20260714_054105_YWEEDD_c019_rview_f004770.jpg,1
20260714_054105_YWEEDD_c019_rview_f004800.jpg,1
20260714_054105_YWEEDD_c019_rview_f004830.jpg,1
20260714_054105_YWEEDD_c019_rview_f004860.jpg,1
20260714_054105_YWEEDD_c019_rview_f004890.jpg,1
20260714_054105_YWEEDD_c019_rview_f004920.jpg,1
20260714_054105_YWEEDD_c019_rview_f004950.jpg,1
20260714_054105_YWEEDD_c019_rview_f004980.jpg,1
20260714_054105_YWEEDD_c019_rview_f005010.jpg,1
20260714_054105_YWEEDD_c019_rview_f005040.jpg,1
20260714_054105_YWEEDD_c019_rview_f005070.jpg,1
20260714_054105_YWEEDD_c019_rview_f005100.jpg,1
20260714_054105_YWEEDD_c019_rview_f005130.jpg,1
20260714_054105_YWEEDD_c019_rview_f005160.jpg,1
20260714_054105_YWEEDD_c019_rview_f005190.jpg,1
20260714_054105_YWEEDD_c019_rview_f005220.jpg,1
20260714_054105_YWEEDD_c019_rview_f005250.jpg,1
20260714_054105_YWEEDD_c019_rview_f005280.jpg,1
20260714_054105_YWEEDD_c019_rview_f005310.jpg,1
20260714_054105_YWEEDD_c019_rview_f005340.jpg,1
20260714_054105_YWEEDD_c019_rview_f005370.jpg,1
20260714_054105_YWEEDD_c019_rview_f005400.jpg,1
20260714_054105_YWEEDD_c019_rview_f005430.jpg,1
20260714_054105_YWEEDD_c019_rview_f005460.jpg,1
20260714_054105_YWEEDD_c019_rview_f005490.jpg,1
20260714_054105_YWEEDD_c019_rview_f005520.jpg,1
20260714_054105_YWEEDD_c019_rview_f005550.jpg,1
20260714_054105_YWEEDD_c019_rview_f005580.jpg,1
20260714_054105_YWEEDD_c019_rview_f005610.jpg,1
20260714_054105_YWEEDD_c019_rview_f005640.jpg,1
20260714_054105_YWEEDD_c019_rview_f005670.jpg,1
20260714_054105_YWEEDD_c019_rview_f005700.jpg,1
20260714_054105_YWEEDD_c019_rview_f005730.jpg,1
20260714_054105_YWEEDD_c019_rview_f005760.jpg,1
20260714_054105_YWEEDD_c019_rview_f005790.jpg,1
20260714_054105_YWEEDD_c019_rview_f005820.jpg,1
20260714_054105_YWEEDD_c019_rview_f005850.jpg,1
20260714_054105_YWEEDD_c019_rview_f005880.jpg,1
20260714_054105_YWEEDD_c019_rview_f005910.jpg,1
20260714_054105_YWEEDD_c019_rview_f005940.jpg,1
20260714_054105_YWEEDD_c019_rview_f005970.jpg,1
20260714_054105_YWEEDD_c019_rview_f006000.jpg,1
20260714_054105_YWEEDD_c019_rview_f006030.jpg,1
20260714_054105_YWEEDD_c019_rview_f006060.jpg,1
20260714_054105_YWEEDD_c019_rview_f006090.jpg,1
20260714_054105_YWEEDD_c019_rview_f006120.jpg,1
20260714_054105_YWEEDD_c019_rview_f006150.jpg,1
20260714_054105_YWEEDD_c019_rview_f006180.jpg,1
20260714_054105_YWEEDD_c019_rview_f006210.jpg,1
20260714_054105_YWEEDD_c019_rview_f006240.jpg,1
20260714_054105_YWEEDD_c019_rview_f006270.jpg,1
20260714_054105_YWEEDD_c019_rview_f006300.jpg,1
20260714_054105_YWEEDD_c019_rview_f006330.jpg,1
20260714_054105_YWEEDD_c019_rview_f006360.jpg,1
20260714_054105_YWEEDD_c019_rview_f006390.jpg,1
20260714_054105_YWEEDD_c019_rview_f006420.jpg,1
20260714_054105_YWEEDD_c019_rview_f006450.jpg,1
20260714_054105_YWEEDD_c019_rview_f006480.jpg,1
20260714_054105_YWEEDD_c019_rview_f006510.jpg,1
20260714_054105_YWEEDD_c019_rview_f006540.jpg,1
20260714_054105_YWEEDD_c019_rview_f006570.jpg,1
20260714_054105_YWEEDD_c019_rview_f006600.jpg,1
20260714_054105_YWEEDD_c019_rview_f006630.jpg,1
20260714_054105_YWEEDD_c019_rview_f006660.jpg,1
20260714_054105_YWEEDD_c019_rview_f006690.jpg,1
20260714_054105_YWEEDD_c019_rview_f006720.jpg,1
20260714_054105_YWEEDD_c019_rview_f006750.jpg,1
20260714_054105_YWEEDD_c019_rview_f006780.jpg,1
20260714_054105_YWEEDD_c019_rview_f006810.jpg,1
20260714_054105_YWEEDD_c019_rview_f006840.jpg,1
20260714_054105_YWEEDD_c019_rview_f006870.jpg,1
20260714_054105_YWEEDD_c019_rview_f006900.jpg,1
20260714_054105_YWEEDD_c019_rview_f006930.jpg,1
20260714_054105_YWEEDD_c019_rview_f006960.jpg,1
20260714_054105_YWEEDD_c019_rview_f006990.jpg,1
20260714_054105_YWEEDD_c019_rview_f007020.jpg,1
20260714_054105_YWEEDD_c019_rview_f007050.jpg,1
20260714_054105_YWEEDD_c019_rview_f007080.jpg,1
20260714_054105_YWEEDD_c019_rview_f007110.jpg,1
20260714_054105_YWEEDD_c019_rview_f007140.jpg,1
20260714_054105_YWEEDD_c019_rview_f007170.jpg,1
20260714_054105_YWEEDD_c019_rview_f007200.jpg,1
20260714_054105_YWEEDD_c019_rview_f007230.jpg,1
20260714_054105_YWEEDD_c019_rview_f007260.jpg,1
20260714_054105_YWEEDD_c019_rview_f007290.jpg,1
20260714_054105_YWEEDD_c019_rview_f007320.jpg,1
20260714_054105_YWEEDD_c019_rview_f007350.jpg,1
20260714_054105_YWEEDD_c019_rview_f007380.jpg,1
20260714_054105_YWEEDD_c019_rview_f007410.jpg,1
20260714_054105_YWEEDD_c019_rview_f007440.jpg,1
20260714_054105_YWEEDD_c019_rview_f007470.jpg,1
20260714_054105_YWEEDD_c019_rview_f007500.jpg,1
20260714_054105_YWEEDD_c019_rview_f007530.jpg,1
20260714_054105_YWEEDD_c019_rview_f007560.jpg,1
20260714_054105_YWEEDD_c019_rview_f007590.jpg,1
20260714_054105_YWEEDD_c019_rview_f007620.jpg,1
20260714_054105_YWEEDD_c019_rview_f007650.jpg,1
20260714_054105_YWEEDD_c019_rview_f007680.jpg,1
20260714_054105_YWEEDD_c019_rview_f007710.jpg,1
20260714_054105_YWEEDD_c019_rview_f007740.jpg,1
20260714_054105_YWEEDD_c019_rview_f007770.jpg,1
20260714_054105_YWEEDD_c019_rview_f007800.jpg,1
20260714_054105_YWEEDD_c019_rview_f007830.jpg,1
20260714_054105_YWEEDD_c019_rview_f007860.jpg,1
20260714_054105_YWEEDD_c019_rview_f007890.jpg,1
20260714_054105_YWEEDD_c019_rview_f007920.jpg,1
20260714_054105_YWEEDD_c019_rview_f007950.jpg,1
20260714_054105_YWEEDD_c019_rview_f007980.jpg,1
20260714_054105_YWEEDD_c019_rview_f008010.jpg,1
20260714_054105_YWEEDD_c019_rview_f008040.jpg,1
20260714_054105_YWEEDD_c019_rview_f008070.jpg,1
20260714_054105_YWEEDD_c019_rview_f008100.jpg,1
20260714_054105_YWEEDD_c019_rview_f008130.jpg,1
20260714_054105_YWEEDD_c019_rview_f008160.jpg,1
20260714_054105_YWEEDD_c019_rview_f008190.jpg,1
20260714_054105_YWEEDD_c019_rview_f008220.jpg,1
20260714_054105_YWEEDD_c019_rview_f008250.jpg,1
20260714_054105_YWEEDD_c019_rview_f008280.jpg,1
20260714_054105_YWEEDD_c019_rview_f008310.jpg,1
20260714_054105_YWEEDD_c019_rview_f008340.jpg,1
20260714_054105_YWEEDD_c019_rview_f008370.jpg,1
20260714_054105_YWEEDD_c019_rview_f008400.jpg,1
20260714_054105_YWEEDD_c019_rview_f008430.jpg,1
20260714_054105_YWEEDD_c019_rview_f008460.jpg,1
20260714_054105_YWEEDD_c019_rview_f008490.jpg,1
20260714_054105_YWEEDD_c019_rview_f008520.jpg,1
20260714_054105_YWEEDD_c019_rview_f008550.jpg,1
20260714_054105_YWEEDD_c019_rview_f008580.jpg,1
20260714_054105_YWEEDD_c019_rview_f008610.jpg,1
20260714_054105_YWEEDD_c019_rview_f008640.jpg,1
20260714_054105_YWEEDD_c019_rview_f008670.jpg,1
20260714_054105_YWEEDD_c019_rview_f008700.jpg,1
20260714_054105_YWEEDD_c019_rview_f008730.jpg,1
20260714_054105_YWEEDD_c019_rview_f008760.jpg,1
20260714_054105_YWEEDD_c019_rview_f008790.jpg,1
20260714_054105_YWEEDD_c019_rview_f008820.jpg,1
20260714_054105_YWEEDD_c019_rview_f008850.jpg,1
20260714_054105_YWEEDD_c019_rview_f008880.jpg,1
20260714_054105_YWEEDD_c019_rview_f008910.jpg,1
20260714_054105_YWEEDD_c019_rview_f008940.jpg,1
20260714_054105_YWEEDD_c019_rview_f008970.jpg,1
20260714_054105_YWEEDD_c019_rview_f009000.jpg,1
20260714_054105_YWEEDD_c019_rview_f009030.jpg,1
20260714_054105_YWEEDD_c019_rview_f009060.jpg,1
20260714_054105_YWEEDD_c019_rview_f009090.jpg,1
20260714_054105_YWEEDD_c019_rview_f009120.jpg,1
20260714_054105_YWEEDD_c019_rview_f009150.jpg,1
20260714_054105_YWEEDD_c019_rview_f009180.jpg,1
20260714_054105_YWEEDD_c019_rview_f009210.jpg,1
20260714_054105_YWEEDD_c019_rview_f009240.jpg,1
20260714_054105_YWEEDD_c019_rview_f009270.jpg,1
20260714_054105_YWEEDD_c019_rview_f009300.jpg,1
20260714_054105_YWEEDD_c019_rview_f009330.jpg,1
20260714_054105_YWEEDD_c019_rview_f009360.jpg,1
20260714_054105_YWEEDD_c019_rview_f009390.jpg,1
20260714_054105_YWEEDD_c019_rview_f009420.jpg,1
20260714_054105_YWEEDD_c019_rview_f009450.jpg,1
20260714_054105_YWEEDD_c019_rview_f009480.jpg,1
20260714_054105_YWEEDD_c019_rview_f009510.jpg,1
20260714_054105_YWEEDD_c019_rview_f009540.jpg,1
20260714_054105_YWEEDD_c019_rview_f009570.jpg,1
20260714_054105_YWEEDD_c019_rview_f009600.jpg,1
20260714_054105_YWEEDD_c019_rview_f009630.jpg,1
20260714_054105_YWEEDD_c019_rview_f009660.jpg,1
20260714_054105_YWEEDD_c019_rview_f009690.jpg,1
20260714_054105_YWEEDD_c019_rview_f009720.jpg,1
20260714_054105_YWEEDD_c019_rview_f009750.jpg,1
20260714_054105_YWEEDD_c019_rview_f009780.jpg,1
20260714_054105_YWEEDD_c019_rview_f009810.jpg,1
20260714_054105_YWEEDD_c019_rview_f009840.jpg,1
20260714_054105_YWEEDD_c019_rview_f009870.jpg,1
20260714_054105_YWEEDD_c019_rview_f009900.jpg,1
20260714_054105_YWEEDD_c019_rview_f009930.jpg,1
20260714_054105_YWEEDD_c019_rview_f009960.jpg,1
20260714_054105_YWEEDD_c019_rview_f009990.jpg,1
20260714_054105_YWEEDD_c019_rview_f010020.jpg,1
20260714_054105_YWEEDD_c019_rview_f010050.jpg,1
20260714_054105_YWEEDD_c019_rview_f010080.jpg,1
20260714_054105_YWEEDD_c019_rview_f010110.jpg,1
20260714_054105_YWEEDD_c019_rview_f010140.jpg,1
20260714_054105_YWEEDD_c019_rview_f010170.jpg,1
20260714_054105_YWEEDD_c019_rview_f010200.jpg,1
20260714_054105_YWEEDD_c019_rview_f010230.jpg,1
20260714_054105_YWEEDD_c019_rview_f010260.jpg,1
20260714_054105_YWEEDD_c019_rview_f010290.jpg,1
20260714_054105_YWEEDD_c019_rview_f010320.jpg,1
20260714_054105_YWEEDD_c019_rview_f010350.jpg,1
20260714_054105_YWEEDD_c019_rview_f010380.jpg,1
20260714_054105_YWEEDD_c019_rview_f010410.jpg,1
20260714_054105_YWEEDD_c019_rview_f010440.jpg,1
20260714_054105_YWEEDD_c019_rview_f010470.jpg,1
20260714_054105_YWEEDD_c019_rview_f010500.jpg,1
20260714_054105_YWEEDD_c019_rview_f010530.jpg,1
20260714_054105_YWEEDD_c019_rview_f010560.jpg,1
20260714_054105_YWEEDD_c019_rview_f010590.jpg,1
20260714_054105_YWEEDD_c019_rview_f010620.jpg,1
20260714_054105_YWEEDD_c019_rview_f010650.jpg,1
20260714_054105_YWEEDD_c019_rview_f010680.jpg,1
20260714_054105_YWEEDD_c019_rview_f010710.jpg,1
20260714_054105_YWEEDD_c019_rview_f010740.jpg,1
20260714_054105_YWEEDD_c019_rview_f010770.jpg,1
20260714_070036_KXNFLT_c000_lview_f000000.jpg,1
20260714_070036_KXNFLT_c000_lview_f000030.jpg,1
20260714_070036_KXNFLT_c000_lview_f000060.jpg,1
20260714_070036_KXNFLT_c000_lview_f000090.jpg,1
20260714_070036_KXNFLT_c000_lview_f000120.jpg,1
20260714_070036_KXNFLT_c000_lview_f000150.jpg,1
20260714_070036_KXNFLT_c000_lview_f000180.jpg,1
20260714_070036_KXNFLT_c000_lview_f000210.jpg,1
20260714_070036_KXNFLT_c000_lview_f000240.jpg,1
20260714_070036_KXNFLT_c000_lview_f000270.jpg,1
20260714_070036_KXNFLT_c000_lview_f000300.jpg,1
20260714_070036_KXNFLT_c000_lview_f000330.jpg,1
20260714_070036_KXNFLT_c000_lview_f000360.jpg,1
20260714_070036_KXNFLT_c000_lview_f000390.jpg,1
20260714_070036_KXNFLT_c000_lview_f000420.jpg,1
20260714_070036_KXNFLT_c000_lview_f000450.jpg,1
20260714_070036_KXNFLT_c000_lview_f000480.jpg,1
20260714_070036_KXNFLT_c000_lview_f000510.jpg,1
20260714_070036_KXNFLT_c000_lview_f000540.jpg,1
20260714_070036_KXNFLT_c000_lview_f000570.jpg,1
20260714_070036_KXNFLT_c000_lview_f000600.jpg,1
20260714_070036_KXNFLT_c000_lview_f000630.jpg,1
20260714_070036_KXNFLT_c000_lview_f000660.jpg,1
20260714_070036_KXNFLT_c000_lview_f000690.jpg,1
20260714_070036_KXNFLT_c000_lview_f000720.jpg,1
20260714_070036_KXNFLT_c000_lview_f000750.jpg,1
20260714_070036_KXNFLT_c000_lview_f000780.jpg,1
20260714_070036_KXNFLT_c000_lview_f000810.jpg,1
20260714_070036_KXNFLT_c000_lview_f000840.jpg,1
20260714_070036_KXNFLT_c000_lview_f000870.jpg,1
20260714_070036_KXNFLT_c000_lview_f000900.jpg,1
20260714_070036_KXNFLT_c000_lview_f000930.jpg,1
20260714_070036_KXNFLT_c000_lview_f000960.jpg,1
20260714_070036_KXNFLT_c000_lview_f000990.jpg,1
20260714_070036_KXNFLT_c000_lview_f001020.jpg,1
20260714_070036_KXNFLT_c000_lview_f001050.jpg,1
20260714_070036_KXNFLT_c000_lview_f001080.jpg,1
20260714_070036_KXNFLT_c000_lview_f001110.jpg,1
20260714_070036_KXNFLT_c000_lview_f001140.jpg,1
20260714_070036_KXNFLT_c000_lview_f001170.jpg,1
20260714_070036_KXNFLT_c000_lview_f001200.jpg,1
20260714_070036_KXNFLT_c000_lview_f001230.jpg,1
20260714_070036_KXNFLT_c000_lview_f001260.jpg,1
20260714_070036_KXNFLT_c000_lview_f001290.jpg,1
20260714_070036_KXNFLT_c000_lview_f001320.jpg,1
20260714_070036_KXNFLT_c000_lview_f001350.jpg,1
20260714_070036_KXNFLT_c000_lview_f001380.jpg,1
20260714_070036_KXNFLT_c000_lview_f001410.jpg,1
20260714_070036_KXNFLT_c000_lview_f001440.jpg,1
20260714_070036_KXNFLT_c000_lview_f001470.jpg,1
20260714_070036_KXNFLT_c000_lview_f001500.jpg,1
20260714_070036_KXNFLT_c000_lview_f001530.jpg,1
20260714_070036_KXNFLT_c000_lview_f001560.jpg,1
20260714_070036_KXNFLT_c000_lview_f001590.jpg,1
20260714_070036_KXNFLT_c000_lview_f001620.jpg,1
20260714_070036_KXNFLT_c000_lview_f001650.jpg,1
20260714_070036_KXNFLT_c000_lview_f001680.jpg,1
20260714_070036_KXNFLT_c000_lview_f001710.jpg,1
20260714_070036_KXNFLT_c000_lview_f001740.jpg,1
20260714_070036_KXNFLT_c000_lview_f001770.jpg,1
20260714_070036_KXNFLT_c000_lview_f001800.jpg,1
20260714_070036_KXNFLT_c000_lview_f001830.jpg,1
20260714_070036_KXNFLT_c000_lview_f001860.jpg,1
20260714_070036_KXNFLT_c000_lview_f001890.jpg,1
20260714_070036_KXNFLT_c000_lview_f001920.jpg,1
20260714_070036_KXNFLT_c000_lview_f001950.jpg,1
20260714_070036_KXNFLT_c000_lview_f001980.jpg,1
20260714_070036_KXNFLT_c000_lview_f002010.jpg,1
20260714_070036_KXNFLT_c000_lview_f002040.jpg,1
20260714_070036_KXNFLT_c000_lview_f002070.jpg,1
20260714_070036_KXNFLT_c000_lview_f002100.jpg,1
20260714_070036_KXNFLT_c000_lview_f002130.jpg,1
20260714_070036_KXNFLT_c000_lview_f002160.jpg,1
20260714_070036_KXNFLT_c000_lview_f002190.jpg,1
20260714_070036_KXNFLT_c000_lview_f002220.jpg,1
20260714_070036_KXNFLT_c000_lview_f002250.jpg,1
20260714_070036_KXNFLT_c000_lview_f002280.jpg,1
20260714_070036_KXNFLT_c000_lview_f002310.jpg,1
20260714_070036_KXNFLT_c000_lview_f002340.jpg,1
20260714_070036_KXNFLT_c000_lview_f002370.jpg,1
20260714_070036_KXNFLT_c000_lview_f002400.jpg,1
20260714_070036_KXNFLT_c000_lview_f002430.jpg,1
20260714_070036_KXNFLT_c000_lview_f002460.jpg,1
20260714_070036_KXNFLT_c000_lview_f002490.jpg,1
20260714_070036_KXNFLT_c000_lview_f002520.jpg,1
20260714_070036_KXNFLT_c000_lview_f002550.jpg,1
20260714_070036_KXNFLT_c000_lview_f002580.jpg,1
20260714_070036_KXNFLT_c000_lview_f002610.jpg,1
20260714_070036_KXNFLT_c000_lview_f002640.jpg,1
20260714_070036_KXNFLT_c000_lview_f002670.jpg,1
20260714_070036_KXNFLT_c000_lview_f002700.jpg,1
20260714_070036_KXNFLT_c000_lview_f002730.jpg,1
20260714_070036_KXNFLT_c000_lview_f002760.jpg,1
20260714_070036_KXNFLT_c000_lview_f002790.jpg,1
20260714_070036_KXNFLT_c000_lview_f002820.jpg,1
20260714_070036_KXNFLT_c000_lview_f002850.jpg,1
20260714_070036_KXNFLT_c000_lview_f002880.jpg,1
20260714_070036_KXNFLT_c000_lview_f002910.jpg,1
20260714_070036_KXNFLT_c000_lview_f002940.jpg,1
20260714_070036_KXNFLT_c000_lview_f002970.jpg,1
20260714_070036_KXNFLT_c000_lview_f003000.jpg,1
20260714_070036_KXNFLT_c000_lview_f003030.jpg,1
20260714_070036_KXNFLT_c000_lview_f003060.jpg,1
20260714_070036_KXNFLT_c000_lview_f003090.jpg,1
20260714_070036_KXNFLT_c000_lview_f003120.jpg,1
20260714_070036_KXNFLT_c000_lview_f003150.jpg,1
20260714_070036_KXNFLT_c000_lview_f003180.jpg,1
20260714_070036_KXNFLT_c000_lview_f003210.jpg,1
20260714_070036_KXNFLT_c000_lview_f003240.jpg,1
20260714_070036_KXNFLT_c000_lview_f003270.jpg,1
20260714_070036_KXNFLT_c000_lview_f003300.jpg,1
20260714_070036_KXNFLT_c000_lview_f003330.jpg,1
20260714_070036_KXNFLT_c000_lview_f003360.jpg,1
20260714_070036_KXNFLT_c000_lview_f003390.jpg,1
20260714_070036_KXNFLT_c000_lview_f003420.jpg,1
20260714_070036_KXNFLT_c000_lview_f003450.jpg,1
20260714_070036_KXNFLT_c000_lview_f003480.jpg,1
20260714_070036_KXNFLT_c000_lview_f003510.jpg,1
20260714_070036_KXNFLT_c000_lview_f003540.jpg,1
20260714_070036_KXNFLT_c000_lview_f003570.jpg,1
20260714_070036_KXNFLT_c000_lview_f003600.jpg,1
20260714_070036_KXNFLT_c000_lview_f003630.jpg,1
20260714_070036_KXNFLT_c000_lview_f003660.jpg,1
20260714_070036_KXNFLT_c000_lview_f003690.jpg,1
20260714_070036_KXNFLT_c000_lview_f003720.jpg,1
20260714_070036_KXNFLT_c000_lview_f003750.jpg,1
20260714_070036_KXNFLT_c000_lview_f003780.jpg,1
20260714_070036_KXNFLT_c000_lview_f003810.jpg,1
20260714_070036_KXNFLT_c000_lview_f003840.jpg,1
20260714_070036_KXNFLT_c000_lview_f003870.jpg,1
20260714_070036_KXNFLT_c000_lview_f003900.jpg,1
20260714_070036_KXNFLT_c000_lview_f003930.jpg,1
20260714_070036_KXNFLT_c000_lview_f003960.jpg,1
20260714_070036_KXNFLT_c000_lview_f003990.jpg,1
20260714_070036_KXNFLT_c000_lview_f004020.jpg,1
20260714_070036_KXNFLT_c000_lview_f004050.jpg,1
20260714_070036_KXNFLT_c000_lview_f004080.jpg,1
20260714_070036_KXNFLT_c000_lview_f004110.jpg,1
20260714_070036_KXNFLT_c000_lview_f004140.jpg,1
20260714_070036_KXNFLT_c000_lview_f004170.jpg,1
20260714_070036_KXNFLT_c000_lview_f004200.jpg,1
20260714_070036_KXNFLT_c000_lview_f004230.jpg,1
20260714_070036_KXNFLT_c000_lview_f004260.jpg,1
20260714_070036_KXNFLT_c000_lview_f004290.jpg,1
20260714_070036_KXNFLT_c000_lview_f004320.jpg,1
20260714_070036_KXNFLT_c000_lview_f004350.jpg,1
20260714_070036_KXNFLT_c000_lview_f004380.jpg,1
20260714_070036_KXNFLT_c000_lview_f004410.jpg,1
20260714_070036_KXNFLT_c000_lview_f004440.jpg,1
20260714_070036_KXNFLT_c000_lview_f004470.jpg,1
20260714_070036_KXNFLT_c000_lview_f004500.jpg,1
20260714_070036_KXNFLT_c000_lview_f004530.jpg,1
20260714_070036_KXNFLT_c000_lview_f004560.jpg,1
20260714_070036_KXNFLT_c000_lview_f004590.jpg,1
20260714_070036_KXNFLT_c000_lview_f004620.jpg,1
20260714_070036_KXNFLT_c000_lview_f004650.jpg,1
20260714_070036_KXNFLT_c000_lview_f004680.jpg,1
20260714_070036_KXNFLT_c000_lview_f004710.jpg,1
20260714_070036_KXNFLT_c000_lview_f004740.jpg,1
20260714_070036_KXNFLT_c000_lview_f004770.jpg,1
20260714_070036_KXNFLT_c000_lview_f004800.jpg,1
20260714_070036_KXNFLT_c000_lview_f004830.jpg,1
20260714_070036_KXNFLT_c000_lview_f004860.jpg,1
20260714_070036_KXNFLT_c000_lview_f004890.jpg,1
20260714_070036_KXNFLT_c000_lview_f004920.jpg,1
20260714_070036_KXNFLT_c000_lview_f004950.jpg,1
20260714_070036_KXNFLT_c000_lview_f004980.jpg,1
20260714_070036_KXNFLT_c000_lview_f005010.jpg,1
20260714_070036_KXNFLT_c000_lview_f005040.jpg,1
20260714_070036_KXNFLT_c000_lview_f005070.jpg,1
20260714_070036_KXNFLT_c000_lview_f005100.jpg,1
20260714_070036_KXNFLT_c000_lview_f005130.jpg,1
20260714_070036_KXNFLT_c000_lview_f005160.jpg,1
20260714_070036_KXNFLT_c000_lview_f005190.jpg,1
20260714_070036_KXNFLT_c000_lview_f005220.jpg,1
20260714_070036_KXNFLT_c000_lview_f005250.jpg,1
20260714_070036_KXNFLT_c000_lview_f005280.jpg,1
20260714_070036_KXNFLT_c000_lview_f005310.jpg,1
20260714_070036_KXNFLT_c000_lview_f005340.jpg,1
20260714_070036_KXNFLT_c000_lview_f005370.jpg,1
20260714_070036_KXNFLT_c000_lview_f005400.jpg,1
20260714_070036_KXNFLT_c000_lview_f005430.jpg,1
20260714_070036_KXNFLT_c000_lview_f005460.jpg,1
20260714_070036_KXNFLT_c000_lview_f005490.jpg,1
20260714_070036_KXNFLT_c000_lview_f005520.jpg,1
20260714_070036_KXNFLT_c000_lview_f005550.jpg,1
20260714_070036_KXNFLT_c000_lview_f005580.jpg,1
20260714_070036_KXNFLT_c000_lview_f005610.jpg,1
20260714_070036_KXNFLT_c000_lview_f005640.jpg,1
20260714_070036_KXNFLT_c000_lview_f005670.jpg,1
20260714_070036_KXNFLT_c000_lview_f005700.jpg,1
20260714_070036_KXNFLT_c000_lview_f005730.jpg,1
20260714_070036_KXNFLT_c000_lview_f005760.jpg,1
20260714_070036_KXNFLT_c000_lview_f005790.jpg,1
20260714_070036_KXNFLT_c000_lview_f005820.jpg,1
20260714_070036_KXNFLT_c000_lview_f005850.jpg,1
20260714_070036_KXNFLT_c000_lview_f005880.jpg,1
20260714_070036_KXNFLT_c000_lview_f005910.jpg,1
20260714_070036_KXNFLT_c000_lview_f005940.jpg,1
20260714_070036_KXNFLT_c000_lview_f005970.jpg,1
20260714_070036_KXNFLT_c000_lview_f006000.jpg,1
20260714_070036_KXNFLT_c000_lview_f006030.jpg,1
20260714_070036_KXNFLT_c000_lview_f006060.jpg,1
20260714_070036_KXNFLT_c000_lview_f006090.jpg,1
20260714_070036_KXNFLT_c000_lview_f006120.jpg,1
20260714_070036_KXNFLT_c000_lview_f006150.jpg,1
20260714_070036_KXNFLT_c000_lview_f006180.jpg,1
20260714_070036_KXNFLT_c000_lview_f006210.jpg,1
20260714_070036_KXNFLT_c000_lview_f006240.jpg,1
20260714_070036_KXNFLT_c000_lview_f006270.jpg,1
20260714_070036_KXNFLT_c000_lview_f006300.jpg,1
20260714_070036_KXNFLT_c000_lview_f006330.jpg,1
20260714_070036_KXNFLT_c000_lview_f006360.jpg,1
20260714_070036_KXNFLT_c000_lview_f006390.jpg,1
20260714_070036_KXNFLT_c000_lview_f006420.jpg,1
20260714_070036_KXNFLT_c000_lview_f006450.jpg,1
20260714_070036_KXNFLT_c000_lview_f006480.jpg,1
20260714_070036_KXNFLT_c000_lview_f006510.jpg,1
20260714_070036_KXNFLT_c000_lview_f006540.jpg,1
20260714_070036_KXNFLT_c000_lview_f006570.jpg,1
20260714_070036_KXNFLT_c000_lview_f006600.jpg,1
20260714_070036_KXNFLT_c000_lview_f006630.jpg,1
20260714_070036_KXNFLT_c000_lview_f006660.jpg,1
20260714_070036_KXNFLT_c000_lview_f006690.jpg,1
20260714_070036_KXNFLT_c000_lview_f006720.jpg,1
20260714_070036_KXNFLT_c000_lview_f006750.jpg,1
20260714_070036_KXNFLT_c000_lview_f006780.jpg,1
20260714_070036_KXNFLT_c000_lview_f006810.jpg,1
20260714_070036_KXNFLT_c000_lview_f006840.jpg,1
20260714_070036_KXNFLT_c000_lview_f006870.jpg,1
20260714_070036_KXNFLT_c000_lview_f006900.jpg,1
20260714_070036_KXNFLT_c000_lview_f006930.jpg,1
20260714_070036_KXNFLT_c000_lview_f006960.jpg,1
20260714_070036_KXNFLT_c000_lview_f006990.jpg,1
20260714_070036_KXNFLT_c000_lview_f007020.jpg,1
20260714_070036_KXNFLT_c000_lview_f007050.jpg,1
20260714_070036_KXNFLT_c000_lview_f007080.jpg,1
20260714_070036_KXNFLT_c000_lview_f007110.jpg,1
20260714_070036_KXNFLT_c000_lview_f007140.jpg,1
20260714_070036_KXNFLT_c000_lview_f007170.jpg,1
20260714_070036_KXNFLT_c000_lview_f007200.jpg,1
20260714_070036_KXNFLT_c000_lview_f007230.jpg,1
20260714_070036_KXNFLT_c000_lview_f007260.jpg,1
20260714_070036_KXNFLT_c000_lview_f007290.jpg,1
20260714_070036_KXNFLT_c000_lview_f007320.jpg,1
20260714_070036_KXNFLT_c000_lview_f007350.jpg,1
20260714_070036_KXNFLT_c000_lview_f007380.jpg,1
20260714_070036_KXNFLT_c000_lview_f007410.jpg,1
20260714_070036_KXNFLT_c000_lview_f007440.jpg,1
20260714_070036_KXNFLT_c000_lview_f007470.jpg,1
20260714_070036_KXNFLT_c000_lview_f007500.jpg,1
20260714_070036_KXNFLT_c000_lview_f007530.jpg,1
20260714_070036_KXNFLT_c000_lview_f007560.jpg,1
20260714_070036_KXNFLT_c000_lview_f007590.jpg,1
20260714_070036_KXNFLT_c000_lview_f007620.jpg,1
20260714_070036_KXNFLT_c000_lview_f007650.jpg,1
20260714_070036_KXNFLT_c000_lview_f007680.jpg,1
20260714_070036_KXNFLT_c000_lview_f007710.jpg,1
20260714_070036_KXNFLT_c000_lview_f007740.jpg,1
20260714_070036_KXNFLT_c000_lview_f007770.jpg,1
20260714_070036_KXNFLT_c000_lview_f007800.jpg,1
20260714_070036_KXNFLT_c000_lview_f007830.jpg,1
20260714_070036_KXNFLT_c000_lview_f007860.jpg,1
20260714_070036_KXNFLT_c000_lview_f007890.jpg,1
20260714_070036_KXNFLT_c000_lview_f007920.jpg,1
20260714_070036_KXNFLT_c000_lview_f007950.jpg,1
20260714_070036_KXNFLT_c000_lview_f007980.jpg,1
20260714_070036_KXNFLT_c000_lview_f008010.jpg,1
20260714_070036_KXNFLT_c000_lview_f008040.jpg,1
20260714_070036_KXNFLT_c000_lview_f008070.jpg,1
20260714_070036_KXNFLT_c000_lview_f008100.jpg,1
20260714_070036_KXNFLT_c000_lview_f008130.jpg,1
20260714_070036_KXNFLT_c000_lview_f008160.jpg,1
20260714_070036_KXNFLT_c000_lview_f008190.jpg,1
20260714_070036_KXNFLT_c000_lview_f008220.jpg,1
20260714_070036_KXNFLT_c000_lview_f008250.jpg,1
20260714_070036_KXNFLT_c000_lview_f008280.jpg,1
20260714_070036_KXNFLT_c000_lview_f008310.jpg,1
20260714_070036_KXNFLT_c000_lview_f008340.jpg,1
20260714_070036_KXNFLT_c000_lview_f008370.jpg,1
20260714_070036_KXNFLT_c000_lview_f008400.jpg,1
20260714_070036_KXNFLT_c000_lview_f008430.jpg,1
20260714_070036_KXNFLT_c000_lview_f008460.jpg,1
20260714_070036_KXNFLT_c000_lview_f008490.jpg,1
20260714_070036_KXNFLT_c000_lview_f008520.jpg,1
20260714_070036_KXNFLT_c000_lview_f008550.jpg,1
20260714_070036_KXNFLT_c000_lview_f008580.jpg,1
20260714_070036_KXNFLT_c000_lview_f008610.jpg,1
20260714_070036_KXNFLT_c000_lview_f008640.jpg,1
20260714_070036_KXNFLT_c000_lview_f008670.jpg,1
20260714_070036_KXNFLT_c000_lview_f008700.jpg,1
20260714_070036_KXNFLT_c000_lview_f008730.jpg,1
20260714_070036_KXNFLT_c000_lview_f008760.jpg,1
20260714_070036_KXNFLT_c000_lview_f008790.jpg,1
20260714_070036_KXNFLT_c000_lview_f008820.jpg,1
20260714_070036_KXNFLT_c000_lview_f008850.jpg,1
20260714_070036_KXNFLT_c000_lview_f008880.jpg,1
20260714_070036_KXNFLT_c000_lview_f008910.jpg,1
20260714_070036_KXNFLT_c000_lview_f008940.jpg,1
20260714_070036_KXNFLT_c000_lview_f008970.jpg,1
20260714_070036_KXNFLT_c000_lview_f009000.jpg,1
20260714_070036_KXNFLT_c000_lview_f009030.jpg,1
20260714_070036_KXNFLT_c000_lview_f009060.jpg,1
20260714_070036_KXNFLT_c000_lview_f009090.jpg,1
20260714_070036_KXNFLT_c000_lview_f009120.jpg,1
20260714_070036_KXNFLT_c000_lview_f009150.jpg,1
20260714_070036_KXNFLT_c000_lview_f009180.jpg,1
20260714_070036_KXNFLT_c000_lview_f009210.jpg,1
20260714_070036_KXNFLT_c000_lview_f009240.jpg,1
20260714_070036_KXNFLT_c000_lview_f009270.jpg,1
20260714_070036_KXNFLT_c000_lview_f009300.jpg,1
20260714_070036_KXNFLT_c000_lview_f009330.jpg,1
20260714_070036_KXNFLT_c000_lview_f009360.jpg,1
20260714_070036_KXNFLT_c000_lview_f009390.jpg,1
20260714_070036_KXNFLT_c000_lview_f009420.jpg,1
20260714_070036_KXNFLT_c000_lview_f009450.jpg,1
20260714_070036_KXNFLT_c000_lview_f009480.jpg,1
20260714_070036_KXNFLT_c000_lview_f009510.jpg,1
20260714_070036_KXNFLT_c000_lview_f009540.jpg,1
20260714_070036_KXNFLT_c000_lview_f009570.jpg,1
20260714_070036_KXNFLT_c000_lview_f009600.jpg,1
20260714_070036_KXNFLT_c000_lview_f009630.jpg,1
20260714_070036_KXNFLT_c000_lview_f009660.jpg,1
20260714_070036_KXNFLT_c000_lview_f009690.jpg,1
20260714_070036_KXNFLT_c000_lview_f009720.jpg,1
20260714_070036_KXNFLT_c000_lview_f009750.jpg,1
20260714_070036_KXNFLT_c000_lview_f009780.jpg,1
20260714_070036_KXNFLT_c000_lview_f009810.jpg,1
20260714_070036_KXNFLT_c000_lview_f009840.jpg,1
20260714_070036_KXNFLT_c000_lview_f009870.jpg,1
20260714_070036_KXNFLT_c000_lview_f009900.jpg,1
20260714_070036_KXNFLT_c000_lview_f009930.jpg,1
20260714_070036_KXNFLT_c000_lview_f009960.jpg,1
20260714_070036_KXNFLT_c000_lview_f009990.jpg,1
20260714_070036_KXNFLT_c000_lview_f010020.jpg,1
20260714_070036_KXNFLT_c000_lview_f010050.jpg,1
20260714_070036_KXNFLT_c000_lview_f010080.jpg,1
20260714_070036_KXNFLT_c000_lview_f010110.jpg,1
20260714_070036_KXNFLT_c000_lview_f010140.jpg,1
20260714_070036_KXNFLT_c000_lview_f010170.jpg,1
20260714_070036_KXNFLT_c000_lview_f010200.jpg,1
20260714_070036_KXNFLT_c000_lview_f010230.jpg,1
20260714_070036_KXNFLT_c000_lview_f010260.jpg,1
20260714_070036_KXNFLT_c000_lview_f010290.jpg,1
20260714_070036_KXNFLT_c000_lview_f010320.jpg,1
20260714_070036_KXNFLT_c000_lview_f010350.jpg,1
20260714_070036_KXNFLT_c000_lview_f010380.jpg,1
20260714_070036_KXNFLT_c000_lview_f010410.jpg,1
20260714_070036_KXNFLT_c000_lview_f010440.jpg,1
20260714_070036_KXNFLT_c000_lview_f010470.jpg,1
20260714_070036_KXNFLT_c000_lview_f010500.jpg,1
20260714_070036_KXNFLT_c000_lview_f010530.jpg,1
20260714_070036_KXNFLT_c000_lview_f010560.jpg,1
20260714_070036_KXNFLT_c000_lview_f010590.jpg,1
20260714_070036_KXNFLT_c000_lview_f010620.jpg,1
20260714_070036_KXNFLT_c000_lview_f010650.jpg,1
20260714_070036_KXNFLT_c000_lview_f010680.jpg,1
20260714_070036_KXNFLT_c000_lview_f010710.jpg,1
20260714_070036_KXNFLT_c000_lview_f010740.jpg,1
20260714_070036_KXNFLT_c000_lview_f010770.jpg,1
20260714_070036_KXNFLT_c000_lview_f010800.jpg,1
20260714_070036_KXNFLT_c000_rview_f000000.jpg,1
20260714_070036_KXNFLT_c000_rview_f000030.jpg,1
20260714_070036_KXNFLT_c000_rview_f000060.jpg,1
20260714_070036_KXNFLT_c000_rview_f000090.jpg,1
20260714_070036_KXNFLT_c000_rview_f000120.jpg,1
20260714_070036_KXNFLT_c000_rview_f000150.jpg,1
20260714_070036_KXNFLT_c000_rview_f000180.jpg,1
20260714_070036_KXNFLT_c000_rview_f000210.jpg,1
20260714_070036_KXNFLT_c000_rview_f000240.jpg,1
20260714_070036_KXNFLT_c000_rview_f000270.jpg,1
20260714_070036_KXNFLT_c000_rview_f000300.jpg,1
20260714_070036_KXNFLT_c000_rview_f000330.jpg,1
20260714_070036_KXNFLT_c000_rview_f000360.jpg,1
20260714_070036_KXNFLT_c000_rview_f000390.jpg,1
20260714_070036_KXNFLT_c000_rview_f000420.jpg,1
20260714_070036_KXNFLT_c000_rview_f000450.jpg,1
20260714_070036_KXNFLT_c000_rview_f000480.jpg,1
20260714_070036_KXNFLT_c000_rview_f000510.jpg,1
20260714_070036_KXNFLT_c000_rview_f000540.jpg,1
20260714_070036_KXNFLT_c000_rview_f000570.jpg,1
20260714_070036_KXNFLT_c000_rview_f000600.jpg,1
20260714_070036_KXNFLT_c000_rview_f000630.jpg,1
20260714_070036_KXNFLT_c000_rview_f000660.jpg,1
20260714_070036_KXNFLT_c000_rview_f000690.jpg,1
20260714_070036_KXNFLT_c000_rview_f000720.jpg,1
20260714_070036_KXNFLT_c000_rview_f000750.jpg,1
20260714_070036_KXNFLT_c000_rview_f000780.jpg,1
20260714_070036_KXNFLT_c000_rview_f000810.jpg,1
20260714_070036_KXNFLT_c000_rview_f000840.jpg,1
20260714_070036_KXNFLT_c000_rview_f000870.jpg,1
20260714_070036_KXNFLT_c000_rview_f000900.jpg,1
20260714_070036_KXNFLT_c000_rview_f000930.jpg,1
20260714_070036_KXNFLT_c000_rview_f000960.jpg,1
20260714_070036_KXNFLT_c000_rview_f000990.jpg,1
20260714_070036_KXNFLT_c000_rview_f001020.jpg,1
20260714_070036_KXNFLT_c000_rview_f001050.jpg,1
20260714_070036_KXNFLT_c000_rview_f001080.jpg,1
20260714_070036_KXNFLT_c000_rview_f001110.jpg,1
20260714_070036_KXNFLT_c000_rview_f001140.jpg,1
20260714_070036_KXNFLT_c000_rview_f001170.jpg,1
20260714_070036_KXNFLT_c000_rview_f001200.jpg,1
20260714_070036_KXNFLT_c000_rview_f001230.jpg,1
20260714_070036_KXNFLT_c000_rview_f001260.jpg,1
20260714_070036_KXNFLT_c000_rview_f001290.jpg,1
20260714_070036_KXNFLT_c000_rview_f001320.jpg,1
20260714_070036_KXNFLT_c000_rview_f001350.jpg,1
20260714_070036_KXNFLT_c000_rview_f001380.jpg,1
20260714_070036_KXNFLT_c000_rview_f001410.jpg,1
20260714_070036_KXNFLT_c000_rview_f001440.jpg,1
20260714_070036_KXNFLT_c000_rview_f001470.jpg,1
20260714_070036_KXNFLT_c000_rview_f001500.jpg,1
20260714_070036_KXNFLT_c000_rview_f001530.jpg,1
20260714_070036_KXNFLT_c000_rview_f001560.jpg,1
20260714_070036_KXNFLT_c000_rview_f001590.jpg,1
20260714_070036_KXNFLT_c000_rview_f001620.jpg,1
20260714_070036_KXNFLT_c000_rview_f001650.jpg,1
20260714_070036_KXNFLT_c000_rview_f001680.jpg,1
20260714_070036_KXNFLT_c000_rview_f001710.jpg,1
20260714_070036_KXNFLT_c000_rview_f001740.jpg,1
20260714_070036_KXNFLT_c000_rview_f001770.jpg,1
20260714_070036_KXNFLT_c000_rview_f001800.jpg,1
20260714_070036_KXNFLT_c000_rview_f001830.jpg,1
20260714_070036_KXNFLT_c000_rview_f001860.jpg,1
20260714_070036_KXNFLT_c000_rview_f001890.jpg,1
20260714_070036_KXNFLT_c000_rview_f001920.jpg,1
20260714_070036_KXNFLT_c000_rview_f001950.jpg,1
20260714_070036_KXNFLT_c000_rview_f001980.jpg,1
20260714_070036_KXNFLT_c000_rview_f002010.jpg,1
20260714_070036_KXNFLT_c000_rview_f002040.jpg,1
20260714_070036_KXNFLT_c000_rview_f002070.jpg,1
20260714_070036_KXNFLT_c000_rview_f002100.jpg,1
20260714_070036_KXNFLT_c000_rview_f002130.jpg,1
20260714_070036_KXNFLT_c000_rview_f002160.jpg,1
20260714_070036_KXNFLT_c000_rview_f002190.jpg,1
20260714_070036_KXNFLT_c000_rview_f002220.jpg,1
20260714_070036_KXNFLT_c000_rview_f002250.jpg,1
20260714_070036_KXNFLT_c000_rview_f002280.jpg,1
20260714_070036_KXNFLT_c000_rview_f002310.jpg,1
20260714_070036_KXNFLT_c000_rview_f002340.jpg,1
20260714_070036_KXNFLT_c000_rview_f002370.jpg,1
20260714_070036_KXNFLT_c000_rview_f002400.jpg,1
20260714_070036_KXNFLT_c000_rview_f002430.jpg,1
20260714_070036_KXNFLT_c000_rview_f002460.jpg,1
20260714_070036_KXNFLT_c000_rview_f002490.jpg,1
20260714_070036_KXNFLT_c000_rview_f002520.jpg,1
20260714_070036_KXNFLT_c000_rview_f002550.jpg,1
20260714_070036_KXNFLT_c000_rview_f002580.jpg,1
20260714_070036_KXNFLT_c000_rview_f002610.jpg,1
20260714_070036_KXNFLT_c000_rview_f002640.jpg,1
20260714_070036_KXNFLT_c000_rview_f002670.jpg,1
20260714_070036_KXNFLT_c000_rview_f002700.jpg,1
20260714_070036_KXNFLT_c000_rview_f002730.jpg,1
20260714_070036_KXNFLT_c000_rview_f002760.jpg,1
20260714_070036_KXNFLT_c000_rview_f002790.jpg,1
20260714_070036_KXNFLT_c000_rview_f002820.jpg,1
20260714_070036_KXNFLT_c000_rview_f002850.jpg,1
20260714_070036_KXNFLT_c000_rview_f002880.jpg,1
20260714_070036_KXNFLT_c000_rview_f002910.jpg,1
20260714_070036_KXNFLT_c000_rview_f002940.jpg,1
20260714_070036_KXNFLT_c000_rview_f002970.jpg,1
20260714_070036_KXNFLT_c000_rview_f003000.jpg,1
20260714_070036_KXNFLT_c000_rview_f003030.jpg,1
20260714_070036_KXNFLT_c000_rview_f003060.jpg,1
20260714_070036_KXNFLT_c000_rview_f003090.jpg,1
20260714_070036_KXNFLT_c000_rview_f003120.jpg,1
20260714_070036_KXNFLT_c000_rview_f003150.jpg,1
20260714_070036_KXNFLT_c000_rview_f003180.jpg,1
20260714_070036_KXNFLT_c000_rview_f003210.jpg,1
20260714_070036_KXNFLT_c000_rview_f003240.jpg,1
20260714_070036_KXNFLT_c000_rview_f003270.jpg,1
20260714_070036_KXNFLT_c000_rview_f003300.jpg,1
20260714_070036_KXNFLT_c000_rview_f003330.jpg,1
20260714_070036_KXNFLT_c000_rview_f003360.jpg,1
20260714_070036_KXNFLT_c000_rview_f003390.jpg,1
20260714_070036_KXNFLT_c000_rview_f003420.jpg,1
20260714_070036_KXNFLT_c000_rview_f003450.jpg,1
20260714_070036_KXNFLT_c000_rview_f003480.jpg,1
20260714_070036_KXNFLT_c000_rview_f003510.jpg,1
20260714_070036_KXNFLT_c000_rview_f003540.jpg,1
20260714_070036_KXNFLT_c000_rview_f003570.jpg,1
20260714_070036_KXNFLT_c000_rview_f003600.jpg,1
20260714_070036_KXNFLT_c000_rview_f003630.jpg,1
20260714_070036_KXNFLT_c000_rview_f003660.jpg,1
20260714_070036_KXNFLT_c000_rview_f003690.jpg,1
20260714_070036_KXNFLT_c000_rview_f003720.jpg,1
20260714_070036_KXNFLT_c000_rview_f003750.jpg,1
20260714_070036_KXNFLT_c000_rview_f003780.jpg,1
20260714_070036_KXNFLT_c000_rview_f003810.jpg,1
20260714_070036_KXNFLT_c000_rview_f003840.jpg,1
20260714_070036_KXNFLT_c000_rview_f003870.jpg,1
20260714_070036_KXNFLT_c000_rview_f003900.jpg,1
20260714_070036_KXNFLT_c000_rview_f003930.jpg,1
20260714_070036_KXNFLT_c000_rview_f003960.jpg,1
20260714_070036_KXNFLT_c000_rview_f003990.jpg,1
20260714_070036_KXNFLT_c000_rview_f004020.jpg,1
20260714_070036_KXNFLT_c000_rview_f004050.jpg,1
20260714_070036_KXNFLT_c000_rview_f004080.jpg,1
20260714_070036_KXNFLT_c000_rview_f004110.jpg,1
20260714_070036_KXNFLT_c000_rview_f004140.jpg,1
20260714_070036_KXNFLT_c000_rview_f004170.jpg,1
20260714_070036_KXNFLT_c000_rview_f004200.jpg,1
20260714_070036_KXNFLT_c000_rview_f004230.jpg,1
20260714_070036_KXNFLT_c000_rview_f004260.jpg,1
20260714_070036_KXNFLT_c000_rview_f004290.jpg,1
20260714_070036_KXNFLT_c000_rview_f004320.jpg,1
20260714_070036_KXNFLT_c000_rview_f004350.jpg,1
20260714_070036_KXNFLT_c000_rview_f004380.jpg,1
20260714_070036_KXNFLT_c000_rview_f004410.jpg,1
20260714_070036_KXNFLT_c000_rview_f004440.jpg,1
20260714_070036_KXNFLT_c000_rview_f004470.jpg,1
20260714_070036_KXNFLT_c000_rview_f004500.jpg,1
20260714_070036_KXNFLT_c000_rview_f004530.jpg,1
20260714_070036_KXNFLT_c000_rview_f004560.jpg,1
20260714_070036_KXNFLT_c000_rview_f004590.jpg,1
20260714_070036_KXNFLT_c000_rview_f004620.jpg,1
20260714_070036_KXNFLT_c000_rview_f004650.jpg,1
20260714_070036_KXNFLT_c000_rview_f004680.jpg,1
20260714_070036_KXNFLT_c000_rview_f004710.jpg,1
20260714_070036_KXNFLT_c000_rview_f004740.jpg,1
20260714_070036_KXNFLT_c000_rview_f004770.jpg,1
20260714_070036_KXNFLT_c000_rview_f004800.jpg,1
20260714_070036_KXNFLT_c000_rview_f004830.jpg,1
20260714_070036_KXNFLT_c000_rview_f004860.jpg,1
20260714_070036_KXNFLT_c000_rview_f004890.jpg,1
20260714_070036_KXNFLT_c000_rview_f004920.jpg,1
20260714_070036_KXNFLT_c000_rview_f004950.jpg,1
20260714_070036_KXNFLT_c000_rview_f004980.jpg,1
20260714_070036_KXNFLT_c000_rview_f005010.jpg,1
20260714_070036_KXNFLT_c000_rview_f005040.jpg,1
20260714_070036_KXNFLT_c000_rview_f005070.jpg,1
20260714_070036_KXNFLT_c000_rview_f005100.jpg,1
20260714_070036_KXNFLT_c000_rview_f005130.jpg,1
20260714_070036_KXNFLT_c000_rview_f005160.jpg,1
20260714_070036_KXNFLT_c000_rview_f005190.jpg,1
20260714_070036_KXNFLT_c000_rview_f005220.jpg,1
20260714_070036_KXNFLT_c000_rview_f005250.jpg,1
20260714_070036_KXNFLT_c000_rview_f005280.jpg,1
20260714_070036_KXNFLT_c000_rview_f005310.jpg,1
20260714_070036_KXNFLT_c000_rview_f005340.jpg,1
20260714_070036_KXNFLT_c000_rview_f005370.jpg,1
20260714_070036_KXNFLT_c000_rview_f005400.jpg,1
20260714_070036_KXNFLT_c000_rview_f005430.jpg,1
20260714_070036_KXNFLT_c000_rview_f005460.jpg,1
20260714_070036_KXNFLT_c000_rview_f005490.jpg,1
20260714_070036_KXNFLT_c000_rview_f005520.jpg,1
20260714_070036_KXNFLT_c000_rview_f005550.jpg,1
20260714_070036_KXNFLT_c000_rview_f005580.jpg,1
20260714_070036_KXNFLT_c000_rview_f005610.jpg,1
20260714_070036_KXNFLT_c000_rview_f005640.jpg,1
20260714_070036_KXNFLT_c000_rview_f005670.jpg,1
20260714_070036_KXNFLT_c000_rview_f005700.jpg,1
20260714_070036_KXNFLT_c000_rview_f005730.jpg,1
20260714_070036_KXNFLT_c000_rview_f005760.jpg,1
20260714_070036_KXNFLT_c000_rview_f005790.jpg,1
20260714_070036_KXNFLT_c000_rview_f005820.jpg,1
20260714_070036_KXNFLT_c000_rview_f005850.jpg,1
20260714_070036_KXNFLT_c000_rview_f005880.jpg,1
20260714_070036_KXNFLT_c000_rview_f005910.jpg,1
20260714_070036_KXNFLT_c000_rview_f005940.jpg,1
20260714_070036_KXNFLT_c000_rview_f005970.jpg,1
20260714_070036_KXNFLT_c000_rview_f006000.jpg,1
20260714_070036_KXNFLT_c000_rview_f006030.jpg,1
20260714_070036_KXNFLT_c000_rview_f006060.jpg,1
20260714_070036_KXNFLT_c000_rview_f006090.jpg,1
20260714_070036_KXNFLT_c000_rview_f006120.jpg,1
20260714_070036_KXNFLT_c000_rview_f006150.jpg,1
20260714_070036_KXNFLT_c000_rview_f006180.jpg,1
20260714_070036_KXNFLT_c000_rview_f006210.jpg,1
20260714_070036_KXNFLT_c000_rview_f006240.jpg,1
20260714_070036_KXNFLT_c000_rview_f006270.jpg,1
20260714_070036_KXNFLT_c000_rview_f006300.jpg,1
20260714_070036_KXNFLT_c000_rview_f006330.jpg,1
20260714_070036_KXNFLT_c000_rview_f006360.jpg,1
20260714_070036_KXNFLT_c000_rview_f006390.jpg,1
20260714_070036_KXNFLT_c000_rview_f006420.jpg,1
20260714_070036_KXNFLT_c000_rview_f006450.jpg,1
20260714_070036_KXNFLT_c000_rview_f006480.jpg,1
20260714_070036_KXNFLT_c000_rview_f006510.jpg,1
20260714_070036_KXNFLT_c000_rview_f006540.jpg,1
20260714_070036_KXNFLT_c000_rview_f006570.jpg,1
20260714_070036_KXNFLT_c000_rview_f006600.jpg,1
20260714_070036_KXNFLT_c000_rview_f006630.jpg,1
20260714_070036_KXNFLT_c000_rview_f006660.jpg,1
20260714_070036_KXNFLT_c000_rview_f006690.jpg,1
20260714_070036_KXNFLT_c000_rview_f006720.jpg,1
20260714_070036_KXNFLT_c000_rview_f006750.jpg,1
20260714_070036_KXNFLT_c000_rview_f006780.jpg,1
20260714_070036_KXNFLT_c000_rview_f006810.jpg,1
20260714_070036_KXNFLT_c000_rview_f006840.jpg,1
20260714_070036_KXNFLT_c000_rview_f006870.jpg,1
20260714_070036_KXNFLT_c000_rview_f006900.jpg,1
20260714_070036_KXNFLT_c000_rview_f006930.jpg,1
20260714_070036_KXNFLT_c000_rview_f006960.jpg,1
20260714_070036_KXNFLT_c000_rview_f006990.jpg,1
20260714_070036_KXNFLT_c000_rview_f007020.jpg,1
20260714_070036_KXNFLT_c000_rview_f007050.jpg,1
20260714_070036_KXNFLT_c000_rview_f007080.jpg,1
20260714_070036_KXNFLT_c000_rview_f007110.jpg,1
20260714_070036_KXNFLT_c000_rview_f007140.jpg,1
20260714_070036_KXNFLT_c000_rview_f007170.jpg,1
20260714_070036_KXNFLT_c000_rview_f007200.jpg,1
20260714_070036_KXNFLT_c000_rview_f007230.jpg,1
20260714_070036_KXNFLT_c000_rview_f007260.jpg,1
20260714_070036_KXNFLT_c000_rview_f007290.jpg,1
20260714_070036_KXNFLT_c000_rview_f007320.jpg,1
20260714_070036_KXNFLT_c000_rview_f007350.jpg,1
20260714_070036_KXNFLT_c000_rview_f007380.jpg,1
20260714_070036_KXNFLT_c000_rview_f007410.jpg,1
20260714_070036_KXNFLT_c000_rview_f007440.jpg,1
20260714_070036_KXNFLT_c000_rview_f007470.jpg,1
20260714_070036_KXNFLT_c000_rview_f007500.jpg,1
20260714_070036_KXNFLT_c000_rview_f007530.jpg,1
20260714_070036_KXNFLT_c000_rview_f007560.jpg,1
20260714_070036_KXNFLT_c000_rview_f007590.jpg,1
20260714_070036_KXNFLT_c000_rview_f007620.jpg,1
20260714_070036_KXNFLT_c000_rview_f007650.jpg,1
20260714_070036_KXNFLT_c000_rview_f007680.jpg,1
20260714_070036_KXNFLT_c000_rview_f007710.jpg,1
20260714_070036_KXNFLT_c000_rview_f007740.jpg,1
20260714_070036_KXNFLT_c000_rview_f007770.jpg,1
20260714_070036_KXNFLT_c000_rview_f007800.jpg,1
20260714_070036_KXNFLT_c000_rview_f007830.jpg,1
20260714_070036_KXNFLT_c000_rview_f007860.jpg,1
20260714_070036_KXNFLT_c000_rview_f007890.jpg,1
20260714_070036_KXNFLT_c000_rview_f007920.jpg,1
20260714_070036_KXNFLT_c000_rview_f007950.jpg,1
20260714_070036_KXNFLT_c000_rview_f007980.jpg,1
20260714_070036_KXNFLT_c000_rview_f008010.jpg,1
20260714_070036_KXNFLT_c000_rview_f008040.jpg,1
20260714_070036_KXNFLT_c000_rview_f008070.jpg,1
20260714_070036_KXNFLT_c000_rview_f008100.jpg,1
20260714_070036_KXNFLT_c000_rview_f008130.jpg,1
20260714_070036_KXNFLT_c000_rview_f008160.jpg,1
20260714_070036_KXNFLT_c000_rview_f008190.jpg,1
20260714_070036_KXNFLT_c000_rview_f008220.jpg,1
20260714_070036_KXNFLT_c000_rview_f008250.jpg,1
20260714_070036_KXNFLT_c000_rview_f008280.jpg,1
20260714_070036_KXNFLT_c000_rview_f008310.jpg,1
20260714_070036_KXNFLT_c000_rview_f008340.jpg,1
20260714_070036_KXNFLT_c000_rview_f008370.jpg,1
20260714_070036_KXNFLT_c000_rview_f008400.jpg,1
20260714_070036_KXNFLT_c000_rview_f008430.jpg,1
20260714_070036_KXNFLT_c000_rview_f008460.jpg,1
20260714_070036_KXNFLT_c000_rview_f008490.jpg,1
20260714_070036_KXNFLT_c000_rview_f008520.jpg,1
20260714_070036_KXNFLT_c000_rview_f008550.jpg,1
20260714_070036_KXNFLT_c000_rview_f008580.jpg,1
20260714_070036_KXNFLT_c000_rview_f008610.jpg,1
20260714_070036_KXNFLT_c000_rview_f008640.jpg,1
20260714_070036_KXNFLT_c000_rview_f008670.jpg,1
20260714_070036_KXNFLT_c000_rview_f008700.jpg,1
20260714_070036_KXNFLT_c000_rview_f008730.jpg,1
20260714_070036_KXNFLT_c000_rview_f008760.jpg,1
20260714_070036_KXNFLT_c000_rview_f008790.jpg,1
20260714_070036_KXNFLT_c000_rview_f008820.jpg,1
20260714_070036_KXNFLT_c000_rview_f008850.jpg,1
20260714_070036_KXNFLT_c000_rview_f008880.jpg,1
20260714_070036_KXNFLT_c000_rview_f008910.jpg,1
20260714_070036_KXNFLT_c000_rview_f008940.jpg,1
20260714_070036_KXNFLT_c000_rview_f008970.jpg,1
20260714_070036_KXNFLT_c000_rview_f009000.jpg,1
20260714_070036_KXNFLT_c000_rview_f009030.jpg,1
20260714_070036_KXNFLT_c000_rview_f009060.jpg,1
20260714_070036_KXNFLT_c000_rview_f009090.jpg,1
20260714_070036_KXNFLT_c000_rview_f009120.jpg,1
20260714_070036_KXNFLT_c000_rview_f009150.jpg,1
20260714_070036_KXNFLT_c000_rview_f009180.jpg,1
20260714_070036_KXNFLT_c000_rview_f009210.jpg,1
20260714_070036_KXNFLT_c000_rview_f009240.jpg,1
20260714_070036_KXNFLT_c000_rview_f009270.jpg,1
20260714_070036_KXNFLT_c000_rview_f009300.jpg,1
20260714_070036_KXNFLT_c000_rview_f009330.jpg,1
20260714_070036_KXNFLT_c000_rview_f009360.jpg,1
20260714_070036_KXNFLT_c000_rview_f009390.jpg,1
20260714_070036_KXNFLT_c000_rview_f009420.jpg,1
20260714_070036_KXNFLT_c000_rview_f009450.jpg,1
20260714_070036_KXNFLT_c000_rview_f009480.jpg,1
20260714_070036_KXNFLT_c000_rview_f009510.jpg,1
20260714_070036_KXNFLT_c000_rview_f009540.jpg,1
20260714_070036_KXNFLT_c000_rview_f009570.jpg,1
20260714_070036_KXNFLT_c000_rview_f009600.jpg,1
20260714_070036_KXNFLT_c000_rview_f009630.jpg,1
20260714_070036_KXNFLT_c000_rview_f009660.jpg,1
20260714_070036_KXNFLT_c000_rview_f009690.jpg,1
20260714_070036_KXNFLT_c000_rview_f009720.jpg,1
20260714_070036_KXNFLT_c000_rview_f009750.jpg,1
20260714_070036_KXNFLT_c000_rview_f009780.jpg,1
20260714_070036_KXNFLT_c000_rview_f009810.jpg,1
20260714_070036_KXNFLT_c000_rview_f009840.jpg,1
20260714_070036_KXNFLT_c000_rview_f009870.jpg,1
20260714_070036_KXNFLT_c000_rview_f009900.jpg,1
20260714_070036_KXNFLT_c000_rview_f009930.jpg,1
20260714_070036_KXNFLT_c000_rview_f009960.jpg,1
20260714_070036_KXNFLT_c000_rview_f009990.jpg,1
20260714_070036_KXNFLT_c000_rview_f010020.jpg,1
20260714_070036_KXNFLT_c000_rview_f010050.jpg,1
20260714_070036_KXNFLT_c000_rview_f010080.jpg,1
20260714_070036_KXNFLT_c000_rview_f010110.jpg,1
20260714_070036_KXNFLT_c000_rview_f010140.jpg,1
20260714_070036_KXNFLT_c000_rview_f010170.jpg,1
20260714_070036_KXNFLT_c000_rview_f010200.jpg,1
20260714_070036_KXNFLT_c000_rview_f010230.jpg,1
20260714_070036_KXNFLT_c000_rview_f010260.jpg,1
20260714_070036_KXNFLT_c000_rview_f010290.jpg,1
20260714_070036_KXNFLT_c000_rview_f010320.jpg,1
20260714_070036_KXNFLT_c000_rview_f010350.jpg,1
20260714_070036_KXNFLT_c000_rview_f010380.jpg,1
20260714_070036_KXNFLT_c000_rview_f010410.jpg,1
20260714_070036_KXNFLT_c000_rview_f010440.jpg,1
20260714_070036_KXNFLT_c000_rview_f010470.jpg,1
20260714_070036_KXNFLT_c000_rview_f010500.jpg,1
20260714_070036_KXNFLT_c000_rview_f010530.jpg,1
20260714_070036_KXNFLT_c000_rview_f010560.jpg,1
20260714_070036_KXNFLT_c000_rview_f010590.jpg,1
20260714_070036_KXNFLT_c000_rview_f010620.jpg,1
20260714_070036_KXNFLT_c000_rview_f010650.jpg,1
20260714_070036_KXNFLT_c000_rview_f010680.jpg,1
20260714_070036_KXNFLT_c000_rview_f010710.jpg,1
20260714_070036_KXNFLT_c000_rview_f010740.jpg,1
20260714_070036_KXNFLT_c000_rview_f010770.jpg,1
20260714_070036_KXNFLT_c000_rview_f010800.jpg,1
20260715_003829_QUGZXQ_c009_lview_f000000.jpg,1
20260715_003829_QUGZXQ_c009_lview_f000030.jpg,1
20260715_003829_QUGZXQ_c009_lview_f000150.jpg,1
20260715_003829_QUGZXQ_c009_lview_f000360.jpg,1
20260715_003829_QUGZXQ_c009_lview_f000570.jpg,1
20260715_003829_QUGZXQ_c009_lview_f000600.jpg,1
20260715_003829_QUGZXQ_c009_lview_f000630.jpg,1
20260715_003829_QUGZXQ_c009_lview_f000660.jpg,1
20260715_003829_QUGZXQ_c009_lview_f000690.jpg,1
20260715_003829_QUGZXQ_c009_lview_f000720.jpg,1
20260715_003829_QUGZXQ_c009_lview_f000750.jpg,1
20260715_003829_QUGZXQ_c009_lview_f000960.jpg,1
20260715_003829_QUGZXQ_c009_lview_f001170.jpg,1
20260715_003829_QUGZXQ_c009_lview_f001380.jpg,1
20260715_003829_QUGZXQ_c009_lview_f001410.jpg,1
20260715_003829_QUGZXQ_c009_lview_f001440.jpg,1
20260715_003829_QUGZXQ_c009_lview_f001500.jpg,1
20260715_003829_QUGZXQ_c009_lview_f001530.jpg,1
20260715_003829_QUGZXQ_c009_lview_f001560.jpg,1
20260715_003829_QUGZXQ_c009_lview_f001650.jpg,1
20260715_003829_QUGZXQ_c009_lview_f001860.jpg,1
20260715_003829_QUGZXQ_c009_lview_f002070.jpg,1
20260715_003829_QUGZXQ_c009_lview_f002250.jpg,1
20260715_003829_QUGZXQ_c009_lview_f002280.jpg,1
20260715_003829_QUGZXQ_c009_lview_f002310.jpg,1
20260715_003829_QUGZXQ_c009_lview_f002370.jpg,1
20260715_003829_QUGZXQ_c009_lview_f002400.jpg,1
20260715_003829_QUGZXQ_c009_lview_f002430.jpg,1
20260715_003829_QUGZXQ_c009_lview_f002460.jpg,1
20260715_003829_QUGZXQ_c009_lview_f002610.jpg,1
20260715_003829_QUGZXQ_c009_lview_f002820.jpg,1
20260715_003829_QUGZXQ_c009_lview_f003030.jpg,1
20260715_003829_QUGZXQ_c009_lview_f003240.jpg,1
20260715_003829_QUGZXQ_c009_lview_f003360.jpg,1
20260715_003829_QUGZXQ_c009_lview_f003450.jpg,1
20260715_003829_QUGZXQ_c009_lview_f003480.jpg,1
20260715_003829_QUGZXQ_c009_lview_f003510.jpg,1
20260715_003829_QUGZXQ_c009_lview_f003570.jpg,1
20260715_003829_QUGZXQ_c009_lview_f003690.jpg,1
20260715_003829_QUGZXQ_c009_lview_f003810.jpg,1
20260715_003829_QUGZXQ_c009_lview_f004020.jpg,1
20260715_003829_QUGZXQ_c009_lview_f004140.jpg,1
20260715_003829_QUGZXQ_c009_lview_f004170.jpg,1
20260715_003829_QUGZXQ_c009_lview_f004200.jpg,1
20260715_003829_QUGZXQ_c009_lview_f004230.jpg,1
20260715_003829_QUGZXQ_c009_lview_f004260.jpg,1
20260715_003829_QUGZXQ_c009_lview_f004290.jpg,1
20260715_003829_QUGZXQ_c009_lview_f004530.jpg,1
20260715_003829_QUGZXQ_c009_lview_f004740.jpg,1
20260715_003829_QUGZXQ_c009_lview_f004950.jpg,1
20260715_003829_QUGZXQ_c009_lview_f005160.jpg,1
20260715_003829_QUGZXQ_c009_lview_f005190.jpg,1
20260715_003829_QUGZXQ_c009_lview_f005220.jpg,1
20260715_003829_QUGZXQ_c009_lview_f005250.jpg,1
20260715_003829_QUGZXQ_c009_lview_f005280.jpg,1
20260715_003829_QUGZXQ_c009_lview_f005370.jpg,1
20260715_003829_QUGZXQ_c009_lview_f005400.jpg,1
20260715_003829_QUGZXQ_c009_lview_f005430.jpg,1
20260715_003829_QUGZXQ_c009_lview_f005460.jpg,1
20260715_003829_QUGZXQ_c009_lview_f005490.jpg,1
20260715_003829_QUGZXQ_c009_lview_f005520.jpg,1
20260715_003829_QUGZXQ_c009_lview_f005550.jpg,1
20260715_003829_QUGZXQ_c009_lview_f005580.jpg,1
20260715_003829_QUGZXQ_c009_lview_f005610.jpg,1
20260715_003829_QUGZXQ_c009_lview_f005640.jpg,1
20260715_003829_QUGZXQ_c009_lview_f005670.jpg,1
20260715_003829_QUGZXQ_c009_lview_f005700.jpg,1
20260715_003829_QUGZXQ_c009_lview_f005730.jpg,1
20260715_003829_QUGZXQ_c009_lview_f005910.jpg,1
20260715_003829_QUGZXQ_c009_lview_f006120.jpg,1
20260715_003829_QUGZXQ_c009_lview_f006330.jpg,1
20260715_003829_QUGZXQ_c009_lview_f006540.jpg,1
20260715_003829_QUGZXQ_c009_lview_f006720.jpg,1
20260715_003829_QUGZXQ_c009_lview_f006780.jpg,1
20260715_003829_QUGZXQ_c009_lview_f006810.jpg,1
20260715_003829_QUGZXQ_c009_lview_f007020.jpg,1
20260715_003829_QUGZXQ_c009_lview_f007050.jpg,1
20260715_003829_QUGZXQ_c009_lview_f007230.jpg,1
20260715_003829_QUGZXQ_c009_lview_f007290.jpg,1
20260715_003829_QUGZXQ_c009_lview_f007500.jpg,1
20260715_003829_QUGZXQ_c009_lview_f007710.jpg,1
20260715_003829_QUGZXQ_c009_lview_f007830.jpg,1
20260715_003829_QUGZXQ_c009_lview_f007860.jpg,1
20260715_003829_QUGZXQ_c009_lview_f007890.jpg,1
20260715_003829_QUGZXQ_c009_lview_f007920.jpg,1
20260715_003829_QUGZXQ_c009_lview_f007950.jpg,1
20260715_003829_QUGZXQ_c009_lview_f007980.jpg,1
20260715_003829_QUGZXQ_c009_lview_f008100.jpg,1
20260715_003829_QUGZXQ_c009_lview_f008370.jpg,1
20260715_003829_QUGZXQ_c009_lview_f008580.jpg,1
20260715_003829_QUGZXQ_c009_lview_f008790.jpg,1
20260715_003829_QUGZXQ_c009_lview_f008820.jpg,1
20260715_003829_QUGZXQ_c009_lview_f008850.jpg,1
20260715_003829_QUGZXQ_c009_lview_f008880.jpg,1
20260715_003829_QUGZXQ_c009_lview_f008910.jpg,1
20260715_003829_QUGZXQ_c009_lview_f008940.jpg,1
20260715_003829_QUGZXQ_c009_lview_f008970.jpg,1
20260715_003829_QUGZXQ_c009_lview_f009000.jpg,1
20260715_003829_QUGZXQ_c009_lview_f009060.jpg,1
20260715_003829_QUGZXQ_c009_lview_f009090.jpg,1
20260715_003829_QUGZXQ_c009_lview_f009120.jpg,1
20260715_003829_QUGZXQ_c009_lview_f009150.jpg,1
20260715_003829_QUGZXQ_c009_lview_f009180.jpg,1
20260715_003829_QUGZXQ_c009_lview_f009210.jpg,1
20260715_003829_QUGZXQ_c009_lview_f009240.jpg,1
20260715_003829_QUGZXQ_c009_lview_f009450.jpg,1
20260715_003829_QUGZXQ_c009_lview_f009660.jpg,1
20260715_003829_QUGZXQ_c009_lview_f009870.jpg,1
20260715_003829_QUGZXQ_c009_lview_f009990.jpg,1
20260715_003829_QUGZXQ_c009_lview_f010140.jpg,1
20260715_003829_QUGZXQ_c009_lview_f010170.jpg,1
20260715_003829_QUGZXQ_c009_lview_f010260.jpg,1
20260715_003829_QUGZXQ_c009_lview_f010320.jpg,1
20260715_003829_QUGZXQ_c009_lview_f010350.jpg,1
20260715_003829_QUGZXQ_c009_lview_f010380.jpg,1
20260715_003829_QUGZXQ_c009_lview_f010410.jpg,1
20260715_003829_QUGZXQ_c009_lview_f010440.jpg,1
20260715_003829_QUGZXQ_c009_lview_f010470.jpg,1
20260715_003829_QUGZXQ_c009_lview_f010500.jpg,1
20260715_003829_QUGZXQ_c009_lview_f010530.jpg,1
20260715_003829_QUGZXQ_c009_lview_f010560.jpg,1
20260715_003829_QUGZXQ_c009_lview_f010590.jpg,1
20260715_003829_QUGZXQ_c009_lview_f010740.jpg,1
20260715_003829_QUGZXQ_c009_rview_f000000.jpg,1
20260715_003829_QUGZXQ_c009_rview_f000030.jpg,1
20260715_003829_QUGZXQ_c009_rview_f000240.jpg,1
20260715_003829_QUGZXQ_c009_rview_f000450.jpg,1
20260715_003829_QUGZXQ_c009_rview_f000570.jpg,1
20260715_003829_QUGZXQ_c009_rview_f000600.jpg,1
20260715_003829_QUGZXQ_c009_rview_f000630.jpg,1
20260715_003829_QUGZXQ_c009_rview_f000660.jpg,1
20260715_003829_QUGZXQ_c009_rview_f000690.jpg,1
20260715_003829_QUGZXQ_c009_rview_f000720.jpg,1
20260715_003829_QUGZXQ_c009_rview_f000840.jpg,1
20260715_003829_QUGZXQ_c009_rview_f001050.jpg,1
20260715_003829_QUGZXQ_c009_rview_f001260.jpg,1
20260715_003829_QUGZXQ_c009_rview_f001380.jpg,1
20260715_003829_QUGZXQ_c009_rview_f001410.jpg,1
20260715_003829_QUGZXQ_c009_rview_f001440.jpg,1
20260715_003829_QUGZXQ_c009_rview_f001500.jpg,1
20260715_003829_QUGZXQ_c009_rview_f001530.jpg,1
20260715_003829_QUGZXQ_c009_rview_f001560.jpg,1
20260715_003829_QUGZXQ_c009_rview_f001740.jpg,1
20260715_003829_QUGZXQ_c009_rview_f001950.jpg,1
20260715_003829_QUGZXQ_c009_rview_f002160.jpg,1
20260715_003829_QUGZXQ_c009_rview_f002220.jpg,1
20260715_003829_QUGZXQ_c009_rview_f002250.jpg,1
20260715_003829_QUGZXQ_c009_rview_f002280.jpg,1
20260715_003829_QUGZXQ_c009_rview_f002340.jpg,1
20260715_003829_QUGZXQ_c009_rview_f002370.jpg,1
20260715_003829_QUGZXQ_c009_rview_f002400.jpg,1
20260715_003829_QUGZXQ_c009_rview_f002430.jpg,1
20260715_003829_QUGZXQ_c009_rview_f002460.jpg,1
20260715_003829_QUGZXQ_c009_rview_f002490.jpg,1
20260715_003829_QUGZXQ_c009_rview_f002700.jpg,1
20260715_003829_QUGZXQ_c009_rview_f002910.jpg,1
20260715_003829_QUGZXQ_c009_rview_f003120.jpg,1
20260715_003829_QUGZXQ_c009_rview_f003330.jpg,1
20260715_003829_QUGZXQ_c009_rview_f003420.jpg,1
20260715_003829_QUGZXQ_c009_rview_f003450.jpg,1
20260715_003829_QUGZXQ_c009_rview_f003480.jpg,1
20260715_003829_QUGZXQ_c009_rview_f003510.jpg,1
20260715_003829_QUGZXQ_c009_rview_f003660.jpg,1
20260715_003829_QUGZXQ_c009_rview_f003690.jpg,1
20260715_003829_QUGZXQ_c009_rview_f003900.jpg,1
20260715_003829_QUGZXQ_c009_rview_f004110.jpg,1
20260715_003829_QUGZXQ_c009_rview_f004140.jpg,1
20260715_003829_QUGZXQ_c009_rview_f004170.jpg,1
20260715_003829_QUGZXQ_c009_rview_f004200.jpg,1
20260715_003829_QUGZXQ_c009_rview_f004230.jpg,1
20260715_003829_QUGZXQ_c009_rview_f004260.jpg,1
20260715_003829_QUGZXQ_c009_rview_f004290.jpg,1
20260715_003829_QUGZXQ_c009_rview_f004320.jpg,1
20260715_003829_QUGZXQ_c009_rview_f004410.jpg,1
20260715_003829_QUGZXQ_c009_rview_f004620.jpg,1
20260715_003829_QUGZXQ_c009_rview_f004830.jpg,1
20260715_003829_QUGZXQ_c009_rview_f005040.jpg,1
20260715_003829_QUGZXQ_c009_rview_f005190.jpg,1
20260715_003829_QUGZXQ_c009_rview_f005220.jpg,1
20260715_003829_QUGZXQ_c009_rview_f005250.jpg,1
20260715_003829_QUGZXQ_c009_rview_f005280.jpg,1
20260715_003829_QUGZXQ_c009_rview_f005310.jpg,1
20260715_003829_QUGZXQ_c009_rview_f005340.jpg,1
20260715_003829_QUGZXQ_c009_rview_f005370.jpg,1
20260715_003829_QUGZXQ_c009_rview_f005400.jpg,1
20260715_003829_QUGZXQ_c009_rview_f005430.jpg,1
20260715_003829_QUGZXQ_c009_rview_f005460.jpg,1
20260715_003829_QUGZXQ_c009_rview_f005490.jpg,1
20260715_003829_QUGZXQ_c009_rview_f005520.jpg,1
20260715_003829_QUGZXQ_c009_rview_f005550.jpg,1
20260715_003829_QUGZXQ_c009_rview_f005580.jpg,1
20260715_003829_QUGZXQ_c009_rview_f005610.jpg,1
20260715_003829_QUGZXQ_c009_rview_f005640.jpg,1
20260715_003829_QUGZXQ_c009_rview_f005670.jpg,1
20260715_003829_QUGZXQ_c009_rview_f005700.jpg,1
20260715_003829_QUGZXQ_c009_rview_f005730.jpg,1
20260715_003829_QUGZXQ_c009_rview_f005790.jpg,1
20260715_003829_QUGZXQ_c009_rview_f006000.jpg,1
20260715_003829_QUGZXQ_c009_rview_f006210.jpg,1
20260715_003829_QUGZXQ_c009_rview_f006420.jpg,1
20260715_003829_QUGZXQ_c009_rview_f006630.jpg,1
20260715_003829_QUGZXQ_c009_rview_f006720.jpg,1
20260715_003829_QUGZXQ_c009_rview_f006810.jpg,1
20260715_003829_QUGZXQ_c009_rview_f006900.jpg,1
20260715_003829_QUGZXQ_c009_rview_f007050.jpg,1
20260715_003829_QUGZXQ_c009_rview_f007140.jpg,1
20260715_003829_QUGZXQ_c009_rview_f007230.jpg,1
20260715_003829_QUGZXQ_c009_rview_f007380.jpg,1
20260715_003829_QUGZXQ_c009_rview_f007590.jpg,1
20260715_003829_QUGZXQ_c009_rview_f007800.jpg,1
20260715_003829_QUGZXQ_c009_rview_f007830.jpg,1
20260715_003829_QUGZXQ_c009_rview_f007860.jpg,1
20260715_003829_QUGZXQ_c009_rview_f007890.jpg,1
20260715_003829_QUGZXQ_c009_rview_f007920.jpg,1
20260715_003829_QUGZXQ_c009_rview_f007950.jpg,1
20260715_003829_QUGZXQ_c009_rview_f007980.jpg,1
20260715_003829_QUGZXQ_c009_rview_f008010.jpg,1
20260715_003829_QUGZXQ_c009_rview_f008100.jpg,1
20260715_003829_QUGZXQ_c009_rview_f008130.jpg,1
20260715_003829_QUGZXQ_c009_rview_f008190.jpg,1
20260715_003829_QUGZXQ_c009_rview_f008250.jpg,1
20260715_003829_QUGZXQ_c009_rview_f008460.jpg,1
20260715_003829_QUGZXQ_c009_rview_f008670.jpg,1
20260715_003829_QUGZXQ_c009_rview_f008760.jpg,1
20260715_003829_QUGZXQ_c009_rview_f008790.jpg,1
20260715_003829_QUGZXQ_c009_rview_f008820.jpg,1
20260715_003829_QUGZXQ_c009_rview_f008850.jpg,1
20260715_003829_QUGZXQ_c009_rview_f008880.jpg,1
20260715_003829_QUGZXQ_c009_rview_f008910.jpg,1
20260715_003829_QUGZXQ_c009_rview_f008940.jpg,1
20260715_003829_QUGZXQ_c009_rview_f008970.jpg,1
20260715_003829_QUGZXQ_c009_rview_f009000.jpg,1
20260715_003829_QUGZXQ_c009_rview_f009030.jpg,1
20260715_003829_QUGZXQ_c009_rview_f009060.jpg,1
20260715_003829_QUGZXQ_c009_rview_f009090.jpg,1
20260715_003829_QUGZXQ_c009_rview_f009120.jpg,1
20260715_003829_QUGZXQ_c009_rview_f009150.jpg,1
20260715_003829_QUGZXQ_c009_rview_f009180.jpg,1
20260715_003829_QUGZXQ_c009_rview_f009210.jpg,1
20260715_003829_QUGZXQ_c009_rview_f009330.jpg,1
20260715_003829_QUGZXQ_c009_rview_f009540.jpg,1
20260715_003829_QUGZXQ_c009_rview_f009750.jpg,1
20260715_003829_QUGZXQ_c009_rview_f009960.jpg,1
20260715_003829_QUGZXQ_c009_rview_f009990.jpg,1
20260715_003829_QUGZXQ_c009_rview_f010020.jpg,1
20260715_003829_QUGZXQ_c009_rview_f010110.jpg,1
20260715_003829_QUGZXQ_c009_rview_f010170.jpg,1
20260715_003829_QUGZXQ_c009_rview_f010200.jpg,1
20260715_003829_QUGZXQ_c009_rview_f010260.jpg,1
20260715_003829_QUGZXQ_c009_rview_f010290.jpg,1
20260715_003829_QUGZXQ_c009_rview_f010320.jpg,1
20260715_003829_QUGZXQ_c009_rview_f010350.jpg,1
20260715_003829_QUGZXQ_c009_rview_f010380.jpg,1
20260715_003829_QUGZXQ_c009_rview_f010410.jpg,1
20260715_003829_QUGZXQ_c009_rview_f010440.jpg,1
20260715_003829_QUGZXQ_c009_rview_f010470.jpg,1
20260715_003829_QUGZXQ_c009_rview_f010500.jpg,1
20260715_003829_QUGZXQ_c009_rview_f010530.jpg,1
20260715_003829_QUGZXQ_c009_rview_f010560.jpg,1
20260715_003829_QUGZXQ_c009_rview_f010590.jpg,1
20260715_003829_QUGZXQ_c009_rview_f010620.jpg,1
20260715_050301_RLHFBH_c001_lview_f000000.jpg,1
20260715_050301_RLHFBH_c001_lview_f000030.jpg,1
20260715_050301_RLHFBH_c001_lview_f000060.jpg,1
20260715_050301_RLHFBH_c001_lview_f000090.jpg,1
20260715_050301_RLHFBH_c001_lview_f000120.jpg,1
20260715_050301_RLHFBH_c001_lview_f000150.jpg,1
20260715_050301_RLHFBH_c001_lview_f000180.jpg,1
20260715_050301_RLHFBH_c001_lview_f000210.jpg,1
20260715_050301_RLHFBH_c001_lview_f000240.jpg,1
20260715_050301_RLHFBH_c001_lview_f000270.jpg,1
20260715_050301_RLHFBH_c001_lview_f000300.jpg,1
20260715_050301_RLHFBH_c001_lview_f000330.jpg,1
20260715_050301_RLHFBH_c001_lview_f000360.jpg,1
20260715_050301_RLHFBH_c001_lview_f000390.jpg,1
20260715_050301_RLHFBH_c001_lview_f000420.jpg,1
20260715_050301_RLHFBH_c001_lview_f000450.jpg,1
20260715_050301_RLHFBH_c001_lview_f000480.jpg,1
20260715_050301_RLHFBH_c001_lview_f000510.jpg,1
20260715_050301_RLHFBH_c001_lview_f000540.jpg,1
20260715_050301_RLHFBH_c001_lview_f000570.jpg,1
20260715_050301_RLHFBH_c001_lview_f000600.jpg,1
20260715_050301_RLHFBH_c001_lview_f000630.jpg,1
20260715_050301_RLHFBH_c001_lview_f000660.jpg,1
20260715_050301_RLHFBH_c001_lview_f000690.jpg,1
20260715_050301_RLHFBH_c001_lview_f000720.jpg,1
20260715_050301_RLHFBH_c001_lview_f000750.jpg,1
20260715_050301_RLHFBH_c001_lview_f000780.jpg,1
20260715_050301_RLHFBH_c001_lview_f000840.jpg,1
20260715_050301_RLHFBH_c001_lview_f000870.jpg,1
20260715_050301_RLHFBH_c001_lview_f000900.jpg,1
20260715_050301_RLHFBH_c001_lview_f000930.jpg,1
20260715_050301_RLHFBH_c001_lview_f000960.jpg,1
20260715_050301_RLHFBH_c001_lview_f000990.jpg,1
20260715_050301_RLHFBH_c001_lview_f001020.jpg,1
20260715_050301_RLHFBH_c001_lview_f001050.jpg,1
20260715_050301_RLHFBH_c001_lview_f001080.jpg,1
20260715_050301_RLHFBH_c001_lview_f001110.jpg,1
20260715_050301_RLHFBH_c001_lview_f001140.jpg,1
20260715_050301_RLHFBH_c001_lview_f001170.jpg,1
20260715_050301_RLHFBH_c001_lview_f001200.jpg,1
20260715_050301_RLHFBH_c001_lview_f001230.jpg,1
20260715_050301_RLHFBH_c001_lview_f001260.jpg,1
20260715_050301_RLHFBH_c001_lview_f001290.jpg,1
20260715_050301_RLHFBH_c001_lview_f001320.jpg,1
20260715_050301_RLHFBH_c001_lview_f001350.jpg,1
20260715_050301_RLHFBH_c001_lview_f001380.jpg,1
20260715_050301_RLHFBH_c001_lview_f001410.jpg,1
20260715_050301_RLHFBH_c001_lview_f001440.jpg,1
20260715_050301_RLHFBH_c001_lview_f001470.jpg,1
20260715_050301_RLHFBH_c001_lview_f001500.jpg,1
20260715_050301_RLHFBH_c001_lview_f001530.jpg,1
20260715_050301_RLHFBH_c001_lview_f001560.jpg,1
20260715_050301_RLHFBH_c001_lview_f001590.jpg,1
20260715_050301_RLHFBH_c001_lview_f001620.jpg,1
20260715_050301_RLHFBH_c001_lview_f001650.jpg,1
20260715_050301_RLHFBH_c001_lview_f001680.jpg,1
20260715_050301_RLHFBH_c001_lview_f001710.jpg,1
20260715_050301_RLHFBH_c001_lview_f001740.jpg,1
20260715_050301_RLHFBH_c001_lview_f001770.jpg,1
20260715_050301_RLHFBH_c001_lview_f001800.jpg,1
20260715_050301_RLHFBH_c001_lview_f001830.jpg,1
20260715_050301_RLHFBH_c001_lview_f001860.jpg,1
20260715_050301_RLHFBH_c001_lview_f001890.jpg,1
20260715_050301_RLHFBH_c001_lview_f001920.jpg,1
20260715_050301_RLHFBH_c001_lview_f001950.jpg,1
20260715_050301_RLHFBH_c001_lview_f001980.jpg,1
20260715_050301_RLHFBH_c001_lview_f002010.jpg,1
20260715_050301_RLHFBH_c001_lview_f002040.jpg,1
20260715_050301_RLHFBH_c001_lview_f002070.jpg,1
20260715_050301_RLHFBH_c001_lview_f002100.jpg,1
20260715_050301_RLHFBH_c001_lview_f002130.jpg,1
20260715_050301_RLHFBH_c001_lview_f002160.jpg,1
20260715_050301_RLHFBH_c001_lview_f002190.jpg,1
20260715_050301_RLHFBH_c001_lview_f002220.jpg,1
20260715_050301_RLHFBH_c001_lview_f002250.jpg,1
20260715_050301_RLHFBH_c001_lview_f002280.jpg,1
20260715_050301_RLHFBH_c001_lview_f002310.jpg,1
20260715_050301_RLHFBH_c001_lview_f002340.jpg,1
20260715_050301_RLHFBH_c001_lview_f002370.jpg,1
20260715_050301_RLHFBH_c001_lview_f002430.jpg,1
20260715_050301_RLHFBH_c001_lview_f002640.jpg,1
20260715_050301_RLHFBH_c001_lview_f002730.jpg,1
20260715_050301_RLHFBH_c001_lview_f002760.jpg,1
20260715_050301_RLHFBH_c001_lview_f002790.jpg,1
20260715_050301_RLHFBH_c001_lview_f002820.jpg,1
20260715_050301_RLHFBH_c001_lview_f002880.jpg,1
20260715_050301_RLHFBH_c001_lview_f002910.jpg,1
20260715_050301_RLHFBH_c001_lview_f002940.jpg,1
20260715_050301_RLHFBH_c001_lview_f002970.jpg,1
20260715_050301_RLHFBH_c001_lview_f003000.jpg,1
20260715_050301_RLHFBH_c001_lview_f003060.jpg,1
20260715_050301_RLHFBH_c001_lview_f003090.jpg,1
20260715_050301_RLHFBH_c001_lview_f003120.jpg,1
20260715_050301_RLHFBH_c001_lview_f003180.jpg,1
20260715_050301_RLHFBH_c001_lview_f003210.jpg,1
20260715_050301_RLHFBH_c001_lview_f003240.jpg,1
20260715_050301_RLHFBH_c001_lview_f003270.jpg,1
20260715_050301_RLHFBH_c001_lview_f003300.jpg,1
20260715_050301_RLHFBH_c001_lview_f003330.jpg,1
20260715_050301_RLHFBH_c001_lview_f003360.jpg,1
20260715_050301_RLHFBH_c001_lview_f003390.jpg,1
20260715_050301_RLHFBH_c001_lview_f003420.jpg,1
20260715_050301_RLHFBH_c001_lview_f003450.jpg,1
20260715_050301_RLHFBH_c001_lview_f003480.jpg,1
20260715_050301_RLHFBH_c001_lview_f003510.jpg,1
20260715_050301_RLHFBH_c001_lview_f003540.jpg,1
20260715_050301_RLHFBH_c001_lview_f003570.jpg,1
20260715_050301_RLHFBH_c001_lview_f003600.jpg,1
20260715_050301_RLHFBH_c001_lview_f003630.jpg,1
20260715_050301_RLHFBH_c001_lview_f003660.jpg,1
20260715_050301_RLHFBH_c001_lview_f003690.jpg,1
20260715_050301_RLHFBH_c001_lview_f003720.jpg,1
20260715_050301_RLHFBH_c001_lview_f003750.jpg,1
20260715_050301_RLHFBH_c001_lview_f003780.jpg,1
20260715_050301_RLHFBH_c001_lview_f003810.jpg,1
20260715_050301_RLHFBH_c001_lview_f003840.jpg,1
20260715_050301_RLHFBH_c001_lview_f003870.jpg,1
20260715_050301_RLHFBH_c001_lview_f003900.jpg,1
20260715_050301_RLHFBH_c001_lview_f003930.jpg,1
20260715_050301_RLHFBH_c001_lview_f003960.jpg,1
20260715_050301_RLHFBH_c001_lview_f003990.jpg,1
20260715_050301_RLHFBH_c001_lview_f004020.jpg,1
20260715_050301_RLHFBH_c001_lview_f004050.jpg,1
20260715_050301_RLHFBH_c001_lview_f004080.jpg,1
20260715_050301_RLHFBH_c001_lview_f004110.jpg,1
20260715_050301_RLHFBH_c001_lview_f004140.jpg,1
20260715_050301_RLHFBH_c001_lview_f004170.jpg,1
20260715_050301_RLHFBH_c001_lview_f004200.jpg,1
20260715_050301_RLHFBH_c001_lview_f004230.jpg,1
20260715_050301_RLHFBH_c001_lview_f004260.jpg,1
20260715_050301_RLHFBH_c001_lview_f004290.jpg,1
20260715_050301_RLHFBH_c001_lview_f004320.jpg,1
20260715_050301_RLHFBH_c001_lview_f004350.jpg,1
20260715_050301_RLHFBH_c001_lview_f004380.jpg,1
20260715_050301_RLHFBH_c001_lview_f004410.jpg,1
20260715_050301_RLHFBH_c001_lview_f004440.jpg,1
20260715_050301_RLHFBH_c001_lview_f004470.jpg,1
20260715_050301_RLHFBH_c001_lview_f004500.jpg,1
20260715_050301_RLHFBH_c001_lview_f004530.jpg,1
20260715_050301_RLHFBH_c001_lview_f004560.jpg,1
20260715_050301_RLHFBH_c001_lview_f004590.jpg,1
20260715_050301_RLHFBH_c001_lview_f004620.jpg,1
20260715_050301_RLHFBH_c001_lview_f004650.jpg,1
20260715_050301_RLHFBH_c001_lview_f004680.jpg,1
20260715_050301_RLHFBH_c001_lview_f004710.jpg,1
20260715_050301_RLHFBH_c001_lview_f004740.jpg,1
20260715_050301_RLHFBH_c001_lview_f004770.jpg,1
20260715_050301_RLHFBH_c001_lview_f004800.jpg,1
20260715_050301_RLHFBH_c001_lview_f004830.jpg,1
20260715_050301_RLHFBH_c001_lview_f004860.jpg,1
20260715_050301_RLHFBH_c001_lview_f004890.jpg,1
20260715_050301_RLHFBH_c001_lview_f004920.jpg,1
20260715_050301_RLHFBH_c001_lview_f004950.jpg,1
20260715_050301_RLHFBH_c001_lview_f004980.jpg,1
20260715_050301_RLHFBH_c001_lview_f005010.jpg,1
20260715_050301_RLHFBH_c001_lview_f005040.jpg,1
20260715_050301_RLHFBH_c001_lview_f005070.jpg,1
20260715_050301_RLHFBH_c001_lview_f005100.jpg,1
20260715_050301_RLHFBH_c001_lview_f005130.jpg,1
20260715_050301_RLHFBH_c001_lview_f005160.jpg,1
20260715_050301_RLHFBH_c001_lview_f005190.jpg,1
20260715_050301_RLHFBH_c001_lview_f005220.jpg,1
20260715_050301_RLHFBH_c001_lview_f005250.jpg,1
20260715_050301_RLHFBH_c001_lview_f005280.jpg,1
20260715_050301_RLHFBH_c001_lview_f005310.jpg,1
20260715_050301_RLHFBH_c001_lview_f005340.jpg,1
20260715_050301_RLHFBH_c001_lview_f005370.jpg,1
20260715_050301_RLHFBH_c001_lview_f005400.jpg,1
20260715_050301_RLHFBH_c001_lview_f005430.jpg,1
20260715_050301_RLHFBH_c001_lview_f005460.jpg,1
20260715_050301_RLHFBH_c001_lview_f005490.jpg,1
20260715_050301_RLHFBH_c001_lview_f005520.jpg,1
20260715_050301_RLHFBH_c001_lview_f005550.jpg,1
20260715_050301_RLHFBH_c001_lview_f005580.jpg,1
20260715_050301_RLHFBH_c001_lview_f005610.jpg,1
20260715_050301_RLHFBH_c001_lview_f005640.jpg,1
20260715_050301_RLHFBH_c001_lview_f005670.jpg,1
20260715_050301_RLHFBH_c001_lview_f005700.jpg,1
20260715_050301_RLHFBH_c001_lview_f005730.jpg,1
20260715_050301_RLHFBH_c001_lview_f005760.jpg,1
20260715_050301_RLHFBH_c001_lview_f005790.jpg,1
20260715_050301_RLHFBH_c001_lview_f005820.jpg,1
20260715_050301_RLHFBH_c001_lview_f005850.jpg,1
20260715_050301_RLHFBH_c001_lview_f005880.jpg,1
20260715_050301_RLHFBH_c001_lview_f005910.jpg,1
20260715_050301_RLHFBH_c001_lview_f005940.jpg,1
20260715_050301_RLHFBH_c001_lview_f005970.jpg,1
20260715_050301_RLHFBH_c001_lview_f006000.jpg,1
20260715_050301_RLHFBH_c001_lview_f006030.jpg,1
20260715_050301_RLHFBH_c001_lview_f006060.jpg,1
20260715_050301_RLHFBH_c001_lview_f006090.jpg,1
20260715_050301_RLHFBH_c001_lview_f006120.jpg,1
20260715_050301_RLHFBH_c001_lview_f006150.jpg,1
20260715_050301_RLHFBH_c001_lview_f006180.jpg,1
20260715_050301_RLHFBH_c001_lview_f006210.jpg,1
20260715_050301_RLHFBH_c001_lview_f006240.jpg,1
20260715_050301_RLHFBH_c001_lview_f006270.jpg,1
20260715_050301_RLHFBH_c001_lview_f006300.jpg,1
20260715_050301_RLHFBH_c001_lview_f006330.jpg,1
20260715_050301_RLHFBH_c001_lview_f006360.jpg,1
20260715_050301_RLHFBH_c001_lview_f006390.jpg,1
20260715_050301_RLHFBH_c001_lview_f006420.jpg,1
20260715_050301_RLHFBH_c001_lview_f006450.jpg,1
20260715_050301_RLHFBH_c001_lview_f006480.jpg,1
20260715_050301_RLHFBH_c001_lview_f006510.jpg,1
20260715_050301_RLHFBH_c001_lview_f006540.jpg,1
20260715_050301_RLHFBH_c001_lview_f006570.jpg,1
20260715_050301_RLHFBH_c001_lview_f006600.jpg,1
20260715_050301_RLHFBH_c001_lview_f006630.jpg,1
20260715_050301_RLHFBH_c001_lview_f006660.jpg,1
20260715_050301_RLHFBH_c001_lview_f006690.jpg,1
20260715_050301_RLHFBH_c001_lview_f006720.jpg,1
20260715_050301_RLHFBH_c001_lview_f006750.jpg,1
20260715_050301_RLHFBH_c001_lview_f006780.jpg,1
20260715_050301_RLHFBH_c001_lview_f006810.jpg,1
20260715_050301_RLHFBH_c001_lview_f006840.jpg,1
20260715_050301_RLHFBH_c001_lview_f006870.jpg,1
20260715_050301_RLHFBH_c001_lview_f006900.jpg,1
20260715_050301_RLHFBH_c001_lview_f006930.jpg,1
20260715_050301_RLHFBH_c001_lview_f006960.jpg,1
20260715_050301_RLHFBH_c001_lview_f006990.jpg,1
20260715_050301_RLHFBH_c001_lview_f007020.jpg,1
20260715_050301_RLHFBH_c001_lview_f007050.jpg,1
20260715_050301_RLHFBH_c001_lview_f007080.jpg,1
20260715_050301_RLHFBH_c001_lview_f007110.jpg,1
20260715_050301_RLHFBH_c001_lview_f007140.jpg,1
20260715_050301_RLHFBH_c001_lview_f007200.jpg,1
20260715_050301_RLHFBH_c001_lview_f007230.jpg,1
20260715_050301_RLHFBH_c001_lview_f007260.jpg,1
20260715_050301_RLHFBH_c001_lview_f007290.jpg,1
20260715_050301_RLHFBH_c001_lview_f007320.jpg,1
20260715_050301_RLHFBH_c001_lview_f007350.jpg,1
20260715_050301_RLHFBH_c001_lview_f007380.jpg,1
20260715_050301_RLHFBH_c001_lview_f007410.jpg,1
20260715_050301_RLHFBH_c001_lview_f007440.jpg,1
20260715_050301_RLHFBH_c001_lview_f007470.jpg,1
20260715_050301_RLHFBH_c001_lview_f007500.jpg,1
20260715_050301_RLHFBH_c001_lview_f007530.jpg,1
20260715_050301_RLHFBH_c001_lview_f007560.jpg,1
20260715_050301_RLHFBH_c001_lview_f007590.jpg,1
20260715_050301_RLHFBH_c001_lview_f007620.jpg,1
20260715_050301_RLHFBH_c001_lview_f007650.jpg,1
20260715_050301_RLHFBH_c001_lview_f007680.jpg,1
20260715_050301_RLHFBH_c001_lview_f007710.jpg,1
20260715_050301_RLHFBH_c001_lview_f007740.jpg,1
20260715_050301_RLHFBH_c001_lview_f007770.jpg,1
20260715_050301_RLHFBH_c001_lview_f007800.jpg,1
20260715_050301_RLHFBH_c001_lview_f007830.jpg,1
20260715_050301_RLHFBH_c001_lview_f007860.jpg,1
20260715_050301_RLHFBH_c001_lview_f007890.jpg,1
20260715_050301_RLHFBH_c001_lview_f007920.jpg,1
20260715_050301_RLHFBH_c001_lview_f007950.jpg,1
20260715_050301_RLHFBH_c001_lview_f007980.jpg,1
20260715_050301_RLHFBH_c001_lview_f008010.jpg,1
20260715_050301_RLHFBH_c001_lview_f008040.jpg,1
20260715_050301_RLHFBH_c001_lview_f008070.jpg,1
20260715_050301_RLHFBH_c001_lview_f008100.jpg,1
20260715_050301_RLHFBH_c001_lview_f008130.jpg,1
20260715_050301_RLHFBH_c001_lview_f008160.jpg,1
20260715_050301_RLHFBH_c001_lview_f008190.jpg,1
20260715_050301_RLHFBH_c001_lview_f008220.jpg,1
20260715_050301_RLHFBH_c001_lview_f008250.jpg,1
20260715_050301_RLHFBH_c001_lview_f008280.jpg,1
20260715_050301_RLHFBH_c001_lview_f008310.jpg,1
20260715_050301_RLHFBH_c001_lview_f008340.jpg,1
20260715_050301_RLHFBH_c001_lview_f008370.jpg,1
20260715_050301_RLHFBH_c001_lview_f008400.jpg,1
20260715_050301_RLHFBH_c001_lview_f008430.jpg,1
20260715_050301_RLHFBH_c001_lview_f008460.jpg,1
20260715_050301_RLHFBH_c001_lview_f008490.jpg,1
20260715_050301_RLHFBH_c001_lview_f008520.jpg,1
20260715_050301_RLHFBH_c001_lview_f008550.jpg,1
20260715_050301_RLHFBH_c001_lview_f008580.jpg,1
20260715_050301_RLHFBH_c001_lview_f008610.jpg,1
20260715_050301_RLHFBH_c001_lview_f008640.jpg,1
20260715_050301_RLHFBH_c001_lview_f008670.jpg,1
20260715_050301_RLHFBH_c001_lview_f008700.jpg,1
20260715_050301_RLHFBH_c001_lview_f008730.jpg,1
20260715_050301_RLHFBH_c001_lview_f008760.jpg,1
20260715_050301_RLHFBH_c001_lview_f008790.jpg,1
20260715_050301_RLHFBH_c001_lview_f008820.jpg,1
20260715_050301_RLHFBH_c001_lview_f008850.jpg,1
20260715_050301_RLHFBH_c001_lview_f008880.jpg,1
20260715_050301_RLHFBH_c001_lview_f008910.jpg,1
20260715_050301_RLHFBH_c001_lview_f008940.jpg,1
20260715_050301_RLHFBH_c001_lview_f008970.jpg,1
20260715_050301_RLHFBH_c001_lview_f009000.jpg,1
20260715_050301_RLHFBH_c001_lview_f009030.jpg,1
20260715_050301_RLHFBH_c001_lview_f009060.jpg,1
20260715_050301_RLHFBH_c001_lview_f009090.jpg,1
20260715_050301_RLHFBH_c001_lview_f009120.jpg,1
20260715_050301_RLHFBH_c001_lview_f009150.jpg,1
20260715_050301_RLHFBH_c001_lview_f009180.jpg,1
20260715_050301_RLHFBH_c001_lview_f009210.jpg,1
20260715_050301_RLHFBH_c001_lview_f009240.jpg,1
20260715_050301_RLHFBH_c001_lview_f009270.jpg,1
20260715_050301_RLHFBH_c001_lview_f009300.jpg,1
20260715_050301_RLHFBH_c001_lview_f009330.jpg,1
20260715_050301_RLHFBH_c001_lview_f009360.jpg,1
20260715_050301_RLHFBH_c001_lview_f009390.jpg,1
20260715_050301_RLHFBH_c001_lview_f009420.jpg,1
20260715_050301_RLHFBH_c001_lview_f009450.jpg,1
20260715_050301_RLHFBH_c001_lview_f009480.jpg,1
20260715_050301_RLHFBH_c001_lview_f009510.jpg,1
20260715_050301_RLHFBH_c001_lview_f009540.jpg,1
20260715_050301_RLHFBH_c001_lview_f009570.jpg,1
20260715_050301_RLHFBH_c001_lview_f009600.jpg,1
20260715_050301_RLHFBH_c001_lview_f009630.jpg,1
20260715_050301_RLHFBH_c001_lview_f009660.jpg,1
20260715_050301_RLHFBH_c001_lview_f009690.jpg,1
20260715_050301_RLHFBH_c001_lview_f009720.jpg,1
20260715_050301_RLHFBH_c001_lview_f009750.jpg,1
20260715_050301_RLHFBH_c001_lview_f009780.jpg,1
20260715_050301_RLHFBH_c001_lview_f009810.jpg,1
20260715_050301_RLHFBH_c001_lview_f009840.jpg,1
20260715_050301_RLHFBH_c001_lview_f009870.jpg,1
20260715_050301_RLHFBH_c001_lview_f009900.jpg,1
20260715_050301_RLHFBH_c001_lview_f009930.jpg,1
20260715_050301_RLHFBH_c001_lview_f009960.jpg,1
20260715_050301_RLHFBH_c001_lview_f009990.jpg,1
20260715_050301_RLHFBH_c001_lview_f010020.jpg,1
20260715_050301_RLHFBH_c001_lview_f010050.jpg,1
20260715_050301_RLHFBH_c001_lview_f010080.jpg,1
20260715_050301_RLHFBH_c001_lview_f010110.jpg,1
20260715_050301_RLHFBH_c001_lview_f010140.jpg,1
20260715_050301_RLHFBH_c001_lview_f010170.jpg,1
20260715_050301_RLHFBH_c001_lview_f010200.jpg,1
20260715_050301_RLHFBH_c001_lview_f010230.jpg,1
20260715_050301_RLHFBH_c001_lview_f010260.jpg,1
20260715_050301_RLHFBH_c001_lview_f010290.jpg,1
20260715_050301_RLHFBH_c001_lview_f010320.jpg,1
20260715_050301_RLHFBH_c001_lview_f010350.jpg,1
20260715_050301_RLHFBH_c001_lview_f010380.jpg,1
20260715_050301_RLHFBH_c001_lview_f010410.jpg,1
20260715_050301_RLHFBH_c001_lview_f010440.jpg,1
20260715_050301_RLHFBH_c001_lview_f010470.jpg,1
20260715_050301_RLHFBH_c001_lview_f010500.jpg,1
20260715_050301_RLHFBH_c001_lview_f010530.jpg,1
20260715_050301_RLHFBH_c001_lview_f010560.jpg,1
20260715_050301_RLHFBH_c001_lview_f010590.jpg,1
20260715_050301_RLHFBH_c001_lview_f010620.jpg,1
20260715_050301_RLHFBH_c001_lview_f010650.jpg,1
20260715_050301_RLHFBH_c001_lview_f010680.jpg,1
20260715_050301_RLHFBH_c001_lview_f010710.jpg,1
20260715_050301_RLHFBH_c001_lview_f010740.jpg,1
20260715_050301_RLHFBH_c001_lview_f010770.jpg,1
20260715_050301_RLHFBH_c001_rview_f000000.jpg,1
20260715_050301_RLHFBH_c001_rview_f000030.jpg,1
20260715_050301_RLHFBH_c001_rview_f000060.jpg,1
20260715_050301_RLHFBH_c001_rview_f000090.jpg,1
20260715_050301_RLHFBH_c001_rview_f000120.jpg,1
20260715_050301_RLHFBH_c001_rview_f000150.jpg,1
20260715_050301_RLHFBH_c001_rview_f000180.jpg,1
20260715_050301_RLHFBH_c001_rview_f000210.jpg,1
20260715_050301_RLHFBH_c001_rview_f000240.jpg,1
20260715_050301_RLHFBH_c001_rview_f000270.jpg,1
20260715_050301_RLHFBH_c001_rview_f000300.jpg,1
20260715_050301_RLHFBH_c001_rview_f000330.jpg,1
20260715_050301_RLHFBH_c001_rview_f000360.jpg,1
20260715_050301_RLHFBH_c001_rview_f000390.jpg,1
20260715_050301_RLHFBH_c001_rview_f000420.jpg,1
20260715_050301_RLHFBH_c001_rview_f000450.jpg,1
20260715_050301_RLHFBH_c001_rview_f000480.jpg,1
20260715_050301_RLHFBH_c001_rview_f000510.jpg,1
20260715_050301_RLHFBH_c001_rview_f000540.jpg,1
20260715_050301_RLHFBH_c001_rview_f000570.jpg,1
20260715_050301_RLHFBH_c001_rview_f000600.jpg,1
20260715_050301_RLHFBH_c001_rview_f000630.jpg,1
20260715_050301_RLHFBH_c001_rview_f000660.jpg,1
20260715_050301_RLHFBH_c001_rview_f000690.jpg,1
20260715_050301_RLHFBH_c001_rview_f000720.jpg,1
20260715_050301_RLHFBH_c001_rview_f000750.jpg,1
20260715_050301_RLHFBH_c001_rview_f000810.jpg,1
20260715_050301_RLHFBH_c001_rview_f000840.jpg,1
20260715_050301_RLHFBH_c001_rview_f000870.jpg,1
20260715_050301_RLHFBH_c001_rview_f000900.jpg,1
20260715_050301_RLHFBH_c001_rview_f000930.jpg,1
20260715_050301_RLHFBH_c001_rview_f000960.jpg,1
20260715_050301_RLHFBH_c001_rview_f000990.jpg,1
20260715_050301_RLHFBH_c001_rview_f001020.jpg,1
20260715_050301_RLHFBH_c001_rview_f001050.jpg,1
20260715_050301_RLHFBH_c001_rview_f001080.jpg,1
20260715_050301_RLHFBH_c001_rview_f001110.jpg,1
20260715_050301_RLHFBH_c001_rview_f001140.jpg,1
20260715_050301_RLHFBH_c001_rview_f001170.jpg,1
20260715_050301_RLHFBH_c001_rview_f001200.jpg,1
20260715_050301_RLHFBH_c001_rview_f001230.jpg,1
20260715_050301_RLHFBH_c001_rview_f001260.jpg,1
20260715_050301_RLHFBH_c001_rview_f001290.jpg,1
20260715_050301_RLHFBH_c001_rview_f001320.jpg,1
20260715_050301_RLHFBH_c001_rview_f001350.jpg,1
20260715_050301_RLHFBH_c001_rview_f001380.jpg,1
20260715_050301_RLHFBH_c001_rview_f001410.jpg,1
20260715_050301_RLHFBH_c001_rview_f001440.jpg,1
20260715_050301_RLHFBH_c001_rview_f001470.jpg,1
20260715_050301_RLHFBH_c001_rview_f001500.jpg,1
20260715_050301_RLHFBH_c001_rview_f001530.jpg,1
20260715_050301_RLHFBH_c001_rview_f001560.jpg,1
20260715_050301_RLHFBH_c001_rview_f001590.jpg,1
20260715_050301_RLHFBH_c001_rview_f001620.jpg,1
20260715_050301_RLHFBH_c001_rview_f001650.jpg,1
20260715_050301_RLHFBH_c001_rview_f001680.jpg,1
20260715_050301_RLHFBH_c001_rview_f001710.jpg,1
20260715_050301_RLHFBH_c001_rview_f001740.jpg,1
20260715_050301_RLHFBH_c001_rview_f001770.jpg,1
20260715_050301_RLHFBH_c001_rview_f001800.jpg,1
20260715_050301_RLHFBH_c001_rview_f001830.jpg,1
20260715_050301_RLHFBH_c001_rview_f001860.jpg,1
20260715_050301_RLHFBH_c001_rview_f001890.jpg,1
20260715_050301_RLHFBH_c001_rview_f001920.jpg,1
20260715_050301_RLHFBH_c001_rview_f001950.jpg,1
20260715_050301_RLHFBH_c001_rview_f001980.jpg,1
20260715_050301_RLHFBH_c001_rview_f002010.jpg,1
20260715_050301_RLHFBH_c001_rview_f002040.jpg,1
20260715_050301_RLHFBH_c001_rview_f002070.jpg,1
20260715_050301_RLHFBH_c001_rview_f002100.jpg,1
20260715_050301_RLHFBH_c001_rview_f002130.jpg,1
20260715_050301_RLHFBH_c001_rview_f002160.jpg,1
20260715_050301_RLHFBH_c001_rview_f002190.jpg,1
20260715_050301_RLHFBH_c001_rview_f002220.jpg,1
20260715_050301_RLHFBH_c001_rview_f002250.jpg,1
20260715_050301_RLHFBH_c001_rview_f002280.jpg,1
20260715_050301_RLHFBH_c001_rview_f002310.jpg,1
20260715_050301_RLHFBH_c001_rview_f002340.jpg,1
20260715_050301_RLHFBH_c001_rview_f002370.jpg,1
20260715_050301_RLHFBH_c001_rview_f002400.jpg,1
20260715_050301_RLHFBH_c001_rview_f002520.jpg,1
20260715_050301_RLHFBH_c001_rview_f002730.jpg,1
20260715_050301_RLHFBH_c001_rview_f002760.jpg,1
20260715_050301_RLHFBH_c001_rview_f002790.jpg,1
20260715_050301_RLHFBH_c001_rview_f002820.jpg,1
20260715_050301_RLHFBH_c001_rview_f002850.jpg,1
20260715_050301_RLHFBH_c001_rview_f002880.jpg,1
20260715_050301_RLHFBH_c001_rview_f002940.jpg,1
20260715_050301_RLHFBH_c001_rview_f002970.jpg,1
20260715_050301_RLHFBH_c001_rview_f003000.jpg,1
20260715_050301_RLHFBH_c001_rview_f003090.jpg,1
20260715_050301_RLHFBH_c001_rview_f003120.jpg,1
20260715_050301_RLHFBH_c001_rview_f003180.jpg,1
20260715_050301_RLHFBH_c001_rview_f003210.jpg,1
20260715_050301_RLHFBH_c001_rview_f003240.jpg,1
20260715_050301_RLHFBH_c001_rview_f003270.jpg,1
20260715_050301_RLHFBH_c001_rview_f003300.jpg,1
20260715_050301_RLHFBH_c001_rview_f003330.jpg,1
20260715_050301_RLHFBH_c001_rview_f003360.jpg,1
20260715_050301_RLHFBH_c001_rview_f003390.jpg,1
20260715_050301_RLHFBH_c001_rview_f003420.jpg,1
20260715_050301_RLHFBH_c001_rview_f003450.jpg,1
20260715_050301_RLHFBH_c001_rview_f003480.jpg,1
20260715_050301_RLHFBH_c001_rview_f003510.jpg,1
20260715_050301_RLHFBH_c001_rview_f003540.jpg,1
20260715_050301_RLHFBH_c001_rview_f003570.jpg,1
20260715_050301_RLHFBH_c001_rview_f003600.jpg,1
20260715_050301_RLHFBH_c001_rview_f003630.jpg,1
20260715_050301_RLHFBH_c001_rview_f003660.jpg,1
20260715_050301_RLHFBH_c001_rview_f003690.jpg,1
20260715_050301_RLHFBH_c001_rview_f003720.jpg,1
20260715_050301_RLHFBH_c001_rview_f003750.jpg,1
20260715_050301_RLHFBH_c001_rview_f003780.jpg,1
20260715_050301_RLHFBH_c001_rview_f003990.jpg,1
20260715_050301_RLHFBH_c001_rview_f004020.jpg,1
20260715_050301_RLHFBH_c001_rview_f004050.jpg,1
20260715_050301_RLHFBH_c001_rview_f004080.jpg,1
20260715_050301_RLHFBH_c001_rview_f004110.jpg,1
20260715_050301_RLHFBH_c001_rview_f004140.jpg,1
20260715_050301_RLHFBH_c001_rview_f004170.jpg,1
20260715_050301_RLHFBH_c001_rview_f004200.jpg,1
20260715_050301_RLHFBH_c001_rview_f004230.jpg,1
20260715_050301_RLHFBH_c001_rview_f004260.jpg,1
20260715_050301_RLHFBH_c001_rview_f004290.jpg,1
20260715_050301_RLHFBH_c001_rview_f004320.jpg,1
20260715_050301_RLHFBH_c001_rview_f004350.jpg,1
20260715_050301_RLHFBH_c001_rview_f004380.jpg,1
20260715_050301_RLHFBH_c001_rview_f004410.jpg,1
20260715_050301_RLHFBH_c001_rview_f004440.jpg,1
20260715_050301_RLHFBH_c001_rview_f004470.jpg,1
20260715_050301_RLHFBH_c001_rview_f004500.jpg,1
20260715_050301_RLHFBH_c001_rview_f004530.jpg,1
20260715_050301_RLHFBH_c001_rview_f004560.jpg,1
20260715_050301_RLHFBH_c001_rview_f004590.jpg,1
20260715_050301_RLHFBH_c001_rview_f004620.jpg,1
20260715_050301_RLHFBH_c001_rview_f004650.jpg,1
20260715_050301_RLHFBH_c001_rview_f004680.jpg,1
20260715_050301_RLHFBH_c001_rview_f004710.jpg,1
20260715_050301_RLHFBH_c001_rview_f004740.jpg,1
20260715_050301_RLHFBH_c001_rview_f004770.jpg,1
20260715_050301_RLHFBH_c001_rview_f004800.jpg,1
20260715_050301_RLHFBH_c001_rview_f004830.jpg,1
20260715_050301_RLHFBH_c001_rview_f004860.jpg,1
20260715_050301_RLHFBH_c001_rview_f004890.jpg,1
20260715_050301_RLHFBH_c001_rview_f004920.jpg,1
20260715_050301_RLHFBH_c001_rview_f004950.jpg,1
20260715_050301_RLHFBH_c001_rview_f004980.jpg,1
20260715_050301_RLHFBH_c001_rview_f005010.jpg,1
20260715_050301_RLHFBH_c001_rview_f005040.jpg,1
20260715_050301_RLHFBH_c001_rview_f005070.jpg,1
20260715_050301_RLHFBH_c001_rview_f005100.jpg,1
20260715_050301_RLHFBH_c001_rview_f005130.jpg,1
20260715_050301_RLHFBH_c001_rview_f005160.jpg,1
20260715_050301_RLHFBH_c001_rview_f005190.jpg,1
20260715_050301_RLHFBH_c001_rview_f005220.jpg,1
20260715_050301_RLHFBH_c001_rview_f005250.jpg,1
20260715_050301_RLHFBH_c001_rview_f005280.jpg,1
20260715_050301_RLHFBH_c001_rview_f005310.jpg,1
20260715_050301_RLHFBH_c001_rview_f005340.jpg,1
20260715_050301_RLHFBH_c001_rview_f005370.jpg,1
20260715_050301_RLHFBH_c001_rview_f005400.jpg,1
20260715_050301_RLHFBH_c001_rview_f005430.jpg,1
20260715_050301_RLHFBH_c001_rview_f005460.jpg,1
20260715_050301_RLHFBH_c001_rview_f005490.jpg,1
20260715_050301_RLHFBH_c001_rview_f005520.jpg,1
20260715_050301_RLHFBH_c001_rview_f005550.jpg,1
20260715_050301_RLHFBH_c001_rview_f005580.jpg,1
20260715_050301_RLHFBH_c001_rview_f005610.jpg,1
20260715_050301_RLHFBH_c001_rview_f005640.jpg,1
20260715_050301_RLHFBH_c001_rview_f005670.jpg,1
20260715_050301_RLHFBH_c001_rview_f005700.jpg,1
20260715_050301_RLHFBH_c001_rview_f005730.jpg,1
20260715_050301_RLHFBH_c001_rview_f005760.jpg,1
20260715_050301_RLHFBH_c001_rview_f005790.jpg,1
20260715_050301_RLHFBH_c001_rview_f005820.jpg,1
20260715_050301_RLHFBH_c001_rview_f005850.jpg,1
20260715_050301_RLHFBH_c001_rview_f005880.jpg,1
20260715_050301_RLHFBH_c001_rview_f005910.jpg,1
20260715_050301_RLHFBH_c001_rview_f005940.jpg,1
20260715_050301_RLHFBH_c001_rview_f005970.jpg,1
20260715_050301_RLHFBH_c001_rview_f006000.jpg,1
20260715_050301_RLHFBH_c001_rview_f006030.jpg,1
20260715_050301_RLHFBH_c001_rview_f006060.jpg,1
20260715_050301_RLHFBH_c001_rview_f006090.jpg,1
20260715_050301_RLHFBH_c001_rview_f006120.jpg,1
20260715_050301_RLHFBH_c001_rview_f006150.jpg,1
20260715_050301_RLHFBH_c001_rview_f006180.jpg,1
20260715_050301_RLHFBH_c001_rview_f006210.jpg,1
20260715_050301_RLHFBH_c001_rview_f006240.jpg,1
20260715_050301_RLHFBH_c001_rview_f006270.jpg,1
20260715_050301_RLHFBH_c001_rview_f006300.jpg,1
20260715_050301_RLHFBH_c001_rview_f006330.jpg,1
20260715_050301_RLHFBH_c001_rview_f006360.jpg,1
20260715_050301_RLHFBH_c001_rview_f006390.jpg,1
20260715_050301_RLHFBH_c001_rview_f006420.jpg,1
20260715_050301_RLHFBH_c001_rview_f006450.jpg,1
20260715_050301_RLHFBH_c001_rview_f006480.jpg,1
20260715_050301_RLHFBH_c001_rview_f006510.jpg,1
20260715_050301_RLHFBH_c001_rview_f006540.jpg,1
20260715_050301_RLHFBH_c001_rview_f006570.jpg,1
20260715_050301_RLHFBH_c001_rview_f006600.jpg,1
20260715_050301_RLHFBH_c001_rview_f006630.jpg,1
20260715_050301_RLHFBH_c001_rview_f006660.jpg,1
20260715_050301_RLHFBH_c001_rview_f006690.jpg,1
20260715_050301_RLHFBH_c001_rview_f006720.jpg,1
20260715_050301_RLHFBH_c001_rview_f006750.jpg,1
20260715_050301_RLHFBH_c001_rview_f006780.jpg,1
20260715_050301_RLHFBH_c001_rview_f006810.jpg,1
20260715_050301_RLHFBH_c001_rview_f006840.jpg,1
20260715_050301_RLHFBH_c001_rview_f006870.jpg,1
20260715_050301_RLHFBH_c001_rview_f006900.jpg,1
20260715_050301_RLHFBH_c001_rview_f006930.jpg,1
20260715_050301_RLHFBH_c001_rview_f006960.jpg,1
20260715_050301_RLHFBH_c001_rview_f006990.jpg,1
20260715_050301_RLHFBH_c001_rview_f007020.jpg,1
20260715_050301_RLHFBH_c001_rview_f007050.jpg,1
20260715_050301_RLHFBH_c001_rview_f007080.jpg,1
20260715_050301_RLHFBH_c001_rview_f007110.jpg,1
20260715_050301_RLHFBH_c001_rview_f007140.jpg,1
20260715_050301_RLHFBH_c001_rview_f007200.jpg,1
20260715_050301_RLHFBH_c001_rview_f007230.jpg,1
20260715_050301_RLHFBH_c001_rview_f007260.jpg,1
20260715_050301_RLHFBH_c001_rview_f007290.jpg,1
20260715_050301_RLHFBH_c001_rview_f007320.jpg,1
20260715_050301_RLHFBH_c001_rview_f007350.jpg,1
20260715_050301_RLHFBH_c001_rview_f007380.jpg,1
20260715_050301_RLHFBH_c001_rview_f007410.jpg,1
20260715_050301_RLHFBH_c001_rview_f007440.jpg,1
20260715_050301_RLHFBH_c001_rview_f007470.jpg,1
20260715_050301_RLHFBH_c001_rview_f007500.jpg,1
20260715_050301_RLHFBH_c001_rview_f007530.jpg,1
20260715_050301_RLHFBH_c001_rview_f007560.jpg,1
20260715_050301_RLHFBH_c001_rview_f007590.jpg,1
20260715_050301_RLHFBH_c001_rview_f007620.jpg,1
20260715_050301_RLHFBH_c001_rview_f007650.jpg,1
20260715_050301_RLHFBH_c001_rview_f007680.jpg,1
20260715_050301_RLHFBH_c001_rview_f007710.jpg,1
20260715_050301_RLHFBH_c001_rview_f007740.jpg,1
20260715_050301_RLHFBH_c001_rview_f007770.jpg,1
20260715_050301_RLHFBH_c001_rview_f007800.jpg,1
20260715_050301_RLHFBH_c001_rview_f007830.jpg,1
20260715_050301_RLHFBH_c001_rview_f007860.jpg,1
20260715_050301_RLHFBH_c001_rview_f007890.jpg,1
20260715_050301_RLHFBH_c001_rview_f007920.jpg,1
20260715_050301_RLHFBH_c001_rview_f007950.jpg,1
20260715_050301_RLHFBH_c001_rview_f007980.jpg,1
20260715_050301_RLHFBH_c001_rview_f008010.jpg,1
20260715_050301_RLHFBH_c001_rview_f008040.jpg,1
20260715_050301_RLHFBH_c001_rview_f008070.jpg,1
20260715_050301_RLHFBH_c001_rview_f008100.jpg,1
20260715_050301_RLHFBH_c001_rview_f008130.jpg,1
20260715_050301_RLHFBH_c001_rview_f008160.jpg,1
20260715_050301_RLHFBH_c001_rview_f008190.jpg,1
20260715_050301_RLHFBH_c001_rview_f008220.jpg,1
20260715_050301_RLHFBH_c001_rview_f008250.jpg,1
20260715_050301_RLHFBH_c001_rview_f008280.jpg,1
20260715_050301_RLHFBH_c001_rview_f008310.jpg,1
20260715_050301_RLHFBH_c001_rview_f008340.jpg,1
20260715_050301_RLHFBH_c001_rview_f008370.jpg,1
20260715_050301_RLHFBH_c001_rview_f008400.jpg,1
20260715_050301_RLHFBH_c001_rview_f008430.jpg,1
20260715_050301_RLHFBH_c001_rview_f008460.jpg,1
20260715_050301_RLHFBH_c001_rview_f008490.jpg,1
20260715_050301_RLHFBH_c001_rview_f008520.jpg,1
20260715_050301_RLHFBH_c001_rview_f008550.jpg,1
20260715_050301_RLHFBH_c001_rview_f008580.jpg,1
20260715_050301_RLHFBH_c001_rview_f008610.jpg,1
20260715_050301_RLHFBH_c001_rview_f008640.jpg,1
20260715_050301_RLHFBH_c001_rview_f008670.jpg,1
20260715_050301_RLHFBH_c001_rview_f008700.jpg,1
20260715_050301_RLHFBH_c001_rview_f008730.jpg,1
20260715_050301_RLHFBH_c001_rview_f008760.jpg,1
20260715_050301_RLHFBH_c001_rview_f008790.jpg,1
20260715_050301_RLHFBH_c001_rview_f008820.jpg,1
20260715_050301_RLHFBH_c001_rview_f008850.jpg,1
20260715_050301_RLHFBH_c001_rview_f008880.jpg,1
20260715_050301_RLHFBH_c001_rview_f008910.jpg,1
20260715_050301_RLHFBH_c001_rview_f008940.jpg,1
20260715_050301_RLHFBH_c001_rview_f008970.jpg,1
20260715_050301_RLHFBH_c001_rview_f009000.jpg,1
20260715_050301_RLHFBH_c001_rview_f009030.jpg,1
20260715_050301_RLHFBH_c001_rview_f009060.jpg,1
20260715_050301_RLHFBH_c001_rview_f009090.jpg,1
20260715_050301_RLHFBH_c001_rview_f009120.jpg,1
20260715_050301_RLHFBH_c001_rview_f009150.jpg,1
20260715_050301_RLHFBH_c001_rview_f009180.jpg,1
20260715_050301_RLHFBH_c001_rview_f009210.jpg,1
20260715_050301_RLHFBH_c001_rview_f009240.jpg,1
20260715_050301_RLHFBH_c001_rview_f009270.jpg,1
20260715_050301_RLHFBH_c001_rview_f009300.jpg,1
20260715_050301_RLHFBH_c001_rview_f009330.jpg,1
20260715_050301_RLHFBH_c001_rview_f009360.jpg,1
20260715_050301_RLHFBH_c001_rview_f009390.jpg,1
20260715_050301_RLHFBH_c001_rview_f009420.jpg,1
20260715_050301_RLHFBH_c001_rview_f009450.jpg,1
20260715_050301_RLHFBH_c001_rview_f009480.jpg,1
20260715_050301_RLHFBH_c001_rview_f009510.jpg,1
20260715_050301_RLHFBH_c001_rview_f009540.jpg,1
20260715_050301_RLHFBH_c001_rview_f009570.jpg,1
20260715_050301_RLHFBH_c001_rview_f009600.jpg,1
20260715_050301_RLHFBH_c001_rview_f009630.jpg,1
20260715_050301_RLHFBH_c001_rview_f009660.jpg,1
20260715_050301_RLHFBH_c001_rview_f009690.jpg,1
20260715_050301_RLHFBH_c001_rview_f009720.jpg,1
20260715_050301_RLHFBH_c001_rview_f009750.jpg,1
20260715_050301_RLHFBH_c001_rview_f009780.jpg,1
20260715_050301_RLHFBH_c001_rview_f009810.jpg,1
20260715_050301_RLHFBH_c001_rview_f009840.jpg,1
20260715_050301_RLHFBH_c001_rview_f009870.jpg,1
20260715_050301_RLHFBH_c001_rview_f009900.jpg,1
20260715_050301_RLHFBH_c001_rview_f009930.jpg,1
20260715_050301_RLHFBH_c001_rview_f009960.jpg,1
20260715_050301_RLHFBH_c001_rview_f009990.jpg,1
20260715_050301_RLHFBH_c001_rview_f010020.jpg,1
20260715_050301_RLHFBH_c001_rview_f010050.jpg,1
20260715_050301_RLHFBH_c001_rview_f010080.jpg,1
20260715_050301_RLHFBH_c001_rview_f010110.jpg,1
20260715_050301_RLHFBH_c001_rview_f010140.jpg,1
20260715_050301_RLHFBH_c001_rview_f010170.jpg,1
20260715_050301_RLHFBH_c001_rview_f010200.jpg,1
20260715_050301_RLHFBH_c001_rview_f010230.jpg,1
20260715_050301_RLHFBH_c001_rview_f010260.jpg,1
20260715_050301_RLHFBH_c001_rview_f010290.jpg,1
20260715_050301_RLHFBH_c001_rview_f010320.jpg,1
20260715_050301_RLHFBH_c001_rview_f010350.jpg,1
20260715_050301_RLHFBH_c001_rview_f010380.jpg,1
20260715_050301_RLHFBH_c001_rview_f010410.jpg,1
20260715_050301_RLHFBH_c001_rview_f010440.jpg,1
20260715_050301_RLHFBH_c001_rview_f010470.jpg,1
20260715_050301_RLHFBH_c001_rview_f010500.jpg,1
20260715_050301_RLHFBH_c001_rview_f010530.jpg,1
20260715_050301_RLHFBH_c001_rview_f010560.jpg,1
20260715_050301_RLHFBH_c001_rview_f010590.jpg,1
20260715_050301_RLHFBH_c001_rview_f010620.jpg,1
20260715_050301_RLHFBH_c001_rview_f010650.jpg,1
20260715_050301_RLHFBH_c001_rview_f010680.jpg,1
20260715_050301_RLHFBH_c001_rview_f010710.jpg,1
20260715_050301_RLHFBH_c001_rview_f010740.jpg,1
20260715_050301_RLHFBH_c001_rview_f010770.jpg,1
20260721_055856_QVDFYG_c002_lview_f000030.jpg,1
20260721_055856_QVDFYG_c002_lview_f000210.jpg,1
20260721_055856_QVDFYG_c002_lview_f000300.jpg,1
20260721_055856_QVDFYG_c002_lview_f000330.jpg,1
20260721_055856_QVDFYG_c002_lview_f000360.jpg,1
20260721_055856_QVDFYG_c002_lview_f000390.jpg,1
20260721_055856_QVDFYG_c002_lview_f000540.jpg,1
20260721_055856_QVDFYG_c002_lview_f000570.jpg,1
20260721_055856_QVDFYG_c002_lview_f000600.jpg,1
20260721_055856_QVDFYG_c002_lview_f000690.jpg,1
20260721_055856_QVDFYG_c002_lview_f000840.jpg,1
20260721_055856_QVDFYG_c002_lview_f001050.jpg,1
20260721_055856_QVDFYG_c002_lview_f001260.jpg,1
20260721_055856_QVDFYG_c002_lview_f001380.jpg,1
20260721_055856_QVDFYG_c002_lview_f001410.jpg,1
20260721_055856_QVDFYG_c002_lview_f001440.jpg,1
20260721_055856_QVDFYG_c002_lview_f001560.jpg,1
20260721_055856_QVDFYG_c002_lview_f001770.jpg,1
20260721_055856_QVDFYG_c002_lview_f001980.jpg,1
20260721_055856_QVDFYG_c002_lview_f002100.jpg,1
20260721_055856_QVDFYG_c002_lview_f002220.jpg,1
20260721_055856_QVDFYG_c002_lview_f002340.jpg,1
20260721_055856_QVDFYG_c002_lview_f002370.jpg,1
20260721_055856_QVDFYG_c002_lview_f002400.jpg,1
20260721_055856_QVDFYG_c002_lview_f002430.jpg,1
20260721_055856_QVDFYG_c002_lview_f002550.jpg,1
20260721_055856_QVDFYG_c002_lview_f002760.jpg,1
20260721_055856_QVDFYG_c002_lview_f002970.jpg,1
20260721_055856_QVDFYG_c002_lview_f003060.jpg,1
20260721_055856_QVDFYG_c002_lview_f003090.jpg,1
20260721_055856_QVDFYG_c002_lview_f003120.jpg,1
20260721_055856_QVDFYG_c002_lview_f003150.jpg,1
20260721_055856_QVDFYG_c002_lview_f003180.jpg,1
20260721_055856_QVDFYG_c002_lview_f003330.jpg,1
20260721_055856_QVDFYG_c002_lview_f003540.jpg,1
20260721_055856_QVDFYG_c002_lview_f003750.jpg,1
20260721_055856_QVDFYG_c002_lview_f003900.jpg,1
20260721_055856_QVDFYG_c002_lview_f003930.jpg,1
20260721_055856_QVDFYG_c002_lview_f003960.jpg,1
20260721_055856_QVDFYG_c002_lview_f003990.jpg,1
20260721_055856_QVDFYG_c002_lview_f004020.jpg,1
20260721_055856_QVDFYG_c002_lview_f004050.jpg,1
20260721_055856_QVDFYG_c002_lview_f004080.jpg,1
20260721_055856_QVDFYG_c002_lview_f004170.jpg,1
20260721_055856_QVDFYG_c002_lview_f004350.jpg,1
20260721_055856_QVDFYG_c002_lview_f004380.jpg,1
20260721_055856_QVDFYG_c002_lview_f004440.jpg,1
20260721_055856_QVDFYG_c002_lview_f004620.jpg,1
20260721_055856_QVDFYG_c002_lview_f004650.jpg,1
20260721_055856_QVDFYG_c002_lview_f004680.jpg,1
20260721_055856_QVDFYG_c002_lview_f004710.jpg,1
20260721_055856_QVDFYG_c002_lview_f004740.jpg,1
20260721_055856_QVDFYG_c002_lview_f004770.jpg,1
20260721_055856_QVDFYG_c002_lview_f004800.jpg,1
20260721_055856_QVDFYG_c002_lview_f004830.jpg,1
20260721_055856_QVDFYG_c002_lview_f004860.jpg,1
20260721_055856_QVDFYG_c002_lview_f004890.jpg,1
20260721_055856_QVDFYG_c002_lview_f004920.jpg,1
20260721_055856_QVDFYG_c002_lview_f004950.jpg,1
20260721_055856_QVDFYG_c002_lview_f004980.jpg,1
20260721_055856_QVDFYG_c002_lview_f005040.jpg,1
20260721_055856_QVDFYG_c002_lview_f005070.jpg,1
20260721_055856_QVDFYG_c002_lview_f005100.jpg,1
20260721_055856_QVDFYG_c002_lview_f005130.jpg,1
20260721_055856_QVDFYG_c002_lview_f005160.jpg,1
20260721_055856_QVDFYG_c002_lview_f005190.jpg,1
20260721_055856_QVDFYG_c002_lview_f005220.jpg,1
20260721_055856_QVDFYG_c002_lview_f005250.jpg,1
20260721_055856_QVDFYG_c002_lview_f005280.jpg,1
20260721_055856_QVDFYG_c002_lview_f005310.jpg,1
20260721_055856_QVDFYG_c002_lview_f005340.jpg,1
20260721_055856_QVDFYG_c002_lview_f005370.jpg,1
20260721_055856_QVDFYG_c002_lview_f005400.jpg,1
20260721_055856_QVDFYG_c002_lview_f005430.jpg,1
20260721_055856_QVDFYG_c002_lview_f005460.jpg,1
20260721_055856_QVDFYG_c002_lview_f005490.jpg,1
20260721_055856_QVDFYG_c002_lview_f005520.jpg,1
20260721_055856_QVDFYG_c002_lview_f005550.jpg,1
20260721_055856_QVDFYG_c002_lview_f005580.jpg,1
20260721_055856_QVDFYG_c002_lview_f005610.jpg,1
20260721_055856_QVDFYG_c002_lview_f005640.jpg,1
20260721_055856_QVDFYG_c002_lview_f005670.jpg,1
20260721_055856_QVDFYG_c002_lview_f005700.jpg,1
20260721_055856_QVDFYG_c002_lview_f005730.jpg,1
20260721_055856_QVDFYG_c002_lview_f005760.jpg,1
20260721_055856_QVDFYG_c002_lview_f005790.jpg,1
20260721_055856_QVDFYG_c002_lview_f005820.jpg,1
20260721_055856_QVDFYG_c002_lview_f005850.jpg,1
20260721_055856_QVDFYG_c002_lview_f005880.jpg,1
20260721_055856_QVDFYG_c002_lview_f005910.jpg,1
20260721_055856_QVDFYG_c002_lview_f005940.jpg,1
20260721_055856_QVDFYG_c002_lview_f005970.jpg,1
20260721_055856_QVDFYG_c002_lview_f006000.jpg,1
20260721_055856_QVDFYG_c002_lview_f006030.jpg,1
20260721_055856_QVDFYG_c002_lview_f006060.jpg,1
20260721_055856_QVDFYG_c002_lview_f006090.jpg,1
20260721_055856_QVDFYG_c002_lview_f006120.jpg,1
20260721_055856_QVDFYG_c002_lview_f006180.jpg,1
20260721_055856_QVDFYG_c002_lview_f006210.jpg,1
20260721_055856_QVDFYG_c002_lview_f006240.jpg,1
20260721_055856_QVDFYG_c002_lview_f006270.jpg,1
20260721_055856_QVDFYG_c002_lview_f006330.jpg,1
20260721_055856_QVDFYG_c002_lview_f006360.jpg,1
20260721_055856_QVDFYG_c002_lview_f006390.jpg,1
20260721_055856_QVDFYG_c002_lview_f006420.jpg,1
20260721_055856_QVDFYG_c002_lview_f006450.jpg,1
20260721_055856_QVDFYG_c002_lview_f006480.jpg,1
20260721_055856_QVDFYG_c002_lview_f006510.jpg,1
20260721_055856_QVDFYG_c002_lview_f006540.jpg,1
20260721_055856_QVDFYG_c002_lview_f006570.jpg,1
20260721_055856_QVDFYG_c002_lview_f006600.jpg,1
20260721_055856_QVDFYG_c002_lview_f006630.jpg,1
20260721_055856_QVDFYG_c002_lview_f006690.jpg,1
20260721_055856_QVDFYG_c002_lview_f006720.jpg,1
20260721_055856_QVDFYG_c002_lview_f006750.jpg,1
20260721_055856_QVDFYG_c002_lview_f006780.jpg,1
20260721_055856_QVDFYG_c002_lview_f006810.jpg,1
20260721_055856_QVDFYG_c002_lview_f006870.jpg,1
20260721_055856_QVDFYG_c002_lview_f006900.jpg,1
20260721_055856_QVDFYG_c002_lview_f006930.jpg,1
20260721_055856_QVDFYG_c002_lview_f007020.jpg,1
20260721_055856_QVDFYG_c002_lview_f007050.jpg,1
20260721_055856_QVDFYG_c002_lview_f007080.jpg,1
20260721_055856_QVDFYG_c002_lview_f007110.jpg,1
20260721_055856_QVDFYG_c002_lview_f007140.jpg,1
20260721_055856_QVDFYG_c002_lview_f007170.jpg,1
20260721_055856_QVDFYG_c002_lview_f007200.jpg,1
20260721_055856_QVDFYG_c002_lview_f007230.jpg,1
20260721_055856_QVDFYG_c002_lview_f007260.jpg,1
20260721_055856_QVDFYG_c002_lview_f007290.jpg,1
20260721_055856_QVDFYG_c002_lview_f007320.jpg,1
20260721_055856_QVDFYG_c002_lview_f007350.jpg,1
20260721_055856_QVDFYG_c002_lview_f007380.jpg,1
20260721_055856_QVDFYG_c002_lview_f007410.jpg,1
20260721_055856_QVDFYG_c002_lview_f007440.jpg,1
20260721_055856_QVDFYG_c002_lview_f007470.jpg,1
20260721_055856_QVDFYG_c002_lview_f007500.jpg,1
20260721_055856_QVDFYG_c002_lview_f007530.jpg,1
20260721_055856_QVDFYG_c002_lview_f007560.jpg,1
20260721_055856_QVDFYG_c002_lview_f007590.jpg,1
20260721_055856_QVDFYG_c002_lview_f007620.jpg,1
20260721_055856_QVDFYG_c002_lview_f007650.jpg,1
20260721_055856_QVDFYG_c002_lview_f007680.jpg,1
20260721_055856_QVDFYG_c002_lview_f007710.jpg,1
20260721_055856_QVDFYG_c002_lview_f007740.jpg,1
20260721_055856_QVDFYG_c002_lview_f007770.jpg,1
20260721_055856_QVDFYG_c002_lview_f007800.jpg,1
20260721_055856_QVDFYG_c002_lview_f007830.jpg,1
20260721_055856_QVDFYG_c002_lview_f007860.jpg,1
20260721_055856_QVDFYG_c002_lview_f007890.jpg,1
20260721_055856_QVDFYG_c002_lview_f007920.jpg,1
20260721_055856_QVDFYG_c002_lview_f007950.jpg,1
20260721_055856_QVDFYG_c002_lview_f007980.jpg,1
20260721_055856_QVDFYG_c002_lview_f008010.jpg,1
20260721_055856_QVDFYG_c002_lview_f008040.jpg,1
20260721_055856_QVDFYG_c002_lview_f008070.jpg,1
20260721_055856_QVDFYG_c002_lview_f008100.jpg,1
20260721_055856_QVDFYG_c002_lview_f008130.jpg,1
20260721_055856_QVDFYG_c002_lview_f008160.jpg,1
20260721_055856_QVDFYG_c002_lview_f008190.jpg,1
20260721_055856_QVDFYG_c002_lview_f008220.jpg,1
20260721_055856_QVDFYG_c002_lview_f008250.jpg,1
20260721_055856_QVDFYG_c002_lview_f008280.jpg,1
20260721_055856_QVDFYG_c002_lview_f008310.jpg,1
20260721_055856_QVDFYG_c002_lview_f008340.jpg,1
20260721_055856_QVDFYG_c002_lview_f008370.jpg,1
20260721_055856_QVDFYG_c002_lview_f008400.jpg,1
20260721_055856_QVDFYG_c002_lview_f008430.jpg,1
20260721_055856_QVDFYG_c002_lview_f008460.jpg,1
20260721_055856_QVDFYG_c002_lview_f008490.jpg,1
20260721_055856_QVDFYG_c002_lview_f008520.jpg,1
20260721_055856_QVDFYG_c002_lview_f008550.jpg,1
20260721_055856_QVDFYG_c002_lview_f008580.jpg,1
20260721_055856_QVDFYG_c002_lview_f008610.jpg,1
20260721_055856_QVDFYG_c002_lview_f008640.jpg,1
20260721_055856_QVDFYG_c002_lview_f008670.jpg,1
20260721_055856_QVDFYG_c002_lview_f008700.jpg,1
20260721_055856_QVDFYG_c002_lview_f008730.jpg,1
20260721_055856_QVDFYG_c002_lview_f008760.jpg,1
20260721_055856_QVDFYG_c002_lview_f008790.jpg,1
20260721_055856_QVDFYG_c002_lview_f008820.jpg,1
20260721_055856_QVDFYG_c002_lview_f008850.jpg,1
20260721_055856_QVDFYG_c002_lview_f008880.jpg,1
20260721_055856_QVDFYG_c002_lview_f008910.jpg,1
20260721_055856_QVDFYG_c002_lview_f008940.jpg,1
20260721_055856_QVDFYG_c002_lview_f008970.jpg,1
20260721_055856_QVDFYG_c002_lview_f009000.jpg,1
20260721_055856_QVDFYG_c002_lview_f009030.jpg,1
20260721_055856_QVDFYG_c002_lview_f009060.jpg,1
20260721_055856_QVDFYG_c002_lview_f009090.jpg,1
20260721_055856_QVDFYG_c002_lview_f009120.jpg,1
20260721_055856_QVDFYG_c002_lview_f009150.jpg,1
20260721_055856_QVDFYG_c002_lview_f009180.jpg,1
20260721_055856_QVDFYG_c002_lview_f009300.jpg,1
20260721_055856_QVDFYG_c002_lview_f009330.jpg,1
20260721_055856_QVDFYG_c002_lview_f009360.jpg,1
20260721_055856_QVDFYG_c002_lview_f009390.jpg,1
20260721_055856_QVDFYG_c002_lview_f009420.jpg,1
20260721_055856_QVDFYG_c002_lview_f009450.jpg,1
20260721_055856_QVDFYG_c002_lview_f009480.jpg,1
20260721_055856_QVDFYG_c002_lview_f009510.jpg,1
20260721_055856_QVDFYG_c002_lview_f009540.jpg,1
20260721_055856_QVDFYG_c002_lview_f009570.jpg,1
20260721_055856_QVDFYG_c002_lview_f009600.jpg,1
20260721_055856_QVDFYG_c002_lview_f009630.jpg,1
20260721_055856_QVDFYG_c002_lview_f009750.jpg,1
20260721_055856_QVDFYG_c002_lview_f009960.jpg,1
20260721_055856_QVDFYG_c002_lview_f010020.jpg,1
20260721_055856_QVDFYG_c002_lview_f010200.jpg,1
20260721_055856_QVDFYG_c002_lview_f010410.jpg,1
20260721_055856_QVDFYG_c002_lview_f010620.jpg,1
20260721_055856_QVDFYG_c002_rview_f000030.jpg,1
20260721_055856_QVDFYG_c002_rview_f000060.jpg,1
20260721_055856_QVDFYG_c002_rview_f000090.jpg,1
20260721_055856_QVDFYG_c002_rview_f000300.jpg,1
20260721_055856_QVDFYG_c002_rview_f000330.jpg,1
20260721_055856_QVDFYG_c002_rview_f000360.jpg,1
20260721_055856_QVDFYG_c002_rview_f000390.jpg,1
20260721_055856_QVDFYG_c002_rview_f000420.jpg,1
20260721_055856_QVDFYG_c002_rview_f000570.jpg,1
20260721_055856_QVDFYG_c002_rview_f000600.jpg,1
20260721_055856_QVDFYG_c002_rview_f000690.jpg,1
20260721_055856_QVDFYG_c002_rview_f000720.jpg,1
20260721_055856_QVDFYG_c002_rview_f000930.jpg,1
20260721_055856_QVDFYG_c002_rview_f001140.jpg,1
20260721_055856_QVDFYG_c002_rview_f001350.jpg,1
20260721_055856_QVDFYG_c002_rview_f001380.jpg,1
20260721_055856_QVDFYG_c002_rview_f001410.jpg,1
20260721_055856_QVDFYG_c002_rview_f001440.jpg,1
20260721_055856_QVDFYG_c002_rview_f001650.jpg,1
20260721_055856_QVDFYG_c002_rview_f001860.jpg,1
20260721_055856_QVDFYG_c002_rview_f002070.jpg,1
20260721_055856_QVDFYG_c002_rview_f002100.jpg,1
20260721_055856_QVDFYG_c002_rview_f002310.jpg,1
20260721_055856_QVDFYG_c002_rview_f002340.jpg,1
20260721_055856_QVDFYG_c002_rview_f002370.jpg,1
20260721_055856_QVDFYG_c002_rview_f002400.jpg,1
20260721_055856_QVDFYG_c002_rview_f002430.jpg,1
20260721_055856_QVDFYG_c002_rview_f002640.jpg,1
20260721_055856_QVDFYG_c002_rview_f002850.jpg,1
20260721_055856_QVDFYG_c002_rview_f003060.jpg,1
20260721_055856_QVDFYG_c002_rview_f003090.jpg,1
20260721_055856_QVDFYG_c002_rview_f003120.jpg,1
20260721_055856_QVDFYG_c002_rview_f003150.jpg,1
20260721_055856_QVDFYG_c002_rview_f003180.jpg,1
20260721_055856_QVDFYG_c002_rview_f003210.jpg,1
20260721_055856_QVDFYG_c002_rview_f003420.jpg,1
20260721_055856_QVDFYG_c002_rview_f003630.jpg,1
20260721_055856_QVDFYG_c002_rview_f003840.jpg,1
20260721_055856_QVDFYG_c002_rview_f003900.jpg,1
20260721_055856_QVDFYG_c002_rview_f003930.jpg,1
20260721_055856_QVDFYG_c002_rview_f003960.jpg,1
20260721_055856_QVDFYG_c002_rview_f003990.jpg,1
20260721_055856_QVDFYG_c002_rview_f004020.jpg,1
20260721_055856_QVDFYG_c002_rview_f004050.jpg,1
20260721_055856_QVDFYG_c002_rview_f004080.jpg,1
20260721_055856_QVDFYG_c002_rview_f004260.jpg,1
20260721_055856_QVDFYG_c002_rview_f004350.jpg,1
20260721_055856_QVDFYG_c002_rview_f004380.jpg,1
20260721_055856_QVDFYG_c002_rview_f004530.jpg,1
20260721_055856_QVDFYG_c002_rview_f004620.jpg,1
20260721_055856_QVDFYG_c002_rview_f004650.jpg,1
20260721_055856_QVDFYG_c002_rview_f004680.jpg,1
20260721_055856_QVDFYG_c002_rview_f004710.jpg,1
20260721_055856_QVDFYG_c002_rview_f004740.jpg,1
20260721_055856_QVDFYG_c002_rview_f004770.jpg,1
20260721_055856_QVDFYG_c002_rview_f004800.jpg,1
20260721_055856_QVDFYG_c002_rview_f004830.jpg,1
20260721_055856_QVDFYG_c002_rview_f004860.jpg,1
20260721_055856_QVDFYG_c002_rview_f004890.jpg,1
20260721_055856_QVDFYG_c002_rview_f004920.jpg,1
20260721_055856_QVDFYG_c002_rview_f004950.jpg,1
20260721_055856_QVDFYG_c002_rview_f005010.jpg,1
20260721_055856_QVDFYG_c002_rview_f005040.jpg,1
20260721_055856_QVDFYG_c002_rview_f005070.jpg,1
20260721_055856_QVDFYG_c002_rview_f005100.jpg,1
20260721_055856_QVDFYG_c002_rview_f005130.jpg,1
20260721_055856_QVDFYG_c002_rview_f005160.jpg,1
20260721_055856_QVDFYG_c002_rview_f005190.jpg,1
20260721_055856_QVDFYG_c002_rview_f005220.jpg,1
20260721_055856_QVDFYG_c002_rview_f005250.jpg,1
20260721_055856_QVDFYG_c002_rview_f005280.jpg,1
20260721_055856_QVDFYG_c002_rview_f005310.jpg,1
20260721_055856_QVDFYG_c002_rview_f005340.jpg,1
20260721_055856_QVDFYG_c002_rview_f005370.jpg,1
20260721_055856_QVDFYG_c002_rview_f005400.jpg,1
20260721_055856_QVDFYG_c002_rview_f005430.jpg,1
20260721_055856_QVDFYG_c002_rview_f005460.jpg,1
20260721_055856_QVDFYG_c002_rview_f005490.jpg,1
20260721_055856_QVDFYG_c002_rview_f005520.jpg,1
20260721_055856_QVDFYG_c002_rview_f005550.jpg,1
20260721_055856_QVDFYG_c002_rview_f005580.jpg,1
20260721_055856_QVDFYG_c002_rview_f005610.jpg,1
20260721_055856_QVDFYG_c002_rview_f005640.jpg,1
20260721_055856_QVDFYG_c002_rview_f005670.jpg,1
20260721_055856_QVDFYG_c002_rview_f005700.jpg,1
20260721_055856_QVDFYG_c002_rview_f005730.jpg,1
20260721_055856_QVDFYG_c002_rview_f005760.jpg,1
20260721_055856_QVDFYG_c002_rview_f005790.jpg,1
20260721_055856_QVDFYG_c002_rview_f005820.jpg,1
20260721_055856_QVDFYG_c002_rview_f005850.jpg,1
20260721_055856_QVDFYG_c002_rview_f005880.jpg,1
20260721_055856_QVDFYG_c002_rview_f005910.jpg,1
20260721_055856_QVDFYG_c002_rview_f005940.jpg,1
20260721_055856_QVDFYG_c002_rview_f005970.jpg,1
20260721_055856_QVDFYG_c002_rview_f006000.jpg,1
20260721_055856_QVDFYG_c002_rview_f006030.jpg,1
20260721_055856_QVDFYG_c002_rview_f006060.jpg,1
20260721_055856_QVDFYG_c002_rview_f006090.jpg,1
20260721_055856_QVDFYG_c002_rview_f006120.jpg,1
20260721_055856_QVDFYG_c002_rview_f006150.jpg,1
20260721_055856_QVDFYG_c002_rview_f006180.jpg,1
20260721_055856_QVDFYG_c002_rview_f006210.jpg,1
20260721_055856_QVDFYG_c002_rview_f006240.jpg,1
20260721_055856_QVDFYG_c002_rview_f006330.jpg,1
20260721_055856_QVDFYG_c002_rview_f006360.jpg,1
20260721_055856_QVDFYG_c002_rview_f006390.jpg,1
20260721_055856_QVDFYG_c002_rview_f006420.jpg,1
20260721_055856_QVDFYG_c002_rview_f006450.jpg,1
20260721_055856_QVDFYG_c002_rview_f006480.jpg,1
20260721_055856_QVDFYG_c002_rview_f006510.jpg,1
20260721_055856_QVDFYG_c002_rview_f006540.jpg,1
20260721_055856_QVDFYG_c002_rview_f006570.jpg,1
20260721_055856_QVDFYG_c002_rview_f006600.jpg,1
20260721_055856_QVDFYG_c002_rview_f006630.jpg,1
20260721_055856_QVDFYG_c002_rview_f006690.jpg,1
20260721_055856_QVDFYG_c002_rview_f006720.jpg,1
20260721_055856_QVDFYG_c002_rview_f006750.jpg,1
20260721_055856_QVDFYG_c002_rview_f006810.jpg,1
20260721_055856_QVDFYG_c002_rview_f006870.jpg,1
20260721_055856_QVDFYG_c002_rview_f006900.jpg,1
20260721_055856_QVDFYG_c002_rview_f006930.jpg,1
20260721_055856_QVDFYG_c002_rview_f006990.jpg,1
20260721_055856_QVDFYG_c002_rview_f007020.jpg,1
20260721_055856_QVDFYG_c002_rview_f007050.jpg,1
20260721_055856_QVDFYG_c002_rview_f007080.jpg,1
20260721_055856_QVDFYG_c002_rview_f007110.jpg,1
20260721_055856_QVDFYG_c002_rview_f007140.jpg,1
20260721_055856_QVDFYG_c002_rview_f007170.jpg,1
20260721_055856_QVDFYG_c002_rview_f007200.jpg,1
20260721_055856_QVDFYG_c002_rview_f007230.jpg,1
20260721_055856_QVDFYG_c002_rview_f007260.jpg,1
20260721_055856_QVDFYG_c002_rview_f007290.jpg,1
20260721_055856_QVDFYG_c002_rview_f007320.jpg,1
20260721_055856_QVDFYG_c002_rview_f007350.jpg,1
20260721_055856_QVDFYG_c002_rview_f007380.jpg,1
20260721_055856_QVDFYG_c002_rview_f007410.jpg,1
20260721_055856_QVDFYG_c002_rview_f007440.jpg,1
20260721_055856_QVDFYG_c002_rview_f007470.jpg,1
20260721_055856_QVDFYG_c002_rview_f007500.jpg,1
20260721_055856_QVDFYG_c002_rview_f007530.jpg,1
20260721_055856_QVDFYG_c002_rview_f007560.jpg,1
20260721_055856_QVDFYG_c002_rview_f007590.jpg,1
20260721_055856_QVDFYG_c002_rview_f007620.jpg,1
20260721_055856_QVDFYG_c002_rview_f007650.jpg,1
20260721_055856_QVDFYG_c002_rview_f007680.jpg,1
20260721_055856_QVDFYG_c002_rview_f007710.jpg,1
20260721_055856_QVDFYG_c002_rview_f007740.jpg,1
20260721_055856_QVDFYG_c002_rview_f007770.jpg,1
20260721_055856_QVDFYG_c002_rview_f007800.jpg,1
20260721_055856_QVDFYG_c002_rview_f007830.jpg,1
20260721_055856_QVDFYG_c002_rview_f007860.jpg,1
20260721_055856_QVDFYG_c002_rview_f007890.jpg,1
20260721_055856_QVDFYG_c002_rview_f007920.jpg,1
20260721_055856_QVDFYG_c002_rview_f007950.jpg,1
20260721_055856_QVDFYG_c002_rview_f007980.jpg,1
20260721_055856_QVDFYG_c002_rview_f008010.jpg,1
20260721_055856_QVDFYG_c002_rview_f008040.jpg,1
20260721_055856_QVDFYG_c002_rview_f008070.jpg,1
20260721_055856_QVDFYG_c002_rview_f008100.jpg,1
20260721_055856_QVDFYG_c002_rview_f008130.jpg,1
20260721_055856_QVDFYG_c002_rview_f008160.jpg,1
20260721_055856_QVDFYG_c002_rview_f008190.jpg,1
20260721_055856_QVDFYG_c002_rview_f008220.jpg,1
20260721_055856_QVDFYG_c002_rview_f008250.jpg,1
20260721_055856_QVDFYG_c002_rview_f008280.jpg,1
20260721_055856_QVDFYG_c002_rview_f008310.jpg,1
20260721_055856_QVDFYG_c002_rview_f008340.jpg,1
20260721_055856_QVDFYG_c002_rview_f008370.jpg,1
20260721_055856_QVDFYG_c002_rview_f008400.jpg,1
20260721_055856_QVDFYG_c002_rview_f008430.jpg,1
20260721_055856_QVDFYG_c002_rview_f008460.jpg,1
20260721_055856_QVDFYG_c002_rview_f008490.jpg,1
20260721_055856_QVDFYG_c002_rview_f008520.jpg,1
20260721_055856_QVDFYG_c002_rview_f008550.jpg,1
20260721_055856_QVDFYG_c002_rview_f008580.jpg,1
20260721_055856_QVDFYG_c002_rview_f008610.jpg,1
20260721_055856_QVDFYG_c002_rview_f008640.jpg,1
20260721_055856_QVDFYG_c002_rview_f008670.jpg,1
20260721_055856_QVDFYG_c002_rview_f008700.jpg,1
20260721_055856_QVDFYG_c002_rview_f008730.jpg,1
20260721_055856_QVDFYG_c002_rview_f008760.jpg,1
20260721_055856_QVDFYG_c002_rview_f008790.jpg,1
20260721_055856_QVDFYG_c002_rview_f008820.jpg,1
20260721_055856_QVDFYG_c002_rview_f008850.jpg,1
20260721_055856_QVDFYG_c002_rview_f008880.jpg,1
20260721_055856_QVDFYG_c002_rview_f008910.jpg,1
20260721_055856_QVDFYG_c002_rview_f008940.jpg,1
20260721_055856_QVDFYG_c002_rview_f008970.jpg,1
20260721_055856_QVDFYG_c002_rview_f009000.jpg,1
20260721_055856_QVDFYG_c002_rview_f009030.jpg,1
20260721_055856_QVDFYG_c002_rview_f009060.jpg,1
20260721_055856_QVDFYG_c002_rview_f009090.jpg,1
20260721_055856_QVDFYG_c002_rview_f009120.jpg,1
20260721_055856_QVDFYG_c002_rview_f009150.jpg,1
20260721_055856_QVDFYG_c002_rview_f009180.jpg,1
20260721_055856_QVDFYG_c002_rview_f009300.jpg,1
20260721_055856_QVDFYG_c002_rview_f009330.jpg,1
20260721_055856_QVDFYG_c002_rview_f009360.jpg,1
20260721_055856_QVDFYG_c002_rview_f009390.jpg,1
20260721_055856_QVDFYG_c002_rview_f009420.jpg,1
20260721_055856_QVDFYG_c002_rview_f009450.jpg,1
20260721_055856_QVDFYG_c002_rview_f009480.jpg,1
20260721_055856_QVDFYG_c002_rview_f009510.jpg,1
20260721_055856_QVDFYG_c002_rview_f009540.jpg,1
20260721_055856_QVDFYG_c002_rview_f009570.jpg,1
20260721_055856_QVDFYG_c002_rview_f009600.jpg,1
20260721_055856_QVDFYG_c002_rview_f009630.jpg,1
20260721_055856_QVDFYG_c002_rview_f009840.jpg,1
20260721_055856_QVDFYG_c002_rview_f010020.jpg,1
20260721_055856_QVDFYG_c002_rview_f010080.jpg,1
20260721_055856_QVDFYG_c002_rview_f010290.jpg,1
20260721_055856_QVDFYG_c002_rview_f010500.jpg,1
20260721_055856_QVDFYG_c002_rview_f010710.jpg,1
20260722_055234_LZJGJP_c004_lview_f000000.jpg,1
20260722_055234_LZJGJP_c004_lview_f000030.jpg,1
20260722_055234_LZJGJP_c004_lview_f000060.jpg,1
20260722_055234_LZJGJP_c004_lview_f000090.jpg,1
20260722_055234_LZJGJP_c004_lview_f000120.jpg,1
20260722_055234_LZJGJP_c004_lview_f000150.jpg,1
20260722_055234_LZJGJP_c004_lview_f000180.jpg,1
20260722_055234_LZJGJP_c004_lview_f000210.jpg,1
20260722_055234_LZJGJP_c004_lview_f000240.jpg,1
20260722_055234_LZJGJP_c004_lview_f000270.jpg,1
20260722_055234_LZJGJP_c004_lview_f000300.jpg,1
20260722_055234_LZJGJP_c004_lview_f000330.jpg,1
20260722_055234_LZJGJP_c004_lview_f000360.jpg,1
20260722_055234_LZJGJP_c004_lview_f000390.jpg,1
20260722_055234_LZJGJP_c004_lview_f000420.jpg,1
20260722_055234_LZJGJP_c004_lview_f000450.jpg,1
20260722_055234_LZJGJP_c004_lview_f000480.jpg,1
20260722_055234_LZJGJP_c004_lview_f000510.jpg,1
20260722_055234_LZJGJP_c004_lview_f000540.jpg,1
20260722_055234_LZJGJP_c004_lview_f000570.jpg,1
20260722_055234_LZJGJP_c004_lview_f000600.jpg,1
20260722_055234_LZJGJP_c004_lview_f000630.jpg,1
20260722_055234_LZJGJP_c004_lview_f000660.jpg,1
20260722_055234_LZJGJP_c004_lview_f000690.jpg,1
20260722_055234_LZJGJP_c004_lview_f000720.jpg,1
20260722_055234_LZJGJP_c004_lview_f000750.jpg,1
20260722_055234_LZJGJP_c004_lview_f000780.jpg,1
20260722_055234_LZJGJP_c004_lview_f000810.jpg,1
20260722_055234_LZJGJP_c004_lview_f000840.jpg,1
20260722_055234_LZJGJP_c004_lview_f000870.jpg,1
20260722_055234_LZJGJP_c004_lview_f000900.jpg,1
20260722_055234_LZJGJP_c004_lview_f000930.jpg,1
20260722_055234_LZJGJP_c004_lview_f000960.jpg,1
20260722_055234_LZJGJP_c004_lview_f000990.jpg,1
20260722_055234_LZJGJP_c004_lview_f001020.jpg,1
20260722_055234_LZJGJP_c004_lview_f001050.jpg,1
20260722_055234_LZJGJP_c004_lview_f001080.jpg,1
20260722_055234_LZJGJP_c004_lview_f001110.jpg,1
20260722_055234_LZJGJP_c004_lview_f001140.jpg,1
20260722_055234_LZJGJP_c004_lview_f001170.jpg,1
20260722_055234_LZJGJP_c004_lview_f001200.jpg,1
20260722_055234_LZJGJP_c004_lview_f001230.jpg,1
20260722_055234_LZJGJP_c004_lview_f001260.jpg,1
20260722_055234_LZJGJP_c004_lview_f001290.jpg,1
20260722_055234_LZJGJP_c004_lview_f001320.jpg,1
20260722_055234_LZJGJP_c004_lview_f001350.jpg,1
20260722_055234_LZJGJP_c004_lview_f001380.jpg,1
20260722_055234_LZJGJP_c004_lview_f001410.jpg,1
20260722_055234_LZJGJP_c004_lview_f001440.jpg,1
20260722_055234_LZJGJP_c004_lview_f001470.jpg,1
20260722_055234_LZJGJP_c004_lview_f001500.jpg,1
20260722_055234_LZJGJP_c004_lview_f001530.jpg,1
20260722_055234_LZJGJP_c004_lview_f001560.jpg,1
20260722_055234_LZJGJP_c004_lview_f001590.jpg,1
20260722_055234_LZJGJP_c004_lview_f001620.jpg,1
20260722_055234_LZJGJP_c004_lview_f001650.jpg,1
20260722_055234_LZJGJP_c004_lview_f001680.jpg,1
20260722_055234_LZJGJP_c004_lview_f001710.jpg,1
20260722_055234_LZJGJP_c004_lview_f001740.jpg,1
20260722_055234_LZJGJP_c004_lview_f001770.jpg,1
20260722_055234_LZJGJP_c004_lview_f001800.jpg,1
20260722_055234_LZJGJP_c004_lview_f001830.jpg,1
20260722_055234_LZJGJP_c004_lview_f001860.jpg,1
20260722_055234_LZJGJP_c004_lview_f001890.jpg,1
20260722_055234_LZJGJP_c004_lview_f001920.jpg,1
20260722_055234_LZJGJP_c004_lview_f001950.jpg,1
20260722_055234_LZJGJP_c004_lview_f001980.jpg,1
20260722_055234_LZJGJP_c004_lview_f002010.jpg,1
20260722_055234_LZJGJP_c004_lview_f002040.jpg,1
20260722_055234_LZJGJP_c004_lview_f002070.jpg,1
20260722_055234_LZJGJP_c004_lview_f002100.jpg,1
20260722_055234_LZJGJP_c004_lview_f002130.jpg,1
20260722_055234_LZJGJP_c004_lview_f002160.jpg,1
20260722_055234_LZJGJP_c004_lview_f002190.jpg,1
20260722_055234_LZJGJP_c004_lview_f002220.jpg,1
20260722_055234_LZJGJP_c004_lview_f002250.jpg,1
20260722_055234_LZJGJP_c004_lview_f002280.jpg,1
20260722_055234_LZJGJP_c004_lview_f002310.jpg,1
20260722_055234_LZJGJP_c004_lview_f002340.jpg,1
20260722_055234_LZJGJP_c004_lview_f002370.jpg,1
20260722_055234_LZJGJP_c004_lview_f002400.jpg,1
20260722_055234_LZJGJP_c004_lview_f002430.jpg,1
20260722_055234_LZJGJP_c004_lview_f002460.jpg,1
20260722_055234_LZJGJP_c004_lview_f002490.jpg,1
20260722_055234_LZJGJP_c004_lview_f002520.jpg,1
20260722_055234_LZJGJP_c004_lview_f002550.jpg,1
20260722_055234_LZJGJP_c004_lview_f002580.jpg,1
20260722_055234_LZJGJP_c004_lview_f002610.jpg,1
20260722_055234_LZJGJP_c004_lview_f002640.jpg,1
20260722_055234_LZJGJP_c004_lview_f002670.jpg,1
20260722_055234_LZJGJP_c004_lview_f002700.jpg,1
20260722_055234_LZJGJP_c004_lview_f002730.jpg,1
20260722_055234_LZJGJP_c004_lview_f002760.jpg,1
20260722_055234_LZJGJP_c004_lview_f002790.jpg,1
20260722_055234_LZJGJP_c004_lview_f002820.jpg,1
20260722_055234_LZJGJP_c004_lview_f002850.jpg,1
20260722_055234_LZJGJP_c004_lview_f002880.jpg,1
20260722_055234_LZJGJP_c004_lview_f002910.jpg,1
20260722_055234_LZJGJP_c004_lview_f002940.jpg,1
20260722_055234_LZJGJP_c004_lview_f002970.jpg,1
20260722_055234_LZJGJP_c004_lview_f003000.jpg,1
20260722_055234_LZJGJP_c004_lview_f003030.jpg,1
20260722_055234_LZJGJP_c004_lview_f003060.jpg,1
20260722_055234_LZJGJP_c004_lview_f003090.jpg,1
20260722_055234_LZJGJP_c004_lview_f003120.jpg,1
20260722_055234_LZJGJP_c004_lview_f003150.jpg,1
20260722_055234_LZJGJP_c004_lview_f003180.jpg,1
20260722_055234_LZJGJP_c004_lview_f003210.jpg,1
20260722_055234_LZJGJP_c004_lview_f003240.jpg,1
20260722_055234_LZJGJP_c004_lview_f003270.jpg,1
20260722_055234_LZJGJP_c004_lview_f003300.jpg,1
20260722_055234_LZJGJP_c004_lview_f003330.jpg,1
20260722_055234_LZJGJP_c004_lview_f003360.jpg,1
20260722_055234_LZJGJP_c004_lview_f003390.jpg,1
20260722_055234_LZJGJP_c004_lview_f003420.jpg,1
20260722_055234_LZJGJP_c004_lview_f003450.jpg,1
20260722_055234_LZJGJP_c004_lview_f003480.jpg,1
20260722_055234_LZJGJP_c004_lview_f003510.jpg,1
20260722_055234_LZJGJP_c004_lview_f003540.jpg,1
20260722_055234_LZJGJP_c004_lview_f003570.jpg,1
20260722_055234_LZJGJP_c004_lview_f003600.jpg,1
20260722_055234_LZJGJP_c004_lview_f003630.jpg,1
20260722_055234_LZJGJP_c004_lview_f003660.jpg,1
20260722_055234_LZJGJP_c004_lview_f003690.jpg,1
20260722_055234_LZJGJP_c004_lview_f003720.jpg,1
20260722_055234_LZJGJP_c004_lview_f003750.jpg,1
20260722_055234_LZJGJP_c004_lview_f003780.jpg,1
20260722_055234_LZJGJP_c004_lview_f003810.jpg,1
20260722_055234_LZJGJP_c004_lview_f003840.jpg,1
20260722_055234_LZJGJP_c004_lview_f003870.jpg,1
20260722_055234_LZJGJP_c004_lview_f003900.jpg,1
20260722_055234_LZJGJP_c004_lview_f003930.jpg,1
20260722_055234_LZJGJP_c004_lview_f003960.jpg,1
20260722_055234_LZJGJP_c004_lview_f003990.jpg,1
20260722_055234_LZJGJP_c004_lview_f004020.jpg,1
20260722_055234_LZJGJP_c004_lview_f004050.jpg,1
20260722_055234_LZJGJP_c004_lview_f004080.jpg,1
20260722_055234_LZJGJP_c004_lview_f004110.jpg,1
20260722_055234_LZJGJP_c004_lview_f004140.jpg,1
20260722_055234_LZJGJP_c004_lview_f004170.jpg,1
20260722_055234_LZJGJP_c004_lview_f004200.jpg,1
20260722_055234_LZJGJP_c004_lview_f004230.jpg,1
20260722_055234_LZJGJP_c004_lview_f004260.jpg,1
20260722_055234_LZJGJP_c004_lview_f004290.jpg,1
20260722_055234_LZJGJP_c004_lview_f004320.jpg,1
20260722_055234_LZJGJP_c004_lview_f004350.jpg,1
20260722_055234_LZJGJP_c004_lview_f004380.jpg,1
20260722_055234_LZJGJP_c004_lview_f004410.jpg,1
20260722_055234_LZJGJP_c004_lview_f004440.jpg,1
20260722_055234_LZJGJP_c004_lview_f004470.jpg,1
20260722_055234_LZJGJP_c004_lview_f004500.jpg,1
20260722_055234_LZJGJP_c004_lview_f004530.jpg,1
20260722_055234_LZJGJP_c004_lview_f004560.jpg,1
20260722_055234_LZJGJP_c004_lview_f004590.jpg,1
20260722_055234_LZJGJP_c004_lview_f004620.jpg,1
20260722_055234_LZJGJP_c004_lview_f004650.jpg,1
20260722_055234_LZJGJP_c004_lview_f004680.jpg,1
20260722_055234_LZJGJP_c004_lview_f004710.jpg,1
20260722_055234_LZJGJP_c004_lview_f004740.jpg,1
20260722_055234_LZJGJP_c004_lview_f004770.jpg,1
20260722_055234_LZJGJP_c004_lview_f004800.jpg,1
20260722_055234_LZJGJP_c004_lview_f004830.jpg,1
20260722_055234_LZJGJP_c004_lview_f004860.jpg,1
20260722_055234_LZJGJP_c004_lview_f004890.jpg,1
20260722_055234_LZJGJP_c004_lview_f004920.jpg,1
20260722_055234_LZJGJP_c004_lview_f004950.jpg,1
20260722_055234_LZJGJP_c004_lview_f004980.jpg,1
20260722_055234_LZJGJP_c004_lview_f005010.jpg,1
20260722_055234_LZJGJP_c004_lview_f005040.jpg,1
20260722_055234_LZJGJP_c004_lview_f005070.jpg,1
20260722_055234_LZJGJP_c004_lview_f005100.jpg,1
20260722_055234_LZJGJP_c004_lview_f005130.jpg,1
20260722_055234_LZJGJP_c004_lview_f005160.jpg,1
20260722_055234_LZJGJP_c004_lview_f005190.jpg,1
20260722_055234_LZJGJP_c004_lview_f005220.jpg,1
20260722_055234_LZJGJP_c004_lview_f005250.jpg,1
20260722_055234_LZJGJP_c004_lview_f005280.jpg,1
20260722_055234_LZJGJP_c004_lview_f005310.jpg,1
20260722_055234_LZJGJP_c004_lview_f005340.jpg,1
20260722_055234_LZJGJP_c004_lview_f005370.jpg,1
20260722_055234_LZJGJP_c004_lview_f005400.jpg,1
20260722_055234_LZJGJP_c004_lview_f005430.jpg,1
20260722_055234_LZJGJP_c004_lview_f005460.jpg,1
20260722_055234_LZJGJP_c004_lview_f005490.jpg,1
20260722_055234_LZJGJP_c004_lview_f005520.jpg,1
20260722_055234_LZJGJP_c004_lview_f005550.jpg,1
20260722_055234_LZJGJP_c004_lview_f005580.jpg,1
20260722_055234_LZJGJP_c004_lview_f005610.jpg,1
20260722_055234_LZJGJP_c004_lview_f005640.jpg,1
20260722_055234_LZJGJP_c004_lview_f005670.jpg,1
20260722_055234_LZJGJP_c004_lview_f005700.jpg,1
20260722_055234_LZJGJP_c004_lview_f005730.jpg,1
20260722_055234_LZJGJP_c004_lview_f005760.jpg,1
20260722_055234_LZJGJP_c004_lview_f005790.jpg,1
20260722_055234_LZJGJP_c004_lview_f005820.jpg,1
20260722_055234_LZJGJP_c004_lview_f005850.jpg,1
20260722_055234_LZJGJP_c004_lview_f005880.jpg,1
20260722_055234_LZJGJP_c004_lview_f005910.jpg,1
20260722_055234_LZJGJP_c004_lview_f005940.jpg,1
20260722_055234_LZJGJP_c004_lview_f005970.jpg,1
20260722_055234_LZJGJP_c004_lview_f006000.jpg,1
20260722_055234_LZJGJP_c004_lview_f006030.jpg,1
20260722_055234_LZJGJP_c004_lview_f006060.jpg,1
20260722_055234_LZJGJP_c004_lview_f006090.jpg,1
20260722_055234_LZJGJP_c004_lview_f006120.jpg,1
20260722_055234_LZJGJP_c004_lview_f006150.jpg,1
20260722_055234_LZJGJP_c004_lview_f006180.jpg,1
20260722_055234_LZJGJP_c004_lview_f006210.jpg,1
20260722_055234_LZJGJP_c004_lview_f006240.jpg,1
20260722_055234_LZJGJP_c004_lview_f006270.jpg,1
20260722_055234_LZJGJP_c004_lview_f006300.jpg,1
20260722_055234_LZJGJP_c004_lview_f006330.jpg,1
20260722_055234_LZJGJP_c004_lview_f006360.jpg,1
20260722_055234_LZJGJP_c004_lview_f006390.jpg,1
20260722_055234_LZJGJP_c004_lview_f006420.jpg,1
20260722_055234_LZJGJP_c004_lview_f006450.jpg,1
20260722_055234_LZJGJP_c004_lview_f006480.jpg,1
20260722_055234_LZJGJP_c004_lview_f006510.jpg,1
20260722_055234_LZJGJP_c004_lview_f006540.jpg,1
20260722_055234_LZJGJP_c004_lview_f006570.jpg,1
20260722_055234_LZJGJP_c004_lview_f006600.jpg,1
20260722_055234_LZJGJP_c004_lview_f006630.jpg,1
20260722_055234_LZJGJP_c004_lview_f006660.jpg,1
20260722_055234_LZJGJP_c004_lview_f006690.jpg,1
20260722_055234_LZJGJP_c004_lview_f006720.jpg,1
20260722_055234_LZJGJP_c004_lview_f006750.jpg,1
20260722_055234_LZJGJP_c004_lview_f006780.jpg,1
20260722_055234_LZJGJP_c004_lview_f006810.jpg,1
20260722_055234_LZJGJP_c004_lview_f006840.jpg,1
20260722_055234_LZJGJP_c004_lview_f006870.jpg,1
20260722_055234_LZJGJP_c004_lview_f006900.jpg,1
20260722_055234_LZJGJP_c004_lview_f006930.jpg,1
20260722_055234_LZJGJP_c004_lview_f006960.jpg,1
20260722_055234_LZJGJP_c004_lview_f006990.jpg,1
20260722_055234_LZJGJP_c004_lview_f007020.jpg,1
20260722_055234_LZJGJP_c004_lview_f007050.jpg,1
20260722_055234_LZJGJP_c004_lview_f007080.jpg,1
20260722_055234_LZJGJP_c004_lview_f007110.jpg,1
20260722_055234_LZJGJP_c004_lview_f007140.jpg,1
20260722_055234_LZJGJP_c004_lview_f007170.jpg,1
20260722_055234_LZJGJP_c004_lview_f007200.jpg,1
20260722_055234_LZJGJP_c004_lview_f007230.jpg,1
20260722_055234_LZJGJP_c004_lview_f007260.jpg,1
20260722_055234_LZJGJP_c004_lview_f007290.jpg,1
20260722_055234_LZJGJP_c004_lview_f007320.jpg,1
20260722_055234_LZJGJP_c004_lview_f007350.jpg,1
20260722_055234_LZJGJP_c004_lview_f007380.jpg,1
20260722_055234_LZJGJP_c004_lview_f007410.jpg,1
20260722_055234_LZJGJP_c004_lview_f007440.jpg,1
20260722_055234_LZJGJP_c004_lview_f007470.jpg,1
20260722_055234_LZJGJP_c004_lview_f007500.jpg,1
20260722_055234_LZJGJP_c004_lview_f007530.jpg,1
20260722_055234_LZJGJP_c004_lview_f007560.jpg,1
20260722_055234_LZJGJP_c004_lview_f007590.jpg,1
20260722_055234_LZJGJP_c004_lview_f007620.jpg,1
20260722_055234_LZJGJP_c004_lview_f007650.jpg,1
20260722_055234_LZJGJP_c004_lview_f007680.jpg,1
20260722_055234_LZJGJP_c004_lview_f007710.jpg,1
20260722_055234_LZJGJP_c004_lview_f007740.jpg,1
20260722_055234_LZJGJP_c004_lview_f007770.jpg,1
20260722_055234_LZJGJP_c004_lview_f007800.jpg,1
20260722_055234_LZJGJP_c004_lview_f007830.jpg,1
20260722_055234_LZJGJP_c004_lview_f007860.jpg,1
20260722_055234_LZJGJP_c004_lview_f007890.jpg,1
20260722_055234_LZJGJP_c004_lview_f007920.jpg,1
20260722_055234_LZJGJP_c004_lview_f007950.jpg,1
20260722_055234_LZJGJP_c004_lview_f007980.jpg,1
20260722_055234_LZJGJP_c004_lview_f008010.jpg,1
20260722_055234_LZJGJP_c004_lview_f008040.jpg,1
20260722_055234_LZJGJP_c004_lview_f008070.jpg,1
20260722_055234_LZJGJP_c004_lview_f008100.jpg,1
20260722_055234_LZJGJP_c004_lview_f008130.jpg,1
20260722_055234_LZJGJP_c004_lview_f008160.jpg,1
20260722_055234_LZJGJP_c004_lview_f008190.jpg,1
20260722_055234_LZJGJP_c004_lview_f008220.jpg,1
20260722_055234_LZJGJP_c004_lview_f008250.jpg,1
20260722_055234_LZJGJP_c004_lview_f008280.jpg,1
20260722_055234_LZJGJP_c004_lview_f008310.jpg,1
20260722_055234_LZJGJP_c004_lview_f008340.jpg,1
20260722_055234_LZJGJP_c004_lview_f008370.jpg,1
20260722_055234_LZJGJP_c004_lview_f008400.jpg,1
20260722_055234_LZJGJP_c004_lview_f008430.jpg,1
20260722_055234_LZJGJP_c004_lview_f008460.jpg,1
20260722_055234_LZJGJP_c004_lview_f008490.jpg,1
20260722_055234_LZJGJP_c004_lview_f008520.jpg,1
20260722_055234_LZJGJP_c004_lview_f008550.jpg,1
20260722_055234_LZJGJP_c004_lview_f008580.jpg,1
20260722_055234_LZJGJP_c004_lview_f008610.jpg,1
20260722_055234_LZJGJP_c004_lview_f008640.jpg,1
20260722_055234_LZJGJP_c004_lview_f008670.jpg,1
20260722_055234_LZJGJP_c004_lview_f008700.jpg,1
20260722_055234_LZJGJP_c004_lview_f008730.jpg,1
20260722_055234_LZJGJP_c004_lview_f008760.jpg,1
20260722_055234_LZJGJP_c004_lview_f008790.jpg,1
20260722_055234_LZJGJP_c004_lview_f008820.jpg,1
20260722_055234_LZJGJP_c004_lview_f008850.jpg,1
20260722_055234_LZJGJP_c004_lview_f008880.jpg,1
20260722_055234_LZJGJP_c004_lview_f008910.jpg,1
20260722_055234_LZJGJP_c004_lview_f008940.jpg,1
20260722_055234_LZJGJP_c004_lview_f008970.jpg,1
20260722_055234_LZJGJP_c004_lview_f009000.jpg,1
20260722_055234_LZJGJP_c004_lview_f009030.jpg,1
20260722_055234_LZJGJP_c004_lview_f009060.jpg,1
20260722_055234_LZJGJP_c004_lview_f009090.jpg,1
20260722_055234_LZJGJP_c004_lview_f009120.jpg,1
20260722_055234_LZJGJP_c004_lview_f009150.jpg,1
20260722_055234_LZJGJP_c004_lview_f009180.jpg,1
20260722_055234_LZJGJP_c004_lview_f009210.jpg,1
20260722_055234_LZJGJP_c004_lview_f009240.jpg,1
20260722_055234_LZJGJP_c004_lview_f009270.jpg,1
20260722_055234_LZJGJP_c004_lview_f009300.jpg,1
20260722_055234_LZJGJP_c004_lview_f009330.jpg,1
20260722_055234_LZJGJP_c004_lview_f009360.jpg,1
20260722_055234_LZJGJP_c004_lview_f009390.jpg,1
20260722_055234_LZJGJP_c004_lview_f009420.jpg,1
20260722_055234_LZJGJP_c004_lview_f009450.jpg,1
20260722_055234_LZJGJP_c004_lview_f009480.jpg,1
20260722_055234_LZJGJP_c004_lview_f009510.jpg,1
20260722_055234_LZJGJP_c004_lview_f009540.jpg,1
20260722_055234_LZJGJP_c004_lview_f009570.jpg,1
20260722_055234_LZJGJP_c004_lview_f009600.jpg,1
20260722_055234_LZJGJP_c004_lview_f009630.jpg,1
20260722_055234_LZJGJP_c004_lview_f009660.jpg,1
20260722_055234_LZJGJP_c004_lview_f009690.jpg,1
20260722_055234_LZJGJP_c004_lview_f009720.jpg,1
20260722_055234_LZJGJP_c004_lview_f009750.jpg,1
20260722_055234_LZJGJP_c004_lview_f009780.jpg,1
20260722_055234_LZJGJP_c004_lview_f009810.jpg,1
20260722_055234_LZJGJP_c004_lview_f009840.jpg,1
20260722_055234_LZJGJP_c004_lview_f009870.jpg,1
20260722_055234_LZJGJP_c004_lview_f009900.jpg,1
20260722_055234_LZJGJP_c004_lview_f009930.jpg,1
20260722_055234_LZJGJP_c004_lview_f009960.jpg,1
20260722_055234_LZJGJP_c004_lview_f009990.jpg,1
20260722_055234_LZJGJP_c004_lview_f010020.jpg,1
20260722_055234_LZJGJP_c004_lview_f010050.jpg,1
20260722_055234_LZJGJP_c004_lview_f010080.jpg,1
20260722_055234_LZJGJP_c004_lview_f010110.jpg,1
20260722_055234_LZJGJP_c004_lview_f010140.jpg,1
20260722_055234_LZJGJP_c004_lview_f010170.jpg,1
20260722_055234_LZJGJP_c004_lview_f010200.jpg,1
20260722_055234_LZJGJP_c004_lview_f010230.jpg,1
20260722_055234_LZJGJP_c004_lview_f010260.jpg,1
20260722_055234_LZJGJP_c004_lview_f010290.jpg,1
20260722_055234_LZJGJP_c004_lview_f010320.jpg,1
20260722_055234_LZJGJP_c004_lview_f010350.jpg,1
20260722_055234_LZJGJP_c004_lview_f010380.jpg,1
20260722_055234_LZJGJP_c004_lview_f010410.jpg,1
20260722_055234_LZJGJP_c004_lview_f010440.jpg,1
20260722_055234_LZJGJP_c004_lview_f010470.jpg,1
20260722_055234_LZJGJP_c004_lview_f010500.jpg,1
20260722_055234_LZJGJP_c004_lview_f010530.jpg,1
20260722_055234_LZJGJP_c004_lview_f010560.jpg,1
20260722_055234_LZJGJP_c004_lview_f010590.jpg,1
20260722_055234_LZJGJP_c004_lview_f010620.jpg,1
20260722_055234_LZJGJP_c004_lview_f010650.jpg,1
20260722_055234_LZJGJP_c004_lview_f010680.jpg,1
20260722_055234_LZJGJP_c004_lview_f010710.jpg,1
20260722_055234_LZJGJP_c004_lview_f010740.jpg,1
20260722_055234_LZJGJP_c004_lview_f010770.jpg,1
20260722_055234_LZJGJP_c004_rview_f000000.jpg,1
20260722_055234_LZJGJP_c004_rview_f000030.jpg,1
20260722_055234_LZJGJP_c004_rview_f000060.jpg,1
20260722_055234_LZJGJP_c004_rview_f000090.jpg,1
20260722_055234_LZJGJP_c004_rview_f000120.jpg,1
20260722_055234_LZJGJP_c004_rview_f000150.jpg,1
20260722_055234_LZJGJP_c004_rview_f000180.jpg,1
20260722_055234_LZJGJP_c004_rview_f000210.jpg,1
20260722_055234_LZJGJP_c004_rview_f000240.jpg,1
20260722_055234_LZJGJP_c004_rview_f000270.jpg,1
20260722_055234_LZJGJP_c004_rview_f000300.jpg,1
20260722_055234_LZJGJP_c004_rview_f000330.jpg,1
20260722_055234_LZJGJP_c004_rview_f000360.jpg,1
20260722_055234_LZJGJP_c004_rview_f000390.jpg,1
20260722_055234_LZJGJP_c004_rview_f000420.jpg,1
20260722_055234_LZJGJP_c004_rview_f000450.jpg,1
20260722_055234_LZJGJP_c004_rview_f000480.jpg,1
20260722_055234_LZJGJP_c004_rview_f000510.jpg,1
20260722_055234_LZJGJP_c004_rview_f000540.jpg,1
20260722_055234_LZJGJP_c004_rview_f000570.jpg,1
20260722_055234_LZJGJP_c004_rview_f000600.jpg,1
20260722_055234_LZJGJP_c004_rview_f000630.jpg,1
20260722_055234_LZJGJP_c004_rview_f000660.jpg,1
20260722_055234_LZJGJP_c004_rview_f000690.jpg,1
20260722_055234_LZJGJP_c004_rview_f000720.jpg,1
20260722_055234_LZJGJP_c004_rview_f000750.jpg,1
20260722_055234_LZJGJP_c004_rview_f000780.jpg,1
20260722_055234_LZJGJP_c004_rview_f000810.jpg,1
20260722_055234_LZJGJP_c004_rview_f000840.jpg,1
20260722_055234_LZJGJP_c004_rview_f000870.jpg,1
20260722_055234_LZJGJP_c004_rview_f000900.jpg,1
20260722_055234_LZJGJP_c004_rview_f000930.jpg,1
20260722_055234_LZJGJP_c004_rview_f000960.jpg,1
20260722_055234_LZJGJP_c004_rview_f000990.jpg,1
20260722_055234_LZJGJP_c004_rview_f001020.jpg,1
20260722_055234_LZJGJP_c004_rview_f001050.jpg,1
20260722_055234_LZJGJP_c004_rview_f001080.jpg,1
20260722_055234_LZJGJP_c004_rview_f001110.jpg,1
20260722_055234_LZJGJP_c004_rview_f001140.jpg,1
20260722_055234_LZJGJP_c004_rview_f001170.jpg,1
20260722_055234_LZJGJP_c004_rview_f001200.jpg,1
20260722_055234_LZJGJP_c004_rview_f001230.jpg,1
20260722_055234_LZJGJP_c004_rview_f001260.jpg,1
20260722_055234_LZJGJP_c004_rview_f001290.jpg,1
20260722_055234_LZJGJP_c004_rview_f001320.jpg,1
20260722_055234_LZJGJP_c004_rview_f001350.jpg,1
20260722_055234_LZJGJP_c004_rview_f001380.jpg,1
20260722_055234_LZJGJP_c004_rview_f001410.jpg,1
20260722_055234_LZJGJP_c004_rview_f001440.jpg,1
20260722_055234_LZJGJP_c004_rview_f001470.jpg,1
20260722_055234_LZJGJP_c004_rview_f001500.jpg,1
20260722_055234_LZJGJP_c004_rview_f001530.jpg,1
20260722_055234_LZJGJP_c004_rview_f001560.jpg,1
20260722_055234_LZJGJP_c004_rview_f001590.jpg,1
20260722_055234_LZJGJP_c004_rview_f001620.jpg,1
20260722_055234_LZJGJP_c004_rview_f001650.jpg,1
20260722_055234_LZJGJP_c004_rview_f001680.jpg,1
20260722_055234_LZJGJP_c004_rview_f001710.jpg,1
20260722_055234_LZJGJP_c004_rview_f001740.jpg,1
20260722_055234_LZJGJP_c004_rview_f001770.jpg,1
20260722_055234_LZJGJP_c004_rview_f001800.jpg,1
20260722_055234_LZJGJP_c004_rview_f001830.jpg,1
20260722_055234_LZJGJP_c004_rview_f001860.jpg,1
20260722_055234_LZJGJP_c004_rview_f001890.jpg,1
20260722_055234_LZJGJP_c004_rview_f001920.jpg,1
20260722_055234_LZJGJP_c004_rview_f001950.jpg,1
20260722_055234_LZJGJP_c004_rview_f001980.jpg,1
20260722_055234_LZJGJP_c004_rview_f002010.jpg,1
20260722_055234_LZJGJP_c004_rview_f002040.jpg,1
20260722_055234_LZJGJP_c004_rview_f002070.jpg,1
20260722_055234_LZJGJP_c004_rview_f002100.jpg,1
20260722_055234_LZJGJP_c004_rview_f002130.jpg,1
20260722_055234_LZJGJP_c004_rview_f002160.jpg,1
20260722_055234_LZJGJP_c004_rview_f002190.jpg,1
20260722_055234_LZJGJP_c004_rview_f002220.jpg,1
20260722_055234_LZJGJP_c004_rview_f002250.jpg,1
20260722_055234_LZJGJP_c004_rview_f002280.jpg,1
20260722_055234_LZJGJP_c004_rview_f002310.jpg,1
20260722_055234_LZJGJP_c004_rview_f002340.jpg,1
20260722_055234_LZJGJP_c004_rview_f002370.jpg,1
20260722_055234_LZJGJP_c004_rview_f002400.jpg,1
20260722_055234_LZJGJP_c004_rview_f002430.jpg,1
20260722_055234_LZJGJP_c004_rview_f002460.jpg,1
20260722_055234_LZJGJP_c004_rview_f002490.jpg,1
20260722_055234_LZJGJP_c004_rview_f002520.jpg,1
20260722_055234_LZJGJP_c004_rview_f002550.jpg,1
20260722_055234_LZJGJP_c004_rview_f002580.jpg,1
20260722_055234_LZJGJP_c004_rview_f002610.jpg,1
20260722_055234_LZJGJP_c004_rview_f002640.jpg,1
20260722_055234_LZJGJP_c004_rview_f002670.jpg,1
20260722_055234_LZJGJP_c004_rview_f002700.jpg,1
20260722_055234_LZJGJP_c004_rview_f002730.jpg,1
20260722_055234_LZJGJP_c004_rview_f002760.jpg,1
20260722_055234_LZJGJP_c004_rview_f002790.jpg,1
20260722_055234_LZJGJP_c004_rview_f002820.jpg,1
20260722_055234_LZJGJP_c004_rview_f002850.jpg,1
20260722_055234_LZJGJP_c004_rview_f002880.jpg,1
20260722_055234_LZJGJP_c004_rview_f002910.jpg,1
20260722_055234_LZJGJP_c004_rview_f002940.jpg,1
20260722_055234_LZJGJP_c004_rview_f002970.jpg,1
20260722_055234_LZJGJP_c004_rview_f003000.jpg,1
20260722_055234_LZJGJP_c004_rview_f003030.jpg,1
20260722_055234_LZJGJP_c004_rview_f003060.jpg,1
20260722_055234_LZJGJP_c004_rview_f003090.jpg,1
20260722_055234_LZJGJP_c004_rview_f003120.jpg,1
20260722_055234_LZJGJP_c004_rview_f003150.jpg,1
20260722_055234_LZJGJP_c004_rview_f003180.jpg,1
20260722_055234_LZJGJP_c004_rview_f003210.jpg,1
20260722_055234_LZJGJP_c004_rview_f003240.jpg,1
20260722_055234_LZJGJP_c004_rview_f003270.jpg,1
20260722_055234_LZJGJP_c004_rview_f003300.jpg,1
20260722_055234_LZJGJP_c004_rview_f003330.jpg,1
20260722_055234_LZJGJP_c004_rview_f003360.jpg,1
20260722_055234_LZJGJP_c004_rview_f003390.jpg,1
20260722_055234_LZJGJP_c004_rview_f003420.jpg,1
20260722_055234_LZJGJP_c004_rview_f003450.jpg,1
20260722_055234_LZJGJP_c004_rview_f003480.jpg,1
20260722_055234_LZJGJP_c004_rview_f003510.jpg,1
20260722_055234_LZJGJP_c004_rview_f003540.jpg,1
20260722_055234_LZJGJP_c004_rview_f003570.jpg,1
20260722_055234_LZJGJP_c004_rview_f003600.jpg,1
20260722_055234_LZJGJP_c004_rview_f003630.jpg,1
20260722_055234_LZJGJP_c004_rview_f003660.jpg,1
20260722_055234_LZJGJP_c004_rview_f003690.jpg,1
20260722_055234_LZJGJP_c004_rview_f003720.jpg,1
20260722_055234_LZJGJP_c004_rview_f003750.jpg,1
20260722_055234_LZJGJP_c004_rview_f003780.jpg,1
20260722_055234_LZJGJP_c004_rview_f003810.jpg,1
20260722_055234_LZJGJP_c004_rview_f003840.jpg,1
20260722_055234_LZJGJP_c004_rview_f003870.jpg,1
20260722_055234_LZJGJP_c004_rview_f003900.jpg,1
20260722_055234_LZJGJP_c004_rview_f003930.jpg,1
20260722_055234_LZJGJP_c004_rview_f003960.jpg,1
20260722_055234_LZJGJP_c004_rview_f003990.jpg,1
20260722_055234_LZJGJP_c004_rview_f004020.jpg,1
20260722_055234_LZJGJP_c004_rview_f004050.jpg,1
20260722_055234_LZJGJP_c004_rview_f004080.jpg,1
20260722_055234_LZJGJP_c004_rview_f004110.jpg,1
20260722_055234_LZJGJP_c004_rview_f004140.jpg,1
20260722_055234_LZJGJP_c004_rview_f004170.jpg,1
20260722_055234_LZJGJP_c004_rview_f004200.jpg,1
20260722_055234_LZJGJP_c004_rview_f004230.jpg,1
20260722_055234_LZJGJP_c004_rview_f004260.jpg,1
20260722_055234_LZJGJP_c004_rview_f004290.jpg,1
20260722_055234_LZJGJP_c004_rview_f004320.jpg,1
20260722_055234_LZJGJP_c004_rview_f004350.jpg,1
20260722_055234_LZJGJP_c004_rview_f004380.jpg,1
20260722_055234_LZJGJP_c004_rview_f004410.jpg,1
20260722_055234_LZJGJP_c004_rview_f004440.jpg,1
20260722_055234_LZJGJP_c004_rview_f004470.jpg,1
20260722_055234_LZJGJP_c004_rview_f004500.jpg,1
20260722_055234_LZJGJP_c004_rview_f004530.jpg,1
20260722_055234_LZJGJP_c004_rview_f004560.jpg,1
20260722_055234_LZJGJP_c004_rview_f004590.jpg,1
20260722_055234_LZJGJP_c004_rview_f004620.jpg,1
20260722_055234_LZJGJP_c004_rview_f004650.jpg,1
20260722_055234_LZJGJP_c004_rview_f004680.jpg,1
20260722_055234_LZJGJP_c004_rview_f004710.jpg,1
20260722_055234_LZJGJP_c004_rview_f004740.jpg,1
20260722_055234_LZJGJP_c004_rview_f004770.jpg,1
20260722_055234_LZJGJP_c004_rview_f004800.jpg,1
20260722_055234_LZJGJP_c004_rview_f004830.jpg,1
20260722_055234_LZJGJP_c004_rview_f004860.jpg,1
20260722_055234_LZJGJP_c004_rview_f004890.jpg,1
20260722_055234_LZJGJP_c004_rview_f004920.jpg,1
20260722_055234_LZJGJP_c004_rview_f004950.jpg,1
20260722_055234_LZJGJP_c004_rview_f004980.jpg,1
20260722_055234_LZJGJP_c004_rview_f005010.jpg,1
20260722_055234_LZJGJP_c004_rview_f005040.jpg,1
20260722_055234_LZJGJP_c004_rview_f005070.jpg,1
20260722_055234_LZJGJP_c004_rview_f005100.jpg,1
20260722_055234_LZJGJP_c004_rview_f005130.jpg,1
20260722_055234_LZJGJP_c004_rview_f005160.jpg,1
20260722_055234_LZJGJP_c004_rview_f005190.jpg,1
20260722_055234_LZJGJP_c004_rview_f005220.jpg,1
20260722_055234_LZJGJP_c004_rview_f005250.jpg,1
20260722_055234_LZJGJP_c004_rview_f005280.jpg,1
20260722_055234_LZJGJP_c004_rview_f005310.jpg,1
20260722_055234_LZJGJP_c004_rview_f005340.jpg,1
20260722_055234_LZJGJP_c004_rview_f005370.jpg,1
20260722_055234_LZJGJP_c004_rview_f005400.jpg,1
20260722_055234_LZJGJP_c004_rview_f005430.jpg,1
20260722_055234_LZJGJP_c004_rview_f005460.jpg,1
20260722_055234_LZJGJP_c004_rview_f005490.jpg,1
20260722_055234_LZJGJP_c004_rview_f005520.jpg,1
20260722_055234_LZJGJP_c004_rview_f005550.jpg,1
20260722_055234_LZJGJP_c004_rview_f005580.jpg,1
20260722_055234_LZJGJP_c004_rview_f005610.jpg,1
20260722_055234_LZJGJP_c004_rview_f005640.jpg,1
20260722_055234_LZJGJP_c004_rview_f005670.jpg,1
20260722_055234_LZJGJP_c004_rview_f005700.jpg,1
20260722_055234_LZJGJP_c004_rview_f005730.jpg,1
20260722_055234_LZJGJP_c004_rview_f005760.jpg,1
20260722_055234_LZJGJP_c004_rview_f005790.jpg,1
20260722_055234_LZJGJP_c004_rview_f005820.jpg,1
20260722_055234_LZJGJP_c004_rview_f005850.jpg,1
20260722_055234_LZJGJP_c004_rview_f005880.jpg,1
20260722_055234_LZJGJP_c004_rview_f005910.jpg,1
20260722_055234_LZJGJP_c004_rview_f005940.jpg,1
20260722_055234_LZJGJP_c004_rview_f005970.jpg,1
20260722_055234_LZJGJP_c004_rview_f006000.jpg,1
20260722_055234_LZJGJP_c004_rview_f006030.jpg,1
20260722_055234_LZJGJP_c004_rview_f006060.jpg,1
20260722_055234_LZJGJP_c004_rview_f006090.jpg,1
20260722_055234_LZJGJP_c004_rview_f006120.jpg,1
20260722_055234_LZJGJP_c004_rview_f006150.jpg,1
20260722_055234_LZJGJP_c004_rview_f006180.jpg,1
20260722_055234_LZJGJP_c004_rview_f006210.jpg,1
20260722_055234_LZJGJP_c004_rview_f006240.jpg,1
20260722_055234_LZJGJP_c004_rview_f006270.jpg,1
20260722_055234_LZJGJP_c004_rview_f006300.jpg,1
20260722_055234_LZJGJP_c004_rview_f006330.jpg,1
20260722_055234_LZJGJP_c004_rview_f006360.jpg,1
20260722_055234_LZJGJP_c004_rview_f006390.jpg,1
20260722_055234_LZJGJP_c004_rview_f006420.jpg,1
20260722_055234_LZJGJP_c004_rview_f006450.jpg,1
20260722_055234_LZJGJP_c004_rview_f006480.jpg,1
20260722_055234_LZJGJP_c004_rview_f006510.jpg,1
20260722_055234_LZJGJP_c004_rview_f006540.jpg,1
20260722_055234_LZJGJP_c004_rview_f006570.jpg,1
20260722_055234_LZJGJP_c004_rview_f006600.jpg,1
20260722_055234_LZJGJP_c004_rview_f006630.jpg,1
20260722_055234_LZJGJP_c004_rview_f006660.jpg,1
20260722_055234_LZJGJP_c004_rview_f006690.jpg,1
20260722_055234_LZJGJP_c004_rview_f006720.jpg,1
20260722_055234_LZJGJP_c004_rview_f006750.jpg,1
20260722_055234_LZJGJP_c004_rview_f006780.jpg,1
20260722_055234_LZJGJP_c004_rview_f006810.jpg,1
20260722_055234_LZJGJP_c004_rview_f006840.jpg,1
20260722_055234_LZJGJP_c004_rview_f006870.jpg,1
20260722_055234_LZJGJP_c004_rview_f006900.jpg,1
20260722_055234_LZJGJP_c004_rview_f006930.jpg,1
20260722_055234_LZJGJP_c004_rview_f006960.jpg,1
20260722_055234_LZJGJP_c004_rview_f006990.jpg,1
20260722_055234_LZJGJP_c004_rview_f007020.jpg,1
20260722_055234_LZJGJP_c004_rview_f007050.jpg,1
20260722_055234_LZJGJP_c004_rview_f007080.jpg,1
20260722_055234_LZJGJP_c004_rview_f007110.jpg,1
20260722_055234_LZJGJP_c004_rview_f007140.jpg,1
20260722_055234_LZJGJP_c004_rview_f007170.jpg,1
20260722_055234_LZJGJP_c004_rview_f007200.jpg,1
20260722_055234_LZJGJP_c004_rview_f007230.jpg,1
20260722_055234_LZJGJP_c004_rview_f007260.jpg,1
20260722_055234_LZJGJP_c004_rview_f007290.jpg,1
20260722_055234_LZJGJP_c004_rview_f007320.jpg,1
20260722_055234_LZJGJP_c004_rview_f007350.jpg,1
20260722_055234_LZJGJP_c004_rview_f007380.jpg,1
20260722_055234_LZJGJP_c004_rview_f007410.jpg,1
20260722_055234_LZJGJP_c004_rview_f007440.jpg,1
20260722_055234_LZJGJP_c004_rview_f007470.jpg,1
20260722_055234_LZJGJP_c004_rview_f007500.jpg,1
20260722_055234_LZJGJP_c004_rview_f007530.jpg,1
20260722_055234_LZJGJP_c004_rview_f007560.jpg,1
20260722_055234_LZJGJP_c004_rview_f007590.jpg,1
20260722_055234_LZJGJP_c004_rview_f007620.jpg,1
20260722_055234_LZJGJP_c004_rview_f007650.jpg,1
20260722_055234_LZJGJP_c004_rview_f007680.jpg,1
20260722_055234_LZJGJP_c004_rview_f007710.jpg,1
20260722_055234_LZJGJP_c004_rview_f007740.jpg,1
20260722_055234_LZJGJP_c004_rview_f007770.jpg,1
20260722_055234_LZJGJP_c004_rview_f007800.jpg,1
20260722_055234_LZJGJP_c004_rview_f007830.jpg,1
20260722_055234_LZJGJP_c004_rview_f007860.jpg,1
20260722_055234_LZJGJP_c004_rview_f007890.jpg,1
20260722_055234_LZJGJP_c004_rview_f007920.jpg,1
20260722_055234_LZJGJP_c004_rview_f007950.jpg,1
20260722_055234_LZJGJP_c004_rview_f007980.jpg,1
20260722_055234_LZJGJP_c004_rview_f008010.jpg,1
20260722_055234_LZJGJP_c004_rview_f008040.jpg,1
20260722_055234_LZJGJP_c004_rview_f008070.jpg,1
20260722_055234_LZJGJP_c004_rview_f008100.jpg,1
20260722_055234_LZJGJP_c004_rview_f008130.jpg,1
20260722_055234_LZJGJP_c004_rview_f008160.jpg,1
20260722_055234_LZJGJP_c004_rview_f008190.jpg,1
20260722_055234_LZJGJP_c004_rview_f008220.jpg,1
20260722_055234_LZJGJP_c004_rview_f008250.jpg,1
20260722_055234_LZJGJP_c004_rview_f008280.jpg,1
20260722_055234_LZJGJP_c004_rview_f008310.jpg,1
20260722_055234_LZJGJP_c004_rview_f008340.jpg,1
20260722_055234_LZJGJP_c004_rview_f008370.jpg,1
20260722_055234_LZJGJP_c004_rview_f008400.jpg,1
20260722_055234_LZJGJP_c004_rview_f008430.jpg,1
20260722_055234_LZJGJP_c004_rview_f008460.jpg,1
20260722_055234_LZJGJP_c004_rview_f008490.jpg,1
20260722_055234_LZJGJP_c004_rview_f008520.jpg,1
20260722_055234_LZJGJP_c004_rview_f008550.jpg,1
20260722_055234_LZJGJP_c004_rview_f008580.jpg,1
20260722_055234_LZJGJP_c004_rview_f008610.jpg,1
20260722_055234_LZJGJP_c004_rview_f008640.jpg,1
20260722_055234_LZJGJP_c004_rview_f008670.jpg,1
20260722_055234_LZJGJP_c004_rview_f008700.jpg,1
20260722_055234_LZJGJP_c004_rview_f008730.jpg,1
20260722_055234_LZJGJP_c004_rview_f008760.jpg,1
20260722_055234_LZJGJP_c004_rview_f008790.jpg,1
20260722_055234_LZJGJP_c004_rview_f008820.jpg,1
20260722_055234_LZJGJP_c004_rview_f008850.jpg,1
20260722_055234_LZJGJP_c004_rview_f008880.jpg,1
20260722_055234_LZJGJP_c004_rview_f008910.jpg,1
20260722_055234_LZJGJP_c004_rview_f008940.jpg,1
20260722_055234_LZJGJP_c004_rview_f008970.jpg,1
20260722_055234_LZJGJP_c004_rview_f009000.jpg,1
20260722_055234_LZJGJP_c004_rview_f009030.jpg,1
20260722_055234_LZJGJP_c004_rview_f009060.jpg,1
20260722_055234_LZJGJP_c004_rview_f009090.jpg,1
20260722_055234_LZJGJP_c004_rview_f009120.jpg,1
20260722_055234_LZJGJP_c004_rview_f009150.jpg,1
20260722_055234_LZJGJP_c004_rview_f009180.jpg,1
20260722_055234_LZJGJP_c004_rview_f009210.jpg,1
20260722_055234_LZJGJP_c004_rview_f009240.jpg,1
20260722_055234_LZJGJP_c004_rview_f009270.jpg,1
20260722_055234_LZJGJP_c004_rview_f009300.jpg,1
20260722_055234_LZJGJP_c004_rview_f009330.jpg,1
20260722_055234_LZJGJP_c004_rview_f009360.jpg,1
20260722_055234_LZJGJP_c004_rview_f009390.jpg,1
20260722_055234_LZJGJP_c004_rview_f009420.jpg,1
20260722_055234_LZJGJP_c004_rview_f009450.jpg,1
20260722_055234_LZJGJP_c004_rview_f009480.jpg,1
20260722_055234_LZJGJP_c004_rview_f009510.jpg,1
20260722_055234_LZJGJP_c004_rview_f009540.jpg,1
20260722_055234_LZJGJP_c004_rview_f009570.jpg,1
20260722_055234_LZJGJP_c004_rview_f009600.jpg,1
20260722_055234_LZJGJP_c004_rview_f009630.jpg,1
20260722_055234_LZJGJP_c004_rview_f009660.jpg,1
20260722_055234_LZJGJP_c004_rview_f009690.jpg,1
20260722_055234_LZJGJP_c004_rview_f009720.jpg,1
20260722_055234_LZJGJP_c004_rview_f009750.jpg,1
20260722_055234_LZJGJP_c004_rview_f009780.jpg,1
20260722_055234_LZJGJP_c004_rview_f009810.jpg,1
20260722_055234_LZJGJP_c004_rview_f009840.jpg,1
20260722_055234_LZJGJP_c004_rview_f009870.jpg,1
20260722_055234_LZJGJP_c004_rview_f009900.jpg,1
20260722_055234_LZJGJP_c004_rview_f009930.jpg,1
20260722_055234_LZJGJP_c004_rview_f009960.jpg,1
20260722_055234_LZJGJP_c004_rview_f009990.jpg,1
20260722_055234_LZJGJP_c004_rview_f010020.jpg,1
20260722_055234_LZJGJP_c004_rview_f010050.jpg,1
20260722_055234_LZJGJP_c004_rview_f010080.jpg,1
20260722_055234_LZJGJP_c004_rview_f010110.jpg,1
20260722_055234_LZJGJP_c004_rview_f010140.jpg,1
20260722_055234_LZJGJP_c004_rview_f010170.jpg,1
20260722_055234_LZJGJP_c004_rview_f010200.jpg,1
20260722_055234_LZJGJP_c004_rview_f010230.jpg,1
20260722_055234_LZJGJP_c004_rview_f010260.jpg,1
20260722_055234_LZJGJP_c004_rview_f010290.jpg,1
20260722_055234_LZJGJP_c004_rview_f010320.jpg,1
20260722_055234_LZJGJP_c004_rview_f010350.jpg,1
20260722_055234_LZJGJP_c004_rview_f010380.jpg,1
20260722_055234_LZJGJP_c004_rview_f010410.jpg,1
20260722_055234_LZJGJP_c004_rview_f010440.jpg,1
20260722_055234_LZJGJP_c004_rview_f010470.jpg,1
20260722_055234_LZJGJP_c004_rview_f010500.jpg,1
20260722_055234_LZJGJP_c004_rview_f010530.jpg,1
20260722_055234_LZJGJP_c004_rview_f010560.jpg,1
20260722_055234_LZJGJP_c004_rview_f010590.jpg,1
20260722_055234_LZJGJP_c004_rview_f010620.jpg,1
20260722_055234_LZJGJP_c004_rview_f010650.jpg,1
20260722_055234_LZJGJP_c004_rview_f010680.jpg,1
20260722_055234_LZJGJP_c004_rview_f010710.jpg,1
20260722_055234_LZJGJP_c004_rview_f010740.jpg,1
20260722_055234_LZJGJP_c004_rview_f010770.jpg,1
20260723_073355_UCGZEA_c000_lview_f000030.jpg,1
20260723_073355_UCGZEA_c000_lview_f000090.jpg,1
20260723_073355_UCGZEA_c000_lview_f000120.jpg,1
20260723_073355_UCGZEA_c000_lview_f000150.jpg,1
20260723_073355_UCGZEA_c000_lview_f000180.jpg,1
20260723_073355_UCGZEA_c000_lview_f000210.jpg,1
20260723_073355_UCGZEA_c000_lview_f000240.jpg,1
20260723_073355_UCGZEA_c000_lview_f000270.jpg,1
20260723_073355_UCGZEA_c000_lview_f000300.jpg,1
20260723_073355_UCGZEA_c000_lview_f000330.jpg,1
20260723_073355_UCGZEA_c000_lview_f000360.jpg,1
20260723_073355_UCGZEA_c000_lview_f000390.jpg,1
20260723_073355_UCGZEA_c000_lview_f000420.jpg,1
20260723_073355_UCGZEA_c000_lview_f000450.jpg,1
20260723_073355_UCGZEA_c000_lview_f000480.jpg,1
20260723_073355_UCGZEA_c000_lview_f000510.jpg,1
20260723_073355_UCGZEA_c000_lview_f000540.jpg,1
20260723_073355_UCGZEA_c000_lview_f000570.jpg,1
20260723_073355_UCGZEA_c000_lview_f000600.jpg,1
20260723_073355_UCGZEA_c000_lview_f000630.jpg,1
20260723_073355_UCGZEA_c000_lview_f000660.jpg,1
20260723_073355_UCGZEA_c000_lview_f000690.jpg,1
20260723_073355_UCGZEA_c000_lview_f000720.jpg,1
20260723_073355_UCGZEA_c000_lview_f000750.jpg,1
20260723_073355_UCGZEA_c000_lview_f000780.jpg,1
20260723_073355_UCGZEA_c000_lview_f000810.jpg,1
20260723_073355_UCGZEA_c000_lview_f000840.jpg,1
20260723_073355_UCGZEA_c000_lview_f000870.jpg,1
20260723_073355_UCGZEA_c000_lview_f000900.jpg,1
20260723_073355_UCGZEA_c000_lview_f000930.jpg,1
20260723_073355_UCGZEA_c000_lview_f000960.jpg,1
20260723_073355_UCGZEA_c000_lview_f000990.jpg,1
20260723_073355_UCGZEA_c000_lview_f001020.jpg,1
20260723_073355_UCGZEA_c000_lview_f001050.jpg,1
20260723_073355_UCGZEA_c000_lview_f001080.jpg,1
20260723_073355_UCGZEA_c000_lview_f001110.jpg,1
20260723_073355_UCGZEA_c000_lview_f001170.jpg,1
20260723_073355_UCGZEA_c000_lview_f001200.jpg,1
20260723_073355_UCGZEA_c000_lview_f001230.jpg,1
20260723_073355_UCGZEA_c000_lview_f001260.jpg,1
20260723_073355_UCGZEA_c000_lview_f001290.jpg,1
20260723_073355_UCGZEA_c000_lview_f001320.jpg,1
20260723_073355_UCGZEA_c000_lview_f001380.jpg,1
20260723_073355_UCGZEA_c000_lview_f001590.jpg,1
20260723_073355_UCGZEA_c000_lview_f001680.jpg,1
20260723_073355_UCGZEA_c000_lview_f001710.jpg,1
20260723_073355_UCGZEA_c000_lview_f001740.jpg,1
20260723_073355_UCGZEA_c000_lview_f001770.jpg,1
20260723_073355_UCGZEA_c000_lview_f001800.jpg,1
20260723_073355_UCGZEA_c000_lview_f001830.jpg,1
20260723_073355_UCGZEA_c000_lview_f001860.jpg,1
20260723_073355_UCGZEA_c000_lview_f001890.jpg,1
20260723_073355_UCGZEA_c000_lview_f001920.jpg,1
20260723_073355_UCGZEA_c000_lview_f001950.jpg,1
20260723_073355_UCGZEA_c000_lview_f002100.jpg,1
20260723_073355_UCGZEA_c000_lview_f002310.jpg,1
20260723_073355_UCGZEA_c000_lview_f002520.jpg,1
20260723_073355_UCGZEA_c000_lview_f002730.jpg,1
20260723_073355_UCGZEA_c000_lview_f002940.jpg,1
20260723_073355_UCGZEA_c000_lview_f003150.jpg,1
20260723_073355_UCGZEA_c000_lview_f003180.jpg,1
20260723_073355_UCGZEA_c000_lview_f003210.jpg,1
20260723_073355_UCGZEA_c000_lview_f003240.jpg,1
20260723_073355_UCGZEA_c000_lview_f003270.jpg,1
20260723_073355_UCGZEA_c000_lview_f003300.jpg,1
20260723_073355_UCGZEA_c000_lview_f003510.jpg,1
20260723_073355_UCGZEA_c000_lview_f003540.jpg,1
20260723_073355_UCGZEA_c000_lview_f003570.jpg,1
20260723_073355_UCGZEA_c000_lview_f003600.jpg,1
20260723_073355_UCGZEA_c000_lview_f003690.jpg,1
20260723_073355_UCGZEA_c000_lview_f003720.jpg,1
20260723_073355_UCGZEA_c000_lview_f003750.jpg,1
20260723_073355_UCGZEA_c000_lview_f003780.jpg,1
20260723_073355_UCGZEA_c000_lview_f003810.jpg,1
20260723_073355_UCGZEA_c000_lview_f003840.jpg,1
20260723_073355_UCGZEA_c000_lview_f003870.jpg,1
20260723_073355_UCGZEA_c000_lview_f003900.jpg,1
20260723_073355_UCGZEA_c000_lview_f003930.jpg,1
20260723_073355_UCGZEA_c000_lview_f003960.jpg,1
20260723_073355_UCGZEA_c000_lview_f003990.jpg,1
20260723_073355_UCGZEA_c000_lview_f004020.jpg,1
20260723_073355_UCGZEA_c000_lview_f004050.jpg,1
20260723_073355_UCGZEA_c000_lview_f004080.jpg,1
20260723_073355_UCGZEA_c000_lview_f004110.jpg,1
20260723_073355_UCGZEA_c000_lview_f004140.jpg,1
20260723_073355_UCGZEA_c000_lview_f004170.jpg,1
20260723_073355_UCGZEA_c000_lview_f004200.jpg,1
20260723_073355_UCGZEA_c000_lview_f004230.jpg,1
20260723_073355_UCGZEA_c000_lview_f004260.jpg,1
20260723_073355_UCGZEA_c000_lview_f004290.jpg,1
20260723_073355_UCGZEA_c000_lview_f004320.jpg,1
20260723_073355_UCGZEA_c000_lview_f004350.jpg,1
20260723_073355_UCGZEA_c000_lview_f004380.jpg,1
20260723_073355_UCGZEA_c000_lview_f004410.jpg,1
20260723_073355_UCGZEA_c000_lview_f004440.jpg,1
20260723_073355_UCGZEA_c000_lview_f004470.jpg,1
20260723_073355_UCGZEA_c000_lview_f004500.jpg,1
20260723_073355_UCGZEA_c000_lview_f004530.jpg,1
20260723_073355_UCGZEA_c000_lview_f004560.jpg,1
20260723_073355_UCGZEA_c000_lview_f004590.jpg,1
20260723_073355_UCGZEA_c000_lview_f004620.jpg,1
20260723_073355_UCGZEA_c000_lview_f004650.jpg,1
20260723_073355_UCGZEA_c000_lview_f004770.jpg,1
20260723_073355_UCGZEA_c000_lview_f004890.jpg,1
20260723_073355_UCGZEA_c000_lview_f005100.jpg,1
20260723_073355_UCGZEA_c000_lview_f005190.jpg,1
20260723_073355_UCGZEA_c000_lview_f005220.jpg,1
20260723_073355_UCGZEA_c000_lview_f005280.jpg,1
20260723_073355_UCGZEA_c000_lview_f005310.jpg,1
20260723_073355_UCGZEA_c000_lview_f005340.jpg,1
20260723_073355_UCGZEA_c000_lview_f005370.jpg,1
20260723_073355_UCGZEA_c000_lview_f005400.jpg,1
20260723_073355_UCGZEA_c000_lview_f005430.jpg,1
20260723_073355_UCGZEA_c000_lview_f005460.jpg,1
20260723_073355_UCGZEA_c000_lview_f005490.jpg,1
20260723_073355_UCGZEA_c000_lview_f005520.jpg,1
20260723_073355_UCGZEA_c000_lview_f005550.jpg,1
20260723_073355_UCGZEA_c000_lview_f005640.jpg,1
20260723_073355_UCGZEA_c000_lview_f005670.jpg,1
20260723_073355_UCGZEA_c000_lview_f005700.jpg,1
20260723_073355_UCGZEA_c000_lview_f005730.jpg,1
20260723_073355_UCGZEA_c000_lview_f005760.jpg,1
20260723_073355_UCGZEA_c000_lview_f005790.jpg,1
20260723_073355_UCGZEA_c000_lview_f005820.jpg,1
20260723_073355_UCGZEA_c000_lview_f005970.jpg,1
20260723_073355_UCGZEA_c000_lview_f006030.jpg,1
20260723_073355_UCGZEA_c000_lview_f006060.jpg,1
20260723_073355_UCGZEA_c000_lview_f006090.jpg,1
20260723_073355_UCGZEA_c000_lview_f006120.jpg,1
20260723_073355_UCGZEA_c000_lview_f006150.jpg,1
20260723_073355_UCGZEA_c000_lview_f006180.jpg,1
20260723_073355_UCGZEA_c000_lview_f006210.jpg,1
20260723_073355_UCGZEA_c000_lview_f006240.jpg,1
20260723_073355_UCGZEA_c000_lview_f006270.jpg,1
20260723_073355_UCGZEA_c000_lview_f006300.jpg,1
20260723_073355_UCGZEA_c000_lview_f006330.jpg,1
20260723_073355_UCGZEA_c000_lview_f006510.jpg,1
20260723_073355_UCGZEA_c000_lview_f006720.jpg,1
20260723_073355_UCGZEA_c000_lview_f006750.jpg,1
20260723_073355_UCGZEA_c000_lview_f006930.jpg,1
20260723_073355_UCGZEA_c000_lview_f006960.jpg,1
20260723_073355_UCGZEA_c000_lview_f006990.jpg,1
20260723_073355_UCGZEA_c000_lview_f007020.jpg,1
20260723_073355_UCGZEA_c000_lview_f007080.jpg,1
20260723_073355_UCGZEA_c000_lview_f007110.jpg,1
20260723_073355_UCGZEA_c000_lview_f007140.jpg,1
20260723_073355_UCGZEA_c000_lview_f007170.jpg,1
20260723_073355_UCGZEA_c000_lview_f007200.jpg,1
20260723_073355_UCGZEA_c000_lview_f007230.jpg,1
20260723_073355_UCGZEA_c000_lview_f007260.jpg,1
20260723_073355_UCGZEA_c000_lview_f007290.jpg,1
20260723_073355_UCGZEA_c000_lview_f007320.jpg,1
20260723_073355_UCGZEA_c000_lview_f007350.jpg,1
20260723_073355_UCGZEA_c000_lview_f007380.jpg,1
20260723_073355_UCGZEA_c000_lview_f007410.jpg,1
20260723_073355_UCGZEA_c000_lview_f007440.jpg,1
20260723_073355_UCGZEA_c000_lview_f007470.jpg,1
20260723_073355_UCGZEA_c000_lview_f007500.jpg,1
20260723_073355_UCGZEA_c000_lview_f007560.jpg,1
20260723_073355_UCGZEA_c000_lview_f007590.jpg,1
20260723_073355_UCGZEA_c000_lview_f007620.jpg,1
20260723_073355_UCGZEA_c000_lview_f007650.jpg,1
20260723_073355_UCGZEA_c000_lview_f007680.jpg,1
20260723_073355_UCGZEA_c000_lview_f007710.jpg,1
20260723_073355_UCGZEA_c000_lview_f007740.jpg,1
20260723_073355_UCGZEA_c000_lview_f007770.jpg,1
20260723_073355_UCGZEA_c000_lview_f007800.jpg,1
20260723_073355_UCGZEA_c000_lview_f007830.jpg,1
20260723_073355_UCGZEA_c000_lview_f007860.jpg,1
20260723_073355_UCGZEA_c000_lview_f007890.jpg,1
20260723_073355_UCGZEA_c000_lview_f007920.jpg,1
20260723_073355_UCGZEA_c000_lview_f007950.jpg,1
20260723_073355_UCGZEA_c000_lview_f007980.jpg,1
20260723_073355_UCGZEA_c000_lview_f008010.jpg,1
20260723_073355_UCGZEA_c000_lview_f008040.jpg,1
20260723_073355_UCGZEA_c000_lview_f008250.jpg,1
20260723_073355_UCGZEA_c000_lview_f008460.jpg,1
20260723_073355_UCGZEA_c000_lview_f008670.jpg,1
20260723_073355_UCGZEA_c000_lview_f008790.jpg,1
20260723_073355_UCGZEA_c000_lview_f008820.jpg,1
20260723_073355_UCGZEA_c000_lview_f008850.jpg,1
20260723_073355_UCGZEA_c000_lview_f008910.jpg,1
20260723_073355_UCGZEA_c000_lview_f008940.jpg,1
20260723_073355_UCGZEA_c000_lview_f009060.jpg,1
20260723_073355_UCGZEA_c000_lview_f009150.jpg,1
20260723_073355_UCGZEA_c000_lview_f009360.jpg,1
20260723_073355_UCGZEA_c000_lview_f009570.jpg,1
20260723_073355_UCGZEA_c000_lview_f009780.jpg,1
20260723_073355_UCGZEA_c000_lview_f009900.jpg,1
20260723_073355_UCGZEA_c000_lview_f009930.jpg,1
20260723_073355_UCGZEA_c000_lview_f009960.jpg,1
20260723_073355_UCGZEA_c000_lview_f009990.jpg,1
20260723_073355_UCGZEA_c000_lview_f010020.jpg,1
20260723_073355_UCGZEA_c000_lview_f010080.jpg,1
20260723_073355_UCGZEA_c000_lview_f010170.jpg,1
20260723_073355_UCGZEA_c000_lview_f010200.jpg,1
20260723_073355_UCGZEA_c000_lview_f010410.jpg,1
20260723_073355_UCGZEA_c000_rview_f000090.jpg,1
20260723_073355_UCGZEA_c000_rview_f000120.jpg,1
20260723_073355_UCGZEA_c000_rview_f000150.jpg,1
20260723_073355_UCGZEA_c000_rview_f000180.jpg,1
20260723_073355_UCGZEA_c000_rview_f000210.jpg,1
20260723_073355_UCGZEA_c000_rview_f000240.jpg,1
20260723_073355_UCGZEA_c000_rview_f000270.jpg,1
20260723_073355_UCGZEA_c000_rview_f000300.jpg,1
20260723_073355_UCGZEA_c000_rview_f000330.jpg,1
20260723_073355_UCGZEA_c000_rview_f000360.jpg,1
20260723_073355_UCGZEA_c000_rview_f000390.jpg,1
20260723_073355_UCGZEA_c000_rview_f000420.jpg,1
20260723_073355_UCGZEA_c000_rview_f000450.jpg,1
20260723_073355_UCGZEA_c000_rview_f000480.jpg,1
20260723_073355_UCGZEA_c000_rview_f000510.jpg,1
20260723_073355_UCGZEA_c000_rview_f000540.jpg,1
20260723_073355_UCGZEA_c000_rview_f000570.jpg,1
20260723_073355_UCGZEA_c000_rview_f000600.jpg,1
20260723_073355_UCGZEA_c000_rview_f000630.jpg,1
20260723_073355_UCGZEA_c000_rview_f000660.jpg,1
20260723_073355_UCGZEA_c000_rview_f000690.jpg,1
20260723_073355_UCGZEA_c000_rview_f000720.jpg,1
20260723_073355_UCGZEA_c000_rview_f000750.jpg,1
20260723_073355_UCGZEA_c000_rview_f000780.jpg,1
20260723_073355_UCGZEA_c000_rview_f000810.jpg,1
20260723_073355_UCGZEA_c000_rview_f000840.jpg,1
20260723_073355_UCGZEA_c000_rview_f000870.jpg,1
20260723_073355_UCGZEA_c000_rview_f000900.jpg,1
20260723_073355_UCGZEA_c000_rview_f000930.jpg,1
20260723_073355_UCGZEA_c000_rview_f000960.jpg,1
20260723_073355_UCGZEA_c000_rview_f000990.jpg,1
20260723_073355_UCGZEA_c000_rview_f001020.jpg,1
20260723_073355_UCGZEA_c000_rview_f001050.jpg,1
20260723_073355_UCGZEA_c000_rview_f001080.jpg,1
20260723_073355_UCGZEA_c000_rview_f001110.jpg,1
20260723_073355_UCGZEA_c000_rview_f001140.jpg,1
20260723_073355_UCGZEA_c000_rview_f001170.jpg,1
20260723_073355_UCGZEA_c000_rview_f001200.jpg,1
20260723_073355_UCGZEA_c000_rview_f001230.jpg,1
20260723_073355_UCGZEA_c000_rview_f001260.jpg,1
20260723_073355_UCGZEA_c000_rview_f001290.jpg,1
20260723_073355_UCGZEA_c000_rview_f001320.jpg,1
20260723_073355_UCGZEA_c000_rview_f001470.jpg,1
20260723_073355_UCGZEA_c000_rview_f001650.jpg,1
20260723_073355_UCGZEA_c000_rview_f001680.jpg,1
20260723_073355_UCGZEA_c000_rview_f001710.jpg,1
20260723_073355_UCGZEA_c000_rview_f001740.jpg,1
20260723_073355_UCGZEA_c000_rview_f001770.jpg,1
20260723_073355_UCGZEA_c000_rview_f001800.jpg,1
20260723_073355_UCGZEA_c000_rview_f001830.jpg,1
20260723_073355_UCGZEA_c000_rview_f001860.jpg,1
20260723_073355_UCGZEA_c000_rview_f001890.jpg,1
20260723_073355_UCGZEA_c000_rview_f001920.jpg,1
20260723_073355_UCGZEA_c000_rview_f001980.jpg,1
20260723_073355_UCGZEA_c000_rview_f002190.jpg,1
20260723_073355_UCGZEA_c000_rview_f002400.jpg,1
20260723_073355_UCGZEA_c000_rview_f002610.jpg,1
20260723_073355_UCGZEA_c000_rview_f002820.jpg,1
20260723_073355_UCGZEA_c000_rview_f003030.jpg,1
20260723_073355_UCGZEA_c000_rview_f003180.jpg,1
20260723_073355_UCGZEA_c000_rview_f003240.jpg,1
20260723_073355_UCGZEA_c000_rview_f003270.jpg,1
20260723_073355_UCGZEA_c000_rview_f003300.jpg,1
20260723_073355_UCGZEA_c000_rview_f003330.jpg,1
20260723_073355_UCGZEA_c000_rview_f003390.jpg,1
20260723_073355_UCGZEA_c000_rview_f003540.jpg,1
20260723_073355_UCGZEA_c000_rview_f003570.jpg,1
20260723_073355_UCGZEA_c000_rview_f003600.jpg,1
20260723_073355_UCGZEA_c000_rview_f003690.jpg,1
20260723_073355_UCGZEA_c000_rview_f003720.jpg,1
20260723_073355_UCGZEA_c000_rview_f003750.jpg,1
20260723_073355_UCGZEA_c000_rview_f003780.jpg,1
20260723_073355_UCGZEA_c000_rview_f003810.jpg,1
20260723_073355_UCGZEA_c000_rview_f003840.jpg,1
20260723_073355_UCGZEA_c000_rview_f003900.jpg,1
20260723_073355_UCGZEA_c000_rview_f003930.jpg,1
20260723_073355_UCGZEA_c000_rview_f003960.jpg,1
20260723_073355_UCGZEA_c000_rview_f003990.jpg,1
20260723_073355_UCGZEA_c000_rview_f004020.jpg,1
20260723_073355_UCGZEA_c000_rview_f004050.jpg,1
20260723_073355_UCGZEA_c000_rview_f004080.jpg,1
20260723_073355_UCGZEA_c000_rview_f004110.jpg,1
20260723_073355_UCGZEA_c000_rview_f004140.jpg,1
20260723_073355_UCGZEA_c000_rview_f004170.jpg,1
20260723_073355_UCGZEA_c000_rview_f004200.jpg,1
20260723_073355_UCGZEA_c000_rview_f004230.jpg,1
20260723_073355_UCGZEA_c000_rview_f004260.jpg,1
20260723_073355_UCGZEA_c000_rview_f004290.jpg,1
20260723_073355_UCGZEA_c000_rview_f004320.jpg,1
20260723_073355_UCGZEA_c000_rview_f004350.jpg,1
20260723_073355_UCGZEA_c000_rview_f004380.jpg,1
20260723_073355_UCGZEA_c000_rview_f004410.jpg,1
20260723_073355_UCGZEA_c000_rview_f004440.jpg,1
20260723_073355_UCGZEA_c000_rview_f004470.jpg,1
20260723_073355_UCGZEA_c000_rview_f004500.jpg,1
20260723_073355_UCGZEA_c000_rview_f004530.jpg,1
20260723_073355_UCGZEA_c000_rview_f004560.jpg,1
20260723_073355_UCGZEA_c000_rview_f004590.jpg,1
20260723_073355_UCGZEA_c000_rview_f004620.jpg,1
20260723_073355_UCGZEA_c000_rview_f004650.jpg,1
20260723_073355_UCGZEA_c000_rview_f004800.jpg,1
20260723_073355_UCGZEA_c000_rview_f004980.jpg,1
20260723_073355_UCGZEA_c000_rview_f005100.jpg,1
20260723_073355_UCGZEA_c000_rview_f005190.jpg,1
20260723_073355_UCGZEA_c000_rview_f005250.jpg,1
20260723_073355_UCGZEA_c000_rview_f005280.jpg,1
20260723_073355_UCGZEA_c000_rview_f005310.jpg,1
20260723_073355_UCGZEA_c000_rview_f005340.jpg,1
20260723_073355_UCGZEA_c000_rview_f005370.jpg,1
20260723_073355_UCGZEA_c000_rview_f005400.jpg,1
20260723_073355_UCGZEA_c000_rview_f005430.jpg,1
20260723_073355_UCGZEA_c000_rview_f005460.jpg,1
20260723_073355_UCGZEA_c000_rview_f005490.jpg,1
20260723_073355_UCGZEA_c000_rview_f005520.jpg,1
20260723_073355_UCGZEA_c000_rview_f005640.jpg,1
20260723_073355_UCGZEA_c000_rview_f005670.jpg,1
20260723_073355_UCGZEA_c000_rview_f005700.jpg,1
20260723_073355_UCGZEA_c000_rview_f005730.jpg,1
20260723_073355_UCGZEA_c000_rview_f005760.jpg,1
20260723_073355_UCGZEA_c000_rview_f005790.jpg,1
20260723_073355_UCGZEA_c000_rview_f005820.jpg,1
20260723_073355_UCGZEA_c000_rview_f005850.jpg,1
20260723_073355_UCGZEA_c000_rview_f006030.jpg,1
20260723_073355_UCGZEA_c000_rview_f006060.jpg,1
20260723_073355_UCGZEA_c000_rview_f006090.jpg,1
20260723_073355_UCGZEA_c000_rview_f006120.jpg,1
20260723_073355_UCGZEA_c000_rview_f006150.jpg,1
20260723_073355_UCGZEA_c000_rview_f006180.jpg,1
20260723_073355_UCGZEA_c000_rview_f006210.jpg,1
20260723_073355_UCGZEA_c000_rview_f006240.jpg,1
20260723_073355_UCGZEA_c000_rview_f006270.jpg,1
20260723_073355_UCGZEA_c000_rview_f006300.jpg,1
20260723_073355_UCGZEA_c000_rview_f006330.jpg,1
20260723_073355_UCGZEA_c000_rview_f006390.jpg,1
20260723_073355_UCGZEA_c000_rview_f006600.jpg,1
20260723_073355_UCGZEA_c000_rview_f006750.jpg,1
20260723_073355_UCGZEA_c000_rview_f006840.jpg,1
20260723_073355_UCGZEA_c000_rview_f006870.jpg,1
20260723_073355_UCGZEA_c000_rview_f006900.jpg,1
20260723_073355_UCGZEA_c000_rview_f006930.jpg,1
20260723_073355_UCGZEA_c000_rview_f006960.jpg,1
20260723_073355_UCGZEA_c000_rview_f006990.jpg,1
20260723_073355_UCGZEA_c000_rview_f007020.jpg,1
20260723_073355_UCGZEA_c000_rview_f007080.jpg,1
20260723_073355_UCGZEA_c000_rview_f007110.jpg,1
20260723_073355_UCGZEA_c000_rview_f007140.jpg,1
20260723_073355_UCGZEA_c000_rview_f007170.jpg,1
20260723_073355_UCGZEA_c000_rview_f007200.jpg,1
20260723_073355_UCGZEA_c000_rview_f007230.jpg,1
20260723_073355_UCGZEA_c000_rview_f007260.jpg,1
20260723_073355_UCGZEA_c000_rview_f007290.jpg,1
20260723_073355_UCGZEA_c000_rview_f007320.jpg,1
20260723_073355_UCGZEA_c000_rview_f007350.jpg,1
20260723_073355_UCGZEA_c000_rview_f007380.jpg,1
20260723_073355_UCGZEA_c000_rview_f007410.jpg,1
20260723_073355_UCGZEA_c000_rview_f007440.jpg,1
20260723_073355_UCGZEA_c000_rview_f007470.jpg,1
20260723_073355_UCGZEA_c000_rview_f007500.jpg,1
20260723_073355_UCGZEA_c000_rview_f007560.jpg,1
20260723_073355_UCGZEA_c000_rview_f007590.jpg,1
20260723_073355_UCGZEA_c000_rview_f007620.jpg,1
20260723_073355_UCGZEA_c000_rview_f007650.jpg,1
20260723_073355_UCGZEA_c000_rview_f007680.jpg,1
20260723_073355_UCGZEA_c000_rview_f007710.jpg,1
20260723_073355_UCGZEA_c000_rview_f007740.jpg,1
20260723_073355_UCGZEA_c000_rview_f007770.jpg,1
20260723_073355_UCGZEA_c000_rview_f007800.jpg,1
20260723_073355_UCGZEA_c000_rview_f007830.jpg,1
20260723_073355_UCGZEA_c000_rview_f007860.jpg,1
20260723_073355_UCGZEA_c000_rview_f007890.jpg,1
20260723_073355_UCGZEA_c000_rview_f007920.jpg,1
20260723_073355_UCGZEA_c000_rview_f007950.jpg,1
20260723_073355_UCGZEA_c000_rview_f007980.jpg,1
20260723_073355_UCGZEA_c000_rview_f008010.jpg,1
20260723_073355_UCGZEA_c000_rview_f008130.jpg,1
20260723_073355_UCGZEA_c000_rview_f008340.jpg,1
20260723_073355_UCGZEA_c000_rview_f008550.jpg,1
20260723_073355_UCGZEA_c000_rview_f008760.jpg,1
20260723_073355_UCGZEA_c000_rview_f008850.jpg,1
20260723_073355_UCGZEA_c000_rview_f008880.jpg,1
20260723_073355_UCGZEA_c000_rview_f008910.jpg,1
20260723_073355_UCGZEA_c000_rview_f008940.jpg,1
20260723_073355_UCGZEA_c000_rview_f009000.jpg,1
20260723_073355_UCGZEA_c000_rview_f009060.jpg,1
20260723_073355_UCGZEA_c000_rview_f009240.jpg,1
20260723_073355_UCGZEA_c000_rview_f009450.jpg,1
20260723_073355_UCGZEA_c000_rview_f009660.jpg,1
20260723_073355_UCGZEA_c000_rview_f009870.jpg,1
20260723_073355_UCGZEA_c000_rview_f009900.jpg,1
20260723_073355_UCGZEA_c000_rview_f009930.jpg,1
20260723_073355_UCGZEA_c000_rview_f009960.jpg,1
20260723_073355_UCGZEA_c000_rview_f009990.jpg,1
20260723_073355_UCGZEA_c000_rview_f010020.jpg,1
20260723_073355_UCGZEA_c000_rview_f010080.jpg,1
20260723_073355_UCGZEA_c000_rview_f010110.jpg,1
20260723_073355_UCGZEA_c000_rview_f010290.jpg,1
20260723_073355_UCGZEA_c000_rview_f010500.jpg,1
20260724_024551_YQCCLB_c000_lview_f000630.jpg,1
20260724_024551_YQCCLB_c000_lview_f004380.jpg,1
20260724_024551_YQCCLB_c000_lview_f006240.jpg,1
20260724_024551_YQCCLB_c000_rview_f000600.jpg,1
20260724_024551_YQCCLB_c000_rview_f000630.jpg,1
20260724_024551_YQCCLB_c000_rview_f004380.jpg,1
20260724_025912_LYCKFT_c000_lview_f000000.jpg,1
20260724_025912_LYCKFT_c000_lview_f000030.jpg,1
20260724_025912_LYCKFT_c000_lview_f000060.jpg,1
20260724_025912_LYCKFT_c000_lview_f000090.jpg,1
20260724_025912_LYCKFT_c000_lview_f000120.jpg,1
20260724_025912_LYCKFT_c000_lview_f000150.jpg,1
20260724_025912_LYCKFT_c000_lview_f000180.jpg,1
20260724_025912_LYCKFT_c000_lview_f000210.jpg,1
20260724_025912_LYCKFT_c000_lview_f000240.jpg,1
20260724_025912_LYCKFT_c000_lview_f000270.jpg,1
20260724_025912_LYCKFT_c000_lview_f000300.jpg,1
20260724_025912_LYCKFT_c000_lview_f000330.jpg,1
20260724_025912_LYCKFT_c000_lview_f000360.jpg,1
20260724_025912_LYCKFT_c000_lview_f000390.jpg,1
20260724_025912_LYCKFT_c000_lview_f000420.jpg,1
20260724_025912_LYCKFT_c000_lview_f000450.jpg,1
20260724_025912_LYCKFT_c000_lview_f000480.jpg,1
20260724_025912_LYCKFT_c000_lview_f000510.jpg,1
20260724_025912_LYCKFT_c000_lview_f000540.jpg,1
20260724_025912_LYCKFT_c000_lview_f000570.jpg,1
20260724_025912_LYCKFT_c000_lview_f000600.jpg,1
20260724_025912_LYCKFT_c000_lview_f000630.jpg,1
20260724_025912_LYCKFT_c000_lview_f000660.jpg,1
20260724_025912_LYCKFT_c000_lview_f000690.jpg,1
20260724_025912_LYCKFT_c000_lview_f000720.jpg,1
20260724_025912_LYCKFT_c000_lview_f000750.jpg,1
20260724_025912_LYCKFT_c000_lview_f000780.jpg,1
20260724_025912_LYCKFT_c000_lview_f000810.jpg,1
20260724_025912_LYCKFT_c000_lview_f000840.jpg,1
20260724_025912_LYCKFT_c000_lview_f000870.jpg,1
20260724_025912_LYCKFT_c000_lview_f000900.jpg,1
20260724_025912_LYCKFT_c000_lview_f000930.jpg,1
20260724_025912_LYCKFT_c000_lview_f000960.jpg,1
20260724_025912_LYCKFT_c000_lview_f000990.jpg,1
20260724_025912_LYCKFT_c000_lview_f001020.jpg,1
20260724_025912_LYCKFT_c000_lview_f001050.jpg,1
20260724_025912_LYCKFT_c000_lview_f001080.jpg,1
20260724_025912_LYCKFT_c000_lview_f001110.jpg,1
20260724_025912_LYCKFT_c000_lview_f001140.jpg,1
20260724_025912_LYCKFT_c000_lview_f001170.jpg,1
20260724_025912_LYCKFT_c000_lview_f001200.jpg,1
20260724_025912_LYCKFT_c000_lview_f001230.jpg,1
20260724_025912_LYCKFT_c000_lview_f001260.jpg,1
20260724_025912_LYCKFT_c000_lview_f001290.jpg,1
20260724_025912_LYCKFT_c000_lview_f001320.jpg,1
20260724_025912_LYCKFT_c000_lview_f001350.jpg,1
20260724_025912_LYCKFT_c000_lview_f001380.jpg,1
20260724_025912_LYCKFT_c000_lview_f001410.jpg,1
20260724_025912_LYCKFT_c000_lview_f001440.jpg,1
20260724_025912_LYCKFT_c000_lview_f001470.jpg,1
20260724_025912_LYCKFT_c000_lview_f001500.jpg,1
20260724_025912_LYCKFT_c000_lview_f001530.jpg,1
20260724_025912_LYCKFT_c000_lview_f001560.jpg,1
20260724_025912_LYCKFT_c000_lview_f001590.jpg,1
20260724_025912_LYCKFT_c000_lview_f001620.jpg,1
20260724_025912_LYCKFT_c000_lview_f001650.jpg,1
20260724_025912_LYCKFT_c000_lview_f001680.jpg,1
20260724_025912_LYCKFT_c000_lview_f001710.jpg,1
20260724_025912_LYCKFT_c000_lview_f001740.jpg,1
20260724_025912_LYCKFT_c000_lview_f001770.jpg,1
20260724_025912_LYCKFT_c000_lview_f001800.jpg,1
20260724_025912_LYCKFT_c000_lview_f001830.jpg,1
20260724_025912_LYCKFT_c000_lview_f001860.jpg,1
20260724_025912_LYCKFT_c000_lview_f001890.jpg,1
20260724_025912_LYCKFT_c000_lview_f001920.jpg,1
20260724_025912_LYCKFT_c000_lview_f001950.jpg,1
20260724_025912_LYCKFT_c000_lview_f001980.jpg,1
20260724_025912_LYCKFT_c000_lview_f002010.jpg,1
20260724_025912_LYCKFT_c000_lview_f002040.jpg,1
20260724_025912_LYCKFT_c000_lview_f002070.jpg,1
20260724_025912_LYCKFT_c000_lview_f002100.jpg,1
20260724_025912_LYCKFT_c000_lview_f002130.jpg,1
20260724_025912_LYCKFT_c000_lview_f002160.jpg,1
20260724_025912_LYCKFT_c000_lview_f002190.jpg,1
20260724_025912_LYCKFT_c000_lview_f002220.jpg,1
20260724_025912_LYCKFT_c000_lview_f002250.jpg,1
20260724_025912_LYCKFT_c000_lview_f002280.jpg,1
20260724_025912_LYCKFT_c000_lview_f002310.jpg,1
20260724_025912_LYCKFT_c000_lview_f002340.jpg,1
20260724_025912_LYCKFT_c000_lview_f002370.jpg,1
20260724_025912_LYCKFT_c000_lview_f002400.jpg,1
20260724_025912_LYCKFT_c000_lview_f002430.jpg,1
20260724_025912_LYCKFT_c000_lview_f002460.jpg,1
20260724_025912_LYCKFT_c000_lview_f002490.jpg,1
20260724_025912_LYCKFT_c000_lview_f002520.jpg,1
20260724_025912_LYCKFT_c000_lview_f002550.jpg,1
20260724_025912_LYCKFT_c000_lview_f002580.jpg,1
20260724_025912_LYCKFT_c000_lview_f002610.jpg,1
20260724_025912_LYCKFT_c000_lview_f002640.jpg,1
20260724_025912_LYCKFT_c000_lview_f002670.jpg,1
20260724_025912_LYCKFT_c000_lview_f002700.jpg,1
20260724_025912_LYCKFT_c000_lview_f002730.jpg,1
20260724_025912_LYCKFT_c000_lview_f002760.jpg,1
20260724_025912_LYCKFT_c000_lview_f002790.jpg,1
20260724_025912_LYCKFT_c000_lview_f002820.jpg,1
20260724_025912_LYCKFT_c000_lview_f002850.jpg,1
20260724_025912_LYCKFT_c000_lview_f002880.jpg,1
20260724_025912_LYCKFT_c000_lview_f002910.jpg,1
20260724_025912_LYCKFT_c000_lview_f002940.jpg,1
20260724_025912_LYCKFT_c000_lview_f002970.jpg,1
20260724_025912_LYCKFT_c000_lview_f003000.jpg,1
20260724_025912_LYCKFT_c000_lview_f003030.jpg,1
20260724_025912_LYCKFT_c000_lview_f003060.jpg,1
20260724_025912_LYCKFT_c000_lview_f003090.jpg,1
20260724_025912_LYCKFT_c000_lview_f003120.jpg,1
20260724_025912_LYCKFT_c000_lview_f003150.jpg,1
20260724_025912_LYCKFT_c000_lview_f003180.jpg,1
20260724_025912_LYCKFT_c000_lview_f003210.jpg,1
20260724_025912_LYCKFT_c000_lview_f003240.jpg,1
20260724_025912_LYCKFT_c000_lview_f003270.jpg,1
20260724_025912_LYCKFT_c000_lview_f003300.jpg,1
20260724_025912_LYCKFT_c000_lview_f003330.jpg,1
20260724_025912_LYCKFT_c000_lview_f003360.jpg,1
20260724_025912_LYCKFT_c000_lview_f003390.jpg,1
20260724_025912_LYCKFT_c000_lview_f003420.jpg,1
20260724_025912_LYCKFT_c000_lview_f003450.jpg,1
20260724_025912_LYCKFT_c000_lview_f003480.jpg,1
20260724_025912_LYCKFT_c000_lview_f003510.jpg,1
20260724_025912_LYCKFT_c000_lview_f003540.jpg,1
20260724_025912_LYCKFT_c000_lview_f003570.jpg,1
20260724_025912_LYCKFT_c000_lview_f003600.jpg,1
20260724_025912_LYCKFT_c000_lview_f003630.jpg,1
20260724_025912_LYCKFT_c000_lview_f003660.jpg,1
20260724_025912_LYCKFT_c000_lview_f003690.jpg,1
20260724_025912_LYCKFT_c000_lview_f003720.jpg,1
20260724_025912_LYCKFT_c000_lview_f003750.jpg,1
20260724_025912_LYCKFT_c000_lview_f003780.jpg,1
20260724_025912_LYCKFT_c000_lview_f003810.jpg,1
20260724_025912_LYCKFT_c000_lview_f003840.jpg,1
20260724_025912_LYCKFT_c000_lview_f003870.jpg,1
20260724_025912_LYCKFT_c000_lview_f003900.jpg,1
20260724_025912_LYCKFT_c000_lview_f003930.jpg,1
20260724_025912_LYCKFT_c000_lview_f003960.jpg,1
20260724_025912_LYCKFT_c000_lview_f003990.jpg,1
20260724_025912_LYCKFT_c000_lview_f004020.jpg,1
20260724_025912_LYCKFT_c000_lview_f004050.jpg,1
20260724_025912_LYCKFT_c000_lview_f004080.jpg,1
20260724_025912_LYCKFT_c000_lview_f004110.jpg,1
20260724_025912_LYCKFT_c000_lview_f004140.jpg,1
20260724_025912_LYCKFT_c000_lview_f004170.jpg,1
20260724_025912_LYCKFT_c000_lview_f004200.jpg,1
20260724_025912_LYCKFT_c000_lview_f004230.jpg,1
20260724_025912_LYCKFT_c000_lview_f004260.jpg,1
20260724_025912_LYCKFT_c000_lview_f004290.jpg,1
20260724_025912_LYCKFT_c000_lview_f004320.jpg,1
20260724_025912_LYCKFT_c000_lview_f004350.jpg,1
20260724_025912_LYCKFT_c000_lview_f004380.jpg,1
20260724_025912_LYCKFT_c000_lview_f004410.jpg,1
20260724_025912_LYCKFT_c000_lview_f004440.jpg,1
20260724_025912_LYCKFT_c000_lview_f004470.jpg,1
20260724_025912_LYCKFT_c000_lview_f004500.jpg,1
20260724_025912_LYCKFT_c000_lview_f004530.jpg,1
20260724_025912_LYCKFT_c000_lview_f004560.jpg,1
20260724_025912_LYCKFT_c000_lview_f004590.jpg,1
20260724_025912_LYCKFT_c000_lview_f004620.jpg,1
20260724_025912_LYCKFT_c000_lview_f004650.jpg,1
20260724_025912_LYCKFT_c000_lview_f004680.jpg,1
20260724_025912_LYCKFT_c000_lview_f004710.jpg,1
20260724_025912_LYCKFT_c000_lview_f004740.jpg,1
20260724_025912_LYCKFT_c000_lview_f004770.jpg,1
20260724_025912_LYCKFT_c000_lview_f004800.jpg,1
20260724_025912_LYCKFT_c000_lview_f004830.jpg,1
20260724_025912_LYCKFT_c000_lview_f004860.jpg,1
20260724_025912_LYCKFT_c000_lview_f004890.jpg,1
20260724_025912_LYCKFT_c000_lview_f004920.jpg,1
20260724_025912_LYCKFT_c000_lview_f004950.jpg,1
20260724_025912_LYCKFT_c000_lview_f004980.jpg,1
20260724_025912_LYCKFT_c000_lview_f005010.jpg,1
20260724_025912_LYCKFT_c000_lview_f005040.jpg,1
20260724_025912_LYCKFT_c000_lview_f005070.jpg,1
20260724_025912_LYCKFT_c000_lview_f005100.jpg,1
20260724_025912_LYCKFT_c000_lview_f005130.jpg,1
20260724_025912_LYCKFT_c000_lview_f005160.jpg,1
20260724_025912_LYCKFT_c000_lview_f005190.jpg,1
20260724_025912_LYCKFT_c000_lview_f005220.jpg,1
20260724_025912_LYCKFT_c000_lview_f005250.jpg,1
20260724_025912_LYCKFT_c000_lview_f005280.jpg,1
20260724_025912_LYCKFT_c000_lview_f005310.jpg,1
20260724_025912_LYCKFT_c000_lview_f005340.jpg,1
20260724_025912_LYCKFT_c000_lview_f005370.jpg,1
20260724_025912_LYCKFT_c000_lview_f005400.jpg,1
20260724_025912_LYCKFT_c000_lview_f005430.jpg,1
20260724_025912_LYCKFT_c000_lview_f005460.jpg,1
20260724_025912_LYCKFT_c000_lview_f005490.jpg,1
20260724_025912_LYCKFT_c000_lview_f005520.jpg,1
20260724_025912_LYCKFT_c000_lview_f005550.jpg,1
20260724_025912_LYCKFT_c000_lview_f005580.jpg,1
20260724_025912_LYCKFT_c000_lview_f005610.jpg,1
20260724_025912_LYCKFT_c000_lview_f005640.jpg,1
20260724_025912_LYCKFT_c000_lview_f005670.jpg,1
20260724_025912_LYCKFT_c000_lview_f005700.jpg,1
20260724_025912_LYCKFT_c000_lview_f005730.jpg,1
20260724_025912_LYCKFT_c000_lview_f005760.jpg,1
20260724_025912_LYCKFT_c000_lview_f005790.jpg,1
20260724_025912_LYCKFT_c000_lview_f005820.jpg,1
20260724_025912_LYCKFT_c000_lview_f005850.jpg,1
20260724_025912_LYCKFT_c000_lview_f005880.jpg,1
20260724_025912_LYCKFT_c000_lview_f005910.jpg,1
20260724_025912_LYCKFT_c000_lview_f005940.jpg,1
20260724_025912_LYCKFT_c000_lview_f005970.jpg,1
20260724_025912_LYCKFT_c000_lview_f006000.jpg,1
20260724_025912_LYCKFT_c000_lview_f006030.jpg,1
20260724_025912_LYCKFT_c000_lview_f006060.jpg,1
20260724_025912_LYCKFT_c000_lview_f006090.jpg,1
20260724_025912_LYCKFT_c000_lview_f006120.jpg,1
20260724_025912_LYCKFT_c000_lview_f006150.jpg,1
20260724_025912_LYCKFT_c000_lview_f006180.jpg,1
20260724_025912_LYCKFT_c000_lview_f006210.jpg,1
20260724_025912_LYCKFT_c000_lview_f006240.jpg,1
20260724_025912_LYCKFT_c000_lview_f006270.jpg,1
20260724_025912_LYCKFT_c000_lview_f006300.jpg,1
20260724_025912_LYCKFT_c000_lview_f006330.jpg,1
20260724_025912_LYCKFT_c000_lview_f006360.jpg,1
20260724_025912_LYCKFT_c000_lview_f006390.jpg,1
20260724_025912_LYCKFT_c000_lview_f006420.jpg,1
20260724_025912_LYCKFT_c000_lview_f006450.jpg,1
20260724_025912_LYCKFT_c000_lview_f006480.jpg,1
20260724_025912_LYCKFT_c000_lview_f006510.jpg,1
20260724_025912_LYCKFT_c000_lview_f006540.jpg,1
20260724_025912_LYCKFT_c000_lview_f006570.jpg,1
20260724_025912_LYCKFT_c000_lview_f006600.jpg,1
20260724_025912_LYCKFT_c000_lview_f006630.jpg,1
20260724_025912_LYCKFT_c000_lview_f006660.jpg,1
20260724_025912_LYCKFT_c000_lview_f006690.jpg,1
20260724_025912_LYCKFT_c000_lview_f006720.jpg,1
20260724_025912_LYCKFT_c000_lview_f006750.jpg,1
20260724_025912_LYCKFT_c000_lview_f006780.jpg,1
20260724_025912_LYCKFT_c000_lview_f006810.jpg,1
20260724_025912_LYCKFT_c000_lview_f006840.jpg,1
20260724_025912_LYCKFT_c000_lview_f006870.jpg,1
20260724_025912_LYCKFT_c000_lview_f006900.jpg,1
20260724_025912_LYCKFT_c000_lview_f006930.jpg,1
20260724_025912_LYCKFT_c000_lview_f006960.jpg,1
20260724_025912_LYCKFT_c000_lview_f006990.jpg,1
20260724_025912_LYCKFT_c000_lview_f007020.jpg,1
20260724_025912_LYCKFT_c000_lview_f007050.jpg,1
20260724_025912_LYCKFT_c000_lview_f007080.jpg,1
20260724_025912_LYCKFT_c000_lview_f007140.jpg,1
20260724_025912_LYCKFT_c000_lview_f007170.jpg,1
20260724_025912_LYCKFT_c000_lview_f007200.jpg,1
20260724_025912_LYCKFT_c000_lview_f007230.jpg,1
20260724_025912_LYCKFT_c000_lview_f007260.jpg,1
20260724_025912_LYCKFT_c000_lview_f007290.jpg,1
20260724_025912_LYCKFT_c000_lview_f007320.jpg,1
20260724_025912_LYCKFT_c000_lview_f007350.jpg,1
20260724_025912_LYCKFT_c000_lview_f007380.jpg,1
20260724_025912_LYCKFT_c000_lview_f007410.jpg,1
20260724_025912_LYCKFT_c000_lview_f007440.jpg,1
20260724_025912_LYCKFT_c000_lview_f007470.jpg,1
20260724_025912_LYCKFT_c000_lview_f007500.jpg,1
20260724_025912_LYCKFT_c000_lview_f007530.jpg,1
20260724_025912_LYCKFT_c000_lview_f007560.jpg,1
20260724_025912_LYCKFT_c000_lview_f007590.jpg,1
20260724_025912_LYCKFT_c000_lview_f007620.jpg,1
20260724_025912_LYCKFT_c000_lview_f007650.jpg,1
20260724_025912_LYCKFT_c000_lview_f007680.jpg,1
20260724_025912_LYCKFT_c000_lview_f007710.jpg,1
20260724_025912_LYCKFT_c000_lview_f007740.jpg,1
20260724_025912_LYCKFT_c000_lview_f007770.jpg,1
20260724_025912_LYCKFT_c000_lview_f007800.jpg,1
20260724_025912_LYCKFT_c000_lview_f007830.jpg,1
20260724_025912_LYCKFT_c000_lview_f007860.jpg,1
20260724_025912_LYCKFT_c000_lview_f007890.jpg,1
20260724_025912_LYCKFT_c000_lview_f007920.jpg,1
20260724_025912_LYCKFT_c000_lview_f007950.jpg,1
20260724_025912_LYCKFT_c000_lview_f007980.jpg,1
20260724_025912_LYCKFT_c000_lview_f008010.jpg,1
20260724_025912_LYCKFT_c000_lview_f008040.jpg,1
20260724_025912_LYCKFT_c000_lview_f008070.jpg,1
20260724_025912_LYCKFT_c000_lview_f008100.jpg,1
20260724_025912_LYCKFT_c000_lview_f008130.jpg,1
20260724_025912_LYCKFT_c000_lview_f008160.jpg,1
20260724_025912_LYCKFT_c000_lview_f008190.jpg,1
20260724_025912_LYCKFT_c000_lview_f008220.jpg,1
20260724_025912_LYCKFT_c000_lview_f008250.jpg,1
20260724_025912_LYCKFT_c000_lview_f008280.jpg,1
20260724_025912_LYCKFT_c000_lview_f008310.jpg,1
20260724_025912_LYCKFT_c000_lview_f008340.jpg,1
20260724_025912_LYCKFT_c000_lview_f008370.jpg,1
20260724_025912_LYCKFT_c000_lview_f008400.jpg,1
20260724_025912_LYCKFT_c000_lview_f008430.jpg,1
20260724_025912_LYCKFT_c000_lview_f008460.jpg,1
20260724_025912_LYCKFT_c000_lview_f008490.jpg,1
20260724_025912_LYCKFT_c000_lview_f008520.jpg,1
20260724_025912_LYCKFT_c000_lview_f008550.jpg,1
20260724_025912_LYCKFT_c000_lview_f008580.jpg,1
20260724_025912_LYCKFT_c000_lview_f008610.jpg,1
20260724_025912_LYCKFT_c000_lview_f008640.jpg,1
20260724_025912_LYCKFT_c000_lview_f008670.jpg,1
20260724_025912_LYCKFT_c000_lview_f008700.jpg,1
20260724_025912_LYCKFT_c000_lview_f008730.jpg,1
20260724_025912_LYCKFT_c000_lview_f008760.jpg,1
20260724_025912_LYCKFT_c000_lview_f008790.jpg,1
20260724_025912_LYCKFT_c000_lview_f008820.jpg,1
20260724_025912_LYCKFT_c000_lview_f008850.jpg,1
20260724_025912_LYCKFT_c000_lview_f008880.jpg,1
20260724_025912_LYCKFT_c000_lview_f008910.jpg,1
20260724_025912_LYCKFT_c000_lview_f008940.jpg,1
20260724_025912_LYCKFT_c000_lview_f008970.jpg,1
20260724_025912_LYCKFT_c000_lview_f009000.jpg,1
20260724_025912_LYCKFT_c000_lview_f009030.jpg,1
20260724_025912_LYCKFT_c000_lview_f009060.jpg,1
20260724_025912_LYCKFT_c000_lview_f009090.jpg,1
20260724_025912_LYCKFT_c000_lview_f009120.jpg,1
20260724_025912_LYCKFT_c000_lview_f009150.jpg,1
20260724_025912_LYCKFT_c000_lview_f009180.jpg,1
20260724_025912_LYCKFT_c000_lview_f009210.jpg,1
20260724_025912_LYCKFT_c000_lview_f009240.jpg,1
20260724_025912_LYCKFT_c000_lview_f009270.jpg,1
20260724_025912_LYCKFT_c000_lview_f009300.jpg,1
20260724_025912_LYCKFT_c000_lview_f009330.jpg,1
20260724_025912_LYCKFT_c000_lview_f009360.jpg,1
20260724_025912_LYCKFT_c000_lview_f009390.jpg,1
20260724_025912_LYCKFT_c000_lview_f009420.jpg,1
20260724_025912_LYCKFT_c000_lview_f009450.jpg,1
20260724_025912_LYCKFT_c000_lview_f009480.jpg,1
20260724_025912_LYCKFT_c000_lview_f009510.jpg,1
20260724_025912_LYCKFT_c000_lview_f009540.jpg,1
20260724_025912_LYCKFT_c000_lview_f009570.jpg,1
20260724_025912_LYCKFT_c000_lview_f009600.jpg,1
20260724_025912_LYCKFT_c000_lview_f009630.jpg,1
20260724_025912_LYCKFT_c000_lview_f009660.jpg,1
20260724_025912_LYCKFT_c000_lview_f009690.jpg,1
20260724_025912_LYCKFT_c000_lview_f009720.jpg,1
20260724_025912_LYCKFT_c000_lview_f009750.jpg,1
20260724_025912_LYCKFT_c000_lview_f009780.jpg,1
20260724_025912_LYCKFT_c000_lview_f009810.jpg,1
20260724_025912_LYCKFT_c000_lview_f009840.jpg,1
20260724_025912_LYCKFT_c000_lview_f009870.jpg,1
20260724_025912_LYCKFT_c000_lview_f009900.jpg,1
20260724_025912_LYCKFT_c000_lview_f009930.jpg,1
20260724_025912_LYCKFT_c000_lview_f009960.jpg,1
20260724_025912_LYCKFT_c000_lview_f009990.jpg,1
20260724_025912_LYCKFT_c000_lview_f010020.jpg,1
20260724_025912_LYCKFT_c000_lview_f010050.jpg,1
20260724_025912_LYCKFT_c000_lview_f010080.jpg,1
20260724_025912_LYCKFT_c000_lview_f010110.jpg,1
20260724_025912_LYCKFT_c000_lview_f010140.jpg,1
20260724_025912_LYCKFT_c000_lview_f010170.jpg,1
20260724_025912_LYCKFT_c000_lview_f010200.jpg,1
20260724_025912_LYCKFT_c000_lview_f010230.jpg,1
20260724_025912_LYCKFT_c000_lview_f010260.jpg,1
20260724_025912_LYCKFT_c000_lview_f010290.jpg,1
20260724_025912_LYCKFT_c000_lview_f010320.jpg,1
20260724_025912_LYCKFT_c000_lview_f010350.jpg,1
20260724_025912_LYCKFT_c000_lview_f010380.jpg,1
20260724_025912_LYCKFT_c000_lview_f010410.jpg,1
20260724_025912_LYCKFT_c000_lview_f010440.jpg,1
20260724_025912_LYCKFT_c000_lview_f010470.jpg,1
20260724_025912_LYCKFT_c000_lview_f010500.jpg,1
20260724_025912_LYCKFT_c000_lview_f010530.jpg,1
20260724_025912_LYCKFT_c000_lview_f010560.jpg,1
20260724_025912_LYCKFT_c000_lview_f010590.jpg,1
20260724_025912_LYCKFT_c000_lview_f010620.jpg,1
20260724_025912_LYCKFT_c000_lview_f010650.jpg,1
20260724_025912_LYCKFT_c000_lview_f010680.jpg,1
20260724_025912_LYCKFT_c000_lview_f010710.jpg,1
20260724_025912_LYCKFT_c000_lview_f010740.jpg,1
20260724_025912_LYCKFT_c000_lview_f010770.jpg,1
20260724_025912_LYCKFT_c000_lview_f010800.jpg,1
20260724_025912_LYCKFT_c000_lview_f010830.jpg,1
20260724_025912_LYCKFT_c000_lview_f010860.jpg,1
20260724_025912_LYCKFT_c000_lview_f010890.jpg,1
20260724_025912_LYCKFT_c000_lview_f010920.jpg,1
20260724_025912_LYCKFT_c000_lview_f010950.jpg,1
20260724_025912_LYCKFT_c000_lview_f010980.jpg,1
20260724_025912_LYCKFT_c000_lview_f011010.jpg,1
20260724_025912_LYCKFT_c000_lview_f011040.jpg,1
20260724_025912_LYCKFT_c000_lview_f011070.jpg,1
20260724_025912_LYCKFT_c000_lview_f011100.jpg,1
20260724_025912_LYCKFT_c000_lview_f011130.jpg,1
20260724_025912_LYCKFT_c000_lview_f011160.jpg,1
20260724_025912_LYCKFT_c000_rview_f000000.jpg,1
20260724_025912_LYCKFT_c000_rview_f000030.jpg,1
20260724_025912_LYCKFT_c000_rview_f000060.jpg,1
20260724_025912_LYCKFT_c000_rview_f000090.jpg,1
20260724_025912_LYCKFT_c000_rview_f000120.jpg,1
20260724_025912_LYCKFT_c000_rview_f000150.jpg,1
20260724_025912_LYCKFT_c000_rview_f000180.jpg,1
20260724_025912_LYCKFT_c000_rview_f000210.jpg,1
20260724_025912_LYCKFT_c000_rview_f000240.jpg,1
20260724_025912_LYCKFT_c000_rview_f000270.jpg,1
20260724_025912_LYCKFT_c000_rview_f000300.jpg,1
20260724_025912_LYCKFT_c000_rview_f000330.jpg,1
20260724_025912_LYCKFT_c000_rview_f000360.jpg,1
20260724_025912_LYCKFT_c000_rview_f000390.jpg,1
20260724_025912_LYCKFT_c000_rview_f000420.jpg,1
20260724_025912_LYCKFT_c000_rview_f000450.jpg,1
20260724_025912_LYCKFT_c000_rview_f000480.jpg,1
20260724_025912_LYCKFT_c000_rview_f000510.jpg,1
20260724_025912_LYCKFT_c000_rview_f000540.jpg,1
20260724_025912_LYCKFT_c000_rview_f000570.jpg,1
20260724_025912_LYCKFT_c000_rview_f000600.jpg,1
20260724_025912_LYCKFT_c000_rview_f000630.jpg,1
20260724_025912_LYCKFT_c000_rview_f000660.jpg,1
20260724_025912_LYCKFT_c000_rview_f000690.jpg,1
20260724_025912_LYCKFT_c000_rview_f000720.jpg,1
20260724_025912_LYCKFT_c000_rview_f000750.jpg,1
20260724_025912_LYCKFT_c000_rview_f000780.jpg,1
20260724_025912_LYCKFT_c000_rview_f000810.jpg,1
20260724_025912_LYCKFT_c000_rview_f000840.jpg,1
20260724_025912_LYCKFT_c000_rview_f000870.jpg,1
20260724_025912_LYCKFT_c000_rview_f000900.jpg,1
20260724_025912_LYCKFT_c000_rview_f000930.jpg,1
20260724_025912_LYCKFT_c000_rview_f000960.jpg,1
20260724_025912_LYCKFT_c000_rview_f000990.jpg,1
20260724_025912_LYCKFT_c000_rview_f001020.jpg,1
20260724_025912_LYCKFT_c000_rview_f001050.jpg,1
20260724_025912_LYCKFT_c000_rview_f001080.jpg,1
20260724_025912_LYCKFT_c000_rview_f001110.jpg,1
20260724_025912_LYCKFT_c000_rview_f001140.jpg,1
20260724_025912_LYCKFT_c000_rview_f001170.jpg,1
20260724_025912_LYCKFT_c000_rview_f001200.jpg,1
20260724_025912_LYCKFT_c000_rview_f001230.jpg,1
20260724_025912_LYCKFT_c000_rview_f001260.jpg,1
20260724_025912_LYCKFT_c000_rview_f001290.jpg,1
20260724_025912_LYCKFT_c000_rview_f001320.jpg,1
20260724_025912_LYCKFT_c000_rview_f001350.jpg,1
20260724_025912_LYCKFT_c000_rview_f001380.jpg,1
20260724_025912_LYCKFT_c000_rview_f001410.jpg,1
20260724_025912_LYCKFT_c000_rview_f001440.jpg,1
20260724_025912_LYCKFT_c000_rview_f001470.jpg,1
20260724_025912_LYCKFT_c000_rview_f001500.jpg,1
20260724_025912_LYCKFT_c000_rview_f001530.jpg,1
20260724_025912_LYCKFT_c000_rview_f001560.jpg,1
20260724_025912_LYCKFT_c000_rview_f001590.jpg,1
20260724_025912_LYCKFT_c000_rview_f001620.jpg,1
20260724_025912_LYCKFT_c000_rview_f001650.jpg,1
20260724_025912_LYCKFT_c000_rview_f001680.jpg,1
20260724_025912_LYCKFT_c000_rview_f001710.jpg,1
20260724_025912_LYCKFT_c000_rview_f001740.jpg,1
20260724_025912_LYCKFT_c000_rview_f001770.jpg,1
20260724_025912_LYCKFT_c000_rview_f001800.jpg,1
20260724_025912_LYCKFT_c000_rview_f001830.jpg,1
20260724_025912_LYCKFT_c000_rview_f001860.jpg,1
20260724_025912_LYCKFT_c000_rview_f001890.jpg,1
20260724_025912_LYCKFT_c000_rview_f001920.jpg,1
20260724_025912_LYCKFT_c000_rview_f001950.jpg,1
20260724_025912_LYCKFT_c000_rview_f001980.jpg,1
20260724_025912_LYCKFT_c000_rview_f002010.jpg,1
20260724_025912_LYCKFT_c000_rview_f002040.jpg,1
20260724_025912_LYCKFT_c000_rview_f002070.jpg,1
20260724_025912_LYCKFT_c000_rview_f002100.jpg,1
20260724_025912_LYCKFT_c000_rview_f002130.jpg,1
20260724_025912_LYCKFT_c000_rview_f002160.jpg,1
20260724_025912_LYCKFT_c000_rview_f002190.jpg,1
20260724_025912_LYCKFT_c000_rview_f002220.jpg,1
20260724_025912_LYCKFT_c000_rview_f002250.jpg,1
20260724_025912_LYCKFT_c000_rview_f002280.jpg,1
20260724_025912_LYCKFT_c000_rview_f002310.jpg,1
20260724_025912_LYCKFT_c000_rview_f002340.jpg,1
20260724_025912_LYCKFT_c000_rview_f002370.jpg,1
20260724_025912_LYCKFT_c000_rview_f002400.jpg,1
20260724_025912_LYCKFT_c000_rview_f002430.jpg,1
20260724_025912_LYCKFT_c000_rview_f002460.jpg,1
20260724_025912_LYCKFT_c000_rview_f002490.jpg,1
20260724_025912_LYCKFT_c000_rview_f002520.jpg,1
20260724_025912_LYCKFT_c000_rview_f002550.jpg,1
20260724_025912_LYCKFT_c000_rview_f002580.jpg,1
20260724_025912_LYCKFT_c000_rview_f002610.jpg,1
20260724_025912_LYCKFT_c000_rview_f002640.jpg,1
20260724_025912_LYCKFT_c000_rview_f002670.jpg,1
20260724_025912_LYCKFT_c000_rview_f002700.jpg,1
20260724_025912_LYCKFT_c000_rview_f002730.jpg,1
20260724_025912_LYCKFT_c000_rview_f002760.jpg,1
20260724_025912_LYCKFT_c000_rview_f002790.jpg,1
20260724_025912_LYCKFT_c000_rview_f002820.jpg,1
20260724_025912_LYCKFT_c000_rview_f002850.jpg,1
20260724_025912_LYCKFT_c000_rview_f002880.jpg,1
20260724_025912_LYCKFT_c000_rview_f002910.jpg,1
20260724_025912_LYCKFT_c000_rview_f002940.jpg,1
20260724_025912_LYCKFT_c000_rview_f002970.jpg,1
20260724_025912_LYCKFT_c000_rview_f003000.jpg,1
20260724_025912_LYCKFT_c000_rview_f003030.jpg,1
20260724_025912_LYCKFT_c000_rview_f003060.jpg,1
20260724_025912_LYCKFT_c000_rview_f003090.jpg,1
20260724_025912_LYCKFT_c000_rview_f003120.jpg,1
20260724_025912_LYCKFT_c000_rview_f003150.jpg,1
20260724_025912_LYCKFT_c000_rview_f003180.jpg,1
20260724_025912_LYCKFT_c000_rview_f003210.jpg,1
20260724_025912_LYCKFT_c000_rview_f003240.jpg,1
20260724_025912_LYCKFT_c000_rview_f003270.jpg,1
20260724_025912_LYCKFT_c000_rview_f003300.jpg,1
20260724_025912_LYCKFT_c000_rview_f003330.jpg,1
20260724_025912_LYCKFT_c000_rview_f003360.jpg,1
20260724_025912_LYCKFT_c000_rview_f003390.jpg,1
20260724_025912_LYCKFT_c000_rview_f003420.jpg,1
20260724_025912_LYCKFT_c000_rview_f003450.jpg,1
20260724_025912_LYCKFT_c000_rview_f003480.jpg,1
20260724_025912_LYCKFT_c000_rview_f003510.jpg,1
20260724_025912_LYCKFT_c000_rview_f003540.jpg,1
20260724_025912_LYCKFT_c000_rview_f003570.jpg,1
20260724_025912_LYCKFT_c000_rview_f003600.jpg,1
20260724_025912_LYCKFT_c000_rview_f003630.jpg,1
20260724_025912_LYCKFT_c000_rview_f003660.jpg,1
20260724_025912_LYCKFT_c000_rview_f003690.jpg,1
20260724_025912_LYCKFT_c000_rview_f003720.jpg,1
20260724_025912_LYCKFT_c000_rview_f003750.jpg,1
20260724_025912_LYCKFT_c000_rview_f003780.jpg,1
20260724_025912_LYCKFT_c000_rview_f003810.jpg,1
20260724_025912_LYCKFT_c000_rview_f003840.jpg,1
20260724_025912_LYCKFT_c000_rview_f003870.jpg,1
20260724_025912_LYCKFT_c000_rview_f003900.jpg,1
20260724_025912_LYCKFT_c000_rview_f003930.jpg,1
20260724_025912_LYCKFT_c000_rview_f003960.jpg,1
20260724_025912_LYCKFT_c000_rview_f003990.jpg,1
20260724_025912_LYCKFT_c000_rview_f004020.jpg,1
20260724_025912_LYCKFT_c000_rview_f004050.jpg,1
20260724_025912_LYCKFT_c000_rview_f004080.jpg,1
20260724_025912_LYCKFT_c000_rview_f004110.jpg,1
20260724_025912_LYCKFT_c000_rview_f004140.jpg,1
20260724_025912_LYCKFT_c000_rview_f004170.jpg,1
20260724_025912_LYCKFT_c000_rview_f004200.jpg,1
20260724_025912_LYCKFT_c000_rview_f004230.jpg,1
20260724_025912_LYCKFT_c000_rview_f004260.jpg,1
20260724_025912_LYCKFT_c000_rview_f004290.jpg,1
20260724_025912_LYCKFT_c000_rview_f004320.jpg,1
20260724_025912_LYCKFT_c000_rview_f004350.jpg,1
20260724_025912_LYCKFT_c000_rview_f004380.jpg,1
20260724_025912_LYCKFT_c000_rview_f004410.jpg,1
20260724_025912_LYCKFT_c000_rview_f004440.jpg,1
20260724_025912_LYCKFT_c000_rview_f004470.jpg,1
20260724_025912_LYCKFT_c000_rview_f004500.jpg,1
20260724_025912_LYCKFT_c000_rview_f004530.jpg,1
20260724_025912_LYCKFT_c000_rview_f004560.jpg,1
20260724_025912_LYCKFT_c000_rview_f004590.jpg,1
20260724_025912_LYCKFT_c000_rview_f004620.jpg,1
20260724_025912_LYCKFT_c000_rview_f004650.jpg,1
20260724_025912_LYCKFT_c000_rview_f004680.jpg,1
20260724_025912_LYCKFT_c000_rview_f004710.jpg,1
20260724_025912_LYCKFT_c000_rview_f004740.jpg,1
20260724_025912_LYCKFT_c000_rview_f004770.jpg,1
20260724_025912_LYCKFT_c000_rview_f004800.jpg,1
20260724_025912_LYCKFT_c000_rview_f004830.jpg,1
20260724_025912_LYCKFT_c000_rview_f004860.jpg,1
20260724_025912_LYCKFT_c000_rview_f004890.jpg,1
20260724_025912_LYCKFT_c000_rview_f004920.jpg,1
20260724_025912_LYCKFT_c000_rview_f004950.jpg,1
20260724_025912_LYCKFT_c000_rview_f004980.jpg,1
20260724_025912_LYCKFT_c000_rview_f005010.jpg,1
20260724_025912_LYCKFT_c000_rview_f005040.jpg,1
20260724_025912_LYCKFT_c000_rview_f005070.jpg,1
20260724_025912_LYCKFT_c000_rview_f005100.jpg,1
20260724_025912_LYCKFT_c000_rview_f005130.jpg,1
20260724_025912_LYCKFT_c000_rview_f005160.jpg,1
20260724_025912_LYCKFT_c000_rview_f005190.jpg,1
20260724_025912_LYCKFT_c000_rview_f005220.jpg,1
20260724_025912_LYCKFT_c000_rview_f005250.jpg,1
20260724_025912_LYCKFT_c000_rview_f005280.jpg,1
20260724_025912_LYCKFT_c000_rview_f005310.jpg,1
20260724_025912_LYCKFT_c000_rview_f005340.jpg,1
20260724_025912_LYCKFT_c000_rview_f005370.jpg,1
20260724_025912_LYCKFT_c000_rview_f005400.jpg,1
20260724_025912_LYCKFT_c000_rview_f005430.jpg,1
20260724_025912_LYCKFT_c000_rview_f005460.jpg,1
20260724_025912_LYCKFT_c000_rview_f005490.jpg,1
20260724_025912_LYCKFT_c000_rview_f005520.jpg,1
20260724_025912_LYCKFT_c000_rview_f005550.jpg,1
20260724_025912_LYCKFT_c000_rview_f005580.jpg,1
20260724_025912_LYCKFT_c000_rview_f005610.jpg,1
20260724_025912_LYCKFT_c000_rview_f005640.jpg,1
20260724_025912_LYCKFT_c000_rview_f005670.jpg,1
20260724_025912_LYCKFT_c000_rview_f005700.jpg,1
20260724_025912_LYCKFT_c000_rview_f005730.jpg,1
20260724_025912_LYCKFT_c000_rview_f005760.jpg,1
20260724_025912_LYCKFT_c000_rview_f005790.jpg,1
20260724_025912_LYCKFT_c000_rview_f005820.jpg,1
20260724_025912_LYCKFT_c000_rview_f005850.jpg,1
20260724_025912_LYCKFT_c000_rview_f005880.jpg,1
20260724_025912_LYCKFT_c000_rview_f005910.jpg,1
20260724_025912_LYCKFT_c000_rview_f005940.jpg,1
20260724_025912_LYCKFT_c000_rview_f005970.jpg,1
20260724_025912_LYCKFT_c000_rview_f006000.jpg,1
20260724_025912_LYCKFT_c000_rview_f006030.jpg,1
20260724_025912_LYCKFT_c000_rview_f006060.jpg,1
20260724_025912_LYCKFT_c000_rview_f006090.jpg,1
20260724_025912_LYCKFT_c000_rview_f006120.jpg,1
20260724_025912_LYCKFT_c000_rview_f006150.jpg,1
20260724_025912_LYCKFT_c000_rview_f006180.jpg,1
20260724_025912_LYCKFT_c000_rview_f006210.jpg,1
20260724_025912_LYCKFT_c000_rview_f006240.jpg,1
20260724_025912_LYCKFT_c000_rview_f006270.jpg,1
20260724_025912_LYCKFT_c000_rview_f006300.jpg,1
20260724_025912_LYCKFT_c000_rview_f006330.jpg,1
20260724_025912_LYCKFT_c000_rview_f006360.jpg,1
20260724_025912_LYCKFT_c000_rview_f006390.jpg,1
20260724_025912_LYCKFT_c000_rview_f006420.jpg,1
20260724_025912_LYCKFT_c000_rview_f006450.jpg,1
20260724_025912_LYCKFT_c000_rview_f006480.jpg,1
20260724_025912_LYCKFT_c000_rview_f006510.jpg,1
20260724_025912_LYCKFT_c000_rview_f006540.jpg,1
20260724_025912_LYCKFT_c000_rview_f006570.jpg,1
20260724_025912_LYCKFT_c000_rview_f006600.jpg,1
20260724_025912_LYCKFT_c000_rview_f006630.jpg,1
20260724_025912_LYCKFT_c000_rview_f006660.jpg,1
20260724_025912_LYCKFT_c000_rview_f006690.jpg,1
20260724_025912_LYCKFT_c000_rview_f006720.jpg,1
20260724_025912_LYCKFT_c000_rview_f006750.jpg,1
20260724_025912_LYCKFT_c000_rview_f006780.jpg,1
20260724_025912_LYCKFT_c000_rview_f006810.jpg,1
20260724_025912_LYCKFT_c000_rview_f006840.jpg,1
20260724_025912_LYCKFT_c000_rview_f006870.jpg,1
20260724_025912_LYCKFT_c000_rview_f006900.jpg,1
20260724_025912_LYCKFT_c000_rview_f006930.jpg,1
20260724_025912_LYCKFT_c000_rview_f006960.jpg,1
20260724_025912_LYCKFT_c000_rview_f006990.jpg,1
20260724_025912_LYCKFT_c000_rview_f007020.jpg,1
20260724_025912_LYCKFT_c000_rview_f007050.jpg,1
20260724_025912_LYCKFT_c000_rview_f007080.jpg,1
20260724_025912_LYCKFT_c000_rview_f007110.jpg,1
20260724_025912_LYCKFT_c000_rview_f007140.jpg,1
20260724_025912_LYCKFT_c000_rview_f007170.jpg,1
20260724_025912_LYCKFT_c000_rview_f007200.jpg,1
20260724_025912_LYCKFT_c000_rview_f007230.jpg,1
20260724_025912_LYCKFT_c000_rview_f007260.jpg,1
20260724_025912_LYCKFT_c000_rview_f007290.jpg,1
20260724_025912_LYCKFT_c000_rview_f007320.jpg,1
20260724_025912_LYCKFT_c000_rview_f007350.jpg,1
20260724_025912_LYCKFT_c000_rview_f007380.jpg,1
20260724_025912_LYCKFT_c000_rview_f007410.jpg,1
20260724_025912_LYCKFT_c000_rview_f007440.jpg,1
20260724_025912_LYCKFT_c000_rview_f007470.jpg,1
20260724_025912_LYCKFT_c000_rview_f007500.jpg,1
20260724_025912_LYCKFT_c000_rview_f007530.jpg,1
20260724_025912_LYCKFT_c000_rview_f007560.jpg,1
20260724_025912_LYCKFT_c000_rview_f007590.jpg,1
20260724_025912_LYCKFT_c000_rview_f007620.jpg,1
20260724_025912_LYCKFT_c000_rview_f007650.jpg,1
20260724_025912_LYCKFT_c000_rview_f007680.jpg,1
20260724_025912_LYCKFT_c000_rview_f007710.jpg,1
20260724_025912_LYCKFT_c000_rview_f007740.jpg,1
20260724_025912_LYCKFT_c000_rview_f007770.jpg,1
20260724_025912_LYCKFT_c000_rview_f007800.jpg,1
20260724_025912_LYCKFT_c000_rview_f007830.jpg,1
20260724_025912_LYCKFT_c000_rview_f007860.jpg,1
20260724_025912_LYCKFT_c000_rview_f007890.jpg,1
20260724_025912_LYCKFT_c000_rview_f007920.jpg,1
20260724_025912_LYCKFT_c000_rview_f007950.jpg,1
20260724_025912_LYCKFT_c000_rview_f007980.jpg,1
20260724_025912_LYCKFT_c000_rview_f008010.jpg,1
20260724_025912_LYCKFT_c000_rview_f008040.jpg,1
20260724_025912_LYCKFT_c000_rview_f008070.jpg,1
20260724_025912_LYCKFT_c000_rview_f008100.jpg,1
20260724_025912_LYCKFT_c000_rview_f008130.jpg,1
20260724_025912_LYCKFT_c000_rview_f008160.jpg,1
20260724_025912_LYCKFT_c000_rview_f008190.jpg,1
20260724_025912_LYCKFT_c000_rview_f008220.jpg,1
20260724_025912_LYCKFT_c000_rview_f008250.jpg,1
20260724_025912_LYCKFT_c000_rview_f008280.jpg,1
20260724_025912_LYCKFT_c000_rview_f008310.jpg,1
20260724_025912_LYCKFT_c000_rview_f008340.jpg,1
20260724_025912_LYCKFT_c000_rview_f008370.jpg,1
20260724_025912_LYCKFT_c000_rview_f008400.jpg,1
20260724_025912_LYCKFT_c000_rview_f008430.jpg,1
20260724_025912_LYCKFT_c000_rview_f008460.jpg,1
20260724_025912_LYCKFT_c000_rview_f008490.jpg,1
20260724_025912_LYCKFT_c000_rview_f008520.jpg,1
20260724_025912_LYCKFT_c000_rview_f008550.jpg,1
20260724_025912_LYCKFT_c000_rview_f008580.jpg,1
20260724_025912_LYCKFT_c000_rview_f008610.jpg,1
20260724_025912_LYCKFT_c000_rview_f008640.jpg,1
20260724_025912_LYCKFT_c000_rview_f008670.jpg,1
20260724_025912_LYCKFT_c000_rview_f008700.jpg,1
20260724_025912_LYCKFT_c000_rview_f008730.jpg,1
20260724_025912_LYCKFT_c000_rview_f008760.jpg,1
20260724_025912_LYCKFT_c000_rview_f008790.jpg,1
20260724_025912_LYCKFT_c000_rview_f008820.jpg,1
20260724_025912_LYCKFT_c000_rview_f008850.jpg,1
20260724_025912_LYCKFT_c000_rview_f008880.jpg,1
20260724_025912_LYCKFT_c000_rview_f008910.jpg,1
20260724_025912_LYCKFT_c000_rview_f008940.jpg,1
20260724_025912_LYCKFT_c000_rview_f008970.jpg,1
20260724_025912_LYCKFT_c000_rview_f009000.jpg,1
20260724_025912_LYCKFT_c000_rview_f009030.jpg,1
20260724_025912_LYCKFT_c000_rview_f009060.jpg,1
20260724_025912_LYCKFT_c000_rview_f009090.jpg,1
20260724_025912_LYCKFT_c000_rview_f009120.jpg,1
20260724_025912_LYCKFT_c000_rview_f009150.jpg,1
20260724_025912_LYCKFT_c000_rview_f009180.jpg,1
20260724_025912_LYCKFT_c000_rview_f009210.jpg,1
20260724_025912_LYCKFT_c000_rview_f009240.jpg,1
20260724_025912_LYCKFT_c000_rview_f009270.jpg,1
20260724_025912_LYCKFT_c000_rview_f009300.jpg,1
20260724_025912_LYCKFT_c000_rview_f009330.jpg,1
20260724_025912_LYCKFT_c000_rview_f009360.jpg,1
20260724_025912_LYCKFT_c000_rview_f009390.jpg,1
20260724_025912_LYCKFT_c000_rview_f009420.jpg,1
20260724_025912_LYCKFT_c000_rview_f009450.jpg,1
20260724_025912_LYCKFT_c000_rview_f009480.jpg,1
20260724_025912_LYCKFT_c000_rview_f009510.jpg,1
20260724_025912_LYCKFT_c000_rview_f009540.jpg,1
20260724_025912_LYCKFT_c000_rview_f009570.jpg,1
20260724_025912_LYCKFT_c000_rview_f009600.jpg,1
20260724_025912_LYCKFT_c000_rview_f009630.jpg,1
20260724_025912_LYCKFT_c000_rview_f009660.jpg,1
20260724_025912_LYCKFT_c000_rview_f009690.jpg,1
20260724_025912_LYCKFT_c000_rview_f009720.jpg,1
20260724_025912_LYCKFT_c000_rview_f009750.jpg,1
20260724_025912_LYCKFT_c000_rview_f009780.jpg,1
20260724_025912_LYCKFT_c000_rview_f009810.jpg,1
20260724_025912_LYCKFT_c000_rview_f009840.jpg,1
20260724_025912_LYCKFT_c000_rview_f009870.jpg,1
20260724_025912_LYCKFT_c000_rview_f009900.jpg,1
20260724_025912_LYCKFT_c000_rview_f009930.jpg,1
20260724_025912_LYCKFT_c000_rview_f009960.jpg,1
20260724_025912_LYCKFT_c000_rview_f009990.jpg,1
20260724_025912_LYCKFT_c000_rview_f010020.jpg,1
20260724_025912_LYCKFT_c000_rview_f010050.jpg,1
20260724_025912_LYCKFT_c000_rview_f010080.jpg,1
20260724_025912_LYCKFT_c000_rview_f010110.jpg,1
20260724_025912_LYCKFT_c000_rview_f010140.jpg,1
20260724_025912_LYCKFT_c000_rview_f010170.jpg,1
20260724_025912_LYCKFT_c000_rview_f010200.jpg,1
20260724_025912_LYCKFT_c000_rview_f010230.jpg,1
20260724_025912_LYCKFT_c000_rview_f010260.jpg,1
20260724_025912_LYCKFT_c000_rview_f010290.jpg,1
20260724_025912_LYCKFT_c000_rview_f010320.jpg,1
20260724_025912_LYCKFT_c000_rview_f010350.jpg,1
20260724_025912_LYCKFT_c000_rview_f010380.jpg,1
20260724_025912_LYCKFT_c000_rview_f010410.jpg,1
20260724_025912_LYCKFT_c000_rview_f010440.jpg,1
20260724_025912_LYCKFT_c000_rview_f010470.jpg,1
20260724_025912_LYCKFT_c000_rview_f010500.jpg,1
20260724_025912_LYCKFT_c000_rview_f010530.jpg,1
20260724_025912_LYCKFT_c000_rview_f010560.jpg,1
20260724_025912_LYCKFT_c000_rview_f010590.jpg,1
20260724_025912_LYCKFT_c000_rview_f010620.jpg,1
20260724_025912_LYCKFT_c000_rview_f010650.jpg,1
20260724_025912_LYCKFT_c000_rview_f010680.jpg,1
20260724_025912_LYCKFT_c000_rview_f010710.jpg,1
20260724_025912_LYCKFT_c000_rview_f010740.jpg,1
20260724_025912_LYCKFT_c000_rview_f010770.jpg,1
20260724_025912_LYCKFT_c000_rview_f010800.jpg,1
20260724_025912_LYCKFT_c000_rview_f010830.jpg,1
20260724_025912_LYCKFT_c000_rview_f010860.jpg,1
20260724_025912_LYCKFT_c000_rview_f010890.jpg,1
20260724_025912_LYCKFT_c000_rview_f010920.jpg,1
20260724_025912_LYCKFT_c000_rview_f010950.jpg,1
20260724_025912_LYCKFT_c000_rview_f010980.jpg,1
20260724_025912_LYCKFT_c000_rview_f011010.jpg,1
20260724_025912_LYCKFT_c000_rview_f011040.jpg,1
20260724_025912_LYCKFT_c000_rview_f011070.jpg,1
20260724_025912_LYCKFT_c000_rview_f011100.jpg,1
20260724_025912_LYCKFT_c000_rview_f011130.jpg,1
20260724_025912_LYCKFT_c000_rview_f011160.jpg,1
20260724_053432_RSWJAK_c013_lview_f000030.jpg,1
20260724_053432_RSWJAK_c013_lview_f000060.jpg,1
20260724_053432_RSWJAK_c013_lview_f000090.jpg,1
20260724_053432_RSWJAK_c013_lview_f000120.jpg,1
20260724_053432_RSWJAK_c013_lview_f000150.jpg,1
20260724_053432_RSWJAK_c013_lview_f000240.jpg,1
20260724_053432_RSWJAK_c013_lview_f000270.jpg,1
20260724_053432_RSWJAK_c013_lview_f000300.jpg,1
20260724_053432_RSWJAK_c013_lview_f000330.jpg,1
20260724_053432_RSWJAK_c013_lview_f000360.jpg,1
20260724_053432_RSWJAK_c013_lview_f000390.jpg,1
20260724_053432_RSWJAK_c013_lview_f000420.jpg,1
20260724_053432_RSWJAK_c013_lview_f000450.jpg,1
20260724_053432_RSWJAK_c013_lview_f000480.jpg,1
20260724_053432_RSWJAK_c013_lview_f000510.jpg,1
20260724_053432_RSWJAK_c013_lview_f000540.jpg,1
20260724_053432_RSWJAK_c013_lview_f000570.jpg,1
20260724_053432_RSWJAK_c013_lview_f000600.jpg,1
20260724_053432_RSWJAK_c013_lview_f000630.jpg,1
20260724_053432_RSWJAK_c013_lview_f000660.jpg,1
20260724_053432_RSWJAK_c013_lview_f000690.jpg,1
20260724_053432_RSWJAK_c013_lview_f000720.jpg,1
20260724_053432_RSWJAK_c013_lview_f000750.jpg,1
20260724_053432_RSWJAK_c013_lview_f000780.jpg,1
20260724_053432_RSWJAK_c013_lview_f000810.jpg,1
20260724_053432_RSWJAK_c013_lview_f000840.jpg,1
20260724_053432_RSWJAK_c013_lview_f000870.jpg,1
20260724_053432_RSWJAK_c013_lview_f000900.jpg,1
20260724_053432_RSWJAK_c013_lview_f000930.jpg,1
20260724_053432_RSWJAK_c013_lview_f000960.jpg,1
20260724_053432_RSWJAK_c013_lview_f000990.jpg,1
20260724_053432_RSWJAK_c013_lview_f001020.jpg,1
20260724_053432_RSWJAK_c013_lview_f001050.jpg,1
20260724_053432_RSWJAK_c013_lview_f001080.jpg,1
20260724_053432_RSWJAK_c013_lview_f001140.jpg,1
20260724_053432_RSWJAK_c013_lview_f001170.jpg,1
20260724_053432_RSWJAK_c013_lview_f001200.jpg,1
20260724_053432_RSWJAK_c013_lview_f001230.jpg,1
20260724_053432_RSWJAK_c013_lview_f001260.jpg,1
20260724_053432_RSWJAK_c013_lview_f001290.jpg,1
20260724_053432_RSWJAK_c013_lview_f001320.jpg,1
20260724_053432_RSWJAK_c013_lview_f001350.jpg,1
20260724_053432_RSWJAK_c013_lview_f001380.jpg,1
20260724_053432_RSWJAK_c013_lview_f001410.jpg,1
20260724_053432_RSWJAK_c013_lview_f001440.jpg,1
20260724_053432_RSWJAK_c013_lview_f001470.jpg,1
20260724_053432_RSWJAK_c013_lview_f001500.jpg,1
20260724_053432_RSWJAK_c013_lview_f001530.jpg,1
20260724_053432_RSWJAK_c013_lview_f001560.jpg,1
20260724_053432_RSWJAK_c013_lview_f001590.jpg,1
20260724_053432_RSWJAK_c013_lview_f001620.jpg,1
20260724_053432_RSWJAK_c013_lview_f001650.jpg,1
20260724_053432_RSWJAK_c013_lview_f001680.jpg,1
20260724_053432_RSWJAK_c013_lview_f001710.jpg,1
20260724_053432_RSWJAK_c013_lview_f001740.jpg,1
20260724_053432_RSWJAK_c013_lview_f001770.jpg,1
20260724_053432_RSWJAK_c013_lview_f001800.jpg,1
20260724_053432_RSWJAK_c013_lview_f001830.jpg,1
20260724_053432_RSWJAK_c013_lview_f001860.jpg,1
20260724_053432_RSWJAK_c013_lview_f001890.jpg,1
20260724_053432_RSWJAK_c013_lview_f001920.jpg,1
20260724_053432_RSWJAK_c013_lview_f001950.jpg,1
20260724_053432_RSWJAK_c013_lview_f001980.jpg,1
20260724_053432_RSWJAK_c013_lview_f002010.jpg,1
20260724_053432_RSWJAK_c013_lview_f002040.jpg,1
20260724_053432_RSWJAK_c013_lview_f002070.jpg,1
20260724_053432_RSWJAK_c013_lview_f002100.jpg,1
20260724_053432_RSWJAK_c013_lview_f002130.jpg,1
20260724_053432_RSWJAK_c013_lview_f002160.jpg,1
20260724_053432_RSWJAK_c013_lview_f002190.jpg,1
20260724_053432_RSWJAK_c013_lview_f002220.jpg,1
20260724_053432_RSWJAK_c013_lview_f002250.jpg,1
20260724_053432_RSWJAK_c013_lview_f002280.jpg,1
20260724_053432_RSWJAK_c013_lview_f002310.jpg,1
20260724_053432_RSWJAK_c013_lview_f002340.jpg,1
20260724_053432_RSWJAK_c013_lview_f002370.jpg,1
20260724_053432_RSWJAK_c013_lview_f002400.jpg,1
20260724_053432_RSWJAK_c013_lview_f002430.jpg,1
20260724_053432_RSWJAK_c013_lview_f002460.jpg,1
20260724_053432_RSWJAK_c013_lview_f002490.jpg,1
20260724_053432_RSWJAK_c013_lview_f002520.jpg,1
20260724_053432_RSWJAK_c013_lview_f002550.jpg,1
20260724_053432_RSWJAK_c013_lview_f002580.jpg,1
20260724_053432_RSWJAK_c013_lview_f002610.jpg,1
20260724_053432_RSWJAK_c013_lview_f002640.jpg,1
20260724_053432_RSWJAK_c013_lview_f002670.jpg,1
20260724_053432_RSWJAK_c013_lview_f002700.jpg,1
20260724_053432_RSWJAK_c013_lview_f002730.jpg,1
20260724_053432_RSWJAK_c013_lview_f002760.jpg,1
20260724_053432_RSWJAK_c013_lview_f002790.jpg,1
20260724_053432_RSWJAK_c013_lview_f002820.jpg,1
20260724_053432_RSWJAK_c013_lview_f002850.jpg,1
20260724_053432_RSWJAK_c013_lview_f002880.jpg,1
20260724_053432_RSWJAK_c013_lview_f002910.jpg,1
20260724_053432_RSWJAK_c013_lview_f002940.jpg,1
20260724_053432_RSWJAK_c013_lview_f002970.jpg,1
20260724_053432_RSWJAK_c013_lview_f003000.jpg,1
20260724_053432_RSWJAK_c013_lview_f003030.jpg,1
20260724_053432_RSWJAK_c013_lview_f003060.jpg,1
20260724_053432_RSWJAK_c013_lview_f003090.jpg,1
20260724_053432_RSWJAK_c013_lview_f003120.jpg,1
20260724_053432_RSWJAK_c013_lview_f003150.jpg,1
20260724_053432_RSWJAK_c013_lview_f003180.jpg,1
20260724_053432_RSWJAK_c013_lview_f003210.jpg,1
20260724_053432_RSWJAK_c013_lview_f003240.jpg,1
20260724_053432_RSWJAK_c013_lview_f003270.jpg,1
20260724_053432_RSWJAK_c013_lview_f003300.jpg,1
20260724_053432_RSWJAK_c013_lview_f003330.jpg,1
20260724_053432_RSWJAK_c013_lview_f003360.jpg,1
20260724_053432_RSWJAK_c013_lview_f003390.jpg,1
20260724_053432_RSWJAK_c013_lview_f003420.jpg,1
20260724_053432_RSWJAK_c013_lview_f003450.jpg,1
20260724_053432_RSWJAK_c013_lview_f003480.jpg,1
20260724_053432_RSWJAK_c013_lview_f003510.jpg,1
20260724_053432_RSWJAK_c013_lview_f003540.jpg,1
20260724_053432_RSWJAK_c013_lview_f003570.jpg,1
20260724_053432_RSWJAK_c013_lview_f003600.jpg,1
20260724_053432_RSWJAK_c013_lview_f003630.jpg,1
20260724_053432_RSWJAK_c013_lview_f003660.jpg,1
20260724_053432_RSWJAK_c013_lview_f003690.jpg,1
20260724_053432_RSWJAK_c013_lview_f003720.jpg,1
20260724_053432_RSWJAK_c013_lview_f003750.jpg,1
20260724_053432_RSWJAK_c013_lview_f003780.jpg,1
20260724_053432_RSWJAK_c013_lview_f003810.jpg,1
20260724_053432_RSWJAK_c013_lview_f003840.jpg,1
20260724_053432_RSWJAK_c013_lview_f003870.jpg,1
20260724_053432_RSWJAK_c013_lview_f003900.jpg,1
20260724_053432_RSWJAK_c013_lview_f003930.jpg,1
20260724_053432_RSWJAK_c013_lview_f003960.jpg,1
20260724_053432_RSWJAK_c013_lview_f003990.jpg,1
20260724_053432_RSWJAK_c013_lview_f004020.jpg,1
20260724_053432_RSWJAK_c013_lview_f004050.jpg,1
20260724_053432_RSWJAK_c013_lview_f004080.jpg,1
20260724_053432_RSWJAK_c013_lview_f004110.jpg,1
20260724_053432_RSWJAK_c013_lview_f004140.jpg,1
20260724_053432_RSWJAK_c013_lview_f004170.jpg,1
20260724_053432_RSWJAK_c013_lview_f004200.jpg,1
20260724_053432_RSWJAK_c013_lview_f004230.jpg,1
20260724_053432_RSWJAK_c013_lview_f004260.jpg,1
20260724_053432_RSWJAK_c013_lview_f004290.jpg,1
20260724_053432_RSWJAK_c013_lview_f004320.jpg,1
20260724_053432_RSWJAK_c013_lview_f004350.jpg,1
20260724_053432_RSWJAK_c013_lview_f004380.jpg,1
20260724_053432_RSWJAK_c013_lview_f004410.jpg,1
20260724_053432_RSWJAK_c013_lview_f004440.jpg,1
20260724_053432_RSWJAK_c013_lview_f004470.jpg,1
20260724_053432_RSWJAK_c013_lview_f004530.jpg,1
20260724_053432_RSWJAK_c013_lview_f004560.jpg,1
20260724_053432_RSWJAK_c013_lview_f004590.jpg,1
20260724_053432_RSWJAK_c013_lview_f004620.jpg,1
20260724_053432_RSWJAK_c013_lview_f004650.jpg,1
20260724_053432_RSWJAK_c013_lview_f004680.jpg,1
20260724_053432_RSWJAK_c013_lview_f004710.jpg,1
20260724_053432_RSWJAK_c013_lview_f004740.jpg,1
20260724_053432_RSWJAK_c013_lview_f004770.jpg,1
20260724_053432_RSWJAK_c013_lview_f004800.jpg,1
20260724_053432_RSWJAK_c013_lview_f004830.jpg,1
20260724_053432_RSWJAK_c013_lview_f004860.jpg,1
20260724_053432_RSWJAK_c013_lview_f004890.jpg,1
20260724_053432_RSWJAK_c013_lview_f004920.jpg,1
20260724_053432_RSWJAK_c013_lview_f004950.jpg,1
20260724_053432_RSWJAK_c013_lview_f004980.jpg,1
20260724_053432_RSWJAK_c013_lview_f005010.jpg,1
20260724_053432_RSWJAK_c013_lview_f005040.jpg,1
20260724_053432_RSWJAK_c013_lview_f005070.jpg,1
20260724_053432_RSWJAK_c013_lview_f005100.jpg,1
20260724_053432_RSWJAK_c013_lview_f005130.jpg,1
20260724_053432_RSWJAK_c013_lview_f005160.jpg,1
20260724_053432_RSWJAK_c013_lview_f005190.jpg,1
20260724_053432_RSWJAK_c013_lview_f005220.jpg,1
20260724_053432_RSWJAK_c013_lview_f005250.jpg,1
20260724_053432_RSWJAK_c013_lview_f005280.jpg,1
20260724_053432_RSWJAK_c013_lview_f005310.jpg,1
20260724_053432_RSWJAK_c013_lview_f005340.jpg,1
20260724_053432_RSWJAK_c013_lview_f005370.jpg,1
20260724_053432_RSWJAK_c013_lview_f005400.jpg,1
20260724_053432_RSWJAK_c013_lview_f005430.jpg,1
20260724_053432_RSWJAK_c013_lview_f005460.jpg,1
20260724_053432_RSWJAK_c013_lview_f005490.jpg,1
20260724_053432_RSWJAK_c013_lview_f005520.jpg,1
20260724_053432_RSWJAK_c013_lview_f005550.jpg,1
20260724_053432_RSWJAK_c013_lview_f005580.jpg,1
20260724_053432_RSWJAK_c013_lview_f005610.jpg,1
20260724_053432_RSWJAK_c013_lview_f005640.jpg,1
20260724_053432_RSWJAK_c013_lview_f005670.jpg,1
20260724_053432_RSWJAK_c013_lview_f005700.jpg,1
20260724_053432_RSWJAK_c013_lview_f005730.jpg,1
20260724_053432_RSWJAK_c013_lview_f005760.jpg,1
20260724_053432_RSWJAK_c013_lview_f005790.jpg,1
20260724_053432_RSWJAK_c013_lview_f005820.jpg,1
20260724_053432_RSWJAK_c013_lview_f005850.jpg,1
20260724_053432_RSWJAK_c013_lview_f005880.jpg,1
20260724_053432_RSWJAK_c013_lview_f005910.jpg,1
20260724_053432_RSWJAK_c013_lview_f005940.jpg,1
20260724_053432_RSWJAK_c013_lview_f005970.jpg,1
20260724_053432_RSWJAK_c013_lview_f006000.jpg,1
20260724_053432_RSWJAK_c013_lview_f006030.jpg,1
20260724_053432_RSWJAK_c013_lview_f006060.jpg,1
20260724_053432_RSWJAK_c013_lview_f006090.jpg,1
20260724_053432_RSWJAK_c013_lview_f006120.jpg,1
20260724_053432_RSWJAK_c013_lview_f006150.jpg,1
20260724_053432_RSWJAK_c013_lview_f006180.jpg,1
20260724_053432_RSWJAK_c013_lview_f006210.jpg,1
20260724_053432_RSWJAK_c013_lview_f006240.jpg,1
20260724_053432_RSWJAK_c013_lview_f006270.jpg,1
20260724_053432_RSWJAK_c013_lview_f006300.jpg,1
20260724_053432_RSWJAK_c013_lview_f006330.jpg,1
20260724_053432_RSWJAK_c013_lview_f006360.jpg,1
20260724_053432_RSWJAK_c013_lview_f006390.jpg,1
20260724_053432_RSWJAK_c013_lview_f006420.jpg,1
20260724_053432_RSWJAK_c013_lview_f006450.jpg,1
20260724_053432_RSWJAK_c013_lview_f006480.jpg,1
20260724_053432_RSWJAK_c013_lview_f006510.jpg,1
20260724_053432_RSWJAK_c013_lview_f006540.jpg,1
20260724_053432_RSWJAK_c013_lview_f006570.jpg,1
20260724_053432_RSWJAK_c013_lview_f006600.jpg,1
20260724_053432_RSWJAK_c013_lview_f006630.jpg,1
20260724_053432_RSWJAK_c013_lview_f006660.jpg,1
20260724_053432_RSWJAK_c013_lview_f006690.jpg,1
20260724_053432_RSWJAK_c013_lview_f006720.jpg,1
20260724_053432_RSWJAK_c013_lview_f006750.jpg,1
20260724_053432_RSWJAK_c013_lview_f006780.jpg,1
20260724_053432_RSWJAK_c013_lview_f006810.jpg,1
20260724_053432_RSWJAK_c013_lview_f006840.jpg,1
20260724_053432_RSWJAK_c013_lview_f006870.jpg,1
20260724_053432_RSWJAK_c013_lview_f006900.jpg,1
20260724_053432_RSWJAK_c013_lview_f006930.jpg,1
20260724_053432_RSWJAK_c013_lview_f006960.jpg,1
20260724_053432_RSWJAK_c013_lview_f006990.jpg,1
20260724_053432_RSWJAK_c013_lview_f007020.jpg,1
20260724_053432_RSWJAK_c013_lview_f007050.jpg,1
20260724_053432_RSWJAK_c013_lview_f007080.jpg,1
20260724_053432_RSWJAK_c013_lview_f007110.jpg,1
20260724_053432_RSWJAK_c013_lview_f007140.jpg,1
20260724_053432_RSWJAK_c013_lview_f007170.jpg,1
20260724_053432_RSWJAK_c013_lview_f007200.jpg,1
20260724_053432_RSWJAK_c013_lview_f007230.jpg,1
20260724_053432_RSWJAK_c013_lview_f007260.jpg,1
20260724_053432_RSWJAK_c013_lview_f007290.jpg,1
20260724_053432_RSWJAK_c013_lview_f007320.jpg,1
20260724_053432_RSWJAK_c013_lview_f007350.jpg,1
20260724_053432_RSWJAK_c013_lview_f007380.jpg,1
20260724_053432_RSWJAK_c013_lview_f007410.jpg,1
20260724_053432_RSWJAK_c013_lview_f007440.jpg,1
20260724_053432_RSWJAK_c013_lview_f007470.jpg,1
20260724_053432_RSWJAK_c013_lview_f007500.jpg,1
20260724_053432_RSWJAK_c013_lview_f007530.jpg,1
20260724_053432_RSWJAK_c013_lview_f007560.jpg,1
20260724_053432_RSWJAK_c013_lview_f007590.jpg,1
20260724_053432_RSWJAK_c013_lview_f007620.jpg,1
20260724_053432_RSWJAK_c013_lview_f007650.jpg,1
20260724_053432_RSWJAK_c013_lview_f007680.jpg,1
20260724_053432_RSWJAK_c013_lview_f007710.jpg,1
20260724_053432_RSWJAK_c013_lview_f007740.jpg,1
20260724_053432_RSWJAK_c013_lview_f007770.jpg,1
20260724_053432_RSWJAK_c013_lview_f007800.jpg,1
20260724_053432_RSWJAK_c013_lview_f007830.jpg,1
20260724_053432_RSWJAK_c013_lview_f007860.jpg,1
20260724_053432_RSWJAK_c013_lview_f007890.jpg,1
20260724_053432_RSWJAK_c013_lview_f007920.jpg,1
20260724_053432_RSWJAK_c013_lview_f007950.jpg,1
20260724_053432_RSWJAK_c013_lview_f007980.jpg,1
20260724_053432_RSWJAK_c013_lview_f008010.jpg,1
20260724_053432_RSWJAK_c013_lview_f008040.jpg,1
20260724_053432_RSWJAK_c013_lview_f008070.jpg,1
20260724_053432_RSWJAK_c013_lview_f008100.jpg,1
20260724_053432_RSWJAK_c013_lview_f008190.jpg,1
20260724_053432_RSWJAK_c013_lview_f008220.jpg,1
20260724_053432_RSWJAK_c013_lview_f008250.jpg,1
20260724_053432_RSWJAK_c013_lview_f008280.jpg,1
20260724_053432_RSWJAK_c013_lview_f008310.jpg,1
20260724_053432_RSWJAK_c013_lview_f008340.jpg,1
20260724_053432_RSWJAK_c013_lview_f008370.jpg,1
20260724_053432_RSWJAK_c013_lview_f008400.jpg,1
20260724_053432_RSWJAK_c013_lview_f008430.jpg,1
20260724_053432_RSWJAK_c013_lview_f008460.jpg,1
20260724_053432_RSWJAK_c013_lview_f008550.jpg,1
20260724_053432_RSWJAK_c013_lview_f008580.jpg,1
20260724_053432_RSWJAK_c013_lview_f008610.jpg,1
20260724_053432_RSWJAK_c013_lview_f008640.jpg,1
20260724_053432_RSWJAK_c013_lview_f008670.jpg,1
20260724_053432_RSWJAK_c013_lview_f008730.jpg,1
20260724_053432_RSWJAK_c013_lview_f008760.jpg,1
20260724_053432_RSWJAK_c013_lview_f008790.jpg,1
20260724_053432_RSWJAK_c013_lview_f008820.jpg,1
20260724_053432_RSWJAK_c013_lview_f008850.jpg,1
20260724_053432_RSWJAK_c013_lview_f008880.jpg,1
20260724_053432_RSWJAK_c013_lview_f008910.jpg,1
20260724_053432_RSWJAK_c013_lview_f008940.jpg,1
20260724_053432_RSWJAK_c013_lview_f008970.jpg,1
20260724_053432_RSWJAK_c013_lview_f009000.jpg,1
20260724_053432_RSWJAK_c013_lview_f009030.jpg,1
20260724_053432_RSWJAK_c013_lview_f009060.jpg,1
20260724_053432_RSWJAK_c013_lview_f009090.jpg,1
20260724_053432_RSWJAK_c013_lview_f009120.jpg,1
20260724_053432_RSWJAK_c013_lview_f009150.jpg,1
20260724_053432_RSWJAK_c013_lview_f009180.jpg,1
20260724_053432_RSWJAK_c013_lview_f009210.jpg,1
20260724_053432_RSWJAK_c013_lview_f009300.jpg,1
20260724_053432_RSWJAK_c013_lview_f009330.jpg,1
20260724_053432_RSWJAK_c013_lview_f009360.jpg,1
20260724_053432_RSWJAK_c013_lview_f009390.jpg,1
20260724_053432_RSWJAK_c013_lview_f009420.jpg,1
20260724_053432_RSWJAK_c013_lview_f009450.jpg,1
20260724_053432_RSWJAK_c013_lview_f009480.jpg,1
20260724_053432_RSWJAK_c013_lview_f009510.jpg,1
20260724_053432_RSWJAK_c013_lview_f009540.jpg,1
20260724_053432_RSWJAK_c013_lview_f009570.jpg,1
20260724_053432_RSWJAK_c013_lview_f009600.jpg,1
20260724_053432_RSWJAK_c013_lview_f009630.jpg,1
20260724_053432_RSWJAK_c013_lview_f009660.jpg,1
20260724_053432_RSWJAK_c013_lview_f009690.jpg,1
20260724_053432_RSWJAK_c013_lview_f009750.jpg,1
20260724_053432_RSWJAK_c013_lview_f010080.jpg,1
20260724_053432_RSWJAK_c013_lview_f010230.jpg,1
20260724_053432_RSWJAK_c013_lview_f010290.jpg,1
20260724_053432_RSWJAK_c013_lview_f010320.jpg,1
20260724_053432_RSWJAK_c013_lview_f010350.jpg,1
20260724_053432_RSWJAK_c013_lview_f010380.jpg,1
20260724_053432_RSWJAK_c013_lview_f010410.jpg,1
20260724_053432_RSWJAK_c013_lview_f010440.jpg,1
20260724_053432_RSWJAK_c013_lview_f010470.jpg,1
20260724_053432_RSWJAK_c013_lview_f010500.jpg,1
20260724_053432_RSWJAK_c013_lview_f010530.jpg,1
20260724_053432_RSWJAK_c013_lview_f010560.jpg,1
20260724_053432_RSWJAK_c013_lview_f010650.jpg,1
20260724_053432_RSWJAK_c013_lview_f010710.jpg,1
20260724_053432_RSWJAK_c013_lview_f010740.jpg,1
20260724_053432_RSWJAK_c013_lview_f010770.jpg,1
20260724_053432_RSWJAK_c013_rview_f000030.jpg,1
20260724_053432_RSWJAK_c013_rview_f000060.jpg,1
20260724_053432_RSWJAK_c013_rview_f000090.jpg,1
20260724_053432_RSWJAK_c013_rview_f000120.jpg,1
20260724_053432_RSWJAK_c013_rview_f000150.jpg,1
20260724_053432_RSWJAK_c013_rview_f000210.jpg,1
20260724_053432_RSWJAK_c013_rview_f000240.jpg,1
20260724_053432_RSWJAK_c013_rview_f000270.jpg,1
20260724_053432_RSWJAK_c013_rview_f000300.jpg,1
20260724_053432_RSWJAK_c013_rview_f000330.jpg,1
20260724_053432_RSWJAK_c013_rview_f000360.jpg,1
20260724_053432_RSWJAK_c013_rview_f000390.jpg,1
20260724_053432_RSWJAK_c013_rview_f000420.jpg,1
20260724_053432_RSWJAK_c013_rview_f000450.jpg,1
20260724_053432_RSWJAK_c013_rview_f000480.jpg,1
20260724_053432_RSWJAK_c013_rview_f000510.jpg,1
20260724_053432_RSWJAK_c013_rview_f000540.jpg,1
20260724_053432_RSWJAK_c013_rview_f000570.jpg,1
20260724_053432_RSWJAK_c013_rview_f000600.jpg,1
20260724_053432_RSWJAK_c013_rview_f000630.jpg,1
20260724_053432_RSWJAK_c013_rview_f000660.jpg,1
20260724_053432_RSWJAK_c013_rview_f000690.jpg,1
20260724_053432_RSWJAK_c013_rview_f000720.jpg,1
20260724_053432_RSWJAK_c013_rview_f000750.jpg,1
20260724_053432_RSWJAK_c013_rview_f000780.jpg,1
20260724_053432_RSWJAK_c013_rview_f000810.jpg,1
20260724_053432_RSWJAK_c013_rview_f000840.jpg,1
20260724_053432_RSWJAK_c013_rview_f000870.jpg,1
20260724_053432_RSWJAK_c013_rview_f000900.jpg,1
20260724_053432_RSWJAK_c013_rview_f000930.jpg,1
20260724_053432_RSWJAK_c013_rview_f000960.jpg,1
20260724_053432_RSWJAK_c013_rview_f000990.jpg,1
20260724_053432_RSWJAK_c013_rview_f001020.jpg,1
20260724_053432_RSWJAK_c013_rview_f001050.jpg,1
20260724_053432_RSWJAK_c013_rview_f001080.jpg,1
20260724_053432_RSWJAK_c013_rview_f001110.jpg,1
20260724_053432_RSWJAK_c013_rview_f001140.jpg,1
20260724_053432_RSWJAK_c013_rview_f001170.jpg,1
20260724_053432_RSWJAK_c013_rview_f001200.jpg,1
20260724_053432_RSWJAK_c013_rview_f001230.jpg,1
20260724_053432_RSWJAK_c013_rview_f001260.jpg,1
20260724_053432_RSWJAK_c013_rview_f001290.jpg,1
20260724_053432_RSWJAK_c013_rview_f001320.jpg,1
20260724_053432_RSWJAK_c013_rview_f001350.jpg,1
20260724_053432_RSWJAK_c013_rview_f001380.jpg,1
20260724_053432_RSWJAK_c013_rview_f001410.jpg,1
20260724_053432_RSWJAK_c013_rview_f001440.jpg,1
20260724_053432_RSWJAK_c013_rview_f001470.jpg,1
20260724_053432_RSWJAK_c013_rview_f001500.jpg,1
20260724_053432_RSWJAK_c013_rview_f001530.jpg,1
20260724_053432_RSWJAK_c013_rview_f001560.jpg,1
20260724_053432_RSWJAK_c013_rview_f001590.jpg,1
20260724_053432_RSWJAK_c013_rview_f001620.jpg,1
20260724_053432_RSWJAK_c013_rview_f001650.jpg,1
20260724_053432_RSWJAK_c013_rview_f001680.jpg,1
20260724_053432_RSWJAK_c013_rview_f001710.jpg,1
20260724_053432_RSWJAK_c013_rview_f001740.jpg,1
20260724_053432_RSWJAK_c013_rview_f001770.jpg,1
20260724_053432_RSWJAK_c013_rview_f001800.jpg,1
20260724_053432_RSWJAK_c013_rview_f001830.jpg,1
20260724_053432_RSWJAK_c013_rview_f001860.jpg,1
20260724_053432_RSWJAK_c013_rview_f001890.jpg,1
20260724_053432_RSWJAK_c013_rview_f001920.jpg,1
20260724_053432_RSWJAK_c013_rview_f001950.jpg,1
20260724_053432_RSWJAK_c013_rview_f001980.jpg,1
20260724_053432_RSWJAK_c013_rview_f002010.jpg,1
20260724_053432_RSWJAK_c013_rview_f002040.jpg,1
20260724_053432_RSWJAK_c013_rview_f002070.jpg,1
20260724_053432_RSWJAK_c013_rview_f002100.jpg,1
20260724_053432_RSWJAK_c013_rview_f002130.jpg,1
20260724_053432_RSWJAK_c013_rview_f002160.jpg,1
20260724_053432_RSWJAK_c013_rview_f002190.jpg,1
20260724_053432_RSWJAK_c013_rview_f002220.jpg,1
20260724_053432_RSWJAK_c013_rview_f002250.jpg,1
20260724_053432_RSWJAK_c013_rview_f002280.jpg,1
20260724_053432_RSWJAK_c013_rview_f002310.jpg,1
20260724_053432_RSWJAK_c013_rview_f002340.jpg,1
20260724_053432_RSWJAK_c013_rview_f002370.jpg,1
20260724_053432_RSWJAK_c013_rview_f002400.jpg,1
20260724_053432_RSWJAK_c013_rview_f002430.jpg,1
20260724_053432_RSWJAK_c013_rview_f002460.jpg,1
20260724_053432_RSWJAK_c013_rview_f002490.jpg,1
20260724_053432_RSWJAK_c013_rview_f002520.jpg,1
20260724_053432_RSWJAK_c013_rview_f002550.jpg,1
20260724_053432_RSWJAK_c013_rview_f002580.jpg,1
20260724_053432_RSWJAK_c013_rview_f002610.jpg,1
20260724_053432_RSWJAK_c013_rview_f002640.jpg,1
20260724_053432_RSWJAK_c013_rview_f002670.jpg,1
20260724_053432_RSWJAK_c013_rview_f002700.jpg,1
20260724_053432_RSWJAK_c013_rview_f002730.jpg,1
20260724_053432_RSWJAK_c013_rview_f002760.jpg,1
20260724_053432_RSWJAK_c013_rview_f002790.jpg,1
20260724_053432_RSWJAK_c013_rview_f002820.jpg,1
20260724_053432_RSWJAK_c013_rview_f002850.jpg,1
20260724_053432_RSWJAK_c013_rview_f002880.jpg,1
20260724_053432_RSWJAK_c013_rview_f002910.jpg,1
20260724_053432_RSWJAK_c013_rview_f002940.jpg,1
20260724_053432_RSWJAK_c013_rview_f002970.jpg,1
20260724_053432_RSWJAK_c013_rview_f003000.jpg,1
20260724_053432_RSWJAK_c013_rview_f003030.jpg,1
20260724_053432_RSWJAK_c013_rview_f003060.jpg,1
20260724_053432_RSWJAK_c013_rview_f003090.jpg,1
20260724_053432_RSWJAK_c013_rview_f003120.jpg,1
20260724_053432_RSWJAK_c013_rview_f003150.jpg,1
20260724_053432_RSWJAK_c013_rview_f003180.jpg,1
20260724_053432_RSWJAK_c013_rview_f003210.jpg,1
20260724_053432_RSWJAK_c013_rview_f003240.jpg,1
20260724_053432_RSWJAK_c013_rview_f003270.jpg,1
20260724_053432_RSWJAK_c013_rview_f003300.jpg,1
20260724_053432_RSWJAK_c013_rview_f003330.jpg,1
20260724_053432_RSWJAK_c013_rview_f003360.jpg,1
20260724_053432_RSWJAK_c013_rview_f003390.jpg,1
20260724_053432_RSWJAK_c013_rview_f003420.jpg,1
20260724_053432_RSWJAK_c013_rview_f003450.jpg,1
20260724_053432_RSWJAK_c013_rview_f003480.jpg,1
20260724_053432_RSWJAK_c013_rview_f003510.jpg,1
20260724_053432_RSWJAK_c013_rview_f003540.jpg,1
20260724_053432_RSWJAK_c013_rview_f003570.jpg,1
20260724_053432_RSWJAK_c013_rview_f003600.jpg,1
20260724_053432_RSWJAK_c013_rview_f003630.jpg,1
20260724_053432_RSWJAK_c013_rview_f003660.jpg,1
20260724_053432_RSWJAK_c013_rview_f003690.jpg,1
20260724_053432_RSWJAK_c013_rview_f003720.jpg,1
20260724_053432_RSWJAK_c013_rview_f003750.jpg,1
20260724_053432_RSWJAK_c013_rview_f003780.jpg,1
20260724_053432_RSWJAK_c013_rview_f003810.jpg,1
20260724_053432_RSWJAK_c013_rview_f003840.jpg,1
20260724_053432_RSWJAK_c013_rview_f003870.jpg,1
20260724_053432_RSWJAK_c013_rview_f003900.jpg,1
20260724_053432_RSWJAK_c013_rview_f003930.jpg,1
20260724_053432_RSWJAK_c013_rview_f003960.jpg,1
20260724_053432_RSWJAK_c013_rview_f003990.jpg,1
20260724_053432_RSWJAK_c013_rview_f004020.jpg,1
20260724_053432_RSWJAK_c013_rview_f004050.jpg,1
20260724_053432_RSWJAK_c013_rview_f004080.jpg,1
20260724_053432_RSWJAK_c013_rview_f004110.jpg,1
20260724_053432_RSWJAK_c013_rview_f004140.jpg,1
20260724_053432_RSWJAK_c013_rview_f004170.jpg,1
20260724_053432_RSWJAK_c013_rview_f004200.jpg,1
20260724_053432_RSWJAK_c013_rview_f004230.jpg,1
20260724_053432_RSWJAK_c013_rview_f004260.jpg,1
20260724_053432_RSWJAK_c013_rview_f004290.jpg,1
20260724_053432_RSWJAK_c013_rview_f004320.jpg,1
20260724_053432_RSWJAK_c013_rview_f004350.jpg,1
20260724_053432_RSWJAK_c013_rview_f004380.jpg,1
20260724_053432_RSWJAK_c013_rview_f004410.jpg,1
20260724_053432_RSWJAK_c013_rview_f004440.jpg,1
20260724_053432_RSWJAK_c013_rview_f004470.jpg,1
20260724_053432_RSWJAK_c013_rview_f004500.jpg,1
20260724_053432_RSWJAK_c013_rview_f004530.jpg,1
20260724_053432_RSWJAK_c013_rview_f004560.jpg,1
20260724_053432_RSWJAK_c013_rview_f004590.jpg,1
20260724_053432_RSWJAK_c013_rview_f004620.jpg,1
20260724_053432_RSWJAK_c013_rview_f004650.jpg,1
20260724_053432_RSWJAK_c013_rview_f004680.jpg,1
20260724_053432_RSWJAK_c013_rview_f004710.jpg,1
20260724_053432_RSWJAK_c013_rview_f004740.jpg,1
20260724_053432_RSWJAK_c013_rview_f004770.jpg,1
20260724_053432_RSWJAK_c013_rview_f004800.jpg,1
20260724_053432_RSWJAK_c013_rview_f004830.jpg,1
20260724_053432_RSWJAK_c013_rview_f004860.jpg,1
20260724_053432_RSWJAK_c013_rview_f004890.jpg,1
20260724_053432_RSWJAK_c013_rview_f004920.jpg,1
20260724_053432_RSWJAK_c013_rview_f004950.jpg,1
20260724_053432_RSWJAK_c013_rview_f004980.jpg,1
20260724_053432_RSWJAK_c013_rview_f005010.jpg,1
20260724_053432_RSWJAK_c013_rview_f005040.jpg,1
20260724_053432_RSWJAK_c013_rview_f005070.jpg,1
20260724_053432_RSWJAK_c013_rview_f005100.jpg,1
20260724_053432_RSWJAK_c013_rview_f005130.jpg,1
20260724_053432_RSWJAK_c013_rview_f005160.jpg,1
20260724_053432_RSWJAK_c013_rview_f005190.jpg,1
20260724_053432_RSWJAK_c013_rview_f005220.jpg,1
20260724_053432_RSWJAK_c013_rview_f005250.jpg,1
20260724_053432_RSWJAK_c013_rview_f005280.jpg,1
20260724_053432_RSWJAK_c013_rview_f005310.jpg,1
20260724_053432_RSWJAK_c013_rview_f005340.jpg,1
20260724_053432_RSWJAK_c013_rview_f005370.jpg,1
20260724_053432_RSWJAK_c013_rview_f005400.jpg,1
20260724_053432_RSWJAK_c013_rview_f005430.jpg,1
20260724_053432_RSWJAK_c013_rview_f005460.jpg,1
20260724_053432_RSWJAK_c013_rview_f005490.jpg,1
20260724_053432_RSWJAK_c013_rview_f005520.jpg,1
20260724_053432_RSWJAK_c013_rview_f005550.jpg,1
20260724_053432_RSWJAK_c013_rview_f005580.jpg,1
20260724_053432_RSWJAK_c013_rview_f005610.jpg,1
20260724_053432_RSWJAK_c013_rview_f005640.jpg,1
20260724_053432_RSWJAK_c013_rview_f005670.jpg,1
20260724_053432_RSWJAK_c013_rview_f005700.jpg,1
20260724_053432_RSWJAK_c013_rview_f005730.jpg,1
20260724_053432_RSWJAK_c013_rview_f005760.jpg,1
20260724_053432_RSWJAK_c013_rview_f005790.jpg,1
20260724_053432_RSWJAK_c013_rview_f005820.jpg,1
20260724_053432_RSWJAK_c013_rview_f005850.jpg,1
20260724_053432_RSWJAK_c013_rview_f005880.jpg,1
20260724_053432_RSWJAK_c013_rview_f005910.jpg,1
20260724_053432_RSWJAK_c013_rview_f005940.jpg,1
20260724_053432_RSWJAK_c013_rview_f005970.jpg,1
20260724_053432_RSWJAK_c013_rview_f006000.jpg,1
20260724_053432_RSWJAK_c013_rview_f006030.jpg,1
20260724_053432_RSWJAK_c013_rview_f006060.jpg,1
20260724_053432_RSWJAK_c013_rview_f006090.jpg,1
20260724_053432_RSWJAK_c013_rview_f006120.jpg,1
20260724_053432_RSWJAK_c013_rview_f006150.jpg,1
20260724_053432_RSWJAK_c013_rview_f006180.jpg,1
20260724_053432_RSWJAK_c013_rview_f006210.jpg,1
20260724_053432_RSWJAK_c013_rview_f006240.jpg,1
20260724_053432_RSWJAK_c013_rview_f006270.jpg,1
20260724_053432_RSWJAK_c013_rview_f006300.jpg,1
20260724_053432_RSWJAK_c013_rview_f006330.jpg,1
20260724_053432_RSWJAK_c013_rview_f006360.jpg,1
20260724_053432_RSWJAK_c013_rview_f006390.jpg,1
20260724_053432_RSWJAK_c013_rview_f006420.jpg,1
20260724_053432_RSWJAK_c013_rview_f006450.jpg,1
20260724_053432_RSWJAK_c013_rview_f006480.jpg,1
20260724_053432_RSWJAK_c013_rview_f006510.jpg,1
20260724_053432_RSWJAK_c013_rview_f006540.jpg,1
20260724_053432_RSWJAK_c013_rview_f006570.jpg,1
20260724_053432_RSWJAK_c013_rview_f006600.jpg,1
20260724_053432_RSWJAK_c013_rview_f006630.jpg,1
20260724_053432_RSWJAK_c013_rview_f006660.jpg,1
20260724_053432_RSWJAK_c013_rview_f006690.jpg,1
20260724_053432_RSWJAK_c013_rview_f006720.jpg,1
20260724_053432_RSWJAK_c013_rview_f006750.jpg,1
20260724_053432_RSWJAK_c013_rview_f006780.jpg,1
20260724_053432_RSWJAK_c013_rview_f006810.jpg,1
20260724_053432_RSWJAK_c013_rview_f006840.jpg,1
20260724_053432_RSWJAK_c013_rview_f006870.jpg,1
20260724_053432_RSWJAK_c013_rview_f006900.jpg,1
20260724_053432_RSWJAK_c013_rview_f006930.jpg,1
20260724_053432_RSWJAK_c013_rview_f006960.jpg,1
20260724_053432_RSWJAK_c013_rview_f006990.jpg,1
20260724_053432_RSWJAK_c013_rview_f007020.jpg,1
20260724_053432_RSWJAK_c013_rview_f007050.jpg,1
20260724_053432_RSWJAK_c013_rview_f007080.jpg,1
20260724_053432_RSWJAK_c013_rview_f007110.jpg,1
20260724_053432_RSWJAK_c013_rview_f007140.jpg,1
20260724_053432_RSWJAK_c013_rview_f007170.jpg,1
20260724_053432_RSWJAK_c013_rview_f007200.jpg,1
20260724_053432_RSWJAK_c013_rview_f007230.jpg,1
20260724_053432_RSWJAK_c013_rview_f007260.jpg,1
20260724_053432_RSWJAK_c013_rview_f007290.jpg,1
20260724_053432_RSWJAK_c013_rview_f007320.jpg,1
20260724_053432_RSWJAK_c013_rview_f007350.jpg,1
20260724_053432_RSWJAK_c013_rview_f007380.jpg,1
20260724_053432_RSWJAK_c013_rview_f007410.jpg,1
20260724_053432_RSWJAK_c013_rview_f007440.jpg,1
20260724_053432_RSWJAK_c013_rview_f007470.jpg,1
20260724_053432_RSWJAK_c013_rview_f007500.jpg,1
20260724_053432_RSWJAK_c013_rview_f007530.jpg,1
20260724_053432_RSWJAK_c013_rview_f007560.jpg,1
20260724_053432_RSWJAK_c013_rview_f007590.jpg,1
20260724_053432_RSWJAK_c013_rview_f007620.jpg,1
20260724_053432_RSWJAK_c013_rview_f007650.jpg,1
20260724_053432_RSWJAK_c013_rview_f007680.jpg,1
20260724_053432_RSWJAK_c013_rview_f007710.jpg,1
20260724_053432_RSWJAK_c013_rview_f007740.jpg,1
20260724_053432_RSWJAK_c013_rview_f007770.jpg,1
20260724_053432_RSWJAK_c013_rview_f007800.jpg,1
20260724_053432_RSWJAK_c013_rview_f007830.jpg,1
20260724_053432_RSWJAK_c013_rview_f007860.jpg,1
20260724_053432_RSWJAK_c013_rview_f007890.jpg,1
20260724_053432_RSWJAK_c013_rview_f007920.jpg,1
20260724_053432_RSWJAK_c013_rview_f007950.jpg,1
20260724_053432_RSWJAK_c013_rview_f007980.jpg,1
20260724_053432_RSWJAK_c013_rview_f008010.jpg,1
20260724_053432_RSWJAK_c013_rview_f008040.jpg,1
20260724_053432_RSWJAK_c013_rview_f008070.jpg,1
20260724_053432_RSWJAK_c013_rview_f008100.jpg,1
20260724_053432_RSWJAK_c013_rview_f008190.jpg,1
20260724_053432_RSWJAK_c013_rview_f008220.jpg,1
20260724_053432_RSWJAK_c013_rview_f008280.jpg,1
20260724_053432_RSWJAK_c013_rview_f008340.jpg,1
20260724_053432_RSWJAK_c013_rview_f008370.jpg,1
20260724_053432_RSWJAK_c013_rview_f008400.jpg,1
20260724_053432_RSWJAK_c013_rview_f008430.jpg,1
20260724_053432_RSWJAK_c013_rview_f008460.jpg,1
20260724_053432_RSWJAK_c013_rview_f008490.jpg,1
20260724_053432_RSWJAK_c013_rview_f008520.jpg,1
20260724_053432_RSWJAK_c013_rview_f008550.jpg,1
20260724_053432_RSWJAK_c013_rview_f008580.jpg,1
20260724_053432_RSWJAK_c013_rview_f008610.jpg,1
20260724_053432_RSWJAK_c013_rview_f008640.jpg,1
20260724_053432_RSWJAK_c013_rview_f008670.jpg,1
20260724_053432_RSWJAK_c013_rview_f008700.jpg,1
20260724_053432_RSWJAK_c013_rview_f008730.jpg,1
20260724_053432_RSWJAK_c013_rview_f008760.jpg,1
20260724_053432_RSWJAK_c013_rview_f008790.jpg,1
20260724_053432_RSWJAK_c013_rview_f008820.jpg,1
20260724_053432_RSWJAK_c013_rview_f008850.jpg,1
20260724_053432_RSWJAK_c013_rview_f008880.jpg,1
20260724_053432_RSWJAK_c013_rview_f008910.jpg,1
20260724_053432_RSWJAK_c013_rview_f008940.jpg,1
20260724_053432_RSWJAK_c013_rview_f008970.jpg,1
20260724_053432_RSWJAK_c013_rview_f009000.jpg,1
20260724_053432_RSWJAK_c013_rview_f009030.jpg,1
20260724_053432_RSWJAK_c013_rview_f009060.jpg,1
20260724_053432_RSWJAK_c013_rview_f009090.jpg,1
20260724_053432_RSWJAK_c013_rview_f009120.jpg,1
20260724_053432_RSWJAK_c013_rview_f009150.jpg,1
20260724_053432_RSWJAK_c013_rview_f009180.jpg,1
20260724_053432_RSWJAK_c013_rview_f009210.jpg,1
20260724_053432_RSWJAK_c013_rview_f009240.jpg,1
20260724_053432_RSWJAK_c013_rview_f009270.jpg,1
20260724_053432_RSWJAK_c013_rview_f009300.jpg,1
20260724_053432_RSWJAK_c013_rview_f009330.jpg,1
20260724_053432_RSWJAK_c013_rview_f009360.jpg,1
20260724_053432_RSWJAK_c013_rview_f009390.jpg,1
20260724_053432_RSWJAK_c013_rview_f009420.jpg,1
20260724_053432_RSWJAK_c013_rview_f009450.jpg,1
20260724_053432_RSWJAK_c013_rview_f009480.jpg,1
20260724_053432_RSWJAK_c013_rview_f009540.jpg,1
20260724_053432_RSWJAK_c013_rview_f009570.jpg,1
20260724_053432_RSWJAK_c013_rview_f009600.jpg,1
20260724_053432_RSWJAK_c013_rview_f009630.jpg,1
20260724_053432_RSWJAK_c013_rview_f009720.jpg,1
20260724_053432_RSWJAK_c013_rview_f009750.jpg,1
20260724_053432_RSWJAK_c013_rview_f009780.jpg,1
20260724_053432_RSWJAK_c013_rview_f009810.jpg,1
20260724_053432_RSWJAK_c013_rview_f009840.jpg,1
20260724_053432_RSWJAK_c013_rview_f009870.jpg,1
20260724_053432_RSWJAK_c013_rview_f010230.jpg,1
20260724_053432_RSWJAK_c013_rview_f010290.jpg,1
20260724_053432_RSWJAK_c013_rview_f010320.jpg,1
20260724_053432_RSWJAK_c013_rview_f010350.jpg,1
20260724_053432_RSWJAK_c013_rview_f010380.jpg,1
20260724_053432_RSWJAK_c013_rview_f010410.jpg,1
20260724_053432_RSWJAK_c013_rview_f010440.jpg,1
20260724_053432_RSWJAK_c013_rview_f010470.jpg,1
20260724_053432_RSWJAK_c013_rview_f010500.jpg,1
20260724_053432_RSWJAK_c013_rview_f010530.jpg,1
20260724_053432_RSWJAK_c013_rview_f010560.jpg,1
20260724_053432_RSWJAK_c013_rview_f010590.jpg,1
20260724_053432_RSWJAK_c013_rview_f010620.jpg,1
20260724_053432_RSWJAK_c013_rview_f010650.jpg,1
20260724_053432_RSWJAK_c013_rview_f010680.jpg,1
20260724_053432_RSWJAK_c013_rview_f010710.jpg,1
20260724_053432_RSWJAK_c013_rview_f010740.jpg,1
20260724_053432_RSWJAK_c013_rview_f010770.jpg,1
20260725_055005_MPCWWA_c000_lview_f000000.jpg,1
20260725_055005_MPCWWA_c000_lview_f000030.jpg,1
20260725_055005_MPCWWA_c000_lview_f000060.jpg,1
20260725_055005_MPCWWA_c000_lview_f000090.jpg,1
20260725_055005_MPCWWA_c000_lview_f000120.jpg,1
20260725_055005_MPCWWA_c000_lview_f000150.jpg,1
20260725_055005_MPCWWA_c000_lview_f000180.jpg,1
20260725_055005_MPCWWA_c000_lview_f000210.jpg,1
20260725_055005_MPCWWA_c000_lview_f000240.jpg,1
20260725_055005_MPCWWA_c000_lview_f000270.jpg,1
20260725_055005_MPCWWA_c000_lview_f000300.jpg,1
20260725_055005_MPCWWA_c000_lview_f000330.jpg,1
20260725_055005_MPCWWA_c000_lview_f000360.jpg,1
20260725_055005_MPCWWA_c000_lview_f000390.jpg,1
20260725_055005_MPCWWA_c000_lview_f000420.jpg,1
20260725_055005_MPCWWA_c000_lview_f000450.jpg,1
20260725_055005_MPCWWA_c000_lview_f000480.jpg,1
20260725_055005_MPCWWA_c000_lview_f000510.jpg,1
20260725_055005_MPCWWA_c000_lview_f000540.jpg,1
20260725_055005_MPCWWA_c000_lview_f000570.jpg,1
20260725_055005_MPCWWA_c000_lview_f000600.jpg,1
20260725_055005_MPCWWA_c000_lview_f000630.jpg,1
20260725_055005_MPCWWA_c000_lview_f000660.jpg,1
20260725_055005_MPCWWA_c000_lview_f000690.jpg,1
20260725_055005_MPCWWA_c000_lview_f000720.jpg,1
20260725_055005_MPCWWA_c000_lview_f000750.jpg,1
20260725_055005_MPCWWA_c000_lview_f000780.jpg,1
20260725_055005_MPCWWA_c000_lview_f000810.jpg,1
20260725_055005_MPCWWA_c000_lview_f000840.jpg,1
20260725_055005_MPCWWA_c000_lview_f000870.jpg,1
20260725_055005_MPCWWA_c000_lview_f000900.jpg,1
20260725_055005_MPCWWA_c000_lview_f000930.jpg,1
20260725_055005_MPCWWA_c000_lview_f000960.jpg,1
20260725_055005_MPCWWA_c000_lview_f000990.jpg,1
20260725_055005_MPCWWA_c000_lview_f001020.jpg,1
20260725_055005_MPCWWA_c000_lview_f001050.jpg,1
20260725_055005_MPCWWA_c000_lview_f001080.jpg,1
20260725_055005_MPCWWA_c000_lview_f001110.jpg,1
20260725_055005_MPCWWA_c000_lview_f001140.jpg,1
20260725_055005_MPCWWA_c000_lview_f001170.jpg,1
20260725_055005_MPCWWA_c000_lview_f001200.jpg,1
20260725_055005_MPCWWA_c000_lview_f001230.jpg,1
20260725_055005_MPCWWA_c000_lview_f001260.jpg,1
20260725_055005_MPCWWA_c000_lview_f001290.jpg,1
20260725_055005_MPCWWA_c000_lview_f001320.jpg,1
20260725_055005_MPCWWA_c000_lview_f001350.jpg,1
20260725_055005_MPCWWA_c000_lview_f001380.jpg,1
20260725_055005_MPCWWA_c000_lview_f001410.jpg,1
20260725_055005_MPCWWA_c000_lview_f001440.jpg,1
20260725_055005_MPCWWA_c000_lview_f001470.jpg,1
20260725_055005_MPCWWA_c000_lview_f001500.jpg,1
20260725_055005_MPCWWA_c000_lview_f001530.jpg,1
20260725_055005_MPCWWA_c000_lview_f001560.jpg,1
20260725_055005_MPCWWA_c000_lview_f001590.jpg,1
20260725_055005_MPCWWA_c000_lview_f001620.jpg,1
20260725_055005_MPCWWA_c000_lview_f001650.jpg,1
20260725_055005_MPCWWA_c000_lview_f001680.jpg,1
20260725_055005_MPCWWA_c000_lview_f001710.jpg,1
20260725_055005_MPCWWA_c000_lview_f001740.jpg,1
20260725_055005_MPCWWA_c000_lview_f001770.jpg,1
20260725_055005_MPCWWA_c000_lview_f001800.jpg,1
20260725_055005_MPCWWA_c000_lview_f001830.jpg,1
20260725_055005_MPCWWA_c000_lview_f001860.jpg,1
20260725_055005_MPCWWA_c000_lview_f001890.jpg,1
20260725_055005_MPCWWA_c000_lview_f001920.jpg,1
20260725_055005_MPCWWA_c000_lview_f001950.jpg,1
20260725_055005_MPCWWA_c000_lview_f001980.jpg,1
20260725_055005_MPCWWA_c000_lview_f002010.jpg,1
20260725_055005_MPCWWA_c000_lview_f002040.jpg,1
20260725_055005_MPCWWA_c000_lview_f002220.jpg,1
20260725_055005_MPCWWA_c000_lview_f002250.jpg,1
20260725_055005_MPCWWA_c000_lview_f002280.jpg,1
20260725_055005_MPCWWA_c000_lview_f002310.jpg,1
20260725_055005_MPCWWA_c000_lview_f002340.jpg,1
20260725_055005_MPCWWA_c000_lview_f002370.jpg,1
20260725_055005_MPCWWA_c000_lview_f002400.jpg,1
20260725_055005_MPCWWA_c000_lview_f002430.jpg,1
20260725_055005_MPCWWA_c000_lview_f002460.jpg,1
20260725_055005_MPCWWA_c000_lview_f002490.jpg,1
20260725_055005_MPCWWA_c000_lview_f002520.jpg,1
20260725_055005_MPCWWA_c000_lview_f002550.jpg,1
20260725_055005_MPCWWA_c000_lview_f002580.jpg,1
20260725_055005_MPCWWA_c000_lview_f002610.jpg,1
20260725_055005_MPCWWA_c000_lview_f002640.jpg,1
20260725_055005_MPCWWA_c000_lview_f002670.jpg,1
20260725_055005_MPCWWA_c000_lview_f002700.jpg,1
20260725_055005_MPCWWA_c000_lview_f002730.jpg,1
20260725_055005_MPCWWA_c000_lview_f002760.jpg,1
20260725_055005_MPCWWA_c000_lview_f002790.jpg,1
20260725_055005_MPCWWA_c000_lview_f002820.jpg,1
20260725_055005_MPCWWA_c000_lview_f002850.jpg,1
20260725_055005_MPCWWA_c000_lview_f002880.jpg,1
20260725_055005_MPCWWA_c000_lview_f002910.jpg,1
20260725_055005_MPCWWA_c000_lview_f002940.jpg,1
20260725_055005_MPCWWA_c000_lview_f002970.jpg,1
20260725_055005_MPCWWA_c000_lview_f003000.jpg,1
20260725_055005_MPCWWA_c000_lview_f003030.jpg,1
20260725_055005_MPCWWA_c000_lview_f003060.jpg,1
20260725_055005_MPCWWA_c000_lview_f003090.jpg,1
20260725_055005_MPCWWA_c000_lview_f003120.jpg,1
20260725_055005_MPCWWA_c000_lview_f003150.jpg,1
20260725_055005_MPCWWA_c000_lview_f003180.jpg,1
20260725_055005_MPCWWA_c000_lview_f003210.jpg,1
20260725_055005_MPCWWA_c000_lview_f003240.jpg,1
20260725_055005_MPCWWA_c000_lview_f003270.jpg,1
20260725_055005_MPCWWA_c000_lview_f003300.jpg,1
20260725_055005_MPCWWA_c000_lview_f003330.jpg,1
20260725_055005_MPCWWA_c000_lview_f003360.jpg,1
20260725_055005_MPCWWA_c000_lview_f003390.jpg,1
20260725_055005_MPCWWA_c000_lview_f003420.jpg,1
20260725_055005_MPCWWA_c000_lview_f003450.jpg,1
20260725_055005_MPCWWA_c000_lview_f003480.jpg,1
20260725_055005_MPCWWA_c000_lview_f003510.jpg,1
20260725_055005_MPCWWA_c000_lview_f003540.jpg,1
20260725_055005_MPCWWA_c000_lview_f003570.jpg,1
20260725_055005_MPCWWA_c000_lview_f003600.jpg,1
20260725_055005_MPCWWA_c000_lview_f003630.jpg,1
20260725_055005_MPCWWA_c000_lview_f003660.jpg,1
20260725_055005_MPCWWA_c000_lview_f003690.jpg,1
20260725_055005_MPCWWA_c000_lview_f003720.jpg,1
20260725_055005_MPCWWA_c000_lview_f003750.jpg,1
20260725_055005_MPCWWA_c000_lview_f003780.jpg,1
20260725_055005_MPCWWA_c000_lview_f003810.jpg,1
20260725_055005_MPCWWA_c000_lview_f003840.jpg,1
20260725_055005_MPCWWA_c000_lview_f003870.jpg,1
20260725_055005_MPCWWA_c000_lview_f003900.jpg,1
20260725_055005_MPCWWA_c000_lview_f003930.jpg,1
20260725_055005_MPCWWA_c000_lview_f003960.jpg,1
20260725_055005_MPCWWA_c000_lview_f003990.jpg,1
20260725_055005_MPCWWA_c000_lview_f004020.jpg,1
20260725_055005_MPCWWA_c000_lview_f004050.jpg,1
20260725_055005_MPCWWA_c000_lview_f004080.jpg,1
20260725_055005_MPCWWA_c000_lview_f004110.jpg,1
20260725_055005_MPCWWA_c000_lview_f004140.jpg,1
20260725_055005_MPCWWA_c000_lview_f004170.jpg,1
20260725_055005_MPCWWA_c000_lview_f004200.jpg,1
20260725_055005_MPCWWA_c000_lview_f004230.jpg,1
20260725_055005_MPCWWA_c000_lview_f004260.jpg,1
20260725_055005_MPCWWA_c000_lview_f004290.jpg,1
20260725_055005_MPCWWA_c000_lview_f004320.jpg,1
20260725_055005_MPCWWA_c000_lview_f004350.jpg,1
20260725_055005_MPCWWA_c000_lview_f004380.jpg,1
20260725_055005_MPCWWA_c000_lview_f004410.jpg,1
20260725_055005_MPCWWA_c000_lview_f004440.jpg,1
20260725_055005_MPCWWA_c000_lview_f004470.jpg,1
20260725_055005_MPCWWA_c000_lview_f004500.jpg,1
20260725_055005_MPCWWA_c000_lview_f004530.jpg,1
20260725_055005_MPCWWA_c000_lview_f004560.jpg,1
20260725_055005_MPCWWA_c000_lview_f004590.jpg,1
20260725_055005_MPCWWA_c000_lview_f004620.jpg,1
20260725_055005_MPCWWA_c000_lview_f004650.jpg,1
20260725_055005_MPCWWA_c000_lview_f004680.jpg,1
20260725_055005_MPCWWA_c000_lview_f004710.jpg,1
20260725_055005_MPCWWA_c000_lview_f004740.jpg,1
20260725_055005_MPCWWA_c000_lview_f004770.jpg,1
20260725_055005_MPCWWA_c000_lview_f004800.jpg,1
20260725_055005_MPCWWA_c000_lview_f004830.jpg,1
20260725_055005_MPCWWA_c000_lview_f004860.jpg,1
20260725_055005_MPCWWA_c000_lview_f004890.jpg,1
20260725_055005_MPCWWA_c000_lview_f004920.jpg,1
20260725_055005_MPCWWA_c000_lview_f004950.jpg,1
20260725_055005_MPCWWA_c000_lview_f004980.jpg,1
20260725_055005_MPCWWA_c000_lview_f005010.jpg,1
20260725_055005_MPCWWA_c000_lview_f005040.jpg,1
20260725_055005_MPCWWA_c000_lview_f005070.jpg,1
20260725_055005_MPCWWA_c000_lview_f005100.jpg,1
20260725_055005_MPCWWA_c000_lview_f005130.jpg,1
20260725_055005_MPCWWA_c000_lview_f005160.jpg,1
20260725_055005_MPCWWA_c000_lview_f005190.jpg,1
20260725_055005_MPCWWA_c000_lview_f005220.jpg,1
20260725_055005_MPCWWA_c000_lview_f005250.jpg,1
20260725_055005_MPCWWA_c000_lview_f005280.jpg,1
20260725_055005_MPCWWA_c000_lview_f005310.jpg,1
20260725_055005_MPCWWA_c000_lview_f005340.jpg,1
20260725_055005_MPCWWA_c000_lview_f005370.jpg,1
20260725_055005_MPCWWA_c000_lview_f005400.jpg,1
20260725_055005_MPCWWA_c000_lview_f005430.jpg,1
20260725_055005_MPCWWA_c000_lview_f005460.jpg,1
20260725_055005_MPCWWA_c000_lview_f005490.jpg,1
20260725_055005_MPCWWA_c000_lview_f005520.jpg,1
20260725_055005_MPCWWA_c000_lview_f005550.jpg,1
20260725_055005_MPCWWA_c000_lview_f005580.jpg,1
20260725_055005_MPCWWA_c000_lview_f005610.jpg,1
20260725_055005_MPCWWA_c000_lview_f005640.jpg,1
20260725_055005_MPCWWA_c000_lview_f005670.jpg,1
20260725_055005_MPCWWA_c000_lview_f005700.jpg,1
20260725_055005_MPCWWA_c000_lview_f005730.jpg,1
20260725_055005_MPCWWA_c000_lview_f005760.jpg,1
20260725_055005_MPCWWA_c000_lview_f005790.jpg,1
20260725_055005_MPCWWA_c000_lview_f005820.jpg,1
20260725_055005_MPCWWA_c000_lview_f005850.jpg,1
20260725_055005_MPCWWA_c000_lview_f005880.jpg,1
20260725_055005_MPCWWA_c000_lview_f005910.jpg,1
20260725_055005_MPCWWA_c000_lview_f005940.jpg,1
20260725_055005_MPCWWA_c000_lview_f005970.jpg,1
20260725_055005_MPCWWA_c000_lview_f006000.jpg,1
20260725_055005_MPCWWA_c000_lview_f006030.jpg,1
20260725_055005_MPCWWA_c000_lview_f006060.jpg,1
20260725_055005_MPCWWA_c000_lview_f006090.jpg,1
20260725_055005_MPCWWA_c000_lview_f006120.jpg,1
20260725_055005_MPCWWA_c000_lview_f006150.jpg,1
20260725_055005_MPCWWA_c000_lview_f006180.jpg,1
20260725_055005_MPCWWA_c000_lview_f006210.jpg,1
20260725_055005_MPCWWA_c000_lview_f006240.jpg,1
20260725_055005_MPCWWA_c000_lview_f006270.jpg,1
20260725_055005_MPCWWA_c000_lview_f006300.jpg,1
20260725_055005_MPCWWA_c000_lview_f006330.jpg,1
20260725_055005_MPCWWA_c000_lview_f006360.jpg,1
20260725_055005_MPCWWA_c000_lview_f006390.jpg,1
20260725_055005_MPCWWA_c000_lview_f006420.jpg,1
20260725_055005_MPCWWA_c000_lview_f006450.jpg,1
20260725_055005_MPCWWA_c000_lview_f006480.jpg,1
20260725_055005_MPCWWA_c000_lview_f006510.jpg,1
20260725_055005_MPCWWA_c000_lview_f006540.jpg,1
20260725_055005_MPCWWA_c000_lview_f006570.jpg,1
20260725_055005_MPCWWA_c000_lview_f006600.jpg,1
20260725_055005_MPCWWA_c000_lview_f006630.jpg,1
20260725_055005_MPCWWA_c000_lview_f006660.jpg,1
20260725_055005_MPCWWA_c000_lview_f006690.jpg,1
20260725_055005_MPCWWA_c000_lview_f006720.jpg,1
20260725_055005_MPCWWA_c000_lview_f006750.jpg,1
20260725_055005_MPCWWA_c000_lview_f006780.jpg,1
20260725_055005_MPCWWA_c000_lview_f006810.jpg,1
20260725_055005_MPCWWA_c000_lview_f006840.jpg,1
20260725_055005_MPCWWA_c000_lview_f006870.jpg,1
20260725_055005_MPCWWA_c000_lview_f006900.jpg,1
20260725_055005_MPCWWA_c000_lview_f006930.jpg,1
20260725_055005_MPCWWA_c000_lview_f006960.jpg,1
20260725_055005_MPCWWA_c000_lview_f006990.jpg,1
20260725_055005_MPCWWA_c000_lview_f007020.jpg,1
20260725_055005_MPCWWA_c000_lview_f007050.jpg,1
20260725_055005_MPCWWA_c000_lview_f007080.jpg,1
20260725_055005_MPCWWA_c000_lview_f007110.jpg,1
20260725_055005_MPCWWA_c000_lview_f007140.jpg,1
20260725_055005_MPCWWA_c000_lview_f007170.jpg,1
20260725_055005_MPCWWA_c000_lview_f007200.jpg,1
20260725_055005_MPCWWA_c000_lview_f007230.jpg,1
20260725_055005_MPCWWA_c000_lview_f007260.jpg,1
20260725_055005_MPCWWA_c000_lview_f007290.jpg,1
20260725_055005_MPCWWA_c000_lview_f007320.jpg,1
20260725_055005_MPCWWA_c000_lview_f007350.jpg,1
20260725_055005_MPCWWA_c000_lview_f007380.jpg,1
20260725_055005_MPCWWA_c000_lview_f007410.jpg,1
20260725_055005_MPCWWA_c000_lview_f007440.jpg,1
20260725_055005_MPCWWA_c000_lview_f007470.jpg,1
20260725_055005_MPCWWA_c000_lview_f007500.jpg,1
20260725_055005_MPCWWA_c000_lview_f007530.jpg,1
20260725_055005_MPCWWA_c000_lview_f007560.jpg,1
20260725_055005_MPCWWA_c000_lview_f007590.jpg,1
20260725_055005_MPCWWA_c000_lview_f007620.jpg,1
20260725_055005_MPCWWA_c000_lview_f007650.jpg,1
20260725_055005_MPCWWA_c000_lview_f007680.jpg,1
20260725_055005_MPCWWA_c000_lview_f007710.jpg,1
20260725_055005_MPCWWA_c000_lview_f007740.jpg,1
20260725_055005_MPCWWA_c000_lview_f007770.jpg,1
20260725_055005_MPCWWA_c000_lview_f007800.jpg,1
20260725_055005_MPCWWA_c000_lview_f007830.jpg,1
20260725_055005_MPCWWA_c000_lview_f007860.jpg,1
20260725_055005_MPCWWA_c000_lview_f007890.jpg,1
20260725_055005_MPCWWA_c000_lview_f007920.jpg,1
20260725_055005_MPCWWA_c000_lview_f007950.jpg,1
20260725_055005_MPCWWA_c000_lview_f007980.jpg,1
20260725_055005_MPCWWA_c000_lview_f008010.jpg,1
20260725_055005_MPCWWA_c000_lview_f008040.jpg,1
20260725_055005_MPCWWA_c000_lview_f008070.jpg,1
20260725_055005_MPCWWA_c000_lview_f008100.jpg,1
20260725_055005_MPCWWA_c000_lview_f008130.jpg,1
20260725_055005_MPCWWA_c000_lview_f008160.jpg,1
20260725_055005_MPCWWA_c000_lview_f008190.jpg,1
20260725_055005_MPCWWA_c000_lview_f008220.jpg,1
20260725_055005_MPCWWA_c000_lview_f008250.jpg,1
20260725_055005_MPCWWA_c000_lview_f008280.jpg,1
20260725_055005_MPCWWA_c000_lview_f008310.jpg,1
20260725_055005_MPCWWA_c000_lview_f008340.jpg,1
20260725_055005_MPCWWA_c000_lview_f008370.jpg,1
20260725_055005_MPCWWA_c000_lview_f008400.jpg,1
20260725_055005_MPCWWA_c000_lview_f008430.jpg,1
20260725_055005_MPCWWA_c000_lview_f008460.jpg,1
20260725_055005_MPCWWA_c000_lview_f008490.jpg,1
20260725_055005_MPCWWA_c000_lview_f008520.jpg,1
20260725_055005_MPCWWA_c000_lview_f008550.jpg,1
20260725_055005_MPCWWA_c000_lview_f008580.jpg,1
20260725_055005_MPCWWA_c000_lview_f008610.jpg,1
20260725_055005_MPCWWA_c000_lview_f008640.jpg,1
20260725_055005_MPCWWA_c000_lview_f008670.jpg,1
20260725_055005_MPCWWA_c000_lview_f008700.jpg,1
20260725_055005_MPCWWA_c000_lview_f008730.jpg,1
20260725_055005_MPCWWA_c000_lview_f008760.jpg,1
20260725_055005_MPCWWA_c000_lview_f008790.jpg,1
20260725_055005_MPCWWA_c000_lview_f008820.jpg,1
20260725_055005_MPCWWA_c000_lview_f008850.jpg,1
20260725_055005_MPCWWA_c000_lview_f008880.jpg,1
20260725_055005_MPCWWA_c000_lview_f008910.jpg,1
20260725_055005_MPCWWA_c000_lview_f008940.jpg,1
20260725_055005_MPCWWA_c000_lview_f008970.jpg,1
20260725_055005_MPCWWA_c000_lview_f009000.jpg,1
20260725_055005_MPCWWA_c000_lview_f009030.jpg,1
20260725_055005_MPCWWA_c000_lview_f009060.jpg,1
20260725_055005_MPCWWA_c000_lview_f009090.jpg,1
20260725_055005_MPCWWA_c000_lview_f009120.jpg,1
20260725_055005_MPCWWA_c000_lview_f009150.jpg,1
20260725_055005_MPCWWA_c000_lview_f009180.jpg,1
20260725_055005_MPCWWA_c000_lview_f009210.jpg,1
20260725_055005_MPCWWA_c000_lview_f009240.jpg,1
20260725_055005_MPCWWA_c000_lview_f009270.jpg,1
20260725_055005_MPCWWA_c000_lview_f009300.jpg,1
20260725_055005_MPCWWA_c000_lview_f009330.jpg,1
20260725_055005_MPCWWA_c000_lview_f009360.jpg,1
20260725_055005_MPCWWA_c000_lview_f009390.jpg,1
20260725_055005_MPCWWA_c000_lview_f009420.jpg,1
20260725_055005_MPCWWA_c000_lview_f009450.jpg,1
20260725_055005_MPCWWA_c000_lview_f009480.jpg,1
20260725_055005_MPCWWA_c000_lview_f009510.jpg,1
20260725_055005_MPCWWA_c000_lview_f009540.jpg,1
20260725_055005_MPCWWA_c000_lview_f009570.jpg,1
20260725_055005_MPCWWA_c000_lview_f009600.jpg,1
20260725_055005_MPCWWA_c000_lview_f009630.jpg,1
20260725_055005_MPCWWA_c000_lview_f009660.jpg,1
20260725_055005_MPCWWA_c000_lview_f009690.jpg,1
20260725_055005_MPCWWA_c000_lview_f009720.jpg,1
20260725_055005_MPCWWA_c000_lview_f009750.jpg,1
20260725_055005_MPCWWA_c000_lview_f009780.jpg,1
20260725_055005_MPCWWA_c000_lview_f009810.jpg,1
20260725_055005_MPCWWA_c000_lview_f009840.jpg,1
20260725_055005_MPCWWA_c000_lview_f009870.jpg,1
20260725_055005_MPCWWA_c000_lview_f009900.jpg,1
20260725_055005_MPCWWA_c000_lview_f009930.jpg,1
20260725_055005_MPCWWA_c000_lview_f009960.jpg,1
20260725_055005_MPCWWA_c000_lview_f009990.jpg,1
20260725_055005_MPCWWA_c000_lview_f010020.jpg,1
20260725_055005_MPCWWA_c000_lview_f010050.jpg,1
20260725_055005_MPCWWA_c000_lview_f010080.jpg,1
20260725_055005_MPCWWA_c000_lview_f010110.jpg,1
20260725_055005_MPCWWA_c000_lview_f010140.jpg,1
20260725_055005_MPCWWA_c000_lview_f010170.jpg,1
20260725_055005_MPCWWA_c000_lview_f010200.jpg,1
20260725_055005_MPCWWA_c000_lview_f010230.jpg,1
20260725_055005_MPCWWA_c000_lview_f010260.jpg,1
20260725_055005_MPCWWA_c000_lview_f010290.jpg,1
20260725_055005_MPCWWA_c000_lview_f010320.jpg,1
20260725_055005_MPCWWA_c000_lview_f010350.jpg,1
20260725_055005_MPCWWA_c000_lview_f010380.jpg,1
20260725_055005_MPCWWA_c000_lview_f010410.jpg,1
20260725_055005_MPCWWA_c000_lview_f010440.jpg,1
20260725_055005_MPCWWA_c000_lview_f010470.jpg,1
20260725_055005_MPCWWA_c000_lview_f010500.jpg,1
20260725_055005_MPCWWA_c000_lview_f010530.jpg,1
20260725_055005_MPCWWA_c000_lview_f010560.jpg,1
20260725_055005_MPCWWA_c000_lview_f010590.jpg,1
20260725_055005_MPCWWA_c000_lview_f010620.jpg,1
20260725_055005_MPCWWA_c000_lview_f010650.jpg,1
20260725_055005_MPCWWA_c000_lview_f010680.jpg,1
20260725_055005_MPCWWA_c000_lview_f010710.jpg,1
20260725_055005_MPCWWA_c000_lview_f010740.jpg,1
20260725_055005_MPCWWA_c000_lview_f010770.jpg,1
20260725_055005_MPCWWA_c000_lview_f010800.jpg,1
20260725_055005_MPCWWA_c000_rview_f000000.jpg,1
20260725_055005_MPCWWA_c000_rview_f000030.jpg,1
20260725_055005_MPCWWA_c000_rview_f000060.jpg,1
20260725_055005_MPCWWA_c000_rview_f000090.jpg,1
20260725_055005_MPCWWA_c000_rview_f000120.jpg,1
20260725_055005_MPCWWA_c000_rview_f000150.jpg,1
20260725_055005_MPCWWA_c000_rview_f000180.jpg,1
20260725_055005_MPCWWA_c000_rview_f000210.jpg,1
20260725_055005_MPCWWA_c000_rview_f000240.jpg,1
20260725_055005_MPCWWA_c000_rview_f000270.jpg,1
20260725_055005_MPCWWA_c000_rview_f000300.jpg,1
20260725_055005_MPCWWA_c000_rview_f000330.jpg,1
20260725_055005_MPCWWA_c000_rview_f000360.jpg,1
20260725_055005_MPCWWA_c000_rview_f000390.jpg,1
20260725_055005_MPCWWA_c000_rview_f000420.jpg,1
20260725_055005_MPCWWA_c000_rview_f000450.jpg,1
20260725_055005_MPCWWA_c000_rview_f000480.jpg,1
20260725_055005_MPCWWA_c000_rview_f000510.jpg,1
20260725_055005_MPCWWA_c000_rview_f000540.jpg,1
20260725_055005_MPCWWA_c000_rview_f000570.jpg,1
20260725_055005_MPCWWA_c000_rview_f000600.jpg,1
20260725_055005_MPCWWA_c000_rview_f000630.jpg,1
20260725_055005_MPCWWA_c000_rview_f000660.jpg,1
20260725_055005_MPCWWA_c000_rview_f000690.jpg,1
20260725_055005_MPCWWA_c000_rview_f000720.jpg,1
20260725_055005_MPCWWA_c000_rview_f000750.jpg,1
20260725_055005_MPCWWA_c000_rview_f000780.jpg,1
20260725_055005_MPCWWA_c000_rview_f000810.jpg,1
20260725_055005_MPCWWA_c000_rview_f000840.jpg,1
20260725_055005_MPCWWA_c000_rview_f000870.jpg,1
20260725_055005_MPCWWA_c000_rview_f000900.jpg,1
20260725_055005_MPCWWA_c000_rview_f000930.jpg,1
20260725_055005_MPCWWA_c000_rview_f000960.jpg,1
20260725_055005_MPCWWA_c000_rview_f000990.jpg,1
20260725_055005_MPCWWA_c000_rview_f001020.jpg,1
20260725_055005_MPCWWA_c000_rview_f001050.jpg,1
20260725_055005_MPCWWA_c000_rview_f001080.jpg,1
20260725_055005_MPCWWA_c000_rview_f001110.jpg,1
20260725_055005_MPCWWA_c000_rview_f001140.jpg,1
20260725_055005_MPCWWA_c000_rview_f001170.jpg,1
20260725_055005_MPCWWA_c000_rview_f001200.jpg,1
20260725_055005_MPCWWA_c000_rview_f001230.jpg,1
20260725_055005_MPCWWA_c000_rview_f001260.jpg,1
20260725_055005_MPCWWA_c000_rview_f001290.jpg,1
20260725_055005_MPCWWA_c000_rview_f001320.jpg,1
20260725_055005_MPCWWA_c000_rview_f001350.jpg,1
20260725_055005_MPCWWA_c000_rview_f001380.jpg,1
20260725_055005_MPCWWA_c000_rview_f001410.jpg,1
20260725_055005_MPCWWA_c000_rview_f001440.jpg,1
20260725_055005_MPCWWA_c000_rview_f001470.jpg,1
20260725_055005_MPCWWA_c000_rview_f001500.jpg,1
20260725_055005_MPCWWA_c000_rview_f001530.jpg,1
20260725_055005_MPCWWA_c000_rview_f001560.jpg,1
20260725_055005_MPCWWA_c000_rview_f001590.jpg,1
20260725_055005_MPCWWA_c000_rview_f001620.jpg,1
20260725_055005_MPCWWA_c000_rview_f001650.jpg,1
20260725_055005_MPCWWA_c000_rview_f001680.jpg,1
20260725_055005_MPCWWA_c000_rview_f001710.jpg,1
20260725_055005_MPCWWA_c000_rview_f001740.jpg,1
20260725_055005_MPCWWA_c000_rview_f001770.jpg,1
20260725_055005_MPCWWA_c000_rview_f001800.jpg,1
20260725_055005_MPCWWA_c000_rview_f001830.jpg,1
20260725_055005_MPCWWA_c000_rview_f001860.jpg,1
20260725_055005_MPCWWA_c000_rview_f001890.jpg,1
20260725_055005_MPCWWA_c000_rview_f001920.jpg,1
20260725_055005_MPCWWA_c000_rview_f001950.jpg,1
20260725_055005_MPCWWA_c000_rview_f001980.jpg,1
20260725_055005_MPCWWA_c000_rview_f002010.jpg,1
20260725_055005_MPCWWA_c000_rview_f002040.jpg,1
20260725_055005_MPCWWA_c000_rview_f002220.jpg,1
20260725_055005_MPCWWA_c000_rview_f002250.jpg,1
20260725_055005_MPCWWA_c000_rview_f002280.jpg,1
20260725_055005_MPCWWA_c000_rview_f002310.jpg,1
20260725_055005_MPCWWA_c000_rview_f002340.jpg,1
20260725_055005_MPCWWA_c000_rview_f002370.jpg,1
20260725_055005_MPCWWA_c000_rview_f002400.jpg,1
20260725_055005_MPCWWA_c000_rview_f002430.jpg,1
20260725_055005_MPCWWA_c000_rview_f002460.jpg,1
20260725_055005_MPCWWA_c000_rview_f002490.jpg,1
20260725_055005_MPCWWA_c000_rview_f002520.jpg,1
20260725_055005_MPCWWA_c000_rview_f002550.jpg,1
20260725_055005_MPCWWA_c000_rview_f002580.jpg,1
20260725_055005_MPCWWA_c000_rview_f002610.jpg,1
20260725_055005_MPCWWA_c000_rview_f002640.jpg,1
20260725_055005_MPCWWA_c000_rview_f002670.jpg,1
20260725_055005_MPCWWA_c000_rview_f002700.jpg,1
20260725_055005_MPCWWA_c000_rview_f002730.jpg,1
20260725_055005_MPCWWA_c000_rview_f002760.jpg,1
20260725_055005_MPCWWA_c000_rview_f002790.jpg,1
20260725_055005_MPCWWA_c000_rview_f002820.jpg,1
20260725_055005_MPCWWA_c000_rview_f002850.jpg,1
20260725_055005_MPCWWA_c000_rview_f002880.jpg,1
20260725_055005_MPCWWA_c000_rview_f002910.jpg,1
20260725_055005_MPCWWA_c000_rview_f002940.jpg,1
20260725_055005_MPCWWA_c000_rview_f002970.jpg,1
20260725_055005_MPCWWA_c000_rview_f003000.jpg,1
20260725_055005_MPCWWA_c000_rview_f003030.jpg,1
20260725_055005_MPCWWA_c000_rview_f003060.jpg,1
20260725_055005_MPCWWA_c000_rview_f003090.jpg,1
20260725_055005_MPCWWA_c000_rview_f003120.jpg,1
20260725_055005_MPCWWA_c000_rview_f003150.jpg,1
20260725_055005_MPCWWA_c000_rview_f003180.jpg,1
20260725_055005_MPCWWA_c000_rview_f003210.jpg,1
20260725_055005_MPCWWA_c000_rview_f003240.jpg,1
20260725_055005_MPCWWA_c000_rview_f003270.jpg,1
20260725_055005_MPCWWA_c000_rview_f003300.jpg,1
20260725_055005_MPCWWA_c000_rview_f003330.jpg,1
20260725_055005_MPCWWA_c000_rview_f003360.jpg,1
20260725_055005_MPCWWA_c000_rview_f003390.jpg,1
20260725_055005_MPCWWA_c000_rview_f003420.jpg,1
20260725_055005_MPCWWA_c000_rview_f003450.jpg,1
20260725_055005_MPCWWA_c000_rview_f003480.jpg,1
20260725_055005_MPCWWA_c000_rview_f003510.jpg,1
20260725_055005_MPCWWA_c000_rview_f003540.jpg,1
20260725_055005_MPCWWA_c000_rview_f003570.jpg,1
20260725_055005_MPCWWA_c000_rview_f003600.jpg,1
20260725_055005_MPCWWA_c000_rview_f003630.jpg,1
20260725_055005_MPCWWA_c000_rview_f003660.jpg,1
20260725_055005_MPCWWA_c000_rview_f003690.jpg,1
20260725_055005_MPCWWA_c000_rview_f003720.jpg,1
20260725_055005_MPCWWA_c000_rview_f003750.jpg,1
20260725_055005_MPCWWA_c000_rview_f003780.jpg,1
20260725_055005_MPCWWA_c000_rview_f003810.jpg,1
20260725_055005_MPCWWA_c000_rview_f003840.jpg,1
20260725_055005_MPCWWA_c000_rview_f003870.jpg,1
20260725_055005_MPCWWA_c000_rview_f003900.jpg,1
20260725_055005_MPCWWA_c000_rview_f003930.jpg,1
20260725_055005_MPCWWA_c000_rview_f003960.jpg,1
20260725_055005_MPCWWA_c000_rview_f003990.jpg,1
20260725_055005_MPCWWA_c000_rview_f004020.jpg,1
20260725_055005_MPCWWA_c000_rview_f004050.jpg,1
20260725_055005_MPCWWA_c000_rview_f004080.jpg,1
20260725_055005_MPCWWA_c000_rview_f004110.jpg,1
20260725_055005_MPCWWA_c000_rview_f004140.jpg,1
20260725_055005_MPCWWA_c000_rview_f004170.jpg,1
20260725_055005_MPCWWA_c000_rview_f004200.jpg,1
20260725_055005_MPCWWA_c000_rview_f004230.jpg,1
20260725_055005_MPCWWA_c000_rview_f004260.jpg,1
20260725_055005_MPCWWA_c000_rview_f004290.jpg,1
20260725_055005_MPCWWA_c000_rview_f004320.jpg,1
20260725_055005_MPCWWA_c000_rview_f004350.jpg,1
20260725_055005_MPCWWA_c000_rview_f004380.jpg,1
20260725_055005_MPCWWA_c000_rview_f004410.jpg,1
20260725_055005_MPCWWA_c000_rview_f004440.jpg,1
20260725_055005_MPCWWA_c000_rview_f004470.jpg,1
20260725_055005_MPCWWA_c000_rview_f004500.jpg,1
20260725_055005_MPCWWA_c000_rview_f004530.jpg,1
20260725_055005_MPCWWA_c000_rview_f004560.jpg,1
20260725_055005_MPCWWA_c000_rview_f004590.jpg,1
20260725_055005_MPCWWA_c000_rview_f004620.jpg,1
20260725_055005_MPCWWA_c000_rview_f004650.jpg,1
20260725_055005_MPCWWA_c000_rview_f004680.jpg,1
20260725_055005_MPCWWA_c000_rview_f004710.jpg,1
20260725_055005_MPCWWA_c000_rview_f004740.jpg,1
20260725_055005_MPCWWA_c000_rview_f004770.jpg,1
20260725_055005_MPCWWA_c000_rview_f004800.jpg,1
20260725_055005_MPCWWA_c000_rview_f004830.jpg,1
20260725_055005_MPCWWA_c000_rview_f004860.jpg,1
20260725_055005_MPCWWA_c000_rview_f004890.jpg,1
20260725_055005_MPCWWA_c000_rview_f004920.jpg,1
20260725_055005_MPCWWA_c000_rview_f004950.jpg,1
20260725_055005_MPCWWA_c000_rview_f004980.jpg,1
20260725_055005_MPCWWA_c000_rview_f005010.jpg,1
20260725_055005_MPCWWA_c000_rview_f005040.jpg,1
20260725_055005_MPCWWA_c000_rview_f005070.jpg,1
20260725_055005_MPCWWA_c000_rview_f005100.jpg,1
20260725_055005_MPCWWA_c000_rview_f005130.jpg,1
20260725_055005_MPCWWA_c000_rview_f005160.jpg,1
20260725_055005_MPCWWA_c000_rview_f005190.jpg,1
20260725_055005_MPCWWA_c000_rview_f005220.jpg,1
20260725_055005_MPCWWA_c000_rview_f005250.jpg,1
20260725_055005_MPCWWA_c000_rview_f005280.jpg,1
20260725_055005_MPCWWA_c000_rview_f005310.jpg,1
20260725_055005_MPCWWA_c000_rview_f005340.jpg,1
20260725_055005_MPCWWA_c000_rview_f005370.jpg,1
20260725_055005_MPCWWA_c000_rview_f005400.jpg,1
20260725_055005_MPCWWA_c000_rview_f005430.jpg,1
20260725_055005_MPCWWA_c000_rview_f005460.jpg,1
20260725_055005_MPCWWA_c000_rview_f005490.jpg,1
20260725_055005_MPCWWA_c000_rview_f005520.jpg,1
20260725_055005_MPCWWA_c000_rview_f005550.jpg,1
20260725_055005_MPCWWA_c000_rview_f005580.jpg,1
20260725_055005_MPCWWA_c000_rview_f005610.jpg,1
20260725_055005_MPCWWA_c000_rview_f005640.jpg,1
20260725_055005_MPCWWA_c000_rview_f005670.jpg,1
20260725_055005_MPCWWA_c000_rview_f005700.jpg,1
20260725_055005_MPCWWA_c000_rview_f005730.jpg,1
20260725_055005_MPCWWA_c000_rview_f005760.jpg,1
20260725_055005_MPCWWA_c000_rview_f005790.jpg,1
20260725_055005_MPCWWA_c000_rview_f005820.jpg,1
20260725_055005_MPCWWA_c000_rview_f005850.jpg,1
20260725_055005_MPCWWA_c000_rview_f005880.jpg,1
20260725_055005_MPCWWA_c000_rview_f005910.jpg,1
20260725_055005_MPCWWA_c000_rview_f005940.jpg,1
20260725_055005_MPCWWA_c000_rview_f005970.jpg,1
20260725_055005_MPCWWA_c000_rview_f006000.jpg,1
20260725_055005_MPCWWA_c000_rview_f006030.jpg,1
20260725_055005_MPCWWA_c000_rview_f006060.jpg,1
20260725_055005_MPCWWA_c000_rview_f006090.jpg,1
20260725_055005_MPCWWA_c000_rview_f006120.jpg,1
20260725_055005_MPCWWA_c000_rview_f006150.jpg,1
20260725_055005_MPCWWA_c000_rview_f006180.jpg,1
20260725_055005_MPCWWA_c000_rview_f006210.jpg,1
20260725_055005_MPCWWA_c000_rview_f006240.jpg,1
20260725_055005_MPCWWA_c000_rview_f006270.jpg,1
20260725_055005_MPCWWA_c000_rview_f006300.jpg,1
20260725_055005_MPCWWA_c000_rview_f006330.jpg,1
20260725_055005_MPCWWA_c000_rview_f006360.jpg,1
20260725_055005_MPCWWA_c000_rview_f006390.jpg,1
20260725_055005_MPCWWA_c000_rview_f006420.jpg,1
20260725_055005_MPCWWA_c000_rview_f006450.jpg,1
20260725_055005_MPCWWA_c000_rview_f006480.jpg,1
20260725_055005_MPCWWA_c000_rview_f006510.jpg,1
20260725_055005_MPCWWA_c000_rview_f006540.jpg,1
20260725_055005_MPCWWA_c000_rview_f006570.jpg,1
20260725_055005_MPCWWA_c000_rview_f006600.jpg,1
20260725_055005_MPCWWA_c000_rview_f006630.jpg,1
20260725_055005_MPCWWA_c000_rview_f006660.jpg,1
20260725_055005_MPCWWA_c000_rview_f006690.jpg,1
20260725_055005_MPCWWA_c000_rview_f006720.jpg,1
20260725_055005_MPCWWA_c000_rview_f006750.jpg,1
20260725_055005_MPCWWA_c000_rview_f006780.jpg,1
20260725_055005_MPCWWA_c000_rview_f006810.jpg,1
20260725_055005_MPCWWA_c000_rview_f006840.jpg,1
20260725_055005_MPCWWA_c000_rview_f006870.jpg,1
20260725_055005_MPCWWA_c000_rview_f006900.jpg,1
20260725_055005_MPCWWA_c000_rview_f006930.jpg,1
20260725_055005_MPCWWA_c000_rview_f006960.jpg,1
20260725_055005_MPCWWA_c000_rview_f006990.jpg,1
20260725_055005_MPCWWA_c000_rview_f007020.jpg,1
20260725_055005_MPCWWA_c000_rview_f007050.jpg,1
20260725_055005_MPCWWA_c000_rview_f007080.jpg,1
20260725_055005_MPCWWA_c000_rview_f007110.jpg,1
20260725_055005_MPCWWA_c000_rview_f007140.jpg,1
20260725_055005_MPCWWA_c000_rview_f007170.jpg,1
20260725_055005_MPCWWA_c000_rview_f007200.jpg,1
20260725_055005_MPCWWA_c000_rview_f007230.jpg,1
20260725_055005_MPCWWA_c000_rview_f007260.jpg,1
20260725_055005_MPCWWA_c000_rview_f007290.jpg,1
20260725_055005_MPCWWA_c000_rview_f007320.jpg,1
20260725_055005_MPCWWA_c000_rview_f007350.jpg,1
20260725_055005_MPCWWA_c000_rview_f007380.jpg,1
20260725_055005_MPCWWA_c000_rview_f007410.jpg,1
20260725_055005_MPCWWA_c000_rview_f007440.jpg,1
20260725_055005_MPCWWA_c000_rview_f007470.jpg,1
20260725_055005_MPCWWA_c000_rview_f007500.jpg,1
20260725_055005_MPCWWA_c000_rview_f007530.jpg,1
20260725_055005_MPCWWA_c000_rview_f007560.jpg,1
20260725_055005_MPCWWA_c000_rview_f007590.jpg,1
20260725_055005_MPCWWA_c000_rview_f007620.jpg,1
20260725_055005_MPCWWA_c000_rview_f007650.jpg,1
20260725_055005_MPCWWA_c000_rview_f007680.jpg,1
20260725_055005_MPCWWA_c000_rview_f007710.jpg,1
20260725_055005_MPCWWA_c000_rview_f007740.jpg,1
20260725_055005_MPCWWA_c000_rview_f007770.jpg,1
20260725_055005_MPCWWA_c000_rview_f007800.jpg,1
20260725_055005_MPCWWA_c000_rview_f007830.jpg,1
20260725_055005_MPCWWA_c000_rview_f007860.jpg,1
20260725_055005_MPCWWA_c000_rview_f007890.jpg,1
20260725_055005_MPCWWA_c000_rview_f007920.jpg,1
20260725_055005_MPCWWA_c000_rview_f007950.jpg,1
20260725_055005_MPCWWA_c000_rview_f007980.jpg,1
20260725_055005_MPCWWA_c000_rview_f008010.jpg,1
20260725_055005_MPCWWA_c000_rview_f008040.jpg,1
20260725_055005_MPCWWA_c000_rview_f008070.jpg,1
20260725_055005_MPCWWA_c000_rview_f008100.jpg,1
20260725_055005_MPCWWA_c000_rview_f008130.jpg,1
20260725_055005_MPCWWA_c000_rview_f008160.jpg,1
20260725_055005_MPCWWA_c000_rview_f008190.jpg,1
20260725_055005_MPCWWA_c000_rview_f008220.jpg,1
20260725_055005_MPCWWA_c000_rview_f008250.jpg,1
20260725_055005_MPCWWA_c000_rview_f008280.jpg,1
20260725_055005_MPCWWA_c000_rview_f008310.jpg,1
20260725_055005_MPCWWA_c000_rview_f008340.jpg,1
20260725_055005_MPCWWA_c000_rview_f008370.jpg,1
20260725_055005_MPCWWA_c000_rview_f008400.jpg,1
20260725_055005_MPCWWA_c000_rview_f008430.jpg,1
20260725_055005_MPCWWA_c000_rview_f008460.jpg,1
20260725_055005_MPCWWA_c000_rview_f008490.jpg,1
20260725_055005_MPCWWA_c000_rview_f008520.jpg,1
20260725_055005_MPCWWA_c000_rview_f008550.jpg,1
20260725_055005_MPCWWA_c000_rview_f008580.jpg,1
20260725_055005_MPCWWA_c000_rview_f008610.jpg,1
20260725_055005_MPCWWA_c000_rview_f008640.jpg,1
20260725_055005_MPCWWA_c000_rview_f008670.jpg,1
20260725_055005_MPCWWA_c000_rview_f008700.jpg,1
20260725_055005_MPCWWA_c000_rview_f008730.jpg,1
20260725_055005_MPCWWA_c000_rview_f008760.jpg,1
20260725_055005_MPCWWA_c000_rview_f008790.jpg,1
20260725_055005_MPCWWA_c000_rview_f008820.jpg,1
20260725_055005_MPCWWA_c000_rview_f008850.jpg,1
20260725_055005_MPCWWA_c000_rview_f008880.jpg,1
20260725_055005_MPCWWA_c000_rview_f008910.jpg,1
20260725_055005_MPCWWA_c000_rview_f008940.jpg,1
20260725_055005_MPCWWA_c000_rview_f008970.jpg,1
20260725_055005_MPCWWA_c000_rview_f009000.jpg,1
20260725_055005_MPCWWA_c000_rview_f009030.jpg,1
20260725_055005_MPCWWA_c000_rview_f009060.jpg,1
20260725_055005_MPCWWA_c000_rview_f009090.jpg,1
20260725_055005_MPCWWA_c000_rview_f009120.jpg,1
20260725_055005_MPCWWA_c000_rview_f009150.jpg,1
20260725_055005_MPCWWA_c000_rview_f009180.jpg,1
20260725_055005_MPCWWA_c000_rview_f009210.jpg,1
20260725_055005_MPCWWA_c000_rview_f009240.jpg,1
20260725_055005_MPCWWA_c000_rview_f009270.jpg,1
20260725_055005_MPCWWA_c000_rview_f009300.jpg,1
20260725_055005_MPCWWA_c000_rview_f009330.jpg,1
20260725_055005_MPCWWA_c000_rview_f009360.jpg,1
20260725_055005_MPCWWA_c000_rview_f009390.jpg,1
20260725_055005_MPCWWA_c000_rview_f009420.jpg,1
20260725_055005_MPCWWA_c000_rview_f009450.jpg,1
20260725_055005_MPCWWA_c000_rview_f009480.jpg,1
20260725_055005_MPCWWA_c000_rview_f009510.jpg,1
20260725_055005_MPCWWA_c000_rview_f009540.jpg,1
20260725_055005_MPCWWA_c000_rview_f009570.jpg,1
20260725_055005_MPCWWA_c000_rview_f009600.jpg,1
20260725_055005_MPCWWA_c000_rview_f009630.jpg,1
20260725_055005_MPCWWA_c000_rview_f009660.jpg,1
20260725_055005_MPCWWA_c000_rview_f009690.jpg,1
20260725_055005_MPCWWA_c000_rview_f009720.jpg,1
20260725_055005_MPCWWA_c000_rview_f009750.jpg,1
20260725_055005_MPCWWA_c000_rview_f009780.jpg,1
20260725_055005_MPCWWA_c000_rview_f009810.jpg,1
20260725_055005_MPCWWA_c000_rview_f009840.jpg,1
20260725_055005_MPCWWA_c000_rview_f009870.jpg,1
20260725_055005_MPCWWA_c000_rview_f009900.jpg,1
20260725_055005_MPCWWA_c000_rview_f009930.jpg,1
20260725_055005_MPCWWA_c000_rview_f009960.jpg,1
20260725_055005_MPCWWA_c000_rview_f009990.jpg,1
20260725_055005_MPCWWA_c000_rview_f010020.jpg,1
20260725_055005_MPCWWA_c000_rview_f010050.jpg,1
20260725_055005_MPCWWA_c000_rview_f010080.jpg,1
20260725_055005_MPCWWA_c000_rview_f010110.jpg,1
20260725_055005_MPCWWA_c000_rview_f010140.jpg,1
20260725_055005_MPCWWA_c000_rview_f010170.jpg,1
20260725_055005_MPCWWA_c000_rview_f010200.jpg,1
20260725_055005_MPCWWA_c000_rview_f010230.jpg,1
20260725_055005_MPCWWA_c000_rview_f010260.jpg,1
20260725_055005_MPCWWA_c000_rview_f010290.jpg,1
20260725_055005_MPCWWA_c000_rview_f010320.jpg,1
20260725_055005_MPCWWA_c000_rview_f010350.jpg,1
20260725_055005_MPCWWA_c000_rview_f010380.jpg,1
20260725_055005_MPCWWA_c000_rview_f010410.jpg,1
20260725_055005_MPCWWA_c000_rview_f010440.jpg,1
20260725_055005_MPCWWA_c000_rview_f010470.jpg,1
20260725_055005_MPCWWA_c000_rview_f010500.jpg,1
20260725_055005_MPCWWA_c000_rview_f010530.jpg,1
20260725_055005_MPCWWA_c000_rview_f010560.jpg,1
20260725_055005_MPCWWA_c000_rview_f010590.jpg,1
20260725_055005_MPCWWA_c000_rview_f010620.jpg,1
20260725_055005_MPCWWA_c000_rview_f010650.jpg,1
20260725_055005_MPCWWA_c000_rview_f010680.jpg,1
20260725_055005_MPCWWA_c000_rview_f010710.jpg,1
20260725_055005_MPCWWA_c000_rview_f010740.jpg,1
20260725_055005_MPCWWA_c000_rview_f010770.jpg,1
20260725_055005_MPCWWA_c000_rview_f010800.jpg,1
