session,role
20260416_061151_TUZKZT,eval
20260416_062911_WTVGJZ,train
20260416_084618_YLQDQB,train
20260416_090536_APJCNV,train
20260417_032135_YRFJZY,eval
20260417_071645_RDBWJT,train
20260417_072423_XNNYPA,train
20260417_073649_FWGUJX,train
20260417_080627_RTYMEH,eval
20260417_082602_VVHYNB,eval
20260417_083705_UNVTXL,train
20260417_084203_HXEPXM,train
20260417_091444_RUJSHN,train
20260421_082931_GMBKXS,eval
20260421_084043_HVJGZG,train
20260421_091056_PWJPDQ,eval
20260421_091607_RHGJGE,train
20260421_093800_DQJASM,train
20260421_104726_CDCRPX,train
20260421_111728_EHTMGA,train
20260422_010914_VEBNSQ,train
20260422_012603_ZAUZJC,train
20260422_022206_UNRDGG,train
20260422_023007_VDFPYA,train
20260422_090858_TVELVZ,eval
20260422_094411_LKRQMZ,train
20260422_110607_TLLUKG,eval
20260423_003016_CNGWDY,eval
20260423_004937_EQWWDK,train
20260423_011810_EDJTCK,train
20260423_014918_TNXXGX,eval
20260423_020024_KUSHFP,train
20260423_024729_XSPHBQ,train
20260423_030002_BNQEXQ,train
20260423_030511_AUHLDL,eval
20260423_031840_QCEWFL,train
20260423_034355_KESSJY,eval
20260423_040823_DLXHHK,eval
20260423_045937_SVYUZG,train
20260423_053332_EWWHHF,train
20260423_055414_WNJJXB,train
20260423_060054_EXRVZN,eval
20260423_062913_WWVAFS,train
20260423_064326_LAYMDR,train
20260423_070407_FEFMMZ,train
20260423_071209_VDKUMM,eval
20260423_071543_PLLNVS,train
20260423_072206_YSTDPA,train
20260423_072339_NRPDHG,train
20260423_072719_HURLYJ,train
20260423_075258_NJGBGK,train
20260423_075747_BENRSA,train
20260423_080800_EUDBDB,train
20260423_082201_YZWRJE,eval
20260423_083153_HNYLEK,train
20260423_084318_YAKDTP,train
20260423_084838_MCFWPN,train
20260423_085831_RVPMMN,train
20260423_090651_FCHUMF,train
20260423_094210_PRGUYC,train
20260423_102603_NGAEPE,train
20260513_220016_BAPWVW,eval
20260514_032843_ZTQDSE,train
20260514_051341_KYESBL,eval
20260515_005609_NKSHBS,eval
20260516_003022_EBTKMS,eval
20260516_003231_YQNXEQ,train
20260517_011024_LELYMX,eval
20260518_081714_LCVJUL,train
20260518_081741_PTSKSZ,train
20260518_082032_LPZZUE,train
20260518_082708_PSJPAV,train
20260518_083408_RNSQGU,train
20260518_085155_UMKWYF,eval
20260518_090955_UBMVMM,train
20260518_100712_RPDKFR,eval
20260518_110325_VKWGZD,train
20260518_114045_CNDFDT,eval
20260518_121620_JSQMCQ,train
20260518_230930_XWRFRU,train
20260518_235411_JZMKEE,train
20260519_001816_VYUSLJ,train
20260519_002041_CQCCGT,train
20260519_002142_DHLXRU,train
20260519_002614_MHKUJS,train
20260519_002857_VRMTCT,eval
20260519_003444_UKABHT,train
20260519_003920_SVXRZN,train
20260519_005357_MUMHPS,train
20260519_005515_ZXEDQM,eval
20260519_005722_GPPSKP,eval
20260519_005911_CQUHWZ,train
20260519_010640_RPTJUH,eval
20260519_010730_GPCNRD,train
20260519_011044_YDRKBH,eval
20260519_012409_CKKRMN,train
20260519_013816_DVGLEY,train
20260519_014504_LFZKFM,eval
20260519_015000_FHZSCN,train
20260519_015520_XGJAQF,train
20260519_021638_FJHAKX,eval
20260519_022045_TUXRJB,train
20260519_022049_VYYPTJ,eval
20260519_022144_QPYDHJ,train
20260519_023104_LDGUWT,train
20260519_023145_DXYKST,train
20260519_023154_BLSSNM,train
20260519_024453_ZUHKUM,train
20260519_024912_DYDDHW,train
20260519_025750_NDDHXW,eval
20260519_030247_WGSRDX,train
20260519_030705_GNZFPP,train
20260519_030903_BVDYAS,train
20260519_030917_BBFQUW,eval
20260519_031036_EEMGYT,train
20260519_031229_BCBTKZ,train
20260519_031246_QYFGHY,train
20260519_032343_WAHNSF,train
20260519_032535_MTJLZA,train
20260519_032935_BWMHMU,train
20260519_035547_SFJFDG,train
20260519_041340_UYWVVD,train
20260519_043145_LQYSKS,train
20260519_043741_HYDRSP,train
20260519_044153_YEHBJX,train
20260519_044636_GSCHTF,eval
20260519_071614_HYVAQQ,train
20260519_072457_GQZQGK,eval
20260519_080515_QQUCHM,train
20260519_080851_TQZBEZ,train
20260519_081404_PRPNVY,eval
20260519_081406_XMDGPK,train
20260519_081447_EXXPYS,train
20260519_081451_ZTQTXD,train
20260519_082627_GYTZWL,train
20260519_085458_ALVHZK,eval
20260519_090923_PCYQXL,eval
20260519_091526_YCQPBG,train
20260519_093307_SFTRWF,eval
20260519_093650_TUVHMA,train
20260519_094531_NSJKKH,train
20260519_095445_KVZAQB,train
20260519_100221_DDUHXU,train
20260519_103016_XCSFJG,eval
20260519_110216_HRCBZU,train
20260519_133344_KTEZLJ,train
20260519_133658_FMWCYX,train
20260519_133925_BQZQBV,train
20260519_135253_BRYCPS,train
20260519_140610_YWCYJM,train
20260519_140703_MTZJAY,train
20260519_141053_SABCVG,train
20260519_141312_NXSHRH,train
20260519_142526_DLRFNE,eval
20260519_143826_SYVCLW,train
20260519_144452_SZQEBW,eval
20260519_145735_CDUXAQ,train
20260519_153549_LNKFVM,train
20260519_153601_MMKUYW,train
20260519_153740_VRNGDA,train
20260519_154538_FVBKAP,train
20260519_161320_KCBPPH,train
20260519_161839_RALQAQ,eval
20260519_161930_LYYXSE,eval
20260519_163654_UBZZWD,eval
20260519_164537_WNMTMN,eval
20260519_165026_KANAED,train
20260519_165358_GMPNZF,train
20260519_165723_SNJKHS,train
20260519_170914_WGWQLP,train
20260519_172150_NKLUZV,train
20260519_172213_VBZBPL,train
20260519_172947_LESRFT,train
20260519_174731_NTXXNA,train
20260519_175903_QMGZJZ,train
20260519_180630_RULPLK,train
20260519_180822_HPHMAN,train
20260519_181007_PBFMHW,train
20260519_181517_WHVQZA,train
20260519_182326_CCNJQF,train
20260519_183509_MVBTDG,train
20260519_185035_CSBXJM,eval
20260519_191134_AAGKXB,eval
20260519_191817_TLZZYY,train
20260519_193214_RFKRBP,train
20260519_193943_LPGTAT,eval
20260520_003328_HRDUAY,train
20260520_003617_FZBWLZ,train
20260520_004020_MEHHDM,train
20260520_004023_VKUMWL,eval
20260520_004137_XRZESJ,train
20260520_004618_LLQPBJ,train
20260520_020247_FFVWJE,train
20260520_051626_VEHNJA,eval
20260520_052101_VRGATU,train
20260520_052115_VHXHDK,train
20260520_052307_LVHMXJ,train
20260520_052633_QRDPKB,train
20260520_053204_TJKVGF,train
20260520_054014_CWESUS,eval
20260520_062342_ZJJPYH,train
20260520_070101_CGDMSP,train
20260520_081946_APCUPB,train
20260520_083314_ANWAJD,eval
20260520_084107_SFUHGP,train
20260521_002835_CQEQMV,train
20260521_002946_KMDVGY,train
20260521_003215_TJKQDS,train
20260521_003403_BZHGSC,train
20260521_003554_BPENAV,train
20260521_003654_SAVXVK,train
20260521_003720_DWNJXD,train
20260521_003912_LKFEMW,train
20260521_004850_GGNNJV,train
20260521_005141_EVNEYF,train
20260521_010612_BGWZXE,train
20260521_012812_LAXYRB,eval
20260521_015710_LYWNRZ,train
20260521_020527_RXTZRJ,train
20260521_022830_VDGQDK,train
20260521_023020_FXAUXJ,train
20260521_023119_ZJBENJ,eval
20260521_030003_EZZKLY,train
20260521_031634_WQYFPS,train
20260521_031715_ZGJNUF,train
20260521_032044_CKDLBR,eval
20260521_032241_MUZJGC,train
20260521_045314_FCRHJX,train
20260521_045918_YJAMTQ,train
20260521_050751_JNZLNA,train
20260521_050941_VERDEN,train
20260521_051326_NVTNBV,train
20260521_051415_FTSUPJ,train
20260521_051417_VLTJLH,train
20260521_051740_WRLAFJ,eval
20260521_051904_BEDQXH,train
20260521_051956_UBEAKS,train
20260521_051957_XFTWWN,eval
20260521_052129_UZJXRV,train
20260521_052200_NGTEDF,eval
20260521_052229_TLHJGK,train
20260521_052725_YQDVAK,train
20260521_052845_NNUAKQ,train
20260521_054143_THSXJZ,train
20260521_054645_WWVGNU,train
20260521_055738_CMFEKA,train
20260521_060730_QESLCG,train
20260521_062146_PQQZQB,train
20260521_071255_AFSTJE,train
20260521_071349_MSCMUA,train
20260521_071539_PLYEDD,train
20260521_071621_GUKZWT,train
20260521_074440_BAVXED,eval
20260521_080113_EYKDDS,train
20260521_080232_RJHQZG,train
20260521_080754_QXUVDW,train
20260521_081340_UTGSFE,train
20260521_081346_LAGBWH,train
20260521_081649_VMWVFZ,train
20260521_081826_TSBAUL,train
20260521_081957_JUXDYG,train
20260521_082223_RBEUVA,train
20260521_082535_NMHKNK,train
20260521_082905_YQTXMX,train
20260521_082937_FEXPET,train
20260521_083015_CZPGRC,eval
20260521_083146_NEQXVF,eval
20260521_084218_AMEFCB,train
20260521_084337_ZVHJHR,train
20260521_084519_AYLWUU,train
20260521_084612_SVLUKX,eval
20260521_085419_GYNDMA,train
20260521_092918_MQGAQK,train
20260521_100701_HQVMRQ,train
20260521_160100_NLQMSE,train
20260521_165535_WECMBF,train
20260521_203430_KCDGWA,eval
20260522_003310_PZWSKD,train
20260522_003429_LYEVSC,eval
20260522_003857_BMDFEN,train
20260522_003904_ZGMRGC,eval
20260522_005523_UYKCET,train
20260522_013959_ZPBGAX,train
20260522_014231_BTBXSR,train
20260522_014438_TQJPVZ,train
20260522_015019_BNXNHD,train
20260522_021015_UJWLNT,train
20260522_022809_ANXXHE,train
20260522_023813_HXCJGN,eval
20260522_024757_KMHRYR,train
20260522_025210_KUJNKT,train
20260522_030745_EJJXXX,eval
20260522_051451_BWXHPJ,train
20260522_052008_VRADAD,train
20260522_052145_PWKXZX,train
20260522_052329_LQJDJU,train
20260522_052528_HCRGGA,train
20260522_052642_VKNTVX,eval
20260522_052734_PFLPUG,eval
20260522_052740_WNXCVY,train
20260522_054141_CJDSTL,train
20260522_060051_HKHCYS,train
20260522_060245_RCGZHC,eval
20260522_060851_YPUQMQ,train
20260522_063342_ZSXFQD,train
20260522_063430_LSPRFG,eval
20260522_064431_DQJHQW,train
20260522_065755_EDWKNA,train
20260522_214139_ZYARJU,train
20260523_001734_XVAVVC,train
20260523_002455_RTRDAS,train
20260523_002604_KFNDQG,train
20260523_003338_BVYUWM,train
20260523_003837_YUKCAW,train
20260523_003943_SXEHRY,train
20260523_005522_QTZJNR,train
20260523_011227_DZABBD,train
20260523_011502_JETPRU,train
20260523_011641_EKNSYL,train
20260523_012133_FWNFPA,train
20260523_013038_EAHPKK,train
20260523_015047_KDLWQT,train
20260523_022522_XWKPAF,train
20260523_023704_UJDCSF,train
20260523_025705_GAJZYE,train
20260523_030531_RNCJML,train
20260523_051509_UPLDQR,train
20260523_052052_AWFVMJ,train
20260523_052349_SQKLNV,train
20260523_052350_KFGAVL,train
20260523_052759_YLDKDM,eval
20260523_052934_JVVWWG,eval
20260523_054637_SMTLZU,train
20260523_055147_TCKSKH,train
20260523_061127_QLYHXV,train
20260523_062621_WYABCB,train
20260523_062947_KHBMPN,eval
20260523_064353_HWSHUX,train
20260523_065419_VTZCHC,train
20260523_071107_CJVYGM,train
20260523_071233_VKGGHW,train
20260523_072148_NPHUPH,train
20260523_072213_UKKURK,train
20260523_072614_YYWSCV,eval
20260523_072618_LYBUPR,train
20260523_072727_KXSDEC,eval
20260523_072921_PMAGJM,train
20260523_073052_KTNLXB,eval
20260523_073231_YCXDEZ,train
20260523_073416_NPPGHW,train
20260523_073608_TZXAEH,eval
20260523_073614_TPWZRU,train
20260523_073729_TXDZKT,eval
20260523_074146_GAZXSA,train
20260523_074459_EDHJYR,train
20260523_074608_ZADQKN,train
20260523_075449_ZWZFKE,train
20260523_075602_GJDVRE,train
20260523_075855_HGLWLL,train
20260523_075923_WESLWX,train
20260523_080150_MWLPBK,eval
20260523_080614_MEQNWE,eval
20260523_081144_ZTMYSP,train
20260523_081442_CQEULZ,train
20260523_081513_LAAPQW,eval
20260523_081843_LCXVLC,train
20260523_081911_JQZAMY,train
20260523_081946_AQFVVF,train
20260523_082502_NNJAFV,train
20260523_082644_XJMVDE,train
20260523_083528_MFZMGG,eval
20260523_084046_LAHSUC,train
20260523_084323_VBAMGT,train
20260523_084918_PWWDSU,eval
20260523_085808_GNAGWU,train
20260523_090514_YQRYTU,train
20260523_090851_KJVFVT,train
20260523_091201_UDTZEF,eval
20260523_091957_GRLQHL,train
20260523_092523_YYLEEW,train
20260523_092654_XPYPPY,train
20260523_093422_TSGTXK,train
20260523_134725_SNMMLR,train
20260523_171114_YNJSJM,eval
20260524_002903_LYFRCB,train
20260524_003025_RGNQED,train
20260524_003042_TCLEAQ,train
20260524_003304_TQKRSM,train
20260524_005317_PLCBAW,train
20260524_014143_FCEBER,eval
20260524_020345_TEPSPJ,train
20260524_024843_BTGXXG,train
20260524_030044_RJLYAK,eval
20260524_052803_SDJCKG,eval
20260524_053053_QXTQBV,eval
20260524_053710_LYZUGD,train
20260524_072143_ZMZWPL,train
20260524_080816_NZEFWU,train
20260525_002656_JLPBHL,train
20260525_003103_ERDAQM,train
20260525_003405_TCUHYG,eval
20260525_004335_SHLUTT,train
20260525_004906_FPLGXE,eval
20260525_005523_PLYPBB,train
20260525_012137_BEDNKK,train
20260525_014940_DNAYWB,train
20260525_022157_EJZVDW,eval
20260525_025804_UDEZPQ,train
20260525_031608_CFVVUJ,train
20260525_032226_JUKAAJ,eval
20260525_050130_XJGKST,train
20260525_050908_QYVFGB,train
20260525_051150_XKVUPK,train
20260525_051425_XBLFUG,train
20260525_051450_GSDNTM,train
20260525_052322_THYDVG,train
20260525_052557_AQCPXJ,train
20260525_052731_SWKRMJ,eval
20260525_052857_KWKLCK,train
20260525_053145_AYWJTS,eval
20260525_053402_ZJYFTA,train
20260525_054603_AHWCUB,train
20260525_054736_LFFADD,train
20260525_055120_PQJURC,train
20260525_063314_WWKUDN,train
20260525_064832_BJMPZC,train
20260525_065842_CHUFXQ,train
20260525_071703_NLXUJD,train
20260525_072944_UHEDTF,eval
20260525_080122_DAZLUM,eval
20260525_081332_ULPBCG,train
20260525_081528_SLABXF,eval
20260525_082042_PQQQSL,train
20260525_082454_QCQSHG,eval
20260525_084104_AWFPMB,train
20260525_084457_MNFPWU,train
20260525_090510_JLFCNN,train
20260525_091158_NAVRVF,train
20260525_091741_YBCTKL,train
20260525_092643_AYASLC,train
20260525_140440_SLVEMS,eval
20260525_145736_NWNESN,eval
20260525_150515_DFYTGM,train
20260525_163550_LXCKSF,train
20260525_200032_TBMYZC,train
20260526_002527_SUENDP,train
20260526_003139_DSSRBW,train
20260526_003359_GZTHWD,eval
20260526_003540_RQKXWU,train
20260526_003903_VHKAAR,eval
20260526_003914_MAHMYG,train
20260526_004110_LENQTL,train
20260526_004612_CWSBUT,train
20260526_004753_MXDRKU,train
20260526_005550_XLDHNW,eval
20260526_010124_NXRHPT,eval
20260526_011142_BCXDXZ,eval
20260526_011445_JCGWDR,train
20260526_012318_CDEFPJ,train
20260526_012411_BZTJNX,eval
20260526_012415_PSNEJB,train
20260526_012854_XPYSSA,train
20260526_013524_LNPGDX,train
20260526_014250_CWFUSS,train
20260526_014621_CJJHAG,eval
20260526_021203_DQJPUZ,train
20260526_021927_MVGVFA,train
20260526_025202_VNANCR,train
20260526_025314_QCMLCY,eval
20260526_031357_BPLNKC,train
20260526_032046_FSPYSR,train
20260526_032131_LJGGVZ,eval
20260526_051835_GZRSWD,eval
20260526_051952_CZVLEY,train
20260526_052034_TLVYTU,train
20260526_052351_HRDKRF,train
20260526_052705_FNVWBK,train
20260526_053129_JURCPQ,train
20260526_075942_HSXZKA,train
20260526_080633_SNUKMV,train
20260526_080839_ULARNE,train
20260526_080858_XXXNKZ,train
20260526_081052_CHWFXB,eval
20260526_082201_TXTJES,train
20260526_082541_AKFQAR,train
20260526_083210_WAPZQJ,train
20260526_084023_NKSBPX,eval
20260526_084703_CQMXDQ,train
20260526_084806_BKJMHM,train
20260526_085402_LJCDPY,train
20260526_085630_GCXLMH,train
20260526_091033_EMQYMQ,train
20260526_091900_FUDJPG,train
20260526_092835_DTDNAU,eval
20260526_094650_HTWDCN,train
20260526_104558_EHJUUP,train
20260526_105213_HKDUXC,eval
20260527_002147_HMBCFL,train
20260527_002415_LRJLKZ,train
20260527_003636_DTNSDL,train
20260527_004318_SWUTQB,eval
20260527_004452_ELRTRW,train
20260527_005333_BLHJAF,train
20260527_005539_VZANUB,train
20260527_011747_SWRVVF,train
20260527_011919_AFMPEW,train
20260527_012923_NMXZZJ,train
20260527_014112_BXZBQV,train
20260527_014607_DPNFWZ,train
20260527_020306_HWNDZC,train
20260527_020409_VPQXZZ,train
20260527_022456_KHVZGD,train
20260527_022821_JXYRVT,eval
20260527_024143_APCNTH,train
20260527_030712_EBWCWL,eval
20260527_030803_VVXFNB,train
20260527_031640_FLLHSX,train
20260527_031734_HCTATU,train
20260527_031955_PNFWTZ,train
20260527_051815_PTWRTC,eval
20260527_052016_HQMGWE,train
20260527_052049_VHQVKC,train
20260527_052104_ECEKZB,train
20260527_052342_NXJZDA,train
20260527_052353_MXYZCP,eval
20260527_052609_SNXHVM,train
20260527_052940_UCNFDX,eval
20260527_053705_TWEJLB,eval
20260527_054241_PHXVNF,train
20260527_055742_TYKXGG,train
20260527_060102_PQLPWR,train
20260527_060206_JBAUJM,eval
20260527_060208_PRHHFE,eval
20260527_060238_KSALUB,eval
20260527_060354_EMZCAU,train
20260527_061157_UEMJEX,train
20260527_061348_SDYKQF,train
20260527_062350_TLKEJG,eval
20260527_062352_YNNYKM,train
20260527_062850_SYZGEJ,train
20260527_062945_XQNYWE,train
20260527_065053_JWBFSD,train
20260527_065523_QTCCXG,eval
20260527_065923_JUEHSP,train
20260527_070013_SRRJGP,eval
20260527_070159_XXHDRG,train
20260527_070552_SVZBNW,train
20260527_071045_BMRHBA,train
20260527_071447_DTYFLV,train
20260527_071556_YPCYVK,train
20260527_071730_RAUZKW,train
20260527_071745_JHLNDH,eval
20260527_072200_GTVAYG,train
20260527_072933_XEMSCY,train
20260527_072956_PWENEA,train
20260527_073101_GJKGCR,eval
20260527_073238_PDCSXE,train
20260527_073544_JEKGTG,train
20260527_075423_QLTRWS,eval
20260527_080425_MVFRKW,train
20260527_080654_GVFVXB,train
20260527_080819_RVMSHC,train
20260527_080915_GYPNRC,train
20260527_081002_QTGEEK,train
20260527_081026_CXHCDE,train
20260527_081133_JENMLT,train
20260527_081205_TJNHJZ,eval
20260527_081231_ENUADH,train
20260527_081252_HEYEZJ,train
20260527_081355_HKQNMB,train
20260527_081533_AJVRHY,train
20260527_081721_AGPQMK,train
20260527_081725_TNKNFB,eval
20260527_081816_UCQDUB,train
20260527_081906_GBSENQ,eval
20260527_082014_EPSMZC,eval
20260527_082123_PBEWFG,train
20260527_082220_XHVMSL,train
20260527_082333_PLJATL,eval
20260527_082418_PVWXHG,train
20260527_082848_BGFGLQ,train
20260527_082954_YZWBSE,train
20260527_083213_SQRPQZ,train
20260527_083720_VETMWF,train
20260527_084822_BNCNEE,train
20260527_090204_TUZZUE,train
20260527_090646_QJYMLB,train
20260527_091013_UJAKWQ,train
20260527_092205_TVAZCH,train
20260527_093150_UPCSHG,train
20260527_093629_XJGMDU,train
20260527_100933_QPEJPU,train
20260527_105953_CZQZNU,train
20260527_190502_RNUCAW,eval
20260527_195137_UYJLYM,train
20260527_203812_QGPNGC,train
20260527_204126_CGBLUS,train
20260527_211035_ULAZYM,train
20260527_214328_AXGZQA,eval
20260527_223349_GVGVFQ,train
20260528_001336_XVSMQC,train
20260528_003101_ZHSNPC,train
20260528_003419_BUFKMS,train
20260528_003941_LNHHSG,train
20260528_004305_QCGSHW,train
20260528_004339_VJVGKU,train
20260528_004823_MGBZXL,eval
20260528_005239_XVMXUU,train
20260528_005340_GEPQRR,eval
20260528_005520_MPCDHV,eval
20260528_005610_PAPZRM,train
20260528_005819_HTUDVJ,train
20260528_010041_FQBGXZ,train
20260528_010231_QGTAFM,train
20260528_010352_TMKMKC,train
20260528_011049_XBCKAH,train
20260528_012846_WRMRBW,train
20260528_013046_LGNWDZ,train
20260528_013245_GTENWV,train
20260528_015601_UYVVFU,train
20260528_023450_GFDGWQ,eval
20260528_042130_KSYZTQ,train
20260528_043834_ZERTCD,train
20260528_045454_HRPVVB,train
20260528_060225_GJLSWT,train
20260528_190557_BMTXDT,eval
20260529_130739_NDHMAW,eval
20260529_131152_VTURST,train
20260529_140100_WRKKLQ,train
20260529_142027_NJLDSU,eval
20260529_143618_EKEUGV,train
20260529_152321_VYMFSG,train
20260529_152339_DFJAQA,train
20260529_155758_MSHYLC,train
20260529_160108_ZFXLCG,train
20260529_162922_UAMTEX,train
20260529_163212_RHFVZX,train
20260529_180220_RFKSRM,train
20260529_182552_QBHTXP,train
20260529_182925_FWBAGR,eval
20260529_184245_TTJXAT,train
20260529_190628_FNEQBX,train
20260529_193444_TPJSXZ,eval
20260529_194247_DQMDEG,train
20260529_200302_AYGNAA,train
20260529_222445_VRVQDK,train
20260529_223935_QTQNSQ,eval
20260529_225919_FFZNZZ,train
20260529_231257_EFNCUF,train
20260529_234805_TFEJLX,train
20260529_235223_TAHLSR,eval
20260530_033838_CXVRAQ,train
20260530_072029_BCYUKY,eval
20260530_072431_WUGFVB,train
20260530_072603_ZHBDNH,train
20260530_072820_BJWPWP,train
20260530_072848_VQNTJY,train
20260530_073104_PUHFTY,train
20260530_073311_NQHNYA,train
20260530_073925_GXYFZX,train
20260530_074430_FPQBJP,train
20260530_074755_HGQXNB,eval
20260530_075121_WSRYSS,train
20260530_075520_HUZHRX,eval
20260530_080717_CKDNTQ,train
20260530_080831_MHBQFD,train
20260530_081251_FPENMG,eval
20260530_081307_DNWMBF,train
20260530_081345_XJKYBD,train
20260530_081442_BHLLUK,train
20260530_081701_TMJJJX,train
20260530_082045_QTZKQS,train
20260530_082358_SRVCPY,train
20260530_082406_NJDUFZ,train
20260530_082415_BHTAUD,train
20260530_082442_GUUDCM,train
20260530_082528_YBNKUZ,train
20260530_082845_ASVNRB,train
20260530_082943_QRCBYH,train
20260530_083554_AHCLCY,train
20260530_084321_ECHAKL,train
20260530_084629_CWEJBM,train
20260530_085154_QKUVEE,train
20260530_092147_UPDYLY,train
20260530_093402_RGHFZN,eval
20260530_112346_EMQBUA,train
20260531_014444_DLQSDH,train
20260531_014825_BCMGWH,eval
20260531_020222_NPYGHH,eval
20260531_022614_FEVAYF,train
20260531_022628_PVAFUC,train
20260531_023037_URSSWX,eval
20260531_023530_WWWQAR,train
20260531_031201_UBAHNQ,eval
20260531_033434_FQKYPR,train
20260531_042216_JPPWSU,train
20260531_042653_CLMRTU,train
20260531_044537_THEGHW,train
20260531_045624_KPWWRG,eval
20260531_050933_NUFQVC,eval
20260531_051935_TPEBGC,train
20260531_053556_RHEYHY,train
20260531_055350_CLQTLW,train
20260531_055528_SZSMHZ,train
20260531_062138_WCUUEP,train
20260531_062903_CJUWUG,train
20260531_063108_NXMRFN,train
20260531_065705_DQJYVU,eval
20260531_075545_QTTEKR,train
20260531_080242_SUAKXF,train
20260531_082003_ZJPHKU,eval
20260531_083928_UPRKYQ,train
20260531_092840_RPYKTK,train
20260531_135207_NYAPYH,train
20260531_140432_CWCJQM,train
20260531_142332_YPSRXQ,train
20260531_144807_FCAWNV,train
20260531_150600_DFZZTU,train
20260531_152338_QWUMZD,train
20260531_160917_SRQKFB,train
20260531_162655_BQMKPS,train
20260531_170547_SMCADX,train
20260531_172639_HBEFAU,eval
20260531_184742_DMFGZU,train
20260531_191908_AVNFGY,train
20260531_195052_MMPMLG,train
20260531_202009_DLDKLN,eval
20260531_204833_LVWEDP,train
20260601_014954_DMBLBJ,train
20260601_023508_NJUTSD,train
20260601_035413_KVLNJU,train
20260601_045140_PMSYHN,eval
20260601_052027_MQDTCZ,train
20260601_054434_VXAZWZ,train
20260601_071019_TKAGYY,train
20260601_083403_EQAQXS,train
20260601_084814_QZAYGZ,train
20260601_085836_HPKBHQ,eval
20260602_065201_DGTRME,train
20260602_065529_MHETQC,train
20260602_101725_RJSRXG,eval
20260602_101932_CTFRRL,train
20260602_133754_ETUBGD,train
20260603_043537_PWBTBJ,eval
20260603_043620_YPJYQK,train
20260603_043655_FFRYYN,train
20260603_044847_ZJTPFW,train
20260603_045341_SFHDEY,train
20260603_050056_DJMFTK,train
20260603_050251_NBHVQV,eval
20260603_050529_EYDGTD,train
20260603_050618_ERBPJG,train
20260603_050714_BYMBFM,train
20260603_050751_HRAECV,train
20260603_050956_XGGPGB,train
20260603_051204_VFNGMC,train
20260603_051544_JGYABX,train
20260603_051637_EFJDGP,train
20260603_051938_XXFVPB,train
20260603_052230_THRUFK,train
20260603_052328_DSXWTJ,train
20260603_052358_CNSHYQ,train
20260603_052542_TNHGSN,train
20260603_052603_JLQYBK,train
20260603_052615_PQZFRN,train
20260603_052632_PMTGPQ,train
20260603_052658_AJMSTL,train
20260603_052701_TASCPL,eval
20260603_052736_UBCRNF,train
20260603_052804_JMLQZL,train
20260603_052852_KSDFVH,eval
20260603_052924_KACLVA,train
20260603_053038_UASEQM,train
20260603_053149_CXFFAA,train
20260603_053154_CAFUQU,train
20260603_053233_HCKAPH,eval
20260603_053834_GWFMCC,train
20260603_054052_ECAKHH,eval
20260603_054433_HBKHBP,eval
20260603_055132_DRXHYN,eval
20260603_055142_FJBDPN,train
20260603_055203_GWYRUX,train
20260603_055302_NAFCXB,train
20260603_055319_PERWXT,train
20260603_055420_RDXRMQ,train
20260603_055509_BGCDTE,eval
20260603_055728_NMXZAS,eval
20260603_055911_LJEMRR,train
20260603_060046_DGNZRU,train
20260603_060136_MNBHRR,train
20260603_060206_KPBRSC,train
20260603_060221_QFQGUK,train
20260603_060603_LLAQHU,eval
20260603_060752_GWVHLV,eval
20260603_060813_DCQUTY,train
20260603_060929_BEAYDE,train
20260603_061126_HSMRHH,train
20260603_061720_XRCCTA,train
20260603_061738_UWWSCV,train
20260603_061814_HEETQU,eval
20260603_062105_ATSFQG,train
20260603_062337_QJACBW,train
20260603_062639_SHZKTV,eval
20260603_062821_LQKQMW,train
20260604_004813_CAEAVV,train
20260604_005318_WXUTHS,train
20260604_005757_VGXFJR,eval
20260604_010622_QRKNYU,train
20260604_010828_FQDUJA,train
20260604_010911_JRCUYG,train
20260604_011611_NPJSND,train
20260604_013012_MSLFWP,train
20260604_013435_BQUMKY,eval
20260604_013621_SXWVJM,train
20260604_014007_ADEAHS,train
20260604_015836_UKWARU,train
20260604_015913_VYNXZD,train
20260604_020847_CGALQG,train
20260604_021728_XVTDKA,train
20260604_030108_RRQJWC,train
20260604_030134_EEDHZL,train
20260604_030943_GRXHVW,eval
20260604_031554_SWEQXF,train
20260604_032636_DHDECH,train
20260604_034222_KLUBPH,train
20260604_034305_UKBCDN,train
20260604_044118_YGDKRR,train
20260604_052135_FZERGF,train
20260604_053104_EKGLRT,train
20260604_053132_YETTJW,train
20260604_053726_QTUUKV,train
20260604_053857_JWZYLZ,train
20260604_055342_ENCVRA,train
20260604_055815_EYDKCW,eval
20260604_061356_FKSHMB,train
20260604_061701_FUWCXV,train
20260604_061739_HWAUHD,train
20260604_062322_PZJKNR,train
20260604_063436_RFKLEM,train
20260604_065957_MDASYZ,train
20260604_070724_HNNMEM,train
20260604_070804_RLAEVP,train
20260604_070848_WDFPSR,train
20260604_070853_UAWUZF,train
20260604_073018_TUSCWP,train
20260604_073141_NZVYKP,train
20260604_073858_NDXHEF,train
20260604_074250_NEYMFN,eval
20260604_074445_HASTRW,train
20260604_074833_YJMQVN,train
20260604_080247_RVYXQT,train
20260604_080437_JURNMU,train
20260604_082131_SHRBYJ,train
20260604_082929_MQFZXC,train
20260604_083045_GJTDXM,train
20260604_083130_BVLYUQ,eval
20260604_083233_TCKSCP,train
20260604_083242_GWWKSY,train
20260604_083411_MSTTGY,train
20260604_085727_PXQRTE,train
20260604_090551_FXUKTM,train
20260604_091648_JAVDYJ,train
20260604_092326_TNBWQS,train
20260604_105504_UCYKTF,train
20260604_110715_HCWDMN,train
20260604_115926_HQGMAM,train
20260604_122259_ZTQTLP,train
20260604_125322_KLPMHR,train
20260605_104219_RWQCMU,train
20260605_113702_GQQPYK,train
20260605_134635_REMADP,train
20260605_153857_TBSLHL,eval
20260605_191407_DGKBPR,train
20260606_010448_PWFZMD,train
20260606_013222_APZSJG,eval
20260606_014318_XJHGFD,train
20260606_014551_VTDUEA,train
20260606_014719_HMNKCQ,train
20260606_015518_ZLXLFX,train
20260606_022303_BAARJJ,train
20260606_025119_AYBXWN,train
20260606_025254_FMKAGT,train
20260606_025254_QBHZWJ,train
20260606_025437_KKHSAM,train
20260606_025638_VAFARZ,train
20260606_032042_CDMFVA,train
20260606_033316_RDCSQB,train
20260606_033553_RYZKNW,train
20260606_034115_CRKHWS,train
20260606_034228_GBSAKC,eval
20260606_034234_DDTCGW,train
20260606_035827_VYWEGH,train
20260606_035929_AEDHJM,train
20260606_040440_FZHVRK,eval
20260606_041707_TQJHHA,eval
20260606_042615_ESJDAG,train
20260606_042730_MWLBXP,train
20260606_044122_QFXYHQ,eval
20260606_050905_ZRKHAJ,train
20260606_052155_QLRLKW,train
20260606_055341_PKYRQJ,eval
20260606_055637_ECFYWF,train
20260606_055814_GAQDQS,train
20260606_060015_EJQXQV,train
20260606_060513_XBLTSD,train
20260606_061915_XFDCAX,train
20260606_062104_CRQTWU,train
20260606_070033_EHUZLQ,train
20260606_071203_TEFWQV,train
20260606_072026_HZZGPR,train
20260606_072302_ULDEYD,train
20260606_072412_VEFHNY,eval
20260606_073127_GDSZDR,train
20260606_073649_GPGFLP,train
20260606_074424_AEDBQL,eval
20260606_081357_LDXUKF,train
20260606_090123_DXXWAV,train
20260606_090513_URVBPG,eval
20260606_092956_WREGQX,train
20260606_095507_NAHQFQ,train
20260606_100850_LKWQEA,train
20260607_054136_AMAPTW,train
20260607_165237_CYUNPX,train
20260607_172301_ZLGQCT,train
20260607_174435_CSDYBF,train
20260607_181526_ZXQMKY,train
20260607_184515_WYCHGZ,train
20260607_190923_QFRGFY,train
20260607_193226_WMSAHG,train
20260607_200613_EZGWNY,train
20260607_203743_BRFVPQ,train
20260607_204732_NYJUAD,eval
20260607_205847_DZVSWA,eval
20260607_211208_UCURUN,eval
20260608_000720_EMXJQG,train
20260608_000752_PCXEHV,train
20260608_002523_QGDNAV,train
20260608_003642_YFXXSZ,train
20260608_004544_GWGDHN,train
20260608_005758_BWDEJQ,train
20260608_013747_MTHLMP,train
20260608_014035_GWZSSP,train
20260608_021238_WBTXXP,train
20260608_021845_RGDUZZ,train
20260608_023124_WAZCAJ,train
20260608_024046_ZALVRL,train
20260608_024355_NSLQJM,train
20260608_031052_XQJRKY,train
20260608_032151_ABLDKD,eval
20260608_032713_LSHTGM,eval
20260608_033731_CBRYLZ,eval
20260608_040858_KACYJB,train
20260608_042008_DJUEPN,train
20260608_043439_LSPBHR,eval
20260608_044220_PWDJTU,train
20260608_044817_ZPNHZV,train
20260608_053930_LYFZUT,train
20260608_055633_WJNGDJ,train
20260608_055901_DGLMMK,train
20260608_062023_QWMAEG,train
20260608_062041_JAREAD,train
20260608_062149_TZLQSU,train
20260608_063256_NFWMVS,eval
20260608_063836_VCLXCR,train
20260608_065207_RDCZFE,train
20260608_065832_BMAQZV,train
20260608_070202_QDBGNM,eval
20260608_072526_KKALWY,train
20260608_073207_ECYETX,train
20260608_074250_MTEEWL,train
20260608_075900_CZXTRM,train
20260608_082031_QQGBFS,train
20260608_103046_BWFJZN,train
20260608_122359_CWJGPY,train
20260608_123149_PKSBBJ,train
20260608_124814_RBXCSQ,train
20260608_125410_YZWQHS,train
20260608_132923_RNMESN,eval
20260608_140211_NHYRZC,train
20260608_224807_HTFJSZ,train
20260608_230030_MDJMTV,train
20260608_231210_QFJBVM,eval
20260608_232307_BXJPLU,train
20260608_234217_NQCWLA,train
20260608_235733_AQJDYQ,train
20260609_000122_NVQTGL,train
20260609_000756_UXFTMP,train
20260609_000949_KETDCV,eval
20260609_002004_HGLAYZ,train
20260609_003504_AQQJHX,train
20260609_005640_BCTZXE,eval
20260609_011057_MAMBNM,eval
20260609_011839_UJFYMY,train
20260609_012544_NSTHDW,train
20260609_013624_SVRFKP,train
20260609_014203_RNMMFJ,train
20260609_014454_ECTMBV,eval
20260609_014737_DCFKXE,train
20260609_015021_UDZPYK,train
20260609_015025_QULZYD,eval
20260609_015357_ESCWRF,eval
20260609_015940_DXHQUZ,eval
20260609_020025_WWEJHP,train
20260609_020133_FHSNMV,train
20260609_020929_WVTPGU,eval
20260609_021327_DTZMTM,train
20260609_021618_NBVPEU,train
20260609_022350_QYSFMT,train
20260609_023555_HERASS,train
20260609_023644_UUENUN,train
20260609_023834_EQTYGX,train
20260609_025452_PZBBFB,train
20260609_030613_XZZGZC,train
20260609_031749_DNPSPV,train
20260609_031922_FRLYZV,train
20260609_032807_VZFUHD,train
20260609_032942_XMLMEV,eval
20260609_035519_QHZMMM,train
20260609_040612_RCQGNL,train
20260609_045559_HGJGHS,train
20260609_054240_MUSQAK,train
20260609_054921_UPKFEX,eval
20260609_060832_HEDATQ,train
20260609_063312_LVJEDC,train
20260609_064946_YBSNNZ,train
20260609_065922_TVXHVS,train
20260609_070809_PJNMGM,train
20260609_072414_FUXNHC,train
20260609_075937_XJXSTY,train
20260609_084627_JFUUUE,train
20260609_084639_UDKDVP,train
20260609_104757_CFYBXX,train
20260609_230420_WFXWKG,train
20260609_234823_VJMYLF,eval
20260610_001500_ZBABMM,train
20260610_001519_HRCASC,eval
20260610_003435_MDDQLV,train
20260610_011418_NLZZVZ,train
20260610_015459_TUACQF,train
20260610_020910_EKVDTN,train
20260610_021525_XGCCLG,train
20260610_023921_WCAPDD,train
20260610_025401_LDUUCY,train
20260610_030229_AQNSVT,eval
20260610_030900_LYGWTR,train
20260610_031421_QHCCBE,train
20260610_031854_YVZHZX,train
20260610_032205_SSFWMM,train
20260610_032241_QUZXBY,train
20260610_034023_RSJDGN,eval
20260610_041941_BQCXWA,train
20260610_045650_XHVUJX,train
20260610_052602_CMSPMT,train
20260610_053537_QGFXYK,train
20260610_055710_TYWKMN,eval
20260610_055742_EKQSDT,train
20260610_060928_FPEEXK,eval
20260610_061633_JXHGSF,train
20260610_061739_KTPESA,train
20260610_065915_ACRUXR,train
20260610_073601_WRVVMU,train
20260610_073735_WVAXMS,eval
20260610_094124_PHMRTS,train
20260610_100559_BKZMGX,train
20260610_111217_SMXMWT,eval
20260610_121155_EMSEGU,eval
20260611_053202_JFNTQA,train
20260611_081053_AWQEWZ,train
20260611_084303_PZTDMM,train
20260611_092748_YEDDEE,eval
20260611_093101_JCTWNP,eval
20260611_094345_TADUBQ,train
20260611_103445_FLVYRV,eval
20260612_001203_ZUZWQQ,train
20260612_003235_THWEXV,eval
20260612_004128_QRFXZJ,train
20260612_011046_URKWFX,train
20260612_011433_HUQTNR,train
20260612_012840_MNTKDJ,train
20260612_015210_DAJBVH,train
20260612_021712_STVXQP,train
20260612_023520_EJUPHH,train
20260612_024838_JVJGQT,eval
20260612_030617_NFCJVM,eval
20260612_052706_XGCSZR,eval
20260612_052941_DQAXAS,train
20260612_062645_CGXMKG,train
20260612_070312_PNTJVK,train
20260612_073942_CZFAKD,train
20260612_094444_JJGKLU,train
20260612_105838_YMSPPB,train
20260612_111528_WAMAES,train
20260612_231545_ZFNQBC,eval
20260612_235309_ZVFGSM,eval
20260613_000758_XPTXKN,train
20260613_001555_HTPPZJ,train
20260613_001723_JDBKCC,eval
20260613_001743_TCJVCN,train
20260613_002054_FDXZJG,train
20260613_003127_GMXVMX,train
20260613_004450_NWLNUU,train
20260613_004713_VVYJSR,train
20260613_005749_EHHYUF,train
20260613_011433_WXCKKB,train
20260613_012139_RPGEQY,eval
20260613_012326_FSUCWW,train
20260613_014717_ETMHLX,eval
20260613_015048_BABYHC,train
20260613_015405_NSPUAR,train
20260613_021758_RFRXPL,train
20260613_025559_GAQCHD,train
20260613_025747_CWXEUP,train
20260613_031655_USMQZZ,train
20260613_035255_QKFCGC,train
20260613_035928_FTTPZM,train
20260613_042520_VXNHBX,eval
20260613_044305_MFYYTP,eval
20260613_044309_VMJZAA,train
20260613_045043_STWFRY,train
20260613_045355_PVSYJU,train
20260613_050245_PDBCWE,train
20260613_051026_VWPYJS,train
20260613_052149_HKSVQW,train
20260613_052204_KSTVVY,eval
20260613_054434_HKLXCD,train
20260613_061517_AZYPRK,train
20260613_062812_DJTBNC,train
20260613_063845_JQHCSX,train
20260613_064024_GPWSME,eval
20260613_070958_UMHEMJ,train
20260613_071846_YBNWAK,train
20260613_072028_SWKQYD,train
20260613_072737_XDKECX,eval
20260613_075306_CTHTXY,train
20260613_075856_ZSFEMB,train
20260613_080747_PWRSZF,eval
20260613_081713_FRCJVD,train
20260613_081918_ESZSHK,train
20260613_085204_AJWPQL,train
20260613_104725_MPYFRK,train
20260613_114527_ZDRZZY,train
20260613_115009_AXSCZM,train
20260613_120634_KACYTR,train
20260613_134058_MWVZZD,train
20260613_200010_TKKZSY,train
20260613_203045_XNBWGV,train
20260613_222856_AKWLLT,train
20260613_233312_KZEGGY,eval
20260613_234004_VBFDUM,train
20260613_234432_EUUBYW,train
20260614_005823_KPBFJZ,train
20260614_010001_KKKLBR,train
20260614_010008_XHCBNM,train
20260614_010831_TVWDFQ,train
20260614_010925_TMLZKD,eval
20260614_034007_FRWQEX,train
20260614_065639_VPHBQW,train
20260614_065819_KMEWLK,train
20260614_070017_MMRQED,train
20260614_084410_NJVDMF,train
20260614_090940_FGDWGW,train
20260614_092448_KHUXWE,train
20260615_051650_ZDMZLZ,train
20260615_060911_PVEZJB,eval
20260615_061003_JGPZYF,train
20260615_061135_NQURFW,train
20260615_061551_HJSXVW,eval
20260615_062052_CEKWAL,train
20260615_064450_WWDVNP,eval
20260615_071155_EUVTJT,eval
20260615_072652_NYYLEQ,eval
20260615_073447_MDDQPL,train
20260615_073646_AMUXJT,eval
20260615_073758_JYUHKA,train
20260615_074523_XZTDDN,train
20260615_074648_RARGGC,train
20260615_074819_ZVLFWT,train
20260615_074916_JNTSPE,train
20260615_075531_HNEZYZ,eval
20260615_080319_SCDEAF,train
20260615_080509_QPQYCV,train
20260615_080626_UQUSBH,eval
20260615_081110_GQZXZH,train
20260615_081423_DNTKNX,train
20260615_081655_DKVHDM,eval
20260615_083524_RDFHZL,eval
20260615_083550_YLVSQF,eval
20260615_083951_ESZEPH,train
20260615_084654_MGQXNP,train
20260615_100303_GZAXBL,eval
20260615_101426_LGBACV,train
20260615_102253_PYGSVV,train
20260615_105519_NZNYZD,train
20260615_111939_JJRVWS,train
20260615_112932_JZEVXM,train
20260615_115216_GMCUYU,eval
20260615_115429_LNWZRX,train
20260615_120543_ZLDGJV,train
20260615_121638_ZTZTHH,train
20260615_124644_AXPZPL,train
20260615_131221_XFWUJL,train
20260615_132226_AFYJRE,train
20260615_132309_BTAUQM,train
20260615_132621_SSCZGX,eval
20260615_134926_UQMLVQ,train
20260615_135138_YWNTAR,train
20260615_142055_PNQVBT,train
20260615_142738_FVJLKW,train
20260615_142943_PWWATC,train
20260615_194434_XLVVPV,train
20260615_205839_XKNARA,train
20260615_215432_GGYZND,train
20260615_215919_RHJHEG,eval
20260615_234638_VYGKBZ,train
20260615_235235_AYVPKV,eval
20260615_235251_VZBHDZ,eval
20260616_002039_CEVTSX,train
20260616_002921_LMYQCY,train
20260616_003424_LNWJYN,train
20260616_003819_KMGEZU,train
20260616_004325_DDKHNW,train
20260616_004350_RRSHKK,eval
20260616_004905_XTRSYC,train
20260616_005307_MJRWPN,eval
20260616_005826_TLRAAT,eval
20260616_005948_BBLEZJ,train
20260616_010018_PUJBYP,train
20260616_011145_QPZBZA,eval
20260616_011516_PCQNGL,eval
20260616_012723_UHYDAR,train
20260616_015439_XNKHRA,train
20260616_015523_SFAPXE,train
20260616_020042_ZTPDAP,train
20260616_020144_QFPUXM,train
20260616_021023_RYJUEF,train
20260616_021230_SPQPFV,train
20260616_022210_ENTCVP,train
20260616_022613_MLHTLB,train
20260616_023430_GSZXKM,train
20260616_023837_QEPBLX,train
20260616_024808_VBALGX,eval
20260616_030415_UNARCU,train
20260616_030828_BLWGHL,eval
20260616_031401_VPNLMW,eval
20260616_033003_QDJDHA,train
20260616_033746_JBAURR,eval
20260616_034810_PMHFMA,eval
20260616_035134_SFHPAB,train
20260616_040202_GWRWKH,eval
20260616_051728_DFGGBY,train
20260616_060242_BNEQQR,train
20260616_060550_LRLWWN,train
20260616_063148_NCFCWN,train
20260616_065607_SBQAHF,eval
20260616_065841_AWDBKX,train
20260616_073111_XRHALV,train
20260616_091005_UYJTTV,train
20260617_002349_TNWKYP,train
20260617_011733_VUKALA,train
20260617_011945_QNQTHH,train
20260617_013412_DNQELQ,train
20260617_024025_BQDABW,train
20260617_024505_FDEJGK,train
20260617_043022_AVVGJU,train
20260617_053123_PNEJLG,train
20260617_055411_WFTBUE,train
20260617_063209_JLUNKC,train
20260617_074617_JVFACZ,train
20260617_082310_ZJYAMS,train
20260617_084418_CYVEHG,train
20260617_084700_LVMCDX,eval
20260617_094531_ESXTNR,train
20260617_102240_DPVGTC,train
20260617_103655_BSNVBG,eval
20260617_104007_BLVYMN,train
20260617_104151_STHMFD,train
20260617_110935_FSXQRX,train
20260617_113649_VQVFNL,train
20260617_113959_LEGJKH,train
20260617_114451_WFKYZU,train
20260617_120113_GYMTJM,eval
20260617_124027_DXVGLB,train
20260617_124312_DGYBLY,train
20260617_125228_FFSJAD,train
20260617_125238_CYXKEF,train
20260617_130252_YHZVDV,eval
20260617_132803_XHWJDL,train
20260617_135905_CPEJLD,train
20260617_140606_ZHJMTA,train
20260617_140819_WJQVYY,train
20260617_142248_PAVFWU,eval
20260617_142836_LJDPJQ,train
20260617_144245_BZFAYW,eval
20260617_145632_QJSETC,train
20260617_154837_PEBFCD,train
20260617_155511_TPXJML,train
20260617_160103_SDKQZQ,train
20260617_181237_GGNJDU,train
20260617_183100_BKLVLK,train
20260617_193108_LUNAEU,eval
20260617_200916_VEANHZ,train
20260617_201648_SEFGZK,train
20260617_214948_SJUTEU,eval
20260617_235745_MZHBWZ,eval
20260618_000941_KZMGCM,train
20260618_001128_TQMXRP,train
20260618_001132_YDNXMH,train
20260618_002513_GJXNCR,eval
20260618_003000_RPSBFN,train
20260618_003151_VBYKAP,train
20260618_003823_CYLALG,eval
20260618_004026_FQPZTZ,train
20260618_004300_UKUHGF,train
20260618_004315_FQZJDY,train
20260618_004737_NDKVMT,train
20260618_005159_YFYAFS,train
20260618_005644_CDUCJW,train
20260618_010019_RQXWVY,train
20260618_010530_XHYNNA,eval
20260618_011141_PHNVYQ,train
20260618_012930_VNUMSP,train
20260618_013942_RMNGTV,train
20260618_020035_KSXNWP,eval
20260618_020703_SLLZXX,train
20260618_024608_HRMAGH,train
20260618_034545_PDEBBM,train
20260618_040350_JHKMNB,train
20260618_042006_QVBMDC,train
20260618_044733_JRAXNM,eval
20260618_045744_THJRWK,train
20260618_050907_FYCJDW,train
20260618_050910_JMUPUS,eval
20260618_053008_RJSBCL,train
20260618_054119_QBGLTB,eval
20260618_061104_ASMFTN,train
20260618_093206_HGSWVT,train
20260619_101147_ZBHCAH,train
20260619_225819_QXDEVS,train
20260619_234530_RFXZZN,eval
20260620_000945_FMLXBA,eval
20260620_001930_WXJZGL,train
20260620_002156_HWDDPE,train
20260620_004457_REJMRU,train
20260620_004811_GLKCUB,eval
20260620_012944_UBPZEG,train
20260620_014650_FGHPGY,train
20260620_020442_PWFHPG,train
20260620_025427_KJXQQV,train
20260620_025455_UJLSEQ,train
20260620_031714_NPWDLR,train
20260620_033103_JNMEBB,eval
20260620_040137_HEMLAL,train
20260620_042914_XJHREB,train
20260620_052746_GXEHWR,train
20260620_053040_CQLUCP,train
20260620_053114_YFFWJJ,train
20260620_053224_TWMMWT,train
20260620_053258_SGUVQA,train
20260620_061124_GDRAXE,eval
20260620_083852_KFGWRF,train
20260620_093934_SDVEKR,train
20260620_103345_AENNYD,train
20260620_103730_UNLAVD,train
20260620_121829_HFFLGZ,train
20260620_140418_YKLZLC,train
20260620_141354_EYSWKR,train
20260620_151944_HEPTPD,train
20260620_194826_CTSEEQ,train
20260620_201000_QZCEDM,train
20260620_211453_MTATWR,train
20260620_220423_PDVREH,train
20260620_223032_FSGHGK,train
20260620_224942_RFLVXV,train
20260620_232025_ANUWQW,train
20260620_232452_LGZSJS,train
20260620_233327_BAWBUD,train
20260620_235508_UGQDZM,train
20260621_000449_ZXRVVZ,train
20260621_000631_AQAZKS,train
20260621_002336_STUJHK,train
20260621_002907_EBRDFK,eval
20260621_003550_BEXHCG,eval
20260621_004300_NFBBSV,train
20260621_004702_YYTSQB,train
20260621_004940_YDTSXF,train
20260621_011436_LDXWYM,train
20260621_011637_SHERPH,train
20260621_013400_NXFKEP,train
20260621_014548_GJKCVH,train
20260621_015802_HGTXYS,train
20260621_020847_MLCKXS,eval
20260621_023956_STZNPK,train
20260621_024302_JERMXB,train
20260621_032853_GBQCRF,eval
20260621_040709_JBTALQ,train
20260621_041046_LWLMWN,train
20260621_043219_ESZVRA,eval
20260621_044450_BJXVJF,train
20260621_050326_CZGQPB,train
20260621_052349_NRJLRC,train
20260621_053702_LAJXGX,train
20260621_060801_ALPXNC,train
20260621_061631_RPBNSA,eval
20260621_062515_YQUZXZ,train
20260621_063016_ERJNQK,train
20260621_063402_ZYVBEM,eval
20260622_003834_NRWXCK,train
20260622_033325_DLVLBU,train
20260622_035944_ZKAABG,train
20260622_052410_QFWGXZ,train
20260622_072706_DAFVRG,train
20260622_081241_ZCUQTE,train
20260622_081929_RPTVUB,train
20260622_082553_LKAQHZ,eval
20260622_083037_DBPQGK,train
20260622_083405_TAGDWF,train
20260622_084042_XNPEYQ,train
20260622_084346_SZQQHG,train
20260622_085515_JEUSME,train
20260622_090327_RZQPUS,train
20260622_092611_GXYFVX,train
20260622_093458_UKDCUR,train
20260622_093957_BQRGSX,train
20260622_102716_UVJFPX,eval
20260622_103223_UVSDAV,train
20260622_103251_FZVCCW,train
20260622_103718_RMDEMQ,eval
20260622_104703_YELQBK,train
20260622_105434_AMKWQP,eval
20260622_105750_EVQRJF,train
20260622_110318_QWKWHB,train
20260622_110826_UAAGBG,train
20260622_112450_THBMNA,eval
20260622_112908_VKHABA,train
20260622_115913_WMSPSQ,train
20260622_120920_DYBCKT,eval
20260622_121022_PMFZSK,train
20260622_125356_FNKWYD,train
20260622_132008_MANGTF,train
20260622_132626_DYAXYP,train
20260622_132702_YMZTFM,train
20260622_133046_LWABXP,train
20260622_134408_QVJMDW,train
20260622_135850_QTDYGA,train
20260622_141807_NHQZXE,eval
20260623_000915_ZSVQGU,train
20260623_004649_PCDASH,train
20260623_011237_ZMKFPZ,train
20260623_041016_TBYDWB,train
20260623_045348_LACNSF,eval
20260623_045709_BBAHMK,train
20260623_045901_YLSCHZ,eval
20260623_051426_GQVYLV,train
20260623_052213_RSLUXH,eval
20260623_052732_FRATTP,eval
20260623_053245_QFDJXF,train
20260623_053310_BGXSBW,eval
20260623_053405_QGMGXP,eval
20260623_053535_FZYZJV,train
20260623_053804_EBUNNX,train
20260623_053830_KCJHCC,train
20260623_053835_LEPCGZ,train
20260623_055429_BNEDPX,train
20260623_060044_EWCJVZ,train
20260623_060129_UJKRRX,train
20260623_060142_EXAMPD,train
20260623_060656_ZGHSEW,train
20260623_060853_KXDFLN,train
20260623_060951_HMHEHN,train
20260623_062753_ZRJDVL,train
20260623_062943_DJQBMV,train
20260623_062950_VLLJDU,train
20260623_063048_FSBHGV,eval
20260623_063137_TUUNSC,train
20260623_063253_ZBERAM,eval
20260623_063405_QNQVSA,train
20260623_063910_SFDJTQ,train
20260623_065349_SXAJVY,train
20260623_070137_PNTYGY,train
20260623_070246_ZSSRGF,train
20260623_070809_AVVWFC,train
20260623_071137_AYCGFD,train
20260623_072012_VKUKHP,train
20260623_072911_RCTZDK,eval
20260623_072953_GAEFWG,train
20260623_075144_NZWWGL,train
20260623_075224_YYVQNM,train
20260623_075951_GNFSZD,train
20260623_080703_BJVDCB,train
20260623_081616_TENCQE,train
20260623_082233_GTYMJW,train
20260623_082818_ETMBMW,train
20260623_083606_FZCBWF,eval
20260623_083619_EKPJEF,train
20260623_083854_RKVPVN,eval
20260623_084220_QBGQFB,train
20260623_090926_LRYWTJ,eval
20260623_091012_HFCDRB,train
20260623_091043_VXUUNZ,eval
20260623_091803_SADAYM,train
20260623_092054_CHZFCQ,train
20260623_104156_DCVHRG,train
20260624_002149_PUHJTP,train
20260624_002446_GWANBP,train
20260624_004922_CDJYYT,eval
20260624_005227_UEMVUZ,train
20260624_005701_JQTDMY,train
20260624_010136_YFTHWB,train
20260624_010631_FCWVKL,eval
20260624_013716_THWXXB,train
20260624_021322_FHLKES,train
20260624_024134_YMGMAT,train
20260624_033301_HGTQPZ,train
20260624_044740_NLPWWU,train
20260624_045649_NHYPZV,train
20260624_050755_QTMHDS,train
20260624_050845_BQXEQS,train
20260624_051044_CLWCUD,eval
20260624_051116_VYRFWE,train
20260624_051353_WYDGQW,train
20260624_051509_CVFFRL,eval
20260624_051723_ATEWHF,train
20260624_051858_JMZMPL,train
20260624_052109_WSVTMK,eval
20260624_052611_EJWBPX,train
20260624_053346_YEZREZ,train
20260624_053526_WWZLZF,train
20260624_053703_XAZMFN,train
20260624_053855_EKMJVC,train
20260624_053938_ZFHRMM,train
20260624_060224_DJMEQW,eval
20260624_060338_SDLCCG,train
20260624_060436_BEVDWW,train
20260624_060615_XEKUTG,train
20260624_060852_XNAPYJ,train
20260624_060909_GDDTFA,eval
20260624_061022_LNGNWB,train
20260624_061025_DVLSFJ,train
20260624_061156_YUAKBD,train
20260624_061733_AZNYCA,eval
20260624_064453_EFHXTW,train
20260624_064653_BWHHRZ,train
20260624_064723_BYUNVT,eval
20260624_064753_MXHBRH,train
20260624_070639_CXGEVG,eval
20260624_070905_MKXKTH,eval
20260624_070948_HZFELW,eval
20260624_071031_DLFRXK,train
20260624_071116_HBEUVT,eval
20260624_071341_KMLPPU,train
20260624_071833_HDNNMM,train
20260624_073438_EFBGYH,train
20260624_073500_ZNJVLT,train
20260624_074115_WQYGEU,eval
20260624_074354_QABZQU,train
20260624_074356_JBZMZH,train
20260624_075056_WFFFWT,eval
20260624_080040_KYBSFL,train
20260624_080523_LQGQYD,train
20260624_080649_YDUATQ,train
20260624_080815_LQUUDL,train
20260624_081059_HZGPQC,train
20260624_081201_HZMSBS,train
20260624_081311_DWRPDP,eval
20260624_082704_APJUEW,train
20260624_083510_SEPKSJ,train
20260624_085703_SLJEET,train
20260624_085814_BTRJWG,train
20260624_090658_BYQFZL,train
20260624_092514_YDPVAA,train
20260624_093416_CMZASC,eval
20260624_093513_RGZAZU,train
20260624_093523_LUJNJZ,eval
20260624_093656_CZVVHD,train
20260624_094001_JWZXAB,train
20260624_100353_MRHQNZ,train
20260624_102612_HVHXUQ,eval
20260624_102829_ZDGVEN,train
20260624_103357_TFFNTE,eval
20260624_104601_BTTEXF,train
20260624_110203_ENYFHH,train
20260624_115255_UGQQNQ,eval
20260624_115514_GSQSHG,train
20260624_134831_TWHGAE,train
20260624_140351_FLJAAM,train
20260624_140735_EMTNJQ,eval
20260624_142837_YWKQPQ,train
20260624_143359_VYGHTB,train
20260624_144138_ZNANTW,train
20260624_145754_SSDPBK,train
20260624_235540_CBGFJG,train
20260625_002558_KYZTZT,train
20260625_002817_JSKKKA,train
20260625_003658_JHRPLR,train
20260625_003954_CZEXYH,train
20260625_013827_QSNEWQ,train
20260625_020321_NUBCPE,train
20260625_020441_FCKMXU,eval
20260625_020550_QRZSTB,train
20260625_020646_QELDSG,eval
20260625_020845_LJWJQL,train
20260625_034345_JUSNTY,train
20260625_034921_FPJBQR,train
20260625_040409_CHKSEZ,train
20260625_043716_BXUQNS,train
20260625_045441_URQFJC,train
20260625_050404_BDRXWY,train
20260625_050500_VNLCNE,train
20260625_053127_JMFQEA,train
20260625_053423_XXDFSJ,train
20260625_060129_SBNVCH,train
20260625_065512_MBEGNU,train
20260625_065815_YDNLVR,train
20260625_075810_BMSFQZ,train
20260625_085908_VKFWGH,eval
20260625_091617_BJQAWV,train
20260625_101118_UULUWR,train
20260625_102846_FKVKWG,train
20260625_105136_MQZNLL,train
20260625_112143_CXKKQV,train
20260625_115051_MMGJDP,train
20260625_121029_CKLNZY,train
20260625_123651_LXXQWY,train
20260625_132851_FUYSZC,train
20260625_143141_WXQTPT,train
20260625_144204_MPGGZL,eval
20260625_151114_MNLHGU,train
20260626_001048_ZEEYCK,train
20260626_001903_PVACYA,train
20260626_002149_DPDFYH,train
20260626_002853_MBLCUK,train
20260626_002858_QBLNDB,train
20260626_003047_AKGTJG,eval
20260626_003302_QMWGAV,eval
20260626_003441_FALZMY,train
20260626_003655_LSBEMS,eval
20260626_003936_NLAMDX,train
20260626_004841_EJVHSR,eval
20260626_005338_WGTVSG,train
20260626_005659_TESXJG,train
20260626_010100_WVJLHA,train
20260626_010538_ENVBNG,train
20260626_010800_SWDSZF,train
20260626_011308_XEXHZG,train
20260626_013856_MPVADT,train
20260626_013927_EFZCQX,train
20260626_014639_XUMZMB,train
20260626_015631_FZANSD,train
20260626_020212_EVHCAE,train
20260626_020313_NSWBHK,train
20260626_020614_GBEGBD,train
20260626_020903_XTPSZG,train
20260626_020912_GMLDPT,eval
20260626_022900_HFPNQJ,train
20260626_022946_HQUTFN,train
20260626_023351_TEQTZY,train
20260626_023622_YVAVMG,eval
20260626_024007_TXFUNM,eval
20260626_024245_WZKVNF,train
20260626_031751_DYKULM,train
20260626_032501_JJMCYB,train
20260626_041134_UJRSSH,eval
20260626_043107_VDFBFW,train
20260626_044403_MBMNQS,train
20260626_045808_LSYNCJ,eval
20260626_050346_XAVALR,train
20260626_050906_SFEWTW,train
20260626_053151_DPGRBA,train
20260626_053256_UWKFTM,train
20260626_053600_ZFGAED,train
20260626_053718_NBBEMG,eval
20260626_055226_CELEGG,eval
20260626_055732_CQGKFY,train
20260626_055744_KQTKZF,eval
20260626_061020_CEGCAX,train
20260626_061204_MXWMAM,train
20260626_061728_DVDTLF,train
20260626_061801_PLLRER,train
20260626_061946_KRRNXC,eval
20260626_062503_GNDAWD,eval
20260626_063447_KSZUNN,train
20260626_063849_FKDSZX,train
20260626_065103_KYSFBS,train
20260626_072231_MPMXFW,train
20260626_073456_KZSYKW,train
20260626_075714_KZLZHK,eval
20260626_081926_MLHBDD,train
20260626_082623_DXWQDY,eval
20260626_083228_BHCDBY,train
20260626_235633_YKXPZW,train
20260627_000521_YLNQMK,train
20260627_073155_ZLGLZF,train
20260627_081824_VXZGUE,train
20260627_083742_LYAQFH,train
20260627_103441_DBNDTX,eval
20260627_145804_CHBPYJ,train
20260627_235448_JLHPGP,train
20260628_002144_JWUJRN,train
20260628_005715_KRPEGK,train
20260628_005829_ZVDXLF,eval
20260628_005855_WEQPTU,train
20260628_005906_SCKQTT,train
20260628_010152_XTBXDE,eval
20260628_010252_PDMWAU,eval
20260628_010303_WFJJTC,train
20260628_014308_KZNYVB,eval
20260628_015950_AJHWZV,train
20260628_020556_XGLPGD,eval
20260628_024502_JVLVJD,train
20260628_031154_MMBFFX,train
20260628_031447_WPESXR,train
20260628_031448_PHKDUT,train
20260628_031824_FGQAAL,eval
20260628_031918_NLPFUE,train
20260628_040249_CEHKVY,train
20260628_061653_YKXJJG,train
20260628_062026_HSGQMV,train
20260628_062751_JGADDZ,eval
20260628_063425_PKNXLN,eval
20260628_063734_JKVPLL,train
20260628_065212_ZDEYST,train
20260628_065334_GVHPSF,train
20260628_074323_KQHZNY,train
20260628_080525_BLEEEV,train
20260628_080601_EFWDGR,train
20260628_090435_VRDWGT,train
20260628_093040_QYKVSD,train
20260628_103609_PTVCAL,train
20260628_220308_VNZVCH,train
20260628_232508_HLFZTL,train
20260628_233850_WPQMWB,train
20260629_000954_QZHAPP,train
20260629_001143_MPGALS,train
20260629_002331_NAHAAW,train
20260629_002455_AZGQTE,train
20260629_003451_JJSYJV,train
20260629_003701_SWYSPM,train
20260629_003913_HASGPN,train
20260629_004207_JYRKUL,train
20260629_004355_SFLMMN,train
20260629_004533_BRTMPK,train
20260629_004544_CMBBBW,train
20260629_004637_DEJZAC,train
20260629_004643_DGYSPF,train
20260629_004719_GRYDYZ,train
20260629_004750_SAWZGV,eval
20260629_004759_BBHNVU,train
20260629_004951_MZJTGK,train
20260629_005107_CLVLEA,train
20260629_005115_TRDGGW,eval
20260629_005211_LBDYNJ,train
20260629_005230_MCDQPZ,train
20260629_005252_GVVQEH,eval
20260629_005331_LCVSPA,eval
20260629_005549_WCAWZA,train
20260629_005738_ZXWXCY,eval
20260629_010002_CQDUGV,train
20260629_010054_QDMYMS,train
20260629_010112_CGVEDW,train
20260629_010932_SQRUKK,eval
20260629_011206_WNGLUK,train
20260629_011905_CDGVRH,train
20260629_013300_AWNZTV,eval
20260629_014137_YGDBSH,train
20260629_020138_UYCDRW,train
20260629_021554_YHCYUD,train
20260629_021842_PEGGTV,train
20260629_023831_JCTRFL,train
20260629_024038_JQGDMH,train
20260629_024136_YZZCWL,train
20260629_030600_TWYDJE,train
20260629_032752_VTACAV,train
20260629_034126_EJSWSE,train
20260629_035810_MZELPR,train
20260629_045804_LDQDZE,train
20260629_045924_HQHTGZ,train
20260629_050032_WFHTGM,eval
20260629_050102_WNBFGP,train
20260629_050217_WHLJKL,eval
20260629_050227_SDXVXW,train
20260629_050357_YZVWYH,train
20260629_050503_AUYPMN,eval
20260629_050528_TUFSCC,train
20260629_050944_SVSDPW,train
20260629_050945_KDURUD,eval
20260629_051130_XYMULS,train
20260629_051246_DFWYPY,train
20260629_051255_STEGEP,train
20260629_051300_DFKZRH,train
20260629_051313_CCKURZ,train
20260629_051323_VMJWMJ,train
20260629_051325_HWYRRV,train
20260629_051411_GCSNWP,train
20260629_051417_HKJETL,train
20260629_051432_GAPVJN,eval
20260629_051537_EXEUCV,train
20260629_051614_ACJWQQ,train
20260629_051820_YRLUYY,train
20260629_070435_YSXDDV,train
20260629_070525_JCMWJV,train
20260629_071429_FAWZLZ,train
20260629_081319_KLLJMK,train
20260629_092742_CYNPUN,eval
20260629_103536_WNXBLQ,train
20260629_104420_NBHUXF,train
20260629_105456_SCGNPX,train
20260629_115409_DJWRJC,train
20260629_124117_ZDBUMQ,train
20260629_125859_YHUCCK,train
20260629_140007_FEMQZB,eval
20260629_141140_SJKLPS,train
20260629_143556_YDPKKC,train
20260629_150543_FFYRGY,train
20260630_003612_RNQQJC,train
20260630_003733_WCPQVM,eval
20260630_003829_RZGBCL,train
20260630_003950_QPXQCK,eval
20260630_004118_TPNJWC,train
20260630_004257_ACGJAB,train
20260630_004508_FNLGNZ,train
20260630_004510_PCGKZX,train
20260630_004649_XTKVBL,eval
20260630_004755_APFTXQ,eval
20260630_005123_PJXNYD,train
20260630_005221_NZNABC,eval
20260630_005513_GXXSNB,train
20260630_005800_APTPZJ,train
20260630_010417_JSMURD,train
20260630_064202_QVRLHM,train
20260630_070701_EGNJTX,eval
20260630_073357_BDDDPM,train
20260630_075940_MGYARK,eval
20260630_083112_SGLHHH,train
20260630_085627_YHTPJT,train
20260630_092043_QJTJYM,train
20260630_231758_ZHVKLW,train
20260701_001236_MLCAKX,train
20260701_001358_KUSSRX,train
20260701_001706_BACXGH,train
20260701_002126_TGEFJS,train
20260701_002231_KQKBKC,train
20260701_040123_XMTTHN,train
20260701_040651_WLQNQZ,train
20260701_041344_VQJTZB,train
20260701_042156_JYCPME,eval
20260701_042718_TVVTJL,train
20260701_043056_MLMMWK,train
20260701_043119_HNGWQY,train
20260701_044503_ARWLZC,train
20260701_044503_JFQGBR,train
20260701_044558_PDYFGL,eval
20260701_045916_TCMVHA,train
20260701_050121_YXBUEL,eval
20260701_050139_EQENQZ,train
20260701_050148_LQWCRS,train
20260701_051038_QCJRJU,eval
20260701_051147_KGVCKR,train
20260701_051151_YGUYJL,eval
20260701_053033_YKVKHZ,train
20260701_053231_WWLDNM,train
20260701_053739_UBKRHW,eval
20260701_054002_ZPWWHS,train
20260701_054045_LMKQVF,train
20260701_054056_CBQKHV,train
20260701_054545_XPZXVE,train
20260701_054813_NDVKBT,train
20260701_054841_CRMLZA,eval
20260701_055142_UVTTCD,eval
20260701_055415_XHZCWP,train
20260701_055636_PDWLPY,train
20260701_055935_NHQJEZ,eval
20260701_060202_SQAHRS,train
20260701_060303_PLSYVU,train
20260701_061208_FEALAL,train
20260701_061234_EGPQAJ,eval
20260701_061741_GRNMRS,train
20260701_064421_HVBDKN,train
20260701_064636_FJPEFC,eval
20260701_065046_XZPNQF,train
20260701_065119_CSXUXL,eval
20260701_065145_MNLAWU,train
20260701_065506_DWYPLU,train
20260701_065807_TTXBGU,train
20260701_070742_USJXSL,train
20260701_071200_QYWHBJ,train
20260701_071230_YNLZUU,train
20260701_071231_XCMPHH,train
20260701_071234_PEDCWC,train
20260701_071241_UXEREM,eval
20260701_071245_SDLQWP,train
20260701_071443_UZBKDS,train
20260701_071839_MCLVUP,train
20260701_072426_JKLQSQ,eval
20260701_072857_VKZEVJ,eval
20260701_073504_ZHLXCT,eval
20260701_100352_RQBQNE,eval
20260701_103828_SWCLQW,train
20260701_104316_HCYNYX,train
20260701_104958_XPCZZW,train
20260701_105634_HLKTSV,train
20260701_224421_QFDELH,train
20260701_233411_HBTSPL,train
20260701_235942_SFTJYR,train
20260702_052119_CBAQSQ,train
20260702_053147_MLCARG,eval
20260702_054722_YVCTAV,train
20260702_054954_QQCYQR,eval
20260702_055607_SNGACS,train
20260702_055708_KXFNSC,train
20260702_060115_GSDHPP,eval
20260702_061747_DFKXLH,train
20260702_061925_VAWBKY,train
20260702_063247_HEEJZH,train
20260702_070030_GJCLAH,train
20260702_070253_XNKTZC,train
20260702_071137_UPDNZF,train
20260702_071315_NVZDYG,eval
20260702_072905_VUSARR,eval
20260702_073416_KCFARK,eval
20260702_073741_YWNNNR,train
20260702_075503_PJFCEQ,train
20260702_080713_CGVGVJ,eval
20260702_082251_VWWKPP,train
20260702_083153_NJHZNN,train
20260702_084354_STSLFX,train
20260702_084957_FUQXLP,train
20260702_092443_NWKUPJ,eval
20260702_093244_QSEFPS,eval
20260702_093309_PBNMHP,eval
20260702_094424_YVAKYB,train
20260702_095151_FZWCLE,train
20260702_100024_HDKAVE,train
20260702_100751_UGTVYF,train
20260702_100913_XXRDNC,train
20260702_103220_EUPEJW,train
20260702_111028_AUQYUQ,train
20260702_111631_XAXEKG,train
20260702_115641_XQUUYK,train
20260702_120214_CYDMJU,eval
20260702_120839_VXPTQR,eval
20260702_224203_ARZHVH,eval
20260702_225925_DGSPTZ,train
20260702_232410_KKFSAN,train
20260702_232938_HDYUSE,train
20260702_233126_MYEYMU,eval
20260703_000051_YBGWTW,train
20260703_000508_KNYMKL,train
20260703_001037_MHHQKB,train
20260703_001054_LKMLUQ,train
20260703_001307_RXYGEN,eval
20260703_002843_LAHRWY,train
20260703_003254_YDVLRB,eval
20260703_003658_MYDRUG,train
20260703_003813_RKCYTE,train
20260703_004249_XTTSKW,train
20260703_004415_VJQHEP,eval
20260703_004751_RYKFHQ,train
20260703_005722_BSNLEE,train
20260703_005951_AXFFKP,train
20260703_012449_AVNNGS,train
20260703_013928_PXJEHH,eval
20260703_020554_KLSVST,train
20260703_021743_WCHLAQ,train
20260703_024545_AVTTZM,eval
20260703_024842_PNHECK,eval
20260703_025923_QHAAFH,train
20260703_030651_CBHPLT,train
20260703_030725_YLDBCL,train
20260703_031400_VSMANR,train
20260703_032740_NNYERA,eval
20260703_034943_EYZBUD,train
20260703_041506_XPGHJN,eval
20260703_041559_CYBFAH,train
20260703_045917_HPTWYP,train
20260703_045937_GCVWAH,train
20260703_050124_SYPKLH,train
20260703_050513_RGRMSE,train
20260703_050745_LQJPZP,train
20260703_051827_ECZPFD,train
20260703_052440_WFVMLA,train
20260703_052604_ZTXJGT,train
20260703_052941_SYHTJY,eval
20260703_053859_CMYNDM,train
20260703_053936_YWADRA,train
20260703_054050_GJSMVG,train
20260703_054427_HYJBCC,train
20260703_061702_ZEZGEJ,train
20260703_070806_CCBSSS,train
20260703_070905_KKAQYR,train
20260703_070935_KPTYXE,train
20260703_071028_JKRERW,eval
20260703_071110_GNUWQF,eval
20260703_071157_RGDBEB,train
20260703_071704_HUGKVU,eval
20260703_074932_ZNSMAQ,eval
20260703_080713_RUATBG,train
20260703_081238_GDJGUB,eval
20260703_081921_CSNVAN,train
20260703_082532_CLXHNH,train
20260703_090321_AADEVB,train
20260703_093029_RQYRQP,train
20260703_093052_LNSSWM,train
20260703_093541_NGANVA,train
20260703_103635_QJDEVG,eval
20260703_103848_WSFNQE,train
20260704_000204_MDRVWM,eval
20260704_003223_XCBHNJ,train
20260704_005830_MQQGSD,train
20260704_010548_EZYXLA,eval
20260704_015014_ZBSCUG,train
20260704_032702_MPDLQH,eval
20260704_035642_VPEQVQ,train
20260704_035939_GJZHPF,train
20260704_042342_UACJWD,train
20260704_043930_HUFTPR,eval
20260704_044632_HKNEVW,train
20260704_050059_DEGUNQ,train
20260704_050123_NFBLVN,train
20260704_050142_GSFDWT,eval
20260704_050258_YSZBVL,train
20260704_050522_ZPKVNR,train
20260704_050723_PBZQZZ,train
20260704_051133_LUSGKX,train
20260704_051555_QTQXFK,eval
20260704_052021_YUXEES,train
20260704_052052_BPFVEC,train
20260704_052332_CCSSWJ,train
20260704_053240_GQSVCE,train
20260704_053427_ENHLSK,train
20260704_055431_YNVULB,train
20260704_055439_BUURPJ,train
20260704_055803_TMGPGE,train
20260704_060050_DYPJQQ,train
20260704_060341_BNCRYH,train
20260704_061327_XUMCER,train
20260704_063834_HBTVLE,eval
20260704_063835_GNHHQA,train
20260704_063919_MFLTZT,train
20260704_063926_CRNLYG,eval
20260704_065243_FCJKRF,eval
20260704_070506_YSXBRB,train
20260704_071003_UCWRAK,eval
20260704_071320_NMEHLN,train
20260704_071333_CYSTVR,train
20260704_071414_XGRTBE,train
20260704_071523_UJFLBZ,eval
20260704_072141_DDTAEA,train
20260704_072211_HNPHYG,train
20260704_073521_HWHPRL,eval
20260704_073556_CHZVML,train
20260704_073801_KXENPM,train
20260704_073859_KVZGQN,train
20260704_074126_LNNFEL,eval
20260704_074742_VGZHEJ,eval
20260704_075745_QDMHTG,train
20260704_075918_GCCHNJ,eval
20260704_080636_ARLKSV,eval
20260704_081158_QWBSSQ,train
20260704_081428_HAGMLD,train
20260704_081841_ACQFHC,train
20260704_082159_DCPHRA,train
20260704_083003_MHCAVX,eval
20260704_083850_PTQQKE,train
20260704_085847_QHSWEX,train
20260704_090446_KAGDYU,train
20260704_093214_CHYDJH,train
20260704_094618_BANCLS,eval
20260704_095746_QXCCVK,train
20260704_100846_FJERRS,train
20260704_101651_RWZFCR,train
20260704_102210_KTJGFD,train
20260704_102911_ZFDTPE,train
20260704_102922_HTHTTF,train
20260704_103427_DNYVBJ,train
20260704_111501_TCZAJD,train
20260704_114035_MFNTLA,train
20260704_121049_JCTSTE,eval
20260704_121314_WMRGLR,eval
20260704_122715_WNYHGB,eval
20260704_123854_SGLJTE,train
20260704_125241_CNSTNF,train
20260704_130304_VWYWUR,train
20260704_223422_FKKBAR,train
20260704_230007_EFLJWU,train
20260704_232506_RLJGQW,train
20260704_234930_VFVDVH,train
20260705_001025_SVDQYM,eval
20260705_001449_QWYTVG,train
20260705_001802_QCNVTX,train
20260705_003520_AYRTWL,train
20260705_003938_BCQYGD,train
20260705_004049_FLPBGS,train
20260705_005508_MVYSAA,train
20260705_005659_MLZGZW,train
20260705_010105_PEPLNU,train
20260705_010107_PNTGLT,train
20260705_010215_TDNDRG,train
20260705_010625_LNNHDZ,train
20260705_012424_PVUSAT,train
20260705_012814_WJDSSX,train
20260705_012957_UGZSJP,train
20260705_013422_XLKHGA,train
20260705_014612_WLLMRF,train
20260705_015338_SPSABN,train
20260705_021506_ZPMBHA,train
20260705_022021_VWTYHL,train
20260705_022339_KCVLQZ,train
20260705_022756_XZWRCB,eval
20260705_022915_AAZWCN,eval
20260705_024032_SGFETD,train
20260705_024620_DRBEQN,train
20260705_025558_QREEKG,train
20260705_030748_YLCEWR,eval
20260705_030916_QHAPKU,train
20260705_032129_ZRYKCW,train
20260705_032410_SLLKMP,train
20260705_034224_ZRLVCL,eval
20260705_034452_WLXJJJ,eval
20260705_035317_VHTVNM,eval
20260705_045224_CFPGEF,train
20260705_050302_TWTGPS,train
20260705_050420_ULDKAV,train
20260705_050617_TNHYQS,train
20260705_052254_RGFJXB,train
20260705_052840_CEDRZZ,train
20260705_052959_KNHBXH,eval
20260705_053053_MWFMKA,train
20260705_053413_DFXEGW,eval
20260705_053627_RGCELC,train
20260705_053749_UDSNHC,eval
20260705_053930_FADFCG,train
20260705_055703_AVSQHA,train
20260705_062407_XTRBHD,train
20260705_062754_UHJLAP,train
20260705_063152_LXRMXY,train
20260705_063750_JHBKTL,eval
20260705_064419_YFXCBS,train
20260705_064831_PZZVUA,train
20260705_071340_GRAEYH,train
20260705_071800_TJTJLR,train
20260705_074119_WWBPSV,train
20260705_080054_AWDWSH,train
20260705_080644_XXHMRL,train
20260705_083329_YHDGUC,train
20260705_083500_YTGUEC,train
20260705_083800_AGZWLF,train
20260705_085744_NHFCDS,train
20260705_085813_PMQAHT,train
20260705_091052_QRLZNM,train
20260705_092324_LPZJDA,train
20260705_095233_MQCXUH,train
20260705_100312_HSLHRV,train
20260705_232157_WPVUJX,eval
20260705_232752_PKSBSN,train
20260705_233005_LRYANX,train
20260706_002123_BMMNVW,train
20260706_004817_UGUXSS,train
20260706_004912_LNCSKX,train
20260706_010052_NEVEZC,train
20260706_010244_VYTSTC,train
20260706_011116_HUEVSA,eval
20260706_011433_MXEYCX,train
20260706_011737_TNZZXQ,train
20260706_012301_CTPAKL,train
20260706_012627_KLTHJY,train
20260706_013329_AGBRVF,train
20260706_034026_TTCYEA,eval
20260706_040821_EYLCBF,eval
20260706_051116_XUCCMC,train
20260706_052238_GRHKXK,train
20260706_052754_ALVKRB,eval
20260706_053009_ULDFHK,eval
20260706_053039_RZEMPR,train
20260706_053119_QHQRNX,train
20260706_054036_LWEVVA,train
20260706_054103_RETDTS,train
20260706_054203_HMESLJ,eval
20260706_054246_HXAXWK,train
20260706_054733_PPRTDF,train
20260706_055820_HDGMTU,train
20260706_062005_ZSEVVR,train
20260706_072251_JXQSYA,eval
20260706_085314_EKDHZX,train
20260706_091449_XPVVKG,eval
20260706_091800_WGYMZR,train
20260706_092027_FBNULQ,eval
20260706_092136_AUHWPF,train
20260706_092528_BTWNJX,train
20260706_095258_AHLLVB,train
20260706_095615_CVPSKP,train
20260706_101113_YDNZKT,train
20260706_102059_BCZUFY,train
20260706_102140_WVFVGR,train
20260706_103420_RJVPXJ,train
20260706_104207_JVGMLS,train
20260706_112133_ZNETNV,eval
20260706_112927_EFUMTD,eval
20260706_120916_MWHZCF,train
20260706_123935_KATBXR,train
20260706_131601_EMDGYN,train
20260706_132346_DCJHQX,train
20260706_132704_ZXZQNB,train
20260706_133932_DZFFHT,train
20260706_134515_GFCVJX,eval
20260706_145537_SUYLNW,train
20260706_230306_UYRNWZ,eval
20260706_230540_ANEPKU,train
20260706_232604_DHYNUV,train
20260706_234919_QTHXXF,train
20260706_235113_QXPFHS,train
20260706_235254_SHEDFV,train
20260706_235616_DZZSRP,train
20260706_235720_WRWBNG,train
20260706_235804_WWVBTZ,train
20260707_000126_TGNZFY,eval
20260707_000252_UMELKH,train
20260707_000330_DRUBJL,train
20260707_000655_STPKYB,train
20260707_000919_RHJSSD,train
20260707_001040_KVUAPP,train
20260707_001239_KQRKJS,train
20260707_001320_YBXLGB,train
20260707_002111_TYBLWP,train
20260707_003451_PTDRHX,train
20260707_004622_MGXGZB,train
20260707_004809_HTXYMV,train
20260707_005038_ZKPASX,train
20260707_005856_MAEBJG,train
20260707_010013_GSVHYP,train
20260707_010100_QMSHEC,train
20260707_011523_QQLRUD,train
20260707_012745_VNXCNT,train
20260707_015312_NCDJWP,train
20260707_015838_XFGDHS,train
20260707_021513_GGUGDK,train
20260707_024249_FBKLWD,train
20260707_030400_GABRYW,train
20260707_030946_RRHNGD,train
20260707_031651_ZWMDYK,train
20260707_032029_TNWDTZ,eval
20260707_032424_SZEYBW,train
20260707_032753_PWQGXJ,train
20260707_040149_XFPWHP,eval
20260707_041425_WDDUFH,train
20260707_043914_ZBEHSF,train
20260707_050121_PMSLEH,train
20260707_050504_SPXJLK,train
20260707_050713_DVUNQM,eval
20260707_050737_PTSZFD,eval
20260707_051949_JHTVXT,eval
20260707_052400_PPZTFT,train
20260707_053047_YFYWJL,train
20260707_053159_FJCWHD,eval
20260707_053410_PQTRWD,train
20260707_053505_KTXNMT,train
20260707_054318_QVXCHQ,eval
20260707_054501_FVVFRX,train
20260707_055237_LCYJQN,eval
20260707_055343_VDSHWW,eval
20260707_055747_WFMVMZ,train
20260707_055756_JRDNXX,train
20260707_055758_PTBNAN,train
20260707_060038_PJNYBB,train
20260707_060127_SAFDVL,train
20260707_060152_KLQHZB,train
20260707_060240_ANEYDG,train
20260707_060758_UDTYYU,train
20260707_061506_HVREEL,eval
20260707_061859_ZATVNU,train
20260707_062121_XJANAF,train
20260707_062247_LGNPCJ,train
20260707_062252_ZZLGXT,eval
20260707_062419_FXURCK,eval
20260707_062724_LLJNJV,train
20260707_062826_JLEXEK,train
20260707_063153_LMQDDY,eval
20260707_063304_ZPPSKD,eval
20260707_063951_WKNASU,eval
20260707_064715_UYGDAY,train
20260707_065310_FKBFRQ,eval
20260707_065324_EZPMFP,eval
20260707_070148_NEHGTC,train
20260707_070148_XJKZWG,eval
20260707_070830_DNYSLZ,train
20260707_071248_FCDULL,train
20260707_072008_KVEMQA,eval
20260707_072224_APVWPW,train
20260707_072228_GNLRND,train
20260707_072333_ELNFNN,train
20260707_072532_BADTUL,train
20260707_074531_WXJJKC,train
20260707_074557_YKWLET,eval
20260707_075041_WCYSUH,train
20260707_075302_TVGVAD,train
20260707_075506_RYQWPU,train
20260707_075523_DCVGTT,eval
20260707_075545_NJYNEN,train
20260707_075922_DCSAFA,train
20260707_081027_UKMBKP,eval
20260707_081045_SJJESU,eval
20260707_081104_BSEEDZ,eval
20260707_081300_QNNZSC,train
20260707_083114_XDQFSB,train
20260707_083304_SNGJSE,eval
20260707_083655_XRRJQV,eval
20260707_090653_WHVNZP,train
20260707_091237_ZNEAAW,train
20260707_092254_DFAJWN,train
20260707_092914_CJGCWU,train
20260707_094224_DEZWKL,train
20260707_094857_XVPUVM,train
20260707_103147_GJSAUV,train
20260707_104222_TYMNJG,train
20260707_120223_DZQYJL,eval
20260707_121603_QWNVBW,train
20260707_122758_HLBHDQ,train
20260707_225535_NQUVFL,eval
20260707_231446_NRBTFL,train
20260707_235226_BEHPVV,train
20260707_235440_KMLKEC,train
20260708_000003_QAQUJL,train
20260708_000504_UDHURL,train
20260708_000934_MLVREC,train
20260708_001838_REXEGL,eval
20260708_002150_GBWRLD,train
20260708_002340_KHEGKE,train
20260708_002400_VKHGJR,train
20260708_002735_GWZKCN,train
20260708_003036_KNJUDX,train
20260708_003209_CXZBFJ,train
20260708_003239_QYREZJ,eval
20260708_004101_ZTYJVV,train
20260708_004120_NGKQRH,train
20260708_004626_KAZLTB,train
20260708_005044_QEFSPS,train
20260708_005112_GHKBPT,train
20260708_005118_RGAHCV,eval
20260708_005136_RHUCKA,train
20260708_005513_UFQTUR,eval
20260708_005513_XPVBCJ,train
20260708_005910_CXSZLE,train
20260708_005923_JAHUWL,train
20260708_010123_ZMVNCJ,train
20260708_010743_ZHHHDL,train
20260708_011419_JCTXMD,train
20260708_011521_HULWJA,train
20260708_011730_ZFKVPS,train
20260708_012157_VNMTBP,train
20260708_013220_JLYVSJ,train
20260708_013618_EGMXAM,train
20260708_015753_WWXEBJ,train
20260708_020745_VMEWGK,train
20260708_021117_FLDCFR,train
20260708_021123_VHCRHR,train
20260708_021127_JCYRPM,train
20260708_021141_UVZRBH,train
20260708_021344_ECVFMY,train
20260708_022154_UQTSUJ,train
20260708_023205_ETQUMF,train
20260708_023446_UAAWYA,eval
20260708_024105_MHADAY,train
20260708_025455_AGJMDV,eval
20260708_030234_WPAASH,train
20260708_033447_GFCUJQ,train
20260708_035056_CWXKLT,train
20260708_040416_HEGXZM,train
20260708_045052_HFKVNJ,train
20260708_045552_EXDWPZ,train
20260708_050821_SFDVFE,train
20260708_053042_LAENTS,train
20260708_053628_BUKRBD,eval
20260708_054627_CAUACA,eval
20260708_054659_AYETSY,train
20260708_055127_UBFRLU,eval
20260708_055530_NLCPGJ,train
20260708_055756_QBUFTF,train
20260708_055903_WLEDNB,train
20260708_060038_PULYGL,train
20260708_060238_ALAXCV,train
20260708_061135_RGKGDR,train
20260708_062025_VCSRRL,train
20260708_063735_YCWKLU,train
20260708_074449_AYENCY,train
20260708_075255_SFYRBQ,eval
20260708_084527_ZXUQUT,train
20260709_031818_JDZZCH,train
20260709_061104_MYJELQ,train
20260709_063329_JAMPNL,train
20260709_063501_CTFZZU,train
20260709_063536_DGPWVH,train
20260709_064755_BWAGTG,train
20260709_070022_YGEUQZ,eval
20260709_070843_KNEZCL,eval
20260709_071155_TKNCRJ,train
20260709_071155_ZLGMFD,train
20260709_071218_WBKMPW,train
20260709_071319_AEEXHW,train
20260709_071321_UYRRFC,train
20260709_071328_WTMBDB,train
20260709_071547_DQNAVH,train
20260709_071755_GEZRVK,train
20260709_072106_SWNQKU,eval
20260709_072846_LGYMQV,train
20260709_073653_YXLYBT,train
20260709_074053_FPHDWY,train
20260709_075229_JNWVRD,train
20260709_075314_TQTWCM,train
20260709_075607_CWPJCG,train
20260709_080835_AWSCGN,eval
20260709_081601_UCGBGJ,train
20260709_082325_JFUKBQ,eval
20260709_082645_EZBQCH,train
20260709_083257_YVCGML,train
20260709_083605_UTZNSX,train
20260709_084927_EBQLHW,eval
20260709_084950_YDNKCP,eval
20260709_085446_QZELVS,train
20260709_085623_GGQZHB,train
20260709_090514_FWHCGS,train
20260709_090758_XMVFDM,train
20260709_090928_EKGHYM,eval
20260709_091932_QJHUPH,train
20260709_092715_AXZXEX,train
20260709_093442_MERUHT,train
20260709_093444_PJEXGR,eval
20260709_093615_QFDSPJ,train
20260709_093640_PKWAPE,train
20260709_093804_KAWDFL,eval
20260709_093927_QYXPZR,train
20260709_094707_KFVSHL,train
20260709_095207_VBWYFV,train
20260709_095405_XYPEZB,train
20260709_100219_XUUFFV,train
20260709_101212_QRPFHL,train
20260709_101841_UGLTKQ,eval
20260709_103828_EYZVDY,train
20260709_104834_PFZCBX,train
20260709_105125_RPVTKX,eval
20260709_105235_NBFSNE,train
20260709_110254_KZDTVV,train
20260709_121658_RPCRKA,train
20260709_122719_ZHGZXG,eval
20260709_124713_GHBZJV,train
20260709_125542_HEYFKV,train
20260709_125718_JXSSSQ,train
20260709_142222_EKYSNW,train
20260709_165310_JDAYES,train
20260709_165912_TTGVJU,train
20260709_231258_SJNQNM,train
20260710_000224_HGRRGL,train
20260710_001819_EREUGB,eval
20260710_003715_ZEUHAX,train
20260710_003737_JNQVGC,train
20260710_003857_CBZNQN,train
20260710_004002_ZAMPMC,train
20260710_010917_RPSVJA,eval
20260710_014420_KRLTEE,train
20260710_021051_XBVTQM,train
20260710_021115_DRRBWZ,train
20260710_021224_YYWMWV,train
20260710_021228_ZATNKJ,train
20260710_021335_XPYJZR,eval
20260710_022416_WSACEW,train
20260710_075507_SNHSGM,eval
20260710_083118_NYKYGT,train
20260710_084209_ASKCKS,eval
20260710_084712_XGBBSR,eval
20260710_085030_EPBMTU,eval
20260710_085322_VUJYYM,eval
20260710_085450_RPGURG,train
20260710_090227_QBESPM,train
20260710_091249_BXHSFM,train
20260710_092002_DJJMPQ,train
20260710_092418_CSPABJ,train
20260710_092534_AJRGAQ,train
20260710_093015_ZUJKBY,train
20260710_093212_YLVMAL,train
20260710_093746_FRAZVD,train
20260710_093759_XZDGSF,train
20260710_093955_MZUTSE,eval
20260710_101138_WJYMZZ,train
20260710_101802_HNZHYF,eval
20260710_101843_ECYNXD,train
20260710_105208_RHKKLY,train
20260710_105331_UUCPHM,eval
20260710_105640_NNNJXX,train
20260710_105643_MJLQKE,train
20260710_111458_NPJXDP,eval
20260710_111811_NLSWRG,train
20260710_112625_DBCLEJ,train
20260710_112723_LRQZYA,train
20260710_113638_VKRUAF,train
20260710_114213_PTLWND,eval
20260710_115838_SXLRRQ,train
20260710_121027_YDULDY,train
20260710_123343_ZCGCHP,train
20260710_124634_LPPBVQ,eval
20260710_125447_LKVWLA,eval
20260710_125731_CMPFEC,train
20260710_125924_ZMDEQA,train
20260710_130143_VFDFSY,eval
20260710_132149_SHEXXV,train
20260710_132608_ALUHHE,train
20260710_134707_LCFQTL,train
20260710_134942_RFMTJY,eval
20260710_135836_DUGWQJ,train
20260710_140011_JEAASU,train
20260710_140308_CWLNWY,train
20260710_141537_XFCZYX,eval
20260710_144937_JBUKAW,eval
20260710_145216_DEEPWL,train
20260710_150717_WJUKMF,train
20260711_000156_UNJPRE,train
20260711_000944_HBWCEY,train
20260711_001000_YAAXXM,train
20260711_003306_YZLUKX,train
20260711_005408_FSHREP,eval
20260711_005751_APEDYN,eval
20260711_005942_TLGFAG,eval
20260711_011249_HSDVSA,train
20260711_012337_BHKNCK,train
20260711_012735_UTSMUX,eval
20260711_013501_WTMJPQ,train
20260711_020658_ZEKNYF,train
20260711_020806_PLLPSS,train
20260711_021144_GDRGEE,train
20260711_021546_ECHATH,train
20260711_023058_FALZLL,train
20260711_025033_DJSBUB,train
20260711_025734_QHMYMQ,train
20260711_030206_ZNUKFS,train
20260711_041638_FGPJQS,eval
20260711_043022_UKGPQP,train
20260711_043446_WJWZHF,train
20260711_044052_EKQYRD,train
20260711_045237_ZXACJC,train
20260711_050747_BWDCQX,train
20260711_050846_KYAMZQ,train
20260711_051009_PFZGHQ,eval
20260711_051650_SDYTRK,train
20260711_052713_PEHXEQ,train
20260711_053355_TKCDZT,train
20260711_054627_FWQVRW,eval
20260711_054720_PUGMQD,train
20260711_060742_AEYPWW,train
20260711_060749_QKMKLR,train
20260711_061502_CXSJVR,train
20260711_061532_QJQUQH,eval
20260711_061657_PEJLDT,eval
20260711_062713_JWRMMQ,train
20260711_063121_SUYSHN,train
20260711_063251_VXVBPG,train
20260711_063719_GXSLXX,train
20260711_063914_YGVAXJ,train
20260711_065203_YFUAMV,train
20260711_065240_DUBTFJ,train
20260711_065347_GTGTBT,train
20260711_065739_PUVCUW,eval
20260711_070500_ZBYGZX,eval
20260711_070533_KRGXXW,eval
20260711_070549_WTATPD,train
20260711_070748_QGCBSB,eval
20260711_071209_SZMZCX,train
20260711_071322_FUJPRA,train
20260711_071323_KVBHHP,train
20260711_071348_YSHBAA,train
20260711_072239_TEUNER,train
20260711_072816_JCLLHU,train
20260711_073033_BVPXQX,train
20260711_073236_DTVEJM,eval
20260711_074112_DVHDSE,train
20260711_074415_WRQHRP,eval
20260711_074906_NQCTQQ,eval
20260711_080211_YAZKYT,train
20260711_080332_FRSTYD,train
20260711_080959_NDZJYB,train
20260711_081846_AJXFQG,train
20260711_082016_TQESSL,train
20260711_082030_FCKBVX,train
20260711_082530_TYKCFM,train
20260711_082748_HBCPXY,train
20260711_083102_LALADP,train
20260711_083952_ECCUPW,train
20260711_084002_LNFFVZ,train
20260711_084133_KTEPBQ,eval
20260711_084229_KTXXJJ,train
20260711_084708_UASBXZ,train
20260711_084836_ATEXMK,train
20260711_085308_ULSFRD,train
20260711_085408_RHLXEY,eval
20260711_090027_YUVUFZ,train
20260711_090328_CQPHPU,train
20260711_090512_QCZLEF,train
20260711_090943_KMKENK,eval
20260711_092514_YKRQEA,train
20260711_092613_LSRAHP,train
20260711_092708_DBDKHA,train
20260711_093258_EMFQUJ,eval
20260711_093301_KRGAJX,eval
20260711_093825_JDAEFZ,train
20260711_094701_YPVAHZ,train
20260711_094915_NKKFMC,train
20260711_100435_MBEURH,eval
20260711_101249_QGCLHD,train
20260711_102308_WCAXNC,train
20260711_102442_WLHPTB,train
20260711_102528_CQWUDZ,train
20260711_102800_LENJJM,train
20260711_142934_UMKJUU,eval
20260711_150630_SBYLNG,eval
20260711_235622_GTZXCT,train
20260711_235842_LBDPLU,train
20260712_000104_TQWVYZ,train
20260712_000653_FGUSMN,eval
20260712_001826_CZCQCC,train
20260712_002104_RYAWFP,train
20260712_003758_TVZDEX,train
20260712_005313_XDLSSY,train
20260712_011934_XPQNVC,train
20260712_014631_FYWTQC,train
20260712_014741_YKAHXP,train
20260712_015635_ECLDBZ,train
20260712_020052_GGPBNL,train
20260712_021137_KMDEHE,train
20260712_021316_JVTUSA,eval
20260712_021707_CFPYDR,train
20260712_023312_HVAAQJ,train
20260712_023414_HLSHLL,train
20260712_030359_BHMKES,train
20260712_030541_QFJBHY,train
20260712_032414_KVNYCH,eval
20260712_032434_MHCQTA,train
20260712_032545_XLEHHV,train
20260712_033701_FFDJJT,train
20260712_034125_KYHPCR,train
20260712_034533_AWXECJ,train
20260712_034619_JRVUBV,train
20260712_034658_RJPUSK,train
20260712_035001_AVEAYB,train
20260712_040254_TXVDJF,train
20260712_040723_UNRYRG,train
20260712_040937_NLDKJL,train
20260712_042043_FAXSZA,train
20260712_042418_EGCXWX,train
20260712_043749_BAPZAP,train
20260712_045023_BTEJCB,train
20260712_045213_TBRRGE,eval
20260712_045744_YHKBRV,train
20260712_050035_VNMPDU,eval
20260712_050039_TZTUYG,train
20260712_050058_JETHQQ,train
20260712_051030_NMGPBW,train
20260712_051331_UPWDML,eval
20260712_051414_FBNCCM,train
20260712_051601_MRSFZH,train
20260712_051723_TAKEXK,train
20260712_051828_FVCWBW,train
20260712_052722_FETZPF,train
20260712_053002_SUFUPK,eval
20260712_053118_SGHYZJ,train
20260712_053126_KXRRPL,train
20260712_053901_HZRMKC,train
20260712_053954_JBEDKA,train
20260712_054142_YRNASW,train
20260712_054216_UNSSLR,train
20260712_054226_QERWFM,eval
20260712_054408_RPTNCZ,train
20260712_054438_JTCKZB,train
20260712_054638_GUSSXM,train
20260712_054747_LECGWD,train
20260712_054807_ZSGWDQ,train
20260712_054809_YDAEXW,train
20260712_055108_NUYPEJ,train
20260712_055543_VMVSWW,train
20260712_060024_XFRBMP,train
20260712_060322_APXPDL,train
20260712_060422_SDHTRX,train
20260712_060554_GLKTAS,train
20260712_060635_RQQUKD,train
20260712_060649_VZDECE,train
20260712_061014_MSYYFN,eval
20260712_061436_AAUWVL,eval
20260712_062546_HPPTZV,train
20260712_062954_DSNTBZ,train
20260712_063148_WNMBZY,eval
20260712_064131_APCTHW,train
20260712_064258_BQXZAS,train
20260712_065316_SZNHSV,train
20260712_070135_PQSCEX,train
20260712_071122_BJZCVU,train
20260712_071122_KERUPW,train
20260712_071353_WUZJAJ,train
20260712_071535_KXQDMS,eval
20260712_071549_XZHWTS,train
20260712_071623_KHKLCB,train
20260712_072323_DCAHWX,eval
20260712_072919_LCCXQV,train
20260712_073258_HBGMFE,train
20260712_074133_FUVGBD,train
20260712_074428_GERBTD,train
20260712_075725_ACCPKU,train
20260712_075838_DSGNEA,train
20260712_080057_XRWCAG,train
20260712_080220_KPVFNS,train
20260712_080757_WJYJMP,train
20260712_090244_BWQPDK,train
20260712_090258_UAUNCZ,train
20260712_090654_BDWQZZ,train
20260712_091352_UNEMDW,train
20260712_091403_RLLYPM,train
20260712_091738_ZQXKMJ,eval
20260712_100711_HTVNFV,eval
20260712_101530_PQUCEN,train
20260712_114616_CLTRPV,eval
20260712_120621_ZPWUQJ,train
20260712_230615_ETJUUD,train
20260712_233952_WMYPZD,train
20260712_235436_XRHEKS,eval
20260713_000359_GKNRGR,train
20260713_000501_DTFSHU,train
20260713_000825_PPVFSK,train
20260713_001135_TKZUCR,train
20260713_001245_CMZQAT,train
20260713_001442_GWFBDB,train
20260713_002120_AQJQNL,train
20260713_002300_ZJDNAK,eval
20260713_002407_MZTPUZ,train
20260713_002500_BXDESQ,train
20260713_002923_VUVZMT,eval
20260713_003305_TRWTYS,train
20260713_003348_PGHFWX,train
20260713_004235_DMPDFC,eval
20260713_004722_SXETEG,train
20260713_005812_ELMHEL,train
20260713_010118_RWCTUC,train
20260713_010137_GWBNPN,train
20260713_010813_XTRKLN,train
20260713_011550_DNCEFQ,train
20260713_011601_NHGGEP,train
20260713_012124_PFSAKA,train
20260713_013308_HZWMWJ,train
20260713_014152_PRDNPB,train
20260713_014226_WGXKWC,train
20260713_014818_VCUKJF,train
20260713_015029_RGMWQH,train
20260713_015206_RYTKTM,train
20260713_015227_XLREAR,train
20260713_015302_JHTUEK,train
20260713_015307_BUCWUB,train
20260713_015413_ZFESRF,train
20260713_015647_AAWVGP,eval
20260713_020124_AHYJXV,train
20260713_021008_KSASTS,train
20260713_021041_JAVWSN,train
20260713_021103_RZHYWR,train
20260713_021202_ZZBBLD,train
20260713_021225_WLTFES,eval
20260713_021323_AMXLRS,train
20260713_021428_NZQDCX,train
20260713_021432_AHEENY,train
20260713_021506_BVSQWH,train
20260713_021738_XCXWWY,eval
20260713_022351_AGUWBP,train
20260713_022401_KSDEVE,train
20260713_022449_YHQCGP,train
20260713_022507_WGQHAK,train
20260713_022554_XREVPE,train
20260713_022836_SVCKBB,train
20260713_023455_FRLHAZ,train
20260713_023705_RBWXHW,eval
20260713_024909_KYNLXY,eval
20260713_030822_BDCTEE,train
20260713_031625_LQXBFN,train
20260713_031730_CFCCXN,train
20260713_032214_KHDQBC,train
20260713_032544_RESUVL,train
20260713_032613_LAYRVD,train
20260713_032810_AVUCTV,train
20260713_032942_BMTXCV,train
20260713_033140_MLKWXK,eval
20260713_033151_AGFPAE,eval
20260713_033406_APUNLP,train
20260713_033607_TLXWFU,eval
20260713_033631_YVKETH,train
20260713_033718_FHQFXB,train
20260713_033738_TXRGEE,train
20260713_034303_TPMYJL,train
20260713_034522_ZATBES,train
20260713_034713_LJWPXZ,train
20260713_034922_MYJKJF,train
20260713_034923_ZGBWQV,eval
20260713_035230_XYAFMU,train
20260713_035428_YCQJNG,train
20260713_040302_LGRKGE,train
20260713_040522_MSVQLP,train
20260713_040700_KNPQVK,eval
20260713_041342_YPGEJG,eval
20260713_041655_HCKFSK,train
20260713_041822_KRHLBR,train
20260713_041858_CBBLWT,train
20260713_041941_AVTUNM,train
20260713_042050_NDNJEF,train
20260713_042139_AFEKRV,train
20260713_042314_VTNGKL,train
20260713_042921_PHMNMF,train
20260713_043053_LZSTRF,train
20260713_043150_SBDUUG,train
20260713_044051_FDJCGW,eval
20260713_044535_QFRZDH,train
20260713_044729_NNVUZN,train
20260713_044805_CNNXBK,train
20260713_045120_FBXUMS,eval
20260713_045532_HCMFZD,train
20260713_050126_TLHAQD,train
20260713_050402_XCYCSX,train
20260713_050435_FKHBCE,eval
20260713_050455_BKUSLU,train
20260713_050525_XJRBRD,train
20260713_050918_PGUZTA,eval
20260713_051401_XWQYDT,train
20260713_051408_AHKXHF,train
20260713_051834_VPUYJV,train
20260713_052005_XYYPVX,train
20260713_052141_MRCTUS,train
20260713_052308_PEPRYD,train
20260713_052407_QLLGGQ,train
20260713_052427_QDBURR,train
20260713_052528_WWSAJL,eval
20260713_052736_CYSPGW,train
20260713_052752_HSFTPY,train
20260713_052903_REZDNG,train
20260713_053050_ZUATJZ,eval
20260713_053158_GTVRXY,train
20260713_053402_GDBHPV,eval
20260713_053429_XSECEF,eval
20260713_053801_KHJMPN,eval
20260713_053802_UYWCYA,train
20260713_053920_VMDKPE,train
20260713_054201_UTSJEB,train
20260713_054609_TAACKP,train
20260713_054831_VMRXKR,train
20260713_055231_ZBZEBJ,train
20260713_055852_FVDPAH,eval
20260713_060702_UNGJXJ,train
20260713_063254_QDCVWC,train
20260713_064324_RPTKWV,train
20260713_072804_XRJSAX,eval
20260713_073311_MVSZPG,train
20260713_074909_QGGEZX,train
20260713_081419_PSZGKJ,train
20260713_082237_JBLWME,train
20260713_092741_VWZDMK,train
20260713_095907_CPLVNC,eval
20260713_102426_XZCTAY,train
20260713_104154_BESZCN,train
20260713_104458_JVJVPQ,train
20260713_234836_ENXJXZ,train
20260713_235955_QUKEML,train
20260714_000040_YJRFEB,train
20260714_000047_FVJFFS,eval
20260714_000336_ZKSGTD,eval
20260714_000839_DMVWFT,train
20260714_001250_DSLUWP,train
20260714_001524_EQAQDP,train
20260714_002507_NZSZTY,eval
20260714_002636_TXHEWM,train
20260714_003556_NDMAFF,train
20260714_003859_ALLRSB,train
20260714_010502_STGYVS,train
20260714_010723_XGYRXZ,train
20260714_011049_EWEWVS,train
20260714_011139_XKKBLA,train
20260714_011812_TFRCTJ,train
20260714_011842_AKGLHH,train
20260714_011847_CJLSTA,train
20260714_012033_FTWCYR,train
20260714_012317_KVZKPC,eval
20260714_012608_FSCUSE,train
20260714_012645_ZDBHMK,train
20260714_012656_UDSZAY,eval
20260714_012843_MVKFEK,train
20260714_012935_UKCEBS,train
20260714_013103_FASPNG,eval
20260714_013212_KCCGAT,train
20260714_013306_WDNVHM,train
20260714_013423_KWLVMT,train
20260714_013634_HFNYGR,train
20260714_013724_HQXBGF,train
20260714_013833_MXMKJR,eval
20260714_014258_JKAEUF,train
20260714_014404_BUPHPR,eval
20260714_014616_LEKFYG,train
20260714_014825_YMVNBG,train
20260714_014926_HXGHPN,eval
20260714_015033_WCNKGS,train
20260714_015110_VZXHEX,train
20260714_015205_TYCBSA,train
20260714_015444_JSHMXC,train
20260714_015531_VADZLK,train
20260714_015817_PTDSLX,eval
20260714_015855_WUXPPY,train
20260714_020327_FWGUNR,eval
20260714_020940_BEAQPX,train
20260714_021149_WQZSDY,train
20260714_021248_FEKEUY,eval
20260714_021537_KHSQLM,train
20260714_021740_KFUQVV,train
20260714_021836_CSLKHW,train
20260714_021959_VGRYFE,train
20260714_022109_QDQEHW,train
20260714_022356_SJZTQN,train
20260714_023420_DKGFUF,train
20260714_023807_AHQNVX,train
20260714_024650_UAPFHW,train
20260714_025353_VCEFAP,train
20260714_030017_XHEEDE,train
20260714_030041_VWQLSH,train
20260714_030147_XAJKHP,train
20260714_030231_TQPESS,train
20260714_030321_EDJMUW,train
20260714_030650_KUELNG,train
20260714_030651_GMVKMZ,train
20260714_031002_BKLAHH,eval
20260714_031328_XJPPKP,train
20260714_031457_LQURUD,train
20260714_031706_UJFTVC,eval
20260714_032009_FHACSG,eval
20260714_032020_MHXFPV,eval
20260714_032118_FVLPGQ,train
20260714_032147_NDDCJV,eval
20260714_032806_TRDNYQ,eval
20260714_032918_URGBJW,train
20260714_033001_ENCPWV,train
20260714_033126_MKTUZH,train
20260714_033353_MFKQAL,eval
20260714_033406_LCXCZS,train
20260714_034051_EXHVRR,eval
20260714_034122_VZNGSW,train
20260714_034139_LNGBYX,train
20260714_034943_AFBFPB,eval
20260714_034956_CQNYZF,train
20260714_035226_ENPYRN,train
20260714_035601_KBXUQR,train
20260714_035950_WVZQLC,eval
20260714_040123_RZETTS,train
20260714_040221_WQDMDD,train
20260714_042453_NCFULV,train
20260714_042551_MSDSEY,train
20260714_042936_DPKCQR,eval
20260714_043416_MVAHTK,train
20260714_043800_PUSBZT,train
20260714_045911_HPCUHP,eval
20260714_045914_JWRFJM,train
20260714_045933_QFKNRK,train
20260714_050413_NTTUGU,train
20260714_050512_FJVVHR,train
20260714_050935_NNYDCC,eval
20260714_051047_UQABKR,train
20260714_051701_ZHEHBR,train
20260714_051717_CQNJAE,train
20260714_051814_ELRCCV,train
20260714_053824_TPJUPY,train
20260714_054104_GRKWTM,eval
20260714_054128_BUSXKU,train
20260714_054313_JLHNDR,train
20260714_054336_VHADKM,train
20260714_055335_VVZTQD,train
20260714_060102_MPYLEH,train
20260714_060608_PHJBTQ,train
20260714_060855_TUESML,eval
20260714_062605_RFQRLC,train
20260714_062654_GGQAAC,train
20260714_063935_HFRJGP,eval
20260714_065352_AXBFMW,train
20260714_065837_YMBLJC,train
20260714_070704_MPYLHR,train
20260714_070912_KLWLXX,train
20260714_071049_WHEWCV,train
20260714_071202_USQEVQ,eval
20260714_071241_KCVTSF,train
20260714_071311_GSYHEE,train
20260714_071321_DMNRXQ,train
20260714_071355_WJCFHH,train
20260714_071452_DCFJCW,train
20260714_071544_AYQAPP,train
20260714_071613_QACVWR,eval
20260714_071719_DRFMTS,train
20260714_072046_QMNWRG,train
20260714_072116_VMLYJG,eval
20260714_072140_AUNGNP,train
20260714_072456_DZVANP,train
20260714_073138_CCFQKF,train
20260714_073241_MZGEDU,train
20260714_073428_LQGDKS,train
20260714_073742_GWEMJT,train
20260714_073922_ACRWGQ,train
20260714_074423_KUDZLK,train
20260714_074652_YNRLNF,eval
20260714_074741_DFGRUD,eval
20260714_074847_ZDTUDS,train
20260714_075008_WTELSH,eval
20260714_075105_FBSGWN,train
20260714_075741_ZEPAUZ,train
20260714_080053_BTJGUC,train
20260714_080408_MGMSRM,train
20260714_080454_DJQXCB,train
20260714_080809_VNZZGL,train
20260714_081320_DVMHTK,train
20260714_081417_DCRNHT,train
20260714_082107_ABLMNU,eval
20260714_082323_AGARBY,train
20260714_083132_XTVKVJ,train
20260714_083249_WHYBPC,train
20260714_083422_YEBDYC,train
20260714_083801_FVEVLK,train
20260714_083909_NYKSQP,train
20260714_084238_YXZPHN,train
20260714_084301_HKQRYP,eval
20260714_084504_YZYWDX,eval
20260714_085859_UBLSXD,train
20260714_090258_CJXUTG,train
20260714_090356_WSNZZA,train
20260714_091708_JSPCZJ,train
20260714_091713_YQUAXJ,train
20260714_092825_ATJDEB,eval
20260714_093103_ZPYKSC,train
20260714_093150_JAKAKZ,train
20260714_093207_PYDGQU,train
20260714_093307_RHJXJS,train
20260714_093314_LVXAKQ,eval
20260714_095233_AVJAJW,eval
20260714_100101_DJFVCU,train
20260714_101216_BHJSCB,eval
20260714_105252_UMDXXP,train
20260714_133336_NMDKTW,train
20260714_133513_AEQWHR,train
20260714_133831_JSTATX,train
20260714_133943_CETDWE,train
20260714_135400_RQYKBU,train
20260714_135451_MPAUBJ,eval
20260714_135721_MNSEAC,train
20260714_135808_HFQRJA,train
20260714_140522_NEZXAV,train
20260714_140829_DJWBVQ,train
20260714_141420_JQLWBF,train
20260714_141623_PJCEGC,eval
20260714_142322_LCPAJK,train
20260714_143551_YJSBML,eval
20260714_143600_WPLBZV,train
20260714_143655_ALUTTT,eval
20260714_143913_KEGTVU,eval
20260714_145007_HTMAVT,train
20260714_145242_APCVMK,train
20260714_145658_WRZBMC,train
20260714_151255_MZMGGB,eval
20260714_151615_QSPXEK,train
20260714_153036_AJGMFX,train
20260714_153333_ZTHTUS,train
20260714_153714_VKEEEQ,train
20260714_155926_SWKKCH,train
20260714_161739_WLDCGW,train
20260714_164324_NXBKMN,train
20260714_170811_YUCMYC,eval
20260714_171925_PVPNQN,train
20260714_172925_FDACGX,eval
20260714_175405_JHTZFA,eval
20260714_181551_TRFWAV,train
20260715_001214_EEFXAU,eval
20260715_001319_JJFUCM,train
20260715_001755_TVURXN,train
20260715_001949_CZYDEV,train
20260715_002153_ANAGJA,train
20260715_003413_QYTZUF,eval
20260715_003415_ZGFJNM,train
20260715_003502_WLAXXQ,train
20260715_003601_UXDLKN,train
20260715_003615_PTCFGD,train
20260715_003716_MNBYGV,train
20260715_003717_TXDJLD,train
20260715_003725_VVWCJS,eval
20260715_003730_AAWQXS,train
20260715_003849_ZZKZDN,train
20260715_004155_MYBMSD,train
20260715_004222_JVLRAB,eval
20260715_004504_MMLPXP,train
20260715_004515_XHEDSP,train
20260715_004744_KRLHAV,eval
20260715_004924_TJLWET,train
20260715_005122_UHPBTL,eval
20260715_005659_ULLWFT,train
20260715_005719_DNFFQC,train
20260715_005804_TKMKEL,train
20260715_005811_KKEMPG,train
20260715_005815_HMJSZY,train
20260715_005930_LAULKB,train
20260715_010251_EAAULH,train
20260715_010649_ZUTUQV,train
20260715_011158_EBUTDT,train
20260715_011249_CLSFHD,train
20260715_011833_ZWYKUS,train
20260715_012910_TQHMBA,train
20260715_013619_GFZXHP,train
20260715_014351_DVYRUJ,train
20260715_014631_BMWKHP,train
20260715_020338_UVSLVN,train
20260715_021131_PLZHKC,train
20260715_021207_CPPKJQ,train
20260715_021245_PGELLK,eval
20260715_021341_ZBRUAT,train
20260715_022207_ALTWGN,eval
20260715_022442_EBVYXV,eval
20260715_023318_XTTUTN,train
20260715_023733_UBAZKN,train
20260715_024100_XBBRJJ,train
20260715_024222_JVKBPY,eval
20260715_024431_TUMNPP,train
20260715_024542_CKMGLQ,train
20260715_030412_ALYDBL,train
20260715_034919_LVGJYT,eval
20260715_040822_KJDRET,train
20260715_041949_LPGPYX,train
20260715_044013_TRFUTX,train
20260715_050254_YCXPRU,train
20260715_051008_BCBWXV,train
20260715_051232_AGJFFH,train
20260715_051530_DWCQQC,eval
20260715_051615_XGCCFS,train
20260715_051812_HUZXEC,train
20260715_052224_QXWFVS,train
20260715_052458_JVSRKU,train
20260715_052525_FHAKSW,train
20260715_052659_JQTJWV,train
20260715_052743_BQXCEB,train
20260715_053427_TAFDXS,eval
20260715_053514_QAQART,train
20260715_054019_QZYWCG,eval
20260715_054336_MMWCKN,train
20260715_054454_KRPGVA,train
20260715_054557_QRAJQC,train
20260715_054653_ZPXFSE,train
20260715_054716_KPNABH,train
20260715_054901_SEMLVR,train
20260715_054921_YKNZBD,eval
20260715_055010_QCVJNY,train
20260715_055226_SNQVVZ,eval
20260715_055757_SAANYH,train
20260715_055908_TSWPJM,train
20260715_060346_FMSLSS,train
20260715_061352_RVFEEA,train
20260715_061550_DUCMNA,train
20260715_061606_BBKXSM,train
20260715_061809_ZNHPBV,train
20260715_061823_KHGNWH,train
20260715_062011_KPGQZF,train
20260715_062211_CBQHDD,train
20260715_064202_MKJBVW,train
20260715_064623_NGVDFY,eval
20260715_065335_LARSLJ,train
20260715_070039_PLNXGB,eval
20260715_070118_RSVSRD,eval
20260715_070209_XHYHDS,train
20260715_070607_CVBTCQ,train
20260715_071124_JXRYJV,train
20260715_071157_WTVDEB,train
20260715_071302_FNDAND,eval
20260715_071434_EXGBKU,train
20260715_072645_SGMCFQ,train
20260715_073115_ZRTYLL,train
20260715_073212_LJJFAY,train
20260715_074215_WAVLXL,eval
20260715_075036_VCZDYK,train
20260715_075416_NERTVW,train
20260715_080708_WMRREG,train
20260715_080711_BPNJBM,train
20260715_081120_RVDYNK,train
20260715_081144_NZLCCH,train
20260715_081859_FBRHBY,train
20260715_083413_DNRTGH,train
20260715_083717_BEPMYT,train
20260715_084541_MUBCWP,train
20260715_084724_XXUXGW,train
20260715_090059_EZAYVK,train
20260715_090127_EDWNCW,train
20260715_090229_HLVPPG,train
20260715_090838_EUHSKC,train
20260715_092523_LZJFCD,train
20260715_092525_UJLHSC,train
20260715_092629_XZEZQN,train
20260715_093249_PZHYGA,train
20260715_093420_NUQJRC,train
20260715_093433_BDERDP,train
20260715_094136_CLUCBM,eval
20260715_094312_DXMFSG,train
20260715_101333_UNKUWB,train
20260715_101415_WXUMVQ,train
20260715_101917_SFXERJ,train
20260715_101921_NZZADN,train
20260715_103649_AXESWP,eval
20260715_103754_QRFVQP,train
20260715_104135_QAFKGB,eval
20260715_104426_TBJPNK,train
20260715_104756_PMPSCC,train
20260715_104806_EQBSQX,train
20260715_111528_DFBWRX,train
20260715_111658_TFFZKP,train
20260715_111936_MMXNRU,eval
20260715_112303_XKXQMU,train
20260715_112422_JFUTLW,eval
20260715_113252_SLVQHF,train
20260715_113458_UAJTFA,train
20260715_113556_WRZQMP,train
20260715_114013_FNFXBV,train
20260715_114040_ESUNRG,train
20260715_114117_GAAWCU,train
20260715_114945_NGNYBA,train
20260715_115046_ECAZLV,train
20260715_115051_DZAQWZ,eval
20260715_115603_KAUYYY,eval
20260715_115830_QVMAVE,train
20260715_115856_KYVBFD,train
20260715_120530_TTMYYC,train
20260715_120758_HDJGVH,train
20260715_121127_LLSBCX,train
20260715_121405_LFXJDP,eval
20260715_121439_RXQASG,train
20260715_122212_JVDJTZ,train
20260715_122238_VYVDTS,train
20260715_122251_RLXSFW,train
20260715_123328_TVPDMN,train
20260715_123334_XENCLG,eval
20260715_123817_HSGSWU,train
20260715_124052_ZHDHFS,train
20260715_125037_XBDLUS,eval
20260715_125144_WTMFKT,train
20260715_125513_VVTUHE,train
20260715_125733_HBDLUA,train
20260715_125810_GWFFKQ,train
20260715_125930_KJZDAX,eval
20260715_131402_ZBTYYS,eval
20260715_132241_LQJVMP,eval
20260715_133034_SFQKQH,train
20260715_133533_UWDAUN,train
20260715_133740_RWPJZR,eval
20260715_133750_NKPAZU,train
20260715_134457_MENCPP,eval
20260715_134546_LSYVFR,train
20260715_134613_FLMMDE,eval
20260715_135230_ZYEPWV,train
20260715_135304_SAMEMP,eval
20260715_135554_KEBHGK,train
20260715_140053_GKSJZK,eval
20260715_140345_ZYNDYG,eval
20260715_140428_QXEALJ,train
20260715_140851_DZAQWM,train
20260715_140906_ZRXVDP,train
20260715_141044_RNPAFB,train
20260715_141158_URKDUQ,train
20260715_141610_LHGWDU,train
20260715_141610_ZLETYK,train
20260715_141959_HSVWAH,train
20260715_142756_NBXBYK,train
20260715_143009_RNLEVS,train
20260715_225751_YAKRKH,train
20260715_232914_TMPTPD,train
20260715_234920_TRYQJD,train
20260715_235033_TQLWFK,eval
20260715_235243_VWKXAR,train
20260715_235814_TUWHPF,train
20260716_000022_EKWWCL,train
20260716_000249_XWAPCN,eval
20260716_000400_TNZKBX,eval
20260716_001142_GVBZKB,train
20260716_001351_AGBBKL,train
20260716_001540_MTEKBC,train
20260716_001626_GXUFQM,eval
20260716_002211_MBEJKT,train
20260716_002236_SFSBPN,eval
20260716_002341_ZBKZXS,train
20260716_002344_ZXKZXL,eval
20260716_002532_KARPUT,train
20260716_002601_BPXPEB,eval
20260716_002606_GGBDYA,train
20260716_002831_NEJTDK,train
20260716_003157_RSJTPH,train
20260716_003248_DHCLVP,train
20260716_003344_WXKXBD,eval
20260716_003344_ZXRJMG,train
20260716_003357_ESLDPQ,train
20260716_003423_BCTXDY,train
20260716_003502_KHQUEA,train
20260716_003509_NSFSVM,train
20260716_003652_GPBXLK,train
20260716_003654_RZHKQJ,train
20260716_003831_LMRNLD,eval
20260716_003855_HLARJF,eval
20260716_004135_DNVSBQ,train
20260716_004140_DRFWHT,train
20260716_004244_SSFMFF,eval
20260716_004255_ZWFLFG,train
20260716_004337_HXKZWU,train
20260716_004401_XNKSDM,eval
20260716_004416_PGFGXA,train
20260716_004601_NGBTEA,train
20260716_004923_GSRRLC,train
20260716_004938_KFQFUS,train
20260716_005216_XVPNDJ,train
20260716_005217_RBMWCF,train
20260716_005636_MDPBWE,eval
20260716_005844_KXERJX,train
20260716_010126_PPQYYR,train
20260716_010130_EKGUNS,train
20260716_010145_ZXNREB,train
20260716_010205_VEAJNR,train
20260716_010343_NESUSH,train
20260716_010355_PDXLSB,train
20260716_010435_XGJNTV,train
20260716_011050_CTUMAR,train
20260716_011122_RTZWMH,train
20260716_011237_KLESZD,train
20260716_011533_TSMURH,train
20260716_011922_YHBUMH,train
20260716_012610_RNFLZU,train
20260716_012615_RYBNFL,train
20260716_012812_PWCHMS,train
20260716_013521_FVVXPV,eval
20260716_020936_QYAYBJ,train
20260716_020952_NRRXQL,train
20260716_021004_XLYBQD,train
20260716_021019_KGEHTB,train
20260716_021132_XPTLTQ,train
20260716_021216_TJCTCF,eval
20260716_021837_RJPYLM,train
20260716_021916_CCMALG,train
20260716_022230_CUEULG,train
20260716_022319_ZLENED,train
20260716_022721_KSJUSB,train
20260716_023059_QDVEUU,train
20260716_023531_LKRMNP,train
20260716_025113_SXCSUR,train
20260716_030711_UASUDN,train
20260716_030937_KFVTNK,eval
20260716_031459_LVXMTQ,train
20260716_032106_FUFEBF,train
20260716_032538_XCAUVV,train
20260716_034035_LXVTNE,train
20260716_034539_MSWACZ,train
20260716_034817_DXXRYF,train
20260716_035408_DDCNRL,train
20260716_035542_GZJFUW,train
20260716_035926_MASPTJ,train
20260716_040532_XSYUNB,train
20260716_040626_SXQJYM,train
20260716_041434_SKTDTC,train
20260716_041629_QCKLNQ,train
20260716_043254_ARUFXT,train
20260716_043821_JURLGV,train
20260716_044012_ZBQUQX,train
20260716_044023_CTJZZN,eval
20260716_044107_ECVDED,train
20260716_044120_KRPTDZ,eval
20260716_044303_WNDJRU,eval
20260716_044549_JTWSRJ,train
20260716_044822_YAREJU,train
20260716_045214_DWJVAS,train
20260716_045244_ZHZRZC,train
20260716_045318_PEEQGH,train
20260716_045822_TELUXK,train
20260716_045851_VDEPAZ,train
20260716_045952_MWABYV,train
20260716_045956_FZEBGW,train
20260716_050009_FSVTGF,train
20260716_050103_KXACVE,train
20260716_050228_QYFKCQ,train
20260716_050411_SGUYMS,train
20260716_050547_NGBXPK,eval
20260716_050635_YGNQYC,eval
20260716_050714_VWNASF,train
20260716_050755_TKWYJG,train
20260716_050915_YJNWRF,train
20260716_050917_DVNHZG,train
20260716_050939_NKVTZE,train
20260716_050943_ZEDYGS,train
20260716_050959_LFQMPU,train
20260716_051026_CLHKRP,train
20260716_051037_CHRLSQ,train
20260716_051204_APAUKL,eval
20260716_051306_LXVRYK,train
20260716_051441_GMMRZP,train
20260716_051541_BJXSTB,train
20260716_051743_RAPUPT,eval
20260716_051748_LSPVRK,eval
20260716_052052_HXGHLK,train
20260716_052124_BMFUXG,train
20260716_052442_CFPFDR,train
20260716_052723_ZQYWGX,train
20260716_052828_MFBCYW,train
20260716_053023_VWEDUY,eval
20260716_053152_GCEJXF,eval
20260716_053211_EBFWYH,train
20260716_053242_GTLEHZ,train
20260716_053250_YSJZUF,train
20260716_053318_DPXEPW,train
20260716_053410_GRNPEW,train
20260716_053432_JUVQPQ,train
20260716_053435_BFYUJR,eval
20260716_053542_CWZXUS,train
20260716_053548_USKPAA,train
20260716_053951_JDSDMG,train
20260716_054017_VMLGMG,train
20260716_054121_ATRAHW,train
20260716_054409_WJGVUR,train
20260716_054527_JHLXQD,eval
20260716_054641_LCVVQG,train
20260716_054751_UGBQAX,train
20260716_055138_PPLMRC,train
20260716_055525_EJFQQB,train
20260716_055613_WMFFFF,train
20260716_055838_NZYAEC,eval
20260716_055838_VVNMVY,train
20260716_055840_SSTTVE,eval
20260716_055840_UMMUHH,train
20260716_060536_KZYGWA,train
20260716_060641_JGTCHM,train
20260716_060728_JMRZLK,train
20260716_060924_FNVRTL,train
20260716_061023_RTDABD,eval
20260716_061204_VBQUXV,train
20260716_061503_DNGYAA,train
20260716_061540_WMRFWN,train
20260716_061746_BVNBXQ,train
20260716_062340_YZAJYN,eval
20260716_062430_ZAEEAR,eval
20260716_062538_CKXBPC,train
20260716_062840_KJGPJB,train
20260716_063720_FRRQTY,train
20260716_063723_BSKDQX,train
20260716_063744_ZRVUTN,train
20260716_064519_EDRVHE,train
20260716_065231_TVXEZG,train
20260716_065702_DGMFLC,eval
20260716_070901_ZJCPQS,train
20260716_071231_LEKCJY,train
20260716_071543_AVREXM,train
20260716_071730_EFDCJW,train
20260716_072611_SRPTHX,train
20260716_072815_ZHUTLL,train
20260716_072818_WJWCTE,train
20260716_073038_SAHHLE,eval
20260716_073319_QBVVEE,train
20260716_073703_YPQREB,eval
20260716_074422_SUUPMU,eval
20260716_074840_FKTTTD,train
20260716_075042_FYQHZK,train
20260716_075051_GHEYSA,train
20260716_082241_QTDACE,train
20260716_082338_ZXSQDW,train
20260716_082423_DUKYKF,train
20260716_083451_ZHRSUP,train
20260716_083520_JVKLCJ,train
20260716_084234_ETSHZU,train
20260716_085426_CRMXHW,eval
20260716_085835_YFTEAR,train
20260716_090927_UGYLYQ,train
20260716_091118_JGWVVJ,train
20260716_091328_VTBGJL,train
20260716_091850_CCBHVR,train
20260716_092903_CDWVRG,train
20260716_094317_LUZHYV,train
20260716_094430_CKLLCM,train
20260716_094744_EFDRFN,train
20260716_094928_BPLPRP,eval
20260716_102923_VSAPPL,train
20260716_103615_NUQYWM,train
20260716_103624_GVBXTN,train
20260716_103736_ECCMKZ,train
20260716_104129_CMVNLX,train
20260716_104201_WWLVNF,train
20260716_104242_YTDVLR,train
20260716_105650_GMEHXB,train
20260716_130423_DHYQGP,eval
20260716_234156_VNMESR,train
20260716_234549_NNTFAT,train
20260716_235146_DQQKLT,train
20260716_235441_MLBEVQ,train
20260717_000230_QTKWGG,train
20260717_000645_WBGTNC,train
20260717_000648_GKDNHR,eval
20260717_000807_WCWWYW,train
20260717_002212_UNHMBX,train
20260717_003443_EDMYYA,train
20260717_004023_HBKVVP,train
20260717_004243_KGPWDC,train
20260717_004417_KDULBF,train
20260717_004720_JMYZMZ,eval
20260717_005449_QVUJGG,train
20260717_013310_HNJULU,train
20260717_015036_ZPNNCP,eval
20260717_015923_JJKQFT,train
20260717_021110_WXXHPU,train
20260717_023655_SEXNQB,train
20260717_040810_KEJYVV,eval
20260717_045238_UFEQUS,train
20260717_050220_FJXWWL,train
20260717_054240_VKWQWB,train
20260717_054631_HTERPV,train
20260717_060016_SLDJYY,train
20260717_062052_YLKWWJ,train
20260717_063637_USKRGU,train
20260717_064337_DWFDTJ,train
20260717_073229_BRJEQD,train
20260717_073844_YFZELS,train
20260717_073911_YFWZTB,train
20260717_074222_ZFEYVL,eval
20260717_074719_ZTBQHF,train
20260717_075617_ZBQRNS,eval
20260717_075918_JLJMZB,eval
20260717_080525_FCUCBR,eval
20260717_080647_WSVFUH,train
20260717_080706_JAPZUR,train
20260717_080727_LLBEET,train
20260717_080819_PESUFN,train
20260717_081237_UPVDKC,train
20260717_081351_YSTJNX,train
20260717_081536_NLSZZZ,train
20260717_081820_HFFNMM,eval
20260717_082003_CPKUNQ,eval
20260717_082223_XJXVTU,eval
20260717_082315_SPFCAS,train
20260717_082427_QGVUTT,train
20260717_082446_GEQTXK,train
20260717_082632_EPVDVU,train
20260717_082900_NSJKRF,train
20260717_083017_HCBPYC,train
20260717_083246_HSZZJU,train
20260717_083603_MJFDMM,train
20260717_083615_VDUCUM,eval
20260717_083651_DVNRWZ,train
20260717_083844_CVGLFG,train
20260717_083932_ZXXZNB,train
20260717_084037_MQETAT,eval
20260717_084330_FDYVXU,eval
20260717_084432_SJMTNK,train
20260717_084526_NPERCZ,train
20260717_084603_PEXSGW,train
20260717_084859_LSECWC,train
20260717_085034_XVRMLD,train
20260717_085155_VYXHPS,train
20260717_085934_MBHZWV,train
20260717_090218_MKSQJT,train
20260717_090225_EZHTQY,train
20260717_090356_KLMVGJ,train
20260717_090733_JDCPWN,train
20260717_090739_JLLHSC,train
20260717_090756_DGZMDX,train
20260717_091128_GVSNRG,train
20260717_091429_ZPVZPF,train
20260717_091431_TGXWPT,train
20260717_091439_HKBWAE,eval
20260717_091836_ZKDDEJ,train
20260717_091944_EULWCK,train
20260717_091949_JRBNTC,train
20260717_092040_HRQLRQ,train
20260717_092115_BHYZXS,train
20260717_092215_NXZGXW,train
20260717_092331_JMRRPY,train
20260717_092714_DVAQLP,eval
20260717_092835_USTLEX,train
20260717_093153_DUJTAZ,train
20260717_093247_YFWFFX,train
20260717_093248_KRTFQV,train
20260717_093407_YCDQMH,train
20260717_093426_LKESDP,train
20260717_093521_SXZCUG,eval
20260717_093658_BWRZUF,eval
20260717_094436_DZJYPT,train
20260717_094906_GSCFPE,eval
20260717_094919_FBZPPX,eval
20260717_095041_GVTTDN,train
20260717_095155_FQYFKR,train
20260717_095449_EYBJRB,train
20260717_095919_XCYXLZ,eval
20260717_100653_RACKQT,train
20260717_101107_WHPREL,train
20260717_101310_XCZSVN,train
20260717_101314_HMBFAJ,train
20260717_101527_JXHBYM,train
20260717_101816_GUXRWT,train
20260717_101907_ZQTFEM,train
20260717_102216_KEKZTP,train
20260717_102534_ADMEGD,train
20260717_102834_ACTKPP,train
20260717_102958_PDWYVW,train
20260717_103734_HCEREW,train
20260717_103958_BXPPPW,train
20260717_104455_BZAWBJ,eval
20260717_105411_PVEBYW,train
20260717_110205_RQUQNA,train
20260717_110240_CPSFSS,train
20260717_111025_CURFQM,train
20260717_115917_QCZRJG,train
20260717_121523_RNKRMY,train
20260717_141011_FVUMTS,train
20260717_141612_QLTUWG,train
20260717_215449_TDEVAQ,train
20260717_220212_EPZWGK,train
20260717_221011_UKXNKE,train
20260717_221838_BDELPN,eval
20260717_222610_ZRFCBQ,eval
20260717_223323_FTTELP,train
20260717_224046_DAZMQA,train
20260717_224835_CAFJCN,train
20260717_225557_MRUXKM,train
20260717_230247_LTMBEN,train
20260717_230332_JYSYDS,train
20260717_231056_SWMCPG,train
20260717_231816_JHFPDN,train
20260717_233722_VBNWBF,train
20260717_233726_FPRJBC,train
20260718_001201_LYQUKG,train
20260718_001701_QXLUXH,train
20260718_003116_QKPDCX,train
20260718_004404_YRSFGY,train
20260718_004657_QLZDHR,train
20260718_004730_ECDDSN,train
20260718_004803_KNBYAY,train
20260718_004856_UVDGEE,eval
20260718_005231_YVAQTJ,train
20260718_005711_RPMDWK,train
20260718_005759_KDNHRH,train
20260718_005959_AKMAUF,train
20260718_010418_HPNSYS,eval
20260718_011009_TZKRQS,train
20260718_014847_ULYMVQ,train
20260718_015108_CLUZPF,eval
20260718_021021_TXNHRY,train
20260718_021315_FRDZWM,eval
20260718_023219_HPMLJP,train
20260718_023314_YXVNHJ,train
20260718_023530_RGHPJB,train
20260718_024028_FSSBHM,train
20260718_030558_FZHRCH,train
20260718_031306_YQEQNB,train
20260718_033059_HFCTWL,train
20260718_033923_WLTSJR,train
20260718_035238_DXGEGV,train
20260718_035937_GWTGNX,eval
20260718_040719_MKZMDJ,eval
20260718_040843_NRWCCQ,train
20260718_041311_JVPAEW,train
20260718_041443_FQZTZC,train
20260718_044548_GEUZBR,train
20260718_044904_BYGHKV,eval
20260718_045256_UKSSTQ,train
20260718_045318_WUPQUJ,train
20260718_045336_HNAGPN,train
20260718_045855_RRFRJL,eval
20260718_050218_MXWWVN,train
20260718_050341_CCAJMU,train
20260718_050454_AMEMWY,eval
20260718_050517_JWUCTZ,train
20260718_050518_EMLTTZ,train
20260718_050637_EUGSWK,train
20260718_050716_VPUKCB,train
20260718_050753_YZVJCR,eval
20260718_050851_JUBRPQ,train
20260718_050910_UJRLZH,train
20260718_050958_CMUFCQ,train
20260718_051218_MUDGRK,train
20260718_051247_YHYFZT,train
20260718_052116_JWFWEQ,eval
20260718_052135_QJLXFL,train
20260718_052224_CSPCQX,train
20260718_052852_ZAKBLF,train
20260718_053347_NANJLU,eval
20260718_053445_ZLRUUG,train
20260718_053729_QFTFKJ,train
20260718_053939_DUTVXQ,train
20260718_054034_KASYCF,train
20260718_054139_ACTSEP,train
20260718_054522_JLLQWA,train
20260718_054646_EFUAYJ,eval
20260718_054709_KWBEEG,train
20260718_055124_DJXFRF,eval
20260718_055416_YRJVDJ,eval
20260718_055919_GTFMEG,train
20260718_060117_GGCYYL,train
20260718_061200_NMYCUN,train
20260718_061218_ZYZJFZ,eval
20260718_061319_XZFQAD,train
20260718_061534_PMXUYY,eval
20260718_061538_QDPCWW,train
20260718_061918_DFUEBF,train
20260718_062304_GQLZWK,train
20260718_062514_VDQCCB,train
20260718_063009_MFBJHS,train
20260718_063033_UBKMAZ,train
20260718_063100_SUDZEU,train
20260718_063211_KBNXJC,train
20260718_063604_KZBTZB,eval
20260718_063718_NNARHY,train
20260718_063752_GXHRSD,eval
20260718_064406_XKTQBV,train
20260718_064417_HWAUBR,train
20260718_064641_LWXYRH,train
20260718_064658_VWZWBU,train
20260718_064659_CGTNTG,train
20260718_065118_DEQPCS,train
20260718_065130_FMWMMB,train
20260718_065142_RYVTKD,train
20260718_065321_YTVVUA,train
20260718_065448_RNFKFJ,train
20260718_065642_VFBMMR,train
20260718_070040_RXVWJL,train
20260718_070314_FDWHYS,eval
20260718_070755_AWDKHL,train
20260718_072619_HZKEZZ,train
20260718_072844_VWCTFG,train
20260718_073050_ZECPHY,train
20260718_073121_HNBSAJ,train
20260718_073616_GRXFML,eval
20260718_074614_URCLSD,train
20260718_074823_CWUWXU,eval
20260718_075932_TQVCQB,train
20260718_075935_VGRJHZ,train
20260718_080128_ENNEXN,train
20260718_080727_SGKSZZ,eval
20260718_081501_KPEBDT,train
20260718_082225_FMWTYN,train
20260718_082723_QRBWTK,train
20260718_084144_JRUPVS,train
20260718_084335_SEVHUP,train
20260718_084356_AAYAVA,train
20260718_084359_NMZNPP,train
20260718_085113_EUKZSP,train
20260718_085324_YQBHDD,train
20260718_085403_JVMPTS,train
20260718_085709_ECDJBW,train
20260718_090533_KQYLTL,train
20260718_091344_LAALNM,eval
20260718_092106_WPAXCJ,eval
20260718_092249_AVAUYX,train
20260718_092511_CYPNHA,train
20260718_101209_SHYDHQ,train
20260718_102257_PUPPYM,eval
20260718_103652_BXLENQ,train
20260718_115438_NHUSRP,eval
20260718_122033_EEPSQJ,train
20260718_235032_VJQKHU,train
20260718_235638_ASETMV,train
20260718_235652_PNTKPB,train
20260719_000038_DQPSWB,train
20260719_000201_WEFCKS,train
20260719_000652_SRDGCJ,train
20260719_000827_BBJRJS,eval
20260719_001137_VJTRQK,train
20260719_001546_BMHZBW,train
20260719_001740_MNGMLR,eval
20260719_002003_SEYRQK,train
20260719_002400_BQTMLE,train
20260719_002801_FSJBYN,train
20260719_002849_DGUKZH,eval
20260719_002907_VCSAML,train
20260719_002908_QFDKDM,train
20260719_003238_GTNWBW,eval
20260719_003423_GTXMHN,train
20260719_003530_NPZGJH,train
20260719_003806_VERHEC,train
20260719_004306_TWNNGN,train
20260719_004625_BZSWHP,train
20260719_004946_DVPQVG,eval
20260719_005105_VWDEKC,train
20260719_005134_SJBKHP,train
20260719_010533_UBWAEF,eval
20260719_010547_RSKKRY,train
20260719_010717_ETDVFN,eval
20260719_010851_PGYTYN,train
20260719_010950_UMDPEM,train
20260719_012023_PCUDXQ,train
20260719_012325_LJPGZR,train
20260719_013122_JJLGYD,train
20260719_013430_SZANXU,train
20260719_014109_QLVWNK,train
20260719_014157_LYGGCT,eval
20260719_014742_EHDKJS,eval
20260719_014842_LSGEGP,eval
20260719_015439_JUVHKX,train
20260719_015822_PJQVKB,train
20260719_020313_SFFAEH,train
20260719_020401_HNRTXJ,train
20260719_020747_YBHVZF,train
20260719_021002_HYEMFV,train
20260719_021025_SQYLFG,train
20260719_021037_DPRJZS,eval
20260719_021039_SRNMKS,train
20260719_021108_BHFFUK,train
20260719_021117_ZJASWX,eval
20260719_021138_TXCTWX,eval
20260719_022651_GPAPWH,train
20260719_023005_RLCSUD,train
20260719_023111_VSEDZJ,train
20260719_023210_DZYGSR,train
20260719_023217_AGPXNG,train
20260719_023237_ZXUWPU,train
20260719_023401_LSESWJ,train
20260719_023823_JNNBSB,train
20260719_024109_DFEQSB,train
20260719_025625_QTRSQV,train
20260719_030451_PVMEUD,train
20260719_034358_HCSXKH,train
20260719_034437_MUWBYG,train
20260719_041046_APTXCV,train
20260719_041230_BUCCPX,train
20260719_041643_TVUWKK,eval
20260719_043122_LTGXSU,train
20260719_043822_JLPPQQ,train
20260719_044736_UHJZLA,train
20260719_045453_LGYFZX,train
20260719_045518_DNZLZD,train
20260719_050720_LJGWPS,train
20260719_051115_TVWTPC,train
20260719_051147_WWHHUN,eval
20260719_051817_TDAMLP,train
20260719_053945_ZHBDJE,eval
20260719_054723_YQLNJE,train
20260719_055227_GGAVGC,eval
20260719_055800_AQGHFU,train
20260719_060233_CDXEUT,train
20260719_060558_JUVUZL,train
20260719_061106_MSMYJL,train
20260719_062248_NAUZTH,train
20260719_062519_CRRHNR,eval
20260719_062654_RFSTUJ,train
20260719_063044_HUTPXY,train
20260719_063215_TGPALW,train
20260719_064022_HWKMKB,train
20260719_070044_PXATXB,train
20260719_071107_VTGTMP,train
20260719_073101_TLCLRJ,eval
20260719_073203_QDPFAK,train
20260719_074842_VTWRUG,train
20260719_075953_XLLHTK,train
20260719_080148_AEJCUR,eval
20260719_080900_UDYWUW,train
20260719_080906_RMLGZQ,train
20260719_084042_FLHQAH,train
20260719_085610_ZNGVVS,train
20260719_090036_BVBNGX,train
20260719_090648_RVRYSV,train
20260719_091219_LXUFUB,train
20260719_091220_UQKMEN,train
20260719_093306_HZBAJN,train
20260719_093314_NDNFEJ,train
20260719_093458_ZUAHFK,train
20260719_093602_FXXSMR,eval
20260719_094128_RCZGCK,train
20260719_094319_STHZWB,train
20260719_094802_SSQQUJ,train
20260719_095441_SXSZDY,train
20260719_100034_YBYHHM,train
20260719_100159_FHPHHV,train
20260719_100951_KNGECC,train
20260719_101119_UWVQUV,eval
20260719_102115_VCXFMB,train
20260719_102209_GFHUXC,train
20260719_102541_SRFUQC,eval
20260719_102553_GPGMPT,train
20260719_102838_HUDEFK,train
20260719_102937_MJUGWG,train
20260719_103250_WVMBDZ,eval
20260719_103343_KYZLNV,train
20260719_104552_AGVESL,train
20260719_105012_XRWTMH,train
20260719_105618_VMWTAN,train
20260719_105724_WVRXQV,train
20260719_110643_TNBCDC,train
20260719_110909_FSYHFQ,train
20260719_111106_YKAAGU,train
20260719_111433_USHGZX,train
20260719_111506_MEMEQB,train
20260719_111739_ELSUHL,train
20260719_112231_KTTFRA,train
20260719_112449_CAHUMT,train
20260719_112926_YADEHL,train
20260719_113031_SMHKCL,eval
20260719_114808_BCGNFK,train
20260719_114841_JKTPHQ,train
20260719_131014_HZMMES,train
20260719_131512_XTEQMA,eval
20260719_134102_XBKRRG,train
20260719_135924_DATJNX,train
20260719_140018_RCDZKC,train
20260719_140652_TJYSZZ,train
20260719_142343_ZLQLHR,eval
20260719_144523_ZYRCXM,train
20260719_144803_FPTDZL,train
20260719_145531_TSKRJG,train
20260719_145806_CTQUKB,train
20260719_151243_TJXCBU,train
20260719_152900_TUNHGN,train
20260719_193727_KQVGKQ,train
20260719_214552_YVVZEK,train
20260719_215317_HZXJCA,train
20260719_220628_DVQSWC,train
20260719_221220_CKMEDW,eval
20260719_221717_ESQYKB,train
20260719_222433_SVETPQ,eval
20260719_223038_FGSXEJ,train
20260719_223609_DDSXHY,train
20260719_223737_DFCKPK,train
20260719_224114_RMCVMS,train
20260719_224210_QFSDEL,train
20260719_224819_ZRGHCK,eval
20260719_225020_TGNXWM,train
20260719_225356_JTUNAF,train
20260719_225624_SZSBKH,train
20260719_230028_JUZFBQ,train
20260719_230044_YJZXBM,train
20260719_230610_MKFJUC,eval
20260719_230838_FKFEUV,train
20260719_231434_NVLQVM,train
20260719_231725_SQSTFD,train
20260719_231838_RVYRSZ,train
20260719_232719_XXLCUQ,eval
20260719_232729_KFWTAF,eval
20260719_232932_TWTMYU,train
20260719_233421_EATAVY,train
20260719_235705_BEJKQZ,train
20260720_000105_LWGLPC,eval
20260720_000144_WXCRWE,eval
20260720_000358_RFQFVE,eval
20260720_001449_NUTGFL,train
20260720_001713_BVVKHC,train
20260720_001755_VMJAQY,train
20260720_002011_SPGBRA,train
20260720_002117_JWZQQD,eval
20260720_002451_ZKMZHX,train
20260720_002933_UHFYKV,eval
20260720_002945_UURWJS,train
20260720_002950_XAFSBQ,train
20260720_003034_TCZQSC,train
20260720_003221_SNAZKU,train
20260720_003231_GWZZCB,train
20260720_003301_NBULLA,train
20260720_003345_XZXVTR,train
20260720_003434_VSBAUD,train
20260720_003505_XKEAKF,train
20260720_004158_KXPYAD,train
20260720_004204_FNNWJJ,train
20260720_004357_DTCYJE,train
20260720_011217_SMNYKE,eval
20260720_011858_VMNVVP,train
20260720_014953_PWBDGR,train
20260720_015137_MUDZWQ,train
20260720_015138_FZRZJW,train
20260720_015518_AAFCHW,train
20260720_020957_TRTSLZ,train
20260720_021252_ZJJMDF,train
20260720_021423_APRQSV,train
20260720_021716_VDRBQT,train
20260720_021759_VSERZL,train
20260720_022051_JWZNJL,train
20260720_022244_YZQPSK,train
20260720_023020_HZHDXH,train
20260720_023022_HEZPSV,eval
20260720_023208_YGZRZB,train
20260720_023232_HTDTQJ,eval
20260720_023738_CLMLSC,eval
20260720_025006_ZYHEZL,train
20260720_025516_LUGNXG,train
20260720_025645_UKZMKB,eval
20260720_030054_MYUWKT,train
20260720_030415_YJKTRS,train
20260720_030507_QBHXTX,train
20260720_030541_LQWQZW,eval
20260720_030615_VPXFLD,train
20260720_030823_HZRBBS,train
20260720_030920_CWWGSY,train
20260720_031750_SGGZLA,train
20260720_032159_WCNGWJ,train
20260720_032541_MZRTZB,train
20260720_032628_DNKUCN,train
20260720_033159_CWEZSY,train
20260720_033308_FBXQNA,train
20260720_033410_FZQCJV,train
20260720_033823_VUMBXH,eval
20260720_034617_DGCFVA,eval
20260720_034700_XGCCHW,train
20260720_035516_EYHVZM,train
20260720_035932_ZJKKNW,train
20260720_040240_JKUDTE,train
20260720_041728_PAXHPX,eval
20260720_042852_FTFQZQ,train
20260720_042935_JFNAXG,train
20260720_043603_BJKZCT,train
20260720_044124_EEKCQV,train
20260720_044406_DXFAXL,train
20260720_045538_SNNBDT,train
20260720_045810_LEASSU,eval
20260720_050523_ZPWPJH,train
20260720_050706_QSAYMK,train
20260720_051237_DFHSPC,train
20260720_051313_ERYEBP,train
20260720_051530_GTVSBF,train
20260720_051532_SWTXVG,train
20260720_052104_PAHQUA,train
20260720_052117_XZRYGT,eval
20260720_052126_MTBSPW,eval
20260720_052220_XNJLWF,train
20260720_052559_BUVGUV,train
20260720_052816_HVJNNN,train
20260720_053700_ERMFCT,train
20260720_053803_ADKQJC,eval
20260720_054213_EUXEAP,train
20260720_054239_GUCFRY,train
20260720_054621_JVXDRL,train
20260720_054737_DFXHSD,eval
20260720_054943_BHCUBJ,train
20260720_054955_RBDJMR,eval
20260720_062217_TVGPVR,train
20260720_081103_CWDRNY,train
20260720_082822_WLLPGR,eval
20260720_093153_TGLFFN,train
20260720_094640_WRWXYU,train
20260720_100825_NWHBBH,eval
20260720_100855_KLRREL,train
20260720_101312_YSGEEV,train
20260720_101347_LKKQBB,train
20260720_101917_GANZSB,train
20260720_101956_JLZAVQ,train
20260720_102050_DALEDX,train
20260720_102151_PPPWPK,eval
20260720_102204_ZUBFHF,eval
20260720_102307_WHEZBG,train
20260720_102528_KGCPEG,train
20260720_102916_KWZADQ,train
20260720_103447_ZTYHMR,train
20260720_103654_LTGRKP,train
20260720_103923_SNRPBB,train
20260720_110647_CDBVQL,eval
20260720_111059_GVEHVD,train
20260720_111325_NQMAUE,eval
20260720_112255_VPHTDQ,train
20260720_112713_JUPKFA,train
20260720_112824_MLLFVH,eval
20260720_113036_HRGQJS,eval
20260720_113102_HYSYAF,train
20260720_114240_NCNKTX,train
20260720_114335_PNPCNR,train
20260720_115401_GENVPX,eval
20260720_120110_YRYSDU,train
20260720_120720_ZRDGGT,eval
20260720_122213_RHZTFT,eval
20260720_125614_VUAYXC,train
20260720_141021_HETWPM,train
20260720_143615_PYBUZX,train
20260720_150513_FWMNUB,train
20260720_234102_KLPQGR,train
20260720_235107_NDLYWX,eval
20260721_000602_GUGYHT,train
20260721_001051_FHSTWF,train
20260721_002544_XLCYGJ,train
20260721_003038_LSKHKU,train
20260721_003443_RBPCLJ,train
20260721_003632_WKNMMW,train
20260721_003748_NHBULF,train
20260721_004144_MZVLAG,train
20260721_004231_TPUFVB,train
20260721_004306_FCQZDN,train
20260721_005339_BCBJEB,eval
20260721_010356_ZFFJXG,train
20260721_010400_BJMBCC,eval
20260721_010612_ZLSJTX,train
20260721_010912_NTEGFF,train
20260721_010956_MCZKUE,train
20260721_011545_MZWXDF,train
20260721_011906_NLCLMT,train
20260721_011937_BFUDHC,train
20260721_012228_DKZMCW,train
20260721_012249_LCDKKW,train
20260721_012637_XCQYGR,eval
20260721_013427_DYKGUA,train
20260721_013933_JDQFHR,train
20260721_014038_GCEZBD,train
20260721_014405_DKMSLL,train
20260721_014513_NERTJM,train
20260721_014909_BDAKTB,eval
20260721_015033_XNRMHY,train
20260721_015137_LSPAAA,train
20260721_015504_PAPDEE,eval
20260721_015953_QSPCHC,train
20260721_020704_JPZTPN,train
20260721_021648_CMEYEL,train
20260721_022807_ENQSNQ,train
20260721_022909_XUQJFP,train
20260721_024054_ZANHFS,train
20260721_025511_QTUAEJ,train
20260721_044031_JUTKMR,train
20260721_044148_RAKTLL,train
20260721_050644_XCQXFK,eval
20260721_051220_SDHGTU,train
20260721_051308_SYZUFD,train
20260721_054755_CXPLAU,train
20260721_055534_DMHQCP,train
20260721_061956_VYTDER,train
20260721_062738_SJRTHT,train
20260721_064635_HDDGJR,train
20260721_064654_DRSZNQ,eval
20260721_064724_LLTKHQ,train
20260721_070116_HJHMTR,train
20260721_070440_YRATGJ,train
20260721_070444_APNUUT,train
20260721_070720_BFUCTS,train
20260721_070733_VFXBGC,eval
20260721_071443_PAXBNC,train
20260721_071824_VGATEA,train
20260721_072749_MZHMWN,train
20260721_072927_CSWTUL,train
20260721_074442_ZNVCGZ,train
20260721_074819_RVEJUQ,train
20260721_075558_FWXMQU,train
20260721_075737_LMKLTJ,train
20260721_080012_GMMCPT,train
20260721_081055_JYSCSF,train
20260721_082121_PMDLRW,train
20260721_084025_JCNXDM,eval
20260721_084357_EEURLB,train
20260721_084551_AREBVQ,train
20260721_092227_LNDFQM,train
20260721_092508_DSRDQL,train
20260721_095706_UVXHUZ,train
20260721_100915_RLRTAF,train
20260721_101242_NCQMYY,train
20260721_101531_SUSQHD,train
20260721_101951_LQLCWP,train
20260721_102224_QAPERF,train
20260721_102544_VPEEGW,train
20260721_103209_JHEVVU,train
20260721_103647_JSSFRK,train
20260721_104411_RVXVEQ,eval
20260721_104634_BGHEBC,train
20260721_104724_JSVQBC,train
20260721_104747_RLYQWW,train
20260721_105345_YLBYZC,train
20260721_105632_XZSGPN,train
20260721_110001_GZLUUF,train
20260721_110428_ADWETX,train
20260721_110732_RHFMKJ,train
20260721_111053_UGTPJQ,train
20260721_112146_TKEEQS,eval
20260721_112302_XBWWCM,eval
20260721_113143_REFQXJ,train
20260721_113855_GEUSXB,train
20260721_114403_DHPSPY,train
20260721_114424_KQLPNJ,eval
20260721_120750_NSAHDF,train
20260721_122217_WXVHSJ,train
20260721_133352_BALRFP,eval
20260721_134052_QDEZUT,eval
20260721_135819_XJUSGJ,train
20260721_154016_JANDAL,train
20260721_160533_YGLZXR,eval
20260721_220004_RRRCPK,train
20260721_220847_RYZHKP,eval
20260721_221135_QMYNYV,eval
20260721_221734_UVQFJR,eval
20260721_222729_WTDGMM,eval
20260721_223928_EYWMRN,train
20260721_224217_YAMNTP,train
20260721_225527_QKFZNS,train
20260721_230017_MNLZJR,train
20260721_230800_PGDACN,train
20260721_232113_ZDNFBJ,eval
20260721_233315_GPALGS,train
20260721_233710_SLHJSH,train
20260721_234151_FGLFSM,eval
20260721_234440_VVDVEC,train
20260721_234639_PEHSWR,train
20260721_235407_WGVYZU,train
20260721_235459_FUVUJK,train
20260721_235815_ABYWAS,train
20260721_235934_TBAAUE,train
20260721_235941_NKYPMY,eval
20260722_000512_KLKZJC,train
20260722_000627_NNLQEJ,train
20260722_000834_AFQSHD,eval
20260722_001015_VEBSFG,train
20260722_002536_MFQZCN,train
20260722_005620_DRNFYU,train
20260722_005654_ACJHNE,train
20260722_011338_MBBPDP,train
20260722_011920_KNRRHQ,train
20260722_012242_RDQTNC,train
20260722_015629_MNYVLR,train
20260722_020747_CBARCZ,eval
20260722_022745_QRKSPY,train
20260722_022925_AFLMGR,train
20260722_022947_KFNMRH,train
20260722_023203_UNJKVL,train
20260722_023205_QJEQQW,train
20260722_023230_ZUSWFL,eval
20260722_023456_EFMZXQ,eval
20260722_023818_EUQQSF,train
20260722_024004_KKDDQV,train
20260722_024014_AGXUBC,train
20260722_024411_TBRWZH,eval
20260722_024727_QBLQCL,eval
20260722_024909_QXHWAQ,train
20260722_024949_KLWJVX,train
20260722_025440_FFWRPP,train
20260722_025538_NTNDQE,eval
20260722_025639_NPJFCW,train
20260722_025842_STEZEY,train
20260722_025916_LBQHTX,train
20260722_025942_CDUELU,eval
20260722_030333_LHKBWX,train
20260722_030346_NREMEB,train
20260722_030525_SPZCLQ,train
20260722_031021_GCMGEN,train
20260722_031118_ESLLYC,train
20260722_031237_CKFREV,eval
20260722_031339_FLWTTV,train
20260722_032145_VWHRRL,train
20260722_032155_VHTVWX,eval
20260722_032425_VJZNSJ,train
20260722_033057_ADKDYJ,train
20260722_033143_YPBBDR,train
20260722_033151_VUWCXK,train
20260722_033634_MUCLRC,train
20260722_033719_UCDPPL,train
20260722_033822_NKDRKN,train
20260722_034527_ZAERMR,train
20260722_034710_SELYQL,train
20260722_034801_JNGPEN,train
20260722_034955_XDGTBD,eval
20260722_035124_ZKKUDP,train
20260722_035805_VAGSVN,train
20260722_040051_BEJDHW,train
20260722_040135_ZGDFGG,eval
20260722_040757_KLKVZM,train
20260722_040821_NNDHJU,train
20260722_041106_AERZHP,train
20260722_041834_RBPTQF,train
20260722_041854_UFUHND,train
20260722_041855_QRKWLJ,train
20260722_041906_QPUXSL,train
20260722_042023_NEPVDG,train
20260722_042147_TBJQQF,train
20260722_042150_ESSVXZ,train
20260722_042231_JEREJC,train
20260722_042600_UNJXBH,eval
20260722_042708_WVKLEV,train
20260722_042719_VQZEYC,train
20260722_042727_YDDLRQ,train
20260722_042732_ZSEDFU,train
20260722_042824_DFFCNJ,train
20260722_042855_EMMKLT,train
20260722_042936_FHHJUX,train
20260722_043036_PTJAXZ,train
20260722_043101_MQDETP,eval
20260722_043148_XPFPSY,train
20260722_043212_BGSECM,eval
20260722_043228_JNBUXS,train
20260722_043340_MGUZMA,train
20260722_043450_MKYVPJ,train
20260722_043454_XCZEGM,train
20260722_043633_DLSKMC,train
20260722_043633_NMPATF,train
20260722_043716_YMWNSK,eval
20260722_043925_NAZWFT,eval
20260722_044016_PXYNYU,train
20260722_044032_WQJDNC,train
20260722_044103_RCWGXY,train
20260722_044243_YVKEFA,eval
20260722_044253_EYDAPF,eval
20260722_044333_FBEZDH,eval
20260722_044400_ZGCRBA,train
20260722_044527_PACYQM,train
20260722_044545_KYQBYM,train
20260722_044551_EQTZJV,train
20260722_044720_SWLBKF,train
20260722_044804_PQREGA,train
20260722_044932_AZLREH,train
20260722_045020_JTKUQP,train
20260722_045036_DHTNEP,train
20260722_045506_FAWSJH,eval
20260722_045702_CKPHZU,train
20260722_045807_QRUSLG,train
20260722_045819_JJWVPR,train
20260722_045827_SZFDCR,train
20260722_045844_LWLEYU,eval
20260722_045956_HHQFVX,train
20260722_050109_XZTFQH,train
20260722_050115_NRTKMS,train
20260722_050204_CPABGM,train
20260722_050435_WPHTJJ,eval
20260722_050604_ABHZKK,train
20260722_050630_RXRLNN,train
20260722_050842_ZYHFTU,eval
20260722_050915_AAVWYW,train
20260722_050945_WJQZPV,eval
20260722_051111_PFQSDC,train
20260722_051327_WVQXVU,train
20260722_051450_UBLEMB,train
20260722_051454_EWBXLS,train
20260722_051605_YMKZWF,train
20260722_051609_LPWMJP,train
20260722_051643_XZNDMK,train
20260722_051742_TUKUWP,train
20260722_051913_URWTUX,train
20260722_051929_PTDJKR,train
20260722_051936_UCHSXR,train
20260722_052136_JADRWQ,train
20260722_052435_PYXJFC,eval
20260722_052735_KJDCRE,train
20260722_052841_GCPHNE,eval
20260722_052934_AWHJJN,train
20260722_053012_RPZQSC,train
20260722_053024_YPDPJJ,train
20260722_053050_JRFGYF,train
20260722_053057_WVWMQZ,train
20260722_053116_TUMCYZ,train
20260722_053439_KJBSBH,train
20260722_053702_GDQQPN,eval
20260722_053847_YKPAKH,eval
20260722_054042_WGBJYJ,train
20260722_054046_MQRERH,train
20260722_054051_UDWCKA,eval
20260722_054459_CEHRGQ,train
20260722_054543_DYJWAN,eval
20260722_054626_AGRMTX,train
20260722_054650_PJVCYG,train
20260722_055650_MQMLBY,eval
20260722_060252_CZQYRX,train
20260722_060542_RQYJHC,train
20260722_061352_TEJCRJ,train
20260722_061728_PNWBTA,train
20260722_061835_PAKCCH,train
20260722_061907_GADMEZ,train
20260722_061933_LKQFAK,train
20260722_062347_LYGAEP,eval
20260722_062654_UTXZEL,train
20260722_063228_FBTNWE,train
20260722_064247_FEVAQX,train
20260722_065253_MRKPNC,train
20260722_065851_WJKRZW,eval
20260722_070020_EFKMSX,train
20260722_070318_DNBGSN,train
20260722_070429_PYTPAQ,train
20260722_071841_HSMPZF,eval
20260722_072512_AGSQWA,eval
20260722_073344_HFXJFE,train
20260722_073708_QQNUMP,train
20260722_074801_XUPYHC,train
20260722_074847_VQSNRJ,train
20260722_075029_WGKRZA,train
20260722_075404_DATCNM,eval
20260722_075804_XHASGH,train
20260722_075920_QMXBFP,train
20260722_075929_JSVHGJ,train
20260722_080016_TGPMQF,eval
20260722_080114_MCRJKD,train
20260722_080140_BXLGRQ,train
20260722_080528_GNYVRR,train
20260722_081248_XUECBU,train
20260722_081313_LEGTJJ,train
20260722_081342_UTCDJY,train
20260722_081625_LDTGJT,train
20260722_082220_NQLXDV,train
20260722_082423_DGGKRF,train
20260722_082609_HFJSBE,train
20260722_082811_MUWUFQ,train
20260722_083257_AFTATX,train
20260722_083753_EPXHGX,train
20260722_084533_LNEVPK,train
20260722_084956_EYPZQT,train
20260722_085418_UDGAFV,train
20260722_085606_LQFBTA,train
20260722_085624_QRDJGC,train
20260722_085713_WQBXYT,eval
20260722_085728_LMSCZE,train
20260722_090207_JFUTQU,eval
20260722_090404_FBMTLK,train
20260722_091038_MTUCWE,train
20260722_091045_XWMSAT,train
20260722_091408_YNXSLF,train
20260722_091544_ECTMSR,eval
20260722_091544_WDWUDY,eval
20260722_092603_MWYJZJ,train
20260722_092714_RQMGTS,train
20260722_092929_GHXNXF,train
20260722_093036_EQHUKT,train
20260722_093552_ALNQLP,train
20260722_093841_YWYXLY,train
20260722_093909_FPYLGP,train
20260722_094108_NRDCRA,train
20260722_094452_ZRRBPB,eval
20260722_095322_HRYMQG,train
20260722_095335_CPJSUV,train
20260722_100344_TUEZKS,train
20260722_100605_XFEZWU,train
20260722_101054_GTUHKD,train
20260722_101523_KMWYHK,eval
20260722_110717_HHDYYX,eval
20260722_115648_PVXPSH,train
20260722_123129_FLQLFE,eval
20260722_233643_GGPVEW,train
20260723_000823_AXRFKX,train
20260723_001457_JQEXLS,train
20260723_002236_KVETDY,train
20260723_003949_LBKMDU,train
20260723_010234_DPLAXS,train
20260723_010403_FPPSLZ,train
20260723_011809_WQHUSF,train
20260723_012100_RBQRBU,eval
20260723_012312_TBCZET,train
20260723_012855_YMGTGB,train
20260723_013310_JXHJSP,eval
20260723_013658_TEGKXB,train
20260723_014418_BJJSVJ,train
20260723_014841_HPQYSJ,train
20260723_015510_HYPQJJ,train
20260723_015528_NRQMTG,eval
20260723_020001_YXMVCA,train
20260723_020200_CKHLKY,train
20260723_020323_KDJDLT,train
20260723_020434_USTYNH,eval
20260723_020646_NCTBYD,train
20260723_020915_DQPFPE,eval
20260723_021411_NYDRJP,train
20260723_021444_UCBGJE,train
20260723_021548_TCAZLD,eval
20260723_021919_CXFJRP,train
20260723_022254_TKDNPV,train
20260723_022427_WKJYUQ,eval
20260723_022643_MVTPQH,train
20260723_022726_DFTVCK,train
20260723_022950_XADLHJ,train
20260723_023050_RHPGGA,train
20260723_023451_ZMLTUA,eval
20260723_023600_SGNKVX,train
20260723_023949_YRGWFR,train
20260723_024356_KVEFMP,train
20260723_024443_PWUKUV,train
20260723_024543_ZTZFMK,train
20260723_024843_YTKVJY,eval
20260723_024957_DNYDNL,train
20260723_025047_GHKRNY,train
20260723_025326_RQBTCB,train
20260723_025353_TGAAMR,train
20260723_025538_AWMQLB,train
20260723_025550_QCAZWE,train
20260723_025909_GEAHEP,train
20260723_030012_XNHAYC,train
20260723_030053_VGFMWA,train
20260723_030131_JLDEWQ,train
20260723_030505_YRYKYZ,train
20260723_030757_DPDHEJ,train
20260723_031058_FJCQZH,train
20260723_031245_QQMSQH,train
20260723_031806_URRZAJ,train
20260723_032116_BXSJRQ,eval
20260723_032324_MTGPNN,eval
20260723_032621_QPWHQN,train
20260723_032810_NTCSVR,train
20260723_033329_SYLWGH,eval
20260723_033357_KEVNEY,train
20260723_033445_ZFXMAD,train
20260723_033709_KFMQPA,eval
20260723_033906_NPLRLM,train
20260723_034003_WKUGLB,train
20260723_034229_KAUMPY,train
20260723_034340_LSJLNL,train
20260723_034520_EECYMT,train
20260723_034524_EALTNG,train
20260723_034628_QPNCBF,train
20260723_035033_LLWUGT,train
20260723_035042_JNSGJD,train
20260723_035522_KDMJWK,train
20260723_040843_UJXZUM,train
20260723_041233_MHCTTX,eval
20260723_041239_QTKHDR,train
20260723_041458_TKSRUP,train
20260723_044949_SRZMCD,train
20260723_045351_PEQSNW,eval
20260723_050937_MEREXZ,train
20260723_051409_DGNCMQ,train
20260723_051532_FCERRY,train
20260723_051620_GXRKXN,train
20260723_051805_VSRKKA,train
20260723_052159_QZFXPQ,train
20260723_052248_PMWBJG,train
20260723_052252_YDNAZV,train
20260723_052743_PYQFHP,train
20260723_052758_SAHTSD,train
20260723_053141_ESMRYJ,train
20260723_053231_SKPLDR,train
20260723_053233_YKBDAU,train
20260723_053521_ZSEAXW,eval
20260723_053534_FFZPDJ,train
20260723_053929_QCEWCD,train
20260723_054316_QBNCGY,train
20260723_054502_FTYTSK,eval
20260723_054606_KPAMET,train
20260723_054655_FFUCUV,train
20260723_054924_VMRDYV,train
20260723_055031_TZNBEF,train
20260723_055053_RZPNAX,eval
20260723_055407_BPHKAL,train
20260723_055615_VUNLET,train
20260723_060054_KCNMRL,train
20260723_060310_YFFLNU,train
20260723_060639_ZAZKWL,eval
20260723_060712_CXKRBR,train
20260723_060957_UGLJNY,train
20260723_061009_MTPENM,eval
20260723_061107_PYJYWF,train
20260723_061216_RTEWWP,train
20260723_061242_SNHEEB,train
20260723_061331_KTDWFB,train
20260723_062434_TCTRGH,train
20260723_063001_XDBTPQ,train
20260723_063631_BKQXKP,eval
20260723_064540_PHDGSJ,train
20260723_064703_ATWEXH,train
20260723_065644_NLRAFY,train
20260723_074610_ESLPFJ,train
20260723_085951_ECTDCX,train
20260723_104339_ZRPJWN,train
20260723_113759_YZPBDT,train
20260723_113936_KBUHEE,eval
20260723_114441_HVPANF,train
20260723_114618_PXHYLR,eval
20260723_115445_CKBABN,eval
20260723_120245_QGSSGM,train
20260723_120955_TCXKPS,eval
20260723_121717_ZFQSNF,eval
20260723_122212_VLPKBJ,train
20260723_122328_EHLLQB,train
20260723_122502_KJDJJT,train
20260723_123228_UFKHVM,train
20260723_123842_CBVGST,train
20260723_123843_HZBRRP,eval
20260723_124031_CDCEFJ,train
20260723_124609_QQFSUS,train
20260723_131036_FUSHEL,train
20260723_131133_BCWPDK,eval
20260723_131139_EJGKJN,train
20260723_132606_DNJNMH,train
20260723_133136_MYHXZL,train
20260723_133453_TGHEUS,train
20260723_133454_MFTAUP,train
20260723_134558_NYFEDF,train
20260723_135032_WCYLRY,train
20260723_135213_XRWJET,train
20260723_135321_BUVENA,train
20260723_135345_ACHKXF,train
20260723_135522_MNNJSS,train
20260723_140033_GXVFJM,train
20260723_141009_AKHUJP,train
20260723_143228_GYKKXT,train
20260723_143344_BGGEAP,train
20260723_145001_EEYJNR,train
20260723_155159_ZUPFZS,train
20260723_161245_YMCLMA,train
20260723_162343_UAJDSH,train
20260723_164941_GPQFVW,train
20260723_171051_FVYKLT,train
20260723_173904_DRGBCK,train
20260723_234132_NFCBCC,train
20260723_235035_HMWMMY,train
20260723_235106_JKSNXC,eval
20260723_235235_MXNMZP,train
20260724_000034_UPADGX,eval
20260724_000351_EMGLAS,train
20260724_000804_DJLDCC,eval
20260724_000809_PEJZER,eval
20260724_000938_AEPWMK,train
20260724_001019_QDBRMH,train
20260724_001345_FUJXWA,train
20260724_001814_ZHAHBB,train
20260724_001847_CUXMQN,train
20260724_002035_XFMVNY,train
20260724_002157_ENBJTS,train
20260724_002218_GJMMQD,train
20260724_002408_MFVPCB,train
20260724_002624_BAMNXN,eval
20260724_002636_GZNNYG,eval
20260724_002948_MNYYVD,train
20260724_002959_NUMZPD,train
20260724_003112_YSXEDD,eval
20260724_003220_FDEAYB,train
20260724_003220_SLZKUD,train
20260724_003312_CMTWEK,train
20260724_004053_XDMFZX,train
20260724_004509_DMACCF,eval
20260724_004524_GACYTT,train
20260724_004656_PCYZKZ,train
20260724_004837_RWRRDV,train
20260724_004908_ZCXQSM,train
20260724_005018_SDSXAG,train
20260724_010153_JARCGQ,train
20260724_010351_VGPMFT,train
20260724_010622_GLJWJF,train
20260724_010657_QWMFVR,train
20260724_010713_FUWFLP,train
20260724_010854_FLMZJG,eval
20260724_010934_KGSSAB,train
20260724_010956_JBRHGF,train
20260724_011217_BAYEGH,train
20260724_011307_QSDBPG,train
20260724_011333_CDMFVQ,train
20260724_011435_HHGNNT,train
20260724_011605_APKLXU,train
20260724_011644_HNQJNS,train
20260724_012010_FRGGNC,train
20260724_012032_WKYMYP,train
20260724_012049_QYQHZY,train
20260724_012202_DBLWHU,train
20260724_012257_AUDNYD,train
20260724_012429_KGGKBY,eval
20260724_012534_LWJUPT,train
20260724_012535_HPHWTW,eval
20260724_012542_BXDLEK,train
20260724_012841_AVVSWU,train
20260724_013044_EYURVT,train
20260724_013303_JNYKRN,eval
20260724_013715_VRFQNB,eval
20260724_013717_KEEGXE,train
20260724_013930_JJJFCA,eval
20260724_014656_LZZBBX,train
20260724_014802_TJCKDC,eval
20260724_015546_YQPHXZ,train
20260724_015555_PCJQRJ,train
20260724_020324_HTHGZJ,train
20260724_020942_ANQXYT,train
20260724_023220_GZKKZF,train
20260724_023411_TAFPUV,train
20260724_023940_ZASPEP,train
20260724_025110_YEPSUS,train
20260724_025659_VMKSQP,train
20260724_025716_NGPFDC,train
20260724_025808_RPUNPL,eval
20260724_030047_UMZCYU,train
20260724_030352_HXEXQS,train
20260724_030859_WGHQLX,train
20260724_031351_LAMKJJ,train
20260724_031747_XFUXTP,train
20260724_032236_TYNMDN,eval
20260724_032635_MMLZNZ,train
20260724_032905_VLNJHJ,train
20260724_033444_VZMDJL,train
20260724_033531_DYJEMS,train
20260724_033609_VAMFNU,train
20260724_033816_QHTAMV,train
20260724_033946_RCVSBQ,eval
20260724_034107_JDREJH,train
20260724_034158_WFSXQU,train
20260724_034231_CXPUCU,train
20260724_034349_VMFCYP,train
20260724_034806_SJZGZA,train
20260724_035219_QFZAQD,train
20260724_035346_XUCEHK,train
20260724_035440_DEYATL,train
20260724_040227_FUCJJS,train
20260724_040242_ZPKKVJ,train
20260724_043631_RAKSDA,train
20260724_043750_WKQHRG,train
20260724_044603_VRRGKN,train
20260724_044743_XJPWYT,eval
20260724_044814_YAASAA,train
20260724_044840_XYSXZR,eval
20260724_045155_VBSCBM,train
20260724_045405_DTPVHR,train
20260724_045424_FFLENZ,eval
20260724_045728_LHZTZX,train
20260724_045817_HMKGUB,eval
20260724_045917_QFKKKS,train
20260724_050259_RWPZBF,train
20260724_050651_UKJCQS,train
20260724_050735_VJLCCV,train
20260724_052010_QDHEEG,eval
20260724_052124_PDKSTC,train
20260724_052127_EJXMCH,train
20260724_053030_JRNTWT,train
20260724_053205_BGRDLK,train
20260724_053310_FVAGQG,train
20260724_053345_KAXRJS,train
20260724_053425_YNSNHL,train
20260724_053508_FBYAMP,train
20260724_053553_THHXWR,train
20260724_054004_MNQCMT,train
20260724_054139_UXHKDW,eval
20260724_054516_NKSLTG,train
20260724_054543_HERSHM,train
20260724_054639_UCBGZN,eval
20260724_054729_LJYECG,eval
20260724_054809_YUKBEG,train
20260724_054839_BZQRUQ,train
20260724_054920_LXBCHG,train
20260724_054924_CWYXGF,train
20260724_055013_PLKJEE,eval
20260724_055014_XSYVMJ,train
20260724_055023_KZQAMP,train
20260724_055129_CDVKNK,train
20260724_055809_MBUVKV,train
20260724_055938_GZZZYA,train
20260724_055946_EKKCVV,train
20260724_060004_ZKRXRA,train
20260724_060057_CYAYGK,train
20260724_060341_PANAYF,train
20260724_060613_CFXWLQ,train
20260724_060703_KKDYWC,train
20260724_061142_TWFBYJ,train
20260724_061145_XTTWZZ,train
20260724_061506_VLHEWX,train
20260724_061840_AXLWZZ,train
20260724_062016_ZUDFTN,train
20260724_062024_YWQFKG,eval
20260724_062054_URDQBQ,train
20260724_062208_WYVMRV,eval
20260724_062434_DXAPKX,train
20260724_062506_LLAUVS,train
20260724_062927_JMEJDN,train
20260724_063013_FJMTWU,train
20260724_063123_TGTVYW,eval
20260724_063522_ZMDUBC,train
20260724_063528_FGVKFE,train
20260724_063633_QPLVFP,eval
20260724_063728_MQRLTP,eval
20260724_063914_CQJEPV,train
20260724_063940_DWUKPS,train
20260724_064308_XWRCMA,train
20260724_064421_UFNRTE,eval
20260724_064522_RGNCQC,train
20260724_064529_NPGMAE,train
20260724_064549_TWCVJM,train
20260724_064600_KYYBRD,train
20260724_064646_XEENYR,eval
20260724_064715_NHHPCH,train
20260724_064915_XTWRDQ,eval
20260724_064948_GJSMVN,train
20260724_065053_LHGUXR,train
20260724_065356_KHMGTY,train
20260724_065641_LSWQKR,eval
20260724_065722_CGSKGH,train
20260724_070109_SXHHMV,train
20260724_070115_HJRUUY,train
20260724_070833_VCFYMM,train
20260724_070841_NEMKWW,train
20260724_070918_RCUWPT,train
20260724_071212_UMWESN,train
20260724_071449_ZVLXNT,eval
20260724_071503_YKHBNY,train
20260724_071613_NQDWRC,train
20260724_072106_UUTBHU,train
20260724_072216_FLHLAN,train
20260724_072314_USHMRF,train
20260724_072417_NYWFHB,train
20260724_072430_QNNPJF,train
20260724_072552_TSXSCU,train
20260724_072620_VLMJVV,eval
20260724_072949_PGXEZX,train
20260724_073056_KZMYTS,train
20260724_073153_WNTDND,eval
20260724_073510_JXNSRT,train
20260724_073521_QTEFAZ,train
20260725_004156_WKQEXD,train
20260725_013011_EMGDBD,train
20260725_013504_DDZCFN,train
20260725_013939_BKXSMW,eval
20260725_014138_RRTUBV,train
20260725_014609_EQJRUU,train
20260725_015212_VZZBXD,train
20260725_015321_NGYVDE,eval
20260725_015342_BJMYDJ,train
20260725_020525_REVRHV,train
20260725_020532_QZEMUG,train
20260725_020829_AFPPXR,train
20260725_021731_QWRJBK,train
20260725_021817_NVMFYE,train
20260725_022854_RVEEEQ,eval
20260725_022901_YSLPVT,eval
20260725_023234_HXTPRQ,train
20260725_024055_GLTGJW,train
20260725_024422_KSWJQZ,train
20260725_025012_LFDYRU,train
20260725_025214_JSSWYM,train
20260725_025455_QURCVN,train
20260725_025558_HAGBZQ,train
20260725_030403_WZUESK,eval
20260725_030817_BCJVKF,eval
20260725_031320_ABKVNJ,train
20260725_031543_UFQKWG,train
20260725_032547_SKYSLJ,train
20260725_032714_RHLSHV,train
20260725_033143_JNFLTP,train
20260725_033338_KAYPFD,train
20260725_033606_THHRDY,train
20260725_033734_DKTYPZ,train
20260725_033854_VZZXKM,eval
20260725_034440_FGVLMM,eval
20260725_035336_EVZDEY,train
20260725_035426_JYQUPG,eval
20260725_040306_EDFBSJ,train
20260725_043217_MKPQEZ,train
20260725_043745_LXTDGK,train
20260725_043802_DBQWHA,train
20260725_043948_LXKPUM,eval
20260725_044013_HCQQRY,train
20260725_044213_CFDARY,train
20260725_044326_VFLWGE,train
20260725_044438_SKZECU,train
20260725_044535_BTZGDF,train
20260725_045150_BFPLCG,eval
20260725_045339_NKHVYP,train
20260725_045616_SMVVGK,eval
20260725_045727_YCWSFC,eval
20260725_050415_XBLWFL,train
20260725_051047_UMGZAD,train
20260725_051526_NADDTW,train
20260725_051627_WRATZE,train
20260725_052441_BERMDE,train
20260725_055116_DVSRDV,train
20260725_055150_VFAQSJ,train
20260725_060126_ENKWJU,train
20260725_061534_CLSFAD,train
20260725_094209_MDKLJW,train
20260725_094340_MKGKWY,train
20260725_094428_GEFQMR,eval
20260725_095310_WLBLGE,train
20260725_095943_NJGLAB,train
20260725_100236_LKJBNW,train
20260725_100501_QRRXTQ,eval
20260725_100557_KYSZJG,train
20260725_101450_HXYRLP,train
20260725_101632_GUMGCS,train
20260725_101636_ZVVMYU,train
20260725_101852_RWAPLL,train
20260725_102444_SZVMXB,train
20260725_103140_QJBVHD,eval
20260725_103236_ECYZXD,train
20260725_103654_TEHXTT,train
20260725_104207_VYBUHE,train
20260725_104510_ZHCQZK,train
20260725_105325_ABYPPT,train
20260725_105541_GATCGT,eval
20260725_105751_DXNHKX,train
20260725_110004_KUHWAH,train
20260725_110137_CSZPAY,eval
20260725_110153_EJXLMA,train
20260725_110509_MLYPWG,eval
20260725_110623_YHCJBZ,eval
20260725_111013_RMWLKV,train
20260725_112126_DKHYQE,train
20260725_112219_CFMKVW,eval
20260725_112931_ZQGQTQ,train
20260725_113410_SCWZGH,train
20260725_113558_SJQSWS,train
20260725_113723_TGTBDK,eval
20260725_114121_CRLFYW,train
20260725_120304_HKNUBL,train
20260725_124552_CBFWLR,eval
20260725_133124_WKWBQH,train
20260725_134030_ZFBHTC,train
20260725_134331_BUWBJE,train
20260725_135401_CZDFSE,train
20260725_140414_CFZNLL,train
20260725_140824_ARMLLB,train
20260725_141215_JWEEFL,train
20260725_141938_BGZMTR,train
20260725_142554_QUUWZY,eval
20260725_142824_JAXVTF,train
20260725_143237_YDQKTA,eval
20260725_143535_BRZTKJ,train
20260725_144228_ACDCBD,train
20260725_144917_XRXTTS,train
20260725_145839_TRNTEY,train
20260725_150029_KWETLJ,train
20260725_150744_SCAEYK,train
20260725_151359_JRUPPJ,train
20260725_151428_QWFKMV,train
20260725_152415_RFHKVZ,train
20260725_153058_EQYNBF,train
20260725_153515_MBUZMQ,train
20260725_153939_HNEZSS,train
20260725_154708_PKCKKS,eval
20260725_155327_LGCWWU,eval
20260725_155937_XQUFYR,train
20260725_160823_HNYZNA,train
20260725_161548_JKSSRH,train
20260725_162318_RXMCCG,train
20260725_162912_NQQVLJ,train
20260725_163515_MRDEFA,train
20260725_164146_HKWBHU,train
20260725_165006_KRFQSL,eval
20260725_165635_QXQQYC,eval
20260725_170920_EMDRHE,train
20260725_171533_TRQADT,train
20260725_172808_PXTZGN,train
20260725_173453_MKRURW,train
20260725_174049_MCHJWA,train
20260725_175228_DAVZDP,train
20260725_180645_HJNVUQ,train
20260725_181246_FBZSKR,train
20260725_183129_YSRVTM,train
20260725_183803_DJTYYM,train
20260725_184317_DKVHXZ,train
20260725_185634_SBZHKL,train
20260725_190209_KFXNMA,train
20260725_191109_RKTFVF,train
20260725_191844_EEFDZX,train
20260725_234538_ENJSRM,train
20260725_235054_JXFWMJ,train
20260726_000304_UFSEVA,train
20260726_050557_GLMYKJ,train
20260726_053148_BJXBQY,train
20260726_060246_PCCNYG,train
20260726_061145_KJZSSA,train
20260726_061507_GDTVTS,train
20260726_061533_FXFLZZ,train
20260726_062501_CZGNJB,eval
20260726_062708_XBMUAL,eval
20260726_062826_VZHLUG,train
20260726_063950_CHHHHQ,eval
20260726_064549_BMPGVB,train
20260726_064714_LSGBSU,train
20260726_065209_DNPBQF,train
20260726_065433_NCKCQY,train
20260726_065524_UALRNQ,train
20260726_065936_UTULYK,train
20260726_070215_WPNHLN,train
20260726_070424_KEARQJ,eval
20260726_070539_RXBPTQ,train
20260726_071217_ACVFLM,eval
20260726_071325_FHHPPZ,eval
20260726_071516_WBSKKQ,train
20260726_071534_PKCTPA,train
20260726_071741_PKGHQL,train
20260726_072037_VPBTHJ,eval
20260726_072256_YRRNPN,train
20260726_072415_RZKGRR,eval
20260726_072711_MDRCGH,train
20260726_072738_DBRCVL,train
20260726_072842_UBTAQQ,train
20260726_073323_ARNYNA,train
20260726_073606_HPBNCG,train
20260726_074254_YECYVY,train
20260726_074340_WWBGXR,train
20260726_074441_CUDXJX,train
20260726_074856_CERQZF,train
20260726_075213_EMCQCE,train
20260726_075549_KREVCF,train
20260726_075646_FBVHGF,train
20260726_075654_ZBLKSN,train
20260726_080433_WRBTKE,eval
20260726_080441_FPRLHT,train
20260726_080536_DAESZV,train
20260726_081135_REAYDX,train
20260726_081300_EMUBVD,eval
20260726_081310_ABWHEC,train
20260726_081503_KLTUDS,eval
20260726_082122_UHRRFL,train
20260726_082539_ADBWAV,train
20260726_082720_ZHNSPV,train
20260726_082909_ZECKVJ,eval
20260726_083328_DYTZLV,train
20260726_083715_DSUWYE,train
20260726_083730_NPDWXY,train
20260726_093932_TUZVJJ,train
20260726_095044_QGVLNH,train
20260726_100230_AKHENW,train
20260726_101347_BASRZG,train
20260726_102523_ZXTYCA,eval
20260726_103650_SHVSVG,train
20260726_104834_CXFEMA,train
20260726_105948_BCLKHZ,train
20260726_111105_DLXUNT,eval
20260726_112246_ESARKK,eval
20260726_113438_UEKCJT,train
20260726_114606_XWSSFL,eval
20260727_000926_ZCHDHR,train
20260727_030254_YBGNMT,train
20260727_033326_ZRRMQG,train
20260727_033536_HQWVJY,train
20260727_042854_YKYJXJ,eval
20260727_044622_DPASRM,train
20260727_044828_CFLNSQ,eval
20260727_050320_KDHNBC,train
20260727_050522_ZUUCZA,train
20260727_051221_MUGCHL,train
20260727_051251_CDBGZL,train
20260727_051431_YFXDTA,eval
20260727_051436_VYMCNF,eval
20260727_051527_KTRDEM,train
20260727_051615_SWKEVG,train
20260727_051830_JUFJEZ,train
20260727_052109_GLVSFM,eval
20260727_052204_BDHPZC,train
20260727_052617_TBJFXZ,train
20260727_052701_YDTHBU,eval
20260727_052815_MXGYGX,eval
20260727_052840_SWZMGA,train
20260727_052919_XLZCKK,train
20260727_052936_EQURGT,train
20260727_053016_PCQVKF,train
20260727_053041_RRPFNC,train
20260727_053147_JVKRNK,train
20260727_053208_HMHUHB,train
20260727_053224_NAWMCV,eval
20260727_053232_DNSYXD,train
20260727_053334_VSJCSS,train
20260727_053358_DYEKAS,train
20260727_053513_WVMPWV,train
20260727_053635_MAPYWQ,train
20260727_054106_HPXNNV,train
20260727_054112_ZBGPKP,eval
20260727_054150_TWMESU,eval
20260727_054629_CFABLK,train
20260727_054712_ADFMWY,train
20260727_054736_BNKCSF,train
20260727_055006_VQUREM,train
20260727_055115_BCYWJJ,eval
20260727_055259_NHDHBM,train
20260727_055335_WMLDKH,train
20260727_055350_DYBKLR,train
20260727_055456_UBHWGQ,train
20260727_055742_LEBDVX,train
20260727_055913_HSJKYV,train
20260727_055920_HELDHY,train
20260727_060045_BPWJKS,eval
20260727_060113_XJXLTY,train
20260727_060206_NRNHPW,train
20260727_060406_YPNAVU,train
20260727_060910_WKLAXX,train
20260727_061337_WJFYEL,train
20260727_061508_MAJUJB,train
20260727_061633_DUMVYQ,train
20260727_061701_JJBDQV,train
20260727_061757_PZYNPN,train
20260727_061821_HLXDJE,train
20260727_061844_WHVFUU,train
20260727_061907_HMCCZJ,train
20260727_061928_DLSMRL,train
20260727_062027_HJECTE,eval
20260727_062036_NBHEVU,train
20260727_062059_KYEVDG,train
20260727_062313_KDLJSL,train
20260727_062352_XBNUUX,train
20260727_062412_HGWRLD,train
20260727_062646_GCGFVD,train
20260727_063001_TVXWHX,train
20260727_063133_DVTNZH,train
20260727_063344_QBEWSC,train
20260727_063451_AWGZUR,train
20260727_063510_FJSADR,train
20260727_063900_JLCSYK,train
20260727_063918_TAQPPJ,eval
20260727_064026_XCFBRU,train
20260727_064030_FFTBXE,train
20260727_064032_PXCPYX,train
20260727_064317_JQJVHD,train
20260727_064358_ZKXZXL,train
20260727_064757_AYHPEY,eval
20260727_064952_VENMNY,eval
20260727_064954_XDEUFC,train
20260727_065020_PBQXBL,train
20260727_065203_EKHHKA,train
20260727_065316_QMJYPN,train
20260727_065400_ZJSVDK,train
20260727_065410_WWFPNU,train
20260727_065455_TDCWYB,train
20260727_070249_YNFTKU,train
20260727_070538_HHQXUR,train
20260727_070610_YVQEYX,train
20260727_070725_QDLVMG,train
20260727_070736_BKBESH,train
20260727_071157_BHHDBK,train
20260727_071302_FWUSVA,train
20260727_071325_WSQUPA,train
20260727_071546_HJAMZU,train
20260727_071705_HJPKYC,train
20260727_072110_VNFYVN,train
20260727_072134_EQXYQG,train
20260727_072155_NRMDRR,eval
20260727_072440_KDJZRX,train
20260727_072448_SDSHDQ,eval
20260727_072908_VYVEDK,train
20260727_072935_NDBKJG,train
20260727_073033_QSJQBW,train
20260727_073047_GKFKXW,eval
20260727_073152_LAETRX,train
20260727_073259_PDGGXW,train
20260727_073734_XUSWJB,train
20260727_073813_NBFHQJ,eval
20260727_073837_UDYVTD,eval
20260727_073954_XMSUUV,eval
20260727_074242_VLLKQN,train
20260727_083743_BBJKYQ,train
20260727_101133_LBCQNE,train
20260728_005741_PUGUYR,train
20260728_013337_KTHXDT,train
20260728_015806_QWFRDQ,eval
20260728_030934_GQTLQZ,train
20260728_031110_TFYVSR,eval
20260728_031434_TXQGPA,train
20260728_031435_AQGTCU,train
20260728_031617_MVLKMU,train
20260728_031646_ETZVBY,train
20260728_031659_EWLYDA,train
20260728_031737_GPMBUW,train
20260728_031747_ABDRGS,eval
20260728_031848_WBXFGP,eval
20260728_032104_YPYTTS,train
20260728_032106_CCMQZR,eval
20260728_032346_YZVGLK,train
20260728_032450_KMAYZY,train
20260728_032554_KGXYZQ,train
20260728_032633_AJYBNN,train
20260728_032707_LWGYAQ,train
20260728_033101_XVQGTV,train
20260728_033107_VEJFGJ,train
20260728_033328_NENDZB,train
20260728_033337_GMTUKF,train
20260728_033523_QTXNLG,train
20260728_033650_BJMAZC,train
20260728_033702_NNEVJR,train
20260728_033740_DPCQTH,train
20260728_033833_UACKNR,eval
20260728_033908_PZTKMT,train
20260728_034056_KCWQVE,train
20260728_034130_UNSPSV,train
20260728_034157_DRFRVC,train
20260728_034249_LXKWPL,eval
20260728_034346_GXUKNA,train
20260728_034500_ZXZTFJ,eval
20260728_034857_WNZWEK,train
20260728_034909_SKRLPB,train
20260728_035545_SCHERZ,eval
20260728_040000_HDXWUF,train
20260728_040109_JJVCGT,train
20260728_040231_HLTTKW,train
20260728_040318_XJPGHJ,eval
20260728_040422_VYSRJY,eval
20260728_040424_JAHYUW,train
20260728_040649_KVURMG,train
20260728_040748_JZZPGH,train
20260728_040904_XKCRCA,train
20260728_041143_TKSCFR,train
20260728_041211_KUFXBV,train
20260728_041221_GSSEKB,train
20260728_041623_EBLZZY,train
20260728_041748_VLNMYW,train
20260728_042200_RXGDJS,eval
20260728_042615_UCZHSM,eval
20260728_043101_RYXNGZ,train
20260728_043130_BNWGFL,train
20260728_043523_LJMLVJ,train
20260728_043523_NEDWLV,train
20260728_043716_GTBNXF,train
20260728_043809_ZNWGKN,train
20260728_043831_WGXRBS,train
20260728_043841_PUVWGJ,eval
20260728_043912_TTVQCG,train
20260728_043924_TNDVMN,train
20260728_043947_EGCCYL,train
20260728_044241_GUNNZG,eval
20260728_044318_FBKAYB,train
20260728_044413_KWMJMU,eval
20260728_044420_XUMVRR,eval
20260728_044430_ZVQYNK,eval
20260728_044532_CDRHTM,train
20260728_044619_XZGWUM,train
20260728_045240_EQHZUQ,train
20260728_045409_BZWRSS,eval
20260728_045958_ANZDFJ,train
20260728_050021_DLKCKX,train
20260728_052340_TVHTJH,train
20260728_052435_CSFSRT,train
20260728_052655_EZMBYT,train
20260728_052712_SQFTBA,train
20260728_052909_DPNFAY,train
20260728_053009_BKVCAU,eval
20260728_053854_NGYJUU,train
20260728_055534_EYPCDW,train
20260728_055954_TKRUQZ,train
20260728_060959_YTJKNG,train
20260728_061211_ZXRZZE,eval
20260728_062225_DVUTPN,train
20260728_063258_CTCYQZ,eval
20260728_071144_VSTZYS,train
20260728_071353_TPQTYW,train
20260728_073356_RXJJJX,eval
20260728_074021_LJHXQW,train
20260728_075202_TTGHFH,train
20260728_075246_STDXVY,train
20260728_075303_PPUUTE,eval
20260728_075316_KEWGHR,train
20260728_075326_DVWYJT,train
20260728_075457_EUPJCF,train
20260728_075554_NWXKSU,eval
20260728_080110_ATYLSK,train
20260728_080114_BRYXJZ,train
20260728_080336_MRFRTV,train
20260728_080544_JMNFXD,train
20260728_080737_XGFEVV,train
20260728_081120_KZBUAD,train
20260728_081341_RSSAYK,train
20260728_081609_AEHDZM,train
20260728_081830_DSSQDZ,train
20260728_081838_JGMWMV,train
20260728_082028_UXAFAX,train
20260728_082120_ALTSPK,eval
20260728_082201_WAPDGX,train
20260728_082202_LWBDAM,eval
20260728_082338_UTEPDW,train
20260728_082345_EMUQLD,eval
20260728_083126_QGMXKK,train
20260728_083200_WRMALQ,train
20260728_083312_WDSZUJ,train
20260728_083337_HRXNEZ,eval
20260728_083543_SQPVQK,train
20260728_083827_LRBSPQ,train
20260728_083839_FRZPGB,train
20260728_083910_GQFWNL,train
20260728_083910_VLJLTL,train
20260728_084016_VJRETL,train
20260728_084502_HUWAJL,train
20260728_084505_BDVSVT,train
20260728_085038_FKSZPY,train
20260728_085213_QNKHSP,train
20260728_085324_RHUWRD,train
20260728_085343_BREAFE,train
20260728_085941_JHGHJJ,train
20260728_090053_JQJVVQ,eval
20260728_090648_EQNDJU,eval
20260728_090717_HYKWJG,train
20260728_090757_SJLZEQ,train
20260728_091154_YFVNDD,train
20260728_091227_UYZTFW,eval
20260728_091244_HPNQAD,eval
20260728_091335_EBFDEA,train
20260728_091421_KCXKWV,train
20260728_091448_FNTDFG,train
20260728_091521_WKKQCM,train
20260728_091745_TSUTPW,train
20260728_091938_PMJGNF,train
20260728_092217_SAAKDB,train
20260728_092532_QJMDUB,eval
20260728_092611_MXVMKY,eval
20260728_092656_UVJCMA,train
20260728_093027_UCAQAL,train
20260728_093443_ZCFAJG,train
20260728_093806_DETDYQ,train
20260728_093939_HNTWHZ,train
20260728_094239_GXWAED,train
20260728_094716_XNLLGQ,eval
20260728_094737_FETEUG,train
20260728_095538_EUYGSF,train
20260728_095600_DKJJZZ,train
20260728_095918_CBLUZH,train
20260728_100119_BQAEKH,train
20260728_100950_MXHMPE,train
20260728_101405_ACJJSA,train
20260728_101430_XZARSX,train
20260728_101513_ZKYTAE,train
20260728_102218_VBPCHW,train
20260728_102436_DTWMPU,train
20260728_102732_LXANYN,eval
20260728_102748_WRFXBB,train
20260728_102848_HYKRZA,train
20260728_103713_NLBJBU,train
20260728_103929_DRXAXA,train
20260728_103940_GAMPTB,train
20260728_104038_JXNMDF,eval
20260728_104342_CDDHNN,train
20260728_110712_TYBTTJ,eval
20260728_110842_WNMQYN,train
20260728_110942_JNLGST,train
20260728_113323_WXAYYG,train
20260728_132831_VLXNMZ,train
20260728_234918_PXVGVW,eval
20260728_234951_WGHSZE,train
20260728_235428_AFBEBD,train
20260729_000033_KSPSAV,train
20260729_000052_DHYEXS,train
20260729_000131_GKFPCP,eval
20260729_000919_HZFQWE,train
20260729_001001_XHKBKQ,train
20260729_001226_XNWXJY,eval
20260729_001326_ZNYFNC,train
20260729_001544_VVMBVA,train
20260729_001656_FKTJVN,train
20260729_001848_TPLCTN,train
20260729_002146_HTKNNY,train
20260729_002333_BJNVCW,train
20260729_002519_RFLTHK,train
20260729_002607_DHTJTD,train
20260729_002709_LMNXKF,train
20260729_002900_GCETUX,train
20260729_002947_CPPERZ,eval
20260729_003007_PVMMLL,eval
20260729_003211_MPWJBS,train
20260729_003316_HULANV,eval
20260729_003404_WKQWQM,train
20260729_003626_VRHSEZ,eval
20260729_003643_ZRQRLC,eval
20260729_003724_YGBJSH,train
20260729_003725_ECWTQD,train
20260729_004119_FVVAXX,eval
20260729_004228_SXBXQM,train
20260729_004409_BGCREV,train
20260729_004504_NEKUUK,train
20260729_004558_EEYESY,train
20260729_004620_LQMBBX,eval
20260729_004942_DLDCQX,train
20260729_005204_DUNZEZ,train
20260729_005213_YQRYBB,train
20260729_005224_KJTFSX,train
20260729_005259_SQPHKN,eval
20260729_005353_YCEVCT,eval
20260729_005516_AVPADJ,train
20260729_010100_VTHDFY,train
20260729_010321_XBYFSA,train
20260729_010445_RNNNYL,train
20260729_010647_EWGNHN,eval
20260729_010717_DKPYCM,train
20260729_010722_VEKJJJ,train
20260729_011042_WXWUPT,train
20260729_011328_SRSYLV,eval
20260729_011550_XAPPMC,train
20260729_011932_RFUVQA,train
20260729_012017_DZJRZY,eval
20260729_012511_SBGLUW,train
20260729_012826_XQZXBS,eval
20260729_012905_KKVSLA,train
20260729_013250_EQEXRV,train
20260729_013531_QMVYTX,train
20260729_013551_CHPDXW,train
20260729_013619_BXEFHU,train
20260729_013638_QGLDEQ,train
20260729_013902_YCRRMR,train
20260729_014006_AHRDDY,train
20260729_014545_BZDEVU,train
20260729_014646_BHSKWR,train
20260729_014819_MMXMDR,train
20260729_015256_ESYJVW,train
20260729_015404_NDALMM,train
20260729_015426_XYTBMP,eval
20260729_015744_XNEWWZ,train
20260729_015855_VGTBWW,train
20260729_015944_VADRHU,train
20260729_020250_BYTYTE,train
20260729_020446_VQRZDP,train
20260729_020758_PUHUJY,train
20260729_020914_QXRSBB,train
20260729_021012_RMRGPW,train
20260729_021038_FDFXQV,eval
20260729_021118_ZLUASZ,train
20260729_021258_HZHZKE,eval
20260729_021409_EPFSWM,train
20260729_021557_RDBQKG,eval
20260729_021923_ZNCCHU,train
20260729_022045_EFDCBT,train
20260729_022051_EFCULW,train
20260729_022116_ZLSMPA,train
20260729_022752_KBVWMJ,eval
20260729_022802_JCFKUG,train
20260729_022952_FPBHHB,train
20260729_023157_RAADVM,train
20260729_023249_DHHQNB,train
20260729_023323_XWWCXP,train
20260729_023638_ADEJNH,train
20260729_023927_BUMDBZ,train
20260729_024423_WXJQUG,eval
20260729_025157_ZJCTSQ,train
20260729_025937_FVFWJU,train
20260729_031035_FSFAQS,train
20260729_032448_BEWNQU,train
20260729_032553_FKELDP,train
20260729_032849_HBBLFC,train
20260729_034311_FJASHQ,eval
20260729_034537_YSEYRS,train
20260729_034857_JTTTAL,train
20260729_034928_ZCEJDA,train
20260729_035113_AWLVEN,train
20260729_035236_YDTQDY,train
20260729_035306_HNYQFU,train
20260729_035634_NVMQLP,train
20260729_035645_XBXCZG,train
20260729_035950_LLKKMW,train
20260729_040051_LASFDQ,train
20260729_040112_BJESKJ,train
20260729_040903_MJFMYK,eval
20260729_041003_CDLEMG,train
20260729_041017_MUSGJY,train
20260729_041453_DAUXET,train
20260729_041609_FUCFBS,train
20260729_041933_DQBLHN,train
20260729_043129_BJQPZR,train
20260729_043129_JXKMME,train
20260729_043234_ZSWDEH,train
20260729_043444_ZLUUBG,eval
20260729_043457_PUBKFC,train
20260729_043634_KUVSQS,train
20260729_043909_YBDJCS,eval
20260729_044049_LQKQWZ,train
20260729_044300_VWDDWW,eval
20260729_044324_CWVHKQ,eval
20260729_044343_TVMSWE,train
20260729_044711_GRVPPW,train
20260729_044751_EGETGJ,train
20260729_044808_GLTUGB,eval
20260729_044924_TGQVZT,train
20260729_044950_JVJDMY,train
20260729_045032_GEBJSN,eval
20260729_045216_DUBWHY,train
20260729_045238_UUXPHF,train
20260729_045256_ZQAWUV,train
20260729_045544_LAFKYU,train
20260729_045548_RCFJFD,train
20260729_045843_DBBTSF,train
20260729_050008_DUDCQY,eval
20260729_050015_FXLVMZ,train
20260729_050032_NXCCTY,train
20260729_050034_XHARHV,train
20260729_050425_ZBJHSW,train
20260729_050533_DWFTLC,train
20260729_050540_LKZTXY,eval
20260729_050542_HACUPD,train
20260729_050737_BHRHPK,train
20260729_050755_RKDFNG,train
20260729_050825_SEYQPF,eval
20260729_050842_ZMJLRT,train
20260729_050843_DKPPFF,train
20260729_050946_SVYCLT,train
20260729_051002_EZBULL,eval
20260729_051013_CLRTMK,eval
20260729_051058_QBTESF,train
20260729_051303_BUTNPZ,train
20260729_051333_RFFSCA,eval
20260729_051336_VTWZGN,train
20260729_051336_XMFTDM,train
20260729_051350_VUXAHJ,eval
20260729_051400_VTLTHD,train
20260729_051412_YEJAMB,train
20260729_051419_UAYYCP,train
20260729_051433_FPPFUC,train
20260729_051452_JXSRHW,train
20260729_051530_HVTPBU,train
20260729_051551_LUVVZL,train
20260729_051601_JRTFHP,train
20260729_051638_LVQUCA,train
20260729_051756_FRBNKK,train
20260729_051800_BDQWXH,train
20260729_051808_ZPDRYM,train
20260729_051837_WGTRYU,eval
20260729_051916_HWRUVP,train
20260729_051922_BTHXJZ,train
20260729_052050_BALCRL,train
20260729_052137_RQQXYB,train
20260729_052205_TXGLNC,train
20260729_052323_CAUCKH,train
20260729_052608_SQNCHN,train
20260729_052619_LMXTHZ,train
20260729_052711_VHNGLQ,train
20260729_052725_LZKYXX,train
20260729_053119_ZGFZGJ,eval
20260729_053245_KYNKNA,train
20260729_053317_LRWEWA,train
20260729_053435_UGQLTT,train
20260729_053544_AMCVCP,train
20260729_053557_JTYVYW,train
20260729_053601_YQJSFQ,train
20260729_053710_LZNHJT,train
20260729_054114_UQSBAJ,eval
20260729_054222_LBZPZS,eval
20260729_054245_UGMZXR,train
20260729_054430_XBZVWM,train
20260729_054506_ZQXGBX,train
20260729_054553_FAVPXG,eval
20260729_054612_HATENW,train
20260729_054721_DCGKKK,train
20260729_054736_YQXWAK,train
20260729_055039_SGAEFS,train
20260729_055113_RKHHWF,train
20260729_055245_GBLDQV,train
20260729_055647_NWNMHJ,train
20260729_055716_HTRTNQ,train
20260729_055835_MCXXHE,train
20260729_055842_RHCNDK,train
20260729_060315_QLYXFP,eval
20260729_060404_JVTUMA,train
20260729_061414_NYZVXA,train
20260729_062640_FGDMBP,train
20260729_062825_YQNNBS,train
20260729_063051_XJFXXY,train
20260729_063844_KQKHBJ,train
20260729_065413_VCZLUG,train
20260729_070019_WAAAHU,train
20260729_072055_QKGHQK,train
20260729_073630_ZERLWU,train
20260729_073847_PJFXHU,train
20260729_075039_GAYYWL,train
20260729_075218_JZNLCW,train
20260729_075236_GUADXA,train
20260729_080145_JUBVJL,train
20260729_080358_RKZVTD,train
20260729_080509_TJYRXV,train
20260729_081521_CDGQBF,train
20260729_082920_UZGVTK,train
20260729_083045_FKNZPT,train
20260729_083111_GHTNSV,train
20260729_083218_QSKYDR,train
20260729_083304_LYXLYS,train
20260729_083315_FZYJGM,train
20260729_083407_JJUSLB,train
20260729_083420_CBSPSM,train
20260729_083455_FYCQGJ,train
20260729_083632_GWLDXQ,train
20260729_083716_BKVQRU,eval
20260729_083804_LYDGKU,train
20260729_084048_WENYWX,train
20260729_084527_VDKRLV,train
20260729_084556_BWVHXK,train
20260729_084907_FVUYCH,train
20260729_084944_ASXWGQ,train
20260729_084953_BMSZTT,train
20260729_085118_PFZYPL,train
20260729_085159_GWGEBL,train
20260729_085225_BUCTCX,train
20260729_085533_PFAVYF,train
20260729_085823_ZTABVK,train
20260729_090410_HYWUDH,eval
20260729_090422_ZCRXNS,train
20260729_090621_BGULWD,train
20260729_090642_RMUWYQ,train
20260729_090644_KXXFMB,train
20260729_090725_MYSRDM,eval
20260729_090913_VZZZFH,train
20260729_091338_XTDJQP,train
20260729_091607_LGFESN,train
20260729_091615_MRJUHW,train
20260729_092009_METZHH,train
20260729_092356_BQLEUR,train
20260729_092608_KUFMXU,eval
20260729_092916_UZEDWL,train
20260729_093022_KJJXEF,train
20260729_093909_HPMPVS,eval
20260729_094441_HLBKXJ,eval
20260729_094558_SAWZPN,train
20260729_094821_CAZLLQ,train
20260729_094945_LCFWXG,eval
20260729_095831_CDMTXX,train
20260729_100354_KPKTBL,eval
20260729_101621_ECYQRU,train
20260729_101942_YDWJQB,train
20260729_102027_VMLVSD,train
20260729_102050_EYZGKP,train
20260729_102050_TUBSJQ,train
20260729_102634_QLBMFP,train
20260729_103315_RXFLDY,eval
20260729_104347_FMTQLN,train
20260729_224807_LBMBUH,train
20260729_235504_BTFPGD,train
20260729_235750_NFLEXU,train
20260730_000118_RCMWDQ,train
20260730_000349_YPGCWD,train
20260730_000801_CVKRNL,train
20260730_001158_WBMBPT,eval
20260730_001306_PYCATF,train
20260730_001511_FBDUNZ,train
20260730_001735_QABNGM,train
20260730_001839_PNCQQA,train
20260730_002110_DHPBLU,eval
20260730_002533_JKTMVH,train
20260730_003155_WGEKGL,train
20260730_003419_RSUKBD,eval
20260730_003843_TFPWLM,eval
20260730_003927_GBPJGW,train
20260730_004018_HTRDEN,train
20260730_004022_NFUGKN,train
20260730_004046_YBMXPF,eval
20260730_004143_LYLVTW,train
20260730_004145_YJEKCN,train
20260730_004155_LSBYJT,train
20260730_004333_ASDNAA,train
20260730_004512_BWMBWY,train
20260730_004546_TEBMYD,train
20260730_004726_YJXSDM,train
20260730_004811_HDCQNU,train
20260730_004843_EEEYMZ,train
20260730_005527_YEMJDU,train
20260730_014044_VBWZNH,train
20260730_024158_YQSYGG,train
20260730_025152_WMEHFB,train
20260730_031631_YLLJNM,train
20260730_033040_CJGYCR,eval
20260730_041928_FSVWBN,train
20260730_050446_YEVEUQ,train
20260730_051236_VCALGE,train
20260730_053009_QWCHLX,eval
20260730_054143_JSAXJR,train
20260730_054253_SKCGZH,train
20260730_054331_WAMVHK,train
20260730_054525_QXXLSC,train
20260730_054615_VFYCMW,train
20260730_054800_MDMQEN,train
20260730_054926_YTFWLT,train
20260730_055030_UTBVLG,train
20260730_055407_PAXNBT,train
20260730_055620_MFLGJT,train
20260730_060102_XZXNWF,train
20260730_060612_KGYNJQ,train
20260730_065357_ALTSJK,train
20260730_082820_CWNLYN,train
20260730_083023_TGSFMK,train
20260730_083202_FRRSKP,train
20260730_083336_ZTVJJK,train
20260730_093245_ARZUAL,train
20260730_095005_EHHMQQ,train
20260730_095505_AXHPBX,eval
20260730_104353_EKWMRN,eval
20260730_110420_VPBWEC,train
20260730_111611_VUUWQY,train
20260730_111742_WBNFVD,eval
20260730_112056_MXZYUU,train
20260730_112227_EUWSVA,train
20260730_113033_RNBWDB,train
20260730_114544_LSVSSH,train
20260730_115230_PNPDBU,train
20260730_115443_DKLZMQ,train
20260730_121121_CNTGNK,train
20260730_121507_VCBHLR,train
20260730_122335_LZRJEE,train
20260730_123019_YDNGBN,train
20260730_124629_RUQZNZ,train
20260730_125157_WWSXET,train
20260730_125607_BFXKTY,train
20260730_125831_GBNAEW,train
20260730_130443_TVRZZF,train
20260730_131253_YHUXRA,eval
20260730_133102_NYNFTQ,eval
20260730_133343_QFTBHT,eval
20260730_133510_BANZAK,train
20260730_134404_EJYCGC,train
20260730_134656_PYYDCW,train
20260730_135103_MBKEEF,train
20260730_135638_RVREFM,train
20260730_140805_HPSYFP,train
20260730_141144_UULYND,train
20260730_142008_MEGRPP,train
20260730_142858_CSPCBB,eval
20260730_143528_GQXVLW,train
20260730_143710_PPFMYJ,train
20260730_145429_RWNCJD,eval
20260730_151018_LADEWM,train
20260730_152416_FPFHHQ,train
20260730_153123_LCUYJT,eval
20260730_232535_CCDQWM,train
20260730_233010_TKANDE,train
20260730_233822_QVKTGA,train
20260730_234516_SKJCHD,eval
20260730_234816_ZJFEUG,eval
20260730_235429_WSYXHV,train
20260731_000026_TCHVYZ,train
20260731_000125_JZCULK,eval
20260731_000410_YDMZLV,train
20260731_000809_AHFFVE,train
20260731_001239_KABUXL,train
20260731_001301_DVQRPH,train
20260731_001320_KLLPGH,train
20260731_001339_MMVNQQ,eval
20260731_001404_MTAKJF,eval
20260731_001522_TXFDRL,train
20260731_001718_PKEXSM,train
20260731_001949_DLLNZE,train
20260731_002009_EUCETZ,train
20260731_002132_NSPQFD,train
20260731_002137_ALFQTS,train
20260731_002432_TNQWPK,eval
20260731_002437_RLNXUB,train
20260731_002552_RVJAFB,train
20260731_002618_DTBGRU,train
20260731_002726_BYFZUX,train
20260731_002753_LZGGZL,eval
20260731_003129_CQYJBJ,train
20260731_003150_QPQMXJ,train
20260731_003206_VGPHKK,train
20260731_003447_HJETWQ,train
20260731_003553_CCLPXU,train
20260731_003858_FCHZWJ,train
20260731_003927_XXDSSF,train
20260731_004010_RXAXWA,train
20260731_004329_JGEECN,train
20260731_004438_EYEDCW,eval
20260731_004655_WWPEJG,eval
20260731_005403_JLYABB,train
20260731_005637_HARJDZ,eval
20260731_010026_LJGBQL,train
20260731_010503_HJYWMH,train
20260731_010538_DTNTRG,train
20260731_010828_GUARJW,train
20260731_011013_DSWLVC,train
20260731_011215_HLQJJJ,eval
20260731_011513_WQEWCW,train
20260731_011737_QLKYQW,eval
20260731_011825_DNURZW,eval
20260731_012011_ZXGYKV,train
20260731_012058_TCTMPE,train
20260731_012156_XNYPMB,train
20260731_012626_UXTZJP,train
20260731_012831_HPPYFT,train
20260731_013240_HSYZJJ,train
20260731_013544_AEHNSK,eval
20260731_013636_JUFUZN,train
20260731_013949_VFSDRS,train
20260731_014417_QNEHGL,train
20260731_014640_CCWGVF,train
20260731_014939_CALMJB,train
20260731_015125_FGJYGE,train
20260731_015320_UFSNDP,train
20260731_015732_TNNWKV,train
20260731_020013_KFWJPJ,train
20260731_020022_RABFQU,eval
20260731_020142_TZZPXM,train
20260731_020430_JZGEXM,train
20260731_020604_NWWPSP,eval
20260731_020828_YFMNKA,train
20260731_020852_FTDRGD,train
20260731_021000_NHFSEZ,train
20260731_021023_YKLJED,train
20260731_021704_TWBZKZ,train
20260731_022439_QTNKUB,train
20260731_023426_HWBYHH,train
20260731_024241_XHPSSH,train
20260731_024450_KVJRMX,train
20260731_025021_UAJKAD,train
20260731_030414_XFQCMB,train
20260731_030533_VEFXEJ,train
20260731_030645_EYQTGL,eval
20260731_031317_PQMDYV,train
20260731_032724_PMAMQS,train
20260731_032809_WNTLLG,train
20260731_032920_UUPWHJ,train
20260731_033521_DFYDQV,train
20260731_034314_VXPYDU,eval
20260731_034514_DCNVNR,train
20260731_035018_XGDCTX,train
20260731_035147_UQQSHG,eval
20260731_035421_ABDABY,train
20260731_043344_VXAZYB,train
20260731_043529_UWLLFV,train
20260731_043914_VSDMSU,train
20260731_044655_ZHBESB,train
20260731_045131_HPJEMB,train
20260731_045518_YZPZML,train
20260731_045618_XJDTTZ,train
20260731_050147_SUYZHM,train
20260731_050333_NTLTZS,eval
20260731_050708_GHDCLL,eval
20260801_144024_GCUCTD,train
20260801_144457_HVANKR,train
20260801_144619_MYQYEU,train
20260801_145649_FCUPSR,train
20260801_145953_GVVNTD,train
20260801_150509_UKQFWH,train
20260801_150941_ZVWYTW,train
20260801_151507_DLHTNF,train
20260801_152112_WBRKKA,train
20260801_152709_TYZUJK,train
20260801_153104_KURGNB,train
20260801_154450_ZRUWHM,train
20260801_155831_WMEGTL,train
20260801_160615_STGKUU,eval
20260801_164809_ERELXZ,eval
20260801_170514_AGMAPR,train
20260801_172047_JGKBUU,train
20260801_173951_CWPGYW,train
20260801_175753_KBCREL,train
20260801_182505_ZYXMRR,train
20260801_183201_CSDYWV,eval
20260801_185318_RJYQCV,train
20260801_190028_UMBUBG,eval
20260801_203855_EKYEZG,train
20260802_001408_MHVTGF,train
20260802_003302_MVZKQZ,train
20260802_003419_SPMCWC,train
20260802_004226_KTVZQK,train
20260802_004232_QZDZFH,train
20260802_004329_EVJYQY,train
20260802_012108_MBYPHU,train
20260802_012349_QYMZRM,train
20260802_012654_XCWJRQ,train
20260802_012923_NCKPXD,eval
20260802_014046_AEGNLV,train
20260802_014632_JCHUXK,train
20260802_015530_VCXAAW,train
20260802_020400_FJGLRY,train
20260802_021026_AGDGNY,train
20260802_022208_SUAADF,train
20260802_022802_PRXFNN,train
20260802_023837_MJHDTA,train
20260802_023916_KDVRTD,train
20260802_024155_BEQYTW,eval
20260802_024613_XAQGNU,train
20260802_025941_QNWBSX,train
20260802_031245_LVFMNK,train
20260802_033705_CPKQLU,eval
20260802_034039_CVJBFK,train
20260802_034549_HPPGPV,train
20260802_034833_YYBERJ,train
20260802_041403_MKXKUV,train
20260802_042555_EDVFSV,train
20260802_042816_CRNCWB,train
20260802_043728_RRCSNV,train
20260802_044521_QVMMGB,eval
20260802_045050_YGHPFM,train
20260802_045306_YNZEPB,eval
20260802_045535_RHTYRS,train
20260802_045636_YVFRMQ,train
20260802_045650_QLLPAJ,train
20260802_050142_HEBNJQ,train
20260802_050319_NSUXYW,train
20260802_050335_KDMZYK,eval
20260802_050405_FBPMWN,train
20260802_050431_QZBMKX,train
20260802_050518_ZYJRHL,train
20260802_050637_FUGYXB,train
20260802_051537_ULNFVX,train
20260802_051821_WGXRQK,train
20260802_052055_PXKGXY,train
20260802_052125_FRFYKX,train
20260802_052321_RUJMHA,train
20260802_053001_ZLFVWZ,train
20260802_053225_TTEPTG,train
20260802_053456_VDDFNP,eval
20260802_054323_MBQFRM,eval
20260802_054659_TBCPWX,eval
20260802_054809_GVXZZE,train
20260802_054828_MLPTBF,eval
20260802_054834_AHSMXK,train
20260802_054956_FBVRSV,train
20260802_055247_MSXLGK,train
20260802_055649_MEDSMV,train
20260803_001342_YZXMEZ,train
20260803_002411_ENXLRW,train
20260803_002653_RULDUC,train
20260803_003208_CLAYAF,train
20260803_005831_PBSPDB,train
20260803_011724_MTDWHK,train
20260803_022535_DSSSDE,eval
20260803_030424_NZDPLJ,train
20260803_030902_HGKTBT,train
20260803_031030_VCNKDS,train
20260803_031332_BQEQHU,eval
20260803_031618_DGGFVM,train
20260803_031618_RVSSYP,train
20260803_032824_UFTNEC,train
20260803_033544_RCUHXV,train
20260803_033851_MWJSHE,train
20260803_035719_MVRZKJ,train
20260803_035837_UBCNRA,train
20260803_040158_YEQJJB,train
20260803_040237_YJZDBP,train
20260803_042954_FTVMVU,train
20260803_043726_BAPNEB,train
20260803_044019_NXNVTT,eval
20260803_044745_JJMKZH,eval
20260803_050411_ZDFDPF,eval
20260803_050716_YDCMZQ,train
20260803_050849_FFJHNA,train
20260803_050946_HCRCVC,train
20260803_051934_QAPXQS,eval
20260803_051955_MCQJTW,train
20260803_051959_HXQKBC,eval
20260803_052046_NWYNVL,eval
20260803_052258_GNLPVK,train
20260803_052458_QBNCUK,train
20260803_052711_QKNJRS,train
20260803_052803_ECFTNA,train
20260803_052905_YEUTZU,train
20260803_052908_MQHMCZ,train
20260803_052914_KERRRP,train
20260803_052927_WKSLGQ,eval
20260803_053146_NKNVNA,train
20260803_053355_UDANRG,train
20260803_053605_SQHYMJ,train
20260803_053751_JUVFNA,eval
20260803_053759_MHAQAV,train
20260803_053800_RMXWLK,train
20260803_053817_RPFAPS,train
20260803_053858_MGCAUL,train
20260803_053928_FLRPPN,train
20260803_053934_JPRACN,train
20260803_054011_TWZZZQ,train
20260803_054142_ERWYJN,train
20260803_054144_QWQJTU,train
20260803_054151_UAKVFR,eval
20260803_054154_FLTWRM,train
20260803_054242_LCFDUD,train
20260803_054316_PSWWRQ,train
20260803_054403_BZYPCR,train
20260803_054411_ZEQRMT,eval
20260803_054414_JQCBMS,train
20260803_054439_TWCRTY,train
20260803_054454_EJZBUU,train
20260803_054457_EYKQZG,eval
20260803_054507_TATJQK,eval
20260803_054631_SJNJSL,train
20260803_054743_WYZESF,train
20260803_054753_QSBRLP,train
20260803_054803_BQHCCH,train
20260803_055031_HNFEEN,train
20260803_055037_MVPMHV,eval
20260803_055132_GUNBYF,train
20260803_055153_ZBQSJK,train
20260803_055213_NQHKQT,train
20260803_055239_UTMZGE,eval
20260803_055313_ACHXKR,train
20260803_055420_KYTNTG,eval
20260803_055504_PFVQAK,train
20260803_055525_WHJEDW,train
20260803_055534_KSVKAL,train
20260803_055605_ZHYKYE,train
20260803_055726_MLZDEB,train
20260803_055739_WFWADE,train
20260803_055819_LQAULL,train
20260803_055910_MWSHNX,train
20260803_055912_ATXJQJ,train
20260803_055924_JYYBCD,eval
20260803_055939_RHTHAE,train
20260803_060001_ANWXHP,train
20260803_060005_KYCHJX,train
20260803_060057_PPLJGP,eval
20260803_060146_BALZJD,train
20260803_060204_JNNKYR,train
20260803_060213_LFYMJA,train
20260803_060358_YCYWFP,train
20260803_060408_UAFVJY,train
20260803_060433_VCYJZF,train
20260803_060507_ZSRXVP,train
20260803_060527_WWLCXZ,train
20260803_060610_LVDYFW,train
20260803_060659_QHMJZW,eval
20260803_060718_DPWLQG,train
20260803_060742_YPPVXC,train
20260803_060842_MCCEUM,train
20260803_060913_FVTAFE,train
20260803_061005_SMCFZJ,train
20260803_061134_WWNKJN,train
20260803_061139_DHECXZ,train
20260803_061206_GSXFKG,train
20260803_061259_MLMPZY,eval
20260803_061331_RWXFJU,eval
20260803_061338_KYSXAF,eval
20260803_061343_QLHDFK,train
20260803_061353_KJHXTB,train
20260803_061406_YJXTCH,train
20260803_061406_ZHKRZN,train
20260803_061547_PGPJYH,train
20260803_061825_TVJBWG,train
20260803_061925_LTTVDY,train
20260803_061929_YQJBYQ,train
20260803_061938_THZNUG,train
20260803_061949_BSBMDM,train
20260803_062049_RWNJAH,train
20260803_062116_PKYYWP,train
20260803_062128_YDQMMU,train
20260803_062131_NSGBXM,train
20260803_062237_DJCVMF,train
20260803_062345_RNWUXT,train
20260803_062345_UCXCML,train
20260803_062349_VRFGKW,train
20260803_062354_LQELSR,train
20260803_062401_QPUDNT,train
20260803_062636_NZYFTQ,train
20260803_062758_LAWDQC,eval
20260803_062843_ZAJYBR,train
20260803_062909_KTWGPS,train
20260803_063010_SWGNZY,train
20260803_063036_HSDFNT,train
20260803_063106_LSZAHK,train
20260803_063152_QBFJRT,eval
20260803_063157_JHZPXX,train
20260803_063159_KRHDHD,eval
20260803_063209_RAFTSZ,train
20260803_063256_FDNAMN,train
20260803_063323_METMQV,train
20260803_063331_MSPQHV,train
20260803_063436_TRCBRE,eval
20260803_063537_CYRCNJ,train
20260803_063815_PVERNP,train
20260803_064542_JKQTDG,train
20260803_064747_AASZQA,train
20260803_064912_UQDNUH,eval
20260803_064916_TMWDSK,train
20260803_065054_JKYDRC,train
20260803_065203_HULPPX,train
20260803_065211_EPDBSZ,eval
20260803_065532_EZUDKF,train
20260803_065548_EMAGSZ,eval
20260803_065633_LEAEXA,eval
20260803_065908_KZUXUN,train
20260803_065953_ZYGTWZ,eval
20260803_070103_KDUKJC,eval
20260803_070207_JNCTJR,train
20260803_072129_XDCWAL,eval
20260803_074534_MFYTXS,eval
20260803_075245_XECDZZ,train
20260803_075820_JVTYWW,train
20260803_081549_TECWPG,train
20260803_083613_UZWGMK,train
20260803_083645_UVJJSU,train
20260803_120853_UGQXXL,train
20260803_135603_GNAWWM,eval
20260803_234336_SWRZYK,eval
20260803_235218_KRUPPL,train
20260803_235916_NPCVKC,train
20260804_000110_TVLDAD,eval
20260804_000439_WRHQNR,train
20260804_000635_LKKCYC,train
20260804_000844_MKFUDZ,eval
20260804_001158_UAFTLP,train
20260804_001226_MNVGRH,train
20260804_001559_AKKHRC,train
20260804_001637_YNRZQT,eval
20260804_002702_LBDKMU,train
20260804_002708_ZDRUJB,train
20260804_002818_CGURTS,train
20260804_003022_JLRBTK,eval
20260804_003102_UKSFCT,train
20260804_003319_HQYWFJ,train
20260804_003757_AJFDBF,train
20260804_003759_DWYXZB,train
20260804_004206_AYUCLW,train
20260804_004517_KHFEGS,train
20260804_004828_BFEHLV,train
20260804_005003_DNKFXL,train
20260804_005123_RCCSNN,train
20260804_005204_NHXSPS,train
20260804_005226_CHVXEK,train
20260804_005623_ASTJZB,train
20260804_005654_VJBPGP,train
20260804_005738_HBVAPU,train
20260804_005932_BLSJFZ,train
20260804_010127_PPXWBZ,train
20260804_010440_DXQHKH,train
20260804_010956_LDBFZP,train
20260804_011020_LUXQMK,train
20260804_011047_AQKSRD,train
20260804_011108_KNEGNM,eval
20260804_011241_BFBXGX,eval
20260804_011504_EBLZTB,train
20260804_011554_MTZYWQ,eval
20260804_011610_SBZFVT,train
20260804_011631_HQDGDG,eval
20260804_011729_DPFRWA,train
20260804_011815_WMASMC,train
20260804_012119_YBWEKZ,eval
20260804_012130_EXKDXX,train
20260804_012305_TQKMZE,train
20260804_012326_KGEYCA,eval
20260804_012414_NKVEQC,train
20260804_012533_KWWLRF,train
20260804_012827_BPKYST,train
20260804_013009_KADJST,train
20260804_013056_JJUAJF,train
20260804_013127_NEJGKV,train
20260804_013130_ZPVHYT,train
20260804_013233_SCXYJW,train
20260804_014049_WZLAER,eval
20260804_014120_SDHGUV,eval
20260804_014206_PBVBXG,train
20260804_014230_LHYRJN,train
20260804_014443_MUNNZP,eval
20260804_014908_YCJGAS,eval
20260804_015043_ASYRJP,train
20260804_015735_RVZDCW,eval
20260804_020105_TCXTGM,train
20260804_020213_XHEANS,train
20260804_020247_JJNDNV,train
20260804_020540_THRJEJ,train
20260804_020824_PVEHVL,train
20260804_020947_TCTAGA,train
20260804_021154_QXCTJA,train
20260804_021303_VWPNYW,train
20260804_021357_UYGCSN,train
20260804_021810_RKNVNQ,train
20260804_021825_UDGUWT,train
20260804_021933_HGBNEP,eval
20260804_022055_MHQKLP,train
20260804_022211_ZCGVLL,train
20260804_022458_NCELBW,train
20260804_022546_PWNTCF,train
20260804_022623_MRRNPV,train
20260804_022951_NYENHZ,train
20260804_023118_CLNUKV,eval
20260804_023126_GHWRJB,train
20260804_023257_UVFQUP,train
20260804_023322_FUWVSM,train
20260804_023550_XZWKPY,eval
20260804_023635_LHADNH,train
20260804_024007_BNQSPZ,train
20260804_024023_KBEKTX,eval
20260804_025323_UGJBHM,train
20260804_025521_NLMUXW,train
20260804_025529_UASZAK,train
20260804_025612_PJZPWH,train
20260804_025618_UUHTGY,train
20260804_030359_HGZETE,train
20260804_030535_NEVJAZ,eval
20260804_030811_UVNGQA,train
20260804_030948_WNHZNN,train
20260804_031220_UGRDQS,train
20260804_031233_RSAJQN,train
20260804_031508_ZQKZXB,train
20260804_031540_NCGCPT,train
20260804_031631_FVTRBK,train
20260804_032905_KJZCCM,train
20260804_033029_AXPGCA,eval
20260804_033106_CMSTUJ,train
20260804_033120_BNCYTF,train
20260804_033446_TWVDWP,train
20260804_033654_FWZQYW,train
20260804_034056_VMAPFW,train
20260804_034107_RRDWCB,train
20260804_034300_KYCVPR,train
20260804_034529_CGJKPD,train
20260804_034532_QQXZYR,train
20260804_034752_LVBJDH,train
20260804_043944_DMLAYL,train
20260804_050121_MBUWAF,eval
20260804_051835_QZCQWC,eval
20260804_052000_AUBTJK,eval
20260804_052844_TTVGRA,train
20260804_052908_FJMFEZ,train
20260804_053208_DTUMAV,train
20260804_053504_BDUJCV,train
20260804_054513_JVBJRL,eval
20260804_055043_LWYHCR,train
20260804_055357_BNMAVL,eval
20260804_055802_YAFNUF,eval
20260804_060008_RSPECW,train
20260804_061847_MLZLER,train
20260804_061902_HQRXQY,train
20260804_062123_RJRNUZ,train
20260804_062217_VQAJMJ,train
20260804_062410_NZJUMW,train
20260804_062551_VCRXTX,train
20260804_062742_ZXSBWE,eval
20260804_062855_TBTUEA,train
20260804_062940_ADAUTM,train
20260804_063318_NTUAPZ,train
20260804_063514_VNUFPN,train
20260804_063545_SUXYYL,train
20260804_063552_ELYFNB,train
20260804_063751_AVYVKV,train
20260804_064011_WERGQQ,train
20260804_064038_RSGVGN,train
20260804_064221_LQFEAH,eval
20260804_064408_GHCQQP,train
20260804_064558_BGDLGL,eval
20260804_064750_NELWUF,eval
20260804_064955_LHPBPN,eval
20260804_065028_XRWSER,train
20260804_065157_SVBENW,eval
20260804_065335_RZLPWF,eval
20260804_065538_GMUYWV,train
20260804_065721_GPSCEL,train
20260804_065907_ENLAQV,eval
20260804_070111_MRKQCF,train
20260804_070303_HZTDKG,train
20260804_070309_QMFKPV,train
20260804_070455_SCPXSF,train
20260804_070633_YSRWBQ,train
20260804_070811_KLMURC,train
20260804_070955_PVAWFS,train
20260804_071004_LQYLLX,eval
20260804_071143_RXPJQJ,train
20260804_071321_GTBNQG,train
20260804_071457_QGKBQW,train
20260804_071639_AVLPTL,train
20260804_071805_CBVECM,train
20260804_072007_SVFANP,train
20260804_072150_GANCPJ,train
20260804_072337_FRSZAG,train
20260804_072525_KKYUMQ,train
20260804_072702_FCLWGP,train
20260804_072841_SMKJDY,train
20260804_073006_QTFMPB,train
20260804_073146_ACVGBS,train
20260804_073318_HBJWAD,eval
20260804_073423_BKUJSD,eval
20260804_073457_UPDRFV,eval
20260804_073633_TCBQPW,train
20260804_073808_QUGLBN,train
20260804_073940_MDCNQE,train
20260804_074023_KLHJCH,train
20260804_074117_VLSKQU,train
20260804_074249_QNTCEY,train
20260804_074423_YNJBRD,eval
20260804_074631_SWGDZD,train
20260804_074813_KJYAPD,train
20260804_074941_PKAUBE,train
20260804_075041_LPHBYG,eval
20260804_075127_PHLZZC,train
20260804_075320_JXLNFH,train
20260804_075501_DYPRMS,train
20260804_075629_XHUVDW,train
20260804_075804_FNBXTV,train
20260804_075958_XBNKUP,train
20260804_080205_GNKASG,eval
20260804_080327_UXFZVD,train
20260804_080517_VPFTCV,eval
20260804_080656_DKKCUT,train
20260804_080822_CCQFQZ,train
20260804_081005_HCCMVB,train
20260804_081132_WPYXBM,train
20260804_081141_QZYSRC,train
20260804_081320_KRLSUM,train
20260804_081511_LSUZDF,eval
20260804_081647_WTPJNT,train
20260804_081729_RVLEDQ,train
20260804_081828_TGZNPJ,train
20260804_082005_UAUBDF,train
20260804_082146_EDQGLL,eval
20260804_082308_ZBURHT,train
20260804_082436_ERMGBE,train
20260804_082557_FTKUZX,train
20260804_082602_VHCGFV,train
20260804_082732_TFNCWX,train
20260804_082855_LZHKKH,train
20260804_083039_WRKHXZ,train
20260804_083221_YSCEXX,train
20260804_083338_RFVNPN,train
20260804_083440_VVZCDW,train
20260804_083616_THKEPJ,train
20260804_083802_RSHDQD,train
20260804_083953_UEATYP,train
20260804_084132_QXNSXC,train
20260804_084311_KPTYTN,eval
20260804_084451_EHXCKQ,train
20260804_084516_CJDHZH,train
20260804_084630_FCRHSM,train
20260804_084712_BTKXEY,train
20260804_084901_FHEMLY,train
20260804_085039_UVQZCD,train
20260804_085220_NFSNKK,train
20260804_085404_VEZEXS,train
20260804_085557_WZZLNL,eval
20260804_085748_AYFDFH,train
20260804_085949_APZUTG,train
20260804_090137_NWPZNY,train
20260804_090320_RBSKSJ,eval
20260804_090456_YJWDNX,train
20260804_090549_RBEKKW,train
20260804_090635_BAXGXD,eval
20260804_090819_THGSJK,train
20260804_091003_SUJWTY,train
20260804_091207_YWPQRG,train
20260804_091209_RQYWCC,train
20260804_091232_ELYCXG,eval
20260804_094314_KGUHMJ,eval
20260804_101311_SJRNPF,train
20260804_104546_TQAFEN,train
20260804_111413_HPSGJM,train
20260804_114242_GRUGFM,eval
20260804_115905_CUPDRC,train
20260804_120234_CFHQWX,train
20260804_120414_GALRRE,train
20260804_133941_LVTTAR,train
20260804_140636_JSEWFC,train
20260804_143217_RTHRZD,train
20260804_145311_XMTDQG,train
20260804_175757_YZFBMS,eval
20260804_182543_VCUBJV,train
20260804_194202_KJPKGE,eval
20260804_200606_UVBEHS,train
20260804_203011_TUNGMZ,train
20260804_204216_LRKKEW,eval
20260804_224841_DXGUFA,eval
20260804_225801_YKDMYY,train
20260804_225923_HYLDCK,eval
20260804_230328_BDNKGM,train
20260804_230751_DCYEBQ,train
20260804_231136_LRUUGE,train
20260804_233110_YCCUVR,eval
20260804_233250_EDCLWC,train
20260804_233431_HZUVGS,eval
20260805_002457_EANUDW,eval
20260805_002808_QKZFGP,train
20260805_003441_YLYNQS,train
20260805_004416_DNBKJW,train
20260805_010316_EDXXXJ,train
20260805_010824_TWMEAA,train
20260805_011144_BSPZXZ,eval
20260805_011429_ELPSDX,train
20260805_011708_TVDMDN,train
20260805_011957_PPKASS,train
20260805_012239_NKNCKB,eval
20260805_012528_AXQRUX,eval
20260805_012816_QTNMYT,train
20260805_013056_UWAAVN,train
20260805_013340_MMRZHG,train
20260805_013603_QJWCYR,eval
20260805_013820_UXWBLF,eval
20260805_014053_HXREBF,train
20260805_014400_DHLBGG,eval
20260805_014745_MKAFNF,train
20260805_015014_UWVKBH,eval
20260805_015248_JZSDXE,train
20260805_015531_UXPYWD,train
20260805_015830_DEKDUE,eval
20260805_020105_DJWLEW,train
20260805_020344_KXDVCE,train
20260805_020629_GLBLAD,train
20260805_020919_WZPXMQ,train
20260805_021225_AFETPJ,train
20260805_021617_KTFJWC,train
20260805_023424_UQBWHG,train
20260805_023843_RBVZBW,train
20260805_023920_EZKXBC,train
20260805_025309_ENMLJK,train
20260805_025808_ZANECR,train
20260805_030026_WSUWUW,train
20260805_030153_DFJHMZ,train
20260805_030339_EHZSHG,train
20260805_030438_VVNVLX,train
20260805_030611_LTVNFM,train
20260805_031748_NKBZPE,train
20260805_032210_JASUMT,train
20260805_032530_JJFQWC,train
20260805_033237_KNDKLB,train
20260805_033551_KNZQGN,eval
20260805_033801_SREASS,train
20260805_033846_GDGLCX,train
20260805_034253_ACVMJM,train
20260805_035130_GQLMEP,train
20260805_042047_AMUKJJ,eval
20260805_042352_YGKAFL,eval
20260805_043336_XEESDM,train
20260805_044215_ZPSVMH,train
20260805_044643_PFKEAL,train
20260805_044924_MDZDDG,train
20260805_045110_YNJKBD,train
20260805_045555_AQTHPT,eval
20260805_045634_SBYZUL,train
20260805_045937_BNEBWP,train
20260805_050234_HEAQBR,eval
20260805_050520_BKLDVU,eval
20260805_050536_NFPKGY,train
20260805_050858_KTGUMT,train
20260805_050859_KYMTPX,train
20260805_051421_UXTKMK,train
20260805_051505_JHGKWW,train
20260805_051545_BAQDWD,train
20260805_051621_GQCDKV,train
20260805_051858_FBATMN,eval
20260805_052037_WAUXBX,train
20260805_052254_MCYXAB,train
20260805_052309_TVRERV,train
20260805_052331_MWFLTP,train
20260805_052619_YHJFZP,eval
20260805_052636_VTNPDE,train
20260805_052815_KWMEPB,train
20260805_052911_RQKUXB,train
20260805_053003_AGFZVZ,train
20260805_053105_HQQAEA,train
20260805_053417_NCSGJR,train
20260805_053510_PGWWKU,train
20260805_053600_JGMHLH,train
20260805_054006_DWEUAU,train
20260805_054050_EUDSQE,eval
20260805_054320_DPMYAQ,train
20260805_054443_SCQLQK,train
20260805_054452_FFMGSM,eval
20260805_054514_YRUGZV,train
20260805_054554_KMYAPJ,train
20260805_054753_XKNSXB,train
20260805_054820_WQSJVF,train
20260805_054839_LXQRBX,train
20260805_054914_WHXUYW,train
20260805_055257_BWURHB,train
20260805_055325_LBUVTW,train
20260805_055351_GXFMCU,train
20260805_055358_SRRXAE,train
20260805_055558_KMTUTC,train
20260805_055827_LGAXJB,train
20260805_060050_RELCKT,eval
20260805_060125_TXNVLS,train
20260805_060438_FKAGJC,train
20260805_060457_STYAAW,train
20260805_060704_GRSRLL,train
20260805_061006_ZZTAFN,train
20260805_061135_YFGYDF,train
20260805_061237_VFFVMD,train
20260805_061312_RDFPWB,train
20260805_061422_MWLCDE,train
20260805_061647_NKGJVV,train
20260805_061721_XWANBQ,train
20260805_061827_VMSNER,train
20260805_061841_KTUPZM,train
20260805_061936_QHWPGL,train
20260805_061945_HNAKGK,train
20260805_061958_XZRMBX,train
20260805_062028_TWCULY,train
20260805_062230_LSRXGH,eval
20260805_062302_EYNVEZ,eval
20260805_062607_GWYJMT,train
20260805_062645_QYALNF,train
20260805_062816_NKAERR,train
20260805_062942_NFYCWM,train
20260805_063004_YKQKNB,train
20260805_063107_ZNMVGF,train
20260805_063310_MQCTTT,train
20260805_063338_DMSMKS,train
20260805_063500_DFAWPP,train
20260805_063629_ERGPZK,train
20260805_063741_VKAYJX,train
20260805_064142_PMLDJN,eval
20260805_064144_TAVXZY,train
20260805_064424_FLHPPM,eval
20260805_064559_ADLMEF,train
20260805_064610_UWDAZR,eval
20260805_065316_TCPVFP,train
20260805_065329_WLMBJN,train
20260805_065353_CLWAPN,train
20260805_065407_WEQWMQ,train
20260805_065454_EPXSPF,train
20260805_065534_PXVTUB,train
20260805_065550_JWMZRW,train
20260805_065830_ECWJLP,eval
20260805_065922_JBKWLD,train
20260805_070345_TNGFRA,train
20260805_070806_WRVCFM,eval
20260805_070900_QWZLNU,train
20260805_071440_PRJXDD,train
20260805_072944_DWRYAE,eval
20260805_072950_FPMWMS,eval
20260805_073710_JTHWHC,train
20260805_074003_AEXRQV,train
20260805_074507_SMZHEQ,train
20260805_075222_FSHSFN,train
20260805_080114_RXENNN,eval
20260805_080807_UZHCRC,eval
20260805_081618_LUGPCM,train
20260805_081819_FGCKUA,train
20260805_082401_ABJXEN,train
20260805_083334_HPRQYM,eval
20260805_084148_UUJZAE,train
20260805_084841_BBHNRY,train
20260805_085542_WFDUXH,train
20260805_090247_YKVWUM,eval
20260805_091000_QJYHLR,train
20260805_091654_SSXGPK,train
20260805_092406_GAGPBJ,train
20260805_093104_FMTWDB,train
20260805_093800_DSVZTV,train
20260805_094516_ESNMAQ,train
20260805_095229_WDVDUP,train
20260805_130931_UNZFTX,train
20260805_132204_KQAKQJ,train
20260805_132901_EMXDGV,train
20260805_133344_QWLCXH,train
20260805_135034_CVNMTM,train
20260805_142944_PUSUNW,train
20260805_150130_RGSHBA,train
20260805_151518_WTDLAT,eval
20260806_002819_JYWVTN,eval
20260806_004306_SLZKGH,train
20260806_004539_TCPAFR,train
20260806_004704_GEDMDJ,train
20260806_004940_EVUEAH,train
20260806_013132_QRZMHP,train
20260806_013255_VQMRKE,train
20260806_022101_QPSRQG,train
20260806_050922_LAZKVF,train
20260806_051017_CWLZFA,eval
20260806_051131_HXNTJF,eval
20260806_052531_HESFMW,train
20260806_053655_XUGKSJ,train
20260806_235900_PKSGPF,train
20260807_000250_LTBQLN,train
20260807_000523_JACQWL,train
20260807_001032_XDBDRJ,train
20260807_001506_VYGGUM,train
20260807_001647_MVXQAH,train
20260807_001925_KTAEWH,train
20260807_002141_LNEDMB,train
20260807_002231_JYNAUP,eval
20260807_002548_BKVBYE,train
20260807_002929_AVPLYV,train
20260807_003138_WFXHXL,train
20260807_003406_VPVXBG,train
20260807_003433_MNVLDB,train
20260807_003551_KUMLUS,train
20260807_003603_TETPYY,eval
20260807_003623_AUHBKD,train
20260807_003841_WARVNR,train
20260807_004043_LKAMUE,train
20260807_004351_JHHBJQ,eval
20260807_004447_ZUHVRT,eval
20260807_004450_QYTWGW,train
20260807_005436_GUMLPH,train
20260807_005537_ALGCTY,eval
20260807_005910_UPPVRH,eval
20260807_010046_YUJDSB,train
20260807_010402_KLRDGF,train
20260807_010618_CQJBPC,train
20260807_010723_LCFZNV,eval
20260807_011055_JFLDZW,train
20260807_011202_TULCHR,eval
20260807_011322_XTQCQW,train
20260807_011545_VDUDKC,train
20260807_011850_LMQPUL,train
20260807_011851_KCBMZG,train
20260807_012024_QJAYPY,eval
20260807_012235_KSHMLM,eval
20260807_012306_BLCNZC,train
20260807_012722_CFNZPG,eval
20260807_012755_EJRSSR,train
20260807_013224_ZTXKHX,train
20260807_013245_AJGQMA,train
20260807_013410_PDKFNQ,eval
20260807_013414_PLZDCB,train
20260807_013422_DKBFLT,train
20260807_013450_HPSVCH,train
20260807_013525_SHWLVR,train
20260807_013530_KYUFUN,train
20260807_013734_MUJMAU,train
20260807_013809_EXPHKJ,eval
20260807_013817_USKVLH,train
20260807_013848_QBDRYB,train
20260807_014005_ETSEGX,train
20260807_014058_UJPBFC,train
20260807_014400_MWTYWY,train
20260807_014454_VCHZNG,eval
20260807_014755_MLYYRN,train
20260807_015150_KATFQP,eval
20260807_015938_TASKYH,train
20260807_020150_UEEGVK,train
20260807_020418_QUVHQQ,train
20260807_020847_SMXUFD,train
20260807_021119_KNUSXZ,train
20260807_021626_NQQNNJ,train
20260807_021720_NDJBLR,eval
20260807_021820_PENMXW,train
20260807_021900_ESVGMF,train
20260807_022517_ESVXHF,train
20260807_024557_SJXPVE,train
20260807_025436_FWPLLE,train
20260807_025824_SBMDPG,train
20260807_030835_LXNPTQ,train
20260807_030912_KLUCAL,train
20260807_031013_SGASHD,train
20260807_031205_ESXERD,train
20260807_031314_CVXSGF,train
20260807_031802_TLKMKU,train
20260807_031849_JAXRJK,train
20260807_032454_GPMRKC,train
20260807_032459_UKMQLV,eval
20260807_033100_TPYMKS,train
20260807_034137_PZFMLH,train
20260807_034925_XRNNXW,train
20260807_034945_LMWACD,train
20260807_035325_ENMASQ,eval
20260807_035347_VUBDQX,train
20260807_035451_VBEBYM,train
20260807_035649_LLVSUJ,eval
20260807_035753_TGLKJM,train
20260807_040105_NQVEND,train
20260807_040532_SJHCHW,eval
20260807_042112_BTDAXZ,train
20260807_042546_DVDLBD,eval
20260807_043025_BHVXLN,train
20260807_043038_YDHSLB,train
20260807_043309_RRSNWA,eval
20260807_043910_VSGTSD,train
20260807_043914_QVCKUE,eval
20260807_044456_VTVXNW,train
20260807_044536_JJPMUL,eval
20260807_044557_PSEQQW,train
20260807_044651_VVCENF,train
20260807_044747_BSKURB,train
20260807_050017_NKBVCB,eval
20260807_050057_AJVTYF,train
20260807_050112_EVLWTB,train
20260807_050149_TXURNH,train
20260807_050614_YABVZS,train
20260807_051045_JWKEGY,eval
20260807_051258_CAEXVM,train
20260807_051634_MJBAPE,eval
20260807_052417_KZWRSJ,train
20260807_052639_DZUEDP,train
20260807_053134_SGYZWD,train
20260807_053625_TGWQVL,train
20260807_053757_MADYRA,train
20260807_053817_MFZUJG,train
20260807_054223_HJCVUR,train
20260807_054504_GLRRHH,train
20260807_054647_TDBZHS,train
20260807_054649_TAJKAV,train
20260807_054659_XGBHFZ,train
20260807_054805_JQGBWY,train
20260807_054923_FKHFSD,train
20260807_054935_BQWPXD,train
20260807_055051_MWZKHH,train
20260807_055110_NAVLKK,train
20260807_055404_BEUEUN,train
20260807_055910_ZEEGXX,train
20260807_055946_JZUTPG,train
20260807_060204_BRYHVQ,train
20260807_060252_QEWFSF,train
20260807_060304_DWBBZE,train
20260807_061223_RDVRQE,eval
20260807_061329_JTTZHY,train
20260807_062351_GRQVDC,train
20260807_062608_VRLAWK,train
20260807_063352_SJDGCJ,train
20260807_113533_DMLKDY,train
20260807_225637_MSYBWP,eval
20260807_230208_UNXCRF,eval
20260807_232137_EHYHHR,train
20260807_232833_MZLXLL,train
20260807_234254_DDULCU,train
20260807_234307_CXNRSM,train
20260807_234636_CELYVU,train
20260808_000212_JQCSFR,train
20260808_000435_VXRKVF,train
20260808_000451_RUJZLL,train
20260808_000616_QPDCTH,train
20260808_000730_ECPDBD,train
20260808_001230_HXLPSP,train
20260808_001448_LKMSGR,eval
20260808_002142_PFVUZZ,train
20260808_002345_DESLZB,eval
20260808_002512_GSUTQX,train
20260808_002717_YYJRJT,train
20260808_002803_MDBLKW,train
20260808_002835_JNJPBA,train
20260808_003051_ZXDJZF,train
20260808_003926_TPNWAU,train
20260808_004118_BPCDQV,train
20260808_004207_GNGMLC,train
20260808_004655_PXVAKD,train
20260808_005209_SPNGWV,train
20260808_005229_VHSSTG,train
20260808_005247_ZLYLCL,train
20260808_005314_UXCGRT,train
20260808_005417_RYVXNW,train
20260808_005624_HYAHPT,train
20260808_005718_ENQZYA,train
20260808_005737_YRFUNW,train
20260808_005937_UBHFEK,train
20260808_010051_SDSMVU,train
20260808_011608_KZBVSW,train
20260808_012422_YWTFEB,train
20260808_021745_BTKXEZ,train
20260808_023713_TTTRUD,train
20260808_023735_YBGHVH,eval
20260808_023902_PLCSXS,eval
20260808_024236_EQJLYC,train
20260808_024240_UFPEGG,eval
20260808_024533_HQYJGV,eval
20260808_025102_NYXKHD,train
20260808_025250_EPSYLX,train
20260808_025432_NHZEEE,train
20260808_025534_UMMBBS,train
20260808_025620_WCKFGH,train
20260808_030010_UGWMEZ,train
20260808_030126_RXJHMQ,train
20260808_030200_FHDXXY,eval
20260808_030213_QLEMZA,eval
20260808_030801_ZXHNLE,eval
20260808_030808_WQUAFC,train
20260808_030810_YBBQQW,train
20260808_030816_QVPDDE,train
20260808_030821_YFZSZK,train
20260808_030837_PCQQCZ,train
20260808_030957_KTEHBT,eval
20260808_031024_HVBNFL,train
20260808_031148_BXVRJL,eval
20260808_031312_MWRHQG,train
20260808_031515_AFMLYX,train
20260808_031625_NEZFBV,train
20260808_031925_FKJQNW,eval
20260808_032013_YMXLFF,train
20260808_032033_WAXKYW,eval
20260808_032043_JAMNDM,train
20260808_032228_LBKVHG,train
20260808_032937_BKNHAJ,train
20260808_033217_YRPEFE,train
20260808_033310_QQMNPP,train
20260808_033325_QCGWNS,eval
20260808_033328_LLVLHX,train
20260808_033331_VGRTAH,train
20260808_033714_CYHKLD,train
20260808_033928_HUJCMY,train
20260808_034205_MAPQKL,eval
20260808_034609_KLZYPS,train
20260808_034829_SXGVRQ,train
20260808_035414_MCNFWX,train
20260808_035452_ACQPSQ,train
20260808_035653_RHDRNE,eval
20260808_053003_DCAVRC,train
20260808_053444_CWLUTU,eval
20260808_053555_MQJWCK,train
20260808_054038_UQHFHY,train
20260808_054341_LCNPWL,train
20260808_054630_UGFAEY,eval
20260808_054822_AAMCLU,eval
20260808_054903_SMDCRK,train
20260808_055227_ZRTGSD,train
20260808_055929_UUXQNB,train
20260808_065936_BPSYGD,train
20260808_070427_ZBDJHC,eval
20260808_071711_ZUJCEW,train
20260808_072740_XDSVAJ,train
20260808_074251_LWZFPR,train
20260808_081239_XBZGYR,train
20260808_082948_BCKHJV,train
20260808_091202_UNBVML,train
20260808_101754_YWGLZF,train
20260808_225824_SACDHD,eval
20260808_230707_SERJJZ,train
20260808_231300_FWCTJA,train
20260808_231343_BGWCHF,train
20260808_231917_AULVVB,eval
20260808_232459_XFRSHG,train
20260808_232733_EJZXBA,eval
20260808_233044_QQWGUU,train
20260808_233529_PTEHHU,train
20260809_051704_RTAYRL,train
20260809_073120_ERCUHK,train
20260809_101023_UKHVPJ,train
20260809_101137_TXQVMS,eval
20260809_101504_LVJYTS,train
20260809_101923_TKQUKY,eval
20260809_102254_TPXPDN,train
20260809_102421_ZTJZWE,eval
20260809_102624_XQBUEC,train
20260809_102722_PGTWWL,train
20260809_103823_NUXRTV,train
20260809_104539_MRUEWZ,train
20260809_110309_LVHEWX,eval
20260809_112222_RYKMTT,train
20260809_112709_KUYRJT,train
20260809_112948_AEDQXX,train
20260809_113248_NUBSMH,train
20260809_113500_ZYYJCE,train
20260809_120815_LLYDQB,train
20260809_123240_LGXMDW,train
20260809_124002_LKTJZU,train
20260809_124153_STVDQQ,train
20260809_131059_PAFRTW,train
20260809_133416_AWLHDH,train
20260809_133508_BUJFSF,eval
20260809_134811_PNMZST,eval
20260809_135028_XFFSLB,train
20260809_141226_SNXMKV,train
20260809_141506_UFFAFW,train
20260809_143951_WFNTLK,train
20260809_144407_HCDUPD,eval
20260809_151918_PZZWFW,train
20260810_001828_KNUCXS,train
20260810_002826_VXJRWC,train
20260810_003413_WMYHKV,train
20260810_003425_AXVEUZ,eval
20260810_003839_KBYCLJ,eval
20260810_004126_QZBXKB,train
20260810_004734_UBJYDR,train
20260810_005300_MEGFJM,eval
20260810_005333_DGZSBW,train
20260810_005838_ZCNNSA,train
20260810_010037_GFCQLY,eval
20260810_010222_NEEHQA,eval
20260810_011057_ETCGEX,eval
20260810_011314_LYZWGD,train
20260810_012803_FFVFEM,train
20260810_013048_RUAXWJ,train
20260810_013129_CKXSAF,train
20260810_013422_UYLHXD,train
20260810_013437_HLJHRH,train
20260810_013541_MUBHLY,train
20260810_013714_QZQZJA,eval
20260810_013948_GEYCCG,train
20260810_014544_GYBZKB,eval
20260810_014807_UNULQK,eval
20260810_015336_FQTPJR,train
20260810_015748_CZSSMG,train
20260810_030742_GSNQJV,train
20260810_030939_NMVFQC,train
20260810_031750_LLSBHF,train
20260810_031756_MXYHPR,train
20260810_032033_RHFJKC,train
20260810_032208_AFGGWT,train
20260810_032758_PYHFDP,train
20260810_033248_SKDMTM,train
20260810_033313_JJEZKM,train
20260810_033427_HCQDWL,train
20260810_033511_UPWSQU,train
20260810_033957_HQREYG,train
20260810_034409_NGTGMZ,eval
20260810_035142_HPEUSV,eval
20260810_035235_MAWKWG,train
20260810_035315_JKWEHR,train
20260810_035320_UHHZVH,eval
20260810_035347_UPDTNS,eval
20260810_035528_CHWKQJ,train
20260810_035958_CPSTQK,train
20260810_040219_LBMHVZ,train
20260810_040443_UHUSBC,train
20260810_040538_RPUGKR,train
20260810_040736_UPKZVM,train
20260810_040900_KLJJYU,train
20260810_041554_MMVKEP,train
20260810_041838_BHJPGH,train
20260810_041953_LGPNLZ,eval
20260810_042057_AWNNGU,train
20260810_042608_WDCHKE,train
20260810_042611_LTRSBL,eval
20260810_042637_QDUNZK,eval
20260810_042700_MNMVLA,train
20260810_043406_FJRJGE,eval
20260810_043411_PXRGXH,train
20260810_043540_TPTYJC,train
20260810_044200_DQWUWN,eval
20260810_044320_NVRUVN,train
20260810_044534_ZJCSXJ,eval
20260810_044805_WBWFWC,train
20260810_045125_ZVULEB,train
20260810_045633_FUYWRU,train
20260810_045833_QXTSSL,train
20260810_050754_BJQFCU,train
20260810_051706_DLGFYW,eval
20260810_074628_PSLNUU,train
20260810_090436_QGJQQL,train
20260810_101150_WRXBMW,train
20260811_001907_JFRQGM,eval
20260811_002043_HHLCDQ,train
20260811_002053_VVHVTP,eval
20260811_002158_TJFKMF,train
20260811_002312_TYUBEX,train
20260811_002349_NZZXAW,train
20260811_002549_ZVQMPR,eval
20260811_003141_GSVLLL,eval
20260811_003333_ACARTS,train
20260811_003921_ULYJTQ,train
20260811_003948_HVCLLX,train
20260811_004005_WCGLAC,train
20260811_004040_VQZXWB,train
20260811_004629_YKKZST,eval
20260811_004812_KDXWKR,train
20260811_004843_NHMLMR,train
20260811_004947_DWUHZJ,train
20260811_005433_YGSYJE,train
20260811_005510_MNDKWL,train
20260811_005633_YQKYYJ,train
20260811_005826_MYCZVV,train
20260811_010002_LGYRLY,eval
20260811_010213_VFLKJL,train
20260811_010431_BFNBQJ,train
20260811_010543_ALWLLZ,train
20260811_010634_QQGWVG,eval
20260811_010833_DQCJGH,eval
20260811_010904_QWDFUC,train
20260811_010933_TZDTHD,train
20260811_010944_XJZDWW,eval
20260811_010955_FKBAUY,train
20260811_011032_KQSNDC,train
20260811_011152_LGZBEH,train
20260811_011204_XYPJLM,train
20260811_011207_WUBVUS,eval
20260811_011433_YJEYXS,train
20260811_011729_DBBQUT,train
20260811_011805_BPDMXB,train
20260811_011946_DGXPSF,train
20260811_012057_ULXZEJ,train
20260811_012201_SQFPTD,train
20260811_012257_BBFNRN,train
20260811_012301_QSFBFD,train
20260811_012503_BCWGLR,train
20260811_012611_RGQXLC,train
20260811_012920_LDNRGK,train
20260811_013058_VAUSHE,train
20260811_013551_VWPHDJ,eval
20260811_014130_PRZVPU,eval
20260811_014238_XQQAUF,train
20260811_014317_PCCGEK,eval
20260811_014857_UQUNRU,train
20260811_015250_GTDAQS,train
20260811_015636_BSANME,train
20260811_015841_VDKWAH,train
20260811_020110_SCDLKS,eval
20260811_020216_TPKXKS,train
20260811_020221_VLESLF,train
20260811_020336_QYACYC,train
20260811_020525_ADVPVF,train
20260811_020741_RRYKFH,train
20260811_021326_ZNXUBY,train
20260811_021457_QYEKZN,train
20260811_021521_WCYWTA,train
20260811_021747_DMYWUG,train
20260811_022325_TCNDUS,train
20260811_022939_FEQRVB,train
20260811_023354_RNVCAU,train
20260811_023601_KKTPCU,train
20260811_023846_TYLQWP,eval
20260811_024302_EZXFCZ,eval
20260811_024829_MGHBTR,train
20260811_025806_XGNNZX,eval
20260811_025941_WFHAUM,train
20260811_030206_KLCTHT,train
20260811_030513_WPYCZU,eval
20260811_030741_LLKEAA,train
20260811_031012_XPHQEM,train
20260811_031032_WRJAZU,eval
20260811_031250_JGNSSG,train
20260811_032230_TVDSXL,train
20260811_033731_EMSGKV,train
20260811_034807_YQBTDV,train
20260811_035546_HELNLV,eval
20260811_040446_NVBWZB,train
20260811_040830_CAPHVA,train
20260811_041606_FTBHFM,train
20260811_042604_GUHCQE,train
20260811_043125_ECTHKG,eval
20260811_043426_RPWALV,train
20260811_043828_DWXSDW,train
20260811_045134_NZGASS,train
20260811_050711_KXFFGQ,train
20260811_050735_PQVNBE,train
20260811_050910_EDWNAQ,train
20260811_051734_BQQHWV,train
20260811_052315_HBTKBK,train
20260811_054104_BYBTBE,train
20260811_055845_MAMKBC,train
20260811_060438_ZBZYHD,train
20260811_060620_EYMYUP,train
20260811_061651_YQUJUU,train
20260811_061757_PCUTRA,train
20260811_061839_GCXAFN,train
20260811_062156_QWPPTU,train
20260811_063748_PPDGBT,train
20260811_065628_DNSZQW,train
20260811_071701_ZERAES,train
20260811_071730_BKZPHR,train
20260811_072248_XSXVSU,train
20260811_073930_UFCRGB,train
20260811_075755_DHKPAR,train
20260811_081506_PXQMUN,train
20260811_083246_QPRUYN,train
20260811_083608_XCSLEQ,train
20260811_084159_HVTYMN,train
20260811_085123_SBCJQM,train
20260811_085231_QUVJGR,train
20260811_085639_QZJXDK,train
20260811_093034_VRBCBN,train
20260811_094017_NBSBFA,train
20260811_094610_CVYEEZ,eval
20260811_100052_WAXZSP,train
20260811_101106_FEEDPX,train
20260811_102033_LQHWYT,eval
20260811_230148_FHLDMS,train
20260811_232959_MGBDWR,train
20260811_233350_EKNLCU,train
20260811_235731_VCABDN,eval
20260811_235937_LYYXSX,train
20260812_000746_MLYQAD,train
20260812_001903_RDBLPV,train
20260812_001915_EUACVF,train
20260812_003504_RHJWPJ,eval
20260812_003909_BATARZ,train
20260812_004221_GZHJZW,train
20260812_004403_XQMUMB,eval
20260812_005246_MFZLWG,train
20260812_011944_LHZTCA,train
20260812_012044_JFGUPK,eval
20260812_012121_DUFKAZ,train
20260812_020045_RXHRRK,eval
20260812_022719_GFCBDZ,train
20260812_024014_JXELKL,train
20260812_024311_CVFKZU,train
20260812_024555_UQNRVD,train
20260812_024904_ZYCEJL,train
20260812_025148_VMNQMW,eval
20260812_025508_UQZYKG,train
20260812_025801_UMGBTS,train
20260812_030035_YFKYLY,train
20260812_030054_XVXCRR,eval
20260812_030326_ZXAUGR,train
20260812_030625_WVNWUJ,train
20260812_030918_GGNHFT,train
20260812_031335_HWAUTN,train
20260812_031823_GYRVLP,eval
20260812_032119_THUBSQ,train
20260812_032414_XVTTJJ,train
20260812_032712_WVKWPN,train
20260812_033019_CKPQKC,eval
20260812_033058_BSAYNL,train
20260812_033355_QCZQSS,train
20260812_033738_ZZGAWA,eval
20260812_034005_ZALPQT,train
20260812_034115_LNXGWW,train
20260812_034433_KWAFDR,eval
20260812_034803_DDZYQM,train
20260812_035206_CYVXXM,train
20260812_035509_PHDAVR,train
20260812_041325_SHKSWV,train
20260812_041457_JTHZLP,eval
20260812_042038_VLBMUV,train
20260812_042517_TTTDWC,train
20260812_043159_ARMKYC,train
20260812_043556_VFNZNR,train
20260812_045616_XDZXTD,train
20260812_045728_SKNJJZ,train
20260812_045816_VMWZRL,train
20260812_050345_VSKSVP,train
20260812_050617_YUCAPD,eval
20260812_050953_HTNUNF,train
20260812_051136_RDEQRX,train
20260812_055205_BYFBQT,eval
20260812_055516_FHZQXV,eval
20260812_061113_MMALVS,eval
20260812_062008_SRKFMA,train
20260812_063404_MMTGKM,train
20260812_064116_LMCHGM,eval
20260812_070005_DELXGC,eval
20260812_070418_HAKDKX,train
20260812_073057_CNHKTN,train
20260812_073258_MKQRRB,train
20260812_074444_JKYDQU,train
20260812_074849_PXXYES,train
20260812_075323_JVKUMF,train
20260812_075930_HJRQCT,train
20260812_080655_JBMTHQ,train
20260812_080812_ZKJTMM,train
20260812_081132_AVCNJH,train
20260812_082503_ZCFWVZ,train
20260812_082638_WLCQNU,train
20260812_085349_GQMMTT,train
20260812_090122_MPGHPU,train
20260812_094639_GTRLPV,train
20260812_100846_ABAXHG,train
20260812_101429_UZSEHE,eval
20260812_103648_VARSTH,train
20260812_103909_AKGBXX,eval
20260812_112104_DGFPMU,train
20260812_121835_FLGUFG,train
20260813_003216_PLLRBJ,train
20260813_012048_ESDCTX,train
20260813_012657_CENWLL,train
20260813_012751_ADUSRU,train
20260813_013017_VYTDLL,train
20260813_013040_DHMLXB,train
20260813_013303_GSBYZK,train
20260813_013623_ACJRPB,eval
20260813_013713_QEFGCK,eval
20260813_013930_FRSXGV,train
20260813_014222_ZNPCEG,train
20260813_014232_CJEUUT,train
20260813_014503_UJMTUM,eval
20260813_014903_ESVWMV,train
20260813_015122_GBWLWB,train
20260813_015246_VKMDSX,train
20260813_015442_GDAXMM,eval
20260813_015502_VUKFCF,train
20260813_015708_XXFDGP,train
20260813_015730_GNNLSB,eval
20260813_015849_HVTGWZ,train
20260813_020140_GUNZGS,train
20260813_020833_XVDQBH,train
20260813_020957_RQBDDU,train
20260813_021410_LKFGEN,train
20260813_021549_WXVCGH,train
20260813_022209_VMZKUM,eval
20260813_022242_WWWUCS,train
20260813_022250_TFAUNK,train
20260813_022326_CSGTNM,eval
20260813_022344_PZMMYP,train
20260813_022620_ZRHVKH,train
20260813_022642_AAVHFW,eval
20260813_022656_CNHLZF,train
20260813_023020_MHJEYQ,train
20260813_023858_DQMHWB,train
20260813_024818_LMNGWJ,train
20260813_024840_HFQQLA,eval
20260813_025219_JMBRAE,train
20260813_025756_BFYYDS,train
20260813_025859_KYHXVN,train
20260813_025933_UBXTWN,eval
20260813_025959_WURFQW,train
20260813_030111_ZJADNW,eval
20260813_030611_UBKGML,train
20260813_032956_VFXPWB,train
20260813_033116_QXGZNW,train
20260813_033404_BNZPGJ,eval
20260813_033417_CDDRJG,train
20260813_033509_KHDUFK,train
20260813_033604_AYSVLL,train
20260813_034053_UGNNHL,eval
20260813_035059_AKLEZW,eval
20260813_040613_JCTPGA,eval
20260813_041140_QWYGCJ,eval
20260813_041612_MYQNCV,train
20260813_042131_CGCTBP,train
20260813_042318_RNHHMG,train
20260813_044452_SKKGHZ,eval
20260813_044546_FSHDHL,train
20260813_044624_SJDPXV,train
20260813_073900_TUPLQL,train
20260813_090404_YBAUDP,eval
20260813_090630_YYQUHT,train
20260813_090646_MGWUKQ,eval
20260813_093935_GEAPHY,train
20260813_094616_ZFVFXT,eval
20260813_102501_CRNUJK,train
20260813_105022_NRPKHJ,eval
20260813_113417_LQLFWW,train
20260813_114034_RGQUNR,train
20260813_115808_EJBDXR,train
20260813_130140_SQYTFF,train
20260813_144152_ENJUNR,train
20260813_150615_KSHNRQ,train
20260813_154856_BZFRAQ,train
20260813_233411_RCKKLA,train
20260813_235045_RGYUJE,train
20260814_001427_ZTMZNN,eval
20260814_001718_KCPFVG,train
20260814_001726_HZRUBX,eval
20260814_005829_MWNMFB,eval
20260814_010219_JKANSD,eval
20260814_011726_NCDHZT,train
20260814_023908_CKADPN,train
20260814_025404_YUERSR,train
20260814_043405_DRVTTC,eval
20260814_051016_WAXFRS,train
20260814_051153_XCSPPB,train
20260814_051641_MDZBZB,train
20260814_052249_MDLWMA,train
20260814_053028_KPQUVQ,eval
20260814_053629_CZBLKD,eval
20260814_054014_NYMSPF,train
20260814_054054_BKZWXQ,train
20260814_054352_KMCEZL,train
20260814_054412_FXADVY,eval
20260814_055223_TZJLDV,train
20260814_055545_YSVYFA,train
20260814_055632_UDFFGZ,eval
20260814_055829_AEUXQG,train
20260814_060004_FVCTAM,train
20260814_060005_VDWZPL,train
20260814_060644_LCWSEM,eval
20260814_060839_FEALRC,eval
20260814_061002_DNLMED,train
20260814_061125_DNTFAN,train
20260814_061136_FJNQPD,eval
20260814_061213_MVWGDL,train
20260814_061326_EKJARL,train
20260814_061448_NHKUZL,train
20260814_061640_RZNBLS,train
20260814_061701_HMFEBB,train
20260814_061707_TJYHSM,train
20260814_061719_PNJPHT,train
20260814_061729_MHPCVA,train
20260814_061828_GSBBFE,train
20260814_061853_FJZADF,train
20260814_061949_BHHNVE,train
20260814_061959_FSHZAN,train
20260814_062018_PTVRZF,train
20260814_062108_BGFNZP,train
20260814_062252_HJNGVE,train
20260814_062523_XLFLJQ,eval
20260814_062542_LFBCFD,eval
20260814_062633_RKAZTV,train
20260814_063214_RVFMUN,train
20260814_063333_BWPZMZ,eval
20260814_063633_DKDSPP,train
20260814_063851_WDKECL,eval
20260814_064316_ZGLXNH,train
20260814_064610_HHWCTS,train
20260814_065030_XSYUUU,train
20260814_065032_DZMDHR,train
20260814_065053_VHKSCN,train
20260814_065323_UZVYJY,eval
20260814_065719_TBZJJL,train
20260814_070211_KRVARN,train
20260814_070348_BKJRQB,train
20260814_070419_EZKMRP,eval
20260814_070604_CJCJCH,train
20260814_070915_PNTKXP,train
20260814_071628_KTUDYX,train
20260814_071910_QQBPMP,train
20260814_072044_NBNYKT,eval
20260814_072115_NLRLRM,train
20260814_072436_NBPBBM,train
20260814_072617_TZCYWP,train
20260814_072621_TNMMYC,train
20260814_072726_BDCVNL,train
20260814_072850_AGVUNA,train
20260814_073710_FPTVYM,train
20260814_073748_XMFTHH,eval
20260814_073929_PYTXVP,train
20260814_074130_JCERPE,train
20260814_074146_CWMGBM,train
20260814_074344_BAEZLT,train
20260814_074805_MHRSTJ,train
20260814_074955_MHZBAM,train
20260814_075505_SRPFXM,eval
20260814_075957_ZJVUTJ,train
20260814_080651_QCSAHC,train
20260814_090525_VAAQPU,eval
20260814_090529_AYQNGM,eval
20260814_091007_UYBBJN,train
20260814_091022_HSMLBF,train
20260814_091025_GHFQHU,train
20260814_091130_PZFKCT,train
20260814_091143_XLFZDM,train
20260814_091213_DTTXFE,train
20260814_091227_ZPXZHT,train
20260814_091428_LZXCBW,eval
20260814_091458_SPPNWU,train
20260814_091546_FSMSKB,train
20260814_091932_LKACHM,train
20260814_092019_USCQNC,eval
20260814_092104_NTDYZU,eval
20260814_092134_DBJWLB,eval
20260814_092412_BNPYKQ,train
20260814_092829_GFYBVA,train
20260814_093005_WKAWYA,train
20260814_093101_NDKSDX,train
20260814_093121_HCNVHF,eval
20260814_093512_QXKWYM,eval
20260814_093530_AYAXJT,train
20260814_093541_AQSAPL,train
20260814_093649_UYHSGY,train
20260814_093730_SCSGWG,eval
20260814_093928_TFEYAY,train
20260814_093944_ARKLYF,train
20260814_094021_PRZPMM,train
20260814_094052_XBHDGP,train
20260814_094136_UVBZZF,train
20260814_094316_LESWWS,train
20260814_094626_QHQBNJ,train
20260814_094658_ZTEFMW,train
20260814_094835_DTZNAG,eval
20260814_094912_TRMBDD,train
20260814_095605_CWMKLS,train
20260814_095834_ARMAVS,train
20260814_100008_NPFENN,eval
20260814_100038_GUYAVR,train
20260814_100247_VDCNNJ,eval
20260814_100249_DNXDUU,eval
20260814_100418_BGJFZE,eval
20260814_100606_GVVNHJ,train
20260814_100655_LALUPN,eval
20260814_101109_GBVMRQ,eval
20260814_101157_NQZWZJ,train
20260814_101242_SQRRSA,train
20260814_101400_JYVFSH,train
20260814_101502_GZYRJY,train
20260814_101609_SCNXVW,eval
20260814_101814_AMKUWR,train
20260814_101830_CHMAFX,train
20260814_102404_GNSUPS,train
20260814_102444_ZEUTUA,train
20260814_102623_KALVSY,train
20260814_102935_UHNFAB,train
20260814_103230_BJLPQN,eval
20260814_103337_LMJVEB,eval
20260814_103457_AFKRYK,train
20260814_103853_BVUJCQ,train
20260814_104044_HHSEPQ,train
20260814_104114_JBPRKA,train
20260814_104223_WNNGRD,train
20260814_104739_XCDTYL,train
20260814_104924_TQNHJN,train
20260814_104940_JZSWXD,train
20260814_105123_YQWSYW,train
20260814_105318_EMCNWX,train
20260814_105452_NYWUJM,train
20260814_105608_GJWPXH,train
20260814_105813_VTSMLN,train
20260814_110353_LMLWRB,train
20260814_110923_KNMLKG,eval
20260814_111025_XURTTT,train
20260814_111043_NGYLHP,train
20260814_111825_NGPDFS,train
20260814_114338_XXWEQY,eval
20260814_122519_WARLTK,train
20260814_123458_QVMAGR,train
20260814_231214_EAVMMT,train
20260815_002328_VUNMFW,train
20260815_003230_DWEMAH,eval
20260815_010427_SYNWVG,train
20260815_010740_FXBTBV,eval
20260815_011558_BKWMNJ,eval
20260815_011851_LUYWUE,train
20260815_011941_FQHDZY,train
20260815_020914_MHEDRF,train
20260815_021937_JPEJYC,train
20260815_022621_FHWMBK,train
20260815_022939_ERJTRK,eval
20260815_024004_QQUFGF,eval
20260815_024240_RGXNGL,eval
20260815_024355_ULKTAR,train
20260815_025235_LQFQBX,eval
20260815_025423_AZTBMX,train
20260815_025531_ETZFTC,train
20260815_025616_CPGFVF,train
20260815_025831_VZNAEF,train
20260815_025845_XACHZG,train
20260815_030054_YTLKJE,train
20260815_030123_TGCKJD,train
20260815_030456_DSFZLV,train
20260815_030833_KQBLHE,train
20260815_031134_DKRFDC,train
20260815_031503_GTWKXQ,eval
20260815_031552_NSHBPY,train
20260815_031838_XKDBMP,train
20260815_031846_TWULXF,train
20260815_031927_ZNMEGA,eval
20260815_032109_YVTWWK,train
20260815_032149_EBKRSG,eval
20260815_032311_MSESWM,train
20260815_032435_WTQQGG,train
20260815_032443_GFUCEN,train
20260815_032759_WBKMGZ,train
20260815_033101_VVKKAC,train
20260815_033402_BGGJWG,train
20260815_033720_JDJTUD,train
20260815_034313_YADAFU,train
20260815_034403_YUFBFU,train
20260815_034414_UMMEXC,eval
20260815_034557_VCVDBB,eval
20260815_034912_MKLPHL,train
20260815_035233_BACKLD,train
20260815_035626_GTCEQE,train
20260815_035916_AQZKHQ,train
20260815_040216_CUUTRC,train
20260815_040320_GMJCNE,train
20260815_040402_CKNEDC,train
20260815_040427_KSTCGG,eval
20260815_040820_SWXRDL,eval
20260815_041046_GZAVQU,train
20260815_041050_PKSSFF,train
20260815_041128_THRFGQ,train
20260815_041524_PUNHDL,train
20260815_041831_LSTBKE,eval
20260815_042128_DVAJAT,eval
20260815_042136_XBNTPU,train
20260815_042210_RJCVUD,eval
20260815_042448_ZWHVWW,train
20260815_042806_KLCVBW,train
20260815_043115_GVVLZM,train
20260815_043129_EZJMTA,train
20260815_043505_FPZNFS,train
20260815_043519_GBFNNQ,eval
20260815_043744_TYBKAL,train
20260815_043757_NLJBDK,train
20260815_043819_NTRPXG,train
20260815_043823_WQHKFA,train
20260815_044031_EWRHJV,train
20260815_044110_ECKNQW,train
20260815_044116_UKBSCH,train
20260815_044307_KPGDXV,train
20260815_044410_DFNTJS,train
20260815_044701_FDVUKX,train
20260815_045028_QTYBLG,train
20260815_045606_UACFMY,train
20260815_045631_EKKSPJ,train
20260815_045924_VDDBAG,eval
20260815_050359_CPDDZX,eval
20260815_050640_JQMYZY,train
20260815_050654_NFYYMB,train
20260815_050657_ZPGDBH,eval
20260815_050815_FJDJSC,train
20260815_051257_YXFUND,train
20260815_051343_FSHZEK,train
20260815_051516_DBDZNE,eval
20260815_051604_ZJHGCC,train
20260815_051901_AZMCJG,train
20260815_052127_ELDKNN,train
20260815_052145_PTLPMD,train
20260815_052234_XZGHPD,train
20260815_052629_LHCZKK,eval
20260815_052748_RSKKPQ,train
20260815_052932_VZRFPJ,train
20260815_053221_VXVUPR,train
20260815_053438_VQKCWU,train
20260815_053441_FAASPZ,train
20260815_054240_HXRWSW,train
20260815_054341_NDEMWV,eval
20260815_060435_EZHLBX,train
20260815_061103_HNXGEP,train
20260815_063834_CJDMVL,train
20260815_071332_VZDNZZ,train
20260815_071515_FHPHWX,train
20260815_072005_DZTPQR,eval
20260815_072329_FSUKMH,train
20260815_072412_TZBWTS,train
20260815_072603_VSCVZC,train
20260815_072608_QWAJZD,train
20260815_072913_TVFEME,train
20260815_072917_KHPJHM,train
20260815_073236_FFJJQP,train
20260815_073309_NLQUPG,train
20260815_073452_BUKHVY,train
20260815_073534_YJGRQV,train
20260815_073845_SZGGKU,eval
20260815_073902_KZFYGG,train
20260815_074018_UUKAZT,eval
20260815_074039_JTVWFM,train
20260815_074231_VMUUFD,train
20260815_074326_BGEPKQ,train
20260815_074446_NEGNAQ,train
20260815_074613_QHTRTS,train
20260815_074630_KDKAXZ,eval
20260815_074653_EHSPQW,train
20260815_074704_YUJCWD,train
20260815_074914_DWRFDG,train
20260815_074923_THDCGH,train
20260815_074947_ZQBLWD,train
20260815_074948_FBJXBR,train
20260815_075342_WJAPQV,train
20260815_075545_RBHBVZ,train
20260815_075740_YQLVWV,train
20260815_075920_GJFDSC,eval
20260815_075926_NSLECH,eval
20260815_080019_FBAZNE,train
20260815_080111_TTQCGQ,train
20260815_080122_UVTRHE,train
20260815_080411_HSXHKR,train
20260815_080624_EERVSD,eval
20260815_080929_PLFTDD,train
20260815_080958_XYNKXS,train
20260815_081150_YZFBHZ,train
20260815_081153_PEJARE,train
20260815_081234_YNRWGF,train
20260815_081433_ASDCMN,train
20260815_081439_SHFULC,train
20260815_081643_LZSFRT,train
20260815_081654_FCWYTQ,train
20260815_081736_YRVNFC,train
20260815_081826_PXXBYN,eval
20260815_081833_FAFZBS,train
20260815_081958_KNBGJZ,train
20260815_082117_BMCDZC,eval
20260815_082129_UXCJTH,train
20260815_082146_YKHNLC,train
20260815_082213_KWDGAQ,train
20260815_082329_PQUNDM,eval
20260815_082401_YBCSLS,train
20260815_082500_LWFLCG,train
20260815_082507_DKHRAN,train
20260815_082537_QJVTNL,train
20260815_082549_ENMZNU,train
20260815_082611_VLQMYD,train
20260815_082714_RHKRRL,train
20260815_082715_NQHNME,train
20260815_082736_BFAGMV,eval
20260815_082855_CNLRPL,train
20260815_083011_ZLJMWZ,train
20260815_083216_BRRRGS,eval
20260815_083557_ZRDUZL,eval
20260815_083650_QVGSJL,train
20260815_083724_NKSQBU,train
20260815_084625_UXSBUU,train
20260815_084820_EAAJFQ,train
20260815_085626_SPRGVK,train
20260815_090347_NRAGXP,train
20260815_090417_VFAVDG,train
20260815_091047_JAKXNF,train
20260815_091049_FVTKSK,train
20260815_091406_NPVVZF,eval
20260815_091554_ZRMTVF,eval
20260815_091804_MMNMDE,train
20260815_091849_LKGNFK,train
20260815_092305_CSNGAY,eval
20260815_092721_XRVMQT,train
20260815_092813_ZXYKBE,train
20260815_092903_LRARHS,train
20260815_093304_YYJHDY,train
20260815_093439_WKVKMG,train
20260815_093955_LHUEDB,eval
20260815_094020_NNENEF,eval
20260815_094022_GJBNHR,eval
20260815_094054_ZENJKU,train
20260815_094245_XULTVC,train
20260815_094250_TWFXSQ,train
20260815_095059_EJLKGS,train
20260815_095242_AACUJL,train
20260815_095248_FKGGEL,train
20260815_100253_ZCAZMX,eval
20260815_102347_LVZRQH,train
20260815_221942_AURGVK,train
20260815_222924_KJPDFY,train
20260815_223209_ZAJJXE,eval
20260815_223856_GAFVRM,eval
20260815_224449_LWEHKR,train
20260815_224537_ZYBKRN,train
20260815_225403_JZYXTY,eval
20260815_225630_TCBFDZ,train
20260815_225916_ZFAXNS,train
20260815_230509_VQVUYP,train
20260815_231442_PERUEJ,train
20260815_231656_PCXNCU,train
20260815_231759_QHVREX,train
20260815_231823_MAKTHV,train
20260815_232147_KNEJXL,train
20260815_232526_BPKKMT,train
20260815_233218_LXHXJS,eval
20260815_233249_FKZLRT,train
20260815_233838_NYNKMA,train
20260815_234041_CDKWPT,train
20260815_234325_TUBABG,train
20260815_234349_WYKFPE,train
20260815_234431_SSTBCQ,eval
20260815_234504_GZZEPX,train
20260815_234931_WUBGAL,eval
20260815_235123_DWDLJC,train
20260815_235313_PFVSML,train
20260815_235347_VXDHCT,train
20260815_235351_JLZPFP,train
20260815_235354_FDZAKJ,train
20260815_235425_ALZRZE,eval
20260815_235445_XXFYPR,train
20260815_235802_TBATVZ,eval
20260816_000204_YWZSKJ,train
20260816_000405_AABQSN,eval
20260816_000602_KAJVEW,train
20260816_000715_SQDACF,eval
20260816_000858_LYXYGK,eval
20260816_001153_NPRUSA,train
20260816_001248_SKYZAG,train
20260816_001946_ULAQBP,eval
20260816_002213_EVDULE,train
20260816_002251_AJWBSJ,train
20260816_002320_XRNCLN,train
20260816_002329_LEEAHP,train
20260816_002345_BYYVDD,train
20260816_002515_UNNLUW,train
20260816_002700_FHRXKW,train
20260816_002758_VYXFGT,eval
20260816_003056_BCVHZT,train
20260816_003130_MVHBJH,train
20260816_003249_BASZTT,eval
20260816_003256_AQZCLS,eval
20260816_003558_SKFELP,train
20260816_003739_PSYXLL,train
20260816_004005_CMBYGZ,train
20260816_013025_XSTLPJ,train
20260816_014217_TZZQBA,train
20260816_014359_KLPWKF,train
20260816_014752_DLTKRW,eval
20260816_035727_WZHJJK,train
20260816_045112_ETBWRF,train
20260816_050042_TQKLXV,train
20260816_053811_LSPKYY,train
20260816_055816_CZMGSJ,train
20260816_060253_YTDWUB,train
20260816_061227_BJKCTR,train
20260816_064418_WJADRQ,eval
20260816_065432_GHYGFD,train
20260816_070037_GYLCKF,train
20260816_070058_TZXHWE,train
20260816_072738_QKHYWA,train
20260816_073658_CJZZZP,train
20260816_082004_XADFMX,train
20260816_082853_PRDFPZ,train
20260816_092331_MQQDQM,eval
20260816_100115_EMTSAU,eval
20260816_100158_YTQDKR,train
20260816_100655_RWQLFZ,train
20260816_123649_NBMVJV,train
20260816_220626_KAYFSH,train
20260816_222506_LPDTQR,train
20260816_230326_LGTPYB,train
20260816_232522_QXXGGE,eval
20260816_232809_LBBAVQ,train
20260816_232935_KWKLAN,train
20260816_233153_KBWBQW,eval
20260816_233202_WTKZEK,train
20260816_233217_WWTRMU,train
20260816_233235_ALPJDV,eval
20260816_233640_YXGXYT,train
20260816_233652_PAYJTS,train
20260816_234255_GPLEXE,train
20260816_234335_SPYDUV,train
20260816_234552_FGULSK,train
20260816_234651_PFZPAN,train
20260816_234709_FKZWLP,train
20260816_234904_HJNQYN,train
20260816_234908_GLDKJP,train
20260816_235239_XCWQGP,train
20260816_235447_CWSTDC,eval
20260816_235627_TTCSDT,train
20260816_235708_DXFMKD,train
20260816_235748_QTTKUH,train
20260816_235819_UDHPGV,train
20260816_235828_KRDKZE,train
20260817_000036_UWRLAA,eval
20260817_000219_YDCBZC,train
20260817_000251_GMWTYD,train
20260817_000600_MKQYEQ,eval
20260817_000607_YXMPGH,train
20260817_000946_MDFUSF,train
20260817_000950_NCDLZJ,eval
20260817_000957_LMPWRX,train
20260817_001026_LHMRNN,train
20260817_001034_RVVPMT,train
20260817_001120_NQVGUA,train
20260817_001448_RAWLLG,train
20260817_001747_QWDPMQ,train
20260817_002025_QQDBQS,train
20260817_002751_ESPHYQ,train
20260817_002751_TBGVTP,train
20260817_002919_XDNDAB,train
20260817_003043_SCAGJZ,eval
20260817_003058_LGTFYH,train
20260817_003304_FZPZKH,train
20260817_003838_UKGWLH,train
20260817_004147_VQCGPL,train
20260817_004345_GXUHQD,train
20260817_005055_NAYZGY,train
20260817_005430_PAMCVR,eval
20260817_005903_UHMQWK,train
20260817_005955_QQXQSK,train
20260817_010113_VHFXRZ,train
20260817_010207_CCTTEZ,train
20260817_010215_EUSGVF,train
20260817_010246_FKBNLL,train
20260817_010308_CJMVVD,train
20260817_010309_HVJBVJ,eval
20260817_010328_QPVSUB,eval
20260817_010331_TKGRSL,train
20260817_010420_NLWCTL,train
20260817_010427_SDVGQD,train
20260817_010437_YRNAWT,train
20260817_010541_UDRDLP,train
20260817_010557_USBJDL,train
20260817_010603_KNBZHB,train
20260817_010651_RKLQXA,train
20260817_010723_GRQQGX,train
20260817_010821_CZLEMG,eval
20260817_011000_CTWNMH,train
20260817_011223_NHGKVT,train
20260817_011338_CFBWMF,train
20260817_011350_MBFUDX,train
20260817_011400_DHYRWB,train
20260817_011725_UWRKWJ,train
20260817_011728_KNBJLE,train
20260817_012041_TLLCBR,eval
20260817_012047_YBUKWN,train
20260817_012350_DTLUWZ,train
20260817_012355_SRGKPH,train
20260817_012452_SWTERV,eval
20260817_012520_JGGFBD,train
20260817_012749_QWTRRD,train
20260817_012806_RYFWXZ,train
20260817_012809_FKWJPC,train
20260817_012855_RTNJWJ,train
20260817_013029_QBJCDD,train
20260817_013040_WEFYJN,train
20260817_013118_RDXXKS,train
20260817_013129_HLMRNG,train
20260817_013412_QHSCBP,train
20260817_013432_BGKDNA,train
20260817_013512_KLVHKN,eval
20260817_013643_WDELSY,train
20260817_013722_VZVKKW,train
20260817_013754_ERDRRF,train
20260817_014217_UVSTFJ,train
20260817_014317_STRYRU,eval
20260817_014331_JARUEQ,train
20260817_014336_MGFNWG,train
20260817_014616_GADASJ,train
20260817_014616_LLMARD,train
20260817_014819_LDZTKQ,train
20260817_015328_DRHCVG,train
20260817_015353_DRTVJY,train
20260817_015522_WRKHME,eval
20260817_015532_ADPUWS,eval
20260817_015719_RRXRAK,train
20260817_015758_SSAXWG,train
20260817_015848_VBTJUB,train
20260817_015908_WSALPQ,train
20260817_020248_MRTWTD,train
20260817_020311_PXHVZD,train
20260817_020323_TLDSGS,train
20260817_020356_NJULFT,train
20260817_020400_SPJDQV,train
20260817_020551_PQGFMC,eval
20260817_020741_HEKWDN,train
20260817_020750_EDRNCR,train
20260817_020848_ZHKJPY,train
20260817_020915_KDDEHC,train
20260817_020917_MWCQGJ,eval
20260817_020932_KFSZTG,eval
20260817_021039_PBMZTL,train
20260817_021047_SEFGDF,train
20260817_021102_UJMJKA,train
20260817_021209_ZSJYFY,train
20260817_021234_FQEJJY,train
20260817_021248_UHKRDK,train
20260817_021429_MBDQHD,train
20260817_021457_NWEPKZ,eval
20260817_021648_PNDLWV,train
20260817_021701_BHXTXL,train
20260817_021821_FLPYLW,train
20260817_021915_WNNVGB,train
20260817_022120_XJWHZZ,train
20260817_022209_CMWTTP,train
20260817_022325_GVMSWM,train
20260817_022525_CRZRDM,train
20260817_022532_XCZRTL,eval
20260817_022545_NSVVLL,train
20260817_022855_QRQWFC,eval
20260817_022933_PJEFGD,eval
20260817_022939_UQCBFB,train
20260817_023207_RSSCTA,train
20260817_023227_WAQPDW,train
20260817_023319_VPHVGF,eval
20260817_023434_QGMLVX,train
20260817_023442_HFHBAK,train
20260817_023536_MZUNFW,train
20260817_023846_YTCLUX,train
20260817_024109_LMRTCV,train
20260817_024215_GDGFEV,train
20260817_024224_LCAQHZ,train
20260817_024225_TDGDKN,train
20260817_024231_TJHEED,train
20260817_024305_ZLKZME,train
20260817_024436_UWBCUN,train
20260817_024441_CLSJNF,train
20260817_024451_JKWNEU,train
20260817_024520_MKWLTT,train
20260817_024534_FKBYMF,train
20260817_024552_CKBPXA,train
20260817_024712_GLCCAY,train
20260817_024716_RDHYQW,train
20260817_024740_HBRXLY,eval
20260817_024943_KKPEQV,train
20260817_025034_JFMBQD,train
20260817_025115_JDNCHV,train
20260817_025218_CEKRSA,train
20260817_025242_LNTMEW,train
20260817_025251_ENDDAJ,train
20260817_025415_JUAWPB,eval
20260817_025815_JPVKSX,train
20260817_025959_RVGVHR,train
20260817_030247_RGKXLB,train
20260817_030529_SEQWGF,train
20260817_031514_PKWWVC,train
20260817_031700_UUPWPZ,eval
20260817_031836_KXATVQ,train
20260817_031902_CSQWBH,train
20260817_031935_DAKVMM,eval
20260817_032018_RAQXHQ,train
20260817_032756_EXATEY,eval
20260817_032817_TBWELJ,eval
20260817_052502_MCXEFN,train
20260817_055105_NNNBRV,train
20260817_055154_UDYGGP,train
20260817_055321_KRYMJH,train
20260817_055324_BDGDVA,train
20260817_055354_TMXYKV,train
20260817_055411_JNLUKP,train
20260817_055418_FACTJM,train
20260817_060324_CZYNDA,train
20260817_060348_RJRFZW,train
20260817_060752_PEANDJ,train
20260817_060817_TWLBTB,train
20260817_060859_GQZYQD,train
20260817_060905_HLKGBN,train
20260817_060955_VNEGMD,train
20260817_060958_HRZRMF,train
20260817_061026_UJVLZN,train
20260817_061102_EMLLHF,train
20260817_061106_XZBSHA,train
20260817_061322_SAUPZL,train
20260817_061415_QWNQFV,train
20260817_061458_DLJSZG,train
20260817_061532_BXDGNU,eval
20260817_061534_TMJLXB,train
20260817_061537_JYMUMR,train
20260817_061542_HQUGYY,train
20260817_061551_GTSEAZ,train
20260817_061620_HRXXFU,train
20260817_061823_GLDBRQ,eval
20260817_061842_NUCGVS,train
20260817_062013_MSUCEG,train
20260817_062110_MKEPNV,train
20260817_062150_NDVRQE,train
20260817_062223_TLNWKF,train
20260817_062350_TAFNUD,train
20260817_062351_PZQYGQ,train
20260817_062351_YFBUDZ,train
20260817_062415_WADBNS,train
20260817_062422_JDLBMC,train
20260817_062555_BFSGSQ,train
20260817_062715_TBPYGK,train
20260817_062820_HABNKL,train
20260817_062823_JVRTMJ,train
20260817_063008_YFWPZF,eval
20260817_063205_YXAFFB,train
20260817_063354_LHWMQX,train
20260817_063429_AEZCZA,train
20260817_063445_GHEYRN,train
20260817_063627_ASGAYV,train
20260817_063940_TJRWDE,train
20260817_064006_GUUSKZ,train
20260817_064047_JUQXLU,train
20260817_064223_KDPJYZ,train
20260817_065346_WYWYXX,train
20260817_065444_DDAUZP,train
20260817_093401_PWEKRQ,train
20260817_102008_MBAEUC,eval
20260817_102444_XGMTZY,eval
20260817_102922_FVNULW,train
20260817_103143_NYEWEQ,eval
20260817_103324_UDMDDC,eval
20260817_103335_CDGLYZ,train
20260817_103451_KKRQAE,train
20260817_104213_SFFFRA,train
20260817_115605_WFPCPC,train
20260817_120919_NCCWVF,train
20260817_131438_TFDLVM,train
20260817_133843_ETZHEV,train
20260817_181402_XZJDTX,train
20260817_234101_EPDREN,eval
20260817_234521_FXYGNV,train
20260817_234610_WMMFWV,train
20260817_234956_HGWKLV,train
20260817_235647_LYFZGQ,train
20260817_235840_CAADCP,train
20260818_000238_SZDUGN,train
20260818_000845_MBETNZ,train
20260818_001013_TTPLTX,train
20260818_001240_BFCGFS,train
20260818_001310_EWFMRT,train
20260818_001421_CNWWYZ,train
20260818_002032_GCKSSJ,eval
20260818_002137_ZWWXUP,train
20260818_002226_TMPBWV,train
20260818_002321_XCEYGA,train
20260818_002351_NGDYGV,train
20260818_002508_VGEQTN,train
20260818_002519_DXMYCZ,train
20260818_002558_TNURMC,train
20260818_002605_KNBCTN,train
20260818_002933_PLUGUF,train
20260818_003028_BLSMJV,train
20260818_003032_JEYAJS,eval
20260818_003157_GZQWCU,train
20260818_003406_EUVSNN,train
20260818_003514_SAQSCL,train
20260818_003542_DFEZAB,train
20260818_003634_LANQGX,train
20260818_003826_JGNSAD,train
20260818_003848_TLLNRG,train
20260818_003924_ABCAAN,eval
20260818_003954_TXSGTV,train
20260818_004003_XHVAMM,train
20260818_004003_ZRGAAA,train
20260818_004054_KZXERG,eval
20260818_004231_TAYFRW,train
20260818_004426_JCCFAZ,train
20260818_004626_VDCHJU,train
20260818_004819_MJXHSC,train
20260818_005034_HNMFLJ,train
20260818_005153_XNQKKZ,eval
20260818_005233_FVFJNM,train
20260818_005344_AXQKHV,train
20260818_005659_TJWJTK,train
20260818_005806_QWXMZZ,train
20260818_011605_UJCTAN,train
20260818_011617_UXYEEZ,train
20260818_013120_VVDBGC,train
20260818_013151_ZZTXLK,eval
20260818_013501_GQLHKU,train
20260818_013738_JZJMKN,train
20260818_014244_VJFAHZ,train
20260818_014741_LNLJRX,eval
20260818_015022_JCYZGR,train
20260818_015401_LKQQXP,train
20260818_020100_CAQQBS,train
20260818_020108_APDSDW,train
20260818_020221_CGXKCW,train
20260818_020252_RELUAH,eval
20260818_020402_FCVLHY,train
20260818_020450_DKXFZB,train
20260818_020714_YKUNYK,train
20260818_020730_QQBFXE,train
20260818_021725_JHAGJD,train
20260818_022755_GEMHGU,train
20260818_023029_VTMCAK,train
20260818_023404_JTNPLM,train
20260818_023740_NKLQMP,eval
20260818_025418_FXNLKR,train
20260818_030347_SSZXWE,train
20260818_031414_LHZZKR,train
20260818_031422_SMCXXG,train
20260818_032542_HCUGBC,train
20260818_033147_TCTUQT,train
20260818_033206_DQBBZM,train
20260818_033320_AJNGZG,train
20260818_034630_UGHVZU,train
20260818_035315_YXBNBE,train
20260818_040333_TJJFXV,train
20260818_041418_YTASCL,train
20260818_041730_VEEHCJ,eval
20260818_043524_JUDHHT,train
20260818_045504_XUWNTK,train
20260818_050104_KRQWTF,train
20260818_050147_CXZBHV,train
20260818_050253_YWETVM,train
20260818_050449_SBCKFJ,train
20260818_050553_EBNUWK,eval
20260818_050611_TGPYUR,eval
20260818_051005_DDRVEE,eval
20260818_051300_FLPTFJ,train
20260818_051454_RSQUER,train
20260818_052144_CXFEKP,train
20260818_052235_HLSYPX,train
20260818_052449_VKJEZN,train
20260818_052606_MGRBXN,eval
20260818_052610_FMURUK,eval
20260818_052657_TRNMTG,train
20260818_052724_HQZCNC,train
20260818_052936_MNWWCJ,eval
20260818_052957_EZVDHH,train
20260818_053240_KYHLZU,train
20260818_053624_JWQJAY,train
20260818_053936_ASVENT,train
20260818_054142_LBTWJZ,train
20260818_054436_WRQGVQ,train
20260818_054620_MAMQKA,train
20260818_054652_RMWRFS,eval
20260818_054946_WAXGUQ,eval
20260818_055018_HCGUWT,train
20260818_055117_BQNCGW,eval
20260818_070722_BTBGFX,train
20260818_073508_ZLFPJF,train
20260818_073551_PRMDXL,train
20260818_073555_HNWMAF,train
20260818_073642_RYUVEX,train
20260818_074003_NBLSZJ,train
20260818_074105_YBUTYY,train
20260818_074222_VLVBGZ,train
20260818_074257_JDDCUX,train
20260818_074422_FYDKXN,train
20260818_074537_ZXENVJ,train
20260818_074551_DVCCHU,eval
20260818_074623_GYCHEF,train
20260818_074957_ACUCFF,train
20260818_075028_DNDBAG,eval
20260818_075244_WZBQXC,eval
20260818_075348_MATYBJ,train
20260818_075358_PQGVKL,train
20260818_075446_EEFLSC,train
20260818_075500_YCQQQQ,train
20260818_080106_ZKGWDB,train
20260818_080205_HLGWQL,train
20260818_080218_GZUJTT,train
20260818_080254_ETSCRH,train
20260818_080910_VJUUZA,train
20260818_081049_ZFQEGW,train
20260818_081316_GGZCCF,train
20260818_081506_HBLYTF,train
20260818_081527_FSAJAV,train
20260818_081534_TLEXWZ,eval
20260818_081759_SAWCBC,train
20260818_081957_XWLJJX,train
20260818_082224_WHHAYH,train
20260818_082738_XCNYHD,eval
20260818_082809_JPTVHV,train
20260818_083000_PDTPTC,train
20260818_083442_BAUSFG,train
20260818_083658_VVMZXC,eval
20260818_083710_LMLPCU,train
20260818_083813_GKFSPK,eval
20260818_083900_ATRAYQ,train
20260818_084146_CUBMNZ,train
20260818_084228_MMBMQJ,train
20260818_101121_APRCUB,train
20260818_102633_UMLKYE,train
20260818_103446_BLVUNC,train
20260818_104418_ZEHWUQ,eval
20260818_104620_MNDVRL,eval
20260818_104718_ACBZXM,train
20260818_105111_XCMUEG,train
20260818_105337_PVKXKE,train
20260818_105710_QDYQCX,eval
20260818_105950_NNKRWT,train
20260818_105952_ALYYTF,train
20260818_110049_QJPSRQ,train
20260818_110151_UHSKGJ,train
20260818_111638_JCDBKW,train
20260818_111745_BDPPHY,train
20260818_112507_RTMGBD,train
20260818_112653_NXPFCJ,eval
20260818_112732_UHSMLZ,train
20260818_112824_GBPAHW,train
20260818_113027_NUXENH,train
20260818_114822_DLYHMP,train
20260818_115547_LSFLDF,train
20260818_115613_YBKGSP,train
20260818_120122_DDUSZK,train
20260818_121010_NUZJDX,train
20260818_121557_DAAGWP,train
20260818_121604_BMTUMP,train
20260818_122714_CKRPER,train
20260818_122809_ESACFZ,train
20260818_124221_VSXYMG,train
20260818_125338_DRGYQJ,train
20260818_130317_WGQSXS,train
20260818_130427_HNVZUQ,train
20260818_131110_CNFHXE,train
20260818_131153_MZBWKF,train
20260818_131359_HWJCHQ,train
20260818_133231_DEHFSV,train
20260818_134343_BXDYSW,train
20260818_134836_AJEQKC,train
20260818_135031_FXGAMG,train
20260818_135620_WDAXZQ,eval
20260818_135833_QVKJHG,train
20260818_140150_ZGTWPU,train
20260818_141000_MFVKFL,train
20260818_141049_FQERDG,train
20260818_142117_JLTEJL,eval
20260818_151339_CCHJXK,train
20260818_152258_SFKDYM,eval
20260818_154526_WYLXGN,eval
20260818_212007_ZATGUZ,train
20260819_000123_UQKYJX,train
20260819_000433_DTDZBL,train
20260819_000539_NSZBRL,train
20260819_000639_AWJZER,train
20260819_000708_MTSJDS,train
20260819_000929_BSWTFA,train
20260819_000934_DFZFAS,eval
20260819_001111_CMCUAB,train
20260819_001341_BAPLPM,train
20260819_002348_JPPZAY,train
20260819_002547_EEPNBD,train
20260819_002700_MGEDEE,eval
20260819_003011_UJRZNE,train
20260819_003100_YFCEUE,eval
20260819_003120_EJYEYK,train
20260819_003232_GHSZWD,train
20260819_003244_PFCYWU,train
20260819_003328_CCJVEK,train
20260819_003402_HSETXM,train
20260819_003602_SQPTYG,eval
20260819_003705_LYYCKJ,train
20260819_003834_PGEASV,train
20260819_003906_CLBWRX,eval
20260819_005048_RJUDHR,train
20260819_010512_TWSNYP,train
20260819_011504_QQFVKH,train
20260819_012358_BDLNUY,train
20260819_012432_MQYHWB,train
20260819_013051_YPAWHM,train
20260819_014327_WXBVXZ,train
20260819_021151_NZBUHP,train
20260819_021253_GDBMXV,train
20260819_021356_ZYKRWH,train
20260819_021443_HPNSFP,train
20260819_021550_XMYQUA,eval
20260819_023037_VFNSFQ,train
20260819_030726_JGZDRC,train
20260819_032625_HYGGXY,train
20260819_051429_SHXWQL,train
20260819_051715_AHNQHD,train
20260819_052858_JPRFPN,train
20260819_053039_XBAUZS,train
20260819_053159_DVFVHW,train
20260819_053310_WMCTQQ,eval
20260819_053346_HMLLKZ,train
20260819_053358_QRMJMY,train
20260819_053713_RBHQEN,eval
20260819_053730_GTASYB,train
20260819_053904_RKJBUC,train
20260819_054119_WGDQUG,train
20260819_054358_PJWLYW,train
20260819_054506_WJBBBW,eval
20260819_054721_XGWEYV,train
20260819_054946_TCZGCL,train
20260819_055337_JANUSV,train
20260819_060030_PVDRCW,train
20260819_060956_HGUPRU,train
20260819_061304_EPJRKR,train
20260819_073745_DBMWBU,train
20260819_081325_NSCLAG,train
20260819_081357_YSVXPJ,train
20260819_081548_VYMVHZ,eval
20260819_081617_CVZLHA,train
20260819_081723_GXSMGZ,eval
20260819_081826_MCPMMT,train
20260819_081906_HTAUCK,train
20260819_081921_DVDEEN,train
20260819_082214_KPPZEG,train
20260819_082611_PHCXZZ,train
20260819_082641_UXSUCB,train
20260819_082653_CESNSZ,train
20260819_083039_XBDVXJ,train
20260819_083537_QSEJQC,train
20260819_083546_ZTFMJK,train
20260819_083957_TDWTYX,train
20260819_084051_YZSXYY,train
20260819_084136_CJLWEM,eval
20260819_084147_LPWAHL,train
20260819_084148_TRYBEZ,train
20260819_084245_CNMRXF,train
20260819_084350_DZGBAA,train
20260819_084643_SPFVCJ,eval
20260819_085037_QYYYQC,train
20260819_085057_YQXDDC,train
20260819_085338_AMCEAV,train
20260819_085714_LPKUNQ,train
20260819_085753_HPDMXD,eval
20260819_090018_QNDJYS,train
20260819_090231_HSUQRP,train
20260819_090252_NDQEEP,train
20260819_090318_HJFLDG,train
20260819_090651_UBCQRB,train
20260819_090652_FNQUYD,train
20260819_090754_EEUVUJ,train
20260819_090810_JKPLQC,train
20260819_090844_SVJNNX,eval
20260819_091011_LSCLVR,train
20260819_091038_MFMEMV,train
20260819_091051_WELQUX,train
20260819_091238_HQPNBW,train
20260819_091303_CZSPAT,train
20260819_091510_WXKWGK,train
20260819_091618_LNTWUJ,train
20260819_091705_WERFEQ,train
20260819_091738_UNGNRV,eval
20260819_091859_HTZDHS,train
20260819_091959_UBBUQV,train
20260819_092101_DEXKFG,train
20260819_092350_HSKZCC,eval
20260819_092527_ATWYHY,train
20260819_092709_XARJKC,train
20260819_092937_AGTLWF,train
20260819_093039_YHHFKD,train
20260819_093214_CWLLJP,train
20260819_093303_JHJWWU,train
20260819_093608_RHXDKA,train
20260819_093635_ZNJBDR,train
20260819_093637_TENCQD,train
20260819_093824_AXHPJY,train
20260819_094228_GARXZV,train
20260819_094708_ENTQDZ,train
20260819_094837_NUXHER,train
20260819_094900_YRTQHC,eval
20260819_100234_UFNMGV,train
20260819_100456_EYBRCA,train
20260819_100517_RVKWKP,train
20260819_100716_SHTMND,train
20260819_100821_FEQQAC,train
20260819_101105_KSJEGN,train
20260819_101221_PPRWWU,train
20260819_101245_ZKECPD,train
20260819_101308_PRYPZJ,train
20260819_101415_RVVPLN,train
20260819_101424_NLAMFX,train
20260819_101435_CVXMDF,eval
20260819_101442_BLZXZT,train
20260819_101448_MXZCFZ,train
20260819_101844_GQDBRR,train
20260819_101926_RSNLUW,train
20260819_102018_KPXDBH,eval
20260819_102501_RTTSQE,train
20260819_102816_RAZNFR,train
20260819_103236_PJEQMC,train
20260819_103534_DDDRWZ,train
20260819_103612_HHXCVK,eval
20260819_103934_JPWVXE,train
20260819_104112_EEWXSP,train
20260819_104506_XGWUJQ,train
20260819_104518_MFECSA,train
20260819_104525_PDFSDJ,train
20260819_105155_YNUUPB,train
20260819_105315_JKVHPL,eval
20260819_105659_AHMAAA,train
20260819_105842_HMGZHU,eval
20260819_110136_QNWYGN,train
20260819_110239_NAPWTV,train
20260819_110432_GLVEAM,train
20260819_110538_DALAZQ,train
20260819_110628_FKUNVY,eval
20260819_110920_QBNYPT,eval
20260819_123235_VAAAVN,eval
20260819_123655_FDKUAU,train
20260819_131734_EZXKSQ,train
20260819_141452_AGQRCR,train
20260819_142314_XQCRSH,train
20260819_142820_HTQMSL,train
20260819_162117_MYAZLQ,train
20260819_162423_AGBGAR,train
20260819_162541_RXZZKC,train
20260819_163103_KCBWNX,train
20260819_163249_KNSGFZ,eval
20260819_163938_ZYTAYN,train
20260819_180833_XSMCUH,train
20260819_212106_RYDSRN,train
20260819_212224_DDQRBK,train
20260819_212630_KWPTGK,eval
20260819_212809_FEZQZA,eval
20260819_213340_FMBWBG,eval
20260819_214004_UQGUHR,train
20260819_230153_AFZGXG,train
20260819_230501_PACGSC,train
20260819_231353_HXLZTW,train
20260819_235630_LUNJXW,train
20260820_000152_MFYPEY,train
20260820_000602_WGLDLD,eval
20260820_000614_TZDMCG,train
20260820_000752_UCBHZT,train
20260820_001233_XYCQNK,train
20260820_001300_HRTUAL,train
20260820_001312_CURWGZ,train
20260820_001337_NRRYBW,train
20260820_001415_BTMJXS,train
20260820_001531_YBJXDQ,train
20260820_001722_MHMLYE,train
20260820_001806_KZCQYU,train
20260820_001817_MZBLKE,train
20260820_001918_QKSEYW,train
20260820_002040_DCCLQC,train
20260820_002154_YJYPBU,train
20260820_002156_CXLJJT,eval
20260820_002244_QUABHV,train
20260820_002337_MNKUHY,train
20260820_002357_LUQHVL,train
20260820_002405_HVPUVP,train
20260820_002529_CXFVEP,train
20260820_002547_VCBFNL,eval
20260820_002619_YNHTTA,train
20260820_002626_PSPZRF,train
20260820_002647_APZLKB,train
20260820_002728_WLRSBD,train
20260820_002804_ACSEHY,eval
20260820_002859_CQXHMV,eval
20260820_002909_ABBAES,train
20260820_002940_AVLQHM,train
20260820_002957_LBLBXK,train
20260820_003042_FSDJQA,train
20260820_003042_FTGZLP,train
20260820_003054_NNDMEE,train
20260820_003127_PAFTLE,train
20260820_003134_YEBLTH,train
20260820_003156_CCCTEV,train
20260820_003221_WKZWGC,train
20260820_003244_LTRRJG,train
20260820_003341_VSXDVC,train
20260820_003343_ZZSHAV,train
20260820_003438_WSPGMP,eval
20260820_003453_RXPCHB,train
20260820_003518_LGCYSG,train
20260820_003552_WPQHRF,train
20260820_003555_UZNERB,train
20260820_003606_LPVPEU,train
20260820_003621_MDCPXF,train
20260820_003715_MDBMRF,train
20260820_003733_ZHTNGF,train
20260820_003754_FYNUXS,train
20260820_003837_XKHXVP,train
20260820_003920_ZRWKWY,train
20260820_003939_WABEKJ,train
20260820_004001_LPETLY,eval
20260820_004004_QHTUKF,train
20260820_004105_JENETN,train
20260820_004106_WMTJAR,train
20260820_004143_ZUUXBP,train
20260820_004209_VPSPPN,train
20260820_004226_MRPZBP,train
20260820_004253_TECWRY,train
20260820_004427_PYVRQS,train
20260820_004517_MVWKHM,eval
20260820_004544_FAGNPP,train
20260820_004604_SZSGRU,train
20260820_004615_KQZBQY,train
20260820_004644_HNCSEL,train
20260820_004703_KCKJFQ,train
20260820_004842_ABMYAW,train
20260820_004945_VPZBDB,train
20260820_004955_ECVNSF,train
20260820_005009_RJQTXB,train
20260820_005020_AJBHBF,train
20260820_005105_WLJBRA,train
20260820_005109_TPZQCE,train
20260820_005208_FMGKXL,train
20260820_005213_YGMFEP,train
20260820_005222_VPUBBP,train
20260820_005242_UEXULZ,eval
20260820_005313_AKRSAS,train
20260820_005435_WJSVNE,train
20260820_005437_BAWSAR,train
20260820_005452_QSWJXV,train
20260820_005513_EAJDDJ,train
20260820_005609_SPUVRM,train
20260820_005617_UPGDZU,train
20260820_005714_RHFHRL,train
20260820_005729_TWQXWL,train
20260820_005744_FEPPFW,train
20260820_005911_HQQLBM,train
20260820_010319_KUXSHL,train
20260820_010321_CQJTTS,train
20260820_010951_SXLRVH,train
20260820_011202_FGKZMS,train
20260820_011320_DWTXUY,train
20260820_011412_QDDVJY,train
20260820_011437_MMJLPV,eval
20260820_011704_XFKAJL,train
20260820_011858_HZQQSU,eval
20260820_011919_QGLXAU,train
20260820_012053_TUZVPU,train
20260820_012059_KNJHQU,eval
20260820_012102_QXJKCE,train
20260820_012154_XWPUAU,eval
20260820_012227_BMCBRW,eval
20260820_012421_JYGVAA,train
20260820_012423_TNRARS,train
20260820_012451_MFJTTF,train
20260820_012505_WXXQRU,train
20260820_012506_KQFNQY,train
20260820_012611_PLPAYE,train
20260820_012750_LRAZCR,train
20260820_012828_HXLUUL,train
20260820_012905_ZTWKAU,train
20260820_013012_GZPEHR,train
20260820_013014_HBDWQU,eval
20260820_013226_DTGNLG,eval
20260820_013338_FFHMLX,train
20260820_013417_KBFVNG,train
20260820_013429_SZKCLH,train
20260820_013503_ZZCEDC,train
20260820_014059_VWEWDV,eval
20260820_014106_XAAYAZ,train
20260820_014107_AETEXX,train
20260820_014148_ELMKUM,eval
20260820_014630_HDZZJC,eval
20260820_015740_RNHLQL,train
20260820_020709_QRCKYB,train
20260820_020720_JSVPUB,train
20260820_020752_MEKSFW,eval
20260820_020855_GAXWEZ,eval
20260820_021045_ZKWWJH,train
20260820_021117_HKDBHC,train
20260820_021136_HBJTHN,eval
20260820_021233_WUDPCG,train
20260820_021300_ZLSUNL,train
20260820_021355_KYYSST,train
20260820_021539_JCPCAT,train
20260820_021749_UTHGTE,train
20260820_022044_GBBCFB,train
20260820_022327_WNLQRZ,train
20260820_022357_ZRFWNE,train
20260820_022449_PAMKXQ,eval
20260820_022626_QKPAGB,eval
20260820_022655_ZRKLFZ,eval
20260820_022734_VSPSCV,eval
20260820_022749_AMVZLT,train
20260820_022754_TVNNHR,train
20260820_023109_CFUTPK,train
20260820_023109_JUFGLR,eval
20260820_023128_TZKXXQ,train
20260820_023209_URCQAY,train
20260820_023226_LRFMQL,train
20260820_023342_BBBLPY,train
20260820_023408_DDDGEB,train
20260820_023441_ESLJGD,train
20260820_023505_ANHAUK,train
20260820_023546_JFDQSK,eval
20260820_023612_ZPSZFN,eval
20260820_023834_FUVRJK,train
20260820_023857_PFZZCR,train
20260820_023902_SPUEXN,train
20260820_023944_CFQNXE,eval
20260820_024039_TBVWMY,train
20260820_024137_VJHUAG,eval
20260820_024155_AGRLEA,train
20260820_024609_NNQYBY,train
20260820_024708_MLVQHF,train
20260820_024754_XAVFAG,train
20260820_025039_LWEAHP,train
20260820_025523_CUMJSD,train
20260820_025718_VRTFBM,train
20260820_025726_YJWUHR,eval
20260820_025817_KRDNPU,train
20260820_025955_PDAFYZ,train
20260820_030005_FEWUAN,train
20260820_030038_EFJURQ,train
20260820_030625_NMMZTR,train
20260820_030634_RRZDPL,eval
20260820_030755_BELPDG,train
20260820_030813_YWEMBN,train
20260820_031006_MJPJTH,train
20260820_031330_MJBJSF,train
20260820_031417_SXZBUJ,train
20260820_031537_ECETFF,train
20260820_031714_BZVPJJ,train
20260820_031741_XCUHUX,train
20260820_031858_FAKFZC,train
20260820_033940_YPHSDE,train
20260820_034935_PJBAFZ,train
20260820_035747_GGLTSL,train
20260820_040513_WDBDAS,train
20260820_040944_ZCBXMH,train
20260820_041508_QSTZRU,train
20260820_041943_TKQZWA,train
20260820_042617_TAMLXE,train
20260820_042703_FYENNX,train
20260820_042827_JZMGQZ,eval
20260820_043120_NMUMMV,train
20260820_043148_QRGPQS,train
20260820_043753_NCKPXC,train
20260820_044110_EPPWLB,eval
20260820_044338_PEQZGE,train
20260820_044504_TPKPXL,train
20260820_044515_RASEAV,train
20260820_045348_KTNTQH,train
20260820_045723_ZWMRAU,eval
20260820_045825_AMEZNM,train
20260820_050046_JTEVPC,train
20260820_050218_ZWWQQG,train
20260820_050219_HYWNND,eval
20260820_050231_VGYZJX,train
20260820_050323_CASZAQ,train
20260820_050459_MHEJNJ,train
20260820_050630_VSRTHY,train
20260820_050710_MJTJPE,train
20260820_050721_HCJERL,train
20260820_050753_BSSMKG,train
20260820_050803_BKRHTH,train
20260820_050821_DHSHTF,train
20260820_050846_LYSTZK,train
20260820_050912_QFUTYM,eval
20260820_050929_QTMUQY,eval
20260820_051147_AWJNMJ,train
20260820_051209_PWYAYZ,train
20260820_051254_AZRCQF,eval
20260820_051311_LMAXPX,train
20260820_051313_REKZPH,train
20260820_051330_ZDCLRY,train
20260820_051331_JTYVGN,train
20260820_051355_GRBSWP,eval
20260820_051420_RMDJBW,train
20260820_051443_RUNLJH,train
20260820_051511_NGDUPN,train
20260820_051546_FDFSFJ,train
20260820_051551_GLBEGP,train
20260820_051603_JWJZVN,train
20260820_051605_TJZVMV,eval
20260820_051614_DQQYPZ,eval
20260820_051632_WADURY,eval
20260820_051722_CKWCNT,train
20260820_051859_KTGREP,train
20260820_051919_NMDLQT,train
20260820_051922_PRHEDB,train
20260820_051923_FVDZAZ,train
20260820_051946_ERKSHZ,train
20260820_052008_VENALS,eval
20260820_052030_VCWHCK,train
20260820_052035_NEXPVK,train
20260820_052040_CHHQCJ,train
20260820_052043_UYRKKE,eval
20260820_052047_RMCDXU,train
20260820_052059_CQQQYE,eval
20260820_052146_ZREEXH,eval
20260820_052207_TDMNTT,train
20260820_052307_GRCUUX,train
20260820_052331_VVDXSS,train
20260820_052334_PNYJWJ,eval
20260820_052512_KDDWWW,train
20260820_052513_QRRRUY,eval
20260820_052556_CEUKEK,train
20260820_052643_KRKAXU,train
20260820_052704_TESNVR,eval
20260820_052801_DUBBEE,train
20260820_052844_QZSNFW,train
20260820_052854_HPYZGD,train
20260820_052905_BCGKCL,train
20260820_053020_MDTGTE,train
20260820_053135_XAGARE,eval
20260820_053144_YSAGUK,eval
20260820_053159_VERUTU,train
20260820_053234_MSNTNT,train
20260820_053309_GMTTTG,train
20260820_053318_XCKXUX,train
20260820_053401_FYSJXA,train
20260820_053401_MWVTNZ,train
20260820_053403_DRWTGE,train
20260820_053418_QXVJYU,train
20260820_053427_RPTCRS,train
20260820_053507_YKQRBA,train
20260820_053525_YAKEYE,train
20260820_053530_YFPJSK,eval
20260820_053540_KGEEJA,train
20260820_053547_ZDXYNB,train
20260820_053627_ZELYQX,train
20260820_053641_ABZEKA,train
20260820_053647_ZJLHEH,train
20260820_053737_FVPUVZ,train
20260820_053810_CGLUFX,train
20260820_053850_NTRHAN,train
20260820_053852_NKJFNH,train
20260820_053921_LCDACS,train
20260820_053925_ECWEHG,train
20260820_053936_FAFTUQ,train
20260820_054035_PUBUPX,train
20260820_054125_DVPCTD,train
20260820_054128_SPRLBB,train
20260820_054139_LKVJGN,eval
20260820_054156_GCQVGC,train
20260820_054156_WGWQJX,train
20260820_054245_NLTNBB,train
20260820_054258_BSSETL,train
20260820_054303_VMVMXD,eval
20260820_054308_VBJDLP,train
20260820_054336_VBSTCX,eval
20260820_054345_PYCEJY,train
20260820_054352_YSGXJQ,train
20260820_054428_GKFWPG,train
20260820_054443_NQGVKR,train
20260820_054447_PAKERS,train
20260820_054456_WLGYRN,eval
20260820_054523_RXKUKY,train
20260820_054524_RLFGJY,eval
20260820_054534_SPQWCQ,train
20260820_054544_FAQPCE,train
20260820_054544_JCTJJL,train
20260820_054608_RQVGFX,train
20260820_054628_UPSNAA,train
20260820_054631_SKEXHB,eval
20260820_054637_DNBLKY,eval
20260820_054732_GTXMXN,train
20260820_054736_AMAETF,train
20260820_054802_WNULUQ,train
20260820_054835_JJQZPD,train
20260820_054931_CGDCAK,train
20260820_054934_RYZPWA,eval
20260820_054951_ELRRNC,train
20260820_055001_BGBMHN,train
20260820_055008_KYGCYW,train
20260820_055027_RYZCKA,train
20260820_055042_DQHFXH,train
20260820_055050_CPJTYS,eval
20260820_055110_MMGFAM,train
20260820_055113_NJVPBB,train
20260820_055126_NRRLHS,train
20260820_055142_DSTMMV,train
20260820_055223_ALXKRN,eval
20260820_055229_YYBLCM,train
20260820_055233_DDMCQS,train
20260820_055240_DVHZPD,train
20260820_055251_TPBETT,train
20260820_055321_ZXEEPQ,train
20260820_055335_SKECWZ,train
20260820_055345_NYVPYR,train
20260820_055348_FVCDWT,train
20260820_055408_ZPQHSA,eval
20260820_055419_EQKBLR,train
20260820_055433_ADUHTS,train
20260820_055531_NJDSKV,train
20260820_055644_KSYLJG,eval
20260820_055718_PTCRDR,train
20260820_055811_MEXBAU,eval
20260820_055941_FXQLXS,eval
20260820_055958_GEHKFH,train
20260820_060005_UQHRUG,train
20260820_060024_SPARVW,train
20260820_060234_XYGLNF,train
20260820_060354_JSJWVE,eval
20260820_060359_AKELGB,train
20260820_060413_HQBCFG,train
20260820_060434_ARNPQX,eval
20260820_060437_XFLLCM,train
20260820_060448_JLXCFN,train
20260820_060705_DTWKGG,train
20260820_060721_BFUCRE,eval
20260820_060741_PKFUNP,train
20260820_060743_UHMLWJ,train
20260820_061121_VFEGKA,train
20260820_061539_PRZTJJ,train
20260820_061639_JZFDGQ,train
20260820_061659_QJHZZV,train
20260820_061812_MHRLHT,train
20260820_061836_AVZHUZ,train
20260820_061837_VDUXDK,train
20260820_061902_UFCBWA,train
20260820_062057_EBBTLU,train
20260820_062124_RAMJTF,train
20260820_062127_ZCRQYA,train
20260820_062201_TPVRES,eval
20260820_062220_ADGXZQ,train
20260820_062226_UAMYAC,eval
20260820_062411_ZTFMVW,train
20260820_062419_HJQPRX,train
20260820_062453_BJURKK,train
20260820_062503_JHAFDM,eval
20260820_062609_SVVSMF,train
20260820_062633_XBCXDW,train
20260820_062639_CTENSS,train
20260820_062655_QGKGUL,train
20260820_062802_LLAZLM,train
20260820_062819_SBNZEH,train
20260820_062905_JVTUMZ,eval
20260820_063018_VHNDVM,train
20260820_063027_JGWPFN,train
20260820_063133_EFPBJZ,train
20260820_063233_NVQVQA,train
20260820_063356_VFDGRH,train
20260820_063400_JUQUTP,train
20260820_063610_RBLSVB,train
20260820_063644_SHDAPQ,train
20260820_063912_GMBKHK,train
20260820_064138_PQPURT,train
20260820_064223_TPMKHE,train
20260820_064439_QKUVLN,train
20260820_064515_DGGWBA,train
20260820_064818_VPMMYJ,train
20260820_064835_WBHJUC,train
20260820_064850_KVZHFZ,eval
20260820_064853_YFTZHN,train
20260820_065003_DWLMNS,eval
20260820_065127_KVHSFB,train
20260820_065311_TFQRBA,train
20260820_065347_QDBEVW,train
20260820_065524_NJWJAX,train
20260820_070000_VEMXFL,eval
20260820_070115_NEGGBH,train
20260820_070214_XVDBZV,train
20260820_070304_SULBPU,train
20260820_070335_HMCSWF,train
20260820_070448_YRCNMY,train
20260820_070451_XMFCJY,train
20260820_070605_HVLYYZ,train
20260820_070858_TANRQF,train
20260820_071018_TZBNMA,train
20260820_071044_UZSNLZ,train
20260820_071219_SRYVXN,train
20260820_071245_YNXNMU,eval
20260820_071418_RFDSUQ,train
20260820_071439_BQNURJ,train
20260820_071447_KFVGGN,train
20260820_071512_WNUXYV,train
20260820_071540_FZUBPG,train
20260820_071720_RMBCCF,train
20260820_071810_VDFRVW,train
20260820_071815_METRXY,train
20260820_071922_BHUDWC,train
20260820_072045_RJZBYD,train
20260820_072128_DJXBNY,train
20260820_072201_RVAJBF,train
20260820_072253_ZTMDVE,eval
20260820_072422_SZHYRH,train
20260820_072721_TEXRDJ,train
20260820_072743_HQNNXH,train
20260820_073112_XBNVAV,train
20260820_073637_VDKPAC,train
20260820_073720_PQCBKS,eval
20260820_073736_DSPDNL,train
20260820_074102_RPUBAW,train
20260820_075341_EXZNRJ,train
20260820_075819_AJDSKA,train
20260820_080112_DWHDPM,eval
20260820_081001_LVFWDS,train
20260820_081629_RAUXQT,train
20260820_081805_RHDFXF,train
20260820_082302_BTBTWP,train
20260820_083353_HTALXC,train
20260820_084522_AGKGED,train
20260820_085336_DNSRGZ,train
20260820_085401_BLCZHW,train
20260820_085714_WUTWWR,eval
20260820_085812_WQRCRS,train
20260820_090536_AWYQNW,train
20260820_090945_EDJMDB,train
20260820_091437_UVJXRP,train
20260820_091440_NFXTUL,train
20260820_091947_MTVJXV,train
20260820_093718_FFFGTZ,train
20260820_102223_PMFJZJ,train
20260820_104041_YTXQTR,train
20260820_110150_SDTAKU,train
20260820_112413_VZRFYM,train
20260820_113223_ADELZK,eval
20260820_123025_TGPKZS,train
20260820_123256_APGKGT,train
20260820_123612_JQMLDW,train
20260820_125349_PHZPUL,train
20260820_130711_VTLLXR,train
20260820_134531_GYWPNE,train
20260820_161856_EKXSFX,eval
20260820_161956_YZKVCR,train
20260820_162750_MESFTB,train
20260820_163649_BQLQSJ,train
20260820_191500_QDXUXH,train
20260820_211734_FUBFXF,train
20260820_212412_PLUPPW,eval
20260820_212824_YFKXPY,eval
20260820_213048_MGGJBM,train
20260820_213527_EMQQJY,eval
20260820_213702_WDWUVR,train
20260820_213800_JRGFWG,eval
20260820_230515_LBKHGH,train
20260820_232741_RBCFKF,eval
20260821_000518_VKHMTU,train
20260821_001301_RGJHDW,train
20260821_002728_XBRSLG,train
20260821_003047_UYRAAS,train
20260821_003121_VVZJZR,train
20260821_003352_WNJMNT,eval
20260821_003409_QKZKLP,eval
20260821_003510_EHGLUH,train
20260821_003726_MFVWBN,eval
20260821_003730_FHYPDB,eval
20260821_003820_FCPABY,train
20260821_003832_YHMHRH,train
20260821_003850_YVARRM,eval
20260821_003907_GEHHJD,train
20260821_004105_BPZJVS,train
20260821_004134_LDFTHY,train
20260821_004258_FNUDZN,train
20260821_004507_GZZFMS,train
20260821_004949_MQQLCT,eval
20260821_005007_UNXSBV,train
20260821_005029_ZSGCSV,train
20260821_005045_YUWGVL,eval
20260821_005158_BUVXQE,train
20260821_005301_ETVYKQ,train
20260821_005354_MNFMLN,eval
20260821_005444_QBQBEW,eval
20260821_005450_RERVMM,train
20260821_005521_MKJGYG,train
20260821_005527_ZLBSSU,train
20260821_005545_BRLWWT,eval
20260821_005609_ADYLJP,train
20260821_005633_PLQBZH,eval
20260821_005900_KCXPAE,train
20260821_005906_WMJKFY,train
20260821_005926_MGGRTK,train
20260821_005942_JKNRRB,train
20260821_010132_QEKTQS,train
20260821_010227_APMKJW,eval
20260821_010304_SRMSCW,train
20260821_010501_GTSVMW,train
20260821_010634_DBPJFF,train
20260821_010715_BDXZXN,train
20260821_010725_ZWVBVE,eval
20260821_010805_AHJXLQ,train
20260821_010808_YRUEJB,eval
20260821_010812_XHYDDJ,train
20260821_011028_CETNZA,eval
20260821_011058_PYPZQT,train
20260821_011105_PZXTSM,train
20260821_011109_ESHUPL,train
20260821_011148_XQPECR,train
20260821_011158_JJPYKF,train
20260821_011237_DACATF,train
20260821_011323_XUYMUZ,train
20260821_011327_YDJHPP,train
20260821_011348_VUQCAT,train
20260821_011356_NCDNLF,train
20260821_011503_SDHCEX,train
20260821_011509_MJRNFD,train
20260821_011556_TFCTZX,train
20260821_011720_ZXGSTL,train
20260821_011733_TZWGKE,train
20260821_011755_LJUTUC,eval
20260821_011918_DHDWDG,train
20260821_012054_TNGMHK,train
20260821_012119_VXRAZV,eval
20260821_012216_YGPEUB,train
20260821_012225_ERWJME,train
20260821_012315_UWDMDX,eval
20260821_012325_MCAUVB,train
20260821_012424_FYHMWC,train
20260821_012443_CWYHQY,eval
20260821_012458_YAXGZP,train
20260821_012542_QRYYHT,train
20260821_012742_VMXBTP,train
20260821_012745_QHXSMX,train
20260821_012904_LBJJAZ,train
20260821_012954_FBWMEV,train
20260821_013028_VUEHXP,train
20260821_013109_NYDDKY,train
20260821_013121_GTSXXW,eval
20260821_013244_HLPVUC,eval
20260821_013250_DNBTAX,train
20260821_013327_NVHRFU,train
20260821_013335_MLRKUD,eval
20260821_013615_QQQWXZ,train
20260821_013949_LTQAFD,train
20260821_014053_XHLDQP,eval
20260821_014404_QTZYEL,eval
20260821_014819_DEGSZF,train
20260821_015445_DRESHW,eval
20260821_020059_TYRQHC,train
20260821_020336_MGSKUM,train
20260821_021134_BXLBJV,train
20260821_021351_LDQRCR,train
20260821_022022_NXXVGU,train
20260821_022109_JTGFEF,train
20260821_023450_NVGHQG,eval
20260821_024349_NEQWWJ,train
20260821_024733_ZHHXTX,train
20260821_025231_HKUCEQ,train
20260821_030420_UFEMXR,train
20260821_031301_BZYAWH,train
20260821_032224_VQBKFG,train
20260821_033339_FAHLBD,train
20260821_040850_STBSHN,train
20260821_051019_PSYJNB,train
20260821_051233_KEADKZ,train
20260821_051553_VMMWNX,train
20260821_051832_JYYCEB,eval
20260821_051840_XHVPFF,train
20260821_051918_GTWLFV,train
20260821_052112_HUFCAK,train
20260821_052354_ZRBAHQ,train
20260821_052642_FFEDHE,train
20260821_052819_KVGEHV,eval
20260821_053006_NRTZUY,train
20260821_053358_UZYUTY,eval
20260821_053608_CGNYZZ,eval
20260821_053849_RJZGQP,train
20260821_054612_JZFPFF,train
20260821_055408_JPHLLP,eval
20260821_060609_RHGFRM,train
20260821_062100_JXFDTE,train
20260821_062434_NEGVFY,train
20260821_062605_HBVSTG,eval
20260821_062703_FWNVLJ,train
20260821_063419_XKAVYU,train
20260821_064104_HAVAHZ,eval
20260821_095849_JTZPRP,eval
20260821_102204_CXCSNC,train
20260821_103615_KLZVAX,train
20260821_122258_LFXFXC,eval
20260821_141313_SNCUZT,train
20260821_230214_QEGESN,train
20260821_231239_QBFRWM,train
20260821_232231_TZGYHF,train
20260821_233407_JEUGNM,eval
20260821_233847_ACKRAS,train
20260821_234003_XXAKYD,train
20260821_234118_LQJWNF,train
20260821_234540_JYXJES,train
20260821_234837_AMVUJP,train
20260821_234900_SVMEWL,train
20260821_235753_ABGJLR,train
20260822_000248_ALVUXE,train
20260822_000547_XALHPV,train
20260822_000636_FGGYNQ,train
20260822_001811_VQBECQ,train
20260822_002603_GFUZVL,train
20260822_002746_BYJNHU,train
20260822_002803_TECMCJ,eval
20260822_002849_KEHJEP,train
20260822_003033_KAZBSX,train
20260822_003606_MJHFFK,eval
20260822_003809_NCLYGA,train
20260822_003843_AAFPLJ,eval
20260822_004749_WVVKQE,train
20260822_004845_YUKKUH,train
20260822_004910_WEHBTS,eval
20260822_004913_JUTFWC,train
20260822_005021_MHLPGV,train
20260822_005026_AKLYFU,eval
20260822_005354_ZPTJTF,train
20260822_005440_PMVTGJ,train
20260822_005656_ZWPAKP,train
20260822_010147_UFZYJS,train
20260822_010324_TKNMDN,train
20260822_010855_TQCJBR,train
20260822_011047_HMUSDL,train
20260822_011104_JKDDYZ,train
20260822_011148_LTKRFL,train
20260822_011227_YXFQAN,train
20260822_011321_QMYMWS,train
20260822_011407_XRLZXR,train
20260822_011546_FQVETP,train
20260822_011648_LJABUE,train
20260822_011731_UCYWLL,eval
20260822_011759_TSVCNX,eval
20260822_012505_EVVVVQ,train
20260822_012642_QBAJLD,eval
20260822_013234_JPDUNX,eval
20260822_013947_APGPLF,train
20260822_014754_GCANLQ,train
20260822_014925_BHMUKU,train
20260822_015032_DYWBZK,train
20260822_082744_CFWKWE,train
20260822_082853_RSCWHJ,train
20260822_083046_ZFZKLA,train
20260822_083425_MCDMGU,train
20260822_083639_AKYRSY,train
20260822_083640_YQEMBJ,train
20260822_083732_SRYPXF,train
20260822_083906_BQQMZZ,train
20260822_084530_KQEHBU,train
20260822_085055_FYHRYW,train
20260822_085432_GEMJAN,train
20260822_085432_QXKKQR,train
20260822_090042_SMLPUQ,train
20260822_090254_VPEGMC,train
20260822_090433_KNGLNP,train
20260822_090538_CEFCXV,train
20260822_091120_UCHRED,train
20260822_091222_KQSBRJ,train
20260822_091339_KTQLFZ,train
20260822_091706_NRNRGZ,train
20260822_091853_PCCXZY,train
20260822_091859_XJUZVQ,train
20260822_093508_ZSQCZS,train
20260822_094137_BKRVQJ,train
20260822_094336_VCHPEF,train
20260822_094639_PXFYBZ,train
20260822_094828_PSGXPG,eval
20260822_095321_GXGEWV,train
20260822_095734_STZTRE,train
20260822_100039_YLNWPC,train
20260822_100450_SEYVXJ,train
20260822_105236_SXXWAT,eval
20260822_111525_RSUDRJ,train
20260823_070930_WGCYUR,train
20260823_071659_BHBHSH,train
20260823_072051_MNJVTN,train
20260823_072259_NBVLNB,train
20260823_072318_BUUENT,eval
20260823_072437_XDWZHD,train
20260823_073353_PUZQCW,eval
20260823_073629_WHSFLS,eval
20260823_073839_SEGEJE,train
20260823_073849_MXTMTT,train
20260823_073917_QUXKEZ,eval
20260823_074216_DVUWVX,train
20260823_075236_XRBFDV,train
20260823_075315_LHEJVB,train
20260823_075417_PSXKVB,eval
20260823_080554_BWZTCT,train
20260823_080738_MNPDJP,train
20260823_080950_KGJCEU,train
20260823_081035_DYVTVY,train
20260823_081051_QRGLRQ,train
20260823_081346_YZSUVH,train
20260823_081605_JBGZED,train
20260823_081958_KTCGTB,train
20260823_082043_ESQKXL,eval
20260823_082550_XPYLGY,train
20260823_082818_AREMGK,train
20260823_083101_NBLCKQ,train
20260823_083448_NZMFLJ,train
20260823_083939_BSWEHS,train
20260823_085112_PXKXQA,train
20260823_085241_ZQNEJD,train
20260823_085252_XWZZQJ,train
20260823_085735_EZDFZU,train
20260823_090506_DMGTWA,train
20260823_090547_PAVVWX,train
20260823_090929_BCNNPS,train
20260823_091053_YGNDSN,eval
20260823_091352_AKWWBL,train
20260823_091907_XNGCTL,eval
20260823_092007_VGZPYJ,train
20260823_092351_SFSYTD,train
20260823_092915_LTSZMW,train
20260823_093754_AQYBTJ,eval
20260823_093838_SUUWYU,train
20260823_094352_WKMEXX,train
20260823_094415_HCYMJT,train
20260823_094549_BSHQTT,train
20260823_094641_EFHNMW,eval
20260823_094709_WLSJEL,train
20260823_095352_ATAMAB,train
20260823_100253_TKNUGE,eval
20260823_100733_PPMAMC,train
20260823_100832_SVRQRS,train
20260823_100846_HPBRUT,train
20260823_102251_GVPGLT,train
20260823_102915_LTXLEP,train
20260823_104537_MCNPJK,train
20260823_115303_RMAZLV,train
20260823_133700_MQJRNL,train
20260823_144511_XBXGZD,eval
20261012_173441_KPZSNZ,eval
20261107_070916_UDGXUW,eval
20261128_224229_MCKVFC,eval
20261128_230820_MCYUGQ,train
