2026-09-13 02:06:21,924 - mmdet - INFO - Environment info:
------------------------------------------------------------
sys.platform: linux
Python: 3.12.3 (main, Jun 19 2026, 12:46:00) [GCC 13.3.0]
CUDA available: True
GPU 0,1: NVIDIA GeForce RTX 5090
CUDA_HOME: /usr/local/cuda
NVCC: Build cuda_13.0.r13.0/compiler.36424714_0
GCC: gcc (Ubuntu 13.3.0-6ubuntu2~24.04.1) 13.3.0
PyTorch: 2.13.0+cu130
PyTorch compiling details: PyTorch built with:
  - GCC 13.3
  - C++ Version: 202002
  - Intel(R) oneAPI Math Kernel Library Version 2024.2-Product Build 20240605 for Intel(R) 64 architecture applications
  - Intel(R) MKL-DNN v3.12.0 (Git Hash 80afa71049cd69a3df32adcccb623b12cd7baa22)
  - OpenMP 201511 (a.k.a. OpenMP 4.5)
  - LAPACK is enabled (usually provided by MKL)
  - NNPACK is enabled
  - CPU capability usage: AVX512
  - CUDA Runtime 13.0
  - NVCC architecture flags: -gencode;arch=compute_75,code=sm_75;-gencode;arch=compute_80,code=sm_80;-gencode;arch=compute_86,code=sm_86;-gencode;arch=compute_90,code=sm_90;-gencode;arch=compute_100,code=sm_100;-gencode;arch=compute_120,code=sm_120
  - CuDNN 92.0  (built against CUDA 13.2)
  - Magma 2.6.1
  - Build settings: BLAS_INFO=mkl, BUILD_TYPE=Release, COMMIT_SHA=cf30153c4c131c8164ee7798e5022d810682e2cb, CUDA_FLAGS= -DLIBCUDACXX_ENABLE_SIMPLIFIED_COMPLEX_OPERATIONS -Xfatbin -compress-all -DONNX_NAMESPACE=onnx_torch -gencode arch=compute_75,code=sm_75 -gencode arch=compute_80,code=sm_80 -gencode arch=compute_86,code=sm_86 -gencode arch=compute_90,code=sm_90 -gencode arch=compute_100,code=sm_100 -gencode arch=compute_120,code=sm_120 -Xcudafe --diag_suppress=cc_clobber_ignored,--diag_suppress=field_without_dll_interface,--diag_suppress=base_class_has_different_dll_interface,--diag_suppress=dll_interface_conflict_none_assumed,--diag_suppress=dll_interface_conflict_dllexport_assumed,--diag_suppress=bad_friend_decl --expt-relaxed-constexpr --expt-extended-lambda -Xfatbin -compress-all --threads 2 -compress-mode=size -Wno-deprecated-gpu-targets --expt-extended-lambda -DCUB_WRAPPED_NAMESPACE=at_cuda_detail -DDISABLE_CUSPARSE_DEPRECATED -DCUDA_HAS_FP16=1 -D__CUDA_NO_HALF_OPERATORS__ -D__CUDA_NO_HALF_CONVERSIONS__ -D__CUDA_NO_HALF2_OPERATORS__ -D__CUDA_NO_BFLOAT16_CONVERSIONS__ -DC10_NODEPRECATED, CUDA_VERSION=13.0, CUDNN_VERSION=9.20.0, CXX_COMPILER=/opt/rh/gcc-toolset-13/root/usr/bin/c++, CXX_FLAGS= -fvisibility-inlines-hidden -DUSE_PTHREADPOOL -DNDEBUG -DUSE_KINETO -DHAS_CUPTI -DUSE_FBGEMM -DUSE_MSLK -DUSE_PYTORCH_QNNPACK -DSYMBOLICATE_MOBILE_DEBUG_HANDLE -O2 -fPIC -DC10_NODEPRECATED -Wall -Wextra -Werror=return-type -Werror=non-virtual-dtor -Werror=range-loop-construct -Werror=bool-operation -Wnarrowing -Wno-missing-field-initializers -Wno-unknown-pragmas -Wno-unused-parameter -Wno-strict-overflow -Wno-strict-aliasing -Wno-stringop-overflow -Wsuggest-override -Wno-psabi -Wno-error=old-style-cast -faligned-new -Wno-maybe-uninitialized -fno-math-errno -fno-trapping-math -Werror=format -Wno-dangling-reference -Wno-error=dangling-reference -Wno-stringop-overflow, LAPACK_INFO=mkl, PERF_WITH_AVX=1, PERF_WITH_AVX2=1, TORCH_VERSION=2.13.0, USE_CUDA=1, USE_CUDNN=ON, USE_CUSPARSELT=1, USE_GFLAGS=OFF, USE_GLOG=OFF, USE_GLOO=ON, USE_MKL=ON, USE_MKLDNN=ON, USE_MPI=OFF, USE_NCCL=ON, USE_NNPACK=ON, USE_OPENMP=ON, USE_ROCM=OFF, USE_ROCM_KERNEL_ASSERT=OFF, USE_XCCL=OFF, USE_XPU=OFF, 

TorchVision: 0.28.0+cu130
OpenCV: 4.11.0
MMCV: 1.4.0
MMCV Compiler: n/a (scrfd_shim: mmcv compiled without ops)
MMCV CUDA Compiler: n/a (scrfd_shim: mmcv compiled without ops)
MMDetection: 2.7.0+
------------------------------------------------------------

2026-09-13 02:06:22,013 - mmdet - INFO - Distributed training: True
2026-09-13 02:06:22,240 - mmdet - INFO - Config:
optimizer = dict(type='SGD', lr=0.001, momentum=0.9, weight_decay=0.0005)
optimizer_config = dict(grad_clip=None)
lr_mult = 8
lr_config = dict(
    policy='step',
    warmup='linear',
    warmup_iters=500,
    warmup_ratio=0.001,
    step=[14, 18])
total_epochs = 20
checkpoint_config = dict(interval=1)
log_config = dict(interval=50, hooks=[dict(type='TextLoggerHook')])
dist_params = dict(backend='nccl')
log_level = 'INFO'
load_from = '/data/esteban/pii/weights/armW_epoch_20.pth'
resume_from = None
workflow = [('train', 1)]
dataset_type = 'RetinaFaceDataset'
data_root = 'data/retinaface/'
train_root = 'data/retinaface/train/'
val_root = 'data/retinaface/val/'
img_norm_cfg = dict(
    mean=[127.5, 127.5, 127.5], std=[128.0, 128.0, 128.0], to_rgb=True)
train_pipeline = [
    dict(type='LoadImageFromFile', to_float32=True),
    dict(type='LoadAnnotations', with_bbox=True, with_keypoints=True),
    dict(
        type='RandomSquareCrop',
        crop_choice=[0.3, 0.45, 0.6, 0.8, 1.0, 1.2],
        bbox_clip_border=False),
    dict(
        type='Resize',
        img_scale=(640, 640),
        keep_ratio=False,
        bbox_clip_border=False),
    dict(type='RandomFlip', flip_ratio=0.5),
    dict(
        type='PhotoMetricDistortion',
        brightness_delta=32,
        contrast_range=(0.5, 1.5),
        saturation_range=(0.5, 1.5),
        hue_delta=18),
    dict(
        type='Normalize',
        mean=[127.5, 127.5, 127.5],
        std=[128.0, 128.0, 128.0],
        to_rgb=True),
    dict(type='DefaultFormatBundle'),
    dict(
        type='Collect',
        keys=[
            'img', 'gt_bboxes', 'gt_labels', 'gt_bboxes_ignore',
            'gt_keypointss'
        ])
]
test_pipeline = [
    dict(type='LoadImageFromFile'),
    dict(
        type='MultiScaleFlipAug',
        img_scale=(640, 640),
        flip=False,
        transforms=[
            dict(type='Resize', keep_ratio=True),
            dict(type='RandomFlip', flip_ratio=0.0),
            dict(
                type='Normalize',
                mean=[127.5, 127.5, 127.5],
                std=[128.0, 128.0, 128.0],
                to_rgb=True),
            dict(type='Pad', size=(640, 640), pad_val=0),
            dict(type='ImageToTensor', keys=['img']),
            dict(type='Collect', keys=['img'])
        ])
]
data = dict(
    samples_per_gpu=32,
    workers_per_gpu=16,
    train=dict(
        type='RetinaFaceDataset',
        ann_file='data/mix_ds/train_Z2.txt',
        img_prefix='data/mix_ds/images/',
        pipeline=[
            dict(type='LoadImageFromFile', to_float32=True),
            dict(type='LoadAnnotations', with_bbox=True, with_keypoints=True),
            dict(
                type='RandomSquareCrop',
                crop_choice=[0.3, 0.45, 0.6, 0.8, 1.0, 1.2],
                bbox_clip_border=False),
            dict(
                type='Resize',
                img_scale=(640, 640),
                keep_ratio=False,
                bbox_clip_border=False),
            dict(type='RandomFlip', flip_ratio=0.5),
            dict(
                type='PhotoMetricDistortion',
                brightness_delta=32,
                contrast_range=(0.5, 1.5),
                saturation_range=(0.5, 1.5),
                hue_delta=18),
            dict(
                type='Normalize',
                mean=[127.5, 127.5, 127.5],
                std=[128.0, 128.0, 128.0],
                to_rgb=True),
            dict(type='DefaultFormatBundle'),
            dict(
                type='Collect',
                keys=[
                    'img', 'gt_bboxes', 'gt_labels', 'gt_bboxes_ignore',
                    'gt_keypointss'
                ])
        ]),
    val=dict(
        type='RetinaFaceDataset',
        ann_file='/data/liangzhenghao/face_pii/raw_ds/val/labelv2.txt',
        img_prefix='/data/liangzhenghao/face_pii/raw_ds/images/',
        pipeline=[
            dict(type='LoadImageFromFile'),
            dict(
                type='MultiScaleFlipAug',
                img_scale=(640, 640),
                flip=False,
                transforms=[
                    dict(type='Resize', keep_ratio=True),
                    dict(type='RandomFlip', flip_ratio=0.0),
                    dict(
                        type='Normalize',
                        mean=[127.5, 127.5, 127.5],
                        std=[128.0, 128.0, 128.0],
                        to_rgb=True),
                    dict(type='Pad', size=(640, 640), pad_val=0),
                    dict(type='ImageToTensor', keys=['img']),
                    dict(type='Collect', keys=['img'])
                ])
        ]),
    test=dict(
        type='RetinaFaceDataset',
        ann_file='/data/liangzhenghao/face_pii/raw_ds/val/labelv2.txt',
        img_prefix='/data/liangzhenghao/face_pii/raw_ds/images/',
        pipeline=[
            dict(type='LoadImageFromFile'),
            dict(
                type='MultiScaleFlipAug',
                img_scale=(640, 640),
                flip=False,
                transforms=[
                    dict(type='Resize', keep_ratio=True),
                    dict(type='RandomFlip', flip_ratio=0.0),
                    dict(
                        type='Normalize',
                        mean=[127.5, 127.5, 127.5],
                        std=[128.0, 128.0, 128.0],
                        to_rgb=True),
                    dict(type='Pad', size=(640, 640), pad_val=0),
                    dict(type='ImageToTensor', keys=['img']),
                    dict(type='Collect', keys=['img'])
                ])
        ]))
model = dict(
    type='SCRFD',
    backbone=dict(
        type='ResNetV1e',
        depth=0,
        block_cfg=dict(
            block='BasicBlock',
            stage_blocks=(3, 4, 2, 3),
            stage_planes=[56, 88, 88, 224]),
        base_channels=56,
        num_stages=4,
        out_indices=(0, 1, 2, 3),
        norm_cfg=dict(type='BN', requires_grad=True),
        norm_eval=False,
        style='pytorch'),
    neck=dict(
        type='PAFPN',
        in_channels=[56, 88, 88, 224],
        out_channels=56,
        start_level=1,
        add_extra_convs='on_output',
        num_outs=3),
    bbox_head=dict(
        type='SCRFDHead',
        num_classes=1,
        in_channels=56,
        stacked_convs=3,
        feat_channels=80,
        norm_cfg=dict(type='BN', requires_grad=True),
        cls_reg_share=True,
        strides_share=False,
        scale_mode=2,
        anchor_generator=dict(
            type='AnchorGenerator',
            ratios=[1.0],
            scales=[1, 2],
            base_sizes=[16, 64, 256],
            strides=[8, 16, 32]),
        loss_cls=dict(
            type='QualityFocalLoss',
            use_sigmoid=True,
            beta=2.0,
            loss_weight=1.0),
        loss_dfl=False,
        reg_max=8,
        loss_bbox=dict(type='DIoULoss', loss_weight=2.0),
        use_kps=True,
        loss_kps=dict(
            type='SmoothL1Loss', beta=0.1111111111111111, loss_weight=0.1),
        train_cfg=dict(
            assigner=dict(type='ATSSAssigner', topk=9, ignore_iof_thr=0.5),
            allowed_border=-1,
            pos_weight=-1,
            debug=False,
            neg_weight_zero_prefix='/pii',
            neg_weight_full_substrings=['BTJPSP', 'NQYJPB'],
            neg_weight_pii=0.5,
            qscore='one'),
        test_cfg=dict(
            nms_pre=-1,
            min_bbox_size=0,
            score_thr=0.02,
            nms=dict(type='nms', iou_threshold=0.45),
            max_per_img=-1)))
train_cfg = dict(
    assigner=dict(type='ATSSAssigner', topk=9, ignore_iof_thr=0.5),
    allowed_border=-1,
    pos_weight=-1,
    debug=False,
    neg_weight_zero_prefix='/pii',
    neg_weight_full_substrings=['BTJPSP', 'NQYJPB'],
    neg_weight_pii=0.5,
    qscore='one')
test_cfg = dict(
    nms_pre=-1,
    min_bbox_size=0,
    score_thr=0.02,
    nms=dict(type='nms', iou_threshold=0.45),
    max_per_img=-1)
epoch_multi = 1
evaluation = dict(interval=10000, metric='mAP')
_r = '/data/liangzhenghao/face_pii/raw_ds/'
_m = 'data/mix_ds/'
_assigner = dict(type='ATSSAssigner', topk=9, ignore_iof_thr=0.5)
work_dir = '/data/esteban/pii/runs/train/wd_armAD'
gpu_ids = range(0, 2)

2026-09-13 02:06:27,037 - mmdet - INFO - load checkpoint from local path: /data/esteban/pii/weights/armW_epoch_20.pth
2026-09-13 02:06:27,100 - mmdet - INFO - Start running, host: root@iZuf68ekjca1catfdkq4g9Z, work_dir: /data/esteban/pii/runs/train/wd_armAD
2026-09-13 02:06:27,100 - mmdet - INFO - Hooks will be executed in the following order:
before_run:
(VERY_HIGH   ) StepLrUpdaterHook                  
(NORMAL      ) CheckpointHook                     
(VERY_LOW    ) TextLoggerHook                     
 -------------------- 
before_train_epoch:
(VERY_HIGH   ) StepLrUpdaterHook                  
(NORMAL      ) DistSamplerSeedHook                
(LOW         ) IterTimerHook                      
(VERY_LOW    ) TextLoggerHook                     
 -------------------- 
before_train_iter:
(VERY_HIGH   ) StepLrUpdaterHook                  
(LOW         ) IterTimerHook                      
 -------------------- 
after_train_iter:
(ABOVE_NORMAL) OptimizerHook                      
(NORMAL      ) CheckpointHook                     
(LOW         ) IterTimerHook                      
(VERY_LOW    ) TextLoggerHook                     
 -------------------- 
after_train_epoch:
(NORMAL      ) CheckpointHook                     
(VERY_LOW    ) TextLoggerHook                     
 -------------------- 
before_val_epoch:
(NORMAL      ) DistSamplerSeedHook                
(LOW         ) IterTimerHook                      
(VERY_LOW    ) TextLoggerHook                     
 -------------------- 
before_val_iter:
(LOW         ) IterTimerHook                      
 -------------------- 
after_val_iter:
(LOW         ) IterTimerHook                      
 -------------------- 
after_val_epoch:
(VERY_LOW    ) TextLoggerHook                     
 -------------------- 
after_run:
(VERY_LOW    ) TextLoggerHook                     
 -------------------- 
2026-09-13 02:06:27,100 - mmdet - INFO - workflow: [('train', 1)], max: 20 epochs
2026-09-13 02:06:27,100 - mmdet - INFO - Checkpoints will be saved to /data/esteban/pii/runs/train/wd_armAD by HardDiskBackend.
2026-09-13 02:06:46,297 - mmdet - INFO - Epoch [1][50/2182]	lr: 9.890e-05, eta: 4:37:53, time: 0.383, data_time: 0.139, memory: 7986, loss_cls: 0.5937, loss_bbox: 0.4067, loss_kps: 0.0000, loss: 1.0004
2026-09-13 02:06:58,485 - mmdet - INFO - Epoch [1][100/2182]	lr: 1.988e-04, eta: 3:47:13, time: 0.244, data_time: 0.043, memory: 7986, loss_cls: 0.5580, loss_bbox: 0.3997, loss_kps: 0.0000, loss: 0.9577
2026-09-13 02:07:09,853 - mmdet - INFO - Epoch [1][150/2182]	lr: 2.987e-04, eta: 3:26:14, time: 0.227, data_time: 0.034, memory: 7986, loss_cls: 0.5597, loss_bbox: 0.3912, loss_kps: 0.0000, loss: 0.9509
2026-09-13 02:07:21,174 - mmdet - INFO - Epoch [1][200/2182]	lr: 3.986e-04, eta: 3:15:29, time: 0.226, data_time: 0.034, memory: 7986, loss_cls: 0.5518, loss_bbox: 0.4058, loss_kps: 0.0000, loss: 0.9576
2026-09-13 02:07:32,577 - mmdet - INFO - Epoch [1][250/2182]	lr: 4.985e-04, eta: 3:09:11, time: 0.228, data_time: 0.034, memory: 7986, loss_cls: 0.5411, loss_bbox: 0.4022, loss_kps: 0.0000, loss: 0.9432
2026-09-13 02:07:44,280 - mmdet - INFO - Epoch [1][300/2182]	lr: 5.984e-04, eta: 3:05:40, time: 0.234, data_time: 0.035, memory: 7986, loss_cls: 0.5227, loss_bbox: 0.4056, loss_kps: 0.0000, loss: 0.9284
2026-09-13 02:07:56,006 - mmdet - INFO - Epoch [1][350/2182]	lr: 6.983e-04, eta: 3:03:07, time: 0.234, data_time: 0.036, memory: 7986, loss_cls: 0.5182, loss_bbox: 0.3902, loss_kps: 0.0000, loss: 0.9084
2026-09-13 02:08:07,365 - mmdet - INFO - Epoch [1][400/2182]	lr: 7.982e-04, eta: 3:00:30, time: 0.227, data_time: 0.034, memory: 7986, loss_cls: 0.5537, loss_bbox: 0.4150, loss_kps: 0.0000, loss: 0.9687
2026-09-13 02:08:18,791 - mmdet - INFO - Epoch [1][450/2182]	lr: 8.981e-04, eta: 2:58:32, time: 0.228, data_time: 0.033, memory: 7986, loss_cls: 0.5580, loss_bbox: 0.4152, loss_kps: 0.0000, loss: 0.9732
2026-09-13 02:08:30,499 - mmdet - INFO - Epoch [1][500/2182]	lr: 9.980e-04, eta: 2:57:19, time: 0.234, data_time: 0.035, memory: 7986, loss_cls: 0.5540, loss_bbox: 0.4218, loss_kps: 0.0000, loss: 0.9758
2026-09-13 02:08:41,917 - mmdet - INFO - Epoch [1][550/2182]	lr: 1.000e-03, eta: 2:55:56, time: 0.229, data_time: 0.034, memory: 7986, loss_cls: 0.5622, loss_bbox: 0.4233, loss_kps: 0.0000, loss: 0.9855
2026-09-13 02:08:53,392 - mmdet - INFO - Epoch [1][600/2182]	lr: 1.000e-03, eta: 2:54:48, time: 0.229, data_time: 0.034, memory: 7986, loss_cls: 0.5494, loss_bbox: 0.4068, loss_kps: 0.0000, loss: 0.9562
2026-09-13 02:09:04,868 - mmdet - INFO - Epoch [1][650/2182]	lr: 1.000e-03, eta: 2:53:49, time: 0.229, data_time: 0.036, memory: 7986, loss_cls: 0.5673, loss_bbox: 0.4171, loss_kps: 0.0000, loss: 0.9845
2026-09-13 02:09:16,805 - mmdet - INFO - Epoch [1][700/2182]	lr: 1.000e-03, eta: 2:53:25, time: 0.239, data_time: 0.040, memory: 7986, loss_cls: 0.5289, loss_bbox: 0.4051, loss_kps: 0.0000, loss: 0.9339
2026-09-13 02:09:28,161 - mmdet - INFO - Epoch [1][750/2182]	lr: 1.000e-03, eta: 2:52:29, time: 0.227, data_time: 0.034, memory: 7986, loss_cls: 0.5438, loss_bbox: 0.4134, loss_kps: 0.0000, loss: 0.9571
2026-09-13 02:09:39,581 - mmdet - INFO - Epoch [1][800/2182]	lr: 1.000e-03, eta: 2:51:43, time: 0.228, data_time: 0.035, memory: 7986, loss_cls: 0.5477, loss_bbox: 0.3999, loss_kps: 0.0000, loss: 0.9475
2026-09-13 02:09:51,357 - mmdet - INFO - Epoch [1][850/2182]	lr: 1.000e-03, eta: 2:51:18, time: 0.235, data_time: 0.035, memory: 7986, loss_cls: 0.5669, loss_bbox: 0.4139, loss_kps: 0.0000, loss: 0.9808
2026-09-13 02:10:03,099 - mmdet - INFO - Epoch [1][900/2182]	lr: 1.000e-03, eta: 2:50:54, time: 0.235, data_time: 0.038, memory: 7986, loss_cls: 0.5440, loss_bbox: 0.4148, loss_kps: 0.0000, loss: 0.9588
2026-09-13 02:10:14,402 - mmdet - INFO - Epoch [1][950/2182]	lr: 1.000e-03, eta: 2:50:10, time: 0.226, data_time: 0.033, memory: 7986, loss_cls: 0.5408, loss_bbox: 0.4248, loss_kps: 0.0000, loss: 0.9656
2026-09-13 02:10:26,041 - mmdet - INFO - Exp name: scrfd_armAD.py
2026-09-13 02:10:26,041 - mmdet - INFO - Epoch [1][1000/2182]	lr: 1.000e-03, eta: 2:49:44, time: 0.233, data_time: 0.035, memory: 7986, loss_cls: 0.5268, loss_bbox: 0.4009, loss_kps: 0.0000, loss: 0.9277
2026-09-13 02:10:37,567 - mmdet - INFO - Epoch [1][1050/2182]	lr: 1.000e-03, eta: 2:49:16, time: 0.231, data_time: 0.035, memory: 7986, loss_cls: 0.5315, loss_bbox: 0.4124, loss_kps: 0.0000, loss: 0.9439
2026-09-13 02:10:49,320 - mmdet - INFO - Epoch [1][1100/2182]	lr: 1.000e-03, eta: 2:48:57, time: 0.235, data_time: 0.037, memory: 7986, loss_cls: 0.5251, loss_bbox: 0.4002, loss_kps: 0.0000, loss: 0.9253
2026-09-13 02:11:00,632 - mmdet - INFO - Epoch [1][1150/2182]	lr: 1.000e-03, eta: 2:48:23, time: 0.226, data_time: 0.034, memory: 7986, loss_cls: 0.5229, loss_bbox: 0.4161, loss_kps: 0.0000, loss: 0.9390
2026-09-13 02:11:12,022 - mmdet - INFO - Epoch [1][1200/2182]	lr: 1.000e-03, eta: 2:47:54, time: 0.228, data_time: 0.035, memory: 7986, loss_cls: 0.5450, loss_bbox: 0.4188, loss_kps: 0.0000, loss: 0.9638
2026-09-13 02:11:23,427 - mmdet - INFO - Epoch [1][1250/2182]	lr: 1.000e-03, eta: 2:47:26, time: 0.228, data_time: 0.034, memory: 7986, loss_cls: 0.5174, loss_bbox: 0.4164, loss_kps: 0.0000, loss: 0.9339
2026-09-13 02:11:34,900 - mmdet - INFO - Epoch [1][1300/2182]	lr: 1.000e-03, eta: 2:47:02, time: 0.229, data_time: 0.034, memory: 7986, loss_cls: 0.5360, loss_bbox: 0.4165, loss_kps: 0.0000, loss: 0.9525
2026-09-13 02:11:46,485 - mmdet - INFO - Epoch [1][1350/2182]	lr: 1.000e-03, eta: 2:46:42, time: 0.232, data_time: 0.034, memory: 7986, loss_cls: 0.5396, loss_bbox: 0.4116, loss_kps: 0.0000, loss: 0.9512
2026-09-13 02:11:58,382 - mmdet - INFO - Epoch [1][1400/2182]	lr: 1.000e-03, eta: 2:46:32, time: 0.238, data_time: 0.040, memory: 7986, loss_cls: 0.4938, loss_bbox: 0.4028, loss_kps: 0.0000, loss: 0.8966
2026-09-13 02:12:09,916 - mmdet - INFO - Epoch [1][1450/2182]	lr: 1.000e-03, eta: 2:46:12, time: 0.231, data_time: 0.035, memory: 7986, loss_cls: 0.5494, loss_bbox: 0.4179, loss_kps: 0.0000, loss: 0.9673
2026-09-13 02:12:21,435 - mmdet - INFO - Epoch [1][1500/2182]	lr: 1.000e-03, eta: 2:45:52, time: 0.230, data_time: 0.036, memory: 7986, loss_cls: 0.5132, loss_bbox: 0.4057, loss_kps: 0.0000, loss: 0.9189
2026-09-13 02:12:33,003 - mmdet - INFO - Epoch [1][1550/2182]	lr: 1.000e-03, eta: 2:45:33, time: 0.231, data_time: 0.035, memory: 7986, loss_cls: 0.5194, loss_bbox: 0.3998, loss_kps: 0.0000, loss: 0.9192
2026-09-13 02:12:44,911 - mmdet - INFO - Epoch [1][1600/2182]	lr: 1.000e-03, eta: 2:45:24, time: 0.238, data_time: 0.036, memory: 7986, loss_cls: 0.5322, loss_bbox: 0.4175, loss_kps: 0.0000, loss: 0.9497
2026-09-13 02:12:57,133 - mmdet - INFO - Epoch [1][1650/2182]	lr: 1.000e-03, eta: 2:45:23, time: 0.244, data_time: 0.039, memory: 7986, loss_cls: 0.5347, loss_bbox: 0.4218, loss_kps: 0.0000, loss: 0.9566
2026-09-13 02:13:09,227 - mmdet - INFO - Epoch [1][1700/2182]	lr: 1.000e-03, eta: 2:45:18, time: 0.242, data_time: 0.036, memory: 7986, loss_cls: 0.5233, loss_bbox: 0.4084, loss_kps: 0.0000, loss: 0.9316
2026-09-13 02:13:21,433 - mmdet - INFO - Epoch [1][1750/2182]	lr: 1.000e-03, eta: 2:45:16, time: 0.244, data_time: 0.036, memory: 7986, loss_cls: 0.5049, loss_bbox: 0.4013, loss_kps: 0.0000, loss: 0.9061
2026-09-13 02:13:33,413 - mmdet - INFO - Epoch [1][1800/2182]	lr: 1.000e-03, eta: 2:45:07, time: 0.240, data_time: 0.034, memory: 7986, loss_cls: 0.5371, loss_bbox: 0.4167, loss_kps: 0.0000, loss: 0.9537
2026-09-13 02:13:45,404 - mmdet - INFO - Epoch [1][1850/2182]	lr: 1.000e-03, eta: 2:44:59, time: 0.240, data_time: 0.036, memory: 7986, loss_cls: 0.5104, loss_bbox: 0.4050, loss_kps: 0.0000, loss: 0.9154
2026-09-13 02:13:57,359 - mmdet - INFO - Epoch [1][1900/2182]	lr: 1.000e-03, eta: 2:44:49, time: 0.239, data_time: 0.036, memory: 7986, loss_cls: 0.5045, loss_bbox: 0.4067, loss_kps: 0.0000, loss: 0.9111
2026-09-13 02:14:09,179 - mmdet - INFO - Epoch [1][1950/2182]	lr: 1.000e-03, eta: 2:44:37, time: 0.236, data_time: 0.036, memory: 7986, loss_cls: 0.5227, loss_bbox: 0.4029, loss_kps: 0.0000, loss: 0.9256
2026-09-13 02:14:21,230 - mmdet - INFO - Exp name: scrfd_armAD.py
2026-09-13 02:14:21,230 - mmdet - INFO - Epoch [1][2000/2182]	lr: 1.000e-03, eta: 2:44:29, time: 0.241, data_time: 0.037, memory: 7986, loss_cls: 0.5228, loss_bbox: 0.4048, loss_kps: 0.0000, loss: 0.9276
2026-09-13 02:14:33,186 - mmdet - INFO - Epoch [1][2050/2182]	lr: 1.000e-03, eta: 2:44:19, time: 0.239, data_time: 0.037, memory: 7986, loss_cls: 0.4895, loss_bbox: 0.4046, loss_kps: 0.0000, loss: 0.8941
2026-09-13 02:14:45,177 - mmdet - INFO - Epoch [1][2100/2182]	lr: 1.000e-03, eta: 2:44:10, time: 0.240, data_time: 0.036, memory: 7986, loss_cls: 0.5046, loss_bbox: 0.4099, loss_kps: 0.0000, loss: 0.9145
2026-09-13 02:14:57,868 - mmdet - INFO - Epoch [1][2150/2182]	lr: 1.000e-03, eta: 2:44:15, time: 0.254, data_time: 0.044, memory: 7986, loss_cls: 0.5059, loss_bbox: 0.4050, loss_kps: 0.0000, loss: 0.9109
2026-09-13 02:15:05,032 - mmdet - INFO - Saving checkpoint at 1 epochs
2026-09-13 02:15:23,343 - mmdet - INFO - Epoch [2][50/2182]	lr: 1.000e-03, eta: 2:43:30, time: 0.363, data_time: 0.143, memory: 7986, loss_cls: 0.5278, loss_bbox: 0.4161, loss_kps: 0.0000, loss: 0.9439
2026-09-13 02:15:35,431 - mmdet - INFO - Epoch [2][100/2182]	lr: 1.000e-03, eta: 2:43:23, time: 0.242, data_time: 0.037, memory: 7986, loss_cls: 0.5086, loss_bbox: 0.3961, loss_kps: 0.0000, loss: 0.9047
2026-09-13 02:15:47,090 - mmdet - INFO - Epoch [2][150/2182]	lr: 1.000e-03, eta: 2:43:07, time: 0.233, data_time: 0.034, memory: 7986, loss_cls: 0.5118, loss_bbox: 0.4009, loss_kps: 0.0000, loss: 0.9127
2026-09-13 02:15:58,730 - mmdet - INFO - Epoch [2][200/2182]	lr: 1.000e-03, eta: 2:42:52, time: 0.233, data_time: 0.034, memory: 7986, loss_cls: 0.5174, loss_bbox: 0.4067, loss_kps: 0.0000, loss: 0.9240
2026-09-13 02:16:10,314 - mmdet - INFO - Epoch [2][250/2182]	lr: 1.000e-03, eta: 2:42:36, time: 0.232, data_time: 0.034, memory: 7986, loss_cls: 0.5014, loss_bbox: 0.4062, loss_kps: 0.0000, loss: 0.9076
2026-09-13 02:16:22,005 - mmdet - INFO - Epoch [2][300/2182]	lr: 1.000e-03, eta: 2:42:21, time: 0.234, data_time: 0.034, memory: 7986, loss_cls: 0.5260, loss_bbox: 0.4079, loss_kps: 0.0000, loss: 0.9339
2026-09-13 02:16:33,661 - mmdet - INFO - Epoch [2][350/2182]	lr: 1.000e-03, eta: 2:42:07, time: 0.233, data_time: 0.034, memory: 7986, loss_cls: 0.5250, loss_bbox: 0.4103, loss_kps: 0.0000, loss: 0.9353
2026-09-13 02:16:45,433 - mmdet - INFO - Epoch [2][400/2182]	lr: 1.000e-03, eta: 2:41:54, time: 0.235, data_time: 0.036, memory: 7986, loss_cls: 0.4895, loss_bbox: 0.3964, loss_kps: 0.0000, loss: 0.8859
2026-09-13 02:16:57,304 - mmdet - INFO - Epoch [2][450/2182]	lr: 1.000e-03, eta: 2:41:43, time: 0.237, data_time: 0.037, memory: 7986, loss_cls: 0.5245, loss_bbox: 0.3987, loss_kps: 0.0000, loss: 0.9233
2026-09-13 02:17:09,169 - mmdet - INFO - Epoch [2][500/2182]	lr: 1.000e-03, eta: 2:41:31, time: 0.237, data_time: 0.034, memory: 7986, loss_cls: 0.5020, loss_bbox: 0.4059, loss_kps: 0.0000, loss: 0.9079
2026-09-13 02:17:21,108 - mmdet - INFO - Epoch [2][550/2182]	lr: 1.000e-03, eta: 2:41:21, time: 0.239, data_time: 0.034, memory: 7986, loss_cls: 0.5089, loss_bbox: 0.3972, loss_kps: 0.0000, loss: 0.9062
2026-09-13 02:17:32,913 - mmdet - INFO - Epoch [2][600/2182]	lr: 1.000e-03, eta: 2:41:09, time: 0.236, data_time: 0.034, memory: 7986, loss_cls: 0.5041, loss_bbox: 0.4015, loss_kps: 0.0000, loss: 0.9055
2026-09-13 02:17:45,052 - mmdet - INFO - Epoch [2][650/2182]	lr: 1.000e-03, eta: 2:41:02, time: 0.243, data_time: 0.041, memory: 7986, loss_cls: 0.5210, loss_bbox: 0.4131, loss_kps: 0.0000, loss: 0.9340
2026-09-13 02:17:56,936 - mmdet - INFO - Epoch [2][700/2182]	lr: 1.000e-03, eta: 2:40:50, time: 0.238, data_time: 0.035, memory: 7986, loss_cls: 0.5187, loss_bbox: 0.4119, loss_kps: 0.0000, loss: 0.9306
2026-09-13 02:18:08,848 - mmdet - INFO - Epoch [2][750/2182]	lr: 1.000e-03, eta: 2:40:39, time: 0.238, data_time: 0.034, memory: 7986, loss_cls: 0.5038, loss_bbox: 0.4028, loss_kps: 0.0000, loss: 0.9067
2026-09-13 02:18:20,576 - mmdet - INFO - Epoch [2][800/2182]	lr: 1.000e-03, eta: 2:40:26, time: 0.235, data_time: 0.036, memory: 7986, loss_cls: 0.5020, loss_bbox: 0.4130, loss_kps: 0.0000, loss: 0.9150
2026-09-13 02:18:32,519 - mmdet - INFO - Epoch [2][850/2182]	lr: 1.000e-03, eta: 2:40:16, time: 0.239, data_time: 0.033, memory: 7986, loss_cls: 0.4909, loss_bbox: 0.3968, loss_kps: 0.0000, loss: 0.8877
2026-09-13 02:18:44,278 - mmdet - INFO - Epoch [2][900/2182]	lr: 1.000e-03, eta: 2:40:03, time: 0.235, data_time: 0.033, memory: 7986, loss_cls: 0.5326, loss_bbox: 0.4129, loss_kps: 0.0000, loss: 0.9455
2026-09-13 02:18:56,168 - mmdet - INFO - Epoch [2][950/2182]	lr: 1.000e-03, eta: 2:39:52, time: 0.238, data_time: 0.033, memory: 7986, loss_cls: 0.5079, loss_bbox: 0.3981, loss_kps: 0.0000, loss: 0.9060
2026-09-13 02:19:08,121 - mmdet - INFO - Epoch [2][1000/2182]	lr: 1.000e-03, eta: 2:39:41, time: 0.239, data_time: 0.034, memory: 7986, loss_cls: 0.4811, loss_bbox: 0.3938, loss_kps: 0.0000, loss: 0.8749
2026-09-13 02:19:20,028 - mmdet - INFO - Epoch [2][1050/2182]	lr: 1.000e-03, eta: 2:39:30, time: 0.238, data_time: 0.034, memory: 7986, loss_cls: 0.4772, loss_bbox: 0.3968, loss_kps: 0.0000, loss: 0.8740
2026-09-13 02:19:31,801 - mmdet - INFO - Epoch [2][1100/2182]	lr: 1.000e-03, eta: 2:39:17, time: 0.235, data_time: 0.033, memory: 7986, loss_cls: 0.4822, loss_bbox: 0.3952, loss_kps: 0.0000, loss: 0.8775
2026-09-13 02:19:43,839 - mmdet - INFO - Epoch [2][1150/2182]	lr: 1.000e-03, eta: 2:39:08, time: 0.241, data_time: 0.035, memory: 7986, loss_cls: 0.5053, loss_bbox: 0.3948, loss_kps: 0.0000, loss: 0.9001
2026-09-13 02:19:57,306 - mmdet - INFO - Epoch [2][1200/2182]	lr: 1.000e-03, eta: 2:39:15, time: 0.269, data_time: 0.036, memory: 7986, loss_cls: 0.5068, loss_bbox: 0.4090, loss_kps: 0.0000, loss: 0.9159
2026-09-13 02:20:09,178 - mmdet - INFO - Epoch [2][1250/2182]	lr: 1.000e-03, eta: 2:39:04, time: 0.237, data_time: 0.032, memory: 7986, loss_cls: 0.5317, loss_bbox: 0.4150, loss_kps: 0.0000, loss: 0.9467
2026-09-13 02:20:20,993 - mmdet - INFO - Epoch [2][1300/2182]	lr: 1.000e-03, eta: 2:38:51, time: 0.236, data_time: 0.032, memory: 7986, loss_cls: 0.5019, loss_bbox: 0.4093, loss_kps: 0.0000, loss: 0.9112
2026-09-13 02:20:33,431 - mmdet - INFO - Epoch [2][1350/2182]	lr: 1.000e-03, eta: 2:38:46, time: 0.249, data_time: 0.038, memory: 7986, loss_cls: 0.5060, loss_bbox: 0.3973, loss_kps: 0.0000, loss: 0.9033
2026-09-13 02:20:45,182 - mmdet - INFO - Epoch [2][1400/2182]	lr: 1.000e-03, eta: 2:38:32, time: 0.235, data_time: 0.033, memory: 7986, loss_cls: 0.5128, loss_bbox: 0.4042, loss_kps: 0.0000, loss: 0.9170
2026-09-13 02:20:57,769 - mmdet - INFO - Epoch [2][1450/2182]	lr: 1.000e-03, eta: 2:38:28, time: 0.252, data_time: 0.033, memory: 7986, loss_cls: 0.5030, loss_bbox: 0.4195, loss_kps: 0.0000, loss: 0.9225
2026-09-13 02:21:10,113 - mmdet - INFO - Epoch [2][1500/2182]	lr: 1.000e-03, eta: 2:38:22, time: 0.247, data_time: 0.033, memory: 7986, loss_cls: 0.5082, loss_bbox: 0.4079, loss_kps: 0.0000, loss: 0.9162
2026-09-13 02:21:22,028 - mmdet - INFO - Epoch [2][1550/2182]	lr: 1.000e-03, eta: 2:38:10, time: 0.238, data_time: 0.033, memory: 7986, loss_cls: 0.4945, loss_bbox: 0.3946, loss_kps: 0.0000, loss: 0.8890
2026-09-13 02:21:34,049 - mmdet - INFO - Epoch [2][1600/2182]	lr: 1.000e-03, eta: 2:37:59, time: 0.240, data_time: 0.035, memory: 7986, loss_cls: 0.5011, loss_bbox: 0.4020, loss_kps: 0.0000, loss: 0.9032
2026-09-13 02:21:45,916 - mmdet - INFO - Epoch [2][1650/2182]	lr: 1.000e-03, eta: 2:37:47, time: 0.237, data_time: 0.032, memory: 7986, loss_cls: 0.4829, loss_bbox: 0.4113, loss_kps: 0.0000, loss: 0.8942
2026-09-13 02:21:57,892 - mmdet - INFO - Epoch [2][1700/2182]	lr: 1.000e-03, eta: 2:37:36, time: 0.239, data_time: 0.033, memory: 7986, loss_cls: 0.5028, loss_bbox: 0.4133, loss_kps: 0.0000, loss: 0.9161
2026-09-13 02:22:09,805 - mmdet - INFO - Epoch [2][1750/2182]	lr: 1.000e-03, eta: 2:37:25, time: 0.238, data_time: 0.033, memory: 7986, loss_cls: 0.4818, loss_bbox: 0.3923, loss_kps: 0.0000, loss: 0.8741
2026-09-13 02:22:21,588 - mmdet - INFO - Epoch [2][1800/2182]	lr: 1.000e-03, eta: 2:37:12, time: 0.236, data_time: 0.032, memory: 7986, loss_cls: 0.4988, loss_bbox: 0.3991, loss_kps: 0.0000, loss: 0.8979
2026-09-13 02:22:33,710 - mmdet - INFO - Epoch [2][1850/2182]	lr: 1.000e-03, eta: 2:37:02, time: 0.242, data_time: 0.032, memory: 7986, loss_cls: 0.4922, loss_bbox: 0.4027, loss_kps: 0.0000, loss: 0.8950
2026-09-13 02:22:45,675 - mmdet - INFO - Epoch [2][1900/2182]	lr: 1.000e-03, eta: 2:36:51, time: 0.239, data_time: 0.034, memory: 7986, loss_cls: 0.4855, loss_bbox: 0.3939, loss_kps: 0.0000, loss: 0.8795
2026-09-13 02:22:57,726 - mmdet - INFO - Epoch [2][1950/2182]	lr: 1.000e-03, eta: 2:36:40, time: 0.241, data_time: 0.035, memory: 7986, loss_cls: 0.5083, loss_bbox: 0.4078, loss_kps: 0.0000, loss: 0.9161
2026-09-13 02:23:10,120 - mmdet - INFO - Epoch [2][2000/2182]	lr: 1.000e-03, eta: 2:36:33, time: 0.248, data_time: 0.038, memory: 7986, loss_cls: 0.4902, loss_bbox: 0.3987, loss_kps: 0.0000, loss: 0.8889
2026-09-13 02:23:21,856 - mmdet - INFO - Epoch [2][2050/2182]	lr: 1.000e-03, eta: 2:36:20, time: 0.235, data_time: 0.034, memory: 7986, loss_cls: 0.4871, loss_bbox: 0.4018, loss_kps: 0.0000, loss: 0.8890
2026-09-13 02:23:33,685 - mmdet - INFO - Epoch [2][2100/2182]	lr: 1.000e-03, eta: 2:36:07, time: 0.237, data_time: 0.035, memory: 7986, loss_cls: 0.5044, loss_bbox: 0.3957, loss_kps: 0.0000, loss: 0.9001
2026-09-13 02:23:45,438 - mmdet - INFO - Epoch [2][2150/2182]	lr: 1.000e-03, eta: 2:35:54, time: 0.235, data_time: 0.035, memory: 7986, loss_cls: 0.4954, loss_bbox: 0.3944, loss_kps: 0.0000, loss: 0.8897
2026-09-13 02:23:52,645 - mmdet - INFO - Saving checkpoint at 2 epochs
2026-09-13 02:24:10,734 - mmdet - INFO - Epoch [3][50/2182]	lr: 1.000e-03, eta: 2:35:20, time: 0.358, data_time: 0.139, memory: 7986, loss_cls: 0.4817, loss_bbox: 0.3910, loss_kps: 0.0000, loss: 0.8727
2026-09-13 02:24:22,738 - mmdet - INFO - Epoch [3][100/2182]	lr: 1.000e-03, eta: 2:35:09, time: 0.240, data_time: 0.034, memory: 7986, loss_cls: 0.5002, loss_bbox: 0.4007, loss_kps: 0.0000, loss: 0.9009
2026-09-13 02:24:34,514 - mmdet - INFO - Epoch [3][150/2182]	lr: 1.000e-03, eta: 2:34:56, time: 0.235, data_time: 0.032, memory: 7986, loss_cls: 0.4822, loss_bbox: 0.3888, loss_kps: 0.0000, loss: 0.8710
2026-09-13 02:24:46,258 - mmdet - INFO - Epoch [3][200/2182]	lr: 1.000e-03, eta: 2:34:43, time: 0.235, data_time: 0.034, memory: 7986, loss_cls: 0.4903, loss_bbox: 0.3906, loss_kps: 0.0000, loss: 0.8809
2026-09-13 02:24:58,253 - mmdet - INFO - Epoch [3][250/2182]	lr: 1.000e-03, eta: 2:34:32, time: 0.240, data_time: 0.033, memory: 7986, loss_cls: 0.4879, loss_bbox: 0.3988, loss_kps: 0.0000, loss: 0.8867
2026-09-13 02:25:10,296 - mmdet - INFO - Epoch [3][300/2182]	lr: 1.000e-03, eta: 2:34:22, time: 0.241, data_time: 0.034, memory: 7986, loss_cls: 0.5222, loss_bbox: 0.4092, loss_kps: 0.0000, loss: 0.9314
2026-09-13 02:25:22,084 - mmdet - INFO - Epoch [3][350/2182]	lr: 1.000e-03, eta: 2:34:09, time: 0.236, data_time: 0.033, memory: 7986, loss_cls: 0.5184, loss_bbox: 0.4091, loss_kps: 0.0000, loss: 0.9275
2026-09-13 02:25:33,961 - mmdet - INFO - Epoch [3][400/2182]	lr: 1.000e-03, eta: 2:33:57, time: 0.238, data_time: 0.034, memory: 7986, loss_cls: 0.5030, loss_bbox: 0.3962, loss_kps: 0.0000, loss: 0.8992
2026-09-13 02:25:46,357 - mmdet - INFO - Epoch [3][450/2182]	lr: 1.000e-03, eta: 2:33:50, time: 0.248, data_time: 0.043, memory: 7986, loss_cls: 0.4893, loss_bbox: 0.3922, loss_kps: 0.0000, loss: 0.8815
2026-09-13 02:25:58,722 - mmdet - INFO - Epoch [3][500/2182]	lr: 1.000e-03, eta: 2:33:42, time: 0.247, data_time: 0.035, memory: 7986, loss_cls: 0.5004, loss_bbox: 0.3951, loss_kps: 0.0000, loss: 0.8955
2026-09-13 02:26:10,681 - mmdet - INFO - Epoch [3][550/2182]	lr: 1.000e-03, eta: 2:33:30, time: 0.239, data_time: 0.034, memory: 7986, loss_cls: 0.4864, loss_bbox: 0.3932, loss_kps: 0.0000, loss: 0.8796
2026-09-13 02:26:22,441 - mmdet - INFO - Epoch [3][600/2182]	lr: 1.000e-03, eta: 2:33:17, time: 0.235, data_time: 0.033, memory: 7986, loss_cls: 0.5085, loss_bbox: 0.4110, loss_kps: 0.0000, loss: 0.9195
2026-09-13 02:26:34,233 - mmdet - INFO - Epoch [3][650/2182]	lr: 1.000e-03, eta: 2:33:05, time: 0.236, data_time: 0.034, memory: 7986, loss_cls: 0.4886, loss_bbox: 0.4019, loss_kps: 0.0000, loss: 0.8904
2026-09-13 02:26:46,134 - mmdet - INFO - Epoch [3][700/2182]	lr: 1.000e-03, eta: 2:32:53, time: 0.238, data_time: 0.034, memory: 7986, loss_cls: 0.4801, loss_bbox: 0.3947, loss_kps: 0.0000, loss: 0.8748
2026-09-13 02:26:58,116 - mmdet - INFO - Epoch [3][750/2182]	lr: 1.000e-03, eta: 2:32:42, time: 0.240, data_time: 0.034, memory: 7986, loss_cls: 0.5171, loss_bbox: 0.3973, loss_kps: 0.0000, loss: 0.9143
2026-09-13 02:27:10,092 - mmdet - INFO - Epoch [3][800/2182]	lr: 1.000e-03, eta: 2:32:30, time: 0.240, data_time: 0.036, memory: 7986, loss_cls: 0.5048, loss_bbox: 0.4034, loss_kps: 0.0000, loss: 0.9081
2026-09-13 02:27:21,802 - mmdet - INFO - Epoch [3][850/2182]	lr: 1.000e-03, eta: 2:32:17, time: 0.234, data_time: 0.033, memory: 7986, loss_cls: 0.4948, loss_bbox: 0.4059, loss_kps: 0.0000, loss: 0.9007
2026-09-13 02:27:33,836 - mmdet - INFO - Epoch [3][900/2182]	lr: 1.000e-03, eta: 2:32:06, time: 0.241, data_time: 0.037, memory: 7986, loss_cls: 0.4827, loss_bbox: 0.4176, loss_kps: 0.0000, loss: 0.9003
2026-09-13 02:27:45,849 - mmdet - INFO - Epoch [3][950/2182]	lr: 1.000e-03, eta: 2:31:55, time: 0.240, data_time: 0.037, memory: 7986, loss_cls: 0.5105, loss_bbox: 0.4039, loss_kps: 0.0000, loss: 0.9144
2026-09-13 02:27:57,767 - mmdet - INFO - Epoch [3][1000/2182]	lr: 1.000e-03, eta: 2:31:44, time: 0.238, data_time: 0.035, memory: 7986, loss_cls: 0.4930, loss_bbox: 0.3989, loss_kps: 0.0000, loss: 0.8919
2026-09-13 02:28:09,484 - mmdet - INFO - Epoch [3][1050/2182]	lr: 1.000e-03, eta: 2:31:30, time: 0.234, data_time: 0.033, memory: 7986, loss_cls: 0.4956, loss_bbox: 0.3982, loss_kps: 0.0000, loss: 0.8938
2026-09-13 02:28:21,935 - mmdet - INFO - Epoch [3][1100/2182]	lr: 1.000e-03, eta: 2:31:22, time: 0.249, data_time: 0.043, memory: 7986, loss_cls: 0.4800, loss_bbox: 0.3955, loss_kps: 0.0000, loss: 0.8755
2026-09-13 02:28:34,195 - mmdet - INFO - Epoch [3][1150/2182]	lr: 1.000e-03, eta: 2:31:13, time: 0.245, data_time: 0.037, memory: 7986, loss_cls: 0.4930, loss_bbox: 0.3969, loss_kps: 0.0000, loss: 0.8899
2026-09-13 02:28:45,832 - mmdet - INFO - Epoch [3][1200/2182]	lr: 1.000e-03, eta: 2:30:59, time: 0.233, data_time: 0.034, memory: 7986, loss_cls: 0.4778, loss_bbox: 0.3924, loss_kps: 0.0000, loss: 0.8702
2026-09-13 02:28:57,574 - mmdet - INFO - Epoch [3][1250/2182]	lr: 1.000e-03, eta: 2:30:46, time: 0.235, data_time: 0.036, memory: 7986, loss_cls: 0.4955, loss_bbox: 0.4064, loss_kps: 0.0000, loss: 0.9019
2026-09-13 02:29:09,275 - mmdet - INFO - Epoch [3][1300/2182]	lr: 1.000e-03, eta: 2:30:33, time: 0.234, data_time: 0.035, memory: 7986, loss_cls: 0.4793, loss_bbox: 0.4027, loss_kps: 0.0000, loss: 0.8819
2026-09-13 02:29:20,856 - mmdet - INFO - Epoch [3][1350/2182]	lr: 1.000e-03, eta: 2:30:19, time: 0.232, data_time: 0.035, memory: 7986, loss_cls: 0.4845, loss_bbox: 0.3943, loss_kps: 0.0000, loss: 0.8787
2026-09-13 02:29:32,674 - mmdet - INFO - Epoch [3][1400/2182]	lr: 1.000e-03, eta: 2:30:07, time: 0.236, data_time: 0.035, memory: 7986, loss_cls: 0.4843, loss_bbox: 0.3972, loss_kps: 0.0000, loss: 0.8815
2026-09-13 02:29:44,415 - mmdet - INFO - Epoch [3][1450/2182]	lr: 1.000e-03, eta: 2:29:54, time: 0.235, data_time: 0.036, memory: 7986, loss_cls: 0.5002, loss_bbox: 0.4000, loss_kps: 0.0000, loss: 0.9002
2026-09-13 02:29:56,231 - mmdet - INFO - Epoch [3][1500/2182]	lr: 1.000e-03, eta: 2:29:42, time: 0.236, data_time: 0.036, memory: 7986, loss_cls: 0.5015, loss_bbox: 0.3951, loss_kps: 0.0000, loss: 0.8966
2026-09-13 02:30:08,182 - mmdet - INFO - Epoch [3][1550/2182]	lr: 1.000e-03, eta: 2:29:30, time: 0.239, data_time: 0.039, memory: 7986, loss_cls: 0.4957, loss_bbox: 0.4080, loss_kps: 0.0000, loss: 0.9036
2026-09-13 02:30:20,040 - mmdet - INFO - Epoch [3][1600/2182]	lr: 1.000e-03, eta: 2:29:18, time: 0.237, data_time: 0.034, memory: 7986, loss_cls: 0.4963, loss_bbox: 0.3968, loss_kps: 0.0000, loss: 0.8931
2026-09-13 02:30:31,859 - mmdet - INFO - Epoch [3][1650/2182]	lr: 1.000e-03, eta: 2:29:06, time: 0.236, data_time: 0.035, memory: 7986, loss_cls: 0.4721, loss_bbox: 0.3876, loss_kps: 0.0000, loss: 0.8598
2026-09-13 02:30:43,663 - mmdet - INFO - Epoch [3][1700/2182]	lr: 1.000e-03, eta: 2:28:53, time: 0.236, data_time: 0.035, memory: 7986, loss_cls: 0.4911, loss_bbox: 0.4055, loss_kps: 0.0000, loss: 0.8966
2026-09-13 02:30:55,451 - mmdet - INFO - Epoch [3][1750/2182]	lr: 1.000e-03, eta: 2:28:41, time: 0.236, data_time: 0.034, memory: 7986, loss_cls: 0.4971, loss_bbox: 0.3985, loss_kps: 0.0000, loss: 0.8956
2026-09-13 02:31:07,864 - mmdet - INFO - Epoch [3][1800/2182]	lr: 1.000e-03, eta: 2:28:32, time: 0.248, data_time: 0.045, memory: 7986, loss_cls: 0.4890, loss_bbox: 0.3923, loss_kps: 0.0000, loss: 0.8813
2026-09-13 02:31:19,977 - mmdet - INFO - Epoch [3][1850/2182]	lr: 1.000e-03, eta: 2:28:22, time: 0.242, data_time: 0.032, memory: 7986, loss_cls: 0.4615, loss_bbox: 0.3942, loss_kps: 0.0000, loss: 0.8557
2026-09-13 02:31:31,562 - mmdet - INFO - Epoch [3][1900/2182]	lr: 1.000e-03, eta: 2:28:08, time: 0.232, data_time: 0.031, memory: 7986, loss_cls: 0.4965, loss_bbox: 0.4051, loss_kps: 0.0000, loss: 0.9017
2026-09-13 02:31:43,183 - mmdet - INFO - Epoch [3][1950/2182]	lr: 1.000e-03, eta: 2:27:54, time: 0.232, data_time: 0.033, memory: 7986, loss_cls: 0.5100, loss_bbox: 0.4097, loss_kps: 0.0000, loss: 0.9197
2026-09-13 02:31:55,019 - mmdet - INFO - Epoch [3][2000/2182]	lr: 1.000e-03, eta: 2:27:42, time: 0.237, data_time: 0.031, memory: 7986, loss_cls: 0.4871, loss_bbox: 0.3944, loss_kps: 0.0000, loss: 0.8815
2026-09-13 02:32:06,806 - mmdet - INFO - Epoch [3][2050/2182]	lr: 1.000e-03, eta: 2:27:30, time: 0.236, data_time: 0.031, memory: 7986, loss_cls: 0.5046, loss_bbox: 0.4011, loss_kps: 0.0000, loss: 0.9056
2026-09-13 02:32:18,432 - mmdet - INFO - Epoch [3][2100/2182]	lr: 1.000e-03, eta: 2:27:16, time: 0.232, data_time: 0.031, memory: 7986, loss_cls: 0.4918, loss_bbox: 0.4030, loss_kps: 0.0000, loss: 0.8948
2026-09-13 02:32:30,087 - mmdet - INFO - Epoch [3][2150/2182]	lr: 1.000e-03, eta: 2:27:03, time: 0.233, data_time: 0.031, memory: 7986, loss_cls: 0.4694, loss_bbox: 0.3961, loss_kps: 0.0000, loss: 0.8656
2026-09-13 02:32:37,250 - mmdet - INFO - Saving checkpoint at 3 epochs
2026-09-13 02:32:55,483 - mmdet - INFO - Epoch [4][50/2182]	lr: 1.000e-03, eta: 2:26:36, time: 0.361, data_time: 0.141, memory: 7986, loss_cls: 0.5008, loss_bbox: 0.3975, loss_kps: 0.0000, loss: 0.8983
2026-09-13 02:33:07,131 - mmdet - INFO - Epoch [4][100/2182]	lr: 1.000e-03, eta: 2:26:22, time: 0.233, data_time: 0.031, memory: 7986, loss_cls: 0.4859, loss_bbox: 0.4024, loss_kps: 0.0000, loss: 0.8884
2026-09-13 02:33:18,839 - mmdet - INFO - Epoch [4][150/2182]	lr: 1.000e-03, eta: 2:26:10, time: 0.234, data_time: 0.031, memory: 7986, loss_cls: 0.4840, loss_bbox: 0.3943, loss_kps: 0.0000, loss: 0.8783
2026-09-13 02:33:30,436 - mmdet - INFO - Epoch [4][200/2182]	lr: 1.000e-03, eta: 2:25:56, time: 0.232, data_time: 0.031, memory: 7986, loss_cls: 0.5074, loss_bbox: 0.3938, loss_kps: 0.0000, loss: 0.9012
2026-09-13 02:33:42,013 - mmdet - INFO - Epoch [4][250/2182]	lr: 1.000e-03, eta: 2:25:43, time: 0.232, data_time: 0.031, memory: 7986, loss_cls: 0.4908, loss_bbox: 0.3949, loss_kps: 0.0000, loss: 0.8857
2026-09-13 02:33:54,460 - mmdet - INFO - Epoch [4][300/2182]	lr: 1.000e-03, eta: 2:25:34, time: 0.249, data_time: 0.040, memory: 7986, loss_cls: 0.4942, loss_bbox: 0.3908, loss_kps: 0.0000, loss: 0.8850
2026-09-13 02:34:06,215 - mmdet - INFO - Epoch [4][350/2182]	lr: 1.000e-03, eta: 2:25:22, time: 0.235, data_time: 0.031, memory: 7986, loss_cls: 0.4840, loss_bbox: 0.4029, loss_kps: 0.0000, loss: 0.8868
2026-09-13 02:34:17,964 - mmdet - INFO - Epoch [4][400/2182]	lr: 1.000e-03, eta: 2:25:09, time: 0.235, data_time: 0.031, memory: 7986, loss_cls: 0.4650, loss_bbox: 0.3981, loss_kps: 0.0000, loss: 0.8631
2026-09-13 02:34:29,938 - mmdet - INFO - Epoch [4][450/2182]	lr: 1.000e-03, eta: 2:24:58, time: 0.240, data_time: 0.035, memory: 7986, loss_cls: 0.4856, loss_bbox: 0.3989, loss_kps: 0.0000, loss: 0.8845
2026-09-13 02:34:41,692 - mmdet - INFO - Epoch [4][500/2182]	lr: 1.000e-03, eta: 2:24:45, time: 0.235, data_time: 0.033, memory: 7986, loss_cls: 0.4813, loss_bbox: 0.4074, loss_kps: 0.0000, loss: 0.8887
2026-09-13 02:34:53,477 - mmdet - INFO - Epoch [4][550/2182]	lr: 1.000e-03, eta: 2:24:33, time: 0.236, data_time: 0.033, memory: 7986, loss_cls: 0.4749, loss_bbox: 0.4032, loss_kps: 0.0000, loss: 0.8781
2026-09-13 02:35:04,964 - mmdet - INFO - Epoch [4][600/2182]	lr: 1.000e-03, eta: 2:24:19, time: 0.230, data_time: 0.029, memory: 7986, loss_cls: 0.4734, loss_bbox: 0.3963, loss_kps: 0.0000, loss: 0.8697
2026-09-13 02:35:16,611 - mmdet - INFO - Epoch [4][650/2182]	lr: 1.000e-03, eta: 2:24:06, time: 0.233, data_time: 0.032, memory: 7986, loss_cls: 0.4628, loss_bbox: 0.3933, loss_kps: 0.0000, loss: 0.8561
2026-09-13 02:35:28,096 - mmdet - INFO - Epoch [4][700/2182]	lr: 1.000e-03, eta: 2:23:53, time: 0.230, data_time: 0.033, memory: 7986, loss_cls: 0.4618, loss_bbox: 0.3837, loss_kps: 0.0000, loss: 0.8455
2026-09-13 02:35:39,559 - mmdet - INFO - Epoch [4][750/2182]	lr: 1.000e-03, eta: 2:23:39, time: 0.229, data_time: 0.032, memory: 7986, loss_cls: 0.4903, loss_bbox: 0.3988, loss_kps: 0.0000, loss: 0.8892
2026-09-13 02:35:51,187 - mmdet - INFO - Epoch [4][800/2182]	lr: 1.000e-03, eta: 2:23:26, time: 0.233, data_time: 0.032, memory: 7986, loss_cls: 0.4827, loss_bbox: 0.4043, loss_kps: 0.0000, loss: 0.8870
2026-09-13 02:36:02,659 - mmdet - INFO - Epoch [4][850/2182]	lr: 1.000e-03, eta: 2:23:12, time: 0.230, data_time: 0.032, memory: 7986, loss_cls: 0.4854, loss_bbox: 0.3884, loss_kps: 0.0000, loss: 0.8738
2026-09-13 02:36:14,193 - mmdet - INFO - Epoch [4][900/2182]	lr: 1.000e-03, eta: 2:22:59, time: 0.231, data_time: 0.031, memory: 7986, loss_cls: 0.4781, loss_bbox: 0.3960, loss_kps: 0.0000, loss: 0.8742
2026-09-13 02:36:25,732 - mmdet - INFO - Epoch [4][950/2182]	lr: 1.000e-03, eta: 2:22:45, time: 0.231, data_time: 0.031, memory: 7986, loss_cls: 0.4744, loss_bbox: 0.3898, loss_kps: 0.0000, loss: 0.8642
2026-09-13 02:36:37,584 - mmdet - INFO - Epoch [4][1000/2182]	lr: 1.000e-03, eta: 2:22:33, time: 0.237, data_time: 0.032, memory: 7986, loss_cls: 0.4755, loss_bbox: 0.3956, loss_kps: 0.0000, loss: 0.8711
2026-09-13 02:36:49,162 - mmdet - INFO - Epoch [4][1050/2182]	lr: 1.000e-03, eta: 2:22:20, time: 0.231, data_time: 0.032, memory: 7986, loss_cls: 0.4876, loss_bbox: 0.3869, loss_kps: 0.0000, loss: 0.8745
2026-09-13 02:37:00,793 - mmdet - INFO - Epoch [4][1100/2182]	lr: 1.000e-03, eta: 2:22:07, time: 0.233, data_time: 0.032, memory: 7986, loss_cls: 0.4747, loss_bbox: 0.3996, loss_kps: 0.0000, loss: 0.8743
2026-09-13 02:37:12,397 - mmdet - INFO - Epoch [4][1150/2182]	lr: 1.000e-03, eta: 2:21:54, time: 0.232, data_time: 0.031, memory: 7986, loss_cls: 0.4781, loss_bbox: 0.3989, loss_kps: 0.0000, loss: 0.8770
2026-09-13 02:37:24,311 - mmdet - INFO - Epoch [4][1200/2182]	lr: 1.000e-03, eta: 2:21:43, time: 0.238, data_time: 0.038, memory: 7986, loss_cls: 0.4977, loss_bbox: 0.4003, loss_kps: 0.0000, loss: 0.8980
2026-09-13 02:37:36,024 - mmdet - INFO - Epoch [4][1250/2182]	lr: 1.000e-03, eta: 2:21:30, time: 0.234, data_time: 0.034, memory: 7986, loss_cls: 0.4781, loss_bbox: 0.3975, loss_kps: 0.0000, loss: 0.8756
2026-09-13 02:37:47,666 - mmdet - INFO - Epoch [4][1300/2182]	lr: 1.000e-03, eta: 2:21:18, time: 0.233, data_time: 0.031, memory: 7986, loss_cls: 0.4589, loss_bbox: 0.3925, loss_kps: 0.0000, loss: 0.8514
2026-09-13 02:37:59,392 - mmdet - INFO - Epoch [4][1350/2182]	lr: 1.000e-03, eta: 2:21:05, time: 0.235, data_time: 0.032, memory: 7986, loss_cls: 0.4777, loss_bbox: 0.3868, loss_kps: 0.0000, loss: 0.8645
2026-09-13 02:38:11,262 - mmdet - INFO - Epoch [4][1400/2182]	lr: 1.000e-03, eta: 2:20:54, time: 0.237, data_time: 0.032, memory: 7986, loss_cls: 0.4825, loss_bbox: 0.3939, loss_kps: 0.0000, loss: 0.8764
2026-09-13 02:38:23,000 - mmdet - INFO - Epoch [4][1450/2182]	lr: 1.000e-03, eta: 2:20:41, time: 0.235, data_time: 0.032, memory: 7986, loss_cls: 0.4849, loss_bbox: 0.4029, loss_kps: 0.0000, loss: 0.8879
2026-09-13 02:38:34,775 - mmdet - INFO - Epoch [4][1500/2182]	lr: 1.000e-03, eta: 2:20:29, time: 0.235, data_time: 0.032, memory: 7986, loss_cls: 0.4946, loss_bbox: 0.3976, loss_kps: 0.0000, loss: 0.8922
2026-09-13 02:38:46,341 - mmdet - INFO - Epoch [4][1550/2182]	lr: 1.000e-03, eta: 2:20:16, time: 0.231, data_time: 0.033, memory: 7986, loss_cls: 0.4818, loss_bbox: 0.3951, loss_kps: 0.0000, loss: 0.8769
2026-09-13 02:38:57,962 - mmdet - INFO - Epoch [4][1600/2182]	lr: 1.000e-03, eta: 2:20:03, time: 0.232, data_time: 0.031, memory: 7986, loss_cls: 0.4855, loss_bbox: 0.4028, loss_kps: 0.0000, loss: 0.8882
2026-09-13 02:39:09,907 - mmdet - INFO - Epoch [4][1650/2182]	lr: 1.000e-03, eta: 2:19:52, time: 0.239, data_time: 0.035, memory: 7986, loss_cls: 0.4689, loss_bbox: 0.3979, loss_kps: 0.0000, loss: 0.8668
2026-09-13 02:39:21,492 - mmdet - INFO - Epoch [4][1700/2182]	lr: 1.000e-03, eta: 2:19:39, time: 0.232, data_time: 0.033, memory: 7986, loss_cls: 0.4786, loss_bbox: 0.4002, loss_kps: 0.0000, loss: 0.8788
2026-09-13 02:39:33,344 - mmdet - INFO - Epoch [4][1750/2182]	lr: 1.000e-03, eta: 2:19:27, time: 0.237, data_time: 0.032, memory: 7986, loss_cls: 0.4775, loss_bbox: 0.3987, loss_kps: 0.0000, loss: 0.8762
2026-09-13 02:39:45,158 - mmdet - INFO - Epoch [4][1800/2182]	lr: 1.000e-03, eta: 2:19:15, time: 0.236, data_time: 0.033, memory: 7986, loss_cls: 0.4879, loss_bbox: 0.3919, loss_kps: 0.0000, loss: 0.8798
2026-09-13 02:39:57,233 - mmdet - INFO - Epoch [4][1850/2182]	lr: 1.000e-03, eta: 2:19:04, time: 0.241, data_time: 0.038, memory: 7986, loss_cls: 0.5057, loss_bbox: 0.3982, loss_kps: 0.0000, loss: 0.9039
2026-09-13 02:40:08,776 - mmdet - INFO - Epoch [4][1900/2182]	lr: 1.000e-03, eta: 2:18:51, time: 0.231, data_time: 0.033, memory: 7986, loss_cls: 0.4627, loss_bbox: 0.3886, loss_kps: 0.0000, loss: 0.8513
2026-09-13 02:40:20,483 - mmdet - INFO - Epoch [4][1950/2182]	lr: 1.000e-03, eta: 2:18:39, time: 0.234, data_time: 0.033, memory: 7986, loss_cls: 0.4664, loss_bbox: 0.3967, loss_kps: 0.0000, loss: 0.8631
2026-09-13 02:40:32,130 - mmdet - INFO - Epoch [4][2000/2182]	lr: 1.000e-03, eta: 2:18:26, time: 0.233, data_time: 0.033, memory: 7986, loss_cls: 0.4577, loss_bbox: 0.3976, loss_kps: 0.0000, loss: 0.8553
2026-09-13 02:40:43,797 - mmdet - INFO - Epoch [4][2050/2182]	lr: 1.000e-03, eta: 2:18:14, time: 0.233, data_time: 0.034, memory: 7986, loss_cls: 0.4855, loss_bbox: 0.3928, loss_kps: 0.0000, loss: 0.8783
2026-09-13 02:40:55,435 - mmdet - INFO - Epoch [4][2100/2182]	lr: 1.000e-03, eta: 2:18:01, time: 0.233, data_time: 0.033, memory: 7986, loss_cls: 0.4820, loss_bbox: 0.3956, loss_kps: 0.0000, loss: 0.8776
2026-09-13 02:41:07,118 - mmdet - INFO - Epoch [4][2150/2182]	lr: 1.000e-03, eta: 2:17:49, time: 0.234, data_time: 0.032, memory: 7986, loss_cls: 0.4864, loss_bbox: 0.3968, loss_kps: 0.0000, loss: 0.8832
2026-09-13 02:41:14,359 - mmdet - INFO - Saving checkpoint at 4 epochs
2026-09-13 02:41:32,860 - mmdet - INFO - Epoch [5][50/2182]	lr: 1.000e-03, eta: 2:17:25, time: 0.367, data_time: 0.142, memory: 7986, loss_cls: 0.4655, loss_bbox: 0.3886, loss_kps: 0.0000, loss: 0.8542
2026-09-13 02:41:44,429 - mmdet - INFO - Epoch [5][100/2182]	lr: 1.000e-03, eta: 2:17:12, time: 0.231, data_time: 0.033, memory: 7986, loss_cls: 0.4917, loss_bbox: 0.3966, loss_kps: 0.0000, loss: 0.8882
2026-09-13 02:41:55,990 - mmdet - INFO - Epoch [5][150/2182]	lr: 1.000e-03, eta: 2:16:59, time: 0.231, data_time: 0.033, memory: 7986, loss_cls: 0.4805, loss_bbox: 0.3972, loss_kps: 0.0000, loss: 0.8777
2026-09-13 02:42:07,584 - mmdet - INFO - Epoch [5][200/2182]	lr: 1.000e-03, eta: 2:16:47, time: 0.232, data_time: 0.033, memory: 7986, loss_cls: 0.4802, loss_bbox: 0.3819, loss_kps: 0.0000, loss: 0.8621
2026-09-13 02:42:19,128 - mmdet - INFO - Epoch [5][250/2182]	lr: 1.000e-03, eta: 2:16:34, time: 0.231, data_time: 0.034, memory: 7986, loss_cls: 0.4892, loss_bbox: 0.4004, loss_kps: 0.0000, loss: 0.8895
2026-09-13 02:42:31,394 - mmdet - INFO - Epoch [5][300/2182]	lr: 1.000e-03, eta: 2:16:24, time: 0.245, data_time: 0.040, memory: 7986, loss_cls: 0.4767, loss_bbox: 0.4017, loss_kps: 0.0000, loss: 0.8784
2026-09-13 02:42:42,944 - mmdet - INFO - Epoch [5][350/2182]	lr: 1.000e-03, eta: 2:16:11, time: 0.231, data_time: 0.033, memory: 7986, loss_cls: 0.4877, loss_bbox: 0.4071, loss_kps: 0.0000, loss: 0.8947
2026-09-13 02:42:54,612 - mmdet - INFO - Epoch [5][400/2182]	lr: 1.000e-03, eta: 2:15:58, time: 0.233, data_time: 0.034, memory: 7986, loss_cls: 0.4635, loss_bbox: 0.3818, loss_kps: 0.0000, loss: 0.8453
2026-09-13 02:43:06,242 - mmdet - INFO - Epoch [5][450/2182]	lr: 1.000e-03, eta: 2:15:46, time: 0.233, data_time: 0.034, memory: 7986, loss_cls: 0.4663, loss_bbox: 0.3921, loss_kps: 0.0000, loss: 0.8584
2026-09-13 02:43:18,061 - mmdet - INFO - Epoch [5][500/2182]	lr: 1.000e-03, eta: 2:15:34, time: 0.236, data_time: 0.033, memory: 7986, loss_cls: 0.4599, loss_bbox: 0.3906, loss_kps: 0.0000, loss: 0.8505
2026-09-13 02:43:29,749 - mmdet - INFO - Epoch [5][550/2182]	lr: 1.000e-03, eta: 2:15:22, time: 0.234, data_time: 0.033, memory: 7986, loss_cls: 0.4675, loss_bbox: 0.3902, loss_kps: 0.0000, loss: 0.8577
2026-09-13 02:43:41,364 - mmdet - INFO - Epoch [5][600/2182]	lr: 1.000e-03, eta: 2:15:09, time: 0.232, data_time: 0.032, memory: 7986, loss_cls: 0.4768, loss_bbox: 0.3987, loss_kps: 0.0000, loss: 0.8755
2026-09-13 02:43:52,970 - mmdet - INFO - Epoch [5][650/2182]	lr: 1.000e-03, eta: 2:14:57, time: 0.232, data_time: 0.032, memory: 7986, loss_cls: 0.4885, loss_bbox: 0.3921, loss_kps: 0.0000, loss: 0.8806
2026-09-13 02:44:04,527 - mmdet - INFO - Epoch [5][700/2182]	lr: 1.000e-03, eta: 2:14:44, time: 0.231, data_time: 0.032, memory: 7986, loss_cls: 0.4608, loss_bbox: 0.3854, loss_kps: 0.0000, loss: 0.8462
2026-09-13 02:44:16,095 - mmdet - INFO - Epoch [5][750/2182]	lr: 1.000e-03, eta: 2:14:31, time: 0.231, data_time: 0.033, memory: 7986, loss_cls: 0.4890, loss_bbox: 0.3956, loss_kps: 0.0000, loss: 0.8847
2026-09-13 02:44:27,775 - mmdet - INFO - Epoch [5][800/2182]	lr: 1.000e-03, eta: 2:14:19, time: 0.234, data_time: 0.036, memory: 7986, loss_cls: 0.4734, loss_bbox: 0.3994, loss_kps: 0.0000, loss: 0.8728
2026-09-13 02:44:39,580 - mmdet - INFO - Epoch [5][850/2182]	lr: 1.000e-03, eta: 2:14:07, time: 0.236, data_time: 0.031, memory: 7986, loss_cls: 0.4784, loss_bbox: 0.4026, loss_kps: 0.0000, loss: 0.8811
2026-09-13 02:44:51,767 - mmdet - INFO - Epoch [5][900/2182]	lr: 1.000e-03, eta: 2:13:56, time: 0.244, data_time: 0.033, memory: 7986, loss_cls: 0.4620, loss_bbox: 0.3828, loss_kps: 0.0000, loss: 0.8448
2026-09-13 02:45:03,664 - mmdet - INFO - Epoch [5][950/2182]	lr: 1.000e-03, eta: 2:13:45, time: 0.238, data_time: 0.033, memory: 7986, loss_cls: 0.4640, loss_bbox: 0.3909, loss_kps: 0.0000, loss: 0.8549
2026-09-13 02:45:15,921 - mmdet - INFO - Epoch [5][1000/2182]	lr: 1.000e-03, eta: 2:13:35, time: 0.245, data_time: 0.038, memory: 7986, loss_cls: 0.4718, loss_bbox: 0.3976, loss_kps: 0.0000, loss: 0.8694
2026-09-13 02:45:27,702 - mmdet - INFO - Epoch [5][1050/2182]	lr: 1.000e-03, eta: 2:13:23, time: 0.236, data_time: 0.033, memory: 7986, loss_cls: 0.4782, loss_bbox: 0.3976, loss_kps: 0.0000, loss: 0.8758
2026-09-13 02:45:39,507 - mmdet - INFO - Epoch [5][1100/2182]	lr: 1.000e-03, eta: 2:13:11, time: 0.236, data_time: 0.034, memory: 7986, loss_cls: 0.4677, loss_bbox: 0.3868, loss_kps: 0.0000, loss: 0.8545
2026-09-13 02:45:51,348 - mmdet - INFO - Epoch [5][1150/2182]	lr: 1.000e-03, eta: 2:12:59, time: 0.237, data_time: 0.031, memory: 7986, loss_cls: 0.4906, loss_bbox: 0.4052, loss_kps: 0.0000, loss: 0.8958
2026-09-13 02:46:03,167 - mmdet - INFO - Epoch [5][1200/2182]	lr: 1.000e-03, eta: 2:12:47, time: 0.236, data_time: 0.032, memory: 7986, loss_cls: 0.4760, loss_bbox: 0.3973, loss_kps: 0.0000, loss: 0.8733
2026-09-13 02:46:14,932 - mmdet - INFO - Epoch [5][1250/2182]	lr: 1.000e-03, eta: 2:12:35, time: 0.235, data_time: 0.033, memory: 7986, loss_cls: 0.4797, loss_bbox: 0.3914, loss_kps: 0.0000, loss: 0.8711
2026-09-13 02:46:26,712 - mmdet - INFO - Epoch [5][1300/2182]	lr: 1.000e-03, eta: 2:12:23, time: 0.236, data_time: 0.033, memory: 7986, loss_cls: 0.4720, loss_bbox: 0.3896, loss_kps: 0.0000, loss: 0.8616
2026-09-13 02:46:38,471 - mmdet - INFO - Epoch [5][1350/2182]	lr: 1.000e-03, eta: 2:12:11, time: 0.235, data_time: 0.034, memory: 7986, loss_cls: 0.4712, loss_bbox: 0.3850, loss_kps: 0.0000, loss: 0.8562
2026-09-13 02:46:50,108 - mmdet - INFO - Epoch [5][1400/2182]	lr: 1.000e-03, eta: 2:11:59, time: 0.233, data_time: 0.032, memory: 7986, loss_cls: 0.4660, loss_bbox: 0.3856, loss_kps: 0.0000, loss: 0.8515
2026-09-13 02:47:01,870 - mmdet - INFO - Epoch [5][1450/2182]	lr: 1.000e-03, eta: 2:11:47, time: 0.235, data_time: 0.032, memory: 7986, loss_cls: 0.4764, loss_bbox: 0.3986, loss_kps: 0.0000, loss: 0.8750
2026-09-13 02:47:13,925 - mmdet - INFO - Epoch [5][1500/2182]	lr: 1.000e-03, eta: 2:11:36, time: 0.241, data_time: 0.032, memory: 7986, loss_cls: 0.4908, loss_bbox: 0.3987, loss_kps: 0.0000, loss: 0.8895
2026-09-13 02:47:25,641 - mmdet - INFO - Epoch [5][1550/2182]	lr: 1.000e-03, eta: 2:11:24, time: 0.234, data_time: 0.033, memory: 7986, loss_cls: 0.4611, loss_bbox: 0.3873, loss_kps: 0.0000, loss: 0.8483
2026-09-13 02:47:37,463 - mmdet - INFO - Epoch [5][1600/2182]	lr: 1.000e-03, eta: 2:11:12, time: 0.236, data_time: 0.034, memory: 7986, loss_cls: 0.4809, loss_bbox: 0.3980, loss_kps: 0.0000, loss: 0.8788
2026-09-13 02:47:49,550 - mmdet - INFO - Epoch [5][1650/2182]	lr: 1.000e-03, eta: 2:11:01, time: 0.242, data_time: 0.039, memory: 7986, loss_cls: 0.4832, loss_bbox: 0.3969, loss_kps: 0.0000, loss: 0.8801
2026-09-13 02:48:01,459 - mmdet - INFO - Epoch [5][1700/2182]	lr: 1.000e-03, eta: 2:10:49, time: 0.238, data_time: 0.034, memory: 7986, loss_cls: 0.4767, loss_bbox: 0.3991, loss_kps: 0.0000, loss: 0.8758
2026-09-13 02:48:13,346 - mmdet - INFO - Epoch [5][1750/2182]	lr: 1.000e-03, eta: 2:10:38, time: 0.238, data_time: 0.032, memory: 7986, loss_cls: 0.4815, loss_bbox: 0.4021, loss_kps: 0.0000, loss: 0.8835
2026-09-13 02:48:25,076 - mmdet - INFO - Epoch [5][1800/2182]	lr: 1.000e-03, eta: 2:10:26, time: 0.235, data_time: 0.033, memory: 7986, loss_cls: 0.4694, loss_bbox: 0.3964, loss_kps: 0.0000, loss: 0.8658
2026-09-13 02:48:36,880 - mmdet - INFO - Epoch [5][1850/2182]	lr: 1.000e-03, eta: 2:10:14, time: 0.236, data_time: 0.032, memory: 7986, loss_cls: 0.4785, loss_bbox: 0.3964, loss_kps: 0.0000, loss: 0.8748
2026-09-13 02:48:48,784 - mmdet - INFO - Epoch [5][1900/2182]	lr: 1.000e-03, eta: 2:10:02, time: 0.238, data_time: 0.033, memory: 7986, loss_cls: 0.4976, loss_bbox: 0.4005, loss_kps: 0.0000, loss: 0.8981
2026-09-13 02:49:00,652 - mmdet - INFO - Epoch [5][1950/2182]	lr: 1.000e-03, eta: 2:09:51, time: 0.237, data_time: 0.034, memory: 7986, loss_cls: 0.4613, loss_bbox: 0.3912, loss_kps: 0.0000, loss: 0.8525
2026-09-13 02:49:12,491 - mmdet - INFO - Epoch [5][2000/2182]	lr: 1.000e-03, eta: 2:09:39, time: 0.237, data_time: 0.033, memory: 7986, loss_cls: 0.4730, loss_bbox: 0.3993, loss_kps: 0.0000, loss: 0.8723
2026-09-13 02:49:24,748 - mmdet - INFO - Epoch [5][2050/2182]	lr: 1.000e-03, eta: 2:09:28, time: 0.245, data_time: 0.033, memory: 7986, loss_cls: 0.4602, loss_bbox: 0.3866, loss_kps: 0.0000, loss: 0.8469
2026-09-13 02:49:36,514 - mmdet - INFO - Epoch [5][2100/2182]	lr: 1.000e-03, eta: 2:09:16, time: 0.235, data_time: 0.033, memory: 7986, loss_cls: 0.4497, loss_bbox: 0.3827, loss_kps: 0.0000, loss: 0.8324
2026-09-13 02:49:48,262 - mmdet - INFO - Epoch [5][2150/2182]	lr: 1.000e-03, eta: 2:09:04, time: 0.235, data_time: 0.033, memory: 7986, loss_cls: 0.4749, loss_bbox: 0.3961, loss_kps: 0.0000, loss: 0.8710
2026-09-13 02:49:55,607 - mmdet - INFO - Saving checkpoint at 5 epochs
2026-09-13 02:50:13,786 - mmdet - INFO - Epoch [6][50/2182]	lr: 1.000e-03, eta: 2:08:41, time: 0.360, data_time: 0.151, memory: 7986, loss_cls: 0.4770, loss_bbox: 0.3869, loss_kps: 0.0000, loss: 0.8638
2026-09-13 02:50:25,730 - mmdet - INFO - Epoch [6][100/2182]	lr: 1.000e-03, eta: 2:08:30, time: 0.239, data_time: 0.040, memory: 7986, loss_cls: 0.4722, loss_bbox: 0.3941, loss_kps: 0.0000, loss: 0.8664
2026-09-13 02:50:37,387 - mmdet - INFO - Epoch [6][150/2182]	lr: 1.000e-03, eta: 2:08:17, time: 0.233, data_time: 0.032, memory: 7986, loss_cls: 0.4462, loss_bbox: 0.3880, loss_kps: 0.0000, loss: 0.8342
2026-09-13 02:50:49,221 - mmdet - INFO - Epoch [6][200/2182]	lr: 1.000e-03, eta: 2:08:05, time: 0.237, data_time: 0.034, memory: 7986, loss_cls: 0.4609, loss_bbox: 0.3856, loss_kps: 0.0000, loss: 0.8465
2026-09-13 02:51:01,066 - mmdet - INFO - Epoch [6][250/2182]	lr: 1.000e-03, eta: 2:07:54, time: 0.237, data_time: 0.032, memory: 7986, loss_cls: 0.4678, loss_bbox: 0.3950, loss_kps: 0.0000, loss: 0.8628
2026-09-13 02:51:13,051 - mmdet - INFO - Epoch [6][300/2182]	lr: 1.000e-03, eta: 2:07:42, time: 0.240, data_time: 0.033, memory: 7986, loss_cls: 0.4760, loss_bbox: 0.3952, loss_kps: 0.0000, loss: 0.8712
2026-09-13 02:51:24,810 - mmdet - INFO - Epoch [6][350/2182]	lr: 1.000e-03, eta: 2:07:30, time: 0.235, data_time: 0.032, memory: 7986, loss_cls: 0.4698, loss_bbox: 0.3986, loss_kps: 0.0000, loss: 0.8684
2026-09-13 02:51:36,819 - mmdet - INFO - Epoch [6][400/2182]	lr: 1.000e-03, eta: 2:07:19, time: 0.240, data_time: 0.032, memory: 7986, loss_cls: 0.4505, loss_bbox: 0.3933, loss_kps: 0.0000, loss: 0.8439
2026-09-13 02:51:48,488 - mmdet - INFO - Epoch [6][450/2182]	lr: 1.000e-03, eta: 2:07:07, time: 0.233, data_time: 0.034, memory: 7986, loss_cls: 0.4670, loss_bbox: 0.3911, loss_kps: 0.0000, loss: 0.8581
2026-09-13 02:52:00,285 - mmdet - INFO - Epoch [6][500/2182]	lr: 1.000e-03, eta: 2:06:55, time: 0.236, data_time: 0.033, memory: 7986, loss_cls: 0.4599, loss_bbox: 0.3860, loss_kps: 0.0000, loss: 0.8459
2026-09-13 02:52:11,878 - mmdet - INFO - Epoch [6][550/2182]	lr: 1.000e-03, eta: 2:06:43, time: 0.232, data_time: 0.032, memory: 7986, loss_cls: 0.4855, loss_bbox: 0.3936, loss_kps: 0.0000, loss: 0.8792
2026-09-13 02:52:23,778 - mmdet - INFO - Epoch [6][600/2182]	lr: 1.000e-03, eta: 2:06:31, time: 0.238, data_time: 0.031, memory: 7986, loss_cls: 0.4684, loss_bbox: 0.3941, loss_kps: 0.0000, loss: 0.8625
2026-09-13 02:52:35,661 - mmdet - INFO - Epoch [6][650/2182]	lr: 1.000e-03, eta: 2:06:19, time: 0.238, data_time: 0.031, memory: 7986, loss_cls: 0.4708, loss_bbox: 0.3999, loss_kps: 0.0000, loss: 0.8707
2026-09-13 02:52:47,692 - mmdet - INFO - Epoch [6][700/2182]	lr: 1.000e-03, eta: 2:06:08, time: 0.241, data_time: 0.039, memory: 7986, loss_cls: 0.4676, loss_bbox: 0.3912, loss_kps: 0.0000, loss: 0.8587
2026-09-13 02:52:59,521 - mmdet - INFO - Epoch [6][750/2182]	lr: 1.000e-03, eta: 2:05:56, time: 0.237, data_time: 0.033, memory: 7986, loss_cls: 0.4730, loss_bbox: 0.3962, loss_kps: 0.0000, loss: 0.8692
2026-09-13 02:53:11,420 - mmdet - INFO - Epoch [6][800/2182]	lr: 1.000e-03, eta: 2:05:45, time: 0.238, data_time: 0.032, memory: 7986, loss_cls: 0.4637, loss_bbox: 0.3883, loss_kps: 0.0000, loss: 0.8519
2026-09-13 02:53:23,241 - mmdet - INFO - Epoch [6][850/2182]	lr: 1.000e-03, eta: 2:05:33, time: 0.236, data_time: 0.032, memory: 7986, loss_cls: 0.4764, loss_bbox: 0.4022, loss_kps: 0.0000, loss: 0.8786
2026-09-13 02:53:35,204 - mmdet - INFO - Epoch [6][900/2182]	lr: 1.000e-03, eta: 2:05:22, time: 0.239, data_time: 0.034, memory: 7986, loss_cls: 0.4845, loss_bbox: 0.3984, loss_kps: 0.0000, loss: 0.8828
2026-09-13 02:53:47,078 - mmdet - INFO - Epoch [6][950/2182]	lr: 1.000e-03, eta: 2:05:10, time: 0.237, data_time: 0.032, memory: 7986, loss_cls: 0.4617, loss_bbox: 0.4017, loss_kps: 0.0000, loss: 0.8634
2026-09-13 02:53:58,816 - mmdet - INFO - Epoch [6][1000/2182]	lr: 1.000e-03, eta: 2:04:58, time: 0.235, data_time: 0.032, memory: 7986, loss_cls: 0.4623, loss_bbox: 0.4010, loss_kps: 0.0000, loss: 0.8633
2026-09-13 02:54:10,475 - mmdet - INFO - Epoch [6][1050/2182]	lr: 1.000e-03, eta: 2:04:46, time: 0.233, data_time: 0.032, memory: 7986, loss_cls: 0.4507, loss_bbox: 0.3830, loss_kps: 0.0000, loss: 0.8336
2026-09-13 02:54:22,331 - mmdet - INFO - Epoch [6][1100/2182]	lr: 1.000e-03, eta: 2:04:34, time: 0.237, data_time: 0.034, memory: 7986, loss_cls: 0.4589, loss_bbox: 0.3950, loss_kps: 0.0000, loss: 0.8538
2026-09-13 02:54:34,171 - mmdet - INFO - Epoch [6][1150/2182]	lr: 1.000e-03, eta: 2:04:22, time: 0.237, data_time: 0.033, memory: 7986, loss_cls: 0.4720, loss_bbox: 0.3940, loss_kps: 0.0000, loss: 0.8660
2026-09-13 02:54:45,977 - mmdet - INFO - Epoch [6][1200/2182]	lr: 1.000e-03, eta: 2:04:10, time: 0.236, data_time: 0.032, memory: 7986, loss_cls: 0.4508, loss_bbox: 0.3785, loss_kps: 0.0000, loss: 0.8293
2026-09-13 02:54:58,100 - mmdet - INFO - Epoch [6][1250/2182]	lr: 1.000e-03, eta: 2:03:59, time: 0.242, data_time: 0.039, memory: 7986, loss_cls: 0.4631, loss_bbox: 0.3932, loss_kps: 0.0000, loss: 0.8562
2026-09-13 02:55:10,213 - mmdet - INFO - Epoch [6][1300/2182]	lr: 1.000e-03, eta: 2:03:48, time: 0.242, data_time: 0.033, memory: 7986, loss_cls: 0.4683, loss_bbox: 0.3948, loss_kps: 0.0000, loss: 0.8631
2026-09-13 02:55:22,009 - mmdet - INFO - Epoch [6][1350/2182]	lr: 1.000e-03, eta: 2:03:37, time: 0.236, data_time: 0.033, memory: 7986, loss_cls: 0.4857, loss_bbox: 0.3913, loss_kps: 0.0000, loss: 0.8769
2026-09-13 02:55:33,931 - mmdet - INFO - Epoch [6][1400/2182]	lr: 1.000e-03, eta: 2:03:25, time: 0.238, data_time: 0.034, memory: 7986, loss_cls: 0.4728, loss_bbox: 0.3991, loss_kps: 0.0000, loss: 0.8718
2026-09-13 02:55:45,713 - mmdet - INFO - Epoch [6][1450/2182]	lr: 1.000e-03, eta: 2:03:13, time: 0.236, data_time: 0.033, memory: 7986, loss_cls: 0.4830, loss_bbox: 0.4007, loss_kps: 0.0000, loss: 0.8837
2026-09-13 02:55:57,600 - mmdet - INFO - Epoch [6][1500/2182]	lr: 1.000e-03, eta: 2:03:01, time: 0.238, data_time: 0.034, memory: 7986, loss_cls: 0.4764, loss_bbox: 0.4019, loss_kps: 0.0000, loss: 0.8783
2026-09-13 02:56:09,341 - mmdet - INFO - Epoch [6][1550/2182]	lr: 1.000e-03, eta: 2:02:49, time: 0.235, data_time: 0.032, memory: 7986, loss_cls: 0.4715, loss_bbox: 0.3919, loss_kps: 0.0000, loss: 0.8634
2026-09-13 02:56:21,159 - mmdet - INFO - Epoch [6][1600/2182]	lr: 1.000e-03, eta: 2:02:38, time: 0.236, data_time: 0.032, memory: 7986, loss_cls: 0.4547, loss_bbox: 0.3970, loss_kps: 0.0000, loss: 0.8518
2026-09-13 02:56:33,037 - mmdet - INFO - Epoch [6][1650/2182]	lr: 1.000e-03, eta: 2:02:26, time: 0.237, data_time: 0.033, memory: 7986, loss_cls: 0.4673, loss_bbox: 0.3868, loss_kps: 0.0000, loss: 0.8540
2026-09-13 02:56:44,911 - mmdet - INFO - Epoch [6][1700/2182]	lr: 1.000e-03, eta: 2:02:14, time: 0.238, data_time: 0.032, memory: 7986, loss_cls: 0.4657, loss_bbox: 0.3907, loss_kps: 0.0000, loss: 0.8564
2026-09-13 02:56:56,867 - mmdet - INFO - Epoch [6][1750/2182]	lr: 1.000e-03, eta: 2:02:03, time: 0.239, data_time: 0.033, memory: 7986, loss_cls: 0.4701, loss_bbox: 0.3913, loss_kps: 0.0000, loss: 0.8614
2026-09-13 02:57:08,886 - mmdet - INFO - Epoch [6][1800/2182]	lr: 1.000e-03, eta: 2:01:51, time: 0.240, data_time: 0.033, memory: 7986, loss_cls: 0.4524, loss_bbox: 0.3888, loss_kps: 0.0000, loss: 0.8412
2026-09-13 02:57:20,904 - mmdet - INFO - Epoch [6][1850/2182]	lr: 1.000e-03, eta: 2:01:40, time: 0.240, data_time: 0.033, memory: 7986, loss_cls: 0.4772, loss_bbox: 0.4053, loss_kps: 0.0000, loss: 0.8825
2026-09-13 02:57:33,368 - mmdet - INFO - Epoch [6][1900/2182]	lr: 1.000e-03, eta: 2:01:30, time: 0.249, data_time: 0.037, memory: 7986, loss_cls: 0.4800, loss_bbox: 0.3983, loss_kps: 0.0000, loss: 0.8783
2026-09-13 02:57:45,213 - mmdet - INFO - Epoch [6][1950/2182]	lr: 1.000e-03, eta: 2:01:18, time: 0.237, data_time: 0.033, memory: 7986, loss_cls: 0.4645, loss_bbox: 0.3909, loss_kps: 0.0000, loss: 0.8554
2026-09-13 02:57:57,074 - mmdet - INFO - Epoch [6][2000/2182]	lr: 1.000e-03, eta: 2:01:06, time: 0.237, data_time: 0.032, memory: 7986, loss_cls: 0.4574, loss_bbox: 0.3896, loss_kps: 0.0000, loss: 0.8470
2026-09-13 02:58:08,725 - mmdet - INFO - Epoch [6][2050/2182]	lr: 1.000e-03, eta: 2:00:54, time: 0.233, data_time: 0.032, memory: 7986, loss_cls: 0.4724, loss_bbox: 0.3890, loss_kps: 0.0000, loss: 0.8614
2026-09-13 02:58:20,412 - mmdet - INFO - Epoch [6][2100/2182]	lr: 1.000e-03, eta: 2:00:42, time: 0.234, data_time: 0.032, memory: 7986, loss_cls: 0.4642, loss_bbox: 0.3870, loss_kps: 0.0000, loss: 0.8513
2026-09-13 02:58:32,163 - mmdet - INFO - Epoch [6][2150/2182]	lr: 1.000e-03, eta: 2:00:30, time: 0.235, data_time: 0.032, memory: 7986, loss_cls: 0.4699, loss_bbox: 0.3913, loss_kps: 0.0000, loss: 0.8612
2026-09-13 02:58:39,391 - mmdet - INFO - Saving checkpoint at 6 epochs
2026-09-13 02:58:57,667 - mmdet - INFO - Epoch [7][50/2182]	lr: 1.000e-03, eta: 2:00:08, time: 0.362, data_time: 0.143, memory: 7986, loss_cls: 0.4672, loss_bbox: 0.3880, loss_kps: 0.0000, loss: 0.8552
2026-09-13 02:59:09,452 - mmdet - INFO - Epoch [7][100/2182]	lr: 1.000e-03, eta: 1:59:56, time: 0.236, data_time: 0.034, memory: 7986, loss_cls: 0.4371, loss_bbox: 0.3708, loss_kps: 0.0000, loss: 0.8079
2026-09-13 02:59:21,239 - mmdet - INFO - Epoch [7][150/2182]	lr: 1.000e-03, eta: 1:59:44, time: 0.236, data_time: 0.033, memory: 7986, loss_cls: 0.4565, loss_bbox: 0.3733, loss_kps: 0.0000, loss: 0.8298
2026-09-13 02:59:32,922 - mmdet - INFO - Epoch [7][200/2182]	lr: 1.000e-03, eta: 1:59:32, time: 0.234, data_time: 0.033, memory: 7986, loss_cls: 0.4746, loss_bbox: 0.4019, loss_kps: 0.0000, loss: 0.8765
2026-09-13 02:59:44,632 - mmdet - INFO - Epoch [7][250/2182]	lr: 1.000e-03, eta: 1:59:20, time: 0.234, data_time: 0.032, memory: 7986, loss_cls: 0.4719, loss_bbox: 0.3930, loss_kps: 0.0000, loss: 0.8649
2026-09-13 02:59:57,006 - mmdet - INFO - Epoch [7][300/2182]	lr: 1.000e-03, eta: 1:59:09, time: 0.248, data_time: 0.039, memory: 7986, loss_cls: 0.4455, loss_bbox: 0.3804, loss_kps: 0.0000, loss: 0.8259
2026-09-13 03:00:08,857 - mmdet - INFO - Epoch [7][350/2182]	lr: 1.000e-03, eta: 1:58:57, time: 0.237, data_time: 0.033, memory: 7986, loss_cls: 0.4611, loss_bbox: 0.4027, loss_kps: 0.0000, loss: 0.8638
2026-09-13 03:00:20,586 - mmdet - INFO - Epoch [7][400/2182]	lr: 1.000e-03, eta: 1:58:45, time: 0.235, data_time: 0.033, memory: 7986, loss_cls: 0.4496, loss_bbox: 0.3828, loss_kps: 0.0000, loss: 0.8323
2026-09-13 03:00:32,683 - mmdet - INFO - Epoch [7][450/2182]	lr: 1.000e-03, eta: 1:58:34, time: 0.242, data_time: 0.035, memory: 7986, loss_cls: 0.4927, loss_bbox: 0.3834, loss_kps: 0.0000, loss: 0.8761
2026-09-13 03:00:44,404 - mmdet - INFO - Epoch [7][500/2182]	lr: 1.000e-03, eta: 1:58:22, time: 0.234, data_time: 0.032, memory: 7986, loss_cls: 0.4560, loss_bbox: 0.3853, loss_kps: 0.0000, loss: 0.8414
2026-09-13 03:00:56,433 - mmdet - INFO - Epoch [7][550/2182]	lr: 1.000e-03, eta: 1:58:11, time: 0.241, data_time: 0.033, memory: 7986, loss_cls: 0.4824, loss_bbox: 0.3959, loss_kps: 0.0000, loss: 0.8783
2026-09-13 03:01:08,079 - mmdet - INFO - Epoch [7][600/2182]	lr: 1.000e-03, eta: 1:57:58, time: 0.233, data_time: 0.033, memory: 7986, loss_cls: 0.4628, loss_bbox: 0.3919, loss_kps: 0.0000, loss: 0.8547
2026-09-13 03:01:19,778 - mmdet - INFO - Epoch [7][650/2182]	lr: 1.000e-03, eta: 1:57:46, time: 0.234, data_time: 0.033, memory: 7986, loss_cls: 0.4585, loss_bbox: 0.3941, loss_kps: 0.0000, loss: 0.8526
2026-09-13 03:01:31,525 - mmdet - INFO - Epoch [7][700/2182]	lr: 1.000e-03, eta: 1:57:34, time: 0.235, data_time: 0.032, memory: 7986, loss_cls: 0.4765, loss_bbox: 0.3944, loss_kps: 0.0000, loss: 0.8709
2026-09-13 03:01:43,013 - mmdet - INFO - Epoch [7][750/2182]	lr: 1.000e-03, eta: 1:57:22, time: 0.230, data_time: 0.032, memory: 7986, loss_cls: 0.4674, loss_bbox: 0.3872, loss_kps: 0.0000, loss: 0.8546
2026-09-13 03:01:54,730 - mmdet - INFO - Epoch [7][800/2182]	lr: 1.000e-03, eta: 1:57:10, time: 0.234, data_time: 0.035, memory: 7986, loss_cls: 0.4495, loss_bbox: 0.3898, loss_kps: 0.0000, loss: 0.8393
2026-09-13 03:02:06,686 - mmdet - INFO - Epoch [7][850/2182]	lr: 1.000e-03, eta: 1:56:58, time: 0.239, data_time: 0.037, memory: 7986, loss_cls: 0.4633, loss_bbox: 0.3968, loss_kps: 0.0000, loss: 0.8601
2026-09-13 03:02:18,239 - mmdet - INFO - Epoch [7][900/2182]	lr: 1.000e-03, eta: 1:56:46, time: 0.231, data_time: 0.032, memory: 7986, loss_cls: 0.4714, loss_bbox: 0.3887, loss_kps: 0.0000, loss: 0.8601
2026-09-13 03:02:30,133 - mmdet - INFO - Epoch [7][950/2182]	lr: 1.000e-03, eta: 1:56:34, time: 0.238, data_time: 0.034, memory: 7986, loss_cls: 0.4655, loss_bbox: 0.3948, loss_kps: 0.0000, loss: 0.8604
2026-09-13 03:02:41,600 - mmdet - INFO - Epoch [7][1000/2182]	lr: 1.000e-03, eta: 1:56:22, time: 0.229, data_time: 0.033, memory: 7986, loss_cls: 0.4564, loss_bbox: 0.3924, loss_kps: 0.0000, loss: 0.8488
2026-09-13 03:02:53,189 - mmdet - INFO - Epoch [7][1050/2182]	lr: 1.000e-03, eta: 1:56:09, time: 0.232, data_time: 0.032, memory: 7986, loss_cls: 0.4636, loss_bbox: 0.3893, loss_kps: 0.0000, loss: 0.8529
2026-09-13 03:03:04,742 - mmdet - INFO - Epoch [7][1100/2182]	lr: 1.000e-03, eta: 1:55:57, time: 0.231, data_time: 0.033, memory: 7986, loss_cls: 0.4720, loss_bbox: 0.3932, loss_kps: 0.0000, loss: 0.8652
2026-09-13 03:03:16,306 - mmdet - INFO - Epoch [7][1150/2182]	lr: 1.000e-03, eta: 1:55:45, time: 0.231, data_time: 0.033, memory: 7986, loss_cls: 0.4802, loss_bbox: 0.4052, loss_kps: 0.0000, loss: 0.8854
2026-09-13 03:03:27,888 - mmdet - INFO - Epoch [7][1200/2182]	lr: 1.000e-03, eta: 1:55:33, time: 0.232, data_time: 0.033, memory: 7986, loss_cls: 0.4600, loss_bbox: 0.3806, loss_kps: 0.0000, loss: 0.8406
2026-09-13 03:03:39,588 - mmdet - INFO - Epoch [7][1250/2182]	lr: 1.000e-03, eta: 1:55:20, time: 0.234, data_time: 0.033, memory: 7986, loss_cls: 0.4787, loss_bbox: 0.3952, loss_kps: 0.0000, loss: 0.8738
2026-09-13 03:03:51,107 - mmdet - INFO - Epoch [7][1300/2182]	lr: 1.000e-03, eta: 1:55:08, time: 0.230, data_time: 0.033, memory: 7986, loss_cls: 0.4714, loss_bbox: 0.3902, loss_kps: 0.0000, loss: 0.8616
2026-09-13 03:04:02,688 - mmdet - INFO - Epoch [7][1350/2182]	lr: 1.000e-03, eta: 1:54:56, time: 0.232, data_time: 0.034, memory: 7986, loss_cls: 0.4586, loss_bbox: 0.3844, loss_kps: 0.0000, loss: 0.8429
2026-09-13 03:04:14,387 - mmdet - INFO - Epoch [7][1400/2182]	lr: 1.000e-03, eta: 1:54:44, time: 0.234, data_time: 0.031, memory: 7986, loss_cls: 0.4756, loss_bbox: 0.3923, loss_kps: 0.0000, loss: 0.8679
2026-09-13 03:04:26,174 - mmdet - INFO - Epoch [7][1450/2182]	lr: 1.000e-03, eta: 1:54:32, time: 0.236, data_time: 0.033, memory: 7986, loss_cls: 0.4634, loss_bbox: 0.4028, loss_kps: 0.0000, loss: 0.8662
2026-09-13 03:04:37,840 - mmdet - INFO - Epoch [7][1500/2182]	lr: 1.000e-03, eta: 1:54:20, time: 0.233, data_time: 0.032, memory: 7986, loss_cls: 0.4710, loss_bbox: 0.3897, loss_kps: 0.0000, loss: 0.8607
2026-09-13 03:04:50,031 - mmdet - INFO - Epoch [7][1550/2182]	lr: 1.000e-03, eta: 1:54:09, time: 0.244, data_time: 0.039, memory: 7986, loss_cls: 0.4757, loss_bbox: 0.3928, loss_kps: 0.0000, loss: 0.8684
2026-09-13 03:05:01,737 - mmdet - INFO - Epoch [7][1600/2182]	lr: 1.000e-03, eta: 1:53:57, time: 0.234, data_time: 0.033, memory: 7986, loss_cls: 0.4594, loss_bbox: 0.3905, loss_kps: 0.0000, loss: 0.8499
2026-09-13 03:05:13,359 - mmdet - INFO - Epoch [7][1650/2182]	lr: 1.000e-03, eta: 1:53:45, time: 0.232, data_time: 0.033, memory: 7986, loss_cls: 0.4681, loss_bbox: 0.4025, loss_kps: 0.0000, loss: 0.8706
2026-09-13 03:05:25,028 - mmdet - INFO - Epoch [7][1700/2182]	lr: 1.000e-03, eta: 1:53:32, time: 0.233, data_time: 0.031, memory: 7986, loss_cls: 0.4523, loss_bbox: 0.3953, loss_kps: 0.0000, loss: 0.8476
2026-09-13 03:05:36,838 - mmdet - INFO - Epoch [7][1750/2182]	lr: 1.000e-03, eta: 1:53:21, time: 0.236, data_time: 0.035, memory: 7986, loss_cls: 0.4566, loss_bbox: 0.3889, loss_kps: 0.0000, loss: 0.8455
2026-09-13 03:05:48,580 - mmdet - INFO - Epoch [7][1800/2182]	lr: 1.000e-03, eta: 1:53:09, time: 0.235, data_time: 0.032, memory: 7986, loss_cls: 0.4816, loss_bbox: 0.3965, loss_kps: 0.0000, loss: 0.8780
2026-09-13 03:06:00,192 - mmdet - INFO - Epoch [7][1850/2182]	lr: 1.000e-03, eta: 1:52:57, time: 0.232, data_time: 0.031, memory: 7986, loss_cls: 0.4672, loss_bbox: 0.3888, loss_kps: 0.0000, loss: 0.8561
2026-09-13 03:06:11,806 - mmdet - INFO - Epoch [7][1900/2182]	lr: 1.000e-03, eta: 1:52:44, time: 0.232, data_time: 0.032, memory: 7986, loss_cls: 0.4422, loss_bbox: 0.3951, loss_kps: 0.0000, loss: 0.8373
2026-09-13 03:06:23,547 - mmdet - INFO - Epoch [7][1950/2182]	lr: 1.000e-03, eta: 1:52:32, time: 0.235, data_time: 0.032, memory: 7986, loss_cls: 0.4549, loss_bbox: 0.3837, loss_kps: 0.0000, loss: 0.8386
2026-09-13 03:06:35,164 - mmdet - INFO - Epoch [7][2000/2182]	lr: 1.000e-03, eta: 1:52:20, time: 0.232, data_time: 0.033, memory: 7986, loss_cls: 0.4757, loss_bbox: 0.3899, loss_kps: 0.0000, loss: 0.8655
2026-09-13 03:06:46,974 - mmdet - INFO - Epoch [7][2050/2182]	lr: 1.000e-03, eta: 1:52:08, time: 0.236, data_time: 0.032, memory: 7986, loss_cls: 0.4628, loss_bbox: 0.3929, loss_kps: 0.0000, loss: 0.8557
2026-09-13 03:06:58,653 - mmdet - INFO - Epoch [7][2100/2182]	lr: 1.000e-03, eta: 1:51:56, time: 0.234, data_time: 0.032, memory: 7986, loss_cls: 0.4543, loss_bbox: 0.3920, loss_kps: 0.0000, loss: 0.8464
2026-09-13 03:07:10,713 - mmdet - INFO - Epoch [7][2150/2182]	lr: 1.000e-03, eta: 1:51:45, time: 0.241, data_time: 0.034, memory: 7986, loss_cls: 0.4772, loss_bbox: 0.4090, loss_kps: 0.0000, loss: 0.8862
2026-09-13 03:07:18,055 - mmdet - INFO - Saving checkpoint at 7 epochs
2026-09-13 03:07:36,434 - mmdet - INFO - Epoch [8][50/2182]	lr: 1.000e-03, eta: 1:51:24, time: 0.364, data_time: 0.144, memory: 7986, loss_cls: 0.4654, loss_bbox: 0.3997, loss_kps: 0.0000, loss: 0.8651
2026-09-13 03:07:48,354 - mmdet - INFO - Epoch [8][100/2182]	lr: 1.000e-03, eta: 1:51:12, time: 0.238, data_time: 0.033, memory: 7986, loss_cls: 0.4389, loss_bbox: 0.3757, loss_kps: 0.0000, loss: 0.8146
2026-09-13 03:08:00,292 - mmdet - INFO - Epoch [8][150/2182]	lr: 1.000e-03, eta: 1:51:00, time: 0.239, data_time: 0.033, memory: 7986, loss_cls: 0.4517, loss_bbox: 0.3912, loss_kps: 0.0000, loss: 0.8430
2026-09-13 03:08:12,128 - mmdet - INFO - Epoch [8][200/2182]	lr: 1.000e-03, eta: 1:50:49, time: 0.237, data_time: 0.032, memory: 7986, loss_cls: 0.4666, loss_bbox: 0.3910, loss_kps: 0.0000, loss: 0.8576
2026-09-13 03:08:24,279 - mmdet - INFO - Epoch [8][250/2182]	lr: 1.000e-03, eta: 1:50:38, time: 0.243, data_time: 0.033, memory: 7986, loss_cls: 0.4565, loss_bbox: 0.3934, loss_kps: 0.0000, loss: 0.8500
2026-09-13 03:08:36,169 - mmdet - INFO - Epoch [8][300/2182]	lr: 1.000e-03, eta: 1:50:26, time: 0.238, data_time: 0.033, memory: 7986, loss_cls: 0.4462, loss_bbox: 0.3918, loss_kps: 0.0000, loss: 0.8381
2026-09-13 03:08:48,112 - mmdet - INFO - Epoch [8][350/2182]	lr: 1.000e-03, eta: 1:50:14, time: 0.239, data_time: 0.034, memory: 7986, loss_cls: 0.4702, loss_bbox: 0.3894, loss_kps: 0.0000, loss: 0.8596
2026-09-13 03:08:59,864 - mmdet - INFO - Epoch [8][400/2182]	lr: 1.000e-03, eta: 1:50:02, time: 0.235, data_time: 0.031, memory: 7986, loss_cls: 0.4727, loss_bbox: 0.3937, loss_kps: 0.0000, loss: 0.8665
2026-09-13 03:09:11,771 - mmdet - INFO - Epoch [8][450/2182]	lr: 1.000e-03, eta: 1:49:51, time: 0.238, data_time: 0.032, memory: 7986, loss_cls: 0.4478, loss_bbox: 0.3840, loss_kps: 0.0000, loss: 0.8318
2026-09-13 03:09:23,574 - mmdet - INFO - Epoch [8][500/2182]	lr: 1.000e-03, eta: 1:49:39, time: 0.236, data_time: 0.032, memory: 7986, loss_cls: 0.4624, loss_bbox: 0.3915, loss_kps: 0.0000, loss: 0.8540
2026-09-13 03:09:35,761 - mmdet - INFO - Epoch [8][550/2182]	lr: 1.000e-03, eta: 1:49:28, time: 0.244, data_time: 0.034, memory: 7986, loss_cls: 0.4492, loss_bbox: 0.3949, loss_kps: 0.0000, loss: 0.8441
2026-09-13 03:09:47,736 - mmdet - INFO - Epoch [8][600/2182]	lr: 1.000e-03, eta: 1:49:16, time: 0.239, data_time: 0.038, memory: 7986, loss_cls: 0.4642, loss_bbox: 0.3957, loss_kps: 0.0000, loss: 0.8599
2026-09-13 03:09:59,407 - mmdet - INFO - Epoch [8][650/2182]	lr: 1.000e-03, eta: 1:49:04, time: 0.233, data_time: 0.032, memory: 7986, loss_cls: 0.4708, loss_bbox: 0.3830, loss_kps: 0.0000, loss: 0.8539
2026-09-13 03:10:11,183 - mmdet - INFO - Epoch [8][700/2182]	lr: 1.000e-03, eta: 1:48:52, time: 0.236, data_time: 0.032, memory: 7986, loss_cls: 0.4593, loss_bbox: 0.3949, loss_kps: 0.0000, loss: 0.8542
2026-09-13 03:10:22,938 - mmdet - INFO - Epoch [8][750/2182]	lr: 1.000e-03, eta: 1:48:41, time: 0.235, data_time: 0.033, memory: 7986, loss_cls: 0.4739, loss_bbox: 0.4002, loss_kps: 0.0000, loss: 0.8741
2026-09-13 03:10:34,627 - mmdet - INFO - Epoch [8][800/2182]	lr: 1.000e-03, eta: 1:48:29, time: 0.234, data_time: 0.033, memory: 7986, loss_cls: 0.4638, loss_bbox: 0.3809, loss_kps: 0.0000, loss: 0.8448
2026-09-13 03:10:46,489 - mmdet - INFO - Epoch [8][850/2182]	lr: 1.000e-03, eta: 1:48:17, time: 0.237, data_time: 0.035, memory: 7986, loss_cls: 0.4511, loss_bbox: 0.3866, loss_kps: 0.0000, loss: 0.8377
2026-09-13 03:10:58,262 - mmdet - INFO - Epoch [8][900/2182]	lr: 1.000e-03, eta: 1:48:05, time: 0.235, data_time: 0.032, memory: 7986, loss_cls: 0.4442, loss_bbox: 0.3762, loss_kps: 0.0000, loss: 0.8205
2026-09-13 03:11:09,801 - mmdet - INFO - Epoch [8][950/2182]	lr: 1.000e-03, eta: 1:47:53, time: 0.231, data_time: 0.032, memory: 7986, loss_cls: 0.4723, loss_bbox: 0.3901, loss_kps: 0.0000, loss: 0.8624
2026-09-13 03:11:21,643 - mmdet - INFO - Epoch [8][1000/2182]	lr: 1.000e-03, eta: 1:47:41, time: 0.237, data_time: 0.033, memory: 7986, loss_cls: 0.4686, loss_bbox: 0.3968, loss_kps: 0.0000, loss: 0.8654
2026-09-13 03:11:33,471 - mmdet - INFO - Epoch [8][1050/2182]	lr: 1.000e-03, eta: 1:47:29, time: 0.237, data_time: 0.033, memory: 7986, loss_cls: 0.4764, loss_bbox: 0.3935, loss_kps: 0.0000, loss: 0.8700
2026-09-13 03:11:45,438 - mmdet - INFO - Epoch [8][1100/2182]	lr: 1.000e-03, eta: 1:47:18, time: 0.239, data_time: 0.032, memory: 7986, loss_cls: 0.4644, loss_bbox: 0.3971, loss_kps: 0.0000, loss: 0.8615
2026-09-13 03:11:57,037 - mmdet - INFO - Epoch [8][1150/2182]	lr: 1.000e-03, eta: 1:47:06, time: 0.232, data_time: 0.032, memory: 7986, loss_cls: 0.4746, loss_bbox: 0.3954, loss_kps: 0.0000, loss: 0.8700
2026-09-13 03:12:09,055 - mmdet - INFO - Epoch [8][1200/2182]	lr: 1.000e-03, eta: 1:46:54, time: 0.240, data_time: 0.033, memory: 7986, loss_cls: 0.4613, loss_bbox: 0.3867, loss_kps: 0.0000, loss: 0.8480
2026-09-13 03:12:20,734 - mmdet - INFO - Epoch [8][1250/2182]	lr: 1.000e-03, eta: 1:46:42, time: 0.234, data_time: 0.034, memory: 7986, loss_cls: 0.4590, loss_bbox: 0.3928, loss_kps: 0.0000, loss: 0.8518
2026-09-13 03:12:32,616 - mmdet - INFO - Epoch [8][1300/2182]	lr: 1.000e-03, eta: 1:46:30, time: 0.238, data_time: 0.038, memory: 7986, loss_cls: 0.4700, loss_bbox: 0.3970, loss_kps: 0.0000, loss: 0.8671
2026-09-13 03:12:44,371 - mmdet - INFO - Epoch [8][1350/2182]	lr: 1.000e-03, eta: 1:46:18, time: 0.235, data_time: 0.032, memory: 7986, loss_cls: 0.4546, loss_bbox: 0.3894, loss_kps: 0.0000, loss: 0.8441
2026-09-13 03:12:56,053 - mmdet - INFO - Epoch [8][1400/2182]	lr: 1.000e-03, eta: 1:46:06, time: 0.234, data_time: 0.033, memory: 7986, loss_cls: 0.4654, loss_bbox: 0.3900, loss_kps: 0.0000, loss: 0.8555
2026-09-13 03:13:07,696 - mmdet - INFO - Epoch [8][1450/2182]	lr: 1.000e-03, eta: 1:45:54, time: 0.233, data_time: 0.033, memory: 7986, loss_cls: 0.4675, loss_bbox: 0.3877, loss_kps: 0.0000, loss: 0.8552
2026-09-13 03:13:19,552 - mmdet - INFO - Epoch [8][1500/2182]	lr: 1.000e-03, eta: 1:45:43, time: 0.237, data_time: 0.033, memory: 7986, loss_cls: 0.4676, loss_bbox: 0.3954, loss_kps: 0.0000, loss: 0.8631
2026-09-13 03:13:31,498 - mmdet - INFO - Epoch [8][1550/2182]	lr: 1.000e-03, eta: 1:45:31, time: 0.239, data_time: 0.034, memory: 7986, loss_cls: 0.4594, loss_bbox: 0.3901, loss_kps: 0.0000, loss: 0.8495
2026-09-13 03:13:43,143 - mmdet - INFO - Epoch [8][1600/2182]	lr: 1.000e-03, eta: 1:45:19, time: 0.233, data_time: 0.033, memory: 7986, loss_cls: 0.4694, loss_bbox: 0.3998, loss_kps: 0.0000, loss: 0.8692
2026-09-13 03:13:54,820 - mmdet - INFO - Epoch [8][1650/2182]	lr: 1.000e-03, eta: 1:45:07, time: 0.234, data_time: 0.034, memory: 7986, loss_cls: 0.4521, loss_bbox: 0.3829, loss_kps: 0.0000, loss: 0.8349
2026-09-13 03:14:06,587 - mmdet - INFO - Epoch [8][1700/2182]	lr: 1.000e-03, eta: 1:44:55, time: 0.235, data_time: 0.033, memory: 7986, loss_cls: 0.4648, loss_bbox: 0.3861, loss_kps: 0.0000, loss: 0.8509
2026-09-13 03:14:18,289 - mmdet - INFO - Epoch [8][1750/2182]	lr: 1.000e-03, eta: 1:44:43, time: 0.234, data_time: 0.033, memory: 7986, loss_cls: 0.4419, loss_bbox: 0.3835, loss_kps: 0.0000, loss: 0.8255
2026-09-13 03:14:30,036 - mmdet - INFO - Epoch [8][1800/2182]	lr: 1.000e-03, eta: 1:44:31, time: 0.235, data_time: 0.035, memory: 7986, loss_cls: 0.4565, loss_bbox: 0.3900, loss_kps: 0.0000, loss: 0.8465
2026-09-13 03:14:42,173 - mmdet - INFO - Epoch [8][1850/2182]	lr: 1.000e-03, eta: 1:44:20, time: 0.243, data_time: 0.032, memory: 7986, loss_cls: 0.4483, loss_bbox: 0.3861, loss_kps: 0.0000, loss: 0.8345
2026-09-13 03:14:53,824 - mmdet - INFO - Epoch [8][1900/2182]	lr: 1.000e-03, eta: 1:44:08, time: 0.233, data_time: 0.034, memory: 7986, loss_cls: 0.4614, loss_bbox: 0.3911, loss_kps: 0.0000, loss: 0.8525
2026-09-13 03:15:05,432 - mmdet - INFO - Epoch [8][1950/2182]	lr: 1.000e-03, eta: 1:43:56, time: 0.232, data_time: 0.032, memory: 7986, loss_cls: 0.4692, loss_bbox: 0.3956, loss_kps: 0.0000, loss: 0.8648
2026-09-13 03:15:17,068 - mmdet - INFO - Epoch [8][2000/2182]	lr: 1.000e-03, eta: 1:43:44, time: 0.233, data_time: 0.032, memory: 7986, loss_cls: 0.4621, loss_bbox: 0.3923, loss_kps: 0.0000, loss: 0.8545
2026-09-13 03:15:29,018 - mmdet - INFO - Epoch [8][2050/2182]	lr: 1.000e-03, eta: 1:43:32, time: 0.239, data_time: 0.039, memory: 7986, loss_cls: 0.4548, loss_bbox: 0.3860, loss_kps: 0.0000, loss: 0.8408
2026-09-13 03:15:40,701 - mmdet - INFO - Epoch [8][2100/2182]	lr: 1.000e-03, eta: 1:43:20, time: 0.234, data_time: 0.033, memory: 7986, loss_cls: 0.4483, loss_bbox: 0.3964, loss_kps: 0.0000, loss: 0.8447
2026-09-13 03:15:52,278 - mmdet - INFO - Epoch [8][2150/2182]	lr: 1.000e-03, eta: 1:43:08, time: 0.232, data_time: 0.034, memory: 7986, loss_cls: 0.4720, loss_bbox: 0.3834, loss_kps: 0.0000, loss: 0.8554
2026-09-13 03:15:59,491 - mmdet - INFO - Saving checkpoint at 8 epochs
2026-09-13 03:16:17,511 - mmdet - INFO - Epoch [9][50/2182]	lr: 1.000e-03, eta: 1:42:46, time: 0.357, data_time: 0.138, memory: 7986, loss_cls: 0.4421, loss_bbox: 0.3862, loss_kps: 0.0000, loss: 0.8283
2026-09-13 03:16:29,155 - mmdet - INFO - Epoch [9][100/2182]	lr: 1.000e-03, eta: 1:42:34, time: 0.233, data_time: 0.029, memory: 7986, loss_cls: 0.4602, loss_bbox: 0.4062, loss_kps: 0.0000, loss: 0.8664
2026-09-13 03:16:40,786 - mmdet - INFO - Epoch [9][150/2182]	lr: 1.000e-03, eta: 1:42:22, time: 0.232, data_time: 0.029, memory: 7986, loss_cls: 0.4661, loss_bbox: 0.3986, loss_kps: 0.0000, loss: 0.8647
2026-09-13 03:16:52,641 - mmdet - INFO - Epoch [9][200/2182]	lr: 1.000e-03, eta: 1:42:11, time: 0.237, data_time: 0.029, memory: 7986, loss_cls: 0.4598, loss_bbox: 0.3888, loss_kps: 0.0000, loss: 0.8486
2026-09-13 03:17:04,615 - mmdet - INFO - Epoch [9][250/2182]	lr: 1.000e-03, eta: 1:41:59, time: 0.240, data_time: 0.029, memory: 7986, loss_cls: 0.4668, loss_bbox: 0.3909, loss_kps: 0.0000, loss: 0.8577
2026-09-13 03:17:16,259 - mmdet - INFO - Epoch [9][300/2182]	lr: 1.000e-03, eta: 1:41:47, time: 0.233, data_time: 0.031, memory: 7986, loss_cls: 0.4591, loss_bbox: 0.3805, loss_kps: 0.0000, loss: 0.8396
2026-09-13 03:17:28,002 - mmdet - INFO - Epoch [9][350/2182]	lr: 1.000e-03, eta: 1:41:35, time: 0.235, data_time: 0.030, memory: 7986, loss_cls: 0.4780, loss_bbox: 0.3814, loss_kps: 0.0000, loss: 0.8594
2026-09-13 03:17:39,831 - mmdet - INFO - Epoch [9][400/2182]	lr: 1.000e-03, eta: 1:41:23, time: 0.236, data_time: 0.030, memory: 7986, loss_cls: 0.4640, loss_bbox: 0.3914, loss_kps: 0.0000, loss: 0.8554
2026-09-13 03:17:51,626 - mmdet - INFO - Epoch [9][450/2182]	lr: 1.000e-03, eta: 1:41:12, time: 0.236, data_time: 0.032, memory: 7986, loss_cls: 0.4678, loss_bbox: 0.3976, loss_kps: 0.0000, loss: 0.8653
2026-09-13 03:18:03,242 - mmdet - INFO - Epoch [9][500/2182]	lr: 1.000e-03, eta: 1:41:00, time: 0.232, data_time: 0.030, memory: 7986, loss_cls: 0.4335, loss_bbox: 0.3823, loss_kps: 0.0000, loss: 0.8158
2026-09-13 03:18:14,942 - mmdet - INFO - Epoch [9][550/2182]	lr: 1.000e-03, eta: 1:40:48, time: 0.234, data_time: 0.030, memory: 7986, loss_cls: 0.4669, loss_bbox: 0.3839, loss_kps: 0.0000, loss: 0.8509
2026-09-13 03:18:27,050 - mmdet - INFO - Epoch [9][600/2182]	lr: 1.000e-03, eta: 1:40:36, time: 0.242, data_time: 0.037, memory: 7986, loss_cls: 0.4555, loss_bbox: 0.3900, loss_kps: 0.0000, loss: 0.8455
2026-09-13 03:18:38,782 - mmdet - INFO - Epoch [9][650/2182]	lr: 1.000e-03, eta: 1:40:24, time: 0.235, data_time: 0.029, memory: 7986, loss_cls: 0.4827, loss_bbox: 0.3863, loss_kps: 0.0000, loss: 0.8690
2026-09-13 03:18:50,466 - mmdet - INFO - Epoch [9][700/2182]	lr: 1.000e-03, eta: 1:40:12, time: 0.234, data_time: 0.030, memory: 7986, loss_cls: 0.4610, loss_bbox: 0.3880, loss_kps: 0.0000, loss: 0.8490
2026-09-13 03:19:02,381 - mmdet - INFO - Epoch [9][750/2182]	lr: 1.000e-03, eta: 1:40:01, time: 0.238, data_time: 0.030, memory: 7986, loss_cls: 0.4727, loss_bbox: 0.3969, loss_kps: 0.0000, loss: 0.8695
2026-09-13 03:19:13,910 - mmdet - INFO - Epoch [9][800/2182]	lr: 1.000e-03, eta: 1:39:49, time: 0.231, data_time: 0.029, memory: 7986, loss_cls: 0.4524, loss_bbox: 0.3865, loss_kps: 0.0000, loss: 0.8389
2026-09-13 03:19:25,691 - mmdet - INFO - Epoch [9][850/2182]	lr: 1.000e-03, eta: 1:39:37, time: 0.236, data_time: 0.032, memory: 7986, loss_cls: 0.4522, loss_bbox: 0.3895, loss_kps: 0.0000, loss: 0.8417
2026-09-13 03:19:37,647 - mmdet - INFO - Epoch [9][900/2182]	lr: 1.000e-03, eta: 1:39:25, time: 0.239, data_time: 0.030, memory: 7986, loss_cls: 0.4546, loss_bbox: 0.4005, loss_kps: 0.0000, loss: 0.8551
2026-09-13 03:19:49,449 - mmdet - INFO - Epoch [9][950/2182]	lr: 1.000e-03, eta: 1:39:13, time: 0.236, data_time: 0.029, memory: 7986, loss_cls: 0.4496, loss_bbox: 0.3811, loss_kps: 0.0000, loss: 0.8307
2026-09-13 03:20:01,096 - mmdet - INFO - Epoch [9][1000/2182]	lr: 1.000e-03, eta: 1:39:01, time: 0.233, data_time: 0.028, memory: 7986, loss_cls: 0.4535, loss_bbox: 0.3846, loss_kps: 0.0000, loss: 0.8382
2026-09-13 03:20:12,791 - mmdet - INFO - Epoch [9][1050/2182]	lr: 1.000e-03, eta: 1:38:50, time: 0.234, data_time: 0.029, memory: 7986, loss_cls: 0.4658, loss_bbox: 0.3858, loss_kps: 0.0000, loss: 0.8515
2026-09-13 03:20:24,507 - mmdet - INFO - Epoch [9][1100/2182]	lr: 1.000e-03, eta: 1:38:38, time: 0.234, data_time: 0.031, memory: 7986, loss_cls: 0.4674, loss_bbox: 0.3933, loss_kps: 0.0000, loss: 0.8607
2026-09-13 03:20:36,184 - mmdet - INFO - Epoch [9][1150/2182]	lr: 1.000e-03, eta: 1:38:26, time: 0.233, data_time: 0.031, memory: 7986, loss_cls: 0.4536, loss_bbox: 0.4002, loss_kps: 0.0000, loss: 0.8537
2026-09-13 03:20:47,900 - mmdet - INFO - Epoch [9][1200/2182]	lr: 1.000e-03, eta: 1:38:14, time: 0.234, data_time: 0.030, memory: 7986, loss_cls: 0.4503, loss_bbox: 0.3844, loss_kps: 0.0000, loss: 0.8347
2026-09-13 03:20:59,465 - mmdet - INFO - Epoch [9][1250/2182]	lr: 1.000e-03, eta: 1:38:02, time: 0.231, data_time: 0.032, memory: 7986, loss_cls: 0.4604, loss_bbox: 0.3856, loss_kps: 0.0000, loss: 0.8460
2026-09-13 03:21:11,438 - mmdet - INFO - Epoch [9][1300/2182]	lr: 1.000e-03, eta: 1:37:50, time: 0.239, data_time: 0.036, memory: 7986, loss_cls: 0.4503, loss_bbox: 0.3867, loss_kps: 0.0000, loss: 0.8369
2026-09-13 03:21:23,101 - mmdet - INFO - Epoch [9][1350/2182]	lr: 1.000e-03, eta: 1:37:38, time: 0.233, data_time: 0.030, memory: 7986, loss_cls: 0.4565, loss_bbox: 0.3948, loss_kps: 0.0000, loss: 0.8513
2026-09-13 03:21:34,683 - mmdet - INFO - Epoch [9][1400/2182]	lr: 1.000e-03, eta: 1:37:26, time: 0.232, data_time: 0.030, memory: 7986, loss_cls: 0.4543, loss_bbox: 0.3873, loss_kps: 0.0000, loss: 0.8416
2026-09-13 03:21:46,414 - mmdet - INFO - Epoch [9][1450/2182]	lr: 1.000e-03, eta: 1:37:14, time: 0.235, data_time: 0.028, memory: 7986, loss_cls: 0.4703, loss_bbox: 0.3974, loss_kps: 0.0000, loss: 0.8677
2026-09-13 03:21:58,109 - mmdet - INFO - Epoch [9][1500/2182]	lr: 1.000e-03, eta: 1:37:02, time: 0.234, data_time: 0.030, memory: 7986, loss_cls: 0.4437, loss_bbox: 0.3787, loss_kps: 0.0000, loss: 0.8224
2026-09-13 03:22:09,674 - mmdet - INFO - Epoch [9][1550/2182]	lr: 1.000e-03, eta: 1:36:50, time: 0.231, data_time: 0.031, memory: 7986, loss_cls: 0.4677, loss_bbox: 0.3967, loss_kps: 0.0000, loss: 0.8644
2026-09-13 03:22:21,575 - mmdet - INFO - Epoch [9][1600/2182]	lr: 1.000e-03, eta: 1:36:39, time: 0.238, data_time: 0.030, memory: 7986, loss_cls: 0.4613, loss_bbox: 0.3782, loss_kps: 0.0000, loss: 0.8394
2026-09-13 03:22:33,330 - mmdet - INFO - Epoch [9][1650/2182]	lr: 1.000e-03, eta: 1:36:27, time: 0.235, data_time: 0.033, memory: 7986, loss_cls: 0.4496, loss_bbox: 0.3795, loss_kps: 0.0000, loss: 0.8291
2026-09-13 03:22:44,960 - mmdet - INFO - Epoch [9][1700/2182]	lr: 1.000e-03, eta: 1:36:15, time: 0.233, data_time: 0.031, memory: 7986, loss_cls: 0.4630, loss_bbox: 0.3849, loss_kps: 0.0000, loss: 0.8478
2026-09-13 03:22:56,453 - mmdet - INFO - Epoch [9][1750/2182]	lr: 1.000e-03, eta: 1:36:02, time: 0.230, data_time: 0.031, memory: 7986, loss_cls: 0.4430, loss_bbox: 0.3818, loss_kps: 0.0000, loss: 0.8249
2026-09-13 03:23:08,071 - mmdet - INFO - Epoch [9][1800/2182]	lr: 1.000e-03, eta: 1:35:50, time: 0.232, data_time: 0.031, memory: 7986, loss_cls: 0.4566, loss_bbox: 0.3809, loss_kps: 0.0000, loss: 0.8376
2026-09-13 03:23:19,627 - mmdet - INFO - Epoch [9][1850/2182]	lr: 1.000e-03, eta: 1:35:38, time: 0.231, data_time: 0.030, memory: 7986, loss_cls: 0.4448, loss_bbox: 0.3840, loss_kps: 0.0000, loss: 0.8288
2026-09-13 03:23:31,428 - mmdet - INFO - Epoch [9][1900/2182]	lr: 1.000e-03, eta: 1:35:27, time: 0.236, data_time: 0.030, memory: 7986, loss_cls: 0.4641, loss_bbox: 0.3878, loss_kps: 0.0000, loss: 0.8520
2026-09-13 03:23:43,148 - mmdet - INFO - Epoch [9][1950/2182]	lr: 1.000e-03, eta: 1:35:15, time: 0.234, data_time: 0.030, memory: 7986, loss_cls: 0.4467, loss_bbox: 0.3887, loss_kps: 0.0000, loss: 0.8354
2026-09-13 03:23:55,049 - mmdet - INFO - Epoch [9][2000/2182]	lr: 1.000e-03, eta: 1:35:03, time: 0.238, data_time: 0.037, memory: 7986, loss_cls: 0.4538, loss_bbox: 0.3860, loss_kps: 0.0000, loss: 0.8398
2026-09-13 03:24:06,661 - mmdet - INFO - Epoch [9][2050/2182]	lr: 1.000e-03, eta: 1:34:51, time: 0.232, data_time: 0.030, memory: 7986, loss_cls: 0.4630, loss_bbox: 0.3942, loss_kps: 0.0000, loss: 0.8572
2026-09-13 03:24:18,205 - mmdet - INFO - Epoch [9][2100/2182]	lr: 1.000e-03, eta: 1:34:39, time: 0.231, data_time: 0.029, memory: 7986, loss_cls: 0.4728, loss_bbox: 0.3910, loss_kps: 0.0000, loss: 0.8638
2026-09-13 03:24:29,967 - mmdet - INFO - Epoch [9][2150/2182]	lr: 1.000e-03, eta: 1:34:27, time: 0.235, data_time: 0.032, memory: 7986, loss_cls: 0.4372, loss_bbox: 0.3771, loss_kps: 0.0000, loss: 0.8143
2026-09-13 03:24:37,073 - mmdet - INFO - Saving checkpoint at 9 epochs
2026-09-13 03:24:55,567 - mmdet - INFO - Epoch [10][50/2182]	lr: 1.000e-03, eta: 1:34:07, time: 0.366, data_time: 0.140, memory: 7986, loss_cls: 0.4539, loss_bbox: 0.3972, loss_kps: 0.0000, loss: 0.8511
2026-09-13 03:25:07,233 - mmdet - INFO - Epoch [10][100/2182]	lr: 1.000e-03, eta: 1:33:55, time: 0.233, data_time: 0.030, memory: 7986, loss_cls: 0.4666, loss_bbox: 0.4006, loss_kps: 0.0000, loss: 0.8672
2026-09-13 03:25:18,899 - mmdet - INFO - Epoch [10][150/2182]	lr: 1.000e-03, eta: 1:33:43, time: 0.233, data_time: 0.031, memory: 7986, loss_cls: 0.4700, loss_bbox: 0.3868, loss_kps: 0.0000, loss: 0.8568
2026-09-13 03:25:30,489 - mmdet - INFO - Epoch [10][200/2182]	lr: 1.000e-03, eta: 1:33:31, time: 0.232, data_time: 0.030, memory: 7986, loss_cls: 0.4346, loss_bbox: 0.3775, loss_kps: 0.0000, loss: 0.8121
2026-09-13 03:25:42,177 - mmdet - INFO - Epoch [10][250/2182]	lr: 1.000e-03, eta: 1:33:19, time: 0.234, data_time: 0.031, memory: 7986, loss_cls: 0.4525, loss_bbox: 0.3915, loss_kps: 0.0000, loss: 0.8440
2026-09-13 03:25:53,809 - mmdet - INFO - Epoch [10][300/2182]	lr: 1.000e-03, eta: 1:33:07, time: 0.233, data_time: 0.029, memory: 7986, loss_cls: 0.4597, loss_bbox: 0.4009, loss_kps: 0.0000, loss: 0.8606
2026-09-13 03:26:05,518 - mmdet - INFO - Epoch [10][350/2182]	lr: 1.000e-03, eta: 1:32:55, time: 0.234, data_time: 0.030, memory: 7986, loss_cls: 0.4826, loss_bbox: 0.3922, loss_kps: 0.0000, loss: 0.8749
2026-09-13 03:26:17,081 - mmdet - INFO - Epoch [10][400/2182]	lr: 1.000e-03, eta: 1:32:43, time: 0.231, data_time: 0.030, memory: 7986, loss_cls: 0.4325, loss_bbox: 0.3816, loss_kps: 0.0000, loss: 0.8141
2026-09-13 03:26:28,998 - mmdet - INFO - Epoch [10][450/2182]	lr: 1.000e-03, eta: 1:32:31, time: 0.238, data_time: 0.037, memory: 7986, loss_cls: 0.4362, loss_bbox: 0.3875, loss_kps: 0.0000, loss: 0.8236
2026-09-13 03:26:40,622 - mmdet - INFO - Epoch [10][500/2182]	lr: 1.000e-03, eta: 1:32:19, time: 0.232, data_time: 0.029, memory: 7986, loss_cls: 0.4529, loss_bbox: 0.3808, loss_kps: 0.0000, loss: 0.8337
2026-09-13 03:26:52,189 - mmdet - INFO - Epoch [10][550/2182]	lr: 1.000e-03, eta: 1:32:07, time: 0.231, data_time: 0.029, memory: 7986, loss_cls: 0.4774, loss_bbox: 0.3958, loss_kps: 0.0000, loss: 0.8732
2026-09-13 03:27:03,728 - mmdet - INFO - Epoch [10][600/2182]	lr: 1.000e-03, eta: 1:31:55, time: 0.231, data_time: 0.031, memory: 7986, loss_cls: 0.4537, loss_bbox: 0.3839, loss_kps: 0.0000, loss: 0.8377
2026-09-13 03:27:15,369 - mmdet - INFO - Epoch [10][650/2182]	lr: 1.000e-03, eta: 1:31:43, time: 0.233, data_time: 0.031, memory: 7986, loss_cls: 0.4493, loss_bbox: 0.3900, loss_kps: 0.0000, loss: 0.8393
2026-09-13 03:27:27,111 - mmdet - INFO - Epoch [10][700/2182]	lr: 1.000e-03, eta: 1:31:31, time: 0.235, data_time: 0.030, memory: 7986, loss_cls: 0.4620, loss_bbox: 0.3944, loss_kps: 0.0000, loss: 0.8564
2026-09-13 03:27:38,805 - mmdet - INFO - Epoch [10][750/2182]	lr: 1.000e-03, eta: 1:31:19, time: 0.234, data_time: 0.030, memory: 7986, loss_cls: 0.4635, loss_bbox: 0.3915, loss_kps: 0.0000, loss: 0.8550
2026-09-13 03:27:50,474 - mmdet - INFO - Epoch [10][800/2182]	lr: 1.000e-03, eta: 1:31:08, time: 0.233, data_time: 0.031, memory: 7986, loss_cls: 0.4694, loss_bbox: 0.3975, loss_kps: 0.0000, loss: 0.8668
2026-09-13 03:28:02,298 - mmdet - INFO - Epoch [10][850/2182]	lr: 1.000e-03, eta: 1:30:56, time: 0.237, data_time: 0.030, memory: 7986, loss_cls: 0.4296, loss_bbox: 0.3757, loss_kps: 0.0000, loss: 0.8053
2026-09-13 03:28:13,886 - mmdet - INFO - Epoch [10][900/2182]	lr: 1.000e-03, eta: 1:30:44, time: 0.232, data_time: 0.031, memory: 7986, loss_cls: 0.4678, loss_bbox: 0.3874, loss_kps: 0.0000, loss: 0.8552
2026-09-13 03:28:25,464 - mmdet - INFO - Epoch [10][950/2182]	lr: 1.000e-03, eta: 1:30:32, time: 0.232, data_time: 0.032, memory: 7986, loss_cls: 0.4344, loss_bbox: 0.3788, loss_kps: 0.0000, loss: 0.8132
2026-09-13 03:28:37,136 - mmdet - INFO - Epoch [10][1000/2182]	lr: 1.000e-03, eta: 1:30:20, time: 0.234, data_time: 0.030, memory: 7986, loss_cls: 0.4404, loss_bbox: 0.3914, loss_kps: 0.0000, loss: 0.8318
2026-09-13 03:28:48,793 - mmdet - INFO - Epoch [10][1050/2182]	lr: 1.000e-03, eta: 1:30:08, time: 0.233, data_time: 0.031, memory: 7986, loss_cls: 0.4635, loss_bbox: 0.3877, loss_kps: 0.0000, loss: 0.8511
2026-09-13 03:29:00,978 - mmdet - INFO - Epoch [10][1100/2182]	lr: 1.000e-03, eta: 1:29:57, time: 0.244, data_time: 0.036, memory: 7986, loss_cls: 0.4468, loss_bbox: 0.3826, loss_kps: 0.0000, loss: 0.8294
2026-09-13 03:29:12,800 - mmdet - INFO - Epoch [10][1150/2182]	lr: 1.000e-03, eta: 1:29:45, time: 0.236, data_time: 0.030, memory: 7986, loss_cls: 0.4342, loss_bbox: 0.3872, loss_kps: 0.0000, loss: 0.8214
2026-09-13 03:29:24,683 - mmdet - INFO - Epoch [10][1200/2182]	lr: 1.000e-03, eta: 1:29:33, time: 0.238, data_time: 0.032, memory: 7986, loss_cls: 0.4690, loss_bbox: 0.3944, loss_kps: 0.0000, loss: 0.8634
2026-09-13 03:29:36,461 - mmdet - INFO - Epoch [10][1250/2182]	lr: 1.000e-03, eta: 1:29:21, time: 0.236, data_time: 0.032, memory: 7986, loss_cls: 0.4415, loss_bbox: 0.3919, loss_kps: 0.0000, loss: 0.8334
2026-09-13 03:29:48,229 - mmdet - INFO - Epoch [10][1300/2182]	lr: 1.000e-03, eta: 1:29:10, time: 0.235, data_time: 0.032, memory: 7986, loss_cls: 0.4663, loss_bbox: 0.3846, loss_kps: 0.0000, loss: 0.8509
2026-09-13 03:30:00,088 - mmdet - INFO - Epoch [10][1350/2182]	lr: 1.000e-03, eta: 1:28:58, time: 0.237, data_time: 0.031, memory: 7986, loss_cls: 0.4561, loss_bbox: 0.3759, loss_kps: 0.0000, loss: 0.8319
2026-09-13 03:30:11,892 - mmdet - INFO - Epoch [10][1400/2182]	lr: 1.000e-03, eta: 1:28:46, time: 0.236, data_time: 0.031, memory: 7986, loss_cls: 0.4460, loss_bbox: 0.3837, loss_kps: 0.0000, loss: 0.8297
2026-09-13 03:30:23,644 - mmdet - INFO - Epoch [10][1450/2182]	lr: 1.000e-03, eta: 1:28:34, time: 0.235, data_time: 0.032, memory: 7986, loss_cls: 0.4454, loss_bbox: 0.3728, loss_kps: 0.0000, loss: 0.8181
2026-09-13 03:30:35,458 - mmdet - INFO - Epoch [10][1500/2182]	lr: 1.000e-03, eta: 1:28:23, time: 0.236, data_time: 0.031, memory: 7986, loss_cls: 0.4514, loss_bbox: 0.3890, loss_kps: 0.0000, loss: 0.8404
2026-09-13 03:30:47,316 - mmdet - INFO - Epoch [10][1550/2182]	lr: 1.000e-03, eta: 1:28:11, time: 0.237, data_time: 0.031, memory: 7986, loss_cls: 0.4946, loss_bbox: 0.3904, loss_kps: 0.0000, loss: 0.8850
2026-09-13 03:30:59,303 - mmdet - INFO - Epoch [10][1600/2182]	lr: 1.000e-03, eta: 1:27:59, time: 0.240, data_time: 0.031, memory: 7986, loss_cls: 0.4416, loss_bbox: 0.3739, loss_kps: 0.0000, loss: 0.8155
2026-09-13 03:31:11,188 - mmdet - INFO - Epoch [10][1650/2182]	lr: 1.000e-03, eta: 1:27:48, time: 0.238, data_time: 0.034, memory: 7986, loss_cls: 0.4484, loss_bbox: 0.3909, loss_kps: 0.0000, loss: 0.8393
2026-09-13 03:31:23,149 - mmdet - INFO - Epoch [10][1700/2182]	lr: 1.000e-03, eta: 1:27:36, time: 0.239, data_time: 0.038, memory: 7986, loss_cls: 0.4601, loss_bbox: 0.3849, loss_kps: 0.0000, loss: 0.8451
2026-09-13 03:31:34,782 - mmdet - INFO - Epoch [10][1750/2182]	lr: 1.000e-03, eta: 1:27:24, time: 0.233, data_time: 0.032, memory: 7986, loss_cls: 0.4596, loss_bbox: 0.3926, loss_kps: 0.0000, loss: 0.8522
2026-09-13 03:31:46,482 - mmdet - INFO - Epoch [10][1800/2182]	lr: 1.000e-03, eta: 1:27:12, time: 0.234, data_time: 0.032, memory: 7986, loss_cls: 0.4489, loss_bbox: 0.3900, loss_kps: 0.0000, loss: 0.8389
2026-09-13 03:31:58,685 - mmdet - INFO - Epoch [10][1850/2182]	lr: 1.000e-03, eta: 1:27:01, time: 0.244, data_time: 0.034, memory: 7986, loss_cls: 0.4629, loss_bbox: 0.4053, loss_kps: 0.0000, loss: 0.8682
2026-09-13 03:32:10,381 - mmdet - INFO - Epoch [10][1900/2182]	lr: 1.000e-03, eta: 1:26:49, time: 0.234, data_time: 0.032, memory: 7986, loss_cls: 0.4494, loss_bbox: 0.3894, loss_kps: 0.0000, loss: 0.8388
2026-09-13 03:32:22,093 - mmdet - INFO - Epoch [10][1950/2182]	lr: 1.000e-03, eta: 1:26:37, time: 0.234, data_time: 0.031, memory: 7986, loss_cls: 0.4580, loss_bbox: 0.3809, loss_kps: 0.0000, loss: 0.8389
2026-09-13 03:32:33,995 - mmdet - INFO - Epoch [10][2000/2182]	lr: 1.000e-03, eta: 1:26:25, time: 0.238, data_time: 0.032, memory: 7986, loss_cls: 0.4501, loss_bbox: 0.3849, loss_kps: 0.0000, loss: 0.8350
2026-09-13 03:32:45,774 - mmdet - INFO - Epoch [10][2050/2182]	lr: 1.000e-03, eta: 1:26:14, time: 0.235, data_time: 0.031, memory: 7986, loss_cls: 0.4388, loss_bbox: 0.3899, loss_kps: 0.0000, loss: 0.8286
2026-09-13 03:32:57,810 - mmdet - INFO - Epoch [10][2100/2182]	lr: 1.000e-03, eta: 1:26:02, time: 0.241, data_time: 0.032, memory: 7986, loss_cls: 0.4611, loss_bbox: 0.3820, loss_kps: 0.0000, loss: 0.8431
2026-09-13 03:33:09,849 - mmdet - INFO - Epoch [10][2150/2182]	lr: 1.000e-03, eta: 1:25:51, time: 0.241, data_time: 0.032, memory: 7986, loss_cls: 0.4512, loss_bbox: 0.3827, loss_kps: 0.0000, loss: 0.8339
2026-09-13 03:33:17,627 - mmdet - INFO - Saving checkpoint at 10 epochs
2026-09-13 03:33:35,792 - mmdet - INFO - Epoch [11][50/2182]	lr: 1.000e-03, eta: 1:25:30, time: 0.360, data_time: 0.139, memory: 7986, loss_cls: 0.4562, loss_bbox: 0.3870, loss_kps: 0.0000, loss: 0.8432
2026-09-13 03:33:47,563 - mmdet - INFO - Epoch [11][100/2182]	lr: 1.000e-03, eta: 1:25:18, time: 0.235, data_time: 0.033, memory: 7986, loss_cls: 0.4574, loss_bbox: 0.3875, loss_kps: 0.0000, loss: 0.8450
2026-09-13 03:33:59,149 - mmdet - INFO - Epoch [11][150/2182]	lr: 1.000e-03, eta: 1:25:06, time: 0.232, data_time: 0.033, memory: 7986, loss_cls: 0.4651, loss_bbox: 0.3902, loss_kps: 0.0000, loss: 0.8554
2026-09-13 03:34:11,152 - mmdet - INFO - Epoch [11][200/2182]	lr: 1.000e-03, eta: 1:24:55, time: 0.240, data_time: 0.040, memory: 7986, loss_cls: 0.4583, loss_bbox: 0.3905, loss_kps: 0.0000, loss: 0.8488
2026-09-13 03:34:22,788 - mmdet - INFO - Epoch [11][250/2182]	lr: 1.000e-03, eta: 1:24:43, time: 0.233, data_time: 0.033, memory: 7986, loss_cls: 0.4379, loss_bbox: 0.3843, loss_kps: 0.0000, loss: 0.8221
2026-09-13 03:34:34,435 - mmdet - INFO - Epoch [11][300/2182]	lr: 1.000e-03, eta: 1:24:31, time: 0.233, data_time: 0.032, memory: 7986, loss_cls: 0.4548, loss_bbox: 0.3904, loss_kps: 0.0000, loss: 0.8453
2026-09-13 03:34:46,108 - mmdet - INFO - Epoch [11][350/2182]	lr: 1.000e-03, eta: 1:24:19, time: 0.234, data_time: 0.033, memory: 7986, loss_cls: 0.4556, loss_bbox: 0.3957, loss_kps: 0.0000, loss: 0.8513
2026-09-13 03:34:57,871 - mmdet - INFO - Epoch [11][400/2182]	lr: 1.000e-03, eta: 1:24:07, time: 0.235, data_time: 0.035, memory: 7986, loss_cls: 0.4402, loss_bbox: 0.3818, loss_kps: 0.0000, loss: 0.8221
2026-09-13 03:35:09,660 - mmdet - INFO - Epoch [11][450/2182]	lr: 1.000e-03, eta: 1:23:55, time: 0.236, data_time: 0.034, memory: 7986, loss_cls: 0.4496, loss_bbox: 0.3881, loss_kps: 0.0000, loss: 0.8377
2026-09-13 03:35:21,675 - mmdet - INFO - Epoch [11][500/2182]	lr: 1.000e-03, eta: 1:23:44, time: 0.240, data_time: 0.034, memory: 7986, loss_cls: 0.4618, loss_bbox: 0.3863, loss_kps: 0.0000, loss: 0.8480
2026-09-13 03:35:33,469 - mmdet - INFO - Epoch [11][550/2182]	lr: 1.000e-03, eta: 1:23:32, time: 0.236, data_time: 0.034, memory: 7986, loss_cls: 0.4591, loss_bbox: 0.3847, loss_kps: 0.0000, loss: 0.8439
2026-09-13 03:35:45,409 - mmdet - INFO - Epoch [11][600/2182]	lr: 1.000e-03, eta: 1:23:20, time: 0.239, data_time: 0.032, memory: 7986, loss_cls: 0.4754, loss_bbox: 0.3903, loss_kps: 0.0000, loss: 0.8657
2026-09-13 03:35:57,144 - mmdet - INFO - Epoch [11][650/2182]	lr: 1.000e-03, eta: 1:23:08, time: 0.235, data_time: 0.033, memory: 7986, loss_cls: 0.4409, loss_bbox: 0.3806, loss_kps: 0.0000, loss: 0.8215
2026-09-13 03:36:08,841 - mmdet - INFO - Epoch [11][700/2182]	lr: 1.000e-03, eta: 1:22:57, time: 0.234, data_time: 0.033, memory: 7986, loss_cls: 0.4564, loss_bbox: 0.3840, loss_kps: 0.0000, loss: 0.8404
2026-09-13 03:36:20,580 - mmdet - INFO - Epoch [11][750/2182]	lr: 1.000e-03, eta: 1:22:45, time: 0.235, data_time: 0.034, memory: 7986, loss_cls: 0.4537, loss_bbox: 0.3908, loss_kps: 0.0000, loss: 0.8445
2026-09-13 03:36:32,369 - mmdet - INFO - Epoch [11][800/2182]	lr: 1.000e-03, eta: 1:22:33, time: 0.236, data_time: 0.034, memory: 7986, loss_cls: 0.4523, loss_bbox: 0.3801, loss_kps: 0.0000, loss: 0.8324
2026-09-13 03:36:44,445 - mmdet - INFO - Epoch [11][850/2182]	lr: 1.000e-03, eta: 1:22:22, time: 0.242, data_time: 0.040, memory: 7986, loss_cls: 0.4547, loss_bbox: 0.3846, loss_kps: 0.0000, loss: 0.8393
2026-09-13 03:36:56,353 - mmdet - INFO - Epoch [11][900/2182]	lr: 1.000e-03, eta: 1:22:10, time: 0.238, data_time: 0.034, memory: 7986, loss_cls: 0.4373, loss_bbox: 0.3778, loss_kps: 0.0000, loss: 0.8151
2026-09-13 03:37:07,946 - mmdet - INFO - Epoch [11][950/2182]	lr: 1.000e-03, eta: 1:21:58, time: 0.232, data_time: 0.033, memory: 7986, loss_cls: 0.4374, loss_bbox: 0.3806, loss_kps: 0.0000, loss: 0.8180
2026-09-13 03:37:19,628 - mmdet - INFO - Epoch [11][1000/2182]	lr: 1.000e-03, eta: 1:21:46, time: 0.234, data_time: 0.034, memory: 7986, loss_cls: 0.4505, loss_bbox: 0.3848, loss_kps: 0.0000, loss: 0.8353
2026-09-13 03:37:31,315 - mmdet - INFO - Epoch [11][1050/2182]	lr: 1.000e-03, eta: 1:21:34, time: 0.234, data_time: 0.033, memory: 7986, loss_cls: 0.4599, loss_bbox: 0.3979, loss_kps: 0.0000, loss: 0.8578
2026-09-13 03:37:42,836 - mmdet - INFO - Epoch [11][1100/2182]	lr: 1.000e-03, eta: 1:21:22, time: 0.230, data_time: 0.034, memory: 7986, loss_cls: 0.4451, loss_bbox: 0.3855, loss_kps: 0.0000, loss: 0.8306
2026-09-13 03:37:54,350 - mmdet - INFO - Epoch [11][1150/2182]	lr: 1.000e-03, eta: 1:21:10, time: 0.230, data_time: 0.033, memory: 7986, loss_cls: 0.4613, loss_bbox: 0.3862, loss_kps: 0.0000, loss: 0.8475
2026-09-13 03:38:05,962 - mmdet - INFO - Epoch [11][1200/2182]	lr: 1.000e-03, eta: 1:20:58, time: 0.232, data_time: 0.033, memory: 7986, loss_cls: 0.4625, loss_bbox: 0.3891, loss_kps: 0.0000, loss: 0.8516
2026-09-13 03:38:17,991 - mmdet - INFO - Epoch [11][1250/2182]	lr: 1.000e-03, eta: 1:20:47, time: 0.241, data_time: 0.033, memory: 7986, loss_cls: 0.4403, loss_bbox: 0.3788, loss_kps: 0.0000, loss: 0.8191
2026-09-13 03:38:29,733 - mmdet - INFO - Epoch [11][1300/2182]	lr: 1.000e-03, eta: 1:20:35, time: 0.235, data_time: 0.033, memory: 7986, loss_cls: 0.4332, loss_bbox: 0.3830, loss_kps: 0.0000, loss: 0.8162
2026-09-13 03:38:41,603 - mmdet - INFO - Epoch [11][1350/2182]	lr: 1.000e-03, eta: 1:20:23, time: 0.237, data_time: 0.033, memory: 7986, loss_cls: 0.4500, loss_bbox: 0.3902, loss_kps: 0.0000, loss: 0.8402
2026-09-13 03:38:53,197 - mmdet - INFO - Epoch [11][1400/2182]	lr: 1.000e-03, eta: 1:20:11, time: 0.232, data_time: 0.032, memory: 7986, loss_cls: 0.4500, loss_bbox: 0.3740, loss_kps: 0.0000, loss: 0.8240
2026-09-13 03:39:04,867 - mmdet - INFO - Epoch [11][1450/2182]	lr: 1.000e-03, eta: 1:19:59, time: 0.233, data_time: 0.032, memory: 7986, loss_cls: 0.4641, loss_bbox: 0.3852, loss_kps: 0.0000, loss: 0.8493
2026-09-13 03:39:16,497 - mmdet - INFO - Epoch [11][1500/2182]	lr: 1.000e-03, eta: 1:19:47, time: 0.233, data_time: 0.032, memory: 7986, loss_cls: 0.4447, loss_bbox: 0.3825, loss_kps: 0.0000, loss: 0.8272
2026-09-13 03:39:28,587 - mmdet - INFO - Epoch [11][1550/2182]	lr: 1.000e-03, eta: 1:19:36, time: 0.242, data_time: 0.038, memory: 7986, loss_cls: 0.4594, loss_bbox: 0.3824, loss_kps: 0.0000, loss: 0.8418
2026-09-13 03:39:40,186 - mmdet - INFO - Epoch [11][1600/2182]	lr: 1.000e-03, eta: 1:19:24, time: 0.232, data_time: 0.032, memory: 7986, loss_cls: 0.4608, loss_bbox: 0.3899, loss_kps: 0.0000, loss: 0.8506
2026-09-13 03:39:51,793 - mmdet - INFO - Epoch [11][1650/2182]	lr: 1.000e-03, eta: 1:19:12, time: 0.232, data_time: 0.032, memory: 7986, loss_cls: 0.4752, loss_bbox: 0.4050, loss_kps: 0.0000, loss: 0.8802
2026-09-13 03:40:03,644 - mmdet - INFO - Epoch [11][1700/2182]	lr: 1.000e-03, eta: 1:19:00, time: 0.237, data_time: 0.034, memory: 7986, loss_cls: 0.4605, loss_bbox: 0.3956, loss_kps: 0.0000, loss: 0.8561
2026-09-13 03:40:15,349 - mmdet - INFO - Epoch [11][1750/2182]	lr: 1.000e-03, eta: 1:18:48, time: 0.234, data_time: 0.032, memory: 7986, loss_cls: 0.4533, loss_bbox: 0.3924, loss_kps: 0.0000, loss: 0.8457
2026-09-13 03:40:27,053 - mmdet - INFO - Epoch [11][1800/2182]	lr: 1.000e-03, eta: 1:18:37, time: 0.234, data_time: 0.031, memory: 7986, loss_cls: 0.4375, loss_bbox: 0.3757, loss_kps: 0.0000, loss: 0.8132
2026-09-13 03:40:38,729 - mmdet - INFO - Epoch [11][1850/2182]	lr: 1.000e-03, eta: 1:18:25, time: 0.233, data_time: 0.031, memory: 7986, loss_cls: 0.4395, loss_bbox: 0.3788, loss_kps: 0.0000, loss: 0.8183
2026-09-13 03:40:50,430 - mmdet - INFO - Epoch [11][1900/2182]	lr: 1.000e-03, eta: 1:18:13, time: 0.234, data_time: 0.031, memory: 7986, loss_cls: 0.4581, loss_bbox: 0.3843, loss_kps: 0.0000, loss: 0.8424
2026-09-13 03:41:02,462 - mmdet - INFO - Epoch [11][1950/2182]	lr: 1.000e-03, eta: 1:18:01, time: 0.241, data_time: 0.033, memory: 7986, loss_cls: 0.4579, loss_bbox: 0.3834, loss_kps: 0.0000, loss: 0.8413
2026-09-13 03:41:14,038 - mmdet - INFO - Epoch [11][2000/2182]	lr: 1.000e-03, eta: 1:17:49, time: 0.231, data_time: 0.033, memory: 7986, loss_cls: 0.4531, loss_bbox: 0.3878, loss_kps: 0.0000, loss: 0.8409
2026-09-13 03:41:25,694 - mmdet - INFO - Epoch [11][2050/2182]	lr: 1.000e-03, eta: 1:17:37, time: 0.233, data_time: 0.033, memory: 7986, loss_cls: 0.4491, loss_bbox: 0.3944, loss_kps: 0.0000, loss: 0.8434
2026-09-13 03:41:37,562 - mmdet - INFO - Epoch [11][2100/2182]	lr: 1.000e-03, eta: 1:17:26, time: 0.237, data_time: 0.034, memory: 7986, loss_cls: 0.4591, loss_bbox: 0.3876, loss_kps: 0.0000, loss: 0.8467
2026-09-13 03:41:49,157 - mmdet - INFO - Epoch [11][2150/2182]	lr: 1.000e-03, eta: 1:17:14, time: 0.232, data_time: 0.031, memory: 7986, loss_cls: 0.4562, loss_bbox: 0.3859, loss_kps: 0.0000, loss: 0.8420
2026-09-13 03:41:56,271 - mmdet - INFO - Saving checkpoint at 11 epochs
2026-09-13 03:42:14,985 - mmdet - INFO - Epoch [12][50/2182]	lr: 1.000e-03, eta: 1:16:54, time: 0.371, data_time: 0.149, memory: 7986, loss_cls: 0.4631, loss_bbox: 0.3959, loss_kps: 0.0000, loss: 0.8590
2026-09-13 03:42:26,819 - mmdet - INFO - Epoch [12][100/2182]	lr: 1.000e-03, eta: 1:16:42, time: 0.237, data_time: 0.034, memory: 7986, loss_cls: 0.4689, loss_bbox: 0.3902, loss_kps: 0.0000, loss: 0.8591
2026-09-13 03:42:38,554 - mmdet - INFO - Epoch [12][150/2182]	lr: 1.000e-03, eta: 1:16:30, time: 0.235, data_time: 0.032, memory: 7986, loss_cls: 0.4615, loss_bbox: 0.3862, loss_kps: 0.0000, loss: 0.8478
2026-09-13 03:42:50,367 - mmdet - INFO - Epoch [12][200/2182]	lr: 1.000e-03, eta: 1:16:19, time: 0.236, data_time: 0.033, memory: 7986, loss_cls: 0.4356, loss_bbox: 0.3832, loss_kps: 0.0000, loss: 0.8188
2026-09-13 03:43:02,126 - mmdet - INFO - Epoch [12][250/2182]	lr: 1.000e-03, eta: 1:16:07, time: 0.235, data_time: 0.035, memory: 7986, loss_cls: 0.4396, loss_bbox: 0.3889, loss_kps: 0.0000, loss: 0.8284
2026-09-13 03:43:13,732 - mmdet - INFO - Epoch [12][300/2182]	lr: 1.000e-03, eta: 1:15:55, time: 0.232, data_time: 0.030, memory: 7986, loss_cls: 0.4496, loss_bbox: 0.3874, loss_kps: 0.0000, loss: 0.8369
2026-09-13 03:43:25,205 - mmdet - INFO - Epoch [12][350/2182]	lr: 1.000e-03, eta: 1:15:43, time: 0.229, data_time: 0.033, memory: 7986, loss_cls: 0.4507, loss_bbox: 0.3830, loss_kps: 0.0000, loss: 0.8337
2026-09-13 03:43:36,791 - mmdet - INFO - Epoch [12][400/2182]	lr: 1.000e-03, eta: 1:15:31, time: 0.232, data_time: 0.033, memory: 7986, loss_cls: 0.4682, loss_bbox: 0.3925, loss_kps: 0.0000, loss: 0.8607
2026-09-13 03:43:48,469 - mmdet - INFO - Epoch [12][450/2182]	lr: 1.000e-03, eta: 1:15:19, time: 0.234, data_time: 0.032, memory: 7986, loss_cls: 0.4485, loss_bbox: 0.3782, loss_kps: 0.0000, loss: 0.8267
2026-09-13 03:44:00,391 - mmdet - INFO - Epoch [12][500/2182]	lr: 1.000e-03, eta: 1:15:07, time: 0.238, data_time: 0.034, memory: 7986, loss_cls: 0.4547, loss_bbox: 0.3979, loss_kps: 0.0000, loss: 0.8526
2026-09-13 03:44:11,920 - mmdet - INFO - Epoch [12][550/2182]	lr: 1.000e-03, eta: 1:14:55, time: 0.231, data_time: 0.034, memory: 7986, loss_cls: 0.4587, loss_bbox: 0.3935, loss_kps: 0.0000, loss: 0.8522
2026-09-13 03:44:23,497 - mmdet - INFO - Epoch [12][600/2182]	lr: 1.000e-03, eta: 1:14:43, time: 0.232, data_time: 0.033, memory: 7986, loss_cls: 0.4371, loss_bbox: 0.3882, loss_kps: 0.0000, loss: 0.8253
2026-09-13 03:44:34,980 - mmdet - INFO - Epoch [12][650/2182]	lr: 1.000e-03, eta: 1:14:31, time: 0.229, data_time: 0.034, memory: 7986, loss_cls: 0.4540, loss_bbox: 0.3924, loss_kps: 0.0000, loss: 0.8464
2026-09-13 03:44:46,420 - mmdet - INFO - Epoch [12][700/2182]	lr: 1.000e-03, eta: 1:14:19, time: 0.229, data_time: 0.033, memory: 7986, loss_cls: 0.4605, loss_bbox: 0.3835, loss_kps: 0.0000, loss: 0.8439
2026-09-13 03:44:57,953 - mmdet - INFO - Epoch [12][750/2182]	lr: 1.000e-03, eta: 1:14:07, time: 0.231, data_time: 0.034, memory: 7986, loss_cls: 0.4317, loss_bbox: 0.3781, loss_kps: 0.0000, loss: 0.8098
2026-09-13 03:45:09,258 - mmdet - INFO - Epoch [12][800/2182]	lr: 1.000e-03, eta: 1:13:55, time: 0.226, data_time: 0.032, memory: 7986, loss_cls: 0.4457, loss_bbox: 0.3812, loss_kps: 0.0000, loss: 0.8269
2026-09-13 03:45:20,648 - mmdet - INFO - Epoch [12][850/2182]	lr: 1.000e-03, eta: 1:13:43, time: 0.228, data_time: 0.034, memory: 7986, loss_cls: 0.4417, loss_bbox: 0.3879, loss_kps: 0.0000, loss: 0.8296
2026-09-13 03:45:32,369 - mmdet - INFO - Epoch [12][900/2182]	lr: 1.000e-03, eta: 1:13:31, time: 0.234, data_time: 0.033, memory: 7986, loss_cls: 0.4373, loss_bbox: 0.3907, loss_kps: 0.0000, loss: 0.8281
2026-09-13 03:45:44,009 - mmdet - INFO - Epoch [12][950/2182]	lr: 1.000e-03, eta: 1:13:20, time: 0.233, data_time: 0.033, memory: 7986, loss_cls: 0.4395, loss_bbox: 0.3922, loss_kps: 0.0000, loss: 0.8317
2026-09-13 03:45:55,821 - mmdet - INFO - Epoch [12][1000/2182]	lr: 1.000e-03, eta: 1:13:08, time: 0.236, data_time: 0.038, memory: 7986, loss_cls: 0.4788, loss_bbox: 0.3905, loss_kps: 0.0000, loss: 0.8693
2026-09-13 03:46:07,418 - mmdet - INFO - Epoch [12][1050/2182]	lr: 1.000e-03, eta: 1:12:56, time: 0.232, data_time: 0.033, memory: 7986, loss_cls: 0.4449, loss_bbox: 0.3809, loss_kps: 0.0000, loss: 0.8258
2026-09-13 03:46:19,432 - mmdet - INFO - Epoch [12][1100/2182]	lr: 1.000e-03, eta: 1:12:44, time: 0.240, data_time: 0.033, memory: 7986, loss_cls: 0.4501, loss_bbox: 0.3789, loss_kps: 0.0000, loss: 0.8289
2026-09-13 03:46:30,919 - mmdet - INFO - Epoch [12][1150/2182]	lr: 1.000e-03, eta: 1:12:32, time: 0.230, data_time: 0.032, memory: 7986, loss_cls: 0.4585, loss_bbox: 0.3884, loss_kps: 0.0000, loss: 0.8469
2026-09-13 03:46:42,498 - mmdet - INFO - Epoch [12][1200/2182]	lr: 1.000e-03, eta: 1:12:20, time: 0.232, data_time: 0.032, memory: 7986, loss_cls: 0.4320, loss_bbox: 0.3763, loss_kps: 0.0000, loss: 0.8083
2026-09-13 03:46:54,055 - mmdet - INFO - Epoch [12][1250/2182]	lr: 1.000e-03, eta: 1:12:09, time: 0.231, data_time: 0.032, memory: 7986, loss_cls: 0.4545, loss_bbox: 0.3833, loss_kps: 0.0000, loss: 0.8378
2026-09-13 03:47:05,655 - mmdet - INFO - Epoch [12][1300/2182]	lr: 1.000e-03, eta: 1:11:57, time: 0.232, data_time: 0.032, memory: 7986, loss_cls: 0.4501, loss_bbox: 0.3836, loss_kps: 0.0000, loss: 0.8337
2026-09-13 03:47:17,260 - mmdet - INFO - Epoch [12][1350/2182]	lr: 1.000e-03, eta: 1:11:45, time: 0.232, data_time: 0.031, memory: 7986, loss_cls: 0.4279, loss_bbox: 0.3697, loss_kps: 0.0000, loss: 0.7976
2026-09-13 03:47:28,761 - mmdet - INFO - Epoch [12][1400/2182]	lr: 1.000e-03, eta: 1:11:33, time: 0.230, data_time: 0.031, memory: 7986, loss_cls: 0.4632, loss_bbox: 0.3949, loss_kps: 0.0000, loss: 0.8581
2026-09-13 03:47:40,361 - mmdet - INFO - Epoch [12][1450/2182]	lr: 1.000e-03, eta: 1:11:21, time: 0.232, data_time: 0.030, memory: 7986, loss_cls: 0.4366, loss_bbox: 0.3729, loss_kps: 0.0000, loss: 0.8095
2026-09-13 03:47:51,812 - mmdet - INFO - Epoch [12][1500/2182]	lr: 1.000e-03, eta: 1:11:09, time: 0.229, data_time: 0.031, memory: 7986, loss_cls: 0.4599, loss_bbox: 0.3881, loss_kps: 0.0000, loss: 0.8481
2026-09-13 03:48:03,563 - mmdet - INFO - Epoch [12][1550/2182]	lr: 1.000e-03, eta: 1:10:57, time: 0.235, data_time: 0.031, memory: 7986, loss_cls: 0.4432, loss_bbox: 0.3859, loss_kps: 0.0000, loss: 0.8292
2026-09-13 03:48:15,091 - mmdet - INFO - Epoch [12][1600/2182]	lr: 1.000e-03, eta: 1:10:45, time: 0.231, data_time: 0.032, memory: 7986, loss_cls: 0.4549, loss_bbox: 0.3835, loss_kps: 0.0000, loss: 0.8384
2026-09-13 03:48:26,618 - mmdet - INFO - Epoch [12][1650/2182]	lr: 1.000e-03, eta: 1:10:33, time: 0.231, data_time: 0.031, memory: 7986, loss_cls: 0.4400, loss_bbox: 0.3757, loss_kps: 0.0000, loss: 0.8157
2026-09-13 03:48:38,443 - mmdet - INFO - Epoch [12][1700/2182]	lr: 1.000e-03, eta: 1:10:21, time: 0.237, data_time: 0.030, memory: 7986, loss_cls: 0.4405, loss_bbox: 0.3851, loss_kps: 0.0000, loss: 0.8256
2026-09-13 03:48:50,089 - mmdet - INFO - Epoch [12][1750/2182]	lr: 1.000e-03, eta: 1:10:10, time: 0.233, data_time: 0.031, memory: 7986, loss_cls: 0.4654, loss_bbox: 0.3973, loss_kps: 0.0000, loss: 0.8627
2026-09-13 03:49:01,637 - mmdet - INFO - Epoch [12][1800/2182]	lr: 1.000e-03, eta: 1:09:58, time: 0.231, data_time: 0.031, memory: 7986, loss_cls: 0.4455, loss_bbox: 0.3917, loss_kps: 0.0000, loss: 0.8372
2026-09-13 03:49:13,024 - mmdet - INFO - Epoch [12][1850/2182]	lr: 1.000e-03, eta: 1:09:46, time: 0.228, data_time: 0.032, memory: 7986, loss_cls: 0.4494, loss_bbox: 0.3830, loss_kps: 0.0000, loss: 0.8324
2026-09-13 03:49:24,419 - mmdet - INFO - Epoch [12][1900/2182]	lr: 1.000e-03, eta: 1:09:34, time: 0.228, data_time: 0.031, memory: 7986, loss_cls: 0.4421, loss_bbox: 0.3971, loss_kps: 0.0000, loss: 0.8392
2026-09-13 03:49:36,057 - mmdet - INFO - Epoch [12][1950/2182]	lr: 1.000e-03, eta: 1:09:22, time: 0.233, data_time: 0.032, memory: 7986, loss_cls: 0.4479, loss_bbox: 0.3765, loss_kps: 0.0000, loss: 0.8244
2026-09-13 03:49:47,670 - mmdet - INFO - Epoch [12][2000/2182]	lr: 1.000e-03, eta: 1:09:10, time: 0.232, data_time: 0.031, memory: 7986, loss_cls: 0.4468, loss_bbox: 0.3907, loss_kps: 0.0000, loss: 0.8375
2026-09-13 03:49:59,114 - mmdet - INFO - Epoch [12][2050/2182]	lr: 1.000e-03, eta: 1:08:58, time: 0.229, data_time: 0.031, memory: 7986, loss_cls: 0.4513, loss_bbox: 0.3860, loss_kps: 0.0000, loss: 0.8373
2026-09-13 03:50:10,878 - mmdet - INFO - Epoch [12][2100/2182]	lr: 1.000e-03, eta: 1:08:46, time: 0.235, data_time: 0.032, memory: 7986, loss_cls: 0.4259, loss_bbox: 0.3714, loss_kps: 0.0000, loss: 0.7973
2026-09-13 03:50:22,950 - mmdet - INFO - Epoch [12][2150/2182]	lr: 1.000e-03, eta: 1:08:35, time: 0.241, data_time: 0.039, memory: 7986, loss_cls: 0.4462, loss_bbox: 0.3848, loss_kps: 0.0000, loss: 0.8310
2026-09-13 03:50:30,230 - mmdet - INFO - Saving checkpoint at 12 epochs
2026-09-13 03:50:48,566 - mmdet - INFO - Epoch [13][50/2182]	lr: 1.000e-03, eta: 1:08:15, time: 0.363, data_time: 0.143, memory: 7986, loss_cls: 0.4410, loss_bbox: 0.3819, loss_kps: 0.0000, loss: 0.8229
2026-09-13 03:51:00,127 - mmdet - INFO - Epoch [13][100/2182]	lr: 1.000e-03, eta: 1:08:03, time: 0.231, data_time: 0.032, memory: 7986, loss_cls: 0.4419, loss_bbox: 0.3814, loss_kps: 0.0000, loss: 0.8232
2026-09-13 03:51:12,090 - mmdet - INFO - Epoch [13][150/2182]	lr: 1.000e-03, eta: 1:07:51, time: 0.239, data_time: 0.030, memory: 7986, loss_cls: 0.4402, loss_bbox: 0.3874, loss_kps: 0.0000, loss: 0.8276
2026-09-13 03:51:23,817 - mmdet - INFO - Epoch [13][200/2182]	lr: 1.000e-03, eta: 1:07:39, time: 0.235, data_time: 0.032, memory: 7986, loss_cls: 0.4549, loss_bbox: 0.3902, loss_kps: 0.0000, loss: 0.8451
2026-09-13 03:51:35,663 - mmdet - INFO - Epoch [13][250/2182]	lr: 1.000e-03, eta: 1:07:28, time: 0.237, data_time: 0.031, memory: 7986, loss_cls: 0.4290, loss_bbox: 0.3892, loss_kps: 0.0000, loss: 0.8182
2026-09-13 03:51:47,179 - mmdet - INFO - Epoch [13][300/2182]	lr: 1.000e-03, eta: 1:07:16, time: 0.230, data_time: 0.032, memory: 7986, loss_cls: 0.4498, loss_bbox: 0.3848, loss_kps: 0.0000, loss: 0.8346
2026-09-13 03:51:58,846 - mmdet - INFO - Epoch [13][350/2182]	lr: 1.000e-03, eta: 1:07:04, time: 0.233, data_time: 0.030, memory: 7986, loss_cls: 0.4456, loss_bbox: 0.3886, loss_kps: 0.0000, loss: 0.8341
2026-09-13 03:52:10,495 - mmdet - INFO - Epoch [13][400/2182]	lr: 1.000e-03, eta: 1:06:52, time: 0.233, data_time: 0.031, memory: 7986, loss_cls: 0.4490, loss_bbox: 0.3902, loss_kps: 0.0000, loss: 0.8392
2026-09-13 03:52:22,217 - mmdet - INFO - Epoch [13][450/2182]	lr: 1.000e-03, eta: 1:06:40, time: 0.234, data_time: 0.033, memory: 7986, loss_cls: 0.4451, loss_bbox: 0.3838, loss_kps: 0.0000, loss: 0.8289
2026-09-13 03:52:33,869 - mmdet - INFO - Epoch [13][500/2182]	lr: 1.000e-03, eta: 1:06:28, time: 0.233, data_time: 0.034, memory: 7986, loss_cls: 0.4650, loss_bbox: 0.3963, loss_kps: 0.0000, loss: 0.8613
2026-09-13 03:52:45,677 - mmdet - INFO - Epoch [13][550/2182]	lr: 1.000e-03, eta: 1:06:17, time: 0.236, data_time: 0.040, memory: 7986, loss_cls: 0.4378, loss_bbox: 0.3763, loss_kps: 0.0000, loss: 0.8141
2026-09-13 03:52:57,258 - mmdet - INFO - Epoch [13][600/2182]	lr: 1.000e-03, eta: 1:06:05, time: 0.232, data_time: 0.033, memory: 7986, loss_cls: 0.4484, loss_bbox: 0.3951, loss_kps: 0.0000, loss: 0.8435
2026-09-13 03:53:08,790 - mmdet - INFO - Epoch [13][650/2182]	lr: 1.000e-03, eta: 1:05:53, time: 0.230, data_time: 0.033, memory: 7986, loss_cls: 0.4454, loss_bbox: 0.3852, loss_kps: 0.0000, loss: 0.8306
2026-09-13 03:53:20,386 - mmdet - INFO - Epoch [13][700/2182]	lr: 1.000e-03, eta: 1:05:41, time: 0.232, data_time: 0.032, memory: 7986, loss_cls: 0.4499, loss_bbox: 0.3925, loss_kps: 0.0000, loss: 0.8424
2026-09-13 03:53:31,954 - mmdet - INFO - Epoch [13][750/2182]	lr: 1.000e-03, eta: 1:05:29, time: 0.231, data_time: 0.032, memory: 7986, loss_cls: 0.4434, loss_bbox: 0.3895, loss_kps: 0.0000, loss: 0.8329
2026-09-13 03:53:43,704 - mmdet - INFO - Epoch [13][800/2182]	lr: 1.000e-03, eta: 1:05:17, time: 0.235, data_time: 0.032, memory: 7986, loss_cls: 0.4233, loss_bbox: 0.3725, loss_kps: 0.0000, loss: 0.7958
2026-09-13 03:53:55,197 - mmdet - INFO - Epoch [13][850/2182]	lr: 1.000e-03, eta: 1:05:05, time: 0.230, data_time: 0.033, memory: 7986, loss_cls: 0.4406, loss_bbox: 0.3805, loss_kps: 0.0000, loss: 0.8211
2026-09-13 03:54:06,868 - mmdet - INFO - Epoch [13][900/2182]	lr: 1.000e-03, eta: 1:04:54, time: 0.233, data_time: 0.035, memory: 7986, loss_cls: 0.4339, loss_bbox: 0.3838, loss_kps: 0.0000, loss: 0.8177
2026-09-13 03:54:18,519 - mmdet - INFO - Epoch [13][950/2182]	lr: 1.000e-03, eta: 1:04:42, time: 0.233, data_time: 0.032, memory: 7986, loss_cls: 0.4555, loss_bbox: 0.3908, loss_kps: 0.0000, loss: 0.8463
2026-09-13 03:54:30,094 - mmdet - INFO - Epoch [13][1000/2182]	lr: 1.000e-03, eta: 1:04:30, time: 0.232, data_time: 0.032, memory: 7986, loss_cls: 0.4591, loss_bbox: 0.3797, loss_kps: 0.0000, loss: 0.8388
2026-09-13 03:54:41,766 - mmdet - INFO - Epoch [13][1050/2182]	lr: 1.000e-03, eta: 1:04:18, time: 0.233, data_time: 0.033, memory: 7986, loss_cls: 0.4256, loss_bbox: 0.3782, loss_kps: 0.0000, loss: 0.8037
2026-09-13 03:54:53,332 - mmdet - INFO - Epoch [13][1100/2182]	lr: 1.000e-03, eta: 1:04:06, time: 0.231, data_time: 0.033, memory: 7986, loss_cls: 0.4389, loss_bbox: 0.3747, loss_kps: 0.0000, loss: 0.8136
2026-09-13 03:55:05,025 - mmdet - INFO - Epoch [13][1150/2182]	lr: 1.000e-03, eta: 1:03:54, time: 0.234, data_time: 0.032, memory: 7986, loss_cls: 0.4415, loss_bbox: 0.3801, loss_kps: 0.0000, loss: 0.8217
2026-09-13 03:55:16,706 - mmdet - INFO - Epoch [13][1200/2182]	lr: 1.000e-03, eta: 1:03:43, time: 0.234, data_time: 0.032, memory: 7986, loss_cls: 0.4836, loss_bbox: 0.3815, loss_kps: 0.0000, loss: 0.8652
2026-09-13 03:55:28,620 - mmdet - INFO - Epoch [13][1250/2182]	lr: 1.000e-03, eta: 1:03:31, time: 0.238, data_time: 0.039, memory: 7986, loss_cls: 0.4565, loss_bbox: 0.3868, loss_kps: 0.0000, loss: 0.8433
2026-09-13 03:55:40,348 - mmdet - INFO - Epoch [13][1300/2182]	lr: 1.000e-03, eta: 1:03:19, time: 0.235, data_time: 0.033, memory: 7986, loss_cls: 0.4596, loss_bbox: 0.3880, loss_kps: 0.0000, loss: 0.8476
2026-09-13 03:55:52,030 - mmdet - INFO - Epoch [13][1350/2182]	lr: 1.000e-03, eta: 1:03:07, time: 0.234, data_time: 0.031, memory: 7986, loss_cls: 0.4607, loss_bbox: 0.3896, loss_kps: 0.0000, loss: 0.8503
2026-09-13 03:56:03,913 - mmdet - INFO - Epoch [13][1400/2182]	lr: 1.000e-03, eta: 1:02:56, time: 0.238, data_time: 0.032, memory: 7986, loss_cls: 0.4387, loss_bbox: 0.3861, loss_kps: 0.0000, loss: 0.8248
2026-09-13 03:56:15,563 - mmdet - INFO - Epoch [13][1450/2182]	lr: 1.000e-03, eta: 1:02:44, time: 0.233, data_time: 0.032, memory: 7986, loss_cls: 0.4550, loss_bbox: 0.3906, loss_kps: 0.0000, loss: 0.8456
2026-09-13 03:56:27,596 - mmdet - INFO - Epoch [13][1500/2182]	lr: 1.000e-03, eta: 1:02:32, time: 0.241, data_time: 0.036, memory: 7986, loss_cls: 0.4342, loss_bbox: 0.3791, loss_kps: 0.0000, loss: 0.8133
2026-09-13 03:56:39,135 - mmdet - INFO - Epoch [13][1550/2182]	lr: 1.000e-03, eta: 1:02:20, time: 0.231, data_time: 0.031, memory: 7986, loss_cls: 0.4360, loss_bbox: 0.3836, loss_kps: 0.0000, loss: 0.8196
2026-09-13 03:56:50,755 - mmdet - INFO - Epoch [13][1600/2182]	lr: 1.000e-03, eta: 1:02:08, time: 0.232, data_time: 0.033, memory: 7986, loss_cls: 0.4345, loss_bbox: 0.3851, loss_kps: 0.0000, loss: 0.8196
2026-09-13 03:57:02,377 - mmdet - INFO - Epoch [13][1650/2182]	lr: 1.000e-03, eta: 1:01:57, time: 0.232, data_time: 0.033, memory: 7986, loss_cls: 0.4529, loss_bbox: 0.3864, loss_kps: 0.0000, loss: 0.8392
2026-09-13 03:57:14,028 - mmdet - INFO - Epoch [13][1700/2182]	lr: 1.000e-03, eta: 1:01:45, time: 0.233, data_time: 0.032, memory: 7986, loss_cls: 0.4475, loss_bbox: 0.3905, loss_kps: 0.0000, loss: 0.8380
2026-09-13 03:57:25,759 - mmdet - INFO - Epoch [13][1750/2182]	lr: 1.000e-03, eta: 1:01:33, time: 0.235, data_time: 0.033, memory: 7986, loss_cls: 0.4551, loss_bbox: 0.3861, loss_kps: 0.0000, loss: 0.8412
2026-09-13 03:57:37,527 - mmdet - INFO - Epoch [13][1800/2182]	lr: 1.000e-03, eta: 1:01:21, time: 0.235, data_time: 0.033, memory: 7986, loss_cls: 0.4521, loss_bbox: 0.3810, loss_kps: 0.0000, loss: 0.8331
2026-09-13 03:57:49,213 - mmdet - INFO - Epoch [13][1850/2182]	lr: 1.000e-03, eta: 1:01:10, time: 0.234, data_time: 0.032, memory: 7986, loss_cls: 0.4496, loss_bbox: 0.3936, loss_kps: 0.0000, loss: 0.8432
2026-09-13 03:58:00,852 - mmdet - INFO - Epoch [13][1900/2182]	lr: 1.000e-03, eta: 1:00:58, time: 0.233, data_time: 0.033, memory: 7986, loss_cls: 0.4520, loss_bbox: 0.3788, loss_kps: 0.0000, loss: 0.8308
2026-09-13 03:58:12,775 - mmdet - INFO - Epoch [13][1950/2182]	lr: 1.000e-03, eta: 1:00:46, time: 0.238, data_time: 0.037, memory: 7986, loss_cls: 0.4363, loss_bbox: 0.3815, loss_kps: 0.0000, loss: 0.8178
2026-09-13 03:58:24,621 - mmdet - INFO - Epoch [13][2000/2182]	lr: 1.000e-03, eta: 1:00:34, time: 0.237, data_time: 0.032, memory: 7986, loss_cls: 0.4465, loss_bbox: 0.3869, loss_kps: 0.0000, loss: 0.8334
2026-09-13 03:58:36,362 - mmdet - INFO - Epoch [13][2050/2182]	lr: 1.000e-03, eta: 1:00:23, time: 0.235, data_time: 0.032, memory: 7986, loss_cls: 0.4578, loss_bbox: 0.3870, loss_kps: 0.0000, loss: 0.8448
2026-09-13 03:58:48,196 - mmdet - INFO - Epoch [13][2100/2182]	lr: 1.000e-03, eta: 1:00:11, time: 0.237, data_time: 0.034, memory: 7986, loss_cls: 0.4409, loss_bbox: 0.3919, loss_kps: 0.0000, loss: 0.8327
2026-09-13 03:58:59,878 - mmdet - INFO - Epoch [13][2150/2182]	lr: 1.000e-03, eta: 0:59:59, time: 0.234, data_time: 0.033, memory: 7986, loss_cls: 0.4534, loss_bbox: 0.3858, loss_kps: 0.0000, loss: 0.8392
2026-09-13 03:59:07,177 - mmdet - INFO - Saving checkpoint at 13 epochs
2026-09-13 03:59:25,307 - mmdet - INFO - Epoch [14][50/2182]	lr: 1.000e-03, eta: 0:59:39, time: 0.359, data_time: 0.144, memory: 7986, loss_cls: 0.4135, loss_bbox: 0.3770, loss_kps: 0.0000, loss: 0.7904
2026-09-13 03:59:37,037 - mmdet - INFO - Epoch [14][100/2182]	lr: 1.000e-03, eta: 0:59:27, time: 0.235, data_time: 0.034, memory: 7986, loss_cls: 0.4369, loss_bbox: 0.3809, loss_kps: 0.0000, loss: 0.8178
2026-09-13 03:59:48,549 - mmdet - INFO - Epoch [14][150/2182]	lr: 1.000e-03, eta: 0:59:15, time: 0.230, data_time: 0.032, memory: 7986, loss_cls: 0.4400, loss_bbox: 0.3787, loss_kps: 0.0000, loss: 0.8188
2026-09-13 04:00:00,200 - mmdet - INFO - Epoch [14][200/2182]	lr: 1.000e-03, eta: 0:59:04, time: 0.233, data_time: 0.031, memory: 7986, loss_cls: 0.4703, loss_bbox: 0.3912, loss_kps: 0.0000, loss: 0.8615
2026-09-13 04:00:11,835 - mmdet - INFO - Epoch [14][250/2182]	lr: 1.000e-03, eta: 0:58:52, time: 0.233, data_time: 0.031, memory: 7986, loss_cls: 0.4616, loss_bbox: 0.3914, loss_kps: 0.0000, loss: 0.8531
2026-09-13 04:00:23,629 - mmdet - INFO - Epoch [14][300/2182]	lr: 1.000e-03, eta: 0:58:40, time: 0.236, data_time: 0.031, memory: 7986, loss_cls: 0.4513, loss_bbox: 0.3872, loss_kps: 0.0000, loss: 0.8385
2026-09-13 04:00:35,278 - mmdet - INFO - Epoch [14][350/2182]	lr: 1.000e-03, eta: 0:58:28, time: 0.233, data_time: 0.034, memory: 7986, loss_cls: 0.4357, loss_bbox: 0.3797, loss_kps: 0.0000, loss: 0.8153
2026-09-13 04:00:47,208 - mmdet - INFO - Epoch [14][400/2182]	lr: 1.000e-03, eta: 0:58:17, time: 0.239, data_time: 0.039, memory: 7986, loss_cls: 0.4664, loss_bbox: 0.3875, loss_kps: 0.0000, loss: 0.8539
2026-09-13 04:00:58,775 - mmdet - INFO - Epoch [14][450/2182]	lr: 1.000e-03, eta: 0:58:05, time: 0.231, data_time: 0.031, memory: 7986, loss_cls: 0.4324, loss_bbox: 0.3913, loss_kps: 0.0000, loss: 0.8237
2026-09-13 04:01:10,737 - mmdet - INFO - Epoch [14][500/2182]	lr: 1.000e-03, eta: 0:57:53, time: 0.239, data_time: 0.032, memory: 7986, loss_cls: 0.4281, loss_bbox: 0.3803, loss_kps: 0.0000, loss: 0.8085
2026-09-13 04:01:22,509 - mmdet - INFO - Epoch [14][550/2182]	lr: 1.000e-03, eta: 0:57:41, time: 0.235, data_time: 0.032, memory: 7986, loss_cls: 0.4483, loss_bbox: 0.3820, loss_kps: 0.0000, loss: 0.8303
2026-09-13 04:01:34,155 - mmdet - INFO - Epoch [14][600/2182]	lr: 1.000e-03, eta: 0:57:29, time: 0.233, data_time: 0.033, memory: 7986, loss_cls: 0.4457, loss_bbox: 0.3891, loss_kps: 0.0000, loss: 0.8348
2026-09-13 04:01:45,737 - mmdet - INFO - Epoch [14][650/2182]	lr: 1.000e-03, eta: 0:57:18, time: 0.232, data_time: 0.032, memory: 7986, loss_cls: 0.4386, loss_bbox: 0.3879, loss_kps: 0.0000, loss: 0.8265
2026-09-13 04:01:57,209 - mmdet - INFO - Epoch [14][700/2182]	lr: 1.000e-03, eta: 0:57:06, time: 0.229, data_time: 0.033, memory: 7986, loss_cls: 0.4226, loss_bbox: 0.3774, loss_kps: 0.0000, loss: 0.8000
2026-09-13 04:02:09,047 - mmdet - INFO - Epoch [14][750/2182]	lr: 1.000e-03, eta: 0:56:54, time: 0.237, data_time: 0.033, memory: 7986, loss_cls: 0.4405, loss_bbox: 0.3655, loss_kps: 0.0000, loss: 0.8059
2026-09-13 04:02:20,632 - mmdet - INFO - Epoch [14][800/2182]	lr: 1.000e-03, eta: 0:56:42, time: 0.232, data_time: 0.032, memory: 7986, loss_cls: 0.4353, loss_bbox: 0.3698, loss_kps: 0.0000, loss: 0.8051
2026-09-13 04:02:32,255 - mmdet - INFO - Epoch [14][850/2182]	lr: 1.000e-03, eta: 0:56:30, time: 0.232, data_time: 0.031, memory: 7986, loss_cls: 0.4534, loss_bbox: 0.3907, loss_kps: 0.0000, loss: 0.8441
2026-09-13 04:02:43,772 - mmdet - INFO - Epoch [14][900/2182]	lr: 1.000e-03, eta: 0:56:18, time: 0.230, data_time: 0.031, memory: 7986, loss_cls: 0.4384, loss_bbox: 0.3772, loss_kps: 0.0000, loss: 0.8156
2026-09-13 04:02:55,526 - mmdet - INFO - Epoch [14][950/2182]	lr: 1.000e-03, eta: 0:56:07, time: 0.235, data_time: 0.034, memory: 7986, loss_cls: 0.4538, loss_bbox: 0.3898, loss_kps: 0.0000, loss: 0.8436
2026-09-13 04:03:07,305 - mmdet - INFO - Epoch [14][1000/2182]	lr: 1.000e-03, eta: 0:55:55, time: 0.236, data_time: 0.032, memory: 7986, loss_cls: 0.4417, loss_bbox: 0.3820, loss_kps: 0.0000, loss: 0.8236
2026-09-13 04:03:19,305 - mmdet - INFO - Epoch [14][1050/2182]	lr: 1.000e-03, eta: 0:55:43, time: 0.240, data_time: 0.031, memory: 7986, loss_cls: 0.4497, loss_bbox: 0.3895, loss_kps: 0.0000, loss: 0.8392
2026-09-13 04:03:31,344 - mmdet - INFO - Epoch [14][1100/2182]	lr: 1.000e-03, eta: 0:55:32, time: 0.241, data_time: 0.040, memory: 7986, loss_cls: 0.4446, loss_bbox: 0.3960, loss_kps: 0.0000, loss: 0.8406
2026-09-13 04:03:43,080 - mmdet - INFO - Epoch [14][1150/2182]	lr: 1.000e-03, eta: 0:55:20, time: 0.235, data_time: 0.032, memory: 7986, loss_cls: 0.4368, loss_bbox: 0.3810, loss_kps: 0.0000, loss: 0.8178
2026-09-13 04:03:54,710 - mmdet - INFO - Epoch [14][1200/2182]	lr: 1.000e-03, eta: 0:55:08, time: 0.233, data_time: 0.031, memory: 7986, loss_cls: 0.4493, loss_bbox: 0.3854, loss_kps: 0.0000, loss: 0.8347
2026-09-13 04:04:06,452 - mmdet - INFO - Epoch [14][1250/2182]	lr: 1.000e-03, eta: 0:54:56, time: 0.235, data_time: 0.033, memory: 7986, loss_cls: 0.4370, loss_bbox: 0.3883, loss_kps: 0.0000, loss: 0.8253
2026-09-13 04:04:18,074 - mmdet - INFO - Epoch [14][1300/2182]	lr: 1.000e-03, eta: 0:54:45, time: 0.232, data_time: 0.032, memory: 7986, loss_cls: 0.4317, loss_bbox: 0.3766, loss_kps: 0.0000, loss: 0.8083
2026-09-13 04:04:29,737 - mmdet - INFO - Epoch [14][1350/2182]	lr: 1.000e-03, eta: 0:54:33, time: 0.233, data_time: 0.032, memory: 7986, loss_cls: 0.4523, loss_bbox: 0.3928, loss_kps: 0.0000, loss: 0.8451
2026-09-13 04:04:41,444 - mmdet - INFO - Epoch [14][1400/2182]	lr: 1.000e-03, eta: 0:54:21, time: 0.234, data_time: 0.033, memory: 7986, loss_cls: 0.4395, loss_bbox: 0.3804, loss_kps: 0.0000, loss: 0.8199
2026-09-13 04:04:53,158 - mmdet - INFO - Epoch [14][1450/2182]	lr: 1.000e-03, eta: 0:54:09, time: 0.234, data_time: 0.032, memory: 7986, loss_cls: 0.4615, loss_bbox: 0.3939, loss_kps: 0.0000, loss: 0.8554
2026-09-13 04:05:05,060 - mmdet - INFO - Epoch [14][1500/2182]	lr: 1.000e-03, eta: 0:53:58, time: 0.238, data_time: 0.035, memory: 7986, loss_cls: 0.4256, loss_bbox: 0.3781, loss_kps: 0.0000, loss: 0.8038
2026-09-13 04:05:16,771 - mmdet - INFO - Epoch [14][1550/2182]	lr: 1.000e-03, eta: 0:53:46, time: 0.234, data_time: 0.031, memory: 7986, loss_cls: 0.4358, loss_bbox: 0.3862, loss_kps: 0.0000, loss: 0.8220
2026-09-13 04:05:28,415 - mmdet - INFO - Epoch [14][1600/2182]	lr: 1.000e-03, eta: 0:53:34, time: 0.233, data_time: 0.032, memory: 7986, loss_cls: 0.4451, loss_bbox: 0.3850, loss_kps: 0.0000, loss: 0.8301
2026-09-13 04:05:40,069 - mmdet - INFO - Epoch [14][1650/2182]	lr: 1.000e-03, eta: 0:53:22, time: 0.233, data_time: 0.032, memory: 7986, loss_cls: 0.4507, loss_bbox: 0.3886, loss_kps: 0.0000, loss: 0.8393
2026-09-13 04:05:51,989 - mmdet - INFO - Epoch [14][1700/2182]	lr: 1.000e-03, eta: 0:53:11, time: 0.238, data_time: 0.032, memory: 7986, loss_cls: 0.4576, loss_bbox: 0.3937, loss_kps: 0.0000, loss: 0.8512
2026-09-13 04:06:03,780 - mmdet - INFO - Epoch [14][1750/2182]	lr: 1.000e-03, eta: 0:52:59, time: 0.236, data_time: 0.034, memory: 7986, loss_cls: 0.4301, loss_bbox: 0.3879, loss_kps: 0.0000, loss: 0.8179
2026-09-13 04:06:15,695 - mmdet - INFO - Epoch [14][1800/2182]	lr: 1.000e-03, eta: 0:52:47, time: 0.238, data_time: 0.039, memory: 7986, loss_cls: 0.4405, loss_bbox: 0.3862, loss_kps: 0.0000, loss: 0.8267
2026-09-13 04:06:27,400 - mmdet - INFO - Epoch [14][1850/2182]	lr: 1.000e-03, eta: 0:52:35, time: 0.234, data_time: 0.032, memory: 7986, loss_cls: 0.4392, loss_bbox: 0.3851, loss_kps: 0.0000, loss: 0.8243
2026-09-13 04:06:39,132 - mmdet - INFO - Epoch [14][1900/2182]	lr: 1.000e-03, eta: 0:52:24, time: 0.235, data_time: 0.034, memory: 7986, loss_cls: 0.4337, loss_bbox: 0.3697, loss_kps: 0.0000, loss: 0.8033
2026-09-13 04:06:50,838 - mmdet - INFO - Epoch [14][1950/2182]	lr: 1.000e-03, eta: 0:52:12, time: 0.234, data_time: 0.031, memory: 7986, loss_cls: 0.4353, loss_bbox: 0.3661, loss_kps: 0.0000, loss: 0.8015
2026-09-13 04:07:02,621 - mmdet - INFO - Epoch [14][2000/2182]	lr: 1.000e-03, eta: 0:52:00, time: 0.236, data_time: 0.033, memory: 7986, loss_cls: 0.4509, loss_bbox: 0.3935, loss_kps: 0.0000, loss: 0.8444
2026-09-13 04:07:14,307 - mmdet - INFO - Epoch [14][2050/2182]	lr: 1.000e-03, eta: 0:51:48, time: 0.234, data_time: 0.032, memory: 7986, loss_cls: 0.4368, loss_bbox: 0.3805, loss_kps: 0.0000, loss: 0.8173
2026-09-13 04:07:25,855 - mmdet - INFO - Epoch [14][2100/2182]	lr: 1.000e-03, eta: 0:51:36, time: 0.231, data_time: 0.033, memory: 7986, loss_cls: 0.4449, loss_bbox: 0.3855, loss_kps: 0.0000, loss: 0.8304
2026-09-13 04:07:37,598 - mmdet - INFO - Epoch [14][2150/2182]	lr: 1.000e-03, eta: 0:51:25, time: 0.235, data_time: 0.032, memory: 7986, loss_cls: 0.4486, loss_bbox: 0.3902, loss_kps: 0.0000, loss: 0.8388
2026-09-13 04:07:44,836 - mmdet - INFO - Saving checkpoint at 14 epochs
2026-09-13 04:08:03,172 - mmdet - INFO - Epoch [15][50/2182]	lr: 1.000e-04, eta: 0:51:05, time: 0.363, data_time: 0.141, memory: 7986, loss_cls: 0.4287, loss_bbox: 0.3810, loss_kps: 0.0000, loss: 0.8097
2026-09-13 04:08:14,693 - mmdet - INFO - Epoch [15][100/2182]	lr: 1.000e-04, eta: 0:50:53, time: 0.230, data_time: 0.031, memory: 7986, loss_cls: 0.4353, loss_bbox: 0.3742, loss_kps: 0.0000, loss: 0.8095
2026-09-13 04:08:26,235 - mmdet - INFO - Epoch [15][150/2182]	lr: 1.000e-04, eta: 0:50:41, time: 0.231, data_time: 0.029, memory: 7986, loss_cls: 0.4302, loss_bbox: 0.3735, loss_kps: 0.0000, loss: 0.8037
2026-09-13 04:08:37,967 - mmdet - INFO - Epoch [15][200/2182]	lr: 1.000e-04, eta: 0:50:29, time: 0.235, data_time: 0.030, memory: 7986, loss_cls: 0.4173, loss_bbox: 0.3685, loss_kps: 0.0000, loss: 0.7858
2026-09-13 04:08:49,628 - mmdet - INFO - Epoch [15][250/2182]	lr: 1.000e-04, eta: 0:50:18, time: 0.233, data_time: 0.029, memory: 7986, loss_cls: 0.4261, loss_bbox: 0.3757, loss_kps: 0.0000, loss: 0.8017
2026-09-13 04:09:01,304 - mmdet - INFO - Epoch [15][300/2182]	lr: 1.000e-04, eta: 0:50:06, time: 0.233, data_time: 0.030, memory: 7986, loss_cls: 0.4319, loss_bbox: 0.3698, loss_kps: 0.0000, loss: 0.8017
2026-09-13 04:09:13,183 - mmdet - INFO - Epoch [15][350/2182]	lr: 1.000e-04, eta: 0:49:54, time: 0.238, data_time: 0.039, memory: 7986, loss_cls: 0.4405, loss_bbox: 0.3781, loss_kps: 0.0000, loss: 0.8186
2026-09-13 04:09:24,824 - mmdet - INFO - Epoch [15][400/2182]	lr: 1.000e-04, eta: 0:49:42, time: 0.233, data_time: 0.031, memory: 7986, loss_cls: 0.4217, loss_bbox: 0.3643, loss_kps: 0.0000, loss: 0.7859
2026-09-13 04:09:36,430 - mmdet - INFO - Epoch [15][450/2182]	lr: 1.000e-04, eta: 0:49:31, time: 0.232, data_time: 0.030, memory: 7986, loss_cls: 0.4345, loss_bbox: 0.3725, loss_kps: 0.0000, loss: 0.8070
2026-09-13 04:09:48,048 - mmdet - INFO - Epoch [15][500/2182]	lr: 1.000e-04, eta: 0:49:19, time: 0.232, data_time: 0.031, memory: 7986, loss_cls: 0.4195, loss_bbox: 0.3682, loss_kps: 0.0000, loss: 0.7877
2026-09-13 04:09:59,632 - mmdet - INFO - Epoch [15][550/2182]	lr: 1.000e-04, eta: 0:49:07, time: 0.232, data_time: 0.031, memory: 7986, loss_cls: 0.4310, loss_bbox: 0.3697, loss_kps: 0.0000, loss: 0.8007
2026-09-13 04:10:11,122 - mmdet - INFO - Epoch [15][600/2182]	lr: 1.000e-04, eta: 0:48:55, time: 0.230, data_time: 0.030, memory: 7986, loss_cls: 0.4219, loss_bbox: 0.3787, loss_kps: 0.0000, loss: 0.8005
2026-09-13 04:10:22,805 - mmdet - INFO - Epoch [15][650/2182]	lr: 1.000e-04, eta: 0:48:43, time: 0.234, data_time: 0.031, memory: 7986, loss_cls: 0.4212, loss_bbox: 0.3723, loss_kps: 0.0000, loss: 0.7935
2026-09-13 04:10:34,314 - mmdet - INFO - Epoch [15][700/2182]	lr: 1.000e-04, eta: 0:48:31, time: 0.230, data_time: 0.032, memory: 7986, loss_cls: 0.4345, loss_bbox: 0.3806, loss_kps: 0.0000, loss: 0.8152
2026-09-13 04:10:46,005 - mmdet - INFO - Epoch [15][750/2182]	lr: 1.000e-04, eta: 0:48:20, time: 0.234, data_time: 0.030, memory: 7986, loss_cls: 0.4315, loss_bbox: 0.3770, loss_kps: 0.0000, loss: 0.8085
2026-09-13 04:10:57,928 - mmdet - INFO - Epoch [15][800/2182]	lr: 1.000e-04, eta: 0:48:08, time: 0.238, data_time: 0.030, memory: 7986, loss_cls: 0.4123, loss_bbox: 0.3609, loss_kps: 0.0000, loss: 0.7732
2026-09-13 04:11:09,550 - mmdet - INFO - Epoch [15][850/2182]	lr: 1.000e-04, eta: 0:47:56, time: 0.232, data_time: 0.031, memory: 7986, loss_cls: 0.4201, loss_bbox: 0.3724, loss_kps: 0.0000, loss: 0.7925
2026-09-13 04:11:21,091 - mmdet - INFO - Epoch [15][900/2182]	lr: 1.000e-04, eta: 0:47:44, time: 0.231, data_time: 0.032, memory: 7986, loss_cls: 0.4042, loss_bbox: 0.3615, loss_kps: 0.0000, loss: 0.7657
2026-09-13 04:11:32,847 - mmdet - INFO - Epoch [15][950/2182]	lr: 1.000e-04, eta: 0:47:33, time: 0.235, data_time: 0.032, memory: 7986, loss_cls: 0.4193, loss_bbox: 0.3610, loss_kps: 0.0000, loss: 0.7803
2026-09-13 04:11:44,859 - mmdet - INFO - Epoch [15][1000/2182]	lr: 1.000e-04, eta: 0:47:21, time: 0.240, data_time: 0.037, memory: 7986, loss_cls: 0.4235, loss_bbox: 0.3696, loss_kps: 0.0000, loss: 0.7931
2026-09-13 04:11:56,394 - mmdet - INFO - Epoch [15][1050/2182]	lr: 1.000e-04, eta: 0:47:09, time: 0.231, data_time: 0.031, memory: 7986, loss_cls: 0.4078, loss_bbox: 0.3602, loss_kps: 0.0000, loss: 0.7680
2026-09-13 04:12:08,063 - mmdet - INFO - Epoch [15][1100/2182]	lr: 1.000e-04, eta: 0:46:57, time: 0.233, data_time: 0.032, memory: 7986, loss_cls: 0.4269, loss_bbox: 0.3633, loss_kps: 0.0000, loss: 0.7903
2026-09-13 04:12:19,778 - mmdet - INFO - Epoch [15][1150/2182]	lr: 1.000e-04, eta: 0:46:46, time: 0.234, data_time: 0.032, memory: 7986, loss_cls: 0.4092, loss_bbox: 0.3664, loss_kps: 0.0000, loss: 0.7756
2026-09-13 04:12:31,508 - mmdet - INFO - Epoch [15][1200/2182]	lr: 1.000e-04, eta: 0:46:34, time: 0.235, data_time: 0.031, memory: 7986, loss_cls: 0.4288, loss_bbox: 0.3807, loss_kps: 0.0000, loss: 0.8095
2026-09-13 04:12:43,421 - mmdet - INFO - Epoch [15][1250/2182]	lr: 1.000e-04, eta: 0:46:22, time: 0.238, data_time: 0.030, memory: 7986, loss_cls: 0.4215, loss_bbox: 0.3721, loss_kps: 0.0000, loss: 0.7936
2026-09-13 04:12:55,199 - mmdet - INFO - Epoch [15][1300/2182]	lr: 1.000e-04, eta: 0:46:10, time: 0.236, data_time: 0.032, memory: 7986, loss_cls: 0.4273, loss_bbox: 0.3774, loss_kps: 0.0000, loss: 0.8047
2026-09-13 04:13:06,863 - mmdet - INFO - Epoch [15][1350/2182]	lr: 1.000e-04, eta: 0:45:59, time: 0.233, data_time: 0.031, memory: 7986, loss_cls: 0.4217, loss_bbox: 0.3765, loss_kps: 0.0000, loss: 0.7982
2026-09-13 04:13:18,521 - mmdet - INFO - Epoch [15][1400/2182]	lr: 1.000e-04, eta: 0:45:47, time: 0.233, data_time: 0.031, memory: 7986, loss_cls: 0.4036, loss_bbox: 0.3631, loss_kps: 0.0000, loss: 0.7666
2026-09-13 04:13:30,650 - mmdet - INFO - Epoch [15][1450/2182]	lr: 1.000e-04, eta: 0:45:35, time: 0.243, data_time: 0.031, memory: 7986, loss_cls: 0.4324, loss_bbox: 0.3767, loss_kps: 0.0000, loss: 0.8092
2026-09-13 04:13:42,511 - mmdet - INFO - Epoch [15][1500/2182]	lr: 1.000e-04, eta: 0:45:24, time: 0.237, data_time: 0.033, memory: 7986, loss_cls: 0.4158, loss_bbox: 0.3764, loss_kps: 0.0000, loss: 0.7922
2026-09-13 04:13:54,125 - mmdet - INFO - Epoch [15][1550/2182]	lr: 1.000e-04, eta: 0:45:12, time: 0.232, data_time: 0.031, memory: 7986, loss_cls: 0.4237, loss_bbox: 0.3823, loss_kps: 0.0000, loss: 0.8060
2026-09-13 04:14:05,811 - mmdet - INFO - Epoch [15][1600/2182]	lr: 1.000e-04, eta: 0:45:00, time: 0.234, data_time: 0.031, memory: 7986, loss_cls: 0.4219, loss_bbox: 0.3702, loss_kps: 0.0000, loss: 0.7920
2026-09-13 04:14:17,867 - mmdet - INFO - Epoch [15][1650/2182]	lr: 1.000e-04, eta: 0:44:48, time: 0.241, data_time: 0.038, memory: 7986, loss_cls: 0.4170, loss_bbox: 0.3682, loss_kps: 0.0000, loss: 0.7852
2026-09-13 04:14:29,790 - mmdet - INFO - Epoch [15][1700/2182]	lr: 1.000e-04, eta: 0:44:37, time: 0.238, data_time: 0.034, memory: 7986, loss_cls: 0.4157, loss_bbox: 0.3694, loss_kps: 0.0000, loss: 0.7851
2026-09-13 04:14:41,524 - mmdet - INFO - Epoch [15][1750/2182]	lr: 1.000e-04, eta: 0:44:25, time: 0.235, data_time: 0.030, memory: 7986, loss_cls: 0.4141, loss_bbox: 0.3744, loss_kps: 0.0000, loss: 0.7885
2026-09-13 04:14:53,113 - mmdet - INFO - Epoch [15][1800/2182]	lr: 1.000e-04, eta: 0:44:13, time: 0.232, data_time: 0.031, memory: 7986, loss_cls: 0.4171, loss_bbox: 0.3651, loss_kps: 0.0000, loss: 0.7822
2026-09-13 04:15:04,773 - mmdet - INFO - Epoch [15][1850/2182]	lr: 1.000e-04, eta: 0:44:01, time: 0.233, data_time: 0.032, memory: 7986, loss_cls: 0.4195, loss_bbox: 0.3722, loss_kps: 0.0000, loss: 0.7917
2026-09-13 04:15:16,458 - mmdet - INFO - Epoch [15][1900/2182]	lr: 1.000e-04, eta: 0:43:50, time: 0.234, data_time: 0.032, memory: 7986, loss_cls: 0.4028, loss_bbox: 0.3589, loss_kps: 0.0000, loss: 0.7617
2026-09-13 04:15:28,126 - mmdet - INFO - Epoch [15][1950/2182]	lr: 1.000e-04, eta: 0:43:38, time: 0.233, data_time: 0.032, memory: 7986, loss_cls: 0.4300, loss_bbox: 0.3811, loss_kps: 0.0000, loss: 0.8111
2026-09-13 04:15:39,849 - mmdet - INFO - Epoch [15][2000/2182]	lr: 1.000e-04, eta: 0:43:26, time: 0.234, data_time: 0.031, memory: 7986, loss_cls: 0.3995, loss_bbox: 0.3580, loss_kps: 0.0000, loss: 0.7574
2026-09-13 04:15:51,884 - mmdet - INFO - Epoch [15][2050/2182]	lr: 1.000e-04, eta: 0:43:14, time: 0.241, data_time: 0.031, memory: 7986, loss_cls: 0.4171, loss_bbox: 0.3748, loss_kps: 0.0000, loss: 0.7919
2026-09-13 04:16:03,613 - mmdet - INFO - Epoch [15][2100/2182]	lr: 1.000e-04, eta: 0:43:03, time: 0.235, data_time: 0.033, memory: 7986, loss_cls: 0.4233, loss_bbox: 0.3686, loss_kps: 0.0000, loss: 0.7919
2026-09-13 04:16:15,173 - mmdet - INFO - Epoch [15][2150/2182]	lr: 1.000e-04, eta: 0:42:51, time: 0.231, data_time: 0.032, memory: 7986, loss_cls: 0.4384, loss_bbox: 0.3719, loss_kps: 0.0000, loss: 0.8103
2026-09-13 04:16:22,364 - mmdet - INFO - Saving checkpoint at 15 epochs
2026-09-13 04:16:40,096 - mmdet - INFO - Epoch [16][50/2182]	lr: 1.000e-04, eta: 0:42:31, time: 0.351, data_time: 0.139, memory: 7986, loss_cls: 0.4170, loss_bbox: 0.3796, loss_kps: 0.0000, loss: 0.7965
2026-09-13 04:16:51,670 - mmdet - INFO - Epoch [16][100/2182]	lr: 1.000e-04, eta: 0:42:19, time: 0.231, data_time: 0.030, memory: 7986, loss_cls: 0.4313, loss_bbox: 0.3692, loss_kps: 0.0000, loss: 0.8006
2026-09-13 04:17:03,583 - mmdet - INFO - Epoch [16][150/2182]	lr: 1.000e-04, eta: 0:42:07, time: 0.238, data_time: 0.036, memory: 7986, loss_cls: 0.4131, loss_bbox: 0.3701, loss_kps: 0.0000, loss: 0.7832
2026-09-13 04:17:15,183 - mmdet - INFO - Epoch [16][200/2182]	lr: 1.000e-04, eta: 0:41:56, time: 0.232, data_time: 0.032, memory: 7986, loss_cls: 0.4288, loss_bbox: 0.3724, loss_kps: 0.0000, loss: 0.8011
2026-09-13 04:17:26,772 - mmdet - INFO - Epoch [16][250/2182]	lr: 1.000e-04, eta: 0:41:44, time: 0.232, data_time: 0.029, memory: 7986, loss_cls: 0.4096, loss_bbox: 0.3598, loss_kps: 0.0000, loss: 0.7693
2026-09-13 04:17:38,268 - mmdet - INFO - Epoch [16][300/2182]	lr: 1.000e-04, eta: 0:41:32, time: 0.230, data_time: 0.031, memory: 7986, loss_cls: 0.4286, loss_bbox: 0.3846, loss_kps: 0.0000, loss: 0.8132
2026-09-13 04:17:50,037 - mmdet - INFO - Epoch [16][350/2182]	lr: 1.000e-04, eta: 0:41:20, time: 0.235, data_time: 0.031, memory: 7986, loss_cls: 0.4242, loss_bbox: 0.3858, loss_kps: 0.0000, loss: 0.8099
2026-09-13 04:18:01,792 - mmdet - INFO - Epoch [16][400/2182]	lr: 1.000e-04, eta: 0:41:09, time: 0.235, data_time: 0.029, memory: 7986, loss_cls: 0.4072, loss_bbox: 0.3691, loss_kps: 0.0000, loss: 0.7763
2026-09-13 04:18:13,635 - mmdet - INFO - Epoch [16][450/2182]	lr: 1.000e-04, eta: 0:40:57, time: 0.237, data_time: 0.031, memory: 7986, loss_cls: 0.4002, loss_bbox: 0.3636, loss_kps: 0.0000, loss: 0.7638
2026-09-13 04:18:25,379 - mmdet - INFO - Epoch [16][500/2182]	lr: 1.000e-04, eta: 0:40:45, time: 0.235, data_time: 0.031, memory: 7986, loss_cls: 0.4242, loss_bbox: 0.3730, loss_kps: 0.0000, loss: 0.7972
2026-09-13 04:18:37,456 - mmdet - INFO - Epoch [16][550/2182]	lr: 1.000e-04, eta: 0:40:33, time: 0.242, data_time: 0.032, memory: 7986, loss_cls: 0.4037, loss_bbox: 0.3609, loss_kps: 0.0000, loss: 0.7646
2026-09-13 04:18:49,184 - mmdet - INFO - Epoch [16][600/2182]	lr: 1.000e-04, eta: 0:40:22, time: 0.235, data_time: 0.031, memory: 7986, loss_cls: 0.4291, loss_bbox: 0.3777, loss_kps: 0.0000, loss: 0.8068
2026-09-13 04:19:00,779 - mmdet - INFO - Epoch [16][650/2182]	lr: 1.000e-04, eta: 0:40:10, time: 0.232, data_time: 0.030, memory: 7986, loss_cls: 0.4032, loss_bbox: 0.3732, loss_kps: 0.0000, loss: 0.7764
2026-09-13 04:19:12,407 - mmdet - INFO - Epoch [16][700/2182]	lr: 1.000e-04, eta: 0:39:58, time: 0.232, data_time: 0.031, memory: 7986, loss_cls: 0.4045, loss_bbox: 0.3671, loss_kps: 0.0000, loss: 0.7716
2026-09-13 04:19:24,465 - mmdet - INFO - Epoch [16][750/2182]	lr: 1.000e-04, eta: 0:39:46, time: 0.241, data_time: 0.037, memory: 7986, loss_cls: 0.4071, loss_bbox: 0.3655, loss_kps: 0.0000, loss: 0.7725
2026-09-13 04:19:36,037 - mmdet - INFO - Epoch [16][800/2182]	lr: 1.000e-04, eta: 0:39:35, time: 0.231, data_time: 0.031, memory: 7986, loss_cls: 0.4091, loss_bbox: 0.3648, loss_kps: 0.0000, loss: 0.7739
2026-09-13 04:19:47,967 - mmdet - INFO - Epoch [16][850/2182]	lr: 1.000e-04, eta: 0:39:23, time: 0.239, data_time: 0.033, memory: 7986, loss_cls: 0.4128, loss_bbox: 0.3646, loss_kps: 0.0000, loss: 0.7774
2026-09-13 04:19:59,594 - mmdet - INFO - Epoch [16][900/2182]	lr: 1.000e-04, eta: 0:39:11, time: 0.233, data_time: 0.030, memory: 7986, loss_cls: 0.4232, loss_bbox: 0.3655, loss_kps: 0.0000, loss: 0.7887
2026-09-13 04:20:11,212 - mmdet - INFO - Epoch [16][950/2182]	lr: 1.000e-04, eta: 0:38:59, time: 0.232, data_time: 0.031, memory: 7986, loss_cls: 0.3980, loss_bbox: 0.3494, loss_kps: 0.0000, loss: 0.7474
2026-09-13 04:20:22,821 - mmdet - INFO - Epoch [16][1000/2182]	lr: 1.000e-04, eta: 0:38:48, time: 0.232, data_time: 0.031, memory: 7986, loss_cls: 0.4233, loss_bbox: 0.3679, loss_kps: 0.0000, loss: 0.7913
2026-09-13 04:20:34,407 - mmdet - INFO - Epoch [16][1050/2182]	lr: 1.000e-04, eta: 0:38:36, time: 0.232, data_time: 0.030, memory: 7986, loss_cls: 0.4310, loss_bbox: 0.3816, loss_kps: 0.0000, loss: 0.8126
2026-09-13 04:20:46,119 - mmdet - INFO - Epoch [16][1100/2182]	lr: 1.000e-04, eta: 0:38:24, time: 0.234, data_time: 0.032, memory: 7986, loss_cls: 0.4234, loss_bbox: 0.3697, loss_kps: 0.0000, loss: 0.7931
2026-09-13 04:20:57,876 - mmdet - INFO - Epoch [16][1150/2182]	lr: 1.000e-04, eta: 0:38:12, time: 0.235, data_time: 0.030, memory: 7986, loss_cls: 0.4067, loss_bbox: 0.3553, loss_kps: 0.0000, loss: 0.7620
2026-09-13 04:21:09,628 - mmdet - INFO - Epoch [16][1200/2182]	lr: 1.000e-04, eta: 0:38:01, time: 0.235, data_time: 0.031, memory: 7986, loss_cls: 0.4129, loss_bbox: 0.3595, loss_kps: 0.0000, loss: 0.7724
2026-09-13 04:21:21,693 - mmdet - INFO - Epoch [16][1250/2182]	lr: 1.000e-04, eta: 0:37:49, time: 0.241, data_time: 0.030, memory: 7986, loss_cls: 0.4226, loss_bbox: 0.3722, loss_kps: 0.0000, loss: 0.7948
2026-09-13 04:21:33,449 - mmdet - INFO - Epoch [16][1300/2182]	lr: 1.000e-04, eta: 0:37:37, time: 0.235, data_time: 0.030, memory: 7986, loss_cls: 0.4100, loss_bbox: 0.3660, loss_kps: 0.0000, loss: 0.7760
2026-09-13 04:21:45,395 - mmdet - INFO - Epoch [16][1350/2182]	lr: 1.000e-04, eta: 0:37:25, time: 0.239, data_time: 0.037, memory: 7986, loss_cls: 0.4050, loss_bbox: 0.3629, loss_kps: 0.0000, loss: 0.7679
2026-09-13 04:21:57,262 - mmdet - INFO - Epoch [16][1400/2182]	lr: 1.000e-04, eta: 0:37:14, time: 0.237, data_time: 0.031, memory: 7986, loss_cls: 0.4203, loss_bbox: 0.3691, loss_kps: 0.0000, loss: 0.7894
2026-09-13 04:22:08,972 - mmdet - INFO - Epoch [16][1450/2182]	lr: 1.000e-04, eta: 0:37:02, time: 0.234, data_time: 0.031, memory: 7986, loss_cls: 0.4205, loss_bbox: 0.3696, loss_kps: 0.0000, loss: 0.7901
2026-09-13 04:22:20,708 - mmdet - INFO - Epoch [16][1500/2182]	lr: 1.000e-04, eta: 0:36:50, time: 0.235, data_time: 0.032, memory: 7986, loss_cls: 0.4051, loss_bbox: 0.3639, loss_kps: 0.0000, loss: 0.7690
2026-09-13 04:22:32,489 - mmdet - INFO - Epoch [16][1550/2182]	lr: 1.000e-04, eta: 0:36:39, time: 0.236, data_time: 0.031, memory: 7986, loss_cls: 0.4058, loss_bbox: 0.3648, loss_kps: 0.0000, loss: 0.7706
2026-09-13 04:22:44,305 - mmdet - INFO - Epoch [16][1600/2182]	lr: 1.000e-04, eta: 0:36:27, time: 0.236, data_time: 0.031, memory: 7986, loss_cls: 0.4198, loss_bbox: 0.3789, loss_kps: 0.0000, loss: 0.7987
2026-09-13 04:22:56,209 - mmdet - INFO - Epoch [16][1650/2182]	lr: 1.000e-04, eta: 0:36:15, time: 0.238, data_time: 0.030, memory: 7986, loss_cls: 0.4078, loss_bbox: 0.3642, loss_kps: 0.0000, loss: 0.7719
2026-09-13 04:23:08,157 - mmdet - INFO - Epoch [16][1700/2182]	lr: 1.000e-04, eta: 0:36:03, time: 0.239, data_time: 0.032, memory: 7986, loss_cls: 0.4141, loss_bbox: 0.3694, loss_kps: 0.0000, loss: 0.7835
2026-09-13 04:23:20,087 - mmdet - INFO - Epoch [16][1750/2182]	lr: 1.000e-04, eta: 0:35:52, time: 0.239, data_time: 0.032, memory: 7986, loss_cls: 0.4201, loss_bbox: 0.3755, loss_kps: 0.0000, loss: 0.7955
2026-09-13 04:23:32,077 - mmdet - INFO - Epoch [16][1800/2182]	lr: 1.000e-04, eta: 0:35:40, time: 0.240, data_time: 0.030, memory: 7986, loss_cls: 0.4291, loss_bbox: 0.3679, loss_kps: 0.0000, loss: 0.7970
2026-09-13 04:23:43,925 - mmdet - INFO - Epoch [16][1850/2182]	lr: 1.000e-04, eta: 0:35:28, time: 0.237, data_time: 0.031, memory: 7986, loss_cls: 0.4105, loss_bbox: 0.3674, loss_kps: 0.0000, loss: 0.7779
2026-09-13 04:23:55,845 - mmdet - INFO - Epoch [16][1900/2182]	lr: 1.000e-04, eta: 0:35:17, time: 0.238, data_time: 0.032, memory: 7986, loss_cls: 0.4166, loss_bbox: 0.3702, loss_kps: 0.0000, loss: 0.7868
2026-09-13 04:24:07,665 - mmdet - INFO - Epoch [16][1950/2182]	lr: 1.000e-04, eta: 0:35:05, time: 0.237, data_time: 0.031, memory: 7986, loss_cls: 0.4019, loss_bbox: 0.3660, loss_kps: 0.0000, loss: 0.7679
2026-09-13 04:24:19,548 - mmdet - INFO - Epoch [16][2000/2182]	lr: 1.000e-04, eta: 0:34:53, time: 0.238, data_time: 0.033, memory: 7986, loss_cls: 0.4125, loss_bbox: 0.3596, loss_kps: 0.0000, loss: 0.7721
2026-09-13 04:24:31,641 - mmdet - INFO - Epoch [16][2050/2182]	lr: 1.000e-04, eta: 0:34:41, time: 0.242, data_time: 0.039, memory: 7986, loss_cls: 0.4032, loss_bbox: 0.3671, loss_kps: 0.0000, loss: 0.7703
2026-09-13 04:24:43,423 - mmdet - INFO - Epoch [16][2100/2182]	lr: 1.000e-04, eta: 0:34:30, time: 0.236, data_time: 0.033, memory: 7986, loss_cls: 0.4128, loss_bbox: 0.3734, loss_kps: 0.0000, loss: 0.7862
2026-09-13 04:24:55,224 - mmdet - INFO - Epoch [16][2150/2182]	lr: 1.000e-04, eta: 0:34:18, time: 0.236, data_time: 0.031, memory: 7986, loss_cls: 0.4228, loss_bbox: 0.3703, loss_kps: 0.0000, loss: 0.7932
2026-09-13 04:25:02,360 - mmdet - INFO - Saving checkpoint at 16 epochs
2026-09-13 04:25:20,432 - mmdet - INFO - Epoch [17][50/2182]	lr: 1.000e-04, eta: 0:33:58, time: 0.358, data_time: 0.142, memory: 7986, loss_cls: 0.4076, loss_bbox: 0.3626, loss_kps: 0.0000, loss: 0.7702
2026-09-13 04:25:32,185 - mmdet - INFO - Epoch [17][100/2182]	lr: 1.000e-04, eta: 0:33:47, time: 0.235, data_time: 0.032, memory: 7986, loss_cls: 0.4024, loss_bbox: 0.3698, loss_kps: 0.0000, loss: 0.7722
2026-09-13 04:25:43,754 - mmdet - INFO - Epoch [17][150/2182]	lr: 1.000e-04, eta: 0:33:35, time: 0.231, data_time: 0.032, memory: 7986, loss_cls: 0.4151, loss_bbox: 0.3811, loss_kps: 0.0000, loss: 0.7962
2026-09-13 04:25:55,916 - mmdet - INFO - Epoch [17][200/2182]	lr: 1.000e-04, eta: 0:33:23, time: 0.243, data_time: 0.032, memory: 7986, loss_cls: 0.4040, loss_bbox: 0.3622, loss_kps: 0.0000, loss: 0.7662
2026-09-13 04:26:07,639 - mmdet - INFO - Epoch [17][250/2182]	lr: 1.000e-04, eta: 0:33:11, time: 0.234, data_time: 0.030, memory: 7986, loss_cls: 0.4181, loss_bbox: 0.3731, loss_kps: 0.0000, loss: 0.7911
2026-09-13 04:26:19,187 - mmdet - INFO - Epoch [17][300/2182]	lr: 1.000e-04, eta: 0:33:00, time: 0.231, data_time: 0.032, memory: 7986, loss_cls: 0.4054, loss_bbox: 0.3688, loss_kps: 0.0000, loss: 0.7742
2026-09-13 04:26:30,789 - mmdet - INFO - Epoch [17][350/2182]	lr: 1.000e-04, eta: 0:32:48, time: 0.232, data_time: 0.032, memory: 7986, loss_cls: 0.3969, loss_bbox: 0.3570, loss_kps: 0.0000, loss: 0.7539
2026-09-13 04:26:42,320 - mmdet - INFO - Epoch [17][400/2182]	lr: 1.000e-04, eta: 0:32:36, time: 0.231, data_time: 0.032, memory: 7986, loss_cls: 0.3991, loss_bbox: 0.3710, loss_kps: 0.0000, loss: 0.7702
2026-09-13 04:26:54,155 - mmdet - INFO - Epoch [17][450/2182]	lr: 1.000e-04, eta: 0:32:24, time: 0.237, data_time: 0.033, memory: 7986, loss_cls: 0.4169, loss_bbox: 0.3716, loss_kps: 0.0000, loss: 0.7885
2026-09-13 04:27:06,113 - mmdet - INFO - Epoch [17][500/2182]	lr: 1.000e-04, eta: 0:32:13, time: 0.239, data_time: 0.036, memory: 7986, loss_cls: 0.4094, loss_bbox: 0.3602, loss_kps: 0.0000, loss: 0.7696
2026-09-13 04:27:17,744 - mmdet - INFO - Epoch [17][550/2182]	lr: 1.000e-04, eta: 0:32:01, time: 0.233, data_time: 0.031, memory: 7986, loss_cls: 0.4287, loss_bbox: 0.3737, loss_kps: 0.0000, loss: 0.8024
2026-09-13 04:27:29,639 - mmdet - INFO - Epoch [17][600/2182]	lr: 1.000e-04, eta: 0:31:49, time: 0.238, data_time: 0.032, memory: 7986, loss_cls: 0.3992, loss_bbox: 0.3689, loss_kps: 0.0000, loss: 0.7681
2026-09-13 04:27:41,470 - mmdet - INFO - Epoch [17][650/2182]	lr: 1.000e-04, eta: 0:31:37, time: 0.237, data_time: 0.031, memory: 7986, loss_cls: 0.3922, loss_bbox: 0.3662, loss_kps: 0.0000, loss: 0.7583
2026-09-13 04:27:53,174 - mmdet - INFO - Epoch [17][700/2182]	lr: 1.000e-04, eta: 0:31:26, time: 0.234, data_time: 0.032, memory: 7986, loss_cls: 0.4221, loss_bbox: 0.3713, loss_kps: 0.0000, loss: 0.7934
2026-09-13 04:28:04,730 - mmdet - INFO - Epoch [17][750/2182]	lr: 1.000e-04, eta: 0:31:14, time: 0.231, data_time: 0.031, memory: 7986, loss_cls: 0.4092, loss_bbox: 0.3652, loss_kps: 0.0000, loss: 0.7744
2026-09-13 04:28:16,422 - mmdet - INFO - Epoch [17][800/2182]	lr: 1.000e-04, eta: 0:31:02, time: 0.234, data_time: 0.032, memory: 7986, loss_cls: 0.4064, loss_bbox: 0.3559, loss_kps: 0.0000, loss: 0.7624
2026-09-13 04:28:28,628 - mmdet - INFO - Epoch [17][850/2182]	lr: 1.000e-04, eta: 0:30:50, time: 0.244, data_time: 0.034, memory: 7986, loss_cls: 0.4206, loss_bbox: 0.3662, loss_kps: 0.0000, loss: 0.7868
2026-09-13 04:28:40,322 - mmdet - INFO - Epoch [17][900/2182]	lr: 1.000e-04, eta: 0:30:39, time: 0.234, data_time: 0.032, memory: 7986, loss_cls: 0.4162, loss_bbox: 0.3700, loss_kps: 0.0000, loss: 0.7862
2026-09-13 04:28:51,897 - mmdet - INFO - Epoch [17][950/2182]	lr: 1.000e-04, eta: 0:30:27, time: 0.232, data_time: 0.032, memory: 7986, loss_cls: 0.3975, loss_bbox: 0.3614, loss_kps: 0.0000, loss: 0.7589
2026-09-13 04:29:03,482 - mmdet - INFO - Epoch [17][1000/2182]	lr: 1.000e-04, eta: 0:30:15, time: 0.232, data_time: 0.032, memory: 7986, loss_cls: 0.4110, loss_bbox: 0.3639, loss_kps: 0.0000, loss: 0.7749
2026-09-13 04:29:15,274 - mmdet - INFO - Epoch [17][1050/2182]	lr: 1.000e-04, eta: 0:30:03, time: 0.236, data_time: 0.033, memory: 7986, loss_cls: 0.4123, loss_bbox: 0.3693, loss_kps: 0.0000, loss: 0.7816
2026-09-13 04:29:26,720 - mmdet - INFO - Epoch [17][1100/2182]	lr: 1.000e-04, eta: 0:29:52, time: 0.229, data_time: 0.032, memory: 7986, loss_cls: 0.4365, loss_bbox: 0.3684, loss_kps: 0.0000, loss: 0.8049
2026-09-13 04:29:38,202 - mmdet - INFO - Epoch [17][1150/2182]	lr: 1.000e-04, eta: 0:29:40, time: 0.230, data_time: 0.032, memory: 7986, loss_cls: 0.4140, loss_bbox: 0.3651, loss_kps: 0.0000, loss: 0.7791
2026-09-13 04:29:49,982 - mmdet - INFO - Epoch [17][1200/2182]	lr: 1.000e-04, eta: 0:29:28, time: 0.236, data_time: 0.039, memory: 7986, loss_cls: 0.4125, loss_bbox: 0.3684, loss_kps: 0.0000, loss: 0.7810
2026-09-13 04:30:01,421 - mmdet - INFO - Epoch [17][1250/2182]	lr: 1.000e-04, eta: 0:29:16, time: 0.229, data_time: 0.031, memory: 7986, loss_cls: 0.4125, loss_bbox: 0.3770, loss_kps: 0.0000, loss: 0.7896
2026-09-13 04:30:12,869 - mmdet - INFO - Epoch [17][1300/2182]	lr: 1.000e-04, eta: 0:29:04, time: 0.229, data_time: 0.033, memory: 7986, loss_cls: 0.4047, loss_bbox: 0.3697, loss_kps: 0.0000, loss: 0.7744
2026-09-13 04:30:24,405 - mmdet - INFO - Epoch [17][1350/2182]	lr: 1.000e-04, eta: 0:28:53, time: 0.231, data_time: 0.033, memory: 7986, loss_cls: 0.4072, loss_bbox: 0.3667, loss_kps: 0.0000, loss: 0.7739
2026-09-13 04:30:35,823 - mmdet - INFO - Epoch [17][1400/2182]	lr: 1.000e-04, eta: 0:28:41, time: 0.228, data_time: 0.033, memory: 7986, loss_cls: 0.4369, loss_bbox: 0.3611, loss_kps: 0.0000, loss: 0.7980
2026-09-13 04:30:47,735 - mmdet - INFO - Epoch [17][1450/2182]	lr: 1.000e-04, eta: 0:28:29, time: 0.238, data_time: 0.033, memory: 7986, loss_cls: 0.4077, loss_bbox: 0.3649, loss_kps: 0.0000, loss: 0.7726
2026-09-13 04:30:59,569 - mmdet - INFO - Epoch [17][1500/2182]	lr: 1.000e-04, eta: 0:28:17, time: 0.237, data_time: 0.032, memory: 7986, loss_cls: 0.4129, loss_bbox: 0.3717, loss_kps: 0.0000, loss: 0.7845
2026-09-13 04:31:11,385 - mmdet - INFO - Epoch [17][1550/2182]	lr: 1.000e-04, eta: 0:28:06, time: 0.236, data_time: 0.033, memory: 7986, loss_cls: 0.4007, loss_bbox: 0.3623, loss_kps: 0.0000, loss: 0.7630
2026-09-13 04:31:23,039 - mmdet - INFO - Epoch [17][1600/2182]	lr: 1.000e-04, eta: 0:27:54, time: 0.233, data_time: 0.033, memory: 7986, loss_cls: 0.4179, loss_bbox: 0.3636, loss_kps: 0.0000, loss: 0.7814
2026-09-13 04:31:34,686 - mmdet - INFO - Epoch [17][1650/2182]	lr: 1.000e-04, eta: 0:27:42, time: 0.233, data_time: 0.033, memory: 7986, loss_cls: 0.4007, loss_bbox: 0.3642, loss_kps: 0.0000, loss: 0.7649
2026-09-13 04:31:46,461 - mmdet - INFO - Epoch [17][1700/2182]	lr: 1.000e-04, eta: 0:27:30, time: 0.236, data_time: 0.033, memory: 7986, loss_cls: 0.4193, loss_bbox: 0.3644, loss_kps: 0.0000, loss: 0.7837
2026-09-13 04:31:58,259 - mmdet - INFO - Epoch [17][1750/2182]	lr: 1.000e-04, eta: 0:27:19, time: 0.236, data_time: 0.032, memory: 7986, loss_cls: 0.4146, loss_bbox: 0.3691, loss_kps: 0.0000, loss: 0.7837
2026-09-13 04:32:09,861 - mmdet - INFO - Epoch [17][1800/2182]	lr: 1.000e-04, eta: 0:27:07, time: 0.232, data_time: 0.032, memory: 7986, loss_cls: 0.3979, loss_bbox: 0.3627, loss_kps: 0.0000, loss: 0.7606
2026-09-13 04:32:22,092 - mmdet - INFO - Epoch [17][1850/2182]	lr: 1.000e-04, eta: 0:26:55, time: 0.245, data_time: 0.042, memory: 7986, loss_cls: 0.4016, loss_bbox: 0.3508, loss_kps: 0.0000, loss: 0.7525
2026-09-13 04:32:33,668 - mmdet - INFO - Epoch [17][1900/2182]	lr: 1.000e-04, eta: 0:26:43, time: 0.232, data_time: 0.031, memory: 7986, loss_cls: 0.4206, loss_bbox: 0.3766, loss_kps: 0.0000, loss: 0.7972
2026-09-13 04:32:45,261 - mmdet - INFO - Epoch [17][1950/2182]	lr: 1.000e-04, eta: 0:26:32, time: 0.232, data_time: 0.032, memory: 7986, loss_cls: 0.4080, loss_bbox: 0.3647, loss_kps: 0.0000, loss: 0.7727
2026-09-13 04:32:57,009 - mmdet - INFO - Epoch [17][2000/2182]	lr: 1.000e-04, eta: 0:26:20, time: 0.235, data_time: 0.033, memory: 7986, loss_cls: 0.4119, loss_bbox: 0.3573, loss_kps: 0.0000, loss: 0.7692
2026-09-13 04:33:08,781 - mmdet - INFO - Epoch [17][2050/2182]	lr: 1.000e-04, eta: 0:26:08, time: 0.235, data_time: 0.032, memory: 7986, loss_cls: 0.4188, loss_bbox: 0.3647, loss_kps: 0.0000, loss: 0.7835
2026-09-13 04:33:20,432 - mmdet - INFO - Epoch [17][2100/2182]	lr: 1.000e-04, eta: 0:25:56, time: 0.233, data_time: 0.031, memory: 7986, loss_cls: 0.4202, loss_bbox: 0.3636, loss_kps: 0.0000, loss: 0.7838
2026-09-13 04:33:32,598 - mmdet - INFO - Epoch [17][2150/2182]	lr: 1.000e-04, eta: 0:25:45, time: 0.243, data_time: 0.032, memory: 7986, loss_cls: 0.4303, loss_bbox: 0.3730, loss_kps: 0.0000, loss: 0.8033
2026-09-13 04:33:39,775 - mmdet - INFO - Saving checkpoint at 17 epochs
2026-09-13 04:33:57,750 - mmdet - INFO - Epoch [18][50/2182]	lr: 1.000e-04, eta: 0:25:25, time: 0.356, data_time: 0.142, memory: 7986, loss_cls: 0.4080, loss_bbox: 0.3670, loss_kps: 0.0000, loss: 0.7750
2026-09-13 04:34:09,346 - mmdet - INFO - Epoch [18][100/2182]	lr: 1.000e-04, eta: 0:25:13, time: 0.232, data_time: 0.032, memory: 7986, loss_cls: 0.4111, loss_bbox: 0.3620, loss_kps: 0.0000, loss: 0.7731
2026-09-13 04:34:21,022 - mmdet - INFO - Epoch [18][150/2182]	lr: 1.000e-04, eta: 0:25:02, time: 0.234, data_time: 0.033, memory: 7986, loss_cls: 0.3930, loss_bbox: 0.3546, loss_kps: 0.0000, loss: 0.7476
2026-09-13 04:34:32,495 - mmdet - INFO - Epoch [18][200/2182]	lr: 1.000e-04, eta: 0:24:50, time: 0.229, data_time: 0.030, memory: 7986, loss_cls: 0.4062, loss_bbox: 0.3680, loss_kps: 0.0000, loss: 0.7742
2026-09-13 04:34:44,030 - mmdet - INFO - Epoch [18][250/2182]	lr: 1.000e-04, eta: 0:24:38, time: 0.231, data_time: 0.031, memory: 7986, loss_cls: 0.4316, loss_bbox: 0.3717, loss_kps: 0.0000, loss: 0.8033
2026-09-13 04:34:55,884 - mmdet - INFO - Epoch [18][300/2182]	lr: 1.000e-04, eta: 0:24:26, time: 0.237, data_time: 0.039, memory: 7986, loss_cls: 0.3846, loss_bbox: 0.3611, loss_kps: 0.0000, loss: 0.7458
2026-09-13 04:35:07,531 - mmdet - INFO - Epoch [18][350/2182]	lr: 1.000e-04, eta: 0:24:15, time: 0.233, data_time: 0.032, memory: 7986, loss_cls: 0.4171, loss_bbox: 0.3722, loss_kps: 0.0000, loss: 0.7892
2026-09-13 04:35:19,246 - mmdet - INFO - Epoch [18][400/2182]	lr: 1.000e-04, eta: 0:24:03, time: 0.234, data_time: 0.033, memory: 7986, loss_cls: 0.4190, loss_bbox: 0.3732, loss_kps: 0.0000, loss: 0.7922
2026-09-13 04:35:30,943 - mmdet - INFO - Epoch [18][450/2182]	lr: 1.000e-04, eta: 0:23:51, time: 0.234, data_time: 0.030, memory: 7986, loss_cls: 0.4065, loss_bbox: 0.3629, loss_kps: 0.0000, loss: 0.7693
2026-09-13 04:35:42,653 - mmdet - INFO - Epoch [18][500/2182]	lr: 1.000e-04, eta: 0:23:39, time: 0.234, data_time: 0.032, memory: 7986, loss_cls: 0.4144, loss_bbox: 0.3617, loss_kps: 0.0000, loss: 0.7761
2026-09-13 04:35:54,727 - mmdet - INFO - Epoch [18][550/2182]	lr: 1.000e-04, eta: 0:23:28, time: 0.241, data_time: 0.035, memory: 7986, loss_cls: 0.4019, loss_bbox: 0.3579, loss_kps: 0.0000, loss: 0.7597
2026-09-13 04:36:06,389 - mmdet - INFO - Epoch [18][600/2182]	lr: 1.000e-04, eta: 0:23:16, time: 0.233, data_time: 0.032, memory: 7986, loss_cls: 0.4237, loss_bbox: 0.3659, loss_kps: 0.0000, loss: 0.7896
2026-09-13 04:36:18,170 - mmdet - INFO - Epoch [18][650/2182]	lr: 1.000e-04, eta: 0:23:04, time: 0.236, data_time: 0.031, memory: 7986, loss_cls: 0.3939, loss_bbox: 0.3653, loss_kps: 0.0000, loss: 0.7592
2026-09-13 04:36:30,006 - mmdet - INFO - Epoch [18][700/2182]	lr: 1.000e-04, eta: 0:22:53, time: 0.237, data_time: 0.032, memory: 7986, loss_cls: 0.4132, loss_bbox: 0.3571, loss_kps: 0.0000, loss: 0.7703
2026-09-13 04:36:41,694 - mmdet - INFO - Epoch [18][750/2182]	lr: 1.000e-04, eta: 0:22:41, time: 0.234, data_time: 0.032, memory: 7986, loss_cls: 0.4226, loss_bbox: 0.3614, loss_kps: 0.0000, loss: 0.7840
2026-09-13 04:36:53,399 - mmdet - INFO - Epoch [18][800/2182]	lr: 1.000e-04, eta: 0:22:29, time: 0.234, data_time: 0.033, memory: 7986, loss_cls: 0.4067, loss_bbox: 0.3708, loss_kps: 0.0000, loss: 0.7775
2026-09-13 04:37:05,236 - mmdet - INFO - Epoch [18][850/2182]	lr: 1.000e-04, eta: 0:22:17, time: 0.237, data_time: 0.032, memory: 7986, loss_cls: 0.4078, loss_bbox: 0.3635, loss_kps: 0.0000, loss: 0.7714
2026-09-13 04:37:16,922 - mmdet - INFO - Epoch [18][900/2182]	lr: 1.000e-04, eta: 0:22:06, time: 0.234, data_time: 0.033, memory: 7986, loss_cls: 0.4250, loss_bbox: 0.3757, loss_kps: 0.0000, loss: 0.8007
2026-09-13 04:37:29,034 - mmdet - INFO - Epoch [18][950/2182]	lr: 1.000e-04, eta: 0:21:54, time: 0.242, data_time: 0.040, memory: 7986, loss_cls: 0.4054, loss_bbox: 0.3719, loss_kps: 0.0000, loss: 0.7773
2026-09-13 04:37:40,723 - mmdet - INFO - Epoch [18][1000/2182]	lr: 1.000e-04, eta: 0:21:42, time: 0.234, data_time: 0.031, memory: 7986, loss_cls: 0.3984, loss_bbox: 0.3591, loss_kps: 0.0000, loss: 0.7575
2026-09-13 04:37:52,307 - mmdet - INFO - Epoch [18][1050/2182]	lr: 1.000e-04, eta: 0:21:30, time: 0.232, data_time: 0.031, memory: 7986, loss_cls: 0.4192, loss_bbox: 0.3662, loss_kps: 0.0000, loss: 0.7854
2026-09-13 04:38:04,028 - mmdet - INFO - Epoch [18][1100/2182]	lr: 1.000e-04, eta: 0:21:19, time: 0.234, data_time: 0.032, memory: 7986, loss_cls: 0.4003, loss_bbox: 0.3677, loss_kps: 0.0000, loss: 0.7680
2026-09-13 04:38:15,752 - mmdet - INFO - Epoch [18][1150/2182]	lr: 1.000e-04, eta: 0:21:07, time: 0.234, data_time: 0.032, memory: 7986, loss_cls: 0.4136, loss_bbox: 0.3613, loss_kps: 0.0000, loss: 0.7749
2026-09-13 04:38:27,610 - mmdet - INFO - Epoch [18][1200/2182]	lr: 1.000e-04, eta: 0:20:55, time: 0.237, data_time: 0.032, memory: 7986, loss_cls: 0.4129, loss_bbox: 0.3824, loss_kps: 0.0000, loss: 0.7953
2026-09-13 04:38:39,306 - mmdet - INFO - Epoch [18][1250/2182]	lr: 1.000e-04, eta: 0:20:43, time: 0.234, data_time: 0.032, memory: 7986, loss_cls: 0.3982, loss_bbox: 0.3632, loss_kps: 0.0000, loss: 0.7615
2026-09-13 04:38:51,071 - mmdet - INFO - Epoch [18][1300/2182]	lr: 1.000e-04, eta: 0:20:32, time: 0.235, data_time: 0.033, memory: 7986, loss_cls: 0.4118, loss_bbox: 0.3621, loss_kps: 0.0000, loss: 0.7739
2026-09-13 04:39:02,714 - mmdet - INFO - Epoch [18][1350/2182]	lr: 1.000e-04, eta: 0:20:20, time: 0.233, data_time: 0.034, memory: 7986, loss_cls: 0.4014, loss_bbox: 0.3588, loss_kps: 0.0000, loss: 0.7602
2026-09-13 04:39:14,319 - mmdet - INFO - Epoch [18][1400/2182]	lr: 1.000e-04, eta: 0:20:08, time: 0.232, data_time: 0.032, memory: 7986, loss_cls: 0.4156, loss_bbox: 0.3681, loss_kps: 0.0000, loss: 0.7837
2026-09-13 04:39:26,230 - mmdet - INFO - Epoch [18][1450/2182]	lr: 1.000e-04, eta: 0:19:56, time: 0.238, data_time: 0.032, memory: 7986, loss_cls: 0.4022, loss_bbox: 0.3552, loss_kps: 0.0000, loss: 0.7575
2026-09-13 04:39:37,778 - mmdet - INFO - Epoch [18][1500/2182]	lr: 1.000e-04, eta: 0:19:45, time: 0.231, data_time: 0.033, memory: 7986, loss_cls: 0.4081, loss_bbox: 0.3763, loss_kps: 0.0000, loss: 0.7844
2026-09-13 04:39:49,517 - mmdet - INFO - Epoch [18][1550/2182]	lr: 1.000e-04, eta: 0:19:33, time: 0.235, data_time: 0.032, memory: 7986, loss_cls: 0.4102, loss_bbox: 0.3689, loss_kps: 0.0000, loss: 0.7791
2026-09-13 04:40:01,367 - mmdet - INFO - Epoch [18][1600/2182]	lr: 1.000e-04, eta: 0:19:21, time: 0.237, data_time: 0.034, memory: 7986, loss_cls: 0.4168, loss_bbox: 0.3716, loss_kps: 0.0000, loss: 0.7884
2026-09-13 04:40:13,374 - mmdet - INFO - Epoch [18][1650/2182]	lr: 1.000e-04, eta: 0:19:09, time: 0.240, data_time: 0.038, memory: 7986, loss_cls: 0.3899, loss_bbox: 0.3573, loss_kps: 0.0000, loss: 0.7472
2026-09-13 04:40:25,183 - mmdet - INFO - Epoch [18][1700/2182]	lr: 1.000e-04, eta: 0:18:58, time: 0.236, data_time: 0.032, memory: 7986, loss_cls: 0.4258, loss_bbox: 0.3653, loss_kps: 0.0000, loss: 0.7911
2026-09-13 04:40:36,734 - mmdet - INFO - Epoch [18][1750/2182]	lr: 1.000e-04, eta: 0:18:46, time: 0.231, data_time: 0.032, memory: 7986, loss_cls: 0.4073, loss_bbox: 0.3683, loss_kps: 0.0000, loss: 0.7756
2026-09-13 04:40:48,572 - mmdet - INFO - Epoch [18][1800/2182]	lr: 1.000e-04, eta: 0:18:34, time: 0.237, data_time: 0.033, memory: 7986, loss_cls: 0.4096, loss_bbox: 0.3670, loss_kps: 0.0000, loss: 0.7766
2026-09-13 04:41:00,293 - mmdet - INFO - Epoch [18][1850/2182]	lr: 1.000e-04, eta: 0:18:22, time: 0.235, data_time: 0.033, memory: 7986, loss_cls: 0.4188, loss_bbox: 0.3691, loss_kps: 0.0000, loss: 0.7878
2026-09-13 04:41:11,993 - mmdet - INFO - Epoch [18][1900/2182]	lr: 1.000e-04, eta: 0:18:11, time: 0.234, data_time: 0.034, memory: 7986, loss_cls: 0.4193, loss_bbox: 0.3647, loss_kps: 0.0000, loss: 0.7840
2026-09-13 04:41:23,944 - mmdet - INFO - Epoch [18][1950/2182]	lr: 1.000e-04, eta: 0:17:59, time: 0.239, data_time: 0.034, memory: 7986, loss_cls: 0.4293, loss_bbox: 0.3782, loss_kps: 0.0000, loss: 0.8075
2026-09-13 04:41:35,620 - mmdet - INFO - Epoch [18][2000/2182]	lr: 1.000e-04, eta: 0:17:47, time: 0.234, data_time: 0.035, memory: 7986, loss_cls: 0.3928, loss_bbox: 0.3583, loss_kps: 0.0000, loss: 0.7510
2026-09-13 04:41:47,396 - mmdet - INFO - Epoch [18][2050/2182]	lr: 1.000e-04, eta: 0:17:35, time: 0.236, data_time: 0.034, memory: 7986, loss_cls: 0.3912, loss_bbox: 0.3636, loss_kps: 0.0000, loss: 0.7548
2026-09-13 04:41:59,154 - mmdet - INFO - Epoch [18][2100/2182]	lr: 1.000e-04, eta: 0:17:24, time: 0.235, data_time: 0.032, memory: 7986, loss_cls: 0.4073, loss_bbox: 0.3705, loss_kps: 0.0000, loss: 0.7779
2026-09-13 04:42:10,766 - mmdet - INFO - Epoch [18][2150/2182]	lr: 1.000e-04, eta: 0:17:12, time: 0.232, data_time: 0.032, memory: 7986, loss_cls: 0.4065, loss_bbox: 0.3741, loss_kps: 0.0000, loss: 0.7806
2026-09-13 04:42:17,911 - mmdet - INFO - Saving checkpoint at 18 epochs
2026-09-13 04:42:36,141 - mmdet - INFO - Epoch [19][50/2182]	lr: 1.000e-05, eta: 0:16:53, time: 0.361, data_time: 0.143, memory: 7986, loss_cls: 0.3978, loss_bbox: 0.3602, loss_kps: 0.0000, loss: 0.7580
2026-09-13 04:42:47,803 - mmdet - INFO - Epoch [19][100/2182]	lr: 1.000e-05, eta: 0:16:41, time: 0.233, data_time: 0.029, memory: 7986, loss_cls: 0.4242, loss_bbox: 0.3763, loss_kps: 0.0000, loss: 0.8005
2026-09-13 04:42:59,505 - mmdet - INFO - Epoch [19][150/2182]	lr: 1.000e-05, eta: 0:16:29, time: 0.234, data_time: 0.032, memory: 7986, loss_cls: 0.4142, loss_bbox: 0.3633, loss_kps: 0.0000, loss: 0.7775
2026-09-13 04:43:11,292 - mmdet - INFO - Epoch [19][200/2182]	lr: 1.000e-05, eta: 0:16:17, time: 0.236, data_time: 0.037, memory: 7986, loss_cls: 0.4049, loss_bbox: 0.3646, loss_kps: 0.0000, loss: 0.7694
2026-09-13 04:43:22,854 - mmdet - INFO - Epoch [19][250/2182]	lr: 1.000e-05, eta: 0:16:06, time: 0.231, data_time: 0.031, memory: 7986, loss_cls: 0.4065, loss_bbox: 0.3663, loss_kps: 0.0000, loss: 0.7728
2026-09-13 04:43:34,542 - mmdet - INFO - Epoch [19][300/2182]	lr: 1.000e-05, eta: 0:15:54, time: 0.234, data_time: 0.033, memory: 7986, loss_cls: 0.4115, loss_bbox: 0.3617, loss_kps: 0.0000, loss: 0.7732
2026-09-13 04:43:46,261 - mmdet - INFO - Epoch [19][350/2182]	lr: 1.000e-05, eta: 0:15:42, time: 0.234, data_time: 0.033, memory: 7986, loss_cls: 0.4316, loss_bbox: 0.3639, loss_kps: 0.0000, loss: 0.7955
2026-09-13 04:43:57,953 - mmdet - INFO - Epoch [19][400/2182]	lr: 1.000e-05, eta: 0:15:30, time: 0.234, data_time: 0.031, memory: 7986, loss_cls: 0.4211, loss_bbox: 0.3704, loss_kps: 0.0000, loss: 0.7915
2026-09-13 04:44:10,064 - mmdet - INFO - Epoch [19][450/2182]	lr: 1.000e-05, eta: 0:15:19, time: 0.242, data_time: 0.034, memory: 7986, loss_cls: 0.3943, loss_bbox: 0.3595, loss_kps: 0.0000, loss: 0.7538
2026-09-13 04:44:21,674 - mmdet - INFO - Epoch [19][500/2182]	lr: 1.000e-05, eta: 0:15:07, time: 0.232, data_time: 0.032, memory: 7986, loss_cls: 0.4116, loss_bbox: 0.3639, loss_kps: 0.0000, loss: 0.7754
2026-09-13 04:44:33,338 - mmdet - INFO - Epoch [19][550/2182]	lr: 1.000e-05, eta: 0:14:55, time: 0.233, data_time: 0.031, memory: 7986, loss_cls: 0.4064, loss_bbox: 0.3734, loss_kps: 0.0000, loss: 0.7798
2026-09-13 04:44:44,902 - mmdet - INFO - Epoch [19][600/2182]	lr: 1.000e-05, eta: 0:14:43, time: 0.231, data_time: 0.033, memory: 7986, loss_cls: 0.3960, loss_bbox: 0.3525, loss_kps: 0.0000, loss: 0.7485
2026-09-13 04:44:56,836 - mmdet - INFO - Epoch [19][650/2182]	lr: 1.000e-05, eta: 0:14:32, time: 0.239, data_time: 0.033, memory: 7986, loss_cls: 0.4159, loss_bbox: 0.3657, loss_kps: 0.0000, loss: 0.7816
2026-09-13 04:45:08,715 - mmdet - INFO - Epoch [19][700/2182]	lr: 1.000e-05, eta: 0:14:20, time: 0.238, data_time: 0.033, memory: 7986, loss_cls: 0.4115, loss_bbox: 0.3652, loss_kps: 0.0000, loss: 0.7767
2026-09-13 04:45:20,570 - mmdet - INFO - Epoch [19][750/2182]	lr: 1.000e-05, eta: 0:14:08, time: 0.237, data_time: 0.031, memory: 7986, loss_cls: 0.4081, loss_bbox: 0.3669, loss_kps: 0.0000, loss: 0.7751
2026-09-13 04:45:32,587 - mmdet - INFO - Epoch [19][800/2182]	lr: 1.000e-05, eta: 0:13:56, time: 0.240, data_time: 0.037, memory: 7986, loss_cls: 0.3950, loss_bbox: 0.3585, loss_kps: 0.0000, loss: 0.7535
2026-09-13 04:45:44,481 - mmdet - INFO - Epoch [19][850/2182]	lr: 1.000e-05, eta: 0:13:45, time: 0.238, data_time: 0.033, memory: 7986, loss_cls: 0.4155, loss_bbox: 0.3662, loss_kps: 0.0000, loss: 0.7817
2026-09-13 04:45:56,185 - mmdet - INFO - Epoch [19][900/2182]	lr: 1.000e-05, eta: 0:13:33, time: 0.234, data_time: 0.033, memory: 7986, loss_cls: 0.4196, loss_bbox: 0.3616, loss_kps: 0.0000, loss: 0.7812
2026-09-13 04:46:07,807 - mmdet - INFO - Epoch [19][950/2182]	lr: 1.000e-05, eta: 0:13:21, time: 0.232, data_time: 0.031, memory: 7986, loss_cls: 0.4059, loss_bbox: 0.3713, loss_kps: 0.0000, loss: 0.7772
2026-09-13 04:46:19,566 - mmdet - INFO - Epoch [19][1000/2182]	lr: 1.000e-05, eta: 0:13:10, time: 0.235, data_time: 0.033, memory: 7986, loss_cls: 0.4112, loss_bbox: 0.3619, loss_kps: 0.0000, loss: 0.7730
2026-09-13 04:46:31,422 - mmdet - INFO - Epoch [19][1050/2182]	lr: 1.000e-05, eta: 0:12:58, time: 0.237, data_time: 0.032, memory: 7986, loss_cls: 0.4008, loss_bbox: 0.3559, loss_kps: 0.0000, loss: 0.7567
2026-09-13 04:46:43,485 - mmdet - INFO - Epoch [19][1100/2182]	lr: 1.000e-05, eta: 0:12:46, time: 0.241, data_time: 0.032, memory: 7986, loss_cls: 0.4001, loss_bbox: 0.3646, loss_kps: 0.0000, loss: 0.7647
2026-09-13 04:46:55,164 - mmdet - INFO - Epoch [19][1150/2182]	lr: 1.000e-05, eta: 0:12:34, time: 0.234, data_time: 0.032, memory: 7986, loss_cls: 0.4166, loss_bbox: 0.3703, loss_kps: 0.0000, loss: 0.7869
2026-09-13 04:47:06,938 - mmdet - INFO - Epoch [19][1200/2182]	lr: 1.000e-05, eta: 0:12:23, time: 0.235, data_time: 0.032, memory: 7986, loss_cls: 0.4040, loss_bbox: 0.3615, loss_kps: 0.0000, loss: 0.7655
2026-09-13 04:47:18,521 - mmdet - INFO - Epoch [19][1250/2182]	lr: 1.000e-05, eta: 0:12:11, time: 0.232, data_time: 0.031, memory: 7986, loss_cls: 0.4230, loss_bbox: 0.3676, loss_kps: 0.0000, loss: 0.7906
2026-09-13 04:47:30,252 - mmdet - INFO - Epoch [19][1300/2182]	lr: 1.000e-05, eta: 0:11:59, time: 0.235, data_time: 0.033, memory: 7986, loss_cls: 0.4021, loss_bbox: 0.3605, loss_kps: 0.0000, loss: 0.7626
2026-09-13 04:47:42,169 - mmdet - INFO - Epoch [19][1350/2182]	lr: 1.000e-05, eta: 0:11:47, time: 0.238, data_time: 0.033, memory: 7986, loss_cls: 0.4021, loss_bbox: 0.3712, loss_kps: 0.0000, loss: 0.7733
2026-09-13 04:47:54,038 - mmdet - INFO - Epoch [19][1400/2182]	lr: 1.000e-05, eta: 0:11:36, time: 0.237, data_time: 0.038, memory: 7986, loss_cls: 0.4216, loss_bbox: 0.3777, loss_kps: 0.0000, loss: 0.7994
2026-09-13 04:48:05,662 - mmdet - INFO - Epoch [19][1450/2182]	lr: 1.000e-05, eta: 0:11:24, time: 0.232, data_time: 0.031, memory: 7986, loss_cls: 0.3959, loss_bbox: 0.3619, loss_kps: 0.0000, loss: 0.7578
2026-09-13 04:48:17,315 - mmdet - INFO - Epoch [19][1500/2182]	lr: 1.000e-05, eta: 0:11:12, time: 0.233, data_time: 0.031, memory: 7986, loss_cls: 0.3944, loss_bbox: 0.3622, loss_kps: 0.0000, loss: 0.7566
2026-09-13 04:48:28,922 - mmdet - INFO - Epoch [19][1550/2182]	lr: 1.000e-05, eta: 0:11:00, time: 0.232, data_time: 0.031, memory: 7986, loss_cls: 0.4162, loss_bbox: 0.3667, loss_kps: 0.0000, loss: 0.7829
2026-09-13 04:48:40,563 - mmdet - INFO - Epoch [19][1600/2182]	lr: 1.000e-05, eta: 0:10:49, time: 0.233, data_time: 0.031, memory: 7986, loss_cls: 0.4151, loss_bbox: 0.3674, loss_kps: 0.0000, loss: 0.7824
2026-09-13 04:48:52,325 - mmdet - INFO - Epoch [19][1650/2182]	lr: 1.000e-05, eta: 0:10:37, time: 0.235, data_time: 0.032, memory: 7986, loss_cls: 0.3904, loss_bbox: 0.3578, loss_kps: 0.0000, loss: 0.7481
2026-09-13 04:49:04,103 - mmdet - INFO - Epoch [19][1700/2182]	lr: 1.000e-05, eta: 0:10:25, time: 0.236, data_time: 0.032, memory: 7986, loss_cls: 0.4112, loss_bbox: 0.3736, loss_kps: 0.0000, loss: 0.7847
2026-09-13 04:49:15,774 - mmdet - INFO - Epoch [19][1750/2182]	lr: 1.000e-05, eta: 0:10:13, time: 0.233, data_time: 0.032, memory: 7986, loss_cls: 0.4089, loss_bbox: 0.3521, loss_kps: 0.0000, loss: 0.7610
2026-09-13 04:49:27,683 - mmdet - INFO - Epoch [19][1800/2182]	lr: 1.000e-05, eta: 0:10:02, time: 0.238, data_time: 0.032, memory: 7986, loss_cls: 0.4150, loss_bbox: 0.3607, loss_kps: 0.0000, loss: 0.7757
2026-09-13 04:49:39,591 - mmdet - INFO - Epoch [19][1850/2182]	lr: 1.000e-05, eta: 0:09:50, time: 0.238, data_time: 0.032, memory: 7986, loss_cls: 0.4087, loss_bbox: 0.3717, loss_kps: 0.0000, loss: 0.7805
2026-09-13 04:49:51,363 - mmdet - INFO - Epoch [19][1900/2182]	lr: 1.000e-05, eta: 0:09:38, time: 0.235, data_time: 0.032, memory: 7986, loss_cls: 0.3892, loss_bbox: 0.3531, loss_kps: 0.0000, loss: 0.7424
2026-09-13 04:50:03,091 - mmdet - INFO - Epoch [19][1950/2182]	lr: 1.000e-05, eta: 0:09:26, time: 0.235, data_time: 0.032, memory: 7986, loss_cls: 0.4213, loss_bbox: 0.3656, loss_kps: 0.0000, loss: 0.7869
2026-09-13 04:50:14,804 - mmdet - INFO - Epoch [19][2000/2182]	lr: 1.000e-05, eta: 0:09:15, time: 0.234, data_time: 0.038, memory: 7986, loss_cls: 0.4109, loss_bbox: 0.3647, loss_kps: 0.0000, loss: 0.7757
2026-09-13 04:50:26,702 - mmdet - INFO - Epoch [19][2050/2182]	lr: 1.000e-05, eta: 0:09:03, time: 0.238, data_time: 0.034, memory: 7986, loss_cls: 0.4116, loss_bbox: 0.3713, loss_kps: 0.0000, loss: 0.7829
2026-09-13 04:50:38,399 - mmdet - INFO - Epoch [19][2100/2182]	lr: 1.000e-05, eta: 0:08:51, time: 0.234, data_time: 0.033, memory: 7986, loss_cls: 0.4135, loss_bbox: 0.3686, loss_kps: 0.0000, loss: 0.7821
2026-09-13 04:50:50,074 - mmdet - INFO - Epoch [19][2150/2182]	lr: 1.000e-05, eta: 0:08:39, time: 0.234, data_time: 0.032, memory: 7986, loss_cls: 0.4144, loss_bbox: 0.3642, loss_kps: 0.0000, loss: 0.7785
2026-09-13 04:50:57,219 - mmdet - INFO - Saving checkpoint at 19 epochs
2026-09-13 04:51:15,429 - mmdet - INFO - Epoch [20][50/2182]	lr: 1.000e-05, eta: 0:08:20, time: 0.361, data_time: 0.141, memory: 7986, loss_cls: 0.4049, loss_bbox: 0.3726, loss_kps: 0.0000, loss: 0.7775
2026-09-13 04:51:27,100 - mmdet - INFO - Epoch [20][100/2182]	lr: 1.000e-05, eta: 0:08:08, time: 0.233, data_time: 0.032, memory: 7986, loss_cls: 0.4092, loss_bbox: 0.3676, loss_kps: 0.0000, loss: 0.7768
2026-09-13 04:51:38,547 - mmdet - INFO - Epoch [20][150/2182]	lr: 1.000e-05, eta: 0:07:57, time: 0.229, data_time: 0.029, memory: 7986, loss_cls: 0.4056, loss_bbox: 0.3672, loss_kps: 0.0000, loss: 0.7728
2026-09-13 04:51:50,216 - mmdet - INFO - Epoch [20][200/2182]	lr: 1.000e-05, eta: 0:07:45, time: 0.233, data_time: 0.031, memory: 7986, loss_cls: 0.3982, loss_bbox: 0.3699, loss_kps: 0.0000, loss: 0.7682
2026-09-13 04:52:01,719 - mmdet - INFO - Epoch [20][250/2182]	lr: 1.000e-05, eta: 0:07:33, time: 0.230, data_time: 0.031, memory: 7986, loss_cls: 0.3965, loss_bbox: 0.3586, loss_kps: 0.0000, loss: 0.7551
2026-09-13 04:52:13,158 - mmdet - INFO - Epoch [20][300/2182]	lr: 1.000e-05, eta: 0:07:21, time: 0.229, data_time: 0.031, memory: 7986, loss_cls: 0.3929, loss_bbox: 0.3573, loss_kps: 0.0000, loss: 0.7502
2026-09-13 04:52:24,706 - mmdet - INFO - Epoch [20][350/2182]	lr: 1.000e-05, eta: 0:07:10, time: 0.231, data_time: 0.032, memory: 7986, loss_cls: 0.4065, loss_bbox: 0.3599, loss_kps: 0.0000, loss: 0.7663
2026-09-13 04:52:36,931 - mmdet - INFO - Epoch [20][400/2182]	lr: 1.000e-05, eta: 0:06:58, time: 0.245, data_time: 0.031, memory: 7986, loss_cls: 0.4097, loss_bbox: 0.3644, loss_kps: 0.0000, loss: 0.7740
2026-09-13 04:52:48,578 - mmdet - INFO - Epoch [20][450/2182]	lr: 1.000e-05, eta: 0:06:46, time: 0.233, data_time: 0.032, memory: 7986, loss_cls: 0.4162, loss_bbox: 0.3701, loss_kps: 0.0000, loss: 0.7863
2026-09-13 04:53:00,169 - mmdet - INFO - Epoch [20][500/2182]	lr: 1.000e-05, eta: 0:06:34, time: 0.232, data_time: 0.030, memory: 7986, loss_cls: 0.4027, loss_bbox: 0.3612, loss_kps: 0.0000, loss: 0.7639
2026-09-13 04:53:12,192 - mmdet - INFO - Epoch [20][550/2182]	lr: 1.000e-05, eta: 0:06:23, time: 0.240, data_time: 0.038, memory: 7986, loss_cls: 0.4032, loss_bbox: 0.3587, loss_kps: 0.0000, loss: 0.7619
2026-09-13 04:53:24,077 - mmdet - INFO - Epoch [20][600/2182]	lr: 1.000e-05, eta: 0:06:11, time: 0.238, data_time: 0.032, memory: 7986, loss_cls: 0.4151, loss_bbox: 0.3720, loss_kps: 0.0000, loss: 0.7871
2026-09-13 04:53:35,926 - mmdet - INFO - Epoch [20][650/2182]	lr: 1.000e-05, eta: 0:05:59, time: 0.237, data_time: 0.034, memory: 7986, loss_cls: 0.4138, loss_bbox: 0.3721, loss_kps: 0.0000, loss: 0.7860
2026-09-13 04:53:47,675 - mmdet - INFO - Epoch [20][700/2182]	lr: 1.000e-05, eta: 0:05:48, time: 0.235, data_time: 0.032, memory: 7986, loss_cls: 0.3960, loss_bbox: 0.3539, loss_kps: 0.0000, loss: 0.7498
2026-09-13 04:53:59,512 - mmdet - INFO - Epoch [20][750/2182]	lr: 1.000e-05, eta: 0:05:36, time: 0.237, data_time: 0.033, memory: 7986, loss_cls: 0.4012, loss_bbox: 0.3654, loss_kps: 0.0000, loss: 0.7667
2026-09-13 04:54:11,188 - mmdet - INFO - Epoch [20][800/2182]	lr: 1.000e-05, eta: 0:05:24, time: 0.234, data_time: 0.032, memory: 7986, loss_cls: 0.4073, loss_bbox: 0.3592, loss_kps: 0.0000, loss: 0.7665
2026-09-13 04:54:22,928 - mmdet - INFO - Epoch [20][850/2182]	lr: 1.000e-05, eta: 0:05:12, time: 0.235, data_time: 0.031, memory: 7986, loss_cls: 0.4056, loss_bbox: 0.3619, loss_kps: 0.0000, loss: 0.7675
2026-09-13 04:54:34,594 - mmdet - INFO - Epoch [20][900/2182]	lr: 1.000e-05, eta: 0:05:01, time: 0.233, data_time: 0.031, memory: 7986, loss_cls: 0.4024, loss_bbox: 0.3586, loss_kps: 0.0000, loss: 0.7610
2026-09-13 04:54:46,601 - mmdet - INFO - Epoch [20][950/2182]	lr: 1.000e-05, eta: 0:04:49, time: 0.240, data_time: 0.032, memory: 7986, loss_cls: 0.4112, loss_bbox: 0.3623, loss_kps: 0.0000, loss: 0.7735
2026-09-13 04:54:58,655 - mmdet - INFO - Epoch [20][1000/2182]	lr: 1.000e-05, eta: 0:04:37, time: 0.241, data_time: 0.035, memory: 7986, loss_cls: 0.4049, loss_bbox: 0.3631, loss_kps: 0.0000, loss: 0.7679
2026-09-13 04:55:10,416 - mmdet - INFO - Epoch [20][1050/2182]	lr: 1.000e-05, eta: 0:04:25, time: 0.235, data_time: 0.029, memory: 7986, loss_cls: 0.4104, loss_bbox: 0.3640, loss_kps: 0.0000, loss: 0.7744
2026-09-13 04:55:22,336 - mmdet - INFO - Epoch [20][1100/2182]	lr: 1.000e-05, eta: 0:04:14, time: 0.238, data_time: 0.033, memory: 7986, loss_cls: 0.4039, loss_bbox: 0.3585, loss_kps: 0.0000, loss: 0.7624
2026-09-13 04:55:34,524 - mmdet - INFO - Epoch [20][1150/2182]	lr: 1.000e-05, eta: 0:04:02, time: 0.244, data_time: 0.040, memory: 7986, loss_cls: 0.3937, loss_bbox: 0.3490, loss_kps: 0.0000, loss: 0.7427
2026-09-13 04:55:46,383 - mmdet - INFO - Epoch [20][1200/2182]	lr: 1.000e-05, eta: 0:03:50, time: 0.237, data_time: 0.033, memory: 7986, loss_cls: 0.4161, loss_bbox: 0.3677, loss_kps: 0.0000, loss: 0.7838
2026-09-13 04:55:58,159 - mmdet - INFO - Epoch [20][1250/2182]	lr: 1.000e-05, eta: 0:03:38, time: 0.236, data_time: 0.031, memory: 7986, loss_cls: 0.4098, loss_bbox: 0.3659, loss_kps: 0.0000, loss: 0.7757
2026-09-13 04:56:09,762 - mmdet - INFO - Epoch [20][1300/2182]	lr: 1.000e-05, eta: 0:03:27, time: 0.232, data_time: 0.033, memory: 7986, loss_cls: 0.4118, loss_bbox: 0.3566, loss_kps: 0.0000, loss: 0.7683
2026-09-13 04:56:21,351 - mmdet - INFO - Epoch [20][1350/2182]	lr: 1.000e-05, eta: 0:03:15, time: 0.232, data_time: 0.031, memory: 7986, loss_cls: 0.3970, loss_bbox: 0.3536, loss_kps: 0.0000, loss: 0.7506
2026-09-13 04:56:32,965 - mmdet - INFO - Epoch [20][1400/2182]	lr: 1.000e-05, eta: 0:03:03, time: 0.232, data_time: 0.034, memory: 7986, loss_cls: 0.4282, loss_bbox: 0.3671, loss_kps: 0.0000, loss: 0.7953
2026-09-13 04:56:44,836 - mmdet - INFO - Epoch [20][1450/2182]	lr: 1.000e-05, eta: 0:02:51, time: 0.237, data_time: 0.033, memory: 7986, loss_cls: 0.4011, loss_bbox: 0.3577, loss_kps: 0.0000, loss: 0.7588
2026-09-13 04:56:56,430 - mmdet - INFO - Epoch [20][1500/2182]	lr: 1.000e-05, eta: 0:02:40, time: 0.232, data_time: 0.032, memory: 7986, loss_cls: 0.4170, loss_bbox: 0.3772, loss_kps: 0.0000, loss: 0.7942
2026-09-13 04:57:08,018 - mmdet - INFO - Epoch [20][1550/2182]	lr: 1.000e-05, eta: 0:02:28, time: 0.232, data_time: 0.031, memory: 7986, loss_cls: 0.4226, loss_bbox: 0.3673, loss_kps: 0.0000, loss: 0.7899
2026-09-13 04:57:19,654 - mmdet - INFO - Epoch [20][1600/2182]	lr: 1.000e-05, eta: 0:02:16, time: 0.233, data_time: 0.032, memory: 7986, loss_cls: 0.4302, loss_bbox: 0.3650, loss_kps: 0.0000, loss: 0.7952
2026-09-13 04:57:31,226 - mmdet - INFO - Epoch [20][1650/2182]	lr: 1.000e-05, eta: 0:02:04, time: 0.231, data_time: 0.034, memory: 7986, loss_cls: 0.4051, loss_bbox: 0.3643, loss_kps: 0.0000, loss: 0.7694
2026-09-13 04:57:42,822 - mmdet - INFO - Epoch [20][1700/2182]	lr: 1.000e-05, eta: 0:01:53, time: 0.232, data_time: 0.032, memory: 7986, loss_cls: 0.4097, loss_bbox: 0.3741, loss_kps: 0.0000, loss: 0.7838
2026-09-13 04:57:54,394 - mmdet - INFO - Epoch [20][1750/2182]	lr: 1.000e-05, eta: 0:01:41, time: 0.231, data_time: 0.032, memory: 7986, loss_cls: 0.4145, loss_bbox: 0.3622, loss_kps: 0.0000, loss: 0.7767
2026-09-13 04:58:06,124 - mmdet - INFO - Epoch [20][1800/2182]	lr: 1.000e-05, eta: 0:01:29, time: 0.235, data_time: 0.034, memory: 7986, loss_cls: 0.4295, loss_bbox: 0.3717, loss_kps: 0.0000, loss: 0.8012
2026-09-13 04:58:18,010 - mmdet - INFO - Epoch [20][1850/2182]	lr: 1.000e-05, eta: 0:01:17, time: 0.238, data_time: 0.037, memory: 7986, loss_cls: 0.4091, loss_bbox: 0.3745, loss_kps: 0.0000, loss: 0.7835
2026-09-13 04:58:29,751 - mmdet - INFO - Epoch [20][1900/2182]	lr: 1.000e-05, eta: 0:01:06, time: 0.235, data_time: 0.032, memory: 7986, loss_cls: 0.4185, loss_bbox: 0.3672, loss_kps: 0.0000, loss: 0.7857
2026-09-13 04:58:41,415 - mmdet - INFO - Epoch [20][1950/2182]	lr: 1.000e-05, eta: 0:00:54, time: 0.233, data_time: 0.031, memory: 7986, loss_cls: 0.4084, loss_bbox: 0.3702, loss_kps: 0.0000, loss: 0.7786
2026-09-13 04:58:53,237 - mmdet - INFO - Epoch [20][2000/2182]	lr: 1.000e-05, eta: 0:00:42, time: 0.236, data_time: 0.033, memory: 7986, loss_cls: 0.4022, loss_bbox: 0.3664, loss_kps: 0.0000, loss: 0.7686
2026-09-13 04:59:04,910 - mmdet - INFO - Epoch [20][2050/2182]	lr: 1.000e-05, eta: 0:00:30, time: 0.233, data_time: 0.035, memory: 7986, loss_cls: 0.4000, loss_bbox: 0.3637, loss_kps: 0.0000, loss: 0.7637
2026-09-13 04:59:16,454 - mmdet - INFO - Epoch [20][2100/2182]	lr: 1.000e-05, eta: 0:00:19, time: 0.231, data_time: 0.032, memory: 7986, loss_cls: 0.4090, loss_bbox: 0.3711, loss_kps: 0.0000, loss: 0.7801
2026-09-13 04:59:28,034 - mmdet - INFO - Epoch [20][2150/2182]	lr: 1.000e-05, eta: 0:00:07, time: 0.232, data_time: 0.032, memory: 7986, loss_cls: 0.4032, loss_bbox: 0.3610, loss_kps: 0.0000, loss: 0.7642
2026-09-13 04:59:35,195 - mmdet - INFO - Saving checkpoint at 20 epochs
