dst_rel	src	size	md5	oss_key
experiments/verifier_probe/build_probe.py	/data/esteban/pii/runs/verifier_probe/build_probe.py	2270	868af5ded0b7088ceebdf4dc3452870f	
experiments/verifier_probe/eval_embed.py	/data/esteban/pii/runs/verifier_probe/eval_embed.py	4243	c12dcb4a3616f4217a64a37ebb41485d	
experiments/verifier_probe/eval_vlm.py	/data/esteban/pii/runs/verifier_probe/eval_vlm.py	2898	54d43dad67a48c8fc53d4904a39f7bb2	
experiments/verifier_probe/out_embed.json	/data/esteban/pii/runs/verifier_probe/out_embed.json	14863	51b6fe6b2354ee3067aebb5925d874d3	
experiments/verifier_probe/out_qwen25_32b_awq.json	/data/esteban/pii/runs/verifier_probe/out_qwen25_32b_awq.json	16421	58fd67610482a16872dfbfe52594e332	
experiments/verifier_probe/out_qwen3_8b.json	/data/esteban/pii/runs/verifier_probe/out_qwen3_8b.json	16448	55e74351c0004f25e9b084336df12599	
experiments/verifier_probe/probe_manifest.json	/data/esteban/pii/runs/verifier_probe/probe_manifest.json	43889	a6dc925c6206ab47ed42a96b782358bd	
experiments/verifier_probe/score.py	/data/esteban/pii/runs/verifier_probe/score.py	1800	c68c4cec598cdaeb2287d0089b239d26	
experiments/verifier_probe/sweep.py	/data/esteban/pii/runs/verifier_probe/sweep.py	1051	8ddf1d991ed3708a5f3603e7b9791abf	
runs/train/egoblur/egoblurA/babysit.log	/data/esteban/pii/runs/train/wd_egoblurA/babysit.log	471	761ebfafa2d873977b4b1b10ac0a55fb	
runs/train/egoblur/egoblurA/config.yaml	/data/esteban/pii/runs/train/wd_egoblurA/config.yaml	5980	647bc20a7c036b8e84e80ebee3c0d463	
runs/train/egoblur/egoblurA/egoblurA.yaml	/data/esteban/pii/runs/train/wd_egoblurA/egoblurA.yaml	1155	643974ad95e0d2e056333830264b2168	
runs/train/egoblur/egoblurA/egoblur_face_gen2.yaml	/data/esteban/pii/runs/train/wd_egoblurA/egoblur_face_gen2.yaml	2647	fae1dd029bd4a0225ede072c9600638e	
runs/train/egoblur/egoblurA/egoblur_face_gen2_ft_draft.yaml	/data/esteban/pii/runs/train/wd_egoblurA/egoblur_face_gen2_ft_draft.yaml	2279	4ab42b4ce612136073e03fa9f7e14549	
runs/train/egoblur/egoblurA/epochs/model_0002907.pth	/data/esteban/pii/runs/train/wd_egoblurA/model_0002907.pth	835261021	058d6c73210528ee2535de0fe4561b38	pii/models/egoblur/egoblurA/epochs/model_0002907.pth
runs/train/egoblur/egoblurA/epochs/model_0005815.pth	/data/esteban/pii/runs/train/wd_egoblurA/model_0005815.pth	835261021	bbe26a00c98c8ec44dc78abba5829564	pii/models/egoblur/egoblurA/epochs/model_0005815.pth
runs/train/egoblur/egoblurA/epochs/model_0008723.pth	/data/esteban/pii/runs/train/wd_egoblurA/model_0008723.pth	835261021	2b61cc15088331e1fe36ad323ec377e7	pii/models/egoblur/egoblurA/epochs/model_0008723.pth
runs/train/egoblur/egoblurA/epochs/model_0011631.pth	/data/esteban/pii/runs/train/wd_egoblurA/model_0011631.pth	835261021	c357d644e772765a410fae9ae4084e5b	pii/models/egoblur/egoblurA/epochs/model_0011631.pth
runs/train/egoblur/egoblurA/epochs/model_0014539.pth	/data/esteban/pii/runs/train/wd_egoblurA/model_0014539.pth	835261021	d00486a5f3c411f047a04c88d4da3128	pii/models/egoblur/egoblurA/epochs/model_0014539.pth
runs/train/egoblur/egoblurA/epochs/model_0017447.pth	/data/esteban/pii/runs/train/wd_egoblurA/model_0017447.pth	835261021	0ac13ac2b9edf0e86c840e8f745e34b4	pii/models/egoblur/egoblurA/epochs/model_0017447.pth
runs/train/egoblur/egoblurA/epochs/model_final.pth	/data/esteban/pii/runs/train/wd_egoblurA/model_final.pth	835261021	0ac13ac2b9edf0e86c840e8f745e34b4	pii/models/egoblur/egoblurA/epochs/model_final.pth
runs/train/egoblur/egoblurA/eval/eval_table.tsv	/data/esteban/pii/runs/train/wd_egoblurA/eval/eval_table.tsv	543	850d36af0bae216efc97293154c5adc7	
runs/train/egoblur/egoblurA/eval/results_faceback_hq_v2_egoblurA_iter02908.json	/data/esteban/pii/runs/train/wd_egoblurA/eval/results_faceback_hq_v2_egoblurA_iter02908.json	3815	e4bcd3de680eb955b427b92c0f805b05	
runs/train/egoblur/egoblurA/eval/results_faceback_hq_v2_egoblurA_iter05816.json	/data/esteban/pii/runs/train/wd_egoblurA/eval/results_faceback_hq_v2_egoblurA_iter05816.json	3819	59cfb889da5d39206757e1a2bb129832	
runs/train/egoblur/egoblurA/eval/results_faceback_hq_v2_egoblurA_iter08724.json	/data/esteban/pii/runs/train/wd_egoblurA/eval/results_faceback_hq_v2_egoblurA_iter08724.json	3827	7d393fe0a36a4360ee8d63f3c8d2f499	
runs/train/egoblur/egoblurA/eval/results_faceback_hq_v2_egoblurA_iter11632.json	/data/esteban/pii/runs/train/wd_egoblurA/eval/results_faceback_hq_v2_egoblurA_iter11632.json	3829	2713fe8e9e56b1c965e771757a684aa5	
runs/train/egoblur/egoblurA/eval/results_faceback_hq_v2_egoblurA_iter14540.json	/data/esteban/pii/runs/train/wd_egoblurA/eval/results_faceback_hq_v2_egoblurA_iter14540.json	3821	616c8cce825f92f35cfd2ea47d20b0de	
runs/train/egoblur/egoblurA/eval/results_faceback_hq_v2_egoblurA_iter17448.json	/data/esteban/pii/runs/train/wd_egoblurA/eval/results_faceback_hq_v2_egoblurA_iter17448.json	3824	eff5cff2501c06230ec8c7665a84ea1d	
runs/train/egoblur/egoblurA/last_checkpoint	/data/esteban/pii/runs/train/wd_egoblurA/last_checkpoint	15	b608516a9bf5b600158652d798677515	
runs/train/egoblur/egoblurA/launch_md5.txt	/data/esteban/pii/runs/train/wd_egoblurA/launch_md5.txt	477	08d3ca5c74172a638dc4e7e38db39b19	
runs/train/egoblur/egoblurA/log.txt	/data/esteban/pii/runs/train/wd_egoblurA/log.txt	296874	66cbf1e854ff5311cf99d81d030ebd6f	
runs/train/egoblur/egoblurA/log.txt.rank1	/data/esteban/pii/runs/train/wd_egoblurA/log.txt.rank1	41173	2c5173916d6d0d9c1fa51f924c5eb4e1	
runs/train/egoblur/egoblurA/log.txt.rank2	/data/esteban/pii/runs/train/wd_egoblurA/log.txt.rank2	41173	2dfaf5605a4b2c6f60cd05f1afb254b5	
runs/train/egoblur/egoblurA/log.txt.rank3	/data/esteban/pii/runs/train/wd_egoblurA/log.txt.rank3	41173	5bc1ea0006acf51034ca3aeebb28f587	
runs/train/egoblur/egoblurA/log.txt.rank4	/data/esteban/pii/runs/train/wd_egoblurA/log.txt.rank4	41173	80cd29c66beebba6fe6d18844836cea0	
runs/train/egoblur/egoblurA/log.txt.rank5	/data/esteban/pii/runs/train/wd_egoblurA/log.txt.rank5	41173	3695d899e306a6809d78a6bb028a5716	
runs/train/egoblur/egoblurA/metrics.json	/data/esteban/pii/runs/train/wd_egoblurA/metrics.json	551636	cec6b15cdac7b6721243a1116d1df177	
runs/train/egoblur/egoblurA/run_egoblurA.sh	/data/esteban/pii/runs/train/wd_egoblurA/run_egoblurA.sh	2412	afaa481900fd39d98da431cfb0140356	
runs/train/egoblur/egoblurA/train.log	/data/esteban/pii/runs/train/wd_egoblurA/train.log	26157437	d17f0756ac0ae27cdaeda8ef5dcfd464	pii/models/egoblur/egoblurA/train.log
runs/train/egoblur/egoblurA/train_egoblur.py	/data/esteban/pii/runs/train/wd_egoblurA/train_egoblur.py	17459	4e242695c5132d513541358506aab9d2	
runs/train/egoblur/egoblurA/wandb_run_id.txt	/data/esteban/pii/runs/train/wd_egoblurA/wandb_run_id.txt	9	4b3c6e14c64a4a1d40c781a0f0e6ae8f	
runs/train/egoblur/egoblurB/babysit.log	/data/esteban/pii/runs/train/wd_egoblurB/babysit.log	667	6518c439f3f48792196d0b22e827a436	
runs/train/egoblur/egoblurB/config.yaml	/data/esteban/pii/runs/train/wd_egoblurB/config.yaml	5985	14c6db0ac2671e40f68ad1916ed2416f	
runs/train/egoblur/egoblurB/d2_dataset.py	/data/esteban/pii/runs/train/wd_egoblurB/d2_dataset.py	6493	e6b37ca5bdc9928a41c0c560eaf9a5c3	
runs/train/egoblur/egoblurB/egoblurB.yaml	/data/esteban/pii/runs/train/wd_egoblurB/egoblurB.yaml	1200	8d2a102aa80a9fdf09c15f352a40b88d	
runs/train/egoblur/egoblurB/egoblur_face_gen2.yaml	/data/esteban/pii/runs/train/wd_egoblurB/egoblur_face_gen2.yaml	2647	fae1dd029bd4a0225ede072c9600638e	
runs/train/egoblur/egoblurB/egoblur_face_gen2_ft_draft.yaml	/data/esteban/pii/runs/train/wd_egoblurB/egoblur_face_gen2_ft_draft.yaml	2279	4ab42b4ce612136073e03fa9f7e14549	
runs/train/egoblur/egoblurB/epochs/model_0004649.pth	/data/esteban/pii/runs/train/wd_egoblurB/model_0004649.pth	835261021	637b151a29de41b01e5f5d9b9d87cf6f	pii/models/egoblur/egoblurB/epochs/model_0004649.pth
runs/train/egoblur/egoblurB/epochs/model_0009299.pth	/data/esteban/pii/runs/train/wd_egoblurB/model_0009299.pth	835261021	ee34215c0c9d5dbe158cf6ee694895f4	pii/models/egoblur/egoblurB/epochs/model_0009299.pth
runs/train/egoblur/egoblurB/epochs/model_0013949.pth	/data/esteban/pii/runs/train/wd_egoblurB/model_0013949.pth	835261021	664f065a7a56131582404260bb5597d1	pii/models/egoblur/egoblurB/epochs/model_0013949.pth
runs/train/egoblur/egoblurB/epochs/model_0018599.pth	/data/esteban/pii/runs/train/wd_egoblurB/model_0018599.pth	835261021	fb5cf5dd0401b6fc631be023c840483b	pii/models/egoblur/egoblurB/epochs/model_0018599.pth
runs/train/egoblur/egoblurB/epochs/model_0023249.pth	/data/esteban/pii/runs/train/wd_egoblurB/model_0023249.pth	835261021	b2eeddf1536e1b63664d65eb75102b17	pii/models/egoblur/egoblurB/epochs/model_0023249.pth
runs/train/egoblur/egoblurB/epochs/model_0027899.pth	/data/esteban/pii/runs/train/wd_egoblurB/model_0027899.pth	835261021	8636b84919033ffc19ca8659d2060f80	pii/models/egoblur/egoblurB/epochs/model_0027899.pth
runs/train/egoblur/egoblurB/epochs/model_0032549.pth	/data/esteban/pii/runs/train/wd_egoblurB/model_0032549.pth	835261021	5f013951bfe3a83e28647d86487e11eb	pii/models/egoblur/egoblurB/epochs/model_0032549.pth
runs/train/egoblur/egoblurB/epochs/model_0037199.pth	/data/esteban/pii/runs/train/wd_egoblurB/model_0037199.pth	835261021	35f3f99273ad386dd144e06f060ac386	pii/models/egoblur/egoblurB/epochs/model_0037199.pth
runs/train/egoblur/egoblurB/epochs/model_0041849.pth	/data/esteban/pii/runs/train/wd_egoblurB/model_0041849.pth	835261021	97ae500c068de8d0e63982b2173c80c7	pii/models/egoblur/egoblurB/epochs/model_0041849.pth
runs/train/egoblur/egoblurB/epochs/model_0046499.pth	/data/esteban/pii/runs/train/wd_egoblurB/model_0046499.pth	835261021	08332988bc729ba07d571dd9b4ef7a44	pii/models/egoblur/egoblurB/epochs/model_0046499.pth
runs/train/egoblur/egoblurB/epochs/model_final.pth	/data/esteban/pii/runs/train/wd_egoblurB/model_final.pth	835261021	08332988bc729ba07d571dd9b4ef7a44	pii/models/egoblur/egoblurB/epochs/model_final.pth
runs/train/egoblur/egoblurB/eval/eval_table.tsv	/data/esteban/pii/runs/train/wd_egoblurB/eval/eval_table.tsv	909	f1d82b8b03a292820ceae9ee25f38ff3	
runs/train/egoblur/egoblurB/eval/results_faceback_hq_v2_egoblurB_iter04650.json	/data/esteban/pii/runs/train/wd_egoblurB/eval/results_faceback_hq_v2_egoblurB_iter04650.json	3817	e7d49a5a07d90d0f8ede8cad32cc92ff	
runs/train/egoblur/egoblurB/eval/results_faceback_hq_v2_egoblurB_iter09300.json	/data/esteban/pii/runs/train/wd_egoblurB/eval/results_faceback_hq_v2_egoblurB_iter09300.json	3820	1620f0bcd007aebca25f81d6e0142ba4	
runs/train/egoblur/egoblurB/eval/results_faceback_hq_v2_egoblurB_iter13950.json	/data/esteban/pii/runs/train/wd_egoblurB/eval/results_faceback_hq_v2_egoblurB_iter13950.json	3824	7fe61bbc249aa713c044c61d2e1985b8	
runs/train/egoblur/egoblurB/eval/results_faceback_hq_v2_egoblurB_iter18600.json	/data/esteban/pii/runs/train/wd_egoblurB/eval/results_faceback_hq_v2_egoblurB_iter18600.json	3824	4c45c82e3b10c121532762a4b55a92be	
runs/train/egoblur/egoblurB/eval/results_faceback_hq_v2_egoblurB_iter23250.json	/data/esteban/pii/runs/train/wd_egoblurB/eval/results_faceback_hq_v2_egoblurB_iter23250.json	3820	dc4c7d9083ec513a9ed3acba2894f22b	
runs/train/egoblur/egoblurB/eval/results_faceback_hq_v2_egoblurB_iter27900.json	/data/esteban/pii/runs/train/wd_egoblurB/eval/results_faceback_hq_v2_egoblurB_iter27900.json	3822	6ab7d4e65d82ca01d406869d09ae9add	
runs/train/egoblur/egoblurB/eval/results_faceback_hq_v2_egoblurB_iter32550.json	/data/esteban/pii/runs/train/wd_egoblurB/eval/results_faceback_hq_v2_egoblurB_iter32550.json	3826	68e3f5265e2ece4b6e5a4a9494794138	
runs/train/egoblur/egoblurB/eval/results_faceback_hq_v2_egoblurB_iter37200.json	/data/esteban/pii/runs/train/wd_egoblurB/eval/results_faceback_hq_v2_egoblurB_iter37200.json	3822	59993ef2d5ff82fe4d255d82bb5e49ab	
runs/train/egoblur/egoblurB/eval/results_faceback_hq_v2_egoblurB_iter41850.json	/data/esteban/pii/runs/train/wd_egoblurB/eval/results_faceback_hq_v2_egoblurB_iter41850.json	3826	c351dbfb0c0db7d165d00af78fafafc5	
runs/train/egoblur/egoblurB/eval/results_faceback_hq_v2_egoblurB_iter46500.json	/data/esteban/pii/runs/train/wd_egoblurB/eval/results_faceback_hq_v2_egoblurB_iter46500.json	3812	fe311fd873aba3618be78a1ae9c6f672	
runs/train/egoblur/egoblurB/last_checkpoint	/data/esteban/pii/runs/train/wd_egoblurB/last_checkpoint	15	b608516a9bf5b600158652d798677515	
runs/train/egoblur/egoblurB/launch_cmd.sh	/data/esteban/pii/runs/train/wd_egoblurB/launch_cmd.sh	165	e4205924053ef1727b9435a68a5352e2	
runs/train/egoblur/egoblurB/launch_md5.txt	/data/esteban/pii/runs/train/wd_egoblurB/launch_md5.txt	775	1fb88cb4f7ab54839c22970bf027ff38	
runs/train/egoblur/egoblurB/log.txt	/data/esteban/pii/runs/train/wd_egoblurB/log.txt	751985	453cef118915465ffadb2bf95c52a68b	
runs/train/egoblur/egoblurB/log.txt.rank1	/data/esteban/pii/runs/train/wd_egoblurB/log.txt.rank1	81184	4b9dd8178c589d801b2f72ada34112e5	
runs/train/egoblur/egoblurB/log.txt.rank2	/data/esteban/pii/runs/train/wd_egoblurB/log.txt.rank2	81184	efa36490af86ffc364be94ee2e7bc863	
runs/train/egoblur/egoblurB/log.txt.rank3	/data/esteban/pii/runs/train/wd_egoblurB/log.txt.rank3	81184	e05171e7f9bf291abc5825cd0c834980	
runs/train/egoblur/egoblurB/log.txt.rank4	/data/esteban/pii/runs/train/wd_egoblurB/log.txt.rank4	81184	128b6ff112b95f3c929f4936a385700d	
runs/train/egoblur/egoblurB/log.txt.rank5	/data/esteban/pii/runs/train/wd_egoblurB/log.txt.rank5	81184	e6fbc03caeb0d5345002dd49d1c642e7	
runs/train/egoblur/egoblurB/metrics.json	/data/esteban/pii/runs/train/wd_egoblurB/metrics.json	1466426	d6fb7f877aa3edb6a8e3e46dd5bace2c	
runs/train/egoblur/egoblurB/run_egoblurB.sh	/data/esteban/pii/runs/train/wd_egoblurB/run_egoblurB.sh	2452	9a43c344b2e711bdcfa5fbfae6228e0b	
runs/train/egoblur/egoblurB/train.log	/data/esteban/pii/runs/train/wd_egoblurB/train.log	69670711	bd03fa96e37fda26275bec7a7abab59b	pii/models/egoblur/egoblurB/train.log
runs/train/egoblur/egoblurB/train_egoblur.py	/data/esteban/pii/runs/train/wd_egoblurB/train_egoblur.py	17875	86ed22f86f65fe968049e79e1731e923	
runs/train/egoblur/egoblurB/wandb_run_id.txt	/data/esteban/pii/runs/train/wd_egoblurB/wandb_run_id.txt	9	6aaf8ef3b26096451b91d812d2a53e38	
runs/train/egoblur/egoblurB_n8/babysit.log	/data/esteban/pii/runs/train/wd_egoblurB_n8_fluence/babysit.log	530	ae79324bb4acb045946b574e04af157e	
runs/train/egoblur/egoblurB_n8/config.yaml	/data/esteban/pii/runs/train/wd_egoblurB_n8_fluence/config.yaml	5988	3e26f71928c6251aed1e17d26b2e945c	
runs/train/egoblur/egoblurB_n8/epochs/model_0003487.pth	/data/esteban/pii/runs/train/wd_egoblurB_n8_fluence/model_0003487.pth	835261021	37230fc43990fe0b2b4edccdb4267a3c	pii/models/egoblur/egoblurB_n8/epochs/model_0003487.pth
runs/train/egoblur/egoblurB_n8/epochs/model_0006975.pth	/data/esteban/pii/runs/train/wd_egoblurB_n8_fluence/model_0006975.pth	835261021	a03cce9f1b8149b4f847391949265359	pii/models/egoblur/egoblurB_n8/epochs/model_0006975.pth
runs/train/egoblur/egoblurB_n8/epochs/model_0010463.pth	/data/esteban/pii/runs/train/wd_egoblurB_n8_fluence/model_0010463.pth	835261021	aefbd4b1b6f67d35378e9f01832c1f45	pii/models/egoblur/egoblurB_n8/epochs/model_0010463.pth
runs/train/egoblur/egoblurB_n8/epochs/model_0013951.pth	/data/esteban/pii/runs/train/wd_egoblurB_n8_fluence/model_0013951.pth	835261021	6aa58a116bc117f0ed9329b0005e7657	pii/models/egoblur/egoblurB_n8/epochs/model_0013951.pth
runs/train/egoblur/egoblurB_n8/epochs/model_0017439.pth	/data/esteban/pii/runs/train/wd_egoblurB_n8_fluence/model_0017439.pth	835261021	d92a50c34b520acb50e748029bb83870	pii/models/egoblur/egoblurB_n8/epochs/model_0017439.pth
runs/train/egoblur/egoblurB_n8/epochs/model_0020927.pth	/data/esteban/pii/runs/train/wd_egoblurB_n8_fluence/model_0020927.pth	835261021	de6a32c00a0eb6777f86e229f6b4d8f3	pii/models/egoblur/egoblurB_n8/epochs/model_0020927.pth
runs/train/egoblur/egoblurB_n8/epochs/model_0024415.pth	/data/esteban/pii/runs/train/wd_egoblurB_n8_fluence/model_0024415.pth	835261021	a3a837fadffb440c62371656e0b70318	pii/models/egoblur/egoblurB_n8/epochs/model_0024415.pth
runs/train/egoblur/egoblurB_n8/epochs/model_0027903.pth	/data/esteban/pii/runs/train/wd_egoblurB_n8_fluence/model_0027903.pth	835261021	123ddcc7cee983e5da9e68a7fc838689	pii/models/egoblur/egoblurB_n8/epochs/model_0027903.pth
runs/train/egoblur/egoblurB_n8/epochs/model_0031391.pth	/data/esteban/pii/runs/train/wd_egoblurB_n8_fluence/model_0031391.pth	835261021	993a0cef8e59705faf05c642d4075dd9	pii/models/egoblur/egoblurB_n8/epochs/model_0031391.pth
runs/train/egoblur/egoblurB_n8/epochs/model_0034879.pth	/data/esteban/pii/runs/train/wd_egoblurB_n8_fluence/model_0034879.pth	835261021	ff0288381887a8296789272168903396	pii/models/egoblur/egoblurB_n8/epochs/model_0034879.pth
runs/train/egoblur/egoblurB_n8/epochs/model_final.pth	/data/esteban/pii/runs/train/wd_egoblurB_n8_fluence/model_final.pth	835261021	ff0288381887a8296789272168903396	pii/models/egoblur/egoblurB_n8/epochs/model_final.pth
runs/train/egoblur/egoblurB_n8/eval/eval_table.tsv	/data/esteban/pii/runs/train/wd_egoblurB_n8_fluence/eval/eval_table.tsv	1018	33baa558a083518eea033681da3ca821	
runs/train/egoblur/egoblurB_n8/eval/results_faceback_hq_v2_egoblurB_n8_fluence_iter03488.json	/data/esteban/pii/runs/train/wd_egoblurB_n8_fluence/eval/results_faceback_hq_v2_egoblurB_n8_fluence_iter03488.json	3875	f3f8ee84daab4480474bfd1fde8eada1	
runs/train/egoblur/egoblurB_n8/eval/results_faceback_hq_v2_egoblurB_n8_fluence_iter06976.json	/data/esteban/pii/runs/train/wd_egoblurB_n8_fluence/eval/results_faceback_hq_v2_egoblurB_n8_fluence_iter06976.json	3878	121247280bb9e664282d28de88c746f3	
runs/train/egoblur/egoblurB_n8/eval/results_faceback_hq_v2_egoblurB_n8_fluence_iter10464.json	/data/esteban/pii/runs/train/wd_egoblurB_n8_fluence/eval/results_faceback_hq_v2_egoblurB_n8_fluence_iter10464.json	3863	a161269bc5895885bb230c38538939af	
runs/train/egoblur/egoblurB_n8/eval/results_faceback_hq_v2_egoblurB_n8_fluence_iter13952.json	/data/esteban/pii/runs/train/wd_egoblurB_n8_fluence/eval/results_faceback_hq_v2_egoblurB_n8_fluence_iter13952.json	3877	4a4db4595c05d035a0ee78ac91fe4630	
runs/train/egoblur/egoblurB_n8/eval/results_faceback_hq_v2_egoblurB_n8_fluence_iter17440.json	/data/esteban/pii/runs/train/wd_egoblurB_n8_fluence/eval/results_faceback_hq_v2_egoblurB_n8_fluence_iter17440.json	3877	58aac991d628294f15407bf23a0f0d63	
runs/train/egoblur/egoblurB_n8/eval/results_faceback_hq_v2_egoblurB_n8_fluence_iter20928.json	/data/esteban/pii/runs/train/wd_egoblurB_n8_fluence/eval/results_faceback_hq_v2_egoblurB_n8_fluence_iter20928.json	3877	b50db69c0a2096041ac4a72db7f07e32	
runs/train/egoblur/egoblurB_n8/eval/results_faceback_hq_v2_egoblurB_n8_fluence_iter24416.json	/data/esteban/pii/runs/train/wd_egoblurB_n8_fluence/eval/results_faceback_hq_v2_egoblurB_n8_fluence_iter24416.json	3876	2843f656712566edbb1016270b50d590	
runs/train/egoblur/egoblurB_n8/eval/results_faceback_hq_v2_egoblurB_n8_fluence_iter27904.json	/data/esteban/pii/runs/train/wd_egoblurB_n8_fluence/eval/results_faceback_hq_v2_egoblurB_n8_fluence_iter27904.json	3880	66fa0ff40ca25a044336cf32e6336629	
runs/train/egoblur/egoblurB_n8/eval/results_faceback_hq_v2_egoblurB_n8_fluence_iter31392.json	/data/esteban/pii/runs/train/wd_egoblurB_n8_fluence/eval/results_faceback_hq_v2_egoblurB_n8_fluence_iter31392.json	3876	1ebd8ad4465596b8c49ed2eb4d876a48	
runs/train/egoblur/egoblurB_n8/eval/results_faceback_hq_v2_egoblurB_n8_fluence_iter34880.json	/data/esteban/pii/runs/train/wd_egoblurB_n8_fluence/eval/results_faceback_hq_v2_egoblurB_n8_fluence_iter34880.json	3856	f3a389664abe051e6716e4af2faf0c5e	
runs/train/egoblur/egoblurB_n8/last_checkpoint	/data/esteban/pii/runs/train/wd_egoblurB_n8_fluence/last_checkpoint	15	b608516a9bf5b600158652d798677515	
runs/train/egoblur/egoblurB_n8/log.txt	/data/esteban/pii/runs/train/wd_egoblurB_n8_fluence/log.txt	550244	0115a2eab039a0d1ca8c832f9e407c9d	
runs/train/egoblur/egoblurB_n8/log.txt.rank1	/data/esteban/pii/runs/train/wd_egoblurB_n8_fluence/log.txt.rank1	45764	9008f60acaf2f35e7a582aa8870af264	
runs/train/egoblur/egoblurB_n8/log.txt.rank2	/data/esteban/pii/runs/train/wd_egoblurB_n8_fluence/log.txt.rank2	45764	28e57b9d70894c1a45eb22dbb2344b70	
runs/train/egoblur/egoblurB_n8/log.txt.rank3	/data/esteban/pii/runs/train/wd_egoblurB_n8_fluence/log.txt.rank3	45764	4c38c6caae2de7f90a47caaf63fc1b8d	
runs/train/egoblur/egoblurB_n8/log.txt.rank4	/data/esteban/pii/runs/train/wd_egoblurB_n8_fluence/log.txt.rank4	45764	3dea1fcbdc2567535eedc659b777c411	
runs/train/egoblur/egoblurB_n8/log.txt.rank5	/data/esteban/pii/runs/train/wd_egoblurB_n8_fluence/log.txt.rank5	45764	48b2155ddf59877b67b6f51623f75b53	
runs/train/egoblur/egoblurB_n8/log.txt.rank6	/data/esteban/pii/runs/train/wd_egoblurB_n8_fluence/log.txt.rank6	45764	2978cb5e7fae41b82a6989098564238b	
runs/train/egoblur/egoblurB_n8/log.txt.rank7	/data/esteban/pii/runs/train/wd_egoblurB_n8_fluence/log.txt.rank7	45764	161dffb4ece285b2d0147a682c843f99	
runs/train/egoblur/egoblurB_n8/metrics.json	/data/esteban/pii/runs/train/wd_egoblurB_n8_fluence/metrics.json	1094850	7f09978285c3293f7a0627dd1de781b9	
runs/train/egoblur/egoblurB_n8/slurm-8218.err	/data/esteban/pii/runs/train/wd_egoblurB_n8_fluence/slurm-8218.err	0	d41d8cd98f00b204e9800998ecf8427e	
runs/train/egoblur/egoblurB_n8/slurm-8218.out	/data/esteban/pii/runs/train/wd_egoblurB_n8_fluence/slurm-8218.out	420	b97ae5465778247f3c4e320fa5ab6d14	
runs/train/egoblur/egoblurB_n8/train.log	/data/esteban/pii/runs/train/wd_egoblurB_n8_fluence/train.log	71478040	9298c19457ab6d01f8fd4967badfd3f8	pii/models/egoblur/egoblurB_n8/train.log
runs/train/egoblur/egoblurB_n8/wandb_run_id.txt	/data/esteban/pii/runs/train/wd_egoblurB_n8_fluence/wandb_run_id.txt	9	ea1f5ac132421afd44904dbcc916098f	
runs/train/egoblur/egoblurC_n8/babysit.log	/data/esteban/pii/runs/train/wd_egoblurC_n8_fluence/babysit.log	530	88828db25a1784a00688a353aafd18f5	
runs/train/egoblur/egoblurC_n8/config.yaml	/data/esteban/pii/runs/train/wd_egoblurC_n8_fluence/config.yaml	5988	7da6446d9080775449b1131a85eab9f6	
runs/train/egoblur/egoblurC_n8/epochs/model_0004740.pth	/data/esteban/pii/runs/train/wd_egoblurC_n8_fluence/model_0004740.pth	835261021	97d235dfe78bde6841b8b90a3294296a	pii/models/egoblur/egoblurC_n8/epochs/model_0004740.pth
runs/train/egoblur/egoblurC_n8/epochs/model_0009481.pth	/data/esteban/pii/runs/train/wd_egoblurC_n8_fluence/model_0009481.pth	835261021	6fd99f4af0a83fba3033618cc411c579	pii/models/egoblur/egoblurC_n8/epochs/model_0009481.pth
runs/train/egoblur/egoblurC_n8/epochs/model_0014222.pth	/data/esteban/pii/runs/train/wd_egoblurC_n8_fluence/model_0014222.pth	835261021	1ecdebac0bb00da9940bf9c89b7abd12	pii/models/egoblur/egoblurC_n8/epochs/model_0014222.pth
runs/train/egoblur/egoblurC_n8/epochs/model_0018963.pth	/data/esteban/pii/runs/train/wd_egoblurC_n8_fluence/model_0018963.pth	835261021	18ffab79453e48e03e50d6f9d0837b7f	pii/models/egoblur/egoblurC_n8/epochs/model_0018963.pth
runs/train/egoblur/egoblurC_n8/epochs/model_0023704.pth	/data/esteban/pii/runs/train/wd_egoblurC_n8_fluence/model_0023704.pth	835261021	c6b8f9db997cc7d94ddd15ca2d81b501	pii/models/egoblur/egoblurC_n8/epochs/model_0023704.pth
runs/train/egoblur/egoblurC_n8/epochs/model_0028445.pth	/data/esteban/pii/runs/train/wd_egoblurC_n8_fluence/model_0028445.pth	835261021	a24c629227150d9d3b841d7bbf0746bc	pii/models/egoblur/egoblurC_n8/epochs/model_0028445.pth
runs/train/egoblur/egoblurC_n8/epochs/model_0033186.pth	/data/esteban/pii/runs/train/wd_egoblurC_n8_fluence/model_0033186.pth	835261021	109b69eba7f325cbd00b587b05ad6025	pii/models/egoblur/egoblurC_n8/epochs/model_0033186.pth
runs/train/egoblur/egoblurC_n8/epochs/model_0037927.pth	/data/esteban/pii/runs/train/wd_egoblurC_n8_fluence/model_0037927.pth	835261021	23a8fcd7c64be13c2bf5b58aa1e7f26c	pii/models/egoblur/egoblurC_n8/epochs/model_0037927.pth
runs/train/egoblur/egoblurC_n8/epochs/model_0042668.pth	/data/esteban/pii/runs/train/wd_egoblurC_n8_fluence/model_0042668.pth	835261021	b43985b0122530898375fc6c5ae2e109	pii/models/egoblur/egoblurC_n8/epochs/model_0042668.pth
runs/train/egoblur/egoblurC_n8/epochs/model_0047409.pth	/data/esteban/pii/runs/train/wd_egoblurC_n8_fluence/model_0047409.pth	835261021	ae1de1747a0a2ca83ab187695adb34c8	pii/models/egoblur/egoblurC_n8/epochs/model_0047409.pth
runs/train/egoblur/egoblurC_n8/epochs/model_final.pth	/data/esteban/pii/runs/train/wd_egoblurC_n8_fluence/model_final.pth	835261021	ae1de1747a0a2ca83ab187695adb34c8	pii/models/egoblur/egoblurC_n8/epochs/model_final.pth
runs/train/egoblur/egoblurC_n8/eval/eval_table.tsv	/data/esteban/pii/runs/train/wd_egoblurC_n8_fluence/eval/eval_table.tsv	1018	3f4c7ff7ab32d5bf191b5ebfbba55bbb	
runs/train/egoblur/egoblurC_n8/eval/results_faceback_hq_v2_egoblurC_n8_fluence_iter04741.json	/data/esteban/pii/runs/train/wd_egoblurC_n8_fluence/eval/results_faceback_hq_v2_egoblurC_n8_fluence_iter04741.json	5255	76181351c6ffc7d3815d4a8b531b6cfd	
runs/train/egoblur/egoblurC_n8/eval/results_faceback_hq_v2_egoblurC_n8_fluence_iter09482.json	/data/esteban/pii/runs/train/wd_egoblurC_n8_fluence/eval/results_faceback_hq_v2_egoblurC_n8_fluence_iter09482.json	5254	126e332a42472cdf6bbc50cfdcf4c80d	
runs/train/egoblur/egoblurC_n8/eval/results_faceback_hq_v2_egoblurC_n8_fluence_iter14223.json	/data/esteban/pii/runs/train/wd_egoblurC_n8_fluence/eval/results_faceback_hq_v2_egoblurC_n8_fluence_iter14223.json	5224	d565c2825163bc2d41f752a44f41f37c	
runs/train/egoblur/egoblurC_n8/eval/results_faceback_hq_v2_egoblurC_n8_fluence_iter18964.json	/data/esteban/pii/runs/train/wd_egoblurC_n8_fluence/eval/results_faceback_hq_v2_egoblurC_n8_fluence_iter18964.json	5241	ad863b77a87adb436e9dce7dba19749c	
runs/train/egoblur/egoblurC_n8/eval/results_faceback_hq_v2_egoblurC_n8_fluence_iter23705.json	/data/esteban/pii/runs/train/wd_egoblurC_n8_fluence/eval/results_faceback_hq_v2_egoblurC_n8_fluence_iter23705.json	5259	bad72225b6b905d4e14437cc9cb2995f	
runs/train/egoblur/egoblurC_n8/eval/results_faceback_hq_v2_egoblurC_n8_fluence_iter28446.json	/data/esteban/pii/runs/train/wd_egoblurC_n8_fluence/eval/results_faceback_hq_v2_egoblurC_n8_fluence_iter28446.json	5254	c6e00b175bfb6aee753e568d13190d2a	
runs/train/egoblur/egoblurC_n8/eval/results_faceback_hq_v2_egoblurC_n8_fluence_iter33187.json	/data/esteban/pii/runs/train/wd_egoblurC_n8_fluence/eval/results_faceback_hq_v2_egoblurC_n8_fluence_iter33187.json	5256	82a69a629d3d5157bd1925d0c1c0b36d	
runs/train/egoblur/egoblurC_n8/eval/results_faceback_hq_v2_egoblurC_n8_fluence_iter37928.json	/data/esteban/pii/runs/train/wd_egoblurC_n8_fluence/eval/results_faceback_hq_v2_egoblurC_n8_fluence_iter37928.json	5258	60532bf83ce8a99052f4da4c4e484a77	
runs/train/egoblur/egoblurC_n8/eval/results_faceback_hq_v2_egoblurC_n8_fluence_iter42669.json	/data/esteban/pii/runs/train/wd_egoblurC_n8_fluence/eval/results_faceback_hq_v2_egoblurC_n8_fluence_iter42669.json	5255	c09c6527040de4a67b0bb6950961e667	
runs/train/egoblur/egoblurC_n8/eval/results_faceback_hq_v2_egoblurC_n8_fluence_iter47410.json	/data/esteban/pii/runs/train/wd_egoblurC_n8_fluence/eval/results_faceback_hq_v2_egoblurC_n8_fluence_iter47410.json	5243	bedee82f32d8b3db6c0c6040ce29065c	
runs/train/egoblur/egoblurC_n8/last_checkpoint	/data/esteban/pii/runs/train/wd_egoblurC_n8_fluence/last_checkpoint	15	b608516a9bf5b600158652d798677515	
runs/train/egoblur/egoblurC_n8/log.txt	/data/esteban/pii/runs/train/wd_egoblurC_n8_fluence/log.txt	730626	ebe52aa89e8e1f0ec6e19319f3f31fdd	
runs/train/egoblur/egoblurC_n8/log.txt.rank1	/data/esteban/pii/runs/train/wd_egoblurC_n8_fluence/log.txt.rank1	48291	28956457f5fd41852c996a2c9702fb52	
runs/train/egoblur/egoblurC_n8/log.txt.rank2	/data/esteban/pii/runs/train/wd_egoblurC_n8_fluence/log.txt.rank2	48291	8e55f7aa4540134b0a3269782dc23fbd	
runs/train/egoblur/egoblurC_n8/log.txt.rank3	/data/esteban/pii/runs/train/wd_egoblurC_n8_fluence/log.txt.rank3	48291	8c2ee63dfba16d6bc18eef02434c10df	
runs/train/egoblur/egoblurC_n8/log.txt.rank4	/data/esteban/pii/runs/train/wd_egoblurC_n8_fluence/log.txt.rank4	48291	e50ff27032ebf909623ff3cecb9c5a70	
runs/train/egoblur/egoblurC_n8/log.txt.rank5	/data/esteban/pii/runs/train/wd_egoblurC_n8_fluence/log.txt.rank5	48291	6aadcc418fecaf20dbb9b87aabfcb165	
runs/train/egoblur/egoblurC_n8/log.txt.rank6	/data/esteban/pii/runs/train/wd_egoblurC_n8_fluence/log.txt.rank6	48291	5d5c138facb9668d3e0139371f9d7f16	
runs/train/egoblur/egoblurC_n8/log.txt.rank7	/data/esteban/pii/runs/train/wd_egoblurC_n8_fluence/log.txt.rank7	48291	d4a12ab461440e251c06be715a931c2d	
runs/train/egoblur/egoblurC_n8/metrics.json	/data/esteban/pii/runs/train/wd_egoblurC_n8_fluence/metrics.json	1485907	77a07390589d6d085ab1ee78a5d71f84	
runs/train/egoblur/egoblurC_n8/slurm-8575.err	/data/esteban/pii/runs/train/wd_egoblurC_n8_fluence/slurm-8575.err	0	d41d8cd98f00b204e9800998ecf8427e	
runs/train/egoblur/egoblurC_n8/slurm-8575.out	/data/esteban/pii/runs/train/wd_egoblurC_n8_fluence/slurm-8575.out	419	8d5c635a86baab80990d918042851ab4	
runs/train/egoblur/egoblurC_n8/train.log	/data/esteban/pii/runs/train/wd_egoblurC_n8_fluence/train.log	97289458	7ca56bf9ab3489908c682cd10fb86829	pii/models/egoblur/egoblurC_n8/train.log
runs/train/egoblur/egoblurC_n8/wandb_run_id.txt	/data/esteban/pii/runs/train/wd_egoblurC_n8_fluence/wandb_run_id.txt	9	519f8165ad7b8c907b17ddaf917867ad	
runs/train/egoblur/stock/ego_blur_face_gen1.jit	/data/esteban/pii/weights/ego_blur_face_gen1.jit	419970476	cd968cbd700dba5af9560c3f4728145d	pii/models/egoblur/stock/ego_blur_face_gen1.jit
runs/train/egoblur/stock/ego_blur_face_gen1.jit.provenance.txt	/data/esteban/pii/weights/ego_blur_face_gen1.jit.provenance.txt	876	a1c01467e7839687c5a9729e04db7ac1	
runs/train/egoblur/stock/ego_blur_face_gen1.jit.sha256	/data/esteban/pii/weights/ego_blur_face_gen1.jit.sha256	89	6f48f17d63a66337d2b8e22093bb5622	
runs/train/egoblur/stock/ego_blur_face_gen1.zip	/data/esteban/pii/weights/ego_blur_face_gen1.zip	389722017	74b6a63f2859b1f61620aed44b7c4f07	pii/models/egoblur/stock/ego_blur_face_gen1.zip
runs/train/egoblur/stock/ego_blur_face_gen2.jit	/data/esteban/pii/weights/ego_blur_face_gen2.jit	419594295	e8c8a2e207a35feceb4c644a54cbdc7d	pii/models/egoblur/stock/ego_blur_face_gen2.jit
runs/train/egoblur/stock/ego_blur_face_gen2.zip	/data/esteban/pii/weights/ego_blur_face_gen2.zip	389471475	95de6b0cfe6d40c2c82cac7a2bbd4631	pii/models/egoblur/stock/ego_blur_face_gen2.zip
runs/train/egoblur/stock/egoblur_build/egoblur_face_gen2_d2.pth	/data/esteban/pii/runs/egoblur_build/egoblur_face_gen2_d2.pth	419415303	a3acde60656f27a7110bb7e8afdf6149	pii/models/egoblur/stock/egoblur_build/egoblur_face_gen2_d2.pth
runs/train/egoblur/stock/egoblur_build/egoblur_face_gen2_jit_sd.pth	/data/esteban/pii/runs/egoblur_build/egoblur_face_gen2_jit_sd.pth	419423296	5c5ca6a7695b4719deac0d522790993b	pii/models/egoblur/stock/egoblur_build/egoblur_face_gen2_jit_sd.pth
runs/train/egoblur/stock/egoblur_build/jit_dump.json	/data/esteban/pii/runs/egoblur_build/jit_dump.json	90374	27799d6fc7fadff5133903814b02adc3	
runs/train/egoblur/stock/egoblur_build/jit_dump.py	/data/esteban/pii/runs/egoblur_build/jit_dump.py	4316	31e9a83beba32b476696fd021484d2b0	
runs/train/egoblur/stock/egoblur_build/parity/parity_n50_1200.json	/data/esteban/pii/runs/egoblur_build/parity/parity_n50_1200.json	17124	cdef0536550612a8c918b9ac76c320cc	
runs/train/egoblur/stock/egoblur_build/parity/parity_n50_native.json	/data/esteban/pii/runs/egoblur_build/parity/parity_n50_native.json	17992	aeda278f9f9aab3f947291f912209589	
runs/train/scrfd/armAA/20260910_034815.log	shang:/data/esteban/pii/runs/train/wd_armAA/20260910_034815.log	191197	d2015cc00f7b40bbe00901e24f014a0e	
runs/train/scrfd/armAA/20260910_034815.log.json	shang:/data/esteban/pii/runs/train/wd_armAA/20260910_034815.log.json	174442	e868ea8bbc70873125e0b9eafe71c8aa	
runs/train/scrfd/armAA/babysit.log	shang:/data/esteban/pii/runs/train/wd_armAA/babysit.log	481	a27261bae2cc0a2dba0415df60091951	
runs/train/scrfd/armAA/epochs/epoch_1.pth	shang:/data/esteban/pii/runs/train/wd_armAA/epoch_1.pth	34019931	f10ebca4ec34d5dd4bbfe28588b878b8	pii/models/scrfd/armAA/epochs/epoch_1.pth
runs/train/scrfd/armAA/epochs/epoch_10.pth	shang:/data/esteban/pii/runs/train/wd_armAA/epoch_10.pth	34020059	703101a9a5fccf9fa8b2ca2177a8aafc	pii/models/scrfd/armAA/epochs/epoch_10.pth
runs/train/scrfd/armAA/epochs/epoch_11.pth	shang:/data/esteban/pii/runs/train/wd_armAA/epoch_11.pth	34020059	7f0c5b1c600f1222022a2057fcdedf1b	pii/models/scrfd/armAA/epochs/epoch_11.pth
runs/train/scrfd/armAA/epochs/epoch_12.pth	shang:/data/esteban/pii/runs/train/wd_armAA/epoch_12.pth	34020059	58f785d8d15802246b19a4d0a2cccd90	pii/models/scrfd/armAA/epochs/epoch_12.pth
runs/train/scrfd/armAA/epochs/epoch_13.pth	shang:/data/esteban/pii/runs/train/wd_armAA/epoch_13.pth	34020059	9f5cf21e472f5976525b90c2f9ed3d66	pii/models/scrfd/armAA/epochs/epoch_13.pth
runs/train/scrfd/armAA/epochs/epoch_14.pth	shang:/data/esteban/pii/runs/train/wd_armAA/epoch_14.pth	34020059	60818189acfc4005b475b7ecbc8e4edf	pii/models/scrfd/armAA/epochs/epoch_14.pth
runs/train/scrfd/armAA/epochs/epoch_15.pth	shang:/data/esteban/pii/runs/train/wd_armAA/epoch_15.pth	34020059	2205478169760c196529ae7f6a3b08fa	pii/models/scrfd/armAA/epochs/epoch_15.pth
runs/train/scrfd/armAA/epochs/epoch_16.pth	shang:/data/esteban/pii/runs/train/wd_armAA/epoch_16.pth	34020059	f1f6bcf210ecbcbdd965d68af45777ee	pii/models/scrfd/armAA/epochs/epoch_16.pth
runs/train/scrfd/armAA/epochs/epoch_17.pth	shang:/data/esteban/pii/runs/train/wd_armAA/epoch_17.pth	34020059	e16339ccbca451ba15942d5aa68d24f6	pii/models/scrfd/armAA/epochs/epoch_17.pth
runs/train/scrfd/armAA/epochs/epoch_18.pth	shang:/data/esteban/pii/runs/train/wd_armAA/epoch_18.pth	34020059	ab49eea05a9b162c9e84c8e8ad6c6971	pii/models/scrfd/armAA/epochs/epoch_18.pth
runs/train/scrfd/armAA/epochs/epoch_19.pth	shang:/data/esteban/pii/runs/train/wd_armAA/epoch_19.pth	34020059	fa28b4010b3309e03e997ee4b36e9cd9	pii/models/scrfd/armAA/epochs/epoch_19.pth
runs/train/scrfd/armAA/epochs/epoch_2.pth	shang:/data/esteban/pii/runs/train/wd_armAA/epoch_2.pth	34020059	7f76e0b9bf1235b0752d8b205925634c	pii/models/scrfd/armAA/epochs/epoch_2.pth
runs/train/scrfd/armAA/epochs/epoch_20.pth	/data/esteban/pii/runs/train/wd_armAA_ckpt/epoch_20.pth	34020059	cbf1085bf45dd78458aca08ffeb87f62	pii/models/scrfd/armAA/epochs/epoch_20.pth
runs/train/scrfd/armAA/epochs/epoch_3.pth	shang:/data/esteban/pii/runs/train/wd_armAA/epoch_3.pth	34020059	4f32009ddf8c6ca452ac7119e73588fe	pii/models/scrfd/armAA/epochs/epoch_3.pth
runs/train/scrfd/armAA/epochs/epoch_4.pth	shang:/data/esteban/pii/runs/train/wd_armAA/epoch_4.pth	34020059	46c6017120349f9632411bbf278578b6	pii/models/scrfd/armAA/epochs/epoch_4.pth
runs/train/scrfd/armAA/epochs/epoch_5.pth	shang:/data/esteban/pii/runs/train/wd_armAA/epoch_5.pth	34020059	8102dda6d254aad82613720a40ba7329	pii/models/scrfd/armAA/epochs/epoch_5.pth
runs/train/scrfd/armAA/epochs/epoch_6.pth	shang:/data/esteban/pii/runs/train/wd_armAA/epoch_6.pth	34020059	0d700182851175684f982e2ba352a619	pii/models/scrfd/armAA/epochs/epoch_6.pth
runs/train/scrfd/armAA/epochs/epoch_7.pth	shang:/data/esteban/pii/runs/train/wd_armAA/epoch_7.pth	34020059	bb499a796c0ff3bbd932b60635b7fb9b	pii/models/scrfd/armAA/epochs/epoch_7.pth
runs/train/scrfd/armAA/epochs/epoch_8.pth	shang:/data/esteban/pii/runs/train/wd_armAA/epoch_8.pth	34020059	0137aed9f7ea9bcb742b01e4bb24fc77	pii/models/scrfd/armAA/epochs/epoch_8.pth
runs/train/scrfd/armAA/epochs/epoch_9.pth	shang:/data/esteban/pii/runs/train/wd_armAA/epoch_9.pth	34020059	21d7530cfaccd9a88289e0ab5640c035	pii/models/scrfd/armAA/epochs/epoch_9.pth
runs/train/scrfd/armAA/epochs/latest.pth	shang:/data/esteban/pii/runs/train/wd_armAA/latest.pth	-1	symlink:epoch_20.pth	
runs/train/scrfd/armAA/onnx/armAA_det10g.onnx	/data/esteban/pii/runs/train/armAA_det10g.onnx	16962796	24470db84088e1741230753faf896533	pii/models/scrfd/armAA/onnx/armAA_det10g.onnx
runs/train/scrfd/armAA/scrfd_armAA.py	shang:/data/esteban/pii/runs/train/wd_armAA/scrfd_armAA.py	8310	8464b494511fd636c53483427a78a4ef	
runs/train/scrfd/armAA/train.log	shang:/data/esteban/pii/runs/train/wd_armAA/train.log	193729	4839d869f27db70de78fc91c9935cd04	pii/models/scrfd/armAA/train.log
runs/train/scrfd/armAA34/20260910_034815.log	shang:/data/esteban/pii/runs/train/wd_armAA34/20260910_034815.log	736601	baa0704aeb43e770057120dde0d271ca	
runs/train/scrfd/armAA34/20260910_034815.log.json	shang:/data/esteban/pii/runs/train/wd_armAA34/20260910_034815.log.json	673516	edd2e7b8ecb007173570671ee4d2cb51	
runs/train/scrfd/armAA34/babysit.log	shang:/data/esteban/pii/runs/train/wd_armAA34/babysit.log	487	e65495f2e4e1e76bbc4028e647b3a7b5	
runs/train/scrfd/armAA34/epochs/epoch_1.pth	shang:/data/esteban/pii/runs/train/wd_armAA34/epoch_1.pth	79387272	823f3b75c14ae3e5673610aaec08d3ec	pii/models/scrfd/armAA34/epochs/epoch_1.pth
runs/train/scrfd/armAA34/epochs/epoch_10.pth	shang:/data/esteban/pii/runs/train/wd_armAA34/epoch_10.pth	79387400	eb4ab7897a2a7308748adf04e68820af	pii/models/scrfd/armAA34/epochs/epoch_10.pth
runs/train/scrfd/armAA34/epochs/epoch_11.pth	shang:/data/esteban/pii/runs/train/wd_armAA34/epoch_11.pth	79387400	7e3bb98e73b2f9ecdd271ecfe36be4cc	pii/models/scrfd/armAA34/epochs/epoch_11.pth
runs/train/scrfd/armAA34/epochs/epoch_12.pth	shang:/data/esteban/pii/runs/train/wd_armAA34/epoch_12.pth	79387400	15ef1d5696b13393fa862fb1cff04032	pii/models/scrfd/armAA34/epochs/epoch_12.pth
runs/train/scrfd/armAA34/epochs/epoch_13.pth	shang:/data/esteban/pii/runs/train/wd_armAA34/epoch_13.pth	79387400	ad481ba8b2cd32bf47bca5bdefc3cdf8	pii/models/scrfd/armAA34/epochs/epoch_13.pth
runs/train/scrfd/armAA34/epochs/epoch_14.pth	shang:/data/esteban/pii/runs/train/wd_armAA34/epoch_14.pth	79387400	76b85ae856ebb831b1155f9911bec741	pii/models/scrfd/armAA34/epochs/epoch_14.pth
runs/train/scrfd/armAA34/epochs/epoch_15.pth	shang:/data/esteban/pii/runs/train/wd_armAA34/epoch_15.pth	79387400	50bdb6dcc88d98b521c51dbf3fa19b6a	pii/models/scrfd/armAA34/epochs/epoch_15.pth
runs/train/scrfd/armAA34/epochs/epoch_16.pth	shang:/data/esteban/pii/runs/train/wd_armAA34/epoch_16.pth	79387400	f3bf031454137ec5adfdb459689c5ec4	pii/models/scrfd/armAA34/epochs/epoch_16.pth
runs/train/scrfd/armAA34/epochs/epoch_17.pth	shang:/data/esteban/pii/runs/train/wd_armAA34/epoch_17.pth	79387400	ab8c90a620b57c8d0490fedd1a56ec1e	pii/models/scrfd/armAA34/epochs/epoch_17.pth
runs/train/scrfd/armAA34/epochs/epoch_18.pth	shang:/data/esteban/pii/runs/train/wd_armAA34/epoch_18.pth	79387400	69f33f327ae0fb76e8423f65f7871658	pii/models/scrfd/armAA34/epochs/epoch_18.pth
runs/train/scrfd/armAA34/epochs/epoch_19.pth	shang:/data/esteban/pii/runs/train/wd_armAA34/epoch_19.pth	79387400	b558357209bb85717916e87d22860115	pii/models/scrfd/armAA34/epochs/epoch_19.pth
runs/train/scrfd/armAA34/epochs/epoch_2.pth	shang:/data/esteban/pii/runs/train/wd_armAA34/epoch_2.pth	79387400	9d6fba7e5b40a4051024af2bef40a044	pii/models/scrfd/armAA34/epochs/epoch_2.pth
runs/train/scrfd/armAA34/epochs/epoch_20.pth	/data/esteban/pii/runs/train/wd_armAA34_ckpt/epoch_20.pth	79387400	84f694475e822413aca4782416f6bb91	pii/models/scrfd/armAA34/epochs/epoch_20.pth
runs/train/scrfd/armAA34/epochs/epoch_3.pth	shang:/data/esteban/pii/runs/train/wd_armAA34/epoch_3.pth	79387400	fbd401b0a199d9d07dbb06f22ecab6c5	pii/models/scrfd/armAA34/epochs/epoch_3.pth
runs/train/scrfd/armAA34/epochs/epoch_4.pth	shang:/data/esteban/pii/runs/train/wd_armAA34/epoch_4.pth	79387400	ce521d02aea05035749877c0761b5a59	pii/models/scrfd/armAA34/epochs/epoch_4.pth
runs/train/scrfd/armAA34/epochs/epoch_5.pth	shang:/data/esteban/pii/runs/train/wd_armAA34/epoch_5.pth	79387400	c9bdeaad28737ee5ed061438e393196a	pii/models/scrfd/armAA34/epochs/epoch_5.pth
runs/train/scrfd/armAA34/epochs/epoch_6.pth	shang:/data/esteban/pii/runs/train/wd_armAA34/epoch_6.pth	79387400	c81f083ed381511e4bb23c57b62e3061	pii/models/scrfd/armAA34/epochs/epoch_6.pth
runs/train/scrfd/armAA34/epochs/epoch_7.pth	shang:/data/esteban/pii/runs/train/wd_armAA34/epoch_7.pth	79387400	d39a312027036595c3253433a9e0a1b2	pii/models/scrfd/armAA34/epochs/epoch_7.pth
runs/train/scrfd/armAA34/epochs/epoch_8.pth	shang:/data/esteban/pii/runs/train/wd_armAA34/epoch_8.pth	79387400	87b82990dedf3e1039ac7b7129d4ddfb	pii/models/scrfd/armAA34/epochs/epoch_8.pth
runs/train/scrfd/armAA34/epochs/epoch_9.pth	shang:/data/esteban/pii/runs/train/wd_armAA34/epoch_9.pth	79387400	b33714497ab9a19aeb38463535ef5435	pii/models/scrfd/armAA34/epochs/epoch_9.pth
runs/train/scrfd/armAA34/epochs/latest.pth	shang:/data/esteban/pii/runs/train/wd_armAA34/latest.pth	-1	symlink:epoch_20.pth	
runs/train/scrfd/armAA34/onnx/armAA34_det34g.onnx	/data/esteban/pii/runs/train/armAA34_det34g.onnx	39427800	50386d6845f4f69dd9ffb2147ea55284	pii/models/scrfd/armAA34/onnx/armAA34_det34g.onnx
runs/train/scrfd/armAA34/scrfd_armAA34.py	shang:/data/esteban/pii/runs/train/wd_armAA34/scrfd_armAA34.py	8246	fec2408e155bd337b0bf5adb78439786	
runs/train/scrfd/armAA34/train.log	shang:/data/esteban/pii/runs/train/wd_armAA34/train.log	739133	5bebd848068c1aa000d3e571a8d383ec	pii/models/scrfd/armAA34/train.log
runs/train/scrfd/armAB/20260912_100417.log	shang:/data/esteban/pii/runs/train/wd_armAB/20260912_100417.log	191509	f7a6ae542866af25acaaf6dc08035a58	
runs/train/scrfd/armAB/20260912_100417.log.json	shang:/data/esteban/pii/runs/train/wd_armAB/20260912_100417.log.json	174516	96d68a41f2ad60ffa8d8d43e6fb65dab	
runs/train/scrfd/armAB/babysit.log	shang:/data/esteban/pii/runs/train/wd_armAB/babysit.log	478	73bde04b2fc7920fcabd82cf9921cc84	
runs/train/scrfd/armAB/epochs/epoch_1.pth	shang:/data/esteban/pii/runs/train/wd_armAB/epoch_1.pth	50987231	3da03d9987c5ea36e4bb804177a00cee	pii/models/scrfd/armAB/epochs/epoch_1.pth
runs/train/scrfd/armAB/epochs/epoch_10.pth	shang:/data/esteban/pii/runs/train/wd_armAB/epoch_10.pth	50987359	7241d556ce1b66ae465f6dd5dcc29d6d	pii/models/scrfd/armAB/epochs/epoch_10.pth
runs/train/scrfd/armAB/epochs/epoch_11.pth	shang:/data/esteban/pii/runs/train/wd_armAB/epoch_11.pth	50987359	58cd08775505ef1485a3471579ec345b	pii/models/scrfd/armAB/epochs/epoch_11.pth
runs/train/scrfd/armAB/epochs/epoch_12.pth	shang:/data/esteban/pii/runs/train/wd_armAB/epoch_12.pth	50987359	3e451575e39f648a52bef8fdc0f2a1bb	pii/models/scrfd/armAB/epochs/epoch_12.pth
runs/train/scrfd/armAB/epochs/epoch_13.pth	shang:/data/esteban/pii/runs/train/wd_armAB/epoch_13.pth	50987359	3e9da9a87122715569c4b2dde26aad74	pii/models/scrfd/armAB/epochs/epoch_13.pth
runs/train/scrfd/armAB/epochs/epoch_14.pth	shang:/data/esteban/pii/runs/train/wd_armAB/epoch_14.pth	50987359	c1c95bf797555a3ae82ed7d8d0ac7f39	pii/models/scrfd/armAB/epochs/epoch_14.pth
runs/train/scrfd/armAB/epochs/epoch_15.pth	shang:/data/esteban/pii/runs/train/wd_armAB/epoch_15.pth	50987359	83876ef2979d6d57b4cabe9bb6aa1e6f	pii/models/scrfd/armAB/epochs/epoch_15.pth
runs/train/scrfd/armAB/epochs/epoch_16.pth	shang:/data/esteban/pii/runs/train/wd_armAB/epoch_16.pth	50987359	5a1062251fee5a393390e8fca8686dac	pii/models/scrfd/armAB/epochs/epoch_16.pth
runs/train/scrfd/armAB/epochs/epoch_17.pth	shang:/data/esteban/pii/runs/train/wd_armAB/epoch_17.pth	50987359	dff7aaa3c1a3fb949619298ae08e4b36	pii/models/scrfd/armAB/epochs/epoch_17.pth
runs/train/scrfd/armAB/epochs/epoch_18.pth	shang:/data/esteban/pii/runs/train/wd_armAB/epoch_18.pth	50987359	5f9c83334ab4c9d59efc74bf28dcc1ab	pii/models/scrfd/armAB/epochs/epoch_18.pth
runs/train/scrfd/armAB/epochs/epoch_19.pth	shang:/data/esteban/pii/runs/train/wd_armAB/epoch_19.pth	50987359	91486c3726e59c36d21b753eb52821c8	pii/models/scrfd/armAB/epochs/epoch_19.pth
runs/train/scrfd/armAB/epochs/epoch_2.pth	shang:/data/esteban/pii/runs/train/wd_armAB/epoch_2.pth	50987359	a6be10c9a330f034dec1ca3e51518726	pii/models/scrfd/armAB/epochs/epoch_2.pth
runs/train/scrfd/armAB/epochs/epoch_20.pth	shang:/data/esteban/pii/runs/train/wd_armAB/epoch_20.pth	50987359	d43af59880e00a461d4ff1058d7767e7	pii/models/scrfd/armAB/epochs/epoch_20.pth
runs/train/scrfd/armAB/epochs/epoch_3.pth	shang:/data/esteban/pii/runs/train/wd_armAB/epoch_3.pth	50987359	255d6ea6cda5432373c3a7eae495757b	pii/models/scrfd/armAB/epochs/epoch_3.pth
runs/train/scrfd/armAB/epochs/epoch_4.pth	shang:/data/esteban/pii/runs/train/wd_armAB/epoch_4.pth	50987359	a7171aa0540eeeebf463fcf5396c630b	pii/models/scrfd/armAB/epochs/epoch_4.pth
runs/train/scrfd/armAB/epochs/epoch_5.pth	shang:/data/esteban/pii/runs/train/wd_armAB/epoch_5.pth	50987359	d974cf4f7a50b2c25e6e8109b4ca29b4	pii/models/scrfd/armAB/epochs/epoch_5.pth
runs/train/scrfd/armAB/epochs/epoch_6.pth	shang:/data/esteban/pii/runs/train/wd_armAB/epoch_6.pth	50987359	33bce4cb669d604ef0a27350b2522582	pii/models/scrfd/armAB/epochs/epoch_6.pth
runs/train/scrfd/armAB/epochs/epoch_7.pth	shang:/data/esteban/pii/runs/train/wd_armAB/epoch_7.pth	50987359	5c5d9ae69482c4693f96806a249a3aec	pii/models/scrfd/armAB/epochs/epoch_7.pth
runs/train/scrfd/armAB/epochs/epoch_8.pth	shang:/data/esteban/pii/runs/train/wd_armAB/epoch_8.pth	50987359	6fd14efd5d1004f8b30a02e90491c0f8	pii/models/scrfd/armAB/epochs/epoch_8.pth
runs/train/scrfd/armAB/epochs/epoch_9.pth	shang:/data/esteban/pii/runs/train/wd_armAB/epoch_9.pth	50987359	19d58b247076e107ba15240fc39015ae	pii/models/scrfd/armAB/epochs/epoch_9.pth
runs/train/scrfd/armAB/epochs/latest.pth	shang:/data/esteban/pii/runs/train/wd_armAB/latest.pth	-1	symlink:epoch_20.pth	
runs/train/scrfd/armAB/onnx/armAB_det10g.onnx	/data/esteban/pii/runs/train/armAB_det10g.onnx	16962796	f9cca6c9e3a36ddb02c77ead9fa02f52	pii/models/scrfd/armAB/onnx/armAB_det10g.onnx
runs/train/scrfd/armAB/run_arm.sh	shang:/data/esteban/pii/runs/train/wd_armAB/run_arm.sh	3526	bee21e4668418e50d2ce4cf8773c574b	
runs/train/scrfd/armAB/scrfd_armAB.py	shang:/data/esteban/pii/runs/train/wd_armAB/scrfd_armAB.py	8418	ea9e7e6cacdf5f3740d187d97cc331e9	
runs/train/scrfd/armAB/train.log	shang:/data/esteban/pii/runs/train/wd_armAB/train.log	194909	e586fd6594205f0d92710124e984facc	pii/models/scrfd/armAB/train.log
runs/train/scrfd/armAC/20260913_021234.log	shang:/data/esteban/pii/runs/train/wd_armAC/20260913_021234.log	297629	e57b00abe33562e1ed4eb3a6a131c0f8	
runs/train/scrfd/armAC/20260913_021234.log.json	shang:/data/esteban/pii/runs/train/wd_armAC/20260913_021234.log.json	272799	7b6db6866deeffc936f22bb0d4e8c7a5	
runs/train/scrfd/armAC/babysit.log	shang:/data/esteban/pii/runs/train/wd_armAC/babysit.log	481	7a6f0ae007574882adbe7850df1d9290	
runs/train/scrfd/armAC/epochs/epoch_1.pth	shang:/data/esteban/pii/runs/train/wd_armAC/epoch_1.pth	34019931	5205e81c1b49913e7a15a747d4ce6c95	pii/models/scrfd/armAC/epochs/epoch_1.pth
runs/train/scrfd/armAC/epochs/epoch_10.pth	shang:/data/esteban/pii/runs/train/wd_armAC/epoch_10.pth	34020059	a7caccb533cdf5ac2cc614e9fce150e7	pii/models/scrfd/armAC/epochs/epoch_10.pth
runs/train/scrfd/armAC/epochs/epoch_11.pth	shang:/data/esteban/pii/runs/train/wd_armAC/epoch_11.pth	34020059	896621953dbb10624c289c0dae00d750	pii/models/scrfd/armAC/epochs/epoch_11.pth
runs/train/scrfd/armAC/epochs/epoch_12.pth	shang:/data/esteban/pii/runs/train/wd_armAC/epoch_12.pth	34020059	e844d106681e61e26f5f8ce43a1235be	pii/models/scrfd/armAC/epochs/epoch_12.pth
runs/train/scrfd/armAC/epochs/epoch_13.pth	shang:/data/esteban/pii/runs/train/wd_armAC/epoch_13.pth	34020059	59605bfcdacef17cb16b91d02e42fa83	pii/models/scrfd/armAC/epochs/epoch_13.pth
runs/train/scrfd/armAC/epochs/epoch_14.pth	shang:/data/esteban/pii/runs/train/wd_armAC/epoch_14.pth	34020059	14ccedc3f985074ea958e50b97685e1b	pii/models/scrfd/armAC/epochs/epoch_14.pth
runs/train/scrfd/armAC/epochs/epoch_15.pth	shang:/data/esteban/pii/runs/train/wd_armAC/epoch_15.pth	34020059	952d9acc20d9f0783f60a266f63fabd1	pii/models/scrfd/armAC/epochs/epoch_15.pth
runs/train/scrfd/armAC/epochs/epoch_16.pth	shang:/data/esteban/pii/runs/train/wd_armAC/epoch_16.pth	34020059	d0bc3ec952cb5e4ee8809aeff07122eb	pii/models/scrfd/armAC/epochs/epoch_16.pth
runs/train/scrfd/armAC/epochs/epoch_17.pth	shang:/data/esteban/pii/runs/train/wd_armAC/epoch_17.pth	34020059	94072ab73fb1abbf59591755cf04d2dd	pii/models/scrfd/armAC/epochs/epoch_17.pth
runs/train/scrfd/armAC/epochs/epoch_18.pth	shang:/data/esteban/pii/runs/train/wd_armAC/epoch_18.pth	34020059	29bfca1aa6b75c393684166d4e1fb14f	pii/models/scrfd/armAC/epochs/epoch_18.pth
runs/train/scrfd/armAC/epochs/epoch_19.pth	shang:/data/esteban/pii/runs/train/wd_armAC/epoch_19.pth	34020059	ea674e9b72987b1c6f73f04d253058f0	pii/models/scrfd/armAC/epochs/epoch_19.pth
runs/train/scrfd/armAC/epochs/epoch_2.pth	shang:/data/esteban/pii/runs/train/wd_armAC/epoch_2.pth	34020059	f8f0e1406accb971c39b0399caef729f	pii/models/scrfd/armAC/epochs/epoch_2.pth
runs/train/scrfd/armAC/epochs/epoch_20.pth	/data/esteban/pii/runs/train/wd_armAC_ckpt/epoch_20.pth	34020059	9d9ba01dc2742c1f01e8a531830cea54	pii/models/scrfd/armAC/epochs/epoch_20.pth
runs/train/scrfd/armAC/epochs/epoch_3.pth	shang:/data/esteban/pii/runs/train/wd_armAC/epoch_3.pth	34020059	99420e9d94992a8c0c72c4ac22bf71b6	pii/models/scrfd/armAC/epochs/epoch_3.pth
runs/train/scrfd/armAC/epochs/epoch_4.pth	shang:/data/esteban/pii/runs/train/wd_armAC/epoch_4.pth	34020059	29a6c8bf2793b8d21877d9ab495c0c5a	pii/models/scrfd/armAC/epochs/epoch_4.pth
runs/train/scrfd/armAC/epochs/epoch_5.pth	shang:/data/esteban/pii/runs/train/wd_armAC/epoch_5.pth	34020059	604f82a12cf946e89e85cce03565afad	pii/models/scrfd/armAC/epochs/epoch_5.pth
runs/train/scrfd/armAC/epochs/epoch_6.pth	shang:/data/esteban/pii/runs/train/wd_armAC/epoch_6.pth	34020059	ca588eec903837d30f5117d76a6ddc92	pii/models/scrfd/armAC/epochs/epoch_6.pth
runs/train/scrfd/armAC/epochs/epoch_7.pth	shang:/data/esteban/pii/runs/train/wd_armAC/epoch_7.pth	34020059	e14fb398de0f54fe25f66cdb39e82459	pii/models/scrfd/armAC/epochs/epoch_7.pth
runs/train/scrfd/armAC/epochs/epoch_8.pth	shang:/data/esteban/pii/runs/train/wd_armAC/epoch_8.pth	34020059	56f432493dd271a0201935cd98e1df87	pii/models/scrfd/armAC/epochs/epoch_8.pth
runs/train/scrfd/armAC/epochs/epoch_9.pth	shang:/data/esteban/pii/runs/train/wd_armAC/epoch_9.pth	34020059	b94c6b8a1935548bba772215eb0b44b2	pii/models/scrfd/armAC/epochs/epoch_9.pth
runs/train/scrfd/armAC/epochs/latest.pth	shang:/data/esteban/pii/runs/train/wd_armAC/latest.pth	-1	symlink:epoch_20.pth	
runs/train/scrfd/armAC/onnx/armAC_det10g.onnx	/data/esteban/pii/runs/train/armAC_det10g.onnx	16962796	82d93b6fc2c0feb89679189e97cebd41	pii/models/scrfd/armAC/onnx/armAC_det10g.onnx
runs/train/scrfd/armAC/run_arm.sh	shang:/data/esteban/pii/runs/train/wd_armAC/run_arm.sh	3273	876915eb56ee812ef7d37a6b56b0d882	
runs/train/scrfd/armAC/scrfd_armAC.py	shang:/data/esteban/pii/runs/train/wd_armAC/scrfd_armAC.py	8310	a93f4e27e0cae4f0059217df5c8f48a6	
runs/train/scrfd/armAC/train.log	shang:/data/esteban/pii/runs/train/wd_armAC/train.log	300161	6c94bc281d79d97d77a74bfb23eb321f	pii/models/scrfd/armAC/train.log
runs/train/scrfd/armAC34/20260915_015837.log	shang:/data/esteban/pii/runs/train/wd_armAC34/20260915_015837.log	1171755	366ca26ace66613dc764592621bdfdd9	
runs/train/scrfd/armAC34/20260915_015837.log.json	shang:/data/esteban/pii/runs/train/wd_armAC34/20260915_015837.log.json	1074629	880a9bd36c98e7808d140f56ded37cbb	
runs/train/scrfd/armAC34/babysit.log	shang:/data/esteban/pii/runs/train/wd_armAC34/babysit.log	487	bb5272d8083ffef96842b925127f1185	
runs/train/scrfd/armAC34/epochs/epoch_1.pth	shang:/data/esteban/pii/runs/train/wd_armAC34/epoch_1.pth	79387272	1ecd296549917758e535d2107df1b284	pii/models/scrfd/armAC34/epochs/epoch_1.pth
runs/train/scrfd/armAC34/epochs/epoch_10.pth	shang:/data/esteban/pii/runs/train/wd_armAC34/epoch_10.pth	79387400	7639bfe9458253bbf16326c9fd8e292c	pii/models/scrfd/armAC34/epochs/epoch_10.pth
runs/train/scrfd/armAC34/epochs/epoch_11.pth	shang:/data/esteban/pii/runs/train/wd_armAC34/epoch_11.pth	79387400	230dffcd6d1831122cd6871ed7ad000f	pii/models/scrfd/armAC34/epochs/epoch_11.pth
runs/train/scrfd/armAC34/epochs/epoch_12.pth	shang:/data/esteban/pii/runs/train/wd_armAC34/epoch_12.pth	79387400	43ce3654326366be458c7487b453bf95	pii/models/scrfd/armAC34/epochs/epoch_12.pth
runs/train/scrfd/armAC34/epochs/epoch_13.pth	shang:/data/esteban/pii/runs/train/wd_armAC34/epoch_13.pth	79387400	f97ffd97947938873d5da71097277634	pii/models/scrfd/armAC34/epochs/epoch_13.pth
runs/train/scrfd/armAC34/epochs/epoch_14.pth	shang:/data/esteban/pii/runs/train/wd_armAC34/epoch_14.pth	79387400	1a854828ce4394fc7028f75edd017398	pii/models/scrfd/armAC34/epochs/epoch_14.pth
runs/train/scrfd/armAC34/epochs/epoch_15.pth	shang:/data/esteban/pii/runs/train/wd_armAC34/epoch_15.pth	79387400	ba11a36eaf40763fd77f1dffc47cc06f	pii/models/scrfd/armAC34/epochs/epoch_15.pth
runs/train/scrfd/armAC34/epochs/epoch_16.pth	shang:/data/esteban/pii/runs/train/wd_armAC34/epoch_16.pth	79387400	2b958f4dbab1b5df4d703869e654c0ca	pii/models/scrfd/armAC34/epochs/epoch_16.pth
runs/train/scrfd/armAC34/epochs/epoch_17.pth	shang:/data/esteban/pii/runs/train/wd_armAC34/epoch_17.pth	79387400	75e91eb955b9de41a27dea1f8451000c	pii/models/scrfd/armAC34/epochs/epoch_17.pth
runs/train/scrfd/armAC34/epochs/epoch_18.pth	shang:/data/esteban/pii/runs/train/wd_armAC34/epoch_18.pth	79387400	f3dc5fceb2c3c7d1b1c3c2b3e8fc4c02	pii/models/scrfd/armAC34/epochs/epoch_18.pth
runs/train/scrfd/armAC34/epochs/epoch_19.pth	shang:/data/esteban/pii/runs/train/wd_armAC34/epoch_19.pth	79387400	80e61265fe771bcab51585859038b306	pii/models/scrfd/armAC34/epochs/epoch_19.pth
runs/train/scrfd/armAC34/epochs/epoch_2.pth	shang:/data/esteban/pii/runs/train/wd_armAC34/epoch_2.pth	79387400	4f0f4f5952c769954e763a2cc637bc8c	pii/models/scrfd/armAC34/epochs/epoch_2.pth
runs/train/scrfd/armAC34/epochs/epoch_20.pth	/data/esteban/pii/runs/train/wd_armAC34_ckpt/epoch_20.pth	79387400	7de4e0ef55c915af4da310556dc90d57	pii/models/scrfd/armAC34/epochs/epoch_20.pth
runs/train/scrfd/armAC34/epochs/epoch_3.pth	shang:/data/esteban/pii/runs/train/wd_armAC34/epoch_3.pth	79387400	68fb0757af45e5d92db0506a9a6bb55a	pii/models/scrfd/armAC34/epochs/epoch_3.pth
runs/train/scrfd/armAC34/epochs/epoch_4.pth	shang:/data/esteban/pii/runs/train/wd_armAC34/epoch_4.pth	79387400	662b9f2cc7a1b4826677431ac316a29c	pii/models/scrfd/armAC34/epochs/epoch_4.pth
runs/train/scrfd/armAC34/epochs/epoch_5.pth	shang:/data/esteban/pii/runs/train/wd_armAC34/epoch_5.pth	79387400	3804023b5cdfecf3218e9d2032c96a9d	pii/models/scrfd/armAC34/epochs/epoch_5.pth
runs/train/scrfd/armAC34/epochs/epoch_6.pth	shang:/data/esteban/pii/runs/train/wd_armAC34/epoch_6.pth	79387400	6fa901ac98b0982ac8ee7e9187308ddf	pii/models/scrfd/armAC34/epochs/epoch_6.pth
runs/train/scrfd/armAC34/epochs/epoch_7.pth	shang:/data/esteban/pii/runs/train/wd_armAC34/epoch_7.pth	79387400	7fe62b1fd8a484b209eb5860de267647	pii/models/scrfd/armAC34/epochs/epoch_7.pth
runs/train/scrfd/armAC34/epochs/epoch_8.pth	shang:/data/esteban/pii/runs/train/wd_armAC34/epoch_8.pth	79387400	1765f528b019bdc18b6229fc1e79d5bb	pii/models/scrfd/armAC34/epochs/epoch_8.pth
runs/train/scrfd/armAC34/epochs/epoch_9.pth	shang:/data/esteban/pii/runs/train/wd_armAC34/epoch_9.pth	79387400	967b13d5004ca69a56a04b1bb357b189	pii/models/scrfd/armAC34/epochs/epoch_9.pth
runs/train/scrfd/armAC34/epochs/latest.pth	shang:/data/esteban/pii/runs/train/wd_armAC34/latest.pth	-1	symlink:epoch_20.pth	
runs/train/scrfd/armAC34/onnx/armAC34_det34g.onnx	/data/esteban/pii/runs/train/armAC34_det34g.onnx	39427800	882d28b836f11859ff2c4bcaad4b88c4	pii/models/scrfd/armAC34/onnx/armAC34_det34g.onnx
runs/train/scrfd/armAC34/run_arm.sh	shang:/data/esteban/pii/runs/train/wd_armAC34/run_arm.sh	3273	876915eb56ee812ef7d37a6b56b0d882	
runs/train/scrfd/armAC34/scrfd_armAC34.py	shang:/data/esteban/pii/runs/train/wd_armAC34/scrfd_armAC34.py	8246	1b3cc6ef28da7f34c1766d47a79b8f8e	
runs/train/scrfd/armAC34/train.log	shang:/data/esteban/pii/runs/train/wd_armAC34/train.log	1174287	3beb4a1144efdec5f24fd72039e320c2	pii/models/scrfd/armAC34/train.log
runs/train/scrfd/armAD/20260913_020621.log	shang:/data/esteban/pii/runs/train/wd_armAD/20260913_020621.log	191119	93b2e20a7b96f658b5568af2573d4d1c	
runs/train/scrfd/armAD/20260913_020621.log.json	shang:/data/esteban/pii/runs/train/wd_armAD/20260913_020621.log.json	174337	1ec94dd22af8971eaa59d8c1a786d178	
runs/train/scrfd/armAD/babysit.log	shang:/data/esteban/pii/runs/train/wd_armAD/babysit.log	481	d33b3543064dd508f5e13ee3cf3fff2a	
runs/train/scrfd/armAD/epochs/epoch_1.pth	shang:/data/esteban/pii/runs/train/wd_armAD/epoch_1.pth	34019867	9c73b08b0cdaee37ec854c3999e341a2	pii/models/scrfd/armAD/epochs/epoch_1.pth
runs/train/scrfd/armAD/epochs/epoch_10.pth	shang:/data/esteban/pii/runs/train/wd_armAD/epoch_10.pth	34019931	614ae50fbcbeb7fad7e3c1958d2e74c6	pii/models/scrfd/armAD/epochs/epoch_10.pth
runs/train/scrfd/armAD/epochs/epoch_11.pth	shang:/data/esteban/pii/runs/train/wd_armAD/epoch_11.pth	34019931	9cc5e0a38d26acfc6fbbe92f5bbf0eb8	pii/models/scrfd/armAD/epochs/epoch_11.pth
runs/train/scrfd/armAD/epochs/epoch_12.pth	shang:/data/esteban/pii/runs/train/wd_armAD/epoch_12.pth	34019931	c5f21f6c7053c899311ba892ead33943	pii/models/scrfd/armAD/epochs/epoch_12.pth
runs/train/scrfd/armAD/epochs/epoch_13.pth	shang:/data/esteban/pii/runs/train/wd_armAD/epoch_13.pth	34019931	d18078d3d6052613f3ac2626a5d315bb	pii/models/scrfd/armAD/epochs/epoch_13.pth
runs/train/scrfd/armAD/epochs/epoch_14.pth	shang:/data/esteban/pii/runs/train/wd_armAD/epoch_14.pth	34019931	98f9317b31ca089a6098c2997535ec8f	pii/models/scrfd/armAD/epochs/epoch_14.pth
runs/train/scrfd/armAD/epochs/epoch_15.pth	shang:/data/esteban/pii/runs/train/wd_armAD/epoch_15.pth	34019931	f3f40ef46bd333476de5b4a02ee6cce1	pii/models/scrfd/armAD/epochs/epoch_15.pth
runs/train/scrfd/armAD/epochs/epoch_16.pth	shang:/data/esteban/pii/runs/train/wd_armAD/epoch_16.pth	34019931	b2483e65ef3d7a37209ca296ee2c4213	pii/models/scrfd/armAD/epochs/epoch_16.pth
runs/train/scrfd/armAD/epochs/epoch_17.pth	shang:/data/esteban/pii/runs/train/wd_armAD/epoch_17.pth	34019931	6d846901aec703683f9a8f8e46bb4f45	pii/models/scrfd/armAD/epochs/epoch_17.pth
runs/train/scrfd/armAD/epochs/epoch_18.pth	shang:/data/esteban/pii/runs/train/wd_armAD/epoch_18.pth	34019931	1a91aecc288ec3f28f431782405b0b2b	pii/models/scrfd/armAD/epochs/epoch_18.pth
runs/train/scrfd/armAD/epochs/epoch_19.pth	shang:/data/esteban/pii/runs/train/wd_armAD/epoch_19.pth	34019931	9331542b09df17b18c085e30c2c813ab	pii/models/scrfd/armAD/epochs/epoch_19.pth
runs/train/scrfd/armAD/epochs/epoch_2.pth	shang:/data/esteban/pii/runs/train/wd_armAD/epoch_2.pth	34019931	e77a0a946aa78b385aaf16045ac655c8	pii/models/scrfd/armAD/epochs/epoch_2.pth
runs/train/scrfd/armAD/epochs/epoch_20.pth	shang:/data/esteban/pii/runs/train/wd_armAD/epoch_20.pth	34019931	df9dd28e029cf2e48226ac05977aca9f	pii/models/scrfd/armAD/epochs/epoch_20.pth
runs/train/scrfd/armAD/epochs/epoch_3.pth	shang:/data/esteban/pii/runs/train/wd_armAD/epoch_3.pth	34019931	3850f0a27ad15f4c68bb9b35b8972a45	pii/models/scrfd/armAD/epochs/epoch_3.pth
runs/train/scrfd/armAD/epochs/epoch_4.pth	shang:/data/esteban/pii/runs/train/wd_armAD/epoch_4.pth	34019931	618055fe634de3ed71401f643bb0c25d	pii/models/scrfd/armAD/epochs/epoch_4.pth
runs/train/scrfd/armAD/epochs/epoch_5.pth	shang:/data/esteban/pii/runs/train/wd_armAD/epoch_5.pth	34019931	d5480a82612c50f70d6d4a2770c91866	pii/models/scrfd/armAD/epochs/epoch_5.pth
runs/train/scrfd/armAD/epochs/epoch_6.pth	shang:/data/esteban/pii/runs/train/wd_armAD/epoch_6.pth	34019931	46ba53d5ba770e40210c2b5977f390a7	pii/models/scrfd/armAD/epochs/epoch_6.pth
runs/train/scrfd/armAD/epochs/epoch_7.pth	shang:/data/esteban/pii/runs/train/wd_armAD/epoch_7.pth	34019931	a2922d0a399bea1fec197964c4298350	pii/models/scrfd/armAD/epochs/epoch_7.pth
runs/train/scrfd/armAD/epochs/epoch_8.pth	shang:/data/esteban/pii/runs/train/wd_armAD/epoch_8.pth	34019931	ad6a7d3403c05db41c050b3287068aab	pii/models/scrfd/armAD/epochs/epoch_8.pth
runs/train/scrfd/armAD/epochs/epoch_9.pth	shang:/data/esteban/pii/runs/train/wd_armAD/epoch_9.pth	34019931	1e7f1a85dc065d8770e9f0eab8ae3ffd	pii/models/scrfd/armAD/epochs/epoch_9.pth
runs/train/scrfd/armAD/epochs/latest.pth	shang:/data/esteban/pii/runs/train/wd_armAD/latest.pth	-1	symlink:epoch_20.pth	
runs/train/scrfd/armAD/onnx/armAD_det10g.onnx	/data/esteban/pii/runs/train/armAD_det10g.onnx	16962796	6575ffc102832a7666d7044b0ebe08f0	pii/models/scrfd/armAD/onnx/armAD_det10g.onnx
runs/train/scrfd/armAD/run_arm.sh	shang:/data/esteban/pii/runs/train/wd_armAD/run_arm.sh	3273	876915eb56ee812ef7d37a6b56b0d882	
runs/train/scrfd/armAD/scrfd_armAD.py	shang:/data/esteban/pii/runs/train/wd_armAD/scrfd_armAD.py	8232	b0954c3d4ca3349dc846e98c8d6eca11	
runs/train/scrfd/armAD/train.log	shang:/data/esteban/pii/runs/train/wd_armAD/train.log	193651	192835aed6f744d6012297f67ce0eaee	pii/models/scrfd/armAD/train.log
runs/train/scrfd/armAE/20260914_102554.log	shang:/data/esteban/pii/runs/train/wd_armAE/20260914_102554.log	297941	04bc7ce8259949c080cd27cf5a48c987	
runs/train/scrfd/armAE/20260914_102554.log.json	shang:/data/esteban/pii/runs/train/wd_armAE/20260914_102554.log.json	272892	fa0e0d66d555bb9acd8be8d656172bb4	
runs/train/scrfd/armAE/babysit.log	shang:/data/esteban/pii/runs/train/wd_armAE/babysit.log	481	ac0bec284044173c83a9790a78352722	
runs/train/scrfd/armAE/epochs/epoch_1.pth	shang:/data/esteban/pii/runs/train/wd_armAE/epoch_1.pth	50987231	bb085b0967c410d173400b30a115f7c1	pii/models/scrfd/armAE/epochs/epoch_1.pth
runs/train/scrfd/armAE/epochs/epoch_10.pth	shang:/data/esteban/pii/runs/train/wd_armAE/epoch_10.pth	50987359	a49e3759ebac2c72155b6bbd4de754c3	pii/models/scrfd/armAE/epochs/epoch_10.pth
runs/train/scrfd/armAE/epochs/epoch_11.pth	shang:/data/esteban/pii/runs/train/wd_armAE/epoch_11.pth	50987359	eff61eeb0f290c690726a68058da433c	pii/models/scrfd/armAE/epochs/epoch_11.pth
runs/train/scrfd/armAE/epochs/epoch_12.pth	shang:/data/esteban/pii/runs/train/wd_armAE/epoch_12.pth	50987359	5f8464a6bb1d8497e1d0f04ad5b9b4a1	pii/models/scrfd/armAE/epochs/epoch_12.pth
runs/train/scrfd/armAE/epochs/epoch_13.pth	shang:/data/esteban/pii/runs/train/wd_armAE/epoch_13.pth	50987359	f0ba01e56bbbcdc071f738858af52a05	pii/models/scrfd/armAE/epochs/epoch_13.pth
runs/train/scrfd/armAE/epochs/epoch_14.pth	shang:/data/esteban/pii/runs/train/wd_armAE/epoch_14.pth	50987359	0c70941730df8888d6e6f470c2aefc2a	pii/models/scrfd/armAE/epochs/epoch_14.pth
runs/train/scrfd/armAE/epochs/epoch_15.pth	shang:/data/esteban/pii/runs/train/wd_armAE/epoch_15.pth	50987359	5763a5b27105efe2039c5fee73d4fe84	pii/models/scrfd/armAE/epochs/epoch_15.pth
runs/train/scrfd/armAE/epochs/epoch_16.pth	shang:/data/esteban/pii/runs/train/wd_armAE/epoch_16.pth	50987359	68567957655fe92669013b69c0e7fc47	pii/models/scrfd/armAE/epochs/epoch_16.pth
runs/train/scrfd/armAE/epochs/epoch_17.pth	shang:/data/esteban/pii/runs/train/wd_armAE/epoch_17.pth	50987359	ad0a2830c66cd987af66420909c4d60c	pii/models/scrfd/armAE/epochs/epoch_17.pth
runs/train/scrfd/armAE/epochs/epoch_18.pth	shang:/data/esteban/pii/runs/train/wd_armAE/epoch_18.pth	50987359	47271086ff434e4321fba52da716ee65	pii/models/scrfd/armAE/epochs/epoch_18.pth
runs/train/scrfd/armAE/epochs/epoch_19.pth	shang:/data/esteban/pii/runs/train/wd_armAE/epoch_19.pth	50987359	cc1019bb0811831f97c40f37786e9eed	pii/models/scrfd/armAE/epochs/epoch_19.pth
runs/train/scrfd/armAE/epochs/epoch_2.pth	shang:/data/esteban/pii/runs/train/wd_armAE/epoch_2.pth	50987359	7654dfe57778b5649d1ae34883ee992b	pii/models/scrfd/armAE/epochs/epoch_2.pth
runs/train/scrfd/armAE/epochs/epoch_20.pth	shang:/data/esteban/pii/runs/train/wd_armAE/epoch_20.pth	50987359	b0ece57144af004cb3e1b443227ae982	pii/models/scrfd/armAE/epochs/epoch_20.pth
runs/train/scrfd/armAE/epochs/epoch_3.pth	shang:/data/esteban/pii/runs/train/wd_armAE/epoch_3.pth	50987359	801689658f2f538d335a6aedabdc46e6	pii/models/scrfd/armAE/epochs/epoch_3.pth
runs/train/scrfd/armAE/epochs/epoch_4.pth	shang:/data/esteban/pii/runs/train/wd_armAE/epoch_4.pth	50987359	3a33b9af0ec542c70a10eff8f12b372d	pii/models/scrfd/armAE/epochs/epoch_4.pth
runs/train/scrfd/armAE/epochs/epoch_5.pth	shang:/data/esteban/pii/runs/train/wd_armAE/epoch_5.pth	50987359	f4fa493ba4de05b72f4153a6b68dc71f	pii/models/scrfd/armAE/epochs/epoch_5.pth
runs/train/scrfd/armAE/epochs/epoch_6.pth	shang:/data/esteban/pii/runs/train/wd_armAE/epoch_6.pth	50987359	834402d88e1b6b214112ea0b6c342df5	pii/models/scrfd/armAE/epochs/epoch_6.pth
runs/train/scrfd/armAE/epochs/epoch_7.pth	shang:/data/esteban/pii/runs/train/wd_armAE/epoch_7.pth	50987359	53ee58f7bfede4e96b4f8b82b5932c40	pii/models/scrfd/armAE/epochs/epoch_7.pth
runs/train/scrfd/armAE/epochs/epoch_8.pth	shang:/data/esteban/pii/runs/train/wd_armAE/epoch_8.pth	50987359	dc682fcdaaf66e87358b3925946a21da	pii/models/scrfd/armAE/epochs/epoch_8.pth
runs/train/scrfd/armAE/epochs/epoch_9.pth	shang:/data/esteban/pii/runs/train/wd_armAE/epoch_9.pth	50987359	a944936e60a7a1087d8a65d18ad9598c	pii/models/scrfd/armAE/epochs/epoch_9.pth
runs/train/scrfd/armAE/epochs/latest.pth	shang:/data/esteban/pii/runs/train/wd_armAE/latest.pth	-1	symlink:epoch_20.pth	
runs/train/scrfd/armAE/onnx/armAE_det10g.onnx	/data/esteban/pii/runs/train/armAE_det10g.onnx	16962796	7da56520e86c2036cf732c38512022d1	pii/models/scrfd/armAE/onnx/armAE_det10g.onnx
runs/train/scrfd/armAE/run_arm.sh	shang:/data/esteban/pii/runs/train/wd_armAE/run_arm.sh	3526	bee21e4668418e50d2ce4cf8773c574b	
runs/train/scrfd/armAE/scrfd_armAE.py	shang:/data/esteban/pii/runs/train/wd_armAE/scrfd_armAE.py	8418	8f29425e1b23902cbb2faef94cfa5750	
runs/train/scrfd/armAE/train.log	shang:/data/esteban/pii/runs/train/wd_armAE/train.log	301341	b958599c35a58d38a7f54f61c406f8c5	pii/models/scrfd/armAE/train.log
runs/train/scrfd/armAE34/20260914_102655.log	shang:/data/esteban/pii/runs/train/wd_armAE34/20260914_102655.log	1172650	f8100b1daefe7a86913899002d135708	
runs/train/scrfd/armAE34/20260914_102655.log.json	shang:/data/esteban/pii/runs/train/wd_armAE34/20260914_102655.log.json	1074672	1a9a97360617220a01f621026a82e2ca	
runs/train/scrfd/armAE34/babysit.log	shang:/data/esteban/pii/runs/train/wd_armAE34/babysit.log	487	25cee20e6715dae677f3221bdda03a11	
runs/train/scrfd/armAE34/epochs/epoch_1.pth	shang:/data/esteban/pii/runs/train/wd_armAE34/epoch_1.pth	118915789	221beecfe3195aef49873026bc0be51c	pii/models/scrfd/armAE34/epochs/epoch_1.pth
runs/train/scrfd/armAE34/epochs/epoch_10.pth	shang:/data/esteban/pii/runs/train/wd_armAE34/epoch_10.pth	118915853	4df7d4a3420595a6275875b49a2fcb54	pii/models/scrfd/armAE34/epochs/epoch_10.pth
runs/train/scrfd/armAE34/epochs/epoch_11.pth	shang:/data/esteban/pii/runs/train/wd_armAE34/epoch_11.pth	118915853	02657a52e62054a18b57dc1229eca669	pii/models/scrfd/armAE34/epochs/epoch_11.pth
runs/train/scrfd/armAE34/epochs/epoch_12.pth	shang:/data/esteban/pii/runs/train/wd_armAE34/epoch_12.pth	118915853	7aa2ac8c773054441d63088352a427f6	pii/models/scrfd/armAE34/epochs/epoch_12.pth
runs/train/scrfd/armAE34/epochs/epoch_13.pth	shang:/data/esteban/pii/runs/train/wd_armAE34/epoch_13.pth	118915853	ddcc62e8f6a4cb491c878d784b799c66	pii/models/scrfd/armAE34/epochs/epoch_13.pth
runs/train/scrfd/armAE34/epochs/epoch_14.pth	shang:/data/esteban/pii/runs/train/wd_armAE34/epoch_14.pth	118915853	5996d56ce51209d39c862776a42c4ed2	pii/models/scrfd/armAE34/epochs/epoch_14.pth
runs/train/scrfd/armAE34/epochs/epoch_15.pth	shang:/data/esteban/pii/runs/train/wd_armAE34/epoch_15.pth	118915853	d0b82f8c2193947612b27e5c8746eab2	pii/models/scrfd/armAE34/epochs/epoch_15.pth
runs/train/scrfd/armAE34/epochs/epoch_16.pth	shang:/data/esteban/pii/runs/train/wd_armAE34/epoch_16.pth	118915853	44c04e98c17c3d7a7b4769e8c60e8b7c	pii/models/scrfd/armAE34/epochs/epoch_16.pth
runs/train/scrfd/armAE34/epochs/epoch_17.pth	shang:/data/esteban/pii/runs/train/wd_armAE34/epoch_17.pth	118915853	8a0c26e3b567bf7a7ec45b417676076f	pii/models/scrfd/armAE34/epochs/epoch_17.pth
runs/train/scrfd/armAE34/epochs/epoch_18.pth	shang:/data/esteban/pii/runs/train/wd_armAE34/epoch_18.pth	118915853	d13645fb464d6391dab763513c1c32bb	pii/models/scrfd/armAE34/epochs/epoch_18.pth
runs/train/scrfd/armAE34/epochs/epoch_19.pth	shang:/data/esteban/pii/runs/train/wd_armAE34/epoch_19.pth	118915853	d2a52bc2f42d9f117f8b195780cbbc4a	pii/models/scrfd/armAE34/epochs/epoch_19.pth
runs/train/scrfd/armAE34/epochs/epoch_2.pth	shang:/data/esteban/pii/runs/train/wd_armAE34/epoch_2.pth	118915853	789f7dad7f987d4ba5c685c450aea2d2	pii/models/scrfd/armAE34/epochs/epoch_2.pth
runs/train/scrfd/armAE34/epochs/epoch_20.pth	shang:/data/esteban/pii/runs/train/wd_armAE34/epoch_20.pth	118915853	1d9e5316dddec04eb74ee77fb518f440	pii/models/scrfd/armAE34/epochs/epoch_20.pth
runs/train/scrfd/armAE34/epochs/epoch_3.pth	shang:/data/esteban/pii/runs/train/wd_armAE34/epoch_3.pth	118915853	46d871ab3398eb062baa29a116d3c924	pii/models/scrfd/armAE34/epochs/epoch_3.pth
runs/train/scrfd/armAE34/epochs/epoch_4.pth	shang:/data/esteban/pii/runs/train/wd_armAE34/epoch_4.pth	118915853	0be461147e2ce8b4f11311cbcad3eea1	pii/models/scrfd/armAE34/epochs/epoch_4.pth
runs/train/scrfd/armAE34/epochs/epoch_5.pth	shang:/data/esteban/pii/runs/train/wd_armAE34/epoch_5.pth	118915853	f24d8749a3bf12831d36e18451b95b18	pii/models/scrfd/armAE34/epochs/epoch_5.pth
runs/train/scrfd/armAE34/epochs/epoch_6.pth	shang:/data/esteban/pii/runs/train/wd_armAE34/epoch_6.pth	118915853	d5032731243e9b65231ac8d7ee83bbe4	pii/models/scrfd/armAE34/epochs/epoch_6.pth
runs/train/scrfd/armAE34/epochs/epoch_7.pth	shang:/data/esteban/pii/runs/train/wd_armAE34/epoch_7.pth	118915853	49e92358a7ac75e8b66c1ed70fdd1138	pii/models/scrfd/armAE34/epochs/epoch_7.pth
runs/train/scrfd/armAE34/epochs/epoch_8.pth	shang:/data/esteban/pii/runs/train/wd_armAE34/epoch_8.pth	118915853	2ea7d23791049cf8c58b813e374c5ef3	pii/models/scrfd/armAE34/epochs/epoch_8.pth
runs/train/scrfd/armAE34/epochs/epoch_9.pth	shang:/data/esteban/pii/runs/train/wd_armAE34/epoch_9.pth	118915853	e9eebf2c8be8c63667f77023e86a0460	pii/models/scrfd/armAE34/epochs/epoch_9.pth
runs/train/scrfd/armAE34/epochs/latest.pth	shang:/data/esteban/pii/runs/train/wd_armAE34/latest.pth	-1	symlink:epoch_20.pth	
runs/train/scrfd/armAE34/onnx/armAE34_det34g.onnx	/data/esteban/pii/runs/train/armAE34_det34g.onnx	39427800	3fa016c5dc7241e448ec101f4234e738	pii/models/scrfd/armAE34/onnx/armAE34_det34g.onnx
runs/train/scrfd/armAE34/run_arm.sh	shang:/data/esteban/pii/runs/train/wd_armAE34/run_arm.sh	3526	bee21e4668418e50d2ce4cf8773c574b	
runs/train/scrfd/armAE34/scrfd_armAE34.py	shang:/data/esteban/pii/runs/train/wd_armAE34/scrfd_armAE34.py	8344	bf1465e730cd6198a0655316bc8f0404	
runs/train/scrfd/armAE34/train.log	shang:/data/esteban/pii/runs/train/wd_armAE34/train.log	1176050	b86abbef5d4ce020f7451a62c3581159	pii/models/scrfd/armAE34/train.log
runs/train/scrfd/armAF/20260916_085250.log	shang:/data/esteban/pii/runs/train/wd_armAF/20260916_085250.log	1152595	7e987c243ebbf230ad4cbb9842adf623	
runs/train/scrfd/armAF/20260916_085250.log.json	shang:/data/esteban/pii/runs/train/wd_armAF/20260916_085250.log.json	1052662	ddda4a5d634c25510d8cb99d59a72fcf	
runs/train/scrfd/armAF/babysit.log	shang:/data/esteban/pii/runs/train/wd_armAF/babysit.log	481	355395d1695b1a6ff2dd4eddb70ecb8f	
runs/train/scrfd/armAF/epochs/epoch_1.pth	shang:/data/esteban/pii/runs/train/wd_armAF/epoch_1.pth	34019867	fb118e6ed09596f9cacdffb9aec99c85	pii/models/scrfd/armAF/epochs/epoch_1.pth
runs/train/scrfd/armAF/epochs/epoch_10.pth	shang:/data/esteban/pii/runs/train/wd_armAF/epoch_10.pth	34019995	1a309e89546fbf25292110ff22460316	pii/models/scrfd/armAF/epochs/epoch_10.pth
runs/train/scrfd/armAF/epochs/epoch_11.pth	shang:/data/esteban/pii/runs/train/wd_armAF/epoch_11.pth	34019995	2525a8314831a7cccba7e9354455aab3	pii/models/scrfd/armAF/epochs/epoch_11.pth
runs/train/scrfd/armAF/epochs/epoch_12.pth	shang:/data/esteban/pii/runs/train/wd_armAF/epoch_12.pth	34019995	3f27f0a807f2d5fbe7efe9bbcad66ffa	pii/models/scrfd/armAF/epochs/epoch_12.pth
runs/train/scrfd/armAF/epochs/epoch_13.pth	shang:/data/esteban/pii/runs/train/wd_armAF/epoch_13.pth	34019995	2ff4e2d25f9ed968e9b197e8f4d6c90c	pii/models/scrfd/armAF/epochs/epoch_13.pth
runs/train/scrfd/armAF/epochs/epoch_14.pth	shang:/data/esteban/pii/runs/train/wd_armAF/epoch_14.pth	34019995	3c44e94b1bd512cca9d0e3e787c4e69a	pii/models/scrfd/armAF/epochs/epoch_14.pth
runs/train/scrfd/armAF/epochs/epoch_15.pth	shang:/data/esteban/pii/runs/train/wd_armAF/epoch_15.pth	34019995	c5cda29d5d29caa708b77dff60819de4	pii/models/scrfd/armAF/epochs/epoch_15.pth
runs/train/scrfd/armAF/epochs/epoch_16.pth	shang:/data/esteban/pii/runs/train/wd_armAF/epoch_16.pth	34019995	e27f9c082074a8003ce36398189c5967	pii/models/scrfd/armAF/epochs/epoch_16.pth
runs/train/scrfd/armAF/epochs/epoch_17.pth	shang:/data/esteban/pii/runs/train/wd_armAF/epoch_17.pth	34019995	6fada69d520ee1480dbdba6ab08578a2	pii/models/scrfd/armAF/epochs/epoch_17.pth
runs/train/scrfd/armAF/epochs/epoch_18.pth	shang:/data/esteban/pii/runs/train/wd_armAF/epoch_18.pth	34019995	4bcce23c1f538e62ae6a1c8c00873a3f	pii/models/scrfd/armAF/epochs/epoch_18.pth
runs/train/scrfd/armAF/epochs/epoch_19.pth	shang:/data/esteban/pii/runs/train/wd_armAF/epoch_19.pth	34019995	20312e2e414452a5159d80e0884f63cc	pii/models/scrfd/armAF/epochs/epoch_19.pth
runs/train/scrfd/armAF/epochs/epoch_2.pth	shang:/data/esteban/pii/runs/train/wd_armAF/epoch_2.pth	34019995	d5e8f60ec3d3bfc66b32afe79cd2368e	pii/models/scrfd/armAF/epochs/epoch_2.pth
runs/train/scrfd/armAF/epochs/epoch_20.pth	shang:/data/esteban/pii/runs/train/wd_armAF/epoch_20.pth	34019995	88b2b902f89ed5190d780b7e7250a5cf	pii/models/scrfd/armAF/epochs/epoch_20.pth
runs/train/scrfd/armAF/epochs/epoch_21.pth	shang:/data/esteban/pii/runs/train/wd_armAF/epoch_21.pth	34019995	377a3706e6eb2b03d7b69c2102ef85ae	pii/models/scrfd/armAF/epochs/epoch_21.pth
runs/train/scrfd/armAF/epochs/epoch_22.pth	shang:/data/esteban/pii/runs/train/wd_armAF/epoch_22.pth	34019995	02fc67be5ab6105d6484da547db567b5	pii/models/scrfd/armAF/epochs/epoch_22.pth
runs/train/scrfd/armAF/epochs/epoch_23.pth	shang:/data/esteban/pii/runs/train/wd_armAF/epoch_23.pth	34019995	3224f8a09c1eacc3cad286e34a921868	pii/models/scrfd/armAF/epochs/epoch_23.pth
runs/train/scrfd/armAF/epochs/epoch_24.pth	shang:/data/esteban/pii/runs/train/wd_armAF/epoch_24.pth	34019995	55bca2de68047a843b2544a2ad358783	pii/models/scrfd/armAF/epochs/epoch_24.pth
runs/train/scrfd/armAF/epochs/epoch_25.pth	shang:/data/esteban/pii/runs/train/wd_armAF/epoch_25.pth	34019995	5790628eef0d38c88a81184aad152a87	pii/models/scrfd/armAF/epochs/epoch_25.pth
runs/train/scrfd/armAF/epochs/epoch_26.pth	shang:/data/esteban/pii/runs/train/wd_armAF/epoch_26.pth	34019995	3c2131fff41562d5b3b198d0505c0156	pii/models/scrfd/armAF/epochs/epoch_26.pth
runs/train/scrfd/armAF/epochs/epoch_27.pth	shang:/data/esteban/pii/runs/train/wd_armAF/epoch_27.pth	34019995	58bc7c458cd87c7e308a33c4580fae31	pii/models/scrfd/armAF/epochs/epoch_27.pth
runs/train/scrfd/armAF/epochs/epoch_28.pth	shang:/data/esteban/pii/runs/train/wd_armAF/epoch_28.pth	34019995	75ac6dd458945bee5d3ebf0015899eca	pii/models/scrfd/armAF/epochs/epoch_28.pth
runs/train/scrfd/armAF/epochs/epoch_29.pth	shang:/data/esteban/pii/runs/train/wd_armAF/epoch_29.pth	34019995	5c15b56a943ca26ed8ddbf090f7cf335	pii/models/scrfd/armAF/epochs/epoch_29.pth
runs/train/scrfd/armAF/epochs/epoch_3.pth	shang:/data/esteban/pii/runs/train/wd_armAF/epoch_3.pth	34019995	6137fe321eac8fb4971ef8a7162f699a	pii/models/scrfd/armAF/epochs/epoch_3.pth
runs/train/scrfd/armAF/epochs/epoch_30.pth	shang:/data/esteban/pii/runs/train/wd_armAF/epoch_30.pth	34019995	4a6b0dcf4f60958331e8ff1929e800ed	pii/models/scrfd/armAF/epochs/epoch_30.pth
runs/train/scrfd/armAF/epochs/epoch_31.pth	shang:/data/esteban/pii/runs/train/wd_armAF/epoch_31.pth	34019995	ac301ecac48173d93e6a96e6f3f42d79	pii/models/scrfd/armAF/epochs/epoch_31.pth
runs/train/scrfd/armAF/epochs/epoch_32.pth	shang:/data/esteban/pii/runs/train/wd_armAF/epoch_32.pth	34019995	5fc6fad5c22641ff9b6f58d6241bf502	pii/models/scrfd/armAF/epochs/epoch_32.pth
runs/train/scrfd/armAF/epochs/epoch_33.pth	shang:/data/esteban/pii/runs/train/wd_armAF/epoch_33.pth	34019995	4c68dfeb399290cd9989f03a58ec823e	pii/models/scrfd/armAF/epochs/epoch_33.pth
runs/train/scrfd/armAF/epochs/epoch_34.pth	shang:/data/esteban/pii/runs/train/wd_armAF/epoch_34.pth	34019995	953fa6a9e48ec33f0d8baa436c7061a6	pii/models/scrfd/armAF/epochs/epoch_34.pth
runs/train/scrfd/armAF/epochs/epoch_35.pth	shang:/data/esteban/pii/runs/train/wd_armAF/epoch_35.pth	34019995	c017c084dadbe78a8dfb3e3500d7c0bd	pii/models/scrfd/armAF/epochs/epoch_35.pth
runs/train/scrfd/armAF/epochs/epoch_36.pth	shang:/data/esteban/pii/runs/train/wd_armAF/epoch_36.pth	34019995	815efb5ad4dd97984265732a2eac1e0d	pii/models/scrfd/armAF/epochs/epoch_36.pth
runs/train/scrfd/armAF/epochs/epoch_37.pth	shang:/data/esteban/pii/runs/train/wd_armAF/epoch_37.pth	34019995	80d063a1a81e9e215587a9b5dd76a80e	pii/models/scrfd/armAF/epochs/epoch_37.pth
runs/train/scrfd/armAF/epochs/epoch_38.pth	shang:/data/esteban/pii/runs/train/wd_armAF/epoch_38.pth	34019995	5fcf5e1ea10d246574efe08d23fc69d3	pii/models/scrfd/armAF/epochs/epoch_38.pth
runs/train/scrfd/armAF/epochs/epoch_39.pth	shang:/data/esteban/pii/runs/train/wd_armAF/epoch_39.pth	34019995	6626363123ac1089b2f9952baff99861	pii/models/scrfd/armAF/epochs/epoch_39.pth
runs/train/scrfd/armAF/epochs/epoch_4.pth	shang:/data/esteban/pii/runs/train/wd_armAF/epoch_4.pth	34019995	387fc74fa3f4000557ee24d788242d3c	pii/models/scrfd/armAF/epochs/epoch_4.pth
runs/train/scrfd/armAF/epochs/epoch_40.pth	shang:/data/esteban/pii/runs/train/wd_armAF/epoch_40.pth	34019995	04786c7a0d8b62f9de453ab20c1d0085	pii/models/scrfd/armAF/epochs/epoch_40.pth
runs/train/scrfd/armAF/epochs/epoch_41.pth	shang:/data/esteban/pii/runs/train/wd_armAF/epoch_41.pth	34019995	623b557a137c9bea6e55a0abbbced948	pii/models/scrfd/armAF/epochs/epoch_41.pth
runs/train/scrfd/armAF/epochs/epoch_42.pth	shang:/data/esteban/pii/runs/train/wd_armAF/epoch_42.pth	34019995	c253a08694f6cea877560450699f8950	pii/models/scrfd/armAF/epochs/epoch_42.pth
runs/train/scrfd/armAF/epochs/epoch_43.pth	shang:/data/esteban/pii/runs/train/wd_armAF/epoch_43.pth	34019995	a90bea142525490d98dddfe53bf653b2	pii/models/scrfd/armAF/epochs/epoch_43.pth
runs/train/scrfd/armAF/epochs/epoch_44.pth	shang:/data/esteban/pii/runs/train/wd_armAF/epoch_44.pth	34019995	3bd0c86cf9c34fbd7b5fd0cfdf6aa66c	pii/models/scrfd/armAF/epochs/epoch_44.pth
runs/train/scrfd/armAF/epochs/epoch_45.pth	shang:/data/esteban/pii/runs/train/wd_armAF/epoch_45.pth	34019995	647cab9a237071c33c879431b13e7805	pii/models/scrfd/armAF/epochs/epoch_45.pth
runs/train/scrfd/armAF/epochs/epoch_46.pth	shang:/data/esteban/pii/runs/train/wd_armAF/epoch_46.pth	34019995	e198cb8152196047982220f1f9c708a2	pii/models/scrfd/armAF/epochs/epoch_46.pth
runs/train/scrfd/armAF/epochs/epoch_47.pth	shang:/data/esteban/pii/runs/train/wd_armAF/epoch_47.pth	34019995	d443ca72bf4aca302f5db1e079ada2bc	pii/models/scrfd/armAF/epochs/epoch_47.pth
runs/train/scrfd/armAF/epochs/epoch_48.pth	shang:/data/esteban/pii/runs/train/wd_armAF/epoch_48.pth	34019995	369d52fa29791a27741ee97d8f098f93	pii/models/scrfd/armAF/epochs/epoch_48.pth
runs/train/scrfd/armAF/epochs/epoch_49.pth	shang:/data/esteban/pii/runs/train/wd_armAF/epoch_49.pth	34019995	1ed9efa94b32fadd4a8303a392c086b2	pii/models/scrfd/armAF/epochs/epoch_49.pth
runs/train/scrfd/armAF/epochs/epoch_5.pth	shang:/data/esteban/pii/runs/train/wd_armAF/epoch_5.pth	34019995	be27015ca98b3f751f0fc1bfc14b4bd4	pii/models/scrfd/armAF/epochs/epoch_5.pth
runs/train/scrfd/armAF/epochs/epoch_50.pth	shang:/data/esteban/pii/runs/train/wd_armAF/epoch_50.pth	34019995	8f02ee29dc4b406c0615b89fa1c642d3	pii/models/scrfd/armAF/epochs/epoch_50.pth
runs/train/scrfd/armAF/epochs/epoch_51.pth	shang:/data/esteban/pii/runs/train/wd_armAF/epoch_51.pth	34019995	a758761c6c691f3c11ac3e07990cb73a	pii/models/scrfd/armAF/epochs/epoch_51.pth
runs/train/scrfd/armAF/epochs/epoch_52.pth	shang:/data/esteban/pii/runs/train/wd_armAF/epoch_52.pth	34019995	6d3cb13684aec13470679be418d38375	pii/models/scrfd/armAF/epochs/epoch_52.pth
runs/train/scrfd/armAF/epochs/epoch_53.pth	shang:/data/esteban/pii/runs/train/wd_armAF/epoch_53.pth	34019995	5e801aee975371717f06f06d8d85d4ba	pii/models/scrfd/armAF/epochs/epoch_53.pth
runs/train/scrfd/armAF/epochs/epoch_54.pth	shang:/data/esteban/pii/runs/train/wd_armAF/epoch_54.pth	34019995	f5c24628701e8050d92a7d4c78985ae9	pii/models/scrfd/armAF/epochs/epoch_54.pth
runs/train/scrfd/armAF/epochs/epoch_55.pth	shang:/data/esteban/pii/runs/train/wd_armAF/epoch_55.pth	34019995	61107dc177a91b11118ffd53b4f0317a	pii/models/scrfd/armAF/epochs/epoch_55.pth
runs/train/scrfd/armAF/epochs/epoch_56.pth	shang:/data/esteban/pii/runs/train/wd_armAF/epoch_56.pth	34019995	693c3d30edc18a41e15250240a5cee33	pii/models/scrfd/armAF/epochs/epoch_56.pth
runs/train/scrfd/armAF/epochs/epoch_57.pth	shang:/data/esteban/pii/runs/train/wd_armAF/epoch_57.pth	34019995	b1052fb0e40ba8fabd40a7c8864e77f3	pii/models/scrfd/armAF/epochs/epoch_57.pth
runs/train/scrfd/armAF/epochs/epoch_58.pth	shang:/data/esteban/pii/runs/train/wd_armAF/epoch_58.pth	34019995	da2ae0c09a23773cd518e34500a75efc	pii/models/scrfd/armAF/epochs/epoch_58.pth
runs/train/scrfd/armAF/epochs/epoch_59.pth	shang:/data/esteban/pii/runs/train/wd_armAF/epoch_59.pth	34019995	6ba09f27ac92d39d40e9a5d17970158c	pii/models/scrfd/armAF/epochs/epoch_59.pth
runs/train/scrfd/armAF/epochs/epoch_6.pth	shang:/data/esteban/pii/runs/train/wd_armAF/epoch_6.pth	34019995	702e744cb94b582b875150b5084d5a99	pii/models/scrfd/armAF/epochs/epoch_6.pth
runs/train/scrfd/armAF/epochs/epoch_60.pth	shang:/data/esteban/pii/runs/train/wd_armAF/epoch_60.pth	34019995	62e16049a2720d6bc604227d038c5d7c	pii/models/scrfd/armAF/epochs/epoch_60.pth
runs/train/scrfd/armAF/epochs/epoch_61.pth	shang:/data/esteban/pii/runs/train/wd_armAF/epoch_61.pth	34019995	5e447a857ee6209c822f62bcc7d7beb5	pii/models/scrfd/armAF/epochs/epoch_61.pth
runs/train/scrfd/armAF/epochs/epoch_62.pth	shang:/data/esteban/pii/runs/train/wd_armAF/epoch_62.pth	34019995	2e0334835615d0869933235470473760	pii/models/scrfd/armAF/epochs/epoch_62.pth
runs/train/scrfd/armAF/epochs/epoch_63.pth	shang:/data/esteban/pii/runs/train/wd_armAF/epoch_63.pth	34019995	0eaf9205c067da32f2d277b5417854b6	pii/models/scrfd/armAF/epochs/epoch_63.pth
runs/train/scrfd/armAF/epochs/epoch_64.pth	shang:/data/esteban/pii/runs/train/wd_armAF/epoch_64.pth	34019995	3bbe7546b8665dde5802129c465d6e14	pii/models/scrfd/armAF/epochs/epoch_64.pth
runs/train/scrfd/armAF/epochs/epoch_65.pth	shang:/data/esteban/pii/runs/train/wd_armAF/epoch_65.pth	34019995	1404fe4c07209f58644e10b78d1c9b8e	pii/models/scrfd/armAF/epochs/epoch_65.pth
runs/train/scrfd/armAF/epochs/epoch_66.pth	shang:/data/esteban/pii/runs/train/wd_armAF/epoch_66.pth	34019995	e233d7f0e78c5a3e174e6548a49dd61e	pii/models/scrfd/armAF/epochs/epoch_66.pth
runs/train/scrfd/armAF/epochs/epoch_67.pth	shang:/data/esteban/pii/runs/train/wd_armAF/epoch_67.pth	34019995	06a630b02044d49732e51ae3a48624f7	pii/models/scrfd/armAF/epochs/epoch_67.pth
runs/train/scrfd/armAF/epochs/epoch_68.pth	shang:/data/esteban/pii/runs/train/wd_armAF/epoch_68.pth	34019995	2a667fa5bde9779b54696fc39d9d702c	pii/models/scrfd/armAF/epochs/epoch_68.pth
runs/train/scrfd/armAF/epochs/epoch_69.pth	shang:/data/esteban/pii/runs/train/wd_armAF/epoch_69.pth	34019995	66a3ec8c2db38fe895ce5dc5f41a732b	pii/models/scrfd/armAF/epochs/epoch_69.pth
runs/train/scrfd/armAF/epochs/epoch_7.pth	shang:/data/esteban/pii/runs/train/wd_armAF/epoch_7.pth	34019995	2392f870b2d8084fdd86cfb1ef836c7e	pii/models/scrfd/armAF/epochs/epoch_7.pth
runs/train/scrfd/armAF/epochs/epoch_70.pth	shang:/data/esteban/pii/runs/train/wd_armAF/epoch_70.pth	34019995	794e653f99afaa33030aa9ab385b1115	pii/models/scrfd/armAF/epochs/epoch_70.pth
runs/train/scrfd/armAF/epochs/epoch_71.pth	shang:/data/esteban/pii/runs/train/wd_armAF/epoch_71.pth	34019995	c2714c3ad99a3b37de2882ba644d559f	pii/models/scrfd/armAF/epochs/epoch_71.pth
runs/train/scrfd/armAF/epochs/epoch_72.pth	shang:/data/esteban/pii/runs/train/wd_armAF/epoch_72.pth	34019995	2e42a99e92ac68dec28f03ea17a18041	pii/models/scrfd/armAF/epochs/epoch_72.pth
runs/train/scrfd/armAF/epochs/epoch_73.pth	shang:/data/esteban/pii/runs/train/wd_armAF/epoch_73.pth	34019995	ef2cb35c74ab2531f568bf37c2aae1f1	pii/models/scrfd/armAF/epochs/epoch_73.pth
runs/train/scrfd/armAF/epochs/epoch_74.pth	shang:/data/esteban/pii/runs/train/wd_armAF/epoch_74.pth	34019995	997884f8b90796deca5133230fbe2fd5	pii/models/scrfd/armAF/epochs/epoch_74.pth
runs/train/scrfd/armAF/epochs/epoch_75.pth	shang:/data/esteban/pii/runs/train/wd_armAF/epoch_75.pth	34019995	f6221a6118562f9c32810304fa4db45f	pii/models/scrfd/armAF/epochs/epoch_75.pth
runs/train/scrfd/armAF/epochs/epoch_76.pth	shang:/data/esteban/pii/runs/train/wd_armAF/epoch_76.pth	34019995	c14502d5333c9c89ee7079dfbe5147a6	pii/models/scrfd/armAF/epochs/epoch_76.pth
runs/train/scrfd/armAF/epochs/epoch_77.pth	shang:/data/esteban/pii/runs/train/wd_armAF/epoch_77.pth	34019995	805ff3fd09fe926e2a685986a16d00d0	pii/models/scrfd/armAF/epochs/epoch_77.pth
runs/train/scrfd/armAF/epochs/epoch_78.pth	shang:/data/esteban/pii/runs/train/wd_armAF/epoch_78.pth	34019995	16830d02d717027dacc9695fd0504bd1	pii/models/scrfd/armAF/epochs/epoch_78.pth
runs/train/scrfd/armAF/epochs/epoch_79.pth	shang:/data/esteban/pii/runs/train/wd_armAF/epoch_79.pth	34019995	4e3e25bfffacab0d69595a6f0b554f6b	pii/models/scrfd/armAF/epochs/epoch_79.pth
runs/train/scrfd/armAF/epochs/epoch_8.pth	shang:/data/esteban/pii/runs/train/wd_armAF/epoch_8.pth	34019995	4568f52915842da7c2053ddbc39a8b1b	pii/models/scrfd/armAF/epochs/epoch_8.pth
runs/train/scrfd/armAF/epochs/epoch_80.pth	shang:/data/esteban/pii/runs/train/wd_armAF/epoch_80.pth	34019995	cb25fe8a85cc846d3f6a75696c5a060f	pii/models/scrfd/armAF/epochs/epoch_80.pth
runs/train/scrfd/armAF/epochs/epoch_9.pth	shang:/data/esteban/pii/runs/train/wd_armAF/epoch_9.pth	34019995	15551f4cdb808f97642657535f272fcf	pii/models/scrfd/armAF/epochs/epoch_9.pth
runs/train/scrfd/armAF/epochs/latest.pth	shang:/data/esteban/pii/runs/train/wd_armAF/latest.pth	-1	symlink:epoch_80.pth	
runs/train/scrfd/armAF/onnx/armAF_det10g.onnx	/data/esteban/pii/runs/train/armAF_det10g.onnx	16962746	6bd144aa8188ed76a30ab536006d812c	pii/models/scrfd/armAF/onnx/armAF_det10g.onnx
runs/train/scrfd/armAF/onnx/armAF_e20_det10g.onnx	/data/esteban/pii/runs/train/armAF_e20_det10g.onnx	16962746	4637dbee54f7a4aef9769080201557b9	pii/models/scrfd/armAF/onnx/armAF_e20_det10g.onnx
runs/train/scrfd/armAF/onnx/armAF_e55_det10g.onnx	/data/esteban/pii/runs/train/armAF_e55_det10g.onnx	16962746	87cef2da5b0d926a172c2923b9b94081	pii/models/scrfd/armAF/onnx/armAF_e55_det10g.onnx
runs/train/scrfd/armAF/onnx/armAF_e68_det10g.onnx	/data/esteban/pii/runs/train/armAF_e68_det10g.onnx	16962746	1fd812d8e0fca44ec6779aa9a62d46ef	pii/models/scrfd/armAF/onnx/armAF_e68_det10g.onnx
runs/train/scrfd/armAF/run_arm.sh	shang:/data/esteban/pii/runs/train/wd_armAF/run_arm.sh	3336	df4ca91968a71223d8b6391d26a7e3fe	
runs/train/scrfd/armAF/scrfd_armAF.py	shang:/data/esteban/pii/runs/train/wd_armAF/scrfd_armAF.py	8269	437a54aac71bbf140828a556052530dd	
runs/train/scrfd/armAF/train.log	shang:/data/esteban/pii/runs/train/wd_armAF/train.log	1155127	560f90de03a93645c7d1808e21d1a613	pii/models/scrfd/armAF/train.log
runs/train/scrfd/armAG34/20260918_111436.log	/data/esteban/pii/runs/train/wd_armAG34/20260918_111436.log	225576	3317b955202d837cc40a6d1dd4171e0e	
runs/train/scrfd/armAG34/20260918_111436.log.json	/data/esteban/pii/runs/train/wd_armAG34/20260918_111436.log.json	206709	7a2733a334ae8a5712d155950e4e3bc8	
runs/train/scrfd/armAG34/babysit.log	/data/esteban/pii/runs/train/wd_armAG34/babysit.log	503	45f54c26ae60df07a6c5da593dee48ce	
runs/train/scrfd/armAG34/epochs/epoch_1.pth	/data/esteban/pii/runs/train/wd_armAG34/epoch_1.pth	118915789	2c44ea19bbaffcb2ee8f6332ab46d49a	pii/models/scrfd/armAG34/epochs/epoch_1.pth
runs/train/scrfd/armAG34/epochs/epoch_10.pth	/data/esteban/pii/runs/train/wd_armAG34/epoch_10.pth	118915917	821160bbf3d15d38e15e5274d9b3dfd0	pii/models/scrfd/armAG34/epochs/epoch_10.pth
runs/train/scrfd/armAG34/epochs/epoch_11.pth	/data/esteban/pii/runs/train/wd_armAG34/epoch_11.pth	118915917	d7b003cc66c14c75387b6122e8010626	pii/models/scrfd/armAG34/epochs/epoch_11.pth
runs/train/scrfd/armAG34/epochs/epoch_12.pth	/data/esteban/pii/runs/train/wd_armAG34/epoch_12.pth	118915917	61d2c2232829c033d1f515325386f8dc	pii/models/scrfd/armAG34/epochs/epoch_12.pth
runs/train/scrfd/armAG34/epochs/epoch_13.pth	/data/esteban/pii/runs/train/wd_armAG34/epoch_13.pth	118915917	bf821c3082acead037db447d2edbfb93	pii/models/scrfd/armAG34/epochs/epoch_13.pth
runs/train/scrfd/armAG34/epochs/epoch_14.pth	/data/esteban/pii/runs/train/wd_armAG34/epoch_14.pth	118915917	5d8206fe1aec0aacaf9cb546fe4cb780	pii/models/scrfd/armAG34/epochs/epoch_14.pth
runs/train/scrfd/armAG34/epochs/epoch_15.pth	/data/esteban/pii/runs/train/wd_armAG34/epoch_15.pth	118915917	7e32e4afe7f9828b5103b72435e070ed	pii/models/scrfd/armAG34/epochs/epoch_15.pth
runs/train/scrfd/armAG34/epochs/epoch_16.pth	/data/esteban/pii/runs/train/wd_armAG34/epoch_16.pth	118915917	2eb4928c779c397ea5e807f42eebe91b	pii/models/scrfd/armAG34/epochs/epoch_16.pth
runs/train/scrfd/armAG34/epochs/epoch_17.pth	/data/esteban/pii/runs/train/wd_armAG34/epoch_17.pth	118915917	a01c2fb90c1e6ac78d237e8be545a198	pii/models/scrfd/armAG34/epochs/epoch_17.pth
runs/train/scrfd/armAG34/epochs/epoch_18.pth	/data/esteban/pii/runs/train/wd_armAG34/epoch_18.pth	118915917	a0db1c820753b55d315f321dad6189b2	pii/models/scrfd/armAG34/epochs/epoch_18.pth
runs/train/scrfd/armAG34/epochs/epoch_19.pth	/data/esteban/pii/runs/train/wd_armAG34/epoch_19.pth	118915917	18c32981bed9eae675a2279a5b5234fd	pii/models/scrfd/armAG34/epochs/epoch_19.pth
runs/train/scrfd/armAG34/epochs/epoch_2.pth	/data/esteban/pii/runs/train/wd_armAG34/epoch_2.pth	118915917	5718511f35f350fdf035a2865f131420	pii/models/scrfd/armAG34/epochs/epoch_2.pth
runs/train/scrfd/armAG34/epochs/epoch_20.pth	/data/esteban/pii/runs/train/wd_armAG34/epoch_20.pth	118915917	8d4b179ab1a463c602b10c1c4e680c6c	pii/models/scrfd/armAG34/epochs/epoch_20.pth
runs/train/scrfd/armAG34/epochs/epoch_3.pth	/data/esteban/pii/runs/train/wd_armAG34/epoch_3.pth	118915917	354960499ffdaaa5571a78e7ff2e6e26	pii/models/scrfd/armAG34/epochs/epoch_3.pth
runs/train/scrfd/armAG34/epochs/epoch_4.pth	/data/esteban/pii/runs/train/wd_armAG34/epoch_4.pth	118915917	70b8b646c10e234dda505bd7e9041f34	pii/models/scrfd/armAG34/epochs/epoch_4.pth
runs/train/scrfd/armAG34/epochs/epoch_5.pth	/data/esteban/pii/runs/train/wd_armAG34/epoch_5.pth	118915917	68eec6115d32b5ba6bc7aa239e2bc7f9	pii/models/scrfd/armAG34/epochs/epoch_5.pth
runs/train/scrfd/armAG34/epochs/epoch_6.pth	/data/esteban/pii/runs/train/wd_armAG34/epoch_6.pth	118915917	17e1937257fb49c8da75048df3f615c7	pii/models/scrfd/armAG34/epochs/epoch_6.pth
runs/train/scrfd/armAG34/epochs/epoch_7.pth	/data/esteban/pii/runs/train/wd_armAG34/epoch_7.pth	118915917	bbb94e9e175df78cf79da592f678a8f6	pii/models/scrfd/armAG34/epochs/epoch_7.pth
runs/train/scrfd/armAG34/epochs/epoch_8.pth	/data/esteban/pii/runs/train/wd_armAG34/epoch_8.pth	118915917	5d0a018026c221f51832a8cd80d3402d	pii/models/scrfd/armAG34/epochs/epoch_8.pth
runs/train/scrfd/armAG34/epochs/epoch_9.pth	/data/esteban/pii/runs/train/wd_armAG34/epoch_9.pth	118915917	1832c594764a76a057b4001d06140291	pii/models/scrfd/armAG34/epochs/epoch_9.pth
runs/train/scrfd/armAG34/epochs/latest.pth	/data/esteban/pii/runs/train/wd_armAG34/latest.pth	-1	symlink:epoch_20.pth	
runs/train/scrfd/armAG34/onnx/armAG34_det34g.onnx	/data/esteban/pii/runs/train/armAG34_det34g.onnx	39427800	fe1721d8cc93b17dd82e6aabb33a5266	pii/models/scrfd/armAG34/onnx/armAG34_det34g.onnx
runs/train/scrfd/armAG34/run_arm.sh	/data/esteban/pii/runs/train/wd_armAG34/run_arm.sh	3614	ddc3592557023952f4de10cfb1e592cc	
runs/train/scrfd/armAG34/scrfd_armAG34.py	/data/esteban/pii/runs/train/wd_armAG34/scrfd_armAG34.py	8355	19f36697324371ae52590b70440cf87e	
runs/train/scrfd/armAG34/train.log	/data/esteban/pii/runs/train/wd_armAG34/train.log	232792	6f6477a334f14b5194cc73ac513f7017	pii/models/scrfd/armAG34/train.log
runs/train/scrfd/armAH34/20260918_235643.log	/data/esteban/pii/runs/train/wd_armAH34_fluence/20260918_235643.log	14833	6c20768a26d4bc38906fd5fa1d84c8a8	
runs/train/scrfd/armAH34/20260918_235643.log.json	/data/esteban/pii/runs/train/wd_armAH34_fluence/20260918_235643.log.json	12370	5ff0b255d8c8d6ed757c762ba6335d69	
runs/train/scrfd/armAH34/20260919_000052.log	/data/esteban/pii/runs/train/wd_armAH34_fluence/20260919_000052.log	402403	c5ad6eeb15c0ecc3622c222eb88a0d9f	
runs/train/scrfd/armAH34/20260919_000052.log.json	/data/esteban/pii/runs/train/wd_armAH34_fluence/20260919_000052.log.json	369354	b81a445344d84d35696e36922f366a4b	
runs/train/scrfd/armAH34/babysit.log	/data/esteban/pii/runs/train/wd_armAH34_fluence/babysit.log	635	11f2a0a751b0b8d7fe75bd3ae57b7559	
runs/train/scrfd/armAH34/epochs/epoch_1.pth	/data/esteban/pii/runs/train/wd_armAH34_fluence/epoch_1.pth	118915789	995c8a1038646fb92fe3d4d135641c8e	pii/models/scrfd/armAH34/epochs/epoch_1.pth
runs/train/scrfd/armAH34/epochs/epoch_10.pth	/data/esteban/pii/runs/train/wd_armAH34_fluence/epoch_10.pth	118915917	cbbcd00363a4a9daa44a08f21e3377e4	pii/models/scrfd/armAH34/epochs/epoch_10.pth
runs/train/scrfd/armAH34/epochs/epoch_11.pth	/data/esteban/pii/runs/train/wd_armAH34_fluence/epoch_11.pth	118915917	f484b860285f7b97963f4cd8e53d088c	pii/models/scrfd/armAH34/epochs/epoch_11.pth
runs/train/scrfd/armAH34/epochs/epoch_12.pth	/data/esteban/pii/runs/train/wd_armAH34_fluence/epoch_12.pth	118915917	cf3c9f0ae27352c2fb1fb0cd0180b1ea	pii/models/scrfd/armAH34/epochs/epoch_12.pth
runs/train/scrfd/armAH34/epochs/epoch_13.pth	/data/esteban/pii/runs/train/wd_armAH34_fluence/epoch_13.pth	118915917	a686d5db3a657230e3a4e337f0ef17c1	pii/models/scrfd/armAH34/epochs/epoch_13.pth
runs/train/scrfd/armAH34/epochs/epoch_14.pth	/data/esteban/pii/runs/train/wd_armAH34_fluence/epoch_14.pth	118915917	166dcc477a60bd8d3b6d00cf1636fee2	pii/models/scrfd/armAH34/epochs/epoch_14.pth
runs/train/scrfd/armAH34/epochs/epoch_15.pth	/data/esteban/pii/runs/train/wd_armAH34_fluence/epoch_15.pth	118915917	574d16c00d786d823b5ad6edbd47a494	pii/models/scrfd/armAH34/epochs/epoch_15.pth
runs/train/scrfd/armAH34/epochs/epoch_16.pth	/data/esteban/pii/runs/train/wd_armAH34_fluence/epoch_16.pth	118915917	0cd7b078fa8a095842274c40f3e4504c	pii/models/scrfd/armAH34/epochs/epoch_16.pth
runs/train/scrfd/armAH34/epochs/epoch_17.pth	/data/esteban/pii/runs/train/wd_armAH34_fluence/epoch_17.pth	118915917	85d64dfe305ef54bec8874114b21206d	pii/models/scrfd/armAH34/epochs/epoch_17.pth
runs/train/scrfd/armAH34/epochs/epoch_18.pth	/data/esteban/pii/runs/train/wd_armAH34_fluence/epoch_18.pth	118915917	87873c943a2cf290a0a1fdb8f7732d7f	pii/models/scrfd/armAH34/epochs/epoch_18.pth
runs/train/scrfd/armAH34/epochs/epoch_19.pth	/data/esteban/pii/runs/train/wd_armAH34_fluence/epoch_19.pth	118915917	583c9a417ed3780450e507af4b7f2172	pii/models/scrfd/armAH34/epochs/epoch_19.pth
runs/train/scrfd/armAH34/epochs/epoch_2.pth	/data/esteban/pii/runs/train/wd_armAH34_fluence/epoch_2.pth	118915917	27dde3ffba6487c6e1a46ba1ea929e56	pii/models/scrfd/armAH34/epochs/epoch_2.pth
runs/train/scrfd/armAH34/epochs/epoch_20.pth	/data/esteban/pii/runs/train/wd_armAH34_fluence/epoch_20.pth	118915917	1c8f2248ac112e22d2ebbadf9ff1dabd	pii/models/scrfd/armAH34/epochs/epoch_20.pth
runs/train/scrfd/armAH34/epochs/epoch_3.pth	/data/esteban/pii/runs/train/wd_armAH34_fluence/epoch_3.pth	118915917	98cedf0f435e64a93a15bc5042e41663	pii/models/scrfd/armAH34/epochs/epoch_3.pth
runs/train/scrfd/armAH34/epochs/epoch_4.pth	/data/esteban/pii/runs/train/wd_armAH34_fluence/epoch_4.pth	118915917	2bc93ad9fe42fa6c05c630036cf4c9c8	pii/models/scrfd/armAH34/epochs/epoch_4.pth
runs/train/scrfd/armAH34/epochs/epoch_5.pth	/data/esteban/pii/runs/train/wd_armAH34_fluence/epoch_5.pth	118915917	cb7e6ba9a55d8f6d3cc602a576e1c846	pii/models/scrfd/armAH34/epochs/epoch_5.pth
runs/train/scrfd/armAH34/epochs/epoch_6.pth	/data/esteban/pii/runs/train/wd_armAH34_fluence/epoch_6.pth	118915917	8885aef281809edd22527d9a1161492b	pii/models/scrfd/armAH34/epochs/epoch_6.pth
runs/train/scrfd/armAH34/epochs/epoch_7.pth	/data/esteban/pii/runs/train/wd_armAH34_fluence/epoch_7.pth	118915917	909e3c9568d5ecd05c82ab1747e44305	pii/models/scrfd/armAH34/epochs/epoch_7.pth
runs/train/scrfd/armAH34/epochs/epoch_8.pth	/data/esteban/pii/runs/train/wd_armAH34_fluence/epoch_8.pth	118915917	ba83d62211db3eabbaf5ad5f94968aa9	pii/models/scrfd/armAH34/epochs/epoch_8.pth
runs/train/scrfd/armAH34/epochs/epoch_9.pth	/data/esteban/pii/runs/train/wd_armAH34_fluence/epoch_9.pth	118915917	be05ccea2335c0ab946f495edccdfcae	pii/models/scrfd/armAH34/epochs/epoch_9.pth
runs/train/scrfd/armAH34/epochs/latest.pth	/data/esteban/pii/runs/train/wd_armAH34_fluence/latest.pth	-1	symlink:epoch_20.pth	
runs/train/scrfd/armAH34/onnx/armAH34_det34g.onnx	/data/esteban/pii/runs/train/armAH34_det34g.onnx	39427800	7e7b74973fae3c17d500f8557c303804	pii/models/scrfd/armAH34/onnx/armAH34_det34g.onnx
runs/train/scrfd/armAH34/scrfd_armAH34_fluence.py	/data/esteban/pii/runs/train/wd_armAH34_fluence/scrfd_armAH34_fluence.py	8376	8ef3c1af8a71a1f2391c13178b5137db	
runs/train/scrfd/armAH34/slurm-8574.err	/data/esteban/pii/runs/train/wd_armAH34_fluence/slurm-8574.err	0	d41d8cd98f00b204e9800998ecf8427e	
runs/train/scrfd/armAH34/slurm-8574.out	/data/esteban/pii/runs/train/wd_armAH34_fluence/slurm-8574.out	401	f74a92ce6968963b9879b27a5d539786	
runs/train/scrfd/armAH34/train.log	/data/esteban/pii/runs/train/wd_armAH34_fluence/train.log	448883	38f76c17a96ac90da93f914248545cdb	pii/models/scrfd/armAH34/train.log
runs/train/scrfd/armAI34/20260921_190436.log	fluence1:/mnt/cachefs/esteban/pii/runs/train/wd_armAI34_fluence/20260921_190436.log	1583565	ccdb494ee12bdcf15d581c6f649e354e	
runs/train/scrfd/armAI34/20260921_190436.log.json	fluence1:/mnt/cachefs/esteban/pii/runs/train/wd_armAI34_fluence/20260921_190436.log.json	1437808	73ed79d79d06a9b4670c50cabb596db7	
runs/train/scrfd/armAI34/babysit.log	fluence1:/mnt/cachefs/esteban/pii/runs/train/wd_armAI34_fluence/babysit.log	453	c96f2c2510f418662c9fe205c122e410	
runs/train/scrfd/armAI34/epochs/epoch_1.pth	/data/esteban/pii/runs/train/wd_armAI34_fluence/epoch_1.pth	118915789	e538c748580beaa9e0a102add3461254	pii/models/scrfd/armAI34/epochs/epoch_1.pth
runs/train/scrfd/armAI34/epochs/epoch_10.pth	/data/esteban/pii/runs/train/wd_armAI34_fluence/epoch_10.pth	118915853	07008c32fa8db7847e9a2c13a4185734	pii/models/scrfd/armAI34/epochs/epoch_10.pth
runs/train/scrfd/armAI34/epochs/epoch_11.pth	/data/esteban/pii/runs/train/wd_armAI34_fluence/epoch_11.pth	118915853	95ac82026ccbec773b0fd6781bfe1a74	pii/models/scrfd/armAI34/epochs/epoch_11.pth
runs/train/scrfd/armAI34/epochs/epoch_12.pth	/data/esteban/pii/runs/train/wd_armAI34_fluence/epoch_12.pth	118915853	9a9c2c6c225831219e6f314aaae62ef1	pii/models/scrfd/armAI34/epochs/epoch_12.pth
runs/train/scrfd/armAI34/epochs/epoch_13.pth	/data/esteban/pii/runs/train/wd_armAI34_fluence/epoch_13.pth	118915853	824a7279be7bf88e524b4626fc996390	pii/models/scrfd/armAI34/epochs/epoch_13.pth
runs/train/scrfd/armAI34/epochs/epoch_14.pth	/data/esteban/pii/runs/train/wd_armAI34_fluence/epoch_14.pth	118915853	bb32582c52d41989e60c6fffbd19693a	pii/models/scrfd/armAI34/epochs/epoch_14.pth
runs/train/scrfd/armAI34/epochs/epoch_15.pth	/data/esteban/pii/runs/train/wd_armAI34_fluence/epoch_15.pth	118915853	7a06de2fb249772de652ec89efdb4dc6	pii/models/scrfd/armAI34/epochs/epoch_15.pth
runs/train/scrfd/armAI34/epochs/epoch_16.pth	/data/esteban/pii/runs/train/wd_armAI34_fluence/epoch_16.pth	118915853	95c630c741b41ddbc70b3c71151e2eb8	pii/models/scrfd/armAI34/epochs/epoch_16.pth
runs/train/scrfd/armAI34/epochs/epoch_17.pth	/data/esteban/pii/runs/train/wd_armAI34_fluence/epoch_17.pth	118915853	1a448e82e523364c48c324c6f94f96c5	pii/models/scrfd/armAI34/epochs/epoch_17.pth
runs/train/scrfd/armAI34/epochs/epoch_18.pth	/data/esteban/pii/runs/train/wd_armAI34_fluence/epoch_18.pth	118915853	9f6ea54e412ef9240f3621827ecaf510	pii/models/scrfd/armAI34/epochs/epoch_18.pth
runs/train/scrfd/armAI34/epochs/epoch_19.pth	/data/esteban/pii/runs/train/wd_armAI34_fluence/epoch_19.pth	118915853	d800fbe6e18be507903401343bad3fd8	pii/models/scrfd/armAI34/epochs/epoch_19.pth
runs/train/scrfd/armAI34/epochs/epoch_2.pth	/data/esteban/pii/runs/train/wd_armAI34_fluence/epoch_2.pth	118915853	2723c6a3ca7292aa7a0d36b85ba04792	pii/models/scrfd/armAI34/epochs/epoch_2.pth
runs/train/scrfd/armAI34/epochs/epoch_20.pth	/data/esteban/pii/runs/train/wd_armAI34_fluence/epoch_20.pth	118915853	5526cdee7bb9dc36fee756deadcfdc12	pii/models/scrfd/armAI34/epochs/epoch_20.pth
runs/train/scrfd/armAI34/epochs/epoch_21.pth	/data/esteban/pii/runs/train/wd_armAI34_fluence/epoch_21.pth	118915853	72e7e1ab0a1fd746baadc8c1437a076e	pii/models/scrfd/armAI34/epochs/epoch_21.pth
runs/train/scrfd/armAI34/epochs/epoch_22.pth	/data/esteban/pii/runs/train/wd_armAI34_fluence/epoch_22.pth	118915853	4ed8561d86c63c5b3432b952bdeb390c	pii/models/scrfd/armAI34/epochs/epoch_22.pth
runs/train/scrfd/armAI34/epochs/epoch_23.pth	/data/esteban/pii/runs/train/wd_armAI34_fluence/epoch_23.pth	118915853	e9be4cd68e0b86546177e969c46c05f5	pii/models/scrfd/armAI34/epochs/epoch_23.pth
runs/train/scrfd/armAI34/epochs/epoch_24.pth	/data/esteban/pii/runs/train/wd_armAI34_fluence/epoch_24.pth	118915853	6e505443d2ec368dbdb8a12091e33e0d	pii/models/scrfd/armAI34/epochs/epoch_24.pth
runs/train/scrfd/armAI34/epochs/epoch_25.pth	/data/esteban/pii/runs/train/wd_armAI34_fluence/epoch_25.pth	118915853	0a303c33974830fa15d69f91c8a23c44	pii/models/scrfd/armAI34/epochs/epoch_25.pth
runs/train/scrfd/armAI34/epochs/epoch_26.pth	/data/esteban/pii/runs/train/wd_armAI34_fluence/epoch_26.pth	118915853	be99f5e455a5af7c03f433c6dd7ec07b	pii/models/scrfd/armAI34/epochs/epoch_26.pth
runs/train/scrfd/armAI34/epochs/epoch_27.pth	/data/esteban/pii/runs/train/wd_armAI34_fluence/epoch_27.pth	118915853	fe30852f23540354e74fb1a88863bca4	pii/models/scrfd/armAI34/epochs/epoch_27.pth
runs/train/scrfd/armAI34/epochs/epoch_28.pth	/data/esteban/pii/runs/train/wd_armAI34_fluence/epoch_28.pth	118915853	c808d92cacb3d062aa18954843931180	pii/models/scrfd/armAI34/epochs/epoch_28.pth
runs/train/scrfd/armAI34/epochs/epoch_29.pth	/data/esteban/pii/runs/train/wd_armAI34_fluence/epoch_29.pth	118915853	bd7936b35320098f1d28707dec535fd2	pii/models/scrfd/armAI34/epochs/epoch_29.pth
runs/train/scrfd/armAI34/epochs/epoch_3.pth	/data/esteban/pii/runs/train/wd_armAI34_fluence/epoch_3.pth	118915853	aeb5ac3665bc21910426dbd3067be198	pii/models/scrfd/armAI34/epochs/epoch_3.pth
runs/train/scrfd/armAI34/epochs/epoch_30.pth	/data/esteban/pii/runs/train/wd_armAI34_fluence/epoch_30.pth	118915853	4176224d0112420fe09c221bea3029e5	pii/models/scrfd/armAI34/epochs/epoch_30.pth
runs/train/scrfd/armAI34/epochs/epoch_31.pth	/data/esteban/pii/runs/train/wd_armAI34_fluence/epoch_31.pth	118915853	2557dd9ffe3916f9b7869d947c0093e0	pii/models/scrfd/armAI34/epochs/epoch_31.pth
runs/train/scrfd/armAI34/epochs/epoch_32.pth	/data/esteban/pii/runs/train/wd_armAI34_fluence/epoch_32.pth	118915853	c158e8284b66a52ab959540a9d5b0886	pii/models/scrfd/armAI34/epochs/epoch_32.pth
runs/train/scrfd/armAI34/epochs/epoch_33.pth	/data/esteban/pii/runs/train/wd_armAI34_fluence/epoch_33.pth	118915853	8b28f0db578ff553b59b10146e1cdf74	pii/models/scrfd/armAI34/epochs/epoch_33.pth
runs/train/scrfd/armAI34/epochs/epoch_34.pth	/data/esteban/pii/runs/train/wd_armAI34_fluence/epoch_34.pth	118915853	d8dfab20af97048b1e5736ba8b88c8ca	pii/models/scrfd/armAI34/epochs/epoch_34.pth
runs/train/scrfd/armAI34/epochs/epoch_35.pth	/data/esteban/pii/runs/train/wd_armAI34_fluence/epoch_35.pth	118915853	2dbb3a634c6c3476b7c473bc3c5ef68e	pii/models/scrfd/armAI34/epochs/epoch_35.pth
runs/train/scrfd/armAI34/epochs/epoch_36.pth	/data/esteban/pii/runs/train/wd_armAI34_fluence/epoch_36.pth	118915853	35df55109cdd709b65a9f7e349f8f907	pii/models/scrfd/armAI34/epochs/epoch_36.pth
runs/train/scrfd/armAI34/epochs/epoch_37.pth	/data/esteban/pii/runs/train/wd_armAI34_fluence/epoch_37.pth	118915853	6bcc413adc5537f52ac1f70b35b6b618	pii/models/scrfd/armAI34/epochs/epoch_37.pth
runs/train/scrfd/armAI34/epochs/epoch_38.pth	/data/esteban/pii/runs/train/wd_armAI34_fluence/epoch_38.pth	118915853	c9bba3e2127d3bebbb4ce009e4c12ca9	pii/models/scrfd/armAI34/epochs/epoch_38.pth
runs/train/scrfd/armAI34/epochs/epoch_39.pth	/data/esteban/pii/runs/train/wd_armAI34_fluence/epoch_39.pth	118915853	4a75351eeb584cf28d10f160ba523c23	pii/models/scrfd/armAI34/epochs/epoch_39.pth
runs/train/scrfd/armAI34/epochs/epoch_4.pth	/data/esteban/pii/runs/train/wd_armAI34_fluence/epoch_4.pth	118915853	3090e09a08089c7e034a52f82a642096	pii/models/scrfd/armAI34/epochs/epoch_4.pth
runs/train/scrfd/armAI34/epochs/epoch_40.pth	/data/esteban/pii/runs/train/wd_armAI34_fluence/epoch_40.pth	118915853	8d9f7374801f3cccaf55c9bdd9e8710c	pii/models/scrfd/armAI34/epochs/epoch_40.pth
runs/train/scrfd/armAI34/epochs/epoch_41.pth	/data/esteban/pii/runs/train/wd_armAI34_fluence/epoch_41.pth	118915853	159b22ecf4c3a4b9b070b24e27f348d2	pii/models/scrfd/armAI34/epochs/epoch_41.pth
runs/train/scrfd/armAI34/epochs/epoch_42.pth	/data/esteban/pii/runs/train/wd_armAI34_fluence/epoch_42.pth	118915853	f53e67b197706c6bdce075491c2781b6	pii/models/scrfd/armAI34/epochs/epoch_42.pth
runs/train/scrfd/armAI34/epochs/epoch_43.pth	/data/esteban/pii/runs/train/wd_armAI34_fluence/epoch_43.pth	118915853	fa22ea820f315aac2b26840c5d4b99b7	pii/models/scrfd/armAI34/epochs/epoch_43.pth
runs/train/scrfd/armAI34/epochs/epoch_44.pth	/data/esteban/pii/runs/train/wd_armAI34_fluence/epoch_44.pth	118915853	237a9889f65639213d826e4553a19259	pii/models/scrfd/armAI34/epochs/epoch_44.pth
runs/train/scrfd/armAI34/epochs/epoch_45.pth	/data/esteban/pii/runs/train/wd_armAI34_fluence/epoch_45.pth	118915853	5496936a20d0320b8da432421c1655be	pii/models/scrfd/armAI34/epochs/epoch_45.pth
runs/train/scrfd/armAI34/epochs/epoch_46.pth	/data/esteban/pii/runs/train/wd_armAI34_fluence/epoch_46.pth	118915853	f1638d774b71fb5f6ace07438406506f	pii/models/scrfd/armAI34/epochs/epoch_46.pth
runs/train/scrfd/armAI34/epochs/epoch_47.pth	/data/esteban/pii/runs/train/wd_armAI34_fluence/epoch_47.pth	118915853	15be6af5d8cdcc24fc677929c76f3494	pii/models/scrfd/armAI34/epochs/epoch_47.pth
runs/train/scrfd/armAI34/epochs/epoch_48.pth	/data/esteban/pii/runs/train/wd_armAI34_fluence/epoch_48.pth	118915853	b07e79f1f21a8763bc8fa36dca30275f	pii/models/scrfd/armAI34/epochs/epoch_48.pth
runs/train/scrfd/armAI34/epochs/epoch_49.pth	/data/esteban/pii/runs/train/wd_armAI34_fluence/epoch_49.pth	118915853	d8bdcf10575c6854d9be69f80b3b8983	pii/models/scrfd/armAI34/epochs/epoch_49.pth
runs/train/scrfd/armAI34/epochs/epoch_5.pth	/data/esteban/pii/runs/train/wd_armAI34_fluence/epoch_5.pth	118915853	2a74f317cf9821de5a32978908cb3f19	pii/models/scrfd/armAI34/epochs/epoch_5.pth
runs/train/scrfd/armAI34/epochs/epoch_50.pth	/data/esteban/pii/runs/train/wd_armAI34_fluence/epoch_50.pth	118915853	ce18da79637623d952fb7e048e50832a	pii/models/scrfd/armAI34/epochs/epoch_50.pth
runs/train/scrfd/armAI34/epochs/epoch_51.pth	/data/esteban/pii/runs/train/wd_armAI34_fluence/epoch_51.pth	118915853	943b648bd37b9f1ca0a70df9b78707d1	pii/models/scrfd/armAI34/epochs/epoch_51.pth
runs/train/scrfd/armAI34/epochs/epoch_52.pth	/data/esteban/pii/runs/train/wd_armAI34_fluence/epoch_52.pth	118915853	1bfc94859a3b0b3ee63063319f446f17	pii/models/scrfd/armAI34/epochs/epoch_52.pth
runs/train/scrfd/armAI34/epochs/epoch_53.pth	/data/esteban/pii/runs/train/wd_armAI34_fluence/epoch_53.pth	118915853	4c61cd432a5449ddc1d8c4fd67080187	pii/models/scrfd/armAI34/epochs/epoch_53.pth
runs/train/scrfd/armAI34/epochs/epoch_54.pth	/data/esteban/pii/runs/train/wd_armAI34_fluence/epoch_54.pth	118915853	b790374b10984b7bb4e3c91839368612	pii/models/scrfd/armAI34/epochs/epoch_54.pth
runs/train/scrfd/armAI34/epochs/epoch_55.pth	/data/esteban/pii/runs/train/wd_armAI34_fluence/epoch_55.pth	118915853	f313e962e073dca30b3c991a23bec324	pii/models/scrfd/armAI34/epochs/epoch_55.pth
runs/train/scrfd/armAI34/epochs/epoch_56.pth	/data/esteban/pii/runs/train/wd_armAI34_fluence/epoch_56.pth	118915853	b33aa801aa20a93eade546cde0ae6fac	pii/models/scrfd/armAI34/epochs/epoch_56.pth
runs/train/scrfd/armAI34/epochs/epoch_57.pth	/data/esteban/pii/runs/train/wd_armAI34_fluence/epoch_57.pth	118915853	b9af21596eb244feb92ea3eeae9a57c5	pii/models/scrfd/armAI34/epochs/epoch_57.pth
runs/train/scrfd/armAI34/epochs/epoch_58.pth	/data/esteban/pii/runs/train/wd_armAI34_fluence/epoch_58.pth	118915853	97bac131ae2d1910d9a1c2d1d9acfe80	pii/models/scrfd/armAI34/epochs/epoch_58.pth
runs/train/scrfd/armAI34/epochs/epoch_59.pth	/data/esteban/pii/runs/train/wd_armAI34_fluence/epoch_59.pth	118915853	0cd6d65ad5119da03e39352f4b0a5cbf	pii/models/scrfd/armAI34/epochs/epoch_59.pth
runs/train/scrfd/armAI34/epochs/epoch_6.pth	/data/esteban/pii/runs/train/wd_armAI34_fluence/epoch_6.pth	118915853	bf9590fad175704435c1460a68399d74	pii/models/scrfd/armAI34/epochs/epoch_6.pth
runs/train/scrfd/armAI34/epochs/epoch_60.pth	/data/esteban/pii/runs/train/wd_armAI34_fluence/epoch_60.pth	118915853	9c172c954e0941828b8718363585629c	pii/models/scrfd/armAI34/epochs/epoch_60.pth
runs/train/scrfd/armAI34/epochs/epoch_61.pth	/data/esteban/pii/runs/train/wd_armAI34_fluence/epoch_61.pth	118915853	2b44087e7ea51e421e5d59a52df01925	pii/models/scrfd/armAI34/epochs/epoch_61.pth
runs/train/scrfd/armAI34/epochs/epoch_62.pth	/data/esteban/pii/runs/train/wd_armAI34_fluence/epoch_62.pth	118915853	d0a89e1379d0f820bd4fcd702527d34d	pii/models/scrfd/armAI34/epochs/epoch_62.pth
runs/train/scrfd/armAI34/epochs/epoch_63.pth	/data/esteban/pii/runs/train/wd_armAI34_fluence/epoch_63.pth	118915853	78b7d655c9e47ee4eacf6a89936b517c	pii/models/scrfd/armAI34/epochs/epoch_63.pth
runs/train/scrfd/armAI34/epochs/epoch_64.pth	/data/esteban/pii/runs/train/wd_armAI34_fluence/epoch_64.pth	118915853	74f6b27efc8e53fdd611a3878cfbe0b8	pii/models/scrfd/armAI34/epochs/epoch_64.pth
runs/train/scrfd/armAI34/epochs/epoch_65.pth	/data/esteban/pii/runs/train/wd_armAI34_fluence/epoch_65.pth	118915853	aba5ba8a20fdc24aa0d62fbae9d4212c	pii/models/scrfd/armAI34/epochs/epoch_65.pth
runs/train/scrfd/armAI34/epochs/epoch_66.pth	/data/esteban/pii/runs/train/wd_armAI34_fluence/epoch_66.pth	118915853	2bbaeefdcdaed909c805b8b72a2899ef	pii/models/scrfd/armAI34/epochs/epoch_66.pth
runs/train/scrfd/armAI34/epochs/epoch_67.pth	/data/esteban/pii/runs/train/wd_armAI34_fluence/epoch_67.pth	118915853	b67c72390496e3fc65c6cdec5f12e90f	pii/models/scrfd/armAI34/epochs/epoch_67.pth
runs/train/scrfd/armAI34/epochs/epoch_68.pth	/data/esteban/pii/runs/train/wd_armAI34_fluence/epoch_68.pth	118915853	d2c927a7d41dfd7a2c6c134d82d31aea	pii/models/scrfd/armAI34/epochs/epoch_68.pth
runs/train/scrfd/armAI34/epochs/epoch_69.pth	/data/esteban/pii/runs/train/wd_armAI34_fluence/epoch_69.pth	118915853	ad5f9fce4d5425ef155ca48f64e9fe21	pii/models/scrfd/armAI34/epochs/epoch_69.pth
runs/train/scrfd/armAI34/epochs/epoch_7.pth	/data/esteban/pii/runs/train/wd_armAI34_fluence/epoch_7.pth	118915853	49b5de50978a04791861211fb9c5706e	pii/models/scrfd/armAI34/epochs/epoch_7.pth
runs/train/scrfd/armAI34/epochs/epoch_70.pth	/data/esteban/pii/runs/train/wd_armAI34_fluence/epoch_70.pth	118915853	17e424f340fb7dfd7c6d3064635812b2	pii/models/scrfd/armAI34/epochs/epoch_70.pth
runs/train/scrfd/armAI34/epochs/epoch_71.pth	/data/esteban/pii/runs/train/wd_armAI34_fluence/epoch_71.pth	118915853	9176bb46e6d3f2d2eff41d15a47c71a5	pii/models/scrfd/armAI34/epochs/epoch_71.pth
runs/train/scrfd/armAI34/epochs/epoch_72.pth	/data/esteban/pii/runs/train/wd_armAI34_fluence/epoch_72.pth	118915853	fc06f9121968083baa2494b6bd7cafeb	pii/models/scrfd/armAI34/epochs/epoch_72.pth
runs/train/scrfd/armAI34/epochs/epoch_73.pth	/data/esteban/pii/runs/train/wd_armAI34_fluence/epoch_73.pth	118915853	85f94270ec662e1d90a4e77345212100	pii/models/scrfd/armAI34/epochs/epoch_73.pth
runs/train/scrfd/armAI34/epochs/epoch_74.pth	/data/esteban/pii/runs/train/wd_armAI34_fluence/epoch_74.pth	118915853	c03dbef424442ef31949c0787af65abd	pii/models/scrfd/armAI34/epochs/epoch_74.pth
runs/train/scrfd/armAI34/epochs/epoch_75.pth	/data/esteban/pii/runs/train/wd_armAI34_fluence/epoch_75.pth	118915853	f911c9453c859d5a1a195cd3c0abdb3c	pii/models/scrfd/armAI34/epochs/epoch_75.pth
runs/train/scrfd/armAI34/epochs/epoch_76.pth	/data/esteban/pii/runs/train/wd_armAI34_fluence/epoch_76.pth	118915853	96847096a6065869bc4c991f1a159c5e	pii/models/scrfd/armAI34/epochs/epoch_76.pth
runs/train/scrfd/armAI34/epochs/epoch_77.pth	/data/esteban/pii/runs/train/wd_armAI34_fluence/epoch_77.pth	118915853	b090d90c26e75df67fcdc155fa4f03a4	pii/models/scrfd/armAI34/epochs/epoch_77.pth
runs/train/scrfd/armAI34/epochs/epoch_78.pth	/data/esteban/pii/runs/train/wd_armAI34_fluence/epoch_78.pth	118915853	6faeba22870b16813e6b87564a611b1d	pii/models/scrfd/armAI34/epochs/epoch_78.pth
runs/train/scrfd/armAI34/epochs/epoch_79.pth	/data/esteban/pii/runs/train/wd_armAI34_fluence/epoch_79.pth	118915853	78849e40887efbe3d14c35bf0f467ca7	pii/models/scrfd/armAI34/epochs/epoch_79.pth
runs/train/scrfd/armAI34/epochs/epoch_8.pth	/data/esteban/pii/runs/train/wd_armAI34_fluence/epoch_8.pth	118915853	bd542da770aafaac12f6e40981f64a09	pii/models/scrfd/armAI34/epochs/epoch_8.pth
runs/train/scrfd/armAI34/epochs/epoch_80.pth	/data/esteban/pii/runs/train/wd_armAI34_fluence/epoch_80.pth	118915853	3931162ad224ff1c671ee09d121a1ba0	pii/models/scrfd/armAI34/epochs/epoch_80.pth
runs/train/scrfd/armAI34/epochs/epoch_9.pth	/data/esteban/pii/runs/train/wd_armAI34_fluence/epoch_9.pth	118915853	b9a25edf83a94c018a7727ce40a27780	pii/models/scrfd/armAI34/epochs/epoch_9.pth
runs/train/scrfd/armAI34/epochs/latest.pth	fluence1:/mnt/cachefs/esteban/pii/runs/train/wd_armAI34_fluence/latest.pth	-1	symlink:epoch_80.pth	
runs/train/scrfd/armAI34/onnx/armAI34_det34g.onnx	/data/esteban/pii/runs/train/armAI34_det34g.onnx	39426870	5b3a38db50c0b0c6668b32cd51c37365	pii/models/scrfd/armAI34/onnx/armAI34_det34g.onnx
runs/train/scrfd/armAI34/onnx/armAI34_e10_det34g.onnx	/data/esteban/pii/runs/train/armAI34_e10_det34g.onnx	39426870	3a03e245b19c9a3cb4cc400248f4eb47	pii/models/scrfd/armAI34/onnx/armAI34_e10_det34g.onnx
runs/train/scrfd/armAI34/onnx/armAI34_e11_det34g.onnx	/data/esteban/pii/runs/train/armAI34_e11_det34g.onnx	39426870	3f2363669eb9cb9c63db132259648c95	pii/models/scrfd/armAI34/onnx/armAI34_e11_det34g.onnx
runs/train/scrfd/armAI34/onnx/armAI34_e12_det34g.onnx	/data/esteban/pii/runs/train/armAI34_e12_det34g.onnx	39426870	e9a227dc3818cc2774b159a9cec13d5c	pii/models/scrfd/armAI34/onnx/armAI34_e12_det34g.onnx
runs/train/scrfd/armAI34/onnx/armAI34_e13_det34g.onnx	/data/esteban/pii/runs/train/armAI34_e13_det34g.onnx	39426870	87019eb3974085cde79b53cd73a2f7ab	pii/models/scrfd/armAI34/onnx/armAI34_e13_det34g.onnx
runs/train/scrfd/armAI34/onnx/armAI34_e14_det34g.onnx	/data/esteban/pii/runs/train/armAI34_e14_det34g.onnx	39426870	9747de71ae145f6dc73c2d1c31d17cee	pii/models/scrfd/armAI34/onnx/armAI34_e14_det34g.onnx
runs/train/scrfd/armAI34/onnx/armAI34_e15_det34g.onnx	/data/esteban/pii/runs/train/armAI34_e15_det34g.onnx	39426870	e1cec0c0ba6d43cf3cb50fd95ac5c305	pii/models/scrfd/armAI34/onnx/armAI34_e15_det34g.onnx
runs/train/scrfd/armAI34/onnx/armAI34_e16_det34g.onnx	/data/esteban/pii/runs/train/armAI34_e16_det34g.onnx	39426870	39530f69fa79b6e837cf5b1e7d54b462	pii/models/scrfd/armAI34/onnx/armAI34_e16_det34g.onnx
runs/train/scrfd/armAI34/onnx/armAI34_e17_det34g.onnx	/data/esteban/pii/runs/train/armAI34_e17_det34g.onnx	39426870	72a1c4b84d4822f42cbe157a30d5a0cd	pii/models/scrfd/armAI34/onnx/armAI34_e17_det34g.onnx
runs/train/scrfd/armAI34/onnx/armAI34_e18_det34g.onnx	/data/esteban/pii/runs/train/armAI34_e18_det34g.onnx	39426870	de15112109e5d3f0cf5dbb7099dbd0fc	pii/models/scrfd/armAI34/onnx/armAI34_e18_det34g.onnx
runs/train/scrfd/armAI34/onnx/armAI34_e19_det34g.onnx	/data/esteban/pii/runs/train/armAI34_e19_det34g.onnx	39426870	c2694e5dd3d8bf6f13575e3fb20e6976	pii/models/scrfd/armAI34/onnx/armAI34_e19_det34g.onnx
runs/train/scrfd/armAI34/onnx/armAI34_e1_det34g.onnx	/data/esteban/pii/runs/train/armAI34_e1_det34g.onnx	39426870	d3e1aa848cce07de12c314eb4bb85ef7	pii/models/scrfd/armAI34/onnx/armAI34_e1_det34g.onnx
runs/train/scrfd/armAI34/onnx/armAI34_e20_det34g.onnx	/data/esteban/pii/runs/train/armAI34_e20_det34g.onnx	39426870	e1f06eb45fb5345c606d903ba780fc89	pii/models/scrfd/armAI34/onnx/armAI34_e20_det34g.onnx
runs/train/scrfd/armAI34/onnx/armAI34_e21_det34g.onnx	/data/esteban/pii/runs/train/armAI34_e21_det34g.onnx	39426870	758bddfde5beb988dbad56dad655913b	pii/models/scrfd/armAI34/onnx/armAI34_e21_det34g.onnx
runs/train/scrfd/armAI34/onnx/armAI34_e22_det34g.onnx	/data/esteban/pii/runs/train/armAI34_e22_det34g.onnx	39426870	044e0a9e15178437c32f40dc22b27462	pii/models/scrfd/armAI34/onnx/armAI34_e22_det34g.onnx
runs/train/scrfd/armAI34/onnx/armAI34_e23_det34g.onnx	/data/esteban/pii/runs/train/armAI34_e23_det34g.onnx	39426870	2b01ef8e2d5e2422e4912155b41e1bca	pii/models/scrfd/armAI34/onnx/armAI34_e23_det34g.onnx
runs/train/scrfd/armAI34/onnx/armAI34_e24_det34g.onnx	/data/esteban/pii/runs/train/armAI34_e24_det34g.onnx	39426870	b4246b9aa87f2b229fb3cdf76b0a62ec	pii/models/scrfd/armAI34/onnx/armAI34_e24_det34g.onnx
runs/train/scrfd/armAI34/onnx/armAI34_e25_det34g.onnx	/data/esteban/pii/runs/train/armAI34_e25_det34g.onnx	39426870	7380c8b225a9b441898dc65fc6932c03	pii/models/scrfd/armAI34/onnx/armAI34_e25_det34g.onnx
runs/train/scrfd/armAI34/onnx/armAI34_e26_det34g.onnx	/data/esteban/pii/runs/train/armAI34_e26_det34g.onnx	39426870	0ba6eb472e32120b2a034150addc0db2	pii/models/scrfd/armAI34/onnx/armAI34_e26_det34g.onnx
runs/train/scrfd/armAI34/onnx/armAI34_e27_det34g.onnx	/data/esteban/pii/runs/train/armAI34_e27_det34g.onnx	39426870	14d7864c81ee42b7334d4ecb43ddf9af	pii/models/scrfd/armAI34/onnx/armAI34_e27_det34g.onnx
runs/train/scrfd/armAI34/onnx/armAI34_e28_det34g.onnx	/data/esteban/pii/runs/train/armAI34_e28_det34g.onnx	39426870	465aadebadcd2e4b678e697540f26c4d	pii/models/scrfd/armAI34/onnx/armAI34_e28_det34g.onnx
runs/train/scrfd/armAI34/onnx/armAI34_e29_det34g.onnx	/data/esteban/pii/runs/train/armAI34_e29_det34g.onnx	39426870	e9ae689bff44087dfc240c58742b8459	pii/models/scrfd/armAI34/onnx/armAI34_e29_det34g.onnx
runs/train/scrfd/armAI34/onnx/armAI34_e2_det34g.onnx	/data/esteban/pii/runs/train/armAI34_e2_det34g.onnx	39426870	67f7da12310752455817f55bfa070421	pii/models/scrfd/armAI34/onnx/armAI34_e2_det34g.onnx
runs/train/scrfd/armAI34/onnx/armAI34_e30_det34g.onnx	/data/esteban/pii/runs/train/armAI34_e30_det34g.onnx	39426870	50a79487475e3d3cda1115bde086e1a4	pii/models/scrfd/armAI34/onnx/armAI34_e30_det34g.onnx
runs/train/scrfd/armAI34/onnx/armAI34_e31_det34g.onnx	/data/esteban/pii/runs/train/armAI34_e31_det34g.onnx	39426870	35ece3b6c3a0b13992af2a939e5b1296	pii/models/scrfd/armAI34/onnx/armAI34_e31_det34g.onnx
runs/train/scrfd/armAI34/onnx/armAI34_e32_det34g.onnx	/data/esteban/pii/runs/train/armAI34_e32_det34g.onnx	39426870	2bca3082d16173ca282300f3729e893e	pii/models/scrfd/armAI34/onnx/armAI34_e32_det34g.onnx
runs/train/scrfd/armAI34/onnx/armAI34_e33_det34g.onnx	/data/esteban/pii/runs/train/armAI34_e33_det34g.onnx	39426870	82953ea7374ffa47f4f62a10206a5554	pii/models/scrfd/armAI34/onnx/armAI34_e33_det34g.onnx
runs/train/scrfd/armAI34/onnx/armAI34_e34_det34g.onnx	/data/esteban/pii/runs/train/armAI34_e34_det34g.onnx	39426870	19ffbcd193ea685c25c047fd912f8bb5	pii/models/scrfd/armAI34/onnx/armAI34_e34_det34g.onnx
runs/train/scrfd/armAI34/onnx/armAI34_e35_det34g.onnx	/data/esteban/pii/runs/train/armAI34_e35_det34g.onnx	39426870	e5c33aba2b1cff9df3a01894f0e7d9ba	pii/models/scrfd/armAI34/onnx/armAI34_e35_det34g.onnx
runs/train/scrfd/armAI34/onnx/armAI34_e36_det34g.onnx	/data/esteban/pii/runs/train/armAI34_e36_det34g.onnx	39426870	34f7f58230188dea605da50eb1484411	pii/models/scrfd/armAI34/onnx/armAI34_e36_det34g.onnx
runs/train/scrfd/armAI34/onnx/armAI34_e37_det34g.onnx	/data/esteban/pii/runs/train/armAI34_e37_det34g.onnx	39426870	05499f4d6ed9e5c2d11ec45fda23b90f	pii/models/scrfd/armAI34/onnx/armAI34_e37_det34g.onnx
runs/train/scrfd/armAI34/onnx/armAI34_e38_det34g.onnx	/data/esteban/pii/runs/train/armAI34_e38_det34g.onnx	39426870	5461fa3c2e6ca51e2ff253be8c5e508f	pii/models/scrfd/armAI34/onnx/armAI34_e38_det34g.onnx
runs/train/scrfd/armAI34/onnx/armAI34_e39_det34g.onnx	/data/esteban/pii/runs/train/armAI34_e39_det34g.onnx	39426870	9b21baf36316df46c0f959616dc9b58c	pii/models/scrfd/armAI34/onnx/armAI34_e39_det34g.onnx
runs/train/scrfd/armAI34/onnx/armAI34_e3_det34g.onnx	/data/esteban/pii/runs/train/armAI34_e3_det34g.onnx	39426870	a2ef5d28d045466f5066e75528ad1c74	pii/models/scrfd/armAI34/onnx/armAI34_e3_det34g.onnx
runs/train/scrfd/armAI34/onnx/armAI34_e40_det34g.onnx	/data/esteban/pii/runs/train/armAI34_e40_det34g.onnx	39426870	3eff147575ca41a9af04d0b5fe7e1446	pii/models/scrfd/armAI34/onnx/armAI34_e40_det34g.onnx
runs/train/scrfd/armAI34/onnx/armAI34_e41_det34g.onnx	/data/esteban/pii/runs/train/armAI34_e41_det34g.onnx	39426870	dd57193c8111c1c4d15228c8db289c70	pii/models/scrfd/armAI34/onnx/armAI34_e41_det34g.onnx
runs/train/scrfd/armAI34/onnx/armAI34_e42_det34g.onnx	/data/esteban/pii/runs/train/armAI34_e42_det34g.onnx	39426870	3744765c4993ddfc3b3ba84df2287ced	pii/models/scrfd/armAI34/onnx/armAI34_e42_det34g.onnx
runs/train/scrfd/armAI34/onnx/armAI34_e43_det34g.onnx	/data/esteban/pii/runs/train/armAI34_e43_det34g.onnx	39426870	6a3afbe5193f4e00eabef4523933edfd	pii/models/scrfd/armAI34/onnx/armAI34_e43_det34g.onnx
runs/train/scrfd/armAI34/onnx/armAI34_e44_det34g.onnx	/data/esteban/pii/runs/train/armAI34_e44_det34g.onnx	39426870	87fcca9ce2a92332fb90d644f1cec204	pii/models/scrfd/armAI34/onnx/armAI34_e44_det34g.onnx
runs/train/scrfd/armAI34/onnx/armAI34_e45_det34g.onnx	/data/esteban/pii/runs/train/armAI34_e45_det34g.onnx	39426870	3516838a316851f54bb6efad3ff0de77	pii/models/scrfd/armAI34/onnx/armAI34_e45_det34g.onnx
runs/train/scrfd/armAI34/onnx/armAI34_e46_det34g.onnx	/data/esteban/pii/runs/train/armAI34_e46_det34g.onnx	39426870	0f91fe97a169dc15933f1c92c72670ba	pii/models/scrfd/armAI34/onnx/armAI34_e46_det34g.onnx
runs/train/scrfd/armAI34/onnx/armAI34_e47_det34g.onnx	/data/esteban/pii/runs/train/armAI34_e47_det34g.onnx	39426870	dc8218a651d033da31a518c864f8435d	pii/models/scrfd/armAI34/onnx/armAI34_e47_det34g.onnx
runs/train/scrfd/armAI34/onnx/armAI34_e48_det34g.onnx	/data/esteban/pii/runs/train/armAI34_e48_det34g.onnx	39426870	04525a88df484b82581481375cd0f32c	pii/models/scrfd/armAI34/onnx/armAI34_e48_det34g.onnx
runs/train/scrfd/armAI34/onnx/armAI34_e49_det34g.onnx	/data/esteban/pii/runs/train/armAI34_e49_det34g.onnx	39426870	c24983f0d81352ef7cdf2801cb9a3e67	pii/models/scrfd/armAI34/onnx/armAI34_e49_det34g.onnx
runs/train/scrfd/armAI34/onnx/armAI34_e4_det34g.onnx	/data/esteban/pii/runs/train/armAI34_e4_det34g.onnx	39426870	240746c43dee9f192be3964240c6cb08	pii/models/scrfd/armAI34/onnx/armAI34_e4_det34g.onnx
runs/train/scrfd/armAI34/onnx/armAI34_e50_det34g.onnx	/data/esteban/pii/runs/train/armAI34_e50_det34g.onnx	39426870	a2e2b2114e9a3b5fd510f8fa2baa0abc	pii/models/scrfd/armAI34/onnx/armAI34_e50_det34g.onnx
runs/train/scrfd/armAI34/onnx/armAI34_e51_det34g.onnx	/data/esteban/pii/runs/train/armAI34_e51_det34g.onnx	39426870	e2e88772cbbca016850f5e88a3447748	pii/models/scrfd/armAI34/onnx/armAI34_e51_det34g.onnx
runs/train/scrfd/armAI34/onnx/armAI34_e52_det34g.onnx	/data/esteban/pii/runs/train/armAI34_e52_det34g.onnx	39426870	ff24a72c56e3e76c45498a4c18f0c544	pii/models/scrfd/armAI34/onnx/armAI34_e52_det34g.onnx
runs/train/scrfd/armAI34/onnx/armAI34_e53_det34g.onnx	/data/esteban/pii/runs/train/armAI34_e53_det34g.onnx	39426870	177d6f7310177bd52ea665ddbdcd629d	pii/models/scrfd/armAI34/onnx/armAI34_e53_det34g.onnx
runs/train/scrfd/armAI34/onnx/armAI34_e54_det34g.onnx	/data/esteban/pii/runs/train/armAI34_e54_det34g.onnx	39426870	2c01704492259ecf1998c48e0d1dcf0c	pii/models/scrfd/armAI34/onnx/armAI34_e54_det34g.onnx
runs/train/scrfd/armAI34/onnx/armAI34_e55_det34g.onnx	/data/esteban/pii/runs/train/armAI34_e55_det34g.onnx	39426870	98b866b9397190518aee148f49ab9500	pii/models/scrfd/armAI34/onnx/armAI34_e55_det34g.onnx
runs/train/scrfd/armAI34/onnx/armAI34_e56_det34g.onnx	/data/esteban/pii/runs/train/armAI34_e56_det34g.onnx	39426870	7a2ead629ba62cbf57c62dff74cbc918	pii/models/scrfd/armAI34/onnx/armAI34_e56_det34g.onnx
runs/train/scrfd/armAI34/onnx/armAI34_e57_det34g.onnx	/data/esteban/pii/runs/train/armAI34_e57_det34g.onnx	39426870	b0132c8610545ea73142607a1be56386	pii/models/scrfd/armAI34/onnx/armAI34_e57_det34g.onnx
runs/train/scrfd/armAI34/onnx/armAI34_e58_det34g.onnx	/data/esteban/pii/runs/train/armAI34_e58_det34g.onnx	39426870	2201902c67152722d6320e5fa4b9540c	pii/models/scrfd/armAI34/onnx/armAI34_e58_det34g.onnx
runs/train/scrfd/armAI34/onnx/armAI34_e59_det34g.onnx	/data/esteban/pii/runs/train/armAI34_e59_det34g.onnx	39426870	4627d83b96d82c605a1da2a0b8db7eb7	pii/models/scrfd/armAI34/onnx/armAI34_e59_det34g.onnx
runs/train/scrfd/armAI34/onnx/armAI34_e5_det34g.onnx	/data/esteban/pii/runs/train/armAI34_e5_det34g.onnx	39426870	db41770d8dbe292eb36bc33152e10e08	pii/models/scrfd/armAI34/onnx/armAI34_e5_det34g.onnx
runs/train/scrfd/armAI34/onnx/armAI34_e60_det34g.onnx	/data/esteban/pii/runs/train/armAI34_e60_det34g.onnx	39426870	f2d2248cd92b282b684afd0a0439d9e7	pii/models/scrfd/armAI34/onnx/armAI34_e60_det34g.onnx
runs/train/scrfd/armAI34/onnx/armAI34_e61_det34g.onnx	/data/esteban/pii/runs/train/armAI34_e61_det34g.onnx	39426870	f0a351fc049f90cb0844af91cd46ba4c	pii/models/scrfd/armAI34/onnx/armAI34_e61_det34g.onnx
runs/train/scrfd/armAI34/onnx/armAI34_e62_det34g.onnx	/data/esteban/pii/runs/train/armAI34_e62_det34g.onnx	39426870	939baf7bd62d0403c51d3b7da1a31650	pii/models/scrfd/armAI34/onnx/armAI34_e62_det34g.onnx
runs/train/scrfd/armAI34/onnx/armAI34_e63_det34g.onnx	/data/esteban/pii/runs/train/armAI34_e63_det34g.onnx	39426870	beb77f41cd8a9d490cd5832a36190d4b	pii/models/scrfd/armAI34/onnx/armAI34_e63_det34g.onnx
runs/train/scrfd/armAI34/onnx/armAI34_e64_det34g.onnx	/data/esteban/pii/runs/train/armAI34_e64_det34g.onnx	39426870	f5c7ad48af18a30acb8dbac41e15885a	pii/models/scrfd/armAI34/onnx/armAI34_e64_det34g.onnx
runs/train/scrfd/armAI34/onnx/armAI34_e65_det34g.onnx	/data/esteban/pii/runs/train/armAI34_e65_det34g.onnx	39426870	25e58a190f4e4cecf184fba9fbc3bce7	pii/models/scrfd/armAI34/onnx/armAI34_e65_det34g.onnx
runs/train/scrfd/armAI34/onnx/armAI34_e66_det34g.onnx	/data/esteban/pii/runs/train/armAI34_e66_det34g.onnx	39426870	3957a63cc9ca2cad12ec942740f42816	pii/models/scrfd/armAI34/onnx/armAI34_e66_det34g.onnx
runs/train/scrfd/armAI34/onnx/armAI34_e67_det34g.onnx	/data/esteban/pii/runs/train/armAI34_e67_det34g.onnx	39426870	aff27e23fc744af2bef0e000b2fc80d1	pii/models/scrfd/armAI34/onnx/armAI34_e67_det34g.onnx
runs/train/scrfd/armAI34/onnx/armAI34_e68_det34g.onnx	/data/esteban/pii/runs/train/armAI34_e68_det34g.onnx	39426870	3fc05b584045b04fa65169e3ab3bba9e	pii/models/scrfd/armAI34/onnx/armAI34_e68_det34g.onnx
runs/train/scrfd/armAI34/onnx/armAI34_e69_det34g.onnx	/data/esteban/pii/runs/train/armAI34_e69_det34g.onnx	39426870	334561ed8a352f58d2c48ff32048de99	pii/models/scrfd/armAI34/onnx/armAI34_e69_det34g.onnx
runs/train/scrfd/armAI34/onnx/armAI34_e6_det34g.onnx	/data/esteban/pii/runs/train/armAI34_e6_det34g.onnx	39426870	3142a9489b6495137c5a80ee1f8e9e58	pii/models/scrfd/armAI34/onnx/armAI34_e6_det34g.onnx
runs/train/scrfd/armAI34/onnx/armAI34_e70_det34g.onnx	/data/esteban/pii/runs/train/armAI34_e70_det34g.onnx	39426870	9eec0083795ccc6d58edb040f6b78048	pii/models/scrfd/armAI34/onnx/armAI34_e70_det34g.onnx
runs/train/scrfd/armAI34/onnx/armAI34_e71_det34g.onnx	/data/esteban/pii/runs/train/armAI34_e71_det34g.onnx	39426870	502160c5980711fb7860ce24ed0facb0	pii/models/scrfd/armAI34/onnx/armAI34_e71_det34g.onnx
runs/train/scrfd/armAI34/onnx/armAI34_e72_det34g.onnx	/data/esteban/pii/runs/train/armAI34_e72_det34g.onnx	39426870	048b38a0175597386302c7fbe44796d2	pii/models/scrfd/armAI34/onnx/armAI34_e72_det34g.onnx
runs/train/scrfd/armAI34/onnx/armAI34_e73_det34g.onnx	/data/esteban/pii/runs/train/armAI34_e73_det34g.onnx	39426870	7d46cc76aa5f613c88fc4a8c268386e4	pii/models/scrfd/armAI34/onnx/armAI34_e73_det34g.onnx
runs/train/scrfd/armAI34/onnx/armAI34_e74_det34g.onnx	/data/esteban/pii/runs/train/armAI34_e74_det34g.onnx	39426870	872dce5695096c514331630701cc90d5	pii/models/scrfd/armAI34/onnx/armAI34_e74_det34g.onnx
runs/train/scrfd/armAI34/onnx/armAI34_e75_det34g.onnx	/data/esteban/pii/runs/train/armAI34_e75_det34g.onnx	39426870	ecf94d121fd7629125b109a6475c49ad	pii/models/scrfd/armAI34/onnx/armAI34_e75_det34g.onnx
runs/train/scrfd/armAI34/onnx/armAI34_e76_det34g.onnx	/data/esteban/pii/runs/train/armAI34_e76_det34g.onnx	39426870	84e34cff2477d60012f5899121519598	pii/models/scrfd/armAI34/onnx/armAI34_e76_det34g.onnx
runs/train/scrfd/armAI34/onnx/armAI34_e77_det34g.onnx	/data/esteban/pii/runs/train/armAI34_e77_det34g.onnx	39426870	9e92325ba0e079e7b8a816811d2af483	pii/models/scrfd/armAI34/onnx/armAI34_e77_det34g.onnx
runs/train/scrfd/armAI34/onnx/armAI34_e78_det34g.onnx	/data/esteban/pii/runs/train/armAI34_e78_det34g.onnx	39426870	e41fff40f6d23b819b0cff5663bd7b58	pii/models/scrfd/armAI34/onnx/armAI34_e78_det34g.onnx
runs/train/scrfd/armAI34/onnx/armAI34_e79_det34g.onnx	/data/esteban/pii/runs/train/armAI34_e79_det34g.onnx	39426870	5a489c61360aecc36c1d76465a2278a2	pii/models/scrfd/armAI34/onnx/armAI34_e79_det34g.onnx
runs/train/scrfd/armAI34/onnx/armAI34_e7_det34g.onnx	/data/esteban/pii/runs/train/armAI34_e7_det34g.onnx	39426870	f18e915aca409bddf199b43f9a1b2c41	pii/models/scrfd/armAI34/onnx/armAI34_e7_det34g.onnx
runs/train/scrfd/armAI34/onnx/armAI34_e80_det34g.onnx	/data/esteban/pii/runs/train/armAI34_e80_det34g.onnx	39426870	5b3a38db50c0b0c6668b32cd51c37365	pii/models/scrfd/armAI34/onnx/armAI34_e80_det34g.onnx
runs/train/scrfd/armAI34/onnx/armAI34_e8_det34g.onnx	/data/esteban/pii/runs/train/armAI34_e8_det34g.onnx	39426870	11dfb3a0b1b3a1b195810a4bc04d91f3	pii/models/scrfd/armAI34/onnx/armAI34_e8_det34g.onnx
runs/train/scrfd/armAI34/onnx/armAI34_e9_det34g.onnx	/data/esteban/pii/runs/train/armAI34_e9_det34g.onnx	39426870	74643c9e971c4a492df3f27aa1322d7b	pii/models/scrfd/armAI34/onnx/armAI34_e9_det34g.onnx
runs/train/scrfd/armAI34/scrfd_armAI34_fluence.py	fluence1:/mnt/cachefs/esteban/pii/runs/train/wd_armAI34_fluence/scrfd_armAI34_fluence.py	8323	563b848eab103f9ee7577b0a9a0f5e5b	
runs/train/scrfd/armAI34/slurm-11697.err	fluence1:/mnt/cachefs/esteban/pii/runs/train/wd_armAI34_fluence/slurm-11697.err	0	d41d8cd98f00b204e9800998ecf8427e	
runs/train/scrfd/armAI34/slurm-11697.out	fluence1:/mnt/cachefs/esteban/pii/runs/train/wd_armAI34_fluence/slurm-11697.out	401	ddf80b6b895f19bf2feb117401f68bba	
runs/train/scrfd/armAI34/train.log	fluence1:/mnt/cachefs/esteban/pii/runs/train/wd_armAI34_fluence/train.log	1595112	6d3c008caa4b92edf73ba91956bc169c	pii/models/scrfd/armAI34/train.log
runs/train/scrfd/armAJ/20260922_074626.log	shang:/data/esteban/pii/runs/train/wd_armAJ/20260922_074626.log	440376	fd2c5017226046d6aa6c790cf1dc0277	
runs/train/scrfd/armAJ/20260922_074626.log.json	shang:/data/esteban/pii/runs/train/wd_armAJ/20260922_074626.log.json	403574	e78c623f9a71bb87fa60a8a3a21ed010	
runs/train/scrfd/armAJ/babysit.log	shang:/data/esteban/pii/runs/train/wd_armAJ/babysit.log	481	99a349d80ccc6f6384f0685bccbefc7d	
runs/train/scrfd/armAJ/epochs/epoch_1.pth	shang:/data/esteban/pii/runs/train/wd_armAJ/epoch_1.pth	50987231	3fe97415ccdaa696027ea588ef1d0a0c	pii/models/scrfd/armAJ/epochs/epoch_1.pth
runs/train/scrfd/armAJ/epochs/epoch_10.pth	shang:/data/esteban/pii/runs/train/wd_armAJ/epoch_10.pth	50987359	90babc84f1534b549eda034c808ae2f7	pii/models/scrfd/armAJ/epochs/epoch_10.pth
runs/train/scrfd/armAJ/epochs/epoch_11.pth	shang:/data/esteban/pii/runs/train/wd_armAJ/epoch_11.pth	50987359	34c02ed7904da740c63459dca3253e67	pii/models/scrfd/armAJ/epochs/epoch_11.pth
runs/train/scrfd/armAJ/epochs/epoch_12.pth	shang:/data/esteban/pii/runs/train/wd_armAJ/epoch_12.pth	50987359	712b3747e82d88032e919a3bb1e8d40d	pii/models/scrfd/armAJ/epochs/epoch_12.pth
runs/train/scrfd/armAJ/epochs/epoch_13.pth	shang:/data/esteban/pii/runs/train/wd_armAJ/epoch_13.pth	50987359	8cc8dab8d1edde27e4d032ac4ee4f71a	pii/models/scrfd/armAJ/epochs/epoch_13.pth
runs/train/scrfd/armAJ/epochs/epoch_14.pth	shang:/data/esteban/pii/runs/train/wd_armAJ/epoch_14.pth	50987359	1e2139b4d70bceb837de30130b77c18f	pii/models/scrfd/armAJ/epochs/epoch_14.pth
runs/train/scrfd/armAJ/epochs/epoch_15.pth	shang:/data/esteban/pii/runs/train/wd_armAJ/epoch_15.pth	50987359	f760e7a3c884a65b93b1ccf03d37a986	pii/models/scrfd/armAJ/epochs/epoch_15.pth
runs/train/scrfd/armAJ/epochs/epoch_16.pth	shang:/data/esteban/pii/runs/train/wd_armAJ/epoch_16.pth	50987359	bb0ec5d40c67b61795345089adb64ab0	pii/models/scrfd/armAJ/epochs/epoch_16.pth
runs/train/scrfd/armAJ/epochs/epoch_17.pth	shang:/data/esteban/pii/runs/train/wd_armAJ/epoch_17.pth	50987359	d9eb7b10d08b3fcae4e5a9a70bcca5e0	pii/models/scrfd/armAJ/epochs/epoch_17.pth
runs/train/scrfd/armAJ/epochs/epoch_18.pth	shang:/data/esteban/pii/runs/train/wd_armAJ/epoch_18.pth	50987359	ed2416f3cb7a001c50a75abafed1de2b	pii/models/scrfd/armAJ/epochs/epoch_18.pth
runs/train/scrfd/armAJ/epochs/epoch_19.pth	shang:/data/esteban/pii/runs/train/wd_armAJ/epoch_19.pth	50987359	d37b68e890541d6074683b4077988da4	pii/models/scrfd/armAJ/epochs/epoch_19.pth
runs/train/scrfd/armAJ/epochs/epoch_2.pth	shang:/data/esteban/pii/runs/train/wd_armAJ/epoch_2.pth	50987359	b758d1962232f49b141367a0a403de0a	pii/models/scrfd/armAJ/epochs/epoch_2.pth
runs/train/scrfd/armAJ/epochs/epoch_20.pth	shang:/data/esteban/pii/runs/train/wd_armAJ/epoch_20.pth	50987359	703c67ef7891487c00bfce166c8336be	pii/models/scrfd/armAJ/epochs/epoch_20.pth
runs/train/scrfd/armAJ/epochs/epoch_21.pth	shang:/data/esteban/pii/runs/train/wd_armAJ/epoch_21.pth	50987359	b49f00d912032011bf6a3cd5efde8694	pii/models/scrfd/armAJ/epochs/epoch_21.pth
runs/train/scrfd/armAJ/epochs/epoch_22.pth	shang:/data/esteban/pii/runs/train/wd_armAJ/epoch_22.pth	50987359	b4b31700ecf3075d8e8886e6ba393656	pii/models/scrfd/armAJ/epochs/epoch_22.pth
runs/train/scrfd/armAJ/epochs/epoch_23.pth	shang:/data/esteban/pii/runs/train/wd_armAJ/epoch_23.pth	50987359	e9515eba07ebc6d54b526ce4e7db61ca	pii/models/scrfd/armAJ/epochs/epoch_23.pth
runs/train/scrfd/armAJ/epochs/epoch_24.pth	shang:/data/esteban/pii/runs/train/wd_armAJ/epoch_24.pth	50987359	8616f8b8872fdd1c8dd6489f7d4f6079	pii/models/scrfd/armAJ/epochs/epoch_24.pth
runs/train/scrfd/armAJ/epochs/epoch_25.pth	shang:/data/esteban/pii/runs/train/wd_armAJ/epoch_25.pth	50987359	ea33692df9ada2d4de65489bd9cfce34	pii/models/scrfd/armAJ/epochs/epoch_25.pth
runs/train/scrfd/armAJ/epochs/epoch_26.pth	shang:/data/esteban/pii/runs/train/wd_armAJ/epoch_26.pth	50987359	7eca933ab0451027ad67756b2962462d	pii/models/scrfd/armAJ/epochs/epoch_26.pth
runs/train/scrfd/armAJ/epochs/epoch_27.pth	shang:/data/esteban/pii/runs/train/wd_armAJ/epoch_27.pth	50987359	a57dbf274aad618add2694d0d5787681	pii/models/scrfd/armAJ/epochs/epoch_27.pth
runs/train/scrfd/armAJ/epochs/epoch_28.pth	shang:/data/esteban/pii/runs/train/wd_armAJ/epoch_28.pth	50987359	cb6e361ec15c7793533210ffb89f45a1	pii/models/scrfd/armAJ/epochs/epoch_28.pth
runs/train/scrfd/armAJ/epochs/epoch_29.pth	shang:/data/esteban/pii/runs/train/wd_armAJ/epoch_29.pth	50987359	fc03831288e5e7180b6c4690803396ba	pii/models/scrfd/armAJ/epochs/epoch_29.pth
runs/train/scrfd/armAJ/epochs/epoch_3.pth	shang:/data/esteban/pii/runs/train/wd_armAJ/epoch_3.pth	50987359	551632a83c4d3fe460c587bba92616c8	pii/models/scrfd/armAJ/epochs/epoch_3.pth
runs/train/scrfd/armAJ/epochs/epoch_30.pth	shang:/data/esteban/pii/runs/train/wd_armAJ/epoch_30.pth	50987359	2c7d810d71d3600d50e9220f443c7437	pii/models/scrfd/armAJ/epochs/epoch_30.pth
runs/train/scrfd/armAJ/epochs/epoch_4.pth	shang:/data/esteban/pii/runs/train/wd_armAJ/epoch_4.pth	50987359	aaa721a35f002e999c48b31b0fc0ae80	pii/models/scrfd/armAJ/epochs/epoch_4.pth
runs/train/scrfd/armAJ/epochs/epoch_5.pth	shang:/data/esteban/pii/runs/train/wd_armAJ/epoch_5.pth	50987359	6e271ed2e50a7dfb9c7fa3b2f60eccd5	pii/models/scrfd/armAJ/epochs/epoch_5.pth
runs/train/scrfd/armAJ/epochs/epoch_6.pth	shang:/data/esteban/pii/runs/train/wd_armAJ/epoch_6.pth	50987359	3133ab2087301b3a923efce9ff4be99c	pii/models/scrfd/armAJ/epochs/epoch_6.pth
runs/train/scrfd/armAJ/epochs/epoch_7.pth	shang:/data/esteban/pii/runs/train/wd_armAJ/epoch_7.pth	50987359	e09df30c517fa807090acf0a42e10935	pii/models/scrfd/armAJ/epochs/epoch_7.pth
runs/train/scrfd/armAJ/epochs/epoch_8.pth	shang:/data/esteban/pii/runs/train/wd_armAJ/epoch_8.pth	50987359	4d74eac801b56f1646a01a57adfe3998	pii/models/scrfd/armAJ/epochs/epoch_8.pth
runs/train/scrfd/armAJ/epochs/epoch_9.pth	shang:/data/esteban/pii/runs/train/wd_armAJ/epoch_9.pth	50987359	0718af353b2ac24cf736f88e5c5803bf	pii/models/scrfd/armAJ/epochs/epoch_9.pth
runs/train/scrfd/armAJ/epochs/latest.pth	shang:/data/esteban/pii/runs/train/wd_armAJ/latest.pth	-1	symlink:epoch_30.pth	
runs/train/scrfd/armAJ/onnx/armAJ_det10g.onnx	/data/esteban/pii/runs/train/armAJ_det10g.onnx	16962796	f8f11b7418441663345bd70a2a655919	pii/models/scrfd/armAJ/onnx/armAJ_det10g.onnx
runs/train/scrfd/armAJ/run_arm.sh	shang:/data/esteban/pii/runs/train/wd_armAJ/run_arm.sh	3589	a3a452e5524b5e3dcb47037d6917ddc3	
runs/train/scrfd/armAJ/scrfd_armAJ.py	shang:/data/esteban/pii/runs/train/wd_armAJ/scrfd_armAJ.py	8418	b65536ded7ade19f9f577899725b8ee6	
runs/train/scrfd/armAJ/train.log	shang:/data/esteban/pii/runs/train/wd_armAJ/train.log	443776	19875d7f6bc7fd382d0d41012d4a85fe	pii/models/scrfd/armAJ/train.log
runs/train/scrfd/armAJ34/20260923_025026.log	shang:/data/esteban/pii/runs/train/wd_armAJ34/20260923_025026.log	875588	3c4cd365b72faf317f09c6a1043777b5	
runs/train/scrfd/armAJ34/20260923_025026.log.json	shang:/data/esteban/pii/runs/train/wd_armAJ34/20260923_025026.log.json	805318	016d2be94c9b9487d508513dd4b42891	
runs/train/scrfd/armAJ34/babysit.log	shang:/data/esteban/pii/runs/train/wd_armAJ34/babysit.log	492	402e4fa3350aa9608ef840c8e5ec295a	
runs/train/scrfd/armAJ34/epochs/epoch_1.pth	shang:/data/esteban/pii/runs/train/wd_armAJ34/epoch_1.pth	118915789	5312893872e742e74ee0fae027ec1ccc	pii/models/scrfd/armAJ34/epochs/epoch_1.pth
runs/train/scrfd/armAJ34/epochs/epoch_10.pth	shang:/data/esteban/pii/runs/train/wd_armAJ34/epoch_10.pth	118915853	9de7f45f096244132c50d842d6865c20	pii/models/scrfd/armAJ34/epochs/epoch_10.pth
runs/train/scrfd/armAJ34/epochs/epoch_11.pth	shang:/data/esteban/pii/runs/train/wd_armAJ34/epoch_11.pth	118915853	7b070a47af8af02281d89c899d24ff3c	pii/models/scrfd/armAJ34/epochs/epoch_11.pth
runs/train/scrfd/armAJ34/epochs/epoch_12.pth	shang:/data/esteban/pii/runs/train/wd_armAJ34/epoch_12.pth	118915853	6d52b04e0dadf17cf76f0bbca3153317	pii/models/scrfd/armAJ34/epochs/epoch_12.pth
runs/train/scrfd/armAJ34/epochs/epoch_13.pth	shang:/data/esteban/pii/runs/train/wd_armAJ34/epoch_13.pth	118915853	f42d2e6a6e959ef702c016edc614bde6	pii/models/scrfd/armAJ34/epochs/epoch_13.pth
runs/train/scrfd/armAJ34/epochs/epoch_14.pth	shang:/data/esteban/pii/runs/train/wd_armAJ34/epoch_14.pth	118915853	f044ed2f17f67361641038e4da13a628	pii/models/scrfd/armAJ34/epochs/epoch_14.pth
runs/train/scrfd/armAJ34/epochs/epoch_15.pth	shang:/data/esteban/pii/runs/train/wd_armAJ34/epoch_15.pth	118915853	a248774a8c800d8f1c1b0be1807f37c4	pii/models/scrfd/armAJ34/epochs/epoch_15.pth
runs/train/scrfd/armAJ34/epochs/epoch_16.pth	shang:/data/esteban/pii/runs/train/wd_armAJ34/epoch_16.pth	118915853	1cef1015513cb85bfcc73b8854f924e6	pii/models/scrfd/armAJ34/epochs/epoch_16.pth
runs/train/scrfd/armAJ34/epochs/epoch_17.pth	shang:/data/esteban/pii/runs/train/wd_armAJ34/epoch_17.pth	118915853	67da4282441d6cab23aaf69f78958c53	pii/models/scrfd/armAJ34/epochs/epoch_17.pth
runs/train/scrfd/armAJ34/epochs/epoch_18.pth	shang:/data/esteban/pii/runs/train/wd_armAJ34/epoch_18.pth	118915853	2c59dc9ec0d3f28c284c24c9ed2cd545	pii/models/scrfd/armAJ34/epochs/epoch_18.pth
runs/train/scrfd/armAJ34/epochs/epoch_19.pth	shang:/data/esteban/pii/runs/train/wd_armAJ34/epoch_19.pth	118915853	debf45623d0888d0991354b0f437fcc8	pii/models/scrfd/armAJ34/epochs/epoch_19.pth
runs/train/scrfd/armAJ34/epochs/epoch_2.pth	shang:/data/esteban/pii/runs/train/wd_armAJ34/epoch_2.pth	118915853	e062ed9bc29210a183fc4a3691614d3a	pii/models/scrfd/armAJ34/epochs/epoch_2.pth
runs/train/scrfd/armAJ34/epochs/epoch_20.pth	shang:/data/esteban/pii/runs/train/wd_armAJ34/epoch_20.pth	118915853	540a6628a3b5c93d89d702e85341d6f6	pii/models/scrfd/armAJ34/epochs/epoch_20.pth
runs/train/scrfd/armAJ34/epochs/epoch_21.pth	shang:/data/esteban/pii/runs/train/wd_armAJ34/epoch_21.pth	118915853	42a52dc4cbc98f2288e787e4da6f9a8d	pii/models/scrfd/armAJ34/epochs/epoch_21.pth
runs/train/scrfd/armAJ34/epochs/epoch_22.pth	shang:/data/esteban/pii/runs/train/wd_armAJ34/epoch_22.pth	118915853	649a38816727cc9b7393f92caae21b01	pii/models/scrfd/armAJ34/epochs/epoch_22.pth
runs/train/scrfd/armAJ34/epochs/epoch_23.pth	shang:/data/esteban/pii/runs/train/wd_armAJ34/epoch_23.pth	118915853	10acf3df475839f143c505cadd655dce	pii/models/scrfd/armAJ34/epochs/epoch_23.pth
runs/train/scrfd/armAJ34/epochs/epoch_24.pth	shang:/data/esteban/pii/runs/train/wd_armAJ34/epoch_24.pth	118915853	81de8d33d78567c1d8878b6688c3e953	pii/models/scrfd/armAJ34/epochs/epoch_24.pth
runs/train/scrfd/armAJ34/epochs/epoch_25.pth	shang:/data/esteban/pii/runs/train/wd_armAJ34/epoch_25.pth	118915853	a15ac7aafc80b7aa6d60f4b878f40dd3	pii/models/scrfd/armAJ34/epochs/epoch_25.pth
runs/train/scrfd/armAJ34/epochs/epoch_26.pth	shang:/data/esteban/pii/runs/train/wd_armAJ34/epoch_26.pth	118915853	154a8437ccc7b38fa1fa09deea5c3c40	pii/models/scrfd/armAJ34/epochs/epoch_26.pth
runs/train/scrfd/armAJ34/epochs/epoch_27.pth	shang:/data/esteban/pii/runs/train/wd_armAJ34/epoch_27.pth	118915853	a7344ac9a8d1f1647606ad1680e71ad1	pii/models/scrfd/armAJ34/epochs/epoch_27.pth
runs/train/scrfd/armAJ34/epochs/epoch_28.pth	shang:/data/esteban/pii/runs/train/wd_armAJ34/epoch_28.pth	118915853	5e81c0a3d174f1394d071f9181d73458	pii/models/scrfd/armAJ34/epochs/epoch_28.pth
runs/train/scrfd/armAJ34/epochs/epoch_29.pth	shang:/data/esteban/pii/runs/train/wd_armAJ34/epoch_29.pth	118915853	4e3a6d3aefeb960fa088bd6876aafc74	pii/models/scrfd/armAJ34/epochs/epoch_29.pth
runs/train/scrfd/armAJ34/epochs/epoch_3.pth	shang:/data/esteban/pii/runs/train/wd_armAJ34/epoch_3.pth	118915853	a1390d8d5e5cc69e998ff3628a26d13e	pii/models/scrfd/armAJ34/epochs/epoch_3.pth
runs/train/scrfd/armAJ34/epochs/epoch_30.pth	shang:/data/esteban/pii/runs/train/wd_armAJ34/epoch_30.pth	118915853	3cc7a70ffa13937e172dd8887faa9535	pii/models/scrfd/armAJ34/epochs/epoch_30.pth
runs/train/scrfd/armAJ34/epochs/epoch_4.pth	shang:/data/esteban/pii/runs/train/wd_armAJ34/epoch_4.pth	118915853	c5288d8223f9cde14ce4f4d42362712e	pii/models/scrfd/armAJ34/epochs/epoch_4.pth
runs/train/scrfd/armAJ34/epochs/epoch_5.pth	shang:/data/esteban/pii/runs/train/wd_armAJ34/epoch_5.pth	118915853	852ddd7241165c746275d107c495bd93	pii/models/scrfd/armAJ34/epochs/epoch_5.pth
runs/train/scrfd/armAJ34/epochs/epoch_6.pth	shang:/data/esteban/pii/runs/train/wd_armAJ34/epoch_6.pth	118915853	7ffcef3d06315b40bffb349d7351b2bf	pii/models/scrfd/armAJ34/epochs/epoch_6.pth
runs/train/scrfd/armAJ34/epochs/epoch_7.pth	shang:/data/esteban/pii/runs/train/wd_armAJ34/epoch_7.pth	118915853	d4a741f1283800010800834b09d0fa43	pii/models/scrfd/armAJ34/epochs/epoch_7.pth
runs/train/scrfd/armAJ34/epochs/epoch_8.pth	shang:/data/esteban/pii/runs/train/wd_armAJ34/epoch_8.pth	118915853	e506874c40442249f9a35a2905c5311c	pii/models/scrfd/armAJ34/epochs/epoch_8.pth
runs/train/scrfd/armAJ34/epochs/epoch_9.pth	shang:/data/esteban/pii/runs/train/wd_armAJ34/epoch_9.pth	118915853	8f23415f1470d195b0b545381e59e3cb	pii/models/scrfd/armAJ34/epochs/epoch_9.pth
runs/train/scrfd/armAJ34/epochs/latest.pth	shang:/data/esteban/pii/runs/train/wd_armAJ34/latest.pth	-1	symlink:epoch_30.pth	
runs/train/scrfd/armAJ34/onnx/armAJ34_det34g.onnx	/data/esteban/pii/runs/train/armAJ34_det34g.onnx	39427800	ade29673b9068e0e310ed25f7eaff566	pii/models/scrfd/armAJ34/onnx/armAJ34_det34g.onnx
runs/train/scrfd/armAJ34/run_arm.sh	shang:/data/esteban/pii/runs/train/wd_armAJ34/run_arm.sh	3589	a3a452e5524b5e3dcb47037d6917ddc3	
runs/train/scrfd/armAJ34/scrfd_armAJ34.py	shang:/data/esteban/pii/runs/train/wd_armAJ34/scrfd_armAJ34.py	8354	e8a802e9030edbf9758f189439d407dd	
runs/train/scrfd/armAJ34/train.log	shang:/data/esteban/pii/runs/train/wd_armAJ34/train.log	881730	b8f70b6834f73945d8d942d9003bd641	pii/models/scrfd/armAJ34/train.log
runs/train/scrfd/armAK/20260922_074942.log	shang:/data/esteban/pii/runs/train/wd_armAK/20260922_074942.log	439801	841bfc58ab4eb577f82111733ccd5a9a	
runs/train/scrfd/armAK/20260922_074942.log.json	shang:/data/esteban/pii/runs/train/wd_armAK/20260922_074942.log.json	403398	4d1c726c0a005b055b0fa59ff0c388a4	
runs/train/scrfd/armAK/babysit.log	shang:/data/esteban/pii/runs/train/wd_armAK/babysit.log	481	20e507d7372452aa8a2c75da0c436146	
runs/train/scrfd/armAK/epochs/epoch_1.pth	shang:/data/esteban/pii/runs/train/wd_armAK/epoch_1.pth	34019931	18629d98a55af658f40efec2d81f2f96	pii/models/scrfd/armAK/epochs/epoch_1.pth
runs/train/scrfd/armAK/epochs/epoch_10.pth	shang:/data/esteban/pii/runs/train/wd_armAK/epoch_10.pth	34020059	cca9525c51e3d75f24d5c8dd392ede9e	pii/models/scrfd/armAK/epochs/epoch_10.pth
runs/train/scrfd/armAK/epochs/epoch_11.pth	shang:/data/esteban/pii/runs/train/wd_armAK/epoch_11.pth	34020059	450724873e0aa85acf794598fde5743f	pii/models/scrfd/armAK/epochs/epoch_11.pth
runs/train/scrfd/armAK/epochs/epoch_12.pth	shang:/data/esteban/pii/runs/train/wd_armAK/epoch_12.pth	34020059	f3de7d431e5a8dbdfd12077cde24fcbe	pii/models/scrfd/armAK/epochs/epoch_12.pth
runs/train/scrfd/armAK/epochs/epoch_13.pth	shang:/data/esteban/pii/runs/train/wd_armAK/epoch_13.pth	34020059	01543d3d16b923e970ac7717526273ed	pii/models/scrfd/armAK/epochs/epoch_13.pth
runs/train/scrfd/armAK/epochs/epoch_14.pth	shang:/data/esteban/pii/runs/train/wd_armAK/epoch_14.pth	34020059	5f07fc7a84aebf03e5e1ab076c84cce5	pii/models/scrfd/armAK/epochs/epoch_14.pth
runs/train/scrfd/armAK/epochs/epoch_15.pth	shang:/data/esteban/pii/runs/train/wd_armAK/epoch_15.pth	34020059	28d150a2ee8b4b2c30569ddf2216d5c6	pii/models/scrfd/armAK/epochs/epoch_15.pth
runs/train/scrfd/armAK/epochs/epoch_16.pth	shang:/data/esteban/pii/runs/train/wd_armAK/epoch_16.pth	34020059	91cb57a46f857e75f331b5acb4baa68d	pii/models/scrfd/armAK/epochs/epoch_16.pth
runs/train/scrfd/armAK/epochs/epoch_17.pth	shang:/data/esteban/pii/runs/train/wd_armAK/epoch_17.pth	34020059	45922b88711a113e6bcc0970de17dd4f	pii/models/scrfd/armAK/epochs/epoch_17.pth
runs/train/scrfd/armAK/epochs/epoch_18.pth	shang:/data/esteban/pii/runs/train/wd_armAK/epoch_18.pth	34020059	d947cbe5f2f83489cc10e42f1f06b3ae	pii/models/scrfd/armAK/epochs/epoch_18.pth
runs/train/scrfd/armAK/epochs/epoch_19.pth	shang:/data/esteban/pii/runs/train/wd_armAK/epoch_19.pth	34020059	0bfad082686ce74f9f3f37bc8ab40792	pii/models/scrfd/armAK/epochs/epoch_19.pth
runs/train/scrfd/armAK/epochs/epoch_2.pth	shang:/data/esteban/pii/runs/train/wd_armAK/epoch_2.pth	34020059	5d4ffcf80870544cd6b90da3718357d7	pii/models/scrfd/armAK/epochs/epoch_2.pth
runs/train/scrfd/armAK/epochs/epoch_20.pth	shang:/data/esteban/pii/runs/train/wd_armAK/epoch_20.pth	34020059	f0d895509e2ac554d1ef5b2873bbaf05	pii/models/scrfd/armAK/epochs/epoch_20.pth
runs/train/scrfd/armAK/epochs/epoch_21.pth	shang:/data/esteban/pii/runs/train/wd_armAK/epoch_21.pth	34020059	0f06f16491d855a7dc7f36a70bdc61a5	pii/models/scrfd/armAK/epochs/epoch_21.pth
runs/train/scrfd/armAK/epochs/epoch_22.pth	shang:/data/esteban/pii/runs/train/wd_armAK/epoch_22.pth	34020059	5e17ef8b25250e75e304bf3cb14778cd	pii/models/scrfd/armAK/epochs/epoch_22.pth
runs/train/scrfd/armAK/epochs/epoch_23.pth	shang:/data/esteban/pii/runs/train/wd_armAK/epoch_23.pth	34020059	f5c7425f525061d776b0b84a3ee9960b	pii/models/scrfd/armAK/epochs/epoch_23.pth
runs/train/scrfd/armAK/epochs/epoch_24.pth	shang:/data/esteban/pii/runs/train/wd_armAK/epoch_24.pth	34020059	c8455876789d08584681ee2707fe101b	pii/models/scrfd/armAK/epochs/epoch_24.pth
runs/train/scrfd/armAK/epochs/epoch_25.pth	shang:/data/esteban/pii/runs/train/wd_armAK/epoch_25.pth	34020059	fe5272d6f351a029b7eacd25bade8333	pii/models/scrfd/armAK/epochs/epoch_25.pth
runs/train/scrfd/armAK/epochs/epoch_26.pth	shang:/data/esteban/pii/runs/train/wd_armAK/epoch_26.pth	34020059	4db4cdf29b4d4c9ae772beeed23feaa7	pii/models/scrfd/armAK/epochs/epoch_26.pth
runs/train/scrfd/armAK/epochs/epoch_27.pth	shang:/data/esteban/pii/runs/train/wd_armAK/epoch_27.pth	34020059	185ff6fd0cf88fd8d27212d205262a0d	pii/models/scrfd/armAK/epochs/epoch_27.pth
runs/train/scrfd/armAK/epochs/epoch_28.pth	shang:/data/esteban/pii/runs/train/wd_armAK/epoch_28.pth	34020059	866f34d7185fe7478dfaf51b51fdb649	pii/models/scrfd/armAK/epochs/epoch_28.pth
runs/train/scrfd/armAK/epochs/epoch_29.pth	shang:/data/esteban/pii/runs/train/wd_armAK/epoch_29.pth	34020059	a618d15fa6f697c79f9100bed20838db	pii/models/scrfd/armAK/epochs/epoch_29.pth
runs/train/scrfd/armAK/epochs/epoch_3.pth	shang:/data/esteban/pii/runs/train/wd_armAK/epoch_3.pth	34020059	33bb9d8c5f064967129ed4d79a12aacf	pii/models/scrfd/armAK/epochs/epoch_3.pth
runs/train/scrfd/armAK/epochs/epoch_30.pth	shang:/data/esteban/pii/runs/train/wd_armAK/epoch_30.pth	34020059	ab128646c440b1fd431394ae6d8d79da	pii/models/scrfd/armAK/epochs/epoch_30.pth
runs/train/scrfd/armAK/epochs/epoch_4.pth	shang:/data/esteban/pii/runs/train/wd_armAK/epoch_4.pth	34020059	251638a4e828f3f8164d7c0c3751605b	pii/models/scrfd/armAK/epochs/epoch_4.pth
runs/train/scrfd/armAK/epochs/epoch_5.pth	shang:/data/esteban/pii/runs/train/wd_armAK/epoch_5.pth	34020059	c0dbc1e38860b633c98d14280c8141f2	pii/models/scrfd/armAK/epochs/epoch_5.pth
runs/train/scrfd/armAK/epochs/epoch_6.pth	shang:/data/esteban/pii/runs/train/wd_armAK/epoch_6.pth	34020059	7a403f5834957973c86f9387057776e8	pii/models/scrfd/armAK/epochs/epoch_6.pth
runs/train/scrfd/armAK/epochs/epoch_7.pth	shang:/data/esteban/pii/runs/train/wd_armAK/epoch_7.pth	34020059	4b754a74fef82cd1f5c4ef6e28fc2c8b	pii/models/scrfd/armAK/epochs/epoch_7.pth
runs/train/scrfd/armAK/epochs/epoch_8.pth	shang:/data/esteban/pii/runs/train/wd_armAK/epoch_8.pth	34020059	408ed07f25e2dba690d9facf5e9c4a1a	pii/models/scrfd/armAK/epochs/epoch_8.pth
runs/train/scrfd/armAK/epochs/epoch_9.pth	shang:/data/esteban/pii/runs/train/wd_armAK/epoch_9.pth	34020059	8d2496d675dddd2543796151a38b9d1e	pii/models/scrfd/armAK/epochs/epoch_9.pth
runs/train/scrfd/armAK/epochs/latest.pth	shang:/data/esteban/pii/runs/train/wd_armAK/latest.pth	-1	symlink:epoch_30.pth	
runs/train/scrfd/armAK/onnx/armAK_det10g.onnx	/data/esteban/pii/runs/train/armAK_det10g.onnx	16962796	1d90721ba1cc38dbe2706cf458156c73	pii/models/scrfd/armAK/onnx/armAK_det10g.onnx
runs/train/scrfd/armAK/run_arm.sh	shang:/data/esteban/pii/runs/train/wd_armAK/run_arm.sh	3336	df4ca91968a71223d8b6391d26a7e3fe	
runs/train/scrfd/armAK/scrfd_armAK.py	shang:/data/esteban/pii/runs/train/wd_armAK/scrfd_armAK.py	8310	2d4dda2236da556698908506d0a4442d	
runs/train/scrfd/armAK/train.log	shang:/data/esteban/pii/runs/train/wd_armAK/train.log	442333	b7959ee7e3095c4be5221c55f35b6d55	pii/models/scrfd/armAK/train.log
runs/train/scrfd/armAK34/20260923_145837.log	shang:/data/esteban/pii/runs/train/wd_armAK34/20260923_145837.log	874737	2e83d10d24f26a0bf69550ac9b552388	
runs/train/scrfd/armAK34/20260923_145837.log.json	shang:/data/esteban/pii/runs/train/wd_armAK34/20260923_145837.log.json	805251	30055febd4098be7a880cb8a563d4797	
runs/train/scrfd/armAK34/babysit.log	shang:/data/esteban/pii/runs/train/wd_armAK34/babysit.log	495	8ea62555fc69b7c55f2a1cf2bb4353a4	
runs/train/scrfd/armAK34/epochs/epoch_1.pth	shang:/data/esteban/pii/runs/train/wd_armAK34/epoch_1.pth	79387272	946124d651839921bbcafa06a47f3bf1	pii/models/scrfd/armAK34/epochs/epoch_1.pth
runs/train/scrfd/armAK34/epochs/epoch_10.pth	shang:/data/esteban/pii/runs/train/wd_armAK34/epoch_10.pth	79387400	01570ad23d8791422046fb782ff8dbd2	pii/models/scrfd/armAK34/epochs/epoch_10.pth
runs/train/scrfd/armAK34/epochs/epoch_11.pth	shang:/data/esteban/pii/runs/train/wd_armAK34/epoch_11.pth	79387400	89ba55a5e839423fb177b2c146ca0a3f	pii/models/scrfd/armAK34/epochs/epoch_11.pth
runs/train/scrfd/armAK34/epochs/epoch_12.pth	shang:/data/esteban/pii/runs/train/wd_armAK34/epoch_12.pth	79387400	2e80de76272d8d73221f5e7ca48db1b3	pii/models/scrfd/armAK34/epochs/epoch_12.pth
runs/train/scrfd/armAK34/epochs/epoch_13.pth	shang:/data/esteban/pii/runs/train/wd_armAK34/epoch_13.pth	79387400	0b1050cfaa089c549598f55e3fbd5032	pii/models/scrfd/armAK34/epochs/epoch_13.pth
runs/train/scrfd/armAK34/epochs/epoch_14.pth	shang:/data/esteban/pii/runs/train/wd_armAK34/epoch_14.pth	79387400	130f874cdaa52555527904d1add742b2	pii/models/scrfd/armAK34/epochs/epoch_14.pth
runs/train/scrfd/armAK34/epochs/epoch_15.pth	shang:/data/esteban/pii/runs/train/wd_armAK34/epoch_15.pth	79387400	f7192740d3db188c3f0adc508289ae01	pii/models/scrfd/armAK34/epochs/epoch_15.pth
runs/train/scrfd/armAK34/epochs/epoch_16.pth	shang:/data/esteban/pii/runs/train/wd_armAK34/epoch_16.pth	79387400	641d5fbcd980144bcc3bdbf96d06b615	pii/models/scrfd/armAK34/epochs/epoch_16.pth
runs/train/scrfd/armAK34/epochs/epoch_17.pth	shang:/data/esteban/pii/runs/train/wd_armAK34/epoch_17.pth	79387400	973863f7629f21a0283d143c9afc4a01	pii/models/scrfd/armAK34/epochs/epoch_17.pth
runs/train/scrfd/armAK34/epochs/epoch_18.pth	shang:/data/esteban/pii/runs/train/wd_armAK34/epoch_18.pth	79387400	ba51cccdfa9724e0e741db1785bbe3c9	pii/models/scrfd/armAK34/epochs/epoch_18.pth
runs/train/scrfd/armAK34/epochs/epoch_19.pth	shang:/data/esteban/pii/runs/train/wd_armAK34/epoch_19.pth	79387400	957667be2b69494d12c6196e3bb90d4f	pii/models/scrfd/armAK34/epochs/epoch_19.pth
runs/train/scrfd/armAK34/epochs/epoch_2.pth	shang:/data/esteban/pii/runs/train/wd_armAK34/epoch_2.pth	79387400	7de906b526c60d9bd84989b129026172	pii/models/scrfd/armAK34/epochs/epoch_2.pth
runs/train/scrfd/armAK34/epochs/epoch_20.pth	shang:/data/esteban/pii/runs/train/wd_armAK34/epoch_20.pth	79387400	19fc234da65fbbaacde0cb6eed66b749	pii/models/scrfd/armAK34/epochs/epoch_20.pth
runs/train/scrfd/armAK34/epochs/epoch_21.pth	shang:/data/esteban/pii/runs/train/wd_armAK34/epoch_21.pth	79387400	b210a6710e3aa1dcc2aac07ea402ebdc	pii/models/scrfd/armAK34/epochs/epoch_21.pth
runs/train/scrfd/armAK34/epochs/epoch_22.pth	shang:/data/esteban/pii/runs/train/wd_armAK34/epoch_22.pth	79387400	8591bfa5a5fef99e39b25c6c0af60524	pii/models/scrfd/armAK34/epochs/epoch_22.pth
runs/train/scrfd/armAK34/epochs/epoch_23.pth	shang:/data/esteban/pii/runs/train/wd_armAK34/epoch_23.pth	79387400	7f4d1e52997188f5cd63dccb8ccb4a75	pii/models/scrfd/armAK34/epochs/epoch_23.pth
runs/train/scrfd/armAK34/epochs/epoch_24.pth	shang:/data/esteban/pii/runs/train/wd_armAK34/epoch_24.pth	79387400	9146fe70fa5e1c460e77fd1dbd712f4d	pii/models/scrfd/armAK34/epochs/epoch_24.pth
runs/train/scrfd/armAK34/epochs/epoch_25.pth	shang:/data/esteban/pii/runs/train/wd_armAK34/epoch_25.pth	79387400	0cc36fb13ec87b8370385f2979aa8c0e	pii/models/scrfd/armAK34/epochs/epoch_25.pth
runs/train/scrfd/armAK34/epochs/epoch_26.pth	shang:/data/esteban/pii/runs/train/wd_armAK34/epoch_26.pth	79387400	6b4597a1824c848570467d3a237967b5	pii/models/scrfd/armAK34/epochs/epoch_26.pth
runs/train/scrfd/armAK34/epochs/epoch_27.pth	shang:/data/esteban/pii/runs/train/wd_armAK34/epoch_27.pth	79387400	4ebac36c6f90a9f308c01656487bd1b0	pii/models/scrfd/armAK34/epochs/epoch_27.pth
runs/train/scrfd/armAK34/epochs/epoch_28.pth	shang:/data/esteban/pii/runs/train/wd_armAK34/epoch_28.pth	79387400	a27613bdee268b7909a9d0a8127ae9dd	pii/models/scrfd/armAK34/epochs/epoch_28.pth
runs/train/scrfd/armAK34/epochs/epoch_29.pth	shang:/data/esteban/pii/runs/train/wd_armAK34/epoch_29.pth	79387400	8073bea7c770d7969b546cbb086cccbe	pii/models/scrfd/armAK34/epochs/epoch_29.pth
runs/train/scrfd/armAK34/epochs/epoch_3.pth	shang:/data/esteban/pii/runs/train/wd_armAK34/epoch_3.pth	79387400	1038476a8680fc895ebb0a738655f20c	pii/models/scrfd/armAK34/epochs/epoch_3.pth
runs/train/scrfd/armAK34/epochs/epoch_30.pth	shang:/data/esteban/pii/runs/train/wd_armAK34/epoch_30.pth	79387400	9e5fbf36d81d34f803b77c28eab660ad	pii/models/scrfd/armAK34/epochs/epoch_30.pth
runs/train/scrfd/armAK34/epochs/epoch_4.pth	shang:/data/esteban/pii/runs/train/wd_armAK34/epoch_4.pth	79387400	f0201be3d2629acbb6e2c7b91667af78	pii/models/scrfd/armAK34/epochs/epoch_4.pth
runs/train/scrfd/armAK34/epochs/epoch_5.pth	shang:/data/esteban/pii/runs/train/wd_armAK34/epoch_5.pth	79387400	92f2b165b22880eb7136247b62b5f2e3	pii/models/scrfd/armAK34/epochs/epoch_5.pth
runs/train/scrfd/armAK34/epochs/epoch_6.pth	shang:/data/esteban/pii/runs/train/wd_armAK34/epoch_6.pth	79387400	5add4e4454245276cc85eb9444012708	pii/models/scrfd/armAK34/epochs/epoch_6.pth
runs/train/scrfd/armAK34/epochs/epoch_7.pth	shang:/data/esteban/pii/runs/train/wd_armAK34/epoch_7.pth	79387400	70e9dacb5b964ea29ffd1344e9f17500	pii/models/scrfd/armAK34/epochs/epoch_7.pth
runs/train/scrfd/armAK34/epochs/epoch_8.pth	shang:/data/esteban/pii/runs/train/wd_armAK34/epoch_8.pth	79387400	fc753df60fbfa644db3f9569c83b22f3	pii/models/scrfd/armAK34/epochs/epoch_8.pth
runs/train/scrfd/armAK34/epochs/epoch_9.pth	shang:/data/esteban/pii/runs/train/wd_armAK34/epoch_9.pth	79387400	e5f78657aebf484c8e9b1759da7a980b	pii/models/scrfd/armAK34/epochs/epoch_9.pth
runs/train/scrfd/armAK34/epochs/latest.pth	shang:/data/esteban/pii/runs/train/wd_armAK34/latest.pth	-1	symlink:epoch_30.pth	
runs/train/scrfd/armAK34/onnx/armAK34_det34g.onnx	/data/esteban/pii/runs/train/armAK34_det34g.onnx	39427800	0d6a6e4123c02f088f950327fbb6a3c3	pii/models/scrfd/armAK34/onnx/armAK34_det34g.onnx
runs/train/scrfd/armAK34/run_arm.sh	shang:/data/esteban/pii/runs/train/wd_armAK34/run_arm.sh	3336	df4ca91968a71223d8b6391d26a7e3fe	
runs/train/scrfd/armAK34/scrfd_armAK34.py	shang:/data/esteban/pii/runs/train/wd_armAK34/scrfd_armAK34.py	8246	2a0807abc1fddf7d673acd5838bc96ad	
runs/train/scrfd/armAK34/train.log	shang:/data/esteban/pii/runs/train/wd_armAK34/train.log	879143	48fff81bedca20a797f962eef4f5ebff	pii/models/scrfd/armAK34/train.log
runs/train/scrfd/armW/armW_effective_cfg.py	/data/esteban/pii/runs/train/armW_effective_cfg.py	8244	e77436fa517ff39e75dc8d89acdc649e	
runs/train/scrfd/armW/epochs/epoch_20.pth	/data/esteban/pii/weights/armW_epoch_20.pth	34020123	23665cb9b24cbf29538f34718902296a	pii/models/scrfd/armW/epochs/epoch_20.pth
runs/train/scrfd/armW/onnx/armW_det10g.onnx	/data/esteban/pii/weights/det_10g_armW.onnx	16962796	f445b1606444c8b7c72a2fb4de35e123	pii/models/scrfd/armW/onnx/armW_det10g.onnx
runs/train/scrfd/armW_fe2/20260830_095403.log	/data/esteban/pii/runs/train/wd_armW_fe2/20260830_095403.log	54936	4af58aa014654bec484e41143a59a14e	
runs/train/scrfd/armW_fe2/20260830_095403.log.json	/data/esteban/pii/runs/train/wd_armW_fe2/20260830_095403.log.json	49761	87dde6528f59121677b3d60660ebc8f2	
runs/train/scrfd/armW_fe2/LAUNCH_CMD.sh	/data/esteban/pii/runs/train/wd_armW_fe2/LAUNCH_CMD.sh	795	72e30fda420f585fdeada4f85cc24084	
runs/train/scrfd/armW_fe2/epochs/epoch_10.pth	/data/esteban/pii/runs/train/wd_armW_fe2/epoch_10.pth	34020059	d7137b169456a7fd82df02894d9550c4	pii/models/scrfd/armW_fe2/epochs/epoch_10.pth
runs/train/scrfd/armW_fe2/epochs/epoch_15.pth	/data/esteban/pii/runs/train/wd_armW_fe2/epoch_15.pth	34020059	af225a0c412e3b37cd0a8000408c2255	pii/models/scrfd/armW_fe2/epochs/epoch_15.pth
runs/train/scrfd/armW_fe2/epochs/epoch_20.pth	/data/esteban/pii/runs/train/wd_armW_fe2/epoch_20.pth	34020059	ad98e380423be091288c1b042a1ab4e7	pii/models/scrfd/armW_fe2/epochs/epoch_20.pth
runs/train/scrfd/armW_fe2/epochs/epoch_5.pth	/data/esteban/pii/runs/train/wd_armW_fe2/epoch_5.pth	34019931	351d0cdc1aa542ce4242f14de55e0837	pii/models/scrfd/armW_fe2/epochs/epoch_5.pth
runs/train/scrfd/armW_fe2/epochs/latest.pth	/data/esteban/pii/runs/train/wd_armW_fe2/latest.pth	-1	symlink:epoch_20.pth	
runs/train/scrfd/armW_fe2/onnx/armW_fe2_det10g.onnx	/data/esteban/pii/runs/train/armW_fe2_det10g.onnx	16962796	10df1f8bbe91a9d07a5b981ed798e0db	pii/models/scrfd/armW_fe2/onnx/armW_fe2_det10g.onnx
runs/train/scrfd/armW_fe2/scrfd_armW_fe2.py	/data/esteban/pii/runs/train/wd_armW_fe2/scrfd_armW_fe2.py	8320	2bca9de3ea98cc236c9ae39433178021	
runs/train/scrfd/armW_fe2/train.log	/data/esteban/pii/runs/train/wd_armW_fe2/train.log	56890	23fd663bcc41cb129160875dc4f5fd6c	pii/models/scrfd/armW_fe2/train.log
runs/train/scrfd/armW_nowider/20260830_094002.log	/data/esteban/pii/runs/train/wd_armW_nowider/20260830_094002.log	38820	0bcc29e5c1bfa1a17f272bc98dcf7972	
runs/train/scrfd/armW_nowider/20260830_094002.log.json	/data/esteban/pii/runs/train/wd_armW_nowider/20260830_094002.log.json	34698	a7c36b2ec418dbfa17fed1b4bf0c5a3f	
runs/train/scrfd/armW_nowider/LAUNCH_CMD.sh	/data/esteban/pii/runs/train/wd_armW_nowider/LAUNCH_CMD.sh	986	c6f0b606180703217e8694e56643dc62	
runs/train/scrfd/armW_nowider/epochs/epoch_10.pth	/data/esteban/pii/runs/train/wd_armW_nowider/epoch_10.pth	34020059	4296177e9010610791084dfa8e40c353	pii/models/scrfd/armW_nowider/epochs/epoch_10.pth
runs/train/scrfd/armW_nowider/epochs/epoch_15.pth	/data/esteban/pii/runs/train/wd_armW_nowider/epoch_15.pth	34020059	67c6978b3dcf8a021e8d87090e50c497	pii/models/scrfd/armW_nowider/epochs/epoch_15.pth
runs/train/scrfd/armW_nowider/epochs/epoch_20.pth	/data/esteban/pii/runs/train/wd_armW_nowider/epoch_20.pth	34020059	bee98703b03af194ee05de669331d1fe	pii/models/scrfd/armW_nowider/epochs/epoch_20.pth
runs/train/scrfd/armW_nowider/epochs/epoch_5.pth	/data/esteban/pii/runs/train/wd_armW_nowider/epoch_5.pth	34019995	4ba629fcf28e6003798cb8e9a13a69f7	pii/models/scrfd/armW_nowider/epochs/epoch_5.pth
runs/train/scrfd/armW_nowider/epochs/latest.pth	/data/esteban/pii/runs/train/wd_armW_nowider/latest.pth	-1	symlink:epoch_20.pth	
runs/train/scrfd/armW_nowider/launcher.pid	/data/esteban/pii/runs/train/wd_armW_nowider/launcher.pid	8	6797cc3395b8f8a43c6c8ebba8cd25a2	
runs/train/scrfd/armW_nowider/onnx/armW_nowider_det10g.onnx	/data/esteban/pii/runs/train/armW_nowider_det10g.onnx	16962796	fbdafd176b60d54cd04844cb10325572	pii/models/scrfd/armW_nowider/onnx/armW_nowider_det10g.onnx
runs/train/scrfd/armW_nowider/scrfd_armW_nowider.py	/data/esteban/pii/runs/train/wd_armW_nowider/scrfd_armW_nowider.py	8328	bf5b528513f53248b182ad60abdddeb6	
runs/train/scrfd/armW_nowider/train.log	/data/esteban/pii/runs/train/wd_armW_nowider/train.log	40774	43be90831f2828df41cc03d1d611235d	pii/models/scrfd/armW_nowider/train.log
runs/train/scrfd/armW_repro/20260830_005016.log	/data/esteban/pii/runs/train/wd_armW_repro/20260830_005016.log	14361	a34768cc6261b2d77b6a28de9502c470	
runs/train/scrfd/armW_repro/20260830_005016.log.json	/data/esteban/pii/runs/train/wd_armW_repro/20260830_005016.log.json	12303	0179d6f707aa5685455720284328c28b	
runs/train/scrfd/armW_repro/20260830_005627.log	/data/esteban/pii/runs/train/wd_armW_repro/20260830_005627.log	54938	aafb3cb0bb08a7d98cc5f373ef2265c7	
runs/train/scrfd/armW_repro/20260830_005627.log.json	/data/esteban/pii/runs/train/wd_armW_repro/20260830_005627.log.json	49752	5a12cf0d5023ee325704da5f378ef98c	
runs/train/scrfd/armW_repro/LAUNCH_CMD.sh	/data/esteban/pii/runs/train/wd_armW_repro/LAUNCH_CMD.sh	833	2374fd55d1cf1c4dc6133cf39e8d0dfb	
runs/train/scrfd/armW_repro/epochs/epoch_10.pth	/data/esteban/pii/runs/train/wd_armW_repro/epoch_10.pth	34020059	9572261ded6cf882d21cd71e50dac170	pii/models/scrfd/armW_repro/epochs/epoch_10.pth
runs/train/scrfd/armW_repro/epochs/epoch_15.pth	/data/esteban/pii/runs/train/wd_armW_repro/epoch_15.pth	34020059	6c374474faadd5a829859fa4c5379294	pii/models/scrfd/armW_repro/epochs/epoch_15.pth
runs/train/scrfd/armW_repro/epochs/epoch_20.pth	/data/esteban/pii/runs/train/wd_armW_repro/epoch_20.pth	34020059	22f02fd1537fad1a6f736066b55663bd	pii/models/scrfd/armW_repro/epochs/epoch_20.pth
runs/train/scrfd/armW_repro/epochs/epoch_5.pth	/data/esteban/pii/runs/train/wd_armW_repro/epoch_5.pth	34019931	ee92521e7a2dee167efde6f822648eaa	pii/models/scrfd/armW_repro/epochs/epoch_5.pth
runs/train/scrfd/armW_repro/epochs/latest.pth	/data/esteban/pii/runs/train/wd_armW_repro/latest.pth	-1	symlink:epoch_20.pth	
runs/train/scrfd/armW_repro/launcher.pid	/data/esteban/pii/runs/train/wd_armW_repro/launcher.pid	8	fb2414ab86e91ece1109f22591e5df8b	
runs/train/scrfd/armW_repro/onnx/armW_repro_det10g.onnx	/data/esteban/pii/runs/train/armW_repro_det10g.onnx	16962796	e9e77f4b81a9772499a963c26c27690b	pii/models/scrfd/armW_repro/onnx/armW_repro_det10g.onnx
runs/train/scrfd/armW_repro/scrfd_armW.py	/data/esteban/pii/runs/train/wd_armW_repro/scrfd_armW.py	8318	c92e628f3de432bed4912abfba84abd6	
runs/train/scrfd/armW_repro/train.log	/data/esteban/pii/runs/train/wd_armW_repro/train.log	56892	6c08b9218288ebfcefde6e6fd6e60fba	pii/models/scrfd/armW_repro/train.log
runs/train/scrfd/armW_repro/train_attempt1_w4.log	/data/esteban/pii/runs/train/wd_armW_repro/train_attempt1_w4.log	19005	f24a96f524141247f2a144bf6a3525bb	
runs/train/scrfd/armX/20260903_101803.log	/data/esteban/pii/runs/train/wd_armX/20260903_101803.log	122409	b1e016520300e39157f299bd188c0af3	
runs/train/scrfd/armX/20260903_101803.log.json	/data/esteban/pii/runs/train/wd_armX/20260903_101803.log.json	110635	7331d320e5f6a3cd7713535d50ccc716	
runs/train/scrfd/armX/LAUNCHED_AT	/data/esteban/pii/runs/train/wd_armX/LAUNCHED_AT	66	2dd133770845e79229b11656387c2b86	
runs/train/scrfd/armX/babysit.log	/data/esteban/pii/runs/train/wd_armX/babysit.log	205	25d98c9f6bbdfac8364d0e5d846b6704	
runs/train/scrfd/armX/epochs/epoch_1.pth	/data/esteban/pii/runs/train/wd_armX/epoch_1.pth	34019931	3b3d0a5114dba5499f93dd4111685910	pii/models/scrfd/armX/epochs/epoch_1.pth
runs/train/scrfd/armX/epochs/epoch_10.pth	/data/esteban/pii/runs/train/wd_armX/epoch_10.pth	34020059	c4ee943f9e1aaa9ccacb69e103cef05f	pii/models/scrfd/armX/epochs/epoch_10.pth
runs/train/scrfd/armX/epochs/epoch_11.pth	/data/esteban/pii/runs/train/wd_armX/epoch_11.pth	34020059	d7211512b6efbd8e900af62fae60e909	pii/models/scrfd/armX/epochs/epoch_11.pth
runs/train/scrfd/armX/epochs/epoch_12.pth	/data/esteban/pii/runs/train/wd_armX/epoch_12.pth	34020059	b09d6f7e9371f6e36d6f0f210f8dbeda	pii/models/scrfd/armX/epochs/epoch_12.pth
runs/train/scrfd/armX/epochs/epoch_13.pth	/data/esteban/pii/runs/train/wd_armX/epoch_13.pth	34020059	1e31926dc998a18a435a1078a4e5f44e	pii/models/scrfd/armX/epochs/epoch_13.pth
runs/train/scrfd/armX/epochs/epoch_14.pth	/data/esteban/pii/runs/train/wd_armX/epoch_14.pth	34020059	60b94bd725a345b07c245cd92e1b102f	pii/models/scrfd/armX/epochs/epoch_14.pth
runs/train/scrfd/armX/epochs/epoch_15.pth	/data/esteban/pii/runs/train/wd_armX/epoch_15.pth	34020059	08cce96a6ad4dcfd832d84a3d17225b4	pii/models/scrfd/armX/epochs/epoch_15.pth
runs/train/scrfd/armX/epochs/epoch_16.pth	/data/esteban/pii/runs/train/wd_armX/epoch_16.pth	34020059	f6eca88cfe1dca0bf8f8729722a5c930	pii/models/scrfd/armX/epochs/epoch_16.pth
runs/train/scrfd/armX/epochs/epoch_17.pth	/data/esteban/pii/runs/train/wd_armX/epoch_17.pth	34020059	7f1aaccb82798cae1551459ce8a8b3ee	pii/models/scrfd/armX/epochs/epoch_17.pth
runs/train/scrfd/armX/epochs/epoch_18.pth	/data/esteban/pii/runs/train/wd_armX/epoch_18.pth	34020059	cbccd477d937c778d3a43315392510c9	pii/models/scrfd/armX/epochs/epoch_18.pth
runs/train/scrfd/armX/epochs/epoch_19.pth	/data/esteban/pii/runs/train/wd_armX/epoch_19.pth	34020059	88bb787763ccbc877c1f163fdb4c1edc	pii/models/scrfd/armX/epochs/epoch_19.pth
runs/train/scrfd/armX/epochs/epoch_2.pth	/data/esteban/pii/runs/train/wd_armX/epoch_2.pth	34020059	b2d169d62ba4db07d0362a693af2a436	pii/models/scrfd/armX/epochs/epoch_2.pth
runs/train/scrfd/armX/epochs/epoch_20.pth	/data/esteban/pii/runs/train/wd_armX/epoch_20.pth	34020059	4b80ecad1d7c8779870880df4bcf98bd	pii/models/scrfd/armX/epochs/epoch_20.pth
runs/train/scrfd/armX/epochs/epoch_3.pth	/data/esteban/pii/runs/train/wd_armX/epoch_3.pth	34020059	af4e4a6a717f3c635752f5fe55567ef5	pii/models/scrfd/armX/epochs/epoch_3.pth
runs/train/scrfd/armX/epochs/epoch_4.pth	/data/esteban/pii/runs/train/wd_armX/epoch_4.pth	34020059	524f366f6ca4cf2a9a8a16ee3f1f3bab	pii/models/scrfd/armX/epochs/epoch_4.pth
runs/train/scrfd/armX/epochs/epoch_5.pth	/data/esteban/pii/runs/train/wd_armX/epoch_5.pth	34020059	a40859545852b5df2acf56825890a1d3	pii/models/scrfd/armX/epochs/epoch_5.pth
runs/train/scrfd/armX/epochs/epoch_6.pth	/data/esteban/pii/runs/train/wd_armX/epoch_6.pth	34020059	a4ed778d367915568e34811c8c8c9f26	pii/models/scrfd/armX/epochs/epoch_6.pth
runs/train/scrfd/armX/epochs/epoch_7.pth	/data/esteban/pii/runs/train/wd_armX/epoch_7.pth	34020059	568231df13bc91c1a69ab23f0d5081e6	pii/models/scrfd/armX/epochs/epoch_7.pth
runs/train/scrfd/armX/epochs/epoch_8.pth	/data/esteban/pii/runs/train/wd_armX/epoch_8.pth	34020059	3cb550bf1fec233e04bb2b6a38321cd4	pii/models/scrfd/armX/epochs/epoch_8.pth
runs/train/scrfd/armX/epochs/epoch_9.pth	/data/esteban/pii/runs/train/wd_armX/epoch_9.pth	34020059	0dad69b2685c0fefa46f9384bb04afd5	pii/models/scrfd/armX/epochs/epoch_9.pth
runs/train/scrfd/armX/epochs/latest.pth	/data/esteban/pii/runs/train/wd_armX/latest.pth	-1	symlink:epoch_20.pth	
runs/train/scrfd/armX/onnx/armX_det10g.onnx	/data/esteban/pii/runs/train/armX_det10g.onnx	16962796	e61b93d8bf4edddea34a563abe725b96	pii/models/scrfd/armX/onnx/armX_det10g.onnx
runs/train/scrfd/armX/run_armX.sh	/data/esteban/pii/runs/train/wd_armX/run_armX.sh	1843	9c8051ea6d38df17538c16993e1452d0	
runs/train/scrfd/armX/scrfd_armX.py	/data/esteban/pii/runs/train/wd_armX/scrfd_armX.py	8317	c89d04616ee2b69b3b3282c9ffadbae4	
runs/train/scrfd/armX/train.log	/data/esteban/pii/runs/train/wd_armX/train.log	123430	106f55e3222b5a7792e13a09a9cab4a2	pii/models/scrfd/armX/train.log
runs/train/scrfd/armX/watch_and_launch.sh	/data/esteban/pii/runs/train/wd_armX/watch_and_launch.sh	1302	429464a581dce1f8385f32a2c445a404	
runs/train/scrfd/armX/watcher.log	/data/esteban/pii/runs/train/wd_armX/watcher.log	0	d41d8cd98f00b204e9800998ecf8427e	
runs/train/scrfd/armX/watcher_nohup.out	/data/esteban/pii/runs/train/wd_armX/watcher_nohup.out	0	d41d8cd98f00b204e9800998ecf8427e	
runs/train/scrfd/armY/embedded_config.py	/data/esteban/pii/runs/train/wd_armY_ckpt/embedded_config.py	8242	88fa868dbc68c80bf83c2b62d2b5154d	
runs/train/scrfd/armY/epochs/epoch_20.pth	/data/esteban/pii/runs/train/wd_armY_ckpt/epoch_20.pth	79387400	55ba3f1eefe08cd7e9c020cd156ab89f	pii/models/scrfd/armY/epochs/epoch_20.pth
runs/train/scrfd/armY/export_armAA34_onnx.py	/data/esteban/pii/runs/train/wd_armY_ckpt/export_armAA34_onnx.py	6240	d51e0573b374f68f5792d909fc4d22e5	
runs/train/scrfd/armY/export_armAG34_onnx.py	/data/esteban/pii/runs/train/wd_armY_ckpt/export_armAG34_onnx.py	7654	7cda2e063757e7da77938a2b2ce2bb73	
runs/train/scrfd/armY/export_armAH34_onnx.py	/data/esteban/pii/runs/train/wd_armY_ckpt/export_armAH34_onnx.py	7809	168f22e1c252a97a91f154e5bd2ebf6f	
runs/train/scrfd/armY/export_armAM34_onnx.py	/data/esteban/pii/runs/train/wd_armY_ckpt/export_armAM34_onnx.py	7810	6c494f8ffe89c7e75251c091d7c2d466	
runs/train/scrfd/armY/export_armY_onnx.py	/data/esteban/pii/runs/train/wd_armY_ckpt/export_armY_onnx.py	5924	800b6393d88d7c8b040e033e11032958	
runs/train/scrfd/armY/export_armZ34_onnx.py	/data/esteban/pii/runs/train/wd_armY_ckpt/export_armZ34_onnx.py	6237	ac130e729acd7e953ba5408b3682143d	
runs/train/scrfd/armY/export_armZZ34_onnx.py	/data/esteban/pii/runs/train/wd_armY_ckpt/export_armZZ34_onnx.py	6240	56c48f550c26f9c2e94ac5ce946767c0	
runs/train/scrfd/armY/export_stock34_onnx.py	/data/esteban/pii/runs/train/wd_armY_ckpt/export_stock34_onnx.py	7381	9209eda0437bfefe34e8b9d3a209b23c	
runs/train/scrfd/armY/onnx/armY_det34g.onnx	/data/esteban/pii/runs/train/armY_det34g.onnx	39427800	6aab1118d5fe9017fa4c4e7e86ddb0a0	pii/models/scrfd/armY/onnx/armY_det34g.onnx
runs/train/scrfd/armZ/20260909_124812.log	/data/esteban/pii/runs/train/wd_armZ/20260909_124812.log	105676	6b00ac4bd351a0872ab6d473cdc75feb	
runs/train/scrfd/armZ/20260909_124812.log.json	/data/esteban/pii/runs/train/wd_armZ/20260909_124812.log.json	95400	d16881b73d167b17da6c357eb99df57a	
runs/train/scrfd/armZ/babysit.log	/data/esteban/pii/runs/train/wd_armZ/babysit.log	474	a52d66d6128e834e90fdaf6f55f019b9	
runs/train/scrfd/armZ/epochs/epoch_1.pth	/data/esteban/pii/runs/train/wd_armZ/epoch_1.pth	34019931	b0cb41028f4a15b3594477adcefe6126	pii/models/scrfd/armZ/epochs/epoch_1.pth
runs/train/scrfd/armZ/epochs/epoch_10.pth	/data/esteban/pii/runs/train/wd_armZ/epoch_10.pth	34020059	39d482c8c34200f0ab718d7898c0cd68	pii/models/scrfd/armZ/epochs/epoch_10.pth
runs/train/scrfd/armZ/epochs/epoch_11.pth	/data/esteban/pii/runs/train/wd_armZ/epoch_11.pth	34020059	503b156175726827bfaf03faf220ff2a	pii/models/scrfd/armZ/epochs/epoch_11.pth
runs/train/scrfd/armZ/epochs/epoch_12.pth	/data/esteban/pii/runs/train/wd_armZ/epoch_12.pth	34020059	bfbfa9627cc565d349d1ed438e0751ed	pii/models/scrfd/armZ/epochs/epoch_12.pth
runs/train/scrfd/armZ/epochs/epoch_13.pth	/data/esteban/pii/runs/train/wd_armZ/epoch_13.pth	34020059	bd4cff66ccb2375023a92312d5d65355	pii/models/scrfd/armZ/epochs/epoch_13.pth
runs/train/scrfd/armZ/epochs/epoch_14.pth	/data/esteban/pii/runs/train/wd_armZ/epoch_14.pth	34020059	45a91d1b5fd784dfd51241e7760d9da3	pii/models/scrfd/armZ/epochs/epoch_14.pth
runs/train/scrfd/armZ/epochs/epoch_15.pth	/data/esteban/pii/runs/train/wd_armZ/epoch_15.pth	34020059	e9fc38a80953e6a80c7c80aa8f26c70f	pii/models/scrfd/armZ/epochs/epoch_15.pth
runs/train/scrfd/armZ/epochs/epoch_16.pth	/data/esteban/pii/runs/train/wd_armZ/epoch_16.pth	34020059	0938fb3128b55cffd352e6640709b39b	pii/models/scrfd/armZ/epochs/epoch_16.pth
runs/train/scrfd/armZ/epochs/epoch_17.pth	/data/esteban/pii/runs/train/wd_armZ/epoch_17.pth	34020059	dfe40c1370a7e28ccee12c7940a69009	pii/models/scrfd/armZ/epochs/epoch_17.pth
runs/train/scrfd/armZ/epochs/epoch_18.pth	/data/esteban/pii/runs/train/wd_armZ/epoch_18.pth	34020059	9057a8f3d28f1399985f481d6f4cf096	pii/models/scrfd/armZ/epochs/epoch_18.pth
runs/train/scrfd/armZ/epochs/epoch_19.pth	/data/esteban/pii/runs/train/wd_armZ/epoch_19.pth	34020059	b73826711404003f59d1682911fb4596	pii/models/scrfd/armZ/epochs/epoch_19.pth
runs/train/scrfd/armZ/epochs/epoch_2.pth	/data/esteban/pii/runs/train/wd_armZ/epoch_2.pth	34020059	bc83b9cad2254915fd7f607407ad5882	pii/models/scrfd/armZ/epochs/epoch_2.pth
runs/train/scrfd/armZ/epochs/epoch_20.pth	/data/esteban/pii/runs/train/wd_armZ/epoch_20.pth	34020059	bd127ad3d4d2c3d6ef69b34571e511dd	pii/models/scrfd/armZ/epochs/epoch_20.pth
runs/train/scrfd/armZ/epochs/epoch_3.pth	/data/esteban/pii/runs/train/wd_armZ/epoch_3.pth	34020059	84d3ffd719ce99575a6e7755674e9190	pii/models/scrfd/armZ/epochs/epoch_3.pth
runs/train/scrfd/armZ/epochs/epoch_4.pth	/data/esteban/pii/runs/train/wd_armZ/epoch_4.pth	34020059	89f77bbae533d1b27da6999c6f0050e8	pii/models/scrfd/armZ/epochs/epoch_4.pth
runs/train/scrfd/armZ/epochs/epoch_5.pth	/data/esteban/pii/runs/train/wd_armZ/epoch_5.pth	34020059	f5f0e6ce21fa73bf937726be249f736b	pii/models/scrfd/armZ/epochs/epoch_5.pth
runs/train/scrfd/armZ/epochs/epoch_6.pth	/data/esteban/pii/runs/train/wd_armZ/epoch_6.pth	34020059	615072c27af713d73119695b187d6337	pii/models/scrfd/armZ/epochs/epoch_6.pth
runs/train/scrfd/armZ/epochs/epoch_7.pth	/data/esteban/pii/runs/train/wd_armZ/epoch_7.pth	34020059	de5650e9062cb218b25b80a4f1219133	pii/models/scrfd/armZ/epochs/epoch_7.pth
runs/train/scrfd/armZ/epochs/epoch_8.pth	/data/esteban/pii/runs/train/wd_armZ/epoch_8.pth	34020059	6a903dfec307f4bf59caec046411876b	pii/models/scrfd/armZ/epochs/epoch_8.pth
runs/train/scrfd/armZ/epochs/epoch_9.pth	/data/esteban/pii/runs/train/wd_armZ/epoch_9.pth	34020059	ff9241221ef63389396d884bf5dcda25	pii/models/scrfd/armZ/epochs/epoch_9.pth
runs/train/scrfd/armZ/epochs/latest.pth	/data/esteban/pii/runs/train/wd_armZ/latest.pth	-1	symlink:epoch_20.pth	
runs/train/scrfd/armZ/onnx/armZ_det10g.onnx	/data/esteban/pii/runs/train/armZ_det10g.onnx	16962796	ef3e4d91a98ca5ce8075668586b86e7a	pii/models/scrfd/armZ/onnx/armZ_det10g.onnx
runs/train/scrfd/armZ/run_armZ.sh	/data/esteban/pii/runs/train/wd_armZ/run_armZ.sh	4414	c1a9991c5b0523296e8a860a7c5bf80b	
runs/train/scrfd/armZ/scrfd_armZ.py	/data/esteban/pii/runs/train/wd_armZ/scrfd_armZ.py	8308	b2797892dcd3dfc8ade4ad1378d40e62	
runs/train/scrfd/armZ/train.log	/data/esteban/pii/runs/train/wd_armZ/train.log	106697	76c0b7ee9326fc9308a1fe40d21a080d	pii/models/scrfd/armZ/train.log
runs/train/scrfd/armZ34/20260909_124812.log	/data/esteban/pii/runs/train/wd_armZ34/20260909_124812.log	749090	9a6b094d3c42bf16df1e756684f4aa17	
runs/train/scrfd/armZ34/20260909_124812.log.json	/data/esteban/pii/runs/train/wd_armZ34/20260909_124812.log.json	688713	9c0605d8a03cf0282e37c2c0ca491b76	
runs/train/scrfd/armZ34/babysit.log	/data/esteban/pii/runs/train/wd_armZ34/babysit.log	480	49287c2293eae1e8f1a9f9b3341249aa	
runs/train/scrfd/armZ34/epochs/epoch_1.pth	/data/esteban/pii/runs/train/wd_armZ34/epoch_1.pth	79387272	e9774a846ea95ea4e8d9f6101fca5ae5	pii/models/scrfd/armZ34/epochs/epoch_1.pth
runs/train/scrfd/armZ34/epochs/epoch_10.pth	/data/esteban/pii/runs/train/wd_armZ34/epoch_10.pth	79387400	4e382d11ec6bd869b1f1ebcba8fb2d30	pii/models/scrfd/armZ34/epochs/epoch_10.pth
runs/train/scrfd/armZ34/epochs/epoch_11.pth	/data/esteban/pii/runs/train/wd_armZ34/epoch_11.pth	79387400	ee7e8cb36b5c76a27ea82a5d7e81f86a	pii/models/scrfd/armZ34/epochs/epoch_11.pth
runs/train/scrfd/armZ34/epochs/epoch_12.pth	/data/esteban/pii/runs/train/wd_armZ34/epoch_12.pth	79387400	19f992c41311d1c5554807d93cd2bd11	pii/models/scrfd/armZ34/epochs/epoch_12.pth
runs/train/scrfd/armZ34/epochs/epoch_13.pth	/data/esteban/pii/runs/train/wd_armZ34/epoch_13.pth	79387400	90755b921c57cd7b9bd817689398d457	pii/models/scrfd/armZ34/epochs/epoch_13.pth
runs/train/scrfd/armZ34/epochs/epoch_14.pth	/data/esteban/pii/runs/train/wd_armZ34/epoch_14.pth	79387400	43f0c83f9fe1682113552d7729f9ca85	pii/models/scrfd/armZ34/epochs/epoch_14.pth
runs/train/scrfd/armZ34/epochs/epoch_15.pth	/data/esteban/pii/runs/train/wd_armZ34/epoch_15.pth	79387400	ff9db1efeb47bacfcfa111c2fb2f0aa9	pii/models/scrfd/armZ34/epochs/epoch_15.pth
runs/train/scrfd/armZ34/epochs/epoch_16.pth	/data/esteban/pii/runs/train/wd_armZ34/epoch_16.pth	79387400	b431f9ab63588ed0caf8f501b3035d2c	pii/models/scrfd/armZ34/epochs/epoch_16.pth
runs/train/scrfd/armZ34/epochs/epoch_17.pth	/data/esteban/pii/runs/train/wd_armZ34/epoch_17.pth	79387400	9680d375888b85389affd20475322553	pii/models/scrfd/armZ34/epochs/epoch_17.pth
runs/train/scrfd/armZ34/epochs/epoch_18.pth	/data/esteban/pii/runs/train/wd_armZ34/epoch_18.pth	79387400	aa5b7af8b8a7d45915800c2065c0c1f8	pii/models/scrfd/armZ34/epochs/epoch_18.pth
runs/train/scrfd/armZ34/epochs/epoch_19.pth	/data/esteban/pii/runs/train/wd_armZ34/epoch_19.pth	79387400	10ed5a69be7efa4bba3fc80eeabef3d9	pii/models/scrfd/armZ34/epochs/epoch_19.pth
runs/train/scrfd/armZ34/epochs/epoch_2.pth	/data/esteban/pii/runs/train/wd_armZ34/epoch_2.pth	79387400	9e6a7242076da6f7dc99e402bd09082a	pii/models/scrfd/armZ34/epochs/epoch_2.pth
runs/train/scrfd/armZ34/epochs/epoch_20.pth	/data/esteban/pii/runs/train/wd_armZ34/epoch_20.pth	79387400	58948cf043c0c58cabbf218c56b9e69e	pii/models/scrfd/armZ34/epochs/epoch_20.pth
runs/train/scrfd/armZ34/epochs/epoch_3.pth	/data/esteban/pii/runs/train/wd_armZ34/epoch_3.pth	79387400	466b886dbe0465856660da6c64720ff6	pii/models/scrfd/armZ34/epochs/epoch_3.pth
runs/train/scrfd/armZ34/epochs/epoch_4.pth	/data/esteban/pii/runs/train/wd_armZ34/epoch_4.pth	79387400	891bd46ef4d4e4820726b05bec707d8e	pii/models/scrfd/armZ34/epochs/epoch_4.pth
runs/train/scrfd/armZ34/epochs/epoch_5.pth	/data/esteban/pii/runs/train/wd_armZ34/epoch_5.pth	79387400	de35672e854bdc619095c58dcef8af61	pii/models/scrfd/armZ34/epochs/epoch_5.pth
runs/train/scrfd/armZ34/epochs/epoch_6.pth	/data/esteban/pii/runs/train/wd_armZ34/epoch_6.pth	79387400	3420b0d2004c7f74e96deee2badf8ac9	pii/models/scrfd/armZ34/epochs/epoch_6.pth
runs/train/scrfd/armZ34/epochs/epoch_7.pth	/data/esteban/pii/runs/train/wd_armZ34/epoch_7.pth	79387400	72e87317d581651a32c59551fae7ba27	pii/models/scrfd/armZ34/epochs/epoch_7.pth
runs/train/scrfd/armZ34/epochs/epoch_8.pth	/data/esteban/pii/runs/train/wd_armZ34/epoch_8.pth	79387400	9380b7096664d28b3a15d37b779a4cba	pii/models/scrfd/armZ34/epochs/epoch_8.pth
runs/train/scrfd/armZ34/epochs/epoch_9.pth	/data/esteban/pii/runs/train/wd_armZ34/epoch_9.pth	79387400	3a000841e02c019636da55de35de669e	pii/models/scrfd/armZ34/epochs/epoch_9.pth
runs/train/scrfd/armZ34/epochs/latest.pth	/data/esteban/pii/runs/train/wd_armZ34/latest.pth	-1	symlink:epoch_20.pth	
runs/train/scrfd/armZ34/onnx/armZ34_det34g.onnx	/data/esteban/pii/runs/train/armZ34_det34g.onnx	39427800	f1505bb8a1bcaa20973859aed9b2d03c	pii/models/scrfd/armZ34/onnx/armZ34_det34g.onnx
runs/train/scrfd/armZ34/scrfd_armZ34.py	/data/esteban/pii/runs/train/wd_armZ34/scrfd_armZ34.py	8244	4e2d437e78c5fd33b164b93a2e61171f	
runs/train/scrfd/armZ34/train.log	/data/esteban/pii/runs/train/wd_armZ34/train.log	750111	9d70693ded70ee68f0883a619a2e5951	pii/models/scrfd/armZ34/train.log
runs/train/scrfd/armZZ/20260909_124812.log	/data/esteban/pii/runs/train/wd_armZZ/20260909_124812.log	105241	286c28d2764d9505d8de4840815f5fc4	
runs/train/scrfd/armZZ/20260909_124812.log.json	/data/esteban/pii/runs/train/wd_armZZ/20260909_124812.log.json	94977	3e4e30bf7a6eea7621e6c685d0092e42	
runs/train/scrfd/armZZ/babysit.log	/data/esteban/pii/runs/train/wd_armZZ/babysit.log	481	a9fea0ec88c46d2378af3bea2b091951	
runs/train/scrfd/armZZ/epochs/epoch_1.pth	/data/esteban/pii/runs/train/wd_armZZ/epoch_1.pth	34019931	2d1f6ff532994ebc5729ff38be14e04c	pii/models/scrfd/armZZ/epochs/epoch_1.pth
runs/train/scrfd/armZZ/epochs/epoch_10.pth	/data/esteban/pii/runs/train/wd_armZZ/epoch_10.pth	34020059	1cab283e075644456b38c185a549fadd	pii/models/scrfd/armZZ/epochs/epoch_10.pth
runs/train/scrfd/armZZ/epochs/epoch_11.pth	/data/esteban/pii/runs/train/wd_armZZ/epoch_11.pth	34020059	2a17c79d675302e889b69a44255eaf6a	pii/models/scrfd/armZZ/epochs/epoch_11.pth
runs/train/scrfd/armZZ/epochs/epoch_12.pth	/data/esteban/pii/runs/train/wd_armZZ/epoch_12.pth	34020059	db68fc432618a02173d22f9790a1eb6a	pii/models/scrfd/armZZ/epochs/epoch_12.pth
runs/train/scrfd/armZZ/epochs/epoch_13.pth	/data/esteban/pii/runs/train/wd_armZZ/epoch_13.pth	34020059	5a94ad1f13d80e8ca14bc38566fc3181	pii/models/scrfd/armZZ/epochs/epoch_13.pth
runs/train/scrfd/armZZ/epochs/epoch_14.pth	/data/esteban/pii/runs/train/wd_armZZ/epoch_14.pth	34020059	e9cbc5d654d56263ccabf931b80cc825	pii/models/scrfd/armZZ/epochs/epoch_14.pth
runs/train/scrfd/armZZ/epochs/epoch_15.pth	/data/esteban/pii/runs/train/wd_armZZ/epoch_15.pth	34020059	0a4e51cf26557f242b11a1820c1e1ad1	pii/models/scrfd/armZZ/epochs/epoch_15.pth
runs/train/scrfd/armZZ/epochs/epoch_16.pth	/data/esteban/pii/runs/train/wd_armZZ/epoch_16.pth	34020059	1754f73c085e408546ad067cbd13de8b	pii/models/scrfd/armZZ/epochs/epoch_16.pth
runs/train/scrfd/armZZ/epochs/epoch_17.pth	/data/esteban/pii/runs/train/wd_armZZ/epoch_17.pth	34020059	addb11ffa80ce28626e621614e4cc294	pii/models/scrfd/armZZ/epochs/epoch_17.pth
runs/train/scrfd/armZZ/epochs/epoch_18.pth	/data/esteban/pii/runs/train/wd_armZZ/epoch_18.pth	34020059	c89c8418cac975c67b779e9e01b7b1fd	pii/models/scrfd/armZZ/epochs/epoch_18.pth
runs/train/scrfd/armZZ/epochs/epoch_19.pth	/data/esteban/pii/runs/train/wd_armZZ/epoch_19.pth	34020059	e4eaff9ea78418a031723186894d5c7d	pii/models/scrfd/armZZ/epochs/epoch_19.pth
runs/train/scrfd/armZZ/epochs/epoch_2.pth	/data/esteban/pii/runs/train/wd_armZZ/epoch_2.pth	34020059	0919f6d0269ae7ea2decfd138053b9d5	pii/models/scrfd/armZZ/epochs/epoch_2.pth
runs/train/scrfd/armZZ/epochs/epoch_20.pth	/data/esteban/pii/runs/train/wd_armZZ/epoch_20.pth	34020059	b1db5378e9f6fde8f37e4b8cdc37d7fe	pii/models/scrfd/armZZ/epochs/epoch_20.pth
runs/train/scrfd/armZZ/epochs/epoch_3.pth	/data/esteban/pii/runs/train/wd_armZZ/epoch_3.pth	34020059	f13d4aba001d69c8b54103741169e50d	pii/models/scrfd/armZZ/epochs/epoch_3.pth
runs/train/scrfd/armZZ/epochs/epoch_4.pth	/data/esteban/pii/runs/train/wd_armZZ/epoch_4.pth	34020059	8a704d68440c8eb5932959a1b3c0d48c	pii/models/scrfd/armZZ/epochs/epoch_4.pth
runs/train/scrfd/armZZ/epochs/epoch_5.pth	/data/esteban/pii/runs/train/wd_armZZ/epoch_5.pth	34020059	d0ca529c45d6d09d073cda13776dca48	pii/models/scrfd/armZZ/epochs/epoch_5.pth
runs/train/scrfd/armZZ/epochs/epoch_6.pth	/data/esteban/pii/runs/train/wd_armZZ/epoch_6.pth	34020059	870184797a156255279eb02805652185	pii/models/scrfd/armZZ/epochs/epoch_6.pth
runs/train/scrfd/armZZ/epochs/epoch_7.pth	/data/esteban/pii/runs/train/wd_armZZ/epoch_7.pth	34020059	accd40a52db696e3ee9485f5aeed567f	pii/models/scrfd/armZZ/epochs/epoch_7.pth
runs/train/scrfd/armZZ/epochs/epoch_8.pth	/data/esteban/pii/runs/train/wd_armZZ/epoch_8.pth	34020059	af66b47da428accae133dacbc2e875b0	pii/models/scrfd/armZZ/epochs/epoch_8.pth
runs/train/scrfd/armZZ/epochs/epoch_9.pth	/data/esteban/pii/runs/train/wd_armZZ/epoch_9.pth	34020059	31129a058ae47b0e8c8c40dcff7ce905	pii/models/scrfd/armZZ/epochs/epoch_9.pth
runs/train/scrfd/armZZ/epochs/latest.pth	/data/esteban/pii/runs/train/wd_armZZ/latest.pth	-1	symlink:epoch_20.pth	
runs/train/scrfd/armZZ/onnx/armZZ_det10g.onnx	/data/esteban/pii/runs/train/armZZ_det10g.onnx	16962796	be930efc6a080f04e749d8691f03b601	pii/models/scrfd/armZZ/onnx/armZZ_det10g.onnx
runs/train/scrfd/armZZ/scrfd_armZZ.py	/data/esteban/pii/runs/train/wd_armZZ/scrfd_armZZ.py	8309	f28deacd4765901caf5ce864fc72ba49	
runs/train/scrfd/armZZ/train.log	/data/esteban/pii/runs/train/wd_armZZ/train.log	107215	db476ee8c4270a748bd83727e531a14d	pii/models/scrfd/armZZ/train.log
runs/train/scrfd/armZZ34/20260909_124812.log	/data/esteban/pii/runs/train/wd_armZZ34/20260909_124812.log	381609	14d68b91bb94d8aad3ec4ed46d5ae54f	
runs/train/scrfd/armZZ34/20260909_124812.log.json	/data/esteban/pii/runs/train/wd_armZZ34/20260909_124812.log.json	350248	1c3fb9e777688dc7290646e528156e0b	
runs/train/scrfd/armZZ34/babysit.log	/data/esteban/pii/runs/train/wd_armZZ34/babysit.log	487	640bb1b891cc8366ffad055eca65afcf	
runs/train/scrfd/armZZ34/epochs/epoch_1.pth	/data/esteban/pii/runs/train/wd_armZZ34/epoch_1.pth	79387336	d1e060dd049b70d217450eeda1fd74d2	pii/models/scrfd/armZZ34/epochs/epoch_1.pth
runs/train/scrfd/armZZ34/epochs/epoch_10.pth	/data/esteban/pii/runs/train/wd_armZZ34/epoch_10.pth	79387400	1c4db45f6d6ee51a9ac1c6646f647996	pii/models/scrfd/armZZ34/epochs/epoch_10.pth
runs/train/scrfd/armZZ34/epochs/epoch_11.pth	/data/esteban/pii/runs/train/wd_armZZ34/epoch_11.pth	79387400	e0a3d42064126ec38262aba347ffe24c	pii/models/scrfd/armZZ34/epochs/epoch_11.pth
runs/train/scrfd/armZZ34/epochs/epoch_12.pth	/data/esteban/pii/runs/train/wd_armZZ34/epoch_12.pth	79387400	748c258b21a069e5adc921cc257f00d7	pii/models/scrfd/armZZ34/epochs/epoch_12.pth
runs/train/scrfd/armZZ34/epochs/epoch_13.pth	/data/esteban/pii/runs/train/wd_armZZ34/epoch_13.pth	79387400	e06ddc63c2559a88d9d36f67e691bd14	pii/models/scrfd/armZZ34/epochs/epoch_13.pth
runs/train/scrfd/armZZ34/epochs/epoch_14.pth	/data/esteban/pii/runs/train/wd_armZZ34/epoch_14.pth	79387400	23e691f7d2d42be9909355c1071a64de	pii/models/scrfd/armZZ34/epochs/epoch_14.pth
runs/train/scrfd/armZZ34/epochs/epoch_15.pth	/data/esteban/pii/runs/train/wd_armZZ34/epoch_15.pth	79387400	cccf8a0092dd2dea6c7ca3ee3b8c0974	pii/models/scrfd/armZZ34/epochs/epoch_15.pth
runs/train/scrfd/armZZ34/epochs/epoch_16.pth	/data/esteban/pii/runs/train/wd_armZZ34/epoch_16.pth	79387400	069862449542036578cdf88c12a37d55	pii/models/scrfd/armZZ34/epochs/epoch_16.pth
runs/train/scrfd/armZZ34/epochs/epoch_17.pth	/data/esteban/pii/runs/train/wd_armZZ34/epoch_17.pth	79387400	dc56ad3d94fddebeda89fb74b7c5d381	pii/models/scrfd/armZZ34/epochs/epoch_17.pth
runs/train/scrfd/armZZ34/epochs/epoch_18.pth	/data/esteban/pii/runs/train/wd_armZZ34/epoch_18.pth	79387400	9c0e178f29e690f3af101fd95b2d14fe	pii/models/scrfd/armZZ34/epochs/epoch_18.pth
runs/train/scrfd/armZZ34/epochs/epoch_19.pth	/data/esteban/pii/runs/train/wd_armZZ34/epoch_19.pth	79387400	97494c02f944cec75b72fd187e1f61b5	pii/models/scrfd/armZZ34/epochs/epoch_19.pth
runs/train/scrfd/armZZ34/epochs/epoch_2.pth	/data/esteban/pii/runs/train/wd_armZZ34/epoch_2.pth	79387400	f7a8b20dce28b2b123d8bc1d8c13a965	pii/models/scrfd/armZZ34/epochs/epoch_2.pth
runs/train/scrfd/armZZ34/epochs/epoch_20.pth	/data/esteban/pii/runs/train/wd_armZZ34/epoch_20.pth	79387400	23087b6d1fd5de789bdf6279078c1ad3	pii/models/scrfd/armZZ34/epochs/epoch_20.pth
runs/train/scrfd/armZZ34/epochs/epoch_3.pth	/data/esteban/pii/runs/train/wd_armZZ34/epoch_3.pth	79387400	e7cbefbbd1b0be50f9cd234d5ecb8010	pii/models/scrfd/armZZ34/epochs/epoch_3.pth
runs/train/scrfd/armZZ34/epochs/epoch_4.pth	/data/esteban/pii/runs/train/wd_armZZ34/epoch_4.pth	79387400	22b95cf7e5cb680372bcfbf7928a5832	pii/models/scrfd/armZZ34/epochs/epoch_4.pth
runs/train/scrfd/armZZ34/epochs/epoch_5.pth	/data/esteban/pii/runs/train/wd_armZZ34/epoch_5.pth	79387400	b59719dd68e130d054e25654170528fa	pii/models/scrfd/armZZ34/epochs/epoch_5.pth
runs/train/scrfd/armZZ34/epochs/epoch_6.pth	/data/esteban/pii/runs/train/wd_armZZ34/epoch_6.pth	79387400	1b76385f03b80e76cf4a187c8c7b4541	pii/models/scrfd/armZZ34/epochs/epoch_6.pth
runs/train/scrfd/armZZ34/epochs/epoch_7.pth	/data/esteban/pii/runs/train/wd_armZZ34/epoch_7.pth	79387400	70bb6a8b0d7018c3993e6b1c969980be	pii/models/scrfd/armZZ34/epochs/epoch_7.pth
runs/train/scrfd/armZZ34/epochs/epoch_8.pth	/data/esteban/pii/runs/train/wd_armZZ34/epoch_8.pth	79387400	b6fe263b8335cdda8c767ba37778bfa7	pii/models/scrfd/armZZ34/epochs/epoch_8.pth
runs/train/scrfd/armZZ34/epochs/epoch_9.pth	/data/esteban/pii/runs/train/wd_armZZ34/epoch_9.pth	79387400	b948e53d5974e3fa4e8b9018fb35db5d	pii/models/scrfd/armZZ34/epochs/epoch_9.pth
runs/train/scrfd/armZZ34/epochs/latest.pth	/data/esteban/pii/runs/train/wd_armZZ34/latest.pth	-1	symlink:epoch_20.pth	
runs/train/scrfd/armZZ34/onnx/armZZ34_det34g.onnx	/data/esteban/pii/runs/train/armZZ34_det34g.onnx	39427800	f002a45b1738d76d44a22d20984fd235	pii/models/scrfd/armZZ34/onnx/armZZ34_det34g.onnx
runs/train/scrfd/armZZ34/scrfd_armZZ34.py	/data/esteban/pii/runs/train/wd_armZZ34/scrfd_armZZ34.py	8245	eccd0bdadc15a5aae6e033d29e4e6397	
runs/train/scrfd/armZZ34/train.log	/data/esteban/pii/runs/train/wd_armZZ34/train.log	383583	e2f6366952386deeebc7766723372dbe	pii/models/scrfd/armZZ34/train.log
runs/train/scrfd/stock/SCRFD_10G_KPS_official.pth	/data/esteban/pii/weights/SCRFD_10G_KPS_official.pth	17005828	d016238ca847b4222f9eca748bc34638	pii/models/scrfd/stock/SCRFD_10G_KPS_official.pth
runs/train/scrfd/stock/SCRFD_10G_KPS_official.pth.provenance.txt	/data/esteban/pii/weights/SCRFD_10G_KPS_official.pth.provenance.txt	327	610ae49eeb25a65ef0da5adcd65cace6	
runs/train/scrfd/stock/SCRFD_10G_KPS_official.pth.sha256	/data/esteban/pii/weights/SCRFD_10G_KPS_official.pth.sha256	93	d5df8cac6cbe0ec8c1478b7f50ad2d00	
runs/train/scrfd/stock/SCRFD_34G_official.pth	/data/esteban/pii/weights/SCRFD_34G_official.pth	39677731	4f692734370d0fae43da68c2abe0b1b6	pii/models/scrfd/stock/SCRFD_34G_official.pth
runs/train/scrfd/stock/SCRFD_34G_official.pth.provenance.txt	/data/esteban/pii/weights/SCRFD_34G_official.pth.provenance.txt	445	b1122c1b71872cb189915cb3b7d13c14	
runs/train/scrfd/stock/SCRFD_34G_official.pth.sha256	/data/esteban/pii/weights/SCRFD_34G_official.pth.sha256	89	8e620a5aa383c9d2c050d1ac51f51b4b	
runs/train/scrfd/stock/det_10g.onnx	/data/esteban/pii/weights/det_10g.onnx	16923827	4c10eef5c9e168357a16fdd580fa8371	pii/models/scrfd/stock/det_10g.onnx
runs/train/scrfd/stock/stock34_det34g.onnx	/data/esteban/pii/weights/stock34_det34g.onnx	39427800	5cdf510ec3303a1cd415c47ea7308a69	pii/models/scrfd/stock/stock34_det34g.onnx
runs/train/scrfd/stock/stock34_det34g.onnx.md5	/data/esteban/pii/weights/stock34_det34g.onnx.md5	54	4a7e214bf0a44c548735c2d2eefd35de	
runs/train/scrfd/stock/stock34_det34g.onnx.provenance.txt	/data/esteban/pii/weights/stock34_det34g.onnx.provenance.txt	1597	dd8565730ab2ec9d3d76855910b406f7	
runs/train/scrfd/stock/stock34_det34g.onnx.sha256	/data/esteban/pii/weights/stock34_det34g.onnx.sha256	86	3b6a38cb6c29c6f47b3c0b1dfa24920a	
