2026-09-10 03:48:15,977 - mmdet - INFO - Environment info:
------------------------------------------------------------
sys.platform: linux
Python: 3.12.3 (main, Jun 19 2026, 12:46:00) [GCC 13.3.0]
CUDA available: True
GPU 0,1: NVIDIA GeForce RTX 5090
CUDA_HOME: /usr/local/cuda
NVCC: Build cuda_13.0.r13.0/compiler.36424714_0
GCC: gcc (Ubuntu 13.3.0-6ubuntu2~24.04.1) 13.3.0
PyTorch: 2.13.0+cu130
PyTorch compiling details: PyTorch built with:
  - GCC 13.3
  - C++ Version: 202002
  - Intel(R) oneAPI Math Kernel Library Version 2024.2-Product Build 20240605 for Intel(R) 64 architecture applications
  - Intel(R) MKL-DNN v3.12.0 (Git Hash 80afa71049cd69a3df32adcccb623b12cd7baa22)
  - OpenMP 201511 (a.k.a. OpenMP 4.5)
  - LAPACK is enabled (usually provided by MKL)
  - NNPACK is enabled
  - CPU capability usage: AVX512
  - CUDA Runtime 13.0
  - NVCC architecture flags: -gencode;arch=compute_75,code=sm_75;-gencode;arch=compute_80,code=sm_80;-gencode;arch=compute_86,code=sm_86;-gencode;arch=compute_90,code=sm_90;-gencode;arch=compute_100,code=sm_100;-gencode;arch=compute_120,code=sm_120
  - CuDNN 92.0  (built against CUDA 13.2)
  - Magma 2.6.1
  - Build settings: BLAS_INFO=mkl, BUILD_TYPE=Release, COMMIT_SHA=cf30153c4c131c8164ee7798e5022d810682e2cb, CUDA_FLAGS= -DLIBCUDACXX_ENABLE_SIMPLIFIED_COMPLEX_OPERATIONS -Xfatbin -compress-all -DONNX_NAMESPACE=onnx_torch -gencode arch=compute_75,code=sm_75 -gencode arch=compute_80,code=sm_80 -gencode arch=compute_86,code=sm_86 -gencode arch=compute_90,code=sm_90 -gencode arch=compute_100,code=sm_100 -gencode arch=compute_120,code=sm_120 -Xcudafe --diag_suppress=cc_clobber_ignored,--diag_suppress=field_without_dll_interface,--diag_suppress=base_class_has_different_dll_interface,--diag_suppress=dll_interface_conflict_none_assumed,--diag_suppress=dll_interface_conflict_dllexport_assumed,--diag_suppress=bad_friend_decl --expt-relaxed-constexpr --expt-extended-lambda -Xfatbin -compress-all --threads 2 -compress-mode=size -Wno-deprecated-gpu-targets --expt-extended-lambda -DCUB_WRAPPED_NAMESPACE=at_cuda_detail -DDISABLE_CUSPARSE_DEPRECATED -DCUDA_HAS_FP16=1 -D__CUDA_NO_HALF_OPERATORS__ -D__CUDA_NO_HALF_CONVERSIONS__ -D__CUDA_NO_HALF2_OPERATORS__ -D__CUDA_NO_BFLOAT16_CONVERSIONS__ -DC10_NODEPRECATED, CUDA_VERSION=13.0, CUDNN_VERSION=9.20.0, CXX_COMPILER=/opt/rh/gcc-toolset-13/root/usr/bin/c++, CXX_FLAGS= -fvisibility-inlines-hidden -DUSE_PTHREADPOOL -DNDEBUG -DUSE_KINETO -DHAS_CUPTI -DUSE_FBGEMM -DUSE_MSLK -DUSE_PYTORCH_QNNPACK -DSYMBOLICATE_MOBILE_DEBUG_HANDLE -O2 -fPIC -DC10_NODEPRECATED -Wall -Wextra -Werror=return-type -Werror=non-virtual-dtor -Werror=range-loop-construct -Werror=bool-operation -Wnarrowing -Wno-missing-field-initializers -Wno-unknown-pragmas -Wno-unused-parameter -Wno-strict-overflow -Wno-strict-aliasing -Wno-stringop-overflow -Wsuggest-override -Wno-psabi -Wno-error=old-style-cast -faligned-new -Wno-maybe-uninitialized -fno-math-errno -fno-trapping-math -Werror=format -Wno-dangling-reference -Wno-error=dangling-reference -Wno-stringop-overflow, LAPACK_INFO=mkl, PERF_WITH_AVX=1, PERF_WITH_AVX2=1, TORCH_VERSION=2.13.0, USE_CUDA=1, USE_CUDNN=ON, USE_CUSPARSELT=1, USE_GFLAGS=OFF, USE_GLOG=OFF, USE_GLOO=ON, USE_MKL=ON, USE_MKLDNN=ON, USE_MPI=OFF, USE_NCCL=ON, USE_NNPACK=ON, USE_OPENMP=ON, USE_ROCM=OFF, USE_ROCM_KERNEL_ASSERT=OFF, USE_XCCL=OFF, USE_XPU=OFF, 

TorchVision: 0.28.0+cu130
OpenCV: 4.11.0
MMCV: 1.4.0
MMCV Compiler: n/a (scrfd_shim: mmcv compiled without ops)
MMCV CUDA Compiler: n/a (scrfd_shim: mmcv compiled without ops)
MMDetection: 2.7.0+
------------------------------------------------------------

2026-09-10 03:48:16,328 - mmdet - INFO - Distributed training: True
2026-09-10 03:48:16,433 - mmdet - INFO - Config:
optimizer = dict(type='SGD', lr=0.001, momentum=0.9, weight_decay=0.0005)
optimizer_config = dict(
    type='GradientCumulativeOptimizerHook', cumulative_iters=4, grad_clip=None)
lr_config = dict(
    policy='step',
    warmup='linear',
    warmup_iters=500,
    warmup_ratio=0.001,
    step=[14, 18])
total_epochs = 20
checkpoint_config = dict(interval=1)
log_config = dict(interval=50, hooks=[dict(type='TextLoggerHook')])
dist_params = dict(backend='nccl')
log_level = 'INFO'
load_from = '/data/esteban/pii/weights/SCRFD_34G_official.pth'
work_dir = '/data/esteban/pii/runs/train/wd_armAA34'
resume_from = None
workflow = [('train', 1)]
dataset_type = 'RetinaFaceDataset'
data_root = 'data/retinaface/'
train_root = 'data/retinaface/train/'
val_root = 'data/retinaface/val/'
img_norm_cfg = dict(
    mean=[127.5, 127.5, 127.5], std=[128.0, 128.0, 128.0], to_rgb=True)
train_pipeline = [
    dict(type='LoadImageFromFile', to_float32=True),
    dict(type='LoadAnnotations', with_bbox=True, with_keypoints=True),
    dict(
        type='RandomSquareCrop',
        crop_choice=[0.3, 0.45, 0.6, 0.8, 1.0, 1.2, 1.4, 1.6, 1.8, 2.0],
        bbox_clip_border=False),
    dict(
        type='Resize',
        img_scale=(640, 640),
        keep_ratio=False,
        bbox_clip_border=False),
    dict(type='RandomFlip', flip_ratio=0.5),
    dict(
        type='PhotoMetricDistortion',
        brightness_delta=32,
        contrast_range=(0.5, 1.5),
        saturation_range=(0.5, 1.5),
        hue_delta=18),
    dict(
        type='Normalize',
        mean=[127.5, 127.5, 127.5],
        std=[128.0, 128.0, 128.0],
        to_rgb=True),
    dict(type='DefaultFormatBundle'),
    dict(
        type='Collect',
        keys=[
            'img', 'gt_bboxes', 'gt_labels', 'gt_bboxes_ignore',
            'gt_keypointss'
        ])
]
test_pipeline = [
    dict(type='LoadImageFromFile'),
    dict(
        type='MultiScaleFlipAug',
        img_scale=(640, 640),
        flip=False,
        transforms=[
            dict(type='Resize', keep_ratio=True),
            dict(type='RandomFlip', flip_ratio=0.0),
            dict(
                type='Normalize',
                mean=[127.5, 127.5, 127.5],
                std=[128.0, 128.0, 128.0],
                to_rgb=True),
            dict(type='Pad', size=(640, 640), pad_val=0),
            dict(type='ImageToTensor', keys=['img']),
            dict(type='Collect', keys=['img'])
        ])
]
data = dict(
    samples_per_gpu=8,
    workers_per_gpu=16,
    train=dict(
        type='RetinaFaceDataset',
        ann_file='data/mix_ds/train_Z2.txt',
        img_prefix='data/mix_ds/images/',
        pipeline=[
            dict(type='LoadImageFromFile', to_float32=True),
            dict(type='LoadAnnotations', with_bbox=True, with_keypoints=True),
            dict(
                type='RandomSquareCrop',
                crop_choice=[
                    0.3, 0.45, 0.6, 0.8, 1.0, 1.2, 1.4, 1.6, 1.8, 2.0
                ],
                bbox_clip_border=False),
            dict(
                type='Resize',
                img_scale=(640, 640),
                keep_ratio=False,
                bbox_clip_border=False),
            dict(type='RandomFlip', flip_ratio=0.5),
            dict(
                type='PhotoMetricDistortion',
                brightness_delta=32,
                contrast_range=(0.5, 1.5),
                saturation_range=(0.5, 1.5),
                hue_delta=18),
            dict(
                type='Normalize',
                mean=[127.5, 127.5, 127.5],
                std=[128.0, 128.0, 128.0],
                to_rgb=True),
            dict(type='DefaultFormatBundle'),
            dict(
                type='Collect',
                keys=[
                    'img', 'gt_bboxes', 'gt_labels', 'gt_bboxes_ignore',
                    'gt_keypointss'
                ])
        ]),
    val=dict(
        type='RetinaFaceDataset',
        ann_file='/data/liangzhenghao/face_pii/raw_ds/val/labelv2.txt',
        img_prefix='/data/liangzhenghao/face_pii/raw_ds/images/',
        pipeline=[
            dict(type='LoadImageFromFile'),
            dict(
                type='MultiScaleFlipAug',
                img_scale=(640, 640),
                flip=False,
                transforms=[
                    dict(type='Resize', keep_ratio=True),
                    dict(type='RandomFlip', flip_ratio=0.0),
                    dict(
                        type='Normalize',
                        mean=[127.5, 127.5, 127.5],
                        std=[128.0, 128.0, 128.0],
                        to_rgb=True),
                    dict(type='Pad', size=(640, 640), pad_val=0),
                    dict(type='ImageToTensor', keys=['img']),
                    dict(type='Collect', keys=['img'])
                ])
        ]),
    test=dict(
        type='RetinaFaceDataset',
        ann_file='/data/liangzhenghao/face_pii/raw_ds/val/labelv2.txt',
        img_prefix='/data/liangzhenghao/face_pii/raw_ds/images/',
        pipeline=[
            dict(type='LoadImageFromFile'),
            dict(
                type='MultiScaleFlipAug',
                img_scale=(640, 640),
                flip=False,
                transforms=[
                    dict(type='Resize', keep_ratio=True),
                    dict(type='RandomFlip', flip_ratio=0.0),
                    dict(
                        type='Normalize',
                        mean=[127.5, 127.5, 127.5],
                        std=[128.0, 128.0, 128.0],
                        to_rgb=True),
                    dict(type='Pad', size=(640, 640), pad_val=0),
                    dict(type='ImageToTensor', keys=['img']),
                    dict(type='Collect', keys=['img'])
                ])
        ]))
train_cfg = dict(
    assigner=dict(type='ATSSAssigner', topk=9, ignore_iof_thr=0.5),
    allowed_border=-1,
    pos_weight=-1,
    debug=False,
    neg_weight_zero_prefix='/pii',
    neg_weight_full_substrings=['BTJPSP', 'NQYJPB'],
    neg_weight_pii=0.5,
    qscore='one')
test_cfg = dict(
    nms_pre=-1,
    min_bbox_size=0,
    score_thr=0.02,
    nms=dict(type='nms', iou_threshold=0.45),
    max_per_img=-1)
model = dict(
    type='SCRFD',
    backbone=dict(
        type='ResNetV1e',
        depth=0,
        block_cfg=dict(
            block='Bottleneck',
            stage_blocks=(17, 16, 2, 8),
            stage_planes=[56, 56, 144, 184]),
        base_channels=56,
        num_stages=4,
        out_indices=(0, 1, 2, 3),
        norm_cfg=dict(type='BN', requires_grad=True),
        norm_eval=False,
        style='pytorch'),
    neck=dict(
        type='PAFPN',
        in_channels=[224, 224, 576, 736],
        out_channels=128,
        start_level=1,
        add_extra_convs='on_output',
        num_outs=3),
    bbox_head=dict(
        type='SCRFDHead',
        num_classes=1,
        in_channels=128,
        stacked_convs=2,
        feat_channels=256,
        norm_cfg=dict(type='GN', num_groups=32, requires_grad=True),
        cls_reg_share=True,
        strides_share=True,
        scale_mode=2,
        anchor_generator=dict(
            type='AnchorGenerator',
            ratios=[1.0],
            scales=[1, 2],
            base_sizes=[16, 64, 256],
            strides=[8, 16, 32]),
        loss_cls=dict(
            type='QualityFocalLoss',
            use_sigmoid=True,
            beta=2.0,
            loss_weight=1.0),
        loss_dfl=False,
        reg_max=8,
        loss_bbox=dict(type='DIoULoss', loss_weight=2.0),
        use_kps=True,
        loss_kps=dict(
            type='SmoothL1Loss', beta=0.1111111111111111, loss_weight=0.1),
        train_cfg=dict(
            assigner=dict(type='ATSSAssigner', topk=9, ignore_iof_thr=0.5),
            allowed_border=-1,
            pos_weight=-1,
            debug=False,
            neg_weight_zero_prefix='/pii',
            neg_weight_full_substrings=['BTJPSP', 'NQYJPB'],
            neg_weight_pii=0.5,
            qscore='one'),
        test_cfg=dict(
            nms_pre=-1,
            min_bbox_size=0,
            score_thr=0.02,
            nms=dict(type='nms', iou_threshold=0.45),
            max_per_img=-1)))
evaluation = dict(interval=10000, metric='mAP')
gpu_ids = range(0, 2)

2026-09-10 03:48:21,141 - mmdet - INFO - load checkpoint from local path: /data/esteban/pii/weights/SCRFD_34G_official.pth
2026-09-10 03:48:21,278 - mmdet - WARNING - The model and loaded state dict do not match exactly

missing keys in source state_dict: bbox_head.stride_kps.0.weight, bbox_head.stride_kps.0.bias

2026-09-10 03:48:21,278 - mmdet - INFO - Start running, host: root@iZuf68ekjca1catfdkq4g9Z, work_dir: /data/esteban/pii/runs/train/wd_armAA34
2026-09-10 03:48:21,279 - mmdet - INFO - Hooks will be executed in the following order:
before_run:
(VERY_HIGH   ) StepLrUpdaterHook                  
(NORMAL      ) CheckpointHook                     
(VERY_LOW    ) TextLoggerHook                     
 -------------------- 
before_train_epoch:
(VERY_HIGH   ) StepLrUpdaterHook                  
(NORMAL      ) DistSamplerSeedHook                
(LOW         ) IterTimerHook                      
(VERY_LOW    ) TextLoggerHook                     
 -------------------- 
before_train_iter:
(VERY_HIGH   ) StepLrUpdaterHook                  
(LOW         ) IterTimerHook                      
 -------------------- 
after_train_iter:
(ABOVE_NORMAL) GradientCumulativeOptimizerHook    
(NORMAL      ) CheckpointHook                     
(LOW         ) IterTimerHook                      
(VERY_LOW    ) TextLoggerHook                     
 -------------------- 
after_train_epoch:
(NORMAL      ) CheckpointHook                     
(VERY_LOW    ) TextLoggerHook                     
 -------------------- 
before_val_epoch:
(NORMAL      ) DistSamplerSeedHook                
(LOW         ) IterTimerHook                      
(VERY_LOW    ) TextLoggerHook                     
 -------------------- 
before_val_iter:
(LOW         ) IterTimerHook                      
 -------------------- 
after_val_iter:
(LOW         ) IterTimerHook                      
 -------------------- 
after_val_epoch:
(VERY_LOW    ) TextLoggerHook                     
 -------------------- 
after_run:
(VERY_LOW    ) TextLoggerHook                     
 -------------------- 
2026-09-10 03:48:21,279 - mmdet - INFO - workflow: [('train', 1)], max: 20 epochs
2026-09-10 03:48:21,279 - mmdet - INFO - Checkpoints will be saved to /data/esteban/pii/runs/train/wd_armAA34 by HardDiskBackend.
2026-09-10 03:48:28,323 - mmdet - WARNING - GradientCumulativeOptimizerHook may slightly decrease performance if the model has BatchNorm layers.
2026-09-10 03:48:37,353 - mmdet - INFO - Epoch [1][50/8725]	lr: 9.890e-05, eta: 15:31:40, time: 0.320, data_time: 0.112, memory: 13424, loss_cls: 0.9978, loss_bbox: 0.4630, loss_kps: 0.0000, loss: 1.4608
2026-09-10 03:48:46,071 - mmdet - INFO - Epoch [1][100/8725]	lr: 1.988e-04, eta: 11:58:56, time: 0.174, data_time: 0.009, memory: 13424, loss_cls: 0.8233, loss_bbox: 0.4819, loss_kps: 0.0000, loss: 1.3052
2026-09-10 03:48:54,785 - mmdet - INFO - Epoch [1][150/8725]	lr: 2.987e-04, eta: 10:48:03, time: 0.174, data_time: 0.010, memory: 13424, loss_cls: 0.7137, loss_bbox: 0.4696, loss_kps: 0.0000, loss: 1.1833
2026-09-10 03:49:03,422 - mmdet - INFO - Epoch [1][200/8725]	lr: 3.986e-04, eta: 10:11:24, time: 0.173, data_time: 0.009, memory: 13424, loss_cls: 0.6446, loss_bbox: 0.4684, loss_kps: 0.0000, loss: 1.1130
2026-09-10 03:49:12,198 - mmdet - INFO - Epoch [1][250/8725]	lr: 4.985e-04, eta: 9:50:52, time: 0.175, data_time: 0.009, memory: 13424, loss_cls: 0.6075, loss_bbox: 0.4532, loss_kps: 0.0000, loss: 1.0607
2026-09-10 03:49:20,905 - mmdet - INFO - Epoch [1][300/8725]	lr: 5.984e-04, eta: 9:36:33, time: 0.174, data_time: 0.010, memory: 13424, loss_cls: 0.6048, loss_bbox: 0.4753, loss_kps: 0.0000, loss: 1.0801
2026-09-10 03:49:29,591 - mmdet - INFO - Epoch [1][350/8725]	lr: 6.983e-04, eta: 9:26:02, time: 0.174, data_time: 0.009, memory: 13424, loss_cls: 0.6104, loss_bbox: 0.4915, loss_kps: 0.0000, loss: 1.1019
2026-09-10 03:49:38,245 - mmdet - INFO - Epoch [1][400/8725]	lr: 7.982e-04, eta: 9:17:56, time: 0.173, data_time: 0.009, memory: 13424, loss_cls: 0.5860, loss_bbox: 0.4867, loss_kps: 0.0000, loss: 1.0727
2026-09-10 03:49:46,919 - mmdet - INFO - Epoch [1][450/8725]	lr: 8.981e-04, eta: 9:11:44, time: 0.174, data_time: 0.009, memory: 13424, loss_cls: 0.5235, loss_bbox: 0.4464, loss_kps: 0.0000, loss: 0.9698
2026-09-10 03:49:55,637 - mmdet - INFO - Epoch [1][500/8725]	lr: 9.980e-04, eta: 9:06:58, time: 0.174, data_time: 0.010, memory: 13424, loss_cls: 0.5851, loss_bbox: 0.4778, loss_kps: 0.0000, loss: 1.0629
2026-09-10 03:50:04,339 - mmdet - INFO - Epoch [1][550/8725]	lr: 1.000e-03, eta: 9:02:56, time: 0.174, data_time: 0.010, memory: 13424, loss_cls: 0.6070, loss_bbox: 0.4740, loss_kps: 0.0000, loss: 1.0809
2026-09-10 03:50:13,019 - mmdet - INFO - Epoch [1][600/8725]	lr: 1.000e-03, eta: 8:59:29, time: 0.174, data_time: 0.009, memory: 13424, loss_cls: 0.5777, loss_bbox: 0.4289, loss_kps: 0.0000, loss: 1.0067
2026-09-10 03:50:21,730 - mmdet - INFO - Epoch [1][650/8725]	lr: 1.000e-03, eta: 8:56:40, time: 0.174, data_time: 0.010, memory: 13424, loss_cls: 0.5521, loss_bbox: 0.4344, loss_kps: 0.0000, loss: 0.9865
2026-09-10 03:50:30,482 - mmdet - INFO - Epoch [1][700/8725]	lr: 1.000e-03, eta: 8:54:25, time: 0.175, data_time: 0.010, memory: 13424, loss_cls: 0.5402, loss_bbox: 0.4441, loss_kps: 0.0000, loss: 0.9842
2026-09-10 03:50:39,277 - mmdet - INFO - Epoch [1][750/8725]	lr: 1.000e-03, eta: 8:52:35, time: 0.176, data_time: 0.010, memory: 13424, loss_cls: 0.6314, loss_bbox: 0.4943, loss_kps: 0.0000, loss: 1.1257
2026-09-10 03:50:47,963 - mmdet - INFO - Epoch [1][800/8725]	lr: 1.000e-03, eta: 8:50:36, time: 0.174, data_time: 0.009, memory: 13424, loss_cls: 0.5641, loss_bbox: 0.4565, loss_kps: 0.0000, loss: 1.0205
2026-09-10 03:50:56,648 - mmdet - INFO - Epoch [1][850/8725]	lr: 1.000e-03, eta: 8:48:48, time: 0.174, data_time: 0.009, memory: 13424, loss_cls: 0.5497, loss_bbox: 0.4663, loss_kps: 0.0000, loss: 1.0160
2026-09-10 03:51:05,340 - mmdet - INFO - Epoch [1][900/8725]	lr: 1.000e-03, eta: 8:47:14, time: 0.174, data_time: 0.010, memory: 13424, loss_cls: 0.5494, loss_bbox: 0.4474, loss_kps: 0.0000, loss: 0.9968
2026-09-10 03:51:14,076 - mmdet - INFO - Epoch [1][950/8725]	lr: 1.000e-03, eta: 8:45:56, time: 0.175, data_time: 0.010, memory: 13424, loss_cls: 0.6138, loss_bbox: 0.4802, loss_kps: 0.0000, loss: 1.0939
2026-09-10 03:51:22,838 - mmdet - INFO - Exp name: scrfd_armAA34.py
2026-09-10 03:51:22,838 - mmdet - INFO - Epoch [1][1000/8725]	lr: 1.000e-03, eta: 8:44:50, time: 0.175, data_time: 0.010, memory: 13424, loss_cls: 0.5572, loss_bbox: 0.4680, loss_kps: 0.0000, loss: 1.0252
2026-09-10 03:51:31,626 - mmdet - INFO - Epoch [1][1050/8725]	lr: 1.000e-03, eta: 8:43:53, time: 0.176, data_time: 0.009, memory: 13424, loss_cls: 0.5605, loss_bbox: 0.4520, loss_kps: 0.0000, loss: 1.0125
2026-09-10 03:51:40,266 - mmdet - INFO - Epoch [1][1100/8725]	lr: 1.000e-03, eta: 8:42:38, time: 0.173, data_time: 0.009, memory: 13424, loss_cls: 0.5449, loss_bbox: 0.4576, loss_kps: 0.0000, loss: 1.0025
2026-09-10 03:51:49,003 - mmdet - INFO - Epoch [1][1150/8725]	lr: 1.000e-03, eta: 8:41:42, time: 0.175, data_time: 0.010, memory: 13424, loss_cls: 0.5451, loss_bbox: 0.4765, loss_kps: 0.0000, loss: 1.0216
2026-09-10 03:51:57,701 - mmdet - INFO - Epoch [1][1200/8725]	lr: 1.000e-03, eta: 8:40:46, time: 0.174, data_time: 0.009, memory: 13424, loss_cls: 0.5680, loss_bbox: 0.4654, loss_kps: 0.0000, loss: 1.0334
2026-09-10 03:52:06,377 - mmdet - INFO - Epoch [1][1250/8725]	lr: 1.000e-03, eta: 8:39:49, time: 0.173, data_time: 0.009, memory: 13424, loss_cls: 0.5419, loss_bbox: 0.4459, loss_kps: 0.0000, loss: 0.9878
2026-09-10 03:52:14,999 - mmdet - INFO - Epoch [1][1300/8725]	lr: 1.000e-03, eta: 8:38:50, time: 0.173, data_time: 0.009, memory: 13424, loss_cls: 0.5425, loss_bbox: 0.4365, loss_kps: 0.0000, loss: 0.9789
2026-09-10 03:52:23,690 - mmdet - INFO - Epoch [1][1350/8725]	lr: 1.000e-03, eta: 8:38:03, time: 0.174, data_time: 0.009, memory: 13424, loss_cls: 0.5511, loss_bbox: 0.4610, loss_kps: 0.0000, loss: 1.0121
2026-09-10 03:52:32,361 - mmdet - INFO - Epoch [1][1400/8725]	lr: 1.000e-03, eta: 8:37:17, time: 0.173, data_time: 0.009, memory: 13424, loss_cls: 0.5238, loss_bbox: 0.4427, loss_kps: 0.0000, loss: 0.9665
2026-09-10 03:52:41,065 - mmdet - INFO - Epoch [1][1450/8725]	lr: 1.000e-03, eta: 8:36:36, time: 0.174, data_time: 0.010, memory: 13424, loss_cls: 0.5386, loss_bbox: 0.4370, loss_kps: 0.0000, loss: 0.9756
2026-09-10 03:52:49,898 - mmdet - INFO - Epoch [1][1500/8725]	lr: 1.000e-03, eta: 8:36:13, time: 0.177, data_time: 0.010, memory: 13424, loss_cls: 0.4883, loss_bbox: 0.4385, loss_kps: 0.0000, loss: 0.9268
2026-09-10 03:52:58,552 - mmdet - INFO - Epoch [1][1550/8725]	lr: 1.000e-03, eta: 8:35:30, time: 0.173, data_time: 0.010, memory: 13424, loss_cls: 0.5142, loss_bbox: 0.4411, loss_kps: 0.0000, loss: 0.9553
2026-09-10 03:53:07,211 - mmdet - INFO - Epoch [1][1600/8725]	lr: 1.000e-03, eta: 8:34:52, time: 0.173, data_time: 0.009, memory: 13424, loss_cls: 0.5462, loss_bbox: 0.4641, loss_kps: 0.0000, loss: 1.0103
2026-09-10 03:53:15,930 - mmdet - INFO - Epoch [1][1650/8725]	lr: 1.000e-03, eta: 8:34:20, time: 0.174, data_time: 0.009, memory: 13424, loss_cls: 0.5650, loss_bbox: 0.4227, loss_kps: 0.0000, loss: 0.9877
2026-09-10 03:53:24,632 - mmdet - INFO - Epoch [1][1700/8725]	lr: 1.000e-03, eta: 8:33:48, time: 0.174, data_time: 0.010, memory: 13424, loss_cls: 0.4807, loss_bbox: 0.4271, loss_kps: 0.0000, loss: 0.9078
2026-09-10 03:53:33,302 - mmdet - INFO - Epoch [1][1750/8725]	lr: 1.000e-03, eta: 8:33:14, time: 0.173, data_time: 0.010, memory: 13424, loss_cls: 0.5366, loss_bbox: 0.4351, loss_kps: 0.0000, loss: 0.9717
2026-09-10 03:53:42,015 - mmdet - INFO - Epoch [1][1800/8725]	lr: 1.000e-03, eta: 8:32:46, time: 0.174, data_time: 0.010, memory: 13424, loss_cls: 0.4869, loss_bbox: 0.4327, loss_kps: 0.0000, loss: 0.9196
2026-09-10 03:53:50,702 - mmdet - INFO - Epoch [1][1850/8725]	lr: 1.000e-03, eta: 8:32:16, time: 0.174, data_time: 0.009, memory: 13424, loss_cls: 0.5079, loss_bbox: 0.4562, loss_kps: 0.0000, loss: 0.9641
2026-09-10 03:53:59,449 - mmdet - INFO - Epoch [1][1900/8725]	lr: 1.000e-03, eta: 8:31:54, time: 0.175, data_time: 0.009, memory: 13424, loss_cls: 0.5363, loss_bbox: 0.4321, loss_kps: 0.0000, loss: 0.9684
2026-09-10 03:54:08,155 - mmdet - INFO - Epoch [1][1950/8725]	lr: 1.000e-03, eta: 8:31:28, time: 0.174, data_time: 0.009, memory: 13424, loss_cls: 0.4974, loss_bbox: 0.4270, loss_kps: 0.0000, loss: 0.9245
2026-09-10 03:54:16,890 - mmdet - INFO - Exp name: scrfd_armAA34.py
2026-09-10 03:54:16,890 - mmdet - INFO - Epoch [1][2000/8725]	lr: 1.000e-03, eta: 8:31:05, time: 0.175, data_time: 0.010, memory: 13424, loss_cls: 0.5659, loss_bbox: 0.4639, loss_kps: 0.0000, loss: 1.0298
2026-09-10 03:54:25,515 - mmdet - INFO - Epoch [1][2050/8725]	lr: 1.000e-03, eta: 8:30:34, time: 0.172, data_time: 0.009, memory: 13424, loss_cls: 0.5218, loss_bbox: 0.4576, loss_kps: 0.0000, loss: 0.9794
2026-09-10 03:54:34,192 - mmdet - INFO - Epoch [1][2100/8725]	lr: 1.000e-03, eta: 8:30:09, time: 0.174, data_time: 0.010, memory: 13424, loss_cls: 0.5234, loss_bbox: 0.4619, loss_kps: 0.0000, loss: 0.9853
2026-09-10 03:54:42,868 - mmdet - INFO - Epoch [1][2150/8725]	lr: 1.000e-03, eta: 8:29:43, time: 0.173, data_time: 0.009, memory: 13424, loss_cls: 0.5113, loss_bbox: 0.4392, loss_kps: 0.0000, loss: 0.9505
2026-09-10 03:54:51,534 - mmdet - INFO - Epoch [1][2200/8725]	lr: 1.000e-03, eta: 8:29:18, time: 0.173, data_time: 0.010, memory: 13424, loss_cls: 0.5082, loss_bbox: 0.4120, loss_kps: 0.0000, loss: 0.9202
2026-09-10 03:55:00,275 - mmdet - INFO - Epoch [1][2250/8725]	lr: 1.000e-03, eta: 8:28:59, time: 0.175, data_time: 0.010, memory: 13424, loss_cls: 0.5082, loss_bbox: 0.4372, loss_kps: 0.0000, loss: 0.9453
2026-09-10 03:55:08,967 - mmdet - INFO - Epoch [1][2300/8725]	lr: 1.000e-03, eta: 8:28:38, time: 0.174, data_time: 0.010, memory: 13424, loss_cls: 0.5047, loss_bbox: 0.4354, loss_kps: 0.0000, loss: 0.9402
2026-09-10 03:55:17,785 - mmdet - INFO - Epoch [1][2350/8725]	lr: 1.000e-03, eta: 8:28:25, time: 0.176, data_time: 0.010, memory: 13424, loss_cls: 0.4620, loss_bbox: 0.4337, loss_kps: 0.0000, loss: 0.8957
2026-09-10 03:55:26,482 - mmdet - INFO - Epoch [1][2400/8725]	lr: 1.000e-03, eta: 8:28:05, time: 0.174, data_time: 0.010, memory: 13424, loss_cls: 0.5048, loss_bbox: 0.4524, loss_kps: 0.0000, loss: 0.9573
2026-09-10 03:55:35,140 - mmdet - INFO - Epoch [1][2450/8725]	lr: 1.000e-03, eta: 8:27:42, time: 0.173, data_time: 0.009, memory: 13424, loss_cls: 0.5568, loss_bbox: 0.4736, loss_kps: 0.0000, loss: 1.0304
2026-09-10 03:55:43,906 - mmdet - INFO - Epoch [1][2500/8725]	lr: 1.000e-03, eta: 8:27:27, time: 0.175, data_time: 0.010, memory: 13424, loss_cls: 0.5064, loss_bbox: 0.4281, loss_kps: 0.0000, loss: 0.9345
2026-09-10 03:55:52,639 - mmdet - INFO - Epoch [1][2550/8725]	lr: 1.000e-03, eta: 8:27:10, time: 0.175, data_time: 0.009, memory: 13424, loss_cls: 0.5547, loss_bbox: 0.4422, loss_kps: 0.0000, loss: 0.9969
2026-09-10 03:56:01,335 - mmdet - INFO - Epoch [1][2600/8725]	lr: 1.000e-03, eta: 8:26:52, time: 0.174, data_time: 0.010, memory: 13424, loss_cls: 0.5131, loss_bbox: 0.4386, loss_kps: 0.0000, loss: 0.9517
2026-09-10 03:56:10,105 - mmdet - INFO - Epoch [1][2650/8725]	lr: 1.000e-03, eta: 8:26:38, time: 0.175, data_time: 0.010, memory: 13424, loss_cls: 0.5101, loss_bbox: 0.4326, loss_kps: 0.0000, loss: 0.9427
2026-09-10 03:56:18,787 - mmdet - INFO - Epoch [1][2700/8725]	lr: 1.000e-03, eta: 8:26:19, time: 0.174, data_time: 0.010, memory: 13424, loss_cls: 0.4978, loss_bbox: 0.4213, loss_kps: 0.0000, loss: 0.9192
2026-09-10 03:56:27,771 - mmdet - INFO - Epoch [1][2750/8725]	lr: 1.000e-03, eta: 8:26:18, time: 0.180, data_time: 0.011, memory: 13424, loss_cls: 0.4987, loss_bbox: 0.4274, loss_kps: 0.0000, loss: 0.9262
2026-09-10 03:56:36,681 - mmdet - INFO - Epoch [1][2800/8725]	lr: 1.000e-03, eta: 8:26:14, time: 0.178, data_time: 0.010, memory: 13424, loss_cls: 0.5619, loss_bbox: 0.4404, loss_kps: 0.0000, loss: 1.0022
2026-09-10 03:56:45,370 - mmdet - INFO - Epoch [1][2850/8725]	lr: 1.000e-03, eta: 8:25:55, time: 0.174, data_time: 0.009, memory: 13424, loss_cls: 0.5458, loss_bbox: 0.4294, loss_kps: 0.0000, loss: 0.9753
2026-09-10 03:56:54,042 - mmdet - INFO - Epoch [1][2900/8725]	lr: 1.000e-03, eta: 8:25:37, time: 0.174, data_time: 0.010, memory: 13424, loss_cls: 0.5146, loss_bbox: 0.4748, loss_kps: 0.0000, loss: 0.9894
2026-09-10 03:57:02,733 - mmdet - INFO - Epoch [1][2950/8725]	lr: 1.000e-03, eta: 8:25:19, time: 0.174, data_time: 0.009, memory: 13424, loss_cls: 0.5628, loss_bbox: 0.4429, loss_kps: 0.0000, loss: 1.0057
2026-09-10 03:57:11,438 - mmdet - INFO - Exp name: scrfd_armAA34.py
2026-09-10 03:57:11,438 - mmdet - INFO - Epoch [1][3000/8725]	lr: 1.000e-03, eta: 8:25:03, time: 0.174, data_time: 0.009, memory: 13424, loss_cls: 0.5355, loss_bbox: 0.4432, loss_kps: 0.0000, loss: 0.9786
2026-09-10 03:57:20,172 - mmdet - INFO - Epoch [1][3050/8725]	lr: 1.000e-03, eta: 8:24:48, time: 0.175, data_time: 0.009, memory: 13424, loss_cls: 0.4873, loss_bbox: 0.4265, loss_kps: 0.0000, loss: 0.9138
2026-09-10 03:57:28,959 - mmdet - INFO - Epoch [1][3100/8725]	lr: 1.000e-03, eta: 8:24:37, time: 0.176, data_time: 0.010, memory: 13424, loss_cls: 0.5204, loss_bbox: 0.4216, loss_kps: 0.0000, loss: 0.9420
2026-09-10 03:57:37,762 - mmdet - INFO - Epoch [1][3150/8725]	lr: 1.000e-03, eta: 8:24:26, time: 0.176, data_time: 0.010, memory: 13424, loss_cls: 0.5000, loss_bbox: 0.4328, loss_kps: 0.0000, loss: 0.9327
2026-09-10 03:57:46,429 - mmdet - INFO - Epoch [1][3200/8725]	lr: 1.000e-03, eta: 8:24:09, time: 0.173, data_time: 0.010, memory: 13424, loss_cls: 0.5371, loss_bbox: 0.4525, loss_kps: 0.0000, loss: 0.9897
2026-09-10 03:57:55,212 - mmdet - INFO - Epoch [1][3250/8725]	lr: 1.000e-03, eta: 8:23:57, time: 0.175, data_time: 0.010, memory: 13424, loss_cls: 0.5561, loss_bbox: 0.4300, loss_kps: 0.0000, loss: 0.9861
2026-09-10 03:58:03,805 - mmdet - INFO - Epoch [1][3300/8725]	lr: 1.000e-03, eta: 8:23:36, time: 0.172, data_time: 0.010, memory: 13424, loss_cls: 0.5168, loss_bbox: 0.4276, loss_kps: 0.0000, loss: 0.9444
2026-09-10 03:58:12,469 - mmdet - INFO - Epoch [1][3350/8725]	lr: 1.000e-03, eta: 8:23:19, time: 0.173, data_time: 0.010, memory: 13424, loss_cls: 0.4886, loss_bbox: 0.4292, loss_kps: 0.0000, loss: 0.9178
2026-09-10 03:58:21,202 - mmdet - INFO - Epoch [1][3400/8725]	lr: 1.000e-03, eta: 8:23:06, time: 0.175, data_time: 0.010, memory: 13424, loss_cls: 0.5123, loss_bbox: 0.4409, loss_kps: 0.0000, loss: 0.9532
2026-09-10 03:58:29,867 - mmdet - INFO - Epoch [1][3450/8725]	lr: 1.000e-03, eta: 8:22:49, time: 0.173, data_time: 0.010, memory: 13424, loss_cls: 0.5236, loss_bbox: 0.4241, loss_kps: 0.0000, loss: 0.9477
2026-09-10 03:58:39,002 - mmdet - INFO - Epoch [1][3500/8725]	lr: 1.000e-03, eta: 8:22:56, time: 0.183, data_time: 0.010, memory: 13424, loss_cls: 0.5242, loss_bbox: 0.4523, loss_kps: 0.0000, loss: 0.9765
2026-09-10 03:58:47,722 - mmdet - INFO - Epoch [1][3550/8725]	lr: 1.000e-03, eta: 8:22:42, time: 0.174, data_time: 0.009, memory: 13424, loss_cls: 0.4835, loss_bbox: 0.4205, loss_kps: 0.0000, loss: 0.9040
2026-09-10 03:58:56,527 - mmdet - INFO - Epoch [1][3600/8725]	lr: 1.000e-03, eta: 8:22:33, time: 0.176, data_time: 0.010, memory: 13424, loss_cls: 0.5211, loss_bbox: 0.4530, loss_kps: 0.0000, loss: 0.9741
2026-09-10 03:59:05,300 - mmdet - INFO - Epoch [1][3650/8725]	lr: 1.000e-03, eta: 8:22:21, time: 0.175, data_time: 0.009, memory: 13424, loss_cls: 0.5422, loss_bbox: 0.4468, loss_kps: 0.0000, loss: 0.9889
2026-09-10 03:59:14,004 - mmdet - INFO - Epoch [1][3700/8725]	lr: 1.000e-03, eta: 8:22:07, time: 0.174, data_time: 0.010, memory: 13424, loss_cls: 0.4555, loss_bbox: 0.4278, loss_kps: 0.0000, loss: 0.8832
2026-09-10 03:59:22,633 - mmdet - INFO - Epoch [1][3750/8725]	lr: 1.000e-03, eta: 8:21:49, time: 0.173, data_time: 0.010, memory: 13424, loss_cls: 0.5332, loss_bbox: 0.4342, loss_kps: 0.0000, loss: 0.9674
2026-09-10 03:59:31,489 - mmdet - INFO - Epoch [1][3800/8725]	lr: 1.000e-03, eta: 8:21:43, time: 0.177, data_time: 0.011, memory: 13424, loss_cls: 0.4960, loss_bbox: 0.4380, loss_kps: 0.0000, loss: 0.9341
2026-09-10 03:59:40,264 - mmdet - INFO - Epoch [1][3850/8725]	lr: 1.000e-03, eta: 8:21:32, time: 0.175, data_time: 0.010, memory: 13424, loss_cls: 0.4910, loss_bbox: 0.4408, loss_kps: 0.0000, loss: 0.9318
2026-09-10 03:59:48,894 - mmdet - INFO - Epoch [1][3900/8725]	lr: 1.000e-03, eta: 8:21:15, time: 0.173, data_time: 0.009, memory: 13424, loss_cls: 0.4763, loss_bbox: 0.4297, loss_kps: 0.0000, loss: 0.9061
2026-09-10 03:59:57,648 - mmdet - INFO - Epoch [1][3950/8725]	lr: 1.000e-03, eta: 8:21:03, time: 0.175, data_time: 0.010, memory: 13424, loss_cls: 0.5224, loss_bbox: 0.4497, loss_kps: 0.0000, loss: 0.9721
2026-09-10 04:00:06,664 - mmdet - INFO - Exp name: scrfd_armAA34.py
2026-09-10 04:00:06,664 - mmdet - INFO - Epoch [1][4000/8725]	lr: 1.000e-03, eta: 8:21:03, time: 0.180, data_time: 0.010, memory: 13424, loss_cls: 0.5243, loss_bbox: 0.4226, loss_kps: 0.0000, loss: 0.9469
2026-09-10 04:00:15,403 - mmdet - INFO - Epoch [1][4050/8725]	lr: 1.000e-03, eta: 8:20:51, time: 0.175, data_time: 0.009, memory: 13424, loss_cls: 0.5009, loss_bbox: 0.4368, loss_kps: 0.0000, loss: 0.9377
2026-09-10 04:00:24,049 - mmdet - INFO - Epoch [1][4100/8725]	lr: 1.000e-03, eta: 8:20:35, time: 0.173, data_time: 0.010, memory: 13424, loss_cls: 0.5170, loss_bbox: 0.4189, loss_kps: 0.0000, loss: 0.9359
2026-09-10 04:00:32,702 - mmdet - INFO - Epoch [1][4150/8725]	lr: 1.000e-03, eta: 8:20:20, time: 0.173, data_time: 0.009, memory: 13424, loss_cls: 0.4845, loss_bbox: 0.4366, loss_kps: 0.0000, loss: 0.9211
2026-09-10 04:00:41,369 - mmdet - INFO - Epoch [1][4200/8725]	lr: 1.000e-03, eta: 8:20:05, time: 0.173, data_time: 0.009, memory: 13424, loss_cls: 0.4730, loss_bbox: 0.4248, loss_kps: 0.0000, loss: 0.8977
2026-09-10 04:00:50,149 - mmdet - INFO - Epoch [1][4250/8725]	lr: 1.000e-03, eta: 8:19:55, time: 0.175, data_time: 0.010, memory: 13424, loss_cls: 0.4615, loss_bbox: 0.4264, loss_kps: 0.0000, loss: 0.8880
2026-09-10 04:00:58,960 - mmdet - INFO - Epoch [1][4300/8725]	lr: 1.000e-03, eta: 8:19:46, time: 0.176, data_time: 0.010, memory: 13424, loss_cls: 0.5178, loss_bbox: 0.4378, loss_kps: 0.0000, loss: 0.9556
2026-09-10 04:01:07,705 - mmdet - INFO - Epoch [1][4350/8725]	lr: 1.000e-03, eta: 8:19:35, time: 0.175, data_time: 0.010, memory: 13424, loss_cls: 0.5406, loss_bbox: 0.4344, loss_kps: 0.0000, loss: 0.9750
2026-09-10 04:01:16,338 - mmdet - INFO - Epoch [1][4400/8725]	lr: 1.000e-03, eta: 8:19:19, time: 0.173, data_time: 0.010, memory: 13424, loss_cls: 0.5142, loss_bbox: 0.4464, loss_kps: 0.0000, loss: 0.9607
2026-09-10 04:01:25,129 - mmdet - INFO - Epoch [1][4450/8725]	lr: 1.000e-03, eta: 8:19:10, time: 0.176, data_time: 0.010, memory: 13424, loss_cls: 0.4698, loss_bbox: 0.4303, loss_kps: 0.0000, loss: 0.9001
2026-09-10 04:01:33,875 - mmdet - INFO - Epoch [1][4500/8725]	lr: 1.000e-03, eta: 8:18:59, time: 0.175, data_time: 0.010, memory: 13424, loss_cls: 0.5116, loss_bbox: 0.4590, loss_kps: 0.0000, loss: 0.9707
2026-09-10 04:01:42,534 - mmdet - INFO - Epoch [1][4550/8725]	lr: 1.000e-03, eta: 8:18:44, time: 0.173, data_time: 0.010, memory: 13424, loss_cls: 0.5425, loss_bbox: 0.4373, loss_kps: 0.0000, loss: 0.9798
2026-09-10 04:01:51,203 - mmdet - INFO - Epoch [1][4600/8725]	lr: 1.000e-03, eta: 8:18:31, time: 0.173, data_time: 0.010, memory: 13424, loss_cls: 0.5162, loss_bbox: 0.4242, loss_kps: 0.0000, loss: 0.9404
2026-09-10 04:01:59,854 - mmdet - INFO - Epoch [1][4650/8725]	lr: 1.000e-03, eta: 8:18:16, time: 0.173, data_time: 0.009, memory: 13424, loss_cls: 0.4889, loss_bbox: 0.4339, loss_kps: 0.0000, loss: 0.9228
2026-09-10 04:02:08,524 - mmdet - INFO - Epoch [1][4700/8725]	lr: 1.000e-03, eta: 8:18:03, time: 0.174, data_time: 0.010, memory: 13424, loss_cls: 0.4575, loss_bbox: 0.4220, loss_kps: 0.0000, loss: 0.8795
2026-09-10 04:02:17,239 - mmdet - INFO - Epoch [1][4750/8725]	lr: 1.000e-03, eta: 8:17:51, time: 0.174, data_time: 0.009, memory: 13424, loss_cls: 0.5005, loss_bbox: 0.4294, loss_kps: 0.0000, loss: 0.9299
2026-09-10 04:02:25,875 - mmdet - INFO - Epoch [1][4800/8725]	lr: 1.000e-03, eta: 8:17:36, time: 0.173, data_time: 0.009, memory: 13424, loss_cls: 0.4934, loss_bbox: 0.4425, loss_kps: 0.0000, loss: 0.9359
2026-09-10 04:02:34,502 - mmdet - INFO - Epoch [1][4850/8725]	lr: 1.000e-03, eta: 8:17:22, time: 0.172, data_time: 0.010, memory: 13424, loss_cls: 0.5138, loss_bbox: 0.4259, loss_kps: 0.0000, loss: 0.9397
2026-09-10 04:02:43,278 - mmdet - INFO - Epoch [1][4900/8725]	lr: 1.000e-03, eta: 8:17:12, time: 0.175, data_time: 0.010, memory: 13424, loss_cls: 0.4930, loss_bbox: 0.4364, loss_kps: 0.0000, loss: 0.9294
2026-09-10 04:02:52,018 - mmdet - INFO - Epoch [1][4950/8725]	lr: 1.000e-03, eta: 8:17:01, time: 0.175, data_time: 0.010, memory: 13424, loss_cls: 0.5479, loss_bbox: 0.4402, loss_kps: 0.0000, loss: 0.9881
2026-09-10 04:03:00,610 - mmdet - INFO - Exp name: scrfd_armAA34.py
2026-09-10 04:03:00,610 - mmdet - INFO - Epoch [1][5000/8725]	lr: 1.000e-03, eta: 8:16:46, time: 0.172, data_time: 0.010, memory: 13424, loss_cls: 0.4696, loss_bbox: 0.4284, loss_kps: 0.0000, loss: 0.8980
2026-09-10 04:03:09,230 - mmdet - INFO - Epoch [1][5050/8725]	lr: 1.000e-03, eta: 8:16:31, time: 0.172, data_time: 0.009, memory: 13424, loss_cls: 0.4749, loss_bbox: 0.4483, loss_kps: 0.0000, loss: 0.9232
2026-09-10 04:03:17,836 - mmdet - INFO - Epoch [1][5100/8725]	lr: 1.000e-03, eta: 8:16:16, time: 0.172, data_time: 0.009, memory: 13424, loss_cls: 0.4886, loss_bbox: 0.4420, loss_kps: 0.0000, loss: 0.9305
2026-09-10 04:03:26,431 - mmdet - INFO - Epoch [1][5150/8725]	lr: 1.000e-03, eta: 8:16:01, time: 0.172, data_time: 0.009, memory: 13424, loss_cls: 0.4745, loss_bbox: 0.4248, loss_kps: 0.0000, loss: 0.8993
2026-09-10 04:03:34,989 - mmdet - INFO - Epoch [1][5200/8725]	lr: 1.000e-03, eta: 8:15:45, time: 0.171, data_time: 0.009, memory: 13424, loss_cls: 0.5251, loss_bbox: 0.4359, loss_kps: 0.0000, loss: 0.9610
2026-09-10 04:03:43,635 - mmdet - INFO - Epoch [1][5250/8725]	lr: 1.000e-03, eta: 8:15:32, time: 0.173, data_time: 0.009, memory: 13424, loss_cls: 0.5002, loss_bbox: 0.4344, loss_kps: 0.0000, loss: 0.9346
2026-09-10 04:03:52,336 - mmdet - INFO - Epoch [1][5300/8725]	lr: 1.000e-03, eta: 8:15:20, time: 0.174, data_time: 0.009, memory: 13424, loss_cls: 0.5355, loss_bbox: 0.4416, loss_kps: 0.0000, loss: 0.9772
2026-09-10 04:04:00,972 - mmdet - INFO - Epoch [1][5350/8725]	lr: 1.000e-03, eta: 8:15:07, time: 0.173, data_time: 0.009, memory: 13424, loss_cls: 0.4974, loss_bbox: 0.4508, loss_kps: 0.0000, loss: 0.9481
2026-09-10 04:04:09,556 - mmdet - INFO - Epoch [1][5400/8725]	lr: 1.000e-03, eta: 8:14:52, time: 0.172, data_time: 0.009, memory: 13424, loss_cls: 0.5039, loss_bbox: 0.4333, loss_kps: 0.0000, loss: 0.9372
2026-09-10 04:04:18,228 - mmdet - INFO - Epoch [1][5450/8725]	lr: 1.000e-03, eta: 8:14:40, time: 0.173, data_time: 0.009, memory: 13424, loss_cls: 0.4794, loss_bbox: 0.4253, loss_kps: 0.0000, loss: 0.9047
2026-09-10 04:04:26,887 - mmdet - INFO - Epoch [1][5500/8725]	lr: 1.000e-03, eta: 8:14:27, time: 0.173, data_time: 0.009, memory: 13424, loss_cls: 0.4759, loss_bbox: 0.4463, loss_kps: 0.0000, loss: 0.9222
2026-09-10 04:04:35,433 - mmdet - INFO - Epoch [1][5550/8725]	lr: 1.000e-03, eta: 8:14:11, time: 0.171, data_time: 0.009, memory: 13424, loss_cls: 0.4486, loss_bbox: 0.4041, loss_kps: 0.0000, loss: 0.8527
2026-09-10 04:04:44,044 - mmdet - INFO - Epoch [1][5600/8725]	lr: 1.000e-03, eta: 8:13:58, time: 0.172, data_time: 0.009, memory: 13424, loss_cls: 0.4703, loss_bbox: 0.4112, loss_kps: 0.0000, loss: 0.8815
2026-09-10 04:04:52,656 - mmdet - INFO - Epoch [1][5650/8725]	lr: 1.000e-03, eta: 8:13:44, time: 0.172, data_time: 0.009, memory: 13424, loss_cls: 0.4732, loss_bbox: 0.4159, loss_kps: 0.0000, loss: 0.8891
2026-09-10 04:05:01,326 - mmdet - INFO - Epoch [1][5700/8725]	lr: 1.000e-03, eta: 8:13:32, time: 0.173, data_time: 0.009, memory: 13424, loss_cls: 0.5026, loss_bbox: 0.4137, loss_kps: 0.0000, loss: 0.9163
2026-09-10 04:05:09,935 - mmdet - INFO - Epoch [1][5750/8725]	lr: 1.000e-03, eta: 8:13:19, time: 0.172, data_time: 0.009, memory: 13424, loss_cls: 0.4992, loss_bbox: 0.4352, loss_kps: 0.0000, loss: 0.9343
2026-09-10 04:05:18,518 - mmdet - INFO - Epoch [1][5800/8725]	lr: 1.000e-03, eta: 8:13:04, time: 0.172, data_time: 0.009, memory: 13424, loss_cls: 0.4790, loss_bbox: 0.3956, loss_kps: 0.0000, loss: 0.8746
2026-09-10 04:05:27,190 - mmdet - INFO - Epoch [1][5850/8725]	lr: 1.000e-03, eta: 8:12:53, time: 0.173, data_time: 0.009, memory: 13424, loss_cls: 0.4832, loss_bbox: 0.4326, loss_kps: 0.0000, loss: 0.9159
2026-09-10 04:05:35,811 - mmdet - INFO - Epoch [1][5900/8725]	lr: 1.000e-03, eta: 8:12:40, time: 0.173, data_time: 0.009, memory: 13424, loss_cls: 0.5131, loss_bbox: 0.4369, loss_kps: 0.0000, loss: 0.9499
2026-09-10 04:05:44,443 - mmdet - INFO - Epoch [1][5950/8725]	lr: 1.000e-03, eta: 8:12:27, time: 0.173, data_time: 0.009, memory: 13424, loss_cls: 0.4889, loss_bbox: 0.4442, loss_kps: 0.0000, loss: 0.9331
2026-09-10 04:05:53,081 - mmdet - INFO - Exp name: scrfd_armAA34.py
2026-09-10 04:05:53,081 - mmdet - INFO - Epoch [1][6000/8725]	lr: 1.000e-03, eta: 8:12:15, time: 0.173, data_time: 0.010, memory: 13424, loss_cls: 0.4900, loss_bbox: 0.4331, loss_kps: 0.0000, loss: 0.9231
2026-09-10 04:06:01,727 - mmdet - INFO - Epoch [1][6050/8725]	lr: 1.000e-03, eta: 8:12:03, time: 0.173, data_time: 0.009, memory: 13424, loss_cls: 0.4911, loss_bbox: 0.4312, loss_kps: 0.0000, loss: 0.9224
2026-09-10 04:06:10,354 - mmdet - INFO - Epoch [1][6100/8725]	lr: 1.000e-03, eta: 8:11:50, time: 0.173, data_time: 0.009, memory: 13424, loss_cls: 0.4935, loss_bbox: 0.4251, loss_kps: 0.0000, loss: 0.9186
2026-09-10 04:06:19,014 - mmdet - INFO - Epoch [1][6150/8725]	lr: 1.000e-03, eta: 8:11:39, time: 0.173, data_time: 0.009, memory: 13424, loss_cls: 0.4880, loss_bbox: 0.4277, loss_kps: 0.0000, loss: 0.9158
2026-09-10 04:06:27,617 - mmdet - INFO - Epoch [1][6200/8725]	lr: 1.000e-03, eta: 8:11:26, time: 0.172, data_time: 0.010, memory: 13424, loss_cls: 0.4904, loss_bbox: 0.4322, loss_kps: 0.0000, loss: 0.9226
2026-09-10 04:06:36,185 - mmdet - INFO - Epoch [1][6250/8725]	lr: 1.000e-03, eta: 8:11:12, time: 0.171, data_time: 0.009, memory: 13424, loss_cls: 0.4801, loss_bbox: 0.4060, loss_kps: 0.0000, loss: 0.8861
2026-09-10 04:06:44,899 - mmdet - INFO - Epoch [1][6300/8725]	lr: 1.000e-03, eta: 8:11:02, time: 0.174, data_time: 0.009, memory: 13424, loss_cls: 0.5159, loss_bbox: 0.4307, loss_kps: 0.0000, loss: 0.9466
2026-09-10 04:06:53,600 - mmdet - INFO - Epoch [1][6350/8725]	lr: 1.000e-03, eta: 8:10:51, time: 0.174, data_time: 0.009, memory: 13424, loss_cls: 0.5130, loss_bbox: 0.4291, loss_kps: 0.0000, loss: 0.9421
2026-09-10 04:07:02,290 - mmdet - INFO - Epoch [1][6400/8725]	lr: 1.000e-03, eta: 8:10:41, time: 0.174, data_time: 0.009, memory: 13424, loss_cls: 0.5147, loss_bbox: 0.4243, loss_kps: 0.0000, loss: 0.9390
2026-09-10 04:07:10,994 - mmdet - INFO - Epoch [1][6450/8725]	lr: 1.000e-03, eta: 8:10:31, time: 0.174, data_time: 0.009, memory: 13424, loss_cls: 0.4717, loss_bbox: 0.4325, loss_kps: 0.0000, loss: 0.9043
2026-09-10 04:07:19,618 - mmdet - INFO - Epoch [1][6500/8725]	lr: 1.000e-03, eta: 8:10:19, time: 0.173, data_time: 0.009, memory: 13424, loss_cls: 0.4482, loss_bbox: 0.4154, loss_kps: 0.0000, loss: 0.8636
2026-09-10 04:07:28,252 - mmdet - INFO - Epoch [1][6550/8725]	lr: 1.000e-03, eta: 8:10:07, time: 0.172, data_time: 0.009, memory: 13424, loss_cls: 0.4735, loss_bbox: 0.4244, loss_kps: 0.0000, loss: 0.8979
2026-09-10 04:07:36,751 - mmdet - INFO - Epoch [1][6600/8725]	lr: 1.000e-03, eta: 8:09:52, time: 0.170, data_time: 0.009, memory: 13424, loss_cls: 0.5047, loss_bbox: 0.4237, loss_kps: 0.0000, loss: 0.9283
2026-09-10 04:07:45,569 - mmdet - INFO - Epoch [1][6650/8725]	lr: 1.000e-03, eta: 8:09:44, time: 0.176, data_time: 0.009, memory: 13424, loss_cls: 0.4475, loss_bbox: 0.4093, loss_kps: 0.0000, loss: 0.8567
2026-09-10 04:07:54,184 - mmdet - INFO - Epoch [1][6700/8725]	lr: 1.000e-03, eta: 8:09:32, time: 0.172, data_time: 0.009, memory: 13424, loss_cls: 0.4417, loss_bbox: 0.3929, loss_kps: 0.0000, loss: 0.8346
2026-09-10 04:08:02,795 - mmdet - INFO - Epoch [1][6750/8725]	lr: 1.000e-03, eta: 8:09:20, time: 0.172, data_time: 0.009, memory: 13424, loss_cls: 0.4909, loss_bbox: 0.4200, loss_kps: 0.0000, loss: 0.9109
2026-09-10 04:08:11,442 - mmdet - INFO - Epoch [1][6800/8725]	lr: 1.000e-03, eta: 8:09:09, time: 0.173, data_time: 0.009, memory: 13424, loss_cls: 0.4915, loss_bbox: 0.4418, loss_kps: 0.0000, loss: 0.9333
2026-09-10 04:08:20,044 - mmdet - INFO - Epoch [1][6850/8725]	lr: 1.000e-03, eta: 8:08:56, time: 0.172, data_time: 0.008, memory: 13424, loss_cls: 0.4797, loss_bbox: 0.4016, loss_kps: 0.0000, loss: 0.8813
2026-09-10 04:08:28,627 - mmdet - INFO - Epoch [1][6900/8725]	lr: 1.000e-03, eta: 8:08:43, time: 0.172, data_time: 0.009, memory: 13424, loss_cls: 0.4845, loss_bbox: 0.4275, loss_kps: 0.0000, loss: 0.9121
2026-09-10 04:08:37,336 - mmdet - INFO - Epoch [1][6950/8725]	lr: 1.000e-03, eta: 8:08:34, time: 0.174, data_time: 0.009, memory: 13424, loss_cls: 0.5076, loss_bbox: 0.4447, loss_kps: 0.0000, loss: 0.9523
2026-09-10 04:08:45,978 - mmdet - INFO - Exp name: scrfd_armAA34.py
2026-09-10 04:08:45,978 - mmdet - INFO - Epoch [1][7000/8725]	lr: 1.000e-03, eta: 8:08:22, time: 0.173, data_time: 0.009, memory: 13424, loss_cls: 0.4623, loss_bbox: 0.4118, loss_kps: 0.0000, loss: 0.8741
2026-09-10 04:08:54,598 - mmdet - INFO - Epoch [1][7050/8725]	lr: 1.000e-03, eta: 8:08:11, time: 0.172, data_time: 0.009, memory: 13424, loss_cls: 0.4779, loss_bbox: 0.4310, loss_kps: 0.0000, loss: 0.9090
2026-09-10 04:09:03,266 - mmdet - INFO - Epoch [1][7100/8725]	lr: 1.000e-03, eta: 8:08:00, time: 0.173, data_time: 0.009, memory: 13424, loss_cls: 0.4844, loss_bbox: 0.4143, loss_kps: 0.0000, loss: 0.8987
2026-09-10 04:09:11,903 - mmdet - INFO - Epoch [1][7150/8725]	lr: 1.000e-03, eta: 8:07:49, time: 0.173, data_time: 0.009, memory: 13424, loss_cls: 0.5164, loss_bbox: 0.4330, loss_kps: 0.0000, loss: 0.9495
2026-09-10 04:09:20,449 - mmdet - INFO - Epoch [1][7200/8725]	lr: 1.000e-03, eta: 8:07:35, time: 0.171, data_time: 0.009, memory: 13424, loss_cls: 0.4726, loss_bbox: 0.4223, loss_kps: 0.0000, loss: 0.8949
2026-09-10 04:09:29,095 - mmdet - INFO - Epoch [1][7250/8725]	lr: 1.000e-03, eta: 8:07:24, time: 0.173, data_time: 0.010, memory: 13424, loss_cls: 0.4894, loss_bbox: 0.4293, loss_kps: 0.0000, loss: 0.9187
2026-09-10 04:09:37,788 - mmdet - INFO - Epoch [1][7300/8725]	lr: 1.000e-03, eta: 8:07:14, time: 0.174, data_time: 0.010, memory: 13424, loss_cls: 0.4728, loss_bbox: 0.4228, loss_kps: 0.0000, loss: 0.8956
2026-09-10 04:09:46,368 - mmdet - INFO - Epoch [1][7350/8725]	lr: 1.000e-03, eta: 8:07:02, time: 0.171, data_time: 0.009, memory: 13424, loss_cls: 0.4983, loss_bbox: 0.4369, loss_kps: 0.0000, loss: 0.9352
2026-09-10 04:09:55,027 - mmdet - INFO - Epoch [1][7400/8725]	lr: 1.000e-03, eta: 8:06:51, time: 0.173, data_time: 0.009, memory: 13424, loss_cls: 0.5277, loss_bbox: 0.4301, loss_kps: 0.0000, loss: 0.9578
2026-09-10 04:10:03,839 - mmdet - INFO - Epoch [1][7450/8725]	lr: 1.000e-03, eta: 8:06:44, time: 0.176, data_time: 0.011, memory: 13424, loss_cls: 0.4794, loss_bbox: 0.3986, loss_kps: 0.0000, loss: 0.8781
2026-09-10 04:10:12,477 - mmdet - INFO - Epoch [1][7500/8725]	lr: 1.000e-03, eta: 8:06:33, time: 0.173, data_time: 0.010, memory: 13424, loss_cls: 0.4948, loss_bbox: 0.4459, loss_kps: 0.0000, loss: 0.9407
2026-09-10 04:10:21,133 - mmdet - INFO - Epoch [1][7550/8725]	lr: 1.000e-03, eta: 8:06:22, time: 0.173, data_time: 0.010, memory: 13424, loss_cls: 0.4804, loss_bbox: 0.4221, loss_kps: 0.0000, loss: 0.9024
2026-09-10 04:10:29,716 - mmdet - INFO - Epoch [1][7600/8725]	lr: 1.000e-03, eta: 8:06:10, time: 0.172, data_time: 0.009, memory: 13424, loss_cls: 0.4886, loss_bbox: 0.4130, loss_kps: 0.0000, loss: 0.9016
2026-09-10 04:10:38,318 - mmdet - INFO - Epoch [1][7650/8725]	lr: 1.000e-03, eta: 8:05:59, time: 0.172, data_time: 0.010, memory: 13424, loss_cls: 0.4925, loss_bbox: 0.4242, loss_kps: 0.0000, loss: 0.9167
2026-09-10 04:10:47,201 - mmdet - INFO - Epoch [1][7700/8725]	lr: 1.000e-03, eta: 8:05:53, time: 0.178, data_time: 0.010, memory: 13424, loss_cls: 0.4847, loss_bbox: 0.4222, loss_kps: 0.0000, loss: 0.9069
2026-09-10 04:10:55,876 - mmdet - INFO - Epoch [1][7750/8725]	lr: 1.000e-03, eta: 8:05:43, time: 0.173, data_time: 0.010, memory: 13424, loss_cls: 0.5072, loss_bbox: 0.4432, loss_kps: 0.0000, loss: 0.9503
2026-09-10 04:11:04,582 - mmdet - INFO - Epoch [1][7800/8725]	lr: 1.000e-03, eta: 8:05:33, time: 0.174, data_time: 0.010, memory: 13424, loss_cls: 0.5130, loss_bbox: 0.4086, loss_kps: 0.0000, loss: 0.9216
2026-09-10 04:11:13,149 - mmdet - INFO - Epoch [1][7850/8725]	lr: 1.000e-03, eta: 8:05:21, time: 0.171, data_time: 0.009, memory: 13424, loss_cls: 0.5000, loss_bbox: 0.4410, loss_kps: 0.0000, loss: 0.9410
2026-09-10 04:11:21,840 - mmdet - INFO - Epoch [1][7900/8725]	lr: 1.000e-03, eta: 8:05:11, time: 0.174, data_time: 0.009, memory: 13424, loss_cls: 0.5371, loss_bbox: 0.4447, loss_kps: 0.0000, loss: 0.9818
2026-09-10 04:11:30,494 - mmdet - INFO - Epoch [1][7950/8725]	lr: 1.000e-03, eta: 8:05:01, time: 0.173, data_time: 0.009, memory: 13424, loss_cls: 0.4377, loss_bbox: 0.4186, loss_kps: 0.0000, loss: 0.8563
2026-09-10 04:11:39,182 - mmdet - INFO - Exp name: scrfd_armAA34.py
2026-09-10 04:11:39,182 - mmdet - INFO - Epoch [1][8000/8725]	lr: 1.000e-03, eta: 8:04:51, time: 0.174, data_time: 0.010, memory: 13424, loss_cls: 0.5043, loss_bbox: 0.4245, loss_kps: 0.0000, loss: 0.9289
2026-09-10 04:11:47,769 - mmdet - INFO - Epoch [1][8050/8725]	lr: 1.000e-03, eta: 8:04:39, time: 0.172, data_time: 0.009, memory: 13424, loss_cls: 0.4586, loss_bbox: 0.4165, loss_kps: 0.0000, loss: 0.8751
2026-09-10 04:11:56,513 - mmdet - INFO - Epoch [1][8100/8725]	lr: 1.000e-03, eta: 8:04:31, time: 0.175, data_time: 0.010, memory: 13424, loss_cls: 0.4734, loss_bbox: 0.4315, loss_kps: 0.0000, loss: 0.9049
2026-09-10 04:12:05,152 - mmdet - INFO - Epoch [1][8150/8725]	lr: 1.000e-03, eta: 8:04:20, time: 0.173, data_time: 0.009, memory: 13424, loss_cls: 0.4857, loss_bbox: 0.4318, loss_kps: 0.0000, loss: 0.9176
2026-09-10 04:12:13,782 - mmdet - INFO - Epoch [1][8200/8725]	lr: 1.000e-03, eta: 8:04:09, time: 0.173, data_time: 0.009, memory: 13424, loss_cls: 0.4342, loss_bbox: 0.4042, loss_kps: 0.0000, loss: 0.8384
2026-09-10 04:12:22,476 - mmdet - INFO - Epoch [1][8250/8725]	lr: 1.000e-03, eta: 8:03:59, time: 0.174, data_time: 0.010, memory: 13424, loss_cls: 0.4835, loss_bbox: 0.4203, loss_kps: 0.0000, loss: 0.9039
2026-09-10 04:12:31,126 - mmdet - INFO - Epoch [1][8300/8725]	lr: 1.000e-03, eta: 8:03:49, time: 0.173, data_time: 0.009, memory: 13424, loss_cls: 0.4742, loss_bbox: 0.4121, loss_kps: 0.0000, loss: 0.8863
2026-09-10 04:12:39,793 - mmdet - INFO - Epoch [1][8350/8725]	lr: 1.000e-03, eta: 8:03:39, time: 0.173, data_time: 0.009, memory: 13424, loss_cls: 0.4891, loss_bbox: 0.4054, loss_kps: 0.0000, loss: 0.8946
2026-09-10 04:12:48,400 - mmdet - INFO - Epoch [1][8400/8725]	lr: 1.000e-03, eta: 8:03:28, time: 0.172, data_time: 0.009, memory: 13424, loss_cls: 0.4903, loss_bbox: 0.4421, loss_kps: 0.0000, loss: 0.9324
2026-09-10 04:12:57,292 - mmdet - INFO - Epoch [1][8450/8725]	lr: 1.000e-03, eta: 8:03:22, time: 0.178, data_time: 0.012, memory: 13424, loss_cls: 0.5019, loss_bbox: 0.4162, loss_kps: 0.0000, loss: 0.9181
2026-09-10 04:13:05,928 - mmdet - INFO - Epoch [1][8500/8725]	lr: 1.000e-03, eta: 8:03:12, time: 0.173, data_time: 0.009, memory: 13424, loss_cls: 0.4981, loss_bbox: 0.4133, loss_kps: 0.0000, loss: 0.9114
2026-09-10 04:13:14,549 - mmdet - INFO - Epoch [1][8550/8725]	lr: 1.000e-03, eta: 8:03:01, time: 0.172, data_time: 0.010, memory: 13424, loss_cls: 0.4745, loss_bbox: 0.4175, loss_kps: 0.0000, loss: 0.8920
2026-09-10 04:13:23,200 - mmdet - INFO - Epoch [1][8600/8725]	lr: 1.000e-03, eta: 8:02:50, time: 0.173, data_time: 0.010, memory: 13424, loss_cls: 0.4834, loss_bbox: 0.4139, loss_kps: 0.0000, loss: 0.8973
2026-09-10 04:13:31,794 - mmdet - INFO - Epoch [1][8650/8725]	lr: 1.000e-03, eta: 8:02:39, time: 0.172, data_time: 0.010, memory: 13424, loss_cls: 0.4720, loss_bbox: 0.4333, loss_kps: 0.0000, loss: 0.9053
2026-09-10 04:13:40,416 - mmdet - INFO - Epoch [1][8700/8725]	lr: 1.000e-03, eta: 8:02:28, time: 0.173, data_time: 0.010, memory: 13424, loss_cls: 0.4784, loss_bbox: 0.4330, loss_kps: 0.0000, loss: 0.9113
2026-09-10 04:13:44,803 - mmdet - INFO - Saving checkpoint at 1 epochs
2026-09-10 04:13:57,957 - mmdet - INFO - Epoch [2][50/8725]	lr: 1.000e-03, eta: 8:02:11, time: 0.258, data_time: 0.091, memory: 13424, loss_cls: 0.4532, loss_bbox: 0.4248, loss_kps: 0.0000, loss: 0.8780
2026-09-10 04:14:06,643 - mmdet - INFO - Epoch [2][100/8725]	lr: 1.000e-03, eta: 8:02:02, time: 0.173, data_time: 0.009, memory: 13424, loss_cls: 0.4990, loss_bbox: 0.4462, loss_kps: 0.0000, loss: 0.9453
2026-09-10 04:14:15,261 - mmdet - INFO - Epoch [2][150/8725]	lr: 1.000e-03, eta: 8:01:51, time: 0.173, data_time: 0.010, memory: 13424, loss_cls: 0.4780, loss_bbox: 0.4151, loss_kps: 0.0000, loss: 0.8930
2026-09-10 04:14:23,902 - mmdet - INFO - Epoch [2][200/8725]	lr: 1.000e-03, eta: 8:01:40, time: 0.173, data_time: 0.010, memory: 13424, loss_cls: 0.4659, loss_bbox: 0.4229, loss_kps: 0.0000, loss: 0.8888
2026-09-10 04:14:32,507 - mmdet - INFO - Epoch [2][250/8725]	lr: 1.000e-03, eta: 8:01:30, time: 0.172, data_time: 0.010, memory: 13424, loss_cls: 0.4551, loss_bbox: 0.4191, loss_kps: 0.0000, loss: 0.8742
2026-09-10 04:14:41,165 - mmdet - INFO - Epoch [2][300/8725]	lr: 1.000e-03, eta: 8:01:19, time: 0.173, data_time: 0.009, memory: 13424, loss_cls: 0.4322, loss_bbox: 0.4072, loss_kps: 0.0000, loss: 0.8393
2026-09-10 04:14:49,810 - mmdet - INFO - Epoch [2][350/8725]	lr: 1.000e-03, eta: 8:01:09, time: 0.173, data_time: 0.009, memory: 13424, loss_cls: 0.4730, loss_bbox: 0.4110, loss_kps: 0.0000, loss: 0.8840
2026-09-10 04:14:58,460 - mmdet - INFO - Epoch [2][400/8725]	lr: 1.000e-03, eta: 8:00:59, time: 0.173, data_time: 0.009, memory: 13424, loss_cls: 0.4995, loss_bbox: 0.4289, loss_kps: 0.0000, loss: 0.9283
2026-09-10 04:15:07,094 - mmdet - INFO - Epoch [2][450/8725]	lr: 1.000e-03, eta: 8:00:49, time: 0.173, data_time: 0.009, memory: 13424, loss_cls: 0.5203, loss_bbox: 0.4396, loss_kps: 0.0000, loss: 0.9600
2026-09-10 04:15:15,703 - mmdet - INFO - Epoch [2][500/8725]	lr: 1.000e-03, eta: 8:00:38, time: 0.172, data_time: 0.009, memory: 13424, loss_cls: 0.5081, loss_bbox: 0.4336, loss_kps: 0.0000, loss: 0.9417
2026-09-10 04:15:24,294 - mmdet - INFO - Epoch [2][550/8725]	lr: 1.000e-03, eta: 8:00:27, time: 0.172, data_time: 0.009, memory: 13424, loss_cls: 0.4925, loss_bbox: 0.4181, loss_kps: 0.0000, loss: 0.9106
2026-09-10 04:15:32,922 - mmdet - INFO - Epoch [2][600/8725]	lr: 1.000e-03, eta: 8:00:16, time: 0.172, data_time: 0.008, memory: 13424, loss_cls: 0.4291, loss_bbox: 0.4010, loss_kps: 0.0000, loss: 0.8301
2026-09-10 04:15:41,531 - mmdet - INFO - Epoch [2][650/8725]	lr: 1.000e-03, eta: 8:00:06, time: 0.172, data_time: 0.009, memory: 13424, loss_cls: 0.4610, loss_bbox: 0.4142, loss_kps: 0.0000, loss: 0.8752
2026-09-10 04:15:50,115 - mmdet - INFO - Epoch [2][700/8725]	lr: 1.000e-03, eta: 7:59:54, time: 0.171, data_time: 0.009, memory: 13424, loss_cls: 0.4691, loss_bbox: 0.4190, loss_kps: 0.0000, loss: 0.8882
2026-09-10 04:15:58,731 - mmdet - INFO - Epoch [2][750/8725]	lr: 1.000e-03, eta: 7:59:44, time: 0.173, data_time: 0.010, memory: 13424, loss_cls: 0.4974, loss_bbox: 0.4395, loss_kps: 0.0000, loss: 0.9369
2026-09-10 04:16:07,578 - mmdet - INFO - Epoch [2][800/8725]	lr: 1.000e-03, eta: 7:59:37, time: 0.177, data_time: 0.009, memory: 13424, loss_cls: 0.4950, loss_bbox: 0.4107, loss_kps: 0.0000, loss: 0.9057
2026-09-10 04:16:16,243 - mmdet - INFO - Epoch [2][850/8725]	lr: 1.000e-03, eta: 7:59:28, time: 0.173, data_time: 0.010, memory: 13424, loss_cls: 0.4969, loss_bbox: 0.4396, loss_kps: 0.0000, loss: 0.9365
2026-09-10 04:16:24,888 - mmdet - INFO - Epoch [2][900/8725]	lr: 1.000e-03, eta: 7:59:18, time: 0.173, data_time: 0.009, memory: 13424, loss_cls: 0.5016, loss_bbox: 0.4137, loss_kps: 0.0000, loss: 0.9152
2026-09-10 04:16:33,499 - mmdet - INFO - Epoch [2][950/8725]	lr: 1.000e-03, eta: 7:59:07, time: 0.172, data_time: 0.010, memory: 13424, loss_cls: 0.4214, loss_bbox: 0.4006, loss_kps: 0.0000, loss: 0.8221
2026-09-10 04:16:42,093 - mmdet - INFO - Epoch [2][1000/8725]	lr: 1.000e-03, eta: 7:58:56, time: 0.172, data_time: 0.009, memory: 13424, loss_cls: 0.4752, loss_bbox: 0.4142, loss_kps: 0.0000, loss: 0.8894
2026-09-10 04:16:50,753 - mmdet - INFO - Epoch [2][1050/8725]	lr: 1.000e-03, eta: 7:58:47, time: 0.173, data_time: 0.009, memory: 13424, loss_cls: 0.4884, loss_bbox: 0.4221, loss_kps: 0.0000, loss: 0.9106
2026-09-10 04:16:59,389 - mmdet - INFO - Epoch [2][1100/8725]	lr: 1.000e-03, eta: 7:58:36, time: 0.172, data_time: 0.009, memory: 13424, loss_cls: 0.4756, loss_bbox: 0.4225, loss_kps: 0.0000, loss: 0.8981
2026-09-10 04:17:07,977 - mmdet - INFO - Epoch [2][1150/8725]	lr: 1.000e-03, eta: 7:58:26, time: 0.172, data_time: 0.010, memory: 13424, loss_cls: 0.4986, loss_bbox: 0.4111, loss_kps: 0.0000, loss: 0.9097
2026-09-10 04:17:16,902 - mmdet - INFO - Epoch [2][1200/8725]	lr: 1.000e-03, eta: 7:58:20, time: 0.178, data_time: 0.009, memory: 13424, loss_cls: 0.4566, loss_bbox: 0.3979, loss_kps: 0.0000, loss: 0.8545
2026-09-10 04:17:25,397 - mmdet - INFO - Epoch [2][1250/8725]	lr: 1.000e-03, eta: 7:58:08, time: 0.170, data_time: 0.009, memory: 13424, loss_cls: 0.4952, loss_bbox: 0.4312, loss_kps: 0.0000, loss: 0.9264
2026-09-10 04:17:34,612 - mmdet - INFO - Epoch [2][1300/8725]	lr: 1.000e-03, eta: 7:58:07, time: 0.184, data_time: 0.012, memory: 13424, loss_cls: 0.5035, loss_bbox: 0.4444, loss_kps: 0.0000, loss: 0.9479
2026-09-10 04:17:44,812 - mmdet - INFO - Epoch [2][1350/8725]	lr: 1.000e-03, eta: 7:58:22, time: 0.204, data_time: 0.009, memory: 13424, loss_cls: 0.4510, loss_bbox: 0.4007, loss_kps: 0.0000, loss: 0.8516
2026-09-10 04:17:55,043 - mmdet - INFO - Epoch [2][1400/8725]	lr: 1.000e-03, eta: 7:58:38, time: 0.204, data_time: 0.010, memory: 13424, loss_cls: 0.4836, loss_bbox: 0.4075, loss_kps: 0.0000, loss: 0.8911
2026-09-10 04:18:05,232 - mmdet - INFO - Epoch [2][1450/8725]	lr: 1.000e-03, eta: 7:58:53, time: 0.204, data_time: 0.010, memory: 13424, loss_cls: 0.4437, loss_bbox: 0.4066, loss_kps: 0.0000, loss: 0.8503
2026-09-10 04:18:15,404 - mmdet - INFO - Epoch [2][1500/8725]	lr: 1.000e-03, eta: 7:59:07, time: 0.203, data_time: 0.009, memory: 13424, loss_cls: 0.4528, loss_bbox: 0.3952, loss_kps: 0.0000, loss: 0.8480
2026-09-10 04:18:25,605 - mmdet - INFO - Epoch [2][1550/8725]	lr: 1.000e-03, eta: 7:59:21, time: 0.204, data_time: 0.009, memory: 13424, loss_cls: 0.4639, loss_bbox: 0.4137, loss_kps: 0.0000, loss: 0.8776
2026-09-10 04:18:35,828 - mmdet - INFO - Epoch [2][1600/8725]	lr: 1.000e-03, eta: 7:59:36, time: 0.204, data_time: 0.009, memory: 13424, loss_cls: 0.4549, loss_bbox: 0.4060, loss_kps: 0.0000, loss: 0.8610
2026-09-10 04:18:45,982 - mmdet - INFO - Epoch [2][1650/8725]	lr: 1.000e-03, eta: 7:59:49, time: 0.203, data_time: 0.010, memory: 13424, loss_cls: 0.4797, loss_bbox: 0.4115, loss_kps: 0.0000, loss: 0.8912
2026-09-10 04:18:56,101 - mmdet - INFO - Epoch [2][1700/8725]	lr: 1.000e-03, eta: 8:00:01, time: 0.202, data_time: 0.010, memory: 13424, loss_cls: 0.4882, loss_bbox: 0.4210, loss_kps: 0.0000, loss: 0.9092
2026-09-10 04:19:06,209 - mmdet - INFO - Epoch [2][1750/8725]	lr: 1.000e-03, eta: 8:00:14, time: 0.202, data_time: 0.010, memory: 13424, loss_cls: 0.4664, loss_bbox: 0.4041, loss_kps: 0.0000, loss: 0.8705
2026-09-10 04:19:16,429 - mmdet - INFO - Epoch [2][1800/8725]	lr: 1.000e-03, eta: 8:00:27, time: 0.204, data_time: 0.009, memory: 13424, loss_cls: 0.4655, loss_bbox: 0.4208, loss_kps: 0.0000, loss: 0.8863
2026-09-10 04:19:26,665 - mmdet - INFO - Epoch [2][1850/8725]	lr: 1.000e-03, eta: 8:00:41, time: 0.205, data_time: 0.009, memory: 13424, loss_cls: 0.4761, loss_bbox: 0.4257, loss_kps: 0.0000, loss: 0.9018
2026-09-10 04:19:36,832 - mmdet - INFO - Epoch [2][1900/8725]	lr: 1.000e-03, eta: 8:00:53, time: 0.203, data_time: 0.009, memory: 13424, loss_cls: 0.4673, loss_bbox: 0.4114, loss_kps: 0.0000, loss: 0.8786
2026-09-10 04:19:47,073 - mmdet - INFO - Epoch [2][1950/8725]	lr: 1.000e-03, eta: 8:01:07, time: 0.205, data_time: 0.009, memory: 13424, loss_cls: 0.4687, loss_bbox: 0.4296, loss_kps: 0.0000, loss: 0.8982
2026-09-10 04:19:57,301 - mmdet - INFO - Epoch [2][2000/8725]	lr: 1.000e-03, eta: 8:01:19, time: 0.204, data_time: 0.010, memory: 13424, loss_cls: 0.5040, loss_bbox: 0.4419, loss_kps: 0.0000, loss: 0.9458
2026-09-10 04:20:07,588 - mmdet - INFO - Epoch [2][2050/8725]	lr: 1.000e-03, eta: 8:01:33, time: 0.206, data_time: 0.010, memory: 13424, loss_cls: 0.4739, loss_bbox: 0.4198, loss_kps: 0.0000, loss: 0.8937
2026-09-10 04:20:17,809 - mmdet - INFO - Epoch [2][2100/8725]	lr: 1.000e-03, eta: 8:01:45, time: 0.204, data_time: 0.010, memory: 13424, loss_cls: 0.4467, loss_bbox: 0.4044, loss_kps: 0.0000, loss: 0.8510
2026-09-10 04:20:28,007 - mmdet - INFO - Epoch [2][2150/8725]	lr: 1.000e-03, eta: 8:01:57, time: 0.204, data_time: 0.008, memory: 13424, loss_cls: 0.4825, loss_bbox: 0.4094, loss_kps: 0.0000, loss: 0.8918
2026-09-10 04:20:38,260 - mmdet - INFO - Epoch [2][2200/8725]	lr: 1.000e-03, eta: 8:02:09, time: 0.205, data_time: 0.010, memory: 13424, loss_cls: 0.4631, loss_bbox: 0.4133, loss_kps: 0.0000, loss: 0.8764
2026-09-10 04:20:48,426 - mmdet - INFO - Epoch [2][2250/8725]	lr: 1.000e-03, eta: 8:02:20, time: 0.204, data_time: 0.010, memory: 13424, loss_cls: 0.4972, loss_bbox: 0.4236, loss_kps: 0.0000, loss: 0.9209
2026-09-10 04:20:58,593 - mmdet - INFO - Epoch [2][2300/8725]	lr: 1.000e-03, eta: 8:02:31, time: 0.203, data_time: 0.010, memory: 13424, loss_cls: 0.4715, loss_bbox: 0.4207, loss_kps: 0.0000, loss: 0.8921
2026-09-10 04:21:09,140 - mmdet - INFO - Epoch [2][2350/8725]	lr: 1.000e-03, eta: 8:02:47, time: 0.211, data_time: 0.010, memory: 13424, loss_cls: 0.4326, loss_bbox: 0.4099, loss_kps: 0.0000, loss: 0.8424
2026-09-10 04:21:19,298 - mmdet - INFO - Epoch [2][2400/8725]	lr: 1.000e-03, eta: 8:02:57, time: 0.203, data_time: 0.010, memory: 13424, loss_cls: 0.4358, loss_bbox: 0.4329, loss_kps: 0.0000, loss: 0.8686
2026-09-10 04:21:29,433 - mmdet - INFO - Epoch [2][2450/8725]	lr: 1.000e-03, eta: 8:03:07, time: 0.203, data_time: 0.009, memory: 13424, loss_cls: 0.4589, loss_bbox: 0.4120, loss_kps: 0.0000, loss: 0.8709
2026-09-10 04:21:39,536 - mmdet - INFO - Epoch [2][2500/8725]	lr: 1.000e-03, eta: 8:03:15, time: 0.202, data_time: 0.009, memory: 13424, loss_cls: 0.4691, loss_bbox: 0.4124, loss_kps: 0.0000, loss: 0.8815
2026-09-10 04:21:49,645 - mmdet - INFO - Epoch [2][2550/8725]	lr: 1.000e-03, eta: 8:03:25, time: 0.202, data_time: 0.010, memory: 13424, loss_cls: 0.4756, loss_bbox: 0.4281, loss_kps: 0.0000, loss: 0.9036
2026-09-10 04:21:59,775 - mmdet - INFO - Epoch [2][2600/8725]	lr: 1.000e-03, eta: 8:03:33, time: 0.202, data_time: 0.009, memory: 13424, loss_cls: 0.4698, loss_bbox: 0.4139, loss_kps: 0.0000, loss: 0.8837
2026-09-10 04:22:09,857 - mmdet - INFO - Epoch [2][2650/8725]	lr: 1.000e-03, eta: 8:03:42, time: 0.202, data_time: 0.010, memory: 13424, loss_cls: 0.4732, loss_bbox: 0.4285, loss_kps: 0.0000, loss: 0.9017
2026-09-10 04:22:19,942 - mmdet - INFO - Epoch [2][2700/8725]	lr: 1.000e-03, eta: 8:03:50, time: 0.201, data_time: 0.009, memory: 13424, loss_cls: 0.4790, loss_bbox: 0.4189, loss_kps: 0.0000, loss: 0.8979
2026-09-10 04:22:30,051 - mmdet - INFO - Epoch [2][2750/8725]	lr: 1.000e-03, eta: 8:03:58, time: 0.203, data_time: 0.010, memory: 13424, loss_cls: 0.5064, loss_bbox: 0.4519, loss_kps: 0.0000, loss: 0.9583
2026-09-10 04:22:40,060 - mmdet - INFO - Epoch [2][2800/8725]	lr: 1.000e-03, eta: 8:04:05, time: 0.200, data_time: 0.009, memory: 13424, loss_cls: 0.4620, loss_bbox: 0.4170, loss_kps: 0.0000, loss: 0.8789
2026-09-10 04:22:50,215 - mmdet - INFO - Epoch [2][2850/8725]	lr: 1.000e-03, eta: 8:04:13, time: 0.203, data_time: 0.010, memory: 13424, loss_cls: 0.4931, loss_bbox: 0.4152, loss_kps: 0.0000, loss: 0.9083
2026-09-10 04:23:00,339 - mmdet - INFO - Epoch [2][2900/8725]	lr: 1.000e-03, eta: 8:04:21, time: 0.202, data_time: 0.009, memory: 13424, loss_cls: 0.4564, loss_bbox: 0.4077, loss_kps: 0.0000, loss: 0.8640
2026-09-10 04:23:10,447 - mmdet - INFO - Epoch [2][2950/8725]	lr: 1.000e-03, eta: 8:04:29, time: 0.202, data_time: 0.010, memory: 13424, loss_cls: 0.4955, loss_bbox: 0.4157, loss_kps: 0.0000, loss: 0.9112
2026-09-10 04:23:20,683 - mmdet - INFO - Epoch [2][3000/8725]	lr: 1.000e-03, eta: 8:04:38, time: 0.204, data_time: 0.010, memory: 13424, loss_cls: 0.4993, loss_bbox: 0.4454, loss_kps: 0.0000, loss: 0.9447
2026-09-10 04:23:30,855 - mmdet - INFO - Epoch [2][3050/8725]	lr: 1.000e-03, eta: 8:04:47, time: 0.204, data_time: 0.010, memory: 13424, loss_cls: 0.4787, loss_bbox: 0.4233, loss_kps: 0.0000, loss: 0.9019
2026-09-10 04:23:40,990 - mmdet - INFO - Epoch [2][3100/8725]	lr: 1.000e-03, eta: 8:04:54, time: 0.202, data_time: 0.010, memory: 13424, loss_cls: 0.4371, loss_bbox: 0.4153, loss_kps: 0.0000, loss: 0.8524
2026-09-10 04:23:51,011 - mmdet - INFO - Epoch [2][3150/8725]	lr: 1.000e-03, eta: 8:05:00, time: 0.201, data_time: 0.011, memory: 13424, loss_cls: 0.4792, loss_bbox: 0.4181, loss_kps: 0.0000, loss: 0.8973
2026-09-10 04:24:00,990 - mmdet - INFO - Epoch [2][3200/8725]	lr: 1.000e-03, eta: 8:05:05, time: 0.199, data_time: 0.009, memory: 13424, loss_cls: 0.4876, loss_bbox: 0.4386, loss_kps: 0.0000, loss: 0.9262
2026-09-10 04:24:11,034 - mmdet - INFO - Epoch [2][3250/8725]	lr: 1.000e-03, eta: 8:05:11, time: 0.201, data_time: 0.010, memory: 13424, loss_cls: 0.4768, loss_bbox: 0.4111, loss_kps: 0.0000, loss: 0.8879
2026-09-10 04:24:21,069 - mmdet - INFO - Epoch [2][3300/8725]	lr: 1.000e-03, eta: 8:05:16, time: 0.200, data_time: 0.009, memory: 13424, loss_cls: 0.4897, loss_bbox: 0.4216, loss_kps: 0.0000, loss: 0.9114
2026-09-10 04:24:31,140 - mmdet - INFO - Epoch [2][3350/8725]	lr: 1.000e-03, eta: 8:05:22, time: 0.202, data_time: 0.010, memory: 13424, loss_cls: 0.5021, loss_bbox: 0.4201, loss_kps: 0.0000, loss: 0.9221
2026-09-10 04:24:41,121 - mmdet - INFO - Epoch [2][3400/8725]	lr: 1.000e-03, eta: 8:05:27, time: 0.199, data_time: 0.009, memory: 13424, loss_cls: 0.4708, loss_bbox: 0.4118, loss_kps: 0.0000, loss: 0.8826
2026-09-10 04:24:51,129 - mmdet - INFO - Epoch [2][3450/8725]	lr: 1.000e-03, eta: 8:05:32, time: 0.200, data_time: 0.010, memory: 13424, loss_cls: 0.4943, loss_bbox: 0.4310, loss_kps: 0.0000, loss: 0.9253
2026-09-10 04:25:01,161 - mmdet - INFO - Epoch [2][3500/8725]	lr: 1.000e-03, eta: 8:05:37, time: 0.200, data_time: 0.010, memory: 13424, loss_cls: 0.4392, loss_bbox: 0.4092, loss_kps: 0.0000, loss: 0.8484
2026-09-10 04:25:11,212 - mmdet - INFO - Epoch [2][3550/8725]	lr: 1.000e-03, eta: 8:05:42, time: 0.201, data_time: 0.010, memory: 13424, loss_cls: 0.5065, loss_bbox: 0.4462, loss_kps: 0.0000, loss: 0.9527
2026-09-10 04:25:21,178 - mmdet - INFO - Epoch [2][3600/8725]	lr: 1.000e-03, eta: 8:05:46, time: 0.199, data_time: 0.010, memory: 13424, loss_cls: 0.4932, loss_bbox: 0.4284, loss_kps: 0.0000, loss: 0.9215
2026-09-10 04:25:31,205 - mmdet - INFO - Epoch [2][3650/8725]	lr: 1.000e-03, eta: 8:05:51, time: 0.201, data_time: 0.010, memory: 13424, loss_cls: 0.5072, loss_bbox: 0.4391, loss_kps: 0.0000, loss: 0.9463
2026-09-10 04:25:41,328 - mmdet - INFO - Epoch [2][3700/8725]	lr: 1.000e-03, eta: 8:05:56, time: 0.202, data_time: 0.009, memory: 13424, loss_cls: 0.4517, loss_bbox: 0.4032, loss_kps: 0.0000, loss: 0.8549
2026-09-10 04:25:51,475 - mmdet - INFO - Epoch [2][3750/8725]	lr: 1.000e-03, eta: 8:06:03, time: 0.203, data_time: 0.010, memory: 13424, loss_cls: 0.4536, loss_bbox: 0.4213, loss_kps: 0.0000, loss: 0.8749
2026-09-10 04:26:01,436 - mmdet - INFO - Epoch [2][3800/8725]	lr: 1.000e-03, eta: 8:06:06, time: 0.199, data_time: 0.010, memory: 13424, loss_cls: 0.4362, loss_bbox: 0.4087, loss_kps: 0.0000, loss: 0.8449
2026-09-10 04:26:11,452 - mmdet - INFO - Epoch [2][3850/8725]	lr: 1.000e-03, eta: 8:06:10, time: 0.201, data_time: 0.010, memory: 13424, loss_cls: 0.4540, loss_bbox: 0.4245, loss_kps: 0.0000, loss: 0.8786
2026-09-10 04:26:21,446 - mmdet - INFO - Epoch [2][3900/8725]	lr: 1.000e-03, eta: 8:06:13, time: 0.200, data_time: 0.010, memory: 13424, loss_cls: 0.5042, loss_bbox: 0.4294, loss_kps: 0.0000, loss: 0.9336
2026-09-10 04:26:31,557 - mmdet - INFO - Epoch [2][3950/8725]	lr: 1.000e-03, eta: 8:06:19, time: 0.202, data_time: 0.010, memory: 13424, loss_cls: 0.5153, loss_bbox: 0.4378, loss_kps: 0.0000, loss: 0.9531
2026-09-10 04:26:41,491 - mmdet - INFO - Epoch [2][4000/8725]	lr: 1.000e-03, eta: 8:06:21, time: 0.198, data_time: 0.010, memory: 13424, loss_cls: 0.4717, loss_bbox: 0.4230, loss_kps: 0.0000, loss: 0.8947
2026-09-10 04:26:51,551 - mmdet - INFO - Epoch [2][4050/8725]	lr: 1.000e-03, eta: 8:06:26, time: 0.202, data_time: 0.010, memory: 13424, loss_cls: 0.5265, loss_bbox: 0.4235, loss_kps: 0.0000, loss: 0.9500
2026-09-10 04:27:01,456 - mmdet - INFO - Epoch [2][4100/8725]	lr: 1.000e-03, eta: 8:06:27, time: 0.198, data_time: 0.010, memory: 13424, loss_cls: 0.4612, loss_bbox: 0.3961, loss_kps: 0.0000, loss: 0.8574
2026-09-10 04:27:11,234 - mmdet - INFO - Epoch [2][4150/8725]	lr: 1.000e-03, eta: 8:06:28, time: 0.196, data_time: 0.011, memory: 13424, loss_cls: 0.4228, loss_bbox: 0.4085, loss_kps: 0.0000, loss: 0.8313
2026-09-10 04:27:21,133 - mmdet - INFO - Epoch [2][4200/8725]	lr: 1.000e-03, eta: 8:06:30, time: 0.198, data_time: 0.010, memory: 13424, loss_cls: 0.4056, loss_bbox: 0.4048, loss_kps: 0.0000, loss: 0.8104
2026-09-10 04:27:31,014 - mmdet - INFO - Epoch [2][4250/8725]	lr: 1.000e-03, eta: 8:06:31, time: 0.198, data_time: 0.011, memory: 13424, loss_cls: 0.4659, loss_bbox: 0.4006, loss_kps: 0.0000, loss: 0.8665
2026-09-10 04:27:40,976 - mmdet - INFO - Epoch [2][4300/8725]	lr: 1.000e-03, eta: 8:06:34, time: 0.199, data_time: 0.010, memory: 13424, loss_cls: 0.4583, loss_bbox: 0.3970, loss_kps: 0.0000, loss: 0.8553
2026-09-10 04:27:50,893 - mmdet - INFO - Epoch [2][4350/8725]	lr: 1.000e-03, eta: 8:06:36, time: 0.199, data_time: 0.010, memory: 13424, loss_cls: 0.4547, loss_bbox: 0.4182, loss_kps: 0.0000, loss: 0.8729
2026-09-10 04:28:00,713 - mmdet - INFO - Epoch [2][4400/8725]	lr: 1.000e-03, eta: 8:06:36, time: 0.196, data_time: 0.010, memory: 13424, loss_cls: 0.4690, loss_bbox: 0.3982, loss_kps: 0.0000, loss: 0.8672
2026-09-10 04:28:10,775 - mmdet - INFO - Epoch [2][4450/8725]	lr: 1.000e-03, eta: 8:06:39, time: 0.202, data_time: 0.011, memory: 13424, loss_cls: 0.4967, loss_bbox: 0.4304, loss_kps: 0.0000, loss: 0.9271
2026-09-10 04:28:20,736 - mmdet - INFO - Epoch [2][4500/8725]	lr: 1.000e-03, eta: 8:06:41, time: 0.199, data_time: 0.010, memory: 13424, loss_cls: 0.4469, loss_bbox: 0.3981, loss_kps: 0.0000, loss: 0.8450
2026-09-10 04:28:30,763 - mmdet - INFO - Epoch [2][4550/8725]	lr: 1.000e-03, eta: 8:06:44, time: 0.201, data_time: 0.013, memory: 13424, loss_cls: 0.4467, loss_bbox: 0.4034, loss_kps: 0.0000, loss: 0.8501
2026-09-10 04:28:42,097 - mmdet - INFO - Epoch [2][4600/8725]	lr: 1.000e-03, eta: 8:07:02, time: 0.225, data_time: 0.010, memory: 13424, loss_cls: 0.4933, loss_bbox: 0.4164, loss_kps: 0.0000, loss: 0.9097
2026-09-10 04:28:56,543 - mmdet - INFO - Epoch [2][4650/8725]	lr: 1.000e-03, eta: 8:07:59, time: 0.291, data_time: 0.013, memory: 13424, loss_cls: 0.4702, loss_bbox: 0.4237, loss_kps: 0.0000, loss: 0.8939
2026-09-10 04:29:12,283 - mmdet - INFO - Epoch [2][4700/8725]	lr: 1.000e-03, eta: 8:09:09, time: 0.314, data_time: 0.010, memory: 13424, loss_cls: 0.4507, loss_bbox: 0.4274, loss_kps: 0.0000, loss: 0.8781
2026-09-10 04:29:26,421 - mmdet - INFO - Epoch [2][4750/8725]	lr: 1.000e-03, eta: 8:10:00, time: 0.283, data_time: 0.010, memory: 13424, loss_cls: 0.4765, loss_bbox: 0.4468, loss_kps: 0.0000, loss: 0.9233
2026-09-10 04:29:40,788 - mmdet - INFO - Epoch [2][4800/8725]	lr: 1.000e-03, eta: 8:10:53, time: 0.287, data_time: 0.010, memory: 13424, loss_cls: 0.4666, loss_bbox: 0.4093, loss_kps: 0.0000, loss: 0.8759
2026-09-10 04:29:56,359 - mmdet - INFO - Epoch [2][4850/8725]	lr: 1.000e-03, eta: 8:12:00, time: 0.312, data_time: 0.010, memory: 13424, loss_cls: 0.4547, loss_bbox: 0.4286, loss_kps: 0.0000, loss: 0.8834
2026-09-10 04:30:10,501 - mmdet - INFO - Epoch [2][4900/8725]	lr: 1.000e-03, eta: 8:12:49, time: 0.282, data_time: 0.010, memory: 13424, loss_cls: 0.4610, loss_bbox: 0.4282, loss_kps: 0.0000, loss: 0.8892
2026-09-10 04:30:24,801 - mmdet - INFO - Epoch [2][4950/8725]	lr: 1.000e-03, eta: 8:13:41, time: 0.287, data_time: 0.010, memory: 13424, loss_cls: 0.4719, loss_bbox: 0.4246, loss_kps: 0.0000, loss: 0.8966
2026-09-10 04:30:39,070 - mmdet - INFO - Epoch [2][5000/8725]	lr: 1.000e-03, eta: 8:14:31, time: 0.285, data_time: 0.009, memory: 13424, loss_cls: 0.4520, loss_bbox: 0.4081, loss_kps: 0.0000, loss: 0.8601
2026-09-10 04:30:48,860 - mmdet - INFO - Epoch [2][5050/8725]	lr: 1.000e-03, eta: 8:14:28, time: 0.196, data_time: 0.010, memory: 13424, loss_cls: 0.4832, loss_bbox: 0.4187, loss_kps: 0.0000, loss: 0.9019
2026-09-10 04:30:58,658 - mmdet - INFO - Epoch [2][5100/8725]	lr: 1.000e-03, eta: 8:14:25, time: 0.196, data_time: 0.009, memory: 13424, loss_cls: 0.4744, loss_bbox: 0.4263, loss_kps: 0.0000, loss: 0.9008
2026-09-10 04:31:08,532 - mmdet - INFO - Epoch [2][5150/8725]	lr: 1.000e-03, eta: 8:14:24, time: 0.198, data_time: 0.011, memory: 13424, loss_cls: 0.3874, loss_bbox: 0.3891, loss_kps: 0.0000, loss: 0.7765
2026-09-10 04:31:18,370 - mmdet - INFO - Epoch [2][5200/8725]	lr: 1.000e-03, eta: 8:14:21, time: 0.197, data_time: 0.010, memory: 13424, loss_cls: 0.4629, loss_bbox: 0.4255, loss_kps: 0.0000, loss: 0.8884
2026-09-10 04:31:28,178 - mmdet - INFO - Epoch [2][5250/8725]	lr: 1.000e-03, eta: 8:14:19, time: 0.196, data_time: 0.010, memory: 13424, loss_cls: 0.4601, loss_bbox: 0.4046, loss_kps: 0.0000, loss: 0.8647
2026-09-10 04:31:38,111 - mmdet - INFO - Epoch [2][5300/8725]	lr: 1.000e-03, eta: 8:14:17, time: 0.198, data_time: 0.010, memory: 13424, loss_cls: 0.4916, loss_bbox: 0.4343, loss_kps: 0.0000, loss: 0.9259
2026-09-10 04:31:47,953 - mmdet - INFO - Epoch [2][5350/8725]	lr: 1.000e-03, eta: 8:14:15, time: 0.197, data_time: 0.010, memory: 13424, loss_cls: 0.4642, loss_bbox: 0.4183, loss_kps: 0.0000, loss: 0.8825
2026-09-10 04:31:58,578 - mmdet - INFO - Epoch [2][5400/8725]	lr: 1.000e-03, eta: 8:14:21, time: 0.212, data_time: 0.010, memory: 13424, loss_cls: 0.4375, loss_bbox: 0.4140, loss_kps: 0.0000, loss: 0.8516
2026-09-10 04:32:08,405 - mmdet - INFO - Epoch [2][5450/8725]	lr: 1.000e-03, eta: 8:14:19, time: 0.197, data_time: 0.010, memory: 13424, loss_cls: 0.4788, loss_bbox: 0.4042, loss_kps: 0.0000, loss: 0.8831
2026-09-10 04:32:18,129 - mmdet - INFO - Epoch [2][5500/8725]	lr: 1.000e-03, eta: 8:14:15, time: 0.194, data_time: 0.009, memory: 13424, loss_cls: 0.4537, loss_bbox: 0.4028, loss_kps: 0.0000, loss: 0.8564
2026-09-10 04:32:27,940 - mmdet - INFO - Epoch [2][5550/8725]	lr: 1.000e-03, eta: 8:14:12, time: 0.196, data_time: 0.010, memory: 13424, loss_cls: 0.4654, loss_bbox: 0.4176, loss_kps: 0.0000, loss: 0.8830
2026-09-10 04:32:37,870 - mmdet - INFO - Epoch [2][5600/8725]	lr: 1.000e-03, eta: 8:14:10, time: 0.198, data_time: 0.009, memory: 13424, loss_cls: 0.4624, loss_bbox: 0.4240, loss_kps: 0.0000, loss: 0.8863
2026-09-10 04:32:47,888 - mmdet - INFO - Epoch [2][5650/8725]	lr: 1.000e-03, eta: 8:14:10, time: 0.201, data_time: 0.010, memory: 13424, loss_cls: 0.4732, loss_bbox: 0.4314, loss_kps: 0.0000, loss: 0.9046
2026-09-10 04:32:57,724 - mmdet - INFO - Epoch [2][5700/8725]	lr: 1.000e-03, eta: 8:14:07, time: 0.196, data_time: 0.009, memory: 13424, loss_cls: 0.4427, loss_bbox: 0.3954, loss_kps: 0.0000, loss: 0.8381
2026-09-10 04:33:07,586 - mmdet - INFO - Epoch [2][5750/8725]	lr: 1.000e-03, eta: 8:14:04, time: 0.197, data_time: 0.010, memory: 13424, loss_cls: 0.4360, loss_bbox: 0.4036, loss_kps: 0.0000, loss: 0.8396
2026-09-10 04:33:17,614 - mmdet - INFO - Epoch [2][5800/8725]	lr: 1.000e-03, eta: 8:14:03, time: 0.200, data_time: 0.009, memory: 13424, loss_cls: 0.4660, loss_bbox: 0.4178, loss_kps: 0.0000, loss: 0.8838
2026-09-10 04:33:27,458 - mmdet - INFO - Epoch [2][5850/8725]	lr: 1.000e-03, eta: 8:14:00, time: 0.197, data_time: 0.010, memory: 13424, loss_cls: 0.4704, loss_bbox: 0.4434, loss_kps: 0.0000, loss: 0.9138
2026-09-10 04:33:37,188 - mmdet - INFO - Epoch [2][5900/8725]	lr: 1.000e-03, eta: 8:13:56, time: 0.194, data_time: 0.009, memory: 13424, loss_cls: 0.5127, loss_bbox: 0.4367, loss_kps: 0.0000, loss: 0.9494
2026-09-10 04:33:47,169 - mmdet - INFO - Epoch [2][5950/8725]	lr: 1.000e-03, eta: 8:13:55, time: 0.200, data_time: 0.009, memory: 13424, loss_cls: 0.4602, loss_bbox: 0.4062, loss_kps: 0.0000, loss: 0.8664
2026-09-10 04:33:57,241 - mmdet - INFO - Epoch [2][6000/8725]	lr: 1.000e-03, eta: 8:13:54, time: 0.201, data_time: 0.010, memory: 13424, loss_cls: 0.4127, loss_bbox: 0.4044, loss_kps: 0.0000, loss: 0.8171
2026-09-10 04:34:07,191 - mmdet - INFO - Epoch [2][6050/8725]	lr: 1.000e-03, eta: 8:13:52, time: 0.199, data_time: 0.009, memory: 13424, loss_cls: 0.4613, loss_bbox: 0.4192, loss_kps: 0.0000, loss: 0.8804
2026-09-10 04:34:16,904 - mmdet - INFO - Epoch [2][6100/8725]	lr: 1.000e-03, eta: 8:13:47, time: 0.194, data_time: 0.009, memory: 13424, loss_cls: 0.4669, loss_bbox: 0.4265, loss_kps: 0.0000, loss: 0.8934
2026-09-10 04:34:26,684 - mmdet - INFO - Epoch [2][6150/8725]	lr: 1.000e-03, eta: 8:13:44, time: 0.196, data_time: 0.010, memory: 13424, loss_cls: 0.4496, loss_bbox: 0.4002, loss_kps: 0.0000, loss: 0.8498
2026-09-10 04:34:36,590 - mmdet - INFO - Epoch [2][6200/8725]	lr: 1.000e-03, eta: 8:13:41, time: 0.198, data_time: 0.009, memory: 13424, loss_cls: 0.4560, loss_bbox: 0.4129, loss_kps: 0.0000, loss: 0.8689
2026-09-10 04:34:46,495 - mmdet - INFO - Epoch [2][6250/8725]	lr: 1.000e-03, eta: 8:13:38, time: 0.198, data_time: 0.010, memory: 13424, loss_cls: 0.4970, loss_bbox: 0.4147, loss_kps: 0.0000, loss: 0.9117
2026-09-10 04:34:56,325 - mmdet - INFO - Epoch [2][6300/8725]	lr: 1.000e-03, eta: 8:13:35, time: 0.196, data_time: 0.009, memory: 13424, loss_cls: 0.4991, loss_bbox: 0.4066, loss_kps: 0.0000, loss: 0.9057
2026-09-10 04:35:06,307 - mmdet - INFO - Epoch [2][6350/8725]	lr: 1.000e-03, eta: 8:13:33, time: 0.200, data_time: 0.009, memory: 13424, loss_cls: 0.4872, loss_bbox: 0.4297, loss_kps: 0.0000, loss: 0.9169
2026-09-10 04:35:16,224 - mmdet - INFO - Epoch [2][6400/8725]	lr: 1.000e-03, eta: 8:13:30, time: 0.198, data_time: 0.009, memory: 13424, loss_cls: 0.4472, loss_bbox: 0.4090, loss_kps: 0.0000, loss: 0.8562
2026-09-10 04:35:26,179 - mmdet - INFO - Epoch [2][6450/8725]	lr: 1.000e-03, eta: 8:13:28, time: 0.199, data_time: 0.010, memory: 13424, loss_cls: 0.4998, loss_bbox: 0.4259, loss_kps: 0.0000, loss: 0.9257
2026-09-10 04:35:36,083 - mmdet - INFO - Epoch [2][6500/8725]	lr: 1.000e-03, eta: 8:13:25, time: 0.198, data_time: 0.010, memory: 13424, loss_cls: 0.5089, loss_bbox: 0.4400, loss_kps: 0.0000, loss: 0.9489
2026-09-10 04:35:46,042 - mmdet - INFO - Epoch [2][6550/8725]	lr: 1.000e-03, eta: 8:13:23, time: 0.199, data_time: 0.010, memory: 13424, loss_cls: 0.4678, loss_bbox: 0.4282, loss_kps: 0.0000, loss: 0.8959
2026-09-10 04:35:55,939 - mmdet - INFO - Epoch [2][6600/8725]	lr: 1.000e-03, eta: 8:13:20, time: 0.198, data_time: 0.010, memory: 13424, loss_cls: 0.4295, loss_bbox: 0.3972, loss_kps: 0.0000, loss: 0.8266
2026-09-10 04:36:05,826 - mmdet - INFO - Epoch [2][6650/8725]	lr: 1.000e-03, eta: 8:13:16, time: 0.198, data_time: 0.009, memory: 13424, loss_cls: 0.4516, loss_bbox: 0.3795, loss_kps: 0.0000, loss: 0.8311
2026-09-10 04:36:15,843 - mmdet - INFO - Epoch [2][6700/8725]	lr: 1.000e-03, eta: 8:13:14, time: 0.200, data_time: 0.009, memory: 13424, loss_cls: 0.4771, loss_bbox: 0.4289, loss_kps: 0.0000, loss: 0.9060
2026-09-10 04:36:25,749 - mmdet - INFO - Epoch [2][6750/8725]	lr: 1.000e-03, eta: 8:13:11, time: 0.199, data_time: 0.010, memory: 13424, loss_cls: 0.4542, loss_bbox: 0.4108, loss_kps: 0.0000, loss: 0.8650
2026-09-10 04:36:35,715 - mmdet - INFO - Epoch [2][6800/8725]	lr: 1.000e-03, eta: 8:13:09, time: 0.199, data_time: 0.009, memory: 13424, loss_cls: 0.4677, loss_bbox: 0.4177, loss_kps: 0.0000, loss: 0.8854
2026-09-10 04:36:45,339 - mmdet - INFO - Epoch [2][6850/8725]	lr: 1.000e-03, eta: 8:13:03, time: 0.193, data_time: 0.010, memory: 13424, loss_cls: 0.4967, loss_bbox: 0.4332, loss_kps: 0.0000, loss: 0.9299
2026-09-10 04:36:55,253 - mmdet - INFO - Epoch [2][6900/8725]	lr: 1.000e-03, eta: 8:13:00, time: 0.198, data_time: 0.010, memory: 13424, loss_cls: 0.4630, loss_bbox: 0.4122, loss_kps: 0.0000, loss: 0.8752
2026-09-10 04:37:05,014 - mmdet - INFO - Epoch [2][6950/8725]	lr: 1.000e-03, eta: 8:12:55, time: 0.196, data_time: 0.010, memory: 13424, loss_cls: 0.4428, loss_bbox: 0.3923, loss_kps: 0.0000, loss: 0.8351
2026-09-10 04:37:14,775 - mmdet - INFO - Epoch [2][7000/8725]	lr: 1.000e-03, eta: 8:12:50, time: 0.195, data_time: 0.009, memory: 13424, loss_cls: 0.4568, loss_bbox: 0.4059, loss_kps: 0.0000, loss: 0.8627
2026-09-10 04:37:24,632 - mmdet - INFO - Epoch [2][7050/8725]	lr: 1.000e-03, eta: 8:12:46, time: 0.197, data_time: 0.010, memory: 13424, loss_cls: 0.4844, loss_bbox: 0.4193, loss_kps: 0.0000, loss: 0.9037
2026-09-10 04:37:34,407 - mmdet - INFO - Epoch [2][7100/8725]	lr: 1.000e-03, eta: 8:12:42, time: 0.195, data_time: 0.010, memory: 13424, loss_cls: 0.4820, loss_bbox: 0.4283, loss_kps: 0.0000, loss: 0.9103
2026-09-10 04:37:44,190 - mmdet - INFO - Epoch [2][7150/8725]	lr: 1.000e-03, eta: 8:12:37, time: 0.196, data_time: 0.010, memory: 13424, loss_cls: 0.4912, loss_bbox: 0.4077, loss_kps: 0.0000, loss: 0.8988
2026-09-10 04:37:54,030 - mmdet - INFO - Epoch [2][7200/8725]	lr: 1.000e-03, eta: 8:12:33, time: 0.196, data_time: 0.010, memory: 13424, loss_cls: 0.4385, loss_bbox: 0.4187, loss_kps: 0.0000, loss: 0.8572
2026-09-10 04:38:03,844 - mmdet - INFO - Epoch [2][7250/8725]	lr: 1.000e-03, eta: 8:12:29, time: 0.197, data_time: 0.010, memory: 13424, loss_cls: 0.4334, loss_bbox: 0.4023, loss_kps: 0.0000, loss: 0.8358
2026-09-10 04:38:13,590 - mmdet - INFO - Epoch [2][7300/8725]	lr: 1.000e-03, eta: 8:12:23, time: 0.195, data_time: 0.010, memory: 13424, loss_cls: 0.4518, loss_bbox: 0.4205, loss_kps: 0.0000, loss: 0.8723
2026-09-10 04:38:23,413 - mmdet - INFO - Epoch [2][7350/8725]	lr: 1.000e-03, eta: 8:12:19, time: 0.197, data_time: 0.009, memory: 13424, loss_cls: 0.4423, loss_bbox: 0.4109, loss_kps: 0.0000, loss: 0.8532
2026-09-10 04:38:33,199 - mmdet - INFO - Epoch [2][7400/8725]	lr: 1.000e-03, eta: 8:12:14, time: 0.195, data_time: 0.009, memory: 13424, loss_cls: 0.4974, loss_bbox: 0.4470, loss_kps: 0.0000, loss: 0.9444
2026-09-10 04:38:42,973 - mmdet - INFO - Epoch [2][7450/8725]	lr: 1.000e-03, eta: 8:12:09, time: 0.196, data_time: 0.010, memory: 13424, loss_cls: 0.4567, loss_bbox: 0.4375, loss_kps: 0.0000, loss: 0.8942
2026-09-10 04:38:52,800 - mmdet - INFO - Epoch [2][7500/8725]	lr: 1.000e-03, eta: 8:12:05, time: 0.196, data_time: 0.010, memory: 13424, loss_cls: 0.4911, loss_bbox: 0.4282, loss_kps: 0.0000, loss: 0.9193
2026-09-10 04:39:02,809 - mmdet - INFO - Epoch [2][7550/8725]	lr: 1.000e-03, eta: 8:12:02, time: 0.200, data_time: 0.010, memory: 13424, loss_cls: 0.5023, loss_bbox: 0.4163, loss_kps: 0.0000, loss: 0.9186
2026-09-10 04:39:12,652 - mmdet - INFO - Epoch [2][7600/8725]	lr: 1.000e-03, eta: 8:11:58, time: 0.197, data_time: 0.009, memory: 13424, loss_cls: 0.4823, loss_bbox: 0.4157, loss_kps: 0.0000, loss: 0.8981
2026-09-10 04:39:22,580 - mmdet - INFO - Epoch [2][7650/8725]	lr: 1.000e-03, eta: 8:11:54, time: 0.199, data_time: 0.010, memory: 13424, loss_cls: 0.4925, loss_bbox: 0.4147, loss_kps: 0.0000, loss: 0.9072
2026-09-10 04:39:32,476 - mmdet - INFO - Epoch [2][7700/8725]	lr: 1.000e-03, eta: 8:11:50, time: 0.198, data_time: 0.009, memory: 13424, loss_cls: 0.4635, loss_bbox: 0.4150, loss_kps: 0.0000, loss: 0.8785
2026-09-10 04:39:42,380 - mmdet - INFO - Epoch [2][7750/8725]	lr: 1.000e-03, eta: 8:11:46, time: 0.198, data_time: 0.009, memory: 13424, loss_cls: 0.4576, loss_bbox: 0.3964, loss_kps: 0.0000, loss: 0.8540
2026-09-10 04:39:52,355 - mmdet - INFO - Epoch [2][7800/8725]	lr: 1.000e-03, eta: 8:11:43, time: 0.199, data_time: 0.009, memory: 13424, loss_cls: 0.4087, loss_bbox: 0.3987, loss_kps: 0.0000, loss: 0.8074
2026-09-10 04:40:02,157 - mmdet - INFO - Epoch [2][7850/8725]	lr: 1.000e-03, eta: 8:11:38, time: 0.196, data_time: 0.010, memory: 13424, loss_cls: 0.4861, loss_bbox: 0.4316, loss_kps: 0.0000, loss: 0.9177
2026-09-10 04:40:12,120 - mmdet - INFO - Epoch [2][7900/8725]	lr: 1.000e-03, eta: 8:11:35, time: 0.199, data_time: 0.010, memory: 13424, loss_cls: 0.4617, loss_bbox: 0.4111, loss_kps: 0.0000, loss: 0.8729
2026-09-10 04:40:22,159 - mmdet - INFO - Epoch [2][7950/8725]	lr: 1.000e-03, eta: 8:11:32, time: 0.201, data_time: 0.010, memory: 13424, loss_cls: 0.4681, loss_bbox: 0.4024, loss_kps: 0.0000, loss: 0.8705
2026-09-10 04:40:32,080 - mmdet - INFO - Epoch [2][8000/8725]	lr: 1.000e-03, eta: 8:11:28, time: 0.198, data_time: 0.009, memory: 13424, loss_cls: 0.4639, loss_bbox: 0.4185, loss_kps: 0.0000, loss: 0.8824
2026-09-10 04:40:41,972 - mmdet - INFO - Epoch [2][8050/8725]	lr: 1.000e-03, eta: 8:11:24, time: 0.198, data_time: 0.009, memory: 13424, loss_cls: 0.4305, loss_bbox: 0.4043, loss_kps: 0.0000, loss: 0.8348
2026-09-10 04:40:51,921 - mmdet - INFO - Epoch [2][8100/8725]	lr: 1.000e-03, eta: 8:11:20, time: 0.199, data_time: 0.010, memory: 13424, loss_cls: 0.4424, loss_bbox: 0.4087, loss_kps: 0.0000, loss: 0.8511
2026-09-10 04:41:01,781 - mmdet - INFO - Epoch [2][8150/8725]	lr: 1.000e-03, eta: 8:11:16, time: 0.198, data_time: 0.010, memory: 13424, loss_cls: 0.4773, loss_bbox: 0.4117, loss_kps: 0.0000, loss: 0.8890
2026-09-10 04:41:11,880 - mmdet - INFO - Epoch [2][8200/8725]	lr: 1.000e-03, eta: 8:11:13, time: 0.202, data_time: 0.009, memory: 13424, loss_cls: 0.4702, loss_bbox: 0.4234, loss_kps: 0.0000, loss: 0.8936
2026-09-10 04:41:21,783 - mmdet - INFO - Epoch [2][8250/8725]	lr: 1.000e-03, eta: 8:11:09, time: 0.198, data_time: 0.010, memory: 13424, loss_cls: 0.4653, loss_bbox: 0.4159, loss_kps: 0.0000, loss: 0.8812
2026-09-10 04:41:31,294 - mmdet - INFO - Epoch [2][8300/8725]	lr: 1.000e-03, eta: 8:11:01, time: 0.190, data_time: 0.012, memory: 13424, loss_cls: 0.4794, loss_bbox: 0.4472, loss_kps: 0.0000, loss: 0.9265
2026-09-10 04:41:41,615 - mmdet - INFO - Epoch [2][8350/8725]	lr: 1.000e-03, eta: 8:11:01, time: 0.206, data_time: 0.013, memory: 13424, loss_cls: 0.4600, loss_bbox: 0.4121, loss_kps: 0.0000, loss: 0.8721
2026-09-10 04:41:51,583 - mmdet - INFO - Epoch [2][8400/8725]	lr: 1.000e-03, eta: 8:10:57, time: 0.199, data_time: 0.010, memory: 13424, loss_cls: 0.4365, loss_bbox: 0.4150, loss_kps: 0.0000, loss: 0.8514
2026-09-10 04:42:01,393 - mmdet - INFO - Epoch [2][8450/8725]	lr: 1.000e-03, eta: 8:10:52, time: 0.197, data_time: 0.015, memory: 13424, loss_cls: 0.4450, loss_bbox: 0.4088, loss_kps: 0.0000, loss: 0.8537
2026-09-10 04:42:11,564 - mmdet - INFO - Epoch [2][8500/8725]	lr: 1.000e-03, eta: 8:10:50, time: 0.203, data_time: 0.012, memory: 13424, loss_cls: 0.4287, loss_bbox: 0.4040, loss_kps: 0.0000, loss: 0.8326
2026-09-10 04:42:21,659 - mmdet - INFO - Epoch [2][8550/8725]	lr: 1.000e-03, eta: 8:10:47, time: 0.202, data_time: 0.011, memory: 13424, loss_cls: 0.4562, loss_bbox: 0.4100, loss_kps: 0.0000, loss: 0.8662
2026-09-10 04:42:31,898 - mmdet - INFO - Epoch [2][8600/8725]	lr: 1.000e-03, eta: 8:10:46, time: 0.204, data_time: 0.011, memory: 13424, loss_cls: 0.4608, loss_bbox: 0.4112, loss_kps: 0.0000, loss: 0.8719
2026-09-10 04:42:42,109 - mmdet - INFO - Epoch [2][8650/8725]	lr: 1.000e-03, eta: 8:10:44, time: 0.205, data_time: 0.010, memory: 13424, loss_cls: 0.4699, loss_bbox: 0.4118, loss_kps: 0.0000, loss: 0.8817
2026-09-10 04:42:52,240 - mmdet - INFO - Epoch [2][8700/8725]	lr: 1.000e-03, eta: 8:10:41, time: 0.202, data_time: 0.009, memory: 13424, loss_cls: 0.4659, loss_bbox: 0.4083, loss_kps: 0.0000, loss: 0.8742
2026-09-10 04:42:57,580 - mmdet - INFO - Saving checkpoint at 2 epochs
2026-09-10 04:43:12,284 - mmdet - INFO - Epoch [3][50/8725]	lr: 1.000e-03, eta: 8:10:31, time: 0.289, data_time: 0.095, memory: 13424, loss_cls: 0.4763, loss_bbox: 0.4269, loss_kps: 0.0000, loss: 0.9032
2026-09-10 04:43:22,452 - mmdet - INFO - Epoch [3][100/8725]	lr: 1.000e-03, eta: 8:10:28, time: 0.203, data_time: 0.009, memory: 13424, loss_cls: 0.4115, loss_bbox: 0.3888, loss_kps: 0.0000, loss: 0.8003
2026-09-10 04:43:32,932 - mmdet - INFO - Epoch [3][150/8725]	lr: 1.000e-03, eta: 8:10:29, time: 0.210, data_time: 0.009, memory: 13424, loss_cls: 0.4890, loss_bbox: 0.4244, loss_kps: 0.0000, loss: 0.9133
2026-09-10 04:43:43,101 - mmdet - INFO - Epoch [3][200/8725]	lr: 1.000e-03, eta: 8:10:26, time: 0.203, data_time: 0.010, memory: 13424, loss_cls: 0.4509, loss_bbox: 0.4000, loss_kps: 0.0000, loss: 0.8509
2026-09-10 04:43:53,243 - mmdet - INFO - Epoch [3][250/8725]	lr: 1.000e-03, eta: 8:10:24, time: 0.203, data_time: 0.009, memory: 13424, loss_cls: 0.4743, loss_bbox: 0.4141, loss_kps: 0.0000, loss: 0.8884
2026-09-10 04:44:03,384 - mmdet - INFO - Epoch [3][300/8725]	lr: 1.000e-03, eta: 8:10:21, time: 0.203, data_time: 0.010, memory: 13424, loss_cls: 0.4756, loss_bbox: 0.4085, loss_kps: 0.0000, loss: 0.8841
2026-09-10 04:44:13,633 - mmdet - INFO - Epoch [3][350/8725]	lr: 1.000e-03, eta: 8:10:19, time: 0.205, data_time: 0.010, memory: 13424, loss_cls: 0.4751, loss_bbox: 0.4218, loss_kps: 0.0000, loss: 0.8969
2026-09-10 04:44:23,835 - mmdet - INFO - Epoch [3][400/8725]	lr: 1.000e-03, eta: 8:10:17, time: 0.204, data_time: 0.009, memory: 13424, loss_cls: 0.4639, loss_bbox: 0.4278, loss_kps: 0.0000, loss: 0.8917
2026-09-10 04:44:34,031 - mmdet - INFO - Epoch [3][450/8725]	lr: 1.000e-03, eta: 8:10:15, time: 0.204, data_time: 0.009, memory: 13424, loss_cls: 0.4603, loss_bbox: 0.4016, loss_kps: 0.0000, loss: 0.8619
2026-09-10 04:44:44,174 - mmdet - INFO - Epoch [3][500/8725]	lr: 1.000e-03, eta: 8:10:12, time: 0.203, data_time: 0.009, memory: 13424, loss_cls: 0.4545, loss_bbox: 0.4231, loss_kps: 0.0000, loss: 0.8775
2026-09-10 04:44:54,329 - mmdet - INFO - Exp name: scrfd_armAA34.py
2026-09-10 04:44:54,329 - mmdet - INFO - Epoch [3][550/8725]	lr: 1.000e-03, eta: 8:10:09, time: 0.203, data_time: 0.009, memory: 13424, loss_cls: 0.4332, loss_bbox: 0.4024, loss_kps: 0.0000, loss: 0.8356
2026-09-10 04:45:04,458 - mmdet - INFO - Epoch [3][600/8725]	lr: 1.000e-03, eta: 8:10:06, time: 0.202, data_time: 0.009, memory: 13424, loss_cls: 0.4648, loss_bbox: 0.4170, loss_kps: 0.0000, loss: 0.8818
2026-09-10 04:45:14,631 - mmdet - INFO - Epoch [3][650/8725]	lr: 1.000e-03, eta: 8:10:03, time: 0.203, data_time: 0.010, memory: 13424, loss_cls: 0.4271, loss_bbox: 0.4177, loss_kps: 0.0000, loss: 0.8449
2026-09-10 04:45:24,763 - mmdet - INFO - Epoch [3][700/8725]	lr: 1.000e-03, eta: 8:10:00, time: 0.203, data_time: 0.009, memory: 13424, loss_cls: 0.4446, loss_bbox: 0.4102, loss_kps: 0.0000, loss: 0.8549
2026-09-10 04:45:34,876 - mmdet - INFO - Epoch [3][750/8725]	lr: 1.000e-03, eta: 8:09:57, time: 0.202, data_time: 0.009, memory: 13424, loss_cls: 0.4114, loss_bbox: 0.4019, loss_kps: 0.0000, loss: 0.8133
2026-09-10 04:45:45,036 - mmdet - INFO - Epoch [3][800/8725]	lr: 1.000e-03, eta: 8:09:54, time: 0.203, data_time: 0.010, memory: 13424, loss_cls: 0.4865, loss_bbox: 0.4148, loss_kps: 0.0000, loss: 0.9013
2026-09-10 04:45:55,183 - mmdet - INFO - Epoch [3][850/8725]	lr: 1.000e-03, eta: 8:09:51, time: 0.203, data_time: 0.010, memory: 13424, loss_cls: 0.4865, loss_bbox: 0.4425, loss_kps: 0.0000, loss: 0.9290
2026-09-10 04:46:05,330 - mmdet - INFO - Epoch [3][900/8725]	lr: 1.000e-03, eta: 8:09:48, time: 0.203, data_time: 0.010, memory: 13424, loss_cls: 0.4705, loss_bbox: 0.4118, loss_kps: 0.0000, loss: 0.8823
2026-09-10 04:46:15,542 - mmdet - INFO - Epoch [3][950/8725]	lr: 1.000e-03, eta: 8:09:45, time: 0.204, data_time: 0.010, memory: 13424, loss_cls: 0.4318, loss_bbox: 0.3886, loss_kps: 0.0000, loss: 0.8204
2026-09-10 04:46:25,675 - mmdet - INFO - Epoch [3][1000/8725]	lr: 1.000e-03, eta: 8:09:42, time: 0.203, data_time: 0.010, memory: 13424, loss_cls: 0.4405, loss_bbox: 0.3960, loss_kps: 0.0000, loss: 0.8365
2026-09-10 04:46:35,893 - mmdet - INFO - Epoch [3][1050/8725]	lr: 1.000e-03, eta: 8:09:39, time: 0.204, data_time: 0.010, memory: 13424, loss_cls: 0.4619, loss_bbox: 0.4150, loss_kps: 0.0000, loss: 0.8769
2026-09-10 04:46:45,995 - mmdet - INFO - Epoch [3][1100/8725]	lr: 1.000e-03, eta: 8:09:36, time: 0.202, data_time: 0.010, memory: 13424, loss_cls: 0.4710, loss_bbox: 0.4138, loss_kps: 0.0000, loss: 0.8849
2026-09-10 04:46:56,146 - mmdet - INFO - Epoch [3][1150/8725]	lr: 1.000e-03, eta: 8:09:32, time: 0.203, data_time: 0.010, memory: 13424, loss_cls: 0.4373, loss_bbox: 0.4076, loss_kps: 0.0000, loss: 0.8449
2026-09-10 04:47:06,260 - mmdet - INFO - Epoch [3][1200/8725]	lr: 1.000e-03, eta: 8:09:29, time: 0.202, data_time: 0.010, memory: 13424, loss_cls: 0.4649, loss_bbox: 0.4052, loss_kps: 0.0000, loss: 0.8701
2026-09-10 04:47:16,354 - mmdet - INFO - Epoch [3][1250/8725]	lr: 1.000e-03, eta: 8:09:25, time: 0.202, data_time: 0.009, memory: 13424, loss_cls: 0.4808, loss_bbox: 0.4140, loss_kps: 0.0000, loss: 0.8948
2026-09-10 04:47:26,458 - mmdet - INFO - Epoch [3][1300/8725]	lr: 1.000e-03, eta: 8:09:21, time: 0.202, data_time: 0.010, memory: 13424, loss_cls: 0.4326, loss_bbox: 0.4054, loss_kps: 0.0000, loss: 0.8380
2026-09-10 04:47:36,559 - mmdet - INFO - Epoch [3][1350/8725]	lr: 1.000e-03, eta: 8:09:17, time: 0.202, data_time: 0.010, memory: 13424, loss_cls: 0.4486, loss_bbox: 0.3968, loss_kps: 0.0000, loss: 0.8453
2026-09-10 04:47:46,601 - mmdet - INFO - Epoch [3][1400/8725]	lr: 1.000e-03, eta: 8:09:13, time: 0.201, data_time: 0.010, memory: 13424, loss_cls: 0.4217, loss_bbox: 0.3975, loss_kps: 0.0000, loss: 0.8191
2026-09-10 04:47:56,600 - mmdet - INFO - Epoch [3][1450/8725]	lr: 1.000e-03, eta: 8:09:08, time: 0.200, data_time: 0.010, memory: 13424, loss_cls: 0.4453, loss_bbox: 0.4044, loss_kps: 0.0000, loss: 0.8497
2026-09-10 04:48:06,624 - mmdet - INFO - Epoch [3][1500/8725]	lr: 1.000e-03, eta: 8:09:04, time: 0.200, data_time: 0.010, memory: 13424, loss_cls: 0.3931, loss_bbox: 0.3887, loss_kps: 0.0000, loss: 0.7818
2026-09-10 04:48:16,623 - mmdet - INFO - Exp name: scrfd_armAA34.py
2026-09-10 04:48:16,623 - mmdet - INFO - Epoch [3][1550/8725]	lr: 1.000e-03, eta: 8:08:59, time: 0.200, data_time: 0.010, memory: 13424, loss_cls: 0.4610, loss_bbox: 0.4192, loss_kps: 0.0000, loss: 0.8802
2026-09-10 04:48:26,690 - mmdet - INFO - Epoch [3][1600/8725]	lr: 1.000e-03, eta: 8:08:55, time: 0.201, data_time: 0.010, memory: 13424, loss_cls: 0.4595, loss_bbox: 0.4251, loss_kps: 0.0000, loss: 0.8846
2026-09-10 04:48:36,757 - mmdet - INFO - Epoch [3][1650/8725]	lr: 1.000e-03, eta: 8:08:50, time: 0.201, data_time: 0.010, memory: 13424, loss_cls: 0.4876, loss_bbox: 0.4113, loss_kps: 0.0000, loss: 0.8988
2026-09-10 04:48:46,792 - mmdet - INFO - Epoch [3][1700/8725]	lr: 1.000e-03, eta: 8:08:46, time: 0.201, data_time: 0.009, memory: 13424, loss_cls: 0.4149, loss_bbox: 0.3968, loss_kps: 0.0000, loss: 0.8117
2026-09-10 04:48:56,815 - mmdet - INFO - Epoch [3][1750/8725]	lr: 1.000e-03, eta: 8:08:41, time: 0.201, data_time: 0.010, memory: 13424, loss_cls: 0.4543, loss_bbox: 0.4068, loss_kps: 0.0000, loss: 0.8612
2026-09-10 04:49:06,797 - mmdet - INFO - Epoch [3][1800/8725]	lr: 1.000e-03, eta: 8:08:36, time: 0.200, data_time: 0.009, memory: 13424, loss_cls: 0.4450, loss_bbox: 0.4091, loss_kps: 0.0000, loss: 0.8541
2026-09-10 04:49:16,832 - mmdet - INFO - Epoch [3][1850/8725]	lr: 1.000e-03, eta: 8:08:31, time: 0.201, data_time: 0.010, memory: 13424, loss_cls: 0.4833, loss_bbox: 0.4352, loss_kps: 0.0000, loss: 0.9184
2026-09-10 04:49:26,991 - mmdet - INFO - Epoch [3][1900/8725]	lr: 1.000e-03, eta: 8:08:27, time: 0.203, data_time: 0.009, memory: 13424, loss_cls: 0.4490, loss_bbox: 0.3970, loss_kps: 0.0000, loss: 0.8461
2026-09-10 04:49:37,033 - mmdet - INFO - Epoch [3][1950/8725]	lr: 1.000e-03, eta: 8:08:23, time: 0.201, data_time: 0.010, memory: 13424, loss_cls: 0.4468, loss_bbox: 0.3979, loss_kps: 0.0000, loss: 0.8447
2026-09-10 04:49:47,064 - mmdet - INFO - Epoch [3][2000/8725]	lr: 1.000e-03, eta: 8:08:18, time: 0.200, data_time: 0.010, memory: 13424, loss_cls: 0.4305, loss_bbox: 0.3992, loss_kps: 0.0000, loss: 0.8298
2026-09-10 04:49:57,054 - mmdet - INFO - Epoch [3][2050/8725]	lr: 1.000e-03, eta: 8:08:13, time: 0.200, data_time: 0.010, memory: 13424, loss_cls: 0.4753, loss_bbox: 0.4248, loss_kps: 0.0000, loss: 0.9001
2026-09-10 04:50:07,178 - mmdet - INFO - Epoch [3][2100/8725]	lr: 1.000e-03, eta: 8:08:09, time: 0.202, data_time: 0.010, memory: 13424, loss_cls: 0.4958, loss_bbox: 0.4172, loss_kps: 0.0000, loss: 0.9130
2026-09-10 04:50:17,426 - mmdet - INFO - Epoch [3][2150/8725]	lr: 1.000e-03, eta: 8:08:06, time: 0.205, data_time: 0.011, memory: 13424, loss_cls: 0.4716, loss_bbox: 0.4098, loss_kps: 0.0000, loss: 0.8815
2026-09-10 04:50:27,507 - mmdet - INFO - Epoch [3][2200/8725]	lr: 1.000e-03, eta: 8:08:01, time: 0.201, data_time: 0.010, memory: 13424, loss_cls: 0.4821, loss_bbox: 0.3920, loss_kps: 0.0000, loss: 0.8741
2026-09-10 04:50:37,509 - mmdet - INFO - Epoch [3][2250/8725]	lr: 1.000e-03, eta: 8:07:56, time: 0.200, data_time: 0.010, memory: 13424, loss_cls: 0.4469, loss_bbox: 0.4040, loss_kps: 0.0000, loss: 0.8509
2026-09-10 04:50:47,478 - mmdet - INFO - Epoch [3][2300/8725]	lr: 1.000e-03, eta: 8:07:51, time: 0.199, data_time: 0.010, memory: 13424, loss_cls: 0.4900, loss_bbox: 0.4187, loss_kps: 0.0000, loss: 0.9087
2026-09-10 04:50:57,475 - mmdet - INFO - Epoch [3][2350/8725]	lr: 1.000e-03, eta: 8:07:45, time: 0.200, data_time: 0.009, memory: 13424, loss_cls: 0.4128, loss_bbox: 0.4037, loss_kps: 0.0000, loss: 0.8165
2026-09-10 04:51:07,491 - mmdet - INFO - Epoch [3][2400/8725]	lr: 1.000e-03, eta: 8:07:40, time: 0.200, data_time: 0.009, memory: 13424, loss_cls: 0.4499, loss_bbox: 0.4232, loss_kps: 0.0000, loss: 0.8731
2026-09-10 04:51:17,604 - mmdet - INFO - Epoch [3][2450/8725]	lr: 1.000e-03, eta: 8:07:36, time: 0.202, data_time: 0.010, memory: 13424, loss_cls: 0.4549, loss_bbox: 0.3887, loss_kps: 0.0000, loss: 0.8436
2026-09-10 04:51:27,645 - mmdet - INFO - Epoch [3][2500/8725]	lr: 1.000e-03, eta: 8:07:31, time: 0.201, data_time: 0.011, memory: 13424, loss_cls: 0.4922, loss_bbox: 0.4155, loss_kps: 0.0000, loss: 0.9077
2026-09-10 04:51:37,997 - mmdet - INFO - Exp name: scrfd_armAA34.py
2026-09-10 04:51:37,997 - mmdet - INFO - Epoch [3][2550/8725]	lr: 1.000e-03, eta: 8:07:28, time: 0.207, data_time: 0.010, memory: 13424, loss_cls: 0.4676, loss_bbox: 0.4300, loss_kps: 0.0000, loss: 0.8976
2026-09-10 04:51:48,077 - mmdet - INFO - Epoch [3][2600/8725]	lr: 1.000e-03, eta: 8:07:23, time: 0.201, data_time: 0.010, memory: 13424, loss_cls: 0.4603, loss_bbox: 0.4176, loss_kps: 0.0000, loss: 0.8779
2026-09-10 04:51:58,072 - mmdet - INFO - Epoch [3][2650/8725]	lr: 1.000e-03, eta: 8:07:18, time: 0.200, data_time: 0.010, memory: 13424, loss_cls: 0.4829, loss_bbox: 0.4299, loss_kps: 0.0000, loss: 0.9128
2026-09-10 04:52:08,104 - mmdet - INFO - Epoch [3][2700/8725]	lr: 1.000e-03, eta: 8:07:13, time: 0.201, data_time: 0.010, memory: 13424, loss_cls: 0.4713, loss_bbox: 0.4002, loss_kps: 0.0000, loss: 0.8715
2026-09-10 04:52:18,211 - mmdet - INFO - Epoch [3][2750/8725]	lr: 1.000e-03, eta: 8:07:08, time: 0.202, data_time: 0.010, memory: 13424, loss_cls: 0.4636, loss_bbox: 0.4302, loss_kps: 0.0000, loss: 0.8938
2026-09-10 04:52:28,179 - mmdet - INFO - Epoch [3][2800/8725]	lr: 1.000e-03, eta: 8:07:03, time: 0.199, data_time: 0.009, memory: 13424, loss_cls: 0.4373, loss_bbox: 0.3738, loss_kps: 0.0000, loss: 0.8110
2026-09-10 04:52:38,115 - mmdet - INFO - Epoch [3][2850/8725]	lr: 1.000e-03, eta: 8:06:57, time: 0.199, data_time: 0.010, memory: 13424, loss_cls: 0.4456, loss_bbox: 0.4046, loss_kps: 0.0000, loss: 0.8502
2026-09-10 04:52:48,118 - mmdet - INFO - Epoch [3][2900/8725]	lr: 1.000e-03, eta: 8:06:51, time: 0.200, data_time: 0.010, memory: 13424, loss_cls: 0.4196, loss_bbox: 0.3981, loss_kps: 0.0000, loss: 0.8177
2026-09-10 04:52:58,097 - mmdet - INFO - Epoch [3][2950/8725]	lr: 1.000e-03, eta: 8:06:45, time: 0.200, data_time: 0.009, memory: 13424, loss_cls: 0.4473, loss_bbox: 0.4014, loss_kps: 0.0000, loss: 0.8487
2026-09-10 04:53:08,012 - mmdet - INFO - Epoch [3][3000/8725]	lr: 1.000e-03, eta: 8:06:39, time: 0.198, data_time: 0.010, memory: 13424, loss_cls: 0.4550, loss_bbox: 0.4133, loss_kps: 0.0000, loss: 0.8683
2026-09-10 04:53:17,940 - mmdet - INFO - Epoch [3][3050/8725]	lr: 1.000e-03, eta: 8:06:33, time: 0.199, data_time: 0.010, memory: 13424, loss_cls: 0.4613, loss_bbox: 0.4208, loss_kps: 0.0000, loss: 0.8821
2026-09-10 04:53:27,916 - mmdet - INFO - Epoch [3][3100/8725]	lr: 1.000e-03, eta: 8:06:27, time: 0.199, data_time: 0.010, memory: 13424, loss_cls: 0.4646, loss_bbox: 0.4001, loss_kps: 0.0000, loss: 0.8647
2026-09-10 04:53:37,867 - mmdet - INFO - Epoch [3][3150/8725]	lr: 1.000e-03, eta: 8:06:21, time: 0.199, data_time: 0.010, memory: 13424, loss_cls: 0.4213, loss_bbox: 0.3955, loss_kps: 0.0000, loss: 0.8167
2026-09-10 04:53:47,797 - mmdet - INFO - Epoch [3][3200/8725]	lr: 1.000e-03, eta: 8:06:15, time: 0.199, data_time: 0.010, memory: 13424, loss_cls: 0.4615, loss_bbox: 0.4108, loss_kps: 0.0000, loss: 0.8722
2026-09-10 04:53:57,602 - mmdet - INFO - Epoch [3][3250/8725]	lr: 1.000e-03, eta: 8:06:08, time: 0.196, data_time: 0.010, memory: 13424, loss_cls: 0.4497, loss_bbox: 0.4140, loss_kps: 0.0000, loss: 0.8637
2026-09-10 04:54:07,494 - mmdet - INFO - Epoch [3][3300/8725]	lr: 1.000e-03, eta: 8:06:02, time: 0.198, data_time: 0.010, memory: 13424, loss_cls: 0.4797, loss_bbox: 0.4092, loss_kps: 0.0000, loss: 0.8889
2026-09-10 04:54:17,421 - mmdet - INFO - Epoch [3][3350/8725]	lr: 1.000e-03, eta: 8:05:56, time: 0.199, data_time: 0.010, memory: 13424, loss_cls: 0.4933, loss_bbox: 0.4400, loss_kps: 0.0000, loss: 0.9333
2026-09-10 04:54:27,268 - mmdet - INFO - Epoch [3][3400/8725]	lr: 1.000e-03, eta: 8:05:49, time: 0.197, data_time: 0.009, memory: 13424, loss_cls: 0.4463, loss_bbox: 0.4055, loss_kps: 0.0000, loss: 0.8519
2026-09-10 04:54:37,162 - mmdet - INFO - Epoch [3][3450/8725]	lr: 1.000e-03, eta: 8:05:42, time: 0.198, data_time: 0.010, memory: 13424, loss_cls: 0.5019, loss_bbox: 0.4427, loss_kps: 0.0000, loss: 0.9446
2026-09-10 04:54:47,190 - mmdet - INFO - Epoch [3][3500/8725]	lr: 1.000e-03, eta: 8:05:37, time: 0.200, data_time: 0.009, memory: 13424, loss_cls: 0.4571, loss_bbox: 0.4118, loss_kps: 0.0000, loss: 0.8690
2026-09-10 04:54:57,277 - mmdet - INFO - Exp name: scrfd_armAA34.py
2026-09-10 04:54:57,277 - mmdet - INFO - Epoch [3][3550/8725]	lr: 1.000e-03, eta: 8:05:32, time: 0.202, data_time: 0.010, memory: 13424, loss_cls: 0.4195, loss_bbox: 0.4022, loss_kps: 0.0000, loss: 0.8217
2026-09-10 04:55:07,335 - mmdet - INFO - Epoch [3][3600/8725]	lr: 1.000e-03, eta: 8:05:26, time: 0.201, data_time: 0.010, memory: 13424, loss_cls: 0.4532, loss_bbox: 0.4172, loss_kps: 0.0000, loss: 0.8704
2026-09-10 04:55:17,393 - mmdet - INFO - Epoch [3][3650/8725]	lr: 1.000e-03, eta: 8:05:21, time: 0.201, data_time: 0.010, memory: 13424, loss_cls: 0.4224, loss_bbox: 0.4075, loss_kps: 0.0000, loss: 0.8299
2026-09-10 04:55:27,447 - mmdet - INFO - Epoch [3][3700/8725]	lr: 1.000e-03, eta: 8:05:15, time: 0.201, data_time: 0.010, memory: 13424, loss_cls: 0.4491, loss_bbox: 0.4011, loss_kps: 0.0000, loss: 0.8502
2026-09-10 04:55:37,397 - mmdet - INFO - Epoch [3][3750/8725]	lr: 1.000e-03, eta: 8:05:09, time: 0.199, data_time: 0.010, memory: 13424, loss_cls: 0.4669, loss_bbox: 0.4239, loss_kps: 0.0000, loss: 0.8909
2026-09-10 04:55:47,290 - mmdet - INFO - Epoch [3][3800/8725]	lr: 1.000e-03, eta: 8:05:03, time: 0.198, data_time: 0.010, memory: 13424, loss_cls: 0.4530, loss_bbox: 0.4441, loss_kps: 0.0000, loss: 0.8971
2026-09-10 04:55:57,212 - mmdet - INFO - Epoch [3][3850/8725]	lr: 1.000e-03, eta: 8:04:56, time: 0.198, data_time: 0.010, memory: 13424, loss_cls: 0.4690, loss_bbox: 0.4044, loss_kps: 0.0000, loss: 0.8734
2026-09-10 04:56:07,146 - mmdet - INFO - Epoch [3][3900/8725]	lr: 1.000e-03, eta: 8:04:50, time: 0.199, data_time: 0.010, memory: 13424, loss_cls: 0.4250, loss_bbox: 0.3851, loss_kps: 0.0000, loss: 0.8101
2026-09-10 04:56:17,246 - mmdet - INFO - Epoch [3][3950/8725]	lr: 1.000e-03, eta: 8:04:45, time: 0.202, data_time: 0.011, memory: 13424, loss_cls: 0.4546, loss_bbox: 0.4175, loss_kps: 0.0000, loss: 0.8721
2026-09-10 04:56:27,209 - mmdet - INFO - Epoch [3][4000/8725]	lr: 1.000e-03, eta: 8:04:39, time: 0.199, data_time: 0.009, memory: 13424, loss_cls: 0.4542, loss_bbox: 0.4202, loss_kps: 0.0000, loss: 0.8744
2026-09-10 04:56:37,105 - mmdet - INFO - Epoch [3][4050/8725]	lr: 1.000e-03, eta: 8:04:32, time: 0.198, data_time: 0.010, memory: 13424, loss_cls: 0.3957, loss_bbox: 0.3990, loss_kps: 0.0000, loss: 0.7947
2026-09-10 04:56:47,003 - mmdet - INFO - Epoch [3][4100/8725]	lr: 1.000e-03, eta: 8:04:25, time: 0.198, data_time: 0.010, memory: 13424, loss_cls: 0.5063, loss_bbox: 0.4092, loss_kps: 0.0000, loss: 0.9155
2026-09-10 04:56:56,939 - mmdet - INFO - Epoch [3][4150/8725]	lr: 1.000e-03, eta: 8:04:19, time: 0.199, data_time: 0.010, memory: 13424, loss_cls: 0.4699, loss_bbox: 0.4264, loss_kps: 0.0000, loss: 0.8964
2026-09-10 04:57:06,859 - mmdet - INFO - Epoch [3][4200/8725]	lr: 1.000e-03, eta: 8:04:12, time: 0.198, data_time: 0.010, memory: 13424, loss_cls: 0.4446, loss_bbox: 0.4297, loss_kps: 0.0000, loss: 0.8743
2026-09-10 04:57:16,651 - mmdet - INFO - Epoch [3][4250/8725]	lr: 1.000e-03, eta: 8:04:05, time: 0.196, data_time: 0.010, memory: 13424, loss_cls: 0.4535, loss_bbox: 0.4038, loss_kps: 0.0000, loss: 0.8573
2026-09-10 04:57:26,480 - mmdet - INFO - Epoch [3][4300/8725]	lr: 1.000e-03, eta: 8:03:57, time: 0.196, data_time: 0.010, memory: 13424, loss_cls: 0.4426, loss_bbox: 0.4270, loss_kps: 0.0000, loss: 0.8696
2026-09-10 04:57:36,384 - mmdet - INFO - Epoch [3][4350/8725]	lr: 1.000e-03, eta: 8:03:51, time: 0.198, data_time: 0.009, memory: 13424, loss_cls: 0.4619, loss_bbox: 0.4082, loss_kps: 0.0000, loss: 0.8701
2026-09-10 04:57:46,240 - mmdet - INFO - Epoch [3][4400/8725]	lr: 1.000e-03, eta: 8:03:44, time: 0.197, data_time: 0.009, memory: 13424, loss_cls: 0.4645, loss_bbox: 0.4369, loss_kps: 0.0000, loss: 0.9014
2026-09-10 04:57:56,100 - mmdet - INFO - Epoch [3][4450/8725]	lr: 1.000e-03, eta: 8:03:37, time: 0.197, data_time: 0.009, memory: 13424, loss_cls: 0.4604, loss_bbox: 0.4001, loss_kps: 0.0000, loss: 0.8605
2026-09-10 04:58:05,921 - mmdet - INFO - Epoch [3][4500/8725]	lr: 1.000e-03, eta: 8:03:29, time: 0.196, data_time: 0.009, memory: 13424, loss_cls: 0.4131, loss_bbox: 0.3923, loss_kps: 0.0000, loss: 0.8055
2026-09-10 04:58:16,011 - mmdet - INFO - Exp name: scrfd_armAA34.py
2026-09-10 04:58:16,012 - mmdet - INFO - Epoch [3][4550/8725]	lr: 1.000e-03, eta: 8:03:24, time: 0.202, data_time: 0.010, memory: 13424, loss_cls: 0.4768, loss_bbox: 0.4178, loss_kps: 0.0000, loss: 0.8946
2026-09-10 04:58:26,385 - mmdet - INFO - Epoch [3][4600/8725]	lr: 1.000e-03, eta: 8:03:20, time: 0.207, data_time: 0.011, memory: 13424, loss_cls: 0.4456, loss_bbox: 0.4107, loss_kps: 0.0000, loss: 0.8562
2026-09-10 04:58:36,493 - mmdet - INFO - Epoch [3][4650/8725]	lr: 1.000e-03, eta: 8:03:15, time: 0.202, data_time: 0.010, memory: 13424, loss_cls: 0.4430, loss_bbox: 0.4075, loss_kps: 0.0000, loss: 0.8505
2026-09-10 04:58:46,583 - mmdet - INFO - Epoch [3][4700/8725]	lr: 1.000e-03, eta: 8:03:09, time: 0.202, data_time: 0.010, memory: 13424, loss_cls: 0.4784, loss_bbox: 0.4101, loss_kps: 0.0000, loss: 0.8884
2026-09-10 04:58:56,584 - mmdet - INFO - Epoch [3][4750/8725]	lr: 1.000e-03, eta: 8:03:03, time: 0.200, data_time: 0.010, memory: 13424, loss_cls: 0.4606, loss_bbox: 0.4161, loss_kps: 0.0000, loss: 0.8767
2026-09-10 04:59:06,605 - mmdet - INFO - Epoch [3][4800/8725]	lr: 1.000e-03, eta: 8:02:57, time: 0.200, data_time: 0.010, memory: 13424, loss_cls: 0.4555, loss_bbox: 0.4169, loss_kps: 0.0000, loss: 0.8724
2026-09-10 04:59:16,658 - mmdet - INFO - Epoch [3][4850/8725]	lr: 1.000e-03, eta: 8:02:51, time: 0.201, data_time: 0.009, memory: 13424, loss_cls: 0.4411, loss_bbox: 0.4091, loss_kps: 0.0000, loss: 0.8502
2026-09-10 04:59:26,688 - mmdet - INFO - Epoch [3][4900/8725]	lr: 1.000e-03, eta: 8:02:45, time: 0.201, data_time: 0.010, memory: 13424, loss_cls: 0.5169, loss_bbox: 0.4103, loss_kps: 0.0000, loss: 0.9272
2026-09-10 04:59:36,680 - mmdet - INFO - Epoch [3][4950/8725]	lr: 1.000e-03, eta: 8:02:39, time: 0.200, data_time: 0.010, memory: 13424, loss_cls: 0.4504, loss_bbox: 0.3941, loss_kps: 0.0000, loss: 0.8445
2026-09-10 04:59:46,776 - mmdet - INFO - Epoch [3][5000/8725]	lr: 1.000e-03, eta: 8:02:33, time: 0.202, data_time: 0.011, memory: 13424, loss_cls: 0.4519, loss_bbox: 0.4168, loss_kps: 0.0000, loss: 0.8686
2026-09-10 04:59:56,857 - mmdet - INFO - Epoch [3][5050/8725]	lr: 1.000e-03, eta: 8:02:28, time: 0.202, data_time: 0.010, memory: 13424, loss_cls: 0.4636, loss_bbox: 0.4115, loss_kps: 0.0000, loss: 0.8751
2026-09-10 05:00:06,942 - mmdet - INFO - Epoch [3][5100/8725]	lr: 1.000e-03, eta: 8:02:22, time: 0.202, data_time: 0.009, memory: 13424, loss_cls: 0.4444, loss_bbox: 0.3982, loss_kps: 0.0000, loss: 0.8426
2026-09-10 05:00:16,972 - mmdet - INFO - Epoch [3][5150/8725]	lr: 1.000e-03, eta: 8:02:16, time: 0.201, data_time: 0.010, memory: 13424, loss_cls: 0.4595, loss_bbox: 0.4013, loss_kps: 0.0000, loss: 0.8608
2026-09-10 05:00:26,985 - mmdet - INFO - Epoch [3][5200/8725]	lr: 1.000e-03, eta: 8:02:09, time: 0.200, data_time: 0.010, memory: 13424, loss_cls: 0.4602, loss_bbox: 0.3948, loss_kps: 0.0000, loss: 0.8550
2026-09-10 05:00:37,068 - mmdet - INFO - Epoch [3][5250/8725]	lr: 1.000e-03, eta: 8:02:04, time: 0.202, data_time: 0.011, memory: 13424, loss_cls: 0.4745, loss_bbox: 0.4058, loss_kps: 0.0000, loss: 0.8803
2026-09-10 05:00:47,081 - mmdet - INFO - Epoch [3][5300/8725]	lr: 1.000e-03, eta: 8:01:57, time: 0.200, data_time: 0.011, memory: 13424, loss_cls: 0.4943, loss_bbox: 0.4302, loss_kps: 0.0000, loss: 0.9245
2026-09-10 05:00:56,967 - mmdet - INFO - Epoch [3][5350/8725]	lr: 1.000e-03, eta: 8:01:50, time: 0.198, data_time: 0.012, memory: 13424, loss_cls: 0.4435, loss_bbox: 0.4185, loss_kps: 0.0000, loss: 0.8620
2026-09-10 05:01:06,885 - mmdet - INFO - Epoch [3][5400/8725]	lr: 1.000e-03, eta: 8:01:43, time: 0.198, data_time: 0.011, memory: 13424, loss_cls: 0.4202, loss_bbox: 0.4009, loss_kps: 0.0000, loss: 0.8211
2026-09-10 05:01:16,670 - mmdet - INFO - Epoch [3][5450/8725]	lr: 1.000e-03, eta: 8:01:35, time: 0.196, data_time: 0.011, memory: 13424, loss_cls: 0.4208, loss_bbox: 0.4104, loss_kps: 0.0000, loss: 0.8312
2026-09-10 05:01:26,458 - mmdet - INFO - Epoch [3][5500/8725]	lr: 1.000e-03, eta: 8:01:28, time: 0.196, data_time: 0.011, memory: 13424, loss_cls: 0.4496, loss_bbox: 0.4048, loss_kps: 0.0000, loss: 0.8544
2026-09-10 05:01:36,277 - mmdet - INFO - Exp name: scrfd_armAA34.py
2026-09-10 05:01:36,277 - mmdet - INFO - Epoch [3][5550/8725]	lr: 1.000e-03, eta: 8:01:20, time: 0.196, data_time: 0.011, memory: 13424, loss_cls: 0.4420, loss_bbox: 0.4074, loss_kps: 0.0000, loss: 0.8493
2026-09-10 05:01:46,163 - mmdet - INFO - Epoch [3][5600/8725]	lr: 1.000e-03, eta: 8:01:13, time: 0.198, data_time: 0.010, memory: 13424, loss_cls: 0.4560, loss_bbox: 0.4109, loss_kps: 0.0000, loss: 0.8669
2026-09-10 05:01:56,279 - mmdet - INFO - Epoch [3][5650/8725]	lr: 1.000e-03, eta: 8:01:07, time: 0.202, data_time: 0.011, memory: 13424, loss_cls: 0.4516, loss_bbox: 0.3944, loss_kps: 0.0000, loss: 0.8459
2026-09-10 05:02:06,068 - mmdet - INFO - Epoch [3][5700/8725]	lr: 1.000e-03, eta: 8:00:59, time: 0.196, data_time: 0.010, memory: 13424, loss_cls: 0.4458, loss_bbox: 0.4019, loss_kps: 0.0000, loss: 0.8477
2026-09-10 05:02:15,793 - mmdet - INFO - Epoch [3][5750/8725]	lr: 1.000e-03, eta: 8:00:51, time: 0.194, data_time: 0.010, memory: 13424, loss_cls: 0.4538, loss_bbox: 0.4165, loss_kps: 0.0000, loss: 0.8703
2026-09-10 05:02:25,316 - mmdet - INFO - Epoch [3][5800/8725]	lr: 1.000e-03, eta: 8:00:41, time: 0.190, data_time: 0.010, memory: 13424, loss_cls: 0.4624, loss_bbox: 0.4143, loss_kps: 0.0000, loss: 0.8767
2026-09-10 05:02:34,663 - mmdet - INFO - Epoch [3][5850/8725]	lr: 1.000e-03, eta: 8:00:31, time: 0.187, data_time: 0.010, memory: 13424, loss_cls: 0.4680, loss_bbox: 0.4203, loss_kps: 0.0000, loss: 0.8883
2026-09-10 05:02:44,089 - mmdet - INFO - Epoch [3][5900/8725]	lr: 1.000e-03, eta: 8:00:20, time: 0.188, data_time: 0.010, memory: 13424, loss_cls: 0.4247, loss_bbox: 0.4071, loss_kps: 0.0000, loss: 0.8318
2026-09-10 05:02:53,757 - mmdet - INFO - Epoch [3][5950/8725]	lr: 1.000e-03, eta: 8:00:12, time: 0.193, data_time: 0.010, memory: 13424, loss_cls: 0.4661, loss_bbox: 0.4022, loss_kps: 0.0000, loss: 0.8684
2026-09-10 05:03:03,539 - mmdet - INFO - Epoch [3][6000/8725]	lr: 1.000e-03, eta: 8:00:04, time: 0.196, data_time: 0.009, memory: 13424, loss_cls: 0.4346, loss_bbox: 0.4024, loss_kps: 0.0000, loss: 0.8371
2026-09-10 05:03:13,423 - mmdet - INFO - Epoch [3][6050/8725]	lr: 1.000e-03, eta: 7:59:56, time: 0.198, data_time: 0.010, memory: 13424, loss_cls: 0.4697, loss_bbox: 0.4255, loss_kps: 0.0000, loss: 0.8951
2026-09-10 05:03:23,320 - mmdet - INFO - Epoch [3][6100/8725]	lr: 1.000e-03, eta: 7:59:49, time: 0.198, data_time: 0.010, memory: 13424, loss_cls: 0.4829, loss_bbox: 0.4135, loss_kps: 0.0000, loss: 0.8964
2026-09-10 05:03:33,053 - mmdet - INFO - Epoch [3][6150/8725]	lr: 1.000e-03, eta: 7:59:41, time: 0.195, data_time: 0.010, memory: 13424, loss_cls: 0.4479, loss_bbox: 0.4040, loss_kps: 0.0000, loss: 0.8519
2026-09-10 05:03:42,818 - mmdet - INFO - Epoch [3][6200/8725]	lr: 1.000e-03, eta: 7:59:33, time: 0.195, data_time: 0.009, memory: 13424, loss_cls: 0.4868, loss_bbox: 0.4141, loss_kps: 0.0000, loss: 0.9008
2026-09-10 05:03:52,657 - mmdet - INFO - Epoch [3][6250/8725]	lr: 1.000e-03, eta: 7:59:25, time: 0.197, data_time: 0.009, memory: 13424, loss_cls: 0.4683, loss_bbox: 0.3987, loss_kps: 0.0000, loss: 0.8670
2026-09-10 05:04:02,362 - mmdet - INFO - Epoch [3][6300/8725]	lr: 1.000e-03, eta: 7:59:17, time: 0.194, data_time: 0.009, memory: 13424, loss_cls: 0.4511, loss_bbox: 0.4097, loss_kps: 0.0000, loss: 0.8608
2026-09-10 05:04:12,196 - mmdet - INFO - Epoch [3][6350/8725]	lr: 1.000e-03, eta: 7:59:09, time: 0.197, data_time: 0.010, memory: 13424, loss_cls: 0.4876, loss_bbox: 0.4321, loss_kps: 0.0000, loss: 0.9197
2026-09-10 05:04:22,016 - mmdet - INFO - Epoch [3][6400/8725]	lr: 1.000e-03, eta: 7:59:01, time: 0.196, data_time: 0.009, memory: 13424, loss_cls: 0.4946, loss_bbox: 0.4074, loss_kps: 0.0000, loss: 0.9021
2026-09-10 05:04:31,939 - mmdet - INFO - Epoch [3][6450/8725]	lr: 1.000e-03, eta: 7:58:54, time: 0.199, data_time: 0.010, memory: 13424, loss_cls: 0.4747, loss_bbox: 0.4084, loss_kps: 0.0000, loss: 0.8831
2026-09-10 05:04:41,824 - mmdet - INFO - Epoch [3][6500/8725]	lr: 1.000e-03, eta: 7:58:47, time: 0.198, data_time: 0.009, memory: 13424, loss_cls: 0.4379, loss_bbox: 0.4048, loss_kps: 0.0000, loss: 0.8427
2026-09-10 05:04:51,905 - mmdet - INFO - Exp name: scrfd_armAA34.py
2026-09-10 05:04:51,905 - mmdet - INFO - Epoch [3][6550/8725]	lr: 1.000e-03, eta: 7:58:41, time: 0.202, data_time: 0.011, memory: 13424, loss_cls: 0.4613, loss_bbox: 0.4186, loss_kps: 0.0000, loss: 0.8799
2026-09-10 05:05:01,886 - mmdet - INFO - Epoch [3][6600/8725]	lr: 1.000e-03, eta: 7:58:34, time: 0.199, data_time: 0.010, memory: 13424, loss_cls: 0.4525, loss_bbox: 0.3956, loss_kps: 0.0000, loss: 0.8482
2026-09-10 05:05:11,943 - mmdet - INFO - Epoch [3][6650/8725]	lr: 1.000e-03, eta: 7:58:27, time: 0.201, data_time: 0.010, memory: 13424, loss_cls: 0.4947, loss_bbox: 0.4260, loss_kps: 0.0000, loss: 0.9207
2026-09-10 05:05:21,916 - mmdet - INFO - Epoch [3][6700/8725]	lr: 1.000e-03, eta: 7:58:21, time: 0.199, data_time: 0.009, memory: 13424, loss_cls: 0.4703, loss_bbox: 0.4124, loss_kps: 0.0000, loss: 0.8827
2026-09-10 05:05:31,920 - mmdet - INFO - Epoch [3][6750/8725]	lr: 1.000e-03, eta: 7:58:14, time: 0.200, data_time: 0.010, memory: 13424, loss_cls: 0.4592, loss_bbox: 0.4184, loss_kps: 0.0000, loss: 0.8776
2026-09-10 05:05:41,795 - mmdet - INFO - Epoch [3][6800/8725]	lr: 1.000e-03, eta: 7:58:06, time: 0.197, data_time: 0.009, memory: 13424, loss_cls: 0.4473, loss_bbox: 0.4152, loss_kps: 0.0000, loss: 0.8625
2026-09-10 05:05:51,818 - mmdet - INFO - Epoch [3][6850/8725]	lr: 1.000e-03, eta: 7:58:00, time: 0.201, data_time: 0.012, memory: 13424, loss_cls: 0.4342, loss_bbox: 0.3970, loss_kps: 0.0000, loss: 0.8312
2026-09-10 05:06:01,844 - mmdet - INFO - Epoch [3][6900/8725]	lr: 1.000e-03, eta: 7:57:53, time: 0.200, data_time: 0.010, memory: 13424, loss_cls: 0.4346, loss_bbox: 0.4074, loss_kps: 0.0000, loss: 0.8419
2026-09-10 05:06:11,792 - mmdet - INFO - Epoch [3][6950/8725]	lr: 1.000e-03, eta: 7:57:46, time: 0.199, data_time: 0.009, memory: 13424, loss_cls: 0.4335, loss_bbox: 0.4009, loss_kps: 0.0000, loss: 0.8344
2026-09-10 05:06:21,708 - mmdet - INFO - Epoch [3][7000/8725]	lr: 1.000e-03, eta: 7:57:39, time: 0.198, data_time: 0.009, memory: 13424, loss_cls: 0.4680, loss_bbox: 0.4083, loss_kps: 0.0000, loss: 0.8762
2026-09-10 05:06:31,592 - mmdet - INFO - Epoch [3][7050/8725]	lr: 1.000e-03, eta: 7:57:31, time: 0.198, data_time: 0.009, memory: 13424, loss_cls: 0.4500, loss_bbox: 0.4018, loss_kps: 0.0000, loss: 0.8518
2026-09-10 05:06:41,442 - mmdet - INFO - Epoch [3][7100/8725]	lr: 1.000e-03, eta: 7:57:24, time: 0.197, data_time: 0.009, memory: 13424, loss_cls: 0.4292, loss_bbox: 0.4288, loss_kps: 0.0000, loss: 0.8580
2026-09-10 05:06:51,418 - mmdet - INFO - Epoch [3][7150/8725]	lr: 1.000e-03, eta: 7:57:17, time: 0.200, data_time: 0.010, memory: 13424, loss_cls: 0.4428, loss_bbox: 0.4095, loss_kps: 0.0000, loss: 0.8524
2026-09-10 05:07:01,418 - mmdet - INFO - Epoch [3][7200/8725]	lr: 1.000e-03, eta: 7:57:10, time: 0.200, data_time: 0.010, memory: 13424, loss_cls: 0.4417, loss_bbox: 0.4153, loss_kps: 0.0000, loss: 0.8570
2026-09-10 05:07:11,300 - mmdet - INFO - Epoch [3][7250/8725]	lr: 1.000e-03, eta: 7:57:02, time: 0.198, data_time: 0.009, memory: 13424, loss_cls: 0.4354, loss_bbox: 0.3809, loss_kps: 0.0000, loss: 0.8163
2026-09-10 05:07:21,210 - mmdet - INFO - Epoch [3][7300/8725]	lr: 1.000e-03, eta: 7:56:55, time: 0.198, data_time: 0.009, memory: 13424, loss_cls: 0.4607, loss_bbox: 0.4221, loss_kps: 0.0000, loss: 0.8827
2026-09-10 05:07:31,123 - mmdet - INFO - Epoch [3][7350/8725]	lr: 1.000e-03, eta: 7:56:47, time: 0.198, data_time: 0.010, memory: 13424, loss_cls: 0.4521, loss_bbox: 0.4137, loss_kps: 0.0000, loss: 0.8658
2026-09-10 05:07:41,017 - mmdet - INFO - Epoch [3][7400/8725]	lr: 1.000e-03, eta: 7:56:40, time: 0.198, data_time: 0.009, memory: 13424, loss_cls: 0.4213, loss_bbox: 0.4093, loss_kps: 0.0000, loss: 0.8306
2026-09-10 05:07:50,949 - mmdet - INFO - Epoch [3][7450/8725]	lr: 1.000e-03, eta: 7:56:33, time: 0.199, data_time: 0.009, memory: 13424, loss_cls: 0.4650, loss_bbox: 0.4010, loss_kps: 0.0000, loss: 0.8660
2026-09-10 05:08:00,913 - mmdet - INFO - Epoch [3][7500/8725]	lr: 1.000e-03, eta: 7:56:25, time: 0.199, data_time: 0.010, memory: 13424, loss_cls: 0.4642, loss_bbox: 0.4053, loss_kps: 0.0000, loss: 0.8695
2026-09-10 05:08:10,867 - mmdet - INFO - Exp name: scrfd_armAA34.py
2026-09-10 05:08:10,868 - mmdet - INFO - Epoch [3][7550/8725]	lr: 1.000e-03, eta: 7:56:18, time: 0.199, data_time: 0.010, memory: 13424, loss_cls: 0.4746, loss_bbox: 0.3974, loss_kps: 0.0000, loss: 0.8720
2026-09-10 05:08:20,864 - mmdet - INFO - Epoch [3][7600/8725]	lr: 1.000e-03, eta: 7:56:11, time: 0.200, data_time: 0.010, memory: 13424, loss_cls: 0.4782, loss_bbox: 0.4219, loss_kps: 0.0000, loss: 0.9001
2026-09-10 05:08:30,716 - mmdet - INFO - Epoch [3][7650/8725]	lr: 1.000e-03, eta: 7:56:04, time: 0.197, data_time: 0.009, memory: 13424, loss_cls: 0.4735, loss_bbox: 0.4284, loss_kps: 0.0000, loss: 0.9019
2026-09-10 05:08:40,597 - mmdet - INFO - Epoch [3][7700/8725]	lr: 1.000e-03, eta: 7:55:56, time: 0.198, data_time: 0.009, memory: 13424, loss_cls: 0.4419, loss_bbox: 0.4032, loss_kps: 0.0000, loss: 0.8452
2026-09-10 05:08:50,908 - mmdet - INFO - Epoch [3][7750/8725]	lr: 1.000e-03, eta: 7:55:51, time: 0.206, data_time: 0.009, memory: 13424, loss_cls: 0.4402, loss_bbox: 0.4020, loss_kps: 0.0000, loss: 0.8422
2026-09-10 05:09:00,865 - mmdet - INFO - Epoch [3][7800/8725]	lr: 1.000e-03, eta: 7:55:44, time: 0.199, data_time: 0.009, memory: 13424, loss_cls: 0.4745, loss_bbox: 0.4189, loss_kps: 0.0000, loss: 0.8934
2026-09-10 05:09:10,844 - mmdet - INFO - Epoch [3][7850/8725]	lr: 1.000e-03, eta: 7:55:36, time: 0.200, data_time: 0.009, memory: 13424, loss_cls: 0.4427, loss_bbox: 0.4142, loss_kps: 0.0000, loss: 0.8569
2026-09-10 05:09:20,848 - mmdet - INFO - Epoch [3][7900/8725]	lr: 1.000e-03, eta: 7:55:29, time: 0.200, data_time: 0.010, memory: 13424, loss_cls: 0.4604, loss_bbox: 0.4313, loss_kps: 0.0000, loss: 0.8916
2026-09-10 05:09:30,848 - mmdet - INFO - Epoch [3][7950/8725]	lr: 1.000e-03, eta: 7:55:22, time: 0.200, data_time: 0.009, memory: 13424, loss_cls: 0.4919, loss_bbox: 0.4219, loss_kps: 0.0000, loss: 0.9138
2026-09-10 05:09:40,935 - mmdet - INFO - Epoch [3][8000/8725]	lr: 1.000e-03, eta: 7:55:16, time: 0.202, data_time: 0.009, memory: 13424, loss_cls: 0.4405, loss_bbox: 0.4207, loss_kps: 0.0000, loss: 0.8613
2026-09-10 05:09:50,977 - mmdet - INFO - Epoch [3][8050/8725]	lr: 1.000e-03, eta: 7:55:09, time: 0.201, data_time: 0.009, memory: 13424, loss_cls: 0.4521, loss_bbox: 0.4106, loss_kps: 0.0000, loss: 0.8627
2026-09-10 05:10:00,989 - mmdet - INFO - Epoch [3][8100/8725]	lr: 1.000e-03, eta: 7:55:02, time: 0.200, data_time: 0.009, memory: 13424, loss_cls: 0.4445, loss_bbox: 0.3933, loss_kps: 0.0000, loss: 0.8378
2026-09-10 05:10:10,970 - mmdet - INFO - Epoch [3][8150/8725]	lr: 1.000e-03, eta: 7:54:55, time: 0.200, data_time: 0.009, memory: 13424, loss_cls: 0.4208, loss_bbox: 0.3825, loss_kps: 0.0000, loss: 0.8033
2026-09-10 05:10:20,892 - mmdet - INFO - Epoch [3][8200/8725]	lr: 1.000e-03, eta: 7:54:47, time: 0.198, data_time: 0.009, memory: 13424, loss_cls: 0.4361, loss_bbox: 0.4127, loss_kps: 0.0000, loss: 0.8488
2026-09-10 05:10:30,910 - mmdet - INFO - Epoch [3][8250/8725]	lr: 1.000e-03, eta: 7:54:41, time: 0.200, data_time: 0.010, memory: 13424, loss_cls: 0.4469, loss_bbox: 0.4124, loss_kps: 0.0000, loss: 0.8593
2026-09-10 05:10:40,777 - mmdet - INFO - Epoch [3][8300/8725]	lr: 1.000e-03, eta: 7:54:33, time: 0.197, data_time: 0.009, memory: 13424, loss_cls: 0.4295, loss_bbox: 0.3896, loss_kps: 0.0000, loss: 0.8191
2026-09-10 05:10:50,700 - mmdet - INFO - Epoch [3][8350/8725]	lr: 1.000e-03, eta: 7:54:25, time: 0.199, data_time: 0.009, memory: 13424, loss_cls: 0.4231, loss_bbox: 0.3835, loss_kps: 0.0000, loss: 0.8066
2026-09-10 05:11:00,724 - mmdet - INFO - Epoch [3][8400/8725]	lr: 1.000e-03, eta: 7:54:18, time: 0.200, data_time: 0.009, memory: 13424, loss_cls: 0.4561, loss_bbox: 0.4095, loss_kps: 0.0000, loss: 0.8656
2026-09-10 05:11:10,708 - mmdet - INFO - Epoch [3][8450/8725]	lr: 1.000e-03, eta: 7:54:11, time: 0.200, data_time: 0.010, memory: 13424, loss_cls: 0.4243, loss_bbox: 0.4059, loss_kps: 0.0000, loss: 0.8302
2026-09-10 05:11:20,730 - mmdet - INFO - Epoch [3][8500/8725]	lr: 1.000e-03, eta: 7:54:04, time: 0.200, data_time: 0.010, memory: 13424, loss_cls: 0.4312, loss_bbox: 0.4015, loss_kps: 0.0000, loss: 0.8326
2026-09-10 05:11:30,944 - mmdet - INFO - Exp name: scrfd_armAA34.py
2026-09-10 05:11:30,944 - mmdet - INFO - Epoch [3][8550/8725]	lr: 1.000e-03, eta: 7:53:58, time: 0.205, data_time: 0.010, memory: 13424, loss_cls: 0.4540, loss_bbox: 0.4178, loss_kps: 0.0000, loss: 0.8718
2026-09-10 05:11:40,943 - mmdet - INFO - Epoch [3][8600/8725]	lr: 1.000e-03, eta: 7:53:51, time: 0.199, data_time: 0.009, memory: 13424, loss_cls: 0.4332, loss_bbox: 0.4019, loss_kps: 0.0000, loss: 0.8352
2026-09-10 05:11:50,923 - mmdet - INFO - Epoch [3][8650/8725]	lr: 1.000e-03, eta: 7:53:44, time: 0.200, data_time: 0.010, memory: 13424, loss_cls: 0.4752, loss_bbox: 0.4252, loss_kps: 0.0000, loss: 0.9004
2026-09-10 05:12:00,960 - mmdet - INFO - Epoch [3][8700/8725]	lr: 1.000e-03, eta: 7:53:37, time: 0.201, data_time: 0.010, memory: 13424, loss_cls: 0.4462, loss_bbox: 0.3880, loss_kps: 0.0000, loss: 0.8343
2026-09-10 05:12:06,245 - mmdet - INFO - Saving checkpoint at 3 epochs
2026-09-10 05:12:20,861 - mmdet - INFO - Epoch [4][50/8725]	lr: 1.000e-03, eta: 7:53:22, time: 0.287, data_time: 0.100, memory: 13424, loss_cls: 0.4488, loss_bbox: 0.3809, loss_kps: 0.0000, loss: 0.8297
2026-09-10 05:12:30,921 - mmdet - INFO - Epoch [4][100/8725]	lr: 1.000e-03, eta: 7:53:15, time: 0.201, data_time: 0.010, memory: 13424, loss_cls: 0.4490, loss_bbox: 0.3994, loss_kps: 0.0000, loss: 0.8484
2026-09-10 05:12:40,861 - mmdet - INFO - Epoch [4][150/8725]	lr: 1.000e-03, eta: 7:53:08, time: 0.199, data_time: 0.010, memory: 13424, loss_cls: 0.4455, loss_bbox: 0.4035, loss_kps: 0.0000, loss: 0.8489
2026-09-10 05:12:50,814 - mmdet - INFO - Epoch [4][200/8725]	lr: 1.000e-03, eta: 7:53:00, time: 0.199, data_time: 0.010, memory: 13424, loss_cls: 0.4460, loss_bbox: 0.4250, loss_kps: 0.0000, loss: 0.8710
2026-09-10 05:13:00,838 - mmdet - INFO - Epoch [4][250/8725]	lr: 1.000e-03, eta: 7:52:53, time: 0.200, data_time: 0.009, memory: 13424, loss_cls: 0.4227, loss_bbox: 0.4010, loss_kps: 0.0000, loss: 0.8236
2026-09-10 05:13:10,799 - mmdet - INFO - Epoch [4][300/8725]	lr: 1.000e-03, eta: 7:52:46, time: 0.200, data_time: 0.010, memory: 13424, loss_cls: 0.4183, loss_bbox: 0.4092, loss_kps: 0.0000, loss: 0.8275
2026-09-10 05:13:20,756 - mmdet - INFO - Epoch [4][350/8725]	lr: 1.000e-03, eta: 7:52:38, time: 0.199, data_time: 0.010, memory: 13424, loss_cls: 0.4482, loss_bbox: 0.4098, loss_kps: 0.0000, loss: 0.8580
2026-09-10 05:13:30,812 - mmdet - INFO - Epoch [4][400/8725]	lr: 1.000e-03, eta: 7:52:31, time: 0.201, data_time: 0.010, memory: 13424, loss_cls: 0.4698, loss_bbox: 0.4101, loss_kps: 0.0000, loss: 0.8799
2026-09-10 05:13:40,846 - mmdet - INFO - Epoch [4][450/8725]	lr: 1.000e-03, eta: 7:52:24, time: 0.200, data_time: 0.009, memory: 13424, loss_cls: 0.4535, loss_bbox: 0.4301, loss_kps: 0.0000, loss: 0.8836
2026-09-10 05:13:50,866 - mmdet - INFO - Epoch [4][500/8725]	lr: 1.000e-03, eta: 7:52:17, time: 0.201, data_time: 0.011, memory: 13424, loss_cls: 0.4638, loss_bbox: 0.3942, loss_kps: 0.0000, loss: 0.8580
2026-09-10 05:14:00,826 - mmdet - INFO - Epoch [4][550/8725]	lr: 1.000e-03, eta: 7:52:09, time: 0.199, data_time: 0.009, memory: 13424, loss_cls: 0.4534, loss_bbox: 0.3947, loss_kps: 0.0000, loss: 0.8480
2026-09-10 05:14:10,868 - mmdet - INFO - Epoch [4][600/8725]	lr: 1.000e-03, eta: 7:52:02, time: 0.201, data_time: 0.009, memory: 13424, loss_cls: 0.4114, loss_bbox: 0.3876, loss_kps: 0.0000, loss: 0.7990
2026-09-10 05:14:20,797 - mmdet - INFO - Epoch [4][650/8725]	lr: 1.000e-03, eta: 7:51:55, time: 0.198, data_time: 0.010, memory: 13424, loss_cls: 0.4351, loss_bbox: 0.4021, loss_kps: 0.0000, loss: 0.8372
2026-09-10 05:14:30,872 - mmdet - INFO - Epoch [4][700/8725]	lr: 1.000e-03, eta: 7:51:48, time: 0.202, data_time: 0.011, memory: 13424, loss_cls: 0.4461, loss_bbox: 0.4046, loss_kps: 0.0000, loss: 0.8507
2026-09-10 05:14:40,924 - mmdet - INFO - Epoch [4][750/8725]	lr: 1.000e-03, eta: 7:51:41, time: 0.201, data_time: 0.010, memory: 13424, loss_cls: 0.4286, loss_bbox: 0.4076, loss_kps: 0.0000, loss: 0.8362
2026-09-10 05:14:50,956 - mmdet - INFO - Epoch [4][800/8725]	lr: 1.000e-03, eta: 7:51:34, time: 0.201, data_time: 0.011, memory: 13424, loss_cls: 0.4781, loss_bbox: 0.4175, loss_kps: 0.0000, loss: 0.8956
2026-09-10 05:15:00,954 - mmdet - INFO - Epoch [4][850/8725]	lr: 1.000e-03, eta: 7:51:26, time: 0.200, data_time: 0.009, memory: 13424, loss_cls: 0.4497, loss_bbox: 0.4130, loss_kps: 0.0000, loss: 0.8626
2026-09-10 05:15:10,914 - mmdet - INFO - Epoch [4][900/8725]	lr: 1.000e-03, eta: 7:51:19, time: 0.200, data_time: 0.010, memory: 13424, loss_cls: 0.4613, loss_bbox: 0.4253, loss_kps: 0.0000, loss: 0.8866
2026-09-10 05:15:20,865 - mmdet - INFO - Epoch [4][950/8725]	lr: 1.000e-03, eta: 7:51:11, time: 0.199, data_time: 0.010, memory: 13424, loss_cls: 0.4399, loss_bbox: 0.4018, loss_kps: 0.0000, loss: 0.8417
2026-09-10 05:15:30,815 - mmdet - INFO - Epoch [4][1000/8725]	lr: 1.000e-03, eta: 7:51:03, time: 0.199, data_time: 0.011, memory: 13424, loss_cls: 0.4539, loss_bbox: 0.4201, loss_kps: 0.0000, loss: 0.8740
2026-09-10 05:15:40,753 - mmdet - INFO - Epoch [4][1050/8725]	lr: 1.000e-03, eta: 7:50:55, time: 0.198, data_time: 0.010, memory: 13424, loss_cls: 0.4853, loss_bbox: 0.4434, loss_kps: 0.0000, loss: 0.9286
2026-09-10 05:15:50,680 - mmdet - INFO - Epoch [4][1100/8725]	lr: 1.000e-03, eta: 7:50:48, time: 0.199, data_time: 0.010, memory: 13424, loss_cls: 0.4677, loss_bbox: 0.4164, loss_kps: 0.0000, loss: 0.8841
2026-09-10 05:16:00,612 - mmdet - INFO - Epoch [4][1150/8725]	lr: 1.000e-03, eta: 7:50:40, time: 0.198, data_time: 0.010, memory: 13424, loss_cls: 0.4635, loss_bbox: 0.4284, loss_kps: 0.0000, loss: 0.8919
2026-09-10 05:16:10,602 - mmdet - INFO - Epoch [4][1200/8725]	lr: 1.000e-03, eta: 7:50:33, time: 0.200, data_time: 0.010, memory: 13424, loss_cls: 0.4165, loss_bbox: 0.4013, loss_kps: 0.0000, loss: 0.8178
2026-09-10 05:16:20,514 - mmdet - INFO - Epoch [4][1250/8725]	lr: 1.000e-03, eta: 7:50:25, time: 0.198, data_time: 0.010, memory: 13424, loss_cls: 0.4415, loss_bbox: 0.4298, loss_kps: 0.0000, loss: 0.8714
2026-09-10 05:16:30,389 - mmdet - INFO - Epoch [4][1300/8725]	lr: 1.000e-03, eta: 7:50:17, time: 0.198, data_time: 0.010, memory: 13424, loss_cls: 0.4297, loss_bbox: 0.3883, loss_kps: 0.0000, loss: 0.8181
2026-09-10 05:16:40,306 - mmdet - INFO - Epoch [4][1350/8725]	lr: 1.000e-03, eta: 7:50:09, time: 0.198, data_time: 0.010, memory: 13424, loss_cls: 0.4133, loss_bbox: 0.4044, loss_kps: 0.0000, loss: 0.8178
2026-09-10 05:16:50,226 - mmdet - INFO - Epoch [4][1400/8725]	lr: 1.000e-03, eta: 7:50:01, time: 0.199, data_time: 0.011, memory: 13424, loss_cls: 0.4246, loss_bbox: 0.4121, loss_kps: 0.0000, loss: 0.8366
2026-09-10 05:17:00,171 - mmdet - INFO - Epoch [4][1450/8725]	lr: 1.000e-03, eta: 7:49:53, time: 0.199, data_time: 0.010, memory: 13424, loss_cls: 0.4694, loss_bbox: 0.4123, loss_kps: 0.0000, loss: 0.8817
2026-09-10 05:17:10,059 - mmdet - INFO - Epoch [4][1500/8725]	lr: 1.000e-03, eta: 7:49:45, time: 0.198, data_time: 0.010, memory: 13424, loss_cls: 0.4732, loss_bbox: 0.4055, loss_kps: 0.0000, loss: 0.8787
2026-09-10 05:17:19,944 - mmdet - INFO - Epoch [4][1550/8725]	lr: 1.000e-03, eta: 7:49:37, time: 0.197, data_time: 0.010, memory: 13424, loss_cls: 0.4564, loss_bbox: 0.4165, loss_kps: 0.0000, loss: 0.8729
2026-09-10 05:17:29,766 - mmdet - INFO - Epoch [4][1600/8725]	lr: 1.000e-03, eta: 7:49:28, time: 0.197, data_time: 0.010, memory: 13424, loss_cls: 0.4383, loss_bbox: 0.3991, loss_kps: 0.0000, loss: 0.8374
2026-09-10 05:17:39,744 - mmdet - INFO - Epoch [4][1650/8725]	lr: 1.000e-03, eta: 7:49:21, time: 0.199, data_time: 0.009, memory: 13424, loss_cls: 0.4408, loss_bbox: 0.3999, loss_kps: 0.0000, loss: 0.8407
2026-09-10 05:17:49,793 - mmdet - INFO - Epoch [4][1700/8725]	lr: 1.000e-03, eta: 7:49:14, time: 0.201, data_time: 0.010, memory: 13424, loss_cls: 0.4298, loss_bbox: 0.4145, loss_kps: 0.0000, loss: 0.8442
2026-09-10 05:17:59,752 - mmdet - INFO - Epoch [4][1750/8725]	lr: 1.000e-03, eta: 7:49:06, time: 0.199, data_time: 0.011, memory: 13424, loss_cls: 0.4400, loss_bbox: 0.4128, loss_kps: 0.0000, loss: 0.8528
2026-09-10 05:18:09,640 - mmdet - INFO - Epoch [4][1800/8725]	lr: 1.000e-03, eta: 7:48:58, time: 0.198, data_time: 0.010, memory: 13424, loss_cls: 0.4415, loss_bbox: 0.4087, loss_kps: 0.0000, loss: 0.8502
2026-09-10 05:18:19,433 - mmdet - INFO - Epoch [4][1850/8725]	lr: 1.000e-03, eta: 7:48:49, time: 0.196, data_time: 0.010, memory: 13424, loss_cls: 0.4480, loss_bbox: 0.4189, loss_kps: 0.0000, loss: 0.8668
2026-09-10 05:18:29,131 - mmdet - INFO - Epoch [4][1900/8725]	lr: 1.000e-03, eta: 7:48:40, time: 0.194, data_time: 0.011, memory: 13424, loss_cls: 0.4421, loss_bbox: 0.4293, loss_kps: 0.0000, loss: 0.8714
2026-09-10 05:18:38,799 - mmdet - INFO - Epoch [4][1950/8725]	lr: 1.000e-03, eta: 7:48:31, time: 0.193, data_time: 0.010, memory: 13424, loss_cls: 0.4622, loss_bbox: 0.4098, loss_kps: 0.0000, loss: 0.8720
2026-09-10 05:18:48,609 - mmdet - INFO - Epoch [4][2000/8725]	lr: 1.000e-03, eta: 7:48:22, time: 0.196, data_time: 0.011, memory: 13424, loss_cls: 0.4562, loss_bbox: 0.4203, loss_kps: 0.0000, loss: 0.8766
2026-09-10 05:18:58,414 - mmdet - INFO - Epoch [4][2050/8725]	lr: 1.000e-03, eta: 7:48:14, time: 0.196, data_time: 0.011, memory: 13424, loss_cls: 0.4779, loss_bbox: 0.4295, loss_kps: 0.0000, loss: 0.9074
2026-09-10 05:19:08,305 - mmdet - INFO - Epoch [4][2100/8725]	lr: 1.000e-03, eta: 7:48:06, time: 0.198, data_time: 0.012, memory: 13424, loss_cls: 0.4260, loss_bbox: 0.3972, loss_kps: 0.0000, loss: 0.8233
2026-09-10 05:19:18,139 - mmdet - INFO - Epoch [4][2150/8725]	lr: 1.000e-03, eta: 7:47:57, time: 0.196, data_time: 0.011, memory: 13424, loss_cls: 0.4476, loss_bbox: 0.3918, loss_kps: 0.0000, loss: 0.8394
2026-09-10 05:19:27,845 - mmdet - INFO - Epoch [4][2200/8725]	lr: 1.000e-03, eta: 7:47:48, time: 0.194, data_time: 0.010, memory: 13424, loss_cls: 0.4140, loss_bbox: 0.3804, loss_kps: 0.0000, loss: 0.7944
2026-09-10 05:19:37,680 - mmdet - INFO - Epoch [4][2250/8725]	lr: 1.000e-03, eta: 7:47:40, time: 0.196, data_time: 0.011, memory: 13424, loss_cls: 0.5001, loss_bbox: 0.4291, loss_kps: 0.0000, loss: 0.9292
2026-09-10 05:19:47,581 - mmdet - INFO - Epoch [4][2300/8725]	lr: 1.000e-03, eta: 7:47:32, time: 0.198, data_time: 0.011, memory: 13424, loss_cls: 0.4427, loss_bbox: 0.4039, loss_kps: 0.0000, loss: 0.8465
2026-09-10 05:19:57,866 - mmdet - INFO - Epoch [4][2350/8725]	lr: 1.000e-03, eta: 7:47:25, time: 0.205, data_time: 0.011, memory: 13424, loss_cls: 0.4380, loss_bbox: 0.4035, loss_kps: 0.0000, loss: 0.8415
2026-09-10 05:20:07,740 - mmdet - INFO - Epoch [4][2400/8725]	lr: 1.000e-03, eta: 7:47:17, time: 0.198, data_time: 0.011, memory: 13424, loss_cls: 0.4157, loss_bbox: 0.3995, loss_kps: 0.0000, loss: 0.8152
2026-09-10 05:20:17,498 - mmdet - INFO - Epoch [4][2450/8725]	lr: 1.000e-03, eta: 7:47:08, time: 0.195, data_time: 0.010, memory: 13424, loss_cls: 0.4177, loss_bbox: 0.3980, loss_kps: 0.0000, loss: 0.8158
2026-09-10 05:20:27,120 - mmdet - INFO - Epoch [4][2500/8725]	lr: 1.000e-03, eta: 7:46:59, time: 0.193, data_time: 0.010, memory: 13424, loss_cls: 0.4492, loss_bbox: 0.3842, loss_kps: 0.0000, loss: 0.8334
2026-09-10 05:20:36,782 - mmdet - INFO - Epoch [4][2550/8725]	lr: 1.000e-03, eta: 7:46:49, time: 0.193, data_time: 0.010, memory: 13424, loss_cls: 0.4611, loss_bbox: 0.3920, loss_kps: 0.0000, loss: 0.8530
2026-09-10 05:20:46,254 - mmdet - INFO - Epoch [4][2600/8725]	lr: 1.000e-03, eta: 7:46:39, time: 0.190, data_time: 0.010, memory: 13424, loss_cls: 0.4540, loss_bbox: 0.4101, loss_kps: 0.0000, loss: 0.8641
2026-09-10 05:20:55,655 - mmdet - INFO - Epoch [4][2650/8725]	lr: 1.000e-03, eta: 7:46:29, time: 0.188, data_time: 0.010, memory: 13424, loss_cls: 0.4624, loss_bbox: 0.3896, loss_kps: 0.0000, loss: 0.8520
2026-09-10 05:21:05,354 - mmdet - INFO - Epoch [4][2700/8725]	lr: 1.000e-03, eta: 7:46:19, time: 0.194, data_time: 0.011, memory: 13424, loss_cls: 0.4265, loss_bbox: 0.4119, loss_kps: 0.0000, loss: 0.8384
2026-09-10 05:21:15,286 - mmdet - INFO - Epoch [4][2750/8725]	lr: 1.000e-03, eta: 7:46:11, time: 0.198, data_time: 0.011, memory: 13424, loss_cls: 0.4218, loss_bbox: 0.4008, loss_kps: 0.0000, loss: 0.8226
2026-09-10 05:21:25,284 - mmdet - INFO - Epoch [4][2800/8725]	lr: 1.000e-03, eta: 7:46:04, time: 0.200, data_time: 0.011, memory: 13424, loss_cls: 0.4775, loss_bbox: 0.4245, loss_kps: 0.0000, loss: 0.9020
2026-09-10 05:21:35,248 - mmdet - INFO - Epoch [4][2850/8725]	lr: 1.000e-03, eta: 7:45:56, time: 0.199, data_time: 0.010, memory: 13424, loss_cls: 0.4726, loss_bbox: 0.3995, loss_kps: 0.0000, loss: 0.8721
2026-09-10 05:21:45,217 - mmdet - INFO - Epoch [4][2900/8725]	lr: 1.000e-03, eta: 7:45:48, time: 0.200, data_time: 0.011, memory: 13424, loss_cls: 0.4271, loss_bbox: 0.4012, loss_kps: 0.0000, loss: 0.8283
2026-09-10 05:21:55,178 - mmdet - INFO - Epoch [4][2950/8725]	lr: 1.000e-03, eta: 7:45:40, time: 0.199, data_time: 0.010, memory: 13424, loss_cls: 0.4327, loss_bbox: 0.4158, loss_kps: 0.0000, loss: 0.8485
2026-09-10 05:22:05,178 - mmdet - INFO - Epoch [4][3000/8725]	lr: 1.000e-03, eta: 7:45:33, time: 0.200, data_time: 0.011, memory: 13424, loss_cls: 0.4395, loss_bbox: 0.4017, loss_kps: 0.0000, loss: 0.8412
2026-09-10 05:22:15,222 - mmdet - INFO - Epoch [4][3050/8725]	lr: 1.000e-03, eta: 7:45:25, time: 0.201, data_time: 0.010, memory: 13424, loss_cls: 0.5129, loss_bbox: 0.4363, loss_kps: 0.0000, loss: 0.9492
2026-09-10 05:22:25,262 - mmdet - INFO - Epoch [4][3100/8725]	lr: 1.000e-03, eta: 7:45:18, time: 0.201, data_time: 0.010, memory: 13424, loss_cls: 0.4619, loss_bbox: 0.4169, loss_kps: 0.0000, loss: 0.8788
2026-09-10 05:22:34,786 - mmdet - INFO - Epoch [4][3150/8725]	lr: 1.000e-03, eta: 7:45:08, time: 0.190, data_time: 0.011, memory: 13424, loss_cls: 0.4536, loss_bbox: 0.3993, loss_kps: 0.0000, loss: 0.8529
2026-09-10 05:22:44,507 - mmdet - INFO - Epoch [4][3200/8725]	lr: 1.000e-03, eta: 7:44:59, time: 0.195, data_time: 0.012, memory: 13424, loss_cls: 0.4907, loss_bbox: 0.4437, loss_kps: 0.0000, loss: 0.9344
2026-09-10 05:22:54,145 - mmdet - INFO - Epoch [4][3250/8725]	lr: 1.000e-03, eta: 7:44:49, time: 0.192, data_time: 0.012, memory: 13424, loss_cls: 0.4976, loss_bbox: 0.4428, loss_kps: 0.0000, loss: 0.9405
2026-09-10 05:23:04,201 - mmdet - INFO - Epoch [4][3300/8725]	lr: 1.000e-03, eta: 7:44:42, time: 0.201, data_time: 0.013, memory: 13424, loss_cls: 0.4534, loss_bbox: 0.4055, loss_kps: 0.0000, loss: 0.8589
2026-09-10 05:23:13,807 - mmdet - INFO - Epoch [4][3350/8725]	lr: 1.000e-03, eta: 7:44:32, time: 0.192, data_time: 0.011, memory: 13424, loss_cls: 0.4502, loss_bbox: 0.4148, loss_kps: 0.0000, loss: 0.8649
2026-09-10 05:23:23,510 - mmdet - INFO - Epoch [4][3400/8725]	lr: 1.000e-03, eta: 7:44:23, time: 0.194, data_time: 0.012, memory: 13424, loss_cls: 0.4650, loss_bbox: 0.4156, loss_kps: 0.0000, loss: 0.8805
2026-09-10 05:23:33,217 - mmdet - INFO - Epoch [4][3450/8725]	lr: 1.000e-03, eta: 7:44:14, time: 0.194, data_time: 0.011, memory: 13424, loss_cls: 0.4706, loss_bbox: 0.4409, loss_kps: 0.0000, loss: 0.9115
2026-09-10 05:23:41,945 - mmdet - INFO - Epoch [4][3500/8725]	lr: 1.000e-03, eta: 7:44:00, time: 0.175, data_time: 0.011, memory: 13424, loss_cls: 0.4295, loss_bbox: 0.3897, loss_kps: 0.0000, loss: 0.8192
2026-09-10 05:23:50,669 - mmdet - INFO - Epoch [4][3550/8725]	lr: 1.000e-03, eta: 7:43:46, time: 0.174, data_time: 0.010, memory: 13424, loss_cls: 0.4595, loss_bbox: 0.4225, loss_kps: 0.0000, loss: 0.8820
2026-09-10 05:23:59,448 - mmdet - INFO - Epoch [4][3600/8725]	lr: 1.000e-03, eta: 7:43:32, time: 0.176, data_time: 0.011, memory: 13424, loss_cls: 0.4222, loss_bbox: 0.4038, loss_kps: 0.0000, loss: 0.8260
2026-09-10 05:24:08,161 - mmdet - INFO - Epoch [4][3650/8725]	lr: 1.000e-03, eta: 7:43:18, time: 0.174, data_time: 0.011, memory: 13424, loss_cls: 0.4496, loss_bbox: 0.3858, loss_kps: 0.0000, loss: 0.8354
2026-09-10 05:24:16,884 - mmdet - INFO - Epoch [4][3700/8725]	lr: 1.000e-03, eta: 7:43:04, time: 0.175, data_time: 0.011, memory: 13424, loss_cls: 0.4169, loss_bbox: 0.3937, loss_kps: 0.0000, loss: 0.8106
2026-09-10 05:24:25,543 - mmdet - INFO - Epoch [4][3750/8725]	lr: 1.000e-03, eta: 7:42:50, time: 0.173, data_time: 0.010, memory: 13424, loss_cls: 0.4292, loss_bbox: 0.3982, loss_kps: 0.0000, loss: 0.8274
2026-09-10 05:24:34,167 - mmdet - INFO - Epoch [4][3800/8725]	lr: 1.000e-03, eta: 7:42:36, time: 0.173, data_time: 0.010, memory: 13424, loss_cls: 0.4397, loss_bbox: 0.4114, loss_kps: 0.0000, loss: 0.8511
2026-09-10 05:24:42,850 - mmdet - INFO - Epoch [4][3850/8725]	lr: 1.000e-03, eta: 7:42:22, time: 0.173, data_time: 0.010, memory: 13424, loss_cls: 0.4472, loss_bbox: 0.3992, loss_kps: 0.0000, loss: 0.8465
2026-09-10 05:24:51,509 - mmdet - INFO - Epoch [4][3900/8725]	lr: 1.000e-03, eta: 7:42:08, time: 0.173, data_time: 0.010, memory: 13424, loss_cls: 0.4214, loss_bbox: 0.3837, loss_kps: 0.0000, loss: 0.8051
2026-09-10 05:25:00,081 - mmdet - INFO - Epoch [4][3950/8725]	lr: 1.000e-03, eta: 7:41:53, time: 0.171, data_time: 0.009, memory: 13424, loss_cls: 0.4121, loss_bbox: 0.4024, loss_kps: 0.0000, loss: 0.8144
2026-09-10 05:25:08,744 - mmdet - INFO - Epoch [4][4000/8725]	lr: 1.000e-03, eta: 7:41:39, time: 0.174, data_time: 0.010, memory: 13424, loss_cls: 0.4714, loss_bbox: 0.4013, loss_kps: 0.0000, loss: 0.8727
2026-09-10 05:25:17,505 - mmdet - INFO - Epoch [4][4050/8725]	lr: 1.000e-03, eta: 7:41:25, time: 0.175, data_time: 0.010, memory: 13424, loss_cls: 0.4256, loss_bbox: 0.4236, loss_kps: 0.0000, loss: 0.8492
2026-09-10 05:25:26,600 - mmdet - INFO - Epoch [4][4100/8725]	lr: 1.000e-03, eta: 7:41:14, time: 0.182, data_time: 0.011, memory: 13424, loss_cls: 0.4549, loss_bbox: 0.4038, loss_kps: 0.0000, loss: 0.8586
2026-09-10 05:25:36,242 - mmdet - INFO - Epoch [4][4150/8725]	lr: 1.000e-03, eta: 7:41:04, time: 0.193, data_time: 0.011, memory: 13424, loss_cls: 0.4427, loss_bbox: 0.4152, loss_kps: 0.0000, loss: 0.8578
2026-09-10 05:25:45,618 - mmdet - INFO - Epoch [4][4200/8725]	lr: 1.000e-03, eta: 7:40:54, time: 0.188, data_time: 0.011, memory: 13424, loss_cls: 0.4674, loss_bbox: 0.4167, loss_kps: 0.0000, loss: 0.8841
2026-09-10 05:25:55,083 - mmdet - INFO - Epoch [4][4250/8725]	lr: 1.000e-03, eta: 7:40:43, time: 0.190, data_time: 0.012, memory: 13424, loss_cls: 0.4473, loss_bbox: 0.4143, loss_kps: 0.0000, loss: 0.8616
2026-09-10 05:26:04,601 - mmdet - INFO - Epoch [4][4300/8725]	lr: 1.000e-03, eta: 7:40:33, time: 0.190, data_time: 0.013, memory: 13424, loss_cls: 0.4564, loss_bbox: 0.4109, loss_kps: 0.0000, loss: 0.8672
2026-09-10 05:26:14,009 - mmdet - INFO - Epoch [4][4350/8725]	lr: 1.000e-03, eta: 7:40:23, time: 0.188, data_time: 0.012, memory: 13424, loss_cls: 0.4208, loss_bbox: 0.3818, loss_kps: 0.0000, loss: 0.8026
2026-09-10 05:26:23,163 - mmdet - INFO - Epoch [4][4400/8725]	lr: 1.000e-03, eta: 7:40:11, time: 0.183, data_time: 0.011, memory: 13424, loss_cls: 0.4516, loss_bbox: 0.4020, loss_kps: 0.0000, loss: 0.8536
2026-09-10 05:26:32,493 - mmdet - INFO - Epoch [4][4450/8725]	lr: 1.000e-03, eta: 7:40:00, time: 0.186, data_time: 0.012, memory: 13424, loss_cls: 0.4337, loss_bbox: 0.3920, loss_kps: 0.0000, loss: 0.8257
2026-09-10 05:26:41,803 - mmdet - INFO - Epoch [4][4500/8725]	lr: 1.000e-03, eta: 7:39:50, time: 0.187, data_time: 0.014, memory: 13424, loss_cls: 0.4604, loss_bbox: 0.4137, loss_kps: 0.0000, loss: 0.8742
2026-09-10 05:26:50,981 - mmdet - INFO - Epoch [4][4550/8725]	lr: 1.000e-03, eta: 7:39:38, time: 0.183, data_time: 0.011, memory: 13424, loss_cls: 0.4348, loss_bbox: 0.4112, loss_kps: 0.0000, loss: 0.8460
2026-09-10 05:27:00,198 - mmdet - INFO - Epoch [4][4600/8725]	lr: 1.000e-03, eta: 7:39:27, time: 0.185, data_time: 0.012, memory: 13424, loss_cls: 0.4002, loss_bbox: 0.3956, loss_kps: 0.0000, loss: 0.7958
2026-09-10 05:27:09,224 - mmdet - INFO - Epoch [4][4650/8725]	lr: 1.000e-03, eta: 7:39:14, time: 0.180, data_time: 0.011, memory: 13424, loss_cls: 0.4058, loss_bbox: 0.4033, loss_kps: 0.0000, loss: 0.8091
2026-09-10 05:27:17,996 - mmdet - INFO - Epoch [4][4700/8725]	lr: 1.000e-03, eta: 7:39:01, time: 0.176, data_time: 0.009, memory: 13424, loss_cls: 0.4311, loss_bbox: 0.4123, loss_kps: 0.0000, loss: 0.8434
2026-09-10 05:27:26,698 - mmdet - INFO - Epoch [4][4750/8725]	lr: 1.000e-03, eta: 7:38:47, time: 0.174, data_time: 0.009, memory: 13424, loss_cls: 0.4464, loss_bbox: 0.4004, loss_kps: 0.0000, loss: 0.8468
2026-09-10 05:27:35,419 - mmdet - INFO - Epoch [4][4800/8725]	lr: 1.000e-03, eta: 7:38:34, time: 0.175, data_time: 0.010, memory: 13424, loss_cls: 0.4779, loss_bbox: 0.4109, loss_kps: 0.0000, loss: 0.8887
2026-09-10 05:27:44,100 - mmdet - INFO - Epoch [4][4850/8725]	lr: 1.000e-03, eta: 7:38:20, time: 0.173, data_time: 0.009, memory: 13424, loss_cls: 0.4791, loss_bbox: 0.4269, loss_kps: 0.0000, loss: 0.9060
2026-09-10 05:27:52,776 - mmdet - INFO - Epoch [4][4900/8725]	lr: 1.000e-03, eta: 7:38:06, time: 0.174, data_time: 0.010, memory: 13424, loss_cls: 0.4169, loss_bbox: 0.3976, loss_kps: 0.0000, loss: 0.8145
2026-09-10 05:28:01,431 - mmdet - INFO - Epoch [4][4950/8725]	lr: 1.000e-03, eta: 7:37:52, time: 0.173, data_time: 0.009, memory: 13424, loss_cls: 0.4170, loss_bbox: 0.3871, loss_kps: 0.0000, loss: 0.8041
2026-09-10 05:28:10,072 - mmdet - INFO - Epoch [4][5000/8725]	lr: 1.000e-03, eta: 7:37:38, time: 0.173, data_time: 0.009, memory: 13424, loss_cls: 0.4683, loss_bbox: 0.4164, loss_kps: 0.0000, loss: 0.8847
2026-09-10 05:28:18,700 - mmdet - INFO - Epoch [4][5050/8725]	lr: 1.000e-03, eta: 7:37:24, time: 0.172, data_time: 0.009, memory: 13424, loss_cls: 0.4232, loss_bbox: 0.3870, loss_kps: 0.0000, loss: 0.8102
2026-09-10 05:28:27,317 - mmdet - INFO - Epoch [4][5100/8725]	lr: 1.000e-03, eta: 7:37:11, time: 0.173, data_time: 0.009, memory: 13424, loss_cls: 0.4331, loss_bbox: 0.3932, loss_kps: 0.0000, loss: 0.8263
2026-09-10 05:28:35,963 - mmdet - INFO - Epoch [4][5150/8725]	lr: 1.000e-03, eta: 7:36:57, time: 0.173, data_time: 0.009, memory: 13424, loss_cls: 0.5088, loss_bbox: 0.4363, loss_kps: 0.0000, loss: 0.9451
2026-09-10 05:28:44,675 - mmdet - INFO - Epoch [4][5200/8725]	lr: 1.000e-03, eta: 7:36:43, time: 0.174, data_time: 0.010, memory: 13424, loss_cls: 0.4388, loss_bbox: 0.4308, loss_kps: 0.0000, loss: 0.8696
2026-09-10 05:28:53,304 - mmdet - INFO - Epoch [4][5250/8725]	lr: 1.000e-03, eta: 7:36:29, time: 0.172, data_time: 0.009, memory: 13424, loss_cls: 0.4433, loss_bbox: 0.4084, loss_kps: 0.0000, loss: 0.8517
2026-09-10 05:29:02,006 - mmdet - INFO - Epoch [4][5300/8725]	lr: 1.000e-03, eta: 7:36:16, time: 0.174, data_time: 0.011, memory: 13424, loss_cls: 0.4754, loss_bbox: 0.4403, loss_kps: 0.0000, loss: 0.9157
2026-09-10 05:29:10,730 - mmdet - INFO - Epoch [4][5350/8725]	lr: 1.000e-03, eta: 7:36:02, time: 0.174, data_time: 0.009, memory: 13424, loss_cls: 0.4550, loss_bbox: 0.4131, loss_kps: 0.0000, loss: 0.8681
2026-09-10 05:29:19,419 - mmdet - INFO - Epoch [4][5400/8725]	lr: 1.000e-03, eta: 7:35:49, time: 0.174, data_time: 0.010, memory: 13424, loss_cls: 0.4765, loss_bbox: 0.4149, loss_kps: 0.0000, loss: 0.8914
2026-09-10 05:29:28,204 - mmdet - INFO - Epoch [4][5450/8725]	lr: 1.000e-03, eta: 7:35:36, time: 0.175, data_time: 0.010, memory: 13424, loss_cls: 0.4208, loss_bbox: 0.4244, loss_kps: 0.0000, loss: 0.8451
2026-09-10 05:29:36,863 - mmdet - INFO - Epoch [4][5500/8725]	lr: 1.000e-03, eta: 7:35:22, time: 0.173, data_time: 0.010, memory: 13424, loss_cls: 0.4153, loss_bbox: 0.3907, loss_kps: 0.0000, loss: 0.8060
2026-09-10 05:29:45,550 - mmdet - INFO - Epoch [4][5550/8725]	lr: 1.000e-03, eta: 7:35:08, time: 0.173, data_time: 0.010, memory: 13424, loss_cls: 0.4466, loss_bbox: 0.4173, loss_kps: 0.0000, loss: 0.8639
2026-09-10 05:29:54,219 - mmdet - INFO - Epoch [4][5600/8725]	lr: 1.000e-03, eta: 7:34:55, time: 0.174, data_time: 0.010, memory: 13424, loss_cls: 0.4082, loss_bbox: 0.4031, loss_kps: 0.0000, loss: 0.8113
2026-09-10 05:30:02,958 - mmdet - INFO - Epoch [4][5650/8725]	lr: 1.000e-03, eta: 7:34:42, time: 0.175, data_time: 0.009, memory: 13424, loss_cls: 0.4449, loss_bbox: 0.4242, loss_kps: 0.0000, loss: 0.8691
2026-09-10 05:30:11,651 - mmdet - INFO - Epoch [4][5700/8725]	lr: 1.000e-03, eta: 7:34:28, time: 0.174, data_time: 0.010, memory: 13424, loss_cls: 0.4109, loss_bbox: 0.4013, loss_kps: 0.0000, loss: 0.8122
2026-09-10 05:30:20,710 - mmdet - INFO - Epoch [4][5750/8725]	lr: 1.000e-03, eta: 7:34:16, time: 0.181, data_time: 0.009, memory: 13424, loss_cls: 0.4334, loss_bbox: 0.4027, loss_kps: 0.0000, loss: 0.8361
2026-09-10 05:30:29,366 - mmdet - INFO - Epoch [4][5800/8725]	lr: 1.000e-03, eta: 7:34:03, time: 0.173, data_time: 0.009, memory: 13424, loss_cls: 0.4380, loss_bbox: 0.4050, loss_kps: 0.0000, loss: 0.8430
2026-09-10 05:30:38,041 - mmdet - INFO - Epoch [4][5850/8725]	lr: 1.000e-03, eta: 7:33:49, time: 0.173, data_time: 0.009, memory: 13424, loss_cls: 0.4712, loss_bbox: 0.4012, loss_kps: 0.0000, loss: 0.8724
2026-09-10 05:30:47,003 - mmdet - INFO - Epoch [4][5900/8725]	lr: 1.000e-03, eta: 7:33:37, time: 0.179, data_time: 0.009, memory: 13424, loss_cls: 0.4321, loss_bbox: 0.4211, loss_kps: 0.0000, loss: 0.8531
2026-09-10 05:30:55,700 - mmdet - INFO - Epoch [4][5950/8725]	lr: 1.000e-03, eta: 7:33:24, time: 0.174, data_time: 0.009, memory: 13424, loss_cls: 0.4400, loss_bbox: 0.4062, loss_kps: 0.0000, loss: 0.8462
2026-09-10 05:31:04,401 - mmdet - INFO - Epoch [4][6000/8725]	lr: 1.000e-03, eta: 7:33:11, time: 0.174, data_time: 0.010, memory: 13424, loss_cls: 0.4611, loss_bbox: 0.4187, loss_kps: 0.0000, loss: 0.8799
2026-09-10 05:31:13,120 - mmdet - INFO - Epoch [4][6050/8725]	lr: 1.000e-03, eta: 7:32:57, time: 0.174, data_time: 0.009, memory: 13424, loss_cls: 0.4919, loss_bbox: 0.4215, loss_kps: 0.0000, loss: 0.9134
2026-09-10 05:31:21,770 - mmdet - INFO - Epoch [4][6100/8725]	lr: 1.000e-03, eta: 7:32:44, time: 0.173, data_time: 0.010, memory: 13424, loss_cls: 0.4238, loss_bbox: 0.3856, loss_kps: 0.0000, loss: 0.8094
2026-09-10 05:31:30,463 - mmdet - INFO - Epoch [4][6150/8725]	lr: 1.000e-03, eta: 7:32:30, time: 0.174, data_time: 0.009, memory: 13424, loss_cls: 0.4549, loss_bbox: 0.3941, loss_kps: 0.0000, loss: 0.8490
2026-09-10 05:31:39,114 - mmdet - INFO - Epoch [4][6200/8725]	lr: 1.000e-03, eta: 7:32:17, time: 0.173, data_time: 0.010, memory: 13424, loss_cls: 0.4294, loss_bbox: 0.4067, loss_kps: 0.0000, loss: 0.8362
2026-09-10 05:31:47,822 - mmdet - INFO - Epoch [4][6250/8725]	lr: 1.000e-03, eta: 7:32:04, time: 0.174, data_time: 0.009, memory: 13424, loss_cls: 0.4242, loss_bbox: 0.3760, loss_kps: 0.0000, loss: 0.8002
2026-09-10 05:31:56,512 - mmdet - INFO - Epoch [4][6300/8725]	lr: 1.000e-03, eta: 7:31:50, time: 0.174, data_time: 0.009, memory: 13424, loss_cls: 0.4313, loss_bbox: 0.4089, loss_kps: 0.0000, loss: 0.8402
2026-09-10 05:32:05,289 - mmdet - INFO - Epoch [4][6350/8725]	lr: 1.000e-03, eta: 7:31:37, time: 0.175, data_time: 0.009, memory: 13424, loss_cls: 0.4254, loss_bbox: 0.3964, loss_kps: 0.0000, loss: 0.8218
2026-09-10 05:32:14,015 - mmdet - INFO - Epoch [4][6400/8725]	lr: 1.000e-03, eta: 7:31:24, time: 0.175, data_time: 0.011, memory: 13424, loss_cls: 0.4047, loss_bbox: 0.3767, loss_kps: 0.0000, loss: 0.7814
2026-09-10 05:32:22,656 - mmdet - INFO - Epoch [4][6450/8725]	lr: 1.000e-03, eta: 7:31:11, time: 0.173, data_time: 0.009, memory: 13424, loss_cls: 0.4260, loss_bbox: 0.4114, loss_kps: 0.0000, loss: 0.8374
2026-09-10 05:32:31,337 - mmdet - INFO - Epoch [4][6500/8725]	lr: 1.000e-03, eta: 7:30:58, time: 0.174, data_time: 0.009, memory: 13424, loss_cls: 0.4383, loss_bbox: 0.4140, loss_kps: 0.0000, loss: 0.8523
2026-09-10 05:32:40,024 - mmdet - INFO - Epoch [4][6550/8725]	lr: 1.000e-03, eta: 7:30:44, time: 0.173, data_time: 0.010, memory: 13424, loss_cls: 0.4673, loss_bbox: 0.4034, loss_kps: 0.0000, loss: 0.8708
2026-09-10 05:32:48,723 - mmdet - INFO - Epoch [4][6600/8725]	lr: 1.000e-03, eta: 7:30:31, time: 0.174, data_time: 0.009, memory: 13424, loss_cls: 0.4645, loss_bbox: 0.4138, loss_kps: 0.0000, loss: 0.8783
2026-09-10 05:32:57,512 - mmdet - INFO - Epoch [4][6650/8725]	lr: 1.000e-03, eta: 7:30:18, time: 0.176, data_time: 0.010, memory: 13424, loss_cls: 0.4317, loss_bbox: 0.4082, loss_kps: 0.0000, loss: 0.8399
2026-09-10 05:33:06,183 - mmdet - INFO - Epoch [4][6700/8725]	lr: 1.000e-03, eta: 7:30:05, time: 0.174, data_time: 0.010, memory: 13424, loss_cls: 0.4674, loss_bbox: 0.3939, loss_kps: 0.0000, loss: 0.8614
2026-09-10 05:33:14,976 - mmdet - INFO - Epoch [4][6750/8725]	lr: 1.000e-03, eta: 7:29:52, time: 0.176, data_time: 0.009, memory: 13424, loss_cls: 0.4201, loss_bbox: 0.4014, loss_kps: 0.0000, loss: 0.8215
2026-09-10 05:33:23,642 - mmdet - INFO - Epoch [4][6800/8725]	lr: 1.000e-03, eta: 7:29:39, time: 0.174, data_time: 0.010, memory: 13424, loss_cls: 0.4381, loss_bbox: 0.3922, loss_kps: 0.0000, loss: 0.8303
2026-09-10 05:33:32,363 - mmdet - INFO - Epoch [4][6850/8725]	lr: 1.000e-03, eta: 7:29:26, time: 0.174, data_time: 0.010, memory: 13424, loss_cls: 0.4618, loss_bbox: 0.3951, loss_kps: 0.0000, loss: 0.8569
2026-09-10 05:33:41,074 - mmdet - INFO - Epoch [4][6900/8725]	lr: 1.000e-03, eta: 7:29:13, time: 0.174, data_time: 0.011, memory: 13424, loss_cls: 0.4144, loss_bbox: 0.3961, loss_kps: 0.0000, loss: 0.8106
2026-09-10 05:33:49,714 - mmdet - INFO - Epoch [4][6950/8725]	lr: 1.000e-03, eta: 7:29:00, time: 0.173, data_time: 0.010, memory: 13424, loss_cls: 0.4399, loss_bbox: 0.4058, loss_kps: 0.0000, loss: 0.8457
2026-09-10 05:33:58,380 - mmdet - INFO - Epoch [4][7000/8725]	lr: 1.000e-03, eta: 7:28:47, time: 0.174, data_time: 0.010, memory: 13424, loss_cls: 0.4503, loss_bbox: 0.4146, loss_kps: 0.0000, loss: 0.8648
2026-09-10 05:34:07,033 - mmdet - INFO - Epoch [4][7050/8725]	lr: 1.000e-03, eta: 7:28:33, time: 0.173, data_time: 0.010, memory: 13424, loss_cls: 0.4182, loss_bbox: 0.4113, loss_kps: 0.0000, loss: 0.8295
2026-09-10 05:34:15,695 - mmdet - INFO - Epoch [4][7100/8725]	lr: 1.000e-03, eta: 7:28:20, time: 0.174, data_time: 0.010, memory: 13424, loss_cls: 0.4587, loss_bbox: 0.4029, loss_kps: 0.0000, loss: 0.8616
2026-09-10 05:34:24,391 - mmdet - INFO - Epoch [4][7150/8725]	lr: 1.000e-03, eta: 7:28:07, time: 0.174, data_time: 0.010, memory: 13424, loss_cls: 0.4398, loss_bbox: 0.3994, loss_kps: 0.0000, loss: 0.8392
2026-09-10 05:34:33,157 - mmdet - INFO - Epoch [4][7200/8725]	lr: 1.000e-03, eta: 7:27:55, time: 0.176, data_time: 0.010, memory: 13424, loss_cls: 0.4328, loss_bbox: 0.3871, loss_kps: 0.0000, loss: 0.8198
2026-09-10 05:34:41,828 - mmdet - INFO - Epoch [4][7250/8725]	lr: 1.000e-03, eta: 7:27:41, time: 0.173, data_time: 0.010, memory: 13424, loss_cls: 0.4602, loss_bbox: 0.4090, loss_kps: 0.0000, loss: 0.8692
2026-09-10 05:34:50,547 - mmdet - INFO - Epoch [4][7300/8725]	lr: 1.000e-03, eta: 7:27:29, time: 0.175, data_time: 0.011, memory: 13424, loss_cls: 0.4165, loss_bbox: 0.4043, loss_kps: 0.0000, loss: 0.8207
2026-09-10 05:34:59,260 - mmdet - INFO - Epoch [4][7350/8725]	lr: 1.000e-03, eta: 7:27:16, time: 0.174, data_time: 0.010, memory: 13424, loss_cls: 0.4667, loss_bbox: 0.3802, loss_kps: 0.0000, loss: 0.8469
2026-09-10 05:35:07,949 - mmdet - INFO - Epoch [4][7400/8725]	lr: 1.000e-03, eta: 7:27:03, time: 0.174, data_time: 0.010, memory: 13424, loss_cls: 0.4508, loss_bbox: 0.4244, loss_kps: 0.0000, loss: 0.8752
2026-09-10 05:35:16,758 - mmdet - INFO - Epoch [4][7450/8725]	lr: 1.000e-03, eta: 7:26:50, time: 0.176, data_time: 0.010, memory: 13424, loss_cls: 0.4215, loss_bbox: 0.4026, loss_kps: 0.0000, loss: 0.8241
2026-09-10 05:35:25,506 - mmdet - INFO - Epoch [4][7500/8725]	lr: 1.000e-03, eta: 7:26:37, time: 0.175, data_time: 0.010, memory: 13424, loss_cls: 0.4632, loss_bbox: 0.4279, loss_kps: 0.0000, loss: 0.8911
2026-09-10 05:35:34,202 - mmdet - INFO - Epoch [4][7550/8725]	lr: 1.000e-03, eta: 7:26:24, time: 0.174, data_time: 0.010, memory: 13424, loss_cls: 0.4126, loss_bbox: 0.4042, loss_kps: 0.0000, loss: 0.8168
2026-09-10 05:35:42,898 - mmdet - INFO - Epoch [4][7600/8725]	lr: 1.000e-03, eta: 7:26:12, time: 0.174, data_time: 0.010, memory: 13424, loss_cls: 0.4558, loss_bbox: 0.4188, loss_kps: 0.0000, loss: 0.8746
2026-09-10 05:35:51,627 - mmdet - INFO - Epoch [4][7650/8725]	lr: 1.000e-03, eta: 7:25:59, time: 0.174, data_time: 0.010, memory: 13424, loss_cls: 0.4770, loss_bbox: 0.4074, loss_kps: 0.0000, loss: 0.8845
2026-09-10 05:36:00,364 - mmdet - INFO - Epoch [4][7700/8725]	lr: 1.000e-03, eta: 7:25:46, time: 0.175, data_time: 0.010, memory: 13424, loss_cls: 0.4648, loss_bbox: 0.4160, loss_kps: 0.0000, loss: 0.8807
2026-09-10 05:36:09,060 - mmdet - INFO - Epoch [4][7750/8725]	lr: 1.000e-03, eta: 7:25:33, time: 0.174, data_time: 0.010, memory: 13424, loss_cls: 0.4515, loss_bbox: 0.4309, loss_kps: 0.0000, loss: 0.8825
2026-09-10 05:36:17,914 - mmdet - INFO - Epoch [4][7800/8725]	lr: 1.000e-03, eta: 7:25:21, time: 0.177, data_time: 0.011, memory: 13424, loss_cls: 0.4575, loss_bbox: 0.4022, loss_kps: 0.0000, loss: 0.8598
2026-09-10 05:36:26,604 - mmdet - INFO - Epoch [4][7850/8725]	lr: 1.000e-03, eta: 7:25:08, time: 0.174, data_time: 0.010, memory: 13424, loss_cls: 0.4344, loss_bbox: 0.4031, loss_kps: 0.0000, loss: 0.8374
2026-09-10 05:36:35,278 - mmdet - INFO - Epoch [4][7900/8725]	lr: 1.000e-03, eta: 7:24:55, time: 0.174, data_time: 0.010, memory: 13424, loss_cls: 0.4245, loss_bbox: 0.3834, loss_kps: 0.0000, loss: 0.8079
2026-09-10 05:36:43,912 - mmdet - INFO - Epoch [4][7950/8725]	lr: 1.000e-03, eta: 7:24:42, time: 0.172, data_time: 0.010, memory: 13424, loss_cls: 0.4531, loss_bbox: 0.4064, loss_kps: 0.0000, loss: 0.8595
2026-09-10 05:36:52,698 - mmdet - INFO - Epoch [4][8000/8725]	lr: 1.000e-03, eta: 7:24:30, time: 0.176, data_time: 0.011, memory: 13424, loss_cls: 0.4300, loss_bbox: 0.3770, loss_kps: 0.0000, loss: 0.8070
2026-09-10 05:37:01,349 - mmdet - INFO - Epoch [4][8050/8725]	lr: 1.000e-03, eta: 7:24:17, time: 0.173, data_time: 0.010, memory: 13424, loss_cls: 0.4307, loss_bbox: 0.3995, loss_kps: 0.0000, loss: 0.8303
2026-09-10 05:37:10,101 - mmdet - INFO - Epoch [4][8100/8725]	lr: 1.000e-03, eta: 7:24:04, time: 0.175, data_time: 0.010, memory: 13424, loss_cls: 0.4494, loss_bbox: 0.3886, loss_kps: 0.0000, loss: 0.8380
2026-09-10 05:37:18,772 - mmdet - INFO - Epoch [4][8150/8725]	lr: 1.000e-03, eta: 7:23:51, time: 0.173, data_time: 0.010, memory: 13424, loss_cls: 0.4795, loss_bbox: 0.4172, loss_kps: 0.0000, loss: 0.8967
2026-09-10 05:37:27,492 - mmdet - INFO - Epoch [4][8200/8725]	lr: 1.000e-03, eta: 7:23:38, time: 0.175, data_time: 0.010, memory: 13424, loss_cls: 0.4450, loss_bbox: 0.4194, loss_kps: 0.0000, loss: 0.8645
2026-09-10 05:37:36,318 - mmdet - INFO - Epoch [4][8250/8725]	lr: 1.000e-03, eta: 7:23:26, time: 0.176, data_time: 0.010, memory: 13424, loss_cls: 0.4523, loss_bbox: 0.4009, loss_kps: 0.0000, loss: 0.8532
2026-09-10 05:37:45,057 - mmdet - INFO - Epoch [4][8300/8725]	lr: 1.000e-03, eta: 7:23:14, time: 0.175, data_time: 0.011, memory: 13424, loss_cls: 0.4480, loss_bbox: 0.4154, loss_kps: 0.0000, loss: 0.8634
2026-09-10 05:37:53,755 - mmdet - INFO - Epoch [4][8350/8725]	lr: 1.000e-03, eta: 7:23:01, time: 0.174, data_time: 0.010, memory: 13424, loss_cls: 0.4479, loss_bbox: 0.4068, loss_kps: 0.0000, loss: 0.8547
2026-09-10 05:38:02,489 - mmdet - INFO - Epoch [4][8400/8725]	lr: 1.000e-03, eta: 7:22:48, time: 0.175, data_time: 0.010, memory: 13424, loss_cls: 0.4379, loss_bbox: 0.4000, loss_kps: 0.0000, loss: 0.8379
2026-09-10 05:38:11,191 - mmdet - INFO - Epoch [4][8450/8725]	lr: 1.000e-03, eta: 7:22:36, time: 0.174, data_time: 0.010, memory: 13424, loss_cls: 0.4175, loss_bbox: 0.3905, loss_kps: 0.0000, loss: 0.8080
2026-09-10 05:38:19,932 - mmdet - INFO - Epoch [4][8500/8725]	lr: 1.000e-03, eta: 7:22:23, time: 0.175, data_time: 0.011, memory: 13424, loss_cls: 0.4590, loss_bbox: 0.4002, loss_kps: 0.0000, loss: 0.8592
2026-09-10 05:38:28,637 - mmdet - INFO - Epoch [4][8550/8725]	lr: 1.000e-03, eta: 7:22:10, time: 0.174, data_time: 0.010, memory: 13424, loss_cls: 0.4685, loss_bbox: 0.4070, loss_kps: 0.0000, loss: 0.8755
2026-09-10 05:38:37,377 - mmdet - INFO - Epoch [4][8600/8725]	lr: 1.000e-03, eta: 7:21:58, time: 0.175, data_time: 0.010, memory: 13424, loss_cls: 0.4258, loss_bbox: 0.4062, loss_kps: 0.0000, loss: 0.8320
2026-09-10 05:38:46,105 - mmdet - INFO - Epoch [4][8650/8725]	lr: 1.000e-03, eta: 7:21:45, time: 0.174, data_time: 0.010, memory: 13424, loss_cls: 0.4626, loss_bbox: 0.4213, loss_kps: 0.0000, loss: 0.8839
2026-09-10 05:38:55,100 - mmdet - INFO - Epoch [4][8700/8725]	lr: 1.000e-03, eta: 7:21:34, time: 0.180, data_time: 0.011, memory: 13424, loss_cls: 0.4378, loss_bbox: 0.4183, loss_kps: 0.0000, loss: 0.8561
2026-09-10 05:38:59,512 - mmdet - INFO - Saving checkpoint at 4 epochs
2026-09-10 05:39:13,071 - mmdet - INFO - Epoch [5][50/8725]	lr: 1.000e-03, eta: 7:21:16, time: 0.265, data_time: 0.098, memory: 13424, loss_cls: 0.4181, loss_bbox: 0.3938, loss_kps: 0.0000, loss: 0.8119
2026-09-10 05:39:21,792 - mmdet - INFO - Exp name: scrfd_armAA34.py
2026-09-10 05:39:21,792 - mmdet - INFO - Epoch [5][100/8725]	lr: 1.000e-03, eta: 7:21:03, time: 0.174, data_time: 0.010, memory: 13424, loss_cls: 0.4393, loss_bbox: 0.4166, loss_kps: 0.0000, loss: 0.8559
2026-09-10 05:39:30,488 - mmdet - INFO - Epoch [5][150/8725]	lr: 1.000e-03, eta: 7:20:51, time: 0.174, data_time: 0.010, memory: 13424, loss_cls: 0.4400, loss_bbox: 0.3979, loss_kps: 0.0000, loss: 0.8379
2026-09-10 05:39:39,222 - mmdet - INFO - Epoch [5][200/8725]	lr: 1.000e-03, eta: 7:20:38, time: 0.175, data_time: 0.010, memory: 13424, loss_cls: 0.4290, loss_bbox: 0.3940, loss_kps: 0.0000, loss: 0.8229
2026-09-10 05:39:47,923 - mmdet - INFO - Epoch [5][250/8725]	lr: 1.000e-03, eta: 7:20:26, time: 0.174, data_time: 0.010, memory: 13424, loss_cls: 0.4515, loss_bbox: 0.4148, loss_kps: 0.0000, loss: 0.8663
2026-09-10 05:39:56,594 - mmdet - INFO - Epoch [5][300/8725]	lr: 1.000e-03, eta: 7:20:13, time: 0.173, data_time: 0.010, memory: 13424, loss_cls: 0.4129, loss_bbox: 0.4042, loss_kps: 0.0000, loss: 0.8171
2026-09-10 05:40:05,320 - mmdet - INFO - Epoch [5][350/8725]	lr: 1.000e-03, eta: 7:20:00, time: 0.174, data_time: 0.010, memory: 13424, loss_cls: 0.4406, loss_bbox: 0.4103, loss_kps: 0.0000, loss: 0.8508
2026-09-10 05:40:14,102 - mmdet - INFO - Epoch [5][400/8725]	lr: 1.000e-03, eta: 7:19:48, time: 0.176, data_time: 0.010, memory: 13424, loss_cls: 0.4147, loss_bbox: 0.3931, loss_kps: 0.0000, loss: 0.8078
2026-09-10 05:40:22,853 - mmdet - INFO - Epoch [5][450/8725]	lr: 1.000e-03, eta: 7:19:36, time: 0.175, data_time: 0.010, memory: 13424, loss_cls: 0.4767, loss_bbox: 0.4077, loss_kps: 0.0000, loss: 0.8844
2026-09-10 05:40:31,626 - mmdet - INFO - Epoch [5][500/8725]	lr: 1.000e-03, eta: 7:19:24, time: 0.176, data_time: 0.010, memory: 13424, loss_cls: 0.4373, loss_bbox: 0.4130, loss_kps: 0.0000, loss: 0.8503
2026-09-10 05:40:40,333 - mmdet - INFO - Epoch [5][550/8725]	lr: 1.000e-03, eta: 7:19:11, time: 0.174, data_time: 0.009, memory: 13424, loss_cls: 0.4322, loss_bbox: 0.4124, loss_kps: 0.0000, loss: 0.8445
2026-09-10 05:40:49,026 - mmdet - INFO - Epoch [5][600/8725]	lr: 1.000e-03, eta: 7:18:59, time: 0.174, data_time: 0.010, memory: 13424, loss_cls: 0.4421, loss_bbox: 0.4119, loss_kps: 0.0000, loss: 0.8540
2026-09-10 05:40:57,712 - mmdet - INFO - Epoch [5][650/8725]	lr: 1.000e-03, eta: 7:18:46, time: 0.174, data_time: 0.010, memory: 13424, loss_cls: 0.4124, loss_bbox: 0.3934, loss_kps: 0.0000, loss: 0.8058
2026-09-10 05:41:06,356 - mmdet - INFO - Epoch [5][700/8725]	lr: 1.000e-03, eta: 7:18:33, time: 0.173, data_time: 0.009, memory: 13424, loss_cls: 0.4280, loss_bbox: 0.3991, loss_kps: 0.0000, loss: 0.8271
2026-09-10 05:41:15,035 - mmdet - INFO - Epoch [5][750/8725]	lr: 1.000e-03, eta: 7:18:21, time: 0.173, data_time: 0.009, memory: 13424, loss_cls: 0.4374, loss_bbox: 0.4016, loss_kps: 0.0000, loss: 0.8390
2026-09-10 05:41:24,044 - mmdet - INFO - Epoch [5][800/8725]	lr: 1.000e-03, eta: 7:18:09, time: 0.180, data_time: 0.010, memory: 13424, loss_cls: 0.4361, loss_bbox: 0.3988, loss_kps: 0.0000, loss: 0.8349
2026-09-10 05:41:32,781 - mmdet - INFO - Epoch [5][850/8725]	lr: 1.000e-03, eta: 7:17:57, time: 0.175, data_time: 0.010, memory: 13424, loss_cls: 0.4579, loss_bbox: 0.4108, loss_kps: 0.0000, loss: 0.8687
2026-09-10 05:41:41,524 - mmdet - INFO - Epoch [5][900/8725]	lr: 1.000e-03, eta: 7:17:45, time: 0.175, data_time: 0.010, memory: 13424, loss_cls: 0.4216, loss_bbox: 0.4143, loss_kps: 0.0000, loss: 0.8359
2026-09-10 05:41:50,308 - mmdet - INFO - Epoch [5][950/8725]	lr: 1.000e-03, eta: 7:17:33, time: 0.175, data_time: 0.009, memory: 13424, loss_cls: 0.4429, loss_bbox: 0.4108, loss_kps: 0.0000, loss: 0.8537
2026-09-10 05:41:58,964 - mmdet - INFO - Epoch [5][1000/8725]	lr: 1.000e-03, eta: 7:17:20, time: 0.173, data_time: 0.009, memory: 13424, loss_cls: 0.4423, loss_bbox: 0.3960, loss_kps: 0.0000, loss: 0.8383
2026-09-10 05:42:07,640 - mmdet - INFO - Epoch [5][1050/8725]	lr: 1.000e-03, eta: 7:17:08, time: 0.173, data_time: 0.009, memory: 13424, loss_cls: 0.4559, loss_bbox: 0.4344, loss_kps: 0.0000, loss: 0.8903
2026-09-10 05:42:16,324 - mmdet - INFO - Exp name: scrfd_armAA34.py
2026-09-10 05:42:16,325 - mmdet - INFO - Epoch [5][1100/8725]	lr: 1.000e-03, eta: 7:16:55, time: 0.174, data_time: 0.009, memory: 13424, loss_cls: 0.4494, loss_bbox: 0.4132, loss_kps: 0.0000, loss: 0.8626
2026-09-10 05:42:25,000 - mmdet - INFO - Epoch [5][1150/8725]	lr: 1.000e-03, eta: 7:16:43, time: 0.173, data_time: 0.010, memory: 13424, loss_cls: 0.4352, loss_bbox: 0.4214, loss_kps: 0.0000, loss: 0.8566
2026-09-10 05:42:33,759 - mmdet - INFO - Epoch [5][1200/8725]	lr: 1.000e-03, eta: 7:16:31, time: 0.175, data_time: 0.010, memory: 13424, loss_cls: 0.4415, loss_bbox: 0.4227, loss_kps: 0.0000, loss: 0.8642
2026-09-10 05:42:42,512 - mmdet - INFO - Epoch [5][1250/8725]	lr: 1.000e-03, eta: 7:16:18, time: 0.175, data_time: 0.009, memory: 13424, loss_cls: 0.4452, loss_bbox: 0.4000, loss_kps: 0.0000, loss: 0.8452
2026-09-10 05:42:51,143 - mmdet - INFO - Epoch [5][1300/8725]	lr: 1.000e-03, eta: 7:16:06, time: 0.173, data_time: 0.009, memory: 13424, loss_cls: 0.4426, loss_bbox: 0.4076, loss_kps: 0.0000, loss: 0.8502
2026-09-10 05:42:59,889 - mmdet - INFO - Epoch [5][1350/8725]	lr: 1.000e-03, eta: 7:15:54, time: 0.175, data_time: 0.009, memory: 13424, loss_cls: 0.4825, loss_bbox: 0.3997, loss_kps: 0.0000, loss: 0.8822
2026-09-10 05:43:08,652 - mmdet - INFO - Epoch [5][1400/8725]	lr: 1.000e-03, eta: 7:15:41, time: 0.175, data_time: 0.009, memory: 13424, loss_cls: 0.4389, loss_bbox: 0.4015, loss_kps: 0.0000, loss: 0.8404
2026-09-10 05:43:17,321 - mmdet - INFO - Epoch [5][1450/8725]	lr: 1.000e-03, eta: 7:15:29, time: 0.173, data_time: 0.009, memory: 13424, loss_cls: 0.3996, loss_bbox: 0.3799, loss_kps: 0.0000, loss: 0.7795
2026-09-10 05:43:26,078 - mmdet - INFO - Epoch [5][1500/8725]	lr: 1.000e-03, eta: 7:15:17, time: 0.175, data_time: 0.010, memory: 13424, loss_cls: 0.4376, loss_bbox: 0.4271, loss_kps: 0.0000, loss: 0.8647
2026-09-10 05:43:34,716 - mmdet - INFO - Epoch [5][1550/8725]	lr: 1.000e-03, eta: 7:15:04, time: 0.173, data_time: 0.009, memory: 13424, loss_cls: 0.4266, loss_bbox: 0.4179, loss_kps: 0.0000, loss: 0.8445
2026-09-10 05:43:43,492 - mmdet - INFO - Epoch [5][1600/8725]	lr: 1.000e-03, eta: 7:14:52, time: 0.176, data_time: 0.010, memory: 13424, loss_cls: 0.4050, loss_bbox: 0.3843, loss_kps: 0.0000, loss: 0.7893
2026-09-10 05:43:52,246 - mmdet - INFO - Epoch [5][1650/8725]	lr: 1.000e-03, eta: 7:14:40, time: 0.175, data_time: 0.009, memory: 13424, loss_cls: 0.4531, loss_bbox: 0.4054, loss_kps: 0.0000, loss: 0.8585
2026-09-10 05:44:00,982 - mmdet - INFO - Epoch [5][1700/8725]	lr: 1.000e-03, eta: 7:14:28, time: 0.175, data_time: 0.010, memory: 13424, loss_cls: 0.4413, loss_bbox: 0.4153, loss_kps: 0.0000, loss: 0.8565
2026-09-10 05:44:09,705 - mmdet - INFO - Epoch [5][1750/8725]	lr: 1.000e-03, eta: 7:14:16, time: 0.174, data_time: 0.010, memory: 13424, loss_cls: 0.4528, loss_bbox: 0.4071, loss_kps: 0.0000, loss: 0.8599
2026-09-10 05:44:18,397 - mmdet - INFO - Epoch [5][1800/8725]	lr: 1.000e-03, eta: 7:14:04, time: 0.174, data_time: 0.009, memory: 13424, loss_cls: 0.4427, loss_bbox: 0.3838, loss_kps: 0.0000, loss: 0.8265
2026-09-10 05:44:27,065 - mmdet - INFO - Epoch [5][1850/8725]	lr: 1.000e-03, eta: 7:13:51, time: 0.173, data_time: 0.009, memory: 13424, loss_cls: 0.4226, loss_bbox: 0.4039, loss_kps: 0.0000, loss: 0.8266
2026-09-10 05:44:35,799 - mmdet - INFO - Epoch [5][1900/8725]	lr: 1.000e-03, eta: 7:13:39, time: 0.175, data_time: 0.009, memory: 13424, loss_cls: 0.4463, loss_bbox: 0.4134, loss_kps: 0.0000, loss: 0.8597
2026-09-10 05:44:44,575 - mmdet - INFO - Epoch [5][1950/8725]	lr: 1.000e-03, eta: 7:13:27, time: 0.175, data_time: 0.010, memory: 13424, loss_cls: 0.4212, loss_bbox: 0.4011, loss_kps: 0.0000, loss: 0.8223
2026-09-10 05:44:53,360 - mmdet - INFO - Epoch [5][2000/8725]	lr: 1.000e-03, eta: 7:13:15, time: 0.176, data_time: 0.010, memory: 13424, loss_cls: 0.4241, loss_bbox: 0.3937, loss_kps: 0.0000, loss: 0.8178
2026-09-10 05:45:02,134 - mmdet - INFO - Epoch [5][2050/8725]	lr: 1.000e-03, eta: 7:13:03, time: 0.175, data_time: 0.010, memory: 13424, loss_cls: 0.4212, loss_bbox: 0.4164, loss_kps: 0.0000, loss: 0.8376
2026-09-10 05:45:10,834 - mmdet - INFO - Exp name: scrfd_armAA34.py
2026-09-10 05:45:10,834 - mmdet - INFO - Epoch [5][2100/8725]	lr: 1.000e-03, eta: 7:12:51, time: 0.174, data_time: 0.010, memory: 13424, loss_cls: 0.4682, loss_bbox: 0.4306, loss_kps: 0.0000, loss: 0.8988
2026-09-10 05:45:19,546 - mmdet - INFO - Epoch [5][2150/8725]	lr: 1.000e-03, eta: 7:12:39, time: 0.174, data_time: 0.010, memory: 13424, loss_cls: 0.4426, loss_bbox: 0.4101, loss_kps: 0.0000, loss: 0.8527
2026-09-10 05:45:28,297 - mmdet - INFO - Epoch [5][2200/8725]	lr: 1.000e-03, eta: 7:12:27, time: 0.175, data_time: 0.010, memory: 13424, loss_cls: 0.4322, loss_bbox: 0.4161, loss_kps: 0.0000, loss: 0.8483
2026-09-10 05:45:36,967 - mmdet - INFO - Epoch [5][2250/8725]	lr: 1.000e-03, eta: 7:12:14, time: 0.173, data_time: 0.010, memory: 13424, loss_cls: 0.4164, loss_bbox: 0.4060, loss_kps: 0.0000, loss: 0.8224
2026-09-10 05:45:45,613 - mmdet - INFO - Epoch [5][2300/8725]	lr: 1.000e-03, eta: 7:12:02, time: 0.173, data_time: 0.010, memory: 13424, loss_cls: 0.4405, loss_bbox: 0.4129, loss_kps: 0.0000, loss: 0.8534
2026-09-10 05:45:54,324 - mmdet - INFO - Epoch [5][2350/8725]	lr: 1.000e-03, eta: 7:11:50, time: 0.174, data_time: 0.010, memory: 13424, loss_cls: 0.4509, loss_bbox: 0.3728, loss_kps: 0.0000, loss: 0.8237
2026-09-10 05:46:02,971 - mmdet - INFO - Epoch [5][2400/8725]	lr: 1.000e-03, eta: 7:11:38, time: 0.173, data_time: 0.011, memory: 13424, loss_cls: 0.4453, loss_bbox: 0.3945, loss_kps: 0.0000, loss: 0.8399
2026-09-10 05:46:11,720 - mmdet - INFO - Epoch [5][2450/8725]	lr: 1.000e-03, eta: 7:11:26, time: 0.175, data_time: 0.011, memory: 13424, loss_cls: 0.4716, loss_bbox: 0.4060, loss_kps: 0.0000, loss: 0.8777
2026-09-10 05:46:20,552 - mmdet - INFO - Epoch [5][2500/8725]	lr: 1.000e-03, eta: 7:11:14, time: 0.177, data_time: 0.011, memory: 13424, loss_cls: 0.4408, loss_bbox: 0.4011, loss_kps: 0.0000, loss: 0.8419
2026-09-10 05:46:29,370 - mmdet - INFO - Epoch [5][2550/8725]	lr: 1.000e-03, eta: 7:11:02, time: 0.176, data_time: 0.010, memory: 13424, loss_cls: 0.4502, loss_bbox: 0.3948, loss_kps: 0.0000, loss: 0.8450
2026-09-10 05:46:38,129 - mmdet - INFO - Epoch [5][2600/8725]	lr: 1.000e-03, eta: 7:10:50, time: 0.175, data_time: 0.011, memory: 13424, loss_cls: 0.4319, loss_bbox: 0.4020, loss_kps: 0.0000, loss: 0.8339
2026-09-10 05:46:46,908 - mmdet - INFO - Epoch [5][2650/8725]	lr: 1.000e-03, eta: 7:10:39, time: 0.175, data_time: 0.010, memory: 13424, loss_cls: 0.4212, loss_bbox: 0.3988, loss_kps: 0.0000, loss: 0.8200
2026-09-10 05:46:55,623 - mmdet - INFO - Epoch [5][2700/8725]	lr: 1.000e-03, eta: 7:10:27, time: 0.174, data_time: 0.010, memory: 13424, loss_cls: 0.4405, loss_bbox: 0.4032, loss_kps: 0.0000, loss: 0.8437
2026-09-10 05:47:04,418 - mmdet - INFO - Epoch [5][2750/8725]	lr: 1.000e-03, eta: 7:10:15, time: 0.176, data_time: 0.010, memory: 13424, loss_cls: 0.4213, loss_bbox: 0.3881, loss_kps: 0.0000, loss: 0.8094
2026-09-10 05:47:13,151 - mmdet - INFO - Epoch [5][2800/8725]	lr: 1.000e-03, eta: 7:10:03, time: 0.175, data_time: 0.010, memory: 13424, loss_cls: 0.4255, loss_bbox: 0.3867, loss_kps: 0.0000, loss: 0.8122
2026-09-10 05:47:21,912 - mmdet - INFO - Epoch [5][2850/8725]	lr: 1.000e-03, eta: 7:09:51, time: 0.175, data_time: 0.011, memory: 13424, loss_cls: 0.4350, loss_bbox: 0.3987, loss_kps: 0.0000, loss: 0.8337
2026-09-10 05:47:30,765 - mmdet - INFO - Epoch [5][2900/8725]	lr: 1.000e-03, eta: 7:09:39, time: 0.177, data_time: 0.011, memory: 13424, loss_cls: 0.4341, loss_bbox: 0.4135, loss_kps: 0.0000, loss: 0.8477
2026-09-10 05:47:39,479 - mmdet - INFO - Epoch [5][2950/8725]	lr: 1.000e-03, eta: 7:09:27, time: 0.174, data_time: 0.010, memory: 13424, loss_cls: 0.4512, loss_bbox: 0.4069, loss_kps: 0.0000, loss: 0.8580
2026-09-10 05:47:48,227 - mmdet - INFO - Epoch [5][3000/8725]	lr: 1.000e-03, eta: 7:09:16, time: 0.175, data_time: 0.010, memory: 13424, loss_cls: 0.4553, loss_bbox: 0.3973, loss_kps: 0.0000, loss: 0.8526
2026-09-10 05:47:56,942 - mmdet - INFO - Epoch [5][3050/8725]	lr: 1.000e-03, eta: 7:09:04, time: 0.174, data_time: 0.009, memory: 13424, loss_cls: 0.4792, loss_bbox: 0.4173, loss_kps: 0.0000, loss: 0.8965
2026-09-10 05:48:05,803 - mmdet - INFO - Exp name: scrfd_armAA34.py
2026-09-10 05:48:05,803 - mmdet - INFO - Epoch [5][3100/8725]	lr: 1.000e-03, eta: 7:08:52, time: 0.177, data_time: 0.010, memory: 13424, loss_cls: 0.4460, loss_bbox: 0.4179, loss_kps: 0.0000, loss: 0.8638
2026-09-10 05:48:14,520 - mmdet - INFO - Epoch [5][3150/8725]	lr: 1.000e-03, eta: 7:08:40, time: 0.174, data_time: 0.010, memory: 13424, loss_cls: 0.4241, loss_bbox: 0.3940, loss_kps: 0.0000, loss: 0.8181
2026-09-10 05:48:23,208 - mmdet - INFO - Epoch [5][3200/8725]	lr: 1.000e-03, eta: 7:08:28, time: 0.174, data_time: 0.009, memory: 13424, loss_cls: 0.4276, loss_bbox: 0.4092, loss_kps: 0.0000, loss: 0.8368
2026-09-10 05:48:31,990 - mmdet - INFO - Epoch [5][3250/8725]	lr: 1.000e-03, eta: 7:08:16, time: 0.176, data_time: 0.011, memory: 13424, loss_cls: 0.4611, loss_bbox: 0.4051, loss_kps: 0.0000, loss: 0.8662
2026-09-10 05:48:40,718 - mmdet - INFO - Epoch [5][3300/8725]	lr: 1.000e-03, eta: 7:08:04, time: 0.175, data_time: 0.010, memory: 13424, loss_cls: 0.4488, loss_bbox: 0.4156, loss_kps: 0.0000, loss: 0.8644
2026-09-10 05:48:49,440 - mmdet - INFO - Epoch [5][3350/8725]	lr: 1.000e-03, eta: 7:07:52, time: 0.174, data_time: 0.010, memory: 13424, loss_cls: 0.4235, loss_bbox: 0.3985, loss_kps: 0.0000, loss: 0.8219
2026-09-10 05:48:58,229 - mmdet - INFO - Epoch [5][3400/8725]	lr: 1.000e-03, eta: 7:07:41, time: 0.176, data_time: 0.010, memory: 13424, loss_cls: 0.4746, loss_bbox: 0.4233, loss_kps: 0.0000, loss: 0.8979
2026-09-10 05:49:06,929 - mmdet - INFO - Epoch [5][3450/8725]	lr: 1.000e-03, eta: 7:07:29, time: 0.174, data_time: 0.010, memory: 13424, loss_cls: 0.4336, loss_bbox: 0.4044, loss_kps: 0.0000, loss: 0.8380
2026-09-10 05:49:16,063 - mmdet - INFO - Epoch [5][3500/8725]	lr: 1.000e-03, eta: 7:07:18, time: 0.182, data_time: 0.010, memory: 13424, loss_cls: 0.4194, loss_bbox: 0.3971, loss_kps: 0.0000, loss: 0.8164
2026-09-10 05:49:24,924 - mmdet - INFO - Epoch [5][3550/8725]	lr: 1.000e-03, eta: 7:07:07, time: 0.178, data_time: 0.010, memory: 13424, loss_cls: 0.4571, loss_bbox: 0.3992, loss_kps: 0.0000, loss: 0.8563
2026-09-10 05:49:33,773 - mmdet - INFO - Epoch [5][3600/8725]	lr: 1.000e-03, eta: 7:06:56, time: 0.177, data_time: 0.010, memory: 13424, loss_cls: 0.4542, loss_bbox: 0.4131, loss_kps: 0.0000, loss: 0.8673
2026-09-10 05:49:42,513 - mmdet - INFO - Epoch [5][3650/8725]	lr: 1.000e-03, eta: 7:06:44, time: 0.175, data_time: 0.010, memory: 13424, loss_cls: 0.4058, loss_bbox: 0.3897, loss_kps: 0.0000, loss: 0.7954
2026-09-10 05:49:51,210 - mmdet - INFO - Epoch [5][3700/8725]	lr: 1.000e-03, eta: 7:06:32, time: 0.174, data_time: 0.010, memory: 13424, loss_cls: 0.4172, loss_bbox: 0.3977, loss_kps: 0.0000, loss: 0.8149
2026-09-10 05:49:59,979 - mmdet - INFO - Epoch [5][3750/8725]	lr: 1.000e-03, eta: 7:06:20, time: 0.175, data_time: 0.010, memory: 13424, loss_cls: 0.4115, loss_bbox: 0.4206, loss_kps: 0.0000, loss: 0.8321
2026-09-10 05:50:08,668 - mmdet - INFO - Epoch [5][3800/8725]	lr: 1.000e-03, eta: 7:06:08, time: 0.174, data_time: 0.010, memory: 13424, loss_cls: 0.4389, loss_bbox: 0.4229, loss_kps: 0.0000, loss: 0.8618
2026-09-10 05:50:17,390 - mmdet - INFO - Epoch [5][3850/8725]	lr: 1.000e-03, eta: 7:05:56, time: 0.174, data_time: 0.010, memory: 13424, loss_cls: 0.4356, loss_bbox: 0.4136, loss_kps: 0.0000, loss: 0.8492
2026-09-10 05:50:26,518 - mmdet - INFO - Epoch [5][3900/8725]	lr: 1.000e-03, eta: 7:05:46, time: 0.183, data_time: 0.010, memory: 13424, loss_cls: 0.4265, loss_bbox: 0.4030, loss_kps: 0.0000, loss: 0.8295
2026-09-10 05:50:35,227 - mmdet - INFO - Epoch [5][3950/8725]	lr: 1.000e-03, eta: 7:05:34, time: 0.174, data_time: 0.010, memory: 13424, loss_cls: 0.4091, loss_bbox: 0.3843, loss_kps: 0.0000, loss: 0.7934
2026-09-10 05:50:43,967 - mmdet - INFO - Epoch [5][4000/8725]	lr: 1.000e-03, eta: 7:05:22, time: 0.175, data_time: 0.010, memory: 13424, loss_cls: 0.4619, loss_bbox: 0.4120, loss_kps: 0.0000, loss: 0.8739
2026-09-10 05:50:52,783 - mmdet - INFO - Epoch [5][4050/8725]	lr: 1.000e-03, eta: 7:05:11, time: 0.176, data_time: 0.010, memory: 13424, loss_cls: 0.4629, loss_bbox: 0.3935, loss_kps: 0.0000, loss: 0.8564
2026-09-10 05:51:01,629 - mmdet - INFO - Exp name: scrfd_armAA34.py
2026-09-10 05:51:01,629 - mmdet - INFO - Epoch [5][4100/8725]	lr: 1.000e-03, eta: 7:04:59, time: 0.177, data_time: 0.009, memory: 13424, loss_cls: 0.4447, loss_bbox: 0.4116, loss_kps: 0.0000, loss: 0.8564
2026-09-10 05:51:10,265 - mmdet - INFO - Epoch [5][4150/8725]	lr: 1.000e-03, eta: 7:04:47, time: 0.173, data_time: 0.009, memory: 13424, loss_cls: 0.4617, loss_bbox: 0.4272, loss_kps: 0.0000, loss: 0.8889
2026-09-10 05:51:18,964 - mmdet - INFO - Epoch [5][4200/8725]	lr: 1.000e-03, eta: 7:04:35, time: 0.174, data_time: 0.010, memory: 13424, loss_cls: 0.4147, loss_bbox: 0.4195, loss_kps: 0.0000, loss: 0.8342
2026-09-10 05:51:27,611 - mmdet - INFO - Epoch [5][4250/8725]	lr: 1.000e-03, eta: 7:04:23, time: 0.173, data_time: 0.011, memory: 13424, loss_cls: 0.4125, loss_bbox: 0.3996, loss_kps: 0.0000, loss: 0.8121
2026-09-10 05:51:36,211 - mmdet - INFO - Epoch [5][4300/8725]	lr: 1.000e-03, eta: 7:04:11, time: 0.172, data_time: 0.010, memory: 13424, loss_cls: 0.4798, loss_bbox: 0.4187, loss_kps: 0.0000, loss: 0.8984
2026-09-10 05:51:44,878 - mmdet - INFO - Epoch [5][4350/8725]	lr: 1.000e-03, eta: 7:03:59, time: 0.173, data_time: 0.009, memory: 13424, loss_cls: 0.4273, loss_bbox: 0.3977, loss_kps: 0.0000, loss: 0.8250
2026-09-10 05:51:53,588 - mmdet - INFO - Epoch [5][4400/8725]	lr: 1.000e-03, eta: 7:03:47, time: 0.174, data_time: 0.009, memory: 13424, loss_cls: 0.4871, loss_bbox: 0.4053, loss_kps: 0.0000, loss: 0.8924
2026-09-10 05:52:02,282 - mmdet - INFO - Epoch [5][4450/8725]	lr: 1.000e-03, eta: 7:03:36, time: 0.174, data_time: 0.009, memory: 13424, loss_cls: 0.4633, loss_bbox: 0.4067, loss_kps: 0.0000, loss: 0.8700
2026-09-10 05:52:10,978 - mmdet - INFO - Epoch [5][4500/8725]	lr: 1.000e-03, eta: 7:03:24, time: 0.174, data_time: 0.010, memory: 13424, loss_cls: 0.4902, loss_bbox: 0.3923, loss_kps: 0.0000, loss: 0.8825
2026-09-10 05:52:19,670 - mmdet - INFO - Epoch [5][4550/8725]	lr: 1.000e-03, eta: 7:03:12, time: 0.174, data_time: 0.010, memory: 13424, loss_cls: 0.4443, loss_bbox: 0.3896, loss_kps: 0.0000, loss: 0.8339
2026-09-10 05:52:28,344 - mmdet - INFO - Epoch [5][4600/8725]	lr: 1.000e-03, eta: 7:03:00, time: 0.174, data_time: 0.010, memory: 13424, loss_cls: 0.4064, loss_bbox: 0.3685, loss_kps: 0.0000, loss: 0.7748
2026-09-10 05:52:37,075 - mmdet - INFO - Epoch [5][4650/8725]	lr: 1.000e-03, eta: 7:02:48, time: 0.175, data_time: 0.010, memory: 13424, loss_cls: 0.4154, loss_bbox: 0.3939, loss_kps: 0.0000, loss: 0.8093
2026-09-10 05:52:45,727 - mmdet - INFO - Epoch [5][4700/8725]	lr: 1.000e-03, eta: 7:02:36, time: 0.173, data_time: 0.010, memory: 13424, loss_cls: 0.4125, loss_bbox: 0.4003, loss_kps: 0.0000, loss: 0.8128
2026-09-10 05:52:54,353 - mmdet - INFO - Epoch [5][4750/8725]	lr: 1.000e-03, eta: 7:02:24, time: 0.172, data_time: 0.009, memory: 13424, loss_cls: 0.4105, loss_bbox: 0.3834, loss_kps: 0.0000, loss: 0.7939
2026-09-10 05:53:03,104 - mmdet - INFO - Epoch [5][4800/8725]	lr: 1.000e-03, eta: 7:02:13, time: 0.175, data_time: 0.009, memory: 13424, loss_cls: 0.4297, loss_bbox: 0.4209, loss_kps: 0.0000, loss: 0.8506
2026-09-10 05:53:11,760 - mmdet - INFO - Epoch [5][4850/8725]	lr: 1.000e-03, eta: 7:02:01, time: 0.173, data_time: 0.009, memory: 13424, loss_cls: 0.4597, loss_bbox: 0.4171, loss_kps: 0.0000, loss: 0.8768
2026-09-10 05:53:20,474 - mmdet - INFO - Epoch [5][4900/8725]	lr: 1.000e-03, eta: 7:01:49, time: 0.174, data_time: 0.010, memory: 13424, loss_cls: 0.4404, loss_bbox: 0.4095, loss_kps: 0.0000, loss: 0.8499
2026-09-10 05:53:29,164 - mmdet - INFO - Epoch [5][4950/8725]	lr: 1.000e-03, eta: 7:01:37, time: 0.174, data_time: 0.009, memory: 13424, loss_cls: 0.4225, loss_bbox: 0.3908, loss_kps: 0.0000, loss: 0.8133
2026-09-10 05:53:37,854 - mmdet - INFO - Epoch [5][5000/8725]	lr: 1.000e-03, eta: 7:01:26, time: 0.174, data_time: 0.010, memory: 13424, loss_cls: 0.4299, loss_bbox: 0.3947, loss_kps: 0.0000, loss: 0.8246
2026-09-10 05:53:46,658 - mmdet - INFO - Epoch [5][5050/8725]	lr: 1.000e-03, eta: 7:01:14, time: 0.176, data_time: 0.010, memory: 13424, loss_cls: 0.4452, loss_bbox: 0.4124, loss_kps: 0.0000, loss: 0.8577
2026-09-10 05:53:55,374 - mmdet - INFO - Exp name: scrfd_armAA34.py
2026-09-10 05:53:55,374 - mmdet - INFO - Epoch [5][5100/8725]	lr: 1.000e-03, eta: 7:01:03, time: 0.174, data_time: 0.010, memory: 13424, loss_cls: 0.4419, loss_bbox: 0.4022, loss_kps: 0.0000, loss: 0.8441
2026-09-10 05:54:04,033 - mmdet - INFO - Epoch [5][5150/8725]	lr: 1.000e-03, eta: 7:00:51, time: 0.173, data_time: 0.009, memory: 13424, loss_cls: 0.4692, loss_bbox: 0.4222, loss_kps: 0.0000, loss: 0.8914
2026-09-10 05:54:12,745 - mmdet - INFO - Epoch [5][5200/8725]	lr: 1.000e-03, eta: 7:00:39, time: 0.174, data_time: 0.010, memory: 13424, loss_cls: 0.4210, loss_bbox: 0.3835, loss_kps: 0.0000, loss: 0.8045
2026-09-10 05:54:21,521 - mmdet - INFO - Epoch [5][5250/8725]	lr: 1.000e-03, eta: 7:00:28, time: 0.175, data_time: 0.009, memory: 13424, loss_cls: 0.4513, loss_bbox: 0.3974, loss_kps: 0.0000, loss: 0.8487
2026-09-10 05:54:30,199 - mmdet - INFO - Epoch [5][5300/8725]	lr: 1.000e-03, eta: 7:00:16, time: 0.174, data_time: 0.010, memory: 13424, loss_cls: 0.4450, loss_bbox: 0.4103, loss_kps: 0.0000, loss: 0.8554
2026-09-10 05:54:38,937 - mmdet - INFO - Epoch [5][5350/8725]	lr: 1.000e-03, eta: 7:00:04, time: 0.175, data_time: 0.010, memory: 13424, loss_cls: 0.4264, loss_bbox: 0.3923, loss_kps: 0.0000, loss: 0.8187
2026-09-10 05:54:47,632 - mmdet - INFO - Epoch [5][5400/8725]	lr: 1.000e-03, eta: 6:59:53, time: 0.174, data_time: 0.009, memory: 13424, loss_cls: 0.4232, loss_bbox: 0.3907, loss_kps: 0.0000, loss: 0.8139
2026-09-10 05:54:56,306 - mmdet - INFO - Epoch [5][5450/8725]	lr: 1.000e-03, eta: 6:59:41, time: 0.173, data_time: 0.009, memory: 13424, loss_cls: 0.4030, loss_bbox: 0.3735, loss_kps: 0.0000, loss: 0.7765
2026-09-10 05:55:05,080 - mmdet - INFO - Epoch [5][5500/8725]	lr: 1.000e-03, eta: 6:59:29, time: 0.176, data_time: 0.010, memory: 13424, loss_cls: 0.4517, loss_bbox: 0.4219, loss_kps: 0.0000, loss: 0.8737
2026-09-10 05:55:13,825 - mmdet - INFO - Epoch [5][5550/8725]	lr: 1.000e-03, eta: 6:59:18, time: 0.175, data_time: 0.009, memory: 13424, loss_cls: 0.4068, loss_bbox: 0.3885, loss_kps: 0.0000, loss: 0.7952
2026-09-10 05:55:22,537 - mmdet - INFO - Epoch [5][5600/8725]	lr: 1.000e-03, eta: 6:59:06, time: 0.174, data_time: 0.010, memory: 13424, loss_cls: 0.3911, loss_bbox: 0.4048, loss_kps: 0.0000, loss: 0.7960
2026-09-10 05:55:31,331 - mmdet - INFO - Epoch [5][5650/8725]	lr: 1.000e-03, eta: 6:58:55, time: 0.176, data_time: 0.010, memory: 13424, loss_cls: 0.4721, loss_bbox: 0.4202, loss_kps: 0.0000, loss: 0.8923
2026-09-10 05:55:40,072 - mmdet - INFO - Epoch [5][5700/8725]	lr: 1.000e-03, eta: 6:58:44, time: 0.175, data_time: 0.010, memory: 13424, loss_cls: 0.4494, loss_bbox: 0.4096, loss_kps: 0.0000, loss: 0.8590
2026-09-10 05:55:48,816 - mmdet - INFO - Epoch [5][5750/8725]	lr: 1.000e-03, eta: 6:58:32, time: 0.175, data_time: 0.010, memory: 13424, loss_cls: 0.4431, loss_bbox: 0.4136, loss_kps: 0.0000, loss: 0.8567
2026-09-10 05:55:57,497 - mmdet - INFO - Epoch [5][5800/8725]	lr: 1.000e-03, eta: 6:58:20, time: 0.174, data_time: 0.009, memory: 13424, loss_cls: 0.4504, loss_bbox: 0.4301, loss_kps: 0.0000, loss: 0.8805
2026-09-10 05:56:06,206 - mmdet - INFO - Epoch [5][5850/8725]	lr: 1.000e-03, eta: 6:58:09, time: 0.174, data_time: 0.009, memory: 13424, loss_cls: 0.4409, loss_bbox: 0.4055, loss_kps: 0.0000, loss: 0.8464
2026-09-10 05:56:14,921 - mmdet - INFO - Epoch [5][5900/8725]	lr: 1.000e-03, eta: 6:57:57, time: 0.174, data_time: 0.009, memory: 13424, loss_cls: 0.4013, loss_bbox: 0.3774, loss_kps: 0.0000, loss: 0.7787
2026-09-10 05:56:23,662 - mmdet - INFO - Epoch [5][5950/8725]	lr: 1.000e-03, eta: 6:57:46, time: 0.175, data_time: 0.010, memory: 13424, loss_cls: 0.4465, loss_bbox: 0.4148, loss_kps: 0.0000, loss: 0.8614
2026-09-10 05:56:32,393 - mmdet - INFO - Epoch [5][6000/8725]	lr: 1.000e-03, eta: 6:57:34, time: 0.175, data_time: 0.010, memory: 13424, loss_cls: 0.4168, loss_bbox: 0.4181, loss_kps: 0.0000, loss: 0.8349
2026-09-10 05:56:41,176 - mmdet - INFO - Epoch [5][6050/8725]	lr: 1.000e-03, eta: 6:57:23, time: 0.176, data_time: 0.010, memory: 13424, loss_cls: 0.4511, loss_bbox: 0.3988, loss_kps: 0.0000, loss: 0.8499
2026-09-10 05:56:49,897 - mmdet - INFO - Exp name: scrfd_armAA34.py
2026-09-10 05:56:49,897 - mmdet - INFO - Epoch [5][6100/8725]	lr: 1.000e-03, eta: 6:57:11, time: 0.174, data_time: 0.010, memory: 13424, loss_cls: 0.4238, loss_bbox: 0.3815, loss_kps: 0.0000, loss: 0.8053
2026-09-10 05:56:58,598 - mmdet - INFO - Epoch [5][6150/8725]	lr: 1.000e-03, eta: 6:57:00, time: 0.174, data_time: 0.010, memory: 13424, loss_cls: 0.4550, loss_bbox: 0.3963, loss_kps: 0.0000, loss: 0.8513
2026-09-10 05:57:07,299 - mmdet - INFO - Epoch [5][6200/8725]	lr: 1.000e-03, eta: 6:56:48, time: 0.174, data_time: 0.010, memory: 13424, loss_cls: 0.4277, loss_bbox: 0.3944, loss_kps: 0.0000, loss: 0.8221
2026-09-10 05:57:15,984 - mmdet - INFO - Epoch [5][6250/8725]	lr: 1.000e-03, eta: 6:56:37, time: 0.174, data_time: 0.010, memory: 13424, loss_cls: 0.4191, loss_bbox: 0.3971, loss_kps: 0.0000, loss: 0.8162
2026-09-10 05:57:24,828 - mmdet - INFO - Epoch [5][6300/8725]	lr: 1.000e-03, eta: 6:56:26, time: 0.177, data_time: 0.010, memory: 13424, loss_cls: 0.4336, loss_bbox: 0.3998, loss_kps: 0.0000, loss: 0.8334
2026-09-10 05:57:33,553 - mmdet - INFO - Epoch [5][6350/8725]	lr: 1.000e-03, eta: 6:56:14, time: 0.174, data_time: 0.010, memory: 13424, loss_cls: 0.4257, loss_bbox: 0.4029, loss_kps: 0.0000, loss: 0.8286
2026-09-10 05:57:42,608 - mmdet - INFO - Epoch [5][6400/8725]	lr: 1.000e-03, eta: 6:56:04, time: 0.181, data_time: 0.009, memory: 13424, loss_cls: 0.4142, loss_bbox: 0.4094, loss_kps: 0.0000, loss: 0.8237
2026-09-10 05:57:51,445 - mmdet - INFO - Epoch [5][6450/8725]	lr: 1.000e-03, eta: 6:55:53, time: 0.177, data_time: 0.010, memory: 13424, loss_cls: 0.4199, loss_bbox: 0.3939, loss_kps: 0.0000, loss: 0.8138
2026-09-10 05:58:00,165 - mmdet - INFO - Epoch [5][6500/8725]	lr: 1.000e-03, eta: 6:55:41, time: 0.174, data_time: 0.010, memory: 13424, loss_cls: 0.4034, loss_bbox: 0.4021, loss_kps: 0.0000, loss: 0.8056
2026-09-10 05:58:08,845 - mmdet - INFO - Epoch [5][6550/8725]	lr: 1.000e-03, eta: 6:55:30, time: 0.173, data_time: 0.010, memory: 13424, loss_cls: 0.4426, loss_bbox: 0.4195, loss_kps: 0.0000, loss: 0.8621
2026-09-10 05:58:17,523 - mmdet - INFO - Epoch [5][6600/8725]	lr: 1.000e-03, eta: 6:55:18, time: 0.174, data_time: 0.009, memory: 13424, loss_cls: 0.4258, loss_bbox: 0.3949, loss_kps: 0.0000, loss: 0.8207
2026-09-10 05:58:26,244 - mmdet - INFO - Epoch [5][6650/8725]	lr: 1.000e-03, eta: 6:55:07, time: 0.174, data_time: 0.009, memory: 13424, loss_cls: 0.4617, loss_bbox: 0.4202, loss_kps: 0.0000, loss: 0.8819
2026-09-10 05:58:34,958 - mmdet - INFO - Epoch [5][6700/8725]	lr: 1.000e-03, eta: 6:54:55, time: 0.174, data_time: 0.010, memory: 13424, loss_cls: 0.4339, loss_bbox: 0.4105, loss_kps: 0.0000, loss: 0.8444
2026-09-10 05:58:44,040 - mmdet - INFO - Epoch [5][6750/8725]	lr: 1.000e-03, eta: 6:54:45, time: 0.182, data_time: 0.010, memory: 13424, loss_cls: 0.4257, loss_bbox: 0.4004, loss_kps: 0.0000, loss: 0.8261
2026-09-10 05:58:52,703 - mmdet - INFO - Epoch [5][6800/8725]	lr: 1.000e-03, eta: 6:54:33, time: 0.173, data_time: 0.010, memory: 13424, loss_cls: 0.4365, loss_bbox: 0.4017, loss_kps: 0.0000, loss: 0.8382
2026-09-10 05:59:01,364 - mmdet - INFO - Epoch [5][6850/8725]	lr: 1.000e-03, eta: 6:54:22, time: 0.173, data_time: 0.010, memory: 13424, loss_cls: 0.4326, loss_bbox: 0.4305, loss_kps: 0.0000, loss: 0.8631
2026-09-10 05:59:10,083 - mmdet - INFO - Epoch [5][6900/8725]	lr: 1.000e-03, eta: 6:54:10, time: 0.174, data_time: 0.010, memory: 13424, loss_cls: 0.4620, loss_bbox: 0.4301, loss_kps: 0.0000, loss: 0.8920
2026-09-10 05:59:18,787 - mmdet - INFO - Epoch [5][6950/8725]	lr: 1.000e-03, eta: 6:53:59, time: 0.174, data_time: 0.010, memory: 13424, loss_cls: 0.4111, loss_bbox: 0.4063, loss_kps: 0.0000, loss: 0.8174
2026-09-10 05:59:27,501 - mmdet - INFO - Epoch [5][7000/8725]	lr: 1.000e-03, eta: 6:53:47, time: 0.174, data_time: 0.010, memory: 13424, loss_cls: 0.4570, loss_bbox: 0.4136, loss_kps: 0.0000, loss: 0.8707
2026-09-10 05:59:36,249 - mmdet - INFO - Epoch [5][7050/8725]	lr: 1.000e-03, eta: 6:53:36, time: 0.175, data_time: 0.010, memory: 13424, loss_cls: 0.3945, loss_bbox: 0.3845, loss_kps: 0.0000, loss: 0.7790
2026-09-10 05:59:44,964 - mmdet - INFO - Exp name: scrfd_armAA34.py
2026-09-10 05:59:44,965 - mmdet - INFO - Epoch [5][7100/8725]	lr: 1.000e-03, eta: 6:53:25, time: 0.174, data_time: 0.010, memory: 13424, loss_cls: 0.4174, loss_bbox: 0.4170, loss_kps: 0.0000, loss: 0.8344
2026-09-10 05:59:53,711 - mmdet - INFO - Epoch [5][7150/8725]	lr: 1.000e-03, eta: 6:53:13, time: 0.175, data_time: 0.010, memory: 13424, loss_cls: 0.4263, loss_bbox: 0.4171, loss_kps: 0.0000, loss: 0.8434
2026-09-10 06:00:02,506 - mmdet - INFO - Epoch [5][7200/8725]	lr: 1.000e-03, eta: 6:53:02, time: 0.176, data_time: 0.010, memory: 13424, loss_cls: 0.4202, loss_bbox: 0.3935, loss_kps: 0.0000, loss: 0.8138
2026-09-10 06:00:11,227 - mmdet - INFO - Epoch [5][7250/8725]	lr: 1.000e-03, eta: 6:52:51, time: 0.174, data_time: 0.009, memory: 13424, loss_cls: 0.3999, loss_bbox: 0.4089, loss_kps: 0.0000, loss: 0.8088
2026-09-10 06:00:19,992 - mmdet - INFO - Epoch [5][7300/8725]	lr: 1.000e-03, eta: 6:52:40, time: 0.175, data_time: 0.010, memory: 13424, loss_cls: 0.4228, loss_bbox: 0.4036, loss_kps: 0.0000, loss: 0.8264
2026-09-10 06:00:28,683 - mmdet - INFO - Epoch [5][7350/8725]	lr: 1.000e-03, eta: 6:52:28, time: 0.174, data_time: 0.010, memory: 13424, loss_cls: 0.4568, loss_bbox: 0.4091, loss_kps: 0.0000, loss: 0.8659
2026-09-10 06:00:37,339 - mmdet - INFO - Epoch [5][7400/8725]	lr: 1.000e-03, eta: 6:52:17, time: 0.173, data_time: 0.010, memory: 13424, loss_cls: 0.4279, loss_bbox: 0.4277, loss_kps: 0.0000, loss: 0.8556
2026-09-10 06:00:46,082 - mmdet - INFO - Epoch [5][7450/8725]	lr: 1.000e-03, eta: 6:52:05, time: 0.175, data_time: 0.010, memory: 13424, loss_cls: 0.4354, loss_bbox: 0.4105, loss_kps: 0.0000, loss: 0.8460
2026-09-10 06:00:54,788 - mmdet - INFO - Epoch [5][7500/8725]	lr: 1.000e-03, eta: 6:51:54, time: 0.174, data_time: 0.010, memory: 13424, loss_cls: 0.4273, loss_bbox: 0.4044, loss_kps: 0.0000, loss: 0.8316
2026-09-10 06:01:03,561 - mmdet - INFO - Epoch [5][7550/8725]	lr: 1.000e-03, eta: 6:51:43, time: 0.175, data_time: 0.010, memory: 13424, loss_cls: 0.4534, loss_bbox: 0.4275, loss_kps: 0.0000, loss: 0.8810
2026-09-10 06:01:12,362 - mmdet - INFO - Epoch [5][7600/8725]	lr: 1.000e-03, eta: 6:51:32, time: 0.176, data_time: 0.010, memory: 13424, loss_cls: 0.4376, loss_bbox: 0.4236, loss_kps: 0.0000, loss: 0.8612
2026-09-10 06:01:21,107 - mmdet - INFO - Epoch [5][7650/8725]	lr: 1.000e-03, eta: 6:51:21, time: 0.175, data_time: 0.010, memory: 13424, loss_cls: 0.4535, loss_bbox: 0.3811, loss_kps: 0.0000, loss: 0.8346
2026-09-10 06:01:29,789 - mmdet - INFO - Epoch [5][7700/8725]	lr: 1.000e-03, eta: 6:51:09, time: 0.174, data_time: 0.010, memory: 13424, loss_cls: 0.4217, loss_bbox: 0.4058, loss_kps: 0.0000, loss: 0.8274
2026-09-10 06:01:38,515 - mmdet - INFO - Epoch [5][7750/8725]	lr: 1.000e-03, eta: 6:50:58, time: 0.174, data_time: 0.010, memory: 13424, loss_cls: 0.4124, loss_bbox: 0.3970, loss_kps: 0.0000, loss: 0.8094
2026-09-10 06:01:47,212 - mmdet - INFO - Epoch [5][7800/8725]	lr: 1.000e-03, eta: 6:50:46, time: 0.174, data_time: 0.010, memory: 13424, loss_cls: 0.4269, loss_bbox: 0.4081, loss_kps: 0.0000, loss: 0.8350
2026-09-10 06:01:55,902 - mmdet - INFO - Epoch [5][7850/8725]	lr: 1.000e-03, eta: 6:50:35, time: 0.174, data_time: 0.011, memory: 13424, loss_cls: 0.4328, loss_bbox: 0.4062, loss_kps: 0.0000, loss: 0.8390
2026-09-10 06:02:04,597 - mmdet - INFO - Epoch [5][7900/8725]	lr: 1.000e-03, eta: 6:50:24, time: 0.174, data_time: 0.010, memory: 13424, loss_cls: 0.4150, loss_bbox: 0.4082, loss_kps: 0.0000, loss: 0.8231
2026-09-10 06:02:13,287 - mmdet - INFO - Epoch [5][7950/8725]	lr: 1.000e-03, eta: 6:50:12, time: 0.174, data_time: 0.009, memory: 13424, loss_cls: 0.4490, loss_bbox: 0.4053, loss_kps: 0.0000, loss: 0.8543
2026-09-10 06:02:21,982 - mmdet - INFO - Epoch [5][8000/8725]	lr: 1.000e-03, eta: 6:50:01, time: 0.174, data_time: 0.010, memory: 13424, loss_cls: 0.4083, loss_bbox: 0.4075, loss_kps: 0.0000, loss: 0.8158
2026-09-10 06:02:30,755 - mmdet - INFO - Epoch [5][8050/8725]	lr: 1.000e-03, eta: 6:49:50, time: 0.175, data_time: 0.009, memory: 13424, loss_cls: 0.4209, loss_bbox: 0.3755, loss_kps: 0.0000, loss: 0.7964
2026-09-10 06:02:39,530 - mmdet - INFO - Exp name: scrfd_armAA34.py
2026-09-10 06:02:39,531 - mmdet - INFO - Epoch [5][8100/8725]	lr: 1.000e-03, eta: 6:49:39, time: 0.176, data_time: 0.010, memory: 13424, loss_cls: 0.4473, loss_bbox: 0.4013, loss_kps: 0.0000, loss: 0.8486
2026-09-10 06:02:48,246 - mmdet - INFO - Epoch [5][8150/8725]	lr: 1.000e-03, eta: 6:49:28, time: 0.174, data_time: 0.009, memory: 13424, loss_cls: 0.4457, loss_bbox: 0.3951, loss_kps: 0.0000, loss: 0.8408
2026-09-10 06:02:56,970 - mmdet - INFO - Epoch [5][8200/8725]	lr: 1.000e-03, eta: 6:49:16, time: 0.175, data_time: 0.010, memory: 13424, loss_cls: 0.4578, loss_bbox: 0.4057, loss_kps: 0.0000, loss: 0.8635
2026-09-10 06:03:05,784 - mmdet - INFO - Epoch [5][8250/8725]	lr: 1.000e-03, eta: 6:49:05, time: 0.176, data_time: 0.010, memory: 13424, loss_cls: 0.4423, loss_bbox: 0.4043, loss_kps: 0.0000, loss: 0.8466
2026-09-10 06:03:14,599 - mmdet - INFO - Epoch [5][8300/8725]	lr: 1.000e-03, eta: 6:48:54, time: 0.176, data_time: 0.010, memory: 13424, loss_cls: 0.4525, loss_bbox: 0.4014, loss_kps: 0.0000, loss: 0.8539
2026-09-10 06:03:23,324 - mmdet - INFO - Epoch [5][8350/8725]	lr: 1.000e-03, eta: 6:48:43, time: 0.174, data_time: 0.010, memory: 13424, loss_cls: 0.4121, loss_bbox: 0.3905, loss_kps: 0.0000, loss: 0.8026
2026-09-10 06:03:32,135 - mmdet - INFO - Epoch [5][8400/8725]	lr: 1.000e-03, eta: 6:48:32, time: 0.176, data_time: 0.010, memory: 13424, loss_cls: 0.4573, loss_bbox: 0.4081, loss_kps: 0.0000, loss: 0.8655
2026-09-10 06:03:40,894 - mmdet - INFO - Epoch [5][8450/8725]	lr: 1.000e-03, eta: 6:48:21, time: 0.175, data_time: 0.009, memory: 13424, loss_cls: 0.4328, loss_bbox: 0.3998, loss_kps: 0.0000, loss: 0.8325
2026-09-10 06:03:49,636 - mmdet - INFO - Epoch [5][8500/8725]	lr: 1.000e-03, eta: 6:48:10, time: 0.175, data_time: 0.009, memory: 13424, loss_cls: 0.4367, loss_bbox: 0.4023, loss_kps: 0.0000, loss: 0.8390
2026-09-10 06:03:58,416 - mmdet - INFO - Epoch [5][8550/8725]	lr: 1.000e-03, eta: 6:47:59, time: 0.176, data_time: 0.010, memory: 13424, loss_cls: 0.4508, loss_bbox: 0.3915, loss_kps: 0.0000, loss: 0.8423
2026-09-10 06:04:07,129 - mmdet - INFO - Epoch [5][8600/8725]	lr: 1.000e-03, eta: 6:47:48, time: 0.174, data_time: 0.010, memory: 13424, loss_cls: 0.4035, loss_bbox: 0.4094, loss_kps: 0.0000, loss: 0.8129
2026-09-10 06:04:15,872 - mmdet - INFO - Epoch [5][8650/8725]	lr: 1.000e-03, eta: 6:47:37, time: 0.175, data_time: 0.009, memory: 13424, loss_cls: 0.4136, loss_bbox: 0.3939, loss_kps: 0.0000, loss: 0.8075
2026-09-10 06:04:24,674 - mmdet - INFO - Epoch [5][8700/8725]	lr: 1.000e-03, eta: 6:47:26, time: 0.176, data_time: 0.010, memory: 13424, loss_cls: 0.4133, loss_bbox: 0.4199, loss_kps: 0.0000, loss: 0.8333
2026-09-10 06:04:29,220 - mmdet - INFO - Saving checkpoint at 5 epochs
2026-09-10 06:04:43,065 - mmdet - INFO - Epoch [6][50/8725]	lr: 1.000e-03, eta: 6:47:10, time: 0.272, data_time: 0.105, memory: 13424, loss_cls: 0.3970, loss_bbox: 0.3790, loss_kps: 0.0000, loss: 0.7760
2026-09-10 06:04:51,781 - mmdet - INFO - Epoch [6][100/8725]	lr: 1.000e-03, eta: 6:46:59, time: 0.174, data_time: 0.009, memory: 13424, loss_cls: 0.3967, loss_bbox: 0.3818, loss_kps: 0.0000, loss: 0.7785
2026-09-10 06:05:00,539 - mmdet - INFO - Epoch [6][150/8725]	lr: 1.000e-03, eta: 6:46:48, time: 0.175, data_time: 0.010, memory: 13424, loss_cls: 0.4539, loss_bbox: 0.4084, loss_kps: 0.0000, loss: 0.8623
2026-09-10 06:05:09,229 - mmdet - INFO - Epoch [6][200/8725]	lr: 1.000e-03, eta: 6:46:37, time: 0.174, data_time: 0.009, memory: 13424, loss_cls: 0.4462, loss_bbox: 0.4288, loss_kps: 0.0000, loss: 0.8750
2026-09-10 06:05:17,942 - mmdet - INFO - Epoch [6][250/8725]	lr: 1.000e-03, eta: 6:46:26, time: 0.175, data_time: 0.010, memory: 13424, loss_cls: 0.4570, loss_bbox: 0.3985, loss_kps: 0.0000, loss: 0.8555
2026-09-10 06:05:26,686 - mmdet - INFO - Epoch [6][300/8725]	lr: 1.000e-03, eta: 6:46:14, time: 0.175, data_time: 0.009, memory: 13424, loss_cls: 0.4187, loss_bbox: 0.3973, loss_kps: 0.0000, loss: 0.8160
2026-09-10 06:05:35,543 - mmdet - INFO - Epoch [6][350/8725]	lr: 1.000e-03, eta: 6:46:04, time: 0.177, data_time: 0.010, memory: 13424, loss_cls: 0.4127, loss_bbox: 0.4020, loss_kps: 0.0000, loss: 0.8146
2026-09-10 06:05:44,295 - mmdet - INFO - Epoch [6][400/8725]	lr: 1.000e-03, eta: 6:45:53, time: 0.175, data_time: 0.010, memory: 13424, loss_cls: 0.4510, loss_bbox: 0.4087, loss_kps: 0.0000, loss: 0.8597
2026-09-10 06:05:53,105 - mmdet - INFO - Epoch [6][450/8725]	lr: 1.000e-03, eta: 6:45:42, time: 0.177, data_time: 0.012, memory: 13424, loss_cls: 0.4146, loss_bbox: 0.3953, loss_kps: 0.0000, loss: 0.8098
2026-09-10 06:06:01,882 - mmdet - INFO - Epoch [6][500/8725]	lr: 1.000e-03, eta: 6:45:31, time: 0.175, data_time: 0.009, memory: 13424, loss_cls: 0.4323, loss_bbox: 0.4085, loss_kps: 0.0000, loss: 0.8408
2026-09-10 06:06:10,594 - mmdet - INFO - Epoch [6][550/8725]	lr: 1.000e-03, eta: 6:45:20, time: 0.174, data_time: 0.009, memory: 13424, loss_cls: 0.4252, loss_bbox: 0.3870, loss_kps: 0.0000, loss: 0.8121
2026-09-10 06:06:19,275 - mmdet - INFO - Epoch [6][600/8725]	lr: 1.000e-03, eta: 6:45:08, time: 0.173, data_time: 0.009, memory: 13424, loss_cls: 0.4412, loss_bbox: 0.4092, loss_kps: 0.0000, loss: 0.8503
2026-09-10 06:06:28,346 - mmdet - INFO - Epoch [6][650/8725]	lr: 1.000e-03, eta: 6:44:58, time: 0.182, data_time: 0.010, memory: 13424, loss_cls: 0.4188, loss_bbox: 0.3688, loss_kps: 0.0000, loss: 0.7876
2026-09-10 06:06:37,019 - mmdet - INFO - Epoch [6][700/8725]	lr: 1.000e-03, eta: 6:44:47, time: 0.173, data_time: 0.010, memory: 13424, loss_cls: 0.4299, loss_bbox: 0.4120, loss_kps: 0.0000, loss: 0.8419
2026-09-10 06:06:45,713 - mmdet - INFO - Epoch [6][750/8725]	lr: 1.000e-03, eta: 6:44:36, time: 0.174, data_time: 0.010, memory: 13424, loss_cls: 0.4145, loss_bbox: 0.3935, loss_kps: 0.0000, loss: 0.8080
2026-09-10 06:06:54,454 - mmdet - INFO - Epoch [6][800/8725]	lr: 1.000e-03, eta: 6:44:25, time: 0.175, data_time: 0.010, memory: 13424, loss_cls: 0.4201, loss_bbox: 0.4107, loss_kps: 0.0000, loss: 0.8309
2026-09-10 06:07:03,205 - mmdet - INFO - Epoch [6][850/8725]	lr: 1.000e-03, eta: 6:44:14, time: 0.175, data_time: 0.011, memory: 13424, loss_cls: 0.4468, loss_bbox: 0.3976, loss_kps: 0.0000, loss: 0.8443
2026-09-10 06:07:12,019 - mmdet - INFO - Epoch [6][900/8725]	lr: 1.000e-03, eta: 6:44:03, time: 0.176, data_time: 0.010, memory: 13424, loss_cls: 0.4377, loss_bbox: 0.3945, loss_kps: 0.0000, loss: 0.8322
2026-09-10 06:07:21,047 - mmdet - INFO - Epoch [6][950/8725]	lr: 1.000e-03, eta: 6:43:53, time: 0.181, data_time: 0.009, memory: 13424, loss_cls: 0.4123, loss_bbox: 0.3959, loss_kps: 0.0000, loss: 0.8082
2026-09-10 06:07:29,722 - mmdet - INFO - Epoch [6][1000/8725]	lr: 1.000e-03, eta: 6:43:42, time: 0.173, data_time: 0.009, memory: 13424, loss_cls: 0.4469, loss_bbox: 0.4047, loss_kps: 0.0000, loss: 0.8516
2026-09-10 06:07:38,480 - mmdet - INFO - Epoch [6][1050/8725]	lr: 1.000e-03, eta: 6:43:31, time: 0.175, data_time: 0.010, memory: 13424, loss_cls: 0.4392, loss_bbox: 0.4056, loss_kps: 0.0000, loss: 0.8448
2026-09-10 06:07:47,213 - mmdet - INFO - Epoch [6][1100/8725]	lr: 1.000e-03, eta: 6:43:20, time: 0.174, data_time: 0.010, memory: 13424, loss_cls: 0.4559, loss_bbox: 0.4186, loss_kps: 0.0000, loss: 0.8745
2026-09-10 06:07:55,994 - mmdet - INFO - Epoch [6][1150/8725]	lr: 1.000e-03, eta: 6:43:09, time: 0.176, data_time: 0.009, memory: 13424, loss_cls: 0.4439, loss_bbox: 0.4141, loss_kps: 0.0000, loss: 0.8580
2026-09-10 06:08:04,709 - mmdet - INFO - Epoch [6][1200/8725]	lr: 1.000e-03, eta: 6:42:58, time: 0.174, data_time: 0.009, memory: 13424, loss_cls: 0.3978, loss_bbox: 0.4015, loss_kps: 0.0000, loss: 0.7993
2026-09-10 06:08:13,460 - mmdet - INFO - Epoch [6][1250/8725]	lr: 1.000e-03, eta: 6:42:47, time: 0.175, data_time: 0.010, memory: 13424, loss_cls: 0.4297, loss_bbox: 0.3882, loss_kps: 0.0000, loss: 0.8180
2026-09-10 06:08:22,230 - mmdet - INFO - Epoch [6][1300/8725]	lr: 1.000e-03, eta: 6:42:36, time: 0.175, data_time: 0.009, memory: 13424, loss_cls: 0.4446, loss_bbox: 0.3977, loss_kps: 0.0000, loss: 0.8423
2026-09-10 06:08:31,036 - mmdet - INFO - Epoch [6][1350/8725]	lr: 1.000e-03, eta: 6:42:25, time: 0.176, data_time: 0.010, memory: 13424, loss_cls: 0.4459, loss_bbox: 0.4078, loss_kps: 0.0000, loss: 0.8537
2026-09-10 06:08:39,737 - mmdet - INFO - Epoch [6][1400/8725]	lr: 1.000e-03, eta: 6:42:14, time: 0.174, data_time: 0.011, memory: 13424, loss_cls: 0.4403, loss_bbox: 0.4017, loss_kps: 0.0000, loss: 0.8421
2026-09-10 06:08:48,548 - mmdet - INFO - Epoch [6][1450/8725]	lr: 1.000e-03, eta: 6:42:03, time: 0.176, data_time: 0.010, memory: 13424, loss_cls: 0.4339, loss_bbox: 0.4120, loss_kps: 0.0000, loss: 0.8458
2026-09-10 06:08:57,372 - mmdet - INFO - Epoch [6][1500/8725]	lr: 1.000e-03, eta: 6:41:52, time: 0.176, data_time: 0.010, memory: 13424, loss_cls: 0.3988, loss_bbox: 0.3711, loss_kps: 0.0000, loss: 0.7699
2026-09-10 06:09:06,138 - mmdet - INFO - Epoch [6][1550/8725]	lr: 1.000e-03, eta: 6:41:41, time: 0.175, data_time: 0.010, memory: 13424, loss_cls: 0.4259, loss_bbox: 0.3799, loss_kps: 0.0000, loss: 0.8058
2026-09-10 06:09:14,872 - mmdet - INFO - Epoch [6][1600/8725]	lr: 1.000e-03, eta: 6:41:30, time: 0.175, data_time: 0.010, memory: 13424, loss_cls: 0.4283, loss_bbox: 0.3941, loss_kps: 0.0000, loss: 0.8224
2026-09-10 06:09:23,629 - mmdet - INFO - Epoch [6][1650/8725]	lr: 1.000e-03, eta: 6:41:19, time: 0.175, data_time: 0.010, memory: 13424, loss_cls: 0.4565, loss_bbox: 0.4147, loss_kps: 0.0000, loss: 0.8712
2026-09-10 06:09:32,332 - mmdet - INFO - Epoch [6][1700/8725]	lr: 1.000e-03, eta: 6:41:08, time: 0.174, data_time: 0.009, memory: 13424, loss_cls: 0.4435, loss_bbox: 0.4057, loss_kps: 0.0000, loss: 0.8492
2026-09-10 06:09:41,026 - mmdet - INFO - Epoch [6][1750/8725]	lr: 1.000e-03, eta: 6:40:57, time: 0.174, data_time: 0.010, memory: 13424, loss_cls: 0.4180, loss_bbox: 0.3851, loss_kps: 0.0000, loss: 0.8031
2026-09-10 06:09:49,803 - mmdet - INFO - Epoch [6][1800/8725]	lr: 1.000e-03, eta: 6:40:46, time: 0.175, data_time: 0.011, memory: 13424, loss_cls: 0.4205, loss_bbox: 0.4033, loss_kps: 0.0000, loss: 0.8238
2026-09-10 06:09:58,535 - mmdet - INFO - Epoch [6][1850/8725]	lr: 1.000e-03, eta: 6:40:35, time: 0.175, data_time: 0.010, memory: 13424, loss_cls: 0.4400, loss_bbox: 0.3849, loss_kps: 0.0000, loss: 0.8248
2026-09-10 06:10:07,368 - mmdet - INFO - Epoch [6][1900/8725]	lr: 1.000e-03, eta: 6:40:25, time: 0.176, data_time: 0.010, memory: 13424, loss_cls: 0.4289, loss_bbox: 0.3955, loss_kps: 0.0000, loss: 0.8244
2026-09-10 06:10:16,117 - mmdet - INFO - Epoch [6][1950/8725]	lr: 1.000e-03, eta: 6:40:14, time: 0.175, data_time: 0.010, memory: 13424, loss_cls: 0.4052, loss_bbox: 0.3948, loss_kps: 0.0000, loss: 0.7999
2026-09-10 06:10:24,852 - mmdet - INFO - Epoch [6][2000/8725]	lr: 1.000e-03, eta: 6:40:03, time: 0.174, data_time: 0.009, memory: 13424, loss_cls: 0.4261, loss_bbox: 0.3950, loss_kps: 0.0000, loss: 0.8212
2026-09-10 06:10:33,562 - mmdet - INFO - Epoch [6][2050/8725]	lr: 1.000e-03, eta: 6:39:52, time: 0.174, data_time: 0.010, memory: 13424, loss_cls: 0.4403, loss_bbox: 0.4209, loss_kps: 0.0000, loss: 0.8611
2026-09-10 06:10:42,259 - mmdet - INFO - Epoch [6][2100/8725]	lr: 1.000e-03, eta: 6:39:41, time: 0.174, data_time: 0.010, memory: 13424, loss_cls: 0.4138, loss_bbox: 0.4021, loss_kps: 0.0000, loss: 0.8158
2026-09-10 06:10:50,988 - mmdet - INFO - Epoch [6][2150/8725]	lr: 1.000e-03, eta: 6:39:30, time: 0.175, data_time: 0.010, memory: 13424, loss_cls: 0.3933, loss_bbox: 0.4048, loss_kps: 0.0000, loss: 0.7981
2026-09-10 06:10:59,707 - mmdet - INFO - Epoch [6][2200/8725]	lr: 1.000e-03, eta: 6:39:19, time: 0.174, data_time: 0.010, memory: 13424, loss_cls: 0.3974, loss_bbox: 0.4034, loss_kps: 0.0000, loss: 0.8008
2026-09-10 06:11:08,475 - mmdet - INFO - Epoch [6][2250/8725]	lr: 1.000e-03, eta: 6:39:08, time: 0.175, data_time: 0.010, memory: 13424, loss_cls: 0.4168, loss_bbox: 0.4098, loss_kps: 0.0000, loss: 0.8265
2026-09-10 06:11:17,261 - mmdet - INFO - Epoch [6][2300/8725]	lr: 1.000e-03, eta: 6:38:57, time: 0.175, data_time: 0.010, memory: 13424, loss_cls: 0.4346, loss_bbox: 0.4086, loss_kps: 0.0000, loss: 0.8432
2026-09-10 06:11:26,048 - mmdet - INFO - Epoch [6][2350/8725]	lr: 1.000e-03, eta: 6:38:47, time: 0.176, data_time: 0.010, memory: 13424, loss_cls: 0.4390, loss_bbox: 0.4162, loss_kps: 0.0000, loss: 0.8553
2026-09-10 06:11:34,747 - mmdet - INFO - Epoch [6][2400/8725]	lr: 1.000e-03, eta: 6:38:36, time: 0.174, data_time: 0.010, memory: 13424, loss_cls: 0.4113, loss_bbox: 0.4110, loss_kps: 0.0000, loss: 0.8223
2026-09-10 06:11:43,450 - mmdet - INFO - Epoch [6][2450/8725]	lr: 1.000e-03, eta: 6:38:25, time: 0.174, data_time: 0.010, memory: 13424, loss_cls: 0.4532, loss_bbox: 0.4120, loss_kps: 0.0000, loss: 0.8652
2026-09-10 06:11:52,207 - mmdet - INFO - Epoch [6][2500/8725]	lr: 1.000e-03, eta: 6:38:14, time: 0.175, data_time: 0.010, memory: 13424, loss_cls: 0.4153, loss_bbox: 0.4307, loss_kps: 0.0000, loss: 0.8460
2026-09-10 06:12:00,910 - mmdet - INFO - Epoch [6][2550/8725]	lr: 1.000e-03, eta: 6:38:03, time: 0.174, data_time: 0.009, memory: 13424, loss_cls: 0.4470, loss_bbox: 0.3920, loss_kps: 0.0000, loss: 0.8391
2026-09-10 06:12:09,674 - mmdet - INFO - Epoch [6][2600/8725]	lr: 1.000e-03, eta: 6:37:52, time: 0.175, data_time: 0.010, memory: 13424, loss_cls: 0.4426, loss_bbox: 0.4342, loss_kps: 0.0000, loss: 0.8768
2026-09-10 06:12:18,513 - mmdet - INFO - Epoch [6][2650/8725]	lr: 1.000e-03, eta: 6:37:41, time: 0.177, data_time: 0.011, memory: 13424, loss_cls: 0.3797, loss_bbox: 0.3796, loss_kps: 0.0000, loss: 0.7593
2026-09-10 06:12:27,270 - mmdet - INFO - Epoch [6][2700/8725]	lr: 1.000e-03, eta: 6:37:30, time: 0.175, data_time: 0.011, memory: 13424, loss_cls: 0.4345, loss_bbox: 0.3707, loss_kps: 0.0000, loss: 0.8052
2026-09-10 06:12:35,981 - mmdet - INFO - Epoch [6][2750/8725]	lr: 1.000e-03, eta: 6:37:20, time: 0.174, data_time: 0.011, memory: 13424, loss_cls: 0.4167, loss_bbox: 0.3839, loss_kps: 0.0000, loss: 0.8006
2026-09-10 06:12:44,675 - mmdet - INFO - Epoch [6][2800/8725]	lr: 1.000e-03, eta: 6:37:09, time: 0.174, data_time: 0.010, memory: 13424, loss_cls: 0.4544, loss_bbox: 0.3972, loss_kps: 0.0000, loss: 0.8516
2026-09-10 06:12:53,340 - mmdet - INFO - Epoch [6][2850/8725]	lr: 1.000e-03, eta: 6:36:58, time: 0.174, data_time: 0.011, memory: 13424, loss_cls: 0.4076, loss_bbox: 0.4094, loss_kps: 0.0000, loss: 0.8169
2026-09-10 06:13:02,016 - mmdet - INFO - Epoch [6][2900/8725]	lr: 1.000e-03, eta: 6:36:46, time: 0.173, data_time: 0.011, memory: 13424, loss_cls: 0.4628, loss_bbox: 0.4156, loss_kps: 0.0000, loss: 0.8783
2026-09-10 06:13:10,689 - mmdet - INFO - Epoch [6][2950/8725]	lr: 1.000e-03, eta: 6:36:35, time: 0.174, data_time: 0.011, memory: 13424, loss_cls: 0.4130, loss_bbox: 0.4004, loss_kps: 0.0000, loss: 0.8133
2026-09-10 06:13:19,373 - mmdet - INFO - Epoch [6][3000/8725]	lr: 1.000e-03, eta: 6:36:24, time: 0.173, data_time: 0.010, memory: 13424, loss_cls: 0.4240, loss_bbox: 0.4333, loss_kps: 0.0000, loss: 0.8573
2026-09-10 06:13:28,181 - mmdet - INFO - Epoch [6][3050/8725]	lr: 1.000e-03, eta: 6:36:14, time: 0.176, data_time: 0.011, memory: 13424, loss_cls: 0.4380, loss_bbox: 0.4147, loss_kps: 0.0000, loss: 0.8527
2026-09-10 06:13:36,853 - mmdet - INFO - Epoch [6][3100/8725]	lr: 1.000e-03, eta: 6:36:03, time: 0.173, data_time: 0.010, memory: 13424, loss_cls: 0.4367, loss_bbox: 0.4195, loss_kps: 0.0000, loss: 0.8562
2026-09-10 06:13:45,580 - mmdet - INFO - Epoch [6][3150/8725]	lr: 1.000e-03, eta: 6:35:52, time: 0.175, data_time: 0.011, memory: 13424, loss_cls: 0.4420, loss_bbox: 0.4129, loss_kps: 0.0000, loss: 0.8549
2026-09-10 06:13:54,404 - mmdet - INFO - Epoch [6][3200/8725]	lr: 1.000e-03, eta: 6:35:41, time: 0.176, data_time: 0.011, memory: 13424, loss_cls: 0.4152, loss_bbox: 0.3870, loss_kps: 0.0000, loss: 0.8022
2026-09-10 06:14:03,172 - mmdet - INFO - Epoch [6][3250/8725]	lr: 1.000e-03, eta: 6:35:31, time: 0.176, data_time: 0.011, memory: 13424, loss_cls: 0.4427, loss_bbox: 0.3996, loss_kps: 0.0000, loss: 0.8424
2026-09-10 06:14:11,987 - mmdet - INFO - Epoch [6][3300/8725]	lr: 1.000e-03, eta: 6:35:20, time: 0.176, data_time: 0.011, memory: 13424, loss_cls: 0.4065, loss_bbox: 0.3840, loss_kps: 0.0000, loss: 0.7905
2026-09-10 06:14:20,821 - mmdet - INFO - Epoch [6][3350/8725]	lr: 1.000e-03, eta: 6:35:09, time: 0.177, data_time: 0.011, memory: 13424, loss_cls: 0.4766, loss_bbox: 0.4136, loss_kps: 0.0000, loss: 0.8902
2026-09-10 06:14:29,587 - mmdet - INFO - Epoch [6][3400/8725]	lr: 1.000e-03, eta: 6:34:59, time: 0.175, data_time: 0.010, memory: 13424, loss_cls: 0.4473, loss_bbox: 0.4068, loss_kps: 0.0000, loss: 0.8541
2026-09-10 06:14:38,352 - mmdet - INFO - Epoch [6][3450/8725]	lr: 1.000e-03, eta: 6:34:48, time: 0.175, data_time: 0.011, memory: 13424, loss_cls: 0.4557, loss_bbox: 0.4115, loss_kps: 0.0000, loss: 0.8671
2026-09-10 06:14:47,192 - mmdet - INFO - Epoch [6][3500/8725]	lr: 1.000e-03, eta: 6:34:37, time: 0.177, data_time: 0.011, memory: 13424, loss_cls: 0.4455, loss_bbox: 0.4096, loss_kps: 0.0000, loss: 0.8551
2026-09-10 06:14:56,239 - mmdet - INFO - Epoch [6][3550/8725]	lr: 1.000e-03, eta: 6:34:27, time: 0.181, data_time: 0.011, memory: 13424, loss_cls: 0.4239, loss_bbox: 0.3910, loss_kps: 0.0000, loss: 0.8149
2026-09-10 06:15:05,018 - mmdet - INFO - Epoch [6][3600/8725]	lr: 1.000e-03, eta: 6:34:17, time: 0.175, data_time: 0.011, memory: 13424, loss_cls: 0.4415, loss_bbox: 0.4107, loss_kps: 0.0000, loss: 0.8522
2026-09-10 06:15:13,791 - mmdet - INFO - Epoch [6][3650/8725]	lr: 1.000e-03, eta: 6:34:06, time: 0.176, data_time: 0.011, memory: 13424, loss_cls: 0.4028, loss_bbox: 0.3827, loss_kps: 0.0000, loss: 0.7854
2026-09-10 06:15:22,550 - mmdet - INFO - Epoch [6][3700/8725]	lr: 1.000e-03, eta: 6:33:55, time: 0.175, data_time: 0.011, memory: 13424, loss_cls: 0.4255, loss_bbox: 0.3857, loss_kps: 0.0000, loss: 0.8112
2026-09-10 06:15:31,407 - mmdet - INFO - Epoch [6][3750/8725]	lr: 1.000e-03, eta: 6:33:45, time: 0.177, data_time: 0.011, memory: 13424, loss_cls: 0.4133, loss_bbox: 0.4053, loss_kps: 0.0000, loss: 0.8186
2026-09-10 06:15:40,239 - mmdet - INFO - Epoch [6][3800/8725]	lr: 1.000e-03, eta: 6:33:34, time: 0.176, data_time: 0.010, memory: 13424, loss_cls: 0.3949, loss_bbox: 0.3991, loss_kps: 0.0000, loss: 0.7940
2026-09-10 06:15:49,064 - mmdet - INFO - Epoch [6][3850/8725]	lr: 1.000e-03, eta: 6:33:24, time: 0.177, data_time: 0.011, memory: 13424, loss_cls: 0.4444, loss_bbox: 0.4109, loss_kps: 0.0000, loss: 0.8553
2026-09-10 06:15:57,909 - mmdet - INFO - Epoch [6][3900/8725]	lr: 1.000e-03, eta: 6:33:13, time: 0.177, data_time: 0.011, memory: 13424, loss_cls: 0.3929, loss_bbox: 0.3940, loss_kps: 0.0000, loss: 0.7869
2026-09-10 06:16:06,632 - mmdet - INFO - Epoch [6][3950/8725]	lr: 1.000e-03, eta: 6:33:03, time: 0.175, data_time: 0.011, memory: 13424, loss_cls: 0.4238, loss_bbox: 0.3977, loss_kps: 0.0000, loss: 0.8216
2026-09-10 06:16:15,466 - mmdet - INFO - Epoch [6][4000/8725]	lr: 1.000e-03, eta: 6:32:52, time: 0.176, data_time: 0.010, memory: 13424, loss_cls: 0.4581, loss_bbox: 0.4171, loss_kps: 0.0000, loss: 0.8752
2026-09-10 06:16:24,287 - mmdet - INFO - Epoch [6][4050/8725]	lr: 1.000e-03, eta: 6:32:41, time: 0.176, data_time: 0.011, memory: 13424, loss_cls: 0.4090, loss_bbox: 0.3899, loss_kps: 0.0000, loss: 0.7989
2026-09-10 06:16:33,023 - mmdet - INFO - Epoch [6][4100/8725]	lr: 1.000e-03, eta: 6:32:31, time: 0.175, data_time: 0.011, memory: 13424, loss_cls: 0.4413, loss_bbox: 0.4303, loss_kps: 0.0000, loss: 0.8716
2026-09-10 06:16:41,836 - mmdet - INFO - Epoch [6][4150/8725]	lr: 1.000e-03, eta: 6:32:20, time: 0.176, data_time: 0.011, memory: 13424, loss_cls: 0.3967, loss_bbox: 0.3867, loss_kps: 0.0000, loss: 0.7834
2026-09-10 06:16:50,663 - mmdet - INFO - Epoch [6][4200/8725]	lr: 1.000e-03, eta: 6:32:10, time: 0.176, data_time: 0.010, memory: 13424, loss_cls: 0.4911, loss_bbox: 0.4146, loss_kps: 0.0000, loss: 0.9057
2026-09-10 06:16:59,400 - mmdet - INFO - Epoch [6][4250/8725]	lr: 1.000e-03, eta: 6:31:59, time: 0.175, data_time: 0.010, memory: 13424, loss_cls: 0.4299, loss_bbox: 0.3871, loss_kps: 0.0000, loss: 0.8170
2026-09-10 06:17:08,269 - mmdet - INFO - Epoch [6][4300/8725]	lr: 1.000e-03, eta: 6:31:49, time: 0.177, data_time: 0.010, memory: 13424, loss_cls: 0.4172, loss_bbox: 0.4015, loss_kps: 0.0000, loss: 0.8187
2026-09-10 06:17:17,075 - mmdet - INFO - Epoch [6][4350/8725]	lr: 1.000e-03, eta: 6:31:38, time: 0.176, data_time: 0.011, memory: 13424, loss_cls: 0.4346, loss_bbox: 0.3883, loss_kps: 0.0000, loss: 0.8229
2026-09-10 06:17:25,864 - mmdet - INFO - Epoch [6][4400/8725]	lr: 1.000e-03, eta: 6:31:27, time: 0.176, data_time: 0.011, memory: 13424, loss_cls: 0.4114, loss_bbox: 0.3933, loss_kps: 0.0000, loss: 0.8047
2026-09-10 06:17:34,542 - mmdet - INFO - Epoch [6][4450/8725]	lr: 1.000e-03, eta: 6:31:17, time: 0.174, data_time: 0.011, memory: 13424, loss_cls: 0.4571, loss_bbox: 0.3988, loss_kps: 0.0000, loss: 0.8558
2026-09-10 06:17:43,571 - mmdet - INFO - Epoch [6][4500/8725]	lr: 1.000e-03, eta: 6:31:07, time: 0.180, data_time: 0.010, memory: 13424, loss_cls: 0.3968, loss_bbox: 0.3897, loss_kps: 0.0000, loss: 0.7865
2026-09-10 06:17:52,433 - mmdet - INFO - Epoch [6][4550/8725]	lr: 1.000e-03, eta: 6:30:56, time: 0.178, data_time: 0.011, memory: 13424, loss_cls: 0.4663, loss_bbox: 0.4260, loss_kps: 0.0000, loss: 0.8924
2026-09-10 06:18:01,168 - mmdet - INFO - Epoch [6][4600/8725]	lr: 1.000e-03, eta: 6:30:45, time: 0.174, data_time: 0.010, memory: 13424, loss_cls: 0.4247, loss_bbox: 0.3736, loss_kps: 0.0000, loss: 0.7983
2026-09-10 06:18:10,053 - mmdet - INFO - Epoch [6][4650/8725]	lr: 1.000e-03, eta: 6:30:35, time: 0.178, data_time: 0.011, memory: 13424, loss_cls: 0.3974, loss_bbox: 0.4011, loss_kps: 0.0000, loss: 0.7985
2026-09-10 06:18:18,954 - mmdet - INFO - Epoch [6][4700/8725]	lr: 1.000e-03, eta: 6:30:25, time: 0.178, data_time: 0.010, memory: 13424, loss_cls: 0.4507, loss_bbox: 0.3861, loss_kps: 0.0000, loss: 0.8368
2026-09-10 06:18:27,780 - mmdet - INFO - Epoch [6][4750/8725]	lr: 1.000e-03, eta: 6:30:14, time: 0.176, data_time: 0.011, memory: 13424, loss_cls: 0.4419, loss_bbox: 0.3905, loss_kps: 0.0000, loss: 0.8324
2026-09-10 06:18:36,567 - mmdet - INFO - Epoch [6][4800/8725]	lr: 1.000e-03, eta: 6:30:04, time: 0.176, data_time: 0.011, memory: 13424, loss_cls: 0.4373, loss_bbox: 0.3904, loss_kps: 0.0000, loss: 0.8276
2026-09-10 06:18:45,380 - mmdet - INFO - Epoch [6][4850/8725]	lr: 1.000e-03, eta: 6:29:53, time: 0.177, data_time: 0.010, memory: 13424, loss_cls: 0.4181, loss_bbox: 0.3719, loss_kps: 0.0000, loss: 0.7899
2026-09-10 06:18:54,207 - mmdet - INFO - Epoch [6][4900/8725]	lr: 1.000e-03, eta: 6:29:43, time: 0.176, data_time: 0.010, memory: 13424, loss_cls: 0.4352, loss_bbox: 0.4033, loss_kps: 0.0000, loss: 0.8385
2026-09-10 06:19:02,981 - mmdet - INFO - Epoch [6][4950/8725]	lr: 1.000e-03, eta: 6:29:32, time: 0.176, data_time: 0.010, memory: 13424, loss_cls: 0.4610, loss_bbox: 0.4100, loss_kps: 0.0000, loss: 0.8711
2026-09-10 06:19:11,844 - mmdet - INFO - Epoch [6][5000/8725]	lr: 1.000e-03, eta: 6:29:22, time: 0.177, data_time: 0.011, memory: 13424, loss_cls: 0.4571, loss_bbox: 0.4165, loss_kps: 0.0000, loss: 0.8737
2026-09-10 06:19:20,696 - mmdet - INFO - Epoch [6][5050/8725]	lr: 1.000e-03, eta: 6:29:11, time: 0.177, data_time: 0.011, memory: 13424, loss_cls: 0.4119, loss_bbox: 0.3832, loss_kps: 0.0000, loss: 0.7951
2026-09-10 06:19:29,521 - mmdet - INFO - Epoch [6][5100/8725]	lr: 1.000e-03, eta: 6:29:01, time: 0.176, data_time: 0.011, memory: 13424, loss_cls: 0.3888, loss_bbox: 0.3902, loss_kps: 0.0000, loss: 0.7790
2026-09-10 06:19:38,401 - mmdet - INFO - Epoch [6][5150/8725]	lr: 1.000e-03, eta: 6:28:51, time: 0.178, data_time: 0.011, memory: 13424, loss_cls: 0.4440, loss_bbox: 0.3970, loss_kps: 0.0000, loss: 0.8410
2026-09-10 06:19:47,196 - mmdet - INFO - Epoch [6][5200/8725]	lr: 1.000e-03, eta: 6:28:40, time: 0.176, data_time: 0.010, memory: 13424, loss_cls: 0.4162, loss_bbox: 0.3934, loss_kps: 0.0000, loss: 0.8096
2026-09-10 06:19:56,021 - mmdet - INFO - Epoch [6][5250/8725]	lr: 1.000e-03, eta: 6:28:30, time: 0.177, data_time: 0.010, memory: 13424, loss_cls: 0.4259, loss_bbox: 0.4192, loss_kps: 0.0000, loss: 0.8451
2026-09-10 06:20:04,769 - mmdet - INFO - Epoch [6][5300/8725]	lr: 1.000e-03, eta: 6:28:19, time: 0.175, data_time: 0.010, memory: 13424, loss_cls: 0.3982, loss_bbox: 0.3970, loss_kps: 0.0000, loss: 0.7952
2026-09-10 06:20:13,641 - mmdet - INFO - Epoch [6][5350/8725]	lr: 1.000e-03, eta: 6:28:09, time: 0.178, data_time: 0.010, memory: 13424, loss_cls: 0.4433, loss_bbox: 0.3896, loss_kps: 0.0000, loss: 0.8328
2026-09-10 06:20:22,478 - mmdet - INFO - Epoch [6][5400/8725]	lr: 1.000e-03, eta: 6:27:58, time: 0.177, data_time: 0.011, memory: 13424, loss_cls: 0.4508, loss_bbox: 0.4112, loss_kps: 0.0000, loss: 0.8621
2026-09-10 06:20:31,242 - mmdet - INFO - Epoch [6][5450/8725]	lr: 1.000e-03, eta: 6:27:48, time: 0.175, data_time: 0.011, memory: 13424, loss_cls: 0.4410, loss_bbox: 0.3900, loss_kps: 0.0000, loss: 0.8311
2026-09-10 06:20:40,056 - mmdet - INFO - Epoch [6][5500/8725]	lr: 1.000e-03, eta: 6:27:37, time: 0.176, data_time: 0.010, memory: 13424, loss_cls: 0.4595, loss_bbox: 0.4038, loss_kps: 0.0000, loss: 0.8632
2026-09-10 06:20:48,930 - mmdet - INFO - Epoch [6][5550/8725]	lr: 1.000e-03, eta: 6:27:27, time: 0.178, data_time: 0.011, memory: 13424, loss_cls: 0.3789, loss_bbox: 0.3805, loss_kps: 0.0000, loss: 0.7594
2026-09-10 06:20:57,655 - mmdet - INFO - Epoch [6][5600/8725]	lr: 1.000e-03, eta: 6:27:16, time: 0.174, data_time: 0.010, memory: 13424, loss_cls: 0.4238, loss_bbox: 0.3934, loss_kps: 0.0000, loss: 0.8172
2026-09-10 06:21:06,403 - mmdet - INFO - Epoch [6][5650/8725]	lr: 1.000e-03, eta: 6:27:06, time: 0.175, data_time: 0.010, memory: 13424, loss_cls: 0.4241, loss_bbox: 0.3988, loss_kps: 0.0000, loss: 0.8229
2026-09-10 06:21:15,239 - mmdet - INFO - Epoch [6][5700/8725]	lr: 1.000e-03, eta: 6:26:55, time: 0.177, data_time: 0.010, memory: 13424, loss_cls: 0.4444, loss_bbox: 0.4096, loss_kps: 0.0000, loss: 0.8539
2026-09-10 06:21:24,012 - mmdet - INFO - Epoch [6][5750/8725]	lr: 1.000e-03, eta: 6:26:45, time: 0.176, data_time: 0.010, memory: 13424, loss_cls: 0.4414, loss_bbox: 0.4033, loss_kps: 0.0000, loss: 0.8446
2026-09-10 06:21:32,764 - mmdet - INFO - Epoch [6][5800/8725]	lr: 1.000e-03, eta: 6:26:34, time: 0.175, data_time: 0.010, memory: 13424, loss_cls: 0.4132, loss_bbox: 0.3988, loss_kps: 0.0000, loss: 0.8120
2026-09-10 06:21:41,601 - mmdet - INFO - Epoch [6][5850/8725]	lr: 1.000e-03, eta: 6:26:24, time: 0.177, data_time: 0.011, memory: 13424, loss_cls: 0.4444, loss_bbox: 0.3947, loss_kps: 0.0000, loss: 0.8391
2026-09-10 06:21:50,336 - mmdet - INFO - Epoch [6][5900/8725]	lr: 1.000e-03, eta: 6:26:13, time: 0.174, data_time: 0.010, memory: 13424, loss_cls: 0.4180, loss_bbox: 0.4027, loss_kps: 0.0000, loss: 0.8207
2026-09-10 06:21:59,086 - mmdet - INFO - Epoch [6][5950/8725]	lr: 1.000e-03, eta: 6:26:03, time: 0.175, data_time: 0.010, memory: 13424, loss_cls: 0.4642, loss_bbox: 0.4211, loss_kps: 0.0000, loss: 0.8853
2026-09-10 06:22:07,906 - mmdet - INFO - Epoch [6][6000/8725]	lr: 1.000e-03, eta: 6:25:52, time: 0.176, data_time: 0.011, memory: 13424, loss_cls: 0.4405, loss_bbox: 0.4145, loss_kps: 0.0000, loss: 0.8550
2026-09-10 06:22:16,688 - mmdet - INFO - Epoch [6][6050/8725]	lr: 1.000e-03, eta: 6:25:42, time: 0.176, data_time: 0.010, memory: 13424, loss_cls: 0.4222, loss_bbox: 0.4050, loss_kps: 0.0000, loss: 0.8272
2026-09-10 06:22:25,482 - mmdet - INFO - Epoch [6][6100/8725]	lr: 1.000e-03, eta: 6:25:31, time: 0.176, data_time: 0.011, memory: 13424, loss_cls: 0.4352, loss_bbox: 0.3954, loss_kps: 0.0000, loss: 0.8306
2026-09-10 06:22:34,303 - mmdet - INFO - Epoch [6][6150/8725]	lr: 1.000e-03, eta: 6:25:21, time: 0.177, data_time: 0.010, memory: 13424, loss_cls: 0.3731, loss_bbox: 0.4078, loss_kps: 0.0000, loss: 0.7809
2026-09-10 06:22:43,065 - mmdet - INFO - Epoch [6][6200/8725]	lr: 1.000e-03, eta: 6:25:10, time: 0.175, data_time: 0.010, memory: 13424, loss_cls: 0.4378, loss_bbox: 0.4000, loss_kps: 0.0000, loss: 0.8378
2026-09-10 06:22:51,910 - mmdet - INFO - Epoch [6][6250/8725]	lr: 1.000e-03, eta: 6:25:00, time: 0.177, data_time: 0.011, memory: 13424, loss_cls: 0.4105, loss_bbox: 0.4036, loss_kps: 0.0000, loss: 0.8141
2026-09-10 06:23:00,739 - mmdet - INFO - Epoch [6][6300/8725]	lr: 1.000e-03, eta: 6:24:50, time: 0.176, data_time: 0.010, memory: 13424, loss_cls: 0.4474, loss_bbox: 0.4056, loss_kps: 0.0000, loss: 0.8530
2026-09-10 06:23:09,561 - mmdet - INFO - Epoch [6][6350/8725]	lr: 1.000e-03, eta: 6:24:39, time: 0.177, data_time: 0.010, memory: 13424, loss_cls: 0.4390, loss_bbox: 0.3910, loss_kps: 0.0000, loss: 0.8300
2026-09-10 06:23:18,386 - mmdet - INFO - Epoch [6][6400/8725]	lr: 1.000e-03, eta: 6:24:29, time: 0.176, data_time: 0.010, memory: 13424, loss_cls: 0.4452, loss_bbox: 0.3927, loss_kps: 0.0000, loss: 0.8379
2026-09-10 06:23:27,234 - mmdet - INFO - Epoch [6][6450/8725]	lr: 1.000e-03, eta: 6:24:19, time: 0.177, data_time: 0.010, memory: 13424, loss_cls: 0.4659, loss_bbox: 0.4195, loss_kps: 0.0000, loss: 0.8854
2026-09-10 06:23:36,159 - mmdet - INFO - Epoch [6][6500/8725]	lr: 1.000e-03, eta: 6:24:08, time: 0.178, data_time: 0.010, memory: 13424, loss_cls: 0.3904, loss_bbox: 0.3779, loss_kps: 0.0000, loss: 0.7684
2026-09-10 06:23:45,001 - mmdet - INFO - Epoch [6][6550/8725]	lr: 1.000e-03, eta: 6:23:58, time: 0.177, data_time: 0.011, memory: 13424, loss_cls: 0.4273, loss_bbox: 0.3923, loss_kps: 0.0000, loss: 0.8196
2026-09-10 06:23:53,839 - mmdet - INFO - Epoch [6][6600/8725]	lr: 1.000e-03, eta: 6:23:48, time: 0.176, data_time: 0.011, memory: 13424, loss_cls: 0.4088, loss_bbox: 0.3906, loss_kps: 0.0000, loss: 0.7994
2026-09-10 06:24:02,599 - mmdet - INFO - Epoch [6][6650/8725]	lr: 1.000e-03, eta: 6:23:37, time: 0.176, data_time: 0.010, memory: 13424, loss_cls: 0.4529, loss_bbox: 0.3908, loss_kps: 0.0000, loss: 0.8438
2026-09-10 06:24:11,404 - mmdet - INFO - Epoch [6][6700/8725]	lr: 1.000e-03, eta: 6:23:27, time: 0.176, data_time: 0.010, memory: 13424, loss_cls: 0.4172, loss_bbox: 0.3850, loss_kps: 0.0000, loss: 0.8022
2026-09-10 06:24:20,266 - mmdet - INFO - Epoch [6][6750/8725]	lr: 1.000e-03, eta: 6:23:17, time: 0.177, data_time: 0.009, memory: 13424, loss_cls: 0.4323, loss_bbox: 0.4090, loss_kps: 0.0000, loss: 0.8412
2026-09-10 06:24:29,112 - mmdet - INFO - Epoch [6][6800/8725]	lr: 1.000e-03, eta: 6:23:06, time: 0.177, data_time: 0.009, memory: 13424, loss_cls: 0.4249, loss_bbox: 0.3835, loss_kps: 0.0000, loss: 0.8084
2026-09-10 06:24:37,894 - mmdet - INFO - Epoch [6][6850/8725]	lr: 1.000e-03, eta: 6:22:56, time: 0.176, data_time: 0.010, memory: 13424, loss_cls: 0.4472, loss_bbox: 0.4100, loss_kps: 0.0000, loss: 0.8572
2026-09-10 06:24:46,726 - mmdet - INFO - Epoch [6][6900/8725]	lr: 1.000e-03, eta: 6:22:46, time: 0.176, data_time: 0.010, memory: 13424, loss_cls: 0.4252, loss_bbox: 0.4053, loss_kps: 0.0000, loss: 0.8305
2026-09-10 06:24:55,611 - mmdet - INFO - Epoch [6][6950/8725]	lr: 1.000e-03, eta: 6:22:35, time: 0.178, data_time: 0.011, memory: 13424, loss_cls: 0.4167, loss_bbox: 0.4009, loss_kps: 0.0000, loss: 0.8176
2026-09-10 06:25:04,411 - mmdet - INFO - Epoch [6][7000/8725]	lr: 1.000e-03, eta: 6:22:25, time: 0.176, data_time: 0.011, memory: 13424, loss_cls: 0.4618, loss_bbox: 0.4115, loss_kps: 0.0000, loss: 0.8733
2026-09-10 06:25:13,211 - mmdet - INFO - Epoch [6][7050/8725]	lr: 1.000e-03, eta: 6:22:15, time: 0.176, data_time: 0.010, memory: 13424, loss_cls: 0.4178, loss_bbox: 0.3947, loss_kps: 0.0000, loss: 0.8125
2026-09-10 06:25:22,002 - mmdet - INFO - Epoch [6][7100/8725]	lr: 1.000e-03, eta: 6:22:04, time: 0.176, data_time: 0.010, memory: 13424, loss_cls: 0.4375, loss_bbox: 0.4057, loss_kps: 0.0000, loss: 0.8432
2026-09-10 06:25:30,805 - mmdet - INFO - Epoch [6][7150/8725]	lr: 1.000e-03, eta: 6:21:54, time: 0.176, data_time: 0.010, memory: 13424, loss_cls: 0.4241, loss_bbox: 0.3813, loss_kps: 0.0000, loss: 0.8054
2026-09-10 06:25:39,512 - mmdet - INFO - Epoch [6][7200/8725]	lr: 1.000e-03, eta: 6:21:43, time: 0.174, data_time: 0.010, memory: 13424, loss_cls: 0.4687, loss_bbox: 0.4205, loss_kps: 0.0000, loss: 0.8892
2026-09-10 06:25:48,341 - mmdet - INFO - Epoch [6][7250/8725]	lr: 1.000e-03, eta: 6:21:33, time: 0.177, data_time: 0.011, memory: 13424, loss_cls: 0.4443, loss_bbox: 0.4069, loss_kps: 0.0000, loss: 0.8513
2026-09-10 06:25:57,113 - mmdet - INFO - Epoch [6][7300/8725]	lr: 1.000e-03, eta: 6:21:22, time: 0.175, data_time: 0.010, memory: 13424, loss_cls: 0.4220, loss_bbox: 0.3929, loss_kps: 0.0000, loss: 0.8149
2026-09-10 06:26:05,962 - mmdet - INFO - Epoch [6][7350/8725]	lr: 1.000e-03, eta: 6:21:12, time: 0.177, data_time: 0.011, memory: 13424, loss_cls: 0.4144, loss_bbox: 0.4073, loss_kps: 0.0000, loss: 0.8217
2026-09-10 06:26:14,743 - mmdet - INFO - Epoch [6][7400/8725]	lr: 1.000e-03, eta: 6:21:02, time: 0.175, data_time: 0.010, memory: 13424, loss_cls: 0.4330, loss_bbox: 0.3836, loss_kps: 0.0000, loss: 0.8166
2026-09-10 06:26:23,515 - mmdet - INFO - Epoch [6][7450/8725]	lr: 1.000e-03, eta: 6:20:51, time: 0.176, data_time: 0.010, memory: 13424, loss_cls: 0.4386, loss_bbox: 0.4070, loss_kps: 0.0000, loss: 0.8456
2026-09-10 06:26:32,307 - mmdet - INFO - Epoch [6][7500/8725]	lr: 1.000e-03, eta: 6:20:41, time: 0.176, data_time: 0.011, memory: 13424, loss_cls: 0.4185, loss_bbox: 0.3884, loss_kps: 0.0000, loss: 0.8069
2026-09-10 06:26:41,085 - mmdet - INFO - Epoch [6][7550/8725]	lr: 1.000e-03, eta: 6:20:31, time: 0.176, data_time: 0.010, memory: 13424, loss_cls: 0.4064, loss_bbox: 0.3882, loss_kps: 0.0000, loss: 0.7946
2026-09-10 06:26:50,164 - mmdet - INFO - Epoch [6][7600/8725]	lr: 1.000e-03, eta: 6:20:21, time: 0.181, data_time: 0.010, memory: 13424, loss_cls: 0.4521, loss_bbox: 0.4045, loss_kps: 0.0000, loss: 0.8566
2026-09-10 06:26:58,950 - mmdet - INFO - Epoch [6][7650/8725]	lr: 1.000e-03, eta: 6:20:11, time: 0.176, data_time: 0.010, memory: 13424, loss_cls: 0.4366, loss_bbox: 0.4092, loss_kps: 0.0000, loss: 0.8457
2026-09-10 06:27:07,984 - mmdet - INFO - Epoch [6][7700/8725]	lr: 1.000e-03, eta: 6:20:01, time: 0.180, data_time: 0.010, memory: 13424, loss_cls: 0.4711, loss_bbox: 0.4043, loss_kps: 0.0000, loss: 0.8754
2026-09-10 06:27:16,772 - mmdet - INFO - Epoch [6][7750/8725]	lr: 1.000e-03, eta: 6:19:50, time: 0.176, data_time: 0.011, memory: 13424, loss_cls: 0.4404, loss_bbox: 0.3891, loss_kps: 0.0000, loss: 0.8295
2026-09-10 06:27:25,613 - mmdet - INFO - Epoch [6][7800/8725]	lr: 1.000e-03, eta: 6:19:40, time: 0.176, data_time: 0.010, memory: 13424, loss_cls: 0.4187, loss_bbox: 0.4072, loss_kps: 0.0000, loss: 0.8259
2026-09-10 06:27:34,348 - mmdet - INFO - Epoch [6][7850/8725]	lr: 1.000e-03, eta: 6:19:30, time: 0.175, data_time: 0.011, memory: 13424, loss_cls: 0.4523, loss_bbox: 0.4102, loss_kps: 0.0000, loss: 0.8626
2026-09-10 06:27:43,151 - mmdet - INFO - Epoch [6][7900/8725]	lr: 1.000e-03, eta: 6:19:19, time: 0.176, data_time: 0.010, memory: 13424, loss_cls: 0.4335, loss_bbox: 0.3899, loss_kps: 0.0000, loss: 0.8234
2026-09-10 06:27:51,946 - mmdet - INFO - Epoch [6][7950/8725]	lr: 1.000e-03, eta: 6:19:09, time: 0.176, data_time: 0.011, memory: 13424, loss_cls: 0.4130, loss_bbox: 0.3973, loss_kps: 0.0000, loss: 0.8103
2026-09-10 06:28:00,703 - mmdet - INFO - Epoch [6][8000/8725]	lr: 1.000e-03, eta: 6:18:58, time: 0.175, data_time: 0.011, memory: 13424, loss_cls: 0.4203, loss_bbox: 0.4026, loss_kps: 0.0000, loss: 0.8229
2026-09-10 06:28:09,518 - mmdet - INFO - Epoch [6][8050/8725]	lr: 1.000e-03, eta: 6:18:48, time: 0.176, data_time: 0.011, memory: 13424, loss_cls: 0.4349, loss_bbox: 0.3856, loss_kps: 0.0000, loss: 0.8205
2026-09-10 06:28:18,263 - mmdet - INFO - Epoch [6][8100/8725]	lr: 1.000e-03, eta: 6:18:38, time: 0.175, data_time: 0.011, memory: 13424, loss_cls: 0.4017, loss_bbox: 0.3983, loss_kps: 0.0000, loss: 0.8000
2026-09-10 06:28:27,087 - mmdet - INFO - Epoch [6][8150/8725]	lr: 1.000e-03, eta: 6:18:27, time: 0.177, data_time: 0.011, memory: 13424, loss_cls: 0.4015, loss_bbox: 0.3997, loss_kps: 0.0000, loss: 0.8012
2026-09-10 06:28:35,779 - mmdet - INFO - Epoch [6][8200/8725]	lr: 1.000e-03, eta: 6:18:17, time: 0.174, data_time: 0.011, memory: 13424, loss_cls: 0.4050, loss_bbox: 0.4004, loss_kps: 0.0000, loss: 0.8054
2026-09-10 06:28:44,517 - mmdet - INFO - Epoch [6][8250/8725]	lr: 1.000e-03, eta: 6:18:06, time: 0.175, data_time: 0.011, memory: 13424, loss_cls: 0.4213, loss_bbox: 0.3808, loss_kps: 0.0000, loss: 0.8020
2026-09-10 06:28:53,259 - mmdet - INFO - Epoch [6][8300/8725]	lr: 1.000e-03, eta: 6:17:56, time: 0.175, data_time: 0.011, memory: 13424, loss_cls: 0.4449, loss_bbox: 0.3894, loss_kps: 0.0000, loss: 0.8344
2026-09-10 06:29:01,981 - mmdet - INFO - Epoch [6][8350/8725]	lr: 1.000e-03, eta: 6:17:45, time: 0.175, data_time: 0.011, memory: 13424, loss_cls: 0.4099, loss_bbox: 0.3957, loss_kps: 0.0000, loss: 0.8056
2026-09-10 06:29:10,674 - mmdet - INFO - Epoch [6][8400/8725]	lr: 1.000e-03, eta: 6:17:35, time: 0.174, data_time: 0.010, memory: 13424, loss_cls: 0.4279, loss_bbox: 0.3705, loss_kps: 0.0000, loss: 0.7984
2026-09-10 06:29:19,391 - mmdet - INFO - Epoch [6][8450/8725]	lr: 1.000e-03, eta: 6:17:24, time: 0.175, data_time: 0.011, memory: 13424, loss_cls: 0.4175, loss_bbox: 0.3919, loss_kps: 0.0000, loss: 0.8094
2026-09-10 06:29:28,155 - mmdet - INFO - Epoch [6][8500/8725]	lr: 1.000e-03, eta: 6:17:14, time: 0.175, data_time: 0.010, memory: 13424, loss_cls: 0.4389, loss_bbox: 0.4131, loss_kps: 0.0000, loss: 0.8520
2026-09-10 06:29:36,967 - mmdet - INFO - Epoch [6][8550/8725]	lr: 1.000e-03, eta: 6:17:04, time: 0.177, data_time: 0.011, memory: 13424, loss_cls: 0.4510, loss_bbox: 0.3934, loss_kps: 0.0000, loss: 0.8444
2026-09-10 06:29:45,717 - mmdet - INFO - Epoch [6][8600/8725]	lr: 1.000e-03, eta: 6:16:53, time: 0.175, data_time: 0.011, memory: 13424, loss_cls: 0.4305, loss_bbox: 0.4174, loss_kps: 0.0000, loss: 0.8479
2026-09-10 06:29:54,430 - mmdet - INFO - Epoch [6][8650/8725]	lr: 1.000e-03, eta: 6:16:43, time: 0.175, data_time: 0.011, memory: 13424, loss_cls: 0.4206, loss_bbox: 0.3764, loss_kps: 0.0000, loss: 0.7969
2026-09-10 06:30:03,160 - mmdet - INFO - Epoch [6][8700/8725]	lr: 1.000e-03, eta: 6:16:32, time: 0.174, data_time: 0.010, memory: 13424, loss_cls: 0.4496, loss_bbox: 0.4120, loss_kps: 0.0000, loss: 0.8615
2026-09-10 06:30:07,554 - mmdet - INFO - Saving checkpoint at 6 epochs
2026-09-10 06:30:20,791 - mmdet - INFO - Epoch [7][50/8725]	lr: 1.000e-03, eta: 6:16:16, time: 0.260, data_time: 0.091, memory: 13424, loss_cls: 0.4210, loss_bbox: 0.3874, loss_kps: 0.0000, loss: 0.8084
2026-09-10 06:30:29,609 - mmdet - INFO - Epoch [7][100/8725]	lr: 1.000e-03, eta: 6:16:06, time: 0.176, data_time: 0.011, memory: 13424, loss_cls: 0.4296, loss_bbox: 0.3990, loss_kps: 0.0000, loss: 0.8286
2026-09-10 06:30:38,368 - mmdet - INFO - Epoch [7][150/8725]	lr: 1.000e-03, eta: 6:15:56, time: 0.175, data_time: 0.010, memory: 13424, loss_cls: 0.4392, loss_bbox: 0.4155, loss_kps: 0.0000, loss: 0.8547
2026-09-10 06:30:47,119 - mmdet - INFO - Epoch [7][200/8725]	lr: 1.000e-03, eta: 6:15:45, time: 0.175, data_time: 0.010, memory: 13424, loss_cls: 0.4110, loss_bbox: 0.3911, loss_kps: 0.0000, loss: 0.8021
2026-09-10 06:30:55,872 - mmdet - INFO - Epoch [7][250/8725]	lr: 1.000e-03, eta: 6:15:35, time: 0.175, data_time: 0.011, memory: 13424, loss_cls: 0.3982, loss_bbox: 0.3864, loss_kps: 0.0000, loss: 0.7847
2026-09-10 06:31:04,606 - mmdet - INFO - Epoch [7][300/8725]	lr: 1.000e-03, eta: 6:15:25, time: 0.175, data_time: 0.010, memory: 13424, loss_cls: 0.3994, loss_bbox: 0.3753, loss_kps: 0.0000, loss: 0.7747
2026-09-10 06:31:13,357 - mmdet - INFO - Epoch [7][350/8725]	lr: 1.000e-03, eta: 6:15:14, time: 0.175, data_time: 0.010, memory: 13424, loss_cls: 0.4130, loss_bbox: 0.3894, loss_kps: 0.0000, loss: 0.8023
2026-09-10 06:31:22,122 - mmdet - INFO - Epoch [7][400/8725]	lr: 1.000e-03, eta: 6:15:04, time: 0.175, data_time: 0.011, memory: 13424, loss_cls: 0.4203, loss_bbox: 0.4051, loss_kps: 0.0000, loss: 0.8254
2026-09-10 06:31:30,817 - mmdet - INFO - Epoch [7][450/8725]	lr: 1.000e-03, eta: 6:14:53, time: 0.174, data_time: 0.010, memory: 13424, loss_cls: 0.4591, loss_bbox: 0.4150, loss_kps: 0.0000, loss: 0.8741
2026-09-10 06:31:39,584 - mmdet - INFO - Epoch [7][500/8725]	lr: 1.000e-03, eta: 6:14:43, time: 0.175, data_time: 0.010, memory: 13424, loss_cls: 0.3911, loss_bbox: 0.3823, loss_kps: 0.0000, loss: 0.7734
2026-09-10 06:31:48,273 - mmdet - INFO - Epoch [7][550/8725]	lr: 1.000e-03, eta: 6:14:33, time: 0.174, data_time: 0.010, memory: 13424, loss_cls: 0.4407, loss_bbox: 0.3974, loss_kps: 0.0000, loss: 0.8381
2026-09-10 06:31:57,035 - mmdet - INFO - Epoch [7][600/8725]	lr: 1.000e-03, eta: 6:14:22, time: 0.175, data_time: 0.010, memory: 13424, loss_cls: 0.4223, loss_bbox: 0.3564, loss_kps: 0.0000, loss: 0.7787
2026-09-10 06:32:05,757 - mmdet - INFO - Exp name: scrfd_armAA34.py
2026-09-10 06:32:05,758 - mmdet - INFO - Epoch [7][650/8725]	lr: 1.000e-03, eta: 6:14:12, time: 0.174, data_time: 0.010, memory: 13424, loss_cls: 0.4661, loss_bbox: 0.4246, loss_kps: 0.0000, loss: 0.8907
2026-09-10 06:32:14,527 - mmdet - INFO - Epoch [7][700/8725]	lr: 1.000e-03, eta: 6:14:01, time: 0.175, data_time: 0.010, memory: 13424, loss_cls: 0.4284, loss_bbox: 0.4013, loss_kps: 0.0000, loss: 0.8298
2026-09-10 06:32:23,265 - mmdet - INFO - Epoch [7][750/8725]	lr: 1.000e-03, eta: 6:13:51, time: 0.175, data_time: 0.010, memory: 13424, loss_cls: 0.4242, loss_bbox: 0.3900, loss_kps: 0.0000, loss: 0.8142
2026-09-10 06:32:32,031 - mmdet - INFO - Epoch [7][800/8725]	lr: 1.000e-03, eta: 6:13:41, time: 0.175, data_time: 0.011, memory: 13424, loss_cls: 0.4293, loss_bbox: 0.4027, loss_kps: 0.0000, loss: 0.8320
2026-09-10 06:32:40,763 - mmdet - INFO - Epoch [7][850/8725]	lr: 1.000e-03, eta: 6:13:30, time: 0.175, data_time: 0.010, memory: 13424, loss_cls: 0.3897, loss_bbox: 0.3897, loss_kps: 0.0000, loss: 0.7795
2026-09-10 06:32:49,488 - mmdet - INFO - Epoch [7][900/8725]	lr: 1.000e-03, eta: 6:13:20, time: 0.174, data_time: 0.010, memory: 13424, loss_cls: 0.4183, loss_bbox: 0.3997, loss_kps: 0.0000, loss: 0.8180
2026-09-10 06:32:58,260 - mmdet - INFO - Epoch [7][950/8725]	lr: 1.000e-03, eta: 6:13:10, time: 0.176, data_time: 0.010, memory: 13424, loss_cls: 0.4396, loss_bbox: 0.3814, loss_kps: 0.0000, loss: 0.8210
2026-09-10 06:33:07,036 - mmdet - INFO - Epoch [7][1000/8725]	lr: 1.000e-03, eta: 6:12:59, time: 0.175, data_time: 0.010, memory: 13424, loss_cls: 0.4727, loss_bbox: 0.4168, loss_kps: 0.0000, loss: 0.8895
2026-09-10 06:33:15,746 - mmdet - INFO - Epoch [7][1050/8725]	lr: 1.000e-03, eta: 6:12:49, time: 0.174, data_time: 0.009, memory: 13424, loss_cls: 0.4191, loss_bbox: 0.4108, loss_kps: 0.0000, loss: 0.8300
2026-09-10 06:33:24,485 - mmdet - INFO - Epoch [7][1100/8725]	lr: 1.000e-03, eta: 6:12:39, time: 0.175, data_time: 0.009, memory: 13424, loss_cls: 0.4176, loss_bbox: 0.3982, loss_kps: 0.0000, loss: 0.8158
2026-09-10 06:33:33,186 - mmdet - INFO - Epoch [7][1150/8725]	lr: 1.000e-03, eta: 6:12:28, time: 0.174, data_time: 0.009, memory: 13424, loss_cls: 0.4139, loss_bbox: 0.3941, loss_kps: 0.0000, loss: 0.8080
2026-09-10 06:33:41,910 - mmdet - INFO - Epoch [7][1200/8725]	lr: 1.000e-03, eta: 6:12:18, time: 0.174, data_time: 0.010, memory: 13424, loss_cls: 0.4676, loss_bbox: 0.3921, loss_kps: 0.0000, loss: 0.8597
2026-09-10 06:33:50,607 - mmdet - INFO - Epoch [7][1250/8725]	lr: 1.000e-03, eta: 6:12:07, time: 0.174, data_time: 0.009, memory: 13424, loss_cls: 0.4139, loss_bbox: 0.3922, loss_kps: 0.0000, loss: 0.8062
2026-09-10 06:33:59,323 - mmdet - INFO - Epoch [7][1300/8725]	lr: 1.000e-03, eta: 6:11:57, time: 0.174, data_time: 0.009, memory: 13424, loss_cls: 0.4454, loss_bbox: 0.3932, loss_kps: 0.0000, loss: 0.8386
2026-09-10 06:34:08,000 - mmdet - INFO - Epoch [7][1350/8725]	lr: 1.000e-03, eta: 6:11:46, time: 0.174, data_time: 0.010, memory: 13424, loss_cls: 0.4373, loss_bbox: 0.4047, loss_kps: 0.0000, loss: 0.8419
2026-09-10 06:34:16,749 - mmdet - INFO - Epoch [7][1400/8725]	lr: 1.000e-03, eta: 6:11:36, time: 0.175, data_time: 0.009, memory: 13424, loss_cls: 0.4373, loss_bbox: 0.4230, loss_kps: 0.0000, loss: 0.8603
2026-09-10 06:34:25,447 - mmdet - INFO - Epoch [7][1450/8725]	lr: 1.000e-03, eta: 6:11:26, time: 0.174, data_time: 0.010, memory: 13424, loss_cls: 0.4357, loss_bbox: 0.3961, loss_kps: 0.0000, loss: 0.8318
2026-09-10 06:34:34,195 - mmdet - INFO - Epoch [7][1500/8725]	lr: 1.000e-03, eta: 6:11:15, time: 0.175, data_time: 0.010, memory: 13424, loss_cls: 0.4072, loss_bbox: 0.4146, loss_kps: 0.0000, loss: 0.8218
2026-09-10 06:34:42,859 - mmdet - INFO - Epoch [7][1550/8725]	lr: 1.000e-03, eta: 6:11:05, time: 0.173, data_time: 0.010, memory: 13424, loss_cls: 0.4169, loss_bbox: 0.3968, loss_kps: 0.0000, loss: 0.8137
2026-09-10 06:34:51,595 - mmdet - INFO - Epoch [7][1600/8725]	lr: 1.000e-03, eta: 6:10:54, time: 0.175, data_time: 0.011, memory: 13424, loss_cls: 0.4166, loss_bbox: 0.3906, loss_kps: 0.0000, loss: 0.8072
2026-09-10 06:35:00,314 - mmdet - INFO - Exp name: scrfd_armAA34.py
2026-09-10 06:35:00,314 - mmdet - INFO - Epoch [7][1650/8725]	lr: 1.000e-03, eta: 6:10:44, time: 0.174, data_time: 0.010, memory: 13424, loss_cls: 0.4554, loss_bbox: 0.4117, loss_kps: 0.0000, loss: 0.8671
2026-09-10 06:35:09,037 - mmdet - INFO - Epoch [7][1700/8725]	lr: 1.000e-03, eta: 6:10:34, time: 0.174, data_time: 0.009, memory: 13424, loss_cls: 0.4146, loss_bbox: 0.3830, loss_kps: 0.0000, loss: 0.7976
2026-09-10 06:35:17,718 - mmdet - INFO - Epoch [7][1750/8725]	lr: 1.000e-03, eta: 6:10:23, time: 0.174, data_time: 0.010, memory: 13424, loss_cls: 0.4298, loss_bbox: 0.3843, loss_kps: 0.0000, loss: 0.8142
2026-09-10 06:35:26,418 - mmdet - INFO - Epoch [7][1800/8725]	lr: 1.000e-03, eta: 6:10:13, time: 0.174, data_time: 0.010, memory: 13424, loss_cls: 0.4013, loss_bbox: 0.3869, loss_kps: 0.0000, loss: 0.7881
2026-09-10 06:35:35,735 - mmdet - INFO - Epoch [7][1850/8725]	lr: 1.000e-03, eta: 6:10:04, time: 0.186, data_time: 0.010, memory: 13424, loss_cls: 0.4562, loss_bbox: 0.3838, loss_kps: 0.0000, loss: 0.8400
2026-09-10 06:35:44,497 - mmdet - INFO - Epoch [7][1900/8725]	lr: 1.000e-03, eta: 6:09:54, time: 0.175, data_time: 0.010, memory: 13424, loss_cls: 0.4353, loss_bbox: 0.4138, loss_kps: 0.0000, loss: 0.8491
2026-09-10 06:35:53,228 - mmdet - INFO - Epoch [7][1950/8725]	lr: 1.000e-03, eta: 6:09:43, time: 0.175, data_time: 0.009, memory: 13424, loss_cls: 0.3889, loss_bbox: 0.3791, loss_kps: 0.0000, loss: 0.7679
2026-09-10 06:36:01,846 - mmdet - INFO - Epoch [7][2000/8725]	lr: 1.000e-03, eta: 6:09:33, time: 0.172, data_time: 0.010, memory: 13424, loss_cls: 0.4090, loss_bbox: 0.3996, loss_kps: 0.0000, loss: 0.8085
2026-09-10 06:36:10,541 - mmdet - INFO - Epoch [7][2050/8725]	lr: 1.000e-03, eta: 6:09:22, time: 0.174, data_time: 0.009, memory: 13424, loss_cls: 0.4395, loss_bbox: 0.4162, loss_kps: 0.0000, loss: 0.8557
2026-09-10 06:36:19,196 - mmdet - INFO - Epoch [7][2100/8725]	lr: 1.000e-03, eta: 6:09:12, time: 0.173, data_time: 0.010, memory: 13424, loss_cls: 0.4328, loss_bbox: 0.4228, loss_kps: 0.0000, loss: 0.8555
2026-09-10 06:36:27,938 - mmdet - INFO - Epoch [7][2150/8725]	lr: 1.000e-03, eta: 6:09:02, time: 0.175, data_time: 0.010, memory: 13424, loss_cls: 0.4359, loss_bbox: 0.3982, loss_kps: 0.0000, loss: 0.8342
2026-09-10 06:36:36,604 - mmdet - INFO - Epoch [7][2200/8725]	lr: 1.000e-03, eta: 6:08:51, time: 0.173, data_time: 0.010, memory: 13424, loss_cls: 0.4494, loss_bbox: 0.4028, loss_kps: 0.0000, loss: 0.8522
2026-09-10 06:36:45,260 - mmdet - INFO - Epoch [7][2250/8725]	lr: 1.000e-03, eta: 6:08:41, time: 0.173, data_time: 0.010, memory: 13424, loss_cls: 0.4122, loss_bbox: 0.3968, loss_kps: 0.0000, loss: 0.8090
2026-09-10 06:36:53,988 - mmdet - INFO - Epoch [7][2300/8725]	lr: 1.000e-03, eta: 6:08:30, time: 0.174, data_time: 0.010, memory: 13424, loss_cls: 0.4312, loss_bbox: 0.4002, loss_kps: 0.0000, loss: 0.8314
2026-09-10 06:37:02,692 - mmdet - INFO - Epoch [7][2350/8725]	lr: 1.000e-03, eta: 6:08:20, time: 0.174, data_time: 0.011, memory: 13424, loss_cls: 0.4148, loss_bbox: 0.4002, loss_kps: 0.0000, loss: 0.8150
2026-09-10 06:37:11,368 - mmdet - INFO - Epoch [7][2400/8725]	lr: 1.000e-03, eta: 6:08:09, time: 0.173, data_time: 0.010, memory: 13424, loss_cls: 0.3951, loss_bbox: 0.3927, loss_kps: 0.0000, loss: 0.7878
2026-09-10 06:37:20,059 - mmdet - INFO - Epoch [7][2450/8725]	lr: 1.000e-03, eta: 6:07:59, time: 0.174, data_time: 0.010, memory: 13424, loss_cls: 0.4060, loss_bbox: 0.4136, loss_kps: 0.0000, loss: 0.8195
2026-09-10 06:37:28,782 - mmdet - INFO - Epoch [7][2500/8725]	lr: 1.000e-03, eta: 6:07:49, time: 0.174, data_time: 0.010, memory: 13424, loss_cls: 0.4289, loss_bbox: 0.4031, loss_kps: 0.0000, loss: 0.8320
2026-09-10 06:37:37,413 - mmdet - INFO - Epoch [7][2550/8725]	lr: 1.000e-03, eta: 6:07:38, time: 0.173, data_time: 0.010, memory: 13424, loss_cls: 0.4223, loss_bbox: 0.4198, loss_kps: 0.0000, loss: 0.8421
2026-09-10 06:37:46,083 - mmdet - INFO - Epoch [7][2600/8725]	lr: 1.000e-03, eta: 6:07:28, time: 0.173, data_time: 0.010, memory: 13424, loss_cls: 0.4141, loss_bbox: 0.3949, loss_kps: 0.0000, loss: 0.8090
2026-09-10 06:37:54,795 - mmdet - INFO - Exp name: scrfd_armAA34.py
2026-09-10 06:37:54,796 - mmdet - INFO - Epoch [7][2650/8725]	lr: 1.000e-03, eta: 6:07:18, time: 0.174, data_time: 0.010, memory: 13424, loss_cls: 0.4437, loss_bbox: 0.3777, loss_kps: 0.0000, loss: 0.8215
2026-09-10 06:38:03,490 - mmdet - INFO - Epoch [7][2700/8725]	lr: 1.000e-03, eta: 6:07:07, time: 0.174, data_time: 0.010, memory: 13424, loss_cls: 0.4230, loss_bbox: 0.3999, loss_kps: 0.0000, loss: 0.8230
2026-09-10 06:38:12,237 - mmdet - INFO - Epoch [7][2750/8725]	lr: 1.000e-03, eta: 6:06:57, time: 0.175, data_time: 0.011, memory: 13424, loss_cls: 0.4408, loss_bbox: 0.4086, loss_kps: 0.0000, loss: 0.8495
2026-09-10 06:38:20,938 - mmdet - INFO - Epoch [7][2800/8725]	lr: 1.000e-03, eta: 6:06:47, time: 0.174, data_time: 0.010, memory: 13424, loss_cls: 0.4561, loss_bbox: 0.4060, loss_kps: 0.0000, loss: 0.8621
2026-09-10 06:38:29,664 - mmdet - INFO - Epoch [7][2850/8725]	lr: 1.000e-03, eta: 6:06:36, time: 0.175, data_time: 0.011, memory: 13424, loss_cls: 0.4299, loss_bbox: 0.3806, loss_kps: 0.0000, loss: 0.8104
2026-09-10 06:38:38,339 - mmdet - INFO - Epoch [7][2900/8725]	lr: 1.000e-03, eta: 6:06:26, time: 0.173, data_time: 0.010, memory: 13424, loss_cls: 0.4120, loss_bbox: 0.3920, loss_kps: 0.0000, loss: 0.8040
2026-09-10 06:38:47,057 - mmdet - INFO - Epoch [7][2950/8725]	lr: 1.000e-03, eta: 6:06:16, time: 0.174, data_time: 0.010, memory: 13424, loss_cls: 0.4590, loss_bbox: 0.4067, loss_kps: 0.0000, loss: 0.8657
2026-09-10 06:38:55,776 - mmdet - INFO - Epoch [7][3000/8725]	lr: 1.000e-03, eta: 6:06:05, time: 0.174, data_time: 0.010, memory: 13424, loss_cls: 0.4125, loss_bbox: 0.3958, loss_kps: 0.0000, loss: 0.8083
2026-09-10 06:39:04,436 - mmdet - INFO - Epoch [7][3050/8725]	lr: 1.000e-03, eta: 6:05:55, time: 0.173, data_time: 0.010, memory: 13424, loss_cls: 0.4313, loss_bbox: 0.3942, loss_kps: 0.0000, loss: 0.8255
2026-09-10 06:39:13,157 - mmdet - INFO - Epoch [7][3100/8725]	lr: 1.000e-03, eta: 6:05:45, time: 0.174, data_time: 0.010, memory: 13424, loss_cls: 0.4246, loss_bbox: 0.3862, loss_kps: 0.0000, loss: 0.8107
2026-09-10 06:39:21,883 - mmdet - INFO - Epoch [7][3150/8725]	lr: 1.000e-03, eta: 6:05:34, time: 0.175, data_time: 0.011, memory: 13424, loss_cls: 0.3858, loss_bbox: 0.3884, loss_kps: 0.0000, loss: 0.7743
2026-09-10 06:39:30,563 - mmdet - INFO - Epoch [7][3200/8725]	lr: 1.000e-03, eta: 6:05:24, time: 0.174, data_time: 0.010, memory: 13424, loss_cls: 0.4219, loss_bbox: 0.4036, loss_kps: 0.0000, loss: 0.8256
2026-09-10 06:39:39,217 - mmdet - INFO - Epoch [7][3250/8725]	lr: 1.000e-03, eta: 6:05:14, time: 0.173, data_time: 0.011, memory: 13424, loss_cls: 0.3992, loss_bbox: 0.3984, loss_kps: 0.0000, loss: 0.7976
2026-09-10 06:39:48,005 - mmdet - INFO - Epoch [7][3300/8725]	lr: 1.000e-03, eta: 6:05:03, time: 0.176, data_time: 0.010, memory: 13424, loss_cls: 0.4088, loss_bbox: 0.4022, loss_kps: 0.0000, loss: 0.8110
2026-09-10 06:39:56,763 - mmdet - INFO - Epoch [7][3350/8725]	lr: 1.000e-03, eta: 6:04:53, time: 0.175, data_time: 0.011, memory: 13424, loss_cls: 0.4423, loss_bbox: 0.4217, loss_kps: 0.0000, loss: 0.8639
2026-09-10 06:40:05,532 - mmdet - INFO - Epoch [7][3400/8725]	lr: 1.000e-03, eta: 6:04:43, time: 0.175, data_time: 0.010, memory: 13424, loss_cls: 0.4165, loss_bbox: 0.3963, loss_kps: 0.0000, loss: 0.8128
2026-09-10 06:40:14,238 - mmdet - INFO - Epoch [7][3450/8725]	lr: 1.000e-03, eta: 6:04:33, time: 0.174, data_time: 0.011, memory: 13424, loss_cls: 0.4714, loss_bbox: 0.3941, loss_kps: 0.0000, loss: 0.8655
2026-09-10 06:40:22,902 - mmdet - INFO - Epoch [7][3500/8725]	lr: 1.000e-03, eta: 6:04:22, time: 0.173, data_time: 0.011, memory: 13424, loss_cls: 0.4165, loss_bbox: 0.4028, loss_kps: 0.0000, loss: 0.8192
2026-09-10 06:40:31,572 - mmdet - INFO - Epoch [7][3550/8725]	lr: 1.000e-03, eta: 6:04:12, time: 0.173, data_time: 0.010, memory: 13424, loss_cls: 0.4510, loss_bbox: 0.4078, loss_kps: 0.0000, loss: 0.8588
2026-09-10 06:40:40,255 - mmdet - INFO - Epoch [7][3600/8725]	lr: 1.000e-03, eta: 6:04:02, time: 0.174, data_time: 0.010, memory: 13424, loss_cls: 0.4204, loss_bbox: 0.3877, loss_kps: 0.0000, loss: 0.8080
2026-09-10 06:40:48,957 - mmdet - INFO - Exp name: scrfd_armAA34.py
2026-09-10 06:40:48,958 - mmdet - INFO - Epoch [7][3650/8725]	lr: 1.000e-03, eta: 6:03:51, time: 0.174, data_time: 0.010, memory: 13424, loss_cls: 0.3985, loss_bbox: 0.3831, loss_kps: 0.0000, loss: 0.7816
2026-09-10 06:40:57,684 - mmdet - INFO - Epoch [7][3700/8725]	lr: 1.000e-03, eta: 6:03:41, time: 0.174, data_time: 0.010, memory: 13424, loss_cls: 0.4125, loss_bbox: 0.3939, loss_kps: 0.0000, loss: 0.8065
2026-09-10 06:41:06,390 - mmdet - INFO - Epoch [7][3750/8725]	lr: 1.000e-03, eta: 6:03:31, time: 0.174, data_time: 0.009, memory: 13424, loss_cls: 0.4131, loss_bbox: 0.3922, loss_kps: 0.0000, loss: 0.8052
2026-09-10 06:41:15,019 - mmdet - INFO - Epoch [7][3800/8725]	lr: 1.000e-03, eta: 6:03:20, time: 0.172, data_time: 0.010, memory: 13424, loss_cls: 0.4245, loss_bbox: 0.3828, loss_kps: 0.0000, loss: 0.8073
2026-09-10 06:41:23,616 - mmdet - INFO - Epoch [7][3850/8725]	lr: 1.000e-03, eta: 6:03:10, time: 0.172, data_time: 0.010, memory: 13424, loss_cls: 0.4201, loss_bbox: 0.3878, loss_kps: 0.0000, loss: 0.8079
2026-09-10 06:41:32,204 - mmdet - INFO - Epoch [7][3900/8725]	lr: 1.000e-03, eta: 6:02:59, time: 0.172, data_time: 0.010, memory: 13424, loss_cls: 0.4905, loss_bbox: 0.3867, loss_kps: 0.0000, loss: 0.8772
2026-09-10 06:41:40,875 - mmdet - INFO - Epoch [7][3950/8725]	lr: 1.000e-03, eta: 6:02:49, time: 0.174, data_time: 0.010, memory: 13424, loss_cls: 0.4269, loss_bbox: 0.3992, loss_kps: 0.0000, loss: 0.8261
2026-09-10 06:41:49,491 - mmdet - INFO - Epoch [7][4000/8725]	lr: 1.000e-03, eta: 6:02:39, time: 0.172, data_time: 0.010, memory: 13424, loss_cls: 0.4119, loss_bbox: 0.4126, loss_kps: 0.0000, loss: 0.8245
2026-09-10 06:41:58,113 - mmdet - INFO - Epoch [7][4050/8725]	lr: 1.000e-03, eta: 6:02:28, time: 0.173, data_time: 0.010, memory: 13424, loss_cls: 0.4610, loss_bbox: 0.4132, loss_kps: 0.0000, loss: 0.8742
2026-09-10 06:42:06,712 - mmdet - INFO - Epoch [7][4100/8725]	lr: 1.000e-03, eta: 6:02:18, time: 0.172, data_time: 0.010, memory: 13424, loss_cls: 0.4163, loss_bbox: 0.3977, loss_kps: 0.0000, loss: 0.8140
2026-09-10 06:42:15,327 - mmdet - INFO - Epoch [7][4150/8725]	lr: 1.000e-03, eta: 6:02:07, time: 0.172, data_time: 0.010, memory: 13424, loss_cls: 0.4236, loss_bbox: 0.3792, loss_kps: 0.0000, loss: 0.8028
2026-09-10 06:42:23,933 - mmdet - INFO - Epoch [7][4200/8725]	lr: 1.000e-03, eta: 6:01:57, time: 0.172, data_time: 0.010, memory: 13424, loss_cls: 0.4445, loss_bbox: 0.4021, loss_kps: 0.0000, loss: 0.8466
2026-09-10 06:42:32,580 - mmdet - INFO - Epoch [7][4250/8725]	lr: 1.000e-03, eta: 6:01:46, time: 0.173, data_time: 0.010, memory: 13424, loss_cls: 0.4218, loss_bbox: 0.3953, loss_kps: 0.0000, loss: 0.8171
2026-09-10 06:42:41,199 - mmdet - INFO - Epoch [7][4300/8725]	lr: 1.000e-03, eta: 6:01:36, time: 0.172, data_time: 0.010, memory: 13424, loss_cls: 0.4129, loss_bbox: 0.3947, loss_kps: 0.0000, loss: 0.8076
2026-09-10 06:42:49,831 - mmdet - INFO - Epoch [7][4350/8725]	lr: 1.000e-03, eta: 6:01:26, time: 0.173, data_time: 0.010, memory: 13424, loss_cls: 0.4344, loss_bbox: 0.4147, loss_kps: 0.0000, loss: 0.8491
2026-09-10 06:42:58,412 - mmdet - INFO - Epoch [7][4400/8725]	lr: 1.000e-03, eta: 6:01:15, time: 0.172, data_time: 0.010, memory: 13424, loss_cls: 0.4551, loss_bbox: 0.4166, loss_kps: 0.0000, loss: 0.8717
2026-09-10 06:43:07,023 - mmdet - INFO - Epoch [7][4450/8725]	lr: 1.000e-03, eta: 6:01:05, time: 0.172, data_time: 0.010, memory: 13424, loss_cls: 0.4400, loss_bbox: 0.4026, loss_kps: 0.0000, loss: 0.8426
2026-09-10 06:43:15,640 - mmdet - INFO - Epoch [7][4500/8725]	lr: 1.000e-03, eta: 6:00:54, time: 0.172, data_time: 0.010, memory: 13424, loss_cls: 0.4306, loss_bbox: 0.4162, loss_kps: 0.0000, loss: 0.8468
2026-09-10 06:43:24,303 - mmdet - INFO - Epoch [7][4550/8725]	lr: 1.000e-03, eta: 6:00:44, time: 0.173, data_time: 0.010, memory: 13424, loss_cls: 0.4248, loss_bbox: 0.3843, loss_kps: 0.0000, loss: 0.8092
2026-09-10 06:43:32,937 - mmdet - INFO - Epoch [7][4600/8725]	lr: 1.000e-03, eta: 6:00:34, time: 0.173, data_time: 0.010, memory: 13424, loss_cls: 0.4148, loss_bbox: 0.4209, loss_kps: 0.0000, loss: 0.8357
2026-09-10 06:43:41,556 - mmdet - INFO - Exp name: scrfd_armAA34.py
2026-09-10 06:43:41,557 - mmdet - INFO - Epoch [7][4650/8725]	lr: 1.000e-03, eta: 6:00:23, time: 0.172, data_time: 0.011, memory: 13424, loss_cls: 0.4229, loss_bbox: 0.4244, loss_kps: 0.0000, loss: 0.8473
2026-09-10 06:43:50,234 - mmdet - INFO - Epoch [7][4700/8725]	lr: 1.000e-03, eta: 6:00:13, time: 0.173, data_time: 0.010, memory: 13424, loss_cls: 0.4111, loss_bbox: 0.3856, loss_kps: 0.0000, loss: 0.7968
2026-09-10 06:43:58,889 - mmdet - INFO - Epoch [7][4750/8725]	lr: 1.000e-03, eta: 6:00:03, time: 0.173, data_time: 0.010, memory: 13424, loss_cls: 0.4231, loss_bbox: 0.3955, loss_kps: 0.0000, loss: 0.8185
2026-09-10 06:44:07,528 - mmdet - INFO - Epoch [7][4800/8725]	lr: 1.000e-03, eta: 5:59:52, time: 0.173, data_time: 0.010, memory: 13424, loss_cls: 0.3970, loss_bbox: 0.3940, loss_kps: 0.0000, loss: 0.7911
2026-09-10 06:44:16,156 - mmdet - INFO - Epoch [7][4850/8725]	lr: 1.000e-03, eta: 5:59:42, time: 0.173, data_time: 0.010, memory: 13424, loss_cls: 0.4418, loss_bbox: 0.4291, loss_kps: 0.0000, loss: 0.8710
2026-09-10 06:44:24,763 - mmdet - INFO - Epoch [7][4900/8725]	lr: 1.000e-03, eta: 5:59:31, time: 0.172, data_time: 0.010, memory: 13424, loss_cls: 0.4332, loss_bbox: 0.4034, loss_kps: 0.0000, loss: 0.8366
2026-09-10 06:44:33,490 - mmdet - INFO - Epoch [7][4950/8725]	lr: 1.000e-03, eta: 5:59:21, time: 0.175, data_time: 0.010, memory: 13424, loss_cls: 0.4017, loss_bbox: 0.3810, loss_kps: 0.0000, loss: 0.7826
2026-09-10 06:44:42,094 - mmdet - INFO - Epoch [7][5000/8725]	lr: 1.000e-03, eta: 5:59:11, time: 0.172, data_time: 0.010, memory: 13424, loss_cls: 0.4205, loss_bbox: 0.4025, loss_kps: 0.0000, loss: 0.8229
2026-09-10 06:44:50,742 - mmdet - INFO - Epoch [7][5050/8725]	lr: 1.000e-03, eta: 5:59:00, time: 0.173, data_time: 0.010, memory: 13424, loss_cls: 0.3985, loss_bbox: 0.3938, loss_kps: 0.0000, loss: 0.7924
2026-09-10 06:44:59,621 - mmdet - INFO - Epoch [7][5100/8725]	lr: 1.000e-03, eta: 5:58:51, time: 0.177, data_time: 0.009, memory: 13424, loss_cls: 0.4277, loss_bbox: 0.3814, loss_kps: 0.0000, loss: 0.8090
2026-09-10 06:45:08,258 - mmdet - INFO - Epoch [7][5150/8725]	lr: 1.000e-03, eta: 5:58:40, time: 0.173, data_time: 0.010, memory: 13424, loss_cls: 0.4067, loss_bbox: 0.4089, loss_kps: 0.0000, loss: 0.8156
2026-09-10 06:45:16,874 - mmdet - INFO - Epoch [7][5200/8725]	lr: 1.000e-03, eta: 5:58:30, time: 0.172, data_time: 0.010, memory: 13424, loss_cls: 0.3638, loss_bbox: 0.3729, loss_kps: 0.0000, loss: 0.7367
2026-09-10 06:45:25,522 - mmdet - INFO - Epoch [7][5250/8725]	lr: 1.000e-03, eta: 5:58:20, time: 0.173, data_time: 0.010, memory: 13424, loss_cls: 0.4662, loss_bbox: 0.4134, loss_kps: 0.0000, loss: 0.8796
2026-09-10 06:45:34,166 - mmdet - INFO - Epoch [7][5300/8725]	lr: 1.000e-03, eta: 5:58:09, time: 0.173, data_time: 0.010, memory: 13424, loss_cls: 0.4263, loss_bbox: 0.3950, loss_kps: 0.0000, loss: 0.8213
2026-09-10 06:45:42,846 - mmdet - INFO - Epoch [7][5350/8725]	lr: 1.000e-03, eta: 5:57:59, time: 0.174, data_time: 0.010, memory: 13424, loss_cls: 0.4291, loss_bbox: 0.3782, loss_kps: 0.0000, loss: 0.8073
2026-09-10 06:45:51,445 - mmdet - INFO - Epoch [7][5400/8725]	lr: 1.000e-03, eta: 5:57:49, time: 0.172, data_time: 0.010, memory: 13424, loss_cls: 0.4339, loss_bbox: 0.4161, loss_kps: 0.0000, loss: 0.8500
2026-09-10 06:46:00,116 - mmdet - INFO - Epoch [7][5450/8725]	lr: 1.000e-03, eta: 5:57:38, time: 0.173, data_time: 0.010, memory: 13424, loss_cls: 0.4457, loss_bbox: 0.3949, loss_kps: 0.0000, loss: 0.8406
2026-09-10 06:46:08,764 - mmdet - INFO - Epoch [7][5500/8725]	lr: 1.000e-03, eta: 5:57:28, time: 0.173, data_time: 0.010, memory: 13424, loss_cls: 0.4455, loss_bbox: 0.3757, loss_kps: 0.0000, loss: 0.8212
2026-09-10 06:46:17,361 - mmdet - INFO - Epoch [7][5550/8725]	lr: 1.000e-03, eta: 5:57:18, time: 0.172, data_time: 0.010, memory: 13424, loss_cls: 0.4180, loss_bbox: 0.4221, loss_kps: 0.0000, loss: 0.8402
2026-09-10 06:46:26,010 - mmdet - INFO - Epoch [7][5600/8725]	lr: 1.000e-03, eta: 5:57:07, time: 0.173, data_time: 0.010, memory: 13424, loss_cls: 0.4408, loss_bbox: 0.4067, loss_kps: 0.0000, loss: 0.8474
2026-09-10 06:46:34,611 - mmdet - INFO - Exp name: scrfd_armAA34.py
2026-09-10 06:46:34,612 - mmdet - INFO - Epoch [7][5650/8725]	lr: 1.000e-03, eta: 5:56:57, time: 0.172, data_time: 0.010, memory: 13424, loss_cls: 0.4410, loss_bbox: 0.4322, loss_kps: 0.0000, loss: 0.8732
2026-09-10 06:46:43,224 - mmdet - INFO - Epoch [7][5700/8725]	lr: 1.000e-03, eta: 5:56:47, time: 0.172, data_time: 0.010, memory: 13424, loss_cls: 0.4343, loss_bbox: 0.4169, loss_kps: 0.0000, loss: 0.8512
2026-09-10 06:46:51,887 - mmdet - INFO - Epoch [7][5750/8725]	lr: 1.000e-03, eta: 5:56:36, time: 0.173, data_time: 0.011, memory: 13424, loss_cls: 0.3951, loss_bbox: 0.3820, loss_kps: 0.0000, loss: 0.7772
2026-09-10 06:47:00,549 - mmdet - INFO - Epoch [7][5800/8725]	lr: 1.000e-03, eta: 5:56:26, time: 0.173, data_time: 0.010, memory: 13424, loss_cls: 0.4234, loss_bbox: 0.4025, loss_kps: 0.0000, loss: 0.8259
2026-09-10 06:47:09,282 - mmdet - INFO - Epoch [7][5850/8725]	lr: 1.000e-03, eta: 5:56:16, time: 0.175, data_time: 0.011, memory: 13424, loss_cls: 0.3968, loss_bbox: 0.3813, loss_kps: 0.0000, loss: 0.7781
2026-09-10 06:47:17,966 - mmdet - INFO - Epoch [7][5900/8725]	lr: 1.000e-03, eta: 5:56:06, time: 0.174, data_time: 0.012, memory: 13424, loss_cls: 0.4570, loss_bbox: 0.4167, loss_kps: 0.0000, loss: 0.8737
2026-09-10 06:47:26,670 - mmdet - INFO - Epoch [7][5950/8725]	lr: 1.000e-03, eta: 5:55:56, time: 0.174, data_time: 0.011, memory: 13424, loss_cls: 0.4246, loss_bbox: 0.3961, loss_kps: 0.0000, loss: 0.8207
2026-09-10 06:47:35,311 - mmdet - INFO - Epoch [7][6000/8725]	lr: 1.000e-03, eta: 5:55:45, time: 0.173, data_time: 0.011, memory: 13424, loss_cls: 0.3986, loss_bbox: 0.3967, loss_kps: 0.0000, loss: 0.7953
2026-09-10 06:47:43,906 - mmdet - INFO - Epoch [7][6050/8725]	lr: 1.000e-03, eta: 5:55:35, time: 0.172, data_time: 0.011, memory: 13424, loss_cls: 0.4247, loss_bbox: 0.4090, loss_kps: 0.0000, loss: 0.8337
2026-09-10 06:47:52,890 - mmdet - INFO - Epoch [7][6100/8725]	lr: 1.000e-03, eta: 5:55:25, time: 0.180, data_time: 0.011, memory: 13424, loss_cls: 0.4167, loss_bbox: 0.4016, loss_kps: 0.0000, loss: 0.8184
2026-09-10 06:48:01,571 - mmdet - INFO - Epoch [7][6150/8725]	lr: 1.000e-03, eta: 5:55:15, time: 0.174, data_time: 0.011, memory: 13424, loss_cls: 0.4300, loss_bbox: 0.3942, loss_kps: 0.0000, loss: 0.8242
2026-09-10 06:48:10,283 - mmdet - INFO - Epoch [7][6200/8725]	lr: 1.000e-03, eta: 5:55:05, time: 0.174, data_time: 0.011, memory: 13424, loss_cls: 0.4370, loss_bbox: 0.4086, loss_kps: 0.0000, loss: 0.8456
2026-09-10 06:48:19,018 - mmdet - INFO - Epoch [7][6250/8725]	lr: 1.000e-03, eta: 5:54:55, time: 0.175, data_time: 0.011, memory: 13424, loss_cls: 0.4431, loss_bbox: 0.4229, loss_kps: 0.0000, loss: 0.8660
2026-09-10 06:48:27,725 - mmdet - INFO - Epoch [7][6300/8725]	lr: 1.000e-03, eta: 5:54:45, time: 0.174, data_time: 0.011, memory: 13424, loss_cls: 0.4614, loss_bbox: 0.4062, loss_kps: 0.0000, loss: 0.8676
2026-09-10 06:48:36,389 - mmdet - INFO - Epoch [7][6350/8725]	lr: 1.000e-03, eta: 5:54:35, time: 0.173, data_time: 0.011, memory: 13424, loss_cls: 0.4412, loss_bbox: 0.3995, loss_kps: 0.0000, loss: 0.8408
2026-09-10 06:48:45,078 - mmdet - INFO - Epoch [7][6400/8725]	lr: 1.000e-03, eta: 5:54:25, time: 0.174, data_time: 0.011, memory: 13424, loss_cls: 0.4077, loss_bbox: 0.3885, loss_kps: 0.0000, loss: 0.7962
2026-09-10 06:48:53,765 - mmdet - INFO - Epoch [7][6450/8725]	lr: 1.000e-03, eta: 5:54:14, time: 0.174, data_time: 0.011, memory: 13424, loss_cls: 0.4334, loss_bbox: 0.3716, loss_kps: 0.0000, loss: 0.8050
2026-09-10 06:49:02,469 - mmdet - INFO - Epoch [7][6500/8725]	lr: 1.000e-03, eta: 5:54:04, time: 0.174, data_time: 0.011, memory: 13424, loss_cls: 0.4126, loss_bbox: 0.4061, loss_kps: 0.0000, loss: 0.8188
2026-09-10 06:49:11,161 - mmdet - INFO - Epoch [7][6550/8725]	lr: 1.000e-03, eta: 5:53:54, time: 0.174, data_time: 0.011, memory: 13424, loss_cls: 0.3987, loss_bbox: 0.3965, loss_kps: 0.0000, loss: 0.7952
2026-09-10 06:49:19,895 - mmdet - INFO - Epoch [7][6600/8725]	lr: 1.000e-03, eta: 5:53:44, time: 0.175, data_time: 0.011, memory: 13424, loss_cls: 0.4779, loss_bbox: 0.4129, loss_kps: 0.0000, loss: 0.8908
2026-09-10 06:49:28,656 - mmdet - INFO - Exp name: scrfd_armAA34.py
2026-09-10 06:49:28,656 - mmdet - INFO - Epoch [7][6650/8725]	lr: 1.000e-03, eta: 5:53:34, time: 0.175, data_time: 0.011, memory: 13424, loss_cls: 0.3901, loss_bbox: 0.3968, loss_kps: 0.0000, loss: 0.7870
2026-09-10 06:49:37,381 - mmdet - INFO - Epoch [7][6700/8725]	lr: 1.000e-03, eta: 5:53:24, time: 0.174, data_time: 0.011, memory: 13424, loss_cls: 0.4525, loss_bbox: 0.4029, loss_kps: 0.0000, loss: 0.8554
2026-09-10 06:49:46,070 - mmdet - INFO - Epoch [7][6750/8725]	lr: 1.000e-03, eta: 5:53:14, time: 0.174, data_time: 0.011, memory: 13424, loss_cls: 0.4582, loss_bbox: 0.4217, loss_kps: 0.0000, loss: 0.8799
2026-09-10 06:49:54,761 - mmdet - INFO - Epoch [7][6800/8725]	lr: 1.000e-03, eta: 5:53:04, time: 0.174, data_time: 0.010, memory: 13424, loss_cls: 0.4464, loss_bbox: 0.3874, loss_kps: 0.0000, loss: 0.8338
2026-09-10 06:50:03,483 - mmdet - INFO - Epoch [7][6850/8725]	lr: 1.000e-03, eta: 5:52:54, time: 0.175, data_time: 0.010, memory: 13424, loss_cls: 0.4387, loss_bbox: 0.4056, loss_kps: 0.0000, loss: 0.8444
2026-09-10 06:50:12,222 - mmdet - INFO - Epoch [7][6900/8725]	lr: 1.000e-03, eta: 5:52:44, time: 0.175, data_time: 0.010, memory: 13424, loss_cls: 0.4202, loss_bbox: 0.4162, loss_kps: 0.0000, loss: 0.8364
2026-09-10 06:50:20,904 - mmdet - INFO - Epoch [7][6950/8725]	lr: 1.000e-03, eta: 5:52:33, time: 0.174, data_time: 0.010, memory: 13424, loss_cls: 0.4394, loss_bbox: 0.4012, loss_kps: 0.0000, loss: 0.8406
2026-09-10 06:50:29,600 - mmdet - INFO - Epoch [7][7000/8725]	lr: 1.000e-03, eta: 5:52:23, time: 0.174, data_time: 0.011, memory: 13424, loss_cls: 0.4191, loss_bbox: 0.4144, loss_kps: 0.0000, loss: 0.8335
2026-09-10 06:50:38,370 - mmdet - INFO - Epoch [7][7050/8725]	lr: 1.000e-03, eta: 5:52:13, time: 0.175, data_time: 0.011, memory: 13424, loss_cls: 0.3997, loss_bbox: 0.3762, loss_kps: 0.0000, loss: 0.7759
2026-09-10 06:50:47,088 - mmdet - INFO - Epoch [7][7100/8725]	lr: 1.000e-03, eta: 5:52:03, time: 0.174, data_time: 0.010, memory: 13424, loss_cls: 0.4361, loss_bbox: 0.4013, loss_kps: 0.0000, loss: 0.8373
2026-09-10 06:50:55,770 - mmdet - INFO - Epoch [7][7150/8725]	lr: 1.000e-03, eta: 5:51:53, time: 0.174, data_time: 0.009, memory: 13424, loss_cls: 0.4259, loss_bbox: 0.3903, loss_kps: 0.0000, loss: 0.8162
2026-09-10 06:51:04,509 - mmdet - INFO - Epoch [7][7200/8725]	lr: 1.000e-03, eta: 5:51:43, time: 0.175, data_time: 0.010, memory: 13424, loss_cls: 0.3945, loss_bbox: 0.3862, loss_kps: 0.0000, loss: 0.7806
2026-09-10 06:51:13,141 - mmdet - INFO - Epoch [7][7250/8725]	lr: 1.000e-03, eta: 5:51:33, time: 0.173, data_time: 0.011, memory: 13424, loss_cls: 0.3976, loss_bbox: 0.3996, loss_kps: 0.0000, loss: 0.7972
2026-09-10 06:51:21,857 - mmdet - INFO - Epoch [7][7300/8725]	lr: 1.000e-03, eta: 5:51:23, time: 0.174, data_time: 0.010, memory: 13424, loss_cls: 0.4154, loss_bbox: 0.3861, loss_kps: 0.0000, loss: 0.8015
2026-09-10 06:51:30,544 - mmdet - INFO - Epoch [7][7350/8725]	lr: 1.000e-03, eta: 5:51:13, time: 0.174, data_time: 0.010, memory: 13424, loss_cls: 0.4357, loss_bbox: 0.4007, loss_kps: 0.0000, loss: 0.8364
2026-09-10 06:51:39,188 - mmdet - INFO - Epoch [7][7400/8725]	lr: 1.000e-03, eta: 5:51:02, time: 0.173, data_time: 0.011, memory: 13424, loss_cls: 0.4332, loss_bbox: 0.4280, loss_kps: 0.0000, loss: 0.8612
2026-09-10 06:51:47,964 - mmdet - INFO - Epoch [7][7450/8725]	lr: 1.000e-03, eta: 5:50:52, time: 0.176, data_time: 0.010, memory: 13424, loss_cls: 0.4300, loss_bbox: 0.3977, loss_kps: 0.0000, loss: 0.8277
2026-09-10 06:51:56,728 - mmdet - INFO - Epoch [7][7500/8725]	lr: 1.000e-03, eta: 5:50:42, time: 0.175, data_time: 0.010, memory: 13424, loss_cls: 0.4573, loss_bbox: 0.3997, loss_kps: 0.0000, loss: 0.8570
2026-09-10 06:52:05,432 - mmdet - INFO - Epoch [7][7550/8725]	lr: 1.000e-03, eta: 5:50:32, time: 0.174, data_time: 0.010, memory: 13424, loss_cls: 0.4232, loss_bbox: 0.4153, loss_kps: 0.0000, loss: 0.8385
2026-09-10 06:52:14,131 - mmdet - INFO - Epoch [7][7600/8725]	lr: 1.000e-03, eta: 5:50:22, time: 0.174, data_time: 0.009, memory: 13424, loss_cls: 0.4374, loss_bbox: 0.4028, loss_kps: 0.0000, loss: 0.8402
2026-09-10 06:52:22,789 - mmdet - INFO - Exp name: scrfd_armAA34.py
2026-09-10 06:52:22,789 - mmdet - INFO - Epoch [7][7650/8725]	lr: 1.000e-03, eta: 5:50:12, time: 0.173, data_time: 0.011, memory: 13424, loss_cls: 0.4273, loss_bbox: 0.4186, loss_kps: 0.0000, loss: 0.8459
2026-09-10 06:52:31,467 - mmdet - INFO - Epoch [7][7700/8725]	lr: 1.000e-03, eta: 5:50:02, time: 0.173, data_time: 0.010, memory: 13424, loss_cls: 0.4485, loss_bbox: 0.3953, loss_kps: 0.0000, loss: 0.8438
2026-09-10 06:52:40,174 - mmdet - INFO - Epoch [7][7750/8725]	lr: 1.000e-03, eta: 5:49:52, time: 0.174, data_time: 0.010, memory: 13424, loss_cls: 0.4441, loss_bbox: 0.4082, loss_kps: 0.0000, loss: 0.8523
2026-09-10 06:52:48,853 - mmdet - INFO - Epoch [7][7800/8725]	lr: 1.000e-03, eta: 5:49:42, time: 0.173, data_time: 0.010, memory: 13424, loss_cls: 0.3950, loss_bbox: 0.3632, loss_kps: 0.0000, loss: 0.7581
2026-09-10 06:52:57,494 - mmdet - INFO - Epoch [7][7850/8725]	lr: 1.000e-03, eta: 5:49:32, time: 0.173, data_time: 0.011, memory: 13424, loss_cls: 0.3832, loss_bbox: 0.3678, loss_kps: 0.0000, loss: 0.7510
2026-09-10 06:53:06,139 - mmdet - INFO - Epoch [7][7900/8725]	lr: 1.000e-03, eta: 5:49:21, time: 0.173, data_time: 0.010, memory: 13424, loss_cls: 0.4472, loss_bbox: 0.4118, loss_kps: 0.0000, loss: 0.8590
2026-09-10 06:53:14,782 - mmdet - INFO - Epoch [7][7950/8725]	lr: 1.000e-03, eta: 5:49:11, time: 0.173, data_time: 0.011, memory: 13424, loss_cls: 0.4421, loss_bbox: 0.4168, loss_kps: 0.0000, loss: 0.8589
2026-09-10 06:53:23,540 - mmdet - INFO - Epoch [7][8000/8725]	lr: 1.000e-03, eta: 5:49:01, time: 0.175, data_time: 0.010, memory: 13424, loss_cls: 0.4244, loss_bbox: 0.3866, loss_kps: 0.0000, loss: 0.8110
2026-09-10 06:53:32,183 - mmdet - INFO - Epoch [7][8050/8725]	lr: 1.000e-03, eta: 5:48:51, time: 0.173, data_time: 0.010, memory: 13424, loss_cls: 0.4453, loss_bbox: 0.4024, loss_kps: 0.0000, loss: 0.8477
2026-09-10 06:53:40,876 - mmdet - INFO - Epoch [7][8100/8725]	lr: 1.000e-03, eta: 5:48:41, time: 0.174, data_time: 0.011, memory: 13424, loss_cls: 0.4035, loss_bbox: 0.3750, loss_kps: 0.0000, loss: 0.7785
2026-09-10 06:53:49,593 - mmdet - INFO - Epoch [7][8150/8725]	lr: 1.000e-03, eta: 5:48:31, time: 0.174, data_time: 0.011, memory: 13424, loss_cls: 0.4475, loss_bbox: 0.3941, loss_kps: 0.0000, loss: 0.8416
2026-09-10 06:53:58,277 - mmdet - INFO - Epoch [7][8200/8725]	lr: 1.000e-03, eta: 5:48:21, time: 0.174, data_time: 0.011, memory: 13424, loss_cls: 0.4021, loss_bbox: 0.3766, loss_kps: 0.0000, loss: 0.7787
2026-09-10 06:54:06,969 - mmdet - INFO - Epoch [7][8250/8725]	lr: 1.000e-03, eta: 5:48:11, time: 0.174, data_time: 0.011, memory: 13424, loss_cls: 0.4186, loss_bbox: 0.3791, loss_kps: 0.0000, loss: 0.7977
2026-09-10 06:54:15,651 - mmdet - INFO - Epoch [7][8300/8725]	lr: 1.000e-03, eta: 5:48:01, time: 0.174, data_time: 0.011, memory: 13424, loss_cls: 0.4211, loss_bbox: 0.3863, loss_kps: 0.0000, loss: 0.8073
2026-09-10 06:54:24,355 - mmdet - INFO - Epoch [7][8350/8725]	lr: 1.000e-03, eta: 5:47:51, time: 0.174, data_time: 0.011, memory: 13424, loss_cls: 0.3988, loss_bbox: 0.3859, loss_kps: 0.0000, loss: 0.7847
2026-09-10 06:54:33,446 - mmdet - INFO - Epoch [7][8400/8725]	lr: 1.000e-03, eta: 5:47:41, time: 0.182, data_time: 0.011, memory: 13424, loss_cls: 0.4192, loss_bbox: 0.4040, loss_kps: 0.0000, loss: 0.8232
2026-09-10 06:54:42,209 - mmdet - INFO - Epoch [7][8450/8725]	lr: 1.000e-03, eta: 5:47:31, time: 0.175, data_time: 0.011, memory: 13424, loss_cls: 0.4053, loss_bbox: 0.3875, loss_kps: 0.0000, loss: 0.7928
2026-09-10 06:54:50,854 - mmdet - INFO - Epoch [7][8500/8725]	lr: 1.000e-03, eta: 5:47:21, time: 0.173, data_time: 0.010, memory: 13424, loss_cls: 0.4294, loss_bbox: 0.4068, loss_kps: 0.0000, loss: 0.8362
2026-09-10 06:54:59,460 - mmdet - INFO - Epoch [7][8550/8725]	lr: 1.000e-03, eta: 5:47:11, time: 0.172, data_time: 0.010, memory: 13424, loss_cls: 0.4486, loss_bbox: 0.4004, loss_kps: 0.0000, loss: 0.8490
2026-09-10 06:55:08,108 - mmdet - INFO - Epoch [7][8600/8725]	lr: 1.000e-03, eta: 5:47:01, time: 0.173, data_time: 0.010, memory: 13424, loss_cls: 0.4376, loss_bbox: 0.3958, loss_kps: 0.0000, loss: 0.8334
2026-09-10 06:55:16,833 - mmdet - INFO - Exp name: scrfd_armAA34.py
2026-09-10 06:55:16,833 - mmdet - INFO - Epoch [7][8650/8725]	lr: 1.000e-03, eta: 5:46:51, time: 0.175, data_time: 0.011, memory: 13424, loss_cls: 0.4562, loss_bbox: 0.4006, loss_kps: 0.0000, loss: 0.8568
2026-09-10 06:55:25,432 - mmdet - INFO - Epoch [7][8700/8725]	lr: 1.000e-03, eta: 5:46:41, time: 0.172, data_time: 0.011, memory: 13424, loss_cls: 0.4267, loss_bbox: 0.3838, loss_kps: 0.0000, loss: 0.8105
2026-09-10 06:55:29,825 - mmdet - INFO - Saving checkpoint at 7 epochs
2026-09-10 06:55:42,985 - mmdet - INFO - Epoch [8][50/8725]	lr: 1.000e-03, eta: 5:46:25, time: 0.258, data_time: 0.093, memory: 13424, loss_cls: 0.4060, loss_bbox: 0.4064, loss_kps: 0.0000, loss: 0.8123
2026-09-10 06:55:51,634 - mmdet - INFO - Epoch [8][100/8725]	lr: 1.000e-03, eta: 5:46:15, time: 0.173, data_time: 0.010, memory: 13424, loss_cls: 0.4239, loss_bbox: 0.4251, loss_kps: 0.0000, loss: 0.8490
2026-09-10 06:56:00,286 - mmdet - INFO - Epoch [8][150/8725]	lr: 1.000e-03, eta: 5:46:05, time: 0.173, data_time: 0.010, memory: 13424, loss_cls: 0.3959, loss_bbox: 0.3775, loss_kps: 0.0000, loss: 0.7734
2026-09-10 06:56:09,015 - mmdet - INFO - Epoch [8][200/8725]	lr: 1.000e-03, eta: 5:45:55, time: 0.175, data_time: 0.011, memory: 13424, loss_cls: 0.4149, loss_bbox: 0.3836, loss_kps: 0.0000, loss: 0.7985
2026-09-10 06:56:17,733 - mmdet - INFO - Epoch [8][250/8725]	lr: 1.000e-03, eta: 5:45:45, time: 0.174, data_time: 0.011, memory: 13424, loss_cls: 0.4360, loss_bbox: 0.4110, loss_kps: 0.0000, loss: 0.8471
2026-09-10 06:56:26,435 - mmdet - INFO - Epoch [8][300/8725]	lr: 1.000e-03, eta: 5:45:35, time: 0.174, data_time: 0.011, memory: 13424, loss_cls: 0.4024, loss_bbox: 0.4034, loss_kps: 0.0000, loss: 0.8057
2026-09-10 06:56:35,081 - mmdet - INFO - Epoch [8][350/8725]	lr: 1.000e-03, eta: 5:45:25, time: 0.173, data_time: 0.010, memory: 13424, loss_cls: 0.3987, loss_bbox: 0.3817, loss_kps: 0.0000, loss: 0.7804
2026-09-10 06:56:43,750 - mmdet - INFO - Epoch [8][400/8725]	lr: 1.000e-03, eta: 5:45:15, time: 0.174, data_time: 0.011, memory: 13424, loss_cls: 0.4410, loss_bbox: 0.4208, loss_kps: 0.0000, loss: 0.8619
2026-09-10 06:56:52,513 - mmdet - INFO - Epoch [8][450/8725]	lr: 1.000e-03, eta: 5:45:05, time: 0.175, data_time: 0.010, memory: 13424, loss_cls: 0.4380, loss_bbox: 0.4160, loss_kps: 0.0000, loss: 0.8539
2026-09-10 06:57:01,170 - mmdet - INFO - Epoch [8][500/8725]	lr: 1.000e-03, eta: 5:44:55, time: 0.173, data_time: 0.010, memory: 13424, loss_cls: 0.4199, loss_bbox: 0.4003, loss_kps: 0.0000, loss: 0.8202
2026-09-10 06:57:09,857 - mmdet - INFO - Epoch [8][550/8725]	lr: 1.000e-03, eta: 5:44:45, time: 0.173, data_time: 0.011, memory: 13424, loss_cls: 0.4762, loss_bbox: 0.4148, loss_kps: 0.0000, loss: 0.8911
2026-09-10 06:57:18,965 - mmdet - INFO - Epoch [8][600/8725]	lr: 1.000e-03, eta: 5:44:36, time: 0.182, data_time: 0.011, memory: 13424, loss_cls: 0.4330, loss_bbox: 0.4017, loss_kps: 0.0000, loss: 0.8347
2026-09-10 06:57:27,632 - mmdet - INFO - Epoch [8][650/8725]	lr: 1.000e-03, eta: 5:44:26, time: 0.173, data_time: 0.010, memory: 13424, loss_cls: 0.4344, loss_bbox: 0.3995, loss_kps: 0.0000, loss: 0.8339
2026-09-10 06:57:36,346 - mmdet - INFO - Epoch [8][700/8725]	lr: 1.000e-03, eta: 5:44:16, time: 0.175, data_time: 0.011, memory: 13424, loss_cls: 0.4146, loss_bbox: 0.3957, loss_kps: 0.0000, loss: 0.8103
2026-09-10 06:57:44,927 - mmdet - INFO - Epoch [8][750/8725]	lr: 1.000e-03, eta: 5:44:05, time: 0.171, data_time: 0.010, memory: 13424, loss_cls: 0.4439, loss_bbox: 0.4015, loss_kps: 0.0000, loss: 0.8454
2026-09-10 06:57:53,651 - mmdet - INFO - Epoch [8][800/8725]	lr: 1.000e-03, eta: 5:43:55, time: 0.175, data_time: 0.011, memory: 13424, loss_cls: 0.4022, loss_bbox: 0.3808, loss_kps: 0.0000, loss: 0.7830
2026-09-10 06:58:02,425 - mmdet - INFO - Epoch [8][850/8725]	lr: 1.000e-03, eta: 5:43:46, time: 0.175, data_time: 0.011, memory: 13424, loss_cls: 0.4294, loss_bbox: 0.3995, loss_kps: 0.0000, loss: 0.8289
2026-09-10 06:58:11,071 - mmdet - INFO - Epoch [8][900/8725]	lr: 1.000e-03, eta: 5:43:35, time: 0.173, data_time: 0.010, memory: 13424, loss_cls: 0.4224, loss_bbox: 0.4057, loss_kps: 0.0000, loss: 0.8281
2026-09-10 06:58:19,833 - mmdet - INFO - Epoch [8][950/8725]	lr: 1.000e-03, eta: 5:43:26, time: 0.175, data_time: 0.011, memory: 13424, loss_cls: 0.4416, loss_bbox: 0.4054, loss_kps: 0.0000, loss: 0.8471
2026-09-10 06:58:28,607 - mmdet - INFO - Epoch [8][1000/8725]	lr: 1.000e-03, eta: 5:43:16, time: 0.176, data_time: 0.011, memory: 13424, loss_cls: 0.4494, loss_bbox: 0.4055, loss_kps: 0.0000, loss: 0.8549
2026-09-10 06:58:37,288 - mmdet - INFO - Epoch [8][1050/8725]	lr: 1.000e-03, eta: 5:43:06, time: 0.173, data_time: 0.010, memory: 13424, loss_cls: 0.4324, loss_bbox: 0.3902, loss_kps: 0.0000, loss: 0.8226
2026-09-10 06:58:45,968 - mmdet - INFO - Epoch [8][1100/8725]	lr: 1.000e-03, eta: 5:42:56, time: 0.174, data_time: 0.010, memory: 13424, loss_cls: 0.4132, loss_bbox: 0.3780, loss_kps: 0.0000, loss: 0.7911
2026-09-10 06:58:54,627 - mmdet - INFO - Epoch [8][1150/8725]	lr: 1.000e-03, eta: 5:42:46, time: 0.173, data_time: 0.010, memory: 13424, loss_cls: 0.4260, loss_bbox: 0.3982, loss_kps: 0.0000, loss: 0.8242
2026-09-10 06:59:03,243 - mmdet - INFO - Epoch [8][1200/8725]	lr: 1.000e-03, eta: 5:42:35, time: 0.173, data_time: 0.010, memory: 13424, loss_cls: 0.3807, loss_bbox: 0.3980, loss_kps: 0.0000, loss: 0.7788
2026-09-10 06:59:11,970 - mmdet - INFO - Epoch [8][1250/8725]	lr: 1.000e-03, eta: 5:42:26, time: 0.174, data_time: 0.010, memory: 13424, loss_cls: 0.4124, loss_bbox: 0.4038, loss_kps: 0.0000, loss: 0.8162
2026-09-10 06:59:20,612 - mmdet - INFO - Epoch [8][1300/8725]	lr: 1.000e-03, eta: 5:42:15, time: 0.173, data_time: 0.010, memory: 13424, loss_cls: 0.4027, loss_bbox: 0.3999, loss_kps: 0.0000, loss: 0.8026
2026-09-10 06:59:29,266 - mmdet - INFO - Epoch [8][1350/8725]	lr: 1.000e-03, eta: 5:42:05, time: 0.173, data_time: 0.011, memory: 13424, loss_cls: 0.4556, loss_bbox: 0.4165, loss_kps: 0.0000, loss: 0.8722
2026-09-10 06:59:37,912 - mmdet - INFO - Epoch [8][1400/8725]	lr: 1.000e-03, eta: 5:41:55, time: 0.173, data_time: 0.010, memory: 13424, loss_cls: 0.3961, loss_bbox: 0.3869, loss_kps: 0.0000, loss: 0.7830
2026-09-10 06:59:46,559 - mmdet - INFO - Epoch [8][1450/8725]	lr: 1.000e-03, eta: 5:41:45, time: 0.173, data_time: 0.010, memory: 13424, loss_cls: 0.3839, loss_bbox: 0.3817, loss_kps: 0.0000, loss: 0.7657
2026-09-10 06:59:55,228 - mmdet - INFO - Epoch [8][1500/8725]	lr: 1.000e-03, eta: 5:41:35, time: 0.174, data_time: 0.011, memory: 13424, loss_cls: 0.4617, loss_bbox: 0.4320, loss_kps: 0.0000, loss: 0.8937
2026-09-10 07:00:03,869 - mmdet - INFO - Epoch [8][1550/8725]	lr: 1.000e-03, eta: 5:41:25, time: 0.173, data_time: 0.010, memory: 13424, loss_cls: 0.4260, loss_bbox: 0.3870, loss_kps: 0.0000, loss: 0.8130
2026-09-10 07:00:12,530 - mmdet - INFO - Epoch [8][1600/8725]	lr: 1.000e-03, eta: 5:41:15, time: 0.173, data_time: 0.010, memory: 13424, loss_cls: 0.4251, loss_bbox: 0.3821, loss_kps: 0.0000, loss: 0.8072
2026-09-10 07:00:21,198 - mmdet - INFO - Epoch [8][1650/8725]	lr: 1.000e-03, eta: 5:41:05, time: 0.173, data_time: 0.010, memory: 13424, loss_cls: 0.3787, loss_bbox: 0.3887, loss_kps: 0.0000, loss: 0.7674
2026-09-10 07:00:29,862 - mmdet - INFO - Epoch [8][1700/8725]	lr: 1.000e-03, eta: 5:40:55, time: 0.174, data_time: 0.011, memory: 13424, loss_cls: 0.4076, loss_bbox: 0.4005, loss_kps: 0.0000, loss: 0.8080
2026-09-10 07:00:38,492 - mmdet - INFO - Epoch [8][1750/8725]	lr: 1.000e-03, eta: 5:40:45, time: 0.172, data_time: 0.010, memory: 13424, loss_cls: 0.4187, loss_bbox: 0.3761, loss_kps: 0.0000, loss: 0.7948
2026-09-10 07:00:47,176 - mmdet - INFO - Epoch [8][1800/8725]	lr: 1.000e-03, eta: 5:40:35, time: 0.174, data_time: 0.010, memory: 13424, loss_cls: 0.4133, loss_bbox: 0.3706, loss_kps: 0.0000, loss: 0.7839
2026-09-10 07:00:55,830 - mmdet - INFO - Epoch [8][1850/8725]	lr: 1.000e-03, eta: 5:40:25, time: 0.173, data_time: 0.010, memory: 13424, loss_cls: 0.4362, loss_bbox: 0.3975, loss_kps: 0.0000, loss: 0.8336
2026-09-10 07:01:04,545 - mmdet - INFO - Epoch [8][1900/8725]	lr: 1.000e-03, eta: 5:40:15, time: 0.174, data_time: 0.010, memory: 13424, loss_cls: 0.4545, loss_bbox: 0.4177, loss_kps: 0.0000, loss: 0.8723
2026-09-10 07:01:13,220 - mmdet - INFO - Epoch [8][1950/8725]	lr: 1.000e-03, eta: 5:40:05, time: 0.173, data_time: 0.011, memory: 13424, loss_cls: 0.4214, loss_bbox: 0.4046, loss_kps: 0.0000, loss: 0.8260
2026-09-10 07:01:21,902 - mmdet - INFO - Epoch [8][2000/8725]	lr: 1.000e-03, eta: 5:39:55, time: 0.174, data_time: 0.011, memory: 13424, loss_cls: 0.4057, loss_bbox: 0.3800, loss_kps: 0.0000, loss: 0.7857
2026-09-10 07:01:30,571 - mmdet - INFO - Epoch [8][2050/8725]	lr: 1.000e-03, eta: 5:39:45, time: 0.173, data_time: 0.010, memory: 13424, loss_cls: 0.4464, loss_bbox: 0.4178, loss_kps: 0.0000, loss: 0.8642
2026-09-10 07:01:39,366 - mmdet - INFO - Epoch [8][2100/8725]	lr: 1.000e-03, eta: 5:39:35, time: 0.176, data_time: 0.011, memory: 13424, loss_cls: 0.4152, loss_bbox: 0.3811, loss_kps: 0.0000, loss: 0.7964
2026-09-10 07:01:48,047 - mmdet - INFO - Epoch [8][2150/8725]	lr: 1.000e-03, eta: 5:39:25, time: 0.173, data_time: 0.011, memory: 13424, loss_cls: 0.4623, loss_bbox: 0.3918, loss_kps: 0.0000, loss: 0.8541
2026-09-10 07:01:56,714 - mmdet - INFO - Epoch [8][2200/8725]	lr: 1.000e-03, eta: 5:39:15, time: 0.174, data_time: 0.010, memory: 13424, loss_cls: 0.4350, loss_bbox: 0.3902, loss_kps: 0.0000, loss: 0.8252
2026-09-10 07:02:05,404 - mmdet - INFO - Epoch [8][2250/8725]	lr: 1.000e-03, eta: 5:39:05, time: 0.174, data_time: 0.010, memory: 13424, loss_cls: 0.4199, loss_bbox: 0.3860, loss_kps: 0.0000, loss: 0.8060
2026-09-10 07:02:14,052 - mmdet - INFO - Epoch [8][2300/8725]	lr: 1.000e-03, eta: 5:38:55, time: 0.173, data_time: 0.010, memory: 13424, loss_cls: 0.4342, loss_bbox: 0.4089, loss_kps: 0.0000, loss: 0.8431
2026-09-10 07:02:22,708 - mmdet - INFO - Epoch [8][2350/8725]	lr: 1.000e-03, eta: 5:38:45, time: 0.173, data_time: 0.010, memory: 13424, loss_cls: 0.4212, loss_bbox: 0.4019, loss_kps: 0.0000, loss: 0.8231
2026-09-10 07:02:31,416 - mmdet - INFO - Epoch [8][2400/8725]	lr: 1.000e-03, eta: 5:38:35, time: 0.174, data_time: 0.011, memory: 13424, loss_cls: 0.4132, loss_bbox: 0.4099, loss_kps: 0.0000, loss: 0.8231
2026-09-10 07:02:40,108 - mmdet - INFO - Epoch [8][2450/8725]	lr: 1.000e-03, eta: 5:38:25, time: 0.174, data_time: 0.010, memory: 13424, loss_cls: 0.4288, loss_bbox: 0.3850, loss_kps: 0.0000, loss: 0.8138
2026-09-10 07:02:48,798 - mmdet - INFO - Epoch [8][2500/8725]	lr: 1.000e-03, eta: 5:38:15, time: 0.174, data_time: 0.010, memory: 13424, loss_cls: 0.3942, loss_bbox: 0.3989, loss_kps: 0.0000, loss: 0.7931
2026-09-10 07:02:57,485 - mmdet - INFO - Epoch [8][2550/8725]	lr: 1.000e-03, eta: 5:38:05, time: 0.173, data_time: 0.010, memory: 13424, loss_cls: 0.4318, loss_bbox: 0.4099, loss_kps: 0.0000, loss: 0.8417
2026-09-10 07:03:06,219 - mmdet - INFO - Epoch [8][2600/8725]	lr: 1.000e-03, eta: 5:37:56, time: 0.175, data_time: 0.011, memory: 13424, loss_cls: 0.4254, loss_bbox: 0.4102, loss_kps: 0.0000, loss: 0.8356
2026-09-10 07:03:14,918 - mmdet - INFO - Epoch [8][2650/8725]	lr: 1.000e-03, eta: 5:37:46, time: 0.174, data_time: 0.010, memory: 13424, loss_cls: 0.4238, loss_bbox: 0.4077, loss_kps: 0.0000, loss: 0.8315
2026-09-10 07:03:23,521 - mmdet - INFO - Epoch [8][2700/8725]	lr: 1.000e-03, eta: 5:37:36, time: 0.172, data_time: 0.010, memory: 13424, loss_cls: 0.4204, loss_bbox: 0.3984, loss_kps: 0.0000, loss: 0.8188
2026-09-10 07:03:32,162 - mmdet - INFO - Epoch [8][2750/8725]	lr: 1.000e-03, eta: 5:37:26, time: 0.173, data_time: 0.011, memory: 13424, loss_cls: 0.4244, loss_bbox: 0.4052, loss_kps: 0.0000, loss: 0.8296
2026-09-10 07:03:40,856 - mmdet - INFO - Epoch [8][2800/8725]	lr: 1.000e-03, eta: 5:37:16, time: 0.174, data_time: 0.012, memory: 13424, loss_cls: 0.3867, loss_bbox: 0.3895, loss_kps: 0.0000, loss: 0.7761
2026-09-10 07:03:49,556 - mmdet - INFO - Epoch [8][2850/8725]	lr: 1.000e-03, eta: 5:37:06, time: 0.174, data_time: 0.011, memory: 13424, loss_cls: 0.3839, loss_bbox: 0.3913, loss_kps: 0.0000, loss: 0.7753
2026-09-10 07:03:58,215 - mmdet - INFO - Epoch [8][2900/8725]	lr: 1.000e-03, eta: 5:36:56, time: 0.174, data_time: 0.011, memory: 13424, loss_cls: 0.4024, loss_bbox: 0.3794, loss_kps: 0.0000, loss: 0.7818
2026-09-10 07:04:06,966 - mmdet - INFO - Epoch [8][2950/8725]	lr: 1.000e-03, eta: 5:36:46, time: 0.175, data_time: 0.011, memory: 13424, loss_cls: 0.4063, loss_bbox: 0.3984, loss_kps: 0.0000, loss: 0.8047
2026-09-10 07:04:15,644 - mmdet - INFO - Epoch [8][3000/8725]	lr: 1.000e-03, eta: 5:36:36, time: 0.174, data_time: 0.011, memory: 13424, loss_cls: 0.4459, loss_bbox: 0.4056, loss_kps: 0.0000, loss: 0.8514
2026-09-10 07:04:24,307 - mmdet - INFO - Epoch [8][3050/8725]	lr: 1.000e-03, eta: 5:36:26, time: 0.173, data_time: 0.011, memory: 13424, loss_cls: 0.4449, loss_bbox: 0.3792, loss_kps: 0.0000, loss: 0.8241
2026-09-10 07:04:32,918 - mmdet - INFO - Epoch [8][3100/8725]	lr: 1.000e-03, eta: 5:36:16, time: 0.172, data_time: 0.011, memory: 13424, loss_cls: 0.4190, loss_bbox: 0.3876, loss_kps: 0.0000, loss: 0.8066
2026-09-10 07:04:41,566 - mmdet - INFO - Epoch [8][3150/8725]	lr: 1.000e-03, eta: 5:36:06, time: 0.173, data_time: 0.011, memory: 13424, loss_cls: 0.4189, loss_bbox: 0.3862, loss_kps: 0.0000, loss: 0.8051
2026-09-10 07:04:50,267 - mmdet - INFO - Epoch [8][3200/8725]	lr: 1.000e-03, eta: 5:35:56, time: 0.174, data_time: 0.011, memory: 13424, loss_cls: 0.4036, loss_bbox: 0.3806, loss_kps: 0.0000, loss: 0.7842
2026-09-10 07:04:58,921 - mmdet - INFO - Epoch [8][3250/8725]	lr: 1.000e-03, eta: 5:35:46, time: 0.173, data_time: 0.010, memory: 13424, loss_cls: 0.4164, loss_bbox: 0.4213, loss_kps: 0.0000, loss: 0.8377
2026-09-10 07:05:07,907 - mmdet - INFO - Epoch [8][3300/8725]	lr: 1.000e-03, eta: 5:35:37, time: 0.180, data_time: 0.011, memory: 13424, loss_cls: 0.4516, loss_bbox: 0.4019, loss_kps: 0.0000, loss: 0.8535
2026-09-10 07:05:16,548 - mmdet - INFO - Epoch [8][3350/8725]	lr: 1.000e-03, eta: 5:35:27, time: 0.173, data_time: 0.010, memory: 13424, loss_cls: 0.4221, loss_bbox: 0.3927, loss_kps: 0.0000, loss: 0.8149
2026-09-10 07:05:25,239 - mmdet - INFO - Epoch [8][3400/8725]	lr: 1.000e-03, eta: 5:35:17, time: 0.174, data_time: 0.011, memory: 13424, loss_cls: 0.4594, loss_bbox: 0.4119, loss_kps: 0.0000, loss: 0.8713
2026-09-10 07:05:33,882 - mmdet - INFO - Epoch [8][3450/8725]	lr: 1.000e-03, eta: 5:35:07, time: 0.173, data_time: 0.010, memory: 13424, loss_cls: 0.3802, loss_bbox: 0.3850, loss_kps: 0.0000, loss: 0.7653
2026-09-10 07:05:42,564 - mmdet - INFO - Epoch [8][3500/8725]	lr: 1.000e-03, eta: 5:34:57, time: 0.174, data_time: 0.011, memory: 13424, loss_cls: 0.4155, loss_bbox: 0.3985, loss_kps: 0.0000, loss: 0.8140
2026-09-10 07:05:51,230 - mmdet - INFO - Epoch [8][3550/8725]	lr: 1.000e-03, eta: 5:34:47, time: 0.173, data_time: 0.011, memory: 13424, loss_cls: 0.4054, loss_bbox: 0.3994, loss_kps: 0.0000, loss: 0.8049
2026-09-10 07:05:59,843 - mmdet - INFO - Epoch [8][3600/8725]	lr: 1.000e-03, eta: 5:34:37, time: 0.172, data_time: 0.011, memory: 13424, loss_cls: 0.4611, loss_bbox: 0.4073, loss_kps: 0.0000, loss: 0.8685
2026-09-10 07:06:08,465 - mmdet - INFO - Epoch [8][3650/8725]	lr: 1.000e-03, eta: 5:34:27, time: 0.172, data_time: 0.011, memory: 13424, loss_cls: 0.4539, loss_bbox: 0.3971, loss_kps: 0.0000, loss: 0.8510
2026-09-10 07:06:17,099 - mmdet - INFO - Epoch [8][3700/8725]	lr: 1.000e-03, eta: 5:34:17, time: 0.173, data_time: 0.011, memory: 13424, loss_cls: 0.4166, loss_bbox: 0.3939, loss_kps: 0.0000, loss: 0.8105
2026-09-10 07:06:25,783 - mmdet - INFO - Epoch [8][3750/8725]	lr: 1.000e-03, eta: 5:34:07, time: 0.173, data_time: 0.010, memory: 13424, loss_cls: 0.4185, loss_bbox: 0.4025, loss_kps: 0.0000, loss: 0.8209
2026-09-10 07:06:34,469 - mmdet - INFO - Epoch [8][3800/8725]	lr: 1.000e-03, eta: 5:33:57, time: 0.174, data_time: 0.011, memory: 13424, loss_cls: 0.4075, loss_bbox: 0.3872, loss_kps: 0.0000, loss: 0.7947
2026-09-10 07:06:43,142 - mmdet - INFO - Epoch [8][3850/8725]	lr: 1.000e-03, eta: 5:33:47, time: 0.173, data_time: 0.011, memory: 13424, loss_cls: 0.4160, loss_bbox: 0.3866, loss_kps: 0.0000, loss: 0.8027
2026-09-10 07:06:51,823 - mmdet - INFO - Epoch [8][3900/8725]	lr: 1.000e-03, eta: 5:33:37, time: 0.174, data_time: 0.011, memory: 13424, loss_cls: 0.4415, loss_bbox: 0.4005, loss_kps: 0.0000, loss: 0.8420
2026-09-10 07:07:00,488 - mmdet - INFO - Epoch [8][3950/8725]	lr: 1.000e-03, eta: 5:33:27, time: 0.173, data_time: 0.011, memory: 13424, loss_cls: 0.4078, loss_bbox: 0.4022, loss_kps: 0.0000, loss: 0.8100
2026-09-10 07:07:09,412 - mmdet - INFO - Epoch [8][4000/8725]	lr: 1.000e-03, eta: 5:33:18, time: 0.179, data_time: 0.011, memory: 13424, loss_cls: 0.4111, loss_bbox: 0.3847, loss_kps: 0.0000, loss: 0.7959
2026-09-10 07:07:18,028 - mmdet - INFO - Epoch [8][4050/8725]	lr: 1.000e-03, eta: 5:33:08, time: 0.172, data_time: 0.011, memory: 13424, loss_cls: 0.4238, loss_bbox: 0.4065, loss_kps: 0.0000, loss: 0.8303
2026-09-10 07:07:26,629 - mmdet - INFO - Epoch [8][4100/8725]	lr: 1.000e-03, eta: 5:32:58, time: 0.172, data_time: 0.011, memory: 13424, loss_cls: 0.4230, loss_bbox: 0.4172, loss_kps: 0.0000, loss: 0.8401
2026-09-10 07:07:35,211 - mmdet - INFO - Epoch [8][4150/8725]	lr: 1.000e-03, eta: 5:32:48, time: 0.171, data_time: 0.011, memory: 13424, loss_cls: 0.4378, loss_bbox: 0.3883, loss_kps: 0.0000, loss: 0.8261
2026-09-10 07:07:43,800 - mmdet - INFO - Epoch [8][4200/8725]	lr: 1.000e-03, eta: 5:32:38, time: 0.172, data_time: 0.011, memory: 13424, loss_cls: 0.4346, loss_bbox: 0.4000, loss_kps: 0.0000, loss: 0.8346
2026-09-10 07:07:52,379 - mmdet - INFO - Epoch [8][4250/8725]	lr: 1.000e-03, eta: 5:32:27, time: 0.171, data_time: 0.011, memory: 13424, loss_cls: 0.4329, loss_bbox: 0.4185, loss_kps: 0.0000, loss: 0.8514
2026-09-10 07:08:00,898 - mmdet - INFO - Epoch [8][4300/8725]	lr: 1.000e-03, eta: 5:32:17, time: 0.171, data_time: 0.010, memory: 13424, loss_cls: 0.4006, loss_bbox: 0.3730, loss_kps: 0.0000, loss: 0.7736
2026-09-10 07:08:09,430 - mmdet - INFO - Epoch [8][4350/8725]	lr: 1.000e-03, eta: 5:32:07, time: 0.170, data_time: 0.011, memory: 13424, loss_cls: 0.3916, loss_bbox: 0.4090, loss_kps: 0.0000, loss: 0.8006
2026-09-10 07:08:17,969 - mmdet - INFO - Epoch [8][4400/8725]	lr: 1.000e-03, eta: 5:31:57, time: 0.171, data_time: 0.011, memory: 13424, loss_cls: 0.4203, loss_bbox: 0.4045, loss_kps: 0.0000, loss: 0.8248
2026-09-10 07:08:26,443 - mmdet - INFO - Epoch [8][4450/8725]	lr: 1.000e-03, eta: 5:31:47, time: 0.169, data_time: 0.010, memory: 13424, loss_cls: 0.3771, loss_bbox: 0.3834, loss_kps: 0.0000, loss: 0.7605
2026-09-10 07:08:34,922 - mmdet - INFO - Epoch [8][4500/8725]	lr: 1.000e-03, eta: 5:31:37, time: 0.170, data_time: 0.011, memory: 13424, loss_cls: 0.4128, loss_bbox: 0.3918, loss_kps: 0.0000, loss: 0.8045
2026-09-10 07:08:43,397 - mmdet - INFO - Epoch [8][4550/8725]	lr: 1.000e-03, eta: 5:31:26, time: 0.169, data_time: 0.010, memory: 13424, loss_cls: 0.4256, loss_bbox: 0.4052, loss_kps: 0.0000, loss: 0.8308
2026-09-10 07:08:51,873 - mmdet - INFO - Epoch [8][4600/8725]	lr: 1.000e-03, eta: 5:31:16, time: 0.170, data_time: 0.011, memory: 13424, loss_cls: 0.4144, loss_bbox: 0.3963, loss_kps: 0.0000, loss: 0.8107
2026-09-10 07:09:00,373 - mmdet - INFO - Epoch [8][4650/8725]	lr: 1.000e-03, eta: 5:31:06, time: 0.170, data_time: 0.011, memory: 13424, loss_cls: 0.4014, loss_bbox: 0.3819, loss_kps: 0.0000, loss: 0.7833
2026-09-10 07:09:08,846 - mmdet - INFO - Epoch [8][4700/8725]	lr: 1.000e-03, eta: 5:30:56, time: 0.170, data_time: 0.010, memory: 13424, loss_cls: 0.3689, loss_bbox: 0.3691, loss_kps: 0.0000, loss: 0.7380
2026-09-10 07:09:17,370 - mmdet - INFO - Epoch [8][4750/8725]	lr: 1.000e-03, eta: 5:30:46, time: 0.170, data_time: 0.011, memory: 13424, loss_cls: 0.4080, loss_bbox: 0.3853, loss_kps: 0.0000, loss: 0.7933
2026-09-10 07:09:25,854 - mmdet - INFO - Epoch [8][4800/8725]	lr: 1.000e-03, eta: 5:30:35, time: 0.170, data_time: 0.010, memory: 13424, loss_cls: 0.4018, loss_bbox: 0.3965, loss_kps: 0.0000, loss: 0.7984
2026-09-10 07:09:34,325 - mmdet - INFO - Epoch [8][4850/8725]	lr: 1.000e-03, eta: 5:30:25, time: 0.169, data_time: 0.010, memory: 13424, loss_cls: 0.4024, loss_bbox: 0.3990, loss_kps: 0.0000, loss: 0.8014
2026-09-10 07:09:42,781 - mmdet - INFO - Epoch [8][4900/8725]	lr: 1.000e-03, eta: 5:30:15, time: 0.169, data_time: 0.010, memory: 13424, loss_cls: 0.3671, loss_bbox: 0.3697, loss_kps: 0.0000, loss: 0.7368
2026-09-10 07:09:51,270 - mmdet - INFO - Epoch [8][4950/8725]	lr: 1.000e-03, eta: 5:30:05, time: 0.169, data_time: 0.010, memory: 13424, loss_cls: 0.4324, loss_bbox: 0.4021, loss_kps: 0.0000, loss: 0.8346
2026-09-10 07:09:59,765 - mmdet - INFO - Epoch [8][5000/8725]	lr: 1.000e-03, eta: 5:29:55, time: 0.170, data_time: 0.010, memory: 13424, loss_cls: 0.4290, loss_bbox: 0.4001, loss_kps: 0.0000, loss: 0.8291
2026-09-10 07:10:08,207 - mmdet - INFO - Epoch [8][5050/8725]	lr: 1.000e-03, eta: 5:29:44, time: 0.169, data_time: 0.010, memory: 13424, loss_cls: 0.4153, loss_bbox: 0.3861, loss_kps: 0.0000, loss: 0.8013
2026-09-10 07:10:16,679 - mmdet - INFO - Epoch [8][5100/8725]	lr: 1.000e-03, eta: 5:29:34, time: 0.170, data_time: 0.010, memory: 13424, loss_cls: 0.4245, loss_bbox: 0.3899, loss_kps: 0.0000, loss: 0.8144
2026-09-10 07:10:25,170 - mmdet - INFO - Epoch [8][5150/8725]	lr: 1.000e-03, eta: 5:29:24, time: 0.170, data_time: 0.010, memory: 13424, loss_cls: 0.3957, loss_bbox: 0.3761, loss_kps: 0.0000, loss: 0.7718
2026-09-10 07:10:33,672 - mmdet - INFO - Epoch [8][5200/8725]	lr: 1.000e-03, eta: 5:29:14, time: 0.170, data_time: 0.010, memory: 13424, loss_cls: 0.4079, loss_bbox: 0.3945, loss_kps: 0.0000, loss: 0.8024
2026-09-10 07:10:42,112 - mmdet - INFO - Epoch [8][5250/8725]	lr: 1.000e-03, eta: 5:29:04, time: 0.169, data_time: 0.010, memory: 13424, loss_cls: 0.4199, loss_bbox: 0.4051, loss_kps: 0.0000, loss: 0.8250
2026-09-10 07:10:50,599 - mmdet - INFO - Epoch [8][5300/8725]	lr: 1.000e-03, eta: 5:28:53, time: 0.170, data_time: 0.011, memory: 13424, loss_cls: 0.4231, loss_bbox: 0.3916, loss_kps: 0.0000, loss: 0.8147
2026-09-10 07:10:59,020 - mmdet - INFO - Epoch [8][5350/8725]	lr: 1.000e-03, eta: 5:28:43, time: 0.168, data_time: 0.010, memory: 13424, loss_cls: 0.4810, loss_bbox: 0.4084, loss_kps: 0.0000, loss: 0.8894
2026-09-10 07:11:07,518 - mmdet - INFO - Epoch [8][5400/8725]	lr: 1.000e-03, eta: 5:28:33, time: 0.170, data_time: 0.011, memory: 13424, loss_cls: 0.4230, loss_bbox: 0.3845, loss_kps: 0.0000, loss: 0.8075
2026-09-10 07:11:16,039 - mmdet - INFO - Epoch [8][5450/8725]	lr: 1.000e-03, eta: 5:28:23, time: 0.170, data_time: 0.010, memory: 13424, loss_cls: 0.4103, loss_bbox: 0.3849, loss_kps: 0.0000, loss: 0.7952
2026-09-10 07:11:24,531 - mmdet - INFO - Epoch [8][5500/8725]	lr: 1.000e-03, eta: 5:28:13, time: 0.170, data_time: 0.010, memory: 13424, loss_cls: 0.4298, loss_bbox: 0.4104, loss_kps: 0.0000, loss: 0.8402
2026-09-10 07:11:33,058 - mmdet - INFO - Epoch [8][5550/8725]	lr: 1.000e-03, eta: 5:28:03, time: 0.171, data_time: 0.010, memory: 13424, loss_cls: 0.4528, loss_bbox: 0.3987, loss_kps: 0.0000, loss: 0.8515
2026-09-10 07:11:41,558 - mmdet - INFO - Epoch [8][5600/8725]	lr: 1.000e-03, eta: 5:27:52, time: 0.170, data_time: 0.010, memory: 13424, loss_cls: 0.4178, loss_bbox: 0.4124, loss_kps: 0.0000, loss: 0.8303
2026-09-10 07:11:50,048 - mmdet - INFO - Epoch [8][5650/8725]	lr: 1.000e-03, eta: 5:27:42, time: 0.170, data_time: 0.010, memory: 13424, loss_cls: 0.4272, loss_bbox: 0.4015, loss_kps: 0.0000, loss: 0.8286
2026-09-10 07:11:58,546 - mmdet - INFO - Epoch [8][5700/8725]	lr: 1.000e-03, eta: 5:27:32, time: 0.170, data_time: 0.011, memory: 13424, loss_cls: 0.4284, loss_bbox: 0.4108, loss_kps: 0.0000, loss: 0.8392
2026-09-10 07:12:07,051 - mmdet - INFO - Epoch [8][5750/8725]	lr: 1.000e-03, eta: 5:27:22, time: 0.170, data_time: 0.010, memory: 13424, loss_cls: 0.4389, loss_bbox: 0.3864, loss_kps: 0.0000, loss: 0.8253
2026-09-10 07:12:15,553 - mmdet - INFO - Epoch [8][5800/8725]	lr: 1.000e-03, eta: 5:27:12, time: 0.170, data_time: 0.010, memory: 13424, loss_cls: 0.4363, loss_bbox: 0.4070, loss_kps: 0.0000, loss: 0.8433
2026-09-10 07:12:23,995 - mmdet - INFO - Epoch [8][5850/8725]	lr: 1.000e-03, eta: 5:27:02, time: 0.169, data_time: 0.010, memory: 13424, loss_cls: 0.4133, loss_bbox: 0.3855, loss_kps: 0.0000, loss: 0.7987
2026-09-10 07:12:32,411 - mmdet - INFO - Epoch [8][5900/8725]	lr: 1.000e-03, eta: 5:26:52, time: 0.169, data_time: 0.010, memory: 13424, loss_cls: 0.4268, loss_bbox: 0.3930, loss_kps: 0.0000, loss: 0.8198
2026-09-10 07:12:40,856 - mmdet - INFO - Epoch [8][5950/8725]	lr: 1.000e-03, eta: 5:26:41, time: 0.169, data_time: 0.010, memory: 13424, loss_cls: 0.4054, loss_bbox: 0.3915, loss_kps: 0.0000, loss: 0.7969
2026-09-10 07:12:49,340 - mmdet - INFO - Epoch [8][6000/8725]	lr: 1.000e-03, eta: 5:26:31, time: 0.170, data_time: 0.010, memory: 13424, loss_cls: 0.4538, loss_bbox: 0.4012, loss_kps: 0.0000, loss: 0.8550
2026-09-10 07:12:57,738 - mmdet - INFO - Epoch [8][6050/8725]	lr: 1.000e-03, eta: 5:26:21, time: 0.168, data_time: 0.010, memory: 13424, loss_cls: 0.4107, loss_bbox: 0.3957, loss_kps: 0.0000, loss: 0.8063
2026-09-10 07:13:06,227 - mmdet - INFO - Epoch [8][6100/8725]	lr: 1.000e-03, eta: 5:26:11, time: 0.170, data_time: 0.010, memory: 13424, loss_cls: 0.4179, loss_bbox: 0.3899, loss_kps: 0.0000, loss: 0.8078
2026-09-10 07:13:14,658 - mmdet - INFO - Epoch [8][6150/8725]	lr: 1.000e-03, eta: 5:26:01, time: 0.168, data_time: 0.010, memory: 13424, loss_cls: 0.4187, loss_bbox: 0.4258, loss_kps: 0.0000, loss: 0.8445
2026-09-10 07:13:23,218 - mmdet - INFO - Epoch [8][6200/8725]	lr: 1.000e-03, eta: 5:25:51, time: 0.171, data_time: 0.011, memory: 13424, loss_cls: 0.4432, loss_bbox: 0.3871, loss_kps: 0.0000, loss: 0.8303
2026-09-10 07:13:31,657 - mmdet - INFO - Epoch [8][6250/8725]	lr: 1.000e-03, eta: 5:25:40, time: 0.169, data_time: 0.010, memory: 13424, loss_cls: 0.4051, loss_bbox: 0.3911, loss_kps: 0.0000, loss: 0.7962
2026-09-10 07:13:40,120 - mmdet - INFO - Epoch [8][6300/8725]	lr: 1.000e-03, eta: 5:25:30, time: 0.170, data_time: 0.010, memory: 13424, loss_cls: 0.4084, loss_bbox: 0.3801, loss_kps: 0.0000, loss: 0.7886
2026-09-10 07:13:48,598 - mmdet - INFO - Epoch [8][6350/8725]	lr: 1.000e-03, eta: 5:25:20, time: 0.169, data_time: 0.010, memory: 13424, loss_cls: 0.3957, loss_bbox: 0.4034, loss_kps: 0.0000, loss: 0.7991
2026-09-10 07:13:57,030 - mmdet - INFO - Epoch [8][6400/8725]	lr: 1.000e-03, eta: 5:25:10, time: 0.169, data_time: 0.010, memory: 13424, loss_cls: 0.4494, loss_bbox: 0.4316, loss_kps: 0.0000, loss: 0.8809
2026-09-10 07:14:05,619 - mmdet - INFO - Epoch [8][6450/8725]	lr: 1.000e-03, eta: 5:25:00, time: 0.172, data_time: 0.010, memory: 13424, loss_cls: 0.4747, loss_bbox: 0.4011, loss_kps: 0.0000, loss: 0.8758
2026-09-10 07:14:14,126 - mmdet - INFO - Epoch [8][6500/8725]	lr: 1.000e-03, eta: 5:24:50, time: 0.170, data_time: 0.010, memory: 13424, loss_cls: 0.4207, loss_bbox: 0.3819, loss_kps: 0.0000, loss: 0.8026
2026-09-10 07:14:22,548 - mmdet - INFO - Epoch [8][6550/8725]	lr: 1.000e-03, eta: 5:24:40, time: 0.168, data_time: 0.010, memory: 13424, loss_cls: 0.4598, loss_bbox: 0.4001, loss_kps: 0.0000, loss: 0.8599
2026-09-10 07:14:31,019 - mmdet - INFO - Epoch [8][6600/8725]	lr: 1.000e-03, eta: 5:24:30, time: 0.170, data_time: 0.010, memory: 13424, loss_cls: 0.4125, loss_bbox: 0.3776, loss_kps: 0.0000, loss: 0.7901
2026-09-10 07:14:39,508 - mmdet - INFO - Epoch [8][6650/8725]	lr: 1.000e-03, eta: 5:24:19, time: 0.170, data_time: 0.010, memory: 13424, loss_cls: 0.4265, loss_bbox: 0.3990, loss_kps: 0.0000, loss: 0.8255
2026-09-10 07:14:47,939 - mmdet - INFO - Epoch [8][6700/8725]	lr: 1.000e-03, eta: 5:24:09, time: 0.169, data_time: 0.010, memory: 13424, loss_cls: 0.4245, loss_bbox: 0.3846, loss_kps: 0.0000, loss: 0.8091
2026-09-10 07:14:56,372 - mmdet - INFO - Epoch [8][6750/8725]	lr: 1.000e-03, eta: 5:23:59, time: 0.168, data_time: 0.010, memory: 13424, loss_cls: 0.4258, loss_bbox: 0.3946, loss_kps: 0.0000, loss: 0.8204
2026-09-10 07:15:04,897 - mmdet - INFO - Epoch [8][6800/8725]	lr: 1.000e-03, eta: 5:23:49, time: 0.171, data_time: 0.010, memory: 13424, loss_cls: 0.4163, loss_bbox: 0.4034, loss_kps: 0.0000, loss: 0.8197
2026-09-10 07:15:13,361 - mmdet - INFO - Epoch [8][6850/8725]	lr: 1.000e-03, eta: 5:23:39, time: 0.169, data_time: 0.010, memory: 13424, loss_cls: 0.4005, loss_bbox: 0.4067, loss_kps: 0.0000, loss: 0.8072
2026-09-10 07:15:21,836 - mmdet - INFO - Epoch [8][6900/8725]	lr: 1.000e-03, eta: 5:23:29, time: 0.170, data_time: 0.010, memory: 13424, loss_cls: 0.4111, loss_bbox: 0.3980, loss_kps: 0.0000, loss: 0.8091
2026-09-10 07:15:30,248 - mmdet - INFO - Epoch [8][6950/8725]	lr: 1.000e-03, eta: 5:23:19, time: 0.168, data_time: 0.010, memory: 13424, loss_cls: 0.4047, loss_bbox: 0.3841, loss_kps: 0.0000, loss: 0.7888
2026-09-10 07:15:38,671 - mmdet - INFO - Epoch [8][7000/8725]	lr: 1.000e-03, eta: 5:23:08, time: 0.169, data_time: 0.010, memory: 13424, loss_cls: 0.4058, loss_bbox: 0.3867, loss_kps: 0.0000, loss: 0.7925
2026-09-10 07:15:47,146 - mmdet - INFO - Epoch [8][7050/8725]	lr: 1.000e-03, eta: 5:22:58, time: 0.169, data_time: 0.010, memory: 13424, loss_cls: 0.4179, loss_bbox: 0.3790, loss_kps: 0.0000, loss: 0.7969
2026-09-10 07:15:55,607 - mmdet - INFO - Epoch [8][7100/8725]	lr: 1.000e-03, eta: 5:22:48, time: 0.170, data_time: 0.010, memory: 13424, loss_cls: 0.4492, loss_bbox: 0.4071, loss_kps: 0.0000, loss: 0.8563
2026-09-10 07:16:04,068 - mmdet - INFO - Epoch [8][7150/8725]	lr: 1.000e-03, eta: 5:22:38, time: 0.169, data_time: 0.010, memory: 13424, loss_cls: 0.4455, loss_bbox: 0.4182, loss_kps: 0.0000, loss: 0.8637
2026-09-10 07:16:12,512 - mmdet - INFO - Epoch [8][7200/8725]	lr: 1.000e-03, eta: 5:22:28, time: 0.169, data_time: 0.010, memory: 13424, loss_cls: 0.4130, loss_bbox: 0.3889, loss_kps: 0.0000, loss: 0.8019
2026-09-10 07:16:20,927 - mmdet - INFO - Epoch [8][7250/8725]	lr: 1.000e-03, eta: 5:22:18, time: 0.168, data_time: 0.010, memory: 13424, loss_cls: 0.4335, loss_bbox: 0.4053, loss_kps: 0.0000, loss: 0.8388
2026-09-10 07:16:29,506 - mmdet - INFO - Epoch [8][7300/8725]	lr: 1.000e-03, eta: 5:22:08, time: 0.172, data_time: 0.010, memory: 13424, loss_cls: 0.4693, loss_bbox: 0.4311, loss_kps: 0.0000, loss: 0.9004
2026-09-10 07:16:37,961 - mmdet - INFO - Epoch [8][7350/8725]	lr: 1.000e-03, eta: 5:21:58, time: 0.169, data_time: 0.010, memory: 13424, loss_cls: 0.4298, loss_bbox: 0.3939, loss_kps: 0.0000, loss: 0.8237
2026-09-10 07:16:46,430 - mmdet - INFO - Epoch [8][7400/8725]	lr: 1.000e-03, eta: 5:21:48, time: 0.170, data_time: 0.010, memory: 13424, loss_cls: 0.4436, loss_bbox: 0.3959, loss_kps: 0.0000, loss: 0.8395
2026-09-10 07:16:54,889 - mmdet - INFO - Epoch [8][7450/8725]	lr: 1.000e-03, eta: 5:21:37, time: 0.169, data_time: 0.009, memory: 13424, loss_cls: 0.3862, loss_bbox: 0.3936, loss_kps: 0.0000, loss: 0.7798
2026-09-10 07:17:03,355 - mmdet - INFO - Epoch [8][7500/8725]	lr: 1.000e-03, eta: 5:21:27, time: 0.170, data_time: 0.010, memory: 13424, loss_cls: 0.4615, loss_bbox: 0.4111, loss_kps: 0.0000, loss: 0.8726
2026-09-10 07:17:11,824 - mmdet - INFO - Epoch [8][7550/8725]	lr: 1.000e-03, eta: 5:21:17, time: 0.169, data_time: 0.010, memory: 13424, loss_cls: 0.4125, loss_bbox: 0.3878, loss_kps: 0.0000, loss: 0.8003
2026-09-10 07:17:20,280 - mmdet - INFO - Epoch [8][7600/8725]	lr: 1.000e-03, eta: 5:21:07, time: 0.170, data_time: 0.010, memory: 13424, loss_cls: 0.4034, loss_bbox: 0.3788, loss_kps: 0.0000, loss: 0.7822
2026-09-10 07:17:28,712 - mmdet - INFO - Epoch [8][7650/8725]	lr: 1.000e-03, eta: 5:20:57, time: 0.168, data_time: 0.010, memory: 13424, loss_cls: 0.4309, loss_bbox: 0.4222, loss_kps: 0.0000, loss: 0.8531
2026-09-10 07:17:37,175 - mmdet - INFO - Epoch [8][7700/8725]	lr: 1.000e-03, eta: 5:20:47, time: 0.170, data_time: 0.010, memory: 13424, loss_cls: 0.4515, loss_bbox: 0.3855, loss_kps: 0.0000, loss: 0.8370
2026-09-10 07:17:45,667 - mmdet - INFO - Epoch [8][7750/8725]	lr: 1.000e-03, eta: 5:20:37, time: 0.170, data_time: 0.010, memory: 13424, loss_cls: 0.4015, loss_bbox: 0.3931, loss_kps: 0.0000, loss: 0.7946
2026-09-10 07:17:54,178 - mmdet - INFO - Epoch [8][7800/8725]	lr: 1.000e-03, eta: 5:20:27, time: 0.171, data_time: 0.010, memory: 13424, loss_cls: 0.4162, loss_bbox: 0.3893, loss_kps: 0.0000, loss: 0.8055
2026-09-10 07:18:02,714 - mmdet - INFO - Epoch [8][7850/8725]	lr: 1.000e-03, eta: 5:20:17, time: 0.170, data_time: 0.010, memory: 13424, loss_cls: 0.4225, loss_bbox: 0.3910, loss_kps: 0.0000, loss: 0.8135
2026-09-10 07:18:11,185 - mmdet - INFO - Epoch [8][7900/8725]	lr: 1.000e-03, eta: 5:20:07, time: 0.170, data_time: 0.011, memory: 13424, loss_cls: 0.3907, loss_bbox: 0.3987, loss_kps: 0.0000, loss: 0.7894
2026-09-10 07:18:19,863 - mmdet - INFO - Epoch [8][7950/8725]	lr: 1.000e-03, eta: 5:19:57, time: 0.173, data_time: 0.010, memory: 13424, loss_cls: 0.4168, loss_bbox: 0.4030, loss_kps: 0.0000, loss: 0.8198
2026-09-10 07:18:28,305 - mmdet - INFO - Epoch [8][8000/8725]	lr: 1.000e-03, eta: 5:19:47, time: 0.169, data_time: 0.010, memory: 13424, loss_cls: 0.4426, loss_bbox: 0.4226, loss_kps: 0.0000, loss: 0.8652
2026-09-10 07:18:36,833 - mmdet - INFO - Epoch [8][8050/8725]	lr: 1.000e-03, eta: 5:19:37, time: 0.170, data_time: 0.010, memory: 13424, loss_cls: 0.4250, loss_bbox: 0.3990, loss_kps: 0.0000, loss: 0.8240
2026-09-10 07:18:45,289 - mmdet - INFO - Epoch [8][8100/8725]	lr: 1.000e-03, eta: 5:19:27, time: 0.169, data_time: 0.010, memory: 13424, loss_cls: 0.3866, loss_bbox: 0.3854, loss_kps: 0.0000, loss: 0.7720
2026-09-10 07:18:53,788 - mmdet - INFO - Epoch [8][8150/8725]	lr: 1.000e-03, eta: 5:19:17, time: 0.170, data_time: 0.010, memory: 13424, loss_cls: 0.3883, loss_bbox: 0.3672, loss_kps: 0.0000, loss: 0.7555
2026-09-10 07:19:02,305 - mmdet - INFO - Epoch [8][8200/8725]	lr: 1.000e-03, eta: 5:19:07, time: 0.171, data_time: 0.010, memory: 13424, loss_cls: 0.4069, loss_bbox: 0.3923, loss_kps: 0.0000, loss: 0.7992
2026-09-10 07:19:10,768 - mmdet - INFO - Epoch [8][8250/8725]	lr: 1.000e-03, eta: 5:18:57, time: 0.169, data_time: 0.010, memory: 13424, loss_cls: 0.4127, loss_bbox: 0.3833, loss_kps: 0.0000, loss: 0.7959
2026-09-10 07:19:19,195 - mmdet - INFO - Epoch [8][8300/8725]	lr: 1.000e-03, eta: 5:18:47, time: 0.169, data_time: 0.010, memory: 13424, loss_cls: 0.4094, loss_bbox: 0.3880, loss_kps: 0.0000, loss: 0.7974
2026-09-10 07:19:27,620 - mmdet - INFO - Epoch [8][8350/8725]	lr: 1.000e-03, eta: 5:18:37, time: 0.168, data_time: 0.010, memory: 13424, loss_cls: 0.4223, loss_bbox: 0.3990, loss_kps: 0.0000, loss: 0.8213
2026-09-10 07:19:36,358 - mmdet - INFO - Epoch [8][8400/8725]	lr: 1.000e-03, eta: 5:18:27, time: 0.175, data_time: 0.011, memory: 13424, loss_cls: 0.4147, loss_bbox: 0.3997, loss_kps: 0.0000, loss: 0.8145
2026-09-10 07:19:44,770 - mmdet - INFO - Epoch [8][8450/8725]	lr: 1.000e-03, eta: 5:18:17, time: 0.168, data_time: 0.010, memory: 13424, loss_cls: 0.4092, loss_bbox: 0.3936, loss_kps: 0.0000, loss: 0.8028
2026-09-10 07:19:53,270 - mmdet - INFO - Epoch [8][8500/8725]	lr: 1.000e-03, eta: 5:18:07, time: 0.170, data_time: 0.011, memory: 13424, loss_cls: 0.4220, loss_bbox: 0.4087, loss_kps: 0.0000, loss: 0.8308
2026-09-10 07:20:01,670 - mmdet - INFO - Epoch [8][8550/8725]	lr: 1.000e-03, eta: 5:17:57, time: 0.168, data_time: 0.010, memory: 13424, loss_cls: 0.4443, loss_bbox: 0.4116, loss_kps: 0.0000, loss: 0.8559
2026-09-10 07:20:10,125 - mmdet - INFO - Epoch [8][8600/8725]	lr: 1.000e-03, eta: 5:17:47, time: 0.169, data_time: 0.010, memory: 13424, loss_cls: 0.4349, loss_bbox: 0.3941, loss_kps: 0.0000, loss: 0.8290
2026-09-10 07:20:18,553 - mmdet - INFO - Epoch [8][8650/8725]	lr: 1.000e-03, eta: 5:17:37, time: 0.168, data_time: 0.010, memory: 13424, loss_cls: 0.3999, loss_bbox: 0.3780, loss_kps: 0.0000, loss: 0.7779
2026-09-10 07:20:26,969 - mmdet - INFO - Epoch [8][8700/8725]	lr: 1.000e-03, eta: 5:17:27, time: 0.169, data_time: 0.010, memory: 13424, loss_cls: 0.4389, loss_bbox: 0.4074, loss_kps: 0.0000, loss: 0.8463
2026-09-10 07:20:31,241 - mmdet - INFO - Saving checkpoint at 8 epochs
2026-09-10 07:20:43,551 - mmdet - INFO - Epoch [9][50/8725]	lr: 1.000e-03, eta: 5:17:11, time: 0.241, data_time: 0.079, memory: 13424, loss_cls: 0.3848, loss_bbox: 0.3751, loss_kps: 0.0000, loss: 0.7600
2026-09-10 07:20:52,041 - mmdet - INFO - Epoch [9][100/8725]	lr: 1.000e-03, eta: 5:17:01, time: 0.170, data_time: 0.010, memory: 13424, loss_cls: 0.3996, loss_bbox: 0.3867, loss_kps: 0.0000, loss: 0.7863
2026-09-10 07:21:00,498 - mmdet - INFO - Epoch [9][150/8725]	lr: 1.000e-03, eta: 5:16:50, time: 0.169, data_time: 0.009, memory: 13424, loss_cls: 0.4199, loss_bbox: 0.3933, loss_kps: 0.0000, loss: 0.8132
2026-09-10 07:21:08,924 - mmdet - INFO - Exp name: scrfd_armAA34.py
2026-09-10 07:21:08,924 - mmdet - INFO - Epoch [9][200/8725]	lr: 1.000e-03, eta: 5:16:40, time: 0.169, data_time: 0.009, memory: 13424, loss_cls: 0.4276, loss_bbox: 0.3957, loss_kps: 0.0000, loss: 0.8233
2026-09-10 07:21:17,428 - mmdet - INFO - Epoch [9][250/8725]	lr: 1.000e-03, eta: 5:16:30, time: 0.170, data_time: 0.009, memory: 13424, loss_cls: 0.4251, loss_bbox: 0.4065, loss_kps: 0.0000, loss: 0.8316
2026-09-10 07:21:25,897 - mmdet - INFO - Epoch [9][300/8725]	lr: 1.000e-03, eta: 5:16:20, time: 0.169, data_time: 0.009, memory: 13424, loss_cls: 0.4228, loss_bbox: 0.3926, loss_kps: 0.0000, loss: 0.8154
2026-09-10 07:21:34,372 - mmdet - INFO - Epoch [9][350/8725]	lr: 1.000e-03, eta: 5:16:10, time: 0.169, data_time: 0.009, memory: 13424, loss_cls: 0.4309, loss_bbox: 0.4186, loss_kps: 0.0000, loss: 0.8495
2026-09-10 07:21:42,847 - mmdet - INFO - Epoch [9][400/8725]	lr: 1.000e-03, eta: 5:16:00, time: 0.170, data_time: 0.009, memory: 13424, loss_cls: 0.4349, loss_bbox: 0.3903, loss_kps: 0.0000, loss: 0.8252
2026-09-10 07:21:51,347 - mmdet - INFO - Epoch [9][450/8725]	lr: 1.000e-03, eta: 5:15:50, time: 0.170, data_time: 0.009, memory: 13424, loss_cls: 0.3995, loss_bbox: 0.3694, loss_kps: 0.0000, loss: 0.7689
2026-09-10 07:21:59,803 - mmdet - INFO - Epoch [9][500/8725]	lr: 1.000e-03, eta: 5:15:40, time: 0.169, data_time: 0.010, memory: 13424, loss_cls: 0.4258, loss_bbox: 0.3917, loss_kps: 0.0000, loss: 0.8175
2026-09-10 07:22:08,263 - mmdet - INFO - Epoch [9][550/8725]	lr: 1.000e-03, eta: 5:15:30, time: 0.169, data_time: 0.010, memory: 13424, loss_cls: 0.3949, loss_bbox: 0.3900, loss_kps: 0.0000, loss: 0.7849
2026-09-10 07:22:16,744 - mmdet - INFO - Epoch [9][600/8725]	lr: 1.000e-03, eta: 5:15:20, time: 0.170, data_time: 0.009, memory: 13424, loss_cls: 0.4247, loss_bbox: 0.3949, loss_kps: 0.0000, loss: 0.8196
2026-09-10 07:22:25,183 - mmdet - INFO - Epoch [9][650/8725]	lr: 1.000e-03, eta: 5:15:10, time: 0.169, data_time: 0.009, memory: 13424, loss_cls: 0.4050, loss_bbox: 0.3984, loss_kps: 0.0000, loss: 0.8034
2026-09-10 07:22:33,595 - mmdet - INFO - Epoch [9][700/8725]	lr: 1.000e-03, eta: 5:15:00, time: 0.168, data_time: 0.009, memory: 13424, loss_cls: 0.4324, loss_bbox: 0.3960, loss_kps: 0.0000, loss: 0.8284
2026-09-10 07:22:42,020 - mmdet - INFO - Epoch [9][750/8725]	lr: 1.000e-03, eta: 5:14:50, time: 0.168, data_time: 0.009, memory: 13424, loss_cls: 0.4012, loss_bbox: 0.4096, loss_kps: 0.0000, loss: 0.8108
2026-09-10 07:22:50,541 - mmdet - INFO - Epoch [9][800/8725]	lr: 1.000e-03, eta: 5:14:40, time: 0.171, data_time: 0.009, memory: 13424, loss_cls: 0.3953, loss_bbox: 0.3863, loss_kps: 0.0000, loss: 0.7816
2026-09-10 07:22:58,967 - mmdet - INFO - Epoch [9][850/8725]	lr: 1.000e-03, eta: 5:14:30, time: 0.168, data_time: 0.010, memory: 13424, loss_cls: 0.4291, loss_bbox: 0.3988, loss_kps: 0.0000, loss: 0.8278
2026-09-10 07:23:07,430 - mmdet - INFO - Epoch [9][900/8725]	lr: 1.000e-03, eta: 5:14:20, time: 0.169, data_time: 0.010, memory: 13424, loss_cls: 0.4378, loss_bbox: 0.4055, loss_kps: 0.0000, loss: 0.8433
2026-09-10 07:23:15,828 - mmdet - INFO - Epoch [9][950/8725]	lr: 1.000e-03, eta: 5:14:10, time: 0.168, data_time: 0.009, memory: 13424, loss_cls: 0.3950, loss_bbox: 0.3937, loss_kps: 0.0000, loss: 0.7887
2026-09-10 07:23:24,262 - mmdet - INFO - Epoch [9][1000/8725]	lr: 1.000e-03, eta: 5:14:00, time: 0.169, data_time: 0.009, memory: 13424, loss_cls: 0.4541, loss_bbox: 0.3870, loss_kps: 0.0000, loss: 0.8411
2026-09-10 07:23:32,755 - mmdet - INFO - Epoch [9][1050/8725]	lr: 1.000e-03, eta: 5:13:50, time: 0.170, data_time: 0.009, memory: 13424, loss_cls: 0.4181, loss_bbox: 0.3641, loss_kps: 0.0000, loss: 0.7823
2026-09-10 07:23:41,240 - mmdet - INFO - Epoch [9][1100/8725]	lr: 1.000e-03, eta: 5:13:40, time: 0.170, data_time: 0.009, memory: 13424, loss_cls: 0.4552, loss_bbox: 0.4137, loss_kps: 0.0000, loss: 0.8689
2026-09-10 07:23:49,642 - mmdet - INFO - Epoch [9][1150/8725]	lr: 1.000e-03, eta: 5:13:30, time: 0.168, data_time: 0.009, memory: 13424, loss_cls: 0.4187, loss_bbox: 0.3999, loss_kps: 0.0000, loss: 0.8185
2026-09-10 07:23:58,094 - mmdet - INFO - Exp name: scrfd_armAA34.py
2026-09-10 07:23:58,094 - mmdet - INFO - Epoch [9][1200/8725]	lr: 1.000e-03, eta: 5:13:20, time: 0.169, data_time: 0.009, memory: 13424, loss_cls: 0.3977, loss_bbox: 0.3929, loss_kps: 0.0000, loss: 0.7907
2026-09-10 07:24:06,487 - mmdet - INFO - Epoch [9][1250/8725]	lr: 1.000e-03, eta: 5:13:10, time: 0.168, data_time: 0.009, memory: 13424, loss_cls: 0.4299, loss_bbox: 0.3878, loss_kps: 0.0000, loss: 0.8176
2026-09-10 07:24:14,953 - mmdet - INFO - Epoch [9][1300/8725]	lr: 1.000e-03, eta: 5:13:00, time: 0.169, data_time: 0.010, memory: 13424, loss_cls: 0.4118, loss_bbox: 0.3900, loss_kps: 0.0000, loss: 0.8018
2026-09-10 07:24:23,423 - mmdet - INFO - Epoch [9][1350/8725]	lr: 1.000e-03, eta: 5:12:50, time: 0.169, data_time: 0.009, memory: 13424, loss_cls: 0.4453, loss_bbox: 0.3930, loss_kps: 0.0000, loss: 0.8383
2026-09-10 07:24:31,941 - mmdet - INFO - Epoch [9][1400/8725]	lr: 1.000e-03, eta: 5:12:40, time: 0.170, data_time: 0.009, memory: 13424, loss_cls: 0.4144, loss_bbox: 0.3943, loss_kps: 0.0000, loss: 0.8087
2026-09-10 07:24:40,380 - mmdet - INFO - Epoch [9][1450/8725]	lr: 1.000e-03, eta: 5:12:30, time: 0.169, data_time: 0.009, memory: 13424, loss_cls: 0.4335, loss_bbox: 0.3733, loss_kps: 0.0000, loss: 0.8068
2026-09-10 07:24:48,815 - mmdet - INFO - Epoch [9][1500/8725]	lr: 1.000e-03, eta: 5:12:20, time: 0.169, data_time: 0.009, memory: 13424, loss_cls: 0.4097, loss_bbox: 0.3820, loss_kps: 0.0000, loss: 0.7917
2026-09-10 07:24:57,260 - mmdet - INFO - Epoch [9][1550/8725]	lr: 1.000e-03, eta: 5:12:10, time: 0.169, data_time: 0.009, memory: 13424, loss_cls: 0.4038, loss_bbox: 0.4042, loss_kps: 0.0000, loss: 0.8081
2026-09-10 07:25:05,701 - mmdet - INFO - Epoch [9][1600/8725]	lr: 1.000e-03, eta: 5:12:00, time: 0.169, data_time: 0.010, memory: 13424, loss_cls: 0.4427, loss_bbox: 0.4059, loss_kps: 0.0000, loss: 0.8486
2026-09-10 07:25:14,091 - mmdet - INFO - Epoch [9][1650/8725]	lr: 1.000e-03, eta: 5:11:50, time: 0.168, data_time: 0.010, memory: 13424, loss_cls: 0.4384, loss_bbox: 0.3861, loss_kps: 0.0000, loss: 0.8245
2026-09-10 07:25:22,506 - mmdet - INFO - Epoch [9][1700/8725]	lr: 1.000e-03, eta: 5:11:40, time: 0.168, data_time: 0.010, memory: 13424, loss_cls: 0.4150, loss_bbox: 0.4180, loss_kps: 0.0000, loss: 0.8330
2026-09-10 07:25:30,903 - mmdet - INFO - Epoch [9][1750/8725]	lr: 1.000e-03, eta: 5:11:30, time: 0.168, data_time: 0.010, memory: 13424, loss_cls: 0.4188, loss_bbox: 0.3841, loss_kps: 0.0000, loss: 0.8029
2026-09-10 07:25:39,361 - mmdet - INFO - Epoch [9][1800/8725]	lr: 1.000e-03, eta: 5:11:20, time: 0.169, data_time: 0.010, memory: 13424, loss_cls: 0.4010, loss_bbox: 0.3888, loss_kps: 0.0000, loss: 0.7898
2026-09-10 07:25:47,873 - mmdet - INFO - Epoch [9][1850/8725]	lr: 1.000e-03, eta: 5:11:10, time: 0.170, data_time: 0.010, memory: 13424, loss_cls: 0.4201, loss_bbox: 0.3978, loss_kps: 0.0000, loss: 0.8178
2026-09-10 07:25:56,318 - mmdet - INFO - Epoch [9][1900/8725]	lr: 1.000e-03, eta: 5:11:00, time: 0.169, data_time: 0.010, memory: 13424, loss_cls: 0.3990, loss_bbox: 0.3835, loss_kps: 0.0000, loss: 0.7824
2026-09-10 07:26:04,750 - mmdet - INFO - Epoch [9][1950/8725]	lr: 1.000e-03, eta: 5:10:50, time: 0.169, data_time: 0.010, memory: 13424, loss_cls: 0.4179, loss_bbox: 0.4007, loss_kps: 0.0000, loss: 0.8187
2026-09-10 07:26:13,177 - mmdet - INFO - Epoch [9][2000/8725]	lr: 1.000e-03, eta: 5:10:40, time: 0.169, data_time: 0.010, memory: 13424, loss_cls: 0.4566, loss_bbox: 0.4050, loss_kps: 0.0000, loss: 0.8616
2026-09-10 07:26:21,668 - mmdet - INFO - Epoch [9][2050/8725]	lr: 1.000e-03, eta: 5:10:30, time: 0.170, data_time: 0.009, memory: 13424, loss_cls: 0.3963, loss_bbox: 0.3810, loss_kps: 0.0000, loss: 0.7773
2026-09-10 07:26:30,160 - mmdet - INFO - Epoch [9][2100/8725]	lr: 1.000e-03, eta: 5:10:20, time: 0.170, data_time: 0.010, memory: 13424, loss_cls: 0.4213, loss_bbox: 0.4089, loss_kps: 0.0000, loss: 0.8302
2026-09-10 07:26:38,623 - mmdet - INFO - Epoch [9][2150/8725]	lr: 1.000e-03, eta: 5:10:10, time: 0.169, data_time: 0.009, memory: 13424, loss_cls: 0.4025, loss_bbox: 0.3835, loss_kps: 0.0000, loss: 0.7860
2026-09-10 07:26:47,090 - mmdet - INFO - Exp name: scrfd_armAA34.py
2026-09-10 07:26:47,090 - mmdet - INFO - Epoch [9][2200/8725]	lr: 1.000e-03, eta: 5:10:00, time: 0.169, data_time: 0.010, memory: 13424, loss_cls: 0.4315, loss_bbox: 0.4021, loss_kps: 0.0000, loss: 0.8335
2026-09-10 07:26:55,563 - mmdet - INFO - Epoch [9][2250/8725]	lr: 1.000e-03, eta: 5:09:51, time: 0.169, data_time: 0.009, memory: 13424, loss_cls: 0.4153, loss_bbox: 0.4007, loss_kps: 0.0000, loss: 0.8160
2026-09-10 07:27:04,043 - mmdet - INFO - Epoch [9][2300/8725]	lr: 1.000e-03, eta: 5:09:41, time: 0.170, data_time: 0.009, memory: 13424, loss_cls: 0.4644, loss_bbox: 0.4133, loss_kps: 0.0000, loss: 0.8777
2026-09-10 07:27:12,678 - mmdet - INFO - Epoch [9][2350/8725]	lr: 1.000e-03, eta: 5:09:31, time: 0.172, data_time: 0.010, memory: 13424, loss_cls: 0.3956, loss_bbox: 0.3743, loss_kps: 0.0000, loss: 0.7699
2026-09-10 07:27:21,145 - mmdet - INFO - Epoch [9][2400/8725]	lr: 1.000e-03, eta: 5:09:21, time: 0.170, data_time: 0.009, memory: 13424, loss_cls: 0.4426, loss_bbox: 0.3913, loss_kps: 0.0000, loss: 0.8339
2026-09-10 07:27:29,586 - mmdet - INFO - Epoch [9][2450/8725]	lr: 1.000e-03, eta: 5:09:11, time: 0.169, data_time: 0.009, memory: 13424, loss_cls: 0.4161, loss_bbox: 0.3855, loss_kps: 0.0000, loss: 0.8016
2026-09-10 07:27:38,066 - mmdet - INFO - Epoch [9][2500/8725]	lr: 1.000e-03, eta: 5:09:01, time: 0.170, data_time: 0.009, memory: 13424, loss_cls: 0.4121, loss_bbox: 0.4050, loss_kps: 0.0000, loss: 0.8171
2026-09-10 07:27:46,757 - mmdet - INFO - Epoch [9][2550/8725]	lr: 1.000e-03, eta: 5:08:51, time: 0.174, data_time: 0.014, memory: 13424, loss_cls: 0.3943, loss_bbox: 0.3875, loss_kps: 0.0000, loss: 0.7818
2026-09-10 07:27:55,170 - mmdet - INFO - Epoch [9][2600/8725]	lr: 1.000e-03, eta: 5:08:41, time: 0.168, data_time: 0.009, memory: 13424, loss_cls: 0.4480, loss_bbox: 0.3972, loss_kps: 0.0000, loss: 0.8452
2026-09-10 07:28:03,572 - mmdet - INFO - Epoch [9][2650/8725]	lr: 1.000e-03, eta: 5:08:31, time: 0.168, data_time: 0.009, memory: 13424, loss_cls: 0.4138, loss_bbox: 0.3926, loss_kps: 0.0000, loss: 0.8064
2026-09-10 07:28:11,987 - mmdet - INFO - Epoch [9][2700/8725]	lr: 1.000e-03, eta: 5:08:21, time: 0.168, data_time: 0.009, memory: 13424, loss_cls: 0.4101, loss_bbox: 0.3963, loss_kps: 0.0000, loss: 0.8063
2026-09-10 07:28:20,420 - mmdet - INFO - Epoch [9][2750/8725]	lr: 1.000e-03, eta: 5:08:12, time: 0.169, data_time: 0.010, memory: 13424, loss_cls: 0.4162, loss_bbox: 0.3949, loss_kps: 0.0000, loss: 0.8111
2026-09-10 07:28:28,824 - mmdet - INFO - Epoch [9][2800/8725]	lr: 1.000e-03, eta: 5:08:02, time: 0.168, data_time: 0.009, memory: 13424, loss_cls: 0.3757, loss_bbox: 0.3700, loss_kps: 0.0000, loss: 0.7457
2026-09-10 07:28:37,241 - mmdet - INFO - Epoch [9][2850/8725]	lr: 1.000e-03, eta: 5:07:52, time: 0.168, data_time: 0.009, memory: 13424, loss_cls: 0.4113, loss_bbox: 0.4009, loss_kps: 0.0000, loss: 0.8123
2026-09-10 07:28:45,697 - mmdet - INFO - Epoch [9][2900/8725]	lr: 1.000e-03, eta: 5:07:42, time: 0.169, data_time: 0.009, memory: 13424, loss_cls: 0.4254, loss_bbox: 0.3990, loss_kps: 0.0000, loss: 0.8244
2026-09-10 07:28:54,113 - mmdet - INFO - Epoch [9][2950/8725]	lr: 1.000e-03, eta: 5:07:32, time: 0.168, data_time: 0.009, memory: 13424, loss_cls: 0.4179, loss_bbox: 0.3891, loss_kps: 0.0000, loss: 0.8071
2026-09-10 07:29:02,557 - mmdet - INFO - Epoch [9][3000/8725]	lr: 1.000e-03, eta: 5:07:22, time: 0.169, data_time: 0.009, memory: 13424, loss_cls: 0.4830, loss_bbox: 0.4110, loss_kps: 0.0000, loss: 0.8939
2026-09-10 07:29:10,978 - mmdet - INFO - Epoch [9][3050/8725]	lr: 1.000e-03, eta: 5:07:12, time: 0.168, data_time: 0.010, memory: 13424, loss_cls: 0.4073, loss_bbox: 0.3794, loss_kps: 0.0000, loss: 0.7867
2026-09-10 07:29:19,493 - mmdet - INFO - Epoch [9][3100/8725]	lr: 1.000e-03, eta: 5:07:02, time: 0.170, data_time: 0.010, memory: 13424, loss_cls: 0.4009, loss_bbox: 0.3732, loss_kps: 0.0000, loss: 0.7741
2026-09-10 07:29:27,966 - mmdet - INFO - Epoch [9][3150/8725]	lr: 1.000e-03, eta: 5:06:52, time: 0.169, data_time: 0.010, memory: 13424, loss_cls: 0.4716, loss_bbox: 0.4329, loss_kps: 0.0000, loss: 0.9045
2026-09-10 07:29:36,467 - mmdet - INFO - Exp name: scrfd_armAA34.py
2026-09-10 07:29:36,467 - mmdet - INFO - Epoch [9][3200/8725]	lr: 1.000e-03, eta: 5:06:42, time: 0.170, data_time: 0.009, memory: 13424, loss_cls: 0.4099, loss_bbox: 0.4038, loss_kps: 0.0000, loss: 0.8137
2026-09-10 07:29:44,932 - mmdet - INFO - Epoch [9][3250/8725]	lr: 1.000e-03, eta: 5:06:32, time: 0.169, data_time: 0.009, memory: 13424, loss_cls: 0.4038, loss_bbox: 0.3928, loss_kps: 0.0000, loss: 0.7967
2026-09-10 07:29:53,387 - mmdet - INFO - Epoch [9][3300/8725]	lr: 1.000e-03, eta: 5:06:22, time: 0.169, data_time: 0.009, memory: 13424, loss_cls: 0.4202, loss_bbox: 0.4031, loss_kps: 0.0000, loss: 0.8233
2026-09-10 07:30:01,844 - mmdet - INFO - Epoch [9][3350/8725]	lr: 1.000e-03, eta: 5:06:12, time: 0.169, data_time: 0.009, memory: 13424, loss_cls: 0.4549, loss_bbox: 0.3981, loss_kps: 0.0000, loss: 0.8530
2026-09-10 07:30:10,339 - mmdet - INFO - Epoch [9][3400/8725]	lr: 1.000e-03, eta: 5:06:03, time: 0.170, data_time: 0.009, memory: 13424, loss_cls: 0.4190, loss_bbox: 0.3977, loss_kps: 0.0000, loss: 0.8167
2026-09-10 07:30:18,842 - mmdet - INFO - Epoch [9][3450/8725]	lr: 1.000e-03, eta: 5:05:53, time: 0.170, data_time: 0.010, memory: 13424, loss_cls: 0.4292, loss_bbox: 0.3943, loss_kps: 0.0000, loss: 0.8235
2026-09-10 07:30:27,298 - mmdet - INFO - Epoch [9][3500/8725]	lr: 1.000e-03, eta: 5:05:43, time: 0.169, data_time: 0.009, memory: 13424, loss_cls: 0.4174, loss_bbox: 0.3972, loss_kps: 0.0000, loss: 0.8146
2026-09-10 07:30:35,819 - mmdet - INFO - Epoch [9][3550/8725]	lr: 1.000e-03, eta: 5:05:33, time: 0.170, data_time: 0.009, memory: 13424, loss_cls: 0.4133, loss_bbox: 0.3903, loss_kps: 0.0000, loss: 0.8036
2026-09-10 07:30:44,536 - mmdet - INFO - Epoch [9][3600/8725]	lr: 1.000e-03, eta: 5:05:23, time: 0.174, data_time: 0.009, memory: 13424, loss_cls: 0.3971, loss_bbox: 0.4043, loss_kps: 0.0000, loss: 0.8014
2026-09-10 07:30:52,941 - mmdet - INFO - Epoch [9][3650/8725]	lr: 1.000e-03, eta: 5:05:14, time: 0.168, data_time: 0.010, memory: 13424, loss_cls: 0.4217, loss_bbox: 0.3867, loss_kps: 0.0000, loss: 0.8084
2026-09-10 07:31:01,388 - mmdet - INFO - Epoch [9][3700/8725]	lr: 1.000e-03, eta: 5:05:04, time: 0.169, data_time: 0.010, memory: 13424, loss_cls: 0.4001, loss_bbox: 0.4060, loss_kps: 0.0000, loss: 0.8061
2026-09-10 07:31:09,870 - mmdet - INFO - Epoch [9][3750/8725]	lr: 1.000e-03, eta: 5:04:54, time: 0.170, data_time: 0.010, memory: 13424, loss_cls: 0.4250, loss_bbox: 0.4081, loss_kps: 0.0000, loss: 0.8330
2026-09-10 07:31:18,298 - mmdet - INFO - Epoch [9][3800/8725]	lr: 1.000e-03, eta: 5:04:44, time: 0.169, data_time: 0.010, memory: 13424, loss_cls: 0.4054, loss_bbox: 0.4027, loss_kps: 0.0000, loss: 0.8081
2026-09-10 07:31:26,781 - mmdet - INFO - Epoch [9][3850/8725]	lr: 1.000e-03, eta: 5:04:34, time: 0.170, data_time: 0.010, memory: 13424, loss_cls: 0.4365, loss_bbox: 0.4163, loss_kps: 0.0000, loss: 0.8528
2026-09-10 07:31:35,234 - mmdet - INFO - Epoch [9][3900/8725]	lr: 1.000e-03, eta: 5:04:24, time: 0.169, data_time: 0.010, memory: 13424, loss_cls: 0.4455, loss_bbox: 0.4137, loss_kps: 0.0000, loss: 0.8591
2026-09-10 07:31:43,625 - mmdet - INFO - Epoch [9][3950/8725]	lr: 1.000e-03, eta: 5:04:14, time: 0.168, data_time: 0.010, memory: 13424, loss_cls: 0.4075, loss_bbox: 0.3879, loss_kps: 0.0000, loss: 0.7954
2026-09-10 07:31:52,134 - mmdet - INFO - Epoch [9][4000/8725]	lr: 1.000e-03, eta: 5:04:04, time: 0.170, data_time: 0.010, memory: 13424, loss_cls: 0.4317, loss_bbox: 0.3794, loss_kps: 0.0000, loss: 0.8111
2026-09-10 07:32:00,611 - mmdet - INFO - Epoch [9][4050/8725]	lr: 1.000e-03, eta: 5:03:54, time: 0.169, data_time: 0.010, memory: 13424, loss_cls: 0.4414, loss_bbox: 0.4210, loss_kps: 0.0000, loss: 0.8624
2026-09-10 07:32:09,005 - mmdet - INFO - Epoch [9][4100/8725]	lr: 1.000e-03, eta: 5:03:44, time: 0.168, data_time: 0.010, memory: 13424, loss_cls: 0.4139, loss_bbox: 0.4019, loss_kps: 0.0000, loss: 0.8158
2026-09-10 07:32:17,450 - mmdet - INFO - Epoch [9][4150/8725]	lr: 1.000e-03, eta: 5:03:35, time: 0.169, data_time: 0.010, memory: 13424, loss_cls: 0.4331, loss_bbox: 0.3835, loss_kps: 0.0000, loss: 0.8166
2026-09-10 07:32:25,933 - mmdet - INFO - Exp name: scrfd_armAA34.py
2026-09-10 07:32:25,933 - mmdet - INFO - Epoch [9][4200/8725]	lr: 1.000e-03, eta: 5:03:25, time: 0.170, data_time: 0.010, memory: 13424, loss_cls: 0.3711, loss_bbox: 0.3817, loss_kps: 0.0000, loss: 0.7528
2026-09-10 07:32:34,357 - mmdet - INFO - Epoch [9][4250/8725]	lr: 1.000e-03, eta: 5:03:15, time: 0.168, data_time: 0.010, memory: 13424, loss_cls: 0.4079, loss_bbox: 0.3808, loss_kps: 0.0000, loss: 0.7886
2026-09-10 07:32:42,786 - mmdet - INFO - Epoch [9][4300/8725]	lr: 1.000e-03, eta: 5:03:05, time: 0.168, data_time: 0.010, memory: 13424, loss_cls: 0.3905, loss_bbox: 0.3835, loss_kps: 0.0000, loss: 0.7740
2026-09-10 07:32:51,259 - mmdet - INFO - Epoch [9][4350/8725]	lr: 1.000e-03, eta: 5:02:55, time: 0.170, data_time: 0.010, memory: 13424, loss_cls: 0.4028, loss_bbox: 0.3685, loss_kps: 0.0000, loss: 0.7714
2026-09-10 07:32:59,787 - mmdet - INFO - Epoch [9][4400/8725]	lr: 1.000e-03, eta: 5:02:45, time: 0.171, data_time: 0.010, memory: 13424, loss_cls: 0.4233, loss_bbox: 0.4117, loss_kps: 0.0000, loss: 0.8350
2026-09-10 07:33:08,255 - mmdet - INFO - Epoch [9][4450/8725]	lr: 1.000e-03, eta: 5:02:35, time: 0.169, data_time: 0.011, memory: 13424, loss_cls: 0.4116, loss_bbox: 0.3941, loss_kps: 0.0000, loss: 0.8057
2026-09-10 07:33:16,682 - mmdet - INFO - Epoch [9][4500/8725]	lr: 1.000e-03, eta: 5:02:26, time: 0.169, data_time: 0.010, memory: 13424, loss_cls: 0.4142, loss_bbox: 0.3817, loss_kps: 0.0000, loss: 0.7960
2026-09-10 07:33:25,136 - mmdet - INFO - Epoch [9][4550/8725]	lr: 1.000e-03, eta: 5:02:16, time: 0.169, data_time: 0.010, memory: 13424, loss_cls: 0.4074, loss_bbox: 0.3918, loss_kps: 0.0000, loss: 0.7992
2026-09-10 07:33:33,663 - mmdet - INFO - Epoch [9][4600/8725]	lr: 1.000e-03, eta: 5:02:06, time: 0.171, data_time: 0.010, memory: 13424, loss_cls: 0.4577, loss_bbox: 0.4017, loss_kps: 0.0000, loss: 0.8594
2026-09-10 07:33:42,125 - mmdet - INFO - Epoch [9][4650/8725]	lr: 1.000e-03, eta: 5:01:56, time: 0.169, data_time: 0.010, memory: 13424, loss_cls: 0.4469, loss_bbox: 0.4070, loss_kps: 0.0000, loss: 0.8538
2026-09-10 07:33:50,602 - mmdet - INFO - Epoch [9][4700/8725]	lr: 1.000e-03, eta: 5:01:46, time: 0.170, data_time: 0.010, memory: 13424, loss_cls: 0.4305, loss_bbox: 0.4129, loss_kps: 0.0000, loss: 0.8434
2026-09-10 07:33:59,071 - mmdet - INFO - Epoch [9][4750/8725]	lr: 1.000e-03, eta: 5:01:36, time: 0.169, data_time: 0.010, memory: 13424, loss_cls: 0.4380, loss_bbox: 0.3955, loss_kps: 0.0000, loss: 0.8335
2026-09-10 07:34:07,486 - mmdet - INFO - Epoch [9][4800/8725]	lr: 1.000e-03, eta: 5:01:26, time: 0.168, data_time: 0.010, memory: 13424, loss_cls: 0.4005, loss_bbox: 0.3913, loss_kps: 0.0000, loss: 0.7918
2026-09-10 07:34:15,974 - mmdet - INFO - Epoch [9][4850/8725]	lr: 1.000e-03, eta: 5:01:17, time: 0.170, data_time: 0.009, memory: 13424, loss_cls: 0.4097, loss_bbox: 0.4012, loss_kps: 0.0000, loss: 0.8109
2026-09-10 07:34:24,398 - mmdet - INFO - Epoch [9][4900/8725]	lr: 1.000e-03, eta: 5:01:07, time: 0.169, data_time: 0.009, memory: 13424, loss_cls: 0.4141, loss_bbox: 0.3948, loss_kps: 0.0000, loss: 0.8089
2026-09-10 07:34:32,868 - mmdet - INFO - Epoch [9][4950/8725]	lr: 1.000e-03, eta: 5:00:57, time: 0.169, data_time: 0.010, memory: 13424, loss_cls: 0.3929, loss_bbox: 0.3999, loss_kps: 0.0000, loss: 0.7927
2026-09-10 07:34:41,275 - mmdet - INFO - Epoch [9][5000/8725]	lr: 1.000e-03, eta: 5:00:47, time: 0.168, data_time: 0.009, memory: 13424, loss_cls: 0.4084, loss_bbox: 0.4042, loss_kps: 0.0000, loss: 0.8126
2026-09-10 07:34:49,689 - mmdet - INFO - Epoch [9][5050/8725]	lr: 1.000e-03, eta: 5:00:37, time: 0.168, data_time: 0.009, memory: 13424, loss_cls: 0.4143, loss_bbox: 0.4032, loss_kps: 0.0000, loss: 0.8176
2026-09-10 07:34:58,145 - mmdet - INFO - Epoch [9][5100/8725]	lr: 1.000e-03, eta: 5:00:27, time: 0.169, data_time: 0.009, memory: 13424, loss_cls: 0.4262, loss_bbox: 0.3921, loss_kps: 0.0000, loss: 0.8183
2026-09-10 07:35:06,602 - mmdet - INFO - Epoch [9][5150/8725]	lr: 1.000e-03, eta: 5:00:17, time: 0.169, data_time: 0.009, memory: 13424, loss_cls: 0.4033, loss_bbox: 0.3812, loss_kps: 0.0000, loss: 0.7845
2026-09-10 07:35:15,020 - mmdet - INFO - Exp name: scrfd_armAA34.py
2026-09-10 07:35:15,021 - mmdet - INFO - Epoch [9][5200/8725]	lr: 1.000e-03, eta: 5:00:08, time: 0.168, data_time: 0.009, memory: 13424, loss_cls: 0.4406, loss_bbox: 0.4074, loss_kps: 0.0000, loss: 0.8480
2026-09-10 07:35:23,480 - mmdet - INFO - Epoch [9][5250/8725]	lr: 1.000e-03, eta: 4:59:58, time: 0.169, data_time: 0.009, memory: 13424, loss_cls: 0.4587, loss_bbox: 0.4283, loss_kps: 0.0000, loss: 0.8869
2026-09-10 07:35:31,903 - mmdet - INFO - Epoch [9][5300/8725]	lr: 1.000e-03, eta: 4:59:48, time: 0.169, data_time: 0.009, memory: 13424, loss_cls: 0.4515, loss_bbox: 0.3950, loss_kps: 0.0000, loss: 0.8466
2026-09-10 07:35:40,325 - mmdet - INFO - Epoch [9][5350/8725]	lr: 1.000e-03, eta: 4:59:38, time: 0.168, data_time: 0.010, memory: 13424, loss_cls: 0.4040, loss_bbox: 0.3763, loss_kps: 0.0000, loss: 0.7803
2026-09-10 07:35:48,789 - mmdet - INFO - Epoch [9][5400/8725]	lr: 1.000e-03, eta: 4:59:28, time: 0.169, data_time: 0.009, memory: 13424, loss_cls: 0.4614, loss_bbox: 0.4129, loss_kps: 0.0000, loss: 0.8743
2026-09-10 07:35:57,222 - mmdet - INFO - Epoch [9][5450/8725]	lr: 1.000e-03, eta: 4:59:18, time: 0.169, data_time: 0.009, memory: 13424, loss_cls: 0.3823, loss_bbox: 0.3750, loss_kps: 0.0000, loss: 0.7573
2026-09-10 07:36:05,656 - mmdet - INFO - Epoch [9][5500/8725]	lr: 1.000e-03, eta: 4:59:08, time: 0.169, data_time: 0.009, memory: 13424, loss_cls: 0.4728, loss_bbox: 0.4162, loss_kps: 0.0000, loss: 0.8890
2026-09-10 07:36:14,058 - mmdet - INFO - Epoch [9][5550/8725]	lr: 1.000e-03, eta: 4:58:59, time: 0.168, data_time: 0.009, memory: 13424, loss_cls: 0.4229, loss_bbox: 0.3987, loss_kps: 0.0000, loss: 0.8216
2026-09-10 07:36:22,518 - mmdet - INFO - Epoch [9][5600/8725]	lr: 1.000e-03, eta: 4:58:49, time: 0.169, data_time: 0.009, memory: 13424, loss_cls: 0.4187, loss_bbox: 0.4022, loss_kps: 0.0000, loss: 0.8209
2026-09-10 07:36:30,996 - mmdet - INFO - Epoch [9][5650/8725]	lr: 1.000e-03, eta: 4:58:39, time: 0.170, data_time: 0.009, memory: 13424, loss_cls: 0.4137, loss_bbox: 0.4079, loss_kps: 0.0000, loss: 0.8216
2026-09-10 07:36:39,730 - mmdet - INFO - Epoch [9][5700/8725]	lr: 1.000e-03, eta: 4:58:30, time: 0.175, data_time: 0.010, memory: 13424, loss_cls: 0.4453, loss_bbox: 0.4094, loss_kps: 0.0000, loss: 0.8547
2026-09-10 07:36:48,236 - mmdet - INFO - Epoch [9][5750/8725]	lr: 1.000e-03, eta: 4:58:20, time: 0.170, data_time: 0.009, memory: 13424, loss_cls: 0.3915, loss_bbox: 0.3741, loss_kps: 0.0000, loss: 0.7656
2026-09-10 07:36:56,700 - mmdet - INFO - Epoch [9][5800/8725]	lr: 1.000e-03, eta: 4:58:10, time: 0.169, data_time: 0.010, memory: 13424, loss_cls: 0.4175, loss_bbox: 0.4000, loss_kps: 0.0000, loss: 0.8174
2026-09-10 07:37:05,136 - mmdet - INFO - Epoch [9][5850/8725]	lr: 1.000e-03, eta: 4:58:00, time: 0.169, data_time: 0.010, memory: 13424, loss_cls: 0.4114, loss_bbox: 0.3808, loss_kps: 0.0000, loss: 0.7922
2026-09-10 07:37:13,573 - mmdet - INFO - Epoch [9][5900/8725]	lr: 1.000e-03, eta: 4:57:50, time: 0.169, data_time: 0.010, memory: 13424, loss_cls: 0.3976, loss_bbox: 0.3782, loss_kps: 0.0000, loss: 0.7758
2026-09-10 07:37:21,990 - mmdet - INFO - Epoch [9][5950/8725]	lr: 1.000e-03, eta: 4:57:40, time: 0.168, data_time: 0.010, memory: 13424, loss_cls: 0.4185, loss_bbox: 0.4015, loss_kps: 0.0000, loss: 0.8200
2026-09-10 07:37:30,438 - mmdet - INFO - Epoch [9][6000/8725]	lr: 1.000e-03, eta: 4:57:31, time: 0.169, data_time: 0.010, memory: 13424, loss_cls: 0.4034, loss_bbox: 0.4021, loss_kps: 0.0000, loss: 0.8055
2026-09-10 07:37:38,901 - mmdet - INFO - Epoch [9][6050/8725]	lr: 1.000e-03, eta: 4:57:21, time: 0.169, data_time: 0.010, memory: 13424, loss_cls: 0.4584, loss_bbox: 0.4051, loss_kps: 0.0000, loss: 0.8635
2026-09-10 07:37:47,335 - mmdet - INFO - Epoch [9][6100/8725]	lr: 1.000e-03, eta: 4:57:11, time: 0.169, data_time: 0.010, memory: 13424, loss_cls: 0.4387, loss_bbox: 0.4030, loss_kps: 0.0000, loss: 0.8417
2026-09-10 07:37:55,798 - mmdet - INFO - Epoch [9][6150/8725]	lr: 1.000e-03, eta: 4:57:01, time: 0.169, data_time: 0.010, memory: 13424, loss_cls: 0.4293, loss_bbox: 0.3942, loss_kps: 0.0000, loss: 0.8235
2026-09-10 07:38:04,276 - mmdet - INFO - Exp name: scrfd_armAA34.py
2026-09-10 07:38:04,276 - mmdet - INFO - Epoch [9][6200/8725]	lr: 1.000e-03, eta: 4:56:51, time: 0.170, data_time: 0.010, memory: 13424, loss_cls: 0.3941, loss_bbox: 0.3907, loss_kps: 0.0000, loss: 0.7848
2026-09-10 07:38:12,718 - mmdet - INFO - Epoch [9][6250/8725]	lr: 1.000e-03, eta: 4:56:42, time: 0.169, data_time: 0.010, memory: 13424, loss_cls: 0.4321, loss_bbox: 0.3987, loss_kps: 0.0000, loss: 0.8309
2026-09-10 07:38:21,186 - mmdet - INFO - Epoch [9][6300/8725]	lr: 1.000e-03, eta: 4:56:32, time: 0.169, data_time: 0.010, memory: 13424, loss_cls: 0.4021, loss_bbox: 0.3898, loss_kps: 0.0000, loss: 0.7919
2026-09-10 07:38:29,632 - mmdet - INFO - Epoch [9][6350/8725]	lr: 1.000e-03, eta: 4:56:22, time: 0.169, data_time: 0.010, memory: 13424, loss_cls: 0.4135, loss_bbox: 0.4144, loss_kps: 0.0000, loss: 0.8280
2026-09-10 07:38:38,115 - mmdet - INFO - Epoch [9][6400/8725]	lr: 1.000e-03, eta: 4:56:12, time: 0.170, data_time: 0.010, memory: 13424, loss_cls: 0.4232, loss_bbox: 0.4082, loss_kps: 0.0000, loss: 0.8314
2026-09-10 07:38:46,560 - mmdet - INFO - Epoch [9][6450/8725]	lr: 1.000e-03, eta: 4:56:02, time: 0.169, data_time: 0.010, memory: 13424, loss_cls: 0.3984, loss_bbox: 0.3918, loss_kps: 0.0000, loss: 0.7902
2026-09-10 07:38:54,988 - mmdet - INFO - Epoch [9][6500/8725]	lr: 1.000e-03, eta: 4:55:53, time: 0.169, data_time: 0.010, memory: 13424, loss_cls: 0.4209, loss_bbox: 0.4056, loss_kps: 0.0000, loss: 0.8265
2026-09-10 07:39:03,409 - mmdet - INFO - Epoch [9][6550/8725]	lr: 1.000e-03, eta: 4:55:43, time: 0.168, data_time: 0.010, memory: 13424, loss_cls: 0.3964, loss_bbox: 0.3721, loss_kps: 0.0000, loss: 0.7685
2026-09-10 07:39:11,908 - mmdet - INFO - Epoch [9][6600/8725]	lr: 1.000e-03, eta: 4:55:33, time: 0.170, data_time: 0.010, memory: 13424, loss_cls: 0.3985, loss_bbox: 0.3994, loss_kps: 0.0000, loss: 0.7979
2026-09-10 07:39:20,371 - mmdet - INFO - Epoch [9][6650/8725]	lr: 1.000e-03, eta: 4:55:23, time: 0.169, data_time: 0.010, memory: 13424, loss_cls: 0.3871, loss_bbox: 0.3767, loss_kps: 0.0000, loss: 0.7638
2026-09-10 07:39:28,847 - mmdet - INFO - Epoch [9][6700/8725]	lr: 1.000e-03, eta: 4:55:13, time: 0.170, data_time: 0.010, memory: 13424, loss_cls: 0.4097, loss_bbox: 0.3854, loss_kps: 0.0000, loss: 0.7951
2026-09-10 07:39:37,257 - mmdet - INFO - Epoch [9][6750/8725]	lr: 1.000e-03, eta: 4:55:04, time: 0.168, data_time: 0.010, memory: 13424, loss_cls: 0.4221, loss_bbox: 0.4150, loss_kps: 0.0000, loss: 0.8371
2026-09-10 07:39:45,815 - mmdet - INFO - Epoch [9][6800/8725]	lr: 1.000e-03, eta: 4:54:54, time: 0.171, data_time: 0.010, memory: 13424, loss_cls: 0.4053, loss_bbox: 0.3799, loss_kps: 0.0000, loss: 0.7852
2026-09-10 07:39:54,365 - mmdet - INFO - Epoch [9][6850/8725]	lr: 1.000e-03, eta: 4:54:44, time: 0.171, data_time: 0.010, memory: 13424, loss_cls: 0.4457, loss_bbox: 0.4134, loss_kps: 0.0000, loss: 0.8591
2026-09-10 07:40:02,886 - mmdet - INFO - Epoch [9][6900/8725]	lr: 1.000e-03, eta: 4:54:35, time: 0.170, data_time: 0.010, memory: 13424, loss_cls: 0.4206, loss_bbox: 0.3988, loss_kps: 0.0000, loss: 0.8193
2026-09-10 07:40:11,466 - mmdet - INFO - Epoch [9][6950/8725]	lr: 1.000e-03, eta: 4:54:25, time: 0.172, data_time: 0.010, memory: 13424, loss_cls: 0.4067, loss_bbox: 0.4155, loss_kps: 0.0000, loss: 0.8222
2026-09-10 07:40:19,977 - mmdet - INFO - Epoch [9][7000/8725]	lr: 1.000e-03, eta: 4:54:15, time: 0.170, data_time: 0.011, memory: 13424, loss_cls: 0.4363, loss_bbox: 0.3887, loss_kps: 0.0000, loss: 0.8250
2026-09-10 07:40:28,570 - mmdet - INFO - Epoch [9][7050/8725]	lr: 1.000e-03, eta: 4:54:06, time: 0.172, data_time: 0.011, memory: 13424, loss_cls: 0.4176, loss_bbox: 0.3904, loss_kps: 0.0000, loss: 0.8080
2026-09-10 07:40:37,105 - mmdet - INFO - Epoch [9][7100/8725]	lr: 1.000e-03, eta: 4:53:56, time: 0.171, data_time: 0.011, memory: 13424, loss_cls: 0.4066, loss_bbox: 0.3874, loss_kps: 0.0000, loss: 0.7940
2026-09-10 07:40:45,670 - mmdet - INFO - Epoch [9][7150/8725]	lr: 1.000e-03, eta: 4:53:46, time: 0.171, data_time: 0.011, memory: 13424, loss_cls: 0.4194, loss_bbox: 0.3820, loss_kps: 0.0000, loss: 0.8014
2026-09-10 07:40:54,276 - mmdet - INFO - Exp name: scrfd_armAA34.py
2026-09-10 07:40:54,276 - mmdet - INFO - Epoch [9][7200/8725]	lr: 1.000e-03, eta: 4:53:37, time: 0.172, data_time: 0.010, memory: 13424, loss_cls: 0.3972, loss_bbox: 0.3886, loss_kps: 0.0000, loss: 0.7858
2026-09-10 07:41:02,808 - mmdet - INFO - Epoch [9][7250/8725]	lr: 1.000e-03, eta: 4:53:27, time: 0.171, data_time: 0.011, memory: 13424, loss_cls: 0.4143, loss_bbox: 0.3920, loss_kps: 0.0000, loss: 0.8064
2026-09-10 07:41:11,400 - mmdet - INFO - Epoch [9][7300/8725]	lr: 1.000e-03, eta: 4:53:18, time: 0.172, data_time: 0.010, memory: 13424, loss_cls: 0.4057, loss_bbox: 0.3990, loss_kps: 0.0000, loss: 0.8047
2026-09-10 07:41:19,900 - mmdet - INFO - Epoch [9][7350/8725]	lr: 1.000e-03, eta: 4:53:08, time: 0.170, data_time: 0.010, memory: 13424, loss_cls: 0.4277, loss_bbox: 0.3995, loss_kps: 0.0000, loss: 0.8272
2026-09-10 07:41:28,496 - mmdet - INFO - Epoch [9][7400/8725]	lr: 1.000e-03, eta: 4:52:58, time: 0.172, data_time: 0.010, memory: 13424, loss_cls: 0.4251, loss_bbox: 0.4111, loss_kps: 0.0000, loss: 0.8363
2026-09-10 07:41:36,916 - mmdet - INFO - Epoch [9][7450/8725]	lr: 1.000e-03, eta: 4:52:48, time: 0.168, data_time: 0.010, memory: 13424, loss_cls: 0.4059, loss_bbox: 0.3984, loss_kps: 0.0000, loss: 0.8044
2026-09-10 07:41:45,330 - mmdet - INFO - Epoch [9][7500/8725]	lr: 1.000e-03, eta: 4:52:39, time: 0.168, data_time: 0.010, memory: 13424, loss_cls: 0.4265, loss_bbox: 0.4009, loss_kps: 0.0000, loss: 0.8274
2026-09-10 07:41:53,802 - mmdet - INFO - Epoch [9][7550/8725]	lr: 1.000e-03, eta: 4:52:29, time: 0.169, data_time: 0.010, memory: 13424, loss_cls: 0.3960, loss_bbox: 0.3650, loss_kps: 0.0000, loss: 0.7610
2026-09-10 07:42:02,263 - mmdet - INFO - Epoch [9][7600/8725]	lr: 1.000e-03, eta: 4:52:19, time: 0.169, data_time: 0.010, memory: 13424, loss_cls: 0.3856, loss_bbox: 0.3760, loss_kps: 0.0000, loss: 0.7617
2026-09-10 07:42:10,698 - mmdet - INFO - Epoch [9][7650/8725]	lr: 1.000e-03, eta: 4:52:09, time: 0.169, data_time: 0.009, memory: 13424, loss_cls: 0.4146, loss_bbox: 0.3942, loss_kps: 0.0000, loss: 0.8089
2026-09-10 07:42:19,166 - mmdet - INFO - Epoch [9][7700/8725]	lr: 1.000e-03, eta: 4:52:00, time: 0.169, data_time: 0.010, memory: 13424, loss_cls: 0.3857, loss_bbox: 0.3769, loss_kps: 0.0000, loss: 0.7626
2026-09-10 07:42:27,777 - mmdet - INFO - Epoch [9][7750/8725]	lr: 1.000e-03, eta: 4:51:50, time: 0.172, data_time: 0.010, memory: 13424, loss_cls: 0.4043, loss_bbox: 0.3830, loss_kps: 0.0000, loss: 0.7873
2026-09-10 07:42:36,386 - mmdet - INFO - Epoch [9][7800/8725]	lr: 1.000e-03, eta: 4:51:41, time: 0.172, data_time: 0.011, memory: 13424, loss_cls: 0.4232, loss_bbox: 0.3860, loss_kps: 0.0000, loss: 0.8092
2026-09-10 07:42:45,065 - mmdet - INFO - Epoch [9][7850/8725]	lr: 1.000e-03, eta: 4:51:31, time: 0.173, data_time: 0.011, memory: 13424, loss_cls: 0.3864, loss_bbox: 0.3883, loss_kps: 0.0000, loss: 0.7747
2026-09-10 07:42:53,670 - mmdet - INFO - Epoch [9][7900/8725]	lr: 1.000e-03, eta: 4:51:22, time: 0.172, data_time: 0.011, memory: 13424, loss_cls: 0.4458, loss_bbox: 0.3960, loss_kps: 0.0000, loss: 0.8418
2026-09-10 07:43:02,360 - mmdet - INFO - Epoch [9][7950/8725]	lr: 1.000e-03, eta: 4:51:12, time: 0.174, data_time: 0.011, memory: 13424, loss_cls: 0.4547, loss_bbox: 0.4100, loss_kps: 0.0000, loss: 0.8648
2026-09-10 07:43:10,967 - mmdet - INFO - Epoch [9][8000/8725]	lr: 1.000e-03, eta: 4:51:03, time: 0.172, data_time: 0.011, memory: 13424, loss_cls: 0.4353, loss_bbox: 0.3773, loss_kps: 0.0000, loss: 0.8127
2026-09-10 07:43:19,551 - mmdet - INFO - Epoch [9][8050/8725]	lr: 1.000e-03, eta: 4:50:53, time: 0.172, data_time: 0.010, memory: 13424, loss_cls: 0.4442, loss_bbox: 0.4197, loss_kps: 0.0000, loss: 0.8639
2026-09-10 07:43:28,263 - mmdet - INFO - Epoch [9][8100/8725]	lr: 1.000e-03, eta: 4:50:44, time: 0.174, data_time: 0.011, memory: 13424, loss_cls: 0.4301, loss_bbox: 0.4329, loss_kps: 0.0000, loss: 0.8630
2026-09-10 07:43:37,187 - mmdet - INFO - Epoch [9][8150/8725]	lr: 1.000e-03, eta: 4:50:34, time: 0.178, data_time: 0.011, memory: 13424, loss_cls: 0.4286, loss_bbox: 0.3955, loss_kps: 0.0000, loss: 0.8242
2026-09-10 07:43:45,803 - mmdet - INFO - Exp name: scrfd_armAA34.py
2026-09-10 07:43:45,803 - mmdet - INFO - Epoch [9][8200/8725]	lr: 1.000e-03, eta: 4:50:25, time: 0.172, data_time: 0.011, memory: 13424, loss_cls: 0.4293, loss_bbox: 0.3945, loss_kps: 0.0000, loss: 0.8239
2026-09-10 07:43:54,530 - mmdet - INFO - Epoch [9][8250/8725]	lr: 1.000e-03, eta: 4:50:15, time: 0.174, data_time: 0.011, memory: 13424, loss_cls: 0.4148, loss_bbox: 0.3933, loss_kps: 0.0000, loss: 0.8081
2026-09-10 07:44:03,136 - mmdet - INFO - Epoch [9][8300/8725]	lr: 1.000e-03, eta: 4:50:06, time: 0.172, data_time: 0.010, memory: 13424, loss_cls: 0.4334, loss_bbox: 0.3968, loss_kps: 0.0000, loss: 0.8302
2026-09-10 07:44:11,777 - mmdet - INFO - Epoch [9][8350/8725]	lr: 1.000e-03, eta: 4:49:56, time: 0.173, data_time: 0.010, memory: 13424, loss_cls: 0.4181, loss_bbox: 0.4026, loss_kps: 0.0000, loss: 0.8207
2026-09-10 07:44:20,425 - mmdet - INFO - Epoch [9][8400/8725]	lr: 1.000e-03, eta: 4:49:47, time: 0.173, data_time: 0.011, memory: 13424, loss_cls: 0.3837, loss_bbox: 0.3741, loss_kps: 0.0000, loss: 0.7578
2026-09-10 07:44:29,012 - mmdet - INFO - Epoch [9][8450/8725]	lr: 1.000e-03, eta: 4:49:37, time: 0.172, data_time: 0.010, memory: 13424, loss_cls: 0.3974, loss_bbox: 0.4006, loss_kps: 0.0000, loss: 0.7980
2026-09-10 07:44:37,558 - mmdet - INFO - Epoch [9][8500/8725]	lr: 1.000e-03, eta: 4:49:28, time: 0.171, data_time: 0.010, memory: 13424, loss_cls: 0.4312, loss_bbox: 0.4114, loss_kps: 0.0000, loss: 0.8426
2026-09-10 07:44:46,026 - mmdet - INFO - Epoch [9][8550/8725]	lr: 1.000e-03, eta: 4:49:18, time: 0.169, data_time: 0.010, memory: 13424, loss_cls: 0.3984, loss_bbox: 0.3788, loss_kps: 0.0000, loss: 0.7773
2026-09-10 07:44:54,570 - mmdet - INFO - Epoch [9][8600/8725]	lr: 1.000e-03, eta: 4:49:08, time: 0.171, data_time: 0.010, memory: 13424, loss_cls: 0.3870, loss_bbox: 0.3948, loss_kps: 0.0000, loss: 0.7817
2026-09-10 07:45:03,052 - mmdet - INFO - Epoch [9][8650/8725]	lr: 1.000e-03, eta: 4:48:59, time: 0.170, data_time: 0.010, memory: 13424, loss_cls: 0.4214, loss_bbox: 0.3782, loss_kps: 0.0000, loss: 0.7997
2026-09-10 07:45:11,537 - mmdet - INFO - Epoch [9][8700/8725]	lr: 1.000e-03, eta: 4:48:49, time: 0.170, data_time: 0.010, memory: 13424, loss_cls: 0.4152, loss_bbox: 0.3989, loss_kps: 0.0000, loss: 0.8140
2026-09-10 07:45:15,779 - mmdet - INFO - Saving checkpoint at 9 epochs
2026-09-10 07:45:28,224 - mmdet - INFO - Epoch [10][50/8725]	lr: 1.000e-03, eta: 4:48:34, time: 0.244, data_time: 0.082, memory: 13424, loss_cls: 0.4029, loss_bbox: 0.3860, loss_kps: 0.0000, loss: 0.7888
2026-09-10 07:45:36,704 - mmdet - INFO - Epoch [10][100/8725]	lr: 1.000e-03, eta: 4:48:24, time: 0.169, data_time: 0.010, memory: 13424, loss_cls: 0.4082, loss_bbox: 0.4047, loss_kps: 0.0000, loss: 0.8129
2026-09-10 07:45:45,198 - mmdet - INFO - Epoch [10][150/8725]	lr: 1.000e-03, eta: 4:48:14, time: 0.170, data_time: 0.010, memory: 13424, loss_cls: 0.3999, loss_bbox: 0.3984, loss_kps: 0.0000, loss: 0.7983
2026-09-10 07:45:53,643 - mmdet - INFO - Epoch [10][200/8725]	lr: 1.000e-03, eta: 4:48:05, time: 0.169, data_time: 0.009, memory: 13424, loss_cls: 0.4007, loss_bbox: 0.3867, loss_kps: 0.0000, loss: 0.7874
2026-09-10 07:46:02,111 - mmdet - INFO - Epoch [10][250/8725]	lr: 1.000e-03, eta: 4:47:55, time: 0.170, data_time: 0.010, memory: 13424, loss_cls: 0.3994, loss_bbox: 0.4044, loss_kps: 0.0000, loss: 0.8038
2026-09-10 07:46:10,538 - mmdet - INFO - Epoch [10][300/8725]	lr: 1.000e-03, eta: 4:47:45, time: 0.168, data_time: 0.009, memory: 13424, loss_cls: 0.4168, loss_bbox: 0.3953, loss_kps: 0.0000, loss: 0.8121
2026-09-10 07:46:18,995 - mmdet - INFO - Epoch [10][350/8725]	lr: 1.000e-03, eta: 4:47:36, time: 0.169, data_time: 0.011, memory: 13424, loss_cls: 0.4182, loss_bbox: 0.3897, loss_kps: 0.0000, loss: 0.8079
2026-09-10 07:46:27,481 - mmdet - INFO - Epoch [10][400/8725]	lr: 1.000e-03, eta: 4:47:26, time: 0.169, data_time: 0.010, memory: 13424, loss_cls: 0.3762, loss_bbox: 0.3879, loss_kps: 0.0000, loss: 0.7641
2026-09-10 07:46:36,004 - mmdet - INFO - Epoch [10][450/8725]	lr: 1.000e-03, eta: 4:47:16, time: 0.171, data_time: 0.010, memory: 13424, loss_cls: 0.3999, loss_bbox: 0.3944, loss_kps: 0.0000, loss: 0.7943
2026-09-10 07:46:44,542 - mmdet - INFO - Epoch [10][500/8725]	lr: 1.000e-03, eta: 4:47:07, time: 0.170, data_time: 0.010, memory: 13424, loss_cls: 0.3817, loss_bbox: 0.3675, loss_kps: 0.0000, loss: 0.7492
2026-09-10 07:46:53,011 - mmdet - INFO - Epoch [10][550/8725]	lr: 1.000e-03, eta: 4:46:57, time: 0.170, data_time: 0.010, memory: 13424, loss_cls: 0.4438, loss_bbox: 0.3858, loss_kps: 0.0000, loss: 0.8296
2026-09-10 07:47:01,414 - mmdet - INFO - Epoch [10][600/8725]	lr: 1.000e-03, eta: 4:46:47, time: 0.168, data_time: 0.010, memory: 13424, loss_cls: 0.3818, loss_bbox: 0.3967, loss_kps: 0.0000, loss: 0.7785
2026-09-10 07:47:09,881 - mmdet - INFO - Epoch [10][650/8725]	lr: 1.000e-03, eta: 4:46:37, time: 0.170, data_time: 0.010, memory: 13424, loss_cls: 0.4094, loss_bbox: 0.4018, loss_kps: 0.0000, loss: 0.8113
2026-09-10 07:47:18,485 - mmdet - INFO - Epoch [10][700/8725]	lr: 1.000e-03, eta: 4:46:28, time: 0.172, data_time: 0.010, memory: 13424, loss_cls: 0.4454, loss_bbox: 0.4109, loss_kps: 0.0000, loss: 0.8563
2026-09-10 07:47:26,995 - mmdet - INFO - Epoch [10][750/8725]	lr: 1.000e-03, eta: 4:46:18, time: 0.170, data_time: 0.010, memory: 13424, loss_cls: 0.4203, loss_bbox: 0.4066, loss_kps: 0.0000, loss: 0.8270
2026-09-10 07:47:35,517 - mmdet - INFO - Epoch [10][800/8725]	lr: 1.000e-03, eta: 4:46:09, time: 0.170, data_time: 0.010, memory: 13424, loss_cls: 0.4117, loss_bbox: 0.4097, loss_kps: 0.0000, loss: 0.8213
2026-09-10 07:47:43,983 - mmdet - INFO - Epoch [10][850/8725]	lr: 1.000e-03, eta: 4:45:59, time: 0.170, data_time: 0.010, memory: 13424, loss_cls: 0.4135, loss_bbox: 0.3967, loss_kps: 0.0000, loss: 0.8102
2026-09-10 07:47:52,477 - mmdet - INFO - Epoch [10][900/8725]	lr: 1.000e-03, eta: 4:45:49, time: 0.170, data_time: 0.010, memory: 13424, loss_cls: 0.4089, loss_bbox: 0.4177, loss_kps: 0.0000, loss: 0.8266
2026-09-10 07:48:01,311 - mmdet - INFO - Epoch [10][950/8725]	lr: 1.000e-03, eta: 4:45:40, time: 0.177, data_time: 0.016, memory: 13424, loss_cls: 0.4197, loss_bbox: 0.3827, loss_kps: 0.0000, loss: 0.8024
2026-09-10 07:48:09,805 - mmdet - INFO - Epoch [10][1000/8725]	lr: 1.000e-03, eta: 4:45:30, time: 0.170, data_time: 0.010, memory: 13424, loss_cls: 0.4185, loss_bbox: 0.3942, loss_kps: 0.0000, loss: 0.8127
2026-09-10 07:48:18,345 - mmdet - INFO - Epoch [10][1050/8725]	lr: 1.000e-03, eta: 4:45:21, time: 0.171, data_time: 0.010, memory: 13424, loss_cls: 0.4326, loss_bbox: 0.4063, loss_kps: 0.0000, loss: 0.8389
2026-09-10 07:48:26,893 - mmdet - INFO - Epoch [10][1100/8725]	lr: 1.000e-03, eta: 4:45:11, time: 0.171, data_time: 0.010, memory: 13424, loss_cls: 0.4108, loss_bbox: 0.3918, loss_kps: 0.0000, loss: 0.8026
2026-09-10 07:48:35,410 - mmdet - INFO - Epoch [10][1150/8725]	lr: 1.000e-03, eta: 4:45:02, time: 0.171, data_time: 0.010, memory: 13424, loss_cls: 0.4025, loss_bbox: 0.3745, loss_kps: 0.0000, loss: 0.7769
2026-09-10 07:48:43,938 - mmdet - INFO - Epoch [10][1200/8725]	lr: 1.000e-03, eta: 4:44:52, time: 0.170, data_time: 0.009, memory: 13424, loss_cls: 0.4042, loss_bbox: 0.3905, loss_kps: 0.0000, loss: 0.7946
2026-09-10 07:48:52,352 - mmdet - INFO - Epoch [10][1250/8725]	lr: 1.000e-03, eta: 4:44:42, time: 0.169, data_time: 0.010, memory: 13424, loss_cls: 0.4162, loss_bbox: 0.4055, loss_kps: 0.0000, loss: 0.8217
2026-09-10 07:49:00,886 - mmdet - INFO - Epoch [10][1300/8725]	lr: 1.000e-03, eta: 4:44:33, time: 0.170, data_time: 0.009, memory: 13424, loss_cls: 0.3985, loss_bbox: 0.3927, loss_kps: 0.0000, loss: 0.7912
2026-09-10 07:49:09,372 - mmdet - INFO - Epoch [10][1350/8725]	lr: 1.000e-03, eta: 4:44:23, time: 0.170, data_time: 0.010, memory: 13424, loss_cls: 0.4080, loss_bbox: 0.3898, loss_kps: 0.0000, loss: 0.7978
2026-09-10 07:49:17,863 - mmdet - INFO - Epoch [10][1400/8725]	lr: 1.000e-03, eta: 4:44:13, time: 0.169, data_time: 0.009, memory: 13424, loss_cls: 0.4157, loss_bbox: 0.4055, loss_kps: 0.0000, loss: 0.8212
2026-09-10 07:49:26,384 - mmdet - INFO - Epoch [10][1450/8725]	lr: 1.000e-03, eta: 4:44:04, time: 0.171, data_time: 0.011, memory: 13424, loss_cls: 0.4275, loss_bbox: 0.3945, loss_kps: 0.0000, loss: 0.8220
2026-09-10 07:49:34,855 - mmdet - INFO - Epoch [10][1500/8725]	lr: 1.000e-03, eta: 4:43:54, time: 0.169, data_time: 0.009, memory: 13424, loss_cls: 0.4222, loss_bbox: 0.3856, loss_kps: 0.0000, loss: 0.8078
2026-09-10 07:49:43,335 - mmdet - INFO - Epoch [10][1550/8725]	lr: 1.000e-03, eta: 4:43:45, time: 0.170, data_time: 0.010, memory: 13424, loss_cls: 0.3835, loss_bbox: 0.3765, loss_kps: 0.0000, loss: 0.7600
2026-09-10 07:49:51,808 - mmdet - INFO - Epoch [10][1600/8725]	lr: 1.000e-03, eta: 4:43:35, time: 0.169, data_time: 0.009, memory: 13424, loss_cls: 0.4461, loss_bbox: 0.4268, loss_kps: 0.0000, loss: 0.8730
2026-09-10 07:50:00,262 - mmdet - INFO - Epoch [10][1650/8725]	lr: 1.000e-03, eta: 4:43:25, time: 0.169, data_time: 0.010, memory: 13424, loss_cls: 0.4235, loss_bbox: 0.3976, loss_kps: 0.0000, loss: 0.8211
2026-09-10 07:50:08,717 - mmdet - INFO - Epoch [10][1700/8725]	lr: 1.000e-03, eta: 4:43:16, time: 0.169, data_time: 0.009, memory: 13424, loss_cls: 0.4194, loss_bbox: 0.4052, loss_kps: 0.0000, loss: 0.8245
2026-09-10 07:50:17,243 - mmdet - INFO - Epoch [10][1750/8725]	lr: 1.000e-03, eta: 4:43:06, time: 0.171, data_time: 0.010, memory: 13424, loss_cls: 0.4149, loss_bbox: 0.3985, loss_kps: 0.0000, loss: 0.8134
2026-09-10 07:50:25,731 - mmdet - INFO - Epoch [10][1800/8725]	lr: 1.000e-03, eta: 4:42:56, time: 0.170, data_time: 0.009, memory: 13424, loss_cls: 0.4419, loss_bbox: 0.4165, loss_kps: 0.0000, loss: 0.8584
2026-09-10 07:50:34,261 - mmdet - INFO - Epoch [10][1850/8725]	lr: 1.000e-03, eta: 4:42:47, time: 0.171, data_time: 0.011, memory: 13424, loss_cls: 0.4053, loss_bbox: 0.3735, loss_kps: 0.0000, loss: 0.7788
2026-09-10 07:50:42,722 - mmdet - INFO - Epoch [10][1900/8725]	lr: 1.000e-03, eta: 4:42:37, time: 0.169, data_time: 0.009, memory: 13424, loss_cls: 0.3946, loss_bbox: 0.3821, loss_kps: 0.0000, loss: 0.7768
2026-09-10 07:50:51,186 - mmdet - INFO - Epoch [10][1950/8725]	lr: 1.000e-03, eta: 4:42:27, time: 0.170, data_time: 0.010, memory: 13424, loss_cls: 0.3905, loss_bbox: 0.3732, loss_kps: 0.0000, loss: 0.7636
2026-09-10 07:50:59,653 - mmdet - INFO - Epoch [10][2000/8725]	lr: 1.000e-03, eta: 4:42:18, time: 0.169, data_time: 0.009, memory: 13424, loss_cls: 0.4018, loss_bbox: 0.3874, loss_kps: 0.0000, loss: 0.7892
2026-09-10 07:51:08,439 - mmdet - INFO - Epoch [10][2050/8725]	lr: 1.000e-03, eta: 4:42:09, time: 0.176, data_time: 0.010, memory: 13424, loss_cls: 0.3505, loss_bbox: 0.3681, loss_kps: 0.0000, loss: 0.7186
2026-09-10 07:51:16,895 - mmdet - INFO - Epoch [10][2100/8725]	lr: 1.000e-03, eta: 4:41:59, time: 0.169, data_time: 0.010, memory: 13424, loss_cls: 0.4111, loss_bbox: 0.3921, loss_kps: 0.0000, loss: 0.8032
2026-09-10 07:51:25,344 - mmdet - INFO - Epoch [10][2150/8725]	lr: 1.000e-03, eta: 4:41:49, time: 0.169, data_time: 0.010, memory: 13424, loss_cls: 0.3996, loss_bbox: 0.3883, loss_kps: 0.0000, loss: 0.7879
2026-09-10 07:51:33,793 - mmdet - INFO - Epoch [10][2200/8725]	lr: 1.000e-03, eta: 4:41:40, time: 0.169, data_time: 0.010, memory: 13424, loss_cls: 0.4162, loss_bbox: 0.4143, loss_kps: 0.0000, loss: 0.8305
2026-09-10 07:51:42,313 - mmdet - INFO - Epoch [10][2250/8725]	lr: 1.000e-03, eta: 4:41:30, time: 0.171, data_time: 0.010, memory: 13424, loss_cls: 0.3933, loss_bbox: 0.4019, loss_kps: 0.0000, loss: 0.7953
2026-09-10 07:51:50,834 - mmdet - INFO - Epoch [10][2300/8725]	lr: 1.000e-03, eta: 4:41:20, time: 0.170, data_time: 0.010, memory: 13424, loss_cls: 0.4072, loss_bbox: 0.4059, loss_kps: 0.0000, loss: 0.8131
2026-09-10 07:51:59,291 - mmdet - INFO - Epoch [10][2350/8725]	lr: 1.000e-03, eta: 4:41:11, time: 0.169, data_time: 0.010, memory: 13424, loss_cls: 0.4114, loss_bbox: 0.3785, loss_kps: 0.0000, loss: 0.7899
2026-09-10 07:52:07,718 - mmdet - INFO - Epoch [10][2400/8725]	lr: 1.000e-03, eta: 4:41:01, time: 0.168, data_time: 0.009, memory: 13424, loss_cls: 0.4408, loss_bbox: 0.4052, loss_kps: 0.0000, loss: 0.8460
2026-09-10 07:52:16,170 - mmdet - INFO - Epoch [10][2450/8725]	lr: 1.000e-03, eta: 4:40:51, time: 0.169, data_time: 0.010, memory: 13424, loss_cls: 0.4259, loss_bbox: 0.4129, loss_kps: 0.0000, loss: 0.8388
2026-09-10 07:52:24,635 - mmdet - INFO - Epoch [10][2500/8725]	lr: 1.000e-03, eta: 4:40:42, time: 0.169, data_time: 0.010, memory: 13424, loss_cls: 0.3973, loss_bbox: 0.3783, loss_kps: 0.0000, loss: 0.7756
2026-09-10 07:52:33,096 - mmdet - INFO - Epoch [10][2550/8725]	lr: 1.000e-03, eta: 4:40:32, time: 0.169, data_time: 0.011, memory: 13424, loss_cls: 0.4132, loss_bbox: 0.3897, loss_kps: 0.0000, loss: 0.8029
2026-09-10 07:52:41,603 - mmdet - INFO - Epoch [10][2600/8725]	lr: 1.000e-03, eta: 4:40:23, time: 0.170, data_time: 0.009, memory: 13424, loss_cls: 0.4125, loss_bbox: 0.3872, loss_kps: 0.0000, loss: 0.7997
2026-09-10 07:52:50,086 - mmdet - INFO - Epoch [10][2650/8725]	lr: 1.000e-03, eta: 4:40:13, time: 0.170, data_time: 0.010, memory: 13424, loss_cls: 0.4456, loss_bbox: 0.4070, loss_kps: 0.0000, loss: 0.8526
2026-09-10 07:52:58,559 - mmdet - INFO - Epoch [10][2700/8725]	lr: 1.000e-03, eta: 4:40:03, time: 0.169, data_time: 0.009, memory: 13424, loss_cls: 0.4124, loss_bbox: 0.3835, loss_kps: 0.0000, loss: 0.7959
2026-09-10 07:53:07,073 - mmdet - INFO - Epoch [10][2750/8725]	lr: 1.000e-03, eta: 4:39:54, time: 0.171, data_time: 0.010, memory: 13424, loss_cls: 0.4029, loss_bbox: 0.3829, loss_kps: 0.0000, loss: 0.7858
2026-09-10 07:53:15,587 - mmdet - INFO - Epoch [10][2800/8725]	lr: 1.000e-03, eta: 4:39:44, time: 0.170, data_time: 0.010, memory: 13424, loss_cls: 0.4236, loss_bbox: 0.4102, loss_kps: 0.0000, loss: 0.8338
2026-09-10 07:53:24,063 - mmdet - INFO - Epoch [10][2850/8725]	lr: 1.000e-03, eta: 4:39:35, time: 0.170, data_time: 0.010, memory: 13424, loss_cls: 0.4381, loss_bbox: 0.4066, loss_kps: 0.0000, loss: 0.8447
2026-09-10 07:53:32,535 - mmdet - INFO - Epoch [10][2900/8725]	lr: 1.000e-03, eta: 4:39:25, time: 0.169, data_time: 0.010, memory: 13424, loss_cls: 0.3847, loss_bbox: 0.3902, loss_kps: 0.0000, loss: 0.7749
2026-09-10 07:53:41,040 - mmdet - INFO - Epoch [10][2950/8725]	lr: 1.000e-03, eta: 4:39:15, time: 0.170, data_time: 0.010, memory: 13424, loss_cls: 0.4230, loss_bbox: 0.4180, loss_kps: 0.0000, loss: 0.8409
2026-09-10 07:53:49,511 - mmdet - INFO - Epoch [10][3000/8725]	lr: 1.000e-03, eta: 4:39:06, time: 0.169, data_time: 0.009, memory: 13424, loss_cls: 0.4222, loss_bbox: 0.3928, loss_kps: 0.0000, loss: 0.8150
2026-09-10 07:53:57,969 - mmdet - INFO - Epoch [10][3050/8725]	lr: 1.000e-03, eta: 4:38:56, time: 0.169, data_time: 0.010, memory: 13424, loss_cls: 0.4066, loss_bbox: 0.3814, loss_kps: 0.0000, loss: 0.7880
2026-09-10 07:54:06,415 - mmdet - INFO - Epoch [10][3100/8725]	lr: 1.000e-03, eta: 4:38:46, time: 0.169, data_time: 0.009, memory: 13424, loss_cls: 0.3765, loss_bbox: 0.3941, loss_kps: 0.0000, loss: 0.7706
2026-09-10 07:54:14,911 - mmdet - INFO - Epoch [10][3150/8725]	lr: 1.000e-03, eta: 4:38:37, time: 0.170, data_time: 0.010, memory: 13424, loss_cls: 0.4397, loss_bbox: 0.4029, loss_kps: 0.0000, loss: 0.8425
2026-09-10 07:54:23,372 - mmdet - INFO - Epoch [10][3200/8725]	lr: 1.000e-03, eta: 4:38:27, time: 0.169, data_time: 0.010, memory: 13424, loss_cls: 0.4674, loss_bbox: 0.3922, loss_kps: 0.0000, loss: 0.8597
2026-09-10 07:54:31,848 - mmdet - INFO - Epoch [10][3250/8725]	lr: 1.000e-03, eta: 4:38:18, time: 0.170, data_time: 0.010, memory: 13424, loss_cls: 0.4352, loss_bbox: 0.3908, loss_kps: 0.0000, loss: 0.8260
2026-09-10 07:54:40,353 - mmdet - INFO - Epoch [10][3300/8725]	lr: 1.000e-03, eta: 4:38:08, time: 0.170, data_time: 0.010, memory: 13424, loss_cls: 0.3969, loss_bbox: 0.3902, loss_kps: 0.0000, loss: 0.7871
2026-09-10 07:54:48,783 - mmdet - INFO - Epoch [10][3350/8725]	lr: 1.000e-03, eta: 4:37:58, time: 0.169, data_time: 0.010, memory: 13424, loss_cls: 0.3973, loss_bbox: 0.3743, loss_kps: 0.0000, loss: 0.7717
2026-09-10 07:54:57,326 - mmdet - INFO - Epoch [10][3400/8725]	lr: 1.000e-03, eta: 4:37:49, time: 0.170, data_time: 0.010, memory: 13424, loss_cls: 0.4102, loss_bbox: 0.3948, loss_kps: 0.0000, loss: 0.8050
2026-09-10 07:55:05,926 - mmdet - INFO - Epoch [10][3450/8725]	lr: 1.000e-03, eta: 4:37:39, time: 0.172, data_time: 0.011, memory: 13424, loss_cls: 0.4303, loss_bbox: 0.4156, loss_kps: 0.0000, loss: 0.8459
2026-09-10 07:55:14,455 - mmdet - INFO - Epoch [10][3500/8725]	lr: 1.000e-03, eta: 4:37:30, time: 0.170, data_time: 0.009, memory: 13424, loss_cls: 0.4280, loss_bbox: 0.4075, loss_kps: 0.0000, loss: 0.8355
2026-09-10 07:55:22,953 - mmdet - INFO - Epoch [10][3550/8725]	lr: 1.000e-03, eta: 4:37:20, time: 0.170, data_time: 0.010, memory: 13424, loss_cls: 0.4234, loss_bbox: 0.3995, loss_kps: 0.0000, loss: 0.8228
2026-09-10 07:55:31,446 - mmdet - INFO - Epoch [10][3600/8725]	lr: 1.000e-03, eta: 4:37:11, time: 0.170, data_time: 0.010, memory: 13424, loss_cls: 0.4232, loss_bbox: 0.3907, loss_kps: 0.0000, loss: 0.8139
2026-09-10 07:55:39,948 - mmdet - INFO - Epoch [10][3650/8725]	lr: 1.000e-03, eta: 4:37:01, time: 0.170, data_time: 0.010, memory: 13424, loss_cls: 0.4111, loss_bbox: 0.3958, loss_kps: 0.0000, loss: 0.8069
2026-09-10 07:55:48,456 - mmdet - INFO - Epoch [10][3700/8725]	lr: 1.000e-03, eta: 4:36:52, time: 0.170, data_time: 0.010, memory: 13424, loss_cls: 0.4127, loss_bbox: 0.3792, loss_kps: 0.0000, loss: 0.7919
2026-09-10 07:55:56,903 - mmdet - INFO - Epoch [10][3750/8725]	lr: 1.000e-03, eta: 4:36:42, time: 0.169, data_time: 0.010, memory: 13424, loss_cls: 0.4056, loss_bbox: 0.3728, loss_kps: 0.0000, loss: 0.7784
2026-09-10 07:56:05,577 - mmdet - INFO - Epoch [10][3800/8725]	lr: 1.000e-03, eta: 4:36:33, time: 0.173, data_time: 0.010, memory: 13424, loss_cls: 0.4662, loss_bbox: 0.3893, loss_kps: 0.0000, loss: 0.8555
2026-09-10 07:56:14,031 - mmdet - INFO - Epoch [10][3850/8725]	lr: 1.000e-03, eta: 4:36:23, time: 0.169, data_time: 0.010, memory: 13424, loss_cls: 0.4106, loss_bbox: 0.4014, loss_kps: 0.0000, loss: 0.8120
2026-09-10 07:56:22,517 - mmdet - INFO - Epoch [10][3900/8725]	lr: 1.000e-03, eta: 4:36:13, time: 0.170, data_time: 0.010, memory: 13424, loss_cls: 0.4420, loss_bbox: 0.3987, loss_kps: 0.0000, loss: 0.8407
2026-09-10 07:56:30,946 - mmdet - INFO - Epoch [10][3950/8725]	lr: 1.000e-03, eta: 4:36:04, time: 0.169, data_time: 0.010, memory: 13424, loss_cls: 0.4348, loss_bbox: 0.3987, loss_kps: 0.0000, loss: 0.8335
2026-09-10 07:56:39,408 - mmdet - INFO - Epoch [10][4000/8725]	lr: 1.000e-03, eta: 4:35:54, time: 0.169, data_time: 0.009, memory: 13424, loss_cls: 0.3977, loss_bbox: 0.3943, loss_kps: 0.0000, loss: 0.7919
2026-09-10 07:56:47,940 - mmdet - INFO - Epoch [10][4050/8725]	lr: 1.000e-03, eta: 4:35:45, time: 0.171, data_time: 0.010, memory: 13424, loss_cls: 0.4106, loss_bbox: 0.3818, loss_kps: 0.0000, loss: 0.7924
2026-09-10 07:56:56,418 - mmdet - INFO - Epoch [10][4100/8725]	lr: 1.000e-03, eta: 4:35:35, time: 0.169, data_time: 0.009, memory: 13424, loss_cls: 0.4434, loss_bbox: 0.4149, loss_kps: 0.0000, loss: 0.8583
2026-09-10 07:57:04,894 - mmdet - INFO - Epoch [10][4150/8725]	lr: 1.000e-03, eta: 4:35:26, time: 0.170, data_time: 0.010, memory: 13424, loss_cls: 0.4085, loss_bbox: 0.3895, loss_kps: 0.0000, loss: 0.7980
2026-09-10 07:57:13,426 - mmdet - INFO - Epoch [10][4200/8725]	lr: 1.000e-03, eta: 4:35:16, time: 0.170, data_time: 0.009, memory: 13424, loss_cls: 0.4176, loss_bbox: 0.3982, loss_kps: 0.0000, loss: 0.8158
2026-09-10 07:57:21,971 - mmdet - INFO - Epoch [10][4250/8725]	lr: 1.000e-03, eta: 4:35:07, time: 0.171, data_time: 0.010, memory: 13424, loss_cls: 0.4326, loss_bbox: 0.3856, loss_kps: 0.0000, loss: 0.8183
2026-09-10 07:57:30,476 - mmdet - INFO - Epoch [10][4300/8725]	lr: 1.000e-03, eta: 4:34:57, time: 0.170, data_time: 0.010, memory: 13424, loss_cls: 0.4064, loss_bbox: 0.4050, loss_kps: 0.0000, loss: 0.8114
2026-09-10 07:57:38,997 - mmdet - INFO - Epoch [10][4350/8725]	lr: 1.000e-03, eta: 4:34:47, time: 0.171, data_time: 0.011, memory: 13424, loss_cls: 0.4386, loss_bbox: 0.4019, loss_kps: 0.0000, loss: 0.8406
2026-09-10 07:57:47,533 - mmdet - INFO - Epoch [10][4400/8725]	lr: 1.000e-03, eta: 4:34:38, time: 0.170, data_time: 0.009, memory: 13424, loss_cls: 0.4158, loss_bbox: 0.4021, loss_kps: 0.0000, loss: 0.8179
2026-09-10 07:57:56,037 - mmdet - INFO - Epoch [10][4450/8725]	lr: 1.000e-03, eta: 4:34:28, time: 0.170, data_time: 0.011, memory: 13424, loss_cls: 0.4231, loss_bbox: 0.4158, loss_kps: 0.0000, loss: 0.8389
2026-09-10 07:58:04,462 - mmdet - INFO - Epoch [10][4500/8725]	lr: 1.000e-03, eta: 4:34:19, time: 0.168, data_time: 0.010, memory: 13424, loss_cls: 0.4538, loss_bbox: 0.4276, loss_kps: 0.0000, loss: 0.8814
2026-09-10 07:58:12,951 - mmdet - INFO - Epoch [10][4550/8725]	lr: 1.000e-03, eta: 4:34:09, time: 0.170, data_time: 0.010, memory: 13424, loss_cls: 0.4002, loss_bbox: 0.3972, loss_kps: 0.0000, loss: 0.7974
2026-09-10 07:58:21,409 - mmdet - INFO - Epoch [10][4600/8725]	lr: 1.000e-03, eta: 4:34:00, time: 0.169, data_time: 0.010, memory: 13424, loss_cls: 0.4412, loss_bbox: 0.3997, loss_kps: 0.0000, loss: 0.8410
2026-09-10 07:58:29,905 - mmdet - INFO - Epoch [10][4650/8725]	lr: 1.000e-03, eta: 4:33:50, time: 0.170, data_time: 0.011, memory: 13424, loss_cls: 0.4553, loss_bbox: 0.4127, loss_kps: 0.0000, loss: 0.8680
2026-09-10 07:58:38,368 - mmdet - INFO - Epoch [10][4700/8725]	lr: 1.000e-03, eta: 4:33:40, time: 0.169, data_time: 0.010, memory: 13424, loss_cls: 0.4226, loss_bbox: 0.4024, loss_kps: 0.0000, loss: 0.8250
2026-09-10 07:58:46,922 - mmdet - INFO - Epoch [10][4750/8725]	lr: 1.000e-03, eta: 4:33:31, time: 0.171, data_time: 0.010, memory: 13424, loss_cls: 0.4132, loss_bbox: 0.3938, loss_kps: 0.0000, loss: 0.8070
2026-09-10 07:58:55,371 - mmdet - INFO - Epoch [10][4800/8725]	lr: 1.000e-03, eta: 4:33:21, time: 0.169, data_time: 0.010, memory: 13424, loss_cls: 0.4274, loss_bbox: 0.4048, loss_kps: 0.0000, loss: 0.8321
2026-09-10 07:59:03,870 - mmdet - INFO - Epoch [10][4850/8725]	lr: 1.000e-03, eta: 4:33:12, time: 0.170, data_time: 0.011, memory: 13424, loss_cls: 0.4079, loss_bbox: 0.3675, loss_kps: 0.0000, loss: 0.7754
2026-09-10 07:59:12,319 - mmdet - INFO - Epoch [10][4900/8725]	lr: 1.000e-03, eta: 4:33:02, time: 0.169, data_time: 0.010, memory: 13424, loss_cls: 0.4013, loss_bbox: 0.3806, loss_kps: 0.0000, loss: 0.7819
2026-09-10 07:59:20,795 - mmdet - INFO - Epoch [10][4950/8725]	lr: 1.000e-03, eta: 4:32:53, time: 0.170, data_time: 0.011, memory: 13424, loss_cls: 0.4201, loss_bbox: 0.4113, loss_kps: 0.0000, loss: 0.8313
2026-09-10 07:59:29,242 - mmdet - INFO - Epoch [10][5000/8725]	lr: 1.000e-03, eta: 4:32:43, time: 0.169, data_time: 0.010, memory: 13424, loss_cls: 0.4217, loss_bbox: 0.4053, loss_kps: 0.0000, loss: 0.8269
2026-09-10 07:59:37,684 - mmdet - INFO - Epoch [10][5050/8725]	lr: 1.000e-03, eta: 4:32:34, time: 0.169, data_time: 0.011, memory: 13424, loss_cls: 0.4141, loss_bbox: 0.4044, loss_kps: 0.0000, loss: 0.8185
2026-09-10 07:59:46,144 - mmdet - INFO - Epoch [10][5100/8725]	lr: 1.000e-03, eta: 4:32:24, time: 0.169, data_time: 0.010, memory: 13424, loss_cls: 0.4142, loss_bbox: 0.3947, loss_kps: 0.0000, loss: 0.8089
2026-09-10 07:59:54,600 - mmdet - INFO - Epoch [10][5150/8725]	lr: 1.000e-03, eta: 4:32:14, time: 0.169, data_time: 0.010, memory: 13424, loss_cls: 0.4177, loss_bbox: 0.4063, loss_kps: 0.0000, loss: 0.8240
2026-09-10 08:00:03,055 - mmdet - INFO - Epoch [10][5200/8725]	lr: 1.000e-03, eta: 4:32:05, time: 0.169, data_time: 0.010, memory: 13424, loss_cls: 0.4494, loss_bbox: 0.4166, loss_kps: 0.0000, loss: 0.8660
2026-09-10 08:00:11,484 - mmdet - INFO - Epoch [10][5250/8725]	lr: 1.000e-03, eta: 4:31:55, time: 0.169, data_time: 0.010, memory: 13424, loss_cls: 0.4035, loss_bbox: 0.3878, loss_kps: 0.0000, loss: 0.7913
2026-09-10 08:00:19,973 - mmdet - INFO - Epoch [10][5300/8725]	lr: 1.000e-03, eta: 4:31:46, time: 0.170, data_time: 0.010, memory: 13424, loss_cls: 0.4147, loss_bbox: 0.4099, loss_kps: 0.0000, loss: 0.8246
2026-09-10 08:00:28,474 - mmdet - INFO - Epoch [10][5350/8725]	lr: 1.000e-03, eta: 4:31:36, time: 0.170, data_time: 0.011, memory: 13424, loss_cls: 0.3941, loss_bbox: 0.3799, loss_kps: 0.0000, loss: 0.7740
2026-09-10 08:00:36,941 - mmdet - INFO - Epoch [10][5400/8725]	lr: 1.000e-03, eta: 4:31:27, time: 0.169, data_time: 0.010, memory: 13424, loss_cls: 0.4055, loss_bbox: 0.3830, loss_kps: 0.0000, loss: 0.7885
2026-09-10 08:00:45,448 - mmdet - INFO - Epoch [10][5450/8725]	lr: 1.000e-03, eta: 4:31:17, time: 0.170, data_time: 0.010, memory: 13424, loss_cls: 0.4059, loss_bbox: 0.3979, loss_kps: 0.0000, loss: 0.8038
2026-09-10 08:00:53,911 - mmdet - INFO - Epoch [10][5500/8725]	lr: 1.000e-03, eta: 4:31:08, time: 0.169, data_time: 0.010, memory: 13424, loss_cls: 0.3976, loss_bbox: 0.3943, loss_kps: 0.0000, loss: 0.7919
2026-09-10 08:01:02,332 - mmdet - INFO - Epoch [10][5550/8725]	lr: 1.000e-03, eta: 4:30:58, time: 0.169, data_time: 0.010, memory: 13424, loss_cls: 0.4146, loss_bbox: 0.3952, loss_kps: 0.0000, loss: 0.8098
2026-09-10 08:01:10,780 - mmdet - INFO - Epoch [10][5600/8725]	lr: 1.000e-03, eta: 4:30:48, time: 0.169, data_time: 0.010, memory: 13424, loss_cls: 0.4332, loss_bbox: 0.4071, loss_kps: 0.0000, loss: 0.8404
2026-09-10 08:01:19,234 - mmdet - INFO - Epoch [10][5650/8725]	lr: 1.000e-03, eta: 4:30:39, time: 0.169, data_time: 0.010, memory: 13424, loss_cls: 0.4151, loss_bbox: 0.4184, loss_kps: 0.0000, loss: 0.8336
2026-09-10 08:01:27,704 - mmdet - INFO - Epoch [10][5700/8725]	lr: 1.000e-03, eta: 4:30:29, time: 0.169, data_time: 0.011, memory: 13424, loss_cls: 0.4053, loss_bbox: 0.3937, loss_kps: 0.0000, loss: 0.7990
2026-09-10 08:01:36,181 - mmdet - INFO - Epoch [10][5750/8725]	lr: 1.000e-03, eta: 4:30:20, time: 0.170, data_time: 0.011, memory: 13424, loss_cls: 0.4367, loss_bbox: 0.3989, loss_kps: 0.0000, loss: 0.8356
2026-09-10 08:01:44,652 - mmdet - INFO - Epoch [10][5800/8725]	lr: 1.000e-03, eta: 4:30:10, time: 0.169, data_time: 0.010, memory: 13424, loss_cls: 0.4055, loss_bbox: 0.3918, loss_kps: 0.0000, loss: 0.7973
2026-09-10 08:01:53,175 - mmdet - INFO - Epoch [10][5850/8725]	lr: 1.000e-03, eta: 4:30:01, time: 0.171, data_time: 0.010, memory: 13424, loss_cls: 0.4292, loss_bbox: 0.3959, loss_kps: 0.0000, loss: 0.8251
2026-09-10 08:02:01,673 - mmdet - INFO - Epoch [10][5900/8725]	lr: 1.000e-03, eta: 4:29:51, time: 0.170, data_time: 0.011, memory: 13424, loss_cls: 0.3956, loss_bbox: 0.3783, loss_kps: 0.0000, loss: 0.7740
2026-09-10 08:02:10,172 - mmdet - INFO - Epoch [10][5950/8725]	lr: 1.000e-03, eta: 4:29:42, time: 0.170, data_time: 0.011, memory: 13424, loss_cls: 0.4319, loss_bbox: 0.3861, loss_kps: 0.0000, loss: 0.8181
2026-09-10 08:02:18,627 - mmdet - INFO - Epoch [10][6000/8725]	lr: 1.000e-03, eta: 4:29:32, time: 0.169, data_time: 0.010, memory: 13424, loss_cls: 0.3782, loss_bbox: 0.3914, loss_kps: 0.0000, loss: 0.7696
2026-09-10 08:02:27,095 - mmdet - INFO - Epoch [10][6050/8725]	lr: 1.000e-03, eta: 4:29:23, time: 0.170, data_time: 0.010, memory: 13424, loss_cls: 0.3982, loss_bbox: 0.3996, loss_kps: 0.0000, loss: 0.7978
2026-09-10 08:02:35,565 - mmdet - INFO - Epoch [10][6100/8725]	lr: 1.000e-03, eta: 4:29:13, time: 0.169, data_time: 0.010, memory: 13424, loss_cls: 0.4078, loss_bbox: 0.4038, loss_kps: 0.0000, loss: 0.8115
2026-09-10 08:02:43,999 - mmdet - INFO - Epoch [10][6150/8725]	lr: 1.000e-03, eta: 4:29:03, time: 0.169, data_time: 0.010, memory: 13424, loss_cls: 0.4427, loss_bbox: 0.4261, loss_kps: 0.0000, loss: 0.8688
2026-09-10 08:02:52,458 - mmdet - INFO - Epoch [10][6200/8725]	lr: 1.000e-03, eta: 4:28:54, time: 0.169, data_time: 0.010, memory: 13424, loss_cls: 0.4065, loss_bbox: 0.3994, loss_kps: 0.0000, loss: 0.8059
2026-09-10 08:03:00,920 - mmdet - INFO - Epoch [10][6250/8725]	lr: 1.000e-03, eta: 4:28:44, time: 0.169, data_time: 0.010, memory: 13424, loss_cls: 0.4415, loss_bbox: 0.3982, loss_kps: 0.0000, loss: 0.8397
2026-09-10 08:03:09,648 - mmdet - INFO - Epoch [10][6300/8725]	lr: 1.000e-03, eta: 4:28:35, time: 0.174, data_time: 0.010, memory: 13424, loss_cls: 0.4145, loss_bbox: 0.4033, loss_kps: 0.0000, loss: 0.8178
2026-09-10 08:03:18,150 - mmdet - INFO - Epoch [10][6350/8725]	lr: 1.000e-03, eta: 4:28:26, time: 0.170, data_time: 0.010, memory: 13424, loss_cls: 0.4097, loss_bbox: 0.3842, loss_kps: 0.0000, loss: 0.7939
2026-09-10 08:03:26,597 - mmdet - INFO - Epoch [10][6400/8725]	lr: 1.000e-03, eta: 4:28:16, time: 0.169, data_time: 0.010, memory: 13424, loss_cls: 0.4056, loss_bbox: 0.3818, loss_kps: 0.0000, loss: 0.7873
2026-09-10 08:03:35,092 - mmdet - INFO - Epoch [10][6450/8725]	lr: 1.000e-03, eta: 4:28:07, time: 0.170, data_time: 0.010, memory: 13424, loss_cls: 0.3934, loss_bbox: 0.3579, loss_kps: 0.0000, loss: 0.7513
2026-09-10 08:03:43,560 - mmdet - INFO - Epoch [10][6500/8725]	lr: 1.000e-03, eta: 4:27:57, time: 0.169, data_time: 0.010, memory: 13424, loss_cls: 0.4064, loss_bbox: 0.3643, loss_kps: 0.0000, loss: 0.7707
2026-09-10 08:03:52,055 - mmdet - INFO - Epoch [10][6550/8725]	lr: 1.000e-03, eta: 4:27:48, time: 0.170, data_time: 0.011, memory: 13424, loss_cls: 0.4388, loss_bbox: 0.3939, loss_kps: 0.0000, loss: 0.8327
2026-09-10 08:04:00,547 - mmdet - INFO - Epoch [10][6600/8725]	lr: 1.000e-03, eta: 4:27:38, time: 0.170, data_time: 0.010, memory: 13424, loss_cls: 0.4018, loss_bbox: 0.3878, loss_kps: 0.0000, loss: 0.7895
2026-09-10 08:04:09,054 - mmdet - INFO - Epoch [10][6650/8725]	lr: 1.000e-03, eta: 4:27:29, time: 0.170, data_time: 0.010, memory: 13424, loss_cls: 0.4286, loss_bbox: 0.4095, loss_kps: 0.0000, loss: 0.8382
2026-09-10 08:04:17,525 - mmdet - INFO - Epoch [10][6700/8725]	lr: 1.000e-03, eta: 4:27:19, time: 0.169, data_time: 0.011, memory: 13424, loss_cls: 0.4251, loss_bbox: 0.4048, loss_kps: 0.0000, loss: 0.8299
2026-09-10 08:04:26,036 - mmdet - INFO - Epoch [10][6750/8725]	lr: 1.000e-03, eta: 4:27:10, time: 0.171, data_time: 0.011, memory: 13424, loss_cls: 0.4115, loss_bbox: 0.4046, loss_kps: 0.0000, loss: 0.8161
2026-09-10 08:04:34,522 - mmdet - INFO - Epoch [10][6800/8725]	lr: 1.000e-03, eta: 4:27:00, time: 0.169, data_time: 0.010, memory: 13424, loss_cls: 0.4490, loss_bbox: 0.3954, loss_kps: 0.0000, loss: 0.8444
2026-09-10 08:04:43,038 - mmdet - INFO - Epoch [10][6850/8725]	lr: 1.000e-03, eta: 4:26:51, time: 0.171, data_time: 0.011, memory: 13424, loss_cls: 0.4041, loss_bbox: 0.3805, loss_kps: 0.0000, loss: 0.7847
2026-09-10 08:04:51,471 - mmdet - INFO - Epoch [10][6900/8725]	lr: 1.000e-03, eta: 4:26:41, time: 0.168, data_time: 0.010, memory: 13424, loss_cls: 0.4073, loss_bbox: 0.4190, loss_kps: 0.0000, loss: 0.8263
2026-09-10 08:04:59,961 - mmdet - INFO - Epoch [10][6950/8725]	lr: 1.000e-03, eta: 4:26:32, time: 0.170, data_time: 0.010, memory: 13424, loss_cls: 0.4002, loss_bbox: 0.3868, loss_kps: 0.0000, loss: 0.7869
2026-09-10 08:05:08,451 - mmdet - INFO - Epoch [10][7000/8725]	lr: 1.000e-03, eta: 4:26:22, time: 0.170, data_time: 0.011, memory: 13424, loss_cls: 0.4328, loss_bbox: 0.4029, loss_kps: 0.0000, loss: 0.8357
2026-09-10 08:05:16,893 - mmdet - INFO - Epoch [10][7050/8725]	lr: 1.000e-03, eta: 4:26:12, time: 0.169, data_time: 0.011, memory: 13424, loss_cls: 0.4173, loss_bbox: 0.4087, loss_kps: 0.0000, loss: 0.8260
2026-09-10 08:05:25,335 - mmdet - INFO - Epoch [10][7100/8725]	lr: 1.000e-03, eta: 4:26:03, time: 0.169, data_time: 0.010, memory: 13424, loss_cls: 0.3901, loss_bbox: 0.3598, loss_kps: 0.0000, loss: 0.7499
2026-09-10 08:05:33,798 - mmdet - INFO - Epoch [10][7150/8725]	lr: 1.000e-03, eta: 4:25:53, time: 0.169, data_time: 0.011, memory: 13424, loss_cls: 0.4288, loss_bbox: 0.4062, loss_kps: 0.0000, loss: 0.8349
2026-09-10 08:05:42,262 - mmdet - INFO - Epoch [10][7200/8725]	lr: 1.000e-03, eta: 4:25:44, time: 0.169, data_time: 0.010, memory: 13424, loss_cls: 0.3964, loss_bbox: 0.3770, loss_kps: 0.0000, loss: 0.7735
2026-09-10 08:05:50,739 - mmdet - INFO - Epoch [10][7250/8725]	lr: 1.000e-03, eta: 4:25:34, time: 0.170, data_time: 0.011, memory: 13424, loss_cls: 0.4078, loss_bbox: 0.3905, loss_kps: 0.0000, loss: 0.7982
2026-09-10 08:05:59,209 - mmdet - INFO - Epoch [10][7300/8725]	lr: 1.000e-03, eta: 4:25:25, time: 0.169, data_time: 0.011, memory: 13424, loss_cls: 0.4348, loss_bbox: 0.4111, loss_kps: 0.0000, loss: 0.8459
2026-09-10 08:06:07,684 - mmdet - INFO - Epoch [10][7350/8725]	lr: 1.000e-03, eta: 4:25:15, time: 0.170, data_time: 0.011, memory: 13424, loss_cls: 0.3905, loss_bbox: 0.4019, loss_kps: 0.0000, loss: 0.7923
2026-09-10 08:06:16,164 - mmdet - INFO - Epoch [10][7400/8725]	lr: 1.000e-03, eta: 4:25:06, time: 0.169, data_time: 0.010, memory: 13424, loss_cls: 0.4165, loss_bbox: 0.3790, loss_kps: 0.0000, loss: 0.7955
2026-09-10 08:06:24,654 - mmdet - INFO - Epoch [10][7450/8725]	lr: 1.000e-03, eta: 4:24:56, time: 0.170, data_time: 0.010, memory: 13424, loss_cls: 0.4117, loss_bbox: 0.3867, loss_kps: 0.0000, loss: 0.7984
2026-09-10 08:06:33,131 - mmdet - INFO - Epoch [10][7500/8725]	lr: 1.000e-03, eta: 4:24:47, time: 0.169, data_time: 0.010, memory: 13424, loss_cls: 0.4423, loss_bbox: 0.4050, loss_kps: 0.0000, loss: 0.8473
2026-09-10 08:06:41,603 - mmdet - INFO - Epoch [10][7550/8725]	lr: 1.000e-03, eta: 4:24:37, time: 0.170, data_time: 0.011, memory: 13424, loss_cls: 0.4379, loss_bbox: 0.3978, loss_kps: 0.0000, loss: 0.8357
2026-09-10 08:06:50,083 - mmdet - INFO - Epoch [10][7600/8725]	lr: 1.000e-03, eta: 4:24:28, time: 0.169, data_time: 0.010, memory: 13424, loss_cls: 0.4738, loss_bbox: 0.4203, loss_kps: 0.0000, loss: 0.8941
2026-09-10 08:06:58,651 - mmdet - INFO - Epoch [10][7650/8725]	lr: 1.000e-03, eta: 4:24:19, time: 0.172, data_time: 0.010, memory: 13424, loss_cls: 0.4021, loss_bbox: 0.3776, loss_kps: 0.0000, loss: 0.7796
2026-09-10 08:07:07,163 - mmdet - INFO - Epoch [10][7700/8725]	lr: 1.000e-03, eta: 4:24:09, time: 0.170, data_time: 0.010, memory: 13424, loss_cls: 0.4108, loss_bbox: 0.4068, loss_kps: 0.0000, loss: 0.8176
2026-09-10 08:07:15,650 - mmdet - INFO - Epoch [10][7750/8725]	lr: 1.000e-03, eta: 4:24:00, time: 0.170, data_time: 0.011, memory: 13424, loss_cls: 0.4240, loss_bbox: 0.3980, loss_kps: 0.0000, loss: 0.8220
2026-09-10 08:07:24,219 - mmdet - INFO - Epoch [10][7800/8725]	lr: 1.000e-03, eta: 4:23:50, time: 0.171, data_time: 0.010, memory: 13424, loss_cls: 0.4257, loss_bbox: 0.4180, loss_kps: 0.0000, loss: 0.8437
2026-09-10 08:07:32,695 - mmdet - INFO - Epoch [10][7850/8725]	lr: 1.000e-03, eta: 4:23:41, time: 0.170, data_time: 0.011, memory: 13424, loss_cls: 0.3972, loss_bbox: 0.3951, loss_kps: 0.0000, loss: 0.7923
2026-09-10 08:07:41,180 - mmdet - INFO - Epoch [10][7900/8725]	lr: 1.000e-03, eta: 4:23:31, time: 0.169, data_time: 0.010, memory: 13424, loss_cls: 0.3946, loss_bbox: 0.3846, loss_kps: 0.0000, loss: 0.7792
2026-09-10 08:07:49,664 - mmdet - INFO - Epoch [10][7950/8725]	lr: 1.000e-03, eta: 4:23:22, time: 0.170, data_time: 0.010, memory: 13424, loss_cls: 0.4289, loss_bbox: 0.3913, loss_kps: 0.0000, loss: 0.8202
2026-09-10 08:07:58,138 - mmdet - INFO - Epoch [10][8000/8725]	lr: 1.000e-03, eta: 4:23:12, time: 0.169, data_time: 0.011, memory: 13424, loss_cls: 0.3893, loss_bbox: 0.3746, loss_kps: 0.0000, loss: 0.7639
2026-09-10 08:08:06,853 - mmdet - INFO - Epoch [10][8050/8725]	lr: 1.000e-03, eta: 4:23:03, time: 0.175, data_time: 0.011, memory: 13424, loss_cls: 0.4509, loss_bbox: 0.3985, loss_kps: 0.0000, loss: 0.8494
2026-09-10 08:08:15,333 - mmdet - INFO - Epoch [10][8100/8725]	lr: 1.000e-03, eta: 4:22:54, time: 0.169, data_time: 0.010, memory: 13424, loss_cls: 0.4303, loss_bbox: 0.3834, loss_kps: 0.0000, loss: 0.8137
2026-09-10 08:08:23,847 - mmdet - INFO - Epoch [10][8150/8725]	lr: 1.000e-03, eta: 4:22:44, time: 0.171, data_time: 0.010, memory: 13424, loss_cls: 0.4072, loss_bbox: 0.3789, loss_kps: 0.0000, loss: 0.7861
2026-09-10 08:08:32,291 - mmdet - INFO - Epoch [10][8200/8725]	lr: 1.000e-03, eta: 4:22:35, time: 0.169, data_time: 0.010, memory: 13424, loss_cls: 0.3823, loss_bbox: 0.3807, loss_kps: 0.0000, loss: 0.7630
2026-09-10 08:08:40,775 - mmdet - INFO - Epoch [10][8250/8725]	lr: 1.000e-03, eta: 4:22:25, time: 0.170, data_time: 0.010, memory: 13424, loss_cls: 0.4179, loss_bbox: 0.3922, loss_kps: 0.0000, loss: 0.8101
2026-09-10 08:08:49,302 - mmdet - INFO - Epoch [10][8300/8725]	lr: 1.000e-03, eta: 4:22:16, time: 0.170, data_time: 0.010, memory: 13424, loss_cls: 0.4145, loss_bbox: 0.3887, loss_kps: 0.0000, loss: 0.8031
2026-09-10 08:08:57,766 - mmdet - INFO - Epoch [10][8350/8725]	lr: 1.000e-03, eta: 4:22:06, time: 0.170, data_time: 0.010, memory: 13424, loss_cls: 0.4442, loss_bbox: 0.3860, loss_kps: 0.0000, loss: 0.8302
2026-09-10 08:09:06,203 - mmdet - INFO - Epoch [10][8400/8725]	lr: 1.000e-03, eta: 4:21:57, time: 0.168, data_time: 0.010, memory: 13424, loss_cls: 0.4121, loss_bbox: 0.3818, loss_kps: 0.0000, loss: 0.7939
2026-09-10 08:09:14,613 - mmdet - INFO - Epoch [10][8450/8725]	lr: 1.000e-03, eta: 4:21:47, time: 0.168, data_time: 0.010, memory: 13424, loss_cls: 0.4100, loss_bbox: 0.3969, loss_kps: 0.0000, loss: 0.8068
2026-09-10 08:09:23,056 - mmdet - INFO - Epoch [10][8500/8725]	lr: 1.000e-03, eta: 4:21:38, time: 0.169, data_time: 0.010, memory: 13424, loss_cls: 0.4268, loss_bbox: 0.3960, loss_kps: 0.0000, loss: 0.8228
2026-09-10 08:09:31,597 - mmdet - INFO - Epoch [10][8550/8725]	lr: 1.000e-03, eta: 4:21:28, time: 0.171, data_time: 0.011, memory: 13424, loss_cls: 0.4175, loss_bbox: 0.3868, loss_kps: 0.0000, loss: 0.8043
2026-09-10 08:09:40,065 - mmdet - INFO - Epoch [10][8600/8725]	lr: 1.000e-03, eta: 4:21:19, time: 0.169, data_time: 0.010, memory: 13424, loss_cls: 0.3775, loss_bbox: 0.3750, loss_kps: 0.0000, loss: 0.7525
2026-09-10 08:09:48,571 - mmdet - INFO - Epoch [10][8650/8725]	lr: 1.000e-03, eta: 4:21:09, time: 0.170, data_time: 0.011, memory: 13424, loss_cls: 0.3958, loss_bbox: 0.3755, loss_kps: 0.0000, loss: 0.7714
2026-09-10 08:09:57,009 - mmdet - INFO - Epoch [10][8700/8725]	lr: 1.000e-03, eta: 4:21:00, time: 0.169, data_time: 0.010, memory: 13424, loss_cls: 0.4484, loss_bbox: 0.4127, loss_kps: 0.0000, loss: 0.8611
2026-09-10 08:10:01,279 - mmdet - INFO - Saving checkpoint at 10 epochs
2026-09-10 08:10:13,875 - mmdet - INFO - Epoch [11][50/8725]	lr: 1.000e-03, eta: 4:20:45, time: 0.247, data_time: 0.085, memory: 13424, loss_cls: 0.4061, loss_bbox: 0.3849, loss_kps: 0.0000, loss: 0.7910
2026-09-10 08:10:22,354 - mmdet - INFO - Epoch [11][100/8725]	lr: 1.000e-03, eta: 4:20:36, time: 0.169, data_time: 0.009, memory: 13424, loss_cls: 0.4083, loss_bbox: 0.3884, loss_kps: 0.0000, loss: 0.7967
2026-09-10 08:10:30,844 - mmdet - INFO - Epoch [11][150/8725]	lr: 1.000e-03, eta: 4:20:26, time: 0.170, data_time: 0.010, memory: 13424, loss_cls: 0.4044, loss_bbox: 0.3920, loss_kps: 0.0000, loss: 0.7965
2026-09-10 08:10:39,340 - mmdet - INFO - Epoch [11][200/8725]	lr: 1.000e-03, eta: 4:20:17, time: 0.170, data_time: 0.010, memory: 13424, loss_cls: 0.4019, loss_bbox: 0.3852, loss_kps: 0.0000, loss: 0.7871
2026-09-10 08:10:47,817 - mmdet - INFO - Epoch [11][250/8725]	lr: 1.000e-03, eta: 4:20:07, time: 0.170, data_time: 0.010, memory: 13424, loss_cls: 0.4086, loss_bbox: 0.3976, loss_kps: 0.0000, loss: 0.8062
2026-09-10 08:10:56,335 - mmdet - INFO - Epoch [11][300/8725]	lr: 1.000e-03, eta: 4:19:58, time: 0.170, data_time: 0.010, memory: 13424, loss_cls: 0.4341, loss_bbox: 0.4019, loss_kps: 0.0000, loss: 0.8360
2026-09-10 08:11:04,835 - mmdet - INFO - Epoch [11][350/8725]	lr: 1.000e-03, eta: 4:19:49, time: 0.170, data_time: 0.010, memory: 13424, loss_cls: 0.4003, loss_bbox: 0.3844, loss_kps: 0.0000, loss: 0.7847
2026-09-10 08:11:13,335 - mmdet - INFO - Epoch [11][400/8725]	lr: 1.000e-03, eta: 4:19:39, time: 0.170, data_time: 0.010, memory: 13424, loss_cls: 0.4161, loss_bbox: 0.4178, loss_kps: 0.0000, loss: 0.8338
2026-09-10 08:11:21,818 - mmdet - INFO - Epoch [11][450/8725]	lr: 1.000e-03, eta: 4:19:30, time: 0.170, data_time: 0.010, memory: 13424, loss_cls: 0.4098, loss_bbox: 0.3907, loss_kps: 0.0000, loss: 0.8005
2026-09-10 08:11:30,353 - mmdet - INFO - Epoch [11][500/8725]	lr: 1.000e-03, eta: 4:19:20, time: 0.171, data_time: 0.009, memory: 13424, loss_cls: 0.3736, loss_bbox: 0.3816, loss_kps: 0.0000, loss: 0.7552
2026-09-10 08:11:38,816 - mmdet - INFO - Epoch [11][550/8725]	lr: 1.000e-03, eta: 4:19:11, time: 0.169, data_time: 0.010, memory: 13424, loss_cls: 0.4004, loss_bbox: 0.3905, loss_kps: 0.0000, loss: 0.7908
2026-09-10 08:11:47,399 - mmdet - INFO - Epoch [11][600/8725]	lr: 1.000e-03, eta: 4:19:01, time: 0.172, data_time: 0.010, memory: 13424, loss_cls: 0.4256, loss_bbox: 0.4001, loss_kps: 0.0000, loss: 0.8258
2026-09-10 08:11:55,934 - mmdet - INFO - Epoch [11][650/8725]	lr: 1.000e-03, eta: 4:18:52, time: 0.171, data_time: 0.010, memory: 13424, loss_cls: 0.4123, loss_bbox: 0.3954, loss_kps: 0.0000, loss: 0.8077
2026-09-10 08:12:04,419 - mmdet - INFO - Epoch [11][700/8725]	lr: 1.000e-03, eta: 4:18:43, time: 0.170, data_time: 0.010, memory: 13424, loss_cls: 0.3923, loss_bbox: 0.3881, loss_kps: 0.0000, loss: 0.7804
2026-09-10 08:12:12,985 - mmdet - INFO - Exp name: scrfd_armAA34.py
2026-09-10 08:12:12,985 - mmdet - INFO - Epoch [11][750/8725]	lr: 1.000e-03, eta: 4:18:33, time: 0.171, data_time: 0.010, memory: 13424, loss_cls: 0.3944, loss_bbox: 0.3879, loss_kps: 0.0000, loss: 0.7824
2026-09-10 08:12:21,489 - mmdet - INFO - Epoch [11][800/8725]	lr: 1.000e-03, eta: 4:18:24, time: 0.170, data_time: 0.010, memory: 13424, loss_cls: 0.4006, loss_bbox: 0.3911, loss_kps: 0.0000, loss: 0.7917
2026-09-10 08:12:30,045 - mmdet - INFO - Epoch [11][850/8725]	lr: 1.000e-03, eta: 4:18:14, time: 0.171, data_time: 0.010, memory: 13424, loss_cls: 0.3841, loss_bbox: 0.3779, loss_kps: 0.0000, loss: 0.7620
2026-09-10 08:12:38,601 - mmdet - INFO - Epoch [11][900/8725]	lr: 1.000e-03, eta: 4:18:05, time: 0.171, data_time: 0.010, memory: 13424, loss_cls: 0.4399, loss_bbox: 0.4132, loss_kps: 0.0000, loss: 0.8531
2026-09-10 08:12:47,155 - mmdet - INFO - Epoch [11][950/8725]	lr: 1.000e-03, eta: 4:17:56, time: 0.171, data_time: 0.010, memory: 13424, loss_cls: 0.4512, loss_bbox: 0.4183, loss_kps: 0.0000, loss: 0.8695
2026-09-10 08:12:55,678 - mmdet - INFO - Epoch [11][1000/8725]	lr: 1.000e-03, eta: 4:17:46, time: 0.170, data_time: 0.010, memory: 13424, loss_cls: 0.4034, loss_bbox: 0.3811, loss_kps: 0.0000, loss: 0.7845
2026-09-10 08:13:04,138 - mmdet - INFO - Epoch [11][1050/8725]	lr: 1.000e-03, eta: 4:17:37, time: 0.169, data_time: 0.010, memory: 13424, loss_cls: 0.4246, loss_bbox: 0.3927, loss_kps: 0.0000, loss: 0.8173
2026-09-10 08:13:12,650 - mmdet - INFO - Epoch [11][1100/8725]	lr: 1.000e-03, eta: 4:17:27, time: 0.170, data_time: 0.011, memory: 13424, loss_cls: 0.4342, loss_bbox: 0.4023, loss_kps: 0.0000, loss: 0.8365
2026-09-10 08:13:21,086 - mmdet - INFO - Epoch [11][1150/8725]	lr: 1.000e-03, eta: 4:17:18, time: 0.169, data_time: 0.010, memory: 13424, loss_cls: 0.3743, loss_bbox: 0.3792, loss_kps: 0.0000, loss: 0.7536
2026-09-10 08:13:29,558 - mmdet - INFO - Epoch [11][1200/8725]	lr: 1.000e-03, eta: 4:17:09, time: 0.169, data_time: 0.009, memory: 13424, loss_cls: 0.3922, loss_bbox: 0.3928, loss_kps: 0.0000, loss: 0.7850
2026-09-10 08:13:38,066 - mmdet - INFO - Epoch [11][1250/8725]	lr: 1.000e-03, eta: 4:16:59, time: 0.170, data_time: 0.009, memory: 13424, loss_cls: 0.4175, loss_bbox: 0.4147, loss_kps: 0.0000, loss: 0.8322
2026-09-10 08:13:46,532 - mmdet - INFO - Epoch [11][1300/8725]	lr: 1.000e-03, eta: 4:16:50, time: 0.169, data_time: 0.009, memory: 13424, loss_cls: 0.4342, loss_bbox: 0.3798, loss_kps: 0.0000, loss: 0.8141
2026-09-10 08:13:55,014 - mmdet - INFO - Epoch [11][1350/8725]	lr: 1.000e-03, eta: 4:16:40, time: 0.170, data_time: 0.009, memory: 13424, loss_cls: 0.4115, loss_bbox: 0.3988, loss_kps: 0.0000, loss: 0.8103
2026-09-10 08:14:03,791 - mmdet - INFO - Epoch [11][1400/8725]	lr: 1.000e-03, eta: 4:16:31, time: 0.175, data_time: 0.009, memory: 13424, loss_cls: 0.4030, loss_bbox: 0.4116, loss_kps: 0.0000, loss: 0.8146
2026-09-10 08:14:12,425 - mmdet - INFO - Epoch [11][1450/8725]	lr: 1.000e-03, eta: 4:16:22, time: 0.173, data_time: 0.011, memory: 13424, loss_cls: 0.4311, loss_bbox: 0.4003, loss_kps: 0.0000, loss: 0.8314
2026-09-10 08:14:20,961 - mmdet - INFO - Epoch [11][1500/8725]	lr: 1.000e-03, eta: 4:16:12, time: 0.171, data_time: 0.009, memory: 13424, loss_cls: 0.4185, loss_bbox: 0.3723, loss_kps: 0.0000, loss: 0.7908
2026-09-10 08:14:29,444 - mmdet - INFO - Epoch [11][1550/8725]	lr: 1.000e-03, eta: 4:16:03, time: 0.170, data_time: 0.009, memory: 13424, loss_cls: 0.4078, loss_bbox: 0.3833, loss_kps: 0.0000, loss: 0.7911
2026-09-10 08:14:37,994 - mmdet - INFO - Epoch [11][1600/8725]	lr: 1.000e-03, eta: 4:15:54, time: 0.171, data_time: 0.010, memory: 13424, loss_cls: 0.4094, loss_bbox: 0.3991, loss_kps: 0.0000, loss: 0.8085
2026-09-10 08:14:46,487 - mmdet - INFO - Epoch [11][1650/8725]	lr: 1.000e-03, eta: 4:15:44, time: 0.170, data_time: 0.009, memory: 13424, loss_cls: 0.4216, loss_bbox: 0.3876, loss_kps: 0.0000, loss: 0.8093
2026-09-10 08:14:55,030 - mmdet - INFO - Epoch [11][1700/8725]	lr: 1.000e-03, eta: 4:15:35, time: 0.171, data_time: 0.010, memory: 13424, loss_cls: 0.4095, loss_bbox: 0.3795, loss_kps: 0.0000, loss: 0.7890
2026-09-10 08:15:03,545 - mmdet - INFO - Exp name: scrfd_armAA34.py
2026-09-10 08:15:03,545 - mmdet - INFO - Epoch [11][1750/8725]	lr: 1.000e-03, eta: 4:15:25, time: 0.170, data_time: 0.010, memory: 13424, loss_cls: 0.4014, loss_bbox: 0.3936, loss_kps: 0.0000, loss: 0.7950
2026-09-10 08:15:12,036 - mmdet - INFO - Epoch [11][1800/8725]	lr: 1.000e-03, eta: 4:15:16, time: 0.170, data_time: 0.010, memory: 13424, loss_cls: 0.3988, loss_bbox: 0.3707, loss_kps: 0.0000, loss: 0.7695
2026-09-10 08:15:20,556 - mmdet - INFO - Epoch [11][1850/8725]	lr: 1.000e-03, eta: 4:15:07, time: 0.170, data_time: 0.010, memory: 13424, loss_cls: 0.3952, loss_bbox: 0.3938, loss_kps: 0.0000, loss: 0.7890
2026-09-10 08:15:29,086 - mmdet - INFO - Epoch [11][1900/8725]	lr: 1.000e-03, eta: 4:14:57, time: 0.170, data_time: 0.010, memory: 13424, loss_cls: 0.3969, loss_bbox: 0.3970, loss_kps: 0.0000, loss: 0.7939
2026-09-10 08:15:37,590 - mmdet - INFO - Epoch [11][1950/8725]	lr: 1.000e-03, eta: 4:14:48, time: 0.170, data_time: 0.010, memory: 13424, loss_cls: 0.4356, loss_bbox: 0.4050, loss_kps: 0.0000, loss: 0.8407
2026-09-10 08:15:46,094 - mmdet - INFO - Epoch [11][2000/8725]	lr: 1.000e-03, eta: 4:14:38, time: 0.170, data_time: 0.009, memory: 13424, loss_cls: 0.4207, loss_bbox: 0.3762, loss_kps: 0.0000, loss: 0.7969
2026-09-10 08:15:54,575 - mmdet - INFO - Epoch [11][2050/8725]	lr: 1.000e-03, eta: 4:14:29, time: 0.170, data_time: 0.010, memory: 13424, loss_cls: 0.4103, loss_bbox: 0.4028, loss_kps: 0.0000, loss: 0.8131
2026-09-10 08:16:03,063 - mmdet - INFO - Epoch [11][2100/8725]	lr: 1.000e-03, eta: 4:14:20, time: 0.170, data_time: 0.010, memory: 13424, loss_cls: 0.4110, loss_bbox: 0.3834, loss_kps: 0.0000, loss: 0.7944
2026-09-10 08:16:11,580 - mmdet - INFO - Epoch [11][2150/8725]	lr: 1.000e-03, eta: 4:14:10, time: 0.170, data_time: 0.010, memory: 13424, loss_cls: 0.4231, loss_bbox: 0.3884, loss_kps: 0.0000, loss: 0.8116
2026-09-10 08:16:20,299 - mmdet - INFO - Epoch [11][2200/8725]	lr: 1.000e-03, eta: 4:14:01, time: 0.174, data_time: 0.010, memory: 13424, loss_cls: 0.4212, loss_bbox: 0.3871, loss_kps: 0.0000, loss: 0.8083
2026-09-10 08:16:28,789 - mmdet - INFO - Epoch [11][2250/8725]	lr: 1.000e-03, eta: 4:13:52, time: 0.170, data_time: 0.009, memory: 13424, loss_cls: 0.4273, loss_bbox: 0.3927, loss_kps: 0.0000, loss: 0.8200
2026-09-10 08:16:37,225 - mmdet - INFO - Epoch [11][2300/8725]	lr: 1.000e-03, eta: 4:13:42, time: 0.169, data_time: 0.010, memory: 13424, loss_cls: 0.4131, loss_bbox: 0.3765, loss_kps: 0.0000, loss: 0.7897
2026-09-10 08:16:45,693 - mmdet - INFO - Epoch [11][2350/8725]	lr: 1.000e-03, eta: 4:13:33, time: 0.169, data_time: 0.009, memory: 13424, loss_cls: 0.4620, loss_bbox: 0.3954, loss_kps: 0.0000, loss: 0.8574
2026-09-10 08:16:54,206 - mmdet - INFO - Epoch [11][2400/8725]	lr: 1.000e-03, eta: 4:13:23, time: 0.170, data_time: 0.010, memory: 13424, loss_cls: 0.4276, loss_bbox: 0.3997, loss_kps: 0.0000, loss: 0.8274
2026-09-10 08:17:02,763 - mmdet - INFO - Epoch [11][2450/8725]	lr: 1.000e-03, eta: 4:13:14, time: 0.171, data_time: 0.010, memory: 13424, loss_cls: 0.4260, loss_bbox: 0.3858, loss_kps: 0.0000, loss: 0.8118
2026-09-10 08:17:11,244 - mmdet - INFO - Epoch [11][2500/8725]	lr: 1.000e-03, eta: 4:13:05, time: 0.169, data_time: 0.009, memory: 13424, loss_cls: 0.4199, loss_bbox: 0.4004, loss_kps: 0.0000, loss: 0.8203
2026-09-10 08:17:19,741 - mmdet - INFO - Epoch [11][2550/8725]	lr: 1.000e-03, eta: 4:12:55, time: 0.170, data_time: 0.010, memory: 13424, loss_cls: 0.4144, loss_bbox: 0.4030, loss_kps: 0.0000, loss: 0.8174
2026-09-10 08:17:28,253 - mmdet - INFO - Epoch [11][2600/8725]	lr: 1.000e-03, eta: 4:12:46, time: 0.170, data_time: 0.009, memory: 13424, loss_cls: 0.4247, loss_bbox: 0.3903, loss_kps: 0.0000, loss: 0.8150
2026-09-10 08:17:36,824 - mmdet - INFO - Epoch [11][2650/8725]	lr: 1.000e-03, eta: 4:12:37, time: 0.172, data_time: 0.010, memory: 13424, loss_cls: 0.4034, loss_bbox: 0.3884, loss_kps: 0.0000, loss: 0.7918
2026-09-10 08:17:45,273 - mmdet - INFO - Epoch [11][2700/8725]	lr: 1.000e-03, eta: 4:12:27, time: 0.169, data_time: 0.010, memory: 13424, loss_cls: 0.4375, loss_bbox: 0.4141, loss_kps: 0.0000, loss: 0.8516
2026-09-10 08:17:53,764 - mmdet - INFO - Exp name: scrfd_armAA34.py
2026-09-10 08:17:53,764 - mmdet - INFO - Epoch [11][2750/8725]	lr: 1.000e-03, eta: 4:12:18, time: 0.170, data_time: 0.010, memory: 13424, loss_cls: 0.4124, loss_bbox: 0.3922, loss_kps: 0.0000, loss: 0.8047
2026-09-10 08:18:02,275 - mmdet - INFO - Epoch [11][2800/8725]	lr: 1.000e-03, eta: 4:12:08, time: 0.170, data_time: 0.010, memory: 13424, loss_cls: 0.3960, loss_bbox: 0.3861, loss_kps: 0.0000, loss: 0.7821
2026-09-10 08:18:10,804 - mmdet - INFO - Epoch [11][2850/8725]	lr: 1.000e-03, eta: 4:11:59, time: 0.171, data_time: 0.010, memory: 13424, loss_cls: 0.4191, loss_bbox: 0.4045, loss_kps: 0.0000, loss: 0.8236
2026-09-10 08:18:19,346 - mmdet - INFO - Epoch [11][2900/8725]	lr: 1.000e-03, eta: 4:11:50, time: 0.171, data_time: 0.010, memory: 13424, loss_cls: 0.4094, loss_bbox: 0.4093, loss_kps: 0.0000, loss: 0.8186
2026-09-10 08:18:27,894 - mmdet - INFO - Epoch [11][2950/8725]	lr: 1.000e-03, eta: 4:11:40, time: 0.171, data_time: 0.010, memory: 13424, loss_cls: 0.4309, loss_bbox: 0.3977, loss_kps: 0.0000, loss: 0.8286
2026-09-10 08:18:36,375 - mmdet - INFO - Epoch [11][3000/8725]	lr: 1.000e-03, eta: 4:11:31, time: 0.170, data_time: 0.010, memory: 13424, loss_cls: 0.4015, loss_bbox: 0.3876, loss_kps: 0.0000, loss: 0.7891
2026-09-10 08:18:44,898 - mmdet - INFO - Epoch [11][3050/8725]	lr: 1.000e-03, eta: 4:11:22, time: 0.171, data_time: 0.010, memory: 13424, loss_cls: 0.4122, loss_bbox: 0.3838, loss_kps: 0.0000, loss: 0.7960
2026-09-10 08:18:53,434 - mmdet - INFO - Epoch [11][3100/8725]	lr: 1.000e-03, eta: 4:11:12, time: 0.171, data_time: 0.010, memory: 13424, loss_cls: 0.4115, loss_bbox: 0.3896, loss_kps: 0.0000, loss: 0.8011
2026-09-10 08:19:01,954 - mmdet - INFO - Epoch [11][3150/8725]	lr: 1.000e-03, eta: 4:11:03, time: 0.171, data_time: 0.010, memory: 13424, loss_cls: 0.4185, loss_bbox: 0.4005, loss_kps: 0.0000, loss: 0.8191
2026-09-10 08:19:10,431 - mmdet - INFO - Epoch [11][3200/8725]	lr: 1.000e-03, eta: 4:10:53, time: 0.169, data_time: 0.010, memory: 13424, loss_cls: 0.3967, loss_bbox: 0.3542, loss_kps: 0.0000, loss: 0.7510
2026-09-10 08:19:18,927 - mmdet - INFO - Epoch [11][3250/8725]	lr: 1.000e-03, eta: 4:10:44, time: 0.170, data_time: 0.010, memory: 13424, loss_cls: 0.4023, loss_bbox: 0.3904, loss_kps: 0.0000, loss: 0.7927
2026-09-10 08:19:27,379 - mmdet - INFO - Epoch [11][3300/8725]	lr: 1.000e-03, eta: 4:10:35, time: 0.169, data_time: 0.010, memory: 13424, loss_cls: 0.3777, loss_bbox: 0.3766, loss_kps: 0.0000, loss: 0.7543
2026-09-10 08:19:35,855 - mmdet - INFO - Epoch [11][3350/8725]	lr: 1.000e-03, eta: 4:10:25, time: 0.170, data_time: 0.010, memory: 13424, loss_cls: 0.4318, loss_bbox: 0.3980, loss_kps: 0.0000, loss: 0.8298
2026-09-10 08:19:44,297 - mmdet - INFO - Epoch [11][3400/8725]	lr: 1.000e-03, eta: 4:10:16, time: 0.169, data_time: 0.010, memory: 13424, loss_cls: 0.4043, loss_bbox: 0.3839, loss_kps: 0.0000, loss: 0.7882
2026-09-10 08:19:52,768 - mmdet - INFO - Epoch [11][3450/8725]	lr: 1.000e-03, eta: 4:10:06, time: 0.169, data_time: 0.010, memory: 13424, loss_cls: 0.4453, loss_bbox: 0.3856, loss_kps: 0.0000, loss: 0.8310
2026-09-10 08:20:01,348 - mmdet - INFO - Epoch [11][3500/8725]	lr: 1.000e-03, eta: 4:09:57, time: 0.171, data_time: 0.010, memory: 13424, loss_cls: 0.3964, loss_bbox: 0.3967, loss_kps: 0.0000, loss: 0.7931
2026-09-10 08:20:09,831 - mmdet - INFO - Epoch [11][3550/8725]	lr: 1.000e-03, eta: 4:09:48, time: 0.170, data_time: 0.010, memory: 13424, loss_cls: 0.4251, loss_bbox: 0.4091, loss_kps: 0.0000, loss: 0.8342
2026-09-10 08:20:18,348 - mmdet - INFO - Epoch [11][3600/8725]	lr: 1.000e-03, eta: 4:09:38, time: 0.170, data_time: 0.010, memory: 13424, loss_cls: 0.4399, loss_bbox: 0.3947, loss_kps: 0.0000, loss: 0.8346
2026-09-10 08:20:26,815 - mmdet - INFO - Epoch [11][3650/8725]	lr: 1.000e-03, eta: 4:09:29, time: 0.169, data_time: 0.011, memory: 13424, loss_cls: 0.3940, loss_bbox: 0.4008, loss_kps: 0.0000, loss: 0.7948
2026-09-10 08:20:35,272 - mmdet - INFO - Epoch [11][3700/8725]	lr: 1.000e-03, eta: 4:09:20, time: 0.169, data_time: 0.011, memory: 13424, loss_cls: 0.4406, loss_bbox: 0.3933, loss_kps: 0.0000, loss: 0.8339
2026-09-10 08:20:43,726 - mmdet - INFO - Exp name: scrfd_armAA34.py
2026-09-10 08:20:43,726 - mmdet - INFO - Epoch [11][3750/8725]	lr: 1.000e-03, eta: 4:09:10, time: 0.169, data_time: 0.010, memory: 13424, loss_cls: 0.4105, loss_bbox: 0.3883, loss_kps: 0.0000, loss: 0.7988
2026-09-10 08:20:52,229 - mmdet - INFO - Epoch [11][3800/8725]	lr: 1.000e-03, eta: 4:09:01, time: 0.170, data_time: 0.010, memory: 13424, loss_cls: 0.3960, loss_bbox: 0.3831, loss_kps: 0.0000, loss: 0.7790
2026-09-10 08:21:00,728 - mmdet - INFO - Epoch [11][3850/8725]	lr: 1.000e-03, eta: 4:08:51, time: 0.170, data_time: 0.010, memory: 13424, loss_cls: 0.4150, loss_bbox: 0.3647, loss_kps: 0.0000, loss: 0.7797
2026-09-10 08:21:09,238 - mmdet - INFO - Epoch [11][3900/8725]	lr: 1.000e-03, eta: 4:08:42, time: 0.170, data_time: 0.010, memory: 13424, loss_cls: 0.3830, loss_bbox: 0.3984, loss_kps: 0.0000, loss: 0.7814
2026-09-10 08:21:17,781 - mmdet - INFO - Epoch [11][3950/8725]	lr: 1.000e-03, eta: 4:08:33, time: 0.171, data_time: 0.010, memory: 13424, loss_cls: 0.3831, loss_bbox: 0.3839, loss_kps: 0.0000, loss: 0.7670
2026-09-10 08:21:26,286 - mmdet - INFO - Epoch [11][4000/8725]	lr: 1.000e-03, eta: 4:08:23, time: 0.170, data_time: 0.010, memory: 13424, loss_cls: 0.4380, loss_bbox: 0.4089, loss_kps: 0.0000, loss: 0.8469
2026-09-10 08:21:34,736 - mmdet - INFO - Epoch [11][4050/8725]	lr: 1.000e-03, eta: 4:08:14, time: 0.169, data_time: 0.010, memory: 13424, loss_cls: 0.3981, loss_bbox: 0.3695, loss_kps: 0.0000, loss: 0.7676
2026-09-10 08:21:43,176 - mmdet - INFO - Epoch [11][4100/8725]	lr: 1.000e-03, eta: 4:08:05, time: 0.169, data_time: 0.009, memory: 13424, loss_cls: 0.4384, loss_bbox: 0.4142, loss_kps: 0.0000, loss: 0.8527
2026-09-10 08:21:51,660 - mmdet - INFO - Epoch [11][4150/8725]	lr: 1.000e-03, eta: 4:07:55, time: 0.170, data_time: 0.009, memory: 13424, loss_cls: 0.3955, loss_bbox: 0.3974, loss_kps: 0.0000, loss: 0.7929
2026-09-10 08:22:00,164 - mmdet - INFO - Epoch [11][4200/8725]	lr: 1.000e-03, eta: 4:07:46, time: 0.170, data_time: 0.010, memory: 13424, loss_cls: 0.4351, loss_bbox: 0.4144, loss_kps: 0.0000, loss: 0.8495
2026-09-10 08:22:08,709 - mmdet - INFO - Epoch [11][4250/8725]	lr: 1.000e-03, eta: 4:07:36, time: 0.171, data_time: 0.009, memory: 13424, loss_cls: 0.4267, loss_bbox: 0.4054, loss_kps: 0.0000, loss: 0.8321
2026-09-10 08:22:17,180 - mmdet - INFO - Epoch [11][4300/8725]	lr: 1.000e-03, eta: 4:07:27, time: 0.169, data_time: 0.010, memory: 13424, loss_cls: 0.4412, loss_bbox: 0.3912, loss_kps: 0.0000, loss: 0.8324
2026-09-10 08:22:25,715 - mmdet - INFO - Epoch [11][4350/8725]	lr: 1.000e-03, eta: 4:07:18, time: 0.171, data_time: 0.011, memory: 13424, loss_cls: 0.4359, loss_bbox: 0.3973, loss_kps: 0.0000, loss: 0.8332
2026-09-10 08:22:34,196 - mmdet - INFO - Epoch [11][4400/8725]	lr: 1.000e-03, eta: 4:07:08, time: 0.170, data_time: 0.010, memory: 13424, loss_cls: 0.3802, loss_bbox: 0.3679, loss_kps: 0.0000, loss: 0.7482
2026-09-10 08:22:42,666 - mmdet - INFO - Epoch [11][4450/8725]	lr: 1.000e-03, eta: 4:06:59, time: 0.170, data_time: 0.010, memory: 13424, loss_cls: 0.4362, loss_bbox: 0.4013, loss_kps: 0.0000, loss: 0.8375
2026-09-10 08:22:51,128 - mmdet - INFO - Epoch [11][4500/8725]	lr: 1.000e-03, eta: 4:06:50, time: 0.169, data_time: 0.010, memory: 13424, loss_cls: 0.3950, loss_bbox: 0.3707, loss_kps: 0.0000, loss: 0.7657
2026-09-10 08:22:59,617 - mmdet - INFO - Epoch [11][4550/8725]	lr: 1.000e-03, eta: 4:06:40, time: 0.170, data_time: 0.010, memory: 13424, loss_cls: 0.4361, loss_bbox: 0.3890, loss_kps: 0.0000, loss: 0.8252
2026-09-10 08:23:08,116 - mmdet - INFO - Epoch [11][4600/8725]	lr: 1.000e-03, eta: 4:06:31, time: 0.170, data_time: 0.010, memory: 13424, loss_cls: 0.4187, loss_bbox: 0.3777, loss_kps: 0.0000, loss: 0.7965
2026-09-10 08:23:16,622 - mmdet - INFO - Epoch [11][4650/8725]	lr: 1.000e-03, eta: 4:06:22, time: 0.170, data_time: 0.010, memory: 13424, loss_cls: 0.4205, loss_bbox: 0.4051, loss_kps: 0.0000, loss: 0.8256
2026-09-10 08:23:25,067 - mmdet - INFO - Epoch [11][4700/8725]	lr: 1.000e-03, eta: 4:06:12, time: 0.169, data_time: 0.010, memory: 13424, loss_cls: 0.4149, loss_bbox: 0.3838, loss_kps: 0.0000, loss: 0.7988
2026-09-10 08:23:33,568 - mmdet - INFO - Exp name: scrfd_armAA34.py
2026-09-10 08:23:33,568 - mmdet - INFO - Epoch [11][4750/8725]	lr: 1.000e-03, eta: 4:06:03, time: 0.170, data_time: 0.010, memory: 13424, loss_cls: 0.3910, loss_bbox: 0.4169, loss_kps: 0.0000, loss: 0.8079
2026-09-10 08:23:42,007 - mmdet - INFO - Epoch [11][4800/8725]	lr: 1.000e-03, eta: 4:05:53, time: 0.169, data_time: 0.010, memory: 13424, loss_cls: 0.3811, loss_bbox: 0.3910, loss_kps: 0.0000, loss: 0.7721
2026-09-10 08:23:50,488 - mmdet - INFO - Epoch [11][4850/8725]	lr: 1.000e-03, eta: 4:05:44, time: 0.170, data_time: 0.010, memory: 13424, loss_cls: 0.3917, loss_bbox: 0.4039, loss_kps: 0.0000, loss: 0.7956
2026-09-10 08:23:59,027 - mmdet - INFO - Epoch [11][4900/8725]	lr: 1.000e-03, eta: 4:05:35, time: 0.171, data_time: 0.010, memory: 13424, loss_cls: 0.4242, loss_bbox: 0.4046, loss_kps: 0.0000, loss: 0.8288
2026-09-10 08:24:07,586 - mmdet - INFO - Epoch [11][4950/8725]	lr: 1.000e-03, eta: 4:05:25, time: 0.171, data_time: 0.011, memory: 13424, loss_cls: 0.4450, loss_bbox: 0.4035, loss_kps: 0.0000, loss: 0.8485
2026-09-10 08:24:16,030 - mmdet - INFO - Epoch [11][5000/8725]	lr: 1.000e-03, eta: 4:05:16, time: 0.169, data_time: 0.010, memory: 13424, loss_cls: 0.3897, loss_bbox: 0.3720, loss_kps: 0.0000, loss: 0.7617
2026-09-10 08:24:24,518 - mmdet - INFO - Epoch [11][5050/8725]	lr: 1.000e-03, eta: 4:05:07, time: 0.170, data_time: 0.010, memory: 13424, loss_cls: 0.4024, loss_bbox: 0.4034, loss_kps: 0.0000, loss: 0.8058
2026-09-10 08:24:32,975 - mmdet - INFO - Epoch [11][5100/8725]	lr: 1.000e-03, eta: 4:04:57, time: 0.169, data_time: 0.010, memory: 13424, loss_cls: 0.3888, loss_bbox: 0.3846, loss_kps: 0.0000, loss: 0.7734
2026-09-10 08:24:41,475 - mmdet - INFO - Epoch [11][5150/8725]	lr: 1.000e-03, eta: 4:04:48, time: 0.170, data_time: 0.010, memory: 13424, loss_cls: 0.4098, loss_bbox: 0.4129, loss_kps: 0.0000, loss: 0.8227
2026-09-10 08:24:49,954 - mmdet - INFO - Epoch [11][5200/8725]	lr: 1.000e-03, eta: 4:04:39, time: 0.170, data_time: 0.010, memory: 13424, loss_cls: 0.4171, loss_bbox: 0.4043, loss_kps: 0.0000, loss: 0.8214
2026-09-10 08:24:58,440 - mmdet - INFO - Epoch [11][5250/8725]	lr: 1.000e-03, eta: 4:04:29, time: 0.170, data_time: 0.010, memory: 13424, loss_cls: 0.4104, loss_bbox: 0.4078, loss_kps: 0.0000, loss: 0.8182
2026-09-10 08:25:06,944 - mmdet - INFO - Epoch [11][5300/8725]	lr: 1.000e-03, eta: 4:04:20, time: 0.170, data_time: 0.010, memory: 13424, loss_cls: 0.3887, loss_bbox: 0.3918, loss_kps: 0.0000, loss: 0.7805
2026-09-10 08:25:15,377 - mmdet - INFO - Epoch [11][5350/8725]	lr: 1.000e-03, eta: 4:04:11, time: 0.169, data_time: 0.010, memory: 13424, loss_cls: 0.4167, loss_bbox: 0.3968, loss_kps: 0.0000, loss: 0.8135
2026-09-10 08:25:23,884 - mmdet - INFO - Epoch [11][5400/8725]	lr: 1.000e-03, eta: 4:04:01, time: 0.170, data_time: 0.010, memory: 13424, loss_cls: 0.4301, loss_bbox: 0.4015, loss_kps: 0.0000, loss: 0.8316
2026-09-10 08:25:32,372 - mmdet - INFO - Epoch [11][5450/8725]	lr: 1.000e-03, eta: 4:03:52, time: 0.170, data_time: 0.011, memory: 13424, loss_cls: 0.4018, loss_bbox: 0.4027, loss_kps: 0.0000, loss: 0.8046
2026-09-10 08:25:40,847 - mmdet - INFO - Epoch [11][5500/8725]	lr: 1.000e-03, eta: 4:03:42, time: 0.169, data_time: 0.010, memory: 13424, loss_cls: 0.4443, loss_bbox: 0.4017, loss_kps: 0.0000, loss: 0.8459
2026-09-10 08:25:49,333 - mmdet - INFO - Epoch [11][5550/8725]	lr: 1.000e-03, eta: 4:03:33, time: 0.170, data_time: 0.010, memory: 13424, loss_cls: 0.4326, loss_bbox: 0.4090, loss_kps: 0.0000, loss: 0.8416
2026-09-10 08:25:57,818 - mmdet - INFO - Epoch [11][5600/8725]	lr: 1.000e-03, eta: 4:03:24, time: 0.170, data_time: 0.011, memory: 13424, loss_cls: 0.4235, loss_bbox: 0.4103, loss_kps: 0.0000, loss: 0.8338
2026-09-10 08:26:06,267 - mmdet - INFO - Epoch [11][5650/8725]	lr: 1.000e-03, eta: 4:03:14, time: 0.169, data_time: 0.010, memory: 13424, loss_cls: 0.4142, loss_bbox: 0.3879, loss_kps: 0.0000, loss: 0.8021
2026-09-10 08:26:14,750 - mmdet - INFO - Epoch [11][5700/8725]	lr: 1.000e-03, eta: 4:03:05, time: 0.169, data_time: 0.010, memory: 13424, loss_cls: 0.3922, loss_bbox: 0.3948, loss_kps: 0.0000, loss: 0.7870
2026-09-10 08:26:23,281 - mmdet - INFO - Exp name: scrfd_armAA34.py
2026-09-10 08:26:23,282 - mmdet - INFO - Epoch [11][5750/8725]	lr: 1.000e-03, eta: 4:02:56, time: 0.171, data_time: 0.011, memory: 13424, loss_cls: 0.4186, loss_bbox: 0.3632, loss_kps: 0.0000, loss: 0.7817
2026-09-10 08:26:31,856 - mmdet - INFO - Epoch [11][5800/8725]	lr: 1.000e-03, eta: 4:02:47, time: 0.171, data_time: 0.010, memory: 13424, loss_cls: 0.4033, loss_bbox: 0.3808, loss_kps: 0.0000, loss: 0.7841
2026-09-10 08:26:40,383 - mmdet - INFO - Epoch [11][5850/8725]	lr: 1.000e-03, eta: 4:02:37, time: 0.171, data_time: 0.011, memory: 13424, loss_cls: 0.4252, loss_bbox: 0.3858, loss_kps: 0.0000, loss: 0.8110
2026-09-10 08:26:48,823 - mmdet - INFO - Epoch [11][5900/8725]	lr: 1.000e-03, eta: 4:02:28, time: 0.169, data_time: 0.010, memory: 13424, loss_cls: 0.3985, loss_bbox: 0.3942, loss_kps: 0.0000, loss: 0.7927
2026-09-10 08:26:57,594 - mmdet - INFO - Epoch [11][5950/8725]	lr: 1.000e-03, eta: 4:02:19, time: 0.176, data_time: 0.010, memory: 13424, loss_cls: 0.3795, loss_bbox: 0.3857, loss_kps: 0.0000, loss: 0.7652
2026-09-10 08:27:06,106 - mmdet - INFO - Epoch [11][6000/8725]	lr: 1.000e-03, eta: 4:02:09, time: 0.170, data_time: 0.010, memory: 13424, loss_cls: 0.4223, loss_bbox: 0.3968, loss_kps: 0.0000, loss: 0.8192
2026-09-10 08:27:14,602 - mmdet - INFO - Epoch [11][6050/8725]	lr: 1.000e-03, eta: 4:02:00, time: 0.170, data_time: 0.011, memory: 13424, loss_cls: 0.4192, loss_bbox: 0.3926, loss_kps: 0.0000, loss: 0.8118
2026-09-10 08:27:23,082 - mmdet - INFO - Epoch [11][6100/8725]	lr: 1.000e-03, eta: 4:01:51, time: 0.169, data_time: 0.010, memory: 13424, loss_cls: 0.3765, loss_bbox: 0.3738, loss_kps: 0.0000, loss: 0.7503
2026-09-10 08:27:31,561 - mmdet - INFO - Epoch [11][6150/8725]	lr: 1.000e-03, eta: 4:01:41, time: 0.170, data_time: 0.010, memory: 13424, loss_cls: 0.4414, loss_bbox: 0.4126, loss_kps: 0.0000, loss: 0.8541
2026-09-10 08:27:40,042 - mmdet - INFO - Epoch [11][6200/8725]	lr: 1.000e-03, eta: 4:01:32, time: 0.170, data_time: 0.010, memory: 13424, loss_cls: 0.4242, loss_bbox: 0.3817, loss_kps: 0.0000, loss: 0.8058
2026-09-10 08:27:48,748 - mmdet - INFO - Epoch [11][6250/8725]	lr: 1.000e-03, eta: 4:01:23, time: 0.175, data_time: 0.010, memory: 13424, loss_cls: 0.4128, loss_bbox: 0.3883, loss_kps: 0.0000, loss: 0.8011
2026-09-10 08:27:57,179 - mmdet - INFO - Epoch [11][6300/8725]	lr: 1.000e-03, eta: 4:01:14, time: 0.168, data_time: 0.009, memory: 13424, loss_cls: 0.4306, loss_bbox: 0.4083, loss_kps: 0.0000, loss: 0.8389
2026-09-10 08:28:05,630 - mmdet - INFO - Epoch [11][6350/8725]	lr: 1.000e-03, eta: 4:01:04, time: 0.169, data_time: 0.010, memory: 13424, loss_cls: 0.4118, loss_bbox: 0.3792, loss_kps: 0.0000, loss: 0.7910
2026-09-10 08:28:14,090 - mmdet - INFO - Epoch [11][6400/8725]	lr: 1.000e-03, eta: 4:00:55, time: 0.169, data_time: 0.010, memory: 13424, loss_cls: 0.4210, loss_bbox: 0.3827, loss_kps: 0.0000, loss: 0.8037
2026-09-10 08:28:22,608 - mmdet - INFO - Epoch [11][6450/8725]	lr: 1.000e-03, eta: 4:00:46, time: 0.170, data_time: 0.011, memory: 13424, loss_cls: 0.4223, loss_bbox: 0.3810, loss_kps: 0.0000, loss: 0.8033
2026-09-10 08:28:31,093 - mmdet - INFO - Epoch [11][6500/8725]	lr: 1.000e-03, eta: 4:00:36, time: 0.170, data_time: 0.010, memory: 13424, loss_cls: 0.4306, loss_bbox: 0.4149, loss_kps: 0.0000, loss: 0.8454
2026-09-10 08:28:39,615 - mmdet - INFO - Epoch [11][6550/8725]	lr: 1.000e-03, eta: 4:00:27, time: 0.171, data_time: 0.010, memory: 13424, loss_cls: 0.3939, loss_bbox: 0.3894, loss_kps: 0.0000, loss: 0.7833
2026-09-10 08:28:48,148 - mmdet - INFO - Epoch [11][6600/8725]	lr: 1.000e-03, eta: 4:00:18, time: 0.171, data_time: 0.010, memory: 13424, loss_cls: 0.3983, loss_bbox: 0.3879, loss_kps: 0.0000, loss: 0.7861
2026-09-10 08:28:56,597 - mmdet - INFO - Epoch [11][6650/8725]	lr: 1.000e-03, eta: 4:00:08, time: 0.169, data_time: 0.010, memory: 13424, loss_cls: 0.4040, loss_bbox: 0.3930, loss_kps: 0.0000, loss: 0.7970
2026-09-10 08:29:05,064 - mmdet - INFO - Epoch [11][6700/8725]	lr: 1.000e-03, eta: 3:59:59, time: 0.169, data_time: 0.010, memory: 13424, loss_cls: 0.4275, loss_bbox: 0.3917, loss_kps: 0.0000, loss: 0.8193
2026-09-10 08:29:13,607 - mmdet - INFO - Exp name: scrfd_armAA34.py
2026-09-10 08:29:13,607 - mmdet - INFO - Epoch [11][6750/8725]	lr: 1.000e-03, eta: 3:59:50, time: 0.171, data_time: 0.011, memory: 13424, loss_cls: 0.4101, loss_bbox: 0.3920, loss_kps: 0.0000, loss: 0.8021
2026-09-10 08:29:22,184 - mmdet - INFO - Epoch [11][6800/8725]	lr: 1.000e-03, eta: 3:59:40, time: 0.171, data_time: 0.010, memory: 13424, loss_cls: 0.4223, loss_bbox: 0.3756, loss_kps: 0.0000, loss: 0.7979
2026-09-10 08:29:30,686 - mmdet - INFO - Epoch [11][6850/8725]	lr: 1.000e-03, eta: 3:59:31, time: 0.170, data_time: 0.010, memory: 13424, loss_cls: 0.4385, loss_bbox: 0.3812, loss_kps: 0.0000, loss: 0.8197
2026-09-10 08:29:39,134 - mmdet - INFO - Epoch [11][6900/8725]	lr: 1.000e-03, eta: 3:59:22, time: 0.169, data_time: 0.010, memory: 13424, loss_cls: 0.4224, loss_bbox: 0.4038, loss_kps: 0.0000, loss: 0.8261
2026-09-10 08:29:47,596 - mmdet - INFO - Epoch [11][6950/8725]	lr: 1.000e-03, eta: 3:59:12, time: 0.169, data_time: 0.010, memory: 13424, loss_cls: 0.4144, loss_bbox: 0.4048, loss_kps: 0.0000, loss: 0.8192
2026-09-10 08:29:56,037 - mmdet - INFO - Epoch [11][7000/8725]	lr: 1.000e-03, eta: 3:59:03, time: 0.169, data_time: 0.010, memory: 13424, loss_cls: 0.4145, loss_bbox: 0.3827, loss_kps: 0.0000, loss: 0.7972
2026-09-10 08:30:04,499 - mmdet - INFO - Epoch [11][7050/8725]	lr: 1.000e-03, eta: 3:58:54, time: 0.170, data_time: 0.011, memory: 13424, loss_cls: 0.4252, loss_bbox: 0.3877, loss_kps: 0.0000, loss: 0.8129
2026-09-10 08:30:12,956 - mmdet - INFO - Epoch [11][7100/8725]	lr: 1.000e-03, eta: 3:58:44, time: 0.169, data_time: 0.010, memory: 13424, loss_cls: 0.4066, loss_bbox: 0.3955, loss_kps: 0.0000, loss: 0.8020
2026-09-10 08:30:21,489 - mmdet - INFO - Epoch [11][7150/8725]	lr: 1.000e-03, eta: 3:58:35, time: 0.171, data_time: 0.010, memory: 13424, loss_cls: 0.4270, loss_bbox: 0.4131, loss_kps: 0.0000, loss: 0.8401
2026-09-10 08:30:29,899 - mmdet - INFO - Epoch [11][7200/8725]	lr: 1.000e-03, eta: 3:58:26, time: 0.168, data_time: 0.010, memory: 13424, loss_cls: 0.4111, loss_bbox: 0.3879, loss_kps: 0.0000, loss: 0.7989
2026-09-10 08:30:38,326 - mmdet - INFO - Epoch [11][7250/8725]	lr: 1.000e-03, eta: 3:58:16, time: 0.169, data_time: 0.010, memory: 13424, loss_cls: 0.4060, loss_bbox: 0.4026, loss_kps: 0.0000, loss: 0.8086
2026-09-10 08:30:46,869 - mmdet - INFO - Epoch [11][7300/8725]	lr: 1.000e-03, eta: 3:58:07, time: 0.171, data_time: 0.010, memory: 13424, loss_cls: 0.4101, loss_bbox: 0.3648, loss_kps: 0.0000, loss: 0.7749
2026-09-10 08:30:55,369 - mmdet - INFO - Epoch [11][7350/8725]	lr: 1.000e-03, eta: 3:57:58, time: 0.170, data_time: 0.011, memory: 13424, loss_cls: 0.4168, loss_bbox: 0.3842, loss_kps: 0.0000, loss: 0.8010
2026-09-10 08:31:03,866 - mmdet - INFO - Epoch [11][7400/8725]	lr: 1.000e-03, eta: 3:57:48, time: 0.170, data_time: 0.011, memory: 13424, loss_cls: 0.4243, loss_bbox: 0.3808, loss_kps: 0.0000, loss: 0.8051
2026-09-10 08:31:12,340 - mmdet - INFO - Epoch [11][7450/8725]	lr: 1.000e-03, eta: 3:57:39, time: 0.170, data_time: 0.010, memory: 13424, loss_cls: 0.4007, loss_bbox: 0.3957, loss_kps: 0.0000, loss: 0.7964
2026-09-10 08:31:20,826 - mmdet - INFO - Epoch [11][7500/8725]	lr: 1.000e-03, eta: 3:57:30, time: 0.170, data_time: 0.010, memory: 13424, loss_cls: 0.4062, loss_bbox: 0.3921, loss_kps: 0.0000, loss: 0.7983
2026-09-10 08:31:29,348 - mmdet - INFO - Epoch [11][7550/8725]	lr: 1.000e-03, eta: 3:57:20, time: 0.171, data_time: 0.010, memory: 13424, loss_cls: 0.3959, loss_bbox: 0.3650, loss_kps: 0.0000, loss: 0.7610
2026-09-10 08:31:37,882 - mmdet - INFO - Epoch [11][7600/8725]	lr: 1.000e-03, eta: 3:57:11, time: 0.171, data_time: 0.010, memory: 13424, loss_cls: 0.4061, loss_bbox: 0.3736, loss_kps: 0.0000, loss: 0.7797
2026-09-10 08:31:46,395 - mmdet - INFO - Epoch [11][7650/8725]	lr: 1.000e-03, eta: 3:57:02, time: 0.170, data_time: 0.010, memory: 13424, loss_cls: 0.3916, loss_bbox: 0.3682, loss_kps: 0.0000, loss: 0.7598
2026-09-10 08:31:54,876 - mmdet - INFO - Epoch [11][7700/8725]	lr: 1.000e-03, eta: 3:56:53, time: 0.170, data_time: 0.010, memory: 13424, loss_cls: 0.3987, loss_bbox: 0.3789, loss_kps: 0.0000, loss: 0.7776
2026-09-10 08:32:03,352 - mmdet - INFO - Exp name: scrfd_armAA34.py
2026-09-10 08:32:03,352 - mmdet - INFO - Epoch [11][7750/8725]	lr: 1.000e-03, eta: 3:56:43, time: 0.170, data_time: 0.010, memory: 13424, loss_cls: 0.4101, loss_bbox: 0.3983, loss_kps: 0.0000, loss: 0.8084
2026-09-10 08:32:11,838 - mmdet - INFO - Epoch [11][7800/8725]	lr: 1.000e-03, eta: 3:56:34, time: 0.170, data_time: 0.010, memory: 13424, loss_cls: 0.4472, loss_bbox: 0.3940, loss_kps: 0.0000, loss: 0.8411
2026-09-10 08:32:20,380 - mmdet - INFO - Epoch [11][7850/8725]	lr: 1.000e-03, eta: 3:56:25, time: 0.171, data_time: 0.011, memory: 13424, loss_cls: 0.4340, loss_bbox: 0.4066, loss_kps: 0.0000, loss: 0.8406
2026-09-10 08:32:28,863 - mmdet - INFO - Epoch [11][7900/8725]	lr: 1.000e-03, eta: 3:56:15, time: 0.170, data_time: 0.010, memory: 13424, loss_cls: 0.4021, loss_bbox: 0.3774, loss_kps: 0.0000, loss: 0.7795
2026-09-10 08:32:37,296 - mmdet - INFO - Epoch [11][7950/8725]	lr: 1.000e-03, eta: 3:56:06, time: 0.169, data_time: 0.010, memory: 13424, loss_cls: 0.4172, loss_bbox: 0.3865, loss_kps: 0.0000, loss: 0.8037
2026-09-10 08:32:45,777 - mmdet - INFO - Epoch [11][8000/8725]	lr: 1.000e-03, eta: 3:55:57, time: 0.169, data_time: 0.010, memory: 13424, loss_cls: 0.3917, loss_bbox: 0.3810, loss_kps: 0.0000, loss: 0.7727
2026-09-10 08:32:54,255 - mmdet - INFO - Epoch [11][8050/8725]	lr: 1.000e-03, eta: 3:55:47, time: 0.170, data_time: 0.010, memory: 13424, loss_cls: 0.4371, loss_bbox: 0.4006, loss_kps: 0.0000, loss: 0.8376
2026-09-10 08:33:02,722 - mmdet - INFO - Epoch [11][8100/8725]	lr: 1.000e-03, eta: 3:55:38, time: 0.169, data_time: 0.010, memory: 13424, loss_cls: 0.4370, loss_bbox: 0.3981, loss_kps: 0.0000, loss: 0.8351
2026-09-10 08:33:11,166 - mmdet - INFO - Epoch [11][8150/8725]	lr: 1.000e-03, eta: 3:55:29, time: 0.169, data_time: 0.010, memory: 13424, loss_cls: 0.3979, loss_bbox: 0.3955, loss_kps: 0.0000, loss: 0.7934
2026-09-10 08:33:19,620 - mmdet - INFO - Epoch [11][8200/8725]	lr: 1.000e-03, eta: 3:55:19, time: 0.169, data_time: 0.010, memory: 13424, loss_cls: 0.3973, loss_bbox: 0.3776, loss_kps: 0.0000, loss: 0.7748
2026-09-10 08:33:28,177 - mmdet - INFO - Epoch [11][8250/8725]	lr: 1.000e-03, eta: 3:55:10, time: 0.171, data_time: 0.010, memory: 13424, loss_cls: 0.4470, loss_bbox: 0.4004, loss_kps: 0.0000, loss: 0.8475
2026-09-10 08:33:36,721 - mmdet - INFO - Epoch [11][8300/8725]	lr: 1.000e-03, eta: 3:55:01, time: 0.171, data_time: 0.010, memory: 13424, loss_cls: 0.4325, loss_bbox: 0.4093, loss_kps: 0.0000, loss: 0.8418
2026-09-10 08:33:45,274 - mmdet - INFO - Epoch [11][8350/8725]	lr: 1.000e-03, eta: 3:54:52, time: 0.171, data_time: 0.011, memory: 13424, loss_cls: 0.3979, loss_bbox: 0.4071, loss_kps: 0.0000, loss: 0.8049
2026-09-10 08:33:53,827 - mmdet - INFO - Epoch [11][8400/8725]	lr: 1.000e-03, eta: 3:54:43, time: 0.171, data_time: 0.011, memory: 13424, loss_cls: 0.4036, loss_bbox: 0.3881, loss_kps: 0.0000, loss: 0.7916
2026-09-10 08:34:02,468 - mmdet - INFO - Epoch [11][8450/8725]	lr: 1.000e-03, eta: 3:54:33, time: 0.173, data_time: 0.010, memory: 13424, loss_cls: 0.4264, loss_bbox: 0.3978, loss_kps: 0.0000, loss: 0.8242
2026-09-10 08:34:10,923 - mmdet - INFO - Epoch [11][8500/8725]	lr: 1.000e-03, eta: 3:54:24, time: 0.169, data_time: 0.010, memory: 13424, loss_cls: 0.4227, loss_bbox: 0.3998, loss_kps: 0.0000, loss: 0.8225
2026-09-10 08:34:19,404 - mmdet - INFO - Epoch [11][8550/8725]	lr: 1.000e-03, eta: 3:54:15, time: 0.170, data_time: 0.010, memory: 13424, loss_cls: 0.4587, loss_bbox: 0.3883, loss_kps: 0.0000, loss: 0.8470
2026-09-10 08:34:27,862 - mmdet - INFO - Epoch [11][8600/8725]	lr: 1.000e-03, eta: 3:54:05, time: 0.169, data_time: 0.010, memory: 13424, loss_cls: 0.4117, loss_bbox: 0.3798, loss_kps: 0.0000, loss: 0.7914
2026-09-10 08:34:36,334 - mmdet - INFO - Epoch [11][8650/8725]	lr: 1.000e-03, eta: 3:53:56, time: 0.170, data_time: 0.010, memory: 13424, loss_cls: 0.4013, loss_bbox: 0.3883, loss_kps: 0.0000, loss: 0.7896
2026-09-10 08:34:44,816 - mmdet - INFO - Epoch [11][8700/8725]	lr: 1.000e-03, eta: 3:53:47, time: 0.170, data_time: 0.010, memory: 13424, loss_cls: 0.4116, loss_bbox: 0.3752, loss_kps: 0.0000, loss: 0.7867
2026-09-10 08:34:49,072 - mmdet - INFO - Saving checkpoint at 11 epochs
2026-09-10 08:35:01,997 - mmdet - INFO - Epoch [12][50/8725]	lr: 1.000e-03, eta: 3:53:33, time: 0.253, data_time: 0.091, memory: 13424, loss_cls: 0.4151, loss_bbox: 0.4120, loss_kps: 0.0000, loss: 0.8271
2026-09-10 08:35:10,561 - mmdet - INFO - Epoch [12][100/8725]	lr: 1.000e-03, eta: 3:53:24, time: 0.171, data_time: 0.010, memory: 13424, loss_cls: 0.4037, loss_bbox: 0.3769, loss_kps: 0.0000, loss: 0.7806
2026-09-10 08:35:19,067 - mmdet - INFO - Epoch [12][150/8725]	lr: 1.000e-03, eta: 3:53:14, time: 0.170, data_time: 0.010, memory: 13424, loss_cls: 0.4055, loss_bbox: 0.3864, loss_kps: 0.0000, loss: 0.7918
2026-09-10 08:35:27,574 - mmdet - INFO - Epoch [12][200/8725]	lr: 1.000e-03, eta: 3:53:05, time: 0.170, data_time: 0.011, memory: 13424, loss_cls: 0.3989, loss_bbox: 0.3917, loss_kps: 0.0000, loss: 0.7905
2026-09-10 08:35:36,120 - mmdet - INFO - Epoch [12][250/8725]	lr: 1.000e-03, eta: 3:52:56, time: 0.171, data_time: 0.010, memory: 13424, loss_cls: 0.4267, loss_bbox: 0.3941, loss_kps: 0.0000, loss: 0.8208
2026-09-10 08:35:44,648 - mmdet - INFO - Epoch [12][300/8725]	lr: 1.000e-03, eta: 3:52:47, time: 0.171, data_time: 0.010, memory: 13424, loss_cls: 0.4149, loss_bbox: 0.3911, loss_kps: 0.0000, loss: 0.8060
2026-09-10 08:35:53,117 - mmdet - INFO - Epoch [12][350/8725]	lr: 1.000e-03, eta: 3:52:37, time: 0.169, data_time: 0.010, memory: 13424, loss_cls: 0.4380, loss_bbox: 0.3988, loss_kps: 0.0000, loss: 0.8369
2026-09-10 08:36:01,596 - mmdet - INFO - Epoch [12][400/8725]	lr: 1.000e-03, eta: 3:52:28, time: 0.170, data_time: 0.011, memory: 13424, loss_cls: 0.3860, loss_bbox: 0.3916, loss_kps: 0.0000, loss: 0.7776
2026-09-10 08:36:10,082 - mmdet - INFO - Epoch [12][450/8725]	lr: 1.000e-03, eta: 3:52:19, time: 0.169, data_time: 0.010, memory: 13424, loss_cls: 0.4020, loss_bbox: 0.4111, loss_kps: 0.0000, loss: 0.8131
2026-09-10 08:36:18,649 - mmdet - INFO - Epoch [12][500/8725]	lr: 1.000e-03, eta: 3:52:09, time: 0.172, data_time: 0.010, memory: 13424, loss_cls: 0.4066, loss_bbox: 0.3897, loss_kps: 0.0000, loss: 0.7963
2026-09-10 08:36:27,118 - mmdet - INFO - Epoch [12][550/8725]	lr: 1.000e-03, eta: 3:52:00, time: 0.169, data_time: 0.010, memory: 13424, loss_cls: 0.4200, loss_bbox: 0.3815, loss_kps: 0.0000, loss: 0.8015
2026-09-10 08:36:35,603 - mmdet - INFO - Epoch [12][600/8725]	lr: 1.000e-03, eta: 3:51:51, time: 0.170, data_time: 0.010, memory: 13424, loss_cls: 0.3870, loss_bbox: 0.3704, loss_kps: 0.0000, loss: 0.7574
2026-09-10 08:36:44,185 - mmdet - INFO - Epoch [12][650/8725]	lr: 1.000e-03, eta: 3:51:42, time: 0.171, data_time: 0.009, memory: 13424, loss_cls: 0.4015, loss_bbox: 0.3918, loss_kps: 0.0000, loss: 0.7933
2026-09-10 08:36:52,664 - mmdet - INFO - Epoch [12][700/8725]	lr: 1.000e-03, eta: 3:51:32, time: 0.170, data_time: 0.010, memory: 13424, loss_cls: 0.4192, loss_bbox: 0.4013, loss_kps: 0.0000, loss: 0.8205
2026-09-10 08:37:01,121 - mmdet - INFO - Epoch [12][750/8725]	lr: 1.000e-03, eta: 3:51:23, time: 0.169, data_time: 0.010, memory: 13424, loss_cls: 0.4094, loss_bbox: 0.3861, loss_kps: 0.0000, loss: 0.7955
2026-09-10 08:37:09,654 - mmdet - INFO - Epoch [12][800/8725]	lr: 1.000e-03, eta: 3:51:14, time: 0.171, data_time: 0.010, memory: 13424, loss_cls: 0.3894, loss_bbox: 0.3782, loss_kps: 0.0000, loss: 0.7676
2026-09-10 08:37:18,077 - mmdet - INFO - Epoch [12][850/8725]	lr: 1.000e-03, eta: 3:51:05, time: 0.168, data_time: 0.010, memory: 13424, loss_cls: 0.4131, loss_bbox: 0.3901, loss_kps: 0.0000, loss: 0.8032
2026-09-10 08:37:26,535 - mmdet - INFO - Epoch [12][900/8725]	lr: 1.000e-03, eta: 3:50:55, time: 0.169, data_time: 0.010, memory: 13424, loss_cls: 0.3842, loss_bbox: 0.3760, loss_kps: 0.0000, loss: 0.7602
2026-09-10 08:37:34,997 - mmdet - INFO - Epoch [12][950/8725]	lr: 1.000e-03, eta: 3:50:46, time: 0.169, data_time: 0.010, memory: 13424, loss_cls: 0.4057, loss_bbox: 0.3999, loss_kps: 0.0000, loss: 0.8057
2026-09-10 08:37:43,495 - mmdet - INFO - Epoch [12][1000/8725]	lr: 1.000e-03, eta: 3:50:37, time: 0.170, data_time: 0.010, memory: 13424, loss_cls: 0.4203, loss_bbox: 0.4078, loss_kps: 0.0000, loss: 0.8281
2026-09-10 08:37:52,068 - mmdet - INFO - Epoch [12][1050/8725]	lr: 1.000e-03, eta: 3:50:27, time: 0.171, data_time: 0.010, memory: 13424, loss_cls: 0.3832, loss_bbox: 0.3751, loss_kps: 0.0000, loss: 0.7583
2026-09-10 08:38:00,517 - mmdet - INFO - Epoch [12][1100/8725]	lr: 1.000e-03, eta: 3:50:18, time: 0.169, data_time: 0.010, memory: 13424, loss_cls: 0.4274, loss_bbox: 0.3802, loss_kps: 0.0000, loss: 0.8076
2026-09-10 08:38:09,275 - mmdet - INFO - Epoch [12][1150/8725]	lr: 1.000e-03, eta: 3:50:09, time: 0.175, data_time: 0.009, memory: 13424, loss_cls: 0.4425, loss_bbox: 0.3896, loss_kps: 0.0000, loss: 0.8320
2026-09-10 08:38:17,780 - mmdet - INFO - Epoch [12][1200/8725]	lr: 1.000e-03, eta: 3:50:00, time: 0.170, data_time: 0.010, memory: 13424, loss_cls: 0.4257, loss_bbox: 0.3978, loss_kps: 0.0000, loss: 0.8235
2026-09-10 08:38:26,256 - mmdet - INFO - Epoch [12][1250/8725]	lr: 1.000e-03, eta: 3:49:51, time: 0.169, data_time: 0.009, memory: 13424, loss_cls: 0.3795, loss_bbox: 0.3798, loss_kps: 0.0000, loss: 0.7592
2026-09-10 08:38:34,954 - mmdet - INFO - Epoch [12][1300/8725]	lr: 1.000e-03, eta: 3:49:41, time: 0.174, data_time: 0.009, memory: 13424, loss_cls: 0.4256, loss_bbox: 0.3797, loss_kps: 0.0000, loss: 0.8052
2026-09-10 08:38:43,493 - mmdet - INFO - Epoch [12][1350/8725]	lr: 1.000e-03, eta: 3:49:32, time: 0.171, data_time: 0.010, memory: 13424, loss_cls: 0.4471, loss_bbox: 0.3945, loss_kps: 0.0000, loss: 0.8416
2026-09-10 08:38:52,048 - mmdet - INFO - Epoch [12][1400/8725]	lr: 1.000e-03, eta: 3:49:23, time: 0.171, data_time: 0.010, memory: 13424, loss_cls: 0.4201, loss_bbox: 0.3917, loss_kps: 0.0000, loss: 0.8118
2026-09-10 08:39:00,502 - mmdet - INFO - Epoch [12][1450/8725]	lr: 1.000e-03, eta: 3:49:14, time: 0.169, data_time: 0.010, memory: 13424, loss_cls: 0.3870, loss_bbox: 0.3882, loss_kps: 0.0000, loss: 0.7752
2026-09-10 08:39:08,978 - mmdet - INFO - Epoch [12][1500/8725]	lr: 1.000e-03, eta: 3:49:04, time: 0.170, data_time: 0.010, memory: 13424, loss_cls: 0.4140, loss_bbox: 0.3980, loss_kps: 0.0000, loss: 0.8120
2026-09-10 08:39:17,462 - mmdet - INFO - Epoch [12][1550/8725]	lr: 1.000e-03, eta: 3:48:55, time: 0.169, data_time: 0.010, memory: 13424, loss_cls: 0.4249, loss_bbox: 0.4063, loss_kps: 0.0000, loss: 0.8311
2026-09-10 08:39:25,995 - mmdet - INFO - Epoch [12][1600/8725]	lr: 1.000e-03, eta: 3:48:46, time: 0.171, data_time: 0.011, memory: 13424, loss_cls: 0.4346, loss_bbox: 0.4143, loss_kps: 0.0000, loss: 0.8489
2026-09-10 08:39:34,490 - mmdet - INFO - Epoch [12][1650/8725]	lr: 1.000e-03, eta: 3:48:37, time: 0.170, data_time: 0.010, memory: 13424, loss_cls: 0.4112, loss_bbox: 0.3889, loss_kps: 0.0000, loss: 0.8000
2026-09-10 08:39:43,015 - mmdet - INFO - Epoch [12][1700/8725]	lr: 1.000e-03, eta: 3:48:27, time: 0.171, data_time: 0.010, memory: 13424, loss_cls: 0.3941, loss_bbox: 0.3985, loss_kps: 0.0000, loss: 0.7925
2026-09-10 08:39:51,576 - mmdet - INFO - Epoch [12][1750/8725]	lr: 1.000e-03, eta: 3:48:18, time: 0.171, data_time: 0.011, memory: 13424, loss_cls: 0.3833, loss_bbox: 0.3701, loss_kps: 0.0000, loss: 0.7535
2026-09-10 08:40:00,090 - mmdet - INFO - Epoch [12][1800/8725]	lr: 1.000e-03, eta: 3:48:09, time: 0.171, data_time: 0.011, memory: 13424, loss_cls: 0.4102, loss_bbox: 0.3981, loss_kps: 0.0000, loss: 0.8082
2026-09-10 08:40:08,548 - mmdet - INFO - Epoch [12][1850/8725]	lr: 1.000e-03, eta: 3:48:00, time: 0.169, data_time: 0.010, memory: 13424, loss_cls: 0.4158, loss_bbox: 0.3842, loss_kps: 0.0000, loss: 0.7999
2026-09-10 08:40:17,012 - mmdet - INFO - Epoch [12][1900/8725]	lr: 1.000e-03, eta: 3:47:50, time: 0.170, data_time: 0.010, memory: 13424, loss_cls: 0.4070, loss_bbox: 0.3817, loss_kps: 0.0000, loss: 0.7887
2026-09-10 08:40:25,562 - mmdet - INFO - Epoch [12][1950/8725]	lr: 1.000e-03, eta: 3:47:41, time: 0.171, data_time: 0.010, memory: 13424, loss_cls: 0.4204, loss_bbox: 0.3819, loss_kps: 0.0000, loss: 0.8023
2026-09-10 08:40:34,098 - mmdet - INFO - Epoch [12][2000/8725]	lr: 1.000e-03, eta: 3:47:32, time: 0.171, data_time: 0.010, memory: 13424, loss_cls: 0.4199, loss_bbox: 0.3943, loss_kps: 0.0000, loss: 0.8142
2026-09-10 08:40:42,592 - mmdet - INFO - Epoch [12][2050/8725]	lr: 1.000e-03, eta: 3:47:23, time: 0.170, data_time: 0.010, memory: 13424, loss_cls: 0.4373, loss_bbox: 0.3943, loss_kps: 0.0000, loss: 0.8317
2026-09-10 08:40:51,052 - mmdet - INFO - Epoch [12][2100/8725]	lr: 1.000e-03, eta: 3:47:13, time: 0.169, data_time: 0.010, memory: 13424, loss_cls: 0.4180, loss_bbox: 0.3821, loss_kps: 0.0000, loss: 0.8000
2026-09-10 08:40:59,612 - mmdet - INFO - Epoch [12][2150/8725]	lr: 1.000e-03, eta: 3:47:04, time: 0.171, data_time: 0.010, memory: 13424, loss_cls: 0.4191, loss_bbox: 0.4006, loss_kps: 0.0000, loss: 0.8197
2026-09-10 08:41:08,126 - mmdet - INFO - Epoch [12][2200/8725]	lr: 1.000e-03, eta: 3:46:55, time: 0.171, data_time: 0.010, memory: 13424, loss_cls: 0.4105, loss_bbox: 0.3858, loss_kps: 0.0000, loss: 0.7963
2026-09-10 08:41:16,610 - mmdet - INFO - Epoch [12][2250/8725]	lr: 1.000e-03, eta: 3:46:46, time: 0.169, data_time: 0.010, memory: 13424, loss_cls: 0.4029, loss_bbox: 0.4049, loss_kps: 0.0000, loss: 0.8078
2026-09-10 08:41:25,135 - mmdet - INFO - Epoch [12][2300/8725]	lr: 1.000e-03, eta: 3:46:37, time: 0.171, data_time: 0.010, memory: 13424, loss_cls: 0.4040, loss_bbox: 0.3839, loss_kps: 0.0000, loss: 0.7878
2026-09-10 08:41:33,675 - mmdet - INFO - Epoch [12][2350/8725]	lr: 1.000e-03, eta: 3:46:27, time: 0.171, data_time: 0.010, memory: 13424, loss_cls: 0.4411, loss_bbox: 0.3975, loss_kps: 0.0000, loss: 0.8385
2026-09-10 08:41:42,171 - mmdet - INFO - Epoch [12][2400/8725]	lr: 1.000e-03, eta: 3:46:18, time: 0.170, data_time: 0.010, memory: 13424, loss_cls: 0.4035, loss_bbox: 0.3741, loss_kps: 0.0000, loss: 0.7775
2026-09-10 08:41:50,667 - mmdet - INFO - Epoch [12][2450/8725]	lr: 1.000e-03, eta: 3:46:09, time: 0.170, data_time: 0.010, memory: 13424, loss_cls: 0.4471, loss_bbox: 0.3856, loss_kps: 0.0000, loss: 0.8326
2026-09-10 08:41:59,185 - mmdet - INFO - Epoch [12][2500/8725]	lr: 1.000e-03, eta: 3:46:00, time: 0.171, data_time: 0.011, memory: 13424, loss_cls: 0.4357, loss_bbox: 0.3996, loss_kps: 0.0000, loss: 0.8354
2026-09-10 08:42:07,639 - mmdet - INFO - Epoch [12][2550/8725]	lr: 1.000e-03, eta: 3:45:50, time: 0.169, data_time: 0.010, memory: 13424, loss_cls: 0.4425, loss_bbox: 0.4056, loss_kps: 0.0000, loss: 0.8481
2026-09-10 08:42:16,118 - mmdet - INFO - Epoch [12][2600/8725]	lr: 1.000e-03, eta: 3:45:41, time: 0.170, data_time: 0.011, memory: 13424, loss_cls: 0.4081, loss_bbox: 0.4016, loss_kps: 0.0000, loss: 0.8097
2026-09-10 08:42:24,565 - mmdet - INFO - Epoch [12][2650/8725]	lr: 1.000e-03, eta: 3:45:32, time: 0.169, data_time: 0.010, memory: 13424, loss_cls: 0.4280, loss_bbox: 0.4090, loss_kps: 0.0000, loss: 0.8370
2026-09-10 08:42:33,138 - mmdet - INFO - Epoch [12][2700/8725]	lr: 1.000e-03, eta: 3:45:23, time: 0.172, data_time: 0.010, memory: 13424, loss_cls: 0.4151, loss_bbox: 0.4083, loss_kps: 0.0000, loss: 0.8234
2026-09-10 08:42:41,641 - mmdet - INFO - Epoch [12][2750/8725]	lr: 1.000e-03, eta: 3:45:13, time: 0.170, data_time: 0.010, memory: 13424, loss_cls: 0.3996, loss_bbox: 0.4012, loss_kps: 0.0000, loss: 0.8008
2026-09-10 08:42:50,142 - mmdet - INFO - Epoch [12][2800/8725]	lr: 1.000e-03, eta: 3:45:04, time: 0.170, data_time: 0.011, memory: 13424, loss_cls: 0.3807, loss_bbox: 0.3732, loss_kps: 0.0000, loss: 0.7539
2026-09-10 08:42:58,677 - mmdet - INFO - Epoch [12][2850/8725]	lr: 1.000e-03, eta: 3:44:55, time: 0.170, data_time: 0.011, memory: 13424, loss_cls: 0.3942, loss_bbox: 0.3819, loss_kps: 0.0000, loss: 0.7762
2026-09-10 08:43:07,229 - mmdet - INFO - Epoch [12][2900/8725]	lr: 1.000e-03, eta: 3:44:46, time: 0.171, data_time: 0.010, memory: 13424, loss_cls: 0.4146, loss_bbox: 0.3972, loss_kps: 0.0000, loss: 0.8118
2026-09-10 08:43:15,845 - mmdet - INFO - Epoch [12][2950/8725]	lr: 1.000e-03, eta: 3:44:37, time: 0.172, data_time: 0.011, memory: 13424, loss_cls: 0.4061, loss_bbox: 0.3834, loss_kps: 0.0000, loss: 0.7895
2026-09-10 08:43:24,350 - mmdet - INFO - Epoch [12][3000/8725]	lr: 1.000e-03, eta: 3:44:27, time: 0.170, data_time: 0.010, memory: 13424, loss_cls: 0.4172, loss_bbox: 0.3889, loss_kps: 0.0000, loss: 0.8062
2026-09-10 08:43:32,811 - mmdet - INFO - Epoch [12][3050/8725]	lr: 1.000e-03, eta: 3:44:18, time: 0.169, data_time: 0.010, memory: 13424, loss_cls: 0.4109, loss_bbox: 0.3889, loss_kps: 0.0000, loss: 0.7999
2026-09-10 08:43:41,311 - mmdet - INFO - Epoch [12][3100/8725]	lr: 1.000e-03, eta: 3:44:09, time: 0.170, data_time: 0.010, memory: 13424, loss_cls: 0.4335, loss_bbox: 0.4111, loss_kps: 0.0000, loss: 0.8447
2026-09-10 08:43:49,817 - mmdet - INFO - Epoch [12][3150/8725]	lr: 1.000e-03, eta: 3:44:00, time: 0.170, data_time: 0.010, memory: 13424, loss_cls: 0.3748, loss_bbox: 0.3785, loss_kps: 0.0000, loss: 0.7533
2026-09-10 08:43:58,355 - mmdet - INFO - Epoch [12][3200/8725]	lr: 1.000e-03, eta: 3:43:50, time: 0.171, data_time: 0.011, memory: 13424, loss_cls: 0.3991, loss_bbox: 0.3875, loss_kps: 0.0000, loss: 0.7866
2026-09-10 08:44:06,862 - mmdet - INFO - Epoch [12][3250/8725]	lr: 1.000e-03, eta: 3:43:41, time: 0.170, data_time: 0.010, memory: 13424, loss_cls: 0.4204, loss_bbox: 0.4197, loss_kps: 0.0000, loss: 0.8401
2026-09-10 08:44:15,390 - mmdet - INFO - Epoch [12][3300/8725]	lr: 1.000e-03, eta: 3:43:32, time: 0.171, data_time: 0.011, memory: 13424, loss_cls: 0.4228, loss_bbox: 0.4075, loss_kps: 0.0000, loss: 0.8303
2026-09-10 08:44:23,848 - mmdet - INFO - Epoch [12][3350/8725]	lr: 1.000e-03, eta: 3:43:23, time: 0.169, data_time: 0.010, memory: 13424, loss_cls: 0.4466, loss_bbox: 0.4082, loss_kps: 0.0000, loss: 0.8548
2026-09-10 08:44:32,326 - mmdet - INFO - Epoch [12][3400/8725]	lr: 1.000e-03, eta: 3:43:14, time: 0.170, data_time: 0.010, memory: 13424, loss_cls: 0.3906, loss_bbox: 0.3736, loss_kps: 0.0000, loss: 0.7642
2026-09-10 08:44:40,856 - mmdet - INFO - Epoch [12][3450/8725]	lr: 1.000e-03, eta: 3:43:04, time: 0.170, data_time: 0.010, memory: 13424, loss_cls: 0.4024, loss_bbox: 0.3964, loss_kps: 0.0000, loss: 0.7988
2026-09-10 08:44:49,411 - mmdet - INFO - Epoch [12][3500/8725]	lr: 1.000e-03, eta: 3:42:55, time: 0.171, data_time: 0.010, memory: 13424, loss_cls: 0.4197, loss_bbox: 0.3930, loss_kps: 0.0000, loss: 0.8127
2026-09-10 08:44:57,967 - mmdet - INFO - Epoch [12][3550/8725]	lr: 1.000e-03, eta: 3:42:46, time: 0.171, data_time: 0.010, memory: 13424, loss_cls: 0.3916, loss_bbox: 0.3917, loss_kps: 0.0000, loss: 0.7833
2026-09-10 08:45:06,473 - mmdet - INFO - Epoch [12][3600/8725]	lr: 1.000e-03, eta: 3:42:37, time: 0.170, data_time: 0.011, memory: 13424, loss_cls: 0.3894, loss_bbox: 0.3789, loss_kps: 0.0000, loss: 0.7683
2026-09-10 08:45:14,988 - mmdet - INFO - Epoch [12][3650/8725]	lr: 1.000e-03, eta: 3:42:28, time: 0.170, data_time: 0.010, memory: 13424, loss_cls: 0.4321, loss_bbox: 0.3924, loss_kps: 0.0000, loss: 0.8245
2026-09-10 08:45:23,517 - mmdet - INFO - Epoch [12][3700/8725]	lr: 1.000e-03, eta: 3:42:18, time: 0.171, data_time: 0.010, memory: 13424, loss_cls: 0.3967, loss_bbox: 0.3838, loss_kps: 0.0000, loss: 0.7805
2026-09-10 08:45:32,071 - mmdet - INFO - Epoch [12][3750/8725]	lr: 1.000e-03, eta: 3:42:09, time: 0.171, data_time: 0.010, memory: 13424, loss_cls: 0.3991, loss_bbox: 0.3655, loss_kps: 0.0000, loss: 0.7647
2026-09-10 08:45:40,607 - mmdet - INFO - Epoch [12][3800/8725]	lr: 1.000e-03, eta: 3:42:00, time: 0.171, data_time: 0.011, memory: 13424, loss_cls: 0.4160, loss_bbox: 0.3934, loss_kps: 0.0000, loss: 0.8094
2026-09-10 08:45:49,103 - mmdet - INFO - Epoch [12][3850/8725]	lr: 1.000e-03, eta: 3:41:51, time: 0.170, data_time: 0.011, memory: 13424, loss_cls: 0.3890, loss_bbox: 0.3824, loss_kps: 0.0000, loss: 0.7715
2026-09-10 08:45:57,638 - mmdet - INFO - Epoch [12][3900/8725]	lr: 1.000e-03, eta: 3:41:42, time: 0.171, data_time: 0.011, memory: 13424, loss_cls: 0.3813, loss_bbox: 0.3873, loss_kps: 0.0000, loss: 0.7686
2026-09-10 08:46:06,064 - mmdet - INFO - Epoch [12][3950/8725]	lr: 1.000e-03, eta: 3:41:32, time: 0.168, data_time: 0.010, memory: 13424, loss_cls: 0.4432, loss_bbox: 0.4033, loss_kps: 0.0000, loss: 0.8465
2026-09-10 08:46:14,671 - mmdet - INFO - Epoch [12][4000/8725]	lr: 1.000e-03, eta: 3:41:23, time: 0.172, data_time: 0.010, memory: 13424, loss_cls: 0.3817, loss_bbox: 0.3976, loss_kps: 0.0000, loss: 0.7793
2026-09-10 08:46:23,203 - mmdet - INFO - Epoch [12][4050/8725]	lr: 1.000e-03, eta: 3:41:14, time: 0.170, data_time: 0.010, memory: 13424, loss_cls: 0.4377, loss_bbox: 0.4225, loss_kps: 0.0000, loss: 0.8602
2026-09-10 08:46:31,715 - mmdet - INFO - Epoch [12][4100/8725]	lr: 1.000e-03, eta: 3:41:05, time: 0.170, data_time: 0.010, memory: 13424, loss_cls: 0.3707, loss_bbox: 0.3890, loss_kps: 0.0000, loss: 0.7597
2026-09-10 08:46:40,224 - mmdet - INFO - Epoch [12][4150/8725]	lr: 1.000e-03, eta: 3:40:55, time: 0.170, data_time: 0.010, memory: 13424, loss_cls: 0.4031, loss_bbox: 0.3753, loss_kps: 0.0000, loss: 0.7784
2026-09-10 08:46:48,777 - mmdet - INFO - Epoch [12][4200/8725]	lr: 1.000e-03, eta: 3:40:46, time: 0.171, data_time: 0.010, memory: 13424, loss_cls: 0.3932, loss_bbox: 0.3806, loss_kps: 0.0000, loss: 0.7738
2026-09-10 08:46:57,285 - mmdet - INFO - Epoch [12][4250/8725]	lr: 1.000e-03, eta: 3:40:37, time: 0.170, data_time: 0.009, memory: 13424, loss_cls: 0.4430, loss_bbox: 0.3980, loss_kps: 0.0000, loss: 0.8411
2026-09-10 08:47:06,013 - mmdet - INFO - Epoch [12][4300/8725]	lr: 1.000e-03, eta: 3:40:28, time: 0.175, data_time: 0.010, memory: 13424, loss_cls: 0.4107, loss_bbox: 0.3930, loss_kps: 0.0000, loss: 0.8037
2026-09-10 08:47:14,508 - mmdet - INFO - Epoch [12][4350/8725]	lr: 1.000e-03, eta: 3:40:19, time: 0.170, data_time: 0.010, memory: 13424, loss_cls: 0.4018, loss_bbox: 0.3942, loss_kps: 0.0000, loss: 0.7959
2026-09-10 08:47:22,975 - mmdet - INFO - Epoch [12][4400/8725]	lr: 1.000e-03, eta: 3:40:10, time: 0.170, data_time: 0.010, memory: 13424, loss_cls: 0.3949, loss_bbox: 0.3890, loss_kps: 0.0000, loss: 0.7839
2026-09-10 08:47:31,496 - mmdet - INFO - Epoch [12][4450/8725]	lr: 1.000e-03, eta: 3:40:00, time: 0.170, data_time: 0.010, memory: 13424, loss_cls: 0.3782, loss_bbox: 0.3721, loss_kps: 0.0000, loss: 0.7503
2026-09-10 08:47:39,992 - mmdet - INFO - Epoch [12][4500/8725]	lr: 1.000e-03, eta: 3:39:51, time: 0.170, data_time: 0.010, memory: 13424, loss_cls: 0.3914, loss_bbox: 0.3877, loss_kps: 0.0000, loss: 0.7791
2026-09-10 08:47:48,536 - mmdet - INFO - Epoch [12][4550/8725]	lr: 1.000e-03, eta: 3:39:42, time: 0.171, data_time: 0.009, memory: 13424, loss_cls: 0.4153, loss_bbox: 0.4023, loss_kps: 0.0000, loss: 0.8176
2026-09-10 08:47:57,068 - mmdet - INFO - Epoch [12][4600/8725]	lr: 1.000e-03, eta: 3:39:33, time: 0.171, data_time: 0.010, memory: 13424, loss_cls: 0.3879, loss_bbox: 0.3834, loss_kps: 0.0000, loss: 0.7714
2026-09-10 08:48:05,683 - mmdet - INFO - Epoch [12][4650/8725]	lr: 1.000e-03, eta: 3:39:24, time: 0.172, data_time: 0.009, memory: 13424, loss_cls: 0.4061, loss_bbox: 0.3944, loss_kps: 0.0000, loss: 0.8006
2026-09-10 08:48:14,302 - mmdet - INFO - Epoch [12][4700/8725]	lr: 1.000e-03, eta: 3:39:15, time: 0.173, data_time: 0.010, memory: 13424, loss_cls: 0.3888, loss_bbox: 0.3858, loss_kps: 0.0000, loss: 0.7746
2026-09-10 08:48:22,857 - mmdet - INFO - Epoch [12][4750/8725]	lr: 1.000e-03, eta: 3:39:05, time: 0.171, data_time: 0.009, memory: 13424, loss_cls: 0.4329, loss_bbox: 0.3904, loss_kps: 0.0000, loss: 0.8233
2026-09-10 08:48:31,370 - mmdet - INFO - Epoch [12][4800/8725]	lr: 1.000e-03, eta: 3:38:56, time: 0.171, data_time: 0.011, memory: 13424, loss_cls: 0.4221, loss_bbox: 0.4059, loss_kps: 0.0000, loss: 0.8280
2026-09-10 08:48:39,908 - mmdet - INFO - Epoch [12][4850/8725]	lr: 1.000e-03, eta: 3:38:47, time: 0.170, data_time: 0.010, memory: 13424, loss_cls: 0.4132, loss_bbox: 0.3838, loss_kps: 0.0000, loss: 0.7970
2026-09-10 08:48:48,372 - mmdet - INFO - Epoch [12][4900/8725]	lr: 1.000e-03, eta: 3:38:38, time: 0.170, data_time: 0.010, memory: 13424, loss_cls: 0.4132, loss_bbox: 0.3849, loss_kps: 0.0000, loss: 0.7981
2026-09-10 08:48:56,849 - mmdet - INFO - Epoch [12][4950/8725]	lr: 1.000e-03, eta: 3:38:29, time: 0.169, data_time: 0.010, memory: 13424, loss_cls: 0.4241, loss_bbox: 0.3830, loss_kps: 0.0000, loss: 0.8071
2026-09-10 08:49:05,622 - mmdet - INFO - Epoch [12][5000/8725]	lr: 1.000e-03, eta: 3:38:20, time: 0.176, data_time: 0.010, memory: 13424, loss_cls: 0.4156, loss_bbox: 0.3889, loss_kps: 0.0000, loss: 0.8045
2026-09-10 08:49:14,065 - mmdet - INFO - Epoch [12][5050/8725]	lr: 1.000e-03, eta: 3:38:10, time: 0.169, data_time: 0.010, memory: 13424, loss_cls: 0.4531, loss_bbox: 0.4095, loss_kps: 0.0000, loss: 0.8626
2026-09-10 08:49:22,527 - mmdet - INFO - Epoch [12][5100/8725]	lr: 1.000e-03, eta: 3:38:01, time: 0.169, data_time: 0.010, memory: 13424, loss_cls: 0.3717, loss_bbox: 0.3693, loss_kps: 0.0000, loss: 0.7410
2026-09-10 08:49:31,003 - mmdet - INFO - Epoch [12][5150/8725]	lr: 1.000e-03, eta: 3:37:52, time: 0.169, data_time: 0.010, memory: 13424, loss_cls: 0.4034, loss_bbox: 0.3821, loss_kps: 0.0000, loss: 0.7856
2026-09-10 08:49:39,506 - mmdet - INFO - Epoch [12][5200/8725]	lr: 1.000e-03, eta: 3:37:43, time: 0.170, data_time: 0.011, memory: 13424, loss_cls: 0.4073, loss_bbox: 0.3858, loss_kps: 0.0000, loss: 0.7931
2026-09-10 08:49:47,984 - mmdet - INFO - Epoch [12][5250/8725]	lr: 1.000e-03, eta: 3:37:33, time: 0.169, data_time: 0.010, memory: 13424, loss_cls: 0.3923, loss_bbox: 0.3877, loss_kps: 0.0000, loss: 0.7800
2026-09-10 08:49:56,507 - mmdet - INFO - Epoch [12][5300/8725]	lr: 1.000e-03, eta: 3:37:24, time: 0.171, data_time: 0.010, memory: 13424, loss_cls: 0.4102, loss_bbox: 0.3994, loss_kps: 0.0000, loss: 0.8096
2026-09-10 08:50:04,954 - mmdet - INFO - Epoch [12][5350/8725]	lr: 1.000e-03, eta: 3:37:15, time: 0.169, data_time: 0.009, memory: 13424, loss_cls: 0.4235, loss_bbox: 0.3994, loss_kps: 0.0000, loss: 0.8229
2026-09-10 08:50:13,376 - mmdet - INFO - Epoch [12][5400/8725]	lr: 1.000e-03, eta: 3:37:06, time: 0.169, data_time: 0.010, memory: 13424, loss_cls: 0.4011, loss_bbox: 0.4020, loss_kps: 0.0000, loss: 0.8031
2026-09-10 08:50:21,874 - mmdet - INFO - Epoch [12][5450/8725]	lr: 1.000e-03, eta: 3:36:57, time: 0.170, data_time: 0.010, memory: 13424, loss_cls: 0.3699, loss_bbox: 0.3849, loss_kps: 0.0000, loss: 0.7549
2026-09-10 08:50:30,438 - mmdet - INFO - Epoch [12][5500/8725]	lr: 1.000e-03, eta: 3:36:47, time: 0.172, data_time: 0.010, memory: 13424, loss_cls: 0.4144, loss_bbox: 0.3948, loss_kps: 0.0000, loss: 0.8093
2026-09-10 08:50:38,934 - mmdet - INFO - Epoch [12][5550/8725]	lr: 1.000e-03, eta: 3:36:38, time: 0.170, data_time: 0.010, memory: 13424, loss_cls: 0.4032, loss_bbox: 0.3812, loss_kps: 0.0000, loss: 0.7844
2026-09-10 08:50:47,433 - mmdet - INFO - Epoch [12][5600/8725]	lr: 1.000e-03, eta: 3:36:29, time: 0.170, data_time: 0.011, memory: 13424, loss_cls: 0.3800, loss_bbox: 0.4023, loss_kps: 0.0000, loss: 0.7823
2026-09-10 08:50:55,871 - mmdet - INFO - Epoch [12][5650/8725]	lr: 1.000e-03, eta: 3:36:20, time: 0.168, data_time: 0.010, memory: 13424, loss_cls: 0.4053, loss_bbox: 0.3738, loss_kps: 0.0000, loss: 0.7791
2026-09-10 08:51:04,371 - mmdet - INFO - Epoch [12][5700/8725]	lr: 1.000e-03, eta: 3:36:11, time: 0.170, data_time: 0.010, memory: 13424, loss_cls: 0.3953, loss_bbox: 0.3900, loss_kps: 0.0000, loss: 0.7853
2026-09-10 08:51:12,851 - mmdet - INFO - Epoch [12][5750/8725]	lr: 1.000e-03, eta: 3:36:01, time: 0.169, data_time: 0.011, memory: 13424, loss_cls: 0.3879, loss_bbox: 0.3983, loss_kps: 0.0000, loss: 0.7862
2026-09-10 08:51:21,318 - mmdet - INFO - Epoch [12][5800/8725]	lr: 1.000e-03, eta: 3:35:52, time: 0.170, data_time: 0.010, memory: 13424, loss_cls: 0.4531, loss_bbox: 0.3865, loss_kps: 0.0000, loss: 0.8395
2026-09-10 08:51:29,814 - mmdet - INFO - Epoch [12][5850/8725]	lr: 1.000e-03, eta: 3:35:43, time: 0.170, data_time: 0.010, memory: 13424, loss_cls: 0.4199, loss_bbox: 0.3913, loss_kps: 0.0000, loss: 0.8113
2026-09-10 08:51:38,300 - mmdet - INFO - Epoch [12][5900/8725]	lr: 1.000e-03, eta: 3:35:34, time: 0.170, data_time: 0.010, memory: 13424, loss_cls: 0.4104, loss_bbox: 0.3860, loss_kps: 0.0000, loss: 0.7964
2026-09-10 08:51:46,793 - mmdet - INFO - Epoch [12][5950/8725]	lr: 1.000e-03, eta: 3:35:24, time: 0.170, data_time: 0.010, memory: 13424, loss_cls: 0.4023, loss_bbox: 0.3942, loss_kps: 0.0000, loss: 0.7965
2026-09-10 08:51:55,254 - mmdet - INFO - Epoch [12][6000/8725]	lr: 1.000e-03, eta: 3:35:15, time: 0.169, data_time: 0.010, memory: 13424, loss_cls: 0.4051, loss_bbox: 0.3811, loss_kps: 0.0000, loss: 0.7862
2026-09-10 08:52:03,738 - mmdet - INFO - Epoch [12][6050/8725]	lr: 1.000e-03, eta: 3:35:06, time: 0.169, data_time: 0.010, memory: 13424, loss_cls: 0.4168, loss_bbox: 0.3847, loss_kps: 0.0000, loss: 0.8015
2026-09-10 08:52:12,210 - mmdet - INFO - Epoch [12][6100/8725]	lr: 1.000e-03, eta: 3:34:57, time: 0.170, data_time: 0.010, memory: 13424, loss_cls: 0.4498, loss_bbox: 0.3987, loss_kps: 0.0000, loss: 0.8486
2026-09-10 08:52:20,761 - mmdet - INFO - Epoch [12][6150/8725]	lr: 1.000e-03, eta: 3:34:48, time: 0.171, data_time: 0.010, memory: 13424, loss_cls: 0.4286, loss_bbox: 0.3890, loss_kps: 0.0000, loss: 0.8176
2026-09-10 08:52:29,221 - mmdet - INFO - Epoch [12][6200/8725]	lr: 1.000e-03, eta: 3:34:38, time: 0.170, data_time: 0.010, memory: 13424, loss_cls: 0.4493, loss_bbox: 0.4048, loss_kps: 0.0000, loss: 0.8541
2026-09-10 08:52:37,680 - mmdet - INFO - Epoch [12][6250/8725]	lr: 1.000e-03, eta: 3:34:29, time: 0.169, data_time: 0.010, memory: 13424, loss_cls: 0.3962, loss_bbox: 0.3916, loss_kps: 0.0000, loss: 0.7878
2026-09-10 08:52:46,174 - mmdet - INFO - Epoch [12][6300/8725]	lr: 1.000e-03, eta: 3:34:20, time: 0.170, data_time: 0.011, memory: 13424, loss_cls: 0.4103, loss_bbox: 0.3787, loss_kps: 0.0000, loss: 0.7890
2026-09-10 08:52:54,718 - mmdet - INFO - Epoch [12][6350/8725]	lr: 1.000e-03, eta: 3:34:11, time: 0.171, data_time: 0.010, memory: 13424, loss_cls: 0.4027, loss_bbox: 0.3733, loss_kps: 0.0000, loss: 0.7761
2026-09-10 08:53:03,236 - mmdet - INFO - Epoch [12][6400/8725]	lr: 1.000e-03, eta: 3:34:02, time: 0.171, data_time: 0.010, memory: 13424, loss_cls: 0.4394, loss_bbox: 0.3933, loss_kps: 0.0000, loss: 0.8327
2026-09-10 08:53:11,771 - mmdet - INFO - Epoch [12][6450/8725]	lr: 1.000e-03, eta: 3:33:53, time: 0.171, data_time: 0.010, memory: 13424, loss_cls: 0.4305, loss_bbox: 0.3982, loss_kps: 0.0000, loss: 0.8287
2026-09-10 08:53:20,263 - mmdet - INFO - Epoch [12][6500/8725]	lr: 1.000e-03, eta: 3:33:43, time: 0.170, data_time: 0.011, memory: 13424, loss_cls: 0.4264, loss_bbox: 0.3942, loss_kps: 0.0000, loss: 0.8206
2026-09-10 08:53:28,706 - mmdet - INFO - Epoch [12][6550/8725]	lr: 1.000e-03, eta: 3:33:34, time: 0.169, data_time: 0.010, memory: 13424, loss_cls: 0.3750, loss_bbox: 0.3884, loss_kps: 0.0000, loss: 0.7634
2026-09-10 08:53:37,177 - mmdet - INFO - Epoch [12][6600/8725]	lr: 1.000e-03, eta: 3:33:25, time: 0.170, data_time: 0.010, memory: 13424, loss_cls: 0.4352, loss_bbox: 0.3888, loss_kps: 0.0000, loss: 0.8239
2026-09-10 08:53:45,733 - mmdet - INFO - Epoch [12][6650/8725]	lr: 1.000e-03, eta: 3:33:16, time: 0.171, data_time: 0.011, memory: 13424, loss_cls: 0.4037, loss_bbox: 0.3848, loss_kps: 0.0000, loss: 0.7885
2026-09-10 08:53:54,190 - mmdet - INFO - Epoch [12][6700/8725]	lr: 1.000e-03, eta: 3:33:07, time: 0.169, data_time: 0.011, memory: 13424, loss_cls: 0.4114, loss_bbox: 0.3965, loss_kps: 0.0000, loss: 0.8079
2026-09-10 08:54:02,647 - mmdet - INFO - Epoch [12][6750/8725]	lr: 1.000e-03, eta: 3:32:57, time: 0.169, data_time: 0.010, memory: 13424, loss_cls: 0.3895, loss_bbox: 0.3831, loss_kps: 0.0000, loss: 0.7727
2026-09-10 08:54:11,130 - mmdet - INFO - Epoch [12][6800/8725]	lr: 1.000e-03, eta: 3:32:48, time: 0.170, data_time: 0.011, memory: 13424, loss_cls: 0.4184, loss_bbox: 0.4001, loss_kps: 0.0000, loss: 0.8185
2026-09-10 08:54:19,607 - mmdet - INFO - Epoch [12][6850/8725]	lr: 1.000e-03, eta: 3:32:39, time: 0.169, data_time: 0.010, memory: 13424, loss_cls: 0.3914, loss_bbox: 0.3961, loss_kps: 0.0000, loss: 0.7875
2026-09-10 08:54:28,064 - mmdet - INFO - Epoch [12][6900/8725]	lr: 1.000e-03, eta: 3:32:30, time: 0.169, data_time: 0.011, memory: 13424, loss_cls: 0.4306, loss_bbox: 0.3971, loss_kps: 0.0000, loss: 0.8277
2026-09-10 08:54:36,558 - mmdet - INFO - Epoch [12][6950/8725]	lr: 1.000e-03, eta: 3:32:21, time: 0.170, data_time: 0.011, memory: 13424, loss_cls: 0.4135, loss_bbox: 0.3989, loss_kps: 0.0000, loss: 0.8124
2026-09-10 08:54:45,047 - mmdet - INFO - Epoch [12][7000/8725]	lr: 1.000e-03, eta: 3:32:11, time: 0.170, data_time: 0.011, memory: 13424, loss_cls: 0.3970, loss_bbox: 0.3728, loss_kps: 0.0000, loss: 0.7699
2026-09-10 08:54:53,486 - mmdet - INFO - Epoch [12][7050/8725]	lr: 1.000e-03, eta: 3:32:02, time: 0.169, data_time: 0.010, memory: 13424, loss_cls: 0.3919, loss_bbox: 0.3788, loss_kps: 0.0000, loss: 0.7707
2026-09-10 08:55:02,020 - mmdet - INFO - Epoch [12][7100/8725]	lr: 1.000e-03, eta: 3:31:53, time: 0.171, data_time: 0.011, memory: 13424, loss_cls: 0.4169, loss_bbox: 0.4119, loss_kps: 0.0000, loss: 0.8288
2026-09-10 08:55:10,513 - mmdet - INFO - Epoch [12][7150/8725]	lr: 1.000e-03, eta: 3:31:44, time: 0.170, data_time: 0.011, memory: 13424, loss_cls: 0.4187, loss_bbox: 0.4078, loss_kps: 0.0000, loss: 0.8265
2026-09-10 08:55:18,961 - mmdet - INFO - Epoch [12][7200/8725]	lr: 1.000e-03, eta: 3:31:35, time: 0.169, data_time: 0.010, memory: 13424, loss_cls: 0.4008, loss_bbox: 0.3910, loss_kps: 0.0000, loss: 0.7918
2026-09-10 08:55:27,405 - mmdet - INFO - Epoch [12][7250/8725]	lr: 1.000e-03, eta: 3:31:25, time: 0.169, data_time: 0.010, memory: 13424, loss_cls: 0.4104, loss_bbox: 0.3911, loss_kps: 0.0000, loss: 0.8015
2026-09-10 08:55:35,899 - mmdet - INFO - Epoch [12][7300/8725]	lr: 1.000e-03, eta: 3:31:16, time: 0.170, data_time: 0.010, memory: 13424, loss_cls: 0.4363, loss_bbox: 0.4040, loss_kps: 0.0000, loss: 0.8403
2026-09-10 08:55:44,369 - mmdet - INFO - Epoch [12][7350/8725]	lr: 1.000e-03, eta: 3:31:07, time: 0.169, data_time: 0.010, memory: 13424, loss_cls: 0.4065, loss_bbox: 0.3786, loss_kps: 0.0000, loss: 0.7851
2026-09-10 08:55:52,836 - mmdet - INFO - Epoch [12][7400/8725]	lr: 1.000e-03, eta: 3:30:58, time: 0.170, data_time: 0.010, memory: 13424, loss_cls: 0.4092, loss_bbox: 0.3844, loss_kps: 0.0000, loss: 0.7936
2026-09-10 08:56:01,250 - mmdet - INFO - Epoch [12][7450/8725]	lr: 1.000e-03, eta: 3:30:49, time: 0.168, data_time: 0.010, memory: 13424, loss_cls: 0.4616, loss_bbox: 0.4066, loss_kps: 0.0000, loss: 0.8682
2026-09-10 08:56:09,684 - mmdet - INFO - Epoch [12][7500/8725]	lr: 1.000e-03, eta: 3:30:39, time: 0.169, data_time: 0.011, memory: 13424, loss_cls: 0.4339, loss_bbox: 0.3964, loss_kps: 0.0000, loss: 0.8304
2026-09-10 08:56:18,142 - mmdet - INFO - Epoch [12][7550/8725]	lr: 1.000e-03, eta: 3:30:30, time: 0.169, data_time: 0.010, memory: 13424, loss_cls: 0.4209, loss_bbox: 0.3946, loss_kps: 0.0000, loss: 0.8156
2026-09-10 08:56:26,587 - mmdet - INFO - Epoch [12][7600/8725]	lr: 1.000e-03, eta: 3:30:21, time: 0.169, data_time: 0.010, memory: 13424, loss_cls: 0.4299, loss_bbox: 0.3899, loss_kps: 0.0000, loss: 0.8198
2026-09-10 08:56:35,078 - mmdet - INFO - Epoch [12][7650/8725]	lr: 1.000e-03, eta: 3:30:12, time: 0.170, data_time: 0.010, memory: 13424, loss_cls: 0.4300, loss_bbox: 0.3928, loss_kps: 0.0000, loss: 0.8227
2026-09-10 08:56:43,515 - mmdet - INFO - Epoch [12][7700/8725]	lr: 1.000e-03, eta: 3:30:03, time: 0.169, data_time: 0.010, memory: 13424, loss_cls: 0.3970, loss_bbox: 0.4126, loss_kps: 0.0000, loss: 0.8095
2026-09-10 08:56:51,933 - mmdet - INFO - Epoch [12][7750/8725]	lr: 1.000e-03, eta: 3:29:53, time: 0.168, data_time: 0.010, memory: 13424, loss_cls: 0.3979, loss_bbox: 0.3917, loss_kps: 0.0000, loss: 0.7896
2026-09-10 08:57:00,388 - mmdet - INFO - Epoch [12][7800/8725]	lr: 1.000e-03, eta: 3:29:44, time: 0.169, data_time: 0.010, memory: 13424, loss_cls: 0.4018, loss_bbox: 0.3981, loss_kps: 0.0000, loss: 0.7999
2026-09-10 08:57:08,830 - mmdet - INFO - Epoch [12][7850/8725]	lr: 1.000e-03, eta: 3:29:35, time: 0.169, data_time: 0.010, memory: 13424, loss_cls: 0.3791, loss_bbox: 0.3733, loss_kps: 0.0000, loss: 0.7524
2026-09-10 08:57:17,297 - mmdet - INFO - Epoch [12][7900/8725]	lr: 1.000e-03, eta: 3:29:26, time: 0.170, data_time: 0.010, memory: 13424, loss_cls: 0.3672, loss_bbox: 0.3739, loss_kps: 0.0000, loss: 0.7411
2026-09-10 08:57:25,785 - mmdet - INFO - Epoch [12][7950/8725]	lr: 1.000e-03, eta: 3:29:17, time: 0.169, data_time: 0.010, memory: 13424, loss_cls: 0.4196, loss_bbox: 0.3890, loss_kps: 0.0000, loss: 0.8087
2026-09-10 08:57:34,342 - mmdet - INFO - Epoch [12][8000/8725]	lr: 1.000e-03, eta: 3:29:08, time: 0.171, data_time: 0.011, memory: 13424, loss_cls: 0.4174, loss_bbox: 0.4006, loss_kps: 0.0000, loss: 0.8180
2026-09-10 08:57:42,747 - mmdet - INFO - Epoch [12][8050/8725]	lr: 1.000e-03, eta: 3:28:58, time: 0.168, data_time: 0.010, memory: 13424, loss_cls: 0.3819, loss_bbox: 0.3655, loss_kps: 0.0000, loss: 0.7474
2026-09-10 08:57:51,233 - mmdet - INFO - Epoch [12][8100/8725]	lr: 1.000e-03, eta: 3:28:49, time: 0.170, data_time: 0.010, memory: 13424, loss_cls: 0.4098, loss_bbox: 0.3953, loss_kps: 0.0000, loss: 0.8052
2026-09-10 08:57:59,736 - mmdet - INFO - Epoch [12][8150/8725]	lr: 1.000e-03, eta: 3:28:40, time: 0.170, data_time: 0.010, memory: 13424, loss_cls: 0.4080, loss_bbox: 0.3833, loss_kps: 0.0000, loss: 0.7913
2026-09-10 08:58:08,189 - mmdet - INFO - Epoch [12][8200/8725]	lr: 1.000e-03, eta: 3:28:31, time: 0.169, data_time: 0.010, memory: 13424, loss_cls: 0.4280, loss_bbox: 0.3964, loss_kps: 0.0000, loss: 0.8244
2026-09-10 08:58:16,639 - mmdet - INFO - Epoch [12][8250/8725]	lr: 1.000e-03, eta: 3:28:22, time: 0.169, data_time: 0.010, memory: 13424, loss_cls: 0.4030, loss_bbox: 0.4007, loss_kps: 0.0000, loss: 0.8036
2026-09-10 08:58:25,121 - mmdet - INFO - Epoch [12][8300/8725]	lr: 1.000e-03, eta: 3:28:12, time: 0.170, data_time: 0.010, memory: 13424, loss_cls: 0.4080, loss_bbox: 0.3890, loss_kps: 0.0000, loss: 0.7970
2026-09-10 08:58:33,563 - mmdet - INFO - Epoch [12][8350/8725]	lr: 1.000e-03, eta: 3:28:03, time: 0.169, data_time: 0.010, memory: 13424, loss_cls: 0.3942, loss_bbox: 0.4042, loss_kps: 0.0000, loss: 0.7983
2026-09-10 08:58:42,037 - mmdet - INFO - Epoch [12][8400/8725]	lr: 1.000e-03, eta: 3:27:54, time: 0.170, data_time: 0.010, memory: 13424, loss_cls: 0.4142, loss_bbox: 0.3918, loss_kps: 0.0000, loss: 0.8060
2026-09-10 08:58:50,494 - mmdet - INFO - Epoch [12][8450/8725]	lr: 1.000e-03, eta: 3:27:45, time: 0.169, data_time: 0.010, memory: 13424, loss_cls: 0.3828, loss_bbox: 0.3767, loss_kps: 0.0000, loss: 0.7595
2026-09-10 08:58:58,984 - mmdet - INFO - Epoch [12][8500/8725]	lr: 1.000e-03, eta: 3:27:36, time: 0.170, data_time: 0.010, memory: 13424, loss_cls: 0.3764, loss_bbox: 0.3738, loss_kps: 0.0000, loss: 0.7501
2026-09-10 08:59:07,476 - mmdet - INFO - Epoch [12][8550/8725]	lr: 1.000e-03, eta: 3:27:26, time: 0.170, data_time: 0.010, memory: 13424, loss_cls: 0.3898, loss_bbox: 0.3806, loss_kps: 0.0000, loss: 0.7703
2026-09-10 08:59:15,961 - mmdet - INFO - Epoch [12][8600/8725]	lr: 1.000e-03, eta: 3:27:17, time: 0.170, data_time: 0.010, memory: 13424, loss_cls: 0.3887, loss_bbox: 0.3748, loss_kps: 0.0000, loss: 0.7635
2026-09-10 08:59:24,441 - mmdet - INFO - Epoch [12][8650/8725]	lr: 1.000e-03, eta: 3:27:08, time: 0.169, data_time: 0.010, memory: 13424, loss_cls: 0.4419, loss_bbox: 0.4010, loss_kps: 0.0000, loss: 0.8429
2026-09-10 08:59:32,903 - mmdet - INFO - Epoch [12][8700/8725]	lr: 1.000e-03, eta: 3:26:59, time: 0.169, data_time: 0.010, memory: 13424, loss_cls: 0.4259, loss_bbox: 0.4047, loss_kps: 0.0000, loss: 0.8306
2026-09-10 08:59:37,188 - mmdet - INFO - Saving checkpoint at 12 epochs
2026-09-10 08:59:49,945 - mmdet - INFO - Epoch [13][50/8725]	lr: 1.000e-03, eta: 3:26:45, time: 0.250, data_time: 0.088, memory: 13424, loss_cls: 0.4179, loss_bbox: 0.3839, loss_kps: 0.0000, loss: 0.8018
2026-09-10 08:59:58,719 - mmdet - INFO - Epoch [13][100/8725]	lr: 1.000e-03, eta: 3:26:36, time: 0.176, data_time: 0.009, memory: 13424, loss_cls: 0.3959, loss_bbox: 0.3726, loss_kps: 0.0000, loss: 0.7685
2026-09-10 09:00:07,191 - mmdet - INFO - Epoch [13][150/8725]	lr: 1.000e-03, eta: 3:26:27, time: 0.169, data_time: 0.010, memory: 13424, loss_cls: 0.4259, loss_bbox: 0.3905, loss_kps: 0.0000, loss: 0.8165
2026-09-10 09:00:15,678 - mmdet - INFO - Epoch [13][200/8725]	lr: 1.000e-03, eta: 3:26:18, time: 0.170, data_time: 0.009, memory: 13424, loss_cls: 0.3895, loss_bbox: 0.3751, loss_kps: 0.0000, loss: 0.7646
2026-09-10 09:00:24,132 - mmdet - INFO - Epoch [13][250/8725]	lr: 1.000e-03, eta: 3:26:09, time: 0.169, data_time: 0.009, memory: 13424, loss_cls: 0.4008, loss_bbox: 0.4031, loss_kps: 0.0000, loss: 0.8038
2026-09-10 09:00:32,676 - mmdet - INFO - Exp name: scrfd_armAA34.py
2026-09-10 09:00:32,676 - mmdet - INFO - Epoch [13][300/8725]	lr: 1.000e-03, eta: 3:25:59, time: 0.171, data_time: 0.010, memory: 13424, loss_cls: 0.3732, loss_bbox: 0.3771, loss_kps: 0.0000, loss: 0.7503
2026-09-10 09:00:41,468 - mmdet - INFO - Epoch [13][350/8725]	lr: 1.000e-03, eta: 3:25:50, time: 0.176, data_time: 0.009, memory: 13424, loss_cls: 0.4079, loss_bbox: 0.3758, loss_kps: 0.0000, loss: 0.7837
2026-09-10 09:00:49,954 - mmdet - INFO - Epoch [13][400/8725]	lr: 1.000e-03, eta: 3:25:41, time: 0.170, data_time: 0.009, memory: 13424, loss_cls: 0.3982, loss_bbox: 0.3929, loss_kps: 0.0000, loss: 0.7911
2026-09-10 09:00:58,507 - mmdet - INFO - Epoch [13][450/8725]	lr: 1.000e-03, eta: 3:25:32, time: 0.171, data_time: 0.010, memory: 13424, loss_cls: 0.4179, loss_bbox: 0.3899, loss_kps: 0.0000, loss: 0.8078
2026-09-10 09:01:06,934 - mmdet - INFO - Epoch [13][500/8725]	lr: 1.000e-03, eta: 3:25:23, time: 0.169, data_time: 0.009, memory: 13424, loss_cls: 0.3999, loss_bbox: 0.3954, loss_kps: 0.0000, loss: 0.7953
2026-09-10 09:01:15,403 - mmdet - INFO - Epoch [13][550/8725]	lr: 1.000e-03, eta: 3:25:14, time: 0.169, data_time: 0.009, memory: 13424, loss_cls: 0.3869, loss_bbox: 0.3630, loss_kps: 0.0000, loss: 0.7499
2026-09-10 09:01:23,892 - mmdet - INFO - Epoch [13][600/8725]	lr: 1.000e-03, eta: 3:25:05, time: 0.170, data_time: 0.009, memory: 13424, loss_cls: 0.4441, loss_bbox: 0.4062, loss_kps: 0.0000, loss: 0.8503
2026-09-10 09:01:32,413 - mmdet - INFO - Epoch [13][650/8725]	lr: 1.000e-03, eta: 3:24:56, time: 0.170, data_time: 0.010, memory: 13424, loss_cls: 0.4414, loss_bbox: 0.4241, loss_kps: 0.0000, loss: 0.8655
2026-09-10 09:01:40,878 - mmdet - INFO - Epoch [13][700/8725]	lr: 1.000e-03, eta: 3:24:46, time: 0.169, data_time: 0.010, memory: 13424, loss_cls: 0.4128, loss_bbox: 0.4007, loss_kps: 0.0000, loss: 0.8135
2026-09-10 09:01:49,339 - mmdet - INFO - Epoch [13][750/8725]	lr: 1.000e-03, eta: 3:24:37, time: 0.169, data_time: 0.010, memory: 13424, loss_cls: 0.4283, loss_bbox: 0.3906, loss_kps: 0.0000, loss: 0.8188
2026-09-10 09:01:57,824 - mmdet - INFO - Epoch [13][800/8725]	lr: 1.000e-03, eta: 3:24:28, time: 0.170, data_time: 0.010, memory: 13424, loss_cls: 0.3883, loss_bbox: 0.3839, loss_kps: 0.0000, loss: 0.7722
2026-09-10 09:02:06,336 - mmdet - INFO - Epoch [13][850/8725]	lr: 1.000e-03, eta: 3:24:19, time: 0.170, data_time: 0.010, memory: 13424, loss_cls: 0.4061, loss_bbox: 0.3874, loss_kps: 0.0000, loss: 0.7935
2026-09-10 09:02:14,820 - mmdet - INFO - Epoch [13][900/8725]	lr: 1.000e-03, eta: 3:24:10, time: 0.170, data_time: 0.009, memory: 13424, loss_cls: 0.3745, loss_bbox: 0.3810, loss_kps: 0.0000, loss: 0.7556
2026-09-10 09:02:23,253 - mmdet - INFO - Epoch [13][950/8725]	lr: 1.000e-03, eta: 3:24:01, time: 0.169, data_time: 0.010, memory: 13424, loss_cls: 0.4241, loss_bbox: 0.3981, loss_kps: 0.0000, loss: 0.8223
2026-09-10 09:02:31,808 - mmdet - INFO - Epoch [13][1000/8725]	lr: 1.000e-03, eta: 3:23:51, time: 0.171, data_time: 0.010, memory: 13424, loss_cls: 0.4252, loss_bbox: 0.4178, loss_kps: 0.0000, loss: 0.8430
2026-09-10 09:02:40,258 - mmdet - INFO - Epoch [13][1050/8725]	lr: 1.000e-03, eta: 3:23:42, time: 0.169, data_time: 0.009, memory: 13424, loss_cls: 0.4051, loss_bbox: 0.4064, loss_kps: 0.0000, loss: 0.8116
2026-09-10 09:02:48,740 - mmdet - INFO - Epoch [13][1100/8725]	lr: 1.000e-03, eta: 3:23:33, time: 0.170, data_time: 0.010, memory: 13424, loss_cls: 0.3850, loss_bbox: 0.3832, loss_kps: 0.0000, loss: 0.7683
2026-09-10 09:02:57,189 - mmdet - INFO - Epoch [13][1150/8725]	lr: 1.000e-03, eta: 3:23:24, time: 0.169, data_time: 0.010, memory: 13424, loss_cls: 0.3833, loss_bbox: 0.3919, loss_kps: 0.0000, loss: 0.7752
2026-09-10 09:03:05,621 - mmdet - INFO - Epoch [13][1200/8725]	lr: 1.000e-03, eta: 3:23:15, time: 0.169, data_time: 0.010, memory: 13424, loss_cls: 0.3659, loss_bbox: 0.3606, loss_kps: 0.0000, loss: 0.7265
2026-09-10 09:03:14,098 - mmdet - INFO - Epoch [13][1250/8725]	lr: 1.000e-03, eta: 3:23:06, time: 0.169, data_time: 0.010, memory: 13424, loss_cls: 0.4064, loss_bbox: 0.3809, loss_kps: 0.0000, loss: 0.7873
2026-09-10 09:03:22,602 - mmdet - INFO - Exp name: scrfd_armAA34.py
2026-09-10 09:03:22,602 - mmdet - INFO - Epoch [13][1300/8725]	lr: 1.000e-03, eta: 3:22:56, time: 0.170, data_time: 0.010, memory: 13424, loss_cls: 0.4319, loss_bbox: 0.3891, loss_kps: 0.0000, loss: 0.8211
2026-09-10 09:03:31,047 - mmdet - INFO - Epoch [13][1350/8725]	lr: 1.000e-03, eta: 3:22:47, time: 0.169, data_time: 0.010, memory: 13424, loss_cls: 0.4167, loss_bbox: 0.3859, loss_kps: 0.0000, loss: 0.8026
2026-09-10 09:03:39,485 - mmdet - INFO - Epoch [13][1400/8725]	lr: 1.000e-03, eta: 3:22:38, time: 0.169, data_time: 0.010, memory: 13424, loss_cls: 0.4043, loss_bbox: 0.3904, loss_kps: 0.0000, loss: 0.7947
2026-09-10 09:03:47,940 - mmdet - INFO - Epoch [13][1450/8725]	lr: 1.000e-03, eta: 3:22:29, time: 0.169, data_time: 0.010, memory: 13424, loss_cls: 0.4021, loss_bbox: 0.4004, loss_kps: 0.0000, loss: 0.8025
2026-09-10 09:03:56,381 - mmdet - INFO - Epoch [13][1500/8725]	lr: 1.000e-03, eta: 3:22:20, time: 0.169, data_time: 0.010, memory: 13424, loss_cls: 0.4323, loss_bbox: 0.4063, loss_kps: 0.0000, loss: 0.8386
2026-09-10 09:04:04,872 - mmdet - INFO - Epoch [13][1550/8725]	lr: 1.000e-03, eta: 3:22:11, time: 0.170, data_time: 0.010, memory: 13424, loss_cls: 0.4074, loss_bbox: 0.3790, loss_kps: 0.0000, loss: 0.7864
2026-09-10 09:04:13,333 - mmdet - INFO - Epoch [13][1600/8725]	lr: 1.000e-03, eta: 3:22:01, time: 0.169, data_time: 0.010, memory: 13424, loss_cls: 0.4244, loss_bbox: 0.4115, loss_kps: 0.0000, loss: 0.8358
2026-09-10 09:04:21,839 - mmdet - INFO - Epoch [13][1650/8725]	lr: 1.000e-03, eta: 3:21:52, time: 0.170, data_time: 0.010, memory: 13424, loss_cls: 0.3944, loss_bbox: 0.3881, loss_kps: 0.0000, loss: 0.7825
2026-09-10 09:04:30,298 - mmdet - INFO - Epoch [13][1700/8725]	lr: 1.000e-03, eta: 3:21:43, time: 0.169, data_time: 0.010, memory: 13424, loss_cls: 0.3856, loss_bbox: 0.3754, loss_kps: 0.0000, loss: 0.7610
2026-09-10 09:04:38,782 - mmdet - INFO - Epoch [13][1750/8725]	lr: 1.000e-03, eta: 3:21:34, time: 0.170, data_time: 0.010, memory: 13424, loss_cls: 0.3940, loss_bbox: 0.3897, loss_kps: 0.0000, loss: 0.7837
2026-09-10 09:04:47,234 - mmdet - INFO - Epoch [13][1800/8725]	lr: 1.000e-03, eta: 3:21:25, time: 0.169, data_time: 0.010, memory: 13424, loss_cls: 0.3794, loss_bbox: 0.3645, loss_kps: 0.0000, loss: 0.7439
2026-09-10 09:04:55,670 - mmdet - INFO - Epoch [13][1850/8725]	lr: 1.000e-03, eta: 3:21:16, time: 0.169, data_time: 0.010, memory: 13424, loss_cls: 0.3774, loss_bbox: 0.3758, loss_kps: 0.0000, loss: 0.7532
2026-09-10 09:05:04,183 - mmdet - INFO - Epoch [13][1900/8725]	lr: 1.000e-03, eta: 3:21:07, time: 0.170, data_time: 0.010, memory: 13424, loss_cls: 0.4082, loss_bbox: 0.3954, loss_kps: 0.0000, loss: 0.8037
2026-09-10 09:05:12,664 - mmdet - INFO - Epoch [13][1950/8725]	lr: 1.000e-03, eta: 3:20:57, time: 0.169, data_time: 0.010, memory: 13424, loss_cls: 0.4097, loss_bbox: 0.4001, loss_kps: 0.0000, loss: 0.8098
2026-09-10 09:05:21,146 - mmdet - INFO - Epoch [13][2000/8725]	lr: 1.000e-03, eta: 3:20:48, time: 0.170, data_time: 0.010, memory: 13424, loss_cls: 0.3699, loss_bbox: 0.3758, loss_kps: 0.0000, loss: 0.7457
2026-09-10 09:05:29,674 - mmdet - INFO - Epoch [13][2050/8725]	lr: 1.000e-03, eta: 3:20:39, time: 0.170, data_time: 0.010, memory: 13424, loss_cls: 0.4075, loss_bbox: 0.4004, loss_kps: 0.0000, loss: 0.8079
2026-09-10 09:05:38,155 - mmdet - INFO - Epoch [13][2100/8725]	lr: 1.000e-03, eta: 3:20:30, time: 0.170, data_time: 0.010, memory: 13424, loss_cls: 0.3937, loss_bbox: 0.3915, loss_kps: 0.0000, loss: 0.7852
2026-09-10 09:05:46,583 - mmdet - INFO - Epoch [13][2150/8725]	lr: 1.000e-03, eta: 3:20:21, time: 0.168, data_time: 0.010, memory: 13424, loss_cls: 0.4504, loss_bbox: 0.4220, loss_kps: 0.0000, loss: 0.8724
2026-09-10 09:05:55,054 - mmdet - INFO - Epoch [13][2200/8725]	lr: 1.000e-03, eta: 3:20:12, time: 0.170, data_time: 0.010, memory: 13424, loss_cls: 0.4122, loss_bbox: 0.3991, loss_kps: 0.0000, loss: 0.8113
2026-09-10 09:06:03,509 - mmdet - INFO - Epoch [13][2250/8725]	lr: 1.000e-03, eta: 3:20:03, time: 0.169, data_time: 0.010, memory: 13424, loss_cls: 0.3677, loss_bbox: 0.3878, loss_kps: 0.0000, loss: 0.7555
2026-09-10 09:06:11,972 - mmdet - INFO - Exp name: scrfd_armAA34.py
2026-09-10 09:06:11,972 - mmdet - INFO - Epoch [13][2300/8725]	lr: 1.000e-03, eta: 3:19:53, time: 0.169, data_time: 0.010, memory: 13424, loss_cls: 0.4143, loss_bbox: 0.3950, loss_kps: 0.0000, loss: 0.8093
2026-09-10 09:06:20,406 - mmdet - INFO - Epoch [13][2350/8725]	lr: 1.000e-03, eta: 3:19:44, time: 0.169, data_time: 0.010, memory: 13424, loss_cls: 0.4298, loss_bbox: 0.4036, loss_kps: 0.0000, loss: 0.8334
2026-09-10 09:06:28,895 - mmdet - INFO - Epoch [13][2400/8725]	lr: 1.000e-03, eta: 3:19:35, time: 0.170, data_time: 0.010, memory: 13424, loss_cls: 0.4183, loss_bbox: 0.3947, loss_kps: 0.0000, loss: 0.8131
2026-09-10 09:06:37,395 - mmdet - INFO - Epoch [13][2450/8725]	lr: 1.000e-03, eta: 3:19:26, time: 0.170, data_time: 0.009, memory: 13424, loss_cls: 0.4060, loss_bbox: 0.3804, loss_kps: 0.0000, loss: 0.7864
2026-09-10 09:06:45,848 - mmdet - INFO - Epoch [13][2500/8725]	lr: 1.000e-03, eta: 3:19:17, time: 0.169, data_time: 0.010, memory: 13424, loss_cls: 0.4075, loss_bbox: 0.3822, loss_kps: 0.0000, loss: 0.7897
2026-09-10 09:06:54,317 - mmdet - INFO - Epoch [13][2550/8725]	lr: 1.000e-03, eta: 3:19:08, time: 0.169, data_time: 0.009, memory: 13424, loss_cls: 0.4084, loss_bbox: 0.3983, loss_kps: 0.0000, loss: 0.8067
2026-09-10 09:07:02,890 - mmdet - INFO - Epoch [13][2600/8725]	lr: 1.000e-03, eta: 3:18:59, time: 0.172, data_time: 0.010, memory: 13424, loss_cls: 0.3813, loss_bbox: 0.3858, loss_kps: 0.0000, loss: 0.7671
2026-09-10 09:07:11,457 - mmdet - INFO - Epoch [13][2650/8725]	lr: 1.000e-03, eta: 3:18:50, time: 0.171, data_time: 0.010, memory: 13424, loss_cls: 0.4305, loss_bbox: 0.4032, loss_kps: 0.0000, loss: 0.8337
2026-09-10 09:07:19,946 - mmdet - INFO - Epoch [13][2700/8725]	lr: 1.000e-03, eta: 3:18:40, time: 0.170, data_time: 0.010, memory: 13424, loss_cls: 0.4030, loss_bbox: 0.4096, loss_kps: 0.0000, loss: 0.8126
2026-09-10 09:07:28,423 - mmdet - INFO - Epoch [13][2750/8725]	lr: 1.000e-03, eta: 3:18:31, time: 0.169, data_time: 0.010, memory: 13424, loss_cls: 0.3830, loss_bbox: 0.3729, loss_kps: 0.0000, loss: 0.7559
2026-09-10 09:07:36,857 - mmdet - INFO - Epoch [13][2800/8725]	lr: 1.000e-03, eta: 3:18:22, time: 0.169, data_time: 0.010, memory: 13424, loss_cls: 0.4478, loss_bbox: 0.4198, loss_kps: 0.0000, loss: 0.8676
2026-09-10 09:07:45,375 - mmdet - INFO - Epoch [13][2850/8725]	lr: 1.000e-03, eta: 3:18:13, time: 0.170, data_time: 0.010, memory: 13424, loss_cls: 0.4282, loss_bbox: 0.4089, loss_kps: 0.0000, loss: 0.8372
2026-09-10 09:07:53,847 - mmdet - INFO - Epoch [13][2900/8725]	lr: 1.000e-03, eta: 3:18:04, time: 0.170, data_time: 0.010, memory: 13424, loss_cls: 0.4605, loss_bbox: 0.3949, loss_kps: 0.0000, loss: 0.8554
2026-09-10 09:08:02,244 - mmdet - INFO - Epoch [13][2950/8725]	lr: 1.000e-03, eta: 3:17:55, time: 0.168, data_time: 0.010, memory: 13424, loss_cls: 0.4130, loss_bbox: 0.3929, loss_kps: 0.0000, loss: 0.8059
2026-09-10 09:08:10,776 - mmdet - INFO - Epoch [13][3000/8725]	lr: 1.000e-03, eta: 3:17:46, time: 0.171, data_time: 0.010, memory: 13424, loss_cls: 0.3943, loss_bbox: 0.3753, loss_kps: 0.0000, loss: 0.7696
2026-09-10 09:08:19,482 - mmdet - INFO - Epoch [13][3050/8725]	lr: 1.000e-03, eta: 3:17:37, time: 0.174, data_time: 0.010, memory: 13424, loss_cls: 0.3769, loss_bbox: 0.3802, loss_kps: 0.0000, loss: 0.7571
2026-09-10 09:08:27,918 - mmdet - INFO - Epoch [13][3100/8725]	lr: 1.000e-03, eta: 3:17:27, time: 0.169, data_time: 0.010, memory: 13424, loss_cls: 0.3745, loss_bbox: 0.4062, loss_kps: 0.0000, loss: 0.7807
2026-09-10 09:08:36,359 - mmdet - INFO - Epoch [13][3150/8725]	lr: 1.000e-03, eta: 3:17:18, time: 0.169, data_time: 0.010, memory: 13424, loss_cls: 0.4342, loss_bbox: 0.3910, loss_kps: 0.0000, loss: 0.8251
2026-09-10 09:08:44,855 - mmdet - INFO - Epoch [13][3200/8725]	lr: 1.000e-03, eta: 3:17:09, time: 0.170, data_time: 0.010, memory: 13424, loss_cls: 0.4076, loss_bbox: 0.4047, loss_kps: 0.0000, loss: 0.8123
2026-09-10 09:08:53,282 - mmdet - INFO - Epoch [13][3250/8725]	lr: 1.000e-03, eta: 3:17:00, time: 0.168, data_time: 0.010, memory: 13424, loss_cls: 0.3958, loss_bbox: 0.3697, loss_kps: 0.0000, loss: 0.7655
2026-09-10 09:09:01,718 - mmdet - INFO - Exp name: scrfd_armAA34.py
2026-09-10 09:09:01,718 - mmdet - INFO - Epoch [13][3300/8725]	lr: 1.000e-03, eta: 3:16:51, time: 0.169, data_time: 0.010, memory: 13424, loss_cls: 0.3858, loss_bbox: 0.3615, loss_kps: 0.0000, loss: 0.7473
2026-09-10 09:09:10,213 - mmdet - INFO - Epoch [13][3350/8725]	lr: 1.000e-03, eta: 3:16:42, time: 0.170, data_time: 0.010, memory: 13424, loss_cls: 0.4258, loss_bbox: 0.3827, loss_kps: 0.0000, loss: 0.8084
2026-09-10 09:09:18,654 - mmdet - INFO - Epoch [13][3400/8725]	lr: 1.000e-03, eta: 3:16:33, time: 0.169, data_time: 0.010, memory: 13424, loss_cls: 0.3783, loss_bbox: 0.3813, loss_kps: 0.0000, loss: 0.7595
2026-09-10 09:09:27,076 - mmdet - INFO - Epoch [13][3450/8725]	lr: 1.000e-03, eta: 3:16:23, time: 0.168, data_time: 0.010, memory: 13424, loss_cls: 0.4394, loss_bbox: 0.4000, loss_kps: 0.0000, loss: 0.8395
2026-09-10 09:09:35,510 - mmdet - INFO - Epoch [13][3500/8725]	lr: 1.000e-03, eta: 3:16:14, time: 0.169, data_time: 0.010, memory: 13424, loss_cls: 0.3986, loss_bbox: 0.3968, loss_kps: 0.0000, loss: 0.7955
2026-09-10 09:09:43,947 - mmdet - INFO - Epoch [13][3550/8725]	lr: 1.000e-03, eta: 3:16:05, time: 0.169, data_time: 0.010, memory: 13424, loss_cls: 0.3875, loss_bbox: 0.3493, loss_kps: 0.0000, loss: 0.7368
2026-09-10 09:09:52,398 - mmdet - INFO - Epoch [13][3600/8725]	lr: 1.000e-03, eta: 3:15:56, time: 0.169, data_time: 0.010, memory: 13424, loss_cls: 0.4025, loss_bbox: 0.3734, loss_kps: 0.0000, loss: 0.7759
2026-09-10 09:10:00,865 - mmdet - INFO - Epoch [13][3650/8725]	lr: 1.000e-03, eta: 3:15:47, time: 0.169, data_time: 0.010, memory: 13424, loss_cls: 0.4165, loss_bbox: 0.3837, loss_kps: 0.0000, loss: 0.8002
2026-09-10 09:10:09,327 - mmdet - INFO - Epoch [13][3700/8725]	lr: 1.000e-03, eta: 3:15:38, time: 0.169, data_time: 0.010, memory: 13424, loss_cls: 0.4323, loss_bbox: 0.4174, loss_kps: 0.0000, loss: 0.8496
2026-09-10 09:10:17,775 - mmdet - INFO - Epoch [13][3750/8725]	lr: 1.000e-03, eta: 3:15:29, time: 0.169, data_time: 0.010, memory: 13424, loss_cls: 0.3963, loss_bbox: 0.3861, loss_kps: 0.0000, loss: 0.7824
2026-09-10 09:10:26,301 - mmdet - INFO - Epoch [13][3800/8725]	lr: 1.000e-03, eta: 3:15:19, time: 0.171, data_time: 0.010, memory: 13424, loss_cls: 0.4247, loss_bbox: 0.3832, loss_kps: 0.0000, loss: 0.8079
2026-09-10 09:10:34,698 - mmdet - INFO - Epoch [13][3850/8725]	lr: 1.000e-03, eta: 3:15:10, time: 0.168, data_time: 0.010, memory: 13424, loss_cls: 0.3964, loss_bbox: 0.4006, loss_kps: 0.0000, loss: 0.7970
2026-09-10 09:10:43,124 - mmdet - INFO - Epoch [13][3900/8725]	lr: 1.000e-03, eta: 3:15:01, time: 0.169, data_time: 0.010, memory: 13424, loss_cls: 0.4075, loss_bbox: 0.3990, loss_kps: 0.0000, loss: 0.8065
2026-09-10 09:10:51,570 - mmdet - INFO - Epoch [13][3950/8725]	lr: 1.000e-03, eta: 3:14:52, time: 0.169, data_time: 0.010, memory: 13424, loss_cls: 0.4143, loss_bbox: 0.3800, loss_kps: 0.0000, loss: 0.7942
2026-09-10 09:11:00,028 - mmdet - INFO - Epoch [13][4000/8725]	lr: 1.000e-03, eta: 3:14:43, time: 0.169, data_time: 0.010, memory: 13424, loss_cls: 0.4083, loss_bbox: 0.4096, loss_kps: 0.0000, loss: 0.8179
2026-09-10 09:11:08,494 - mmdet - INFO - Epoch [13][4050/8725]	lr: 1.000e-03, eta: 3:14:34, time: 0.169, data_time: 0.010, memory: 13424, loss_cls: 0.4655, loss_bbox: 0.3934, loss_kps: 0.0000, loss: 0.8588
2026-09-10 09:11:16,961 - mmdet - INFO - Epoch [13][4100/8725]	lr: 1.000e-03, eta: 3:14:25, time: 0.169, data_time: 0.010, memory: 13424, loss_cls: 0.4343, loss_bbox: 0.3800, loss_kps: 0.0000, loss: 0.8144
2026-09-10 09:11:25,436 - mmdet - INFO - Epoch [13][4150/8725]	lr: 1.000e-03, eta: 3:14:15, time: 0.169, data_time: 0.010, memory: 13424, loss_cls: 0.4004, loss_bbox: 0.3875, loss_kps: 0.0000, loss: 0.7878
2026-09-10 09:11:33,891 - mmdet - INFO - Epoch [13][4200/8725]	lr: 1.000e-03, eta: 3:14:06, time: 0.169, data_time: 0.010, memory: 13424, loss_cls: 0.3941, loss_bbox: 0.3835, loss_kps: 0.0000, loss: 0.7776
2026-09-10 09:11:42,326 - mmdet - INFO - Epoch [13][4250/8725]	lr: 1.000e-03, eta: 3:13:57, time: 0.169, data_time: 0.010, memory: 13424, loss_cls: 0.3628, loss_bbox: 0.3922, loss_kps: 0.0000, loss: 0.7550
2026-09-10 09:11:50,756 - mmdet - INFO - Exp name: scrfd_armAA34.py
2026-09-10 09:11:50,756 - mmdet - INFO - Epoch [13][4300/8725]	lr: 1.000e-03, eta: 3:13:48, time: 0.169, data_time: 0.010, memory: 13424, loss_cls: 0.4015, loss_bbox: 0.3751, loss_kps: 0.0000, loss: 0.7766
2026-09-10 09:11:59,214 - mmdet - INFO - Epoch [13][4350/8725]	lr: 1.000e-03, eta: 3:13:39, time: 0.169, data_time: 0.009, memory: 13424, loss_cls: 0.4226, loss_bbox: 0.3930, loss_kps: 0.0000, loss: 0.8156
2026-09-10 09:12:07,728 - mmdet - INFO - Epoch [13][4400/8725]	lr: 1.000e-03, eta: 3:13:30, time: 0.170, data_time: 0.010, memory: 13424, loss_cls: 0.3997, loss_bbox: 0.3893, loss_kps: 0.0000, loss: 0.7889
2026-09-10 09:12:16,215 - mmdet - INFO - Epoch [13][4450/8725]	lr: 1.000e-03, eta: 3:13:21, time: 0.170, data_time: 0.010, memory: 13424, loss_cls: 0.4022, loss_bbox: 0.3953, loss_kps: 0.0000, loss: 0.7974
2026-09-10 09:12:24,666 - mmdet - INFO - Epoch [13][4500/8725]	lr: 1.000e-03, eta: 3:13:12, time: 0.169, data_time: 0.010, memory: 13424, loss_cls: 0.4272, loss_bbox: 0.4047, loss_kps: 0.0000, loss: 0.8319
2026-09-10 09:12:33,195 - mmdet - INFO - Epoch [13][4550/8725]	lr: 1.000e-03, eta: 3:13:03, time: 0.170, data_time: 0.010, memory: 13424, loss_cls: 0.4172, loss_bbox: 0.3788, loss_kps: 0.0000, loss: 0.7960
2026-09-10 09:12:41,654 - mmdet - INFO - Epoch [13][4600/8725]	lr: 1.000e-03, eta: 3:12:53, time: 0.169, data_time: 0.010, memory: 13424, loss_cls: 0.3623, loss_bbox: 0.3699, loss_kps: 0.0000, loss: 0.7321
2026-09-10 09:12:50,125 - mmdet - INFO - Epoch [13][4650/8725]	lr: 1.000e-03, eta: 3:12:44, time: 0.169, data_time: 0.010, memory: 13424, loss_cls: 0.4162, loss_bbox: 0.3928, loss_kps: 0.0000, loss: 0.8090
2026-09-10 09:12:58,577 - mmdet - INFO - Epoch [13][4700/8725]	lr: 1.000e-03, eta: 3:12:35, time: 0.169, data_time: 0.010, memory: 13424, loss_cls: 0.4426, loss_bbox: 0.3964, loss_kps: 0.0000, loss: 0.8390
2026-09-10 09:13:07,053 - mmdet - INFO - Epoch [13][4750/8725]	lr: 1.000e-03, eta: 3:12:26, time: 0.169, data_time: 0.010, memory: 13424, loss_cls: 0.4240, loss_bbox: 0.4123, loss_kps: 0.0000, loss: 0.8363
2026-09-10 09:13:15,496 - mmdet - INFO - Epoch [13][4800/8725]	lr: 1.000e-03, eta: 3:12:17, time: 0.169, data_time: 0.010, memory: 13424, loss_cls: 0.4078, loss_bbox: 0.3861, loss_kps: 0.0000, loss: 0.7939
2026-09-10 09:13:24,175 - mmdet - INFO - Epoch [13][4850/8725]	lr: 1.000e-03, eta: 3:12:08, time: 0.173, data_time: 0.010, memory: 13424, loss_cls: 0.4157, loss_bbox: 0.3991, loss_kps: 0.0000, loss: 0.8147
2026-09-10 09:13:32,714 - mmdet - INFO - Epoch [13][4900/8725]	lr: 1.000e-03, eta: 3:11:59, time: 0.171, data_time: 0.010, memory: 13424, loss_cls: 0.4318, loss_bbox: 0.3986, loss_kps: 0.0000, loss: 0.8304
2026-09-10 09:13:41,210 - mmdet - INFO - Epoch [13][4950/8725]	lr: 1.000e-03, eta: 3:11:50, time: 0.170, data_time: 0.010, memory: 13424, loss_cls: 0.4095, loss_bbox: 0.4139, loss_kps: 0.0000, loss: 0.8234
2026-09-10 09:13:49,662 - mmdet - INFO - Epoch [13][5000/8725]	lr: 1.000e-03, eta: 3:11:41, time: 0.169, data_time: 0.010, memory: 13424, loss_cls: 0.3818, loss_bbox: 0.3830, loss_kps: 0.0000, loss: 0.7648
2026-09-10 09:13:58,118 - mmdet - INFO - Epoch [13][5050/8725]	lr: 1.000e-03, eta: 3:11:32, time: 0.169, data_time: 0.010, memory: 13424, loss_cls: 0.3851, loss_bbox: 0.3784, loss_kps: 0.0000, loss: 0.7635
2026-09-10 09:14:06,605 - mmdet - INFO - Epoch [13][5100/8725]	lr: 1.000e-03, eta: 3:11:22, time: 0.170, data_time: 0.010, memory: 13424, loss_cls: 0.3987, loss_bbox: 0.4163, loss_kps: 0.0000, loss: 0.8150
2026-09-10 09:14:15,025 - mmdet - INFO - Epoch [13][5150/8725]	lr: 1.000e-03, eta: 3:11:13, time: 0.168, data_time: 0.009, memory: 13424, loss_cls: 0.3941, loss_bbox: 0.3914, loss_kps: 0.0000, loss: 0.7855
2026-09-10 09:14:23,507 - mmdet - INFO - Epoch [13][5200/8725]	lr: 1.000e-03, eta: 3:11:04, time: 0.170, data_time: 0.010, memory: 13424, loss_cls: 0.4139, loss_bbox: 0.3812, loss_kps: 0.0000, loss: 0.7952
2026-09-10 09:14:31,962 - mmdet - INFO - Epoch [13][5250/8725]	lr: 1.000e-03, eta: 3:10:55, time: 0.169, data_time: 0.010, memory: 13424, loss_cls: 0.4172, loss_bbox: 0.3990, loss_kps: 0.0000, loss: 0.8162
2026-09-10 09:14:40,427 - mmdet - INFO - Exp name: scrfd_armAA34.py
2026-09-10 09:14:40,428 - mmdet - INFO - Epoch [13][5300/8725]	lr: 1.000e-03, eta: 3:10:46, time: 0.169, data_time: 0.010, memory: 13424, loss_cls: 0.4276, loss_bbox: 0.3960, loss_kps: 0.0000, loss: 0.8236
2026-09-10 09:14:48,859 - mmdet - INFO - Epoch [13][5350/8725]	lr: 1.000e-03, eta: 3:10:37, time: 0.169, data_time: 0.010, memory: 13424, loss_cls: 0.4070, loss_bbox: 0.3811, loss_kps: 0.0000, loss: 0.7881
2026-09-10 09:14:57,349 - mmdet - INFO - Epoch [13][5400/8725]	lr: 1.000e-03, eta: 3:10:28, time: 0.170, data_time: 0.010, memory: 13424, loss_cls: 0.3996, loss_bbox: 0.3929, loss_kps: 0.0000, loss: 0.7925
2026-09-10 09:15:05,848 - mmdet - INFO - Epoch [13][5450/8725]	lr: 1.000e-03, eta: 3:10:19, time: 0.170, data_time: 0.010, memory: 13424, loss_cls: 0.4038, loss_bbox: 0.3850, loss_kps: 0.0000, loss: 0.7888
2026-09-10 09:15:14,284 - mmdet - INFO - Epoch [13][5500/8725]	lr: 1.000e-03, eta: 3:10:09, time: 0.169, data_time: 0.010, memory: 13424, loss_cls: 0.4434, loss_bbox: 0.3905, loss_kps: 0.0000, loss: 0.8339
2026-09-10 09:15:22,791 - mmdet - INFO - Epoch [13][5550/8725]	lr: 1.000e-03, eta: 3:10:00, time: 0.170, data_time: 0.010, memory: 13424, loss_cls: 0.3808, loss_bbox: 0.3855, loss_kps: 0.0000, loss: 0.7664
2026-09-10 09:15:31,420 - mmdet - INFO - Epoch [13][5600/8725]	lr: 1.000e-03, eta: 3:09:51, time: 0.173, data_time: 0.010, memory: 13424, loss_cls: 0.3994, loss_bbox: 0.3818, loss_kps: 0.0000, loss: 0.7813
2026-09-10 09:15:40,270 - mmdet - INFO - Epoch [13][5650/8725]	lr: 1.000e-03, eta: 3:09:42, time: 0.177, data_time: 0.010, memory: 13424, loss_cls: 0.3967, loss_bbox: 0.3846, loss_kps: 0.0000, loss: 0.7813
2026-09-10 09:15:48,748 - mmdet - INFO - Epoch [13][5700/8725]	lr: 1.000e-03, eta: 3:09:33, time: 0.170, data_time: 0.010, memory: 13424, loss_cls: 0.4190, loss_bbox: 0.4204, loss_kps: 0.0000, loss: 0.8395
2026-09-10 09:15:57,296 - mmdet - INFO - Epoch [13][5750/8725]	lr: 1.000e-03, eta: 3:09:24, time: 0.171, data_time: 0.010, memory: 13424, loss_cls: 0.4226, loss_bbox: 0.3866, loss_kps: 0.0000, loss: 0.8092
2026-09-10 09:16:05,768 - mmdet - INFO - Epoch [13][5800/8725]	lr: 1.000e-03, eta: 3:09:15, time: 0.170, data_time: 0.010, memory: 13424, loss_cls: 0.3720, loss_bbox: 0.3901, loss_kps: 0.0000, loss: 0.7621
2026-09-10 09:16:14,285 - mmdet - INFO - Epoch [13][5850/8725]	lr: 1.000e-03, eta: 3:09:06, time: 0.170, data_time: 0.010, memory: 13424, loss_cls: 0.3925, loss_bbox: 0.3860, loss_kps: 0.0000, loss: 0.7785
2026-09-10 09:16:22,761 - mmdet - INFO - Epoch [13][5900/8725]	lr: 1.000e-03, eta: 3:08:57, time: 0.170, data_time: 0.010, memory: 13424, loss_cls: 0.4082, loss_bbox: 0.3935, loss_kps: 0.0000, loss: 0.8017
2026-09-10 09:16:31,257 - mmdet - INFO - Epoch [13][5950/8725]	lr: 1.000e-03, eta: 3:08:48, time: 0.170, data_time: 0.010, memory: 13424, loss_cls: 0.3813, loss_bbox: 0.4004, loss_kps: 0.0000, loss: 0.7818
2026-09-10 09:16:39,716 - mmdet - INFO - Epoch [13][6000/8725]	lr: 1.000e-03, eta: 3:08:39, time: 0.169, data_time: 0.010, memory: 13424, loss_cls: 0.4316, loss_bbox: 0.4016, loss_kps: 0.0000, loss: 0.8332
2026-09-10 09:16:48,147 - mmdet - INFO - Epoch [13][6050/8725]	lr: 1.000e-03, eta: 3:08:30, time: 0.168, data_time: 0.010, memory: 13424, loss_cls: 0.4208, loss_bbox: 0.3837, loss_kps: 0.0000, loss: 0.8045
2026-09-10 09:16:56,629 - mmdet - INFO - Epoch [13][6100/8725]	lr: 1.000e-03, eta: 3:08:21, time: 0.170, data_time: 0.010, memory: 13424, loss_cls: 0.3887, loss_bbox: 0.3825, loss_kps: 0.0000, loss: 0.7713
2026-09-10 09:17:05,098 - mmdet - INFO - Epoch [13][6150/8725]	lr: 1.000e-03, eta: 3:08:12, time: 0.169, data_time: 0.009, memory: 13424, loss_cls: 0.4037, loss_bbox: 0.3871, loss_kps: 0.0000, loss: 0.7909
2026-09-10 09:17:13,601 - mmdet - INFO - Epoch [13][6200/8725]	lr: 1.000e-03, eta: 3:08:02, time: 0.170, data_time: 0.010, memory: 13424, loss_cls: 0.4069, loss_bbox: 0.3987, loss_kps: 0.0000, loss: 0.8057
2026-09-10 09:17:22,045 - mmdet - INFO - Epoch [13][6250/8725]	lr: 1.000e-03, eta: 3:07:53, time: 0.169, data_time: 0.010, memory: 13424, loss_cls: 0.3985, loss_bbox: 0.3959, loss_kps: 0.0000, loss: 0.7944
2026-09-10 09:17:30,513 - mmdet - INFO - Exp name: scrfd_armAA34.py
2026-09-10 09:17:30,514 - mmdet - INFO - Epoch [13][6300/8725]	lr: 1.000e-03, eta: 3:07:44, time: 0.169, data_time: 0.010, memory: 13424, loss_cls: 0.4192, loss_bbox: 0.4123, loss_kps: 0.0000, loss: 0.8315
2026-09-10 09:17:39,041 - mmdet - INFO - Epoch [13][6350/8725]	lr: 1.000e-03, eta: 3:07:35, time: 0.170, data_time: 0.010, memory: 13424, loss_cls: 0.3869, loss_bbox: 0.3768, loss_kps: 0.0000, loss: 0.7637
2026-09-10 09:17:47,462 - mmdet - INFO - Epoch [13][6400/8725]	lr: 1.000e-03, eta: 3:07:26, time: 0.168, data_time: 0.010, memory: 13424, loss_cls: 0.3980, loss_bbox: 0.3939, loss_kps: 0.0000, loss: 0.7919
2026-09-10 09:17:55,909 - mmdet - INFO - Epoch [13][6450/8725]	lr: 1.000e-03, eta: 3:07:17, time: 0.169, data_time: 0.010, memory: 13424, loss_cls: 0.4292, loss_bbox: 0.4085, loss_kps: 0.0000, loss: 0.8377
2026-09-10 09:18:04,356 - mmdet - INFO - Epoch [13][6500/8725]	lr: 1.000e-03, eta: 3:07:08, time: 0.169, data_time: 0.010, memory: 13424, loss_cls: 0.4263, loss_bbox: 0.3921, loss_kps: 0.0000, loss: 0.8185
2026-09-10 09:18:12,757 - mmdet - INFO - Epoch [13][6550/8725]	lr: 1.000e-03, eta: 3:06:59, time: 0.168, data_time: 0.009, memory: 13424, loss_cls: 0.4084, loss_bbox: 0.3793, loss_kps: 0.0000, loss: 0.7877
2026-09-10 09:18:21,212 - mmdet - INFO - Epoch [13][6600/8725]	lr: 1.000e-03, eta: 3:06:50, time: 0.169, data_time: 0.010, memory: 13424, loss_cls: 0.4124, loss_bbox: 0.3941, loss_kps: 0.0000, loss: 0.8065
2026-09-10 09:18:29,655 - mmdet - INFO - Epoch [13][6650/8725]	lr: 1.000e-03, eta: 3:06:40, time: 0.169, data_time: 0.010, memory: 13424, loss_cls: 0.3909, loss_bbox: 0.3756, loss_kps: 0.0000, loss: 0.7665
2026-09-10 09:18:38,103 - mmdet - INFO - Epoch [13][6700/8725]	lr: 1.000e-03, eta: 3:06:31, time: 0.169, data_time: 0.010, memory: 13424, loss_cls: 0.4308, loss_bbox: 0.4048, loss_kps: 0.0000, loss: 0.8356
2026-09-10 09:18:46,573 - mmdet - INFO - Epoch [13][6750/8725]	lr: 1.000e-03, eta: 3:06:22, time: 0.169, data_time: 0.010, memory: 13424, loss_cls: 0.4305, loss_bbox: 0.4108, loss_kps: 0.0000, loss: 0.8413
2026-09-10 09:18:55,076 - mmdet - INFO - Epoch [13][6800/8725]	lr: 1.000e-03, eta: 3:06:13, time: 0.170, data_time: 0.010, memory: 13424, loss_cls: 0.4404, loss_bbox: 0.3954, loss_kps: 0.0000, loss: 0.8357
2026-09-10 09:19:03,641 - mmdet - INFO - Epoch [13][6850/8725]	lr: 1.000e-03, eta: 3:06:04, time: 0.171, data_time: 0.010, memory: 13424, loss_cls: 0.3893, loss_bbox: 0.3723, loss_kps: 0.0000, loss: 0.7616
2026-09-10 09:19:12,139 - mmdet - INFO - Epoch [13][6900/8725]	lr: 1.000e-03, eta: 3:05:55, time: 0.170, data_time: 0.010, memory: 13424, loss_cls: 0.3737, loss_bbox: 0.3748, loss_kps: 0.0000, loss: 0.7485
2026-09-10 09:19:20,583 - mmdet - INFO - Epoch [13][6950/8725]	lr: 1.000e-03, eta: 3:05:46, time: 0.169, data_time: 0.009, memory: 13424, loss_cls: 0.3808, loss_bbox: 0.3838, loss_kps: 0.0000, loss: 0.7645
2026-09-10 09:19:29,043 - mmdet - INFO - Epoch [13][7000/8725]	lr: 1.000e-03, eta: 3:05:37, time: 0.169, data_time: 0.010, memory: 13424, loss_cls: 0.3945, loss_bbox: 0.3927, loss_kps: 0.0000, loss: 0.7871
2026-09-10 09:19:37,555 - mmdet - INFO - Epoch [13][7050/8725]	lr: 1.000e-03, eta: 3:05:28, time: 0.170, data_time: 0.009, memory: 13424, loss_cls: 0.4135, loss_bbox: 0.3756, loss_kps: 0.0000, loss: 0.7890
2026-09-10 09:19:46,107 - mmdet - INFO - Epoch [13][7100/8725]	lr: 1.000e-03, eta: 3:05:19, time: 0.171, data_time: 0.010, memory: 13424, loss_cls: 0.4177, loss_bbox: 0.4165, loss_kps: 0.0000, loss: 0.8341
2026-09-10 09:19:54,532 - mmdet - INFO - Epoch [13][7150/8725]	lr: 1.000e-03, eta: 3:05:10, time: 0.168, data_time: 0.009, memory: 13424, loss_cls: 0.4254, loss_bbox: 0.3793, loss_kps: 0.0000, loss: 0.8048
2026-09-10 09:20:02,970 - mmdet - INFO - Epoch [13][7200/8725]	lr: 1.000e-03, eta: 3:05:01, time: 0.169, data_time: 0.010, memory: 13424, loss_cls: 0.3843, loss_bbox: 0.3783, loss_kps: 0.0000, loss: 0.7626
2026-09-10 09:20:11,408 - mmdet - INFO - Epoch [13][7250/8725]	lr: 1.000e-03, eta: 3:04:51, time: 0.169, data_time: 0.009, memory: 13424, loss_cls: 0.3948, loss_bbox: 0.3928, loss_kps: 0.0000, loss: 0.7876
2026-09-10 09:20:19,842 - mmdet - INFO - Exp name: scrfd_armAA34.py
2026-09-10 09:20:19,843 - mmdet - INFO - Epoch [13][7300/8725]	lr: 1.000e-03, eta: 3:04:42, time: 0.169, data_time: 0.009, memory: 13424, loss_cls: 0.4054, loss_bbox: 0.3743, loss_kps: 0.0000, loss: 0.7797
2026-09-10 09:20:28,313 - mmdet - INFO - Epoch [13][7350/8725]	lr: 1.000e-03, eta: 3:04:33, time: 0.169, data_time: 0.010, memory: 13424, loss_cls: 0.3932, loss_bbox: 0.3664, loss_kps: 0.0000, loss: 0.7597
2026-09-10 09:20:36,800 - mmdet - INFO - Epoch [13][7400/8725]	lr: 1.000e-03, eta: 3:04:24, time: 0.170, data_time: 0.009, memory: 13424, loss_cls: 0.4369, loss_bbox: 0.3937, loss_kps: 0.0000, loss: 0.8306
2026-09-10 09:20:45,269 - mmdet - INFO - Epoch [13][7450/8725]	lr: 1.000e-03, eta: 3:04:15, time: 0.169, data_time: 0.009, memory: 13424, loss_cls: 0.3617, loss_bbox: 0.3646, loss_kps: 0.0000, loss: 0.7263
2026-09-10 09:20:53,733 - mmdet - INFO - Epoch [13][7500/8725]	lr: 1.000e-03, eta: 3:04:06, time: 0.169, data_time: 0.009, memory: 13424, loss_cls: 0.4267, loss_bbox: 0.3954, loss_kps: 0.0000, loss: 0.8222
2026-09-10 09:21:02,215 - mmdet - INFO - Epoch [13][7550/8725]	lr: 1.000e-03, eta: 3:03:57, time: 0.170, data_time: 0.009, memory: 13424, loss_cls: 0.4168, loss_bbox: 0.3851, loss_kps: 0.0000, loss: 0.8020
2026-09-10 09:21:10,752 - mmdet - INFO - Epoch [13][7600/8725]	lr: 1.000e-03, eta: 3:03:48, time: 0.171, data_time: 0.009, memory: 13424, loss_cls: 0.4340, loss_bbox: 0.3963, loss_kps: 0.0000, loss: 0.8303
2026-09-10 09:21:19,252 - mmdet - INFO - Epoch [13][7650/8725]	lr: 1.000e-03, eta: 3:03:39, time: 0.170, data_time: 0.009, memory: 13424, loss_cls: 0.4625, loss_bbox: 0.3906, loss_kps: 0.0000, loss: 0.8531
2026-09-10 09:21:27,764 - mmdet - INFO - Epoch [13][7700/8725]	lr: 1.000e-03, eta: 3:03:30, time: 0.170, data_time: 0.009, memory: 13424, loss_cls: 0.4091, loss_bbox: 0.3886, loss_kps: 0.0000, loss: 0.7977
2026-09-10 09:21:36,243 - mmdet - INFO - Epoch [13][7750/8725]	lr: 1.000e-03, eta: 3:03:21, time: 0.169, data_time: 0.010, memory: 13424, loss_cls: 0.4039, loss_bbox: 0.3954, loss_kps: 0.0000, loss: 0.7993
2026-09-10 09:21:44,660 - mmdet - INFO - Epoch [13][7800/8725]	lr: 1.000e-03, eta: 3:03:12, time: 0.168, data_time: 0.010, memory: 13424, loss_cls: 0.3997, loss_bbox: 0.3961, loss_kps: 0.0000, loss: 0.7958
2026-09-10 09:21:53,156 - mmdet - INFO - Epoch [13][7850/8725]	lr: 1.000e-03, eta: 3:03:02, time: 0.170, data_time: 0.010, memory: 13424, loss_cls: 0.4337, loss_bbox: 0.4074, loss_kps: 0.0000, loss: 0.8411
2026-09-10 09:22:01,629 - mmdet - INFO - Epoch [13][7900/8725]	lr: 1.000e-03, eta: 3:02:53, time: 0.169, data_time: 0.010, memory: 13424, loss_cls: 0.4132, loss_bbox: 0.4102, loss_kps: 0.0000, loss: 0.8234
2026-09-10 09:22:10,109 - mmdet - INFO - Epoch [13][7950/8725]	lr: 1.000e-03, eta: 3:02:44, time: 0.170, data_time: 0.010, memory: 13424, loss_cls: 0.3974, loss_bbox: 0.3920, loss_kps: 0.0000, loss: 0.7895
2026-09-10 09:22:18,554 - mmdet - INFO - Epoch [13][8000/8725]	lr: 1.000e-03, eta: 3:02:35, time: 0.169, data_time: 0.010, memory: 13424, loss_cls: 0.4250, loss_bbox: 0.4030, loss_kps: 0.0000, loss: 0.8279
2026-09-10 09:22:26,990 - mmdet - INFO - Epoch [13][8050/8725]	lr: 1.000e-03, eta: 3:02:26, time: 0.169, data_time: 0.010, memory: 13424, loss_cls: 0.3781, loss_bbox: 0.3914, loss_kps: 0.0000, loss: 0.7696
2026-09-10 09:22:35,430 - mmdet - INFO - Epoch [13][8100/8725]	lr: 1.000e-03, eta: 3:02:17, time: 0.169, data_time: 0.010, memory: 13424, loss_cls: 0.4257, loss_bbox: 0.4059, loss_kps: 0.0000, loss: 0.8317
2026-09-10 09:22:43,878 - mmdet - INFO - Epoch [13][8150/8725]	lr: 1.000e-03, eta: 3:02:08, time: 0.169, data_time: 0.010, memory: 13424, loss_cls: 0.4366, loss_bbox: 0.4059, loss_kps: 0.0000, loss: 0.8426
2026-09-10 09:22:52,359 - mmdet - INFO - Epoch [13][8200/8725]	lr: 1.000e-03, eta: 3:01:59, time: 0.170, data_time: 0.010, memory: 13424, loss_cls: 0.4420, loss_bbox: 0.4026, loss_kps: 0.0000, loss: 0.8446
2026-09-10 09:23:00,949 - mmdet - INFO - Epoch [13][8250/8725]	lr: 1.000e-03, eta: 3:01:50, time: 0.172, data_time: 0.010, memory: 13424, loss_cls: 0.4069, loss_bbox: 0.3888, loss_kps: 0.0000, loss: 0.7957
2026-09-10 09:23:09,461 - mmdet - INFO - Exp name: scrfd_armAA34.py
2026-09-10 09:23:09,461 - mmdet - INFO - Epoch [13][8300/8725]	lr: 1.000e-03, eta: 3:01:41, time: 0.170, data_time: 0.010, memory: 13424, loss_cls: 0.3775, loss_bbox: 0.3776, loss_kps: 0.0000, loss: 0.7550
2026-09-10 09:23:17,954 - mmdet - INFO - Epoch [13][8350/8725]	lr: 1.000e-03, eta: 3:01:32, time: 0.170, data_time: 0.010, memory: 13424, loss_cls: 0.4176, loss_bbox: 0.3971, loss_kps: 0.0000, loss: 0.8147
2026-09-10 09:23:26,456 - mmdet - INFO - Epoch [13][8400/8725]	lr: 1.000e-03, eta: 3:01:23, time: 0.170, data_time: 0.010, memory: 13424, loss_cls: 0.4441, loss_bbox: 0.4068, loss_kps: 0.0000, loss: 0.8509
2026-09-10 09:23:34,974 - mmdet - INFO - Epoch [13][8450/8725]	lr: 1.000e-03, eta: 3:01:14, time: 0.170, data_time: 0.010, memory: 13424, loss_cls: 0.4076, loss_bbox: 0.3692, loss_kps: 0.0000, loss: 0.7769
2026-09-10 09:23:43,454 - mmdet - INFO - Epoch [13][8500/8725]	lr: 1.000e-03, eta: 3:01:05, time: 0.170, data_time: 0.010, memory: 13424, loss_cls: 0.4056, loss_bbox: 0.3848, loss_kps: 0.0000, loss: 0.7905
2026-09-10 09:23:51,950 - mmdet - INFO - Epoch [13][8550/8725]	lr: 1.000e-03, eta: 3:00:56, time: 0.170, data_time: 0.010, memory: 13424, loss_cls: 0.3634, loss_bbox: 0.3863, loss_kps: 0.0000, loss: 0.7497
2026-09-10 09:24:00,390 - mmdet - INFO - Epoch [13][8600/8725]	lr: 1.000e-03, eta: 3:00:46, time: 0.169, data_time: 0.010, memory: 13424, loss_cls: 0.4252, loss_bbox: 0.3908, loss_kps: 0.0000, loss: 0.8160
2026-09-10 09:24:08,796 - mmdet - INFO - Epoch [13][8650/8725]	lr: 1.000e-03, eta: 3:00:37, time: 0.168, data_time: 0.010, memory: 13424, loss_cls: 0.4074, loss_bbox: 0.3991, loss_kps: 0.0000, loss: 0.8065
2026-09-10 09:24:17,241 - mmdet - INFO - Epoch [13][8700/8725]	lr: 1.000e-03, eta: 3:00:28, time: 0.169, data_time: 0.010, memory: 13424, loss_cls: 0.4149, loss_bbox: 0.3882, loss_kps: 0.0000, loss: 0.8030
2026-09-10 09:24:21,481 - mmdet - INFO - Saving checkpoint at 13 epochs
2026-09-10 09:24:34,069 - mmdet - INFO - Epoch [14][50/8725]	lr: 1.000e-03, eta: 3:00:14, time: 0.247, data_time: 0.085, memory: 13424, loss_cls: 0.4145, loss_bbox: 0.3982, loss_kps: 0.0000, loss: 0.8127
2026-09-10 09:24:42,555 - mmdet - INFO - Epoch [14][100/8725]	lr: 1.000e-03, eta: 3:00:05, time: 0.169, data_time: 0.009, memory: 13424, loss_cls: 0.3627, loss_bbox: 0.3800, loss_kps: 0.0000, loss: 0.7427
2026-09-10 09:24:51,297 - mmdet - INFO - Epoch [14][150/8725]	lr: 1.000e-03, eta: 2:59:56, time: 0.175, data_time: 0.010, memory: 13424, loss_cls: 0.3875, loss_bbox: 0.3721, loss_kps: 0.0000, loss: 0.7596
2026-09-10 09:24:59,789 - mmdet - INFO - Epoch [14][200/8725]	lr: 1.000e-03, eta: 2:59:47, time: 0.170, data_time: 0.010, memory: 13424, loss_cls: 0.4034, loss_bbox: 0.4050, loss_kps: 0.0000, loss: 0.8084
2026-09-10 09:25:08,313 - mmdet - INFO - Epoch [14][250/8725]	lr: 1.000e-03, eta: 2:59:38, time: 0.171, data_time: 0.010, memory: 13424, loss_cls: 0.3838, loss_bbox: 0.4067, loss_kps: 0.0000, loss: 0.7904
2026-09-10 09:25:16,819 - mmdet - INFO - Epoch [14][300/8725]	lr: 1.000e-03, eta: 2:59:29, time: 0.170, data_time: 0.009, memory: 13424, loss_cls: 0.4162, loss_bbox: 0.3971, loss_kps: 0.0000, loss: 0.8132
2026-09-10 09:25:25,329 - mmdet - INFO - Epoch [14][350/8725]	lr: 1.000e-03, eta: 2:59:20, time: 0.170, data_time: 0.010, memory: 13424, loss_cls: 0.4509, loss_bbox: 0.3940, loss_kps: 0.0000, loss: 0.8449
2026-09-10 09:25:33,878 - mmdet - INFO - Epoch [14][400/8725]	lr: 1.000e-03, eta: 2:59:11, time: 0.171, data_time: 0.010, memory: 13424, loss_cls: 0.4081, loss_bbox: 0.3971, loss_kps: 0.0000, loss: 0.8052
2026-09-10 09:25:42,358 - mmdet - INFO - Epoch [14][450/8725]	lr: 1.000e-03, eta: 2:59:02, time: 0.170, data_time: 0.010, memory: 13424, loss_cls: 0.4104, loss_bbox: 0.3906, loss_kps: 0.0000, loss: 0.8010
2026-09-10 09:25:50,803 - mmdet - INFO - Epoch [14][500/8725]	lr: 1.000e-03, eta: 2:58:53, time: 0.169, data_time: 0.010, memory: 13424, loss_cls: 0.3968, loss_bbox: 0.3899, loss_kps: 0.0000, loss: 0.7867
2026-09-10 09:25:59,262 - mmdet - INFO - Epoch [14][550/8725]	lr: 1.000e-03, eta: 2:58:44, time: 0.169, data_time: 0.010, memory: 13424, loss_cls: 0.4069, loss_bbox: 0.3814, loss_kps: 0.0000, loss: 0.7883
2026-09-10 09:26:07,743 - mmdet - INFO - Epoch [14][600/8725]	lr: 1.000e-03, eta: 2:58:35, time: 0.169, data_time: 0.010, memory: 13424, loss_cls: 0.3705, loss_bbox: 0.3717, loss_kps: 0.0000, loss: 0.7422
2026-09-10 09:26:16,274 - mmdet - INFO - Epoch [14][650/8725]	lr: 1.000e-03, eta: 2:58:26, time: 0.171, data_time: 0.010, memory: 13424, loss_cls: 0.4434, loss_bbox: 0.4119, loss_kps: 0.0000, loss: 0.8553
2026-09-10 09:26:24,765 - mmdet - INFO - Epoch [14][700/8725]	lr: 1.000e-03, eta: 2:58:17, time: 0.170, data_time: 0.010, memory: 13424, loss_cls: 0.3808, loss_bbox: 0.3814, loss_kps: 0.0000, loss: 0.7623
2026-09-10 09:26:33,224 - mmdet - INFO - Epoch [14][750/8725]	lr: 1.000e-03, eta: 2:58:08, time: 0.169, data_time: 0.010, memory: 13424, loss_cls: 0.3986, loss_bbox: 0.3762, loss_kps: 0.0000, loss: 0.7748
2026-09-10 09:26:41,700 - mmdet - INFO - Epoch [14][800/8725]	lr: 1.000e-03, eta: 2:57:59, time: 0.169, data_time: 0.010, memory: 13424, loss_cls: 0.3967, loss_bbox: 0.3923, loss_kps: 0.0000, loss: 0.7890
2026-09-10 09:26:50,476 - mmdet - INFO - Epoch [14][850/8725]	lr: 1.000e-03, eta: 2:57:50, time: 0.176, data_time: 0.010, memory: 13424, loss_cls: 0.3885, loss_bbox: 0.4059, loss_kps: 0.0000, loss: 0.7945
2026-09-10 09:26:58,953 - mmdet - INFO - Epoch [14][900/8725]	lr: 1.000e-03, eta: 2:57:41, time: 0.169, data_time: 0.010, memory: 13424, loss_cls: 0.3757, loss_bbox: 0.3813, loss_kps: 0.0000, loss: 0.7570
2026-09-10 09:27:07,484 - mmdet - INFO - Epoch [14][950/8725]	lr: 1.000e-03, eta: 2:57:32, time: 0.171, data_time: 0.010, memory: 13424, loss_cls: 0.3847, loss_bbox: 0.3723, loss_kps: 0.0000, loss: 0.7570
2026-09-10 09:27:15,937 - mmdet - INFO - Epoch [14][1000/8725]	lr: 1.000e-03, eta: 2:57:23, time: 0.169, data_time: 0.010, memory: 13424, loss_cls: 0.3927, loss_bbox: 0.3963, loss_kps: 0.0000, loss: 0.7889
2026-09-10 09:27:24,368 - mmdet - INFO - Epoch [14][1050/8725]	lr: 1.000e-03, eta: 2:57:14, time: 0.169, data_time: 0.010, memory: 13424, loss_cls: 0.3895, loss_bbox: 0.3807, loss_kps: 0.0000, loss: 0.7702
2026-09-10 09:27:32,814 - mmdet - INFO - Epoch [14][1100/8725]	lr: 1.000e-03, eta: 2:57:04, time: 0.169, data_time: 0.010, memory: 13424, loss_cls: 0.3875, loss_bbox: 0.3916, loss_kps: 0.0000, loss: 0.7791
2026-09-10 09:27:41,331 - mmdet - INFO - Epoch [14][1150/8725]	lr: 1.000e-03, eta: 2:56:55, time: 0.171, data_time: 0.010, memory: 13424, loss_cls: 0.4002, loss_bbox: 0.3834, loss_kps: 0.0000, loss: 0.7836
2026-09-10 09:27:49,794 - mmdet - INFO - Epoch [14][1200/8725]	lr: 1.000e-03, eta: 2:56:46, time: 0.169, data_time: 0.010, memory: 13424, loss_cls: 0.4051, loss_bbox: 0.3929, loss_kps: 0.0000, loss: 0.7980
2026-09-10 09:27:58,258 - mmdet - INFO - Epoch [14][1250/8725]	lr: 1.000e-03, eta: 2:56:37, time: 0.170, data_time: 0.010, memory: 13424, loss_cls: 0.3975, loss_bbox: 0.3911, loss_kps: 0.0000, loss: 0.7885
2026-09-10 09:28:06,686 - mmdet - INFO - Epoch [14][1300/8725]	lr: 1.000e-03, eta: 2:56:28, time: 0.168, data_time: 0.010, memory: 13424, loss_cls: 0.3881, loss_bbox: 0.3871, loss_kps: 0.0000, loss: 0.7752
2026-09-10 09:28:15,138 - mmdet - INFO - Epoch [14][1350/8725]	lr: 1.000e-03, eta: 2:56:19, time: 0.169, data_time: 0.010, memory: 13424, loss_cls: 0.3839, loss_bbox: 0.3797, loss_kps: 0.0000, loss: 0.7636
2026-09-10 09:28:23,606 - mmdet - INFO - Epoch [14][1400/8725]	lr: 1.000e-03, eta: 2:56:10, time: 0.169, data_time: 0.010, memory: 13424, loss_cls: 0.4107, loss_bbox: 0.3914, loss_kps: 0.0000, loss: 0.8022
2026-09-10 09:28:32,067 - mmdet - INFO - Epoch [14][1450/8725]	lr: 1.000e-03, eta: 2:56:01, time: 0.170, data_time: 0.010, memory: 13424, loss_cls: 0.4034, loss_bbox: 0.3971, loss_kps: 0.0000, loss: 0.8005
2026-09-10 09:28:40,582 - mmdet - INFO - Epoch [14][1500/8725]	lr: 1.000e-03, eta: 2:55:52, time: 0.170, data_time: 0.010, memory: 13424, loss_cls: 0.4030, loss_bbox: 0.3963, loss_kps: 0.0000, loss: 0.7993
2026-09-10 09:28:49,082 - mmdet - INFO - Epoch [14][1550/8725]	lr: 1.000e-03, eta: 2:55:43, time: 0.170, data_time: 0.010, memory: 13424, loss_cls: 0.4240, loss_bbox: 0.3924, loss_kps: 0.0000, loss: 0.8164
2026-09-10 09:28:57,561 - mmdet - INFO - Epoch [14][1600/8725]	lr: 1.000e-03, eta: 2:55:34, time: 0.169, data_time: 0.010, memory: 13424, loss_cls: 0.4080, loss_bbox: 0.3837, loss_kps: 0.0000, loss: 0.7917
2026-09-10 09:29:06,023 - mmdet - INFO - Epoch [14][1650/8725]	lr: 1.000e-03, eta: 2:55:25, time: 0.169, data_time: 0.010, memory: 13424, loss_cls: 0.4132, loss_bbox: 0.3810, loss_kps: 0.0000, loss: 0.7942
2026-09-10 09:29:14,524 - mmdet - INFO - Epoch [14][1700/8725]	lr: 1.000e-03, eta: 2:55:16, time: 0.170, data_time: 0.010, memory: 13424, loss_cls: 0.4072, loss_bbox: 0.3838, loss_kps: 0.0000, loss: 0.7910
2026-09-10 09:29:23,055 - mmdet - INFO - Epoch [14][1750/8725]	lr: 1.000e-03, eta: 2:55:07, time: 0.171, data_time: 0.010, memory: 13424, loss_cls: 0.3907, loss_bbox: 0.3874, loss_kps: 0.0000, loss: 0.7782
2026-09-10 09:29:31,554 - mmdet - INFO - Epoch [14][1800/8725]	lr: 1.000e-03, eta: 2:54:58, time: 0.170, data_time: 0.010, memory: 13424, loss_cls: 0.3948, loss_bbox: 0.3909, loss_kps: 0.0000, loss: 0.7857
2026-09-10 09:29:40,021 - mmdet - INFO - Epoch [14][1850/8725]	lr: 1.000e-03, eta: 2:54:49, time: 0.170, data_time: 0.010, memory: 13424, loss_cls: 0.3991, loss_bbox: 0.3867, loss_kps: 0.0000, loss: 0.7858
2026-09-10 09:29:48,511 - mmdet - INFO - Epoch [14][1900/8725]	lr: 1.000e-03, eta: 2:54:40, time: 0.170, data_time: 0.010, memory: 13424, loss_cls: 0.3854, loss_bbox: 0.3712, loss_kps: 0.0000, loss: 0.7566
2026-09-10 09:29:56,977 - mmdet - INFO - Epoch [14][1950/8725]	lr: 1.000e-03, eta: 2:54:31, time: 0.170, data_time: 0.010, memory: 13424, loss_cls: 0.4064, loss_bbox: 0.3825, loss_kps: 0.0000, loss: 0.7890
2026-09-10 09:30:05,437 - mmdet - INFO - Epoch [14][2000/8725]	lr: 1.000e-03, eta: 2:54:22, time: 0.169, data_time: 0.010, memory: 13424, loss_cls: 0.4011, loss_bbox: 0.3952, loss_kps: 0.0000, loss: 0.7963
2026-09-10 09:30:13,906 - mmdet - INFO - Epoch [14][2050/8725]	lr: 1.000e-03, eta: 2:54:13, time: 0.170, data_time: 0.010, memory: 13424, loss_cls: 0.4344, loss_bbox: 0.4014, loss_kps: 0.0000, loss: 0.8359
2026-09-10 09:30:22,370 - mmdet - INFO - Epoch [14][2100/8725]	lr: 1.000e-03, eta: 2:54:03, time: 0.169, data_time: 0.010, memory: 13424, loss_cls: 0.4113, loss_bbox: 0.3875, loss_kps: 0.0000, loss: 0.7987
2026-09-10 09:30:30,842 - mmdet - INFO - Epoch [14][2150/8725]	lr: 1.000e-03, eta: 2:53:54, time: 0.170, data_time: 0.010, memory: 13424, loss_cls: 0.4200, loss_bbox: 0.4175, loss_kps: 0.0000, loss: 0.8375
2026-09-10 09:30:39,292 - mmdet - INFO - Epoch [14][2200/8725]	lr: 1.000e-03, eta: 2:53:45, time: 0.169, data_time: 0.010, memory: 13424, loss_cls: 0.4455, loss_bbox: 0.4061, loss_kps: 0.0000, loss: 0.8516
2026-09-10 09:30:47,759 - mmdet - INFO - Epoch [14][2250/8725]	lr: 1.000e-03, eta: 2:53:36, time: 0.170, data_time: 0.010, memory: 13424, loss_cls: 0.4081, loss_bbox: 0.3395, loss_kps: 0.0000, loss: 0.7477
2026-09-10 09:30:56,198 - mmdet - INFO - Epoch [14][2300/8725]	lr: 1.000e-03, eta: 2:53:27, time: 0.169, data_time: 0.010, memory: 13424, loss_cls: 0.4625, loss_bbox: 0.4143, loss_kps: 0.0000, loss: 0.8767
2026-09-10 09:31:04,730 - mmdet - INFO - Epoch [14][2350/8725]	lr: 1.000e-03, eta: 2:53:18, time: 0.171, data_time: 0.010, memory: 13424, loss_cls: 0.4222, loss_bbox: 0.4056, loss_kps: 0.0000, loss: 0.8278
2026-09-10 09:31:13,199 - mmdet - INFO - Epoch [14][2400/8725]	lr: 1.000e-03, eta: 2:53:09, time: 0.169, data_time: 0.010, memory: 13424, loss_cls: 0.3870, loss_bbox: 0.3827, loss_kps: 0.0000, loss: 0.7697
2026-09-10 09:31:21,659 - mmdet - INFO - Epoch [14][2450/8725]	lr: 1.000e-03, eta: 2:53:00, time: 0.169, data_time: 0.010, memory: 13424, loss_cls: 0.4172, loss_bbox: 0.4068, loss_kps: 0.0000, loss: 0.8240
2026-09-10 09:31:30,171 - mmdet - INFO - Epoch [14][2500/8725]	lr: 1.000e-03, eta: 2:52:51, time: 0.170, data_time: 0.010, memory: 13424, loss_cls: 0.4465, loss_bbox: 0.3991, loss_kps: 0.0000, loss: 0.8456
2026-09-10 09:31:38,593 - mmdet - INFO - Epoch [14][2550/8725]	lr: 1.000e-03, eta: 2:52:42, time: 0.169, data_time: 0.010, memory: 13424, loss_cls: 0.3736, loss_bbox: 0.3836, loss_kps: 0.0000, loss: 0.7572
2026-09-10 09:31:47,058 - mmdet - INFO - Epoch [14][2600/8725]	lr: 1.000e-03, eta: 2:52:33, time: 0.169, data_time: 0.010, memory: 13424, loss_cls: 0.3998, loss_bbox: 0.3908, loss_kps: 0.0000, loss: 0.7906
2026-09-10 09:31:55,549 - mmdet - INFO - Epoch [14][2650/8725]	lr: 1.000e-03, eta: 2:52:24, time: 0.170, data_time: 0.010, memory: 13424, loss_cls: 0.4055, loss_bbox: 0.4087, loss_kps: 0.0000, loss: 0.8142
2026-09-10 09:32:04,040 - mmdet - INFO - Epoch [14][2700/8725]	lr: 1.000e-03, eta: 2:52:15, time: 0.170, data_time: 0.010, memory: 13424, loss_cls: 0.4047, loss_bbox: 0.3998, loss_kps: 0.0000, loss: 0.8045
2026-09-10 09:32:12,594 - mmdet - INFO - Epoch [14][2750/8725]	lr: 1.000e-03, eta: 2:52:06, time: 0.171, data_time: 0.010, memory: 13424, loss_cls: 0.3992, loss_bbox: 0.3949, loss_kps: 0.0000, loss: 0.7941
2026-09-10 09:32:21,087 - mmdet - INFO - Epoch [14][2800/8725]	lr: 1.000e-03, eta: 2:51:57, time: 0.170, data_time: 0.010, memory: 13424, loss_cls: 0.4211, loss_bbox: 0.3931, loss_kps: 0.0000, loss: 0.8141
2026-09-10 09:32:29,542 - mmdet - INFO - Epoch [14][2850/8725]	lr: 1.000e-03, eta: 2:51:48, time: 0.169, data_time: 0.010, memory: 13424, loss_cls: 0.4252, loss_bbox: 0.3969, loss_kps: 0.0000, loss: 0.8221
2026-09-10 09:32:38,068 - mmdet - INFO - Epoch [14][2900/8725]	lr: 1.000e-03, eta: 2:51:39, time: 0.170, data_time: 0.010, memory: 13424, loss_cls: 0.3902, loss_bbox: 0.3884, loss_kps: 0.0000, loss: 0.7786
2026-09-10 09:32:46,589 - mmdet - INFO - Epoch [14][2950/8725]	lr: 1.000e-03, eta: 2:51:30, time: 0.171, data_time: 0.010, memory: 13424, loss_cls: 0.4327, loss_bbox: 0.3867, loss_kps: 0.0000, loss: 0.8194
2026-09-10 09:32:55,069 - mmdet - INFO - Epoch [14][3000/8725]	lr: 1.000e-03, eta: 2:51:21, time: 0.169, data_time: 0.010, memory: 13424, loss_cls: 0.4302, loss_bbox: 0.3841, loss_kps: 0.0000, loss: 0.8143
2026-09-10 09:33:03,532 - mmdet - INFO - Epoch [14][3050/8725]	lr: 1.000e-03, eta: 2:51:12, time: 0.169, data_time: 0.010, memory: 13424, loss_cls: 0.3842, loss_bbox: 0.3963, loss_kps: 0.0000, loss: 0.7804
2026-09-10 09:33:12,019 - mmdet - INFO - Epoch [14][3100/8725]	lr: 1.000e-03, eta: 2:51:03, time: 0.169, data_time: 0.010, memory: 13424, loss_cls: 0.4049, loss_bbox: 0.4100, loss_kps: 0.0000, loss: 0.8149
2026-09-10 09:33:20,496 - mmdet - INFO - Epoch [14][3150/8725]	lr: 1.000e-03, eta: 2:50:54, time: 0.170, data_time: 0.011, memory: 13424, loss_cls: 0.4041, loss_bbox: 0.3753, loss_kps: 0.0000, loss: 0.7793
2026-09-10 09:33:28,971 - mmdet - INFO - Epoch [14][3200/8725]	lr: 1.000e-03, eta: 2:50:45, time: 0.169, data_time: 0.011, memory: 13424, loss_cls: 0.3992, loss_bbox: 0.3968, loss_kps: 0.0000, loss: 0.7960
2026-09-10 09:33:37,422 - mmdet - INFO - Epoch [14][3250/8725]	lr: 1.000e-03, eta: 2:50:36, time: 0.169, data_time: 0.010, memory: 13424, loss_cls: 0.3707, loss_bbox: 0.3860, loss_kps: 0.0000, loss: 0.7567
2026-09-10 09:33:45,924 - mmdet - INFO - Epoch [14][3300/8725]	lr: 1.000e-03, eta: 2:50:26, time: 0.170, data_time: 0.010, memory: 13424, loss_cls: 0.3956, loss_bbox: 0.3712, loss_kps: 0.0000, loss: 0.7668
2026-09-10 09:33:54,417 - mmdet - INFO - Epoch [14][3350/8725]	lr: 1.000e-03, eta: 2:50:17, time: 0.170, data_time: 0.011, memory: 13424, loss_cls: 0.3817, loss_bbox: 0.3764, loss_kps: 0.0000, loss: 0.7581
2026-09-10 09:34:02,871 - mmdet - INFO - Epoch [14][3400/8725]	lr: 1.000e-03, eta: 2:50:08, time: 0.169, data_time: 0.010, memory: 13424, loss_cls: 0.4046, loss_bbox: 0.3950, loss_kps: 0.0000, loss: 0.7995
2026-09-10 09:34:11,280 - mmdet - INFO - Epoch [14][3450/8725]	lr: 1.000e-03, eta: 2:49:59, time: 0.168, data_time: 0.010, memory: 13424, loss_cls: 0.3660, loss_bbox: 0.3864, loss_kps: 0.0000, loss: 0.7524
2026-09-10 09:34:19,838 - mmdet - INFO - Epoch [14][3500/8725]	lr: 1.000e-03, eta: 2:49:50, time: 0.171, data_time: 0.010, memory: 13424, loss_cls: 0.4101, loss_bbox: 0.3965, loss_kps: 0.0000, loss: 0.8066
2026-09-10 09:34:28,286 - mmdet - INFO - Epoch [14][3550/8725]	lr: 1.000e-03, eta: 2:49:41, time: 0.169, data_time: 0.010, memory: 13424, loss_cls: 0.3905, loss_bbox: 0.3922, loss_kps: 0.0000, loss: 0.7828
2026-09-10 09:34:36,708 - mmdet - INFO - Epoch [14][3600/8725]	lr: 1.000e-03, eta: 2:49:32, time: 0.168, data_time: 0.010, memory: 13424, loss_cls: 0.4046, loss_bbox: 0.3933, loss_kps: 0.0000, loss: 0.7979
2026-09-10 09:34:45,186 - mmdet - INFO - Epoch [14][3650/8725]	lr: 1.000e-03, eta: 2:49:23, time: 0.170, data_time: 0.010, memory: 13424, loss_cls: 0.4272, loss_bbox: 0.4167, loss_kps: 0.0000, loss: 0.8440
2026-09-10 09:34:53,677 - mmdet - INFO - Epoch [14][3700/8725]	lr: 1.000e-03, eta: 2:49:14, time: 0.169, data_time: 0.010, memory: 13424, loss_cls: 0.3998, loss_bbox: 0.3836, loss_kps: 0.0000, loss: 0.7833
2026-09-10 09:35:02,168 - mmdet - INFO - Epoch [14][3750/8725]	lr: 1.000e-03, eta: 2:49:05, time: 0.170, data_time: 0.010, memory: 13424, loss_cls: 0.3734, loss_bbox: 0.3728, loss_kps: 0.0000, loss: 0.7463
2026-09-10 09:35:10,671 - mmdet - INFO - Epoch [14][3800/8725]	lr: 1.000e-03, eta: 2:48:56, time: 0.170, data_time: 0.010, memory: 13424, loss_cls: 0.4012, loss_bbox: 0.3672, loss_kps: 0.0000, loss: 0.7684
2026-09-10 09:35:19,149 - mmdet - INFO - Epoch [14][3850/8725]	lr: 1.000e-03, eta: 2:48:47, time: 0.170, data_time: 0.010, memory: 13424, loss_cls: 0.4262, loss_bbox: 0.4054, loss_kps: 0.0000, loss: 0.8316
2026-09-10 09:35:27,609 - mmdet - INFO - Epoch [14][3900/8725]	lr: 1.000e-03, eta: 2:48:38, time: 0.169, data_time: 0.009, memory: 13424, loss_cls: 0.4038, loss_bbox: 0.3820, loss_kps: 0.0000, loss: 0.7858
2026-09-10 09:35:36,047 - mmdet - INFO - Epoch [14][3950/8725]	lr: 1.000e-03, eta: 2:48:29, time: 0.169, data_time: 0.009, memory: 13424, loss_cls: 0.4216, loss_bbox: 0.3815, loss_kps: 0.0000, loss: 0.8032
2026-09-10 09:35:44,511 - mmdet - INFO - Epoch [14][4000/8725]	lr: 1.000e-03, eta: 2:48:20, time: 0.169, data_time: 0.009, memory: 13424, loss_cls: 0.4230, loss_bbox: 0.3770, loss_kps: 0.0000, loss: 0.8000
2026-09-10 09:35:52,957 - mmdet - INFO - Epoch [14][4050/8725]	lr: 1.000e-03, eta: 2:48:11, time: 0.169, data_time: 0.010, memory: 13424, loss_cls: 0.3841, loss_bbox: 0.3543, loss_kps: 0.0000, loss: 0.7384
2026-09-10 09:36:01,421 - mmdet - INFO - Epoch [14][4100/8725]	lr: 1.000e-03, eta: 2:48:02, time: 0.169, data_time: 0.010, memory: 13424, loss_cls: 0.4048, loss_bbox: 0.3749, loss_kps: 0.0000, loss: 0.7798
2026-09-10 09:36:09,880 - mmdet - INFO - Epoch [14][4150/8725]	lr: 1.000e-03, eta: 2:47:53, time: 0.169, data_time: 0.010, memory: 13424, loss_cls: 0.3920, loss_bbox: 0.3768, loss_kps: 0.0000, loss: 0.7687
2026-09-10 09:36:18,320 - mmdet - INFO - Epoch [14][4200/8725]	lr: 1.000e-03, eta: 2:47:44, time: 0.169, data_time: 0.010, memory: 13424, loss_cls: 0.3840, loss_bbox: 0.3937, loss_kps: 0.0000, loss: 0.7777
2026-09-10 09:36:26,790 - mmdet - INFO - Epoch [14][4250/8725]	lr: 1.000e-03, eta: 2:47:35, time: 0.170, data_time: 0.010, memory: 13424, loss_cls: 0.4097, loss_bbox: 0.4000, loss_kps: 0.0000, loss: 0.8097
2026-09-10 09:36:35,478 - mmdet - INFO - Epoch [14][4300/8725]	lr: 1.000e-03, eta: 2:47:26, time: 0.173, data_time: 0.010, memory: 13424, loss_cls: 0.4386, loss_bbox: 0.4123, loss_kps: 0.0000, loss: 0.8510
2026-09-10 09:36:43,983 - mmdet - INFO - Epoch [14][4350/8725]	lr: 1.000e-03, eta: 2:47:17, time: 0.170, data_time: 0.010, memory: 13424, loss_cls: 0.3954, loss_bbox: 0.3941, loss_kps: 0.0000, loss: 0.7895
2026-09-10 09:36:52,540 - mmdet - INFO - Epoch [14][4400/8725]	lr: 1.000e-03, eta: 2:47:08, time: 0.171, data_time: 0.010, memory: 13424, loss_cls: 0.4278, loss_bbox: 0.3840, loss_kps: 0.0000, loss: 0.8118
2026-09-10 09:37:01,045 - mmdet - INFO - Epoch [14][4450/8725]	lr: 1.000e-03, eta: 2:46:59, time: 0.170, data_time: 0.010, memory: 13424, loss_cls: 0.4451, loss_bbox: 0.4050, loss_kps: 0.0000, loss: 0.8501
2026-09-10 09:37:09,455 - mmdet - INFO - Epoch [14][4500/8725]	lr: 1.000e-03, eta: 2:46:50, time: 0.168, data_time: 0.010, memory: 13424, loss_cls: 0.3817, loss_bbox: 0.3889, loss_kps: 0.0000, loss: 0.7706
2026-09-10 09:37:17,875 - mmdet - INFO - Epoch [14][4550/8725]	lr: 1.000e-03, eta: 2:46:41, time: 0.169, data_time: 0.010, memory: 13424, loss_cls: 0.3818, loss_bbox: 0.3845, loss_kps: 0.0000, loss: 0.7663
2026-09-10 09:37:26,578 - mmdet - INFO - Epoch [14][4600/8725]	lr: 1.000e-03, eta: 2:46:32, time: 0.174, data_time: 0.010, memory: 13424, loss_cls: 0.3914, loss_bbox: 0.3832, loss_kps: 0.0000, loss: 0.7746
2026-09-10 09:37:35,065 - mmdet - INFO - Epoch [14][4650/8725]	lr: 1.000e-03, eta: 2:46:23, time: 0.170, data_time: 0.010, memory: 13424, loss_cls: 0.4166, loss_bbox: 0.3753, loss_kps: 0.0000, loss: 0.7919
2026-09-10 09:37:43,525 - mmdet - INFO - Epoch [14][4700/8725]	lr: 1.000e-03, eta: 2:46:14, time: 0.169, data_time: 0.010, memory: 13424, loss_cls: 0.3944, loss_bbox: 0.3702, loss_kps: 0.0000, loss: 0.7646
2026-09-10 09:37:52,030 - mmdet - INFO - Epoch [14][4750/8725]	lr: 1.000e-03, eta: 2:46:05, time: 0.170, data_time: 0.010, memory: 13424, loss_cls: 0.3959, loss_bbox: 0.3914, loss_kps: 0.0000, loss: 0.7873
2026-09-10 09:38:00,500 - mmdet - INFO - Epoch [14][4800/8725]	lr: 1.000e-03, eta: 2:45:56, time: 0.169, data_time: 0.010, memory: 13424, loss_cls: 0.4054, loss_bbox: 0.3913, loss_kps: 0.0000, loss: 0.7968
2026-09-10 09:38:08,984 - mmdet - INFO - Epoch [14][4850/8725]	lr: 1.000e-03, eta: 2:45:47, time: 0.170, data_time: 0.010, memory: 13424, loss_cls: 0.3937, loss_bbox: 0.3938, loss_kps: 0.0000, loss: 0.7875
2026-09-10 09:38:17,424 - mmdet - INFO - Epoch [14][4900/8725]	lr: 1.000e-03, eta: 2:45:38, time: 0.169, data_time: 0.010, memory: 13424, loss_cls: 0.3944, loss_bbox: 0.3759, loss_kps: 0.0000, loss: 0.7703
2026-09-10 09:38:25,898 - mmdet - INFO - Epoch [14][4950/8725]	lr: 1.000e-03, eta: 2:45:29, time: 0.170, data_time: 0.010, memory: 13424, loss_cls: 0.4504, loss_bbox: 0.3961, loss_kps: 0.0000, loss: 0.8466
2026-09-10 09:38:34,322 - mmdet - INFO - Epoch [14][5000/8725]	lr: 1.000e-03, eta: 2:45:20, time: 0.168, data_time: 0.010, memory: 13424, loss_cls: 0.4494, loss_bbox: 0.4016, loss_kps: 0.0000, loss: 0.8510
2026-09-10 09:38:42,759 - mmdet - INFO - Epoch [14][5050/8725]	lr: 1.000e-03, eta: 2:45:11, time: 0.169, data_time: 0.010, memory: 13424, loss_cls: 0.4224, loss_bbox: 0.3866, loss_kps: 0.0000, loss: 0.8089
2026-09-10 09:38:51,242 - mmdet - INFO - Epoch [14][5100/8725]	lr: 1.000e-03, eta: 2:45:02, time: 0.169, data_time: 0.010, memory: 13424, loss_cls: 0.3531, loss_bbox: 0.3829, loss_kps: 0.0000, loss: 0.7360
2026-09-10 09:38:59,760 - mmdet - INFO - Epoch [14][5150/8725]	lr: 1.000e-03, eta: 2:44:53, time: 0.171, data_time: 0.010, memory: 13424, loss_cls: 0.4420, loss_bbox: 0.4070, loss_kps: 0.0000, loss: 0.8490
2026-09-10 09:39:08,168 - mmdet - INFO - Epoch [14][5200/8725]	lr: 1.000e-03, eta: 2:44:44, time: 0.168, data_time: 0.010, memory: 13424, loss_cls: 0.4210, loss_bbox: 0.3917, loss_kps: 0.0000, loss: 0.8127
2026-09-10 09:39:16,575 - mmdet - INFO - Epoch [14][5250/8725]	lr: 1.000e-03, eta: 2:44:34, time: 0.168, data_time: 0.010, memory: 13424, loss_cls: 0.3794, loss_bbox: 0.3675, loss_kps: 0.0000, loss: 0.7468
2026-09-10 09:39:24,993 - mmdet - INFO - Epoch [14][5300/8725]	lr: 1.000e-03, eta: 2:44:25, time: 0.168, data_time: 0.010, memory: 13424, loss_cls: 0.4176, loss_bbox: 0.3859, loss_kps: 0.0000, loss: 0.8035
2026-09-10 09:39:33,375 - mmdet - INFO - Epoch [14][5350/8725]	lr: 1.000e-03, eta: 2:44:16, time: 0.168, data_time: 0.010, memory: 13424, loss_cls: 0.3930, loss_bbox: 0.3697, loss_kps: 0.0000, loss: 0.7627
2026-09-10 09:39:41,823 - mmdet - INFO - Epoch [14][5400/8725]	lr: 1.000e-03, eta: 2:44:07, time: 0.169, data_time: 0.010, memory: 13424, loss_cls: 0.3932, loss_bbox: 0.3872, loss_kps: 0.0000, loss: 0.7805
2026-09-10 09:39:50,311 - mmdet - INFO - Epoch [14][5450/8725]	lr: 1.000e-03, eta: 2:43:58, time: 0.170, data_time: 0.010, memory: 13424, loss_cls: 0.4059, loss_bbox: 0.4114, loss_kps: 0.0000, loss: 0.8173
2026-09-10 09:39:58,859 - mmdet - INFO - Epoch [14][5500/8725]	lr: 1.000e-03, eta: 2:43:49, time: 0.171, data_time: 0.010, memory: 13424, loss_cls: 0.4440, loss_bbox: 0.4001, loss_kps: 0.0000, loss: 0.8441
2026-09-10 09:40:07,257 - mmdet - INFO - Epoch [14][5550/8725]	lr: 1.000e-03, eta: 2:43:40, time: 0.168, data_time: 0.010, memory: 13424, loss_cls: 0.3793, loss_bbox: 0.3636, loss_kps: 0.0000, loss: 0.7428
2026-09-10 09:40:15,657 - mmdet - INFO - Epoch [14][5600/8725]	lr: 1.000e-03, eta: 2:43:31, time: 0.168, data_time: 0.010, memory: 13424, loss_cls: 0.4062, loss_bbox: 0.4024, loss_kps: 0.0000, loss: 0.8086
2026-09-10 09:40:24,109 - mmdet - INFO - Epoch [14][5650/8725]	lr: 1.000e-03, eta: 2:43:22, time: 0.169, data_time: 0.010, memory: 13424, loss_cls: 0.3985, loss_bbox: 0.3816, loss_kps: 0.0000, loss: 0.7800
2026-09-10 09:40:32,514 - mmdet - INFO - Epoch [14][5700/8725]	lr: 1.000e-03, eta: 2:43:13, time: 0.168, data_time: 0.010, memory: 13424, loss_cls: 0.4006, loss_bbox: 0.3749, loss_kps: 0.0000, loss: 0.7755
2026-09-10 09:40:40,955 - mmdet - INFO - Epoch [14][5750/8725]	lr: 1.000e-03, eta: 2:43:04, time: 0.169, data_time: 0.010, memory: 13424, loss_cls: 0.3987, loss_bbox: 0.3869, loss_kps: 0.0000, loss: 0.7856
2026-09-10 09:40:49,409 - mmdet - INFO - Epoch [14][5800/8725]	lr: 1.000e-03, eta: 2:42:55, time: 0.169, data_time: 0.011, memory: 13424, loss_cls: 0.4400, loss_bbox: 0.4036, loss_kps: 0.0000, loss: 0.8436
2026-09-10 09:40:57,845 - mmdet - INFO - Epoch [14][5850/8725]	lr: 1.000e-03, eta: 2:42:46, time: 0.169, data_time: 0.011, memory: 13424, loss_cls: 0.3888, loss_bbox: 0.4091, loss_kps: 0.0000, loss: 0.7978
2026-09-10 09:41:06,285 - mmdet - INFO - Epoch [14][5900/8725]	lr: 1.000e-03, eta: 2:42:37, time: 0.168, data_time: 0.010, memory: 13424, loss_cls: 0.4091, loss_bbox: 0.4059, loss_kps: 0.0000, loss: 0.8151
2026-09-10 09:41:14,735 - mmdet - INFO - Epoch [14][5950/8725]	lr: 1.000e-03, eta: 2:42:28, time: 0.169, data_time: 0.010, memory: 13424, loss_cls: 0.4167, loss_bbox: 0.4015, loss_kps: 0.0000, loss: 0.8183
2026-09-10 09:41:23,148 - mmdet - INFO - Epoch [14][6000/8725]	lr: 1.000e-03, eta: 2:42:19, time: 0.168, data_time: 0.010, memory: 13424, loss_cls: 0.4205, loss_bbox: 0.4079, loss_kps: 0.0000, loss: 0.8284
2026-09-10 09:41:31,606 - mmdet - INFO - Epoch [14][6050/8725]	lr: 1.000e-03, eta: 2:42:10, time: 0.169, data_time: 0.010, memory: 13424, loss_cls: 0.4285, loss_bbox: 0.4020, loss_kps: 0.0000, loss: 0.8306
2026-09-10 09:41:40,078 - mmdet - INFO - Epoch [14][6100/8725]	lr: 1.000e-03, eta: 2:42:01, time: 0.169, data_time: 0.010, memory: 13424, loss_cls: 0.4298, loss_bbox: 0.4036, loss_kps: 0.0000, loss: 0.8333
2026-09-10 09:41:48,654 - mmdet - INFO - Epoch [14][6150/8725]	lr: 1.000e-03, eta: 2:41:52, time: 0.172, data_time: 0.010, memory: 13424, loss_cls: 0.4221, loss_bbox: 0.4036, loss_kps: 0.0000, loss: 0.8257
2026-09-10 09:41:57,203 - mmdet - INFO - Epoch [14][6200/8725]	lr: 1.000e-03, eta: 2:41:43, time: 0.171, data_time: 0.010, memory: 13424, loss_cls: 0.3785, loss_bbox: 0.4030, loss_kps: 0.0000, loss: 0.7816
2026-09-10 09:42:05,685 - mmdet - INFO - Epoch [14][6250/8725]	lr: 1.000e-03, eta: 2:41:34, time: 0.170, data_time: 0.010, memory: 13424, loss_cls: 0.3988, loss_bbox: 0.4003, loss_kps: 0.0000, loss: 0.7991
2026-09-10 09:42:14,149 - mmdet - INFO - Epoch [14][6300/8725]	lr: 1.000e-03, eta: 2:41:25, time: 0.169, data_time: 0.010, memory: 13424, loss_cls: 0.4184, loss_bbox: 0.3945, loss_kps: 0.0000, loss: 0.8129
2026-09-10 09:42:22,616 - mmdet - INFO - Epoch [14][6350/8725]	lr: 1.000e-03, eta: 2:41:16, time: 0.170, data_time: 0.010, memory: 13424, loss_cls: 0.4366, loss_bbox: 0.4016, loss_kps: 0.0000, loss: 0.8382
2026-09-10 09:42:31,055 - mmdet - INFO - Epoch [14][6400/8725]	lr: 1.000e-03, eta: 2:41:07, time: 0.169, data_time: 0.010, memory: 13424, loss_cls: 0.4321, loss_bbox: 0.4295, loss_kps: 0.0000, loss: 0.8616
2026-09-10 09:42:39,607 - mmdet - INFO - Epoch [14][6450/8725]	lr: 1.000e-03, eta: 2:40:58, time: 0.171, data_time: 0.011, memory: 13424, loss_cls: 0.3987, loss_bbox: 0.3787, loss_kps: 0.0000, loss: 0.7775
2026-09-10 09:42:48,076 - mmdet - INFO - Epoch [14][6500/8725]	lr: 1.000e-03, eta: 2:40:49, time: 0.169, data_time: 0.010, memory: 13424, loss_cls: 0.3948, loss_bbox: 0.3766, loss_kps: 0.0000, loss: 0.7714
2026-09-10 09:42:56,606 - mmdet - INFO - Epoch [14][6550/8725]	lr: 1.000e-03, eta: 2:40:40, time: 0.171, data_time: 0.010, memory: 13424, loss_cls: 0.4457, loss_bbox: 0.3945, loss_kps: 0.0000, loss: 0.8402
2026-09-10 09:43:05,094 - mmdet - INFO - Epoch [14][6600/8725]	lr: 1.000e-03, eta: 2:40:31, time: 0.169, data_time: 0.010, memory: 13424, loss_cls: 0.4101, loss_bbox: 0.3939, loss_kps: 0.0000, loss: 0.8041
2026-09-10 09:43:13,582 - mmdet - INFO - Epoch [14][6650/8725]	lr: 1.000e-03, eta: 2:40:22, time: 0.170, data_time: 0.010, memory: 13424, loss_cls: 0.4300, loss_bbox: 0.4040, loss_kps: 0.0000, loss: 0.8340
2026-09-10 09:43:22,007 - mmdet - INFO - Epoch [14][6700/8725]	lr: 1.000e-03, eta: 2:40:13, time: 0.168, data_time: 0.010, memory: 13424, loss_cls: 0.3785, loss_bbox: 0.3831, loss_kps: 0.0000, loss: 0.7616
2026-09-10 09:43:30,475 - mmdet - INFO - Epoch [14][6750/8725]	lr: 1.000e-03, eta: 2:40:04, time: 0.170, data_time: 0.010, memory: 13424, loss_cls: 0.3915, loss_bbox: 0.3762, loss_kps: 0.0000, loss: 0.7677
2026-09-10 09:43:38,947 - mmdet - INFO - Epoch [14][6800/8725]	lr: 1.000e-03, eta: 2:39:55, time: 0.169, data_time: 0.011, memory: 13424, loss_cls: 0.3965, loss_bbox: 0.4102, loss_kps: 0.0000, loss: 0.8067
2026-09-10 09:43:47,397 - mmdet - INFO - Epoch [14][6850/8725]	lr: 1.000e-03, eta: 2:39:46, time: 0.169, data_time: 0.011, memory: 13424, loss_cls: 0.3993, loss_bbox: 0.3850, loss_kps: 0.0000, loss: 0.7843
2026-09-10 09:43:55,822 - mmdet - INFO - Epoch [14][6900/8725]	lr: 1.000e-03, eta: 2:39:37, time: 0.168, data_time: 0.010, memory: 13424, loss_cls: 0.3729, loss_bbox: 0.3767, loss_kps: 0.0000, loss: 0.7496
2026-09-10 09:44:04,247 - mmdet - INFO - Epoch [14][6950/8725]	lr: 1.000e-03, eta: 2:39:28, time: 0.169, data_time: 0.011, memory: 13424, loss_cls: 0.4331, loss_bbox: 0.4011, loss_kps: 0.0000, loss: 0.8342
2026-09-10 09:44:12,675 - mmdet - INFO - Epoch [14][7000/8725]	lr: 1.000e-03, eta: 2:39:19, time: 0.168, data_time: 0.010, memory: 13424, loss_cls: 0.4189, loss_bbox: 0.3821, loss_kps: 0.0000, loss: 0.8009
2026-09-10 09:44:21,120 - mmdet - INFO - Epoch [14][7050/8725]	lr: 1.000e-03, eta: 2:39:10, time: 0.169, data_time: 0.010, memory: 13424, loss_cls: 0.4213, loss_bbox: 0.3906, loss_kps: 0.0000, loss: 0.8118
2026-09-10 09:44:29,625 - mmdet - INFO - Epoch [14][7100/8725]	lr: 1.000e-03, eta: 2:39:01, time: 0.170, data_time: 0.010, memory: 13424, loss_cls: 0.4180, loss_bbox: 0.4268, loss_kps: 0.0000, loss: 0.8447
2026-09-10 09:44:38,106 - mmdet - INFO - Epoch [14][7150/8725]	lr: 1.000e-03, eta: 2:38:52, time: 0.170, data_time: 0.011, memory: 13424, loss_cls: 0.4219, loss_bbox: 0.3955, loss_kps: 0.0000, loss: 0.8174
2026-09-10 09:44:46,585 - mmdet - INFO - Epoch [14][7200/8725]	lr: 1.000e-03, eta: 2:38:43, time: 0.169, data_time: 0.010, memory: 13424, loss_cls: 0.4120, loss_bbox: 0.4012, loss_kps: 0.0000, loss: 0.8133
2026-09-10 09:44:55,012 - mmdet - INFO - Epoch [14][7250/8725]	lr: 1.000e-03, eta: 2:38:34, time: 0.169, data_time: 0.010, memory: 13424, loss_cls: 0.4217, loss_bbox: 0.3976, loss_kps: 0.0000, loss: 0.8193
2026-09-10 09:45:03,514 - mmdet - INFO - Epoch [14][7300/8725]	lr: 1.000e-03, eta: 2:38:25, time: 0.170, data_time: 0.010, memory: 13424, loss_cls: 0.4090, loss_bbox: 0.4031, loss_kps: 0.0000, loss: 0.8121
2026-09-10 09:45:12,029 - mmdet - INFO - Epoch [14][7350/8725]	lr: 1.000e-03, eta: 2:38:16, time: 0.171, data_time: 0.010, memory: 13424, loss_cls: 0.4107, loss_bbox: 0.3971, loss_kps: 0.0000, loss: 0.8077
2026-09-10 09:45:20,487 - mmdet - INFO - Epoch [14][7400/8725]	lr: 1.000e-03, eta: 2:38:07, time: 0.169, data_time: 0.010, memory: 13424, loss_cls: 0.4078, loss_bbox: 0.3821, loss_kps: 0.0000, loss: 0.7899
2026-09-10 09:45:28,944 - mmdet - INFO - Epoch [14][7450/8725]	lr: 1.000e-03, eta: 2:37:58, time: 0.169, data_time: 0.011, memory: 13424, loss_cls: 0.4216, loss_bbox: 0.3936, loss_kps: 0.0000, loss: 0.8152
2026-09-10 09:45:37,378 - mmdet - INFO - Epoch [14][7500/8725]	lr: 1.000e-03, eta: 2:37:49, time: 0.168, data_time: 0.010, memory: 13424, loss_cls: 0.4189, loss_bbox: 0.4010, loss_kps: 0.0000, loss: 0.8199
2026-09-10 09:45:45,850 - mmdet - INFO - Epoch [14][7550/8725]	lr: 1.000e-03, eta: 2:37:40, time: 0.170, data_time: 0.010, memory: 13424, loss_cls: 0.3999, loss_bbox: 0.4028, loss_kps: 0.0000, loss: 0.8027
2026-09-10 09:45:54,409 - mmdet - INFO - Epoch [14][7600/8725]	lr: 1.000e-03, eta: 2:37:31, time: 0.171, data_time: 0.010, memory: 13424, loss_cls: 0.4121, loss_bbox: 0.3802, loss_kps: 0.0000, loss: 0.7923
2026-09-10 09:46:02,858 - mmdet - INFO - Epoch [14][7650/8725]	lr: 1.000e-03, eta: 2:37:22, time: 0.169, data_time: 0.010, memory: 13424, loss_cls: 0.4050, loss_bbox: 0.3916, loss_kps: 0.0000, loss: 0.7966
2026-09-10 09:46:11,256 - mmdet - INFO - Epoch [14][7700/8725]	lr: 1.000e-03, eta: 2:37:13, time: 0.168, data_time: 0.010, memory: 13424, loss_cls: 0.4117, loss_bbox: 0.3898, loss_kps: 0.0000, loss: 0.8014
2026-09-10 09:46:19,715 - mmdet - INFO - Epoch [14][7750/8725]	lr: 1.000e-03, eta: 2:37:04, time: 0.169, data_time: 0.010, memory: 13424, loss_cls: 0.4062, loss_bbox: 0.3801, loss_kps: 0.0000, loss: 0.7863
2026-09-10 09:46:28,305 - mmdet - INFO - Epoch [14][7800/8725]	lr: 1.000e-03, eta: 2:36:55, time: 0.172, data_time: 0.010, memory: 13424, loss_cls: 0.3959, loss_bbox: 0.4019, loss_kps: 0.0000, loss: 0.7978
2026-09-10 09:46:36,759 - mmdet - INFO - Epoch [14][7850/8725]	lr: 1.000e-03, eta: 2:36:46, time: 0.169, data_time: 0.011, memory: 13424, loss_cls: 0.3961, loss_bbox: 0.3890, loss_kps: 0.0000, loss: 0.7851
2026-09-10 09:46:45,148 - mmdet - INFO - Epoch [14][7900/8725]	lr: 1.000e-03, eta: 2:36:37, time: 0.168, data_time: 0.010, memory: 13424, loss_cls: 0.4187, loss_bbox: 0.3949, loss_kps: 0.0000, loss: 0.8135
2026-09-10 09:46:53,616 - mmdet - INFO - Epoch [14][7950/8725]	lr: 1.000e-03, eta: 2:36:28, time: 0.170, data_time: 0.010, memory: 13424, loss_cls: 0.3802, loss_bbox: 0.3843, loss_kps: 0.0000, loss: 0.7645
2026-09-10 09:47:02,061 - mmdet - INFO - Epoch [14][8000/8725]	lr: 1.000e-03, eta: 2:36:19, time: 0.169, data_time: 0.010, memory: 13424, loss_cls: 0.3934, loss_bbox: 0.3868, loss_kps: 0.0000, loss: 0.7802
2026-09-10 09:47:10,470 - mmdet - INFO - Epoch [14][8050/8725]	lr: 1.000e-03, eta: 2:36:10, time: 0.168, data_time: 0.010, memory: 13424, loss_cls: 0.3776, loss_bbox: 0.3673, loss_kps: 0.0000, loss: 0.7450
2026-09-10 09:47:18,939 - mmdet - INFO - Epoch [14][8100/8725]	lr: 1.000e-03, eta: 2:36:01, time: 0.169, data_time: 0.010, memory: 13424, loss_cls: 0.4230, loss_bbox: 0.3900, loss_kps: 0.0000, loss: 0.8130
2026-09-10 09:47:27,345 - mmdet - INFO - Epoch [14][8150/8725]	lr: 1.000e-03, eta: 2:35:52, time: 0.168, data_time: 0.010, memory: 13424, loss_cls: 0.3906, loss_bbox: 0.3899, loss_kps: 0.0000, loss: 0.7804
2026-09-10 09:47:35,882 - mmdet - INFO - Epoch [14][8200/8725]	lr: 1.000e-03, eta: 2:35:43, time: 0.170, data_time: 0.011, memory: 13424, loss_cls: 0.3859, loss_bbox: 0.3921, loss_kps: 0.0000, loss: 0.7780
2026-09-10 09:47:44,290 - mmdet - INFO - Epoch [14][8250/8725]	lr: 1.000e-03, eta: 2:35:34, time: 0.169, data_time: 0.010, memory: 13424, loss_cls: 0.4183, loss_bbox: 0.4018, loss_kps: 0.0000, loss: 0.8201
2026-09-10 09:47:52,717 - mmdet - INFO - Epoch [14][8300/8725]	lr: 1.000e-03, eta: 2:35:25, time: 0.168, data_time: 0.010, memory: 13424, loss_cls: 0.3926, loss_bbox: 0.3770, loss_kps: 0.0000, loss: 0.7696
2026-09-10 09:48:01,179 - mmdet - INFO - Epoch [14][8350/8725]	lr: 1.000e-03, eta: 2:35:16, time: 0.169, data_time: 0.010, memory: 13424, loss_cls: 0.3711, loss_bbox: 0.3606, loss_kps: 0.0000, loss: 0.7317
2026-09-10 09:48:09,616 - mmdet - INFO - Epoch [14][8400/8725]	lr: 1.000e-03, eta: 2:35:07, time: 0.168, data_time: 0.010, memory: 13424, loss_cls: 0.3965, loss_bbox: 0.3926, loss_kps: 0.0000, loss: 0.7891
2026-09-10 09:48:17,998 - mmdet - INFO - Epoch [14][8450/8725]	lr: 1.000e-03, eta: 2:34:58, time: 0.168, data_time: 0.010, memory: 13424, loss_cls: 0.4250, loss_bbox: 0.3981, loss_kps: 0.0000, loss: 0.8230
2026-09-10 09:48:26,416 - mmdet - INFO - Epoch [14][8500/8725]	lr: 1.000e-03, eta: 2:34:49, time: 0.168, data_time: 0.010, memory: 13424, loss_cls: 0.3684, loss_bbox: 0.3799, loss_kps: 0.0000, loss: 0.7483
2026-09-10 09:48:34,824 - mmdet - INFO - Epoch [14][8550/8725]	lr: 1.000e-03, eta: 2:34:40, time: 0.168, data_time: 0.010, memory: 13424, loss_cls: 0.4057, loss_bbox: 0.3786, loss_kps: 0.0000, loss: 0.7843
2026-09-10 09:48:43,249 - mmdet - INFO - Epoch [14][8600/8725]	lr: 1.000e-03, eta: 2:34:31, time: 0.168, data_time: 0.010, memory: 13424, loss_cls: 0.3772, loss_bbox: 0.3816, loss_kps: 0.0000, loss: 0.7588
2026-09-10 09:48:51,711 - mmdet - INFO - Epoch [14][8650/8725]	lr: 1.000e-03, eta: 2:34:22, time: 0.169, data_time: 0.010, memory: 13424, loss_cls: 0.4152, loss_bbox: 0.3988, loss_kps: 0.0000, loss: 0.8140
2026-09-10 09:49:00,167 - mmdet - INFO - Epoch [14][8700/8725]	lr: 1.000e-03, eta: 2:34:13, time: 0.169, data_time: 0.010, memory: 13424, loss_cls: 0.4250, loss_bbox: 0.3974, loss_kps: 0.0000, loss: 0.8225
2026-09-10 09:49:04,419 - mmdet - INFO - Saving checkpoint at 14 epochs
2026-09-10 09:49:16,608 - mmdet - INFO - Epoch [15][50/8725]	lr: 1.000e-04, eta: 2:33:59, time: 0.239, data_time: 0.079, memory: 13424, loss_cls: 0.4218, loss_bbox: 0.3994, loss_kps: 0.0000, loss: 0.8212
2026-09-10 09:49:25,299 - mmdet - INFO - Epoch [15][100/8725]	lr: 1.000e-04, eta: 2:33:50, time: 0.174, data_time: 0.009, memory: 13424, loss_cls: 0.3916, loss_bbox: 0.3763, loss_kps: 0.0000, loss: 0.7679
2026-09-10 09:49:33,718 - mmdet - INFO - Epoch [15][150/8725]	lr: 1.000e-04, eta: 2:33:41, time: 0.168, data_time: 0.009, memory: 13424, loss_cls: 0.4025, loss_bbox: 0.3656, loss_kps: 0.0000, loss: 0.7681
2026-09-10 09:49:42,389 - mmdet - INFO - Epoch [15][200/8725]	lr: 1.000e-04, eta: 2:33:32, time: 0.173, data_time: 0.009, memory: 13424, loss_cls: 0.3869, loss_bbox: 0.3885, loss_kps: 0.0000, loss: 0.7754
2026-09-10 09:49:50,812 - mmdet - INFO - Epoch [15][250/8725]	lr: 1.000e-04, eta: 2:33:23, time: 0.169, data_time: 0.009, memory: 13424, loss_cls: 0.3962, loss_bbox: 0.4047, loss_kps: 0.0000, loss: 0.8010
2026-09-10 09:49:59,244 - mmdet - INFO - Epoch [15][300/8725]	lr: 1.000e-04, eta: 2:33:14, time: 0.169, data_time: 0.009, memory: 13424, loss_cls: 0.3836, loss_bbox: 0.3683, loss_kps: 0.0000, loss: 0.7519
2026-09-10 09:50:07,644 - mmdet - INFO - Epoch [15][350/8725]	lr: 1.000e-04, eta: 2:33:05, time: 0.168, data_time: 0.009, memory: 13424, loss_cls: 0.4137, loss_bbox: 0.3968, loss_kps: 0.0000, loss: 0.8105
2026-09-10 09:50:16,046 - mmdet - INFO - Epoch [15][400/8725]	lr: 1.000e-04, eta: 2:32:56, time: 0.168, data_time: 0.010, memory: 13424, loss_cls: 0.3965, loss_bbox: 0.3635, loss_kps: 0.0000, loss: 0.7600
2026-09-10 09:50:24,513 - mmdet - INFO - Epoch [15][450/8725]	lr: 1.000e-04, eta: 2:32:47, time: 0.169, data_time: 0.010, memory: 13424, loss_cls: 0.3917, loss_bbox: 0.3916, loss_kps: 0.0000, loss: 0.7833
2026-09-10 09:50:32,975 - mmdet - INFO - Epoch [15][500/8725]	lr: 1.000e-04, eta: 2:32:38, time: 0.169, data_time: 0.009, memory: 13424, loss_cls: 0.4150, loss_bbox: 0.3726, loss_kps: 0.0000, loss: 0.7877
2026-09-10 09:50:41,365 - mmdet - INFO - Epoch [15][550/8725]	lr: 1.000e-04, eta: 2:32:29, time: 0.168, data_time: 0.009, memory: 13424, loss_cls: 0.3845, loss_bbox: 0.3611, loss_kps: 0.0000, loss: 0.7456
2026-09-10 09:50:49,786 - mmdet - INFO - Epoch [15][600/8725]	lr: 1.000e-04, eta: 2:32:20, time: 0.168, data_time: 0.009, memory: 13424, loss_cls: 0.3734, loss_bbox: 0.3825, loss_kps: 0.0000, loss: 0.7559
2026-09-10 09:50:58,221 - mmdet - INFO - Epoch [15][650/8725]	lr: 1.000e-04, eta: 2:32:11, time: 0.169, data_time: 0.009, memory: 13424, loss_cls: 0.3700, loss_bbox: 0.3709, loss_kps: 0.0000, loss: 0.7409
2026-09-10 09:51:06,622 - mmdet - INFO - Epoch [15][700/8725]	lr: 1.000e-04, eta: 2:32:02, time: 0.168, data_time: 0.009, memory: 13424, loss_cls: 0.3894, loss_bbox: 0.4135, loss_kps: 0.0000, loss: 0.8029
2026-09-10 09:51:15,097 - mmdet - INFO - Epoch [15][750/8725]	lr: 1.000e-04, eta: 2:31:53, time: 0.170, data_time: 0.010, memory: 13424, loss_cls: 0.3909, loss_bbox: 0.3812, loss_kps: 0.0000, loss: 0.7721
2026-09-10 09:51:23,538 - mmdet - INFO - Epoch [15][800/8725]	lr: 1.000e-04, eta: 2:31:44, time: 0.169, data_time: 0.009, memory: 13424, loss_cls: 0.3888, loss_bbox: 0.3800, loss_kps: 0.0000, loss: 0.7688
2026-09-10 09:51:32,076 - mmdet - INFO - Exp name: scrfd_armAA34.py
2026-09-10 09:51:32,076 - mmdet - INFO - Epoch [15][850/8725]	lr: 1.000e-04, eta: 2:31:35, time: 0.171, data_time: 0.010, memory: 13424, loss_cls: 0.3913, loss_bbox: 0.3799, loss_kps: 0.0000, loss: 0.7712
2026-09-10 09:51:40,566 - mmdet - INFO - Epoch [15][900/8725]	lr: 1.000e-04, eta: 2:31:26, time: 0.170, data_time: 0.009, memory: 13424, loss_cls: 0.3705, loss_bbox: 0.3672, loss_kps: 0.0000, loss: 0.7377
2026-09-10 09:51:49,012 - mmdet - INFO - Epoch [15][950/8725]	lr: 1.000e-04, eta: 2:31:17, time: 0.169, data_time: 0.009, memory: 13424, loss_cls: 0.3846, loss_bbox: 0.4062, loss_kps: 0.0000, loss: 0.7908
2026-09-10 09:51:57,368 - mmdet - INFO - Epoch [15][1000/8725]	lr: 1.000e-04, eta: 2:31:08, time: 0.167, data_time: 0.009, memory: 13424, loss_cls: 0.3742, loss_bbox: 0.3641, loss_kps: 0.0000, loss: 0.7383
2026-09-10 09:52:05,776 - mmdet - INFO - Epoch [15][1050/8725]	lr: 1.000e-04, eta: 2:30:59, time: 0.168, data_time: 0.009, memory: 13424, loss_cls: 0.3689, loss_bbox: 0.3653, loss_kps: 0.0000, loss: 0.7342
2026-09-10 09:52:14,230 - mmdet - INFO - Epoch [15][1100/8725]	lr: 1.000e-04, eta: 2:30:50, time: 0.169, data_time: 0.009, memory: 13424, loss_cls: 0.3884, loss_bbox: 0.3686, loss_kps: 0.0000, loss: 0.7569
2026-09-10 09:52:22,672 - mmdet - INFO - Epoch [15][1150/8725]	lr: 1.000e-04, eta: 2:30:41, time: 0.169, data_time: 0.010, memory: 13424, loss_cls: 0.3881, loss_bbox: 0.3654, loss_kps: 0.0000, loss: 0.7535
2026-09-10 09:52:31,074 - mmdet - INFO - Epoch [15][1200/8725]	lr: 1.000e-04, eta: 2:30:32, time: 0.168, data_time: 0.009, memory: 13424, loss_cls: 0.3865, loss_bbox: 0.3830, loss_kps: 0.0000, loss: 0.7695
2026-09-10 09:52:39,545 - mmdet - INFO - Epoch [15][1250/8725]	lr: 1.000e-04, eta: 2:30:23, time: 0.170, data_time: 0.009, memory: 13424, loss_cls: 0.3823, loss_bbox: 0.3645, loss_kps: 0.0000, loss: 0.7468
2026-09-10 09:52:47,975 - mmdet - INFO - Epoch [15][1300/8725]	lr: 1.000e-04, eta: 2:30:14, time: 0.169, data_time: 0.009, memory: 13424, loss_cls: 0.4184, loss_bbox: 0.4028, loss_kps: 0.0000, loss: 0.8212
2026-09-10 09:52:56,420 - mmdet - INFO - Epoch [15][1350/8725]	lr: 1.000e-04, eta: 2:30:05, time: 0.169, data_time: 0.009, memory: 13424, loss_cls: 0.4111, loss_bbox: 0.3744, loss_kps: 0.0000, loss: 0.7855
2026-09-10 09:53:04,857 - mmdet - INFO - Epoch [15][1400/8725]	lr: 1.000e-04, eta: 2:29:56, time: 0.169, data_time: 0.009, memory: 13424, loss_cls: 0.3705, loss_bbox: 0.3692, loss_kps: 0.0000, loss: 0.7397
2026-09-10 09:53:13,360 - mmdet - INFO - Epoch [15][1450/8725]	lr: 1.000e-04, eta: 2:29:47, time: 0.170, data_time: 0.010, memory: 13424, loss_cls: 0.4073, loss_bbox: 0.3759, loss_kps: 0.0000, loss: 0.7832
2026-09-10 09:53:21,785 - mmdet - INFO - Epoch [15][1500/8725]	lr: 1.000e-04, eta: 2:29:38, time: 0.168, data_time: 0.010, memory: 13424, loss_cls: 0.3483, loss_bbox: 0.3695, loss_kps: 0.0000, loss: 0.7178
2026-09-10 09:53:30,222 - mmdet - INFO - Epoch [15][1550/8725]	lr: 1.000e-04, eta: 2:29:29, time: 0.169, data_time: 0.009, memory: 13424, loss_cls: 0.3660, loss_bbox: 0.3705, loss_kps: 0.0000, loss: 0.7364
2026-09-10 09:53:38,663 - mmdet - INFO - Epoch [15][1600/8725]	lr: 1.000e-04, eta: 2:29:20, time: 0.169, data_time: 0.009, memory: 13424, loss_cls: 0.4074, loss_bbox: 0.3944, loss_kps: 0.0000, loss: 0.8018
2026-09-10 09:53:47,059 - mmdet - INFO - Epoch [15][1650/8725]	lr: 1.000e-04, eta: 2:29:11, time: 0.168, data_time: 0.010, memory: 13424, loss_cls: 0.4092, loss_bbox: 0.3692, loss_kps: 0.0000, loss: 0.7784
2026-09-10 09:53:55,446 - mmdet - INFO - Epoch [15][1700/8725]	lr: 1.000e-04, eta: 2:29:02, time: 0.168, data_time: 0.010, memory: 13424, loss_cls: 0.3607, loss_bbox: 0.3613, loss_kps: 0.0000, loss: 0.7219
2026-09-10 09:54:03,893 - mmdet - INFO - Epoch [15][1750/8725]	lr: 1.000e-04, eta: 2:28:53, time: 0.169, data_time: 0.010, memory: 13424, loss_cls: 0.3700, loss_bbox: 0.3591, loss_kps: 0.0000, loss: 0.7291
2026-09-10 09:54:12,296 - mmdet - INFO - Epoch [15][1800/8725]	lr: 1.000e-04, eta: 2:28:44, time: 0.168, data_time: 0.010, memory: 13424, loss_cls: 0.3992, loss_bbox: 0.3751, loss_kps: 0.0000, loss: 0.7743
2026-09-10 09:54:20,724 - mmdet - INFO - Exp name: scrfd_armAA34.py
2026-09-10 09:54:20,724 - mmdet - INFO - Epoch [15][1850/8725]	lr: 1.000e-04, eta: 2:28:35, time: 0.169, data_time: 0.010, memory: 13424, loss_cls: 0.3931, loss_bbox: 0.3794, loss_kps: 0.0000, loss: 0.7725
2026-09-10 09:54:29,148 - mmdet - INFO - Epoch [15][1900/8725]	lr: 1.000e-04, eta: 2:28:26, time: 0.168, data_time: 0.010, memory: 13424, loss_cls: 0.3728, loss_bbox: 0.3761, loss_kps: 0.0000, loss: 0.7489
2026-09-10 09:54:37,553 - mmdet - INFO - Epoch [15][1950/8725]	lr: 1.000e-04, eta: 2:28:17, time: 0.168, data_time: 0.010, memory: 13424, loss_cls: 0.4024, loss_bbox: 0.3865, loss_kps: 0.0000, loss: 0.7888
2026-09-10 09:54:45,951 - mmdet - INFO - Epoch [15][2000/8725]	lr: 1.000e-04, eta: 2:28:08, time: 0.168, data_time: 0.010, memory: 13424, loss_cls: 0.3777, loss_bbox: 0.3926, loss_kps: 0.0000, loss: 0.7703
2026-09-10 09:54:54,356 - mmdet - INFO - Epoch [15][2050/8725]	lr: 1.000e-04, eta: 2:27:59, time: 0.168, data_time: 0.010, memory: 13424, loss_cls: 0.3877, loss_bbox: 0.3952, loss_kps: 0.0000, loss: 0.7829
2026-09-10 09:55:02,802 - mmdet - INFO - Epoch [15][2100/8725]	lr: 1.000e-04, eta: 2:27:50, time: 0.169, data_time: 0.010, memory: 13424, loss_cls: 0.4102, loss_bbox: 0.3786, loss_kps: 0.0000, loss: 0.7888
2026-09-10 09:55:11,256 - mmdet - INFO - Epoch [15][2150/8725]	lr: 1.000e-04, eta: 2:27:41, time: 0.169, data_time: 0.010, memory: 13424, loss_cls: 0.3741, loss_bbox: 0.3691, loss_kps: 0.0000, loss: 0.7432
2026-09-10 09:55:19,728 - mmdet - INFO - Epoch [15][2200/8725]	lr: 1.000e-04, eta: 2:27:32, time: 0.169, data_time: 0.010, memory: 13424, loss_cls: 0.3786, loss_bbox: 0.3864, loss_kps: 0.0000, loss: 0.7650
2026-09-10 09:55:28,174 - mmdet - INFO - Epoch [15][2250/8725]	lr: 1.000e-04, eta: 2:27:23, time: 0.169, data_time: 0.010, memory: 13424, loss_cls: 0.3996, loss_bbox: 0.3934, loss_kps: 0.0000, loss: 0.7929
2026-09-10 09:55:36,658 - mmdet - INFO - Epoch [15][2300/8725]	lr: 1.000e-04, eta: 2:27:14, time: 0.170, data_time: 0.010, memory: 13424, loss_cls: 0.4131, loss_bbox: 0.3850, loss_kps: 0.0000, loss: 0.7981
2026-09-10 09:55:45,083 - mmdet - INFO - Epoch [15][2350/8725]	lr: 1.000e-04, eta: 2:27:05, time: 0.169, data_time: 0.010, memory: 13424, loss_cls: 0.3612, loss_bbox: 0.3876, loss_kps: 0.0000, loss: 0.7488
2026-09-10 09:55:53,550 - mmdet - INFO - Epoch [15][2400/8725]	lr: 1.000e-04, eta: 2:26:56, time: 0.169, data_time: 0.010, memory: 13424, loss_cls: 0.3999, loss_bbox: 0.3723, loss_kps: 0.0000, loss: 0.7722
2026-09-10 09:56:02,016 - mmdet - INFO - Epoch [15][2450/8725]	lr: 1.000e-04, eta: 2:26:48, time: 0.169, data_time: 0.010, memory: 13424, loss_cls: 0.3580, loss_bbox: 0.3781, loss_kps: 0.0000, loss: 0.7361
2026-09-10 09:56:10,449 - mmdet - INFO - Epoch [15][2500/8725]	lr: 1.000e-04, eta: 2:26:39, time: 0.169, data_time: 0.010, memory: 13424, loss_cls: 0.4032, loss_bbox: 0.3804, loss_kps: 0.0000, loss: 0.7836
2026-09-10 09:56:18,851 - mmdet - INFO - Epoch [15][2550/8725]	lr: 1.000e-04, eta: 2:26:30, time: 0.168, data_time: 0.010, memory: 13424, loss_cls: 0.3925, loss_bbox: 0.3682, loss_kps: 0.0000, loss: 0.7607
2026-09-10 09:56:27,255 - mmdet - INFO - Epoch [15][2600/8725]	lr: 1.000e-04, eta: 2:26:21, time: 0.168, data_time: 0.010, memory: 13424, loss_cls: 0.3662, loss_bbox: 0.3603, loss_kps: 0.0000, loss: 0.7265
2026-09-10 09:56:35,642 - mmdet - INFO - Epoch [15][2650/8725]	lr: 1.000e-04, eta: 2:26:12, time: 0.168, data_time: 0.010, memory: 13424, loss_cls: 0.3859, loss_bbox: 0.3908, loss_kps: 0.0000, loss: 0.7768
2026-09-10 09:56:44,053 - mmdet - INFO - Epoch [15][2700/8725]	lr: 1.000e-04, eta: 2:26:03, time: 0.168, data_time: 0.010, memory: 13424, loss_cls: 0.3708, loss_bbox: 0.3778, loss_kps: 0.0000, loss: 0.7487
2026-09-10 09:56:52,452 - mmdet - INFO - Epoch [15][2750/8725]	lr: 1.000e-04, eta: 2:25:54, time: 0.168, data_time: 0.010, memory: 13424, loss_cls: 0.4125, loss_bbox: 0.3991, loss_kps: 0.0000, loss: 0.8116
2026-09-10 09:57:00,869 - mmdet - INFO - Epoch [15][2800/8725]	lr: 1.000e-04, eta: 2:25:45, time: 0.168, data_time: 0.010, memory: 13424, loss_cls: 0.3775, loss_bbox: 0.3824, loss_kps: 0.0000, loss: 0.7599
2026-09-10 09:57:09,272 - mmdet - INFO - Exp name: scrfd_armAA34.py
2026-09-10 09:57:09,273 - mmdet - INFO - Epoch [15][2850/8725]	lr: 1.000e-04, eta: 2:25:36, time: 0.168, data_time: 0.010, memory: 13424, loss_cls: 0.3652, loss_bbox: 0.3694, loss_kps: 0.0000, loss: 0.7346
2026-09-10 09:57:17,682 - mmdet - INFO - Epoch [15][2900/8725]	lr: 1.000e-04, eta: 2:25:27, time: 0.168, data_time: 0.010, memory: 13424, loss_cls: 0.3964, loss_bbox: 0.3765, loss_kps: 0.0000, loss: 0.7729
2026-09-10 09:57:26,145 - mmdet - INFO - Epoch [15][2950/8725]	lr: 1.000e-04, eta: 2:25:18, time: 0.169, data_time: 0.010, memory: 13424, loss_cls: 0.3929, loss_bbox: 0.3810, loss_kps: 0.0000, loss: 0.7738
2026-09-10 09:57:34,563 - mmdet - INFO - Epoch [15][3000/8725]	lr: 1.000e-04, eta: 2:25:09, time: 0.168, data_time: 0.010, memory: 13424, loss_cls: 0.3628, loss_bbox: 0.3789, loss_kps: 0.0000, loss: 0.7417
2026-09-10 09:57:42,997 - mmdet - INFO - Epoch [15][3050/8725]	lr: 1.000e-04, eta: 2:25:00, time: 0.169, data_time: 0.010, memory: 13424, loss_cls: 0.3975, loss_bbox: 0.3800, loss_kps: 0.0000, loss: 0.7775
2026-09-10 09:57:51,487 - mmdet - INFO - Epoch [15][3100/8725]	lr: 1.000e-04, eta: 2:24:51, time: 0.170, data_time: 0.010, memory: 13424, loss_cls: 0.3832, loss_bbox: 0.3845, loss_kps: 0.0000, loss: 0.7677
2026-09-10 09:57:59,930 - mmdet - INFO - Epoch [15][3150/8725]	lr: 1.000e-04, eta: 2:24:42, time: 0.169, data_time: 0.009, memory: 13424, loss_cls: 0.3709, loss_bbox: 0.3683, loss_kps: 0.0000, loss: 0.7392
2026-09-10 09:58:08,434 - mmdet - INFO - Epoch [15][3200/8725]	lr: 1.000e-04, eta: 2:24:33, time: 0.170, data_time: 0.010, memory: 13424, loss_cls: 0.3771, loss_bbox: 0.3553, loss_kps: 0.0000, loss: 0.7324
2026-09-10 09:58:16,850 - mmdet - INFO - Epoch [15][3250/8725]	lr: 1.000e-04, eta: 2:24:24, time: 0.169, data_time: 0.010, memory: 13424, loss_cls: 0.3886, loss_bbox: 0.3563, loss_kps: 0.0000, loss: 0.7448
2026-09-10 09:58:25,229 - mmdet - INFO - Epoch [15][3300/8725]	lr: 1.000e-04, eta: 2:24:15, time: 0.167, data_time: 0.010, memory: 13424, loss_cls: 0.3888, loss_bbox: 0.3842, loss_kps: 0.0000, loss: 0.7730
2026-09-10 09:58:33,680 - mmdet - INFO - Epoch [15][3350/8725]	lr: 1.000e-04, eta: 2:24:06, time: 0.169, data_time: 0.010, memory: 13424, loss_cls: 0.3596, loss_bbox: 0.3687, loss_kps: 0.0000, loss: 0.7284
2026-09-10 09:58:42,155 - mmdet - INFO - Epoch [15][3400/8725]	lr: 1.000e-04, eta: 2:23:57, time: 0.169, data_time: 0.010, memory: 13424, loss_cls: 0.4023, loss_bbox: 0.3887, loss_kps: 0.0000, loss: 0.7910
2026-09-10 09:58:50,833 - mmdet - INFO - Epoch [15][3450/8725]	lr: 1.000e-04, eta: 2:23:48, time: 0.174, data_time: 0.010, memory: 13424, loss_cls: 0.3750, loss_bbox: 0.3743, loss_kps: 0.0000, loss: 0.7493
2026-09-10 09:58:59,321 - mmdet - INFO - Epoch [15][3500/8725]	lr: 1.000e-04, eta: 2:23:39, time: 0.170, data_time: 0.010, memory: 13424, loss_cls: 0.4024, loss_bbox: 0.3582, loss_kps: 0.0000, loss: 0.7606
2026-09-10 09:59:07,736 - mmdet - INFO - Epoch [15][3550/8725]	lr: 1.000e-04, eta: 2:23:30, time: 0.168, data_time: 0.010, memory: 13424, loss_cls: 0.3588, loss_bbox: 0.3605, loss_kps: 0.0000, loss: 0.7193
2026-09-10 09:59:16,245 - mmdet - INFO - Epoch [15][3600/8725]	lr: 1.000e-04, eta: 2:23:21, time: 0.170, data_time: 0.010, memory: 13424, loss_cls: 0.4003, loss_bbox: 0.3859, loss_kps: 0.0000, loss: 0.7862
2026-09-10 09:59:24,701 - mmdet - INFO - Epoch [15][3650/8725]	lr: 1.000e-04, eta: 2:23:12, time: 0.169, data_time: 0.010, memory: 13424, loss_cls: 0.3681, loss_bbox: 0.3634, loss_kps: 0.0000, loss: 0.7315
2026-09-10 09:59:33,092 - mmdet - INFO - Epoch [15][3700/8725]	lr: 1.000e-04, eta: 2:23:03, time: 0.168, data_time: 0.010, memory: 13424, loss_cls: 0.3962, loss_bbox: 0.3775, loss_kps: 0.0000, loss: 0.7737
2026-09-10 09:59:41,701 - mmdet - INFO - Epoch [15][3750/8725]	lr: 1.000e-04, eta: 2:22:54, time: 0.172, data_time: 0.010, memory: 13424, loss_cls: 0.3765, loss_bbox: 0.3781, loss_kps: 0.0000, loss: 0.7546
2026-09-10 09:59:50,121 - mmdet - INFO - Epoch [15][3800/8725]	lr: 1.000e-04, eta: 2:22:45, time: 0.168, data_time: 0.010, memory: 13424, loss_cls: 0.3681, loss_bbox: 0.3820, loss_kps: 0.0000, loss: 0.7501
2026-09-10 09:59:58,549 - mmdet - INFO - Exp name: scrfd_armAA34.py
2026-09-10 09:59:58,550 - mmdet - INFO - Epoch [15][3850/8725]	lr: 1.000e-04, eta: 2:22:36, time: 0.169, data_time: 0.010, memory: 13424, loss_cls: 0.3947, loss_bbox: 0.3811, loss_kps: 0.0000, loss: 0.7758
2026-09-10 10:00:06,940 - mmdet - INFO - Epoch [15][3900/8725]	lr: 1.000e-04, eta: 2:22:27, time: 0.168, data_time: 0.010, memory: 13424, loss_cls: 0.3921, loss_bbox: 0.3849, loss_kps: 0.0000, loss: 0.7770
2026-09-10 10:00:15,364 - mmdet - INFO - Epoch [15][3950/8725]	lr: 1.000e-04, eta: 2:22:18, time: 0.169, data_time: 0.010, memory: 13424, loss_cls: 0.3888, loss_bbox: 0.3841, loss_kps: 0.0000, loss: 0.7728
2026-09-10 10:00:23,746 - mmdet - INFO - Epoch [15][4000/8725]	lr: 1.000e-04, eta: 2:22:09, time: 0.168, data_time: 0.010, memory: 13424, loss_cls: 0.3916, loss_bbox: 0.3711, loss_kps: 0.0000, loss: 0.7626
2026-09-10 10:00:32,207 - mmdet - INFO - Epoch [15][4050/8725]	lr: 1.000e-04, eta: 2:22:00, time: 0.169, data_time: 0.010, memory: 13424, loss_cls: 0.3903, loss_bbox: 0.3558, loss_kps: 0.0000, loss: 0.7461
2026-09-10 10:00:40,620 - mmdet - INFO - Epoch [15][4100/8725]	lr: 1.000e-04, eta: 2:21:51, time: 0.168, data_time: 0.010, memory: 13424, loss_cls: 0.3791, loss_bbox: 0.3787, loss_kps: 0.0000, loss: 0.7579
2026-09-10 10:00:49,083 - mmdet - INFO - Epoch [15][4150/8725]	lr: 1.000e-04, eta: 2:21:42, time: 0.169, data_time: 0.010, memory: 13424, loss_cls: 0.3812, loss_bbox: 0.3726, loss_kps: 0.0000, loss: 0.7539
2026-09-10 10:00:57,522 - mmdet - INFO - Epoch [15][4200/8725]	lr: 1.000e-04, eta: 2:21:33, time: 0.169, data_time: 0.010, memory: 13424, loss_cls: 0.3923, loss_bbox: 0.3738, loss_kps: 0.0000, loss: 0.7661
2026-09-10 10:01:05,909 - mmdet - INFO - Epoch [15][4250/8725]	lr: 1.000e-04, eta: 2:21:25, time: 0.168, data_time: 0.010, memory: 13424, loss_cls: 0.3632, loss_bbox: 0.3981, loss_kps: 0.0000, loss: 0.7613
2026-09-10 10:01:14,343 - mmdet - INFO - Epoch [15][4300/8725]	lr: 1.000e-04, eta: 2:21:16, time: 0.169, data_time: 0.010, memory: 13424, loss_cls: 0.3933, loss_bbox: 0.3866, loss_kps: 0.0000, loss: 0.7799
2026-09-10 10:01:22,737 - mmdet - INFO - Epoch [15][4350/8725]	lr: 1.000e-04, eta: 2:21:07, time: 0.168, data_time: 0.010, memory: 13424, loss_cls: 0.3901, loss_bbox: 0.3775, loss_kps: 0.0000, loss: 0.7676
2026-09-10 10:01:31,182 - mmdet - INFO - Epoch [15][4400/8725]	lr: 1.000e-04, eta: 2:20:58, time: 0.169, data_time: 0.010, memory: 13424, loss_cls: 0.3747, loss_bbox: 0.3748, loss_kps: 0.0000, loss: 0.7495
2026-09-10 10:01:39,642 - mmdet - INFO - Epoch [15][4450/8725]	lr: 1.000e-04, eta: 2:20:49, time: 0.169, data_time: 0.010, memory: 13424, loss_cls: 0.3769, loss_bbox: 0.3795, loss_kps: 0.0000, loss: 0.7563
2026-09-10 10:01:48,044 - mmdet - INFO - Epoch [15][4500/8725]	lr: 1.000e-04, eta: 2:20:40, time: 0.168, data_time: 0.010, memory: 13424, loss_cls: 0.3672, loss_bbox: 0.3810, loss_kps: 0.0000, loss: 0.7481
2026-09-10 10:01:56,407 - mmdet - INFO - Epoch [15][4550/8725]	lr: 1.000e-04, eta: 2:20:31, time: 0.167, data_time: 0.010, memory: 13424, loss_cls: 0.3949, loss_bbox: 0.3783, loss_kps: 0.0000, loss: 0.7732
2026-09-10 10:02:04,838 - mmdet - INFO - Epoch [15][4600/8725]	lr: 1.000e-04, eta: 2:20:22, time: 0.169, data_time: 0.010, memory: 13424, loss_cls: 0.3963, loss_bbox: 0.3989, loss_kps: 0.0000, loss: 0.7952
2026-09-10 10:02:13,353 - mmdet - INFO - Epoch [15][4650/8725]	lr: 1.000e-04, eta: 2:20:13, time: 0.170, data_time: 0.010, memory: 13424, loss_cls: 0.4051, loss_bbox: 0.4027, loss_kps: 0.0000, loss: 0.8079
2026-09-10 10:02:21,771 - mmdet - INFO - Epoch [15][4700/8725]	lr: 1.000e-04, eta: 2:20:04, time: 0.168, data_time: 0.010, memory: 13424, loss_cls: 0.3979, loss_bbox: 0.3739, loss_kps: 0.0000, loss: 0.7718
2026-09-10 10:02:30,215 - mmdet - INFO - Epoch [15][4750/8725]	lr: 1.000e-04, eta: 2:19:55, time: 0.169, data_time: 0.010, memory: 13424, loss_cls: 0.3861, loss_bbox: 0.3852, loss_kps: 0.0000, loss: 0.7713
2026-09-10 10:02:38,601 - mmdet - INFO - Epoch [15][4800/8725]	lr: 1.000e-04, eta: 2:19:46, time: 0.168, data_time: 0.010, memory: 13424, loss_cls: 0.3971, loss_bbox: 0.3505, loss_kps: 0.0000, loss: 0.7476
2026-09-10 10:02:46,993 - mmdet - INFO - Exp name: scrfd_armAA34.py
2026-09-10 10:02:46,993 - mmdet - INFO - Epoch [15][4850/8725]	lr: 1.000e-04, eta: 2:19:37, time: 0.168, data_time: 0.010, memory: 13424, loss_cls: 0.3815, loss_bbox: 0.3686, loss_kps: 0.0000, loss: 0.7501
2026-09-10 10:02:55,405 - mmdet - INFO - Epoch [15][4900/8725]	lr: 1.000e-04, eta: 2:19:28, time: 0.168, data_time: 0.010, memory: 13424, loss_cls: 0.3653, loss_bbox: 0.3567, loss_kps: 0.0000, loss: 0.7220
2026-09-10 10:03:03,838 - mmdet - INFO - Epoch [15][4950/8725]	lr: 1.000e-04, eta: 2:19:19, time: 0.169, data_time: 0.010, memory: 13424, loss_cls: 0.4020, loss_bbox: 0.3986, loss_kps: 0.0000, loss: 0.8007
2026-09-10 10:03:12,298 - mmdet - INFO - Epoch [15][5000/8725]	lr: 1.000e-04, eta: 2:19:10, time: 0.169, data_time: 0.010, memory: 13424, loss_cls: 0.4088, loss_bbox: 0.3946, loss_kps: 0.0000, loss: 0.8034
2026-09-10 10:03:20,709 - mmdet - INFO - Epoch [15][5050/8725]	lr: 1.000e-04, eta: 2:19:01, time: 0.168, data_time: 0.010, memory: 13424, loss_cls: 0.3864, loss_bbox: 0.3880, loss_kps: 0.0000, loss: 0.7744
2026-09-10 10:03:29,128 - mmdet - INFO - Epoch [15][5100/8725]	lr: 1.000e-04, eta: 2:18:52, time: 0.168, data_time: 0.010, memory: 13424, loss_cls: 0.3981, loss_bbox: 0.3866, loss_kps: 0.0000, loss: 0.7847
2026-09-10 10:03:37,533 - mmdet - INFO - Epoch [15][5150/8725]	lr: 1.000e-04, eta: 2:18:43, time: 0.168, data_time: 0.010, memory: 13424, loss_cls: 0.3648, loss_bbox: 0.3565, loss_kps: 0.0000, loss: 0.7212
2026-09-10 10:03:46,004 - mmdet - INFO - Epoch [15][5200/8725]	lr: 1.000e-04, eta: 2:18:34, time: 0.169, data_time: 0.010, memory: 13424, loss_cls: 0.3800, loss_bbox: 0.3996, loss_kps: 0.0000, loss: 0.7795
2026-09-10 10:03:54,453 - mmdet - INFO - Epoch [15][5250/8725]	lr: 1.000e-04, eta: 2:18:25, time: 0.169, data_time: 0.010, memory: 13424, loss_cls: 0.4037, loss_bbox: 0.3921, loss_kps: 0.0000, loss: 0.7959
2026-09-10 10:04:02,937 - mmdet - INFO - Epoch [15][5300/8725]	lr: 1.000e-04, eta: 2:18:16, time: 0.170, data_time: 0.010, memory: 13424, loss_cls: 0.4264, loss_bbox: 0.3903, loss_kps: 0.0000, loss: 0.8167
2026-09-10 10:04:11,376 - mmdet - INFO - Epoch [15][5350/8725]	lr: 1.000e-04, eta: 2:18:07, time: 0.169, data_time: 0.010, memory: 13424, loss_cls: 0.3853, loss_bbox: 0.3649, loss_kps: 0.0000, loss: 0.7503
2026-09-10 10:04:19,787 - mmdet - INFO - Epoch [15][5400/8725]	lr: 1.000e-04, eta: 2:17:58, time: 0.168, data_time: 0.010, memory: 13424, loss_cls: 0.4091, loss_bbox: 0.3906, loss_kps: 0.0000, loss: 0.7997
2026-09-10 10:04:28,227 - mmdet - INFO - Epoch [15][5450/8725]	lr: 1.000e-04, eta: 2:17:49, time: 0.169, data_time: 0.010, memory: 13424, loss_cls: 0.3805, loss_bbox: 0.3779, loss_kps: 0.0000, loss: 0.7584
2026-09-10 10:04:36,655 - mmdet - INFO - Epoch [15][5500/8725]	lr: 1.000e-04, eta: 2:17:40, time: 0.168, data_time: 0.010, memory: 13424, loss_cls: 0.3487, loss_bbox: 0.3489, loss_kps: 0.0000, loss: 0.6976
2026-09-10 10:04:45,140 - mmdet - INFO - Epoch [15][5550/8725]	lr: 1.000e-04, eta: 2:17:31, time: 0.170, data_time: 0.010, memory: 13424, loss_cls: 0.3765, loss_bbox: 0.3665, loss_kps: 0.0000, loss: 0.7431
2026-09-10 10:04:53,646 - mmdet - INFO - Epoch [15][5600/8725]	lr: 1.000e-04, eta: 2:17:23, time: 0.170, data_time: 0.010, memory: 13424, loss_cls: 0.4032, loss_bbox: 0.3800, loss_kps: 0.0000, loss: 0.7832
2026-09-10 10:05:02,091 - mmdet - INFO - Epoch [15][5650/8725]	lr: 1.000e-04, eta: 2:17:14, time: 0.169, data_time: 0.010, memory: 13424, loss_cls: 0.3880, loss_bbox: 0.4006, loss_kps: 0.0000, loss: 0.7887
2026-09-10 10:05:10,514 - mmdet - INFO - Epoch [15][5700/8725]	lr: 1.000e-04, eta: 2:17:05, time: 0.168, data_time: 0.010, memory: 13424, loss_cls: 0.3727, loss_bbox: 0.3873, loss_kps: 0.0000, loss: 0.7600
2026-09-10 10:05:18,928 - mmdet - INFO - Epoch [15][5750/8725]	lr: 1.000e-04, eta: 2:16:56, time: 0.168, data_time: 0.010, memory: 13424, loss_cls: 0.3714, loss_bbox: 0.3644, loss_kps: 0.0000, loss: 0.7358
2026-09-10 10:05:27,309 - mmdet - INFO - Epoch [15][5800/8725]	lr: 1.000e-04, eta: 2:16:47, time: 0.168, data_time: 0.009, memory: 13424, loss_cls: 0.3804, loss_bbox: 0.3836, loss_kps: 0.0000, loss: 0.7640
2026-09-10 10:05:35,708 - mmdet - INFO - Exp name: scrfd_armAA34.py
2026-09-10 10:05:35,709 - mmdet - INFO - Epoch [15][5850/8725]	lr: 1.000e-04, eta: 2:16:38, time: 0.168, data_time: 0.010, memory: 13424, loss_cls: 0.3809, loss_bbox: 0.3692, loss_kps: 0.0000, loss: 0.7501
2026-09-10 10:05:44,148 - mmdet - INFO - Epoch [15][5900/8725]	lr: 1.000e-04, eta: 2:16:29, time: 0.169, data_time: 0.010, memory: 13424, loss_cls: 0.3726, loss_bbox: 0.3600, loss_kps: 0.0000, loss: 0.7326
2026-09-10 10:05:52,569 - mmdet - INFO - Epoch [15][5950/8725]	lr: 1.000e-04, eta: 2:16:20, time: 0.168, data_time: 0.010, memory: 13424, loss_cls: 0.4179, loss_bbox: 0.3917, loss_kps: 0.0000, loss: 0.8097
2026-09-10 10:06:00,968 - mmdet - INFO - Epoch [15][6000/8725]	lr: 1.000e-04, eta: 2:16:11, time: 0.168, data_time: 0.010, memory: 13424, loss_cls: 0.3613, loss_bbox: 0.3719, loss_kps: 0.0000, loss: 0.7332
2026-09-10 10:06:09,374 - mmdet - INFO - Epoch [15][6050/8725]	lr: 1.000e-04, eta: 2:16:02, time: 0.168, data_time: 0.010, memory: 13424, loss_cls: 0.4042, loss_bbox: 0.3798, loss_kps: 0.0000, loss: 0.7839
2026-09-10 10:06:17,788 - mmdet - INFO - Epoch [15][6100/8725]	lr: 1.000e-04, eta: 2:15:53, time: 0.168, data_time: 0.010, memory: 13424, loss_cls: 0.4123, loss_bbox: 0.3758, loss_kps: 0.0000, loss: 0.7881
2026-09-10 10:06:26,238 - mmdet - INFO - Epoch [15][6150/8725]	lr: 1.000e-04, eta: 2:15:44, time: 0.169, data_time: 0.010, memory: 13424, loss_cls: 0.4148, loss_bbox: 0.3885, loss_kps: 0.0000, loss: 0.8033
2026-09-10 10:06:34,666 - mmdet - INFO - Epoch [15][6200/8725]	lr: 1.000e-04, eta: 2:15:35, time: 0.168, data_time: 0.010, memory: 13424, loss_cls: 0.3795, loss_bbox: 0.3663, loss_kps: 0.0000, loss: 0.7459
2026-09-10 10:06:43,139 - mmdet - INFO - Epoch [15][6250/8725]	lr: 1.000e-04, eta: 2:15:26, time: 0.170, data_time: 0.010, memory: 13424, loss_cls: 0.4043, loss_bbox: 0.3684, loss_kps: 0.0000, loss: 0.7728
2026-09-10 10:06:51,627 - mmdet - INFO - Epoch [15][6300/8725]	lr: 1.000e-04, eta: 2:15:17, time: 0.170, data_time: 0.010, memory: 13424, loss_cls: 0.3812, loss_bbox: 0.3818, loss_kps: 0.0000, loss: 0.7629
2026-09-10 10:07:00,026 - mmdet - INFO - Epoch [15][6350/8725]	lr: 1.000e-04, eta: 2:15:08, time: 0.168, data_time: 0.010, memory: 13424, loss_cls: 0.3570, loss_bbox: 0.3576, loss_kps: 0.0000, loss: 0.7146
2026-09-10 10:07:08,472 - mmdet - INFO - Epoch [15][6400/8725]	lr: 1.000e-04, eta: 2:14:59, time: 0.169, data_time: 0.010, memory: 13424, loss_cls: 0.3763, loss_bbox: 0.3834, loss_kps: 0.0000, loss: 0.7597
2026-09-10 10:07:16,979 - mmdet - INFO - Epoch [15][6450/8725]	lr: 1.000e-04, eta: 2:14:50, time: 0.170, data_time: 0.010, memory: 13424, loss_cls: 0.3768, loss_bbox: 0.3787, loss_kps: 0.0000, loss: 0.7555
2026-09-10 10:07:25,486 - mmdet - INFO - Epoch [15][6500/8725]	lr: 1.000e-04, eta: 2:14:41, time: 0.170, data_time: 0.010, memory: 13424, loss_cls: 0.3976, loss_bbox: 0.3824, loss_kps: 0.0000, loss: 0.7799
2026-09-10 10:07:33,973 - mmdet - INFO - Epoch [15][6550/8725]	lr: 1.000e-04, eta: 2:14:32, time: 0.170, data_time: 0.010, memory: 13424, loss_cls: 0.3664, loss_bbox: 0.3688, loss_kps: 0.0000, loss: 0.7353
2026-09-10 10:07:42,413 - mmdet - INFO - Epoch [15][6600/8725]	lr: 1.000e-04, eta: 2:14:24, time: 0.169, data_time: 0.010, memory: 13424, loss_cls: 0.4049, loss_bbox: 0.3788, loss_kps: 0.0000, loss: 0.7837
2026-09-10 10:07:50,803 - mmdet - INFO - Epoch [15][6650/8725]	lr: 1.000e-04, eta: 2:14:15, time: 0.168, data_time: 0.010, memory: 13424, loss_cls: 0.3549, loss_bbox: 0.3597, loss_kps: 0.0000, loss: 0.7146
2026-09-10 10:07:59,227 - mmdet - INFO - Epoch [15][6700/8725]	lr: 1.000e-04, eta: 2:14:06, time: 0.168, data_time: 0.010, memory: 13424, loss_cls: 0.3770, loss_bbox: 0.3486, loss_kps: 0.0000, loss: 0.7256
2026-09-10 10:08:07,603 - mmdet - INFO - Epoch [15][6750/8725]	lr: 1.000e-04, eta: 2:13:57, time: 0.168, data_time: 0.010, memory: 13424, loss_cls: 0.4114, loss_bbox: 0.3964, loss_kps: 0.0000, loss: 0.8078
2026-09-10 10:08:16,032 - mmdet - INFO - Epoch [15][6800/8725]	lr: 1.000e-04, eta: 2:13:48, time: 0.168, data_time: 0.010, memory: 13424, loss_cls: 0.3729, loss_bbox: 0.3747, loss_kps: 0.0000, loss: 0.7476
2026-09-10 10:08:24,458 - mmdet - INFO - Exp name: scrfd_armAA34.py
2026-09-10 10:08:24,458 - mmdet - INFO - Epoch [15][6850/8725]	lr: 1.000e-04, eta: 2:13:39, time: 0.169, data_time: 0.010, memory: 13424, loss_cls: 0.3674, loss_bbox: 0.3579, loss_kps: 0.0000, loss: 0.7253
2026-09-10 10:08:32,879 - mmdet - INFO - Epoch [15][6900/8725]	lr: 1.000e-04, eta: 2:13:30, time: 0.168, data_time: 0.010, memory: 13424, loss_cls: 0.3831, loss_bbox: 0.3723, loss_kps: 0.0000, loss: 0.7554
2026-09-10 10:08:41,326 - mmdet - INFO - Epoch [15][6950/8725]	lr: 1.000e-04, eta: 2:13:21, time: 0.169, data_time: 0.010, memory: 13424, loss_cls: 0.3638, loss_bbox: 0.3643, loss_kps: 0.0000, loss: 0.7280
2026-09-10 10:08:49,747 - mmdet - INFO - Epoch [15][7000/8725]	lr: 1.000e-04, eta: 2:13:12, time: 0.168, data_time: 0.010, memory: 13424, loss_cls: 0.3648, loss_bbox: 0.3790, loss_kps: 0.0000, loss: 0.7438
2026-09-10 10:08:58,176 - mmdet - INFO - Epoch [15][7050/8725]	lr: 1.000e-04, eta: 2:13:03, time: 0.169, data_time: 0.010, memory: 13424, loss_cls: 0.3433, loss_bbox: 0.3478, loss_kps: 0.0000, loss: 0.6911
2026-09-10 10:09:06,563 - mmdet - INFO - Epoch [15][7100/8725]	lr: 1.000e-04, eta: 2:12:54, time: 0.168, data_time: 0.010, memory: 13424, loss_cls: 0.3533, loss_bbox: 0.3673, loss_kps: 0.0000, loss: 0.7206
2026-09-10 10:09:15,015 - mmdet - INFO - Epoch [15][7150/8725]	lr: 1.000e-04, eta: 2:12:45, time: 0.169, data_time: 0.010, memory: 13424, loss_cls: 0.4096, loss_bbox: 0.3908, loss_kps: 0.0000, loss: 0.8004
2026-09-10 10:09:23,447 - mmdet - INFO - Epoch [15][7200/8725]	lr: 1.000e-04, eta: 2:12:36, time: 0.169, data_time: 0.010, memory: 13424, loss_cls: 0.3575, loss_bbox: 0.3667, loss_kps: 0.0000, loss: 0.7242
2026-09-10 10:09:31,870 - mmdet - INFO - Epoch [15][7250/8725]	lr: 1.000e-04, eta: 2:12:27, time: 0.169, data_time: 0.010, memory: 13424, loss_cls: 0.3522, loss_bbox: 0.3700, loss_kps: 0.0000, loss: 0.7222
2026-09-10 10:09:40,333 - mmdet - INFO - Epoch [15][7300/8725]	lr: 1.000e-04, eta: 2:12:18, time: 0.169, data_time: 0.010, memory: 13424, loss_cls: 0.3676, loss_bbox: 0.3509, loss_kps: 0.0000, loss: 0.7185
2026-09-10 10:09:48,746 - mmdet - INFO - Epoch [15][7350/8725]	lr: 1.000e-04, eta: 2:12:09, time: 0.168, data_time: 0.010, memory: 13424, loss_cls: 0.3853, loss_bbox: 0.3843, loss_kps: 0.0000, loss: 0.7696
2026-09-10 10:09:57,206 - mmdet - INFO - Epoch [15][7400/8725]	lr: 1.000e-04, eta: 2:12:00, time: 0.169, data_time: 0.010, memory: 13424, loss_cls: 0.3957, loss_bbox: 0.3737, loss_kps: 0.0000, loss: 0.7694
2026-09-10 10:10:05,604 - mmdet - INFO - Epoch [15][7450/8725]	lr: 1.000e-04, eta: 2:11:51, time: 0.168, data_time: 0.010, memory: 13424, loss_cls: 0.4171, loss_bbox: 0.3745, loss_kps: 0.0000, loss: 0.7916
2026-09-10 10:10:14,087 - mmdet - INFO - Epoch [15][7500/8725]	lr: 1.000e-04, eta: 2:11:43, time: 0.170, data_time: 0.010, memory: 13424, loss_cls: 0.3569, loss_bbox: 0.3583, loss_kps: 0.0000, loss: 0.7152
2026-09-10 10:10:22,568 - mmdet - INFO - Epoch [15][7550/8725]	lr: 1.000e-04, eta: 2:11:34, time: 0.170, data_time: 0.010, memory: 13424, loss_cls: 0.3946, loss_bbox: 0.3898, loss_kps: 0.0000, loss: 0.7844
2026-09-10 10:10:31,044 - mmdet - INFO - Epoch [15][7600/8725]	lr: 1.000e-04, eta: 2:11:25, time: 0.169, data_time: 0.010, memory: 13424, loss_cls: 0.3819, loss_bbox: 0.3690, loss_kps: 0.0000, loss: 0.7509
2026-09-10 10:10:39,411 - mmdet - INFO - Epoch [15][7650/8725]	lr: 1.000e-04, eta: 2:11:16, time: 0.167, data_time: 0.010, memory: 13424, loss_cls: 0.3529, loss_bbox: 0.3834, loss_kps: 0.0000, loss: 0.7364
2026-09-10 10:10:47,857 - mmdet - INFO - Epoch [15][7700/8725]	lr: 1.000e-04, eta: 2:11:07, time: 0.169, data_time: 0.010, memory: 13424, loss_cls: 0.3803, loss_bbox: 0.3623, loss_kps: 0.0000, loss: 0.7426
2026-09-10 10:10:56,270 - mmdet - INFO - Epoch [15][7750/8725]	lr: 1.000e-04, eta: 2:10:58, time: 0.168, data_time: 0.010, memory: 13424, loss_cls: 0.4285, loss_bbox: 0.4147, loss_kps: 0.0000, loss: 0.8432
2026-09-10 10:11:04,676 - mmdet - INFO - Epoch [15][7800/8725]	lr: 1.000e-04, eta: 2:10:49, time: 0.168, data_time: 0.010, memory: 13424, loss_cls: 0.3860, loss_bbox: 0.3971, loss_kps: 0.0000, loss: 0.7831
2026-09-10 10:11:13,059 - mmdet - INFO - Exp name: scrfd_armAA34.py
2026-09-10 10:11:13,059 - mmdet - INFO - Epoch [15][7850/8725]	lr: 1.000e-04, eta: 2:10:40, time: 0.168, data_time: 0.010, memory: 13424, loss_cls: 0.3762, loss_bbox: 0.3704, loss_kps: 0.0000, loss: 0.7466
2026-09-10 10:11:21,423 - mmdet - INFO - Epoch [15][7900/8725]	lr: 1.000e-04, eta: 2:10:31, time: 0.167, data_time: 0.010, memory: 13424, loss_cls: 0.3531, loss_bbox: 0.3657, loss_kps: 0.0000, loss: 0.7189
2026-09-10 10:11:29,835 - mmdet - INFO - Epoch [15][7950/8725]	lr: 1.000e-04, eta: 2:10:22, time: 0.168, data_time: 0.010, memory: 13424, loss_cls: 0.3821, loss_bbox: 0.3741, loss_kps: 0.0000, loss: 0.7562
2026-09-10 10:11:38,262 - mmdet - INFO - Epoch [15][8000/8725]	lr: 1.000e-04, eta: 2:10:13, time: 0.168, data_time: 0.010, memory: 13424, loss_cls: 0.3729, loss_bbox: 0.3799, loss_kps: 0.0000, loss: 0.7528
2026-09-10 10:11:46,911 - mmdet - INFO - Epoch [15][8050/8725]	lr: 1.000e-04, eta: 2:10:04, time: 0.173, data_time: 0.010, memory: 13424, loss_cls: 0.4167, loss_bbox: 0.4113, loss_kps: 0.0000, loss: 0.8280
2026-09-10 10:11:55,375 - mmdet - INFO - Epoch [15][8100/8725]	lr: 1.000e-04, eta: 2:09:55, time: 0.169, data_time: 0.010, memory: 13424, loss_cls: 0.3524, loss_bbox: 0.3688, loss_kps: 0.0000, loss: 0.7212
2026-09-10 10:12:03,873 - mmdet - INFO - Epoch [15][8150/8725]	lr: 1.000e-04, eta: 2:09:46, time: 0.170, data_time: 0.010, memory: 13424, loss_cls: 0.3788, loss_bbox: 0.3851, loss_kps: 0.0000, loss: 0.7639
2026-09-10 10:12:12,309 - mmdet - INFO - Epoch [15][8200/8725]	lr: 1.000e-04, eta: 2:09:37, time: 0.169, data_time: 0.010, memory: 13424, loss_cls: 0.3613, loss_bbox: 0.3802, loss_kps: 0.0000, loss: 0.7415
2026-09-10 10:12:20,692 - mmdet - INFO - Epoch [15][8250/8725]	lr: 1.000e-04, eta: 2:09:28, time: 0.168, data_time: 0.010, memory: 13424, loss_cls: 0.3689, loss_bbox: 0.3766, loss_kps: 0.0000, loss: 0.7455
2026-09-10 10:12:29,152 - mmdet - INFO - Epoch [15][8300/8725]	lr: 1.000e-04, eta: 2:09:20, time: 0.169, data_time: 0.009, memory: 13424, loss_cls: 0.4133, loss_bbox: 0.3823, loss_kps: 0.0000, loss: 0.7956
2026-09-10 10:12:37,632 - mmdet - INFO - Epoch [15][8350/8725]	lr: 1.000e-04, eta: 2:09:11, time: 0.170, data_time: 0.010, memory: 13424, loss_cls: 0.3970, loss_bbox: 0.3674, loss_kps: 0.0000, loss: 0.7644
2026-09-10 10:12:46,037 - mmdet - INFO - Epoch [15][8400/8725]	lr: 1.000e-04, eta: 2:09:02, time: 0.168, data_time: 0.010, memory: 13424, loss_cls: 0.3767, loss_bbox: 0.3649, loss_kps: 0.0000, loss: 0.7416
2026-09-10 10:12:54,688 - mmdet - INFO - Epoch [15][8450/8725]	lr: 1.000e-04, eta: 2:08:53, time: 0.173, data_time: 0.010, memory: 13424, loss_cls: 0.4040, loss_bbox: 0.3604, loss_kps: 0.0000, loss: 0.7644
2026-09-10 10:13:03,190 - mmdet - INFO - Epoch [15][8500/8725]	lr: 1.000e-04, eta: 2:08:44, time: 0.170, data_time: 0.010, memory: 13424, loss_cls: 0.3734, loss_bbox: 0.3793, loss_kps: 0.0000, loss: 0.7527
2026-09-10 10:13:11,605 - mmdet - INFO - Epoch [15][8550/8725]	lr: 1.000e-04, eta: 2:08:35, time: 0.168, data_time: 0.010, memory: 13424, loss_cls: 0.3834, loss_bbox: 0.3643, loss_kps: 0.0000, loss: 0.7476
2026-09-10 10:13:20,080 - mmdet - INFO - Epoch [15][8600/8725]	lr: 1.000e-04, eta: 2:08:26, time: 0.169, data_time: 0.010, memory: 13424, loss_cls: 0.3665, loss_bbox: 0.3553, loss_kps: 0.0000, loss: 0.7218
2026-09-10 10:13:28,513 - mmdet - INFO - Epoch [15][8650/8725]	lr: 1.000e-04, eta: 2:08:17, time: 0.169, data_time: 0.010, memory: 13424, loss_cls: 0.3696, loss_bbox: 0.3786, loss_kps: 0.0000, loss: 0.7482
2026-09-10 10:13:36,879 - mmdet - INFO - Epoch [15][8700/8725]	lr: 1.000e-04, eta: 2:08:08, time: 0.167, data_time: 0.010, memory: 13424, loss_cls: 0.3717, loss_bbox: 0.3588, loss_kps: 0.0000, loss: 0.7305
2026-09-10 10:13:41,137 - mmdet - INFO - Saving checkpoint at 15 epochs
2026-09-10 10:13:53,644 - mmdet - INFO - Epoch [16][50/8725]	lr: 1.000e-04, eta: 2:07:55, time: 0.245, data_time: 0.083, memory: 13424, loss_cls: 0.3756, loss_bbox: 0.3641, loss_kps: 0.0000, loss: 0.7398
2026-09-10 10:14:02,144 - mmdet - INFO - Epoch [16][100/8725]	lr: 1.000e-04, eta: 2:07:46, time: 0.170, data_time: 0.010, memory: 13424, loss_cls: 0.3976, loss_bbox: 0.3811, loss_kps: 0.0000, loss: 0.7787
2026-09-10 10:14:10,562 - mmdet - INFO - Epoch [16][150/8725]	lr: 1.000e-04, eta: 2:07:37, time: 0.168, data_time: 0.009, memory: 13424, loss_cls: 0.3699, loss_bbox: 0.3839, loss_kps: 0.0000, loss: 0.7538
2026-09-10 10:14:19,057 - mmdet - INFO - Epoch [16][200/8725]	lr: 1.000e-04, eta: 2:07:28, time: 0.170, data_time: 0.010, memory: 13424, loss_cls: 0.4017, loss_bbox: 0.3963, loss_kps: 0.0000, loss: 0.7980
2026-09-10 10:14:27,538 - mmdet - INFO - Epoch [16][250/8725]	lr: 1.000e-04, eta: 2:07:19, time: 0.169, data_time: 0.010, memory: 13424, loss_cls: 0.3696, loss_bbox: 0.3692, loss_kps: 0.0000, loss: 0.7388
2026-09-10 10:14:35,986 - mmdet - INFO - Epoch [16][300/8725]	lr: 1.000e-04, eta: 2:07:10, time: 0.169, data_time: 0.010, memory: 13424, loss_cls: 0.3668, loss_bbox: 0.3589, loss_kps: 0.0000, loss: 0.7257
2026-09-10 10:14:44,457 - mmdet - INFO - Epoch [16][350/8725]	lr: 1.000e-04, eta: 2:07:01, time: 0.169, data_time: 0.009, memory: 13424, loss_cls: 0.3899, loss_bbox: 0.3793, loss_kps: 0.0000, loss: 0.7692
2026-09-10 10:14:52,875 - mmdet - INFO - Epoch [16][400/8725]	lr: 1.000e-04, eta: 2:06:52, time: 0.169, data_time: 0.010, memory: 13424, loss_cls: 0.3438, loss_bbox: 0.3644, loss_kps: 0.0000, loss: 0.7082
2026-09-10 10:15:01,328 - mmdet - INFO - Epoch [16][450/8725]	lr: 1.000e-04, eta: 2:06:43, time: 0.169, data_time: 0.009, memory: 13424, loss_cls: 0.3747, loss_bbox: 0.3716, loss_kps: 0.0000, loss: 0.7464
2026-09-10 10:15:09,818 - mmdet - INFO - Epoch [16][500/8725]	lr: 1.000e-04, eta: 2:06:34, time: 0.170, data_time: 0.010, memory: 13424, loss_cls: 0.3819, loss_bbox: 0.3603, loss_kps: 0.0000, loss: 0.7422
2026-09-10 10:15:18,262 - mmdet - INFO - Epoch [16][550/8725]	lr: 1.000e-04, eta: 2:06:25, time: 0.169, data_time: 0.009, memory: 13424, loss_cls: 0.3684, loss_bbox: 0.3719, loss_kps: 0.0000, loss: 0.7403
2026-09-10 10:15:26,734 - mmdet - INFO - Epoch [16][600/8725]	lr: 1.000e-04, eta: 2:06:17, time: 0.170, data_time: 0.009, memory: 13424, loss_cls: 0.4020, loss_bbox: 0.3749, loss_kps: 0.0000, loss: 0.7768
2026-09-10 10:15:35,173 - mmdet - INFO - Epoch [16][650/8725]	lr: 1.000e-04, eta: 2:06:08, time: 0.169, data_time: 0.009, memory: 13424, loss_cls: 0.3984, loss_bbox: 0.3823, loss_kps: 0.0000, loss: 0.7807
2026-09-10 10:15:43,583 - mmdet - INFO - Epoch [16][700/8725]	lr: 1.000e-04, eta: 2:05:59, time: 0.168, data_time: 0.009, memory: 13424, loss_cls: 0.4371, loss_bbox: 0.3991, loss_kps: 0.0000, loss: 0.8361
2026-09-10 10:15:52,037 - mmdet - INFO - Epoch [16][750/8725]	lr: 1.000e-04, eta: 2:05:50, time: 0.169, data_time: 0.009, memory: 13424, loss_cls: 0.3694, loss_bbox: 0.3558, loss_kps: 0.0000, loss: 0.7251
2026-09-10 10:16:00,536 - mmdet - INFO - Epoch [16][800/8725]	lr: 1.000e-04, eta: 2:05:41, time: 0.170, data_time: 0.011, memory: 13424, loss_cls: 0.3738, loss_bbox: 0.3798, loss_kps: 0.0000, loss: 0.7535
2026-09-10 10:16:09,057 - mmdet - INFO - Epoch [16][850/8725]	lr: 1.000e-04, eta: 2:05:32, time: 0.170, data_time: 0.009, memory: 13424, loss_cls: 0.3512, loss_bbox: 0.3616, loss_kps: 0.0000, loss: 0.7128
2026-09-10 10:16:17,536 - mmdet - INFO - Epoch [16][900/8725]	lr: 1.000e-04, eta: 2:05:23, time: 0.170, data_time: 0.009, memory: 13424, loss_cls: 0.3893, loss_bbox: 0.3737, loss_kps: 0.0000, loss: 0.7630
2026-09-10 10:16:25,991 - mmdet - INFO - Epoch [16][950/8725]	lr: 1.000e-04, eta: 2:05:14, time: 0.169, data_time: 0.009, memory: 13424, loss_cls: 0.3827, loss_bbox: 0.3727, loss_kps: 0.0000, loss: 0.7554
2026-09-10 10:16:34,506 - mmdet - INFO - Epoch [16][1000/8725]	lr: 1.000e-04, eta: 2:05:05, time: 0.171, data_time: 0.010, memory: 13424, loss_cls: 0.4284, loss_bbox: 0.3734, loss_kps: 0.0000, loss: 0.8018
2026-09-10 10:16:43,047 - mmdet - INFO - Epoch [16][1050/8725]	lr: 1.000e-04, eta: 2:04:56, time: 0.171, data_time: 0.009, memory: 13424, loss_cls: 0.3771, loss_bbox: 0.3783, loss_kps: 0.0000, loss: 0.7554
2026-09-10 10:16:51,580 - mmdet - INFO - Epoch [16][1100/8725]	lr: 1.000e-04, eta: 2:04:47, time: 0.171, data_time: 0.010, memory: 13424, loss_cls: 0.4245, loss_bbox: 0.3675, loss_kps: 0.0000, loss: 0.7921
2026-09-10 10:17:00,109 - mmdet - INFO - Epoch [16][1150/8725]	lr: 1.000e-04, eta: 2:04:39, time: 0.170, data_time: 0.010, memory: 13424, loss_cls: 0.4093, loss_bbox: 0.3888, loss_kps: 0.0000, loss: 0.7980
2026-09-10 10:17:08,614 - mmdet - INFO - Epoch [16][1200/8725]	lr: 1.000e-04, eta: 2:04:30, time: 0.170, data_time: 0.010, memory: 13424, loss_cls: 0.3877, loss_bbox: 0.3829, loss_kps: 0.0000, loss: 0.7705
2026-09-10 10:17:17,120 - mmdet - INFO - Epoch [16][1250/8725]	lr: 1.000e-04, eta: 2:04:21, time: 0.170, data_time: 0.011, memory: 13424, loss_cls: 0.3783, loss_bbox: 0.3935, loss_kps: 0.0000, loss: 0.7717
2026-09-10 10:17:25,575 - mmdet - INFO - Epoch [16][1300/8725]	lr: 1.000e-04, eta: 2:04:12, time: 0.169, data_time: 0.010, memory: 13424, loss_cls: 0.3687, loss_bbox: 0.3769, loss_kps: 0.0000, loss: 0.7456
2026-09-10 10:17:34,046 - mmdet - INFO - Epoch [16][1350/8725]	lr: 1.000e-04, eta: 2:04:03, time: 0.169, data_time: 0.010, memory: 13424, loss_cls: 0.3946, loss_bbox: 0.3772, loss_kps: 0.0000, loss: 0.7718
2026-09-10 10:17:42,498 - mmdet - INFO - Epoch [16][1400/8725]	lr: 1.000e-04, eta: 2:03:54, time: 0.169, data_time: 0.010, memory: 13424, loss_cls: 0.3657, loss_bbox: 0.3705, loss_kps: 0.0000, loss: 0.7361
2026-09-10 10:17:50,972 - mmdet - INFO - Epoch [16][1450/8725]	lr: 1.000e-04, eta: 2:03:45, time: 0.169, data_time: 0.010, memory: 13424, loss_cls: 0.3573, loss_bbox: 0.3692, loss_kps: 0.0000, loss: 0.7266
2026-09-10 10:17:59,344 - mmdet - INFO - Epoch [16][1500/8725]	lr: 1.000e-04, eta: 2:03:36, time: 0.168, data_time: 0.011, memory: 13424, loss_cls: 0.3418, loss_bbox: 0.3687, loss_kps: 0.0000, loss: 0.7105
2026-09-10 10:18:07,832 - mmdet - INFO - Epoch [16][1550/8725]	lr: 1.000e-04, eta: 2:03:27, time: 0.169, data_time: 0.010, memory: 13424, loss_cls: 0.4200, loss_bbox: 0.4016, loss_kps: 0.0000, loss: 0.8216
2026-09-10 10:18:16,296 - mmdet - INFO - Epoch [16][1600/8725]	lr: 1.000e-04, eta: 2:03:18, time: 0.170, data_time: 0.010, memory: 13424, loss_cls: 0.3967, loss_bbox: 0.4012, loss_kps: 0.0000, loss: 0.7980
2026-09-10 10:18:24,713 - mmdet - INFO - Epoch [16][1650/8725]	lr: 1.000e-04, eta: 2:03:09, time: 0.168, data_time: 0.010, memory: 13424, loss_cls: 0.3766, loss_bbox: 0.3825, loss_kps: 0.0000, loss: 0.7591
2026-09-10 10:18:33,183 - mmdet - INFO - Epoch [16][1700/8725]	lr: 1.000e-04, eta: 2:03:00, time: 0.169, data_time: 0.009, memory: 13424, loss_cls: 0.3647, loss_bbox: 0.3438, loss_kps: 0.0000, loss: 0.7085
2026-09-10 10:18:41,642 - mmdet - INFO - Epoch [16][1750/8725]	lr: 1.000e-04, eta: 2:02:52, time: 0.169, data_time: 0.010, memory: 13424, loss_cls: 0.3952, loss_bbox: 0.3761, loss_kps: 0.0000, loss: 0.7713
2026-09-10 10:18:50,086 - mmdet - INFO - Epoch [16][1800/8725]	lr: 1.000e-04, eta: 2:02:43, time: 0.169, data_time: 0.010, memory: 13424, loss_cls: 0.3972, loss_bbox: 0.3815, loss_kps: 0.0000, loss: 0.7788
2026-09-10 10:18:58,512 - mmdet - INFO - Epoch [16][1850/8725]	lr: 1.000e-04, eta: 2:02:34, time: 0.168, data_time: 0.010, memory: 13424, loss_cls: 0.3661, loss_bbox: 0.3576, loss_kps: 0.0000, loss: 0.7238
2026-09-10 10:19:06,922 - mmdet - INFO - Epoch [16][1900/8725]	lr: 1.000e-04, eta: 2:02:25, time: 0.168, data_time: 0.010, memory: 13424, loss_cls: 0.3684, loss_bbox: 0.3797, loss_kps: 0.0000, loss: 0.7481
2026-09-10 10:19:15,303 - mmdet - INFO - Epoch [16][1950/8725]	lr: 1.000e-04, eta: 2:02:16, time: 0.167, data_time: 0.009, memory: 13424, loss_cls: 0.3616, loss_bbox: 0.3899, loss_kps: 0.0000, loss: 0.7514
2026-09-10 10:19:23,717 - mmdet - INFO - Epoch [16][2000/8725]	lr: 1.000e-04, eta: 2:02:07, time: 0.168, data_time: 0.010, memory: 13424, loss_cls: 0.3748, loss_bbox: 0.3678, loss_kps: 0.0000, loss: 0.7426
2026-09-10 10:19:32,118 - mmdet - INFO - Epoch [16][2050/8725]	lr: 1.000e-04, eta: 2:01:58, time: 0.168, data_time: 0.010, memory: 13424, loss_cls: 0.4114, loss_bbox: 0.3941, loss_kps: 0.0000, loss: 0.8055
2026-09-10 10:19:40,615 - mmdet - INFO - Epoch [16][2100/8725]	lr: 1.000e-04, eta: 2:01:49, time: 0.170, data_time: 0.011, memory: 13424, loss_cls: 0.3679, loss_bbox: 0.3645, loss_kps: 0.0000, loss: 0.7324
2026-09-10 10:19:49,089 - mmdet - INFO - Epoch [16][2150/8725]	lr: 1.000e-04, eta: 2:01:40, time: 0.169, data_time: 0.010, memory: 13424, loss_cls: 0.3901, loss_bbox: 0.3699, loss_kps: 0.0000, loss: 0.7599
2026-09-10 10:19:57,593 - mmdet - INFO - Epoch [16][2200/8725]	lr: 1.000e-04, eta: 2:01:31, time: 0.170, data_time: 0.010, memory: 13424, loss_cls: 0.3824, loss_bbox: 0.3844, loss_kps: 0.0000, loss: 0.7668
2026-09-10 10:20:06,069 - mmdet - INFO - Epoch [16][2250/8725]	lr: 1.000e-04, eta: 2:01:22, time: 0.169, data_time: 0.009, memory: 13424, loss_cls: 0.3816, loss_bbox: 0.3792, loss_kps: 0.0000, loss: 0.7608
2026-09-10 10:20:14,527 - mmdet - INFO - Epoch [16][2300/8725]	lr: 1.000e-04, eta: 2:01:14, time: 0.169, data_time: 0.010, memory: 13424, loss_cls: 0.3393, loss_bbox: 0.3656, loss_kps: 0.0000, loss: 0.7050
2026-09-10 10:20:22,979 - mmdet - INFO - Epoch [16][2350/8725]	lr: 1.000e-04, eta: 2:01:05, time: 0.169, data_time: 0.010, memory: 13424, loss_cls: 0.3578, loss_bbox: 0.3705, loss_kps: 0.0000, loss: 0.7283
2026-09-10 10:20:31,426 - mmdet - INFO - Epoch [16][2400/8725]	lr: 1.000e-04, eta: 2:00:56, time: 0.169, data_time: 0.010, memory: 13424, loss_cls: 0.3656, loss_bbox: 0.3706, loss_kps: 0.0000, loss: 0.7361
2026-09-10 10:20:39,811 - mmdet - INFO - Epoch [16][2450/8725]	lr: 1.000e-04, eta: 2:00:47, time: 0.167, data_time: 0.009, memory: 13424, loss_cls: 0.3743, loss_bbox: 0.3804, loss_kps: 0.0000, loss: 0.7546
2026-09-10 10:20:48,321 - mmdet - INFO - Epoch [16][2500/8725]	lr: 1.000e-04, eta: 2:00:38, time: 0.170, data_time: 0.010, memory: 13424, loss_cls: 0.3855, loss_bbox: 0.3738, loss_kps: 0.0000, loss: 0.7592
2026-09-10 10:20:56,867 - mmdet - INFO - Epoch [16][2550/8725]	lr: 1.000e-04, eta: 2:00:29, time: 0.171, data_time: 0.010, memory: 13424, loss_cls: 0.3768, loss_bbox: 0.3708, loss_kps: 0.0000, loss: 0.7476
2026-09-10 10:21:05,351 - mmdet - INFO - Epoch [16][2600/8725]	lr: 1.000e-04, eta: 2:00:20, time: 0.170, data_time: 0.010, memory: 13424, loss_cls: 0.3700, loss_bbox: 0.3709, loss_kps: 0.0000, loss: 0.7410
2026-09-10 10:21:13,817 - mmdet - INFO - Epoch [16][2650/8725]	lr: 1.000e-04, eta: 2:00:11, time: 0.169, data_time: 0.010, memory: 13424, loss_cls: 0.3510, loss_bbox: 0.3514, loss_kps: 0.0000, loss: 0.7025
2026-09-10 10:21:22,303 - mmdet - INFO - Epoch [16][2700/8725]	lr: 1.000e-04, eta: 2:00:02, time: 0.170, data_time: 0.010, memory: 13424, loss_cls: 0.3681, loss_bbox: 0.3732, loss_kps: 0.0000, loss: 0.7413
2026-09-10 10:21:30,798 - mmdet - INFO - Epoch [16][2750/8725]	lr: 1.000e-04, eta: 1:59:53, time: 0.170, data_time: 0.010, memory: 13424, loss_cls: 0.3729, loss_bbox: 0.3822, loss_kps: 0.0000, loss: 0.7551
2026-09-10 10:21:39,547 - mmdet - INFO - Epoch [16][2800/8725]	lr: 1.000e-04, eta: 1:59:45, time: 0.175, data_time: 0.010, memory: 13424, loss_cls: 0.3849, loss_bbox: 0.3721, loss_kps: 0.0000, loss: 0.7571
2026-09-10 10:21:48,015 - mmdet - INFO - Epoch [16][2850/8725]	lr: 1.000e-04, eta: 1:59:36, time: 0.169, data_time: 0.010, memory: 13424, loss_cls: 0.3648, loss_bbox: 0.3670, loss_kps: 0.0000, loss: 0.7318
2026-09-10 10:21:56,467 - mmdet - INFO - Epoch [16][2900/8725]	lr: 1.000e-04, eta: 1:59:27, time: 0.169, data_time: 0.010, memory: 13424, loss_cls: 0.3693, loss_bbox: 0.3687, loss_kps: 0.0000, loss: 0.7380
2026-09-10 10:22:04,975 - mmdet - INFO - Epoch [16][2950/8725]	lr: 1.000e-04, eta: 1:59:18, time: 0.170, data_time: 0.010, memory: 13424, loss_cls: 0.3744, loss_bbox: 0.3710, loss_kps: 0.0000, loss: 0.7454
2026-09-10 10:22:13,471 - mmdet - INFO - Epoch [16][3000/8725]	lr: 1.000e-04, eta: 1:59:09, time: 0.170, data_time: 0.010, memory: 13424, loss_cls: 0.3929, loss_bbox: 0.3761, loss_kps: 0.0000, loss: 0.7690
2026-09-10 10:22:21,935 - mmdet - INFO - Epoch [16][3050/8725]	lr: 1.000e-04, eta: 1:59:00, time: 0.169, data_time: 0.010, memory: 13424, loss_cls: 0.3635, loss_bbox: 0.3583, loss_kps: 0.0000, loss: 0.7218
2026-09-10 10:22:30,366 - mmdet - INFO - Epoch [16][3100/8725]	lr: 1.000e-04, eta: 1:58:51, time: 0.169, data_time: 0.010, memory: 13424, loss_cls: 0.3620, loss_bbox: 0.3735, loss_kps: 0.0000, loss: 0.7354
2026-09-10 10:22:38,831 - mmdet - INFO - Epoch [16][3150/8725]	lr: 1.000e-04, eta: 1:58:42, time: 0.169, data_time: 0.010, memory: 13424, loss_cls: 0.3669, loss_bbox: 0.3683, loss_kps: 0.0000, loss: 0.7352
2026-09-10 10:22:47,246 - mmdet - INFO - Epoch [16][3200/8725]	lr: 1.000e-04, eta: 1:58:33, time: 0.169, data_time: 0.010, memory: 13424, loss_cls: 0.3530, loss_bbox: 0.3448, loss_kps: 0.0000, loss: 0.6977
2026-09-10 10:22:55,665 - mmdet - INFO - Epoch [16][3250/8725]	lr: 1.000e-04, eta: 1:58:24, time: 0.168, data_time: 0.010, memory: 13424, loss_cls: 0.3505, loss_bbox: 0.3572, loss_kps: 0.0000, loss: 0.7077
2026-09-10 10:23:04,115 - mmdet - INFO - Epoch [16][3300/8725]	lr: 1.000e-04, eta: 1:58:16, time: 0.169, data_time: 0.010, memory: 13424, loss_cls: 0.4077, loss_bbox: 0.3826, loss_kps: 0.0000, loss: 0.7904
2026-09-10 10:23:12,870 - mmdet - INFO - Epoch [16][3350/8725]	lr: 1.000e-04, eta: 1:58:07, time: 0.175, data_time: 0.010, memory: 13424, loss_cls: 0.3959, loss_bbox: 0.3687, loss_kps: 0.0000, loss: 0.7646
2026-09-10 10:23:21,315 - mmdet - INFO - Epoch [16][3400/8725]	lr: 1.000e-04, eta: 1:57:58, time: 0.169, data_time: 0.010, memory: 13424, loss_cls: 0.3710, loss_bbox: 0.3647, loss_kps: 0.0000, loss: 0.7357
2026-09-10 10:23:29,792 - mmdet - INFO - Epoch [16][3450/8725]	lr: 1.000e-04, eta: 1:57:49, time: 0.169, data_time: 0.010, memory: 13424, loss_cls: 0.3774, loss_bbox: 0.3769, loss_kps: 0.0000, loss: 0.7543
2026-09-10 10:23:38,229 - mmdet - INFO - Epoch [16][3500/8725]	lr: 1.000e-04, eta: 1:57:40, time: 0.169, data_time: 0.010, memory: 13424, loss_cls: 0.3938, loss_bbox: 0.3793, loss_kps: 0.0000, loss: 0.7731
2026-09-10 10:23:46,704 - mmdet - INFO - Epoch [16][3550/8725]	lr: 1.000e-04, eta: 1:57:31, time: 0.169, data_time: 0.010, memory: 13424, loss_cls: 0.3656, loss_bbox: 0.3641, loss_kps: 0.0000, loss: 0.7296
2026-09-10 10:23:55,153 - mmdet - INFO - Epoch [16][3600/8725]	lr: 1.000e-04, eta: 1:57:22, time: 0.169, data_time: 0.010, memory: 13424, loss_cls: 0.3722, loss_bbox: 0.3814, loss_kps: 0.0000, loss: 0.7536
2026-09-10 10:24:03,659 - mmdet - INFO - Epoch [16][3650/8725]	lr: 1.000e-04, eta: 1:57:13, time: 0.170, data_time: 0.010, memory: 13424, loss_cls: 0.3694, loss_bbox: 0.3523, loss_kps: 0.0000, loss: 0.7217
2026-09-10 10:24:12,220 - mmdet - INFO - Epoch [16][3700/8725]	lr: 1.000e-04, eta: 1:57:05, time: 0.172, data_time: 0.010, memory: 13424, loss_cls: 0.3669, loss_bbox: 0.3442, loss_kps: 0.0000, loss: 0.7111
2026-09-10 10:24:21,144 - mmdet - INFO - Epoch [16][3750/8725]	lr: 1.000e-04, eta: 1:56:56, time: 0.178, data_time: 0.011, memory: 13424, loss_cls: 0.3878, loss_bbox: 0.4067, loss_kps: 0.0000, loss: 0.7945
2026-09-10 10:24:29,973 - mmdet - INFO - Epoch [16][3800/8725]	lr: 1.000e-04, eta: 1:56:47, time: 0.177, data_time: 0.012, memory: 13424, loss_cls: 0.3854, loss_bbox: 0.3816, loss_kps: 0.0000, loss: 0.7670
2026-09-10 10:24:38,804 - mmdet - INFO - Epoch [16][3850/8725]	lr: 1.000e-04, eta: 1:56:38, time: 0.176, data_time: 0.012, memory: 13424, loss_cls: 0.3879, loss_bbox: 0.3830, loss_kps: 0.0000, loss: 0.7709
2026-09-10 10:24:47,733 - mmdet - INFO - Epoch [16][3900/8725]	lr: 1.000e-04, eta: 1:56:29, time: 0.179, data_time: 0.011, memory: 13424, loss_cls: 0.3886, loss_bbox: 0.3830, loss_kps: 0.0000, loss: 0.7717
2026-09-10 10:24:56,665 - mmdet - INFO - Epoch [16][3950/8725]	lr: 1.000e-04, eta: 1:56:21, time: 0.179, data_time: 0.012, memory: 13424, loss_cls: 0.3808, loss_bbox: 0.3755, loss_kps: 0.0000, loss: 0.7562
2026-09-10 10:25:05,612 - mmdet - INFO - Epoch [16][4000/8725]	lr: 1.000e-04, eta: 1:56:12, time: 0.179, data_time: 0.012, memory: 13424, loss_cls: 0.4040, loss_bbox: 0.3934, loss_kps: 0.0000, loss: 0.7974
2026-09-10 10:25:14,564 - mmdet - INFO - Epoch [16][4050/8725]	lr: 1.000e-04, eta: 1:56:03, time: 0.179, data_time: 0.011, memory: 13424, loss_cls: 0.3814, loss_bbox: 0.3976, loss_kps: 0.0000, loss: 0.7790
2026-09-10 10:25:23,357 - mmdet - INFO - Epoch [16][4100/8725]	lr: 1.000e-04, eta: 1:55:54, time: 0.176, data_time: 0.011, memory: 13424, loss_cls: 0.4083, loss_bbox: 0.3889, loss_kps: 0.0000, loss: 0.7972
2026-09-10 10:25:32,306 - mmdet - INFO - Epoch [16][4150/8725]	lr: 1.000e-04, eta: 1:55:46, time: 0.179, data_time: 0.011, memory: 13424, loss_cls: 0.3543, loss_bbox: 0.3523, loss_kps: 0.0000, loss: 0.7066
2026-09-10 10:25:41,310 - mmdet - INFO - Epoch [16][4200/8725]	lr: 1.000e-04, eta: 1:55:37, time: 0.180, data_time: 0.011, memory: 13424, loss_cls: 0.3769, loss_bbox: 0.3817, loss_kps: 0.0000, loss: 0.7586
2026-09-10 10:25:50,368 - mmdet - INFO - Epoch [16][4250/8725]	lr: 1.000e-04, eta: 1:55:28, time: 0.181, data_time: 0.011, memory: 13424, loss_cls: 0.4216, loss_bbox: 0.3805, loss_kps: 0.0000, loss: 0.8021
2026-09-10 10:25:59,121 - mmdet - INFO - Epoch [16][4300/8725]	lr: 1.000e-04, eta: 1:55:19, time: 0.175, data_time: 0.012, memory: 13424, loss_cls: 0.3692, loss_bbox: 0.3583, loss_kps: 0.0000, loss: 0.7276
2026-09-10 10:26:07,991 - mmdet - INFO - Epoch [16][4350/8725]	lr: 1.000e-04, eta: 1:55:11, time: 0.177, data_time: 0.011, memory: 13424, loss_cls: 0.3775, loss_bbox: 0.3615, loss_kps: 0.0000, loss: 0.7390
2026-09-10 10:26:16,819 - mmdet - INFO - Epoch [16][4400/8725]	lr: 1.000e-04, eta: 1:55:02, time: 0.177, data_time: 0.011, memory: 13424, loss_cls: 0.3834, loss_bbox: 0.3531, loss_kps: 0.0000, loss: 0.7365
2026-09-10 10:26:25,290 - mmdet - INFO - Epoch [16][4450/8725]	lr: 1.000e-04, eta: 1:54:53, time: 0.169, data_time: 0.010, memory: 13424, loss_cls: 0.3901, loss_bbox: 0.3784, loss_kps: 0.0000, loss: 0.7685
2026-09-10 10:26:33,726 - mmdet - INFO - Epoch [16][4500/8725]	lr: 1.000e-04, eta: 1:54:44, time: 0.169, data_time: 0.009, memory: 13424, loss_cls: 0.3703, loss_bbox: 0.3467, loss_kps: 0.0000, loss: 0.7171
2026-09-10 10:26:42,214 - mmdet - INFO - Epoch [16][4550/8725]	lr: 1.000e-04, eta: 1:54:35, time: 0.169, data_time: 0.009, memory: 13424, loss_cls: 0.3856, loss_bbox: 0.3847, loss_kps: 0.0000, loss: 0.7703
2026-09-10 10:26:50,706 - mmdet - INFO - Epoch [16][4600/8725]	lr: 1.000e-04, eta: 1:54:26, time: 0.170, data_time: 0.009, memory: 13424, loss_cls: 0.3498, loss_bbox: 0.3760, loss_kps: 0.0000, loss: 0.7258
2026-09-10 10:26:59,147 - mmdet - INFO - Epoch [16][4650/8725]	lr: 1.000e-04, eta: 1:54:17, time: 0.169, data_time: 0.009, memory: 13424, loss_cls: 0.3824, loss_bbox: 0.3882, loss_kps: 0.0000, loss: 0.7706
2026-09-10 10:27:07,682 - mmdet - INFO - Epoch [16][4700/8725]	lr: 1.000e-04, eta: 1:54:08, time: 0.171, data_time: 0.010, memory: 13424, loss_cls: 0.4107, loss_bbox: 0.3721, loss_kps: 0.0000, loss: 0.7828
2026-09-10 10:27:16,147 - mmdet - INFO - Epoch [16][4750/8725]	lr: 1.000e-04, eta: 1:54:00, time: 0.169, data_time: 0.010, memory: 13424, loss_cls: 0.3863, loss_bbox: 0.3762, loss_kps: 0.0000, loss: 0.7625
2026-09-10 10:27:24,749 - mmdet - INFO - Epoch [16][4800/8725]	lr: 1.000e-04, eta: 1:53:51, time: 0.172, data_time: 0.011, memory: 13424, loss_cls: 0.3531, loss_bbox: 0.3594, loss_kps: 0.0000, loss: 0.7124
2026-09-10 10:27:33,293 - mmdet - INFO - Epoch [16][4850/8725]	lr: 1.000e-04, eta: 1:53:42, time: 0.171, data_time: 0.010, memory: 13424, loss_cls: 0.3604, loss_bbox: 0.3615, loss_kps: 0.0000, loss: 0.7219
2026-09-10 10:27:41,828 - mmdet - INFO - Epoch [16][4900/8725]	lr: 1.000e-04, eta: 1:53:33, time: 0.171, data_time: 0.010, memory: 13424, loss_cls: 0.3727, loss_bbox: 0.3947, loss_kps: 0.0000, loss: 0.7673
2026-09-10 10:27:50,360 - mmdet - INFO - Epoch [16][4950/8725]	lr: 1.000e-04, eta: 1:53:24, time: 0.170, data_time: 0.010, memory: 13424, loss_cls: 0.4083, loss_bbox: 0.4084, loss_kps: 0.0000, loss: 0.8167
2026-09-10 10:27:58,902 - mmdet - INFO - Epoch [16][5000/8725]	lr: 1.000e-04, eta: 1:53:15, time: 0.171, data_time: 0.010, memory: 13424, loss_cls: 0.3597, loss_bbox: 0.3724, loss_kps: 0.0000, loss: 0.7321
2026-09-10 10:28:07,477 - mmdet - INFO - Epoch [16][5050/8725]	lr: 1.000e-04, eta: 1:53:06, time: 0.171, data_time: 0.009, memory: 13424, loss_cls: 0.3513, loss_bbox: 0.3752, loss_kps: 0.0000, loss: 0.7265
2026-09-10 10:28:15,944 - mmdet - INFO - Epoch [16][5100/8725]	lr: 1.000e-04, eta: 1:52:57, time: 0.170, data_time: 0.010, memory: 13424, loss_cls: 0.3888, loss_bbox: 0.3772, loss_kps: 0.0000, loss: 0.7661
2026-09-10 10:28:24,504 - mmdet - INFO - Epoch [16][5150/8725]	lr: 1.000e-04, eta: 1:52:49, time: 0.171, data_time: 0.010, memory: 13424, loss_cls: 0.3784, loss_bbox: 0.3829, loss_kps: 0.0000, loss: 0.7613
2026-09-10 10:28:33,048 - mmdet - INFO - Epoch [16][5200/8725]	lr: 1.000e-04, eta: 1:52:40, time: 0.171, data_time: 0.011, memory: 13424, loss_cls: 0.3835, loss_bbox: 0.3725, loss_kps: 0.0000, loss: 0.7560
2026-09-10 10:28:41,681 - mmdet - INFO - Epoch [16][5250/8725]	lr: 1.000e-04, eta: 1:52:31, time: 0.172, data_time: 0.011, memory: 13424, loss_cls: 0.3657, loss_bbox: 0.3788, loss_kps: 0.0000, loss: 0.7445
2026-09-10 10:28:50,265 - mmdet - INFO - Epoch [16][5300/8725]	lr: 1.000e-04, eta: 1:52:22, time: 0.172, data_time: 0.010, memory: 13424, loss_cls: 0.3577, loss_bbox: 0.3586, loss_kps: 0.0000, loss: 0.7162
2026-09-10 10:28:58,979 - mmdet - INFO - Epoch [16][5350/8725]	lr: 1.000e-04, eta: 1:52:13, time: 0.174, data_time: 0.010, memory: 13424, loss_cls: 0.3965, loss_bbox: 0.3805, loss_kps: 0.0000, loss: 0.7770
2026-09-10 10:29:07,605 - mmdet - INFO - Epoch [16][5400/8725]	lr: 1.000e-04, eta: 1:52:04, time: 0.173, data_time: 0.010, memory: 13424, loss_cls: 0.3864, loss_bbox: 0.3841, loss_kps: 0.0000, loss: 0.7705
2026-09-10 10:29:16,219 - mmdet - INFO - Epoch [16][5450/8725]	lr: 1.000e-04, eta: 1:51:55, time: 0.172, data_time: 0.010, memory: 13424, loss_cls: 0.3610, loss_bbox: 0.3773, loss_kps: 0.0000, loss: 0.7382
2026-09-10 10:29:24,798 - mmdet - INFO - Epoch [16][5500/8725]	lr: 1.000e-04, eta: 1:51:47, time: 0.172, data_time: 0.011, memory: 13424, loss_cls: 0.3786, loss_bbox: 0.3622, loss_kps: 0.0000, loss: 0.7408
2026-09-10 10:29:33,351 - mmdet - INFO - Epoch [16][5550/8725]	lr: 1.000e-04, eta: 1:51:38, time: 0.171, data_time: 0.010, memory: 13424, loss_cls: 0.3620, loss_bbox: 0.3537, loss_kps: 0.0000, loss: 0.7157
2026-09-10 10:29:42,130 - mmdet - INFO - Epoch [16][5600/8725]	lr: 1.000e-04, eta: 1:51:29, time: 0.176, data_time: 0.010, memory: 13424, loss_cls: 0.3702, loss_bbox: 0.3684, loss_kps: 0.0000, loss: 0.7386
2026-09-10 10:29:50,616 - mmdet - INFO - Epoch [16][5650/8725]	lr: 1.000e-04, eta: 1:51:20, time: 0.169, data_time: 0.010, memory: 13424, loss_cls: 0.3878, loss_bbox: 0.3725, loss_kps: 0.0000, loss: 0.7603
2026-09-10 10:29:59,140 - mmdet - INFO - Epoch [16][5700/8725]	lr: 1.000e-04, eta: 1:51:11, time: 0.171, data_time: 0.010, memory: 13424, loss_cls: 0.3644, loss_bbox: 0.3684, loss_kps: 0.0000, loss: 0.7328
2026-09-10 10:30:07,679 - mmdet - INFO - Epoch [16][5750/8725]	lr: 1.000e-04, eta: 1:51:02, time: 0.171, data_time: 0.010, memory: 13424, loss_cls: 0.3921, loss_bbox: 0.4047, loss_kps: 0.0000, loss: 0.7967
2026-09-10 10:30:16,265 - mmdet - INFO - Epoch [16][5800/8725]	lr: 1.000e-04, eta: 1:50:53, time: 0.172, data_time: 0.010, memory: 13424, loss_cls: 0.3965, loss_bbox: 0.3784, loss_kps: 0.0000, loss: 0.7749
2026-09-10 10:30:24,765 - mmdet - INFO - Epoch [16][5850/8725]	lr: 1.000e-04, eta: 1:50:45, time: 0.170, data_time: 0.010, memory: 13424, loss_cls: 0.3616, loss_bbox: 0.3656, loss_kps: 0.0000, loss: 0.7272
2026-09-10 10:30:33,378 - mmdet - INFO - Epoch [16][5900/8725]	lr: 1.000e-04, eta: 1:50:36, time: 0.173, data_time: 0.011, memory: 13424, loss_cls: 0.4065, loss_bbox: 0.3767, loss_kps: 0.0000, loss: 0.7832
2026-09-10 10:30:41,916 - mmdet - INFO - Epoch [16][5950/8725]	lr: 1.000e-04, eta: 1:50:27, time: 0.170, data_time: 0.009, memory: 13424, loss_cls: 0.3902, loss_bbox: 0.3695, loss_kps: 0.0000, loss: 0.7597
2026-09-10 10:30:50,461 - mmdet - INFO - Epoch [16][6000/8725]	lr: 1.000e-04, eta: 1:50:18, time: 0.171, data_time: 0.010, memory: 13424, loss_cls: 0.3829, loss_bbox: 0.3736, loss_kps: 0.0000, loss: 0.7565
2026-09-10 10:30:59,047 - mmdet - INFO - Epoch [16][6050/8725]	lr: 1.000e-04, eta: 1:50:09, time: 0.171, data_time: 0.010, memory: 13424, loss_cls: 0.3868, loss_bbox: 0.3810, loss_kps: 0.0000, loss: 0.7678
2026-09-10 10:31:07,581 - mmdet - INFO - Epoch [16][6100/8725]	lr: 1.000e-04, eta: 1:50:00, time: 0.171, data_time: 0.010, memory: 13424, loss_cls: 0.3801, loss_bbox: 0.3716, loss_kps: 0.0000, loss: 0.7517
2026-09-10 10:31:16,135 - mmdet - INFO - Epoch [16][6150/8725]	lr: 1.000e-04, eta: 1:49:51, time: 0.171, data_time: 0.010, memory: 13424, loss_cls: 0.3665, loss_bbox: 0.3490, loss_kps: 0.0000, loss: 0.7155
2026-09-10 10:31:24,657 - mmdet - INFO - Epoch [16][6200/8725]	lr: 1.000e-04, eta: 1:49:43, time: 0.170, data_time: 0.009, memory: 13424, loss_cls: 0.3725, loss_bbox: 0.3772, loss_kps: 0.0000, loss: 0.7497
2026-09-10 10:31:33,144 - mmdet - INFO - Epoch [16][6250/8725]	lr: 1.000e-04, eta: 1:49:34, time: 0.170, data_time: 0.010, memory: 13424, loss_cls: 0.3862, loss_bbox: 0.3942, loss_kps: 0.0000, loss: 0.7804
2026-09-10 10:31:41,589 - mmdet - INFO - Epoch [16][6300/8725]	lr: 1.000e-04, eta: 1:49:25, time: 0.169, data_time: 0.009, memory: 13424, loss_cls: 0.3479, loss_bbox: 0.3420, loss_kps: 0.0000, loss: 0.6899
2026-09-10 10:31:50,124 - mmdet - INFO - Epoch [16][6350/8725]	lr: 1.000e-04, eta: 1:49:16, time: 0.170, data_time: 0.010, memory: 13424, loss_cls: 0.4071, loss_bbox: 0.4299, loss_kps: 0.0000, loss: 0.8369
2026-09-10 10:31:58,618 - mmdet - INFO - Epoch [16][6400/8725]	lr: 1.000e-04, eta: 1:49:07, time: 0.170, data_time: 0.009, memory: 13424, loss_cls: 0.4026, loss_bbox: 0.3935, loss_kps: 0.0000, loss: 0.7961
2026-09-10 10:32:07,377 - mmdet - INFO - Epoch [16][6450/8725]	lr: 1.000e-04, eta: 1:48:58, time: 0.175, data_time: 0.010, memory: 13424, loss_cls: 0.4024, loss_bbox: 0.3825, loss_kps: 0.0000, loss: 0.7850
2026-09-10 10:32:15,991 - mmdet - INFO - Epoch [16][6500/8725]	lr: 1.000e-04, eta: 1:48:49, time: 0.173, data_time: 0.010, memory: 13424, loss_cls: 0.3608, loss_bbox: 0.3691, loss_kps: 0.0000, loss: 0.7299
2026-09-10 10:32:24,596 - mmdet - INFO - Epoch [16][6550/8725]	lr: 1.000e-04, eta: 1:48:41, time: 0.172, data_time: 0.010, memory: 13424, loss_cls: 0.3657, loss_bbox: 0.3638, loss_kps: 0.0000, loss: 0.7296
2026-09-10 10:32:33,171 - mmdet - INFO - Epoch [16][6600/8725]	lr: 1.000e-04, eta: 1:48:32, time: 0.172, data_time: 0.010, memory: 13424, loss_cls: 0.3965, loss_bbox: 0.3901, loss_kps: 0.0000, loss: 0.7866
2026-09-10 10:32:41,772 - mmdet - INFO - Epoch [16][6650/8725]	lr: 1.000e-04, eta: 1:48:23, time: 0.172, data_time: 0.011, memory: 13424, loss_cls: 0.3773, loss_bbox: 0.3715, loss_kps: 0.0000, loss: 0.7488
2026-09-10 10:32:50,281 - mmdet - INFO - Epoch [16][6700/8725]	lr: 1.000e-04, eta: 1:48:14, time: 0.170, data_time: 0.010, memory: 13424, loss_cls: 0.3731, loss_bbox: 0.3736, loss_kps: 0.0000, loss: 0.7467
2026-09-10 10:32:58,840 - mmdet - INFO - Epoch [16][6750/8725]	lr: 1.000e-04, eta: 1:48:05, time: 0.171, data_time: 0.010, memory: 13424, loss_cls: 0.3607, loss_bbox: 0.3762, loss_kps: 0.0000, loss: 0.7369
2026-09-10 10:33:07,455 - mmdet - INFO - Epoch [16][6800/8725]	lr: 1.000e-04, eta: 1:47:56, time: 0.173, data_time: 0.010, memory: 13424, loss_cls: 0.3458, loss_bbox: 0.3414, loss_kps: 0.0000, loss: 0.6873
2026-09-10 10:33:15,972 - mmdet - INFO - Epoch [16][6850/8725]	lr: 1.000e-04, eta: 1:47:47, time: 0.170, data_time: 0.009, memory: 13424, loss_cls: 0.3759, loss_bbox: 0.3708, loss_kps: 0.0000, loss: 0.7467
2026-09-10 10:33:24,463 - mmdet - INFO - Epoch [16][6900/8725]	lr: 1.000e-04, eta: 1:47:39, time: 0.170, data_time: 0.010, memory: 13424, loss_cls: 0.3573, loss_bbox: 0.3683, loss_kps: 0.0000, loss: 0.7256
2026-09-10 10:33:33,113 - mmdet - INFO - Epoch [16][6950/8725]	lr: 1.000e-04, eta: 1:47:30, time: 0.173, data_time: 0.009, memory: 13424, loss_cls: 0.3560, loss_bbox: 0.3595, loss_kps: 0.0000, loss: 0.7155
2026-09-10 10:33:41,662 - mmdet - INFO - Epoch [16][7000/8725]	lr: 1.000e-04, eta: 1:47:21, time: 0.171, data_time: 0.011, memory: 13424, loss_cls: 0.3743, loss_bbox: 0.3672, loss_kps: 0.0000, loss: 0.7414
2026-09-10 10:33:50,160 - mmdet - INFO - Epoch [16][7050/8725]	lr: 1.000e-04, eta: 1:47:12, time: 0.170, data_time: 0.009, memory: 13424, loss_cls: 0.3518, loss_bbox: 0.3749, loss_kps: 0.0000, loss: 0.7267
2026-09-10 10:33:58,715 - mmdet - INFO - Epoch [16][7100/8725]	lr: 1.000e-04, eta: 1:47:03, time: 0.171, data_time: 0.010, memory: 13424, loss_cls: 0.4148, loss_bbox: 0.3782, loss_kps: 0.0000, loss: 0.7930
2026-09-10 10:34:07,268 - mmdet - INFO - Epoch [16][7150/8725]	lr: 1.000e-04, eta: 1:46:54, time: 0.171, data_time: 0.009, memory: 13424, loss_cls: 0.3820, loss_bbox: 0.3828, loss_kps: 0.0000, loss: 0.7648
2026-09-10 10:34:15,923 - mmdet - INFO - Epoch [16][7200/8725]	lr: 1.000e-04, eta: 1:46:45, time: 0.173, data_time: 0.010, memory: 13424, loss_cls: 0.3934, loss_bbox: 0.3658, loss_kps: 0.0000, loss: 0.7592
2026-09-10 10:34:24,434 - mmdet - INFO - Epoch [16][7250/8725]	lr: 1.000e-04, eta: 1:46:37, time: 0.170, data_time: 0.009, memory: 13424, loss_cls: 0.3962, loss_bbox: 0.3694, loss_kps: 0.0000, loss: 0.7656
2026-09-10 10:34:33,005 - mmdet - INFO - Epoch [16][7300/8725]	lr: 1.000e-04, eta: 1:46:28, time: 0.172, data_time: 0.010, memory: 13424, loss_cls: 0.3688, loss_bbox: 0.3743, loss_kps: 0.0000, loss: 0.7431
2026-09-10 10:34:41,617 - mmdet - INFO - Epoch [16][7350/8725]	lr: 1.000e-04, eta: 1:46:19, time: 0.172, data_time: 0.009, memory: 13424, loss_cls: 0.3959, loss_bbox: 0.3774, loss_kps: 0.0000, loss: 0.7733
2026-09-10 10:34:50,137 - mmdet - INFO - Epoch [16][7400/8725]	lr: 1.000e-04, eta: 1:46:10, time: 0.171, data_time: 0.010, memory: 13424, loss_cls: 0.3478, loss_bbox: 0.3733, loss_kps: 0.0000, loss: 0.7211
2026-09-10 10:34:58,656 - mmdet - INFO - Epoch [16][7450/8725]	lr: 1.000e-04, eta: 1:46:01, time: 0.170, data_time: 0.009, memory: 13424, loss_cls: 0.3392, loss_bbox: 0.3569, loss_kps: 0.0000, loss: 0.6961
2026-09-10 10:35:07,188 - mmdet - INFO - Epoch [16][7500/8725]	lr: 1.000e-04, eta: 1:45:52, time: 0.171, data_time: 0.010, memory: 13424, loss_cls: 0.3910, loss_bbox: 0.3756, loss_kps: 0.0000, loss: 0.7666
2026-09-10 10:35:15,726 - mmdet - INFO - Epoch [16][7550/8725]	lr: 1.000e-04, eta: 1:45:43, time: 0.171, data_time: 0.010, memory: 13424, loss_cls: 0.3817, loss_bbox: 0.3677, loss_kps: 0.0000, loss: 0.7494
2026-09-10 10:35:24,273 - mmdet - INFO - Epoch [16][7600/8725]	lr: 1.000e-04, eta: 1:45:35, time: 0.171, data_time: 0.010, memory: 13424, loss_cls: 0.4021, loss_bbox: 0.3736, loss_kps: 0.0000, loss: 0.7757
2026-09-10 10:35:32,810 - mmdet - INFO - Epoch [16][7650/8725]	lr: 1.000e-04, eta: 1:45:26, time: 0.171, data_time: 0.009, memory: 13424, loss_cls: 0.3977, loss_bbox: 0.3700, loss_kps: 0.0000, loss: 0.7676
2026-09-10 10:35:41,425 - mmdet - INFO - Epoch [16][7700/8725]	lr: 1.000e-04, eta: 1:45:17, time: 0.173, data_time: 0.010, memory: 13424, loss_cls: 0.3842, loss_bbox: 0.3727, loss_kps: 0.0000, loss: 0.7569
2026-09-10 10:35:50,047 - mmdet - INFO - Epoch [16][7750/8725]	lr: 1.000e-04, eta: 1:45:08, time: 0.172, data_time: 0.010, memory: 13424, loss_cls: 0.3441, loss_bbox: 0.3662, loss_kps: 0.0000, loss: 0.7103
2026-09-10 10:35:58,627 - mmdet - INFO - Epoch [16][7800/8725]	lr: 1.000e-04, eta: 1:44:59, time: 0.172, data_time: 0.010, memory: 13424, loss_cls: 0.3561, loss_bbox: 0.3876, loss_kps: 0.0000, loss: 0.7437
2026-09-10 10:36:07,194 - mmdet - INFO - Epoch [16][7850/8725]	lr: 1.000e-04, eta: 1:44:50, time: 0.171, data_time: 0.009, memory: 13424, loss_cls: 0.3802, loss_bbox: 0.3736, loss_kps: 0.0000, loss: 0.7538
2026-09-10 10:36:15,736 - mmdet - INFO - Epoch [16][7900/8725]	lr: 1.000e-04, eta: 1:44:42, time: 0.171, data_time: 0.009, memory: 13424, loss_cls: 0.3861, loss_bbox: 0.3740, loss_kps: 0.0000, loss: 0.7601
2026-09-10 10:36:24,231 - mmdet - INFO - Epoch [16][7950/8725]	lr: 1.000e-04, eta: 1:44:33, time: 0.170, data_time: 0.009, memory: 13424, loss_cls: 0.3686, loss_bbox: 0.3694, loss_kps: 0.0000, loss: 0.7381
2026-09-10 10:36:32,768 - mmdet - INFO - Epoch [16][8000/8725]	lr: 1.000e-04, eta: 1:44:24, time: 0.171, data_time: 0.009, memory: 13424, loss_cls: 0.3697, loss_bbox: 0.3754, loss_kps: 0.0000, loss: 0.7451
2026-09-10 10:36:41,297 - mmdet - INFO - Epoch [16][8050/8725]	lr: 1.000e-04, eta: 1:44:15, time: 0.170, data_time: 0.009, memory: 13424, loss_cls: 0.3746, loss_bbox: 0.3669, loss_kps: 0.0000, loss: 0.7415
2026-09-10 10:36:49,835 - mmdet - INFO - Epoch [16][8100/8725]	lr: 1.000e-04, eta: 1:44:06, time: 0.171, data_time: 0.010, memory: 13424, loss_cls: 0.3828, loss_bbox: 0.3694, loss_kps: 0.0000, loss: 0.7522
2026-09-10 10:36:58,351 - mmdet - INFO - Epoch [16][8150/8725]	lr: 1.000e-04, eta: 1:43:57, time: 0.170, data_time: 0.010, memory: 13424, loss_cls: 0.3834, loss_bbox: 0.3750, loss_kps: 0.0000, loss: 0.7585
2026-09-10 10:37:06,852 - mmdet - INFO - Epoch [16][8200/8725]	lr: 1.000e-04, eta: 1:43:48, time: 0.170, data_time: 0.009, memory: 13424, loss_cls: 0.3592, loss_bbox: 0.3714, loss_kps: 0.0000, loss: 0.7306
2026-09-10 10:37:15,358 - mmdet - INFO - Epoch [16][8250/8725]	lr: 1.000e-04, eta: 1:43:39, time: 0.170, data_time: 0.009, memory: 13424, loss_cls: 0.3562, loss_bbox: 0.3640, loss_kps: 0.0000, loss: 0.7202
2026-09-10 10:37:23,888 - mmdet - INFO - Epoch [16][8300/8725]	lr: 1.000e-04, eta: 1:43:31, time: 0.171, data_time: 0.010, memory: 13424, loss_cls: 0.3962, loss_bbox: 0.3830, loss_kps: 0.0000, loss: 0.7792
2026-09-10 10:37:32,384 - mmdet - INFO - Epoch [16][8350/8725]	lr: 1.000e-04, eta: 1:43:22, time: 0.170, data_time: 0.009, memory: 13424, loss_cls: 0.3807, loss_bbox: 0.3723, loss_kps: 0.0000, loss: 0.7530
2026-09-10 10:37:40,880 - mmdet - INFO - Epoch [16][8400/8725]	lr: 1.000e-04, eta: 1:43:13, time: 0.170, data_time: 0.011, memory: 13424, loss_cls: 0.3826, loss_bbox: 0.3818, loss_kps: 0.0000, loss: 0.7644
2026-09-10 10:37:49,377 - mmdet - INFO - Epoch [16][8450/8725]	lr: 1.000e-04, eta: 1:43:04, time: 0.170, data_time: 0.009, memory: 13424, loss_cls: 0.3552, loss_bbox: 0.3780, loss_kps: 0.0000, loss: 0.7332
2026-09-10 10:37:57,895 - mmdet - INFO - Epoch [16][8500/8725]	lr: 1.000e-04, eta: 1:42:55, time: 0.171, data_time: 0.010, memory: 13424, loss_cls: 0.3945, loss_bbox: 0.3790, loss_kps: 0.0000, loss: 0.7735
2026-09-10 10:38:06,431 - mmdet - INFO - Epoch [16][8550/8725]	lr: 1.000e-04, eta: 1:42:46, time: 0.171, data_time: 0.010, memory: 13424, loss_cls: 0.3804, loss_bbox: 0.3682, loss_kps: 0.0000, loss: 0.7486
2026-09-10 10:38:14,991 - mmdet - INFO - Epoch [16][8600/8725]	lr: 1.000e-04, eta: 1:42:37, time: 0.171, data_time: 0.010, memory: 13424, loss_cls: 0.3594, loss_bbox: 0.3668, loss_kps: 0.0000, loss: 0.7262
2026-09-10 10:38:23,546 - mmdet - INFO - Epoch [16][8650/8725]	lr: 1.000e-04, eta: 1:42:29, time: 0.171, data_time: 0.010, memory: 13424, loss_cls: 0.4030, loss_bbox: 0.3915, loss_kps: 0.0000, loss: 0.7945
2026-09-10 10:38:32,072 - mmdet - INFO - Epoch [16][8700/8725]	lr: 1.000e-04, eta: 1:42:20, time: 0.171, data_time: 0.011, memory: 13424, loss_cls: 0.3800, loss_bbox: 0.3587, loss_kps: 0.0000, loss: 0.7387
2026-09-10 10:38:36,413 - mmdet - INFO - Saving checkpoint at 16 epochs
2026-09-10 10:38:49,232 - mmdet - INFO - Epoch [17][50/8725]	lr: 1.000e-04, eta: 1:42:06, time: 0.251, data_time: 0.087, memory: 13424, loss_cls: 0.3640, loss_bbox: 0.3615, loss_kps: 0.0000, loss: 0.7255
2026-09-10 10:38:57,744 - mmdet - INFO - Epoch [17][100/8725]	lr: 1.000e-04, eta: 1:41:58, time: 0.170, data_time: 0.010, memory: 13424, loss_cls: 0.3990, loss_bbox: 0.3834, loss_kps: 0.0000, loss: 0.7823
2026-09-10 10:39:06,282 - mmdet - INFO - Epoch [17][150/8725]	lr: 1.000e-04, eta: 1:41:49, time: 0.171, data_time: 0.009, memory: 13424, loss_cls: 0.3593, loss_bbox: 0.3672, loss_kps: 0.0000, loss: 0.7265
2026-09-10 10:39:14,767 - mmdet - INFO - Epoch [17][200/8725]	lr: 1.000e-04, eta: 1:41:40, time: 0.170, data_time: 0.009, memory: 13424, loss_cls: 0.3501, loss_bbox: 0.3758, loss_kps: 0.0000, loss: 0.7260
2026-09-10 10:39:23,313 - mmdet - INFO - Epoch [17][250/8725]	lr: 1.000e-04, eta: 1:41:31, time: 0.171, data_time: 0.010, memory: 13424, loss_cls: 0.4027, loss_bbox: 0.4123, loss_kps: 0.0000, loss: 0.8149
2026-09-10 10:39:31,852 - mmdet - INFO - Epoch [17][300/8725]	lr: 1.000e-04, eta: 1:41:22, time: 0.171, data_time: 0.010, memory: 13424, loss_cls: 0.3826, loss_bbox: 0.3831, loss_kps: 0.0000, loss: 0.7657
2026-09-10 10:39:40,422 - mmdet - INFO - Epoch [17][350/8725]	lr: 1.000e-04, eta: 1:41:13, time: 0.171, data_time: 0.010, memory: 13424, loss_cls: 0.3470, loss_bbox: 0.3665, loss_kps: 0.0000, loss: 0.7136
2026-09-10 10:39:48,959 - mmdet - INFO - Exp name: scrfd_armAA34.py
2026-09-10 10:39:48,959 - mmdet - INFO - Epoch [17][400/8725]	lr: 1.000e-04, eta: 1:41:04, time: 0.171, data_time: 0.009, memory: 13424, loss_cls: 0.3618, loss_bbox: 0.3595, loss_kps: 0.0000, loss: 0.7214
2026-09-10 10:39:57,554 - mmdet - INFO - Epoch [17][450/8725]	lr: 1.000e-04, eta: 1:40:56, time: 0.172, data_time: 0.010, memory: 13424, loss_cls: 0.3450, loss_bbox: 0.3794, loss_kps: 0.0000, loss: 0.7244
2026-09-10 10:40:06,376 - mmdet - INFO - Epoch [17][500/8725]	lr: 1.000e-04, eta: 1:40:47, time: 0.177, data_time: 0.009, memory: 13424, loss_cls: 0.3759, loss_bbox: 0.3725, loss_kps: 0.0000, loss: 0.7483
2026-09-10 10:40:14,998 - mmdet - INFO - Epoch [17][550/8725]	lr: 1.000e-04, eta: 1:40:38, time: 0.172, data_time: 0.010, memory: 13424, loss_cls: 0.3896, loss_bbox: 0.3893, loss_kps: 0.0000, loss: 0.7789
2026-09-10 10:40:23,543 - mmdet - INFO - Epoch [17][600/8725]	lr: 1.000e-04, eta: 1:40:29, time: 0.171, data_time: 0.010, memory: 13424, loss_cls: 0.4063, loss_bbox: 0.3691, loss_kps: 0.0000, loss: 0.7754
2026-09-10 10:40:32,125 - mmdet - INFO - Epoch [17][650/8725]	lr: 1.000e-04, eta: 1:40:20, time: 0.172, data_time: 0.009, memory: 13424, loss_cls: 0.3629, loss_bbox: 0.3700, loss_kps: 0.0000, loss: 0.7329
2026-09-10 10:40:40,701 - mmdet - INFO - Epoch [17][700/8725]	lr: 1.000e-04, eta: 1:40:11, time: 0.172, data_time: 0.010, memory: 13424, loss_cls: 0.3855, loss_bbox: 0.3956, loss_kps: 0.0000, loss: 0.7811
2026-09-10 10:40:49,284 - mmdet - INFO - Epoch [17][750/8725]	lr: 1.000e-04, eta: 1:40:03, time: 0.172, data_time: 0.010, memory: 13424, loss_cls: 0.3833, loss_bbox: 0.3690, loss_kps: 0.0000, loss: 0.7523
2026-09-10 10:40:57,842 - mmdet - INFO - Epoch [17][800/8725]	lr: 1.000e-04, eta: 1:39:54, time: 0.171, data_time: 0.010, memory: 13424, loss_cls: 0.4157, loss_bbox: 0.3718, loss_kps: 0.0000, loss: 0.7876
2026-09-10 10:41:06,724 - mmdet - INFO - Epoch [17][850/8725]	lr: 1.000e-04, eta: 1:39:45, time: 0.178, data_time: 0.010, memory: 13424, loss_cls: 0.4092, loss_bbox: 0.3977, loss_kps: 0.0000, loss: 0.8068
2026-09-10 10:41:15,293 - mmdet - INFO - Epoch [17][900/8725]	lr: 1.000e-04, eta: 1:39:36, time: 0.171, data_time: 0.009, memory: 13424, loss_cls: 0.3523, loss_bbox: 0.3570, loss_kps: 0.0000, loss: 0.7093
2026-09-10 10:41:23,792 - mmdet - INFO - Epoch [17][950/8725]	lr: 1.000e-04, eta: 1:39:27, time: 0.170, data_time: 0.009, memory: 13424, loss_cls: 0.3683, loss_bbox: 0.3694, loss_kps: 0.0000, loss: 0.7377
2026-09-10 10:41:32,410 - mmdet - INFO - Epoch [17][1000/8725]	lr: 1.000e-04, eta: 1:39:18, time: 0.172, data_time: 0.010, memory: 13424, loss_cls: 0.3529, loss_bbox: 0.3564, loss_kps: 0.0000, loss: 0.7093
2026-09-10 10:41:40,948 - mmdet - INFO - Epoch [17][1050/8725]	lr: 1.000e-04, eta: 1:39:10, time: 0.171, data_time: 0.010, memory: 13424, loss_cls: 0.3850, loss_bbox: 0.3665, loss_kps: 0.0000, loss: 0.7515
2026-09-10 10:41:49,514 - mmdet - INFO - Epoch [17][1100/8725]	lr: 1.000e-04, eta: 1:39:01, time: 0.171, data_time: 0.010, memory: 13424, loss_cls: 0.4096, loss_bbox: 0.3937, loss_kps: 0.0000, loss: 0.8033
2026-09-10 10:41:58,066 - mmdet - INFO - Epoch [17][1150/8725]	lr: 1.000e-04, eta: 1:38:52, time: 0.171, data_time: 0.010, memory: 13424, loss_cls: 0.3820, loss_bbox: 0.3909, loss_kps: 0.0000, loss: 0.7730
2026-09-10 10:42:06,603 - mmdet - INFO - Epoch [17][1200/8725]	lr: 1.000e-04, eta: 1:38:43, time: 0.171, data_time: 0.010, memory: 13424, loss_cls: 0.3960, loss_bbox: 0.3867, loss_kps: 0.0000, loss: 0.7827
2026-09-10 10:42:15,202 - mmdet - INFO - Epoch [17][1250/8725]	lr: 1.000e-04, eta: 1:38:34, time: 0.172, data_time: 0.009, memory: 13424, loss_cls: 0.3776, loss_bbox: 0.3593, loss_kps: 0.0000, loss: 0.7369
2026-09-10 10:42:23,760 - mmdet - INFO - Epoch [17][1300/8725]	lr: 1.000e-04, eta: 1:38:25, time: 0.171, data_time: 0.010, memory: 13424, loss_cls: 0.3763, loss_bbox: 0.3761, loss_kps: 0.0000, loss: 0.7523
2026-09-10 10:42:32,305 - mmdet - INFO - Epoch [17][1350/8725]	lr: 1.000e-04, eta: 1:38:17, time: 0.171, data_time: 0.009, memory: 13424, loss_cls: 0.3850, loss_bbox: 0.3711, loss_kps: 0.0000, loss: 0.7562
2026-09-10 10:42:40,798 - mmdet - INFO - Exp name: scrfd_armAA34.py
2026-09-10 10:42:40,799 - mmdet - INFO - Epoch [17][1400/8725]	lr: 1.000e-04, eta: 1:38:08, time: 0.170, data_time: 0.010, memory: 13424, loss_cls: 0.3581, loss_bbox: 0.3492, loss_kps: 0.0000, loss: 0.7073
2026-09-10 10:42:49,340 - mmdet - INFO - Epoch [17][1450/8725]	lr: 1.000e-04, eta: 1:37:59, time: 0.171, data_time: 0.010, memory: 13424, loss_cls: 0.3731, loss_bbox: 0.3639, loss_kps: 0.0000, loss: 0.7370
2026-09-10 10:42:57,939 - mmdet - INFO - Epoch [17][1500/8725]	lr: 1.000e-04, eta: 1:37:50, time: 0.172, data_time: 0.010, memory: 13424, loss_cls: 0.3821, loss_bbox: 0.3626, loss_kps: 0.0000, loss: 0.7447
2026-09-10 10:43:06,463 - mmdet - INFO - Epoch [17][1550/8725]	lr: 1.000e-04, eta: 1:37:41, time: 0.170, data_time: 0.009, memory: 13424, loss_cls: 0.4053, loss_bbox: 0.3594, loss_kps: 0.0000, loss: 0.7647
2026-09-10 10:43:15,041 - mmdet - INFO - Epoch [17][1600/8725]	lr: 1.000e-04, eta: 1:37:32, time: 0.172, data_time: 0.011, memory: 13424, loss_cls: 0.3569, loss_bbox: 0.3569, loss_kps: 0.0000, loss: 0.7138
2026-09-10 10:43:23,545 - mmdet - INFO - Epoch [17][1650/8725]	lr: 1.000e-04, eta: 1:37:23, time: 0.170, data_time: 0.010, memory: 13424, loss_cls: 0.3731, loss_bbox: 0.3655, loss_kps: 0.0000, loss: 0.7386
2026-09-10 10:43:32,107 - mmdet - INFO - Epoch [17][1700/8725]	lr: 1.000e-04, eta: 1:37:15, time: 0.171, data_time: 0.010, memory: 13424, loss_cls: 0.3805, loss_bbox: 0.3666, loss_kps: 0.0000, loss: 0.7471
2026-09-10 10:43:40,654 - mmdet - INFO - Epoch [17][1750/8725]	lr: 1.000e-04, eta: 1:37:06, time: 0.171, data_time: 0.010, memory: 13424, loss_cls: 0.3548, loss_bbox: 0.3754, loss_kps: 0.0000, loss: 0.7302
2026-09-10 10:43:49,145 - mmdet - INFO - Epoch [17][1800/8725]	lr: 1.000e-04, eta: 1:36:57, time: 0.170, data_time: 0.010, memory: 13424, loss_cls: 0.3732, loss_bbox: 0.3629, loss_kps: 0.0000, loss: 0.7361
2026-09-10 10:43:57,638 - mmdet - INFO - Epoch [17][1850/8725]	lr: 1.000e-04, eta: 1:36:48, time: 0.170, data_time: 0.010, memory: 13424, loss_cls: 0.3824, loss_bbox: 0.3827, loss_kps: 0.0000, loss: 0.7651
2026-09-10 10:44:06,203 - mmdet - INFO - Epoch [17][1900/8725]	lr: 1.000e-04, eta: 1:36:39, time: 0.171, data_time: 0.010, memory: 13424, loss_cls: 0.3958, loss_bbox: 0.3850, loss_kps: 0.0000, loss: 0.7807
2026-09-10 10:44:14,723 - mmdet - INFO - Epoch [17][1950/8725]	lr: 1.000e-04, eta: 1:36:30, time: 0.170, data_time: 0.010, memory: 13424, loss_cls: 0.3716, loss_bbox: 0.3674, loss_kps: 0.0000, loss: 0.7389
2026-09-10 10:44:23,225 - mmdet - INFO - Epoch [17][2000/8725]	lr: 1.000e-04, eta: 1:36:22, time: 0.170, data_time: 0.011, memory: 13424, loss_cls: 0.3961, loss_bbox: 0.3982, loss_kps: 0.0000, loss: 0.7943
2026-09-10 10:44:31,822 - mmdet - INFO - Epoch [17][2050/8725]	lr: 1.000e-04, eta: 1:36:13, time: 0.172, data_time: 0.011, memory: 13424, loss_cls: 0.3895, loss_bbox: 0.3692, loss_kps: 0.0000, loss: 0.7586
2026-09-10 10:44:40,369 - mmdet - INFO - Epoch [17][2100/8725]	lr: 1.000e-04, eta: 1:36:04, time: 0.171, data_time: 0.010, memory: 13424, loss_cls: 0.3548, loss_bbox: 0.3615, loss_kps: 0.0000, loss: 0.7164
2026-09-10 10:44:48,929 - mmdet - INFO - Epoch [17][2150/8725]	lr: 1.000e-04, eta: 1:35:55, time: 0.171, data_time: 0.010, memory: 13424, loss_cls: 0.3984, loss_bbox: 0.3796, loss_kps: 0.0000, loss: 0.7780
2026-09-10 10:44:57,512 - mmdet - INFO - Epoch [17][2200/8725]	lr: 1.000e-04, eta: 1:35:46, time: 0.172, data_time: 0.010, memory: 13424, loss_cls: 0.3571, loss_bbox: 0.3519, loss_kps: 0.0000, loss: 0.7090
2026-09-10 10:45:06,040 - mmdet - INFO - Epoch [17][2250/8725]	lr: 1.000e-04, eta: 1:35:37, time: 0.171, data_time: 0.010, memory: 13424, loss_cls: 0.3686, loss_bbox: 0.3648, loss_kps: 0.0000, loss: 0.7334
2026-09-10 10:45:14,625 - mmdet - INFO - Epoch [17][2300/8725]	lr: 1.000e-04, eta: 1:35:28, time: 0.172, data_time: 0.010, memory: 13424, loss_cls: 0.3933, loss_bbox: 0.3618, loss_kps: 0.0000, loss: 0.7551
2026-09-10 10:45:23,226 - mmdet - INFO - Epoch [17][2350/8725]	lr: 1.000e-04, eta: 1:35:20, time: 0.172, data_time: 0.010, memory: 13424, loss_cls: 0.3453, loss_bbox: 0.3498, loss_kps: 0.0000, loss: 0.6951
2026-09-10 10:45:31,723 - mmdet - INFO - Exp name: scrfd_armAA34.py
2026-09-10 10:45:31,723 - mmdet - INFO - Epoch [17][2400/8725]	lr: 1.000e-04, eta: 1:35:11, time: 0.170, data_time: 0.010, memory: 13424, loss_cls: 0.3868, loss_bbox: 0.3737, loss_kps: 0.0000, loss: 0.7605
2026-09-10 10:45:40,275 - mmdet - INFO - Epoch [17][2450/8725]	lr: 1.000e-04, eta: 1:35:02, time: 0.171, data_time: 0.010, memory: 13424, loss_cls: 0.3801, loss_bbox: 0.3666, loss_kps: 0.0000, loss: 0.7467
2026-09-10 10:45:48,843 - mmdet - INFO - Epoch [17][2500/8725]	lr: 1.000e-04, eta: 1:34:53, time: 0.171, data_time: 0.011, memory: 13424, loss_cls: 0.3813, loss_bbox: 0.3849, loss_kps: 0.0000, loss: 0.7661
2026-09-10 10:45:57,360 - mmdet - INFO - Epoch [17][2550/8725]	lr: 1.000e-04, eta: 1:34:44, time: 0.170, data_time: 0.010, memory: 13424, loss_cls: 0.4002, loss_bbox: 0.3768, loss_kps: 0.0000, loss: 0.7770
2026-09-10 10:46:05,943 - mmdet - INFO - Epoch [17][2600/8725]	lr: 1.000e-04, eta: 1:34:35, time: 0.172, data_time: 0.011, memory: 13424, loss_cls: 0.3684, loss_bbox: 0.3642, loss_kps: 0.0000, loss: 0.7326
2026-09-10 10:46:14,457 - mmdet - INFO - Epoch [17][2650/8725]	lr: 1.000e-04, eta: 1:34:27, time: 0.170, data_time: 0.010, memory: 13424, loss_cls: 0.3829, loss_bbox: 0.3881, loss_kps: 0.0000, loss: 0.7710
2026-09-10 10:46:22,985 - mmdet - INFO - Epoch [17][2700/8725]	lr: 1.000e-04, eta: 1:34:18, time: 0.170, data_time: 0.010, memory: 13424, loss_cls: 0.3639, loss_bbox: 0.3809, loss_kps: 0.0000, loss: 0.7448
2026-09-10 10:46:31,505 - mmdet - INFO - Epoch [17][2750/8725]	lr: 1.000e-04, eta: 1:34:09, time: 0.171, data_time: 0.011, memory: 13424, loss_cls: 0.3922, loss_bbox: 0.3911, loss_kps: 0.0000, loss: 0.7833
2026-09-10 10:46:40,090 - mmdet - INFO - Epoch [17][2800/8725]	lr: 1.000e-04, eta: 1:34:00, time: 0.172, data_time: 0.010, memory: 13424, loss_cls: 0.3724, loss_bbox: 0.3971, loss_kps: 0.0000, loss: 0.7695
2026-09-10 10:46:48,624 - mmdet - INFO - Epoch [17][2850/8725]	lr: 1.000e-04, eta: 1:33:51, time: 0.171, data_time: 0.010, memory: 13424, loss_cls: 0.3686, loss_bbox: 0.3772, loss_kps: 0.0000, loss: 0.7458
2026-09-10 10:46:57,206 - mmdet - INFO - Epoch [17][2900/8725]	lr: 1.000e-04, eta: 1:33:42, time: 0.172, data_time: 0.011, memory: 13424, loss_cls: 0.3690, loss_bbox: 0.3557, loss_kps: 0.0000, loss: 0.7247
2026-09-10 10:47:05,735 - mmdet - INFO - Epoch [17][2950/8725]	lr: 1.000e-04, eta: 1:33:34, time: 0.170, data_time: 0.010, memory: 13424, loss_cls: 0.3602, loss_bbox: 0.3580, loss_kps: 0.0000, loss: 0.7182
2026-09-10 10:47:14,308 - mmdet - INFO - Epoch [17][3000/8725]	lr: 1.000e-04, eta: 1:33:25, time: 0.172, data_time: 0.010, memory: 13424, loss_cls: 0.3715, loss_bbox: 0.3581, loss_kps: 0.0000, loss: 0.7296
2026-09-10 10:47:22,913 - mmdet - INFO - Epoch [17][3050/8725]	lr: 1.000e-04, eta: 1:33:16, time: 0.172, data_time: 0.010, memory: 13424, loss_cls: 0.3833, loss_bbox: 0.3976, loss_kps: 0.0000, loss: 0.7809
2026-09-10 10:47:31,425 - mmdet - INFO - Epoch [17][3100/8725]	lr: 1.000e-04, eta: 1:33:07, time: 0.170, data_time: 0.010, memory: 13424, loss_cls: 0.3561, loss_bbox: 0.3758, loss_kps: 0.0000, loss: 0.7318
2026-09-10 10:47:39,938 - mmdet - INFO - Epoch [17][3150/8725]	lr: 1.000e-04, eta: 1:32:58, time: 0.170, data_time: 0.010, memory: 13424, loss_cls: 0.3659, loss_bbox: 0.3745, loss_kps: 0.0000, loss: 0.7404
2026-09-10 10:47:48,516 - mmdet - INFO - Epoch [17][3200/8725]	lr: 1.000e-04, eta: 1:32:49, time: 0.172, data_time: 0.010, memory: 13424, loss_cls: 0.3560, loss_bbox: 0.3680, loss_kps: 0.0000, loss: 0.7240
2026-09-10 10:47:57,050 - mmdet - INFO - Epoch [17][3250/8725]	lr: 1.000e-04, eta: 1:32:41, time: 0.171, data_time: 0.010, memory: 13424, loss_cls: 0.3490, loss_bbox: 0.3516, loss_kps: 0.0000, loss: 0.7006
2026-09-10 10:48:05,570 - mmdet - INFO - Epoch [17][3300/8725]	lr: 1.000e-04, eta: 1:32:32, time: 0.170, data_time: 0.011, memory: 13424, loss_cls: 0.3734, loss_bbox: 0.3781, loss_kps: 0.0000, loss: 0.7515
2026-09-10 10:48:14,123 - mmdet - INFO - Epoch [17][3350/8725]	lr: 1.000e-04, eta: 1:32:23, time: 0.171, data_time: 0.011, memory: 13424, loss_cls: 0.3550, loss_bbox: 0.3671, loss_kps: 0.0000, loss: 0.7221
2026-09-10 10:48:22,674 - mmdet - INFO - Exp name: scrfd_armAA34.py
2026-09-10 10:48:22,674 - mmdet - INFO - Epoch [17][3400/8725]	lr: 1.000e-04, eta: 1:32:14, time: 0.171, data_time: 0.010, memory: 13424, loss_cls: 0.3674, loss_bbox: 0.3768, loss_kps: 0.0000, loss: 0.7442
2026-09-10 10:48:31,160 - mmdet - INFO - Epoch [17][3450/8725]	lr: 1.000e-04, eta: 1:32:05, time: 0.170, data_time: 0.010, memory: 13424, loss_cls: 0.3447, loss_bbox: 0.3654, loss_kps: 0.0000, loss: 0.7101
2026-09-10 10:48:39,690 - mmdet - INFO - Epoch [17][3500/8725]	lr: 1.000e-04, eta: 1:31:56, time: 0.171, data_time: 0.010, memory: 13424, loss_cls: 0.3674, loss_bbox: 0.3661, loss_kps: 0.0000, loss: 0.7335
2026-09-10 10:48:48,272 - mmdet - INFO - Epoch [17][3550/8725]	lr: 1.000e-04, eta: 1:31:48, time: 0.171, data_time: 0.010, memory: 13424, loss_cls: 0.3506, loss_bbox: 0.3642, loss_kps: 0.0000, loss: 0.7148
2026-09-10 10:48:56,811 - mmdet - INFO - Epoch [17][3600/8725]	lr: 1.000e-04, eta: 1:31:39, time: 0.171, data_time: 0.010, memory: 13424, loss_cls: 0.3796, loss_bbox: 0.3770, loss_kps: 0.0000, loss: 0.7567
2026-09-10 10:49:05,410 - mmdet - INFO - Epoch [17][3650/8725]	lr: 1.000e-04, eta: 1:31:30, time: 0.172, data_time: 0.010, memory: 13424, loss_cls: 0.3877, loss_bbox: 0.3698, loss_kps: 0.0000, loss: 0.7575
2026-09-10 10:49:13,970 - mmdet - INFO - Epoch [17][3700/8725]	lr: 1.000e-04, eta: 1:31:21, time: 0.171, data_time: 0.010, memory: 13424, loss_cls: 0.3832, loss_bbox: 0.3807, loss_kps: 0.0000, loss: 0.7638
2026-09-10 10:49:22,521 - mmdet - INFO - Epoch [17][3750/8725]	lr: 1.000e-04, eta: 1:31:12, time: 0.171, data_time: 0.011, memory: 13424, loss_cls: 0.4022, loss_bbox: 0.3972, loss_kps: 0.0000, loss: 0.7993
2026-09-10 10:49:31,009 - mmdet - INFO - Epoch [17][3800/8725]	lr: 1.000e-04, eta: 1:31:03, time: 0.170, data_time: 0.010, memory: 13424, loss_cls: 0.3756, loss_bbox: 0.3653, loss_kps: 0.0000, loss: 0.7409
2026-09-10 10:49:39,555 - mmdet - INFO - Epoch [17][3850/8725]	lr: 1.000e-04, eta: 1:30:54, time: 0.171, data_time: 0.010, memory: 13424, loss_cls: 0.3746, loss_bbox: 0.3626, loss_kps: 0.0000, loss: 0.7372
2026-09-10 10:49:48,039 - mmdet - INFO - Epoch [17][3900/8725]	lr: 1.000e-04, eta: 1:30:46, time: 0.170, data_time: 0.010, memory: 13424, loss_cls: 0.3963, loss_bbox: 0.3824, loss_kps: 0.0000, loss: 0.7786
2026-09-10 10:49:56,588 - mmdet - INFO - Epoch [17][3950/8725]	lr: 1.000e-04, eta: 1:30:37, time: 0.171, data_time: 0.011, memory: 13424, loss_cls: 0.3568, loss_bbox: 0.3451, loss_kps: 0.0000, loss: 0.7019
2026-09-10 10:50:05,095 - mmdet - INFO - Epoch [17][4000/8725]	lr: 1.000e-04, eta: 1:30:28, time: 0.170, data_time: 0.010, memory: 13424, loss_cls: 0.3837, loss_bbox: 0.3739, loss_kps: 0.0000, loss: 0.7575
2026-09-10 10:50:13,664 - mmdet - INFO - Epoch [17][4050/8725]	lr: 1.000e-04, eta: 1:30:19, time: 0.171, data_time: 0.010, memory: 13424, loss_cls: 0.3630, loss_bbox: 0.3514, loss_kps: 0.0000, loss: 0.7144
2026-09-10 10:50:22,253 - mmdet - INFO - Epoch [17][4100/8725]	lr: 1.000e-04, eta: 1:30:10, time: 0.172, data_time: 0.010, memory: 13424, loss_cls: 0.3766, loss_bbox: 0.3661, loss_kps: 0.0000, loss: 0.7427
2026-09-10 10:50:30,846 - mmdet - INFO - Epoch [17][4150/8725]	lr: 1.000e-04, eta: 1:30:01, time: 0.172, data_time: 0.010, memory: 13424, loss_cls: 0.3964, loss_bbox: 0.4195, loss_kps: 0.0000, loss: 0.8158
2026-09-10 10:50:39,609 - mmdet - INFO - Epoch [17][4200/8725]	lr: 1.000e-04, eta: 1:29:53, time: 0.175, data_time: 0.010, memory: 13424, loss_cls: 0.3665, loss_bbox: 0.3662, loss_kps: 0.0000, loss: 0.7328
2026-09-10 10:50:48,191 - mmdet - INFO - Epoch [17][4250/8725]	lr: 1.000e-04, eta: 1:29:44, time: 0.171, data_time: 0.010, memory: 13424, loss_cls: 0.3656, loss_bbox: 0.3848, loss_kps: 0.0000, loss: 0.7503
2026-09-10 10:50:56,801 - mmdet - INFO - Epoch [17][4300/8725]	lr: 1.000e-04, eta: 1:29:35, time: 0.172, data_time: 0.011, memory: 13424, loss_cls: 0.3850, loss_bbox: 0.3964, loss_kps: 0.0000, loss: 0.7815
2026-09-10 10:51:05,317 - mmdet - INFO - Epoch [17][4350/8725]	lr: 1.000e-04, eta: 1:29:26, time: 0.170, data_time: 0.010, memory: 13424, loss_cls: 0.3575, loss_bbox: 0.3602, loss_kps: 0.0000, loss: 0.7178
2026-09-10 10:51:13,917 - mmdet - INFO - Exp name: scrfd_armAA34.py
2026-09-10 10:51:13,917 - mmdet - INFO - Epoch [17][4400/8725]	lr: 1.000e-04, eta: 1:29:17, time: 0.172, data_time: 0.011, memory: 13424, loss_cls: 0.3797, loss_bbox: 0.3718, loss_kps: 0.0000, loss: 0.7515
2026-09-10 10:51:22,508 - mmdet - INFO - Epoch [17][4450/8725]	lr: 1.000e-04, eta: 1:29:09, time: 0.172, data_time: 0.011, memory: 13424, loss_cls: 0.3937, loss_bbox: 0.3840, loss_kps: 0.0000, loss: 0.7777
2026-09-10 10:51:31,032 - mmdet - INFO - Epoch [17][4500/8725]	lr: 1.000e-04, eta: 1:29:00, time: 0.171, data_time: 0.010, memory: 13424, loss_cls: 0.3860, loss_bbox: 0.3762, loss_kps: 0.0000, loss: 0.7621
2026-09-10 10:51:39,595 - mmdet - INFO - Epoch [17][4550/8725]	lr: 1.000e-04, eta: 1:28:51, time: 0.171, data_time: 0.010, memory: 13424, loss_cls: 0.3864, loss_bbox: 0.3767, loss_kps: 0.0000, loss: 0.7631
2026-09-10 10:51:48,111 - mmdet - INFO - Epoch [17][4600/8725]	lr: 1.000e-04, eta: 1:28:42, time: 0.170, data_time: 0.011, memory: 13424, loss_cls: 0.3667, loss_bbox: 0.3615, loss_kps: 0.0000, loss: 0.7282
2026-09-10 10:51:56,666 - mmdet - INFO - Epoch [17][4650/8725]	lr: 1.000e-04, eta: 1:28:33, time: 0.171, data_time: 0.011, memory: 13424, loss_cls: 0.3716, loss_bbox: 0.3619, loss_kps: 0.0000, loss: 0.7334
2026-09-10 10:52:05,219 - mmdet - INFO - Epoch [17][4700/8725]	lr: 1.000e-04, eta: 1:28:24, time: 0.171, data_time: 0.010, memory: 13424, loss_cls: 0.3566, loss_bbox: 0.3642, loss_kps: 0.0000, loss: 0.7207
2026-09-10 10:52:13,738 - mmdet - INFO - Epoch [17][4750/8725]	lr: 1.000e-04, eta: 1:28:16, time: 0.170, data_time: 0.010, memory: 13424, loss_cls: 0.3699, loss_bbox: 0.3714, loss_kps: 0.0000, loss: 0.7413
2026-09-10 10:52:22,264 - mmdet - INFO - Epoch [17][4800/8725]	lr: 1.000e-04, eta: 1:28:07, time: 0.171, data_time: 0.010, memory: 13424, loss_cls: 0.4053, loss_bbox: 0.3737, loss_kps: 0.0000, loss: 0.7790
2026-09-10 10:52:30,794 - mmdet - INFO - Epoch [17][4850/8725]	lr: 1.000e-04, eta: 1:27:58, time: 0.170, data_time: 0.010, memory: 13424, loss_cls: 0.3768, loss_bbox: 0.3683, loss_kps: 0.0000, loss: 0.7452
2026-09-10 10:52:39,335 - mmdet - INFO - Epoch [17][4900/8725]	lr: 1.000e-04, eta: 1:27:49, time: 0.171, data_time: 0.011, memory: 13424, loss_cls: 0.3363, loss_bbox: 0.3446, loss_kps: 0.0000, loss: 0.6809
2026-09-10 10:52:47,910 - mmdet - INFO - Epoch [17][4950/8725]	lr: 1.000e-04, eta: 1:27:40, time: 0.171, data_time: 0.010, memory: 13424, loss_cls: 0.3594, loss_bbox: 0.3670, loss_kps: 0.0000, loss: 0.7264
2026-09-10 10:52:56,686 - mmdet - INFO - Epoch [17][5000/8725]	lr: 1.000e-04, eta: 1:27:31, time: 0.176, data_time: 0.010, memory: 13424, loss_cls: 0.3854, loss_bbox: 0.3827, loss_kps: 0.0000, loss: 0.7681
2026-09-10 10:53:05,256 - mmdet - INFO - Epoch [17][5050/8725]	lr: 1.000e-04, eta: 1:27:23, time: 0.171, data_time: 0.010, memory: 13424, loss_cls: 0.3704, loss_bbox: 0.3837, loss_kps: 0.0000, loss: 0.7541
2026-09-10 10:53:13,777 - mmdet - INFO - Epoch [17][5100/8725]	lr: 1.000e-04, eta: 1:27:14, time: 0.171, data_time: 0.010, memory: 13424, loss_cls: 0.3947, loss_bbox: 0.3626, loss_kps: 0.0000, loss: 0.7573
2026-09-10 10:53:22,359 - mmdet - INFO - Epoch [17][5150/8725]	lr: 1.000e-04, eta: 1:27:05, time: 0.172, data_time: 0.010, memory: 13424, loss_cls: 0.3812, loss_bbox: 0.3823, loss_kps: 0.0000, loss: 0.7634
2026-09-10 10:53:30,905 - mmdet - INFO - Epoch [17][5200/8725]	lr: 1.000e-04, eta: 1:26:56, time: 0.171, data_time: 0.010, memory: 13424, loss_cls: 0.3786, loss_bbox: 0.3498, loss_kps: 0.0000, loss: 0.7284
2026-09-10 10:53:39,428 - mmdet - INFO - Epoch [17][5250/8725]	lr: 1.000e-04, eta: 1:26:47, time: 0.170, data_time: 0.010, memory: 13424, loss_cls: 0.3774, loss_bbox: 0.3858, loss_kps: 0.0000, loss: 0.7632
2026-09-10 10:53:47,984 - mmdet - INFO - Epoch [17][5300/8725]	lr: 1.000e-04, eta: 1:26:38, time: 0.171, data_time: 0.010, memory: 13424, loss_cls: 0.4047, loss_bbox: 0.3864, loss_kps: 0.0000, loss: 0.7912
2026-09-10 10:53:56,522 - mmdet - INFO - Epoch [17][5350/8725]	lr: 1.000e-04, eta: 1:26:30, time: 0.171, data_time: 0.010, memory: 13424, loss_cls: 0.3603, loss_bbox: 0.3545, loss_kps: 0.0000, loss: 0.7148
2026-09-10 10:54:05,072 - mmdet - INFO - Exp name: scrfd_armAA34.py
2026-09-10 10:54:05,072 - mmdet - INFO - Epoch [17][5400/8725]	lr: 1.000e-04, eta: 1:26:21, time: 0.171, data_time: 0.011, memory: 13424, loss_cls: 0.3600, loss_bbox: 0.3867, loss_kps: 0.0000, loss: 0.7467
2026-09-10 10:54:13,612 - mmdet - INFO - Epoch [17][5450/8725]	lr: 1.000e-04, eta: 1:26:12, time: 0.171, data_time: 0.010, memory: 13424, loss_cls: 0.4124, loss_bbox: 0.3730, loss_kps: 0.0000, loss: 0.7854
2026-09-10 10:54:22,129 - mmdet - INFO - Epoch [17][5500/8725]	lr: 1.000e-04, eta: 1:26:03, time: 0.170, data_time: 0.011, memory: 13424, loss_cls: 0.3767, loss_bbox: 0.3624, loss_kps: 0.0000, loss: 0.7392
2026-09-10 10:54:30,704 - mmdet - INFO - Epoch [17][5550/8725]	lr: 1.000e-04, eta: 1:25:54, time: 0.171, data_time: 0.011, memory: 13424, loss_cls: 0.3715, loss_bbox: 0.3574, loss_kps: 0.0000, loss: 0.7289
2026-09-10 10:54:39,218 - mmdet - INFO - Epoch [17][5600/8725]	lr: 1.000e-04, eta: 1:25:45, time: 0.170, data_time: 0.010, memory: 13424, loss_cls: 0.3921, loss_bbox: 0.3769, loss_kps: 0.0000, loss: 0.7690
2026-09-10 10:54:47,755 - mmdet - INFO - Epoch [17][5650/8725]	lr: 1.000e-04, eta: 1:25:37, time: 0.171, data_time: 0.010, memory: 13424, loss_cls: 0.3641, loss_bbox: 0.3646, loss_kps: 0.0000, loss: 0.7286
2026-09-10 10:54:56,275 - mmdet - INFO - Epoch [17][5700/8725]	lr: 1.000e-04, eta: 1:25:28, time: 0.170, data_time: 0.010, memory: 13424, loss_cls: 0.3566, loss_bbox: 0.3609, loss_kps: 0.0000, loss: 0.7175
2026-09-10 10:55:04,854 - mmdet - INFO - Epoch [17][5750/8725]	lr: 1.000e-04, eta: 1:25:19, time: 0.171, data_time: 0.010, memory: 13424, loss_cls: 0.3569, loss_bbox: 0.3688, loss_kps: 0.0000, loss: 0.7257
2026-09-10 10:55:13,363 - mmdet - INFO - Epoch [17][5800/8725]	lr: 1.000e-04, eta: 1:25:10, time: 0.170, data_time: 0.010, memory: 13424, loss_cls: 0.3703, loss_bbox: 0.3749, loss_kps: 0.0000, loss: 0.7452
2026-09-10 10:55:21,912 - mmdet - INFO - Epoch [17][5850/8725]	lr: 1.000e-04, eta: 1:25:01, time: 0.171, data_time: 0.010, memory: 13424, loss_cls: 0.3803, loss_bbox: 0.3923, loss_kps: 0.0000, loss: 0.7726
2026-09-10 10:55:30,448 - mmdet - INFO - Epoch [17][5900/8725]	lr: 1.000e-04, eta: 1:24:52, time: 0.171, data_time: 0.011, memory: 13424, loss_cls: 0.3846, loss_bbox: 0.3792, loss_kps: 0.0000, loss: 0.7638
2026-09-10 10:55:38,921 - mmdet - INFO - Epoch [17][5950/8725]	lr: 1.000e-04, eta: 1:24:44, time: 0.169, data_time: 0.010, memory: 13424, loss_cls: 0.3796, loss_bbox: 0.3741, loss_kps: 0.0000, loss: 0.7537
2026-09-10 10:55:47,417 - mmdet - INFO - Epoch [17][6000/8725]	lr: 1.000e-04, eta: 1:24:35, time: 0.170, data_time: 0.010, memory: 13424, loss_cls: 0.3563, loss_bbox: 0.3871, loss_kps: 0.0000, loss: 0.7434
2026-09-10 10:55:55,939 - mmdet - INFO - Epoch [17][6050/8725]	lr: 1.000e-04, eta: 1:24:26, time: 0.170, data_time: 0.010, memory: 13424, loss_cls: 0.3976, loss_bbox: 0.3930, loss_kps: 0.0000, loss: 0.7906
2026-09-10 10:56:04,485 - mmdet - INFO - Epoch [17][6100/8725]	lr: 1.000e-04, eta: 1:24:17, time: 0.171, data_time: 0.010, memory: 13424, loss_cls: 0.3562, loss_bbox: 0.3627, loss_kps: 0.0000, loss: 0.7189
2026-09-10 10:56:12,984 - mmdet - INFO - Epoch [17][6150/8725]	lr: 1.000e-04, eta: 1:24:08, time: 0.170, data_time: 0.010, memory: 13424, loss_cls: 0.3640, loss_bbox: 0.3699, loss_kps: 0.0000, loss: 0.7339
2026-09-10 10:56:21,480 - mmdet - INFO - Epoch [17][6200/8725]	lr: 1.000e-04, eta: 1:23:59, time: 0.170, data_time: 0.010, memory: 13424, loss_cls: 0.3980, loss_bbox: 0.3601, loss_kps: 0.0000, loss: 0.7581
2026-09-10 10:56:29,964 - mmdet - INFO - Epoch [17][6250/8725]	lr: 1.000e-04, eta: 1:23:51, time: 0.170, data_time: 0.010, memory: 13424, loss_cls: 0.3758, loss_bbox: 0.3688, loss_kps: 0.0000, loss: 0.7446
2026-09-10 10:56:38,479 - mmdet - INFO - Epoch [17][6300/8725]	lr: 1.000e-04, eta: 1:23:42, time: 0.170, data_time: 0.010, memory: 13424, loss_cls: 0.3714, loss_bbox: 0.3681, loss_kps: 0.0000, loss: 0.7395
2026-09-10 10:56:47,064 - mmdet - INFO - Epoch [17][6350/8725]	lr: 1.000e-04, eta: 1:23:33, time: 0.172, data_time: 0.010, memory: 13424, loss_cls: 0.4024, loss_bbox: 0.3810, loss_kps: 0.0000, loss: 0.7833
2026-09-10 10:56:55,637 - mmdet - INFO - Exp name: scrfd_armAA34.py
2026-09-10 10:56:55,637 - mmdet - INFO - Epoch [17][6400/8725]	lr: 1.000e-04, eta: 1:23:24, time: 0.172, data_time: 0.010, memory: 13424, loss_cls: 0.3813, loss_bbox: 0.3778, loss_kps: 0.0000, loss: 0.7591
2026-09-10 10:57:04,127 - mmdet - INFO - Epoch [17][6450/8725]	lr: 1.000e-04, eta: 1:23:15, time: 0.170, data_time: 0.010, memory: 13424, loss_cls: 0.3734, loss_bbox: 0.3720, loss_kps: 0.0000, loss: 0.7454
2026-09-10 10:57:12,781 - mmdet - INFO - Epoch [17][6500/8725]	lr: 1.000e-04, eta: 1:23:07, time: 0.173, data_time: 0.010, memory: 13424, loss_cls: 0.3611, loss_bbox: 0.3869, loss_kps: 0.0000, loss: 0.7480
2026-09-10 10:57:21,299 - mmdet - INFO - Epoch [17][6550/8725]	lr: 1.000e-04, eta: 1:22:58, time: 0.170, data_time: 0.010, memory: 13424, loss_cls: 0.4026, loss_bbox: 0.3745, loss_kps: 0.0000, loss: 0.7771
2026-09-10 10:57:29,841 - mmdet - INFO - Epoch [17][6600/8725]	lr: 1.000e-04, eta: 1:22:49, time: 0.171, data_time: 0.010, memory: 13424, loss_cls: 0.3900, loss_bbox: 0.3871, loss_kps: 0.0000, loss: 0.7772
2026-09-10 10:57:38,463 - mmdet - INFO - Epoch [17][6650/8725]	lr: 1.000e-04, eta: 1:22:40, time: 0.172, data_time: 0.010, memory: 13424, loss_cls: 0.3578, loss_bbox: 0.3809, loss_kps: 0.0000, loss: 0.7387
2026-09-10 10:57:47,002 - mmdet - INFO - Epoch [17][6700/8725]	lr: 1.000e-04, eta: 1:22:31, time: 0.171, data_time: 0.011, memory: 13424, loss_cls: 0.3513, loss_bbox: 0.3703, loss_kps: 0.0000, loss: 0.7216
2026-09-10 10:57:55,549 - mmdet - INFO - Epoch [17][6750/8725]	lr: 1.000e-04, eta: 1:22:22, time: 0.171, data_time: 0.010, memory: 13424, loss_cls: 0.3886, loss_bbox: 0.3583, loss_kps: 0.0000, loss: 0.7469
2026-09-10 10:58:04,096 - mmdet - INFO - Epoch [17][6800/8725]	lr: 1.000e-04, eta: 1:22:14, time: 0.171, data_time: 0.010, memory: 13424, loss_cls: 0.3840, loss_bbox: 0.3566, loss_kps: 0.0000, loss: 0.7406
2026-09-10 10:58:12,591 - mmdet - INFO - Epoch [17][6850/8725]	lr: 1.000e-04, eta: 1:22:05, time: 0.170, data_time: 0.010, memory: 13424, loss_cls: 0.3925, loss_bbox: 0.3983, loss_kps: 0.0000, loss: 0.7908
2026-09-10 10:58:21,228 - mmdet - INFO - Epoch [17][6900/8725]	lr: 1.000e-04, eta: 1:21:56, time: 0.173, data_time: 0.011, memory: 13424, loss_cls: 0.3780, loss_bbox: 0.3749, loss_kps: 0.0000, loss: 0.7529
2026-09-10 10:58:29,732 - mmdet - INFO - Epoch [17][6950/8725]	lr: 1.000e-04, eta: 1:21:47, time: 0.170, data_time: 0.010, memory: 13424, loss_cls: 0.3859, loss_bbox: 0.3711, loss_kps: 0.0000, loss: 0.7571
2026-09-10 10:58:38,319 - mmdet - INFO - Epoch [17][7000/8725]	lr: 1.000e-04, eta: 1:21:38, time: 0.172, data_time: 0.010, memory: 13424, loss_cls: 0.3552, loss_bbox: 0.3622, loss_kps: 0.0000, loss: 0.7174
2026-09-10 10:58:46,974 - mmdet - INFO - Epoch [17][7050/8725]	lr: 1.000e-04, eta: 1:21:29, time: 0.173, data_time: 0.011, memory: 13424, loss_cls: 0.3961, loss_bbox: 0.3768, loss_kps: 0.0000, loss: 0.7730
2026-09-10 10:58:55,507 - mmdet - INFO - Epoch [17][7100/8725]	lr: 1.000e-04, eta: 1:21:21, time: 0.171, data_time: 0.010, memory: 13424, loss_cls: 0.3607, loss_bbox: 0.3592, loss_kps: 0.0000, loss: 0.7199
2026-09-10 10:59:04,085 - mmdet - INFO - Epoch [17][7150/8725]	lr: 1.000e-04, eta: 1:21:12, time: 0.171, data_time: 0.011, memory: 13424, loss_cls: 0.3550, loss_bbox: 0.3555, loss_kps: 0.0000, loss: 0.7105
2026-09-10 10:59:12,801 - mmdet - INFO - Epoch [17][7200/8725]	lr: 1.000e-04, eta: 1:21:03, time: 0.174, data_time: 0.011, memory: 13424, loss_cls: 0.4047, loss_bbox: 0.4001, loss_kps: 0.0000, loss: 0.8048
2026-09-10 10:59:21,937 - mmdet - INFO - Epoch [17][7250/8725]	lr: 1.000e-04, eta: 1:20:54, time: 0.183, data_time: 0.014, memory: 13424, loss_cls: 0.3673, loss_bbox: 0.3712, loss_kps: 0.0000, loss: 0.7384
2026-09-10 10:59:30,635 - mmdet - INFO - Epoch [17][7300/8725]	lr: 1.000e-04, eta: 1:20:46, time: 0.174, data_time: 0.011, memory: 13424, loss_cls: 0.3594, loss_bbox: 0.3501, loss_kps: 0.0000, loss: 0.7094
2026-09-10 10:59:39,358 - mmdet - INFO - Epoch [17][7350/8725]	lr: 1.000e-04, eta: 1:20:37, time: 0.174, data_time: 0.010, memory: 13424, loss_cls: 0.3739, loss_bbox: 0.3722, loss_kps: 0.0000, loss: 0.7461
2026-09-10 10:59:48,115 - mmdet - INFO - Exp name: scrfd_armAA34.py
2026-09-10 10:59:48,115 - mmdet - INFO - Epoch [17][7400/8725]	lr: 1.000e-04, eta: 1:20:28, time: 0.175, data_time: 0.010, memory: 13424, loss_cls: 0.3698, loss_bbox: 0.3852, loss_kps: 0.0000, loss: 0.7550
2026-09-10 10:59:56,897 - mmdet - INFO - Epoch [17][7450/8725]	lr: 1.000e-04, eta: 1:20:19, time: 0.176, data_time: 0.012, memory: 13424, loss_cls: 0.3806, loss_bbox: 0.3813, loss_kps: 0.0000, loss: 0.7619
2026-09-10 11:00:05,600 - mmdet - INFO - Epoch [17][7500/8725]	lr: 1.000e-04, eta: 1:20:10, time: 0.174, data_time: 0.010, memory: 13424, loss_cls: 0.4298, loss_bbox: 0.3971, loss_kps: 0.0000, loss: 0.8269
2026-09-10 11:00:14,217 - mmdet - INFO - Epoch [17][7550/8725]	lr: 1.000e-04, eta: 1:20:02, time: 0.172, data_time: 0.010, memory: 13424, loss_cls: 0.3876, loss_bbox: 0.3938, loss_kps: 0.0000, loss: 0.7814
2026-09-10 11:00:22,866 - mmdet - INFO - Epoch [17][7600/8725]	lr: 1.000e-04, eta: 1:19:53, time: 0.173, data_time: 0.010, memory: 13424, loss_cls: 0.3503, loss_bbox: 0.3698, loss_kps: 0.0000, loss: 0.7201
2026-09-10 11:00:31,461 - mmdet - INFO - Epoch [17][7650/8725]	lr: 1.000e-04, eta: 1:19:44, time: 0.172, data_time: 0.010, memory: 13424, loss_cls: 0.3528, loss_bbox: 0.3675, loss_kps: 0.0000, loss: 0.7203
2026-09-10 11:00:40,104 - mmdet - INFO - Epoch [17][7700/8725]	lr: 1.000e-04, eta: 1:19:35, time: 0.173, data_time: 0.010, memory: 13424, loss_cls: 0.3730, loss_bbox: 0.3670, loss_kps: 0.0000, loss: 0.7401
2026-09-10 11:00:48,801 - mmdet - INFO - Epoch [17][7750/8725]	lr: 1.000e-04, eta: 1:19:26, time: 0.174, data_time: 0.010, memory: 13424, loss_cls: 0.3753, loss_bbox: 0.3531, loss_kps: 0.0000, loss: 0.7284
2026-09-10 11:00:57,393 - mmdet - INFO - Epoch [17][7800/8725]	lr: 1.000e-04, eta: 1:19:18, time: 0.172, data_time: 0.009, memory: 13424, loss_cls: 0.3724, loss_bbox: 0.3794, loss_kps: 0.0000, loss: 0.7518
2026-09-10 11:01:05,985 - mmdet - INFO - Epoch [17][7850/8725]	lr: 1.000e-04, eta: 1:19:09, time: 0.172, data_time: 0.009, memory: 13424, loss_cls: 0.3817, loss_bbox: 0.3715, loss_kps: 0.0000, loss: 0.7532
2026-09-10 11:01:14,517 - mmdet - INFO - Epoch [17][7900/8725]	lr: 1.000e-04, eta: 1:19:00, time: 0.171, data_time: 0.010, memory: 13424, loss_cls: 0.3863, loss_bbox: 0.3672, loss_kps: 0.0000, loss: 0.7535
2026-09-10 11:01:23,058 - mmdet - INFO - Epoch [17][7950/8725]	lr: 1.000e-04, eta: 1:18:51, time: 0.171, data_time: 0.009, memory: 13424, loss_cls: 0.3623, loss_bbox: 0.3668, loss_kps: 0.0000, loss: 0.7291
2026-09-10 11:01:31,610 - mmdet - INFO - Epoch [17][8000/8725]	lr: 1.000e-04, eta: 1:18:42, time: 0.171, data_time: 0.009, memory: 13424, loss_cls: 0.3873, loss_bbox: 0.3713, loss_kps: 0.0000, loss: 0.7586
2026-09-10 11:01:40,450 - mmdet - INFO - Epoch [17][8050/8725]	lr: 1.000e-04, eta: 1:18:34, time: 0.177, data_time: 0.010, memory: 13424, loss_cls: 0.3666, loss_bbox: 0.3675, loss_kps: 0.0000, loss: 0.7341
2026-09-10 11:01:49,032 - mmdet - INFO - Epoch [17][8100/8725]	lr: 1.000e-04, eta: 1:18:25, time: 0.172, data_time: 0.010, memory: 13424, loss_cls: 0.3457, loss_bbox: 0.3725, loss_kps: 0.0000, loss: 0.7182
2026-09-10 11:01:57,650 - mmdet - INFO - Epoch [17][8150/8725]	lr: 1.000e-04, eta: 1:18:16, time: 0.172, data_time: 0.010, memory: 13424, loss_cls: 0.3888, loss_bbox: 0.3803, loss_kps: 0.0000, loss: 0.7691
2026-09-10 11:02:06,321 - mmdet - INFO - Epoch [17][8200/8725]	lr: 1.000e-04, eta: 1:18:07, time: 0.174, data_time: 0.010, memory: 13424, loss_cls: 0.3824, loss_bbox: 0.3712, loss_kps: 0.0000, loss: 0.7536
2026-09-10 11:02:14,961 - mmdet - INFO - Epoch [17][8250/8725]	lr: 1.000e-04, eta: 1:17:58, time: 0.173, data_time: 0.010, memory: 13424, loss_cls: 0.3688, loss_bbox: 0.3805, loss_kps: 0.0000, loss: 0.7492
2026-09-10 11:02:23,626 - mmdet - INFO - Epoch [17][8300/8725]	lr: 1.000e-04, eta: 1:17:50, time: 0.173, data_time: 0.010, memory: 13424, loss_cls: 0.3843, loss_bbox: 0.3770, loss_kps: 0.0000, loss: 0.7613
2026-09-10 11:02:32,282 - mmdet - INFO - Epoch [17][8350/8725]	lr: 1.000e-04, eta: 1:17:41, time: 0.173, data_time: 0.010, memory: 13424, loss_cls: 0.3583, loss_bbox: 0.3727, loss_kps: 0.0000, loss: 0.7310
2026-09-10 11:02:40,871 - mmdet - INFO - Exp name: scrfd_armAA34.py
2026-09-10 11:02:40,871 - mmdet - INFO - Epoch [17][8400/8725]	lr: 1.000e-04, eta: 1:17:32, time: 0.172, data_time: 0.010, memory: 13424, loss_cls: 0.3568, loss_bbox: 0.3565, loss_kps: 0.0000, loss: 0.7133
2026-09-10 11:02:49,488 - mmdet - INFO - Epoch [17][8450/8725]	lr: 1.000e-04, eta: 1:17:23, time: 0.172, data_time: 0.010, memory: 13424, loss_cls: 0.3843, loss_bbox: 0.3755, loss_kps: 0.0000, loss: 0.7599
2026-09-10 11:02:58,072 - mmdet - INFO - Epoch [17][8500/8725]	lr: 1.000e-04, eta: 1:17:14, time: 0.172, data_time: 0.010, memory: 13424, loss_cls: 0.3642, loss_bbox: 0.3723, loss_kps: 0.0000, loss: 0.7365
2026-09-10 11:03:06,702 - mmdet - INFO - Epoch [17][8550/8725]	lr: 1.000e-04, eta: 1:17:05, time: 0.173, data_time: 0.010, memory: 13424, loss_cls: 0.3381, loss_bbox: 0.3664, loss_kps: 0.0000, loss: 0.7046
2026-09-10 11:03:15,362 - mmdet - INFO - Epoch [17][8600/8725]	lr: 1.000e-04, eta: 1:16:57, time: 0.173, data_time: 0.010, memory: 13424, loss_cls: 0.3951, loss_bbox: 0.3730, loss_kps: 0.0000, loss: 0.7681
2026-09-10 11:03:24,036 - mmdet - INFO - Epoch [17][8650/8725]	lr: 1.000e-04, eta: 1:16:48, time: 0.174, data_time: 0.010, memory: 13424, loss_cls: 0.3879, loss_bbox: 0.4100, loss_kps: 0.0000, loss: 0.7979
2026-09-10 11:03:32,575 - mmdet - INFO - Epoch [17][8700/8725]	lr: 1.000e-04, eta: 1:16:39, time: 0.171, data_time: 0.010, memory: 13424, loss_cls: 0.3888, loss_bbox: 0.3944, loss_kps: 0.0000, loss: 0.7832
2026-09-10 11:03:37,124 - mmdet - INFO - Saving checkpoint at 17 epochs
2026-09-10 11:03:50,258 - mmdet - INFO - Epoch [18][50/8725]	lr: 1.000e-04, eta: 1:16:26, time: 0.257, data_time: 0.091, memory: 13424, loss_cls: 0.4114, loss_bbox: 0.3742, loss_kps: 0.0000, loss: 0.7857
2026-09-10 11:03:58,797 - mmdet - INFO - Epoch [18][100/8725]	lr: 1.000e-04, eta: 1:16:17, time: 0.171, data_time: 0.010, memory: 13424, loss_cls: 0.3697, loss_bbox: 0.3729, loss_kps: 0.0000, loss: 0.7426
2026-09-10 11:04:07,335 - mmdet - INFO - Epoch [18][150/8725]	lr: 1.000e-04, eta: 1:16:08, time: 0.171, data_time: 0.010, memory: 13424, loss_cls: 0.3760, loss_bbox: 0.3788, loss_kps: 0.0000, loss: 0.7548
2026-09-10 11:04:15,945 - mmdet - INFO - Epoch [18][200/8725]	lr: 1.000e-04, eta: 1:15:59, time: 0.172, data_time: 0.010, memory: 13424, loss_cls: 0.3916, loss_bbox: 0.3728, loss_kps: 0.0000, loss: 0.7644
2026-09-10 11:04:24,532 - mmdet - INFO - Epoch [18][250/8725]	lr: 1.000e-04, eta: 1:15:51, time: 0.172, data_time: 0.010, memory: 13424, loss_cls: 0.4013, loss_bbox: 0.3752, loss_kps: 0.0000, loss: 0.7765
2026-09-10 11:04:33,051 - mmdet - INFO - Epoch [18][300/8725]	lr: 1.000e-04, eta: 1:15:42, time: 0.170, data_time: 0.010, memory: 13424, loss_cls: 0.3713, loss_bbox: 0.3753, loss_kps: 0.0000, loss: 0.7466
2026-09-10 11:04:41,627 - mmdet - INFO - Epoch [18][350/8725]	lr: 1.000e-04, eta: 1:15:33, time: 0.172, data_time: 0.011, memory: 13424, loss_cls: 0.3632, loss_bbox: 0.3674, loss_kps: 0.0000, loss: 0.7306
2026-09-10 11:04:50,151 - mmdet - INFO - Epoch [18][400/8725]	lr: 1.000e-04, eta: 1:15:24, time: 0.170, data_time: 0.010, memory: 13424, loss_cls: 0.4090, loss_bbox: 0.3803, loss_kps: 0.0000, loss: 0.7893
2026-09-10 11:04:58,815 - mmdet - INFO - Epoch [18][450/8725]	lr: 1.000e-04, eta: 1:15:15, time: 0.174, data_time: 0.010, memory: 13424, loss_cls: 0.3669, loss_bbox: 0.3609, loss_kps: 0.0000, loss: 0.7279
2026-09-10 11:05:07,358 - mmdet - INFO - Epoch [18][500/8725]	lr: 1.000e-04, eta: 1:15:07, time: 0.171, data_time: 0.010, memory: 13424, loss_cls: 0.3714, loss_bbox: 0.3608, loss_kps: 0.0000, loss: 0.7322
2026-09-10 11:05:16,000 - mmdet - INFO - Epoch [18][550/8725]	lr: 1.000e-04, eta: 1:14:58, time: 0.173, data_time: 0.009, memory: 13424, loss_cls: 0.3473, loss_bbox: 0.3436, loss_kps: 0.0000, loss: 0.6909
2026-09-10 11:05:24,645 - mmdet - INFO - Epoch [18][600/8725]	lr: 1.000e-04, eta: 1:14:49, time: 0.173, data_time: 0.010, memory: 13424, loss_cls: 0.3765, loss_bbox: 0.3635, loss_kps: 0.0000, loss: 0.7400
2026-09-10 11:05:33,261 - mmdet - INFO - Epoch [18][650/8725]	lr: 1.000e-04, eta: 1:14:40, time: 0.173, data_time: 0.010, memory: 13424, loss_cls: 0.4147, loss_bbox: 0.3875, loss_kps: 0.0000, loss: 0.8023
2026-09-10 11:05:41,932 - mmdet - INFO - Epoch [18][700/8725]	lr: 1.000e-04, eta: 1:14:31, time: 0.173, data_time: 0.011, memory: 13424, loss_cls: 0.3720, loss_bbox: 0.3777, loss_kps: 0.0000, loss: 0.7498
2026-09-10 11:05:50,563 - mmdet - INFO - Epoch [18][750/8725]	lr: 1.000e-04, eta: 1:14:23, time: 0.173, data_time: 0.010, memory: 13424, loss_cls: 0.3700, loss_bbox: 0.3989, loss_kps: 0.0000, loss: 0.7690
2026-09-10 11:05:59,252 - mmdet - INFO - Epoch [18][800/8725]	lr: 1.000e-04, eta: 1:14:14, time: 0.174, data_time: 0.010, memory: 13424, loss_cls: 0.3466, loss_bbox: 0.3529, loss_kps: 0.0000, loss: 0.6995
2026-09-10 11:06:07,904 - mmdet - INFO - Epoch [18][850/8725]	lr: 1.000e-04, eta: 1:14:05, time: 0.173, data_time: 0.010, memory: 13424, loss_cls: 0.3533, loss_bbox: 0.3578, loss_kps: 0.0000, loss: 0.7110
2026-09-10 11:06:16,461 - mmdet - INFO - Epoch [18][900/8725]	lr: 1.000e-04, eta: 1:13:56, time: 0.171, data_time: 0.009, memory: 13424, loss_cls: 0.3727, loss_bbox: 0.3788, loss_kps: 0.0000, loss: 0.7515
2026-09-10 11:06:25,054 - mmdet - INFO - Epoch [18][950/8725]	lr: 1.000e-04, eta: 1:13:47, time: 0.172, data_time: 0.010, memory: 13424, loss_cls: 0.3777, loss_bbox: 0.3682, loss_kps: 0.0000, loss: 0.7459
2026-09-10 11:06:33,671 - mmdet - INFO - Epoch [18][1000/8725]	lr: 1.000e-04, eta: 1:13:38, time: 0.172, data_time: 0.010, memory: 13424, loss_cls: 0.3947, loss_bbox: 0.3748, loss_kps: 0.0000, loss: 0.7696
2026-09-10 11:06:42,253 - mmdet - INFO - Epoch [18][1050/8725]	lr: 1.000e-04, eta: 1:13:30, time: 0.172, data_time: 0.010, memory: 13424, loss_cls: 0.3866, loss_bbox: 0.3856, loss_kps: 0.0000, loss: 0.7722
2026-09-10 11:06:50,862 - mmdet - INFO - Epoch [18][1100/8725]	lr: 1.000e-04, eta: 1:13:21, time: 0.172, data_time: 0.011, memory: 13424, loss_cls: 0.4159, loss_bbox: 0.3727, loss_kps: 0.0000, loss: 0.7886
2026-09-10 11:06:59,394 - mmdet - INFO - Epoch [18][1150/8725]	lr: 1.000e-04, eta: 1:13:12, time: 0.171, data_time: 0.010, memory: 13424, loss_cls: 0.3750, loss_bbox: 0.3540, loss_kps: 0.0000, loss: 0.7290
2026-09-10 11:07:07,969 - mmdet - INFO - Epoch [18][1200/8725]	lr: 1.000e-04, eta: 1:13:03, time: 0.171, data_time: 0.010, memory: 13424, loss_cls: 0.3706, loss_bbox: 0.3739, loss_kps: 0.0000, loss: 0.7445
2026-09-10 11:07:16,629 - mmdet - INFO - Epoch [18][1250/8725]	lr: 1.000e-04, eta: 1:12:54, time: 0.173, data_time: 0.010, memory: 13424, loss_cls: 0.3775, loss_bbox: 0.3730, loss_kps: 0.0000, loss: 0.7505
2026-09-10 11:07:25,340 - mmdet - INFO - Epoch [18][1300/8725]	lr: 1.000e-04, eta: 1:12:46, time: 0.174, data_time: 0.010, memory: 13424, loss_cls: 0.3891, loss_bbox: 0.3783, loss_kps: 0.0000, loss: 0.7675
2026-09-10 11:07:33,992 - mmdet - INFO - Epoch [18][1350/8725]	lr: 1.000e-04, eta: 1:12:37, time: 0.173, data_time: 0.010, memory: 13424, loss_cls: 0.3940, loss_bbox: 0.3840, loss_kps: 0.0000, loss: 0.7780
2026-09-10 11:07:42,725 - mmdet - INFO - Epoch [18][1400/8725]	lr: 1.000e-04, eta: 1:12:28, time: 0.174, data_time: 0.010, memory: 13424, loss_cls: 0.3590, loss_bbox: 0.3789, loss_kps: 0.0000, loss: 0.7379
2026-09-10 11:07:51,610 - mmdet - INFO - Epoch [18][1450/8725]	lr: 1.000e-04, eta: 1:12:19, time: 0.178, data_time: 0.012, memory: 13424, loss_cls: 0.3844, loss_bbox: 0.3869, loss_kps: 0.0000, loss: 0.7712
2026-09-10 11:08:00,305 - mmdet - INFO - Epoch [18][1500/8725]	lr: 1.000e-04, eta: 1:12:11, time: 0.174, data_time: 0.011, memory: 13424, loss_cls: 0.3717, loss_bbox: 0.3707, loss_kps: 0.0000, loss: 0.7424
2026-09-10 11:08:08,964 - mmdet - INFO - Epoch [18][1550/8725]	lr: 1.000e-04, eta: 1:12:02, time: 0.173, data_time: 0.010, memory: 13424, loss_cls: 0.3911, loss_bbox: 0.3801, loss_kps: 0.0000, loss: 0.7712
2026-09-10 11:08:17,649 - mmdet - INFO - Epoch [18][1600/8725]	lr: 1.000e-04, eta: 1:11:53, time: 0.173, data_time: 0.010, memory: 13424, loss_cls: 0.3978, loss_bbox: 0.3978, loss_kps: 0.0000, loss: 0.7957
2026-09-10 11:08:26,297 - mmdet - INFO - Epoch [18][1650/8725]	lr: 1.000e-04, eta: 1:11:44, time: 0.173, data_time: 0.010, memory: 13424, loss_cls: 0.3670, loss_bbox: 0.3583, loss_kps: 0.0000, loss: 0.7253
2026-09-10 11:08:34,987 - mmdet - INFO - Epoch [18][1700/8725]	lr: 1.000e-04, eta: 1:11:35, time: 0.174, data_time: 0.010, memory: 13424, loss_cls: 0.4231, loss_bbox: 0.3895, loss_kps: 0.0000, loss: 0.8126
2026-09-10 11:08:43,638 - mmdet - INFO - Epoch [18][1750/8725]	lr: 1.000e-04, eta: 1:11:27, time: 0.173, data_time: 0.010, memory: 13424, loss_cls: 0.3937, loss_bbox: 0.3716, loss_kps: 0.0000, loss: 0.7654
2026-09-10 11:08:52,390 - mmdet - INFO - Epoch [18][1800/8725]	lr: 1.000e-04, eta: 1:11:18, time: 0.175, data_time: 0.011, memory: 13424, loss_cls: 0.3966, loss_bbox: 0.3831, loss_kps: 0.0000, loss: 0.7797
2026-09-10 11:09:01,161 - mmdet - INFO - Epoch [18][1850/8725]	lr: 1.000e-04, eta: 1:11:09, time: 0.176, data_time: 0.011, memory: 13424, loss_cls: 0.3779, loss_bbox: 0.3732, loss_kps: 0.0000, loss: 0.7511
2026-09-10 11:09:09,998 - mmdet - INFO - Epoch [18][1900/8725]	lr: 1.000e-04, eta: 1:11:00, time: 0.176, data_time: 0.010, memory: 13424, loss_cls: 0.3386, loss_bbox: 0.3454, loss_kps: 0.0000, loss: 0.6840
2026-09-10 11:09:18,766 - mmdet - INFO - Epoch [18][1950/8725]	lr: 1.000e-04, eta: 1:10:51, time: 0.176, data_time: 0.011, memory: 13424, loss_cls: 0.3921, loss_bbox: 0.3731, loss_kps: 0.0000, loss: 0.7652
2026-09-10 11:09:27,809 - mmdet - INFO - Epoch [18][2000/8725]	lr: 1.000e-04, eta: 1:10:43, time: 0.181, data_time: 0.012, memory: 13424, loss_cls: 0.3463, loss_bbox: 0.3489, loss_kps: 0.0000, loss: 0.6953
2026-09-10 11:09:36,471 - mmdet - INFO - Epoch [18][2050/8725]	lr: 1.000e-04, eta: 1:10:34, time: 0.174, data_time: 0.010, memory: 13424, loss_cls: 0.3797, loss_bbox: 0.3849, loss_kps: 0.0000, loss: 0.7646
2026-09-10 11:09:45,103 - mmdet - INFO - Epoch [18][2100/8725]	lr: 1.000e-04, eta: 1:10:25, time: 0.172, data_time: 0.010, memory: 13424, loss_cls: 0.3716, loss_bbox: 0.3597, loss_kps: 0.0000, loss: 0.7313
2026-09-10 11:09:53,906 - mmdet - INFO - Epoch [18][2150/8725]	lr: 1.000e-04, eta: 1:10:16, time: 0.176, data_time: 0.011, memory: 13424, loss_cls: 0.3554, loss_bbox: 0.3609, loss_kps: 0.0000, loss: 0.7163
2026-09-10 11:10:02,533 - mmdet - INFO - Epoch [18][2200/8725]	lr: 1.000e-04, eta: 1:10:08, time: 0.173, data_time: 0.010, memory: 13424, loss_cls: 0.3689, loss_bbox: 0.3768, loss_kps: 0.0000, loss: 0.7457
2026-09-10 11:10:11,264 - mmdet - INFO - Epoch [18][2250/8725]	lr: 1.000e-04, eta: 1:09:59, time: 0.175, data_time: 0.011, memory: 13424, loss_cls: 0.3631, loss_bbox: 0.3657, loss_kps: 0.0000, loss: 0.7288
2026-09-10 11:10:19,972 - mmdet - INFO - Epoch [18][2300/8725]	lr: 1.000e-04, eta: 1:09:50, time: 0.174, data_time: 0.010, memory: 13424, loss_cls: 0.3570, loss_bbox: 0.3640, loss_kps: 0.0000, loss: 0.7210
2026-09-10 11:10:28,679 - mmdet - INFO - Epoch [18][2350/8725]	lr: 1.000e-04, eta: 1:09:41, time: 0.174, data_time: 0.010, memory: 13424, loss_cls: 0.3674, loss_bbox: 0.3836, loss_kps: 0.0000, loss: 0.7510
2026-09-10 11:10:37,345 - mmdet - INFO - Epoch [18][2400/8725]	lr: 1.000e-04, eta: 1:09:32, time: 0.173, data_time: 0.011, memory: 13424, loss_cls: 0.3732, loss_bbox: 0.3622, loss_kps: 0.0000, loss: 0.7354
2026-09-10 11:10:45,975 - mmdet - INFO - Epoch [18][2450/8725]	lr: 1.000e-04, eta: 1:09:24, time: 0.173, data_time: 0.011, memory: 13424, loss_cls: 0.3839, loss_bbox: 0.3709, loss_kps: 0.0000, loss: 0.7548
2026-09-10 11:10:54,707 - mmdet - INFO - Epoch [18][2500/8725]	lr: 1.000e-04, eta: 1:09:15, time: 0.174, data_time: 0.010, memory: 13424, loss_cls: 0.3758, loss_bbox: 0.3718, loss_kps: 0.0000, loss: 0.7476
2026-09-10 11:11:03,303 - mmdet - INFO - Epoch [18][2550/8725]	lr: 1.000e-04, eta: 1:09:06, time: 0.172, data_time: 0.010, memory: 13424, loss_cls: 0.3593, loss_bbox: 0.3668, loss_kps: 0.0000, loss: 0.7260
2026-09-10 11:11:11,869 - mmdet - INFO - Epoch [18][2600/8725]	lr: 1.000e-04, eta: 1:08:57, time: 0.171, data_time: 0.010, memory: 13424, loss_cls: 0.3656, loss_bbox: 0.3693, loss_kps: 0.0000, loss: 0.7349
2026-09-10 11:11:20,699 - mmdet - INFO - Epoch [18][2650/8725]	lr: 1.000e-04, eta: 1:08:48, time: 0.177, data_time: 0.010, memory: 13424, loss_cls: 0.3739, loss_bbox: 0.3658, loss_kps: 0.0000, loss: 0.7397
2026-09-10 11:11:29,405 - mmdet - INFO - Epoch [18][2700/8725]	lr: 1.000e-04, eta: 1:08:40, time: 0.174, data_time: 0.009, memory: 13424, loss_cls: 0.3451, loss_bbox: 0.3557, loss_kps: 0.0000, loss: 0.7009
2026-09-10 11:11:38,052 - mmdet - INFO - Epoch [18][2750/8725]	lr: 1.000e-04, eta: 1:08:31, time: 0.173, data_time: 0.010, memory: 13424, loss_cls: 0.3769, loss_bbox: 0.3638, loss_kps: 0.0000, loss: 0.7407
2026-09-10 11:11:46,649 - mmdet - INFO - Epoch [18][2800/8725]	lr: 1.000e-04, eta: 1:08:22, time: 0.172, data_time: 0.010, memory: 13424, loss_cls: 0.3488, loss_bbox: 0.3573, loss_kps: 0.0000, loss: 0.7061
2026-09-10 11:11:55,239 - mmdet - INFO - Epoch [18][2850/8725]	lr: 1.000e-04, eta: 1:08:13, time: 0.172, data_time: 0.011, memory: 13424, loss_cls: 0.3670, loss_bbox: 0.3603, loss_kps: 0.0000, loss: 0.7273
2026-09-10 11:12:03,839 - mmdet - INFO - Epoch [18][2900/8725]	lr: 1.000e-04, eta: 1:08:04, time: 0.172, data_time: 0.010, memory: 13424, loss_cls: 0.3560, loss_bbox: 0.3650, loss_kps: 0.0000, loss: 0.7209
2026-09-10 11:12:12,357 - mmdet - INFO - Epoch [18][2950/8725]	lr: 1.000e-04, eta: 1:07:56, time: 0.171, data_time: 0.010, memory: 13424, loss_cls: 0.3809, loss_bbox: 0.3792, loss_kps: 0.0000, loss: 0.7601
2026-09-10 11:12:20,920 - mmdet - INFO - Epoch [18][3000/8725]	lr: 1.000e-04, eta: 1:07:47, time: 0.171, data_time: 0.010, memory: 13424, loss_cls: 0.3784, loss_bbox: 0.3897, loss_kps: 0.0000, loss: 0.7681
2026-09-10 11:12:29,487 - mmdet - INFO - Epoch [18][3050/8725]	lr: 1.000e-04, eta: 1:07:38, time: 0.171, data_time: 0.010, memory: 13424, loss_cls: 0.3755, loss_bbox: 0.3697, loss_kps: 0.0000, loss: 0.7452
2026-09-10 11:12:38,028 - mmdet - INFO - Epoch [18][3100/8725]	lr: 1.000e-04, eta: 1:07:29, time: 0.171, data_time: 0.010, memory: 13424, loss_cls: 0.3816, loss_bbox: 0.3848, loss_kps: 0.0000, loss: 0.7664
2026-09-10 11:12:46,525 - mmdet - INFO - Epoch [18][3150/8725]	lr: 1.000e-04, eta: 1:07:20, time: 0.170, data_time: 0.009, memory: 13424, loss_cls: 0.3843, loss_bbox: 0.3643, loss_kps: 0.0000, loss: 0.7486
2026-09-10 11:12:55,053 - mmdet - INFO - Epoch [18][3200/8725]	lr: 1.000e-04, eta: 1:07:12, time: 0.170, data_time: 0.010, memory: 13424, loss_cls: 0.3413, loss_bbox: 0.3609, loss_kps: 0.0000, loss: 0.7022
2026-09-10 11:13:03,679 - mmdet - INFO - Epoch [18][3250/8725]	lr: 1.000e-04, eta: 1:07:03, time: 0.173, data_time: 0.011, memory: 13424, loss_cls: 0.3658, loss_bbox: 0.3449, loss_kps: 0.0000, loss: 0.7107
2026-09-10 11:13:12,222 - mmdet - INFO - Epoch [18][3300/8725]	lr: 1.000e-04, eta: 1:06:54, time: 0.171, data_time: 0.009, memory: 13424, loss_cls: 0.3933, loss_bbox: 0.4032, loss_kps: 0.0000, loss: 0.7965
2026-09-10 11:13:20,858 - mmdet - INFO - Epoch [18][3350/8725]	lr: 1.000e-04, eta: 1:06:45, time: 0.173, data_time: 0.010, memory: 13424, loss_cls: 0.4206, loss_bbox: 0.3913, loss_kps: 0.0000, loss: 0.8119
2026-09-10 11:13:29,439 - mmdet - INFO - Epoch [18][3400/8725]	lr: 1.000e-04, eta: 1:06:36, time: 0.172, data_time: 0.010, memory: 13424, loss_cls: 0.3722, loss_bbox: 0.3823, loss_kps: 0.0000, loss: 0.7544
2026-09-10 11:13:38,017 - mmdet - INFO - Epoch [18][3450/8725]	lr: 1.000e-04, eta: 1:06:28, time: 0.172, data_time: 0.010, memory: 13424, loss_cls: 0.3887, loss_bbox: 0.3946, loss_kps: 0.0000, loss: 0.7833
2026-09-10 11:13:46,677 - mmdet - INFO - Epoch [18][3500/8725]	lr: 1.000e-04, eta: 1:06:19, time: 0.173, data_time: 0.010, memory: 13424, loss_cls: 0.4250, loss_bbox: 0.4062, loss_kps: 0.0000, loss: 0.8311
2026-09-10 11:13:55,208 - mmdet - INFO - Epoch [18][3550/8725]	lr: 1.000e-04, eta: 1:06:10, time: 0.171, data_time: 0.010, memory: 13424, loss_cls: 0.3795, loss_bbox: 0.3928, loss_kps: 0.0000, loss: 0.7723
2026-09-10 11:14:03,821 - mmdet - INFO - Epoch [18][3600/8725]	lr: 1.000e-04, eta: 1:06:01, time: 0.172, data_time: 0.009, memory: 13424, loss_cls: 0.3791, loss_bbox: 0.3709, loss_kps: 0.0000, loss: 0.7500
2026-09-10 11:14:12,410 - mmdet - INFO - Epoch [18][3650/8725]	lr: 1.000e-04, eta: 1:05:52, time: 0.172, data_time: 0.011, memory: 13424, loss_cls: 0.3485, loss_bbox: 0.3634, loss_kps: 0.0000, loss: 0.7120
2026-09-10 11:14:20,949 - mmdet - INFO - Epoch [18][3700/8725]	lr: 1.000e-04, eta: 1:05:44, time: 0.171, data_time: 0.010, memory: 13424, loss_cls: 0.3634, loss_bbox: 0.3636, loss_kps: 0.0000, loss: 0.7270
2026-09-10 11:14:29,514 - mmdet - INFO - Epoch [18][3750/8725]	lr: 1.000e-04, eta: 1:05:35, time: 0.172, data_time: 0.011, memory: 13424, loss_cls: 0.3654, loss_bbox: 0.3596, loss_kps: 0.0000, loss: 0.7249
2026-09-10 11:14:38,129 - mmdet - INFO - Epoch [18][3800/8725]	lr: 1.000e-04, eta: 1:05:26, time: 0.172, data_time: 0.009, memory: 13424, loss_cls: 0.3627, loss_bbox: 0.3794, loss_kps: 0.0000, loss: 0.7420
2026-09-10 11:14:46,706 - mmdet - INFO - Epoch [18][3850/8725]	lr: 1.000e-04, eta: 1:05:17, time: 0.172, data_time: 0.010, memory: 13424, loss_cls: 0.3329, loss_bbox: 0.3389, loss_kps: 0.0000, loss: 0.6718
2026-09-10 11:14:55,289 - mmdet - INFO - Epoch [18][3900/8725]	lr: 1.000e-04, eta: 1:05:08, time: 0.171, data_time: 0.011, memory: 13424, loss_cls: 0.3748, loss_bbox: 0.3663, loss_kps: 0.0000, loss: 0.7410
2026-09-10 11:15:03,903 - mmdet - INFO - Epoch [18][3950/8725]	lr: 1.000e-04, eta: 1:05:00, time: 0.173, data_time: 0.011, memory: 13424, loss_cls: 0.3907, loss_bbox: 0.3710, loss_kps: 0.0000, loss: 0.7617
2026-09-10 11:15:12,444 - mmdet - INFO - Epoch [18][4000/8725]	lr: 1.000e-04, eta: 1:04:51, time: 0.171, data_time: 0.011, memory: 13424, loss_cls: 0.3957, loss_bbox: 0.3667, loss_kps: 0.0000, loss: 0.7624
2026-09-10 11:15:21,088 - mmdet - INFO - Epoch [18][4050/8725]	lr: 1.000e-04, eta: 1:04:42, time: 0.173, data_time: 0.010, memory: 13424, loss_cls: 0.3736, loss_bbox: 0.3650, loss_kps: 0.0000, loss: 0.7387
2026-09-10 11:15:29,666 - mmdet - INFO - Epoch [18][4100/8725]	lr: 1.000e-04, eta: 1:04:33, time: 0.171, data_time: 0.010, memory: 13424, loss_cls: 0.3616, loss_bbox: 0.3693, loss_kps: 0.0000, loss: 0.7309
2026-09-10 11:15:38,267 - mmdet - INFO - Epoch [18][4150/8725]	lr: 1.000e-04, eta: 1:04:24, time: 0.172, data_time: 0.011, memory: 13424, loss_cls: 0.3808, loss_bbox: 0.3755, loss_kps: 0.0000, loss: 0.7564
2026-09-10 11:15:46,902 - mmdet - INFO - Epoch [18][4200/8725]	lr: 1.000e-04, eta: 1:04:16, time: 0.172, data_time: 0.011, memory: 13424, loss_cls: 0.3553, loss_bbox: 0.3557, loss_kps: 0.0000, loss: 0.7110
2026-09-10 11:15:55,445 - mmdet - INFO - Epoch [18][4250/8725]	lr: 1.000e-04, eta: 1:04:07, time: 0.171, data_time: 0.011, memory: 13424, loss_cls: 0.3644, loss_bbox: 0.3899, loss_kps: 0.0000, loss: 0.7543
2026-09-10 11:16:03,950 - mmdet - INFO - Epoch [18][4300/8725]	lr: 1.000e-04, eta: 1:03:58, time: 0.170, data_time: 0.010, memory: 13424, loss_cls: 0.3480, loss_bbox: 0.3600, loss_kps: 0.0000, loss: 0.7080
2026-09-10 11:16:12,536 - mmdet - INFO - Epoch [18][4350/8725]	lr: 1.000e-04, eta: 1:03:49, time: 0.172, data_time: 0.011, memory: 13424, loss_cls: 0.3837, loss_bbox: 0.3703, loss_kps: 0.0000, loss: 0.7540
2026-09-10 11:16:21,111 - mmdet - INFO - Epoch [18][4400/8725]	lr: 1.000e-04, eta: 1:03:40, time: 0.171, data_time: 0.011, memory: 13424, loss_cls: 0.3759, loss_bbox: 0.3798, loss_kps: 0.0000, loss: 0.7557
2026-09-10 11:16:29,815 - mmdet - INFO - Epoch [18][4450/8725]	lr: 1.000e-04, eta: 1:03:32, time: 0.174, data_time: 0.011, memory: 13424, loss_cls: 0.3851, loss_bbox: 0.3564, loss_kps: 0.0000, loss: 0.7415
2026-09-10 11:16:38,394 - mmdet - INFO - Epoch [18][4500/8725]	lr: 1.000e-04, eta: 1:03:23, time: 0.171, data_time: 0.011, memory: 13424, loss_cls: 0.3807, loss_bbox: 0.3612, loss_kps: 0.0000, loss: 0.7419
2026-09-10 11:16:46,984 - mmdet - INFO - Epoch [18][4550/8725]	lr: 1.000e-04, eta: 1:03:14, time: 0.172, data_time: 0.011, memory: 13424, loss_cls: 0.3999, loss_bbox: 0.3822, loss_kps: 0.0000, loss: 0.7821
2026-09-10 11:16:55,505 - mmdet - INFO - Epoch [18][4600/8725]	lr: 1.000e-04, eta: 1:03:05, time: 0.170, data_time: 0.010, memory: 13424, loss_cls: 0.3602, loss_bbox: 0.3696, loss_kps: 0.0000, loss: 0.7298
2026-09-10 11:17:04,072 - mmdet - INFO - Epoch [18][4650/8725]	lr: 1.000e-04, eta: 1:02:56, time: 0.172, data_time: 0.011, memory: 13424, loss_cls: 0.3707, loss_bbox: 0.3733, loss_kps: 0.0000, loss: 0.7440
2026-09-10 11:17:12,643 - mmdet - INFO - Epoch [18][4700/8725]	lr: 1.000e-04, eta: 1:02:48, time: 0.171, data_time: 0.010, memory: 13424, loss_cls: 0.4015, loss_bbox: 0.3948, loss_kps: 0.0000, loss: 0.7963
2026-09-10 11:17:21,284 - mmdet - INFO - Epoch [18][4750/8725]	lr: 1.000e-04, eta: 1:02:39, time: 0.173, data_time: 0.011, memory: 13424, loss_cls: 0.3562, loss_bbox: 0.3762, loss_kps: 0.0000, loss: 0.7324
2026-09-10 11:17:29,886 - mmdet - INFO - Epoch [18][4800/8725]	lr: 1.000e-04, eta: 1:02:30, time: 0.172, data_time: 0.010, memory: 13424, loss_cls: 0.3839, loss_bbox: 0.3608, loss_kps: 0.0000, loss: 0.7447
2026-09-10 11:17:38,533 - mmdet - INFO - Epoch [18][4850/8725]	lr: 1.000e-04, eta: 1:02:21, time: 0.173, data_time: 0.010, memory: 13424, loss_cls: 0.3490, loss_bbox: 0.3681, loss_kps: 0.0000, loss: 0.7172
2026-09-10 11:17:47,168 - mmdet - INFO - Epoch [18][4900/8725]	lr: 1.000e-04, eta: 1:02:12, time: 0.172, data_time: 0.010, memory: 13424, loss_cls: 0.3980, loss_bbox: 0.3775, loss_kps: 0.0000, loss: 0.7755
2026-09-10 11:17:55,777 - mmdet - INFO - Epoch [18][4950/8725]	lr: 1.000e-04, eta: 1:02:04, time: 0.172, data_time: 0.011, memory: 13424, loss_cls: 0.3875, loss_bbox: 0.3778, loss_kps: 0.0000, loss: 0.7653
2026-09-10 11:18:04,345 - mmdet - INFO - Epoch [18][5000/8725]	lr: 1.000e-04, eta: 1:01:55, time: 0.171, data_time: 0.010, memory: 13424, loss_cls: 0.3550, loss_bbox: 0.3735, loss_kps: 0.0000, loss: 0.7284
2026-09-10 11:18:12,894 - mmdet - INFO - Epoch [18][5050/8725]	lr: 1.000e-04, eta: 1:01:46, time: 0.171, data_time: 0.011, memory: 13424, loss_cls: 0.3839, loss_bbox: 0.3827, loss_kps: 0.0000, loss: 0.7666
2026-09-10 11:18:21,377 - mmdet - INFO - Epoch [18][5100/8725]	lr: 1.000e-04, eta: 1:01:37, time: 0.169, data_time: 0.010, memory: 13424, loss_cls: 0.3574, loss_bbox: 0.3765, loss_kps: 0.0000, loss: 0.7339
2026-09-10 11:18:29,943 - mmdet - INFO - Epoch [18][5150/8725]	lr: 1.000e-04, eta: 1:01:28, time: 0.172, data_time: 0.011, memory: 13424, loss_cls: 0.3557, loss_bbox: 0.3603, loss_kps: 0.0000, loss: 0.7160
2026-09-10 11:18:38,499 - mmdet - INFO - Epoch [18][5200/8725]	lr: 1.000e-04, eta: 1:01:20, time: 0.171, data_time: 0.011, memory: 13424, loss_cls: 0.3597, loss_bbox: 0.3621, loss_kps: 0.0000, loss: 0.7218
2026-09-10 11:18:47,119 - mmdet - INFO - Epoch [18][5250/8725]	lr: 1.000e-04, eta: 1:01:11, time: 0.173, data_time: 0.011, memory: 13424, loss_cls: 0.3542, loss_bbox: 0.3595, loss_kps: 0.0000, loss: 0.7137
2026-09-10 11:18:55,739 - mmdet - INFO - Epoch [18][5300/8725]	lr: 1.000e-04, eta: 1:01:02, time: 0.172, data_time: 0.010, memory: 13424, loss_cls: 0.3446, loss_bbox: 0.3698, loss_kps: 0.0000, loss: 0.7143
2026-09-10 11:19:04,390 - mmdet - INFO - Epoch [18][5350/8725]	lr: 1.000e-04, eta: 1:00:53, time: 0.173, data_time: 0.010, memory: 13424, loss_cls: 0.3657, loss_bbox: 0.3759, loss_kps: 0.0000, loss: 0.7416
2026-09-10 11:19:13,355 - mmdet - INFO - Epoch [18][5400/8725]	lr: 1.000e-04, eta: 1:00:44, time: 0.179, data_time: 0.011, memory: 13424, loss_cls: 0.3741, loss_bbox: 0.3608, loss_kps: 0.0000, loss: 0.7349
2026-09-10 11:19:21,944 - mmdet - INFO - Epoch [18][5450/8725]	lr: 1.000e-04, eta: 1:00:36, time: 0.172, data_time: 0.010, memory: 13424, loss_cls: 0.3521, loss_bbox: 0.3768, loss_kps: 0.0000, loss: 0.7289
2026-09-10 11:19:30,643 - mmdet - INFO - Epoch [18][5500/8725]	lr: 1.000e-04, eta: 1:00:27, time: 0.174, data_time: 0.010, memory: 13424, loss_cls: 0.3673, loss_bbox: 0.3799, loss_kps: 0.0000, loss: 0.7472
2026-09-10 11:19:39,178 - mmdet - INFO - Epoch [18][5550/8725]	lr: 1.000e-04, eta: 1:00:18, time: 0.171, data_time: 0.011, memory: 13424, loss_cls: 0.3825, loss_bbox: 0.3662, loss_kps: 0.0000, loss: 0.7487
2026-09-10 11:19:47,735 - mmdet - INFO - Epoch [18][5600/8725]	lr: 1.000e-04, eta: 1:00:09, time: 0.171, data_time: 0.010, memory: 13424, loss_cls: 0.3716, loss_bbox: 0.3853, loss_kps: 0.0000, loss: 0.7569
2026-09-10 11:19:56,346 - mmdet - INFO - Epoch [18][5650/8725]	lr: 1.000e-04, eta: 1:00:00, time: 0.173, data_time: 0.011, memory: 13424, loss_cls: 0.3867, loss_bbox: 0.3756, loss_kps: 0.0000, loss: 0.7623
2026-09-10 11:20:04,965 - mmdet - INFO - Epoch [18][5700/8725]	lr: 1.000e-04, eta: 0:59:52, time: 0.172, data_time: 0.011, memory: 13424, loss_cls: 0.3657, loss_bbox: 0.3635, loss_kps: 0.0000, loss: 0.7293
2026-09-10 11:20:13,616 - mmdet - INFO - Epoch [18][5750/8725]	lr: 1.000e-04, eta: 0:59:43, time: 0.173, data_time: 0.010, memory: 13424, loss_cls: 0.3984, loss_bbox: 0.3840, loss_kps: 0.0000, loss: 0.7824
2026-09-10 11:20:22,213 - mmdet - INFO - Epoch [18][5800/8725]	lr: 1.000e-04, eta: 0:59:34, time: 0.172, data_time: 0.011, memory: 13424, loss_cls: 0.3711, loss_bbox: 0.3510, loss_kps: 0.0000, loss: 0.7221
2026-09-10 11:20:30,804 - mmdet - INFO - Epoch [18][5850/8725]	lr: 1.000e-04, eta: 0:59:25, time: 0.172, data_time: 0.011, memory: 13424, loss_cls: 0.3527, loss_bbox: 0.3721, loss_kps: 0.0000, loss: 0.7249
2026-09-10 11:20:39,390 - mmdet - INFO - Epoch [18][5900/8725]	lr: 1.000e-04, eta: 0:59:16, time: 0.172, data_time: 0.011, memory: 13424, loss_cls: 0.3610, loss_bbox: 0.3626, loss_kps: 0.0000, loss: 0.7236
2026-09-10 11:20:48,069 - mmdet - INFO - Epoch [18][5950/8725]	lr: 1.000e-04, eta: 0:59:08, time: 0.174, data_time: 0.011, memory: 13424, loss_cls: 0.3855, loss_bbox: 0.3748, loss_kps: 0.0000, loss: 0.7603
2026-09-10 11:20:56,735 - mmdet - INFO - Epoch [18][6000/8725]	lr: 1.000e-04, eta: 0:58:59, time: 0.173, data_time: 0.011, memory: 13424, loss_cls: 0.3615, loss_bbox: 0.3524, loss_kps: 0.0000, loss: 0.7139
2026-09-10 11:21:05,428 - mmdet - INFO - Epoch [18][6050/8725]	lr: 1.000e-04, eta: 0:58:50, time: 0.174, data_time: 0.010, memory: 13424, loss_cls: 0.3532, loss_bbox: 0.3708, loss_kps: 0.0000, loss: 0.7240
2026-09-10 11:21:14,054 - mmdet - INFO - Epoch [18][6100/8725]	lr: 1.000e-04, eta: 0:58:41, time: 0.172, data_time: 0.009, memory: 13424, loss_cls: 0.4034, loss_bbox: 0.3778, loss_kps: 0.0000, loss: 0.7812
2026-09-10 11:21:22,791 - mmdet - INFO - Epoch [18][6150/8725]	lr: 1.000e-04, eta: 0:58:33, time: 0.175, data_time: 0.011, memory: 13424, loss_cls: 0.3828, loss_bbox: 0.3613, loss_kps: 0.0000, loss: 0.7441
2026-09-10 11:21:31,467 - mmdet - INFO - Epoch [18][6200/8725]	lr: 1.000e-04, eta: 0:58:24, time: 0.173, data_time: 0.010, memory: 13424, loss_cls: 0.3448, loss_bbox: 0.3607, loss_kps: 0.0000, loss: 0.7055
2026-09-10 11:21:40,131 - mmdet - INFO - Epoch [18][6250/8725]	lr: 1.000e-04, eta: 0:58:15, time: 0.174, data_time: 0.010, memory: 13424, loss_cls: 0.3761, loss_bbox: 0.3642, loss_kps: 0.0000, loss: 0.7403
2026-09-10 11:21:48,738 - mmdet - INFO - Epoch [18][6300/8725]	lr: 1.000e-04, eta: 0:58:06, time: 0.172, data_time: 0.010, memory: 13424, loss_cls: 0.3906, loss_bbox: 0.3718, loss_kps: 0.0000, loss: 0.7624
2026-09-10 11:21:57,359 - mmdet - INFO - Epoch [18][6350/8725]	lr: 1.000e-04, eta: 0:57:57, time: 0.173, data_time: 0.011, memory: 13424, loss_cls: 0.3785, loss_bbox: 0.3584, loss_kps: 0.0000, loss: 0.7369
2026-09-10 11:22:06,044 - mmdet - INFO - Epoch [18][6400/8725]	lr: 1.000e-04, eta: 0:57:49, time: 0.173, data_time: 0.011, memory: 13424, loss_cls: 0.3414, loss_bbox: 0.3540, loss_kps: 0.0000, loss: 0.6955
2026-09-10 11:22:14,693 - mmdet - INFO - Epoch [18][6450/8725]	lr: 1.000e-04, eta: 0:57:40, time: 0.173, data_time: 0.010, memory: 13424, loss_cls: 0.3734, loss_bbox: 0.3754, loss_kps: 0.0000, loss: 0.7488
2026-09-10 11:22:23,370 - mmdet - INFO - Epoch [18][6500/8725]	lr: 1.000e-04, eta: 0:57:31, time: 0.173, data_time: 0.010, memory: 13424, loss_cls: 0.3712, loss_bbox: 0.3723, loss_kps: 0.0000, loss: 0.7435
2026-09-10 11:22:32,070 - mmdet - INFO - Epoch [18][6550/8725]	lr: 1.000e-04, eta: 0:57:22, time: 0.174, data_time: 0.012, memory: 13424, loss_cls: 0.3907, loss_bbox: 0.3756, loss_kps: 0.0000, loss: 0.7663
2026-09-10 11:22:40,731 - mmdet - INFO - Epoch [18][6600/8725]	lr: 1.000e-04, eta: 0:57:13, time: 0.173, data_time: 0.010, memory: 13424, loss_cls: 0.3577, loss_bbox: 0.3614, loss_kps: 0.0000, loss: 0.7191
2026-09-10 11:22:49,370 - mmdet - INFO - Epoch [18][6650/8725]	lr: 1.000e-04, eta: 0:57:05, time: 0.173, data_time: 0.010, memory: 13424, loss_cls: 0.3843, loss_bbox: 0.3728, loss_kps: 0.0000, loss: 0.7572
2026-09-10 11:22:58,154 - mmdet - INFO - Epoch [18][6700/8725]	lr: 1.000e-04, eta: 0:56:56, time: 0.175, data_time: 0.010, memory: 13424, loss_cls: 0.3744, loss_bbox: 0.3534, loss_kps: 0.0000, loss: 0.7278
2026-09-10 11:23:06,874 - mmdet - INFO - Epoch [18][6750/8725]	lr: 1.000e-04, eta: 0:56:47, time: 0.175, data_time: 0.010, memory: 13424, loss_cls: 0.3803, loss_bbox: 0.3756, loss_kps: 0.0000, loss: 0.7559
2026-09-10 11:23:15,456 - mmdet - INFO - Epoch [18][6800/8725]	lr: 1.000e-04, eta: 0:56:38, time: 0.171, data_time: 0.010, memory: 13424, loss_cls: 0.3644, loss_bbox: 0.3731, loss_kps: 0.0000, loss: 0.7375
2026-09-10 11:23:24,096 - mmdet - INFO - Epoch [18][6850/8725]	lr: 1.000e-04, eta: 0:56:30, time: 0.173, data_time: 0.011, memory: 13424, loss_cls: 0.3860, loss_bbox: 0.3639, loss_kps: 0.0000, loss: 0.7500
2026-09-10 11:23:32,680 - mmdet - INFO - Epoch [18][6900/8725]	lr: 1.000e-04, eta: 0:56:21, time: 0.171, data_time: 0.011, memory: 13424, loss_cls: 0.3821, loss_bbox: 0.3857, loss_kps: 0.0000, loss: 0.7679
2026-09-10 11:23:41,305 - mmdet - INFO - Epoch [18][6950/8725]	lr: 1.000e-04, eta: 0:56:12, time: 0.173, data_time: 0.011, memory: 13424, loss_cls: 0.3723, loss_bbox: 0.3992, loss_kps: 0.0000, loss: 0.7715
2026-09-10 11:23:49,955 - mmdet - INFO - Epoch [18][7000/8725]	lr: 1.000e-04, eta: 0:56:03, time: 0.173, data_time: 0.011, memory: 13424, loss_cls: 0.3618, loss_bbox: 0.3867, loss_kps: 0.0000, loss: 0.7485
2026-09-10 11:23:58,596 - mmdet - INFO - Epoch [18][7050/8725]	lr: 1.000e-04, eta: 0:55:54, time: 0.173, data_time: 0.011, memory: 13424, loss_cls: 0.3739, loss_bbox: 0.3602, loss_kps: 0.0000, loss: 0.7341
2026-09-10 11:24:07,192 - mmdet - INFO - Epoch [18][7100/8725]	lr: 1.000e-04, eta: 0:55:46, time: 0.172, data_time: 0.011, memory: 13424, loss_cls: 0.4041, loss_bbox: 0.3829, loss_kps: 0.0000, loss: 0.7870
2026-09-10 11:24:15,864 - mmdet - INFO - Epoch [18][7150/8725]	lr: 1.000e-04, eta: 0:55:37, time: 0.174, data_time: 0.011, memory: 13424, loss_cls: 0.3806, loss_bbox: 0.3456, loss_kps: 0.0000, loss: 0.7262
2026-09-10 11:24:24,574 - mmdet - INFO - Epoch [18][7200/8725]	lr: 1.000e-04, eta: 0:55:28, time: 0.174, data_time: 0.011, memory: 13424, loss_cls: 0.3949, loss_bbox: 0.3681, loss_kps: 0.0000, loss: 0.7630
2026-09-10 11:24:33,192 - mmdet - INFO - Epoch [18][7250/8725]	lr: 1.000e-04, eta: 0:55:19, time: 0.173, data_time: 0.011, memory: 13424, loss_cls: 0.4034, loss_bbox: 0.3930, loss_kps: 0.0000, loss: 0.7964
2026-09-10 11:24:41,891 - mmdet - INFO - Epoch [18][7300/8725]	lr: 1.000e-04, eta: 0:55:10, time: 0.174, data_time: 0.011, memory: 13424, loss_cls: 0.3929, loss_bbox: 0.3665, loss_kps: 0.0000, loss: 0.7594
2026-09-10 11:24:50,623 - mmdet - INFO - Epoch [18][7350/8725]	lr: 1.000e-04, eta: 0:55:02, time: 0.175, data_time: 0.011, memory: 13424, loss_cls: 0.3670, loss_bbox: 0.3630, loss_kps: 0.0000, loss: 0.7300
2026-09-10 11:24:59,316 - mmdet - INFO - Epoch [18][7400/8725]	lr: 1.000e-04, eta: 0:54:53, time: 0.174, data_time: 0.011, memory: 13424, loss_cls: 0.3893, loss_bbox: 0.3733, loss_kps: 0.0000, loss: 0.7627
2026-09-10 11:25:07,995 - mmdet - INFO - Epoch [18][7450/8725]	lr: 1.000e-04, eta: 0:54:44, time: 0.174, data_time: 0.011, memory: 13424, loss_cls: 0.3458, loss_bbox: 0.3532, loss_kps: 0.0000, loss: 0.6990
2026-09-10 11:25:16,763 - mmdet - INFO - Epoch [18][7500/8725]	lr: 1.000e-04, eta: 0:54:35, time: 0.175, data_time: 0.011, memory: 13424, loss_cls: 0.3677, loss_bbox: 0.3574, loss_kps: 0.0000, loss: 0.7252
2026-09-10 11:25:25,445 - mmdet - INFO - Epoch [18][7550/8725]	lr: 1.000e-04, eta: 0:54:27, time: 0.174, data_time: 0.011, memory: 13424, loss_cls: 0.3893, loss_bbox: 0.3734, loss_kps: 0.0000, loss: 0.7626
2026-09-10 11:25:34,078 - mmdet - INFO - Epoch [18][7600/8725]	lr: 1.000e-04, eta: 0:54:18, time: 0.172, data_time: 0.011, memory: 13424, loss_cls: 0.4020, loss_bbox: 0.3998, loss_kps: 0.0000, loss: 0.8018
2026-09-10 11:25:42,739 - mmdet - INFO - Epoch [18][7650/8725]	lr: 1.000e-04, eta: 0:54:09, time: 0.173, data_time: 0.011, memory: 13424, loss_cls: 0.3382, loss_bbox: 0.3498, loss_kps: 0.0000, loss: 0.6880
2026-09-10 11:25:51,394 - mmdet - INFO - Epoch [18][7700/8725]	lr: 1.000e-04, eta: 0:54:00, time: 0.173, data_time: 0.011, memory: 13424, loss_cls: 0.3615, loss_bbox: 0.3683, loss_kps: 0.0000, loss: 0.7297
2026-09-10 11:26:00,230 - mmdet - INFO - Epoch [18][7750/8725]	lr: 1.000e-04, eta: 0:53:51, time: 0.177, data_time: 0.012, memory: 13424, loss_cls: 0.3715, loss_bbox: 0.3561, loss_kps: 0.0000, loss: 0.7276
2026-09-10 11:26:09,112 - mmdet - INFO - Epoch [18][7800/8725]	lr: 1.000e-04, eta: 0:53:43, time: 0.177, data_time: 0.011, memory: 13424, loss_cls: 0.3932, loss_bbox: 0.3871, loss_kps: 0.0000, loss: 0.7803
2026-09-10 11:26:17,813 - mmdet - INFO - Epoch [18][7850/8725]	lr: 1.000e-04, eta: 0:53:34, time: 0.174, data_time: 0.010, memory: 13424, loss_cls: 0.3551, loss_bbox: 0.3640, loss_kps: 0.0000, loss: 0.7192
2026-09-10 11:26:26,652 - mmdet - INFO - Epoch [18][7900/8725]	lr: 1.000e-04, eta: 0:53:25, time: 0.177, data_time: 0.011, memory: 13424, loss_cls: 0.3468, loss_bbox: 0.3490, loss_kps: 0.0000, loss: 0.6958
2026-09-10 11:26:35,526 - mmdet - INFO - Epoch [18][7950/8725]	lr: 1.000e-04, eta: 0:53:16, time: 0.178, data_time: 0.010, memory: 13424, loss_cls: 0.3624, loss_bbox: 0.3839, loss_kps: 0.0000, loss: 0.7464
2026-09-10 11:26:44,379 - mmdet - INFO - Epoch [18][8000/8725]	lr: 1.000e-04, eta: 0:53:08, time: 0.177, data_time: 0.012, memory: 13424, loss_cls: 0.3761, loss_bbox: 0.3690, loss_kps: 0.0000, loss: 0.7451
2026-09-10 11:26:53,205 - mmdet - INFO - Epoch [18][8050/8725]	lr: 1.000e-04, eta: 0:52:59, time: 0.177, data_time: 0.011, memory: 13424, loss_cls: 0.3872, loss_bbox: 0.3838, loss_kps: 0.0000, loss: 0.7710
2026-09-10 11:27:01,952 - mmdet - INFO - Epoch [18][8100/8725]	lr: 1.000e-04, eta: 0:52:50, time: 0.175, data_time: 0.011, memory: 13424, loss_cls: 0.3860, loss_bbox: 0.3789, loss_kps: 0.0000, loss: 0.7649
2026-09-10 11:27:10,811 - mmdet - INFO - Epoch [18][8150/8725]	lr: 1.000e-04, eta: 0:52:41, time: 0.177, data_time: 0.011, memory: 13424, loss_cls: 0.3759, loss_bbox: 0.3779, loss_kps: 0.0000, loss: 0.7537
2026-09-10 11:27:19,524 - mmdet - INFO - Epoch [18][8200/8725]	lr: 1.000e-04, eta: 0:52:33, time: 0.174, data_time: 0.010, memory: 13424, loss_cls: 0.3799, loss_bbox: 0.3701, loss_kps: 0.0000, loss: 0.7500
2026-09-10 11:27:28,439 - mmdet - INFO - Epoch [18][8250/8725]	lr: 1.000e-04, eta: 0:52:24, time: 0.179, data_time: 0.012, memory: 13424, loss_cls: 0.3898, loss_bbox: 0.3659, loss_kps: 0.0000, loss: 0.7557
2026-09-10 11:27:37,231 - mmdet - INFO - Epoch [18][8300/8725]	lr: 1.000e-04, eta: 0:52:15, time: 0.175, data_time: 0.011, memory: 13424, loss_cls: 0.3757, loss_bbox: 0.3756, loss_kps: 0.0000, loss: 0.7514
2026-09-10 11:27:46,147 - mmdet - INFO - Epoch [18][8350/8725]	lr: 1.000e-04, eta: 0:52:06, time: 0.179, data_time: 0.011, memory: 13424, loss_cls: 0.3624, loss_bbox: 0.3691, loss_kps: 0.0000, loss: 0.7315
2026-09-10 11:27:54,974 - mmdet - INFO - Epoch [18][8400/8725]	lr: 1.000e-04, eta: 0:51:58, time: 0.176, data_time: 0.011, memory: 13424, loss_cls: 0.3781, loss_bbox: 0.3663, loss_kps: 0.0000, loss: 0.7444
2026-09-10 11:28:03,990 - mmdet - INFO - Epoch [18][8450/8725]	lr: 1.000e-04, eta: 0:51:49, time: 0.181, data_time: 0.011, memory: 13424, loss_cls: 0.3675, loss_bbox: 0.3751, loss_kps: 0.0000, loss: 0.7426
2026-09-10 11:28:12,832 - mmdet - INFO - Epoch [18][8500/8725]	lr: 1.000e-04, eta: 0:51:40, time: 0.177, data_time: 0.010, memory: 13424, loss_cls: 0.3618, loss_bbox: 0.3565, loss_kps: 0.0000, loss: 0.7184
2026-09-10 11:28:21,615 - mmdet - INFO - Epoch [18][8550/8725]	lr: 1.000e-04, eta: 0:51:31, time: 0.176, data_time: 0.013, memory: 13424, loss_cls: 0.3911, loss_bbox: 0.3723, loss_kps: 0.0000, loss: 0.7634
2026-09-10 11:28:30,344 - mmdet - INFO - Epoch [18][8600/8725]	lr: 1.000e-04, eta: 0:51:23, time: 0.174, data_time: 0.010, memory: 13424, loss_cls: 0.3696, loss_bbox: 0.3879, loss_kps: 0.0000, loss: 0.7576
2026-09-10 11:28:39,120 - mmdet - INFO - Epoch [18][8650/8725]	lr: 1.000e-04, eta: 0:51:14, time: 0.176, data_time: 0.011, memory: 13424, loss_cls: 0.3473, loss_bbox: 0.3700, loss_kps: 0.0000, loss: 0.7173
2026-09-10 11:28:47,766 - mmdet - INFO - Epoch [18][8700/8725]	lr: 1.000e-04, eta: 0:51:05, time: 0.173, data_time: 0.011, memory: 13424, loss_cls: 0.3542, loss_bbox: 0.3679, loss_kps: 0.0000, loss: 0.7221
2026-09-10 11:28:52,377 - mmdet - INFO - Saving checkpoint at 18 epochs
2026-09-10 11:29:05,850 - mmdet - INFO - Epoch [19][50/8725]	lr: 1.000e-05, eta: 0:50:52, time: 0.264, data_time: 0.094, memory: 13424, loss_cls: 0.3414, loss_bbox: 0.3446, loss_kps: 0.0000, loss: 0.6860
2026-09-10 11:29:14,745 - mmdet - INFO - Epoch [19][100/8725]	lr: 1.000e-05, eta: 0:50:43, time: 0.178, data_time: 0.010, memory: 13424, loss_cls: 0.3503, loss_bbox: 0.3497, loss_kps: 0.0000, loss: 0.7000
2026-09-10 11:29:23,620 - mmdet - INFO - Epoch [19][150/8725]	lr: 1.000e-05, eta: 0:50:34, time: 0.177, data_time: 0.011, memory: 13424, loss_cls: 0.3499, loss_bbox: 0.3611, loss_kps: 0.0000, loss: 0.7110
2026-09-10 11:29:32,462 - mmdet - INFO - Epoch [19][200/8725]	lr: 1.000e-05, eta: 0:50:26, time: 0.177, data_time: 0.011, memory: 13424, loss_cls: 0.3901, loss_bbox: 0.3813, loss_kps: 0.0000, loss: 0.7714
2026-09-10 11:29:41,134 - mmdet - INFO - Epoch [19][250/8725]	lr: 1.000e-05, eta: 0:50:17, time: 0.174, data_time: 0.011, memory: 13424, loss_cls: 0.3862, loss_bbox: 0.3782, loss_kps: 0.0000, loss: 0.7645
2026-09-10 11:29:49,844 - mmdet - INFO - Epoch [19][300/8725]	lr: 1.000e-05, eta: 0:50:08, time: 0.174, data_time: 0.011, memory: 13424, loss_cls: 0.3663, loss_bbox: 0.3650, loss_kps: 0.0000, loss: 0.7312
2026-09-10 11:29:58,483 - mmdet - INFO - Epoch [19][350/8725]	lr: 1.000e-05, eta: 0:49:59, time: 0.173, data_time: 0.011, memory: 13424, loss_cls: 0.3623, loss_bbox: 0.3774, loss_kps: 0.0000, loss: 0.7397
2026-09-10 11:30:07,168 - mmdet - INFO - Epoch [19][400/8725]	lr: 1.000e-05, eta: 0:49:50, time: 0.174, data_time: 0.011, memory: 13424, loss_cls: 0.3659, loss_bbox: 0.3526, loss_kps: 0.0000, loss: 0.7185
2026-09-10 11:30:15,793 - mmdet - INFO - Epoch [19][450/8725]	lr: 1.000e-05, eta: 0:49:42, time: 0.173, data_time: 0.011, memory: 13424, loss_cls: 0.3638, loss_bbox: 0.3920, loss_kps: 0.0000, loss: 0.7558
2026-09-10 11:30:24,325 - mmdet - INFO - Epoch [19][500/8725]	lr: 1.000e-05, eta: 0:49:33, time: 0.171, data_time: 0.010, memory: 13424, loss_cls: 0.3795, loss_bbox: 0.3895, loss_kps: 0.0000, loss: 0.7690
2026-09-10 11:30:32,963 - mmdet - INFO - Epoch [19][550/8725]	lr: 1.000e-05, eta: 0:49:24, time: 0.173, data_time: 0.010, memory: 13424, loss_cls: 0.3678, loss_bbox: 0.3637, loss_kps: 0.0000, loss: 0.7315
2026-09-10 11:30:41,622 - mmdet - INFO - Epoch [19][600/8725]	lr: 1.000e-05, eta: 0:49:15, time: 0.173, data_time: 0.011, memory: 13424, loss_cls: 0.3529, loss_bbox: 0.3695, loss_kps: 0.0000, loss: 0.7224
2026-09-10 11:30:50,166 - mmdet - INFO - Epoch [19][650/8725]	lr: 1.000e-05, eta: 0:49:06, time: 0.171, data_time: 0.011, memory: 13424, loss_cls: 0.4192, loss_bbox: 0.3763, loss_kps: 0.0000, loss: 0.7955
2026-09-10 11:30:58,820 - mmdet - INFO - Epoch [19][700/8725]	lr: 1.000e-05, eta: 0:48:58, time: 0.173, data_time: 0.011, memory: 13424, loss_cls: 0.3696, loss_bbox: 0.3580, loss_kps: 0.0000, loss: 0.7276
2026-09-10 11:31:07,398 - mmdet - INFO - Epoch [19][750/8725]	lr: 1.000e-05, eta: 0:48:49, time: 0.172, data_time: 0.010, memory: 13424, loss_cls: 0.3777, loss_bbox: 0.3659, loss_kps: 0.0000, loss: 0.7437
2026-09-10 11:31:15,940 - mmdet - INFO - Epoch [19][800/8725]	lr: 1.000e-05, eta: 0:48:40, time: 0.171, data_time: 0.011, memory: 13424, loss_cls: 0.3697, loss_bbox: 0.3757, loss_kps: 0.0000, loss: 0.7454
2026-09-10 11:31:24,462 - mmdet - INFO - Epoch [19][850/8725]	lr: 1.000e-05, eta: 0:48:31, time: 0.171, data_time: 0.010, memory: 13424, loss_cls: 0.3682, loss_bbox: 0.3789, loss_kps: 0.0000, loss: 0.7470
2026-09-10 11:31:32,947 - mmdet - INFO - Epoch [19][900/8725]	lr: 1.000e-05, eta: 0:48:22, time: 0.170, data_time: 0.010, memory: 13424, loss_cls: 0.3723, loss_bbox: 0.3799, loss_kps: 0.0000, loss: 0.7523
2026-09-10 11:31:41,507 - mmdet - INFO - Exp name: scrfd_armAA34.py
2026-09-10 11:31:41,508 - mmdet - INFO - Epoch [19][950/8725]	lr: 1.000e-05, eta: 0:48:14, time: 0.171, data_time: 0.010, memory: 13424, loss_cls: 0.4070, loss_bbox: 0.3723, loss_kps: 0.0000, loss: 0.7792
2026-09-10 11:31:50,007 - mmdet - INFO - Epoch [19][1000/8725]	lr: 1.000e-05, eta: 0:48:05, time: 0.170, data_time: 0.010, memory: 13424, loss_cls: 0.3867, loss_bbox: 0.3793, loss_kps: 0.0000, loss: 0.7660
2026-09-10 11:31:58,497 - mmdet - INFO - Epoch [19][1050/8725]	lr: 1.000e-05, eta: 0:47:56, time: 0.170, data_time: 0.010, memory: 13424, loss_cls: 0.3767, loss_bbox: 0.3844, loss_kps: 0.0000, loss: 0.7611
2026-09-10 11:32:06,950 - mmdet - INFO - Epoch [19][1100/8725]	lr: 1.000e-05, eta: 0:47:47, time: 0.169, data_time: 0.010, memory: 13424, loss_cls: 0.3458, loss_bbox: 0.3680, loss_kps: 0.0000, loss: 0.7138
2026-09-10 11:32:15,484 - mmdet - INFO - Epoch [19][1150/8725]	lr: 1.000e-05, eta: 0:47:38, time: 0.171, data_time: 0.010, memory: 13424, loss_cls: 0.3878, loss_bbox: 0.3663, loss_kps: 0.0000, loss: 0.7541
2026-09-10 11:32:24,021 - mmdet - INFO - Epoch [19][1200/8725]	lr: 1.000e-05, eta: 0:47:30, time: 0.171, data_time: 0.010, memory: 13424, loss_cls: 0.3390, loss_bbox: 0.3502, loss_kps: 0.0000, loss: 0.6892
2026-09-10 11:32:32,507 - mmdet - INFO - Epoch [19][1250/8725]	lr: 1.000e-05, eta: 0:47:21, time: 0.170, data_time: 0.010, memory: 13424, loss_cls: 0.3932, loss_bbox: 0.3670, loss_kps: 0.0000, loss: 0.7602
2026-09-10 11:32:41,066 - mmdet - INFO - Epoch [19][1300/8725]	lr: 1.000e-05, eta: 0:47:12, time: 0.171, data_time: 0.010, memory: 13424, loss_cls: 0.3519, loss_bbox: 0.3537, loss_kps: 0.0000, loss: 0.7056
2026-09-10 11:32:49,532 - mmdet - INFO - Epoch [19][1350/8725]	lr: 1.000e-05, eta: 0:47:03, time: 0.169, data_time: 0.010, memory: 13424, loss_cls: 0.3676, loss_bbox: 0.3712, loss_kps: 0.0000, loss: 0.7388
2026-09-10 11:32:57,985 - mmdet - INFO - Epoch [19][1400/8725]	lr: 1.000e-05, eta: 0:46:55, time: 0.169, data_time: 0.010, memory: 13424, loss_cls: 0.3847, loss_bbox: 0.3947, loss_kps: 0.0000, loss: 0.7794
2026-09-10 11:33:06,475 - mmdet - INFO - Epoch [19][1450/8725]	lr: 1.000e-05, eta: 0:46:46, time: 0.170, data_time: 0.010, memory: 13424, loss_cls: 0.3578, loss_bbox: 0.3620, loss_kps: 0.0000, loss: 0.7198
2026-09-10 11:33:14,973 - mmdet - INFO - Epoch [19][1500/8725]	lr: 1.000e-05, eta: 0:46:37, time: 0.170, data_time: 0.010, memory: 13424, loss_cls: 0.3640, loss_bbox: 0.3698, loss_kps: 0.0000, loss: 0.7338
2026-09-10 11:33:23,506 - mmdet - INFO - Epoch [19][1550/8725]	lr: 1.000e-05, eta: 0:46:28, time: 0.171, data_time: 0.010, memory: 13424, loss_cls: 0.3806, loss_bbox: 0.3921, loss_kps: 0.0000, loss: 0.7727
2026-09-10 11:33:31,997 - mmdet - INFO - Epoch [19][1600/8725]	lr: 1.000e-05, eta: 0:46:19, time: 0.170, data_time: 0.010, memory: 13424, loss_cls: 0.3775, loss_bbox: 0.3668, loss_kps: 0.0000, loss: 0.7443
2026-09-10 11:33:40,525 - mmdet - INFO - Epoch [19][1650/8725]	lr: 1.000e-05, eta: 0:46:11, time: 0.171, data_time: 0.010, memory: 13424, loss_cls: 0.3875, loss_bbox: 0.3829, loss_kps: 0.0000, loss: 0.7703
2026-09-10 11:33:49,016 - mmdet - INFO - Epoch [19][1700/8725]	lr: 1.000e-05, eta: 0:46:02, time: 0.170, data_time: 0.010, memory: 13424, loss_cls: 0.3654, loss_bbox: 0.3631, loss_kps: 0.0000, loss: 0.7285
2026-09-10 11:33:57,474 - mmdet - INFO - Epoch [19][1750/8725]	lr: 1.000e-05, eta: 0:45:53, time: 0.169, data_time: 0.010, memory: 13424, loss_cls: 0.4140, loss_bbox: 0.3804, loss_kps: 0.0000, loss: 0.7943
2026-09-10 11:34:05,945 - mmdet - INFO - Epoch [19][1800/8725]	lr: 1.000e-05, eta: 0:45:44, time: 0.169, data_time: 0.010, memory: 13424, loss_cls: 0.3928, loss_bbox: 0.3683, loss_kps: 0.0000, loss: 0.7611
2026-09-10 11:34:14,481 - mmdet - INFO - Epoch [19][1850/8725]	lr: 1.000e-05, eta: 0:45:35, time: 0.171, data_time: 0.010, memory: 13424, loss_cls: 0.3781, loss_bbox: 0.3548, loss_kps: 0.0000, loss: 0.7328
2026-09-10 11:34:23,021 - mmdet - INFO - Epoch [19][1900/8725]	lr: 1.000e-05, eta: 0:45:27, time: 0.171, data_time: 0.010, memory: 13424, loss_cls: 0.3814, loss_bbox: 0.3609, loss_kps: 0.0000, loss: 0.7422
2026-09-10 11:34:31,489 - mmdet - INFO - Exp name: scrfd_armAA34.py
2026-09-10 11:34:31,489 - mmdet - INFO - Epoch [19][1950/8725]	lr: 1.000e-05, eta: 0:45:18, time: 0.169, data_time: 0.010, memory: 13424, loss_cls: 0.3696, loss_bbox: 0.3761, loss_kps: 0.0000, loss: 0.7457
2026-09-10 11:34:40,018 - mmdet - INFO - Epoch [19][2000/8725]	lr: 1.000e-05, eta: 0:45:09, time: 0.170, data_time: 0.010, memory: 13424, loss_cls: 0.3787, loss_bbox: 0.3712, loss_kps: 0.0000, loss: 0.7499
2026-09-10 11:34:48,498 - mmdet - INFO - Epoch [19][2050/8725]	lr: 1.000e-05, eta: 0:45:00, time: 0.170, data_time: 0.010, memory: 13424, loss_cls: 0.3718, loss_bbox: 0.3870, loss_kps: 0.0000, loss: 0.7588
2026-09-10 11:34:56,978 - mmdet - INFO - Epoch [19][2100/8725]	lr: 1.000e-05, eta: 0:44:51, time: 0.169, data_time: 0.010, memory: 13424, loss_cls: 0.3875, loss_bbox: 0.3594, loss_kps: 0.0000, loss: 0.7469
2026-09-10 11:35:05,478 - mmdet - INFO - Epoch [19][2150/8725]	lr: 1.000e-05, eta: 0:44:43, time: 0.170, data_time: 0.010, memory: 13424, loss_cls: 0.3792, loss_bbox: 0.3682, loss_kps: 0.0000, loss: 0.7474
2026-09-10 11:35:13,920 - mmdet - INFO - Epoch [19][2200/8725]	lr: 1.000e-05, eta: 0:44:34, time: 0.169, data_time: 0.010, memory: 13424, loss_cls: 0.3809, loss_bbox: 0.3765, loss_kps: 0.0000, loss: 0.7574
2026-09-10 11:35:22,421 - mmdet - INFO - Epoch [19][2250/8725]	lr: 1.000e-05, eta: 0:44:25, time: 0.170, data_time: 0.010, memory: 13424, loss_cls: 0.3318, loss_bbox: 0.3537, loss_kps: 0.0000, loss: 0.6856
2026-09-10 11:35:30,940 - mmdet - INFO - Epoch [19][2300/8725]	lr: 1.000e-05, eta: 0:44:16, time: 0.170, data_time: 0.010, memory: 13424, loss_cls: 0.3770, loss_bbox: 0.3750, loss_kps: 0.0000, loss: 0.7519
2026-09-10 11:35:39,422 - mmdet - INFO - Epoch [19][2350/8725]	lr: 1.000e-05, eta: 0:44:07, time: 0.170, data_time: 0.010, memory: 13424, loss_cls: 0.3614, loss_bbox: 0.3744, loss_kps: 0.0000, loss: 0.7358
2026-09-10 11:35:47,913 - mmdet - INFO - Epoch [19][2400/8725]	lr: 1.000e-05, eta: 0:43:59, time: 0.170, data_time: 0.011, memory: 13424, loss_cls: 0.4036, loss_bbox: 0.3765, loss_kps: 0.0000, loss: 0.7801
2026-09-10 11:35:56,341 - mmdet - INFO - Epoch [19][2450/8725]	lr: 1.000e-05, eta: 0:43:50, time: 0.169, data_time: 0.010, memory: 13424, loss_cls: 0.3428, loss_bbox: 0.3815, loss_kps: 0.0000, loss: 0.7244
2026-09-10 11:36:05,057 - mmdet - INFO - Epoch [19][2500/8725]	lr: 1.000e-05, eta: 0:43:41, time: 0.174, data_time: 0.010, memory: 13424, loss_cls: 0.3573, loss_bbox: 0.3848, loss_kps: 0.0000, loss: 0.7421
2026-09-10 11:36:13,526 - mmdet - INFO - Epoch [19][2550/8725]	lr: 1.000e-05, eta: 0:43:32, time: 0.169, data_time: 0.010, memory: 13424, loss_cls: 0.3750, loss_bbox: 0.3575, loss_kps: 0.0000, loss: 0.7325
2026-09-10 11:36:21,948 - mmdet - INFO - Epoch [19][2600/8725]	lr: 1.000e-05, eta: 0:43:23, time: 0.168, data_time: 0.010, memory: 13424, loss_cls: 0.4090, loss_bbox: 0.3986, loss_kps: 0.0000, loss: 0.8076
2026-09-10 11:36:30,398 - mmdet - INFO - Epoch [19][2650/8725]	lr: 1.000e-05, eta: 0:43:15, time: 0.169, data_time: 0.010, memory: 13424, loss_cls: 0.3683, loss_bbox: 0.3595, loss_kps: 0.0000, loss: 0.7279
2026-09-10 11:36:38,857 - mmdet - INFO - Epoch [19][2700/8725]	lr: 1.000e-05, eta: 0:43:06, time: 0.169, data_time: 0.010, memory: 13424, loss_cls: 0.3976, loss_bbox: 0.3823, loss_kps: 0.0000, loss: 0.7799
2026-09-10 11:36:47,375 - mmdet - INFO - Epoch [19][2750/8725]	lr: 1.000e-05, eta: 0:42:57, time: 0.170, data_time: 0.010, memory: 13424, loss_cls: 0.3479, loss_bbox: 0.3584, loss_kps: 0.0000, loss: 0.7063
2026-09-10 11:36:55,876 - mmdet - INFO - Epoch [19][2800/8725]	lr: 1.000e-05, eta: 0:42:48, time: 0.170, data_time: 0.010, memory: 13424, loss_cls: 0.3892, loss_bbox: 0.3727, loss_kps: 0.0000, loss: 0.7620
2026-09-10 11:37:04,361 - mmdet - INFO - Epoch [19][2850/8725]	lr: 1.000e-05, eta: 0:42:39, time: 0.170, data_time: 0.010, memory: 13424, loss_cls: 0.3732, loss_bbox: 0.3705, loss_kps: 0.0000, loss: 0.7437
2026-09-10 11:37:12,864 - mmdet - INFO - Epoch [19][2900/8725]	lr: 1.000e-05, eta: 0:42:31, time: 0.170, data_time: 0.009, memory: 13424, loss_cls: 0.3648, loss_bbox: 0.3683, loss_kps: 0.0000, loss: 0.7331
2026-09-10 11:37:21,400 - mmdet - INFO - Exp name: scrfd_armAA34.py
2026-09-10 11:37:21,401 - mmdet - INFO - Epoch [19][2950/8725]	lr: 1.000e-05, eta: 0:42:22, time: 0.171, data_time: 0.010, memory: 13424, loss_cls: 0.3932, loss_bbox: 0.3701, loss_kps: 0.0000, loss: 0.7633
2026-09-10 11:37:29,889 - mmdet - INFO - Epoch [19][3000/8725]	lr: 1.000e-05, eta: 0:42:13, time: 0.170, data_time: 0.010, memory: 13424, loss_cls: 0.3371, loss_bbox: 0.3704, loss_kps: 0.0000, loss: 0.7075
2026-09-10 11:37:38,399 - mmdet - INFO - Epoch [19][3050/8725]	lr: 1.000e-05, eta: 0:42:04, time: 0.170, data_time: 0.010, memory: 13424, loss_cls: 0.3853, loss_bbox: 0.3768, loss_kps: 0.0000, loss: 0.7621
2026-09-10 11:37:46,908 - mmdet - INFO - Epoch [19][3100/8725]	lr: 1.000e-05, eta: 0:41:56, time: 0.170, data_time: 0.010, memory: 13424, loss_cls: 0.3853, loss_bbox: 0.3665, loss_kps: 0.0000, loss: 0.7518
2026-09-10 11:37:55,375 - mmdet - INFO - Epoch [19][3150/8725]	lr: 1.000e-05, eta: 0:41:47, time: 0.169, data_time: 0.010, memory: 13424, loss_cls: 0.3595, loss_bbox: 0.3709, loss_kps: 0.0000, loss: 0.7304
2026-09-10 11:38:03,881 - mmdet - INFO - Epoch [19][3200/8725]	lr: 1.000e-05, eta: 0:41:38, time: 0.170, data_time: 0.010, memory: 13424, loss_cls: 0.3941, loss_bbox: 0.3821, loss_kps: 0.0000, loss: 0.7762
2026-09-10 11:38:12,352 - mmdet - INFO - Epoch [19][3250/8725]	lr: 1.000e-05, eta: 0:41:29, time: 0.170, data_time: 0.010, memory: 13424, loss_cls: 0.3702, loss_bbox: 0.3740, loss_kps: 0.0000, loss: 0.7442
2026-09-10 11:38:20,845 - mmdet - INFO - Epoch [19][3300/8725]	lr: 1.000e-05, eta: 0:41:20, time: 0.170, data_time: 0.010, memory: 13424, loss_cls: 0.3380, loss_bbox: 0.3575, loss_kps: 0.0000, loss: 0.6955
2026-09-10 11:38:29,540 - mmdet - INFO - Epoch [19][3350/8725]	lr: 1.000e-05, eta: 0:41:12, time: 0.174, data_time: 0.010, memory: 13424, loss_cls: 0.3572, loss_bbox: 0.3827, loss_kps: 0.0000, loss: 0.7399
2026-09-10 11:38:38,168 - mmdet - INFO - Epoch [19][3400/8725]	lr: 1.000e-05, eta: 0:41:03, time: 0.172, data_time: 0.011, memory: 13424, loss_cls: 0.3587, loss_bbox: 0.3682, loss_kps: 0.0000, loss: 0.7269
2026-09-10 11:38:46,691 - mmdet - INFO - Epoch [19][3450/8725]	lr: 1.000e-05, eta: 0:40:54, time: 0.171, data_time: 0.011, memory: 13424, loss_cls: 0.3870, loss_bbox: 0.3879, loss_kps: 0.0000, loss: 0.7749
2026-09-10 11:38:55,271 - mmdet - INFO - Epoch [19][3500/8725]	lr: 1.000e-05, eta: 0:40:45, time: 0.172, data_time: 0.010, memory: 13424, loss_cls: 0.4163, loss_bbox: 0.3888, loss_kps: 0.0000, loss: 0.8051
2026-09-10 11:39:03,965 - mmdet - INFO - Epoch [19][3550/8725]	lr: 1.000e-05, eta: 0:40:36, time: 0.174, data_time: 0.010, memory: 13424, loss_cls: 0.3564, loss_bbox: 0.3584, loss_kps: 0.0000, loss: 0.7148
2026-09-10 11:39:12,558 - mmdet - INFO - Epoch [19][3600/8725]	lr: 1.000e-05, eta: 0:40:28, time: 0.172, data_time: 0.010, memory: 13424, loss_cls: 0.3526, loss_bbox: 0.3759, loss_kps: 0.0000, loss: 0.7286
2026-09-10 11:39:21,136 - mmdet - INFO - Epoch [19][3650/8725]	lr: 1.000e-05, eta: 0:40:19, time: 0.171, data_time: 0.010, memory: 13424, loss_cls: 0.3348, loss_bbox: 0.3624, loss_kps: 0.0000, loss: 0.6972
2026-09-10 11:39:29,892 - mmdet - INFO - Epoch [19][3700/8725]	lr: 1.000e-05, eta: 0:40:10, time: 0.175, data_time: 0.010, memory: 13424, loss_cls: 0.3963, loss_bbox: 0.3766, loss_kps: 0.0000, loss: 0.7729
2026-09-10 11:39:38,458 - mmdet - INFO - Epoch [19][3750/8725]	lr: 1.000e-05, eta: 0:40:01, time: 0.171, data_time: 0.010, memory: 13424, loss_cls: 0.3635, loss_bbox: 0.3508, loss_kps: 0.0000, loss: 0.7143
2026-09-10 11:39:47,088 - mmdet - INFO - Epoch [19][3800/8725]	lr: 1.000e-05, eta: 0:39:53, time: 0.172, data_time: 0.010, memory: 13424, loss_cls: 0.3641, loss_bbox: 0.3619, loss_kps: 0.0000, loss: 0.7260
2026-09-10 11:39:55,643 - mmdet - INFO - Epoch [19][3850/8725]	lr: 1.000e-05, eta: 0:39:44, time: 0.171, data_time: 0.010, memory: 13424, loss_cls: 0.3704, loss_bbox: 0.3803, loss_kps: 0.0000, loss: 0.7507
2026-09-10 11:40:04,132 - mmdet - INFO - Epoch [19][3900/8725]	lr: 1.000e-05, eta: 0:39:35, time: 0.170, data_time: 0.010, memory: 13424, loss_cls: 0.3504, loss_bbox: 0.3529, loss_kps: 0.0000, loss: 0.7033
2026-09-10 11:40:12,668 - mmdet - INFO - Exp name: scrfd_armAA34.py
2026-09-10 11:40:12,668 - mmdet - INFO - Epoch [19][3950/8725]	lr: 1.000e-05, eta: 0:39:26, time: 0.171, data_time: 0.010, memory: 13424, loss_cls: 0.3961, loss_bbox: 0.3668, loss_kps: 0.0000, loss: 0.7629
2026-09-10 11:40:21,213 - mmdet - INFO - Epoch [19][4000/8725]	lr: 1.000e-05, eta: 0:39:17, time: 0.171, data_time: 0.010, memory: 13424, loss_cls: 0.3909, loss_bbox: 0.3574, loss_kps: 0.0000, loss: 0.7483
2026-09-10 11:40:29,748 - mmdet - INFO - Epoch [19][4050/8725]	lr: 1.000e-05, eta: 0:39:09, time: 0.171, data_time: 0.010, memory: 13424, loss_cls: 0.3964, loss_bbox: 0.3962, loss_kps: 0.0000, loss: 0.7926
2026-09-10 11:40:38,262 - mmdet - INFO - Epoch [19][4100/8725]	lr: 1.000e-05, eta: 0:39:00, time: 0.170, data_time: 0.010, memory: 13424, loss_cls: 0.4076, loss_bbox: 0.3783, loss_kps: 0.0000, loss: 0.7859
2026-09-10 11:40:46,823 - mmdet - INFO - Epoch [19][4150/8725]	lr: 1.000e-05, eta: 0:38:51, time: 0.171, data_time: 0.010, memory: 13424, loss_cls: 0.3968, loss_bbox: 0.3680, loss_kps: 0.0000, loss: 0.7648
2026-09-10 11:40:55,363 - mmdet - INFO - Epoch [19][4200/8725]	lr: 1.000e-05, eta: 0:38:42, time: 0.171, data_time: 0.010, memory: 13424, loss_cls: 0.3689, loss_bbox: 0.3703, loss_kps: 0.0000, loss: 0.7391
2026-09-10 11:41:03,870 - mmdet - INFO - Epoch [19][4250/8725]	lr: 1.000e-05, eta: 0:38:33, time: 0.170, data_time: 0.010, memory: 13424, loss_cls: 0.4278, loss_bbox: 0.4038, loss_kps: 0.0000, loss: 0.8315
2026-09-10 11:41:12,448 - mmdet - INFO - Epoch [19][4300/8725]	lr: 1.000e-05, eta: 0:38:25, time: 0.171, data_time: 0.010, memory: 13424, loss_cls: 0.3766, loss_bbox: 0.3722, loss_kps: 0.0000, loss: 0.7488
2026-09-10 11:41:20,875 - mmdet - INFO - Epoch [19][4350/8725]	lr: 1.000e-05, eta: 0:38:16, time: 0.169, data_time: 0.010, memory: 13424, loss_cls: 0.3838, loss_bbox: 0.3763, loss_kps: 0.0000, loss: 0.7601
2026-09-10 11:41:29,349 - mmdet - INFO - Epoch [19][4400/8725]	lr: 1.000e-05, eta: 0:38:07, time: 0.169, data_time: 0.010, memory: 13424, loss_cls: 0.3485, loss_bbox: 0.3657, loss_kps: 0.0000, loss: 0.7143
2026-09-10 11:41:37,884 - mmdet - INFO - Epoch [19][4450/8725]	lr: 1.000e-05, eta: 0:37:58, time: 0.171, data_time: 0.010, memory: 13424, loss_cls: 0.3791, loss_bbox: 0.3785, loss_kps: 0.0000, loss: 0.7575
2026-09-10 11:41:46,658 - mmdet - INFO - Epoch [19][4500/8725]	lr: 1.000e-05, eta: 0:37:50, time: 0.175, data_time: 0.010, memory: 13424, loss_cls: 0.3769, loss_bbox: 0.3554, loss_kps: 0.0000, loss: 0.7323
2026-09-10 11:41:55,105 - mmdet - INFO - Epoch [19][4550/8725]	lr: 1.000e-05, eta: 0:37:41, time: 0.169, data_time: 0.009, memory: 13424, loss_cls: 0.3640, loss_bbox: 0.3839, loss_kps: 0.0000, loss: 0.7479
2026-09-10 11:42:03,575 - mmdet - INFO - Epoch [19][4600/8725]	lr: 1.000e-05, eta: 0:37:32, time: 0.169, data_time: 0.010, memory: 13424, loss_cls: 0.3569, loss_bbox: 0.3344, loss_kps: 0.0000, loss: 0.6913
2026-09-10 11:42:12,089 - mmdet - INFO - Epoch [19][4650/8725]	lr: 1.000e-05, eta: 0:37:23, time: 0.170, data_time: 0.010, memory: 13424, loss_cls: 0.3992, loss_bbox: 0.3843, loss_kps: 0.0000, loss: 0.7835
2026-09-10 11:42:20,585 - mmdet - INFO - Epoch [19][4700/8725]	lr: 1.000e-05, eta: 0:37:14, time: 0.170, data_time: 0.010, memory: 13424, loss_cls: 0.3717, loss_bbox: 0.3657, loss_kps: 0.0000, loss: 0.7374
2026-09-10 11:42:29,117 - mmdet - INFO - Epoch [19][4750/8725]	lr: 1.000e-05, eta: 0:37:06, time: 0.171, data_time: 0.010, memory: 13424, loss_cls: 0.3754, loss_bbox: 0.3747, loss_kps: 0.0000, loss: 0.7501
2026-09-10 11:42:37,634 - mmdet - INFO - Epoch [19][4800/8725]	lr: 1.000e-05, eta: 0:36:57, time: 0.170, data_time: 0.010, memory: 13424, loss_cls: 0.3772, loss_bbox: 0.3751, loss_kps: 0.0000, loss: 0.7524
2026-09-10 11:42:46,160 - mmdet - INFO - Epoch [19][4850/8725]	lr: 1.000e-05, eta: 0:36:48, time: 0.171, data_time: 0.010, memory: 13424, loss_cls: 0.3623, loss_bbox: 0.3764, loss_kps: 0.0000, loss: 0.7387
2026-09-10 11:42:54,643 - mmdet - INFO - Epoch [19][4900/8725]	lr: 1.000e-05, eta: 0:36:39, time: 0.170, data_time: 0.010, memory: 13424, loss_cls: 0.3462, loss_bbox: 0.3687, loss_kps: 0.0000, loss: 0.7149
2026-09-10 11:43:03,149 - mmdet - INFO - Exp name: scrfd_armAA34.py
2026-09-10 11:43:03,149 - mmdet - INFO - Epoch [19][4950/8725]	lr: 1.000e-05, eta: 0:36:31, time: 0.170, data_time: 0.010, memory: 13424, loss_cls: 0.3528, loss_bbox: 0.3853, loss_kps: 0.0000, loss: 0.7381
2026-09-10 11:43:11,693 - mmdet - INFO - Epoch [19][5000/8725]	lr: 1.000e-05, eta: 0:36:22, time: 0.171, data_time: 0.010, memory: 13424, loss_cls: 0.3748, loss_bbox: 0.3875, loss_kps: 0.0000, loss: 0.7623
2026-09-10 11:43:20,193 - mmdet - INFO - Epoch [19][5050/8725]	lr: 1.000e-05, eta: 0:36:13, time: 0.170, data_time: 0.010, memory: 13424, loss_cls: 0.3504, loss_bbox: 0.3555, loss_kps: 0.0000, loss: 0.7059
2026-09-10 11:43:28,657 - mmdet - INFO - Epoch [19][5100/8725]	lr: 1.000e-05, eta: 0:36:04, time: 0.169, data_time: 0.010, memory: 13424, loss_cls: 0.3836, loss_bbox: 0.3960, loss_kps: 0.0000, loss: 0.7796
2026-09-10 11:43:37,313 - mmdet - INFO - Epoch [19][5150/8725]	lr: 1.000e-05, eta: 0:35:55, time: 0.173, data_time: 0.010, memory: 13424, loss_cls: 0.3459, loss_bbox: 0.3649, loss_kps: 0.0000, loss: 0.7109
2026-09-10 11:43:45,770 - mmdet - INFO - Epoch [19][5200/8725]	lr: 1.000e-05, eta: 0:35:47, time: 0.169, data_time: 0.010, memory: 13424, loss_cls: 0.3587, loss_bbox: 0.3644, loss_kps: 0.0000, loss: 0.7231
2026-09-10 11:43:54,233 - mmdet - INFO - Epoch [19][5250/8725]	lr: 1.000e-05, eta: 0:35:38, time: 0.169, data_time: 0.010, memory: 13424, loss_cls: 0.3586, loss_bbox: 0.3536, loss_kps: 0.0000, loss: 0.7122
2026-09-10 11:44:02,718 - mmdet - INFO - Epoch [19][5300/8725]	lr: 1.000e-05, eta: 0:35:29, time: 0.170, data_time: 0.010, memory: 13424, loss_cls: 0.3923, loss_bbox: 0.3762, loss_kps: 0.0000, loss: 0.7685
2026-09-10 11:44:11,187 - mmdet - INFO - Epoch [19][5350/8725]	lr: 1.000e-05, eta: 0:35:20, time: 0.169, data_time: 0.010, memory: 13424, loss_cls: 0.3689, loss_bbox: 0.3585, loss_kps: 0.0000, loss: 0.7274
2026-09-10 11:44:19,721 - mmdet - INFO - Epoch [19][5400/8725]	lr: 1.000e-05, eta: 0:35:11, time: 0.171, data_time: 0.010, memory: 13424, loss_cls: 0.3730, loss_bbox: 0.3801, loss_kps: 0.0000, loss: 0.7531
2026-09-10 11:44:28,173 - mmdet - INFO - Epoch [19][5450/8725]	lr: 1.000e-05, eta: 0:35:03, time: 0.169, data_time: 0.010, memory: 13424, loss_cls: 0.3730, loss_bbox: 0.3743, loss_kps: 0.0000, loss: 0.7473
2026-09-10 11:44:36,696 - mmdet - INFO - Epoch [19][5500/8725]	lr: 1.000e-05, eta: 0:34:54, time: 0.170, data_time: 0.010, memory: 13424, loss_cls: 0.3596, loss_bbox: 0.3576, loss_kps: 0.0000, loss: 0.7172
2026-09-10 11:44:45,234 - mmdet - INFO - Epoch [19][5550/8725]	lr: 1.000e-05, eta: 0:34:45, time: 0.171, data_time: 0.010, memory: 13424, loss_cls: 0.3517, loss_bbox: 0.3559, loss_kps: 0.0000, loss: 0.7076
2026-09-10 11:44:53,740 - mmdet - INFO - Epoch [19][5600/8725]	lr: 1.000e-05, eta: 0:34:36, time: 0.170, data_time: 0.010, memory: 13424, loss_cls: 0.3882, loss_bbox: 0.3792, loss_kps: 0.0000, loss: 0.7674
2026-09-10 11:45:02,206 - mmdet - INFO - Epoch [19][5650/8725]	lr: 1.000e-05, eta: 0:34:28, time: 0.169, data_time: 0.010, memory: 13424, loss_cls: 0.3715, loss_bbox: 0.3749, loss_kps: 0.0000, loss: 0.7464
2026-09-10 11:45:10,735 - mmdet - INFO - Epoch [19][5700/8725]	lr: 1.000e-05, eta: 0:34:19, time: 0.170, data_time: 0.010, memory: 13424, loss_cls: 0.3635, loss_bbox: 0.3624, loss_kps: 0.0000, loss: 0.7259
2026-09-10 11:45:19,283 - mmdet - INFO - Epoch [19][5750/8725]	lr: 1.000e-05, eta: 0:34:10, time: 0.171, data_time: 0.011, memory: 13424, loss_cls: 0.3704, loss_bbox: 0.3704, loss_kps: 0.0000, loss: 0.7407
2026-09-10 11:45:27,809 - mmdet - INFO - Epoch [19][5800/8725]	lr: 1.000e-05, eta: 0:34:01, time: 0.170, data_time: 0.010, memory: 13424, loss_cls: 0.3731, loss_bbox: 0.3780, loss_kps: 0.0000, loss: 0.7511
2026-09-10 11:45:36,265 - mmdet - INFO - Epoch [19][5850/8725]	lr: 1.000e-05, eta: 0:33:52, time: 0.169, data_time: 0.010, memory: 13424, loss_cls: 0.3956, loss_bbox: 0.3841, loss_kps: 0.0000, loss: 0.7797
2026-09-10 11:45:44,696 - mmdet - INFO - Epoch [19][5900/8725]	lr: 1.000e-05, eta: 0:33:44, time: 0.169, data_time: 0.009, memory: 13424, loss_cls: 0.3595, loss_bbox: 0.3730, loss_kps: 0.0000, loss: 0.7325
2026-09-10 11:45:53,235 - mmdet - INFO - Exp name: scrfd_armAA34.py
2026-09-10 11:45:53,236 - mmdet - INFO - Epoch [19][5950/8725]	lr: 1.000e-05, eta: 0:33:35, time: 0.171, data_time: 0.010, memory: 13424, loss_cls: 0.3747, loss_bbox: 0.3626, loss_kps: 0.0000, loss: 0.7373
2026-09-10 11:46:01,748 - mmdet - INFO - Epoch [19][6000/8725]	lr: 1.000e-05, eta: 0:33:26, time: 0.170, data_time: 0.011, memory: 13424, loss_cls: 0.3764, loss_bbox: 0.3734, loss_kps: 0.0000, loss: 0.7498
2026-09-10 11:46:10,285 - mmdet - INFO - Epoch [19][6050/8725]	lr: 1.000e-05, eta: 0:33:17, time: 0.171, data_time: 0.010, memory: 13424, loss_cls: 0.3757, loss_bbox: 0.3935, loss_kps: 0.0000, loss: 0.7692
2026-09-10 11:46:18,828 - mmdet - INFO - Epoch [19][6100/8725]	lr: 1.000e-05, eta: 0:33:09, time: 0.171, data_time: 0.010, memory: 13424, loss_cls: 0.3791, loss_bbox: 0.3801, loss_kps: 0.0000, loss: 0.7592
2026-09-10 11:46:27,328 - mmdet - INFO - Epoch [19][6150/8725]	lr: 1.000e-05, eta: 0:33:00, time: 0.170, data_time: 0.010, memory: 13424, loss_cls: 0.3549, loss_bbox: 0.3698, loss_kps: 0.0000, loss: 0.7246
2026-09-10 11:46:35,871 - mmdet - INFO - Epoch [19][6200/8725]	lr: 1.000e-05, eta: 0:32:51, time: 0.171, data_time: 0.010, memory: 13424, loss_cls: 0.3849, loss_bbox: 0.3775, loss_kps: 0.0000, loss: 0.7624
2026-09-10 11:46:44,382 - mmdet - INFO - Epoch [19][6250/8725]	lr: 1.000e-05, eta: 0:32:42, time: 0.170, data_time: 0.010, memory: 13424, loss_cls: 0.3506, loss_bbox: 0.3521, loss_kps: 0.0000, loss: 0.7027
2026-09-10 11:46:52,873 - mmdet - INFO - Epoch [19][6300/8725]	lr: 1.000e-05, eta: 0:32:33, time: 0.170, data_time: 0.010, memory: 13424, loss_cls: 0.3601, loss_bbox: 0.3513, loss_kps: 0.0000, loss: 0.7114
2026-09-10 11:47:01,382 - mmdet - INFO - Epoch [19][6350/8725]	lr: 1.000e-05, eta: 0:32:25, time: 0.170, data_time: 0.010, memory: 13424, loss_cls: 0.3961, loss_bbox: 0.3687, loss_kps: 0.0000, loss: 0.7648
2026-09-10 11:47:09,881 - mmdet - INFO - Epoch [19][6400/8725]	lr: 1.000e-05, eta: 0:32:16, time: 0.170, data_time: 0.009, memory: 13424, loss_cls: 0.3934, loss_bbox: 0.3840, loss_kps: 0.0000, loss: 0.7775
2026-09-10 11:47:18,427 - mmdet - INFO - Epoch [19][6450/8725]	lr: 1.000e-05, eta: 0:32:07, time: 0.171, data_time: 0.010, memory: 13424, loss_cls: 0.3870, loss_bbox: 0.3590, loss_kps: 0.0000, loss: 0.7460
2026-09-10 11:47:26,944 - mmdet - INFO - Epoch [19][6500/8725]	lr: 1.000e-05, eta: 0:31:58, time: 0.170, data_time: 0.010, memory: 13424, loss_cls: 0.4095, loss_bbox: 0.3786, loss_kps: 0.0000, loss: 0.7881
2026-09-10 11:47:35,470 - mmdet - INFO - Epoch [19][6550/8725]	lr: 1.000e-05, eta: 0:31:50, time: 0.171, data_time: 0.010, memory: 13424, loss_cls: 0.3529, loss_bbox: 0.3605, loss_kps: 0.0000, loss: 0.7133
2026-09-10 11:47:43,971 - mmdet - INFO - Epoch [19][6600/8725]	lr: 1.000e-05, eta: 0:31:41, time: 0.170, data_time: 0.010, memory: 13424, loss_cls: 0.3554, loss_bbox: 0.3570, loss_kps: 0.0000, loss: 0.7125
2026-09-10 11:47:52,437 - mmdet - INFO - Epoch [19][6650/8725]	lr: 1.000e-05, eta: 0:31:32, time: 0.169, data_time: 0.010, memory: 13424, loss_cls: 0.3703, loss_bbox: 0.3738, loss_kps: 0.0000, loss: 0.7441
2026-09-10 11:48:00,900 - mmdet - INFO - Epoch [19][6700/8725]	lr: 1.000e-05, eta: 0:31:23, time: 0.169, data_time: 0.010, memory: 13424, loss_cls: 0.3721, loss_bbox: 0.3731, loss_kps: 0.0000, loss: 0.7453
2026-09-10 11:48:09,371 - mmdet - INFO - Epoch [19][6750/8725]	lr: 1.000e-05, eta: 0:31:14, time: 0.169, data_time: 0.010, memory: 13424, loss_cls: 0.3516, loss_bbox: 0.3822, loss_kps: 0.0000, loss: 0.7338
2026-09-10 11:48:17,867 - mmdet - INFO - Epoch [19][6800/8725]	lr: 1.000e-05, eta: 0:31:06, time: 0.170, data_time: 0.010, memory: 13424, loss_cls: 0.3714, loss_bbox: 0.3623, loss_kps: 0.0000, loss: 0.7336
2026-09-10 11:48:26,325 - mmdet - INFO - Epoch [19][6850/8725]	lr: 1.000e-05, eta: 0:30:57, time: 0.169, data_time: 0.010, memory: 13424, loss_cls: 0.3483, loss_bbox: 0.3484, loss_kps: 0.0000, loss: 0.6966
2026-09-10 11:48:34,765 - mmdet - INFO - Epoch [19][6900/8725]	lr: 1.000e-05, eta: 0:30:48, time: 0.169, data_time: 0.010, memory: 13424, loss_cls: 0.3827, loss_bbox: 0.3636, loss_kps: 0.0000, loss: 0.7463
2026-09-10 11:48:43,209 - mmdet - INFO - Exp name: scrfd_armAA34.py
2026-09-10 11:48:43,209 - mmdet - INFO - Epoch [19][6950/8725]	lr: 1.000e-05, eta: 0:30:39, time: 0.169, data_time: 0.010, memory: 13424, loss_cls: 0.3268, loss_bbox: 0.3374, loss_kps: 0.0000, loss: 0.6642
2026-09-10 11:48:51,691 - mmdet - INFO - Epoch [19][7000/8725]	lr: 1.000e-05, eta: 0:30:31, time: 0.170, data_time: 0.010, memory: 13424, loss_cls: 0.3770, loss_bbox: 0.3679, loss_kps: 0.0000, loss: 0.7448
2026-09-10 11:49:00,178 - mmdet - INFO - Epoch [19][7050/8725]	lr: 1.000e-05, eta: 0:30:22, time: 0.170, data_time: 0.010, memory: 13424, loss_cls: 0.3583, loss_bbox: 0.3736, loss_kps: 0.0000, loss: 0.7319
2026-09-10 11:49:08,671 - mmdet - INFO - Epoch [19][7100/8725]	lr: 1.000e-05, eta: 0:30:13, time: 0.170, data_time: 0.010, memory: 13424, loss_cls: 0.3677, loss_bbox: 0.3726, loss_kps: 0.0000, loss: 0.7403
2026-09-10 11:49:17,153 - mmdet - INFO - Epoch [19][7150/8725]	lr: 1.000e-05, eta: 0:30:04, time: 0.170, data_time: 0.010, memory: 13424, loss_cls: 0.3657, loss_bbox: 0.3756, loss_kps: 0.0000, loss: 0.7412
2026-09-10 11:49:25,607 - mmdet - INFO - Epoch [19][7200/8725]	lr: 1.000e-05, eta: 0:29:55, time: 0.169, data_time: 0.010, memory: 13424, loss_cls: 0.3375, loss_bbox: 0.3497, loss_kps: 0.0000, loss: 0.6872
2026-09-10 11:49:34,097 - mmdet - INFO - Epoch [19][7250/8725]	lr: 1.000e-05, eta: 0:29:47, time: 0.170, data_time: 0.010, memory: 13424, loss_cls: 0.3739, loss_bbox: 0.3708, loss_kps: 0.0000, loss: 0.7447
2026-09-10 11:49:42,580 - mmdet - INFO - Epoch [19][7300/8725]	lr: 1.000e-05, eta: 0:29:38, time: 0.170, data_time: 0.010, memory: 13424, loss_cls: 0.3388, loss_bbox: 0.3786, loss_kps: 0.0000, loss: 0.7174
2026-09-10 11:49:51,031 - mmdet - INFO - Epoch [19][7350/8725]	lr: 1.000e-05, eta: 0:29:29, time: 0.169, data_time: 0.009, memory: 13424, loss_cls: 0.3629, loss_bbox: 0.3509, loss_kps: 0.0000, loss: 0.7139
2026-09-10 11:49:59,486 - mmdet - INFO - Epoch [19][7400/8725]	lr: 1.000e-05, eta: 0:29:20, time: 0.169, data_time: 0.010, memory: 13424, loss_cls: 0.4203, loss_bbox: 0.3921, loss_kps: 0.0000, loss: 0.8123
2026-09-10 11:50:07,931 - mmdet - INFO - Epoch [19][7450/8725]	lr: 1.000e-05, eta: 0:29:11, time: 0.169, data_time: 0.009, memory: 13424, loss_cls: 0.3544, loss_bbox: 0.3614, loss_kps: 0.0000, loss: 0.7158
2026-09-10 11:50:16,378 - mmdet - INFO - Epoch [19][7500/8725]	lr: 1.000e-05, eta: 0:29:03, time: 0.169, data_time: 0.010, memory: 13424, loss_cls: 0.3805, loss_bbox: 0.3757, loss_kps: 0.0000, loss: 0.7562
2026-09-10 11:50:24,840 - mmdet - INFO - Epoch [19][7550/8725]	lr: 1.000e-05, eta: 0:28:54, time: 0.169, data_time: 0.010, memory: 13424, loss_cls: 0.3503, loss_bbox: 0.3573, loss_kps: 0.0000, loss: 0.7075
2026-09-10 11:50:33,287 - mmdet - INFO - Epoch [19][7600/8725]	lr: 1.000e-05, eta: 0:28:45, time: 0.169, data_time: 0.010, memory: 13424, loss_cls: 0.4001, loss_bbox: 0.3976, loss_kps: 0.0000, loss: 0.7977
2026-09-10 11:50:41,751 - mmdet - INFO - Epoch [19][7650/8725]	lr: 1.000e-05, eta: 0:28:36, time: 0.169, data_time: 0.010, memory: 13424, loss_cls: 0.3861, loss_bbox: 0.3639, loss_kps: 0.0000, loss: 0.7500
2026-09-10 11:50:50,194 - mmdet - INFO - Epoch [19][7700/8725]	lr: 1.000e-05, eta: 0:28:28, time: 0.169, data_time: 0.010, memory: 13424, loss_cls: 0.3637, loss_bbox: 0.3533, loss_kps: 0.0000, loss: 0.7170
2026-09-10 11:50:58,667 - mmdet - INFO - Epoch [19][7750/8725]	lr: 1.000e-05, eta: 0:28:19, time: 0.170, data_time: 0.010, memory: 13424, loss_cls: 0.3853, loss_bbox: 0.3704, loss_kps: 0.0000, loss: 0.7558
2026-09-10 11:51:07,157 - mmdet - INFO - Epoch [19][7800/8725]	lr: 1.000e-05, eta: 0:28:10, time: 0.170, data_time: 0.010, memory: 13424, loss_cls: 0.3885, loss_bbox: 0.3860, loss_kps: 0.0000, loss: 0.7745
2026-09-10 11:51:15,658 - mmdet - INFO - Epoch [19][7850/8725]	lr: 1.000e-05, eta: 0:28:01, time: 0.170, data_time: 0.010, memory: 13424, loss_cls: 0.3431, loss_bbox: 0.3729, loss_kps: 0.0000, loss: 0.7160
2026-09-10 11:51:24,180 - mmdet - INFO - Epoch [19][7900/8725]	lr: 1.000e-05, eta: 0:27:53, time: 0.170, data_time: 0.010, memory: 13424, loss_cls: 0.3851, loss_bbox: 0.3973, loss_kps: 0.0000, loss: 0.7825
2026-09-10 11:51:32,634 - mmdet - INFO - Exp name: scrfd_armAA34.py
2026-09-10 11:51:32,634 - mmdet - INFO - Epoch [19][7950/8725]	lr: 1.000e-05, eta: 0:27:44, time: 0.169, data_time: 0.010, memory: 13424, loss_cls: 0.3562, loss_bbox: 0.3591, loss_kps: 0.0000, loss: 0.7153
2026-09-10 11:51:41,101 - mmdet - INFO - Epoch [19][8000/8725]	lr: 1.000e-05, eta: 0:27:35, time: 0.169, data_time: 0.010, memory: 13424, loss_cls: 0.3632, loss_bbox: 0.3595, loss_kps: 0.0000, loss: 0.7226
2026-09-10 11:51:49,650 - mmdet - INFO - Epoch [19][8050/8725]	lr: 1.000e-05, eta: 0:27:26, time: 0.171, data_time: 0.010, memory: 13424, loss_cls: 0.3755, loss_bbox: 0.3700, loss_kps: 0.0000, loss: 0.7455
2026-09-10 11:51:58,103 - mmdet - INFO - Epoch [19][8100/8725]	lr: 1.000e-05, eta: 0:27:17, time: 0.169, data_time: 0.010, memory: 13424, loss_cls: 0.3605, loss_bbox: 0.3912, loss_kps: 0.0000, loss: 0.7517
2026-09-10 11:52:06,611 - mmdet - INFO - Epoch [19][8150/8725]	lr: 1.000e-05, eta: 0:27:09, time: 0.170, data_time: 0.010, memory: 13424, loss_cls: 0.4055, loss_bbox: 0.3809, loss_kps: 0.0000, loss: 0.7865
2026-09-10 11:52:15,081 - mmdet - INFO - Epoch [19][8200/8725]	lr: 1.000e-05, eta: 0:27:00, time: 0.169, data_time: 0.010, memory: 13424, loss_cls: 0.3970, loss_bbox: 0.3697, loss_kps: 0.0000, loss: 0.7667
2026-09-10 11:52:23,532 - mmdet - INFO - Epoch [19][8250/8725]	lr: 1.000e-05, eta: 0:26:51, time: 0.169, data_time: 0.010, memory: 13424, loss_cls: 0.3616, loss_bbox: 0.3745, loss_kps: 0.0000, loss: 0.7361
2026-09-10 11:52:32,088 - mmdet - INFO - Epoch [19][8300/8725]	lr: 1.000e-05, eta: 0:26:42, time: 0.171, data_time: 0.010, memory: 13424, loss_cls: 0.3778, loss_bbox: 0.3601, loss_kps: 0.0000, loss: 0.7380
2026-09-10 11:52:40,579 - mmdet - INFO - Epoch [19][8350/8725]	lr: 1.000e-05, eta: 0:26:34, time: 0.170, data_time: 0.010, memory: 13424, loss_cls: 0.3695, loss_bbox: 0.3786, loss_kps: 0.0000, loss: 0.7480
2026-09-10 11:52:49,036 - mmdet - INFO - Epoch [19][8400/8725]	lr: 1.000e-05, eta: 0:26:25, time: 0.169, data_time: 0.009, memory: 13424, loss_cls: 0.3572, loss_bbox: 0.3812, loss_kps: 0.0000, loss: 0.7384
2026-09-10 11:52:57,519 - mmdet - INFO - Epoch [19][8450/8725]	lr: 1.000e-05, eta: 0:26:16, time: 0.170, data_time: 0.010, memory: 13424, loss_cls: 0.3530, loss_bbox: 0.3887, loss_kps: 0.0000, loss: 0.7417
2026-09-10 11:53:05,985 - mmdet - INFO - Epoch [19][8500/8725]	lr: 1.000e-05, eta: 0:26:07, time: 0.169, data_time: 0.010, memory: 13424, loss_cls: 0.3945, loss_bbox: 0.3680, loss_kps: 0.0000, loss: 0.7626
2026-09-10 11:53:14,451 - mmdet - INFO - Epoch [19][8550/8725]	lr: 1.000e-05, eta: 0:25:58, time: 0.169, data_time: 0.010, memory: 13424, loss_cls: 0.3619, loss_bbox: 0.3451, loss_kps: 0.0000, loss: 0.7070
2026-09-10 11:53:22,957 - mmdet - INFO - Epoch [19][8600/8725]	lr: 1.000e-05, eta: 0:25:50, time: 0.170, data_time: 0.010, memory: 13424, loss_cls: 0.3779, loss_bbox: 0.3860, loss_kps: 0.0000, loss: 0.7639
2026-09-10 11:53:31,477 - mmdet - INFO - Epoch [19][8650/8725]	lr: 1.000e-05, eta: 0:25:41, time: 0.170, data_time: 0.010, memory: 13424, loss_cls: 0.3867, loss_bbox: 0.3698, loss_kps: 0.0000, loss: 0.7565
2026-09-10 11:53:39,964 - mmdet - INFO - Epoch [19][8700/8725]	lr: 1.000e-05, eta: 0:25:32, time: 0.170, data_time: 0.010, memory: 13424, loss_cls: 0.3826, loss_bbox: 0.3577, loss_kps: 0.0000, loss: 0.7402
2026-09-10 11:53:44,261 - mmdet - INFO - Saving checkpoint at 19 epochs
2026-09-10 11:53:56,904 - mmdet - INFO - Epoch [20][50/8725]	lr: 1.000e-05, eta: 0:25:19, time: 0.248, data_time: 0.085, memory: 13424, loss_cls: 0.3534, loss_bbox: 0.3685, loss_kps: 0.0000, loss: 0.7219
2026-09-10 11:54:05,721 - mmdet - INFO - Epoch [20][100/8725]	lr: 1.000e-05, eta: 0:25:10, time: 0.177, data_time: 0.012, memory: 13424, loss_cls: 0.3700, loss_bbox: 0.3677, loss_kps: 0.0000, loss: 0.7377
2026-09-10 11:54:14,482 - mmdet - INFO - Epoch [20][150/8725]	lr: 1.000e-05, eta: 0:25:01, time: 0.175, data_time: 0.011, memory: 13424, loss_cls: 0.3998, loss_bbox: 0.3927, loss_kps: 0.0000, loss: 0.7925
2026-09-10 11:54:23,354 - mmdet - INFO - Epoch [20][200/8725]	lr: 1.000e-05, eta: 0:24:53, time: 0.177, data_time: 0.011, memory: 13424, loss_cls: 0.3744, loss_bbox: 0.3803, loss_kps: 0.0000, loss: 0.7547
2026-09-10 11:54:32,561 - mmdet - INFO - Epoch [20][250/8725]	lr: 1.000e-05, eta: 0:24:44, time: 0.184, data_time: 0.011, memory: 13424, loss_cls: 0.3690, loss_bbox: 0.3721, loss_kps: 0.0000, loss: 0.7411
2026-09-10 11:54:41,384 - mmdet - INFO - Epoch [20][300/8725]	lr: 1.000e-05, eta: 0:24:35, time: 0.177, data_time: 0.012, memory: 13424, loss_cls: 0.3728, loss_bbox: 0.3825, loss_kps: 0.0000, loss: 0.7553
2026-09-10 11:54:50,398 - mmdet - INFO - Epoch [20][350/8725]	lr: 1.000e-05, eta: 0:24:26, time: 0.180, data_time: 0.015, memory: 13424, loss_cls: 0.4008, loss_bbox: 0.3734, loss_kps: 0.0000, loss: 0.7742
2026-09-10 11:54:59,078 - mmdet - INFO - Epoch [20][400/8725]	lr: 1.000e-05, eta: 0:24:18, time: 0.174, data_time: 0.011, memory: 13424, loss_cls: 0.3777, loss_bbox: 0.3662, loss_kps: 0.0000, loss: 0.7439
2026-09-10 11:55:07,652 - mmdet - INFO - Epoch [20][450/8725]	lr: 1.000e-05, eta: 0:24:09, time: 0.171, data_time: 0.009, memory: 13424, loss_cls: 0.3759, loss_bbox: 0.3594, loss_kps: 0.0000, loss: 0.7353
2026-09-10 11:55:16,263 - mmdet - INFO - Epoch [20][500/8725]	lr: 1.000e-05, eta: 0:24:00, time: 0.172, data_time: 0.010, memory: 13424, loss_cls: 0.3575, loss_bbox: 0.3741, loss_kps: 0.0000, loss: 0.7317
2026-09-10 11:55:24,934 - mmdet - INFO - Epoch [20][550/8725]	lr: 1.000e-05, eta: 0:23:51, time: 0.173, data_time: 0.010, memory: 13424, loss_cls: 0.4180, loss_bbox: 0.3734, loss_kps: 0.0000, loss: 0.7914
2026-09-10 11:55:33,919 - mmdet - INFO - Epoch [20][600/8725]	lr: 1.000e-05, eta: 0:23:43, time: 0.180, data_time: 0.011, memory: 13424, loss_cls: 0.3713, loss_bbox: 0.3761, loss_kps: 0.0000, loss: 0.7474
2026-09-10 11:55:42,737 - mmdet - INFO - Epoch [20][650/8725]	lr: 1.000e-05, eta: 0:23:34, time: 0.176, data_time: 0.011, memory: 13424, loss_cls: 0.3720, loss_bbox: 0.3678, loss_kps: 0.0000, loss: 0.7398
2026-09-10 11:55:51,633 - mmdet - INFO - Epoch [20][700/8725]	lr: 1.000e-05, eta: 0:23:25, time: 0.178, data_time: 0.012, memory: 13424, loss_cls: 0.4083, loss_bbox: 0.3866, loss_kps: 0.0000, loss: 0.7949
2026-09-10 11:56:00,620 - mmdet - INFO - Epoch [20][750/8725]	lr: 1.000e-05, eta: 0:23:16, time: 0.179, data_time: 0.014, memory: 13424, loss_cls: 0.3770, loss_bbox: 0.3815, loss_kps: 0.0000, loss: 0.7585
2026-09-10 11:56:09,614 - mmdet - INFO - Epoch [20][800/8725]	lr: 1.000e-05, eta: 0:23:08, time: 0.180, data_time: 0.013, memory: 13424, loss_cls: 0.4079, loss_bbox: 0.3980, loss_kps: 0.0000, loss: 0.8060
2026-09-10 11:56:18,184 - mmdet - INFO - Epoch [20][850/8725]	lr: 1.000e-05, eta: 0:22:59, time: 0.171, data_time: 0.010, memory: 13424, loss_cls: 0.3754, loss_bbox: 0.3678, loss_kps: 0.0000, loss: 0.7432
2026-09-10 11:56:26,767 - mmdet - INFO - Epoch [20][900/8725]	lr: 1.000e-05, eta: 0:22:50, time: 0.172, data_time: 0.010, memory: 13424, loss_cls: 0.3692, loss_bbox: 0.3578, loss_kps: 0.0000, loss: 0.7270
2026-09-10 11:56:35,295 - mmdet - INFO - Epoch [20][950/8725]	lr: 1.000e-05, eta: 0:22:41, time: 0.170, data_time: 0.010, memory: 13424, loss_cls: 0.3473, loss_bbox: 0.3659, loss_kps: 0.0000, loss: 0.7131
2026-09-10 11:56:43,835 - mmdet - INFO - Epoch [20][1000/8725]	lr: 1.000e-05, eta: 0:22:33, time: 0.171, data_time: 0.010, memory: 13424, loss_cls: 0.3801, loss_bbox: 0.3745, loss_kps: 0.0000, loss: 0.7546
2026-09-10 11:56:52,427 - mmdet - INFO - Epoch [20][1050/8725]	lr: 1.000e-05, eta: 0:22:24, time: 0.172, data_time: 0.010, memory: 13424, loss_cls: 0.3788, loss_bbox: 0.4084, loss_kps: 0.0000, loss: 0.7872
2026-09-10 11:57:01,015 - mmdet - INFO - Epoch [20][1100/8725]	lr: 1.000e-05, eta: 0:22:15, time: 0.172, data_time: 0.010, memory: 13424, loss_cls: 0.3719, loss_bbox: 0.3694, loss_kps: 0.0000, loss: 0.7412
2026-09-10 11:57:09,529 - mmdet - INFO - Epoch [20][1150/8725]	lr: 1.000e-05, eta: 0:22:06, time: 0.170, data_time: 0.010, memory: 13424, loss_cls: 0.3466, loss_bbox: 0.3532, loss_kps: 0.0000, loss: 0.6999
2026-09-10 11:57:18,088 - mmdet - INFO - Epoch [20][1200/8725]	lr: 1.000e-05, eta: 0:21:58, time: 0.171, data_time: 0.010, memory: 13424, loss_cls: 0.3625, loss_bbox: 0.3505, loss_kps: 0.0000, loss: 0.7130
2026-09-10 11:57:26,704 - mmdet - INFO - Epoch [20][1250/8725]	lr: 1.000e-05, eta: 0:21:49, time: 0.172, data_time: 0.011, memory: 13424, loss_cls: 0.4118, loss_bbox: 0.3923, loss_kps: 0.0000, loss: 0.8041
2026-09-10 11:57:35,283 - mmdet - INFO - Epoch [20][1300/8725]	lr: 1.000e-05, eta: 0:21:40, time: 0.172, data_time: 0.010, memory: 13424, loss_cls: 0.3832, loss_bbox: 0.3732, loss_kps: 0.0000, loss: 0.7563
2026-09-10 11:57:43,853 - mmdet - INFO - Epoch [20][1350/8725]	lr: 1.000e-05, eta: 0:21:31, time: 0.171, data_time: 0.010, memory: 13424, loss_cls: 0.3573, loss_bbox: 0.3717, loss_kps: 0.0000, loss: 0.7290
2026-09-10 11:57:52,447 - mmdet - INFO - Epoch [20][1400/8725]	lr: 1.000e-05, eta: 0:21:22, time: 0.172, data_time: 0.010, memory: 13424, loss_cls: 0.3896, loss_bbox: 0.3576, loss_kps: 0.0000, loss: 0.7472
2026-09-10 11:58:00,982 - mmdet - INFO - Epoch [20][1450/8725]	lr: 1.000e-05, eta: 0:21:14, time: 0.170, data_time: 0.010, memory: 13424, loss_cls: 0.3778, loss_bbox: 0.3799, loss_kps: 0.0000, loss: 0.7577
2026-09-10 11:58:09,597 - mmdet - INFO - Epoch [20][1500/8725]	lr: 1.000e-05, eta: 0:21:05, time: 0.172, data_time: 0.010, memory: 13424, loss_cls: 0.3944, loss_bbox: 0.3789, loss_kps: 0.0000, loss: 0.7734
2026-09-10 11:58:18,185 - mmdet - INFO - Epoch [20][1550/8725]	lr: 1.000e-05, eta: 0:20:56, time: 0.172, data_time: 0.010, memory: 13424, loss_cls: 0.3775, loss_bbox: 0.3687, loss_kps: 0.0000, loss: 0.7463
2026-09-10 11:58:26,698 - mmdet - INFO - Epoch [20][1600/8725]	lr: 1.000e-05, eta: 0:20:47, time: 0.171, data_time: 0.010, memory: 13424, loss_cls: 0.3852, loss_bbox: 0.3822, loss_kps: 0.0000, loss: 0.7674
2026-09-10 11:58:35,254 - mmdet - INFO - Epoch [20][1650/8725]	lr: 1.000e-05, eta: 0:20:39, time: 0.171, data_time: 0.010, memory: 13424, loss_cls: 0.3674, loss_bbox: 0.3761, loss_kps: 0.0000, loss: 0.7435
2026-09-10 11:58:43,806 - mmdet - INFO - Epoch [20][1700/8725]	lr: 1.000e-05, eta: 0:20:30, time: 0.171, data_time: 0.010, memory: 13424, loss_cls: 0.3554, loss_bbox: 0.3442, loss_kps: 0.0000, loss: 0.6997
2026-09-10 11:58:52,360 - mmdet - INFO - Epoch [20][1750/8725]	lr: 1.000e-05, eta: 0:20:21, time: 0.171, data_time: 0.009, memory: 13424, loss_cls: 0.3740, loss_bbox: 0.3780, loss_kps: 0.0000, loss: 0.7520
2026-09-10 11:59:00,828 - mmdet - INFO - Epoch [20][1800/8725]	lr: 1.000e-05, eta: 0:20:12, time: 0.170, data_time: 0.010, memory: 13424, loss_cls: 0.3913, loss_bbox: 0.3880, loss_kps: 0.0000, loss: 0.7793
2026-09-10 11:59:09,367 - mmdet - INFO - Epoch [20][1850/8725]	lr: 1.000e-05, eta: 0:20:04, time: 0.171, data_time: 0.009, memory: 13424, loss_cls: 0.3772, loss_bbox: 0.3909, loss_kps: 0.0000, loss: 0.7680
2026-09-10 11:59:17,906 - mmdet - INFO - Epoch [20][1900/8725]	lr: 1.000e-05, eta: 0:19:55, time: 0.171, data_time: 0.010, memory: 13424, loss_cls: 0.3850, loss_bbox: 0.3760, loss_kps: 0.0000, loss: 0.7610
2026-09-10 11:59:26,464 - mmdet - INFO - Epoch [20][1950/8725]	lr: 1.000e-05, eta: 0:19:46, time: 0.171, data_time: 0.009, memory: 13424, loss_cls: 0.3831, loss_bbox: 0.3799, loss_kps: 0.0000, loss: 0.7630
2026-09-10 11:59:34,974 - mmdet - INFO - Epoch [20][2000/8725]	lr: 1.000e-05, eta: 0:19:37, time: 0.170, data_time: 0.010, memory: 13424, loss_cls: 0.3338, loss_bbox: 0.3616, loss_kps: 0.0000, loss: 0.6954
2026-09-10 11:59:43,573 - mmdet - INFO - Epoch [20][2050/8725]	lr: 1.000e-05, eta: 0:19:29, time: 0.172, data_time: 0.011, memory: 13424, loss_cls: 0.3657, loss_bbox: 0.3805, loss_kps: 0.0000, loss: 0.7462
2026-09-10 11:59:52,122 - mmdet - INFO - Epoch [20][2100/8725]	lr: 1.000e-05, eta: 0:19:20, time: 0.171, data_time: 0.009, memory: 13424, loss_cls: 0.3934, loss_bbox: 0.3888, loss_kps: 0.0000, loss: 0.7821
2026-09-10 12:00:00,881 - mmdet - INFO - Epoch [20][2150/8725]	lr: 1.000e-05, eta: 0:19:11, time: 0.175, data_time: 0.010, memory: 13424, loss_cls: 0.3674, loss_bbox: 0.3445, loss_kps: 0.0000, loss: 0.7119
2026-09-10 12:00:09,397 - mmdet - INFO - Epoch [20][2200/8725]	lr: 1.000e-05, eta: 0:19:02, time: 0.171, data_time: 0.010, memory: 13424, loss_cls: 0.3746, loss_bbox: 0.3911, loss_kps: 0.0000, loss: 0.7657
2026-09-10 12:00:17,878 - mmdet - INFO - Epoch [20][2250/8725]	lr: 1.000e-05, eta: 0:18:53, time: 0.169, data_time: 0.009, memory: 13424, loss_cls: 0.3616, loss_bbox: 0.3647, loss_kps: 0.0000, loss: 0.7263
2026-09-10 12:00:26,440 - mmdet - INFO - Epoch [20][2300/8725]	lr: 1.000e-05, eta: 0:18:45, time: 0.172, data_time: 0.010, memory: 13424, loss_cls: 0.3771, loss_bbox: 0.3744, loss_kps: 0.0000, loss: 0.7515
2026-09-10 12:00:34,954 - mmdet - INFO - Epoch [20][2350/8725]	lr: 1.000e-05, eta: 0:18:36, time: 0.170, data_time: 0.010, memory: 13424, loss_cls: 0.3674, loss_bbox: 0.3540, loss_kps: 0.0000, loss: 0.7214
2026-09-10 12:00:43,521 - mmdet - INFO - Epoch [20][2400/8725]	lr: 1.000e-05, eta: 0:18:27, time: 0.172, data_time: 0.011, memory: 13424, loss_cls: 0.3668, loss_bbox: 0.3895, loss_kps: 0.0000, loss: 0.7563
2026-09-10 12:00:52,170 - mmdet - INFO - Epoch [20][2450/8725]	lr: 1.000e-05, eta: 0:18:18, time: 0.173, data_time: 0.010, memory: 13424, loss_cls: 0.3655, loss_bbox: 0.3753, loss_kps: 0.0000, loss: 0.7408
2026-09-10 12:01:00,655 - mmdet - INFO - Epoch [20][2500/8725]	lr: 1.000e-05, eta: 0:18:10, time: 0.170, data_time: 0.010, memory: 13424, loss_cls: 0.3479, loss_bbox: 0.3513, loss_kps: 0.0000, loss: 0.6992
2026-09-10 12:01:09,129 - mmdet - INFO - Epoch [20][2550/8725]	lr: 1.000e-05, eta: 0:18:01, time: 0.169, data_time: 0.009, memory: 13424, loss_cls: 0.3843, loss_bbox: 0.3720, loss_kps: 0.0000, loss: 0.7563
2026-09-10 12:01:17,638 - mmdet - INFO - Epoch [20][2600/8725]	lr: 1.000e-05, eta: 0:17:52, time: 0.170, data_time: 0.010, memory: 13424, loss_cls: 0.3498, loss_bbox: 0.3640, loss_kps: 0.0000, loss: 0.7138
2026-09-10 12:01:26,156 - mmdet - INFO - Epoch [20][2650/8725]	lr: 1.000e-05, eta: 0:17:43, time: 0.170, data_time: 0.009, memory: 13424, loss_cls: 0.3599, loss_bbox: 0.3766, loss_kps: 0.0000, loss: 0.7366
2026-09-10 12:01:34,730 - mmdet - INFO - Epoch [20][2700/8725]	lr: 1.000e-05, eta: 0:17:35, time: 0.172, data_time: 0.011, memory: 13424, loss_cls: 0.3502, loss_bbox: 0.3696, loss_kps: 0.0000, loss: 0.7198
2026-09-10 12:01:43,267 - mmdet - INFO - Epoch [20][2750/8725]	lr: 1.000e-05, eta: 0:17:26, time: 0.170, data_time: 0.010, memory: 13424, loss_cls: 0.3819, loss_bbox: 0.3694, loss_kps: 0.0000, loss: 0.7513
2026-09-10 12:01:51,785 - mmdet - INFO - Epoch [20][2800/8725]	lr: 1.000e-05, eta: 0:17:17, time: 0.171, data_time: 0.010, memory: 13424, loss_cls: 0.3298, loss_bbox: 0.3259, loss_kps: 0.0000, loss: 0.6557
2026-09-10 12:02:00,286 - mmdet - INFO - Epoch [20][2850/8725]	lr: 1.000e-05, eta: 0:17:08, time: 0.170, data_time: 0.009, memory: 13424, loss_cls: 0.3707, loss_bbox: 0.3884, loss_kps: 0.0000, loss: 0.7591
2026-09-10 12:02:08,817 - mmdet - INFO - Epoch [20][2900/8725]	lr: 1.000e-05, eta: 0:17:00, time: 0.171, data_time: 0.009, memory: 13424, loss_cls: 0.3750, loss_bbox: 0.3684, loss_kps: 0.0000, loss: 0.7435
2026-09-10 12:02:17,350 - mmdet - INFO - Epoch [20][2950/8725]	lr: 1.000e-05, eta: 0:16:51, time: 0.170, data_time: 0.009, memory: 13424, loss_cls: 0.3876, loss_bbox: 0.3747, loss_kps: 0.0000, loss: 0.7623
2026-09-10 12:02:25,896 - mmdet - INFO - Epoch [20][3000/8725]	lr: 1.000e-05, eta: 0:16:42, time: 0.171, data_time: 0.009, memory: 13424, loss_cls: 0.3639, loss_bbox: 0.3659, loss_kps: 0.0000, loss: 0.7298
2026-09-10 12:02:34,629 - mmdet - INFO - Epoch [20][3050/8725]	lr: 1.000e-05, eta: 0:16:33, time: 0.174, data_time: 0.009, memory: 13424, loss_cls: 0.3963, loss_bbox: 0.3851, loss_kps: 0.0000, loss: 0.7814
2026-09-10 12:02:43,169 - mmdet - INFO - Epoch [20][3100/8725]	lr: 1.000e-05, eta: 0:16:24, time: 0.171, data_time: 0.010, memory: 13424, loss_cls: 0.3926, loss_bbox: 0.3719, loss_kps: 0.0000, loss: 0.7645
2026-09-10 12:02:51,928 - mmdet - INFO - Epoch [20][3150/8725]	lr: 1.000e-05, eta: 0:16:16, time: 0.175, data_time: 0.010, memory: 13424, loss_cls: 0.3958, loss_bbox: 0.3815, loss_kps: 0.0000, loss: 0.7772
2026-09-10 12:03:00,454 - mmdet - INFO - Epoch [20][3200/8725]	lr: 1.000e-05, eta: 0:16:07, time: 0.171, data_time: 0.010, memory: 13424, loss_cls: 0.3938, loss_bbox: 0.3739, loss_kps: 0.0000, loss: 0.7677
2026-09-10 12:03:08,993 - mmdet - INFO - Epoch [20][3250/8725]	lr: 1.000e-05, eta: 0:15:58, time: 0.170, data_time: 0.010, memory: 13424, loss_cls: 0.3768, loss_bbox: 0.3735, loss_kps: 0.0000, loss: 0.7503
2026-09-10 12:03:17,579 - mmdet - INFO - Epoch [20][3300/8725]	lr: 1.000e-05, eta: 0:15:49, time: 0.172, data_time: 0.010, memory: 13424, loss_cls: 0.3552, loss_bbox: 0.3657, loss_kps: 0.0000, loss: 0.7209
2026-09-10 12:03:26,187 - mmdet - INFO - Epoch [20][3350/8725]	lr: 1.000e-05, eta: 0:15:41, time: 0.172, data_time: 0.010, memory: 13424, loss_cls: 0.3653, loss_bbox: 0.3562, loss_kps: 0.0000, loss: 0.7215
2026-09-10 12:03:34,662 - mmdet - INFO - Epoch [20][3400/8725]	lr: 1.000e-05, eta: 0:15:32, time: 0.170, data_time: 0.010, memory: 13424, loss_cls: 0.3911, loss_bbox: 0.3774, loss_kps: 0.0000, loss: 0.7685
2026-09-10 12:03:43,173 - mmdet - INFO - Epoch [20][3450/8725]	lr: 1.000e-05, eta: 0:15:23, time: 0.170, data_time: 0.010, memory: 13424, loss_cls: 0.3802, loss_bbox: 0.3748, loss_kps: 0.0000, loss: 0.7550
2026-09-10 12:03:51,819 - mmdet - INFO - Epoch [20][3500/8725]	lr: 1.000e-05, eta: 0:15:14, time: 0.173, data_time: 0.011, memory: 13424, loss_cls: 0.3755, loss_bbox: 0.3622, loss_kps: 0.0000, loss: 0.7377
2026-09-10 12:04:00,421 - mmdet - INFO - Epoch [20][3550/8725]	lr: 1.000e-05, eta: 0:15:06, time: 0.172, data_time: 0.010, memory: 13424, loss_cls: 0.3577, loss_bbox: 0.3631, loss_kps: 0.0000, loss: 0.7209
2026-09-10 12:04:08,992 - mmdet - INFO - Epoch [20][3600/8725]	lr: 1.000e-05, eta: 0:14:57, time: 0.172, data_time: 0.010, memory: 13424, loss_cls: 0.3529, loss_bbox: 0.3623, loss_kps: 0.0000, loss: 0.7152
2026-09-10 12:04:17,502 - mmdet - INFO - Epoch [20][3650/8725]	lr: 1.000e-05, eta: 0:14:48, time: 0.170, data_time: 0.010, memory: 13424, loss_cls: 0.3563, loss_bbox: 0.3582, loss_kps: 0.0000, loss: 0.7145
2026-09-10 12:04:26,003 - mmdet - INFO - Epoch [20][3700/8725]	lr: 1.000e-05, eta: 0:14:39, time: 0.170, data_time: 0.010, memory: 13424, loss_cls: 0.3716, loss_bbox: 0.3695, loss_kps: 0.0000, loss: 0.7411
2026-09-10 12:04:34,534 - mmdet - INFO - Epoch [20][3750/8725]	lr: 1.000e-05, eta: 0:14:31, time: 0.170, data_time: 0.010, memory: 13424, loss_cls: 0.3861, loss_bbox: 0.3853, loss_kps: 0.0000, loss: 0.7714
2026-09-10 12:04:43,059 - mmdet - INFO - Epoch [20][3800/8725]	lr: 1.000e-05, eta: 0:14:22, time: 0.171, data_time: 0.010, memory: 13424, loss_cls: 0.3499, loss_bbox: 0.3423, loss_kps: 0.0000, loss: 0.6922
2026-09-10 12:04:51,596 - mmdet - INFO - Epoch [20][3850/8725]	lr: 1.000e-05, eta: 0:14:13, time: 0.170, data_time: 0.010, memory: 13424, loss_cls: 0.3703, loss_bbox: 0.3722, loss_kps: 0.0000, loss: 0.7425
2026-09-10 12:05:00,102 - mmdet - INFO - Epoch [20][3900/8725]	lr: 1.000e-05, eta: 0:14:04, time: 0.170, data_time: 0.010, memory: 13424, loss_cls: 0.3442, loss_bbox: 0.3678, loss_kps: 0.0000, loss: 0.7120
2026-09-10 12:05:08,635 - mmdet - INFO - Epoch [20][3950/8725]	lr: 1.000e-05, eta: 0:13:56, time: 0.170, data_time: 0.010, memory: 13424, loss_cls: 0.3775, loss_bbox: 0.3735, loss_kps: 0.0000, loss: 0.7510
2026-09-10 12:05:17,257 - mmdet - INFO - Epoch [20][4000/8725]	lr: 1.000e-05, eta: 0:13:47, time: 0.173, data_time: 0.010, memory: 13424, loss_cls: 0.3656, loss_bbox: 0.3680, loss_kps: 0.0000, loss: 0.7336
2026-09-10 12:05:25,842 - mmdet - INFO - Epoch [20][4050/8725]	lr: 1.000e-05, eta: 0:13:38, time: 0.171, data_time: 0.010, memory: 13424, loss_cls: 0.3533, loss_bbox: 0.3907, loss_kps: 0.0000, loss: 0.7440
2026-09-10 12:05:34,399 - mmdet - INFO - Epoch [20][4100/8725]	lr: 1.000e-05, eta: 0:13:29, time: 0.171, data_time: 0.010, memory: 13424, loss_cls: 0.3745, loss_bbox: 0.3484, loss_kps: 0.0000, loss: 0.7229
2026-09-10 12:05:42,974 - mmdet - INFO - Epoch [20][4150/8725]	lr: 1.000e-05, eta: 0:13:21, time: 0.171, data_time: 0.010, memory: 13424, loss_cls: 0.3795, loss_bbox: 0.3779, loss_kps: 0.0000, loss: 0.7574
2026-09-10 12:05:51,475 - mmdet - INFO - Epoch [20][4200/8725]	lr: 1.000e-05, eta: 0:13:12, time: 0.170, data_time: 0.010, memory: 13424, loss_cls: 0.3289, loss_bbox: 0.3584, loss_kps: 0.0000, loss: 0.6873
2026-09-10 12:06:00,069 - mmdet - INFO - Epoch [20][4250/8725]	lr: 1.000e-05, eta: 0:13:03, time: 0.172, data_time: 0.010, memory: 13424, loss_cls: 0.3814, loss_bbox: 0.3740, loss_kps: 0.0000, loss: 0.7554
2026-09-10 12:06:08,581 - mmdet - INFO - Epoch [20][4300/8725]	lr: 1.000e-05, eta: 0:12:54, time: 0.171, data_time: 0.010, memory: 13424, loss_cls: 0.3900, loss_bbox: 0.3905, loss_kps: 0.0000, loss: 0.7806
2026-09-10 12:06:17,118 - mmdet - INFO - Epoch [20][4350/8725]	lr: 1.000e-05, eta: 0:12:45, time: 0.170, data_time: 0.009, memory: 13424, loss_cls: 0.3736, loss_bbox: 0.3588, loss_kps: 0.0000, loss: 0.7324
2026-09-10 12:06:25,628 - mmdet - INFO - Epoch [20][4400/8725]	lr: 1.000e-05, eta: 0:12:37, time: 0.170, data_time: 0.010, memory: 13424, loss_cls: 0.3452, loss_bbox: 0.3567, loss_kps: 0.0000, loss: 0.7019
2026-09-10 12:06:34,123 - mmdet - INFO - Epoch [20][4450/8725]	lr: 1.000e-05, eta: 0:12:28, time: 0.170, data_time: 0.010, memory: 13424, loss_cls: 0.3526, loss_bbox: 0.3549, loss_kps: 0.0000, loss: 0.7075
2026-09-10 12:06:42,650 - mmdet - INFO - Epoch [20][4500/8725]	lr: 1.000e-05, eta: 0:12:19, time: 0.171, data_time: 0.009, memory: 13424, loss_cls: 0.3590, loss_bbox: 0.3576, loss_kps: 0.0000, loss: 0.7166
2026-09-10 12:06:51,176 - mmdet - INFO - Epoch [20][4550/8725]	lr: 1.000e-05, eta: 0:12:10, time: 0.170, data_time: 0.010, memory: 13424, loss_cls: 0.3925, loss_bbox: 0.3985, loss_kps: 0.0000, loss: 0.7910
2026-09-10 12:06:59,721 - mmdet - INFO - Epoch [20][4600/8725]	lr: 1.000e-05, eta: 0:12:02, time: 0.171, data_time: 0.011, memory: 13424, loss_cls: 0.3845, loss_bbox: 0.3687, loss_kps: 0.0000, loss: 0.7532
2026-09-10 12:07:08,233 - mmdet - INFO - Epoch [20][4650/8725]	lr: 1.000e-05, eta: 0:11:53, time: 0.170, data_time: 0.009, memory: 13424, loss_cls: 0.3881, loss_bbox: 0.3570, loss_kps: 0.0000, loss: 0.7451
2026-09-10 12:07:16,741 - mmdet - INFO - Epoch [20][4700/8725]	lr: 1.000e-05, eta: 0:11:44, time: 0.170, data_time: 0.009, memory: 13424, loss_cls: 0.3977, loss_bbox: 0.3667, loss_kps: 0.0000, loss: 0.7644
2026-09-10 12:07:25,308 - mmdet - INFO - Epoch [20][4750/8725]	lr: 1.000e-05, eta: 0:11:35, time: 0.171, data_time: 0.010, memory: 13424, loss_cls: 0.3739, loss_bbox: 0.3769, loss_kps: 0.0000, loss: 0.7508
2026-09-10 12:07:34,085 - mmdet - INFO - Epoch [20][4800/8725]	lr: 1.000e-05, eta: 0:11:27, time: 0.176, data_time: 0.010, memory: 13424, loss_cls: 0.3811, loss_bbox: 0.3547, loss_kps: 0.0000, loss: 0.7358
2026-09-10 12:07:42,589 - mmdet - INFO - Epoch [20][4850/8725]	lr: 1.000e-05, eta: 0:11:18, time: 0.170, data_time: 0.009, memory: 13424, loss_cls: 0.3893, loss_bbox: 0.3552, loss_kps: 0.0000, loss: 0.7446
2026-09-10 12:07:51,077 - mmdet - INFO - Epoch [20][4900/8725]	lr: 1.000e-05, eta: 0:11:09, time: 0.170, data_time: 0.010, memory: 13424, loss_cls: 0.3635, loss_bbox: 0.3712, loss_kps: 0.0000, loss: 0.7347
2026-09-10 12:07:59,539 - mmdet - INFO - Epoch [20][4950/8725]	lr: 1.000e-05, eta: 0:11:00, time: 0.169, data_time: 0.009, memory: 13424, loss_cls: 0.3445, loss_bbox: 0.3489, loss_kps: 0.0000, loss: 0.6934
2026-09-10 12:08:08,085 - mmdet - INFO - Epoch [20][5000/8725]	lr: 1.000e-05, eta: 0:10:52, time: 0.171, data_time: 0.010, memory: 13424, loss_cls: 0.3535, loss_bbox: 0.3598, loss_kps: 0.0000, loss: 0.7133
2026-09-10 12:08:16,585 - mmdet - INFO - Epoch [20][5050/8725]	lr: 1.000e-05, eta: 0:10:43, time: 0.170, data_time: 0.009, memory: 13424, loss_cls: 0.3617, loss_bbox: 0.3690, loss_kps: 0.0000, loss: 0.7307
2026-09-10 12:08:25,123 - mmdet - INFO - Epoch [20][5100/8725]	lr: 1.000e-05, eta: 0:10:34, time: 0.171, data_time: 0.010, memory: 13424, loss_cls: 0.3811, loss_bbox: 0.3737, loss_kps: 0.0000, loss: 0.7548
2026-09-10 12:08:33,681 - mmdet - INFO - Epoch [20][5150/8725]	lr: 1.000e-05, eta: 0:10:25, time: 0.171, data_time: 0.009, memory: 13424, loss_cls: 0.3432, loss_bbox: 0.3650, loss_kps: 0.0000, loss: 0.7082
2026-09-10 12:08:42,236 - mmdet - INFO - Epoch [20][5200/8725]	lr: 1.000e-05, eta: 0:10:17, time: 0.171, data_time: 0.010, memory: 13424, loss_cls: 0.3765, loss_bbox: 0.3758, loss_kps: 0.0000, loss: 0.7523
2026-09-10 12:08:50,800 - mmdet - INFO - Epoch [20][5250/8725]	lr: 1.000e-05, eta: 0:10:08, time: 0.171, data_time: 0.010, memory: 13424, loss_cls: 0.3995, loss_bbox: 0.3943, loss_kps: 0.0000, loss: 0.7938
2026-09-10 12:08:59,346 - mmdet - INFO - Epoch [20][5300/8725]	lr: 1.000e-05, eta: 0:09:59, time: 0.171, data_time: 0.011, memory: 13424, loss_cls: 0.3616, loss_bbox: 0.3533, loss_kps: 0.0000, loss: 0.7150
2026-09-10 12:09:07,854 - mmdet - INFO - Epoch [20][5350/8725]	lr: 1.000e-05, eta: 0:09:50, time: 0.170, data_time: 0.010, memory: 13424, loss_cls: 0.3495, loss_bbox: 0.3510, loss_kps: 0.0000, loss: 0.7005
2026-09-10 12:09:16,374 - mmdet - INFO - Epoch [20][5400/8725]	lr: 1.000e-05, eta: 0:09:42, time: 0.171, data_time: 0.009, memory: 13424, loss_cls: 0.3425, loss_bbox: 0.3731, loss_kps: 0.0000, loss: 0.7156
2026-09-10 12:09:24,880 - mmdet - INFO - Epoch [20][5450/8725]	lr: 1.000e-05, eta: 0:09:33, time: 0.170, data_time: 0.009, memory: 13424, loss_cls: 0.3584, loss_bbox: 0.3594, loss_kps: 0.0000, loss: 0.7178
2026-09-10 12:09:33,416 - mmdet - INFO - Epoch [20][5500/8725]	lr: 1.000e-05, eta: 0:09:24, time: 0.171, data_time: 0.010, memory: 13424, loss_cls: 0.3496, loss_bbox: 0.3719, loss_kps: 0.0000, loss: 0.7215
2026-09-10 12:09:42,017 - mmdet - INFO - Epoch [20][5550/8725]	lr: 1.000e-05, eta: 0:09:15, time: 0.172, data_time: 0.009, memory: 13424, loss_cls: 0.3704, loss_bbox: 0.3794, loss_kps: 0.0000, loss: 0.7498
2026-09-10 12:09:50,505 - mmdet - INFO - Epoch [20][5600/8725]	lr: 1.000e-05, eta: 0:09:07, time: 0.170, data_time: 0.010, memory: 13424, loss_cls: 0.3628, loss_bbox: 0.3764, loss_kps: 0.0000, loss: 0.7393
2026-09-10 12:09:59,074 - mmdet - INFO - Epoch [20][5650/8725]	lr: 1.000e-05, eta: 0:08:58, time: 0.171, data_time: 0.009, memory: 13424, loss_cls: 0.3698, loss_bbox: 0.3671, loss_kps: 0.0000, loss: 0.7369
2026-09-10 12:10:07,614 - mmdet - INFO - Epoch [20][5700/8725]	lr: 1.000e-05, eta: 0:08:49, time: 0.171, data_time: 0.011, memory: 13424, loss_cls: 0.3585, loss_bbox: 0.3555, loss_kps: 0.0000, loss: 0.7141
2026-09-10 12:10:16,410 - mmdet - INFO - Epoch [20][5750/8725]	lr: 1.000e-05, eta: 0:08:40, time: 0.176, data_time: 0.010, memory: 13424, loss_cls: 0.3515, loss_bbox: 0.3786, loss_kps: 0.0000, loss: 0.7300
2026-09-10 12:10:24,941 - mmdet - INFO - Epoch [20][5800/8725]	lr: 1.000e-05, eta: 0:08:31, time: 0.171, data_time: 0.010, memory: 13424, loss_cls: 0.3629, loss_bbox: 0.3673, loss_kps: 0.0000, loss: 0.7302
2026-09-10 12:10:33,488 - mmdet - INFO - Epoch [20][5850/8725]	lr: 1.000e-05, eta: 0:08:23, time: 0.171, data_time: 0.010, memory: 13424, loss_cls: 0.3630, loss_bbox: 0.3607, loss_kps: 0.0000, loss: 0.7237
2026-09-10 12:10:42,066 - mmdet - INFO - Epoch [20][5900/8725]	lr: 1.000e-05, eta: 0:08:14, time: 0.172, data_time: 0.011, memory: 13424, loss_cls: 0.3907, loss_bbox: 0.3734, loss_kps: 0.0000, loss: 0.7640
2026-09-10 12:10:50,638 - mmdet - INFO - Epoch [20][5950/8725]	lr: 1.000e-05, eta: 0:08:05, time: 0.171, data_time: 0.011, memory: 13424, loss_cls: 0.3555, loss_bbox: 0.3691, loss_kps: 0.0000, loss: 0.7246
2026-09-10 12:10:59,190 - mmdet - INFO - Epoch [20][6000/8725]	lr: 1.000e-05, eta: 0:07:56, time: 0.171, data_time: 0.011, memory: 13424, loss_cls: 0.3480, loss_bbox: 0.3530, loss_kps: 0.0000, loss: 0.7011
2026-09-10 12:11:07,738 - mmdet - INFO - Epoch [20][6050/8725]	lr: 1.000e-05, eta: 0:07:48, time: 0.171, data_time: 0.011, memory: 13424, loss_cls: 0.3491, loss_bbox: 0.3775, loss_kps: 0.0000, loss: 0.7267
2026-09-10 12:11:16,234 - mmdet - INFO - Epoch [20][6100/8725]	lr: 1.000e-05, eta: 0:07:39, time: 0.170, data_time: 0.010, memory: 13424, loss_cls: 0.3470, loss_bbox: 0.3733, loss_kps: 0.0000, loss: 0.7203
2026-09-10 12:11:24,727 - mmdet - INFO - Epoch [20][6150/8725]	lr: 1.000e-05, eta: 0:07:30, time: 0.170, data_time: 0.010, memory: 13424, loss_cls: 0.3659, loss_bbox: 0.3699, loss_kps: 0.0000, loss: 0.7358
2026-09-10 12:11:33,244 - mmdet - INFO - Epoch [20][6200/8725]	lr: 1.000e-05, eta: 0:07:21, time: 0.171, data_time: 0.010, memory: 13424, loss_cls: 0.3671, loss_bbox: 0.3649, loss_kps: 0.0000, loss: 0.7320
2026-09-10 12:11:41,850 - mmdet - INFO - Epoch [20][6250/8725]	lr: 1.000e-05, eta: 0:07:13, time: 0.172, data_time: 0.010, memory: 13424, loss_cls: 0.4011, loss_bbox: 0.3943, loss_kps: 0.0000, loss: 0.7954
2026-09-10 12:11:50,357 - mmdet - INFO - Epoch [20][6300/8725]	lr: 1.000e-05, eta: 0:07:04, time: 0.170, data_time: 0.010, memory: 13424, loss_cls: 0.3457, loss_bbox: 0.3763, loss_kps: 0.0000, loss: 0.7220
2026-09-10 12:11:58,861 - mmdet - INFO - Epoch [20][6350/8725]	lr: 1.000e-05, eta: 0:06:55, time: 0.170, data_time: 0.010, memory: 13424, loss_cls: 0.3803, loss_bbox: 0.3634, loss_kps: 0.0000, loss: 0.7437
2026-09-10 12:12:07,396 - mmdet - INFO - Epoch [20][6400/8725]	lr: 1.000e-05, eta: 0:06:46, time: 0.171, data_time: 0.011, memory: 13424, loss_cls: 0.3795, loss_bbox: 0.3696, loss_kps: 0.0000, loss: 0.7491
2026-09-10 12:12:15,908 - mmdet - INFO - Epoch [20][6450/8725]	lr: 1.000e-05, eta: 0:06:38, time: 0.170, data_time: 0.010, memory: 13424, loss_cls: 0.3813, loss_bbox: 0.3862, loss_kps: 0.0000, loss: 0.7675
2026-09-10 12:12:24,486 - mmdet - INFO - Epoch [20][6500/8725]	lr: 1.000e-05, eta: 0:06:29, time: 0.172, data_time: 0.011, memory: 13424, loss_cls: 0.3600, loss_bbox: 0.3706, loss_kps: 0.0000, loss: 0.7306
2026-09-10 12:12:33,045 - mmdet - INFO - Epoch [20][6550/8725]	lr: 1.000e-05, eta: 0:06:20, time: 0.171, data_time: 0.010, memory: 13424, loss_cls: 0.3671, loss_bbox: 0.3587, loss_kps: 0.0000, loss: 0.7258
2026-09-10 12:12:41,593 - mmdet - INFO - Epoch [20][6600/8725]	lr: 1.000e-05, eta: 0:06:11, time: 0.171, data_time: 0.010, memory: 13424, loss_cls: 0.3945, loss_bbox: 0.3769, loss_kps: 0.0000, loss: 0.7714
2026-09-10 12:12:50,200 - mmdet - INFO - Epoch [20][6650/8725]	lr: 1.000e-05, eta: 0:06:03, time: 0.172, data_time: 0.011, memory: 13424, loss_cls: 0.3999, loss_bbox: 0.3800, loss_kps: 0.0000, loss: 0.7800
2026-09-10 12:12:58,794 - mmdet - INFO - Epoch [20][6700/8725]	lr: 1.000e-05, eta: 0:05:54, time: 0.172, data_time: 0.011, memory: 13424, loss_cls: 0.3863, loss_bbox: 0.3811, loss_kps: 0.0000, loss: 0.7674
2026-09-10 12:13:07,311 - mmdet - INFO - Epoch [20][6750/8725]	lr: 1.000e-05, eta: 0:05:45, time: 0.170, data_time: 0.011, memory: 13424, loss_cls: 0.3514, loss_bbox: 0.3636, loss_kps: 0.0000, loss: 0.7151
2026-09-10 12:13:15,851 - mmdet - INFO - Epoch [20][6800/8725]	lr: 1.000e-05, eta: 0:05:36, time: 0.171, data_time: 0.010, memory: 13424, loss_cls: 0.3426, loss_bbox: 0.3715, loss_kps: 0.0000, loss: 0.7141
2026-09-10 12:13:24,440 - mmdet - INFO - Epoch [20][6850/8725]	lr: 1.000e-05, eta: 0:05:28, time: 0.172, data_time: 0.010, memory: 13424, loss_cls: 0.3654, loss_bbox: 0.3743, loss_kps: 0.0000, loss: 0.7397
2026-09-10 12:13:32,975 - mmdet - INFO - Epoch [20][6900/8725]	lr: 1.000e-05, eta: 0:05:19, time: 0.171, data_time: 0.010, memory: 13424, loss_cls: 0.3644, loss_bbox: 0.3649, loss_kps: 0.0000, loss: 0.7292
2026-09-10 12:13:41,466 - mmdet - INFO - Epoch [20][6950/8725]	lr: 1.000e-05, eta: 0:05:10, time: 0.170, data_time: 0.010, memory: 13424, loss_cls: 0.4002, loss_bbox: 0.3630, loss_kps: 0.0000, loss: 0.7631
2026-09-10 12:13:50,030 - mmdet - INFO - Epoch [20][7000/8725]	lr: 1.000e-05, eta: 0:05:01, time: 0.172, data_time: 0.010, memory: 13424, loss_cls: 0.3539, loss_bbox: 0.3843, loss_kps: 0.0000, loss: 0.7382
2026-09-10 12:13:58,553 - mmdet - INFO - Epoch [20][7050/8725]	lr: 1.000e-05, eta: 0:04:53, time: 0.170, data_time: 0.010, memory: 13424, loss_cls: 0.3584, loss_bbox: 0.3480, loss_kps: 0.0000, loss: 0.7064
2026-09-10 12:14:07,127 - mmdet - INFO - Epoch [20][7100/8725]	lr: 1.000e-05, eta: 0:04:44, time: 0.172, data_time: 0.011, memory: 13424, loss_cls: 0.3681, loss_bbox: 0.3488, loss_kps: 0.0000, loss: 0.7169
2026-09-10 12:14:15,617 - mmdet - INFO - Epoch [20][7150/8725]	lr: 1.000e-05, eta: 0:04:35, time: 0.169, data_time: 0.010, memory: 13424, loss_cls: 0.3855, loss_bbox: 0.3798, loss_kps: 0.0000, loss: 0.7653
2026-09-10 12:14:24,108 - mmdet - INFO - Epoch [20][7200/8725]	lr: 1.000e-05, eta: 0:04:26, time: 0.170, data_time: 0.010, memory: 13424, loss_cls: 0.3782, loss_bbox: 0.3673, loss_kps: 0.0000, loss: 0.7455
2026-09-10 12:14:32,621 - mmdet - INFO - Epoch [20][7250/8725]	lr: 1.000e-05, eta: 0:04:18, time: 0.170, data_time: 0.010, memory: 13424, loss_cls: 0.3599, loss_bbox: 0.3850, loss_kps: 0.0000, loss: 0.7449
2026-09-10 12:14:41,128 - mmdet - INFO - Epoch [20][7300/8725]	lr: 1.000e-05, eta: 0:04:09, time: 0.170, data_time: 0.010, memory: 13424, loss_cls: 0.3884, loss_bbox: 0.3909, loss_kps: 0.0000, loss: 0.7793
2026-09-10 12:14:49,658 - mmdet - INFO - Epoch [20][7350/8725]	lr: 1.000e-05, eta: 0:04:00, time: 0.170, data_time: 0.010, memory: 13424, loss_cls: 0.3554, loss_bbox: 0.3865, loss_kps: 0.0000, loss: 0.7419
2026-09-10 12:14:58,200 - mmdet - INFO - Epoch [20][7400/8725]	lr: 1.000e-05, eta: 0:03:51, time: 0.171, data_time: 0.011, memory: 13424, loss_cls: 0.3889, loss_bbox: 0.3808, loss_kps: 0.0000, loss: 0.7697
2026-09-10 12:15:06,685 - mmdet - INFO - Epoch [20][7450/8725]	lr: 1.000e-05, eta: 0:03:43, time: 0.169, data_time: 0.010, memory: 13424, loss_cls: 0.3894, loss_bbox: 0.3781, loss_kps: 0.0000, loss: 0.7675
2026-09-10 12:15:15,185 - mmdet - INFO - Epoch [20][7500/8725]	lr: 1.000e-05, eta: 0:03:34, time: 0.170, data_time: 0.010, memory: 13424, loss_cls: 0.3679, loss_bbox: 0.3741, loss_kps: 0.0000, loss: 0.7420
2026-09-10 12:15:23,727 - mmdet - INFO - Epoch [20][7550/8725]	lr: 1.000e-05, eta: 0:03:25, time: 0.171, data_time: 0.010, memory: 13424, loss_cls: 0.3558, loss_bbox: 0.3724, loss_kps: 0.0000, loss: 0.7283
2026-09-10 12:15:32,170 - mmdet - INFO - Epoch [20][7600/8725]	lr: 1.000e-05, eta: 0:03:16, time: 0.169, data_time: 0.010, memory: 13424, loss_cls: 0.3573, loss_bbox: 0.3607, loss_kps: 0.0000, loss: 0.7180
2026-09-10 12:15:40,685 - mmdet - INFO - Epoch [20][7650/8725]	lr: 1.000e-05, eta: 0:03:08, time: 0.170, data_time: 0.010, memory: 13424, loss_cls: 0.3897, loss_bbox: 0.3629, loss_kps: 0.0000, loss: 0.7526
2026-09-10 12:15:49,256 - mmdet - INFO - Epoch [20][7700/8725]	lr: 1.000e-05, eta: 0:02:59, time: 0.172, data_time: 0.011, memory: 13424, loss_cls: 0.4123, loss_bbox: 0.3690, loss_kps: 0.0000, loss: 0.7812
2026-09-10 12:15:57,735 - mmdet - INFO - Epoch [20][7750/8725]	lr: 1.000e-05, eta: 0:02:50, time: 0.169, data_time: 0.010, memory: 13424, loss_cls: 0.3359, loss_bbox: 0.3617, loss_kps: 0.0000, loss: 0.6976
2026-09-10 12:16:06,324 - mmdet - INFO - Epoch [20][7800/8725]	lr: 1.000e-05, eta: 0:02:41, time: 0.172, data_time: 0.011, memory: 13424, loss_cls: 0.3539, loss_bbox: 0.3620, loss_kps: 0.0000, loss: 0.7159
2026-09-10 12:16:14,865 - mmdet - INFO - Epoch [20][7850/8725]	lr: 1.000e-05, eta: 0:02:33, time: 0.171, data_time: 0.010, memory: 13424, loss_cls: 0.3632, loss_bbox: 0.3501, loss_kps: 0.0000, loss: 0.7133
2026-09-10 12:16:23,463 - mmdet - INFO - Epoch [20][7900/8725]	lr: 1.000e-05, eta: 0:02:24, time: 0.172, data_time: 0.011, memory: 13424, loss_cls: 0.3707, loss_bbox: 0.3713, loss_kps: 0.0000, loss: 0.7420
2026-09-10 12:16:32,001 - mmdet - INFO - Epoch [20][7950/8725]	lr: 1.000e-05, eta: 0:02:15, time: 0.170, data_time: 0.010, memory: 13424, loss_cls: 0.3715, loss_bbox: 0.3810, loss_kps: 0.0000, loss: 0.7525
2026-09-10 12:16:40,505 - mmdet - INFO - Epoch [20][8000/8725]	lr: 1.000e-05, eta: 0:02:06, time: 0.170, data_time: 0.011, memory: 13424, loss_cls: 0.3847, loss_bbox: 0.3477, loss_kps: 0.0000, loss: 0.7324
2026-09-10 12:16:49,063 - mmdet - INFO - Epoch [20][8050/8725]	lr: 1.000e-05, eta: 0:01:58, time: 0.171, data_time: 0.010, memory: 13424, loss_cls: 0.3609, loss_bbox: 0.3746, loss_kps: 0.0000, loss: 0.7355
2026-09-10 12:16:57,631 - mmdet - INFO - Epoch [20][8100/8725]	lr: 1.000e-05, eta: 0:01:49, time: 0.172, data_time: 0.011, memory: 13424, loss_cls: 0.3870, loss_bbox: 0.3758, loss_kps: 0.0000, loss: 0.7628
2026-09-10 12:17:06,179 - mmdet - INFO - Epoch [20][8150/8725]	lr: 1.000e-05, eta: 0:01:40, time: 0.171, data_time: 0.011, memory: 13424, loss_cls: 0.3942, loss_bbox: 0.3651, loss_kps: 0.0000, loss: 0.7594
2026-09-10 12:17:14,718 - mmdet - INFO - Epoch [20][8200/8725]	lr: 1.000e-05, eta: 0:01:31, time: 0.171, data_time: 0.011, memory: 13424, loss_cls: 0.3561, loss_bbox: 0.3655, loss_kps: 0.0000, loss: 0.7216
2026-09-10 12:17:23,253 - mmdet - INFO - Epoch [20][8250/8725]	lr: 1.000e-05, eta: 0:01:23, time: 0.170, data_time: 0.011, memory: 13424, loss_cls: 0.3694, loss_bbox: 0.3610, loss_kps: 0.0000, loss: 0.7304
2026-09-10 12:17:31,781 - mmdet - INFO - Epoch [20][8300/8725]	lr: 1.000e-05, eta: 0:01:14, time: 0.171, data_time: 0.011, memory: 13424, loss_cls: 0.4007, loss_bbox: 0.3798, loss_kps: 0.0000, loss: 0.7805
2026-09-10 12:17:40,359 - mmdet - INFO - Epoch [20][8350/8725]	lr: 1.000e-05, eta: 0:01:05, time: 0.171, data_time: 0.011, memory: 13424, loss_cls: 0.3617, loss_bbox: 0.3660, loss_kps: 0.0000, loss: 0.7278
2026-09-10 12:17:49,008 - mmdet - INFO - Epoch [20][8400/8725]	lr: 1.000e-05, eta: 0:00:56, time: 0.173, data_time: 0.011, memory: 13424, loss_cls: 0.3642, loss_bbox: 0.3714, loss_kps: 0.0000, loss: 0.7356
2026-09-10 12:17:57,649 - mmdet - INFO - Epoch [20][8450/8725]	lr: 1.000e-05, eta: 0:00:48, time: 0.173, data_time: 0.010, memory: 13424, loss_cls: 0.4240, loss_bbox: 0.3830, loss_kps: 0.0000, loss: 0.8070
2026-09-10 12:18:06,166 - mmdet - INFO - Epoch [20][8500/8725]	lr: 1.000e-05, eta: 0:00:39, time: 0.171, data_time: 0.010, memory: 13424, loss_cls: 0.3610, loss_bbox: 0.3754, loss_kps: 0.0000, loss: 0.7364
2026-09-10 12:18:14,724 - mmdet - INFO - Epoch [20][8550/8725]	lr: 1.000e-05, eta: 0:00:30, time: 0.171, data_time: 0.011, memory: 13424, loss_cls: 0.3714, loss_bbox: 0.3817, loss_kps: 0.0000, loss: 0.7531
2026-09-10 12:18:23,241 - mmdet - INFO - Epoch [20][8600/8725]	lr: 1.000e-05, eta: 0:00:21, time: 0.171, data_time: 0.010, memory: 13424, loss_cls: 0.3548, loss_bbox: 0.3644, loss_kps: 0.0000, loss: 0.7192
2026-09-10 12:18:31,747 - mmdet - INFO - Epoch [20][8650/8725]	lr: 1.000e-05, eta: 0:00:13, time: 0.170, data_time: 0.010, memory: 13424, loss_cls: 0.4120, loss_bbox: 0.3648, loss_kps: 0.0000, loss: 0.7767
2026-09-10 12:18:40,233 - mmdet - INFO - Epoch [20][8700/8725]	lr: 1.000e-05, eta: 0:00:04, time: 0.170, data_time: 0.010, memory: 13424, loss_cls: 0.3531, loss_bbox: 0.3696, loss_kps: 0.0000, loss: 0.7227
2026-09-10 12:18:44,545 - mmdet - INFO - Saving checkpoint at 20 epochs
