image,reviewed
20260414_060914_NVZEQS_c000_right_f000472.jpg,1
20260414_060914_NVZEQS_c000_right_f002332.jpg,1
20260414_060914_NVZEQS_c000_right_f002797.jpg,1
20260418_072746_FZXEJB_c002_left_f000689.jpg,1
20260418_072746_FZXEJB_c002_right_f002332.jpg,1
20260419_005122_WRTECC_c018_left_f000689.jpg,1
20260419_005122_WRTECC_c018_right_f002332.jpg,1
20260419_060338_DXGPGB_c001_left_f000100.jpg,1
20260419_060338_DXGPGB_c001_right_f006983.jpg,1
20260421_023212_PWUXWJ_c003_right_f001402.jpg,1
20260421_023212_PWUXWJ_c003_right_f005123.jpg,1
20260421_064747_PFAFGA_c000_left_f000100.jpg,1
20260421_064747_PFAFGA_c000_right_f004193.jpg,1
20260422_042300_BRWERV_c009_right_f006983.jpg,1
20260422_045711_UACKCF_c014_left_f005588.jpg,1
20260423_060809_LTRXVW_c000_left_f000224.jpg,1
20260423_060809_LTRXVW_c000_left_f002549.jpg,1
20260423_060809_LTRXVW_c000_right_f001402.jpg,1
20260423_060809_LTRXVW_c000_right_f003262.jpg,1
20260423_060809_LTRXVW_c000_right_f006983.jpg,1
20260424_035951_FWKHFG_c000_right_f006518.jpg,1
20260424_035951_FWKHFG_c000_right_f006983.jpg,1
20260424_074719_PCFGJY_c001_left_f000100.jpg,1
20260424_074719_PCFGJY_c001_left_f005340.jpg,1
20260424_074719_PCFGJY_c001_right_f001402.jpg,1
20260424_074719_PCFGJY_c001_right_f003262.jpg,1
20260424_090839_PFEMER_c003_left_f000224.jpg,1
20260424_090839_PFEMER_c003_left_f001619.jpg,1
20260424_090839_PFEMER_c003_left_f005588.jpg,1
20260425_005841_NRMTLX_c003_left_f005340.jpg,1
20260425_005841_NRMTLX_c003_right_f004658.jpg,1
20260427_024905_XPREGS_c000_right_f001402.jpg,1
20260427_051357_XKCMHL_c007_right_f004658.jpg,1
20260427_051357_XKCMHL_c007_right_f006983.jpg,1
20260427_053852_ZQNRXB_c000_right_f001402.jpg,1
20260427_064937_DPMRBC_c001_left_f000100.jpg,1
20260427_064937_DPMRBC_c001_left_f002549.jpg,1
20260427_064937_DPMRBC_c001_right_f003262.jpg,1
20260427_064937_DPMRBC_c001_right_f006983.jpg,1
20260427_084539_ZLQSLX_c000_left_f000689.jpg,1
20260427_084539_ZLQSLX_c000_left_f004410.jpg,1
20260427_084539_ZLQSLX_c000_right_f000937.jpg,1
20260427_084539_ZLQSLX_c000_right_f006053.jpg,1
20260427_084539_ZLQSLX_c000_right_f006518.jpg,1
20260427_090831_FQYQUB_c000_right_f002332.jpg,1
20260427_090831_FQYQUB_c000_right_f004193.jpg,1
20260427_092850_WMYBSB_c000_left_f000100.jpg,1
20260427_094427_FWQUBD_c000_left_f003479.jpg,1
20260427_094427_FWQUBD_c000_right_f003262.jpg,1
20260428_031441_NTZRTR_c012_right_f000937.jpg,1
20260428_031441_NTZRTR_c012_right_f006983.jpg,1
20260428_084657_HVSWAX_c001_left_f000689.jpg,1
20260428_084657_HVSWAX_c001_right_f000472.jpg,1
20260428_093827_ZLEEWL_c000_left_f005340.jpg,1
20260428_093827_ZLEEWL_c000_right_f002332.jpg,1
20260429_054031_SAQLXK_c022_left_f003728.jpg,1
20260429_054031_SAQLXK_c022_left_f004410.jpg,1
20260429_054031_SAQLXK_c022_right_f003262.jpg,1
20260429_054031_SAQLXK_c022_right_f004658.jpg,1
20260504_083933_KKJJUY_c004_left_f002549.jpg,1
20260506_052652_MKFGLL_c000_right_f003262.jpg,1
20260506_052652_MKFGLL_c000_right_f004658.jpg,1
20260506_052652_MKFGLL_c000_right_f006983.jpg,1
20260506_055438_UMXQJP_c009_left_f004410.jpg,1
20260506_055438_UMXQJP_c009_right_f000937.jpg,1
20260506_055438_UMXQJP_c009_right_f002332.jpg,1
20260506_055438_UMXQJP_c009_right_f005123.jpg,1
20260506_064805_SYNMQU_c005_left_f000100.jpg,1
20260506_064805_SYNMQU_c005_left_f000689.jpg,1
20260508_025124_WJCAZX_c005_right_f006053.jpg,1
20260508_034252_VQYLXF_c004_left_f003728.jpg,1
20260508_034252_VQYLXF_c004_right_f000472.jpg,1
20260508_055233_HZVDKF_c003_left_f003479.jpg,1
20260508_055233_HZVDKF_c003_right_f000937.jpg,1
20260508_055233_HZVDKF_c003_right_f004658.jpg,1
20260508_073940_PTDYMF_c002_left_f005588.jpg,1
20260509_011553_WLAYGU_c008_right_f003262.jpg,1
20260509_030242_BSHZYH_c005_left_f002549.jpg,1
20260509_030242_BSHZYH_c005_right_f001402.jpg,1
20260509_052755_RVREDS_c008_right_f006983.jpg,1
20260509_071826_NKYWFT_c006_left_f003728.jpg,1
20260510_032509_MYQDWV_c003_right_f002797.jpg,1
20260510_032509_MYQDWV_c003_right_f004658.jpg,1
20260510_032509_MYQDWV_c003_right_f006518.jpg,1
20260510_032636_NEVHUL_c003_left_f005340.jpg,1
20260510_032636_NEVHUL_c003_left_f005588.jpg,1
20260510_032636_NEVHUL_c003_right_f001402.jpg,1
20260510_032636_NEVHUL_c003_right_f003262.jpg,1
20260510_032636_NEVHUL_c003_right_f006983.jpg,1
20260510_064402_VUSXNJ_c003_right_f005123.jpg,1
20260510_071953_LGGBSL_c003_left_f000224.jpg,1
20260510_071953_LGGBSL_c003_right_f000937.jpg,1
20260510_071953_LGGBSL_c003_right_f002797.jpg,1
20260510_071953_LGGBSL_c003_right_f003262.jpg,1
20260510_080431_TMRAAJ_c015_left_f004410.jpg,1
20260510_080431_TMRAAJ_c015_right_f000472.jpg,1
20260510_080431_TMRAAJ_c015_right_f005123.jpg,1
20260510_080431_TMRAAJ_c015_right_f006518.jpg,1
20260511_051356_VASAZA_c006_left_f003479.jpg,1
20260511_051356_VASAZA_c006_right_f002797.jpg,1
20260511_055043_SNCFEQ_c001_right_f003262.jpg,1
20260511_062908_AYSPBS_c006_right_f005123.jpg,1
20260511_085934_KMUVSX_c005_left_f000689.jpg,1
20260512_001502_YEKAQG_c006_left_f002549.jpg,1
20260512_001502_YEKAQG_c006_right_f000472.jpg,1
20260512_001502_YEKAQG_c006_right_f006053.jpg,1
20260512_001502_YEKAQG_c006_right_f006518.jpg,1
20260512_003402_DYXNVB_c029_left_f000224.jpg,1
20260512_003402_DYXNVB_c029_right_f000937.jpg,1
20260512_003402_DYXNVB_c029_right_f005123.jpg,1
20260512_003402_DYXNVB_c029_right_f006053.jpg,1
20260512_012735_EWBWGH_c023_left_f000689.jpg,1
20260512_012735_EWBWGH_c023_right_f002797.jpg,1
20260512_023700_TTWGRQ_c006_left_f000689.jpg,1
20260512_023700_TTWGRQ_c006_left_f005340.jpg,1
20260512_023700_TTWGRQ_c006_right_f002332.jpg,1
20260512_023700_TTWGRQ_c006_right_f006053.jpg,1
20260512_023700_TTWGRQ_c006_right_f006983.jpg,1
20260512_032555_EDQUTM_c002_left_f003728.jpg,1
20260512_032555_EDQUTM_c002_left_f004410.jpg,1
20260512_032555_EDQUTM_c002_left_f005340.jpg,1
20260512_032555_EDQUTM_c002_right_f003262.jpg,1
20260512_032555_EDQUTM_c002_right_f006518.jpg,1
20260512_050824_VLKSNY_c004_left_f002549.jpg,1
20260512_052421_QSUMFS_c000_right_f004193.jpg,1
20260512_052421_QSUMFS_c000_right_f004658.jpg,1
20260512_052421_QSUMFS_c000_right_f006053.jpg,1
20260512_053908_QGAMCQ_c038_left_f000100.jpg,1
20260512_053908_QGAMCQ_c038_left_f000689.jpg,1
20260512_080147_QDBFLK_c017_right_f005123.jpg,1
20260512_081658_TGYZLP_c014_left_f003479.jpg,1
20260512_081658_TGYZLP_c014_right_f000937.jpg,1
20260512_090916_WMWBED_c001_left_f001619.jpg,1
20260512_090916_WMWBED_c001_right_f001402.jpg,1
20260513_003748_TCHMMB_c027_left_f000100.jpg,1
20260513_003748_TCHMMB_c027_left_f001619.jpg,1
20260513_003748_TCHMMB_c027_right_f001402.jpg,1
20260513_051844_CZYTZB_c009_left_f000689.jpg,1
20260513_051844_CZYTZB_c009_left_f002549.jpg,1
20260513_051844_CZYTZB_c009_left_f003479.jpg,1
20260513_051844_CZYTZB_c009_right_f003262.jpg,1
20260513_055644_MGQFNF_c032_left_f001867.jpg,1
20260513_055644_MGQFNF_c032_left_f002549.jpg,1
20260513_055644_MGQFNF_c032_left_f005588.jpg,1
20260513_055644_MGQFNF_c032_right_f005123.jpg,1
20260513_073019_HABNNU_c006_left_f000286.jpg,1
20260513_073019_HABNNU_c006_left_f003728.jpg,1
20260513_073019_HABNNU_c006_left_f005340.jpg,1
20260513_073019_HABNNU_c006_right_f000472.jpg,1
20260513_073019_HABNNU_c006_right_f006518.jpg,1
20260513_082737_TSBVFB_c012_left_f001867.jpg,1
20260513_082737_TSBVFB_c012_right_f006518.jpg,1
20260513_091929_UMWVHT_c003_left_f001867.jpg,1
20260513_091929_UMWVHT_c003_left_f002549.jpg,1
20260514_003633_FUKJHV_c006_left_f001619.jpg,1
20260514_003633_FUKJHV_c006_left_f002549.jpg,1
20260514_003633_FUKJHV_c006_left_f003479.jpg,1
20260514_003633_FUKJHV_c006_right_f000937.jpg,1
20260514_003633_FUKJHV_c006_right_f002332.jpg,1
20260514_003913_CARPNV_c010_right_f006983.jpg,1
20260514_013647_YLVGTQ_c000_left_f000286.jpg,1
20260514_013647_YLVGTQ_c000_left_f003728.jpg,1
20260514_082352_UDWXGM_c005_left_f000224.jpg,1
20260514_082352_UDWXGM_c005_left_f001619.jpg,1
20260514_082352_UDWXGM_c005_left_f004410.jpg,1
20260514_082352_UDWXGM_c005_right_f000937.jpg,1
20260514_082352_UDWXGM_c005_right_f001402.jpg,1
20260515_002927_MGLLXG_c011_left_f000100.jpg,1
20260515_002927_MGLLXG_c011_left_f000286.jpg,1
20260515_002927_MGLLXG_c011_left_f005585.jpg,1
20260515_003451_VRKZKX_c029_right_f000472.jpg,1
20260515_003451_VRKZKX_c029_right_f001402.jpg,1
20260515_003451_VRKZKX_c029_right_f006053.jpg,1
20260515_003451_VRKZKX_c029_right_f006518.jpg,1
20260515_004143_KJJBHQ_c009_left_f003479.jpg,1
20260515_005945_DVGMJP_c012_left_f001619.jpg,1
20260515_005945_DVGMJP_c012_left_f002549.jpg,1
20260515_005945_DVGMJP_c012_left_f003728.jpg,1
20260515_005945_DVGMJP_c012_right_f002332.jpg,1
20260515_005945_DVGMJP_c012_right_f002797.jpg,1
20260515_010122_HGDZLA_c023_left_f000224.jpg,1
20260515_010122_HGDZLA_c023_left_f000286.jpg,1
20260515_010122_HGDZLA_c023_right_f002797.jpg,1
20260515_010217_WESGQA_c026_left_f000689.jpg,1
20260515_010217_WESGQA_c026_right_f006053.jpg,1
20260515_022515_CAYRDJ_c009_right_f006518.jpg,1
20260515_053744_QNYZTY_c001_left_f003728.jpg,1
20260515_053744_QNYZTY_c001_right_f004658.jpg,1
20260515_053744_QNYZTY_c001_right_f006983.jpg,1
20260515_055513_YGHQMK_c017_left_f003728.jpg,1
20260515_055513_YGHQMK_c017_right_f000937.jpg,1
20260515_060018_QEYLAN_c031_left_f000689.jpg,1
20260515_102509_BXAQAZ_c014_left_f002549.jpg,1
20260515_113701_ZQWBJZ_c001_left_f001619.jpg,1
20260516_002648_JXPLSS_c022_left_f002549.jpg,1
20260516_002648_JXPLSS_c022_left_f003728.jpg,1
20260516_002648_JXPLSS_c022_right_f003262.jpg,1
20260516_004459_HSKDQV_c008_right_f000937.jpg,1
20260516_004459_HSKDQV_c008_right_f004658.jpg,1
20260516_010753_CGLPRW_c009_right_f000937.jpg,1
20260516_010753_CGLPRW_c009_right_f002797.jpg,1
20260516_014830_WSVKNW_c018_right_f001402.jpg,1
20260516_025707_MBSFLG_c005_right_f006983.jpg,1
20260516_053513_WBWXDZ_c004_left_f001867.jpg,1
20260516_053513_WBWXDZ_c004_left_f005340.jpg,1
20260516_053513_WBWXDZ_c004_right_f004193.jpg,1
20260516_053513_WBWXDZ_c004_right_f005123.jpg,1
20260516_053513_WBWXDZ_c004_right_f006518.jpg,1
20260516_063548_JCJJUH_c004_right_f002797.jpg,1
20260516_085727_MFFKXF_c008_right_f003262.jpg,1
20260516_234012_RRDMFX_c001_left_f003728.jpg,1
20260517_003924_UTCJJB_c017_left_f001867.jpg,1
20260517_010612_MBYSFD_c025_left_f005340.jpg,1
20260517_010612_MBYSFD_c025_right_f003262.jpg,1
20260517_053149_WZJREK_c004_left_f000224.jpg,1
20260517_053149_WZJREK_c004_left_f000286.jpg,1
20260517_053149_WZJREK_c004_right_f002331.jpg,1
20260517_053149_WZJREK_c004_right_f003261.jpg,1
20260517_055247_EHFBLT_c005_right_f006983.jpg,1
20260517_063427_TYASET_c005_left_f000224.jpg,1
20260517_083125_AVALXH_c011_left_f000689.jpg,1
20260517_083125_AVALXH_c011_right_f006053.jpg,1
20260517_083125_AVALXH_c011_right_f006518.jpg,1
20260517_083125_AVALXH_c011_right_f006983.jpg,1
20260517_084648_QKRSUX_c009_right_f002797.jpg,1
20260517_084648_QKRSUX_c009_right_f006053.jpg,1
20260517_114158_JBAXVV_c015_left_f005588.jpg,1
20260518_004550_GLCECR_c026_right_f006983.jpg,1
20260518_030452_PEXPCE_c005_right_f000937.jpg,1
20260518_030452_PEXPCE_c005_right_f005123.jpg,1
20260518_050832_SGEFFG_c007_left_f004410.jpg,1
20260518_050832_SGEFFG_c007_left_f005340.jpg,1
20260518_050832_SGEFFG_c007_right_f002332.jpg,1
20260518_050832_SGEFFG_c007_right_f006518.jpg,1
20260518_050832_SGEFFG_c007_right_f006983.jpg,1
20260518_065654_QZJNFT_c003_left_f000224.jpg,1
20260518_065654_QZJNFT_c003_left_f000286.jpg,1
20260518_065654_QZJNFT_c003_left_f003728.jpg,1
20260518_065654_QZJNFT_c003_left_f004410.jpg,1
20260518_065654_QZJNFT_c003_right_f000472.jpg,1
20260518_073700_XYBCQY_c011_left_f001619.jpg,1
20260518_082043_HTYQPV_c015_left_f000100.jpg,1
20260518_082043_HTYQPV_c015_left_f001619.jpg,1
20260518_082043_HTYQPV_c015_left_f002549.jpg,1
20260518_082043_HTYQPV_c015_right_f004658.jpg,1
20260518_082043_HTYQPV_c015_right_f006053.jpg,1
20260518_082751_NGFBJF_c012_left_f002549.jpg,1
20260518_082751_NGFBJF_c012_left_f003479.jpg,1
20260518_082751_NGFBJF_c012_left_f005339.jpg,1
20260518_082751_NGFBJF_c012_left_f005587.jpg,1
20260518_082751_NGFBJF_c012_right_f006517.jpg,1
20260519_003425_KQLFDM_c029_left_f000689.jpg,1
20260519_003425_KQLFDM_c029_left_f001619.jpg,1
20260519_003425_KQLFDM_c029_left_f002549.jpg,1
20260519_003425_KQLFDM_c029_right_f000472.jpg,1
20260519_003425_KQLFDM_c029_right_f003262.jpg,1
20260519_033049_GUMDFB_c002_right_f000472.jpg,1
20260519_052103_KFJRYJ_c023_left_f000286.jpg,1
20260519_052103_KFJRYJ_c023_left_f003728.jpg,1
20260519_052103_KFJRYJ_c023_left_f005588.jpg,1
20260519_052103_KFJRYJ_c023_right_f000472.jpg,1
20260519_052103_KFJRYJ_c023_right_f006983.jpg,1
20260519_063645_WXGZQC_c000_left_f000286.jpg,1
20260519_063645_WXGZQC_c000_right_f002332.jpg,1
20260519_063645_WXGZQC_c000_right_f002797.jpg,1
20260519_064207_QQEAGE_c011_right_f000937.jpg,1
20260519_064207_QQEAGE_c011_right_f002797.jpg,1
20260519_074657_DPVGBB_c002_left_f003479.jpg,1
20260519_074657_DPVGBB_c002_left_f005588.jpg,1
20260519_074657_DPVGBB_c002_right_f001402.jpg,1
20260519_080442_QEMJPF_c017_right_f001402.jpg,1
20260519_080442_QEMJPF_c017_right_f004658.jpg,1
20260519_080617_HPSSVL_c000_left_f001619.jpg,1
20260519_080617_HPSSVL_c000_left_f002549.jpg,1
20260519_080617_HPSSVL_c000_left_f003728.jpg,1
20260519_123644_KMPWSW_c014_left_f000286.jpg,1
20260519_123644_KMPWSW_c014_left_f003728.jpg,1
20260520_011230_GNVNUT_c021_left_f003479.jpg,1
20260520_011230_GNVNUT_c021_right_f000472.jpg,1
20260520_011230_GNVNUT_c021_right_f000937.jpg,1
20260520_011230_GNVNUT_c021_right_f006053.jpg,1
20260520_020426_KRMUEL_c020_left_f001619.jpg,1
20260520_020426_KRMUEL_c020_right_f002332.jpg,1
20260520_020426_KRMUEL_c020_right_f004193.jpg,1
20260520_063224_QNSQWU_c008_left_f005340.jpg,1
20260520_063224_QNSQWU_c008_right_f002797.jpg,1
20260520_081658_WGHAGA_c002_left_f000100.jpg,1
20260520_081658_WGHAGA_c002_left_f001867.jpg,1
20260520_081658_WGHAGA_c002_right_f003262.jpg,1
20260521_005554_DSYPSU_c015_right_f004193.jpg,1
20260521_051424_MFUPRW_c023_left_f000286.jpg,1
20260521_051424_MFUPRW_c023_left_f001619.jpg,1
20260521_051424_MFUPRW_c023_left_f005340.jpg,1
20260521_051424_MFUPRW_c023_right_f000472.jpg,1
20260521_052051_UPAMFQ_c022_left_f000689.jpg,1
20260521_052051_UPAMFQ_c022_left_f005340.jpg,1
20260521_052051_UPAMFQ_c022_right_f002332.jpg,1
20260521_052051_UPAMFQ_c022_right_f002797.jpg,1
20260521_052051_UPAMFQ_c022_right_f004658.jpg,1
20260521_052051_UPAMFQ_c022_right_f006983.jpg,1
20260521_073134_XTFTKX_c021_right_f002332.jpg,1
20260521_081505_UYGQCE_c003_left_f004410.jpg,1
20260521_082644_PLUTET_c013_left_f000689.jpg,1
20260521_082644_PLUTET_c013_right_f000472.jpg,1
20260521_082644_PLUTET_c013_right_f003262.jpg,1
20260521_082644_PLUTET_c013_right_f004658.jpg,1
20260522_003627_RVCBVR_c029_left_f005588.jpg,1
20260522_003627_RVCBVR_c029_right_f000472.jpg,1
20260522_003627_RVCBVR_c029_right_f004658.jpg,1
20260522_003627_RVCBVR_c029_right_f006053.jpg,1
20260522_010717_ZDCJQH_c005_right_f000472.jpg,1
20260522_010717_ZDCJQH_c005_right_f006983.jpg,1
20260522_015724_UEURWK_c014_left_f000689.jpg,1
20260522_015724_UEURWK_c014_left_f001867.jpg,1
20260522_015724_UEURWK_c014_right_f004193.jpg,1
20260522_020247_CHBYFV_c011_right_f005123.jpg,1
20260522_051738_HDSXMQ_c012_left_f002549.jpg,1
20260522_051738_HDSXMQ_c012_right_f006053.jpg,1
20260522_051759_MZCMHU_c023_right_f001402.jpg,1
20260522_051759_MZCMHU_c023_right_f004658.jpg,1
20260522_055928_SNKHKV_c038_right_f000472.jpg,1
20260522_055928_SNKHKV_c038_right_f001402.jpg,1
20260522_055928_SNKHKV_c038_right_f004658.jpg,1
20260522_080355_ZQFQPN_c006_right_f002797.jpg,1
20260522_080355_ZQFQPN_c006_right_f003262.jpg,1
20260522_080355_ZQFQPN_c006_right_f004193.jpg,1
20260523_002246_NUYCMF_c030_left_f000689.jpg,1
20260523_002246_NUYCMF_c030_right_f000472.jpg,1
20260523_002246_NUYCMF_c030_right_f001402.jpg,1
20260523_002246_NUYCMF_c030_right_f002332.jpg,1
20260523_002246_NUYCMF_c030_right_f004193.jpg,1
20260523_003449_LMHTLR_c007_left_f000286.jpg,1
20260523_003449_LMHTLR_c007_left_f000689.jpg,1
20260523_003449_LMHTLR_c007_left_f001619.jpg,1
20260523_003449_LMHTLR_c007_left_f003479.jpg,1
20260523_003449_LMHTLR_c007_left_f004410.jpg,1
20260523_003449_LMHTLR_c007_right_f002332.jpg,1
20260523_003449_LMHTLR_c007_right_f006053.jpg,1
20260523_014223_VKALGF_c019_right_f003262.jpg,1
20260523_052517_SDFHZT_c000_left_f000100.jpg,1
20260523_052517_SDFHZT_c000_left_f001867.jpg,1
20260523_052612_LNZLKT_c010_left_f002549.jpg,1
20260523_052747_PSKKXW_c001_left_f002549.jpg,1
20260523_052747_PSKKXW_c001_left_f003728.jpg,1
20260523_053918_EBNHRZ_c043_left_f001619.jpg,1
20260523_053918_EBNHRZ_c043_left_f001867.jpg,1
20260523_053918_EBNHRZ_c043_right_f002332.jpg,1
20260523_080515_RBUWMG_c001_right_f006053.jpg,1
20260523_080515_RBUWMG_c001_right_f006983.jpg,1
20260523_082602_JRYSRN_c015_right_f003262.jpg,1
20260523_082602_JRYSRN_c015_right_f006983.jpg,1
20260523_084758_TMEQPZ_c010_left_f005588.jpg,1
20260523_084758_TMEQPZ_c010_right_f000937.jpg,1
20260523_091108_ZTDMHD_c007_left_f005340.jpg,1
20260523_094619_RSFXWX_c001_left_f004410.jpg,1
20260523_094619_RSFXWX_c001_right_f004193.jpg,1
20260523_201540_VYQRZF_c008_left_f000286.jpg,1
20260523_215030_GDBXPJ_c000_left_f004410.jpg,1
20260524_073915_YHAGLG_c000_left_f000286.jpg,1
20260524_073915_YHAGLG_c000_left_f002549.jpg,1
20260524_074159_KRVEHU_c003_left_f000100.jpg,1
20260524_074159_KRVEHU_c003_right_f003262.jpg,1
20260524_235956_UDMFPV_c011_left_f000224.jpg,1
20260524_235956_UDMFPV_c011_left_f000286.jpg,1
20260524_235956_UDMFPV_c011_left_f001619.jpg,1
20260525_005400_JBYDDN_c027_right_f002332.jpg,1
20260525_005400_JBYDDN_c027_right_f006983.jpg,1
20260525_013203_JPDCLJ_c005_left_f000286.jpg,1
20260525_013203_JPDCLJ_c005_left_f000689.jpg,1
20260525_013203_JPDCLJ_c005_left_f005588.jpg,1
20260525_015334_YTQRXR_c018_right_f005123.jpg,1
20260525_031349_RBGZAR_c002_left_f000100.jpg,1
20260525_031349_RBGZAR_c002_left_f000286.jpg,1
20260525_031349_RBGZAR_c002_right_f000937.jpg,1
20260525_031349_RBGZAR_c002_right_f005123.jpg,1
20260525_054710_QADJAK_c012_left_f000100.jpg,1
20260525_054710_QADJAK_c012_left_f005340.jpg,1
20260525_054710_QADJAK_c012_right_f000472.jpg,1
20260525_054710_QADJAK_c012_right_f000937.jpg,1
20260525_054710_QADJAK_c012_right_f002332.jpg,1
20260525_054710_QADJAK_c012_right_f006983.jpg,1
20260525_070407_JXXWWB_c004_right_f000472.jpg,1
20260525_070407_JXXWWB_c004_right_f004658.jpg,1
20260525_070407_JXXWWB_c004_right_f006518.jpg,1
20260525_071222_BZUZAM_c006_left_f000286.jpg,1
20260525_071222_BZUZAM_c006_right_f001402.jpg,1
20260525_071222_BZUZAM_c006_right_f004193.jpg,1
20260525_071222_BZUZAM_c006_right_f005123.jpg,1
20260525_071222_BZUZAM_c006_right_f006518.jpg,1
20260525_073147_RZLBRG_c009_right_f001402.jpg,1
20260525_083936_AHDHYA_c013_left_f004410.jpg,1
20260525_083936_AHDHYA_c013_left_f005340.jpg,1
20260525_083936_AHDHYA_c013_right_f002797.jpg,1
20260525_083936_AHDHYA_c013_right_f006518.jpg,1
20260525_132333_TNKMRS_c014_right_f001402.jpg,1
20260525_132333_TNKMRS_c014_right_f006518.jpg,1
20260526_021108_AYTBXX_c004_left_f003479.jpg,1
20260526_021108_AYTBXX_c004_right_f000472.jpg,1
20260526_021108_AYTBXX_c004_right_f000937.jpg,1
20260526_021108_AYTBXX_c004_right_f006518.jpg,1
20260526_030353_FWBKBD_c003_left_f001867.jpg,1
20260526_030353_FWBKBD_c003_right_f002332.jpg,1
20260526_030353_FWBKBD_c003_right_f004193.jpg,1
20260526_030353_FWBKBD_c003_right_f004658.jpg,1
20260526_030353_FWBKBD_c003_right_f005123.jpg,1
20260526_052633_GNCSND_c020_left_f000286.jpg,1
20260526_052633_GNCSND_c020_left_f001619.jpg,1
20260526_052633_GNCSND_c020_left_f005588.jpg,1
20260526_072345_WLGBJW_c000_right_f000937.jpg,1
20260526_084119_RTZLFY_c000_left_f000689.jpg,1
20260526_084119_RTZLFY_c000_left_f002549.jpg,1
20260526_084119_RTZLFY_c000_left_f003479.jpg,1
20260526_084119_RTZLFY_c000_left_f005588.jpg,1
20260526_084119_RTZLFY_c000_right_f006053.jpg,1
20260527_010352_RPVWNM_c005_left_f000100.jpg,1
20260527_010352_RPVWNM_c005_left_f001619.jpg,1
20260527_010352_RPVWNM_c005_left_f003479.jpg,1
20260527_010352_RPVWNM_c005_left_f003728.jpg,1
20260527_010352_RPVWNM_c005_left_f004410.jpg,1
20260527_021312_XDYMSS_c013_left_f001867.jpg,1
20260527_021312_XDYMSS_c013_right_f000937.jpg,1
20260527_021312_XDYMSS_c013_right_f004193.jpg,1
20260527_021312_XDYMSS_c013_right_f006053.jpg,1
20260527_023052_FELCVX_c009_left_f003728.jpg,1
20260527_023052_FELCVX_c009_left_f004410.jpg,1
20260527_063836_JMNCML_c008_right_f005123.jpg,1
20260527_081325_QZVGNY_c001_left_f002549.jpg,1
20260527_190538_LHATRZ_c013_right_f004658.jpg,1
20260528_005227_LZUWEX_c003_left_f001867.jpg,1
20260528_005227_LZUWEX_c003_right_f006518.jpg,1
20260528_010234_NQBLUT_c024_left_f000100.jpg,1
20260528_010234_NQBLUT_c024_left_f004410.jpg,1
20260528_010234_NQBLUT_c024_left_f005588.jpg,1
20260528_010234_NQBLUT_c024_right_f006053.jpg,1
20260528_011751_PSCHUN_c003_left_f002549.jpg,1
20260528_011751_PSCHUN_c003_left_f004410.jpg,1
20260528_011751_PSCHUN_c003_right_f002797.jpg,1
20260528_011751_PSCHUN_c003_right_f006983.jpg,1
20260528_053421_NTHVLY_c010_left_f000100.jpg,1
20260528_053421_NTHVLY_c010_left_f002549.jpg,1
20260528_053421_NTHVLY_c010_left_f005340.jpg,1
20260528_061446_AZXNDB_c012_left_f000689.jpg,1
20260528_061446_AZXNDB_c012_left_f003728.jpg,1
20260528_061446_AZXNDB_c012_left_f005588.jpg,1
20260528_071057_GMXXQX_c001_left_f000689.jpg,1
20260528_071057_GMXXQX_c001_right_f000937.jpg,1
20260528_071604_GEBUFX_c002_left_f000100.jpg,1
20260528_071604_GEBUFX_c002_left_f000286.jpg,1
20260528_071604_GEBUFX_c002_left_f001867.jpg,1
20260528_071604_GEBUFX_c002_right_f006053.jpg,1
20260528_071604_GEBUFX_c002_right_f006518.jpg,1
20260528_082543_LRMAEQ_c013_right_f000937.jpg,1
20260528_082543_LRMAEQ_c013_right_f002797.jpg,1
20260528_094629_URPQMF_c009_left_f002549.jpg,1
20260528_094629_URPQMF_c009_left_f004410.jpg,1
20260528_094629_URPQMF_c009_left_f005588.jpg,1
20260529_001733_FTHVMB_c005_left_f004410.jpg,1
20260529_001733_FTHVMB_c005_left_f005340.jpg,1
20260529_001733_FTHVMB_c005_right_f004658.jpg,1
20260529_001733_FTHVMB_c005_right_f006518.jpg,1
20260529_001733_FTHVMB_c005_right_f006983.jpg,1
20260529_003945_RQMQXQ_c024_left_f001619.jpg,1
20260529_003945_RQMQXQ_c024_right_f000472.jpg,1
20260529_003945_RQMQXQ_c024_right_f000937.jpg,1
20260529_004740_KLVNEZ_c027_left_f000286.jpg,1
20260529_004740_KLVNEZ_c027_left_f003479.jpg,1
20260529_004740_KLVNEZ_c027_right_f000472.jpg,1
20260529_004740_KLVNEZ_c027_right_f000937.jpg,1
20260529_005105_RMFSRG_c018_left_f003728.jpg,1
20260529_005105_RMFSRG_c018_left_f004410.jpg,1
20260529_005105_RMFSRG_c018_right_f001402.jpg,1
20260529_005105_RMFSRG_c018_right_f002797.jpg,1
20260529_010809_FTQFDR_c002_left_f000286.jpg,1
20260529_010809_FTQFDR_c002_left_f005588.jpg,1
20260529_010809_FTQFDR_c002_right_f002332.jpg,1
20260529_010809_FTQFDR_c002_right_f003262.jpg,1
20260529_011322_EDGJDH_c002_left_f002549.jpg,1
20260529_011322_EDGJDH_c002_right_f002797.jpg,1
20260529_020255_EFHDKC_c015_right_f006983.jpg,1
20260529_020707_XCBRGC_c001_left_f000689.jpg,1
20260529_053933_MAJELW_c003_left_f000689.jpg,1
20260529_053933_MAJELW_c003_left_f005588.jpg,1
20260529_053933_MAJELW_c003_right_f006053.jpg,1
20260529_073446_AKYCYJ_c006_right_f002332.jpg,1
20260529_073446_AKYCYJ_c006_right_f002797.jpg,1
20260529_081716_FWLMFF_c003_right_f000937.jpg,1
20260529_081716_FWLMFF_c003_right_f001402.jpg,1
20260529_093641_ZNEHKD_c006_right_f006518.jpg,1
20260530_002744_KMAVAK_c013_right_f002332.jpg,1
20260530_002744_KMAVAK_c013_right_f002797.jpg,1
20260530_002744_KMAVAK_c013_right_f004193.jpg,1
20260530_002744_KMAVAK_c013_right_f004658.jpg,1
20260530_002744_KMAVAK_c013_right_f006053.jpg,1
20260530_002744_KMAVAK_c013_right_f006983.jpg,1
20260530_023346_UHMXJZ_c006_right_f000937.jpg,1
20260530_025747_ARZENR_c004_left_f002549.jpg,1
20260530_025747_ARZENR_c004_left_f003479.jpg,1
20260530_025747_ARZENR_c004_right_f004193.jpg,1
20260530_025747_ARZENR_c004_right_f005123.jpg,1
20260530_031452_LDFLVQ_c001_left_f000224.jpg,1
20260530_031452_LDFLVQ_c001_left_f001619.jpg,1
20260530_031452_LDFLVQ_c001_left_f004410.jpg,1
20260530_031452_LDFLVQ_c001_left_f005340.jpg,1
20260530_031452_LDFLVQ_c001_right_f000937.jpg,1
20260530_031452_LDFLVQ_c001_right_f006983.jpg,1
20260530_053004_TWTSKT_c016_left_f001619.jpg,1
20260530_053004_TWTSKT_c016_left_f002549.jpg,1
20260530_070149_GHDHTZ_c003_left_f003479.jpg,1
20260530_070149_GHDHTZ_c003_left_f003728.jpg,1
20260530_070149_GHDHTZ_c003_left_f005340.jpg,1
20260530_070149_GHDHTZ_c003_right_f002332.jpg,1
20260530_070844_FYWMSW_c008_left_f000224.jpg,1
20260530_070844_FYWMSW_c008_left_f000286.jpg,1
20260530_070844_FYWMSW_c008_left_f001619.jpg,1
20260530_070844_FYWMSW_c008_left_f005588.jpg,1
20260530_071427_RFWSCG_c001_left_f005588.jpg,1
20260530_071427_RFWSCG_c001_right_f002332.jpg,1
20260530_071427_RFWSCG_c001_right_f005123.jpg,1
20260530_071427_RFWSCG_c001_right_f006053.jpg,1
20260530_082842_JMKUFS_c014_left_f003479.jpg,1
20260530_082842_JMKUFS_c014_left_f004410.jpg,1
20260530_082842_JMKUFS_c014_left_f005340.jpg,1
20260530_082842_JMKUFS_c014_right_f000472.jpg,1
20260530_083916_TBNMXN_c003_left_f000286.jpg,1
20260530_083916_TBNMXN_c003_left_f000689.jpg,1
20260530_083916_TBNMXN_c003_right_f000937.jpg,1
20260530_103413_HFPZKK_c021_left_f000100.jpg,1
20260531_003802_MVAPAF_c028_left_f000286.jpg,1
20260531_003802_MVAPAF_c028_right_f000472.jpg,1
20260531_003802_MVAPAF_c028_right_f003262.jpg,1
20260531_003802_MVAPAF_c028_right_f004658.jpg,1
20260531_005705_ZWLRYV_c013_left_f001867.jpg,1
20260531_005705_ZWLRYV_c013_left_f004410.jpg,1
20260531_005705_ZWLRYV_c013_right_f001402.jpg,1
20260531_005705_ZWLRYV_c013_right_f004658.jpg,1
20260531_012735_MHCRWT_c007_left_f003479.jpg,1
20260531_012735_MHCRWT_c007_right_f002332.jpg,1
20260531_015826_GBDKGZ_c007_right_f004658.jpg,1
20260531_063536_NDZSHW_c008_left_f005340.jpg,1
20260531_064947_AHHUQW_c007_left_f000689.jpg,1
20260531_064947_AHHUQW_c007_right_f005123.jpg,1
20260531_064947_AHHUQW_c007_right_f006983.jpg,1
20260601_001934_XGPYBQ_c008_left_f000689.jpg,1
20260601_001934_XGPYBQ_c008_right_f003262.jpg,1
20260601_005844_GEPEZE_c006_left_f000689.jpg,1
20260601_005844_GEPEZE_c006_left_f001619.jpg,1
20260601_005844_GEPEZE_c006_left_f004410.jpg,1
20260601_005844_GEPEZE_c006_right_f000472.jpg,1
20260601_005844_GEPEZE_c006_right_f001402.jpg,1
20260601_005844_GEPEZE_c006_right_f002797.jpg,1
20260601_030246_PMLVTS_c007_left_f001619.jpg,1
20260601_030246_PMLVTS_c007_right_f006053.jpg,1
20260601_053059_XYACGD_c019_right_f001402.jpg,1
20260601_081124_LBAXEV_c017_left_f003728.jpg,1
20260601_081124_LBAXEV_c017_right_f006518.jpg,1
20260601_081358_FXFXTM_c006_left_f000286.jpg,1
20260601_081358_FXFXTM_c006_left_f005340.jpg,1
20260601_081358_FXFXTM_c006_right_f000472.jpg,1
20260601_081358_FXFXTM_c006_right_f001402.jpg,1
20260601_081358_FXFXTM_c006_right_f002797.jpg,1
20260601_081358_FXFXTM_c006_right_f005123.jpg,1
20260602_053334_RLRYAN_c023_left_f003479.jpg,1
20260602_053334_RLRYAN_c023_right_f000472.jpg,1
20260602_053334_RLRYAN_c023_right_f002332.jpg,1
20260602_053334_RLRYAN_c023_right_f006518.jpg,1
20260602_060326_QPMJCG_c029_left_f000689.jpg,1
20260602_060326_QPMJCG_c029_left_f002549.jpg,1
20260602_060326_QPMJCG_c029_right_f006983.jpg,1
20260602_075118_ZCLDHR_c013_left_f000689.jpg,1
20260602_075118_ZCLDHR_c013_right_f001402.jpg,1
20260603_021355_JYZWNG_c005_left_f005340.jpg,1
20260603_021355_JYZWNG_c005_right_f004658.jpg,1
20260603_033653_SZJVYV_c004_left_f001619.jpg,1
20260603_071150_MSGVAL_c000_left_f001867.jpg,1
20260603_071150_MSGVAL_c000_left_f003479.jpg,1
20260603_071150_MSGVAL_c000_left_f005340.jpg,1
20260603_081807_SYKXBM_c017_right_f000937.jpg,1
20260603_081807_SYKXBM_c017_right_f006983.jpg,1
20260603_082009_TSAWEL_c001_left_f005340.jpg,1
20260603_082009_TSAWEL_c001_right_f004658.jpg,1
20260604_002637_TKDQMR_c001_right_f005123.jpg,1
20260604_004244_DVDEWK_c028_left_f003479.jpg,1
20260604_004244_DVDEWK_c028_left_f005340.jpg,1
20260604_004244_DVDEWK_c028_left_f005588.jpg,1
20260604_004244_DVDEWK_c028_right_f002797.jpg,1
20260604_013019_QZWNMM_c000_left_f001867.jpg,1
20260604_013019_QZWNMM_c000_left_f003479.jpg,1
20260604_013019_QZWNMM_c000_right_f003262.jpg,1
20260604_013829_UWYVJS_c007_right_f001402.jpg,1
20260604_013829_UWYVJS_c007_right_f006053.jpg,1
20260604_020420_PZMNCW_c006_left_f001619.jpg,1
20260604_020420_PZMNCW_c006_left_f005340.jpg,1
20260604_020420_PZMNCW_c006_left_f005588.jpg,1
20260604_020420_PZMNCW_c006_right_f001402.jpg,1
20260604_020420_PZMNCW_c006_right_f005123.jpg,1
20260604_020420_PZMNCW_c006_right_f006518.jpg,1
20260604_054634_JEASHC_c020_left_f000689.jpg,1
20260604_054634_JEASHC_c020_right_f001402.jpg,1
20260604_064551_TDPAJH_c007_left_f001619.jpg,1
20260604_084753_WJKTYA_c001_left_f002549.jpg,1
20260604_084753_WJKTYA_c001_left_f005588.jpg,1
20260604_084753_WJKTYA_c001_right_f001402.jpg,1
20260604_084753_WJKTYA_c001_right_f006518.jpg,1
20260604_093605_WTLSFV_c000_right_f004658.jpg,1
20260605_023556_XCXZKC_c001_left_f001867.jpg,1
20260605_044052_AAHZPN_c022_right_f006053.jpg,1
20260605_070246_CALHAR_c004_right_f006983.jpg,1
20260607_015914_DGJBKL_c009_right_f000937.jpg,1
20260607_015914_DGJBKL_c009_right_f002797.jpg,1
20260607_023704_VUKCTU_c005_left_f002549.jpg,1
20260607_023704_VUKCTU_c005_left_f003479.jpg,1
20260608_062039_KBETJA_c014_left_f003479.jpg,1
20260608_083110_CGEZKB_c003_right_f002797.jpg,1
20260609_055633_SMRJNF_c006_right_f004193.jpg,1
20260609_113609_XCMVWW_c011_right_f001357.jpg,1
20260609_113609_XCMVWW_c011_right_f005858.jpg,1
20260610_012208_UEUTXW_c009_left_f000667.jpg,1
20260610_012208_UEUTXW_c009_left_f002468.jpg,1
20260610_012208_UEUTXW_c009_right_f002708.jpg,1
20260610_012208_UEUTXW_c009_right_f005858.jpg,1
20260610_035624_LREGFX_c001_right_f006053.jpg,1
20260610_060432_MDYQKP_c005_left_f005340.jpg,1
20260611_041447_WVXFUV_c001_left_f000667.jpg,1
20260611_041447_WVXFUV_c001_right_f004508.jpg,1
20260611_051230_SSHVYY_c000_left_f000097.jpg,1
20260611_062343_HDPWLH_c003_left_f005408.jpg,1
20260612_013623_DWBEEU_c019_right_f004958.jpg,1
20260612_013623_DWBEEU_c019_right_f006308.jpg,1
20260612_014614_CSNWGZ_c007_right_f004193.jpg,1
20260612_015201_FAPVSY_c016_left_f003608.jpg,1
20260612_015201_FAPVSY_c016_right_f004058.jpg,1
20260612_015201_FAPVSY_c016_right_f005858.jpg,1
20260612_021845_UJACUQ_c014_left_f002546.jpg,1
20260612_021845_UJACUQ_c014_left_f003476.jpg,1
20260612_021845_UJACUQ_c014_right_f004655.jpg,1
20260612_021845_UJACUQ_c014_right_f006050.jpg,1
20260612_021845_UJACUQ_c014_right_f006980.jpg,1
20260612_040008_LMNSYW_c009_left_f001867.jpg,1
20260612_040008_LMNSYW_c009_left_f002549.jpg,1
20260612_040008_LMNSYW_c009_left_f003479.jpg,1
20260612_040008_LMNSYW_c009_left_f005340.jpg,1
20260612_064601_ZJQBHL_c028_right_f000907.jpg,1
20260612_064601_ZJQBHL_c028_right_f002257.jpg,1
20260612_102444_YEYNMJ_c002_right_f000937.jpg,1
20260612_102444_YEYNMJ_c002_right_f002797.jpg,1
20260612_102444_YEYNMJ_c002_right_f005123.jpg,1
20260612_113446_XGGJMT_c010_left_f001807.jpg,1
20260612_113446_XGGJMT_c010_left_f005408.jpg,1
20260613_004035_KQBBYS_c028_left_f004268.jpg,1
20260613_004035_KQBBYS_c028_left_f005408.jpg,1
20260613_004035_KQBBYS_c028_right_f004058.jpg,1
20260613_004035_KQBBYS_c028_right_f005858.jpg,1
20260613_011149_EFWAEV_c002_left_f000100.jpg,1
20260613_011149_EFWAEV_c002_left_f001619.jpg,1
20260613_020136_NFXXBJ_c013_left_f003368.jpg,1
20260613_020136_NFXXBJ_c013_right_f003158.jpg,1
20260613_020136_NFXXBJ_c013_right_f004058.jpg,1
20260613_020136_NFXXBJ_c013_right_f004958.jpg,1
20260613_044336_FRGNYR_c010_left_f003368.jpg,1
20260613_044336_FRGNYR_c010_right_f002708.jpg,1
20260613_044336_FRGNYR_c010_right_f006758.jpg,1
20260613_052937_QVTSFF_c014_left_f003479.jpg,1
20260613_052937_QVTSFF_c014_left_f005588.jpg,1
20260613_052937_QVTSFF_c014_right_f002797.jpg,1
20260613_052937_QVTSFF_c014_right_f004193.jpg,1
20260613_062917_EWXTTE_c030_right_f002257.jpg,1
20260613_072609_JVBEBR_c023_left_f004410.jpg,1
20260613_072609_JVBEBR_c023_right_f002797.jpg,1
20260613_072609_JVBEBR_c023_right_f005123.jpg,1
20260613_081409_APRRQJ_c005_left_f000100.jpg,1
20260613_081409_APRRQJ_c005_left_f005588.jpg,1
20260613_081409_APRRQJ_c005_right_f001402.jpg,1
20260613_081409_APRRQJ_c005_right_f006518.jpg,1
20260613_233506_QNXPUR_c010_left_f000100.jpg,1
20260614_013526_TSGYQW_c006_right_f001402.jpg,1
20260614_051125_FSXRGS_c014_left_f000286.jpg,1
20260614_051125_FSXRGS_c014_left_f001619.jpg,1
20260614_051125_FSXRGS_c014_right_f000472.jpg,1
20260614_051125_FSXRGS_c014_right_f001402.jpg,1
20260614_061621_PWTRNB_c028_left_f005168.jpg,1
20260614_061621_PWTRNB_c028_right_f000457.jpg,1
20260614_061621_PWTRNB_c028_right_f000907.jpg,1
20260614_071003_HNAEJE_c013_right_f004193.jpg,1
20260614_071003_HNAEJE_c013_right_f006983.jpg,1
20260614_084509_PMYVLA_c005_right_f000472.jpg,1
20260614_084509_PMYVLA_c005_right_f003262.jpg,1
20260614_100643_YYQHNB_c005_right_f000472.jpg,1
20260615_010640_CQYSMT_c025_left_f000277.jpg,1
20260615_010640_CQYSMT_c025_left_f001807.jpg,1
20260615_010640_CQYSMT_c025_left_f002468.jpg,1
20260615_013848_YDCBSG_c005_left_f000100.jpg,1
20260615_013848_YDCBSG_c005_left_f000286.jpg,1
20260615_013848_YDCBSG_c005_left_f001867.jpg,1
20260615_013848_YDCBSG_c005_left_f005588.jpg,1
20260615_013848_YDCBSG_c005_right_f000472.jpg,1
20260615_013848_YDCBSG_c005_right_f001402.jpg,1
20260615_031549_TRAQMR_c002_left_f000286.jpg,1
20260615_031549_TRAQMR_c002_left_f001867.jpg,1
20260615_050148_PRGTXN_c006_left_f005168.jpg,1
20260615_050148_PRGTXN_c006_right_f000457.jpg,1
20260615_050148_PRGTXN_c006_right_f001357.jpg,1
20260615_062739_ALVHKA_c031_left_f004410.jpg,1
20260615_062739_ALVHKA_c031_right_f004658.jpg,1
20260615_064350_RFEPNV_c005_right_f000937.jpg,1
20260615_074203_ZHVTYN_c004_left_f000224.jpg,1
20260616_050815_SCBQAH_c043_left_f002468.jpg,1
20260616_050815_SCBQAH_c043_left_f004268.jpg,1
20260616_050815_SCBQAH_c043_right_f002257.jpg,1
20260616_051109_SWFWSY_c023_left_f000689.jpg,1
20260616_051109_SWFWSY_c023_right_f001402.jpg,1
20260616_080307_NUHAVK_c010_left_f000100.jpg,1
20260616_080307_NUHAVK_c010_left_f001619.jpg,1
20260616_080307_NUHAVK_c010_left_f004410.jpg,1
20260616_102042_DQMPBQ_c005_right_f004508.jpg,1
20260616_113721_SNMZTN_c001_right_f006308.jpg,1
20260616_132644_FLFTYG_c007_left_f005168.jpg,1
20260616_132644_FLFTYG_c007_right_f006758.jpg,1
20260617_002922_KCHPXT_c003_right_f002332.jpg,1
20260617_005456_VPNDDN_c025_left_f003728.jpg,1
20260617_005456_VPNDDN_c025_right_f000937.jpg,1
20260617_005456_VPNDDN_c025_right_f001402.jpg,1
20260617_013709_MSWUEP_c009_left_f002468.jpg,1
20260617_013709_MSWUEP_c009_left_f005168.jpg,1
20260617_013709_MSWUEP_c009_right_f001357.jpg,1
20260617_013709_MSWUEP_c009_right_f002708.jpg,1
20260617_013709_MSWUEP_c009_right_f004508.jpg,1
20260617_062027_LWSSLS_c002_left_f004268.jpg,1
20260617_062027_LWSSLS_c002_right_f000457.jpg,1
20260617_062027_LWSSLS_c002_right_f001357.jpg,1
20260617_083657_XMJCUJ_c010_left_f003368.jpg,1
20260617_083657_XMJCUJ_c010_right_f004958.jpg,1
20260617_150508_HUVMGS_c008_left_f002468.jpg,1
20260618_004338_FXGGPU_c033_left_f001807.jpg,1
20260618_005757_HQKWFZ_c025_right_f000472.jpg,1
20260618_005757_HQKWFZ_c025_right_f003262.jpg,1
20260618_005757_HQKWFZ_c025_right_f005123.jpg,1
20260618_033755_WTXZCT_c001_left_f003368.jpg,1
20260618_044415_LSYCBH_c009_right_f003158.jpg,1
20260618_044415_LSYCBH_c009_right_f004508.jpg,1
20260618_044415_LSYCBH_c009_right_f004958.jpg,1
20260618_055948_ZEPBGM_c006_left_f000217.jpg,1
20260618_055948_ZEPBGM_c006_right_f000457.jpg,1
20260618_055948_ZEPBGM_c006_right_f004058.jpg,1
20260618_080802_ESGNQN_c008_right_f006053.jpg,1
20260618_085050_NYQQUG_c008_left_f000224.jpg,1
20260618_085050_NYQQUG_c008_right_f004658.jpg,1
20260618_085428_FDYZEY_c000_left_f000097.jpg,1
20260618_085428_FDYZEY_c000_right_f002257.jpg,1
20260618_085428_FDYZEY_c000_right_f002708.jpg,1
20260618_085428_FDYZEY_c000_right_f004058.jpg,1
20260619_012606_YRYTYA_c005_left_f005588.jpg,1
20260619_044554_LCBWWV_c021_left_f000097.jpg,1
20260620_005622_LACTXH_c028_left_f005588.jpg,1
20260620_033547_UWWULG_c006_left_f002549.jpg,1
20260620_033547_UWWULG_c006_right_f002797.jpg,1
20260620_050750_YZTPKP_c017_left_f001867.jpg,1
20260620_050750_YZTPKP_c017_right_f004658.jpg,1
20260620_053332_GPFAAV_c010_left_f003608.jpg,1
20260620_053332_GPFAAV_c010_right_f002708.jpg,1
20260620_064235_EXSXET_c004_right_f002708.jpg,1
20260620_074113_RQTVFY_c012_left_f002549.jpg,1
20260620_074113_RQTVFY_c012_left_f003479.jpg,1
20260620_074113_RQTVFY_c012_left_f004410.jpg,1
20260620_090311_RFWHMK_c003_right_f002708.jpg,1
20260620_103127_BHBJKY_c018_left_f003368.jpg,1
20260620_103127_BHBJKY_c018_left_f005408.jpg,1
20260621_005632_UCHAVK_c025_right_f002332.jpg,1
20260621_054122_JZSFQG_c025_left_f003728.jpg,1
20260621_054122_JZSFQG_c025_left_f005340.jpg,1
20260621_060344_QRZMHW_c009_left_f000097.jpg,1
20260621_133135_JSQHNF_c002_right_f005123.jpg,1
20260622_002533_KTSJAS_c033_left_f000097.jpg,1
20260622_002533_KTSJAS_c033_right_f001357.jpg,1
20260622_013015_JGVWGQ_c080_right_f000457.jpg,1
20260622_052732_KHDJDW_c038_right_f002257.jpg,1
20260622_052843_UDRQJP_c038_left_f005408.jpg,1
20260622_052843_UDRQJP_c038_right_f000457.jpg,1
20260622_052843_UDRQJP_c038_right_f003158.jpg,1
20260622_052843_UDRQJP_c038_right_f004958.jpg,1
20260622_054648_PBVJXH_c036_left_f001567.jpg,1
20260622_054648_PBVJXH_c036_right_f006758.jpg,1
20260622_055004_DUYHKN_c036_left_f003368.jpg,1
20260622_055004_DUYHKN_c036_right_f002257.jpg,1
20260622_055004_DUYHKN_c036_right_f006308.jpg,1
20260622_061917_QZKUNS_c021_left_f000100.jpg,1
20260622_061917_QZKUNS_c021_left_f000689.jpg,1
20260622_061917_QZKUNS_c021_left_f005340.jpg,1
20260622_062229_RARVBV_c010_left_f005340.jpg,1
20260622_062229_RARVBV_c010_right_f004193.jpg,1
20260622_062229_RARVBV_c010_right_f006053.jpg,1
20260622_064335_SHARTZ_c020_left_f000097.jpg,1
20260622_093432_QLUXMM_c023_right_f002257.jpg,1
20260622_094752_BBXNAL_c001_left_f000286.jpg,1
20260622_094752_BBXNAL_c001_left_f001619.jpg,1
20260622_094752_BBXNAL_c001_left_f002549.jpg,1
20260622_094752_BBXNAL_c001_left_f004410.jpg,1
20260622_094752_BBXNAL_c001_right_f004193.jpg,1
20260622_100232_FDEMMA_c002_right_f002257.jpg,1
20260622_100232_FDEMMA_c002_right_f003158.jpg,1
20260622_100232_FDEMMA_c002_right_f005858.jpg,1
20260622_134140_GABNWC_c000_left_f004268.jpg,1
20260622_134140_GABNWC_c000_right_f006308.jpg,1
20260623_004311_BVAYFV_c027_right_f000472.jpg,1
20260623_004311_BVAYFV_c027_right_f001402.jpg,1
20260623_004311_BVAYFV_c027_right_f004658.jpg,1
20260623_010204_ZRZNKN_c028_left_f004268.jpg,1
20260623_014253_VUAKTQ_c001_left_f002549.jpg,1
20260623_014253_VUAKTQ_c001_right_f002332.jpg,1
20260623_014253_VUAKTQ_c001_right_f002797.jpg,1
20260623_014253_VUAKTQ_c001_right_f003262.jpg,1
20260623_020620_TESDZD_c005_right_f005123.jpg,1
20260623_031634_TVAVCU_c000_right_f000472.jpg,1
20260623_050644_XBEQHB_c023_left_f005340.jpg,1
20260623_050644_XBEQHB_c023_right_f002332.jpg,1
20260623_050644_XBEQHB_c023_right_f002797.jpg,1
20260623_055508_WQXMTF_c024_left_f000667.jpg,1
20260623_055508_WQXMTF_c024_left_f002468.jpg,1
20260623_055508_WQXMTF_c024_left_f003368.jpg,1
20260623_075748_PVRGRT_c005_left_f000689.jpg,1
20260623_103842_TSYJTN_c030_left_f004268.jpg,1
20260623_103842_TSYJTN_c030_right_f002708.jpg,1
20260623_110411_SZCNMP_c000_left_f001619.jpg,1
20260623_110411_SZCNMP_c000_left_f002549.jpg,1
20260623_110411_SZCNMP_c000_right_f004193.jpg,1
20260623_144022_TARJWM_c003_left_f000689.jpg,1
20260623_144022_TARJWM_c003_left_f005340.jpg,1
20260623_144022_TARJWM_c003_right_f004193.jpg,1
20260623_221009_XDCUMG_c001_right_f000472.jpg,1
20260623_221009_XDCUMG_c001_right_f002797.jpg,1
20260624_000153_PWCBAK_c027_left_f000097.jpg,1
20260624_000153_PWCBAK_c027_left_f000667.jpg,1
20260624_000153_PWCBAK_c027_left_f001567.jpg,1
20260624_000153_PWCBAK_c027_left_f003608.jpg,1
20260624_000153_PWCBAK_c027_right_f003158.jpg,1
20260624_003109_MAULUJ_c014_right_f002257.jpg,1
20260624_005554_CYNHUW_c023_left_f000217.jpg,1
20260624_005554_CYNHUW_c023_left_f000667.jpg,1
20260624_010455_SYUXDE_c024_left_f005340.jpg,1
20260624_010455_SYUXDE_c024_right_f006518.jpg,1
20260624_010455_SYUXDE_c024_right_f006983.jpg,1
20260624_010948_RQPVEM_c015_left_f000100.jpg,1
20260624_010948_RQPVEM_c015_left_f001867.jpg,1
20260624_010948_RQPVEM_c015_right_f000937.jpg,1
20260624_010948_RQPVEM_c015_right_f005123.jpg,1
20260624_014745_QSGWWF_c005_left_f000667.jpg,1
20260624_014745_QSGWWF_c005_left_f005168.jpg,1
20260624_051738_SBNBTV_c016_left_f002549.jpg,1
20260624_051738_SBNBTV_c016_left_f003728.jpg,1
20260624_051738_SBNBTV_c016_right_f004193.jpg,1
20260624_051738_SBNBTV_c016_right_f006518.jpg,1
20260624_073047_VDTYQE_c001_right_f004193.jpg,1
20260624_073047_VDTYQE_c001_right_f006518.jpg,1
20260624_080134_DAYFUK_c009_right_f000472.jpg,1
20260624_080134_DAYFUK_c009_right_f004193.jpg,1
20260624_080134_DAYFUK_c009_right_f004658.jpg,1
20260624_080134_DAYFUK_c009_right_f006053.jpg,1
20260625_001516_JYDKCT_c016_left_f000100.jpg,1
20260625_023558_TWDZCG_c008_left_f005408.jpg,1
20260625_023558_TWDZCG_c008_right_f002257.jpg,1
20260625_023558_TWDZCG_c008_right_f003158.jpg,1
20260625_023558_TWDZCG_c008_right_f004958.jpg,1
20260625_051217_QLEANE_c016_left_f000286.jpg,1
20260625_051217_QLEANE_c016_left_f001867.jpg,1
20260625_051217_QLEANE_c016_right_f005123.jpg,1
20260625_061548_KWNYPR_c024_left_f001567.jpg,1
20260625_061548_KWNYPR_c024_left_f001807.jpg,1
20260625_061548_KWNYPR_c024_right_f000907.jpg,1
20260625_061548_KWNYPR_c024_right_f004058.jpg,1
20260625_061548_KWNYPR_c024_right_f004508.jpg,1
20260625_062955_WNRWYS_c030_left_f000689.jpg,1
20260625_062955_WNRWYS_c030_left_f002549.jpg,1
20260625_073913_FEELYM_c012_left_f001619.jpg,1
20260625_073913_FEELYM_c012_right_f000937.jpg,1
20260625_092522_MVXZQG_c003_left_f000097.jpg,1
20260625_092522_MVXZQG_c003_left_f000277.jpg,1
20260625_092522_MVXZQG_c003_right_f005858.jpg,1
20260625_095058_JJHJDC_c006_left_f000100.jpg,1
20260625_095058_JJHJDC_c006_left_f000689.jpg,1
20260625_095058_JJHJDC_c006_left_f002549.jpg,1
20260625_095058_JJHJDC_c006_right_f003262.jpg,1
20260625_153001_JQRFUE_c001_right_f002332.jpg,1
20260625_153001_JQRFUE_c001_right_f006518.jpg,1
20260626_005027_HYLSJG_c026_left_f005588.jpg,1
20260626_005027_HYLSJG_c026_right_f006053.jpg,1
20260626_051629_DYLHCK_c017_left_f003728.jpg,1
20260626_051629_DYLHCK_c017_left_f005588.jpg,1
20260626_051629_DYLHCK_c017_right_f003262.jpg,1
20260626_052028_EQNSTX_c016_left_f003728.jpg,1
20260626_052028_EQNSTX_c016_right_f003262.jpg,1
20260626_052028_EQNSTX_c016_right_f006518.jpg,1
20260626_052028_EQNSTX_c016_right_f006983.jpg,1
20260626_070533_WEYVJP_c007_left_f002549.jpg,1
20260626_070533_WEYVJP_c007_left_f003479.jpg,1
20260626_070533_WEYVJP_c007_right_f002797.jpg,1
20260626_072639_XFJKAN_c001_left_f005340.jpg,1
20260626_072639_XFJKAN_c001_right_f005123.jpg,1
20260626_072822_KRKRLU_c014_right_f000472.jpg,1
20260626_080524_AUYLMK_c010_left_f002468.jpg,1
20260626_080524_AUYLMK_c010_right_f002257.jpg,1
20260626_083533_WTPQYQ_c008_left_f005408.jpg,1
20260626_083533_WTPQYQ_c008_right_f005858.jpg,1
20260626_090730_JKULUS_c000_left_f004268.jpg,1
20260626_090730_JKULUS_c000_right_f002257.jpg,1
20260626_094651_NGRUCH_c009_left_f000100.jpg,1
20260626_094651_NGRUCH_c009_right_f001402.jpg,1
20260626_094651_NGRUCH_c009_right_f006053.jpg,1
20260626_231727_UJQYQX_c006_right_f002797.jpg,1
20260627_004523_TYMMTQ_c026_left_f000100.jpg,1
20260627_004523_TYMMTQ_c026_left_f000224.jpg,1
20260627_004523_TYMMTQ_c026_right_f000937.jpg,1
20260627_004523_TYMMTQ_c026_right_f004193.jpg,1
20260627_004523_TYMMTQ_c026_right_f006518.jpg,1
20260627_004836_KUGSCM_c031_left_f003608.jpg,1
20260627_004836_KUGSCM_c031_right_f004958.jpg,1
20260627_011416_JWZJLL_c005_right_f005858.jpg,1
20260627_011416_JWZJLL_c005_right_f006758.jpg,1
20260627_014856_FMXUZU_c011_left_f001567.jpg,1
20260627_030617_QLFXWJ_c009_left_f000224.jpg,1
20260627_030617_QLFXWJ_c009_left_f002549.jpg,1
20260627_030617_QLFXWJ_c009_left_f005588.jpg,1
20260627_030617_QLFXWJ_c009_right_f000937.jpg,1
20260627_071609_PBGRWT_c004_left_f003728.jpg,1
20260627_071609_PBGRWT_c004_right_f000937.jpg,1
20260627_071609_PBGRWT_c004_right_f006518.jpg,1
20260627_074156_GXYYGL_c012_left_f003728.jpg,1
20260627_074156_GXYYGL_c012_right_f000937.jpg,1
20260627_074156_GXYYGL_c012_right_f001402.jpg,1
20260627_074156_GXYYGL_c012_right_f006053.jpg,1
20260627_074832_RQDECM_c010_left_f004410.jpg,1
20260627_074832_RQDECM_c010_left_f005340.jpg,1
20260627_074832_RQDECM_c010_right_f003262.jpg,1
20260627_074832_RQDECM_c010_right_f004193.jpg,1
20260627_074832_RQDECM_c010_right_f006983.jpg,1
20260627_081244_NTTFGQ_c008_left_f000689.jpg,1
20260627_081244_NTTFGQ_c008_left_f004410.jpg,1
20260627_081244_NTTFGQ_c008_right_f006983.jpg,1
20260627_131757_HXTXXW_c003_left_f000286.jpg,1
20260627_224410_LHYRQW_c002_right_f004193.jpg,1
20260627_224410_LHYRQW_c002_right_f006518.jpg,1
20260628_003830_JTXGUN_c031_left_f000217.jpg,1
20260628_003830_JTXGUN_c031_left_f000277.jpg,1
20260628_003830_JTXGUN_c031_left_f003368.jpg,1
20260628_003830_JTXGUN_c031_right_f004058.jpg,1
20260629_021054_YMSSVK_c017_right_f005858.jpg,1
20260629_031402_SWNLKE_c014_right_f006518.jpg,1
20260629_053700_VLWHUC_c038_left_f002468.jpg,1
20260629_053700_VLWHUC_c038_left_f003608.jpg,1
20260629_053700_VLWHUC_c038_right_f002257.jpg,1
20260629_053700_VLWHUC_c038_right_f004058.jpg,1
20260629_053700_VLWHUC_c038_right_f005858.jpg,1
20260629_053809_YSPHUM_c038_right_f000457.jpg,1
20260629_053809_YSPHUM_c038_right_f001357.jpg,1
20260629_053809_YSPHUM_c038_right_f004508.jpg,1
20260629_053809_YSPHUM_c038_right_f005858.jpg,1
20260629_060608_VXDDXR_c021_left_f005340.jpg,1
20260629_063247_KGXZGL_c002_right_f000472.jpg,1
20260629_063247_KGXZGL_c002_right_f002332.jpg,1
20260629_063247_KGXZGL_c002_right_f002797.jpg,1
20260629_063247_KGXZGL_c002_right_f003262.jpg,1
20260629_064430_ENBDRG_c002_left_f000100.jpg,1
20260629_064430_ENBDRG_c002_left_f003479.jpg,1
20260629_064430_ENBDRG_c002_left_f005340.jpg,1
20260629_082246_XAPZMK_c003_left_f004410.jpg,1
20260629_082246_XAPZMK_c003_right_f006518.jpg,1
20260629_103731_TZQRSG_c016_left_f000217.jpg,1
20260629_103731_TZQRSG_c016_right_f001357.jpg,1
20260629_103731_TZQRSG_c016_right_f002257.jpg,1
20260629_103731_TZQRSG_c016_right_f003158.jpg,1
20260629_103731_TZQRSG_c016_right_f004958.jpg,1
20260629_103731_TZQRSG_c016_right_f005858.jpg,1
20260630_010722_APTVSA_c023_right_f000937.jpg,1
20260630_010722_APTVSA_c023_right_f001402.jpg,1
20260630_010722_APTVSA_c023_right_f004193.jpg,1
20260630_010722_APTVSA_c023_right_f006053.jpg,1
20260630_042541_NMQQRV_c012_right_f001402.jpg,1
20260630_051428_WGGPWG_c017_right_f000472.jpg,1
20260630_053033_XLJXVX_c010_left_f002468.jpg,1
20260630_053033_XLJXVX_c010_right_f001357.jpg,1
20260630_070439_ZRHKYU_c025_left_f000097.jpg,1
20260630_070439_ZRHKYU_c025_left_f001567.jpg,1
20260630_070439_ZRHKYU_c025_right_f002257.jpg,1
20260630_070439_ZRHKYU_c025_right_f004958.jpg,1
20260630_075625_XRKEVW_c000_right_f002797.jpg,1
20260630_080950_CTTSXA_c008_left_f002549.jpg,1
20260630_080950_CTTSXA_c008_left_f005340.jpg,1
20260630_080950_CTTSXA_c008_right_f000472.jpg,1
20260630_080950_CTTSXA_c008_right_f003262.jpg,1
20260630_080950_CTTSXA_c008_right_f004658.jpg,1
20260630_080950_CTTSXA_c008_right_f005123.jpg,1
20260630_080950_CTTSXA_c008_right_f006983.jpg,1
20260630_135851_QEEYJJ_c001_left_f003608.jpg,1
20260701_001118_UAQKVZ_c036_left_f003368.jpg,1
20260701_001235_YSMXVH_c036_left_f000097.jpg,1
20260701_052552_NCARDR_c012_left_f004268.jpg,1
20260701_052552_NCARDR_c012_right_f004958.jpg,1
20260701_063330_JNCUKC_c016_right_f000457.jpg,1
20260701_084243_WMXBRQ_c001_left_f001567.jpg,1
20260701_084243_WMXBRQ_c001_left_f003368.jpg,1
20260701_084243_WMXBRQ_c001_right_f001357.jpg,1
20260701_101041_LRYLYN_c002_left_f000097.jpg,1
20260701_101041_LRYLYN_c002_left_f000277.jpg,1
20260701_101041_LRYLYN_c002_right_f000457.jpg,1
20260701_101041_LRYLYN_c002_right_f004058.jpg,1
20260701_195955_NYAMPG_c002_left_f000286.jpg,1
20260701_195955_NYAMPG_c002_left_f000689.jpg,1
20260702_022010_LHJJUF_c018_left_f000217.jpg,1
20260702_022010_LHJJUF_c018_left_f000277.jpg,1
20260702_080421_RDBFJD_c007_right_f003262.jpg,1
20260702_101116_TMHJCM_c002_right_f000907.jpg,1
20260702_101116_TMHJCM_c002_right_f004058.jpg,1
20260702_133301_TATKYT_c011_right_f001402.jpg,1
20260702_133301_TATKYT_c011_right_f003262.jpg,1
20260703_005509_UKTUUK_c036_right_f002797.jpg,1
20260703_012015_FNGRRA_c001_left_f000286.jpg,1
20260703_023414_CCUYLE_c003_left_f000224.jpg,1
20260703_023414_CCUYLE_c003_left_f004410.jpg,1
20260703_023414_CCUYLE_c003_right_f004658.jpg,1
20260703_051153_ESXYWH_c000_left_f001619.jpg,1
20260703_051153_ESXYWH_c000_right_f000937.jpg,1
20260703_051153_ESXYWH_c000_right_f006518.jpg,1
20260703_060611_CFJJCQ_c032_left_f005408.jpg,1
20260703_060611_CFJJCQ_c032_right_f000907.jpg,1
20260703_060611_CFJJCQ_c032_right_f001357.jpg,1
20260703_060611_CFJJCQ_c032_right_f006308.jpg,1
20260703_061855_LRHCTF_c023_right_f006308.jpg,1
20260703_061855_LRHCTF_c023_right_f006758.jpg,1
20260703_065628_ZXKUYX_c000_right_f002708.jpg,1
20260703_073848_ZMELZL_c002_left_f000277.jpg,1
20260703_073848_ZMELZL_c002_left_f000667.jpg,1
20260703_073848_ZMELZL_c002_left_f003368.jpg,1
20260703_073848_ZMELZL_c002_right_f000457.jpg,1
20260703_073848_ZMELZL_c002_right_f002708.jpg,1
20260703_082947_WCVYWN_c012_left_f005408.jpg,1
20260703_082947_WCVYWN_c012_right_f004058.jpg,1
20260703_082947_WCVYWN_c012_right_f006758.jpg,1
20260703_084112_BBFZBD_c000_left_f000097.jpg,1
20260703_084112_BBFZBD_c000_left_f001807.jpg,1
20260703_084112_BBFZBD_c000_left_f003368.jpg,1
20260703_084112_BBFZBD_c000_left_f003608.jpg,1
20260703_084112_BBFZBD_c000_right_f005858.jpg,1
20260703_093140_LESYKU_c023_left_f004268.jpg,1
20260703_093140_LESYKU_c023_right_f005858.jpg,1
20260703_093218_EXZXEN_c003_right_f006518.jpg,1
20260703_103303_EWVXNZ_c013_left_f001807.jpg,1
20260703_103303_EWVXNZ_c013_left_f003368.jpg,1
20260703_103303_EWVXNZ_c013_left_f003608.jpg,1
20260703_103303_EWVXNZ_c013_left_f004268.jpg,1
20260703_103303_EWVXNZ_c013_right_f001357.jpg,1
20260703_110027_HMUKYA_c004_right_f006308.jpg,1
20260704_022844_GJSKJW_c011_left_f001567.jpg,1
20260704_022844_GJSKJW_c011_right_f001357.jpg,1
20260704_033150_CATUUN_c010_left_f005168.jpg,1
20260704_033150_CATUUN_c010_right_f005858.jpg,1
20260704_053636_BNCVCH_c033_right_f004058.jpg,1
20260704_053636_BNCVCH_c033_right_f006308.jpg,1
20260704_063834_AVBWBY_c014_left_f000667.jpg,1
20260704_063834_AVBWBY_c014_left_f001567.jpg,1
20260704_063834_AVBWBY_c014_left_f002468.jpg,1
20260704_063834_AVBWBY_c014_right_f004058.jpg,1
20260704_211031_NSGGGH_c003_left_f000689.jpg,1
20260704_211031_NSGGGH_c003_left_f004410.jpg,1
20260705_001054_NQAKGT_c039_left_f003368.jpg,1
20260705_001054_NQAKGT_c039_right_f005858.jpg,1
20260705_001054_NQAKGT_c039_right_f006758.jpg,1
20260705_003608_GPNDJM_c029_left_f000217.jpg,1
20260705_003608_GPNDJM_c029_left_f003608.jpg,1
20260705_003608_GPNDJM_c029_right_f004058.jpg,1
20260705_003608_GPNDJM_c029_right_f006758.jpg,1
20260705_010120_XLHHUH_c039_left_f001567.jpg,1
20260705_012034_XLXPFQ_c032_left_f000667.jpg,1
20260705_012034_XLXPFQ_c032_left_f005408.jpg,1
20260705_012034_XLXPFQ_c032_right_f002257.jpg,1
20260705_012034_XLXPFQ_c032_right_f003158.jpg,1
20260705_012034_XLXPFQ_c032_right_f004058.jpg,1
20260705_012034_XLXPFQ_c032_right_f004958.jpg,1
20260705_042823_GHPNLK_c010_left_f000286.jpg,1
20260705_051041_BERBMM_c048_right_f006308.jpg,1
20260705_053056_TMVEDP_c040_left_f003368.jpg,1
20260705_053056_TMVEDP_c040_right_f003158.jpg,1
20260705_053056_TMVEDP_c040_right_f004058.jpg,1
20260705_053056_TMVEDP_c040_right_f005858.jpg,1
20260706_000240_AYLNUY_c039_left_f000217.jpg,1
20260706_000240_AYLNUY_c039_left_f005168.jpg,1
20260706_000240_AYLNUY_c039_right_f002708.jpg,1
20260706_000240_AYLNUY_c039_right_f006758.jpg,1
20260706_003159_FSDFED_c020_left_f002468.jpg,1
20260706_003159_FSDFED_c020_left_f003608.jpg,1
20260706_003159_FSDFED_c020_right_f000907.jpg,1
20260706_003159_FSDFED_c020_right_f001357.jpg,1
20260706_012943_WTWYVR_c000_left_f005168.jpg,1
20260706_012943_WTWYVR_c000_right_f002257.jpg,1
20260706_012943_WTWYVR_c000_right_f005858.jpg,1
20260706_031944_WQPWSU_c008_left_f002468.jpg,1
20260706_031944_WQPWSU_c008_left_f005168.jpg,1
20260706_031944_WQPWSU_c008_right_f002257.jpg,1
20260706_031944_WQPWSU_c008_right_f005858.jpg,1
20260706_031944_WQPWSU_c008_right_f006308.jpg,1
20260706_034310_HRLKUY_c003_left_f001567.jpg,1
20260706_034310_HRLKUY_c003_left_f001807.jpg,1
20260706_034310_HRLKUY_c003_right_f001357.jpg,1
20260706_034310_HRLKUY_c003_right_f003158.jpg,1
20260706_034310_HRLKUY_c003_right_f004058.jpg,1
20260706_063725_VFFUVE_c003_left_f005340.jpg,1
20260706_063725_VFFUVE_c003_left_f005588.jpg,1
20260706_063725_VFFUVE_c003_right_f006518.jpg,1
20260706_070641_PUEKGS_c029_left_f000217.jpg,1
20260706_070641_PUEKGS_c029_left_f000667.jpg,1
20260706_072334_YNFBHL_c014_right_f001402.jpg,1
20260706_234536_ZPDNBB_c002_right_f004193.jpg,1
20260707_013147_FWAGPW_c003_left_f005340.jpg,1
20260707_014551_LMCWUC_c001_left_f002468.jpg,1
20260707_014551_LMCWUC_c001_right_f003158.jpg,1
20260707_014551_LMCWUC_c001_right_f004058.jpg,1
20260707_014551_LMCWUC_c001_right_f004508.jpg,1
20260707_045931_WAFRZF_c020_right_f005858.jpg,1
20260707_060130_REHDSL_c021_right_f000907.jpg,1
20260707_060130_REHDSL_c021_right_f006308.jpg,1
20260707_065724_BWPAGN_c001_right_f000937.jpg,1
20260707_083917_KFTMLH_c000_right_f003262.jpg,1
20260707_083917_KFTMLH_c000_right_f006518.jpg,1
20260707_110135_TWZHJZ_c004_left_f000097.jpg,1
20260707_110135_TWZHJZ_c004_right_f003158.jpg,1
20260707_115740_DMQGDV_c009_right_f001357.jpg,1
20260707_115740_DMQGDV_c009_right_f005858.jpg,1
20260708_004045_PSYFNJ_c030_right_f001357.jpg,1
20260708_004534_CSMRST_c000_right_f000457.jpg,1
20260708_024833_EAQLSS_c005_left_f000217.jpg,1
20260708_024833_EAQLSS_c005_left_f000277.jpg,1
20260708_024833_EAQLSS_c005_right_f000907.jpg,1
20260708_024833_EAQLSS_c005_right_f001357.jpg,1
20260708_042147_ZKBKJN_c004_right_f001357.jpg,1
20260708_042147_ZKBKJN_c004_right_f002257.jpg,1
20260708_042147_ZKBKJN_c004_right_f006308.jpg,1
20260708_053138_SUZEZT_c038_left_f001807.jpg,1
20260708_053138_SUZEZT_c038_left_f004268.jpg,1
20260708_053138_SUZEZT_c038_right_f002257.jpg,1
20260708_053138_SUZEZT_c038_right_f004058.jpg,1
20260708_054323_LBYCJQ_c008_left_f000277.jpg,1
20260708_054323_LBYCJQ_c008_right_f001357.jpg,1
20260708_054323_LBYCJQ_c008_right_f003158.jpg,1
20260708_060353_VJKXDE_c001_left_f004410.jpg,1
20260708_064526_NFUMHT_c001_left_f001567.jpg,1
20260708_064526_NFUMHT_c001_right_f000907.jpg,1
20260708_064740_AUAUCH_c009_left_f000097.jpg,1
20260708_064740_AUAUCH_c009_left_f000277.jpg,1
20260708_064740_AUAUCH_c009_left_f005168.jpg,1
20260708_064740_AUAUCH_c009_right_f002708.jpg,1
20260708_064740_AUAUCH_c009_right_f006758.jpg,1
20260708_081250_BUKUUD_c022_right_f002708.jpg,1
20260708_081250_BUKUUD_c022_right_f004058.jpg,1
20260708_091647_MWXXQD_c005_left_f002468.jpg,1
20260708_091647_MWXXQD_c005_right_f002257.jpg,1
20260708_091647_MWXXQD_c005_right_f003158.jpg,1
20260708_091647_MWXXQD_c005_right_f004958.jpg,1
20260708_091647_MWXXQD_c005_right_f006758.jpg,1
20260708_093107_CUYSZA_c019_right_f000457.jpg,1
20260708_094229_WVWLMQ_c005_left_f001567.jpg,1
20260708_094229_WVWLMQ_c005_left_f003608.jpg,1
20260708_094229_WVWLMQ_c005_left_f004268.jpg,1
20260708_094229_WVWLMQ_c005_left_f005168.jpg,1
20260708_094229_WVWLMQ_c005_right_f002708.jpg,1
20260708_094229_WVWLMQ_c005_right_f003158.jpg,1
20260708_114936_YNJVWP_c009_left_f000217.jpg,1
20260708_114936_YNJVWP_c009_left_f001807.jpg,1
20260709_000614_CTDDSB_c020_left_f003608.jpg,1
20260709_000614_CTDDSB_c020_left_f004268.jpg,1
20260709_000614_CTDDSB_c020_right_f006308.jpg,1
20260709_015017_EZAQKF_c013_right_f000907.jpg,1
20260709_015017_EZAQKF_c013_right_f001357.jpg,1
20260709_022912_ZVJSXU_c015_right_f000457.jpg,1
20260709_024630_VJJERK_c002_right_f004658.jpg,1
20260709_062113_KBTXDP_c002_left_f003479.jpg,1
20260709_062113_KBTXDP_c002_left_f003728.jpg,1
20260709_062113_KBTXDP_c002_right_f004658.jpg,1
20260709_064925_DQTEUZ_c007_left_f000277.jpg,1
20260709_064925_DQTEUZ_c007_left_f001807.jpg,1
20260709_064925_DQTEUZ_c007_right_f000457.jpg,1
20260709_074727_PRBRQQ_c016_left_f000667.jpg,1
20260709_074727_PRBRQQ_c016_right_f004508.jpg,1
20260709_080925_TFSFSJ_c001_right_f000907.jpg,1
20260709_080925_TFSFSJ_c001_right_f006758.jpg,1
20260709_094609_AVURWP_c003_right_f001402.jpg,1
20260709_094609_AVURWP_c003_right_f004658.jpg,1
20260710_003057_GWDCSB_c003_left_f000100.jpg,1
20260710_003057_GWDCSB_c003_right_f002332.jpg,1
20260710_003057_GWDCSB_c003_right_f006983.jpg,1
20260710_012711_LLDKGA_c027_left_f003368.jpg,1
20260710_012711_LLDKGA_c027_left_f005408.jpg,1
20260710_024852_JTMVDU_c011_left_f003368.jpg,1
20260710_024852_JTMVDU_c011_right_f003158.jpg,1
20260710_024852_JTMVDU_c011_right_f006308.jpg,1
20260710_050032_DHDMQF_c012_left_f004268.jpg,1
20260710_050032_DHDMQF_c012_right_f000907.jpg,1
20260710_050500_SXUMXC_c016_left_f004268.jpg,1
20260710_050500_SXUMXC_c016_right_f001357.jpg,1
20260710_050500_SXUMXC_c016_right_f003158.jpg,1
20260710_050931_NVTVTY_c008_right_f002708.jpg,1
20260710_050931_NVTVTY_c008_right_f003158.jpg,1
20260710_050931_NVTVTY_c008_right_f004058.jpg,1
20260710_050931_NVTVTY_c008_right_f004958.jpg,1
20260710_050931_NVTVTY_c008_right_f005858.jpg,1
20260710_050958_BWFBGE_c000_left_f001567.jpg,1
20260710_050958_BWFBGE_c000_left_f001807.jpg,1
20260710_050958_BWFBGE_c000_left_f005408.jpg,1
20260710_050958_BWFBGE_c000_right_f001357.jpg,1
20260710_050958_BWFBGE_c000_right_f002257.jpg,1
20260710_054516_PUHRQU_c005_left_f003368.jpg,1
20260710_054516_PUHRQU_c005_right_f006308.jpg,1
20260710_060556_EDRXRT_c035_left_f005168.jpg,1
20260710_060556_EDRXRT_c035_right_f000907.jpg,1
20260710_060556_EDRXRT_c035_right_f004508.jpg,1
20260710_060556_EDRXRT_c035_right_f004958.jpg,1
20260710_063156_BZYYLH_c011_left_f000667.jpg,1
20260710_063156_BZYYLH_c011_left_f003368.jpg,1
20260710_063156_BZYYLH_c011_left_f005408.jpg,1
20260710_063156_BZYYLH_c011_right_f002257.jpg,1
20260710_063156_BZYYLH_c011_right_f004508.jpg,1
20260710_070023_XQPEUG_c019_right_f001357.jpg,1
20260710_070023_XQPEUG_c019_right_f005858.jpg,1
20260710_083306_QQXHGW_c009_left_f000097.jpg,1
20260710_083306_QQXHGW_c009_left_f000217.jpg,1
20260710_083306_QQXHGW_c009_right_f004508.jpg,1
20260710_083306_QQXHGW_c009_right_f006308.jpg,1
20260710_100523_EUKWMG_c001_left_f002468.jpg,1
20260710_100523_EUKWMG_c001_left_f004268.jpg,1
20260710_100523_EUKWMG_c001_left_f005168.jpg,1
20260710_100523_EUKWMG_c001_right_f000907.jpg,1
20260710_100523_EUKWMG_c001_right_f004058.jpg,1
20260710_134935_YYTTNP_c009_left_f000667.jpg,1
20260710_134935_YYTTNP_c009_left_f003368.jpg,1
20260710_134935_YYTTNP_c009_left_f003608.jpg,1
20260711_000057_AMLAEE_c001_left_f001567.jpg,1
20260711_000057_AMLAEE_c001_right_f001357.jpg,1
20260711_000057_AMLAEE_c001_right_f004058.jpg,1
20260711_001221_BNXFKU_c008_left_f005168.jpg,1
20260711_001221_BNXFKU_c008_right_f000457.jpg,1
20260711_001221_BNXFKU_c008_right_f006758.jpg,1
20260711_002727_HLFQWZ_c002_left_f003368.jpg,1
20260711_002727_HLFQWZ_c002_right_f000907.jpg,1
20260711_002727_HLFQWZ_c002_right_f004958.jpg,1
20260711_005720_UBRYXZ_c028_left_f000097.jpg,1
20260711_005720_UBRYXZ_c028_left_f001567.jpg,1
20260711_005720_UBRYXZ_c028_right_f002708.jpg,1
20260711_012639_JMDBPP_c000_left_f000097.jpg,1
20260711_012639_JMDBPP_c000_left_f003608.jpg,1
20260711_012639_JMDBPP_c000_right_f006758.jpg,1
20260711_015004_LWWPDD_c001_left_f001567.jpg,1
20260711_015004_LWWPDD_c001_left_f002468.jpg,1
20260711_015004_LWWPDD_c001_left_f003368.jpg,1
20260711_015004_LWWPDD_c001_right_f002708.jpg,1
20260711_015004_LWWPDD_c001_right_f003158.jpg,1
20260711_021331_CJJYSW_c003_left_f004268.jpg,1
20260711_021331_CJJYSW_c003_right_f004058.jpg,1
20260711_023830_APYDSR_c001_left_f000097.jpg,1
20260711_044812_NPXVFY_c009_left_f003368.jpg,1
20260711_044812_NPXVFY_c009_left_f005168.jpg,1
20260711_044812_NPXVFY_c009_right_f001357.jpg,1
20260711_044812_NPXVFY_c009_right_f003158.jpg,1
20260711_054022_BQDEQG_c019_right_f004058.jpg,1
20260711_054022_BQDEQG_c019_right_f004508.jpg,1
20260711_055338_GUUHRR_c002_right_f000907.jpg,1
20260711_055338_GUUHRR_c002_right_f002708.jpg,1
20260711_055338_GUUHRR_c002_right_f004058.jpg,1
20260711_061930_DKDMDT_c031_left_f005408.jpg,1
20260711_061930_DKDMDT_c031_right_f001357.jpg,1
20260711_061930_DKDMDT_c031_right_f002708.jpg,1
20260711_061930_DKDMDT_c031_right_f003158.jpg,1
20260711_064335_XQWJDW_c001_left_f001567.jpg,1
20260711_064335_XQWJDW_c001_left_f002468.jpg,1
20260711_064335_XQWJDW_c001_right_f001357.jpg,1
20260711_064335_XQWJDW_c001_right_f004508.jpg,1
20260711_064335_XQWJDW_c001_right_f005858.jpg,1
20260711_064335_XQWJDW_c001_right_f006308.jpg,1
20260711_072519_MTCQBF_c000_left_f000097.jpg,1
20260711_072519_MTCQBF_c000_left_f000667.jpg,1
20260711_072519_MTCQBF_c000_left_f005408.jpg,1
20260711_095233_NVVMDW_c004_right_f005123.jpg,1
20260711_095233_NVVMDW_c004_right_f006983.jpg,1
20260711_234354_QBVMGW_c049_left_f000667.jpg,1
20260711_234354_QBVMGW_c049_right_f004058.jpg,1
20260711_234354_QBVMGW_c049_right_f004508.jpg,1
20260711_234354_QBVMGW_c049_right_f004958.jpg,1
20260712_011908_CEALJZ_c028_left_f000667.jpg,1
20260712_011908_CEALJZ_c028_right_f004508.jpg,1
20260712_040601_HFUCSV_c007_left_f003368.jpg,1
20260712_040601_HFUCSV_c007_left_f004268.jpg,1
20260712_040601_HFUCSV_c007_right_f005858.jpg,1
20260712_045912_LBNNPF_c019_left_f003368.jpg,1
20260712_045912_LBNNPF_c019_right_f002708.jpg,1
20260712_050313_TKJXAS_c028_left_f003368.jpg,1
20260712_082321_HVADNA_c000_right_f003262.jpg,1
20260712_085639_KQYKGK_c001_left_f000277.jpg,1
20260712_085639_KQYKGK_c001_right_f000457.jpg,1
20260712_085639_KQYKGK_c001_right_f000907.jpg,1
20260712_085639_KQYKGK_c001_right_f004058.jpg,1
20260712_085639_KQYKGK_c001_right_f004958.jpg,1
20260712_085639_KQYKGK_c001_right_f006758.jpg,1
20260712_162511_XZJTLP_c003_right_f006053.jpg,1
20260713_003333_SYVGFS_c033_left_f003608.jpg,1
20260713_011627_PWJPQQ_c004_left_f002549.jpg,1
20260713_011627_PWJPQQ_c004_right_f002797.jpg,1
20260713_011627_PWJPQQ_c004_right_f006053.jpg,1
20260713_012900_NDWABY_c004_left_f000277.jpg,1
20260713_012900_NDWABY_c004_left_f001807.jpg,1
20260713_012900_NDWABY_c004_right_f000907.jpg,1
20260713_012900_NDWABY_c004_right_f002257.jpg,1
20260713_012900_NDWABY_c004_right_f002708.jpg,1
20260713_012900_NDWABY_c004_right_f004058.jpg,1
20260713_015849_HKZZSZ_c020_left_f003368.jpg,1
20260713_015849_HKZZSZ_c020_right_f001357.jpg,1
20260713_023006_CJABJZ_c002_right_f004193.jpg,1
20260713_023357_GTHXHB_c003_left_f003368.jpg,1
20260713_023357_GTHXHB_c003_left_f004268.jpg,1
20260713_023357_GTHXHB_c003_left_f005408.jpg,1
20260713_032038_NUYXJQ_c002_right_f004058.jpg,1
20260713_033559_DVVQFH_c000_right_f002708.jpg,1
20260713_045647_WYDLDG_c003_left_f004268.jpg,1
20260713_051756_MDJNTB_c021_left_f001567.jpg,1
20260713_051756_MDJNTB_c021_right_f000907.jpg,1
20260713_051756_MDJNTB_c021_right_f004058.jpg,1
20260713_051756_MDJNTB_c021_right_f006308.jpg,1
20260713_053458_LYDGAH_c037_right_f006758.jpg,1
20260713_062948_CFVVWN_c008_left_f001567.jpg,1
20260713_062948_CFVVWN_c008_right_f001357.jpg,1
20260713_062948_CFVVWN_c008_right_f006308.jpg,1
20260713_065913_WYYZJU_c003_right_f006758.jpg,1
20260713_070750_EXNVUX_c004_left_f003608.jpg,1
20260713_070750_EXNVUX_c004_left_f004268.jpg,1
20260713_070750_EXNVUX_c004_right_f000457.jpg,1
20260713_070750_EXNVUX_c004_right_f002708.jpg,1
20260713_072000_JDBHQR_c001_right_f004058.jpg,1
20260713_074251_XZTGNR_c001_left_f000667.jpg,1
20260713_074251_XZTGNR_c001_right_f002708.jpg,1
20260713_074251_XZTGNR_c001_right_f004058.jpg,1
20260713_074541_DVVZBH_c019_left_f000277.jpg,1
20260713_074541_DVVZBH_c019_left_f003368.jpg,1
20260713_074541_DVVZBH_c019_left_f003608.jpg,1
20260713_074541_DVVZBH_c019_right_f006758.jpg,1
20260713_081909_UUYVQD_c006_right_f003158.jpg,1
20260713_081909_UUYVQD_c006_right_f004058.jpg,1
20260713_082006_DYPPFZ_c006_left_f005588.jpg,1
20260713_082006_DYPPFZ_c006_right_f000472.jpg,1
20260713_082006_DYPPFZ_c006_right_f002797.jpg,1
20260713_082006_DYPPFZ_c006_right_f003262.jpg,1
20260713_082006_DYPPFZ_c006_right_f004658.jpg,1
20260713_082006_DYPPFZ_c006_right_f006983.jpg,1
20260713_090000_SEHTND_c000_right_f006308.jpg,1
20260713_232044_VGUYCR_c021_right_f000907.jpg,1
20260713_232044_VGUYCR_c021_right_f004058.jpg,1
20260713_232044_VGUYCR_c021_right_f005858.jpg,1
20260714_001211_WXDMCS_c002_left_f004410.jpg,1
20260714_001211_WXDMCS_c002_right_f004193.jpg,1
20260714_005919_XQGPMQ_c016_left_f001807.jpg,1
20260714_005919_XQGPMQ_c016_right_f002708.jpg,1
20260714_012037_ULEECN_c000_left_f002468.jpg,1
20260714_012037_ULEECN_c000_right_f001357.jpg,1
20260714_012037_ULEECN_c000_right_f002257.jpg,1
20260714_013959_NESBPG_c007_left_f005168.jpg,1
20260714_013959_NESBPG_c007_left_f005408.jpg,1
20260714_013959_NESBPG_c007_right_f000457.jpg,1
20260714_013959_NESBPG_c007_right_f004958.jpg,1
20260714_013959_NESBPG_c007_right_f006308.jpg,1
20260714_023430_VAHGRB_c012_right_f000907.jpg,1
20260714_023430_VAHGRB_c012_right_f002708.jpg,1
20260714_023511_GMUUZQ_c013_right_f000457.jpg,1
20260714_023511_GMUUZQ_c013_right_f004508.jpg,1
20260714_042236_TDRXBD_c000_left_f002468.jpg,1
20260714_042236_TDRXBD_c000_left_f005168.jpg,1
20260714_042236_TDRXBD_c000_right_f002708.jpg,1
20260714_045522_BZMDXR_c012_right_f000457.jpg,1
20260714_045522_BZMDXR_c012_right_f000907.jpg,1
20260714_045522_BZMDXR_c012_right_f002708.jpg,1
20260714_053400_ZVZKAW_c032_right_f002257.jpg,1
20260714_053400_ZVZKAW_c032_right_f002708.jpg,1
20260714_053750_TDWYGQ_c011_left_f001567.jpg,1
20260714_053750_TDWYGQ_c011_right_f002257.jpg,1
20260714_053750_TDWYGQ_c011_right_f004958.jpg,1
20260714_053807_WMSQDG_c032_left_f005168.jpg,1
20260714_053807_WMSQDG_c032_left_f005408.jpg,1
20260714_053807_WMSQDG_c032_right_f004508.jpg,1
20260714_064643_KKGTPN_c020_left_f002468.jpg,1
20260714_064643_KKGTPN_c020_right_f001357.jpg,1
20260714_064643_KKGTPN_c020_right_f004508.jpg,1
20260714_065713_MLADCM_c050_right_f002708.jpg,1
20260714_071103_DMCSDB_c004_left_f000097.jpg,1
20260714_071103_DMCSDB_c004_left_f000217.jpg,1
20260714_071103_DMCSDB_c004_right_f004958.jpg,1
20260714_071103_DMCSDB_c004_right_f006758.jpg,1
20260714_081741_PATJEV_c010_right_f000472.jpg,1
20260714_084909_PFBUQE_c000_left_f002549.jpg,1
20260714_091339_UVGGFD_c009_right_f004058.jpg,1
20260714_114948_UWUEZD_c002_right_f004058.jpg,1
20260714_121855_MHTZZR_c002_right_f000457.jpg,1
20260714_175539_RXZECP_c000_right_f006983.jpg,1
20260715_002034_MLEWDS_c033_left_f002468.jpg,1
20260715_002034_MLEWDS_c033_left_f004268.jpg,1
20260715_002034_MLEWDS_c033_right_f004958.jpg,1
20260715_002034_MLEWDS_c033_right_f005858.jpg,1
20260715_002034_MLEWDS_c033_right_f006758.jpg,1
20260715_003401_SSZHQF_c031_left_f000667.jpg,1
20260715_003401_SSZHQF_c031_left_f005168.jpg,1
20260715_003401_SSZHQF_c031_right_f005858.jpg,1
20260715_003559_FWTHBM_c032_left_f001567.jpg,1
20260715_003559_FWTHBM_c032_right_f000457.jpg,1
20260715_003731_MEYYFL_c008_left_f000277.jpg,1
20260715_003731_MEYYFL_c008_right_f000907.jpg,1
20260715_003731_MEYYFL_c008_right_f004508.jpg,1
20260715_003731_MEYYFL_c008_right_f004958.jpg,1
20260715_004137_MAURHK_c010_left_f000097.jpg,1
20260715_004137_MAURHK_c010_left_f000277.jpg,1
20260715_004137_MAURHK_c010_left_f003608.jpg,1
20260715_005506_EUTCLN_c015_left_f000097.jpg,1
20260715_005506_EUTCLN_c015_right_f004058.jpg,1
20260715_005506_EUTCLN_c015_right_f006758.jpg,1
20260715_011551_KAGAED_c012_left_f000097.jpg,1
20260715_011551_KAGAED_c012_right_f000907.jpg,1
20260715_014555_DMEKYE_c020_right_f003158.jpg,1
20260715_051620_XQQSTT_c007_left_f003608.jpg,1
20260715_051620_XQQSTT_c007_left_f004268.jpg,1
20260715_051620_XQQSTT_c007_right_f000457.jpg,1
20260715_051620_XQQSTT_c007_right_f004508.jpg,1
20260715_051620_XQQSTT_c007_right_f004958.jpg,1
20260715_051620_XQQSTT_c007_right_f005858.jpg,1
20260715_053246_LHLFZX_c002_right_f006308.jpg,1
20260715_063306_VYVLVP_c030_left_f001619.jpg,1
20260715_063306_VYVLVP_c030_left_f002549.jpg,1
20260715_063306_VYVLVP_c030_left_f003728.jpg,1
20260715_065817_TFBYVR_c009_left_f005408.jpg,1
20260715_065817_TFBYVR_c009_right_f000907.jpg,1
20260715_065817_TFBYVR_c009_right_f002257.jpg,1
20260715_065817_TFBYVR_c009_right_f006758.jpg,1
20260715_082003_CMEDTR_c002_left_f000097.jpg,1
20260715_082003_CMEDTR_c002_left_f000667.jpg,1
20260715_082003_CMEDTR_c002_right_f004508.jpg,1
20260715_082717_KLZKRF_c002_left_f000286.jpg,1
20260715_082717_KLZKRF_c002_right_f004193.jpg,1
20260715_082717_KLZKRF_c002_right_f006518.jpg,1
20260715_091716_ZATFBB_c001_left_f001567.jpg,1
20260715_091716_ZATFBB_c001_right_f000457.jpg,1
20260715_091716_ZATFBB_c001_right_f006758.jpg,1
20260715_092857_LSCRCK_c022_left_f003608.jpg,1
20260715_092857_LSCRCK_c022_right_f002708.jpg,1
20260715_093020_EPPPJJ_c001_left_f000667.jpg,1
20260715_093020_EPPPJJ_c001_right_f000457.jpg,1
20260715_102059_RCCZNL_c002_left_f004410.jpg,1
20260715_102059_RCCZNL_c002_right_f001402.jpg,1
20260715_102059_RCCZNL_c002_right_f006053.jpg,1
20260715_102059_RCCZNL_c002_right_f006983.jpg,1
20260715_102311_HQSXPM_c004_right_f006518.jpg,1
20260715_102311_HQSXPM_c004_right_f006983.jpg,1
20260715_113632_EZRFUQ_c011_left_f005168.jpg,1
20260715_113632_EZRFUQ_c011_right_f004958.jpg,1
20260715_123520_APQMZG_c007_left_f000100.jpg,1
20260715_123520_APQMZG_c007_left_f005340.jpg,1
20260715_123520_APQMZG_c007_right_f000937.jpg,1
20260715_142008_GZHHTD_c005_right_f006758.jpg,1
20260715_144221_XNZXVU_c000_right_f002332.jpg,1
20260715_144221_XNZXVU_c000_right_f002797.jpg,1
20260715_152013_QTKFEC_c000_left_f001619.jpg,1
20260715_152013_QTKFEC_c000_right_f002332.jpg,1
20260715_152013_QTKFEC_c000_right_f005123.jpg,1
20260715_152013_QTKFEC_c000_right_f006983.jpg,1
20260715_152734_ZQRMYX_c000_left_f000286.jpg,1
20260715_152734_ZQRMYX_c000_left_f002549.jpg,1
20260715_152734_ZQRMYX_c000_right_f000937.jpg,1
20260715_152734_ZQRMYX_c000_right_f002797.jpg,1
20260715_152734_ZQRMYX_c000_right_f004193.jpg,1
20260715_152734_ZQRMYX_c000_right_f005123.jpg,1
20260716_003938_TQDZPQ_c032_right_f006758.jpg,1
20260716_005628_BPNKYL_c029_left_f003608.jpg,1
20260716_005628_BPNKYL_c029_left_f005168.jpg,1
20260716_005628_BPNKYL_c029_right_f003158.jpg,1
20260716_005628_BPNKYL_c029_right_f004508.jpg,1
20260716_005628_BPNKYL_c029_right_f004958.jpg,1
20260716_005628_BPNKYL_c029_right_f005858.jpg,1
20260716_010716_KJVDBZ_c027_left_f000097.jpg,1
20260716_010716_KJVDBZ_c027_left_f005168.jpg,1
20260716_010716_KJVDBZ_c027_right_f000457.jpg,1
20260716_010716_KJVDBZ_c027_right_f004058.jpg,1
20260716_010716_KJVDBZ_c027_right_f006758.jpg,1
20260716_013531_FGHPJR_c024_left_f004268.jpg,1
20260716_013721_EVPKQV_c020_left_f000097.jpg,1
20260716_013721_EVPKQV_c020_right_f000457.jpg,1
20260716_013721_EVPKQV_c020_right_f000907.jpg,1
20260716_013721_EVPKQV_c020_right_f004958.jpg,1
20260716_015936_HBBKRH_c003_left_f000217.jpg,1
20260716_021622_FPRHMJ_c006_left_f000097.jpg,1
20260716_021622_FPRHMJ_c006_right_f002708.jpg,1
20260716_021622_FPRHMJ_c006_right_f003158.jpg,1
20260716_021626_TKWTAW_c034_left_f000667.jpg,1
20260716_021626_TKWTAW_c034_left_f002468.jpg,1
20260716_021626_TKWTAW_c034_right_f005858.jpg,1
20260716_022858_KETUQX_c012_left_f000277.jpg,1
20260716_022858_KETUQX_c012_left_f000667.jpg,1
20260716_022858_KETUQX_c012_right_f003158.jpg,1
20260716_030314_BRTQDC_c005_left_f000217.jpg,1
20260716_030314_BRTQDC_c005_right_f004508.jpg,1
20260716_030314_BRTQDC_c005_right_f006308.jpg,1
20260716_030314_BRTQDC_c005_right_f006758.jpg,1
20260716_031314_TAHGQE_c000_right_f005123.jpg,1
20260716_032127_BPYFLN_c006_left_f004268.jpg,1
20260716_032127_BPYFLN_c006_right_f002257.jpg,1
20260716_032127_BPYFLN_c006_right_f003158.jpg,1
20260716_042837_MLAPPU_c012_left_f000097.jpg,1
20260716_042837_MLAPPU_c012_right_f000457.jpg,1
20260716_042837_MLAPPU_c012_right_f001357.jpg,1
20260716_042837_MLAPPU_c012_right_f006308.jpg,1
20260716_050119_SRFYZX_c019_left_f002468.jpg,1
20260716_050119_SRFYZX_c019_right_f001357.jpg,1
20260716_050119_SRFYZX_c019_right_f004058.jpg,1
20260716_053408_MSZJBX_c044_left_f001807.jpg,1
20260716_053408_MSZJBX_c044_right_f005858.jpg,1
20260716_053744_CNKYUM_c002_right_f000907.jpg,1
20260716_054056_ZACLAU_c011_left_f000277.jpg,1
20260716_054056_ZACLAU_c011_left_f005168.jpg,1
20260716_054154_UXHQVX_c041_right_f004058.jpg,1
20260716_060111_LLGLWM_c019_left_f000277.jpg,1
20260716_060111_LLGLWM_c019_left_f000667.jpg,1
20260716_060111_LLGLWM_c019_left_f002468.jpg,1
20260716_060111_LLGLWM_c019_left_f004268.jpg,1
20260716_060111_LLGLWM_c019_right_f002257.jpg,1
20260716_061659_VPLVCL_c000_left_f000100.jpg,1
20260716_061659_VPLVCL_c000_right_f000937.jpg,1
20260716_061659_VPLVCL_c000_right_f002332.jpg,1
20260716_061901_BWFRDP_c007_right_f004058.jpg,1
20260716_072759_EYJVTG_c025_left_f004268.jpg,1
20260716_072759_EYJVTG_c025_right_f003158.jpg,1
20260716_072759_EYJVTG_c025_right_f004508.jpg,1
20260716_080856_LTBPLA_c015_left_f000667.jpg,1
20260716_083337_BWKSTL_c000_right_f004958.jpg,1
20260716_083929_JTWKST_c002_left_f004268.jpg,1
20260716_083929_JTWKST_c002_right_f003158.jpg,1
20260716_083929_JTWKST_c002_right_f004958.jpg,1
20260716_085923_PQKKQU_c013_left_f000667.jpg,1
20260716_092913_GWSUKV_c021_right_f001357.jpg,1
20260716_092913_GWSUKV_c021_right_f002257.jpg,1
20260716_092913_GWSUKV_c021_right_f004958.jpg,1
20260716_124144_UAGRGG_c003_left_f003479.jpg,1
20260716_124144_UAGRGG_c003_right_f001402.jpg,1
20260716_124144_UAGRGG_c003_right_f003262.jpg,1
20260716_172409_UHYZVR_c003_left_f000689.jpg,1
20260716_172409_UHYZVR_c003_left_f003479.jpg,1
20260716_172409_UHYZVR_c003_right_f002332.jpg,1
20260717_000541_QVEUMB_c037_right_f004958.jpg,1
20260717_000541_QVEUMB_c037_right_f006308.jpg,1
20260717_000751_XCCKVW_c009_right_f005858.jpg,1
20260717_000751_XCCKVW_c009_right_f006308.jpg,1
20260717_000824_LWVSLS_c037_left_f003368.jpg,1
20260717_000824_LWVSLS_c037_left_f005168.jpg,1
20260717_000824_LWVSLS_c037_right_f003158.jpg,1
20260717_001316_KUKRKG_c035_left_f000277.jpg,1
20260717_001316_KUKRKG_c035_left_f000667.jpg,1
20260717_001316_KUKRKG_c035_right_f000907.jpg,1
20260717_001316_KUKRKG_c035_right_f004058.jpg,1
20260717_002226_SSHFSD_c013_right_f000457.jpg,1
20260717_002226_SSHFSD_c013_right_f004958.jpg,1
20260717_002652_VXLQQF_c034_left_f003368.jpg,1
20260717_002652_VXLQQF_c034_left_f003608.jpg,1
20260717_002652_VXLQQF_c034_right_f006308.jpg,1
20260717_002756_XWLTGE_c011_left_f002468.jpg,1
20260717_002756_XWLTGE_c011_left_f003368.jpg,1
20260717_002756_XWLTGE_c011_right_f000907.jpg,1
20260717_002756_XWLTGE_c011_right_f002257.jpg,1
20260717_002756_XWLTGE_c011_right_f002708.jpg,1
20260717_002756_XWLTGE_c011_right_f005858.jpg,1
20260717_013115_WNXLWK_c024_right_f005858.jpg,1
20260717_015039_FJXNQD_c011_left_f003608.jpg,1
20260717_015039_FJXNQD_c011_right_f004958.jpg,1
20260717_023352_LTFLNK_c004_left_f001567.jpg,1
20260717_023352_LTFLNK_c004_left_f002468.jpg,1
20260717_023352_LTFLNK_c004_right_f004508.jpg,1
20260717_023352_LTFLNK_c004_right_f006308.jpg,1
20260717_023705_PDEQGT_c009_left_f002468.jpg,1
20260717_023705_PDEQGT_c009_left_f005168.jpg,1
20260717_031438_KKTZXE_c007_right_f000907.jpg,1
20260717_031438_KKTZXE_c007_right_f002708.jpg,1
20260717_031438_KKTZXE_c007_right_f004958.jpg,1
20260717_034640_MDQEDZ_c002_right_f006983.jpg,1
20260717_041956_EXRZLW_c001_left_f000217.jpg,1
20260717_041956_EXRZLW_c001_right_f000907.jpg,1
20260717_045014_BGVSWT_c012_right_f000907.jpg,1
20260717_045014_BGVSWT_c012_right_f002257.jpg,1
20260717_045014_BGVSWT_c012_right_f002708.jpg,1
20260717_045014_BGVSWT_c012_right_f003158.jpg,1
20260717_045014_BGVSWT_c012_right_f004058.jpg,1
20260717_050317_EAFDJC_c006_left_f000097.jpg,1
20260717_050317_EAFDJC_c006_left_f001567.jpg,1
20260717_050317_EAFDJC_c006_left_f001807.jpg,1
20260717_050609_MRKYQK_c012_left_f001567.jpg,1
20260717_050609_MRKYQK_c012_right_f000907.jpg,1
20260717_050609_MRKYQK_c012_right_f003158.jpg,1
20260717_050609_MRKYQK_c012_right_f004058.jpg,1
20260717_051617_FNWSRD_c019_left_f002468.jpg,1
20260717_051617_FNWSRD_c019_right_f000907.jpg,1
20260717_051617_FNWSRD_c019_right_f004058.jpg,1
20260717_053013_WFPWWK_c004_left_f002549.jpg,1
20260717_053013_WFPWWK_c004_left_f003479.jpg,1
20260717_054444_MBKGZJ_c033_right_f002258.jpg,1
20260717_054444_MBKGZJ_c033_right_f004508.jpg,1
20260717_054901_NBYUCT_c033_left_f004268.jpg,1
20260717_054901_NBYUCT_c033_right_f002708.jpg,1
20260717_054901_NBYUCT_c033_right_f003158.jpg,1
20260717_070908_YMBCLU_c015_left_f003368.jpg,1
20260717_070908_YMBCLU_c015_left_f005168.jpg,1
20260717_071114_ZSJYNE_c017_left_f003368.jpg,1
20260717_071234_ZZCSLX_c003_left_f005340.jpg,1
20260717_071234_ZZCSLX_c003_right_f004193.jpg,1
20260717_075022_XGQZFF_c000_left_f000097.jpg,1
20260717_075022_XGQZFF_c000_left_f001567.jpg,1
20260717_081523_LVQNGF_c004_left_f002549.jpg,1
20260717_081523_LVQNGF_c004_left_f003728.jpg,1
20260717_081523_LVQNGF_c004_left_f004410.jpg,1
20260717_081523_LVQNGF_c004_right_f004193.jpg,1
20260717_081523_LVQNGF_c004_right_f004658.jpg,1
20260717_084955_PMJNDH_c002_left_f003608.jpg,1
20260717_084955_PMJNDH_c002_left_f004268.jpg,1
20260717_084955_PMJNDH_c002_right_f001357.jpg,1
20260717_084955_PMJNDH_c002_right_f006308.jpg,1
20260717_090748_RAVUVW_c004_left_f002468.jpg,1
20260717_093127_VVNESK_c028_left_f000097.jpg,1
20260717_101508_JVUFJF_c002_right_f004508.jpg,1
20260717_114904_QWYQGB_c011_left_f000277.jpg,1
20260717_114904_QWYQGB_c011_right_f000457.jpg,1
20260717_114904_QWYQGB_c011_right_f004058.jpg,1
20260717_114904_QWYQGB_c011_right_f004508.jpg,1
20260717_114904_QWYQGB_c011_right_f004958.jpg,1
20260717_125559_BQGXHP_c001_right_f003262.jpg,1
20260717_125559_BQGXHP_c001_right_f004193.jpg,1
20260717_125559_BQGXHP_c001_right_f006983.jpg,1
20260718_004907_FRMNJJ_c093_left_f005408.jpg,1
20260718_011155_ASSKVM_c023_left_f000277.jpg,1
20260718_011155_ASSKVM_c023_left_f004268.jpg,1
20260718_011155_ASSKVM_c023_right_f000907.jpg,1
20260718_011155_ASSKVM_c023_right_f004508.jpg,1
20260718_011155_ASSKVM_c023_right_f005858.jpg,1
20260718_011305_VYVMJU_c027_right_f004058.jpg,1
20260718_011305_VYVMJU_c027_right_f006758.jpg,1
20260718_012916_VALGDP_c024_left_f000097.jpg,1
20260718_012916_VALGDP_c024_left_f001567.jpg,1
20260718_012916_VALGDP_c024_right_f000907.jpg,1
20260718_012916_VALGDP_c024_right_f002257.jpg,1
20260718_012916_VALGDP_c024_right_f004508.jpg,1
20260718_014714_MMSQFT_c009_left_f001567.jpg,1
20260718_014714_MMSQFT_c009_left_f001807.jpg,1
20260718_015126_KJSLGM_c003_left_f001567.jpg,1
20260718_015126_KJSLGM_c003_right_f000457.jpg,1
20260718_015126_KJSLGM_c003_right_f000907.jpg,1
20260718_023515_YDVWKG_c001_left_f000217.jpg,1
20260718_023515_YDVWKG_c001_left_f002468.jpg,1
20260718_023515_YDVWKG_c001_left_f003608.jpg,1
20260718_042949_ZXDTWW_c008_left_f000277.jpg,1
20260718_042949_ZXDTWW_c008_right_f003158.jpg,1
20260718_042949_ZXDTWW_c008_right_f004058.jpg,1
20260718_042949_ZXDTWW_c008_right_f004508.jpg,1
20260718_043035_KKKMJP_c005_right_f002708.jpg,1
20260718_044704_DYJGAS_c052_right_f001357.jpg,1
20260718_053939_RHEHHL_c014_left_f004268.jpg,1
20260718_053939_RHEHHL_c014_right_f004058.jpg,1
20260718_062710_KSDENZ_c006_right_f006518.jpg,1
20260718_065537_LYGPDE_c011_right_f001357.jpg,1
20260718_065537_LYGPDE_c011_right_f003158.jpg,1
20260718_082433_DWDWZV_c009_left_f000689.jpg,1
20260718_082433_DWDWZV_c009_left_f002549.jpg,1
20260718_082433_DWDWZV_c009_right_f000472.jpg,1
20260718_084101_HWHZHT_c001_left_f000667.jpg,1
20260718_084101_HWHZHT_c001_left_f001567.jpg,1
20260718_084101_HWHZHT_c001_right_f000907.jpg,1
20260718_084101_HWHZHT_c001_right_f006308.jpg,1
20260718_113700_VUMVQH_c003_right_f006983.jpg,1
20260718_142744_DEEKDX_c003_right_f004193.jpg,1
20260718_230955_BMPSET_c050_left_f001567.jpg,1
20260718_230955_BMPSET_c050_left_f004268.jpg,1
20260718_230955_BMPSET_c050_left_f005408.jpg,1
20260718_230955_BMPSET_c050_right_f003158.jpg,1
20260718_230955_BMPSET_c050_right_f004508.jpg,1
20260719_004026_NFHNHS_c042_right_f000457.jpg,1
20260719_005143_QKVEKC_c025_left_f000217.jpg,1
20260719_005143_QKVEKC_c025_left_f000277.jpg,1
20260719_005143_QKVEKC_c025_right_f002257.jpg,1
20260719_005143_QKVEKC_c025_right_f002708.jpg,1
20260719_021351_BLYSGD_c017_left_f002468.jpg,1
20260719_021351_BLYSGD_c017_right_f002257.jpg,1
20260719_021351_BLYSGD_c017_right_f003158.jpg,1
20260719_030251_HCQEGD_c012_left_f005168.jpg,1
20260719_030251_HCQEGD_c012_right_f002257.jpg,1
20260719_044230_ZQNVCV_c008_left_f000217.jpg,1
20260719_044230_ZQNVCV_c008_left_f000277.jpg,1
20260719_044230_ZQNVCV_c008_left_f002468.jpg,1
20260719_044230_ZQNVCV_c008_left_f005408.jpg,1
20260719_044230_ZQNVCV_c008_right_f002257.jpg,1
20260719_044715_NLBYNZ_c051_right_f000457.jpg,1
20260719_050540_LMVVTE_c018_left_f002468.jpg,1
20260719_050540_LMVVTE_c018_left_f004268.jpg,1
20260719_050540_LMVVTE_c018_right_f004058.jpg,1
20260719_050540_LMVVTE_c018_right_f004958.jpg,1
20260719_060135_SLSRRP_c040_right_f003158.jpg,1
20260719_060808_FKWRBC_c003_right_f002257.jpg,1
20260719_070134_GBGVVH_c010_left_f003608.jpg,1
20260719_070134_GBGVVH_c010_right_f000457.jpg,1
20260719_070134_GBGVVH_c010_right_f002708.jpg,1
20260719_070134_GBGVVH_c010_right_f004058.jpg,1
20260719_070134_GBGVVH_c010_right_f005858.jpg,1
20260719_074430_GDLUDF_c021_left_f005168.jpg,1
20260719_074741_FAKEPD_c022_left_f001807.jpg,1
20260719_074741_FAKEPD_c022_left_f004268.jpg,1
20260719_074741_FAKEPD_c022_right_f004508.jpg,1
20260719_074741_FAKEPD_c022_right_f006758.jpg,1
20260719_082331_XMXHVN_c008_left_f000277.jpg,1
20260719_082331_XMXHVN_c008_left_f001567.jpg,1
20260719_110521_LUKWUE_c030_left_f001567.jpg,1
20260719_110521_LUKWUE_c030_right_f000907.jpg,1
20260719_110521_LUKWUE_c030_right_f001357.jpg,1
20260719_110521_LUKWUE_c030_right_f002257.jpg,1
20260719_110521_LUKWUE_c030_right_f006308.jpg,1
20260719_143449_QLLGHR_c000_left_f001867.jpg,1
20260719_143449_QLLGHR_c000_left_f002549.jpg,1
20260719_143449_QLLGHR_c000_right_f003262.jpg,1
20260720_000716_EKCVDU_c039_left_f003368.jpg,1
20260720_000716_EKCVDU_c039_right_f002257.jpg,1
20260720_003758_UUNZLS_c001_right_f004658.jpg,1
20260720_005144_FGFTGJ_c027_right_f005123.jpg,1
20260720_021303_NZBWKT_c017_right_f000457.jpg,1
20260720_044426_CRGRSA_c038_left_f005408.jpg,1
20260720_044426_CRGRSA_c038_right_f003158.jpg,1
20260720_063933_TDCQJY_c001_left_f005168.jpg,1
20260720_063933_TDCQJY_c001_right_f005858.jpg,1
20260720_071601_GPFBDZ_c001_left_f004268.jpg,1
20260720_071601_GPFBDZ_c001_left_f005408.jpg,1
20260720_071601_GPFBDZ_c001_right_f005858.jpg,1
20260720_073417_JHUEWM_c001_left_f000217.jpg,1
20260720_073417_JHUEWM_c001_right_f000907.jpg,1
20260720_100504_SRBPDJ_c012_left_f000097.jpg,1
20260720_114142_JSRHDS_c023_right_f004958.jpg,1
20260720_114142_JSRHDS_c023_right_f006758.jpg,1
20260720_131458_UDVDZK_c006_left_f002549.jpg,1
20260720_131458_UDVDZK_c006_right_f003262.jpg,1
20260720_142050_CDJHJD_c002_right_f002257.jpg,1
20260721_001742_SFERVE_c004_right_f004958.jpg,1
20260721_002658_FNTZTH_c034_right_f004508.jpg,1
20260721_012503_WUCZPY_c003_left_f003608.jpg,1
20260721_012503_WUCZPY_c003_right_f001357.jpg,1
20260721_012503_WUCZPY_c003_right_f002708.jpg,1
20260721_012503_WUCZPY_c003_right_f004058.jpg,1
20260721_012503_WUCZPY_c003_right_f004508.jpg,1
20260721_013009_QMYDKD_c005_left_f001567.jpg,1
20260721_030027_WRCAPV_c007_left_f005168.jpg,1
20260721_030027_WRCAPV_c007_left_f005408.jpg,1
20260721_041511_NELETD_c003_right_f001357.jpg,1
20260721_041511_NELETD_c003_right_f003158.jpg,1
20260721_041511_NELETD_c003_right_f004058.jpg,1
20260721_043122_PVUMAK_c016_left_f000277.jpg,1
20260721_043122_PVUMAK_c016_left_f001567.jpg,1
20260721_043122_PVUMAK_c016_right_f003158.jpg,1
20260721_043122_PVUMAK_c016_right_f005858.jpg,1
20260721_043122_PVUMAK_c016_right_f006308.jpg,1
20260721_045320_TCGFCJ_c004_left_f005168.jpg,1
20260721_050606_HWXNFT_c042_left_f000667.jpg,1
20260721_050606_HWXNFT_c042_left_f005168.jpg,1
20260721_050606_HWXNFT_c042_right_f005858.jpg,1
20260721_051152_UCYGLZ_c027_left_f005340.jpg,1
20260721_060002_ZXFEZQ_c007_right_f006308.jpg,1
20260721_065446_QGZNEU_c000_left_f000667.jpg,1
20260721_074735_UZBAWT_c011_right_f000907.jpg,1
20260721_074735_UZBAWT_c011_right_f004058.jpg,1
20260721_075649_BMHAMS_c001_right_f004958.jpg,1
20260721_080638_JMNTHN_c000_left_f000277.jpg,1
20260721_084539_ENTHKV_c004_left_f005408.jpg,1
20260721_084539_ENTHKV_c004_right_f003158.jpg,1
20260721_090759_BDSZLW_c000_right_f004193.jpg,1
20260721_090759_BDSZLW_c000_right_f004658.jpg,1
20260721_090759_BDSZLW_c000_right_f006983.jpg,1
20260721_091923_TSKUZF_c003_left_f003608.jpg,1
20260721_091923_TSKUZF_c003_right_f005858.jpg,1
20260721_091923_TSKUZF_c003_right_f006758.jpg,1
20260721_092433_AQANUN_c003_left_f000097.jpg,1
20260721_092433_AQANUN_c003_left_f003368.jpg,1
20260721_092433_AQANUN_c003_right_f001357.jpg,1
20260721_092433_AQANUN_c003_right_f006758.jpg,1
20260721_125642_KHGXYV_c004_left_f003479.jpg,1
20260721_125642_KHGXYV_c004_left_f003728.jpg,1
20260721_125642_KHGXYV_c004_left_f005340.jpg,1
20260721_125642_KHGXYV_c004_right_f004658.jpg,1
20260721_125642_KHGXYV_c004_right_f006053.jpg,1
20260722_000218_QKLGAG_c008_right_f000457.jpg,1
20260722_000218_QKLGAG_c008_right_f002708.jpg,1
20260722_000218_QKLGAG_c008_right_f004058.jpg,1
20260722_000805_NEDGSZ_c028_right_f004958.jpg,1
20260722_001046_ESMTEC_c014_left_f000097.jpg,1
20260722_001046_ESMTEC_c014_left_f000667.jpg,1
20260722_001046_ESMTEC_c014_left_f001567.jpg,1
20260722_001046_ESMTEC_c014_left_f001807.jpg,1
20260722_001046_ESMTEC_c014_right_f000907.jpg,1
20260722_002615_TBRQXN_c033_left_f000667.jpg,1
20260722_002615_TBRQXN_c033_left_f001567.jpg,1
20260722_002615_TBRQXN_c033_right_f000457.jpg,1
20260722_002615_TBRQXN_c033_right_f002257.jpg,1
20260722_002615_TBRQXN_c033_right_f004508.jpg,1
20260722_011031_UQGMBS_c026_left_f001567.jpg,1
20260722_011031_UQGMBS_c026_left_f005408.jpg,1
20260722_011031_UQGMBS_c026_right_f005858.jpg,1
20260722_011631_KAXSKZ_c022_left_f003368.jpg,1
20260722_012050_KFLBPQ_c004_left_f002468.jpg,1
20260722_012050_KFLBPQ_c004_left_f003368.jpg,1
20260722_012050_KFLBPQ_c004_left_f005408.jpg,1
20260722_014914_XRGFZG_c004_right_f006758.jpg,1
20260722_022609_BVRCYF_c005_right_f006308.jpg,1
20260722_024101_KRBYCU_c007_left_f001807.jpg,1
20260722_024101_KRBYCU_c007_left_f005168.jpg,1
20260722_024101_KRBYCU_c007_left_f005408.jpg,1
20260722_035001_KGCGJE_c004_left_f005168.jpg,1
20260722_035001_KGCGJE_c004_right_f003158.jpg,1
20260722_041220_DSJFHX_c003_right_f001357.jpg,1
20260722_041220_DSJFHX_c003_right_f006758.jpg,1
20260722_044235_BAXMZQ_c014_right_f006308.jpg,1
20260722_050627_DWNRWA_c000_left_f000097.jpg,1
20260722_050627_DWNRWA_c000_right_f004508.jpg,1
20260722_050746_UYRLXK_c015_left_f000097.jpg,1
20260722_050746_UYRLXK_c015_left_f003368.jpg,1
20260722_050746_UYRLXK_c015_left_f003608.jpg,1
20260722_050746_UYRLXK_c015_right_f000457.jpg,1
20260722_051058_NPMSLM_c031_right_f005858.jpg,1
20260722_051427_NJLCPP_c062_left_f002468.jpg,1
20260722_051720_YGVBYE_c000_left_f004410.jpg,1
20260722_051720_YGVBYE_c000_right_f000472.jpg,1
20260722_052519_RVGNBF_c034_left_f000097.jpg,1
20260722_052519_RVGNBF_c034_left_f000217.jpg,1
20260722_052519_RVGNBF_c034_left_f000277.jpg,1
20260722_052519_RVGNBF_c034_right_f001357.jpg,1
20260722_054257_KAAJTS_c035_left_f003368.jpg,1
20260722_054356_BGBNJR_c036_left_f000097.jpg,1
20260722_054356_BGBNJR_c036_left_f000667.jpg,1
20260722_063817_GDFXRS_c000_right_f004193.jpg,1
20260722_065234_FWBTVN_c001_right_f002332.jpg,1
20260722_065234_FWBTVN_c001_right_f004193.jpg,1
20260722_065234_FWBTVN_c001_right_f006053.jpg,1
20260722_071054_XFPKPM_c003_right_f002332.jpg,1
20260722_071054_XFPKPM_c003_right_f006053.jpg,1
20260722_071054_XFPKPM_c003_right_f006518.jpg,1
20260722_072753_CMNSXU_c004_left_f005408.jpg,1
20260722_072753_CMNSXU_c004_right_f002708.jpg,1
20260722_072753_CMNSXU_c004_right_f003158.jpg,1
20260722_075909_LGNVKM_c001_left_f001567.jpg,1
20260722_075909_LGNVKM_c001_left_f004268.jpg,1
20260722_075909_LGNVKM_c001_right_f004058.jpg,1
20260722_075909_LGNVKM_c001_right_f006758.jpg,1
20260722_093934_KGHKCV_c005_right_f006308.jpg,1
20260722_094520_VLVAYK_c012_left_f000277.jpg,1
20260722_094520_VLVAYK_c012_right_f000457.jpg,1
20260722_095252_SEZAFJ_c002_left_f005340.jpg,1
20260722_095252_SEZAFJ_c002_right_f004658.jpg,1
20260722_101322_RVRVFX_c032_right_f006758.jpg,1
20260722_101817_DUCVBH_c002_left_f005588.jpg,1
20260722_103831_CKHSCY_c000_left_f000224.jpg,1
20260722_103831_CKHSCY_c000_left_f000286.jpg,1
20260722_103831_CKHSCY_c000_left_f001619.jpg,1
20260722_103831_CKHSCY_c000_left_f001867.jpg,1
20260722_103831_CKHSCY_c000_right_f004193.jpg,1
20260722_104210_QEBSSM_c000_left_f005340.jpg,1
20260722_104210_QEBSSM_c000_right_f001402.jpg,1
20260722_104210_QEBSSM_c000_right_f005123.jpg,1
20260722_104307_SRVQKP_c017_left_f005408.jpg,1
20260722_104307_SRVQKP_c017_right_f000907.jpg,1
20260722_104307_SRVQKP_c017_right_f002257.jpg,1
20260722_105310_ERQJQG_c018_right_f000907.jpg,1
20260722_112235_UVBXPJ_c000_left_f003728.jpg,1
20260722_112235_UVBXPJ_c000_right_f000472.jpg,1
20260722_112235_UVBXPJ_c000_right_f006053.jpg,1
20260722_233631_RVRMGS_c046_left_f000667.jpg,1
20260722_233631_RVRMGS_c046_left_f001567.jpg,1
20260723_000757_HVYCKN_c037_right_f004058.jpg,1
20260723_003545_NHSCZS_c035_left_f000277.jpg,1
20260723_003545_NHSCZS_c035_left_f005168.jpg,1
20260723_003704_BSZWLC_c031_left_f005168.jpg,1
20260723_004427_GAFRMB_c012_right_f004958.jpg,1
20260723_005514_TLSXPC_c015_left_f000277.jpg,1
20260723_005514_TLSXPC_c015_right_f000457.jpg,1
20260723_005514_TLSXPC_c015_right_f000907.jpg,1
20260723_010840_SPBMEC_c008_right_f000457.jpg,1
20260723_010840_SPBMEC_c008_right_f002257.jpg,1
20260723_010840_SPBMEC_c008_right_f003158.jpg,1
20260723_010840_SPBMEC_c008_right_f006308.jpg,1
20260723_014618_VDAAGL_c024_left_f000667.jpg,1
20260723_014618_VDAAGL_c024_left_f003368.jpg,1
20260723_014618_VDAAGL_c024_left_f005168.jpg,1
20260723_014618_VDAAGL_c024_right_f005858.jpg,1
20260723_014920_HMHSAK_c009_left_f000667.jpg,1
20260723_014920_HMHSAK_c009_left_f001567.jpg,1
20260723_014920_HMHSAK_c009_right_f000457.jpg,1
20260723_014920_HMHSAK_c009_right_f006308.jpg,1
20260723_022922_CHPYYG_c006_left_f003368.jpg,1
20260723_022922_CHPYYG_c006_left_f003608.jpg,1
20260723_024156_SCDGNW_c002_left_f000097.jpg,1
20260723_024156_SCDGNW_c002_left_f002468.jpg,1
20260723_024156_SCDGNW_c002_left_f003368.jpg,1
20260723_024156_SCDGNW_c002_left_f004268.jpg,1
20260723_024156_SCDGNW_c002_right_f002257.jpg,1
20260723_024156_SCDGNW_c002_right_f006308.jpg,1
20260723_024509_TYGFAJ_c010_right_f004058.jpg,1
20260723_032659_AASGBZ_c009_right_f004958.jpg,1
20260723_033028_FEEZNY_c004_left_f000667.jpg,1
20260723_033028_FEEZNY_c004_left_f003608.jpg,1
20260723_033028_FEEZNY_c004_right_f004508.jpg,1
20260723_050940_PNGGUC_c002_left_f000097.jpg,1
20260723_050940_PNGGUC_c002_left_f000667.jpg,1
20260723_050940_PNGGUC_c002_right_f002257.jpg,1
20260723_050940_PNGGUC_c002_right_f002708.jpg,1
20260723_050940_PNGGUC_c002_right_f003158.jpg,1
20260723_052554_LMFGSG_c001_right_f003262.jpg,1
20260723_061313_ZWPKRH_c002_left_f005408.jpg,1
20260723_061313_ZWPKRH_c002_right_f004508.jpg,1
20260723_061313_ZWPKRH_c002_right_f005858.jpg,1
20260723_064039_FKCEFN_c000_right_f002332.jpg,1
20260723_064039_FKCEFN_c000_right_f004658.jpg,1
20260723_071056_HMJGRD_c014_left_f001567.jpg,1
20260723_071056_HMJGRD_c014_left_f002468.jpg,1
20260723_074142_NZJFVJ_c009_left_f001807.jpg,1
20260723_074142_NZJFVJ_c009_left_f003368.jpg,1
20260723_082123_XSYADK_c001_left_f001619.jpg,1
20260723_085508_LWPKFW_c018_right_f000907.jpg,1
20260723_091507_ZRGMWQ_c000_left_f000100.jpg,1
20260723_091507_ZRGMWQ_c000_left_f004410.jpg,1
20260723_091507_ZRGMWQ_c000_right_f000937.jpg,1
20260723_095554_ANHQSN_c000_right_f002332.jpg,1
20260724_001944_DQBTVP_c005_left_f005168.jpg,1
20260724_001944_DQBTVP_c005_right_f003158.jpg,1
20260724_001944_DQBTVP_c005_right_f004508.jpg,1
20260724_002447_FLWVLQ_c019_left_f004268.jpg,1
20260724_002447_FLWVLQ_c019_right_f006758.jpg,1
20260724_003555_PSMPMP_c030_left_f005408.jpg,1
20260724_003555_PSMPMP_c030_right_f006308.jpg,1
20260724_004603_FPXFAT_c003_left_f002468.jpg,1
20260724_004603_FPXFAT_c003_left_f003368.jpg,1
20260724_013020_KCKYMY_c005_left_f004268.jpg,1
20260724_013020_KCKYMY_c005_left_f005168.jpg,1
20260724_021746_NUPFSN_c012_left_f003368.jpg,1
20260724_021746_NUPFSN_c012_right_f002257.jpg,1
20260724_025532_YHGPYH_c015_right_f001357.jpg,1
20260724_025532_YHGPYH_c015_right_f002257.jpg,1
20260724_025532_YHGPYH_c015_right_f004958.jpg,1
20260724_030216_UHLZYE_c000_right_f006518.jpg,1
20260724_032610_UKMZAB_c000_right_f004658.jpg,1
20260724_043253_TGHPHS_c001_left_f002468.jpg,1
20260724_043253_TGHPHS_c001_left_f003368.jpg,1
20260724_043253_TGHPHS_c001_right_f002708.jpg,1
20260724_043253_TGHPHS_c001_right_f004958.jpg,1
20260724_045124_JZEDXZ_c006_left_f001567.jpg,1
20260724_045124_JZEDXZ_c006_left_f001807.jpg,1
20260724_045124_JZEDXZ_c006_right_f001357.jpg,1
20260724_045124_JZEDXZ_c006_right_f003158.jpg,1
20260724_055550_GUFVTF_c023_left_f002468.jpg,1
20260724_055550_GUFVTF_c023_right_f004058.jpg,1
20260724_062512_MAMVJS_c029_left_f001567.jpg,1
20260724_062512_MAMVJS_c029_left_f005168.jpg,1
20260724_062512_MAMVJS_c029_right_f000907.jpg,1
20260724_062512_MAMVJS_c029_right_f004508.jpg,1
20260724_063057_ZQMGGQ_c004_left_f001567.jpg,1
20260724_063057_ZQMGGQ_c004_left_f001807.jpg,1
20260724_073253_DZZDHW_c003_right_f006518.jpg,1
20260724_074214_NYTXLF_c002_right_f002332.jpg,1
20260724_074214_NYTXLF_c002_right_f002797.jpg,1
20260724_074214_NYTXLF_c002_right_f006049.jpg,1
20260724_074636_YAFDZV_c001_right_f005858.jpg,1
20260724_080520_ZNJDBH_c012_right_f004508.jpg,1
20260724_082307_WFLZTX_c009_right_f002257.jpg,1
20260724_082307_WFLZTX_c009_right_f005858.jpg,1
20260724_082307_WFLZTX_c009_right_f006758.jpg,1
20260724_100711_JESXZY_c000_left_f001619.jpg,1
20260724_100711_JESXZY_c000_left_f003479.jpg,1
20260724_100711_JESXZY_c000_left_f005340.jpg,1
20260724_100711_JESXZY_c000_right_f000472.jpg,1
20260724_100711_JESXZY_c000_right_f006053.jpg,1
20260724_112052_QSCZKQ_c000_left_f001618.jpg,1
20260724_112052_QSCZKQ_c000_left_f002548.jpg,1
20260724_112052_QSCZKQ_c000_right_f000471.jpg,1
20260724_115259_DLNBWZ_c007_left_f005168.jpg,1
20260724_115259_DLNBWZ_c007_right_f000457.jpg,1
20260724_115259_DLNBWZ_c007_right_f004058.jpg,1
20260724_115259_DLNBWZ_c007_right_f006758.jpg,1
20260724_131335_JFZRPT_c003_left_f001867.jpg,1
20260724_131335_JFZRPT_c003_left_f005340.jpg,1
20260724_131335_JFZRPT_c003_left_f005588.jpg,1
20260724_153333_YEKDRJ_c000_left_f000689.jpg,1
20260724_153333_YEKDRJ_c000_right_f006983.jpg,1
20260725_001933_CNMHLB_c009_left_f001807.jpg,1
20260725_001933_CNMHLB_c009_left_f002468.jpg,1
20260725_001933_CNMHLB_c009_right_f001357.jpg,1
20260725_001933_CNMHLB_c009_right_f004508.jpg,1
20260725_004256_MYSYDQ_c032_left_f001567.jpg,1
20260725_004256_MYSYDQ_c032_left_f003368.jpg,1
20260725_004256_MYSYDQ_c032_right_f003158.jpg,1
20260725_004256_MYSYDQ_c032_right_f006758.jpg,1
20260725_004839_BKDRQA_c004_right_f000457.jpg,1
20260725_004839_BKDRQA_c004_right_f004508.jpg,1
20260725_005226_ZENCCQ_c003_left_f001567.jpg,1
20260725_005226_ZENCCQ_c003_left_f001807.jpg,1
20260725_005226_ZENCCQ_c003_left_f005168.jpg,1
20260725_005226_ZENCCQ_c003_right_f001357.jpg,1
20260725_005226_ZENCCQ_c003_right_f003158.jpg,1
20260725_005226_ZENCCQ_c003_right_f004058.jpg,1
20260725_005833_UTMJQB_c001_left_f001867.jpg,1
20260725_005833_UTMJQB_c001_left_f005340.jpg,1
20260725_005833_UTMJQB_c001_right_f000472.jpg,1
20260725_005833_UTMJQB_c001_right_f002332.jpg,1
20260725_013724_BQRZBY_c001_right_f003262.jpg,1
20260725_013724_BQRZBY_c001_right_f005123.jpg,1
20260725_024354_DKNWZE_c003_left_f003479.jpg,1
20260725_024354_DKNWZE_c003_right_f006053.jpg,1
20260725_024549_DVRAAC_c007_right_f000457.jpg,1
20260725_024549_DVRAAC_c007_right_f000907.jpg,1
20260725_024549_DVRAAC_c007_right_f004508.jpg,1
20260725_024549_DVRAAC_c007_right_f006308.jpg,1
20260725_030035_YAPJNT_c008_left_f001867.jpg,1
20260725_032425_WCMJPH_c001_right_f000907.jpg,1
20260725_051524_DYXCHT_c012_left_f003608.jpg,1
20260725_051524_DYXCHT_c012_right_f001357.jpg,1
20260725_051524_DYXCHT_c012_right_f004508.jpg,1
20260725_051524_DYXCHT_c012_right_f006308.jpg,1
20260725_053146_CMMCXT_c009_left_f002468.jpg,1
20260725_053146_CMMCXT_c009_left_f003608.jpg,1
20260725_053146_CMMCXT_c009_right_f002708.jpg,1
20260725_054253_REXTCE_c000_left_f002549.jpg,1
20260725_054253_REXTCE_c000_left_f003728.jpg,1
20260725_054253_REXTCE_c000_left_f005340.jpg,1
20260725_054253_REXTCE_c000_right_f001402.jpg,1
20260725_054253_REXTCE_c000_right_f006053.jpg,1
20260725_054253_REXTCE_c000_right_f006983.jpg,1
20260725_054421_DBVDQF_c001_left_f005168.jpg,1
20260725_064859_HSPDUA_c004_left_f004410.jpg,1
20260725_064859_HSPDUA_c004_right_f002332.jpg,1
20260725_064859_HSPDUA_c004_right_f002797.jpg,1
20260725_064859_HSPDUA_c004_right_f006983.jpg,1
20260725_065815_BRHBYB_c004_left_f001567.jpg,1
20260725_065815_BRHBYB_c004_left_f002468.jpg,1
20260725_074039_KSDQTS_c006_right_f002257.jpg,1
20260725_074130_TNEMWY_c003_right_f006518.jpg,1
20260725_085750_SJBUHE_c009_left_f005168.jpg,1
20260725_100609_BEBSCD_c028_left_f001807.jpg,1
20260725_100609_BEBSCD_c028_left_f003608.jpg,1
20260725_100609_BEBSCD_c028_right_f002257.jpg,1
20260725_100609_BEBSCD_c028_right_f006758.jpg,1
20260725_102341_EXBFYX_c010_left_f000217.jpg,1
20260725_102753_TPNFVL_c000_left_f001619.jpg,1
20260725_102753_TPNFVL_c000_right_f006053.jpg,1
20260725_122717_SUSWVJ_c000_left_f000689.jpg,1
20260725_122717_SUSWVJ_c000_left_f001867.jpg,1
20260725_122717_SUSWVJ_c000_left_f003479.jpg,1
20260725_122717_SUSWVJ_c000_right_f000472.jpg,1
20260725_123721_ZQZQBL_c001_right_f000457.jpg,1
20260726_001246_LAFQBE_c037_left_f005168.jpg,1
20260726_001246_LAFQBE_c037_right_f004508.jpg,1
20260726_005504_LQYYYL_c025_right_f000472.jpg,1
20260726_005843_DFACVC_c001_left_f000277.jpg,1
20260726_005843_DFACVC_c001_left_f001567.jpg,1
20260726_005843_DFACVC_c001_left_f004268.jpg,1
20260726_005843_DFACVC_c001_right_f003158.jpg,1
20260726_005843_DFACVC_c001_right_f004058.jpg,1
20260726_005843_DFACVC_c001_right_f004508.jpg,1
20260726_024229_SWBWNN_c005_right_f000907.jpg,1
20260726_032328_ABRLYS_c000_left_f005340.jpg,1
20260726_032328_ABRLYS_c000_left_f005588.jpg,1
20260726_032328_ABRLYS_c000_right_f003262.jpg,1
20260726_032328_ABRLYS_c000_right_f004193.jpg,1
20260726_041148_HKPUET_c049_right_f003158.jpg,1
20260726_042509_ADKEXE_c040_left_f000667.jpg,1
20260726_042509_ADKEXE_c040_left_f002468.jpg,1
20260726_042509_ADKEXE_c040_right_f000457.jpg,1
20260726_042509_ADKEXE_c040_right_f005858.jpg,1
20260726_042509_ADKEXE_c040_right_f006758.jpg,1
20260726_050527_WCECSU_c047_right_f004958.jpg,1
20260726_055224_GDQLNB_c000_left_f000100.jpg,1
20260726_055224_GDQLNB_c000_left_f001619.jpg,1
20260726_055224_GDQLNB_c000_left_f003728.jpg,1
20260726_055224_GDQLNB_c000_right_f002797.jpg,1
20260726_073627_ENWLXG_c012_left_f000097.jpg,1
20260726_073627_ENWLXG_c012_right_f002257.jpg,1
20260726_082824_SLZAZF_c001_left_f000097.jpg,1
20260726_082824_SLZAZF_c001_left_f003608.jpg,1
20260726_101709_RYDUDE_c003_right_f005858.jpg,1
20260726_103433_JUQXTF_c000_left_f000224.jpg,1
20260726_103433_JUQXTF_c000_left_f000286.jpg,1
20260726_122027_LQMHZT_c001_left_f001867.jpg,1
20260726_122027_LQMHZT_c001_left_f003479.jpg,1
20260726_122027_LQMHZT_c001_right_f002332.jpg,1
20260726_122207_KXZHTL_c000_left_f003728.jpg,1
20260726_122207_KXZHTL_c000_left_f005588.jpg,1
20260727_001125_BYMLLB_c000_right_f003158.jpg,1
20260727_001125_BYMLLB_c000_right_f005858.jpg,1
20260727_002548_HYSYYL_c050_left_f003608.jpg,1
20260727_002548_HYSYYL_c050_right_f002708.jpg,1
20260727_002548_HYSYYL_c050_right_f004058.jpg,1
20260727_002944_UWMLJF_c029_left_f005168.jpg,1
20260727_003112_PLQQWV_c030_right_f004958.jpg,1
20260727_004315_MWFJGU_c001_right_f006518.jpg,1
20260727_005343_UQUYKB_c010_right_f006053.jpg,1
20260727_005756_SUVNDM_c030_left_f003368.jpg,1
20260727_005756_SUVNDM_c030_left_f005408.jpg,1
20260727_010450_UVFLCZ_c028_left_f003608.jpg,1
20260727_010450_UVFLCZ_c028_left_f004268.jpg,1
20260727_010450_UVFLCZ_c028_left_f005408.jpg,1
20260727_010548_ZRRNSM_c001_right_f000457.jpg,1
20260727_010740_DCMJXV_c002_left_f005408.jpg,1
20260727_012447_XGQTCJ_c004_right_f004058.jpg,1
20260727_012640_BZLWQX_c001_right_f004193.jpg,1
20260727_021457_YEFLHT_c000_right_f004193.jpg,1
20260727_022954_YEYBBX_c007_left_f003608.jpg,1
20260727_025139_JTZUCK_c001_left_f000217.jpg,1
20260727_025139_JTZUCK_c001_left_f003368.jpg,1
20260727_025139_JTZUCK_c001_left_f003608.jpg,1
20260727_025146_DFNFGE_c005_left_f000667.jpg,1
20260727_031442_DSYTZL_c006_left_f001619.jpg,1
20260727_031442_DSYTZL_c006_right_f005123.jpg,1
20260727_031932_ZFHJWW_c006_left_f003608.jpg,1
20260727_045232_RVTCVW_c010_right_f004508.jpg,1
20260727_050532_NQWMXL_c040_left_f003608.jpg,1
20260727_050532_NQWMXL_c040_right_f000457.jpg,1
20260727_051855_PJHADD_c002_left_f003368.jpg,1
20260727_051855_PJHADD_c002_left_f005168.jpg,1
20260727_052141_HLLCBV_c025_left_f003368.jpg,1
20260727_052141_HLLCBV_c025_left_f003608.jpg,1
20260727_052858_LTZAHS_c029_left_f002468.jpg,1
20260727_052858_LTZAHS_c029_left_f005408.jpg,1
20260727_052959_QDDZMY_c038_left_f000277.jpg,1
20260727_052959_QDDZMY_c038_right_f004058.jpg,1
20260727_053019_WZALBC_c038_left_f001807.jpg,1
20260727_053019_WZALBC_c038_left_f003608.jpg,1
20260727_053019_WZALBC_c038_right_f004508.jpg,1
20260727_053019_WZALBC_c038_right_f005858.jpg,1
20260727_053641_GWUKEZ_c037_left_f004268.jpg,1
20260727_054924_VSWXHF_c032_left_f001567.jpg,1
20260727_054924_VSWXHF_c032_right_f002257.jpg,1
20260727_054924_VSWXHF_c032_right_f006758.jpg,1
20260727_055759_NRFMXL_c012_left_f000277.jpg,1
20260727_055759_NRFMXL_c012_left_f000667.jpg,1
20260727_055759_NRFMXL_c012_left_f001567.jpg,1
20260727_055759_NRFMXL_c012_right_f004058.jpg,1
20260727_055759_NRFMXL_c012_right_f006758.jpg,1
20260727_064923_QBJNBP_c000_left_f004410.jpg,1
20260727_064923_QBJNBP_c000_right_f001402.jpg,1
20260727_065649_DCMJSX_c016_left_f000277.jpg,1
20260727_065649_DCMJSX_c016_left_f004268.jpg,1
20260727_065649_DCMJSX_c016_right_f001357.jpg,1
20260727_065649_DCMJSX_c016_right_f002708.jpg,1
20260727_074316_USHCKP_c001_left_f005340.jpg,1
20260727_074316_USHCKP_c001_right_f002332.jpg,1
20260727_074316_USHCKP_c001_right_f003262.jpg,1
20260727_074316_USHCKP_c001_right_f005123.jpg,1
20260727_080953_WFSRDU_c007_left_f000277.jpg,1
20260727_080953_WFSRDU_c007_left_f002468.jpg,1
20260727_080953_WFSRDU_c007_left_f004268.jpg,1
20260727_094038_QWTNYW_c000_left_f000689.jpg,1
20260727_102058_LPEFVU_c005_left_f000277.jpg,1
20260727_102058_LPEFVU_c005_left_f000667.jpg,1
20260727_102058_LPEFVU_c005_left_f004268.jpg,1
20260727_102058_LPEFVU_c005_right_f000907.jpg,1
20260727_235623_PNFBAH_c014_left_f000097.jpg,1
20260727_235623_PNFBAH_c014_left_f005168.jpg,1
20260727_235623_PNFBAH_c014_right_f000907.jpg,1
20260728_000138_HUSGLD_c001_left_f002468.jpg,1
20260728_002948_KTVYKB_c025_left_f003368.jpg,1
20260728_002948_KTVYKB_c025_left_f003608.jpg,1
20260728_002948_KTVYKB_c025_right_f002708.jpg,1
20260728_002948_KTVYKB_c025_right_f006758.jpg,1
20260728_004318_UCZCVV_c004_left_f000224.jpg,1
20260728_004318_UCZCVV_c004_left_f003479.jpg,1
20260728_005054_DPRRKR_c029_left_f001567.jpg,1
20260728_005105_TLYHRJ_c027_right_f004193.jpg,1
20260728_010022_WGQJXN_c007_right_f003158.jpg,1
20260728_010022_WGQJXN_c007_right_f004058.jpg,1
20260728_014129_GRFXWK_c093_left_f003608.jpg,1
20260728_014129_GRFXWK_c093_right_f002708.jpg,1
20260728_014129_GRFXWK_c093_right_f004958.jpg,1
20260728_014552_VXDAXA_c000_right_f002708.jpg,1
20260728_014552_VXDAXA_c000_right_f004508.jpg,1
20260728_014552_VXDAXA_c000_right_f005858.jpg,1
20260728_015639_CNPEWL_c000_left_f001567.jpg,1
20260728_015639_CNPEWL_c000_left_f005168.jpg,1
20260728_015639_CNPEWL_c000_right_f002708.jpg,1
20260728_015639_CNPEWL_c000_right_f004058.jpg,1
20260728_015639_CNPEWL_c000_right_f006308.jpg,1
20260728_020523_QADSVP_c000_left_f000689.jpg,1
20260728_020523_QADSVP_c000_right_f001402.jpg,1
20260728_020523_QADSVP_c000_right_f006518.jpg,1
20260728_023033_THMZFU_c013_left_f002468.jpg,1
20260728_023033_THMZFU_c013_right_f001357.jpg,1
20260728_023311_EJENZQ_c008_left_f003728.jpg,1
20260728_023311_EJENZQ_c008_left_f005340.jpg,1
20260728_023311_EJENZQ_c008_right_f000937.jpg,1
20260728_023311_EJENZQ_c008_right_f005123.jpg,1
20260728_023311_EJENZQ_c008_right_f006053.jpg,1
20260728_023311_EJENZQ_c008_right_f006518.jpg,1
20260728_024534_JTWNEU_c030_right_f004058.jpg,1
20260728_025108_QHCHWK_c011_left_f000667.jpg,1
20260728_025108_QHCHWK_c011_left_f003368.jpg,1
20260728_031006_ATXBLG_c079_right_f005858.jpg,1
20260728_032108_VJDPQL_c000_left_f000097.jpg,1
20260728_032108_VJDPQL_c000_left_f000667.jpg,1
20260728_032606_VAYAEL_c000_right_f004193.jpg,1
20260728_041654_BJKNDG_c009_left_f003368.jpg,1
20260728_041654_BJKNDG_c009_left_f005408.jpg,1
20260728_041654_BJKNDG_c009_right_f000907.jpg,1
20260728_041654_BJKNDG_c009_right_f002708.jpg,1
20260728_041654_BJKNDG_c009_right_f004058.jpg,1
20260728_044230_AGAVRC_c012_left_f000217.jpg,1
20260728_044230_AGAVRC_c012_left_f000277.jpg,1
20260728_044230_AGAVRC_c012_left_f000667.jpg,1
20260728_044230_AGAVRC_c012_left_f002468.jpg,1
20260728_051521_UYPWEF_c000_left_f005408.jpg,1
20260728_051521_UYPWEF_c000_right_f004958.jpg,1
20260728_051733_QFSULP_c033_right_f003158.jpg,1
20260728_052116_CSQUVG_c003_right_f004958.jpg,1
20260728_052116_CSQUVG_c003_right_f006758.jpg,1
20260728_053419_LJVJBF_c018_left_f005408.jpg,1
20260728_053419_LJVJBF_c018_right_f000907.jpg,1
20260728_053419_LJVJBF_c018_right_f004508.jpg,1
20260728_053419_LJVJBF_c018_right_f006758.jpg,1
20260728_060851_ETUWLP_c001_right_f004658.jpg,1
20260728_062350_EKCWPP_c000_right_f006518.jpg,1
20260728_062806_MWMHGG_c007_right_f006053.jpg,1
20260728_063226_ACNPSX_c029_left_f004410.jpg,1
20260728_064505_WCSCPP_c001_right_f002797.jpg,1
20260728_064505_WCSCPP_c001_right_f006983.jpg,1
20260728_064854_GHSZQU_c032_left_f001567.jpg,1
20260728_064854_GHSZQU_c032_right_f001357.jpg,1
20260728_064854_GHSZQU_c032_right_f004508.jpg,1
20260728_065641_WEGBVH_c010_left_f000217.jpg,1
20260728_065641_WEGBVH_c010_right_f002708.jpg,1
20260728_070039_ZAMDAN_c003_left_f001807.jpg,1
20260728_070039_ZAMDAN_c003_left_f005168.jpg,1
20260728_070039_ZAMDAN_c003_right_f000457.jpg,1
20260728_070039_ZAMDAN_c003_right_f006308.jpg,1
20260728_071503_TENPEX_c007_left_f000217.jpg,1
20260728_071503_TENPEX_c007_left_f003368.jpg,1
20260728_071503_TENPEX_c007_left_f003608.jpg,1
20260728_071503_TENPEX_c007_right_f000457.jpg,1
20260728_071507_BXNAVA_c001_left_f002549.jpg,1
20260728_071507_BXNAVA_c001_right_f000937.jpg,1
20260728_071507_BXNAVA_c001_right_f006518.jpg,1
20260728_082120_NHKMTQ_c000_left_f004268.jpg,1
20260728_082120_NHKMTQ_c000_left_f005408.jpg,1
20260728_082120_NHKMTQ_c000_right_f004508.jpg,1
20260728_082611_VUTLVX_c003_right_f006758.jpg,1
20260728_083631_JSXQXA_c019_right_f005858.jpg,1
20260728_083631_JSXQXA_c019_right_f006308.jpg,1
20260728_083631_JSXQXA_c019_right_f006758.jpg,1
20260728_084712_FAUBTN_c007_left_f000097.jpg,1
20260728_094239_ELYCRM_c011_left_f005168.jpg,1
20260728_104619_LYZHBU_c001_right_f006758.jpg,1
20260728_120307_XNNBFV_c000_left_f000689.jpg,1
20260728_120307_XNNBFV_c000_left_f004410.jpg,1
20260728_120307_XNNBFV_c000_right_f002797.jpg,1
20260728_120307_XNNBFV_c000_right_f004193.jpg,1
20260728_120307_XNNBFV_c000_right_f006983.jpg,1
20260728_130944_UTRQKF_c001_right_f001402.jpg,1
20260728_130944_UTRQKF_c001_right_f002332.jpg,1
20260728_130944_UTRQKF_c001_right_f004193.jpg,1
20260728_130944_UTRQKF_c001_right_f006053.jpg,1
20260728_132348_KFLGTA_c001_right_f002257.jpg,1
20260728_132348_KFLGTA_c001_right_f004508.jpg,1
20260728_132348_KFLGTA_c001_right_f006758.jpg,1
20260729_003048_TPEBAL_c029_right_f004958.jpg,1
20260729_004042_JHBDRX_c000_left_f000217.jpg,1
20260729_011818_FRHQQY_c026_left_f001807.jpg,1
20260729_011818_FRHQQY_c026_left_f004268.jpg,1
20260729_011818_FRHQQY_c026_right_f002708.jpg,1
20260729_011911_KYHGLU_c024_right_f000907.jpg,1
20260729_011911_KYHGLU_c024_right_f001357.jpg,1
20260729_012255_UNZQAU_c001_right_f000937.jpg,1
20260729_012255_UNZQAU_c001_right_f002332.jpg,1
20260729_012255_UNZQAU_c001_right_f002797.jpg,1
20260729_012510_KWRYFX_c014_right_f006308.jpg,1
20260729_012731_FAPKKG_c001_right_f004958.jpg,1
20260729_013135_LYMANM_c008_left_f005408.jpg,1
20260729_020437_WLAJTY_c004_left_f000217.jpg,1
20260729_020437_WLAJTY_c004_left_f001567.jpg,1
20260729_020437_WLAJTY_c004_right_f000457.jpg,1
20260729_020437_WLAJTY_c004_right_f000907.jpg,1
20260729_020437_WLAJTY_c004_right_f002708.jpg,1
20260729_020437_WLAJTY_c004_right_f005858.jpg,1
20260729_021959_KUCNQU_c013_right_f004958.jpg,1
20260729_031229_JDAKCK_c000_left_f003728.jpg,1
20260729_031717_ZCEDNH_c004_right_f000472.jpg,1
20260729_032127_EUYYLB_c001_right_f000457.jpg,1
20260729_034540_VRSNAR_c000_right_f003262.jpg,1
20260729_044109_TKVBXB_c004_right_f001402.jpg,1
20260729_044109_TKVBXB_c004_right_f005123.jpg,1
20260729_050854_MNVNWH_c001_left_f000286.jpg,1
20260729_050854_MNVNWH_c001_right_f002332.jpg,1
20260729_051259_DDEETV_c037_right_f003158.jpg,1
20260729_051316_CBZTTB_c004_left_f000097.jpg,1
20260729_051316_CBZTTB_c004_left_f000217.jpg,1
20260729_051316_CBZTTB_c004_right_f004058.jpg,1
20260729_052608_MRXMKG_c001_left_f000286.jpg,1
20260729_052608_MRXMKG_c001_left_f001867.jpg,1
20260729_053559_NBFBCN_c035_left_f002468.jpg,1
20260729_053559_NBFBCN_c035_right_f000457.jpg,1
20260729_053559_NBFBCN_c035_right_f004508.jpg,1
20260729_054841_GJBCXB_c008_left_f000097.jpg,1
20260729_054841_GJBCXB_c008_left_f000277.jpg,1
20260729_054841_GJBCXB_c008_left_f002468.jpg,1
20260729_054841_GJBCXB_c008_left_f003368.jpg,1
20260729_054841_GJBCXB_c008_left_f004268.jpg,1
20260729_061702_UFGWJV_c001_left_f005408.jpg,1
20260729_061702_UFGWJV_c001_right_f005858.jpg,1
20260729_062245_AZCFTZ_c004_right_f005858.jpg,1
20260729_062320_EECWRQ_c002_left_f000277.jpg,1
20260729_062320_EECWRQ_c002_left_f001567.jpg,1
20260729_062320_EECWRQ_c002_right_f000907.jpg,1
20260729_062320_EECWRQ_c002_right_f001357.jpg,1
20260729_071312_NCWZDS_c003_right_f001402.jpg,1
20260729_072122_DYWPJE_c004_left_f003368.jpg,1
20260729_072122_DYWPJE_c004_left_f005168.jpg,1
20260729_075450_JRYTTT_c006_right_f006758.jpg,1
20260729_082640_AQKWNZ_c000_left_f000286.jpg,1
20260729_082640_AQKWNZ_c000_left_f004410.jpg,1
20260729_082714_XGYNRT_c002_left_f000100.jpg,1
20260729_082714_XGYNRT_c002_left_f003728.jpg,1
20260729_082714_XGYNRT_c002_right_f000472.jpg,1
20260729_082714_XGYNRT_c002_right_f002797.jpg,1
20260729_082714_XGYNRT_c002_right_f004658.jpg,1
20260729_082714_XGYNRT_c002_right_f005123.jpg,1
20260729_083309_WKZCJF_c004_left_f000286.jpg,1
20260729_083309_WKZCJF_c004_left_f003728.jpg,1
20260729_092212_BVCBVL_c000_left_f000689.jpg,1
20260729_092212_BVCBVL_c000_left_f005340.jpg,1
20260729_092212_BVCBVL_c000_left_f005588.jpg,1
20260729_092212_BVCBVL_c000_right_f004193.jpg,1
20260729_092212_BVCBVL_c000_right_f004658.jpg,1
20260729_093417_GNQPHS_c000_right_f006308.jpg,1
20260729_093638_PRGGYZ_c000_left_f004410.jpg,1
20260729_093638_PRGGYZ_c000_right_f000472.jpg,1
20260729_093638_PRGGYZ_c000_right_f003262.jpg,1
20260729_093638_PRGGYZ_c000_right_f004193.jpg,1
20260729_100502_DRQBUR_c010_left_f004268.jpg,1
20260729_100502_DRQBUR_c010_right_f004058.jpg,1
20260729_101446_QJSVAU_c021_right_f002257.jpg,1
20260729_101446_QJSVAU_c021_right_f004508.jpg,1
20260729_102603_JSEFJC_c021_left_f004268.jpg,1
20260729_102603_JSEFJC_c021_right_f004958.jpg,1
20260729_103243_XKMFSJ_c020_left_f002468.jpg,1
20260729_103243_XKMFSJ_c020_right_f000907.jpg,1
20260729_114015_EDNMZF_c003_left_f000097.jpg,1
20260729_114015_EDNMZF_c003_left_f004268.jpg,1
20260729_114015_EDNMZF_c003_right_f004508.jpg,1
20260729_120305_CVKSUZ_c018_left_f002468.jpg,1
20260729_120305_CVKSUZ_c018_right_f005858.jpg,1
20260729_234330_UHJJLL_c023_right_f004958.jpg,1
20260730_000317_KUBSQF_c026_right_f000907.jpg,1
20260730_002901_VFRCXR_c006_left_f000097.jpg,1
20260730_002901_VFRCXR_c006_left_f000277.jpg,1
20260730_002901_VFRCXR_c006_left_f001567.jpg,1
20260730_003046_JJUZNV_c091_left_f002467.jpg,1
20260730_003046_JJUZNV_c091_right_f004958.jpg,1
20260730_003046_JJUZNV_c091_right_f006758.jpg,1
20260730_003456_WWAUCA_c033_right_f004508.jpg,1
20260730_003456_WWAUCA_c033_right_f006758.jpg,1
20260730_003709_THEVQS_c007_left_f005168.jpg,1
20260730_003709_THEVQS_c007_right_f000457.jpg,1
20260730_003709_THEVQS_c007_right_f001357.jpg,1
20260730_003709_THEVQS_c007_right_f004508.jpg,1
20260730_003709_THEVQS_c007_right_f004958.jpg,1
20260730_003709_THEVQS_c007_right_f006758.jpg,1
20260730_011504_HUNTPZ_c000_right_f001402.jpg,1
20260730_014142_YVARBF_c001_left_f000277.jpg,1
20260730_014142_YVARBF_c001_right_f004508.jpg,1
20260730_025913_AJNCJR_c003_right_f004058.jpg,1
20260730_025913_AJNCJR_c003_right_f004958.jpg,1
20260730_032322_SLQQVG_c001_left_f000689.jpg,1
20260730_032322_SLQQVG_c001_left_f001619.jpg,1
20260730_032322_SLQQVG_c001_left_f001867.jpg,1
20260730_032322_SLQQVG_c001_left_f002549.jpg,1
20260730_034104_FPDSRL_c000_right_f000472.jpg,1
20260730_034104_FPDSRL_c000_right_f001402.jpg,1
20260730_035526_PJZJBP_c000_left_f001619.jpg,1
20260730_035526_PJZJBP_c000_left_f004410.jpg,1
20260730_035526_PJZJBP_c000_right_f004193.jpg,1
20260730_035526_PJZJBP_c000_right_f006053.jpg,1
20260730_050828_XNKZFR_c033_left_f003368.jpg,1
20260730_050828_XNKZFR_c033_right_f003158.jpg,1
20260730_050828_XNKZFR_c033_right_f004508.jpg,1
20260730_051101_ZMPRWE_c049_right_f000457.jpg,1
20260730_051101_ZMPRWE_c049_right_f005858.jpg,1
20260730_051721_KQCXTQ_c015_left_f000667.jpg,1
20260730_051721_KQCXTQ_c015_right_f000457.jpg,1
20260730_051721_KQCXTQ_c015_right_f005858.jpg,1
20260730_051852_DPKKJG_c038_left_f000667.jpg,1
20260730_051852_DPKKJG_c038_right_f004508.jpg,1
20260730_052639_RMVXGZ_c017_left_f001567.jpg,1
20260730_052639_RMVXGZ_c017_left_f005408.jpg,1
20260730_052639_RMVXGZ_c017_right_f004958.jpg,1
20260730_053443_KECFTA_c035_left_f000217.jpg,1
20260730_053443_KECFTA_c035_right_f003158.jpg,1
20260730_053443_KECFTA_c035_right_f004058.jpg,1
20260730_054827_DBGMYM_c034_left_f005408.jpg,1
20260730_054827_DBGMYM_c034_right_f000907.jpg,1
20260730_054827_DBGMYM_c034_right_f004958.jpg,1
20260730_062715_MPJJBW_c001_left_f002549.jpg,1
20260730_062910_XCAJGP_c036_right_f003262.jpg,1
20260730_062910_XCAJGP_c036_right_f006983.jpg,1
20260730_063340_XZMQQH_c007_right_f001402.jpg,1
20260730_065656_HMBANZ_c012_right_f000907.jpg,1
20260730_065656_HMBANZ_c012_right_f002257.jpg,1
20260730_065656_HMBANZ_c012_right_f003158.jpg,1
20260730_065656_HMBANZ_c012_right_f006758.jpg,1
20260730_075357_GRURFF_c002_left_f000217.jpg,1
20260730_081807_LFALYR_c000_right_f000472.jpg,1
20260730_091705_HPBJLP_c003_right_f006308.jpg,1
20260730_120323_VRSMSS_c000_left_f000100.jpg,1
20260730_153416_NTRJAQ_c000_left_f001619.jpg,1
20260730_153416_NTRJAQ_c000_right_f004193.jpg,1
20260730_153416_NTRJAQ_c000_right_f006053.jpg,1
20260731_000718_FLHFGC_c031_left_f000097.jpg,1
20260731_000718_FLHFGC_c031_left_f000667.jpg,1
20260731_002910_ABRWQE_c009_left_f000217.jpg,1
20260731_002910_ABRWQE_c009_left_f000667.jpg,1
20260731_002910_ABRWQE_c009_right_f000907.jpg,1
20260731_002910_ABRWQE_c009_right_f004508.jpg,1
20260731_002910_ABRWQE_c009_right_f006308.jpg,1
20260731_003217_RHUPZK_c001_right_f005123.jpg,1
20260731_003217_RHUPZK_c001_right_f006053.jpg,1
20260731_005600_CJNQTR_c010_left_f000667.jpg,1
20260731_012007_GFYZZU_c026_left_f000097.jpg,1
20260731_012007_GFYZZU_c026_left_f003368.jpg,1
20260731_012007_GFYZZU_c026_right_f000457.jpg,1
20260731_012007_GFYZZU_c026_right_f001357.jpg,1
20260731_013141_JGYMPT_c012_left_f003608.jpg,1
20260731_013141_JGYMPT_c012_right_f000907.jpg,1
20260731_013141_JGYMPT_c012_right_f004958.jpg,1
20260731_013141_JGYMPT_c012_right_f006308.jpg,1
20260731_013631_YCPXLP_c013_left_f004268.jpg,1
20260731_015854_QHEQHN_c012_right_f000457.jpg,1
20260731_015854_QHEQHN_c012_right_f000907.jpg,1
20260731_022316_XTTZRZ_c000_left_f000100.jpg,1
20260731_022316_XTTZRZ_c000_left_f003728.jpg,1
20260731_024259_TZHDSS_c000_right_f006053.jpg,1
20260731_032219_BPQBRC_c000_right_f003262.jpg,1
20260731_032506_VZHFMC_c000_right_f003262.jpg,1
20260731_032506_VZHFMC_c000_right_f004193.jpg,1
20260731_032750_ASHXKM_c001_right_f005123.jpg,1
20260731_034724_VGDTLS_c000_left_f000689.jpg,1
20260731_035448_ATXFNM_c000_left_f003479.jpg,1
20260731_035448_ATXFNM_c000_right_f000937.jpg,1
20260731_035448_ATXFNM_c000_right_f006983.jpg,1
20260731_043811_EVHDHG_c000_left_f005340.jpg,1
20260731_043811_EVHDHG_c000_right_f004658.jpg,1
20260731_043811_EVHDHG_c000_right_f005123.jpg,1
20260731_043811_EVHDHG_c000_right_f006518.jpg,1
20260731_051751_NFJVBT_c006_left_f000667.jpg,1
20260731_051751_NFJVBT_c006_left_f001567.jpg,1
20260731_052955_TUSYKU_c000_left_f001867.jpg,1
20260731_052955_TUSYKU_c000_left_f005588.jpg,1
20260731_052955_TUSYKU_c000_right_f006983.jpg,1
20260731_053903_VCVKTF_c005_left_f000667.jpg,1
20260731_053903_VCVKTF_c005_left_f003608.jpg,1
20260731_053903_VCVKTF_c005_left_f005168.jpg,1
20260731_055855_FBVULM_c015_left_f004268.jpg,1
20260731_060926_KHGYRH_c033_left_f004268.jpg,1
20260731_060926_KHGYRH_c033_right_f000457.jpg,1
20260731_060926_KHGYRH_c033_right_f004058.jpg,1
20260731_060926_KHGYRH_c033_right_f006758.jpg,1
20260731_061222_KZDNBA_c005_right_f002332.jpg,1
20260731_061222_KZDNBA_c005_right_f006053.jpg,1
20260731_061222_KZDNBA_c005_right_f006983.jpg,1
20260731_064929_ZTTQPQ_c025_right_f004508.jpg,1
20260731_071234_FWZUVS_c002_left_f000100.jpg,1
20260731_071234_FWZUVS_c002_left_f000689.jpg,1
20260731_071234_FWZUVS_c002_left_f001619.jpg,1
20260731_074059_SHCZBY_c000_left_f000689.jpg,1
20260731_074059_SHCZBY_c000_right_f003262.jpg,1
20260731_074059_SHCZBY_c000_right_f004193.jpg,1
20260731_075142_TFDQEN_c013_left_f001567.jpg,1
20260731_075142_TFDQEN_c013_right_f006308.jpg,1
20260731_075457_WKNWGD_c004_left_f001619.jpg,1
20260731_075457_WKNWGD_c004_left_f004410.jpg,1
20260731_075457_WKNWGD_c004_left_f005340.jpg,1
20260731_075457_WKNWGD_c004_right_f005123.jpg,1
20260731_084633_PFMNUQ_c001_left_f005168.jpg,1
20260731_085956_BQSWMK_c001_left_f000277.jpg,1
20260731_085956_BQSWMK_c001_left_f001567.jpg,1
20260731_085956_BQSWMK_c001_left_f001807.jpg,1
20260731_085956_BQSWMK_c001_left_f005168.jpg,1
20260731_085956_BQSWMK_c001_right_f004058.jpg,1
20260731_090427_ZXMNTU_c009_left_f004410.jpg,1
20260731_094254_BCTGAM_c000_left_f000667.jpg,1
20260731_094254_BCTGAM_c000_right_f002257.jpg,1
20260731_101904_LABSWP_c001_right_f000472.jpg,1
20260731_103611_XFYWPV_c002_left_f005340.jpg,1
20260731_103611_XFYWPV_c002_right_f000472.jpg,1
20260731_105447_DHJDGY_c002_right_f002708.jpg,1
20260731_111356_PKEUKX_c000_left_f000224.jpg,1
20260731_111356_PKEUKX_c000_left_f001619.jpg,1
20260731_111356_PKEUKX_c000_right_f001402.jpg,1
20260731_115303_RMPRUC_c000_left_f002547.jpg,1
20260731_115303_RMPRUC_c000_left_f003477.jpg,1
20260731_141521_YTQZDW_c006_right_f005123.jpg,1
20260731_235008_BMJFGA_c019_right_f000907.jpg,1
20260731_235008_BMJFGA_c019_right_f006308.jpg,1
20260801_001417_FEGHFM_c014_left_f000217.jpg,1
20260801_001417_FEGHFM_c014_left_f002468.jpg,1
20260801_001417_FEGHFM_c014_right_f000457.jpg,1
20260801_001417_FEGHFM_c014_right_f004508.jpg,1
20260801_002816_KGKVWE_c029_left_f000097.jpg,1
20260801_002816_KGKVWE_c029_left_f001567.jpg,1
20260801_002816_KGKVWE_c029_left_f002468.jpg,1
20260801_002816_KGKVWE_c029_left_f003608.jpg,1
20260801_002816_KGKVWE_c029_right_f000457.jpg,1
20260801_002816_KGKVWE_c029_right_f002257.jpg,1
20260801_002816_KGKVWE_c029_right_f002708.jpg,1
20260801_002816_KGKVWE_c029_right_f003158.jpg,1
20260801_003343_CQNLDX_c027_left_f005408.jpg,1
20260801_003343_CQNLDX_c027_right_f003158.jpg,1
20260801_004519_QUMRKH_c027_left_f001567.jpg,1
20260801_004519_QUMRKH_c027_right_f002257.jpg,1
20260801_004519_QUMRKH_c027_right_f004058.jpg,1
20260801_004519_QUMRKH_c027_right_f004958.jpg,1
20260801_004615_NVVAUE_c027_left_f000097.jpg,1
20260801_004615_NVVAUE_c027_left_f000277.jpg,1
20260801_004615_NVVAUE_c027_left_f001567.jpg,1
20260801_004615_NVVAUE_c027_left_f005408.jpg,1
20260801_004615_NVVAUE_c027_right_f004058.jpg,1
20260801_011429_FNHFGK_c003_left_f000286.jpg,1
20260801_011429_FNHFGK_c003_right_f000472.jpg,1
20260801_011429_FNHFGK_c003_right_f004193.jpg,1
20260801_022247_EBVJWJ_c014_left_f000217.jpg,1
20260801_022247_EBVJWJ_c014_right_f000907.jpg,1
20260801_022247_EBVJWJ_c014_right_f004058.jpg,1
20260801_022247_EBVJWJ_c014_right_f006308.jpg,1
20260801_022247_EBVJWJ_c014_right_f006758.jpg,1
20260801_030600_AXYFJL_c001_left_f002549.jpg,1
20260801_044533_NQUXBB_c000_left_f004410.jpg,1
20260801_044533_NQUXBB_c000_right_f004658.jpg,1
20260801_045513_SESDBM_c001_left_f005588.jpg,1
20260801_045629_VQMKZW_c000_left_f000689.jpg,1
20260801_045629_VQMKZW_c000_right_f000472.jpg,1
20260801_045629_VQMKZW_c000_right_f002332.jpg,1
20260801_045629_VQMKZW_c000_right_f006053.jpg,1
20260801_051518_HKGFTN_c020_right_f004058.jpg,1
20260801_051518_HKGFTN_c020_right_f004958.jpg,1
20260801_051543_SRLZZU_c004_right_f000937.jpg,1
20260801_060336_CKCTCA_c001_left_f004410.jpg,1
20260801_060441_DHJCJZ_c000_left_f000097.jpg,1
20260801_060441_DHJCJZ_c000_left_f001807.jpg,1
20260801_060441_DHJCJZ_c000_right_f005858.jpg,1
20260801_061922_QVPRPD_c003_left_f000277.jpg,1
20260801_062313_TRXXTH_c002_left_f000100.jpg,1
20260801_063248_WEMERF_c000_right_f000472.jpg,1
20260801_063248_WEMERF_c000_right_f001402.jpg,1
20260801_063248_WEMERF_c000_right_f003262.jpg,1
20260801_064907_PYVMVT_c002_right_f000457.jpg,1
20260801_064907_PYVMVT_c002_right_f001357.jpg,1
20260801_064907_PYVMVT_c002_right_f004058.jpg,1
20260801_064907_PYVMVT_c002_right_f004508.jpg,1
20260801_071122_CPXWEG_c024_right_f003158.jpg,1
20260801_074258_KFJCHQ_c016_right_f006308.jpg,1
20260801_075122_PRGRJE_c011_left_f000667.jpg,1
20260801_075122_PRGRJE_c011_left_f002468.jpg,1
20260801_075122_PRGRJE_c011_right_f006758.jpg,1
20260801_102251_JDVJJX_c008_right_f000907.jpg,1
20260801_103929_GYZTDL_c008_right_f005858.jpg,1
20260801_105435_JWTLZM_c000_left_f000286.jpg,1
20260801_105435_JWTLZM_c000_right_f000937.jpg,1
20260801_105703_JTEACR_c001_left_f000224.jpg,1
20260801_105703_JTEACR_c001_left_f001619.jpg,1
20260801_105703_JTEACR_c001_right_f002797.jpg,1
20260801_105703_JTEACR_c001_right_f004658.jpg,1
20260801_112926_DCUWKG_c004_left_f001867.jpg,1
20260801_112926_DCUWKG_c004_left_f002549.jpg,1
20260801_134844_ASLKVH_c008_right_f000472.jpg,1
20260801_134844_ASLKVH_c008_right_f002332.jpg,1
20260801_144020_MQFJHG_c002_left_f000689.jpg,1
20260801_144020_MQFJHG_c002_right_f000937.jpg,1
20260801_144020_MQFJHG_c002_right_f002797.jpg,1
20260801_155435_HEZEWM_c001_right_f000937.jpg,1
20260801_155435_HEZEWM_c001_right_f003262.jpg,1
20260802_013549_AXUQHT_c018_left_f002468.jpg,1
20260802_013549_AXUQHT_c018_right_f002257.jpg,1
20260802_021351_TXLASZ_c009_left_f001567.jpg,1
20260802_021351_TXLASZ_c009_right_f004958.jpg,1
20260802_021351_TXLASZ_c009_right_f006758.jpg,1
20260802_040101_ZBNUHL_c022_left_f000277.jpg,1
20260802_040101_ZBNUHL_c022_left_f001567.jpg,1
20260802_040127_FSZAHF_c011_left_f001807.jpg,1
20260802_040127_FSZAHF_c011_right_f004958.jpg,1
20260802_044525_HCAFQN_c005_right_f004508.jpg,1
20260802_051201_GRNTCZ_c033_left_f000097.jpg,1
20260802_051201_GRNTCZ_c033_left_f001807.jpg,1
20260802_051708_AQKMMP_c026_right_f004958.jpg,1
20260802_051708_AQKMMP_c026_right_f006308.jpg,1
20260802_062052_WNZQUL_c031_left_f000667.jpg,1
20260802_062052_WNZQUL_c031_left_f001807.jpg,1
20260802_071621_USFDVU_c020_left_f001807.jpg,1
20260802_071621_USFDVU_c020_left_f003368.jpg,1
20260802_071621_USFDVU_c020_right_f000457.jpg,1
20260802_080720_EQFAQG_c018_right_f001357.jpg,1
20260802_080720_EQFAQG_c018_right_f003158.jpg,1
20260802_083704_GEMJLY_c014_left_f001807.jpg,1
20260802_234555_SSYYLU_c018_left_f001807.jpg,1
20260802_234555_SSYYLU_c018_left_f003368.jpg,1
20260802_234555_SSYYLU_c018_left_f003608.jpg,1
20260802_234555_SSYYLU_c018_right_f000907.jpg,1
20260803_000754_CLXVLJ_c035_left_f003368.jpg,1
20260803_001110_NPWCZT_c034_left_f001567.jpg,1
20260803_001110_NPWCZT_c034_left_f002468.jpg,1
20260803_001110_NPWCZT_c034_right_f000907.jpg,1
20260803_001110_NPWCZT_c034_right_f002708.jpg,1
20260803_002504_FMAVBN_c011_right_f000907.jpg,1
20260803_002602_JZXMLZ_c028_right_f003158.jpg,1
20260803_002602_JZXMLZ_c028_right_f004058.jpg,1
20260803_003103_XYEZGW_c001_left_f000097.jpg,1
20260803_003103_XYEZGW_c001_left_f005168.jpg,1
20260803_003103_XYEZGW_c001_right_f000457.jpg,1
20260803_003103_XYEZGW_c001_right_f003158.jpg,1
20260803_003103_XYEZGW_c001_right_f004958.jpg,1
20260803_004501_TRURPF_c029_left_f000277.jpg,1
20260803_004501_TRURPF_c029_left_f001807.jpg,1
20260803_015503_NWNATD_c003_left_f000689.jpg,1
20260803_015503_NWNATD_c003_right_f000937.jpg,1
20260803_021056_SDKBLT_c000_left_f004410.jpg,1
20260803_021056_SDKBLT_c000_right_f003262.jpg,1
20260803_025236_MEBDDS_c002_left_f002468.jpg,1
20260803_025236_MEBDDS_c002_left_f003368.jpg,1
20260803_025236_MEBDDS_c002_right_f000457.jpg,1
20260803_025236_MEBDDS_c002_right_f004058.jpg,1
20260803_025236_MEBDDS_c002_right_f004958.jpg,1
20260803_025243_RQYZDL_c001_right_f001402.jpg,1
20260803_031904_DQGNTK_c001_left_f002468.jpg,1
20260803_031904_DQGNTK_c001_right_f006308.jpg,1
20260803_033037_TFPQDD_c001_right_f006758.jpg,1
20260803_040619_RCYGYT_c000_left_f000217.jpg,1
20260803_040619_RCYGYT_c000_left_f000277.jpg,1
20260803_040619_RCYGYT_c000_right_f001357.jpg,1
20260803_043321_BBUBPH_c043_right_f006758.jpg,1
20260803_051446_KPQDXY_c010_right_f000907.jpg,1
20260803_053025_JNHWLM_c030_left_f000097.jpg,1
20260803_053025_JNHWLM_c030_left_f001567.jpg,1
20260803_053025_JNHWLM_c030_left_f001807.jpg,1
20260803_053025_JNHWLM_c030_left_f002468.jpg,1
20260803_053025_JNHWLM_c030_right_f002257.jpg,1
20260803_054519_DAAZBN_c035_left_f005168.jpg,1
20260803_054519_DAAZBN_c035_right_f002708.jpg,1
20260803_061557_SGFTXP_c035_left_f001807.jpg,1
20260803_061557_SGFTXP_c035_right_f001357.jpg,1
20260803_061557_SGFTXP_c035_right_f002257.jpg,1
20260803_061557_SGFTXP_c035_right_f006308.jpg,1
20260803_064846_RGTZCR_c000_left_f005340.jpg,1
20260803_070228_UZTEUS_c004_left_f002468.jpg,1
20260803_070228_UZTEUS_c004_left_f005167.jpg,1
20260803_070228_UZTEUS_c004_right_f002708.jpg,1
20260803_070228_UZTEUS_c004_right_f004507.jpg,1
20260803_070228_UZTEUS_c004_right_f004957.jpg,1
20260803_070322_XQRREU_c018_right_f002257.jpg,1
20260803_071015_WZZAVK_c003_right_f003158.jpg,1
20260803_071015_WZZAVK_c003_right_f004058.jpg,1
20260803_074045_BRAUTK_c006_left_f001567.jpg,1
20260803_074045_BRAUTK_c006_right_f002708.jpg,1
20260803_074045_BRAUTK_c006_right_f006308.jpg,1
20260803_080111_PNTPKY_c004_right_f002708.jpg,1
20260803_080130_RTNFDJ_c001_right_f000907.jpg,1
20260803_082739_AATWER_c000_right_f006053.jpg,1
20260803_090355_VFVGCH_c005_left_f004268.jpg,1
20260803_093922_AWGCEH_c002_left_f001619.jpg,1
20260803_103209_THMANJ_c000_right_f005123.jpg,1
20260803_234001_XDPTVB_c038_right_f000907.jpg,1
20260804_000951_YZFJQE_c037_right_f001357.jpg,1
20260804_000951_YZFJQE_c037_right_f002708.jpg,1
20260804_003142_SMEVUD_c004_right_f006308.jpg,1
20260804_004037_VBAMHZ_c008_left_f003608.jpg,1
20260804_010238_YHKZXY_c001_left_f000286.jpg,1
20260804_010238_YHKZXY_c001_left_f005588.jpg,1
20260804_010238_YHKZXY_c001_right_f006518.jpg,1
20260804_010248_AHGQJZ_c001_left_f000097.jpg,1
20260804_010248_AHGQJZ_c001_left_f004268.jpg,1
20260804_010315_HURUFJ_c003_left_f000667.jpg,1
20260804_010315_HURUFJ_c003_right_f006758.jpg,1
20260804_012857_YHSREK_c019_left_f000097.jpg,1
20260804_012857_YHSREK_c019_left_f000217.jpg,1
20260804_012857_YHSREK_c019_right_f000457.jpg,1
20260804_013524_ARYCXV_c000_right_f002797.jpg,1
20260804_013524_ARYCXV_c000_right_f004658.jpg,1
20260804_013524_ARYCXV_c000_right_f006983.jpg,1
20260804_022603_JMHJAK_c024_right_f004508.jpg,1
20260804_023545_RECZLH_c000_left_f000217.jpg,1
20260804_023545_RECZLH_c000_left_f003608.jpg,1
20260804_023545_RECZLH_c000_right_f006758.jpg,1
20260804_032429_TUTTFR_c001_left_f000689.jpg,1
20260804_032429_TUTTFR_c001_left_f001867.jpg,1
20260804_032429_TUTTFR_c001_left_f003479.jpg,1
20260804_035640_TVGNHG_c002_right_f004508.jpg,1
20260804_035640_TVGNHG_c002_right_f004958.jpg,1
20260804_035640_TVGNHG_c002_right_f006308.jpg,1
20260804_042659_YYPWKY_c002_right_f004193.jpg,1
20260804_043707_RVCZHR_c012_right_f003262.jpg,1
20260804_051354_EAKKXB_c003_right_f002797.jpg,1
20260804_062352_EXYLPN_c038_right_f003158.jpg,1
20260804_062352_EXYLPN_c038_right_f004058.jpg,1
20260804_075029_UDXCMK_c000_left_f005168.jpg,1
20260804_080202_JATFGE_c003_left_f000100.jpg,1
20260804_080202_JATFGE_c003_left_f000224.jpg,1
20260804_080202_JATFGE_c003_right_f006518.jpg,1
20260804_082109_SSELRX_c001_right_f001402.jpg,1
20260804_082555_KCMESJ_c009_left_f004410.jpg,1
20260804_082555_KCMESJ_c009_right_f002797.jpg,1
20260804_082555_KCMESJ_c009_right_f006983.jpg,1
20260804_083421_PMHGTR_c000_right_f002797.jpg,1
20260804_084316_JBRWKA_c007_right_f004508.jpg,1
20260804_084412_GFDGEA_c000_left_f002549.jpg,1
20260804_092955_JEFVXD_c001_right_f001402.jpg,1
20260804_121814_BRJBGP_c016_right_f006758.jpg,1
20260804_122351_WQFTFB_c000_left_f003479.jpg,1
20260804_122351_WQFTFB_c000_right_f000937.jpg,1
20260804_143308_LERCWE_c004_left_f000224.jpg,1
20260804_143308_LERCWE_c004_left_f000286.jpg,1
20260804_143308_LERCWE_c004_left_f001619.jpg,1
20260805_002032_JPAQER_c035_right_f005858.jpg,1
20260805_002813_DNJMDH_c027_left_f003368.jpg,1
20260805_002813_DNJMDH_c027_right_f002708.jpg,1
20260805_002813_DNJMDH_c027_right_f003158.jpg,1
20260805_002813_DNJMDH_c027_right_f004958.jpg,1
20260805_003008_MABQFB_c000_right_f003262.jpg,1
20260805_004220_ZXGSLY_c015_left_f003608.jpg,1
20260805_004220_ZXGSLY_c015_left_f004268.jpg,1
20260805_005020_FTTZHZ_c020_left_f000667.jpg,1
20260805_011216_XXRSKA_c027_left_f004268.jpg,1
20260805_011216_XXRSKA_c027_right_f002257.jpg,1
20260805_011645_MXZPMQ_c026_left_f005408.jpg,1
20260805_011645_MXZPMQ_c026_right_f002708.jpg,1
20260805_011645_MXZPMQ_c026_right_f006308.jpg,1
20260805_012042_FGVJJE_c000_left_f001619.jpg,1
20260805_021820_EAQMPP_c015_left_f000277.jpg,1
20260805_021820_EAQMPP_c015_right_f000457.jpg,1
20260805_021820_EAQMPP_c015_right_f006758.jpg,1
20260805_022024_ACSWPQ_c001_left_f001567.jpg,1
20260805_022024_ACSWPQ_c001_left_f002467.jpg,1
20260805_022024_ACSWPQ_c001_right_f002708.jpg,1
20260805_024422_ZDSXJN_c000_left_f000286.jpg,1
20260805_024422_ZDSXJN_c000_right_f000472.jpg,1
20260805_024422_ZDSXJN_c000_right_f001402.jpg,1
20260805_033917_DQBLXE_c002_left_f005588.jpg,1
20260805_033917_DQBLXE_c002_right_f003262.jpg,1
20260805_040135_JUEQVH_c003_left_f001807.jpg,1
20260805_040135_JUEQVH_c003_left_f005408.jpg,1
20260805_040135_JUEQVH_c003_right_f004958.jpg,1
20260805_042313_DTMRZE_c000_left_f003728.jpg,1
20260805_042313_DTMRZE_c000_left_f005588.jpg,1
20260805_042313_DTMRZE_c000_right_f006983.jpg,1
20260805_042707_PJKEFL_c024_left_f003608.jpg,1
20260805_050701_GLFXNH_c046_left_f000097.jpg,1
20260805_050845_BEXHLX_c007_right_f002708.jpg,1
20260805_050845_BEXHLX_c007_right_f003158.jpg,1
20260805_050845_BEXHLX_c007_right_f004508.jpg,1
20260805_050845_BEXHLX_c007_right_f005858.jpg,1
20260805_051905_SQEXNV_c012_right_f006308.jpg,1
20260805_052410_XWCWMX_c000_left_f001567.jpg,1
20260805_052410_XWCWMX_c000_left_f005408.jpg,1
20260805_052410_XWCWMX_c000_right_f001357.jpg,1
20260805_052410_XWCWMX_c000_right_f003158.jpg,1
20260805_052410_XWCWMX_c000_right_f004508.jpg,1
20260805_052410_XWCWMX_c000_right_f005858.jpg,1
20260805_052605_FZNPLS_c010_left_f002468.jpg,1
20260805_052605_FZNPLS_c010_left_f004268.jpg,1
20260805_052605_FZNPLS_c010_left_f005408.jpg,1
20260805_052605_FZNPLS_c010_right_f005858.jpg,1
20260805_053154_CSQWCY_c008_left_f002468.jpg,1
20260805_053633_PCZFXJ_c030_left_f000217.jpg,1
20260805_053633_PCZFXJ_c030_left_f003368.jpg,1
20260805_053722_KBCBUP_c008_right_f005858.jpg,1
20260805_054412_FZDCRR_c002_left_f001867.jpg,1
20260805_054412_FZDCRR_c002_right_f002797.jpg,1
20260805_054412_FZDCRR_c002_right_f004193.jpg,1
20260805_060927_BUCPCT_c023_left_f000689.jpg,1
20260805_060927_BUCPCT_c023_left_f002549.jpg,1
20260805_060927_BUCPCT_c023_left_f003479.jpg,1
20260805_060927_BUCPCT_c023_left_f005340.jpg,1
20260805_060927_BUCPCT_c023_right_f002797.jpg,1
20260805_060927_BUCPCT_c023_right_f005123.jpg,1
20260805_060927_BUCPCT_c023_right_f006983.jpg,1
20260805_073153_LDAGRJ_c001_right_f002257.jpg,1
20260805_073153_LDAGRJ_c001_right_f004508.jpg,1
20260805_075830_VHVBHF_c015_right_f004508.jpg,1
20260805_081047_XTMLQK_c001_left_f003479.jpg,1
20260805_092025_ENJSQX_c001_left_f001619.jpg,1
20260805_092111_UWVFVB_c004_right_f000457.jpg,1
20260805_092111_UWVFVB_c004_right_f003158.jpg,1
20260805_092111_UWVFVB_c004_right_f004958.jpg,1
20260805_094915_DSADTG_c020_left_f000097.jpg,1
20260805_095844_VNHRJH_c002_left_f003728.jpg,1
20260805_095844_VNHRJH_c002_left_f004410.jpg,1
20260805_110200_HKZRJQ_c001_right_f005123.jpg,1
20260805_120954_SFASVV_c004_right_f000907.jpg,1
20260806_001014_DZEZQF_c010_right_f005858.jpg,1
20260806_001014_DZEZQF_c010_right_f006308.jpg,1
20260806_002343_EXMKSZ_c000_left_f000097.jpg,1
20260806_002343_EXMKSZ_c000_left_f000667.jpg,1
20260806_002343_EXMKSZ_c000_left_f001567.jpg,1
20260806_002343_EXMKSZ_c000_right_f000907.jpg,1
20260806_002343_EXMKSZ_c000_right_f002708.jpg,1
20260806_003101_SELTQQ_c034_left_f000277.jpg,1
20260806_003101_SELTQQ_c034_left_f001567.jpg,1
20260806_003101_SELTQQ_c034_right_f001357.jpg,1
20260806_003101_SELTQQ_c034_right_f002708.jpg,1
20260806_003234_UBPKJY_c033_left_f001567.jpg,1
20260806_003234_UBPKJY_c033_right_f000907.jpg,1
20260806_003234_UBPKJY_c033_right_f002257.jpg,1
20260806_012941_BNEXXF_c011_right_f006518.jpg,1
20260806_013952_ERDRMD_c001_right_f002332.jpg,1
20260806_015445_TDUENS_c014_right_f005858.jpg,1
20260806_015457_VMJMQB_c001_left_f001867.jpg,1
20260806_015457_VMJMQB_c001_left_f005340.jpg,1
20260806_015457_VMJMQB_c001_right_f002332.jpg,1
20260806_015457_VMJMQB_c001_right_f004658.jpg,1
20260806_021209_BKWPDE_c014_right_f000907.jpg,1
20260806_035304_EPJSYT_c009_left_f003479.jpg,1
20260806_051551_ADZLBP_c001_right_f000472.jpg,1
20260806_051551_ADZLBP_c001_right_f000937.jpg,1
20260806_051551_ADZLBP_c001_right_f001402.jpg,1
20260806_053342_WVLKRM_c000_right_f004658.jpg,1
20260806_054546_GLSYWA_c007_left_f000667.jpg,1
20260806_054955_VYCNGT_c019_left_f000217.jpg,1
20260806_055104_DYVAUJ_c031_left_f004268.jpg,1
20260806_055104_DYVAUJ_c031_right_f000457.jpg,1
20260806_055104_DYVAUJ_c031_right_f001357.jpg,1
20260806_060705_YTPFKN_c002_left_f005340.jpg,1
20260806_063730_YAXFHB_c008_left_f004268.jpg,1
20260806_063730_YAXFHB_c008_right_f004508.jpg,1
20260806_065243_JTKGPQ_c009_left_f004410.jpg,1
20260806_065243_JTKGPQ_c009_right_f004193.jpg,1
20260806_072150_FNJGGH_c009_left_f000667.jpg,1
20260806_072150_FNJGGH_c009_right_f000457.jpg,1
20260806_083507_EZRYXS_c002_left_f005408.jpg,1
20260806_083507_EZRYXS_c002_right_f000457.jpg,1
20260806_083507_EZRYXS_c002_right_f004508.jpg,1
20260806_090745_BBCYPC_c004_right_f004658.jpg,1
20260806_090745_BBCYPC_c004_right_f006053.jpg,1
20260806_092914_CREURW_c000_left_f002549.jpg,1
20260806_092914_CREURW_c000_left_f003728.jpg,1
20260806_092914_CREURW_c000_left_f005340.jpg,1
20260806_092914_CREURW_c000_right_f002332.jpg,1
20260806_092914_CREURW_c000_right_f003262.jpg,1
20260806_101135_YNESEK_c016_left_f003608.jpg,1
20260806_101135_YNESEK_c016_left_f005168.jpg,1
20260806_101135_YNESEK_c016_right_f003158.jpg,1
20260806_161913_NFWSKS_c000_left_f003728.jpg,1
20260806_161913_NFWSKS_c000_right_f006983.jpg,1
20260807_000555_JCPJZE_c002_left_f002468.jpg,1
20260807_000555_JCPJZE_c002_left_f005168.jpg,1
20260807_000555_JCPJZE_c002_right_f000907.jpg,1
20260807_000555_JCPJZE_c002_right_f001357.jpg,1
20260807_000555_JCPJZE_c002_right_f002257.jpg,1
20260807_000555_JCPJZE_c002_right_f003158.jpg,1
20260807_000555_JCPJZE_c002_right_f006308.jpg,1
20260807_001956_FEBYLW_c002_left_f001807.jpg,1
20260807_002653_FUSJDX_c029_left_f000667.jpg,1
20260807_002653_FUSJDX_c029_right_f000907.jpg,1
20260807_004554_ALDJRT_c026_right_f002257.jpg,1
20260807_005528_HFGRMA_c021_left_f000217.jpg,1
20260807_005528_HFGRMA_c021_right_f002257.jpg,1
20260807_005820_SGWEYQ_c008_left_f002468.jpg,1
20260807_010123_LHKYHJ_c004_left_f000286.jpg,1
20260807_010123_LHKYHJ_c004_left_f005340.jpg,1
20260807_010123_LHKYHJ_c004_right_f004193.jpg,1
20260807_010123_LHKYHJ_c004_right_f004658.jpg,1
20260807_010821_LQAUHR_c007_right_f004058.jpg,1
20260807_010821_LQAUHR_c007_right_f006758.jpg,1
20260807_013224_ZJRWMF_c015_right_f002708.jpg,1
20260807_021118_EMZGPQ_c017_right_f004508.jpg,1
20260807_021118_EMZGPQ_c017_right_f006758.jpg,1
20260807_021445_UMNJCN_c012_left_f000277.jpg,1
20260807_021445_UMNJCN_c012_left_f005168.jpg,1
20260807_021445_UMNJCN_c012_right_f006308.jpg,1
20260807_021903_FBPLMC_c016_right_f006983.jpg,1
20260807_022238_YWQZDS_c001_left_f000286.jpg,1
20260807_022238_YWQZDS_c001_left_f004410.jpg,1
20260807_022858_BYHEYK_c000_left_f001619.jpg,1
20260807_022858_BYHEYK_c000_left_f001867.jpg,1
20260807_022858_BYHEYK_c000_right_f001402.jpg,1
20260807_022858_BYHEYK_c000_right_f002797.jpg,1
20260807_022858_BYHEYK_c000_right_f004658.jpg,1
20260807_022858_BYHEYK_c000_right_f006983.jpg,1
20260807_030655_RQHXQQ_c001_left_f001619.jpg,1
20260807_030655_RQHXQQ_c001_left_f002549.jpg,1
20260807_032829_LAAHVK_c000_left_f000097.jpg,1
20260807_032829_LAAHVK_c000_right_f001357.jpg,1
20260807_033738_GGNFZW_c000_right_f005123.jpg,1
20260807_041046_UDJTZD_c009_left_f000217.jpg,1
20260807_041046_UDJTZD_c009_right_f004958.jpg,1
20260807_044330_BFWDRW_c007_right_f006053.jpg,1
20260807_052719_ZSDKLG_c034_right_f000457.jpg,1
20260807_052719_ZSDKLG_c034_right_f005858.jpg,1
20260807_053051_SEWHWN_c027_right_f006053.jpg,1
20260807_053355_LVZHSN_c014_right_f004958.jpg,1
20260807_061240_AYFJYN_c026_left_f001567.jpg,1
20260807_061240_AYFJYN_c026_right_f002257.jpg,1
20260807_063025_GPTMKJ_c008_left_f003368.jpg,1
20260807_063025_GPTMKJ_c008_left_f003608.jpg,1
20260807_063025_GPTMKJ_c008_left_f004268.jpg,1
20260807_064258_YLZEKQ_c004_left_f000286.jpg,1
20260807_071120_HAETXX_c000_left_f000224.jpg,1
20260807_071120_HAETXX_c000_left_f000689.jpg,1
20260807_071433_UJQQBN_c017_left_f000097.jpg,1
20260807_071433_UJQQBN_c017_left_f000667.jpg,1
20260807_071433_UJQQBN_c017_right_f004508.jpg,1
20260807_071433_UJQQBN_c017_right_f004958.jpg,1
20260807_071433_UJQQBN_c017_right_f005858.jpg,1
20260807_080902_WXHKAL_c009_left_f000667.jpg,1
20260807_080902_WXHKAL_c009_left_f003608.jpg,1
20260807_104334_MKABDE_c007_left_f001807.jpg,1
20260807_104334_MKABDE_c007_left_f005168.jpg,1
20260807_104334_MKABDE_c007_left_f005408.jpg,1
20260807_104334_MKABDE_c007_right_f003158.jpg,1
20260807_104334_MKABDE_c007_right_f004958.jpg,1
20260807_104334_MKABDE_c007_right_f006308.jpg,1
20260807_104334_MKABDE_c007_right_f006758.jpg,1
20260807_112016_TSSMVK_c012_left_f001567.jpg,1
20260807_112016_TSSMVK_c012_right_f004958.jpg,1
20260807_112016_TSSMVK_c012_right_f006758.jpg,1
20260808_001014_BWJJTG_c009_left_f004268.jpg,1
20260808_001014_BWJJTG_c009_right_f004058.jpg,1
20260808_001014_BWJJTG_c009_right_f004508.jpg,1
20260808_001014_BWJJTG_c009_right_f004958.jpg,1
20260808_005524_PPBFNN_c021_right_f000457.jpg,1
20260808_010842_YEKJBY_c002_right_f002797.jpg,1
20260808_011112_RQLPSN_c001_left_f002549.jpg,1
20260808_011112_RQLPSN_c001_left_f005340.jpg,1
20260808_011112_RQLPSN_c001_right_f006053.jpg,1
20260808_011850_CEQPXE_c011_left_f005588.jpg,1
20260808_011850_CEQPXE_c011_right_f002797.jpg,1
20260808_011850_CEQPXE_c011_right_f006518.jpg,1
20260808_011850_CEQPXE_c011_right_f006983.jpg,1
20260808_024449_QJAFZC_c003_right_f002332.jpg,1
20260808_025118_SSQZEY_c011_right_f003158.jpg,1
20260808_025118_SSQZEY_c011_right_f004958.jpg,1
20260808_025425_PTCFQJ_c009_right_f002708.jpg,1
20260808_025425_PTCFQJ_c009_right_f006308.jpg,1
20260808_025425_PTCFQJ_c009_right_f006758.jpg,1
20260808_052516_AXCUVA_c001_left_f000667.jpg,1
20260808_052516_AXCUVA_c001_left_f005168.jpg,1
20260808_052516_AXCUVA_c001_left_f005408.jpg,1
20260808_052516_AXCUVA_c001_right_f000907.jpg,1
20260808_052516_AXCUVA_c001_right_f002257.jpg,1
20260808_053326_GKPMNB_c035_right_f000907.jpg,1
20260808_053326_GKPMNB_c035_right_f002257.jpg,1
20260808_053326_GKPMNB_c035_right_f006308.jpg,1
20260808_053931_XAHCZY_c038_right_f001357.jpg,1
20260808_054356_PQEBQT_c008_left_f003368.jpg,1
20260808_054356_PQEBQT_c008_left_f003608.jpg,1
20260808_054356_PQEBQT_c008_left_f005168.jpg,1
20260808_055940_EUUJXL_c001_left_f002549.jpg,1
20260808_055940_EUUJXL_c001_right_f000472.jpg,1
20260808_055940_EUUJXL_c001_right_f002332.jpg,1
20260808_055940_EUUJXL_c001_right_f004658.jpg,1
20260808_061316_JRXHNV_c003_left_f002549.jpg,1
20260808_074913_AAKANP_c007_right_f002708.jpg,1
20260808_074913_AAKANP_c007_right_f006308.jpg,1
20260808_082700_UTSRGU_c002_left_f000097.jpg,1
20260808_082700_UTSRGU_c002_left_f000277.jpg,1
20260808_082700_UTSRGU_c002_left_f000667.jpg,1
20260808_082700_UTSRGU_c002_right_f000457.jpg,1
20260808_082700_UTSRGU_c002_right_f002257.jpg,1
20260808_082700_UTSRGU_c002_right_f002708.jpg,1
20260808_083458_HVMLER_c005_left_f002549.jpg,1
20260808_083458_HVMLER_c005_right_f002797.jpg,1
20260808_083458_HVMLER_c005_right_f004193.jpg,1
20260808_085218_YLRXZZ_c002_right_f004958.jpg,1
20260808_090149_JRJCST_c009_right_f000472.jpg,1
20260808_090149_JRJCST_c009_right_f000937.jpg,1
20260809_012034_TMTSSL_c009_left_f002468.jpg,1
20260809_012034_TMTSSL_c009_right_f006758.jpg,1
20260809_013154_KKPEKX_c002_right_f000907.jpg,1
20260809_014649_HHFBTZ_c021_left_f004268.jpg,1
20260809_014649_HHFBTZ_c021_right_f000457.jpg,1
20260809_014649_HHFBTZ_c021_right_f002257.jpg,1
20260809_022234_LBJLAB_c010_left_f000097.jpg,1
20260809_030705_VRDLCP_c019_left_f001807.jpg,1
20260809_030705_VRDLCP_c019_right_f002257.jpg,1
20260809_030705_VRDLCP_c019_right_f004958.jpg,1
20260809_050041_TUWUUM_c039_left_f001807.jpg,1
20260809_050041_TUWUUM_c039_left_f003608.jpg,1
20260809_050601_FPKBTQ_c004_right_f000907.jpg,1
20260809_050601_FPKBTQ_c004_right_f004058.jpg,1
20260809_050601_FPKBTQ_c004_right_f005858.jpg,1
20260809_050601_FPKBTQ_c004_right_f006308.jpg,1
20260809_061952_NYJPFH_c007_left_f001567.jpg,1
20260809_065932_FCBJCW_c020_left_f000667.jpg,1
20260809_065932_FCBJCW_c020_left_f002468.jpg,1
20260809_065932_FCBJCW_c020_right_f002708.jpg,1
20260809_090515_HCQBFL_c029_right_f004508.jpg,1
20260809_235534_XMUEYW_c045_left_f001567.jpg,1
20260809_235534_XMUEYW_c045_right_f000457.jpg,1
20260809_235534_XMUEYW_c045_right_f002257.jpg,1
20260810_001955_XUTENP_c031_left_f001567.jpg,1
20260810_001955_XUTENP_c031_left_f003368.jpg,1
20260810_001955_XUTENP_c031_right_f001357.jpg,1
20260810_001955_XUTENP_c031_right_f002708.jpg,1
20260810_001955_XUTENP_c031_right_f005858.jpg,1
20260810_002355_KXRDEW_c000_left_f005588.jpg,1
20260810_002355_KXRDEW_c000_right_f000472.jpg,1
20260810_002510_XCCXHJ_c027_left_f000667.jpg,1
20260810_002510_XCCXHJ_c027_right_f000457.jpg,1
20260810_002510_XCCXHJ_c027_right_f003158.jpg,1
20260810_002740_YTYCSC_c032_left_f000217.jpg,1
20260810_002740_YTYCSC_c032_left_f000277.jpg,1
20260810_002740_YTYCSC_c032_left_f001807.jpg,1
20260810_002740_YTYCSC_c032_left_f003368.jpg,1
20260810_004520_MGPZNE_c028_left_f001807.jpg,1
20260810_004520_MGPZNE_c028_right_f004508.jpg,1
20260810_004520_MGPZNE_c028_right_f005858.jpg,1
20260810_005303_NJGGWH_c000_right_f006518.jpg,1
20260810_005345_PYBDHR_c027_right_f004058.jpg,1
20260810_011625_WVZLHV_c015_left_f001567.jpg,1
20260810_011625_WVZLHV_c015_right_f001357.jpg,1
20260810_011625_WVZLHV_c015_right_f002257.jpg,1
20260810_015805_CPBFKC_c004_left_f002549.jpg,1
20260810_022913_TULHFD_c002_left_f000097.jpg,1
20260810_022913_TULHFD_c002_left_f000277.jpg,1
20260810_024946_BXQUUD_c002_right_f006053.jpg,1
20260810_030609_XQCLPG_c003_right_f002708.jpg,1
20260810_030609_XQCLPG_c003_right_f003158.jpg,1
20260810_030609_XQCLPG_c003_right_f006758.jpg,1
20260810_031141_LGSTRM_c004_left_f000100.jpg,1
20260810_031141_LGSTRM_c004_left_f000689.jpg,1
20260810_031141_LGSTRM_c004_right_f001402.jpg,1
20260810_031141_LGSTRM_c004_right_f003262.jpg,1
20260810_031141_LGSTRM_c004_right_f004193.jpg,1
20260810_032346_RSERXR_c005_right_f000457.jpg,1
20260810_035813_CEANTP_c034_left_f001807.jpg,1
20260810_035813_CEANTP_c034_right_f002257.jpg,1
20260810_035813_CEANTP_c034_right_f004058.jpg,1
20260810_040337_XLQFHH_c000_left_f005340.jpg,1
20260810_040337_XLQFHH_c000_right_f001402.jpg,1
20260810_040337_XLQFHH_c000_right_f005123.jpg,1
20260810_040337_XLQFHH_c000_right_f006983.jpg,1
20260810_043732_GSDTTC_c044_right_f002708.jpg,1
20260810_050857_YUUENV_c005_right_f006053.jpg,1
20260810_053637_KBNUCB_c033_left_f000277.jpg,1
20260810_054840_KQLRWC_c006_left_f002468.jpg,1
20260810_054840_KQLRWC_c006_right_f004058.jpg,1
20260810_054840_KQLRWC_c006_right_f004958.jpg,1
20260810_054840_KQLRWC_c006_right_f006758.jpg,1
20260810_055140_SUXVUZ_c010_left_f003608.jpg,1
20260810_055140_SUXVUZ_c010_right_f004508.jpg,1
20260810_060517_HVKFDH_c003_left_f000217.jpg,1
20260810_060517_HVKFDH_c003_left_f002467.jpg,1
20260810_060517_HVKFDH_c003_left_f005408.jpg,1
20260810_060517_HVKFDH_c003_right_f004058.jpg,1
20260810_060517_HVKFDH_c003_right_f004508.jpg,1
20260810_060517_HVKFDH_c003_right_f006308.jpg,1
20260810_060517_HVKFDH_c003_right_f006758.jpg,1
20260810_062521_NCJNMH_c011_left_f000277.jpg,1
20260810_062521_NCJNMH_c011_left_f000667.jpg,1
20260810_064057_QBFHUH_c004_left_f005340.jpg,1
20260810_064057_QBFHUH_c004_left_f005588.jpg,1
20260810_065304_PKMVVA_c007_right_f004658.jpg,1
20260810_070128_HWCVZJ_c003_left_f002468.jpg,1
20260810_070128_HWCVZJ_c003_right_f000907.jpg,1
20260810_070128_HWCVZJ_c003_right_f005858.jpg,1
20260810_070238_XMLSTD_c003_left_f003368.jpg,1
20260810_070238_XMLSTD_c003_right_f004508.jpg,1
20260810_070238_XMLSTD_c003_right_f006308.jpg,1
20260810_072726_CBJRBD_c004_left_f000286.jpg,1
20260810_072726_CBJRBD_c004_right_f002332.jpg,1
20260810_072726_CBJRBD_c004_right_f003262.jpg,1
20260810_073409_ENUWAN_c009_right_f005123.jpg,1
20260810_073632_NDUWVU_c002_left_f004268.jpg,1
20260810_074029_HLRHVV_c003_left_f002549.jpg,1
20260810_074416_TABUWN_c018_left_f005168.jpg,1
20260810_074416_TABUWN_c018_right_f005858.jpg,1
20260810_074737_EKKBFR_c006_left_f003368.jpg,1
20260810_084522_KXEVHA_c002_right_f005123.jpg,1
20260810_091301_JPHPXG_c009_left_f002468.jpg,1
20260810_100547_FNREWV_c000_right_f006518.jpg,1
20260811_001741_RFTDXS_c035_right_f003158.jpg,1
20260811_001741_RFTDXS_c035_right_f006758.jpg,1
20260811_004930_NZLLVS_c012_right_f002257.jpg,1
20260811_005406_SFGFNC_c027_left_f004268.jpg,1
20260811_005406_SFGFNC_c027_left_f005168.jpg,1
20260811_005406_SFGFNC_c027_right_f002708.jpg,1
20260811_005406_SFGFNC_c027_right_f004958.jpg,1
20260811_005406_SFGFNC_c027_right_f006308.jpg,1
20260811_005705_EAJUDX_c027_left_f004268.jpg,1
20260811_005705_EAJUDX_c027_left_f005168.jpg,1
20260811_005705_EAJUDX_c027_right_f002708.jpg,1
20260811_005750_ZBGVXQ_c008_right_f002257.jpg,1
20260811_010535_RWKDRP_c021_right_f006308.jpg,1
20260811_013852_ESLCXD_c001_left_f000689.jpg,1
20260811_013852_ESLCXD_c001_right_f002332.jpg,1
20260811_033227_GZLRQC_c004_right_f004058.jpg,1
20260811_035220_LJECXH_c002_left_f000100.jpg,1
20260811_052710_VQLMSK_c040_left_f000097.jpg,1
20260811_052710_VQLMSK_c040_right_f002708.jpg,1
20260811_053316_JERBTX_c055_left_f000097.jpg,1
20260811_053316_JERBTX_c055_left_f000667.jpg,1
20260811_053316_JERBTX_c055_right_f000907.jpg,1
20260811_053316_JERBTX_c055_right_f005858.jpg,1
20260811_062744_SRTZRR_c024_right_f004058.jpg,1
20260811_070228_BGLTMU_c016_left_f001807.jpg,1
20260811_070228_BGLTMU_c016_right_f002708.jpg,1
20260811_070228_BGLTMU_c016_right_f006308.jpg,1
20260811_071755_WMQZYZ_c016_left_f000217.jpg,1
20260811_071755_WMQZYZ_c016_right_f006758.jpg,1
20260811_080236_NQEAFN_c008_left_f000217.jpg,1
20260811_080236_NQEAFN_c008_left_f000667.jpg,1
20260811_080236_NQEAFN_c008_left_f005408.jpg,1
20260811_080236_NQEAFN_c008_right_f000907.jpg,1
20260811_080236_NQEAFN_c008_right_f004508.jpg,1
20260811_080604_AQQWWA_c002_right_f000907.jpg,1
20260811_083120_MFRCLB_c001_right_f002332.jpg,1
20260811_085322_XPTDMX_c008_left_f005408.jpg,1
20260811_085322_XPTDMX_c008_right_f004508.jpg,1
20260811_085322_XPTDMX_c008_right_f006308.jpg,1
20260811_092554_ANSRJR_c002_left_f000217.jpg,1
20260811_092554_ANSRJR_c002_left_f005168.jpg,1
20260811_092554_ANSRJR_c002_right_f006758.jpg,1
20260811_094741_DGVZCB_c005_left_f002549.jpg,1
20260811_094741_DGVZCB_c005_left_f003728.jpg,1
20260811_094741_DGVZCB_c005_right_f004193.jpg,1
20260811_103327_TJQTRG_c001_right_f001357.jpg,1
20260811_104407_MEPZPE_c013_left_f005408.jpg,1
20260811_104407_MEPZPE_c013_right_f001357.jpg,1
20260811_104543_GCTPEA_c003_left_f000097.jpg,1
20260811_104543_GCTPEA_c003_right_f002257.jpg,1
20260811_104543_GCTPEA_c003_right_f005858.jpg,1
20260811_104543_GCTPEA_c003_right_f006308.jpg,1
20260811_111555_FXGWRX_c010_left_f003608.jpg,1
20260811_111555_FXGWRX_c010_right_f000457.jpg,1
20260811_122621_SALVMA_c005_left_f000097.jpg,1
20260811_122621_SALVMA_c005_right_f006758.jpg,1
20260811_234129_UQQJYJ_c043_left_f001807.jpg,1
20260811_234129_UQQJYJ_c043_left_f005408.jpg,1
20260811_234129_UQQJYJ_c043_right_f004058.jpg,1
20260811_234129_UQQJYJ_c043_right_f005858.jpg,1
20260811_235926_LJZXHS_c001_left_f004268.jpg,1
20260811_235926_LJZXHS_c001_right_f004508.jpg,1
20260812_000229_TMMAHB_c011_right_f002257.jpg,1
20260812_005133_VVKNPR_c001_right_f006518.jpg,1
20260812_005454_XLHYRV_c022_left_f001567.jpg,1
20260812_005454_XLHYRV_c022_left_f003368.jpg,1
20260812_005850_YDCWZQ_c001_left_f001567.jpg,1
20260812_010102_CPKACV_c028_right_f000907.jpg,1
20260812_010102_CPKACV_c028_right_f003158.jpg,1
20260812_010102_CPKACV_c028_right_f006308.jpg,1
20260812_010155_HMHYYM_c028_left_f005168.jpg,1
20260812_010155_HMHYYM_c028_right_f006758.jpg,1
20260812_013811_SWVFDX_c019_right_f004058.jpg,1
20260812_013811_SWVFDX_c019_right_f004508.jpg,1
20260812_014301_GRPPGE_c000_left_f004410.jpg,1
20260812_014301_GRPPGE_c000_left_f005340.jpg,1
20260812_014301_GRPPGE_c000_left_f005588.jpg,1
20260812_021137_UKWXSE_c004_left_f000097.jpg,1
20260812_021137_UKWXSE_c004_left_f002468.jpg,1
20260812_021137_UKWXSE_c004_right_f000907.jpg,1
20260812_021137_UKWXSE_c004_right_f002708.jpg,1
20260812_022308_HEKUEK_c016_left_f000667.jpg,1
20260812_022308_HEKUEK_c016_left_f004268.jpg,1
20260812_022308_HEKUEK_c016_left_f005408.jpg,1
20260812_022308_HEKUEK_c016_right_f000907.jpg,1
20260812_022308_HEKUEK_c016_right_f003158.jpg,1
20260812_022308_HEKUEK_c016_right_f004958.jpg,1
20260812_025351_ACDASR_c004_right_f006758.jpg,1
20260812_025558_CRTZCH_c007_right_f002332.jpg,1
20260812_041121_LLCETM_c046_left_f000667.jpg,1
20260812_041121_LLCETM_c046_right_f006758.jpg,1
20260812_042435_LZELVH_c002_right_f004658.jpg,1
20260812_044733_ZVKJCJ_c000_left_f001619.jpg,1
20260812_044733_ZVKJCJ_c000_left_f001867.jpg,1
20260812_045335_GUGHYB_c039_right_f002257.jpg,1
20260812_045335_GUGHYB_c039_right_f004058.jpg,1
20260812_050537_THTXRU_c003_left_f002468.jpg,1
20260812_050537_THTXRU_c003_left_f003368.jpg,1
20260812_051952_NCLRSY_c005_right_f001357.jpg,1
20260812_052317_SYQUHC_c035_left_f001567.jpg,1
20260812_053720_CVUBSH_c011_left_f000100.jpg,1
20260812_053720_CVUBSH_c011_left_f000224.jpg,1
20260812_053720_CVUBSH_c011_left_f000689.jpg,1
20260812_053819_KLCZCS_c030_left_f001567.jpg,1
20260812_053819_KLCZCS_c030_left_f002468.jpg,1
20260812_053819_KLCZCS_c030_right_f004508.jpg,1
20260812_062632_PQUJZH_c021_left_f005168.jpg,1
20260812_062632_PQUJZH_c021_right_f005858.jpg,1
20260812_063253_UDWPMG_c010_left_f000667.jpg,1
20260812_063253_UDWPMG_c010_right_f002708.jpg,1
20260812_063732_DSPCMJ_c019_right_f003158.jpg,1
20260812_063732_DSPCMJ_c019_right_f004508.jpg,1
20260812_064034_FGGGVF_c015_right_f001357.jpg,1
20260812_064034_FGGGVF_c015_right_f004058.jpg,1
20260812_064034_FGGGVF_c015_right_f004508.jpg,1
20260812_064750_XNYJAE_c004_left_f003479.jpg,1
20260812_065216_CJVPSK_c014_left_f000097.jpg,1
20260812_065216_CJVPSK_c014_left_f000667.jpg,1
20260812_070326_VPNMPP_c020_right_f006983.jpg,1
20260812_081148_SDVUUD_c000_left_f000100.jpg,1
20260812_081148_SDVUUD_c000_left_f003728.jpg,1
20260812_081148_SDVUUD_c000_right_f006518.jpg,1
20260812_103601_JQGAJP_c000_left_f003479.jpg,1
20260812_103601_JQGAJP_c000_right_f001402.jpg,1
20260812_122050_NNEAKR_c000_right_f000472.jpg,1
20260813_000703_BXMXCQ_c027_left_f004268.jpg,1
20260813_002656_VWBQEG_c034_right_f000457.jpg,1
20260813_002656_VWBQEG_c034_right_f003158.jpg,1
20260813_002656_VWBQEG_c034_right_f004508.jpg,1
20260813_003351_UQWBKV_c014_left_f000097.jpg,1
20260813_003351_UQWBKV_c014_right_f004958.jpg,1
20260813_003913_AMXEXL_c011_left_f001867.jpg,1
20260813_003913_AMXEXL_c011_left_f004410.jpg,1
20260813_003913_AMXEXL_c011_right_f004193.jpg,1
20260813_004034_YLXCEM_c026_left_f000667.jpg,1
20260813_004034_YLXCEM_c026_left_f002468.jpg,1
20260813_013856_TGAHGR_c020_left_f000277.jpg,1
20260813_014909_RMEJTJ_c000_left_f001567.jpg,1
20260813_014909_RMEJTJ_c000_left_f003608.jpg,1
20260813_014909_RMEJTJ_c000_right_f002708.jpg,1
20260813_025946_CUPRJW_c004_left_f001567.jpg,1
20260813_025946_CUPRJW_c004_left_f005168.jpg,1
20260813_025946_CUPRJW_c004_right_f000907.jpg,1
20260813_025946_CUPRJW_c004_right_f004508.jpg,1
20260813_025946_CUPRJW_c004_right_f005858.jpg,1
20260813_025946_CUPRJW_c004_right_f006308.jpg,1
20260813_030521_UBGPLZ_c007_left_f001867.jpg,1
20260813_031342_PXNHTH_c005_right_f006514.jpg,1
20260813_033914_MQDPCP_c003_left_f000217.jpg,1
20260813_033914_MQDPCP_c003_right_f002257.jpg,1
20260813_042146_XTVFQT_c005_left_f001619.jpg,1
20260813_042957_HTFNCE_c045_right_f000937.jpg,1
20260813_042957_HTFNCE_c045_right_f004193.jpg,1
20260813_042957_HTFNCE_c045_right_f006053.jpg,1
20260813_042957_HTFNCE_c045_right_f006983.jpg,1
20260813_043434_ZECCRC_c019_left_f005168.jpg,1
20260813_053832_DFLJQM_c001_left_f000097.jpg,1
20260813_053832_DFLJQM_c001_left_f003368.jpg,1
20260813_053832_DFLJQM_c001_right_f004508.jpg,1
20260813_053832_DFLJQM_c001_right_f004958.jpg,1
20260813_054245_TJJMJR_c034_left_f000097.jpg,1
20260813_054245_TJJMJR_c034_left_f001567.jpg,1
20260813_054245_TJJMJR_c034_right_f006308.jpg,1
20260813_055342_QAKPRK_c000_left_f001567.jpg,1
20260813_055342_QAKPRK_c000_left_f005168.jpg,1
20260813_060316_RETLZW_c034_left_f003608.jpg,1
20260813_060316_RETLZW_c034_right_f004508.jpg,1
20260813_060316_RETLZW_c034_right_f005858.jpg,1
20260813_060516_WHJBKQ_c007_left_f001807.jpg,1
20260813_062053_ZECQZR_c040_left_f000097.jpg,1
20260813_062053_ZECQZR_c040_left_f003608.jpg,1
20260813_062053_ZECQZR_c040_right_f000457.jpg,1
20260813_064835_QVJHKM_c020_left_f001807.jpg,1
20260813_064835_QVJHKM_c020_right_f000907.jpg,1
20260813_064835_QVJHKM_c020_right_f004958.jpg,1
20260813_064835_QVJHKM_c020_right_f006758.jpg,1
20260813_065523_VTFEMB_c021_left_f003368.jpg,1
20260813_083458_TWZRRU_c007_left_f003608.jpg,1
20260813_083458_TWZRRU_c007_right_f004958.jpg,1
20260813_085742_DLHULH_c009_right_f000457.jpg,1
20260813_085742_DLHULH_c009_right_f002257.jpg,1
20260813_085742_DLHULH_c009_right_f002708.jpg,1
20260813_091322_HLBQCJ_c003_right_f004658.jpg,1
20260813_091322_HLBQCJ_c003_right_f006053.jpg,1
20260813_091322_HLBQCJ_c003_right_f006518.jpg,1
20260813_095339_JTZNXB_c000_left_f000217.jpg,1
20260813_104302_TNGTPE_c012_left_f002468.jpg,1
20260813_104302_TNGTPE_c012_right_f005858.jpg,1
20260813_104302_TNGTPE_c012_right_f006308.jpg,1
20260813_133530_KTFXFK_c001_right_f001402.jpg,1
20260813_133530_KTFXFK_c001_right_f006983.jpg,1
20260813_231815_JAENPT_c029_right_f001357.jpg,1
20260813_231815_JAENPT_c029_right_f003158.jpg,1
20260813_231815_JAENPT_c029_right_f005858.jpg,1
20260814_000446_GMCLUY_c024_left_f003368.jpg,1
20260814_000446_GMCLUY_c024_right_f001357.jpg,1
20260814_000446_GMCLUY_c024_right_f002257.jpg,1
20260814_000446_GMCLUY_c024_right_f004508.jpg,1
20260814_000446_GMCLUY_c024_right_f006758.jpg,1
20260814_003210_ESJWBS_c013_right_f003158.jpg,1
20260814_003210_ESJWBS_c013_right_f006758.jpg,1
20260814_011556_YJBRGX_c020_left_f001567.jpg,1
20260814_011556_YJBRGX_c020_left_f003368.jpg,1
20260814_011556_YJBRGX_c020_left_f003608.jpg,1
20260814_013735_RECWUX_c025_left_f005168.jpg,1
20260814_013735_RECWUX_c025_left_f005408.jpg,1
20260814_013735_RECWUX_c025_right_f000457.jpg,1
20260814_013735_RECWUX_c025_right_f004508.jpg,1
20260814_015227_TPDNTM_c000_left_f000224.jpg,1
20260814_015227_TPDNTM_c000_left_f003479.jpg,1
20260814_021315_EBEVNV_c001_right_f002797.jpg,1
20260814_021831_QHFEPS_c016_right_f000907.jpg,1
20260814_030140_GLMQDY_c020_right_f001357.jpg,1
20260814_040344_VSYGFE_c005_left_f003479.jpg,1
20260814_052436_HLZSYZ_c007_left_f002468.jpg,1
20260814_052436_HLZSYZ_c007_right_f002257.jpg,1
20260814_053404_VKSUZU_c028_left_f003368.jpg,1
20260814_053404_VKSUZU_c028_left_f005168.jpg,1
20260814_053548_YQYZRT_c034_left_f004268.jpg,1
20260814_053548_YQYZRT_c034_left_f005168.jpg,1
20260814_053548_YQYZRT_c034_right_f004508.jpg,1
20260814_053815_BJZJGD_c022_left_f000667.jpg,1
20260814_053815_BJZJGD_c022_left_f005408.jpg,1
20260814_053821_JENPFH_c020_right_f003158.jpg,1
20260814_054516_AGDUJL_c033_left_f000097.jpg,1
20260814_054516_AGDUJL_c033_left_f005408.jpg,1
20260814_054516_AGDUJL_c033_right_f000457.jpg,1
20260814_054516_AGDUJL_c033_right_f004058.jpg,1
20260814_055429_UKCAUN_c006_left_f001619.jpg,1
20260814_055819_PHFASH_c034_left_f001567.jpg,1
20260814_055819_PHFASH_c034_right_f001357.jpg,1
20260814_055911_MUSEWF_c036_left_f001567.jpg,1
20260814_055911_MUSEWF_c036_left_f002468.jpg,1
20260814_055911_MUSEWF_c036_right_f006308.jpg,1
20260814_060104_NJVPRJ_c000_right_f002257.jpg,1
20260814_060104_NJVPRJ_c000_right_f005858.jpg,1
20260814_060104_NJVPRJ_c000_right_f006758.jpg,1
20260814_065437_VLXDKW_c014_left_f003368.jpg,1
20260814_065437_VLXDKW_c014_left_f004268.jpg,1
20260814_065437_VLXDKW_c014_right_f003158.jpg,1
20260814_065437_VLXDKW_c014_right_f005858.jpg,1
20260814_071433_VVGCWP_c009_left_f003368.jpg,1
20260814_071433_VVGCWP_c009_left_f003608.jpg,1
20260814_071433_VVGCWP_c009_right_f004058.jpg,1
20260814_072246_ADTKTQ_c022_left_f000217.jpg,1
20260814_072246_ADTKTQ_c022_left_f001807.jpg,1
20260814_072246_ADTKTQ_c022_left_f003368.jpg,1
20260814_072246_ADTKTQ_c022_right_f001357.jpg,1
20260814_072246_ADTKTQ_c022_right_f004058.jpg,1
20260814_073037_RMWUJY_c000_left_f005340.jpg,1
20260814_073037_RMWUJY_c000_right_f002797.jpg,1
20260814_073037_RMWUJY_c000_right_f006983.jpg,1
20260814_080243_PUAYBW_c003_left_f005168.jpg,1
20260814_080243_PUAYBW_c003_left_f005408.jpg,1
20260814_080243_PUAYBW_c003_right_f006308.jpg,1
20260814_081812_CBSMDY_c001_left_f001567.jpg,1
20260814_081812_CBSMDY_c001_left_f001807.jpg,1
20260814_081812_CBSMDY_c001_right_f002257.jpg,1
20260814_095803_CYTDLT_c017_left_f000277.jpg,1
20260814_095803_CYTDLT_c017_left_f001807.jpg,1
20260814_095803_CYTDLT_c017_right_f004058.jpg,1
20260814_095803_CYTDLT_c017_right_f006758.jpg,1
20260814_105433_SRRZQU_c012_left_f000667.jpg,1
20260814_232049_CQSMRW_c100_left_f003368.jpg,1
20260814_233805_WXHYKF_c019_left_f003608.jpg,1
20260814_233805_WXHYKF_c019_left_f004268.jpg,1
20260814_234029_UPXYGY_c034_right_f001357.jpg,1
20260814_234029_UPXYGY_c034_right_f004508.jpg,1
20260815_010443_GKSLJT_c027_right_f006758.jpg,1
20260815_010522_DXYFVK_c021_left_f001807.jpg,1
20260815_010522_DXYFVK_c021_left_f003368.jpg,1
20260815_010522_DXYFVK_c021_left_f005168.jpg,1
20260815_010522_DXYFVK_c021_right_f000907.jpg,1
20260815_010522_DXYFVK_c021_right_f002257.jpg,1
20260815_010522_DXYFVK_c021_right_f004058.jpg,1
20260815_011941_KSUCJB_c024_right_f004508.jpg,1
20260815_024125_JRFHWZ_c002_right_f002708.jpg,1
20260815_024125_JRFHWZ_c002_right_f004058.jpg,1
20260815_024125_JRFHWZ_c002_right_f006758.jpg,1
20260815_050354_MZGHMZ_c041_left_f001807.jpg,1
20260815_050354_MZGHMZ_c041_left_f002468.jpg,1
20260815_050354_MZGHMZ_c041_right_f005858.jpg,1
20260815_053223_RHBBXV_c035_left_f000097.jpg,1
20260815_053223_RHBBXV_c035_left_f000217.jpg,1
20260815_061226_HWAVCP_c040_left_f001807.jpg,1
20260815_061226_HWAVCP_c040_left_f003368.jpg,1
20260815_061226_HWAVCP_c040_left_f005168.jpg,1
20260815_061226_HWAVCP_c040_right_f002708.jpg,1
20260815_061226_HWAVCP_c040_right_f004958.jpg,1
20260815_070857_LKMRXX_c015_right_f006308.jpg,1
20260815_070857_LKMRXX_c015_right_f006758.jpg,1
20260815_071714_FHDVCA_c003_left_f005168.jpg,1
20260815_080000_BZTGJU_c019_left_f005168.jpg,1
20260815_080000_BZTGJU_c019_left_f005408.jpg,1
20260815_081120_BZRYUV_c008_right_f003158.jpg,1
20260815_082911_MYGSCG_c009_left_f003368.jpg,1
20260815_082911_MYGSCG_c009_right_f000457.jpg,1
20260815_132313_PHKPMC_c008_left_f000277.jpg,1
20260815_132313_PHKPMC_c008_left_f003368.jpg,1
20260815_132313_PHKPMC_c008_right_f004508.jpg,1
20260815_215111_GMAFGZ_c013_left_f001807.jpg,1
20260815_215111_GMAFGZ_c013_right_f002708.jpg,1
20260815_235251_SJPPZS_c089_left_f000667.jpg,1
20260815_235251_SJPPZS_c089_left_f003368.jpg,1
20260815_235251_SJPPZS_c089_left_f004268.jpg,1
20260815_235251_SJPPZS_c089_right_f004058.jpg,1
20260816_015251_MJBZCN_c015_right_f003158.jpg,1
20260816_015251_MJBZCN_c015_right_f004958.jpg,1
20260816_041242_PWDMFM_c001_left_f001619.jpg,1
20260816_041242_PWDMFM_c001_right_f006053.jpg,1
20260816_043224_RHBBCJ_c040_left_f001567.jpg,1
20260816_043224_RHBBCJ_c040_right_f003158.jpg,1
20260816_050715_ZRJDHN_c044_left_f001567.jpg,1
20260816_050715_ZRJDHN_c044_left_f003368.jpg,1
20260816_061602_UTBPEG_c018_right_f005858.jpg,1
20260816_063640_KVULRY_c038_left_f001807.jpg,1
20260816_063640_KVULRY_c038_left_f005168.jpg,1
20260816_063640_KVULRY_c038_left_f005408.jpg,1
20260816_063640_KVULRY_c038_right_f006758.jpg,1
20260816_121542_LFTHWW_c018_left_f005408.jpg,1
20260817_002431_QGWJMQ_c036_left_f000667.jpg,1
20260817_002431_QGWJMQ_c036_left_f005168.jpg,1
20260817_002431_QGWJMQ_c036_left_f005408.jpg,1
20260817_002431_QGWJMQ_c036_right_f001357.jpg,1
20260817_002545_CXFUFU_c030_left_f000217.jpg,1
20260817_002545_CXFUFU_c030_left_f000667.jpg,1
20260817_002545_CXFUFU_c030_left_f005408.jpg,1
20260817_002939_EURBMS_c036_left_f002468.jpg,1
20260817_002939_EURBMS_c036_left_f003368.jpg,1
20260817_002939_EURBMS_c036_left_f004268.jpg,1
20260817_002939_EURBMS_c036_right_f000907.jpg,1
20260817_002939_EURBMS_c036_right_f006758.jpg,1
20260817_003727_GZRCXF_c035_right_f004058.jpg,1
20260817_004427_SYSQDX_c028_left_f001567.jpg,1
20260817_004427_SYSQDX_c028_right_f002708.jpg,1
20260817_004838_NYNUFF_c002_left_f000667.jpg,1
20260817_004838_NYNUFF_c002_right_f000457.jpg,1
20260817_004842_CWREAW_c024_left_f002468.jpg,1
20260817_004842_CWREAW_c024_right_f004508.jpg,1
20260817_004842_CWREAW_c024_right_f004958.jpg,1
20260817_013228_YEYVHY_c013_right_f000907.jpg,1
20260817_013916_ATFVVJ_c020_left_f005168.jpg,1
20260817_014010_RYNDVG_c020_left_f000277.jpg,1
20260817_014010_RYNDVG_c020_left_f000667.jpg,1
20260817_014010_RYNDVG_c020_right_f000457.jpg,1
20260817_014607_BYLHVG_c019_right_f001357.jpg,1
20260817_014607_BYLHVG_c019_right_f003158.jpg,1
20260817_014607_BYLHVG_c019_right_f006308.jpg,1
20260817_014607_BYLHVG_c019_right_f006758.jpg,1
20260817_021143_FWRFLQ_c004_left_f004268.jpg,1
20260817_021143_FWRFLQ_c004_right_f002708.jpg,1
20260817_025415_HPMRGE_c002_right_f000472.jpg,1
20260817_025927_VSYBMB_c002_left_f001567.jpg,1
20260817_025927_VSYBMB_c002_left_f001807.jpg,1
20260817_025927_VSYBMB_c002_left_f005168.jpg,1
20260817_025927_VSYBMB_c002_right_f000907.jpg,1
20260817_025927_VSYBMB_c002_right_f001357.jpg,1
20260817_033357_ZUMGGY_c000_right_f006518.jpg,1
20260817_033717_LVMBEE_c000_right_f000937.jpg,1
20260817_033834_LRXDAQ_c001_right_f005123.jpg,1
20260817_034835_CVYDPN_c000_right_f005858.jpg,1
20260817_043609_XQVXQW_c019_left_f002468.jpg,1
20260817_043609_XQVXQW_c019_left_f005408.jpg,1
20260817_043609_XQVXQW_c019_right_f002257.jpg,1
20260817_043609_XQVXQW_c019_right_f002708.jpg,1
20260817_043908_URMHTN_c000_right_f005858.jpg,1
20260817_044050_BFEBWS_c024_left_f000097.jpg,1
20260817_044050_BFEBWS_c024_right_f004058.jpg,1
20260817_044325_RSBZFL_c049_right_f002708.jpg,1
20260817_050949_ANNRQE_c026_left_f000217.jpg,1
20260817_050949_ANNRQE_c026_left_f003368.jpg,1
20260817_053557_UESGLL_c041_right_f001357.jpg,1
20260817_053612_TNCNVR_c036_left_f001567.jpg,1
20260817_054038_KZUWCP_c032_right_f005858.jpg,1
20260817_054717_WSCKSV_c035_left_f000667.jpg,1
20260817_054717_WSCKSV_c035_left_f002468.jpg,1
20260817_054717_WSCKSV_c035_left_f003608.jpg,1
20260817_054717_WSCKSV_c035_right_f004508.jpg,1
20260817_054717_WSCKSV_c035_right_f005858.jpg,1
20260817_060954_CSRUUD_c017_right_f004058.jpg,1
20260817_061015_STHETA_c021_left_f000667.jpg,1
20260817_061015_STHETA_c021_left_f004268.jpg,1
20260817_061206_AATBDB_c014_left_f001567.jpg,1
20260817_061206_AATBDB_c014_right_f005858.jpg,1
20260817_061206_AATBDB_c014_right_f006758.jpg,1
20260817_061228_TMNKNH_c026_left_f002468.jpg,1
20260817_061228_TMNKNH_c026_left_f005168.jpg,1
20260817_062121_RYFZGL_c006_right_f004058.jpg,1
20260817_063240_EDDKNU_c019_left_f000097.jpg,1
20260817_063342_ERWLSZ_c013_right_f005858.jpg,1
20260817_072313_KZKKTH_c001_left_f005588.jpg,1
20260817_072412_VWYKZE_c021_left_f001807.jpg,1
20260817_072412_VWYKZE_c021_right_f000457.jpg,1
20260817_072412_VWYKZE_c021_right_f001357.jpg,1
20260817_072412_VWYKZE_c021_right_f002708.jpg,1
20260817_074427_CNGQFZ_c002_right_f004058.jpg,1
20260817_080259_VNKTDU_c004_right_f000457.jpg,1
20260817_080259_VNKTDU_c004_right_f004058.jpg,1
20260817_084104_DUDPNS_c002_right_f004508.jpg,1
20260817_090134_VKXZMB_c000_left_f003479.jpg,1
20260817_091041_XHYQTY_c002_right_f000907.jpg,1
20260817_091041_XHYQTY_c002_right_f001357.jpg,1
20260817_091930_SZATHQ_c000_right_f004508.jpg,1
20260817_101114_QRRSWC_c028_left_f000097.jpg,1
20260817_101114_QRRSWC_c028_right_f001357.jpg,1
20260817_102555_YVNQRE_c000_right_f005858.jpg,1
20260817_102555_YVNQRE_c000_right_f006308.jpg,1
20260817_102555_YVNQRE_c000_right_f006758.jpg,1
20260817_110129_UCHDQP_c001_left_f000667.jpg,1
20260817_110129_UCHDQP_c001_right_f003158.jpg,1
20260817_110129_UCHDQP_c001_right_f004508.jpg,1
20260818_000340_LQYSPB_c029_left_f001567.jpg,1
20260818_000340_LQYSPB_c029_right_f001357.jpg,1
20260818_000340_LQYSPB_c029_right_f002257.jpg,1
20260818_003805_WYLYHY_c008_right_f002257.jpg,1
20260818_010307_PKPMCS_c027_left_f001567.jpg,1
20260818_010307_PKPMCS_c027_right_f000907.jpg,1
20260818_010307_PKPMCS_c027_right_f002257.jpg,1
20260818_010307_PKPMCS_c027_right_f004058.jpg,1
20260818_013518_WKMFEG_c025_right_f006308.jpg,1
20260818_015402_SRQDLY_c000_left_f005168.jpg,1
20260818_015402_SRQDLY_c000_right_f004058.jpg,1
20260818_015402_SRQDLY_c000_right_f005858.jpg,1
20260818_020851_YKDDYV_c018_left_f001807.jpg,1
20260818_020851_YKDDYV_c018_right_f004958.jpg,1
20260818_022104_AURNSU_c000_left_f005168.jpg,1
20260818_024059_XBJRED_c003_left_f003479.jpg,1
20260818_024231_PRTNRX_c011_right_f005858.jpg,1
20260818_024415_HMKGMJ_c005_left_f001567.jpg,1
20260818_024415_HMKGMJ_c005_left_f001807.jpg,1
20260818_024415_HMKGMJ_c005_right_f001357.jpg,1
20260818_025153_SDSRDJ_c004_left_f003728.jpg,1
20260818_025153_SDSRDJ_c004_right_f000472.jpg,1
20260818_025153_SDSRDJ_c004_right_f002332.jpg,1
20260818_034052_CFXLLD_c003_left_f000097.jpg,1
20260818_041840_EVBSMB_c016_left_f003479.jpg,1
20260818_042500_ACHMYK_c000_left_f001619.jpg,1
20260818_044013_BQCKBZ_c039_left_f005168.jpg,1
20260818_044013_BQCKBZ_c039_right_f004058.jpg,1
20260818_044013_BQCKBZ_c039_right_f004958.jpg,1
20260818_044013_BQCKBZ_c039_right_f006758.jpg,1
20260818_050452_RCHNEH_c009_left_f000097.jpg,1
20260818_050452_RCHNEH_c009_right_f000457.jpg,1
20260818_053917_BXURSZ_c032_left_f000667.jpg,1
20260818_053917_BXURSZ_c032_right_f004958.jpg,1
20260818_053917_BXURSZ_c032_right_f006308.jpg,1
20260818_053917_BXURSZ_c032_right_f006758.jpg,1
20260818_054208_FTNQUG_c011_right_f006053.jpg,1
20260818_054534_DKTGTR_c007_right_f004058.jpg,1
20260818_055631_YKCLFX_c031_left_f001567.jpg,1
20260818_055631_YKCLFX_c031_left_f003368.jpg,1
20260818_055631_YKCLFX_c031_left_f005408.jpg,1
20260818_055631_YKCLFX_c031_right_f006308.jpg,1
20260818_055710_SXZMNB_c029_right_f003158.jpg,1
20260818_055809_ZLUHJX_c003_left_f003368.jpg,1
20260818_055809_ZLUHJX_c003_left_f004268.jpg,1
20260818_055809_ZLUHJX_c003_left_f005168.jpg,1
20260818_055809_ZLUHJX_c003_right_f001357.jpg,1
20260818_060656_PPLHKU_c006_left_f005340.jpg,1
20260818_060656_PPLHKU_c006_right_f004193.jpg,1
20260818_060717_QQDSVD_c003_left_f004268.jpg,1
20260818_062854_ABPRTM_c006_left_f003608.jpg,1
20260818_062854_ABPRTM_c006_left_f005168.jpg,1
20260818_062854_ABPRTM_c006_right_f004058.jpg,1
20260818_062854_ABPRTM_c006_right_f004508.jpg,1
20260818_071430_TAPTGW_c006_right_f006518.jpg,1
20260818_075556_UKWLRG_c050_left_f003368.jpg,1
20260818_075556_UKWLRG_c050_right_f001357.jpg,1
20260818_075556_UKWLRG_c050_right_f004508.jpg,1
20260818_075556_UKWLRG_c050_right_f004958.jpg,1
20260818_075556_UKWLRG_c050_right_f005858.jpg,1
20260818_095029_EQUQDB_c015_left_f004268.jpg,1
20260818_095029_EQUQDB_c015_right_f000457.jpg,1
20260818_095029_EQUQDB_c015_right_f006308.jpg,1
20260818_095029_EQUQDB_c015_right_f006758.jpg,1
20260818_102416_YLWMKA_c003_left_f000667.jpg,1
20260818_104955_TEKFEX_c012_left_f000217.jpg,1
20260818_104955_TEKFEX_c012_left_f004268.jpg,1
20260818_233710_JJQFWB_c097_left_f000217.jpg,1
20260819_002948_EWRACS_c029_left_f000277.jpg,1
20260819_002948_EWRACS_c029_left_f000667.jpg,1
20260819_002948_EWRACS_c029_left_f001807.jpg,1
20260819_002948_EWRACS_c029_left_f005168.jpg,1
20260819_002948_EWRACS_c029_right_f003158.jpg,1
20260819_003047_YFDRRR_c026_right_f004058.jpg,1
20260819_003047_YFDRRR_c026_right_f005858.jpg,1
20260819_003150_DBRPMM_c031_right_f000907.jpg,1
20260819_010915_UUSYED_c026_right_f004508.jpg,1
20260819_012157_GCNFXY_c018_right_f004958.jpg,1
20260819_014503_XXFKYD_c008_right_f004958.jpg,1
20260819_015755_YTHSZW_c009_left_f000277.jpg,1
20260819_031609_QCEBXB_c002_right_f006758.jpg,1
20260819_035301_XQKGHP_c006_left_f001619.jpg,1
20260819_035301_XQKGHP_c006_left_f004408.jpg,1
20260819_043429_PEPULD_c004_left_f003368.jpg,1
20260819_043429_PEPULD_c004_right_f000907.jpg,1
20260819_043429_PEPULD_c004_right_f005858.jpg,1
20260819_051624_KDERGY_c005_left_f005168.jpg,1
20260819_051624_KDERGY_c005_right_f001357.jpg,1
20260819_051624_KDERGY_c005_right_f004058.jpg,1
20260819_051624_KDERGY_c005_right_f004958.jpg,1
20260819_051624_KDERGY_c005_right_f006758.jpg,1
20260819_053142_YHRRVF_c004_left_f001567.jpg,1
20260819_053752_BPELAN_c010_left_f000097.jpg,1
20260819_053752_BPELAN_c010_right_f001357.jpg,1
20260819_053752_BPELAN_c010_right_f002257.jpg,1
20260819_053835_RGCZAP_c000_right_f001402.jpg,1
20260819_053929_NNHGXJ_c007_left_f004268.jpg,1
20260819_054130_KVKDWW_c037_left_f003368.jpg,1
20260819_054130_KVKDWW_c037_right_f002257.jpg,1
20260819_054130_KVKDWW_c037_right_f004508.jpg,1
20260819_054130_KVKDWW_c037_right_f005858.jpg,1
20260819_054916_YHQYCA_c042_left_f001567.jpg,1
20260819_054916_YHQYCA_c042_left_f001807.jpg,1
20260819_054916_YHQYCA_c042_right_f001357.jpg,1
20260819_055608_MMTZSX_c012_right_f004958.jpg,1
20260819_060356_CCANQK_c058_left_f005168.jpg,1
20260819_060356_CCANQK_c058_right_f000907.jpg,1
20260819_060356_CCANQK_c058_right_f003158.jpg,1
20260819_060356_CCANQK_c058_right_f004058.jpg,1
20260819_060356_CCANQK_c058_right_f004958.jpg,1
20260819_060829_AWTYEL_c018_left_f002468.jpg,1
20260819_060829_AWTYEL_c018_right_f004508.jpg,1
20260819_061258_FEXELD_c020_left_f000277.jpg,1
20260819_061258_FEXELD_c020_left_f003608.jpg,1
20260819_061258_FEXELD_c020_right_f002708.jpg,1
20260819_061258_FEXELD_c020_right_f006308.jpg,1
20260819_071623_TSSNCY_c005_right_f004508.jpg,1
20260819_074921_RUJMVJ_c003_right_f001402.jpg,1
20260819_075801_ZUVKPZ_c009_right_f004508.jpg,1
20260819_081329_SSBMFV_c004_right_f001402.jpg,1
20260819_084945_UZTWXP_c000_left_f003479.jpg,1
20260819_084945_UZTWXP_c000_left_f003728.jpg,1
20260819_093436_PWDKMA_c000_left_f001619.jpg,1
20260819_094150_CYEXVP_c000_right_f004508.jpg,1
20260819_102553_LLQWKS_c021_left_f002468.jpg,1
20260819_102553_LLQWKS_c021_left_f004268.jpg,1
20260819_102553_LLQWKS_c021_right_f004508.jpg,1
20260819_102553_LLQWKS_c021_right_f004958.jpg,1
20260819_104716_BDBXEA_c020_left_f000277.jpg,1
20260819_104716_BDBXEA_c020_left_f003608.jpg,1
20260819_104716_BDBXEA_c020_right_f000457.jpg,1
20260819_104716_BDBXEA_c020_right_f001357.jpg,1
20260819_104716_BDBXEA_c020_right_f002708.jpg,1
20260819_104716_BDBXEA_c020_right_f004508.jpg,1
20260819_142025_PCVQJD_c009_left_f000667.jpg,1
20260819_142025_PCVQJD_c009_right_f000907.jpg,1
20260819_142025_PCVQJD_c009_right_f001357.jpg,1
20260819_235621_CJKFAB_c001_left_f000689.jpg,1
20260819_235621_CJKFAB_c001_left_f001619.jpg,1
20260819_235815_BNLDCC_c034_right_f000907.jpg,1
20260820_002028_SAPYZV_c011_left_f002468.jpg,1
20260820_003305_PLEHWL_c028_right_f000907.jpg,1
20260820_003305_PLEHWL_c028_right_f003158.jpg,1
20260820_003305_PLEHWL_c028_right_f004508.jpg,1
20260820_003305_PLEHWL_c028_right_f004958.jpg,1
20260820_005712_LGWCSE_c025_left_f000667.jpg,1
20260820_005712_LGWCSE_c025_right_f001357.jpg,1
20260820_005712_LGWCSE_c025_right_f004508.jpg,1
20260820_005712_LGWCSE_c025_right_f006308.jpg,1
20260820_010818_ELDUZH_c011_left_f000217.jpg,1
20260820_010818_ELDUZH_c011_left_f001567.jpg,1
20260820_010818_ELDUZH_c011_left_f005168.jpg,1
20260820_012206_NSQGQP_c015_right_f006983.jpg,1
20260820_015109_LLZSKT_c001_left_f002468.jpg,1
20260820_015109_LLZSKT_c001_left_f004268.jpg,1
20260820_020912_NKFGHJ_c001_left_f000217.jpg,1
20260820_020920_JNCUWY_c002_left_f003479.jpg,1
20260820_020920_JNCUWY_c002_left_f004410.jpg,1
20260820_020920_JNCUWY_c002_right_f003262.jpg,1
20260820_022912_XYJCUW_c001_left_f000689.jpg,1
20260820_022912_XYJCUW_c001_left_f005588.jpg,1
20260820_023307_GXYBPR_c010_right_f006308.jpg,1
20260820_023307_GXYBPR_c010_right_f006758.jpg,1
20260820_024859_ENNGNV_c002_right_f001402.jpg,1
20260820_030258_XPJFVL_c000_left_f000097.jpg,1
20260820_030428_ZLNKNP_c001_left_f002468.jpg,1
20260820_032629_FUQAVY_c003_right_f000907.jpg,1
20260820_032629_FUQAVY_c003_right_f004058.jpg,1
20260820_042358_BYWUUN_c018_left_f002468.jpg,1
20260820_042358_BYWUUN_c018_right_f000457.jpg,1
20260820_042358_BYWUUN_c018_right_f004958.jpg,1
20260820_044837_WXARXR_c000_left_f000097.jpg,1
20260820_044837_WXARXR_c000_left_f000217.jpg,1
20260820_051045_TXNPMD_c029_left_f005168.jpg,1
20260820_051139_AJKPDW_c036_left_f002467.jpg,1
20260820_051251_TPZAMV_c035_left_f003608.jpg,1
20260820_054144_EZLMZJ_c033_right_f004508.jpg,1
20260820_054144_EZLMZJ_c033_right_f004958.jpg,1
20260820_054445_CGYTCB_c034_left_f001807.jpg,1
20260820_054448_HELEWD_c036_right_f005858.jpg,1
20260820_054454_SRHFTS_c046_left_f000667.jpg,1
20260820_061153_GGDVTK_c000_right_f005858.jpg,1
20260820_061153_GGDVTK_c000_right_f006758.jpg,1
20260820_061556_DDCMUJ_c019_left_f003368.jpg,1
20260820_061556_DDCMUJ_c019_right_f000457.jpg,1
20260820_062302_KABJMB_c000_left_f000217.jpg,1
20260820_063211_MGRKPS_c028_left_f000277.jpg,1
20260820_063211_MGRKPS_c028_left_f005168.jpg,1
20260820_063211_MGRKPS_c028_right_f001357.jpg,1
20260820_063211_MGRKPS_c028_right_f003158.jpg,1
20260820_063211_MGRKPS_c028_right_f005858.jpg,1
20260820_081951_XUPWEC_c009_left_f001567.jpg,1
20260820_081951_XUPWEC_c009_left_f003608.jpg,1
20260820_081951_XUPWEC_c009_left_f005408.jpg,1
20260820_081951_XUPWEC_c009_right_f006308.jpg,1
20260820_082411_TCXXDK_c001_right_f000907.jpg,1
20260820_083348_GPPHFL_c003_right_f002708.jpg,1
20260820_083909_VDVHSN_c008_left_f000667.jpg,1
20260820_083909_VDVHSN_c008_right_f002708.jpg,1
20260820_083909_VDVHSN_c008_right_f003158.jpg,1
20260820_083909_VDVHSN_c008_right_f006308.jpg,1
20260820_084320_TZJZEA_c004_right_f002257.jpg,1
20260820_084320_TZJZEA_c004_right_f003158.jpg,1
20260820_095028_WBYKGG_c009_left_f003368.jpg,1
20260820_100141_SKJBXF_c018_right_f001357.jpg,1
20260820_100141_SKJBXF_c018_right_f003158.jpg,1
20260820_102103_XRRMBK_c001_left_f003368.jpg,1
20260820_113240_RXYZHR_c008_left_f000097.jpg,1
20260820_113240_RXYZHR_c008_left_f005168.jpg,1
20260820_113240_RXYZHR_c008_right_f001357.jpg,1
20260820_113240_RXYZHR_c008_right_f002708.jpg,1
20260820_113240_RXYZHR_c008_right_f003158.jpg,1
20260820_113240_RXYZHR_c008_right_f004058.jpg,1
20260820_121858_UPSNJD_c005_left_f005588.jpg,1
20260820_235121_TBNJZV_c020_left_f005168.jpg,1
20260820_235121_TBNJZV_c020_right_f002708.jpg,1
20260820_235121_TBNJZV_c020_right_f004058.jpg,1
20260820_235121_TBNJZV_c020_right_f005858.jpg,1
20260821_001604_WSAZVW_c032_left_f003368.jpg,1
20260821_001604_WSAZVW_c032_right_f002257.jpg,1
20260821_003142_ZKCGEP_c026_left_f001807.jpg,1
20260821_003142_ZKCGEP_c026_left_f003368.jpg,1
20260821_003142_ZKCGEP_c026_right_f000907.jpg,1
20260821_003324_PJCLLL_c026_left_f001567.jpg,1
20260821_003324_PJCLLL_c026_right_f006308.jpg,1
20260821_003324_PJCLLL_c026_right_f006758.jpg,1
20260821_004437_JXUECT_c028_left_f000097.jpg,1
20260821_004437_JXUECT_c028_left_f002468.jpg,1
20260821_011233_CGHTQS_c022_left_f000277.jpg,1
20260821_011233_CGHTQS_c022_right_f000457.jpg,1
20260821_011233_CGHTQS_c022_right_f006758.jpg,1
20260821_011411_DKVWCC_c024_right_f002257.jpg,1
20260821_012004_DYGPRS_c003_left_f001807.jpg,1
20260821_012142_NAZVEJ_c008_right_f000937.jpg,1
20260821_014747_AXGYCM_c016_right_f002708.jpg,1
20260821_015121_QYTMVK_c012_left_f001867.jpg,1
20260821_015121_QYTMVK_c012_right_f004193.jpg,1
20260821_015121_QYTMVK_c012_right_f005123.jpg,1
20260821_020055_XJBVTD_c009_left_f003479.jpg,1
20260821_020421_TGXAJP_c010_left_f002468.jpg,1
20260821_020421_TGXAJP_c010_right_f005858.jpg,1
20260821_021209_CZXVZV_c009_left_f001567.jpg,1
20260821_021209_CZXVZV_c009_left_f003368.jpg,1
20260821_021354_ACNYVT_c002_right_f000907.jpg,1
20260821_022021_YMYWHU_c002_right_f004058.jpg,1
20260821_022021_YMYWHU_c002_right_f004508.jpg,1
20260821_022056_TGJWSV_c007_left_f002549.jpg,1
20260821_022334_KGJZEE_c010_left_f001567.jpg,1
20260821_022334_KGJZEE_c010_right_f004508.jpg,1
20260821_022351_VMJRNG_c001_left_f005408.jpg,1
20260821_022632_ZXCKEN_c000_left_f000667.jpg,1
20260821_022632_ZXCKEN_c000_left_f002468.jpg,1
20260821_022632_ZXCKEN_c000_left_f005408.jpg,1
20260821_022632_ZXCKEN_c000_right_f005858.jpg,1
20260821_022632_ZXCKEN_c000_right_f006758.jpg,1
20260821_024310_FNVXTV_c000_right_f001357.jpg,1
20260821_024804_DEPCGR_c001_right_f004058.jpg,1
20260821_030006_PXKCLW_c012_left_f005168.jpg,1
20260821_030006_PXKCLW_c012_right_f002257.jpg,1
20260821_033417_RCBWWG_c002_left_f000217.jpg,1
20260821_033417_RCBWWG_c002_left_f004268.jpg,1
20260821_033417_RCBWWG_c002_left_f005408.jpg,1
20260821_040524_QSCKAL_c018_left_f000217.jpg,1
20260821_040524_QSCKAL_c018_left_f001567.jpg,1
20260821_040524_QSCKAL_c018_right_f001357.jpg,1
20260821_040524_QSCKAL_c018_right_f002708.jpg,1
20260821_044353_JEWBTZ_c017_left_f000277.jpg,1
20260821_044353_JEWBTZ_c017_left_f000667.jpg,1
20260821_051029_VTHWVA_c033_left_f000667.jpg,1
20260821_051438_HQPLKS_c019_left_f004268.jpg,1
20260821_051438_HQPLKS_c019_right_f005858.jpg,1
20260821_054134_FXCESZ_c018_left_f001567.jpg,1
20260821_054134_FXCESZ_c018_right_f000907.jpg,1
20260821_054134_FXCESZ_c018_right_f001357.jpg,1
20260821_054834_UMVXWQ_c033_left_f003368.jpg,1
20260821_055427_CYDPLU_c032_right_f006308.jpg,1
20260821_055438_NGJZAQ_c032_right_f004508.jpg,1
20260821_055919_QLYTZY_c032_left_f001807.jpg,1
20260821_055919_QLYTZY_c032_right_f002257.jpg,1
20260821_055919_QLYTZY_c032_right_f006308.jpg,1
20260821_062048_XPAKGM_c011_right_f004958.jpg,1
20260821_062206_SRZGWK_c001_left_f001807.jpg,1
20260821_062206_SRZGWK_c001_right_f002257.jpg,1
20260821_070709_PMTVYP_c028_right_f004058.jpg,1
20260821_071730_TVMJVA_c001_left_f005168.jpg,1
20260821_071730_TVMJVA_c001_right_f006758.jpg,1
20260821_073447_ASPTZL_c000_right_f002257.jpg,1
20260821_073447_ASPTZL_c000_right_f002708.jpg,1
20260821_073447_ASPTZL_c000_right_f004958.jpg,1
20260821_075553_ZQMVAJ_c000_right_f000457.jpg,1
20260821_082929_SSWVYE_c005_left_f000667.jpg,1
20260821_082929_SSWVYE_c005_left_f001567.jpg,1
20260821_082929_SSWVYE_c005_left_f004268.jpg,1
20260821_082929_SSWVYE_c005_right_f006759.jpg,1
20260821_084701_WWZHVU_c000_left_f005408.jpg,1
20260821_084701_WWZHVU_c000_right_f002708.jpg,1
20260821_084701_WWZHVU_c000_right_f004058.jpg,1
20260821_100922_QNKUTG_c009_right_f004058.jpg,1
20260821_102925_LXFYJR_c009_left_f005408.jpg,1
20260821_102925_LXFYJR_c009_right_f000457.jpg,1
20260821_102925_LXFYJR_c009_right_f000907.jpg,1
20260821_102925_LXFYJR_c009_right_f002257.jpg,1
20260821_102925_LXFYJR_c009_right_f004058.jpg,1
20260821_102925_LXFYJR_c009_right_f004958.jpg,1
20260821_103724_ASUMTS_c001_right_f006308.jpg,1
20260821_104003_KZPHXQ_c026_right_f002257.jpg,1
20260821_104003_KZPHXQ_c026_right_f004508.jpg,1
20260821_104257_XLVGZJ_c012_left_f000277.jpg,1
20260821_104257_XLVGZJ_c012_right_f000907.jpg,1
20260821_112035_YZUHXS_c003_left_f003368.jpg,1
20260821_112035_YZUHXS_c003_right_f004958.jpg,1
20260821_112035_YZUHXS_c003_right_f005858.jpg,1
20260821_112950_WKLJZX_c014_left_f004268.jpg,1
20260821_112950_WKLJZX_c014_right_f005858.jpg,1
20260821_115229_UARMDZ_c011_left_f002468.jpg,1
20260821_115229_UARMDZ_c011_left_f003608.jpg,1
20260821_122643_DTMXCK_c001_right_f005123.jpg,1
20260821_145533_WYMRNY_c008_left_f000217.jpg,1
20260821_145533_WYMRNY_c008_left_f003368.jpg,1
20260821_145533_WYMRNY_c008_right_f002257.jpg,1
20260821_145533_WYMRNY_c008_right_f004058.jpg,1
20260821_145533_WYMRNY_c008_right_f004958.jpg,1
20260821_160510_LFLESA_c003_right_f004508.jpg,1
20260822_000734_ACPLSE_c001_left_f002468.jpg,1
20260822_000734_ACPLSE_c001_left_f003608.jpg,1
20260822_000734_ACPLSE_c001_right_f000457.jpg,1
20260822_002329_QARBRW_c033_left_f000097.jpg,1
20260822_002329_QARBRW_c033_left_f000217.jpg,1
20260822_002329_QARBRW_c033_right_f001357.jpg,1
20260822_003232_JBELYK_c032_left_f004268.jpg,1
20260822_003232_JBELYK_c032_right_f000457.jpg,1
20260822_003232_JBELYK_c032_right_f004058.jpg,1
20260822_003232_JBELYK_c032_right_f006308.jpg,1
20260822_013904_AKVPBD_c004_left_f000217.jpg,1
20260822_013904_AKVPBD_c004_left_f005168.jpg,1
20260822_013904_AKVPBD_c004_right_f002257.jpg,1
20260822_013904_AKVPBD_c004_right_f004058.jpg,1
20260822_013904_AKVPBD_c004_right_f004508.jpg,1
20260822_022201_AFXBTW_c003_right_f002708.jpg,1
20260822_022201_AFXBTW_c003_right_f004958.jpg,1
20260822_025544_HZJYYC_c010_left_f003368.jpg,1
20260822_032749_TZHNCD_c000_left_f000097.jpg,1
20260822_033539_PWMUAW_c002_left_f000097.jpg,1
20260822_033539_PWMUAW_c002_right_f001357.jpg,1
20260822_034831_LTEJGF_c006_left_f001567.jpg,1
20260822_034831_LTEJGF_c006_right_f000457.jpg,1
20260822_034831_LTEJGF_c006_right_f004958.jpg,1
20260822_044204_DWSFBV_c010_left_f001567.jpg,1
20260822_044204_DWSFBV_c010_left_f005408.jpg,1
20260822_044204_DWSFBV_c010_right_f001357.jpg,1
20260822_044204_DWSFBV_c010_right_f002257.jpg,1
20260822_044211_AEVXND_c052_right_f006308.jpg,1
20260822_050441_JPLLZT_c001_left_f000277.jpg,1
20260822_051648_XLGJPM_c000_left_f000277.jpg,1
20260822_051648_XLGJPM_c000_left_f001807.jpg,1
20260822_051648_XLGJPM_c000_right_f000457.jpg,1
20260822_051648_XLGJPM_c000_right_f000907.jpg,1
20260822_051648_XLGJPM_c000_right_f004508.jpg,1
20260822_051648_XLGJPM_c000_right_f005858.jpg,1
20260822_051812_FLRBDV_c004_left_f000097.jpg,1
20260822_051812_FLRBDV_c004_left_f000667.jpg,1
20260822_051812_FLRBDV_c004_left_f003368.jpg,1
20260822_051812_FLRBDV_c004_right_f002257.jpg,1
20260822_051812_FLRBDV_c004_right_f005858.jpg,1
20260822_055947_VDXQRD_c033_right_f003158.jpg,1
20260822_060332_SELNVJ_c002_left_f003479.jpg,1
20260822_060332_SELNVJ_c002_right_f006053.jpg,1
20260822_060332_SELNVJ_c002_right_f006518.jpg,1
20260822_060357_VNGGQX_c014_left_f000217.jpg,1
20260822_060357_VNGGQX_c014_right_f000457.jpg,1
20260822_060357_VNGGQX_c014_right_f002708.jpg,1
20260822_061531_XFJEPH_c019_left_f001619.jpg,1
20260822_064354_PYKPRN_c025_right_f006758.jpg,1
20260822_073652_CXJQUQ_c000_left_f000286.jpg,1
20260822_073652_CXJQUQ_c000_left_f000689.jpg,1
20260822_073652_CXJQUQ_c000_left_f005588.jpg,1
20260822_073652_CXJQUQ_c000_right_f002332.jpg,1
20260822_073652_CXJQUQ_c000_right_f002797.jpg,1
20260822_084741_KMHMRV_c005_left_f000277.jpg,1
20260822_084741_KMHMRV_c005_left_f001567.jpg,1
20260822_084741_KMHMRV_c005_right_f002708.jpg,1
20260822_090048_XXMXBA_c005_right_f004508.jpg,1
20260822_102150_KWPFRM_c015_right_f006308.jpg,1
20260822_104718_GYSCXJ_c022_left_f003608.jpg,1
20260822_104718_GYSCXJ_c022_right_f002257.jpg,1
20260822_104718_GYSCXJ_c022_right_f002708.jpg,1
20260822_104718_GYSCXJ_c022_right_f006308.jpg,1
20260822_112229_QAQHJQ_c000_left_f002468.jpg,1
20260822_112229_QAQHJQ_c000_right_f006308.jpg,1
20260822_151002_QFGXQK_c007_right_f006308.jpg,1
20260822_164058_PXJAAB_c002_left_f000667.jpg,1
20260822_164058_PXJAAB_c002_left_f005408.jpg,1
20260822_164058_PXJAAB_c002_right_f006758.jpg,1
20260822_235954_MFATTK_c039_left_f005168.jpg,1
20260823_000534_DSTDSY_c026_left_f003368.jpg,1
20260823_000534_DSTDSY_c026_right_f001357.jpg,1
20260823_000534_DSTDSY_c026_right_f002708.jpg,1
20260823_000534_DSTDSY_c026_right_f004508.jpg,1
20260823_003057_UGBECY_c009_left_f002468.jpg,1
20260823_003057_UGBECY_c009_left_f004268.jpg,1
20260823_003057_UGBECY_c009_right_f002708.jpg,1
20260823_003057_UGBECY_c009_right_f003158.jpg,1
20260823_003421_WJZLCP_c028_left_f000217.jpg,1
20260823_003421_WJZLCP_c028_left_f000277.jpg,1
20260823_004439_VJKLMU_c036_left_f005168.jpg,1
20260823_004439_VJKLMU_c036_right_f003158.jpg,1
20260823_004439_VJKLMU_c036_right_f004958.jpg,1
20260823_004439_VJKLMU_c036_right_f006308.jpg,1
20260823_031247_XFUGJV_c001_left_f001867.jpg,1
20260823_031247_XFUGJV_c001_right_f006053.jpg,1
20260823_031247_XFUGJV_c001_right_f006983.jpg,1
20260823_054616_ZUEHMU_c039_left_f000097.jpg,1
20260823_061906_KPLQUM_c017_left_f001567.jpg,1
20260823_063642_VRLZLB_c026_left_f004268.jpg,1
20260823_063642_VRLZLB_c026_right_f004058.jpg,1
20260823_080441_TATJFS_c014_left_f005408.jpg,1
20260823_080441_TATJFS_c014_right_f005858.jpg,1
20260823_083854_KUYERT_c008_right_f004058.jpg,1
20260823_084117_WUECLX_c006_left_f001807.jpg,1
20260823_084117_WUECLX_c006_right_f002257.jpg,1
20260823_084117_WUECLX_c006_right_f002708.jpg,1
20260823_084117_WUECLX_c006_right_f005858.jpg,1
20260823_100454_CWUSWX_c001_right_f000457.jpg,1
20260823_100454_CWUSWX_c001_right_f002708.jpg,1
20260823_104808_MXWLDE_c001_right_f006758.jpg,1
20260823_105222_VXJTSN_c000_right_f002257.jpg,1
20260823_123607_VQEMFJ_c001_left_f000277.jpg,1
20260823_123607_VQEMFJ_c001_left_f000667.jpg,1
20260823_235132_JEVEBC_c031_right_f000907.jpg,1
20260824_001530_AKFGDV_c004_left_f000097.jpg,1
20260824_001530_AKFGDV_c004_left_f000217.jpg,1
20260824_002921_EKEECC_c032_left_f000277.jpg,1
20260824_002921_EKEECC_c032_right_f000457.jpg,1
20260824_002921_EKEECC_c032_right_f001357.jpg,1
20260824_002921_EKEECC_c032_right_f002708.jpg,1
20260824_003821_CPBRSU_c030_left_f000217.jpg,1
20260824_003821_CPBRSU_c030_right_f001357.jpg,1
20260824_004022_SQANUR_c009_right_f003158.jpg,1
20260824_004950_KGECJT_c027_left_f000097.jpg,1
20260824_004950_KGECJT_c027_left_f001807.jpg,1
20260824_004950_KGECJT_c027_left_f002468.jpg,1
20260824_004950_KGECJT_c027_right_f002257.jpg,1
20260824_004950_KGECJT_c027_right_f002708.jpg,1
20260824_013123_EPBKHZ_c021_left_f003368.jpg,1
20260824_013123_EPBKHZ_c021_left_f005168.jpg,1
20260824_013123_EPBKHZ_c021_right_f004058.jpg,1
20260824_013123_EPBKHZ_c021_right_f004508.jpg,1
20260824_013123_EPBKHZ_c021_right_f004958.jpg,1
20260824_014522_WLRQZT_c019_right_f003158.jpg,1
20260824_014529_UNUEAF_c019_left_f002468.jpg,1
20260824_014529_UNUEAF_c019_left_f004268.jpg,1
20260824_014529_UNUEAF_c019_right_f000907.jpg,1
20260824_014529_UNUEAF_c019_right_f002708.jpg,1
20260824_014529_UNUEAF_c019_right_f003158.jpg,1
20260824_015117_MUTCQB_c008_left_f002549.jpg,1
20260824_023547_FHPTWC_c005_right_f004508.jpg,1
20260824_030241_EMPBGZ_c009_left_f000097.jpg,1
20260824_030241_EMPBGZ_c009_left_f003368.jpg,1
20260824_030241_EMPBGZ_c009_left_f004268.jpg,1
20260824_030241_EMPBGZ_c009_left_f005168.jpg,1
20260824_032115_FBERUJ_c008_left_f000097.jpg,1
20260824_032115_FBERUJ_c008_left_f002468.jpg,1
20260824_032115_FBERUJ_c008_right_f002257.jpg,1
20260824_040519_TUPKJR_c003_right_f000907.jpg,1
20260824_040519_TUPKJR_c003_right_f001357.jpg,1
20260824_043427_SHMRGA_c000_right_f002257.jpg,1
20260824_043427_SHMRGA_c000_right_f006758.jpg,1
20260824_055743_GBYXSB_c038_right_f004058.jpg,1
20260824_055743_GBYXSB_c038_right_f006758.jpg,1
20260824_060333_HNPUTD_c032_left_f000217.jpg,1
20260824_060333_HNPUTD_c032_left_f001567.jpg,1
20260824_060333_HNPUTD_c032_right_f003158.jpg,1
20260824_060723_CACDFZ_c035_left_f000217.jpg,1
20260824_060723_CACDFZ_c035_left_f005168.jpg,1
20260824_060723_CACDFZ_c035_right_f001357.jpg,1
20260824_060723_CACDFZ_c035_right_f006758.jpg,1
20260824_060842_FSKNRJ_c010_left_f002468.jpg,1
20260824_060842_FSKNRJ_c010_right_f004958.jpg,1
20260824_061821_DZCYDM_c019_left_f002468.jpg,1
20260824_061821_DZCYDM_c019_left_f003608.jpg,1
20260824_061821_DZCYDM_c019_right_f004508.jpg,1
20260824_080121_WMRMML_c015_right_f006758.jpg,1
20260824_081611_RKSJZJ_c000_right_f000907.jpg,1
20260824_081611_RKSJZJ_c000_right_f002708.jpg,1
20260824_081611_RKSJZJ_c000_right_f004508.jpg,1
20260824_081611_RKSJZJ_c000_right_f006308.jpg,1
20260824_082402_KLSTPX_c001_left_f000277.jpg,1
20260824_082402_KLSTPX_c001_right_f001357.jpg,1
20260824_082402_KLSTPX_c001_right_f002708.jpg,1
20260824_101114_STHUPH_c011_right_f004058.jpg,1
20260824_101114_STHUPH_c011_right_f006308.jpg,1
20260824_101133_HKRBYR_c021_left_f005168.jpg,1
20260824_101133_HKRBYR_c021_right_f003158.jpg,1
20260824_101133_HKRBYR_c021_right_f004508.jpg,1
20260824_102614_UUVSPP_c005_right_f004508.jpg,1
20260824_102614_UUVSPP_c005_right_f006758.jpg,1
20260824_111842_BNPSCV_c000_right_f001357.jpg,1
20260824_130442_SGFWFG_c004_left_f001567.jpg,1
20260824_130442_SGFWFG_c004_left_f003608.jpg,1
20260824_140626_CRPBHM_c000_left_f005168.jpg,1
20260824_140626_CRPBHM_c000_right_f006758.jpg,1
20260824_144304_CWVSJD_c001_left_f000217.jpg,1
20260824_144304_CWVSJD_c001_left_f000277.jpg,1
20260824_144304_CWVSJD_c001_left_f001567.jpg,1
20260824_144304_CWVSJD_c001_left_f001807.jpg,1
20260824_144304_CWVSJD_c001_left_f002468.jpg,1
20260824_155119_CRFCDN_c015_right_f001357.jpg,1
20260824_155119_CRFCDN_c015_right_f006758.jpg,1
20260824_172703_LUTFEQ_c013_left_f000277.jpg,1
20260824_172703_LUTFEQ_c013_right_f003158.jpg,1
20260824_230423_ZPVHXQ_c025_right_f006308.jpg,1
20260824_233932_SFNSLC_c034_left_f001567.jpg,1
20260824_233932_SFNSLC_c034_left_f004268.jpg,1
20260824_233932_SFNSLC_c034_right_f002257.jpg,1
20260824_234510_SJGTJS_c025_right_f000907.jpg,1
20260825_001057_LCUDDX_c003_left_f004410.jpg,1
20260825_001304_SLNSQV_c002_left_f001807.jpg,1
20260825_001304_SLNSQV_c002_left_f002468.jpg,1
20260825_001304_SLNSQV_c002_left_f005408.jpg,1
20260825_001304_SLNSQV_c002_right_f004058.jpg,1
20260825_001823_TZNXAU_c035_left_f000277.jpg,1
20260825_001823_TZNXAU_c035_right_f004058.jpg,1
20260825_001823_TZNXAU_c035_right_f005858.jpg,1
20260825_001823_TZNXAU_c035_right_f006308.jpg,1
20260825_001941_NMKTJY_c032_left_f000667.jpg,1
20260825_001941_NMKTJY_c032_left_f005408.jpg,1
20260825_001941_NMKTJY_c032_right_f000457.jpg,1
20260825_001941_NMKTJY_c032_right_f003158.jpg,1
20260825_002610_TGCFBC_c028_left_f001807.jpg,1
20260825_002610_TGCFBC_c028_right_f006758.jpg,1
20260825_003210_MJRUVB_c022_left_f005168.jpg,1
20260825_003445_JTKAGK_c029_left_f000277.jpg,1
20260825_003445_JTKAGK_c029_left_f002468.jpg,1
20260825_003445_JTKAGK_c029_left_f003608.jpg,1
20260825_003445_JTKAGK_c029_left_f004268.jpg,1
20260825_003721_BPASKU_c030_left_f002468.jpg,1
20260825_003721_BPASKU_c030_left_f005168.jpg,1
20260825_003721_BPASKU_c030_right_f002257.jpg,1
20260825_003721_BPASKU_c030_right_f005858.jpg,1
20260825_003858_UFHGAK_c086_left_f003368.jpg,1
20260825_003858_UFHGAK_c086_right_f005858.jpg,1
20260825_010255_GQXATE_c004_right_f002257.jpg,1
20260825_013138_WSJRXP_c022_left_f000217.jpg,1
20260825_014501_JMMJLJ_c020_left_f000277.jpg,1
20260825_014501_JMMJLJ_c020_left_f000667.jpg,1
20260825_021523_LJUZKU_c016_left_f001807.jpg,1
20260825_021523_LJUZKU_c016_left_f002468.jpg,1
20260825_021523_LJUZKU_c016_right_f003158.jpg,1
20260825_021523_LJUZKU_c016_right_f005858.jpg,1
20260825_021523_LJUZKU_c016_right_f006758.jpg,1
20260825_024444_ZVVGQX_c009_right_f000937.jpg,1
20260825_024444_ZVVGQX_c009_right_f005123.jpg,1
20260825_030651_NWWZJU_c007_left_f003368.jpg,1
20260825_030651_NWWZJU_c007_left_f004268.jpg,1
20260825_030959_ZNMMQJ_c019_right_f000457.jpg,1
20260825_030959_ZNMMQJ_c019_right_f004058.jpg,1
20260825_031049_HJHCTH_c001_left_f005168.jpg,1
20260825_031946_XBTDJG_c003_left_f005168.jpg,1
20260825_032850_VQVRVL_c001_right_f000937.jpg,1
20260825_032850_VQVRVL_c001_right_f002332.jpg,1
20260825_032850_VQVRVL_c001_right_f002797.jpg,1
20260825_034252_QCFJTY_c001_left_f002468.jpg,1
20260825_034321_ZSHARB_c002_left_f003608.jpg,1
20260825_034321_ZSHARB_c002_right_f004508.jpg,1
20260825_040101_HQQGJY_c019_left_f001807.jpg,1
20260825_040101_HQQGJY_c019_left_f005168.jpg,1
20260825_040101_HQQGJY_c019_right_f002708.jpg,1
20260825_040101_HQQGJY_c019_right_f004958.jpg,1
20260825_040524_GAJLCQ_c011_right_f006053.jpg,1
20260825_052805_WCTXUV_c006_left_f001619.jpg,1
20260825_053832_FBZWBQ_c010_left_f003608.jpg,1
20260825_054422_PUAAHK_c040_right_f006308.jpg,1
20260825_054505_AKWXNY_c034_left_f001567.jpg,1
20260825_054505_AKWXNY_c034_left_f004268.jpg,1
20260825_054505_AKWXNY_c034_right_f002708.jpg,1
20260825_054505_AKWXNY_c034_right_f006758.jpg,1
20260825_054828_QMAGHT_c042_left_f005168.jpg,1
20260825_063755_FBBSQH_c006_left_f000667.jpg,1
20260825_065215_LEEKDN_c015_right_f004508.jpg,1
20260825_065707_FEGBHV_c011_left_f000277.jpg,1
20260825_071553_YQFRLE_c021_left_f003368.jpg,1
20260825_071553_YQFRLE_c021_right_f002257.jpg,1
20260825_071553_YQFRLE_c021_right_f003158.jpg,1
20260825_071553_YQFRLE_c021_right_f004058.jpg,1
20260825_071553_YQFRLE_c021_right_f005858.jpg,1
20260825_080202_ZXXYCF_c010_left_f001567.jpg,1
20260825_091906_GCLUEB_c004_left_f000286.jpg,1
20260825_091906_GCLUEB_c004_left_f001619.jpg,1
20260825_103939_WKTBWG_c000_left_f004268.jpg,1
20260825_103939_WKTBWG_c000_right_f004958.jpg,1
20260825_104834_JKWFLM_c011_left_f000277.jpg,1
20260825_104834_JKWFLM_c011_left_f001567.jpg,1
20260825_104834_JKWFLM_c011_left_f005408.jpg,1
20260825_104834_JKWFLM_c011_right_f004958.jpg,1
20260825_105317_FXGDZU_c028_left_f003368.jpg,1
20260825_105317_FXGDZU_c028_right_f001357.jpg,1
20260825_105317_FXGDZU_c028_right_f002257.jpg,1
20260825_105317_FXGDZU_c028_right_f004508.jpg,1
20260825_123208_NZAEBG_c001_left_f002468.jpg,1
20260825_131647_SSDZDS_c001_right_f002257.jpg,1
20260825_131647_SSDZDS_c001_right_f004508.jpg,1
20260825_132621_QKSKUV_c004_left_f000667.jpg,1
20260825_132621_QKSKUV_c004_left_f001807.jpg,1
20260825_132621_QKSKUV_c004_left_f003608.jpg,1
20260825_132621_QKSKUV_c004_left_f004268.jpg,1
20260825_132621_QKSKUV_c004_left_f005168.jpg,1
20260825_132621_QKSKUV_c004_right_f000457.jpg,1
20260825_132621_QKSKUV_c004_right_f001357.jpg,1
20260825_132621_QKSKUV_c004_right_f006758.jpg,1
20260825_160936_TCRAKC_c000_left_f000217.jpg,1
20260825_160936_TCRAKC_c000_left_f000277.jpg,1
20260826_001127_LEFUKL_c034_left_f000217.jpg,1
20260826_001127_LEFUKL_c034_left_f004268.jpg,1
20260826_001127_LEFUKL_c034_left_f005168.jpg,1
20260826_001127_LEFUKL_c034_right_f001357.jpg,1
20260826_001127_LEFUKL_c034_right_f002708.jpg,1
20260826_001417_DZLYFT_c017_left_f004268.jpg,1
20260826_001727_JXJPAM_c011_left_f002468.jpg,1
20260826_001824_ZTPCFJ_c016_left_f005408.jpg,1
20260826_002840_FBGLMZ_c028_right_f001357.jpg,1
20260826_002840_FBGLMZ_c028_right_f002708.jpg,1
20260826_002840_FBGLMZ_c028_right_f003158.jpg,1
20260826_002840_FBGLMZ_c028_right_f004508.jpg,1
20260826_003451_GVNGDH_c030_right_f005858.jpg,1
20260826_003451_GVNGDH_c030_right_f006758.jpg,1
20260826_005628_RVHTUQ_c020_left_f000277.jpg,1
20260826_005628_RVHTUQ_c020_left_f003368.jpg,1
20260826_005628_RVHTUQ_c020_right_f004508.jpg,1
20260826_005628_RVHTUQ_c020_right_f006308.jpg,1
20260826_010604_RFQLLL_c005_left_f000100.jpg,1
20260826_010604_RFQLLL_c005_right_f002797.jpg,1
20260826_010604_RFQLLL_c005_right_f006983.jpg,1
20260826_010609_UEVUNQ_c007_right_f000907.jpg,1
20260826_011526_LPDYEU_c042_left_f000097.jpg,1
20260826_011526_LPDYEU_c042_right_f000457.jpg,1
20260826_011852_LXDEHB_c000_right_f004508.jpg,1
20260826_012233_MWJSPP_c021_left_f000217.jpg,1
20260826_012233_MWJSPP_c021_left_f003608.jpg,1
20260826_012233_MWJSPP_c021_right_f004508.jpg,1
20260826_012233_MWJSPP_c021_right_f005858.jpg,1
20260826_014643_JPHANA_c013_left_f000667.jpg,1
20260826_014643_JPHANA_c013_right_f000907.jpg,1
20260826_014645_BPQLCW_c000_right_f003262.jpg,1
20260826_015708_NKPWXB_c020_left_f002468.jpg,1
20260826_021225_NRNVHU_c017_left_f003368.jpg,1
20260826_021231_KHXXFX_c000_left_f003479.jpg,1
20260826_021312_DMWLXA_c024_left_f000217.jpg,1
20260826_021312_DMWLXA_c024_left_f002468.jpg,1
20260826_022047_CEZUZJ_c012_left_f000286.jpg,1
20260826_022047_CEZUZJ_c012_left_f000689.jpg,1
20260826_022047_CEZUZJ_c012_right_f002332.jpg,1
20260826_022047_CEZUZJ_c012_right_f002797.jpg,1
20260826_022719_ZSSMYM_c000_left_f003608.jpg,1
20260826_023509_CYHLRV_c011_left_f000217.jpg,1
20260826_023509_CYHLRV_c011_left_f001807.jpg,1
20260826_023509_CYHLRV_c011_right_f002257.jpg,1
20260826_033402_BTEXGN_c014_right_f004958.jpg,1
20260826_035050_LGPKFA_c008_right_f004658.jpg,1
20260826_035817_QSZCYR_c052_right_f002257.jpg,1
20260826_035817_QSZCYR_c052_right_f002708.jpg,1
20260826_035817_QSZCYR_c052_right_f003158.jpg,1
20260826_040049_BXMXDQ_c007_left_f001807.jpg,1
20260826_040049_BXMXDQ_c007_left_f005408.jpg,1
20260826_043035_AVBBJD_c019_right_f005858.jpg,1
20260826_043624_RXRARF_c044_left_f000217.jpg,1
20260826_043624_RXRARF_c044_left_f001567.jpg,1
20260826_043624_RXRARF_c044_right_f006758.jpg,1
20260826_044553_CXBUVW_c001_right_f004958.jpg,1
20260826_050334_UTZYWC_c051_left_f002468.jpg,1
20260826_051339_MBKDWZ_c010_left_f000689.jpg,1
20260826_051339_MBKDWZ_c010_left_f001619.jpg,1
20260826_051339_MBKDWZ_c010_left_f003728.jpg,1
20260826_051339_MBKDWZ_c010_left_f004410.jpg,1
20260826_051339_MBKDWZ_c010_right_f004193.jpg,1
20260826_051359_DVVJLK_c022_left_f001567.jpg,1
20260826_051359_DVVJLK_c022_right_f004958.jpg,1
20260826_052605_SNUUQZ_c011_left_f003608.jpg,1
20260826_052605_SNUUQZ_c011_left_f005168.jpg,1
20260826_052605_SNUUQZ_c011_left_f005408.jpg,1
20260826_052605_SNUUQZ_c011_right_f000457.jpg,1
20260826_052605_SNUUQZ_c011_right_f002257.jpg,1
20260826_052605_SNUUQZ_c011_right_f004058.jpg,1
20260826_054923_GNCCEL_c006_left_f004410.jpg,1
20260826_054923_GNCCEL_c006_right_f000472.jpg,1
20260826_060845_GJJNDY_c036_left_f000097.jpg,1
20260826_060845_GJJNDY_c036_left_f000277.jpg,1
20260826_060845_GJJNDY_c036_left_f005408.jpg,1
20260826_061516_YEVQYJ_c022_left_f000667.jpg,1
20260826_061516_YEVQYJ_c022_right_f002708.jpg,1
20260826_061516_YEVQYJ_c022_right_f003158.jpg,1
20260826_061516_YEVQYJ_c022_right_f006758.jpg,1
20260826_071244_FEZWGZ_c002_right_f004508.jpg,1
20260826_071244_FEZWGZ_c002_right_f004958.jpg,1
20260826_071647_YRYXTF_c000_left_f004268.jpg,1
20260826_071647_YRYXTF_c000_left_f005168.jpg,1
20260826_071647_YRYXTF_c000_left_f005408.jpg,1
20260826_071647_YRYXTF_c000_right_f003158.jpg,1
20260826_071958_VQVLGX_c002_left_f000277.jpg,1
20260826_071958_VQVLGX_c002_left_f001567.jpg,1
20260826_071958_VQVLGX_c002_left_f003608.jpg,1
20260826_071958_VQVLGX_c002_left_f005408.jpg,1
20260826_071958_VQVLGX_c002_right_f001357.jpg,1
20260826_071958_VQVLGX_c002_right_f004058.jpg,1
20260826_071958_VQVLGX_c002_right_f004508.jpg,1
20260826_073025_WMYNYC_c002_left_f000286.jpg,1
20260826_073025_WMYNYC_c002_left_f001619.jpg,1
20260826_073025_WMYNYC_c002_left_f002549.jpg,1
20260826_073025_WMYNYC_c002_right_f004193.jpg,1
20260826_073025_WMYNYC_c002_right_f006518.jpg,1
20260826_074532_GLRDQM_c000_left_f003368.jpg,1
20260826_074532_GLRDQM_c000_left_f003608.jpg,1
20260826_074532_GLRDQM_c000_right_f003158.jpg,1
20260826_080231_KGGRSR_c017_left_f002468.jpg,1
20260826_080231_KGGRSR_c017_right_f000457.jpg,1
20260826_082309_YXYNMJ_c013_left_f002468.jpg,1
20260826_082309_YXYNMJ_c013_left_f005408.jpg,1
20260826_084023_UHEWJT_c001_left_f001807.jpg,1
20260826_084023_UHEWJT_c001_right_f005858.jpg,1
20260826_110631_DLVSQC_c001_right_f004058.jpg,1
20260826_110631_DLVSQC_c001_right_f004958.jpg,1
20260826_111319_KDDDXR_c006_right_f003158.jpg,1
20260826_113525_YAWDFY_c000_left_f003368.jpg,1
20260826_113525_YAWDFY_c000_left_f004268.jpg,1
20260826_113525_YAWDFY_c000_right_f001357.jpg,1
20260826_113525_YAWDFY_c000_right_f006758.jpg,1
20260826_130713_FLJSVN_c001_left_f005168.jpg,1
20260826_164152_KPUHDB_c003_left_f001807.jpg,1
20260826_164152_KPUHDB_c003_left_f002468.jpg,1
20260826_164152_KPUHDB_c003_right_f004508.jpg,1
20260826_164152_KPUHDB_c003_right_f006308.jpg,1
20260826_170839_JWXREB_c000_left_f004268.jpg,1
20260826_170839_JWXREB_c000_right_f002257.jpg,1
20260826_170839_JWXREB_c000_right_f002708.jpg,1
20260827_000543_RNZZVN_c014_left_f000667.jpg,1
20260827_000543_RNZZVN_c014_left_f005168.jpg,1
20260827_001423_BCUFFK_c000_right_f005123.jpg,1
20260827_002032_XZYPPU_c003_right_f003158.jpg,1
20260827_002032_XZYPPU_c003_right_f006308.jpg,1
20260827_002032_XZYPPU_c003_right_f006758.jpg,1
20260827_003917_BYFRAU_c021_left_f004268.jpg,1
20260827_003917_BYFRAU_c021_left_f005408.jpg,1
20260827_003917_BYFRAU_c021_right_f004958.jpg,1
20260827_003917_BYFRAU_c021_right_f006758.jpg,1
20260827_004901_SSLXTT_c028_right_f003158.jpg,1
20260827_005503_BTCBDZ_c032_left_f002468.jpg,1
20260827_005503_BTCBDZ_c032_right_f000457.jpg,1
20260827_005503_BTCBDZ_c032_right_f003158.jpg,1
20260827_011049_TAXCMQ_c016_left_f004268.jpg,1
20260827_012145_WJZYBD_c003_right_f002708.jpg,1
20260827_012145_WJZYBD_c003_right_f003158.jpg,1
20260827_013208_CATTJD_c031_left_f000217.jpg,1
20260827_013208_CATTJD_c031_left_f003368.jpg,1
20260827_014833_YGQSRP_c021_right_f001357.jpg,1
20260827_020547_UFKXRK_c009_left_f005408.jpg,1
20260827_022527_KBZKTA_c000_left_f000217.jpg,1
20260827_022527_KBZKTA_c000_left_f000667.jpg,1
20260827_022527_KBZKTA_c000_left_f005168.jpg,1
20260827_022527_KBZKTA_c000_left_f005408.jpg,1
20260827_022527_KBZKTA_c000_right_f000457.jpg,1
20260827_022527_KBZKTA_c000_right_f006758.jpg,1
20260827_024049_KGEKQY_c034_left_f000097.jpg,1
20260827_024049_KGEKQY_c034_left_f005168.jpg,1
20260827_024049_KGEKQY_c034_right_f001357.jpg,1
20260827_024049_KGEKQY_c034_right_f006758.jpg,1
20260827_025008_MAYYRQ_c006_right_f006053.jpg,1
20260827_025741_NJDPRW_c001_left_f005408.jpg,1
20260827_025741_NJDPRW_c001_right_f001357.jpg,1
20260827_025741_NJDPRW_c001_right_f004058.jpg,1
20260827_025741_NJDPRW_c001_right_f004958.jpg,1
20260827_031423_ZNGFLU_c005_left_f000667.jpg,1
20260827_031423_ZNGFLU_c005_left_f003368.jpg,1
20260827_031428_PKAXCE_c001_left_f004410.jpg,1
20260827_033831_FLTHPC_c004_left_f001807.jpg,1
20260827_034346_MBXRAF_c000_left_f000277.jpg,1
20260827_034346_MBXRAF_c000_left_f000667.jpg,1
20260827_034346_MBXRAF_c000_right_f001357.jpg,1
20260827_034346_MBXRAF_c000_right_f005858.jpg,1
20260827_045522_ZZEYRP_c045_right_f004058.jpg,1
20260827_051001_RZCUTJ_c009_left_f000097.jpg,1
20260827_052230_AZWCYU_c021_left_f000097.jpg,1
20260827_052230_AZWCYU_c021_left_f000667.jpg,1
20260827_052230_AZWCYU_c021_right_f001357.jpg,1
20260827_052230_AZWCYU_c021_right_f002708.jpg,1
20260827_053911_YFDMVE_c005_right_f002257.jpg,1
20260827_053911_YFDMVE_c005_right_f006758.jpg,1
20260827_054132_LVDTTP_c035_left_f003368.jpg,1
20260827_054132_LVDTTP_c035_right_f005858.jpg,1
20260827_061425_MGJDCR_c012_right_f004058.jpg,1
20260827_061705_BWMRCM_c002_left_f000286.jpg,1
20260827_061705_BWMRCM_c002_left_f000689.jpg,1
20260827_062404_GWVACX_c027_left_f002468.jpg,1
20260827_062404_GWVACX_c027_right_f006308.jpg,1
20260827_063828_ZVLNZN_c026_left_f002468.jpg,1
20260827_063828_ZVLNZN_c026_left_f003368.jpg,1
20260827_063828_ZVLNZN_c026_left_f005168.jpg,1
20260827_071839_FADVKP_c024_right_f002708.jpg,1
20260827_072141_HDWMBH_c009_left_f003368.jpg,1
20260827_073115_GBUQRQ_c010_right_f000457.jpg,1
20260827_073700_ZPRLJK_c026_left_f000667.jpg,1
20260827_073700_ZPRLJK_c026_right_f000907.jpg,1
20260827_073700_ZPRLJK_c026_right_f004958.jpg,1
20260827_083050_TWMQHT_c004_left_f000689.jpg,1
20260827_094028_WETKNU_c001_left_f001867.jpg,1
20260827_094028_WETKNU_c001_right_f004658.jpg,1
20260827_094028_WETKNU_c001_right_f006983.jpg,1
20260827_095448_TDVQQF_c018_left_f000217.jpg,1
20260827_095733_WEMFFE_c019_left_f005408.jpg,1
20260827_101224_WEMYCX_c037_left_f000277.jpg,1
20260827_101224_WEMYCX_c037_left_f002468.jpg,1
20260827_101224_WEMYCX_c037_right_f002257.jpg,1
20260827_103558_JWFRPD_c026_right_f002257.jpg,1
20260827_103558_JWFRPD_c026_right_f002708.jpg,1
20260827_103558_JWFRPD_c026_right_f004058.jpg,1
20260827_103811_CTETUE_c025_left_f000667.jpg,1
20260827_103811_CTETUE_c025_left_f003368.jpg,1
20260827_103811_CTETUE_c025_right_f005858.jpg,1
20260827_103811_CTETUE_c025_right_f006758.jpg,1
20260827_104508_MUSUVK_c011_left_f003368.jpg,1
20260827_104508_MUSUVK_c011_left_f005168.jpg,1
20260827_104508_MUSUVK_c011_right_f000457.jpg,1
20260827_104508_MUSUVK_c011_right_f002257.jpg,1
20260827_112133_EEQSKA_c000_left_f000217.jpg,1
20260827_112133_EEQSKA_c000_left_f005408.jpg,1
20260827_112133_EEQSKA_c000_right_f000907.jpg,1
20260827_112133_EEQSKA_c000_right_f004958.jpg,1
20260827_113301_RUTPPZ_c001_left_f001567.jpg,1
20260827_113301_RUTPPZ_c001_left_f004268.jpg,1
20260827_113301_RUTPPZ_c001_right_f000457.jpg,1
20260827_113301_RUTPPZ_c001_right_f000907.jpg,1
20260827_113301_RUTPPZ_c001_right_f005858.jpg,1
20260827_113301_RUTPPZ_c001_right_f006758.jpg,1
20260827_125143_WMYMWT_c000_left_f000277.jpg,1
20260827_125143_WMYMWT_c000_left_f000667.jpg,1
20260827_125143_WMYMWT_c000_left_f001807.jpg,1
20260827_125143_WMYMWT_c000_left_f004268.jpg,1
20260827_125143_WMYMWT_c000_right_f000907.jpg,1
20260827_125143_WMYMWT_c000_right_f006758.jpg,1
20260827_151707_ULFLBR_c004_left_f000097.jpg,1
20260827_163118_RMJRJK_c006_left_f002468.jpg,1
20260827_163118_RMJRJK_c006_right_f000907.jpg,1
20260827_163118_RMJRJK_c006_right_f001357.jpg,1
20260827_163118_RMJRJK_c006_right_f004958.jpg,1
20260827_163118_RMJRJK_c006_right_f006758.jpg,1
20260828_000056_EMGYFH_c039_right_f001357.jpg,1
20260828_000133_EHXUVA_c016_right_f006758.jpg,1
20260828_001028_BJVJJY_c009_right_f006983.jpg,1
20260828_003145_HPJXNC_c010_right_f003158.jpg,1
20260828_003145_HPJXNC_c010_right_f004958.jpg,1
20260828_011348_DXAWVA_c021_left_f003368.jpg,1
20260828_011348_DXAWVA_c021_left_f004268.jpg,1
20260828_011348_DXAWVA_c021_left_f005168.jpg,1
20260828_013540_AWCKAR_c006_left_f004410.jpg,1
20260828_013540_AWCKAR_c006_left_f005340.jpg,1
20260828_013540_AWCKAR_c006_right_f004193.jpg,1
20260828_013540_AWCKAR_c006_right_f005123.jpg,1
20260828_014423_CMEXSN_c119_left_f002468.jpg,1
20260828_014423_CMEXSN_c119_left_f005168.jpg,1
20260828_014423_CMEXSN_c119_right_f000457.jpg,1
20260828_014423_CMEXSN_c119_right_f005858.jpg,1
20260828_015916_DZQFXF_c001_left_f004268.jpg,1
20260828_015916_DZQFXF_c001_right_f004958.jpg,1
20260828_022104_DVWHUF_c003_right_f005858.jpg,1
20260828_040446_DXHXAJ_c019_left_f000277.jpg,1
20260828_040446_DXHXAJ_c019_left_f000667.jpg,1
20260828_040446_DXHXAJ_c019_left_f002468.jpg,1
20260828_043949_REDQTC_c039_left_f000097.jpg,1
20260828_044001_NSEQGB_c002_right_f000937.jpg,1
20260828_044001_NSEQGB_c002_right_f002332.jpg,1
20260828_045046_KMJFXX_c016_left_f005168.jpg,1
20260828_045227_KGZCBP_c023_left_f000217.jpg,1
20260828_045227_KGZCBP_c023_right_f001357.jpg,1
20260828_050912_HEWGMV_c003_left_f004410.jpg,1
20260828_051658_QNFBAQ_c001_right_f003262.jpg,1
20260828_053614_YSTPQY_c036_left_f001807.jpg,1
20260828_053614_YSTPQY_c036_left_f003608.jpg,1
20260828_053614_YSTPQY_c036_right_f006308.jpg,1
20260828_053642_YNMZBX_c041_right_f006308.jpg,1
20260828_053832_NXZSLJ_c036_left_f000667.jpg,1
20260828_053832_NXZSLJ_c036_left_f001567.jpg,1
20260828_053832_NXZSLJ_c036_left_f002468.jpg,1
20260828_053832_NXZSLJ_c036_right_f001357.jpg,1
20260828_053832_NXZSLJ_c036_right_f002257.jpg,1
20260828_054147_WVHJWK_c035_left_f000097.jpg,1
20260828_054147_WVHJWK_c035_left_f001567.jpg,1
20260828_054147_WVHJWK_c035_left_f004268.jpg,1
20260828_054147_WVHJWK_c035_right_f000907.jpg,1
20260828_054147_WVHJWK_c035_right_f002708.jpg,1
20260828_054147_WVHJWK_c035_right_f006308.jpg,1
20260828_063858_FHELSJ_c031_left_f001567.jpg,1
20260828_063858_FHELSJ_c031_right_f002257.jpg,1
20260828_063858_FHELSJ_c031_right_f004958.jpg,1
20260828_063858_FHELSJ_c031_right_f006308.jpg,1
20260828_064159_FENUWN_c008_left_f000097.jpg,1
20260828_064159_FENUWN_c008_left_f002468.jpg,1
20260828_064159_FENUWN_c008_right_f006758.jpg,1
20260828_064440_BAZNWQ_c002_left_f003368.jpg,1
20260828_064440_BAZNWQ_c002_left_f004268.jpg,1
20260828_070056_TQSBVX_c022_right_f002708.jpg,1
20260828_070056_TQSBVX_c022_right_f005858.jpg,1
20260828_070830_NRLJWT_c002_left_f003608.jpg,1
20260828_072609_NFTEWA_c011_left_f005168.jpg,1
20260828_074043_CJYEBE_c003_left_f002468.jpg,1
20260828_074043_CJYEBE_c003_left_f003608.jpg,1
20260828_074043_CJYEBE_c003_left_f005168.jpg,1
20260828_074043_CJYEBE_c003_right_f000907.jpg,1
20260828_075116_AZGRCY_c003_left_f000217.jpg,1
20260828_075116_AZGRCY_c003_left_f000277.jpg,1
20260828_075116_AZGRCY_c003_left_f000667.jpg,1
20260828_075116_AZGRCY_c003_left_f003368.jpg,1
20260828_075116_AZGRCY_c003_left_f005408.jpg,1
20260828_075116_AZGRCY_c003_right_f002708.jpg,1
20260828_080051_XMXQWS_c005_left_f000667.jpg,1
20260828_080051_XMXQWS_c005_right_f004058.jpg,1
20260828_082422_LWZCJJ_c015_left_f001807.jpg,1
20260828_082422_LWZCJJ_c015_right_f000457.jpg,1
20260828_082422_LWZCJJ_c015_right_f004958.jpg,1
20260828_083259_UZTULX_c004_left_f000097.jpg,1
20260828_083259_UZTULX_c004_right_f000907.jpg,1
20260828_083749_EPHAEQ_c013_left_f004268.jpg,1
20260828_083749_EPHAEQ_c013_right_f004058.jpg,1
20260828_091547_TTTGSH_c006_left_f000667.jpg,1
20260828_091547_TTTGSH_c006_right_f000907.jpg,1
20260828_091547_TTTGSH_c006_right_f004958.jpg,1
20260828_094923_GUCCRH_c016_left_f003368.jpg,1
20260828_094923_GUCCRH_c016_right_f002257.jpg,1
20260828_101337_PWWJTM_c021_left_f004268.jpg,1
20260828_101337_PWWJTM_c021_right_f000457.jpg,1
20260828_101337_PWWJTM_c021_right_f006758.jpg,1
20260828_102046_WBXWXB_c012_right_f002257.jpg,1
20260828_103230_EHACPR_c004_right_f004508.jpg,1
20260828_103401_NWTEQU_c013_left_f002468.jpg,1
20260828_103401_NWTEQU_c013_left_f003368.jpg,1
20260828_103401_NWTEQU_c013_right_f001357.jpg,1
20260828_103401_NWTEQU_c013_right_f002708.jpg,1
20260828_104353_LYWCLV_c000_left_f000097.jpg,1
20260828_104353_LYWCLV_c000_right_f006758.jpg,1
20260828_143715_DZDAZG_c000_left_f002468.jpg,1
20260828_143715_DZDAZG_c000_right_f000457.jpg,1
20260828_143715_DZDAZG_c000_right_f006308.jpg,1
20260828_235426_ZSFGNZ_c017_right_f001357.jpg,1
20260828_235800_UZTYJG_c004_left_f003608.jpg,1
20260828_235800_UZTYJG_c004_right_f003158.jpg,1
20260828_235800_UZTYJG_c004_right_f004958.jpg,1
20260829_001222_HLEWUY_c010_left_f000100.jpg,1
20260829_001222_HLEWUY_c010_left_f004410.jpg,1
20260829_001222_HLEWUY_c010_right_f003262.jpg,1
20260829_002751_AFXPKF_c009_left_f005340.jpg,1
20260829_002751_AFXPKF_c009_right_f000937.jpg,1
20260829_002751_AFXPKF_c009_right_f004658.jpg,1
20260829_002751_AFXPKF_c009_right_f006053.jpg,1
20260829_003214_TRVHBE_c022_right_f002257.jpg,1
20260829_003503_YSKUAK_c030_right_f003158.jpg,1
20260829_003503_YSKUAK_c030_right_f006758.jpg,1
20260829_004805_EUMQMC_c026_right_f004958.jpg,1
20260829_004805_EUMQMC_c026_right_f005858.jpg,1
20260829_014947_WPBQDK_c006_left_f005340.jpg,1
20260829_014947_WPBQDK_c006_left_f005588.jpg,1
20260829_015704_WLQNJP_c018_left_f002468.jpg,1
20260829_015704_WLQNJP_c018_right_f002708.jpg,1
20260829_015704_WLQNJP_c018_right_f006758.jpg,1
20260829_020311_UMYJPT_c007_left_f000286.jpg,1
20260829_020311_UMYJPT_c007_left_f001619.jpg,1
20260829_022717_YELRWY_c015_left_f000217.jpg,1
20260829_023554_JREEWL_c001_left_f002468.jpg,1
20260829_023554_JREEWL_c001_right_f002258.jpg,1
20260829_023701_EWVAFB_c014_left_f005408.jpg,1
20260829_023701_EWVAFB_c014_right_f004958.jpg,1
20260829_024027_TQSSBG_c003_left_f001807.jpg,1
20260829_024140_TDQHAE_c012_right_f000457.jpg,1
20260829_024140_TDQHAE_c012_right_f003158.jpg,1
20260829_034906_GKXATR_c000_left_f001619.jpg,1
20260829_041413_FEYQED_c005_right_f002257.jpg,1
20260829_041413_FEYQED_c005_right_f004508.jpg,1
20260829_041928_ZYXXUS_c007_right_f006053.jpg,1
20260829_050241_CUCRFD_c044_left_f000217.jpg,1
20260829_050241_CUCRFD_c044_right_f000907.jpg,1
20260829_050241_CUCRFD_c044_right_f006758.jpg,1
20260829_051240_NPXSGB_c041_right_f004958.jpg,1
20260829_051240_NPXSGB_c041_right_f006308.jpg,1
20260829_053734_UFRBTF_c039_right_f000457.jpg,1
20260829_053734_UFRBTF_c039_right_f006308.jpg,1
20260829_053734_UFRBTF_c039_right_f006758.jpg,1
20260829_054131_AFDFPL_c035_left_f003608.jpg,1
20260829_054131_AFDFPL_c035_right_f001357.jpg,1
20260829_054543_NWXWEU_c002_left_f001567.jpg,1
20260829_054543_NWXWEU_c002_right_f004508.jpg,1
20260829_054543_NWXWEU_c002_right_f006758.jpg,1
20260829_060534_HPEWQL_c012_right_f006308.jpg,1
20260829_061518_AVQZNU_c011_left_f001807.jpg,1
20260829_062250_AQPZNU_c029_left_f000217.jpg,1
20260829_062250_AQPZNU_c029_left_f000277.jpg,1
20260829_082600_FVVFYD_c009_left_f000667.jpg,1
20260829_082600_FVVFYD_c009_left_f001567.jpg,1
20260829_082600_FVVFYD_c009_right_f000457.jpg,1
20260829_082600_FVVFYD_c009_right_f000907.jpg,1
20260829_085115_EAYUZH_c014_left_f000097.jpg,1
20260829_085115_EAYUZH_c014_left_f001567.jpg,1
20260829_085115_EAYUZH_c014_left_f004268.jpg,1
20260829_090814_LSJSTQ_c002_right_f002257.jpg,1
20260829_090814_LSJSTQ_c002_right_f004958.jpg,1
20260829_091949_YFXGWF_c007_right_f002257.jpg,1
20260829_091949_YFXGWF_c007_right_f003158.jpg,1
20260829_103255_VRRUQN_c018_right_f004058.jpg,1
20260829_103327_PPNTDM_c028_left_f000217.jpg,1
20260829_103327_PPNTDM_c028_left_f005168.jpg,1
20260829_103327_PPNTDM_c028_right_f001357.jpg,1
20260829_110758_ANUAJX_c000_right_f000907.jpg,1
20260829_110758_ANUAJX_c000_right_f003158.jpg,1
20260829_232342_GUCZZP_c000_right_f002329.jpg,1
20260829_233111_PBNXRB_c039_left_f001567.jpg,1
20260829_235412_EMKUCC_c036_left_f000667.jpg,1
20260829_235412_EMKUCC_c036_left_f004268.jpg,1
20260829_235412_EMKUCC_c036_right_f000907.jpg,1
20260829_235412_EMKUCC_c036_right_f001357.jpg,1
20260830_010211_SCRTDF_c010_left_f000277.jpg,1
20260830_010211_SCRTDF_c010_right_f002708.jpg,1
20260830_011222_DJPYRV_c027_left_f003368.jpg,1
20260830_011222_DJPYRV_c027_left_f004268.jpg,1
20260830_011222_DJPYRV_c027_right_f004058.jpg,1
20260830_020614_DYZDJJ_c004_left_f002468.jpg,1
20260830_020614_DYZDJJ_c004_left_f003368.jpg,1
20260830_020614_DYZDJJ_c004_right_f000907.jpg,1
20260830_022329_PYVUVZ_c002_left_f000667.jpg,1
20260830_022329_PYVUVZ_c002_left_f003368.jpg,1
20260830_022329_PYVUVZ_c002_right_f000457.jpg,1
20260830_022329_PYVUVZ_c002_right_f001357.jpg,1
20260830_022329_PYVUVZ_c002_right_f002257.jpg,1
20260830_022329_PYVUVZ_c002_right_f004058.jpg,1
20260830_022925_HMKLXQ_c014_left_f004268.jpg,1
20260830_030004_LRVTXJ_c000_left_f001807.jpg,1
20260830_030004_LRVTXJ_c000_left_f003608.jpg,1
20260830_030004_LRVTXJ_c000_right_f000907.jpg,1
20260830_030004_LRVTXJ_c000_right_f004508.jpg,1
20260830_030004_LRVTXJ_c000_right_f006308.jpg,1
20260830_051129_RRNTTC_c043_right_f002258.jpg,1
20260830_051129_RRNTTC_c043_right_f002708.jpg,1
20260830_051129_RRNTTC_c043_right_f003158.jpg,1
20260830_051129_RRNTTC_c043_right_f005858.jpg,1
20260830_051129_RRNTTC_c043_right_f006308.jpg,1
20260830_051928_RNEVHC_c002_left_f000667.jpg,1
20260830_051928_RNEVHC_c002_left_f002468.jpg,1
20260830_051928_RNEVHC_c002_right_f003158.jpg,1
20260830_052632_DSPLWZ_c023_right_f000907.jpg,1
20260830_052632_DSPLWZ_c023_right_f004508.jpg,1
20260830_052632_DSPLWZ_c023_right_f005858.jpg,1
20260830_052632_DSPLWZ_c023_right_f006758.jpg,1
20260830_053235_AAYXLG_c006_left_f001807.jpg,1
20260830_062239_FADXXT_c000_right_f000472.jpg,1
20260830_062239_FADXXT_c000_right_f003262.jpg,1
20260830_064910_GHVZDC_c006_right_f006308.jpg,1
20260830_064910_GHVZDC_c006_right_f006758.jpg,1
20260830_065502_JJRKHB_c004_right_f000907.jpg,1
20260830_065502_JJRKHB_c004_right_f004508.jpg,1
20260830_072055_QBAJRS_c000_left_f003479.jpg,1
20260830_072055_QBAJRS_c000_right_f004193.jpg,1
20260830_080044_YBQFBS_c018_left_f005168.jpg,1
20260830_080044_YBQFBS_c018_right_f005858.jpg,1
20260830_083641_DBHYMG_c002_right_f002257.jpg,1
20260830_083641_DBHYMG_c002_right_f006308.jpg,1
20260830_092021_EHHULS_c000_left_f004268.jpg,1
20260830_092021_EHHULS_c000_right_f004958.jpg,1
20260830_093124_TYALDZ_c004_left_f000097.jpg,1
20260830_093124_TYALDZ_c004_right_f001357.jpg,1
20260830_093124_TYALDZ_c004_right_f002708.jpg,1
20260830_093124_TYALDZ_c004_right_f003158.jpg,1
20260830_093124_TYALDZ_c004_right_f004958.jpg,1
20260830_095348_PRSENQ_c003_right_f001357.jpg,1
20260830_095921_VCYCMF_c000_right_f002257.jpg,1
20260830_100211_UNBAAT_c003_right_f004658.jpg,1
20260830_151941_XQUUYH_c003_left_f003368.jpg,1
20260830_232234_CCLFNF_c010_right_f001357.jpg,1
20260830_232234_CCLFNF_c010_right_f004058.jpg,1
20260830_232234_CCLFNF_c010_right_f006758.jpg,1
20260831_000525_FAULDU_c036_left_f000217.jpg,1
20260831_000525_FAULDU_c036_left_f005168.jpg,1
20260831_000525_FAULDU_c036_right_f006758.jpg,1
20260831_001447_BZSPHD_c019_right_f003262.jpg,1
20260831_001745_KGFGGX_c003_right_f006983.jpg,1
20260831_002404_ZVKKSE_c001_right_f000472.jpg,1
20260831_004205_VYSJDA_c031_left_f005408.jpg,1
20260831_004205_VYSJDA_c031_right_f005858.jpg,1
20260831_004205_VYSJDA_c031_right_f006758.jpg,1
20260831_004208_GKCUJA_c023_right_f002708.jpg,1
20260831_004253_THTSRD_c032_right_f006758.jpg,1
20260831_010131_HWAWDC_c007_left_f003368.jpg,1
20260831_010131_HWAWDC_c007_right_f006758.jpg,1
20260831_010510_PXAHQS_c000_left_f000667.jpg,1
20260831_011220_TAWPJN_c023_left_f003608.jpg,1
20260831_011220_TAWPJN_c023_right_f000457.jpg,1
20260831_011220_TAWPJN_c023_right_f006308.jpg,1
20260831_012204_UVAGDN_c010_left_f000217.jpg,1
20260831_022244_KCFPUR_c013_left_f004268.jpg,1
20260831_022959_SYLPBT_c009_left_f002549.jpg,1
20260831_030340_SMDMVH_c005_left_f000097.jpg,1
20260831_030340_SMDMVH_c005_left_f003368.jpg,1
20260831_030340_SMDMVH_c005_right_f000907.jpg,1
20260831_030340_SMDMVH_c005_right_f002257.jpg,1
20260831_030340_SMDMVH_c005_right_f005852.jpg,1
20260831_030340_SMDMVH_c005_right_f006752.jpg,1
20260831_033946_VHWCQA_c005_left_f001567.jpg,1
20260831_033946_VHWCQA_c005_left_f001807.jpg,1
20260831_033946_VHWCQA_c005_left_f005168.jpg,1
20260831_033946_VHWCQA_c005_right_f003158.jpg,1
20260831_033946_VHWCQA_c005_right_f004958.jpg,1
20260831_035132_DAMCZR_c000_left_f000097.jpg,1
20260831_035132_DAMCZR_c000_right_f005858.jpg,1
20260831_035611_EPTUDB_c000_right_f002708.jpg,1
20260831_035611_EPTUDB_c000_right_f003158.jpg,1
20260831_035611_EPTUDB_c000_right_f004508.jpg,1
20260831_035611_EPTUDB_c000_right_f004958.jpg,1
20260831_035611_EPTUDB_c000_right_f006308.jpg,1
20260831_040612_PMGBHD_c001_left_f001567.jpg,1
20260831_040612_PMGBHD_c001_left_f005168.jpg,1
20260831_040612_PMGBHD_c001_right_f004958.jpg,1
20260831_040659_LGAAUD_c004_left_f001807.jpg,1
20260831_041538_HKPQVY_c000_left_f003608.jpg,1
20260831_041904_RUWXAN_c003_right_f001402.jpg,1
20260831_051114_VLJDTQ_c026_left_f000277.jpg,1
20260831_051114_VLJDTQ_c026_right_f004958.jpg,1
20260831_051356_ETTYRB_c014_left_f005168.jpg,1
20260831_051356_ETTYRB_c014_left_f005408.jpg,1
20260831_051356_ETTYRB_c014_right_f001357.jpg,1
20260831_051356_ETTYRB_c014_right_f003158.jpg,1
20260831_051356_ETTYRB_c014_right_f006308.jpg,1
20260831_051711_EWVVSG_c005_right_f004508.jpg,1
20260831_051711_EWVVSG_c005_right_f004958.jpg,1
20260831_053344_CDLFHL_c029_left_f000277.jpg,1
20260831_053344_CDLFHL_c029_left_f005408.jpg,1
20260831_054321_YRZHCS_c037_left_f000277.jpg,1
20260831_054321_YRZHCS_c037_left_f002468.jpg,1
20260831_054321_YRZHCS_c037_right_f000457.jpg,1
20260831_060916_JNYLTZ_c017_right_f000907.jpg,1
20260831_063115_GAUFKF_c001_right_f004958.jpg,1
20260831_070650_ZSASWG_c002_left_f000097.jpg,1
20260831_070650_ZSASWG_c002_left_f000217.jpg,1
20260831_070650_ZSASWG_c002_left_f003368.jpg,1
20260831_070650_ZSASWG_c002_right_f003158.jpg,1
20260831_070650_ZSASWG_c002_right_f004058.jpg,1
20260831_071058_AJSWYY_c003_left_f001807.jpg,1
20260831_071058_AJSWYY_c003_left_f002468.jpg,1
20260831_071058_AJSWYY_c003_left_f004268.jpg,1
20260831_071058_AJSWYY_c003_right_f002708.jpg,1
20260831_071535_MKKEDF_c005_left_f002468.jpg,1
20260831_071831_TMYTLE_c010_right_f001402.jpg,1
20260831_072603_ZNMNVU_c006_left_f004268.jpg,1
20260831_072603_ZNMNVU_c006_right_f006758.jpg,1
20260831_074431_LTHNPX_c010_right_f006053.jpg,1
20260831_074443_QBQNNA_c009_right_f006518.jpg,1
20260831_081256_LKRHRC_c002_left_f004268.jpg,1
20260831_082148_TBNJLP_c009_left_f003479.jpg,1
20260831_090720_TUKKMA_c003_left_f001567.jpg,1
20260831_090720_TUKKMA_c003_left_f003608.jpg,1
20260831_090720_TUKKMA_c003_right_f002708.jpg,1
20260831_092659_ZDDAJJ_c001_left_f000097.jpg,1
20260831_092659_ZDDAJJ_c001_left_f005168.jpg,1
20260831_092659_ZDDAJJ_c001_right_f006758.jpg,1
20260831_094621_YJXSXB_c016_right_f004508.jpg,1
20260831_100204_NKZPCE_c017_left_f005168.jpg,1
20260831_100204_NKZPCE_c017_right_f000907.jpg,1
20260831_100204_NKZPCE_c017_right_f005858.jpg,1
20260831_115539_GRZTRJ_c000_left_f001567.jpg,1
20260831_135713_RGCHCA_c007_left_f003368.jpg,1
20260831_164710_JCCMAL_c002_right_f000472.jpg,1
20260831_165701_MAANPJ_c001_left_f004410.jpg,1
20260831_165701_MAANPJ_c001_right_f001402.jpg,1
20260831_165701_MAANPJ_c001_right_f004193.jpg,1
20260831_165701_MAANPJ_c001_right_f006983.jpg,1
20260831_234429_JCDHFE_c003_left_f000097.jpg,1
20260831_234429_JCDHFE_c003_left_f000217.jpg,1
20260831_234429_JCDHFE_c003_right_f000907.jpg,1
20260831_235312_PBLTYE_c039_left_f005168.jpg,1
20260831_235312_PBLTYE_c039_right_f002708.jpg,1
20260901_000648_KBDMBF_c037_left_f004268.jpg,1
20260901_003209_DPHSBS_c020_left_f002468.jpg,1
20260901_003209_DPHSBS_c020_left_f003368.jpg,1
20260901_003209_DPHSBS_c020_right_f000457.jpg,1
20260901_003209_DPHSBS_c020_right_f000907.jpg,1
20260901_003209_DPHSBS_c020_right_f004058.jpg,1
20260901_004846_WXXURE_c010_left_f005168.jpg,1
20260901_004846_WXXURE_c010_left_f005408.jpg,1
20260901_011848_EFGVQH_c001_left_f000286.jpg,1
20260901_012843_STTCDJ_c001_left_f000277.jpg,1
20260901_012843_STTCDJ_c001_left_f004268.jpg,1
20260901_012843_STTCDJ_c001_right_f004508.jpg,1
20260901_012843_STTCDJ_c001_right_f005858.jpg,1
20260901_013940_JJVXSS_c018_left_f000277.jpg,1
20260901_013940_JJVXSS_c018_left_f003368.jpg,1
20260901_013940_JJVXSS_c018_left_f003608.jpg,1
20260901_013940_JJVXSS_c018_right_f002708.jpg,1
20260901_020909_RHGFPL_c018_left_f005168.jpg,1
20260901_020909_RHGFPL_c018_right_f000457.jpg,1
20260901_020909_RHGFPL_c018_right_f002708.jpg,1
20260901_020909_RHGFPL_c018_right_f006308.jpg,1
20260901_021423_DXACKU_c006_left_f000689.jpg,1
20260901_022507_LUXEZX_c000_left_f004268.jpg,1
20260901_022507_LUXEZX_c000_right_f002708.jpg,1
20260901_022507_LUXEZX_c000_right_f006758.jpg,1
20260901_023748_FCLNDH_c002_right_f000457.jpg,1
20260901_023748_FCLNDH_c002_right_f002257.jpg,1
20260901_024106_GCWKMG_c014_right_f000907.jpg,1
20260901_024106_GCWKMG_c014_right_f004508.jpg,1
20260901_034846_XSVJKP_c001_right_f000907.jpg,1
20260901_045648_CSFCSE_c004_left_f001619.jpg,1
20260901_045949_YYHUFP_c004_right_f002797.jpg,1
20260901_051848_MYAKGM_c005_left_f003608.jpg,1
20260901_053003_RTKWNK_c046_left_f000217.jpg,1
20260901_053003_RTKWNK_c046_right_f004508.jpg,1
20260901_053507_CJWWXS_c036_left_f003608.jpg,1
20260901_053507_CJWWXS_c036_right_f000457.jpg,1
20260901_053507_CJWWXS_c036_right_f003158.jpg,1
20260901_054800_XRDALZ_c000_left_f001567.jpg,1
20260901_060831_NQBGFX_c017_left_f003368.jpg,1
20260901_060831_NQBGFX_c017_left_f005168.jpg,1
20260901_060831_NQBGFX_c017_right_f002708.jpg,1
20260901_060831_NQBGFX_c017_right_f003158.jpg,1
20260901_060831_NQBGFX_c017_right_f004058.jpg,1
20260901_060831_NQBGFX_c017_right_f004958.jpg,1
20260901_061026_ETUSYT_c002_right_f000937.jpg,1
20260901_061141_KUJMFB_c001_right_f004508.jpg,1
20260901_061141_KUJMFB_c001_right_f004958.jpg,1
20260901_063451_MFALPV_c025_left_f000667.jpg,1
20260901_063451_MFALPV_c025_right_f002708.jpg,1
20260901_065427_NYXHDL_c012_left_f003368.jpg,1
20260901_070007_RPJKFD_c006_right_f002708.jpg,1
20260901_070406_LCURRM_c003_right_f000457.jpg,1
20260901_070406_LCURRM_c003_right_f000907.jpg,1
20260901_070414_RLYNQX_c022_left_f002468.jpg,1
20260901_070414_RLYNQX_c022_left_f004268.jpg,1
20260901_070735_BRSUXQ_c001_left_f002467.jpg,1
20260901_070735_BRSUXQ_c001_right_f001357.jpg,1
20260901_070735_BRSUXQ_c001_right_f004958.jpg,1
20260901_071249_WYABPP_c011_left_f000217.jpg,1
20260901_071249_WYABPP_c011_left_f000277.jpg,1
20260901_071249_WYABPP_c011_left_f000667.jpg,1
20260901_071249_WYABPP_c011_right_f001357.jpg,1
20260901_074153_KZKUDH_c003_left_f003368.jpg,1
20260901_074153_KZKUDH_c003_right_f002708.jpg,1
20260901_074956_EFVXML_c000_left_f001807.jpg,1
20260901_074956_EFVXML_c000_right_f000907.jpg,1
20260901_075009_QUSNWD_c000_left_f000667.jpg,1
20260901_075009_QUSNWD_c000_left_f004268.jpg,1
20260901_082058_GCUNHQ_c005_right_f000472.jpg,1
20260901_103801_ERZLEN_c000_left_f001867.jpg,1
20260901_103801_ERZLEN_c000_right_f001402.jpg,1
20260901_104545_XXSJBG_c001_right_f002257.jpg,1
20260901_104545_XXSJBG_c001_right_f002708.jpg,1
20260901_105043_AHBDGQ_c006_left_f001567.jpg,1
20260901_105043_AHBDGQ_c006_right_f004958.jpg,1
20260901_105043_AHBDGQ_c006_right_f006758.jpg,1
20260901_105324_MJKLTK_c006_right_f002708.jpg,1
20260901_124230_BQFRNM_c002_left_f005408.jpg,1
20260901_124230_BQFRNM_c002_right_f001357.jpg,1
20260901_165930_UWRQJF_c000_left_f000217.jpg,1
20260901_165930_UWRQJF_c000_left_f002468.jpg,1
20260902_001927_MMFVVB_c013_left_f000217.jpg,1
20260902_001927_MMFVVB_c013_left_f002468.jpg,1
20260902_001927_MMFVVB_c013_left_f005168.jpg,1
20260902_001927_MMFVVB_c013_right_f002257.jpg,1
20260902_001927_MMFVVB_c013_right_f005858.jpg,1
20260902_010028_BXHXXK_c029_right_f001357.jpg,1
20260902_010028_BXHXXK_c029_right_f004508.jpg,1
20260902_010028_BXHXXK_c029_right_f006308.jpg,1
20260902_011506_ESMZSP_c025_left_f000277.jpg,1
20260902_013615_FGPTBX_c014_right_f004058.jpg,1
20260902_022619_FWRYWJ_c010_left_f005408.jpg,1
20260902_022619_FWRYWJ_c010_right_f002257.jpg,1
20260902_022619_FWRYWJ_c010_right_f005858.jpg,1
20260902_032017_ESPDEN_c003_left_f000217.jpg,1
20260902_032017_ESPDEN_c003_left_f000277.jpg,1
20260902_032017_ESPDEN_c003_left_f001807.jpg,1
20260902_032017_ESPDEN_c003_left_f003608.jpg,1
20260902_032017_ESPDEN_c003_right_f002257.jpg,1
20260902_032017_ESPDEN_c003_right_f004508.jpg,1
20260902_032235_LHKVTP_c011_left_f003608.jpg,1
20260902_032235_LHKVTP_c011_right_f001357.jpg,1
20260902_032235_LHKVTP_c011_right_f004058.jpg,1
20260902_032235_LHKVTP_c011_right_f005858.jpg,1
20260902_033744_CLDBLC_c007_left_f000097.jpg,1
20260902_033744_CLDBLC_c007_left_f001567.jpg,1
20260902_033744_CLDBLC_c007_left_f001807.jpg,1
20260902_033744_CLDBLC_c007_left_f005168.jpg,1
20260902_033744_CLDBLC_c007_right_f005858.jpg,1
20260902_041849_KRQSWH_c050_left_f001567.jpg,1
20260902_041849_KRQSWH_c050_left_f003368.jpg,1
20260902_041849_KRQSWH_c050_left_f005168.jpg,1
20260902_041849_KRQSWH_c050_right_f004958.jpg,1
20260902_045116_KJKFPV_c040_right_f000457.jpg,1
20260902_045116_KJKFPV_c040_right_f000907.jpg,1
20260902_052747_XPECFS_c039_left_f000667.jpg,1
20260902_052747_XPECFS_c039_left_f001567.jpg,1
20260902_052747_XPECFS_c039_right_f001357.jpg,1
20260902_053718_TNYHLA_c034_left_f003608.jpg,1
20260902_053718_TNYHLA_c034_right_f002257.jpg,1
20260902_053718_TNYHLA_c034_right_f004508.jpg,1
20260902_053718_TNYHLA_c034_right_f006758.jpg,1
20260902_054129_DCXUQG_c003_left_f000667.jpg,1
20260902_054129_DCXUQG_c003_left_f003368.jpg,1
20260902_054129_DCXUQG_c003_right_f000907.jpg,1
20260902_060616_UWSYUE_c025_left_f000667.jpg,1
20260902_060616_UWSYUE_c025_left_f003368.jpg,1
20260902_060616_UWSYUE_c025_right_f003158.jpg,1
20260902_062237_WPZBTT_c031_left_f000667.jpg,1
20260902_062237_WPZBTT_c031_right_f001357.jpg,1
20260902_062237_WPZBTT_c031_right_f004058.jpg,1
20260902_065010_VLCQQE_c001_left_f000217.jpg,1
20260902_065010_VLCQQE_c001_left_f001567.jpg,1
20260902_065010_VLCQQE_c001_right_f000457.jpg,1
20260902_065010_VLCQQE_c001_right_f002257.jpg,1
20260902_070326_USETBV_c019_right_f004508.jpg,1
20260902_090051_BHQJLF_c009_right_f000472.jpg,1
20260902_090051_BHQJLF_c009_right_f004658.jpg,1
20260902_101148_TDSFQM_c005_right_f003158.jpg,1
20260902_101148_TDSFQM_c005_right_f004508.jpg,1
20260902_101148_TDSFQM_c005_right_f005858.jpg,1
20260902_101148_TDSFQM_c005_right_f006758.jpg,1
20260902_103201_EWCWCE_c006_left_f001807.jpg,1
20260902_103201_EWCWCE_c006_left_f005168.jpg,1
20260902_103201_EWCWCE_c006_right_f000457.jpg,1
20260902_103201_EWCWCE_c006_right_f006308.jpg,1
20260902_103249_HFKZXU_c019_left_f002468.jpg,1
20260902_103249_HFKZXU_c019_left_f004268.jpg,1
20260902_103249_HFKZXU_c019_right_f001357.jpg,1
20260902_103249_HFKZXU_c019_right_f004058.jpg,1
20260902_103249_HFKZXU_c019_right_f005858.jpg,1
20260902_103943_JMTASU_c002_right_f006308.jpg,1
20260919_172644_XGCNVK_c001_left_f002549.jpg,1
