epoch,step,train/cardinality_error,train/cardinality_error_0,train/cardinality_error_1,train/cardinality_error_2,train/cardinality_error_3,train/cardinality_error_enc,train/class_error,train/loss,train/loss_bbox,train/loss_bbox_aux,train/loss_ce,train/loss_ce_aux,train/loss_giou,train/loss_giou_aux,train/lr,train/lr_max,train/lr_min,val/F1,val/ema_mAP_50,val/ema_mAP_50_95,val/ema_mAP_75,val/ema_mAR,val/mAP_50,val/mAP_50_95,val/mAP_75,val/mAR,val/precision,val/recall
0,49,,,,,,,,,,,,,,,1.0335372735426063e-06,1.0335372735426063e-06,3.34097549625767e-08,,,,,,,,,,,
0,99,,,,,,,,,,,,,,,2.0881670934613794e-06,2.0881670934613794e-06,6.750133962896143e-08,,,,,,,,,,,
0,149,,,,,,,,,,,,,,,3.1427969133801525e-06,3.1427969133801525e-06,1.0159292429534617e-07,,,,,,,,,,,
0,199,,,,,,,,,,,,,,,4.197426733298926e-06,4.197426733298926e-06,1.3568451606715826e-07,,,,,,,,,,,
0,249,,,,,,,,,,,,,,,5.252056325844023e-06,5.252056325844023e-06,1.69776100733543e-07,,,,,,,,,,,
0,299,,,,,,,,,,,,,,,6.306686373136472e-06,6.306686373136472e-06,2.0386768539992772e-07,,,,,,,,,,,
0,349,,,,,,,,,,,,,,,7.36131596568157e-06,7.36131596568157e-06,2.3795927006631246e-07,,,,,,,,,,,
0,399,,,,,,,,,,,,,,,8.415945558226667e-06,8.415945558226667e-06,2.720508689435519e-07,,,,,,,,,,,
0,449,,,,,,,,,,,,,,,9.470575605519116e-06,9.470575605519116e-06,3.0614245360993664e-07,,,,,,,,,,,
0,499,,,,,,,,,,,,,,,1.0525205652811565e-05,1.0525205652811565e-05,3.4023403827632137e-07,,,,,,,,,,,
0,549,,,,,,,,,,,,,,,1.1579835700104013e-05,1.1579835700104013e-05,3.743256229427061e-07,,,,,,,,,,,
0,599,,,,,,,,,,,,,,,1.2634465747396462e-05,1.2634465747396462e-05,4.0841720760909084e-07,,,,,,,,,,,
0,649,,,,,,,,,,,,,,,1.3689094885194208e-05,1.3689094885194208e-05,4.4250879227547557e-07,,,,,,,,,,,
0,699,,,,,,,,,,,,,,,1.4743724932486657e-05,1.4743724932486657e-05,4.766003769418603e-07,,,,,,,,,,,
0,749,,,,,,,,,,,,,,,1.5798354070284404e-05,1.5798354070284404e-05,5.10691961608245e-07,,,,,,,,,,,
0,799,,,,,,,,,,,,,,,1.6852984117576852e-05,1.6852984117576852e-05,5.447835178529203e-07,,,,,,,,,,,
0,849,,,,,,,,,,,,,,,1.79076141648693e-05,1.79076141648693e-05,5.788751309410145e-07,,,,,,,,,,,
0,899,,,,,,,,,,,,,,,1.896224421216175e-05,1.896224421216175e-05,6.129667440291087e-07,,,,,,,,,,,
0,949,,,,,,,,,,,,,,,2.0016874259454198e-05,2.0016874259454198e-05,6.47058300273784e-07,,,,,,,,,,,
0,999,,,,,,,,,,,,,,,2.1071504306746647e-05,2.1071504306746647e-05,6.811499133618781e-07,,,,,,,,,,,
0,1049,,,,,,,,,,,,,,,2.2126134354039095e-05,2.2126134354039095e-05,7.152414696065534e-07,,,,,,,,,,,
0,1099,,,,,,,,,,,,,,,2.3180764401331544e-05,2.3180764401331544e-05,7.493330826946476e-07,,,,,,,,,,,
0,1149,,,,,,,,,,,,,,,2.423539262963459e-05,2.423539262963459e-05,7.834246389393229e-07,,,,,,,,,,,
0,1199,,,,,,,,,,,,,,,2.5290022676927038e-05,2.5290022676927038e-05,8.175162520274171e-07,,,,,,,,,,,
0,1249,,,,,,,,,,,,,,,2.6344652724219486e-05,2.6344652724219486e-05,8.516078082720924e-07,,,,,,,,,,,
0,1299,,,,,,,,,,,,,,,2.7399282771511935e-05,2.7399282771511935e-05,8.856994213601865e-07,,,,,,,,,,,
0,1349,,,,,,,,,,,,,,,2.8453912818804383e-05,2.8453912818804383e-05,9.197909776048618e-07,,,,,,,,,,,
0,1399,,,,,,,,,,,,,,,2.9508542866096832e-05,2.9508542866096832e-05,9.53882590692956e-07,,,,,,,,,,,
0,1449,,,,,,,,,,,,,,,3.056317291338928e-05,3.056317291338928e-05,9.879742037810502e-07,,,,,,,,,,,
0,1499,,,,,,,,,,,,,,,3.1617801141692325e-05,3.1617801141692325e-05,1.0220657031823066e-06,,,,,,,,,,,
0,1549,,,,,,,,,,,,,,,3.267243300797418e-05,3.267243300797418e-05,1.0561573162704008e-06,,,,,,,,,,,
0,1599,,,,,,,,,,,,,,,3.372706123627722e-05,3.372706123627722e-05,1.090248929358495e-06,,,,,,,,,,,
0,1649,,,,,,,,,,,,,,,3.4781693102559075e-05,3.4781693102559075e-05,1.124340542446589e-06,,,,,,,,,,,
0,1699,,,,,,,,,,,,,,,3.583632133086212e-05,3.583632133086212e-05,1.1584320418478455e-06,,,,,,,,,,,
0,1749,,,,,,,,,,,,,,,3.6890949559165165e-05,3.6890949559165165e-05,1.1925236549359397e-06,,,,,,,,,,,
0,1799,,,,,,,,,,,,,,,3.794558142544702e-05,3.794558142544702e-05,1.2266152680240339e-06,,,,,,,,,,,
0,1849,,,,,,,,,,,,,,,3.900020965375006e-05,3.900020965375006e-05,1.260706881112128e-06,,,,,,,,,,,
0,1899,,,,,,,,,,,,,,,4.0054841520031914e-05,4.0054841520031914e-05,1.2947983805133845e-06,,,,,,,,,,,
0,1949,,,,,,,,,,,,,,,4.110946974833496e-05,4.110946974833496e-05,1.3288899936014786e-06,,,,,,,,,,,
0,1999,,,,,,,,,,,,,,,4.216410161461681e-05,4.216410161461681e-05,1.3629816066895728e-06,,,,,,,,,,,
0,2049,,,,,,,,,,,,,,,4.3218729842919856e-05,4.3218729842919856e-05,1.397073219777667e-06,,,,,,,,,,,
0,2099,,,,,,,,,,,,,,,4.427336170920171e-05,4.427336170920171e-05,1.4311648328657611e-06,,,,,,,,,,,
0,2149,,,,,,,,,,,,,,,4.5327989937504753e-05,4.5327989937504753e-05,1.4652563322670176e-06,,,,,,,,,,,
0,2199,,,,,,,,,,,,,,,4.63826181658078e-05,4.63826181658078e-05,1.4993479453551117e-06,,,,,,,,,,,
0,2249,,,,,,,,,,,,,,,4.743725003208965e-05,4.743725003208965e-05,1.533439558443206e-06,,,,,,,,,,,
0,2299,,,,,,,,,,,,,,,4.8491878260392696e-05,4.8491878260392696e-05,1.5675311715313e-06,,,,,,,,,,,
0,2349,,,,,,,,,,,,,,,4.954651012667455e-05,4.954651012667455e-05,1.6016226709325565e-06,,,,,,,,,,,
0,2399,,,,,,,,,,,,,,,5.060113835497759e-05,5.060113835497759e-05,1.6357142840206507e-06,,,,,,,,,,,
0,2449,,,,,,,,,,,,,,,5.1655770221259445e-05,5.1655770221259445e-05,1.6698058971087448e-06,,,,,,,,,,,
0,2499,,,,,,,,,,,,,,,5.271039844956249e-05,5.271039844956249e-05,1.703897510196839e-06,,,,,,,,,,,
0,2549,,,,,,,,,,,,,,,5.3765026677865535e-05,5.3765026677865535e-05,1.7379890095980954e-06,,,,,,,,,,,
0,2599,,,,,,,,,,,,,,,5.481965854414739e-05,5.481965854414739e-05,1.7720806226861896e-06,,,,,,,,,,,
0,2649,,,,,,,,,,,,,,,5.587428677245043e-05,5.587428677245043e-05,1.8061722357742838e-06,,,,,,,,,,,
0,2699,,,,,,,,,,,,,,,5.6928918638732284e-05,5.6928918638732284e-05,1.840263848862378e-06,,,,,,,,,,,
0,2749,,,,,,,,,,,,,,,5.798354686703533e-05,5.798354686703533e-05,1.8743553482636344e-06,,,,,,,,,,,
0,2799,,,,,,,,,,,,,,,5.903817873331718e-05,5.903817873331718e-05,1.9084470750385663e-06,,,,,,,,,,,
0,2849,,,,,,,,,,,,,,,6.0092806961620227e-05,6.0092806961620227e-05,1.9425385744398227e-06,,,,,,,,,,,
0,2899,,,,,,,,,,,,,,,6.114743882790208e-05,6.114743882790208e-05,1.976630073841079e-06,,,,,,,,,,,
0,2949,,,,,,,,,,,,,,,6.220206705620512e-05,6.220206705620512e-05,2.010721800616011e-06,,,,,,,,,,,
0,2999,,,,,,,,,,,,,,,6.325669528450817e-05,6.325669528450817e-05,2.0448133000172675e-06,,,,,,,,,,,
0,3049,,,,,,,,,,,,,,,6.431132351281121e-05,6.431132351281121e-05,2.0789050267921994e-06,,,,,,,,,,,
0,3099,,,,,,,,,,,,,,,6.536595901707187e-05,6.536595901707187e-05,2.112996526193456e-06,,,,,,,,,,,
0,3149,,,,,,,,,,,,,,,6.642058724537492e-05,6.642058724537492e-05,2.1470880255947122e-06,,,,,,,,,,,
0,3199,,,,,,,,,,,,,,,6.747521547367796e-05,6.747521547367796e-05,2.181179752369644e-06,,,,,,,,,,,
0,3249,,,,,,,,,,,,,,,6.852984370198101e-05,6.852984370198101e-05,2.2152712517709006e-06,,,,,,,,,,,
0,3299,,,,,,,,,,,,,,,6.958447920624167e-05,6.958447920624167e-05,2.249362751172157e-06,,,,,,,,,,,
0,3349,,,,,,,,,,,,,,,7.063910743454471e-05,7.063910743454471e-05,2.283454477947089e-06,,,,,,,,,,,
0,3399,,,,,,,,,,,,,,,7.169373566284776e-05,7.169373566284776e-05,2.3175459773483453e-06,,,,,,,,,,,
0,3449,,,,,,,,,,,,,,,7.27483638911508e-05,7.27483638911508e-05,2.3516377041232772e-06,,,,,,,,,,,
0,3499,,,,,,,,,,,,,,,7.380299211945385e-05,7.380299211945385e-05,2.3857292035245337e-06,,,,,,,,,,,
0,3549,,,,,,,,,,,,,,,7.48576276237145e-05,7.48576276237145e-05,2.41982070292579e-06,,,,,,,,,,,
0,3599,,,,,,,,,,,,,,,7.591225585201755e-05,7.591225585201755e-05,2.453912429700722e-06,,,,,,,,,,,
0,3649,,,,,,,,,,,,,,,7.69668840803206e-05,7.69668840803206e-05,2.4880039291019784e-06,,,,,,,,,,,
0,3699,,,,,,,,,,,,,,,7.802151230862364e-05,7.802151230862364e-05,2.522095428503235e-06,,,,,,,,,,,
0,3749,,,,,,,,,,,,,,,7.90761478128843e-05,7.90761478128843e-05,2.5561871552781668e-06,,,,,,,,,,,
0,3799,,,,,,,,,,,,,,,8.013077604118735e-05,8.013077604118735e-05,2.590278654679423e-06,,,,,,,,,,,
0,3849,,,,,,,,,,,,,,,8.118540426949039e-05,8.118540426949039e-05,2.624370381454355e-06,,,,,,,,,,,
0,3899,,,,,,,,,,,,,,,8.224003249779344e-05,8.224003249779344e-05,2.6584618808556115e-06,,,,,,,,,,,
0,3949,,,,,,,,,,,,,,,8.329466072609648e-05,8.329466072609648e-05,2.692553380256868e-06,,,,,,,,,,,
0,3999,,,,,,,,,,,,,,,8.434929623035714e-05,8.434929623035714e-05,2.7266451070318e-06,,,,,,,,,,,
0,4049,,,,,,,,,,,,,,,8.540392445866019e-05,8.540392445866019e-05,2.7607366064330563e-06,,,,,,,,,,,
0,4099,,,,,,,,,,,,,,,8.645855268696323e-05,8.645855268696323e-05,2.794828333207988e-06,,,,,,,,,,,
0,4149,,,,,,,,,,,,,,,8.751318091526628e-05,8.751318091526628e-05,2.8289198326092446e-06,,,,,,,,,,,
0,4199,,,,,,,,,,,,,,,8.856780914356932e-05,8.856780914356932e-05,2.863011332010501e-06,,,,,,,,,,,
0,4249,,,,,,,,,,,,,,,8.962244464782998e-05,8.962244464782998e-05,2.897103058785433e-06,,,,,,,,,,,
0,4299,,,,,,,,,,,,,,,9.067707287613302e-05,9.067707287613302e-05,2.9311945581866894e-06,,,,,,,,,,,
0,4349,,,,,,,,,,,,,,,9.173170110443607e-05,9.173170110443607e-05,2.965286057587946e-06,,,,,,,,,,,
0,4399,,,,,,,,,,,,,,,9.278632933273911e-05,9.278632933273911e-05,2.9993777843628777e-06,,,,,,,,,,,
0,4449,,,,,,,,,,,,,,,9.384096483699977e-05,9.384096483699977e-05,3.033469283764134e-06,,,,,,,,,,,
0,4499,,,,,,,,,,,,,,,9.489559306530282e-05,9.489559306530282e-05,3.067561010539066e-06,,,,,,,,,,,
0,4549,,,,,,,,,,,,,,,9.595022129360586e-05,9.595022129360586e-05,3.1016525099403225e-06,,,,,,,,,,,
0,4599,,,,,,,,,,,,,,,9.700484952190891e-05,9.700484952190891e-05,3.135744009341579e-06,,,,,,,,,,,
0,4649,,,,,,,,,,,,,,,9.805947775021195e-05,9.805947775021195e-05,3.169835736116511e-06,,,,,,,,,,,
0,4699,,,,,,,,,,,,,,,9.911411325447261e-05,9.911411325447261e-05,3.2039272355177673e-06,,,,,,,,,,,
0,4740,,,,,,,,,,,,,,,,,,0.7853131890296936,0.8096618056297302,0.4017552137374878,0.3438307046890259,0.5410814881324768,0.8096618056297302,0.4017552137374878,0.3438307046890259,0.5410814881324768,0.8447955250740051,0.7336561679840088
0,4740,7.548855781555176,7.077014446258545,7.379271030426025,7.492802143096924,7.5456390380859375,7.033431529998779,6.933342456817627,8.94460678100586,0.01882060244679451,0.09707402437925339,0.76164311170578,3.859060764312744,0.3098374903202057,1.5623807907104492,,,,,,,,,,,,,,
1,4749,,,,,,,,,,,,,,,9.999999747378752e-05,9.999999747378752e-05,3.2325640404451406e-06,,,,,,,,,,,
1,4799,,,,,,,,,,,,,,,9.999989561038092e-05,9.999989561038092e-05,3.2325608572136844e-06,,,,,,,,,,,
1,4849,,,,,,,,,,,,,,,9.999964822782204e-05,9.999964822782204e-05,3.2325526717613684e-06,,,,,,,,,,,
1,4899,,,,,,,,,,,,,,,9.999924077419564e-05,9.999924077419564e-05,3.232539711461868e-06,,,,,,,,,,,
1,4949,,,,,,,,,,,,,,,9.999868780141696e-05,9.999868780141696e-05,3.232521748941508e-06,,,,,,,,,,,
1,4999,,,,,,,,,,,,,,,9.999797475757077e-05,9.999797475757077e-05,3.2324987842002884e-06,,,,,,,,,,,
1,5049,,,,,,,,,,,,,,,9.99971161945723e-05,9.99971161945723e-05,3.2324710446118843e-06,,,,,,,,,,,
1,5099,,,,,,,,,,,,,,,9.999610483646393e-05,9.999610483646393e-05,3.2324383028026205e-06,,,,,,,,,,,
1,5149,,,,,,,,,,,,,,,9.999494068324566e-05,9.999494068324566e-05,3.232400558772497e-06,,,,,,,,,,,
1,5199,,,,,,,,,,,,,,,9.999362373491749e-05,9.999362373491749e-05,3.232358039895189e-06,,,,,,,,,,,
1,5249,,,,,,,,,,,,,,,9.999215399147943e-05,9.999215399147943e-05,3.2323105187970214e-06,,,,,,,,,,,
1,5299,,,,,,,,,,,,,,,9.999053145293146e-05,9.999053145293146e-05,3.2322582228516694e-06,,,,,,,,,,,
1,5349,,,,,,,,,,,,,,,9.99887561192736e-05,9.99887561192736e-05,3.2322009246854577e-06,,,,,,,,,,,
1,5399,,,,,,,,,,,,,,,9.998683526646346e-05,9.998683526646346e-05,3.2321386242983863e-06,,,,,,,,,,,
1,5449,,,,,,,,,,,,,,,9.998476161854342e-05,9.998476161854342e-05,3.2320715490641305e-06,,,,,,,,,,,
1,5499,,,,,,,,,,,,,,,9.998252789955586e-05,9.998252789955586e-05,3.231999471609015e-06,,,,,,,,,,,
1,5549,,,,,,,,,,,,,,,9.998014866141602e-05,9.998014866141602e-05,3.2319223919330398e-06,,,,,,,,,,,
1,5599,,,,,,,,,,,,,,,9.997761662816629e-05,9.997761662816629e-05,3.23184053740988e-06,,,,,,,,,,,
1,5649,,,,,,,,,,,,,,,9.997493179980665e-05,9.997493179980665e-05,3.2317539080395363e-06,,,,,,,,,,,
1,5699,,,,,,,,,,,,,,,9.997209417633712e-05,9.997209417633712e-05,3.2316620490746573e-06,,,,,,,,,,,
1,5749,,,,,,,,,,,,,,,9.99691037577577e-05,9.99691037577577e-05,3.2315656426362693e-06,,,,,,,,,,,
1,5799,,,,,,,,,,,,,,,9.996596782002598e-05,9.996596782002598e-05,3.231464006603346e-06,,,,,,,,,,,
1,5849,,,,,,,,,,,,,,,9.996267181122676e-05,9.996267181122676e-05,3.2313575957232388e-06,,,,,,,,,,,
1,5899,,,,,,,,,,,,,,,9.995923028327525e-05,9.995923028327525e-05,3.2312461826222716e-06,,,,,,,,,,,
1,5949,,,,,,,,,,,,,,,9.995563596021384e-05,9.995563596021384e-05,3.23112999467412e-06,,,,,,,,,,,
1,5999,,,,,,,,,,,,,,,9.995188156608492e-05,9.995188156608492e-05,3.231008804505109e-06,,,,,,,,,,,
1,6049,,,,,,,,,,,,,,,9.994798165280372e-05,9.994798165280372e-05,3.2308828394889133e-06,,,,,,,,,,,
1,6099,,,,,,,,,,,,,,,9.994392894441262e-05,9.994392894441262e-05,3.230751872251858e-06,,,,,,,,,,,
1,6149,,,,,,,,,,,,,,,9.993973071686924e-05,9.993973071686924e-05,3.230615902793943e-06,,,,,,,,,,,
1,6199,,,,,,,,,,,,,,,9.993537241825834e-05,9.993537241825834e-05,3.2304751584888436e-06,,,,,,,,,,,
1,6249,,,,,,,,,,,,,,,9.993086860049516e-05,9.993086860049516e-05,3.2303294119628845e-06,,,,,,,,,,,
1,6299,,,,,,,,,,,,,,,9.992620471166447e-05,9.992620471166447e-05,3.2301786632160656e-06,,,,,,,,,,,
1,6349,,,,,,,,,,,,,,,9.992139530368149e-05,9.992139530368149e-05,3.2300231396220624e-06,,,,,,,,,,,
1,6399,,,,,,,,,,,,,,,9.991643310058862e-05,9.991643310058862e-05,3.229862841180875e-06,,,,,,,,,,,
1,6449,,,,,,,,,,,,,,,9.991131810238585e-05,9.991131810238585e-05,3.2296975405188277e-06,,,,,,,,,,,
1,6499,,,,,,,,,,,,,,,9.990605030907318e-05,9.990605030907318e-05,3.2295272376359208e-06,,,,,,,,,,,
1,6549,,,,,,,,,,,,,,,9.990062972065061e-05,9.990062972065061e-05,3.2293521599058295e-06,,,,,,,,,,,
1,6599,,,,,,,,,,,,,,,9.989506361307576e-05,9.989506361307576e-05,3.2291720799548784e-06,,,,,,,,,,,
1,6649,,,,,,,,,,,,,,,9.98893374344334e-05,9.98893374344334e-05,3.2289869977830676e-06,,,,,,,,,,,
1,6699,,,,,,,,,,,,,,,9.988346573663875e-05,9.988346573663875e-05,3.2287971407640725e-06,,,,,,,,,,,
1,6749,,,,,,,,,,,,,,,9.987744124373421e-05,9.987744124373421e-05,3.228602508897893e-06,,,,,,,,,,,
1,6799,,,,,,,,,,,,,,,9.987126395571977e-05,9.987126395571977e-05,3.2284026474371785e-06,,,,,,,,,,,
1,6849,,,,,,,,,,,,,,,9.986493387259543e-05,9.986493387259543e-05,3.228198238502955e-06,,,,,,,,,,,
1,6899,,,,,,,,,,,,,,,9.98584582703188e-05,9.98584582703188e-05,3.2279885999741964e-06,,,,,,,,,,,
1,6949,,,,,,,,,,,,,,,9.985182259697467e-05,9.985182259697467e-05,3.227774413971929e-06,,,,,,,,,,,
1,6999,,,,,,,,,,,,,,,9.984504140447825e-05,9.984504140447825e-05,3.227554998375126e-06,,,,,,,,,,,
1,7049,,,,,,,,,,,,,,,9.983810741687194e-05,9.983810741687194e-05,3.227330807931139e-06,,,,,,,,,,,
1,7099,,,,,,,,,,,,,,,9.983102063415572e-05,9.983102063415572e-05,3.227101842639968e-06,,,,,,,,,,,
1,7149,,,,,,,,,,,,,,,9.982378105632961e-05,9.982378105632961e-05,3.2268678751279367e-06,,,,,,,,,,,
1,7199,,,,,,,,,,,,,,,9.981639595935121e-05,9.981639595935121e-05,3.226628905395046e-06,,,,,,,,,,,
1,7249,,,,,,,,,,,,,,,9.98088507913053e-05,9.98088507913053e-05,3.2263851608149707e-06,,,,,,,,,,,
1,7299,,,,,,,,,,,,,,,9.980116010410711e-05,9.980116010410711e-05,3.226136414014036e-06,,,,,,,,,,,
1,7349,,,,,,,,,,,,,,,9.979331662179902e-05,9.979331662179902e-05,3.2258828923659166e-06,,,,,,,,,,,
1,7399,,,,,,,,,,,,,,,9.978532034438103e-05,9.978532034438103e-05,3.225624595870613e-06,,,,,,,,,,,
1,7449,,,,,,,,,,,,,,,9.977717127185315e-05,9.977717127185315e-05,3.2253610697807744e-06,,,,,,,,,,,
1,7499,,,,,,,,,,,,,,,9.976887668017298e-05,9.976887668017298e-05,3.225092996217427e-06,,,,,,,,,,,
1,7549,,,,,,,,,,,,,,,9.976042929338291e-05,9.976042929338291e-05,3.224819693059544e-06,,,,,,,,,,,
1,7599,,,,,,,,,,,,,,,9.975182183552533e-05,9.975182183552533e-05,3.2245418424281524e-06,,,,,,,,,,,
1,7649,,,,,,,,,,,,,,,9.974307613447309e-05,9.974307613447309e-05,3.2242587622022256e-06,,,,,,,,,,,
1,7699,,,,,,,,,,,,,,,9.973417036235332e-05,9.973417036235332e-05,3.22397113450279e-06,,,,,,,,,,,
1,7749,,,,,,,,,,,,,,,9.972511907108128e-05,9.972511907108128e-05,3.223678277208819e-06,,,,,,,,,,,
1,7799,,,,,,,,,,,,,,,9.971590770874172e-05,9.971590770874172e-05,3.2233808724413393e-06,,,,,,,,,,,
1,7849,,,,,,,,,,,,,,,9.970655082724988e-05,9.970655082724988e-05,3.2230782380793244e-06,,,,,,,,,,,
1,7899,,,,,,,,,,,,,,,9.969704842660576e-05,9.969704842660576e-05,3.2227710562438006e-06,,,,,,,,,,,
1,7949,,,,,,,,,,,,,,,9.968738595489413e-05,9.968738595489413e-05,3.2224586448137416e-06,,,,,,,,,,,
1,7999,,,,,,,,,,,,,,,9.96775779640302e-05,9.96775779640302e-05,3.2221416859101737e-06,,,,,,,,,,,
1,8049,,,,,,,,,,,,,,,9.966761717805639e-05,9.966761717805639e-05,3.221819724785746e-06,,,,,,,,,,,
1,8099,,,,,,,,,,,,,,,9.965750359697267e-05,9.965750359697267e-05,3.2214927614404587e-06,,,,,,,,,,,
1,8149,,,,,,,,,,,,,,,9.964723722077906e-05,9.964723722077906e-05,3.221161023247987e-06,,,,,,,,,,,
1,8199,,,,,,,,,,,,,,,9.963682532543316e-05,9.963682532543316e-05,3.2208242828346556e-06,,,,,,,,,,,
1,8249,,,,,,,,,,,,,,,9.962626063497737e-05,9.962626063497737e-05,3.22048276757414e-06,,,,,,,,,,,
1,8299,,,,,,,,,,,,,,,9.961554314941168e-05,9.961554314941168e-05,3.22013647746644e-06,,,,,,,,,,,
1,8349,,,,,,,,,,,,,,,9.96046801446937e-05,9.96046801446937e-05,3.21978518513788e-06,,,,,,,,,,,
1,8399,,,,,,,,,,,,,,,9.959365706890821e-05,9.959365706890821e-05,3.2194288905884605e-06,,,,,,,,,,,
1,8449,,,,,,,,,,,,,,,9.958248847397044e-05,9.958248847397044e-05,3.2190678211918566e-06,,,,,,,,,,,
1,8499,,,,,,,,,,,,,,,9.957117435988039e-05,9.957117435988039e-05,3.2187019769480685e-06,,,,,,,,,,,
1,8549,,,,,,,,,,,,,,,9.955970017472282e-05,9.955970017472282e-05,3.2183311304834206e-06,,,,,,,,,,,
1,8599,,,,,,,,,,,,,,,9.954808047041297e-05,9.954808047041297e-05,3.2179555091715883e-06,,,,,,,,,,,
1,8649,,,,,,,,,,,,,,,9.953630797099322e-05,9.953630797099322e-05,3.217575113012572e-06,,,,,,,,,,,
1,8699,,,,,,,,,,,,,,,9.952438267646357e-05,9.952438267646357e-05,3.2171897146326955e-06,,,,,,,,,,,
1,8749,,,,,,,,,,,,,,,9.951231186278164e-05,9.951231186278164e-05,3.2167993140319595e-06,,,,,,,,,,,
1,8799,,,,,,,,,,,,,,,9.950008825398982e-05,9.950008825398982e-05,3.2164043659577146e-06,,,,,,,,,,,
1,8849,,,,,,,,,,,,,,,9.94877191260457e-05,9.94877191260457e-05,3.2160041882889345e-06,,,,,,,,,,,
1,8899,,,,,,,,,,,,,,,9.947518992703408e-05,9.947518992703408e-05,3.2155994631466456e-06,,,,,,,,,,,
1,8949,,,,,,,,,,,,,,,9.946251520887017e-05,9.946251520887017e-05,3.215189735783497e-06,,,,,,,,,,,
1,8999,,,,,,,,,,,,,,,9.944969497155398e-05,9.944969497155398e-05,3.214775233573164e-06,,,,,,,,,,,
1,9049,,,,,,,,,,,,,,,9.943671466317028e-05,9.943671466317028e-05,3.214355729141971e-06,,,,,,,,,,,
1,9099,,,,,,,,,,,,,,,9.942358883563429e-05,9.942358883563429e-05,3.213931449863594e-06,,,,,,,,,,,
1,9149,,,,,,,,,,,,,,,9.941031748894602e-05,9.941031748894602e-05,3.213502168364357e-06,,,,,,,,,,,
1,9199,,,,,,,,,,,,,,,9.939688607119024e-05,9.939688607119024e-05,3.213068112017936e-06,,,,,,,,,,,
1,9249,,,,,,,,,,,,,,,9.938330913428217e-05,9.938330913428217e-05,3.2126292808243306e-06,,,,,,,,,,,
1,9299,,,,,,,,,,,,,,,9.936958667822182e-05,9.936958667822182e-05,3.212185674783541e-06,,,,,,,,,,,
1,9349,,,,,,,,,,,,,,,9.935571142705157e-05,9.935571142705157e-05,3.2117370665218914e-06,,,,,,,,,,,
1,9399,,,,,,,,,,,,,,,9.934168338077143e-05,9.934168338077143e-05,3.2112836834130576e-06,,,,,,,,,,,
1,9449,,,,,,,,,,,,,,,9.932750253938138e-05,9.932750253938138e-05,3.210825298083364e-06,,,,,,,,,,,
1,9481,,,,,,,,,,,,,,,,,,0.77642822265625,0.8140760660171509,0.4174075424671173,0.3635616898536682,0.5593220591545105,0.8140760660171509,0.4174075424671173,0.3635616898536682,0.5593220591545105,0.8770325183868408,0.6965294480323792
1,9481,7.681475639343262,7.611210823059082,7.689015865325928,7.678654193878174,7.69526481628418,7.624129772186279,0.9913520216941833,7.680149078369141,0.015793798491358757,0.07967456430196762,0.6542516946792603,3.2791714668273926,0.2707812190055847,1.3639137744903564,,,,,,,,,,,,,,
2,9499,,,,,,,,,,,,,,,9.931317617883906e-05,9.931317617883906e-05,3.210362137906486e-06,,,,,,,,,,,
2,9549,,,,,,,,,,,,,,,9.929869702318683e-05,9.929869702318683e-05,3.209894202882424e-06,,,,,,,,,,,
2,9599,,,,,,,,,,,,,,,9.928407234838232e-05,9.928407234838232e-05,3.2094214930111775e-06,,,,,,,,,,,
2,9649,,,,,,,,,,,,,,,9.926929487846792e-05,9.926929487846792e-05,3.2089437809190713e-06,,,,,,,,,,,
2,9699,,,,,,,,,,,,,,,9.925437188940123e-05,9.925437188940123e-05,3.2084612939797807e-06,,,,,,,,,,,
2,9749,,,,,,,,,,,,,,,9.923929610522464e-05,9.923929610522464e-05,3.2079738048196305e-06,,,,,,,,,,,
2,9799,,,,,,,,,,,,,,,9.922406752593815e-05,9.922406752593815e-05,3.2074817681859713e-06,,,,,,,,,,,
2,9849,,,,,,,,,,,,,,,9.920869342749938e-05,9.920869342749938e-05,3.2069847293314524e-06,,,,,,,,,,,
2,9899,,,,,,,,,,,,,,,9.919316653395072e-05,9.919316653395072e-05,3.2064826882560737e-06,,,,,,,,,,,
2,9949,,,,,,,,,,,,,,,9.917749412124977e-05,9.917749412124977e-05,3.2059760997071862e-06,,,,,,,,,,,
2,9999,,,,,,,,,,,,,,,9.916166891343892e-05,9.916166891343892e-05,3.205464508937439e-06,,,,,,,,,,,
2,10049,,,,,,,,,,,,,,,9.914569091051817e-05,9.914569091051817e-05,3.2049481433205074e-06,,,,,,,,,,,
2,10099,,,,,,,,,,,,,,,9.912956738844514e-05,9.912956738844514e-05,3.2044270028563915e-06,,,,,,,,,,,
2,10149,,,,,,,,,,,,,,,9.911329834721982e-05,9.911329834721982e-05,3.203900860171416e-06,,,,,,,,,,,
2,10199,,,,,,,,,,,,,,,9.909687651088461e-05,9.909687651088461e-05,3.2033701700129313e-06,,,,,,,,,,,
2,10249,,,,,,,,,,,,,,,9.90803018794395e-05,9.90803018794395e-05,3.202834477633587e-06,,,,,,,,,,,
2,10299,,,,,,,,,,,,,,,9.906358172884211e-05,9.906358172884211e-05,3.202293783033383e-06,,,,,,,,,,,
2,10349,,,,,,,,,,,,,,,9.904671605909243e-05,9.904671605909243e-05,3.20174854095967e-06,,,,,,,,,,,
2,10399,,,,,,,,,,,,,,,9.902969031827524e-05,9.902969031827524e-05,3.201198524038773e-06,,,,,,,,,,,
2,10449,,,,,,,,,,,,,,,9.901252633426338e-05,9.901252633426338e-05,3.200643504897016e-06,,,,,,,,,,,
2,10499,,,,,,,,,,,,,,,9.899520955514163e-05,9.899520955514163e-05,3.200083710908075e-06,,,,,,,,,,,
2,10549,,,,,,,,,,,,,,,9.897773998090997e-05,9.897773998090997e-05,3.1995191420719493e-06,,,,,,,,,,,
2,10599,,,,,,,,,,,,,,,9.896012488752604e-05,9.896012488752604e-05,3.198949571014964e-06,,,,,,,,,,,
2,10649,,,,,,,,,,,,,,,9.894236427498981e-05,9.894236427498981e-05,3.19837545248447e-06,,,,,,,,,,,
2,10699,,,,,,,,,,,,,,,9.89244508673437e-05,9.89244508673437e-05,3.197796331733116e-06,,,,,,,,,,,
2,10749,,,,,,,,,,,,,,,9.890639194054529e-05,9.890639194054529e-05,3.1972124361345777e-06,,,,,,,,,,,
2,10799,,,,,,,,,,,,,,,9.888818021863699e-05,9.888818021863699e-05,3.196623765688855e-06,,,,,,,,,,,
2,10849,,,,,,,,,,,,,,,9.88698229775764e-05,9.88698229775764e-05,3.1960303203959484e-06,,,,,,,,,,,
2,10899,,,,,,,,,,,,,,,9.885131294140592e-05,9.885131294140592e-05,3.1954321002558572e-06,,,,,,,,,,,
2,10949,,,,,,,,,,,,,,,9.883265738608316e-05,9.883265738608316e-05,3.1948291052685818e-06,,,,,,,,,,,
2,10999,,,,,,,,,,,,,,,9.881384903565049e-05,9.881384903565049e-05,3.1942211080604466e-06,,,,,,,,,,,
2,11049,,,,,,,,,,,,,,,9.879489516606554e-05,9.879489516606554e-05,3.1936085633788025e-06,,,,,,,,,,,
2,11099,,,,,,,,,,,,,,,9.877579577732831e-05,9.877579577732831e-05,3.1929910164762987e-06,,,,,,,,,,,
2,11149,,,,,,,,,,,,,,,9.875654359348118e-05,9.875654359348118e-05,3.1923686947266106e-06,,,,,,,,,,,
2,11199,,,,,,,,,,,,,,,9.873714589048177e-05,9.873714589048177e-05,3.1917418255034136e-06,,,,,,,,,,,
2,11249,,,,,,,,,,,,,,,9.871760266833007e-05,9.871760266833007e-05,3.191109954059357e-06,,,,,,,,,,,
2,11299,,,,,,,,,,,,,,,9.869790665106848e-05,9.869790665106848e-05,3.1904733077681158e-06,,,,,,,,,,,
2,11349,,,,,,,,,,,,,,,9.86780651146546e-05,9.86780651146546e-05,3.1898318866296904e-06,,,,,,,,,,,
2,11399,,,,,,,,,,,,,,,9.865807805908844e-05,9.865807805908844e-05,3.1891856906440808e-06,,,,,,,,,,,
2,11449,,,,,,,,,,,,,,,9.863793820841238e-05,9.863793820841238e-05,3.1885347198112868e-06,,,,,,,,,,,
2,11499,,,,,,,,,,,,,,,9.861765283858404e-05,9.861765283858404e-05,3.1878789741313085e-06,,,,,,,,,,,
2,11549,,,,,,,,,,,,,,,9.85972146736458e-05,9.85972146736458e-05,3.1872182262304705e-06,,,,,,,,,,,
2,11599,,,,,,,,,,,,,,,9.857663826551288e-05,9.857663826551288e-05,3.1865529308561236e-06,,,,,,,,,,,
2,11649,,,,,,,,,,,,,,,9.855590906227008e-05,9.855590906227008e-05,3.1858828606345924e-06,,,,,,,,,,,
2,11699,,,,,,,,,,,,,,,9.853502706391737e-05,9.853502706391737e-05,3.185208015565877e-06,,,,,,,,,,,
2,11749,,,,,,,,,,,,,,,9.851400682236999e-05,9.851400682236999e-05,3.184528395649977e-06,,,,,,,,,,,
2,11799,,,,,,,,,,,,,,,9.849283378571272e-05,9.849283378571272e-05,3.183844000886893e-06,,,,,,,,,,,
2,11849,,,,,,,,,,,,,,,9.847150795394555e-05,9.847150795394555e-05,3.1831548312766245e-06,,,,,,,,,,,
2,11899,,,,,,,,,,,,,,,9.84500438789837e-05,9.84500438789837e-05,3.1824608868191717e-06,,,,,,,,,,,
2,11949,,,,,,,,,,,,,,,9.842842700891197e-05,9.842842700891197e-05,3.1817621675145347e-06,,,,,,,,,,,
2,11999,,,,,,,,,,,,,,,9.840666461968794e-05,9.840666461968794e-05,3.1810586733627133e-06,,,,,,,,,,,
2,12049,,,,,,,,,,,,,,,9.838475671131164e-05,9.838475671131164e-05,3.1803504043637076e-06,,,,,,,,,,,
2,12099,,,,,,,,,,,,,,,9.836270328378305e-05,9.836270328378305e-05,3.179637587891193e-06,,,,,,,,,,,
2,12149,,,,,,,,,,,,,,,9.834049706114456e-05,9.834049706114456e-05,3.178919769197819e-06,,,,,,,,,,,
2,12199,,,,,,,,,,,,,,,9.83181525953114e-05,9.83181525953114e-05,3.1781971756572602e-06,,,,,,,,,,,
2,12249,,,,,,,,,,,,,,,9.829565533436835e-05,9.829565533436835e-05,3.1774700346431928e-06,,,,,,,,,,,
2,12299,,,,,,,,,,,,,,,9.82730052783154e-05,9.82730052783154e-05,3.176738118781941e-06,,,,,,,,,,,
2,12349,,,,,,,,,,,,,,,9.825021697906777e-05,9.825021697906777e-05,3.176001428073505e-06,,,,,,,,,,,
2,12399,,,,,,,,,,,,,,,9.822728316066787e-05,9.822728316066787e-05,3.1752599625178846e-06,,,,,,,,,,,
2,12449,,,,,,,,,,,,,,,9.820419654715806e-05,9.820419654715806e-05,3.17451372211508e-06,,,,,,,,,,,
2,12499,,,,,,,,,,,,,,,9.818096441449597e-05,9.818096441449597e-05,3.173762706865091e-06,,,,,,,,,,,
2,12549,,,,,,,,,,,,,,,9.81575867626816e-05,9.81575867626816e-05,3.1730069167679176e-06,,,,,,,,,,,
2,12599,,,,,,,,,,,,,,,9.813406359171495e-05,9.813406359171495e-05,3.1722465791972354e-06,,,,,,,,,,,
2,12649,,,,,,,,,,,,,,,9.811039490159601e-05,9.811039490159601e-05,3.171481466779369e-06,,,,,,,,,,,
2,12699,,,,,,,,,,,,,,,9.808658069232479e-05,9.808658069232479e-05,3.170711579514318e-06,,,,,,,,,,,
2,12749,,,,,,,,,,,,,,,9.806261368794367e-05,9.806261368794367e-05,3.169936917402083e-06,,,,,,,,,,,
2,12799,,,,,,,,,,,,,,,9.803850844036788e-05,9.803850844036788e-05,3.169157707816339e-06,,,,,,,,,,,
2,12849,,,,,,,,,,,,,,,9.801425039768219e-05,9.801425039768219e-05,3.1683734960097354e-06,,,,,,,,,,,
2,12899,,,,,,,,,,,,,,,9.798984683584422e-05,9.798984683584422e-05,3.167584736729623e-06,,,,,,,,,,,
2,12949,,,,,,,,,,,,,,,9.796530503081158e-05,9.796530503081158e-05,3.1667914299760014e-06,,,,,,,,,,,
2,12999,,,,,,,,,,,,,,,9.794061043066904e-05,9.794061043066904e-05,3.16599312100152e-06,,,,,,,,,,,
2,13049,,,,,,,,,,,,,,,9.791577031137422e-05,9.791577031137422e-05,3.16519026455353e-06,,,,,,,,,,,
2,13099,,,,,,,,,,,,,,,9.789079194888473e-05,9.789079194888473e-05,3.1643826332583558e-06,,,,,,,,,,,
2,13149,,,,,,,,,,,,,,,9.786566079128534e-05,9.786566079128534e-05,3.163570227115997e-06,,,,,,,,,,,
2,13199,,,,,,,,,,,,,,,9.784038411453366e-05,9.784038411453366e-05,3.1627532735001296e-06,,,,,,,,,,,
2,13249,,,,,,,,,,,,,,,9.78149619186297e-05,9.78149619186297e-05,3.1619315450370777e-06,,,,,,,,,,,
2,13299,,,,,,,,,,,,,,,9.778939420357347e-05,9.778939420357347e-05,3.1611050417268416e-06,,,,,,,,,,,
2,13349,,,,,,,,,,,,,,,9.776368824532256e-05,9.776368824532256e-05,3.1602739909430966e-06,,,,,,,,,,,
2,13399,,,,,,,,,,,,,,,9.773782949196175e-05,9.773782949196175e-05,3.159437937938492e-06,,,,,,,,,,,
2,13449,,,,,,,,,,,,,,,9.771182521944866e-05,9.771182521944866e-05,3.1585975648340536e-06,,,,,,,,,,,
2,13499,,,,,,,,,,,,,,,9.76856827037409e-05,9.76856827037409e-05,3.157752416882431e-06,,,,,,,,,,,
2,13549,,,,,,,,,,,,,,,9.765938739292324e-05,9.765938739292324e-05,3.1569024940836243e-06,,,,,,,,,,,
2,13599,,,,,,,,,,,,,,,9.763295383891091e-05,9.763295383891091e-05,3.1560477964376332e-06,,,,,,,,,,,
2,13649,,,,,,,,,,,,,,,9.760636748978868e-05,9.760636748978868e-05,3.1551885513181332e-06,,,,,,,,,,,
2,13699,,,,,,,,,,,,,,,9.757964289747179e-05,9.757964289747179e-05,3.154324531351449e-06,,,,,,,,,,,
2,13749,,,,,,,,,,,,,,,9.75527727860026e-05,9.75527727860026e-05,3.153455963911256e-06,,,,,,,,,,,
2,13799,,,,,,,,,,,,,,,9.752575715538114e-05,9.752575715538114e-05,3.1525826216238784e-06,,,,,,,,,,,
2,13849,,,,,,,,,,,,,,,9.74985960056074e-05,9.74985960056074e-05,3.151704731862992e-06,,,,,,,,,,,
2,13899,,,,,,,,,,,,,,,9.747128933668137e-05,9.747128933668137e-05,3.1508220672549214e-06,,,,,,,,,,,
2,13949,,,,,,,,,,,,,,,9.744384442456067e-05,9.744384442456067e-05,3.149934855173342e-06,,,,,,,,,,,
2,13999,,,,,,,,,,,,,,,9.741624671733007e-05,9.741624671733007e-05,3.149042868244578e-06,,,,,,,,,,,
2,14049,,,,,,,,,,,,,,,9.73885107669048e-05,9.73885107669048e-05,3.14814610646863e-06,,,,,,,,,,,
2,14099,,,,,,,,,,,,,,,9.736062929732725e-05,9.736062929732725e-05,3.147244797219173e-06,,,,,,,,,,,
2,14149,,,,,,,,,,,,,,,9.733260230859742e-05,9.733260230859742e-05,3.1463389404962072e-06,,,,,,,,,,,
2,14199,,,,,,,,,,,,,,,9.730443707667291e-05,9.730443707667291e-05,3.145428308926057e-06,,,,,,,,,,,
2,14222,,,,,,,,,,,,,,,,,,0.7792436480522156,0.808121919631958,0.4187876880168915,0.36488598585128784,0.5586763620376587,0.808121919631958,0.4187876880168915,0.36488598585128784,0.5586763620376587,0.8560386300086975,0.7150928378105164
2,14222,7.885440826416016,7.811722278594971,7.869067668914795,7.8802995681762695,7.902393817901611,7.808637619018555,0.9280742406845093,7.442824840545654,0.015132277272641659,0.07641659677028656,0.6365647912025452,3.1932895183563232,0.2611705958843231,1.3164383172988892,,,,,,,,,,,,,,
3,14249,,,,,,,,,,,,,,,9.727611904963851e-05,9.727611904963851e-05,3.144513129882398e-06,,,,,,,,,,,
3,14299,,,,,,,,,,,,,,,9.724766277940944e-05,9.724766277940944e-05,3.1435931759915547e-06,,,,,,,,,,,
3,14349,,,,,,,,,,,,,,,9.721906099002808e-05,9.721906099002808e-05,3.1426686746272026e-06,,,,,,,,,,,
3,14399,,,,,,,,,,,,,,,9.719032095745206e-05,9.719032095745206e-05,3.141739398415666e-06,,,,,,,,,,,
3,14449,,,,,,,,,,,,,,,9.716142812976614e-05,9.716142812976614e-05,3.1408055747306207e-06,,,,,,,,,,,
3,14499,,,,,,,,,,,,,,,9.713239705888554e-05,9.713239705888554e-05,3.1398672035720665e-06,,,,,,,,,,,
3,14549,,,,,,,,,,,,,,,9.710322774481028e-05,9.710322774481028e-05,3.138924057566328e-06,,,,,,,,,,,
3,14599,,,,,,,,,,,,,,,9.707390563562512e-05,9.707390563562512e-05,3.1379763640870806e-06,,,,,,,,,,,
3,14649,,,,,,,,,,,,,,,9.70444452832453e-05,9.70444452832453e-05,3.137023895760649e-06,,,,,,,,,,,
3,14699,,,,,,,,,,,,,,,9.701483941171318e-05,9.701483941171318e-05,3.1360671073343838e-06,,,,,,,,,,,
3,14749,,,,,,,,,,,,,,,9.69850952969864e-05,9.69850952969864e-05,3.1351055440609343e-06,,,,,,,,,,,
3,14799,,,,,,,,,,,,,,,9.695520566310734e-05,9.695520566310734e-05,3.1341392059403006e-06,,,,,,,,,,,
3,14849,,,,,,,,,,,,,,,9.692517051007599e-05,9.692517051007599e-05,3.133168320346158e-06,,,,,,,,,,,
3,14899,,,,,,,,,,,,,,,9.689499711384997e-05,9.689499711384997e-05,3.1321928872785065e-06,,,,,,,,,,,
3,14949,,,,,,,,,,,,,,,9.686467819847167e-05,9.686467819847167e-05,3.131212906737346e-06,,,,,,,,,,,
3,14999,,,,,,,,,,,,,,,9.68342210398987e-05,9.68342210398987e-05,3.1302281513490016e-06,,,,,,,,,,,
3,15049,,,,,,,,,,,,,,,9.680361836217344e-05,9.680361836217344e-05,3.1292390758608235e-06,,,,,,,,,,,
3,15099,,,,,,,,,,,,,,,9.67728701652959e-05,9.67728701652959e-05,3.128245225525461e-06,,,,,,,,,,,
3,15149,,,,,,,,,,,,,,,9.674198372522369e-05,9.674198372522369e-05,3.1272466003429145e-06,,,,,,,,,,,
3,15199,,,,,,,,,,,,,,,9.67109517659992e-05,9.67109517659992e-05,3.1262436550605344e-06,,,,,,,,,,,
3,15249,,,,,,,,,,,,,,,9.667978156358004e-05,9.667978156358004e-05,3.12523593493097e-06,,,,,,,,,,,
3,15299,,,,,,,,,,,,,,,9.664846584200859e-05,9.664846584200859e-05,3.1242236673278967e-06,,,,,,,,,,,
3,15349,,,,,,,,,,,,,,,9.661701187724248e-05,9.661701187724248e-05,3.1232068522513146e-06,,,,,,,,,,,
3,15399,,,,,,,,,,,,,,,9.658541239332408e-05,9.658541239332408e-05,3.1221854897012236e-06,,,,,,,,,,,
3,15449,,,,,,,,,,,,,,,9.655367466621101e-05,9.655367466621101e-05,3.1211595796776237e-06,,,,,,,,,,,
3,15499,,,,,,,,,,,,,,,9.652179869590327e-05,9.652179869590327e-05,3.120129122180515e-06,,,,,,,,,,,
3,15549,,,,,,,,,,,,,,,9.648977720644325e-05,9.648977720644325e-05,3.119093889836222e-06,,,,,,,,,,,
3,15599,,,,,,,,,,,,,,,9.645761019783095e-05,9.645761019783095e-05,3.11805411001842e-06,,,,,,,,,,,
3,15649,,,,,,,,,,,,,,,9.642530494602397e-05,9.642530494602397e-05,3.1170100101007847e-06,,,,,,,,,,,
3,15699,,,,,,,,,,,,,,,9.639286145102233e-05,9.639286145102233e-05,3.115961135335965e-06,,,,,,,,,,,
3,15749,,,,,,,,,,,,,,,9.63602724368684e-05,9.63602724368684e-05,3.1149077130976366e-06,,,,,,,,,,,
3,15799,,,,,,,,,,,,,,,9.63275451795198e-05,9.63275451795198e-05,3.1138497433857992e-06,,,,,,,,,,,
3,15849,,,,,,,,,,,,,,,9.629467967897654e-05,9.629467967897654e-05,3.112787226200453e-06,,,,,,,,,,,
3,15899,,,,,,,,,,,,,,,9.626166865928099e-05,9.626166865928099e-05,3.111720161541598e-06,,,,,,,,,,,
3,15949,,,,,,,,,,,,,,,9.622851939639077e-05,9.622851939639077e-05,3.110648549409234e-06,,,,,,,,,,,
3,15999,,,,,,,,,,,,,,,9.619522461434826e-05,9.619522461434826e-05,3.109572389803361e-06,,,,,,,,,,,
3,16049,,,,,,,,,,,,,,,9.61617988650687e-05,9.61617988650687e-05,3.108491910097655e-06,,,,,,,,,,,
3,16099,,,,,,,,,,,,,,,9.612822759663686e-05,9.612822759663686e-05,3.1074066555447644e-06,,,,,,,,,,,
3,16149,,,,,,,,,,,,,,,9.609451080905274e-05,9.609451080905274e-05,3.106316853518365e-06,,,,,,,,,,,
3,16199,,,,,,,,,,,,,,,9.606066305423155e-05,9.606066305423155e-05,3.1052225040184567e-06,,,,,,,,,,,
3,16249,,,,,,,,,,,,,,,9.602666978025809e-05,9.602666978025809e-05,3.104123834418715e-06,,,,,,,,,,,
3,16299,,,,,,,,,,,,,,,9.599253826308995e-05,9.599253826308995e-05,3.103020389971789e-06,,,,,,,,,,,
3,16349,,,,,,,,,,,,,,,9.595826850272715e-05,9.595826850272715e-05,3.1019126254250295e-06,,,,,,,,,,,
3,16399,,,,,,,,,,,,,,,9.592385322321206e-05,9.592385322321206e-05,3.100800086031086e-06,,,,,,,,,,,
3,16449,,,,,,,,,,,,,,,9.58892997005023e-05,9.58892997005023e-05,3.0996832265373087e-06,,,,,,,,,,,
3,16499,,,,,,,,,,,,,,,9.58546152105555e-05,9.58546152105555e-05,3.0985618195700226e-06,,,,,,,,,,,
3,16549,,,,,,,,,,,,,,,9.58197852014564e-05,9.58197852014564e-05,3.0974358651292278e-06,,,,,,,,,,,
3,16599,,,,,,,,,,,,,,,9.578480967320502e-05,9.578480967320502e-05,3.0963055905885994e-06,,,,,,,,,,,
3,16649,,,,,,,,,,,,,,,9.574970317771658e-05,9.574970317771658e-05,3.095170541200787e-06,,,,,,,,,,,
3,16699,,,,,,,,,,,,,,,9.571445843903348e-05,9.571445843903348e-05,3.094031171713141e-06,,,,,,,,,,,
3,16749,,,,,,,,,,,,,,,9.567906818119809e-05,9.567906818119809e-05,3.092887254751986e-06,,,,,,,,,,,
3,16799,,,,,,,,,,,,,,,9.564354695612565e-05,9.564354695612565e-05,3.0917390176909976e-06,,,,,,,,,,,
3,16849,,,,,,,,,,,,,,,9.560788021190092e-05,9.560788021190092e-05,3.090586005782825e-06,,,,,,,,,,,
3,16899,,,,,,,,,,,,,,,9.557207522448152e-05,9.557207522448152e-05,3.089428673774819e-06,,,,,,,,,,,
3,16949,,,,,,,,,,,,,,,9.553613199386746e-05,9.553613199386746e-05,3.088266794293304e-06,,,,,,,,,,,
3,16999,,,,,,,,,,,,,,,9.550005052005872e-05,9.550005052005872e-05,3.0871005947119556e-06,,,,,,,,,,,
3,17049,,,,,,,,,,,,,,,9.546383807901293e-05,9.546383807901293e-05,3.0859298476570984e-06,,,,,,,,,,,
3,17099,,,,,,,,,,,,,,,9.542748011881486e-05,9.542748011881486e-05,3.0847545531287324e-06,,,,,,,,,,,
3,17149,,,,,,,,,,,,,,,9.539098391542211e-05,9.539098391542211e-05,3.0835747111268574e-06,,,,,,,,,,,
3,17199,,,,,,,,,,,,,,,9.53543494688347e-05,9.53543494688347e-05,3.082390549025149e-06,,,,,,,,,,,
3,17249,,,,,,,,,,,,,,,9.531757677905262e-05,9.531757677905262e-05,3.081201839449932e-06,,,,,,,,,,,
3,17299,,,,,,,,,,,,,,,9.528067312203348e-05,9.528067312203348e-05,3.0800088097748812e-06,,,,,,,,,,,
3,17349,,,,,,,,,,,,,,,9.524362394586205e-05,9.524362394586205e-05,3.0788112326263217e-06,,,,,,,,,,,
3,17399,,,,,,,,,,,,,,,9.520644380245358e-05,9.520644380245358e-05,3.077609335377929e-06,,,,,,,,,,,
3,17449,,,,,,,,,,,,,,,9.516911813989282e-05,9.516911813989282e-05,3.076402890656027e-06,,,,,,,,,,,
3,17499,,,,,,,,,,,,,,,9.5131661510095e-05,9.5131661510095e-05,3.0751918984606164e-06,,,,,,,,,,,
3,17549,,,,,,,,,,,,,,,9.509406663710251e-05,9.509406663710251e-05,3.0739765861653723e-06,,,,,,,,,,,
3,17599,,,,,,,,,,,,,,,9.505633352091536e-05,9.505633352091536e-05,3.0727569537702948e-06,,,,,,,,,,,
3,17649,,,,,,,,,,,,,,,9.501846216153353e-05,9.501846216153353e-05,3.0715327739017084e-06,,,,,,,,,,,
3,17699,,,,,,,,,,,,,,,9.498045255895704e-05,9.498045255895704e-05,3.070304046559613e-06,,,,,,,,,,,
3,17749,,,,,,,,,,,,,,,9.494231198914349e-05,9.494231198914349e-05,3.0690709991176846e-06,,,,,,,,,,,
3,17799,,,,,,,,,,,,,,,9.490402590017766e-05,9.490402590017766e-05,3.0678336315759225e-06,,,,,,,,,,,
3,17849,,,,,,,,,,,,,,,9.486560884397477e-05,9.486560884397477e-05,3.0665917165606515e-06,,,,,,,,,,,
3,17899,,,,,,,,,,,,,,,9.482706082053483e-05,9.482706082053483e-05,3.065345481445547e-06,,,,,,,,,,,
3,17949,,,,,,,,,,,,,,,9.47883672779426e-05,9.47883672779426e-05,3.0640949262306094e-06,,,,,,,,,,,
3,17999,,,,,,,,,,,,,,,9.474954276811332e-05,9.474954276811332e-05,3.0628398235421628e-06,,,,,,,,,,,
3,18049,,,,,,,,,,,,,,,9.471058001508936e-05,9.471058001508936e-05,3.0615804007538827e-06,,,,,,,,,,,
3,18099,,,,,,,,,,,,,,,9.467147901887074e-05,9.467147901887074e-05,3.0603164304920938e-06,,,,,,,,,,,
3,18149,,,,,,,,,,,,,,,9.463224705541506e-05,9.463224705541506e-05,3.0590481401304714e-06,,,,,,,,,,,
3,18199,,,,,,,,,,,,,,,9.459287684876472e-05,9.459287684876472e-05,3.0577755296690157e-06,,,,,,,,,,,
3,18249,,,,,,,,,,,,,,,9.455337567487732e-05,9.455337567487732e-05,3.0564985991077265e-06,,,,,,,,,,,
3,18299,,,,,,,,,,,,,,,9.451373625779524e-05,9.451373625779524e-05,3.0552171210729284e-06,,,,,,,,,,,
3,18349,,,,,,,,,,,,,,,9.44739585975185e-05,9.44739585975185e-05,3.053931322938297e-06,,,,,,,,,,,
3,18399,,,,,,,,,,,,,,,9.44340426940471e-05,9.44340426940471e-05,3.052641204703832e-06,,,,,,,,,,,
3,18449,,,,,,,,,,,,,,,9.439399582333863e-05,9.439399582333863e-05,3.0513465389958583e-06,,,,,,,,,,,
3,18499,,,,,,,,,,,,,,,9.435381798539311e-05,9.435381798539311e-05,3.0500477805617265e-06,,,,,,,,,,,
3,18549,,,,,,,,,,,,,,,9.431350190425292e-05,9.431350190425292e-05,3.048744474654086e-06,,,,,,,,,,,
3,18599,,,,,,,,,,,,,,,9.427304757991806e-05,9.427304757991806e-05,3.047436848646612e-06,,,,,,,,,,,
3,18649,,,,,,,,,,,,,,,9.423246228834614e-05,9.423246228834614e-05,3.0461249025393045e-06,,,,,,,,,,,
3,18699,,,,,,,,,,,,,,,9.419174602953717e-05,9.419174602953717e-05,3.0448086363321636e-06,,,,,,,,,,,
3,18749,,,,,,,,,,,,,,,9.415089152753353e-05,9.415089152753353e-05,3.0434880500251893e-06,,,,,,,,,,,
3,18799,,,,,,,,,,,,,,,9.410989878233522e-05,9.410989878233522e-05,3.042162916244706e-06,,,,,,,,,,,
3,18849,,,,,,,,,,,,,,,9.406877506989986e-05,9.406877506989986e-05,3.040833689738065e-06,,,,,,,,,,,
3,18899,,,,,,,,,,,,,,,9.402752039022744e-05,9.402752039022744e-05,3.039499915757915e-06,,,,,,,,,,,
3,18949,,,,,,,,,,,,,,,9.398612746736035e-05,9.398612746736035e-05,3.038162049051607e-06,,,,,,,,,,,
3,18963,,,,,,,,,,,,,,,,,,0.780636727809906,0.8151095509529114,0.4195183515548706,0.36550745368003845,0.5569814443588257,0.8151095509529114,0.4195183515548706,0.36550745368003845,0.5569814443588257,0.8491461277008057,0.7223567366600037
3,18963,8.012813568115234,7.961347579956055,8.014791488647461,8.005853652954102,8.006327629089355,7.9591593742370605,1.0757224559783936,7.23939847946167,0.01455735508352518,0.0735996812582016,0.6208829879760742,3.116368055343628,0.25319644808769226,1.2774770259857178,,,,,,,,,,,,,,
4,18999,,,,,,,,,,,,,,,9.39446035772562e-05,9.39446035772562e-05,3.03681963487179e-06,,,,,,,,,,,
4,19049,,,,,,,,,,,,,,,9.3902948719915e-05,9.3902948719915e-05,3.0354731279658154e-06,,,,,,,,,,,
4,19099,,,,,,,,,,,,,,,9.386115561937913e-05,9.386115561937913e-05,3.0341220735863317e-06,,,,,,,,,,,
4,19149,,,,,,,,,,,,,,,9.381923155160621e-05,9.381923155160621e-05,3.03276692648069e-06,,,,,,,,,,,
4,19199,,,,,,,,,,,,,,,9.377717651659623e-05,9.377717651659623e-05,3.0314072319015395e-06,,,,,,,,,,,
4,19249,,,,,,,,,,,,,,,9.373498323839158e-05,9.373498323839158e-05,3.030043444596231e-06,,,,,,,,,,,
4,19299,,,,,,,,,,,,,,,9.369265899294987e-05,9.369265899294987e-05,3.028675337191089e-06,,,,,,,,,,,
4,19349,,,,,,,,,,,,,,,9.36501965043135e-05,9.36501965043135e-05,3.0273029096861137e-06,,,,,,,,,,,
4,19399,,,,,,,,,,,,,,,9.360761032439768e-05,9.360761032439768e-05,3.025926162081305e-06,,,,,,,,,,,
4,19449,,,,,,,,,,,,,,,9.35648859012872e-05,9.35648859012872e-05,3.0245450943766627e-06,,,,,,,,,,,
4,19499,,,,,,,,,,,,,,,9.352203051093966e-05,9.352203051093966e-05,3.023159706572187e-06,,,,,,,,,,,
4,19549,,,,,,,,,,,,,,,9.347904415335506e-05,9.347904415335506e-05,3.0217702260415535e-06,,,,,,,,,,,
4,19599,,,,,,,,,,,,,,,9.343592682853341e-05,9.343592682853341e-05,3.020376198037411e-06,,,,,,,,,,,
4,19649,,,,,,,,,,,,,,,9.339267126051709e-05,9.339267126051709e-05,3.0189780773071107e-06,,,,,,,,,,,
4,19699,,,,,,,,,,,,,,,9.334929200122133e-05,9.334929200122133e-05,3.017575636476977e-06,,,,,,,,,,,
4,19749,,,,,,,,,,,,,,,9.33057744987309e-05,9.33057744987309e-05,3.016169102920685e-06,,,,,,,,,,,
4,19799,,,,,,,,,,,,,,,9.326212602900341e-05,9.326212602900341e-05,3.0147580218908843e-06,,,,,,,,,,,
4,19849,,,,,,,,,,,,,,,9.321834659203887e-05,9.321834659203887e-05,3.0133428481349256e-06,,,,,,,,,,,
4,19899,,,,,,,,,,,,,,,9.317443618783727e-05,9.317443618783727e-05,3.011923581652809e-06,,,,,,,,,,,
4,19949,,,,,,,,,,,,,,,9.313039481639862e-05,9.313039481639862e-05,3.0104997676971834e-06,,,,,,,,,,,
4,19999,,,,,,,,,,,,,,,9.308622247772291e-05,9.308622247772291e-05,3.0090718610154e-06,,,,,,,,,,,
4,20049,,,,,,,,,,,,,,,9.304191917181015e-05,9.304191917181015e-05,3.0076398616074584e-06,,,,,,,,,,,
4,20099,,,,,,,,,,,,,,,9.299748489866033e-05,9.299748489866033e-05,3.0062035420996835e-06,,,,,,,,,,,
4,20149,,,,,,,,,,,,,,,9.295291965827346e-05,9.295291965827346e-05,3.0047629024920752e-06,,,,,,,,,,,
4,20199,,,,,,,,,,,,,,,9.290822345064953e-05,9.290822345064953e-05,3.0033179427846335e-06,,,,,,,,,,,
4,20249,,,,,,,,,,,,,,,9.286339627578855e-05,9.286339627578855e-05,3.0018688903510338e-06,,,,,,,,,,,
4,20299,,,,,,,,,,,,,,,9.281844540964812e-05,9.281844540964812e-05,3.000415745191276e-06,,,,,,,,,,,
4,20349,,,,,,,,,,,,,,,9.277335630031303e-05,9.277335630031303e-05,2.998958279931685e-06,,,,,,,,,,,
4,20399,,,,,,,,,,,,,,,9.272813622374088e-05,9.272813622374088e-05,2.9974964945722604e-06,,,,,,,,,,,
4,20449,,,,,,,,,,,,,,,9.268279245588928e-05,9.268279245588928e-05,2.996030616486678e-06,,,,,,,,,,,
4,20499,,,,,,,,,,,,,,,9.263731772080064e-05,9.263731772080064e-05,2.9945606456749374e-06,,,,,,,,,,,
4,20549,,,,,,,,,,,,,,,9.259170474251732e-05,9.259170474251732e-05,2.9930863547633635e-06,,,,,,,,,,,
4,20599,,,,,,,,,,,,,,,9.254597534891218e-05,9.254597534891218e-05,2.9916079711256316e-06,,,,,,,,,,,
4,20649,,,,,,,,,,,,,,,9.250010771211237e-05,9.250010771211237e-05,2.9901252673880663e-06,,,,,,,,,,,
4,20699,,,,,,,,,,,,,,,9.245411638403311e-05,9.245411638403311e-05,2.988638470924343e-06,,,,,,,,,,,
4,20749,,,,,,,,,,,,,,,9.240798681275919e-05,9.240798681275919e-05,2.9871475817344617e-06,,,,,,,,,,,
4,20799,,,,,,,,,,,,,,,9.236173355020583e-05,9.236173355020583e-05,2.985652372444747e-06,,,,,,,,,,,
4,20849,,,,,,,,,,,,,,,9.231535659637302e-05,9.231535659637302e-05,2.9841530704288743e-06,,,,,,,,,,,
4,20899,,,,,,,,,,,,,,,9.226884867530316e-05,9.226884867530316e-05,2.9826496756868437e-06,,,,,,,,,,,
4,20949,,,,,,,,,,,,,,,9.222220978699625e-05,9.222220978699625e-05,2.9811419608449796e-06,,,,,,,,,,,
4,20999,,,,,,,,,,,,,,,9.217543993145227e-05,9.217543993145227e-05,2.979630380650633e-06,,,,,,,,,,,
4,21049,,,,,,,,,,,,,,,9.212854638462886e-05,9.212854638462886e-05,2.9781142529827775e-06,,,,,,,,,,,
4,21099,,,,,,,,,,,,,,,9.20815218705684e-05,9.20815218705684e-05,2.9765942599624395e-06,,,,,,,,,,,
4,21149,,,,,,,,,,,,,,,9.203437366522849e-05,9.203437366522849e-05,2.9750701742159436e-06,,,,,,,,,,,
4,21199,,,,,,,,,,,,,,,9.198709449265152e-05,9.198709449265152e-05,2.973541768369614e-06,,,,,,,,,,,
4,21249,,,,,,,,,,,,,,,9.19396843528375e-05,9.19396843528375e-05,2.9720092697971268e-06,,,,,,,,,,,
4,21299,,,,,,,,,,,,,,,9.189215052174404e-05,9.189215052174404e-05,2.9704726784984814e-06,,,,,,,,,,,
4,21349,,,,,,,,,,,,,,,9.184448572341353e-05,9.184448572341353e-05,2.968931994473678e-06,,,,,,,,,,,
4,21399,,,,,,,,,,,,,,,9.179669723380357e-05,9.179669723380357e-05,2.9673872177227167e-06,,,,,,,,,,,
4,21449,,,,,,,,,,,,,,,9.174878505291417e-05,9.174878505291417e-05,2.9658383482455974e-06,,,,,,,,,,,
4,21499,,,,,,,,,,,,,,,9.170074190478772e-05,9.170074190478772e-05,2.96428538604232e-06,,,,,,,,,,,
4,21549,,,,,,,,,,,,,,,9.165257506538182e-05,9.165257506538182e-05,2.9627281037392095e-06,,,,,,,,,,,
4,21599,,,,,,,,,,,,,,,9.160427725873888e-05,9.160427725873888e-05,2.9611669560836162e-06,,,,,,,,,,,
4,21649,,,,,,,,,,,,,,,9.155585576081648e-05,9.155585576081648e-05,2.959601715701865e-06,,,,,,,,,,,
4,21699,,,,,,,,,,,,,,,9.150730329565704e-05,9.150730329565704e-05,2.958032382593956e-06,,,,,,,,,,,
4,21749,,,,,,,,,,,,,,,9.145862713921815e-05,9.145862713921815e-05,2.9564587293862132e-06,,,,,,,,,,,
4,21799,,,,,,,,,,,,,,,9.140982729149982e-05,9.140982729149982e-05,2.954881210825988e-06,,,,,,,,,,,
4,21849,,,,,,,,,,,,,,,9.136089647654444e-05,9.136089647654444e-05,2.953299599539605e-06,,,,,,,,,,,
4,21899,,,,,,,,,,,,,,,9.131184197030962e-05,9.131184197030962e-05,2.951713895527064e-06,,,,,,,,,,,
4,21949,,,,,,,,,,,,,,,9.126266377279535e-05,9.126266377279535e-05,2.9501243261620402e-06,,,,,,,,,,,
4,21999,,,,,,,,,,,,,,,9.121336188400164e-05,9.121336188400164e-05,2.948530436697183e-06,,,,,,,,,,,
4,22049,,,,,,,,,,,,,,,9.116392902797088e-05,9.116392902797088e-05,2.9469326818798436e-06,,,,,,,,,,,
4,22099,,,,,,,,,,,,,,,9.111437975661829e-05,9.111437975661829e-05,2.945330834336346e-06,,,,,,,,,,,
4,22149,,,,,,,,,,,,,,,9.106469951802865e-05,9.106469951802865e-05,2.9437248940666905e-06,,,,,,,,,,,
4,22199,,,,,,,,,,,,,,,9.101489558815956e-05,9.101489558815956e-05,2.942114861070877e-06,,,,,,,,,,,
4,22249,,,,,,,,,,,,,,,9.096496069105342e-05,9.096496069105342e-05,2.9405007353489054e-06,,,,,,,,,,,
4,22299,,,,,,,,,,,,,,,9.091490937862545e-05,9.091490937862545e-05,2.9388827442744514e-06,,,,,,,,,,,
4,22349,,,,,,,,,,,,,,,9.086473437491804e-05,9.086473437491804e-05,2.9372606604738394e-06,,,,,,,,,,,
4,22399,,,,,,,,,,,,,,,9.081442840397358e-05,9.081442840397358e-05,2.935634711320745e-06,,,,,,,,,,,
4,22449,,,,,,,,,,,,,,,9.076399874174967e-05,9.076399874174967e-05,2.9340046694414923e-06,,,,,,,,,,,
4,22499,,,,,,,,,,,,,,,9.071345266420394e-05,9.071345266420394e-05,2.9323705348360818e-06,,,,,,,,,,,
4,22549,,,,,,,,,,,,,,,9.066277561942115e-05,9.066277561942115e-05,2.9307325348781887e-06,,,,,,,,,,,
4,22599,,,,,,,,,,,,,,,9.061197488335893e-05,9.061197488335893e-05,2.9290904421941377e-06,,,,,,,,,,,
4,22649,,,,,,,,,,,,,,,9.056105773197487e-05,9.056105773197487e-05,2.9274442567839287e-06,,,,,,,,,,,
4,22699,,,,,,,,,,,,,,,9.051000961335376e-05,9.051000961335376e-05,2.925794206021237e-06,,,,,,,,,,,
4,22749,,,,,,,,,,,,,,,9.045884507941082e-05,9.045884507941082e-05,2.9241400625323877e-06,,,,,,,,,,,
4,22799,,,,,,,,,,,,,,,9.040754957823083e-05,9.040754957823083e-05,2.9224820536910556e-06,,,,,,,,,,,
4,22849,,,,,,,,,,,,,,,9.035613766172901e-05,9.035613766172901e-05,2.920820179497241e-06,,,,,,,,,,,
4,22899,,,,,,,,,,,,,,,9.030460205394775e-05,9.030460205394775e-05,2.9191542125772685e-06,,,,,,,,,,,
4,22949,,,,,,,,,,,,,,,9.025294275488704e-05,9.025294275488704e-05,2.917484152931138e-06,,,,,,,,,,,
4,22999,,,,,,,,,,,,,,,9.02011597645469e-05,9.02011597645469e-05,2.9158104553062003e-06,,,,,,,,,,,
4,23049,,,,,,,,,,,,,,,9.014925308292732e-05,9.014925308292732e-05,2.9141324375814293e-06,,,,,,,,,,,
4,23099,,,,,,,,,,,,,,,9.00972299859859e-05,9.00972299859859e-05,2.912450781877851e-06,,,,,,,,,,,
4,23149,,,,,,,,,,,,,,,9.004508319776505e-05,9.004508319776505e-05,2.910765033448115e-06,,,,,,,,,,,
4,23199,,,,,,,,,,,,,,,8.999281271826476e-05,8.999281271826476e-05,2.9090754196658963e-06,,,,,,,,,,,
4,23249,,,,,,,,,,,,,,,8.994041854748502e-05,8.994041854748502e-05,2.9073817131575197e-06,,,,,,,,,,,
4,23299,,,,,,,,,,,,,,,8.988790796138346e-05,8.988790796138346e-05,2.905684368670336e-06,,,,,,,,,,,
4,23349,,,,,,,,,,,,,,,8.983527368400246e-05,8.983527368400246e-05,2.9039829314569943e-06,,,,,,,,,,,
4,23399,,,,,,,,,,,,,,,8.978251571534202e-05,8.978251571534202e-05,2.9022774015174946e-06,,,,,,,,,,,
4,23449,,,,,,,,,,,,,,,8.972964133135974e-05,8.972964133135974e-05,2.900568233599188e-06,,,,,,,,,,,
4,23499,,,,,,,,,,,,,,,8.967664325609803e-05,8.967664325609803e-05,2.898854972954723e-06,,,,,,,,,,,
4,23549,,,,,,,,,,,,,,,8.962352876551449e-05,8.962352876551449e-05,2.897138074331451e-06,,,,,,,,,,,
4,23599,,,,,,,,,,,,,,,8.957029058365151e-05,8.957029058365151e-05,2.8954170829820214e-06,,,,,,,,,,,
4,23649,,,,,,,,,,,,,,,8.951692871050909e-05,8.951692871050909e-05,2.893692226280109e-06,,,,,,,,,,,
4,23699,,,,,,,,,,,,,,,8.946345042204484e-05,8.946345042204484e-05,2.891963504225714e-06,,,,,,,,,,,
4,23704,,,,,,,,,,,,,,,,,,0.7790747880935669,0.8112255930900574,0.42056602239608765,0.3765840232372284,0.5600484013557434,0.8112255930900574,0.42056602239608765,0.3765840232372284,0.5600484013557434,0.8389199376106262,0.727199375629425
4,23704,8.103933334350586,8.050569534301758,8.110156059265137,8.086189270019531,8.09765911102295,8.040260314941406,0.8858890533447266,7.027571201324463,0.013980541378259659,0.07053881883621216,0.6068933010101318,3.0472257137298584,0.24427539110183716,1.2311512231826782,,,,,,,,,,,,,,
5,23749,,,,,,,,,,,,,,,8.940985571825877e-05,8.940985571825877e-05,2.8902309168188367e-06,,,,,,,,,,,
5,23799,,,,,,,,,,,,,,,8.935613004723564e-05,8.935613004723564e-05,2.8884944640594767e-06,,,,,,,,,,,
5,23849,,,,,,,,,,,,,,,8.93022952368483e-05,8.93022952368483e-05,2.886753918573959e-06,,,,,,,,,,,
5,23899,,,,,,,,,,,,,,,8.924833673518151e-05,8.924833673518151e-05,2.8850097351096338e-06,,,,,,,,,,,
5,23949,,,,,,,,,,,,,,,8.91942618181929e-05,8.91942618181929e-05,2.883261686292826e-06,,,,,,,,,,,
5,23999,,,,,,,,,,,,,,,8.914006320992485e-05,8.914006320992485e-05,2.881509772123536e-06,,,,,,,,,,,
5,24049,,,,,,,,,,,,,,,8.908574818633497e-05,8.908574818633497e-05,2.8797539926017635e-06,,,,,,,,,,,
5,24099,,,,,,,,,,,,,,,8.903131674742326e-05,8.903131674742326e-05,2.8779943477275083e-06,,,,,,,,,,,
5,24149,,,,,,,,,,,,,,,8.897676161723211e-05,8.897676161723211e-05,2.8762308375007706e-06,,,,,,,,,,,
5,24199,,,,,,,,,,,,,,,8.892209007171914e-05,8.892209007171914e-05,2.8744636892952258e-06,,,,,,,,,,,
5,24249,,,,,,,,,,,,,,,8.886730211088434e-05,8.886730211088434e-05,2.872692448363523e-06,,,,,,,,,,,
5,24299,,,,,,,,,,,,,,,8.88123904587701e-05,8.88123904587701e-05,2.870917569453013e-06,,,,,,,,,,,
5,24349,,,,,,,,,,,,,,,8.875736966729164e-05,8.875736966729164e-05,2.8691388251900207e-06,,,,,,,,,,,
5,24399,,,,,,,,,,,,,,,8.870222518453375e-05,8.870222518453375e-05,2.8673562155745458e-06,,,,,,,,,,,
5,24449,,,,,,,,,,,,,,,8.864696428645402e-05,8.864696428645402e-05,2.8655699679802638e-06,,,,,,,,,,,
5,24499,,,,,,,,,,,,,,,8.859157969709486e-05,8.859157969709486e-05,2.863779855033499e-06,,,,,,,,,,,
5,24549,,,,,,,,,,,,,,,8.853608596837148e-05,8.853608596837148e-05,2.861985876734252e-06,,,,,,,,,,,
5,24599,,,,,,,,,,,,,,,8.848047582432628e-05,8.848047582432628e-05,2.8601880330825225e-06,,,,,,,,,,,
5,24649,,,,,,,,,,,,,,,8.842474198900163e-05,8.842474198900163e-05,2.8583865514519857e-06,,,,,,,,,,,
5,24699,,,,,,,,,,,,,,,8.836889173835516e-05,8.836889173835516e-05,2.8565812044689665e-06,,,,,,,,,,,
5,24749,,,,,,,,,,,,,,,8.831293234834448e-05,8.831293234834448e-05,2.85477221950714e-06,,,,,,,,,,,
5,24799,,,,,,,,,,,,,,,8.825684926705435e-05,8.825684926705435e-05,2.8529593691928312e-06,,,,,,,,,,,
5,24849,,,,,,,,,,,,,,,8.82006497704424e-05,8.82006497704424e-05,2.85114265352604e-06,,,,,,,,,,,
5,24899,,,,,,,,,,,,,,,8.814434113446623e-05,8.814434113446623e-05,2.8493222998804413e-06,,,,,,,,,,,
5,24949,,,,,,,,,,,,,,,8.808790880721062e-05,8.808790880721062e-05,2.8474983082560357e-06,,,,,,,,,,,
5,24999,,,,,,,,,,,,,,,8.80313673405908e-05,8.80313673405908e-05,2.8456704512791475e-06,,,,,,,,,,,
5,25049,,,,,,,,,,,,,,,8.797470218269154e-05,8.797470218269154e-05,2.843838728949777e-06,,,,,,,,,,,
5,25099,,,,,,,,,,,,,,,8.791792788542807e-05,8.791792788542807e-05,2.8420035960152745e-06,,,,,,,,,,,
5,25149,,,,,,,,,,,,,,,8.786103717284277e-05,8.786103717284277e-05,2.8401643703546142e-06,,,,,,,,,,,
5,25199,,,,,,,,,,,,,,,8.780403004493564e-05,8.780403004493564e-05,2.8383217340888223e-06,,,,,,,,,,,
5,25249,,,,,,,,,,,,,,,8.77469137776643e-05,8.77469137776643e-05,2.8364752324705478e-06,,,,,,,,,,,
5,25299,,,,,,,,,,,,,,,8.768967381911352e-05,8.768967381911352e-05,2.834625092873466e-06,,,,,,,,,,,
5,25349,,,,,,,,,,,,,,,8.763232472119853e-05,8.763232472119853e-05,2.832771087923902e-06,,,,,,,,,,,
5,25399,,,,,,,,,,,,,,,8.757485920796171e-05,8.757485920796171e-05,2.830913444995531e-06,,,,,,,,,,,
5,25449,,,,,,,,,,,,,,,8.751727727940306e-05,8.751727727940306e-05,2.8290521640883526e-06,,,,,,,,,,,
5,25499,,,,,,,,,,,,,,,8.74595862114802e-05,8.74595862114802e-05,2.827187245202367e-06,,,,,,,,,,,
5,25549,,,,,,,,,,,,,,,8.740177872823551e-05,8.740177872823551e-05,2.8253186883375747e-06,,,,,,,,,,,
5,25599,,,,,,,,,,,,,,,8.7343854829669e-05,8.7343854829669e-05,2.8234462661202997e-06,,,,,,,,,,,
5,25649,,,,,,,,,,,,,,,8.728582179173827e-05,8.728582179173827e-05,2.8215702059242176e-06,,,,,,,,,,,
5,25699,,,,,,,,,,,,,,,8.722767233848572e-05,8.722767233848572e-05,2.8196905077493284e-06,,,,,,,,,,,
5,25749,,,,,,,,,,,,,,,8.716941374586895e-05,8.716941374586895e-05,2.817807171595632e-06,,,,,,,,,,,
5,25799,,,,,,,,,,,,,,,8.711103873793036e-05,8.711103873793036e-05,2.8159201974631287e-06,,,,,,,,,,,
5,25849,,,,,,,,,,,,,,,8.705255459062755e-05,8.705255459062755e-05,2.8140295853518182e-06,,,,,,,,,,,
5,25899,,,,,,,,,,,,,,,8.699395402800292e-05,8.699395402800292e-05,2.8121353352617007e-06,,,,,,,,,,,
5,25949,,,,,,,,,,,,,,,8.693523705005646e-05,8.693523705005646e-05,2.810237447192776e-06,,,,,,,,,,,
5,25999,,,,,,,,,,,,,,,8.687641093274578e-05,8.687641093274578e-05,2.8083359211450443e-06,,,,,,,,,,,
5,26049,,,,,,,,,,,,,,,8.68174756760709e-05,8.68174756760709e-05,2.8064307571185054e-06,,,,,,,,,,,
5,26099,,,,,,,,,,,,,,,8.67584312800318e-05,8.67584312800318e-05,2.8045219551131595e-06,,,,,,,,,,,
5,26149,,,,,,,,,,,,,,,8.669927046867087e-05,8.669927046867087e-05,2.8026095151290065e-06,,,,,,,,,,,
5,26199,,,,,,,,,,,,,,,8.663999324198812e-05,8.663999324198812e-05,2.8006934371660464e-06,,,,,,,,,,,
5,26249,,,,,,,,,,,,,,,8.658061415189877e-05,8.658061415189877e-05,2.7987739485979546e-06,,,,,,,,,,,
5,26299,,,,,,,,,,,,,,,8.65211186464876e-05,8.65211186464876e-05,2.7968505946773803e-06,,,,,,,,,,,
5,26349,,,,,,,,,,,,,,,8.64615140017122e-05,8.64615140017122e-05,2.7949238301516743e-06,,,,,,,,,,,
5,26399,,,,,,,,,,,,,,,8.640179294161499e-05,8.640179294161499e-05,2.7929934276471613e-06,,,,,,,,,,,
5,26449,,,,,,,,,,,,,,,8.634197001811117e-05,8.634197001811117e-05,2.7910596145375166e-06,,,,,,,,,,,
5,26499,,,,,,,,,,,,,,,8.628203067928553e-05,8.628203067928553e-05,2.7891219360753894e-06,,,,,,,,,,,
5,26549,,,,,,,,,,,,,,,8.622198220109567e-05,8.622198220109567e-05,2.7871808470081305e-06,,,,,,,,,,,
5,26599,,,,,,,,,,,,,,,8.61618245835416e-05,8.61618245835416e-05,2.78523634733574e-06,,,,,,,,,,,
5,26649,,,,,,,,,,,,,,,8.610155782662332e-05,8.610155782662332e-05,2.783287982310867e-06,,,,,,,,,,,
5,26699,,,,,,,,,,,,,,,8.604117465438321e-05,8.604117465438321e-05,2.7813362066808622e-06,,,,,,,,,,,
5,26749,,,,,,,,,,,,,,,8.59806896187365e-05,8.59806896187365e-05,2.779381020445726e-06,,,,,,,,,,,
5,26799,,,,,,,,,,,,,,,8.592008816776797e-05,8.592008816776797e-05,2.7774221962317824e-06,,,,,,,,,,,
5,26849,,,,,,,,,,,,,,,8.585938485339284e-05,8.585938485339284e-05,2.775459734039032e-06,,,,,,,,,,,
5,26899,,,,,,,,,,,,,,,8.57985723996535e-05,8.57985723996535e-05,2.7734938612411497e-06,,,,,,,,,,,
5,26949,,,,,,,,,,,,,,,8.573764353059232e-05,8.573764353059232e-05,2.7715243504644604e-06,,,,,,,,,,,
5,26999,,,,,,,,,,,,,,,8.567661279812455e-05,8.567661279812455e-05,2.7695514290826395e-06,,,,,,,,,,,
5,27049,,,,,,,,,,,,,,,8.561547292629257e-05,8.561547292629257e-05,2.767575097095687e-06,,,,,,,,,,,
5,27099,,,,,,,,,,,,,,,8.555422391509637e-05,8.555422391509637e-05,2.7655951271299273e-06,,,,,,,,,,,
5,27149,,,,,,,,,,,,,,,8.549286576453596e-05,8.549286576453596e-05,2.763611746559036e-06,,,,,,,,,,,
5,27199,,,,,,,,,,,,,,,8.543139847461134e-05,8.543139847461134e-05,2.7616247280093376e-06,,,,,,,,,,,
5,27249,,,,,,,,,,,,,,,8.536982204532251e-05,8.536982204532251e-05,2.7596342988545075e-06,,,,,,,,,,,
5,27299,,,,,,,,,,,,,,,8.530814375262707e-05,8.530814375262707e-05,2.757640459094546e-06,,,,,,,,,,,
5,27349,,,,,,,,,,,,,,,8.524635632056743e-05,8.524635632056743e-05,2.7556432087294525e-06,,,,,,,,,,,
5,27399,,,,,,,,,,,,,,,8.518445974914357e-05,8.518445974914357e-05,2.753642320385552e-06,,,,,,,,,,,
5,27449,,,,,,,,,,,,,,,8.51224540383555e-05,8.51224540383555e-05,2.75163802143652e-06,,,,,,,,,,,
5,27499,,,,,,,,,,,,,,,8.506034646416083e-05,8.506034646416083e-05,2.749630311882356e-06,,,,,,,,,,,
5,27549,,,,,,,,,,,,,,,8.499812975060195e-05,8.499812975060195e-05,2.747619191723061e-06,,,,,,,,,,,
5,27599,,,,,,,,,,,,,,,8.493581117363647e-05,8.493581117363647e-05,2.7456044335849583e-06,,,,,,,,,,,
5,27649,,,,,,,,,,,,,,,8.487338345730677e-05,8.487338345730677e-05,2.7435864922153996e-06,,,,,,,,,,,
5,27699,,,,,,,,,,,,,,,8.481084660161287e-05,8.481084660161287e-05,2.741564912867034e-06,,,,,,,,,,,
5,27749,,,,,,,,,,,,,,,8.474820788251236e-05,8.474820788251236e-05,2.739540150287212e-06,,,,,,,,,,,
5,27799,,,,,,,,,,,,,,,8.468546002404764e-05,8.468546002404764e-05,2.737511749728583e-06,,,,,,,,,,,
5,27849,,,,,,,,,,,,,,,8.462261030217633e-05,8.462261030217633e-05,2.7354801659384975e-06,,,,,,,,,,,
5,27899,,,,,,,,,,,,,,,8.45596514409408e-05,8.45596514409408e-05,2.733444944169605e-06,,,,,,,,,,,
5,27949,,,,,,,,,,,,,,,8.449659071629867e-05,8.449659071629867e-05,2.7314065391692566e-06,,,,,,,,,,,
5,27999,,,,,,,,,,,,,,,8.443342085229233e-05,8.443342085229233e-05,2.729364496190101e-06,,,,,,,,,,,
5,28049,,,,,,,,,,,,,,,8.437014912487939e-05,8.437014912487939e-05,2.727319269979489e-06,,,,,,,,,,,
5,28099,,,,,,,,,,,,,,,8.430677553405985e-05,8.430677553405985e-05,2.7252706331637455e-06,,,,,,,,,,,
5,28149,,,,,,,,,,,,,,,8.42432928038761e-05,8.42432928038761e-05,2.7232185857428703e-06,,,,,,,,,,,
5,28199,,,,,,,,,,,,,,,8.417970821028575e-05,8.417970821028575e-05,2.7211631277168635e-06,,,,,,,,,,,
5,28249,,,,,,,,,,,,,,,8.41160217532888e-05,8.41160217532888e-05,2.719104259085725e-06,,,,,,,,,,,
5,28299,,,,,,,,,,,,,,,8.405222615692765e-05,8.405222615692765e-05,2.7170422072231304e-06,,,,,,,,,,,
5,28349,,,,,,,,,,,,,,,8.398832869715989e-05,8.398832869715989e-05,2.714976744755404e-06,,,,,,,,,,,
5,28399,,,,,,,,,,,,,,,8.392432937398553e-05,8.392432937398553e-05,2.712907871682546e-06,,,,,,,,,,,
5,28445,,,,,,,,,,,,,,,,,,0.7697654366493225,0.8053357601165771,0.4192974865436554,0.3683827817440033,0.5614205002784729,0.8053357601165771,0.4192974865436554,0.3683827817440033,0.5614205002784729,0.8334901332855225,0.7150928378105164
5,28445,8.295480728149414,8.24472713470459,8.30064868927002,8.295269966125488,8.287070274353027,8.254297256469727,0.6960557103157043,7.064094066619873,0.01384139247238636,0.06996940076351166,0.6109520792961121,3.065030813217163,0.24567557871341705,1.2388554811477661,,,,,,,,,,,,,,
6,28449,,,,,,,,,,,,,,,8.386022818740457e-05,8.386022818740457e-05,2.710835815378232e-06,,,,,,,,,,,
6,28499,,,,,,,,,,,,,,,8.379602513741702e-05,8.379602513741702e-05,2.708760348468786e-06,,,,,,,,,,,
6,28549,,,,,,,,,,,,,,,8.373171294806525e-05,8.373171294806525e-05,2.7066814709542086e-06,,,,,,,,,,,
6,28599,,,,,,,,,,,,,,,8.36673061712645e-05,8.36673061712645e-05,2.704599410208175e-06,,,,,,,,,,,
6,28649,,,,,,,,,,,,,,,8.360279025509953e-05,8.360279025509953e-05,2.7025139388570096e-06,,,,,,,,,,,
6,28699,,,,,,,,,,,,,,,8.353817975148559e-05,8.353817975148559e-05,2.700425284274388e-06,,,,,,,,,,,
6,28749,,,,,,,,,,,,,,,8.347346010850742e-05,8.347346010850742e-05,2.698333219086635e-06,,,,,,,,,,,
6,28799,,,,,,,,,,,,,,,8.340863860212266e-05,8.340863860212266e-05,2.69623774329375e-06,,,,,,,,,,,
6,28849,,,,,,,,,,,,,,,8.334372250828892e-05,8.334372250828892e-05,2.6941393116430845e-06,,,,,,,,,,,
6,28899,,,,,,,,,,,,,,,8.327869727509096e-05,8.327869727509096e-05,2.6920374693872873e-06,,,,,,,,,,,
6,28949,,,,,,,,,,,,,,,8.321357745444402e-05,8.321357745444402e-05,2.6899322165263584e-06,,,,,,,,,,,
6,28999,,,,,,,,,,,,,,,8.314834849443287e-05,8.314834849443287e-05,2.6878237804339733e-06,,,,,,,,,,,
6,29049,,,,,,,,,,,,,,,8.308302494697273e-05,8.308302494697273e-05,2.685712161110132e-06,,,,,,,,,,,
6,29099,,,,,,,,,,,,,,,8.301759953610599e-05,8.301759953610599e-05,2.683597131181159e-06,,,,,,,,,,,
6,29149,,,,,,,,,,,,,,,8.295207226183265e-05,8.295207226183265e-05,2.6814791453944054e-06,,,,,,,,,,,
6,29199,,,,,,,,,,,,,,,8.288645040011033e-05,8.288645040011033e-05,2.67935774900252e-06,,,,,,,,,,,
6,29249,,,,,,,,,,,,,,,8.28207193990238e-05,8.28207193990238e-05,2.677232942005503e-06,,,,,,,,,,,
6,29299,,,,,,,,,,,,,,,8.275489381048828e-05,8.275489381048828e-05,2.6751051791507052e-06,,,,,,,,,,,
6,29349,,,,,,,,,,,,,,,8.268897363450378e-05,8.268897363450378e-05,2.672974005690776e-06,,,,,,,,,,,
6,29399,,,,,,,,,,,,,,,8.262294431915507e-05,8.262294431915507e-05,2.67083964899939e-06,,,,,,,,,,,
6,29449,,,,,,,,,,,,,,,8.255682041635737e-05,8.255682041635737e-05,2.668702336450224e-06,,,,,,,,,,,
6,29499,,,,,,,,,,,,,,,8.249059465015307e-05,8.249059465015307e-05,2.6665616132959258e-06,,,,,,,,,,,
6,29549,,,,,,,,,,,,,,,8.242427429649979e-05,8.242427429649979e-05,2.6644177069101715e-06,,,,,,,,,,,
6,29599,,,,,,,,,,,,,,,8.235785207943991e-05,8.235785207943991e-05,2.662270617292961e-06,,,,,,,,,,,
6,29649,,,,,,,,,,,,,,,8.229133527493104e-05,8.229133527493104e-05,2.6601203444442945e-06,,,,,,,,,,,
6,29699,,,,,,,,,,,,,,,8.222471660701558e-05,8.222471660701558e-05,2.6579668883641716e-06,,,,,,,,,,,
6,29749,,,,,,,,,,,,,,,8.215800335165113e-05,8.215800335165113e-05,2.6558102490525926e-06,,,,,,,,,,,
6,29799,,,,,,,,,,,,,,,8.209118823288009e-05,8.209118823288009e-05,2.6536504265095573e-06,,,,,,,,,,,
6,29849,,,,,,,,,,,,,,,8.202427852666005e-05,8.202427852666005e-05,2.651487420735066e-06,,,,,,,,,,,
6,29899,,,,,,,,,,,,,,,8.195727423299104e-05,8.195727423299104e-05,2.6493214591027936e-06,,,,,,,,,,,
6,29949,,,,,,,,,,,,,,,8.189016807591543e-05,8.189016807591543e-05,2.647152314239065e-06,,,,,,,,,,,
6,29999,,,,,,,,,,,,,,,8.182296733139083e-05,8.182296733139083e-05,2.6449799861438805e-06,,,,,,,,,,,
6,30049,,,,,,,,,,,,,,,8.175566472345963e-05,8.175566472345963e-05,2.6428044748172397e-06,,,,,,,,,,,
6,30099,,,,,,,,,,,,,,,8.168827480403706e-05,8.168827480403706e-05,2.6406257802591426e-06,,,,,,,,,,,
6,30149,,,,,,,,,,,,,,,8.16207830212079e-05,8.16207830212079e-05,2.638444129843265e-06,,,,,,,,,,,
6,30199,,,,,,,,,,,,,,,8.155318937497213e-05,8.155318937497213e-05,2.636259296195931e-06,,,,,,,,,,,
6,30249,,,,,,,,,,,,,,,8.1485508417245e-05,8.1485508417245e-05,2.6340712793171406e-06,,,,,,,,,,,
6,30299,,,,,,,,,,,,,,,8.141772559611127e-05,8.141772559611127e-05,2.6318803065805696e-06,,,,,,,,,,,
6,30349,,,,,,,,,,,,,,,8.134985546348616e-05,8.134985546348616e-05,2.6296861506125424e-06,,,,,,,,,,,
6,30399,,,,,,,,,,,,,,,8.128188346745446e-05,8.128188346745446e-05,2.6274890387867345e-06,,,,,,,,,,,
6,30449,,,,,,,,,,,,,,,8.121381688397378e-05,8.121381688397378e-05,2.6252887437294703e-06,,,,,,,,,,,
6,30499,,,,,,,,,,,,,,,8.114565571304411e-05,8.114565571304411e-05,2.6230854928144254e-06,,,,,,,,,,,
6,30549,,,,,,,,,,,,,,,8.107739995466545e-05,8.107739995466545e-05,2.6208790586679243e-06,,,,,,,,,,,
6,30599,,,,,,,,,,,,,,,8.100904960883781e-05,8.100904960883781e-05,2.6186696686636424e-06,,,,,,,,,,,
6,30649,,,,,,,,,,,,,,,8.094060467556119e-05,8.094060467556119e-05,2.6164570954279043e-06,,,,,,,,,,,
6,30699,,,,,,,,,,,,,,,8.08720724307932e-05,8.08720724307932e-05,2.6142415663343854e-06,,,,,,,,,,,
6,30749,,,,,,,,,,,,,,,8.08034383226186e-05,8.08034383226186e-05,2.612023081383086e-06,,,,,,,,,,,
6,30799,,,,,,,,,,,,,,,8.073470962699503e-05,8.073470962699503e-05,2.60980141320033e-06,,,,,,,,,,,
6,30849,,,,,,,,,,,,,,,8.066589361988008e-05,8.066589361988008e-05,2.6075767891597934e-06,,,,,,,,,,,
6,30899,,,,,,,,,,,,,,,8.059698302531615e-05,8.059698302531615e-05,2.605349209261476e-06,,,,,,,,,,,
6,30949,,,,,,,,,,,,,,,8.052797784330323e-05,8.052797784330323e-05,2.6031184461317025e-06,,,,,,,,,,,
6,30999,,,,,,,,,,,,,,,8.045887807384133e-05,8.045887807384133e-05,2.600884727144148e-06,,,,,,,,,,,
6,31049,,,,,,,,,,,,,,,8.038968371693045e-05,8.038968371693045e-05,2.5986482796724886e-06,,,,,,,,,,,
6,31099,,,,,,,,,,,,,,,8.03204020485282e-05,8.03204020485282e-05,2.5964086489693727e-06,,,,,,,,,,,
6,31149,,,,,,,,,,,,,,,8.025102579267696e-05,8.025102579267696e-05,2.594166062408476e-06,,,,,,,,,,,
6,31199,,,,,,,,,,,,,,,8.018156222533435e-05,8.018156222533435e-05,2.5919202926161233e-06,,,,,,,,,,,
6,31249,,,,,,,,,,,,,,,8.011199679458514e-05,8.011199679458514e-05,2.589671794339665e-06,,,,,,,,,,,
6,31299,,,,,,,,,,,,,,,8.004235132830217e-05,8.004235132830217e-05,2.5874203402054263e-06,,,,,,,,,,,
6,31349,,,,,,,,,,,,,,,7.997260399861261e-05,7.997260399861261e-05,2.5851659302134067e-06,,,,,,,,,,,
6,31399,,,,,,,,,,,,,,,7.99027766333893e-05,7.99027766333893e-05,2.5829085643636063e-06,,,,,,,,,,,
6,31449,,,,,,,,,,,,,,,7.983284740475938e-05,7.983284740475938e-05,2.5806480152823497e-06,,,,,,,,,,,
6,31499,,,,,,,,,,,,,,,7.97628381405957e-05,7.97628381405957e-05,2.5783847377169877e-06,,,,,,,,,,,
6,31549,,,,,,,,,,,,,,,7.969272701302543e-05,7.969272701302543e-05,2.5761187316675205e-06,,,,,,,,,,,
6,31599,,,,,,,,,,,,,,,7.96225358499214e-05,7.96225358499214e-05,2.573849542386597e-06,,,,,,,,,,,
6,31649,,,,,,,,,,,,,,,7.95522500993684e-05,7.95522500993684e-05,2.571577397247893e-06,,,,,,,,,,,
6,31699,,,,,,,,,,,,,,,7.94818697613664e-05,7.94818697613664e-05,2.5693025236250833e-06,,,,,,,,,,,
6,31749,,,,,,,,,,,,,,,7.941140938783064e-05,7.941140938783064e-05,2.567024694144493e-06,,,,,,,,,,,
6,31799,,,,,,,,,,,,,,,7.934085442684591e-05,7.934085442684591e-05,2.564743908806122e-06,,,,,,,,,,,
6,31849,,,,,,,,,,,,,,,7.927020487841219e-05,7.927020487841219e-05,2.5624603949836455e-06,,,,,,,,,,,
6,31899,,,,,,,,,,,,,,,7.919947529444471e-05,7.919947529444471e-05,2.5601739253033884e-06,,,,,,,,,,,
6,31949,,,,,,,,,,,,,,,7.912865112302825e-05,7.912865112302825e-05,2.5578844997653505e-06,,,,,,,,,,,
6,31999,,,,,,,,,,,,,,,7.905774691607803e-05,7.905774691607803e-05,2.5555923457432073e-06,,,,,,,,,,,
6,32049,,,,,,,,,,,,,,,7.898674812167883e-05,7.898674812167883e-05,2.5532972358632833e-06,,,,,,,,,,,
6,32099,,,,,,,,,,,,,,,7.891565473983064e-05,7.891565473983064e-05,2.550999397499254e-06,,,,,,,,,,,
6,32149,,,,,,,,,,,,,,,7.88444813224487e-05,7.88444813224487e-05,2.548698603277444e-06,,,,,,,,,,,
6,32199,,,,,,,,,,,,,,,7.877322059357539e-05,7.877322059357539e-05,2.546394853197853e-06,,,,,,,,,,,
6,32249,,,,,,,,,,,,,,,7.87018725532107e-05,7.87018725532107e-05,2.544088374634157e-06,,,,,,,,,,,
6,32299,,,,,,,,,,,,,,,7.863042992539704e-05,7.863042992539704e-05,2.5417791675863555e-06,,,,,,,,,,,
6,32349,,,,,,,,,,,,,,,7.855890726204962e-05,7.855890726204962e-05,2.5394672320544487e-06,,,,,,,,,,,
6,32399,,,,,,,,,,,,,,,7.848729728721082e-05,7.848729728721082e-05,2.537152340664761e-06,,,,,,,,,,,
6,32449,,,,,,,,,,,,,,,7.841560000088066e-05,7.841560000088066e-05,2.534834493417293e-06,,,,,,,,,,,
6,32499,,,,,,,,,,,,,,,7.834381540305912e-05,7.834381540305912e-05,2.5325141450593947e-06,,,,,,,,,,,
6,32549,,,,,,,,,,,,,,,7.827194349374622e-05,7.827194349374622e-05,2.5301908408437157e-06,,,,,,,,,,,
6,32599,,,,,,,,,,,,,,,7.819999154889956e-05,7.819999154889956e-05,2.5278648081439314e-06,,,,,,,,,,,
6,32649,,,,,,,,,,,,,,,7.812794501660392e-05,7.812794501660392e-05,2.525536046960042e-06,,,,,,,,,,,
6,32699,,,,,,,,,,,,,,,7.805581844877452e-05,7.805581844877452e-05,2.523204557292047e-06,,,,,,,,,,,
6,32749,,,,,,,,,,,,,,,7.798360456945375e-05,7.798360456945375e-05,2.5208701117662713e-06,,,,,,,,,,,
6,32799,,,,,,,,,,,,,,,7.791131065459922e-05,7.791131065459922e-05,2.5185331651300658e-06,,,,,,,,,,,
6,32849,,,,,,,,,,,,,,,7.783892215229571e-05,7.783892215229571e-05,2.5161932626360795e-06,,,,,,,,,,,
6,32899,,,,,,,,,,,,,,,7.776646089041606e-05,7.776646089041606e-05,2.513850631657988e-06,,,,,,,,,,,
6,32949,,,,,,,,,,,,,,,7.769390504108742e-05,7.769390504108742e-05,2.511505272195791e-06,,,,,,,,,,,
6,32999,,,,,,,,,,,,,,,7.762126915622503e-05,7.762126915622503e-05,2.509157411623164e-06,,,,,,,,,,,
6,33049,,,,,,,,,,,,,,,7.754855323582888e-05,7.754855323582888e-05,2.5068065951927565e-06,,,,,,,,,,,
6,33099,,,,,,,,,,,,,,,7.747574272798374e-05,7.747574272798374e-05,2.504453277651919e-06,,,,,,,,,,,
6,33149,,,,,,,,,,,,,,,7.740285946056247e-05,7.740285946056247e-05,2.502097004253301e-06,,,,,,,,,,,
6,33186,,,,,,,,,,,,,,,,,,0.7665933966636658,0.7996873259544373,0.4195380210876465,0.3753039240837097,0.5624697208404541,0.7996873259544373,0.4195380210876465,0.3753039240837097,0.5624697208404541,0.8416988253593445,0.7037934064865112
6,33186,8.419742584228516,8.37336540222168,8.412518501281738,8.421060562133789,8.414759635925293,8.356966018676758,0.8226112127304077,6.943441390991211,0.013596585020422935,0.06860841065645218,0.6027263402938843,3.0241615772247314,0.24043484032154083,1.212328314781189,,,,,,,,,,,,,,
7,33199,,,,,,,,,,,,,,,7.732988888164982e-05,7.732988888164982e-05,2.4997382297442527e-06,,,,,,,,,,,
7,33249,,,,,,,,,,,,,,,7.72568309912458e-05,7.72568309912458e-05,2.4973767267510993e-06,,,,,,,,,,,
7,33299,,,,,,,,,,,,,,,7.718369306530803e-05,7.718369306530803e-05,2.4950124952738406e-06,,,,,,,,,,,
7,33349,,,,,,,,,,,,,,,7.71104751038365e-05,7.71104751038365e-05,2.492645762686152e-06,,,,,,,,,,,
7,33399,,,,,,,,,,,,,,,7.703717710683122e-05,7.703717710683122e-05,2.4902760742406826e-06,,,,,,,,,,,
7,33449,,,,,,,,,,,,,,,7.696379179833457e-05,7.696379179833457e-05,2.4879038846847834e-06,,,,,,,,,,,
7,33499,,,,,,,,,,,,,,,7.689032645430416e-05,7.689032645430416e-05,2.4855291940184543e-06,,,,,,,,,,,
7,33549,,,,,,,,,,,,,,,7.681677379878238e-05,7.681677379878238e-05,2.4831515474943444e-06,,,,,,,,,,,
7,33599,,,,,,,,,,,,,,,7.674314838368446e-05,7.674314838368446e-05,2.4807713998598047e-06,,,,,,,,,,,
7,33649,,,,,,,,,,,,,,,7.666943565709516e-05,7.666943565709516e-05,2.478388751114835e-06,,,,,,,,,,,
7,33699,,,,,,,,,,,,,,,7.659564289497212e-05,7.659564289497212e-05,2.47600337388576e-06,,,,,,,,,,,
7,33749,,,,,,,,,,,,,,,7.652177009731531e-05,7.652177009731531e-05,2.4736154955462553e-06,,,,,,,,,,,
7,33799,,,,,,,,,,,,,,,7.644781726412475e-05,7.644781726412475e-05,2.471224888722645e-06,,,,,,,,,,,
7,33849,,,,,,,,,,,,,,,7.637378439540043e-05,7.637378439540043e-05,2.4688315534149297e-06,,,,,,,,,,,
7,33899,,,,,,,,,,,,,,,7.629967149114236e-05,7.629967149114236e-05,2.4664359443704598e-06,,,,,,,,,,,
7,33949,,,,,,,,,,,,,,,7.622547855135053e-05,7.622547855135053e-05,2.464037379468209e-06,,,,,,,,,,,
7,33999,,,,,,,,,,,,,,,7.615120557602495e-05,7.615120557602495e-05,2.461636540829204e-06,,,,,,,,,,,
7,34049,,,,,,,,,,,,,,,7.607685256516561e-05,7.607685256516561e-05,2.4592329737060936e-06,,,,,,,,,,,
7,34099,,,,,,,,,,,,,,,7.600241951877251e-05,7.600241951877251e-05,2.4568269054725533e-06,,,,,,,,,,,
7,34149,,,,,,,,,,,,,,,7.592790643684566e-05,7.592790643684566e-05,2.454418336128583e-06,,,,,,,,,,,
7,34199,,,,,,,,,,,,,,,7.585331331938505e-05,7.585331331938505e-05,2.4520070383005077e-06,,,,,,,,,,,
7,34249,,,,,,,,,,,,,,,7.57786474423483e-05,7.57786474423483e-05,2.449593466735678e-06,,,,,,,,,,,
7,34299,,,,,,,,,,,,,,,7.57039015297778e-05,7.57039015297778e-05,2.4471771666867426e-06,,,,,,,,,,,
7,34349,,,,,,,,,,,,,,,7.562907558167353e-05,7.562907558167353e-05,2.4447583655273775e-06,,,,,,,,,,,
7,34399,,,,,,,,,,,,,,,7.555416959803551e-05,7.555416959803551e-05,2.4423370632575825e-06,,,,,,,,,,,
7,34449,,,,,,,,,,,,,,,7.547919085482135e-05,7.547919085482135e-05,2.4399132598773576e-06,,,,,,,,,,,
7,34499,,,,,,,,,,,,,,,7.540413207607344e-05,7.540413207607344e-05,2.437486955386703e-06,,,,,,,,,,,
7,34549,,,,,,,,,,,,,,,7.532899326179177e-05,7.532899326179177e-05,2.4350581497856183e-06,,,,,,,,,,,
7,34599,,,,,,,,,,,,,,,7.525378168793395e-05,7.525378168793395e-05,2.432626843074104e-06,,,,,,,,,,,
7,34649,,,,,,,,,,,,,,,7.517849007854238e-05,7.517849007854238e-05,2.4301930352521595e-06,,,,,,,,,,,
7,34699,,,,,,,,,,,,,,,7.510312570957467e-05,7.510312570957467e-05,2.4277567263197852e-06,,,,,,,,,,,
7,34749,,,,,,,,,,,,,,,7.50276813050732e-05,7.50276813050732e-05,2.425317916276981e-06,,,,,,,,,,,
7,34799,,,,,,,,,,,,,,,7.495216414099559e-05,7.495216414099559e-05,2.4228768324974226e-06,,,,,,,,,,,
7,34849,,,,,,,,,,,,,,,7.487656694138423e-05,7.487656694138423e-05,2.4204330202337587e-06,,,,,,,,,,,
7,34899,,,,,,,,,,,,,,,7.480089698219672e-05,7.480089698219672e-05,2.4179869342333404e-06,,,,,,,,,,,
7,34949,,,,,,,,,,,,,,,7.472515426343307e-05,7.472515426343307e-05,2.4155385744961677e-06,,,,,,,,,,,
7,34999,,,,,,,,,,,,,,,7.464933150913566e-05,7.464933150913566e-05,2.4130874862748897e-06,,,,,,,,,,,
7,35049,,,,,,,,,,,,,,,7.457343599526212e-05,7.457343599526212e-05,2.410634124316857e-06,,,,,,,,,,,
7,35099,,,,,,,,,,,,,,,7.449746772181243e-05,7.449746772181243e-05,2.408178261248395e-06,,,,,,,,,,,
7,35149,,,,,,,,,,,,,,,7.442141941282898e-05,7.442141941282898e-05,2.405720124443178e-06,,,,,,,,,,,
7,35199,,,,,,,,,,,,,,,7.43452983442694e-05,7.43452983442694e-05,2.4032594865275314e-06,,,,,,,,,,,
7,35249,,,,,,,,,,,,,,,7.426910451613367e-05,7.426910451613367e-05,2.4007965748751303e-06,,,,,,,,,,,
7,35299,,,,,,,,,,,,,,,7.41928379284218e-05,7.41928379284218e-05,2.3983311621122994e-06,,,,,,,,,,,
7,35349,,,,,,,,,,,,,,,7.411649858113378e-05,7.411649858113378e-05,2.395863475612714e-06,,,,,,,,,,,
7,35399,,,,,,,,,,,,,,,7.404008647426963e-05,7.404008647426963e-05,2.3933932880026987e-06,,,,,,,,,,,
7,35449,,,,,,,,,,,,,,,7.396359433187172e-05,7.396359433187172e-05,2.390920826655929e-06,,,,,,,,,,,
7,35499,,,,,,,,,,,,,,,7.388703670585528e-05,7.388703670585528e-05,2.3884458641987294e-06,,,,,,,,,,,
7,35549,,,,,,,,,,,,,,,7.38104063202627e-05,7.38104063202627e-05,2.3859686280047754e-06,,,,,,,,,,,
7,35599,,,,,,,,,,,,,,,7.373369589913636e-05,7.373369589913636e-05,2.383489118074067e-06,,,,,,,,,,,
7,35649,,,,,,,,,,,,,,,7.36569199943915e-05,7.36569199943915e-05,2.381007334406604e-06,,,,,,,,,,,
7,35699,,,,,,,,,,,,,,,7.35800713300705e-05,7.35800713300705e-05,2.3785230496287113e-06,,,,,,,,,,,
7,35749,,,,,,,,,,,,,,,7.350314990617335e-05,7.350314990617335e-05,2.376036491114064e-06,,,,,,,,,,,
7,35799,,,,,,,,,,,,,,,7.342616299865767e-05,7.342616299865767e-05,2.3735476588626625e-06,,,,,,,,,,,
7,35849,,,,,,,,,,,,,,,7.334909605560824e-05,7.334909605560824e-05,2.3710565528745065e-06,,,,,,,,,,,
7,35899,,,,,,,,,,,,,,,7.327196362894028e-05,7.327196362894028e-05,2.368563173149596e-06,,,,,,,,,,,
7,35949,,,,,,,,,,,,,,,7.319475844269618e-05,7.319475844269618e-05,2.366067519687931e-06,,,,,,,,,,,
7,35999,,,,,,,,,,,,,,,7.311748049687594e-05,7.311748049687594e-05,2.3635693651158363e-06,,,,,,,,,,,
7,36049,,,,,,,,,,,,,,,7.304013706743717e-05,7.304013706743717e-05,2.3610691641806625e-06,,,,,,,,,,,
7,36099,,,,,,,,,,,,,,,7.296272087842226e-05,7.296272087842226e-05,2.3585666895087343e-06,,,,,,,,,,,
7,36149,,,,,,,,,,,,,,,7.288523192983121e-05,7.288523192983121e-05,2.3560619411000516e-06,,,,,,,,,,,
7,36199,,,,,,,,,,,,,,,7.280767749762163e-05,7.280767749762163e-05,2.3535549189546145e-06,,,,,,,,,,,
7,36249,,,,,,,,,,,,,,,7.27300503058359e-05,7.27300503058359e-05,2.351045623072423e-06,,,,,,,,,,,
7,36299,,,,,,,,,,,,,,,7.265235763043165e-05,7.265235763043165e-05,2.348534053453477e-06,,,,,,,,,,,
7,36349,,,,,,,,,,,,,,,7.257459219545126e-05,7.257459219545126e-05,2.3460202100977767e-06,,,,,,,,,,,
7,36399,,,,,,,,,,,,,,,7.249676127685234e-05,7.249676127685234e-05,2.3435043203789974e-06,,,,,,,,,,,
7,36449,,,,,,,,,,,,,,,7.241886487463489e-05,7.241886487463489e-05,2.3409861569234636e-06,,,,,,,,,,,
7,36499,,,,,,,,,,,,,,,7.23408957128413e-05,7.23408957128413e-05,2.3384657197311753e-06,,,,,,,,,,,
7,36549,,,,,,,,,,,,,,,7.226285379147157e-05,7.226285379147157e-05,2.335943236175808e-06,,,,,,,,,,,
7,36599,,,,,,,,,,,,,,,7.218475366244093e-05,7.218475366244093e-05,2.3334184788836865e-06,,,,,,,,,,,
7,36649,,,,,,,,,,,,,,,7.210658077383414e-05,7.210658077383414e-05,2.3308914478548104e-06,,,,,,,,,,,
7,36699,,,,,,,,,,,,,,,7.202834240160882e-05,7.202834240160882e-05,2.3283623704628553e-06,,,,,,,,,,,
7,36749,,,,,,,,,,,,,,,7.195003854576498e-05,7.195003854576498e-05,2.3258312467078213e-06,,,,,,,,,,,
7,36799,,,,,,,,,,,,,,,7.1871661930345e-05,7.1871661930345e-05,2.3232976218423573e-06,,,,,,,,,,,
7,36849,,,,,,,,,,,,,,,7.17932271072641e-05,7.17932271072641e-05,2.32076217798749e-06,,,,,,,,,,,
7,36899,,,,,,,,,,,,,,,7.171471952460706e-05,7.171471952460706e-05,2.318224460395868e-06,,,,,,,,,,,
7,36949,,,,,,,,,,,,,,,7.163615373428911e-05,7.163615373428911e-05,2.3156844690674916e-06,,,,,,,,,,,
7,36999,,,,,,,,,,,,,,,7.155751518439502e-05,7.155751518439502e-05,2.3131426587497117e-06,,,,,,,,,,,
7,37049,,,,,,,,,,,,,,,7.147881115088239e-05,7.147881115088239e-05,2.310598347321502e-06,,,,,,,,,,,
7,37099,,,,,,,,,,,,,,,7.140004163375124e-05,7.140004163375124e-05,2.3080522169038886e-06,,,,,,,,,,,
7,37149,,,,,,,,,,,,,,,7.132120663300157e-05,7.132120663300157e-05,2.305503812749521e-06,,,,,,,,,,,
7,37199,,,,,,,,,,,,,,,7.124231342459098e-05,7.124231342459098e-05,2.3029535896057496e-06,,,,,,,,,,,
7,37249,,,,,,,,,,,,,,,7.116334745660424e-05,7.116334745660424e-05,2.3004008653515484e-06,,,,,,,,,,,
7,37299,,,,,,,,,,,,,,,7.10843232809566e-05,7.10843232809566e-05,2.2978463221079437e-06,,,,,,,,,,,
7,37349,,,,,,,,,,,,,,,7.100523362169042e-05,7.100523362169042e-05,2.29528973250126e-06,,,,,,,,,,,
7,37399,,,,,,,,,,,,,,,7.092607847880572e-05,7.092607847880572e-05,2.2927310965314973e-06,,,,,,,,,,,
7,37449,,,,,,,,,,,,,,,7.084685785230249e-05,7.084685785230249e-05,2.29017018682498e-06,,,,,,,,,,,
7,37499,,,,,,,,,,,,,,,7.076757901813835e-05,7.076757901813835e-05,2.2876074581290595e-06,,,,,,,,,,,
7,37549,,,,,,,,,,,,,,,7.068823470035568e-05,7.068823470035568e-05,2.2850424556963844e-06,,,,,,,,,,,
7,37599,,,,,,,,,,,,,,,7.060882489895448e-05,7.060882489895448e-05,2.2824756342743058e-06,,,,,,,,,,,
7,37649,,,,,,,,,,,,,,,7.052935688989237e-05,7.052935688989237e-05,2.279906766489148e-06,,,,,,,,,,,
7,37699,,,,,,,,,,,,,,,7.044982339721173e-05,7.044982339721173e-05,2.277335624967236e-06,,,,,,,,,,,
7,37749,,,,,,,,,,,,,,,7.037022442091256e-05,7.037022442091256e-05,2.2747626644559205e-06,,,,,,,,,,,
7,37799,,,,,,,,,,,,,,,7.029056723695248e-05,7.029056723695248e-05,2.2721878849552013e-06,,,,,,,,,,,
7,37849,,,,,,,,,,,,,,,7.021085184533149e-05,7.021085184533149e-05,2.2696108317177277e-06,,,,,,,,,,,
7,37899,,,,,,,,,,,,,,,7.013107097009197e-05,7.013107097009197e-05,2.2670319594908506e-06,,,,,,,,,,,
7,37927,,,,,,,,,,,,,,,,,,0.7661393880844116,0.8009771108627319,0.41916438937187195,0.3639715313911438,0.5615819096565247,0.8009771108627319,0.41916438937187195,0.3639715313911438,0.5615819096565247,0.8145454525947571,0.7231638431549072
7,37927,8.680948257446289,8.592781066894531,8.641742706298828,8.67483139038086,8.66307258605957,8.605990409851074,0.6960556507110596,6.805244445800781,0.013215651735663414,0.06666547060012817,0.5929353833198547,2.9759786128997803,0.23490211367607117,1.1835689544677734,,,,,,,,,,,,,,
8,37949,,,,,,,,,,,,,,,7.005123188719153e-05,7.005123188719153e-05,2.2644510409008944e-06,,,,,,,,,,,
8,37999,,,,,,,,,,,,,,,6.997132732067257e-05,6.997132732067257e-05,2.2618680759478593e-06,,,,,,,,,,,
8,38049,,,,,,,,,,,,,,,6.98913645464927e-05,6.98913645464927e-05,2.2592832920054207e-06,,,,,,,,,,,
8,38099,,,,,,,,,,,,,,,6.98113435646519e-05,6.98113435646519e-05,2.256696461699903e-06,,,,,,,,,,,
8,38149,,,,,,,,,,,,,,,6.973125709919259e-05,6.973125709919259e-05,2.2541075850313064e-06,,,,,,,,,,,
8,38199,,,,,,,,,,,,,,,6.965111242607236e-05,6.965111242607236e-05,2.251516889373306e-06,,,,,,,,,,,
8,38249,,,,,,,,,,,,,,,6.957090954529122e-05,6.957090954529122e-05,2.2489243747259025e-06,,,,,,,,,,,
8,38299,,,,,,,,,,,,,,,6.949064845684916e-05,6.949064845684916e-05,2.2463298137154197e-06,,,,,,,,,,,
8,38349,,,,,,,,,,,,,,,6.941032188478857e-05,6.941032188478857e-05,2.243733206341858e-06,,,,,,,,,,,
8,38399,,,,,,,,,,,,,,,6.932994438102469e-05,6.932994438102469e-05,2.241135007352568e-06,,,,,,,,,,,
8,38449,,,,,,,,,,,,,,,6.924950139364228e-05,6.924950139364228e-05,2.2385347620001994e-06,,,,,,,,,,,
8,38499,,,,,,,,,,,,,,,6.916900747455657e-05,6.916900747455657e-05,2.2359324702847516e-06,,,,,,,,,,,
8,38549,,,,,,,,,,,,,,,6.908844807185233e-05,6.908844807185233e-05,2.2333283595799003e-06,,,,,,,,,,,
8,38599,,,,,,,,,,,,,,,6.900783046148717e-05,6.900783046148717e-05,2.2307224298856454e-06,,,,,,,,,,,
8,38649,,,,,,,,,,,,,,,6.892716191941872e-05,6.892716191941872e-05,2.228114681201987e-06,,,,,,,,,,,
8,38699,,,,,,,,,,,,,,,6.884642789373174e-05,6.884642789373174e-05,2.225505113528925e-06,,,,,,,,,,,
8,38749,,,,,,,,,,,,,,,6.876564293634146e-05,6.876564293634146e-05,2.222893499492784e-06,,,,,,,,,,,
8,38799,,,,,,,,,,,,,,,6.868479977129027e-05,6.868479977129027e-05,2.220280293840915e-06,,,,,,,,,,,
8,38849,,,,,,,,,,,,,,,6.860389839857817e-05,6.860389839857817e-05,2.217665041825967e-06,,,,,,,,,,,
8,38899,,,,,,,,,,,,,,,6.852293881820515e-05,6.852293881820515e-05,2.2150479708216153e-06,,,,,,,,,,,
8,38949,,,,,,,,,,,,,,,6.844192103017122e-05,6.844192103017122e-05,2.21242908082786e-06,,,,,,,,,,,
8,38999,,,,,,,,,,,,,,,6.836085231043398e-05,6.836085231043398e-05,2.2098083718447015e-06,,,,,,,,,,,
8,39049,,,,,,,,,,,,,,,6.827972538303584e-05,6.827972538303584e-05,2.2071860712458147e-06,,,,,,,,,,,
8,39099,,,,,,,,,,,,,,,6.81985475239344e-05,6.81985475239344e-05,2.204561724283849e-06,,,,,,,,,,,
8,39149,,,,,,,,,,,,,,,6.811731145717204e-05,6.811731145717204e-05,2.201935785706155e-06,,,,,,,,,,,
8,39199,,,,,,,,,,,,,,,6.803601718274876e-05,6.803601718274876e-05,2.199307800765382e-06,,,,,,,,,,,
8,39249,,,,,,,,,,,,,,,6.79546719766222e-05,6.79546719766222e-05,2.196678224208881e-06,,,,,,,,,,,
8,39299,,,,,,,,,,,,,,,6.787326856283471e-05,6.787326856283471e-05,2.1940468286629766e-06,,,,,,,,,,,
8,39349,,,,,,,,,,,,,,,6.779181421734393e-05,6.779181421734393e-05,2.191413841501344e-06,,,,,,,,,,,
8,39399,,,,,,,,,,,,,,,6.771030166419223e-05,6.771030166419223e-05,2.188779035350308e-06,,,,,,,,,,,
8,39449,,,,,,,,,,,,,,,6.762873817933723e-05,6.762873817933723e-05,2.186142410209868e-06,,,,,,,,,,,
8,39499,,,,,,,,,,,,,,,6.754711648682132e-05,6.754711648682132e-05,2.183503966080025e-06,,,,,,,,,,,
8,39549,,,,,,,,,,,,,,,6.746545113855973e-05,6.746545113855973e-05,2.1808639303344535e-06,,,,,,,,,,,
8,39599,,,,,,,,,,,,,,,6.73837203066796e-05,6.73837203066796e-05,2.1782220755994786e-06,,,,,,,,,,,
8,39649,,,,,,,,,,,,,,,6.73019458190538e-05,6.73019458190538e-05,2.1755786292487755e-06,,,,,,,,,,,
8,39699,,,,,,,,,,,,,,,6.722012039972469e-05,6.722012039972469e-05,2.172933363908669e-06,,,,,,,,,,,
8,39749,,,,,,,,,,,,,,,6.713823677273467e-05,6.713823677273467e-05,2.1702865069528343e-06,,,,,,,,,,,
8,39799,,,,,,,,,,,,,,,6.705630221404135e-05,6.705630221404135e-05,2.1676380583812715e-06,,,,,,,,,,,
8,39849,,,,,,,,,,,,,,,6.697431672364473e-05,6.697431672364473e-05,2.1649877908203052e-06,,,,,,,,,,,
8,39899,,,,,,,,,,,,,,,6.689228030154482e-05,6.689228030154482e-05,2.1623357042699354e-06,,,,,,,,,,,
8,39949,,,,,,,,,,,,,,,6.681018567178398e-05,6.681018567178398e-05,2.159682253477513e-06,,,,,,,,,,,
8,39999,,,,,,,,,,,,,,,6.672804738627747e-05,6.672804738627747e-05,2.157026983695687e-06,,,,,,,,,,,
8,40049,,,,,,,,,,,,,,,6.664585816906765e-05,6.664585816906765e-05,2.1543701222981326e-06,,,,,,,,,,,
8,40099,,,,,,,,,,,,,,,6.656361802015454e-05,6.656361802015454e-05,2.1517116692848504e-06,,,,,,,,,,,
8,40149,,,,,,,,,,,,,,,6.648132693953812e-05,6.648132693953812e-05,2.1490513972821645e-06,,,,,,,,,,,
8,40199,,,,,,,,,,,,,,,6.639898492721841e-05,6.639898492721841e-05,2.146389761037426e-06,,,,,,,,,,,
8,40249,,,,,,,,,,,,,,,6.63165919831954e-05,6.63165919831954e-05,2.143726305803284e-06,,,,,,,,,,,
8,40299,,,,,,,,,,,,,,,6.623414810746908e-05,6.623414810746908e-05,2.1410614863270894e-06,,,,,,,,,,,
8,40349,,,,,,,,,,,,,,,6.615166057599708e-05,6.615166057599708e-05,2.138394847861491e-06,,,,,,,,,,,
8,40399,,,,,,,,,,,,,,,6.606911483686417e-05,6.606911483686417e-05,2.135726617780165e-06,,,,,,,,,,,
8,40449,,,,,,,,,,,,,,,6.598653271794319e-05,6.598653271794319e-05,2.1330567960831104e-06,,,,,,,,,,,
8,40499,,,,,,,,,,,,,,,6.59038923913613e-05,6.59038923913613e-05,2.1303856101440033e-06,,,,,,,,,,,
8,40549,,,,,,,,,,,,,,,6.582120840903372e-05,6.582120840903372e-05,2.127712832589168e-06,,,,,,,,,,,
8,40599,,,,,,,,,,,,,,,6.573847349500284e-05,6.573847349500284e-05,2.1250382360449294e-06,,,,,,,,,,,
8,40649,,,,,,,,,,,,,,,6.565568764926866e-05,6.565568764926866e-05,2.122362275258638e-06,,,,,,,,,,,
8,40699,,,,,,,,,,,,,,,6.557285814778879e-05,6.557285814778879e-05,2.1196847228566185e-06,,,,,,,,,,,
8,40749,,,,,,,,,,,,,,,6.548998499056324e-05,6.548998499056324e-05,2.1170058062125463e-06,,,,,,,,,,,
8,40799,,,,,,,,,,,,,,,6.54070609016344e-05,6.54070609016344e-05,2.114325297952746e-06,,,,,,,,,,,
8,40849,,,,,,,,,,,,,,,6.532408588100225e-05,6.532408588100225e-05,2.1116431980772177e-06,,,,,,,,,,,
8,40899,,,,,,,,,,,,,,,6.524107448058203e-05,6.524107448058203e-05,2.108959506585961e-06,,,,,,,,,,,
8,40949,,,,,,,,,,,,,,,6.51580048725009e-05,6.51580048725009e-05,2.106274450852652e-06,,,,,,,,,,,
8,40999,,,,,,,,,,,,,,,6.50748988846317e-05,6.50748988846317e-05,2.103587803503615e-06,,,,,,,,,,,
8,41049,,,,,,,,,,,,,,,6.499174196505919e-05,6.499174196505919e-05,2.100899791912525e-06,,,,,,,,,,,
8,41099,,,,,,,,,,,,,,,6.4908541389741e-05,6.4908541389741e-05,2.098210188705707e-06,,,,,,,,,,,
8,41149,,,,,,,,,,,,,,,6.482529715867713e-05,6.482529715867713e-05,2.0955192212568363e-06,,,,,,,,,,,
8,41199,,,,,,,,,,,,,,,6.474200199590996e-05,6.474200199590996e-05,2.092826889565913e-06,,,,,,,,,,,
8,41249,,,,,,,,,,,,,,,6.465867045335472e-05,6.465867045335472e-05,2.0901329662592616e-06,,,,,,,,,,,
8,41299,,,,,,,,,,,,,,,6.457528797909617e-05,6.457528797909617e-05,2.0874376787105575e-06,,,,,,,,,,,
8,41349,,,,,,,,,,,,,,,6.449186184909195e-05,6.449186184909195e-05,2.0847407995461253e-06,,,,,,,,,,,
8,41399,,,,,,,,,,,,,,,6.440839206334203e-05,6.440839206334203e-05,2.0820425561396405e-06,,,,,,,,,,,
8,41449,,,,,,,,,,,,,,,6.432487862184644e-05,6.432487862184644e-05,2.079342948491103e-06,,,,,,,,,,,
8,41499,,,,,,,,,,,,,,,6.424132152460515e-05,6.424132152460515e-05,2.076641976600513e-06,,,,,,,,,,,
8,41549,,,,,,,,,,,,,,,6.415772077161819e-05,6.415772077161819e-05,2.07393964046787e-06,,,,,,,,,,,
8,41599,,,,,,,,,,,,,,,6.407407636288553e-05,6.407407636288553e-05,2.071235712719499e-06,,,,,,,,,,,
8,41649,,,,,,,,,,,,,,,6.399039557436481e-05,6.399039557436481e-05,2.0685304207290756e-06,,,,,,,,,,,
8,41699,,,,,,,,,,,,,,,6.390666385414079e-05,6.390666385414079e-05,2.0658239918702748e-06,,,,,,,,,,,
8,41749,,,,,,,,,,,,,,,6.38228957541287e-05,6.38228957541287e-05,2.063115971395746e-06,,,,,,,,,,,
8,41799,,,,,,,,,,,,,,,6.373908399837092e-05,6.373908399837092e-05,2.0604065866791643e-06,,,,,,,,,,,
8,41849,,,,,,,,,,,,,,,6.365522858686745e-05,6.365522858686745e-05,2.0576960650942056e-06,,,,,,,,,,,
8,41899,,,,,,,,,,,,,,,6.35713295196183e-05,6.35713295196183e-05,2.0549839518935187e-06,,,,,,,,,,,
8,41949,,,,,,,,,,,,,,,6.348739407258108e-05,6.348739407258108e-05,2.0522707018244546e-06,,,,,,,,,,,
8,41999,,,,,,,,,,,,,,,6.340341496979818e-05,6.340341496979818e-05,2.049556087513338e-06,,,,,,,,,,,
8,42049,,,,,,,,,,,,,,,6.331939221126959e-05,6.331939221126959e-05,2.0468401089601684e-06,,,,,,,,,,,
8,42099,,,,,,,,,,,,,,,6.323533307295293e-05,6.323533307295293e-05,2.0441227661649464e-06,,,,,,,,,,,
8,42149,,,,,,,,,,,,,,,6.31512375548482e-05,6.31512375548482e-05,2.041404286501347e-06,,,,,,,,,,,
8,42199,,,,,,,,,,,,,,,6.306709838099778e-05,6.306709838099778e-05,2.038684442595695e-06,,,,,,,,,,,
8,42249,,,,,,,,,,,,,,,6.298291555140167e-05,6.298291555140167e-05,2.0359632344479905e-06,,,,,,,,,,,
8,42299,,,,,,,,,,,,,,,6.28986963420175e-05,6.28986963420175e-05,2.0332406620582333e-06,,,,,,,,,,,
8,42349,,,,,,,,,,,,,,,6.281444075284526e-05,6.281444075284526e-05,2.030516952800099e-06,,,,,,,,,,,
8,42399,,,,,,,,,,,,,,,6.273014150792733e-05,6.273014150792733e-05,2.027792106673587e-06,,,,,,,,,,,
8,42449,,,,,,,,,,,,,,,6.264580588322133e-05,6.264580588322133e-05,2.0250658963050228e-06,,,,,,,,,,,
8,42499,,,,,,,,,,,,,,,6.256143387872726e-05,6.256143387872726e-05,2.0223383216944057e-06,,,,,,,,,,,
8,42549,,,,,,,,,,,,,,,6.24770182184875e-05,6.24770182184875e-05,2.019609837589087e-06,,,,,,,,,,,
8,42599,,,,,,,,,,,,,,,6.239256617845967e-05,6.239256617845967e-05,2.01687976186804e-06,,,,,,,,,,,
8,42649,,,,,,,,,,,,,,,6.230807775864378e-05,6.230807775864378e-05,2.0141487766522914e-06,,,,,,,,,,,
8,42668,,,,,,,,,,,,,,,,,,0.7642487287521362,0.8001841306686401,0.4198010563850403,0.3745313286781311,0.555044412612915,0.8001841306686401,0.4198010563850403,0.3745313286781311,0.555044412612915,0.8217270374298096,0.7142857313156128
8,42668,8.701196670532227,8.641030311584473,8.69523811340332,8.691916465759277,8.696636199951172,8.621493339538574,1.0124446153640747,6.651136875152588,0.013005021028220654,0.06564553081989288,0.5788769125938416,2.9090890884399414,0.22918494045734406,1.1557707786560059,,,,,,,,,,,,,,
9,42699,,,,,,,,,,,,,,,6.222355295903981e-05,6.222355295903981e-05,2.01141642719449e-06,,,,,,,,,,,
9,42749,,,,,,,,,,,,,,,6.213899177964777e-05,6.213899177964777e-05,2.008682713494636e-06,,,,,,,,,,,
9,42799,,,,,,,,,,,,,,,6.205439422046766e-05,6.205439422046766e-05,2.0059480903000804e-06,,,,,,,,,,,
9,42849,,,,,,,,,,,,,,,6.196975300554186e-05,6.196975300554186e-05,2.003212102863472e-06,,,,,,,,,,,
9,42899,,,,,,,,,,,,,,,6.188508268678561e-05,6.188508268678561e-05,2.0004749785584863e-06,,,,,,,,,,,
9,42949,,,,,,,,,,,,,,,6.180037598824129e-05,6.180037598824129e-05,1.9977367173851235e-06,,,,,,,,,,,
9,42999,,,,,,,,,,,,,,,6.171562563395128e-05,6.171562563395128e-05,1.9949973193433834e-06,,,,,,,,,,,
9,43049,,,,,,,,,,,,,,,6.163084617583081e-05,6.163084617583081e-05,1.992256784433266e-06,,,,,,,,,,,
9,43099,,,,,,,,,,,,,,,6.154603033792228e-05,6.154603033792228e-05,1.9895151126547717e-06,,,,,,,,,,,
9,43149,,,,,,,,,,,,,,,6.146118539618328e-05,6.146118539618328e-05,1.9867720766342245e-06,,,,,,,,,,,
9,43199,,,,,,,,,,,,,,,6.13762967986986e-05,6.13762967986986e-05,1.9840281311189756e-06,,,,,,,,,,,
9,43249,,,,,,,,,,,,,,,6.129137909738347e-05,6.129137909738347e-05,1.9812830487353494e-06,,,,,,,,,,,
9,43299,,,,,,,,,,,,,,,6.120641774032265e-05,6.120641774032265e-05,1.978536829483346e-06,,,,,,,,,,,
9,43349,,,,,,,,,,,,,,,6.112143455538899e-05,6.112143455538899e-05,1.9757894733629655e-06,,,,,,,,,,,
9,43399,,,,,,,,,,,,,,,6.103640771470964e-05,6.103640771470964e-05,1.973041207747883e-06,,,,,,,,,,,
9,43449,,,,,,,,,,,,,,,6.0951351770199835e-05,6.0951351770199835e-05,1.970291577890748e-06,,,,,,,,,,,
9,43499,,,,,,,,,,,,,,,6.086626308388077e-05,6.086626308388077e-05,1.9675410385389114e-06,,,,,,,,,,,
9,43549,,,,,,,,,,,,,,,6.0781141655752435e-05,6.0781141655752435e-05,1.9647893623186974e-06,,,,,,,,,,,
9,43599,,,,,,,,,,,,,,,6.069598748581484e-05,6.069598748581484e-05,1.9620367766037816e-06,,,,,,,,,,,
9,43649,,,,,,,,,,,,,,,6.061079693608917e-05,6.061079693608917e-05,1.9592830540204886e-06,,,,,,,,,,,
9,43699,,,,,,,,,,,,,,,6.052557728253305e-05,6.052557728253305e-05,1.9565281945688184e-06,,,,,,,,,,,
9,43749,,,,,,,,,,,,,,,6.044032488716766e-05,6.044032488716766e-05,1.9537724256224465e-06,,,,,,,,,,,
9,43799,,,,,,,,,,,,,,,6.035504338797182e-05,6.035504338797182e-05,1.9510155198076973e-06,,,,,,,,,,,
9,43849,,,,,,,,,,,,,,,6.0269725508987904e-05,6.0269725508987904e-05,1.9482577044982463e-06,,,,,,,,,,,
9,43899,,,,,,,,,,,,,,,6.018438216415234e-05,6.018438216415234e-05,1.945498752320418e-06,,,,,,,,,,,
9,43949,,,,,,,,,,,,,,,6.0099002439528704e-05,6.0099002439528704e-05,1.942738890647888e-06,,,,,,,,,,,
9,43999,,,,,,,,,,,,,,,6.001359361107461e-05,6.001359361107461e-05,1.939977892106981e-06,,,,,,,,,,,
9,44049,,,,,,,,,,,,,,,5.992815567879006e-05,5.992815567879006e-05,1.9372162114450475e-06,,,,,,,,,,,
9,44099,,,,,,,,,,,,,,,5.984268864267506e-05,5.984268864267506e-05,1.9344531665410614e-06,,,,,,,,,,,
9,44149,,,,,,,,,,,,,,,5.975718886475079e-05,5.975718886475079e-05,1.931689439516049e-06,,,,,,,,,,,
9,44199,,,,,,,,,,,,,,,5.967165998299606e-05,5.967165998299606e-05,1.9289248029963346e-06,,,,,,,,,,,
9,44249,,,,,,,,,,,,,,,5.958610199741088e-05,5.958610199741088e-05,1.926159029608243e-06,,,,,,,,,,,
9,44299,,,,,,,,,,,,,,,5.950051490799524e-05,5.950051490799524e-05,1.92339234672545e-06,,,,,,,,,,,
9,44349,,,,,,,,,,,,,,,5.941489871474914e-05,5.941489871474914e-05,1.920624754347955e-06,,,,,,,,,,,
9,44399,,,,,,,,,,,,,,,5.932925341767259e-05,5.932925341767259e-05,1.917856252475758e-06,,,,,,,,,,,
9,44449,,,,,,,,,,,,,,,5.924358265474439e-05,5.924358265474439e-05,1.9150868411088595e-06,,,,,,,,,,,
9,44499,,,,,,,,,,,,,,,5.915787915000692e-05,5.915787915000692e-05,1.912316520247259e-06,,,,,,,,,,,
9,44549,,,,,,,,,,,,,,,5.9072150179417804e-05,5.9072150179417804e-05,1.909545289890957e-06,,,,,,,,,,,
9,44599,,,,,,,,,,,,,,,5.898639574297704e-05,5.898639574297704e-05,1.9067730363531155e-06,,,,,,,,,,,
9,44649,,,,,,,,,,,,,,,5.8900612202705815e-05,5.8900612202705815e-05,1.9040001006942475e-06,,,,,,,,,,,
9,44699,,,,,,,,,,,,,,,5.8814799558604136e-05,5.8814799558604136e-05,1.90122614185384e-06,,,,,,,,,,,
9,44749,,,,,,,,,,,,,,,5.872896144865081e-05,5.872896144865081e-05,1.8984513872055686e-06,,,,,,,,,,,
9,44799,,,,,,,,,,,,,,,5.864309787284583e-05,5.864309787284583e-05,1.895675836749433e-06,,,,,,,,,,,
9,44849,,,,,,,,,,,,,,,5.85572088311892e-05,5.85572088311892e-05,1.8928993767985958e-06,,,,,,,,,,,
9,44899,,,,,,,,,,,,,,,5.8471290685702115e-05,5.8471290685702115e-05,1.8901220073530567e-06,,,,,,,,,,,
9,44949,,,,,,,,,,,,,,,5.838535071234219e-05,5.838535071234219e-05,1.8873439557864913e-06,,,,,,,,,,,
9,44999,,,,,,,,,,,,,,,5.8299381635151803e-05,5.8299381635151803e-05,1.884564994725224e-06,,,,,,,,,,,
9,45049,,,,,,,,,,,,,,,5.821339073008858e-05,5.821339073008858e-05,1.8817851241692551e-06,,,,,,,,,,,
9,45099,,,,,,,,,,,,,,,5.812737072119489e-05,5.812737072119489e-05,1.8790045714922599e-06,,,,,,,,,,,
9,45149,,,,,,,,,,,,,,,5.804132888442837e-05,5.804132888442837e-05,1.8762232230074005e-06,,,,,,,,,,,
9,45199,,,,,,,,,,,,,,,5.795526158181019e-05,5.795526158181019e-05,1.8734409650278394e-06,,,,,,,,,,,
9,45249,,,,,,,,,,,,,,,5.7869168813340366e-05,5.7869168813340366e-05,1.870658024927252e-06,,,,,,,,,,,
9,45299,,,,,,,,,,,,,,,5.77830542169977e-05,5.77830542169977e-05,1.8678742890188005e-06,,,,,,,,,,,
9,45349,,,,,,,,,,,,,,,5.769691415480338e-05,5.769691415480338e-05,1.8650898709893227e-06,,,,,,,,,,,
9,45399,,,,,,,,,,,,,,,5.761075226473622e-05,5.761075226473622e-05,1.862304543465143e-06,,,,,,,,,,,
9,45449,,,,,,,,,,,,,,,5.752456854679622e-05,5.752456854679622e-05,1.8595185338199371e-06,,,,,,,,,,,
9,45499,,,,,,,,,,,,,,,5.7438359363004565e-05,5.7438359363004565e-05,1.856731842053705e-06,,,,,,,,,,,
9,45549,,,,,,,,,,,,,,,5.735212835134007e-05,5.735212835134007e-05,1.8539443544796086e-06,,,,,,,,,,,
9,45599,,,,,,,,,,,,,,,5.726587551180273e-05,5.726587551180273e-05,1.851156184784486e-06,,,,,,,,,,,
9,45649,,,,,,,,,,,,,,,5.717960084439255e-05,5.717960084439255e-05,1.8483672192814993e-06,,,,,,,,,,,
9,45699,,,,,,,,,,,,,,,5.709330434910953e-05,5.709330434910953e-05,1.845577685344324e-06,,,,,,,,,,,
9,45749,,,,,,,,,,,,,,,5.700698238797486e-05,5.700698238797486e-05,1.8427873555992846e-06,,,,,,,,,,,
9,45799,,,,,,,,,,,,,,,5.692064223694615e-05,5.692064223694615e-05,1.839996343733219e-06,,,,,,,,,,,
9,45849,,,,,,,,,,,,,,,5.683428389602341e-05,5.683428389602341e-05,1.837204649746127e-06,,,,,,,,,,,
9,45899,,,,,,,,,,,,,,,5.6747900089249015e-05,5.6747900089249015e-05,1.8344122736380086e-06,,,,,,,,,,,
9,45949,,,,,,,,,,,,,,,5.666149809258059e-05,5.666149809258059e-05,1.8316193290957017e-06,,,,,,,,,,,
9,45999,,,,,,,,,,,,,,,5.6575074268039316e-05,5.6575074268039316e-05,1.8288255887455307e-06,,,,,,,,,,,
9,46049,,,,,,,,,,,,,,,5.648863225360401e-05,5.648863225360401e-05,1.826031279961171e-06,,,,,,,,,,,
9,46099,,,,,,,,,,,,,,,5.640216841129586e-05,5.640216841129586e-05,1.8232364027426229e-06,,,,,,,,,,,
9,46149,,,,,,,,,,,,,,,5.631568637909368e-05,5.631568637909368e-05,1.8204407297162106e-06,,,,,,,,,,,
9,46199,,,,,,,,,,,,,,,5.622918615699746e-05,5.622918615699746e-05,1.8176446019424475e-06,,,,,,,,,,,
9,46249,,,,,,,,,,,,,,,5.61426677450072e-05,5.61426677450072e-05,1.814847792047658e-06,,,,,,,,,,,
9,46299,,,,,,,,,,,,,,,5.6056127505144104e-05,5.6056127505144104e-05,1.8120503000318422e-06,,,,,,,,,,,
9,46349,,,,,,,,,,,,,,,5.596957271336578e-05,5.596957271336578e-05,1.8092523532686755e-06,,,,,,,,,,,
9,46399,,,,,,,,,,,,,,,5.588299609371461e-05,5.588299609371461e-05,1.8064537243844825e-06,,,,,,,,,,,
9,46449,,,,,,,,,,,,,,,5.5796401284169406e-05,5.5796401284169406e-05,1.8036545270661009e-06,,,,,,,,,,,
9,46499,,,,,,,,,,,,,,,5.570979192270897e-05,5.570979192270897e-05,1.8008547613135306e-06,,,,,,,,,,,
9,46549,,,,,,,,,,,,,,,5.5623164371354505e-05,5.5623164371354505e-05,1.7980544271267718e-06,,,,,,,,,,,
9,46599,,,,,,,,,,,,,,,5.5536518630106e-05,5.5536518630106e-05,1.795253638192662e-06,,,,,,,,,,,
9,46649,,,,,,,,,,,,,,,5.544985469896346e-05,5.544985469896346e-05,1.792452167137526e-06,,,,,,,,,,,
9,46699,,,,,,,,,,,,,,,5.5363176215905696e-05,5.5363176215905696e-05,1.789650241335039e-06,,,,,,,,,,,
9,46749,,,,,,,,,,,,,,,5.52764831809327e-05,5.52764831809327e-05,1.7868477470983635e-06,,,,,,,,,,,
9,46799,,,,,,,,,,,,,,,5.518977195606567e-05,5.518977195606567e-05,1.784044798114337e-06,,,,,,,,,,,
9,46849,,,,,,,,,,,,,,,5.510304617928341e-05,5.510304617928341e-05,1.781241280696122e-06,,,,,,,,,,,
9,46899,,,,,,,,,,,,,,,5.5016302212607116e-05,5.5016302212607116e-05,1.778437308530556e-06,,,,,,,,,,,
9,46949,,,,,,,,,,,,,,,5.492954369401559e-05,5.492954369401559e-05,1.7756327679308015e-06,,,,,,,,,,,
9,46999,,,,,,,,,,,,,,,5.484277062350884e-05,5.484277062350884e-05,1.772827772583696e-06,,,,,,,,,,,
9,47049,,,,,,,,,,,,,,,5.475598300108686e-05,5.475598300108686e-05,1.7700223224892397e-06,,,,,,,,,,,
9,47099,,,,,,,,,,,,,,,5.466918446472846e-05,5.466918446472846e-05,1.7672164176474325e-06,,,,,,,,,,,
9,47149,,,,,,,,,,,,,,,5.458236773847602e-05,5.458236773847602e-05,1.7644100580582744e-06,,,,,,,,,,,
9,47199,,,,,,,,,,,,,,,5.449553646030836e-05,5.449553646030836e-05,1.7616032437217655e-06,,,,,,,,,,,
9,47249,,,,,,,,,,,,,,,5.440869426820427e-05,5.440869426820427e-05,1.7587959746379056e-06,,,,,,,,,,,
9,47299,,,,,,,,,,,,,,,5.432183752418496e-05,5.432183752418496e-05,1.7559882508066949e-06,,,,,,,,,,,
9,47349,,,,,,,,,,,,,,,5.4234966228250414e-05,5.4234966228250414e-05,1.7531800722281332e-06,,,,,,,,,,,
9,47399,,,,,,,,,,,,,,,5.414808401837945e-05,5.414808401837945e-05,1.7503715525890584e-06,,,,,,,,,,,
9,47409,,,,,,,,,,,,,,,,,,0.7670251131057739,0.8023865222930908,0.41783520579338074,0.3696098029613495,0.5542373061180115,0.8023865222930908,0.41783520579338074,0.3696098029613495,0.5542373061180115,0.862034261226654,0.690879762172699
9,47409,8.77573299407959,8.72592830657959,8.773122787475586,8.779556274414062,8.779740333557129,8.714985847473145,1.0124444961547852,6.501795291900635,0.012503054924309254,0.06319955736398697,0.5672350525856018,2.8465754985809326,0.22422939538955688,1.1305055618286133,,,,,,,,,,,,,,
10,47449,,,,,,,,,,,,,,,5.406118725659326e-05,5.406118725659326e-05,1.7475625782026327e-06,,,,,,,,,,,
10,47499,,,,,,,,,,,,,,,5.397427958087064e-05,5.397427958087064e-05,1.7447532627556939e-06,,,,,,,,,,,
10,47549,,,,,,,,,,,,,,,5.388736099121161e-05,5.388736099121161e-05,1.7419434925614041e-06,,,,,,,,,,,
10,47599,,,,,,,,,,,,,,,5.3800427849637344e-05,5.3800427849637344e-05,1.7391333813066012e-06,,,,,,,,,,,
10,47649,,,,,,,,,,,,,,,5.371348379412666e-05,5.371348379412666e-05,1.7363228153044474e-06,,,,,,,,,,,
10,47699,,,,,,,,,,,,,,,5.3626528824679554e-05,5.3626528824679554e-05,1.7335120219286182e-06,,,,,,,,,,,
10,47749,,,,,,,,,,,,,,,5.3539562941296026e-05,5.3539562941296026e-05,1.730700773805438e-06,,,,,,,,,,,
10,47799,,,,,,,,,,,,,,,5.345258614397608e-05,5.345258614397608e-05,1.7278891846217448e-06,,,,,,,,,,,
10,47849,,,,,,,,,,,,,,,5.336559843271971e-05,5.336559843271971e-05,1.7250772543775383e-06,,,,,,,,,,,
10,47899,,,,,,,,,,,,,,,5.327860344550572e-05,5.327860344550572e-05,1.7222649830728187e-06,,,,,,,,,,,
10,47949,,,,,,,,,,,,,,,5.319159754435532e-05,5.319159754435532e-05,1.7194524843944237e-06,,,,,,,,,,,
10,47999,,,,,,,,,,,,,,,5.3104577091289684e-05,5.3104577091289684e-05,1.7166396446555154e-06,,,,,,,,,,,
10,48049,,,,,,,,,,,,,,,5.301755300024524e-05,5.301755300024524e-05,1.713826463856094e-06,,,,,,,,,,,
10,48099,,,,,,,,,,,,,,,5.293051799526438e-05,5.293051799526438e-05,1.7110129419961595e-06,,,,,,,,,,,
10,48149,,,,,,,,,,,,,,,5.28434720763471e-05,5.28434720763471e-05,1.7081991927625495e-06,,,,,,,,,,,
10,48199,,,,,,,,,,,,,,,5.27564188814722e-05,5.27564188814722e-05,1.7053851024684263e-06,,,,,,,,,,,
10,48249,,,,,,,,,,,,,,,5.266935841063969e-05,5.266935841063969e-05,1.7025707848006277e-06,,,,,,,,,,,
10,48299,,,,,,,,,,,,,,,5.2582287025870755e-05,5.2582287025870755e-05,1.6997562397591537e-06,,,,,,,,,,,
10,48349,,,,,,,,,,,,,,,5.2495212003123015e-05,5.2495212003123015e-05,1.6969413536571665e-06,,,,,,,,,,,
10,48399,,,,,,,,,,,,,,,5.2408126066438854e-05,5.2408126066438854e-05,1.6941263538683415e-06,,,,,,,,,,,
10,48449,,,,,,,,,,,,,,,5.232103285379708e-05,5.232103285379708e-05,1.6913110130190034e-06,,,,,,,,,,,
10,48499,,,,,,,,,,,,,,,5.223393236519769e-05,5.223393236519769e-05,1.68849544479599e-06,,,,,,,,,,,
10,48549,,,,,,,,,,,,,,,5.214682823861949e-05,5.214682823861949e-05,1.685679649199301e-06,,,,,,,,,,,
10,48599,,,,,,,,,,,,,,,5.205971683608368e-05,5.205971683608368e-05,1.6828637399157742e-06,,,,,,,,,,,
10,48649,,,,,,,,,,,,,,,5.197259451961145e-05,5.197259451961145e-05,1.6800474895717343e-06,,,,,,,,,,,
10,48699,,,,,,,,,,,,,,,5.1885472203139216e-05,5.1885472203139216e-05,1.6772311255408567e-06,,,,,,,,,,,
10,48749,,,,,,,,,,,,,,,5.179833897273056e-05,5.179833897273056e-05,1.6744146478231414e-06,,,,,,,,,,,
10,48799,,,,,,,,,,,,,,,5.171120574232191e-05,5.171120574232191e-05,1.671597829044913e-06,,,,,,,,,,,
10,48849,,,,,,,,,,,,,,,5.1624061597976834e-05,5.1624061597976834e-05,1.6687810102666845e-06,,,,,,,,,,,
10,48899,,,,,,,,,,,,,,,5.153691745363176e-05,5.153691745363176e-05,1.6659638504279428e-06,,,,,,,,,,,
10,48949,,,,,,,,,,,,,,,5.144976603332907e-05,5.144976603332907e-05,1.6631466905892012e-06,,,,,,,,,,,
10,48999,,,,,,,,,,,,,,,5.1362610975047573e-05,5.1362610975047573e-05,1.660329303376784e-06,,,,,,,,,,,
10,49049,,,,,,,,,,,,,,,5.127544864080846e-05,5.127544864080846e-05,1.6575118024775293e-06,,,,,,,,,,,
10,49099,,,,,,,,,,,,,,,5.118828630656935e-05,5.118828630656935e-05,1.6546941878914367e-06,,,,,,,,,,,
10,49149,,,,,,,,,,,,,,,5.1101120334351435e-05,5.1101120334351435e-05,1.6518764596185065e-06,,,,,,,,,,,
10,49199,,,,,,,,,,,,,,,5.101395072415471e-05,5.101395072415471e-05,1.6490586176587385e-06,,,,,,,,,,,
10,49249,,,,,,,,,,,,,,,5.092677747597918e-05,5.092677747597918e-05,1.6462406620121328e-06,,,,,,,,,,,
10,49299,,,,,,,,,,,,,,,5.083960058982484e-05,5.083960058982484e-05,1.6434227063655271e-06,,,,,,,,,,,
10,49349,,,,,,,,,,,,,,,5.0752420065691695e-05,5.0752420065691695e-05,1.640604523345246e-06,,,,,,,,,,,
10,49399,,,,,,,,,,,,,,,5.066523954155855e-05,5.066523954155855e-05,1.6377863403249648e-06,,,,,,,,,,,
10,49449,,,,,,,,,,,,,,,5.0578055379446596e-05,5.0578055379446596e-05,1.6349681573046837e-06,,,,,,,,,,,
10,49499,,,,,,,,,,,,,,,5.049087121733464e-05,5.049087121733464e-05,1.6321498605975648e-06,,,,,,,,,,,
10,49549,,,,,,,,,,,,,,,5.040368341724388e-05,5.040368341724388e-05,1.6293314502036083e-06,,,,,,,,,,,
10,49599,,,,,,,,,,,,,,,5.031649561715312e-05,5.031649561715312e-05,1.6265130398096517e-06,,,,,,,,,,,
10,49649,,,,,,,,,,,,,,,5.022930781706236e-05,5.022930781706236e-05,1.623694629415695e-06,,,,,,,,,,,
10,49699,,,,,,,,,,,,,,,5.01421200169716e-05,5.01421200169716e-05,1.6208762190217385e-06,,,,,,,,,,,
10,49749,,,,,,,,,,,,,,,5.0054928578902036e-05,5.0054928578902036e-05,1.6180576949409442e-06,,,,,,,,,,,
10,49799,,,,,,,,,,,,,,,4.9967740778811276e-05,4.9967740778811276e-05,1.6152392845469876e-06,,,,,,,,,,,
10,49849,,,,,,,,,,,,,,,4.988054934074171e-05,4.988054934074171e-05,1.6124207604661933e-06,,,,,,,,,,,
10,49899,,,,,,,,,,,,,,,4.979336154065095e-05,4.979336154065095e-05,1.6096023500722367e-06,,,,,,,,,,,
10,49949,,,,,,,,,,,,,,,4.970617010258138e-05,4.970617010258138e-05,1.6067839396782801e-06,,,,,,,,,,,
10,49999,,,,,,,,,,,,,,,4.961898230249062e-05,4.961898230249062e-05,1.6039655292843236e-06,,,,,,,,,,,
10,50049,,,,,,,,,,,,,,,4.953179814037867e-05,4.953179814037867e-05,1.601147118890367e-06,,,,,,,,,,,
10,50099,,,,,,,,,,,,,,,4.944461034028791e-05,4.944461034028791e-05,1.5983288221832481e-06,,,,,,,,,,,
10,50149,,,,,,,,,,,,,,,4.9357426178175956e-05,4.9357426178175956e-05,1.5955105254761293e-06,,,,,,,,,,,
10,50199,,,,,,,,,,,,,,,4.927024565404281e-05,4.927024565404281e-05,1.5926923424558481e-06,,,,,,,,,,,
10,50249,,,,,,,,,,,,,,,4.9183065129909664e-05,4.9183065129909664e-05,1.589874159435567e-06,,,,,,,,,,,
10,50299,,,,,,,,,,,,,,,4.9095888243755326e-05,4.9095888243755326e-05,1.5870562037889613e-06,,,,,,,,,,,
10,50349,,,,,,,,,,,,,,,4.9008714995579794e-05,4.9008714995579794e-05,1.5842381344555179e-06,,,,,,,,,,,
10,50399,,,,,,,,,,,,,,,4.892154538538307e-05,4.892154538538307e-05,1.5814202924957499e-06,,,,,,,,,,,
10,50449,,,,,,,,,,,,,,,4.8834375775186345e-05,4.8834375775186345e-05,1.5786025642228196e-06,,,,,,,,,,,
10,50499,,,,,,,,,,,,,,,4.8747213440947235e-05,4.8747213440947235e-05,1.575784949636727e-06,,,,,,,,,,,
10,50549,,,,,,,,,,,,,,,4.8660051106708124e-05,4.8660051106708124e-05,1.5729673350506346e-06,,,,,,,,,,,
10,50599,,,,,,,,,,,,,,,4.857289604842663e-05,4.857289604842663e-05,1.5701499478382175e-06,,,,,,,,,,,
10,50649,,,,,,,,,,,,,,,4.848574099014513e-05,4.848574099014513e-05,1.5673327879994758e-06,,,,,,,,,,,
10,50699,,,,,,,,,,,,,,,4.839859320782125e-05,4.839859320782125e-05,1.5645156281607342e-06,,,,,,,,,,,
10,50749,,,,,,,,,,,,,,,4.831145270145498e-05,4.831145270145498e-05,1.561698695695668e-06,,,,,,,,,,,
10,50799,,,,,,,,,,,,,,,4.822431583306752e-05,4.822431583306752e-05,1.5588818769174395e-06,,,,,,,,,,,
10,50849,,,,,,,,,,,,,,,4.813718260265887e-05,4.813718260265887e-05,1.5560652855128865e-06,,,,,,,,,,,
10,50899,,,,,,,,,,,,,,,4.805005664820783e-05,4.805005664820783e-05,1.5532489214820089e-06,,,,,,,,,,,
10,50949,,,,,,,,,,,,,,,4.7962934331735596e-05,4.7962934331735596e-05,1.550432671137969e-06,,,,,,,,,,,
10,50999,,,,,,,,,,,,,,,4.787581929122098e-05,4.787581929122098e-05,1.5476166481676046e-06,,,,,,,,,,,
10,51049,,,,,,,,,,,,,,,4.7788711526663974e-05,4.7788711526663974e-05,1.5448008525709156e-06,,,,,,,,,,,
10,51099,,,,,,,,,,,,,,,4.7701611038064584e-05,4.7701611038064584e-05,1.5419851706610643e-06,,,,,,,,,,,
10,51149,,,,,,,,,,,,,,,4.761451782542281e-05,4.761451782542281e-05,1.5391698298117262e-06,,,,,,,,,,,
10,51199,,,,,,,,,,,,,,,4.752743188873865e-05,4.752743188873865e-05,1.5363547163360636e-06,,,,,,,,,,,
10,51249,,,,,,,,,,,,,,,4.744034959003329e-05,4.744034959003329e-05,1.5335398302340764e-06,,,,,,,,,,,
10,51299,,,,,,,,,,,,,,,4.735327820526436e-05,4.735327820526436e-05,1.5307251715057646e-06,,,,,,,,,,,
10,51349,,,,,,,,,,,,,,,4.726621409645304e-05,4.726621409645304e-05,1.5279107401511283e-06,,,,,,,,,,,
10,51399,,,,,,,,,,,,,,,4.717916090157814e-05,4.717916090157814e-05,1.525096649857005e-06,,,,,,,,,,,
10,51449,,,,,,,,,,,,,,,4.709211498266086e-05,4.709211498266086e-05,1.5222827869365574e-06,,,,,,,,,,,
10,51499,,,,,,,,,,,,,,,4.700507633970119e-05,4.700507633970119e-05,1.5194692650766228e-06,,,,,,,,,,,
10,51549,,,,,,,,,,,,,,,4.691804861067794e-05,4.691804861067794e-05,1.5166559705903637e-06,,,,,,,,,,,
10,51599,,,,,,,,,,,,,,,4.683102815761231e-05,4.683102815761231e-05,1.5138430171646178e-06,,,,,,,,,,,
10,51649,,,,,,,,,,,,,,,4.6744018618483096e-05,4.6744018618483096e-05,1.511030404799385e-06,,,,,,,,,,,
10,51699,,,,,,,,,,,,,,,4.66570163553115e-05,4.66570163553115e-05,1.5082180198078277e-06,,,,,,,,,,,
10,51749,,,,,,,,,,,,,,,4.657002864405513e-05,4.657002864405513e-05,1.5054060895636212e-06,,,,,,,,,,,
10,51799,,,,,,,,,,,,,,,4.648304820875637e-05,4.648304820875637e-05,1.5025943866930902e-06,,,,,,,,,,,
10,51849,,,,,,,,,,,,,,,4.6396082325372845e-05,4.6396082325372845e-05,1.49978313856991e-06,,,,,,,,,,,
10,51899,,,,,,,,,,,,,,,4.630912371794693e-05,4.630912371794693e-05,1.4969721178204054e-06,,,,,,,,,,,
10,51949,,,,,,,,,,,,,,,4.622217602445744e-05,4.622217602445744e-05,1.4941615518182516e-06,,,,,,,,,,,
10,51999,,,,,,,,,,,,,,,4.6135242882883176e-05,4.6135242882883176e-05,1.491351326876611e-06,,,,,,,,,,,
10,52049,,,,,,,,,,,,,,,4.604831701726653e-05,4.604831701726653e-05,1.4885414429954835e-06,,,,,,,,,,,
10,52099,,,,,,,,,,,,,,,4.5961405703565106e-05,4.5961405703565106e-05,1.485732013861707e-06,,,,,,,,,,,
10,52149,,,,,,,,,,,,,,,4.587450894177891e-05,4.587450894177891e-05,1.4829229257884435e-06,,,,,,,,,,,
10,52150,,,,,,,,,,,,,,,,,,0.7631813883781433,0.798530101776123,0.41416439414024353,0.3681338131427765,0.5464891195297241,0.798530101776123,0.41416439414024353,0.3681338131427765,0.5464891195297241,0.8548548817634583,0.6892655491828918
10,52150,8.862582206726074,8.825221061706543,8.849108695983887,8.856332778930664,8.866009712219238,8.829255104064941,0.7593334317207336,6.3561625480651855,0.012082220986485481,0.06095118075609207,0.5569196343421936,2.7950735092163086,0.21846623718738556,1.1010322570800781,,,,,,,,,,,,,,
11,52199,,,,,,,,,,,,,,,4.578762309392914e-05,4.578762309392914e-05,1.480114292462531e-06,,,,,,,,,,,
11,52249,,,,,,,,,,,,,,,4.570074816001579e-05,4.570074816001579e-05,1.4773060001971317e-06,,,,,,,,,,,
11,52299,,,,,,,,,,,,,,,4.561388777801767e-05,4.561388777801767e-05,1.4744981626790832e-06,,,,,,,,,,,
11,52349,,,,,,,,,,,,,,,4.5527041947934777e-05,4.5527041947934777e-05,1.4716907799083856e-06,,,,,,,,,,,
11,52399,,,,,,,,,,,,,,,4.5440207031788304e-05,4.5440207031788304e-05,1.4688838518850389e-06,,,,,,,,,,,
11,52449,,,,,,,,,,,,,,,4.535338666755706e-05,4.535338666755706e-05,1.466077378609043e-06,,,,,,,,,,,
11,52499,,,,,,,,,,,,,,,4.5266580855241045e-05,4.5266580855241045e-05,1.4632713600803982e-06,,,,,,,,,,,
11,52549,,,,,,,,,,,,,,,4.517978959484026e-05,4.517978959484026e-05,1.4604657962991041e-06,,,,,,,,,,,
11,52599,,,,,,,,,,,,,,,4.509301652433351e-05,4.509301652433351e-05,1.457660687265161e-06,,,,,,,,,,,
11,52649,,,,,,,,,,,,,,,4.5006254367763177e-05,4.5006254367763177e-05,1.4548560329785687e-06,,,,,,,,,,,
11,52699,,,,,,,,,,,,,,,4.4919506763108075e-05,4.4919506763108075e-05,1.452051947126165e-06,,,,,,,,,,,
11,52749,,,,,,,,,,,,,,,4.483277734834701e-05,4.483277734834701e-05,1.4492483160211123e-06,,,,,,,,,,,
11,52799,,,,,,,,,,,,,,,4.474606248550117e-05,4.474606248550117e-05,1.4464451396634104e-06,,,,,,,,,,,
11,52849,,,,,,,,,,,,,,,4.465936217457056e-05,4.465936217457056e-05,1.443642531739897e-06,,,,,,,,,,,
11,52899,,,,,,,,,,,,,,,4.4572680053533986e-05,4.4572680053533986e-05,1.4408404922505724e-06,,,,,,,,,,,
11,52949,,,,,,,,,,,,,,,4.448601248441264e-05,4.448601248441264e-05,1.4380389075085986e-06,,,,,,,,,,,
11,52999,,,,,,,,,,,,,,,4.439936310518533e-05,4.439936310518533e-05,1.4352378912008135e-06,,,,,,,,,,,
11,53049,,,,,,,,,,,,,,,4.431272827787325e-05,4.431272827787325e-05,1.432437443327217e-06,,,,,,,,,,,
11,53099,,,,,,,,,,,,,,,4.422611527843401e-05,4.422611527843401e-05,1.429637563887809e-06,,,,,,,,,,,
11,53149,,,,,,,,,,,,,,,4.413951683091e-05,4.413951683091e-05,1.4268382528825896e-06,,,,,,,,,,,
11,53199,,,,,,,,,,,,,,,4.405293657328002e-05,4.405293657328002e-05,1.4240395103115588e-06,,,,,,,,,,,
11,53249,,,,,,,,,,,,,,,4.396637450554408e-05,4.396637450554408e-05,1.4212413361747167e-06,,,,,,,,,,,
11,53299,,,,,,,,,,,,,,,4.3879830627702177e-05,4.3879830627702177e-05,1.4184437304720632e-06,,,,,,,,,,,
11,53349,,,,,,,,,,,,,,,4.379330493975431e-05,4.379330493975431e-05,1.4156466932035983e-06,,,,,,,,,,,
11,53399,,,,,,,,,,,,,,,4.370680107967928e-05,4.370680107967928e-05,1.4128503380561597e-06,,,,,,,,,,,
11,53449,,,,,,,,,,,,,,,4.362031177151948e-05,4.362031177151948e-05,1.4100546650297474e-06,,,,,,,,,,,
11,53499,,,,,,,,,,,,,,,4.3533844291232526e-05,4.3533844291232526e-05,1.4072595604375238e-06,,,,,,,,,,,
11,53549,,,,,,,,,,,,,,,4.344739863881841e-05,4.344739863881841e-05,1.4044650242794887e-06,,,,,,,,,,,
11,53599,,,,,,,,,,,,,,,4.3360971176298335e-05,4.3360971176298335e-05,1.40167117024248e-06,,,,,,,,,,,
11,53649,,,,,,,,,,,,,,,4.327456190367229e-05,4.327456190367229e-05,1.3988779983264976e-06,,,,,,,,,,,
11,53699,,,,,,,,,,,,,,,4.318817445891909e-05,4.318817445891909e-05,1.3960855085315416e-06,,,,,,,,,,,
11,53749,,,,,,,,,,,,,,,4.3101808842038736e-05,4.3101808842038736e-05,1.3932935871707741e-06,,,,,,,,,,,
11,53799,,,,,,,,,,,,,,,4.3015461415052414e-05,4.3015461415052414e-05,1.3905024616178707e-06,,,,,,,,,,,
11,53849,,,,,,,,,,,,,,,4.292913945391774e-05,4.292913945391774e-05,1.387711904499156e-06,,,,,,,,,,,
11,53899,,,,,,,,,,,,,,,4.2842835682677105e-05,4.2842835682677105e-05,1.3849221431883052e-06,,,,,,,,,,,
11,53949,,,,,,,,,,,,,,,4.275655373930931e-05,4.275655373930931e-05,1.3821330639984808e-06,,,,,,,,,,,
11,53999,,,,,,,,,,,,,,,4.267029362381436e-05,4.267029362381436e-05,1.3793446669296827e-06,,,,,,,,,,,
11,54049,,,,,,,,,,,,,,,4.258405897417106e-05,4.258405897417106e-05,1.3765570656687487e-06,,,,,,,,,,,
11,54099,,,,,,,,,,,,,,,4.249784251442179e-05,4.249784251442179e-05,1.3737700328420033e-06,,,,,,,,,,,
11,54149,,,,,,,,,,,,,,,4.2411651520524174e-05,4.2411651520524174e-05,1.3709839095099596e-06,,,,,,,,,,,
11,54199,,,,,,,,,,,,,,,4.232548599247821e-05,4.232548599247821e-05,1.3681984682989423e-06,,,,,,,,,,,
11,54249,,,,,,,,,,,,,,,4.2239338654326275e-05,4.2239338654326275e-05,1.3654137092089513e-06,,,,,,,,,,,
11,54299,,,,,,,,,,,,,,,4.215321678202599e-05,4.215321678202599e-05,1.3626298596136621e-06,,,,,,,,,,,
11,54349,,,,,,,,,,,,,,,4.206712037557736e-05,4.206712037557736e-05,1.3598466921393992e-06,,,,,,,,,,,
11,54399,,,,,,,,,,,,,,,4.198104579700157e-05,4.198104579700157e-05,1.3570643204730004e-06,,,,,,,,,,,
11,54449,,,,,,,,,,,,,,,4.189499668427743e-05,4.189499668427743e-05,1.3542827446144656e-06,,,,,,,,,,,
11,54499,,,,,,,,,,,,,,,4.180897303740494e-05,4.180897303740494e-05,1.3515018508769572e-06,,,,,,,,,,,
11,54549,,,,,,,,,,,,,,,4.17229748563841e-05,4.17229748563841e-05,1.3487218666341505e-06,,,,,,,,,,,
11,54599,,,,,,,,,,,,,,,4.16369985032361e-05,4.16369985032361e-05,1.3459426781992079e-06,,,,,,,,,,,
11,54649,,,,,,,,,,,,,,,4.155105125391856e-05,4.155105125391856e-05,1.343164399258967e-06,,,,,,,,,,,
11,54699,,,,,,,,,,,,,,,4.146512583247386e-05,4.146512583247386e-05,1.3403868024397525e-06,,,,,,,,,,,
11,54749,,,,,,,,,,,,,,,4.137922951485962e-05,4.137922951485962e-05,1.3376102288020775e-06,,,,,,,,,,,
11,54799,,,,,,,,,,,,,,,4.1293358663097024e-05,4.1293358663097024e-05,1.3348343372854288e-06,,,,,,,,,,,
11,54849,,,,,,,,,,,,,,,4.120751327718608e-05,4.120751327718608e-05,1.3320593552634818e-06,,,,,,,,,,,
11,54899,,,,,,,,,,,,,,,4.1121696995105594e-05,4.1121696995105594e-05,1.3292852827362367e-06,,,,,,,,,,,
11,54949,,,,,,,,,,,,,,,4.103590617887676e-05,4.103590617887676e-05,1.3265120060168556e-06,,,,,,,,,,,
11,54999,,,,,,,,,,,,,,,4.095014082849957e-05,4.095014082849957e-05,1.3237396387921763e-06,,,,,,,,,,,
11,55049,,,,,,,,,,,,,,,4.086440458195284e-05,4.086440458195284e-05,1.3209681810621987e-06,,,,,,,,,,,
11,55099,,,,,,,,,,,,,,,4.0778697439236566e-05,4.0778697439236566e-05,1.318197632826923e-06,,,,,,,,,,,
11,55149,,,,,,,,,,,,,,,4.069301940035075e-05,4.069301940035075e-05,1.3154278803995112e-06,,,,,,,,,,,
11,55199,,,,,,,,,,,,,,,4.060736682731658e-05,4.060736682731658e-05,1.312659151153639e-06,,,,,,,,,,,
11,55249,,,,,,,,,,,,,,,4.052174335811287e-05,4.052174335811287e-05,1.3098913314024685e-06,,,,,,,,,,,
11,55299,,,,,,,,,,,,,,,4.043614899273962e-05,4.043614899273962e-05,1.3071244211459998e-06,,,,,,,,,,,
11,55349,,,,,,,,,,,,,,,4.035058373119682e-05,4.035058373119682e-05,1.3043584203842329e-06,,,,,,,,,,,
11,55399,,,,,,,,,,,,,,,4.026504757348448e-05,4.026504757348448e-05,1.3015934428040055e-06,,,,,,,,,,,
11,55449,,,,,,,,,,,,,,,4.01795405196026e-05,4.01795405196026e-05,1.2988293747184798e-06,,,,,,,,,,,
11,55499,,,,,,,,,,,,,,,4.009406256955117e-05,4.009406256955117e-05,1.2960663298144937e-06,,,,,,,,,,,
11,55549,,,,,,,,,,,,,,,4.000861736130901e-05,4.000861736130901e-05,1.2933041944052093e-06,,,,,,,,,,,
11,55599,,,,,,,,,,,,,,,3.99232012568973e-05,3.99232012568973e-05,1.2905430821774644e-06,,,,,,,,,,,
11,55649,,,,,,,,,,,,,,,3.983781425631605e-05,3.983781425631605e-05,1.2877828794444213e-06,,,,,,,,,,,
11,55699,,,,,,,,,,,,,,,3.9752459997544065e-05,3.9752459997544065e-05,1.2850238135797554e-06,,,,,,,,,,,
11,55749,,,,,,,,,,,,,,,3.9667134842602536e-05,3.9667134842602536e-05,1.2822656572097912e-06,,,,,,,,,,,
11,55799,,,,,,,,,,,,,,,3.958184606744908e-05,3.958184606744908e-05,1.2795085240213666e-06,,,,,,,,,,,
11,55849,,,,,,,,,,,,,,,3.949658275814727e-05,3.949658275814727e-05,1.2767524140144815e-06,,,,,,,,,,,
11,55899,,,,,,,,,,,,,,,3.941135582863353e-05,3.941135582863353e-05,1.2739973271891358e-06,,,,,,,,,,,
11,55949,,,,,,,,,,,,,,,3.932615800295025e-05,3.932615800295025e-05,1.2712433772321674e-06,,,,,,,,,,,
11,55999,,,,,,,,,,,,,,,3.924099655705504e-05,3.924099655705504e-05,1.2684903367699008e-06,,,,,,,,,,,
11,56049,,,,,,,,,,,,,,,3.915586421499029e-05,3.915586421499029e-05,1.2657384331760113e-06,,,,,,,,,,,
11,56099,,,,,,,,,,,,,,,3.9070768252713606e-05,3.9070768252713606e-05,1.262987666450499e-06,,,,,,,,,,,
11,56149,,,,,,,,,,,,,,,3.898570139426738e-05,3.898570139426738e-05,1.2602378092196886e-06,,,,,,,,,,,
11,56199,,,,,,,,,,,,,,,3.8900670915609226e-05,3.8900670915609226e-05,1.2574890888572554e-06,,,,,,,,,,,
11,56249,,,,,,,,,,,,,,,3.8815673178760335e-05,3.8815673178760335e-05,1.2547415053631994e-06,,,,,,,,,,,
11,56299,,,,,,,,,,,,,,,3.873070818372071e-05,3.873070818372071e-05,1.2519950587375206e-06,,,,,,,,,,,
11,56349,,,,,,,,,,,,,,,3.864577956846915e-05,3.864577956846915e-05,1.2492496352933813e-06,,,,,,,,,,,
11,56399,,,,,,,,,,,,,,,3.856088369502686e-05,3.856088369502686e-05,1.2465053487176192e-06,,,,,,,,,,,
11,56449,,,,,,,,,,,,,,,3.847602420137264e-05,3.847602420137264e-05,1.2437621990102343e-06,,,,,,,,,,,
11,56499,,,,,,,,,,,,,,,3.839120108750649e-05,3.839120108750649e-05,1.2410201861712267e-06,,,,,,,,,,,
11,56549,,,,,,,,,,,,,,,3.83064107154496e-05,3.83064107154496e-05,1.2382793102005962e-06,,,,,,,,,,,
11,56599,,,,,,,,,,,,,,,3.8221656723180786e-05,3.8221656723180786e-05,1.235539571098343e-06,,,,,,,,,,,
11,56649,,,,,,,,,,,,,,,3.813693911070004e-05,3.813693911070004e-05,1.232800968864467e-06,,,,,,,,,,,
11,56699,,,,,,,,,,,,,,,3.805225424002856e-05,3.805225424002856e-05,1.230063617185806e-06,,,,,,,,,,,
11,56749,,,,,,,,,,,,,,,3.796760938712396e-05,3.796760938712396e-05,1.227327402375522e-06,,,,,,,,,,,
11,56799,,,,,,,,,,,,,,,3.7883000914007425e-05,3.7883000914007425e-05,1.2245923244336154e-06,,,,,,,,,,,
11,56849,,,,,,,,,,,,,,,3.7798428820678964e-05,3.7798428820678964e-05,1.2218584970469237e-06,,,,,,,,,,,
11,56891,,,,,,,,,,,,,,,,,,0.7591943740844727,0.7933905124664307,0.41321682929992676,0.3683786690235138,0.5467312335968018,0.7933905124664307,0.41321682929992676,0.3683786690235138,0.5467312335968018,0.8296650648117065,0.6997578740119934
11,56891,9.115983009338379,9.079071044921875,9.115270614624023,9.123549461364746,9.117907524108887,9.07846450805664,0.7382407784461975,6.294602394104004,0.011982543393969536,0.06043281406164169,0.5523825287818909,2.7725744247436523,0.21591371297836304,1.0878734588623047,,,,,,,,,,,,,,
12,56899,,,,,,,,,,,,,,,3.7713893107138574e-05,3.7713893107138574e-05,1.2191258065286092e-06,,,,,,,,,,,
12,56949,,,,,,,,,,,,,,,3.7629393773386255e-05,3.7629393773386255e-05,1.2163943665655097e-06,,,,,,,,,,,
12,56999,,,,,,,,,,,,,,,3.7544934457400814e-05,3.7544934457400814e-05,1.2136640634707874e-06,,,,,,,,,,,
12,57049,,,,,,,,,,,,,,,3.7460511521203443e-05,3.7460511521203443e-05,1.2109351246181177e-06,,,,,,,,,,,
12,57099,,,,,,,,,,,,,,,3.737612860277295e-05,3.737612860277295e-05,1.2082073226338252e-06,,,,,,,,,,,
12,57149,,,,,,,,,,,,,,,3.729178206413053e-05,3.729178206413053e-05,1.2054807712047477e-06,,,,,,,,,,,
12,57199,,,,,,,,,,,,,,,3.7207475543254986e-05,3.7207475543254986e-05,1.2027554703308851e-06,,,,,,,,,,,
12,57249,,,,,,,,,,,,,,,3.7123205402167514e-05,3.7123205402167514e-05,1.2000314200122375e-06,,,,,,,,,,,
12,57299,,,,,,,,,,,,,,,3.703897527884692e-05,3.703897527884692e-05,1.1973087339356425e-06,,,,,,,,,,,
12,57349,,,,,,,,,,,,,,,3.69547851732932e-05,3.69547851732932e-05,1.1945871847274248e-06,,,,,,,,,,,
12,57399,,,,,,,,,,,,,,,3.6870635085506365e-05,3.6870635085506365e-05,1.1918669997612596e-06,,,,,,,,,,,
12,57449,,,,,,,,,,,,,,,3.6786525015486404e-05,3.6786525015486404e-05,1.1891480653503095e-06,,,,,,,,,,,
12,57499,,,,,,,,,,,,,,,3.670245496323332e-05,3.670245496323332e-05,1.186430495181412e-06,,,,,,,,,,,
12,57549,,,,,,,,,,,,,,,3.661842492874712e-05,3.661842492874712e-05,1.1837141755677294e-06,,,,,,,,,,,
12,57599,,,,,,,,,,,,,,,3.65344385500066e-05,3.65344385500066e-05,1.1809991065092618e-06,,,,,,,,,,,
12,57649,,,,,,,,,,,,,,,3.645048855105415e-05,3.645048855105415e-05,1.1782855153796845e-06,,,,,,,,,,,
12,57699,,,,,,,,,,,,,,,3.6366582207847387e-05,3.6366582207847387e-05,1.1755731748053222e-06,,,,,,,,,,,
12,57749,,,,,,,,,,,,,,,3.62827158824075e-05,3.62827158824075e-05,1.1728620847861748e-06,,,,,,,,,,,
12,57799,,,,,,,,,,,,,,,3.61988932127133e-05,3.61988932127133e-05,1.1701524726959178e-06,,,,,,,,,,,
12,57849,,,,,,,,,,,,,,,3.611511056078598e-05,3.611511056078598e-05,1.1674442248477135e-06,,,,,,,,,,,
12,57899,,,,,,,,,,,,,,,3.603137156460434e-05,3.603137156460434e-05,1.164737227554724e-06,,,,,,,,,,,
12,57949,,,,,,,,,,,,,,,3.594767622416839e-05,3.594767622416839e-05,1.162031708190625e-06,,,,,,,,,,,
12,57999,,,,,,,,,,,,,,,3.5864020901499316e-05,3.5864020901499316e-05,1.1593275530685787e-06,,,,,,,,,,,
12,58049,,,,,,,,,,,,,,,3.578040923457593e-05,3.578040923457593e-05,1.156624762188585e-06,,,,,,,,,,,
12,58099,,,,,,,,,,,,,,,3.5696841223398224e-05,3.5696841223398224e-05,1.153923335550644e-06,,,,,,,,,,,
12,58149,,,,,,,,,,,,,,,3.5613316867966205e-05,3.5613316867966205e-05,1.1512233868415933e-06,,,,,,,,,,,
12,58199,,,,,,,,,,,,,,,3.552983616827987e-05,3.552983616827987e-05,1.1485248023745953e-06,,,,,,,,,,,
12,58249,,,,,,,,,,,,,,,3.544639912433922e-05,3.544639912433922e-05,1.14582758214965e-06,,,,,,,,,,,
12,58299,,,,,,,,,,,,,,,3.536300573614426e-05,3.536300573614426e-05,1.1431319535404327e-06,,,,,,,,,,,
12,58349,,,,,,,,,,,,,,,3.527965964167379e-05,3.527965964167379e-05,1.1404376891732682e-06,,,,,,,,,,,
12,58399,,,,,,,,,,,,,,,3.5196357202949e-05,3.5196357202949e-05,1.1377447890481562e-06,,,,,,,,,,,
12,58449,,,,,,,,,,,,,,,3.51130984199699e-05,3.51130984199699e-05,1.1350534805387724e-06,,,,,,,,,,,
12,58499,,,,,,,,,,,,,,,3.5029883292736486e-05,3.5029883292736486e-05,1.1323635362714413e-06,,,,,,,,,,,
12,58549,,,,,,,,,,,,,,,3.494671909720637e-05,3.494671909720637e-05,1.1296750699330005e-06,,,,,,,,,,,
12,58599,,,,,,,,,,,,,,,3.486359491944313e-05,3.486359491944313e-05,1.12698808152345e-06,,,,,,,,,,,
12,58649,,,,,,,,,,,,,,,3.478052167338319e-05,3.478052167338319e-05,1.1243026847296278e-06,,,,,,,,,,,
12,58699,,,,,,,,,,,,,,,3.469749208306894e-05,3.469749208306894e-05,1.1216186521778582e-06,,,,,,,,,,,
12,58749,,,,,,,,,,,,,,,3.461450614850037e-05,3.461450614850037e-05,1.1189362112418166e-06,,,,,,,,,,,
12,58799,,,,,,,,,,,,,,,3.45315711456351e-05,3.45315711456351e-05,1.1162552482346655e-06,,,,,,,,,,,
12,58849,,,,,,,,,,,,,,,3.444868343649432e-05,3.444868343649432e-05,1.1135757631564047e-06,,,,,,,,,,,
12,58899,,,,,,,,,,,,,,,3.436583938309923e-05,3.436583938309923e-05,1.110897869693872e-06,,,,,,,,,,,
12,58949,,,,,,,,,,,,,,,3.4283046261407435e-05,3.4283046261407435e-05,1.1082214541602298e-06,,,,,,,,,,,
12,58999,,,,,,,,,,,,,,,3.4200300433440134e-05,3.4200300433440134e-05,1.1055466302423156e-06,,,,,,,,,,,
12,59049,,,,,,,,,,,,,,,3.4117601899197325e-05,3.4117601899197325e-05,1.1028733979401295e-06,,,,,,,,,,,
12,59099,,,,,,,,,,,,,,,3.403495065867901e-05,3.403495065867901e-05,1.1002016435668338e-06,,,,,,,,,,,
12,59149,,,,,,,,,,,,,,,3.395235034986399e-05,3.395235034986399e-05,1.0975314808092662e-06,,,,,,,,,,,
12,59199,,,,,,,,,,,,,,,3.3869797334773466e-05,3.3869797334773466e-05,1.0948629096674267e-06,,,,,,,,,,,
12,59249,,,,,,,,,,,,,,,3.378729525138624e-05,3.378729525138624e-05,1.0921959301413153e-06,,,,,,,,,,,
12,59299,,,,,,,,,,,,,,,3.3704840461723506e-05,3.3704840461723506e-05,1.089530542230932e-06,,,,,,,,,,,
12,59349,,,,,,,,,,,,,,,3.362243660376407e-05,3.362243660376407e-05,1.0868667459362769e-06,,,,,,,,,,,
12,59399,,,,,,,,,,,,,,,3.354008003952913e-05,3.354008003952913e-05,1.0842046549441875e-06,,,,,,,,,,,
12,59449,,,,,,,,,,,,,,,3.345777440699749e-05,3.345777440699749e-05,1.0815440418809885e-06,,,,,,,,,,,
12,59499,,,,,,,,,,,,,,,3.337551970616914e-05,3.337551970616914e-05,1.0788851341203554e-06,,,,,,,,,,,
12,59549,,,,,,,,,,,,,,,3.32933159370441e-05,3.32933159370441e-05,1.0762278179754503e-06,,,,,,,,,,,
12,59599,,,,,,,,,,,,,,,3.3211163099622354e-05,3.3211163099622354e-05,1.073572207133111e-06,,,,,,,,,,,
12,59649,,,,,,,,,,,,,,,3.312906119390391e-05,3.312906119390391e-05,1.0709181879065e-06,,,,,,,,,,,
12,59699,,,,,,,,,,,,,,,3.304701021988876e-05,3.304701021988876e-05,1.068265760295617e-06,,,,,,,,,,,
12,59749,,,,,,,,,,,,,,,3.2965010177576914e-05,3.2965010177576914e-05,1.0656151516741375e-06,,,,,,,,,,,
12,59799,,,,,,,,,,,,,,,3.2883061066968367e-05,3.2883061066968367e-05,1.062966134668386e-06,,,,,,,,,,,
12,59849,,,,,,,,,,,,,,,3.2801166526041925e-05,3.2801166526041925e-05,1.0603188229652005e-06,,,,,,,,,,,
12,59899,,,,,,,,,,,,,,,3.271932291681878e-05,3.271932291681878e-05,1.057673102877743e-06,,,,,,,,,,,
12,59949,,,,,,,,,,,,,,,3.263753387727775e-05,3.263753387727775e-05,1.0550292017796892e-06,,,,,,,,,,,
12,59999,,,,,,,,,,,,,,,3.255579576944001e-05,3.255579576944001e-05,1.052387005984201e-06,,,,,,,,,,,
12,60049,,,,,,,,,,,,,,,3.247410859330557e-05,3.247410859330557e-05,1.0497465154912788e-06,,,,,,,,,,,
12,60099,,,,,,,,,,,,,,,3.239247962483205e-05,3.239247962483205e-05,1.0471076166140847e-06,,,,,,,,,,,
12,60149,,,,,,,,,,,,,,,3.2310901588061824e-05,3.2310901588061824e-05,1.0444706504131318e-06,,,,,,,,,,,
12,60199,,,,,,,,,,,,,,,3.2229378120973706e-05,3.2229378120973706e-05,1.041835275827907e-06,,,,,,,,,,,
12,60249,,,,,,,,,,,,,,,3.214790558558889e-05,3.214790558558889e-05,1.0392017202320858e-06,,,,,,,,,,,
12,60299,,,,,,,,,,,,,,,3.206649125786498e-05,3.206649125786498e-05,1.0365698699388304e-06,,,,,,,,,,,
12,60349,,,,,,,,,,,,,,,3.1985127861844376e-05,3.1985127861844376e-05,1.0339398386349785e-06,,,,,,,,,,,
12,60399,,,,,,,,,,,,,,,3.190382267348468e-05,3.190382267348468e-05,1.0313115126336925e-06,,,,,,,,,,,
12,60449,,,,,,,,,,,,,,,3.18225720548071e-05,3.18225720548071e-05,1.02868500562181e-06,,,,,,,,,,,
12,60499,,,,,,,,,,,,,,,3.174137600581162e-05,3.174137600581162e-05,1.026060317599331e-06,,,,,,,,,,,
12,60549,,,,,,,,,,,,,,,3.166023452649824e-05,3.166023452649824e-05,1.023437334879418e-06,,,,,,,,,,,
12,60599,,,,,,,,,,,,,,,3.1579147616866976e-05,3.1579147616866976e-05,1.020816284835746e-06,,,,,,,,,,,
12,60649,,,,,,,,,,,,,,,3.149811891489662e-05,3.149811891489662e-05,1.01819694009464e-06,,,,,,,,,,,
12,60699,,,,,,,,,,,,,,,3.141714842058718e-05,3.141714842058718e-05,1.0155794143429375e-06,,,,,,,,,,,
12,60749,,,,,,,,,,,,,,,3.133623249595985e-05,3.133623249595985e-05,1.0129638212674763e-06,,,,,,,,,,,
12,60799,,,,,,,,,,,,,,,3.125537114101462e-05,3.125537114101462e-05,1.010349933494581e-06,,,,,,,,,,,
12,60849,,,,,,,,,,,,,,,3.117456799373031e-05,3.117456799373031e-05,1.0077379783979268e-06,,,,,,,,,,,
12,60899,,,,,,,,,,,,,,,3.1093823054106906e-05,3.1093823054106906e-05,1.0051278422906762e-06,,,,,,,,,,,
12,60949,,,,,,,,,,,,,,,3.101313632214442e-05,3.101313632214442e-05,1.0025195251728292e-06,,,,,,,,,,,
12,60999,,,,,,,,,,,,,,,3.093250415986404e-05,3.093250415986404e-05,9.999131407312234e-07,,,,,,,,,,,
12,61049,,,,,,,,,,,,,,,3.085193384322338e-05,3.085193384322338e-05,9.973085752790212e-07,,,,,,,,,,,
12,61099,,,,,,,,,,,,,,,3.077142173424363e-05,3.077142173424363e-05,9.947059425030602e-07,,,,,,,,,,,
12,61149,,,,,,,,,,,,,,,3.069096419494599e-05,3.069096419494599e-05,9.921051287165028e-07,,,,,,,,,,,
12,61199,,,,,,,,,,,,,,,3.061056850128807e-05,3.061056850128807e-05,9.895062476061867e-07,,,,,,,,,,,
12,61249,,,,,,,,,,,,,,,3.0530231015291065e-05,3.0530231015291065e-05,9.869092991721118e-07,,,,,,,,,,,
12,61299,,,,,,,,,,,,,,,3.0449951736954972e-05,3.0449951736954972e-05,9.843142834142782e-07,,,,,,,,,,,
12,61349,,,,,,,,,,,,,,,3.0369732485269196e-05,3.0369732485269196e-05,9.817210866458481e-07,,,,,,,,,,,
12,61399,,,,,,,,,,,,,,,3.0289573260233738e-05,3.0289573260233738e-05,9.79129936240497e-07,,,,,,,,,,,
12,61449,,,,,,,,,,,,,,,3.0209474061848596e-05,3.0209474061848596e-05,9.765406048245495e-07,,,,,,,,,,,
12,61499,,,,,,,,,,,,,,,3.012943489011377e-05,3.012943489011377e-05,9.73953319771681e-07,,,,,,,,,,,
12,61549,,,,,,,,,,,,,,,3.0049455745029263e-05,3.0049455745029263e-05,9.713679673950537e-07,,,,,,,,,,,
12,61599,,,,,,,,,,,,,,,2.9969538445584476e-05,2.9969538445584476e-05,9.687845476946677e-07,,,,,,,,,,,
12,61632,,,,,,,,,,,,,,,,,,0.757483720779419,0.793911337852478,0.4140336811542511,0.36835595965385437,0.5475383400917053,0.793911337852478,0.4140336811542511,0.36835595965385437,0.5475383400917053,0.8189493417739868,0.7046005129814148
12,61632,9.234180450439453,9.190281867980957,9.214960098266602,9.218888282775879,9.234338760375977,9.180183410644531,1.0968149900436401,6.229882717132568,0.011804250068962574,0.059475019574165344,0.5465127229690552,2.7440407276153564,0.21395187079906464,1.0775152444839478,,,,,,,,,,,,,,
13,61649,,,,,,,,,,,,,,,2.9889681172790006e-05,2.9889681172790006e-05,9.662031743573607e-07,,,,,,,,,,,
13,61699,,,,,,,,,,,,,,,2.9809885745635256e-05,2.9809885745635256e-05,9.636236200094572e-07,,,,,,,,,,,
13,61749,,,,,,,,,,,,,,,2.9730150345130824e-05,2.9730150345130824e-05,9.610462257114705e-07,,,,,,,,,,,
13,61799,,,,,,,,,,,,,,,2.965047679026611e-05,2.965047679026611e-05,9.58470764089725e-07,,,,,,,,,,,
13,61849,,,,,,,,,,,,,,,2.9570866900030524e-05,2.9570866900030524e-05,9.558972351442208e-07,,,,,,,,,,,
13,61899,,,,,,,,,,,,,,,2.9491317036445253e-05,2.9491317036445253e-05,9.533257525617955e-07,,,,,,,,,,,
13,61949,,,,,,,,,,,,,,,2.9411830837489106e-05,2.9411830837489106e-05,9.507563163424493e-07,,,,,,,,,,,
13,61999,,,,,,,,,,,,,,,2.933240648417268e-05,2.933240648417268e-05,9.481888696427632e-07,,,,,,,,,,,
13,62049,,,,,,,,,,,,,,,2.9253045795485377e-05,2.9253045795485377e-05,9.45623469306156e-07,,,,,,,,,,,
13,62099,,,,,,,,,,,,,,,2.9173746952437796e-05,2.9173746952437796e-05,9.430601153326279e-07,,,,,,,,,,,
13,62149,,,,,,,,,,,,,,,2.9094511774019338e-05,2.9094511774019338e-05,9.404988077221788e-07,,,,,,,,,,,
13,62199,,,,,,,,,,,,,,,2.901534207921941e-05,2.901534207921941e-05,9.379395464748086e-07,,,,,,,,,,,
13,62249,,,,,,,,,,,,,,,2.89362342300592e-05,2.89362342300592e-05,9.353823315905174e-07,,,,,,,,,,,
13,62299,,,,,,,,,,,,,,,2.8857190045528114e-05,2.8857190045528114e-05,9.328272199127241e-07,,,,,,,,,,,
13,62349,,,,,,,,,,,,,,,2.8778211344615556e-05,2.8778211344615556e-05,9.302741545980098e-07,,,,,,,,,,,
13,62399,,,,,,,,,,,,,,,2.8699296308332123e-05,2.8699296308332123e-05,9.277231924897933e-07,,,,,,,,,,,
13,62449,,,,,,,,,,,,,,,2.8620446755667217e-05,2.8620446755667217e-05,9.251743335880747e-07,,,,,,,,,,,
13,62499,,,,,,,,,,,,,,,2.854166268662084e-05,2.854166268662084e-05,9.226275778928539e-07,,,,,,,,,,,
13,62549,,,,,,,,,,,,,,,2.8462942282203585e-05,2.8462942282203585e-05,9.200829254041309e-07,,,,,,,,,,,
13,62599,,,,,,,,,,,,,,,2.8384289180394262e-05,2.8384289180394262e-05,9.175403761219059e-07,,,,,,,,,,,
13,62649,,,,,,,,,,,,,,,2.8305701562203467e-05,2.8305701562203467e-05,9.149999300461786e-07,,,,,,,,,,,
13,62699,,,,,,,,,,,,,,,2.82271794276312e-05,2.82271794276312e-05,9.124616440203681e-07,,,,,,,,,,,
13,62749,,,,,,,,,,,,,,,2.814872277667746e-05,2.814872277667746e-05,9.099255180444743e-07,,,,,,,,,,,
13,62799,,,,,,,,,,,,,,,2.807033342833165e-05,2.807033342833165e-05,9.073915521184972e-07,,,,,,,,,,,
13,62849,,,,,,,,,,,,,,,2.799200956360437e-05,2.799200956360437e-05,9.04859689399018e-07,,,,,,,,,,,
13,62899,,,,,,,,,,,,,,,2.791375300148502e-05,2.791375300148502e-05,9.023299867294554e-07,,,,,,,,,,,
13,62949,,,,,,,,,,,,,,,2.7835565560963005e-05,2.7835565560963005e-05,8.998025009532284e-07,,,,,,,,,,,
13,62999,,,,,,,,,,,,,,,2.7757443604059517e-05,2.7757443604059517e-05,8.972771752269182e-07,,,,,,,,,,,
13,63049,,,,,,,,,,,,,,,2.767938894976396e-05,2.767938894976396e-05,8.947540095505246e-07,,,,,,,,,,,
13,63099,,,,,,,,,,,,,,,2.760140341706574e-05,2.760140341706574e-05,8.922331176108855e-07,,,,,,,,,,,
13,63149,,,,,,,,,,,,,,,2.752348518697545e-05,2.752348518697545e-05,8.897143288777443e-07,,,,,,,,,,,
13,63199,,,,,,,,,,,,,,,2.7445636078482494e-05,2.7445636078482494e-05,8.871978138813574e-07,,,,,,,,,,,
13,63249,,,,,,,,,,,,,,,2.7367856091586873e-05,2.7367856091586873e-05,8.846835157783062e-07,,,,,,,,,,,
13,63299,,,,,,,,,,,,,,,2.7290143407299183e-05,2.7290143407299183e-05,8.821713777251716e-07,,,,,,,,,,,
13,63349,,,,,,,,,,,,,,,2.721249984460883e-05,2.721249984460883e-05,8.796615134087915e-07,,,,,,,,,,,
13,63399,,,,,,,,,,,,,,,2.7134927222505212e-05,2.7134927222505212e-05,8.771539228291658e-07,,,,,,,,,,,
13,63449,,,,,,,,,,,,,,,2.7057421903009526e-05,2.7057421903009526e-05,8.746485491428757e-07,,,,,,,,,,,
13,63499,,,,,,,,,,,,,,,2.697998752410058e-05,2.697998752410058e-05,8.7214544919334e-07,,,,,,,,,,,
13,63549,,,,,,,,,,,,,,,2.690262408577837e-05,2.690262408577837e-05,8.696445661371399e-07,,,,,,,,,,,
13,63599,,,,,,,,,,,,,,,2.6825329769053496e-05,2.6825329769053496e-05,8.671459568176942e-07,,,,,,,,,,,
13,63649,,,,,,,,,,,,,,,2.6748104573925957e-05,2.6748104573925957e-05,8.646496780784219e-07,,,,,,,,,,,
13,63699,,,,,,,,,,,,,,,2.667095213837456e-05,2.667095213837456e-05,8.621556730759039e-07,,,,,,,,,,,
13,63749,,,,,,,,,,,,,,,2.65938706434099e-05,2.65938706434099e-05,8.596639418101404e-07,,,,,,,,,,,
13,63799,,,,,,,,,,,,,,,2.651686008903198e-05,2.651686008903198e-05,8.571744842811313e-07,,,,,,,,,,,
13,63849,,,,,,,,,,,,,,,2.6439920475240797e-05,2.6439920475240797e-05,8.546873573322955e-07,,,,,,,,,,,
13,63899,,,,,,,,,,,,,,,2.6363051802036352e-05,2.6363051802036352e-05,8.52202560963633e-07,,,,,,,,,,,
13,63949,,,,,,,,,,,,,,,2.628625588840805e-05,2.628625588840805e-05,8.497200951751438e-07,,,,,,,,,,,
13,63999,,,,,,,,,,,,,,,2.620953273435589e-05,2.620953273435589e-05,8.472399599668279e-07,,,,,,,,,,,
13,64049,,,,,,,,,,,,,,,2.6132880520890467e-05,2.6132880520890467e-05,8.447621553386853e-07,,,,,,,,,,,
13,64099,,,,,,,,,,,,,,,2.6056301067001186e-05,2.6056301067001186e-05,8.422866812907159e-07,,,,,,,,,,,
13,64149,,,,,,,,,,,,,,,2.5979794372688048e-05,2.5979794372688048e-05,8.398135378229199e-07,,,,,,,,,,,
13,64199,,,,,,,,,,,,,,,2.5903362256940454e-05,2.5903362256940454e-05,8.37342781778716e-07,,,,,,,,,,,
13,64249,,,,,,,,,,,,,,,2.5827002900769003e-05,2.5827002900769003e-05,8.348744131581043e-07,,,,,,,,,,,
13,64299,,,,,,,,,,,,,,,2.5750716304173693e-05,2.5750716304173693e-05,8.324084319610847e-07,,,,,,,,,,,
13,64349,,,,,,,,,,,,,,,2.5674502467154525e-05,2.5674502467154525e-05,8.299447813442384e-07,,,,,,,,,,,
13,64399,,,,,,,,,,,,,,,2.5598365027690306e-05,2.5598365027690306e-05,8.274835749944032e-07,,,,,,,,,,,
13,64449,,,,,,,,,,,,,,,2.552230034780223e-05,2.552230034780223e-05,8.250247560681601e-07,,,,,,,,,,,
13,64499,,,,,,,,,,,,,,,2.5446310246479698e-05,2.5446310246479698e-05,8.225683245655091e-07,,,,,,,,,,,
13,64549,,,,,,,,,,,,,,,2.537039472372271e-05,2.537039472372271e-05,8.201142804864503e-07,,,,,,,,,,,
13,64599,,,,,,,,,,,,,,,2.529455377953127e-05,2.529455377953127e-05,8.176626806744025e-07,,,,,,,,,,,
13,64649,,,,,,,,,,,,,,,2.5218789232894778e-05,2.5218789232894778e-05,8.152135251293657e-07,,,,,,,,,,,
13,64699,,,,,,,,,,,,,,,2.514309926482383e-05,2.514309926482383e-05,8.1276681385134e-07,,,,,,,,,,,
13,64749,,,,,,,,,,,,,,,2.506748387531843e-05,2.506748387531843e-05,8.103225468403252e-07,,,,,,,,,,,
13,64799,,,,,,,,,,,,,,,2.499194670235738e-05,2.499194670235738e-05,8.078807240963215e-07,,,,,,,,,,,
13,64849,,,,,,,,,,,,,,,2.4916484107961878e-05,2.4916484107961878e-05,8.054413456193288e-07,,,,,,,,,,,
13,64899,,,,,,,,,,,,,,,2.4841097911121324e-05,2.4841097911121324e-05,8.030044114093471e-07,,,,,,,,,,,
13,64949,,,,,,,,,,,,,,,2.4765788111835718e-05,2.4765788111835718e-05,8.005699783097953e-07,,,,,,,,,,,
13,64999,,,,,,,,,,,,,,,2.469055471010506e-05,2.469055471010506e-05,7.981380463206733e-07,,,,,,,,,,,
13,65049,,,,,,,,,,,,,,,2.4615397705929354e-05,2.4615397705929354e-05,7.957085585985624e-07,,,,,,,,,,,
13,65099,,,,,,,,,,,,,,,2.4540318918298e-05,2.4540318918298e-05,7.932815719868813e-07,,,,,,,,,,,
13,65149,,,,,,,,,,,,,,,2.4465318347210996e-05,2.4465318347210996e-05,7.90857143329049e-07,,,,,,,,,,,
13,65199,,,,,,,,,,,,,,,2.4390394173678942e-05,2.4390394173678942e-05,7.884351589382277e-07,,,,,,,,,,,
13,65249,,,,,,,,,,,,,,,2.431554821669124e-05,2.431554821669124e-05,7.860157325012551e-07,,,,,,,,,,,
13,65299,,,,,,,,,,,,,,,2.4240780476247892e-05,2.4240780476247892e-05,7.835988071747124e-07,,,,,,,,,,,
13,65349,,,,,,,,,,,,,,,2.4166090952348895e-05,2.4166090952348895e-05,7.811844398020185e-07,,,,,,,,,,,
13,65399,,,,,,,,,,,,,,,2.409147964499425e-05,2.409147964499425e-05,7.787725735397544e-07,,,,,,,,,,,
13,65449,,,,,,,,,,,,,,,2.4016948373173364e-05,2.4016948373173364e-05,7.76363265231339e-07,,,,,,,,,,,
13,65499,,,,,,,,,,,,,,,2.3942495317896828e-05,2.3942495317896828e-05,7.739565148767724e-07,,,,,,,,,,,
13,65549,,,,,,,,,,,,,,,2.3868120479164645e-05,2.3868120479164645e-05,7.715523224760545e-07,,,,,,,,,,,
13,65599,,,,,,,,,,,,,,,2.379382749495562e-05,2.379382749495562e-05,7.691507448726043e-07,,,,,,,,,,,
13,65649,,,,,,,,,,,,,,,2.371961272729095e-05,2.371961272729095e-05,7.667516683795839e-07,,,,,,,,,,,
13,65699,,,,,,,,,,,,,,,2.3645477995160036e-05,2.3645477995160036e-05,7.643552066838311e-07,,,,,,,,,,,
13,65749,,,,,,,,,,,,,,,2.3571423298562877e-05,2.3571423298562877e-05,7.619613597853458e-07,,,,,,,,,,,
13,65799,,,,,,,,,,,,,,,2.3497448637499474e-05,2.3497448637499474e-05,7.595700708407094e-07,,,,,,,,,,,
13,65849,,,,,,,,,,,,,,,2.3423554011969827e-05,2.3423554011969827e-05,7.571814535367594e-07,,,,,,,,,,,
13,65899,,,,,,,,,,,,,,,2.334974124096334e-05,2.334974124096334e-05,7.547953941866581e-07,,,,,,,,,,,
13,65949,,,,,,,,,,,,,,,2.3276010324480012e-05,2.3276010324480012e-05,7.524119496338244e-07,,,,,,,,,,,
13,65999,,,,,,,,,,,,,,,2.320235944353044e-05,2.320235944353044e-05,7.500311198782583e-07,,,,,,,,,,,
13,66049,,,,,,,,,,,,,,,2.3128790417104028e-05,2.3128790417104028e-05,7.476529617633787e-07,,,,,,,,,,,
13,66099,,,,,,,,,,,,,,,2.3055303245200776e-05,2.3055303245200776e-05,7.452774752891855e-07,,,,,,,,,,,
13,66149,,,,,,,,,,,,,,,2.298189610883128e-05,2.298189610883128e-05,7.429045467688411e-07,,,,,,,,,,,
13,66199,,,,,,,,,,,,,,,2.290857446496375e-05,2.290857446496375e-05,7.40534346732602e-07,,,,,,,,,,,
13,66249,,,,,,,,,,,,,,,2.2835332856629975e-05,2.2835332856629975e-05,7.381667614936305e-07,,,,,,,,,,,
13,66299,,,,,,,,,,,,,,,2.2762174921808764e-05,2.2762174921808764e-05,7.358019047387643e-07,,,,,,,,,,,
13,66349,,,,,,,,,,,,,,,2.2689098841510713e-05,2.2689098841510713e-05,7.334396627811657e-07,,,,,,,,,,,
13,66373,,,,,,,,,,,,,,,,,,0.7580713033676147,0.7926989197731018,0.4129111170768738,0.3660072088241577,0.5489911437034607,0.7926989197731018,0.4129111170768738,0.3660072088241577,0.5489911437034607,0.7888306975364685,0.729620635509491
13,66373,9.302151679992676,9.236659049987793,9.283352851867676,9.302968978881836,9.295428276062012,9.230225563049316,0.8226112127304077,6.038145542144775,0.01136772520840168,0.05732252821326256,0.5309855341911316,2.6660170555114746,0.2069462686777115,1.0418964624404907,,,,,,,,,,,,,,
14,66399,,,,,,,,,,,,,,,2.2616106434725225e-05,2.2616106434725225e-05,7.310801493076724e-07,,,,,,,,,,,
14,66449,,,,,,,,,,,,,,,2.25431977014523e-05,2.25431977014523e-05,7.287233074748656e-07,,,,,,,,,,,
14,66499,,,,,,,,,,,,,,,2.2470370822702534e-05,2.2470370822702534e-05,7.263691941261641e-07,,,,,,,,,,,
14,66549,,,,,,,,,,,,,,,2.2397629436454736e-05,2.2397629436454736e-05,7.24017752418149e-07,,,,,,,,,,,
14,66599,,,,,,,,,,,,,,,2.23249717237195e-05,2.23249717237195e-05,7.216690391942393e-07,,,,,,,,,,,
14,66649,,,,,,,,,,,,,,,2.2252397684496827e-05,2.2252397684496827e-05,7.193230544544349e-07,,,,,,,,,,,
14,66699,,,,,,,,,,,,,,,2.2179907318786718e-05,2.2179907318786718e-05,7.169797413553169e-07,,,,,,,,,,,
14,66749,,,,,,,,,,,,,,,2.2107502445578575e-05,2.2107502445578575e-05,7.146392135837232e-07,,,,,,,,,,,
14,66799,,,,,,,,,,,,,,,2.20351830648724e-05,2.20351830648724e-05,7.123014142962347e-07,,,,,,,,,,,
14,66849,,,,,,,,,,,,,,,2.1962947357678786e-05,2.1962947357678786e-05,7.099664003362705e-07,,,,,,,,,,,
14,66899,,,,,,,,,,,,,,,2.189079714298714e-05,2.189079714298714e-05,7.076341148604115e-07,,,,,,,,,,,
14,66949,,,,,,,,,,,,,,,2.1818734239786863e-05,2.1818734239786863e-05,7.053045578686579e-07,,,,,,,,,,,
14,66999,,,,,,,,,,,,,,,2.174675501009915e-05,2.174675501009915e-05,7.029777862044284e-07,,,,,,,,,,,
14,67049,,,,,,,,,,,,,,,2.1674861272913404e-05,2.1674861272913404e-05,7.006537998677231e-07,,,,,,,,,,,
14,67099,,,,,,,,,,,,,,,2.1603054847219028e-05,2.1603054847219028e-05,6.983326557019609e-07,,,,,,,,,,,
14,67149,,,,,,,,,,,,,,,2.153133573301602e-05,2.153133573301602e-05,6.96014240020304e-07,,,,,,,,,,,
14,67199,,,,,,,,,,,,,,,2.1459702111314982e-05,2.1459702111314982e-05,6.936986096661713e-07,,,,,,,,,,,
14,67249,,,,,,,,,,,,,,,2.138815398211591e-05,2.138815398211591e-05,6.913858214829816e-07,,,,,,,,,,,
14,67299,,,,,,,,,,,,,,,2.131669498339761e-05,2.131669498339761e-05,6.89075818627316e-07,,,,,,,,,,,
14,67349,,,,,,,,,,,,,,,2.1245321477181278e-05,2.1245321477181278e-05,6.867686579425936e-07,,,,,,,,,,,
14,67399,,,,,,,,,,,,,,,2.117403710144572e-05,2.117403710144572e-05,6.844643394288141e-07,,,,,,,,,,,
14,67449,,,,,,,,,,,,,,,2.1102838218212128e-05,2.1102838218212128e-05,6.821628062425589e-07,,,,,,,,,,,
14,67499,,,,,,,,,,,,,,,2.1031730284448713e-05,2.1031730284448713e-05,6.798641720706655e-07,,,,,,,,,,,
14,67549,,,,,,,,,,,,,,,2.0960707843187265e-05,2.0960707843187265e-05,6.775683232262963e-07,,,,,,,,,,,
14,67599,,,,,,,,,,,,,,,2.088977453240659e-05,2.088977453240659e-05,6.752753733962891e-07,,,,,,,,,,,
14,67649,,,,,,,,,,,,,,,2.081893035210669e-05,2.081893035210669e-05,6.729852657372248e-07,,,,,,,,,,,
14,67699,,,,,,,,,,,,,,,2.074817348329816e-05,2.074817348329816e-05,6.706980002491036e-07,,,,,,,,,,,
14,67749,,,,,,,,,,,,,,,2.0677505744970404e-05,2.0677505744970404e-05,6.684136906187632e-07,,,,,,,,,,,
14,67799,,,,,,,,,,,,,,,2.0606928956112824e-05,2.0606928956112824e-05,6.66132166315947e-07,,,,,,,,,,,
14,67849,,,,,,,,,,,,,,,2.0536439478746615e-05,2.0536439478746615e-05,6.638535978709115e-07,,,,,,,,,,,
14,67899,,,,,,,,,,,,,,,2.0466040950850584e-05,2.0466040950850584e-05,6.615779284402379e-07,,,,,,,,,,,
14,67949,,,,,,,,,,,,,,,2.0395731553435326e-05,2.0395731553435326e-05,6.593051011805073e-07,,,,,,,,,,,
14,67999,,,,,,,,,,,,,,,2.0325513105490245e-05,2.0325513105490245e-05,6.570352297785576e-07,,,,,,,,,,,
14,68049,,,,,,,,,,,,,,,2.0255383788025938e-05,2.0255383788025938e-05,6.547682573909697e-07,,,,,,,,,,,
14,68099,,,,,,,,,,,,,,,2.018534542003181e-05,2.018534542003181e-05,6.525042408611625e-07,,,,,,,,,,,
14,68149,,,,,,,,,,,,,,,2.0115398001507856e-05,2.0115398001507856e-05,6.502431233457173e-07,,,,,,,,,,,
14,68199,,,,,,,,,,,,,,,2.0045539713464677e-05,2.0045539713464677e-05,6.479849616880529e-07,,,,,,,,,,,
14,68249,,,,,,,,,,,,,,,1.997577419388108e-05,1.997577419388108e-05,6.457297558881692e-07,,,,,,,,,,,
14,68299,,,,,,,,,,,,,,,1.990609962376766e-05,1.990609962376766e-05,6.434774491026474e-07,,,,,,,,,,,
14,68349,,,,,,,,,,,,,,,1.983651782211382e-05,1.983651782211382e-05,6.412281550183252e-07,,,,,,,,,,,
14,68399,,,,,,,,,,,,,,,1.9767025150940754e-05,1.9767025150940754e-05,6.389818167917838e-07,,,,,,,,,,,
14,68449,,,,,,,,,,,,,,,1.9697627067216672e-05,1.9697627067216672e-05,6.367384344230231e-07,,,,,,,,,,,
14,68499,,,,,,,,,,,,,,,1.9628318113973364e-05,1.9628318113973364e-05,6.344980079120432e-07,,,,,,,,,,,
14,68549,,,,,,,,,,,,,,,1.955910374817904e-05,1.955910374817904e-05,6.32260594102263e-07,,,,,,,,,,,
14,68599,,,,,,,,,,,,,,,1.9489982150844298e-05,1.9489982150844298e-05,6.300261929936823e-07,,,,,,,,,,,
14,68649,,,,,,,,,,,,,,,1.9420951502979733e-05,1.9420951502979733e-05,6.277947477428825e-07,,,,,,,,,,,
14,68699,,,,,,,,,,,,,,,1.9352015442564152e-05,1.9352015442564152e-05,6.255663151932822e-07,,,,,,,,,,,
14,68749,,,,,,,,,,,,,,,1.9283172150608152e-05,1.9283172150608152e-05,6.233408953448816e-07,,,,,,,,,,,
14,68799,,,,,,,,,,,,,,,1.9214421627111733e-05,1.9214421627111733e-05,6.211185450410994e-07,,,,,,,,,,,
14,68849,,,,,,,,,,,,,,,1.9145765691064298e-05,1.9145765691064298e-05,6.18899150595098e-07,,,,,,,,,,,
14,68899,,,,,,,,,,,,,,,1.9077204342465848e-05,1.9077204342465848e-05,6.166828256937151e-07,,,,,,,,,,,
14,68949,,,,,,,,,,,,,,,1.9008735762326978e-05,1.9008735762326978e-05,6.144695703369507e-07,,,,,,,,,,,
14,68999,,,,,,,,,,,,,,,1.894035995064769e-05,1.894035995064769e-05,6.122593276813859e-07,,,,,,,,,,,
14,69049,,,,,,,,,,,,,,,1.887208054540679e-05,1.887208054540679e-05,6.100521545704396e-07,,,,,,,,,,,
14,69099,,,,,,,,,,,,,,,1.8803895727614872e-05,1.8803895727614872e-05,6.078479941606929e-07,,,,,,,,,,,
14,69149,,,,,,,,,,,,,,,1.873580549727194e-05,1.873580549727194e-05,6.056469601389836e-07,,,,,,,,,,,
14,69199,,,,,,,,,,,,,,,1.8667809854377992e-05,1.8667809854377992e-05,6.034489388184738e-07,,,,,,,,,,,
14,69249,,,,,,,,,,,,,,,1.8599910617922433e-05,1.8599910617922433e-05,6.012540438860015e-07,,,,,,,,,,,
14,69299,,,,,,,,,,,,,,,1.8532105968915857e-05,1.8532105968915857e-05,5.990622184981476e-07,,,,,,,,,,,
14,69349,,,,,,,,,,,,,,,1.846439772634767e-05,1.846439772634767e-05,5.968734626549121e-07,,,,,,,,,,,
14,69399,,,,,,,,,,,,,,,1.8396784071228467e-05,1.8396784071228467e-05,5.946878331997141e-07,,,,,,,,,,,
14,69449,,,,,,,,,,,,,,,1.8329266822547652e-05,1.8329266822547652e-05,5.925053301325534e-07,,,,,,,,,,,
14,69499,,,,,,,,,,,,,,,1.8261847799294628e-05,1.8261847799294628e-05,5.903258966100111e-07,,,,,,,,,,,
14,69549,,,,,,,,,,,,,,,1.819452336349059e-05,1.819452336349059e-05,5.881496463189251e-07,,,,,,,,,,,
14,69599,,,,,,,,,,,,,,,1.8127295334124938e-05,1.8127295334124938e-05,5.859764655724575e-07,,,,,,,,,,,
14,69649,,,,,,,,,,,,,,,1.8060165530187078e-05,1.8060165530187078e-05,5.838064112140273e-07,,,,,,,,,,,
14,69699,,,,,,,,,,,,,,,1.7993132132687606e-05,1.7993132132687606e-05,5.816395400870533e-07,,,,,,,,,,,
14,69749,,,,,,,,,,,,,,,1.7926196960615925e-05,1.7926196960615925e-05,5.794757953481167e-07,,,,,,,,,,,
14,69799,,,,,,,,,,,,,,,1.7859358194982633e-05,1.7859358194982633e-05,5.773152338406362e-07,,,,,,,,,,,
14,69849,,,,,,,,,,,,,,,1.7792617654777132e-05,1.7792617654777132e-05,5.751577987211931e-07,,,,,,,,,,,
14,69899,,,,,,,,,,,,,,,1.7725975339999422e-05,1.7725975339999422e-05,5.730034899897873e-07,,,,,,,,,,,
14,69949,,,,,,,,,,,,,,,1.76594294316601e-05,1.76594294316601e-05,5.708524213332566e-07,,,,,,,,,,,
14,69999,,,,,,,,,,,,,,,1.7592983567737974e-05,1.7592983567737974e-05,5.687044790647633e-07,,,,,,,,,,,
14,70049,,,,,,,,,,,,,,,1.752663592924364e-05,1.752663592924364e-05,5.66559776871145e-07,,,,,,,,,,,
14,70099,,,,,,,,,,,,,,,1.7460386516177095e-05,1.7460386516177095e-05,5.644182010655641e-07,,,,,,,,,,,
14,70149,,,,,,,,,,,,,,,1.7394237147527747e-05,1.7394237147527747e-05,5.622798653348582e-07,,,,,,,,,,,
14,70199,,,,,,,,,,,,,,,1.732818600430619e-05,1.732818600430619e-05,5.601447696790274e-07,,,,,,,,,,,
14,70249,,,,,,,,,,,,,,,1.7262234905501828e-05,1.7262234905501828e-05,5.580128572546528e-07,,,,,,,,,,,
14,70299,,,,,,,,,,,,,,,1.719638385111466e-05,1.719638385111466e-05,5.558841280617344e-07,,,,,,,,,,,
14,70349,,,,,,,,,,,,,,,1.7130631022155285e-05,1.7130631022155285e-05,5.53758638943691e-07,,,,,,,,,,,
14,70399,,,,,,,,,,,,,,,1.7064978237613104e-05,1.7064978237613104e-05,5.516363899005228e-07,,,,,,,,,,,
14,70449,,,,,,,,,,,,,,,1.6999427316477522e-05,1.6999427316477522e-05,5.495173809322296e-07,,,,,,,,,,,
14,70499,,,,,,,,,,,,,,,1.6933974620769732e-05,1.6933974620769732e-05,5.474016120388114e-07,,,,,,,,,,,
14,70549,,,,,,,,,,,,,,,1.686862378846854e-05,1.686862378846854e-05,5.452890832202684e-07,,,,,,,,,,,
14,70599,,,,,,,,,,,,,,,1.6803373000584543e-05,1.6803373000584543e-05,5.431798513200192e-07,,,,,,,,,,,
14,70649,,,,,,,,,,,,,,,1.6738224076107144e-05,1.6738224076107144e-05,5.410738594946451e-07,,,,,,,,,,,
14,70699,,,,,,,,,,,,,,,1.667317519604694e-05,1.667317519604694e-05,5.389711077441461e-07,,,,,,,,,,,
14,70749,,,,,,,,,,,,,,,1.6608228179393336e-05,1.6608228179393336e-05,5.368716529119411e-07,,,,,,,,,,,
14,70799,,,,,,,,,,,,,,,1.654338302614633e-05,1.654338302614633e-05,5.347754949980299e-07,,,,,,,,,,,
14,70849,,,,,,,,,,,,,,,1.6478639736305922e-05,1.6478639736305922e-05,5.326825771589938e-07,,,,,,,,,,,
14,70899,,,,,,,,,,,,,,,1.6413998309872113e-05,1.6413998309872113e-05,5.305930130816705e-07,,,,,,,,,,,
14,70949,,,,,,,,,,,,,,,1.6349458746844903e-05,1.6349458746844903e-05,5.285067459226411e-07,,,,,,,,,,,
14,70999,,,,,,,,,,,,,,,1.628502104722429e-05,1.628502104722429e-05,5.264237756819057e-07,,,,,,,,,,,
14,71049,,,,,,,,,,,,,,,1.6220685211010277e-05,1.6220685211010277e-05,5.243441023594642e-07,,,,,,,,,,,
14,71099,,,,,,,,,,,,,,,1.6156453057192266e-05,1.6156453057192266e-05,5.222677259553166e-07,,,,,,,,,,,
14,71114,,,,,,,,,,,,,,,,,,0.7554232478141785,0.7851219177246094,0.40849727392196655,0.36111676692962646,0.5459241271018982,0.7851219177246094,0.40849727392196655,0.36111676692962646,0.5459241271018982,0.798561155796051,0.7167070508003235
14,71114,9.480252265930176,9.41507625579834,9.45631217956543,9.473950386047363,9.4722900390625,9.401998519897461,0.7593334317207336,5.998802185058594,0.01129110623151064,0.0569026805460453,0.526969313621521,2.646643877029419,0.20576347410678864,1.036346673965454,,,,,,,,,,,,,,
15,71149,,,,,,,,,,,,,,,1.6092324585770257e-05,1.6092324585770257e-05,5.201947033128818e-07,,,,,,,,,,,
15,71199,,,,,,,,,,,,,,,1.6028297977754846e-05,1.6028297977754846e-05,5.181250344321597e-07,,,,,,,,,,,
15,71249,,,,,,,,,,,,,,,1.596437687112484e-05,1.596437687112484e-05,5.160587193131505e-07,,,,,,,,,,,
15,71299,,,,,,,,,,,,,,,1.590055580891203e-05,1.590055580891203e-05,5.139957011124352e-07,,,,,,,,,,,
15,71349,,,,,,,,,,,,,,,1.5836840248084627e-05,1.5836840248084627e-05,5.119360366734327e-07,,,,,,,,,,,
15,71399,,,,,,,,,,,,,,,1.577323018864263e-05,1.577323018864263e-05,5.098797828395618e-07,,,,,,,,,,,
15,71449,,,,,,,,,,,,,,,1.570972199260723e-05,1.570972199260723e-05,5.078268259239849e-07,,,,,,,,,,,
15,71499,,,,,,,,,,,,,,,1.5646319297957234e-05,1.5646319297957234e-05,5.057772796135396e-07,,,,,,,,,,,
15,71549,,,,,,,,,,,,,,,1.5583020285703242e-05,1.5583020285703242e-05,5.037310870648071e-07,,,,,,,,,,,
15,71599,,,,,,,,,,,,,,,1.551982495584525e-05,1.551982495584525e-05,5.016883051212062e-07,,,,,,,,,,,
15,71649,,,,,,,,,,,,,,,1.545673694636207e-05,1.545673694636207e-05,4.99648933782737e-07,,,,,,,,,,,
15,71699,,,,,,,,,,,,,,,1.539375080028549e-05,1.539375080028549e-05,4.976129162059806e-07,,,,,,,,,,,
15,71749,,,,,,,,,,,,,,,1.5330871974583715e-05,1.5330871974583715e-05,4.955803092343558e-07,,,,,,,,,,,
15,71799,,,,,,,,,,,,,,,1.5268098650267348e-05,1.5268098650267348e-05,4.935511128678627e-07,,,,,,,,,,,
15,71849,,,,,,,,,,,,,,,1.5205430827336386e-05,1.5205430827336386e-05,4.915253271065012e-07,,,,,,,,,,,
15,71899,,,,,,,,,,,,,,,1.514286850579083e-05,1.514286850579083e-05,4.895029519502714e-07,,,,,,,,,,,
15,71949,,,,,,,,,,,,,,,1.5080412595125381e-05,1.5080412595125381e-05,4.874839873991732e-07,,,,,,,,,,,
15,71999,,,,,,,,,,,,,,,1.5018062185845338e-05,1.5018062185845338e-05,4.854684902966255e-07,,,,,,,,,,,
15,72049,,,,,,,,,,,,,,,1.4955818187445402e-05,1.4955818187445402e-05,4.834564606426284e-07,,,,,,,,,,,
15,72099,,,,,,,,,,,,,,,1.4893681509420276e-05,1.4893681509420276e-05,4.81447784750344e-07,,,,,,,,,,,
15,72149,,,,,,,,,,,,,,,1.4831651242275257e-05,1.4831651242275257e-05,4.79442633150029e-07,,,,,,,,,,,
15,72199,,,,,,,,,,,,,,,1.4769727386010345e-05,1.4769727386010345e-05,4.774409489982645e-07,,,,,,,,,,,
15,72249,,,,,,,,,,,,,,,1.4707910850120243e-05,1.4707910850120243e-05,4.7544267545163166e-07,,,,,,,,,,,
15,72299,,,,,,,,,,,,,,,1.4646202544099651e-05,1.4646202544099651e-05,4.7344789777525875e-07,,,,,,,,,,,
15,72349,,,,,,,,,,,,,,,1.4584600648959167e-05,1.4584600648959167e-05,4.7145658754743636e-07,,,,,,,,,,,
15,72399,,,,,,,,,,,,,,,1.4523106983688194e-05,1.4523106983688194e-05,4.6946874476816447e-07,,,,,,,,,,,
15,72449,,,,,,,,,,,,,,,1.446172063879203e-05,1.446172063879203e-05,4.6748442628086195e-07,,,,,,,,,,,
15,72499,,,,,,,,,,,,,,,1.440044343326008e-05,1.440044343326008e-05,4.6550357524210995e-07,,,,,,,,,,,
15,72549,,,,,,,,,,,,,,,1.4339273548102938e-05,1.4339273548102938e-05,4.635262200736179e-07,,,,,,,,,,,
15,72599,,,,,,,,,,,,,,,1.4278212802310009e-05,1.4278212802310009e-05,4.615523891970952e-07,,,,,,,,,,,
15,72649,,,,,,,,,,,,,,,1.421726028638659e-05,1.421726028638659e-05,4.595820541908324e-07,,,,,,,,,,,
15,72699,,,,,,,,,,,,,,,1.4156416000332683e-05,1.4156416000332683e-05,4.5761524347653904e-07,,,,,,,,,,,
15,72749,,,,,,,,,,,,,,,1.409568176313769e-05,1.409568176313769e-05,4.55651957054215e-07,,,,,,,,,,,
15,72799,,,,,,,,,,,,,,,1.4035055755812209e-05,1.4035055755812209e-05,4.5369219492386037e-07,,,,,,,,,,,
15,72849,,,,,,,,,,,,,,,1.3974539797345642e-05,1.3974539797345642e-05,4.517359570854751e-07,,,,,,,,,,,
15,72899,,,,,,,,,,,,,,,1.3914132978243288e-05,1.3914132978243288e-05,4.497832719607686e-07,,,,,,,,,,,
15,72949,,,,,,,,,,,,,,,1.3853836207999848e-05,1.3853836207999848e-05,4.4783413954974094e-07,,,,,,,,,,,
15,72999,,,,,,,,,,,,,,,1.3793649486615323e-05,1.3793649486615323e-05,4.4588855985239206e-07,,,,,,,,,,,
15,73049,,,,,,,,,,,,,,,1.373357190459501e-05,1.373357190459501e-05,4.43946532868722e-07,,,,,,,,,,,
15,73099,,,,,,,,,,,,,,,1.3673605280928314e-05,1.3673605280928314e-05,4.4200808702044014e-07,,,,,,,,,,,
15,73149,,,,,,,,,,,,,,,1.3613749615615234e-05,1.3613749615615234e-05,4.400731938858371e-07,,,,,,,,,,,
15,73199,,,,,,,,,,,,,,,1.3554003999161068e-05,1.3554003999161068e-05,4.381418818866223e-07,,,,,,,,,,,
15,73249,,,,,,,,,,,,,,,1.349436934106052e-05,1.349436934106052e-05,4.362141510227957e-07,,,,,,,,,,,
15,73299,,,,,,,,,,,,,,,1.3434845641313586e-05,1.3434845641313586e-05,4.3429000129435735e-07,,,,,,,,,,,
15,73349,,,,,,,,,,,,,,,1.337543289992027e-05,1.337543289992027e-05,4.3236946112301666e-07,,,,,,,,,,,
15,73399,,,,,,,,,,,,,,,1.3316132026375271e-05,1.3316132026375271e-05,4.304525020870642e-07,,,,,,,,,,,
15,73449,,,,,,,,,,,,,,,1.325694211118389e-05,1.325694211118389e-05,4.2853918102991884e-07,,,,,,,,,,,
15,73499,,,,,,,,,,,,,,,1.3197864063840825e-05,1.3197864063840825e-05,4.266294411081617e-07,,,,,,,,,,,
15,73549,,,,,,,,,,,,,,,1.3138898793840781e-05,1.3138898793840781e-05,4.2472333916521166e-07,,,,,,,,,,,
15,73599,,,,,,,,,,,,,,,1.3080044482194353e-05,1.3080044482194353e-05,4.2282084677935927e-07,,,,,,,,,,,
15,73649,,,,,,,,,,,,,,,1.3021302947890945e-05,1.3021302947890945e-05,4.20921992372314e-07,,,,,,,,,,,
15,73699,,,,,,,,,,,,,,,1.2962674190930557e-05,1.2962674190930557e-05,4.1902674752236635e-07,,,,,,,,,,,
15,73749,,,,,,,,,,,,,,,1.2904157301818486e-05,1.2904157301818486e-05,4.1713516907293524e-07,,,,,,,,,,,
15,73799,,,,,,,,,,,,,,,1.2845754099544138e-05,1.2845754099544138e-05,4.152472286023112e-07,,,,,,,,,,,
15,73849,,,,,,,,,,,,,,,1.2787462765118107e-05,1.2787462765118107e-05,4.1336295453220373e-07,,,,,,,,,,,
15,73899,,,,,,,,,,,,,,,1.2729285117529798e-05,1.2729285117529798e-05,4.1148231844090333e-07,,,,,,,,,,,
15,73949,,,,,,,,,,,,,,,1.2671221156779211e-05,1.2671221156779211e-05,4.0960534875011945e-07,,,,,,,,,,,
15,73999,,,,,,,,,,,,,,,1.2613270882866345e-05,1.2613270882866345e-05,4.077320738815615e-07,,,,,,,,,,,
15,74049,,,,,,,,,,,,,,,1.25554333862965e-05,1.25554333862965e-05,4.058624369918107e-07,,,,,,,,,,,
15,74099,,,,,,,,,,,,,,,1.2497710486059077e-05,1.2497710486059077e-05,4.039964949242858e-07,,,,,,,,,,,
15,74149,,,,,,,,,,,,,,,1.2440101272659376e-05,1.2440101272659376e-05,4.0213424767898687e-07,,,,,,,,,,,
15,74199,,,,,,,,,,,,,,,1.2382605746097397e-05,1.2382605746097397e-05,4.002756952559139e-07,,,,,,,,,,,
15,74249,,,,,,,,,,,,,,,1.2325225725362543e-05,1.2325225725362543e-05,3.9842083765506686e-07,,,,,,,,,,,
15,74299,,,,,,,,,,,,,,,1.226795939146541e-05,1.226795939146541e-05,3.965696748764458e-07,,,,,,,,,,,
15,74349,,,,,,,,,,,,,,,1.2210808563395403e-05,1.2210808563395403e-05,3.9472220692005067e-07,,,,,,,,,,,
15,74399,,,,,,,,,,,,,,,1.215377233165782e-05,1.215377233165782e-05,3.9287849062930036e-07,,,,,,,,,,,
15,74449,,,,,,,,,,,,,,,1.2096850696252659e-05,1.2096850696252659e-05,3.91038469160776e-07,,,,,,,,,,,
15,74499,,,,,,,,,,,,,,,1.2040044566674624e-05,1.2040044566674624e-05,3.8920217093618703e-07,,,,,,,,,,,
15,74549,,,,,,,,,,,,,,,1.1983353942923713e-05,1.1983353942923713e-05,3.8736962437724287e-07,,,,,,,,,,,
15,74599,,,,,,,,,,,,,,,1.192677973449463e-05,1.192677973449463e-05,3.855408010622341e-07,,,,,,,,,,,
15,74649,,,,,,,,,,,,,,,1.187032012239797e-05,1.187032012239797e-05,3.8371572941287013e-07,,,,,,,,,,,
15,74699,,,,,,,,,,,,,,,1.1813976925623138e-05,1.1813976925623138e-05,3.8189438100744155e-07,,,,,,,,,,,
15,74749,,,,,,,,,,,,,,,1.1757750144170132e-05,1.1757750144170132e-05,3.800768126893672e-07,,,,,,,,,,,
15,74799,,,,,,,,,,,,,,,1.170163886854425e-05,1.170163886854425e-05,3.782629960369377e-07,,,,,,,,,,,
15,74849,,,,,,,,,,,,,,,1.1645644917734899e-05,1.1645644917734899e-05,3.76452931050153e-07,,,,,,,,,,,
15,74899,,,,,,,,,,,,,,,1.1589766472752672e-05,1.1589766472752672e-05,3.746466461507225e-07,,,,,,,,,,,
15,74949,,,,,,,,,,,,,,,1.1534006262081675e-05,1.1534006262081675e-05,3.728441413386463e-07,,,,,,,,,,,
15,74999,,,,,,,,,,,,,,,1.1478361557237804e-05,1.1478361557237804e-05,3.710454166139243e-07,,,,,,,,,,,
15,75049,,,,,,,,,,,,,,,1.1422835086705163e-05,1.1422835086705163e-05,3.692504719765566e-07,,,,,,,,,,,
15,75099,,,,,,,,,,,,,,,1.1367425940989051e-05,1.1367425940989051e-05,3.674593358482525e-07,,,,,,,,,,,
15,75149,,,,,,,,,,,,,,,1.1312133210594766e-05,1.1312133210594766e-05,3.656719798073027e-07,,,,,,,,,,,
15,75199,,,,,,,,,,,,,,,1.1256958714511711e-05,1.1256958714511711e-05,3.6388843227541656e-07,,,,,,,,,,,
15,75249,,,,,,,,,,,,,,,1.1201902452739887e-05,1.1201902452739887e-05,3.621086932525941e-07,,,,,,,,,,,
15,75299,,,,,,,,,,,,,,,1.1146963515784591e-05,1.1146963515784591e-05,3.603327627388353e-07,,,,,,,,,,,
15,75349,,,,,,,,,,,,,,,1.1092143722635228e-05,1.1092143722635228e-05,3.585606691558496e-07,,,,,,,,,,,
15,75399,,,,,,,,,,,,,,,1.1037441254302394e-05,1.1037441254302394e-05,3.567923840819276e-07,,,,,,,,,,,
15,75449,,,,,,,,,,,,,,,1.0982857929775491e-05,1.0982857929775491e-05,3.5502790751706925e-07,,,,,,,,,,,
15,75499,,,,,,,,,,,,,,,1.092839283955982e-05,1.092839283955982e-05,3.5326729630469345e-07,,,,,,,,,,,
15,75549,,,,,,,,,,,,,,,1.0874045983655378e-05,1.0874045983655378e-05,3.5151052202309074e-07,,,,,,,,,,,
15,75599,,,,,,,,,,,,,,,1.0819819181051571e-05,1.0819819181051571e-05,3.4975758467226115e-07,,,,,,,,,,,
15,75649,,,,,,,,,,,,,,,1.0765710612758994e-05,1.0765710612758994e-05,3.480085126739141e-07,,,,,,,,,,,
15,75699,,,,,,,,,,,,,,,1.0711722097767051e-05,1.0711722097767051e-05,3.4626330602804956e-07,,,,,,,,,,,
15,75749,,,,,,,,,,,,,,,1.065785272658104e-05,1.065785272658104e-05,3.4452193631295813e-07,,,,,,,,,,,
15,75799,,,,,,,,,,,,,,,1.0604103408695664e-05,1.0604103408695664e-05,3.4278443195034924e-07,,,,,,,,,,,
15,75849,,,,,,,,,,,,,,,1.055047323461622e-05,1.055047323461622e-05,3.410508213619323e-07,,,,,,,,,,,
15,75855,,,,,,,,,,,,,,,,,,0.7546337246894836,0.7820047736167908,0.4056554436683655,0.3595910668373108,0.5435835123062134,0.7820047736167908,0.4056554436683655,0.3595910668373108,0.5435835123062134,0.832521915435791,0.6900726556777954
15,75855,9.488425254821777,9.431528091430664,9.464116096496582,9.484075546264648,9.47909164428711,9.429630279541016,0.9913520216941833,5.926314353942871,0.010959316976368427,0.05525010824203491,0.5215535163879395,2.6191680431365967,0.20327791571617126,1.0240007638931274,,,,,,,,,,,,,,
16,75899,,,,,,,,,,,,,,,1.049696311383741e-05,1.049696311383741e-05,3.3932107612599793e-07,,,,,,,,,,,
16,75949,,,,,,,,,,,,,,,1.0443573046359234e-05,1.0443573046359234e-05,3.375952246642555e-07,,,,,,,,,,,
16,75999,,,,,,,,,,,,,,,1.0390303941676393e-05,1.0390303941676393e-05,3.358732385549956e-07,,,,,,,,,,,
16,76049,,,,,,,,,,,,,,,1.0337154890294187e-05,1.0337154890294187e-05,3.3415517464163713e-07,,,,,,,,,,,
16,76099,,,,,,,,,,,,,,,1.0284125892212614e-05,1.0284125892212614e-05,3.324409760807612e-07,,,,,,,,,,,
16,76149,,,,,,,,,,,,,,,1.023121876642108e-05,1.023121876642108e-05,3.307306997157866e-07,,,,,,,,,,,
16,76199,,,,,,,,,,,,,,,1.0178431693930179e-05,1.0178431693930179e-05,3.2902434554671345e-07,,,,,,,,,,,
16,76249,,,,,,,,,,,,,,,1.0125765584234614e-05,1.0125765584234614e-05,3.2732188515183225e-07,,,,,,,,,,,
16,76299,,,,,,,,,,,,,,,1.0073221346829087e-05,1.0073221346829087e-05,3.2562334695285244e-07,,,,,,,,,,,
16,76349,,,,,,,,,,,,,,,1.0020798981713597e-05,1.0020798981713597e-05,3.2392873094977404e-07,,,,,,,,,,,
16,76399,,,,,,,,,,,,,,,9.968496669898741e-06,9.968496669898741e-06,3.2223806556430645e-07,,,,,,,,,,,
16,76449,,,,,,,,,,,,,,,9.916317139868625e-06,9.916317139868625e-06,3.2055132237474027e-07,,,,,,,,,,,
16,76499,,,,,,,,,,,,,,,9.864259482128546e-06,9.864259482128546e-06,3.188685298027849e-07,,,,,,,,,,,
16,76549,,,,,,,,,,,,,,,9.812323696678504e-06,9.812323696678504e-06,3.1718965942673094e-07,,,,,,,,,,,
16,76599,,,,,,,,,,,,,,,9.7605097835185e-06,9.7605097835185e-06,3.155147396682878e-07,,,,,,,,,,,
16,76649,,,,,,,,,,,,,,,9.708818652143236e-06,9.708818652143236e-06,3.138437989491649e-07,,,,,,,,,,,
16,76699,,,,,,,,,,,,,,,9.657250302552711e-06,9.657250302552711e-06,3.1217680884765286e-07,,,,,,,,,,,
16,76749,,,,,,,,,,,,,,,9.605803825252224e-06,9.605803825252224e-06,3.1051376936375163e-07,,,,,,,,,,,
16,76799,,,,,,,,,,,,,,,9.554481039231177e-06,9.554481039231177e-06,3.088547373408801e-07,,,,,,,,,,,
16,76849,,,,,,,,,,,,,,,9.50328103499487e-06,9.50328103499487e-06,3.071996559356194e-07,,,,,,,,,,,
16,76899,,,,,,,,,,,,,,,9.452203812543303e-06,9.452203812543303e-06,3.055485535696789e-07,,,,,,,,,,,
16,76949,,,,,,,,,,,,,,,9.401249371876474e-06,9.401249371876474e-06,3.039014302430587e-07,,,,,,,,,,,
16,76999,,,,,,,,,,,,,,,9.350419531983789e-06,9.350419531983789e-06,3.022583143774682e-07,,,,,,,,,,,
16,77049,,,,,,,,,,,,,,,9.299712473875843e-06,9.299712473875843e-06,3.0061917755119794e-07,,,,,,,,,,,
16,77099,,,,,,,,,,,,,,,9.24913001654204e-06,9.24913001654204e-06,2.9898404818595736e-07,,,,,,,,,,,
16,77149,,,,,,,,,,,,,,,9.198670340992976e-06,9.198670340992976e-06,2.973529262817465e-07,,,,,,,,,,,
16,77199,,,,,,,,,,,,,,,9.148336175712757e-06,9.148336175712757e-06,2.957258118385653e-07,,,,,,,,,,,
16,77249,,,,,,,,,,,,,,,9.098124792217277e-06,9.098124792217277e-06,2.941027332781232e-07,,,,,,,,,,,
16,77299,,,,,,,,,,,,,,,9.048038918990642e-06,9.048038918990642e-06,2.924836621787108e-07,,,,,,,,,,,
16,77349,,,,,,,,,,,,,,,8.998076737043448e-06,8.998076737043448e-06,2.908685985403281e-07,,,,,,,,,,,
16,77399,,,,,,,,,,,,,,,8.948239155870397e-06,8.948239155870397e-06,2.8925759920639393e-07,,,,,,,,,,,
16,77449,,,,,,,,,,,,,,,8.89852708496619e-06,8.89852708496619e-06,2.8765060733348946e-07,,,,,,,,,,,
16,77499,,,,,,,,,,,,,,,8.848939614836127e-06,8.848939614836127e-06,2.860476513433241e-07,,,,,,,,,,,
16,77549,,,,,,,,,,,,,,,8.799477654974908e-06,8.799477654974908e-06,2.844487596576073e-07,,,,,,,,,,,
16,77599,,,,,,,,,,,,,,,8.750141205382533e-06,8.750141205382533e-06,2.828539038546296e-07,,,,,,,,,,,
16,77649,,,,,,,,,,,,,,,8.700929356564302e-06,8.700929356564302e-06,2.8126311235610046e-07,,,,,,,,,,,
16,77699,,,,,,,,,,,,,,,8.651843018014915e-06,8.651843018014915e-06,2.7967638516201987e-07,,,,,,,,,,,
16,77749,,,,,,,,,,,,,,,8.602883099229075e-06,8.602883099229075e-06,2.780937222723878e-07,,,,,,,,,,,
16,77799,,,,,,,,,,,,,,,8.55404869071208e-06,8.55404869071208e-06,2.765151236872043e-07,,,,,,,,,,,
16,77849,,,,,,,,,,,,,,,8.50534070195863e-06,8.50534070195863e-06,2.7494058940646937e-07,,,,,,,,,,,
16,77899,,,,,,,,,,,,,,,8.456758223474026e-06,8.456758223474026e-06,2.733701478518924e-07,,,,,,,,,,,
16,77949,,,,,,,,,,,,,,,8.40830307424767e-06,8.40830307424767e-06,2.7180377060176397e-07,,,,,,,,,,,
16,77999,,,,,,,,,,,,,,,8.359973435290158e-06,8.359973435290158e-06,2.7024151449950296e-07,,,,,,,,,,,
16,78049,,,,,,,,,,,,,,,8.311771125590894e-06,8.311771125590894e-06,2.686833227016905e-07,,,,,,,,,,,
16,78099,,,,,,,,,,,,,,,8.263695235655177e-06,8.263695235655177e-06,2.671292520517454e-07,,,,,,,,,,,
16,78149,,,,,,,,,,,,,,,8.215745765483007e-06,8.215745765483007e-06,2.655792457062489e-07,,,,,,,,,,,
16,78199,,,,,,,,,,,,,,,8.167923624569084e-06,8.167923624569084e-06,2.6403338893032924e-07,,,,,,,,,,,
16,78249,,,,,,,,,,,,,,,8.12022881291341e-06,8.12022881291341e-06,2.6249162488056754e-07,,,,,,,,,,,
16,78299,,,,,,,,,,,,,,,8.072662240010686e-06,8.072662240010686e-06,2.6095398197867326e-07,,,,,,,,,,,
16,78349,,,,,,,,,,,,,,,8.025222086871509e-06,8.025222086871509e-06,2.594204602246464e-07,,,,,,,,,,,
16,78399,,,,,,,,,,,,,,,7.977909262990579e-06,7.977909262990579e-06,2.578910596184869e-07,,,,,,,,,,,
16,78449,,,,,,,,,,,,,,,7.930725587357301e-06,7.930725587357301e-06,2.5636578016019484e-07,,,,,,,,,,,
16,78499,,,,,,,,,,,,,,,7.88366833148757e-06,7.88366833148757e-06,2.548446502714796e-07,,,,,,,,,,,
16,78549,,,,,,,,,,,,,,,7.83674022386549e-06,7.83674022386549e-06,2.5332766995234124e-07,,,,,,,,,,,
16,78599,,,,,,,,,,,,,,,7.78994035499636e-06,7.78994035499636e-06,2.5181481078107026e-07,,,,,,,,,,,
16,78649,,,,,,,,,,,,,,,7.74326781538548e-06,7.74326781538548e-06,2.5030610117937613e-07,,,,,,,,,,,
16,78699,,,,,,,,,,,,,,,7.69672442402225e-06,7.69672442402225e-06,2.4880156956896826e-07,,,,,,,,,,,
16,78749,,,,,,,,,,,,,,,7.650310180906672e-06,7.650310180906672e-06,2.4730118752813723e-07,,,,,,,,,,,
16,78799,,,,,,,,,,,,,,,7.604023721796693e-06,7.604023721796693e-06,2.4580495505688305e-07,,,,,,,,,,,
16,78849,,,,,,,,,,,,,,,7.557866865681717e-06,7.557866865681717e-06,2.443129005769151e-07,,,,,,,,,,,
16,78899,,,,,,,,,,,,,,,7.511838703067042e-06,7.511838703067042e-06,2.428250240882335e-07,,,,,,,,,,,
16,78949,,,,,,,,,,,,,,,7.465940143447369e-06,7.465940143447369e-06,2.4134129716912867e-07,,,,,,,,,,,
16,78999,,,,,,,,,,,,,,,7.420170277327998e-06,7.420170277327998e-06,2.3986177666301955e-07,,,,,,,,,,,
16,79049,,,,,,,,,,,,,,,7.374530468950979e-06,7.374530468950979e-06,2.383864341481967e-07,,,,,,,,,,,
16,79099,,,,,,,,,,,,,,,7.329020263568964e-06,7.329020263568964e-06,2.3691528383551486e-07,,,,,,,,,,,
16,79149,,,,,,,,,,,,,,,7.283639661181951e-06,7.283639661181951e-06,2.3544832572497398e-07,,,,,,,,,,,
16,79199,,,,,,,,,,,,,,,7.238388661789941e-06,7.238388661789941e-06,2.339855598165741e-07,,,,,,,,,,,
16,79249,,,,,,,,,,,,,,,7.193268174887635e-06,7.193268174887635e-06,2.325270003211699e-07,,,,,,,,,,,
16,79299,,,,,,,,,,,,,,,7.148277290980332e-06,7.148277290980332e-06,2.3107266144961613e-07,,,,,,,,,,,
16,79349,,,,,,,,,,,,,,,7.103417374310084e-06,7.103417374310084e-06,2.2962252899105806e-07,,,,,,,,,,,
16,79399,,,,,,,,,,,,,,,7.058687515382189e-06,7.058687515382189e-06,2.281766029454957e-07,,,,,,,,,,,
16,79449,,,,,,,,,,,,,,,7.014088168943999e-06,7.014088168943999e-06,2.2673491173463844e-07,,,,,,,,,,,
16,79499,,,,,,,,,,,,,,,6.969619789742865e-06,6.969619789742865e-06,2.252974269367769e-07,,,,,,,,,,,
16,79549,,,,,,,,,,,,,,,6.925281923031434e-06,6.925281923031434e-06,2.238641911844752e-07,,,,,,,,,,,
16,79599,,,,,,,,,,,,,,,6.88107547830441e-06,6.88107547830441e-06,2.2243517605602392e-07,,,,,,,,,,,
16,79649,,,,,,,,,,,,,,,6.837000000814442e-06,6.837000000814442e-06,2.2101040997313248e-07,,,,,,,,,,,
16,79699,,,,,,,,,,,,,,,6.793055490561528e-06,6.793055490561528e-06,2.1958987872494617e-07,,,,,,,,,,,
16,79749,,,,,,,,,,,,,,,6.749242857040372e-06,6.749242857040372e-06,2.181735965223197e-07,,,,,,,,,,,
16,79799,,,,,,,,,,,,,,,6.705561190756271e-06,6.705561190756271e-06,2.167615775761078e-07,,,,,,,,,,,
16,79849,,,,,,,,,,,,,,,6.662011401203927e-06,6.662011401203927e-06,2.1535379346460104e-07,,,,,,,,,,,
16,79899,,,,,,,,,,,,,,,6.61859348838334e-06,6.61859348838334e-06,2.1395028682036354e-07,,,,,,,,,,,
16,79949,,,,,,,,,,,,,,,6.57530745229451e-06,6.57530745229451e-06,2.125510434325406e-07,,,,,,,,,,,
16,79999,,,,,,,,,,,,,,,6.532153747684788e-06,6.532153747684788e-06,2.1115606330113224e-07,,,,,,,,,,,
16,80049,,,,,,,,,,,,,,,6.489131919806823e-06,6.489131919806823e-06,2.0976534642613842e-07,,,,,,,,,,,
16,80099,,,,,,,,,,,,,,,6.446242423407966e-06,6.446242423407966e-06,2.083789212292686e-07,,,,,,,,,,,
16,80149,,,,,,,,,,,,,,,6.403485258488217e-06,6.403485258488217e-06,2.0699677349966805e-07,,,,,,,,,,,
16,80199,,,,,,,,,,,,,,,6.360860879794927e-06,6.360860879794927e-06,2.0561890323733678e-07,,,,,,,,,,,
16,80249,,,,,,,,,,,,,,,6.318368832580745e-06,6.318368832580745e-06,2.042453246531295e-07,,,,,,,,,,,
16,80299,,,,,,,,,,,,,,,6.276010026340373e-06,6.276010026340373e-06,2.0287605195790093e-07,,,,,,,,,,,
16,80349,,,,,,,,,,,,,,,6.233784006326459e-06,6.233784006326459e-06,2.0151107094079634e-07,,,,,,,,,,,
16,80399,,,,,,,,,,,,,,,6.191690772539005e-06,6.191690772539005e-06,2.0015038160181575e-07,,,,,,,,,,,
16,80449,,,,,,,,,,,,,,,6.149731234472711e-06,6.149731234472711e-06,1.9879401236266858e-07,,,,,,,,,,,
16,80499,,,,,,,,,,,,,,,6.107904937380226e-06,6.107904937380226e-06,1.9744194901250012e-07,,,,,,,,,,,
16,80549,,,,,,,,,,,,,,,6.066211881261552e-06,6.066211881261552e-06,1.9609419155131036e-07,,,,,,,,,,,
16,80596,,,,,,,,,,,,,,,,,,0.7533828020095825,0.7761105895042419,0.4028623402118683,0.35698360204696655,0.5478611588478088,0.7761105895042419,0.4028623402118683,0.35698360204696655,0.5478611588478088,0.8203421831130981,0.6965294480323792
16,80596,9.57023811340332,9.510968208312988,9.549620628356934,9.565071105957031,9.56003475189209,9.492696762084961,0.9491667151451111,5.841114521026611,0.010894903913140297,0.054877035319805145,0.5160601139068604,2.5927016735076904,0.19914761185646057,1.0026037693023682,,,,,,,,,,,,,,
17,80599,,,,,,,,,,,,,,,6.024652520864038e-06,6.024652520864038e-06,1.9475076840080874e-07,,,,,,,,,,,
17,80649,,,,,,,,,,,,,,,5.9832268561876845e-06,5.9832268561876845e-06,1.9341165113928582e-07,,,,,,,,,,,
17,80699,,,,,,,,,,,,,,,5.941935341979843e-06,5.941935341979843e-06,1.9207686818845104e-07,,,,,,,,,,,
17,80749,,,,,,,,,,,,,,,5.9007775234931614e-06,5.9007775234931614e-06,1.907464195483044e-07,,,,,,,,,,,
17,80799,,,,,,,,,,,,,,,5.859753855474992e-06,5.859753855474992e-06,1.894203052188459e-07,,,,,,,,,,,
17,80849,,,,,,,,,,,,,,,5.8188643379253335e-06,5.8188643379253335e-06,1.8809852520007553e-07,,,,,,,,,,,
17,80899,,,,,,,,,,,,,,,5.778109425591538e-06,5.778109425591538e-06,1.86781093702848e-07,,,,,,,,,,,
17,80949,,,,,,,,,,,,,,,5.7374886637262534e-06,5.7374886637262534e-06,1.8546801072716335e-07,,,,,,,,,,,
17,80999,,,,,,,,,,,,,,,5.6970025070768315e-06,5.6970025070768315e-06,1.8415926206216682e-07,,,,,,,,,,,
17,81049,,,,,,,,,,,,,,,5.656651410390623e-06,5.656651410390623e-06,1.8285489034042257e-07,,,,,,,,,,,
17,81099,,,,,,,,,,,,,,,5.616434918920277e-06,5.616434918920277e-06,1.8155486714022118e-07,,,,,,,,,,,
17,81149,,,,,,,,,,,,,,,5.576353487413144e-06,5.576353487413144e-06,1.8025920667241735e-07,,,,,,,,,,,
17,81199,,,,,,,,,,,,,,,5.536407115869224e-06,5.536407115869224e-06,1.789679089370111e-07,,,,,,,,,,,
17,81249,,,,,,,,,,,,,,,5.496595804288518e-06,5.496595804288518e-06,1.776809881448571e-07,,,,,,,,,,,
17,81299,,,,,,,,,,,,,,,5.4569200074183755e-06,5.4569200074183755e-06,1.763984300851007e-07,,,,,,,,,,,
17,81349,,,,,,,,,,,,,,,5.4173792705114465e-06,5.4173792705114465e-06,1.7512026317945129e-07,,,,,,,,,,,
17,81399,,,,,,,,,,,,,,,5.377974503062433e-06,5.377974503062433e-06,1.7384647321705415e-07,,,,,,,,,,,
17,81449,,,,,,,,,,,,,,,5.338705250323983e-06,5.338705250323983e-06,1.7257707440876402e-07,,,,,,,,,,,
17,81499,,,,,,,,,,,,,,,5.299571967043448e-06,5.299571967043448e-06,1.7131206675458088e-07,,,,,,,,,,,
17,81549,,,,,,,,,,,,,,,5.260574653220829e-06,5.260574653220829e-06,1.7005145025450474e-07,,,,,,,,,,,
17,81599,,,,,,,,,,,,,,,5.221712854108773e-06,5.221712854108773e-06,1.687952249085356e-07,,,,,,,,,,,
17,81649,,,,,,,,,,,,,,,5.1829879339493345e-06,5.1829879339493345e-06,1.6754340492752817e-07,,,,,,,,,,,
17,81699,,,,,,,,,,,,,,,5.144398983247811e-06,5.144398983247811e-06,1.6629599031148246e-07,,,,,,,,,,,
17,81749,,,,,,,,,,,,,,,5.105946456751553e-06,5.105946456751553e-06,1.6505299527125317e-07,,,,,,,,,,,
17,81799,,,,,,,,,,,,,,,5.067630354460562e-06,5.067630354460562e-06,1.638144055959856e-07,,,,,,,,,,,
17,81849,,,,,,,,,,,,,,,5.029450676374836e-06,5.029450676374836e-06,1.6258022128567973e-07,,,,,,,,,,,
17,81899,,,,,,,,,,,,,,,4.991408331989078e-06,4.991408331989078e-06,1.61350470762045e-07,,,,,,,,,,,
17,81949,,,,,,,,,,,,,,,4.953502411808586e-06,4.953502411808586e-06,1.6012513981422671e-07,,,,,,,,,,,
17,81999,,,,,,,,,,,,,,,4.9157333705807105e-06,4.9157333705807105e-06,1.5890424265307956e-07,,,,,,,,,,,
17,82049,,,,,,,,,,,,,,,4.878101663052803e-06,4.878101663052803e-06,1.5768776506774884e-07,,,,,,,,,,,
17,82099,,,,,,,,,,,,,,,4.840607289224863e-06,4.840607289224863e-06,1.5647573547994398e-07,,,,,,,,,,,
17,82149,,,,,,,,,,,,,,,4.803250249096891e-06,4.803250249096891e-06,1.5526813967881026e-07,,,,,,,,,,,
17,82199,,,,,,,,,,,,,,,4.766030087921536e-06,4.766030087921536e-06,1.540649918752024e-07,,,,,,,,,,,
17,82249,,,,,,,,,,,,,,,4.72894816994085e-06,4.72894816994085e-06,1.5286627785826568e-07,,,,,,,,,,,
17,82299,,,,,,,,,,,,,,,4.692003585660132e-06,4.692003585660132e-06,1.5167202604970953e-07,,,,,,,,,,,
17,82349,,,,,,,,,,,,,,,4.655196789826732e-06,4.655196789826732e-06,1.5048222223867924e-07,,,,,,,,,,,
17,82399,,,,,,,,,,,,,,,4.618527782440651e-06,4.618527782440651e-06,1.4929688063602953e-07,,,,,,,,,,,
17,82449,,,,,,,,,,,,,,,4.58199701824924e-06,4.58199701824924e-06,1.4811598703090567e-07,,,,,,,,,,,
17,82499,,,,,,,,,,,,,,,4.545604042505147e-06,4.545604042505147e-06,1.469395698450171e-07,,,,,,,,,,,
17,82549,,,,,,,,,,,,,,,4.5093497647030745e-06,4.5093497647030745e-06,1.457676148675091e-07,,,,,,,,,,,
17,82599,,,,,,,,,,,,,,,4.473233275348321e-06,4.473233275348321e-06,1.446001363092364e-07,,,,,,,,,,,
17,82649,,,,,,,,,,,,,,,4.437255483935587e-06,4.437255483935587e-06,1.43437134170199e-07,,,,,,,,,,,
17,82699,,,,,,,,,,,,,,,4.401416390464874e-06,4.401416390464874e-06,1.4227860845039686e-07,,,,,,,,,,,
17,82749,,,,,,,,,,,,,,,4.36571554018883e-06,4.36571554018883e-06,1.4112455914983002e-07,,,,,,,,,,,
17,82799,,,,,,,,,,,,,,,4.330153842602158e-06,4.330153842602158e-06,1.3997500047935318e-07,,,,,,,,,,,
17,82849,,,,,,,,,,,,,,,4.294730842957506e-06,4.294730842957506e-06,1.3882993243896635e-07,,,,,,,,,,,
17,82899,,,,,,,,,,,,,,,4.259446996002225e-06,4.259446996002225e-06,1.3768935502866952e-07,,,,,,,,,,,
17,82949,,,,,,,,,,,,,,,4.224301846988965e-06,4.224301846988965e-06,1.365532682484627e-07,,,,,,,,,,,
17,82999,,,,,,,,,,,,,,,4.189296305412427e-06,4.189296305412427e-06,1.354216863092006e-07,,,,,,,,,,,
17,83049,,,,,,,,,,,,,,,4.15442991652526e-06,4.15442991652526e-06,1.342946092108832e-07,,,,,,,,,,,
17,83099,,,,,,,,,,,,,,,4.119703135074815e-06,4.119703135074815e-06,1.3317203695351054e-07,,,,,,,,,,,
17,83149,,,,,,,,,,,,,,,4.085115506313741e-06,4.085115506313741e-06,1.320539837479373e-07,,,,,,,,,,,
17,83199,,,,,,,,,,,,,,,4.05066748498939e-06,4.05066748498939e-06,1.309404353833088e-07,,,,,,,,,,,
17,83249,,,,,,,,,,,,,,,4.016359525849111e-06,4.016359525849111e-06,1.2983140607047972e-07,,,,,,,,,,,
17,83299,,,,,,,,,,,,,,,3.982191174145555e-06,3.982191174145555e-06,1.2872688159859536e-07,,,,,,,,,,,
17,83349,,,,,,,,,,,,,,,3.948162884626072e-06,3.948162884626072e-06,1.2762690460021986e-07,,,,,,,,,,,
17,83399,,,,,,,,,,,,,,,3.914274657290662e-06,3.914274657290662e-06,1.2653143244278908e-07,,,,,,,,,,,
17,83449,,,,,,,,,,,,,,,3.8805264921393245e-06,3.8805264921393245e-06,1.2544050775886717e-07,,,,,,,,,,,
17,83499,,,,,,,,,,,,,,,3.84691838917206e-06,3.84691838917206e-06,1.243541021267447e-07,,,,,,,,,,,
17,83549,,,,,,,,,,,,,,,3.81345080313622e-06,3.81345080313622e-06,1.2327224396813108e-07,,,,,,,,,,,
17,83599,,,,,,,,,,,,,,,3.780123734031804e-06,3.780123734031804e-06,1.2219491907217161e-07,,,,,,,,,,,
17,83649,,,,,,,,,,,,,,,3.746936954485136e-06,3.746936954485136e-06,1.2112214164972102e-07,,,,,,,,,,,
17,83699,,,,,,,,,,,,,,,3.713891146617243e-06,3.713891146617243e-06,1.2005391170077928e-07,,,,,,,,,,,
17,83749,,,,,,,,,,,,,,,3.680985855680774e-06,3.680985855680774e-06,1.1899022922534641e-07,,,,,,,,,,,
17,83799,,,,,,,,,,,,,,,3.6482215364230797e-06,3.6482215364230797e-06,1.1793110132884976e-07,,,,,,,,,,,
17,83849,,,,,,,,,,,,,,,3.61559818884416e-06,3.61559818884416e-06,1.1687652801128934e-07,,,,,,,,,,,
17,83899,,,,,,,,,,,,,,,3.5831158129440155e-06,3.5831158129440155e-06,1.1582651637809249e-07,,,,,,,,,,,
17,83949,,,,,,,,,,,,,,,3.550774636096321e-06,3.550774636096321e-06,1.1478106642925923e-07,,,,,,,,,,,
17,83999,,,,,,,,,,,,,,,3.518574658301077e-06,3.518574658301077e-06,1.1374017816478954e-07,,,,,,,,,,,
17,84049,,,,,,,,,,,,,,,3.486515879558283e-06,3.486515879558283e-06,1.1270386579553815e-07,,,,,,,,,,,
17,84099,,,,,,,,,,,,,,,3.45459875461529e-06,3.45459875461529e-06,1.116721222160777e-07,,,,,,,,,,,
17,84149,,,,,,,,,,,,,,,3.422823056098423e-06,3.422823056098423e-06,1.1064495453183554e-07,,,,,,,,,,,
17,84199,,,,,,,,,,,,,,,3.391189011381357e-06,3.391189011381357e-06,1.0962236274281167e-07,,,,,,,,,,,
17,84249,,,,,,,,,,,,,,,3.3596968478377676e-06,3.3596968478377676e-06,1.0860435395443346e-07,,,,,,,,,,,
17,84299,,,,,,,,,,,,,,,3.3283463380939793e-06,3.3283463380939793e-06,1.075909281667009e-07,,,,,,,,,,,
17,84349,,,,,,,,,,,,,,,3.2971377095236676e-06,3.2971377095236676e-06,1.0658209248504136e-07,,,,,,,,,,,
17,84399,,,,,,,,,,,,,,,3.266071189500508e-06,3.266071189500508e-06,1.0557784690945482e-07,,,,,,,,,,,
17,84449,,,,,,,,,,,,,,,3.2351467780245002e-06,3.2351467780245002e-06,1.0457819854536865e-07,,,,,,,,,,,
17,84499,,,,,,,,,,,,,,,3.2043644750956446e-06,3.2043644750956446e-06,1.0358314028735549e-07,,,,,,,,,,,
17,84549,,,,,,,,,,,,,,,3.173724735461292e-06,3.173724735461292e-06,1.0259268634627006e-07,,,,,,,,,,,
17,84599,,,,,,,,,,,,,,,3.143227104374091e-06,3.143227104374091e-06,1.0160683672211235e-07,,,,,,,,,,,
17,84649,,,,,,,,,,,,,,,3.1128720365813933e-06,3.1128720365813933e-06,1.0062558430945501e-07,,,,,,,,,,,
17,84699,,,,,,,,,,,,,,,3.0826595320831984e-06,3.0826595320831984e-06,9.964895042458011e-08,,,,,,,,,,,
17,84749,,,,,,,,,,,,,,,3.052589818253182e-06,3.052589818253182e-06,9.867692085663293e-08,,,,,,,,,,,
17,84799,,,,,,,,,,,,,,,3.0226626677176682e-06,3.0226626677176682e-06,9.77095098164682e-08,,,,,,,,,,,
17,84849,,,,,,,,,,,,,,,2.9928785352240084e-06,2.9928785352240084e-06,9.67467173040859e-08,,,,,,,,,,,
17,84899,,,,,,,,,,,,,,,2.963237193398527e-06,2.963237193398527e-06,9.578855042491341e-08,,,,,,,,,,,
17,84949,,,,,,,,,,,,,,,2.9337390969885746e-06,2.9337390969885746e-06,9.4834994968096e-08,,,,,,,,,,,
17,84999,,,,,,,,,,,,,,,2.904384018620476e-06,2.904384018620476e-06,9.38860793553431e-08,,,,,,,,,,,
17,85049,,,,,,,,,,,,,,,2.875172185667907e-06,2.875172185667907e-06,9.294178227037264e-08,,,,,,,,,,,
17,85099,,,,,,,,,,,,,,,2.8461033707571914e-06,2.8461033707571914e-06,9.20021250294667e-08,,,,,,,,,,,
17,85149,,,,,,,,,,,,,,,2.817178256009356e-06,2.817178256009356e-06,9.106709342177055e-08,,,,,,,,,,,
17,85199,,,,,,,,,,,,,,,2.7883966140507255e-06,2.7883966140507255e-06,9.013670876356628e-08,,,,,,,,,,,
17,85249,,,,,,,,,,,,,,,2.7597584448812995e-06,2.7597584448812995e-06,8.921096394942651e-08,,,,,,,,,,,
17,85299,,,,,,,,,,,,,,,2.7312637485010782e-06,2.7312637485010782e-06,8.828985897935127e-08,,,,,,,,,,,
17,85337,,,,,,,,,,,,,,,,,,0.7552507519721985,0.7808045148849487,0.40438419580459595,0.3583800196647644,0.5449556112289429,0.7808045148849487,0.40438419580459595,0.3583800196647644,0.5449556112289429,0.8053016662597656,0.7110573053359985
17,85337,9.59765911102295,9.54205322265625,9.582050323486328,9.591963768005371,9.590144157409668,9.536832809448242,1.3288335800170898,5.80777645111084,0.010807625949382782,0.054491933435201645,0.511405885219574,2.5700743198394775,0.19877569377422333,1.001120924949646,,,,,,,,,,,,,,
18,85349,,,,,,,,,,,,,,,2.7029129796574125e-06,2.7029129796574125e-06,8.737340095876789e-08,,,,,,,,,,,
18,85399,,,,,,,,,,,,,,,2.6747061383503024e-06,2.6747061383503024e-06,8.646158988767638e-08,,,,,,,,,,,
18,85449,,,,,,,,,,,,,,,2.6466429972060723e-06,2.6466429972060723e-06,8.55544328715041e-08,,,,,,,,,,,
18,85499,,,,,,,,,,,,,,,2.6187240109720733e-06,2.6187240109720733e-06,8.465193701567841e-08,,,,,,,,,,,
18,85549,,,,,,,,,,,,,,,2.59094895227463e-06,2.59094895227463e-06,8.375408810934459e-08,,,,,,,,,,,
18,85599,,,,,,,,,,,,,,,2.563318275861093e-06,2.563318275861093e-06,8.286090746878472e-08,,,,,,,,,,,
18,85649,,,,,,,,,,,,,,,2.535831754357787e-06,2.535831754357787e-06,8.197238798857143e-08,,,,,,,,,,,
18,85699,,,,,,,,,,,,,,,2.508489387764712e-06,2.508489387764712e-06,8.108852966870472e-08,,,,,,,,,,,
18,85749,,,,,,,,,,,,,,,2.4812916308292188e-06,2.4812916308292188e-06,8.020933961461196e-08,,,,,,,,,,,
18,85799,,,,,,,,,,,,,,,2.454238256177632e-06,2.454238256177632e-06,7.93348249317205e-08,,,,,,,,,,,
18,85849,,,,,,,,,,,,,,,2.4273294911836274e-06,2.4273294911836274e-06,7.846498562003035e-08,,,,,,,,,,,
18,85899,,,,,,,,,,,,,,,2.4005653358472046e-06,2.4005653358472046e-06,7.759981457411413e-08,,,,,,,,,,,
18,85949,,,,,,,,,,,,,,,2.373946017542039e-06,2.373946017542039e-06,7.673933311025394e-08,,,,,,,,,,,
18,85999,,,,,,,,,,,,,,,2.347471536268131e-06,2.347471536268131e-06,7.588352701759504e-08,,,,,,,,,,,
18,86049,,,,,,,,,,,,,,,2.32114189202548e-06,2.32114189202548e-06,7.503240340156481e-08,,,,,,,,,,,
18,86099,,,,,,,,,,,,,,,2.294957312187762e-06,2.294957312187762e-06,7.418596936759059e-08,,,,,,,,,,,
18,86149,,,,,,,,,,,,,,,2.2689177967549767e-06,2.2689177967549767e-06,7.334422491567238e-08,,,,,,,,,,,
18,86199,,,,,,,,,,,,,,,2.2430233457271243e-06,2.2430233457271243e-06,7.25071700458102e-08,,,,,,,,,,,
18,86249,,,,,,,,,,,,,,,2.21727418647788e-06,2.21727418647788e-06,7.167480475800403e-08,,,,,,,,,,,
18,86299,,,,,,,,,,,,,,,2.1916700916335685e-06,2.1916700916335685e-06,7.084714326310859e-08,,,,,,,,,,,
18,86349,,,,,,,,,,,,,,,2.1662115159415407e-06,2.1662115159415407e-06,7.002417845569653e-08,,,,,,,,,,,
18,86399,,,,,,,,,,,,,,,2.1408984594017966e-06,2.1408984594017966e-06,6.92059174411952e-08,,,,,,,,,,,
18,86449,,,,,,,,,,,,,,,2.115730922014336e-06,2.115730922014336e-06,6.83923602196046e-08,,,,,,,,,,,
18,86499,,,,,,,,,,,,,,,2.0907091311528347e-06,2.0907091311528347e-06,6.758351389635209e-08,,,,,,,,,,,
18,86549,,,,,,,,,,,,,,,2.065832859443617e-06,2.065832859443617e-06,6.677937136601031e-08,,,,,,,,,,,
18,86599,,,,,,,,,,,,,,,2.0411023342603585e-06,2.0411023342603585e-06,6.597993973400662e-08,,,,,,,,,,,
18,86649,,,,,,,,,,,,,,,2.016517555603059e-06,2.016517555603059e-06,6.518522610576838e-08,,,,,,,,,,,
18,86699,,,,,,,,,,,,,,,1.9920789782190695e-06,1.9920789782190695e-06,6.439523048129558e-08,,,,,,,,,,,
18,86749,,,,,,,,,,,,,,,1.967786147361039e-06,1.967786147361039e-06,6.360995286058824e-08,,,,,,,,,,,
18,86799,,,,,,,,,,,,,,,1.943639517776319e-06,1.943639517776319e-06,6.282939324364634e-08,,,,,,,,,,,
18,86849,,,,,,,,,,,,,,,1.919638862091233e-06,1.919638862091233e-06,6.205355873589724e-08,,,,,,,,,,,
18,86899,,,,,,,,,,,,,,,1.895784521366295e-06,1.895784521366295e-06,6.128244933734095e-08,,,,,,,,,,,
18,86949,,,,,,,,,,,,,,,1.8720763819146669e-06,1.8720763819146669e-06,6.051607215340482e-08,,,,,,,,,,,
18,86999,,,,,,,,,,,,,,,1.8485146711100242e-06,1.8485146711100242e-06,5.97544200786615e-08,,,,,,,,,,,
18,87049,,,,,,,,,,,,,,,1.8250992752655293e-06,1.8250992752655293e-06,5.899750732396569e-08,,,,,,,,,,,
18,87099,,,,,,,,,,,,,,,1.8018304217548575e-06,1.8018304217548575e-06,5.824532678389005e-08,,,,,,,,,,,
18,87149,,,,,,,,,,,,,,,1.7787082242648466e-06,1.7787082242648466e-06,5.749788201114825e-08,,,,,,,,,,,
18,87199,,,,,,,,,,,,,,,1.755732569108659e-06,1.755732569108659e-06,5.675518011116765e-08,,,,,,,,,,,
18,87249,,,,,,,,,,,,,,,1.7329035699731321e-06,1.7329035699731321e-06,5.601722108394824e-08,,,,,,,,,,,
18,87299,,,,,,,,,,,,,,,1.7102214542319416e-06,1.7102214542319416e-06,5.528400492949004e-08,,,,,,,,,,,
18,87349,,,,,,,,,,,,,,,1.6876861081982497e-06,1.6876861081982497e-06,5.455553520050671e-08,,,,,,,,,,,
18,87399,,,,,,,,,,,,,,,1.6652976455588941e-06,1.6652976455588941e-06,5.383181544971194e-08,,,,,,,,,,,
18,87449,,,,,,,,,,,,,,,1.6430562936875504e-06,1.6430562936875504e-06,5.31128492298194e-08,,,,,,,,,,,
18,87499,,,,,,,,,,,,,,,1.6209618252105429e-06,1.6209618252105429e-06,5.2398632988115423e-08,,,,,,,,,,,
18,87549,,,,,,,,,,,,,,,1.599014581188385e-06,1.599014581188385e-06,5.168917383002736e-08,,,,,,,,,,,
18,87599,,,,,,,,,,,,,,,1.5772144479342387e-06,1.5772144479342387e-06,5.0984471755555205e-08,,,,,,,,,,,
18,87649,,,,,,,,,,,,,,,1.5555616528217797e-06,1.5555616528217797e-06,5.028452676469897e-08,,,,,,,,,,,
18,87699,,,,,,,,,,,,,,,1.5340560821641702e-06,1.5340560821641702e-06,4.958934951559968e-08,,,,,,,,,,,
18,87749,,,,,,,,,,,,,,,1.5126979633350857e-06,1.5126979633350857e-06,4.8898932902829984e-08,,,,,,,,,,,
18,87799,,,,,,,,,,,,,,,1.4914871826476883e-06,1.4914871826476883e-06,4.821328047910356e-08,,,,,,,,,,,
18,87849,,,,,,,,,,,,,,,1.4704239674756536e-06,1.4704239674756536e-06,4.7532399349847765e-08,,,,,,,,,,,
18,87899,,,,,,,,,,,,,,,1.4495083178189816e-06,1.4495083178189816e-06,4.685628596234892e-08,,,,,,,,,,,
18,87949,,,,,,,,,,,,,,,1.42874034736451e-06,1.42874034736451e-06,4.6184947422034384e-08,,,,,,,,,,,
18,87999,,,,,,,,,,,,,,,1.4081200561122387e-06,1.4081200561122387e-06,4.5518383728904155e-08,,,,,,,,,,,
18,88049,,,,,,,,,,,,,,,1.3876474440621678e-06,1.3876474440621678e-06,4.4856594882958234e-08,,,,,,,,,,,
18,88099,,,,,,,,,,,,,,,1.3673227385879727e-06,1.3673227385879727e-06,4.41995844369103e-08,,,,,,,,,,,
18,88149,,,,,,,,,,,,,,,1.3471458260028157e-06,1.3471458260028157e-06,4.354735594347403e-08,,,,,,,,,,,
18,88199,,,,,,,,,,,,,,,1.3271169336803723e-06,1.3271169336803723e-06,4.289990940264943e-08,,,,,,,,,,,
18,88249,,,,,,,,,,,,,,,1.3072360616206424e-06,1.3072360616206424e-06,4.225724481443649e-08,,,,,,,,,,,
18,88299,,,,,,,,,,,,,,,1.287503209823626e-06,1.287503209823626e-06,4.1619369284262575e-08,,,,,,,,,,,
18,88349,,,,,,,,,,,,,,,1.267918491976161e-06,1.267918491976161e-06,4.0986279259414005e-08,,,,,,,,,,,
18,88399,,,,,,,,,,,,,,,1.248482021765085e-06,1.248482021765085e-06,4.0357981845318136e-08,,,,,,,,,,,
18,88449,,,,,,,,,,,,,,,1.2291936855035601e-06,1.2291936855035601e-06,3.973447704197497e-08,,,,,,,,,,,
18,88499,,,,,,,,,,,,,,,1.210053710565262e-06,1.210053710565262e-06,3.9115764849384504e-08,,,,,,,,,,,
18,88549,,,,,,,,,,,,,,,1.1910620969501906e-06,1.1910620969501906e-06,3.850184882026042e-08,,,,,,,,,,,
18,88599,,,,,,,,,,,,,,,1.1722189583451836e-06,1.1722189583451836e-06,3.789272895460272e-08,,,,,,,,,,,
18,88649,,,,,,,,,,,,,,,1.153524294750241e-06,1.153524294750241e-06,3.728841235783875e-08,,,,,,,,,,,
18,88699,,,,,,,,,,,,,,,1.134978106165363e-06,1.134978106165363e-06,3.6688895477254846e-08,,,,,,,,,,,
18,88749,,,,,,,,,,,,,,,1.116580506277387e-06,1.116580506277387e-06,3.609418186556468e-08,,,,,,,,,,,
18,88799,,,,,,,,,,,,,,,1.0983314950863132e-06,1.0983314950863132e-06,3.550427152276825e-08,,,,,,,,,,,
18,88849,,,,,,,,,,,,,,,1.080231299965817e-06,1.080231299965817e-06,3.4919171554292916e-08,,,,,,,,,,,
18,88899,,,,,,,,,,,,,,,1.0622798072290607e-06,1.0622798072290607e-06,3.4338878407425e-08,,,,,,,,,,,
18,88949,,,,,,,,,,,,,,,1.044477130562882e-06,1.044477130562882e-06,3.376339563487818e-08,,,,,,,,,,,
18,88999,,,,,,,,,,,,,,,1.0268233836541185e-06,1.0268233836541185e-06,3.3192723236652455e-08,,,,,,,,,,,
18,89049,,,,,,,,,,,,,,,1.0093184528159327e-06,1.0093184528159327e-06,3.2626868318175184e-08,,,,,,,,,,,
18,89099,,,,,,,,,,,,,,,9.91962565422e-07,9.91962565422e-07,3.206582732673269e-08,,,,,,,,,,,
18,89149,,,,,,,,,,,,,,,9.747556077854824e-07,9.747556077854824e-07,3.1509603815038645e-08,,,,,,,,,,,
18,89199,,,,,,,,,,,,,,,9.576978072800557e-07,9.576978072800557e-07,3.0958197783093055e-08,,,,,,,,,,,
18,89249,,,,,,,,,,,,,,,9.407891639057198e-07,9.407891639057198e-07,3.04116127836096e-08,,,,,,,,,,,
18,89299,,,,,,,,,,,,,,,9.240296776624746e-07,9.240296776624746e-07,2.986985236930195e-08,,,,,,,,,,,
18,89349,,,,,,,,,,,,,,,9.07419405393739e-07,9.07419405393739e-07,2.9332914763813278e-08,,,,,,,,,,,
18,89399,,,,,,,,,,,,,,,8.909584039429319e-07,8.909584039429319e-07,2.8800801743500415e-08,,,,,,,,,,,
18,89449,,,,,,,,,,,,,,,8.746467301534722e-07,8.746467301534722e-07,2.827351686107704e-08,,,,,,,,,,,
18,89499,,,,,,,,,,,,,,,8.584844977121975e-07,8.584844977121975e-07,2.7751061892899997e-08,,,,,,,,,,,
18,89549,,,,,,,,,,,,,,,8.42471649775689e-07,8.42471649775689e-07,2.7233436838969283e-08,,,,,,,,,,,
18,89599,,,,,,,,,,,,,,,8.266082431873656e-07,8.266082431873656e-07,2.6720643475641737e-08,,,,,,,,,,,
18,89649,,,,,,,,,,,,,,,8.108944484774838e-07,8.108944484774838e-07,2.62126835792742e-08,,,,,,,,,,,
18,89699,,,,,,,,,,,,,,,7.95330151959206e-07,7.95330151959206e-07,2.5709558926223508e-08,,,,,,,,,,,
18,89749,,,,,,,,,,,,,,,7.799155241627886e-07,7.799155241627886e-07,2.5211271292846504e-08,,,,,,,,,,,
18,89799,,,,,,,,,,,,,,,7.646505650882318e-07,7.646505650882318e-07,2.4717820679143188e-08,,,,,,,,,,,
18,89849,,,,,,,,,,,,,,,7.495353315789544e-07,7.495353315789544e-07,2.4229210637827236e-08,,,,,,,,,,,
18,89899,,,,,,,,,,,,,,,7.345698236349563e-07,7.345698236349563e-07,2.374544116889865e-08,,,,,,,,,,,
18,89949,,,,,,,,,,,,,,,7.197541549430753e-07,7.197541549430753e-07,2.326651582507111e-08,,,,,,,,,,,
18,89999,,,,,,,,,,,,,,,7.050883255033114e-07,7.050883255033114e-07,2.2792432829987774e-08,,,,,,,,,,,
18,90049,,,,,,,,,,,,,,,6.905723921590834e-07,6.905723921590834e-07,2.2323197512719162e-08,,,,,,,,,,,
18,90078,,,,,,,,,,,,,,,,,,0.753484308719635,0.7767854332923889,0.4035508930683136,0.35961151123046875,0.5430992841720581,0.7767854332923889,0.4035508930683136,0.35961151123046875,0.5430992841720581,0.8183538317680359,0.6981436610221863
18,90078,9.622126579284668,9.564385414123535,9.602642059326172,9.612924575805664,9.620386123657227,9.556554794311523,0.6749629974365234,5.7993974685668945,0.010818839073181152,0.05459873378276825,0.5099630355834961,2.561967611312866,0.1986922323703766,1.0015000104904175,,,,,,,,,,,,,,
19,90099,,,,,,,,,,,,,,,6.762064117538102e-07,6.762064117538102e-07,2.1858806320551594e-08,,,,,,,,,,,
19,90149,,,,,,,,,,,,,,,6.619904411309108e-07,6.619904411309108e-07,2.1399266358912428e-08,,,,,,,,,,,
19,90199,,,,,,,,,,,,,,,6.47924480290385e-07,6.47924480290385e-07,2.0944574075087985e-08,,,,,,,,,,,
19,90249,,,,,,,,,,,,,,,6.340085860756517e-07,6.340085860756517e-07,2.0494733021791944e-08,,,,,,,,,,,
19,90299,,,,,,,,,,,,,,,6.20242758486711e-07,6.20242758486711e-07,2.0049744975381145e-08,,,,,,,,,,,
19,90349,,,,,,,,,,,,,,,6.066271680538193e-07,6.066271680538193e-07,1.9609611712212427e-08,,,,,,,,,,,
19,90399,,,,,,,,,,,,,,,5.931617010901391e-07,5.931617010901391e-07,1.917433323228579e-08,,,,,,,,,,,
19,90449,,,,,,,,,,,,,,,5.798465281259269e-07,5.798465281259269e-07,1.8743911311958072e-08,,,,,,,,,,,
19,90499,,,,,,,,,,,,,,,5.666815923177637e-07,5.666815923177637e-07,1.8318345951229276e-08,,,,,,,,,,,
19,90549,,,,,,,,,,,,,,,5.536670073524874e-07,5.536670073524874e-07,1.7897640702813078e-08,,,,,,,,,,,
19,90599,,,,,,,,,,,,,,,5.40802773230098e-07,5.40802773230098e-07,1.748179556670948e-08,,,,,,,,,,,
19,90649,,,,,,,,,,,,,,,5.280888899505953e-07,5.280888899505953e-07,1.707081231927532e-08,,,,,,,,,,,
19,90699,,,,,,,,,,,,,,,5.155255280442361e-07,5.155255280442361e-07,1.6664692736867437e-08,,,,,,,,,,,
19,90749,,,,,,,,,,,,,,,5.031125738241826e-07,5.031125738241826e-07,1.6263436819485833e-08,,,,,,,,,,,
19,90799,,,,,,,,,,,,,,,4.908501409772725e-07,4.908501409772725e-07,1.5867046343487345e-08,,,,,,,,,,,
19,90849,,,,,,,,,,,,,,,4.787382863469247e-07,4.787382863469247e-07,1.5475521308871976e-08,,,,,,,,,,,
19,90899,,,,,,,,,,,,,,,4.6677698151142977e-07,4.6677698151142977e-07,1.5088865268353402e-08,,,,,,,,,,,
19,90949,,,,,,,,,,,,,,,4.5496631173591595e-07,4.5496631173591595e-07,1.4707078221931624e-08,,,,,,,,,,,
19,90999,,,,,,,,,,,,,,,4.433063054420927e-07,4.433063054420927e-07,1.4330161057785062e-08,,,,,,,,,,,
19,91049,,,,,,,,,,,,,,,4.3179699105166947e-07,4.3179699105166947e-07,1.3958115552270556e-08,,,,,,,,,,,
19,91099,,,,,,,,,,,,,,,4.204384254080651e-07,4.204384254080651e-07,1.3590941705388104e-08,,,,,,,,,,,
19,91149,,,,,,,,,,,,,,,4.0923060851127957e-07,4.0923060851127957e-07,1.3228641293494547e-08,,,,,,,,,,,
19,91199,,,,,,,,,,,,,,,3.9817356878302235e-07,3.9817356878302235e-07,1.2871216092946725e-08,,,,,,,,,,,
19,91249,,,,,,,,,,,,,,,3.872673914884217e-07,3.872673914884217e-07,1.2518666991923055e-08,,,,,,,,,,,
19,91299,,,,,,,,,,,,,,,3.765120482057682e-07,3.765120482057682e-07,1.217099399042354e-08,,,,,,,,,,,
19,91349,,,,,,,,,,,,,,,3.659076242001902e-07,3.659076242001902e-07,1.1828198864805017e-08,,,,,,,,,,,
19,91399,,,,,,,,,,,,,,,3.554541194716876e-07,3.554541194716876e-07,1.1490282503245908e-08,,,,,,,,,,,
19,91449,,,,,,,,,,,,,,,3.4515156244196987e-07,3.4515156244196987e-07,1.115724579392463e-08,,,,,,,,,,,
19,91499,,,,,,,,,,,,,,,3.350000099544559e-07,3.350000099544559e-07,1.0829090513198025e-08,,,,,,,,,,,
19,91549,,,,,,,,,,,,,,,3.249994904308551e-07,3.249994904308551e-07,1.0505817549244512e-08,,,,,,,,,,,
19,91599,,,,,,,,,,,,,,,3.1515003229287686e-07,3.1515003229287686e-07,1.018742690206409e-08,,,,,,,,,,,
19,91649,,,,,,,,,,,,,,,3.0545163554052124e-07,3.0545163554052124e-07,9.873919459835179e-09,,,,,,,,,,,
19,91699,,,,,,,,,,,,,,,2.959043570172071e-07,2.959043570172071e-07,9.565297887093038e-09,,,,,,,,,,,
19,91749,,,,,,,,,,,,,,,2.865082251446438e-07,2.865082251446438e-07,9.261562183837668e-09,,,,,,,,,,,
19,91799,,,,,,,,,,,,,,,2.772632399228314e-07,2.772632399228314e-07,8.962712350069069e-09,,,,,,,,,,,
19,91849,,,,,,,,,,,,,,,2.681694866168982e-07,2.681694866168982e-07,8.668750162144079e-09,,,,,,,,,,,
19,91899,,,,,,,,,,,,,,,2.5922693680513476e-07,2.5922693680513476e-07,8.379677396419538e-09,,,,,,,,,,,
19,91949,,,,,,,,,,,,,,,2.504356473309599e-07,2.504356473309599e-07,8.095493164717027e-09,,,,,,,,,,,
19,91999,,,,,,,,,,,,,,,2.417956466160831e-07,2.417956466160831e-07,7.816199243393385e-09,,,,,,,,,,,
19,92049,,,,,,,,,,,,,,,2.3330693466050434e-07,2.3330693466050434e-07,7.541796520627031e-09,,,,,,,,,,,
19,92099,,,,,,,,,,,,,,,2.2496956830764248e-07,2.2496956830764248e-07,7.2722858845963856e-09,,,,,,,,,,,
19,92149,,,,,,,,,,,,,,,2.1678356176835223e-07,2.1678356176835223e-07,7.007667779390658e-09,,,,,,,,,,,
19,92199,,,,,,,,,,,,,,,2.0874892925348831e-07,2.0874892925348831e-07,6.747943093188269e-09,,,,,,,,,,,
19,92249,,,,,,,,,,,,,,,2.0086571339561488e-07,2.0086571339561488e-07,6.493112714167637e-09,,,,,,,,,,,
19,92299,,,,,,,,,,,,,,,1.9313391419473191e-07,1.9313391419473191e-07,6.243177974596392e-09,,,,,,,,,,,
19,92349,,,,,,,,,,,,,,,1.8555357428340358e-07,1.8555357428340358e-07,5.998138430385325e-09,,,,,,,,,,,
19,92399,,,,,,,,,,,,,,,1.781247220833393e-07,1.781247220833393e-07,5.757995857891274e-09,,,,,,,,,,,
19,92449,,,,,,,,,,,,,,,1.7084735759453906e-07,1.7084735759453906e-07,5.522750701203449e-09,,,,,,,,,,,
19,92499,,,,,,,,,,,,,,,1.6372152344956703e-07,1.6372152344956703e-07,5.292403404411061e-09,,,,,,,,,,,
19,92549,,,,,,,,,,,,,,,1.567472196484232e-07,1.567472196484232e-07,5.066954855692529e-09,,,,,,,,,,,
19,92599,,,,,,,,,,,,,,,1.4992450303452642e-07,1.4992450303452642e-07,4.846405499137063e-09,,,,,,,,,,,
19,92649,,,,,,,,,,,,,,,1.43253359397022e-07,1.43253359397022e-07,4.630756667012292e-09,,,,,,,,,,,
19,92699,,,,,,,,,,,,,,,1.3673381715761934e-07,1.3673381715761934e-07,4.420008359318217e-09,,,,,,,,,,,
19,92749,,,,,,,,,,,,,,,1.303659047380279e-07,1.303659047380279e-07,4.214161464233257e-09,,,,,,,,,,,
19,92799,,,,,,,,,,,,,,,1.2414963634910237e-07,1.2414963634910237e-07,4.013216869935832e-09,,,,,,,,,,,
19,92849,,,,,,,,,,,,,,,1.1808504041255219e-07,1.1808504041255219e-07,3.817174576425941e-09,,,,,,,,,,,
19,92899,,,,,,,,,,,,,,,1.1217211692837736e-07,1.1217211692837736e-07,3.6260356939266103e-09,,,,,,,,,,,
19,92949,,,,,,,,,,,,,,,1.0641090142371468e-07,1.0641090142371468e-07,3.4398006665270486e-09,,,,,,,,,,,
19,92999,,,,,,,,,,,,,,,1.0080140100399149e-07,1.0080140100399149e-07,3.258469938316466e-09,,,,,,,,,,,
19,93049,,,,,,,,,,,,,,,9.534362988006251e-08,9.534362988006251e-08,3.0820441754286776e-09,,,,,,,,,,,
19,93099,,,,,,,,,,,,,,,9.003761647363717e-08,9.003761647363717e-08,2.910523821952893e-09,,,,,,,,,,,
19,93149,,,,,,,,,,,,,,,8.488337499557019e-08,8.488337499557019e-08,2.7439095440229266e-09,,,,,,,,,,,
19,93199,,,,,,,,,,,,,,,7.988090544586157e-08,7.988090544586157e-08,2.582201563683384e-09,,,,,,,,,,,
19,93249,,,,,,,,,,,,,,,7.50302433516481e-08,7.50302433516481e-08,2.4254007691126844e-09,,,,,,,,,,,
19,93299,,,,,,,,,,,,,,,7.033139581835712e-08,7.033139581835712e-08,2.273507382355433e-09,,,,,,,,,,,
19,93349,,,,,,,,,,,,,,,6.578436995141601e-08,6.578436995141601e-08,2.1265220695454445e-09,,,,,,,,,,,
19,93399,,,,,,,,,,,,,,,6.138918706710683e-08,6.138918706710683e-08,1.984445052727324e-09,,,,,,,,,,,
19,93449,,,,,,,,,,,,,,,5.714586492899798e-08,5.714586492899798e-08,1.8472767759902808e-09,,,,,,,,,,,
19,93499,,,,,,,,,,,,,,,5.3054407089803135e-08,5.3054407089803135e-08,1.7150176834235253e-09,,,,,,,,,,,
19,93549,,,,,,,,,,,,,,,4.911482776037701e-08,4.911482776037701e-08,1.5876683301385697e-09,,,,,,,,,,,
19,93599,,,,,,,,,,,,,,,4.5327141151574324e-08,4.5327141151574324e-08,1.4652289381800188e-09,,,,,,,,,,,
19,93649,,,,,,,,,,,,,,,4.169136147424979e-08,4.169136147424979e-08,1.3476999516370824e-09,,,,,,,,,,,
19,93699,,,,,,,,,,,,,,,3.8207492281117084e-08,3.8207492281117084e-08,1.2350817035766681e-09,,,,,,,,,,,
19,93749,,,,,,,,,,,,,,,3.4875551335744603e-08,3.4875551335744603e-08,1.1273746380879857e-09,,,,,,,,,,,
19,93799,,,,,,,,,,,,,,,3.1695545743559705e-08,3.1695545743559705e-08,1.0245788661933375e-09,,,,,,,,,,,
19,93849,,,,,,,,,,,,,,,2.8667484386346587e-08,2.8667484386346587e-08,9.266948319819335e-10,,,,,,,,,,,
19,93899,,,,,,,,,,,,,,,2.5791379698603123e-08,2.5791379698603123e-08,8.33722868520681e-10,,,,,,,,,,,
19,93949,,,,,,,,,,,,,,,2.3067235233042993e-08,2.3067235233042993e-08,7.45663197854185e-10,,,,,,,,,,,
19,93999,,,,,,,,,,,,,,,2.0495063424164073e-08,2.0495063424164073e-08,6.625160975382016e-10,,,,,,,,,,,
19,94049,,,,,,,,,,,,,,,1.807487137739372e-08,1.807487137739372e-08,5.84281845128487e-10,,,,,,,,,,,
19,94099,,,,,,,,,,,,,,,1.580666619815929e-08,1.580666619815929e-08,5.109606626696461e-10,,,,,,,,,,,
19,94149,,,,,,,,,,,,,,,1.3690454103709726e-08,1.3690454103709726e-08,4.4255271669513263e-10,,,,,,,,,,,
19,94199,,,,,,,,,,,,,,,1.1726242199472381e-08,1.1726242199472381e-08,3.790583125162783e-10,,,,,,,,,,,
19,94249,,,,,,,,,,,,,,,9.914036702696194e-09,9.914036702696194e-09,3.2047758891096123e-10,,,,,,,,,,,
19,94299,,,,,,,,,,,,,,,8.253842054273264e-09,8.253842054273264e-09,2.668107401682107e-10,,,,,,,,,,,
19,94349,,,,,,,,,,,,,,,6.7456635832741085e-09,6.7456635832741085e-09,2.1805790506590483e-10,,,,,,,,,,,
19,94399,,,,,,,,,,,,,,,5.389507062858456e-09,5.389507062858456e-09,1.742192640152851e-10,,,,,,,,,,,
19,94449,,,,,,,,,,,,,,,4.185375157561566e-09,4.185375157561566e-09,1.3529494191644176e-10,,,,,,,,,,,
19,94499,,,,,,,,,,,,,,,3.1332725303201414e-09,3.1332725303201414e-09,1.0128504285278339e-10,,,,,,,,,,,
19,94549,,,,,,,,,,,,,,,2.2332018456694414e-09,2.2332018456694414e-09,7.218968478550636e-11,,,,,,,,,,,
19,94599,,,,,,,,,,,,,,,1.4851661012116324e-09,1.4851661012116324e-09,4.8008947511890554e-11,,,,,,,,,,,
19,94649,,,,,,,,,,,,,,,8.891674618816126e-10,8.891674618816126e-10,2.8742909094492397e-11,,,,,,,,,,,
19,94699,,,,,,,,,,,,,,,4.4520775954737246e-10,4.4520775954737246e-10,1.4391626779186595e-11,,,,,,,,,,,
19,94749,,,,,,,,,,,,,,,1.5328834035432948e-10,1.5328834035432948e-10,4.955143934060047e-12,,,,,,,,,,,
19,94799,,,,,,,,,,,,,,,1.3410075133668542e-11,1.3410075133668542e-11,4.334892904703236e-13,,,,,,,,,,,
19,94819,,,,,,,,,,,,,,,,,,0.7517421841621399,0.7760912179946899,0.4033195972442627,0.3598978817462921,0.5451977252960205,0.7760912179946899,0.4033195972442627,0.3598978817462921,0.5451977252960205,0.8164616823196411,0.6965294480323792
19,94819,9.650443077087402,9.594890594482422,9.634571075439453,9.639870643615723,9.650970458984375,9.594099044799805,0.7593334317207336,5.805206775665283,0.01076569501310587,0.05428268760442734,0.5098209381103516,2.5608115196228027,0.19950905442237854,1.0051584243774414,,,,,,,,,,,,,,
